c,z,y,q,d,t,value
Libya,Libya,2026,m1,d1,t1,269.68
Libya,Libya,2026,m1,d1,t10,269.68
Libya,Libya,2026,m1,d1,t11,269.68
Libya,Libya,2026,m1,d1,t12,269.68
Libya,Libya,2026,m1,d1,t13,269.68
Libya,Libya,2026,m1,d1,t14,269.68
Libya,Libya,2026,m1,d1,t15,269.68
Libya,Libya,2026,m1,d1,t16,269.68
Libya,Libya,2026,m1,d1,t17,269.68
Libya,Libya,2026,m1,d1,t18,269.68
Libya,Libya,2026,m1,d1,t19,269.68
Libya,Libya,2026,m1,d1,t2,269.68
Libya,Libya,2026,m1,d1,t20,269.68
Libya,Libya,2026,m1,d1,t21,269.68
Libya,Libya,2026,m1,d1,t22,269.68
Libya,Libya,2026,m1,d1,t23,269.68
Libya,Libya,2026,m1,d1,t24,269.68
Libya,Libya,2026,m1,d1,t3,269.68
Libya,Libya,2026,m1,d1,t4,269.68
Libya,Libya,2026,m1,d1,t5,269.68
Libya,Libya,2026,m1,d1,t6,269.68
Libya,Libya,2026,m1,d1,t7,269.68
Libya,Libya,2026,m1,d1,t8,269.68
Libya,Libya,2026,m1,d1,t9,269.68
Libya,Libya,2026,m10,d1,t1,269.68
Libya,Libya,2026,m10,d1,t10,269.68
Libya,Libya,2026,m10,d1,t11,269.68
Libya,Libya,2026,m10,d1,t12,269.68
Libya,Libya,2026,m10,d1,t13,269.68
Libya,Libya,2026,m10,d1,t14,269.68
Libya,Libya,2026,m10,d1,t15,269.68
Libya,Libya,2026,m10,d1,t16,269.68
Libya,Libya,2026,m10,d1,t17,269.68
Libya,Libya,2026,m10,d1,t18,269.68
Libya,Libya,2026,m10,d1,t19,269.68
Libya,Libya,2026,m10,d1,t2,269.68
Libya,Libya,2026,m10,d1,t20,269.68
Libya,Libya,2026,m10,d1,t21,269.68
Libya,Libya,2026,m10,d1,t22,269.68
Libya,Libya,2026,m10,d1,t23,269.68
Libya,Libya,2026,m10,d1,t24,269.68
Libya,Libya,2026,m10,d1,t3,269.68
Libya,Libya,2026,m10,d1,t4,269.68
Libya,Libya,2026,m10,d1,t5,269.68
Libya,Libya,2026,m10,d1,t6,269.68
Libya,Libya,2026,m10,d1,t7,269.68
Libya,Libya,2026,m10,d1,t8,269.68
Libya,Libya,2026,m10,d1,t9,269.68
Libya,Libya,2026,m11,d1,t1,269.68000000000006
Libya,Libya,2026,m11,d1,t10,269.68000000000006
Libya,Libya,2026,m11,d1,t11,269.68000000000006
Libya,Libya,2026,m11,d1,t12,269.68000000000006
Libya,Libya,2026,m11,d1,t13,269.68000000000006
Libya,Libya,2026,m11,d1,t14,269.68000000000006
Libya,Libya,2026,m11,d1,t15,269.68000000000006
Libya,Libya,2026,m11,d1,t16,269.68000000000006
Libya,Libya,2026,m11,d1,t17,269.68000000000006
Libya,Libya,2026,m11,d1,t18,269.68000000000006
Libya,Libya,2026,m11,d1,t19,269.68000000000006
Libya,Libya,2026,m11,d1,t2,269.68000000000006
Libya,Libya,2026,m11,d1,t20,269.68000000000006
Libya,Libya,2026,m11,d1,t21,269.68000000000006
Libya,Libya,2026,m11,d1,t22,269.68000000000006
Libya,Libya,2026,m11,d1,t23,269.68000000000006
Libya,Libya,2026,m11,d1,t24,269.68000000000006
Libya,Libya,2026,m11,d1,t3,269.68000000000006
Libya,Libya,2026,m11,d1,t4,269.68000000000006
Libya,Libya,2026,m11,d1,t5,269.68000000000006
Libya,Libya,2026,m11,d1,t6,269.68000000000006
Libya,Libya,2026,m11,d1,t7,269.68000000000006
Libya,Libya,2026,m11,d1,t8,269.68000000000006
Libya,Libya,2026,m11,d1,t9,269.68000000000006
Libya,Libya,2026,m12,d1,t1,269.68
Libya,Libya,2026,m12,d1,t10,269.68
Libya,Libya,2026,m12,d1,t11,269.68
Libya,Libya,2026,m12,d1,t12,269.68
Libya,Libya,2026,m12,d1,t13,269.68
Libya,Libya,2026,m12,d1,t14,269.68
Libya,Libya,2026,m12,d1,t15,269.68
Libya,Libya,2026,m12,d1,t16,269.68
Libya,Libya,2026,m12,d1,t17,269.68
Libya,Libya,2026,m12,d1,t18,269.68
Libya,Libya,2026,m12,d1,t19,269.68
Libya,Libya,2026,m12,d1,t2,269.68
Libya,Libya,2026,m12,d1,t20,269.68
Libya,Libya,2026,m12,d1,t21,269.68
Libya,Libya,2026,m12,d1,t22,269.68
Libya,Libya,2026,m12,d1,t23,269.68
Libya,Libya,2026,m12,d1,t24,269.68
Libya,Libya,2026,m12,d1,t3,269.68
Libya,Libya,2026,m12,d1,t4,269.68
Libya,Libya,2026,m12,d1,t5,269.68
Libya,Libya,2026,m12,d1,t6,269.68
Libya,Libya,2026,m12,d1,t7,269.68
Libya,Libya,2026,m12,d1,t8,269.68
Libya,Libya,2026,m12,d1,t9,269.68
Libya,Libya,2026,m2,d1,t1,269.68
Libya,Libya,2026,m2,d1,t10,269.68
Libya,Libya,2026,m2,d1,t11,269.68
Libya,Libya,2026,m2,d1,t12,269.68
Libya,Libya,2026,m2,d1,t13,269.68
Libya,Libya,2026,m2,d1,t14,269.68
Libya,Libya,2026,m2,d1,t15,269.68
Libya,Libya,2026,m2,d1,t16,269.68
Libya,Libya,2026,m2,d1,t17,269.68
Libya,Libya,2026,m2,d1,t18,269.68
Libya,Libya,2026,m2,d1,t19,269.68
Libya,Libya,2026,m2,d1,t2,269.68
Libya,Libya,2026,m2,d1,t20,269.68
Libya,Libya,2026,m2,d1,t21,269.68
Libya,Libya,2026,m2,d1,t22,269.68
Libya,Libya,2026,m2,d1,t23,269.68
Libya,Libya,2026,m2,d1,t24,269.68
Libya,Libya,2026,m2,d1,t3,269.68
Libya,Libya,2026,m2,d1,t4,269.68
Libya,Libya,2026,m2,d1,t5,269.68
Libya,Libya,2026,m2,d1,t6,269.68
Libya,Libya,2026,m2,d1,t7,269.68
Libya,Libya,2026,m2,d1,t8,269.68
Libya,Libya,2026,m2,d1,t9,269.68
Libya,Libya,2026,m3,d1,t1,269.68
Libya,Libya,2026,m3,d1,t10,269.68
Libya,Libya,2026,m3,d1,t11,269.68
Libya,Libya,2026,m3,d1,t12,269.68
Libya,Libya,2026,m3,d1,t13,269.68
Libya,Libya,2026,m3,d1,t14,269.68
Libya,Libya,2026,m3,d1,t15,269.68
Libya,Libya,2026,m3,d1,t16,269.68
Libya,Libya,2026,m3,d1,t17,269.68
Libya,Libya,2026,m3,d1,t18,269.68
Libya,Libya,2026,m3,d1,t19,269.68
Libya,Libya,2026,m3,d1,t2,269.68
Libya,Libya,2026,m3,d1,t20,269.68
Libya,Libya,2026,m3,d1,t21,269.68
Libya,Libya,2026,m3,d1,t22,269.68
Libya,Libya,2026,m3,d1,t23,269.68
Libya,Libya,2026,m3,d1,t24,269.68
Libya,Libya,2026,m3,d1,t3,269.68
Libya,Libya,2026,m3,d1,t4,269.68
Libya,Libya,2026,m3,d1,t5,269.68
Libya,Libya,2026,m3,d1,t6,269.68
Libya,Libya,2026,m3,d1,t7,269.68
Libya,Libya,2026,m3,d1,t8,269.68
Libya,Libya,2026,m3,d1,t9,269.68
Libya,Libya,2026,m4,d1,t1,269.68000000000006
Libya,Libya,2026,m4,d1,t10,269.68000000000006
Libya,Libya,2026,m4,d1,t11,269.68000000000006
Libya,Libya,2026,m4,d1,t12,269.68000000000006
Libya,Libya,2026,m4,d1,t13,269.68000000000006
Libya,Libya,2026,m4,d1,t14,269.68000000000006
Libya,Libya,2026,m4,d1,t15,269.68000000000006
Libya,Libya,2026,m4,d1,t16,269.68000000000006
Libya,Libya,2026,m4,d1,t17,269.68000000000006
Libya,Libya,2026,m4,d1,t18,269.68000000000006
Libya,Libya,2026,m4,d1,t19,269.68000000000006
Libya,Libya,2026,m4,d1,t2,269.68000000000006
Libya,Libya,2026,m4,d1,t20,269.68000000000006
Libya,Libya,2026,m4,d1,t21,269.68000000000006
Libya,Libya,2026,m4,d1,t22,269.68000000000006
Libya,Libya,2026,m4,d1,t23,269.68000000000006
Libya,Libya,2026,m4,d1,t24,269.68000000000006
Libya,Libya,2026,m4,d1,t3,269.68000000000006
Libya,Libya,2026,m4,d1,t4,269.68000000000006
Libya,Libya,2026,m4,d1,t5,269.68000000000006
Libya,Libya,2026,m4,d1,t6,269.68000000000006
Libya,Libya,2026,m4,d1,t7,269.68000000000006
Libya,Libya,2026,m4,d1,t8,269.68000000000006
Libya,Libya,2026,m4,d1,t9,269.68000000000006
Libya,Libya,2026,m5,d1,t1,269.68
Libya,Libya,2026,m5,d1,t10,269.68
Libya,Libya,2026,m5,d1,t11,269.68
Libya,Libya,2026,m5,d1,t12,269.68
Libya,Libya,2026,m5,d1,t13,269.68
Libya,Libya,2026,m5,d1,t14,269.68
Libya,Libya,2026,m5,d1,t15,269.68
Libya,Libya,2026,m5,d1,t16,269.68
Libya,Libya,2026,m5,d1,t17,269.68
Libya,Libya,2026,m5,d1,t18,269.68
Libya,Libya,2026,m5,d1,t19,269.68
Libya,Libya,2026,m5,d1,t2,269.68
Libya,Libya,2026,m5,d1,t20,269.68
Libya,Libya,2026,m5,d1,t21,269.68
Libya,Libya,2026,m5,d1,t22,269.68
Libya,Libya,2026,m5,d1,t23,269.68
Libya,Libya,2026,m5,d1,t24,269.68
Libya,Libya,2026,m5,d1,t3,269.68
Libya,Libya,2026,m5,d1,t4,269.68
Libya,Libya,2026,m5,d1,t5,269.68
Libya,Libya,2026,m5,d1,t6,269.68
Libya,Libya,2026,m5,d1,t7,269.68
Libya,Libya,2026,m5,d1,t8,269.68
Libya,Libya,2026,m5,d1,t9,269.68
Libya,Libya,2026,m6,d1,t1,269.68000000000006
Libya,Libya,2026,m6,d1,t10,269.68000000000006
Libya,Libya,2026,m6,d1,t11,269.68000000000006
Libya,Libya,2026,m6,d1,t12,269.68000000000006
Libya,Libya,2026,m6,d1,t13,269.68000000000006
Libya,Libya,2026,m6,d1,t14,269.68000000000006
Libya,Libya,2026,m6,d1,t15,269.68000000000006
Libya,Libya,2026,m6,d1,t16,269.68000000000006
Libya,Libya,2026,m6,d1,t17,269.68000000000006
Libya,Libya,2026,m6,d1,t18,269.68000000000006
Libya,Libya,2026,m6,d1,t19,269.68000000000006
Libya,Libya,2026,m6,d1,t2,269.68000000000006
Libya,Libya,2026,m6,d1,t20,269.68000000000006
Libya,Libya,2026,m6,d1,t21,269.68000000000006
Libya,Libya,2026,m6,d1,t22,269.68000000000006
Libya,Libya,2026,m6,d1,t23,269.68000000000006
Libya,Libya,2026,m6,d1,t24,269.68000000000006
Libya,Libya,2026,m6,d1,t3,269.68000000000006
Libya,Libya,2026,m6,d1,t4,269.68000000000006
Libya,Libya,2026,m6,d1,t5,269.68000000000006
Libya,Libya,2026,m6,d1,t6,269.68000000000006
Libya,Libya,2026,m6,d1,t7,269.68000000000006
Libya,Libya,2026,m6,d1,t8,269.68000000000006
Libya,Libya,2026,m6,d1,t9,269.68000000000006
Libya,Libya,2026,m7,d1,t1,269.68
Libya,Libya,2026,m7,d1,t10,269.68
Libya,Libya,2026,m7,d1,t11,269.68
Libya,Libya,2026,m7,d1,t12,269.68
Libya,Libya,2026,m7,d1,t13,269.68
Libya,Libya,2026,m7,d1,t14,269.68
Libya,Libya,2026,m7,d1,t15,269.68
Libya,Libya,2026,m7,d1,t16,269.68
Libya,Libya,2026,m7,d1,t17,269.68
Libya,Libya,2026,m7,d1,t18,269.68
Libya,Libya,2026,m7,d1,t19,269.68
Libya,Libya,2026,m7,d1,t2,269.68
Libya,Libya,2026,m7,d1,t20,269.68
Libya,Libya,2026,m7,d1,t21,269.68
Libya,Libya,2026,m7,d1,t22,269.68
Libya,Libya,2026,m7,d1,t23,269.68
Libya,Libya,2026,m7,d1,t24,269.68
Libya,Libya,2026,m7,d1,t3,269.68
Libya,Libya,2026,m7,d1,t4,269.68
Libya,Libya,2026,m7,d1,t5,269.68
Libya,Libya,2026,m7,d1,t6,269.68
Libya,Libya,2026,m7,d1,t7,269.68
Libya,Libya,2026,m7,d1,t8,269.68
Libya,Libya,2026,m7,d1,t9,269.68
Libya,Libya,2026,m8,d1,t1,269.88
Libya,Libya,2026,m8,d1,t10,269.88
Libya,Libya,2026,m8,d1,t11,269.88
Libya,Libya,2026,m8,d1,t12,269.88
Libya,Libya,2026,m8,d1,t13,269.88
Libya,Libya,2026,m8,d1,t14,269.88
Libya,Libya,2026,m8,d1,t15,269.88
Libya,Libya,2026,m8,d1,t16,269.88
Libya,Libya,2026,m8,d1,t17,269.88
Libya,Libya,2026,m8,d1,t18,269.88
Libya,Libya,2026,m8,d1,t19,269.88
Libya,Libya,2026,m8,d1,t2,269.88
Libya,Libya,2026,m8,d1,t20,269.88
Libya,Libya,2026,m8,d1,t21,269.88
Libya,Libya,2026,m8,d1,t22,269.88
Libya,Libya,2026,m8,d1,t23,269.88
Libya,Libya,2026,m8,d1,t24,269.88
Libya,Libya,2026,m8,d1,t3,269.88
Libya,Libya,2026,m8,d1,t4,269.88
Libya,Libya,2026,m8,d1,t5,269.88
Libya,Libya,2026,m8,d1,t6,269.88
Libya,Libya,2026,m8,d1,t7,269.88
Libya,Libya,2026,m8,d1,t8,269.88
Libya,Libya,2026,m8,d1,t9,269.88
Libya,Libya,2026,m9,d1,t1,269.68000000000006
Libya,Libya,2026,m9,d1,t10,269.68000000000006
Libya,Libya,2026,m9,d1,t11,269.68000000000006
Libya,Libya,2026,m9,d1,t12,269.68000000000006
Libya,Libya,2026,m9,d1,t13,269.68000000000006
Libya,Libya,2026,m9,d1,t14,269.68000000000006
Libya,Libya,2026,m9,d1,t15,269.68000000000006
Libya,Libya,2026,m9,d1,t16,269.68000000000006
Libya,Libya,2026,m9,d1,t17,269.68000000000006
Libya,Libya,2026,m9,d1,t18,269.68000000000006
Libya,Libya,2026,m9,d1,t19,269.68000000000006
Libya,Libya,2026,m9,d1,t2,269.68000000000006
Libya,Libya,2026,m9,d1,t20,269.68000000000006
Libya,Libya,2026,m9,d1,t21,269.68000000000006
Libya,Libya,2026,m9,d1,t22,269.68000000000006
Libya,Libya,2026,m9,d1,t23,269.68000000000006
Libya,Libya,2026,m9,d1,t24,269.68000000000006
Libya,Libya,2026,m9,d1,t3,269.68000000000006
Libya,Libya,2026,m9,d1,t4,269.68000000000006
Libya,Libya,2026,m9,d1,t5,269.68000000000006
Libya,Libya,2026,m9,d1,t6,269.68000000000006
Libya,Libya,2026,m9,d1,t7,269.68000000000006
Libya,Libya,2026,m9,d1,t8,269.68000000000006
Libya,Libya,2026,m9,d1,t9,269.68000000000006
Libya,Libya,2027,m1,d1,t1,288.31
Libya,Libya,2027,m1,d1,t10,288.31
Libya,Libya,2027,m1,d1,t11,288.31
Libya,Libya,2027,m1,d1,t12,288.31
Libya,Libya,2027,m1,d1,t13,288.31
Libya,Libya,2027,m1,d1,t14,288.31
Libya,Libya,2027,m1,d1,t15,288.31
Libya,Libya,2027,m1,d1,t16,288.31
Libya,Libya,2027,m1,d1,t17,288.31
Libya,Libya,2027,m1,d1,t18,288.31
Libya,Libya,2027,m1,d1,t19,288.31
Libya,Libya,2027,m1,d1,t2,288.31
Libya,Libya,2027,m1,d1,t20,288.31
Libya,Libya,2027,m1,d1,t21,288.31
Libya,Libya,2027,m1,d1,t22,288.31
Libya,Libya,2027,m1,d1,t23,288.31
Libya,Libya,2027,m1,d1,t24,288.31
Libya,Libya,2027,m1,d1,t3,288.31
Libya,Libya,2027,m1,d1,t4,288.31
Libya,Libya,2027,m1,d1,t5,288.31
Libya,Libya,2027,m1,d1,t6,288.31
Libya,Libya,2027,m1,d1,t7,288.31
Libya,Libya,2027,m1,d1,t8,288.31
Libya,Libya,2027,m1,d1,t9,288.31
Libya,Libya,2027,m10,d1,t1,288.31
Libya,Libya,2027,m10,d1,t10,288.31
Libya,Libya,2027,m10,d1,t11,288.31
Libya,Libya,2027,m10,d1,t12,288.31
Libya,Libya,2027,m10,d1,t13,288.31
Libya,Libya,2027,m10,d1,t14,288.31
Libya,Libya,2027,m10,d1,t15,288.31
Libya,Libya,2027,m10,d1,t16,288.31
Libya,Libya,2027,m10,d1,t17,288.31
Libya,Libya,2027,m10,d1,t18,288.31
Libya,Libya,2027,m10,d1,t19,288.31
Libya,Libya,2027,m10,d1,t2,288.31
Libya,Libya,2027,m10,d1,t20,288.31
Libya,Libya,2027,m10,d1,t21,288.31
Libya,Libya,2027,m10,d1,t22,288.31
Libya,Libya,2027,m10,d1,t23,288.31
Libya,Libya,2027,m10,d1,t24,288.31
Libya,Libya,2027,m10,d1,t3,288.31
Libya,Libya,2027,m10,d1,t4,288.31
Libya,Libya,2027,m10,d1,t5,288.31
Libya,Libya,2027,m10,d1,t6,288.31
Libya,Libya,2027,m10,d1,t7,288.31
Libya,Libya,2027,m10,d1,t8,288.31
Libya,Libya,2027,m10,d1,t9,288.31
Libya,Libya,2027,m11,d1,t1,288.31
Libya,Libya,2027,m11,d1,t10,288.31
Libya,Libya,2027,m11,d1,t11,288.31
Libya,Libya,2027,m11,d1,t12,288.31
Libya,Libya,2027,m11,d1,t13,288.31
Libya,Libya,2027,m11,d1,t14,288.31
Libya,Libya,2027,m11,d1,t15,288.31
Libya,Libya,2027,m11,d1,t16,288.31
Libya,Libya,2027,m11,d1,t17,288.31
Libya,Libya,2027,m11,d1,t18,288.31
Libya,Libya,2027,m11,d1,t19,288.31
Libya,Libya,2027,m11,d1,t2,288.31
Libya,Libya,2027,m11,d1,t20,288.31
Libya,Libya,2027,m11,d1,t21,288.31
Libya,Libya,2027,m11,d1,t22,288.31
Libya,Libya,2027,m11,d1,t23,288.31
Libya,Libya,2027,m11,d1,t24,288.31
Libya,Libya,2027,m11,d1,t3,288.31
Libya,Libya,2027,m11,d1,t4,288.31
Libya,Libya,2027,m11,d1,t5,288.31
Libya,Libya,2027,m11,d1,t6,288.31
Libya,Libya,2027,m11,d1,t7,288.31
Libya,Libya,2027,m11,d1,t8,288.31
Libya,Libya,2027,m11,d1,t9,288.31
Libya,Libya,2027,m12,d1,t1,288.31
Libya,Libya,2027,m12,d1,t10,288.31
Libya,Libya,2027,m12,d1,t11,288.31
Libya,Libya,2027,m12,d1,t12,288.31
Libya,Libya,2027,m12,d1,t13,288.31
Libya,Libya,2027,m12,d1,t14,288.31
Libya,Libya,2027,m12,d1,t15,288.31
Libya,Libya,2027,m12,d1,t16,288.31
Libya,Libya,2027,m12,d1,t17,288.31
Libya,Libya,2027,m12,d1,t18,288.31
Libya,Libya,2027,m12,d1,t19,288.31
Libya,Libya,2027,m12,d1,t2,288.31
Libya,Libya,2027,m12,d1,t20,288.31
Libya,Libya,2027,m12,d1,t21,288.31
Libya,Libya,2027,m12,d1,t22,288.31
Libya,Libya,2027,m12,d1,t23,288.31
Libya,Libya,2027,m12,d1,t24,288.31
Libya,Libya,2027,m12,d1,t3,288.31
Libya,Libya,2027,m12,d1,t4,288.31
Libya,Libya,2027,m12,d1,t5,288.31
Libya,Libya,2027,m12,d1,t6,288.31
Libya,Libya,2027,m12,d1,t7,288.31
Libya,Libya,2027,m12,d1,t8,288.31
Libya,Libya,2027,m12,d1,t9,288.31
Libya,Libya,2027,m2,d1,t1,288.31
Libya,Libya,2027,m2,d1,t10,288.31
Libya,Libya,2027,m2,d1,t11,288.31
Libya,Libya,2027,m2,d1,t12,288.31
Libya,Libya,2027,m2,d1,t13,288.31
Libya,Libya,2027,m2,d1,t14,288.31
Libya,Libya,2027,m2,d1,t15,288.31
Libya,Libya,2027,m2,d1,t16,288.31
Libya,Libya,2027,m2,d1,t17,288.31
Libya,Libya,2027,m2,d1,t18,288.31
Libya,Libya,2027,m2,d1,t19,288.31
Libya,Libya,2027,m2,d1,t2,288.31
Libya,Libya,2027,m2,d1,t20,288.31
Libya,Libya,2027,m2,d1,t21,288.31
Libya,Libya,2027,m2,d1,t22,288.31
Libya,Libya,2027,m2,d1,t23,288.31
Libya,Libya,2027,m2,d1,t24,288.31
Libya,Libya,2027,m2,d1,t3,288.31
Libya,Libya,2027,m2,d1,t4,288.31
Libya,Libya,2027,m2,d1,t5,288.31
Libya,Libya,2027,m2,d1,t6,288.31
Libya,Libya,2027,m2,d1,t7,288.31
Libya,Libya,2027,m2,d1,t8,288.31
Libya,Libya,2027,m2,d1,t9,288.31
Libya,Libya,2027,m3,d1,t1,288.31
Libya,Libya,2027,m3,d1,t10,288.31
Libya,Libya,2027,m3,d1,t11,288.31
Libya,Libya,2027,m3,d1,t12,288.31
Libya,Libya,2027,m3,d1,t13,288.31
Libya,Libya,2027,m3,d1,t14,288.31
Libya,Libya,2027,m3,d1,t15,288.31
Libya,Libya,2027,m3,d1,t16,288.31
Libya,Libya,2027,m3,d1,t17,288.31
Libya,Libya,2027,m3,d1,t18,288.31
Libya,Libya,2027,m3,d1,t19,288.31
Libya,Libya,2027,m3,d1,t2,288.31
Libya,Libya,2027,m3,d1,t20,288.31
Libya,Libya,2027,m3,d1,t21,288.31
Libya,Libya,2027,m3,d1,t22,288.31
Libya,Libya,2027,m3,d1,t23,288.31
Libya,Libya,2027,m3,d1,t24,288.31
Libya,Libya,2027,m3,d1,t3,288.31
Libya,Libya,2027,m3,d1,t4,288.31
Libya,Libya,2027,m3,d1,t5,288.31
Libya,Libya,2027,m3,d1,t6,288.31
Libya,Libya,2027,m3,d1,t7,288.31
Libya,Libya,2027,m3,d1,t8,288.31
Libya,Libya,2027,m3,d1,t9,288.31
Libya,Libya,2027,m4,d1,t1,288.31
Libya,Libya,2027,m4,d1,t10,288.31
Libya,Libya,2027,m4,d1,t11,288.31
Libya,Libya,2027,m4,d1,t12,288.31
Libya,Libya,2027,m4,d1,t13,288.31
Libya,Libya,2027,m4,d1,t14,288.31
Libya,Libya,2027,m4,d1,t15,288.31
Libya,Libya,2027,m4,d1,t16,288.31
Libya,Libya,2027,m4,d1,t17,288.31
Libya,Libya,2027,m4,d1,t18,288.31
Libya,Libya,2027,m4,d1,t19,288.31
Libya,Libya,2027,m4,d1,t2,288.31
Libya,Libya,2027,m4,d1,t20,288.31
Libya,Libya,2027,m4,d1,t21,288.31
Libya,Libya,2027,m4,d1,t22,288.31
Libya,Libya,2027,m4,d1,t23,288.31
Libya,Libya,2027,m4,d1,t24,288.31
Libya,Libya,2027,m4,d1,t3,288.31
Libya,Libya,2027,m4,d1,t4,288.31
Libya,Libya,2027,m4,d1,t5,288.31
Libya,Libya,2027,m4,d1,t6,288.31
Libya,Libya,2027,m4,d1,t7,288.31
Libya,Libya,2027,m4,d1,t8,288.31
Libya,Libya,2027,m4,d1,t9,288.31
Libya,Libya,2027,m5,d1,t1,288.31
Libya,Libya,2027,m5,d1,t10,288.31
Libya,Libya,2027,m5,d1,t11,288.31
Libya,Libya,2027,m5,d1,t12,288.31
Libya,Libya,2027,m5,d1,t13,288.31
Libya,Libya,2027,m5,d1,t14,288.31
Libya,Libya,2027,m5,d1,t15,288.31
Libya,Libya,2027,m5,d1,t16,288.31
Libya,Libya,2027,m5,d1,t17,288.31
Libya,Libya,2027,m5,d1,t18,288.31
Libya,Libya,2027,m5,d1,t19,288.31
Libya,Libya,2027,m5,d1,t2,288.31
Libya,Libya,2027,m5,d1,t20,288.31
Libya,Libya,2027,m5,d1,t21,288.31
Libya,Libya,2027,m5,d1,t22,288.31
Libya,Libya,2027,m5,d1,t23,288.31
Libya,Libya,2027,m5,d1,t24,288.31
Libya,Libya,2027,m5,d1,t3,288.31
Libya,Libya,2027,m5,d1,t4,288.31
Libya,Libya,2027,m5,d1,t5,288.31
Libya,Libya,2027,m5,d1,t6,288.31
Libya,Libya,2027,m5,d1,t7,288.31
Libya,Libya,2027,m5,d1,t8,288.31
Libya,Libya,2027,m5,d1,t9,288.31
Libya,Libya,2027,m6,d1,t1,288.31
Libya,Libya,2027,m6,d1,t10,288.31
Libya,Libya,2027,m6,d1,t11,288.31
Libya,Libya,2027,m6,d1,t12,288.31
Libya,Libya,2027,m6,d1,t13,288.31
Libya,Libya,2027,m6,d1,t14,288.31
Libya,Libya,2027,m6,d1,t15,288.31
Libya,Libya,2027,m6,d1,t16,288.31
Libya,Libya,2027,m6,d1,t17,288.31
Libya,Libya,2027,m6,d1,t18,288.31
Libya,Libya,2027,m6,d1,t19,288.31
Libya,Libya,2027,m6,d1,t2,288.31
Libya,Libya,2027,m6,d1,t20,288.31
Libya,Libya,2027,m6,d1,t21,288.31
Libya,Libya,2027,m6,d1,t22,288.31
Libya,Libya,2027,m6,d1,t23,288.31
Libya,Libya,2027,m6,d1,t24,288.31
Libya,Libya,2027,m6,d1,t3,288.31
Libya,Libya,2027,m6,d1,t4,288.31
Libya,Libya,2027,m6,d1,t5,288.31
Libya,Libya,2027,m6,d1,t6,288.31
Libya,Libya,2027,m6,d1,t7,288.31
Libya,Libya,2027,m6,d1,t8,288.31
Libya,Libya,2027,m6,d1,t9,288.31
Libya,Libya,2027,m7,d1,t1,288.51
Libya,Libya,2027,m7,d1,t10,288.51
Libya,Libya,2027,m7,d1,t11,288.51
Libya,Libya,2027,m7,d1,t12,288.51
Libya,Libya,2027,m7,d1,t13,288.51
Libya,Libya,2027,m7,d1,t14,288.51
Libya,Libya,2027,m7,d1,t15,288.51
Libya,Libya,2027,m7,d1,t16,288.51
Libya,Libya,2027,m7,d1,t17,288.51
Libya,Libya,2027,m7,d1,t18,288.51
Libya,Libya,2027,m7,d1,t19,288.51
Libya,Libya,2027,m7,d1,t2,288.51
Libya,Libya,2027,m7,d1,t20,288.51
Libya,Libya,2027,m7,d1,t21,288.51
Libya,Libya,2027,m7,d1,t22,288.51
Libya,Libya,2027,m7,d1,t23,288.51
Libya,Libya,2027,m7,d1,t24,288.51
Libya,Libya,2027,m7,d1,t3,288.51
Libya,Libya,2027,m7,d1,t4,288.51
Libya,Libya,2027,m7,d1,t5,288.51
Libya,Libya,2027,m7,d1,t6,288.51
Libya,Libya,2027,m7,d1,t7,288.51
Libya,Libya,2027,m7,d1,t8,288.51
Libya,Libya,2027,m7,d1,t9,288.51
Libya,Libya,2027,m8,d1,t1,288.51
Libya,Libya,2027,m8,d1,t10,288.51
Libya,Libya,2027,m8,d1,t11,288.51
Libya,Libya,2027,m8,d1,t12,288.51
Libya,Libya,2027,m8,d1,t13,288.51
Libya,Libya,2027,m8,d1,t14,288.51
Libya,Libya,2027,m8,d1,t15,288.51
Libya,Libya,2027,m8,d1,t16,288.51
Libya,Libya,2027,m8,d1,t17,288.51
Libya,Libya,2027,m8,d1,t18,288.51
Libya,Libya,2027,m8,d1,t19,288.51
Libya,Libya,2027,m8,d1,t2,288.51
Libya,Libya,2027,m8,d1,t20,288.51
Libya,Libya,2027,m8,d1,t21,288.51
Libya,Libya,2027,m8,d1,t22,288.51
Libya,Libya,2027,m8,d1,t23,288.51
Libya,Libya,2027,m8,d1,t24,288.51
Libya,Libya,2027,m8,d1,t3,288.51
Libya,Libya,2027,m8,d1,t4,288.51
Libya,Libya,2027,m8,d1,t5,288.51
Libya,Libya,2027,m8,d1,t6,288.51
Libya,Libya,2027,m8,d1,t7,288.51
Libya,Libya,2027,m8,d1,t8,288.51
Libya,Libya,2027,m8,d1,t9,288.51
Libya,Libya,2027,m9,d1,t1,288.31
Libya,Libya,2027,m9,d1,t10,288.31
Libya,Libya,2027,m9,d1,t11,288.31
Libya,Libya,2027,m9,d1,t12,288.31
Libya,Libya,2027,m9,d1,t13,288.31
Libya,Libya,2027,m9,d1,t14,288.31
Libya,Libya,2027,m9,d1,t15,288.31
Libya,Libya,2027,m9,d1,t16,288.31
Libya,Libya,2027,m9,d1,t17,288.31
Libya,Libya,2027,m9,d1,t18,288.31
Libya,Libya,2027,m9,d1,t19,288.31
Libya,Libya,2027,m9,d1,t2,288.31
Libya,Libya,2027,m9,d1,t20,288.31
Libya,Libya,2027,m9,d1,t21,288.31
Libya,Libya,2027,m9,d1,t22,288.31
Libya,Libya,2027,m9,d1,t23,288.31
Libya,Libya,2027,m9,d1,t24,288.31
Libya,Libya,2027,m9,d1,t3,288.31
Libya,Libya,2027,m9,d1,t4,288.31
Libya,Libya,2027,m9,d1,t5,288.31
Libya,Libya,2027,m9,d1,t6,288.31
Libya,Libya,2027,m9,d1,t7,288.31
Libya,Libya,2027,m9,d1,t8,288.31
Libya,Libya,2027,m9,d1,t9,288.31
Libya,Libya,2028,m1,d1,t1,288.30999999999995
Libya,Libya,2028,m1,d1,t10,288.31
Libya,Libya,2028,m1,d1,t11,288.30999999999995
Libya,Libya,2028,m1,d1,t12,288.30999999999995
Libya,Libya,2028,m1,d1,t13,288.30999999999995
Libya,Libya,2028,m1,d1,t14,288.30999999999995
Libya,Libya,2028,m1,d1,t15,288.31
Libya,Libya,2028,m1,d1,t16,288.30999999999995
Libya,Libya,2028,m1,d1,t17,288.31
Libya,Libya,2028,m1,d1,t18,288.31
Libya,Libya,2028,m1,d1,t19,288.30999999999995
Libya,Libya,2028,m1,d1,t2,288.30999999999995
Libya,Libya,2028,m1,d1,t20,288.30999999999995
Libya,Libya,2028,m1,d1,t21,288.31
Libya,Libya,2028,m1,d1,t22,288.31
Libya,Libya,2028,m1,d1,t23,288.31
Libya,Libya,2028,m1,d1,t24,288.30999999999995
Libya,Libya,2028,m1,d1,t3,288.30999999999995
Libya,Libya,2028,m1,d1,t4,288.31
Libya,Libya,2028,m1,d1,t5,288.31
Libya,Libya,2028,m1,d1,t6,288.31
Libya,Libya,2028,m1,d1,t7,288.30999999999995
Libya,Libya,2028,m1,d1,t8,288.31
Libya,Libya,2028,m1,d1,t9,288.30999999999995
Libya,Libya,2028,m10,d1,t1,288.31
Libya,Libya,2028,m10,d1,t10,288.31
Libya,Libya,2028,m10,d1,t11,288.31
Libya,Libya,2028,m10,d1,t12,288.30999999999995
Libya,Libya,2028,m10,d1,t13,288.31
Libya,Libya,2028,m10,d1,t14,288.30999999999995
Libya,Libya,2028,m10,d1,t15,288.30999999999995
Libya,Libya,2028,m10,d1,t16,288.31
Libya,Libya,2028,m10,d1,t17,288.31
Libya,Libya,2028,m10,d1,t18,288.31
Libya,Libya,2028,m10,d1,t19,288.31
Libya,Libya,2028,m10,d1,t2,288.30999999999995
Libya,Libya,2028,m10,d1,t20,288.30999999999995
Libya,Libya,2028,m10,d1,t21,288.31
Libya,Libya,2028,m10,d1,t22,288.31
Libya,Libya,2028,m10,d1,t23,288.31
Libya,Libya,2028,m10,d1,t24,288.30999999999995
Libya,Libya,2028,m10,d1,t3,288.31
Libya,Libya,2028,m10,d1,t4,288.31
Libya,Libya,2028,m10,d1,t5,288.31
Libya,Libya,2028,m10,d1,t6,288.31
Libya,Libya,2028,m10,d1,t7,288.30999999999995
Libya,Libya,2028,m10,d1,t8,288.30999999999995
Libya,Libya,2028,m10,d1,t9,288.31
Libya,Libya,2028,m11,d1,t1,288.31
Libya,Libya,2028,m11,d1,t10,288.31
Libya,Libya,2028,m11,d1,t11,288.31
Libya,Libya,2028,m11,d1,t12,288.31
Libya,Libya,2028,m11,d1,t13,288.31
Libya,Libya,2028,m11,d1,t14,288.31
Libya,Libya,2028,m11,d1,t15,288.31
Libya,Libya,2028,m11,d1,t16,288.31
Libya,Libya,2028,m11,d1,t17,288.31
Libya,Libya,2028,m11,d1,t18,288.31
Libya,Libya,2028,m11,d1,t19,288.31
Libya,Libya,2028,m11,d1,t2,288.31
Libya,Libya,2028,m11,d1,t20,288.31
Libya,Libya,2028,m11,d1,t21,288.31
Libya,Libya,2028,m11,d1,t22,288.31
Libya,Libya,2028,m11,d1,t23,288.31
Libya,Libya,2028,m11,d1,t24,288.31
Libya,Libya,2028,m11,d1,t3,288.31
Libya,Libya,2028,m11,d1,t4,288.31
Libya,Libya,2028,m11,d1,t5,288.31
Libya,Libya,2028,m11,d1,t6,288.31
Libya,Libya,2028,m11,d1,t7,288.31
Libya,Libya,2028,m11,d1,t8,288.31
Libya,Libya,2028,m11,d1,t9,288.31
Libya,Libya,2028,m12,d1,t1,288.30999999999995
Libya,Libya,2028,m12,d1,t10,288.31
Libya,Libya,2028,m12,d1,t11,288.31
Libya,Libya,2028,m12,d1,t12,288.30999999999995
Libya,Libya,2028,m12,d1,t13,288.31
Libya,Libya,2028,m12,d1,t14,288.30999999999995
Libya,Libya,2028,m12,d1,t15,288.30999999999995
Libya,Libya,2028,m12,d1,t16,288.30999999999995
Libya,Libya,2028,m12,d1,t17,288.31
Libya,Libya,2028,m12,d1,t18,288.31
Libya,Libya,2028,m12,d1,t19,288.30999999999995
Libya,Libya,2028,m12,d1,t2,288.31
Libya,Libya,2028,m12,d1,t20,288.31
Libya,Libya,2028,m12,d1,t21,288.30999999999995
Libya,Libya,2028,m12,d1,t22,288.30999999999995
Libya,Libya,2028,m12,d1,t23,288.31
Libya,Libya,2028,m12,d1,t24,288.30999999999995
Libya,Libya,2028,m12,d1,t3,288.31
Libya,Libya,2028,m12,d1,t4,288.31
Libya,Libya,2028,m12,d1,t5,288.31
Libya,Libya,2028,m12,d1,t6,288.31
Libya,Libya,2028,m12,d1,t7,288.31
Libya,Libya,2028,m12,d1,t8,288.31
Libya,Libya,2028,m12,d1,t9,288.30999999999995
Libya,Libya,2028,m2,d1,t1,288.31
Libya,Libya,2028,m2,d1,t10,288.31
Libya,Libya,2028,m2,d1,t11,288.31
Libya,Libya,2028,m2,d1,t12,288.31000000000006
Libya,Libya,2028,m2,d1,t13,288.31
Libya,Libya,2028,m2,d1,t14,288.31
Libya,Libya,2028,m2,d1,t15,288.31
Libya,Libya,2028,m2,d1,t16,288.31000000000006
Libya,Libya,2028,m2,d1,t17,288.31
Libya,Libya,2028,m2,d1,t18,288.31000000000006
Libya,Libya,2028,m2,d1,t19,288.31000000000006
Libya,Libya,2028,m2,d1,t2,288.31000000000006
Libya,Libya,2028,m2,d1,t20,288.31
Libya,Libya,2028,m2,d1,t21,288.31000000000006
Libya,Libya,2028,m2,d1,t22,288.31
Libya,Libya,2028,m2,d1,t23,288.31000000000006
Libya,Libya,2028,m2,d1,t24,288.31
Libya,Libya,2028,m2,d1,t3,288.31000000000006
Libya,Libya,2028,m2,d1,t4,288.31
Libya,Libya,2028,m2,d1,t5,288.31000000000006
Libya,Libya,2028,m2,d1,t6,288.31
Libya,Libya,2028,m2,d1,t7,288.31000000000006
Libya,Libya,2028,m2,d1,t8,288.31000000000006
Libya,Libya,2028,m2,d1,t9,288.31
Libya,Libya,2028,m3,d1,t1,288.31
Libya,Libya,2028,m3,d1,t10,288.30999999999995
Libya,Libya,2028,m3,d1,t11,288.31
Libya,Libya,2028,m3,d1,t12,288.30999999999995
Libya,Libya,2028,m3,d1,t13,288.31
Libya,Libya,2028,m3,d1,t14,288.30999999999995
Libya,Libya,2028,m3,d1,t15,288.31
Libya,Libya,2028,m3,d1,t16,288.31
Libya,Libya,2028,m3,d1,t17,288.30999999999995
Libya,Libya,2028,m3,d1,t18,288.30999999999995
Libya,Libya,2028,m3,d1,t19,288.30999999999995
Libya,Libya,2028,m3,d1,t2,288.31
Libya,Libya,2028,m3,d1,t20,288.30999999999995
Libya,Libya,2028,m3,d1,t21,288.31
Libya,Libya,2028,m3,d1,t22,288.31
Libya,Libya,2028,m3,d1,t23,288.31
Libya,Libya,2028,m3,d1,t24,288.30999999999995
Libya,Libya,2028,m3,d1,t3,288.31
Libya,Libya,2028,m3,d1,t4,288.31
Libya,Libya,2028,m3,d1,t5,288.31
Libya,Libya,2028,m3,d1,t6,288.30999999999995
Libya,Libya,2028,m3,d1,t7,288.30999999999995
Libya,Libya,2028,m3,d1,t8,288.31
Libya,Libya,2028,m3,d1,t9,288.31
Libya,Libya,2028,m4,d1,t1,288.31
Libya,Libya,2028,m4,d1,t10,288.31
Libya,Libya,2028,m4,d1,t11,288.31
Libya,Libya,2028,m4,d1,t12,288.31
Libya,Libya,2028,m4,d1,t13,288.31
Libya,Libya,2028,m4,d1,t14,288.31
Libya,Libya,2028,m4,d1,t15,288.31
Libya,Libya,2028,m4,d1,t16,288.31
Libya,Libya,2028,m4,d1,t17,288.31
Libya,Libya,2028,m4,d1,t18,288.31
Libya,Libya,2028,m4,d1,t19,288.31
Libya,Libya,2028,m4,d1,t2,288.31
Libya,Libya,2028,m4,d1,t20,288.31
Libya,Libya,2028,m4,d1,t21,288.31
Libya,Libya,2028,m4,d1,t22,288.31
Libya,Libya,2028,m4,d1,t23,288.31
Libya,Libya,2028,m4,d1,t24,288.31
Libya,Libya,2028,m4,d1,t3,288.31
Libya,Libya,2028,m4,d1,t4,288.31
Libya,Libya,2028,m4,d1,t5,288.31
Libya,Libya,2028,m4,d1,t6,288.31
Libya,Libya,2028,m4,d1,t7,288.31
Libya,Libya,2028,m4,d1,t8,288.31
Libya,Libya,2028,m4,d1,t9,288.31
Libya,Libya,2028,m5,d1,t1,288.30999999999995
Libya,Libya,2028,m5,d1,t10,288.31
Libya,Libya,2028,m5,d1,t11,288.31
Libya,Libya,2028,m5,d1,t12,288.31
Libya,Libya,2028,m5,d1,t13,288.31
Libya,Libya,2028,m5,d1,t14,288.30999999999995
Libya,Libya,2028,m5,d1,t15,288.30999999999995
Libya,Libya,2028,m5,d1,t16,288.30999999999995
Libya,Libya,2028,m5,d1,t17,288.30999999999995
Libya,Libya,2028,m5,d1,t18,288.31
Libya,Libya,2028,m5,d1,t19,288.31
Libya,Libya,2028,m5,d1,t2,288.30999999999995
Libya,Libya,2028,m5,d1,t20,288.30999999999995
Libya,Libya,2028,m5,d1,t21,288.31
Libya,Libya,2028,m5,d1,t22,288.31
Libya,Libya,2028,m5,d1,t23,288.31
Libya,Libya,2028,m5,d1,t24,288.30999999999995
Libya,Libya,2028,m5,d1,t3,288.30999999999995
Libya,Libya,2028,m5,d1,t4,288.31
Libya,Libya,2028,m5,d1,t5,288.31
Libya,Libya,2028,m5,d1,t6,288.31
Libya,Libya,2028,m5,d1,t7,288.30999999999995
Libya,Libya,2028,m5,d1,t8,288.31
Libya,Libya,2028,m5,d1,t9,288.31
Libya,Libya,2028,m6,d1,t1,288.31
Libya,Libya,2028,m6,d1,t10,288.31
Libya,Libya,2028,m6,d1,t11,288.31
Libya,Libya,2028,m6,d1,t12,288.31
Libya,Libya,2028,m6,d1,t13,288.31
Libya,Libya,2028,m6,d1,t14,288.31
Libya,Libya,2028,m6,d1,t15,288.31
Libya,Libya,2028,m6,d1,t16,288.31
Libya,Libya,2028,m6,d1,t17,288.31
Libya,Libya,2028,m6,d1,t18,288.31
Libya,Libya,2028,m6,d1,t19,288.31
Libya,Libya,2028,m6,d1,t2,288.31
Libya,Libya,2028,m6,d1,t20,288.31
Libya,Libya,2028,m6,d1,t21,288.31
Libya,Libya,2028,m6,d1,t22,288.31
Libya,Libya,2028,m6,d1,t23,288.31
Libya,Libya,2028,m6,d1,t24,288.31
Libya,Libya,2028,m6,d1,t3,288.31
Libya,Libya,2028,m6,d1,t4,288.31
Libya,Libya,2028,m6,d1,t5,288.31
Libya,Libya,2028,m6,d1,t6,288.31
Libya,Libya,2028,m6,d1,t7,288.31
Libya,Libya,2028,m6,d1,t8,288.31
Libya,Libya,2028,m6,d1,t9,288.31
Libya,Libya,2028,m7,d1,t1,288.35999999999996
Libya,Libya,2028,m7,d1,t10,288.35999999999996
Libya,Libya,2028,m7,d1,t11,288.35999999999996
Libya,Libya,2028,m7,d1,t12,288.35999999999996
Libya,Libya,2028,m7,d1,t13,288.35999999999996
Libya,Libya,2028,m7,d1,t14,288.35999999999996
Libya,Libya,2028,m7,d1,t15,288.35999999999996
Libya,Libya,2028,m7,d1,t16,288.36
Libya,Libya,2028,m7,d1,t17,288.35999999999996
Libya,Libya,2028,m7,d1,t18,288.35999999999996
Libya,Libya,2028,m7,d1,t19,288.35999999999996
Libya,Libya,2028,m7,d1,t2,288.36
Libya,Libya,2028,m7,d1,t20,288.35999999999996
Libya,Libya,2028,m7,d1,t21,288.35999999999996
Libya,Libya,2028,m7,d1,t22,288.35999999999996
Libya,Libya,2028,m7,d1,t23,288.35999999999996
Libya,Libya,2028,m7,d1,t24,288.35999999999996
Libya,Libya,2028,m7,d1,t3,288.35999999999996
Libya,Libya,2028,m7,d1,t4,288.36
Libya,Libya,2028,m7,d1,t5,288.36
Libya,Libya,2028,m7,d1,t6,288.35999999999996
Libya,Libya,2028,m7,d1,t7,288.35999999999996
Libya,Libya,2028,m7,d1,t8,288.35999999999996
Libya,Libya,2028,m7,d1,t9,288.35999999999996
Libya,Libya,2028,m8,d1,t1,288.35999999999996
Libya,Libya,2028,m8,d1,t10,288.36
Libya,Libya,2028,m8,d1,t11,288.35999999999996
Libya,Libya,2028,m8,d1,t12,288.35999999999996
Libya,Libya,2028,m8,d1,t13,288.35999999999996
Libya,Libya,2028,m8,d1,t14,288.35999999999996
Libya,Libya,2028,m8,d1,t15,288.35999999999996
Libya,Libya,2028,m8,d1,t16,288.35999999999996
Libya,Libya,2028,m8,d1,t17,288.35999999999996
Libya,Libya,2028,m8,d1,t18,288.35999999999996
Libya,Libya,2028,m8,d1,t19,288.35999999999996
Libya,Libya,2028,m8,d1,t2,288.35999999999996
Libya,Libya,2028,m8,d1,t20,288.35999999999996
Libya,Libya,2028,m8,d1,t21,288.35999999999996
Libya,Libya,2028,m8,d1,t22,288.35999999999996
Libya,Libya,2028,m8,d1,t23,288.35999999999996
Libya,Libya,2028,m8,d1,t24,288.35999999999996
Libya,Libya,2028,m8,d1,t3,288.35999999999996
Libya,Libya,2028,m8,d1,t4,288.35999999999996
Libya,Libya,2028,m8,d1,t5,288.35999999999996
Libya,Libya,2028,m8,d1,t6,288.36
Libya,Libya,2028,m8,d1,t7,288.35999999999996
Libya,Libya,2028,m8,d1,t8,288.35999999999996
Libya,Libya,2028,m8,d1,t9,288.35999999999996
Libya,Libya,2028,m9,d1,t1,288.31
Libya,Libya,2028,m9,d1,t10,288.31
Libya,Libya,2028,m9,d1,t11,288.31
Libya,Libya,2028,m9,d1,t12,288.31
Libya,Libya,2028,m9,d1,t13,288.31
Libya,Libya,2028,m9,d1,t14,288.31
Libya,Libya,2028,m9,d1,t15,288.31
Libya,Libya,2028,m9,d1,t16,288.31
Libya,Libya,2028,m9,d1,t17,288.31
Libya,Libya,2028,m9,d1,t18,288.31
Libya,Libya,2028,m9,d1,t19,288.31
Libya,Libya,2028,m9,d1,t2,288.31
Libya,Libya,2028,m9,d1,t20,288.31
Libya,Libya,2028,m9,d1,t21,288.31
Libya,Libya,2028,m9,d1,t22,288.31
Libya,Libya,2028,m9,d1,t23,288.31
Libya,Libya,2028,m9,d1,t24,288.31
Libya,Libya,2028,m9,d1,t3,288.31
Libya,Libya,2028,m9,d1,t4,288.31
Libya,Libya,2028,m9,d1,t5,288.31
Libya,Libya,2028,m9,d1,t6,288.31
Libya,Libya,2028,m9,d1,t7,288.31
Libya,Libya,2028,m9,d1,t8,288.31
Libya,Libya,2028,m9,d1,t9,288.31
Libya,Libya,2029,m1,d1,t1,288.30999999999995
Libya,Libya,2029,m1,d1,t10,288.30999999999995
Libya,Libya,2029,m1,d1,t11,288.30999999999995
Libya,Libya,2029,m1,d1,t12,288.30999999999995
Libya,Libya,2029,m1,d1,t13,288.30999999999995
Libya,Libya,2029,m1,d1,t14,288.30999999999995
Libya,Libya,2029,m1,d1,t15,288.31
Libya,Libya,2029,m1,d1,t16,288.30999999999995
Libya,Libya,2029,m1,d1,t17,288.30999999999995
Libya,Libya,2029,m1,d1,t18,288.31
Libya,Libya,2029,m1,d1,t19,288.31
Libya,Libya,2029,m1,d1,t2,288.30999999999995
Libya,Libya,2029,m1,d1,t20,288.31
Libya,Libya,2029,m1,d1,t21,288.31
Libya,Libya,2029,m1,d1,t22,288.31
Libya,Libya,2029,m1,d1,t23,288.30999999999995
Libya,Libya,2029,m1,d1,t24,288.31
Libya,Libya,2029,m1,d1,t3,288.30999999999995
Libya,Libya,2029,m1,d1,t4,288.31
Libya,Libya,2029,m1,d1,t5,288.31
Libya,Libya,2029,m1,d1,t6,288.30999999999995
Libya,Libya,2029,m1,d1,t7,288.31
Libya,Libya,2029,m1,d1,t8,288.30999999999995
Libya,Libya,2029,m1,d1,t9,288.30999999999995
Libya,Libya,2029,m10,d1,t1,288.30999999999995
Libya,Libya,2029,m10,d1,t10,288.30999999999995
Libya,Libya,2029,m10,d1,t11,288.30999999999995
Libya,Libya,2029,m10,d1,t12,288.31
Libya,Libya,2029,m10,d1,t13,288.30999999999995
Libya,Libya,2029,m10,d1,t14,288.30999999999995
Libya,Libya,2029,m10,d1,t15,288.30999999999995
Libya,Libya,2029,m10,d1,t16,288.30999999999995
Libya,Libya,2029,m10,d1,t17,288.30999999999995
Libya,Libya,2029,m10,d1,t18,288.30999999999995
Libya,Libya,2029,m10,d1,t19,288.31
Libya,Libya,2029,m10,d1,t2,288.30999999999995
Libya,Libya,2029,m10,d1,t20,288.30999999999995
Libya,Libya,2029,m10,d1,t21,288.31
Libya,Libya,2029,m10,d1,t22,288.31
Libya,Libya,2029,m10,d1,t23,288.30999999999995
Libya,Libya,2029,m10,d1,t24,288.30999999999995
Libya,Libya,2029,m10,d1,t3,288.30999999999995
Libya,Libya,2029,m10,d1,t4,288.31
Libya,Libya,2029,m10,d1,t5,288.31
Libya,Libya,2029,m10,d1,t6,288.30999999999995
Libya,Libya,2029,m10,d1,t7,288.30999999999995
Libya,Libya,2029,m10,d1,t8,288.30999999999995
Libya,Libya,2029,m10,d1,t9,288.30999999999995
Libya,Libya,2029,m11,d1,t1,288.31000000000006
Libya,Libya,2029,m11,d1,t10,288.31000000000006
Libya,Libya,2029,m11,d1,t11,288.31000000000006
Libya,Libya,2029,m11,d1,t12,288.31000000000006
Libya,Libya,2029,m11,d1,t13,288.31000000000006
Libya,Libya,2029,m11,d1,t14,288.31000000000006
Libya,Libya,2029,m11,d1,t15,288.31000000000006
Libya,Libya,2029,m11,d1,t16,288.31000000000006
Libya,Libya,2029,m11,d1,t17,288.31000000000006
Libya,Libya,2029,m11,d1,t18,288.31000000000006
Libya,Libya,2029,m11,d1,t19,288.31000000000006
Libya,Libya,2029,m11,d1,t2,288.31000000000006
Libya,Libya,2029,m11,d1,t20,288.31000000000006
Libya,Libya,2029,m11,d1,t21,288.31000000000006
Libya,Libya,2029,m11,d1,t22,288.31000000000006
Libya,Libya,2029,m11,d1,t23,288.31000000000006
Libya,Libya,2029,m11,d1,t24,288.31000000000006
Libya,Libya,2029,m11,d1,t3,288.31000000000006
Libya,Libya,2029,m11,d1,t4,288.31000000000006
Libya,Libya,2029,m11,d1,t5,288.31000000000006
Libya,Libya,2029,m11,d1,t6,288.31000000000006
Libya,Libya,2029,m11,d1,t7,288.31000000000006
Libya,Libya,2029,m11,d1,t8,288.31000000000006
Libya,Libya,2029,m11,d1,t9,288.31000000000006
Libya,Libya,2029,m12,d1,t1,288.30999999999995
Libya,Libya,2029,m12,d1,t10,288.30999999999995
Libya,Libya,2029,m12,d1,t11,288.30999999999995
Libya,Libya,2029,m12,d1,t12,288.30999999999995
Libya,Libya,2029,m12,d1,t13,288.30999999999995
Libya,Libya,2029,m12,d1,t14,288.30999999999995
Libya,Libya,2029,m12,d1,t15,288.30999999999995
Libya,Libya,2029,m12,d1,t16,288.30999999999995
Libya,Libya,2029,m12,d1,t17,288.30999999999995
Libya,Libya,2029,m12,d1,t18,288.30999999999995
Libya,Libya,2029,m12,d1,t19,288.30999999999995
Libya,Libya,2029,m12,d1,t2,288.30999999999995
Libya,Libya,2029,m12,d1,t20,288.31
Libya,Libya,2029,m12,d1,t21,288.30999999999995
Libya,Libya,2029,m12,d1,t22,288.31
Libya,Libya,2029,m12,d1,t23,288.30999999999995
Libya,Libya,2029,m12,d1,t24,288.30999999999995
Libya,Libya,2029,m12,d1,t3,288.31
Libya,Libya,2029,m12,d1,t4,288.30999999999995
Libya,Libya,2029,m12,d1,t5,288.30999999999995
Libya,Libya,2029,m12,d1,t6,288.31
Libya,Libya,2029,m12,d1,t7,288.30999999999995
Libya,Libya,2029,m12,d1,t8,288.30999999999995
Libya,Libya,2029,m12,d1,t9,288.30999999999995
Libya,Libya,2029,m2,d1,t1,288.3100000000001
Libya,Libya,2029,m2,d1,t10,288.3100000000001
Libya,Libya,2029,m2,d1,t11,288.3100000000001
Libya,Libya,2029,m2,d1,t12,288.3100000000001
Libya,Libya,2029,m2,d1,t13,288.3100000000001
Libya,Libya,2029,m2,d1,t14,288.3100000000001
Libya,Libya,2029,m2,d1,t15,288.3100000000001
Libya,Libya,2029,m2,d1,t16,288.3100000000001
Libya,Libya,2029,m2,d1,t17,288.3100000000001
Libya,Libya,2029,m2,d1,t18,288.3100000000001
Libya,Libya,2029,m2,d1,t19,288.3100000000001
Libya,Libya,2029,m2,d1,t2,288.3100000000001
Libya,Libya,2029,m2,d1,t20,288.31000000000006
Libya,Libya,2029,m2,d1,t21,288.31000000000006
Libya,Libya,2029,m2,d1,t22,288.31000000000006
Libya,Libya,2029,m2,d1,t23,288.31000000000006
Libya,Libya,2029,m2,d1,t24,288.3100000000001
Libya,Libya,2029,m2,d1,t3,288.3100000000001
Libya,Libya,2029,m2,d1,t4,288.3100000000001
Libya,Libya,2029,m2,d1,t5,288.31000000000006
Libya,Libya,2029,m2,d1,t6,288.31000000000006
Libya,Libya,2029,m2,d1,t7,288.3100000000001
Libya,Libya,2029,m2,d1,t8,288.3100000000001
Libya,Libya,2029,m2,d1,t9,288.31000000000006
Libya,Libya,2029,m3,d1,t1,288.30999999999995
Libya,Libya,2029,m3,d1,t10,288.30999999999995
Libya,Libya,2029,m3,d1,t11,288.31
Libya,Libya,2029,m3,d1,t12,288.30999999999995
Libya,Libya,2029,m3,d1,t13,288.30999999999995
Libya,Libya,2029,m3,d1,t14,288.30999999999995
Libya,Libya,2029,m3,d1,t15,288.31
Libya,Libya,2029,m3,d1,t16,288.30999999999995
Libya,Libya,2029,m3,d1,t17,288.30999999999995
Libya,Libya,2029,m3,d1,t18,288.30999999999995
Libya,Libya,2029,m3,d1,t19,288.31
Libya,Libya,2029,m3,d1,t2,288.30999999999995
Libya,Libya,2029,m3,d1,t20,288.30999999999995
Libya,Libya,2029,m3,d1,t21,288.30999999999995
Libya,Libya,2029,m3,d1,t22,288.31
Libya,Libya,2029,m3,d1,t23,288.30999999999995
Libya,Libya,2029,m3,d1,t24,288.30999999999995
Libya,Libya,2029,m3,d1,t3,288.30999999999995
Libya,Libya,2029,m3,d1,t4,288.30999999999995
Libya,Libya,2029,m3,d1,t5,288.30999999999995
Libya,Libya,2029,m3,d1,t6,288.31
Libya,Libya,2029,m3,d1,t7,288.30999999999995
Libya,Libya,2029,m3,d1,t8,288.30999999999995
Libya,Libya,2029,m3,d1,t9,288.30999999999995
Libya,Libya,2029,m4,d1,t1,288.31000000000006
Libya,Libya,2029,m4,d1,t10,288.31000000000006
Libya,Libya,2029,m4,d1,t11,288.31000000000006
Libya,Libya,2029,m4,d1,t12,288.31000000000006
Libya,Libya,2029,m4,d1,t13,288.31000000000006
Libya,Libya,2029,m4,d1,t14,288.31000000000006
Libya,Libya,2029,m4,d1,t15,288.31000000000006
Libya,Libya,2029,m4,d1,t16,288.31000000000006
Libya,Libya,2029,m4,d1,t17,288.31000000000006
Libya,Libya,2029,m4,d1,t18,288.31000000000006
Libya,Libya,2029,m4,d1,t19,288.31000000000006
Libya,Libya,2029,m4,d1,t2,288.31000000000006
Libya,Libya,2029,m4,d1,t20,288.31000000000006
Libya,Libya,2029,m4,d1,t21,288.31000000000006
Libya,Libya,2029,m4,d1,t22,288.31000000000006
Libya,Libya,2029,m4,d1,t23,288.31000000000006
Libya,Libya,2029,m4,d1,t24,288.31000000000006
Libya,Libya,2029,m4,d1,t3,288.31000000000006
Libya,Libya,2029,m4,d1,t4,288.31000000000006
Libya,Libya,2029,m4,d1,t5,288.31000000000006
Libya,Libya,2029,m4,d1,t6,288.31000000000006
Libya,Libya,2029,m4,d1,t7,288.31000000000006
Libya,Libya,2029,m4,d1,t8,288.31000000000006
Libya,Libya,2029,m4,d1,t9,288.31000000000006
Libya,Libya,2029,m5,d1,t1,288.30999999999995
Libya,Libya,2029,m5,d1,t10,288.30999999999995
Libya,Libya,2029,m5,d1,t11,288.30999999999995
Libya,Libya,2029,m5,d1,t12,288.30999999999995
Libya,Libya,2029,m5,d1,t13,288.30999999999995
Libya,Libya,2029,m5,d1,t14,288.30999999999995
Libya,Libya,2029,m5,d1,t15,288.30999999999995
Libya,Libya,2029,m5,d1,t16,288.30999999999995
Libya,Libya,2029,m5,d1,t17,288.30999999999995
Libya,Libya,2029,m5,d1,t18,288.30999999999995
Libya,Libya,2029,m5,d1,t19,288.30999999999995
Libya,Libya,2029,m5,d1,t2,288.31
Libya,Libya,2029,m5,d1,t20,288.30999999999995
Libya,Libya,2029,m5,d1,t21,288.30999999999995
Libya,Libya,2029,m5,d1,t22,288.30999999999995
Libya,Libya,2029,m5,d1,t23,288.30999999999995
Libya,Libya,2029,m5,d1,t24,288.30999999999995
Libya,Libya,2029,m5,d1,t3,288.31
Libya,Libya,2029,m5,d1,t4,288.30999999999995
Libya,Libya,2029,m5,d1,t5,288.30999999999995
Libya,Libya,2029,m5,d1,t6,288.30999999999995
Libya,Libya,2029,m5,d1,t7,288.30999999999995
Libya,Libya,2029,m5,d1,t8,288.30999999999995
Libya,Libya,2029,m5,d1,t9,288.30999999999995
Libya,Libya,2029,m6,d1,t1,288.31000000000006
Libya,Libya,2029,m6,d1,t10,288.31000000000006
Libya,Libya,2029,m6,d1,t11,288.31000000000006
Libya,Libya,2029,m6,d1,t12,288.31000000000006
Libya,Libya,2029,m6,d1,t13,288.31000000000006
Libya,Libya,2029,m6,d1,t14,288.31000000000006
Libya,Libya,2029,m6,d1,t15,288.31000000000006
Libya,Libya,2029,m6,d1,t16,288.31000000000006
Libya,Libya,2029,m6,d1,t17,288.31000000000006
Libya,Libya,2029,m6,d1,t18,288.31000000000006
Libya,Libya,2029,m6,d1,t19,288.31000000000006
Libya,Libya,2029,m6,d1,t2,288.31000000000006
Libya,Libya,2029,m6,d1,t20,288.31000000000006
Libya,Libya,2029,m6,d1,t21,288.31000000000006
Libya,Libya,2029,m6,d1,t22,288.31000000000006
Libya,Libya,2029,m6,d1,t23,288.31000000000006
Libya,Libya,2029,m6,d1,t24,288.31000000000006
Libya,Libya,2029,m6,d1,t3,288.31000000000006
Libya,Libya,2029,m6,d1,t4,288.31000000000006
Libya,Libya,2029,m6,d1,t5,288.31000000000006
Libya,Libya,2029,m6,d1,t6,288.31000000000006
Libya,Libya,2029,m6,d1,t7,288.31000000000006
Libya,Libya,2029,m6,d1,t8,288.31000000000006
Libya,Libya,2029,m6,d1,t9,288.31000000000006
Libya,Libya,2029,m7,d1,t1,288.51
Libya,Libya,2029,m7,d1,t10,288.50999999999993
Libya,Libya,2029,m7,d1,t11,288.51
Libya,Libya,2029,m7,d1,t12,288.50999999999993
Libya,Libya,2029,m7,d1,t13,288.50999999999993
Libya,Libya,2029,m7,d1,t14,288.50999999999993
Libya,Libya,2029,m7,d1,t15,288.51
Libya,Libya,2029,m7,d1,t16,288.50999999999993
Libya,Libya,2029,m7,d1,t17,288.50999999999993
Libya,Libya,2029,m7,d1,t18,288.51000000000005
Libya,Libya,2029,m7,d1,t19,288.50999999999993
Libya,Libya,2029,m7,d1,t2,288.50999999999993
Libya,Libya,2029,m7,d1,t20,288.51
Libya,Libya,2029,m7,d1,t21,288.50999999999993
Libya,Libya,2029,m7,d1,t22,288.50999999999993
Libya,Libya,2029,m7,d1,t23,288.51
Libya,Libya,2029,m7,d1,t24,288.50999999999993
Libya,Libya,2029,m7,d1,t3,288.50999999999993
Libya,Libya,2029,m7,d1,t4,288.50999999999993
Libya,Libya,2029,m7,d1,t5,288.51
Libya,Libya,2029,m7,d1,t6,288.50999999999993
Libya,Libya,2029,m7,d1,t7,288.51
Libya,Libya,2029,m7,d1,t8,288.50999999999993
Libya,Libya,2029,m7,d1,t9,288.50999999999993
Libya,Libya,2029,m8,d1,t1,288.51000000000005
Libya,Libya,2029,m8,d1,t10,288.51000000000005
Libya,Libya,2029,m8,d1,t11,288.51000000000005
Libya,Libya,2029,m8,d1,t12,288.51000000000005
Libya,Libya,2029,m8,d1,t13,288.51
Libya,Libya,2029,m8,d1,t14,288.51
Libya,Libya,2029,m8,d1,t15,288.51000000000005
Libya,Libya,2029,m8,d1,t16,288.51000000000005
Libya,Libya,2029,m8,d1,t17,288.51000000000005
Libya,Libya,2029,m8,d1,t18,288.51000000000005
Libya,Libya,2029,m8,d1,t19,288.51
Libya,Libya,2029,m8,d1,t2,288.51
Libya,Libya,2029,m8,d1,t20,288.51000000000005
Libya,Libya,2029,m8,d1,t21,288.51000000000005
Libya,Libya,2029,m8,d1,t22,288.51000000000005
Libya,Libya,2029,m8,d1,t23,288.51
Libya,Libya,2029,m8,d1,t24,288.51000000000005
Libya,Libya,2029,m8,d1,t3,288.51000000000005
Libya,Libya,2029,m8,d1,t4,288.51
Libya,Libya,2029,m8,d1,t5,288.51000000000005
Libya,Libya,2029,m8,d1,t6,288.51000000000005
Libya,Libya,2029,m8,d1,t7,288.51000000000005
Libya,Libya,2029,m8,d1,t8,288.51000000000005
Libya,Libya,2029,m8,d1,t9,288.51000000000005
Libya,Libya,2029,m9,d1,t1,288.36
Libya,Libya,2029,m9,d1,t10,288.36
Libya,Libya,2029,m9,d1,t11,288.36
Libya,Libya,2029,m9,d1,t12,288.36
Libya,Libya,2029,m9,d1,t13,288.36
Libya,Libya,2029,m9,d1,t14,288.36
Libya,Libya,2029,m9,d1,t15,288.36
Libya,Libya,2029,m9,d1,t16,288.36
Libya,Libya,2029,m9,d1,t17,288.36
Libya,Libya,2029,m9,d1,t18,288.36
Libya,Libya,2029,m9,d1,t19,288.36
Libya,Libya,2029,m9,d1,t2,288.36
Libya,Libya,2029,m9,d1,t20,288.36
Libya,Libya,2029,m9,d1,t21,288.36
Libya,Libya,2029,m9,d1,t22,288.36
Libya,Libya,2029,m9,d1,t23,288.36
Libya,Libya,2029,m9,d1,t24,288.36
Libya,Libya,2029,m9,d1,t3,288.36
Libya,Libya,2029,m9,d1,t4,288.36
Libya,Libya,2029,m9,d1,t5,288.36
Libya,Libya,2029,m9,d1,t6,288.36
Libya,Libya,2029,m9,d1,t7,288.36
Libya,Libya,2029,m9,d1,t8,288.36
Libya,Libya,2029,m9,d1,t9,288.36
Libya,Libya,2030,m1,d1,t1,288.31
Libya,Libya,2030,m1,d1,t10,288.31
Libya,Libya,2030,m1,d1,t11,288.31
Libya,Libya,2030,m1,d1,t12,288.31
Libya,Libya,2030,m1,d1,t13,288.31
Libya,Libya,2030,m1,d1,t14,288.31
Libya,Libya,2030,m1,d1,t15,288.31
Libya,Libya,2030,m1,d1,t16,288.31
Libya,Libya,2030,m1,d1,t17,288.31
Libya,Libya,2030,m1,d1,t18,288.31
Libya,Libya,2030,m1,d1,t19,288.31
Libya,Libya,2030,m1,d1,t2,288.31
Libya,Libya,2030,m1,d1,t20,288.31
Libya,Libya,2030,m1,d1,t21,288.31
Libya,Libya,2030,m1,d1,t22,288.31
Libya,Libya,2030,m1,d1,t23,288.31
Libya,Libya,2030,m1,d1,t24,288.31
Libya,Libya,2030,m1,d1,t3,288.31
Libya,Libya,2030,m1,d1,t4,288.31
Libya,Libya,2030,m1,d1,t5,288.31
Libya,Libya,2030,m1,d1,t6,288.31
Libya,Libya,2030,m1,d1,t7,288.31
Libya,Libya,2030,m1,d1,t8,288.31
Libya,Libya,2030,m1,d1,t9,288.31
Libya,Libya,2030,m10,d1,t1,288.31
Libya,Libya,2030,m10,d1,t10,288.31
Libya,Libya,2030,m10,d1,t11,288.31
Libya,Libya,2030,m10,d1,t12,288.31
Libya,Libya,2030,m10,d1,t13,288.31
Libya,Libya,2030,m10,d1,t14,288.31
Libya,Libya,2030,m10,d1,t15,288.31
Libya,Libya,2030,m10,d1,t16,288.31
Libya,Libya,2030,m10,d1,t17,288.31
Libya,Libya,2030,m10,d1,t18,288.31
Libya,Libya,2030,m10,d1,t19,288.31
Libya,Libya,2030,m10,d1,t2,288.31
Libya,Libya,2030,m10,d1,t20,288.31
Libya,Libya,2030,m10,d1,t21,288.31
Libya,Libya,2030,m10,d1,t22,288.31
Libya,Libya,2030,m10,d1,t23,288.31
Libya,Libya,2030,m10,d1,t24,288.31
Libya,Libya,2030,m10,d1,t3,288.31
Libya,Libya,2030,m10,d1,t4,288.31
Libya,Libya,2030,m10,d1,t5,288.31
Libya,Libya,2030,m10,d1,t6,288.31
Libya,Libya,2030,m10,d1,t7,288.31
Libya,Libya,2030,m10,d1,t8,288.31
Libya,Libya,2030,m10,d1,t9,288.31
Libya,Libya,2030,m11,d1,t1,288.31000000000006
Libya,Libya,2030,m11,d1,t10,288.31000000000006
Libya,Libya,2030,m11,d1,t11,288.31000000000006
Libya,Libya,2030,m11,d1,t12,288.31000000000006
Libya,Libya,2030,m11,d1,t13,288.31000000000006
Libya,Libya,2030,m11,d1,t14,288.31000000000006
Libya,Libya,2030,m11,d1,t15,288.31000000000006
Libya,Libya,2030,m11,d1,t16,288.31000000000006
Libya,Libya,2030,m11,d1,t17,288.31000000000006
Libya,Libya,2030,m11,d1,t18,288.31000000000006
Libya,Libya,2030,m11,d1,t19,288.31000000000006
Libya,Libya,2030,m11,d1,t2,288.31000000000006
Libya,Libya,2030,m11,d1,t20,288.31000000000006
Libya,Libya,2030,m11,d1,t21,288.31000000000006
Libya,Libya,2030,m11,d1,t22,288.31000000000006
Libya,Libya,2030,m11,d1,t23,288.31000000000006
Libya,Libya,2030,m11,d1,t24,288.31000000000006
Libya,Libya,2030,m11,d1,t3,288.31000000000006
Libya,Libya,2030,m11,d1,t4,288.31000000000006
Libya,Libya,2030,m11,d1,t5,288.31000000000006
Libya,Libya,2030,m11,d1,t6,288.31000000000006
Libya,Libya,2030,m11,d1,t7,288.31000000000006
Libya,Libya,2030,m11,d1,t8,288.31000000000006
Libya,Libya,2030,m11,d1,t9,288.31000000000006
Libya,Libya,2030,m12,d1,t1,288.31
Libya,Libya,2030,m12,d1,t10,288.31
Libya,Libya,2030,m12,d1,t11,288.31
Libya,Libya,2030,m12,d1,t12,288.31
Libya,Libya,2030,m12,d1,t13,288.31
Libya,Libya,2030,m12,d1,t14,288.31
Libya,Libya,2030,m12,d1,t15,288.31
Libya,Libya,2030,m12,d1,t16,288.31
Libya,Libya,2030,m12,d1,t17,288.31
Libya,Libya,2030,m12,d1,t18,288.31
Libya,Libya,2030,m12,d1,t19,288.31
Libya,Libya,2030,m12,d1,t2,288.31
Libya,Libya,2030,m12,d1,t20,288.31
Libya,Libya,2030,m12,d1,t21,288.31
Libya,Libya,2030,m12,d1,t22,288.31
Libya,Libya,2030,m12,d1,t23,288.31
Libya,Libya,2030,m12,d1,t24,288.31
Libya,Libya,2030,m12,d1,t3,288.31
Libya,Libya,2030,m12,d1,t4,288.31
Libya,Libya,2030,m12,d1,t5,288.31
Libya,Libya,2030,m12,d1,t6,288.31
Libya,Libya,2030,m12,d1,t7,288.31
Libya,Libya,2030,m12,d1,t8,288.31
Libya,Libya,2030,m12,d1,t9,288.31
Libya,Libya,2030,m2,d1,t1,288.31
Libya,Libya,2030,m2,d1,t10,288.31
Libya,Libya,2030,m2,d1,t11,288.31
Libya,Libya,2030,m2,d1,t12,288.31
Libya,Libya,2030,m2,d1,t13,288.31
Libya,Libya,2030,m2,d1,t14,288.31
Libya,Libya,2030,m2,d1,t15,288.31
Libya,Libya,2030,m2,d1,t16,288.31
Libya,Libya,2030,m2,d1,t17,288.31
Libya,Libya,2030,m2,d1,t18,288.31
Libya,Libya,2030,m2,d1,t19,288.31
Libya,Libya,2030,m2,d1,t2,288.31
Libya,Libya,2030,m2,d1,t20,288.31
Libya,Libya,2030,m2,d1,t21,288.31000000000006
Libya,Libya,2030,m2,d1,t22,288.31000000000006
Libya,Libya,2030,m2,d1,t23,288.31
Libya,Libya,2030,m2,d1,t24,288.31
Libya,Libya,2030,m2,d1,t3,288.31
Libya,Libya,2030,m2,d1,t4,288.31
Libya,Libya,2030,m2,d1,t5,288.31
Libya,Libya,2030,m2,d1,t6,288.31
Libya,Libya,2030,m2,d1,t7,288.31
Libya,Libya,2030,m2,d1,t8,288.31
Libya,Libya,2030,m2,d1,t9,288.31
Libya,Libya,2030,m3,d1,t1,288.31
Libya,Libya,2030,m3,d1,t10,288.31
Libya,Libya,2030,m3,d1,t11,288.31
Libya,Libya,2030,m3,d1,t12,288.31
Libya,Libya,2030,m3,d1,t13,288.31
Libya,Libya,2030,m3,d1,t14,288.31
Libya,Libya,2030,m3,d1,t15,288.31
Libya,Libya,2030,m3,d1,t16,288.31
Libya,Libya,2030,m3,d1,t17,288.31
Libya,Libya,2030,m3,d1,t18,288.31
Libya,Libya,2030,m3,d1,t19,288.31
Libya,Libya,2030,m3,d1,t2,288.31
Libya,Libya,2030,m3,d1,t20,288.31
Libya,Libya,2030,m3,d1,t21,288.31
Libya,Libya,2030,m3,d1,t22,288.31
Libya,Libya,2030,m3,d1,t23,288.31
Libya,Libya,2030,m3,d1,t24,288.31
Libya,Libya,2030,m3,d1,t3,288.31
Libya,Libya,2030,m3,d1,t4,288.31
Libya,Libya,2030,m3,d1,t5,288.31
Libya,Libya,2030,m3,d1,t6,288.31
Libya,Libya,2030,m3,d1,t7,288.31
Libya,Libya,2030,m3,d1,t8,288.31
Libya,Libya,2030,m3,d1,t9,288.31
Libya,Libya,2030,m4,d1,t1,288.31000000000006
Libya,Libya,2030,m4,d1,t10,288.31000000000006
Libya,Libya,2030,m4,d1,t11,288.31000000000006
Libya,Libya,2030,m4,d1,t12,288.31000000000006
Libya,Libya,2030,m4,d1,t13,288.31000000000006
Libya,Libya,2030,m4,d1,t14,288.31000000000006
Libya,Libya,2030,m4,d1,t15,288.31000000000006
Libya,Libya,2030,m4,d1,t16,288.31000000000006
Libya,Libya,2030,m4,d1,t17,288.31000000000006
Libya,Libya,2030,m4,d1,t18,288.31000000000006
Libya,Libya,2030,m4,d1,t19,288.31000000000006
Libya,Libya,2030,m4,d1,t2,288.31000000000006
Libya,Libya,2030,m4,d1,t20,288.31000000000006
Libya,Libya,2030,m4,d1,t21,288.31000000000006
Libya,Libya,2030,m4,d1,t22,288.31000000000006
Libya,Libya,2030,m4,d1,t23,288.31000000000006
Libya,Libya,2030,m4,d1,t24,288.31000000000006
Libya,Libya,2030,m4,d1,t3,288.31000000000006
Libya,Libya,2030,m4,d1,t4,288.31000000000006
Libya,Libya,2030,m4,d1,t5,288.31000000000006
Libya,Libya,2030,m4,d1,t6,288.31000000000006
Libya,Libya,2030,m4,d1,t7,288.31000000000006
Libya,Libya,2030,m4,d1,t8,288.31000000000006
Libya,Libya,2030,m4,d1,t9,288.31000000000006
Libya,Libya,2030,m5,d1,t1,288.31
Libya,Libya,2030,m5,d1,t10,288.31
Libya,Libya,2030,m5,d1,t11,288.31
Libya,Libya,2030,m5,d1,t12,288.31
Libya,Libya,2030,m5,d1,t13,288.31
Libya,Libya,2030,m5,d1,t14,288.31
Libya,Libya,2030,m5,d1,t15,288.31
Libya,Libya,2030,m5,d1,t16,288.31
Libya,Libya,2030,m5,d1,t17,288.31
Libya,Libya,2030,m5,d1,t18,288.31
Libya,Libya,2030,m5,d1,t19,288.31
Libya,Libya,2030,m5,d1,t2,288.31
Libya,Libya,2030,m5,d1,t20,288.31
Libya,Libya,2030,m5,d1,t21,288.31
Libya,Libya,2030,m5,d1,t22,288.31
Libya,Libya,2030,m5,d1,t23,288.31
Libya,Libya,2030,m5,d1,t24,288.31
Libya,Libya,2030,m5,d1,t3,288.31
Libya,Libya,2030,m5,d1,t4,288.31
Libya,Libya,2030,m5,d1,t5,288.31
Libya,Libya,2030,m5,d1,t6,288.31
Libya,Libya,2030,m5,d1,t7,288.31
Libya,Libya,2030,m5,d1,t8,288.31
Libya,Libya,2030,m5,d1,t9,288.31
Libya,Libya,2030,m6,d1,t1,288.31000000000006
Libya,Libya,2030,m6,d1,t10,288.31000000000006
Libya,Libya,2030,m6,d1,t11,288.31000000000006
Libya,Libya,2030,m6,d1,t12,288.31000000000006
Libya,Libya,2030,m6,d1,t13,288.31000000000006
Libya,Libya,2030,m6,d1,t14,288.31000000000006
Libya,Libya,2030,m6,d1,t15,288.31000000000006
Libya,Libya,2030,m6,d1,t16,288.31000000000006
Libya,Libya,2030,m6,d1,t17,288.31000000000006
Libya,Libya,2030,m6,d1,t18,288.31000000000006
Libya,Libya,2030,m6,d1,t19,288.31000000000006
Libya,Libya,2030,m6,d1,t2,288.31000000000006
Libya,Libya,2030,m6,d1,t20,288.31000000000006
Libya,Libya,2030,m6,d1,t21,288.31000000000006
Libya,Libya,2030,m6,d1,t22,288.31000000000006
Libya,Libya,2030,m6,d1,t23,288.31000000000006
Libya,Libya,2030,m6,d1,t24,288.31000000000006
Libya,Libya,2030,m6,d1,t3,288.31000000000006
Libya,Libya,2030,m6,d1,t4,288.31000000000006
Libya,Libya,2030,m6,d1,t5,288.31000000000006
Libya,Libya,2030,m6,d1,t6,288.31000000000006
Libya,Libya,2030,m6,d1,t7,288.31000000000006
Libya,Libya,2030,m6,d1,t8,288.31000000000006
Libya,Libya,2030,m6,d1,t9,288.31000000000006
Libya,Libya,2030,m7,d1,t1,288.36
Libya,Libya,2030,m7,d1,t10,288.36
Libya,Libya,2030,m7,d1,t11,288.36
Libya,Libya,2030,m7,d1,t12,288.36
Libya,Libya,2030,m7,d1,t13,288.36
Libya,Libya,2030,m7,d1,t14,288.36
Libya,Libya,2030,m7,d1,t15,288.36
Libya,Libya,2030,m7,d1,t16,288.36
Libya,Libya,2030,m7,d1,t17,288.36
Libya,Libya,2030,m7,d1,t18,288.36
Libya,Libya,2030,m7,d1,t19,288.36
Libya,Libya,2030,m7,d1,t2,288.36
Libya,Libya,2030,m7,d1,t20,288.36
Libya,Libya,2030,m7,d1,t21,288.36
Libya,Libya,2030,m7,d1,t22,288.36
Libya,Libya,2030,m7,d1,t23,288.36
Libya,Libya,2030,m7,d1,t24,288.36
Libya,Libya,2030,m7,d1,t3,288.36
Libya,Libya,2030,m7,d1,t4,288.36
Libya,Libya,2030,m7,d1,t5,288.36
Libya,Libya,2030,m7,d1,t6,288.36
Libya,Libya,2030,m7,d1,t7,288.36
Libya,Libya,2030,m7,d1,t8,288.36
Libya,Libya,2030,m7,d1,t9,288.36
Libya,Libya,2030,m8,d1,t1,288.51000000000005
Libya,Libya,2030,m8,d1,t10,288.51000000000005
Libya,Libya,2030,m8,d1,t11,288.51000000000005
Libya,Libya,2030,m8,d1,t12,288.51000000000005
Libya,Libya,2030,m8,d1,t13,288.51000000000005
Libya,Libya,2030,m8,d1,t14,288.51000000000005
Libya,Libya,2030,m8,d1,t15,288.51000000000005
Libya,Libya,2030,m8,d1,t16,288.51000000000005
Libya,Libya,2030,m8,d1,t17,288.51000000000005
Libya,Libya,2030,m8,d1,t18,288.51000000000005
Libya,Libya,2030,m8,d1,t19,288.51000000000005
Libya,Libya,2030,m8,d1,t2,288.51000000000005
Libya,Libya,2030,m8,d1,t20,288.51000000000005
Libya,Libya,2030,m8,d1,t21,288.51000000000005
Libya,Libya,2030,m8,d1,t22,288.51000000000005
Libya,Libya,2030,m8,d1,t23,288.51000000000005
Libya,Libya,2030,m8,d1,t24,288.51000000000005
Libya,Libya,2030,m8,d1,t3,288.51000000000005
Libya,Libya,2030,m8,d1,t4,288.51000000000005
Libya,Libya,2030,m8,d1,t5,288.51000000000005
Libya,Libya,2030,m8,d1,t6,288.51000000000005
Libya,Libya,2030,m8,d1,t7,288.51000000000005
Libya,Libya,2030,m8,d1,t8,288.51000000000005
Libya,Libya,2030,m8,d1,t9,288.51000000000005
Libya,Libya,2030,m9,d1,t1,288.31000000000006
Libya,Libya,2030,m9,d1,t10,288.31000000000006
Libya,Libya,2030,m9,d1,t11,288.31000000000006
Libya,Libya,2030,m9,d1,t12,288.31000000000006
Libya,Libya,2030,m9,d1,t13,288.31000000000006
Libya,Libya,2030,m9,d1,t14,288.31000000000006
Libya,Libya,2030,m9,d1,t15,288.31000000000006
Libya,Libya,2030,m9,d1,t16,288.31000000000006
Libya,Libya,2030,m9,d1,t17,288.31000000000006
Libya,Libya,2030,m9,d1,t18,288.31000000000006
Libya,Libya,2030,m9,d1,t19,288.31000000000006
Libya,Libya,2030,m9,d1,t2,288.31000000000006
Libya,Libya,2030,m9,d1,t20,288.31000000000006
Libya,Libya,2030,m9,d1,t21,288.31000000000006
Libya,Libya,2030,m9,d1,t22,288.31000000000006
Libya,Libya,2030,m9,d1,t23,288.31000000000006
Libya,Libya,2030,m9,d1,t24,288.31000000000006
Libya,Libya,2030,m9,d1,t3,288.31000000000006
Libya,Libya,2030,m9,d1,t4,288.31000000000006
Libya,Libya,2030,m9,d1,t5,288.31000000000006
Libya,Libya,2030,m9,d1,t6,288.31000000000006
Libya,Libya,2030,m9,d1,t7,288.31000000000006
Libya,Libya,2030,m9,d1,t8,288.31000000000006
Libya,Libya,2030,m9,d1,t9,288.31000000000006
Libya,Libya,2031,m1,d1,t1,288.31
Libya,Libya,2031,m1,d1,t10,288.31
Libya,Libya,2031,m1,d1,t11,288.31
Libya,Libya,2031,m1,d1,t12,288.31
Libya,Libya,2031,m1,d1,t13,288.31
Libya,Libya,2031,m1,d1,t14,288.31
Libya,Libya,2031,m1,d1,t15,288.31
Libya,Libya,2031,m1,d1,t16,288.31
Libya,Libya,2031,m1,d1,t17,288.31
Libya,Libya,2031,m1,d1,t18,288.31
Libya,Libya,2031,m1,d1,t19,288.31
Libya,Libya,2031,m1,d1,t2,288.31
Libya,Libya,2031,m1,d1,t20,288.31
Libya,Libya,2031,m1,d1,t21,288.31
Libya,Libya,2031,m1,d1,t22,288.31
Libya,Libya,2031,m1,d1,t23,288.31
Libya,Libya,2031,m1,d1,t24,288.31
Libya,Libya,2031,m1,d1,t3,288.31
Libya,Libya,2031,m1,d1,t4,288.31
Libya,Libya,2031,m1,d1,t5,288.31
Libya,Libya,2031,m1,d1,t6,288.31
Libya,Libya,2031,m1,d1,t7,288.31
Libya,Libya,2031,m1,d1,t8,288.31
Libya,Libya,2031,m1,d1,t9,288.31
Libya,Libya,2031,m10,d1,t1,288.31
Libya,Libya,2031,m10,d1,t10,288.31
Libya,Libya,2031,m10,d1,t11,288.31
Libya,Libya,2031,m10,d1,t12,288.31
Libya,Libya,2031,m10,d1,t13,288.31
Libya,Libya,2031,m10,d1,t14,288.31
Libya,Libya,2031,m10,d1,t15,288.31
Libya,Libya,2031,m10,d1,t16,288.31000000000006
Libya,Libya,2031,m10,d1,t17,288.31
Libya,Libya,2031,m10,d1,t18,288.31
Libya,Libya,2031,m10,d1,t19,288.31
Libya,Libya,2031,m10,d1,t2,288.31
Libya,Libya,2031,m10,d1,t20,288.31
Libya,Libya,2031,m10,d1,t21,288.31
Libya,Libya,2031,m10,d1,t22,288.31
Libya,Libya,2031,m10,d1,t23,288.31
Libya,Libya,2031,m10,d1,t24,288.31
Libya,Libya,2031,m10,d1,t3,288.31
Libya,Libya,2031,m10,d1,t4,288.31
Libya,Libya,2031,m10,d1,t5,288.31
Libya,Libya,2031,m10,d1,t6,288.31000000000006
Libya,Libya,2031,m10,d1,t7,288.31
Libya,Libya,2031,m10,d1,t8,288.31
Libya,Libya,2031,m10,d1,t9,288.31
Libya,Libya,2031,m11,d1,t1,288.31
Libya,Libya,2031,m11,d1,t10,288.31
Libya,Libya,2031,m11,d1,t11,288.30999999999995
Libya,Libya,2031,m11,d1,t12,288.30999999999995
Libya,Libya,2031,m11,d1,t13,288.30999999999995
Libya,Libya,2031,m11,d1,t14,288.30999999999995
Libya,Libya,2031,m11,d1,t15,288.30999999999995
Libya,Libya,2031,m11,d1,t16,288.30999999999995
Libya,Libya,2031,m11,d1,t17,288.30999999999995
Libya,Libya,2031,m11,d1,t18,288.30999999999995
Libya,Libya,2031,m11,d1,t19,288.31
Libya,Libya,2031,m11,d1,t2,288.30999999999995
Libya,Libya,2031,m11,d1,t20,288.31
Libya,Libya,2031,m11,d1,t21,288.30999999999995
Libya,Libya,2031,m11,d1,t22,288.30999999999995
Libya,Libya,2031,m11,d1,t23,288.31
Libya,Libya,2031,m11,d1,t24,288.30999999999995
Libya,Libya,2031,m11,d1,t3,288.30999999999995
Libya,Libya,2031,m11,d1,t4,288.30999999999995
Libya,Libya,2031,m11,d1,t5,288.30999999999995
Libya,Libya,2031,m11,d1,t6,288.30999999999995
Libya,Libya,2031,m11,d1,t7,288.31
Libya,Libya,2031,m11,d1,t8,288.30999999999995
Libya,Libya,2031,m11,d1,t9,288.30999999999995
Libya,Libya,2031,m12,d1,t1,288.31
Libya,Libya,2031,m12,d1,t10,288.31
Libya,Libya,2031,m12,d1,t11,288.31
Libya,Libya,2031,m12,d1,t12,288.31
Libya,Libya,2031,m12,d1,t13,288.31
Libya,Libya,2031,m12,d1,t14,288.31
Libya,Libya,2031,m12,d1,t15,288.31
Libya,Libya,2031,m12,d1,t16,288.31
Libya,Libya,2031,m12,d1,t17,288.31000000000006
Libya,Libya,2031,m12,d1,t18,288.31
Libya,Libya,2031,m12,d1,t19,288.31
Libya,Libya,2031,m12,d1,t2,288.31
Libya,Libya,2031,m12,d1,t20,288.31
Libya,Libya,2031,m12,d1,t21,288.31
Libya,Libya,2031,m12,d1,t22,288.31
Libya,Libya,2031,m12,d1,t23,288.31
Libya,Libya,2031,m12,d1,t24,288.31
Libya,Libya,2031,m12,d1,t3,288.31
Libya,Libya,2031,m12,d1,t4,288.31
Libya,Libya,2031,m12,d1,t5,288.31
Libya,Libya,2031,m12,d1,t6,288.31
Libya,Libya,2031,m12,d1,t7,288.31
Libya,Libya,2031,m12,d1,t8,288.31
Libya,Libya,2031,m12,d1,t9,288.31
Libya,Libya,2031,m2,d1,t1,288.31000000000006
Libya,Libya,2031,m2,d1,t10,288.31000000000006
Libya,Libya,2031,m2,d1,t11,288.31000000000006
Libya,Libya,2031,m2,d1,t12,288.31000000000006
Libya,Libya,2031,m2,d1,t13,288.31000000000006
Libya,Libya,2031,m2,d1,t14,288.31000000000006
Libya,Libya,2031,m2,d1,t15,288.31000000000006
Libya,Libya,2031,m2,d1,t16,288.31000000000006
Libya,Libya,2031,m2,d1,t17,288.31000000000006
Libya,Libya,2031,m2,d1,t18,288.31000000000006
Libya,Libya,2031,m2,d1,t19,288.31000000000006
Libya,Libya,2031,m2,d1,t2,288.31000000000006
Libya,Libya,2031,m2,d1,t20,288.31000000000006
Libya,Libya,2031,m2,d1,t21,288.31000000000006
Libya,Libya,2031,m2,d1,t22,288.31000000000006
Libya,Libya,2031,m2,d1,t23,288.31000000000006
Libya,Libya,2031,m2,d1,t24,288.31000000000006
Libya,Libya,2031,m2,d1,t3,288.31000000000006
Libya,Libya,2031,m2,d1,t4,288.31000000000006
Libya,Libya,2031,m2,d1,t5,288.31000000000006
Libya,Libya,2031,m2,d1,t6,288.31000000000006
Libya,Libya,2031,m2,d1,t7,288.31000000000006
Libya,Libya,2031,m2,d1,t8,288.31000000000006
Libya,Libya,2031,m2,d1,t9,288.31000000000006
Libya,Libya,2031,m3,d1,t1,288.31
Libya,Libya,2031,m3,d1,t10,288.31000000000006
Libya,Libya,2031,m3,d1,t11,288.31
Libya,Libya,2031,m3,d1,t12,288.31
Libya,Libya,2031,m3,d1,t13,288.31000000000006
Libya,Libya,2031,m3,d1,t14,288.31
Libya,Libya,2031,m3,d1,t15,288.31
Libya,Libya,2031,m3,d1,t16,288.31
Libya,Libya,2031,m3,d1,t17,288.31
Libya,Libya,2031,m3,d1,t18,288.31
Libya,Libya,2031,m3,d1,t19,288.31
Libya,Libya,2031,m3,d1,t2,288.31
Libya,Libya,2031,m3,d1,t20,288.31000000000006
Libya,Libya,2031,m3,d1,t21,288.31
Libya,Libya,2031,m3,d1,t22,288.31
Libya,Libya,2031,m3,d1,t23,288.31000000000006
Libya,Libya,2031,m3,d1,t24,288.31
Libya,Libya,2031,m3,d1,t3,288.31
Libya,Libya,2031,m3,d1,t4,288.31
Libya,Libya,2031,m3,d1,t5,288.31
Libya,Libya,2031,m3,d1,t6,288.31
Libya,Libya,2031,m3,d1,t7,288.31
Libya,Libya,2031,m3,d1,t8,288.31
Libya,Libya,2031,m3,d1,t9,288.31
Libya,Libya,2031,m4,d1,t1,288.30999999999995
Libya,Libya,2031,m4,d1,t10,288.30999999999995
Libya,Libya,2031,m4,d1,t11,288.30999999999995
Libya,Libya,2031,m4,d1,t12,288.30999999999995
Libya,Libya,2031,m4,d1,t13,288.30999999999995
Libya,Libya,2031,m4,d1,t14,288.30999999999995
Libya,Libya,2031,m4,d1,t15,288.30999999999995
Libya,Libya,2031,m4,d1,t16,288.30999999999995
Libya,Libya,2031,m4,d1,t17,288.30999999999995
Libya,Libya,2031,m4,d1,t18,288.30999999999995
Libya,Libya,2031,m4,d1,t19,288.30999999999995
Libya,Libya,2031,m4,d1,t2,288.30999999999995
Libya,Libya,2031,m4,d1,t20,288.30999999999995
Libya,Libya,2031,m4,d1,t21,288.31
Libya,Libya,2031,m4,d1,t22,288.30999999999995
Libya,Libya,2031,m4,d1,t23,288.30999999999995
Libya,Libya,2031,m4,d1,t24,288.30999999999995
Libya,Libya,2031,m4,d1,t3,288.30999999999995
Libya,Libya,2031,m4,d1,t4,288.30999999999995
Libya,Libya,2031,m4,d1,t5,288.31
Libya,Libya,2031,m4,d1,t6,288.30999999999995
Libya,Libya,2031,m4,d1,t7,288.30999999999995
Libya,Libya,2031,m4,d1,t8,288.30999999999995
Libya,Libya,2031,m4,d1,t9,288.31
Libya,Libya,2031,m5,d1,t1,288.31
Libya,Libya,2031,m5,d1,t10,288.31
Libya,Libya,2031,m5,d1,t11,288.31
Libya,Libya,2031,m5,d1,t12,288.31
Libya,Libya,2031,m5,d1,t13,288.31
Libya,Libya,2031,m5,d1,t14,288.31
Libya,Libya,2031,m5,d1,t15,288.31
Libya,Libya,2031,m5,d1,t16,288.31
Libya,Libya,2031,m5,d1,t17,288.31
Libya,Libya,2031,m5,d1,t18,288.31000000000006
Libya,Libya,2031,m5,d1,t19,288.31
Libya,Libya,2031,m5,d1,t2,288.31
Libya,Libya,2031,m5,d1,t20,288.31
Libya,Libya,2031,m5,d1,t21,288.31
Libya,Libya,2031,m5,d1,t22,288.31
Libya,Libya,2031,m5,d1,t23,288.31
Libya,Libya,2031,m5,d1,t24,288.31
Libya,Libya,2031,m5,d1,t3,288.31
Libya,Libya,2031,m5,d1,t4,288.31000000000006
Libya,Libya,2031,m5,d1,t5,288.31
Libya,Libya,2031,m5,d1,t6,288.31
Libya,Libya,2031,m5,d1,t7,288.31
Libya,Libya,2031,m5,d1,t8,288.31
Libya,Libya,2031,m5,d1,t9,288.31
Libya,Libya,2031,m6,d1,t1,288.31
Libya,Libya,2031,m6,d1,t10,288.30999999999995
Libya,Libya,2031,m6,d1,t11,288.30999999999995
Libya,Libya,2031,m6,d1,t12,288.31
Libya,Libya,2031,m6,d1,t13,288.30999999999995
Libya,Libya,2031,m6,d1,t14,288.31
Libya,Libya,2031,m6,d1,t15,288.30999999999995
Libya,Libya,2031,m6,d1,t16,288.30999999999995
Libya,Libya,2031,m6,d1,t17,288.30999999999995
Libya,Libya,2031,m6,d1,t18,288.30999999999995
Libya,Libya,2031,m6,d1,t19,288.30999999999995
Libya,Libya,2031,m6,d1,t2,288.30999999999995
Libya,Libya,2031,m6,d1,t20,288.30999999999995
Libya,Libya,2031,m6,d1,t21,288.30999999999995
Libya,Libya,2031,m6,d1,t22,288.30999999999995
Libya,Libya,2031,m6,d1,t23,288.30999999999995
Libya,Libya,2031,m6,d1,t24,288.31
Libya,Libya,2031,m6,d1,t3,288.30999999999995
Libya,Libya,2031,m6,d1,t4,288.30999999999995
Libya,Libya,2031,m6,d1,t5,288.31
Libya,Libya,2031,m6,d1,t6,288.30999999999995
Libya,Libya,2031,m6,d1,t7,288.30999999999995
Libya,Libya,2031,m6,d1,t8,288.30999999999995
Libya,Libya,2031,m6,d1,t9,288.30999999999995
Libya,Libya,2031,m7,d1,t1,288.51000000000005
Libya,Libya,2031,m7,d1,t10,288.51000000000005
Libya,Libya,2031,m7,d1,t11,288.51000000000005
Libya,Libya,2031,m7,d1,t12,288.51000000000005
Libya,Libya,2031,m7,d1,t13,288.51000000000005
Libya,Libya,2031,m7,d1,t14,288.51000000000005
Libya,Libya,2031,m7,d1,t15,288.5100000000001
Libya,Libya,2031,m7,d1,t16,288.51000000000005
Libya,Libya,2031,m7,d1,t17,288.51000000000005
Libya,Libya,2031,m7,d1,t18,288.51000000000005
Libya,Libya,2031,m7,d1,t19,288.51000000000005
Libya,Libya,2031,m7,d1,t2,288.51000000000005
Libya,Libya,2031,m7,d1,t20,288.51000000000005
Libya,Libya,2031,m7,d1,t21,288.51000000000005
Libya,Libya,2031,m7,d1,t22,288.5100000000001
Libya,Libya,2031,m7,d1,t23,288.51000000000005
Libya,Libya,2031,m7,d1,t24,288.51000000000005
Libya,Libya,2031,m7,d1,t3,288.51000000000005
Libya,Libya,2031,m7,d1,t4,288.51000000000005
Libya,Libya,2031,m7,d1,t5,288.51000000000005
Libya,Libya,2031,m7,d1,t6,288.51000000000005
Libya,Libya,2031,m7,d1,t7,288.51000000000005
Libya,Libya,2031,m7,d1,t8,288.51000000000005
Libya,Libya,2031,m7,d1,t9,288.51000000000005
Libya,Libya,2031,m8,d1,t1,288.51000000000005
Libya,Libya,2031,m8,d1,t10,288.51000000000005
Libya,Libya,2031,m8,d1,t11,288.51000000000005
Libya,Libya,2031,m8,d1,t12,288.51000000000005
Libya,Libya,2031,m8,d1,t13,288.51000000000005
Libya,Libya,2031,m8,d1,t14,288.51000000000005
Libya,Libya,2031,m8,d1,t15,288.51000000000005
Libya,Libya,2031,m8,d1,t16,288.51000000000005
Libya,Libya,2031,m8,d1,t17,288.51000000000005
Libya,Libya,2031,m8,d1,t18,288.51000000000005
Libya,Libya,2031,m8,d1,t19,288.51000000000005
Libya,Libya,2031,m8,d1,t2,288.51000000000005
Libya,Libya,2031,m8,d1,t20,288.51000000000005
Libya,Libya,2031,m8,d1,t21,288.51000000000005
Libya,Libya,2031,m8,d1,t22,288.51000000000005
Libya,Libya,2031,m8,d1,t23,288.51000000000005
Libya,Libya,2031,m8,d1,t24,288.51000000000005
Libya,Libya,2031,m8,d1,t3,288.51000000000005
Libya,Libya,2031,m8,d1,t4,288.51000000000005
Libya,Libya,2031,m8,d1,t5,288.51000000000005
Libya,Libya,2031,m8,d1,t6,288.51000000000005
Libya,Libya,2031,m8,d1,t7,288.51000000000005
Libya,Libya,2031,m8,d1,t8,288.51000000000005
Libya,Libya,2031,m8,d1,t9,288.51000000000005
Libya,Libya,2031,m9,d1,t1,288.30999999999995
Libya,Libya,2031,m9,d1,t10,288.30999999999995
Libya,Libya,2031,m9,d1,t11,288.30999999999995
Libya,Libya,2031,m9,d1,t12,288.30999999999995
Libya,Libya,2031,m9,d1,t13,288.30999999999995
Libya,Libya,2031,m9,d1,t14,288.31
Libya,Libya,2031,m9,d1,t15,288.30999999999995
Libya,Libya,2031,m9,d1,t16,288.30999999999995
Libya,Libya,2031,m9,d1,t17,288.31
Libya,Libya,2031,m9,d1,t18,288.30999999999995
Libya,Libya,2031,m9,d1,t19,288.30999999999995
Libya,Libya,2031,m9,d1,t2,288.31
Libya,Libya,2031,m9,d1,t20,288.30999999999995
Libya,Libya,2031,m9,d1,t21,288.30999999999995
Libya,Libya,2031,m9,d1,t22,288.30999999999995
Libya,Libya,2031,m9,d1,t23,288.31
Libya,Libya,2031,m9,d1,t24,288.30999999999995
Libya,Libya,2031,m9,d1,t3,288.30999999999995
Libya,Libya,2031,m9,d1,t4,288.30999999999995
Libya,Libya,2031,m9,d1,t5,288.30999999999995
Libya,Libya,2031,m9,d1,t6,288.30999999999995
Libya,Libya,2031,m9,d1,t7,288.30999999999995
Libya,Libya,2031,m9,d1,t8,288.30999999999995
Libya,Libya,2031,m9,d1,t9,288.30999999999995
Libya,Libya,2032,m1,d1,t1,288.31
Libya,Libya,2032,m1,d1,t10,288.31000000000006
Libya,Libya,2032,m1,d1,t11,288.31
Libya,Libya,2032,m1,d1,t12,288.31
Libya,Libya,2032,m1,d1,t13,288.31
Libya,Libya,2032,m1,d1,t14,288.31
Libya,Libya,2032,m1,d1,t15,288.31
Libya,Libya,2032,m1,d1,t16,288.31
Libya,Libya,2032,m1,d1,t17,288.31
Libya,Libya,2032,m1,d1,t18,288.31000000000006
Libya,Libya,2032,m1,d1,t19,288.31
Libya,Libya,2032,m1,d1,t2,288.31
Libya,Libya,2032,m1,d1,t20,288.31
Libya,Libya,2032,m1,d1,t21,288.31
Libya,Libya,2032,m1,d1,t22,288.31
Libya,Libya,2032,m1,d1,t23,288.31
Libya,Libya,2032,m1,d1,t24,288.31
Libya,Libya,2032,m1,d1,t3,288.31
Libya,Libya,2032,m1,d1,t4,288.31
Libya,Libya,2032,m1,d1,t5,288.31
Libya,Libya,2032,m1,d1,t6,288.31
Libya,Libya,2032,m1,d1,t7,288.31
Libya,Libya,2032,m1,d1,t8,288.31
Libya,Libya,2032,m1,d1,t9,288.31
Libya,Libya,2032,m10,d1,t1,288.31
Libya,Libya,2032,m10,d1,t10,288.31
Libya,Libya,2032,m10,d1,t11,288.31
Libya,Libya,2032,m10,d1,t12,288.31
Libya,Libya,2032,m10,d1,t13,288.31
Libya,Libya,2032,m10,d1,t14,288.31
Libya,Libya,2032,m10,d1,t15,288.31
Libya,Libya,2032,m10,d1,t16,288.31
Libya,Libya,2032,m10,d1,t17,288.31
Libya,Libya,2032,m10,d1,t18,288.31
Libya,Libya,2032,m10,d1,t19,288.31
Libya,Libya,2032,m10,d1,t2,288.31
Libya,Libya,2032,m10,d1,t20,288.31
Libya,Libya,2032,m10,d1,t21,288.31
Libya,Libya,2032,m10,d1,t22,288.31
Libya,Libya,2032,m10,d1,t23,288.31000000000006
Libya,Libya,2032,m10,d1,t24,288.31
Libya,Libya,2032,m10,d1,t3,288.31
Libya,Libya,2032,m10,d1,t4,288.31
Libya,Libya,2032,m10,d1,t5,288.31
Libya,Libya,2032,m10,d1,t6,288.31
Libya,Libya,2032,m10,d1,t7,288.31
Libya,Libya,2032,m10,d1,t8,288.31
Libya,Libya,2032,m10,d1,t9,288.31
Libya,Libya,2032,m11,d1,t1,288.31
Libya,Libya,2032,m11,d1,t10,288.31
Libya,Libya,2032,m11,d1,t11,288.31
Libya,Libya,2032,m11,d1,t12,288.31
Libya,Libya,2032,m11,d1,t13,288.31
Libya,Libya,2032,m11,d1,t14,288.31
Libya,Libya,2032,m11,d1,t15,288.31
Libya,Libya,2032,m11,d1,t16,288.31
Libya,Libya,2032,m11,d1,t17,288.31
Libya,Libya,2032,m11,d1,t18,288.31
Libya,Libya,2032,m11,d1,t19,288.31
Libya,Libya,2032,m11,d1,t2,288.31
Libya,Libya,2032,m11,d1,t20,288.31
Libya,Libya,2032,m11,d1,t21,288.31
Libya,Libya,2032,m11,d1,t22,288.31
Libya,Libya,2032,m11,d1,t23,288.31
Libya,Libya,2032,m11,d1,t24,288.31
Libya,Libya,2032,m11,d1,t3,288.31
Libya,Libya,2032,m11,d1,t4,288.31
Libya,Libya,2032,m11,d1,t5,288.31
Libya,Libya,2032,m11,d1,t6,288.31
Libya,Libya,2032,m11,d1,t7,288.31
Libya,Libya,2032,m11,d1,t8,288.31
Libya,Libya,2032,m11,d1,t9,288.31
Libya,Libya,2032,m12,d1,t1,288.31
Libya,Libya,2032,m12,d1,t10,288.31
Libya,Libya,2032,m12,d1,t11,288.31
Libya,Libya,2032,m12,d1,t12,288.31
Libya,Libya,2032,m12,d1,t13,288.31
Libya,Libya,2032,m12,d1,t14,288.31
Libya,Libya,2032,m12,d1,t15,288.31000000000006
Libya,Libya,2032,m12,d1,t16,288.31
Libya,Libya,2032,m12,d1,t17,288.31
Libya,Libya,2032,m12,d1,t18,288.31
Libya,Libya,2032,m12,d1,t19,288.31
Libya,Libya,2032,m12,d1,t2,288.31
Libya,Libya,2032,m12,d1,t20,288.31
Libya,Libya,2032,m12,d1,t21,288.31000000000006
Libya,Libya,2032,m12,d1,t22,288.31
Libya,Libya,2032,m12,d1,t23,288.31
Libya,Libya,2032,m12,d1,t24,288.31
Libya,Libya,2032,m12,d1,t3,288.31
Libya,Libya,2032,m12,d1,t4,288.31
Libya,Libya,2032,m12,d1,t5,288.31
Libya,Libya,2032,m12,d1,t6,288.31
Libya,Libya,2032,m12,d1,t7,288.31
Libya,Libya,2032,m12,d1,t8,288.31
Libya,Libya,2032,m12,d1,t9,288.31
Libya,Libya,2032,m2,d1,t1,288.31000000000006
Libya,Libya,2032,m2,d1,t10,288.31000000000006
Libya,Libya,2032,m2,d1,t11,288.31000000000006
Libya,Libya,2032,m2,d1,t12,288.31000000000006
Libya,Libya,2032,m2,d1,t13,288.31000000000006
Libya,Libya,2032,m2,d1,t14,288.31000000000006
Libya,Libya,2032,m2,d1,t15,288.31000000000006
Libya,Libya,2032,m2,d1,t16,288.31000000000006
Libya,Libya,2032,m2,d1,t17,288.31000000000006
Libya,Libya,2032,m2,d1,t18,288.31000000000006
Libya,Libya,2032,m2,d1,t19,288.31000000000006
Libya,Libya,2032,m2,d1,t2,288.31000000000006
Libya,Libya,2032,m2,d1,t20,288.31000000000006
Libya,Libya,2032,m2,d1,t21,288.31000000000006
Libya,Libya,2032,m2,d1,t22,288.31000000000006
Libya,Libya,2032,m2,d1,t23,288.31000000000006
Libya,Libya,2032,m2,d1,t24,288.31000000000006
Libya,Libya,2032,m2,d1,t3,288.31000000000006
Libya,Libya,2032,m2,d1,t4,288.31000000000006
Libya,Libya,2032,m2,d1,t5,288.31000000000006
Libya,Libya,2032,m2,d1,t6,288.31000000000006
Libya,Libya,2032,m2,d1,t7,288.31000000000006
Libya,Libya,2032,m2,d1,t8,288.31000000000006
Libya,Libya,2032,m2,d1,t9,288.31000000000006
Libya,Libya,2032,m3,d1,t1,288.31
Libya,Libya,2032,m3,d1,t10,288.31
Libya,Libya,2032,m3,d1,t11,288.31
Libya,Libya,2032,m3,d1,t12,288.31
Libya,Libya,2032,m3,d1,t13,288.31
Libya,Libya,2032,m3,d1,t14,288.31
Libya,Libya,2032,m3,d1,t15,288.31
Libya,Libya,2032,m3,d1,t16,288.31
Libya,Libya,2032,m3,d1,t17,288.31
Libya,Libya,2032,m3,d1,t18,288.31
Libya,Libya,2032,m3,d1,t19,288.31
Libya,Libya,2032,m3,d1,t2,288.31
Libya,Libya,2032,m3,d1,t20,288.31
Libya,Libya,2032,m3,d1,t21,288.31
Libya,Libya,2032,m3,d1,t22,288.31
Libya,Libya,2032,m3,d1,t23,288.31
Libya,Libya,2032,m3,d1,t24,288.31
Libya,Libya,2032,m3,d1,t3,288.31
Libya,Libya,2032,m3,d1,t4,288.31
Libya,Libya,2032,m3,d1,t5,288.31
Libya,Libya,2032,m3,d1,t6,288.31
Libya,Libya,2032,m3,d1,t7,288.31
Libya,Libya,2032,m3,d1,t8,288.31
Libya,Libya,2032,m3,d1,t9,288.31
Libya,Libya,2032,m4,d1,t1,288.31
Libya,Libya,2032,m4,d1,t10,288.31
Libya,Libya,2032,m4,d1,t11,288.31
Libya,Libya,2032,m4,d1,t12,288.31
Libya,Libya,2032,m4,d1,t13,288.31
Libya,Libya,2032,m4,d1,t14,288.31
Libya,Libya,2032,m4,d1,t15,288.31
Libya,Libya,2032,m4,d1,t16,288.31
Libya,Libya,2032,m4,d1,t17,288.31
Libya,Libya,2032,m4,d1,t18,288.31
Libya,Libya,2032,m4,d1,t19,288.31
Libya,Libya,2032,m4,d1,t2,288.31
Libya,Libya,2032,m4,d1,t20,288.31
Libya,Libya,2032,m4,d1,t21,288.31
Libya,Libya,2032,m4,d1,t22,288.31
Libya,Libya,2032,m4,d1,t23,288.31
Libya,Libya,2032,m4,d1,t24,288.31
Libya,Libya,2032,m4,d1,t3,288.31
Libya,Libya,2032,m4,d1,t4,288.31
Libya,Libya,2032,m4,d1,t5,288.31
Libya,Libya,2032,m4,d1,t6,288.31
Libya,Libya,2032,m4,d1,t7,288.31
Libya,Libya,2032,m4,d1,t8,288.31
Libya,Libya,2032,m4,d1,t9,288.31
Libya,Libya,2032,m5,d1,t1,288.31
Libya,Libya,2032,m5,d1,t10,288.31
Libya,Libya,2032,m5,d1,t11,288.31
Libya,Libya,2032,m5,d1,t12,288.31
Libya,Libya,2032,m5,d1,t13,288.31
Libya,Libya,2032,m5,d1,t14,288.31
Libya,Libya,2032,m5,d1,t15,288.31
Libya,Libya,2032,m5,d1,t16,288.31
Libya,Libya,2032,m5,d1,t17,288.31
Libya,Libya,2032,m5,d1,t18,288.31
Libya,Libya,2032,m5,d1,t19,288.31
Libya,Libya,2032,m5,d1,t2,288.31
Libya,Libya,2032,m5,d1,t20,288.31
Libya,Libya,2032,m5,d1,t21,288.31
Libya,Libya,2032,m5,d1,t22,288.31
Libya,Libya,2032,m5,d1,t23,288.31000000000006
Libya,Libya,2032,m5,d1,t24,288.31
Libya,Libya,2032,m5,d1,t3,288.31
Libya,Libya,2032,m5,d1,t4,288.31
Libya,Libya,2032,m5,d1,t5,288.31
Libya,Libya,2032,m5,d1,t6,288.31
Libya,Libya,2032,m5,d1,t7,288.31
Libya,Libya,2032,m5,d1,t8,288.31
Libya,Libya,2032,m5,d1,t9,288.31
Libya,Libya,2032,m6,d1,t1,288.31
Libya,Libya,2032,m6,d1,t10,288.31
Libya,Libya,2032,m6,d1,t11,288.31
Libya,Libya,2032,m6,d1,t12,288.31
Libya,Libya,2032,m6,d1,t13,288.31
Libya,Libya,2032,m6,d1,t14,288.31
Libya,Libya,2032,m6,d1,t15,288.31
Libya,Libya,2032,m6,d1,t16,288.31
Libya,Libya,2032,m6,d1,t17,288.31
Libya,Libya,2032,m6,d1,t18,288.31
Libya,Libya,2032,m6,d1,t19,288.31
Libya,Libya,2032,m6,d1,t2,288.31
Libya,Libya,2032,m6,d1,t20,288.31
Libya,Libya,2032,m6,d1,t21,288.31
Libya,Libya,2032,m6,d1,t22,288.31
Libya,Libya,2032,m6,d1,t23,288.31
Libya,Libya,2032,m6,d1,t24,288.31
Libya,Libya,2032,m6,d1,t3,288.31
Libya,Libya,2032,m6,d1,t4,288.31
Libya,Libya,2032,m6,d1,t5,288.31
Libya,Libya,2032,m6,d1,t6,288.31
Libya,Libya,2032,m6,d1,t7,288.31
Libya,Libya,2032,m6,d1,t8,288.31
Libya,Libya,2032,m6,d1,t9,288.31
Libya,Libya,2032,m7,d1,t1,288.36
Libya,Libya,2032,m7,d1,t10,288.36
Libya,Libya,2032,m7,d1,t11,288.36
Libya,Libya,2032,m7,d1,t12,288.36
Libya,Libya,2032,m7,d1,t13,288.36
Libya,Libya,2032,m7,d1,t14,288.36
Libya,Libya,2032,m7,d1,t15,288.36000000000007
Libya,Libya,2032,m7,d1,t16,288.36
Libya,Libya,2032,m7,d1,t17,288.36
Libya,Libya,2032,m7,d1,t18,288.36
Libya,Libya,2032,m7,d1,t19,288.36
Libya,Libya,2032,m7,d1,t2,288.36
Libya,Libya,2032,m7,d1,t20,288.36
Libya,Libya,2032,m7,d1,t21,288.36
Libya,Libya,2032,m7,d1,t22,288.36
Libya,Libya,2032,m7,d1,t23,288.36
Libya,Libya,2032,m7,d1,t24,288.36
Libya,Libya,2032,m7,d1,t3,288.36
Libya,Libya,2032,m7,d1,t4,288.36
Libya,Libya,2032,m7,d1,t5,288.36
Libya,Libya,2032,m7,d1,t6,288.36
Libya,Libya,2032,m7,d1,t7,288.36
Libya,Libya,2032,m7,d1,t8,288.36
Libya,Libya,2032,m7,d1,t9,288.36
Libya,Libya,2032,m8,d1,t1,288.36
Libya,Libya,2032,m8,d1,t10,288.36
Libya,Libya,2032,m8,d1,t11,288.36
Libya,Libya,2032,m8,d1,t12,288.36
Libya,Libya,2032,m8,d1,t13,288.36
Libya,Libya,2032,m8,d1,t14,288.36
Libya,Libya,2032,m8,d1,t15,288.36
Libya,Libya,2032,m8,d1,t16,288.36000000000007
Libya,Libya,2032,m8,d1,t17,288.36
Libya,Libya,2032,m8,d1,t18,288.36
Libya,Libya,2032,m8,d1,t19,288.36
Libya,Libya,2032,m8,d1,t2,288.36
Libya,Libya,2032,m8,d1,t20,288.36
Libya,Libya,2032,m8,d1,t21,288.36
Libya,Libya,2032,m8,d1,t22,288.36
Libya,Libya,2032,m8,d1,t23,288.36
Libya,Libya,2032,m8,d1,t24,288.36
Libya,Libya,2032,m8,d1,t3,288.36
Libya,Libya,2032,m8,d1,t4,288.36
Libya,Libya,2032,m8,d1,t5,288.36
Libya,Libya,2032,m8,d1,t6,288.36
Libya,Libya,2032,m8,d1,t7,288.36
Libya,Libya,2032,m8,d1,t8,288.36
Libya,Libya,2032,m8,d1,t9,288.36
Libya,Libya,2032,m9,d1,t1,288.31
Libya,Libya,2032,m9,d1,t10,288.31
Libya,Libya,2032,m9,d1,t11,288.31
Libya,Libya,2032,m9,d1,t12,288.31
Libya,Libya,2032,m9,d1,t13,288.31
Libya,Libya,2032,m9,d1,t14,288.31
Libya,Libya,2032,m9,d1,t15,288.31
Libya,Libya,2032,m9,d1,t16,288.31
Libya,Libya,2032,m9,d1,t17,288.31
Libya,Libya,2032,m9,d1,t18,288.31
Libya,Libya,2032,m9,d1,t19,288.31
Libya,Libya,2032,m9,d1,t2,288.31
Libya,Libya,2032,m9,d1,t20,288.31
Libya,Libya,2032,m9,d1,t21,288.31
Libya,Libya,2032,m9,d1,t22,288.31
Libya,Libya,2032,m9,d1,t23,288.31
Libya,Libya,2032,m9,d1,t24,288.31
Libya,Libya,2032,m9,d1,t3,288.31
Libya,Libya,2032,m9,d1,t4,288.31
Libya,Libya,2032,m9,d1,t5,288.31
Libya,Libya,2032,m9,d1,t6,288.31
Libya,Libya,2032,m9,d1,t7,288.31
Libya,Libya,2032,m9,d1,t8,288.31
Libya,Libya,2032,m9,d1,t9,288.31
Libya,Libya,2033,m1,d1,t1,288.31
Libya,Libya,2033,m1,d1,t10,288.31
Libya,Libya,2033,m1,d1,t11,288.31
Libya,Libya,2033,m1,d1,t12,288.31
Libya,Libya,2033,m1,d1,t13,288.31
Libya,Libya,2033,m1,d1,t14,288.31
Libya,Libya,2033,m1,d1,t15,288.31
Libya,Libya,2033,m1,d1,t16,288.31
Libya,Libya,2033,m1,d1,t17,288.31
Libya,Libya,2033,m1,d1,t18,288.31
Libya,Libya,2033,m1,d1,t19,288.31
Libya,Libya,2033,m1,d1,t2,288.31
Libya,Libya,2033,m1,d1,t20,288.31
Libya,Libya,2033,m1,d1,t21,288.31
Libya,Libya,2033,m1,d1,t22,288.31
Libya,Libya,2033,m1,d1,t23,288.31
Libya,Libya,2033,m1,d1,t24,288.31
Libya,Libya,2033,m1,d1,t3,288.31
Libya,Libya,2033,m1,d1,t4,288.31
Libya,Libya,2033,m1,d1,t5,288.31
Libya,Libya,2033,m1,d1,t6,288.31
Libya,Libya,2033,m1,d1,t7,288.31
Libya,Libya,2033,m1,d1,t8,288.31
Libya,Libya,2033,m1,d1,t9,288.31
Libya,Libya,2033,m10,d1,t1,288.31
Libya,Libya,2033,m10,d1,t10,288.31
Libya,Libya,2033,m10,d1,t11,288.31
Libya,Libya,2033,m10,d1,t12,288.31
Libya,Libya,2033,m10,d1,t13,288.31
Libya,Libya,2033,m10,d1,t14,288.31
Libya,Libya,2033,m10,d1,t15,288.31
Libya,Libya,2033,m10,d1,t16,288.31
Libya,Libya,2033,m10,d1,t17,288.31
Libya,Libya,2033,m10,d1,t18,288.31
Libya,Libya,2033,m10,d1,t19,288.31
Libya,Libya,2033,m10,d1,t2,288.31
Libya,Libya,2033,m10,d1,t20,288.31
Libya,Libya,2033,m10,d1,t21,288.31
Libya,Libya,2033,m10,d1,t22,288.31
Libya,Libya,2033,m10,d1,t23,288.31
Libya,Libya,2033,m10,d1,t24,288.31
Libya,Libya,2033,m10,d1,t3,288.31
Libya,Libya,2033,m10,d1,t4,288.31
Libya,Libya,2033,m10,d1,t5,288.31
Libya,Libya,2033,m10,d1,t6,288.31
Libya,Libya,2033,m10,d1,t7,288.31
Libya,Libya,2033,m10,d1,t8,288.31
Libya,Libya,2033,m10,d1,t9,288.31
Libya,Libya,2033,m11,d1,t1,288.31
Libya,Libya,2033,m11,d1,t10,288.31
Libya,Libya,2033,m11,d1,t11,288.31000000000006
Libya,Libya,2033,m11,d1,t12,288.31
Libya,Libya,2033,m11,d1,t13,288.31
Libya,Libya,2033,m11,d1,t14,288.31000000000006
Libya,Libya,2033,m11,d1,t15,288.31
Libya,Libya,2033,m11,d1,t16,288.31
Libya,Libya,2033,m11,d1,t17,288.31
Libya,Libya,2033,m11,d1,t18,288.31
Libya,Libya,2033,m11,d1,t19,288.31
Libya,Libya,2033,m11,d1,t2,288.31
Libya,Libya,2033,m11,d1,t20,288.31
Libya,Libya,2033,m11,d1,t21,288.31
Libya,Libya,2033,m11,d1,t22,288.31
Libya,Libya,2033,m11,d1,t23,288.31
Libya,Libya,2033,m11,d1,t24,288.31
Libya,Libya,2033,m11,d1,t3,288.31
Libya,Libya,2033,m11,d1,t4,288.31000000000006
Libya,Libya,2033,m11,d1,t5,288.31
Libya,Libya,2033,m11,d1,t6,288.31
Libya,Libya,2033,m11,d1,t7,288.31
Libya,Libya,2033,m11,d1,t8,288.31000000000006
Libya,Libya,2033,m11,d1,t9,288.31
Libya,Libya,2033,m12,d1,t1,288.31
Libya,Libya,2033,m12,d1,t10,288.31
Libya,Libya,2033,m12,d1,t11,288.31
Libya,Libya,2033,m12,d1,t12,288.31
Libya,Libya,2033,m12,d1,t13,288.31
Libya,Libya,2033,m12,d1,t14,288.31
Libya,Libya,2033,m12,d1,t15,288.31
Libya,Libya,2033,m12,d1,t16,288.31
Libya,Libya,2033,m12,d1,t17,288.31
Libya,Libya,2033,m12,d1,t18,288.31
Libya,Libya,2033,m12,d1,t19,288.31
Libya,Libya,2033,m12,d1,t2,288.31
Libya,Libya,2033,m12,d1,t20,288.31
Libya,Libya,2033,m12,d1,t21,288.31
Libya,Libya,2033,m12,d1,t22,288.31
Libya,Libya,2033,m12,d1,t23,288.31
Libya,Libya,2033,m12,d1,t24,288.31
Libya,Libya,2033,m12,d1,t3,288.31
Libya,Libya,2033,m12,d1,t4,288.31
Libya,Libya,2033,m12,d1,t5,288.31
Libya,Libya,2033,m12,d1,t6,288.31
Libya,Libya,2033,m12,d1,t7,288.31
Libya,Libya,2033,m12,d1,t8,288.31
Libya,Libya,2033,m12,d1,t9,288.31
Libya,Libya,2033,m2,d1,t1,288.31
Libya,Libya,2033,m2,d1,t10,288.31
Libya,Libya,2033,m2,d1,t11,288.31
Libya,Libya,2033,m2,d1,t12,288.31
Libya,Libya,2033,m2,d1,t13,288.31
Libya,Libya,2033,m2,d1,t14,288.31
Libya,Libya,2033,m2,d1,t15,288.31
Libya,Libya,2033,m2,d1,t16,288.31
Libya,Libya,2033,m2,d1,t17,288.31
Libya,Libya,2033,m2,d1,t18,288.31
Libya,Libya,2033,m2,d1,t19,288.31
Libya,Libya,2033,m2,d1,t2,288.31
Libya,Libya,2033,m2,d1,t20,288.31
Libya,Libya,2033,m2,d1,t21,288.31
Libya,Libya,2033,m2,d1,t22,288.31
Libya,Libya,2033,m2,d1,t23,288.31
Libya,Libya,2033,m2,d1,t24,288.31
Libya,Libya,2033,m2,d1,t3,288.31
Libya,Libya,2033,m2,d1,t4,288.31
Libya,Libya,2033,m2,d1,t5,288.31
Libya,Libya,2033,m2,d1,t6,288.31
Libya,Libya,2033,m2,d1,t7,288.31
Libya,Libya,2033,m2,d1,t8,288.31
Libya,Libya,2033,m2,d1,t9,288.31
Libya,Libya,2033,m3,d1,t1,288.31
Libya,Libya,2033,m3,d1,t10,288.31
Libya,Libya,2033,m3,d1,t11,288.31
Libya,Libya,2033,m3,d1,t12,288.31
Libya,Libya,2033,m3,d1,t13,288.31
Libya,Libya,2033,m3,d1,t14,288.31
Libya,Libya,2033,m3,d1,t15,288.31
Libya,Libya,2033,m3,d1,t16,288.31
Libya,Libya,2033,m3,d1,t17,288.31
Libya,Libya,2033,m3,d1,t18,288.31
Libya,Libya,2033,m3,d1,t19,288.31
Libya,Libya,2033,m3,d1,t2,288.31
Libya,Libya,2033,m3,d1,t20,288.31
Libya,Libya,2033,m3,d1,t21,288.31
Libya,Libya,2033,m3,d1,t22,288.31
Libya,Libya,2033,m3,d1,t23,288.31
Libya,Libya,2033,m3,d1,t24,288.31
Libya,Libya,2033,m3,d1,t3,288.31
Libya,Libya,2033,m3,d1,t4,288.31
Libya,Libya,2033,m3,d1,t5,288.31
Libya,Libya,2033,m3,d1,t6,288.31
Libya,Libya,2033,m3,d1,t7,288.31
Libya,Libya,2033,m3,d1,t8,288.31
Libya,Libya,2033,m3,d1,t9,288.31
Libya,Libya,2033,m4,d1,t1,288.31
Libya,Libya,2033,m4,d1,t10,288.31000000000006
Libya,Libya,2033,m4,d1,t11,288.31000000000006
Libya,Libya,2033,m4,d1,t12,288.31
Libya,Libya,2033,m4,d1,t13,288.31
Libya,Libya,2033,m4,d1,t14,288.31000000000006
Libya,Libya,2033,m4,d1,t15,288.31
Libya,Libya,2033,m4,d1,t16,288.31
Libya,Libya,2033,m4,d1,t17,288.31
Libya,Libya,2033,m4,d1,t18,288.31
Libya,Libya,2033,m4,d1,t19,288.31000000000006
Libya,Libya,2033,m4,d1,t2,288.31
Libya,Libya,2033,m4,d1,t20,288.31
Libya,Libya,2033,m4,d1,t21,288.31
Libya,Libya,2033,m4,d1,t22,288.31
Libya,Libya,2033,m4,d1,t23,288.31
Libya,Libya,2033,m4,d1,t24,288.31
Libya,Libya,2033,m4,d1,t3,288.31000000000006
Libya,Libya,2033,m4,d1,t4,288.31
Libya,Libya,2033,m4,d1,t5,288.31
Libya,Libya,2033,m4,d1,t6,288.31
Libya,Libya,2033,m4,d1,t7,288.31
Libya,Libya,2033,m4,d1,t8,288.31
Libya,Libya,2033,m4,d1,t9,288.31000000000006
Libya,Libya,2033,m5,d1,t1,288.31
Libya,Libya,2033,m5,d1,t10,288.31
Libya,Libya,2033,m5,d1,t11,288.31
Libya,Libya,2033,m5,d1,t12,288.31
Libya,Libya,2033,m5,d1,t13,288.31
Libya,Libya,2033,m5,d1,t14,288.31
Libya,Libya,2033,m5,d1,t15,288.31
Libya,Libya,2033,m5,d1,t16,288.31
Libya,Libya,2033,m5,d1,t17,288.31
Libya,Libya,2033,m5,d1,t18,288.31
Libya,Libya,2033,m5,d1,t19,288.31
Libya,Libya,2033,m5,d1,t2,288.31
Libya,Libya,2033,m5,d1,t20,288.31
Libya,Libya,2033,m5,d1,t21,288.31
Libya,Libya,2033,m5,d1,t22,288.31
Libya,Libya,2033,m5,d1,t23,288.31
Libya,Libya,2033,m5,d1,t24,288.31
Libya,Libya,2033,m5,d1,t3,288.31
Libya,Libya,2033,m5,d1,t4,288.31
Libya,Libya,2033,m5,d1,t5,288.31
Libya,Libya,2033,m5,d1,t6,288.31
Libya,Libya,2033,m5,d1,t7,288.31
Libya,Libya,2033,m5,d1,t8,288.31
Libya,Libya,2033,m5,d1,t9,288.31
Libya,Libya,2033,m6,d1,t1,288.31
Libya,Libya,2033,m6,d1,t10,288.31
Libya,Libya,2033,m6,d1,t11,288.31
Libya,Libya,2033,m6,d1,t12,288.31
Libya,Libya,2033,m6,d1,t13,288.31
Libya,Libya,2033,m6,d1,t14,288.31
Libya,Libya,2033,m6,d1,t15,288.31
Libya,Libya,2033,m6,d1,t16,288.31
Libya,Libya,2033,m6,d1,t17,288.31
Libya,Libya,2033,m6,d1,t18,288.31
Libya,Libya,2033,m6,d1,t19,288.31000000000006
Libya,Libya,2033,m6,d1,t2,288.31
Libya,Libya,2033,m6,d1,t20,288.31
Libya,Libya,2033,m6,d1,t21,288.31
Libya,Libya,2033,m6,d1,t22,288.31
Libya,Libya,2033,m6,d1,t23,288.31
Libya,Libya,2033,m6,d1,t24,288.31000000000006
Libya,Libya,2033,m6,d1,t3,288.31
Libya,Libya,2033,m6,d1,t4,288.31
Libya,Libya,2033,m6,d1,t5,288.31
Libya,Libya,2033,m6,d1,t6,288.31
Libya,Libya,2033,m6,d1,t7,288.31000000000006
Libya,Libya,2033,m6,d1,t8,288.31000000000006
Libya,Libya,2033,m6,d1,t9,288.31
Libya,Libya,2033,m7,d1,t1,288.36000000000007
Libya,Libya,2033,m7,d1,t10,288.36000000000007
Libya,Libya,2033,m7,d1,t11,288.36000000000007
Libya,Libya,2033,m7,d1,t12,288.36000000000007
Libya,Libya,2033,m7,d1,t13,288.36000000000007
Libya,Libya,2033,m7,d1,t14,288.36000000000007
Libya,Libya,2033,m7,d1,t15,288.36000000000007
Libya,Libya,2033,m7,d1,t16,288.36000000000007
Libya,Libya,2033,m7,d1,t17,288.36000000000007
Libya,Libya,2033,m7,d1,t18,288.36000000000007
Libya,Libya,2033,m7,d1,t19,288.36
Libya,Libya,2033,m7,d1,t2,288.36000000000007
Libya,Libya,2033,m7,d1,t20,288.36000000000007
Libya,Libya,2033,m7,d1,t21,288.36
Libya,Libya,2033,m7,d1,t22,288.36000000000007
Libya,Libya,2033,m7,d1,t23,288.36
Libya,Libya,2033,m7,d1,t24,288.36000000000007
Libya,Libya,2033,m7,d1,t3,288.36000000000007
Libya,Libya,2033,m7,d1,t4,288.36000000000007
Libya,Libya,2033,m7,d1,t5,288.36000000000007
Libya,Libya,2033,m7,d1,t6,288.36000000000007
Libya,Libya,2033,m7,d1,t7,288.36000000000007
Libya,Libya,2033,m7,d1,t8,288.36000000000007
Libya,Libya,2033,m7,d1,t9,288.36000000000007
Libya,Libya,2033,m8,d1,t1,288.51
Libya,Libya,2033,m8,d1,t10,288.51
Libya,Libya,2033,m8,d1,t11,288.51
Libya,Libya,2033,m8,d1,t12,288.51
Libya,Libya,2033,m8,d1,t13,288.51
Libya,Libya,2033,m8,d1,t14,288.51
Libya,Libya,2033,m8,d1,t15,288.51
Libya,Libya,2033,m8,d1,t16,288.51
Libya,Libya,2033,m8,d1,t17,288.51
Libya,Libya,2033,m8,d1,t18,288.51
Libya,Libya,2033,m8,d1,t19,288.51
Libya,Libya,2033,m8,d1,t2,288.51
Libya,Libya,2033,m8,d1,t20,288.51
Libya,Libya,2033,m8,d1,t21,288.51
Libya,Libya,2033,m8,d1,t22,288.51
Libya,Libya,2033,m8,d1,t23,288.51
Libya,Libya,2033,m8,d1,t24,288.51
Libya,Libya,2033,m8,d1,t3,288.51
Libya,Libya,2033,m8,d1,t4,288.51
Libya,Libya,2033,m8,d1,t5,288.51
Libya,Libya,2033,m8,d1,t6,288.51
Libya,Libya,2033,m8,d1,t7,288.51
Libya,Libya,2033,m8,d1,t8,288.51
Libya,Libya,2033,m8,d1,t9,288.51
Libya,Libya,2033,m9,d1,t1,288.31
Libya,Libya,2033,m9,d1,t10,288.31
Libya,Libya,2033,m9,d1,t11,288.31
Libya,Libya,2033,m9,d1,t12,288.31
Libya,Libya,2033,m9,d1,t13,288.31000000000006
Libya,Libya,2033,m9,d1,t14,288.31
Libya,Libya,2033,m9,d1,t15,288.31
Libya,Libya,2033,m9,d1,t16,288.31
Libya,Libya,2033,m9,d1,t17,288.31
Libya,Libya,2033,m9,d1,t18,288.31
Libya,Libya,2033,m9,d1,t19,288.31
Libya,Libya,2033,m9,d1,t2,288.31
Libya,Libya,2033,m9,d1,t20,288.31
Libya,Libya,2033,m9,d1,t21,288.31
Libya,Libya,2033,m9,d1,t22,288.31
Libya,Libya,2033,m9,d1,t23,288.31
Libya,Libya,2033,m9,d1,t24,288.31
Libya,Libya,2033,m9,d1,t3,288.31
Libya,Libya,2033,m9,d1,t4,288.31
Libya,Libya,2033,m9,d1,t5,288.31
Libya,Libya,2033,m9,d1,t6,288.31
Libya,Libya,2033,m9,d1,t7,288.31
Libya,Libya,2033,m9,d1,t8,288.31
Libya,Libya,2033,m9,d1,t9,288.31
Libya,Libya,2034,m1,d1,t1,288.31
Libya,Libya,2034,m1,d1,t10,288.31
Libya,Libya,2034,m1,d1,t11,288.31
Libya,Libya,2034,m1,d1,t12,288.31
Libya,Libya,2034,m1,d1,t13,288.31
Libya,Libya,2034,m1,d1,t14,288.31
Libya,Libya,2034,m1,d1,t15,288.31
Libya,Libya,2034,m1,d1,t16,288.31
Libya,Libya,2034,m1,d1,t17,288.31
Libya,Libya,2034,m1,d1,t18,288.31
Libya,Libya,2034,m1,d1,t19,288.31
Libya,Libya,2034,m1,d1,t2,288.31
Libya,Libya,2034,m1,d1,t20,288.31
Libya,Libya,2034,m1,d1,t21,288.31
Libya,Libya,2034,m1,d1,t22,288.31
Libya,Libya,2034,m1,d1,t23,288.31
Libya,Libya,2034,m1,d1,t24,288.31
Libya,Libya,2034,m1,d1,t3,288.31
Libya,Libya,2034,m1,d1,t4,288.31
Libya,Libya,2034,m1,d1,t5,288.31
Libya,Libya,2034,m1,d1,t6,288.31
Libya,Libya,2034,m1,d1,t7,288.31
Libya,Libya,2034,m1,d1,t8,288.31
Libya,Libya,2034,m1,d1,t9,288.31
Libya,Libya,2034,m10,d1,t1,288.31
Libya,Libya,2034,m10,d1,t10,288.31
Libya,Libya,2034,m10,d1,t11,288.31
Libya,Libya,2034,m10,d1,t12,288.31
Libya,Libya,2034,m10,d1,t13,288.31
Libya,Libya,2034,m10,d1,t14,288.31
Libya,Libya,2034,m10,d1,t15,288.31
Libya,Libya,2034,m10,d1,t16,288.31
Libya,Libya,2034,m10,d1,t17,288.31
Libya,Libya,2034,m10,d1,t18,288.31
Libya,Libya,2034,m10,d1,t19,288.31
Libya,Libya,2034,m10,d1,t2,288.31
Libya,Libya,2034,m10,d1,t20,288.31
Libya,Libya,2034,m10,d1,t21,288.31
Libya,Libya,2034,m10,d1,t22,288.31
Libya,Libya,2034,m10,d1,t23,288.31
Libya,Libya,2034,m10,d1,t24,288.31
Libya,Libya,2034,m10,d1,t3,288.31
Libya,Libya,2034,m10,d1,t4,288.31
Libya,Libya,2034,m10,d1,t5,288.31
Libya,Libya,2034,m10,d1,t6,288.31
Libya,Libya,2034,m10,d1,t7,288.31
Libya,Libya,2034,m10,d1,t8,288.31
Libya,Libya,2034,m10,d1,t9,288.31
Libya,Libya,2034,m11,d1,t1,288.31
Libya,Libya,2034,m11,d1,t10,288.31
Libya,Libya,2034,m11,d1,t11,288.31
Libya,Libya,2034,m11,d1,t12,288.31
Libya,Libya,2034,m11,d1,t13,288.31
Libya,Libya,2034,m11,d1,t14,288.31
Libya,Libya,2034,m11,d1,t15,288.31
Libya,Libya,2034,m11,d1,t16,288.31
Libya,Libya,2034,m11,d1,t17,288.31
Libya,Libya,2034,m11,d1,t18,288.31
Libya,Libya,2034,m11,d1,t19,288.31
Libya,Libya,2034,m11,d1,t2,288.31
Libya,Libya,2034,m11,d1,t20,288.31
Libya,Libya,2034,m11,d1,t21,288.31
Libya,Libya,2034,m11,d1,t22,288.31
Libya,Libya,2034,m11,d1,t23,288.31
Libya,Libya,2034,m11,d1,t24,288.31
Libya,Libya,2034,m11,d1,t3,288.31
Libya,Libya,2034,m11,d1,t4,288.31
Libya,Libya,2034,m11,d1,t5,288.31
Libya,Libya,2034,m11,d1,t6,288.31
Libya,Libya,2034,m11,d1,t7,288.31
Libya,Libya,2034,m11,d1,t8,288.31
Libya,Libya,2034,m11,d1,t9,288.31
Libya,Libya,2034,m12,d1,t1,288.31
Libya,Libya,2034,m12,d1,t10,288.31
Libya,Libya,2034,m12,d1,t11,288.31
Libya,Libya,2034,m12,d1,t12,288.31
Libya,Libya,2034,m12,d1,t13,288.31
Libya,Libya,2034,m12,d1,t14,288.31
Libya,Libya,2034,m12,d1,t15,288.31
Libya,Libya,2034,m12,d1,t16,288.31
Libya,Libya,2034,m12,d1,t17,288.31
Libya,Libya,2034,m12,d1,t18,288.31
Libya,Libya,2034,m12,d1,t19,288.31
Libya,Libya,2034,m12,d1,t2,288.31
Libya,Libya,2034,m12,d1,t20,288.31
Libya,Libya,2034,m12,d1,t21,288.31
Libya,Libya,2034,m12,d1,t22,288.31
Libya,Libya,2034,m12,d1,t23,288.31
Libya,Libya,2034,m12,d1,t24,288.31
Libya,Libya,2034,m12,d1,t3,288.31
Libya,Libya,2034,m12,d1,t4,288.31
Libya,Libya,2034,m12,d1,t5,288.31
Libya,Libya,2034,m12,d1,t6,288.31
Libya,Libya,2034,m12,d1,t7,288.31
Libya,Libya,2034,m12,d1,t8,288.31
Libya,Libya,2034,m12,d1,t9,288.31
Libya,Libya,2034,m2,d1,t1,288.31000000000006
Libya,Libya,2034,m2,d1,t10,288.31000000000006
Libya,Libya,2034,m2,d1,t11,288.31000000000006
Libya,Libya,2034,m2,d1,t12,288.31000000000006
Libya,Libya,2034,m2,d1,t13,288.31000000000006
Libya,Libya,2034,m2,d1,t14,288.31000000000006
Libya,Libya,2034,m2,d1,t15,288.31000000000006
Libya,Libya,2034,m2,d1,t16,288.31000000000006
Libya,Libya,2034,m2,d1,t17,288.31000000000006
Libya,Libya,2034,m2,d1,t18,288.31000000000006
Libya,Libya,2034,m2,d1,t19,288.31000000000006
Libya,Libya,2034,m2,d1,t2,288.31000000000006
Libya,Libya,2034,m2,d1,t20,288.31000000000006
Libya,Libya,2034,m2,d1,t21,288.31000000000006
Libya,Libya,2034,m2,d1,t22,288.31000000000006
Libya,Libya,2034,m2,d1,t23,288.31000000000006
Libya,Libya,2034,m2,d1,t24,288.31000000000006
Libya,Libya,2034,m2,d1,t3,288.31000000000006
Libya,Libya,2034,m2,d1,t4,288.31000000000006
Libya,Libya,2034,m2,d1,t5,288.31000000000006
Libya,Libya,2034,m2,d1,t6,288.31000000000006
Libya,Libya,2034,m2,d1,t7,288.31000000000006
Libya,Libya,2034,m2,d1,t8,288.31000000000006
Libya,Libya,2034,m2,d1,t9,288.31000000000006
Libya,Libya,2034,m3,d1,t1,288.31
Libya,Libya,2034,m3,d1,t10,288.31
Libya,Libya,2034,m3,d1,t11,288.31
Libya,Libya,2034,m3,d1,t12,288.31
Libya,Libya,2034,m3,d1,t13,288.31
Libya,Libya,2034,m3,d1,t14,288.31
Libya,Libya,2034,m3,d1,t15,288.31
Libya,Libya,2034,m3,d1,t16,288.31
Libya,Libya,2034,m3,d1,t17,288.31
Libya,Libya,2034,m3,d1,t18,288.31
Libya,Libya,2034,m3,d1,t19,288.31
Libya,Libya,2034,m3,d1,t2,288.31
Libya,Libya,2034,m3,d1,t20,288.31
Libya,Libya,2034,m3,d1,t21,288.31
Libya,Libya,2034,m3,d1,t22,288.31
Libya,Libya,2034,m3,d1,t23,288.31
Libya,Libya,2034,m3,d1,t24,288.31
Libya,Libya,2034,m3,d1,t3,288.31
Libya,Libya,2034,m3,d1,t4,288.31
Libya,Libya,2034,m3,d1,t5,288.31
Libya,Libya,2034,m3,d1,t6,288.31
Libya,Libya,2034,m3,d1,t7,288.31
Libya,Libya,2034,m3,d1,t8,288.31
Libya,Libya,2034,m3,d1,t9,288.31
Libya,Libya,2034,m4,d1,t1,288.31
Libya,Libya,2034,m4,d1,t10,288.31
Libya,Libya,2034,m4,d1,t11,288.31
Libya,Libya,2034,m4,d1,t12,288.31
Libya,Libya,2034,m4,d1,t13,288.31
Libya,Libya,2034,m4,d1,t14,288.31
Libya,Libya,2034,m4,d1,t15,288.31
Libya,Libya,2034,m4,d1,t16,288.31
Libya,Libya,2034,m4,d1,t17,288.31
Libya,Libya,2034,m4,d1,t18,288.31
Libya,Libya,2034,m4,d1,t19,288.31
Libya,Libya,2034,m4,d1,t2,288.31
Libya,Libya,2034,m4,d1,t20,288.31
Libya,Libya,2034,m4,d1,t21,288.31
Libya,Libya,2034,m4,d1,t22,288.31
Libya,Libya,2034,m4,d1,t23,288.31
Libya,Libya,2034,m4,d1,t24,288.31
Libya,Libya,2034,m4,d1,t3,288.31
Libya,Libya,2034,m4,d1,t4,288.31
Libya,Libya,2034,m4,d1,t5,288.31
Libya,Libya,2034,m4,d1,t6,288.31
Libya,Libya,2034,m4,d1,t7,288.31
Libya,Libya,2034,m4,d1,t8,288.31
Libya,Libya,2034,m4,d1,t9,288.31
Libya,Libya,2034,m5,d1,t1,288.31
Libya,Libya,2034,m5,d1,t10,288.31
Libya,Libya,2034,m5,d1,t11,288.31
Libya,Libya,2034,m5,d1,t12,288.31
Libya,Libya,2034,m5,d1,t13,288.31
Libya,Libya,2034,m5,d1,t14,288.31
Libya,Libya,2034,m5,d1,t15,288.31
Libya,Libya,2034,m5,d1,t16,288.31
Libya,Libya,2034,m5,d1,t17,288.31
Libya,Libya,2034,m5,d1,t18,288.31
Libya,Libya,2034,m5,d1,t19,288.31
Libya,Libya,2034,m5,d1,t2,288.31
Libya,Libya,2034,m5,d1,t20,288.31
Libya,Libya,2034,m5,d1,t21,288.31
Libya,Libya,2034,m5,d1,t22,288.31
Libya,Libya,2034,m5,d1,t23,288.31
Libya,Libya,2034,m5,d1,t24,288.31
Libya,Libya,2034,m5,d1,t3,288.31
Libya,Libya,2034,m5,d1,t4,288.31
Libya,Libya,2034,m5,d1,t5,288.31
Libya,Libya,2034,m5,d1,t6,288.31
Libya,Libya,2034,m5,d1,t7,288.31
Libya,Libya,2034,m5,d1,t8,288.31
Libya,Libya,2034,m5,d1,t9,288.31
Libya,Libya,2034,m6,d1,t1,288.31
Libya,Libya,2034,m6,d1,t10,288.31
Libya,Libya,2034,m6,d1,t11,288.31
Libya,Libya,2034,m6,d1,t12,288.31
Libya,Libya,2034,m6,d1,t13,288.31
Libya,Libya,2034,m6,d1,t14,288.31
Libya,Libya,2034,m6,d1,t15,288.31
Libya,Libya,2034,m6,d1,t16,288.31
Libya,Libya,2034,m6,d1,t17,288.31
Libya,Libya,2034,m6,d1,t18,288.31
Libya,Libya,2034,m6,d1,t19,288.31
Libya,Libya,2034,m6,d1,t2,288.31
Libya,Libya,2034,m6,d1,t20,288.31
Libya,Libya,2034,m6,d1,t21,288.31
Libya,Libya,2034,m6,d1,t22,288.31
Libya,Libya,2034,m6,d1,t23,288.31
Libya,Libya,2034,m6,d1,t24,288.31
Libya,Libya,2034,m6,d1,t3,288.31
Libya,Libya,2034,m6,d1,t4,288.31
Libya,Libya,2034,m6,d1,t5,288.31
Libya,Libya,2034,m6,d1,t6,288.31
Libya,Libya,2034,m6,d1,t7,288.31
Libya,Libya,2034,m6,d1,t8,288.31
Libya,Libya,2034,m6,d1,t9,288.31
Libya,Libya,2034,m7,d1,t1,288.36000000000007
Libya,Libya,2034,m7,d1,t10,288.36000000000007
Libya,Libya,2034,m7,d1,t11,288.36000000000007
Libya,Libya,2034,m7,d1,t12,288.36000000000007
Libya,Libya,2034,m7,d1,t13,288.36000000000007
Libya,Libya,2034,m7,d1,t14,288.36000000000007
Libya,Libya,2034,m7,d1,t15,288.36000000000007
Libya,Libya,2034,m7,d1,t16,288.36000000000007
Libya,Libya,2034,m7,d1,t17,288.36000000000007
Libya,Libya,2034,m7,d1,t18,288.36000000000007
Libya,Libya,2034,m7,d1,t19,288.36000000000007
Libya,Libya,2034,m7,d1,t2,288.36000000000007
Libya,Libya,2034,m7,d1,t20,288.36000000000007
Libya,Libya,2034,m7,d1,t21,288.36000000000007
Libya,Libya,2034,m7,d1,t22,288.36000000000007
Libya,Libya,2034,m7,d1,t23,288.36000000000007
Libya,Libya,2034,m7,d1,t24,288.36000000000007
Libya,Libya,2034,m7,d1,t3,288.36000000000007
Libya,Libya,2034,m7,d1,t4,288.36000000000007
Libya,Libya,2034,m7,d1,t5,288.36000000000007
Libya,Libya,2034,m7,d1,t6,288.36000000000007
Libya,Libya,2034,m7,d1,t7,288.36000000000007
Libya,Libya,2034,m7,d1,t8,288.36000000000007
Libya,Libya,2034,m7,d1,t9,288.36000000000007
Libya,Libya,2034,m8,d1,t1,288.36000000000007
Libya,Libya,2034,m8,d1,t10,288.36000000000007
Libya,Libya,2034,m8,d1,t11,288.36000000000007
Libya,Libya,2034,m8,d1,t12,288.36000000000007
Libya,Libya,2034,m8,d1,t13,288.36000000000007
Libya,Libya,2034,m8,d1,t14,288.36000000000007
Libya,Libya,2034,m8,d1,t15,288.36000000000007
Libya,Libya,2034,m8,d1,t16,288.36000000000007
Libya,Libya,2034,m8,d1,t17,288.36000000000007
Libya,Libya,2034,m8,d1,t18,288.36000000000007
Libya,Libya,2034,m8,d1,t19,288.36000000000007
Libya,Libya,2034,m8,d1,t2,288.36000000000007
Libya,Libya,2034,m8,d1,t20,288.36000000000007
Libya,Libya,2034,m8,d1,t21,288.36000000000007
Libya,Libya,2034,m8,d1,t22,288.36000000000007
Libya,Libya,2034,m8,d1,t23,288.36000000000007
Libya,Libya,2034,m8,d1,t24,288.36000000000007
Libya,Libya,2034,m8,d1,t3,288.36000000000007
Libya,Libya,2034,m8,d1,t4,288.36000000000007
Libya,Libya,2034,m8,d1,t5,288.36000000000007
Libya,Libya,2034,m8,d1,t6,288.36000000000007
Libya,Libya,2034,m8,d1,t7,288.36000000000007
Libya,Libya,2034,m8,d1,t8,288.36000000000007
Libya,Libya,2034,m8,d1,t9,288.36000000000007
Libya,Libya,2034,m9,d1,t1,288.31
Libya,Libya,2034,m9,d1,t10,288.31
Libya,Libya,2034,m9,d1,t11,288.31
Libya,Libya,2034,m9,d1,t12,288.31
Libya,Libya,2034,m9,d1,t13,288.31
Libya,Libya,2034,m9,d1,t14,288.31
Libya,Libya,2034,m9,d1,t15,288.31
Libya,Libya,2034,m9,d1,t16,288.31
Libya,Libya,2034,m9,d1,t17,288.31
Libya,Libya,2034,m9,d1,t18,288.31
Libya,Libya,2034,m9,d1,t19,288.31
Libya,Libya,2034,m9,d1,t2,288.31
Libya,Libya,2034,m9,d1,t20,288.31
Libya,Libya,2034,m9,d1,t21,288.31
Libya,Libya,2034,m9,d1,t22,288.31
Libya,Libya,2034,m9,d1,t23,288.31
Libya,Libya,2034,m9,d1,t24,288.31
Libya,Libya,2034,m9,d1,t3,288.31
Libya,Libya,2034,m9,d1,t4,288.31
Libya,Libya,2034,m9,d1,t5,288.31
Libya,Libya,2034,m9,d1,t6,288.31
Libya,Libya,2034,m9,d1,t7,288.31
Libya,Libya,2034,m9,d1,t8,288.31
Libya,Libya,2034,m9,d1,t9,288.31
Libya,Libya,2035,m1,d1,t1,288.31
Libya,Libya,2035,m1,d1,t10,288.31
Libya,Libya,2035,m1,d1,t11,288.31
Libya,Libya,2035,m1,d1,t12,288.31
Libya,Libya,2035,m1,d1,t13,288.31
Libya,Libya,2035,m1,d1,t14,288.31
Libya,Libya,2035,m1,d1,t15,288.31
Libya,Libya,2035,m1,d1,t16,288.31
Libya,Libya,2035,m1,d1,t17,288.31
Libya,Libya,2035,m1,d1,t18,288.31
Libya,Libya,2035,m1,d1,t19,288.31
Libya,Libya,2035,m1,d1,t2,288.31
Libya,Libya,2035,m1,d1,t20,288.31
Libya,Libya,2035,m1,d1,t21,288.31
Libya,Libya,2035,m1,d1,t22,288.31
Libya,Libya,2035,m1,d1,t23,288.31
Libya,Libya,2035,m1,d1,t24,288.31
Libya,Libya,2035,m1,d1,t3,288.31
Libya,Libya,2035,m1,d1,t4,288.31
Libya,Libya,2035,m1,d1,t5,288.31
Libya,Libya,2035,m1,d1,t6,288.31
Libya,Libya,2035,m1,d1,t7,288.31
Libya,Libya,2035,m1,d1,t8,288.31
Libya,Libya,2035,m1,d1,t9,288.31
Libya,Libya,2035,m10,d1,t1,288.31
Libya,Libya,2035,m10,d1,t10,288.31
Libya,Libya,2035,m10,d1,t11,288.31
Libya,Libya,2035,m10,d1,t12,288.31
Libya,Libya,2035,m10,d1,t13,288.31
Libya,Libya,2035,m10,d1,t14,288.31
Libya,Libya,2035,m10,d1,t15,288.31
Libya,Libya,2035,m10,d1,t16,288.31
Libya,Libya,2035,m10,d1,t17,288.31
Libya,Libya,2035,m10,d1,t18,288.31
Libya,Libya,2035,m10,d1,t19,288.31
Libya,Libya,2035,m10,d1,t2,288.31
Libya,Libya,2035,m10,d1,t20,288.31
Libya,Libya,2035,m10,d1,t21,288.31
Libya,Libya,2035,m10,d1,t22,288.31
Libya,Libya,2035,m10,d1,t23,288.31
Libya,Libya,2035,m10,d1,t24,288.31
Libya,Libya,2035,m10,d1,t3,288.31
Libya,Libya,2035,m10,d1,t4,288.31
Libya,Libya,2035,m10,d1,t5,288.31
Libya,Libya,2035,m10,d1,t6,288.31
Libya,Libya,2035,m10,d1,t7,288.31
Libya,Libya,2035,m10,d1,t8,288.31
Libya,Libya,2035,m10,d1,t9,288.31
Libya,Libya,2035,m11,d1,t1,288.31
Libya,Libya,2035,m11,d1,t10,288.31
Libya,Libya,2035,m11,d1,t11,288.31
Libya,Libya,2035,m11,d1,t12,288.31
Libya,Libya,2035,m11,d1,t13,288.30999999999995
Libya,Libya,2035,m11,d1,t14,288.31
Libya,Libya,2035,m11,d1,t15,288.31
Libya,Libya,2035,m11,d1,t16,288.31
Libya,Libya,2035,m11,d1,t17,288.31
Libya,Libya,2035,m11,d1,t18,288.31
Libya,Libya,2035,m11,d1,t19,288.31
Libya,Libya,2035,m11,d1,t2,288.31
Libya,Libya,2035,m11,d1,t20,288.31
Libya,Libya,2035,m11,d1,t21,288.31
Libya,Libya,2035,m11,d1,t22,288.30999999999995
Libya,Libya,2035,m11,d1,t23,288.31
Libya,Libya,2035,m11,d1,t24,288.31
Libya,Libya,2035,m11,d1,t3,288.31
Libya,Libya,2035,m11,d1,t4,288.31
Libya,Libya,2035,m11,d1,t5,288.31
Libya,Libya,2035,m11,d1,t6,288.31
Libya,Libya,2035,m11,d1,t7,288.31
Libya,Libya,2035,m11,d1,t8,288.31
Libya,Libya,2035,m11,d1,t9,288.31
Libya,Libya,2035,m12,d1,t1,288.31
Libya,Libya,2035,m12,d1,t10,288.31
Libya,Libya,2035,m12,d1,t11,288.31
Libya,Libya,2035,m12,d1,t12,288.31
Libya,Libya,2035,m12,d1,t13,288.31
Libya,Libya,2035,m12,d1,t14,288.31
Libya,Libya,2035,m12,d1,t15,288.31
Libya,Libya,2035,m12,d1,t16,288.31
Libya,Libya,2035,m12,d1,t17,288.31
Libya,Libya,2035,m12,d1,t18,288.31
Libya,Libya,2035,m12,d1,t19,288.31
Libya,Libya,2035,m12,d1,t2,288.31
Libya,Libya,2035,m12,d1,t20,288.31
Libya,Libya,2035,m12,d1,t21,288.31
Libya,Libya,2035,m12,d1,t22,288.31
Libya,Libya,2035,m12,d1,t23,288.31
Libya,Libya,2035,m12,d1,t24,288.31
Libya,Libya,2035,m12,d1,t3,288.31
Libya,Libya,2035,m12,d1,t4,288.31
Libya,Libya,2035,m12,d1,t5,288.31
Libya,Libya,2035,m12,d1,t6,288.31
Libya,Libya,2035,m12,d1,t7,288.31
Libya,Libya,2035,m12,d1,t8,288.31
Libya,Libya,2035,m12,d1,t9,288.31
Libya,Libya,2035,m2,d1,t1,288.31
Libya,Libya,2035,m2,d1,t10,288.31
Libya,Libya,2035,m2,d1,t11,288.31
Libya,Libya,2035,m2,d1,t12,288.31
Libya,Libya,2035,m2,d1,t13,288.30999999999995
Libya,Libya,2035,m2,d1,t14,288.31
Libya,Libya,2035,m2,d1,t15,288.31000000000006
Libya,Libya,2035,m2,d1,t16,288.30999999999995
Libya,Libya,2035,m2,d1,t17,288.31
Libya,Libya,2035,m2,d1,t18,288.31
Libya,Libya,2035,m2,d1,t19,288.31
Libya,Libya,2035,m2,d1,t2,288.31
Libya,Libya,2035,m2,d1,t20,288.31000000000006
Libya,Libya,2035,m2,d1,t21,288.31000000000006
Libya,Libya,2035,m2,d1,t22,288.31
Libya,Libya,2035,m2,d1,t23,288.31
Libya,Libya,2035,m2,d1,t24,288.31000000000006
Libya,Libya,2035,m2,d1,t3,288.31
Libya,Libya,2035,m2,d1,t4,288.31
Libya,Libya,2035,m2,d1,t5,288.31
Libya,Libya,2035,m2,d1,t6,288.31000000000006
Libya,Libya,2035,m2,d1,t7,288.30999999999995
Libya,Libya,2035,m2,d1,t8,288.31
Libya,Libya,2035,m2,d1,t9,288.31
Libya,Libya,2035,m3,d1,t1,288.31
Libya,Libya,2035,m3,d1,t10,288.31
Libya,Libya,2035,m3,d1,t11,288.31
Libya,Libya,2035,m3,d1,t12,288.31
Libya,Libya,2035,m3,d1,t13,288.31
Libya,Libya,2035,m3,d1,t14,288.31
Libya,Libya,2035,m3,d1,t15,288.31
Libya,Libya,2035,m3,d1,t16,288.31
Libya,Libya,2035,m3,d1,t17,288.31
Libya,Libya,2035,m3,d1,t18,288.31
Libya,Libya,2035,m3,d1,t19,288.31
Libya,Libya,2035,m3,d1,t2,288.31
Libya,Libya,2035,m3,d1,t20,288.31
Libya,Libya,2035,m3,d1,t21,288.31
Libya,Libya,2035,m3,d1,t22,288.31
Libya,Libya,2035,m3,d1,t23,288.31
Libya,Libya,2035,m3,d1,t24,288.31
Libya,Libya,2035,m3,d1,t3,288.31
Libya,Libya,2035,m3,d1,t4,288.31
Libya,Libya,2035,m3,d1,t5,288.31
Libya,Libya,2035,m3,d1,t6,288.31
Libya,Libya,2035,m3,d1,t7,288.31
Libya,Libya,2035,m3,d1,t8,288.31
Libya,Libya,2035,m3,d1,t9,288.31
Libya,Libya,2035,m4,d1,t1,288.31
Libya,Libya,2035,m4,d1,t10,288.31
Libya,Libya,2035,m4,d1,t11,288.31
Libya,Libya,2035,m4,d1,t12,288.31
Libya,Libya,2035,m4,d1,t13,288.30999999999995
Libya,Libya,2035,m4,d1,t14,288.31
Libya,Libya,2035,m4,d1,t15,288.31
Libya,Libya,2035,m4,d1,t16,288.31
Libya,Libya,2035,m4,d1,t17,288.31
Libya,Libya,2035,m4,d1,t18,288.31
Libya,Libya,2035,m4,d1,t19,288.31
Libya,Libya,2035,m4,d1,t2,288.31
Libya,Libya,2035,m4,d1,t20,288.31
Libya,Libya,2035,m4,d1,t21,288.31
Libya,Libya,2035,m4,d1,t22,288.31
Libya,Libya,2035,m4,d1,t23,288.31
Libya,Libya,2035,m4,d1,t24,288.31
Libya,Libya,2035,m4,d1,t3,288.31
Libya,Libya,2035,m4,d1,t4,288.31
Libya,Libya,2035,m4,d1,t5,288.31
Libya,Libya,2035,m4,d1,t6,288.31
Libya,Libya,2035,m4,d1,t7,288.31
Libya,Libya,2035,m4,d1,t8,288.30999999999995
Libya,Libya,2035,m4,d1,t9,288.31
Libya,Libya,2035,m5,d1,t1,288.31
Libya,Libya,2035,m5,d1,t10,288.31
Libya,Libya,2035,m5,d1,t11,288.31
Libya,Libya,2035,m5,d1,t12,288.31
Libya,Libya,2035,m5,d1,t13,288.31
Libya,Libya,2035,m5,d1,t14,288.31
Libya,Libya,2035,m5,d1,t15,288.31
Libya,Libya,2035,m5,d1,t16,288.31
Libya,Libya,2035,m5,d1,t17,288.31
Libya,Libya,2035,m5,d1,t18,288.31
Libya,Libya,2035,m5,d1,t19,288.31
Libya,Libya,2035,m5,d1,t2,288.31
Libya,Libya,2035,m5,d1,t20,288.31
Libya,Libya,2035,m5,d1,t21,288.31
Libya,Libya,2035,m5,d1,t22,288.31
Libya,Libya,2035,m5,d1,t23,288.31
Libya,Libya,2035,m5,d1,t24,288.31
Libya,Libya,2035,m5,d1,t3,288.31
Libya,Libya,2035,m5,d1,t4,288.31
Libya,Libya,2035,m5,d1,t5,288.31
Libya,Libya,2035,m5,d1,t6,288.31
Libya,Libya,2035,m5,d1,t7,288.31
Libya,Libya,2035,m5,d1,t8,288.31
Libya,Libya,2035,m5,d1,t9,288.31
Libya,Libya,2035,m6,d1,t1,288.31
Libya,Libya,2035,m6,d1,t10,288.31
Libya,Libya,2035,m6,d1,t11,288.31
Libya,Libya,2035,m6,d1,t12,288.31
Libya,Libya,2035,m6,d1,t13,288.31
Libya,Libya,2035,m6,d1,t14,288.31
Libya,Libya,2035,m6,d1,t15,288.31
Libya,Libya,2035,m6,d1,t16,288.31
Libya,Libya,2035,m6,d1,t17,288.31
Libya,Libya,2035,m6,d1,t18,288.31
Libya,Libya,2035,m6,d1,t19,288.31
Libya,Libya,2035,m6,d1,t2,288.31
Libya,Libya,2035,m6,d1,t20,288.31
Libya,Libya,2035,m6,d1,t21,288.31
Libya,Libya,2035,m6,d1,t22,288.31
Libya,Libya,2035,m6,d1,t23,288.31
Libya,Libya,2035,m6,d1,t24,288.31
Libya,Libya,2035,m6,d1,t3,288.31
Libya,Libya,2035,m6,d1,t4,288.31
Libya,Libya,2035,m6,d1,t5,288.31
Libya,Libya,2035,m6,d1,t6,288.31
Libya,Libya,2035,m6,d1,t7,288.31
Libya,Libya,2035,m6,d1,t8,288.31
Libya,Libya,2035,m6,d1,t9,288.31
Libya,Libya,2035,m7,d1,t1,288.36
Libya,Libya,2035,m7,d1,t10,288.36
Libya,Libya,2035,m7,d1,t11,288.36
Libya,Libya,2035,m7,d1,t12,288.36
Libya,Libya,2035,m7,d1,t13,288.36
Libya,Libya,2035,m7,d1,t14,288.36
Libya,Libya,2035,m7,d1,t15,288.36
Libya,Libya,2035,m7,d1,t16,288.36
Libya,Libya,2035,m7,d1,t17,288.36
Libya,Libya,2035,m7,d1,t18,288.36
Libya,Libya,2035,m7,d1,t19,288.36
Libya,Libya,2035,m7,d1,t2,288.36
Libya,Libya,2035,m7,d1,t20,288.36
Libya,Libya,2035,m7,d1,t21,288.36
Libya,Libya,2035,m7,d1,t22,288.36
Libya,Libya,2035,m7,d1,t23,288.36
Libya,Libya,2035,m7,d1,t24,288.36
Libya,Libya,2035,m7,d1,t3,288.36
Libya,Libya,2035,m7,d1,t4,288.36
Libya,Libya,2035,m7,d1,t5,288.36
Libya,Libya,2035,m7,d1,t6,288.36
Libya,Libya,2035,m7,d1,t7,288.36
Libya,Libya,2035,m7,d1,t8,288.36
Libya,Libya,2035,m7,d1,t9,288.36
Libya,Libya,2035,m8,d1,t1,288.36
Libya,Libya,2035,m8,d1,t10,288.36
Libya,Libya,2035,m8,d1,t11,288.36
Libya,Libya,2035,m8,d1,t12,288.36
Libya,Libya,2035,m8,d1,t13,288.36
Libya,Libya,2035,m8,d1,t14,288.36
Libya,Libya,2035,m8,d1,t15,288.36
Libya,Libya,2035,m8,d1,t16,288.36
Libya,Libya,2035,m8,d1,t17,288.51000000000005
Libya,Libya,2035,m8,d1,t18,288.36
Libya,Libya,2035,m8,d1,t19,288.36
Libya,Libya,2035,m8,d1,t2,288.36
Libya,Libya,2035,m8,d1,t20,288.36
Libya,Libya,2035,m8,d1,t21,288.36
Libya,Libya,2035,m8,d1,t22,288.36
Libya,Libya,2035,m8,d1,t23,288.36
Libya,Libya,2035,m8,d1,t24,288.36
Libya,Libya,2035,m8,d1,t3,288.36
Libya,Libya,2035,m8,d1,t4,288.36
Libya,Libya,2035,m8,d1,t5,288.36
Libya,Libya,2035,m8,d1,t6,288.36
Libya,Libya,2035,m8,d1,t7,288.36
Libya,Libya,2035,m8,d1,t8,288.36
Libya,Libya,2035,m8,d1,t9,288.36
Libya,Libya,2035,m9,d1,t1,288.31
Libya,Libya,2035,m9,d1,t10,288.31
Libya,Libya,2035,m9,d1,t11,288.31
Libya,Libya,2035,m9,d1,t12,288.31
Libya,Libya,2035,m9,d1,t13,288.31
Libya,Libya,2035,m9,d1,t14,288.31
Libya,Libya,2035,m9,d1,t15,288.31
Libya,Libya,2035,m9,d1,t16,288.31
Libya,Libya,2035,m9,d1,t17,288.31
Libya,Libya,2035,m9,d1,t18,288.31
Libya,Libya,2035,m9,d1,t19,288.31
Libya,Libya,2035,m9,d1,t2,288.31
Libya,Libya,2035,m9,d1,t20,288.31
Libya,Libya,2035,m9,d1,t21,288.31
Libya,Libya,2035,m9,d1,t22,288.31
Libya,Libya,2035,m9,d1,t23,288.31
Libya,Libya,2035,m9,d1,t24,288.31
Libya,Libya,2035,m9,d1,t3,288.31
Libya,Libya,2035,m9,d1,t4,288.31
Libya,Libya,2035,m9,d1,t5,288.31
Libya,Libya,2035,m9,d1,t6,288.31
Libya,Libya,2035,m9,d1,t7,288.31
Libya,Libya,2035,m9,d1,t8,288.31
Libya,Libya,2035,m9,d1,t9,288.31
Libya,Libya,2036,m1,d1,t1,288.30999999999995
Libya,Libya,2036,m1,d1,t10,287.31
Libya,Libya,2036,m1,d1,t11,287.31
Libya,Libya,2036,m1,d1,t12,287.31
Libya,Libya,2036,m1,d1,t13,287.31
Libya,Libya,2036,m1,d1,t14,287.31
Libya,Libya,2036,m1,d1,t15,287.31
Libya,Libya,2036,m1,d1,t16,288.30999999999995
Libya,Libya,2036,m1,d1,t17,288.30999999999995
Libya,Libya,2036,m1,d1,t18,288.30999999999995
Libya,Libya,2036,m1,d1,t19,288.30999999999995
Libya,Libya,2036,m1,d1,t2,288.30999999999995
Libya,Libya,2036,m1,d1,t20,288.30999999999995
Libya,Libya,2036,m1,d1,t21,288.30999999999995
Libya,Libya,2036,m1,d1,t22,288.30999999999995
Libya,Libya,2036,m1,d1,t23,288.30999999999995
Libya,Libya,2036,m1,d1,t24,288.30999999999995
Libya,Libya,2036,m1,d1,t3,288.30999999999995
Libya,Libya,2036,m1,d1,t4,288.30999999999995
Libya,Libya,2036,m1,d1,t5,288.30999999999995
Libya,Libya,2036,m1,d1,t6,288.30999999999995
Libya,Libya,2036,m1,d1,t7,287.31
Libya,Libya,2036,m1,d1,t8,287.31
Libya,Libya,2036,m1,d1,t9,287.31
Libya,Libya,2036,m10,d1,t1,288.31
Libya,Libya,2036,m10,d1,t10,288.31
Libya,Libya,2036,m10,d1,t11,288.31
Libya,Libya,2036,m10,d1,t12,288.31
Libya,Libya,2036,m10,d1,t13,288.31
Libya,Libya,2036,m10,d1,t14,288.31
Libya,Libya,2036,m10,d1,t15,288.31
Libya,Libya,2036,m10,d1,t16,288.30999999999995
Libya,Libya,2036,m10,d1,t17,288.30999999999995
Libya,Libya,2036,m10,d1,t18,288.31
Libya,Libya,2036,m10,d1,t19,288.30999999999995
Libya,Libya,2036,m10,d1,t2,288.30999999999995
Libya,Libya,2036,m10,d1,t20,288.30999999999995
Libya,Libya,2036,m10,d1,t21,288.31
Libya,Libya,2036,m10,d1,t22,288.30999999999995
Libya,Libya,2036,m10,d1,t23,288.30999999999995
Libya,Libya,2036,m10,d1,t24,288.30999999999995
Libya,Libya,2036,m10,d1,t3,288.30999999999995
Libya,Libya,2036,m10,d1,t4,288.30999999999995
Libya,Libya,2036,m10,d1,t5,288.30999999999995
Libya,Libya,2036,m10,d1,t6,288.31
Libya,Libya,2036,m10,d1,t7,288.31
Libya,Libya,2036,m10,d1,t8,288.30999999999995
Libya,Libya,2036,m10,d1,t9,288.31
Libya,Libya,2036,m11,d1,t1,288.31000000000006
Libya,Libya,2036,m11,d1,t10,287.31
Libya,Libya,2036,m11,d1,t11,287.31
Libya,Libya,2036,m11,d1,t12,287.31
Libya,Libya,2036,m11,d1,t13,287.31
Libya,Libya,2036,m11,d1,t14,287.31
Libya,Libya,2036,m11,d1,t15,287.31
Libya,Libya,2036,m11,d1,t16,288.31000000000006
Libya,Libya,2036,m11,d1,t17,288.31000000000006
Libya,Libya,2036,m11,d1,t18,288.31000000000006
Libya,Libya,2036,m11,d1,t19,288.31000000000006
Libya,Libya,2036,m11,d1,t2,288.31000000000006
Libya,Libya,2036,m11,d1,t20,288.31000000000006
Libya,Libya,2036,m11,d1,t21,288.31000000000006
Libya,Libya,2036,m11,d1,t22,288.31000000000006
Libya,Libya,2036,m11,d1,t23,288.31000000000006
Libya,Libya,2036,m11,d1,t24,288.31000000000006
Libya,Libya,2036,m11,d1,t3,288.31000000000006
Libya,Libya,2036,m11,d1,t4,288.31000000000006
Libya,Libya,2036,m11,d1,t5,288.31000000000006
Libya,Libya,2036,m11,d1,t6,288.31000000000006
Libya,Libya,2036,m11,d1,t7,287.31
Libya,Libya,2036,m11,d1,t8,287.31
Libya,Libya,2036,m11,d1,t9,287.31
Libya,Libya,2036,m12,d1,t1,288.30999999999995
Libya,Libya,2036,m12,d1,t10,287.31
Libya,Libya,2036,m12,d1,t11,287.31
Libya,Libya,2036,m12,d1,t12,287.31
Libya,Libya,2036,m12,d1,t13,287.31
Libya,Libya,2036,m12,d1,t14,287.31
Libya,Libya,2036,m12,d1,t15,287.31
Libya,Libya,2036,m12,d1,t16,288.30999999999995
Libya,Libya,2036,m12,d1,t17,288.30999999999995
Libya,Libya,2036,m12,d1,t18,288.30999999999995
Libya,Libya,2036,m12,d1,t19,288.30999999999995
Libya,Libya,2036,m12,d1,t2,288.30999999999995
Libya,Libya,2036,m12,d1,t20,288.30999999999995
Libya,Libya,2036,m12,d1,t21,288.30999999999995
Libya,Libya,2036,m12,d1,t22,288.30999999999995
Libya,Libya,2036,m12,d1,t23,288.30999999999995
Libya,Libya,2036,m12,d1,t24,288.30999999999995
Libya,Libya,2036,m12,d1,t3,288.30999999999995
Libya,Libya,2036,m12,d1,t4,288.30999999999995
Libya,Libya,2036,m12,d1,t5,288.30999999999995
Libya,Libya,2036,m12,d1,t6,288.30999999999995
Libya,Libya,2036,m12,d1,t7,287.31
Libya,Libya,2036,m12,d1,t8,287.31
Libya,Libya,2036,m12,d1,t9,287.31
Libya,Libya,2036,m2,d1,t1,288.31
Libya,Libya,2036,m2,d1,t10,287.31000000000006
Libya,Libya,2036,m2,d1,t11,287.31000000000006
Libya,Libya,2036,m2,d1,t12,287.31000000000006
Libya,Libya,2036,m2,d1,t13,287.31000000000006
Libya,Libya,2036,m2,d1,t14,287.31000000000006
Libya,Libya,2036,m2,d1,t15,287.31000000000006
Libya,Libya,2036,m2,d1,t16,288.31
Libya,Libya,2036,m2,d1,t17,288.31
Libya,Libya,2036,m2,d1,t18,288.31
Libya,Libya,2036,m2,d1,t19,288.31
Libya,Libya,2036,m2,d1,t2,288.31
Libya,Libya,2036,m2,d1,t20,288.31
Libya,Libya,2036,m2,d1,t21,288.31
Libya,Libya,2036,m2,d1,t22,288.31
Libya,Libya,2036,m2,d1,t23,288.31
Libya,Libya,2036,m2,d1,t24,288.31
Libya,Libya,2036,m2,d1,t3,288.31
Libya,Libya,2036,m2,d1,t4,288.31
Libya,Libya,2036,m2,d1,t5,288.31
Libya,Libya,2036,m2,d1,t6,288.31
Libya,Libya,2036,m2,d1,t7,287.31000000000006
Libya,Libya,2036,m2,d1,t8,287.31000000000006
Libya,Libya,2036,m2,d1,t9,287.31000000000006
Libya,Libya,2036,m3,d1,t1,288.30999999999995
Libya,Libya,2036,m3,d1,t10,245.24300000000002
Libya,Libya,2036,m3,d1,t11,245.24300000000002
Libya,Libya,2036,m3,d1,t12,245.24300000000002
Libya,Libya,2036,m3,d1,t13,245.24300000000002
Libya,Libya,2036,m3,d1,t14,245.24300000000002
Libya,Libya,2036,m3,d1,t15,245.24300000000002
Libya,Libya,2036,m3,d1,t16,287.31
Libya,Libya,2036,m3,d1,t17,288.30999999999995
Libya,Libya,2036,m3,d1,t18,288.30999999999995
Libya,Libya,2036,m3,d1,t19,288.30999999999995
Libya,Libya,2036,m3,d1,t2,288.30999999999995
Libya,Libya,2036,m3,d1,t20,288.30999999999995
Libya,Libya,2036,m3,d1,t21,288.30999999999995
Libya,Libya,2036,m3,d1,t22,288.30999999999995
Libya,Libya,2036,m3,d1,t23,288.30999999999995
Libya,Libya,2036,m3,d1,t24,288.30999999999995
Libya,Libya,2036,m3,d1,t3,288.30999999999995
Libya,Libya,2036,m3,d1,t4,288.30999999999995
Libya,Libya,2036,m3,d1,t5,288.30999999999995
Libya,Libya,2036,m3,d1,t6,288.30999999999995
Libya,Libya,2036,m3,d1,t7,245.24300000000002
Libya,Libya,2036,m3,d1,t8,245.24300000000008
Libya,Libya,2036,m3,d1,t9,245.24300000000002
Libya,Libya,2036,m4,d1,t1,288.31000000000006
Libya,Libya,2036,m4,d1,t10,287.31
Libya,Libya,2036,m4,d1,t11,287.31
Libya,Libya,2036,m4,d1,t12,287.31
Libya,Libya,2036,m4,d1,t13,287.31
Libya,Libya,2036,m4,d1,t14,287.31
Libya,Libya,2036,m4,d1,t15,287.31
Libya,Libya,2036,m4,d1,t16,287.31
Libya,Libya,2036,m4,d1,t17,288.31000000000006
Libya,Libya,2036,m4,d1,t18,288.31000000000006
Libya,Libya,2036,m4,d1,t19,288.31000000000006
Libya,Libya,2036,m4,d1,t2,288.31000000000006
Libya,Libya,2036,m4,d1,t20,288.31000000000006
Libya,Libya,2036,m4,d1,t21,288.31000000000006
Libya,Libya,2036,m4,d1,t22,288.31000000000006
Libya,Libya,2036,m4,d1,t23,288.31000000000006
Libya,Libya,2036,m4,d1,t24,288.31000000000006
Libya,Libya,2036,m4,d1,t3,288.31000000000006
Libya,Libya,2036,m4,d1,t4,288.31000000000006
Libya,Libya,2036,m4,d1,t5,288.31000000000006
Libya,Libya,2036,m4,d1,t6,288.31000000000006
Libya,Libya,2036,m4,d1,t7,287.31
Libya,Libya,2036,m4,d1,t8,287.31
Libya,Libya,2036,m4,d1,t9,287.31
Libya,Libya,2036,m5,d1,t1,288.30999999999995
Libya,Libya,2036,m5,d1,t10,287.31
Libya,Libya,2036,m5,d1,t11,287.31
Libya,Libya,2036,m5,d1,t12,287.31
Libya,Libya,2036,m5,d1,t13,287.31
Libya,Libya,2036,m5,d1,t14,287.31
Libya,Libya,2036,m5,d1,t15,287.31
Libya,Libya,2036,m5,d1,t16,288.30999999999995
Libya,Libya,2036,m5,d1,t17,288.30999999999995
Libya,Libya,2036,m5,d1,t18,288.30999999999995
Libya,Libya,2036,m5,d1,t19,288.30999999999995
Libya,Libya,2036,m5,d1,t2,288.30999999999995
Libya,Libya,2036,m5,d1,t20,288.30999999999995
Libya,Libya,2036,m5,d1,t21,288.30999999999995
Libya,Libya,2036,m5,d1,t22,288.30999999999995
Libya,Libya,2036,m5,d1,t23,288.30999999999995
Libya,Libya,2036,m5,d1,t24,288.30999999999995
Libya,Libya,2036,m5,d1,t3,288.30999999999995
Libya,Libya,2036,m5,d1,t4,288.30999999999995
Libya,Libya,2036,m5,d1,t5,288.30999999999995
Libya,Libya,2036,m5,d1,t6,288.30999999999995
Libya,Libya,2036,m5,d1,t7,287.31
Libya,Libya,2036,m5,d1,t8,287.31
Libya,Libya,2036,m5,d1,t9,287.31
Libya,Libya,2036,m6,d1,t1,288.31000000000006
Libya,Libya,2036,m6,d1,t10,288.31000000000006
Libya,Libya,2036,m6,d1,t11,288.31000000000006
Libya,Libya,2036,m6,d1,t12,288.31000000000006
Libya,Libya,2036,m6,d1,t13,288.31000000000006
Libya,Libya,2036,m6,d1,t14,288.31000000000006
Libya,Libya,2036,m6,d1,t15,288.31000000000006
Libya,Libya,2036,m6,d1,t16,288.31000000000006
Libya,Libya,2036,m6,d1,t17,288.31000000000006
Libya,Libya,2036,m6,d1,t18,288.31000000000006
Libya,Libya,2036,m6,d1,t19,288.31000000000006
Libya,Libya,2036,m6,d1,t2,288.31000000000006
Libya,Libya,2036,m6,d1,t20,288.31000000000006
Libya,Libya,2036,m6,d1,t21,288.31000000000006
Libya,Libya,2036,m6,d1,t22,288.31000000000006
Libya,Libya,2036,m6,d1,t23,288.31000000000006
Libya,Libya,2036,m6,d1,t24,288.31000000000006
Libya,Libya,2036,m6,d1,t3,288.31000000000006
Libya,Libya,2036,m6,d1,t4,288.31000000000006
Libya,Libya,2036,m6,d1,t5,288.31000000000006
Libya,Libya,2036,m6,d1,t6,288.31000000000006
Libya,Libya,2036,m6,d1,t7,288.31000000000006
Libya,Libya,2036,m6,d1,t8,288.31000000000006
Libya,Libya,2036,m6,d1,t9,288.31000000000006
Libya,Libya,2036,m7,d1,t1,288.51
Libya,Libya,2036,m7,d1,t10,288.31
Libya,Libya,2036,m7,d1,t11,288.30999999999995
Libya,Libya,2036,m7,d1,t12,288.31
Libya,Libya,2036,m7,d1,t13,288.30999999999995
Libya,Libya,2036,m7,d1,t14,288.30999999999995
Libya,Libya,2036,m7,d1,t15,288.30999999999995
Libya,Libya,2036,m7,d1,t16,288.31000000000006
Libya,Libya,2036,m7,d1,t17,288.36
Libya,Libya,2036,m7,d1,t18,288.36
Libya,Libya,2036,m7,d1,t19,288.36
Libya,Libya,2036,m7,d1,t2,288.51
Libya,Libya,2036,m7,d1,t20,288.30999999999995
Libya,Libya,2036,m7,d1,t21,288.36
Libya,Libya,2036,m7,d1,t22,288.36
Libya,Libya,2036,m7,d1,t23,288.36
Libya,Libya,2036,m7,d1,t24,288.51
Libya,Libya,2036,m7,d1,t3,288.51
Libya,Libya,2036,m7,d1,t4,288.51
Libya,Libya,2036,m7,d1,t5,288.51
Libya,Libya,2036,m7,d1,t6,288.36
Libya,Libya,2036,m7,d1,t7,288.30999999999995
Libya,Libya,2036,m7,d1,t8,288.30999999999995
Libya,Libya,2036,m7,d1,t9,288.30999999999995
Libya,Libya,2036,m8,d1,t1,288.51
Libya,Libya,2036,m8,d1,t10,288.31
Libya,Libya,2036,m8,d1,t11,288.31
Libya,Libya,2036,m8,d1,t12,288.31
Libya,Libya,2036,m8,d1,t13,288.30999999999995
Libya,Libya,2036,m8,d1,t14,288.30999999999995
Libya,Libya,2036,m8,d1,t15,288.30999999999995
Libya,Libya,2036,m8,d1,t16,288.36
Libya,Libya,2036,m8,d1,t17,288.51
Libya,Libya,2036,m8,d1,t18,288.51
Libya,Libya,2036,m8,d1,t19,288.36
Libya,Libya,2036,m8,d1,t2,288.51
Libya,Libya,2036,m8,d1,t20,288.36
Libya,Libya,2036,m8,d1,t21,288.36
Libya,Libya,2036,m8,d1,t22,288.36
Libya,Libya,2036,m8,d1,t23,288.36
Libya,Libya,2036,m8,d1,t24,288.51
Libya,Libya,2036,m8,d1,t3,288.51
Libya,Libya,2036,m8,d1,t4,288.51
Libya,Libya,2036,m8,d1,t5,288.51
Libya,Libya,2036,m8,d1,t6,288.36
Libya,Libya,2036,m8,d1,t7,288.30999999999995
Libya,Libya,2036,m8,d1,t8,288.31
Libya,Libya,2036,m8,d1,t9,288.30999999999995
Libya,Libya,2036,m9,d1,t1,288.31000000000006
Libya,Libya,2036,m9,d1,t10,288.31000000000006
Libya,Libya,2036,m9,d1,t11,288.31000000000006
Libya,Libya,2036,m9,d1,t12,288.31000000000006
Libya,Libya,2036,m9,d1,t13,288.31000000000006
Libya,Libya,2036,m9,d1,t14,288.31000000000006
Libya,Libya,2036,m9,d1,t15,288.31000000000006
Libya,Libya,2036,m9,d1,t16,288.31000000000006
Libya,Libya,2036,m9,d1,t17,288.31000000000006
Libya,Libya,2036,m9,d1,t18,288.31000000000006
Libya,Libya,2036,m9,d1,t19,288.31000000000006
Libya,Libya,2036,m9,d1,t2,288.31000000000006
Libya,Libya,2036,m9,d1,t20,288.31000000000006
Libya,Libya,2036,m9,d1,t21,288.31000000000006
Libya,Libya,2036,m9,d1,t22,288.31000000000006
Libya,Libya,2036,m9,d1,t23,288.31000000000006
Libya,Libya,2036,m9,d1,t24,288.31000000000006
Libya,Libya,2036,m9,d1,t3,288.31000000000006
Libya,Libya,2036,m9,d1,t4,288.31000000000006
Libya,Libya,2036,m9,d1,t5,288.31000000000006
Libya,Libya,2036,m9,d1,t6,288.31000000000006
Libya,Libya,2036,m9,d1,t7,288.31000000000006
Libya,Libya,2036,m9,d1,t8,288.31000000000006
Libya,Libya,2036,m9,d1,t9,288.31000000000006
Libya,Libya,2037,m1,d1,t1,288.31
Libya,Libya,2037,m1,d1,t10,245.0635
Libya,Libya,2037,m1,d1,t11,183.65988519856379
Libya,Libya,2037,m1,d1,t12,245.0635
Libya,Libya,2037,m1,d1,t13,245.0635
Libya,Libya,2037,m1,d1,t14,245.0635
Libya,Libya,2037,m1,d1,t15,245.243
Libya,Libya,2037,m1,d1,t16,288.31
Libya,Libya,2037,m1,d1,t17,288.31
Libya,Libya,2037,m1,d1,t18,288.31
Libya,Libya,2037,m1,d1,t19,288.31
Libya,Libya,2037,m1,d1,t2,288.31
Libya,Libya,2037,m1,d1,t20,288.31
Libya,Libya,2037,m1,d1,t21,288.31
Libya,Libya,2037,m1,d1,t22,288.31
Libya,Libya,2037,m1,d1,t23,288.31
Libya,Libya,2037,m1,d1,t24,288.31
Libya,Libya,2037,m1,d1,t3,288.31
Libya,Libya,2037,m1,d1,t4,288.31
Libya,Libya,2037,m1,d1,t5,288.31
Libya,Libya,2037,m1,d1,t6,288.31
Libya,Libya,2037,m1,d1,t7,245.243
Libya,Libya,2037,m1,d1,t8,245.243
Libya,Libya,2037,m1,d1,t9,245.0635
Libya,Libya,2037,m10,d1,t1,288.31
Libya,Libya,2037,m10,d1,t10,245.243
Libya,Libya,2037,m10,d1,t11,245.243
Libya,Libya,2037,m10,d1,t12,245.243
Libya,Libya,2037,m10,d1,t13,245.243
Libya,Libya,2037,m10,d1,t14,245.243
Libya,Libya,2037,m10,d1,t15,245.243
Libya,Libya,2037,m10,d1,t16,288.31
Libya,Libya,2037,m10,d1,t17,288.31
Libya,Libya,2037,m10,d1,t18,288.31
Libya,Libya,2037,m10,d1,t19,288.31
Libya,Libya,2037,m10,d1,t2,288.31
Libya,Libya,2037,m10,d1,t20,288.31
Libya,Libya,2037,m10,d1,t21,288.31
Libya,Libya,2037,m10,d1,t22,288.31
Libya,Libya,2037,m10,d1,t23,288.31
Libya,Libya,2037,m10,d1,t24,288.31
Libya,Libya,2037,m10,d1,t3,288.31
Libya,Libya,2037,m10,d1,t4,288.31
Libya,Libya,2037,m10,d1,t5,288.31
Libya,Libya,2037,m10,d1,t6,288.31
Libya,Libya,2037,m10,d1,t7,287.31
Libya,Libya,2037,m10,d1,t8,245.243
Libya,Libya,2037,m10,d1,t9,245.243
Libya,Libya,2037,m11,d1,t1,288.31000000000006
Libya,Libya,2037,m11,d1,t10,245.06350000000003
Libya,Libya,2037,m11,d1,t11,245.06350000000003
Libya,Libya,2037,m11,d1,t12,245.06350000000003
Libya,Libya,2037,m11,d1,t13,245.06350000000003
Libya,Libya,2037,m11,d1,t14,245.06350000000003
Libya,Libya,2037,m11,d1,t15,245.243
Libya,Libya,2037,m11,d1,t16,287.31
Libya,Libya,2037,m11,d1,t17,288.31000000000006
Libya,Libya,2037,m11,d1,t18,288.31000000000006
Libya,Libya,2037,m11,d1,t19,288.31000000000006
Libya,Libya,2037,m11,d1,t2,288.31000000000006
Libya,Libya,2037,m11,d1,t20,288.31000000000006
Libya,Libya,2037,m11,d1,t21,288.31000000000006
Libya,Libya,2037,m11,d1,t22,288.31000000000006
Libya,Libya,2037,m11,d1,t23,288.31000000000006
Libya,Libya,2037,m11,d1,t24,288.31000000000006
Libya,Libya,2037,m11,d1,t3,288.31000000000006
Libya,Libya,2037,m11,d1,t4,288.31000000000006
Libya,Libya,2037,m11,d1,t5,288.31000000000006
Libya,Libya,2037,m11,d1,t6,287.31
Libya,Libya,2037,m11,d1,t7,245.243
Libya,Libya,2037,m11,d1,t8,245.243
Libya,Libya,2037,m11,d1,t9,245.06350000000003
Libya,Libya,2037,m12,d1,t1,288.31
Libya,Libya,2037,m12,d1,t10,EPS
Libya,Libya,2037,m12,d1,t11,EPS
Libya,Libya,2037,m12,d1,t12,EPS
Libya,Libya,2037,m12,d1,t13,204.176
Libya,Libya,2037,m12,d1,t14,245.243
Libya,Libya,2037,m12,d1,t15,245.243
Libya,Libya,2037,m12,d1,t16,288.31
Libya,Libya,2037,m12,d1,t17,288.31
Libya,Libya,2037,m12,d1,t18,288.31
Libya,Libya,2037,m12,d1,t19,288.31
Libya,Libya,2037,m12,d1,t2,287.31
Libya,Libya,2037,m12,d1,t20,288.31
Libya,Libya,2037,m12,d1,t21,288.31
Libya,Libya,2037,m12,d1,t22,288.31
Libya,Libya,2037,m12,d1,t23,288.31
Libya,Libya,2037,m12,d1,t24,288.31
Libya,Libya,2037,m12,d1,t3,287.31
Libya,Libya,2037,m12,d1,t4,287.31
Libya,Libya,2037,m12,d1,t5,287.31
Libya,Libya,2037,m12,d1,t6,287.31
Libya,Libya,2037,m12,d1,t7,245.243
Libya,Libya,2037,m12,d1,t8,245.243
Libya,Libya,2037,m12,d1,t9,204.176
Libya,Libya,2037,m2,d1,t1,288.31000000000006
Libya,Libya,2037,m2,d1,t10,204.17600000000002
Libya,Libya,2037,m2,d1,t11,EPS
Libya,Libya,2037,m2,d1,t12,204.17600000000002
Libya,Libya,2037,m2,d1,t13,204.17600000000002
Libya,Libya,2037,m2,d1,t14,204.17600000000002
Libya,Libya,2037,m2,d1,t15,245.243
Libya,Libya,2037,m2,d1,t16,287.31
Libya,Libya,2037,m2,d1,t17,288.31000000000006
Libya,Libya,2037,m2,d1,t18,288.31000000000006
Libya,Libya,2037,m2,d1,t19,288.31000000000006
Libya,Libya,2037,m2,d1,t2,288.31000000000006
Libya,Libya,2037,m2,d1,t20,288.31000000000006
Libya,Libya,2037,m2,d1,t21,288.31000000000006
Libya,Libya,2037,m2,d1,t22,288.31000000000006
Libya,Libya,2037,m2,d1,t23,288.31000000000006
Libya,Libya,2037,m2,d1,t24,288.31000000000006
Libya,Libya,2037,m2,d1,t3,288.31000000000006
Libya,Libya,2037,m2,d1,t4,288.31000000000006
Libya,Libya,2037,m2,d1,t5,288.31000000000006
Libya,Libya,2037,m2,d1,t6,288.31000000000006
Libya,Libya,2037,m2,d1,t7,245.243
Libya,Libya,2037,m2,d1,t8,245.243
Libya,Libya,2037,m2,d1,t9,204.17600000000002
Libya,Libya,2037,m3,d1,t1,288.31
Libya,Libya,2037,m3,d1,t10,EPS
Libya,Libya,2037,m3,d1,t11,EPS
Libya,Libya,2037,m3,d1,t12,EPS
Libya,Libya,2037,m3,d1,t13,204.176
Libya,Libya,2037,m3,d1,t14,204.176
Libya,Libya,2037,m3,d1,t15,245.243
Libya,Libya,2037,m3,d1,t16,245.243
Libya,Libya,2037,m3,d1,t17,287.31
Libya,Libya,2037,m3,d1,t18,288.31
Libya,Libya,2037,m3,d1,t19,288.31
Libya,Libya,2037,m3,d1,t2,288.31
Libya,Libya,2037,m3,d1,t20,288.31
Libya,Libya,2037,m3,d1,t21,288.31
Libya,Libya,2037,m3,d1,t22,288.31
Libya,Libya,2037,m3,d1,t23,288.31
Libya,Libya,2037,m3,d1,t24,288.31
Libya,Libya,2037,m3,d1,t3,288.31
Libya,Libya,2037,m3,d1,t4,288.31
Libya,Libya,2037,m3,d1,t5,288.31
Libya,Libya,2037,m3,d1,t6,287.31
Libya,Libya,2037,m3,d1,t7,245.243
Libya,Libya,2037,m3,d1,t8,204.176
Libya,Libya,2037,m3,d1,t9,204.176
Libya,Libya,2037,m4,d1,t1,288.31000000000006
Libya,Libya,2037,m4,d1,t10,244.2135
Libya,Libya,2037,m4,d1,t11,244.2135
Libya,Libya,2037,m4,d1,t12,244.2135
Libya,Libya,2037,m4,d1,t13,244.2135
Libya,Libya,2037,m4,d1,t14,244.2135
Libya,Libya,2037,m4,d1,t15,245.243
Libya,Libya,2037,m4,d1,t16,245.243
Libya,Libya,2037,m4,d1,t17,287.31
Libya,Libya,2037,m4,d1,t18,287.31
Libya,Libya,2037,m4,d1,t19,287.31
Libya,Libya,2037,m4,d1,t2,288.31000000000006
Libya,Libya,2037,m4,d1,t20,287.31
Libya,Libya,2037,m4,d1,t21,287.31
Libya,Libya,2037,m4,d1,t22,287.31
Libya,Libya,2037,m4,d1,t23,287.31
Libya,Libya,2037,m4,d1,t24,287.31
Libya,Libya,2037,m4,d1,t3,288.31000000000006
Libya,Libya,2037,m4,d1,t4,288.31000000000006
Libya,Libya,2037,m4,d1,t5,288.31000000000006
Libya,Libya,2037,m4,d1,t6,287.31
Libya,Libya,2037,m4,d1,t7,245.243
Libya,Libya,2037,m4,d1,t8,245.243
Libya,Libya,2037,m4,d1,t9,244.2135
Libya,Libya,2037,m5,d1,t1,288.31
Libya,Libya,2037,m5,d1,t10,245.0635
Libya,Libya,2037,m5,d1,t11,245.0635
Libya,Libya,2037,m5,d1,t12,245.0635
Libya,Libya,2037,m5,d1,t13,245.0635
Libya,Libya,2037,m5,d1,t14,245.243
Libya,Libya,2037,m5,d1,t15,245.243
Libya,Libya,2037,m5,d1,t16,287.31
Libya,Libya,2037,m5,d1,t17,288.31
Libya,Libya,2037,m5,d1,t18,288.31
Libya,Libya,2037,m5,d1,t19,287.31
Libya,Libya,2037,m5,d1,t2,288.31
Libya,Libya,2037,m5,d1,t20,287.31
Libya,Libya,2037,m5,d1,t21,288.31
Libya,Libya,2037,m5,d1,t22,288.31
Libya,Libya,2037,m5,d1,t23,288.31
Libya,Libya,2037,m5,d1,t24,288.31
Libya,Libya,2037,m5,d1,t3,288.31
Libya,Libya,2037,m5,d1,t4,288.31
Libya,Libya,2037,m5,d1,t5,288.31
Libya,Libya,2037,m5,d1,t6,287.31
Libya,Libya,2037,m5,d1,t7,245.243
Libya,Libya,2037,m5,d1,t8,245.243
Libya,Libya,2037,m5,d1,t9,245.0635
Libya,Libya,2037,m6,d1,t1,288.31000000000006
Libya,Libya,2037,m6,d1,t10,245.243
Libya,Libya,2037,m6,d1,t11,245.243
Libya,Libya,2037,m6,d1,t12,245.243
Libya,Libya,2037,m6,d1,t13,245.243
Libya,Libya,2037,m6,d1,t14,245.243
Libya,Libya,2037,m6,d1,t15,245.243
Libya,Libya,2037,m6,d1,t16,287.31
Libya,Libya,2037,m6,d1,t17,288.31000000000006
Libya,Libya,2037,m6,d1,t18,288.31000000000006
Libya,Libya,2037,m6,d1,t19,288.31000000000006
Libya,Libya,2037,m6,d1,t2,288.31000000000006
Libya,Libya,2037,m6,d1,t20,288.31000000000006
Libya,Libya,2037,m6,d1,t21,288.31000000000006
Libya,Libya,2037,m6,d1,t22,288.31000000000006
Libya,Libya,2037,m6,d1,t23,288.31000000000006
Libya,Libya,2037,m6,d1,t24,288.31000000000006
Libya,Libya,2037,m6,d1,t3,288.31000000000006
Libya,Libya,2037,m6,d1,t4,288.31000000000006
Libya,Libya,2037,m6,d1,t5,288.31000000000006
Libya,Libya,2037,m6,d1,t6,288.31000000000006
Libya,Libya,2037,m6,d1,t7,287.31
Libya,Libya,2037,m6,d1,t8,245.243
Libya,Libya,2037,m6,d1,t9,245.243
Libya,Libya,2037,m7,d1,t1,288.51
Libya,Libya,2037,m7,d1,t10,287.31
Libya,Libya,2037,m7,d1,t11,287.31
Libya,Libya,2037,m7,d1,t12,287.31
Libya,Libya,2037,m7,d1,t13,287.31
Libya,Libya,2037,m7,d1,t14,287.31
Libya,Libya,2037,m7,d1,t15,288.31
Libya,Libya,2037,m7,d1,t16,288.31
Libya,Libya,2037,m7,d1,t17,288.36
Libya,Libya,2037,m7,d1,t18,288.36
Libya,Libya,2037,m7,d1,t19,288.31
Libya,Libya,2037,m7,d1,t2,288.51
Libya,Libya,2037,m7,d1,t20,288.31
Libya,Libya,2037,m7,d1,t21,288.31
Libya,Libya,2037,m7,d1,t22,288.31
Libya,Libya,2037,m7,d1,t23,288.36
Libya,Libya,2037,m7,d1,t24,288.36
Libya,Libya,2037,m7,d1,t3,288.51
Libya,Libya,2037,m7,d1,t4,288.51
Libya,Libya,2037,m7,d1,t5,288.51
Libya,Libya,2037,m7,d1,t6,288.36
Libya,Libya,2037,m7,d1,t7,288.31
Libya,Libya,2037,m7,d1,t8,287.31
Libya,Libya,2037,m7,d1,t9,287.31
Libya,Libya,2037,m8,d1,t1,288.51
Libya,Libya,2037,m8,d1,t10,288.31
Libya,Libya,2037,m8,d1,t11,288.31
Libya,Libya,2037,m8,d1,t12,288.31
Libya,Libya,2037,m8,d1,t13,288.31
Libya,Libya,2037,m8,d1,t14,288.31
Libya,Libya,2037,m8,d1,t15,288.31
Libya,Libya,2037,m8,d1,t16,288.31
Libya,Libya,2037,m8,d1,t17,288.36
Libya,Libya,2037,m8,d1,t18,288.36
Libya,Libya,2037,m8,d1,t19,288.36
Libya,Libya,2037,m8,d1,t2,288.51
Libya,Libya,2037,m8,d1,t20,288.31
Libya,Libya,2037,m8,d1,t21,288.36
Libya,Libya,2037,m8,d1,t22,288.36
Libya,Libya,2037,m8,d1,t23,288.36
Libya,Libya,2037,m8,d1,t24,288.36
Libya,Libya,2037,m8,d1,t3,288.51
Libya,Libya,2037,m8,d1,t4,288.51
Libya,Libya,2037,m8,d1,t5,288.51
Libya,Libya,2037,m8,d1,t6,288.36
Libya,Libya,2037,m8,d1,t7,288.31
Libya,Libya,2037,m8,d1,t8,288.31
Libya,Libya,2037,m8,d1,t9,288.31
Libya,Libya,2037,m9,d1,t1,288.31000000000006
Libya,Libya,2037,m9,d1,t10,245.243
Libya,Libya,2037,m9,d1,t11,245.243
Libya,Libya,2037,m9,d1,t12,245.243
Libya,Libya,2037,m9,d1,t13,245.243
Libya,Libya,2037,m9,d1,t14,245.243
Libya,Libya,2037,m9,d1,t15,245.243
Libya,Libya,2037,m9,d1,t16,288.31000000000006
Libya,Libya,2037,m9,d1,t17,288.31000000000006
Libya,Libya,2037,m9,d1,t18,288.31000000000006
Libya,Libya,2037,m9,d1,t19,288.31000000000006
Libya,Libya,2037,m9,d1,t2,288.31000000000006
Libya,Libya,2037,m9,d1,t20,288.31000000000006
Libya,Libya,2037,m9,d1,t21,288.31000000000006
Libya,Libya,2037,m9,d1,t22,288.31000000000006
Libya,Libya,2037,m9,d1,t23,288.31000000000006
Libya,Libya,2037,m9,d1,t24,288.31000000000006
Libya,Libya,2037,m9,d1,t3,288.31000000000006
Libya,Libya,2037,m9,d1,t4,288.31000000000006
Libya,Libya,2037,m9,d1,t5,288.31000000000006
Libya,Libya,2037,m9,d1,t6,288.31000000000006
Libya,Libya,2037,m9,d1,t7,287.31
Libya,Libya,2037,m9,d1,t8,245.243
Libya,Libya,2037,m9,d1,t9,245.243
Libya,Libya,2038,m1,d1,t1,288.31000000000006
Libya,Libya,2038,m1,d1,t10,94.99999999999999
Libya,Libya,2038,m1,d1,t11,EPS
Libya,Libya,2038,m1,d1,t12,EPS
Libya,Libya,2038,m1,d1,t13,94.99999999999999
Libya,Libya,2038,m1,d1,t14,94.99999999999999
Libya,Libya,2038,m1,d1,t15,245.243
Libya,Libya,2038,m1,d1,t16,287.31000000000006
Libya,Libya,2038,m1,d1,t17,287.31000000000006
Libya,Libya,2038,m1,d1,t18,287.31000000000006
Libya,Libya,2038,m1,d1,t19,287.31000000000006
Libya,Libya,2038,m1,d1,t2,287.31000000000006
Libya,Libya,2038,m1,d1,t20,287.31000000000006
Libya,Libya,2038,m1,d1,t21,287.31000000000006
Libya,Libya,2038,m1,d1,t22,287.31000000000006
Libya,Libya,2038,m1,d1,t23,287.31000000000006
Libya,Libya,2038,m1,d1,t24,287.31000000000006
Libya,Libya,2038,m1,d1,t3,287.31000000000006
Libya,Libya,2038,m1,d1,t4,287.31000000000006
Libya,Libya,2038,m1,d1,t5,287.31000000000006
Libya,Libya,2038,m1,d1,t6,287.31000000000006
Libya,Libya,2038,m1,d1,t7,245.243
Libya,Libya,2038,m1,d1,t8,204.17600000000002
Libya,Libya,2038,m1,d1,t9,94.99999999999999
Libya,Libya,2038,m10,d1,t1,288.31000000000006
Libya,Libya,2038,m10,d1,t10,245.06350000000003
Libya,Libya,2038,m10,d1,t11,245.06350000000003
Libya,Libya,2038,m10,d1,t12,245.06350000000003
Libya,Libya,2038,m10,d1,t13,245.06350000000003
Libya,Libya,2038,m10,d1,t14,245.06350000000003
Libya,Libya,2038,m10,d1,t15,245.243
Libya,Libya,2038,m10,d1,t16,287.31000000000006
Libya,Libya,2038,m10,d1,t17,288.31000000000006
Libya,Libya,2038,m10,d1,t18,288.31000000000006
Libya,Libya,2038,m10,d1,t19,288.31000000000006
Libya,Libya,2038,m10,d1,t2,288.31000000000006
Libya,Libya,2038,m10,d1,t20,288.31000000000006
Libya,Libya,2038,m10,d1,t21,288.31000000000006
Libya,Libya,2038,m10,d1,t22,288.31000000000006
Libya,Libya,2038,m10,d1,t23,288.31000000000006
Libya,Libya,2038,m10,d1,t24,288.31000000000006
Libya,Libya,2038,m10,d1,t3,288.31000000000006
Libya,Libya,2038,m10,d1,t4,288.31000000000006
Libya,Libya,2038,m10,d1,t5,288.31000000000006
Libya,Libya,2038,m10,d1,t6,288.31000000000006
Libya,Libya,2038,m10,d1,t7,245.243
Libya,Libya,2038,m10,d1,t8,245.243
Libya,Libya,2038,m10,d1,t9,245.06350000000003
Libya,Libya,2038,m11,d1,t1,287.31000000000006
Libya,Libya,2038,m11,d1,t10,159.4978443643797
Libya,Libya,2038,m11,d1,t11,EPS
Libya,Libya,2038,m11,d1,t12,110.0
Libya,Libya,2038,m11,d1,t13,159.49784436437966
Libya,Libya,2038,m11,d1,t14,159.49784436437966
Libya,Libya,2038,m11,d1,t15,245.24299999999997
Libya,Libya,2038,m11,d1,t16,245.24299999999997
Libya,Libya,2038,m11,d1,t17,245.24299999999997
Libya,Libya,2038,m11,d1,t18,245.24299999999997
Libya,Libya,2038,m11,d1,t19,245.24299999999997
Libya,Libya,2038,m11,d1,t2,287.31000000000006
Libya,Libya,2038,m11,d1,t20,245.24299999999997
Libya,Libya,2038,m11,d1,t21,245.24299999999997
Libya,Libya,2038,m11,d1,t22,245.24299999999997
Libya,Libya,2038,m11,d1,t23,245.24299999999997
Libya,Libya,2038,m11,d1,t24,245.24299999999997
Libya,Libya,2038,m11,d1,t3,287.31000000000006
Libya,Libya,2038,m11,d1,t4,287.31000000000006
Libya,Libya,2038,m11,d1,t5,287.31000000000006
Libya,Libya,2038,m11,d1,t6,287.31000000000006
Libya,Libya,2038,m11,d1,t7,245.24299999999997
Libya,Libya,2038,m11,d1,t8,159.4978443643797
Libya,Libya,2038,m11,d1,t9,159.4978443643797
Libya,Libya,2038,m12,d1,t1,287.31000000000006
Libya,Libya,2038,m12,d1,t10,EPS
Libya,Libya,2038,m12,d1,t11,EPS
Libya,Libya,2038,m12,d1,t12,EPS
Libya,Libya,2038,m12,d1,t13,94.99999999999999
Libya,Libya,2038,m12,d1,t14,94.99999999999999
Libya,Libya,2038,m12,d1,t15,245.243
Libya,Libya,2038,m12,d1,t16,287.31000000000006
Libya,Libya,2038,m12,d1,t17,287.31000000000006
Libya,Libya,2038,m12,d1,t18,287.31000000000006
Libya,Libya,2038,m12,d1,t19,287.31000000000006
Libya,Libya,2038,m12,d1,t2,245.243
Libya,Libya,2038,m12,d1,t20,287.31000000000006
Libya,Libya,2038,m12,d1,t21,287.31000000000006
Libya,Libya,2038,m12,d1,t22,287.31000000000006
Libya,Libya,2038,m12,d1,t23,287.31000000000006
Libya,Libya,2038,m12,d1,t24,287.31000000000006
Libya,Libya,2038,m12,d1,t3,245.243
Libya,Libya,2038,m12,d1,t4,245.243
Libya,Libya,2038,m12,d1,t5,245.243
Libya,Libya,2038,m12,d1,t6,245.243
Libya,Libya,2038,m12,d1,t7,245.243
Libya,Libya,2038,m12,d1,t8,94.99999999999999
Libya,Libya,2038,m12,d1,t9,94.99999999999999
Libya,Libya,2038,m2,d1,t1,287.31000000000006
Libya,Libya,2038,m2,d1,t10,EPS
Libya,Libya,2038,m2,d1,t11,EPS
Libya,Libya,2038,m2,d1,t12,EPS
Libya,Libya,2038,m2,d1,t13,EPS
Libya,Libya,2038,m2,d1,t14,EPS
Libya,Libya,2038,m2,d1,t15,245.24299999999997
Libya,Libya,2038,m2,d1,t16,245.24299999999997
Libya,Libya,2038,m2,d1,t17,245.24299999999997
Libya,Libya,2038,m2,d1,t18,245.24299999999997
Libya,Libya,2038,m2,d1,t19,245.24299999999997
Libya,Libya,2038,m2,d1,t2,287.31000000000006
Libya,Libya,2038,m2,d1,t20,245.24299999999997
Libya,Libya,2038,m2,d1,t21,245.24299999999997
Libya,Libya,2038,m2,d1,t22,245.24299999999997
Libya,Libya,2038,m2,d1,t23,245.24299999999997
Libya,Libya,2038,m2,d1,t24,245.24299999999997
Libya,Libya,2038,m2,d1,t3,287.31000000000006
Libya,Libya,2038,m2,d1,t4,287.31000000000006
Libya,Libya,2038,m2,d1,t5,287.31000000000006
Libya,Libya,2038,m2,d1,t6,287.31000000000006
Libya,Libya,2038,m2,d1,t7,245.24299999999997
Libya,Libya,2038,m2,d1,t8,EPS
Libya,Libya,2038,m2,d1,t9,EPS
Libya,Libya,2038,m3,d1,t1,287.31000000000006
Libya,Libya,2038,m3,d1,t10,EPS
Libya,Libya,2038,m3,d1,t11,EPS
Libya,Libya,2038,m3,d1,t12,EPS
Libya,Libya,2038,m3,d1,t13,EPS
Libya,Libya,2038,m3,d1,t14,EPS
Libya,Libya,2038,m3,d1,t15,204.17600000000002
Libya,Libya,2038,m3,d1,t16,245.243
Libya,Libya,2038,m3,d1,t17,245.243
Libya,Libya,2038,m3,d1,t18,245.243
Libya,Libya,2038,m3,d1,t19,245.243
Libya,Libya,2038,m3,d1,t2,287.31000000000006
Libya,Libya,2038,m3,d1,t20,245.243
Libya,Libya,2038,m3,d1,t21,245.243
Libya,Libya,2038,m3,d1,t22,245.243
Libya,Libya,2038,m3,d1,t23,245.243
Libya,Libya,2038,m3,d1,t24,245.243
Libya,Libya,2038,m3,d1,t3,287.31000000000006
Libya,Libya,2038,m3,d1,t4,287.31000000000006
Libya,Libya,2038,m3,d1,t5,287.31000000000006
Libya,Libya,2038,m3,d1,t6,245.243
Libya,Libya,2038,m3,d1,t7,245.243
Libya,Libya,2038,m3,d1,t8,EPS
Libya,Libya,2038,m3,d1,t9,EPS
Libya,Libya,2038,m4,d1,t1,287.31000000000006
Libya,Libya,2038,m4,d1,t10,110.0
Libya,Libya,2038,m4,d1,t11,110.0
Libya,Libya,2038,m4,d1,t12,110.0
Libya,Libya,2038,m4,d1,t13,110.0
Libya,Libya,2038,m4,d1,t14,110.0
Libya,Libya,2038,m4,d1,t15,204.17600000000002
Libya,Libya,2038,m4,d1,t16,245.24299999999997
Libya,Libya,2038,m4,d1,t17,245.24299999999997
Libya,Libya,2038,m4,d1,t18,245.24299999999997
Libya,Libya,2038,m4,d1,t19,245.24299999999997
Libya,Libya,2038,m4,d1,t2,287.31000000000006
Libya,Libya,2038,m4,d1,t20,245.24299999999997
Libya,Libya,2038,m4,d1,t21,245.24299999999997
Libya,Libya,2038,m4,d1,t22,245.24299999999997
Libya,Libya,2038,m4,d1,t23,245.24299999999997
Libya,Libya,2038,m4,d1,t24,245.24299999999997
Libya,Libya,2038,m4,d1,t3,287.31000000000006
Libya,Libya,2038,m4,d1,t4,287.31000000000006
Libya,Libya,2038,m4,d1,t5,287.31000000000006
Libya,Libya,2038,m4,d1,t6,245.24299999999997
Libya,Libya,2038,m4,d1,t7,245.24299999999997
Libya,Libya,2038,m4,d1,t8,110.0
Libya,Libya,2038,m4,d1,t9,110.0
Libya,Libya,2038,m5,d1,t1,287.31000000000006
Libya,Libya,2038,m5,d1,t10,204.17600000000002
Libya,Libya,2038,m5,d1,t11,110.0
Libya,Libya,2038,m5,d1,t12,204.17600000000002
Libya,Libya,2038,m5,d1,t13,204.17600000000002
Libya,Libya,2038,m5,d1,t14,204.17600000000002
Libya,Libya,2038,m5,d1,t15,204.17600000000002
Libya,Libya,2038,m5,d1,t16,245.243
Libya,Libya,2038,m5,d1,t17,245.243
Libya,Libya,2038,m5,d1,t18,245.243
Libya,Libya,2038,m5,d1,t19,245.243
Libya,Libya,2038,m5,d1,t2,287.31000000000006
Libya,Libya,2038,m5,d1,t20,245.243
Libya,Libya,2038,m5,d1,t21,245.243
Libya,Libya,2038,m5,d1,t22,245.243
Libya,Libya,2038,m5,d1,t23,245.243
Libya,Libya,2038,m5,d1,t24,245.243
Libya,Libya,2038,m5,d1,t3,287.31000000000006
Libya,Libya,2038,m5,d1,t4,287.31000000000006
Libya,Libya,2038,m5,d1,t5,287.31000000000006
Libya,Libya,2038,m5,d1,t6,245.243
Libya,Libya,2038,m5,d1,t7,204.17600000000002
Libya,Libya,2038,m5,d1,t8,204.17600000000002
Libya,Libya,2038,m5,d1,t9,204.17600000000002
Libya,Libya,2038,m6,d1,t1,288.31
Libya,Libya,2038,m6,d1,t10,244.21350000000004
Libya,Libya,2038,m6,d1,t11,244.2135
Libya,Libya,2038,m6,d1,t12,244.21350000000004
Libya,Libya,2038,m6,d1,t13,244.21350000000004
Libya,Libya,2038,m6,d1,t14,244.2135
Libya,Libya,2038,m6,d1,t15,245.24299999999997
Libya,Libya,2038,m6,d1,t16,245.24299999999997
Libya,Libya,2038,m6,d1,t17,287.31000000000006
Libya,Libya,2038,m6,d1,t18,287.31000000000006
Libya,Libya,2038,m6,d1,t19,287.31000000000006
Libya,Libya,2038,m6,d1,t2,288.31
Libya,Libya,2038,m6,d1,t20,287.31000000000006
Libya,Libya,2038,m6,d1,t21,287.31000000000006
Libya,Libya,2038,m6,d1,t22,287.31000000000006
Libya,Libya,2038,m6,d1,t23,287.31000000000006
Libya,Libya,2038,m6,d1,t24,287.31000000000006
Libya,Libya,2038,m6,d1,t3,288.31
Libya,Libya,2038,m6,d1,t4,288.31
Libya,Libya,2038,m6,d1,t5,288.31
Libya,Libya,2038,m6,d1,t6,287.31000000000006
Libya,Libya,2038,m6,d1,t7,245.24299999999997
Libya,Libya,2038,m6,d1,t8,245.24299999999997
Libya,Libya,2038,m6,d1,t9,244.21350000000004
Libya,Libya,2038,m7,d1,t1,288.36
Libya,Libya,2038,m7,d1,t10,245.243
Libya,Libya,2038,m7,d1,t11,245.243
Libya,Libya,2038,m7,d1,t12,245.24299999999997
Libya,Libya,2038,m7,d1,t13,245.243
Libya,Libya,2038,m7,d1,t14,245.243
Libya,Libya,2038,m7,d1,t15,245.243
Libya,Libya,2038,m7,d1,t16,287.31000000000006
Libya,Libya,2038,m7,d1,t17,288.31000000000006
Libya,Libya,2038,m7,d1,t18,288.31000000000006
Libya,Libya,2038,m7,d1,t19,288.31000000000006
Libya,Libya,2038,m7,d1,t2,288.36
Libya,Libya,2038,m7,d1,t20,288.31000000000006
Libya,Libya,2038,m7,d1,t21,288.31000000000006
Libya,Libya,2038,m7,d1,t22,288.31000000000006
Libya,Libya,2038,m7,d1,t23,288.31000000000006
Libya,Libya,2038,m7,d1,t24,288.31000000000006
Libya,Libya,2038,m7,d1,t3,288.36
Libya,Libya,2038,m7,d1,t4,288.36
Libya,Libya,2038,m7,d1,t5,288.36
Libya,Libya,2038,m7,d1,t6,288.31000000000006
Libya,Libya,2038,m7,d1,t7,288.31000000000006
Libya,Libya,2038,m7,d1,t8,245.243
Libya,Libya,2038,m7,d1,t9,245.243
Libya,Libya,2038,m8,d1,t1,288.36
Libya,Libya,2038,m8,d1,t10,245.9135
Libya,Libya,2038,m8,d1,t11,245.9135
Libya,Libya,2038,m8,d1,t12,245.91349999999997
Libya,Libya,2038,m8,d1,t13,245.9135
Libya,Libya,2038,m8,d1,t14,245.9135
Libya,Libya,2038,m8,d1,t15,245.91349999999997
Libya,Libya,2038,m8,d1,t16,288.31000000000006
Libya,Libya,2038,m8,d1,t17,288.31000000000006
Libya,Libya,2038,m8,d1,t18,288.31000000000006
Libya,Libya,2038,m8,d1,t19,288.31000000000006
Libya,Libya,2038,m8,d1,t2,288.36
Libya,Libya,2038,m8,d1,t20,288.31000000000006
Libya,Libya,2038,m8,d1,t21,288.31000000000006
Libya,Libya,2038,m8,d1,t22,288.31000000000006
Libya,Libya,2038,m8,d1,t23,288.31000000000006
Libya,Libya,2038,m8,d1,t24,288.31000000000006
Libya,Libya,2038,m8,d1,t3,288.36
Libya,Libya,2038,m8,d1,t4,288.36
Libya,Libya,2038,m8,d1,t5,288.36
Libya,Libya,2038,m8,d1,t6,288.31000000000006
Libya,Libya,2038,m8,d1,t7,288.31000000000006
Libya,Libya,2038,m8,d1,t8,245.9135
Libya,Libya,2038,m8,d1,t9,245.9135
Libya,Libya,2038,m9,d1,t1,288.31
Libya,Libya,2038,m9,d1,t10,245.06349999999998
Libya,Libya,2038,m9,d1,t11,245.06349999999998
Libya,Libya,2038,m9,d1,t12,245.06349999999998
Libya,Libya,2038,m9,d1,t13,245.06349999999998
Libya,Libya,2038,m9,d1,t14,245.06349999999998
Libya,Libya,2038,m9,d1,t15,245.24299999999997
Libya,Libya,2038,m9,d1,t16,245.24299999999997
Libya,Libya,2038,m9,d1,t17,288.31
Libya,Libya,2038,m9,d1,t18,287.31000000000006
Libya,Libya,2038,m9,d1,t19,287.31000000000006
Libya,Libya,2038,m9,d1,t2,288.31
Libya,Libya,2038,m9,d1,t20,288.31
Libya,Libya,2038,m9,d1,t21,288.31
Libya,Libya,2038,m9,d1,t22,288.31
Libya,Libya,2038,m9,d1,t23,288.31
Libya,Libya,2038,m9,d1,t24,288.31
Libya,Libya,2038,m9,d1,t3,288.31
Libya,Libya,2038,m9,d1,t4,288.31
Libya,Libya,2038,m9,d1,t5,288.31
Libya,Libya,2038,m9,d1,t6,288.31
Libya,Libya,2038,m9,d1,t7,245.24299999999997
Libya,Libya,2038,m9,d1,t8,245.24299999999997
Libya,Libya,2038,m9,d1,t9,245.06349999999995
Libya,Libya,2039,m1,d1,t1,287.31
Libya,Libya,2039,m1,d1,t10,EPS
Libya,Libya,2039,m1,d1,t11,EPS
Libya,Libya,2039,m1,d1,t12,EPS
Libya,Libya,2039,m1,d1,t13,EPS
Libya,Libya,2039,m1,d1,t14,EPS
Libya,Libya,2039,m1,d1,t15,204.17600000000002
Libya,Libya,2039,m1,d1,t16,245.24300000000002
Libya,Libya,2039,m1,d1,t17,245.24300000000002
Libya,Libya,2039,m1,d1,t18,245.24300000000002
Libya,Libya,2039,m1,d1,t19,245.24300000000002
Libya,Libya,2039,m1,d1,t2,287.31
Libya,Libya,2039,m1,d1,t20,245.24300000000002
Libya,Libya,2039,m1,d1,t21,245.24300000000002
Libya,Libya,2039,m1,d1,t22,245.24300000000002
Libya,Libya,2039,m1,d1,t23,245.24300000000002
Libya,Libya,2039,m1,d1,t24,245.24300000000002
Libya,Libya,2039,m1,d1,t3,287.31
Libya,Libya,2039,m1,d1,t4,287.31
Libya,Libya,2039,m1,d1,t5,287.31
Libya,Libya,2039,m1,d1,t6,287.31
Libya,Libya,2039,m1,d1,t7,245.24300000000002
Libya,Libya,2039,m1,d1,t8,EPS
Libya,Libya,2039,m1,d1,t9,EPS
Libya,Libya,2039,m10,d1,t1,288.31
Libya,Libya,2039,m10,d1,t10,244.21349999999998
Libya,Libya,2039,m10,d1,t11,244.21349999999998
Libya,Libya,2039,m10,d1,t12,244.21349999999998
Libya,Libya,2039,m10,d1,t13,244.21349999999998
Libya,Libya,2039,m10,d1,t14,244.21349999999998
Libya,Libya,2039,m10,d1,t15,245.24300000000002
Libya,Libya,2039,m10,d1,t16,245.24300000000002
Libya,Libya,2039,m10,d1,t17,287.31
Libya,Libya,2039,m10,d1,t18,287.31
Libya,Libya,2039,m10,d1,t19,287.31
Libya,Libya,2039,m10,d1,t2,288.31
Libya,Libya,2039,m10,d1,t20,287.31
Libya,Libya,2039,m10,d1,t21,287.31
Libya,Libya,2039,m10,d1,t22,287.31
Libya,Libya,2039,m10,d1,t23,287.31
Libya,Libya,2039,m10,d1,t24,287.31
Libya,Libya,2039,m10,d1,t3,288.31
Libya,Libya,2039,m10,d1,t4,288.31
Libya,Libya,2039,m10,d1,t5,288.31
Libya,Libya,2039,m10,d1,t6,287.31
Libya,Libya,2039,m10,d1,t7,245.24300000000002
Libya,Libya,2039,m10,d1,t8,244.21349999999998
Libya,Libya,2039,m10,d1,t9,244.21349999999998
Libya,Libya,2039,m11,d1,t1,287.31000000000006
Libya,Libya,2039,m11,d1,t10,EPS
Libya,Libya,2039,m11,d1,t11,EPS
Libya,Libya,2039,m11,d1,t12,EPS
Libya,Libya,2039,m11,d1,t13,EPS
Libya,Libya,2039,m11,d1,t14,EPS
Libya,Libya,2039,m11,d1,t15,204.176
Libya,Libya,2039,m11,d1,t16,245.243
Libya,Libya,2039,m11,d1,t17,245.243
Libya,Libya,2039,m11,d1,t18,245.243
Libya,Libya,2039,m11,d1,t19,245.243
Libya,Libya,2039,m11,d1,t2,287.31000000000006
Libya,Libya,2039,m11,d1,t20,245.243
Libya,Libya,2039,m11,d1,t21,245.243
Libya,Libya,2039,m11,d1,t22,245.243
Libya,Libya,2039,m11,d1,t23,245.243
Libya,Libya,2039,m11,d1,t24,245.243
Libya,Libya,2039,m11,d1,t3,287.31000000000006
Libya,Libya,2039,m11,d1,t4,287.31000000000006
Libya,Libya,2039,m11,d1,t5,245.243
Libya,Libya,2039,m11,d1,t6,245.243
Libya,Libya,2039,m11,d1,t7,204.176
Libya,Libya,2039,m11,d1,t8,EPS
Libya,Libya,2039,m11,d1,t9,EPS
Libya,Libya,2039,m12,d1,t1,245.24300000000002
Libya,Libya,2039,m12,d1,t10,EPS
Libya,Libya,2039,m12,d1,t11,EPS
Libya,Libya,2039,m12,d1,t12,EPS
Libya,Libya,2039,m12,d1,t13,EPS
Libya,Libya,2039,m12,d1,t14,EPS
Libya,Libya,2039,m12,d1,t15,204.17600000000002
Libya,Libya,2039,m12,d1,t16,245.24300000000002
Libya,Libya,2039,m12,d1,t17,245.24300000000002
Libya,Libya,2039,m12,d1,t18,245.24300000000002
Libya,Libya,2039,m12,d1,t19,245.24300000000002
Libya,Libya,2039,m12,d1,t2,245.24300000000002
Libya,Libya,2039,m12,d1,t20,245.24300000000002
Libya,Libya,2039,m12,d1,t21,245.24300000000002
Libya,Libya,2039,m12,d1,t22,245.24300000000002
Libya,Libya,2039,m12,d1,t23,245.24300000000002
Libya,Libya,2039,m12,d1,t24,245.24300000000002
Libya,Libya,2039,m12,d1,t3,245.24300000000002
Libya,Libya,2039,m12,d1,t4,245.24300000000002
Libya,Libya,2039,m12,d1,t5,245.24300000000002
Libya,Libya,2039,m12,d1,t6,245.24300000000002
Libya,Libya,2039,m12,d1,t7,204.17600000000002
Libya,Libya,2039,m12,d1,t8,EPS
Libya,Libya,2039,m12,d1,t9,EPS
Libya,Libya,2039,m2,d1,t1,287.31
Libya,Libya,2039,m2,d1,t10,EPS
Libya,Libya,2039,m2,d1,t11,EPS
Libya,Libya,2039,m2,d1,t12,EPS
Libya,Libya,2039,m2,d1,t13,EPS
Libya,Libya,2039,m2,d1,t14,EPS
Libya,Libya,2039,m2,d1,t15,204.176
Libya,Libya,2039,m2,d1,t16,245.24300000000002
Libya,Libya,2039,m2,d1,t17,245.24300000000002
Libya,Libya,2039,m2,d1,t18,245.24300000000002
Libya,Libya,2039,m2,d1,t19,245.24300000000002
Libya,Libya,2039,m2,d1,t2,287.31
Libya,Libya,2039,m2,d1,t20,245.24300000000002
Libya,Libya,2039,m2,d1,t21,245.24300000000002
Libya,Libya,2039,m2,d1,t22,245.24300000000002
Libya,Libya,2039,m2,d1,t23,245.24300000000002
Libya,Libya,2039,m2,d1,t24,245.24300000000002
Libya,Libya,2039,m2,d1,t3,287.31
Libya,Libya,2039,m2,d1,t4,287.31
Libya,Libya,2039,m2,d1,t5,287.31
Libya,Libya,2039,m2,d1,t6,287.31
Libya,Libya,2039,m2,d1,t7,245.24300000000002
Libya,Libya,2039,m2,d1,t8,EPS
Libya,Libya,2039,m2,d1,t9,EPS
Libya,Libya,2039,m3,d1,t1,287.31
Libya,Libya,2039,m3,d1,t10,EPS
Libya,Libya,2039,m3,d1,t11,EPS
Libya,Libya,2039,m3,d1,t12,EPS
Libya,Libya,2039,m3,d1,t13,EPS
Libya,Libya,2039,m3,d1,t14,EPS
Libya,Libya,2039,m3,d1,t15,EPS
Libya,Libya,2039,m3,d1,t16,245.24300000000002
Libya,Libya,2039,m3,d1,t17,245.24300000000002
Libya,Libya,2039,m3,d1,t18,245.24300000000002
Libya,Libya,2039,m3,d1,t19,245.24300000000002
Libya,Libya,2039,m3,d1,t2,287.31
Libya,Libya,2039,m3,d1,t20,245.24300000000002
Libya,Libya,2039,m3,d1,t21,245.24300000000002
Libya,Libya,2039,m3,d1,t22,245.24300000000002
Libya,Libya,2039,m3,d1,t23,245.24300000000002
Libya,Libya,2039,m3,d1,t24,245.24300000000002
Libya,Libya,2039,m3,d1,t3,287.31
Libya,Libya,2039,m3,d1,t4,287.31
Libya,Libya,2039,m3,d1,t5,287.31
Libya,Libya,2039,m3,d1,t6,245.24300000000002
Libya,Libya,2039,m3,d1,t7,204.17600000000002
Libya,Libya,2039,m3,d1,t8,EPS
Libya,Libya,2039,m3,d1,t9,EPS
Libya,Libya,2039,m4,d1,t1,245.243
Libya,Libya,2039,m4,d1,t10,EPS
Libya,Libya,2039,m4,d1,t11,EPS
Libya,Libya,2039,m4,d1,t12,EPS
Libya,Libya,2039,m4,d1,t13,EPS
Libya,Libya,2039,m4,d1,t14,EPS
Libya,Libya,2039,m4,d1,t15,EPS
Libya,Libya,2039,m4,d1,t16,245.243
Libya,Libya,2039,m4,d1,t17,245.243
Libya,Libya,2039,m4,d1,t18,245.243
Libya,Libya,2039,m4,d1,t19,245.243
Libya,Libya,2039,m4,d1,t2,245.243
Libya,Libya,2039,m4,d1,t20,245.243
Libya,Libya,2039,m4,d1,t21,245.243
Libya,Libya,2039,m4,d1,t22,245.243
Libya,Libya,2039,m4,d1,t23,245.243
Libya,Libya,2039,m4,d1,t24,245.243
Libya,Libya,2039,m4,d1,t3,245.243
Libya,Libya,2039,m4,d1,t4,287.31000000000006
Libya,Libya,2039,m4,d1,t5,287.31000000000006
Libya,Libya,2039,m4,d1,t6,245.243
Libya,Libya,2039,m4,d1,t7,204.176
Libya,Libya,2039,m4,d1,t8,EPS
Libya,Libya,2039,m4,d1,t9,EPS
Libya,Libya,2039,m5,d1,t1,245.24300000000002
Libya,Libya,2039,m5,d1,t10,EPS
Libya,Libya,2039,m5,d1,t11,EPS
Libya,Libya,2039,m5,d1,t12,EPS
Libya,Libya,2039,m5,d1,t13,EPS
Libya,Libya,2039,m5,d1,t14,EPS
Libya,Libya,2039,m5,d1,t15,EPS
Libya,Libya,2039,m5,d1,t16,245.24300000000002
Libya,Libya,2039,m5,d1,t17,245.24300000000002
Libya,Libya,2039,m5,d1,t18,245.24300000000002
Libya,Libya,2039,m5,d1,t19,245.24300000000002
Libya,Libya,2039,m5,d1,t2,245.24300000000002
Libya,Libya,2039,m5,d1,t20,245.24300000000002
Libya,Libya,2039,m5,d1,t21,245.24300000000002
Libya,Libya,2039,m5,d1,t22,245.24300000000002
Libya,Libya,2039,m5,d1,t23,245.24300000000002
Libya,Libya,2039,m5,d1,t24,245.24300000000002
Libya,Libya,2039,m5,d1,t3,245.24300000000002
Libya,Libya,2039,m5,d1,t4,245.24300000000002
Libya,Libya,2039,m5,d1,t5,245.24300000000002
Libya,Libya,2039,m5,d1,t6,245.24300000000002
Libya,Libya,2039,m5,d1,t7,204.17600000000002
Libya,Libya,2039,m5,d1,t8,EPS
Libya,Libya,2039,m5,d1,t9,EPS
Libya,Libya,2039,m6,d1,t1,288.31
Libya,Libya,2039,m6,d1,t10,208.45655000000002
Libya,Libya,2039,m6,d1,t11,208.45655000000002
Libya,Libya,2039,m6,d1,t12,208.45655000000002
Libya,Libya,2039,m6,d1,t13,208.45655000000002
Libya,Libya,2039,m6,d1,t14,208.45655000000002
Libya,Libya,2039,m6,d1,t15,208.45655000000002
Libya,Libya,2039,m6,d1,t16,245.243
Libya,Libya,2039,m6,d1,t17,245.243
Libya,Libya,2039,m6,d1,t18,245.243
Libya,Libya,2039,m6,d1,t19,245.243
Libya,Libya,2039,m6,d1,t2,288.31
Libya,Libya,2039,m6,d1,t20,245.243
Libya,Libya,2039,m6,d1,t21,245.243
Libya,Libya,2039,m6,d1,t22,245.243
Libya,Libya,2039,m6,d1,t23,245.243
Libya,Libya,2039,m6,d1,t24,245.243
Libya,Libya,2039,m6,d1,t3,288.31
Libya,Libya,2039,m6,d1,t4,288.31
Libya,Libya,2039,m6,d1,t5,288.31
Libya,Libya,2039,m6,d1,t6,287.31000000000006
Libya,Libya,2039,m6,d1,t7,245.243
Libya,Libya,2039,m6,d1,t8,208.45655000000002
Libya,Libya,2039,m6,d1,t9,208.45655000000002
Libya,Libya,2039,m7,d1,t1,288.36
Libya,Libya,2039,m7,d1,t10,245.0635
Libya,Libya,2039,m7,d1,t11,245.0635
Libya,Libya,2039,m7,d1,t12,245.0635
Libya,Libya,2039,m7,d1,t13,245.0635
Libya,Libya,2039,m7,d1,t14,245.0635
Libya,Libya,2039,m7,d1,t15,245.24300000000002
Libya,Libya,2039,m7,d1,t16,245.24300000000002
Libya,Libya,2039,m7,d1,t17,288.31
Libya,Libya,2039,m7,d1,t18,288.31
Libya,Libya,2039,m7,d1,t19,288.31
Libya,Libya,2039,m7,d1,t2,288.36
Libya,Libya,2039,m7,d1,t20,288.31
Libya,Libya,2039,m7,d1,t21,288.31
Libya,Libya,2039,m7,d1,t22,288.31
Libya,Libya,2039,m7,d1,t23,288.31
Libya,Libya,2039,m7,d1,t24,288.31
Libya,Libya,2039,m7,d1,t3,288.36
Libya,Libya,2039,m7,d1,t4,288.36
Libya,Libya,2039,m7,d1,t5,288.51
Libya,Libya,2039,m7,d1,t6,288.31
Libya,Libya,2039,m7,d1,t7,287.31
Libya,Libya,2039,m7,d1,t8,245.24300000000002
Libya,Libya,2039,m7,d1,t9,245.0635
Libya,Libya,2039,m8,d1,t1,288.36
Libya,Libya,2039,m8,d1,t10,245.24300000000002
Libya,Libya,2039,m8,d1,t11,245.243
Libya,Libya,2039,m8,d1,t12,245.243
Libya,Libya,2039,m8,d1,t13,245.24300000000002
Libya,Libya,2039,m8,d1,t14,245.24300000000002
Libya,Libya,2039,m8,d1,t15,245.24300000000002
Libya,Libya,2039,m8,d1,t16,287.5211764705882
Libya,Libya,2039,m8,d1,t17,288.31
Libya,Libya,2039,m8,d1,t18,288.31
Libya,Libya,2039,m8,d1,t19,288.31
Libya,Libya,2039,m8,d1,t2,288.36
Libya,Libya,2039,m8,d1,t20,288.31
Libya,Libya,2039,m8,d1,t21,288.31
Libya,Libya,2039,m8,d1,t22,288.31
Libya,Libya,2039,m8,d1,t23,288.31
Libya,Libya,2039,m8,d1,t24,288.31
Libya,Libya,2039,m8,d1,t3,288.36
Libya,Libya,2039,m8,d1,t4,288.36
Libya,Libya,2039,m8,d1,t5,288.36
Libya,Libya,2039,m8,d1,t6,288.31
Libya,Libya,2039,m8,d1,t7,287.31
Libya,Libya,2039,m8,d1,t8,245.24300000000002
Libya,Libya,2039,m8,d1,t9,245.24300000000002
Libya,Libya,2039,m9,d1,t1,288.31
Libya,Libya,2039,m9,d1,t10,208.45655000000002
Libya,Libya,2039,m9,d1,t11,208.45655000000002
Libya,Libya,2039,m9,d1,t12,208.45655000000002
Libya,Libya,2039,m9,d1,t13,208.45655000000002
Libya,Libya,2039,m9,d1,t14,208.45655000000002
Libya,Libya,2039,m9,d1,t15,208.45655000000002
Libya,Libya,2039,m9,d1,t16,245.243
Libya,Libya,2039,m9,d1,t17,245.243
Libya,Libya,2039,m9,d1,t18,245.243
Libya,Libya,2039,m9,d1,t19,245.243
Libya,Libya,2039,m9,d1,t2,288.31
Libya,Libya,2039,m9,d1,t20,245.243
Libya,Libya,2039,m9,d1,t21,245.243
Libya,Libya,2039,m9,d1,t22,245.243
Libya,Libya,2039,m9,d1,t23,245.243
Libya,Libya,2039,m9,d1,t24,245.243
Libya,Libya,2039,m9,d1,t3,288.31
Libya,Libya,2039,m9,d1,t4,288.31
Libya,Libya,2039,m9,d1,t5,288.31
Libya,Libya,2039,m9,d1,t6,288.31
Libya,Libya,2039,m9,d1,t7,245.243
Libya,Libya,2039,m9,d1,t8,208.45655000000002
Libya,Libya,2039,m9,d1,t9,208.45655000000002
Libya,Libya,2040,m1,d1,t1,287.31
Libya,Libya,2040,m1,d1,t10,EPS
Libya,Libya,2040,m1,d1,t11,EPS
Libya,Libya,2040,m1,d1,t12,EPS
Libya,Libya,2040,m1,d1,t13,EPS
Libya,Libya,2040,m1,d1,t14,EPS
Libya,Libya,2040,m1,d1,t15,EPS
Libya,Libya,2040,m1,d1,t16,245.24299999999997
Libya,Libya,2040,m1,d1,t17,245.24299999999997
Libya,Libya,2040,m1,d1,t18,245.24299999999997
Libya,Libya,2040,m1,d1,t19,245.24299999999997
Libya,Libya,2040,m1,d1,t2,245.24299999999997
Libya,Libya,2040,m1,d1,t20,245.24299999999997
Libya,Libya,2040,m1,d1,t21,245.24299999999997
Libya,Libya,2040,m1,d1,t22,245.24299999999997
Libya,Libya,2040,m1,d1,t23,245.24299999999997
Libya,Libya,2040,m1,d1,t24,245.24299999999997
Libya,Libya,2040,m1,d1,t3,245.24299999999997
Libya,Libya,2040,m1,d1,t4,245.24299999999997
Libya,Libya,2040,m1,d1,t5,245.24299999999997
Libya,Libya,2040,m1,d1,t6,245.24299999999997
Libya,Libya,2040,m1,d1,t7,204.17600000000002
Libya,Libya,2040,m1,d1,t8,EPS
Libya,Libya,2040,m1,d1,t9,EPS
Libya,Libya,2040,m10,d1,t1,287.31
Libya,Libya,2040,m10,d1,t10,208.45655000000002
Libya,Libya,2040,m10,d1,t11,208.45655000000002
Libya,Libya,2040,m10,d1,t12,208.45655000000002
Libya,Libya,2040,m10,d1,t13,208.45655000000002
Libya,Libya,2040,m10,d1,t14,208.45655000000002
Libya,Libya,2040,m10,d1,t15,208.45655000000002
Libya,Libya,2040,m10,d1,t16,245.24299999999997
Libya,Libya,2040,m10,d1,t17,245.24299999999997
Libya,Libya,2040,m10,d1,t18,245.24299999999997
Libya,Libya,2040,m10,d1,t19,245.24299999999997
Libya,Libya,2040,m10,d1,t2,287.31
Libya,Libya,2040,m10,d1,t20,245.24299999999997
Libya,Libya,2040,m10,d1,t21,245.24299999999997
Libya,Libya,2040,m10,d1,t22,245.24299999999997
Libya,Libya,2040,m10,d1,t23,245.24299999999997
Libya,Libya,2040,m10,d1,t24,245.24299999999997
Libya,Libya,2040,m10,d1,t3,287.31
Libya,Libya,2040,m10,d1,t4,287.31
Libya,Libya,2040,m10,d1,t5,287.31
Libya,Libya,2040,m10,d1,t6,287.31
Libya,Libya,2040,m10,d1,t7,245.24299999999997
Libya,Libya,2040,m10,d1,t8,208.45655000000002
Libya,Libya,2040,m10,d1,t9,208.45655000000002
Libya,Libya,2040,m11,d1,t1,245.24299999999997
Libya,Libya,2040,m11,d1,t10,EPS
Libya,Libya,2040,m11,d1,t11,EPS
Libya,Libya,2040,m11,d1,t12,EPS
Libya,Libya,2040,m11,d1,t13,EPS
Libya,Libya,2040,m11,d1,t14,EPS
Libya,Libya,2040,m11,d1,t15,EPS
Libya,Libya,2040,m11,d1,t16,245.24299999999997
Libya,Libya,2040,m11,d1,t17,245.24299999999997
Libya,Libya,2040,m11,d1,t18,245.24299999999997
Libya,Libya,2040,m11,d1,t19,245.24299999999997
Libya,Libya,2040,m11,d1,t2,245.24299999999997
Libya,Libya,2040,m11,d1,t20,245.24299999999997
Libya,Libya,2040,m11,d1,t21,245.24299999999997
Libya,Libya,2040,m11,d1,t22,245.24299999999997
Libya,Libya,2040,m11,d1,t23,245.24299999999997
Libya,Libya,2040,m11,d1,t24,245.24299999999997
Libya,Libya,2040,m11,d1,t3,245.24299999999997
Libya,Libya,2040,m11,d1,t4,245.24299999999997
Libya,Libya,2040,m11,d1,t5,245.24299999999997
Libya,Libya,2040,m11,d1,t6,245.24299999999997
Libya,Libya,2040,m11,d1,t7,EPS
Libya,Libya,2040,m11,d1,t8,EPS
Libya,Libya,2040,m11,d1,t9,EPS
Libya,Libya,2040,m12,d1,t1,245.24299999999997
Libya,Libya,2040,m12,d1,t10,EPS
Libya,Libya,2040,m12,d1,t11,EPS
Libya,Libya,2040,m12,d1,t12,EPS
Libya,Libya,2040,m12,d1,t13,EPS
Libya,Libya,2040,m12,d1,t14,EPS
Libya,Libya,2040,m12,d1,t15,EPS
Libya,Libya,2040,m12,d1,t16,245.24299999999997
Libya,Libya,2040,m12,d1,t17,245.24299999999997
Libya,Libya,2040,m12,d1,t18,245.24299999999997
Libya,Libya,2040,m12,d1,t19,245.24299999999997
Libya,Libya,2040,m12,d1,t2,245.24299999999997
Libya,Libya,2040,m12,d1,t20,245.24299999999997
Libya,Libya,2040,m12,d1,t21,245.24299999999997
Libya,Libya,2040,m12,d1,t22,245.24299999999997
Libya,Libya,2040,m12,d1,t23,245.24299999999997
Libya,Libya,2040,m12,d1,t24,245.24299999999997
Libya,Libya,2040,m12,d1,t3,245.24299999999997
Libya,Libya,2040,m12,d1,t4,245.24299999999997
Libya,Libya,2040,m12,d1,t5,245.24299999999997
Libya,Libya,2040,m12,d1,t6,245.24299999999997
Libya,Libya,2040,m12,d1,t7,EPS
Libya,Libya,2040,m12,d1,t8,EPS
Libya,Libya,2040,m12,d1,t9,EPS
Libya,Libya,2040,m2,d1,t1,245.24300000000002
Libya,Libya,2040,m2,d1,t10,EPS
Libya,Libya,2040,m2,d1,t11,EPS
Libya,Libya,2040,m2,d1,t12,EPS
Libya,Libya,2040,m2,d1,t13,EPS
Libya,Libya,2040,m2,d1,t14,EPS
Libya,Libya,2040,m2,d1,t15,EPS
Libya,Libya,2040,m2,d1,t16,245.24300000000002
Libya,Libya,2040,m2,d1,t17,245.24300000000002
Libya,Libya,2040,m2,d1,t18,245.24300000000002
Libya,Libya,2040,m2,d1,t19,245.24300000000002
Libya,Libya,2040,m2,d1,t2,245.24300000000002
Libya,Libya,2040,m2,d1,t20,245.24300000000002
Libya,Libya,2040,m2,d1,t21,245.24300000000002
Libya,Libya,2040,m2,d1,t22,245.24300000000002
Libya,Libya,2040,m2,d1,t23,245.24300000000002
Libya,Libya,2040,m2,d1,t24,245.24300000000002
Libya,Libya,2040,m2,d1,t3,245.24300000000002
Libya,Libya,2040,m2,d1,t4,245.24300000000002
Libya,Libya,2040,m2,d1,t5,245.24300000000002
Libya,Libya,2040,m2,d1,t6,245.24300000000002
Libya,Libya,2040,m2,d1,t7,204.17600000000004
Libya,Libya,2040,m2,d1,t8,EPS
Libya,Libya,2040,m2,d1,t9,EPS
Libya,Libya,2040,m3,d1,t1,245.24299999999997
Libya,Libya,2040,m3,d1,t10,EPS
Libya,Libya,2040,m3,d1,t11,EPS
Libya,Libya,2040,m3,d1,t12,EPS
Libya,Libya,2040,m3,d1,t13,EPS
Libya,Libya,2040,m3,d1,t14,EPS
Libya,Libya,2040,m3,d1,t15,EPS
Libya,Libya,2040,m3,d1,t16,204.17600000000002
Libya,Libya,2040,m3,d1,t17,204.17600000000002
Libya,Libya,2040,m3,d1,t18,204.17600000000002
Libya,Libya,2040,m3,d1,t19,204.17600000000002
Libya,Libya,2040,m3,d1,t2,245.24299999999997
Libya,Libya,2040,m3,d1,t20,204.17600000000002
Libya,Libya,2040,m3,d1,t21,204.17600000000002
Libya,Libya,2040,m3,d1,t22,204.17600000000002
Libya,Libya,2040,m3,d1,t23,204.17600000000002
Libya,Libya,2040,m3,d1,t24,204.17600000000002
Libya,Libya,2040,m3,d1,t3,245.24299999999997
Libya,Libya,2040,m3,d1,t4,245.24299999999997
Libya,Libya,2040,m3,d1,t5,245.24299999999997
Libya,Libya,2040,m3,d1,t6,245.24299999999997
Libya,Libya,2040,m3,d1,t7,EPS
Libya,Libya,2040,m3,d1,t8,EPS
Libya,Libya,2040,m3,d1,t9,EPS
Libya,Libya,2040,m4,d1,t1,245.24299999999997
Libya,Libya,2040,m4,d1,t10,EPS
Libya,Libya,2040,m4,d1,t11,EPS
Libya,Libya,2040,m4,d1,t12,EPS
Libya,Libya,2040,m4,d1,t13,EPS
Libya,Libya,2040,m4,d1,t14,EPS
Libya,Libya,2040,m4,d1,t15,EPS
Libya,Libya,2040,m4,d1,t16,204.17600000000002
Libya,Libya,2040,m4,d1,t17,204.17600000000002
Libya,Libya,2040,m4,d1,t18,204.17600000000002
Libya,Libya,2040,m4,d1,t19,204.17600000000002
Libya,Libya,2040,m4,d1,t2,245.24299999999997
Libya,Libya,2040,m4,d1,t20,204.17600000000002
Libya,Libya,2040,m4,d1,t21,204.17600000000002
Libya,Libya,2040,m4,d1,t22,204.17600000000002
Libya,Libya,2040,m4,d1,t23,204.17600000000002
Libya,Libya,2040,m4,d1,t24,204.17600000000002
Libya,Libya,2040,m4,d1,t3,245.24299999999997
Libya,Libya,2040,m4,d1,t4,245.24299999999997
Libya,Libya,2040,m4,d1,t5,245.24299999999997
Libya,Libya,2040,m4,d1,t6,245.24299999999997
Libya,Libya,2040,m4,d1,t7,EPS
Libya,Libya,2040,m4,d1,t8,EPS
Libya,Libya,2040,m4,d1,t9,EPS
Libya,Libya,2040,m5,d1,t1,245.24299999999997
Libya,Libya,2040,m5,d1,t10,EPS
Libya,Libya,2040,m5,d1,t11,EPS
Libya,Libya,2040,m5,d1,t12,EPS
Libya,Libya,2040,m5,d1,t13,EPS
Libya,Libya,2040,m5,d1,t14,EPS
Libya,Libya,2040,m5,d1,t15,EPS
Libya,Libya,2040,m5,d1,t16,204.17600000000002
Libya,Libya,2040,m5,d1,t17,204.17600000000002
Libya,Libya,2040,m5,d1,t18,204.17600000000002
Libya,Libya,2040,m5,d1,t19,204.17600000000002
Libya,Libya,2040,m5,d1,t2,245.24299999999997
Libya,Libya,2040,m5,d1,t20,204.17600000000002
Libya,Libya,2040,m5,d1,t21,204.17600000000002
Libya,Libya,2040,m5,d1,t22,204.17600000000002
Libya,Libya,2040,m5,d1,t23,204.17600000000002
Libya,Libya,2040,m5,d1,t24,204.17600000000002
Libya,Libya,2040,m5,d1,t3,245.24299999999997
Libya,Libya,2040,m5,d1,t4,245.24299999999997
Libya,Libya,2040,m5,d1,t5,245.24299999999997
Libya,Libya,2040,m5,d1,t6,245.24299999999997
Libya,Libya,2040,m5,d1,t7,EPS
Libya,Libya,2040,m5,d1,t8,EPS
Libya,Libya,2040,m5,d1,t9,EPS
Libya,Libya,2040,m6,d1,t1,287.31
Libya,Libya,2040,m6,d1,t10,204.17600000000002
Libya,Libya,2040,m6,d1,t11,204.17600000000002
Libya,Libya,2040,m6,d1,t12,204.17600000000002
Libya,Libya,2040,m6,d1,t13,204.17600000000002
Libya,Libya,2040,m6,d1,t14,204.17600000000002
Libya,Libya,2040,m6,d1,t15,204.17600000000002
Libya,Libya,2040,m6,d1,t16,240.20705882352942
Libya,Libya,2040,m6,d1,t17,240.20705882352942
Libya,Libya,2040,m6,d1,t18,240.20705882352942
Libya,Libya,2040,m6,d1,t19,240.20705882352942
Libya,Libya,2040,m6,d1,t2,287.31
Libya,Libya,2040,m6,d1,t20,240.20705882352942
Libya,Libya,2040,m6,d1,t21,240.20705882352942
Libya,Libya,2040,m6,d1,t22,240.20705882352942
Libya,Libya,2040,m6,d1,t23,240.20705882352942
Libya,Libya,2040,m6,d1,t24,240.20705882352942
Libya,Libya,2040,m6,d1,t3,287.31
Libya,Libya,2040,m6,d1,t4,288.31
Libya,Libya,2040,m6,d1,t5,288.31
Libya,Libya,2040,m6,d1,t6,245.24299999999997
Libya,Libya,2040,m6,d1,t7,245.24299999999997
Libya,Libya,2040,m6,d1,t8,204.17600000000002
Libya,Libya,2040,m6,d1,t9,204.17600000000002
Libya,Libya,2040,m7,d1,t1,288.31
Libya,Libya,2040,m7,d1,t10,208.45655000000002
Libya,Libya,2040,m7,d1,t11,208.45655000000002
Libya,Libya,2040,m7,d1,t12,208.45655000000002
Libya,Libya,2040,m7,d1,t13,208.45655000000002
Libya,Libya,2040,m7,d1,t14,208.45655000000002
Libya,Libya,2040,m7,d1,t15,208.45655000000002
Libya,Libya,2040,m7,d1,t16,245.24299999999997
Libya,Libya,2040,m7,d1,t17,245.24299999999997
Libya,Libya,2040,m7,d1,t18,245.24299999999997
Libya,Libya,2040,m7,d1,t19,245.24299999999997
Libya,Libya,2040,m7,d1,t2,288.31
Libya,Libya,2040,m7,d1,t20,245.24299999999997
Libya,Libya,2040,m7,d1,t21,245.24299999999997
Libya,Libya,2040,m7,d1,t22,245.24299999999997
Libya,Libya,2040,m7,d1,t23,245.24299999999997
Libya,Libya,2040,m7,d1,t24,245.24299999999997
Libya,Libya,2040,m7,d1,t3,288.36
Libya,Libya,2040,m7,d1,t4,288.36
Libya,Libya,2040,m7,d1,t5,288.36
Libya,Libya,2040,m7,d1,t6,288.31
Libya,Libya,2040,m7,d1,t7,245.24299999999997
Libya,Libya,2040,m7,d1,t8,208.45655000000002
Libya,Libya,2040,m7,d1,t9,208.45655000000002
Libya,Libya,2040,m8,d1,t1,288.31
Libya,Libya,2040,m8,d1,t10,244.21349999999998
Libya,Libya,2040,m8,d1,t11,244.21349999999998
Libya,Libya,2040,m8,d1,t12,244.21349999999998
Libya,Libya,2040,m8,d1,t13,244.21349999999998
Libya,Libya,2040,m8,d1,t14,244.21349999999998
Libya,Libya,2040,m8,d1,t15,245.24299999999997
Libya,Libya,2040,m8,d1,t16,245.24299999999997
Libya,Libya,2040,m8,d1,t17,287.31
Libya,Libya,2040,m8,d1,t18,287.31
Libya,Libya,2040,m8,d1,t19,287.31
Libya,Libya,2040,m8,d1,t2,288.31
Libya,Libya,2040,m8,d1,t20,287.31
Libya,Libya,2040,m8,d1,t21,287.31
Libya,Libya,2040,m8,d1,t22,287.31
Libya,Libya,2040,m8,d1,t23,287.31
Libya,Libya,2040,m8,d1,t24,287.31
Libya,Libya,2040,m8,d1,t3,288.31
Libya,Libya,2040,m8,d1,t4,288.31
Libya,Libya,2040,m8,d1,t5,288.31
Libya,Libya,2040,m8,d1,t6,288.31
Libya,Libya,2040,m8,d1,t7,245.24299999999997
Libya,Libya,2040,m8,d1,t8,245.24299999999997
Libya,Libya,2040,m8,d1,t9,244.21349999999998
Libya,Libya,2040,m9,d1,t1,288.31
Libya,Libya,2040,m9,d1,t10,204.17600000000002
Libya,Libya,2040,m9,d1,t11,204.17600000000002
Libya,Libya,2040,m9,d1,t12,204.17600000000002
Libya,Libya,2040,m9,d1,t13,204.17600000000002
Libya,Libya,2040,m9,d1,t14,204.17600000000002
Libya,Libya,2040,m9,d1,t15,204.17600000000002
Libya,Libya,2040,m9,d1,t16,245.24299999999997
Libya,Libya,2040,m9,d1,t17,245.24299999999997
Libya,Libya,2040,m9,d1,t18,245.24299999999997
Libya,Libya,2040,m9,d1,t19,245.24299999999997
Libya,Libya,2040,m9,d1,t2,288.31
Libya,Libya,2040,m9,d1,t20,245.24299999999997
Libya,Libya,2040,m9,d1,t21,245.24299999999997
Libya,Libya,2040,m9,d1,t22,245.24299999999997
Libya,Libya,2040,m9,d1,t23,245.24299999999997
Libya,Libya,2040,m9,d1,t24,245.24299999999997
Libya,Libya,2040,m9,d1,t3,288.31
Libya,Libya,2040,m9,d1,t4,288.31
Libya,Libya,2040,m9,d1,t5,288.31
Libya,Libya,2040,m9,d1,t6,287.31
Libya,Libya,2040,m9,d1,t7,245.24299999999997
Libya,Libya,2040,m9,d1,t8,204.17600000000002
Libya,Libya,2040,m9,d1,t9,204.17600000000002
Libya,Libya,2041,m1,d1,t1,288.31
Libya,Libya,2041,m1,d1,t10,EPS
Libya,Libya,2041,m1,d1,t11,EPS
Libya,Libya,2041,m1,d1,t12,EPS
Libya,Libya,2041,m1,d1,t13,EPS
Libya,Libya,2041,m1,d1,t14,EPS
Libya,Libya,2041,m1,d1,t15,EPS
Libya,Libya,2041,m1,d1,t16,245.24300000000002
Libya,Libya,2041,m1,d1,t17,245.24300000000002
Libya,Libya,2041,m1,d1,t18,245.24300000000002
Libya,Libya,2041,m1,d1,t19,245.24300000000002
Libya,Libya,2041,m1,d1,t2,287.30999999999995
Libya,Libya,2041,m1,d1,t20,245.24300000000002
Libya,Libya,2041,m1,d1,t21,245.24300000000002
Libya,Libya,2041,m1,d1,t22,245.24300000000002
Libya,Libya,2041,m1,d1,t23,245.24300000000002
Libya,Libya,2041,m1,d1,t24,245.24300000000002
Libya,Libya,2041,m1,d1,t3,287.30999999999995
Libya,Libya,2041,m1,d1,t4,287.30999999999995
Libya,Libya,2041,m1,d1,t5,287.30999999999995
Libya,Libya,2041,m1,d1,t6,287.30999999999995
Libya,Libya,2041,m1,d1,t7,245.24300000000002
Libya,Libya,2041,m1,d1,t8,EPS
Libya,Libya,2041,m1,d1,t9,EPS
Libya,Libya,2041,m10,d1,t1,288.31
Libya,Libya,2041,m10,d1,t10,208.45655000000002
Libya,Libya,2041,m10,d1,t11,208.45655000000002
Libya,Libya,2041,m10,d1,t12,208.45655000000002
Libya,Libya,2041,m10,d1,t13,208.45655000000002
Libya,Libya,2041,m10,d1,t14,208.45655000000002
Libya,Libya,2041,m10,d1,t15,208.45655000000002
Libya,Libya,2041,m10,d1,t16,245.24300000000002
Libya,Libya,2041,m10,d1,t17,245.24300000000002
Libya,Libya,2041,m10,d1,t18,245.24300000000002
Libya,Libya,2041,m10,d1,t19,245.24300000000002
Libya,Libya,2041,m10,d1,t2,288.31
Libya,Libya,2041,m10,d1,t20,245.24300000000002
Libya,Libya,2041,m10,d1,t21,245.24300000000002
Libya,Libya,2041,m10,d1,t22,245.24300000000002
Libya,Libya,2041,m10,d1,t23,245.24300000000002
Libya,Libya,2041,m10,d1,t24,245.24300000000002
Libya,Libya,2041,m10,d1,t3,288.31
Libya,Libya,2041,m10,d1,t4,288.31
Libya,Libya,2041,m10,d1,t5,288.31
Libya,Libya,2041,m10,d1,t6,287.30999999999995
Libya,Libya,2041,m10,d1,t7,245.24300000000002
Libya,Libya,2041,m10,d1,t8,208.45655000000002
Libya,Libya,2041,m10,d1,t9,208.45655000000002
Libya,Libya,2041,m11,d1,t1,287.31
Libya,Libya,2041,m11,d1,t10,EPS
Libya,Libya,2041,m11,d1,t11,EPS
Libya,Libya,2041,m11,d1,t12,EPS
Libya,Libya,2041,m11,d1,t13,EPS
Libya,Libya,2041,m11,d1,t14,EPS
Libya,Libya,2041,m11,d1,t15,EPS
Libya,Libya,2041,m11,d1,t16,245.243
Libya,Libya,2041,m11,d1,t17,245.243
Libya,Libya,2041,m11,d1,t18,245.243
Libya,Libya,2041,m11,d1,t19,245.243
Libya,Libya,2041,m11,d1,t2,287.31
Libya,Libya,2041,m11,d1,t20,245.243
Libya,Libya,2041,m11,d1,t21,245.243
Libya,Libya,2041,m11,d1,t22,245.243
Libya,Libya,2041,m11,d1,t23,245.243
Libya,Libya,2041,m11,d1,t24,245.243
Libya,Libya,2041,m11,d1,t3,245.243
Libya,Libya,2041,m11,d1,t4,245.243
Libya,Libya,2041,m11,d1,t5,245.243
Libya,Libya,2041,m11,d1,t6,245.243
Libya,Libya,2041,m11,d1,t7,EPS
Libya,Libya,2041,m11,d1,t8,EPS
Libya,Libya,2041,m11,d1,t9,EPS
Libya,Libya,2041,m12,d1,t1,245.24300000000002
Libya,Libya,2041,m12,d1,t10,EPS
Libya,Libya,2041,m12,d1,t11,EPS
Libya,Libya,2041,m12,d1,t12,EPS
Libya,Libya,2041,m12,d1,t13,EPS
Libya,Libya,2041,m12,d1,t14,EPS
Libya,Libya,2041,m12,d1,t15,EPS
Libya,Libya,2041,m12,d1,t16,245.24300000000002
Libya,Libya,2041,m12,d1,t17,245.24300000000002
Libya,Libya,2041,m12,d1,t18,245.24300000000002
Libya,Libya,2041,m12,d1,t19,245.24300000000002
Libya,Libya,2041,m12,d1,t2,245.24300000000002
Libya,Libya,2041,m12,d1,t20,245.24300000000002
Libya,Libya,2041,m12,d1,t21,245.24300000000002
Libya,Libya,2041,m12,d1,t22,245.24300000000002
Libya,Libya,2041,m12,d1,t23,245.24300000000002
Libya,Libya,2041,m12,d1,t24,245.24300000000002
Libya,Libya,2041,m12,d1,t3,245.24300000000002
Libya,Libya,2041,m12,d1,t4,245.24300000000002
Libya,Libya,2041,m12,d1,t5,245.24300000000002
Libya,Libya,2041,m12,d1,t6,245.24300000000002
Libya,Libya,2041,m12,d1,t7,EPS
Libya,Libya,2041,m12,d1,t8,EPS
Libya,Libya,2041,m12,d1,t9,EPS
Libya,Libya,2041,m2,d1,t1,287.31
Libya,Libya,2041,m2,d1,t10,EPS
Libya,Libya,2041,m2,d1,t11,EPS
Libya,Libya,2041,m2,d1,t12,EPS
Libya,Libya,2041,m2,d1,t13,EPS
Libya,Libya,2041,m2,d1,t14,EPS
Libya,Libya,2041,m2,d1,t15,EPS
Libya,Libya,2041,m2,d1,t16,245.243
Libya,Libya,2041,m2,d1,t17,245.243
Libya,Libya,2041,m2,d1,t18,245.243
Libya,Libya,2041,m2,d1,t19,245.243
Libya,Libya,2041,m2,d1,t2,253.87776470588236
Libya,Libya,2041,m2,d1,t20,245.243
Libya,Libya,2041,m2,d1,t21,245.243
Libya,Libya,2041,m2,d1,t22,245.243
Libya,Libya,2041,m2,d1,t23,245.243
Libya,Libya,2041,m2,d1,t24,245.243
Libya,Libya,2041,m2,d1,t3,287.31
Libya,Libya,2041,m2,d1,t4,287.31
Libya,Libya,2041,m2,d1,t5,287.31
Libya,Libya,2041,m2,d1,t6,245.243
Libya,Libya,2041,m2,d1,t7,245.243
Libya,Libya,2041,m2,d1,t8,EPS
Libya,Libya,2041,m2,d1,t9,EPS
Libya,Libya,2041,m3,d1,t1,287.30999999999995
Libya,Libya,2041,m3,d1,t10,EPS
Libya,Libya,2041,m3,d1,t11,EPS
Libya,Libya,2041,m3,d1,t12,EPS
Libya,Libya,2041,m3,d1,t13,EPS
Libya,Libya,2041,m3,d1,t14,EPS
Libya,Libya,2041,m3,d1,t15,EPS
Libya,Libya,2041,m3,d1,t16,EPS
Libya,Libya,2041,m3,d1,t17,245.24300000000002
Libya,Libya,2041,m3,d1,t18,245.24300000000002
Libya,Libya,2041,m3,d1,t19,245.24300000000002
Libya,Libya,2041,m3,d1,t2,287.30999999999995
Libya,Libya,2041,m3,d1,t20,245.24300000000002
Libya,Libya,2041,m3,d1,t21,245.24300000000002
Libya,Libya,2041,m3,d1,t22,245.24300000000002
Libya,Libya,2041,m3,d1,t23,245.24300000000002
Libya,Libya,2041,m3,d1,t24,245.24300000000002
Libya,Libya,2041,m3,d1,t3,253.87776470588244
Libya,Libya,2041,m3,d1,t4,245.24300000000002
Libya,Libya,2041,m3,d1,t5,245.24300000000002
Libya,Libya,2041,m3,d1,t6,245.24300000000002
Libya,Libya,2041,m3,d1,t7,EPS
Libya,Libya,2041,m3,d1,t8,EPS
Libya,Libya,2041,m3,d1,t9,EPS
Libya,Libya,2041,m4,d1,t1,245.243
Libya,Libya,2041,m4,d1,t10,EPS
Libya,Libya,2041,m4,d1,t11,EPS
Libya,Libya,2041,m4,d1,t12,EPS
Libya,Libya,2041,m4,d1,t13,EPS
Libya,Libya,2041,m4,d1,t14,EPS
Libya,Libya,2041,m4,d1,t15,EPS
Libya,Libya,2041,m4,d1,t16,EPS
Libya,Libya,2041,m4,d1,t17,EPS
Libya,Libya,2041,m4,d1,t18,EPS
Libya,Libya,2041,m4,d1,t19,EPS
Libya,Libya,2041,m4,d1,t2,245.243
Libya,Libya,2041,m4,d1,t20,EPS
Libya,Libya,2041,m4,d1,t21,EPS
Libya,Libya,2041,m4,d1,t22,EPS
Libya,Libya,2041,m4,d1,t23,EPS
Libya,Libya,2041,m4,d1,t24,EPS
Libya,Libya,2041,m4,d1,t3,245.243
Libya,Libya,2041,m4,d1,t4,245.243
Libya,Libya,2041,m4,d1,t5,287.31
Libya,Libya,2041,m4,d1,t6,245.243
Libya,Libya,2041,m4,d1,t7,EPS
Libya,Libya,2041,m4,d1,t8,EPS
Libya,Libya,2041,m4,d1,t9,EPS
Libya,Libya,2041,m5,d1,t1,245.24300000000002
Libya,Libya,2041,m5,d1,t10,EPS
Libya,Libya,2041,m5,d1,t11,EPS
Libya,Libya,2041,m5,d1,t12,EPS
Libya,Libya,2041,m5,d1,t13,EPS
Libya,Libya,2041,m5,d1,t14,EPS
Libya,Libya,2041,m5,d1,t15,EPS
Libya,Libya,2041,m5,d1,t16,EPS
Libya,Libya,2041,m5,d1,t17,EPS
Libya,Libya,2041,m5,d1,t18,EPS
Libya,Libya,2041,m5,d1,t19,EPS
Libya,Libya,2041,m5,d1,t2,245.24300000000002
Libya,Libya,2041,m5,d1,t20,EPS
Libya,Libya,2041,m5,d1,t21,EPS
Libya,Libya,2041,m5,d1,t22,EPS
Libya,Libya,2041,m5,d1,t23,EPS
Libya,Libya,2041,m5,d1,t24,EPS
Libya,Libya,2041,m5,d1,t3,245.24300000000002
Libya,Libya,2041,m5,d1,t4,245.24300000000002
Libya,Libya,2041,m5,d1,t5,245.24300000000002
Libya,Libya,2041,m5,d1,t6,245.24300000000002
Libya,Libya,2041,m5,d1,t7,EPS
Libya,Libya,2041,m5,d1,t8,EPS
Libya,Libya,2041,m5,d1,t9,EPS
Libya,Libya,2041,m6,d1,t1,288.31
Libya,Libya,2041,m6,d1,t10,EPS
Libya,Libya,2041,m6,d1,t11,EPS
Libya,Libya,2041,m6,d1,t12,EPS
Libya,Libya,2041,m6,d1,t13,EPS
Libya,Libya,2041,m6,d1,t14,EPS
Libya,Libya,2041,m6,d1,t15,EPS
Libya,Libya,2041,m6,d1,t16,245.243
Libya,Libya,2041,m6,d1,t17,245.243
Libya,Libya,2041,m6,d1,t18,245.243
Libya,Libya,2041,m6,d1,t19,245.243
Libya,Libya,2041,m6,d1,t2,288.31
Libya,Libya,2041,m6,d1,t20,245.243
Libya,Libya,2041,m6,d1,t21,245.243
Libya,Libya,2041,m6,d1,t22,245.243
Libya,Libya,2041,m6,d1,t23,245.243
Libya,Libya,2041,m6,d1,t24,245.243
Libya,Libya,2041,m6,d1,t3,288.31
Libya,Libya,2041,m6,d1,t4,288.31
Libya,Libya,2041,m6,d1,t5,288.31
Libya,Libya,2041,m6,d1,t6,287.31
Libya,Libya,2041,m6,d1,t7,245.243
Libya,Libya,2041,m6,d1,t8,EPS
Libya,Libya,2041,m6,d1,t9,EPS
Libya,Libya,2041,m7,d1,t1,348.31
Libya,Libya,2041,m7,d1,t10,EPS
Libya,Libya,2041,m7,d1,t11,EPS
Libya,Libya,2041,m7,d1,t12,EPS
Libya,Libya,2041,m7,d1,t13,EPS
Libya,Libya,2041,m7,d1,t14,EPS
Libya,Libya,2041,m7,d1,t15,EPS
Libya,Libya,2041,m7,d1,t16,245.24300000000002
Libya,Libya,2041,m7,d1,t17,245.24300000000002
Libya,Libya,2041,m7,d1,t18,245.24300000000002
Libya,Libya,2041,m7,d1,t19,245.24300000000002
Libya,Libya,2041,m7,d1,t2,297.31
Libya,Libya,2041,m7,d1,t20,245.24300000000002
Libya,Libya,2041,m7,d1,t21,245.24300000000002
Libya,Libya,2041,m7,d1,t22,245.24300000000002
Libya,Libya,2041,m7,d1,t23,245.24300000000002
Libya,Libya,2041,m7,d1,t24,245.24300000000002
Libya,Libya,2041,m7,d1,t3,289.66
Libya,Libya,2041,m7,d1,t4,288.555
Libya,Libya,2041,m7,d1,t5,339.4314705882353
Libya,Libya,2041,m7,d1,t6,288.35999999999996
Libya,Libya,2041,m7,d1,t7,287.30999999999995
Libya,Libya,2041,m7,d1,t8,51.0
Libya,Libya,2041,m7,d1,t9,EPS
Libya,Libya,2041,m8,d1,t1,288.51
Libya,Libya,2041,m8,d1,t10,244.21349999999995
Libya,Libya,2041,m8,d1,t11,244.21349999999995
Libya,Libya,2041,m8,d1,t12,244.21349999999995
Libya,Libya,2041,m8,d1,t13,244.21349999999995
Libya,Libya,2041,m8,d1,t14,244.21349999999995
Libya,Libya,2041,m8,d1,t15,245.24300000000002
Libya,Libya,2041,m8,d1,t16,245.24300000000002
Libya,Libya,2041,m8,d1,t17,287.30999999999995
Libya,Libya,2041,m8,d1,t18,287.30999999999995
Libya,Libya,2041,m8,d1,t19,287.30999999999995
Libya,Libya,2041,m8,d1,t2,288.51
Libya,Libya,2041,m8,d1,t20,287.30999999999995
Libya,Libya,2041,m8,d1,t21,287.30999999999995
Libya,Libya,2041,m8,d1,t22,287.30999999999995
Libya,Libya,2041,m8,d1,t23,287.30999999999995
Libya,Libya,2041,m8,d1,t24,287.30999999999995
Libya,Libya,2041,m8,d1,t3,288.51
Libya,Libya,2041,m8,d1,t4,288.51
Libya,Libya,2041,m8,d1,t5,337.57352941176475
Libya,Libya,2041,m8,d1,t6,288.35999999999996
Libya,Libya,2041,m8,d1,t7,245.24300000000002
Libya,Libya,2041,m8,d1,t8,245.24300000000002
Libya,Libya,2041,m8,d1,t9,244.21349999999995
Libya,Libya,2041,m9,d1,t1,288.31
Libya,Libya,2041,m9,d1,t10,EPS
Libya,Libya,2041,m9,d1,t11,EPS
Libya,Libya,2041,m9,d1,t12,EPS
Libya,Libya,2041,m9,d1,t13,EPS
Libya,Libya,2041,m9,d1,t14,EPS
Libya,Libya,2041,m9,d1,t15,EPS
Libya,Libya,2041,m9,d1,t16,245.243
Libya,Libya,2041,m9,d1,t17,245.243
Libya,Libya,2041,m9,d1,t18,245.243
Libya,Libya,2041,m9,d1,t19,245.243
Libya,Libya,2041,m9,d1,t2,288.31
Libya,Libya,2041,m9,d1,t20,245.243
Libya,Libya,2041,m9,d1,t21,245.243
Libya,Libya,2041,m9,d1,t22,245.243
Libya,Libya,2041,m9,d1,t23,245.243
Libya,Libya,2041,m9,d1,t24,245.243
Libya,Libya,2041,m9,d1,t3,288.31
Libya,Libya,2041,m9,d1,t4,288.35999999999996
Libya,Libya,2041,m9,d1,t5,288.35999999999996
Libya,Libya,2041,m9,d1,t6,288.31
Libya,Libya,2041,m9,d1,t7,245.243
Libya,Libya,2041,m9,d1,t8,EPS
Libya,Libya,2041,m9,d1,t9,EPS
Libya,Libya,2042,m1,d1,t1,287.31
Libya,Libya,2042,m1,d1,t10,EPS
Libya,Libya,2042,m1,d1,t11,EPS
Libya,Libya,2042,m1,d1,t12,EPS
Libya,Libya,2042,m1,d1,t13,EPS
Libya,Libya,2042,m1,d1,t14,EPS
Libya,Libya,2042,m1,d1,t15,EPS
Libya,Libya,2042,m1,d1,t16,245.243
Libya,Libya,2042,m1,d1,t17,245.243
Libya,Libya,2042,m1,d1,t18,245.243
Libya,Libya,2042,m1,d1,t19,245.243
Libya,Libya,2042,m1,d1,t2,245.243
Libya,Libya,2042,m1,d1,t20,245.243
Libya,Libya,2042,m1,d1,t21,245.243
Libya,Libya,2042,m1,d1,t22,245.243
Libya,Libya,2042,m1,d1,t23,245.243
Libya,Libya,2042,m1,d1,t24,245.243
Libya,Libya,2042,m1,d1,t3,245.243
Libya,Libya,2042,m1,d1,t4,245.243
Libya,Libya,2042,m1,d1,t5,245.243
Libya,Libya,2042,m1,d1,t6,245.243
Libya,Libya,2042,m1,d1,t7,50.99999999999999
Libya,Libya,2042,m1,d1,t8,EPS
Libya,Libya,2042,m1,d1,t9,EPS
Libya,Libya,2042,m10,d1,t1,287.31
Libya,Libya,2042,m10,d1,t10,121.62358637760481
Libya,Libya,2042,m10,d1,t11,121.62358637760481
Libya,Libya,2042,m10,d1,t12,121.62358637760481
Libya,Libya,2042,m10,d1,t13,121.62358637760481
Libya,Libya,2042,m10,d1,t14,121.62358637760481
Libya,Libya,2042,m10,d1,t15,121.62358637760481
Libya,Libya,2042,m10,d1,t16,245.243
Libya,Libya,2042,m10,d1,t17,245.243
Libya,Libya,2042,m10,d1,t18,245.243
Libya,Libya,2042,m10,d1,t19,245.243
Libya,Libya,2042,m10,d1,t2,287.31
Libya,Libya,2042,m10,d1,t20,245.243
Libya,Libya,2042,m10,d1,t21,245.243
Libya,Libya,2042,m10,d1,t22,245.243
Libya,Libya,2042,m10,d1,t23,245.243
Libya,Libya,2042,m10,d1,t24,245.243
Libya,Libya,2042,m10,d1,t3,287.31
Libya,Libya,2042,m10,d1,t4,287.31
Libya,Libya,2042,m10,d1,t5,287.31
Libya,Libya,2042,m10,d1,t6,287.31
Libya,Libya,2042,m10,d1,t7,245.243
Libya,Libya,2042,m10,d1,t8,121.62358637760481
Libya,Libya,2042,m10,d1,t9,121.62358637760481
Libya,Libya,2042,m11,d1,t1,245.24299999999997
Libya,Libya,2042,m11,d1,t10,EPS
Libya,Libya,2042,m11,d1,t11,EPS
Libya,Libya,2042,m11,d1,t12,EPS
Libya,Libya,2042,m11,d1,t13,EPS
Libya,Libya,2042,m11,d1,t14,EPS
Libya,Libya,2042,m11,d1,t15,EPS
Libya,Libya,2042,m11,d1,t16,245.24299999999997
Libya,Libya,2042,m11,d1,t17,245.24299999999997
Libya,Libya,2042,m11,d1,t18,245.24299999999997
Libya,Libya,2042,m11,d1,t19,245.24299999999997
Libya,Libya,2042,m11,d1,t2,245.24299999999997
Libya,Libya,2042,m11,d1,t20,245.24299999999997
Libya,Libya,2042,m11,d1,t21,245.24299999999997
Libya,Libya,2042,m11,d1,t22,245.24299999999997
Libya,Libya,2042,m11,d1,t23,245.24299999999997
Libya,Libya,2042,m11,d1,t24,245.24299999999997
Libya,Libya,2042,m11,d1,t3,245.24299999999997
Libya,Libya,2042,m11,d1,t4,245.24299999999997
Libya,Libya,2042,m11,d1,t5,245.24299999999997
Libya,Libya,2042,m11,d1,t6,245.24299999999997
Libya,Libya,2042,m11,d1,t7,EPS
Libya,Libya,2042,m11,d1,t8,EPS
Libya,Libya,2042,m11,d1,t9,EPS
Libya,Libya,2042,m12,d1,t1,245.243
Libya,Libya,2042,m12,d1,t10,EPS
Libya,Libya,2042,m12,d1,t11,EPS
Libya,Libya,2042,m12,d1,t12,EPS
Libya,Libya,2042,m12,d1,t13,EPS
Libya,Libya,2042,m12,d1,t14,EPS
Libya,Libya,2042,m12,d1,t15,EPS
Libya,Libya,2042,m12,d1,t16,245.243
Libya,Libya,2042,m12,d1,t17,245.243
Libya,Libya,2042,m12,d1,t18,245.243
Libya,Libya,2042,m12,d1,t19,245.243
Libya,Libya,2042,m12,d1,t2,245.243
Libya,Libya,2042,m12,d1,t20,245.243
Libya,Libya,2042,m12,d1,t21,245.243
Libya,Libya,2042,m12,d1,t22,245.243
Libya,Libya,2042,m12,d1,t23,245.243
Libya,Libya,2042,m12,d1,t24,245.243
Libya,Libya,2042,m12,d1,t3,245.243
Libya,Libya,2042,m12,d1,t4,245.243
Libya,Libya,2042,m12,d1,t5,245.243
Libya,Libya,2042,m12,d1,t6,245.243
Libya,Libya,2042,m12,d1,t7,EPS
Libya,Libya,2042,m12,d1,t8,EPS
Libya,Libya,2042,m12,d1,t9,EPS
Libya,Libya,2042,m2,d1,t1,245.243
Libya,Libya,2042,m2,d1,t10,EPS
Libya,Libya,2042,m2,d1,t11,EPS
Libya,Libya,2042,m2,d1,t12,EPS
Libya,Libya,2042,m2,d1,t13,EPS
Libya,Libya,2042,m2,d1,t14,EPS
Libya,Libya,2042,m2,d1,t15,EPS
Libya,Libya,2042,m2,d1,t16,245.243
Libya,Libya,2042,m2,d1,t17,245.243
Libya,Libya,2042,m2,d1,t18,245.243
Libya,Libya,2042,m2,d1,t19,245.243
Libya,Libya,2042,m2,d1,t2,245.243
Libya,Libya,2042,m2,d1,t20,245.243
Libya,Libya,2042,m2,d1,t21,245.243
Libya,Libya,2042,m2,d1,t22,245.243
Libya,Libya,2042,m2,d1,t23,245.243
Libya,Libya,2042,m2,d1,t24,245.243
Libya,Libya,2042,m2,d1,t3,245.243
Libya,Libya,2042,m2,d1,t4,245.243
Libya,Libya,2042,m2,d1,t5,245.243
Libya,Libya,2042,m2,d1,t6,245.243
Libya,Libya,2042,m2,d1,t7,51.0
Libya,Libya,2042,m2,d1,t8,EPS
Libya,Libya,2042,m2,d1,t9,EPS
Libya,Libya,2042,m3,d1,t1,245.243
Libya,Libya,2042,m3,d1,t10,EPS
Libya,Libya,2042,m3,d1,t11,EPS
Libya,Libya,2042,m3,d1,t12,EPS
Libya,Libya,2042,m3,d1,t13,EPS
Libya,Libya,2042,m3,d1,t14,EPS
Libya,Libya,2042,m3,d1,t15,EPS
Libya,Libya,2042,m3,d1,t16,EPS
Libya,Libya,2042,m3,d1,t17,EPS
Libya,Libya,2042,m3,d1,t18,EPS
Libya,Libya,2042,m3,d1,t19,EPS
Libya,Libya,2042,m3,d1,t2,245.243
Libya,Libya,2042,m3,d1,t20,EPS
Libya,Libya,2042,m3,d1,t21,EPS
Libya,Libya,2042,m3,d1,t22,EPS
Libya,Libya,2042,m3,d1,t23,EPS
Libya,Libya,2042,m3,d1,t24,EPS
Libya,Libya,2042,m3,d1,t3,245.243
Libya,Libya,2042,m3,d1,t4,245.243
Libya,Libya,2042,m3,d1,t5,245.243
Libya,Libya,2042,m3,d1,t6,245.243
Libya,Libya,2042,m3,d1,t7,EPS
Libya,Libya,2042,m3,d1,t8,EPS
Libya,Libya,2042,m3,d1,t9,EPS
Libya,Libya,2042,m4,d1,t1,245.24299999999997
Libya,Libya,2042,m4,d1,t10,EPS
Libya,Libya,2042,m4,d1,t11,EPS
Libya,Libya,2042,m4,d1,t12,EPS
Libya,Libya,2042,m4,d1,t13,EPS
Libya,Libya,2042,m4,d1,t14,EPS
Libya,Libya,2042,m4,d1,t15,EPS
Libya,Libya,2042,m4,d1,t16,EPS
Libya,Libya,2042,m4,d1,t17,EPS
Libya,Libya,2042,m4,d1,t18,EPS
Libya,Libya,2042,m4,d1,t19,EPS
Libya,Libya,2042,m4,d1,t2,245.24299999999997
Libya,Libya,2042,m4,d1,t20,EPS
Libya,Libya,2042,m4,d1,t21,EPS
Libya,Libya,2042,m4,d1,t22,EPS
Libya,Libya,2042,m4,d1,t23,EPS
Libya,Libya,2042,m4,d1,t24,EPS
Libya,Libya,2042,m4,d1,t3,245.24299999999997
Libya,Libya,2042,m4,d1,t4,245.24299999999997
Libya,Libya,2042,m4,d1,t5,245.24299999999997
Libya,Libya,2042,m4,d1,t6,245.24299999999997
Libya,Libya,2042,m4,d1,t7,EPS
Libya,Libya,2042,m4,d1,t8,EPS
Libya,Libya,2042,m4,d1,t9,EPS
Libya,Libya,2042,m5,d1,t1,245.243
Libya,Libya,2042,m5,d1,t10,EPS
Libya,Libya,2042,m5,d1,t11,EPS
Libya,Libya,2042,m5,d1,t12,EPS
Libya,Libya,2042,m5,d1,t13,EPS
Libya,Libya,2042,m5,d1,t14,EPS
Libya,Libya,2042,m5,d1,t15,EPS
Libya,Libya,2042,m5,d1,t16,EPS
Libya,Libya,2042,m5,d1,t17,EPS
Libya,Libya,2042,m5,d1,t18,EPS
Libya,Libya,2042,m5,d1,t19,EPS
Libya,Libya,2042,m5,d1,t2,245.243
Libya,Libya,2042,m5,d1,t20,EPS
Libya,Libya,2042,m5,d1,t21,EPS
Libya,Libya,2042,m5,d1,t22,EPS
Libya,Libya,2042,m5,d1,t23,EPS
Libya,Libya,2042,m5,d1,t24,EPS
Libya,Libya,2042,m5,d1,t3,245.243
Libya,Libya,2042,m5,d1,t4,245.243
Libya,Libya,2042,m5,d1,t5,245.243
Libya,Libya,2042,m5,d1,t6,245.243
Libya,Libya,2042,m5,d1,t7,EPS
Libya,Libya,2042,m5,d1,t8,EPS
Libya,Libya,2042,m5,d1,t9,EPS
Libya,Libya,2042,m6,d1,t1,287.31
Libya,Libya,2042,m6,d1,t10,EPS
Libya,Libya,2042,m6,d1,t11,EPS
Libya,Libya,2042,m6,d1,t12,EPS
Libya,Libya,2042,m6,d1,t13,EPS
Libya,Libya,2042,m6,d1,t14,EPS
Libya,Libya,2042,m6,d1,t15,EPS
Libya,Libya,2042,m6,d1,t16,EPS
Libya,Libya,2042,m6,d1,t17,EPS
Libya,Libya,2042,m6,d1,t18,EPS
Libya,Libya,2042,m6,d1,t19,EPS
Libya,Libya,2042,m6,d1,t2,287.31
Libya,Libya,2042,m6,d1,t20,EPS
Libya,Libya,2042,m6,d1,t21,EPS
Libya,Libya,2042,m6,d1,t22,EPS
Libya,Libya,2042,m6,d1,t23,EPS
Libya,Libya,2042,m6,d1,t24,EPS
Libya,Libya,2042,m6,d1,t3,287.31
Libya,Libya,2042,m6,d1,t4,287.31
Libya,Libya,2042,m6,d1,t5,287.31
Libya,Libya,2042,m6,d1,t6,245.24299999999997
Libya,Libya,2042,m6,d1,t7,245.24299999999997
Libya,Libya,2042,m6,d1,t8,EPS
Libya,Libya,2042,m6,d1,t9,EPS
Libya,Libya,2042,m7,d1,t1,288.51
Libya,Libya,2042,m7,d1,t10,EPS
Libya,Libya,2042,m7,d1,t11,EPS
Libya,Libya,2042,m7,d1,t12,EPS
Libya,Libya,2042,m7,d1,t13,EPS
Libya,Libya,2042,m7,d1,t14,EPS
Libya,Libya,2042,m7,d1,t15,EPS
Libya,Libya,2042,m7,d1,t16,245.243
Libya,Libya,2042,m7,d1,t17,245.243
Libya,Libya,2042,m7,d1,t18,245.243
Libya,Libya,2042,m7,d1,t19,245.243
Libya,Libya,2042,m7,d1,t2,288.51
Libya,Libya,2042,m7,d1,t20,245.243
Libya,Libya,2042,m7,d1,t21,245.243
Libya,Libya,2042,m7,d1,t22,245.243
Libya,Libya,2042,m7,d1,t23,245.243
Libya,Libya,2042,m7,d1,t24,245.243
Libya,Libya,2042,m7,d1,t3,288.51
Libya,Libya,2042,m7,d1,t4,288.51
Libya,Libya,2042,m7,d1,t5,337.5735294117647
Libya,Libya,2042,m7,d1,t6,288.36
Libya,Libya,2042,m7,d1,t7,245.243
Libya,Libya,2042,m7,d1,t8,50.99999999999999
Libya,Libya,2042,m7,d1,t9,EPS
Libya,Libya,2042,m8,d1,t1,288.51
Libya,Libya,2042,m8,d1,t10,208.45655
Libya,Libya,2042,m8,d1,t11,208.45655
Libya,Libya,2042,m8,d1,t12,208.45655
Libya,Libya,2042,m8,d1,t13,208.45655
Libya,Libya,2042,m8,d1,t14,208.45655
Libya,Libya,2042,m8,d1,t15,245.243
Libya,Libya,2042,m8,d1,t16,245.243
Libya,Libya,2042,m8,d1,t17,245.243
Libya,Libya,2042,m8,d1,t18,245.243
Libya,Libya,2042,m8,d1,t19,245.243
Libya,Libya,2042,m8,d1,t2,288.51
Libya,Libya,2042,m8,d1,t20,245.243
Libya,Libya,2042,m8,d1,t21,245.243
Libya,Libya,2042,m8,d1,t22,245.243
Libya,Libya,2042,m8,d1,t23,245.243
Libya,Libya,2042,m8,d1,t24,245.243
Libya,Libya,2042,m8,d1,t3,288.51
Libya,Libya,2042,m8,d1,t4,288.51
Libya,Libya,2042,m8,d1,t5,288.51
Libya,Libya,2042,m8,d1,t6,288.36
Libya,Libya,2042,m8,d1,t7,245.243
Libya,Libya,2042,m8,d1,t8,245.243
Libya,Libya,2042,m8,d1,t9,208.45655
Libya,Libya,2042,m9,d1,t1,288.31000000000006
Libya,Libya,2042,m9,d1,t10,EPS
Libya,Libya,2042,m9,d1,t11,EPS
Libya,Libya,2042,m9,d1,t12,EPS
Libya,Libya,2042,m9,d1,t13,EPS
Libya,Libya,2042,m9,d1,t14,EPS
Libya,Libya,2042,m9,d1,t15,EPS
Libya,Libya,2042,m9,d1,t16,245.24299999999997
Libya,Libya,2042,m9,d1,t17,245.24299999999997
Libya,Libya,2042,m9,d1,t18,245.24299999999997
Libya,Libya,2042,m9,d1,t19,245.24299999999997
Libya,Libya,2042,m9,d1,t2,288.31000000000006
Libya,Libya,2042,m9,d1,t20,245.24299999999997
Libya,Libya,2042,m9,d1,t21,245.24299999999997
Libya,Libya,2042,m9,d1,t22,245.24299999999997
Libya,Libya,2042,m9,d1,t23,245.24299999999997
Libya,Libya,2042,m9,d1,t24,245.24299999999997
Libya,Libya,2042,m9,d1,t3,288.31000000000006
Libya,Libya,2042,m9,d1,t4,288.31000000000006
Libya,Libya,2042,m9,d1,t5,288.31000000000006
Libya,Libya,2042,m9,d1,t6,287.31
Libya,Libya,2042,m9,d1,t7,245.24299999999997
Libya,Libya,2042,m9,d1,t8,EPS
Libya,Libya,2042,m9,d1,t9,EPS
Libya,Libya,2043,m1,d1,t1,245.243
Libya,Libya,2043,m1,d1,t10,EPS
Libya,Libya,2043,m1,d1,t11,EPS
Libya,Libya,2043,m1,d1,t12,EPS
Libya,Libya,2043,m1,d1,t13,EPS
Libya,Libya,2043,m1,d1,t14,EPS
Libya,Libya,2043,m1,d1,t15,EPS
Libya,Libya,2043,m1,d1,t16,245.243
Libya,Libya,2043,m1,d1,t17,245.243
Libya,Libya,2043,m1,d1,t18,245.243
Libya,Libya,2043,m1,d1,t19,245.243
Libya,Libya,2043,m1,d1,t2,245.243
Libya,Libya,2043,m1,d1,t20,245.243
Libya,Libya,2043,m1,d1,t21,245.243
Libya,Libya,2043,m1,d1,t22,245.243
Libya,Libya,2043,m1,d1,t23,245.243
Libya,Libya,2043,m1,d1,t24,245.243
Libya,Libya,2043,m1,d1,t3,245.243
Libya,Libya,2043,m1,d1,t4,245.243
Libya,Libya,2043,m1,d1,t5,245.243
Libya,Libya,2043,m1,d1,t6,245.243
Libya,Libya,2043,m1,d1,t7,EPS
Libya,Libya,2043,m1,d1,t8,EPS
Libya,Libya,2043,m1,d1,t9,EPS
Libya,Libya,2043,m10,d1,t1,287.31
Libya,Libya,2043,m10,d1,t10,208.45654999999996
Libya,Libya,2043,m10,d1,t11,208.45654999999996
Libya,Libya,2043,m10,d1,t12,208.45654999999996
Libya,Libya,2043,m10,d1,t13,208.45654999999996
Libya,Libya,2043,m10,d1,t14,208.45654999999996
Libya,Libya,2043,m10,d1,t15,208.45654999999996
Libya,Libya,2043,m10,d1,t16,245.243
Libya,Libya,2043,m10,d1,t17,245.243
Libya,Libya,2043,m10,d1,t18,245.243
Libya,Libya,2043,m10,d1,t19,245.243
Libya,Libya,2043,m10,d1,t2,287.31
Libya,Libya,2043,m10,d1,t20,245.243
Libya,Libya,2043,m10,d1,t21,245.243
Libya,Libya,2043,m10,d1,t22,245.243
Libya,Libya,2043,m10,d1,t23,245.243
Libya,Libya,2043,m10,d1,t24,245.243
Libya,Libya,2043,m10,d1,t3,287.31
Libya,Libya,2043,m10,d1,t4,287.31
Libya,Libya,2043,m10,d1,t5,287.31
Libya,Libya,2043,m10,d1,t6,287.31
Libya,Libya,2043,m10,d1,t7,245.243
Libya,Libya,2043,m10,d1,t8,208.45654999999996
Libya,Libya,2043,m10,d1,t9,208.45654999999996
Libya,Libya,2043,m11,d1,t1,245.243
Libya,Libya,2043,m11,d1,t10,EPS
Libya,Libya,2043,m11,d1,t11,EPS
Libya,Libya,2043,m11,d1,t12,EPS
Libya,Libya,2043,m11,d1,t13,EPS
Libya,Libya,2043,m11,d1,t14,EPS
Libya,Libya,2043,m11,d1,t15,EPS
Libya,Libya,2043,m11,d1,t16,245.243
Libya,Libya,2043,m11,d1,t17,245.243
Libya,Libya,2043,m11,d1,t18,245.243
Libya,Libya,2043,m11,d1,t19,245.243
Libya,Libya,2043,m11,d1,t2,245.243
Libya,Libya,2043,m11,d1,t20,245.243
Libya,Libya,2043,m11,d1,t21,245.243
Libya,Libya,2043,m11,d1,t22,245.243
Libya,Libya,2043,m11,d1,t23,245.243
Libya,Libya,2043,m11,d1,t24,245.243
Libya,Libya,2043,m11,d1,t3,245.243
Libya,Libya,2043,m11,d1,t4,245.243
Libya,Libya,2043,m11,d1,t5,245.243
Libya,Libya,2043,m11,d1,t6,245.243
Libya,Libya,2043,m11,d1,t7,EPS
Libya,Libya,2043,m11,d1,t8,EPS
Libya,Libya,2043,m11,d1,t9,EPS
Libya,Libya,2043,m12,d1,t1,245.243
Libya,Libya,2043,m12,d1,t10,EPS
Libya,Libya,2043,m12,d1,t11,EPS
Libya,Libya,2043,m12,d1,t12,EPS
Libya,Libya,2043,m12,d1,t13,EPS
Libya,Libya,2043,m12,d1,t14,EPS
Libya,Libya,2043,m12,d1,t15,EPS
Libya,Libya,2043,m12,d1,t16,245.243
Libya,Libya,2043,m12,d1,t17,245.243
Libya,Libya,2043,m12,d1,t18,245.243
Libya,Libya,2043,m12,d1,t19,245.243
Libya,Libya,2043,m12,d1,t2,245.243
Libya,Libya,2043,m12,d1,t20,245.243
Libya,Libya,2043,m12,d1,t21,245.243
Libya,Libya,2043,m12,d1,t22,245.243
Libya,Libya,2043,m12,d1,t23,245.243
Libya,Libya,2043,m12,d1,t24,245.243
Libya,Libya,2043,m12,d1,t3,245.243
Libya,Libya,2043,m12,d1,t4,245.243
Libya,Libya,2043,m12,d1,t5,245.243
Libya,Libya,2043,m12,d1,t6,245.243
Libya,Libya,2043,m12,d1,t7,EPS
Libya,Libya,2043,m12,d1,t8,EPS
Libya,Libya,2043,m12,d1,t9,EPS
Libya,Libya,2043,m2,d1,t1,245.243
Libya,Libya,2043,m2,d1,t10,EPS
Libya,Libya,2043,m2,d1,t11,EPS
Libya,Libya,2043,m2,d1,t12,EPS
Libya,Libya,2043,m2,d1,t13,EPS
Libya,Libya,2043,m2,d1,t14,EPS
Libya,Libya,2043,m2,d1,t15,EPS
Libya,Libya,2043,m2,d1,t16,EPS
Libya,Libya,2043,m2,d1,t17,EPS
Libya,Libya,2043,m2,d1,t18,EPS
Libya,Libya,2043,m2,d1,t19,EPS
Libya,Libya,2043,m2,d1,t2,245.243
Libya,Libya,2043,m2,d1,t20,EPS
Libya,Libya,2043,m2,d1,t21,EPS
Libya,Libya,2043,m2,d1,t22,EPS
Libya,Libya,2043,m2,d1,t23,EPS
Libya,Libya,2043,m2,d1,t24,EPS
Libya,Libya,2043,m2,d1,t3,245.243
Libya,Libya,2043,m2,d1,t4,245.243
Libya,Libya,2043,m2,d1,t5,245.243
Libya,Libya,2043,m2,d1,t6,245.243
Libya,Libya,2043,m2,d1,t7,EPS
Libya,Libya,2043,m2,d1,t8,EPS
Libya,Libya,2043,m2,d1,t9,EPS
Libya,Libya,2043,m3,d1,t1,245.243
Libya,Libya,2043,m3,d1,t10,EPS
Libya,Libya,2043,m3,d1,t11,EPS
Libya,Libya,2043,m3,d1,t12,EPS
Libya,Libya,2043,m3,d1,t13,EPS
Libya,Libya,2043,m3,d1,t14,EPS
Libya,Libya,2043,m3,d1,t15,EPS
Libya,Libya,2043,m3,d1,t16,EPS
Libya,Libya,2043,m3,d1,t17,EPS
Libya,Libya,2043,m3,d1,t18,EPS
Libya,Libya,2043,m3,d1,t19,EPS
Libya,Libya,2043,m3,d1,t2,245.243
Libya,Libya,2043,m3,d1,t20,EPS
Libya,Libya,2043,m3,d1,t21,EPS
Libya,Libya,2043,m3,d1,t22,EPS
Libya,Libya,2043,m3,d1,t23,EPS
Libya,Libya,2043,m3,d1,t24,EPS
Libya,Libya,2043,m3,d1,t3,245.243
Libya,Libya,2043,m3,d1,t4,245.243
Libya,Libya,2043,m3,d1,t5,245.243
Libya,Libya,2043,m3,d1,t6,245.243
Libya,Libya,2043,m3,d1,t7,EPS
Libya,Libya,2043,m3,d1,t8,EPS
Libya,Libya,2043,m3,d1,t9,EPS
Libya,Libya,2043,m4,d1,t1,245.243
Libya,Libya,2043,m4,d1,t10,EPS
Libya,Libya,2043,m4,d1,t11,EPS
Libya,Libya,2043,m4,d1,t12,EPS
Libya,Libya,2043,m4,d1,t13,EPS
Libya,Libya,2043,m4,d1,t14,EPS
Libya,Libya,2043,m4,d1,t15,EPS
Libya,Libya,2043,m4,d1,t16,EPS
Libya,Libya,2043,m4,d1,t17,EPS
Libya,Libya,2043,m4,d1,t18,EPS
Libya,Libya,2043,m4,d1,t19,EPS
Libya,Libya,2043,m4,d1,t2,245.243
Libya,Libya,2043,m4,d1,t20,EPS
Libya,Libya,2043,m4,d1,t21,EPS
Libya,Libya,2043,m4,d1,t22,EPS
Libya,Libya,2043,m4,d1,t23,EPS
Libya,Libya,2043,m4,d1,t24,EPS
Libya,Libya,2043,m4,d1,t3,245.243
Libya,Libya,2043,m4,d1,t4,245.243
Libya,Libya,2043,m4,d1,t5,245.243
Libya,Libya,2043,m4,d1,t6,245.243
Libya,Libya,2043,m4,d1,t7,EPS
Libya,Libya,2043,m4,d1,t8,EPS
Libya,Libya,2043,m4,d1,t9,EPS
Libya,Libya,2043,m5,d1,t1,245.243
Libya,Libya,2043,m5,d1,t10,EPS
Libya,Libya,2043,m5,d1,t11,EPS
Libya,Libya,2043,m5,d1,t12,EPS
Libya,Libya,2043,m5,d1,t13,EPS
Libya,Libya,2043,m5,d1,t14,EPS
Libya,Libya,2043,m5,d1,t15,EPS
Libya,Libya,2043,m5,d1,t16,EPS
Libya,Libya,2043,m5,d1,t17,EPS
Libya,Libya,2043,m5,d1,t18,EPS
Libya,Libya,2043,m5,d1,t19,EPS
Libya,Libya,2043,m5,d1,t2,245.243
Libya,Libya,2043,m5,d1,t20,EPS
Libya,Libya,2043,m5,d1,t21,EPS
Libya,Libya,2043,m5,d1,t22,EPS
Libya,Libya,2043,m5,d1,t23,EPS
Libya,Libya,2043,m5,d1,t24,EPS
Libya,Libya,2043,m5,d1,t3,245.243
Libya,Libya,2043,m5,d1,t4,245.243
Libya,Libya,2043,m5,d1,t5,245.243
Libya,Libya,2043,m5,d1,t6,245.243
Libya,Libya,2043,m5,d1,t7,EPS
Libya,Libya,2043,m5,d1,t8,EPS
Libya,Libya,2043,m5,d1,t9,EPS
Libya,Libya,2043,m6,d1,t1,245.243
Libya,Libya,2043,m6,d1,t10,EPS
Libya,Libya,2043,m6,d1,t11,EPS
Libya,Libya,2043,m6,d1,t12,EPS
Libya,Libya,2043,m6,d1,t13,EPS
Libya,Libya,2043,m6,d1,t14,EPS
Libya,Libya,2043,m6,d1,t15,EPS
Libya,Libya,2043,m6,d1,t16,EPS
Libya,Libya,2043,m6,d1,t17,EPS
Libya,Libya,2043,m6,d1,t18,EPS
Libya,Libya,2043,m6,d1,t19,EPS
Libya,Libya,2043,m6,d1,t2,245.243
Libya,Libya,2043,m6,d1,t20,EPS
Libya,Libya,2043,m6,d1,t21,EPS
Libya,Libya,2043,m6,d1,t22,EPS
Libya,Libya,2043,m6,d1,t23,EPS
Libya,Libya,2043,m6,d1,t24,EPS
Libya,Libya,2043,m6,d1,t3,287.31
Libya,Libya,2043,m6,d1,t4,287.31
Libya,Libya,2043,m6,d1,t5,287.31
Libya,Libya,2043,m6,d1,t6,245.243
Libya,Libya,2043,m6,d1,t7,245.243
Libya,Libya,2043,m6,d1,t8,EPS
Libya,Libya,2043,m6,d1,t9,EPS
Libya,Libya,2043,m7,d1,t1,288.51
Libya,Libya,2043,m7,d1,t10,EPS
Libya,Libya,2043,m7,d1,t11,EPS
Libya,Libya,2043,m7,d1,t12,EPS
Libya,Libya,2043,m7,d1,t13,EPS
Libya,Libya,2043,m7,d1,t14,EPS
Libya,Libya,2043,m7,d1,t15,EPS
Libya,Libya,2043,m7,d1,t16,245.243
Libya,Libya,2043,m7,d1,t17,245.243
Libya,Libya,2043,m7,d1,t18,245.243
Libya,Libya,2043,m7,d1,t19,245.243
Libya,Libya,2043,m7,d1,t2,288.51
Libya,Libya,2043,m7,d1,t20,245.243
Libya,Libya,2043,m7,d1,t21,245.243
Libya,Libya,2043,m7,d1,t22,245.243
Libya,Libya,2043,m7,d1,t23,245.243
Libya,Libya,2043,m7,d1,t24,245.243
Libya,Libya,2043,m7,d1,t3,288.51
Libya,Libya,2043,m7,d1,t4,288.51
Libya,Libya,2043,m7,d1,t5,337.6235294117647
Libya,Libya,2043,m7,d1,t6,288.36
Libya,Libya,2043,m7,d1,t7,245.243
Libya,Libya,2043,m7,d1,t8,51.0
Libya,Libya,2043,m7,d1,t9,EPS
Libya,Libya,2043,m8,d1,t1,288.51
Libya,Libya,2043,m8,d1,t10,208.45654999999996
Libya,Libya,2043,m8,d1,t11,208.45654999999996
Libya,Libya,2043,m8,d1,t12,208.45654999999996
Libya,Libya,2043,m8,d1,t13,208.45654999999996
Libya,Libya,2043,m8,d1,t14,208.45654999999996
Libya,Libya,2043,m8,d1,t15,245.243
Libya,Libya,2043,m8,d1,t16,245.243
Libya,Libya,2043,m8,d1,t17,245.243
Libya,Libya,2043,m8,d1,t18,245.243
Libya,Libya,2043,m8,d1,t19,245.243
Libya,Libya,2043,m8,d1,t2,288.51
Libya,Libya,2043,m8,d1,t20,245.243
Libya,Libya,2043,m8,d1,t21,245.243
Libya,Libya,2043,m8,d1,t22,245.243
Libya,Libya,2043,m8,d1,t23,245.243
Libya,Libya,2043,m8,d1,t24,245.243
Libya,Libya,2043,m8,d1,t3,288.51
Libya,Libya,2043,m8,d1,t4,288.51
Libya,Libya,2043,m8,d1,t5,288.51
Libya,Libya,2043,m8,d1,t6,288.36
Libya,Libya,2043,m8,d1,t7,245.243
Libya,Libya,2043,m8,d1,t8,245.243
Libya,Libya,2043,m8,d1,t9,208.45654999999996
Libya,Libya,2043,m9,d1,t1,288.30999999999995
Libya,Libya,2043,m9,d1,t10,EPS
Libya,Libya,2043,m9,d1,t11,EPS
Libya,Libya,2043,m9,d1,t12,EPS
Libya,Libya,2043,m9,d1,t13,EPS
Libya,Libya,2043,m9,d1,t14,EPS
Libya,Libya,2043,m9,d1,t15,EPS
Libya,Libya,2043,m9,d1,t16,EPS
Libya,Libya,2043,m9,d1,t17,EPS
Libya,Libya,2043,m9,d1,t18,EPS
Libya,Libya,2043,m9,d1,t19,EPS
Libya,Libya,2043,m9,d1,t2,287.31
Libya,Libya,2043,m9,d1,t20,EPS
Libya,Libya,2043,m9,d1,t21,EPS
Libya,Libya,2043,m9,d1,t22,EPS
Libya,Libya,2043,m9,d1,t23,EPS
Libya,Libya,2043,m9,d1,t24,EPS
Libya,Libya,2043,m9,d1,t3,288.30999999999995
Libya,Libya,2043,m9,d1,t4,288.30999999999995
Libya,Libya,2043,m9,d1,t5,288.30999999999995
Libya,Libya,2043,m9,d1,t6,287.31
Libya,Libya,2043,m9,d1,t7,245.243
Libya,Libya,2043,m9,d1,t8,EPS
Libya,Libya,2043,m9,d1,t9,EPS
Libya,Libya,2044,m1,d1,t1,245.24299999999994
Libya,Libya,2044,m1,d1,t10,EPS
Libya,Libya,2044,m1,d1,t11,EPS
Libya,Libya,2044,m1,d1,t12,EPS
Libya,Libya,2044,m1,d1,t13,EPS
Libya,Libya,2044,m1,d1,t14,EPS
Libya,Libya,2044,m1,d1,t15,EPS
Libya,Libya,2044,m1,d1,t16,245.24299999999994
Libya,Libya,2044,m1,d1,t17,245.24299999999994
Libya,Libya,2044,m1,d1,t18,245.24299999999994
Libya,Libya,2044,m1,d1,t19,245.24299999999994
Libya,Libya,2044,m1,d1,t2,245.24299999999994
Libya,Libya,2044,m1,d1,t20,245.24299999999994
Libya,Libya,2044,m1,d1,t21,245.24299999999994
Libya,Libya,2044,m1,d1,t22,245.24299999999994
Libya,Libya,2044,m1,d1,t23,245.24299999999994
Libya,Libya,2044,m1,d1,t24,245.24299999999994
Libya,Libya,2044,m1,d1,t3,245.24299999999994
Libya,Libya,2044,m1,d1,t4,245.24299999999994
Libya,Libya,2044,m1,d1,t5,245.24299999999994
Libya,Libya,2044,m1,d1,t6,245.24299999999994
Libya,Libya,2044,m1,d1,t7,EPS
Libya,Libya,2044,m1,d1,t8,EPS
Libya,Libya,2044,m1,d1,t9,EPS
Libya,Libya,2044,m10,d1,t1,245.24299999999994
Libya,Libya,2044,m10,d1,t10,110.00000000000001
Libya,Libya,2044,m10,d1,t11,110.00000000000001
Libya,Libya,2044,m10,d1,t12,110.00000000000001
Libya,Libya,2044,m10,d1,t13,110.00000000000001
Libya,Libya,2044,m10,d1,t14,110.00000000000001
Libya,Libya,2044,m10,d1,t15,110.00000000000001
Libya,Libya,2044,m10,d1,t16,245.24299999999994
Libya,Libya,2044,m10,d1,t17,245.24299999999994
Libya,Libya,2044,m10,d1,t18,245.24299999999994
Libya,Libya,2044,m10,d1,t19,245.24299999999994
Libya,Libya,2044,m10,d1,t2,245.24299999999994
Libya,Libya,2044,m10,d1,t20,245.24299999999994
Libya,Libya,2044,m10,d1,t21,245.24299999999994
Libya,Libya,2044,m10,d1,t22,245.24299999999994
Libya,Libya,2044,m10,d1,t23,245.24299999999994
Libya,Libya,2044,m10,d1,t24,245.24299999999994
Libya,Libya,2044,m10,d1,t3,245.24299999999994
Libya,Libya,2044,m10,d1,t4,246.45417647058824
Libya,Libya,2044,m10,d1,t5,287.30999999999995
Libya,Libya,2044,m10,d1,t6,245.24299999999994
Libya,Libya,2044,m10,d1,t7,245.24299999999994
Libya,Libya,2044,m10,d1,t8,110.00000000000001
Libya,Libya,2044,m10,d1,t9,110.00000000000001
Libya,Libya,2044,m11,d1,t1,245.243
Libya,Libya,2044,m11,d1,t10,EPS
Libya,Libya,2044,m11,d1,t11,EPS
Libya,Libya,2044,m11,d1,t12,EPS
Libya,Libya,2044,m11,d1,t13,EPS
Libya,Libya,2044,m11,d1,t14,EPS
Libya,Libya,2044,m11,d1,t15,EPS
Libya,Libya,2044,m11,d1,t16,EPS
Libya,Libya,2044,m11,d1,t17,EPS
Libya,Libya,2044,m11,d1,t18,EPS
Libya,Libya,2044,m11,d1,t19,EPS
Libya,Libya,2044,m11,d1,t2,245.243
Libya,Libya,2044,m11,d1,t20,EPS
Libya,Libya,2044,m11,d1,t21,EPS
Libya,Libya,2044,m11,d1,t22,EPS
Libya,Libya,2044,m11,d1,t23,EPS
Libya,Libya,2044,m11,d1,t24,EPS
Libya,Libya,2044,m11,d1,t3,245.243
Libya,Libya,2044,m11,d1,t4,245.243
Libya,Libya,2044,m11,d1,t5,245.243
Libya,Libya,2044,m11,d1,t6,245.243
Libya,Libya,2044,m11,d1,t7,EPS
Libya,Libya,2044,m11,d1,t8,EPS
Libya,Libya,2044,m11,d1,t9,EPS
Libya,Libya,2044,m12,d1,t1,245.24299999999994
Libya,Libya,2044,m12,d1,t10,EPS
Libya,Libya,2044,m12,d1,t11,EPS
Libya,Libya,2044,m12,d1,t12,EPS
Libya,Libya,2044,m12,d1,t13,EPS
Libya,Libya,2044,m12,d1,t14,EPS
Libya,Libya,2044,m12,d1,t15,EPS
Libya,Libya,2044,m12,d1,t16,EPS
Libya,Libya,2044,m12,d1,t17,EPS
Libya,Libya,2044,m12,d1,t18,EPS
Libya,Libya,2044,m12,d1,t19,EPS
Libya,Libya,2044,m12,d1,t2,245.24299999999994
Libya,Libya,2044,m12,d1,t20,EPS
Libya,Libya,2044,m12,d1,t21,EPS
Libya,Libya,2044,m12,d1,t22,EPS
Libya,Libya,2044,m12,d1,t23,EPS
Libya,Libya,2044,m12,d1,t24,EPS
Libya,Libya,2044,m12,d1,t3,245.24299999999994
Libya,Libya,2044,m12,d1,t4,245.24299999999994
Libya,Libya,2044,m12,d1,t5,245.24299999999994
Libya,Libya,2044,m12,d1,t6,245.24299999999994
Libya,Libya,2044,m12,d1,t7,EPS
Libya,Libya,2044,m12,d1,t8,EPS
Libya,Libya,2044,m12,d1,t9,EPS
Libya,Libya,2044,m2,d1,t1,245.243
Libya,Libya,2044,m2,d1,t10,EPS
Libya,Libya,2044,m2,d1,t11,EPS
Libya,Libya,2044,m2,d1,t12,EPS
Libya,Libya,2044,m2,d1,t13,EPS
Libya,Libya,2044,m2,d1,t14,EPS
Libya,Libya,2044,m2,d1,t15,EPS
Libya,Libya,2044,m2,d1,t16,EPS
Libya,Libya,2044,m2,d1,t17,EPS
Libya,Libya,2044,m2,d1,t18,EPS
Libya,Libya,2044,m2,d1,t19,EPS
Libya,Libya,2044,m2,d1,t2,245.243
Libya,Libya,2044,m2,d1,t20,EPS
Libya,Libya,2044,m2,d1,t21,EPS
Libya,Libya,2044,m2,d1,t22,EPS
Libya,Libya,2044,m2,d1,t23,EPS
Libya,Libya,2044,m2,d1,t24,EPS
Libya,Libya,2044,m2,d1,t3,245.243
Libya,Libya,2044,m2,d1,t4,245.243
Libya,Libya,2044,m2,d1,t5,245.243
Libya,Libya,2044,m2,d1,t6,245.243
Libya,Libya,2044,m2,d1,t7,EPS
Libya,Libya,2044,m2,d1,t8,EPS
Libya,Libya,2044,m2,d1,t9,EPS
Libya,Libya,2044,m3,d1,t1,245.24299999999994
Libya,Libya,2044,m3,d1,t10,EPS
Libya,Libya,2044,m3,d1,t11,EPS
Libya,Libya,2044,m3,d1,t12,EPS
Libya,Libya,2044,m3,d1,t13,EPS
Libya,Libya,2044,m3,d1,t14,EPS
Libya,Libya,2044,m3,d1,t15,EPS
Libya,Libya,2044,m3,d1,t16,EPS
Libya,Libya,2044,m3,d1,t17,EPS
Libya,Libya,2044,m3,d1,t18,EPS
Libya,Libya,2044,m3,d1,t19,EPS
Libya,Libya,2044,m3,d1,t2,245.24299999999994
Libya,Libya,2044,m3,d1,t20,EPS
Libya,Libya,2044,m3,d1,t21,EPS
Libya,Libya,2044,m3,d1,t22,EPS
Libya,Libya,2044,m3,d1,t23,EPS
Libya,Libya,2044,m3,d1,t24,EPS
Libya,Libya,2044,m3,d1,t3,245.24299999999994
Libya,Libya,2044,m3,d1,t4,245.24299999999994
Libya,Libya,2044,m3,d1,t5,245.24299999999994
Libya,Libya,2044,m3,d1,t6,245.24299999999994
Libya,Libya,2044,m3,d1,t7,EPS
Libya,Libya,2044,m3,d1,t8,EPS
Libya,Libya,2044,m3,d1,t9,EPS
Libya,Libya,2044,m4,d1,t1,245.243
Libya,Libya,2044,m4,d1,t10,EPS
Libya,Libya,2044,m4,d1,t11,EPS
Libya,Libya,2044,m4,d1,t12,EPS
Libya,Libya,2044,m4,d1,t13,EPS
Libya,Libya,2044,m4,d1,t14,EPS
Libya,Libya,2044,m4,d1,t15,EPS
Libya,Libya,2044,m4,d1,t16,EPS
Libya,Libya,2044,m4,d1,t17,EPS
Libya,Libya,2044,m4,d1,t18,EPS
Libya,Libya,2044,m4,d1,t19,EPS
Libya,Libya,2044,m4,d1,t2,245.243
Libya,Libya,2044,m4,d1,t20,EPS
Libya,Libya,2044,m4,d1,t21,EPS
Libya,Libya,2044,m4,d1,t22,EPS
Libya,Libya,2044,m4,d1,t23,EPS
Libya,Libya,2044,m4,d1,t24,EPS
Libya,Libya,2044,m4,d1,t3,245.243
Libya,Libya,2044,m4,d1,t4,245.243
Libya,Libya,2044,m4,d1,t5,245.243
Libya,Libya,2044,m4,d1,t6,245.243
Libya,Libya,2044,m4,d1,t7,EPS
Libya,Libya,2044,m4,d1,t8,EPS
Libya,Libya,2044,m4,d1,t9,EPS
Libya,Libya,2044,m5,d1,t1,245.24299999999994
Libya,Libya,2044,m5,d1,t10,EPS
Libya,Libya,2044,m5,d1,t11,EPS
Libya,Libya,2044,m5,d1,t12,EPS
Libya,Libya,2044,m5,d1,t13,EPS
Libya,Libya,2044,m5,d1,t14,EPS
Libya,Libya,2044,m5,d1,t15,EPS
Libya,Libya,2044,m5,d1,t16,EPS
Libya,Libya,2044,m5,d1,t17,EPS
Libya,Libya,2044,m5,d1,t18,EPS
Libya,Libya,2044,m5,d1,t19,EPS
Libya,Libya,2044,m5,d1,t2,245.24299999999994
Libya,Libya,2044,m5,d1,t20,EPS
Libya,Libya,2044,m5,d1,t21,EPS
Libya,Libya,2044,m5,d1,t22,EPS
Libya,Libya,2044,m5,d1,t23,EPS
Libya,Libya,2044,m5,d1,t24,EPS
Libya,Libya,2044,m5,d1,t3,245.24299999999994
Libya,Libya,2044,m5,d1,t4,245.24299999999994
Libya,Libya,2044,m5,d1,t5,245.24299999999994
Libya,Libya,2044,m5,d1,t6,EPS
Libya,Libya,2044,m5,d1,t7,EPS
Libya,Libya,2044,m5,d1,t8,EPS
Libya,Libya,2044,m5,d1,t9,EPS
Libya,Libya,2044,m6,d1,t1,245.243
Libya,Libya,2044,m6,d1,t10,EPS
Libya,Libya,2044,m6,d1,t11,EPS
Libya,Libya,2044,m6,d1,t12,EPS
Libya,Libya,2044,m6,d1,t13,EPS
Libya,Libya,2044,m6,d1,t14,EPS
Libya,Libya,2044,m6,d1,t15,EPS
Libya,Libya,2044,m6,d1,t16,EPS
Libya,Libya,2044,m6,d1,t17,EPS
Libya,Libya,2044,m6,d1,t18,EPS
Libya,Libya,2044,m6,d1,t19,EPS
Libya,Libya,2044,m6,d1,t2,245.243
Libya,Libya,2044,m6,d1,t20,EPS
Libya,Libya,2044,m6,d1,t21,EPS
Libya,Libya,2044,m6,d1,t22,EPS
Libya,Libya,2044,m6,d1,t23,EPS
Libya,Libya,2044,m6,d1,t24,EPS
Libya,Libya,2044,m6,d1,t3,245.243
Libya,Libya,2044,m6,d1,t4,246.45417647058815
Libya,Libya,2044,m6,d1,t5,287.31000000000006
Libya,Libya,2044,m6,d1,t6,245.243
Libya,Libya,2044,m6,d1,t7,51.0
Libya,Libya,2044,m6,d1,t8,EPS
Libya,Libya,2044,m6,d1,t9,EPS
Libya,Libya,2044,m7,d1,t1,288.36
Libya,Libya,2044,m7,d1,t10,EPS
Libya,Libya,2044,m7,d1,t11,EPS
Libya,Libya,2044,m7,d1,t12,EPS
Libya,Libya,2044,m7,d1,t13,EPS
Libya,Libya,2044,m7,d1,t14,EPS
Libya,Libya,2044,m7,d1,t15,EPS
Libya,Libya,2044,m7,d1,t16,EPS
Libya,Libya,2044,m7,d1,t17,245.24299999999994
Libya,Libya,2044,m7,d1,t18,245.24299999999994
Libya,Libya,2044,m7,d1,t19,245.24299999999994
Libya,Libya,2044,m7,d1,t2,288.36
Libya,Libya,2044,m7,d1,t20,245.24299999999994
Libya,Libya,2044,m7,d1,t21,245.24299999999994
Libya,Libya,2044,m7,d1,t22,245.24299999999994
Libya,Libya,2044,m7,d1,t23,245.24299999999994
Libya,Libya,2044,m7,d1,t24,245.24299999999994
Libya,Libya,2044,m7,d1,t3,288.51
Libya,Libya,2044,m7,d1,t4,288.51
Libya,Libya,2044,m7,d1,t5,288.51
Libya,Libya,2044,m7,d1,t6,288.36
Libya,Libya,2044,m7,d1,t7,245.24299999999994
Libya,Libya,2044,m7,d1,t8,EPS
Libya,Libya,2044,m7,d1,t9,EPS
Libya,Libya,2044,m8,d1,t1,288.36
Libya,Libya,2044,m8,d1,t10,208.45654999999994
Libya,Libya,2044,m8,d1,t11,208.45654999999994
Libya,Libya,2044,m8,d1,t12,208.45654999999994
Libya,Libya,2044,m8,d1,t13,208.45654999999994
Libya,Libya,2044,m8,d1,t14,208.45654999999994
Libya,Libya,2044,m8,d1,t15,208.45654999999994
Libya,Libya,2044,m8,d1,t16,245.24299999999994
Libya,Libya,2044,m8,d1,t17,245.24299999999994
Libya,Libya,2044,m8,d1,t18,245.24299999999994
Libya,Libya,2044,m8,d1,t19,245.24299999999994
Libya,Libya,2044,m8,d1,t2,288.36
Libya,Libya,2044,m8,d1,t20,245.24299999999994
Libya,Libya,2044,m8,d1,t21,245.24299999999994
Libya,Libya,2044,m8,d1,t22,245.24299999999994
Libya,Libya,2044,m8,d1,t23,245.24299999999994
Libya,Libya,2044,m8,d1,t24,245.24299999999994
Libya,Libya,2044,m8,d1,t3,288.36
Libya,Libya,2044,m8,d1,t4,288.36
Libya,Libya,2044,m8,d1,t5,288.36
Libya,Libya,2044,m8,d1,t6,288.31
Libya,Libya,2044,m8,d1,t7,245.24299999999994
Libya,Libya,2044,m8,d1,t8,245.24299999999994
Libya,Libya,2044,m8,d1,t9,208.45654999999994
Libya,Libya,2044,m9,d1,t1,287.31000000000006
Libya,Libya,2044,m9,d1,t10,EPS
Libya,Libya,2044,m9,d1,t11,EPS
Libya,Libya,2044,m9,d1,t12,EPS
Libya,Libya,2044,m9,d1,t13,EPS
Libya,Libya,2044,m9,d1,t14,EPS
Libya,Libya,2044,m9,d1,t15,EPS
Libya,Libya,2044,m9,d1,t16,EPS
Libya,Libya,2044,m9,d1,t17,EPS
Libya,Libya,2044,m9,d1,t18,EPS
Libya,Libya,2044,m9,d1,t19,EPS
Libya,Libya,2044,m9,d1,t2,252.8777647058823
Libya,Libya,2044,m9,d1,t20,EPS
Libya,Libya,2044,m9,d1,t21,EPS
Libya,Libya,2044,m9,d1,t22,EPS
Libya,Libya,2044,m9,d1,t23,EPS
Libya,Libya,2044,m9,d1,t24,EPS
Libya,Libya,2044,m9,d1,t3,287.31000000000006
Libya,Libya,2044,m9,d1,t4,287.31000000000006
Libya,Libya,2044,m9,d1,t5,288.31
Libya,Libya,2044,m9,d1,t6,287.31000000000006
Libya,Libya,2044,m9,d1,t7,245.243
Libya,Libya,2044,m9,d1,t8,EPS
Libya,Libya,2044,m9,d1,t9,EPS
Libya,Libya,2045,m1,d1,t1,245.243
Libya,Libya,2045,m1,d1,t10,EPS
Libya,Libya,2045,m1,d1,t11,EPS
Libya,Libya,2045,m1,d1,t12,EPS
Libya,Libya,2045,m1,d1,t13,EPS
Libya,Libya,2045,m1,d1,t14,EPS
Libya,Libya,2045,m1,d1,t15,EPS
Libya,Libya,2045,m1,d1,t16,EPS
Libya,Libya,2045,m1,d1,t17,EPS
Libya,Libya,2045,m1,d1,t18,EPS
Libya,Libya,2045,m1,d1,t19,EPS
Libya,Libya,2045,m1,d1,t2,245.243
Libya,Libya,2045,m1,d1,t20,EPS
Libya,Libya,2045,m1,d1,t21,EPS
Libya,Libya,2045,m1,d1,t22,EPS
Libya,Libya,2045,m1,d1,t23,EPS
Libya,Libya,2045,m1,d1,t24,EPS
Libya,Libya,2045,m1,d1,t3,245.243
Libya,Libya,2045,m1,d1,t4,245.243
Libya,Libya,2045,m1,d1,t5,245.243
Libya,Libya,2045,m1,d1,t6,245.243
Libya,Libya,2045,m1,d1,t7,EPS
Libya,Libya,2045,m1,d1,t8,EPS
Libya,Libya,2045,m1,d1,t9,EPS
Libya,Libya,2045,m10,d1,t1,245.243
Libya,Libya,2045,m10,d1,t10,EPS
Libya,Libya,2045,m10,d1,t11,EPS
Libya,Libya,2045,m10,d1,t12,EPS
Libya,Libya,2045,m10,d1,t13,EPS
Libya,Libya,2045,m10,d1,t14,EPS
Libya,Libya,2045,m10,d1,t15,EPS
Libya,Libya,2045,m10,d1,t16,EPS
Libya,Libya,2045,m10,d1,t17,EPS
Libya,Libya,2045,m10,d1,t18,EPS
Libya,Libya,2045,m10,d1,t19,EPS
Libya,Libya,2045,m10,d1,t2,245.243
Libya,Libya,2045,m10,d1,t20,EPS
Libya,Libya,2045,m10,d1,t21,EPS
Libya,Libya,2045,m10,d1,t22,EPS
Libya,Libya,2045,m10,d1,t23,EPS
Libya,Libya,2045,m10,d1,t24,EPS
Libya,Libya,2045,m10,d1,t3,245.243
Libya,Libya,2045,m10,d1,t4,245.243
Libya,Libya,2045,m10,d1,t5,245.243
Libya,Libya,2045,m10,d1,t6,245.243
Libya,Libya,2045,m10,d1,t7,245.243
Libya,Libya,2045,m10,d1,t8,EPS
Libya,Libya,2045,m10,d1,t9,EPS
Libya,Libya,2045,m11,d1,t1,245.24299999999997
Libya,Libya,2045,m11,d1,t10,EPS
Libya,Libya,2045,m11,d1,t11,EPS
Libya,Libya,2045,m11,d1,t12,EPS
Libya,Libya,2045,m11,d1,t13,EPS
Libya,Libya,2045,m11,d1,t14,EPS
Libya,Libya,2045,m11,d1,t15,EPS
Libya,Libya,2045,m11,d1,t16,EPS
Libya,Libya,2045,m11,d1,t17,EPS
Libya,Libya,2045,m11,d1,t18,EPS
Libya,Libya,2045,m11,d1,t19,EPS
Libya,Libya,2045,m11,d1,t2,245.24299999999997
Libya,Libya,2045,m11,d1,t20,EPS
Libya,Libya,2045,m11,d1,t21,EPS
Libya,Libya,2045,m11,d1,t22,EPS
Libya,Libya,2045,m11,d1,t23,EPS
Libya,Libya,2045,m11,d1,t24,EPS
Libya,Libya,2045,m11,d1,t3,245.24299999999997
Libya,Libya,2045,m11,d1,t4,245.24299999999997
Libya,Libya,2045,m11,d1,t5,245.24299999999997
Libya,Libya,2045,m11,d1,t6,245.24299999999997
Libya,Libya,2045,m11,d1,t7,EPS
Libya,Libya,2045,m11,d1,t8,EPS
Libya,Libya,2045,m11,d1,t9,EPS
Libya,Libya,2045,m12,d1,t1,50.99999999999999
Libya,Libya,2045,m12,d1,t10,EPS
Libya,Libya,2045,m12,d1,t11,EPS
Libya,Libya,2045,m12,d1,t12,EPS
Libya,Libya,2045,m12,d1,t13,EPS
Libya,Libya,2045,m12,d1,t14,EPS
Libya,Libya,2045,m12,d1,t15,EPS
Libya,Libya,2045,m12,d1,t16,EPS
Libya,Libya,2045,m12,d1,t17,EPS
Libya,Libya,2045,m12,d1,t18,EPS
Libya,Libya,2045,m12,d1,t19,EPS
Libya,Libya,2045,m12,d1,t2,EPS
Libya,Libya,2045,m12,d1,t20,EPS
Libya,Libya,2045,m12,d1,t21,EPS
Libya,Libya,2045,m12,d1,t22,EPS
Libya,Libya,2045,m12,d1,t23,EPS
Libya,Libya,2045,m12,d1,t24,EPS
Libya,Libya,2045,m12,d1,t3,EPS
Libya,Libya,2045,m12,d1,t4,EPS
Libya,Libya,2045,m12,d1,t5,EPS
Libya,Libya,2045,m12,d1,t6,EPS
Libya,Libya,2045,m12,d1,t7,EPS
Libya,Libya,2045,m12,d1,t8,EPS
Libya,Libya,2045,m12,d1,t9,EPS
Libya,Libya,2045,m2,d1,t1,245.24300000000005
Libya,Libya,2045,m2,d1,t10,EPS
Libya,Libya,2045,m2,d1,t11,EPS
Libya,Libya,2045,m2,d1,t12,EPS
Libya,Libya,2045,m2,d1,t13,EPS
Libya,Libya,2045,m2,d1,t14,EPS
Libya,Libya,2045,m2,d1,t15,EPS
Libya,Libya,2045,m2,d1,t16,EPS
Libya,Libya,2045,m2,d1,t17,EPS
Libya,Libya,2045,m2,d1,t18,EPS
Libya,Libya,2045,m2,d1,t19,EPS
Libya,Libya,2045,m2,d1,t2,245.24300000000005
Libya,Libya,2045,m2,d1,t20,EPS
Libya,Libya,2045,m2,d1,t21,EPS
Libya,Libya,2045,m2,d1,t22,EPS
Libya,Libya,2045,m2,d1,t23,EPS
Libya,Libya,2045,m2,d1,t24,EPS
Libya,Libya,2045,m2,d1,t3,245.24300000000005
Libya,Libya,2045,m2,d1,t4,245.24300000000005
Libya,Libya,2045,m2,d1,t5,245.24300000000005
Libya,Libya,2045,m2,d1,t6,245.24300000000005
Libya,Libya,2045,m2,d1,t7,EPS
Libya,Libya,2045,m2,d1,t8,EPS
Libya,Libya,2045,m2,d1,t9,EPS
Libya,Libya,2045,m3,d1,t1,245.243
Libya,Libya,2045,m3,d1,t10,EPS
Libya,Libya,2045,m3,d1,t11,EPS
Libya,Libya,2045,m3,d1,t12,EPS
Libya,Libya,2045,m3,d1,t13,EPS
Libya,Libya,2045,m3,d1,t14,EPS
Libya,Libya,2045,m3,d1,t15,EPS
Libya,Libya,2045,m3,d1,t16,EPS
Libya,Libya,2045,m3,d1,t17,EPS
Libya,Libya,2045,m3,d1,t18,EPS
Libya,Libya,2045,m3,d1,t19,EPS
Libya,Libya,2045,m3,d1,t2,245.243
Libya,Libya,2045,m3,d1,t20,EPS
Libya,Libya,2045,m3,d1,t21,EPS
Libya,Libya,2045,m3,d1,t22,EPS
Libya,Libya,2045,m3,d1,t23,EPS
Libya,Libya,2045,m3,d1,t24,EPS
Libya,Libya,2045,m3,d1,t3,245.243
Libya,Libya,2045,m3,d1,t4,245.243
Libya,Libya,2045,m3,d1,t5,245.243
Libya,Libya,2045,m3,d1,t6,245.243
Libya,Libya,2045,m3,d1,t7,EPS
Libya,Libya,2045,m3,d1,t8,EPS
Libya,Libya,2045,m3,d1,t9,EPS
Libya,Libya,2045,m4,d1,t1,245.24299999999997
Libya,Libya,2045,m4,d1,t10,EPS
Libya,Libya,2045,m4,d1,t11,EPS
Libya,Libya,2045,m4,d1,t12,EPS
Libya,Libya,2045,m4,d1,t13,EPS
Libya,Libya,2045,m4,d1,t14,EPS
Libya,Libya,2045,m4,d1,t15,EPS
Libya,Libya,2045,m4,d1,t16,EPS
Libya,Libya,2045,m4,d1,t17,EPS
Libya,Libya,2045,m4,d1,t18,EPS
Libya,Libya,2045,m4,d1,t19,EPS
Libya,Libya,2045,m4,d1,t2,245.24299999999997
Libya,Libya,2045,m4,d1,t20,EPS
Libya,Libya,2045,m4,d1,t21,EPS
Libya,Libya,2045,m4,d1,t22,EPS
Libya,Libya,2045,m4,d1,t23,EPS
Libya,Libya,2045,m4,d1,t24,EPS
Libya,Libya,2045,m4,d1,t3,245.24299999999997
Libya,Libya,2045,m4,d1,t4,245.24299999999997
Libya,Libya,2045,m4,d1,t5,245.24299999999997
Libya,Libya,2045,m4,d1,t6,EPS
Libya,Libya,2045,m4,d1,t7,EPS
Libya,Libya,2045,m4,d1,t8,EPS
Libya,Libya,2045,m4,d1,t9,EPS
Libya,Libya,2045,m5,d1,t1,245.243
Libya,Libya,2045,m5,d1,t10,EPS
Libya,Libya,2045,m5,d1,t11,EPS
Libya,Libya,2045,m5,d1,t12,EPS
Libya,Libya,2045,m5,d1,t13,EPS
Libya,Libya,2045,m5,d1,t14,EPS
Libya,Libya,2045,m5,d1,t15,EPS
Libya,Libya,2045,m5,d1,t16,EPS
Libya,Libya,2045,m5,d1,t17,EPS
Libya,Libya,2045,m5,d1,t18,EPS
Libya,Libya,2045,m5,d1,t19,EPS
Libya,Libya,2045,m5,d1,t2,245.243
Libya,Libya,2045,m5,d1,t20,EPS
Libya,Libya,2045,m5,d1,t21,EPS
Libya,Libya,2045,m5,d1,t22,EPS
Libya,Libya,2045,m5,d1,t23,EPS
Libya,Libya,2045,m5,d1,t24,EPS
Libya,Libya,2045,m5,d1,t3,245.243
Libya,Libya,2045,m5,d1,t4,245.243
Libya,Libya,2045,m5,d1,t5,245.243
Libya,Libya,2045,m5,d1,t6,EPS
Libya,Libya,2045,m5,d1,t7,EPS
Libya,Libya,2045,m5,d1,t8,EPS
Libya,Libya,2045,m5,d1,t9,EPS
Libya,Libya,2045,m6,d1,t1,245.24299999999997
Libya,Libya,2045,m6,d1,t10,EPS
Libya,Libya,2045,m6,d1,t11,EPS
Libya,Libya,2045,m6,d1,t12,EPS
Libya,Libya,2045,m6,d1,t13,EPS
Libya,Libya,2045,m6,d1,t14,EPS
Libya,Libya,2045,m6,d1,t15,EPS
Libya,Libya,2045,m6,d1,t16,EPS
Libya,Libya,2045,m6,d1,t17,EPS
Libya,Libya,2045,m6,d1,t18,EPS
Libya,Libya,2045,m6,d1,t19,EPS
Libya,Libya,2045,m6,d1,t2,245.24299999999997
Libya,Libya,2045,m6,d1,t20,EPS
Libya,Libya,2045,m6,d1,t21,EPS
Libya,Libya,2045,m6,d1,t22,EPS
Libya,Libya,2045,m6,d1,t23,EPS
Libya,Libya,2045,m6,d1,t24,EPS
Libya,Libya,2045,m6,d1,t3,245.24299999999997
Libya,Libya,2045,m6,d1,t4,245.24299999999997
Libya,Libya,2045,m6,d1,t5,245.24299999999997
Libya,Libya,2045,m6,d1,t6,245.24299999999997
Libya,Libya,2045,m6,d1,t7,EPS
Libya,Libya,2045,m6,d1,t8,EPS
Libya,Libya,2045,m6,d1,t9,EPS
Libya,Libya,2045,m7,d1,t1,288.36
Libya,Libya,2045,m7,d1,t10,EPS
Libya,Libya,2045,m7,d1,t11,EPS
Libya,Libya,2045,m7,d1,t12,EPS
Libya,Libya,2045,m7,d1,t13,EPS
Libya,Libya,2045,m7,d1,t14,EPS
Libya,Libya,2045,m7,d1,t15,EPS
Libya,Libya,2045,m7,d1,t16,EPS
Libya,Libya,2045,m7,d1,t17,EPS
Libya,Libya,2045,m7,d1,t18,EPS
Libya,Libya,2045,m7,d1,t19,EPS
Libya,Libya,2045,m7,d1,t2,288.36
Libya,Libya,2045,m7,d1,t20,EPS
Libya,Libya,2045,m7,d1,t21,EPS
Libya,Libya,2045,m7,d1,t22,EPS
Libya,Libya,2045,m7,d1,t23,EPS
Libya,Libya,2045,m7,d1,t24,EPS
Libya,Libya,2045,m7,d1,t3,288.51000000000005
Libya,Libya,2045,m7,d1,t4,288.51000000000005
Libya,Libya,2045,m7,d1,t5,294.7300588235294
Libya,Libya,2045,m7,d1,t6,288.36
Libya,Libya,2045,m7,d1,t7,245.243
Libya,Libya,2045,m7,d1,t8,EPS
Libya,Libya,2045,m7,d1,t9,EPS
Libya,Libya,2045,m8,d1,t1,288.36
Libya,Libya,2045,m8,d1,t10,208.45655000000002
Libya,Libya,2045,m8,d1,t11,208.45655000000002
Libya,Libya,2045,m8,d1,t12,208.45655000000002
Libya,Libya,2045,m8,d1,t13,208.45655000000002
Libya,Libya,2045,m8,d1,t14,208.45655000000002
Libya,Libya,2045,m8,d1,t15,208.45655000000002
Libya,Libya,2045,m8,d1,t16,245.243
Libya,Libya,2045,m8,d1,t17,245.243
Libya,Libya,2045,m8,d1,t18,245.243
Libya,Libya,2045,m8,d1,t19,245.243
Libya,Libya,2045,m8,d1,t2,288.36
Libya,Libya,2045,m8,d1,t20,245.243
Libya,Libya,2045,m8,d1,t21,245.243
Libya,Libya,2045,m8,d1,t22,245.243
Libya,Libya,2045,m8,d1,t23,245.243
Libya,Libya,2045,m8,d1,t24,245.243
Libya,Libya,2045,m8,d1,t3,288.36
Libya,Libya,2045,m8,d1,t4,288.51000000000005
Libya,Libya,2045,m8,d1,t5,288.51000000000005
Libya,Libya,2045,m8,d1,t6,288.31
Libya,Libya,2045,m8,d1,t7,245.243
Libya,Libya,2045,m8,d1,t8,245.243
Libya,Libya,2045,m8,d1,t9,208.45655000000002
Libya,Libya,2045,m9,d1,t1,245.24299999999997
Libya,Libya,2045,m9,d1,t10,EPS
Libya,Libya,2045,m9,d1,t11,EPS
Libya,Libya,2045,m9,d1,t12,EPS
Libya,Libya,2045,m9,d1,t13,EPS
Libya,Libya,2045,m9,d1,t14,EPS
Libya,Libya,2045,m9,d1,t15,EPS
Libya,Libya,2045,m9,d1,t16,EPS
Libya,Libya,2045,m9,d1,t17,EPS
Libya,Libya,2045,m9,d1,t18,EPS
Libya,Libya,2045,m9,d1,t19,EPS
Libya,Libya,2045,m9,d1,t2,245.24299999999997
Libya,Libya,2045,m9,d1,t20,EPS
Libya,Libya,2045,m9,d1,t21,EPS
Libya,Libya,2045,m9,d1,t22,EPS
Libya,Libya,2045,m9,d1,t23,EPS
Libya,Libya,2045,m9,d1,t24,EPS
Libya,Libya,2045,m9,d1,t3,245.24299999999997
Libya,Libya,2045,m9,d1,t4,287.31000000000006
Libya,Libya,2045,m9,d1,t5,287.31000000000006
Libya,Libya,2045,m9,d1,t6,245.243
Libya,Libya,2045,m9,d1,t7,245.24299999999997
Libya,Libya,2045,m9,d1,t8,EPS
Libya,Libya,2045,m9,d1,t9,EPS
Libya,Libya,2046,m1,d1,t1,245.24299999999994
Libya,Libya,2046,m1,d1,t10,EPS
Libya,Libya,2046,m1,d1,t11,EPS
Libya,Libya,2046,m1,d1,t12,EPS
Libya,Libya,2046,m1,d1,t13,EPS
Libya,Libya,2046,m1,d1,t14,EPS
Libya,Libya,2046,m1,d1,t15,EPS
Libya,Libya,2046,m1,d1,t16,EPS
Libya,Libya,2046,m1,d1,t17,EPS
Libya,Libya,2046,m1,d1,t18,EPS
Libya,Libya,2046,m1,d1,t19,EPS
Libya,Libya,2046,m1,d1,t2,245.24299999999994
Libya,Libya,2046,m1,d1,t20,EPS
Libya,Libya,2046,m1,d1,t21,EPS
Libya,Libya,2046,m1,d1,t22,EPS
Libya,Libya,2046,m1,d1,t23,EPS
Libya,Libya,2046,m1,d1,t24,EPS
Libya,Libya,2046,m1,d1,t3,245.24299999999994
Libya,Libya,2046,m1,d1,t4,245.24299999999994
Libya,Libya,2046,m1,d1,t5,245.24299999999994
Libya,Libya,2046,m1,d1,t6,245.24299999999994
Libya,Libya,2046,m1,d1,t7,EPS
Libya,Libya,2046,m1,d1,t8,EPS
Libya,Libya,2046,m1,d1,t9,EPS
Libya,Libya,2046,m10,d1,t1,245.24299999999994
Libya,Libya,2046,m10,d1,t10,EPS
Libya,Libya,2046,m10,d1,t11,EPS
Libya,Libya,2046,m10,d1,t12,EPS
Libya,Libya,2046,m10,d1,t13,EPS
Libya,Libya,2046,m10,d1,t14,EPS
Libya,Libya,2046,m10,d1,t15,EPS
Libya,Libya,2046,m10,d1,t16,EPS
Libya,Libya,2046,m10,d1,t17,EPS
Libya,Libya,2046,m10,d1,t18,EPS
Libya,Libya,2046,m10,d1,t19,EPS
Libya,Libya,2046,m10,d1,t2,245.24299999999994
Libya,Libya,2046,m10,d1,t20,EPS
Libya,Libya,2046,m10,d1,t21,EPS
Libya,Libya,2046,m10,d1,t22,EPS
Libya,Libya,2046,m10,d1,t23,EPS
Libya,Libya,2046,m10,d1,t24,EPS
Libya,Libya,2046,m10,d1,t3,245.24299999999994
Libya,Libya,2046,m10,d1,t4,245.24299999999994
Libya,Libya,2046,m10,d1,t5,245.24299999999994
Libya,Libya,2046,m10,d1,t6,245.24299999999994
Libya,Libya,2046,m10,d1,t7,EPS
Libya,Libya,2046,m10,d1,t8,EPS
Libya,Libya,2046,m10,d1,t9,EPS
Libya,Libya,2046,m11,d1,t1,245.243
Libya,Libya,2046,m11,d1,t10,EPS
Libya,Libya,2046,m11,d1,t11,EPS
Libya,Libya,2046,m11,d1,t12,EPS
Libya,Libya,2046,m11,d1,t13,EPS
Libya,Libya,2046,m11,d1,t14,EPS
Libya,Libya,2046,m11,d1,t15,EPS
Libya,Libya,2046,m11,d1,t16,EPS
Libya,Libya,2046,m11,d1,t17,EPS
Libya,Libya,2046,m11,d1,t18,EPS
Libya,Libya,2046,m11,d1,t19,EPS
Libya,Libya,2046,m11,d1,t2,245.243
Libya,Libya,2046,m11,d1,t20,EPS
Libya,Libya,2046,m11,d1,t21,EPS
Libya,Libya,2046,m11,d1,t22,EPS
Libya,Libya,2046,m11,d1,t23,EPS
Libya,Libya,2046,m11,d1,t24,EPS
Libya,Libya,2046,m11,d1,t3,245.243
Libya,Libya,2046,m11,d1,t4,245.243
Libya,Libya,2046,m11,d1,t5,245.243
Libya,Libya,2046,m11,d1,t6,EPS
Libya,Libya,2046,m11,d1,t7,EPS
Libya,Libya,2046,m11,d1,t8,EPS
Libya,Libya,2046,m11,d1,t9,EPS
Libya,Libya,2046,m12,d1,t1,EPS
Libya,Libya,2046,m12,d1,t10,EPS
Libya,Libya,2046,m12,d1,t11,1.5536449353673376e-12
Libya,Libya,2046,m12,d1,t12,EPS
Libya,Libya,2046,m12,d1,t13,EPS
Libya,Libya,2046,m12,d1,t14,EPS
Libya,Libya,2046,m12,d1,t15,EPS
Libya,Libya,2046,m12,d1,t16,EPS
Libya,Libya,2046,m12,d1,t17,EPS
Libya,Libya,2046,m12,d1,t18,EPS
Libya,Libya,2046,m12,d1,t19,EPS
Libya,Libya,2046,m12,d1,t2,EPS
Libya,Libya,2046,m12,d1,t20,EPS
Libya,Libya,2046,m12,d1,t21,EPS
Libya,Libya,2046,m12,d1,t22,EPS
Libya,Libya,2046,m12,d1,t23,EPS
Libya,Libya,2046,m12,d1,t24,EPS
Libya,Libya,2046,m12,d1,t3,EPS
Libya,Libya,2046,m12,d1,t4,EPS
Libya,Libya,2046,m12,d1,t5,EPS
Libya,Libya,2046,m12,d1,t6,EPS
Libya,Libya,2046,m12,d1,t7,EPS
Libya,Libya,2046,m12,d1,t8,EPS
Libya,Libya,2046,m12,d1,t9,EPS
Libya,Libya,2046,m2,d1,t1,245.243
Libya,Libya,2046,m2,d1,t10,EPS
Libya,Libya,2046,m2,d1,t11,EPS
Libya,Libya,2046,m2,d1,t12,EPS
Libya,Libya,2046,m2,d1,t13,EPS
Libya,Libya,2046,m2,d1,t14,EPS
Libya,Libya,2046,m2,d1,t15,EPS
Libya,Libya,2046,m2,d1,t16,EPS
Libya,Libya,2046,m2,d1,t17,EPS
Libya,Libya,2046,m2,d1,t18,EPS
Libya,Libya,2046,m2,d1,t19,EPS
Libya,Libya,2046,m2,d1,t2,245.243
Libya,Libya,2046,m2,d1,t20,EPS
Libya,Libya,2046,m2,d1,t21,EPS
Libya,Libya,2046,m2,d1,t22,EPS
Libya,Libya,2046,m2,d1,t23,EPS
Libya,Libya,2046,m2,d1,t24,EPS
Libya,Libya,2046,m2,d1,t3,245.243
Libya,Libya,2046,m2,d1,t4,245.243
Libya,Libya,2046,m2,d1,t5,245.243
Libya,Libya,2046,m2,d1,t6,245.243
Libya,Libya,2046,m2,d1,t7,EPS
Libya,Libya,2046,m2,d1,t8,EPS
Libya,Libya,2046,m2,d1,t9,EPS
Libya,Libya,2046,m3,d1,t1,245.24299999999994
Libya,Libya,2046,m3,d1,t10,EPS
Libya,Libya,2046,m3,d1,t11,EPS
Libya,Libya,2046,m3,d1,t12,EPS
Libya,Libya,2046,m3,d1,t13,EPS
Libya,Libya,2046,m3,d1,t14,EPS
Libya,Libya,2046,m3,d1,t15,EPS
Libya,Libya,2046,m3,d1,t16,EPS
Libya,Libya,2046,m3,d1,t17,EPS
Libya,Libya,2046,m3,d1,t18,EPS
Libya,Libya,2046,m3,d1,t19,EPS
Libya,Libya,2046,m3,d1,t2,245.24299999999994
Libya,Libya,2046,m3,d1,t20,EPS
Libya,Libya,2046,m3,d1,t21,EPS
Libya,Libya,2046,m3,d1,t22,EPS
Libya,Libya,2046,m3,d1,t23,EPS
Libya,Libya,2046,m3,d1,t24,EPS
Libya,Libya,2046,m3,d1,t3,245.24299999999994
Libya,Libya,2046,m3,d1,t4,245.24299999999994
Libya,Libya,2046,m3,d1,t5,245.24299999999994
Libya,Libya,2046,m3,d1,t6,EPS
Libya,Libya,2046,m3,d1,t7,EPS
Libya,Libya,2046,m3,d1,t8,EPS
Libya,Libya,2046,m3,d1,t9,EPS
Libya,Libya,2046,m4,d1,t1,EPS
Libya,Libya,2046,m4,d1,t10,EPS
Libya,Libya,2046,m4,d1,t11,EPS
Libya,Libya,2046,m4,d1,t12,EPS
Libya,Libya,2046,m4,d1,t13,EPS
Libya,Libya,2046,m4,d1,t14,EPS
Libya,Libya,2046,m4,d1,t15,EPS
Libya,Libya,2046,m4,d1,t16,EPS
Libya,Libya,2046,m4,d1,t17,EPS
Libya,Libya,2046,m4,d1,t18,EPS
Libya,Libya,2046,m4,d1,t19,EPS
Libya,Libya,2046,m4,d1,t2,EPS
Libya,Libya,2046,m4,d1,t20,EPS
Libya,Libya,2046,m4,d1,t21,EPS
Libya,Libya,2046,m4,d1,t22,EPS
Libya,Libya,2046,m4,d1,t23,EPS
Libya,Libya,2046,m4,d1,t24,EPS
Libya,Libya,2046,m4,d1,t3,EPS
Libya,Libya,2046,m4,d1,t4,EPS
Libya,Libya,2046,m4,d1,t5,EPS
Libya,Libya,2046,m4,d1,t6,EPS
Libya,Libya,2046,m4,d1,t7,EPS
Libya,Libya,2046,m4,d1,t8,EPS
Libya,Libya,2046,m4,d1,t9,EPS
Libya,Libya,2046,m5,d1,t1,EPS
Libya,Libya,2046,m5,d1,t10,EPS
Libya,Libya,2046,m5,d1,t11,EPS
Libya,Libya,2046,m5,d1,t12,EPS
Libya,Libya,2046,m5,d1,t13,EPS
Libya,Libya,2046,m5,d1,t14,EPS
Libya,Libya,2046,m5,d1,t15,EPS
Libya,Libya,2046,m5,d1,t16,EPS
Libya,Libya,2046,m5,d1,t17,EPS
Libya,Libya,2046,m5,d1,t18,EPS
Libya,Libya,2046,m5,d1,t19,EPS
Libya,Libya,2046,m5,d1,t2,EPS
Libya,Libya,2046,m5,d1,t20,EPS
Libya,Libya,2046,m5,d1,t21,EPS
Libya,Libya,2046,m5,d1,t22,EPS
Libya,Libya,2046,m5,d1,t23,EPS
Libya,Libya,2046,m5,d1,t24,EPS
Libya,Libya,2046,m5,d1,t3,EPS
Libya,Libya,2046,m5,d1,t4,EPS
Libya,Libya,2046,m5,d1,t5,EPS
Libya,Libya,2046,m5,d1,t6,EPS
Libya,Libya,2046,m5,d1,t7,EPS
Libya,Libya,2046,m5,d1,t8,EPS
Libya,Libya,2046,m5,d1,t9,EPS
Libya,Libya,2046,m6,d1,t1,245.243
Libya,Libya,2046,m6,d1,t10,EPS
Libya,Libya,2046,m6,d1,t11,EPS
Libya,Libya,2046,m6,d1,t12,EPS
Libya,Libya,2046,m6,d1,t13,EPS
Libya,Libya,2046,m6,d1,t14,EPS
Libya,Libya,2046,m6,d1,t15,EPS
Libya,Libya,2046,m6,d1,t16,EPS
Libya,Libya,2046,m6,d1,t17,EPS
Libya,Libya,2046,m6,d1,t18,EPS
Libya,Libya,2046,m6,d1,t19,EPS
Libya,Libya,2046,m6,d1,t2,245.243
Libya,Libya,2046,m6,d1,t20,EPS
Libya,Libya,2046,m6,d1,t21,EPS
Libya,Libya,2046,m6,d1,t22,EPS
Libya,Libya,2046,m6,d1,t23,EPS
Libya,Libya,2046,m6,d1,t24,EPS
Libya,Libya,2046,m6,d1,t3,245.243
Libya,Libya,2046,m6,d1,t4,245.243
Libya,Libya,2046,m6,d1,t5,245.243
Libya,Libya,2046,m6,d1,t6,245.243
Libya,Libya,2046,m6,d1,t7,EPS
Libya,Libya,2046,m6,d1,t8,EPS
Libya,Libya,2046,m6,d1,t9,EPS
Libya,Libya,2046,m7,d1,t1,288.31
Libya,Libya,2046,m7,d1,t10,EPS
Libya,Libya,2046,m7,d1,t11,EPS
Libya,Libya,2046,m7,d1,t12,EPS
Libya,Libya,2046,m7,d1,t13,EPS
Libya,Libya,2046,m7,d1,t14,EPS
Libya,Libya,2046,m7,d1,t15,EPS
Libya,Libya,2046,m7,d1,t16,EPS
Libya,Libya,2046,m7,d1,t17,EPS
Libya,Libya,2046,m7,d1,t18,EPS
Libya,Libya,2046,m7,d1,t19,EPS
Libya,Libya,2046,m7,d1,t2,288.31
Libya,Libya,2046,m7,d1,t20,EPS
Libya,Libya,2046,m7,d1,t21,EPS
Libya,Libya,2046,m7,d1,t22,EPS
Libya,Libya,2046,m7,d1,t23,EPS
Libya,Libya,2046,m7,d1,t24,EPS
Libya,Libya,2046,m7,d1,t3,288.36
Libya,Libya,2046,m7,d1,t4,288.36
Libya,Libya,2046,m7,d1,t5,288.51
Libya,Libya,2046,m7,d1,t6,288.36
Libya,Libya,2046,m7,d1,t7,245.24299999999994
Libya,Libya,2046,m7,d1,t8,EPS
Libya,Libya,2046,m7,d1,t9,EPS
Libya,Libya,2046,m8,d1,t1,287.31000000000006
Libya,Libya,2046,m8,d1,t10,208.45655
Libya,Libya,2046,m8,d1,t11,208.45655
Libya,Libya,2046,m8,d1,t12,208.45655
Libya,Libya,2046,m8,d1,t13,208.45655
Libya,Libya,2046,m8,d1,t14,208.45655
Libya,Libya,2046,m8,d1,t15,208.45655
Libya,Libya,2046,m8,d1,t16,245.24299999999994
Libya,Libya,2046,m8,d1,t17,245.24299999999994
Libya,Libya,2046,m8,d1,t18,245.24299999999994
Libya,Libya,2046,m8,d1,t19,245.24299999999994
Libya,Libya,2046,m8,d1,t2,287.31000000000006
Libya,Libya,2046,m8,d1,t20,245.24299999999994
Libya,Libya,2046,m8,d1,t21,245.24299999999994
Libya,Libya,2046,m8,d1,t22,245.24299999999994
Libya,Libya,2046,m8,d1,t23,245.24299999999994
Libya,Libya,2046,m8,d1,t24,245.24299999999994
Libya,Libya,2046,m8,d1,t3,288.31
Libya,Libya,2046,m8,d1,t4,288.31
Libya,Libya,2046,m8,d1,t5,288.36
Libya,Libya,2046,m8,d1,t6,287.31000000000006
Libya,Libya,2046,m8,d1,t7,245.24299999999994
Libya,Libya,2046,m8,d1,t8,208.45655
Libya,Libya,2046,m8,d1,t9,208.45655
Libya,Libya,2046,m9,d1,t1,245.243
Libya,Libya,2046,m9,d1,t10,EPS
Libya,Libya,2046,m9,d1,t11,EPS
Libya,Libya,2046,m9,d1,t12,EPS
Libya,Libya,2046,m9,d1,t13,EPS
Libya,Libya,2046,m9,d1,t14,EPS
Libya,Libya,2046,m9,d1,t15,EPS
Libya,Libya,2046,m9,d1,t16,EPS
Libya,Libya,2046,m9,d1,t17,EPS
Libya,Libya,2046,m9,d1,t18,EPS
Libya,Libya,2046,m9,d1,t19,EPS
Libya,Libya,2046,m9,d1,t2,245.243
Libya,Libya,2046,m9,d1,t20,EPS
Libya,Libya,2046,m9,d1,t21,EPS
Libya,Libya,2046,m9,d1,t22,EPS
Libya,Libya,2046,m9,d1,t23,EPS
Libya,Libya,2046,m9,d1,t24,EPS
Libya,Libya,2046,m9,d1,t3,245.243
Libya,Libya,2046,m9,d1,t4,245.243
Libya,Libya,2046,m9,d1,t5,287.31
Libya,Libya,2046,m9,d1,t6,245.243
Libya,Libya,2046,m9,d1,t7,109.99999999999999
Libya,Libya,2046,m9,d1,t8,EPS
Libya,Libya,2046,m9,d1,t9,EPS
Libya,Libya,2047,m1,d1,t1,245.243
Libya,Libya,2047,m1,d1,t10,EPS
Libya,Libya,2047,m1,d1,t11,EPS
Libya,Libya,2047,m1,d1,t12,EPS
Libya,Libya,2047,m1,d1,t13,EPS
Libya,Libya,2047,m1,d1,t14,EPS
Libya,Libya,2047,m1,d1,t15,EPS
Libya,Libya,2047,m1,d1,t16,EPS
Libya,Libya,2047,m1,d1,t17,EPS
Libya,Libya,2047,m1,d1,t18,EPS
Libya,Libya,2047,m1,d1,t19,EPS
Libya,Libya,2047,m1,d1,t2,245.243
Libya,Libya,2047,m1,d1,t20,EPS
Libya,Libya,2047,m1,d1,t21,EPS
Libya,Libya,2047,m1,d1,t22,EPS
Libya,Libya,2047,m1,d1,t23,EPS
Libya,Libya,2047,m1,d1,t24,EPS
Libya,Libya,2047,m1,d1,t3,245.243
Libya,Libya,2047,m1,d1,t4,245.243
Libya,Libya,2047,m1,d1,t5,245.243
Libya,Libya,2047,m1,d1,t6,245.243
Libya,Libya,2047,m1,d1,t7,EPS
Libya,Libya,2047,m1,d1,t8,EPS
Libya,Libya,2047,m1,d1,t9,EPS
Libya,Libya,2047,m10,d1,t1,245.243
Libya,Libya,2047,m10,d1,t10,EPS
Libya,Libya,2047,m10,d1,t11,EPS
Libya,Libya,2047,m10,d1,t12,EPS
Libya,Libya,2047,m10,d1,t13,EPS
Libya,Libya,2047,m10,d1,t14,EPS
Libya,Libya,2047,m10,d1,t15,EPS
Libya,Libya,2047,m10,d1,t16,EPS
Libya,Libya,2047,m10,d1,t17,EPS
Libya,Libya,2047,m10,d1,t18,EPS
Libya,Libya,2047,m10,d1,t19,EPS
Libya,Libya,2047,m10,d1,t2,245.243
Libya,Libya,2047,m10,d1,t20,EPS
Libya,Libya,2047,m10,d1,t21,EPS
Libya,Libya,2047,m10,d1,t22,EPS
Libya,Libya,2047,m10,d1,t23,EPS
Libya,Libya,2047,m10,d1,t24,EPS
Libya,Libya,2047,m10,d1,t3,245.243
Libya,Libya,2047,m10,d1,t4,245.243
Libya,Libya,2047,m10,d1,t5,245.243
Libya,Libya,2047,m10,d1,t6,245.243
Libya,Libya,2047,m10,d1,t7,EPS
Libya,Libya,2047,m10,d1,t8,EPS
Libya,Libya,2047,m10,d1,t9,EPS
Libya,Libya,2047,m11,d1,t1,245.243
Libya,Libya,2047,m11,d1,t10,EPS
Libya,Libya,2047,m11,d1,t11,EPS
Libya,Libya,2047,m11,d1,t12,EPS
Libya,Libya,2047,m11,d1,t13,EPS
Libya,Libya,2047,m11,d1,t14,EPS
Libya,Libya,2047,m11,d1,t15,EPS
Libya,Libya,2047,m11,d1,t16,EPS
Libya,Libya,2047,m11,d1,t17,EPS
Libya,Libya,2047,m11,d1,t18,EPS
Libya,Libya,2047,m11,d1,t19,EPS
Libya,Libya,2047,m11,d1,t2,245.243
Libya,Libya,2047,m11,d1,t20,EPS
Libya,Libya,2047,m11,d1,t21,EPS
Libya,Libya,2047,m11,d1,t22,EPS
Libya,Libya,2047,m11,d1,t23,EPS
Libya,Libya,2047,m11,d1,t24,EPS
Libya,Libya,2047,m11,d1,t3,245.243
Libya,Libya,2047,m11,d1,t4,51.511947763734796
Libya,Libya,2047,m11,d1,t5,EPS
Libya,Libya,2047,m11,d1,t6,EPS
Libya,Libya,2047,m11,d1,t7,EPS
Libya,Libya,2047,m11,d1,t8,EPS
Libya,Libya,2047,m11,d1,t9,EPS
Libya,Libya,2047,m12,d1,t1,EPS
Libya,Libya,2047,m12,d1,t10,EPS
Libya,Libya,2047,m12,d1,t11,EPS
Libya,Libya,2047,m12,d1,t12,EPS
Libya,Libya,2047,m12,d1,t13,EPS
Libya,Libya,2047,m12,d1,t14,EPS
Libya,Libya,2047,m12,d1,t15,EPS
Libya,Libya,2047,m12,d1,t16,EPS
Libya,Libya,2047,m12,d1,t17,EPS
Libya,Libya,2047,m12,d1,t18,EPS
Libya,Libya,2047,m12,d1,t19,EPS
Libya,Libya,2047,m12,d1,t2,EPS
Libya,Libya,2047,m12,d1,t20,EPS
Libya,Libya,2047,m12,d1,t21,EPS
Libya,Libya,2047,m12,d1,t22,EPS
Libya,Libya,2047,m12,d1,t23,EPS
Libya,Libya,2047,m12,d1,t24,EPS
Libya,Libya,2047,m12,d1,t3,EPS
Libya,Libya,2047,m12,d1,t4,EPS
Libya,Libya,2047,m12,d1,t5,EPS
Libya,Libya,2047,m12,d1,t6,EPS
Libya,Libya,2047,m12,d1,t7,EPS
Libya,Libya,2047,m12,d1,t8,EPS
Libya,Libya,2047,m12,d1,t9,EPS
Libya,Libya,2047,m2,d1,t1,245.24299999999994
Libya,Libya,2047,m2,d1,t10,EPS
Libya,Libya,2047,m2,d1,t11,EPS
Libya,Libya,2047,m2,d1,t12,EPS
Libya,Libya,2047,m2,d1,t13,EPS
Libya,Libya,2047,m2,d1,t14,EPS
Libya,Libya,2047,m2,d1,t15,EPS
Libya,Libya,2047,m2,d1,t16,EPS
Libya,Libya,2047,m2,d1,t17,EPS
Libya,Libya,2047,m2,d1,t18,EPS
Libya,Libya,2047,m2,d1,t19,EPS
Libya,Libya,2047,m2,d1,t2,245.24299999999994
Libya,Libya,2047,m2,d1,t20,EPS
Libya,Libya,2047,m2,d1,t21,EPS
Libya,Libya,2047,m2,d1,t22,EPS
Libya,Libya,2047,m2,d1,t23,EPS
Libya,Libya,2047,m2,d1,t24,EPS
Libya,Libya,2047,m2,d1,t3,245.24299999999994
Libya,Libya,2047,m2,d1,t4,245.24299999999994
Libya,Libya,2047,m2,d1,t5,245.24299999999994
Libya,Libya,2047,m2,d1,t6,245.24299999999994
Libya,Libya,2047,m2,d1,t7,EPS
Libya,Libya,2047,m2,d1,t8,EPS
Libya,Libya,2047,m2,d1,t9,EPS
Libya,Libya,2047,m3,d1,t1,245.243
Libya,Libya,2047,m3,d1,t10,EPS
Libya,Libya,2047,m3,d1,t11,EPS
Libya,Libya,2047,m3,d1,t12,EPS
Libya,Libya,2047,m3,d1,t13,EPS
Libya,Libya,2047,m3,d1,t14,EPS
Libya,Libya,2047,m3,d1,t15,EPS
Libya,Libya,2047,m3,d1,t16,EPS
Libya,Libya,2047,m3,d1,t17,EPS
Libya,Libya,2047,m3,d1,t18,EPS
Libya,Libya,2047,m3,d1,t19,EPS
Libya,Libya,2047,m3,d1,t2,245.243
Libya,Libya,2047,m3,d1,t20,EPS
Libya,Libya,2047,m3,d1,t21,EPS
Libya,Libya,2047,m3,d1,t22,EPS
Libya,Libya,2047,m3,d1,t23,EPS
Libya,Libya,2047,m3,d1,t24,EPS
Libya,Libya,2047,m3,d1,t3,245.243
Libya,Libya,2047,m3,d1,t4,245.243
Libya,Libya,2047,m3,d1,t5,245.243
Libya,Libya,2047,m3,d1,t6,EPS
Libya,Libya,2047,m3,d1,t7,EPS
Libya,Libya,2047,m3,d1,t8,EPS
Libya,Libya,2047,m3,d1,t9,EPS
Libya,Libya,2047,m4,d1,t1,EPS
Libya,Libya,2047,m4,d1,t10,EPS
Libya,Libya,2047,m4,d1,t11,EPS
Libya,Libya,2047,m4,d1,t12,EPS
Libya,Libya,2047,m4,d1,t13,EPS
Libya,Libya,2047,m4,d1,t14,EPS
Libya,Libya,2047,m4,d1,t15,EPS
Libya,Libya,2047,m4,d1,t16,EPS
Libya,Libya,2047,m4,d1,t17,EPS
Libya,Libya,2047,m4,d1,t18,EPS
Libya,Libya,2047,m4,d1,t19,EPS
Libya,Libya,2047,m4,d1,t2,EPS
Libya,Libya,2047,m4,d1,t20,EPS
Libya,Libya,2047,m4,d1,t21,EPS
Libya,Libya,2047,m4,d1,t22,EPS
Libya,Libya,2047,m4,d1,t23,EPS
Libya,Libya,2047,m4,d1,t24,EPS
Libya,Libya,2047,m4,d1,t3,EPS
Libya,Libya,2047,m4,d1,t4,EPS
Libya,Libya,2047,m4,d1,t5,EPS
Libya,Libya,2047,m4,d1,t6,EPS
Libya,Libya,2047,m4,d1,t7,EPS
Libya,Libya,2047,m4,d1,t8,EPS
Libya,Libya,2047,m4,d1,t9,EPS
Libya,Libya,2047,m5,d1,t1,EPS
Libya,Libya,2047,m5,d1,t10,EPS
Libya,Libya,2047,m5,d1,t11,EPS
Libya,Libya,2047,m5,d1,t12,EPS
Libya,Libya,2047,m5,d1,t13,EPS
Libya,Libya,2047,m5,d1,t14,EPS
Libya,Libya,2047,m5,d1,t15,EPS
Libya,Libya,2047,m5,d1,t16,EPS
Libya,Libya,2047,m5,d1,t17,EPS
Libya,Libya,2047,m5,d1,t18,EPS
Libya,Libya,2047,m5,d1,t19,EPS
Libya,Libya,2047,m5,d1,t2,EPS
Libya,Libya,2047,m5,d1,t20,EPS
Libya,Libya,2047,m5,d1,t21,EPS
Libya,Libya,2047,m5,d1,t22,EPS
Libya,Libya,2047,m5,d1,t23,EPS
Libya,Libya,2047,m5,d1,t24,EPS
Libya,Libya,2047,m5,d1,t3,EPS
Libya,Libya,2047,m5,d1,t4,EPS
Libya,Libya,2047,m5,d1,t5,EPS
Libya,Libya,2047,m5,d1,t6,EPS
Libya,Libya,2047,m5,d1,t7,EPS
Libya,Libya,2047,m5,d1,t8,EPS
Libya,Libya,2047,m5,d1,t9,EPS
Libya,Libya,2047,m6,d1,t1,245.243
Libya,Libya,2047,m6,d1,t10,EPS
Libya,Libya,2047,m6,d1,t11,EPS
Libya,Libya,2047,m6,d1,t12,EPS
Libya,Libya,2047,m6,d1,t13,EPS
Libya,Libya,2047,m6,d1,t14,EPS
Libya,Libya,2047,m6,d1,t15,EPS
Libya,Libya,2047,m6,d1,t16,EPS
Libya,Libya,2047,m6,d1,t17,EPS
Libya,Libya,2047,m6,d1,t18,EPS
Libya,Libya,2047,m6,d1,t19,EPS
Libya,Libya,2047,m6,d1,t2,245.243
Libya,Libya,2047,m6,d1,t20,EPS
Libya,Libya,2047,m6,d1,t21,EPS
Libya,Libya,2047,m6,d1,t22,EPS
Libya,Libya,2047,m6,d1,t23,EPS
Libya,Libya,2047,m6,d1,t24,EPS
Libya,Libya,2047,m6,d1,t3,245.243
Libya,Libya,2047,m6,d1,t4,245.243
Libya,Libya,2047,m6,d1,t5,245.243
Libya,Libya,2047,m6,d1,t6,245.243
Libya,Libya,2047,m6,d1,t7,EPS
Libya,Libya,2047,m6,d1,t8,EPS
Libya,Libya,2047,m6,d1,t9,EPS
Libya,Libya,2047,m7,d1,t1,287.30999999999995
Libya,Libya,2047,m7,d1,t10,EPS
Libya,Libya,2047,m7,d1,t11,EPS
Libya,Libya,2047,m7,d1,t12,EPS
Libya,Libya,2047,m7,d1,t13,EPS
Libya,Libya,2047,m7,d1,t14,EPS
Libya,Libya,2047,m7,d1,t15,EPS
Libya,Libya,2047,m7,d1,t16,EPS
Libya,Libya,2047,m7,d1,t17,EPS
Libya,Libya,2047,m7,d1,t18,EPS
Libya,Libya,2047,m7,d1,t19,EPS
Libya,Libya,2047,m7,d1,t2,287.30999999999995
Libya,Libya,2047,m7,d1,t20,EPS
Libya,Libya,2047,m7,d1,t21,EPS
Libya,Libya,2047,m7,d1,t22,EPS
Libya,Libya,2047,m7,d1,t23,EPS
Libya,Libya,2047,m7,d1,t24,EPS
Libya,Libya,2047,m7,d1,t3,288.31
Libya,Libya,2047,m7,d1,t4,288.35999999999996
Libya,Libya,2047,m7,d1,t5,288.35999999999996
Libya,Libya,2047,m7,d1,t6,288.31
Libya,Libya,2047,m7,d1,t7,245.243
Libya,Libya,2047,m7,d1,t8,EPS
Libya,Libya,2047,m7,d1,t9,EPS
Libya,Libya,2047,m8,d1,t1,287.30999999999995
Libya,Libya,2047,m8,d1,t10,EPS
Libya,Libya,2047,m8,d1,t11,EPS
Libya,Libya,2047,m8,d1,t12,EPS
Libya,Libya,2047,m8,d1,t13,EPS
Libya,Libya,2047,m8,d1,t14,EPS
Libya,Libya,2047,m8,d1,t15,EPS
Libya,Libya,2047,m8,d1,t16,EPS
Libya,Libya,2047,m8,d1,t17,EPS
Libya,Libya,2047,m8,d1,t18,EPS
Libya,Libya,2047,m8,d1,t19,EPS
Libya,Libya,2047,m8,d1,t2,287.30999999999995
Libya,Libya,2047,m8,d1,t20,EPS
Libya,Libya,2047,m8,d1,t21,EPS
Libya,Libya,2047,m8,d1,t22,EPS
Libya,Libya,2047,m8,d1,t23,EPS
Libya,Libya,2047,m8,d1,t24,EPS
Libya,Libya,2047,m8,d1,t3,287.30999999999995
Libya,Libya,2047,m8,d1,t4,287.30999999999995
Libya,Libya,2047,m8,d1,t5,288.31
Libya,Libya,2047,m8,d1,t6,287.30999999999995
Libya,Libya,2047,m8,d1,t7,245.243
Libya,Libya,2047,m8,d1,t8,51.0
Libya,Libya,2047,m8,d1,t9,EPS
Libya,Libya,2047,m9,d1,t1,245.243
Libya,Libya,2047,m9,d1,t10,EPS
Libya,Libya,2047,m9,d1,t11,EPS
Libya,Libya,2047,m9,d1,t12,EPS
Libya,Libya,2047,m9,d1,t13,EPS
Libya,Libya,2047,m9,d1,t14,EPS
Libya,Libya,2047,m9,d1,t15,EPS
Libya,Libya,2047,m9,d1,t16,EPS
Libya,Libya,2047,m9,d1,t17,EPS
Libya,Libya,2047,m9,d1,t18,EPS
Libya,Libya,2047,m9,d1,t19,EPS
Libya,Libya,2047,m9,d1,t2,245.243
Libya,Libya,2047,m9,d1,t20,EPS
Libya,Libya,2047,m9,d1,t21,EPS
Libya,Libya,2047,m9,d1,t22,EPS
Libya,Libya,2047,m9,d1,t23,EPS
Libya,Libya,2047,m9,d1,t24,EPS
Libya,Libya,2047,m9,d1,t3,245.243
Libya,Libya,2047,m9,d1,t4,245.243
Libya,Libya,2047,m9,d1,t5,245.243
Libya,Libya,2047,m9,d1,t6,245.243
Libya,Libya,2047,m9,d1,t7,51.0
Libya,Libya,2047,m9,d1,t8,EPS
Libya,Libya,2047,m9,d1,t9,EPS
Libya,Libya,2048,m1,d1,t1,245.24299999999997
Libya,Libya,2048,m1,d1,t10,EPS
Libya,Libya,2048,m1,d1,t11,EPS
Libya,Libya,2048,m1,d1,t12,EPS
Libya,Libya,2048,m1,d1,t13,EPS
Libya,Libya,2048,m1,d1,t14,EPS
Libya,Libya,2048,m1,d1,t15,EPS
Libya,Libya,2048,m1,d1,t16,EPS
Libya,Libya,2048,m1,d1,t17,EPS
Libya,Libya,2048,m1,d1,t18,EPS
Libya,Libya,2048,m1,d1,t19,EPS
Libya,Libya,2048,m1,d1,t2,245.24299999999997
Libya,Libya,2048,m1,d1,t20,EPS
Libya,Libya,2048,m1,d1,t21,EPS
Libya,Libya,2048,m1,d1,t22,EPS
Libya,Libya,2048,m1,d1,t23,EPS
Libya,Libya,2048,m1,d1,t24,EPS
Libya,Libya,2048,m1,d1,t3,245.24299999999997
Libya,Libya,2048,m1,d1,t4,245.24299999999997
Libya,Libya,2048,m1,d1,t5,245.24299999999997
Libya,Libya,2048,m1,d1,t6,245.24299999999997
Libya,Libya,2048,m1,d1,t7,EPS
Libya,Libya,2048,m1,d1,t8,EPS
Libya,Libya,2048,m1,d1,t9,EPS
Libya,Libya,2048,m10,d1,t1,245.24299999999997
Libya,Libya,2048,m10,d1,t10,EPS
Libya,Libya,2048,m10,d1,t11,EPS
Libya,Libya,2048,m10,d1,t12,EPS
Libya,Libya,2048,m10,d1,t13,EPS
Libya,Libya,2048,m10,d1,t14,EPS
Libya,Libya,2048,m10,d1,t15,EPS
Libya,Libya,2048,m10,d1,t16,EPS
Libya,Libya,2048,m10,d1,t17,EPS
Libya,Libya,2048,m10,d1,t18,EPS
Libya,Libya,2048,m10,d1,t19,EPS
Libya,Libya,2048,m10,d1,t2,245.24299999999997
Libya,Libya,2048,m10,d1,t20,EPS
Libya,Libya,2048,m10,d1,t21,EPS
Libya,Libya,2048,m10,d1,t22,EPS
Libya,Libya,2048,m10,d1,t23,EPS
Libya,Libya,2048,m10,d1,t24,EPS
Libya,Libya,2048,m10,d1,t3,245.24299999999997
Libya,Libya,2048,m10,d1,t4,245.24299999999997
Libya,Libya,2048,m10,d1,t5,245.24299999999997
Libya,Libya,2048,m10,d1,t6,245.24299999999997
Libya,Libya,2048,m10,d1,t7,EPS
Libya,Libya,2048,m10,d1,t8,EPS
Libya,Libya,2048,m10,d1,t9,EPS
Libya,Libya,2048,m11,d1,t1,245.24299999999997
Libya,Libya,2048,m11,d1,t10,EPS
Libya,Libya,2048,m11,d1,t11,EPS
Libya,Libya,2048,m11,d1,t12,EPS
Libya,Libya,2048,m11,d1,t13,EPS
Libya,Libya,2048,m11,d1,t14,EPS
Libya,Libya,2048,m11,d1,t15,EPS
Libya,Libya,2048,m11,d1,t16,EPS
Libya,Libya,2048,m11,d1,t17,EPS
Libya,Libya,2048,m11,d1,t18,EPS
Libya,Libya,2048,m11,d1,t19,EPS
Libya,Libya,2048,m11,d1,t2,245.24299999999997
Libya,Libya,2048,m11,d1,t20,EPS
Libya,Libya,2048,m11,d1,t21,EPS
Libya,Libya,2048,m11,d1,t22,EPS
Libya,Libya,2048,m11,d1,t23,EPS
Libya,Libya,2048,m11,d1,t24,EPS
Libya,Libya,2048,m11,d1,t3,110.0
Libya,Libya,2048,m11,d1,t4,71.9482794163175
Libya,Libya,2048,m11,d1,t5,EPS
Libya,Libya,2048,m11,d1,t6,EPS
Libya,Libya,2048,m11,d1,t7,EPS
Libya,Libya,2048,m11,d1,t8,EPS
Libya,Libya,2048,m11,d1,t9,EPS
Libya,Libya,2048,m12,d1,t1,EPS
Libya,Libya,2048,m12,d1,t10,EPS
Libya,Libya,2048,m12,d1,t11,EPS
Libya,Libya,2048,m12,d1,t12,EPS
Libya,Libya,2048,m12,d1,t13,EPS
Libya,Libya,2048,m12,d1,t14,EPS
Libya,Libya,2048,m12,d1,t15,EPS
Libya,Libya,2048,m12,d1,t16,EPS
Libya,Libya,2048,m12,d1,t17,EPS
Libya,Libya,2048,m12,d1,t18,EPS
Libya,Libya,2048,m12,d1,t19,EPS
Libya,Libya,2048,m12,d1,t2,EPS
Libya,Libya,2048,m12,d1,t20,EPS
Libya,Libya,2048,m12,d1,t21,EPS
Libya,Libya,2048,m12,d1,t22,EPS
Libya,Libya,2048,m12,d1,t23,EPS
Libya,Libya,2048,m12,d1,t24,EPS
Libya,Libya,2048,m12,d1,t3,EPS
Libya,Libya,2048,m12,d1,t4,EPS
Libya,Libya,2048,m12,d1,t5,EPS
Libya,Libya,2048,m12,d1,t6,EPS
Libya,Libya,2048,m12,d1,t7,EPS
Libya,Libya,2048,m12,d1,t8,EPS
Libya,Libya,2048,m12,d1,t9,EPS
Libya,Libya,2048,m2,d1,t1,245.24299999999997
Libya,Libya,2048,m2,d1,t10,EPS
Libya,Libya,2048,m2,d1,t11,EPS
Libya,Libya,2048,m2,d1,t12,EPS
Libya,Libya,2048,m2,d1,t13,EPS
Libya,Libya,2048,m2,d1,t14,EPS
Libya,Libya,2048,m2,d1,t15,EPS
Libya,Libya,2048,m2,d1,t16,EPS
Libya,Libya,2048,m2,d1,t17,EPS
Libya,Libya,2048,m2,d1,t18,EPS
Libya,Libya,2048,m2,d1,t19,EPS
Libya,Libya,2048,m2,d1,t2,245.24299999999997
Libya,Libya,2048,m2,d1,t20,EPS
Libya,Libya,2048,m2,d1,t21,EPS
Libya,Libya,2048,m2,d1,t22,EPS
Libya,Libya,2048,m2,d1,t23,EPS
Libya,Libya,2048,m2,d1,t24,EPS
Libya,Libya,2048,m2,d1,t3,245.24299999999997
Libya,Libya,2048,m2,d1,t4,245.24299999999997
Libya,Libya,2048,m2,d1,t5,245.24299999999997
Libya,Libya,2048,m2,d1,t6,245.24299999999997
Libya,Libya,2048,m2,d1,t7,EPS
Libya,Libya,2048,m2,d1,t8,EPS
Libya,Libya,2048,m2,d1,t9,EPS
Libya,Libya,2048,m3,d1,t1,245.24299999999997
Libya,Libya,2048,m3,d1,t10,EPS
Libya,Libya,2048,m3,d1,t11,EPS
Libya,Libya,2048,m3,d1,t12,EPS
Libya,Libya,2048,m3,d1,t13,EPS
Libya,Libya,2048,m3,d1,t14,EPS
Libya,Libya,2048,m3,d1,t15,EPS
Libya,Libya,2048,m3,d1,t16,EPS
Libya,Libya,2048,m3,d1,t17,EPS
Libya,Libya,2048,m3,d1,t18,EPS
Libya,Libya,2048,m3,d1,t19,EPS
Libya,Libya,2048,m3,d1,t2,245.24299999999997
Libya,Libya,2048,m3,d1,t20,EPS
Libya,Libya,2048,m3,d1,t21,EPS
Libya,Libya,2048,m3,d1,t22,EPS
Libya,Libya,2048,m3,d1,t23,EPS
Libya,Libya,2048,m3,d1,t24,EPS
Libya,Libya,2048,m3,d1,t3,245.24299999999997
Libya,Libya,2048,m3,d1,t4,245.24299999999997
Libya,Libya,2048,m3,d1,t5,245.24299999999997
Libya,Libya,2048,m3,d1,t6,EPS
Libya,Libya,2048,m3,d1,t7,EPS
Libya,Libya,2048,m3,d1,t8,EPS
Libya,Libya,2048,m3,d1,t9,EPS
Libya,Libya,2048,m4,d1,t1,EPS
Libya,Libya,2048,m4,d1,t10,EPS
Libya,Libya,2048,m4,d1,t11,EPS
Libya,Libya,2048,m4,d1,t12,EPS
Libya,Libya,2048,m4,d1,t13,EPS
Libya,Libya,2048,m4,d1,t14,EPS
Libya,Libya,2048,m4,d1,t15,EPS
Libya,Libya,2048,m4,d1,t16,EPS
Libya,Libya,2048,m4,d1,t17,EPS
Libya,Libya,2048,m4,d1,t18,EPS
Libya,Libya,2048,m4,d1,t19,EPS
Libya,Libya,2048,m4,d1,t2,EPS
Libya,Libya,2048,m4,d1,t20,EPS
Libya,Libya,2048,m4,d1,t21,EPS
Libya,Libya,2048,m4,d1,t22,EPS
Libya,Libya,2048,m4,d1,t23,EPS
Libya,Libya,2048,m4,d1,t24,EPS
Libya,Libya,2048,m4,d1,t3,EPS
Libya,Libya,2048,m4,d1,t4,EPS
Libya,Libya,2048,m4,d1,t5,EPS
Libya,Libya,2048,m4,d1,t6,EPS
Libya,Libya,2048,m4,d1,t7,EPS
Libya,Libya,2048,m4,d1,t8,EPS
Libya,Libya,2048,m4,d1,t9,EPS
Libya,Libya,2048,m5,d1,t1,EPS
Libya,Libya,2048,m5,d1,t10,EPS
Libya,Libya,2048,m5,d1,t11,EPS
Libya,Libya,2048,m5,d1,t12,EPS
Libya,Libya,2048,m5,d1,t13,EPS
Libya,Libya,2048,m5,d1,t14,EPS
Libya,Libya,2048,m5,d1,t15,EPS
Libya,Libya,2048,m5,d1,t16,EPS
Libya,Libya,2048,m5,d1,t17,EPS
Libya,Libya,2048,m5,d1,t18,EPS
Libya,Libya,2048,m5,d1,t19,EPS
Libya,Libya,2048,m5,d1,t2,EPS
Libya,Libya,2048,m5,d1,t20,EPS
Libya,Libya,2048,m5,d1,t21,EPS
Libya,Libya,2048,m5,d1,t22,EPS
Libya,Libya,2048,m5,d1,t23,EPS
Libya,Libya,2048,m5,d1,t24,EPS
Libya,Libya,2048,m5,d1,t3,EPS
Libya,Libya,2048,m5,d1,t4,EPS
Libya,Libya,2048,m5,d1,t5,EPS
Libya,Libya,2048,m5,d1,t6,EPS
Libya,Libya,2048,m5,d1,t7,EPS
Libya,Libya,2048,m5,d1,t8,EPS
Libya,Libya,2048,m5,d1,t9,EPS
Libya,Libya,2048,m6,d1,t1,245.24299999999997
Libya,Libya,2048,m6,d1,t10,EPS
Libya,Libya,2048,m6,d1,t11,EPS
Libya,Libya,2048,m6,d1,t12,EPS
Libya,Libya,2048,m6,d1,t13,EPS
Libya,Libya,2048,m6,d1,t14,EPS
Libya,Libya,2048,m6,d1,t15,EPS
Libya,Libya,2048,m6,d1,t16,EPS
Libya,Libya,2048,m6,d1,t17,EPS
Libya,Libya,2048,m6,d1,t18,EPS
Libya,Libya,2048,m6,d1,t19,EPS
Libya,Libya,2048,m6,d1,t2,245.24299999999997
Libya,Libya,2048,m6,d1,t20,EPS
Libya,Libya,2048,m6,d1,t21,EPS
Libya,Libya,2048,m6,d1,t22,EPS
Libya,Libya,2048,m6,d1,t23,EPS
Libya,Libya,2048,m6,d1,t24,EPS
Libya,Libya,2048,m6,d1,t3,245.24299999999997
Libya,Libya,2048,m6,d1,t4,245.24299999999997
Libya,Libya,2048,m6,d1,t5,245.24299999999997
Libya,Libya,2048,m6,d1,t6,245.24299999999997
Libya,Libya,2048,m6,d1,t7,EPS
Libya,Libya,2048,m6,d1,t8,EPS
Libya,Libya,2048,m6,d1,t9,EPS
Libya,Libya,2048,m7,d1,t1,287.30999999999995
Libya,Libya,2048,m7,d1,t10,EPS
Libya,Libya,2048,m7,d1,t11,EPS
Libya,Libya,2048,m7,d1,t12,EPS
Libya,Libya,2048,m7,d1,t13,EPS
Libya,Libya,2048,m7,d1,t14,EPS
Libya,Libya,2048,m7,d1,t15,EPS
Libya,Libya,2048,m7,d1,t16,EPS
Libya,Libya,2048,m7,d1,t17,EPS
Libya,Libya,2048,m7,d1,t18,EPS
Libya,Libya,2048,m7,d1,t19,EPS
Libya,Libya,2048,m7,d1,t2,287.30999999999995
Libya,Libya,2048,m7,d1,t20,EPS
Libya,Libya,2048,m7,d1,t21,EPS
Libya,Libya,2048,m7,d1,t22,EPS
Libya,Libya,2048,m7,d1,t23,EPS
Libya,Libya,2048,m7,d1,t24,EPS
Libya,Libya,2048,m7,d1,t3,288.31000000000006
Libya,Libya,2048,m7,d1,t4,288.36000000000007
Libya,Libya,2048,m7,d1,t5,288.36000000000007
Libya,Libya,2048,m7,d1,t6,288.31000000000006
Libya,Libya,2048,m7,d1,t7,245.24299999999997
Libya,Libya,2048,m7,d1,t8,EPS
Libya,Libya,2048,m7,d1,t9,EPS
Libya,Libya,2048,m8,d1,t1,287.30999999999995
Libya,Libya,2048,m8,d1,t10,EPS
Libya,Libya,2048,m8,d1,t11,EPS
Libya,Libya,2048,m8,d1,t12,EPS
Libya,Libya,2048,m8,d1,t13,EPS
Libya,Libya,2048,m8,d1,t14,EPS
Libya,Libya,2048,m8,d1,t15,EPS
Libya,Libya,2048,m8,d1,t16,EPS
Libya,Libya,2048,m8,d1,t17,EPS
Libya,Libya,2048,m8,d1,t18,EPS
Libya,Libya,2048,m8,d1,t19,EPS
Libya,Libya,2048,m8,d1,t2,252.87776470588227
Libya,Libya,2048,m8,d1,t20,EPS
Libya,Libya,2048,m8,d1,t21,EPS
Libya,Libya,2048,m8,d1,t22,EPS
Libya,Libya,2048,m8,d1,t23,EPS
Libya,Libya,2048,m8,d1,t24,EPS
Libya,Libya,2048,m8,d1,t3,287.30999999999995
Libya,Libya,2048,m8,d1,t4,287.30999999999995
Libya,Libya,2048,m8,d1,t5,288.31000000000006
Libya,Libya,2048,m8,d1,t6,245.24299999999997
Libya,Libya,2048,m8,d1,t7,245.24299999999997
Libya,Libya,2048,m8,d1,t8,50.99999999999999
Libya,Libya,2048,m8,d1,t9,EPS
Libya,Libya,2048,m9,d1,t1,245.24299999999997
Libya,Libya,2048,m9,d1,t10,EPS
Libya,Libya,2048,m9,d1,t11,EPS
Libya,Libya,2048,m9,d1,t12,EPS
Libya,Libya,2048,m9,d1,t13,EPS
Libya,Libya,2048,m9,d1,t14,EPS
Libya,Libya,2048,m9,d1,t15,EPS
Libya,Libya,2048,m9,d1,t16,EPS
Libya,Libya,2048,m9,d1,t17,EPS
Libya,Libya,2048,m9,d1,t18,EPS
Libya,Libya,2048,m9,d1,t19,EPS
Libya,Libya,2048,m9,d1,t2,245.24299999999997
Libya,Libya,2048,m9,d1,t20,EPS
Libya,Libya,2048,m9,d1,t21,EPS
Libya,Libya,2048,m9,d1,t22,EPS
Libya,Libya,2048,m9,d1,t23,EPS
Libya,Libya,2048,m9,d1,t24,EPS
Libya,Libya,2048,m9,d1,t3,245.24299999999997
Libya,Libya,2048,m9,d1,t4,245.24299999999997
Libya,Libya,2048,m9,d1,t5,245.24299999999997
Libya,Libya,2048,m9,d1,t6,245.24299999999997
Libya,Libya,2048,m9,d1,t7,51.0
Libya,Libya,2048,m9,d1,t8,EPS
Libya,Libya,2048,m9,d1,t9,EPS
Libya,Libya,2049,m1,d1,t1,245.24300000000002
Libya,Libya,2049,m1,d1,t10,EPS
Libya,Libya,2049,m1,d1,t11,EPS
Libya,Libya,2049,m1,d1,t12,EPS
Libya,Libya,2049,m1,d1,t13,EPS
Libya,Libya,2049,m1,d1,t14,EPS
Libya,Libya,2049,m1,d1,t15,EPS
Libya,Libya,2049,m1,d1,t16,EPS
Libya,Libya,2049,m1,d1,t17,EPS
Libya,Libya,2049,m1,d1,t18,EPS
Libya,Libya,2049,m1,d1,t19,EPS
Libya,Libya,2049,m1,d1,t2,245.24300000000002
Libya,Libya,2049,m1,d1,t20,EPS
Libya,Libya,2049,m1,d1,t21,EPS
Libya,Libya,2049,m1,d1,t22,EPS
Libya,Libya,2049,m1,d1,t23,EPS
Libya,Libya,2049,m1,d1,t24,EPS
Libya,Libya,2049,m1,d1,t3,245.24300000000002
Libya,Libya,2049,m1,d1,t4,245.24300000000002
Libya,Libya,2049,m1,d1,t5,245.24300000000002
Libya,Libya,2049,m1,d1,t6,245.24300000000002
Libya,Libya,2049,m1,d1,t7,EPS
Libya,Libya,2049,m1,d1,t8,EPS
Libya,Libya,2049,m1,d1,t9,EPS
Libya,Libya,2049,m10,d1,t1,245.24300000000002
Libya,Libya,2049,m10,d1,t10,EPS
Libya,Libya,2049,m10,d1,t11,EPS
Libya,Libya,2049,m10,d1,t12,EPS
Libya,Libya,2049,m10,d1,t13,EPS
Libya,Libya,2049,m10,d1,t14,EPS
Libya,Libya,2049,m10,d1,t15,EPS
Libya,Libya,2049,m10,d1,t16,EPS
Libya,Libya,2049,m10,d1,t17,EPS
Libya,Libya,2049,m10,d1,t18,EPS
Libya,Libya,2049,m10,d1,t19,EPS
Libya,Libya,2049,m10,d1,t2,245.24300000000002
Libya,Libya,2049,m10,d1,t20,EPS
Libya,Libya,2049,m10,d1,t21,EPS
Libya,Libya,2049,m10,d1,t22,EPS
Libya,Libya,2049,m10,d1,t23,EPS
Libya,Libya,2049,m10,d1,t24,EPS
Libya,Libya,2049,m10,d1,t3,245.24300000000002
Libya,Libya,2049,m10,d1,t4,245.24300000000002
Libya,Libya,2049,m10,d1,t5,245.24300000000002
Libya,Libya,2049,m10,d1,t6,245.24300000000002
Libya,Libya,2049,m10,d1,t7,EPS
Libya,Libya,2049,m10,d1,t8,EPS
Libya,Libya,2049,m10,d1,t9,EPS
Libya,Libya,2049,m11,d1,t1,245.24300000000002
Libya,Libya,2049,m11,d1,t10,EPS
Libya,Libya,2049,m11,d1,t11,EPS
Libya,Libya,2049,m11,d1,t12,EPS
Libya,Libya,2049,m11,d1,t13,EPS
Libya,Libya,2049,m11,d1,t14,EPS
Libya,Libya,2049,m11,d1,t15,EPS
Libya,Libya,2049,m11,d1,t16,EPS
Libya,Libya,2049,m11,d1,t17,EPS
Libya,Libya,2049,m11,d1,t18,EPS
Libya,Libya,2049,m11,d1,t19,EPS
Libya,Libya,2049,m11,d1,t2,245.24300000000002
Libya,Libya,2049,m11,d1,t20,EPS
Libya,Libya,2049,m11,d1,t21,EPS
Libya,Libya,2049,m11,d1,t22,EPS
Libya,Libya,2049,m11,d1,t23,EPS
Libya,Libya,2049,m11,d1,t24,EPS
Libya,Libya,2049,m11,d1,t3,228.52117647058827
Libya,Libya,2049,m11,d1,t4,EPS
Libya,Libya,2049,m11,d1,t5,EPS
Libya,Libya,2049,m11,d1,t6,EPS
Libya,Libya,2049,m11,d1,t7,EPS
Libya,Libya,2049,m11,d1,t8,EPS
Libya,Libya,2049,m11,d1,t9,EPS
Libya,Libya,2049,m12,d1,t1,EPS
Libya,Libya,2049,m12,d1,t10,EPS
Libya,Libya,2049,m12,d1,t11,EPS
Libya,Libya,2049,m12,d1,t12,EPS
Libya,Libya,2049,m12,d1,t13,EPS
Libya,Libya,2049,m12,d1,t14,EPS
Libya,Libya,2049,m12,d1,t15,EPS
Libya,Libya,2049,m12,d1,t16,EPS
Libya,Libya,2049,m12,d1,t17,EPS
Libya,Libya,2049,m12,d1,t18,EPS
Libya,Libya,2049,m12,d1,t19,EPS
Libya,Libya,2049,m12,d1,t2,EPS
Libya,Libya,2049,m12,d1,t20,EPS
Libya,Libya,2049,m12,d1,t21,EPS
Libya,Libya,2049,m12,d1,t22,EPS
Libya,Libya,2049,m12,d1,t23,EPS
Libya,Libya,2049,m12,d1,t24,EPS
Libya,Libya,2049,m12,d1,t3,EPS
Libya,Libya,2049,m12,d1,t4,EPS
Libya,Libya,2049,m12,d1,t5,EPS
Libya,Libya,2049,m12,d1,t6,EPS
Libya,Libya,2049,m12,d1,t7,EPS
Libya,Libya,2049,m12,d1,t8,EPS
Libya,Libya,2049,m12,d1,t9,EPS
Libya,Libya,2049,m2,d1,t1,245.24300000000002
Libya,Libya,2049,m2,d1,t10,EPS
Libya,Libya,2049,m2,d1,t11,EPS
Libya,Libya,2049,m2,d1,t12,EPS
Libya,Libya,2049,m2,d1,t13,EPS
Libya,Libya,2049,m2,d1,t14,EPS
Libya,Libya,2049,m2,d1,t15,EPS
Libya,Libya,2049,m2,d1,t16,EPS
Libya,Libya,2049,m2,d1,t17,EPS
Libya,Libya,2049,m2,d1,t18,EPS
Libya,Libya,2049,m2,d1,t19,EPS
Libya,Libya,2049,m2,d1,t2,245.24300000000002
Libya,Libya,2049,m2,d1,t20,EPS
Libya,Libya,2049,m2,d1,t21,EPS
Libya,Libya,2049,m2,d1,t22,EPS
Libya,Libya,2049,m2,d1,t23,EPS
Libya,Libya,2049,m2,d1,t24,EPS
Libya,Libya,2049,m2,d1,t3,245.24300000000002
Libya,Libya,2049,m2,d1,t4,245.24300000000002
Libya,Libya,2049,m2,d1,t5,245.24300000000002
Libya,Libya,2049,m2,d1,t6,245.24300000000002
Libya,Libya,2049,m2,d1,t7,EPS
Libya,Libya,2049,m2,d1,t8,EPS
Libya,Libya,2049,m2,d1,t9,EPS
Libya,Libya,2049,m3,d1,t1,245.24300000000002
Libya,Libya,2049,m3,d1,t10,EPS
Libya,Libya,2049,m3,d1,t11,EPS
Libya,Libya,2049,m3,d1,t12,EPS
Libya,Libya,2049,m3,d1,t13,EPS
Libya,Libya,2049,m3,d1,t14,EPS
Libya,Libya,2049,m3,d1,t15,EPS
Libya,Libya,2049,m3,d1,t16,EPS
Libya,Libya,2049,m3,d1,t17,EPS
Libya,Libya,2049,m3,d1,t18,EPS
Libya,Libya,2049,m3,d1,t19,EPS
Libya,Libya,2049,m3,d1,t2,245.24300000000002
Libya,Libya,2049,m3,d1,t20,EPS
Libya,Libya,2049,m3,d1,t21,EPS
Libya,Libya,2049,m3,d1,t22,EPS
Libya,Libya,2049,m3,d1,t23,EPS
Libya,Libya,2049,m3,d1,t24,EPS
Libya,Libya,2049,m3,d1,t3,245.24300000000002
Libya,Libya,2049,m3,d1,t4,245.24300000000002
Libya,Libya,2049,m3,d1,t5,245.24300000000002
Libya,Libya,2049,m3,d1,t6,EPS
Libya,Libya,2049,m3,d1,t7,EPS
Libya,Libya,2049,m3,d1,t8,EPS
Libya,Libya,2049,m3,d1,t9,EPS
Libya,Libya,2049,m4,d1,t1,EPS
Libya,Libya,2049,m4,d1,t10,EPS
Libya,Libya,2049,m4,d1,t11,EPS
Libya,Libya,2049,m4,d1,t12,EPS
Libya,Libya,2049,m4,d1,t13,EPS
Libya,Libya,2049,m4,d1,t14,EPS
Libya,Libya,2049,m4,d1,t15,EPS
Libya,Libya,2049,m4,d1,t16,EPS
Libya,Libya,2049,m4,d1,t17,EPS
Libya,Libya,2049,m4,d1,t18,EPS
Libya,Libya,2049,m4,d1,t19,EPS
Libya,Libya,2049,m4,d1,t2,EPS
Libya,Libya,2049,m4,d1,t20,EPS
Libya,Libya,2049,m4,d1,t21,EPS
Libya,Libya,2049,m4,d1,t22,EPS
Libya,Libya,2049,m4,d1,t23,EPS
Libya,Libya,2049,m4,d1,t24,EPS
Libya,Libya,2049,m4,d1,t3,EPS
Libya,Libya,2049,m4,d1,t4,EPS
Libya,Libya,2049,m4,d1,t5,EPS
Libya,Libya,2049,m4,d1,t6,EPS
Libya,Libya,2049,m4,d1,t7,EPS
Libya,Libya,2049,m4,d1,t8,EPS
Libya,Libya,2049,m4,d1,t9,EPS
Libya,Libya,2049,m5,d1,t1,EPS
Libya,Libya,2049,m5,d1,t10,EPS
Libya,Libya,2049,m5,d1,t11,EPS
Libya,Libya,2049,m5,d1,t12,EPS
Libya,Libya,2049,m5,d1,t13,EPS
Libya,Libya,2049,m5,d1,t14,EPS
Libya,Libya,2049,m5,d1,t15,EPS
Libya,Libya,2049,m5,d1,t16,EPS
Libya,Libya,2049,m5,d1,t17,EPS
Libya,Libya,2049,m5,d1,t18,EPS
Libya,Libya,2049,m5,d1,t19,EPS
Libya,Libya,2049,m5,d1,t2,EPS
Libya,Libya,2049,m5,d1,t20,EPS
Libya,Libya,2049,m5,d1,t21,EPS
Libya,Libya,2049,m5,d1,t22,EPS
Libya,Libya,2049,m5,d1,t23,EPS
Libya,Libya,2049,m5,d1,t24,EPS
Libya,Libya,2049,m5,d1,t3,EPS
Libya,Libya,2049,m5,d1,t4,EPS
Libya,Libya,2049,m5,d1,t5,EPS
Libya,Libya,2049,m5,d1,t6,EPS
Libya,Libya,2049,m5,d1,t7,EPS
Libya,Libya,2049,m5,d1,t8,EPS
Libya,Libya,2049,m5,d1,t9,EPS
Libya,Libya,2049,m6,d1,t1,245.24300000000002
Libya,Libya,2049,m6,d1,t10,EPS
Libya,Libya,2049,m6,d1,t11,EPS
Libya,Libya,2049,m6,d1,t12,EPS
Libya,Libya,2049,m6,d1,t13,EPS
Libya,Libya,2049,m6,d1,t14,EPS
Libya,Libya,2049,m6,d1,t15,EPS
Libya,Libya,2049,m6,d1,t16,EPS
Libya,Libya,2049,m6,d1,t17,EPS
Libya,Libya,2049,m6,d1,t18,EPS
Libya,Libya,2049,m6,d1,t19,EPS
Libya,Libya,2049,m6,d1,t2,245.24300000000002
Libya,Libya,2049,m6,d1,t20,EPS
Libya,Libya,2049,m6,d1,t21,EPS
Libya,Libya,2049,m6,d1,t22,EPS
Libya,Libya,2049,m6,d1,t23,EPS
Libya,Libya,2049,m6,d1,t24,EPS
Libya,Libya,2049,m6,d1,t3,245.24300000000002
Libya,Libya,2049,m6,d1,t4,245.24300000000002
Libya,Libya,2049,m6,d1,t5,245.24300000000002
Libya,Libya,2049,m6,d1,t6,245.24300000000002
Libya,Libya,2049,m6,d1,t7,EPS
Libya,Libya,2049,m6,d1,t8,EPS
Libya,Libya,2049,m6,d1,t9,EPS
Libya,Libya,2049,m7,d1,t1,287.31
Libya,Libya,2049,m7,d1,t10,EPS
Libya,Libya,2049,m7,d1,t11,EPS
Libya,Libya,2049,m7,d1,t12,EPS
Libya,Libya,2049,m7,d1,t13,EPS
Libya,Libya,2049,m7,d1,t14,EPS
Libya,Libya,2049,m7,d1,t15,EPS
Libya,Libya,2049,m7,d1,t16,EPS
Libya,Libya,2049,m7,d1,t17,EPS
Libya,Libya,2049,m7,d1,t18,EPS
Libya,Libya,2049,m7,d1,t19,EPS
Libya,Libya,2049,m7,d1,t2,287.31
Libya,Libya,2049,m7,d1,t20,EPS
Libya,Libya,2049,m7,d1,t21,EPS
Libya,Libya,2049,m7,d1,t22,EPS
Libya,Libya,2049,m7,d1,t23,EPS
Libya,Libya,2049,m7,d1,t24,EPS
Libya,Libya,2049,m7,d1,t3,288.31
Libya,Libya,2049,m7,d1,t4,288.36
Libya,Libya,2049,m7,d1,t5,288.36
Libya,Libya,2049,m7,d1,t6,288.31
Libya,Libya,2049,m7,d1,t7,245.24300000000002
Libya,Libya,2049,m7,d1,t8,EPS
Libya,Libya,2049,m7,d1,t9,EPS
Libya,Libya,2049,m8,d1,t1,287.31
Libya,Libya,2049,m8,d1,t10,EPS
Libya,Libya,2049,m8,d1,t11,EPS
Libya,Libya,2049,m8,d1,t12,EPS
Libya,Libya,2049,m8,d1,t13,EPS
Libya,Libya,2049,m8,d1,t14,EPS
Libya,Libya,2049,m8,d1,t15,EPS
Libya,Libya,2049,m8,d1,t16,EPS
Libya,Libya,2049,m8,d1,t17,EPS
Libya,Libya,2049,m8,d1,t18,EPS
Libya,Libya,2049,m8,d1,t19,EPS
Libya,Libya,2049,m8,d1,t2,287.31
Libya,Libya,2049,m8,d1,t20,EPS
Libya,Libya,2049,m8,d1,t21,EPS
Libya,Libya,2049,m8,d1,t22,EPS
Libya,Libya,2049,m8,d1,t23,EPS
Libya,Libya,2049,m8,d1,t24,EPS
Libya,Libya,2049,m8,d1,t3,287.31
Libya,Libya,2049,m8,d1,t4,287.31
Libya,Libya,2049,m8,d1,t5,288.31
Libya,Libya,2049,m8,d1,t6,287.31
Libya,Libya,2049,m8,d1,t7,245.24300000000002
Libya,Libya,2049,m8,d1,t8,51.0
Libya,Libya,2049,m8,d1,t9,EPS
Libya,Libya,2049,m9,d1,t1,245.24300000000002
Libya,Libya,2049,m9,d1,t10,EPS
Libya,Libya,2049,m9,d1,t11,EPS
Libya,Libya,2049,m9,d1,t12,EPS
Libya,Libya,2049,m9,d1,t13,EPS
Libya,Libya,2049,m9,d1,t14,EPS
Libya,Libya,2049,m9,d1,t15,EPS
Libya,Libya,2049,m9,d1,t16,EPS
Libya,Libya,2049,m9,d1,t17,EPS
Libya,Libya,2049,m9,d1,t18,EPS
Libya,Libya,2049,m9,d1,t19,EPS
Libya,Libya,2049,m9,d1,t2,245.24300000000002
Libya,Libya,2049,m9,d1,t20,EPS
Libya,Libya,2049,m9,d1,t21,EPS
Libya,Libya,2049,m9,d1,t22,EPS
Libya,Libya,2049,m9,d1,t23,EPS
Libya,Libya,2049,m9,d1,t24,EPS
Libya,Libya,2049,m9,d1,t3,245.24300000000002
Libya,Libya,2049,m9,d1,t4,245.24300000000002
Libya,Libya,2049,m9,d1,t5,245.24300000000002
Libya,Libya,2049,m9,d1,t6,245.24300000000002
Libya,Libya,2049,m9,d1,t7,50.99999999999999
Libya,Libya,2049,m9,d1,t8,EPS
Libya,Libya,2049,m9,d1,t9,EPS
Libya,Libya,2050,m1,d1,t1,245.24300000000005
Libya,Libya,2050,m1,d1,t10,EPS
Libya,Libya,2050,m1,d1,t11,EPS
Libya,Libya,2050,m1,d1,t12,EPS
Libya,Libya,2050,m1,d1,t13,EPS
Libya,Libya,2050,m1,d1,t14,EPS
Libya,Libya,2050,m1,d1,t15,EPS
Libya,Libya,2050,m1,d1,t16,EPS
Libya,Libya,2050,m1,d1,t17,EPS
Libya,Libya,2050,m1,d1,t18,EPS
Libya,Libya,2050,m1,d1,t19,EPS
Libya,Libya,2050,m1,d1,t2,245.24300000000005
Libya,Libya,2050,m1,d1,t20,EPS
Libya,Libya,2050,m1,d1,t21,EPS
Libya,Libya,2050,m1,d1,t22,EPS
Libya,Libya,2050,m1,d1,t23,EPS
Libya,Libya,2050,m1,d1,t24,EPS
Libya,Libya,2050,m1,d1,t3,245.24300000000005
Libya,Libya,2050,m1,d1,t4,245.24300000000005
Libya,Libya,2050,m1,d1,t5,245.24300000000005
Libya,Libya,2050,m1,d1,t6,245.24300000000005
Libya,Libya,2050,m1,d1,t7,EPS
Libya,Libya,2050,m1,d1,t8,EPS
Libya,Libya,2050,m1,d1,t9,EPS
Libya,Libya,2050,m10,d1,t1,245.24300000000005
Libya,Libya,2050,m10,d1,t10,EPS
Libya,Libya,2050,m10,d1,t11,EPS
Libya,Libya,2050,m10,d1,t12,EPS
Libya,Libya,2050,m10,d1,t13,EPS
Libya,Libya,2050,m10,d1,t14,EPS
Libya,Libya,2050,m10,d1,t15,EPS
Libya,Libya,2050,m10,d1,t16,EPS
Libya,Libya,2050,m10,d1,t17,EPS
Libya,Libya,2050,m10,d1,t18,EPS
Libya,Libya,2050,m10,d1,t19,EPS
Libya,Libya,2050,m10,d1,t2,245.24300000000005
Libya,Libya,2050,m10,d1,t20,EPS
Libya,Libya,2050,m10,d1,t21,EPS
Libya,Libya,2050,m10,d1,t22,EPS
Libya,Libya,2050,m10,d1,t23,EPS
Libya,Libya,2050,m10,d1,t24,EPS
Libya,Libya,2050,m10,d1,t3,245.24300000000005
Libya,Libya,2050,m10,d1,t4,245.24300000000005
Libya,Libya,2050,m10,d1,t5,245.24300000000005
Libya,Libya,2050,m10,d1,t6,245.24300000000005
Libya,Libya,2050,m10,d1,t7,EPS
Libya,Libya,2050,m10,d1,t8,EPS
Libya,Libya,2050,m10,d1,t9,EPS
Libya,Libya,2050,m11,d1,t1,245.243
Libya,Libya,2050,m11,d1,t10,EPS
Libya,Libya,2050,m11,d1,t11,EPS
Libya,Libya,2050,m11,d1,t12,EPS
Libya,Libya,2050,m11,d1,t13,EPS
Libya,Libya,2050,m11,d1,t14,EPS
Libya,Libya,2050,m11,d1,t15,EPS
Libya,Libya,2050,m11,d1,t16,EPS
Libya,Libya,2050,m11,d1,t17,EPS
Libya,Libya,2050,m11,d1,t18,EPS
Libya,Libya,2050,m11,d1,t19,EPS
Libya,Libya,2050,m11,d1,t2,130.938399545848
Libya,Libya,2050,m11,d1,t20,EPS
Libya,Libya,2050,m11,d1,t21,EPS
Libya,Libya,2050,m11,d1,t22,EPS
Libya,Libya,2050,m11,d1,t23,EPS
Libya,Libya,2050,m11,d1,t24,EPS
Libya,Libya,2050,m11,d1,t3,95.00000000000001
Libya,Libya,2050,m11,d1,t4,EPS
Libya,Libya,2050,m11,d1,t5,EPS
Libya,Libya,2050,m11,d1,t6,EPS
Libya,Libya,2050,m11,d1,t7,EPS
Libya,Libya,2050,m11,d1,t8,EPS
Libya,Libya,2050,m11,d1,t9,EPS
Libya,Libya,2050,m12,d1,t1,EPS
Libya,Libya,2050,m12,d1,t10,EPS
Libya,Libya,2050,m12,d1,t11,EPS
Libya,Libya,2050,m12,d1,t12,EPS
Libya,Libya,2050,m12,d1,t13,EPS
Libya,Libya,2050,m12,d1,t14,EPS
Libya,Libya,2050,m12,d1,t15,EPS
Libya,Libya,2050,m12,d1,t16,EPS
Libya,Libya,2050,m12,d1,t17,EPS
Libya,Libya,2050,m12,d1,t18,EPS
Libya,Libya,2050,m12,d1,t19,EPS
Libya,Libya,2050,m12,d1,t2,EPS
Libya,Libya,2050,m12,d1,t20,EPS
Libya,Libya,2050,m12,d1,t21,EPS
Libya,Libya,2050,m12,d1,t22,EPS
Libya,Libya,2050,m12,d1,t23,EPS
Libya,Libya,2050,m12,d1,t24,EPS
Libya,Libya,2050,m12,d1,t3,EPS
Libya,Libya,2050,m12,d1,t4,EPS
Libya,Libya,2050,m12,d1,t5,EPS
Libya,Libya,2050,m12,d1,t6,EPS
Libya,Libya,2050,m12,d1,t7,EPS
Libya,Libya,2050,m12,d1,t8,EPS
Libya,Libya,2050,m12,d1,t9,EPS
Libya,Libya,2050,m2,d1,t1,245.24300000000002
Libya,Libya,2050,m2,d1,t10,EPS
Libya,Libya,2050,m2,d1,t11,EPS
Libya,Libya,2050,m2,d1,t12,EPS
Libya,Libya,2050,m2,d1,t13,EPS
Libya,Libya,2050,m2,d1,t14,EPS
Libya,Libya,2050,m2,d1,t15,EPS
Libya,Libya,2050,m2,d1,t16,EPS
Libya,Libya,2050,m2,d1,t17,EPS
Libya,Libya,2050,m2,d1,t18,EPS
Libya,Libya,2050,m2,d1,t19,EPS
Libya,Libya,2050,m2,d1,t2,245.24300000000002
Libya,Libya,2050,m2,d1,t20,EPS
Libya,Libya,2050,m2,d1,t21,EPS
Libya,Libya,2050,m2,d1,t22,EPS
Libya,Libya,2050,m2,d1,t23,EPS
Libya,Libya,2050,m2,d1,t24,EPS
Libya,Libya,2050,m2,d1,t3,245.24300000000002
Libya,Libya,2050,m2,d1,t4,245.24300000000002
Libya,Libya,2050,m2,d1,t5,245.24300000000002
Libya,Libya,2050,m2,d1,t6,245.24300000000002
Libya,Libya,2050,m2,d1,t7,EPS
Libya,Libya,2050,m2,d1,t8,EPS
Libya,Libya,2050,m2,d1,t9,EPS
Libya,Libya,2050,m3,d1,t1,245.24300000000005
Libya,Libya,2050,m3,d1,t10,EPS
Libya,Libya,2050,m3,d1,t11,EPS
Libya,Libya,2050,m3,d1,t12,EPS
Libya,Libya,2050,m3,d1,t13,EPS
Libya,Libya,2050,m3,d1,t14,EPS
Libya,Libya,2050,m3,d1,t15,EPS
Libya,Libya,2050,m3,d1,t16,EPS
Libya,Libya,2050,m3,d1,t17,EPS
Libya,Libya,2050,m3,d1,t18,EPS
Libya,Libya,2050,m3,d1,t19,EPS
Libya,Libya,2050,m3,d1,t2,245.24300000000005
Libya,Libya,2050,m3,d1,t20,EPS
Libya,Libya,2050,m3,d1,t21,EPS
Libya,Libya,2050,m3,d1,t22,EPS
Libya,Libya,2050,m3,d1,t23,EPS
Libya,Libya,2050,m3,d1,t24,EPS
Libya,Libya,2050,m3,d1,t3,245.24300000000005
Libya,Libya,2050,m3,d1,t4,144.5
Libya,Libya,2050,m3,d1,t5,110.0
Libya,Libya,2050,m3,d1,t6,EPS
Libya,Libya,2050,m3,d1,t7,EPS
Libya,Libya,2050,m3,d1,t8,EPS
Libya,Libya,2050,m3,d1,t9,EPS
Libya,Libya,2050,m4,d1,t1,EPS
Libya,Libya,2050,m4,d1,t10,EPS
Libya,Libya,2050,m4,d1,t11,EPS
Libya,Libya,2050,m4,d1,t12,EPS
Libya,Libya,2050,m4,d1,t13,EPS
Libya,Libya,2050,m4,d1,t14,EPS
Libya,Libya,2050,m4,d1,t15,EPS
Libya,Libya,2050,m4,d1,t16,EPS
Libya,Libya,2050,m4,d1,t17,EPS
Libya,Libya,2050,m4,d1,t18,EPS
Libya,Libya,2050,m4,d1,t19,EPS
Libya,Libya,2050,m4,d1,t2,EPS
Libya,Libya,2050,m4,d1,t20,EPS
Libya,Libya,2050,m4,d1,t21,EPS
Libya,Libya,2050,m4,d1,t22,EPS
Libya,Libya,2050,m4,d1,t23,EPS
Libya,Libya,2050,m4,d1,t24,EPS
Libya,Libya,2050,m4,d1,t3,EPS
Libya,Libya,2050,m4,d1,t4,EPS
Libya,Libya,2050,m4,d1,t5,EPS
Libya,Libya,2050,m4,d1,t6,EPS
Libya,Libya,2050,m4,d1,t7,EPS
Libya,Libya,2050,m4,d1,t8,EPS
Libya,Libya,2050,m4,d1,t9,EPS
Libya,Libya,2050,m5,d1,t1,EPS
Libya,Libya,2050,m5,d1,t10,EPS
Libya,Libya,2050,m5,d1,t11,EPS
Libya,Libya,2050,m5,d1,t12,EPS
Libya,Libya,2050,m5,d1,t13,EPS
Libya,Libya,2050,m5,d1,t14,EPS
Libya,Libya,2050,m5,d1,t15,EPS
Libya,Libya,2050,m5,d1,t16,EPS
Libya,Libya,2050,m5,d1,t17,EPS
Libya,Libya,2050,m5,d1,t18,EPS
Libya,Libya,2050,m5,d1,t19,EPS
Libya,Libya,2050,m5,d1,t2,EPS
Libya,Libya,2050,m5,d1,t20,EPS
Libya,Libya,2050,m5,d1,t21,EPS
Libya,Libya,2050,m5,d1,t22,EPS
Libya,Libya,2050,m5,d1,t23,EPS
Libya,Libya,2050,m5,d1,t24,EPS
Libya,Libya,2050,m5,d1,t3,EPS
Libya,Libya,2050,m5,d1,t4,EPS
Libya,Libya,2050,m5,d1,t5,EPS
Libya,Libya,2050,m5,d1,t6,EPS
Libya,Libya,2050,m5,d1,t7,EPS
Libya,Libya,2050,m5,d1,t8,EPS
Libya,Libya,2050,m5,d1,t9,EPS
Libya,Libya,2050,m6,d1,t1,245.243
Libya,Libya,2050,m6,d1,t10,EPS
Libya,Libya,2050,m6,d1,t11,EPS
Libya,Libya,2050,m6,d1,t12,EPS
Libya,Libya,2050,m6,d1,t13,EPS
Libya,Libya,2050,m6,d1,t14,EPS
Libya,Libya,2050,m6,d1,t15,EPS
Libya,Libya,2050,m6,d1,t16,EPS
Libya,Libya,2050,m6,d1,t17,EPS
Libya,Libya,2050,m6,d1,t18,EPS
Libya,Libya,2050,m6,d1,t19,EPS
Libya,Libya,2050,m6,d1,t2,245.243
Libya,Libya,2050,m6,d1,t20,EPS
Libya,Libya,2050,m6,d1,t21,EPS
Libya,Libya,2050,m6,d1,t22,EPS
Libya,Libya,2050,m6,d1,t23,EPS
Libya,Libya,2050,m6,d1,t24,EPS
Libya,Libya,2050,m6,d1,t3,245.243
Libya,Libya,2050,m6,d1,t4,245.243
Libya,Libya,2050,m6,d1,t5,245.243
Libya,Libya,2050,m6,d1,t6,245.243
Libya,Libya,2050,m6,d1,t7,EPS
Libya,Libya,2050,m6,d1,t8,EPS
Libya,Libya,2050,m6,d1,t9,EPS
Libya,Libya,2050,m7,d1,t1,287.31
Libya,Libya,2050,m7,d1,t10,EPS
Libya,Libya,2050,m7,d1,t11,EPS
Libya,Libya,2050,m7,d1,t12,EPS
Libya,Libya,2050,m7,d1,t13,EPS
Libya,Libya,2050,m7,d1,t14,EPS
Libya,Libya,2050,m7,d1,t15,EPS
Libya,Libya,2050,m7,d1,t16,EPS
Libya,Libya,2050,m7,d1,t17,EPS
Libya,Libya,2050,m7,d1,t18,EPS
Libya,Libya,2050,m7,d1,t19,EPS
Libya,Libya,2050,m7,d1,t2,287.31
Libya,Libya,2050,m7,d1,t20,EPS
Libya,Libya,2050,m7,d1,t21,EPS
Libya,Libya,2050,m7,d1,t22,EPS
Libya,Libya,2050,m7,d1,t23,EPS
Libya,Libya,2050,m7,d1,t24,EPS
Libya,Libya,2050,m7,d1,t3,287.31
Libya,Libya,2050,m7,d1,t4,288.31
Libya,Libya,2050,m7,d1,t5,288.36000000000007
Libya,Libya,2050,m7,d1,t6,287.31
Libya,Libya,2050,m7,d1,t7,245.24300000000005
Libya,Libya,2050,m7,d1,t8,EPS
Libya,Libya,2050,m7,d1,t9,EPS
Libya,Libya,2050,m8,d1,t1,245.24300000000005
Libya,Libya,2050,m8,d1,t10,EPS
Libya,Libya,2050,m8,d1,t11,EPS
Libya,Libya,2050,m8,d1,t12,EPS
Libya,Libya,2050,m8,d1,t13,EPS
Libya,Libya,2050,m8,d1,t14,EPS
Libya,Libya,2050,m8,d1,t15,EPS
Libya,Libya,2050,m8,d1,t16,EPS
Libya,Libya,2050,m8,d1,t17,EPS
Libya,Libya,2050,m8,d1,t18,EPS
Libya,Libya,2050,m8,d1,t19,EPS
Libya,Libya,2050,m8,d1,t2,245.24300000000005
Libya,Libya,2050,m8,d1,t20,EPS
Libya,Libya,2050,m8,d1,t21,EPS
Libya,Libya,2050,m8,d1,t22,EPS
Libya,Libya,2050,m8,d1,t23,EPS
Libya,Libya,2050,m8,d1,t24,EPS
Libya,Libya,2050,m8,d1,t3,287.31
Libya,Libya,2050,m8,d1,t4,287.31
Libya,Libya,2050,m8,d1,t5,287.31
Libya,Libya,2050,m8,d1,t6,245.24300000000005
Libya,Libya,2050,m8,d1,t7,245.24300000000005
Libya,Libya,2050,m8,d1,t8,50.99999999999999
Libya,Libya,2050,m8,d1,t9,EPS
Libya,Libya,2050,m9,d1,t1,245.243
Libya,Libya,2050,m9,d1,t10,EPS
Libya,Libya,2050,m9,d1,t11,EPS
Libya,Libya,2050,m9,d1,t12,EPS
Libya,Libya,2050,m9,d1,t13,EPS
Libya,Libya,2050,m9,d1,t14,EPS
Libya,Libya,2050,m9,d1,t15,EPS
Libya,Libya,2050,m9,d1,t16,EPS
Libya,Libya,2050,m9,d1,t17,EPS
Libya,Libya,2050,m9,d1,t18,EPS
Libya,Libya,2050,m9,d1,t19,EPS
Libya,Libya,2050,m9,d1,t2,245.243
Libya,Libya,2050,m9,d1,t20,EPS
Libya,Libya,2050,m9,d1,t21,EPS
Libya,Libya,2050,m9,d1,t22,EPS
Libya,Libya,2050,m9,d1,t23,EPS
Libya,Libya,2050,m9,d1,t24,EPS
Libya,Libya,2050,m9,d1,t3,245.243
Libya,Libya,2050,m9,d1,t4,245.243
Libya,Libya,2050,m9,d1,t5,245.243
Libya,Libya,2050,m9,d1,t6,245.243
Libya,Libya,2050,m9,d1,t7,50.99999999999999
Libya,Libya,2050,m9,d1,t8,EPS
Libya,Libya,2050,m9,d1,t9,EPS
