{"type":"FeatureCollection","name":"eapp_zones","source":"World Bank GAD, artifact wb_boundaries_20260820","crs":{"type":"name","properties":{"name":"urn:ogc:def:crs:OGC:1.3:CRS84"}},"features":[{"type":"Feature","properties":{"ADMIN":"Burundi","ISO_A3":"BDI","admin_source":"World Bank Official Boundaries, artifact wb_boundaries_20260820"},"geometry":{"type":"Polygon","coordinates":[[[30.554499999999997,-2.4006999973330507],[30.521700000000003,-2.3993999973344566],[30.488600000000005,-2.3837999973515815],[30.434299999999997,-2.339299997400372],[30.4285,-2.3314999974089807],[30.4231,-2.317399997424419],[30.4184,-2.3118999974304937],[30.41519999999999,-2.3131999974290505],[30.3835,-2.3055999974373753],[30.378499999999995,-2.303099997440133],[30.3626,-2.307899997434883],[30.331299999999995,-2.3402999973992946],[30.316900000000004,-2.347599997391298],[30.297800000000002,-2.3537999973844532],[30.2787,-2.3576999973802257],[30.2629,-2.358399997379461],[30.2503,-2.3556999973824193],[30.218999999999998,-2.3404999973991014],[30.207499999999992,-2.339299997400372],[30.2039,-2.3460999973929177],[30.203499999999995,-2.3553999973827215],[30.201299999999993,-2.362399997375048],[30.1563,-2.419099997312834],[30.1391,-2.430899997299939],[30.116699999999994,-2.4315999972991653],[30.0937,-2.422599997308997],[30.0728,-2.4088999973240246],[30.0566,-2.394399997339941],[30.025700000000004,-2.357799997380077],[30.0134,-2.3483999973904335],[30.0019,-2.3443999973947767],[29.975999999999996,-2.3437999973954686],[29.95,-2.321199997420245],[29.9418,-2.3165999974252958],[29.931699999999992,-2.3169999974248747],[29.92879999999999,-2.3225999974187217],[29.922299999999993,-2.3829999973524396],[29.929500000000004,-2.459799997268255],[29.907899999999994,-2.5353999971854937],[29.90319999999999,-2.6491999970611184],[29.897799999999993,-2.671199997037072],[29.8885,-2.6929999970132905],[29.876199999999997,-2.7135999969908413],[29.862899999999996,-2.7316999969711024],[29.8424,-2.752499996948435],[29.823700000000002,-2.7634999969364435],[29.8035,-2.7673999969322143],[29.778699999999994,-2.766699996932972],[29.756400000000003,-2.759899996940398],[29.74479999999999,-2.7600999969401396],[29.737299999999994,-2.7693999969299963],[29.734000000000005,-2.7902999969072537],[29.729699999999998,-2.7995999968971192],[29.720000000000002,-2.805599996890585],[29.6977,-2.8082999968876683],[29.678599999999996,-2.8053999968908108],[29.626400000000004,-2.7880999969096782],[29.619199999999996,-2.7876999969100993],[29.589300000000005,-2.798399996898422],[29.574200000000005,-2.8061999968899363],[29.5638,-2.8056999968904646],[29.5418,-2.808599996887328],[29.523099999999996,-2.8204999968743762],[29.503999999999998,-2.826899996867431],[29.481,-2.81369999688179],[29.4255,-2.803399996893001],[29.40749999999999,-2.805599996890585],[29.3643,-2.8241999968703517],[29.3398,-2.826499996867874],[29.330800000000004,-2.807399996888626],[29.32979999999999,-2.794999996902146],[29.3204,-2.774199996924816],[29.318199999999997,-2.762699996937302],[29.321499999999997,-2.752199996948755],[29.335200000000004,-2.7351999969672685],[29.3377,-2.7238999969796325],[29.331600000000005,-2.711399996993232],[29.3096,-2.6910999970153777],[29.306,-2.6765999970312295],[29.306699999999996,-2.660199997049118],[29.294499999999992,-2.6511999970589333],[29.276099999999996,-2.640699997070402],[29.2549,-2.6355999970759427],[29.212799999999998,-2.6302999970817686],[29.1904,-2.6235999970890553],[29.129600000000003,-2.597099997118027],[29.1134,-2.594599997120764],[29.0551,-2.5984999971165186],[29.0324,-2.6206999970922498],[29.015499999999996,-2.7206999969831034],[29.028399999999998,-2.7448999969567365],[29.0083,-2.747499996953886],[28.995699999999996,-2.7584999969419113],[28.988800000000005,-2.775499996923367],[28.98699999999999,-2.796899996900056],[28.995000000000005,-2.81369999688179],[29.013,-2.8188999968761403],[29.0342,-2.820899996873934],[29.049000000000003,-2.8274999968667682],[29.0536,-2.835499996858051],[29.062599999999993,-2.862299996828901],[29.077400000000004,-2.883999996805276],[29.081699999999994,-2.893999996794437],[29.083199999999998,-2.9100999967769283],[29.089599999999994,-2.926099996759543],[29.105099999999997,-2.9341999967507704],[29.123499999999993,-2.9401999967442416],[29.1382,-2.950399996733138],[29.144399999999994,-2.9662999967159105],[29.148300000000003,-2.9869999966934326],[29.156599999999997,-3.004899996674063],[29.175999999999995,-3.0124999966657695],[29.194399999999998,-3.0146999966634],[29.211699999999993,-3.021199996656358],[29.2254,-3.0317999966448492],[29.234699999999993,-3.046599996628821],[29.242299999999997,-3.1107999965593263],[29.237599999999997,-3.122299996546892],[29.224999999999994,-3.129399996539199],[29.2174,-3.1462999965209284],[29.2142,-3.1664999964990983],[29.216699999999992,-3.2331999964270928],[29.223900000000004,-3.2527999964059084],[29.240800000000004,-3.2663999963912325],[29.2131,-3.2919999963636633],[29.208799999999997,-3.305299996349317],[29.206599999999998,-3.3344999963178723],[29.224999999999994,-3.588699996044973],[29.223199999999995,-3.6670999959611805],[29.206599999999998,-3.78199999583865],[29.214899999999993,-3.8998999957132625],[29.2246,-3.9264999956850346],[29.2398,-3.9480999956621154],[29.2776,-3.9890999956186772],[29.3395,-4.093299995508487],[29.372599999999995,-4.208199995387316],[29.404300000000003,-4.449899995133867],[29.638299999999997,-4.446899995136989],[29.687599999999993,-4.458499995124885],[29.728299999999997,-4.461599995121651],[29.733,-4.463299995119839],[29.744499999999995,-4.454499995129086],[29.7517,-4.416099995169227],[29.757799999999996,-4.410199995175381],[29.7751,-4.402399995183558],[29.7801,-4.393799995192528],[29.782299999999996,-4.377499995209586],[29.784100000000002,-4.373899995213379],[29.8003,-4.363999995223724],[29.811099999999996,-4.36529999522239],[29.821900000000003,-4.370699995216727],[29.838399999999996,-4.373599995213694],[29.8474,-4.370599995216802],[29.9004,-4.345699995242907],[29.936399999999995,-4.312099995278166],[30.003000000000004,-4.271999995320266],[30.01559999999999,-4.2560999953369585],[30.041099999999993,-4.195099995401148],[30.051599999999993,-4.180299995416722],[30.1196,-4.123599995476499],[30.1499,-4.08679999551535],[30.1733,-4.046299995558127],[30.19129999999999,-4.002499995604478],[30.208899999999993,-3.930499995680777],[30.220799999999997,-3.91009999570245],[30.273299999999995,-3.8562999957595596],[30.311900000000005,-3.789999995830098],[30.3371,-3.77379999584736],[30.38169999999999,-3.788399995831791],[30.38489999999999,-3.7707999958505205],[30.382099999999994,-3.75519999586718],[30.372,-3.7229999959015254],[30.373099999999994,-3.703599995922224],[30.38029999999999,-3.685699995941314],[30.4213,-3.620899996010532],[30.4289,-3.6022999960304394],[30.429199999999994,-3.583899996050103],[30.4267,-3.5638999960715303],[30.4325,-3.5518999960843844],[30.460200000000004,-3.5319999961057365],[30.466299999999993,-3.5160999961227506],[30.4688,-3.5130999961259772],[30.4857,-3.5104999961287446],[30.487499999999994,-3.5107999961284215],[30.487900000000003,-3.5126999961264054],[30.5073,-3.5110999961280958],[30.511699999999998,-3.497799996142377],[30.545099999999998,-3.4891999961515774],[30.5531,-3.4822999961589893],[30.566,-3.466699996175747],[30.612799999999993,-3.4449999961990425],[30.639099999999992,-3.4194999962264285],[30.6405,-3.3928999962550193],[30.603500000000004,-3.3725999962768336],[30.621800000000004,-3.3504999963006634],[30.6405,-3.332899996319607],[30.6625,-3.319299996334223],[30.689900000000005,-3.308899996345438],[30.7021,-3.307499996346957],[30.712200000000003,-3.301899996352945],[30.7183,-3.2928999963626735],[30.7215,-3.2809999963754874],[30.747800000000005,-3.294099996361365],[30.775499999999997,-3.2909999963647394],[30.799699999999994,-3.274699996382298],[30.8148,-3.2477999964112927],[30.809399999999993,-3.2168999964446634],[30.8234,-3.196699996466479],[30.832099999999993,-3.172799996492302],[30.833899999999993,-3.160299996505807],[30.8328,-3.1477999965193195],[30.828799999999998,-3.1405999965271216],[30.815899999999996,-3.1309999965374518],[30.812300000000004,-3.1235999965454635],[30.818,-3.1043999965662317],[30.817699999999995,-3.099099996571984],[30.807899999999997,-3.0853999965868404],[30.7831,-3.0621999966119033],[30.7784,-3.047399996627954],[30.7849,-3.03149999664522],[30.815899999999996,-2.99589999668382],[30.825600000000005,-2.978599996702568],[30.802200000000003,-2.9784999967026478],[30.755399999999998,-2.9914999966885922],[30.732,-2.993499996686399],[30.718999999999994,-2.98959999669061],[30.696,-2.97459999670694],[30.683699999999995,-2.969999996711898],[30.6715,-2.9708999967109353],[30.651,-2.9774999967037465],[30.63769999999999,-2.974399996707103],[30.634800000000002,-2.970199996711692],[30.632299999999994,-2.9537999967294883],[30.629400000000004,-2.9476999967361044],[30.6121,-2.939199996745308],[30.546899999999997,-2.9004999967873513],[30.539000000000005,-2.898999996789012],[30.525,-2.9041999967833325],[30.513100000000005,-2.9140999967726127],[30.4933,-2.941199996743148],[30.488600000000005,-2.9434999967406883],[30.484299999999994,-2.9307999967544505],[30.475300000000004,-2.922199996763803],[30.4695,-2.914199996772479],[30.4742,-2.903299996784343],[30.455899999999993,-2.8982999967897562],[30.440699999999996,-2.883999996805276],[30.4159,-2.8516999968404337],[30.4137,-2.834499996859149],[30.4253,-2.8121999968834226],[30.446900000000003,-2.782799996915414],[30.44719999999999,-2.757399996943088],[30.450499999999995,-2.741899996959982],[30.458699999999993,-2.728699996974358],[30.515999999999995,-2.668299997040283],[30.522499999999997,-2.6494999970607815],[30.499799999999997,-2.657899997051611],[30.463800000000003,-2.6741999970337917],[30.442499999999995,-2.6811999970262006],[30.4231,-2.6808999970265357],[30.412300000000002,-2.6701999970382],[30.4159,-2.6455999970650286],[30.424200000000003,-2.633299997078503],[30.4479,-2.6104999971033678],[30.457699999999992,-2.598099997116914],[30.462000000000003,-2.587499997128543],[30.4703,-2.555899997163083],[30.5081,-2.4635999972641085],[30.521399999999993,-2.4423999972872994],[30.554499999999997,-2.4006999973330507]]]}},{"type":"Feature","properties":{"ADMIN":"Djibouti","ISO_A3":"DJI","admin_source":"World Bank Official Boundaries, artifact wb_boundaries_20260820"},"geometry":{"type":"Polygon","coordinates":[[[43.240899999999996,11.487899988930968],[43.226499999999994,11.501899988921533],[43.1952,11.518299988910499],[43.184,11.526499988904991],[43.17209999999999,11.542799988894004],[43.1577,11.601299988854828],[43.152,11.611799988847817],[43.1412,11.608599988849981],[43.13359999999999,11.595299988858844],[43.1232,11.581399988868132],[43.10339999999999,11.576999988871096],[43.08180000000001,11.589599988862672],[43.062,11.590199988862258],[43.040399999999984,11.585899988865128],[42.8751,11.583699988866616],[42.8669,11.587599988864017],[42.8557,11.595799988858504],[42.8474,11.592799988860536],[42.8395,11.584499988866078],[42.82909999999999,11.576999988871096],[42.8075,11.571299988874888],[42.739799999999995,11.563399988880214],[42.6941,11.545999988891866],[42.674299999999995,11.532099988901201],[42.6653,11.515599988912307],[42.67029999999998,11.50989998891615],[42.6807,11.504699988919672],[42.6876,11.497199988924685],[42.6818,11.484599988933232],[42.6725,11.479699988936538],[42.6447,11.488299988930706],[42.6336,11.484899988933018],[42.6177,11.47029998894287],[42.60369999999999,11.467799988944575],[42.591499999999996,11.472499988941411],[42.5717,11.490399988929308],[42.5389,11.5029999889208],[42.533100000000005,11.523499988906991],[42.5324,11.548499988890166],[42.528099999999995,11.570299988875583],[42.5151,11.56709998887771],[42.5151,11.57419998887298],[42.527,11.582499988867388],[42.5486,11.583899988866445],[42.55399999999999,11.580299988868886],[42.56340000000001,11.56709998887771],[42.5691,11.563399988880214],[42.5774,11.562399988880879],[42.60369999999999,11.563399988880214],[42.6278,11.559099988883068],[42.6368,11.559599988882736],[42.668099999999995,11.568599988876716],[42.677499999999995,11.57369998887331],[42.68399999999999,11.582299988867527],[42.7542,11.707999988783993],[42.77719999999999,11.73229998876797],[42.80349999999999,11.747999988757632],[42.8964,11.780699988736204],[42.9155,11.783699988734197],[42.9425,11.77379998874071],[42.9576,11.780499988736306],[42.9723,11.790799988729596],[42.9867,11.796099988726084],[43.0415,11.79849998872453],[43.0555,11.803499988721269],[43.0609,11.809599988717288],[43.0649,11.823399988708257],[43.0692,11.830299988703755],[43.0973,11.84459998869447],[43.1739,11.935099988635836],[43.2067,11.95779998862125],[43.22539999999999,11.962799988617995],[43.2683,11.963799988617373],[43.2884,11.967399988615066],[43.3158,11.98109998860627],[43.3503,11.98799998860186],[43.376999999999995,12.004899988591026],[43.39889999999999,12.029499988575315],[43.4133,12.059299988556326],[43.418699999999994,12.091199988536063],[43.4115,12.166599988488509],[43.41439999999999,12.224899988451996],[43.4115,12.241699988441505],[43.3741,12.292999988409619],[43.367999999999995,12.306899988401058],[43.3647,12.327199988388497],[43.3637,12.365199988365106],[43.3604,12.382999988354172],[43.3363,12.419899988331581],[43.3313,12.436699988321363],[43.329499999999996,12.453499988311139],[43.329499999999996,12.48869998828978],[43.3129,12.477699988296449],[43.297399999999996,12.48199998829384],[43.283399999999986,12.49649998828505],[43.2596,12.533399988262769],[43.161699999999996,12.64269998819731],[43.15129999999999,12.659799988187164],[43.143299999999996,12.679499988175492],[43.13400000000001,12.697199988165016],[43.1178,12.707799988158797],[42.900299999999994,12.616399988213],[42.8903,12.615399988213618],[42.8777,12.62509998820784],[42.8687,12.626099988207232],[42.85210000000001,12.611699988215792],[42.8287,12.55759998824821],[42.7851,12.517199988272523],[42.7887,12.487499988290493],[42.7981,12.456099988309525],[42.7923,12.429199988325948],[42.7797,12.422599988329926],[42.7499,12.41699998833336],[42.7412,12.40799998833888],[42.72789999999999,12.38889998835056],[42.6915,12.378799988356723],[42.67819999999999,12.360099988368232],[42.52159999999999,12.496199988285218],[42.4755,12.51639998827302],[42.448499999999996,12.523399988268801],[42.4309,12.520399988270624],[42.379400000000004,12.465799988303655],[42.3193,12.38639998835209],[42.288700000000006,12.320999988392327],[42.1555,12.142299988503789],[42.140399999999985,12.105799988526844],[42.13249999999999,12.093499988534615],[42.1087,12.08219998854177],[42.0975,12.070199988549394],[42.0572,11.996299988596528],[41.9363,11.827399988705679],[41.92549999999999,11.816399988712845],[41.9114,11.80599998871964],[41.8862,11.795999988726182],[41.87789999999999,11.790099988730043],[41.87219999999999,11.775899988739315],[41.8621,11.763099988747742],[41.82289999999999,11.746199988758834],[41.808099999999996,11.736299988765355],[41.792300000000004,11.704499988786305],[41.7786,11.628699988836571],[41.7491,11.537899988897319],[41.74979999999999,11.483399988934046],[41.7757,11.368399989012165],[41.7879,11.259699989086883],[41.78540000000001,11.067399989220984],[41.77929999999999,11.024599989251152],[41.7613,10.996099989271325],[41.7739,10.980099989282651],[41.7987,10.970699989289333],[41.9168,10.947099989306128],[41.9229,10.935999989314004],[41.92869999999999,10.93099998931758],[41.9377,10.92989998931835],[41.9474,10.938499989312216],[41.954299999999996,10.941299989310258],[42.010799999999996,10.943599989308597],[42.03849999999999,10.950499989303712],[42.0695,10.981499989281692],[42.09609999999999,10.990299989275439],[42.15120000000001,10.996099989271325],[42.20269999999999,10.984599989279465],[42.22169999999999,10.984399989279595],[42.23509999999999,10.987699989277273],[42.2707,11.003599989266014],[42.30599999999999,11.004599989265316],[42.3384,11.015499989257597],[42.3611,11.011899989260131],[42.37649999999999,11.006699989263833],[42.3917,11.00589998926436],[42.41330000000001,11.01589998925731],[42.479899999999994,11.059099989226834],[42.5699,11.086199989207763],[42.6156,11.089699989205284],[42.6865,11.07299998921703],[42.71029999999999,11.072099989217667],[42.7297,11.064999989222647],[42.75489999999999,11.01059998926106],[42.7718,10.996399989271124],[42.7941,10.99159998927452],[42.8355,10.987399989277469],[42.859999999999985,10.980399989282434],[42.8733,10.978299989283935],[42.888099999999994,10.98359998928018],[42.898199999999996,10.99569998927162],[42.90829999999999,11.0041999892656],[42.9237,10.998899989269319],[43.240899999999996,11.487899988930968]]]}},{"type":"Feature","properties":{"ADMIN":"Egypt","ISO_A3":"EGY","admin_source":"World Bank Official Boundaries, artifact wb_boundaries_20260820"},"geometry":{"type":"MultiPolygon","coordinates":[[[[34.825500000000005,29.42859998791414],[34.833099999999995,29.42619998791309],[34.832699999999996,29.421199987910956],[34.824099999999994,29.417499987909366],[34.81759999999999,29.412199987907055],[34.8151,29.4064999879046],[34.81909999999999,29.4006999879021],[34.8097,29.39919998790144],[34.804999999999986,29.39639998790022],[34.8061,29.39259998789856],[34.8122,29.387699987896443],[34.8007,29.37799998789229],[34.7777,29.346099987878496],[34.757099999999994,29.332999987872856],[34.74989999999999,29.32119998786782],[34.744899999999994,29.315899987865546],[34.7366,29.311299987863553],[34.7366,29.30509998786089],[34.7453,29.291399987855012],[34.742,29.277099987848864],[34.7341,29.26319998784291],[34.72910000000001,29.2504999878375],[34.72910000000001,29.19899998781551],[34.723699999999994,29.18669998781027],[34.70029999999999,29.1702999878033],[34.6949,29.164499987800806],[34.6938,29.15039998779486],[34.6902,29.13459998778815],[34.6837,29.11909998778158],[34.6747,29.106499987776225],[34.6769,29.094899987771335],[34.6747,29.034399987745758],[34.6765,29.02479998774176],[34.6866,29.012499987736586],[34.6887,29.00049998773155],[34.68589999999999,28.988699987726587],[34.6783,28.983199987724266],[34.66929999999999,28.98009998772297],[34.64659999999999,28.967399987717638],[34.64339999999999,28.96209998771542],[34.6401,28.948799987709826],[34.6459,28.922299987698786],[34.64699999999999,28.862899987674044],[34.6203,28.845899987666982],[34.6203,28.839599987664375],[34.6265,28.816999987654977],[34.6265,28.80239998764894],[34.6203,28.790699987644135],[34.6272,28.782499987640723],[34.6333,28.77079998763588],[34.62429999999999,28.765299987633618],[34.6229,28.75989998763143],[34.6268,28.74659998762591],[34.6247,28.735999987621582],[34.6153,28.72429998761677],[34.6077,28.7014999876074],[34.5843,28.672299987595405],[34.5703,28.6261999875766],[34.53,28.572699987554792],[34.5163,28.53899998754116],[34.5152,28.53749998754056],[34.5105,28.538099987540782],[34.523500000000006,28.507299987528327],[34.5116,28.487899987520496],[34.488899999999994,28.472799987514414],[34.4691,28.45539998750742],[34.472699999999996,28.452799987506342],[34.4753,28.447899987504393],[34.4616,28.442099987502026],[34.4544,28.428899987496735],[34.44499999999999,28.38449998747897],[34.4411,28.3734999874746],[34.4295,28.35679998746792],[34.4274,28.35619998746771],[34.4245,28.344799987463134],[34.4101,28.319999987453297],[34.4069,28.308099987448532],[34.4079,28.291199987441836],[34.4108,28.27819998743669],[34.4205,28.25619998742799],[34.4205,28.249999987425554],[34.413,28.233099987418846],[34.421299999999995,28.218299987413058],[34.434200000000004,28.20449998740762],[34.4432,28.188299987401262],[34.4526,28.180499987398168],[34.45549999999999,28.174899987396003],[34.45510000000001,28.167499987393082],[34.44859999999999,28.157299987389095],[34.4479,28.144699987384147],[34.4385,28.10959998737045],[34.426700000000004,28.08159998735953],[34.44389999999999,28.05349998734863],[34.4274,27.983099987321435],[34.4349,27.975699987318542],[34.409,27.97209998731717],[34.40069999999999,27.968799987315908],[34.3899,27.94529998730687],[34.377,27.938199987304152],[34.3709,27.92369998729858],[34.3626,27.920399987297305],[34.331300000000006,27.914199987294964],[34.3334,27.90909998729299],[34.33879999999999,27.90669998729207],[34.331300000000006,27.891499987286263],[34.3208,27.861299987274744],[34.3115,27.85199998727122],[34.3046,27.85199998727122],[34.30140000000001,27.857299987273247],[34.2931,27.85989998727421],[34.28629999999998,27.864499987275998],[34.2794,27.858299987273593],[34.2726,27.83619998726521],[34.2636,27.82489998726091],[34.27190000000001,27.81249998725623],[34.259299999999996,27.80179998725216],[34.2395,27.794199987249275],[34.2261,27.79119998724817],[34.2143,27.79149998724827],[34.22109999999999,27.769899987240112],[34.2575,27.76959998723998],[34.2575,27.76329998723761],[34.2499,27.76329998723761],[34.2499,27.756599987235113],[34.2585,27.747899987231808],[34.2636,27.73609998722737],[34.2499,27.742899987229897],[34.2513,27.73729998722781],[34.2575,27.73609998722737],[34.2575,27.728699987224623],[34.2499,27.728699987224623],[34.2449,27.737399987227885],[34.2276,27.758299987235734],[34.2085,27.77609998724245],[34.1999,27.78219998724477],[34.1898,27.786799987246457],[34.174699999999994,27.79119998724817],[34.07849999999999,27.80069998725174],[34.05440000000001,27.81459998725701],[33.9875,27.886699987284434],[33.982399999999984,27.889999987285695],[33.97379999999999,27.889299987285433],[33.9169,27.935799987303216],[33.9039,27.941899987305554],[33.891,27.942599987305844],[33.8795,27.934599987302786],[33.865399999999994,27.96139998731305],[33.85889999999999,27.955199987310678],[33.84989999999999,27.96479998731436],[33.815,27.99109998732449],[33.8042,27.996199987326456],[33.7938,28.01319998733304],[33.7869,28.017999987334896],[33.779,28.020899987335984],[33.76349999999999,28.02409998733723],[33.76389999999999,28.049099987346917],[33.716,28.07529998735712],[33.7157,28.09299998736401],[33.70129999999999,28.10389998736824],[33.6843,28.12439998737622],[33.67249999999999,28.14599998738469],[33.67459999999999,28.160599987390395],[33.6624,28.168899987393644],[33.6602,28.174899987396003],[33.6541,28.174899987396003],[33.6541,28.167499987393082],[33.646499999999996,28.167499987393082],[33.6347,28.18129998739851],[33.6181,28.233299987418963],[33.6127,28.240699987421856],[33.6055,28.236299987420136],[33.5979,28.249699987425455],[33.57449999999999,28.28079998743773],[33.5648,28.29709998744419],[33.4338,28.366499987471805],[33.42769999999999,28.37699998747597],[33.4233,28.3781999874765],[33.400299999999994,28.414499987490984],[33.3809,28.43029998749733],[33.369,28.442399987502167],[33.369,28.447899987504393],[33.3053,28.489699987521206],[33.294799999999995,28.499499987525184],[33.2873,28.515199987531524],[33.279,28.52759998753653],[33.267799999999994,28.53899998754116],[33.2563,28.544199987543234],[33.2624,28.551699987546257],[33.2624,28.544199987543234],[33.2696,28.544199987543234],[33.2628,28.577199987556632],[33.2462,28.579599987557632],[33.23760000000001,28.566099987552143],[33.2563,28.551699987546257],[33.2394,28.556699987548324],[33.2286,28.56939998755349],[33.2232,28.58789998756096],[33.218899999999984,28.628099987577322],[33.2127,28.64499998758424],[33.1947,28.67519998759659],[33.2048,28.69509998760476],[33.2178,28.740999987623606],[33.22819999999999,28.763899987633067],[33.2102,28.7850999876418],[33.2048,28.805299987650173],[33.19760000000001,28.809999987652102],[33.1886,28.812999987653328],[33.181099999999994,28.818599987655663],[33.17459999999999,28.836999987663273],[33.171299999999995,28.881399987681725],[33.167399999999994,28.894299987687102],[33.167399999999994,28.90039998768963],[33.176,28.909699987693504],[33.1775,28.91849998769718],[33.1735,28.941399987706763],[33.1677,28.96109998771499],[33.1659,28.97609998772128],[33.1706,28.98299998772418],[33.1778,28.989599987726958],[33.1706,29.003199987732682],[33.1591,29.014199987737296],[33.153,29.013399987736943],[33.1512,29.024199987741472],[33.1451,29.031799987744687],[33.1364,29.034699987745917],[33.1263,29.03139998774451],[33.11590000000001,29.04309998774947],[33.088899999999995,29.055999987754905],[33.07849999999999,29.064899987758665],[33.061199999999985,29.10139998777406],[33.0403,29.118099987781143],[33.0234,29.140699987790736],[33.00900000000001,29.14739998779356],[33.00289999999999,29.16119998779941],[32.9579,29.202099987816826],[32.94199999999999,29.20669998781877],[32.91969999999999,29.21759998782345],[32.89849999999999,29.23099998782917],[32.8855,29.24319998783438],[32.87539999999999,29.2794999878499],[32.8682,29.29739998785759],[32.8553,29.30509998786089],[32.8459,29.308399987862334],[32.8394,29.316299987865698],[32.8193,29.359099987884125],[32.817499999999995,29.35979998788442],[32.8211,29.396999987900486],[32.8171,29.413999987907836],[32.790499999999994,29.425499987912797],[32.741499999999995,29.455999987926006],[32.7491,29.455999987926006],[32.74549999999999,29.463099987929134],[32.7411,29.46669998793067],[32.7285,29.469699987931968],[32.73539999999999,29.477299987935275],[32.7347,29.48389998793814],[32.7285,29.48389998793814],[32.7213,29.467599987931067],[32.72280000000001,29.460999987928183],[32.7285,29.455999987926006],[32.7149,29.455999987926006],[32.7224,29.49279998794203],[32.7242,29.539599987962394],[32.7123,29.580499987980243],[32.68099999999999,29.59989998798874],[32.68099999999999,29.606199987991495],[32.6868,29.61809998799671],[32.6861,29.632299988002966],[32.6825,29.646999988009426],[32.68099999999999,29.661299988015696],[32.6832,29.676099988022195],[32.6918,29.69649998803117],[32.694,29.70609998803541],[32.6933,29.722899988042812],[32.6907,29.73359998804752],[32.68099999999999,29.75079998805515],[32.656499999999994,29.7770999880668],[32.6529,29.788399988071777],[32.648599999999995,29.79469998807457],[32.6256,29.815299988083687],[32.6043,29.824199988087667],[32.6094,29.83389998809196],[32.6198,29.843199988096103],[32.6256,29.846399988097527],[32.6252,29.874299988109964],[32.61259999999999,29.89369998811857],[32.5716,29.928899988134326],[32.5806,29.934099988136644],[32.584199999999996,29.938699988138662],[32.5835,29.943399988140797],[32.57769999999999,29.948799988143225],[32.5856,29.95259998814491],[32.57769999999999,29.95629998814657],[32.561499999999995,29.976499988155624],[32.566199999999995,29.980999988157613],[32.57769999999999,29.983599988158772],[32.5755,29.997099988164877],[32.57769999999999,30.011499988171312],[32.5716,30.011499988171312],[32.55859999999999,29.987199988160405],[32.55749999999999,29.976499988155624],[32.5601,29.968599988152064],[32.5705,29.955799988146357],[32.5716,29.94249998814042],[32.564,29.94249998814042],[32.5619,29.955299988146116],[32.55389999999999,29.9620999881492],[32.5428,29.962599988149424],[32.5302,29.95629998814657],[32.5136,29.961599988148958],[32.49379999999999,29.950699988144077],[32.4769,29.93219998813578],[32.4679,29.915199988128176],[32.4668,29.896899988120015],[32.472899999999996,29.88199998811339],[32.486999999999995,29.87159998810874],[32.509699999999995,29.866799988106628],[32.4917,29.854099988100977],[32.4081,29.751899988055598],[32.4031,29.744099988052167],[32.392999999999994,29.734499988047943],[32.363899999999994,29.68819998802749],[32.3581,29.671899988020357],[32.35739999999999,29.630599988002178],[32.351600000000005,29.61369998799478],[32.3376,29.59989998798874],[32.3376,29.592499987985473],[32.3484,29.585099987982222],[32.3595,29.571299987976232],[32.3685,29.557299987970115],[32.376799999999996,29.536099987960842],[32.3876,29.525699987956344],[32.4387,29.496799987943742],[32.451299999999996,29.487299987939608],[32.4974,29.440099987919115],[32.5287,29.423599987912002],[32.556799999999996,29.397899987900896],[32.58129999999999,29.36909998788845],[32.5914,29.34949998788002],[32.5953,29.324899987869408],[32.6054,29.291999987855284],[32.6187,29.261199987842062],[32.63239999999999,29.24319998783438],[32.62879999999999,29.218999987824038],[32.6591,29.11079998777808],[32.6598,29.089199987768904],[32.654,29.080899987765367],[32.6443,29.07289998776201],[32.6389,29.06139998775714],[32.6281,29.057099987755336],[32.62489999999999,29.04829998775166],[32.63239999999999,29.037699987747196],[32.6274,29.00789998773465],[32.6256,28.9726999877199],[32.6321,28.961999987715387],[32.6627,28.93409998770375],[32.673500000000004,28.92159998769851],[32.67669999999999,28.910999987694083],[32.6774,28.890899987685682],[32.68099999999999,28.880499987681347],[32.70329999999999,28.85879998767234],[32.707699999999996,28.856399987671356],[32.7491,28.804799987649943],[32.7847,28.799399987647732],[32.807,28.77819998763893],[32.820699999999995,28.747899987626457],[32.8653,28.599599987565732],[32.8689,28.578999987557385],[32.8797,28.57539998755592],[32.9273,28.551699987546257],[32.95139999999999,28.531099987537957],[32.9636,28.51779998753254],[32.973,28.49989998752531],[32.9939,28.49429998752308],[33.00289999999999,28.48959998752117],[33.0129,28.463099987510525],[33.0417,28.414199987490868],[33.05069999999999,28.406999987487993],[33.0511,28.402599987486226],[33.0432,28.400899987485513],[33.0875,28.36869998747268],[33.1065,28.34719998746412],[33.10549999999999,28.325699987455526],[33.113,28.319999987453297],[33.11990000000001,28.308799987448825],[33.1263,28.287499987440395],[33.130700000000004,28.284199987439084],[33.153,28.25619998742799],[33.2005,28.211399987410346],[33.212,28.189899987401887],[33.233599999999996,28.18029998739808],[33.2419,28.174899987396003],[33.2469,28.161599987390797],[33.2462,28.150599987386478],[33.2495,28.142999987383497],[33.266,28.140099987382357],[33.283300000000004,28.132399987379355],[33.316399999999994,28.096499987365345],[33.338,28.085499987361068],[33.3369,28.07919998735862],[33.338,28.064999987353087],[33.3362,28.056799987349912],[33.3438,28.05069998734752],[33.3557,28.04809998734655],[33.366099999999996,28.05069998734752],[33.37469999999999,28.0358999873418],[33.396699999999996,28.02729998733848],[33.4417,28.01659998733436],[33.5126,27.959099987312193],[33.5353,27.916399987295797],[33.5475,27.90669998729207],[33.5544,27.89659998728823],[33.5763,27.850499987270634],[33.5785,27.8322999872637],[33.5832,27.824599987260786],[33.5871,27.805099987253396],[33.5922,27.797499987250557],[33.5922,27.79119998724817],[33.5717,27.79119998724817],[33.5601,27.813399987256556],[33.5364,27.82609998726137],[33.5097,27.834999987264734],[33.4889,27.845899987268904],[33.482,27.845899987268904],[33.4734,27.823299987260295],[33.4755,27.815999987257566],[33.482,27.804999987253368],[33.5011,27.787499987246765],[33.51189999999999,27.775199987242097],[33.5162,27.759999987236345],[33.52269999999999,27.751999987233344],[33.5515,27.761599987236952],[33.558,27.759999987236345],[33.5565,27.746299987231207],[33.5526,27.73199998722585],[33.54569999999999,27.718499987220753],[33.536699999999996,27.70809998721687],[33.5504,27.695099987211982],[33.568400000000004,27.683299987207555],[33.5749,27.681499987206884],[33.587499999999984,27.658999987198484],[33.5922,27.6535999871965],[33.5922,27.646699987193905],[33.58169999999999,27.65459998719684],[33.558,27.681499987206884],[33.5504,27.681499987206884],[33.5504,27.673999987204102],[33.558,27.659699987198728],[33.5504,27.659699987198728],[33.5443,27.679199987206033],[33.5267,27.677599987205436],[33.5072,27.663699987200236],[33.4964,27.646699987193905],[33.5198,27.635799987189856],[33.5364,27.61619998718254],[33.5648,27.571599987166007],[33.56089999999999,27.56529998716368],[33.5583,27.557099987160644],[33.556899999999985,27.54769998715721],[33.558,27.536799987153174],[33.57449999999999,27.525899987149174],[33.6181,27.508199987142632],[33.63289999999999,27.495899987138145],[33.6361,27.486799987134784],[33.6372,27.46479998712674],[33.64040000000001,27.45489998712315],[33.6642,27.430299987114164],[33.67099999999999,27.42039998711054],[33.6775,27.400099987103175],[33.6847,27.355799987087156],[33.69149999999999,27.341899987082076],[33.7247,27.313799987072017],[33.76349999999999,27.290399987063594],[33.8057,27.272199987057036],[33.82549999999999,27.259699987052617],[33.8384,27.242699987046514],[33.8406,27.23209998704276],[33.8384,27.194199987029286],[33.8363,27.19089998702808],[33.826899999999995,27.184199987025718],[33.82469999999999,27.18059998702447],[33.82549999999999,27.174699987022347],[33.83049999999999,27.165999987019294],[33.8327,27.137899987009334],[33.8366,27.120799987003334],[33.8471,27.106999986998506],[33.8661,27.095199986994363],[33.8831,27.080799986989298],[33.9014,27.058799986981622],[33.9086,27.042199986975785],[33.8939,27.04389998697642],[33.8939,27.027899986970823],[33.90109999999999,27.014299986966126],[33.9209,26.98939998695748],[33.9295,26.97419998695221],[33.9421,26.944599986942006],[33.951800000000006,26.930999986937344],[33.9644,26.92189998693416],[33.9911,26.907399986929203],[33.9961,26.896699986925555],[34.0026,26.864899986914654],[34.0037,26.84899998690924],[33.9961,26.837999986905533],[33.9795,26.837099986905212],[33.96869999999999,26.846399986908388],[33.959699999999984,26.84989998690954],[33.948199999999986,26.83109998690319],[33.945699999999995,26.81779998689866],[33.945699999999995,26.800099986892686],[33.94789999999999,26.78249998688674],[33.951800000000006,26.769299986882285],[33.951800000000006,26.743399986873573],[33.932,26.682699986853258],[33.9414,26.65349998684352],[33.9554,26.643099986840078],[33.98779999999999,26.634199986837103],[34.0037,26.62559998683431],[34.0141,26.611699986829695],[34.0238,26.58079998681953],[34.0566,26.542299986806864],[34.0706,26.514999986797964],[34.10479999999999,26.426699986769343],[34.1196,26.400399986760895],[34.14009999999998,26.372299986751898],[34.15339999999999,26.347099986743842],[34.1775,26.31489998673365],[34.2621,26.139499986678697],[34.301,26.087799986662795],[34.33879999999999,26.001799986636616],[34.417699999999996,25.903199986607],[34.4249,25.890199986603086],[34.4346,25.861999986594725],[34.50189999999999,25.771699986568198],[34.5383,25.73579998655775],[34.5465,25.72509998655463],[34.6333,25.56949998651017],[34.64699999999999,25.522099986496844],[34.6715,25.479799986485055],[34.6819,25.428799986470978],[34.69989999999999,25.401099986463382],[34.7435,25.35139998644986],[34.76509999999998,25.296199986434914],[34.79489999999999,25.25439998642376],[34.8068,25.21169998641242],[34.939299999999996,25.003399986358453],[34.942899999999995,24.971299986350314],[34.9537,24.94429998634355],[34.9897,24.905099986333752],[34.99289999999999,24.8866999863292],[34.994,24.849399986320023],[34.99649999999999,24.830599986315416],[35.002300000000005,24.81559998631171],[35.0102,24.80449998630903],[35.0217,24.79519998630674],[35.0376,24.785999986304542],[35.0635,24.764199986299257],[35.0808,24.735499986292336],[35.10419999999999,24.656899986273682],[35.1096,24.6438999862706],[35.14589999999999,24.58589998625708],[35.1603,24.574599986254448],[35.1607,24.55859998625077],[35.14450000000001,24.527699986243675],[35.14450000000001,24.50019998623741],[35.1859,24.48579998623412],[35.2356,24.400199986214922],[35.37060000000001,24.30619998619429],[35.3918,24.282799986189264],[35.4285,24.18609998616868],[35.4559,24.15899998616298],[35.49369999999999,24.108999986152607],[35.5106,24.111199986153085],[35.49369999999999,24.138999986158847],[35.503799999999984,24.14059998615915],[35.52429999999999,24.121399986155197],[35.55199999999999,24.11049998615292],[35.58839999999999,24.07589998614586],[35.6028,24.048099986140173],[35.6053,24.018899986134315],[35.63549999999999,24.00179998613087],[35.666900000000005,24.007399986131965],[35.71759999999999,23.99329998612917],[35.738499999999995,23.983299986127193],[35.7536,23.968599986124254],[35.7749,23.923799986115437],[35.7925,23.902199986111206],[35.7857,23.89299998610944],[35.7705,23.912299986113208],[35.7504,23.93239998611714],[35.73599999999999,23.933099986117277],[35.6845,23.91089998611291],[35.6456,23.92549998611576],[35.627300000000005,23.92849998611634],[35.6136,23.927099986116087],[35.59849999999999,23.92939998611652],[35.5801,23.936199986117884],[35.5617,23.95709998612199],[35.55129999999999,23.960299986122617],[35.5506,23.96539998612362],[35.5351,23.97169998612486],[35.5139,23.976999986125897],[35.5049,23.9708999861247],[35.4912,23.947499986120068],[35.484,23.917799986114243],[35.49079999999999,23.869999986104983],[35.4746,23.797799986091213],[35.4833,23.772399986086466],[35.50160000000001,23.768699986085775],[35.5103,23.756299986083487],[35.5092,23.74159998608074],[35.50589999999998,23.734499986079435],[35.5103,23.683799986070134],[35.50560000000001,23.642399986062607],[35.503799999999984,23.55559998604725],[35.50160000000001,23.53979998604452],[35.4915,23.512099986039676],[35.4894,23.496899986037086],[35.4933,23.482299986034615],[35.502700000000004,23.467099986032004],[35.52429999999999,23.43889998602726],[35.5412,23.409499986022354],[35.5477,23.39389998601974],[35.55129999999999,23.377399986017025],[35.55019999999999,23.330199986009344],[35.5581,23.282099986001665],[35.57469999999999,23.21249998599074],[35.62109999999999,23.1392999859796],[35.6546,23.07369998596987],[35.6679,22.98259998595677],[35.6751,22.966499985954503],[35.69530000000001,22.932099985949733],[35.7371,22.88399998594317],[35.76369999999999,22.870399985941347],[35.7518,22.885999985943457],[35.7234,22.931799985949695],[35.7428,22.931199985949608],[35.7558,22.922199985948374],[35.764399999999995,22.907599985946348],[35.7713,22.89029998594401],[35.78489999999999,22.83319998593642],[35.8011,22.822599985934982],[35.8166,22.7987999859319],[35.84759999999999,22.76289998592728],[35.8861,22.73559998592379],[35.9401,22.716499985921406],[35.943,22.71269998592093],[35.9559,22.70439998591989],[35.9696,22.69789998591908],[35.9844,22.693799985918574],[36.0402,22.690099985918142],[36.12049999999999,22.675599985916385],[36.19789999999999,22.651599985913407],[36.2259,22.635399985911477],[36.2745,22.59229998590637],[36.2904,22.568099985903594],[36.2965,22.521899985898262],[36.313399999999994,22.491599985894876],[36.34329999999999,22.467099985892197],[36.3746,22.445199985889822],[36.4049,22.432799985888465],[36.4016,22.448499985890155],[36.407,22.448499985890155],[36.4283,22.425999985887763],[36.42289999999999,22.397599985884757],[36.4398,22.356299985880433],[36.507799999999996,22.327999985877547],[36.56289999999999,22.296699985874444],[36.6234,22.24939998586985],[36.7137,22.168999985862342],[36.73279999999998,22.15959998586147],[36.7476,22.16089998586163],[36.753299999999996,22.17319998586273],[36.7569,22.176899985863056],[36.764900000000004,22.17489998586288],[36.78209999999999,22.164399985861944],[36.79039999999999,22.157599985861296],[36.7958,22.150699985860676],[36.8095,22.120599985858014],[36.81809999999999,22.108799985857004],[36.833299999999994,22.095699985855845],[36.8718,22.073999985854],[36.8955,22.066099985853352],[36.8991,22.029799985850303],[36.8984,22.017499985849298],[36.8837,21.995699985847562],[31.4354,21.995299985847524],[31.4905,22.14809998586046],[31.491899999999994,22.17319998586273],[31.482899999999994,22.19529998586473],[31.461,22.215399985866615],[31.44259999999999,22.224099985867447],[31.423199999999998,22.226999985867742],[31.404100000000003,22.2236999858674],[31.385399999999997,22.214399985866553],[31.359500000000004,22.187999985864053],[31.261500000000005,22.001699985848052],[31.2486,21.994299985847462],[24.981299999999997,21.995299985847524],[24.981299999999997,29.18139998780801],[24.9745,29.238999987832564],[24.9565,29.292699987855553],[24.8737,29.46839998793143],[24.863999999999994,29.502899987946424],[24.8614,29.541599987963238],[24.870399999999997,29.614099987994926],[24.8708,29.638399988005606],[24.856000000000005,29.679499988023686],[24.804900000000004,29.75479998805688],[24.7981,29.79639998807533],[24.814999999999998,29.848699988098556],[24.816100000000002,29.86839998810731],[24.8118,29.890899988117365],[24.725699999999996,30.078299988201376],[24.6973,30.122699988221413],[24.688299999999995,30.14419998823112],[24.6886,30.182799988248636],[24.704800000000002,30.21789998826454],[24.746199999999998,30.28279998829409],[24.762799999999995,30.31699998830973],[24.7725,30.331099988316144],[24.79949999999999,30.360799988329738],[24.829799999999995,30.387599988342046],[24.888099999999998,30.46439998837732],[24.907499999999995,30.498599988393092],[24.916899999999995,30.532399988408674],[24.9205,30.55229998841792],[24.950699999999998,30.621299988449845],[24.9612,30.676199988475368],[24.9738,30.716299988494075],[24.98849999999999,30.750699988510103],[24.994999999999997,30.785099988526195],[24.981299999999997,30.825499988545122],[24.9378,30.905799988582828],[24.9244,30.956699988606776],[24.889499999999998,31.01879998863615],[24.882699999999996,31.0391999886458],[24.8596,31.145899988696378],[24.8586,31.22789998873543],[24.8485,31.31209998877569],[24.848799999999997,31.348699988793243],[24.861099999999997,31.380299988808396],[25.0238,31.494399988863293],[25.060499999999994,31.579399988904356],[25.0882,31.613599988920917],[25.150899999999993,31.656499988941718],[25.1494,31.648899988938023],[25.161699999999996,31.583499988906357],[25.1728,31.551599988890906],[25.190799999999992,31.53139998888113],[25.2124,31.52639998887875],[25.2636,31.523699988877425],[25.302099999999996,31.506499988869148],[25.322599999999998,31.506399988869077],[25.3683,31.512299988871924],[25.3896,31.505099988868473],[25.4018,31.50329998886761],[25.4202,31.512299988871924],[25.444999999999997,31.517699988874554],[25.4738,31.52059998887597],[25.636499999999998,31.56079998889539],[25.824100000000005,31.614999988921586],[25.868699999999997,31.620899988924446],[25.9666,31.6165999889224],[26.3623,31.521999988876626],[26.6506,31.488799988860585],[26.667199999999998,31.480899988856816],[26.683,31.47619998885455],[26.7331,31.47919998885596],[26.753199999999996,31.477499988855165],[26.824899999999996,31.44789998884091],[26.865599999999997,31.43689998883561],[26.9116,31.436599988835447],[26.948,31.4482999888411],[26.965599999999995,31.44969998884175],[26.982599999999998,31.4399999888371],[26.9966,31.428699988831678],[27.0067,31.425099988829928],[27.027200000000004,31.42229998882857],[27.054199999999998,31.408699988822047],[27.117200000000004,31.39049998881329],[27.1852,31.38429998881033],[27.210099999999997,31.37819998880737],[27.226299999999995,31.36769998880238],[27.2421,31.377299988806946],[27.246099999999995,31.381299988808895],[27.258,31.379999988808247],[27.3206,31.38099998880872],[27.334599999999995,31.37519998880596],[27.342199999999995,31.368299988802633],[27.34,31.360999988799104],[27.342199999999995,31.353999988795778],[27.3498,31.341299988789668],[27.3544,31.335799988787063],[27.3624,31.33049998878451],[27.363800000000005,31.315499988777333],[27.3735,31.298499988769183],[27.3836,31.26859998875486],[27.393699999999995,31.25469998874826],[27.417399999999997,31.23719998873989],[27.4462,31.223199988733203],[27.4779,31.213899988728777],[27.540599999999998,31.205699988724856],[27.5654,31.196999988720712],[27.587700000000005,31.19309998871884],[27.61,31.203199988723636],[27.660400000000003,31.18029998871277],[27.7195,31.189299988717057],[27.8358,31.237899988740228],[27.853,31.24039998874139],[27.8631,31.233599988738174],[27.868499999999997,31.21949998873147],[27.87,31.199899988722077],[27.890500000000003,31.155499988700978],[27.894399999999994,31.122599988685284],[27.897,31.114399988681424],[27.9268,31.099099988674137],[27.975099999999994,31.0930999886713],[28.154699999999995,31.093399988671464],[28.1662,31.09079998867021],[28.191400000000005,31.073499988662],[28.203699999999998,31.07049998866059],[28.233600000000003,31.073499988662],[28.256199999999996,31.071399988661046],[28.299099999999992,31.062099988656602],[28.3185,31.05979998865556],[28.338699999999996,31.064199988657613],[28.382199999999997,31.08279998866639],[28.404899999999998,31.086499988668177],[28.424399999999995,31.083499988666766],[28.442399999999996,31.076399988663393],[28.4578,31.066899988658907],[28.469699999999996,31.055999988653703],[28.478400000000004,31.05189998865175],[28.514,31.052299988651992],[28.527699999999996,31.050199988650977],[28.555,31.038699988645494],[28.7325,30.984099988619743],[28.7682,30.966699988611534],[28.787600000000005,30.959699988608193],[28.812099999999997,30.956699988606776],[28.8182,30.951199988604188],[28.825,30.924499988591624],[28.829000000000004,30.91519998858723],[28.835800000000003,30.9107999885852],[28.8542,30.9058999885829],[29.028100000000002,30.82709998854586],[29.189399999999992,30.83319998854875],[29.218900000000005,30.838099988551036],[29.503299999999992,30.956699988606776],[29.5562,30.990899988622942],[29.603700000000003,31.012099988632965],[29.6185,31.029299988641064],[29.766100000000005,31.121599988684842],[29.781599999999997,31.147899988697315],[29.809299999999997,31.142299988694695],[29.838399999999996,31.154199988700356],[29.8845,31.189599988717163],[29.87549999999999,31.200899988722615],[29.863600000000005,31.19639998872043],[29.868999999999996,31.206499988725216],[29.877,31.213599988728614],[29.8849,31.213799988728738],[29.890999999999995,31.203199988723636],[29.8982,31.203199988723636],[29.909699999999994,31.21419998872891],[29.956199999999992,31.250099988746037],[29.983199999999993,31.26329998875233],[30.003000000000004,31.287199988763767],[30.0113,31.29259998876636],[30.024899999999995,31.294899988767458],[30.0491,31.31309998877617],[30.041900000000002,31.315499988777333],[30.042200000000005,31.320499988779726],[30.069599999999994,31.33349998878594],[30.066699999999997,31.30489998877222],[30.094800000000003,31.285599988763032],[30.136200000000002,31.274899988757916],[30.1725,31.2713999887562],[30.1643,31.26699998875414],[30.153100000000002,31.255799988748773],[30.1448,31.251699988746786],[30.144099999999998,31.246699988744414],[30.1455,31.24509998874367],[30.151999999999997,31.24409998874319],[30.140100000000004,31.23719998873989],[30.143700000000003,31.229499988736247],[30.1653,31.21679998873014],[30.2067,31.237899988740228],[30.201700000000002,31.226499988734755],[30.207099999999993,31.22089998873212],[30.220399999999994,31.220199988731792],[30.224399999999996,31.226899988735003],[30.254600000000003,31.251699988746786],[30.2575,31.246799988744453],[30.2615,31.24409998874319],[30.267899999999997,31.257399988749558],[30.268699999999992,31.265299988753295],[30.275100000000002,31.265299988753295],[30.2744,31.254499988748154],[30.27659999999999,31.246399988744294],[30.281299999999995,31.24089998874167],[30.2888,31.237899988740228],[30.292800000000003,31.244699988743456],[30.3029,31.2713999887562],[30.287699999999994,31.278299988759514],[30.273299999999995,31.275299988758086],[30.258599999999994,31.268799988754942],[30.2409,31.265299988753295],[30.2409,31.2713999887562],[30.254600000000003,31.2713999887562],[30.254600000000003,31.278299988759514],[30.23839999999999,31.2739999887575],[30.1794,31.2713999887562],[30.1794,31.278299988759514],[30.2165,31.28639998876338],[30.2517,31.303499988771563],[30.312900000000003,31.35059998879415],[30.33449999999999,31.38099998880872],[30.348599999999994,31.421399988828156],[30.352500000000003,31.463199988848274],[30.343899999999998,31.49799998886501],[30.350700000000003,31.49799998886501],[30.355799999999995,31.478799988855776],[30.364799999999992,31.46019998884683],[30.378499999999995,31.44669998884032],[30.3986,31.443399988838713],[30.3705,31.461599988847507],[30.355799999999995,31.491099988861695],[30.362299999999998,31.508699988870188],[30.3986,31.491199988861737],[30.425599999999996,31.473599988853294],[30.456599999999998,31.462799988848072],[30.4926,31.45919998884636],[30.53579999999999,31.46389998884864],[30.676500000000004,31.496199988864152],[30.973900000000004,31.58679998890795],[30.973900000000004,31.579999988904643],[30.958800000000004,31.578099988903745],[30.866300000000003,31.548299988889347],[30.789200000000005,31.510399988871033],[30.735899999999994,31.488799988860585],[30.693499999999997,31.46389998884864],[30.666099999999993,31.456999988845304],[30.6279,31.43429998883437],[30.610699999999998,31.42909998883184],[30.571099999999994,31.426499988830567],[30.5624,31.42229998882857],[30.557699999999997,31.42229998882857],[30.542600000000004,31.40249998881906],[30.542600000000004,31.394899988815382],[30.563099999999995,31.390199988813166],[30.570299999999996,31.390099988813112],[30.5768,31.394899988815382],[30.5837,31.394899988815382],[30.5988,31.38729998881174],[30.626899999999996,31.38859998881236],[30.653900000000004,31.395799988815824],[30.666099999999993,31.405499988820512],[30.6751,31.421499988828213],[30.695299999999996,31.416999988826042],[30.716099999999997,31.4020999888189],[30.72769999999999,31.388199988812197],[30.734500000000004,31.388199988812197],[30.7406,31.405499988820512],[30.756099999999993,31.422999988828916],[30.7748,31.43689998883561],[30.798600000000004,31.446399988840163],[30.837499999999995,31.42909998883184],[30.873799999999996,31.43459998883447],[30.8857,31.42909998883184],[30.8785,31.426999988830826],[30.8789,31.42229998882857],[30.8925,31.41909998882705],[30.9095,31.42379998882929],[30.926399999999997,31.433099988833757],[30.9397,31.443399988838713],[30.9332,31.445199988839587],[30.933599999999995,31.449599988841705],[30.937199999999994,31.45169998884273],[30.9397,31.456999988845304],[30.973900000000004,31.444199988839138],[30.980700000000002,31.436599988835447],[30.9901,31.443299988838675],[30.9969,31.451199988842475],[31.0081,31.471299988852177],[31.0023,31.479599988856194],[31.005599999999998,31.48619998885935],[31.021799999999995,31.49799998886501],[31.0247,31.504099988867953],[31.0232,31.513799988872627],[31.029,31.518599988875014],[31.035099999999993,31.519699988875548],[31.071499999999997,31.517299988874353],[31.080800000000004,31.514299988872903],[31.097399999999997,31.504799988868324],[31.1003,31.501099988866542],[31.099900000000005,31.49639998886425],[31.101700000000005,31.492499988862367],[31.111100000000004,31.491199988861737],[31.1193,31.49309998886267],[31.1251,31.497799988864944],[31.129399999999997,31.504499988868155],[31.111100000000004,31.512299988871924],[31.123699999999992,31.51789998887464],[31.1305,31.51699998887423],[31.111100000000004,31.53969998888518],[31.070700000000002,31.565399988897585],[31.0232,31.582999988906092],[30.978199999999994,31.584299988906746],[30.9876,31.588999988908995],[31.012399999999992,31.5969999889129],[31.097399999999997,31.607899988918174],[31.12869999999999,31.604999988916767],[31.2209,31.579999988904643],[31.3785,31.518599988875014],[31.419599999999996,31.491199988861737],[31.52359999999999,31.44969998884175],[31.556699999999996,31.443399988838713],[31.597399999999993,31.44459998883931],[31.748299999999993,31.481599988857155],[31.837899999999994,31.525299988878224],[31.8743,31.535599988883163],[31.912800000000004,31.53489998888283],[31.944799999999997,31.520999988876135],[31.9643,31.482499988857576],[31.9959,31.44569998883982],[32.0089,31.417199988826102],[32.025099999999995,31.400099988817903],[32.0571,31.37519998880596],[32.06759999999999,31.371199988804015],[32.0921,31.366399988801703],[32.1043,31.361399988799313],[32.1291,31.337399988787784],[32.1497,31.327799988783223],[32.19969999999999,31.294999988767497],[32.16909999999999,31.3007999887703],[32.0701,31.353999988795778],[32.08019999999999,31.353999988795778],[32.0906,31.34709998879246],[32.0881,31.354399988795933],[32.0834,31.358899988798104],[32.056099999999994,31.36289998880006],[32.0438,31.37519998880596],[32.017199999999995,31.387499988811822],[32.006699999999995,31.395399988815655],[31.9949,31.394899988815382],[31.992,31.408499988821923],[31.985899999999997,31.42039998882767],[31.977599999999992,31.429799988832183],[31.968199999999996,31.436599988835447],[31.993400000000005,31.43789998883607],[31.942999999999998,31.491699988862035],[31.9322,31.50779998886981],[31.917800000000003,31.523999988877588],[31.906699999999997,31.529599988880268],[31.906299999999995,31.525299988878224],[31.889400000000002,31.53199998888144],[31.8829,31.52859998887981],[31.8789,31.518599988875014],[31.865299999999998,31.525299988878224],[31.865299999999998,31.512299988871924],[31.8509,31.518599988875014],[31.851199999999995,31.51069998887118],[31.8447,31.49799998886501],[31.865299999999998,31.49799998886501],[31.859900000000003,31.486899988859687],[31.875000000000004,31.46329998884833],[31.872099999999993,31.449599988841705],[31.8789,31.449599988841705],[31.8789,31.443399988838713],[31.872099999999993,31.443399988838713],[31.8789,31.42909998883184],[31.872099999999993,31.42909998883184],[31.8685,31.441399988837766],[31.862,31.450599988842217],[31.851900000000004,31.456199988844876],[31.837899999999994,31.456999988845304],[31.841499999999993,31.464499988848864],[31.8375,31.465499988849377],[31.830299999999994,31.458899988846166],[31.824199999999998,31.443399988838713],[31.830299999999994,31.442599988838342],[31.833599999999997,31.443899988838975],[31.837899999999994,31.449599988841705],[31.850500000000004,31.44299998883854],[31.858399999999993,31.443399988838713],[31.858399999999993,31.436599988835447],[31.8509,31.436599988835447],[31.8509,31.42909998883184],[31.854799999999994,31.423299988829033],[31.860599999999998,31.41909998882705],[31.8685,31.41649998882579],[31.8789,31.416099988825632],[31.8717,31.409799988822567],[31.861700000000003,31.407699988821534],[31.8516,31.409699988822517],[31.8447,31.416099988825632],[31.837899999999994,31.416099988825632],[31.838599999999996,31.410799988823037],[31.830299999999994,31.408699988822047],[31.838599999999996,31.40249998881906],[31.8447,31.394899988815382],[31.8307,31.37979998880818],[31.8278,31.368399988802658],[31.836799999999997,31.361899988799546],[31.858399999999993,31.361399988799313],[31.858399999999993,31.353999988795778],[31.834299999999992,31.359999988798663],[31.824899999999996,31.360699988798974],[31.816700000000004,31.353999988795778],[31.810500000000005,31.353999988795778],[31.8041,31.360099988798694],[31.797200000000004,31.35959998879847],[31.792200000000005,31.35359998879558],[31.790400000000005,31.34349998879076],[31.7943,31.338499988788328],[31.8012,31.334999988786667],[31.802599999999995,31.33139998878493],[31.790400000000005,31.326699988782696],[31.790400000000005,31.320499988779726],[31.795800000000003,31.311099988775208],[31.788899999999995,31.307499988773507],[31.7774,31.30509998877232],[31.769099999999995,31.298799988769336],[31.766999999999996,31.284699988762597],[31.773100000000003,31.27589998875839],[31.784299999999995,31.273399988757163],[31.796499999999998,31.278299988759514],[31.7918,31.281399988761034],[31.790400000000005,31.285199988762823],[31.804399999999994,31.27999998876032],[31.820599999999992,31.278299988759514],[31.828499999999995,31.274099988757506],[31.830299999999994,31.255799988748773],[31.834299999999992,31.251699988746786],[31.8455,31.248999988745503],[31.8609,31.242399988742378],[31.8761,31.2333999887381],[31.885800000000003,31.223599988733422],[31.893300000000004,31.239899988741165],[31.8987,31.246699988744414],[31.906299999999995,31.251699988746786],[31.900499999999997,31.236099988739355],[31.906299999999995,31.223599988733422],[31.8926,31.223599988733422],[31.8926,31.21679998873014],[31.906299999999995,31.21679998873014],[31.9002,31.212999988728345],[31.89839999999999,31.209899988726864],[31.899499999999996,31.203199988723636],[31.904099999999996,31.203899988723975],[31.912800000000004,31.21059998872719],[31.9149,31.204299988724213],[31.919600000000003,31.203199988723636],[31.919600000000003,31.21059998872719],[31.9265,31.21059998872719],[31.921799999999998,31.196599988720504],[31.9265,31.18699998871592],[31.934699999999996,31.18759998871622],[31.940099999999994,31.203199988723636],[31.952000000000005,31.20459998872433],[31.967499999999998,31.218899988731167],[31.986599999999992,31.230399988736607],[32.0093,31.223599988733422],[31.9949,31.223599988733422],[31.9949,31.21679998873014],[32.0093,31.21059998872719],[32.0121,31.214799988729222],[32.0229,31.223599988733422],[32.03699999999999,31.21679998873014],[32.03699999999999,31.21059998872719],[32.0312,31.202899988723505],[32.0298,31.189599988717163],[32.0438,31.19639998872043],[32.04019999999999,31.182399988713758],[32.03699999999999,31.178699988711983],[32.0298,31.17579998871063],[32.0298,31.16969998870773],[32.03629999999999,31.16109998870361],[32.03699999999999,31.150399988698517],[32.0161,31.13489998869114],[32.0161,31.128199988687953],[32.02689999999999,31.127699988687752],[32.0352,31.12969998868869],[32.0409,31.134299988690884],[32.0438,31.14179998869441],[32.0503,31.14179998869441],[32.051399999999994,31.131199988689428],[32.0546,31.12299998868551],[32.0607,31.11739998868286],[32.0701,31.114399988681424],[32.0701,31.106999988677924],[32.059999999999995,31.104699988676796],[32.052499999999995,31.100799988674954],[32.0438,31.086499988668177],[32.0571,31.079699988664938],[32.0665,31.084999988667462],[32.0755,31.086399988668138],[32.08379999999999,31.084399988667162],[32.0906,31.079699988664938],[32.0906,31.073499988662],[32.08379999999999,31.073499988662],[32.08379999999999,31.066099988658525],[32.0939,31.05859998865497],[32.10649999999999,31.0534999886525],[32.1198,31.05289998865228],[32.13199999999999,31.05979998865556],[32.13199999999999,31.066099988658525],[32.117599999999996,31.066399988658684],[32.107499999999995,31.07279998866169],[32.1014,31.08279998866639],[32.0982,31.093399988671464],[32.1129,31.090499988670043],[32.13309999999999,31.08179998866596],[32.14639999999999,31.079699988664938],[32.1385,31.093399988671464],[32.1594,31.093399988671464],[32.1594,31.100799988674954],[32.154,31.102599988675827],[32.152899999999995,31.10659998867773],[32.1662,31.114399988681424],[32.1669,31.10839998867857],[32.1799,31.106999988677924],[32.1759,31.117899988683106],[32.1839,31.124999988686454],[32.195,31.12589998868689],[32.2058,31.109299988679],[32.218399999999995,31.105299988677093],[32.2343,31.10479998867686],[32.2483,31.106999988677924],[32.2721,31.118899988683598],[32.2836,31.136599988691952],[32.2807,31.15489998870068],[32.262299999999996,31.16969998870773],[32.2897,31.16969998870773],[32.29469999999999,31.199399988721854],[32.2951,31.2134999887286],[32.2897,31.230499988736725],[32.2731,31.248799988745432],[32.2706,31.25749998874956],[32.28289999999999,31.265299988753295],[32.2681,31.27269998875683],[32.2469,31.27929998876001],[32.226299999999995,31.28199998876128],[32.2141,31.278299988759514],[32.2069,31.294999988767497],[32.2328,31.2928999887665],[32.30049999999999,31.281399988761034],[32.3138,31.27269998875683],[32.3315,31.2713999887562],[32.334,31.25469998874826],[32.3444,31.24189998874213],[32.3592,31.23349998873812],[32.3898,31.226499988734755],[32.4013,31.21719998873032],[32.419999999999995,31.19639998872043],[32.46249999999999,31.16109998870361],[32.4812,31.14889998869784],[32.509699999999995,31.106999988677924],[32.53589999999999,31.086699988668286],[32.565799999999996,31.07049998866059],[32.6015,31.06109998865612],[32.6454,31.05979998865556],[32.68749999999999,31.06449998865773],[32.762,31.08119998866566],[32.8509,31.118899988683598],[32.86789999999999,31.130299988688986],[32.9093,31.14819998869749],[32.9204,31.155499988700978],[32.9273,31.155499988700978],[32.9273,31.147899988697315],[32.8952,31.137499988692387],[32.8398,31.10129998867519],[32.807,31.093399988671464],[32.75229999999999,31.071399988661046],[32.666599999999995,31.052299988651992],[32.7149,31.052299988651992],[32.7149,31.045599988648767],[32.7008,31.038699988645494],[32.7314,31.038699988645494],[32.7429,31.04259998864738],[32.7491,31.052299988651992],[32.75549999999999,31.052299988651992],[32.7563,31.04659998864928],[32.76959999999999,31.045599988648767],[32.83109999999999,31.079699988664938],[32.883,31.093499988671493],[32.8931,31.100799988674954],[32.8992,31.100799988674954],[32.903499999999994,31.095499988672454],[32.9179,31.092299988670963],[32.9143,31.087399988668565],[32.9067,31.086499988668177],[32.9067,31.079699988664938],[32.9172,31.08279998866639],[32.9409,31.093399988671464],[32.9409,31.100799988674954],[32.9136,31.100799988674954],[32.9136,31.106999988677924],[32.9273,31.111899988680214],[32.944199999999995,31.107999988678355],[32.9597,31.098499988673897],[32.9687,31.086499988668177],[32.9751,31.066099988658525],[32.9615,31.066099988658525],[32.99459999999999,31.055599988653526],[33.0101,31.05629998865383],[33.0234,31.066099988658525],[33.0234,31.073499988662],[33.00900000000001,31.079699988664938],[33.00900000000001,31.086499988668177],[33.04789999999999,31.09509998867227],[33.05759999999999,31.100799988674954],[33.0525,31.10829998867853],[33.0547,31.115599988681957],[33.0601,31.123999988685977],[33.0644,31.13489998869114],[33.05759999999999,31.13489998869114],[33.0511,31.128199988687953],[33.030199999999994,31.114399988681424],[33.02369999999999,31.10769998867825],[33.02369999999999,31.104699988676796],[33.030199999999994,31.100799988674954],[33.01689999999999,31.098099988673663],[32.9942,31.098499988673897],[32.970499999999994,31.101599988675357],[32.95459999999999,31.106999988677924],[32.9845,31.109599988679147],[33.0018,31.124899988686426],[33.014399999999995,31.14509998869599],[33.030199999999994,31.16219998870414],[33.0425,31.167199988706553],[33.06689999999999,31.170999988708317],[33.07849999999999,31.17579998871063],[33.09790000000001,31.191599988718163],[33.1094,31.19639998872043],[33.1263,31.19639998872043],[33.1263,31.189599988717163],[33.0986,31.189599988717163],[33.0986,31.183299988714168],[33.11119999999999,31.175399988710435],[33.1469,31.13489998869114],[33.1577,31.117899988683106],[33.1537,31.112399988680497],[33.1411,31.109599988679147],[33.1263,31.100799988674954],[33.1242,31.107599988678185],[33.1191,31.106999988677924],[33.1191,31.100799988674954],[33.1357,31.09079998867021],[33.1447,31.0778999886641],[33.14430000000001,31.06259998865686],[33.13320000000001,31.045599988648767],[33.1692,31.058099988654753],[33.1875,31.061799988656457],[33.2009,31.05979998865556],[33.2077,31.06109998865612],[33.221399999999996,31.05979998865556],[33.221399999999996,31.066099988658525],[33.2077,31.073499988662],[33.2009,31.073499988662],[33.2009,31.066099988658525],[33.1947,31.066099988658525],[33.1947,31.073499988662],[33.248,31.091299988670425],[33.2624,31.100799988674954],[33.2696,31.100799988674954],[33.2624,31.093399988671464],[33.2696,31.086499988668177],[33.2772,31.092099988670842],[33.2855,31.092699988671125],[33.292699999999996,31.0884999886691],[33.296600000000005,31.079699988664938],[33.3038,31.079699988664938],[33.3045,31.098299988673773],[33.3031,31.099799988674487],[33.317499999999995,31.100799988674954],[33.3081,31.105099988676997],[33.2981,31.103999988676488],[33.2772,31.106999988677924],[33.3866,31.114399988681424],[33.3776,31.132599988690075],[33.390600000000006,31.136199988691782],[33.4064,31.137299988692302],[33.4064,31.155499988700978],[33.4208,31.147899988697315],[33.42769999999999,31.147899988697315],[33.441,31.151199988698906],[33.48089999999999,31.133299988690425],[33.49969999999999,31.128199988687953],[33.572399999999995,31.121599988684842],[33.5922,31.114399988681424],[33.5922,31.121299988684704],[33.6149,31.11539998868189],[33.64799999999999,31.117299988682788],[33.8543,31.163499988704782],[34.0472,31.22919998873608],[34.2002,31.314399988776803],[34.22469999999999,31.27569998875827],[34.2485,31.211499988727606],[34.3295,30.994499988624646],[34.4803,30.65119998846376],[34.502300000000005,30.571799988426914],[34.5044,30.53039998840777],[34.5105,30.5133999883999],[34.5361,30.482199988385496],[34.5361,30.46859998837924],[34.5264,30.438699988365496],[34.52459999999999,30.421199988357486],[34.5271,30.40959998835212],[34.5339,30.400199988347822],[34.588300000000004,30.358799988328855],[34.599500000000006,30.344499988322298],[34.7334,30.01269998817187],[34.741299999999995,29.940199988139376],[34.8245,29.741799988051145],[34.85,29.638899988005814],[34.848200000000006,29.569699987975497],[34.855399999999996,29.545699987965044],[34.8867,29.489999987940745],[34.8752,29.484899987938558],[34.8597,29.472099987933003],[34.8525,29.462799987928957],[34.8439,29.44079998791941],[34.8381,29.43289998791599],[34.825500000000005,29.42859998791414]]],[[[33.9756,26.790099986889285],[33.9954,26.751699986876357],[34.00289999999999,26.7316999868696],[34.0037,26.708199986861768],[33.98960000000001,26.72039998686585],[33.9551,26.790099986889285],[33.9756,26.790099986889285]]],[[[33.9759,27.48739998713502],[33.9666,27.49769998713879],[33.95649999999999,27.504399987141262],[33.933800000000005,27.494699987137693],[33.9245,27.50139998714015],[33.9176,27.513199987144464],[33.913700000000006,27.523799987148394],[33.9191,27.53019998715072],[33.9259,27.534299987152266],[33.9331,27.536399987153025],[33.9414,27.536799987153174],[33.9641,27.534199987152228],[33.9806,27.52459998714869],[33.9939,27.514299987144927],[34.028499999999994,27.501999987140355],[34.035,27.485099987134202],[34.0386,27.46669998712742],[34.051199999999994,27.45489998712315],[34.051199999999994,27.448599987120815],[34.031,27.45149998712188],[34.0073,27.476099987130883],[33.986,27.48209998713307],[33.9759,27.48739998713502]]],[[[34.681200000000004,27.91519998729531],[34.6617,27.930299987301115],[34.6819,27.958799987312048],[34.7319,27.957199987311473],[34.7323,27.918999987296786],[34.7046,27.90839998729273],[34.681200000000004,27.91519998729531]]],[[[34.4979,27.968799987315908],[34.4943,27.988299987323416],[34.4897,27.996199987326456],[34.4943,28.001899987328642],[34.4965,27.996199987326456],[34.5048,28.009999987331813],[34.517399999999995,28.01659998733436],[34.535,28.008299987331124],[34.54039999999999,28.003199987329165],[34.54440000000001,27.996199987326456],[34.51809999999999,27.99139998732458],[34.5069,27.98629998732266],[34.5033,27.975699987318542],[34.508,27.971299987316872],[34.512,27.9674999873154],[34.52890000000001,27.965999987314856],[34.5581,27.970199987316473],[34.570699999999995,27.97409998731796],[34.575,27.97209998731717],[34.5851,27.95509998731064],[34.6203,27.92789998730018],[34.6203,27.920399987297305],[34.5822,27.917999987296405],[34.5473,27.91969998729703],[34.51809999999999,27.930499987301204],[34.4965,27.955199987310678],[34.4979,27.968799987315908]]],[[[32.9697,31.086699988668286],[32.9769,31.091299988670425],[32.98309999999999,31.089999988669867],[32.987,31.083699988666837],[32.98919999999999,31.073499988662],[32.97839999999999,31.081699988665882],[32.9751,31.086499988668177],[32.9697,31.086699988668286]]],[[[33.4061,31.18459998871479],[33.4331,31.172099988708876],[33.475899999999996,31.14179998869441],[33.4543,31.154599988700532],[33.2988,31.21289998872828],[33.2696,31.21679998873014],[33.3013,31.21589998872974],[33.3524,31.19489998871971],[33.4061,31.18459998871479]]],[[[32.9561,31.1631999887046],[32.9348,31.147899988697315],[32.946299999999994,31.1631999887046],[32.98919999999999,31.182099988713627],[33.01469999999999,31.196699988720585],[33.06689999999999,31.217499988730484],[33.07849999999999,31.227199988735112],[33.10470000000001,31.24039998874139],[33.2624,31.223599988733422],[33.2563,31.21929998873132],[33.243300000000005,31.21929998873132],[33.153,31.23179998873733],[33.1191,31.223599988733422],[33.1026,31.226799988734935],[33.07629999999999,31.21879998873112],[32.9561,31.1631999887046]]]]}},{"type":"Feature","properties":{"ADMIN":"Ethiopia","ISO_A3":"ETH","admin_source":"World Bank Official Boundaries, artifact wb_boundaries_20260820"},"geometry":{"type":"Polygon","coordinates":[[[34.0706,9.454599990440549],[34.112,8.62659999112905],[34.103,8.579399991169504],[34.090399999999995,8.556499991189197],[34.0695,8.533599991208876],[33.97089999999999,8.445399991285036],[33.9504,8.4332999912955],[33.93169999999999,8.428099991300039],[33.8751,8.42799999130011],[33.8409,8.423999991303585],[33.82399999999999,8.419499991307466],[33.80819999999999,8.412599991313467],[33.7977,8.405599991319553],[33.7563,8.370099991350385],[33.740899999999996,8.367099991353012],[33.695499999999996,8.372899991347962],[33.6714,8.400299991324152],[33.65160000000001,8.434499991294466],[33.6203,8.46069999127179],[33.60009999999999,8.463999991268928],[33.5853,8.458199991273958],[33.5713,8.450099991280958],[33.552200000000006,8.44689999128373],[33.5371,8.453299991278179],[33.522,8.46529999126783],[33.50509999999999,8.474899991259532],[33.4849,8.473999991260296],[33.490300000000005,8.466599991266708],[33.4899,8.462899991269865],[33.48060000000001,8.457699991274382],[33.4133,8.449699991281294],[33.400299999999994,8.452699991278735],[33.391999999999996,8.451899991279426],[33.3845,8.447999991282781],[33.370799999999996,8.43739999129196],[33.3614,8.43429999129464],[33.252700000000004,8.458199991273958],[33.2351,8.455699991276111],[33.206300000000006,8.43049999129796],[33.2102,8.420799991306351],[33.203,8.414099991312144],[33.1879,8.411099991314774],[33.1742,8.404499991320506],[33.16949999999999,8.39749999132658],[33.1677,8.389799991333277],[33.167,8.36829999135196],[33.162,8.361599991357773],[33.1613,8.35609999136259],[33.1724,8.34649999137095],[33.1742,8.343099991373899],[33.171699999999994,8.33089999138456],[33.1631,8.311999991401038],[33.1613,8.304599991407503],[33.1645,8.292899991417737],[33.1857,8.264499991442598],[33.2084,8.253699991452047],[33.207,8.240799991463362],[33.1998,8.235499991468007],[33.190400000000004,8.232499991470627],[33.1818,8.22579999147653],[33.1739,8.21459999148635],[33.1699,8.205599991494264],[33.168099999999995,8.181399991515566],[33.17099999999999,8.175999991520335],[33.184699999999985,8.166199991528963],[33.1879,8.16089999153363],[33.185,8.14099999155119],[33.1775,8.127199991563355],[33.1649,8.117099991572303],[33.1476,8.109099991579358],[33.1177,8.10409999158378],[33.1134,8.099099991588227],[33.11119999999999,8.090699991595635],[33.10079999999999,8.071099991613],[33.0439,8.013499991664153],[33.0313,7.996399991679407],[33.0263,7.986299991688384],[33.0216,7.965299991707097],[33.0119,7.953299991717829],[33.0068,7.942499991727467],[32.99349999999999,7.928199991740257],[32.9899,7.917199991750114],[33.0151,7.850699991809716],[33.0234,7.835099991823737],[33.0407,7.824899991832921],[33.05149999999999,7.801199991854217],[33.0583,7.797999991857111],[33.0853,7.794999991859819],[33.10759999999999,7.785299991868591],[33.1209,7.783299991870377],[33.1271,7.79159999186289],[33.1321,7.793999991860739],[33.1645,7.801199991854217],[33.172799999999995,7.799599991855675],[33.201600000000006,7.788099991866048],[33.234,7.783299991870377],[33.2423,7.780699991872735],[33.2577,7.767499991884621],[33.27360000000001,7.749199991901175],[33.2916,7.732999991915809],[33.346999999999994,7.718999991928482],[33.36,7.719299991928207],[33.3845,7.735499991913563],[33.393499999999996,7.739799991909668],[33.4367,7.748599991901714],[33.4622,7.749499991900887],[33.47950000000001,7.743199991906583],[33.488499999999995,7.736199991912907],[33.5069,7.730999991917603],[33.51689999999999,7.726199991921939],[33.5267,7.7171999919301015],[33.540299999999995,7.698999991946579],[33.5508,7.69139999195348],[33.572399999999995,7.685199991959096],[33.6372,7.69139999195348],[33.6476,7.688699991955921],[33.675,7.6708999919720835],[33.7067,7.66189999198024],[33.716,7.657199991984532],[33.7293,7.642199991998157],[33.761,7.598199992038194],[33.811400000000006,7.560999992072169],[33.85249999999999,7.553599992078915],[33.8823,7.536099992094905],[34.0065,7.409899992210764],[34.0238,7.382399992236126],[34.0307,7.348799992267139],[34.031,7.2553999923536985],[34.033500000000004,7.250299992358426],[34.04,7.2472999923612225],[34.085699999999996,7.211599992394418],[34.113099999999996,7.1775999924261145],[34.1325,7.163499992439265],[34.15129999999999,7.167499992435527],[34.1678,7.175399992428125],[34.1815,7.167199992435807],[34.1909,7.1495999924522415],[34.195899999999995,7.128999992471489],[34.195899999999995,7.087099992510716],[34.1984,7.06439999253202],[34.206,7.0545999925412035],[34.213899999999995,7.05199999254364],[34.22,7.046099992549187],[34.2297,7.03339999256111],[34.2708,7.003499992589254],[34.2758,6.997499992594884],[34.2809,6.980199992611207],[34.2945,6.97229999261865],[34.29740000000001,6.968599992622104],[34.4393,6.934899992653897],[34.5037,6.889999992696386],[34.5123,6.87679999270888],[34.5192,6.861699992723178],[34.5231,6.844199992739796],[34.52459999999999,6.824599992758409],[34.5113,6.81429999276817],[34.512,6.808299992773882],[34.51809999999999,6.793799992787649],[34.52459999999999,6.752899992826597],[34.5365,6.743199992835864],[34.554099999999984,6.739299992839569],[34.596599999999995,6.739199992839701],[34.618500000000004,6.736599992842158],[34.63550000000001,6.729899992848582],[34.7035,6.68489999289155],[34.7096,6.67409999290189],[34.7147,6.655699992919485],[34.7265,6.6419999929326305],[34.7334,6.637699992936761],[34.7539,6.556399993014832],[34.7762,6.4994999930696515],[34.7841,6.441899993125305],[34.79279999999999,6.421799993144773],[34.832699999999996,6.353599993210935],[34.8392,6.327599993236181],[34.83989999999999,6.268799993293476],[34.84459999999999,6.2486999933130445],[34.8799,6.187599993372788],[34.899,6.138699993420724],[34.915499999999994,6.11979999343926],[34.934599999999996,6.102299993456422],[34.9515,6.0811999934771865],[34.959500000000006,6.061699993496353],[34.9699,5.996699993560437],[34.9591,5.975599993581274],[34.9559,5.9641999935925005],[34.9551,5.952699993603919],[34.960499999999996,5.941799993614673],[34.9767,5.923999993632268],[34.98,5.912899993643288],[34.97280000000001,5.876199993679651],[34.9746,5.863199993692577],[34.9843,5.840999993714608],[35.0653,5.726499993828638],[35.0797,5.699799993855282],[35.0883,5.6417999939133345],[35.0988,5.622499993932666],[35.1434,5.5896999939655405],[35.22330000000001,5.543099994012408],[35.2619,5.511899994043756],[35.2737,5.479999994075912],[35.2676,5.468499994087523],[35.2518,5.447299994108869],[35.2507,5.435199994121101],[35.2547,5.425999994130406],[35.2874,5.374099994182904],[35.3025,5.357499994199693],[35.3209,5.348699994208579],[35.345000000000006,5.352499994204758],[35.3673,5.368099994188978],[35.4084,5.41259999414393],[35.4303,5.427299994129102],[35.44830000000001,5.43069999412564],[35.4692,5.43069999412564],[35.49009999999999,5.427999994128368],[35.5081,5.4233999941330335],[35.5308,5.410099994146455],[35.574000000000005,5.3753999941815644],[35.5981,5.368799994188239],[35.6219,5.373799994183183],[35.6399,5.382099994174805],[35.6582,5.386499994170341],[35.6838,5.379699994177216],[35.7493,5.33919999421822],[35.804,5.318099994239631],[35.8091,5.3090999942487365],[35.7821,5.269899994288555],[35.7752,5.24659999431224],[35.77850000000001,5.2272999943318705],[35.79829999999999,5.189299994370548],[35.8073,5.165299994395034],[35.8073,5.144699994416064],[35.7993,5.124599994436585],[35.760799999999996,5.076399994485876],[35.7558,5.063499994499063],[35.7518,4.854499994713817],[35.7601,4.805799994764099],[35.7846,4.764199994807077],[35.92069999999999,4.619299994957337],[35.9228,4.6021999949751],[35.936099999999996,4.5784999949997625],[35.9372,4.559399995019633],[35.934,4.539199995040679],[35.9336,4.522199995058418],[35.94049999999999,4.508099995073087],[35.9585,4.496799995084878],[35.997,4.46309999512008],[36.01859999999999,4.44919999513459],[36.04129999999999,4.44369999514036],[36.1914,4.44499999513898],[36.2364,4.449799995133965],[36.246100000000006,4.446999995136887],[36.2645,4.438299995146011],[36.27709999999998,4.436399995147977],[36.61939999999999,4.443499995140534],[36.6281,4.4414999951426655],[36.6428,4.432599995151965],[36.6515,4.430599995154046],[36.8441,4.432299995152279],[36.90379999999998,4.415799995169499],[36.9747,4.379899995207095],[37.01579999999999,4.370599995216823],[37.02550000000001,4.363299995224461],[37.041,4.336799995252261],[37.04849999999999,4.331999995257292],[37.0683,4.333599995255613],[37.0759,4.331099995258229],[37.0824,4.322199995267536],[37.086299999999994,4.312499995277722],[37.0917,4.290299995301026],[37.095,4.284899995306696],[37.11189999999999,4.28229999530942],[37.9766,3.7264999958977674],[37.9953,3.7079999959175005],[38.02089999999999,3.6672999959609625],[38.036,3.648899995980606],[38.049,3.6418999959880867],[38.0789,3.632799995997813],[38.10189999999999,3.6126999960193076],[38.11409999999999,3.610699996021473],[38.1455,3.618499996013111],[38.17680000000001,3.6209999960104318],[38.3899,3.596999996036117],[38.44609999999999,3.6016999960311002],[38.4968,3.623999996007253],[38.4983,3.6297999960010388],[38.4972,3.6385999959916346],[38.499299999999984,3.6468999959827744],[38.5091,3.650799995978571],[38.514100000000006,3.6484999959810476],[38.5332,3.63289999599771],[38.541099999999986,3.623299996007994],[38.5433,3.6153999960164303],[38.5472,3.609599996022611],[38.5742,3.604599996027972],[38.59369999999999,3.6108999960212382],[38.5965,3.602099996030633],[38.6019,3.5986999960342896],[38.6603,3.5945999960386903],[38.660999999999994,3.6219999960093685],[38.688,3.586399996047451],[38.70380000000001,3.570499996064487],[38.7222,3.560499996075189],[38.8953,3.5136999961253266],[38.9213,3.513999996124997],[38.9634,3.522099996116307],[38.9799,3.5198999961186783],[38.995099999999994,3.5142999961246955],[39.0105,3.514599996124349],[39.06779999999999,3.526599996111497],[39.0775,3.524299996113971],[39.1805,3.4770999961645797],[39.21929999999998,3.4687999961734945],[39.25749999999999,3.4697999961724433],[39.3029,3.495699996144643],[39.3158,3.4949999961453835],[39.3205,3.484599996156535],[39.3115,3.466199996176311],[39.436099999999996,3.462499996180234],[39.467,3.45199999619153],[39.4757,3.440899996203456],[39.48109999999999,3.427299996218063],[39.48859999999999,3.4139999962323295],[39.5045,3.403399996243751],[39.5365,3.4050999962419266],[39.55309999999999,3.4313999962136355],[39.57500000000001,3.497999996142154],[39.6009,3.5289999961089054],[39.744899999999994,3.6606999959679984],[39.764399999999995,3.6858999959411043],[39.78059999999999,3.7165999959083345],[39.82849999999999,3.8426999957740122],[39.8486,3.8672999957479077],[40.1625,4.019399995586594],[40.1669,4.0252999955803554],[40.16720000000001,4.035499995569549],[40.185599999999994,4.032199995573065],[40.3656,4.0948999955067755],[40.371,4.0999999955014115],[40.3771,4.116199995484311],[40.38289999999999,4.121499995478694],[40.7007,4.243499995350215],[40.7637,4.284999995306604],[40.78569999999999,4.255799995337275],[40.846199999999996,4.215099995380099],[40.87070000000001,4.186999995409653],[40.88719999999999,4.156099995442232],[40.89769999999999,4.145899995452978],[40.916,4.136599995462773],[40.9635,4.120499995479769],[40.9797,4.110699995490108],[41.00599999999999,4.086699995515426],[41.0701,3.99699999561032],[41.1144,3.9622999956470446],[41.16299999999999,3.942699995667834],[41.2152,3.9366999956742044],[41.429399999999994,3.948899995661255],[41.4798,3.9630999956462305],[41.5061,3.9644999956447275],[41.5863,3.9841999956238783],[41.60220000000001,3.983099995625035],[41.6288,3.9720999956366807],[41.64289999999999,3.9694999956394166],[41.6573,3.9727999956359348],[41.6997,3.99699999561032],[41.7473,3.9814999956267063],[41.7915,3.958199995651421],[41.8358,3.9494999956606227],[41.8851,3.9771999956312727],[41.8985,3.99699999561032],[41.9121,4.007999995598677],[41.9175,4.020399995585545],[41.9168,4.051199995552957],[41.9233,4.070699995532352],[41.9413,4.086299995515866],[42.01189999999999,4.1294999954702885],[42.068400000000004,4.174599995422711],[42.10289999999999,4.191899995404483],[42.1353,4.200199995395764],[42.29729999999999,4.201799995394091],[42.7898,4.285599995305962],[42.8316,4.302399995288324],[42.86899999999999,4.32679999526275],[42.89959999999999,4.361199995226669],[42.91470000000001,4.393399995192938],[42.93239999999999,4.463199995119973],[42.9461,4.496799995084878],[42.9605,4.517399995063386],[43.11919999999999,4.647799994927717],[43.52849999999999,4.841599994727133],[43.845,4.914399994652126],[43.9325,4.94519999462043],[43.968799999999995,4.9540999946113145],[44.912699999999994,4.8993999946675615],[44.94149999999999,4.9115999946549875],[45.9359,5.996699993560437],[46.424,6.496699993072341],[47.97919999999999,7.996599991679199],[46.9791,7.996599991679199],[46.9205,8.0256999916533],[45.5985,8.468499991265045],[44.02389999999999,8.985499990825687],[43.9847,9.008399990806545],[43.621399999999994,9.336999990535867],[43.6074,9.34469999052957],[43.59120000000001,9.343599990530468],[43.56669999999998,9.334399990537985],[43.5483,9.33609999053657],[43.4191,9.413099990474073],[43.4061,9.428699990461448],[43.4018,9.447499990446257],[43.39929999999999,9.480899990419333],[43.3932,9.498999990404766],[43.37049999999999,9.544199990368481],[43.3615,9.553199990361257],[43.3413,9.566399990350716],[43.33160000000001,9.57509999034376],[43.3154,9.60769999031771],[43.30610000000001,9.617599990309818],[43.297799999999995,9.621599990306642],[43.2708,9.62829999030127],[43.2488,9.652399990282131],[43.2351,9.691699990250932],[43.20629999999999,9.851199990125362],[43.1873,9.883399990100152],[43.14979999999999,9.899999990087236],[43.1041,9.907999990080981],[43.067699999999995,9.922599990069628],[43.03999999999999,9.94999999004833],[43.02089999999999,9.996399990012387],[43.0127,10.029299989986965],[43.0001,10.06189998996184],[42.982099999999996,10.091699989938952],[42.9583,10.115599989920653],[42.8622,10.177099989873662],[42.8363,10.20809998985005],[42.80819999999999,10.269199989803736],[42.7895,10.3332999897554],[42.77649999999999,10.424599989687044],[42.7657,10.451899989666671],[42.75019999999999,10.471699989651954],[42.6951,10.524799989612601],[42.6685,10.566299989581946],[42.64869999999999,10.610999989549079],[42.6473,10.63219998953355],[42.6602,10.641699989526582],[42.6804,10.64769998952218],[42.699799999999996,10.658599989514244],[42.711699999999986,10.675199989502076],[42.7189,10.694899989487727],[42.7286,10.735499989458216],[42.738,10.759699989440648],[42.7499,10.775899989428947],[42.785500000000006,10.804399989408358],[42.8013,10.82079998939655],[42.8078,10.83619998938547],[42.8114,10.852599989373674],[42.81929999999999,10.872599989359317],[42.8348,10.888399989348027],[42.876900000000006,10.905699989335648],[42.893499999999996,10.919699989325654],[42.90109999999999,10.93659998931359],[42.9111,10.977399989284573],[42.9237,10.998899989269319],[42.90829999999999,11.0041999892656],[42.898199999999996,10.99569998927162],[42.888099999999994,10.98359998928018],[42.8733,10.978299989283935],[42.859999999999985,10.980399989282434],[42.8355,10.987399989277469],[42.7941,10.99159998927452],[42.7718,10.996399989271124],[42.75489999999999,11.01059998926106],[42.7297,11.064999989222647],[42.71029999999999,11.072099989217667],[42.6865,11.07299998921703],[42.6156,11.089699989205284],[42.5699,11.086199989207763],[42.479899999999994,11.059099989226834],[42.41330000000001,11.01589998925731],[42.3917,11.00589998926436],[42.37649999999999,11.006699989263833],[42.3611,11.011899989260131],[42.3384,11.015499989257597],[42.30599999999999,11.004599989265316],[42.2707,11.003599989266014],[42.23509999999999,10.987699989277273],[42.22169999999999,10.984399989279595],[42.20269999999999,10.984599989279465],[42.15120000000001,10.996099989271325],[42.09609999999999,10.990299989275439],[42.0695,10.981499989281692],[42.03849999999999,10.950499989303712],[42.010799999999996,10.943599989308597],[41.954299999999996,10.941299989310258],[41.9474,10.938499989312216],[41.9377,10.92989998931835],[41.92869999999999,10.93099998931758],[41.9229,10.935999989314004],[41.9168,10.947099989306128],[41.7987,10.970699989289333],[41.7739,10.980099989282651],[41.7613,10.996099989271325],[41.77929999999999,11.024599989251152],[41.78540000000001,11.067399989220984],[41.7879,11.259699989086883],[41.7757,11.368399989012165],[41.74979999999999,11.483399988934046],[41.7491,11.537899988897319],[41.7786,11.628699988836571],[41.792300000000004,11.704499988786305],[41.808099999999996,11.736299988765355],[41.82289999999999,11.746199988758834],[41.8621,11.763099988747742],[41.87219999999999,11.775899988739315],[41.87789999999999,11.790099988730043],[41.8862,11.795999988726182],[41.9114,11.80599998871964],[41.92549999999999,11.816399988712845],[41.9363,11.827399988705679],[42.0572,11.996299988596528],[42.0975,12.070199988549394],[42.1087,12.08219998854177],[42.13249999999999,12.093499988534615],[42.140399999999985,12.105799988526844],[42.1555,12.142299988503789],[42.288700000000006,12.320999988392327],[42.3193,12.38639998835209],[42.379400000000004,12.465799988303655],[42.33149999999999,12.515499988273538],[42.25019999999999,12.623999988208455],[42.185,12.73299998814393],[42.13709999999999,12.77339998812021],[42.0817,12.803899988102387],[42.0248,12.826899988089005],[41.9467,12.87609998806049],[41.8941,12.947999988019118],[41.8167,13.1127999879257],[41.7847,13.164599987896741],[41.7509,13.208299987872458],[41.71159999999999,13.247899987850593],[41.530899999999995,13.39369998777101],[41.2224,13.586699987668037],[41.192099999999996,13.615799987652775],[41.0435,13.872399987520625],[40.833200000000005,14.105999987404577],[40.7724,14.14829998738401],[40.7043,14.173199987371932],[40.61399999999999,14.185799987365861],[40.5859,14.194699987361545],[40.47970000000001,14.244399987337742],[40.4217,14.273699987323727],[40.277,14.40449998726215],[40.23779999999999,14.4273999872515],[40.194199999999995,14.444599987243489],[40.1046,14.465899987233685],[40.086899999999986,14.465799987233723],[40.03759999999999,14.451399987240348],[40.023199999999996,14.451199987240452],[39.979699999999994,14.458699987237006],[39.9617,14.454199987239058],[39.9307,14.428799987250823],[39.91129999999999,14.42339998725337],[39.8922,14.426499987251903],[39.8771,14.433599987248632],[39.8245,14.478099987228015],[39.7968,14.495099987220238],[39.7669,14.504799987215756],[39.7352,14.503699987216244],[39.6776,14.494199987220648],[39.650999999999996,14.496499987219593],[39.5937,14.514599987211275],[39.5675,14.544299987197702],[39.552,14.556599987192087],[39.532199999999996,14.567499987187167],[39.51489999999999,14.567799987187021],[39.50730000000001,14.547799987196116],[39.48929999999999,14.524399987206795],[39.4487,14.505099987215646],[39.36659999999999,14.482899987225801],[39.3475,14.481799987226319],[39.2935,14.49019998722247],[39.2687,14.486399987224216],[39.255,14.474299987229799],[39.233,14.440399987245454],[39.2082,14.440099987245594],[39.18769999999999,14.477199987228435],[39.1585,14.560099987190492],[39.14479999999999,14.581499987180807],[39.1275,14.60209998717149],[39.1074,14.620199987163321],[39.0854,14.63349998715733],[39.0753,14.637299987155648],[39.0469,14.643799987152727],[39.0113,14.647799987150952],[39.009800000000006,14.651199987149438],[38.99689999999998,14.638899987154904],[38.99539999999999,14.622299987162386],[38.99689999999998,14.603599987170806],[38.994,14.585099987179188],[38.9796,14.567099987187351],[38.9591,14.55459998719303],[38.9177,14.535699987201632],[38.8845,14.506299987215069],[38.86619999999999,14.493699987220875],[38.8215,14.489499987222773],[38.7618,14.465499987233857],[38.7431,14.46099998723592],[38.7243,14.459499987236613],[38.7063,14.46119998723582],[38.688,14.466999987233185],[38.6685,14.467799987232796],[38.60659999999999,14.436399987247322],[38.5692,14.426799987251766],[38.4929,14.418199987255743],[38.4435,14.418699987255549],[38.4353,14.416199987256704],[38.427,14.417199987256211],[38.4144,14.426299987251994],[38.409,14.435299987247825],[38.4025,14.456899987237813],[38.39419999999999,14.464299987234421],[38.340599999999995,14.492699987221336],[38.3251,14.504499987215887],[38.3132,14.519299987209134],[38.305299999999995,14.53689998720107],[38.29559999999999,14.574799987183813],[38.2891,14.587699987178008],[38.267100000000006,14.60169998717165],[38.2578,14.610399987167746],[38.2527,14.620199987163321],[38.2459,14.652499987148827],[38.23940000000001,14.66749998714214],[38.229299999999995,14.679699987136699],[38.21389999999999,14.685899987133924],[38.1901,14.687299987133303],[38.133199999999995,14.677699987137565],[38.115199999999994,14.680999987136113],[38.006899999999995,14.72429998711689],[37.9986,14.73089998711397],[37.99280000000001,14.740799987109591],[37.98989999999999,14.757299987102312],[37.979899999999994,14.764599987099126],[37.9687,14.766399987098326],[37.96439999999999,14.771099987096278],[37.9583,14.784999987090172],[37.957499999999996,14.80279998708239],[37.9539,14.806199987080921],[37.944199999999995,14.80729998708043],[37.939899999999994,14.81089998707884],[37.9208,14.847599987062932],[37.908899999999996,14.864699987055516],[37.8913,14.879499987049119],[37.565099999999994,14.116699987399365],[37.5536,14.105599987404775],[37.53560000000001,14.116899987399268],[37.52519999999999,14.128899987393403],[37.5205,14.14549998738537],[37.519400000000005,14.170999987373023],[37.5165,14.180499987368403],[37.5086,14.188099987364751],[37.4985,14.193099987362334],[37.4881,14.194899987361465],[37.47549999999998,14.199599987359202],[37.4694,14.210699987353843],[37.4643,14.235799987341817],[37.457100000000004,14.254499987332895],[37.452499999999986,14.260499987330014],[37.4121,14.293599987314272],[37.39770000000001,14.301799987310394],[37.3949,14.312299987305453],[37.39559999999999,14.335099987294647],[37.394099999999995,14.35009998728758],[37.3902,14.358099987283843],[37.3751,14.372999987276842],[37.3373,14.426399987251934],[37.3182,14.437099987246963],[37.2937,14.45749998723753],[37.28,14.455399987238497],[37.2581,14.448199987241834],[37.18429999999999,14.449599987241198],[37.1497,14.441899987244772],[37.12089999999999,14.420799987254549],[37.1058,14.399199987264616],[37.0979,14.379499987273794],[37.0943,14.359099987283402],[37.0939,14.335099987294647],[37.090999999999994,14.31419998730454],[37.0835,14.29769998731234],[37.07269999999999,14.285299987318218],[37.0601,14.276899987322214],[37.0525,14.275299987322992],[37.0341,14.277399987322001],[37.026199999999996,14.276899987322214],[37.0115,14.265099987327858],[37.0057,14.26309998732877],[36.9953,14.264099987328287],[36.9866,14.266799987327012],[36.97079999999999,14.276899987322214],[36.95280000000001,14.300899987310833],[36.947,14.304799987308984],[36.9139,14.309099987306965],[36.84839999999999,14.327799987298134],[36.81629999999999,14.33209998729607],[36.7479,14.33209998729607],[36.73819999999999,14.32979998729716],[36.722,14.320099987301735],[36.7137,14.317799987302834],[36.6687,14.317799987302834],[36.6486,14.314599987304351],[36.617599999999996,14.300499987310996],[36.6039,14.297299987312533],[36.5823,14.2966999873128],[36.565799999999996,14.292899987314593],[36.5532,14.282699987319457],[36.5456,14.26309998732877],[36.5265,14.263499987328629],[36.4365,13.991199987461117],[36.432199999999995,13.9698999874717],[36.4326,13.944399987484424],[36.43800000000001,13.919899987496706],[36.455299999999994,13.869999987521874],[36.458099999999995,13.820099987547184],[36.3984,13.676099987621267],[36.3948,13.655899987631802],[36.3912,13.599399987661352],[36.3822,13.571099987676265],[36.2335,13.361699987788363],[36.137,13.032399987971049],[36.1385,13.013399987981808],[36.149599999999985,12.98879998799581],[36.15,12.98019998800073],[36.141,12.965599988009048],[36.1259,12.950999988017395],[36.1143,12.933899988027216],[36.11539999999999,12.911799988039919],[36.1388,12.871799988062994],[36.14309999999999,12.856999988071541],[36.14309999999999,12.832499988085752],[36.12369999999999,12.721399988150779],[36.11509999999999,12.701799988162348],[36.0996,12.695699988165918],[36.0722,12.703099988161549],[36.050599999999996,12.715399988154314],[36.0301,12.717099988153281],[35.7284,12.674399988178525],[35.70290000000001,12.666099988183442],[35.68770000000001,12.659199988187563],[35.6841,12.655999988189437],[35.6841,12.650699988192573],[35.67589999999999,12.614499988214142],[35.67229999999999,12.604199988220287],[35.662499999999994,12.593599988226647],[35.65390000000001,12.590099988228722],[35.634499999999996,12.588599988229626],[35.6258,12.585099988231704],[35.6168,12.57519998823763],[35.4289,12.266899988425818],[35.41809999999999,12.238999988443203],[35.4156,12.211099988460631],[35.4127,12.198699988468357],[35.4033,12.185099988476885],[35.3929,12.176799988482076],[35.37089999999999,12.165499988489184],[35.3612,12.157299988494337],[35.35369999999999,12.145999988501483],[35.336,12.102399988529017],[35.3259,12.047499988563839],[35.3173,12.023599988579067],[35.2979,12.001599988593142],[35.2604,11.980399988606734],[35.25139999999998,11.971699988612324],[35.2485,11.9624999886182],[35.24779999999999,11.939599988632931],[35.2457,11.929899988639201],[35.2154,11.896599988660727],[35.1265,11.862899988682555],[35.088,11.838199988698625],[35.0729,11.818899988711218],[35.059200000000004,11.79579998872632],[35.04840000000001,11.771399988742298],[35.041199999999996,11.747599988757916],[35.0405,11.727399988771214],[35.04799999999999,11.68949998879623],[35.04619999999999,11.648699988823282],[35.053399999999996,11.628099988836995],[35.0743,11.587299988864197],[35.07679999999999,11.568699988876638],[35.0732,11.548999988889856],[34.9472,11.274899989076378],[34.9443,11.253299989091296],[34.9541,11.226099989110134],[34.9713,11.206899989123444],[34.9843,11.186299989137767],[34.9803,11.155299989159367],[34.9145,10.963899989294164],[34.9137,10.952899989301995],[34.9231,10.939899989311266],[34.953,10.91839998932658],[34.9584,10.903399989337284],[34.95080000000001,10.869199989361768],[34.9339,10.845299989378912],[34.8799,10.804699989408164],[34.86150000000001,10.787599989420466],[34.8576,10.775599989429155],[34.8572,10.763599989437845],[34.8515,10.745699989450815],[34.8385,10.729099989462867],[34.827699999999986,10.727799989463826],[34.81549999999999,10.73129998946125],[34.79849999999999,10.729699989462429],[34.7863,10.718899989470266],[34.773,10.688299989492542],[34.7647,10.680299989498378],[34.7543,10.684199989495534],[34.75280000000001,10.698799989484888],[34.757099999999994,10.728799989463075],[34.7507,10.743999989452044],[34.7373,10.755399989443806],[34.708199999999984,10.773999989430337],[34.5872,10.879199989354595],[34.57459999999999,10.884099989351078],[34.5577,10.877799989355617],[34.4375,10.795699989414627],[34.4202,10.780799989425429],[34.404300000000006,10.759899989440527],[34.3655,10.68569998949443],[34.2794,10.565499989582563],[34.27190000000001,10.529999989608783],[34.2762,10.488699989639326],[34.3248,10.268599989804194],[34.3259,10.223499989838375],[34.3176,10.181299989870455],[34.3017,10.160299989886447],[34.3017,10.148999989895069],[34.30500000000001,10.124599989913746],[34.3035,10.11359998992216],[34.2809,10.080099989947877],[34.22179999999999,10.02599998998953],[34.09830000000001,9.67969999026042],[34.06699999999999,9.5311999903789],[34.0706,9.454599990440549]]]}},{"type":"Feature","properties":{"ADMIN":"Kenya","ISO_A3":"KEN","admin_source":"World Bank Official Boundaries, artifact wb_boundaries_20260820"},"geometry":{"type":"MultiPolygon","coordinates":[[[[41.1227,-2.0477999977210875],[41.143199999999986,-2.059599997708053],[41.16259999999999,-2.090899997673537],[41.1554,-2.1120999976501995],[41.13709999999999,-2.115499997646472],[41.1234,-2.093799997670363],[41.12409999999999,-2.104799997658251],[41.1227,-2.1159999976459187],[41.1191,-2.1243999976366443],[41.10969999999999,-2.129099997631513],[41.10470000000001,-2.1340999976260204],[41.09889999999999,-2.1353999976245723],[41.0921,-2.13299999762721],[41.0863,-2.128399997632278],[41.08160000000001,-2.1214999976398765],[41.06869999999999,-2.123499997637655],[41.0507,-2.129599997630961],[41.0136,-2.148899997609667],[41.004599999999996,-2.1422999976169916],[40.9956,-2.143899997615193],[40.989099999999986,-2.152299997605941],[40.9862,-2.1659999975908555],[40.9916,-2.173799997582263],[41.002399999999994,-2.1801999975752318],[41.009999999999984,-2.1871999975675487],[41.00599999999999,-2.1973999975563268],[40.9938,-2.1971999975565413],[40.9859,-2.191399997562915],[40.98149999999999,-2.181599997573695],[40.979400000000005,-2.169499997586989],[40.9574,-2.1740999975819313],[40.9574,-2.1512999976070653],[40.9693,-2.119799997641733],[40.983,-2.097399997666405],[41.001,-2.0871999976776174],[41.0247,-2.0801999976853254],[41.0453,-2.069899997696707],[41.0539,-2.049699997718976],[41.0658,-2.03639999773364],[41.0928,-2.038099997731749],[41.1227,-2.0477999977210875]]],[[[35.9228,4.6021999949751],[35.936099999999996,4.5784999949997625],[35.9372,4.559399995019633],[35.934,4.539199995040679],[35.9336,4.522199995058418],[35.94049999999999,4.508099995073087],[35.9585,4.496799995084878],[35.997,4.46309999512008],[36.01859999999999,4.44919999513459],[36.04129999999999,4.44369999514036],[36.1914,4.44499999513898],[36.2364,4.449799995133965],[36.246100000000006,4.446999995136887],[36.2645,4.438299995146011],[36.27709999999998,4.436399995147977],[36.61939999999999,4.443499995140534],[36.6281,4.4414999951426655],[36.6428,4.432599995151965],[36.6515,4.430599995154046],[36.8441,4.432299995152279],[36.90379999999998,4.415799995169499],[36.9747,4.379899995207095],[37.01579999999999,4.370599995216823],[37.02550000000001,4.363299995224461],[37.041,4.336799995252261],[37.04849999999999,4.331999995257292],[37.0683,4.333599995255613],[37.0759,4.331099995258229],[37.0824,4.322199995267536],[37.086299999999994,4.312499995277722],[37.0917,4.290299995301026],[37.095,4.284899995306696],[37.11189999999999,4.28229999530942],[37.9766,3.7264999958977674],[37.9953,3.7079999959175005],[38.02089999999999,3.6672999959609625],[38.036,3.648899995980606],[38.049,3.6418999959880867],[38.0789,3.632799995997813],[38.10189999999999,3.6126999960193076],[38.11409999999999,3.610699996021473],[38.1455,3.618499996013111],[38.17680000000001,3.6209999960104318],[38.3899,3.596999996036117],[38.44609999999999,3.6016999960311002],[38.4968,3.623999996007253],[38.4983,3.6297999960010388],[38.4972,3.6385999959916346],[38.499299999999984,3.6468999959827744],[38.5091,3.650799995978571],[38.514100000000006,3.6484999959810476],[38.5332,3.63289999599771],[38.541099999999986,3.623299996007994],[38.5433,3.6153999960164303],[38.5472,3.609599996022611],[38.5742,3.604599996027972],[38.59369999999999,3.6108999960212382],[38.5965,3.602099996030633],[38.6019,3.5986999960342896],[38.6603,3.5945999960386903],[38.660999999999994,3.6219999960093685],[38.688,3.586399996047451],[38.70380000000001,3.570499996064487],[38.7222,3.560499996075189],[38.8953,3.5136999961253266],[38.9213,3.513999996124997],[38.9634,3.522099996116307],[38.9799,3.5198999961186783],[38.995099999999994,3.5142999961246955],[39.0105,3.514599996124349],[39.06779999999999,3.526599996111497],[39.0775,3.524299996113971],[39.1805,3.4770999961645797],[39.21929999999998,3.4687999961734945],[39.25749999999999,3.4697999961724433],[39.3029,3.495699996144643],[39.3158,3.4949999961453835],[39.3205,3.484599996156535],[39.3115,3.466199996176311],[39.436099999999996,3.462499996180234],[39.467,3.45199999619153],[39.4757,3.440899996203456],[39.48109999999999,3.427299996218063],[39.48859999999999,3.4139999962323295],[39.5045,3.403399996243751],[39.5365,3.4050999962419266],[39.55309999999999,3.4313999962136355],[39.57500000000001,3.497999996142154],[39.6009,3.5289999961089054],[39.744899999999994,3.6606999959679984],[39.764399999999995,3.6858999959411043],[39.78059999999999,3.7165999959083345],[39.82849999999999,3.8426999957740122],[39.8486,3.8672999957479077],[40.1625,4.019399995586594],[40.1669,4.0252999955803554],[40.16720000000001,4.035499995569549],[40.185599999999994,4.032199995573065],[40.3656,4.0948999955067755],[40.371,4.0999999955014115],[40.3771,4.116199995484311],[40.38289999999999,4.121499995478694],[40.7007,4.243499995350215],[40.7637,4.284999995306604],[40.78569999999999,4.255799995337275],[40.846199999999996,4.215099995380099],[40.87070000000001,4.186999995409653],[40.88719999999999,4.156099995442232],[40.89769999999999,4.145899995452978],[40.916,4.136599995462773],[40.9635,4.120499995479769],[40.9797,4.110699995490108],[41.00599999999999,4.086699995515426],[41.0701,3.99699999561032],[41.1144,3.9622999956470446],[41.16299999999999,3.942699995667834],[41.2152,3.9366999956742044],[41.429399999999994,3.948899995661255],[41.4798,3.9630999956462305],[41.5061,3.9644999956447275],[41.5863,3.9841999956238783],[41.60220000000001,3.983099995625035],[41.6288,3.9720999956366807],[41.64289999999999,3.9694999956394166],[41.6573,3.9727999956359348],[41.6997,3.99699999561032],[41.7473,3.9814999956267063],[41.7915,3.958199995651421],[41.8358,3.9494999956606227],[41.8851,3.9771999956312727],[41.3426,3.2011999964616074],[40.9797,2.841999996850953],[40.9653,2.8141999968812152],[40.9686,2.497199997227304],[40.9686,-0.0027999999968608704],[40.9797,-0.8708999990270466],[41.522999999999996,-1.572899998246203],[41.53489999999999,-1.5948999982217973],[41.538500000000006,-1.6137999982008604],[41.5352,-1.6963999981093543],[41.458200000000005,-1.7748999980224325],[41.4225,-1.8298999979616537],[41.4175,-1.8472999979423919],[41.3959,-1.8606999979275978],[41.339,-1.912499997870354],[41.303399999999996,-1.9561999978221263],[41.28289999999999,-1.968599997808433],[41.2674,-1.949699997829288],[41.2487,-1.9573999978207821],[41.231399999999994,-1.9554999978228738],[41.219899999999996,-1.944099997835431],[41.2191,-1.9224999978593056],[41.199,-1.943199997836471],[41.195,-1.967099997810082],[41.1857,-1.99019999778457],[41.1569,-1.987599997787444],[41.117999999999995,-1.9782999977977216],[41.108999999999995,-1.9776999977983754],[41.0967,-1.9852999977900205],[41.076899999999995,-2.0071999977658117],[41.04989999999999,-2.0184999977533695],[41.02869999999999,-2.0432999977260233],[41.0129,-2.042499997726902],[40.9902,-2.028899997741914],[40.98369999999999,-2.019399997752349],[40.979400000000005,-2.0049999977682402],[40.98009999999999,-1.99019999778457],[40.9902,-1.9624999978151652],[40.9869,-1.93649999784385],[40.9909,-1.9241999978574604],[41.00599999999999,-1.9018999978820568],[40.970699999999994,-1.9290999978520342],[40.9668,-2.0466999977222673],[40.94520000000001,-2.0731999976930564],[40.9268,-2.0592999977083633],[40.90809999999999,-1.997699997776286],[40.8901,-1.9838999977915577],[40.8797,-1.9778999977981504],[40.8703,-1.9672999978098533],[40.8609,-1.9634999978140673],[40.8491,-1.9776999977983754],[40.8555,-1.9925999977819386],[40.8584,-2.005899997767267],[40.85589999999999,-2.0184999977533695],[40.872099999999996,-2.0114999977610903],[40.885099999999994,-2.0148999977573423],[40.8937,-2.02609999774501],[40.8969,-2.042499997726902],[40.8948,-2.0490999977196265],[40.88539999999999,-2.054599997713548],[40.8833,-2.060099997707505],[40.886500000000005,-2.069899997696707],[40.90129999999999,-2.0736999976925143],[40.9041,-2.080499997685021],[40.9059,-2.1532999976048255],[40.9121,-2.192099997562158],[40.9247,-2.217299997534438],[40.93370000000001,-2.2196999975318086],[40.95669999999999,-2.2189999975325705],[40.969699999999996,-2.227699997522976],[40.979400000000005,-2.242199997507037],[40.9808,-2.253099997495049],[40.969699999999996,-2.2790999974665085],[40.944799999999994,-2.3093999974332395],[40.92250000000001,-2.3136999974284747],[40.9196,-2.3023999974409057],[40.952,-2.286099997458817],[40.9347,-2.2799999974655156],[40.9211,-2.270699997475752],[40.8969,-2.244999997503969],[40.893,-2.2371999975125756],[40.894400000000005,-2.232199997518043],[40.8937,-2.2282999975223396],[40.8833,-2.2240999975269786],[40.8843,-2.2263999975243998],[40.8631,-2.2313999975189285],[40.83789999999999,-2.244999997503969],[40.815599999999996,-2.2718999974744167],[40.7947,-2.2904999974540052],[40.773799999999994,-2.279199997466395],[40.7771,-2.2967999974470437],[40.78249999999999,-2.304299997438823],[40.79540000000001,-2.30999999743257],[40.7936,-2.3165999974252958],[40.7868,-2.3272999974135797],[40.7936,-2.3420999973972982],[40.8217,-2.3607999973767892],[40.8285,-2.3747999973614444],[40.817,-2.3978999973360833],[40.7893,-2.4250999973062495],[40.757999999999996,-2.4474999972817204],[40.711899999999986,-2.466599997260806],[40.65070000000001,-2.539399997181136],[40.6158,-2.5525999971666877],[40.5852,-2.5457999971741136],[40.5553,-2.5323999971887847],[40.523599999999995,-2.525099997196778],[40.4909,-2.528499997193037],[40.38969999999999,-2.5603999971581546],[40.3483,-2.5901999971255627],[40.3231,-2.598099997116914],[40.2936,-2.616399997096934],[40.2439,-2.6567999970528082],[40.23199999999999,-2.669099997039391],[40.223400000000005,-2.6830999970240805],[40.205,-2.7248999969785],[40.17509999999999,-2.762699996937302],[40.1708,-2.7794999969190095],[40.1726,-2.787299996910542],[40.187400000000004,-2.807199996888855],[40.1888,-2.8135999968819103],[40.1838,-2.837599996855766],[40.1651,-2.901499996786286],[40.1625,-2.934399996750551],[40.1838,-2.950399996733138],[40.178399999999996,-2.9765999967047505],[40.190599999999996,-2.9879999966923383],[40.2111,-2.985999996694535],[40.23199999999999,-2.970699996711155],[40.23309999999999,-2.981899996698976],[40.2252,-2.993799996686077],[40.1903,-3.0270999966499876],[40.16899999999999,-3.05499999661973],[40.164,-3.0669999966067247],[40.1597,-3.1177999965517604],[40.1532,-3.1352999965328427],[40.11900000000001,-3.183499996480698],[40.1183,-3.196999996466115],[40.1294,-3.2332999964269598],[40.1291,-3.2518999964068662],[40.122899999999994,-3.267399996390167],[40.1139,-3.2816999963747753],[40.102399999999996,-3.294299996361162],[40.088,-3.303699996351014],[40.03979999999999,-3.325599996327462],[40.0265,-3.3344999963178723],[40.0027,-3.362599996287602],[39.98899999999999,-3.3732999962761396],[39.9714,-3.376099996273115],[39.9793,-3.3590999962913872],[39.99009999999999,-3.32089999633252],[39.99189999999999,-3.307199996347258],[39.9739,-3.311499996342633],[39.965999999999994,-3.3212999963320824],[39.9635,-3.3576999962928893],[39.95769999999999,-3.3822999962664255],[39.965300000000006,-3.399199996248275],[39.947599999999994,-3.4280999962172105],[39.927099999999996,-3.4814999961598856],[39.9005,-3.52429999611398],[39.89,-3.5817999960524074],[39.878499999999995,-3.6050999960274415],[39.8659,-3.61659999601516],[39.8573,-3.618299996013328],[39.8357,-3.608799996023499],[39.831,-3.605999996026471],[39.817699999999995,-3.590799996042725],[39.7863,-3.587699996046083],[39.7914,-3.574899996059748],[39.78089999999999,-3.5665999960686463],[39.773,-3.584899996049067],[39.7759,-3.6002999960325637],[39.7878,-3.6090999960231387],[39.8079,-3.608799996023499],[39.796099999999996,-3.622999996008284],[39.79999999999999,-3.634699995995805],[39.8141,-3.6392999959908763],[39.849,-3.6252999960058587],[39.8601,-3.6332999959972776],[39.866599999999984,-3.648599995980908],[39.8691,-3.663399995965118],[39.867,-3.694999995931385],[39.7863,-3.9171999956949106],[39.7608,-3.941799995668781],[39.732,-3.9463999956639206],[39.71179999999999,-3.9313999956798513],[39.7122,-3.8974999957158047],[39.6899,-3.9095999957029632],[39.68370000000001,-3.9171999956949106],[39.6873,-3.9271999956842567],[39.6942,-3.9372999956735786],[39.7021,-3.95589999565383],[39.7122,-3.9649999956442294],[39.73409999999999,-3.9632999956460213],[39.7453,-3.9687999956401994],[39.7424,-3.9858999956220744],[39.7215,-4.009199995597413],[39.7154,-4.025299995580352],[39.70819999999999,-4.037599995567352],[39.69959999999998,-4.048499995555792],[39.6909,-4.053199995550827],[39.6812,-4.047999995556346],[39.6744,-4.024999995580692],[39.6668,-4.019699995586279],[39.66,-4.007699995598969],[39.66179999999999,-3.984599995623458],[39.66029999999999,-3.9708999956379256],[39.6431,-3.9855999956223687],[39.6175,-3.9714999956372994],[39.6056,-3.9697999956391095],[39.5948,-3.978799995629597],[39.604499999999994,-3.988199995619637],[39.61639999999999,-3.992899995614667],[39.6431,-3.9991999956079507],[39.63549999999999,-4.017099995589034],[39.626099999999994,-4.025599995580034],[39.5948,-4.032699995572523],[39.5732,-4.03189999557338],[39.5642,-4.032999995572198],[39.56060000000001,-4.039899995564922],[39.5613,-4.0610999955424685],[39.5631,-4.070899995532138],[39.5675,-4.081199995521258],[39.5819,-4.061599995541954],[39.615,-4.059299995544429],[39.649899999999995,-4.069599995533548],[39.66969999999999,-4.088099995513999],[39.6657,-4.11209999548862],[39.6161,-4.197899995398174],[39.5837,-4.2793999953124695],[39.551300000000005,-4.402199995183742],[39.5401,-4.430399995154256],[39.531099999999995,-4.417399995167863],[39.522499999999994,-4.418199995167007],[39.50589999999999,-4.438099995146189],[39.5045,-4.443599995140418],[39.50549999999999,-4.4559999951274785],[39.5023,-4.461599995121651],[39.485,-4.478899995103581],[39.4508,-4.581999994996135],[39.4443,-4.563499995015361],[39.4476,-4.534299995045779],[39.444,-4.519999995060679],[39.43099999999999,-4.529999995050274],[39.4098,-4.574499995003951],[39.4047,-4.573899995004548],[39.397499999999994,-4.570099995008501],[39.3914,-4.571099995007458],[39.3885,-4.585299994992691],[39.3907,-4.5935999949840465],[39.4062,-4.615199994961591],[39.39609999999999,-4.628999994947275],[39.3626,-4.634099994941963],[39.3245,-4.62459999495183],[39.30029999999999,-4.594999994982606],[39.2996,-4.600899994976453],[39.2939,-4.615599994961183],[39.264300000000006,-4.606699994970414],[39.2427,-4.627499994948815],[39.224399999999996,-4.655899994919302],[39.2049,-4.670099994904549],[39.193799999999996,-4.67329999490125],[39.19050000000001,-4.677599994896792],[37.77109999999999,-3.6554999959735803],[37.7574,-3.637499995992811],[37.7473,-3.6169999960147274],[37.7297,-3.555499996080563],[37.7221,-3.539999996097142],[37.7084,-3.527299996110722],[37.6893,-3.518099996120615],[37.6685,-3.512499996126635],[37.6469,-3.5106999961285417],[37.59899999999998,-3.513499996125537],[37.5961,-3.4997999961401973],[37.604,-3.4801999961612733],[37.60829999999999,-3.4636999961789763],[37.6029,-3.4558999961873327],[37.5867,-3.453699996189666],[37.579499999999996,-3.44639999619756],[37.57770000000001,-3.4357999962089463],[37.5853,-3.4130999962333473],[37.59029999999999,-3.404199996242875],[37.6047,-3.3879999962602714],[37.6271,-3.3702999962793316],[37.65079999999999,-3.3576999962928893],[37.66989999999999,-3.356099996294635],[37.6685,-3.338199996313861],[37.6721,-3.324299996328863],[37.681799999999996,-3.315799996337987],[37.7001,-3.3144999963393915],[37.6602,-3.0705999966028106],[37.6447,-3.0459999966294853],[34.05259999999999,-1.040499998838],[34.0155,-1.0374999988413571],[34.0019,-1.0287999988510204],[34.0001,-1.0025999988802352],[33.904300000000006,-1.0025999988802352],[33.89489999999999,-0.662899999259146],[33.9536,-0.1543999998273762],[33.9525,-0.11579999987052317],[33.8906,0.08999999989938484],[33.8935,0.10979999987722136],[34.040699999999994,0.30599999965790114],[34.0767,0.33389999962669603],[34.08500000000001,0.346999999612092],[34.0879,0.3674999995891476],[34.0767,0.40389999954846056],[34.0757,0.42229999952791164],[34.07999999999999,0.43149999951761897],[34.1045,0.4621999994833487],[34.1325,0.5728999993596555],[34.1495,0.6035999993254004],[34.179,0.623999999302604],[34.219699999999996,0.6386999992861854],[34.25209999999999,0.6549999992680113],[34.2762,0.680899999239063],[34.2924,0.7237999991911628],[34.2985,0.759299999151575],[34.3068,0.7681999991416338],[34.3709,0.8002999991058054],[34.3881,0.8158999990884038],[34.4025,0.8560999990435887],[34.4313,0.8935999990017619],[34.45729999999998,0.957699998930272],[34.463,0.9780999989075281],[34.4637,1.0228999988576102],[34.4688,1.044299998833786],[34.4771,1.0646999988110717],[34.48709999999999,1.082499998791224],[34.5077,1.1025999987688564],[34.5239,1.0985999987733133],[34.54039999999999,1.0894999987834222],[34.5613,1.0934999987789686],[34.5721,1.1117999987585825],[34.5735,1.1342999987335554],[34.5804,1.1525999987131548],[34.62899999999999,1.163599998700932],[34.6632,1.1963999986644227],[34.6837,1.2090999986502864],[34.7661,1.2175999986408441],[34.7978,1.2319999986248396],[34.810399999999994,1.272699998579575],[34.79999999999999,1.3123999985354238],[34.7827,1.3530999984901895],[34.7791,1.3885999984507336],[34.8385,1.437199998396752],[34.8594,1.5178999983072012],[34.8824,1.5522999982690495],[34.8925,1.557299998263494],[34.9137,1.5615999982587152],[34.9235,1.5661999982536317],[34.9335,1.5757999982429658],[34.94109999999999,1.5870999982304554],[34.97280000000001,1.6542999981559738],[34.9785,1.6760999981318077],[34.979600000000005,1.8703999979168466],[34.9839,1.882599997903407],[35.0027,1.906199997877319],[35.0066,1.9168999978654844],[35.0016,1.9280999978531326],[34.9778,1.9499999978289597],[34.9692,1.9603999978174904],[34.961999999999996,1.977899997798169],[34.958,1.9978999977760765],[34.9566,2.018499997753384],[34.9584,2.037999997731891],[34.9677,2.082599997682695],[34.9674,2.101999997661339],[34.86549999999999,2.347499997391394],[34.858999999999995,2.3868999973481833],[34.868,2.4114999973212026],[34.885999999999996,2.4254999973058626],[34.90619999999999,2.4369999972932335],[34.9209,2.454699997273851],[34.9235,2.477299997249092],[34.9145,2.494499997230267],[34.8871,2.522399997199722],[34.8813,2.5413999971789396],[34.87559999999999,2.591199997124479],[34.86549999999999,2.6049999971093722],[34.85649999999999,2.603499997111033],[34.8417,2.5877999971281924],[34.8281,2.5887999971270848],[34.8187,2.598099997116929],[34.7766,2.6856999970212705],[34.761499999999984,2.772599996926526],[34.7409,2.8356999968578425],[34.737,2.844399996848346],[34.7301,2.852999996838988],[34.7247,2.8542999968375877],[34.69669999999999,2.8678999968228074],[34.6887,2.8791999968105073],[34.68509999999999,2.8809999968085833],[34.6826,2.879499996810188],[34.6783,2.871599996818807],[34.6603,2.8586999968328053],[34.6542,2.8565999968350924],[34.6405,2.860099996831304],[34.631499999999996,2.8695999968209494],[34.6164,2.893499996794983],[34.584699999999984,2.928799996756616],[34.57459999999999,2.9460999967378543],[34.5455,3.097499996573715],[34.5339,3.1185999965508597],[34.5127,3.132499996535844],[34.4659,3.14589999652138],[34.44499999999999,3.159199996506994],[34.4339,3.1820999964822527],[34.4241,3.3048999963497567],[34.411199999999994,3.34469999630687],[34.3867,3.3764999962726554],[34.3838,3.388299996259998],[34.397099999999995,3.4242999962212943],[34.398599999999995,3.433699996211184],[34.394299999999994,3.444699996199354],[34.382,3.465999996176486],[34.3813,3.4768999961648186],[34.3867,3.4855999961554733],[34.4155,3.497099996143104],[34.4346,3.5262999961118275],[34.44389999999999,3.5663999960688737],[34.4465,3.6467999959828337],[34.4396,3.6677999959604133],[34.4249,3.6772999959502894],[34.4061,3.68299999594418],[34.3874,3.692899995933635],[34.355,3.7273999958968136],[34.336999999999996,3.7346999958890374],[34.31,3.7267999958974616],[34.29959999999999,3.7170999959078164],[34.2953,3.7074999959180484],[34.2906,3.7031999959226143],[34.27869999999999,3.709799995915585],[34.2639,3.7500999958726027],[34.2416,3.7786999958421488],[34.2409,3.783699995836795],[34.2305,3.7826999958378886],[34.2107,3.7771999958437217],[34.1909,3.7758999958451183],[34.1736,3.771399995849927],[34.1653,3.77089999585043],[34.1523,3.7756999958453097],[34.159199999999984,3.783499995837002],[34.179,3.7961999958235],[34.166399999999996,3.8113999958073257],[34.1509,3.8171999958011353],[34.14909999999999,3.822799995795208],[34.1966,3.847399995769041],[34.2074,3.8608999957546555],[34.2049,3.874599995740107],[34.1829,3.8861999957278046],[34.1635,3.8861999957278046],[34.1239,3.8719999957429114],[34.1081,3.868999995746088],[34.084700000000005,3.8772999957372347],[34.0861,3.894799995718674],[34.09909999999999,3.917799995694257],[34.109500000000004,3.943399995667092],[34.107,3.959599995649927],[34.095499999999994,3.971099995637731],[34.0807,3.9807999956274447],[34.0688,3.991999995615591],[34.0613,4.00779999559886],[34.0616,4.017999995588058],[34.0699,4.041499995563239],[34.0728,4.064699995538675],[34.0724,4.076499995526207],[34.0692,4.088099995513993],[34.0609,4.0992999955021405],[34.0497,4.109399995491477],[34.04109999999999,4.120499995479769],[34.0397,4.1340999954654025],[34.04109999999999,4.164799995433061],[34.028499999999994,4.187999995408612],[34.0062,4.2057999953898575],[33.977,4.219799995375128],[34.3813,4.620199994956409],[35.92069999999999,4.619299994957337],[35.9228,4.6021999949751]]]]}},{"type":"Feature","properties":{"ADMIN":"Libya","ISO_A3":"LBY","admin_source":"World Bank Official Boundaries, artifact wb_boundaries_20260820"},"geometry":{"type":"Polygon","coordinates":[[[11.505099999999997,33.18119998969923],[11.506199999999998,33.13639998967656],[11.4774,33.041199989628424],[11.474799999999997,33.02589998962067],[11.4745,32.969899989592435],[11.4565,32.90209998955826],[11.4637,32.79849998950619],[11.4493,32.69299998945328],[11.450000000000001,32.63789998942566],[11.470499999999996,32.59929998940637],[11.537499999999998,32.54349998937851],[11.5605,32.50759998936061],[11.564099999999998,32.46549998933963],[11.5465,32.434299989324096],[11.514099999999997,32.40799998931103],[11.443899999999998,32.36849998929138],[10.873300000000002,32.136799989176716],[10.8459,32.11169998916436],[10.8056,32.032299989125285],[10.7728,32.00459998911168],[10.7365,31.985399989102266],[10.703,31.962199989090845],[10.683600000000002,31.9569999890883],[10.6652,31.963199989091304],[10.6472,31.971899989095597],[10.628499999999999,31.97419998909676],[10.605799999999997,31.953599989086655],[10.5975,31.873499989047435],[10.5846,31.84029998903121],[10.5424,31.80659998901475],[10.5255,31.772199988997972],[10.513599999999999,31.757099988990603],[10.498899999999999,31.744399988984433],[10.482700000000001,31.733099988978932],[10.4276,31.71459998896995],[10.3153,31.715899988970545],[10.2638,31.680599988953414],[10.196500000000002,31.578699988903992],[10.132799999999998,31.51759998887447],[10.1169,31.494399988863293],[10.1061,31.42929998883195],[10.108299999999998,31.411799988823528],[10.1828,31.240799988741635],[10.213,31.13529998869134],[10.2447,31.078199988664217],[10.2462,31.05959998865546],[10.2408,31.021099988637186],[10.2451,30.98579998862054],[10.2703,30.9156999885875],[10.2699,30.882199988571678],[10.254100000000001,30.841799988552772],[10.192200000000001,30.73129998850107],[10.1011,30.641799988459358],[9.995599999999996,30.494499988391198],[9.8714,30.35509998832715],[9.8458,30.34239998832136],[9.7727,30.338099988319346],[9.7436,30.33139998831629],[9.5197,30.228899988269546],[9.2864,30.117099988218886],[9.3101,30.084399988204098],[9.4217,29.96869998815212],[9.5495,29.80229998807791],[9.6676,29.608399987992485],[9.826,29.128599987785606],[9.8483,28.975699987721143],[9.851199999999999,28.78609998764223],[9.7771,28.267599987432494],[9.79,28.209499987409586],[9.9358,27.866799987276885],[9.9344,27.827399987261867],[9.8635,27.619399987183737],[9.846499999999997,27.59929998717626],[9.8185,27.585699987171235],[9.794,27.569799987165357],[9.7972,27.548899987157643],[9.8116,27.52659998714942],[9.8217,27.505699987141735],[9.8138,27.486599987134728],[9.770599999999996,27.44429998711927],[9.7562,27.42299998711149],[9.7432,27.364199987090164],[9.7267,27.32469998707592],[9.722,27.308499987070082],[9.7213,27.29189998706411],[9.8062,27.025199986969906],[9.8257,26.920599986933734],[9.835,26.901099986927065],[9.846199999999998,26.89189998692392],[9.890799999999999,26.86959998691631],[9.9067,26.857599986912213],[9.910599999999997,26.84309998690724],[9.8854,26.7366999868713],[9.8825,26.701899986859647],[9.8941,26.673999986850333],[9.8962,26.65279998684328],[9.8545,26.524399986801033],[9.835699999999997,26.50429998679446],[9.482599999999998,26.352599986745616],[9.4815,26.332699986739282],[9.4775,26.315699986733893],[9.468899999999998,26.30109998672925],[9.4347,26.27199998672007],[9.416299999999998,26.232399986707623],[9.4027,26.216199986702573],[9.377799999999999,26.168999986687837],[9.4012,26.11339998667067],[9.969699999999998,25.395499986461857],[10.0078,25.33149998644444],[10.0215,25.268099986427444],[10.0298,24.99509998635633],[10.031999999999998,24.856399986321744],[10.044599999999999,24.829599986315145],[10.1932,24.75009998629585],[10.2123,24.722899986289345],[10.229600000000001,24.62999998626735],[10.242199999999999,24.595199986259214],[10.2602,24.576799986254983],[10.392,24.479999986232805],[10.4107,24.473299986231307],[10.4503,24.47699998623214],[10.677400000000002,24.55389998624967],[10.699,24.55619998625022],[10.720599999999997,24.55229998624931],[11.5087,24.31389998619599],[11.541399999999998,24.29759998619245],[11.566999999999998,24.266899986185848],[11.968799999999998,23.51719998604057],[13.4822,23.179599985985718],[13.599599999999997,23.118999985976565],[14.2015,22.623099985910027],[14.216199999999999,22.616199985909216],[14.231699999999998,22.617899985909393],[14.979799999999996,22.995599985958627],[15.9648,23.442099986027785],[15.985299999999999,23.444699986028247],[23.9812,19.49609998585555],[23.9812,19.995399985819798],[24.968,19.994899985819814],[24.976599999999998,19.99589998581979],[24.9806,20.001999985819445],[24.981299999999997,21.995299985847524],[24.981299999999997,29.18139998780801],[24.9745,29.238999987832564],[24.9565,29.292699987855553],[24.8737,29.46839998793143],[24.863999999999994,29.502899987946424],[24.8614,29.541599987963238],[24.870399999999997,29.614099987994926],[24.8708,29.638399988005606],[24.856000000000005,29.679499988023686],[24.804900000000004,29.75479998805688],[24.7981,29.79639998807533],[24.814999999999998,29.848699988098556],[24.816100000000002,29.86839998810731],[24.8118,29.890899988117365],[24.725699999999996,30.078299988201376],[24.6973,30.122699988221413],[24.688299999999995,30.14419998823112],[24.6886,30.182799988248636],[24.704800000000002,30.21789998826454],[24.746199999999998,30.28279998829409],[24.762799999999995,30.31699998830973],[24.7725,30.331099988316144],[24.79949999999999,30.360799988329738],[24.829799999999995,30.387599988342046],[24.888099999999998,30.46439998837732],[24.907499999999995,30.498599988393092],[24.916899999999995,30.532399988408674],[24.9205,30.55229998841792],[24.950699999999998,30.621299988449845],[24.9612,30.676199988475368],[24.9738,30.716299988494075],[24.98849999999999,30.750699988510103],[24.994999999999997,30.785099988526195],[24.981299999999997,30.825499988545122],[24.9378,30.905799988582828],[24.9244,30.956699988606776],[24.889499999999998,31.01879998863615],[24.882699999999996,31.0391999886458],[24.8596,31.145899988696378],[24.8586,31.22789998873543],[24.8485,31.31209998877569],[24.848799999999997,31.348699988793243],[24.861099999999997,31.380299988808396],[25.0238,31.494399988863293],[25.060499999999994,31.579399988904356],[25.0882,31.613599988920917],[25.150899999999993,31.656499988941718],[25.1563,31.663099988944936],[25.1368,31.692599988959234],[25.1221,31.720899988973024],[25.116999999999997,31.737899988981276],[25.063799999999997,31.804099989013515],[25.0296,31.836999989029596],[25.0224,31.854699989038224],[25.024499999999996,31.876599989048923],[25.033500000000004,31.916399989068402],[25.018,31.948999989084424],[24.981700000000004,31.96789998909364],[24.865399999999998,31.989399989104196],[24.8244,32.00299998911085],[24.791600000000003,32.007799989113245],[24.7718,32.016699989117654],[24.7581,32.01999998911922],[24.733599999999996,32.0331999891257],[24.7106,32.025599989122014],[24.670299999999994,32.03249998912536],[24.6584,32.028599989123435],[24.636099999999995,32.014899989116735],[24.5461,31.99149998910521],[24.280799999999996,32.007599989113125],[24.0907,32.005799989112276],[24.068,32.01109998911485],[24.005,32.052899989135376],[23.9787,32.06219998914],[23.970800000000004,32.066699989142165],[23.975099999999994,32.07419998914589],[23.998899999999995,32.09389998915559],[23.8405,32.14909998918277],[23.6698,32.18329998919969],[23.5312,32.181399989198766],[23.4052,32.190699989203324],[23.370699999999996,32.21409998921487],[23.362,32.21709998921638],[23.3185,32.217899989216775],[23.298999999999992,32.22419998921992],[23.3106,32.1792999891977],[23.3124,32.16279998918958],[23.302600000000005,32.17069998919346],[23.2933,32.19229998920414],[23.285399999999996,32.203799989209784],[23.273099999999996,32.20979998921279],[23.2573,32.21379998921475],[23.243599999999997,32.220599989218094],[23.230599999999995,32.250699989233],[23.214399999999998,32.27239998924374],[23.194999999999997,32.29159998925325],[23.1788,32.299899989257355],[23.156499999999998,32.30349998925913],[23.095599999999997,32.323499989269074],[23.080499999999997,32.33409998927431],[23.0791,32.35439998928438],[23.0946,32.43639998932514],[23.109999999999992,32.42029998931712],[23.112200000000005,32.41199998931303],[23.108599999999996,32.40239998930824],[23.1284,32.39549998930482],[23.140999999999995,32.458599989336165],[23.148899999999998,32.47809998934589],[23.1288,32.48849998935109],[23.113299999999995,32.5007999893572],[23.103899999999996,32.51629998936493],[23.0946,32.57739998939541],[23.0978,32.58669998940007],[23.115099999999998,32.60489998940916],[23.1208,32.61519998941434],[23.118700000000004,32.62939998942143],[23.1061,32.63979998942663],[23.0863,32.64649998943],[23.041299999999996,32.65249998943298],[22.9995,32.67059998944207],[22.9768,32.67669998944508],[22.942599999999995,32.67499998944421],[22.929299999999998,32.67669998944508],[22.895799999999998,32.68819998945083],[22.866699999999998,32.69419998945384],[22.812700000000003,32.72449998946907],[22.579000000000004,32.78459998949918],[22.5322,32.78759998950072],[22.513899999999996,32.79089998950237],[22.496599999999997,32.7973999895056],[22.4772,32.807099989510505],[22.3792,32.870299989542296],[22.3396,32.882199989548276],[22.2475,32.88079998954755],[22.206799999999994,32.88809998955126],[22.1751,32.91629998956542],[22.1712,32.92629998957046],[22.1694,32.938199989576475],[22.161399999999997,32.944199989579495],[22.1496,32.94789998958134],[22.116799999999998,32.944199989579495],[22.111799999999995,32.940899989577844],[22.101300000000002,32.92639998957053],[22.0963,32.92319998956889],[21.8774,32.903299989558874],[21.836,32.90659998956053],[21.7874,32.91599998956525],[21.7438,32.93089998957277],[21.716499999999996,32.95029998958253],[21.6718,32.93989998957729],[21.6232,32.93669998957573],[21.608499999999996,32.930699989572695],[21.4548,32.81249998951323],[21.414799999999993,32.79339998950359],[21.332,32.77459998949415],[21.286599999999996,32.77119998949249],[21.096599999999995,32.78099998949738],[21.0508,32.77229998949302],[20.934199999999997,32.722699989468154],[20.796699999999998,32.64309998942828],[20.562699999999996,32.55779998938565],[20.4169,32.45949998933663],[20.4032,32.44729998933054],[20.385599999999997,32.43459998932423],[20.3456,32.419999989316985],[20.3254,32.40979998931191],[20.2772,32.3608999892876],[20.2617,32.339599989277026],[20.0716,32.176399989196284],[20.0479,32.14609998918131],[19.9572,31.98279998910099],[19.944599999999998,31.96749998909347],[19.9402,31.957799989088688],[19.941700000000004,31.94689998908336],[19.948199999999996,31.92599998907312],[19.9345,31.888499989054775],[19.9197,31.804599989013774],[19.9172,31.759299988991664],[19.920799999999996,31.71779998897151],[19.9269,31.699199988962445],[19.9442,31.661499988944136],[19.948199999999996,31.64509998893621],[19.9489,31.600999988914804],[19.955,31.55949998889472],[20.0223,31.39679998881631],[20.038500000000003,31.375899988806253],[20.0821,31.336699988787505],[20.1033,31.30879998877413],[20.128199999999996,31.2428999887426],[20.146499999999996,31.21679998873014],[20.1523,31.088199988668983],[20.146499999999996,31.045599988648767],[20.099699999999995,30.934999988596584],[20.0364,30.81909998854211],[20.0187,30.80379998853494],[19.9824,30.778699988523183],[19.9582,30.749799988509675],[19.9143,30.682999988478535],[19.748699999999996,30.5109999883988],[19.6162,30.42139998835756],[19.596099999999996,30.412099988353287],[19.5511,30.40489998834998],[19.530599999999993,30.39689998834632],[19.419,30.33319998831715],[19.338699999999996,30.298899988301475],[19.239699999999996,30.273999988290083],[19.1461,30.264799988285887],[19.0568,30.266199988286544],[18.9679,30.277799988291832],[18.9261,30.29339998829897],[18.7807,30.37599998833672],[18.7609,30.384299988340498],[18.7191,30.39159998834385],[18.65319999999999,30.422399988358013],[18.6234,30.44579998836879],[18.5683,30.500099988393792],[18.324199999999998,30.6568999884664],[18.235599999999998,30.74679998850826],[18.2083,30.769299988518814],[18.1752,30.786099988526644],[18.016799999999996,30.837999988550948],[17.9268,30.855299988559054],[17.9073,30.863599988562992],[17.889299999999995,30.877899988569702],[17.8616,30.91369998858652],[17.848600000000005,30.92369998859124],[17.775899999999996,30.935299988596707],[17.6917,30.959699988608193],[17.613899999999997,30.992499988623678],[17.466699999999996,31.02999998864141],[17.4472,31.038699988645494],[17.4188,31.06219998865665],[17.365899999999996,31.086699988668286],[17.330599999999997,31.086499988668177],[17.1603,31.118899988683598],[16.9418,31.183299988714168],[16.727999999999998,31.223899988733553],[16.3586,31.227199988735112],[16.0447,31.275599988758202],[15.7614,31.388199988812197],[15.687599999999994,31.43789998883607],[15.622800000000002,31.497199988864622],[15.514399999999997,31.628299988928056],[15.4903,31.664799988945727],[15.370399999999997,31.929399989074742],[15.361000000000002,31.96529998909237],[15.3553,32.03859998912835],[15.359599999999999,32.1021999891597],[15.368599999999997,32.13809998917736],[15.370399999999997,32.15909998918772],[15.364599999999998,32.174699989195446],[15.322499999999998,32.22419998921992],[15.300899999999999,32.260899989238034],[15.292300000000001,32.28089998924797],[15.282899999999998,32.317199989265944],[15.2696,32.328799989271666],[15.233199999999998,32.34719998928082],[15.195800000000002,32.38979998930197],[15.1821,32.39549998930482],[15.1602,32.39869998930643],[15.114799999999999,32.41279998931342],[14.910999999999998,32.44389998932884],[14.726699999999997,32.450799989332296],[14.706599999999998,32.45629998933505],[14.662999999999997,32.47679998934525],[14.6475,32.48829998935096],[14.6317,32.49569998935471],[14.469299999999997,32.518999989366286],[14.449499999999999,32.52549998936953],[14.4042,32.56679998939013],[14.316999999999998,32.630499989421956],[14.262299999999998,32.66029998943688],[14.2263,32.69089998945223],[14.203299999999999,32.70029998945691],[14.1853,32.714499989463995],[14.175600000000001,32.717699989465665],[13.9912,32.744599989479106],[13.9153,32.77269998949325],[13.830299999999998,32.79409998950396],[13.787099999999999,32.799699989506756],[13.6168,32.79339998950359],[13.5715,32.802799989508365],[13.3735,32.89209998955321],[13.363,32.89949998955697],[13.351900000000002,32.9042999895594],[13.257199999999997,32.91869998956663],[13.1877,32.91629998956542],[13.164699999999996,32.91269998956361],[13.1478,32.903999989559246],[13.1154,32.882199989548276],[13.0743,32.86629998954026],[12.8245,32.80439998950918],[12.729799999999997,32.798699989506254],[12.348199999999999,32.83269998952338],[12.303899999999999,32.84319998952864],[12.2247,32.87589998954506],[12.160599999999999,32.91169998956313],[12.1225,32.92129998956792],[12.0807,32.957799989586334],[11.8471,33.082899989649455],[11.739399999999998,33.113099989664754],[11.691200000000002,33.135999989676336],[11.707799999999999,33.11719998966683],[11.772899999999998,33.09929998965774],[11.793399999999998,33.08069998964838],[11.7567,33.09259998965439],[11.635799999999998,33.10879998966259],[11.603,33.121499989669005],[11.5875,33.132399989674525],[11.574900000000001,33.15799998968749],[11.5602,33.16599998969153],[11.525999999999998,33.17699998969707],[11.505099999999997,33.18119998969923]]]}},{"type":"Feature","properties":{"ADMIN":"Rwanda","ISO_A3":"RWA","admin_source":"World Bank Official Boundaries, artifact wb_boundaries_20260820"},"geometry":{"type":"Polygon","coordinates":[[[29.015499999999996,-2.7206999969831034],[29.0324,-2.6206999970922498],[29.0551,-2.5984999971165186],[29.1134,-2.594599997120764],[29.129600000000003,-2.597099997118027],[29.1904,-2.6235999970890553],[29.212799999999998,-2.6302999970817686],[29.2549,-2.6355999970759427],[29.276099999999996,-2.640699997070402],[29.294499999999992,-2.6511999970589333],[29.306699999999996,-2.660199997049118],[29.306,-2.6765999970312295],[29.3096,-2.6910999970153777],[29.331600000000005,-2.711399996993232],[29.3377,-2.7238999969796325],[29.335200000000004,-2.7351999969672685],[29.321499999999997,-2.752199996948755],[29.318199999999997,-2.762699996937302],[29.3204,-2.774199996924816],[29.32979999999999,-2.794999996902146],[29.330800000000004,-2.807399996888626],[29.3398,-2.826499996867874],[29.3643,-2.8241999968703517],[29.40749999999999,-2.805599996890585],[29.4255,-2.803399996893001],[29.481,-2.81369999688179],[29.503999999999998,-2.826899996867431],[29.523099999999996,-2.8204999968743762],[29.5418,-2.808599996887328],[29.5638,-2.8056999968904646],[29.574200000000005,-2.8061999968899363],[29.589300000000005,-2.798399996898422],[29.619199999999996,-2.7876999969100993],[29.626400000000004,-2.7880999969096782],[29.678599999999996,-2.8053999968908108],[29.6977,-2.8082999968876683],[29.720000000000002,-2.805599996890585],[29.729699999999998,-2.7995999968971192],[29.734000000000005,-2.7902999969072537],[29.737299999999994,-2.7693999969299963],[29.74479999999999,-2.7600999969401396],[29.756400000000003,-2.759899996940398],[29.778699999999994,-2.766699996932972],[29.8035,-2.7673999969322143],[29.823700000000002,-2.7634999969364435],[29.8424,-2.752499996948435],[29.862899999999996,-2.7316999969711024],[29.876199999999997,-2.7135999969908413],[29.8885,-2.6929999970132905],[29.897799999999993,-2.671199997037072],[29.90319999999999,-2.6491999970611184],[29.907899999999994,-2.5353999971854937],[29.929500000000004,-2.459799997268255],[29.922299999999993,-2.3829999973524396],[29.92879999999999,-2.3225999974187217],[29.931699999999992,-2.3169999974248747],[29.9418,-2.3165999974252958],[29.95,-2.321199997420245],[29.975999999999996,-2.3437999973954686],[30.0019,-2.3443999973947767],[30.0134,-2.3483999973904335],[30.025700000000004,-2.357799997380077],[30.0566,-2.394399997339941],[30.0728,-2.4088999973240246],[30.0937,-2.422599997308997],[30.116699999999994,-2.4315999972991653],[30.1391,-2.430899997299939],[30.1563,-2.419099997312834],[30.201299999999993,-2.362399997375048],[30.203499999999995,-2.3553999973827215],[30.2039,-2.3460999973929177],[30.207499999999992,-2.339299997400372],[30.218999999999998,-2.3404999973991014],[30.2503,-2.3556999973824193],[30.2629,-2.358399997379461],[30.2787,-2.3576999973802257],[30.297800000000002,-2.3537999973844532],[30.316900000000004,-2.347599997391298],[30.331299999999995,-2.3402999973992946],[30.3626,-2.307899997434883],[30.378499999999995,-2.303099997440133],[30.3835,-2.3055999974373753],[30.41519999999999,-2.3131999974290505],[30.4184,-2.3118999974304937],[30.4231,-2.317399997424419],[30.4285,-2.3314999974089807],[30.434299999999997,-2.339299997400372],[30.488600000000005,-2.3837999973515815],[30.521700000000003,-2.3993999973344566],[30.554499999999997,-2.4006999973330507],[30.573899999999995,-2.3892999973455202],[30.595200000000002,-2.3919999973425705],[30.616800000000005,-2.398199997335779],[30.638,-2.3969999973371214],[30.6492,-2.387699997347291],[30.663200000000003,-2.3607999973767892],[30.674700000000005,-2.351799997386657],[30.687700000000003,-2.3500999973885417],[30.698500000000003,-2.353499997384817],[30.750699999999995,-2.379099997356753],[30.758999999999997,-2.381099997354518],[30.768,-2.3786999973571765],[30.775199999999995,-2.374499997361779],[30.789200000000005,-2.37109999736548],[30.821300000000004,-2.3547999973833833],[30.834200000000003,-2.3453999973937223],[30.8447,-2.3267999974141054],[30.848999999999997,-2.306299997436644],[30.8447,-2.237899997511771],[30.853300000000004,-2.193799997560275],[30.8879,-2.082599997682694],[30.879599999999996,-2.053599997714651],[30.868799999999997,-2.039099997730651],[30.8537,-2.0237999977475356],[30.8353,-2.01479999775748],[30.816899999999997,-2.0187999977530517],[30.829899999999995,-1.9604999978173552],[30.826999999999998,-1.9341999978463886],[30.7971,-1.9292999978517955],[30.801799999999993,-1.9212999978606038],[30.807899999999997,-1.9148999978676942],[30.824099999999994,-1.9021999978817028],[30.8166,-1.8842999979015078],[30.822299999999995,-1.8687999979186518],[30.832400000000003,-1.8537999979351925],[30.837799999999998,-1.8368999979539005],[30.829899999999995,-1.7967999979982001],[30.826299999999993,-1.7861999980099739],[30.837799999999998,-1.7587999980402904],[30.8353,-1.7495999980504564],[30.824099999999994,-1.730699998071379],[30.824499999999993,-1.7199999980832101],[30.837499999999995,-1.6410999981706167],[30.838200000000004,-1.6153999981990652],[30.831,-1.5941999982225632],[30.8072,-1.6032999982124954],[30.7917,-1.5909999982261376],[30.782,-1.5683999982512002],[30.772300000000005,-1.5324999982910006],[30.768,-1.5248999982993936],[30.755399999999998,-1.5115999983141817],[30.738800000000005,-1.489599998338575],[30.733099999999997,-1.476599998353046],[30.738099999999996,-1.4706999983595683],[30.741299999999995,-1.4589999983725572],[30.743099999999995,-1.4328999984015378],[30.7374,-1.4066999984306379],[30.717899999999997,-1.3949999984436088],[30.698500000000003,-1.392099998446829],[30.632299999999994,-1.3676999984739384],[30.6233,-1.3620999984801903],[30.608099999999993,-1.34789999849594],[30.5977,-1.340499998504173],[30.5682,-1.328199998517843],[30.555199999999996,-1.3183999985287762],[30.5498,-1.3023999985465173],[30.55089999999999,-1.2949999985547551],[30.556699999999992,-1.2815999985696533],[30.554499999999997,-1.2734999985786553],[30.545099999999998,-1.2614999985920383],[30.539400000000004,-1.2409999986147826],[30.521399999999993,-1.210999998648181],[30.5153,-1.1963999986644118],[30.51129999999999,-1.1704999986932694],[30.506999999999994,-1.1642999987001752],[30.4947,-1.1553999987100656],[30.483900000000002,-1.15999999870496],[30.475999999999992,-1.1612999987034938],[30.467399999999998,-1.1553999987100656],[30.465600000000002,-1.1493999987167371],[30.4742,-1.1317999987363123],[30.470999999999997,-1.118199998751473],[30.4562,-1.1081999987626276],[30.453,-1.097499998774507],[30.4562,-1.086199998787101],[30.4717,-1.0667999988086938],[30.44579999999999,-1.0586999988177204],[30.4321,-1.0604999988157582],[30.418800000000005,-1.066599998808934],[30.4033,-1.0703999988046744],[30.386399999999995,-1.0682999988070614],[30.369499999999995,-1.0632999988125953],[30.352899999999998,-1.0607999988154224],[30.337399999999995,-1.0662999988092767],[30.3291,-1.0805999987933455],[30.322699999999998,-1.1218999987473741],[30.317300000000003,-1.1370999987304253],[30.311100000000003,-1.1420999987248606],[30.2946,-1.1496999987164112],[30.287399999999998,-1.1553999987100656],[30.2845,-1.1613999987033614],[30.280499999999996,-1.1824999986799092],[30.269699999999997,-1.2004999986598717],[30.256799999999995,-1.217199998641296],[30.212099999999992,-1.2595999985941457],[30.196700000000003,-1.2687999985838891],[30.173599999999997,-1.272899998579333],[30.1657,-1.2774999985742328],[30.158499999999997,-1.2911999985590021],[30.1524,-1.3299999985158353],[30.147299999999994,-1.3451999984989922],[30.136200000000002,-1.3552999984877214],[30.095500000000005,-1.3711999984700391],[30.060900000000004,-1.3897999984494016],[30.047599999999996,-1.4032999984343943],[30.0386,-1.424999998410294],[30.0282,-1.4271999984078778],[29.960499999999993,-1.4647999983661024],[29.938499999999994,-1.472999998356994],[29.917299999999994,-1.4752999983544441],[29.897799999999993,-1.4696999983606926],[29.88059999999999,-1.4536999983784362],[29.870799999999996,-1.4324999984019962],[29.8687,-1.3913999984476104],[29.864399999999993,-1.3703999984709712],[29.8359,-1.3295999985162803],[29.825099999999996,-1.3239999985225175],[29.816100000000002,-1.3225999985241],[29.807500000000005,-1.325199998521163],[29.798100000000005,-1.3309999985147396],[29.7891,-1.3417999985027467],[29.783000000000005,-1.3614999984808702],[29.774700000000003,-1.3663999984753972],[29.767900000000004,-1.3637999984782812],[29.746600000000004,-1.3508999984926078],[29.7348,-1.3481999984956272],[29.710599999999996,-1.3525999984907133],[29.69369999999999,-1.3611999984811889],[29.6782,-1.37239999846873],[29.657700000000002,-1.3839999984558267],[29.638999999999996,-1.3890999984501649],[29.618099999999995,-1.390699998448404],[29.5778,-1.3883999984509283],[29.53859999999999,-1.4023999984353894],[29.498599999999996,-1.4311999984034207],[29.4644,-1.4669999983636552],[29.441699999999997,-1.5025999983241691],[29.4374,-1.5062999983200884],[29.3586,-1.5099999983159622],[29.342700000000004,-1.5165999983086464],[29.3312,-1.5314999982921038],[29.303799999999995,-1.5878999982295507],[29.293800000000005,-1.6010999982149243],[29.2455,-1.6409999981706875],[29.233300000000003,-1.6586999981510833],[29.212400000000002,-1.6986999981067874],[29.149399999999993,-1.7993999979953723],[29.13029999999999,-1.8432999979468176],[29.125600000000002,-1.8790999979072602],[29.127800000000004,-1.9156999978668228],[29.1544,-2.072699997693621],[29.1562,-2.10869999765396],[29.15049999999999,-2.150399997608041],[29.134999999999994,-2.1977999975558977],[29.1098,-2.23669999751314],[29.075199999999995,-2.2638999974832132],[29.031,-2.2756999974702237],[29.002199999999995,-2.2747999974712108],[28.9935,-2.277799997467924],[28.9834,-2.2873999974574035],[28.9788,-2.3068999974359725],[28.971199999999996,-2.321699997419732],[28.9597,-2.33979999739986],[28.945300000000003,-2.354199997384064],[28.928,-2.3644999973727385],[28.8805,-2.379799997355936],[28.8664,-2.3919999973425705],[28.858900000000002,-2.418199997313876],[28.860699999999994,-2.439699997290307],[28.8646,-2.4595999972684828],[28.8747,-2.4775999972487988],[28.8783,-2.4896999972355274],[28.860699999999994,-2.505299997218459],[28.857100000000003,-2.518399997204099],[28.861000000000004,-2.531199997190117],[28.881199999999996,-2.5426999971775257],[28.891300000000005,-2.5530999971661537],[28.898099999999996,-2.576299997140757],[28.891300000000005,-2.6526999970572867],[28.899199999999993,-2.660799997048473],[28.936299999999996,-2.685099997021936],[28.949599999999997,-2.6903999970161525],[28.979500000000005,-2.693499997012746],[29.000000000000004,-2.703699997001672],[29.015499999999996,-2.7206999969831034]]]}},{"type":"Feature","properties":{"ADMIN":"Sudan","ISO_A3":"SDN","admin_source":"World Bank Official Boundaries, artifact wb_boundaries_20260820"},"geometry":{"type":"MultiPolygon","coordinates":[[[[36.8779,21.975999985845984],[36.8736,21.97399998584584],[36.857699999999994,21.971999985845695],[36.84009999999999,21.966099985845243],[36.8639,21.94929998584393],[36.8736,21.935999985842898],[36.87429999999999,21.815299985834223],[36.89699999999999,21.677899985825434],[36.88799999999999,21.650099985823807],[36.902,21.64099998582329],[36.9053,21.629399985822623],[36.906,21.617099985821973],[36.912099999999995,21.60599998582135],[36.9233,21.59539998582078],[36.9305,21.585899985820244],[36.9841,21.465799985814314],[37.113699999999994,21.277999985806897],[37.199,21.20199998580457],[37.3056,21.074399985801513],[37.3131,21.05769998580121],[37.311,21.03799998580084],[37.3041,21.02089998580059],[37.29119999999999,21.01259998580043],[37.27209999999999,21.02019998580056],[37.2519,21.00599998580032],[37.233900000000006,21.02019998580056],[37.19220000000001,21.085999985801756],[37.189299999999996,21.097099985801986],[37.19609999999999,21.10199998580211],[37.209500000000006,21.098599985802032],[37.216699999999996,21.090299985801853],[37.221,21.080399985801655],[37.2271,21.071699985801494],[37.250099999999996,21.054899985801146],[37.26349999999999,21.04959998580105],[37.27209999999999,21.054199985801134],[37.26990000000001,21.06249998580129],[37.24549999999999,21.088999985801834],[37.2296,21.12779998580266],[37.21879999999999,21.141699985802994],[37.203,21.13679998580288],[37.175299999999986,21.156699985803375],[37.167,21.146099985803115],[37.1591,21.14799998580313],[37.1526,21.1576999858034],[37.1486,21.170799985803715],[37.1511,21.182999985804056],[37.1576,21.194599985804366],[37.1594,21.206299985804698],[37.1486,21.21859998580504],[37.1213,21.22419998580522],[37.1051,21.207499985804724],[37.0986,21.18089998580397],[37.1007,21.156699985803375],[37.1058,21.151099985803224],[37.118,21.15019998580323],[37.12049999999999,21.143699985803057],[37.113699999999994,21.12319998580255],[37.118,21.097699985801988],[37.118,21.086099985801766],[37.113699999999994,21.07469998580151],[37.1036,21.065199985801335],[37.093499999999985,21.062399985801303],[37.0867,21.057099985801223],[37.086299999999994,21.040499985800906],[37.0917,21.031599985800767],[37.12049999999999,20.999699985800245],[37.147200000000005,20.940899985799497],[37.1601,20.878199985798936],[37.1691,20.74639998579867],[37.1835,20.684299985798955],[37.22820000000001,20.564899985800267],[37.2303,20.49999998580135],[37.227799999999995,20.484099985801656],[37.2224,20.468199985802],[37.2127,20.4585999858022],[37.1825,20.462799985802093],[37.178900000000006,20.449899985802375],[37.1825,20.420099985803116],[37.175299999999986,20.34909998580503],[37.1825,20.308599985806243],[37.1825,20.293899985806753],[37.2062,20.23539998580882],[37.2141,20.19999998581018],[37.2195,20.167399985811514],[37.2249,20.119399985813644],[37.2098,20.081499985815405],[37.2098,20.07479998581574],[37.2062,20.063799985816246],[37.193999999999996,20.049499985816972],[37.189299999999996,20.03999998581746],[37.1889,20.01309998581885],[37.19609999999999,19.979099985820696],[37.2595,19.820599985830324],[37.2653,19.78689998583258],[37.2653,19.721599985837234],[37.26349999999999,19.703699985838572],[37.2581,19.692799985839354],[37.24150000000001,19.670399985841083],[37.2383,19.65519998584226],[37.24549999999999,19.59499998584706],[37.2437,19.576099985848646],[37.24940000000001,19.558199985850152],[37.2653,19.53229998585237],[37.285799999999995,19.475199985857408],[37.3254,19.26279998587829],[37.3337,19.159599985889628],[37.3373,19.14759998589098],[37.3549,19.135399985892352],[37.361,19.128299985893182],[37.361,19.12159998589395],[37.3556,19.108499985895474],[37.3553,19.101499985896325],[37.3797,19.069199985900138],[37.391600000000004,19.019399985906176],[37.425799999999995,18.91349998591967],[37.4345,18.861699985926546],[37.4478,18.843499985928993],[37.49239999999999,18.76749998593956],[37.52519999999999,18.738499985943662],[37.530899999999995,18.726899985945344],[37.5399,18.71589998594695],[37.5511,18.709899985947825],[37.56329999999999,18.713699985947255],[37.5745,18.71989998594633],[37.581700000000005,18.718199985946587],[37.6415,18.726699985945366],[37.674600000000005,18.74089998594333],[37.6793,18.722399985946],[37.7016,18.71109998594763],[37.7203,18.707799985948103],[37.7408,18.709099985947944],[37.7473,18.697699985949566],[37.7495,18.681399985952],[37.765699999999995,18.6671999859541],[37.7581,18.6285999859599],[37.7736,18.636599985958686],[37.7851,18.640199985958148],[37.7963,18.631699985959443],[37.8128,18.615499985961886],[37.9255,18.585099985966554],[37.96690000000001,18.54689998597249],[37.99499999999999,18.50189998597968],[38.038199999999996,18.460999985986316],[38.06550000000001,18.443699985989145],[38.10909999999999,18.427399985991848],[38.1217,18.413199985994254],[38.10909999999999,18.395899985997122],[38.08279999999999,18.38289998599935],[38.076,18.348099986005277],[38.103699999999996,18.291699986015107],[38.1516,18.249299986022624],[38.2056,18.23729998602479],[38.2455,18.243899986023607],[38.2513,18.280799986017005],[38.271100000000004,18.286499986016],[38.306,18.306599986012486],[38.3125,18.295999986014344],[38.3039,18.287499986015828],[38.279399999999995,18.27289998601839],[38.277899999999995,18.264899986019817],[38.2787,18.253899986021842],[38.2761,18.24199998602393],[38.2646,18.230699986025975],[38.2495,18.226599986026702],[38.225,18.226599986026702],[38.2175,18.217699986028336],[38.2304,18.217899986028307],[38.26499999999999,18.223899986027195],[38.2783,18.22159998602763],[38.306,18.204099986030787],[38.3193,18.20079998603142],[38.3474,18.19749998603201],[38.36110000000001,18.193099986032806],[38.3762,18.190499986033302],[38.3867,18.195199986032446],[38.3881,18.203099986031],[38.3755,18.21029998602968],[38.3913,18.224099986027188],[38.4111,18.204799986030668],[38.4432,18.15559998603976],[38.4338,18.14229998604225],[38.4504,18.13239998604407],[38.4756,18.130599986044434],[38.4918,18.14139998604241],[38.5022,18.12599998604531],[38.5058,18.086299986052826],[38.51230000000001,18.073699986055242],[38.5321,18.070699986055793],[38.5418,18.085899986052873],[38.54,18.108699986048563],[38.526,18.128299986044873],[38.5429,18.11839998604673],[38.5847,18.076999986054627],[38.59109999999999,18.06169998605755],[38.59109999999999,18.0459999860606],[38.5933,18.036099986062514],[38.6037,18.013799986066882],[38.6016,18.00479998606865],[38.4594,17.890699986091665],[38.4317,17.851899986099696],[38.3712,17.698799986132453],[38.3438,17.655899986141993],[38.3237,17.640799986145325],[38.274,17.6177999861505],[38.256699999999995,17.602499986153987],[38.2517,17.582699986158488],[38.2527,17.561599986163323],[38.2502,17.54179998616787],[38.2333,17.52559998617167],[38.2095,17.52219998617247],[38.1919,17.532699986169998],[38.17680000000001,17.54749998616656],[38.16060000000001,17.5572999861643],[38.1195,17.54549998616706],[38.1149,17.53669998616909],[38.1188,17.523399986172162],[38.11849999999999,17.512899986174613],[38.10799999999999,17.493699986179106],[38.0915,17.47999998618236],[38.076299999999996,17.47989998618237],[38.0709,17.501499986177297],[38.0724,17.52149998617263],[38.0713,17.53809998616875],[38.0619,17.547999986166463],[38.038900000000005,17.54809998616645],[38.01550000000001,17.53999998616832],[37.94669999999999,17.495699986178654],[37.9154,17.456999986187792],[37.896,17.44249998619126],[37.8719,17.43719998619253],[37.849199999999996,17.44389998619092],[37.819299999999984,17.471699986184298],[37.7988,17.47709998618303],[37.76389999999999,17.45909998618731],[37.7203,17.38379998620541],[37.6796,17.363399986210375],[37.6393,17.35789998621171],[37.50679999999999,17.318399986221483],[37.49600000000001,17.312099986223018],[37.4935,17.300699986225865],[37.5047,17.25489998623737],[37.505700000000004,17.236699986241966],[37.5011,17.19509998625261],[37.4946,17.174599986257906],[37.4726,17.136999986267696],[37.4679,17.11459998627358],[37.4597,17.094799986278815],[37.4035,17.02989998629613],[37.30989999999999,17.05529998628932],[37.281099999999995,17.052999986289915],[37.2336,17.024599986297588],[37.203,17.02279998629803],[37.18820000000001,17.024899986297477],[37.133900000000004,17.016299986299813],[37.124099999999984,17.018099986299333],[37.0853,17.040799986293216],[37.0752,17.044499986292227],[37.0493,17.048799986291055],[37.0316,17.055799986289184],[37.0165,17.065799986286503],[37.000299999999996,17.072599986284686],[36.9801,17.069999986285403],[36.9733,17.061999986287532],[36.9711,17.05409998628962],[36.97369999999999,17.045199986292022],[36.9935,17.018599986299197],[36.9971,16.99939998630441],[36.99240000000001,16.98009998630964],[36.9683,16.946599986318873],[36.9715,16.935799986321832],[36.9819,16.92599998632455],[36.9906,16.913599986327966],[36.9931,16.900799986331577],[36.991299999999995,16.86079998634277],[36.998499999999986,16.847899986346427],[36.9996,16.841999986348103],[36.9888,16.825599986352785],[36.98479999999999,16.76559998637001],[36.9603,16.70569998638748],[36.9495,16.69179998639158],[36.91680000000001,16.66889998639833],[36.9013,16.65569998640224],[36.8923,16.636799986407922],[36.8909,16.6190999864132],[36.8927,16.586399986423068],[36.8894,16.56709998642893],[36.8772,16.527299986441083],[36.8765,16.5135999864453],[36.8833,16.490399986452474],[36.8963,16.47269998645795],[36.912099999999995,16.45659998646301],[36.9261,16.438199986468778],[36.9337,16.41799998647511],[36.933299999999996,16.400399986480682],[36.9297,16.38239998648637],[36.9283,16.361099986493176],[36.933299999999996,16.33999998649995],[36.9517,16.299499986513027],[36.95419999999999,16.278199986519937],[36.9441,16.252899986528217],[36.902,16.210899986542056],[36.8858,16.184899986550654],[36.7595,15.837399986670878],[36.73279999999998,15.794799986686257],[36.683099999999996,15.745099986704309],[36.6709,15.723099986712391],[36.61650000000001,15.531499986784223],[36.614,15.489199986800417],[36.627700000000004,15.445599986817294],[36.59490000000001,15.42429998682559],[36.5755,15.393399986837665],[36.5251,15.247799986895576],[36.5067,15.220399986906656],[36.4333,15.150799986935036],[36.42499999999998,15.133499986942121],[36.4236,15.111399986951259],[36.5265,14.263499987328629],[36.4365,13.991199987461117],[36.432199999999995,13.9698999874717],[36.4326,13.944399987484424],[36.43800000000001,13.919899987496706],[36.455299999999994,13.869999987521874],[36.458099999999995,13.820099987547184],[36.3984,13.676099987621267],[36.3948,13.655899987631802],[36.3912,13.599399987661352],[36.3822,13.571099987676265],[36.2335,13.361699987788363],[36.137,13.032399987971049],[36.1385,13.013399987981808],[36.149599999999985,12.98879998799581],[36.15,12.98019998800073],[36.141,12.965599988009048],[36.1259,12.950999988017395],[36.1143,12.933899988027216],[36.11539999999999,12.911799988039919],[36.1388,12.871799988062994],[36.14309999999999,12.856999988071541],[36.14309999999999,12.832499988085752],[36.12369999999999,12.721399988150779],[36.11509999999999,12.701799988162348],[36.0996,12.695699988165918],[36.0722,12.703099988161549],[36.050599999999996,12.715399988154314],[36.0301,12.717099988153281],[35.7284,12.674399988178525],[35.70290000000001,12.666099988183442],[35.68770000000001,12.659199988187563],[35.6841,12.655999988189437],[35.6841,12.650699988192573],[35.67589999999999,12.614499988214142],[35.67229999999999,12.604199988220287],[35.662499999999994,12.593599988226647],[35.65390000000001,12.590099988228722],[35.634499999999996,12.588599988229626],[35.6258,12.585099988231704],[35.6168,12.57519998823763],[35.4289,12.266899988425818],[35.41809999999999,12.238999988443203],[35.4156,12.211099988460631],[35.4127,12.198699988468357],[35.4033,12.185099988476885],[35.3929,12.176799988482076],[35.37089999999999,12.165499988489184],[35.3612,12.157299988494337],[35.35369999999999,12.145999988501483],[35.336,12.102399988529017],[35.3259,12.047499988563839],[35.3173,12.023599988579067],[35.2979,12.001599988593142],[35.2604,11.980399988606734],[35.25139999999998,11.971699988612324],[35.2485,11.9624999886182],[35.24779999999999,11.939599988632931],[35.2457,11.929899988639201],[35.2154,11.896599988660727],[35.1265,11.862899988682555],[35.088,11.838199988698625],[35.0729,11.818899988711218],[35.059200000000004,11.79579998872632],[35.04840000000001,11.771399988742298],[35.041199999999996,11.747599988757916],[35.0405,11.727399988771214],[35.04799999999999,11.68949998879623],[35.04619999999999,11.648699988823282],[35.053399999999996,11.628099988836995],[35.0743,11.587299988864197],[35.07679999999999,11.568699988876638],[35.0732,11.548999988889856],[34.9472,11.274899989076378],[34.9443,11.253299989091296],[34.9541,11.226099989110134],[34.9713,11.206899989123444],[34.9843,11.186299989137767],[34.9803,11.155299989159367],[34.9145,10.963899989294164],[34.9137,10.952899989301995],[34.9231,10.939899989311266],[34.953,10.91839998932658],[34.9584,10.903399989337284],[34.95080000000001,10.869199989361768],[34.9339,10.845299989378912],[34.8799,10.804699989408164],[34.86150000000001,10.787599989420466],[34.8576,10.775599989429155],[34.8572,10.763599989437845],[34.8515,10.745699989450815],[34.8385,10.729099989462867],[34.827699999999986,10.727799989463826],[34.81549999999999,10.73129998946125],[34.79849999999999,10.729699989462429],[34.7863,10.718899989470266],[34.773,10.688299989492542],[34.7647,10.680299989498378],[34.7543,10.684199989495534],[34.75280000000001,10.698799989484888],[34.757099999999994,10.728799989463075],[34.7507,10.743999989452044],[34.7373,10.755399989443806],[34.708199999999984,10.773999989430337],[34.5872,10.879199989354595],[34.57459999999999,10.884099989351078],[34.5577,10.877799989355617],[34.4375,10.795699989414627],[34.4202,10.780799989425429],[34.404300000000006,10.759899989440527],[34.3655,10.68569998949443],[34.2794,10.565499989582563],[34.27190000000001,10.529999989608783],[34.2762,10.488699989639326],[34.3248,10.268599989804194],[34.3259,10.223499989838375],[34.3176,10.181299989870455],[34.3017,10.160299989886447],[34.3017,10.148999989895069],[34.30500000000001,10.124599989913746],[34.3035,10.11359998992216],[34.2809,10.080099989947877],[34.22179999999999,10.02599998998953],[34.09830000000001,9.67969999026042],[34.06699999999999,9.5311999903789],[34.0706,9.454599990440549],[33.9007,9.455299990439977],[33.89489999999999,9.459499990436573],[33.8888,9.470799990427482],[33.88130000000001,9.49929999040453],[33.877700000000004,9.543499990369044],[33.88379999999999,9.619899990307987],[33.905,9.710799990235811],[33.969100000000005,9.838399990135356],[33.9734,9.854899990122455],[33.9734,9.861699990117117],[33.9673,9.884499990099298],[33.959699999999984,9.904199990083953],[33.9561,9.933999990060773],[33.9673,10.00029999000936],[33.968399999999995,10.020899989993449],[33.966899999999995,10.047399989973002],[33.9619,10.06409998996015],[33.9169,10.174599989875558],[33.9021,10.191999989862293],[33.4691,10.543899989598492],[33.38989999999998,10.639199989528437],[33.3812,10.645799989523592],[33.370799999999996,10.650999989519786],[33.1508,10.730999989461461],[33.14,10.73899998945568],[33.1415,10.750899989447078],[33.148300000000006,10.765999989436104],[33.17459999999999,10.812299989402659],[33.1821,10.843299989380354],[33.0828,11.58459998886601],[33.0831,11.599199988856267],[33.0914,11.614799988845817],[33.10470000000001,11.630499988835405],[33.11590000000001,11.6469999888244],[33.1325,11.686199988798395],[33.1461,11.818699988711346],[33.1451,11.934599988636156],[33.203,12.128099988512743],[33.2091,12.210399988461067],[32.7318,12.216099988457485],[32.7289,12.211999988460045],[32.73,12.181899988478904],[32.7264,12.157899988493975],[32.72570000000001,12.132299988510084],[32.7329,12.085999988539374],[32.74549999999999,12.051099988561557],[32.7476,12.03949998856892],[32.74829999999999,12.026799988577027],[32.7465,12.002799988592356],[32.0823,11.999699988594346],[32.3451,11.709099988783258],[32.3484,11.703199988787157],[32.354899999999994,11.67579998880528],[32.359899999999996,11.5733999888735],[32.34589999999999,11.411599988982736],[32.3487,11.307499989053927],[32.36419999999999,11.23999998910051],[32.4355,11.107099989193072],[32.4308,11.082199989210586],[32.4143,11.050799989232662],[31.942999999999998,10.655599989516443],[31.9297,10.636899989530114],[31.864199999999993,10.472099989651674],[31.8019,10.376199989723228],[31.774199999999993,10.348699989743851],[31.664699999999993,10.214199989845442],[31.234900000000003,9.792299990171548],[31.1643,9.763999990193827],[30.950099999999992,9.75239999020295],[30.837099999999992,9.74939999020533],[30.804699999999997,9.738999990213538],[30.793199999999995,9.728099990222141],[30.779099999999993,9.71989999022861],[30.7655,9.724399990225038],[30.7493,9.735799990216046],[30.484700000000004,9.972099990031206],[30.0131,10.270499989802747],[29.9677,10.243399989823292],[29.7009,10.114999989921117],[29.6458,10.081699989946616],[29.615599999999997,10.058199989964685],[29.613800000000005,9.914399990075989],[29.5674,9.841399990133015],[29.483099999999997,9.76169999019561],[29.252400000000005,9.711199990235512],[29.132100000000005,9.667699990269957],[29.009400000000003,9.603299990321199],[28.989599999999992,9.587099990334169],[28.989599999999992,9.660399990275783],[28.989599999999992,10.160099989886588],[27.833199999999998,10.160099989886588],[27.825299999999995,10.160099989886588],[27.825299999999995,9.743799990209759],[27.8952,9.595399990327522],[27.884699999999995,9.591399990330746],[27.868499999999997,9.588599990332979],[27.7695,9.583399990337128],[27.6414,9.601999990322238],[27.6093,9.595099990327787],[27.528000000000002,9.60539999031956],[27.385,9.604899990319952],[27.339300000000005,9.61289999031359],[27.080500000000004,9.606899990318349],[26.6942,9.476899990422591],[26.683799999999998,9.476099990423187],[26.625799999999998,9.480699990419502],[26.601,9.49199999041038],[26.556699999999996,9.520399990387594],[26.179399999999994,9.959099990041269],[26.102399999999996,9.988099990018796],[26.0764,10.017699989995908],[26.0109,10.122799989915126],[25.997999999999994,10.132499989907696],[25.971,10.140399989901644],[25.955799999999996,10.14699998989661],[25.9198,10.167799989880727],[25.9054,10.181299989870455],[25.900799999999997,10.19099998986307],[25.894999999999996,10.345899989745954],[25.8936,10.351299989741877],[25.886399999999995,10.364299989732139],[25.843199999999992,10.41789998969205],[25.839199999999998,10.420599989690029],[25.828399999999995,10.419599989690779],[25.7838,10.407799989699566],[25.762899999999995,10.397799989707059],[25.753899999999998,10.395399989708867],[25.745999999999995,10.394399989709598],[25.7056,10.395999989708395],[25.6614,10.387099989715075],[25.6232,10.385799989716016],[25.580399999999997,10.375399989723833],[25.506599999999995,10.349599989743147],[25.4907,10.345599989746164],[25.4796,10.343899989747454],[25.4392,10.34519998974647],[25.4274,10.34419998974722],[25.415799999999994,10.341999989748874],[25.3813,10.329399989758336],[25.351,10.32679998976029],[25.327299999999997,10.316499989768044],[25.316099999999995,10.315499989768782],[25.299899999999997,10.3166999897679],[25.2848,10.31179998977161],[25.278699999999997,10.311999989771444],[25.2517,10.320999989764664],[25.2394,10.322999989763167],[25.209899999999998,10.31609998976836],[25.19259999999999,10.317399989767388],[25.1685,10.308099989774368],[25.156999999999996,10.306199989775815],[25.131099999999996,10.308199989774284],[25.1206,10.306099989775888],[25.0839,10.293199989785615],[25.067,10.274899989799447],[25.016999999999992,10.167999989880588],[25.013700000000004,10.149099989895022],[25.0173,10.133099989907238],[25.0288,10.103899989929609],[25.0278,10.086099989943238],[25.016999999999992,10.056799989965773],[24.990699999999997,10.003099990007208],[24.984899999999996,9.985699990020638],[24.9763,9.967399990034815],[24.968,9.955899990043765],[24.954299999999993,9.94229999005432],[24.926999999999996,9.905199990083151],[24.914,9.89079999009439],[24.8794,9.869899990110715],[24.8449,9.84169999013275],[24.8276,9.83269999013983],[24.803799999999995,9.829099990142655],[24.7963,9.818799990150715],[24.792699999999996,9.798299990166825],[24.794499999999996,9.53219999037812],[24.792699999999996,9.520399990387594],[24.785099999999996,9.497499990405968],[24.723899999999997,9.429299990460963],[24.695099999999996,9.402899990482348],[24.6868,9.39139999049165],[24.679999999999996,9.37329999050633],[24.659799999999994,9.176999990666863],[24.655899999999995,9.167199990674952],[24.565499999999997,9.014799990801258],[24.559399999999997,8.999799990813742],[24.5583,8.993399990819084],[24.5583,8.88679999090836],[24.552899999999998,8.879999990914087],[24.5428,8.874699990918533],[24.4939,8.858399990932265],[24.4028,8.848999990940182],[24.3801,8.844299990944148],[24.270699999999998,8.775699991002112],[24.240399999999998,8.761499991014155],[24.182799999999997,8.717899991051164],[24.1771,8.709899991057966],[24.174900000000004,8.69569999107007],[24.1702,8.689399991075442],[24.1141,8.68169999108199],[24.0097,8.698899991067341],[23.9812,8.694099991071447],[23.962199999999996,8.696999991068964],[23.9222,8.713499991054924],[23.866799999999998,8.70789999105969],[23.8034,8.722199991047539],[23.768799999999995,8.721299991048268],[23.7375,8.706899991060522],[23.7213,8.701999991064703],[23.689299999999996,8.7106999910573],[23.6572,8.709999991057893],[23.6439,8.715199991053497],[23.6292,8.72559999104463],[23.613299999999995,8.73219999103901],[23.596399999999996,8.73419999103731],[23.578,8.730499991040483],[23.564,8.722799991047024],[23.5406,8.70489999106224],[23.525800000000004,8.701399991065205],[23.505299999999995,8.7106999910573],[23.490199999999998,8.732599991038684],[23.481899999999996,8.759399991015922],[23.482299999999995,8.7833999909956],[23.4956,8.809499990973512],[23.5366,8.855599990934618],[23.5536,8.88319999091138],[23.565799999999992,8.939999990863745],[23.567599999999995,8.974899990834505],[23.56,8.99649999081648],[23.5424,8.997199990815908],[23.505299999999995,8.960999990846146],[23.478,8.958899990847893],[23.4513,8.97419999083512],[23.438399999999998,8.994499990818168],[23.435799999999993,9.018999990797747],[23.4578,9.146199990692272],[23.4744,9.17069999067204],[23.4895,9.176699990667121],[23.5219,9.175399990668174],[23.5381,9.178099990665936],[23.549599999999995,9.185299990660026],[23.5716,9.20729999064195],[23.6101,9.255499990602376],[23.6234,9.265699990594037],[23.631999999999998,9.277599990584326],[23.6306,9.292199990572387],[23.620499999999996,9.322899990547343],[23.622,9.340699990532846],[23.646799999999995,9.418399990469789],[23.646399999999996,9.424999990464437],[23.6407,9.433099990457887],[23.634899999999995,9.435399990456048],[23.627400000000005,9.435099990456276],[23.6202,9.447699990446107],[23.617299999999997,9.457199990438454],[23.6184,9.488399990413303],[23.6166,9.50149999040275],[23.6068,9.526299990382839],[23.606099999999998,9.537199990374122],[23.6184,9.566099990350962],[23.655400000000004,9.62249999030591],[23.6691,9.652099990282364],[23.674199999999992,9.690299990252058],[23.644599999999993,9.862999990116112],[23.6241,9.907799990081152],[23.2911,10.43969998967578],[23.1093,10.614499989546516],[23.005599999999994,10.686899989493583],[22.8631,10.891799989345584],[22.8609,10.919199989325987],[22.9002,11.059999989226187],[22.906600000000005,11.069799989219273],[22.9225,11.086999989207214],[22.924999999999997,11.097899989199517],[22.925699999999996,11.118099989185392],[22.929,11.137999989171465],[22.9351,11.155899989158966],[22.951999999999998,11.191099989134436],[22.956300000000002,11.208799989122122],[22.953799999999998,11.25099998909289],[22.928199999999997,11.325099989041847],[22.9149,11.39609998899326],[22.900499999999997,11.408299988984963],[22.877099999999995,11.408899988984532],[22.781699999999997,11.398799988991453],[22.771999999999995,11.403099988988501],[22.771599999999996,11.433299988967969],[22.768799999999995,11.442299988961848],[22.7432,11.466099988945736],[22.662599999999994,11.492999988927568],[22.628,11.50989998891615],[22.5924,11.54369998889341],[22.5618,11.585999988865074],[22.5416,11.632999988833706],[22.5369,11.680899988801931],[22.5927,11.988899988601247],[22.6104,12.039699988568819],[22.6136,12.057299988557617],[22.6125,12.072899988547666],[22.607499999999998,12.077699988544651],[22.5988,12.063299988553766],[22.5855,12.071299988548715],[22.5463,12.064399988553067],[22.4815,12.044299988565866],[22.470299999999998,12.036099988571102],[22.4581,12.030399988574736],[22.484,12.140299988505038],[22.484,12.164699988489698],[22.4815,12.176599988482218],[22.407999999999998,12.399699988343952],[22.374899999999997,12.450799988312784],[22.3728,12.46309998830528],[22.3958,12.495999988285341],[22.4458,12.611099988216157],[22.4325,12.623799988208576],[22.3303,12.661499988186193],[22.20499999999999,12.743299988137894],[22.176199999999998,12.701499988162505],[22.144199999999994,12.671199988180417],[22.105999999999998,12.650499988192697],[22.0588,12.63669998820089],[22.019599999999997,12.631399988204048],[21.9771,12.631799988203822],[21.936099999999996,12.63959998819921],[21.900799999999997,12.65649998818915],[21.880300000000002,12.676199988177451],[21.840999999999998,12.748899988134612],[21.813699999999994,12.782299988115017],[21.8094,12.793699988108372],[21.8277,12.83109998808658],[21.8529,12.905799988043372],[21.935,13.059199987955877],[21.9642,13.098399987933782],[21.9984,13.130599987915717],[22.016,13.140199987910393],[22.123299999999993,13.182099987887016],[22.1398,13.193499987880674],[22.232399999999995,13.288999987828007],[22.267599999999998,13.334499987803152],[22.275899999999996,13.376299987780442],[22.264000000000003,13.39919998776804],[22.2288,13.441099987745465],[22.2158,13.46499998773263],[22.2111,13.484199987722372],[22.2104,13.541699987691796],[22.196,13.580499987671312],[22.132299999999997,13.638599987640847],[22.1143,13.677399987620602],[22.1143,13.699699987609034],[22.116399999999995,13.715199987601013],[22.1128,13.72979998759348],[22.096999999999998,13.749799987583167],[22.0736,13.77139998757205],[22.075,13.780299987567496],[22.0995,13.819299987547582],[22.190599999999996,13.932799987490235],[22.214699999999997,13.956599987478366],[22.243499999999997,13.975499987468906],[22.4023,14.049299987432397],[22.4217,14.062199987426052],[22.4588,14.096099987409398],[22.4815,14.10859998740331],[22.508099999999995,14.113599987400887],[22.531499999999998,14.1225999873965],[22.5463,14.139799987388137],[22.547699999999995,14.168999987373985],[22.5409,14.201099987358472],[22.531899999999997,14.220599987349129],[22.5142,14.231499987343902],[22.4577,14.241099987339284],[22.4412,14.249799987335122],[22.428899999999995,14.264499987328119],[22.419899999999995,14.286199987317794],[22.417,14.297999987312215],[22.418099999999995,14.305899987308472],[22.427099999999996,14.32289998730044],[22.4314,14.327199987298387],[22.444799999999997,14.333399987295474],[22.449799999999996,14.338399987293114],[22.450900000000004,14.345799987289634],[22.439,14.3628999872816],[22.425,14.470499987231529],[22.417,14.48409998722528],[22.3864,14.506499987214982],[22.3634,14.543499987198082],[22.382499999999993,14.57909998718191],[22.422799999999995,14.608999987168348],[22.4653,14.629299987159254],[22.666499999999996,14.681699987135767],[22.6766,14.688999987132528],[22.6813,14.702899987126358],[22.6798,14.711799987122443],[22.6647,14.743699987108304],[22.659,14.761299987100566],[22.6507,14.81609998707661],[22.6507,14.84199998706534],[22.659,14.857399987058674],[22.6953,14.881499987048278],[22.715499999999995,14.899399987040562],[22.7209,14.915999987033466],[22.722000000000005,14.934699987025459],[22.7274,14.958999987015115],[22.7389,14.979799987006317],[22.8289,15.071699986967737],[22.848700000000004,15.087499986961147],[22.871699999999993,15.09969998695607],[22.905599999999996,15.112599986950755],[22.9131,15.12159998694705],[22.9581,15.201599986914278],[22.96569999999999,15.223899986905224],[22.978299999999997,15.340099986858673],[22.976499999999998,15.373599986845441],[22.966399999999997,15.404799986833197],[22.9452,15.433199986822094],[22.9236,15.455599986813372],[22.906999999999996,15.48139998680343],[22.899399999999996,15.510099986792394],[22.906600000000005,15.541299986780443],[22.925699999999996,15.563899986771867],[23.0046,15.611499986753891],[23.0686,15.686699986725799],[23.0946,15.704199986719384],[23.166899999999995,15.71289998671614],[23.3206,15.681299986727842],[23.3959,15.688299986725244],[23.5269,15.735099986707993],[23.592799999999997,15.748999986702906],[23.707599999999996,15.74879998670299],[23.829000000000004,15.7309999867095],[23.945599999999995,15.692199986723784],[23.9726,15.690999986724222],[23.984499999999997,15.721099986713108],[23.9812,19.49609998585555],[23.9812,19.995399985819798],[24.968,19.994899985819814],[24.976599999999998,19.99589998581979],[24.9806,20.001999985819445],[24.981299999999997,21.995299985847524],[31.2486,21.994299985847462],[31.261500000000005,22.001699985848052],[31.359500000000004,22.187999985864053],[31.385399999999997,22.214399985866553],[31.404100000000003,22.2236999858674],[31.423199999999998,22.226999985867742],[31.44259999999999,22.224099985867447],[31.461,22.215399985866615],[31.482899999999994,22.19529998586473],[31.491899999999994,22.17319998586273],[31.4905,22.14809998586046],[31.4354,21.995299985847524],[36.8837,21.995699985847562],[36.8808,21.98069998584635],[36.8779,21.975999985845984]]],[[[37.2433,20.803899985798676],[37.25090000000001,20.834499985798768],[37.2653,20.854999985798823],[37.2793,20.845599985798778],[37.2836,20.832699985798737],[37.2717,20.765999985798665],[37.26449999999999,20.74999998579869],[37.2545,20.749799985798692],[37.244,20.772599985798628],[37.2433,20.803899985798676]]]]}},{"type":"Feature","properties":{"ADMIN":"South Sudan","ISO_A3":"SSD","admin_source":"World Bank Official Boundaries, artifact wb_boundaries_20260820"},"geometry":{"type":"Polygon","coordinates":[[[33.977,4.219799995375128],[34.3813,4.620199994956409],[35.92069999999999,4.619299994957337],[35.7846,4.764199994807077],[35.7601,4.805799994764099],[35.7518,4.854499994713817],[35.7558,5.063499994499063],[35.760799999999996,5.076399994485876],[35.7993,5.124599994436585],[35.8073,5.144699994416064],[35.8073,5.165299994395034],[35.79829999999999,5.189299994370548],[35.77850000000001,5.2272999943318705],[35.7752,5.24659999431224],[35.7821,5.269899994288555],[35.8091,5.3090999942487365],[35.804,5.318099994239631],[35.7493,5.33919999421822],[35.6838,5.379699994177216],[35.6582,5.386499994170341],[35.6399,5.382099994174805],[35.6219,5.373799994183183],[35.5981,5.368799994188239],[35.574000000000005,5.3753999941815644],[35.5308,5.410099994146455],[35.5081,5.4233999941330335],[35.49009999999999,5.427999994128368],[35.4692,5.43069999412564],[35.44830000000001,5.43069999412564],[35.4303,5.427299994129102],[35.4084,5.41259999414393],[35.3673,5.368099994188978],[35.345000000000006,5.352499994204758],[35.3209,5.348699994208579],[35.3025,5.357499994199693],[35.2874,5.374099994182904],[35.2547,5.425999994130406],[35.2507,5.435199994121101],[35.2518,5.447299994108869],[35.2676,5.468499994087523],[35.2737,5.479999994075912],[35.2619,5.511899994043756],[35.22330000000001,5.543099994012408],[35.1434,5.5896999939655405],[35.0988,5.622499993932666],[35.0883,5.6417999939133345],[35.0797,5.699799993855282],[35.0653,5.726499993828638],[34.9843,5.840999993714608],[34.9746,5.863199993692577],[34.97280000000001,5.876199993679651],[34.98,5.912899993643288],[34.9767,5.923999993632268],[34.960499999999996,5.941799993614673],[34.9551,5.952699993603919],[34.9559,5.9641999935925005],[34.9591,5.975599993581274],[34.9699,5.996699993560437],[34.959500000000006,6.061699993496353],[34.9515,6.0811999934771865],[34.934599999999996,6.102299993456422],[34.915499999999994,6.11979999343926],[34.899,6.138699993420724],[34.8799,6.187599993372788],[34.84459999999999,6.2486999933130445],[34.83989999999999,6.268799993293476],[34.8392,6.327599993236181],[34.832699999999996,6.353599993210935],[34.79279999999999,6.421799993144773],[34.7841,6.441899993125305],[34.7762,6.4994999930696515],[34.7539,6.556399993014832],[34.7334,6.637699992936761],[34.7265,6.6419999929326305],[34.7147,6.655699992919485],[34.7096,6.67409999290189],[34.7035,6.68489999289155],[34.63550000000001,6.729899992848582],[34.618500000000004,6.736599992842158],[34.596599999999995,6.739199992839701],[34.554099999999984,6.739299992839569],[34.5365,6.743199992835864],[34.52459999999999,6.752899992826597],[34.51809999999999,6.793799992787649],[34.512,6.808299992773882],[34.5113,6.81429999276817],[34.52459999999999,6.824599992758409],[34.5231,6.844199992739796],[34.5192,6.861699992723178],[34.5123,6.87679999270888],[34.5037,6.889999992696386],[34.4393,6.934899992653897],[34.29740000000001,6.968599992622104],[34.2945,6.97229999261865],[34.2809,6.980199992611207],[34.2758,6.997499992594884],[34.2708,7.003499992589254],[34.2297,7.03339999256111],[34.22,7.046099992549187],[34.213899999999995,7.05199999254364],[34.206,7.0545999925412035],[34.1984,7.06439999253202],[34.195899999999995,7.087099992510716],[34.195899999999995,7.128999992471489],[34.1909,7.1495999924522415],[34.1815,7.167199992435807],[34.1678,7.175399992428125],[34.15129999999999,7.167499992435527],[34.1325,7.163499992439265],[34.113099999999996,7.1775999924261145],[34.085699999999996,7.211599992394418],[34.04,7.2472999923612225],[34.033500000000004,7.250299992358426],[34.031,7.2553999923536985],[34.0307,7.348799992267139],[34.0238,7.382399992236126],[34.0065,7.409899992210764],[33.8823,7.536099992094905],[33.85249999999999,7.553599992078915],[33.811400000000006,7.560999992072169],[33.761,7.598199992038194],[33.7293,7.642199991998157],[33.716,7.657199991984532],[33.7067,7.66189999198024],[33.675,7.6708999919720835],[33.6476,7.688699991955921],[33.6372,7.69139999195348],[33.572399999999995,7.685199991959096],[33.5508,7.69139999195348],[33.540299999999995,7.698999991946579],[33.5267,7.7171999919301015],[33.51689999999999,7.726199991921939],[33.5069,7.730999991917603],[33.488499999999995,7.736199991912907],[33.47950000000001,7.743199991906583],[33.4622,7.749499991900887],[33.4367,7.748599991901714],[33.393499999999996,7.739799991909668],[33.3845,7.735499991913563],[33.36,7.719299991928207],[33.346999999999994,7.718999991928482],[33.2916,7.732999991915809],[33.27360000000001,7.749199991901175],[33.2577,7.767499991884621],[33.2423,7.780699991872735],[33.234,7.783299991870377],[33.201600000000006,7.788099991866048],[33.172799999999995,7.799599991855675],[33.1645,7.801199991854217],[33.1321,7.793999991860739],[33.1271,7.79159999186289],[33.1209,7.783299991870377],[33.10759999999999,7.785299991868591],[33.0853,7.794999991859819],[33.0583,7.797999991857111],[33.05149999999999,7.801199991854217],[33.0407,7.824899991832921],[33.0234,7.835099991823737],[33.0151,7.850699991809716],[32.9899,7.917199991750114],[32.99349999999999,7.928199991740257],[33.0068,7.942499991727467],[33.0119,7.953299991717829],[33.0216,7.965299991707097],[33.0263,7.986299991688384],[33.0313,7.996399991679407],[33.0439,8.013499991664153],[33.10079999999999,8.071099991613],[33.11119999999999,8.090699991595635],[33.1134,8.099099991588227],[33.1177,8.10409999158378],[33.1476,8.109099991579358],[33.1649,8.117099991572303],[33.1775,8.127199991563355],[33.185,8.14099999155119],[33.1879,8.16089999153363],[33.184699999999985,8.166199991528963],[33.17099999999999,8.175999991520335],[33.168099999999995,8.181399991515566],[33.1699,8.205599991494264],[33.1739,8.21459999148635],[33.1818,8.22579999147653],[33.190400000000004,8.232499991470627],[33.1998,8.235499991468007],[33.207,8.240799991463362],[33.2084,8.253699991452047],[33.1857,8.264499991442598],[33.1645,8.292899991417737],[33.1613,8.304599991407503],[33.1631,8.311999991401038],[33.171699999999994,8.33089999138456],[33.1742,8.343099991373899],[33.1724,8.34649999137095],[33.1613,8.35609999136259],[33.162,8.361599991357773],[33.167,8.36829999135196],[33.1677,8.389799991333277],[33.16949999999999,8.39749999132658],[33.1742,8.404499991320506],[33.1879,8.411099991314774],[33.203,8.414099991312144],[33.2102,8.420799991306351],[33.206300000000006,8.43049999129796],[33.2351,8.455699991276111],[33.252700000000004,8.458199991273958],[33.3614,8.43429999129464],[33.370799999999996,8.43739999129196],[33.3845,8.447999991282781],[33.391999999999996,8.451899991279426],[33.400299999999994,8.452699991278735],[33.4133,8.449699991281294],[33.48060000000001,8.457699991274382],[33.4899,8.462899991269865],[33.490300000000005,8.466599991266708],[33.4849,8.473999991260296],[33.50509999999999,8.474899991259532],[33.522,8.46529999126783],[33.5371,8.453299991278179],[33.552200000000006,8.44689999128373],[33.5713,8.450099991280958],[33.5853,8.458199991273958],[33.60009999999999,8.463999991268928],[33.6203,8.46069999127179],[33.65160000000001,8.434499991294466],[33.6714,8.400299991324152],[33.695499999999996,8.372899991347962],[33.740899999999996,8.367099991353012],[33.7563,8.370099991350385],[33.7977,8.405599991319553],[33.80819999999999,8.412599991313467],[33.82399999999999,8.419499991307466],[33.8409,8.423999991303585],[33.8751,8.42799999130011],[33.93169999999999,8.428099991300039],[33.9504,8.4332999912955],[33.97089999999999,8.445399991285036],[34.0695,8.533599991208876],[34.090399999999995,8.556499991189197],[34.103,8.579399991169504],[34.112,8.62659999112905],[34.0706,9.454599990440549],[33.9007,9.455299990439977],[33.89489999999999,9.459499990436573],[33.8888,9.470799990427482],[33.88130000000001,9.49929999040453],[33.877700000000004,9.543499990369044],[33.88379999999999,9.619899990307987],[33.905,9.710799990235811],[33.969100000000005,9.838399990135356],[33.9734,9.854899990122455],[33.9734,9.861699990117117],[33.9673,9.884499990099298],[33.959699999999984,9.904199990083953],[33.9561,9.933999990060773],[33.9673,10.00029999000936],[33.968399999999995,10.020899989993449],[33.966899999999995,10.047399989973002],[33.9619,10.06409998996015],[33.9169,10.174599989875558],[33.9021,10.191999989862293],[33.4691,10.543899989598492],[33.38989999999998,10.639199989528437],[33.3812,10.645799989523592],[33.370799999999996,10.650999989519786],[33.1508,10.730999989461461],[33.14,10.73899998945568],[33.1415,10.750899989447078],[33.148300000000006,10.765999989436104],[33.17459999999999,10.812299989402659],[33.1821,10.843299989380354],[33.0828,11.58459998886601],[33.0831,11.599199988856267],[33.0914,11.614799988845817],[33.10470000000001,11.630499988835405],[33.11590000000001,11.6469999888244],[33.1325,11.686199988798395],[33.1461,11.818699988711346],[33.1451,11.934599988636156],[33.203,12.128099988512743],[33.2091,12.210399988461067],[32.7318,12.216099988457485],[32.7289,12.211999988460045],[32.73,12.181899988478904],[32.7264,12.157899988493975],[32.72570000000001,12.132299988510084],[32.7329,12.085999988539374],[32.74549999999999,12.051099988561557],[32.7476,12.03949998856892],[32.74829999999999,12.026799988577027],[32.7465,12.002799988592356],[32.0823,11.999699988594346],[32.3451,11.709099988783258],[32.3484,11.703199988787157],[32.354899999999994,11.67579998880528],[32.359899999999996,11.5733999888735],[32.34589999999999,11.411599988982736],[32.3487,11.307499989053927],[32.36419999999999,11.23999998910051],[32.4355,11.107099989193072],[32.4308,11.082199989210586],[32.4143,11.050799989232662],[31.942999999999998,10.655599989516443],[31.9297,10.636899989530114],[31.864199999999993,10.472099989651674],[31.8019,10.376199989723228],[31.774199999999993,10.348699989743851],[31.664699999999993,10.214199989845442],[31.234900000000003,9.792299990171548],[31.1643,9.763999990193827],[30.950099999999992,9.75239999020295],[30.837099999999992,9.74939999020533],[30.804699999999997,9.738999990213538],[30.793199999999995,9.728099990222141],[30.779099999999993,9.71989999022861],[30.7655,9.724399990225038],[30.7493,9.735799990216046],[30.484700000000004,9.972099990031206],[30.0131,10.270499989802747],[29.9677,10.243399989823292],[29.7009,10.114999989921117],[29.6458,10.081699989946616],[29.615599999999997,10.058199989964685],[29.613800000000005,9.914399990075989],[29.5674,9.841399990133015],[29.483099999999997,9.76169999019561],[29.252400000000005,9.711199990235512],[29.132100000000005,9.667699990269957],[29.009400000000003,9.603299990321199],[28.989599999999992,9.587099990334169],[28.914000000000005,9.528999990380683],[28.849199999999996,9.465899990431444],[28.828599999999998,9.42759999046235],[28.827200000000005,9.384899990496914],[28.8315,9.349299990525836],[28.8438,9.324499990546052],[28.8427,9.324499990546052],[28.045299999999997,9.331399990540413],[27.996999999999996,9.384899990496914],[27.8952,9.595399990327522],[27.884699999999995,9.591399990330746],[27.868499999999997,9.588599990332979],[27.7695,9.583399990337128],[27.6414,9.601999990322238],[27.6093,9.595099990327787],[27.528000000000002,9.60539999031956],[27.385,9.604899990319952],[27.339300000000005,9.61289999031359],[27.080500000000004,9.606899990318349],[26.6942,9.476899990422591],[26.683799999999998,9.476099990423187],[26.625799999999998,9.480699990419502],[26.601,9.49199999041038],[26.556699999999996,9.520399990387594],[26.179399999999994,9.959099990041269],[26.102399999999996,9.988099990018796],[26.0764,10.017699989995908],[26.0109,10.122799989915126],[25.997999999999994,10.132499989907696],[25.971,10.140399989901644],[25.955799999999996,10.14699998989661],[25.9198,10.167799989880727],[25.9054,10.181299989870455],[25.900799999999997,10.19099998986307],[25.894999999999996,10.345899989745954],[25.8936,10.351299989741877],[25.886399999999995,10.364299989732139],[25.843199999999992,10.41789998969205],[25.839199999999998,10.420599989690029],[25.828399999999995,10.419599989690779],[25.7838,10.407799989699566],[25.762899999999995,10.397799989707059],[25.753899999999998,10.395399989708867],[25.745999999999995,10.394399989709598],[25.7056,10.395999989708395],[25.6614,10.387099989715075],[25.6232,10.385799989716016],[25.580399999999997,10.375399989723833],[25.506599999999995,10.349599989743147],[25.4907,10.345599989746164],[25.4796,10.343899989747454],[25.4392,10.34519998974647],[25.4274,10.34419998974722],[25.415799999999994,10.341999989748874],[25.3813,10.329399989758336],[25.351,10.32679998976029],[25.327299999999997,10.316499989768044],[25.316099999999995,10.315499989768782],[25.299899999999997,10.3166999897679],[25.2848,10.31179998977161],[25.278699999999997,10.311999989771444],[25.2517,10.320999989764664],[25.2394,10.322999989763167],[25.209899999999998,10.31609998976836],[25.19259999999999,10.317399989767388],[25.1685,10.308099989774368],[25.156999999999996,10.306199989775815],[25.131099999999996,10.308199989774284],[25.1206,10.306099989775888],[25.0839,10.293199989785615],[25.067,10.274899989799447],[25.016999999999992,10.167999989880588],[25.013700000000004,10.149099989895022],[25.0173,10.133099989907238],[25.0288,10.103899989929609],[25.0278,10.086099989943238],[25.016999999999992,10.056799989965773],[24.990699999999997,10.003099990007208],[24.984899999999996,9.985699990020638],[24.9763,9.967399990034815],[24.968,9.955899990043765],[24.954299999999993,9.94229999005432],[24.926999999999996,9.905199990083151],[24.914,9.89079999009439],[24.8794,9.869899990110715],[24.8449,9.84169999013275],[24.8276,9.83269999013983],[24.803799999999995,9.829099990142655],[24.7963,9.818799990150715],[24.792699999999996,9.798299990166825],[24.794499999999996,9.53219999037812],[24.792699999999996,9.520399990387594],[24.785099999999996,9.497499990405968],[24.723899999999997,9.429299990460963],[24.695099999999996,9.402899990482348],[24.6868,9.39139999049165],[24.679999999999996,9.37329999050633],[24.659799999999994,9.176999990666863],[24.655899999999995,9.167199990674952],[24.565499999999997,9.014799990801258],[24.559399999999997,8.999799990813742],[24.5583,8.993399990819084],[24.5583,8.88679999090836],[24.552899999999998,8.879999990914087],[24.5428,8.874699990918533],[24.4939,8.858399990932265],[24.4028,8.848999990940182],[24.3801,8.844299990944148],[24.270699999999998,8.775699991002112],[24.240399999999998,8.761499991014155],[24.182799999999997,8.717899991051164],[24.1771,8.709899991057966],[24.174900000000004,8.69569999107007],[24.1702,8.689399991075442],[24.217799999999997,8.691599991073545],[24.235799999999998,8.681999991081756],[24.2336,8.66779999109384],[24.2152,8.64129999111649],[24.211299999999998,8.62699999112872],[24.218499999999995,8.612999991140692],[24.2455,8.591799991158886],[24.250499999999995,8.57969999116925],[24.2437,8.570199991177407],[24.2034,8.54339999120046],[24.193299999999997,8.53239999120992],[24.1371,8.438799991290772],[24.125199999999992,8.404899991320162],[24.121599999999997,8.3722999913485],[24.131399999999996,8.343099991373899],[24.153,8.317899991395874],[24.18,8.297699991413547],[24.206599999999998,8.28329999142612],[24.2224,8.277299991431375],[24.257,8.269299991438391],[24.302699999999998,8.265399991441793],[24.332199999999993,8.245799991458977],[24.396699999999996,8.267799991439691],[24.4312,8.271399991436526],[24.454999999999995,8.248599991456542],[24.459000000000003,8.239799991464238],[24.464399999999998,8.233199991470055],[24.4716,8.228899991473781],[24.4813,8.226599991475846],[24.512999999999998,8.20709999149294],[24.5446,8.206099991493822],[24.6148,8.217199991484078],[24.671,8.206899991493149],[24.6904,8.206699991493318],[24.7106,8.204299991495411],[24.742300000000004,8.186799991510815],[24.800200000000004,8.180199991516625],[24.8323,8.165799991529319],[24.918,8.087099991598869],[24.9277,8.070899991613212],[24.9302,8.035399991644704],[24.950699999999998,8.014399991663367],[24.952499999999997,7.996599991679199],[24.9648,7.982599991691675],[24.981299999999997,7.972299991700845],[25.029199999999996,7.918899991748563],[25.0591,7.896199991768896],[25.0897,7.884899991779017],[25.1034,7.885699991778301],[25.134299999999996,7.892599991772115],[25.1487,7.892599991772115],[25.1732,7.888599991775713],[25.1804,7.8839999917798185],[25.191599999999998,7.872399991790215],[25.216799999999996,7.864099991797675],[25.229699999999998,7.851699991808816],[25.2394,7.835899991823009],[25.249499999999998,7.8042999918514555],[25.264599999999998,7.777699991875417],[25.269999999999996,7.760799991890682],[25.270799999999998,7.746199991903871],[25.266799999999993,7.703099991942888],[25.276499999999995,7.674199991969068],[25.279399999999995,7.659499991982428],[25.2751,7.641999991998352],[25.2524,7.622399992016168],[25.186500000000002,7.600099992036463],[25.165299999999995,7.5798999920548935],[25.1646,7.567299992066389],[25.1689,7.551199992081123],[25.190499999999997,7.501199992126847],[25.2499,7.469999992155478],[25.263199999999998,7.46109999216368],[25.269699999999997,7.454299992169919],[25.278999999999996,7.438399992184545],[25.2852,7.431699992190675],[25.293100000000003,7.427199992194834],[25.3096,7.42209999219952],[25.316099999999995,7.417199992204025],[25.323999999999998,7.402899992217221],[25.330499999999997,7.3740999922437815],[25.335899999999995,7.359699992257078],[25.3467,7.345099992270533],[25.359999999999996,7.335599992279361],[25.416199999999996,7.307899992304989],[25.4551,7.278199992332527],[25.481,7.266199992343646],[25.500399999999992,7.2727999923375295],[25.5166,7.269899992340224],[25.531799999999997,7.260799992348678],[25.5768,7.219899992386714],[25.5922,7.211299992394699],[25.6542,7.1953999924095156],[25.6729,7.187799992416584],[25.696999999999992,7.168599992434484],[25.7049,7.166499992436433],[25.724399999999996,7.166799992436157],[25.7344,7.162499992440176],[25.750300000000003,7.1465999924550285],[25.761400000000002,7.14369999245776],[25.7863,7.142699992458695],[25.7917,7.134399992466422],[25.7917,7.12109999247889],[25.8007,7.104899992494034],[25.815799999999996,7.09979999249882],[25.8608,7.095499992502838],[25.8774,7.087799992510058],[25.881699999999995,7.079899992517469],[25.8842,7.061199992535012],[25.8889,7.051899992543734],[25.920199999999998,7.034099992560467],[25.950399999999995,7.028499992565698],[25.960499999999996,7.024499992569484],[25.9663,7.017499992576082],[25.9666,7.009899992583207],[25.9695,7.003599992589137],[25.981,7.0002999925922476],[26.026,6.9967999925955375],[26.0322,6.974099992616929],[26.0358,6.922299992665827],[26.0455,6.899699992687209],[26.050499999999996,6.896699992690023],[26.069199999999995,6.89919999268769],[26.073599999999995,6.895199992691483],[26.070999999999998,6.883599992702446],[26.071399999999997,6.87759999270814],[26.075700000000005,6.8646999927203645],[26.0775,6.853399992731065],[26.081099999999996,6.842299992741582],[26.091199999999997,6.830299992753],[26.1139,6.816399992766175],[26.1319,6.811699992770665],[26.1477,6.804699992777305],[26.1787,6.765899992814237],[26.219399999999997,6.737599992841205],[26.236299999999993,6.720099992857917],[26.270499999999995,6.702499992874726],[26.3299,6.680599992895683],[26.3781,6.653299992921808],[26.3799,6.619799992953929],[26.3724,6.609799992963531],[26.3562,6.579499992992618],[26.324499999999997,6.537199993033311],[26.305,6.496899993072145],[26.2964,6.489599993079218],[26.277000000000005,6.477399993090983],[26.270099999999996,6.465699993102304],[26.289199999999997,6.459399993108365],[26.290599999999998,6.444699993122621],[26.2852,6.425899993140807],[26.282699999999995,6.407899993158223],[26.2896,6.387299993178201],[26.3007,6.3777999931874225],[26.3158,6.371699993193323],[26.3353,6.3606999932040225],[26.351799999999997,6.344299993219976],[26.375999999999998,6.31259999325077],[26.3947,6.3004999932625525],[26.436100000000003,6.29169999327114],[26.45189999999999,6.280399993282132],[26.455199999999998,6.254499993307421],[26.4555,6.230599993330754],[26.4649,6.224399993336817],[26.4796,6.2250999933361],[26.495799999999996,6.221099993340002],[26.5088,6.205499993355251],[26.509499999999996,6.186499993373871],[26.500200000000003,6.167999993391983],[26.4836,6.154399993405323],[26.4652,6.144299993415216],[26.445399999999996,6.130199993429031],[26.429199999999998,6.113099993445806],[26.421299999999995,6.093799993464795],[26.424900000000004,6.072399993485848],[26.440800000000003,6.076999993481332],[26.4811,6.104899993453889],[26.498699999999996,6.099899993458778],[26.50989999999999,6.082699993475686],[26.518200000000004,6.061099993496942],[26.527899999999992,6.043199993514585],[26.5437,6.030899993526715],[26.602,6.010599993546698],[26.6344,6.006499993550767],[26.704999999999995,6.009799993547507],[26.7763,5.981999993574919],[26.7943,5.970499993586299],[26.805099999999996,5.957199993599457],[26.810799999999993,5.912399993643773],[26.818799999999996,5.894699993661328],[26.842200000000002,5.88429999367163],[26.865199999999998,5.885999993669929],[26.882100000000005,5.891999993663974],[26.894399999999994,5.889699993666252],[26.9037,5.867099993688691],[26.916299999999996,5.849599993706065],[26.9376,5.848499993707139],[26.981099999999998,5.859199993696537],[26.9919,5.847799993707836],[27.0034,5.819299993736169],[27.0222,5.805099993750305],[27.0294,5.789899993765433],[27.036199999999997,5.785199993770091],[27.045199999999998,5.784899993770425],[27.063599999999997,5.790899993764445],[27.0726,5.791199993764132],[27.114699999999996,5.775299993779957],[27.1237,5.768799993786435],[27.1309,5.752199993802984],[27.131599999999995,5.7413999938137605],[27.136299999999995,5.73399999382113],[27.1561,5.72749999382763],[27.1705,5.720399993834732],[27.1824,5.707499993847607],[27.190599999999996,5.691899993863217],[27.194199999999995,5.667299993887802],[27.1964,5.661399993893708],[27.218399999999992,5.645399993909708],[27.2191,5.6399999939151275],[27.216599999999996,5.633499993921656],[27.215099999999996,5.6161999939389995],[27.210799999999992,5.601599993953599],[27.211199999999998,5.594899993960361],[27.217300000000005,5.585399993969896],[27.222699999999996,5.584399993970869],[27.24,5.591999993963248],[27.2475,5.59259999396264],[27.257199999999994,5.586199993969077],[27.2612,5.577599993977696],[27.259,5.559999993995368],[27.2608,5.550199994005257],[27.22019999999999,5.440899994115342],[27.217999999999996,5.425599994130793],[27.22019999999999,5.413099994143445],[27.228099999999998,5.387699994169113],[27.233499999999996,5.338299994219148],[27.237799999999996,5.323299994234341],[27.2644,5.260199994298432],[27.28099999999999,5.230499994328593],[27.3012,5.205199994354376],[27.358399999999996,5.166899994393417],[27.385799999999996,5.143799994416982],[27.401999999999997,5.104599994457006],[27.431099999999994,5.083699994478382],[27.441200000000002,5.070799994491605],[27.443,5.057799994504891],[27.4362,5.0131999945505985],[27.4477,5.003599994560438],[27.461699999999997,4.9969999945672425],[27.492699999999996,4.973099994591784],[27.5013,4.963399994601712],[27.504899999999996,4.953899994611506],[27.5092,4.932499994633483],[27.514599999999994,4.92239999464389],[27.53259999999999,4.90769999465901],[27.5528,4.900499994666437],[27.641,4.890999994676211],[27.658600000000003,4.879599994687964],[27.671999999999997,4.855899994712388],[27.6799,4.814499994755094],[27.686,4.797899994772256],[27.699000000000005,4.787499994782996],[27.706499999999995,4.787499994782996],[27.726,4.792799994777534],[27.735,4.7931999947771],[27.7443,4.787899994782611],[27.752599999999997,4.77779999479303],[27.763,4.757099994814437],[27.767,4.735499994836779],[27.7587,4.677199994897216],[27.760899999999996,4.636099994939893],[27.7652,4.612199994964723],[27.772399999999998,4.595899994981681],[27.809099999999997,4.587999994989871],[27.8196,4.579599994998603],[27.8376,4.560099995018902],[27.8491,4.553199995026094],[27.857,4.552499995026829],[27.8854,4.5566999950224485],[27.8908,4.555899995023289],[27.907800000000005,4.548799995030686],[27.913899999999998,4.549399995030076],[27.9178,4.560799995018188],[27.916,4.562199995016722],[27.9294,4.569999995008613],[27.9344,4.568199995010499],[27.944499999999998,4.55739999502174],[27.951299999999996,4.555899995023289],[27.9625,4.557499995021646],[28.013999999999996,4.550099995029318],[28.017199999999995,4.539099995040816],[28.012199999999993,4.5218999950587],[28.0089,4.499099995082486],[28.0111,4.480199995102214],[28.018999999999995,4.462799995120373],[28.049600000000005,4.419099995166064],[28.0597,4.420099995165005],[28.0762,4.437699995146639],[28.0856,4.443299995140769],[28.1018,4.44219999514193],[28.1083,4.433999995150485],[28.112199999999998,4.4146999951706665],[28.1403,4.37929999520771],[28.158699999999996,4.360899995227013],[28.177400000000002,4.347299995241228],[28.216999999999995,4.342099995246684],[28.260900000000003,4.350399995237975],[28.303,4.352299995235993],[28.336900000000004,4.327499995261998],[28.3459,4.306399995284138],[28.349099999999996,4.292299995298964],[28.357400000000002,4.282899995308829],[28.3815,4.2752999953168045],[28.4042,4.27789999531408],[28.4254,4.290899995300388],[28.443799999999996,4.308499995281955],[28.482299999999995,4.358999995228981],[28.496699999999997,4.368999995218484],[28.519399999999994,4.374499995212728],[28.5482,4.370899995216515],[28.557199999999998,4.373599995213692],[28.564399999999996,4.3825999952042665],[28.570499999999996,4.405099995180714],[28.582399999999996,4.41269999517275],[28.623799999999996,4.422399995162624],[28.638599999999997,4.432199995152363],[28.653699999999994,4.452799995130852],[28.695099999999996,4.532599995047537],[28.72459999999999,4.533999995046081],[28.738300000000002,4.540899995038936],[28.7469,4.549399995030076],[28.755599999999998,4.554099995025172],[28.769199999999998,4.54979999502963],[28.783599999999996,4.530499995049774],[28.785099999999996,4.507999995073224],[28.790099999999992,4.488699995093339],[28.815299999999997,4.478399995104093],[28.8258,4.478399995104093],[28.856399999999994,4.4824999950998246],[28.9035,4.4786999951038045],[28.9255,4.480799995101599],[28.986299999999996,4.495999995085738],[28.994199999999996,4.4874999950946055],[29.0425,4.455299995128216],[29.0533,4.4508999951328345],[29.055799999999994,4.436599995147764],[29.058999999999994,4.437699995146639],[29.0986,4.420599995164479],[29.1098,4.412399995173082],[29.1735,4.3479999952404835],[29.1962,4.337099995251951],[29.221399999999996,4.340699995248151],[29.2286,4.356699995231381],[29.231500000000004,4.375599995211585],[29.24299999999999,4.3873999951992175],[29.2675,4.387899995198714],[29.287300000000002,4.383599995203202],[29.303799999999995,4.387199995199434],[29.3186,4.4110999951744345],[29.329000000000004,4.434999995149434],[29.338799999999996,4.449599995134161],[29.3902,4.493799995088043],[29.402500000000003,4.512099995068949],[29.4108,4.532299995047903],[29.417199999999998,4.555499995023726],[29.4241,4.566099995012678],[29.44279999999999,4.583599994994452],[29.4446,4.594599994983027],[29.443499999999997,4.604699994972535],[29.4468,4.622199994954328],[29.4493,4.657099994918058],[29.4576,4.669599994905101],[29.4727,4.672299994902285],[29.493899999999993,4.6682999949064365],[29.5134,4.65219999492316],[29.528799999999997,4.659999994915064],[29.535,4.660699994914343],[29.5465,4.65739999491776],[29.57669999999999,4.644499994931163],[29.6066,4.643899994931756],[29.6185,4.641699994934086],[29.660200000000003,4.622199994954328],[29.671800000000005,4.613999994962838],[29.7009,4.588299994989553],[29.7153,4.579699994998507],[29.722899999999992,4.578299994999962],[29.745199999999997,4.58399999499405],[29.7517,4.581299994996855],[29.796699999999994,4.556099995023069],[29.793400000000002,4.545499995034121],[29.777599999999993,4.523899995056632],[29.778699999999994,4.51519999506572],[29.785499999999992,4.498599995082996],[29.787,4.489699995092329],[29.785499999999992,4.479399995103061],[29.776899999999998,4.449299995134478],[29.7762,4.405699995180089],[29.7877,4.368899995218589],[29.814699999999995,4.346899995241661],[29.8608,4.347299995241228],[29.8827,4.344099995244577],[29.908600000000003,4.3292999952601185],[29.930199999999992,4.30869999528174],[29.939999999999994,4.288299995303129],[29.936699999999995,4.278299995313646],[29.923000000000002,4.2577999953351755],[29.924099999999992,4.245699995347882],[29.93199999999999,4.2361999953578735],[29.942500000000003,4.233799995360401],[29.9659,4.231799995362507],[29.989299999999997,4.217799995377234],[30.004800000000003,4.199299995396702],[30.0278,4.154499995443905],[30.042899999999992,4.133199995466363],[30.057699999999997,4.123799995476309],[30.09979999999999,4.115199995485343],[30.1229,4.102599995498653],[30.132899999999992,4.082799995519591],[30.138300000000005,4.0597999955438615],[30.147299999999994,4.03679999556821],[30.1715,4.008299995598328],[30.177900000000005,3.9970999956102222],[30.18049999999999,3.986199995621745],[30.182299999999998,3.965599995643588],[30.1895,3.956199995653547],[30.206000000000003,3.9504999956596007],[30.2708,3.9494999956606227],[30.337799999999998,3.927999995683418],[30.418800000000005,3.8797999957346048],[30.456899999999994,3.8675999957475615],[30.4857,3.8655999957496867],[30.515599999999992,3.8708999957440544],[30.5253,3.8675999957475615],[30.539000000000005,3.8415999957752183],[30.5628,3.6948999959314985],[30.5624,3.6753999959523074],[30.554899999999993,3.6364999959938826],[30.5495,3.624199996006994],[30.5433,3.6178999960137324],[30.543,3.6129999960189734],[30.553399999999996,3.604599996027972],[30.5624,3.601399996031378],[30.572499999999994,3.6010999960317003],[30.592299999999998,3.6035999960290583],[30.604899999999997,3.6066999960257116],[30.6366,3.624199996006994],[30.653900000000004,3.630599996000174],[30.665399999999998,3.6319999959986773],[30.693499999999997,3.6319999959986773],[30.7147,3.6438999959859584],[30.731300000000005,3.6634999959650245],[30.7471,3.674999995952742],[30.7651,3.661799995966828],[30.769099999999998,3.6518999959774003],[30.772300000000005,3.61759999601408],[30.779099999999993,3.6026999960299886],[30.7921,3.5926999960407078],[30.823100000000004,3.5804999960537702],[30.837799999999998,3.5627999960727],[30.8277,3.5110999961281086],[30.839599999999997,3.490199996150531],[30.843900000000005,3.505999996133578],[30.865499999999994,3.5489999960874865],[30.931799999999996,3.6451999959845613],[30.9444,3.679299995948125],[30.9555,3.6889999959377935],[30.965999999999994,3.6926999959338174],[30.9858,3.6921999959343577],[30.995900000000002,3.693599995932858],[31.009499999999992,3.699899995926155],[31.0405,3.724199995900228],[31.04949999999999,3.7280999958960797],[31.068599999999993,3.731799995892107],[31.0776,3.73539999588826],[31.1417,3.785199995835193],[31.167600000000004,3.7924999958274324],[31.214699999999997,3.7924999958274324],[31.255800000000004,3.786699995833631],[31.294999999999998,3.774299995846799],[31.505599999999994,3.659999995968728],[31.52359999999999,3.6560999959728995],[31.535499999999995,3.6664999959618148],[31.547400000000003,3.680999995946319],[31.5647,3.6898999959368295],[31.6687,3.704999995920711],[31.6867,3.7128999959122857],[31.696099999999998,3.721299995903295],[31.7756,3.81079999580797],[31.777799999999992,3.816499995801892],[31.78099999999999,3.815799995802656],[31.8069,3.803799995815408],[31.8307,3.7838999958365793],[31.902,3.7042999959214455],[31.9164,3.6802999959470597],[31.919999999999998,3.6613999959672445],[31.9232,3.615299996016523],[31.930099999999992,3.598399996034598],[31.943699999999996,3.591299996042206],[32.0301,3.5859999960479056],[32.0417,3.579999996054304],[32.0607,3.5489999960874865],[32.07619999999999,3.5331999961044023],[32.09309999999999,3.5245999961136327],[32.15579999999999,3.5117999961273516],[32.168,3.5122999961268206],[32.174499999999995,3.5209999961175087],[32.1792,3.541499996095515],[32.1792,3.5568999960790317],[32.174899999999994,3.5926999960407078],[32.1759,3.6056999960267753],[32.187799999999996,3.619199996012347],[32.3718,3.731099995892844],[32.4157,3.741399995881877],[32.7563,3.7690999958523417],[32.84049999999999,3.794299995825519],[32.919,3.8342999957829806],[32.9795,3.879199995735252],[32.9971,3.8855999957284464],[33.01729999999999,3.8771999957373553],[33.1436,3.7741999958469483],[33.1645,3.7630999958587497],[33.195499999999996,3.757099995865145],[33.4475,3.74439999587866],[33.4907,3.7497999958729147],[33.5328,3.774299995846799],[33.977,4.219799995375128]]]}},{"type":"Feature","properties":{"ADMIN":"Somaliland","ISO_A3":"SOM","admin_source":"World Bank GAD, artifact wb_boundaries_20260820","admin_units":"Awdal, Sanaag, Sool, Togdheer, Woqooyi Galbeed"},"geometry":{"type":"Polygon","coordinates":[[[49.08109999999999,9.140499990696979],[48.731,8.780999990997623],[48.561,8.780999990997623],[48.051,8.241099991463095],[48.13099999999999,8.211099991489435],[47.9212,8.001299991675022],[47.5701,8.002099991674305],[47.34739999999999,8.001399991674937],[47.266299999999994,8.001999991674415],[47.0663,8.002099991674305],[47.01279999999999,8.001299991675022],[46.9991,8.002099991674305],[46.67199999999998,8.112199991576649],[46.49699999999999,8.170999991524747],[46.2015,8.27009999143768],[46.0903,8.307799991404718],[45.8939,8.37459999134646],[45.8096,8.401599991323021],[45.4653,8.516499991223622],[45.291000000000004,8.57449999117373],[44.98510000000001,8.67629999108661],[44.691,8.774299991003293],[44.5761,8.811599990971741],[44.4066,8.86789999092427],[44.113,8.96509999084271],[43.9953,9.003199990810904],[43.8374,9.16179999067939],[43.643,9.356799990519756],[43.608299999999986,9.358899990518045],[43.5875,9.360899990516392],[43.5673,9.369999990509],[43.527499999999996,9.380999990500078],[43.485499999999995,9.39899999048551],[43.462299999999985,9.416399990471431],[43.43879999999999,9.446699990446904],[43.43139999999999,9.473699990425125],[43.4134,9.503899990400825],[43.41029999999999,9.52859999038102],[43.3889,9.559399990356322],[43.3279,9.603199990321293],[43.3171,9.604499990320287],[43.3154,9.60769999031771],[43.31519999999999,9.607999990317467],[43.30610000000001,9.617599990309818],[43.297799999999995,9.621599990306642],[43.297,9.621799990306465],[43.2955,9.62219999030615],[43.2708,9.62829999030127],[43.2488,9.652399990282131],[43.2351,9.691699990250932],[43.20629999999999,9.851199990125362],[43.1873,9.883399990100152],[43.1755,9.888599990096113],[43.14979999999999,9.899999990087236],[43.1041,9.907999990080981],[43.0814,9.917099990073902],[43.067699999999995,9.922599990069628],[43.03999999999999,9.94999999004833],[43.02089999999999,9.996399990012387],[43.0127,10.029299989986965],[43.0001,10.06189998996184],[42.982099999999996,10.091699989938952],[42.9583,10.115599989920653],[42.8622,10.177099989873662],[42.8363,10.20809998985005],[42.80819999999999,10.269199989803736],[42.7895,10.3332999897554],[42.77649999999999,10.424599989687044],[42.7657,10.451899989666671],[42.75019999999999,10.471699989651954],[42.6951,10.524799989612601],[42.6685,10.566299989581946],[42.64869999999999,10.610999989549079],[42.6473,10.63219998953355],[42.6602,10.641699989526582],[42.6804,10.64769998952218],[42.699799999999996,10.658599989514244],[42.711699999999986,10.675199989502076],[42.7189,10.694899989487727],[42.7286,10.735499989458216],[42.738,10.759699989440648],[42.7499,10.775899989428947],[42.785500000000006,10.804399989408358],[42.8013,10.82079998939655],[42.8078,10.83619998938547],[42.8114,10.852599989373674],[42.81929999999999,10.872599989359317],[42.8348,10.888399989348027],[42.876900000000006,10.905699989335648],[42.893499999999996,10.919699989325654],[42.90109999999999,10.93659998931359],[42.9111,10.977399989284573],[42.9237,10.998899989269319],[43.240899999999996,11.487899988930968],[43.25280000000001,11.473099988941],[43.266799999999996,11.462399988948215],[43.27029999999999,11.462099988948445],[43.2859,11.460599988949445],[43.2884,11.460399988949568],[43.2827,11.498899988923586],[43.2971,11.482299988934775],[43.31009999999999,11.461799988948622],[43.3178,11.449699988956837],[43.3201,11.44609998895928],[43.3363,11.429499988970555],[43.339499999999994,11.426199988972769],[43.3487,11.421599988975924],[43.35249999999999,11.419699988977214],[43.3759,11.391499988996417],[43.394299999999994,11.38529998900063],[43.4038,11.383199989002085],[43.413700000000006,11.380999989003591],[43.44319999999999,11.359599989018186],[43.44509999999998,11.358699989018833],[43.4598,11.350999989024105],[43.4663,11.367899989012528],[43.4781,11.379999989004268],[43.4893,11.380999989003591],[43.4943,11.364799989014646],[43.485299999999995,11.310299989051998],[43.478899999999996,11.271799989078529],[43.48819999999999,11.238899989101267],[43.5062,11.208899989122063],[43.51489999999999,11.20049998912789],[43.5269,11.18889998913595],[43.5293,11.186599989137564],[43.530699999999996,11.186199989137862],[43.5519,11.17989998914223],[43.5591,11.175999989144914],[43.56309999999999,11.170299989148914],[43.5681,11.155399989159289],[43.5833,11.135099989173463],[43.5915,11.107499989192823],[43.6175,11.070799989218578],[43.6583,10.989099989276262],[43.658899999999996,10.987999989277084],[43.65939999999999,10.987399989277469],[43.7557,10.89429998934376],[43.829499999999996,10.8029999894094],[43.922,10.724199989466419],[44.028199999999984,10.65209998951899],[44.0973,10.58929998956505],[44.14949999999999,10.559099989587274],[44.2741,10.456799989663068],[44.3475,10.414599989694507],[44.3893,10.397199989707488],[44.45139999999999,10.400799989704797],[44.45169999999999,10.400799989704797],[44.46529999999999,10.401499989704297],[44.5416,10.3927999897108],[44.5862,10.383699989717602],[44.627300000000005,10.390699989712363],[44.66179999999999,10.402399989703635],[44.750699999999995,10.427899989684555],[44.8548,10.414599989694507],[44.89939999999999,10.411799989696563],[44.9621,10.415799989693593],[44.9941,10.442799989673473],[44.988,10.460399989660363],[45.0013,10.460399989660363],[45.11149999999999,10.525599989612015],[45.1266,10.531899989607359],[45.1572,10.541099989600545],[45.2522,10.600599989556715],[45.3206,10.66209998951168],[45.337199999999996,10.670899989505221],[45.354800000000004,10.668899989506706],[45.37319999999998,10.662399989511448],[45.3847,10.65999998951319],[45.39229999999999,10.65839998951437],[45.398999999999994,10.658899989514017],[45.409199999999984,10.659599989513495],[45.4452,10.667899989507442],[45.4869,10.684699989495186],[45.5165,10.701899989482653],[45.543099999999995,10.721699989468261],[45.57299999999999,10.758199989441758],[45.585899999999995,10.765899989436209],[45.662299999999995,10.790599989418343],[45.673099999999984,10.796199989414285],[45.68489999999999,10.808999989405041],[45.6947,10.822299989395484],[45.7065,10.832899989387823],[45.72449999999999,10.837199989384747],[45.7379,10.84359998938014],[45.7537,10.871799989359896],[45.7692,10.87809998935539],[45.7872,10.877799989355617],[45.8027,10.875399989357328],[45.81709999999999,10.869199989361768],[45.8315,10.857599989370081],[45.8389,10.845199989379],[45.846599999999995,10.832299989388288],[45.8508,10.82839998939109],[45.855599999999995,10.82399998939423],[45.87209999999999,10.823399989394662],[45.868199999999995,10.841399989381719],[45.8844,10.841199989381849],[45.977599999999995,10.799099989412184],[46.0125,10.79479998941527],[46.0475,10.785299989422167],[46.0637,10.778799989426858],[46.1022,10.770599989432794],[46.13709999999999,10.77629998942866],[46.20729999999999,10.796199989414285],[46.2375,10.792499989416982],[46.2631,10.776899989428205],[46.306999999999995,10.730999989461461],[46.3351,10.709599989477036],[46.36999999999999,10.696899989486266],[46.4085,10.69159998949013],[46.4478,10.69299998948911],[46.4823,10.701299989483065],[46.49999999999999,10.70849998947785],[46.5277,10.726199989464984],[46.5608,10.73169998946098],[46.5885,10.743299989452565],[46.62919999999999,10.745099989451253],[46.64609999999999,10.74769998944936],[46.6598,10.754299989444592],[46.694,10.781899989424613],[46.78220000000001,10.821699989395894],[46.821799999999996,10.852599989373674],[46.8661,10.87189998935985],[46.88659999999999,10.898499989340785],[46.89350000000001,10.901599989338571],[46.9075,10.903099989337482],[46.928599999999996,10.910599989332152],[46.94509999999999,10.916499989327923],[46.99309999999999,10.933599989315749],[47.0079,10.938899989311968],[47.0397,10.962799989294952],[47.08279999999999,10.995299989271865],[47.114999999999995,11.021499989253336],[47.122899999999994,11.027999989248727],[47.1325,11.035799989243234],[47.1454,11.048999989233948],[47.163799999999995,11.067999989220551],[47.167799999999986,11.072099989217667],[47.1807,11.080399989211815],[47.2268,11.093899989202363],[47.238699999999994,11.101299989197123],[47.2632,11.120799989183492],[47.366899999999994,11.17269998914725],[47.386299999999984,11.180199989142023],[47.4061,11.184599989138944],[47.437099999999994,11.17989998914223],[47.4896,11.192799989133247],[47.5227,11.18689998913734],[47.5319,11.182199989140605],[47.558899999999994,11.168499989150169],[47.6779,11.108099989192384],[47.7103,11.101299989197123],[47.7672,11.130199989176916],[47.8928,11.132499989175304],[47.9483,11.125099989180484],[48.130399999999995,11.136699989172355],[48.1607,11.145699989166067],[48.17360000000001,11.157099989158118],[48.1959,11.18689998913734],[48.2157,11.196199989130886],[48.220099999999995,11.21109998912055],[48.22939999999999,11.214499989118174],[48.254999999999995,11.215099989117752],[48.2737,11.22039998911406],[48.2942,11.22249998911264],[48.30429999999999,11.227499989109164],[48.310399999999994,11.234699989104156],[48.3183,11.255599989089715],[48.3313,11.268799989080577],[48.34279999999999,11.275499989075975],[48.3731,11.28219998907136],[48.4443,11.289199989066537],[48.47849999999998,11.296399989061568],[48.506999999999984,11.31359998904973],[48.5221,11.319299989045835],[48.5858,11.316999989047384],[48.63689999999999,11.329399989038864],[48.65489999999999,11.330599989038049],[48.7237,11.315299989048572],[48.7626,11.30099998905841],[48.7885,11.286099989068676],[48.8007,11.279099989073464],[48.825999999999986,11.270899989079153],[48.8828,11.247899989095025],[48.9186,11.24099998909981],[48.95159999999999,11.1060999891938],[49.0311,10.780899989425345],[49.03589999999999,10.570499989578892],[49.04109999999999,10.350899989742203],[49.061099999999996,9.570999990347035],[49.08109999999999,9.140499990696979]]]}},{"type":"Feature","properties":{"ADMIN":"Somalia","ISO_A3":"SOM","admin_source":"World Bank GAD, artifact wb_boundaries_20260820","admin_units":"Bakool, Banadir, Bari, Bay, Galgaduud, Gedo, Hiraan, Juba Dhexe, Juba Hoose, Mudug, Nugaal, Shabelle Dhexe, Shabelle Hoose"},"geometry":{"type":"Polygon","coordinates":[[[45.534399999999984,2.1419999976172686],[45.3495,2.0353999977347503],[45.34139999999999,2.0306999977399345],[45.2974,2.0053999977678245],[45.23210000000001,1.9676999978094345],[45.19970000000001,1.9596999978182392],[45.18659999999999,1.9535999978249963],[45.166799999999995,1.9442999978352544],[45.07540000000001,1.901299997882725],[45.0013,1.866399997921291],[44.831399999999995,1.7497999980502164],[44.8307,1.748899998051235],[44.823800000000006,1.740299998060725],[44.81229999999999,1.7355999980659451],[44.6762,1.6376999981743678],[44.6176,1.6011999982148186],[44.61619999999999,1.6002999982158173],[44.5906,1.5842999982335377],[44.5502,1.5591999982613869],[44.33279999999999,1.3899999984491984],[44.289,1.3449999984991703],[44.2215,1.2756999985761952],[44.2117,1.2713999985810078],[44.1985,1.2657999985872121],[44.1578,1.2408999986149152],[44.145599999999995,1.2295999986274977],[44.142,1.2213999986366246],[44.1407,1.2120999986469652],[44.138000000000005,1.1916999986696395],[44.1341,1.187699998674117],[44.12069999999999,1.183699998678572],[44.115,1.1820999986803342],[44.1125,1.1790999986836912],[44.10379999999999,1.168499998695478],[44.03289999999999,1.0974999987745286],[44.0124,1.0842999987892392],[43.99179999999999,1.0787999987953532],[43.991099999999996,1.0785999987955839],[43.9836,1.0724999988023547],[43.97889999999999,1.0686999988066015],[43.9325,1.0098999988720878],[43.84959999999999,0.9654999989215899],[43.8198,0.9494999989394246],[43.782,0.9215999989705189],[43.74969999999999,0.8767999990204914],[43.73409999999999,0.8550999990446843],[43.71719999999999,0.8452999990555988],[43.706,0.841499999059849],[43.7035,0.8405999990608466],[43.6831,0.8243999990789445],[43.66969999999999,0.8136999990908627],[43.658899999999996,0.8049999991005471],[43.63689999999999,0.7837999991242335],[43.467699999999994,0.6206999993062853],[43.285499999999985,0.4149999995360855],[43.1324,0.26489999970382677],[43.0901,0.22339999975021563],[42.851,-0.04039999995484536],[42.770399999999995,-0.12939999985530662],[42.7149,-0.17439999980503262],[42.647600000000004,-0.22899999974397078],[42.5803,-0.29759999966731765],[42.555800000000005,-0.33209999962871106],[42.55369999999999,-0.34239999961720496],[42.55399999999999,-0.3512999996072621],[42.550799999999995,-0.3575999996002327],[42.52669999999999,-0.3627999995944037],[42.519499999999994,-0.36929999958711945],[42.479899999999994,-0.42219999952799686],[42.478399999999986,-0.42659999952309097],[42.4745,-0.43879999950946624],[42.481999999999985,-0.4455999995018991],[42.4851,-0.4483999994987726],[42.48629999999999,-0.44949999949752756],[42.476299999999995,-0.4660999994789829],[42.4727,-0.4698999994747396],[42.4724,-0.46199999948355563],[42.4723,-0.45879999948712125],[42.4705,-0.4540999994923548],[42.4658,-0.44949999949752756],[42.45869999999999,-0.45499999949137776],[42.4584,-0.45529999949102484],[42.4125,-0.49099999945114003],[42.4046,-0.5009999994399649],[42.3978,-0.5174999994215541],[42.38269999999999,-0.5352999994016694],[42.3499,-0.5656999993676938],[42.25019999999999,-0.6857999992336231],[42.2466,-0.6942999992241168],[42.2451,-0.7074999992094039],[42.2365,-0.709699999206896],[42.2325,-0.7130999992031241],[42.1922,-0.7761999991326922],[42.166700000000006,-0.8026999991031392],[42.15149999999999,-0.8139999990905233],[42.1353,-0.8217999990818394],[42.1166,-0.8262999990768065],[42.08670000000001,-0.8256999990774944],[42.0716,-0.8286999990741473],[42.0626,-0.8392999990623312],[42.0817,-0.8434999990576204],[42.08100000000001,-0.8628999990359785],[42.071999999999996,-0.8844999990119004],[42.065899999999985,-0.8944999990007446],[42.0515,-0.9020999989922794],[42.0371,-0.9199999989723232],[42.025499999999994,-0.9415999989482294],[42.0209,-0.9600999989276046],[42.0165,-0.9680999989186827],[41.9831,-0.9940999988897127],[41.9719,-0.9998999988832477],[41.9679,-0.9928999988910505],[41.9636,-0.950899998937856],[41.9647,-0.911599998981667],[41.9589,-0.8944999990007446],[41.952799999999996,-0.8944999990007446],[41.9553,-0.9096999989838106],[41.9525,-0.9208999989712973],[41.9474,-0.9308999989601816],[41.9453,-0.9430999989465336],[41.946299999999994,-0.954799998933492],[41.95139999999999,-0.9694999989171261],[41.95570000000001,-0.9929999988909445],[41.96940000000001,-1.0032999988794697],[41.973,-1.0111999988706695],[41.9715,-1.0235999988568425],[41.96149999999999,-1.044199998833871],[41.9589,-1.0559999988207596],[41.95349999999999,-1.068699998806588],[41.9301,-1.0899999987828524],[41.9247,-1.0971999987748664],[41.9229,-1.1101999987603828],[41.9183,-1.121099998748217],[41.9118,-1.1309999987372352],[41.873999999999995,-1.1759999986871366],[41.8693,-1.1862999986757008],[41.8729,-1.1954999986654462],[41.880799999999994,-1.194899998666101],[41.88189999999999,-1.1941999986668697],[41.8974,-1.183299998678989],[41.885499999999986,-1.2096999986496033],[41.87760000000001,-1.2105999986485956],[41.8628,-1.2123999986465992],[41.841899999999995,-1.1970999986636468],[41.8355,-1.1688999986950377],[41.82899999999999,-1.1688999986950377],[41.83039999999999,-1.1892999986723556],[41.841,-1.2219999986359524],[41.841899999999995,-1.2249999986326088],[41.8427,-1.243999998611501],[41.8365,-1.2622999985911285],[41.7321,-1.4311999984034207],[41.7087,-1.4600999983713199],[41.6897,-1.489599998338575],[41.65219999999999,-1.5650999982548357],[41.633099999999985,-1.580499998237751],[41.610499999999995,-1.5931999982236795],[41.5882,-1.6307999981820038],[41.582,-1.6411999981704672],[41.5752,-1.6526999981577393],[41.55499999999999,-1.6697999981388043],[41.5611,-1.6697999981388043],[41.5352,-1.6963999981093543],[41.538500000000006,-1.6137999982008604],[41.53489999999999,-1.5948999982217973],[41.522999999999996,-1.572899998246203],[40.9797,-0.8708999990270466],[40.9686,-0.0027999999968608704],[40.9686,2.497199997227304],[40.9653,2.8141999968812152],[40.9797,2.841999996850953],[41.3426,3.2011999964616074],[41.8851,3.9771999956312727],[41.8985,3.99699999561032],[41.9121,4.007999995598677],[41.9175,4.020399995585545],[41.9168,4.051199995552957],[41.9233,4.070699995532352],[41.9413,4.086299995515866],[42.01189999999999,4.1294999954702885],[42.068400000000004,4.174599995422711],[42.10289999999999,4.191899995404483],[42.1353,4.200199995395764],[42.29729999999999,4.201799995394091],[42.7898,4.285599995305962],[42.8316,4.302399995288324],[42.86899999999999,4.32679999526275],[42.89959999999999,4.361199995226669],[42.91470000000001,4.393399995192938],[42.93239999999999,4.463199995119973],[42.9461,4.496799995084878],[42.9605,4.517399995063386],[43.11919999999999,4.647799994927717],[43.52849999999999,4.841599994727133],[43.845,4.914399994652126],[43.9325,4.94519999462043],[43.968799999999995,4.9540999946113145],[43.9874,4.952999994612425],[44.595,4.917799994648602],[44.912699999999994,4.8993999946675615],[44.94149999999999,4.9115999946549875],[44.9443,4.91459999465191],[45.9359,5.996699993560437],[46.424,6.496699993072341],[47.97919999999999,7.996599991679199],[46.9791,7.996599991679199],[46.9205,8.0256999916533],[45.5985,8.468499991265045],[44.02389999999999,8.985499990825687],[43.9847,9.008399990806545],[43.621399999999994,9.336999990535867],[43.6074,9.34469999052957],[43.59120000000001,9.343599990530468],[43.56669999999998,9.334399990537985],[43.5483,9.33609999053657],[43.4191,9.413099990474073],[43.4061,9.428699990461448],[43.4018,9.447499990446257],[43.39929999999999,9.480899990419333],[43.3932,9.498999990404766],[43.37049999999999,9.544199990368481],[43.3615,9.553199990361257],[43.3413,9.566399990350716],[43.33160000000001,9.57509999034376],[43.3171,9.604499990320287],[43.3279,9.603199990321293],[43.3889,9.559399990356322],[43.41029999999999,9.52859999038102],[43.4134,9.503899990400825],[43.43139999999999,9.473699990425125],[43.43879999999999,9.446699990446904],[43.462299999999985,9.416399990471431],[43.485499999999995,9.39899999048551],[43.527499999999996,9.380999990500078],[43.5673,9.369999990509],[43.5875,9.360899990516392],[43.608299999999986,9.358899990518045],[43.643,9.356799990519756],[43.8374,9.16179999067939],[43.9953,9.003199990810904],[44.113,8.96509999084271],[44.4066,8.86789999092427],[44.5761,8.811599990971741],[44.691,8.774299991003293],[44.98510000000001,8.67629999108661],[45.291000000000004,8.57449999117373],[45.4653,8.516499991223622],[45.8096,8.401599991323021],[45.8939,8.37459999134646],[46.0903,8.307799991404718],[46.2015,8.27009999143768],[46.49699999999999,8.170999991524747],[46.67199999999998,8.112199991576649],[46.9991,8.002099991674305],[47.01279999999999,8.001299991675022],[47.0663,8.002099991674305],[47.266299999999994,8.001999991674415],[47.34739999999999,8.001399991674937],[47.5701,8.002099991674305],[47.9212,8.001299991675022],[48.13099999999999,8.211099991489435],[48.051,8.241099991463095],[48.561,8.780999990997623],[48.731,8.780999990997623],[49.08109999999999,9.140499990696979],[49.061099999999996,9.570999990347035],[49.04109999999999,10.350899989742203],[49.03589999999999,10.570499989578892],[49.0311,10.780899989425345],[48.95159999999999,11.1060999891938],[48.9186,11.24099998909981],[48.8828,11.247899989095025],[48.825999999999986,11.270899989079153],[48.8889,11.250599989093178],[48.9041,11.247699989095171],[48.97679999999999,11.251399989092624],[49.0539,11.265799989082648],[49.1322,11.280299989072656],[49.215599999999995,11.295799989061967],[49.239599999999996,11.300199989058946],[49.24739999999999,11.303599989056625],[49.2781,11.316999989047384],[49.293199999999985,11.337999989032975],[49.3033,11.345499989027847],[49.325599999999994,11.335199989034905],[49.3357,11.33459998903531],[49.4001,11.34049998903128],[49.41919999999999,11.34479998902831],[49.43509999999999,11.350999989024105],[49.488699999999994,11.381799989003015],[49.5074,11.38529998900063],[49.5159,11.39029998899724],[49.52179999999999,11.393799988994836],[49.5269,11.403399988988294],[49.54449999999999,11.436799988965566],[49.5585,11.453499988954288],[49.576899999999995,11.460099988949786],[49.5996,11.461799988948622],[49.64459999999999,11.460399988949568],[49.666199999999996,11.471099988942333],[49.6752,11.47399998894041],[49.675799999999995,11.47399998894041],[49.68670000000001,11.474399988940114],[49.7162,11.467799988944575],[49.73169999999999,11.466199988945668],[49.7945,11.459499988950183],[49.8048,11.458399988950966],[49.816500000000005,11.459999988949868],[49.8359,11.462799988947944],[49.8512,11.464999988946468],[49.8543,11.467399988944871],[49.8807,11.488299988930706],[49.88869999999999,11.487299988931401],[49.9063,11.49869998892369],[49.9128,11.500499988922474],[49.91779999999999,11.501899988921533],[49.9265,11.507599988917686],[49.93439999999999,11.512899988914125],[49.942299999999996,11.515599988912307],[49.946099999999994,11.515199988912578],[49.94949999999999,11.514899988912765],[49.962799999999994,11.508799988916918],[49.97499999999999,11.509099988916674],[50.0539,11.51129998891522],[50.072599999999994,11.508799988916918],[50.1317,11.539899988895968],[50.1511,11.557999988883822],[50.161899999999996,11.563399988880214],[50.197599999999994,11.562699988880668],[50.2253,11.578199988870276],[50.2685,11.58929998886284],[50.2872,11.601299988854828],[50.289,11.60249998885405],[50.3097,11.618999988843045],[50.37219999999999,11.668899988809866],[50.4182,11.677999988803851],[50.43699999999999,11.69059998879553],[50.4704,11.727799988770942],[50.500699999999995,11.75489998875309],[50.5126,11.771199988742419],[50.5176,11.792699988728328],[50.519,11.815299988713553],[50.522999999999996,11.837899988698807],[50.529499999999985,11.859499988684767],[50.5385,11.878699988672299],[50.5612,11.907899988653387],[50.5759,11.920899988644992],[50.589999999999996,11.926499988641392],[50.6022,11.927899988640487],[50.6274,11.940099988632634],[50.636399999999995,11.951699988625155],[50.641099999999994,11.954399988623413],[50.6472,11.95409998862363],[50.65579999999999,11.948399988627271],[50.66159999999999,11.947499988627856],[50.6828,11.953399988624078],[50.72500000000001,11.971099988612695],[50.76169999999998,11.978699988607815],[50.77210000000001,11.98569998860331],[50.798,11.98919998860108],[50.862099999999984,11.94629998862863],[50.8672,11.942899988630808],[50.9007,11.939499988632994],[50.970099999999995,11.932299988637634],[51.015999999999984,11.89569998866127],[51.029199999999996,11.885099988668166],[51.03839999999999,11.882099988670081],[51.049,11.878699988672299],[51.1278,11.878699988672299],[51.1472,11.873699988675554],[51.18109999999999,11.85539998868742],[51.199799999999996,11.85129998869009],[51.22279999999999,11.850799988690422],[51.24699999999999,11.847599988692501],[51.26409999999999,11.840799988696952],[51.26749999999999,11.83949998869776],[51.28329999999999,11.835499988700391],[51.292699999999996,11.833199988701889],[51.28649999999999,11.82009998871043],[51.27719999999999,11.800499988723212],[51.2748,11.79159998872905],[51.26639999999999,11.75929998875022],[51.259,11.746099988758905],[51.2495,11.728799988770263],[51.250699999999995,11.71959998877636],[51.25560000000001,11.681899988801254],[51.25560000000001,11.681599988801466],[51.253,11.672099988807759],[51.24769999999999,11.65239998882081],[51.2297,11.635799988831836],[51.212399999999995,11.607899988850445],[51.18109999999999,11.578899988869793],[51.147999999999996,11.536099988898524],[51.1457,11.533699988900148],[51.12489999999999,11.51179998891487],[51.121,11.505299988919258],[51.121999999999986,11.494199988926724],[51.12619999999999,11.477299988938153],[51.1278,11.470799988942534],[51.12609999999999,11.456999988951905],[51.12489999999999,11.44789998895805],[51.118399999999994,11.42629998897273],[51.08599999999999,11.357199989019833],[51.0814,11.341499989030575],[51.0793,11.278599989073824],[51.0792,11.27589998907571],[51.079,11.274699989076527],[51.0724,11.233799989104797],[51.08599999999999,11.188099989136507],[51.0923,11.184299989139163],[51.131,11.160699989155589],[51.1746,11.158699989157013],[51.1894,11.13819998917133],[51.17339999999999,11.124399989180974],[51.16449999999999,11.116799989186283],[51.1422,11.068399989220264],[51.13139999999999,11.0529999892311],[51.12380000000001,11.038799989241154],[51.118399999999994,11.016899989256602],[51.115199999999994,10.993399989273236],[51.11919999999999,10.938799989312013],[51.13819999999999,10.676699989501026],[51.140100000000004,10.670199989505763],[51.150499999999994,10.633699989532422],[51.1576,10.608699989550782],[51.160599999999995,10.59849998955827],[51.154399999999995,10.58769998956621],[51.13139999999999,10.583999989568925],[51.10730000000001,10.576599989574387],[51.1019,10.558499989587705],[51.10730000000001,10.514999989619872],[51.102199999999996,10.494699989634874],[51.0922,10.48209998964426],[51.07699999999999,10.475799989648914],[51.0558,10.474099989650187],[51.036,10.467499989655058],[51.0184,10.452099989666516],[51.01009999999999,10.433999989680013],[51.0184,10.419399989690913],[51.0382,10.416099989693379],[51.044,10.417299989692493],[51.19039999999999,10.446199989670921],[51.211999999999996,10.441899989674136],[51.2203,10.44199998967407],[51.2239,10.449899989668177],[51.2209,10.45769998966236],[51.2196,10.461099989659845],[51.214400000000005,10.463999989657708],[51.2009,10.471499989652088],[51.1966,10.477399989647724],[51.19579999999999,10.500299989630728],[51.193,10.521199989615258],[51.186799999999984,10.54159998960019],[51.176,10.56279998958455],[51.1919,10.548899989594824],[51.20740000000001,10.538099989602756],[51.22070000000001,10.52489998961253],[51.2466,10.50919998962413],[51.25809999999999,10.503899989628058],[51.27039999999999,10.495399989634356],[51.292699999999996,10.480099989645709],[51.2945,10.479699989646026],[51.32509999999999,10.47279998965113],[51.325799999999994,10.472699989651238],[51.3359,10.474699989649743],[51.346,10.480499989645415],[51.3522,10.482299989644078],[51.357099999999996,10.483699989643034],[51.39529999999999,10.479099989646443],[51.40319999999999,10.456799989663068],[51.4169,10.447499989669966],[51.40579999999999,10.41809998969188],[51.4053,10.416699989692937],[51.3974,10.395799989708529],[51.3925,10.394099989709842],[51.3852,10.391499989711763],[51.3755,10.383699989717602],[51.37440000000001,10.382799989718299],[51.37259999999999,10.381399989719323],[51.373599999999996,10.37759998972217],[51.37619999999999,10.367799989729537],[51.3676,10.367799989729537],[51.3621,10.36999998972786],[51.3496,10.375099989724033],[51.3459,10.374899989724215],[51.3362,10.374299989724658],[51.32769999999999,10.37649998972299],[51.32,10.378499989721501],[51.309099999999994,10.375099989724033],[51.301,10.372599989725895],[51.2937,10.373999989724854],[51.2851,10.375599989723659],[51.27289999999999,10.377899989721945],[51.27109999999999,10.382399989718557],[51.26789999999999,10.390499989712506],[51.2653,10.396799989707816],[51.2628,10.408599989698978],[51.256699999999995,10.420299989690228],[51.25519999999999,10.420799989689872],[51.24079999999999,10.425599989686294],[51.233599999999996,10.424699989686962],[51.0953,10.407899989699477],[51.08999999999999,10.407299989699963],[51.0872,10.406299989700704],[51.0173,10.381899989718942],[50.9273,10.32779998975956],[50.90999999999999,10.295599989783817],[50.901700000000005,10.23439998983011],[50.91289999999999,10.1768999898738],[50.88709999999999,10.110199989924777],[50.88369999999999,10.101299989931578],[50.8888,10.055699989966627],[50.897299999999994,10.032099989984786],[50.9003,10.023999989991047],[50.901700000000005,10.011699990000556],[50.89989999999999,10.000699990009052],[50.89979999999999,10.000599990009121],[50.8909,9.986099990020335],[50.8869,9.965399990036392],[50.87899999999999,9.92429999006831],[50.87779999999999,9.91769999007344],[50.8776,9.91669999007421],[50.88119999999999,9.905499990082946],[50.8697,9.884499990099298],[50.8696,9.88429999009945],[50.867399999999996,9.877999990104374],[50.8632,9.86599999011374],[50.8542,9.816099990152827],[50.8434,9.787399990175372],[50.8405,9.779699990181427],[50.83329999999999,9.768899990189947],[50.83489999999999,9.760799990196313],[50.838699999999996,9.74099999021195],[50.83189999999999,9.712099990234794],[50.8306,9.702199990242613],[50.828799999999994,9.686999990254684],[50.8243,9.651099990283146],[50.8175,9.640999990291206],[50.80629999999999,9.62449999030432],[50.8058,9.60379999032084],[50.8056,9.593999990328621],[50.813199999999995,9.541199990370895],[50.8364,9.478399990421341],[50.8369,9.477099990422403],[50.8405,9.456199990439274],[50.8374,9.43799999045394],[50.83729999999999,9.437099990454646],[50.8304,9.419699990468752],[50.81669999999999,9.397599990486626],[50.801,9.37219999050724],[50.76819999999999,9.319199990550372],[50.76,9.312799990555579],[50.7484,9.303499990563127],[50.7062,9.285699990577701],[50.6893,9.27489999058654],[50.6767,9.259299990599274],[50.6468,9.211299990638635],[50.641099999999994,9.1963999906509],[50.649399999999986,9.132499990703577],[50.64829999999999,9.110399990721865],[50.63349999999999,9.073199990752679],[50.61419999999999,9.049899990772024],[50.6044,9.037899990782007],[50.582,9.020299990796657],[50.4949,8.951999990853656],[50.464,8.92049999088007],[50.43979999999999,8.888199990907165],[50.4248,8.861699990929479],[50.4222,8.85709999093335],[50.410199999999996,8.823099990962056],[50.40779999999999,8.816399990967682],[50.3955,8.76009999101534],[50.3898,8.733599991037835],[50.389099999999985,8.73209999103911],[50.3743,8.698899991067341],[50.326399999999985,8.641199991116563],[50.319599999999994,8.620299991134466],[50.32249999999999,8.559799991186331],[50.319599999999994,8.541899991201737],[50.303399999999996,8.504699991233808],[50.290099999999995,8.486799991249242],[50.27499999999999,8.479199991255792],[50.2562,8.472599991261493],[50.246199999999995,8.456399991275513],[50.23029999999999,8.41769999130906],[50.168299999999995,8.336199991379935],[50.156499999999994,8.320599991393555],[50.1414,8.287999991421996],[50.113,8.199599991499559],[50.0935,8.165599991529461],[50.091,8.16109999153344],[50.0582,8.130299991560644],[49.959599999999995,8.070199991613794],[49.929300000000005,8.051699991630226],[49.8422,7.962699991709445],[49.82419999999999,7.933999991735054],[49.8187,7.916999991750244],[49.8123,7.897599991767623],[49.80469999999999,7.837599991821495],[49.8033,7.82689999183111],[49.80870000000001,7.814999991841838],[49.8103,7.813999991842726],[49.823499999999996,7.805299991850544],[49.825,7.797099991857934],[49.8272,7.784499991869307],[49.82749999999999,7.782999991870654],[49.824899999999985,7.7577999918934015],[49.82149999999999,7.7470999919030445],[49.8192,7.739899991909572],[49.7907,7.699599991946033],[49.76089999999999,7.667399991975259],[49.7522,7.650299991990808],[49.7483,7.606699992030464],[49.7443,7.58909999204653],[49.6413,7.409899992210764],[49.5934,7.326499992287768],[49.58659999999999,7.31469999229867],[49.580199999999984,7.307499992305359],[49.520399999999995,7.239599992368379],[49.36699999999999,7.025699992568361],[49.321499999999986,6.93639999265251],[49.31589999999999,6.9254999926627745],[49.3066,6.907199992680111],[49.293199999999985,6.880999992704888],[49.2693,6.8444999927394985],[49.247099999999996,6.810599992771682],[49.2451,6.8047999927772285],[49.19780000000001,6.67359999290234],[49.10289999999999,6.474399993093899],[49.074699999999986,6.41529999315105],[49.0722,6.393299993172375],[49.07399999999999,6.37079999319421],[49.0756,6.363799993201015],[49.083299999999994,6.328999993234805],[49.085499999999996,6.307399993255836],[49.0715,6.219999993341111],[49.0362,6.144299993415216],[48.963499999999996,6.019399993538053],[48.8502,5.824699993730823],[48.8501,5.824399993731073],[48.8283,5.79099999376432],[48.76109999999999,5.6875999938674955],[48.707899999999995,5.605699993949507],[48.696,5.587399993967856],[48.6941,5.583299993971981],[48.64670000000001,5.480099994075809],[48.61999999999999,5.44409999411211],[48.55809999999999,5.384699994172153],[48.547999999999995,5.375099994181866],[48.5416,5.364399994192683],[48.5353,5.353899994203319],[48.516,5.32179999423586],[48.44789999999999,5.2087999943507155],[48.3288,5.0796999944824925],[48.26819999999999,4.997799994566416],[48.2024,4.9089999946576555],[48.1165,4.735899994836383],[48.0555,4.612999994963881],[47.982599999999984,4.506699995074587],[47.979099999999995,4.501599995079871],[47.9486,4.457199995126212],[47.7575,4.2523999953408715],[47.7008,4.1916999954047025],[47.6967,4.187299995409345],[47.577799999999996,4.059899995543762],[47.54449999999999,4.013499995592846],[47.4893,3.9363999956745346],[47.3355,3.7788999958419427],[47.01299999999999,3.4410999962032416],[46.8341,3.23249999642782],[46.7817,3.185899996478126],[46.70009999999999,3.113299996556621],[46.63669999999999,3.0371999966390195],[46.62559999999999,3.023999996653342],[46.60029999999999,3.002799996676312],[46.48769999999998,2.908899996778252],[46.4856,2.90669999678063],[46.4143,2.8334999968602324],[46.351699999999994,2.7886999969089814],[46.3448,2.7700999969292597],[46.339099999999995,2.7617999969382985],[46.33440000000001,2.758199996942226],[46.317499999999995,2.7518999969490703],[46.30769999999999,2.736099996966321],[46.2998,2.71589999698831],[46.2894,2.6962999970097057],[46.275299999999994,2.6859999970209523],[46.23649999999999,2.667699997040938],[46.187899999999985,2.616599997096734],[46.1505,2.5772999971396677],[46.1425,2.56889999714886],[46.131,2.5539999971651297],[46.11440000000001,2.5232999971987233],[46.1051,2.5106999972125132],[46.06569999999999,2.485799997239767],[46.06289999999999,2.483999997241757],[46.0625,2.4831999972426195],[46.0475,2.4550999972734036],[46.02689999999999,2.438299997291828],[45.9611,2.3957999973383983],[45.8615,2.3314999974089834],[45.82639999999999,2.308899997433782],[45.71189999999999,2.244299997504747],[45.6835,2.227899997522772],[45.66009999999999,2.214499997537492],[45.534399999999984,2.1419999976172686]]]}},{"type":"Feature","properties":{"ADMIN":"Tanzania","ISO_A3":"TZA","admin_source":"World Bank Official Boundaries, artifact wb_boundaries_20260820"},"geometry":{"type":"MultiPolygon","coordinates":[[[[39.702799999999996,-8.091399991595067],[39.69670000000001,-8.074899991609643],[39.702799999999996,-8.048999991632638],[39.714699999999986,-8.027799991651468],[39.74209999999999,-7.99489999168074],[39.7741,-7.991299991683902],[39.7968,-7.9924999916828545],[39.8015,-8.006599991670312],[39.7493,-8.0653999916181],[39.71940000000001,-8.092599991593955],[39.702799999999996,-8.091399991595067]]],[[[39.8234,-7.913999991752942],[39.81149999999999,-7.913999991752942],[39.78379999999999,-7.90589999176022],[39.7547,-7.9152999917518025],[39.74209999999999,-7.936899991732481],[39.735899999999994,-7.959999991711838],[39.7262,-7.973399991699891],[39.6866,-7.988899991686045],[39.66649999999999,-7.993499991681957],[39.649899999999995,-7.993899991681618],[39.6297,-7.985699991688926],[39.6035,-7.957699991713895],[39.58729999999999,-7.945499991724805],[39.596599999999995,-7.943399991726662],[39.6135,-7.942699991727319],[39.6218,-7.9391999917303995],[39.6247,-7.929399991739171],[39.6279,-7.9227999917450465],[39.6294,-7.922599991745269],[39.6315,-7.914999991752041],[39.649899999999995,-7.911899991754847],[39.6931,-7.870299991792149],[39.7075,-7.847499991812576],[39.6981,-7.836199991822758],[39.7039,-7.819499991837774],[39.7154,-7.811599991844867],[39.73089999999999,-7.809599991846662],[39.7493,-7.809699991846581],[39.7658,-7.806299991849636],[39.7971,-7.791999991862511],[39.81439999999999,-7.7884999918656534],[39.8087,-7.780499991872896],[39.799299999999995,-7.778999991874259],[39.773399999999995,-7.781699991871834],[39.773399999999995,-7.775499991877428],[39.7856,-7.772499991880124],[39.796099999999996,-7.767099991884994],[39.81439999999999,-7.754299991896529],[39.8357,-7.745599991904439],[39.845,-7.7376999919115494],[39.8519,-7.712099991934728],[39.85979999999999,-7.697199991948237],[39.8699,-7.684199991960024],[39.88349999999999,-7.673499991969734],[39.89359999999999,-7.6476999919931545],[39.8958,-7.637699992002215],[39.9109,-7.654399991987041],[39.909499999999994,-7.686799991957647],[39.89329999999999,-7.7540999918967595],[39.8648,-7.818999991838218],[39.8515,-7.837099991821949],[39.8486,-7.857399991803688],[39.84179999999999,-7.877799991785382],[39.829899999999995,-7.894999991769969],[39.8234,-7.913999991752942]]],[[[30.369499999999995,-7.310299992302746],[30.2946,-7.149399992452411],[30.234799999999993,-7.057099992538863],[30.0908,-6.889999992696391],[30.01269999999999,-6.82529999275775],[29.873000000000005,-6.7542999928252865],[29.738699999999994,-6.652399992922646],[29.706999999999997,-6.61939999295427],[29.6844,-6.5815999929906095],[29.634000000000004,-6.446899993120487],[29.565899999999996,-6.359499993205169],[29.537800000000004,-6.312399993250964],[29.5256,-6.273199993289188],[29.5087,-6.153699993405977],[29.4788,-6.041799993515979],[29.4763,-6.00209999355508],[29.496100000000002,-5.938699993617713],[29.570999999999998,-5.837999993717615],[29.602999999999994,-5.781799993773489],[29.6124,-5.704299993850798],[29.593599999999995,-5.620299993934864],[29.496399999999998,-5.391799994164983],[29.4558,-5.229899994329257],[29.3776,-5.087599994474433],[29.344199999999994,-5.0059999945580085],[29.3236,-4.920299994646046],[29.321099999999994,-4.836399994732501],[29.340899999999998,-4.751699994820042],[29.4014,-4.586799994991139],[29.4108,-4.502399995079066],[29.4072,-4.46259999512057],[29.404300000000003,-4.449899995133867],[29.638299999999997,-4.446899995136989],[29.687599999999993,-4.458499995124885],[29.728299999999997,-4.461599995121651],[29.733,-4.463299995119839],[29.744499999999995,-4.454499995129086],[29.7517,-4.416099995169227],[29.757799999999996,-4.410199995175381],[29.7751,-4.402399995183558],[29.7801,-4.393799995192528],[29.782299999999996,-4.377499995209586],[29.784100000000002,-4.373899995213379],[29.8003,-4.363999995223724],[29.811099999999996,-4.36529999522239],[29.821900000000003,-4.370699995216727],[29.838399999999996,-4.373599995213694],[29.8474,-4.370599995216802],[29.9004,-4.345699995242907],[29.936399999999995,-4.312099995278166],[30.003000000000004,-4.271999995320266],[30.01559999999999,-4.2560999953369585],[30.041099999999993,-4.195099995401148],[30.051599999999993,-4.180299995416722],[30.1196,-4.123599995476499],[30.1499,-4.08679999551535],[30.1733,-4.046299995558127],[30.19129999999999,-4.002499995604478],[30.208899999999993,-3.930499995680777],[30.220799999999997,-3.91009999570245],[30.273299999999995,-3.8562999957595596],[30.311900000000005,-3.789999995830098],[30.3371,-3.77379999584736],[30.38169999999999,-3.788399995831791],[30.38489999999999,-3.7707999958505205],[30.382099999999994,-3.75519999586718],[30.372,-3.7229999959015254],[30.373099999999994,-3.703599995922224],[30.38029999999999,-3.685699995941314],[30.4213,-3.620899996010532],[30.4289,-3.6022999960304394],[30.429199999999994,-3.583899996050103],[30.4267,-3.5638999960715303],[30.4325,-3.5518999960843844],[30.460200000000004,-3.5319999961057365],[30.466299999999993,-3.5160999961227506],[30.4688,-3.5130999961259772],[30.4857,-3.5104999961287446],[30.487499999999994,-3.5107999961284215],[30.487900000000003,-3.5126999961264054],[30.5073,-3.5110999961280958],[30.511699999999998,-3.497799996142377],[30.545099999999998,-3.4891999961515774],[30.5531,-3.4822999961589893],[30.566,-3.466699996175747],[30.612799999999993,-3.4449999961990425],[30.639099999999992,-3.4194999962264285],[30.6405,-3.3928999962550193],[30.603500000000004,-3.3725999962768336],[30.621800000000004,-3.3504999963006634],[30.6405,-3.332899996319607],[30.6625,-3.319299996334223],[30.689900000000005,-3.308899996345438],[30.7021,-3.307499996346957],[30.712200000000003,-3.301899996352945],[30.7183,-3.2928999963626735],[30.7215,-3.2809999963754874],[30.747800000000005,-3.294099996361365],[30.775499999999997,-3.2909999963647394],[30.799699999999994,-3.274699996382298],[30.8148,-3.2477999964112927],[30.809399999999993,-3.2168999964446634],[30.8234,-3.196699996466479],[30.832099999999993,-3.172799996492302],[30.833899999999993,-3.160299996505807],[30.8328,-3.1477999965193195],[30.828799999999998,-3.1405999965271216],[30.815899999999996,-3.1309999965374518],[30.812300000000004,-3.1235999965454635],[30.818,-3.1043999965662317],[30.817699999999995,-3.099099996571984],[30.807899999999997,-3.0853999965868404],[30.7831,-3.0621999966119033],[30.7784,-3.047399996627954],[30.7849,-3.03149999664522],[30.815899999999996,-2.99589999668382],[30.825600000000005,-2.978599996702568],[30.802200000000003,-2.9784999967026478],[30.755399999999998,-2.9914999966885922],[30.732,-2.993499996686399],[30.718999999999994,-2.98959999669061],[30.696,-2.97459999670694],[30.683699999999995,-2.969999996711898],[30.6715,-2.9708999967109353],[30.651,-2.9774999967037465],[30.63769999999999,-2.974399996707103],[30.634800000000002,-2.970199996711692],[30.632299999999994,-2.9537999967294883],[30.629400000000004,-2.9476999967361044],[30.6121,-2.939199996745308],[30.546899999999997,-2.9004999967873513],[30.539000000000005,-2.898999996789012],[30.525,-2.9041999967833325],[30.513100000000005,-2.9140999967726127],[30.4933,-2.941199996743148],[30.488600000000005,-2.9434999967406883],[30.484299999999994,-2.9307999967544505],[30.475300000000004,-2.922199996763803],[30.4695,-2.914199996772479],[30.4742,-2.903299996784343],[30.455899999999993,-2.8982999967897562],[30.440699999999996,-2.883999996805276],[30.4159,-2.8516999968404337],[30.4137,-2.834499996859149],[30.4253,-2.8121999968834226],[30.446900000000003,-2.782799996915414],[30.44719999999999,-2.757399996943088],[30.450499999999995,-2.741899996959982],[30.458699999999993,-2.728699996974358],[30.515999999999995,-2.668299997040283],[30.522499999999997,-2.6494999970607815],[30.499799999999997,-2.657899997051611],[30.463800000000003,-2.6741999970337917],[30.442499999999995,-2.6811999970262006],[30.4231,-2.6808999970265357],[30.412300000000002,-2.6701999970382],[30.4159,-2.6455999970650286],[30.424200000000003,-2.633299997078503],[30.4479,-2.6104999971033678],[30.457699999999992,-2.598099997116914],[30.462000000000003,-2.587499997128543],[30.4703,-2.555899997163083],[30.5081,-2.4635999972641085],[30.521399999999993,-2.4423999972872994],[30.554499999999997,-2.4006999973330507],[30.573899999999995,-2.3892999973455202],[30.595200000000002,-2.3919999973425705],[30.616800000000005,-2.398199997335779],[30.638,-2.3969999973371214],[30.6492,-2.387699997347291],[30.663200000000003,-2.3607999973767892],[30.674700000000005,-2.351799997386657],[30.687700000000003,-2.3500999973885417],[30.698500000000003,-2.353499997384817],[30.750699999999995,-2.379099997356753],[30.758999999999997,-2.381099997354518],[30.768,-2.3786999973571765],[30.775199999999995,-2.374499997361779],[30.789200000000005,-2.37109999736548],[30.821300000000004,-2.3547999973833833],[30.834200000000003,-2.3453999973937223],[30.8447,-2.3267999974141054],[30.848999999999997,-2.306299997436644],[30.8447,-2.237899997511771],[30.853300000000004,-2.193799997560275],[30.8879,-2.082599997682694],[30.879599999999996,-2.053599997714651],[30.868799999999997,-2.039099997730651],[30.8537,-2.0237999977475356],[30.8353,-2.01479999775748],[30.816899999999997,-2.0187999977530517],[30.829899999999995,-1.9604999978173552],[30.826999999999998,-1.9341999978463886],[30.7971,-1.9292999978517955],[30.801799999999993,-1.9212999978606038],[30.807899999999997,-1.9148999978676942],[30.824099999999994,-1.9021999978817028],[30.8166,-1.8842999979015078],[30.822299999999995,-1.8687999979186518],[30.832400000000003,-1.8537999979351925],[30.837799999999998,-1.8368999979539005],[30.829899999999995,-1.7967999979982001],[30.826299999999993,-1.7861999980099739],[30.837799999999998,-1.7587999980402904],[30.8353,-1.7495999980504564],[30.824099999999994,-1.730699998071379],[30.824499999999993,-1.7199999980832101],[30.837499999999995,-1.6410999981706167],[30.838200000000004,-1.6153999981990652],[30.831,-1.5941999982225632],[30.8072,-1.6032999982124954],[30.7917,-1.5909999982261376],[30.782,-1.5683999982512002],[30.772300000000005,-1.5324999982910006],[30.768,-1.5248999982993936],[30.755399999999998,-1.5115999983141817],[30.738800000000005,-1.489599998338575],[30.733099999999997,-1.476599998353046],[30.738099999999996,-1.4706999983595683],[30.741299999999995,-1.4589999983725572],[30.743099999999995,-1.4328999984015378],[30.7374,-1.4066999984306379],[30.717899999999997,-1.3949999984436088],[30.698500000000003,-1.392099998446829],[30.632299999999994,-1.3676999984739384],[30.6233,-1.3620999984801903],[30.608099999999993,-1.34789999849594],[30.5977,-1.340499998504173],[30.5682,-1.328199998517843],[30.555199999999996,-1.3183999985287762],[30.5498,-1.3023999985465173],[30.55089999999999,-1.2949999985547551],[30.556699999999992,-1.2815999985696533],[30.554499999999997,-1.2734999985786553],[30.545099999999998,-1.2614999985920383],[30.539400000000004,-1.2409999986147826],[30.521399999999993,-1.210999998648181],[30.5153,-1.1963999986644118],[30.51129999999999,-1.1704999986932694],[30.506999999999994,-1.1642999987001752],[30.4947,-1.1553999987100656],[30.483900000000002,-1.15999999870496],[30.475999999999992,-1.1612999987034938],[30.467399999999998,-1.1553999987100656],[30.465600000000002,-1.1493999987167371],[30.4742,-1.1317999987363123],[30.470999999999997,-1.118199998751473],[30.4562,-1.1081999987626276],[30.453,-1.097499998774507],[30.4562,-1.086199998787101],[30.4717,-1.0667999988086938],[30.481100000000005,-1.0590999988172896],[30.4933,-1.0602999988159647],[30.5009,-1.0652999988103677],[30.5059,-1.070899998804163],[30.511699999999998,-1.0733999988013798],[30.523500000000002,-1.0725999988022454],[30.542299999999994,-1.0680999988072568],[30.5927,-1.0635999988122966],[30.614599999999992,-1.0657999988098532],[30.638700000000004,-1.0733999988013798],[30.651299999999996,-1.0627999988131795],[30.687,-1.0250999988551655],[30.701699999999995,-1.017499998863633],[30.739499999999996,-1.0055999988769082],[30.776999999999994,-0.9857999988989299],[30.8126,-0.9946999988890407],[30.828500000000002,-1.0025999988802352],[33.904300000000006,-1.0025999988802352],[34.0001,-1.0025999988802352],[34.0019,-1.0287999988510204],[34.0155,-1.0374999988413571],[34.05259999999999,-1.040499998838],[37.6447,-3.0459999966294853],[37.6602,-3.0705999966028106],[37.7001,-3.3144999963393915],[37.681799999999996,-3.315799996337987],[37.6721,-3.324299996328863],[37.6685,-3.338199996313861],[37.66989999999999,-3.356099996294635],[37.65079999999999,-3.3576999962928893],[37.6271,-3.3702999962793316],[37.6047,-3.3879999962602714],[37.59029999999999,-3.404199996242875],[37.5853,-3.4130999962333473],[37.57770000000001,-3.4357999962089463],[37.579499999999996,-3.44639999619756],[37.5867,-3.453699996189666],[37.6029,-3.4558999961873327],[37.60829999999999,-3.4636999961789763],[37.604,-3.4801999961612733],[37.5961,-3.4997999961401973],[37.59899999999998,-3.513499996125537],[37.6469,-3.5106999961285417],[37.6685,-3.512499996126635],[37.6893,-3.518099996120615],[37.7084,-3.527299996110722],[37.7221,-3.539999996097142],[37.7297,-3.555499996080563],[37.7473,-3.6169999960147274],[37.7574,-3.637499995992811],[37.77109999999999,-3.6554999959735803],[39.19050000000001,-4.677599994896792],[39.1974,-4.683899994890281],[39.215,-4.688699994885277],[39.2215,-4.71679999485616],[39.21609999999999,-4.749099994822721],[39.1974,-4.766299994804916],[39.17,-4.779999994790728],[39.1923,-4.788899994781539],[39.2075,-4.790199994780228],[39.21609999999999,-4.795799994774398],[39.2186,-4.817799994751692],[39.217199999999984,-4.839099994729713],[39.21359999999999,-4.856399994711879],[39.2071,-4.872299994695461],[39.17509999999999,-4.92639999463978],[39.162499999999994,-4.938699994627113],[39.1563,-4.923999994642271],[39.15990000000001,-4.904199994662626],[39.1664,-4.884899994682518],[39.1697,-4.865899994702086],[39.1632,-4.848399994720133],[39.1455,-4.899899994667056],[39.1304,-4.918099994648293],[39.10879999999999,-4.9166999946497345],[39.1261,-4.943399994622298],[39.1286,-4.953499994611916],[39.1322,-5.010299994553585],[39.1293,-5.020299994543304],[39.1225,-5.024599994538933],[39.1067,-5.019699994543946],[39.098,-5.023399994540149],[39.0843,-5.047799994515142],[39.082899999999995,-5.0614999945011245],[39.097300000000004,-5.060699994501938],[39.1293,-5.047599994515368],[39.1301,-5.062699994499905],[39.1409,-5.086699994475322],[39.1427,-5.095899994465926],[39.1387,-5.103299994458375],[39.1005,-5.136499994424441],[39.0941,-5.144899994415853],[39.0743,-5.186299994373635],[39.0437,-5.232199994326883],[39.040399999999984,-5.239399994319556],[39.0483,-5.24669999431214],[39.059099999999994,-5.23839999432058],[39.074600000000004,-5.218899994340384],[39.0807,-5.231199994327924],[39.0372,-5.356599994200599],[39.026399999999995,-5.3784999941784255],[39.012299999999996,-5.397099994159602],[38.9904,-5.409699994146844],[38.981399999999994,-5.4173999941391004],[38.9781,-5.431199994125159],[38.9825,-5.439599994116663],[38.9904,-5.443299994112898],[38.9976,-5.449499994106651],[38.998699999999985,-5.4653999940906],[38.98529999999999,-5.504999994050726],[38.9565,-5.563699993991654],[38.9216,-5.61629999393888],[38.88889999999999,-5.637199993917928],[38.902499999999996,-5.643399993911719],[38.89609999999999,-5.663999993891129],[38.8953,-5.7105999938445065],[38.88559999999999,-5.729099993826021],[38.8727,-5.7450999938100935],[38.8547,-5.782199993773064],[38.8327,-5.815699993739741],[38.8255,-5.837099993718444],[38.8215,-5.860599993695154],[38.82119999999999,-5.92499999363128],[38.8172,-5.934699993621713],[38.810399999999994,-5.941799993614683],[38.800999999999995,-5.95979999359687],[38.7949,-5.988599993568428],[38.78549999999999,-6.0088999935484075],[38.778,-6.030799993526789],[38.7791,-6.054999993502965],[38.7996,-6.082299993476077],[38.8089,-6.120799993438247],[38.8133,-6.1306999934285535],[38.819,-6.136399993422983],[38.840999999999994,-6.150499993409121],[38.8568,-6.163699993396177],[38.86259999999999,-6.207599993353239],[38.8601,-6.23169999332968],[38.8529,-6.2531999933087],[38.840999999999994,-6.267799993294411],[38.8489,-6.292699993270141],[38.85210000000001,-6.3486999932156545],[38.86469999999999,-6.373599993191464],[38.8982,-6.394699993171009],[38.902499999999996,-6.404399993161594],[38.903999999999996,-6.415099993151239],[38.908699999999996,-6.426499993140201],[38.9151,-6.4367999931302515],[38.928799999999995,-6.449499993117961],[38.9339,-6.451499993116016],[38.9472,-6.452099993115435],[38.95399999999999,-6.455099993112564],[38.9601,-6.468499993099597],[38.96479999999999,-6.473299993094963],[38.977399999999996,-6.475499993092818],[39.0051,-6.476999993091386],[39.01590000000001,-6.483299993085311],[39.026,-6.486999993081742],[39.03679999999999,-6.483299993085311],[39.0357,-6.47529999309303],[39.01089999999999,-6.4650999931028545],[38.991499999999995,-6.452099993115435],[39.0199,-6.460899993106927],[39.0408,-6.470199993097967],[39.0962,-6.522499993047501],[39.1293,-6.561999993009416],[39.15559999999999,-6.580699992991459],[39.1632,-6.589299992983166],[39.17829999999999,-6.615099992958399],[39.1873,-6.624199992949695],[39.20419999999999,-6.634399992939889],[39.212900000000005,-6.641799992932798],[39.21929999999998,-6.653099992921984],[39.2233,-6.666199992909441],[39.2247,-6.678899992897285],[39.2309,-6.703799992873496],[39.246,-6.7310999928474065],[39.264,-6.744399992834737],[39.2802,-6.727099992851219],[39.284499999999994,-6.756199992823477],[39.279799999999994,-6.795099992786412],[39.2802,-6.830599992752732],[39.30029999999999,-6.849499992734759],[39.3,-6.831199992752103],[39.2982,-6.823399992759532],[39.2939,-6.8152999927672235],[39.311899999999994,-6.816399992766185],[39.3266,-6.8219999927608805],[39.35509999999999,-6.839199992744573],[39.37019999999999,-6.843199992740726],[39.4004,-6.845899992738205],[39.413,-6.852799992731634],[39.42779999999999,-6.858099992726591],[39.4645,-6.857799992726869],[39.471699999999984,-6.863399992721567],[39.476,-6.877099992708613],[39.494399999999985,-6.901299992685665],[39.5027,-6.930899992657696],[39.5505,-6.993899992598245],[39.5538,-7.00069999259187],[39.552699999999994,-7.010499992582655],[39.5426,-7.0217999925719985],[39.5401,-7.028099992566109],[39.5487,-7.091899992506216],[39.547699999999985,-7.118199992481584],[39.5325,-7.116899992482794],[39.522499999999994,-7.129499992471019],[39.51489999999999,-7.156699992445617],[39.50909999999999,-7.168499992434604],[39.498000000000005,-7.177199992426457],[39.48859999999999,-7.1768999924267405],[39.481399999999994,-7.167999992435053],[39.477799999999995,-7.151099992450832],[39.436099999999996,-7.180299992423583],[39.4267,-7.192399992412315],[39.41449999999999,-7.240899992367148],[39.40290000000001,-7.2545999923544455],[39.389999999999986,-7.264899992344833],[39.367299999999986,-7.27149999233871],[39.3684,-7.278899992331859],[39.3756,-7.29569999231629],[39.3698,-7.306999992305794],[39.3561,-7.309599992303417],[39.3277,-7.3092999923036945],[39.3374,-7.325399992288764],[39.3475,-7.336599992278408],[39.3543,-7.3492999922666575],[39.3543,-7.370799992246823],[39.35,-7.385399992233376],[39.340999999999994,-7.405999992214347],[39.3306,-7.4242999921975015],[39.30389999999999,-7.448499992175236],[39.2924,-7.486299992140516],[39.2748,-7.596499992039747],[39.2759,-7.616999992021106],[39.2802,-7.637699992002215],[39.29280000000001,-7.669799991973097],[39.2964,-7.688399991956207],[39.2903,-7.703399991942607],[39.287,-7.717599991929734],[39.30210000000001,-7.7540999918967595],[39.2971,-7.771699991880814],[39.2525,-7.823299991834362],[39.28309999999999,-7.816599991840375],[39.305,-7.791799991862729],[39.319399999999995,-7.758599991892657],[39.3277,-7.7262999919218736],[39.3432,-7.738999991910372],[39.35509999999999,-7.752599991898083],[39.356899999999996,-7.7668999918851656],[39.3407,-7.781699991871834],[39.3785,-7.778099991875037],[39.395399999999995,-7.779999991873362],[39.413,-7.792299991862272],[39.4404,-7.818599991838577],[39.4436,-7.832599991825945],[39.4371,-7.857399991803688],[39.4224,-7.889699991774724],[39.4209,-7.901999991763725],[39.4317,-7.936899991732481],[39.4325,-7.975999991697568],[39.4371,-7.993899991681618],[39.4577,-7.979699991694261],[39.4544,-8.010499991666839],[39.4418,-8.038699991641789],[39.4098,-8.089499991596714],[39.37629999999999,-8.179499991517268],[39.36189999999999,-8.206799991493234],[39.35509999999999,-8.203499991496125],[39.3407,-8.206799991493234],[39.3479,-8.221599991480216],[39.3457,-8.257499991448709],[39.348200000000006,-8.27509999143332],[39.3338,-8.268799991438812],[39.3338,-8.276799991431815],[39.3277,-8.295599991415337],[39.3115,-8.277799991430959],[39.3032,-8.27169999143627],[39.2939,-8.268799991438812],[39.3018,-8.28339999142604],[39.30210000000001,-8.295099991415812],[39.294899999999984,-8.303899991408144],[39.2802,-8.309299991403387],[39.29280000000001,-8.334899991381052],[39.30109999999999,-8.361099991358198],[39.3054,-8.388999991333977],[39.306799999999996,-8.419399991307559],[39.3,-8.47729999125748],[39.3032,-8.5054999912331],[39.3363,-8.539599991203708],[39.34889999999999,-8.562599991183953],[39.357600000000005,-8.588399991161769],[39.36189999999999,-8.61099999114241],[39.360099999999996,-8.694399991071178],[39.3543,-8.713999991054495],[39.38929999999999,-8.72389999104606],[39.395399999999995,-8.729999991040886],[39.40219999999999,-8.745099991028063],[39.413,-8.74819999102544],[39.4332,-8.749599991024269],[39.43929999999999,-8.755499991019235],[39.4397,-8.767799991008825],[39.444,-8.7889999909909],[39.45259999999999,-8.805299990977069],[39.48859999999999,-8.826899990958843],[39.4973,-8.840899990947014],[39.508399999999995,-8.87589999091755],[39.5196,-8.891999990903994],[39.547699999999985,-8.913199990886218],[39.5538,-8.92239999087844],[39.5397,-8.926199990875313],[39.5279,-8.92549999087588],[39.5207,-8.923099990877887],[39.50589999999999,-8.91189999088728],[39.485,-8.891999990903994],[39.4645,-8.867399990924673],[39.44939999999999,-8.858699990932003],[39.4303,-8.861299990929798],[39.413,-8.867399990924673],[39.4091,-8.870299990922232],[39.3885,-8.898899990898181],[39.4037,-8.904599990893407],[39.4641,-8.898899990898181],[39.4508,-8.915199990884531],[39.4476,-8.92549999087588],[39.455499999999994,-8.931399990870917],[39.4749,-8.93309999086953],[39.4919,-8.93839999086505],[39.4919,-8.952299990853415],[39.48610000000001,-8.972199990836756],[39.485,-8.994399990818255],[39.487199999999994,-8.998199990815083],[39.4962,-9.004899990809474],[39.4987,-9.00879999080623],[39.4987,-9.02929999078919],[39.4922,-9.042899990777865],[39.50369999999999,-9.050299990771691],[39.50589999999999,-9.05629999076668],[39.503,-9.065899990758748],[39.4933,-9.079499990747447],[39.4955,-9.090699990738155],[39.5027,-9.106699990724879],[39.5027,-9.114299990718612],[39.4987,-9.124099990710548],[39.51270000000001,-9.121099990712993],[39.53,-9.113099990719622],[39.5462,-9.102999990727966],[39.55699999999999,-9.09379999073559],[39.5693,-9.093099990736201],[39.5837,-9.10629999072525],[39.6269,-9.160399990680537],[39.643800000000006,-9.189099990656906],[39.6485,-9.219899990631589],[39.633,-9.251399990605726],[39.632299999999994,-9.258499990599928],[39.6456,-9.27499999058645],[39.649899999999995,-9.282599990580232],[39.649899999999995,-9.293599990571233],[39.6431,-9.323499990546853],[39.646300000000004,-9.356699990519834],[39.642699999999984,-9.368599990510186],[39.6294,-9.38549999049642],[39.6161,-9.39719999048693],[39.6071,-9.399099990485412],[39.5973,-9.397599990486638],[39.5815,-9.39919999048536],[39.5693,-9.404899990480697],[39.5639,-9.414199990473168],[39.5642,-9.428099990461963],[39.5675,-9.447599990446152],[39.5765,-9.443099990449827],[39.60849999999999,-9.44009999045227],[39.611,-9.429099990461149],[39.6161,-9.424999990464443],[39.6258,-9.429799990460598],[39.63549999999999,-9.439099990453073],[39.6506,-9.444699990448541],[39.6524,-9.455199990440063],[39.649899999999995,-9.474299990424663],[39.656699999999994,-9.483499990417219],[39.680499999999995,-9.505399990399631],[39.6891,-9.524999990383888],[39.70099999999999,-9.579499990340246],[39.711499999999994,-9.594699990328078],[39.7248,-9.604099990320577],[39.722300000000004,-9.610599990315416],[39.71430000000001,-9.616899990310358],[39.7122,-9.62519999030378],[39.7219,-9.642899990289663],[39.7352,-9.655899990279348],[39.74100000000001,-9.666799990270668],[39.73739999999999,-9.687099990254588],[39.7467,-9.70639999023929],[39.738499999999995,-9.712999990234094],[39.718300000000006,-9.720599990228068],[39.7014,-9.736499990215492],[39.6971,-9.744899990208868],[39.70499999999999,-9.748699990205854],[39.7521,-9.748699990205854],[39.7633,-9.782899990178915],[39.76979999999999,-9.792999990171007],[39.7939,-9.81249999015568],[39.8007,-9.823799990146798],[39.8072,-9.852299990124468],[39.79999999999999,-9.872599990108613],[39.7813,-9.882499990100877],[39.7521,-9.878999990103585],[39.7608,-9.892499990093091],[39.7892,-9.91419999007616],[39.79030000000001,-9.923099990069241],[39.7795,-9.930099990063793],[39.744899999999994,-9.94459999005249],[39.71430000000001,-9.952199990046633],[39.7136,-9.96359999003777],[39.7262,-9.988899990018176],[39.7244,-10.007499990003785],[39.7172,-10.021599989992902],[39.70529999999999,-10.032899989984184],[39.6909,-10.043499989975999],[39.7165,-10.038699989979726],[39.7633,-9.982799990022906],[39.78379999999999,-9.985099990021114],[39.7971,-9.99249999001537],[39.827,-9.990399990017002],[39.8483,-10.011399990000784],[39.8612,-10.01309998999945],[39.876000000000005,-10.012399990000002],[39.889300000000006,-10.014999989997996],[39.914100000000005,-10.033899989983427],[39.975,-10.133499989906941],[39.9768,-10.190999989863068],[39.985099999999996,-10.220899989840344],[39.9955,-10.20899998984937],[40.000499999999995,-10.19259998986188],[40.000499999999995,-10.175299989875034],[39.9865,-10.139799989902118],[39.988699999999994,-10.131299989908614],[40.000499999999995,-10.130199989909437],[40.0196,-10.132899989907393],[40.0344,-10.13719998990413],[40.0653,-10.15049998989394],[40.084799999999994,-10.155099989890441],[40.1247,-10.169399989879523],[40.129799999999996,-10.168299989880342],[40.1327,-10.169699989879266],[40.1359,-10.180599989870968],[40.1341,-10.193599989861054],[40.12760000000001,-10.206999989850896],[40.1244,-10.221599989839834],[40.1327,-10.238399989827096],[40.1355,-10.247699989820008],[40.1183,-10.256999989812968],[40.1154,-10.263099989808358],[40.1208,-10.271099989802332],[40.1258,-10.27169998980186],[40.1359,-10.268699989804146],[40.152499999999996,-10.278899989796436],[40.1604,-10.280399989795265],[40.164,-10.272599989801185],[40.1647,-10.26209998980912],[40.1676,-10.256299989813513],[40.1737,-10.255099989814411],[40.18449999999999,-10.259399989811175],[40.19639999999999,-10.267699989804864],[40.2198,-10.288199989789392],[40.23199999999999,-10.29659998978306],[40.23199999999999,-10.287599989789836],[40.23890000000001,-10.268699989804146],[40.2468,-10.274099989800064],[40.2529,-10.275599989798897],[40.2669,-10.268699989804146],[40.24999999999999,-10.263799989807843],[40.1982,-10.242099989824244],[40.23199999999999,-10.200499989855848],[40.2453,-10.204699989852685],[40.2511,-10.21599998984408],[40.25429999999999,-10.229899989833507],[40.2594,-10.242099989824244],[40.2684,-10.249199989818884],[40.2907,-10.259999989810709],[40.3011,-10.268699989804146],[40.3065,-10.277599989797398],[40.3386,-10.348899989743698],[40.348699999999994,-10.358199989736697],[40.351200000000006,-10.356399989738076],[40.38969999999999,-10.364899989731692],[40.4221,-10.355699989738586],[40.4268,-10.335799989753538],[40.4149,-10.320399989765104],[40.3973,-10.323999989762425],[40.392599999999995,-10.312099989771342],[40.3962,-10.303499989777842],[40.405199999999994,-10.298499989781625],[40.4178,-10.29659998978306],[40.42710000000001,-10.300099989780447],[40.434699999999985,-10.31849998976655],[40.4408,-10.327399989759837],[40.4495,-10.345399989746298],[40.4401,-10.361399989734302],[40.4235,-10.376599989722935],[40.410900000000005,-10.392199989711226],[40.4369,-10.392199989711226],[40.4261,-10.426299989685766],[40.42459999999999,-10.437099989677728],[40.42710000000001,-10.44469998967205],[40.4376,-10.461599989659483],[40.4369,-10.474799989649659],[40.421,-10.503699989628233],[40.3893,-10.535299989604828],[40.3533,-10.560599989586148],[40.288499999999985,-10.582999989569691],[40.250699999999995,-10.610899989549168],[40.19169999999998,-10.668799989506795],[40.1726,-10.693199989488953],[40.16109999999999,-10.704299989480914],[40.132999999999996,-10.714599989473385],[40.00809999999999,-10.811099989403521],[39.98899999999999,-10.820999989396377],[39.8861,-10.86449998936514],[39.786,-10.932599989316444],[39.7604,-10.943199989308894],[39.5927,-10.979399989283191],[39.51559999999999,-10.98509998927915],[39.4983,-10.99069998927516],[39.482899999999994,-10.999299989269042],[39.2867,-11.15409998916023],[39.263299999999994,-11.166699989151425],[39.238099999999996,-11.174099989146248],[39.2114,-11.17389998914639],[39.19050000000001,-11.166299989151709],[39.1499,-11.144399989166995],[39.1261,-11.139699989170255],[39.0955,-11.153399989160699],[39.06089999999999,-11.160099989156041],[38.929899999999996,-11.159999989156097],[38.8964,-11.167699989150718],[38.869399999999985,-11.190699989134695],[38.8518,-11.202799989126294],[38.8309,-11.208099989122584],[38.81790000000001,-11.216199989116976],[38.778,-11.25369998909101],[38.7596,-11.263199989084463],[38.7488,-11.262699989084792],[38.715,-11.256399989089152],[38.7042,-11.258599989087603],[38.684,-11.267899989081245],[38.6541,-11.275699989075834],[38.6383,-11.289199989066544],[38.6156,-11.317299989047166],[38.5173,-11.383099989002114],[38.4921,-11.41339998898149],[38.4623,-11.396199988993203],[38.383100000000006,-11.376599989006566],[38.34780000000001,-11.358799989018722],[38.2923,-11.301699989057953],[38.256699999999995,-11.277199989074788],[38.21029999999999,-11.269999989079771],[38.1782,-11.281799989071637],[38.1671,-11.28379998907025],[38.155199999999994,-11.280599989072462],[38.1354,-11.266399989082245],[38.1224,-11.261299989085773],[38.11559999999999,-11.249599989093857],[38.1095,-11.249699989093799],[38.1044,-11.251999989092237],[38.101200000000006,-11.256399989089152],[38.0709,-11.255899989089494],[38.01369999999999,-11.265399989082942],[38.00429999999999,-11.275299989076084],[37.9953,-11.277599989074515],[37.9547,-11.279999989072852],[37.93809999999999,-11.28389998907016],[37.875099999999996,-11.319099989045945],[37.868300000000005,-11.327799989039965],[37.8657,-11.342399989029984],[37.85029999999999,-11.387699988999014],[37.8409,-11.399799988990745],[37.8423,-11.417899988978439],[37.8186,-11.459899988949932],[37.813199999999995,-11.482299988934779],[37.8171,-11.495599988925804],[37.8233,-11.507899988917494],[37.8251,-11.52019998890921],[37.8168,-11.533599988900189],[37.8045,-11.544499988892877],[37.783699999999996,-11.558799988883267],[37.71089999999999,-11.590399988862105],[37.66629999999999,-11.625499988838682],[37.6479,-11.635899988831778],[37.6263,-11.639699988829271],[37.594699999999996,-11.639999988829059],[37.57309999999999,-11.644099988826317],[37.5367,-11.66299998881378],[37.5158,-11.667299988810901],[37.5039,-11.67269998880737],[37.49600000000001,-11.684999988799172],[37.4849,-11.7087999887835],[37.4766,-11.715899988778826],[37.4697,-11.719499988776398],[37.45069999999998,-11.722499988774437],[37.428,-11.722499988774437],[37.3783,-11.7087999887835],[37.36999999999999,-11.704799988786133],[37.3524,-11.686299988798336],[37.3409,-11.68089998880192],[37.3315,-11.681599988801453],[37.30590000000001,-11.694599988792858],[37.270299999999985,-11.698299988790396],[37.2267,-11.693799988793375],[37.1418,-11.67469998880603],[37.1065,-11.65809998881703],[37.071600000000004,-11.629199988836236],[37.04419999999999,-11.59569998885858],[37.0323,-11.564799988879287],[37.00790000000001,-11.580599988868693],[36.998499999999986,-11.584599988865985],[36.906,-11.592699988860572],[36.8912,-11.589999988862417],[36.8664,-11.574099988873021],[36.84659999999999,-11.572699988873973],[36.8372,-11.5679999888771],[36.819900000000004,-11.573599988873395],[36.7749,-11.626199988838255],[36.7472,-11.666399988811516],[36.73819999999999,-11.67469998880603],[36.726699999999994,-11.680699988802031],[36.6896,-11.694599988792858],[36.6745,-11.7087999887835],[36.6673,-11.71339998878043],[36.6407,-11.716199988778621],[36.6255,-11.721399988775147],[36.56289999999999,-11.73129998876861],[36.5456,-11.729399988769865],[36.51499999999999,-11.715099988779311],[36.508500000000005,-11.709799988782798],[36.5028,-11.686299988798336],[36.4949,-11.68089998880192],[36.3782,-11.68089998880192],[36.3613,-11.69249998879425],[36.329999999999984,-11.697099988791212],[36.2933,-11.707399988784415],[36.2789,-11.7087999887835],[36.26839999999999,-11.705899988785378],[36.25289999999999,-11.696599988791535],[36.241099999999996,-11.694599988792858],[36.1997,-11.701499988788324],[36.18809999999999,-11.693599988793508],[36.1791,-11.675599988805407],[36.17629999999999,-11.654999988819108],[36.1827,-11.639999988829059],[36.1759,-11.620099988842284],[36.17369999999999,-11.597499988857372],[36.168,-11.578699988869937],[36.1518,-11.571099988875032],[36.142799999999994,-11.568999988876461],[36.1212,-11.55069998888872],[36.0794,-11.536899988897968],[36.04309999999999,-11.514899988912768],[36.02219999999999,-11.505699988918964],[36.0078,-11.506599988918358],[35.9887,-11.512199988914597],[35.97,-11.502399988921225],[35.961,-11.483499988933978],[35.9703,-11.461199988949046],[35.9531,-11.440599988963033],[35.939699999999995,-11.434199988967364],[35.9019,-11.434599988967104],[35.86740000000001,-11.42089998897642],[35.826299999999996,-11.41339998898149],[35.81300000000001,-11.422299988975453],[35.7821,-11.461199988949046],[35.764399999999995,-11.474799988939848],[35.71399999999999,-11.483799988933761],[35.6957,-11.49459998892647],[35.703199999999995,-11.516499988911704],[35.6913,-11.524299988906478],[35.6802,-11.537599988897536],[35.6719,-11.551399988888262],[35.6647,-11.571999988874456],[35.655,-11.57829998887023],[35.5999,-11.59219998886093],[35.57609999999999,-11.605199988852258],[35.5599,-11.600999988855028],[35.54369999999999,-11.59469998885922],[35.5326,-11.595599988858645],[35.5315,-11.61279998884716],[35.52,-11.608999988849716],[35.5077,-11.58899998886309],[35.49869999999999,-11.582299988867515],[35.494099999999996,-11.581899988867802],[35.46990000000001,-11.59219998886093],[35.4411,-11.591399988861442],[35.4318,-11.588399988863456],[35.4253,-11.581999988867775],[35.42349999999999,-11.576599988871333],[35.381699999999995,-11.577699988870625],[34.9645,-11.573599988873395],[34.9631,-11.564799988879287],[34.9631,-11.513199988913922],[34.960499999999996,-11.498599988923742],[34.9443,-11.464399988946866],[34.9256,-11.445899988959408],[34.917,-11.418899988977769],[34.8983,-11.403499988988228],[34.8867,-11.375499989007343],[34.868,-11.358799989018722],[34.84349999999999,-11.346299989027289],[34.8003,-11.331999989037097],[34.7924,-11.33079998903794],[34.7849,-11.333399989036137],[34.772299999999994,-11.344399989028588],[34.7654,-11.345199989028034],[34.7593,-11.337599989033277],[34.737,-11.29679998906128],[34.7575,-11.28379998907025],[34.7575,-11.277599989074515],[34.7417,-11.268699989080664],[34.728699999999996,-11.253999989090826],[34.7197,-11.234499989104302],[34.713899999999995,-11.202799989126294],[34.707800000000006,-11.1949999891317],[34.69989999999999,-11.189499989135543],[34.6819,-11.184999989138676],[34.677200000000006,-11.178699989143015],[34.6686,-11.160099989156041],[34.6211,-11.119799989184207],[34.6135,-11.102199989196503],[34.6106,-11.0776999892137],[34.5973,-11.036599989242678],[34.592999999999996,-11.01619998925708],[34.598,-10.990999989274922],[34.6272,-10.953999989301213],[34.645499999999984,-10.913299989330186],[34.6477,-10.902999989337577],[34.6477,-10.85859998936937],[34.6607,-10.796099989414348],[34.65669999999999,-10.7698999894333],[34.6628,-10.761399989439429],[34.6751,-10.752399989445951],[34.67249999999999,-10.73949998945529],[34.6664,-10.73239998946046],[34.6599,-10.727699989463888],[34.6477,-10.708299989477979],[34.661,-10.687299989493283],[34.6599,-10.665499989509156],[34.650600000000004,-10.645399989523877],[34.62899999999999,-10.620199989542332],[34.6265,-10.614299989546655],[34.6272,-10.595099989560781],[34.62429999999999,-10.58339998956935],[34.6175,-10.581499989570776],[34.608799999999995,-10.581999989570386],[34.60049999999999,-10.578099989573243],[34.5923,-10.566699989581668],[34.58109999999999,-10.539799989601516],[34.5793,-10.52639998961141],[34.5815,-10.513699989620841],[34.5908,-10.491199989637458],[34.592999999999996,-10.481799989644445],[34.5887,-10.463199989658245],[34.5696,-10.431399989681964],[34.5649,-10.4097999896981],[34.5854,-10.300599989780034],[34.5858,-10.289999989788017],[34.5836,-10.277599989797398],[34.575,-10.255799989813877],[34.565599999999996,-10.202699989854183],[34.5325,-10.128899989910458],[34.52459999999999,-10.094799989936567],[34.5267,-10.084799989944285],[34.5357,-10.065399989959127],[34.5379,-10.05389998996801],[34.5365,-10.042999989976389],[34.52459999999999,-10.008799990002784],[34.4947,-9.966799990035312],[34.4832,-9.94619999005126],[34.3835,-9.823799990146798],[34.3824,-9.819599990150069],[34.3644,-9.802499990163499],[34.3597,-9.79989999016553],[34.33740000000001,-9.777099990183487],[34.3316,-9.769299990189603],[34.32659999999999,-9.7503999902045],[34.32439999999999,-9.732499990218631],[34.317899999999995,-9.719199990229153],[34.28810000000001,-9.708499990237607],[34.1909,-9.606699990318532],[34.1617,-9.593699990328863],[34.1448,-9.574899990343928],[34.1372,-9.570599990347377],[34.103,-9.529899990379944],[34.089299999999994,-9.522299990386047],[34.07999999999999,-9.51109999039504],[34.047599999999996,-9.489899990412086],[34.0127,-9.477499990422084],[33.9965,-9.491799990410579],[33.984199999999994,-9.505499990399526],[33.9608,-9.524799990384073],[33.945699999999995,-9.549999990363837],[33.9644,-9.594699990328078],[33.9626,-9.612099990314178],[33.9554,-9.642299990290164],[33.9547,-9.660699990275528],[33.9515,-9.673699990265225],[33.9432,-9.683799990257201],[33.9284,-9.693399990249596],[33.9284,-9.700299990244106],[33.911899999999996,-9.71799999023012],[33.9003,-9.709599990236784],[33.889199999999995,-9.689699990252493],[33.865399999999994,-9.66969999026837],[33.837,-9.65289999028173],[33.8136,-9.643299990289357],[33.7877,-9.626499990302749],[33.762100000000004,-9.600999990323078],[33.7347,-9.584099990336552],[33.7027,-9.592999990329442],[33.6761,-9.60769999031771],[33.6505,-9.610999990315104],[33.6239,-9.606399990318776],[33.5933,-9.596799990326408],[33.5594,-9.59339999032911],[33.5353,-9.603399990321154],[33.5115,-9.61699999031032],[33.48060000000001,-9.624399990304386],[33.4388,-9.621599990306649],[33.41969999999999,-9.615699990311333],[33.4043,-9.604799990320032],[33.3924,-9.586199990334853],[33.3751,-9.54899999036461],[33.3564,-9.531899990378367],[33.30019999999999,-9.492199990410253],[33.28220000000001,-9.486099990415147],[33.27360000000001,-9.487599990413926],[33.2577,-9.498099990405477],[33.24909999999999,-9.50069999040341],[33.237199999999994,-9.499499990404365],[33.2163,-9.493399990409277],[33.202299999999994,-9.493499990409205],[33.19579999999999,-9.49669999040662],[33.1821,-9.507999990397531],[33.172799999999995,-9.51109999039504],[33.14,-9.497399990406056],[33.113,-9.49149999041078],[33.10399999999999,-9.4878999904137],[33.0425,-9.44069999045177],[32.9924,-9.391299990491738],[32.9748,-9.381299990499869],[32.9553,-9.381999990499278],[32.9363,-9.391799990491315],[32.9208,-9.407899990478297],[32.9053,-9.398199990486152],[32.830799999999996,-9.370099990508978],[32.7843,-9.339699990533681],[32.77709999999999,-9.338199990534891],[32.759499999999996,-9.339999990533418],[32.75229999999999,-9.337399990535532],[32.7465,-9.329899990541657],[32.7433,-9.31509999055371],[32.7397,-9.30729999056005],[32.72599999999999,-9.292599990572063],[32.7131,-9.285899990577514],[32.641799999999996,-9.279799990582541],[32.5557,-9.26119999059775],[32.51789999999999,-9.258199990600202],[32.5046,-9.24919999060755],[32.490199999999994,-9.227299990625506],[32.4708,-9.181799990662922],[32.4596,-9.168099990674191],[32.4233,-9.14389999069417],[32.38289999999999,-9.133899990702394],[32.252599999999994,-9.136499990700235],[32.2314,-9.133899990702394],[32.2112,-9.126699990708367],[32.1918,-9.112299990720263],[32.1547,-9.075199990751013],[32.1342,-9.064199990760176],[32.12519999999999,-9.063799990760467],[32.0964,-9.069199990755978],[32.0859,-9.066199990758491],[32.0571,-9.049599990772256],[32.0316,-9.04599999077526],[32.0157,-9.052699990769687],[32.00129999999999,-9.063299990760884],[31.9805,-9.071899990753742],[31.937999999999995,-9.061799990762117],[31.917800000000003,-9.022499990794842],[31.917800000000003,-8.973199990835965],[31.936499999999995,-8.932499990870026],[31.7875,-8.892199990903801],[31.764499999999998,-8.894199990902125],[31.730299999999996,-8.912499990886754],[31.709699999999998,-8.919699990880725],[31.68959999999999,-8.919499990880883],[31.672699999999992,-8.913099990886282],[31.576499999999992,-8.839699990948038],[31.553499999999993,-8.808999990973943],[31.545899999999993,-8.766199991010167],[31.545899999999993,-8.728999991041745],[31.5391,-8.703599991063342],[31.5189,-8.687099991077382],[31.480799999999995,-8.676199991086724],[31.464599999999997,-8.666199991095214],[31.443299999999997,-8.641599991116236],[31.4275,-8.633399991123266],[31.412399999999998,-8.632299991124206],[31.398699999999998,-8.633899991122806],[31.3861,-8.63259999112392],[31.372800000000005,-8.623799991131476],[31.3692,-8.616799991137475],[31.3659,-8.59869999115294],[31.3623,-8.592399991158356],[31.353299999999997,-8.58719999116282],[31.350099999999998,-8.588499991161685],[31.347599999999993,-8.592499991158258],[31.277,-8.615999991138136],[31.269499999999997,-8.621099991133745],[31.260799999999996,-8.623999991131301],[31.248200000000004,-8.621999991132999],[31.237399999999997,-8.613999991139842],[31.218299999999992,-8.588799991161448],[31.206799999999998,-8.580799991168332],[31.182700000000004,-8.580799991168332],[31.161499999999997,-8.591799991158888],[31.140899999999995,-8.606199991146504],[31.1197,-8.616699991137544],[31.0779,-8.616399991137818],[31.033700000000003,-8.600399991151509],[30.992299999999997,-8.575899991172518],[30.95949999999999,-8.550399991194451],[30.891799999999993,-8.479199991255786],[30.828500000000002,-8.388199991334663],[30.7784,-8.289099991421056],[30.75209999999999,-8.194099991504398],[30.728,-8.104099991583768],[30.6549,-7.927399991740963],[30.441799999999994,-7.59629999203994],[30.414799999999996,-7.50199999212615],[30.405099999999997,-7.436099992186652],[30.369499999999995,-7.310299992302746]]],[[[39.433899999999994,-6.401599993164316],[39.4141,-6.316399993247083],[39.4166,-6.301399993261694],[39.3939,-6.308199993255089],[39.3943,-6.319099993244464],[39.4037,-6.332299993231646],[39.4098,-6.345899993218375],[39.40829999999999,-6.368399993196573],[39.4037,-6.373799993191275],[39.3756,-6.3632999932015055],[39.3799,-6.3441999932200455],[39.3745,-6.328899993234912],[39.348200000000006,-6.301399993261694],[39.31689999999999,-6.2529999933088565],[39.30029999999999,-6.239399993322143],[39.287,-6.246899993314794],[39.287,-6.254199993307665],[39.29280000000001,-6.254999993306913],[39.2939,-6.267799993294411],[39.2802,-6.258399993303585],[39.276199999999996,-6.274199993288181],[39.27949999999999,-6.296699993266249],[39.2903,-6.308199993255089],[39.28629999999999,-6.311699993251673],[39.2823,-6.312299993251074],[39.27329999999999,-6.308199993255089],[39.260699999999986,-6.298699993264304],[39.258599999999994,-6.294499993268416],[39.2082,-6.236599993324875],[39.1985,-6.2207999933402975],[39.1859,-6.175899993384246],[39.1769,-6.157999993401777],[39.212900000000005,-6.1141999934447195],[39.2049,-6.05639999350156],[39.18619999999999,-5.994399993562731],[39.19050000000001,-5.938199993618254],[39.18950000000001,-5.925999993630299],[39.19050000000001,-5.91429999364188],[39.1931,-5.904099993652004],[39.1974,-5.896699993659308],[39.21110000000001,-5.917699993638505],[39.227599999999995,-5.890799993665169],[39.26359999999999,-5.8611999936945285],[39.2802,-5.841999993713598],[39.28809999999999,-5.810499993744954],[39.29529999999998,-5.736499993818675],[39.31369999999999,-5.718499993836612],[39.3252,-5.748999993806197],[39.3558,-5.803799993751587],[39.36189999999999,-5.8389999937165875],[39.3547,-5.881099993674819],[39.3543,-5.896699993659308],[39.3727,-5.9707999935859775],[39.3918,-6.0022999935549315],[39.40290000000001,-6.04809999350975],[39.4091,-6.051499993506405],[39.4303,-6.054999993502965],[39.4325,-6.068299993489879],[39.425599999999996,-6.0928999934656725],[39.4235,-6.106499993452333],[39.4238,-6.122399993436697],[39.425599999999996,-6.134499993424846],[39.42989999999999,-6.1456999934138326],[39.4371,-6.157999993401777],[39.41989999999999,-6.180699993379567],[39.4166,-6.191999993368484],[39.43099999999999,-6.185999993374339],[39.43999999999999,-6.191999993368484],[39.4476,-6.203399993357313],[39.4577,-6.2120999933488],[39.4584,-6.197199993363403],[39.46489999999999,-6.187499993372877],[39.47280000000001,-6.186799993373603],[39.477799999999995,-6.198899993361706],[39.4836,-6.197799993362777],[39.485,-6.191999993368484],[39.5009,-6.196199993364381],[39.5012,-6.175399993384696],[39.496500000000005,-6.1456999934138326],[39.4987,-6.123799993435345],[39.516,-6.146699993412851],[39.524999999999984,-6.175199993384925],[39.543299999999995,-6.321299993242293],[39.573899999999995,-6.377699993187516],[39.5696,-6.420899993145615],[39.5444,-6.450899993116612],[39.508399999999995,-6.462799993105073],[39.471699999999984,-6.452099993115435],[39.4573,-6.439199993127938],[39.4436,-6.421599993144951],[39.433899999999994,-6.401599993164316]]],[[[39.21249999999999,-5.843699993711935],[39.217199999999984,-5.797899993757478],[39.2143,-5.7774999937777585],[39.2262,-5.769199993786015],[39.22549999999999,-5.7828999937724115],[39.23009999999999,-5.800699993754668],[39.23839999999999,-5.812999993742462],[39.23159999999999,-5.823299993732213],[39.23769999999999,-5.836299993719283],[39.23769999999999,-5.855999993699705],[39.22549999999999,-5.8587999936969295],[39.2143,-5.858199993697518],[39.21249999999999,-5.843699993711935]]],[[[39.6153,-5.463799994092218],[39.5689,-5.406299994150331],[39.575399999999995,-5.3944999941622385],[39.59879999999999,-5.4084999941480945],[39.60959999999999,-5.423099994133343],[39.621100000000006,-5.441199994115024],[39.6521,-5.450999994105145],[39.6621,-5.463799994092218],[39.66,-5.475899994080052],[39.633,-5.477799994078104],[39.6153,-5.463799994092218]]],[[[39.6636,-5.287199994270967],[39.6791,-5.291199994266905],[39.6989,-5.292599994265501],[39.7165,-5.289599994268521],[39.7262,-5.280499994277791],[39.70499999999999,-5.274199994284213],[39.6971,-5.268599994289849],[39.6909,-5.259899994298713],[39.706399999999995,-5.259999994298596],[39.730199999999996,-5.253799994304926],[39.746,-5.2530999943056065],[39.764,-5.262399994296186],[39.7741,-5.2595999942990135],[39.78089999999999,-5.239399994319556],[39.7608,-5.24679999431204],[39.7363,-5.24009999431882],[39.6909,-5.211299994348169],[39.680899999999994,-5.2177999943415445],[39.6686,-5.214099994345303],[39.65749999999999,-5.203899994355698],[39.649899999999995,-5.190899994368963],[39.6607,-5.195299994364455],[39.6679,-5.200499994359153],[39.6744,-5.202299994357319],[39.684099999999994,-5.197699994362007],[39.69350000000001,-5.200599994359022],[39.7277,-5.205799994353773],[39.746,-5.205199994354362],[39.738499999999995,-5.197699994362007],[39.746399999999994,-5.1783999943816825],[39.7424,-5.161799994398624],[39.73160000000001,-5.15649999440402],[39.718300000000006,-5.170599994389659],[39.7262,-5.1437999944169865],[39.7205,-5.136399994424538],[39.7125,-5.1314999944295465],[39.702799999999996,-5.131099994429978],[39.6909,-5.137499994423393],[39.6945,-5.121899994439313],[39.6981,-5.115899994445482],[39.6942,-5.10399999445766],[39.695599999999985,-5.089799994472138],[39.7007,-5.079299994482875],[39.70819999999999,-5.078399994483815],[39.720099999999995,-5.083999994478073],[39.7255,-5.080499994481661],[39.7248,-5.071999994490354],[39.718300000000006,-5.061799994500791],[39.7097,-5.056799994505933],[39.677299999999995,-5.044299994518727],[39.6801,-5.034899994528357],[39.6942,-5.0236999945398395],[39.6981,-5.0133999945504115],[39.684099999999994,-5.020299994543304],[39.675799999999995,-5.001799994562327],[39.6812,-4.987199994577292],[39.6945,-4.982499994582105],[39.7122,-4.992999994571359],[39.7161,-4.976799994587988],[39.70459999999999,-4.967499994597534],[39.6884,-4.958799994606479],[39.677299999999995,-4.9451999946204275],[39.6769,-4.93359999463236],[39.683,-4.9054999946612705],[39.684099999999994,-4.890399994676826],[39.6917,-4.902499994664335],[39.7025,-4.907999994658703],[39.707899999999995,-4.917399994649023],[39.7122,-4.931399994634608],[39.723,-4.929899994636195],[39.7269,-4.922599994643665],[39.729099999999995,-4.914299994652234],[39.7352,-4.910399994656252],[39.74029999999999,-4.913799994652749],[39.7597,-4.934599994631325],[39.80579999999999,-4.960899994604306],[39.81439999999999,-4.968799994596195],[39.81479999999999,-4.980199994584469],[39.8173,-4.990199994574227],[39.82159999999999,-4.993799994570521],[39.8281,-4.9860999945784465],[39.8274,-4.97789999458685],[39.8234,-4.968299994596693],[39.8238,-4.957199994608118],[39.8357,-4.9451999946204275],[39.8367,-4.952499994612936],[39.84179999999999,-4.965599994599473],[39.8497,-4.949199994616302],[39.855799999999995,-4.929099994636987],[39.858,-4.910199994656433],[39.855799999999995,-4.897199994669834],[39.8695,-4.906099994660669],[39.8695,-4.92639999463978],[39.867,-4.950299994615205],[39.8781,-4.987799994576648],[39.867,-5.005799994558184],[39.849,-5.019899994543748],[39.8357,-5.026399994537071],[39.84069999999999,-5.0441999945188245],[39.8281,-5.102199994459472],[39.8385,-5.137499994423393],[39.8479,-5.133199994427802],[39.8486,-5.123799994437427],[39.8468,-5.11399999444741],[39.8486,-5.108999994452532],[39.8612,-5.114599994446815],[39.86269999999999,-5.132199994428836],[39.855799999999995,-5.170599994389659],[39.855799999999995,-5.229499994329635],[39.8486,-5.245499994313346],[39.855799999999995,-5.2530999943056065],[39.843899999999984,-5.266999994291494],[39.81439999999999,-5.355399994201813],[39.8025,-5.370499994186504],[39.8007,-5.393699994163052],[39.796099999999996,-5.406799994149814],[39.78739999999999,-5.40909999414747],[39.7817,-5.401099994155584],[39.7863,-5.383199994173672],[39.78089999999999,-5.383199994173672],[39.7709,-5.405499994151112],[39.7658,-5.410499994146073],[39.769400000000005,-5.421099994135347],[39.764,-5.432299994124025],[39.7529,-5.4426999941135525],[39.738499999999995,-5.451599994104542],[39.729099999999995,-5.454199994101936],[39.7262,-5.45049999410566],[39.729800000000004,-5.444199994112031],[39.738499999999995,-5.4385999941177],[39.738499999999995,-5.431199994125159],[39.7244,-5.434699994121619],[39.7136,-5.4412999941149565],[39.70529999999999,-5.442999994113211],[39.6981,-5.431199994125159],[39.6636,-5.432299994124025],[39.6488,-5.42759999412878],[39.6431,-5.413999994142528],[39.6434,-5.379099994177824],[39.6474,-5.362999994194099],[39.656699999999994,-5.349299994208008],[39.6506,-5.3385999942188205],[39.66319999999999,-5.336399994221028],[39.6981,-5.342399994214982],[39.6902,-5.328299994229292],[39.6693,-5.302599994255339],[39.6636,-5.287199994270967]]]]}},{"type":"Feature","properties":{"ADMIN":"Uganda","ISO_A3":"UGA","admin_source":"World Bank Official Boundaries, artifact wb_boundaries_20260820"},"geometry":{"type":"Polygon","coordinates":[[[30.4717,-1.0667999988086938],[30.481100000000005,-1.0590999988172896],[30.4933,-1.0602999988159647],[30.5009,-1.0652999988103677],[30.5059,-1.070899998804163],[30.511699999999998,-1.0733999988013798],[30.523500000000002,-1.0725999988022454],[30.542299999999994,-1.0680999988072568],[30.5927,-1.0635999988122966],[30.614599999999992,-1.0657999988098532],[30.638700000000004,-1.0733999988013798],[30.651299999999996,-1.0627999988131795],[30.687,-1.0250999988551655],[30.701699999999995,-1.017499998863633],[30.739499999999996,-1.0055999988769082],[30.776999999999994,-0.9857999988989299],[30.8126,-0.9946999988890407],[30.828500000000002,-1.0025999988802352],[33.904300000000006,-1.0025999988802352],[33.89489999999999,-0.662899999259146],[33.9536,-0.1543999998273762],[33.9525,-0.11579999987052317],[33.8906,0.08999999989938484],[33.8935,0.10979999987722136],[34.040699999999994,0.30599999965790114],[34.0767,0.33389999962669603],[34.08500000000001,0.346999999612092],[34.0879,0.3674999995891476],[34.0767,0.40389999954846056],[34.0757,0.42229999952791164],[34.07999999999999,0.43149999951761897],[34.1045,0.4621999994833487],[34.1325,0.5728999993596555],[34.1495,0.6035999993254004],[34.179,0.623999999302604],[34.219699999999996,0.6386999992861854],[34.25209999999999,0.6549999992680113],[34.2762,0.680899999239063],[34.2924,0.7237999991911628],[34.2985,0.759299999151575],[34.3068,0.7681999991416338],[34.3709,0.8002999991058054],[34.3881,0.8158999990884038],[34.4025,0.8560999990435887],[34.4313,0.8935999990017619],[34.45729999999998,0.957699998930272],[34.463,0.9780999989075281],[34.4637,1.0228999988576102],[34.4688,1.044299998833786],[34.4771,1.0646999988110717],[34.48709999999999,1.082499998791224],[34.5077,1.1025999987688564],[34.5239,1.0985999987733133],[34.54039999999999,1.0894999987834222],[34.5613,1.0934999987789686],[34.5721,1.1117999987585825],[34.5735,1.1342999987335554],[34.5804,1.1525999987131548],[34.62899999999999,1.163599998700932],[34.6632,1.1963999986644227],[34.6837,1.2090999986502864],[34.7661,1.2175999986408441],[34.7978,1.2319999986248396],[34.810399999999994,1.272699998579575],[34.79999999999999,1.3123999985354238],[34.7827,1.3530999984901895],[34.7791,1.3885999984507336],[34.8385,1.437199998396752],[34.8594,1.5178999983072012],[34.8824,1.5522999982690495],[34.8925,1.557299998263494],[34.9137,1.5615999982587152],[34.9235,1.5661999982536317],[34.9335,1.5757999982429658],[34.94109999999999,1.5870999982304554],[34.97280000000001,1.6542999981559738],[34.9785,1.6760999981318077],[34.979600000000005,1.8703999979168466],[34.9839,1.882599997903407],[35.0027,1.906199997877319],[35.0066,1.9168999978654844],[35.0016,1.9280999978531326],[34.9778,1.9499999978289597],[34.9692,1.9603999978174904],[34.961999999999996,1.977899997798169],[34.958,1.9978999977760765],[34.9566,2.018499997753384],[34.9584,2.037999997731891],[34.9677,2.082599997682695],[34.9674,2.101999997661339],[34.86549999999999,2.347499997391394],[34.858999999999995,2.3868999973481833],[34.868,2.4114999973212026],[34.885999999999996,2.4254999973058626],[34.90619999999999,2.4369999972932335],[34.9209,2.454699997273851],[34.9235,2.477299997249092],[34.9145,2.494499997230267],[34.8871,2.522399997199722],[34.8813,2.5413999971789396],[34.87559999999999,2.591199997124479],[34.86549999999999,2.6049999971093722],[34.85649999999999,2.603499997111033],[34.8417,2.5877999971281924],[34.8281,2.5887999971270848],[34.8187,2.598099997116929],[34.7766,2.6856999970212705],[34.761499999999984,2.772599996926526],[34.7409,2.8356999968578425],[34.737,2.844399996848346],[34.7301,2.852999996838988],[34.7247,2.8542999968375877],[34.69669999999999,2.8678999968228074],[34.6887,2.8791999968105073],[34.68509999999999,2.8809999968085833],[34.6826,2.879499996810188],[34.6783,2.871599996818807],[34.6603,2.8586999968328053],[34.6542,2.8565999968350924],[34.6405,2.860099996831304],[34.631499999999996,2.8695999968209494],[34.6164,2.893499996794983],[34.584699999999984,2.928799996756616],[34.57459999999999,2.9460999967378543],[34.5455,3.097499996573715],[34.5339,3.1185999965508597],[34.5127,3.132499996535844],[34.4659,3.14589999652138],[34.44499999999999,3.159199996506994],[34.4339,3.1820999964822527],[34.4241,3.3048999963497567],[34.411199999999994,3.34469999630687],[34.3867,3.3764999962726554],[34.3838,3.388299996259998],[34.397099999999995,3.4242999962212943],[34.398599999999995,3.433699996211184],[34.394299999999994,3.444699996199354],[34.382,3.465999996176486],[34.3813,3.4768999961648186],[34.3867,3.4855999961554733],[34.4155,3.497099996143104],[34.4346,3.5262999961118275],[34.44389999999999,3.5663999960688737],[34.4465,3.6467999959828337],[34.4396,3.6677999959604133],[34.4249,3.6772999959502894],[34.4061,3.68299999594418],[34.3874,3.692899995933635],[34.355,3.7273999958968136],[34.336999999999996,3.7346999958890374],[34.31,3.7267999958974616],[34.29959999999999,3.7170999959078164],[34.2953,3.7074999959180484],[34.2906,3.7031999959226143],[34.27869999999999,3.709799995915585],[34.2639,3.7500999958726027],[34.2416,3.7786999958421488],[34.2409,3.783699995836795],[34.2305,3.7826999958378886],[34.2107,3.7771999958437217],[34.1909,3.7758999958451183],[34.1736,3.771399995849927],[34.1653,3.77089999585043],[34.1523,3.7756999958453097],[34.159199999999984,3.783499995837002],[34.179,3.7961999958235],[34.166399999999996,3.8113999958073257],[34.1509,3.8171999958011353],[34.14909999999999,3.822799995795208],[34.1966,3.847399995769041],[34.2074,3.8608999957546555],[34.2049,3.874599995740107],[34.1829,3.8861999957278046],[34.1635,3.8861999957278046],[34.1239,3.8719999957429114],[34.1081,3.868999995746088],[34.084700000000005,3.8772999957372347],[34.0861,3.894799995718674],[34.09909999999999,3.917799995694257],[34.109500000000004,3.943399995667092],[34.107,3.959599995649927],[34.095499999999994,3.971099995637731],[34.0807,3.9807999956274447],[34.0688,3.991999995615591],[34.0613,4.00779999559886],[34.0616,4.017999995588058],[34.0699,4.041499995563239],[34.0728,4.064699995538675],[34.0724,4.076499995526207],[34.0692,4.088099995513993],[34.0609,4.0992999955021405],[34.0497,4.109399995491477],[34.04109999999999,4.120499995479769],[34.0397,4.1340999954654025],[34.04109999999999,4.164799995433061],[34.028499999999994,4.187999995408612],[34.0062,4.2057999953898575],[33.977,4.219799995375128],[33.5328,3.774299995846799],[33.4907,3.7497999958729147],[33.4475,3.74439999587866],[33.195499999999996,3.757099995865145],[33.1645,3.7630999958587497],[33.1436,3.7741999958469483],[33.01729999999999,3.8771999957373553],[32.9971,3.8855999957284464],[32.9795,3.879199995735252],[32.919,3.8342999957829806],[32.84049999999999,3.794299995825519],[32.7563,3.7690999958523417],[32.4157,3.741399995881877],[32.3718,3.731099995892844],[32.187799999999996,3.619199996012347],[32.1759,3.6056999960267753],[32.174899999999994,3.5926999960407078],[32.1792,3.5568999960790317],[32.1792,3.541499996095515],[32.174499999999995,3.5209999961175087],[32.168,3.5122999961268206],[32.15579999999999,3.5117999961273516],[32.09309999999999,3.5245999961136327],[32.07619999999999,3.5331999961044023],[32.0607,3.5489999960874865],[32.0417,3.579999996054304],[32.0301,3.5859999960479056],[31.943699999999996,3.591299996042206],[31.930099999999992,3.598399996034598],[31.9232,3.615299996016523],[31.919999999999998,3.6613999959672445],[31.9164,3.6802999959470597],[31.902,3.7042999959214455],[31.8307,3.7838999958365793],[31.8069,3.803799995815408],[31.78099999999999,3.815799995802656],[31.777799999999992,3.816499995801892],[31.7756,3.81079999580797],[31.696099999999998,3.721299995903295],[31.6867,3.7128999959122857],[31.6687,3.704999995920711],[31.5647,3.6898999959368295],[31.547400000000003,3.680999995946319],[31.535499999999995,3.6664999959618148],[31.52359999999999,3.6560999959728995],[31.505599999999994,3.659999995968728],[31.294999999999998,3.774299995846799],[31.255800000000004,3.786699995833631],[31.214699999999997,3.7924999958274324],[31.167600000000004,3.7924999958274324],[31.1417,3.785199995835193],[31.0776,3.73539999588826],[31.068599999999993,3.731799995892107],[31.04949999999999,3.7280999958960797],[31.0405,3.724199995900228],[31.009499999999992,3.699899995926155],[30.995900000000002,3.693599995932858],[30.9858,3.6921999959343577],[30.965999999999994,3.6926999959338174],[30.9555,3.6889999959377935],[30.9444,3.679299995948125],[30.931799999999996,3.6451999959845613],[30.865499999999994,3.5489999960874865],[30.843900000000005,3.505999996133578],[30.839599999999997,3.490199996150531],[30.861199999999993,3.498199996141955],[30.8803,3.5143999961245767],[30.896499999999996,3.5199999961185515],[30.9095,3.4961999961441066],[30.9095,3.487199996153744],[30.903,3.458999996184001],[30.904399999999992,3.447599996196272],[30.914499999999993,3.426499996218922],[30.9163,3.4147999962314786],[30.9102,3.3934999962543797],[30.8972,3.3749999962742887],[30.868400000000005,3.343399996308295],[30.8486,3.309299996345014],[30.845700000000004,3.2939999963615074],[30.8425,3.288699996367222],[30.822,3.2813999963750793],[30.804299999999998,3.2460999964131507],[30.747800000000005,3.0767999965961383],[30.743899999999993,3.0554999966191883],[30.744899999999994,3.0362999966400226],[30.757199999999997,3.021599996655908],[30.803599999999992,2.98909999669118],[30.820899999999995,2.9731999967084413],[30.843900000000005,2.9327999967522667],[30.854699999999994,2.893299996795197],[30.853300000000004,2.8533999968385624],[30.828799999999998,2.7860999969118527],[30.822,2.7762999969225213],[30.8058,2.771999996927183],[30.801499999999994,2.7690999969303536],[30.7993,2.763499996936447],[30.797899999999995,2.7483999969529034],[30.764399999999995,2.6584999970509715],[30.758999999999997,2.633899997077812],[30.739499999999996,2.6033999971111417],[30.735199999999992,2.5930999971223967],[30.734099999999994,2.57449999714274],[30.737699999999997,2.5375999971830625],[30.73699999999999,2.5194999972028946],[30.729500000000005,2.503499997220411],[30.716899999999992,2.4831999972426195],[30.7075,2.4622999972655237],[30.7107,2.445099997284351],[30.724800000000002,2.440799997289066],[30.794999999999995,2.440099997289857],[30.8051,2.4343999972960937],[30.8072,2.4221999973094634],[30.8069,2.407099997326019],[30.809700000000003,2.3924999973420187],[30.8198,2.3759999973601187],[30.836399999999998,2.3563999973816365],[30.855100000000004,2.339799997399852],[30.8717,2.33209999740829],[30.900499999999997,2.3459999973930286],[30.914499999999993,2.3781999973577177],[30.9311,2.4055999973276476],[30.9681,2.4054999973277775],[30.984699999999997,2.394799997339499],[31.041200000000003,2.3313999974090724],[31.045899999999993,2.3197999974217898],[31.0445,2.313999997428188],[31.038699999999995,2.3109999974314497],[31.035500000000003,2.306999997435871],[31.0405,2.2979999974457344],[31.0553,2.290299997454212],[31.099199999999993,2.282699997462542],[31.112499999999994,2.2820999974632294],[31.129399999999997,2.284699997460356],[31.177699999999998,2.302999997440258],[31.1791,2.2597999974877157],[31.182299999999998,2.238799997510792],[31.190300000000004,2.221599997529709],[31.210799999999995,2.205399997547499],[31.267699999999998,2.173399997582715],[31.2806,2.153499997604648],[31.271599999999992,2.1030999976601525],[31.2428,2.0512999977172117],[31.025699999999993,1.778199998018792],[30.681599999999996,1.5004999983265004],[30.4782,1.2386999986173723],[30.458399999999997,1.2216999986362842],[30.445399999999992,1.2127999986461742],[30.4317,1.2070999986525164],[30.4127,1.202099998658099],[30.39929999999999,1.200699998659652],[30.3767,1.2030999986569895],[30.364799999999992,1.202099998658099],[30.348199999999995,1.1890999986725712],[30.336,1.168899998695039],[30.323699999999995,1.1558999987094865],[30.3065,1.163999998700491],[30.295699999999993,1.1727999986906734],[30.286699999999996,1.1742999986890361],[30.278,1.1715999986920353],[30.2694,1.1672999986968247],[30.2388,1.1360999987315523],[30.236299999999996,1.129499998738919],[30.231599999999993,1.0977999987742022],[30.227999999999994,1.088999998783976],[30.215399999999995,1.0771999987971543],[30.21569999999999,1.0578999988186149],[30.2211,1.0171999988639622],[30.21389999999999,0.9985999988847073],[30.1916,0.9749999989110091],[30.186899999999998,0.9587999989290674],[30.183700000000005,0.9551999989330504],[30.1657,0.9214999989706251],[30.1549,0.9086999989849049],[30.145199999999996,0.9031999989910293],[30.038299999999992,0.8789999990180234],[29.996499999999994,0.8600999990391099],[29.9601,0.8321999990702432],[29.9472,0.8246999990785877],[29.9284,0.7850999991227717],[29.926999999999992,0.7748999991341547],[29.9324,0.7232999991917597],[29.920199999999998,0.6386999992861854],[29.919400000000003,0.6181999993090694],[29.938199999999995,0.537399999399319],[29.940299999999993,0.49849999944277956],[29.923000000000002,0.46019999948556056],[29.851,0.37719999957830236],[29.839499999999997,0.3584999995992109],[29.8327,0.33699999962323396],[29.800599999999992,0.17249999980712535],[29.796999999999993,0.16489999981560582],[29.78729999999999,0.15859999982267292],[29.780499999999996,0.1612999998196514],[29.772900000000003,0.16759999981261842],[29.761399999999995,0.17219999980748066],[29.7556,0.16099999981998658],[29.7117,0.09949999988876382],[29.703099999999992,0.07239999991903195],[29.701599999999996,0.055099999938402165],[29.7135,0.011599999987027489],[29.714199999999995,-0.007599999991495092],[29.708800000000004,-0.026299999970595737],[29.694100000000002,-0.06309999992945632],[29.6293,-0.4424999995053433],[29.631799999999995,-0.4611999994844426],[29.645099999999996,-0.48899999945340183],[29.649799999999992,-0.5043999994361993],[29.653,-0.5656999993676938],[29.650900000000004,-0.5795999993522102],[29.643,-0.5850999993460525],[29.632199999999997,-0.5858999993451681],[29.622800000000005,-0.5883999993423794],[29.618800000000004,-0.5994999993299485],[29.620600000000003,-0.6054999993232485],[29.630699999999997,-0.6220999993047013],[29.6293,-0.6297999992961204],[29.618800000000004,-0.6390999992857255],[29.615599999999997,-0.6442999992799192],[29.602999999999994,-0.7229999991920866],[29.6023,-0.7438999991687538],[29.6109,-0.7827999991253631],[29.61339999999999,-0.8039999991017078],[29.6109,-0.8640999990346296],[29.607999999999997,-0.8784999990185866],[29.596900000000005,-0.8919999990035571],[29.567,-0.9019999989923738],[29.5558,-0.91959999897274],[29.5551,-0.9385999989515917],[29.559100000000004,-0.9573999989306133],[29.560200000000002,-0.9720999989142278],[29.551499999999997,-0.9903999988938051],[29.5483,-1.0025999988802352],[29.5512,-1.0201999988606594],[29.565899999999996,-1.0586999988177204],[29.569899999999993,-1.077999998796251],[29.5692,-1.0958999987763125],[29.556899999999995,-1.1576999987074779],[29.556899999999995,-1.1818999986805625],[29.5652,-1.197899998662762],[29.575599999999998,-1.2131999986457402],[29.5814,-1.2348999986215698],[29.580299999999994,-1.2432999986122504],[29.570999999999998,-1.2685999985840974],[29.5713,-1.2793999985720792],[29.583199999999998,-1.2993999985498883],[29.587199999999996,-1.3106999985372825],[29.587199999999996,-1.329699998516196],[29.5778,-1.3883999984509283],[29.618099999999995,-1.390699998448404],[29.638999999999996,-1.3890999984501649],[29.657700000000002,-1.3839999984558267],[29.6782,-1.37239999846873],[29.69369999999999,-1.3611999984811889],[29.710599999999996,-1.3525999984907133],[29.7348,-1.3481999984956272],[29.746600000000004,-1.3508999984926078],[29.767900000000004,-1.3637999984782812],[29.774700000000003,-1.3663999984753972],[29.783000000000005,-1.3614999984808702],[29.7891,-1.3417999985027467],[29.798100000000005,-1.3309999985147396],[29.807500000000005,-1.325199998521163],[29.816100000000002,-1.3225999985241],[29.825099999999996,-1.3239999985225175],[29.8359,-1.3295999985162803],[29.864399999999993,-1.3703999984709712],[29.8687,-1.3913999984476104],[29.870799999999996,-1.4324999984019962],[29.88059999999999,-1.4536999983784362],[29.897799999999993,-1.4696999983606926],[29.917299999999994,-1.4752999983544441],[29.938499999999994,-1.472999998356994],[29.960499999999993,-1.4647999983661024],[30.0282,-1.4271999984078778],[30.0386,-1.424999998410294],[30.047599999999996,-1.4032999984343943],[30.060900000000004,-1.3897999984494016],[30.095500000000005,-1.3711999984700391],[30.136200000000002,-1.3552999984877214],[30.147299999999994,-1.3451999984989922],[30.1524,-1.3299999985158353],[30.158499999999997,-1.2911999985590021],[30.1657,-1.2774999985742328],[30.173599999999997,-1.272899998579333],[30.196700000000003,-1.2687999985838891],[30.212099999999992,-1.2595999985941457],[30.256799999999995,-1.217199998641296],[30.269699999999997,-1.2004999986598717],[30.280499999999996,-1.1824999986799092],[30.2845,-1.1613999987033614],[30.287399999999998,-1.1553999987100656],[30.2946,-1.1496999987164112],[30.311100000000003,-1.1420999987248606],[30.317300000000003,-1.1370999987304253],[30.322699999999998,-1.1218999987473741],[30.3291,-1.0805999987933455],[30.337399999999995,-1.0662999988092767],[30.352899999999998,-1.0607999988154224],[30.369499999999995,-1.0632999988125953],[30.386399999999995,-1.0682999988070614],[30.4033,-1.0703999988046744],[30.418800000000005,-1.066599998808934],[30.4321,-1.0604999988157582],[30.44579999999999,-1.0586999988177204],[30.4717,-1.0667999988086938]]]}},{"type":"Feature","properties":{"ADMIN":"Drc_E","ISO_A3":"COD","admin_source":"World Bank GAD, artifact wb_boundaries_20260820","admin_units":"Bas-Uélé, Haut-Katanga, Haut-Lomami, Haut-Uélé, Ituri, Kasaï-Central, Kasaï-Oriental, Lomami, Lualaba, Maniema, Nord-Kivu, Sankuru, Sud-Kivu, Tanganyka, Tshopo, Tshuapa"},"geometry":{"type":"Polygon","coordinates":[[[21.853999999999996,-9.617899990309574],[21.8436,-9.576199990342857],[21.834999999999997,-9.51079999039529],[21.832,-9.48849999041323],[21.8274,-9.472899990425798],[21.819799999999997,-9.447699990446107],[21.813299999999998,-9.437399990454425],[21.8067,-9.429699990460634],[21.795999999999996,-9.417099990470854],[21.793500000000005,-9.41009999047651],[21.7921,-9.406199990479694],[21.7932,-9.39359999048987],[21.8021,-9.375999990504152],[21.8036,-9.372999990506576],[21.8053,-9.363899990513952],[21.808699999999998,-9.34529999052912],[21.8101,-9.338099990534987],[21.821599999999997,-9.314799990553933],[21.8227,-9.312799990555598],[21.840999999999998,-9.275799990585792],[21.850599999999996,-9.237199990617391],[21.851500000000005,-9.233799990620177],[21.8518,-9.192999990653687],[21.844499999999996,-9.132699990703399],[21.839599999999997,-9.092399990736778],[21.8441,-9.056699990766408],[21.847299999999997,-9.031199990787611],[21.848799999999997,-9.019099990797645],[21.849599999999995,-9.012699990803002],[21.853999999999996,-8.977899990832015],[21.8533,-8.960799990846295],[21.8518,-8.925899990875523],[21.8598,-8.846399990942373],[21.870199999999997,-8.822299990962726],[21.877799999999997,-8.789299990990624],[21.885,-8.78229999099655],[21.8918,-8.739999991032414],[21.899600000000003,-8.690799991074213],[21.9069,-8.645499991112903],[21.907600000000002,-8.643699991114431],[21.916699999999995,-8.618099991136345],[21.9177,-8.615299991138702],[21.931699999999996,-8.590799991159757],[21.936099999999996,-8.583199991166234],[21.9291,-8.582499991166866],[21.928499999999996,-8.582499991166866],[21.9163,-8.57689999117166],[21.94,-8.499899991237951],[21.944,-8.45599999127586],[21.936600000000002,-8.415999991310501],[21.936099999999996,-8.41309999131302],[21.922099999999997,-8.390899991332304],[21.9116,-8.374299991346751],[21.8997,-8.348799991368965],[21.9051,-8.337399991378877],[21.9206,-8.329099991386112],[21.910499999999995,-8.310599991402263],[21.9013,-8.301599991410136],[21.899199999999993,-8.299499991411952],[21.881399999999996,-8.282099991427186],[21.873099999999997,-8.264099991442935],[21.862600000000004,-8.216399991484781],[21.860099999999996,-8.173799991522259],[21.857199999999995,-8.156899991537179],[21.85269999999999,-8.146999991545881],[21.8511,-8.143399991549034],[21.847899999999992,-8.139799991552213],[21.825900000000004,-8.11439999157466],[21.815099999999997,-8.09679999159022],[21.8086,-8.076799991607963],[21.8068,-8.055499991626862],[21.8065,-8.052399991629603],[21.7996,-8.040799991639895],[21.7749,-8.026899991652266],[21.7683,-8.023199991655552],[21.7586,-8.01509999166276],[21.7539,-7.997299991678617],[21.750999999999998,-7.929199991739356],[21.754299999999997,-7.919599991747926],[21.768699999999995,-7.899899991765575],[21.7723,-7.888299991775991],[21.7647,-7.85059999180978],[21.770499999999995,-7.806699991849293],[21.7779,-7.785299991868588],[21.785999999999998,-7.762099991889509],[21.7887,-7.754299991896529],[21.792599999999997,-7.743099991906657],[21.7987,-7.725599991922521],[21.8035,-7.711799991934989],[21.816999999999997,-7.6729999919701575],[21.822199999999995,-7.657999991983791],[21.831,-7.632799992006696],[21.8328,-7.614199992023645],[21.836399999999994,-7.6083999920288985],[21.848999999999997,-7.595399992040759],[21.850799999999996,-7.5935999920424315],[21.853999999999996,-7.585999992049334],[21.853999999999996,-7.569699992064195],[21.853999999999996,-7.551899992080463],[21.853999999999996,-7.548399992083691],[21.851500000000005,-7.538499992092741],[21.846099999999996,-7.526799992103438],[21.846799999999998,-7.514299992114889],[21.85,-7.5028999921252835],[21.8502,-7.502599992125596],[21.859,-7.482699992143858],[21.860399999999995,-7.472999992152741],[21.8608,-7.469799992155654],[21.8587,-7.464099992160913],[21.849399999999996,-7.455299992168996],[21.848999999999997,-7.454799992169462],[21.846799999999998,-7.449099992174676],[21.847899999999992,-7.444099992179269],[21.8529,-7.435199992187474],[21.8529,-7.435099992187565],[21.853999999999996,-7.4288999921932435],[21.851500000000005,-7.416499992204675],[21.838600000000003,-7.402099992217954],[21.8385,-7.401999992218069],[21.8328,-7.390799992228358],[21.8394,-7.379199992239049],[21.84,-7.378099992240072],[21.8425,-7.369999992247558],[21.8322,-7.35549999226093],[21.8313,-7.354199992262121],[21.818699999999996,-7.327199992287132],[21.808999999999994,-7.306399992306358],[21.802499999999995,-7.298999992313235],[21.7886,-7.292099992319611],[21.788899999999998,-7.283299992327752],[21.7797,-7.274699992335759],[21.7875,-7.261099992348379],[21.7754,-7.245299992363043],[21.7611,-7.245699992362698],[21.7449,-7.225399992381599],[21.714799999999997,-7.197899992407183],[21.713299999999997,-7.174499992428997],[21.703699999999998,-7.152899992449161],[21.7017,-7.135599992465329],[21.6807,-7.1350999924657845],[21.66359999999999,-7.117299992482437],[21.661699999999996,-7.09069999250735],[21.653599999999997,-7.069699992527043],[21.626500000000004,-7.05149999254409],[21.589499999999994,-7.035699992558965],[21.590500000000002,-7.028799992565419],[21.5567,-7.001399992591205],[21.5321,-6.956499992633547],[21.507099999999998,-6.920099992667915],[21.487599999999997,-6.897899992688879],[21.4502,-6.883099992702945],[21.436899999999998,-6.8622999927226385],[21.427499999999995,-6.860899992723934],[21.4048,-6.8405999927431855],[21.403,-6.826099992756965],[21.4256,-6.808999992773211],[21.443099999999998,-6.810899992771411],[21.467499999999998,-6.802899992779033],[21.4853,-6.780699992800143],[21.5222,-6.7633999928166135],[21.5608,-6.752999992826527],[21.581899999999997,-6.764999992815088],[21.598899999999997,-6.758399992821367],[21.6055,-6.746499992832712],[21.5879,-6.724299992853924],[21.5928,-6.711199992866412],[21.619999999999994,-6.726399992851919],[21.6205,-6.709999992867575],[21.611,-6.689999992886694],[21.6126,-6.68009999289614],[21.645799999999998,-6.675699992900379],[21.668399999999995,-6.663099992912388],[21.704199999999997,-6.665399992910208],[21.710899999999995,-6.661099992914324],[21.6916,-6.633299992940957],[21.6531,-6.6163999929571995],[21.627899999999997,-6.589099992983359],[21.6132,-6.561499993009908],[21.6083,-6.539399993031168],[21.571799999999996,-6.575599992996363],[21.5485,-6.5765999929954155],[21.55249999999999,-6.5487999930221354],[21.5672,-6.532399993037942],[21.5669,-6.5179999930518155],[21.541099999999993,-6.504399993064929],[21.5434,-6.480299993088202],[21.5617,-6.475099993093202],[21.6055,-6.4722999930958895],[21.5998,-6.449699993117756],[21.6135,-6.405899993160174],[21.6117,-6.394599993171142],[21.6211,-6.356699993207905],[21.6166,-6.324799993238897],[21.6031,-6.300299993262778],[21.6034,-6.269999993292276],[21.588399999999996,-6.247399993314336],[21.597,-6.214099993346891],[21.589,-6.196599993363965],[21.588299999999997,-6.138899993420496],[21.5787,-6.105499993453283],[21.586599999999997,-6.0884999934699975],[21.5732,-6.033299993524329],[21.581399999999995,-6.0003999935567895],[21.582599999999996,-5.977699993579156],[21.6016,-5.9466999936098315],[21.632,-5.933699993622693],[21.66379999999999,-5.894699993661315],[21.665,-5.8762999936795675],[21.6795,-5.860799993694935],[21.6976,-5.803599993751804],[21.7434,-5.769899993785383],[21.7517,-5.79159999376376],[21.7638,-5.8090999937463135],[21.781199999999995,-5.816099993739346],[21.7903,-5.836299993719283],[21.8126,-5.850699993704983],[21.822199999999995,-5.863599993692156],[21.840999999999998,-5.864399993691368],[21.878199999999996,-5.858899993696853],[21.875100000000003,-5.829299993726221],[21.878399999999996,-5.814799993740622],[21.9074,-5.775599993779643],[21.9422,-5.744199993810979],[21.960299999999997,-5.6935999938615005],[21.9771,-5.620599993934571],[21.9705,-5.595499993959762],[21.944099999999995,-5.571699993983637],[21.939599999999995,-5.552099994003334],[21.925700000000003,-5.520599994035018],[21.9044,-5.497999994057797],[21.878599999999995,-5.477699994078226],[21.8603,-5.439399994116883],[21.846099999999996,-5.419799994136692],[21.829599999999996,-5.419899994136542],[21.819899999999997,-5.4312999941250215],[21.820699999999995,-5.4518999941042585],[21.8047,-5.451799994104342],[21.7987,-5.463299994092765],[21.7667,-5.4681999940878],[21.758999999999997,-5.447299994108863],[21.748000000000005,-5.438999994117282],[21.712000000000003,-5.4307999941255485],[21.690300000000004,-5.414599994141926],[21.686400000000003,-5.39569999416102],[21.666999999999998,-5.397799994158895],[21.654000000000003,-5.385899994170943],[21.666999999999998,-5.357899994199286],[21.664099999999998,-5.330299994227249],[21.6286,-5.317299994240409],[21.6395,-5.28489999427331],[21.6356,-5.256099994302583],[21.6376,-5.23269999432638],[21.6565,-5.211399994348048],[21.675499999999996,-5.151899994408718],[21.689799999999998,-5.129599994431507],[21.693099999999998,-5.0966999944651],[21.6875,-5.068799994493643],[21.689799999999998,-5.054799994507962],[21.7026,-5.053999994508796],[21.753,-5.069999994492402],[21.787899999999997,-5.083999994478073],[21.802,-5.083499994478614],[21.8093,-5.071599994490782],[21.811699999999995,-5.043499994519579],[21.8239,-5.025599994537878],[21.847799999999996,-5.015999994547745],[21.879799999999996,-5.017699994546022],[21.8825,-5.034399994528883],[21.868499999999997,-5.047999994514937],[21.908499999999997,-5.069799994492597],[21.939599999999995,-5.08089999448127],[21.9677,-5.079199994482967],[21.9996,-5.0675999944948735],[22.02,-5.069999994492402],[22.032999999999994,-5.106199994455377],[22.0347,-5.13819999442272],[22.073099999999997,-5.114799994446619],[22.0916,-5.090299994471635],[22.1057,-5.035099994528142],[22.1182,-5.020199994543438],[22.114999999999995,-4.999599994564566],[22.127299999999998,-4.97859999458613],[22.1037,-4.963499994601662],[22.100599999999993,-4.945399994620248],[22.102199999999996,-4.912899994653652],[22.0849,-4.901499994665396],[22.079299999999996,-4.883199994684238],[22.1111,-4.851299994717126],[22.1161,-4.841399994727362],[22.135199999999998,-4.829799994739338],[22.1501,-4.83119999473787],[22.1717,-4.8226999947466656],[22.183200000000003,-4.807399994762422],[22.2062,-4.786999994783491],[22.2233,-4.782499994788193],[22.225599999999996,-4.750699994821077],[22.203899999999994,-4.7319999948404226],[22.217799999999997,-4.718299994854613],[22.242800000000003,-4.70779999486548],[22.250299999999996,-4.69909999487453],[22.2563,-4.668399994906351],[22.278999999999993,-4.648799994926666],[22.2831,-4.6310999949450835],[22.3287,-4.639199994936645],[22.3555,-4.633699994942348],[22.3697,-4.643399994932317],[22.388499999999997,-4.637999994937891],[22.3982,-4.623299994953177],[22.42439999999999,-4.621299994955259],[22.442099999999996,-4.576899995001453],[22.453,-4.528599995051713],[22.461299999999998,-4.508199995072995],[22.4875,-4.495599995086148],[22.5117,-4.472199995110599],[22.528699999999994,-4.4436999951403635],[22.527700000000003,-4.382499995204347],[22.5358,-4.3520999952362125],[22.527800000000003,-4.335099995254041],[22.5348,-4.305199995285412],[22.529700000000002,-4.29249999529873],[22.5282,-4.248599995344865],[22.5212,-4.2257999953688445],[22.5249,-4.1988999953971415],[22.478899999999996,-4.170199995427351],[22.467499999999998,-4.158899995439262],[22.447699999999998,-4.161599995436417],[22.4262,-4.147699995451081],[22.398500000000002,-4.1390999954601195],[22.387800000000002,-4.121399995478819],[22.364399999999996,-4.099899995501525],[22.339699999999997,-4.09059999551132],[22.3299,-4.08049999552198],[22.304799999999997,-4.022199995583656],[22.2726,-3.997999995609255],[22.247099999999996,-3.996499995610809],[22.2017,-4.022999995582763],[22.156499999999994,-4.039199995565672],[22.111599999999996,-4.017499995588599],[22.099099999999996,-3.9920999956155168],[22.081400000000002,-3.9832999956248263],[22.0207,-3.9674999956415506],[22.0047,-3.9682999956406886],[21.9761,-3.95189999565807],[21.987599999999997,-3.9394999956712535],[21.9955,-3.919499995692482],[22.009,-3.9096999957028555],[22.020099999999996,-3.8923999957212327],[22.0581,-3.883999995730157],[22.1529,-3.8093999958094416],[22.1561,-3.796399995823298],[22.1321,-3.7786999958421448],[22.142199999999992,-3.7615999958603625],[22.1331,-3.7100999959152614],[22.140099999999997,-3.654499995974623],[22.1366,-3.604999996027542],[22.1225,-3.570299996064672],[22.086299999999994,-3.58229999605186],[22.062000000000005,-3.5839999960500197],[22.0416,-3.569199996065879],[22.0288,-3.575899996058678],[22.014599999999998,-3.572399996062417],[21.989099999999997,-3.5800999960541784],[21.973299999999995,-3.591799996041667],[21.971,-3.6018999960308653],[21.944700000000005,-3.584699996049295],[21.9383,-3.568599996066504],[21.941700000000004,-3.5418999960950823],[21.929399999999998,-3.5041999961355237],[21.9303,-3.4885999961522574],[21.941199999999995,-3.441699996202592],[21.969899999999996,-3.4246999962208484],[21.989399999999993,-3.4010999962462156],[21.995699999999996,-3.3805999962682667],[21.9963,-3.3020999963527786],[22.006399999999996,-3.288399996367511],[22.035400000000003,-3.2703999963869106],[22.0866,-3.222499996438639],[22.095699999999994,-3.2093999964527464],[22.1082,-3.173599996491443],[22.114699999999996,-3.10879999656149],[22.101300000000002,-3.08289999658955],[22.108299999999996,-3.0637999966101876],[22.127999999999993,-3.0428999966328782],[22.159899999999997,-3.016799996661117],[22.169899999999995,-3.0010999966781573],[22.181199999999993,-2.9567999967262106],[22.214799999999997,-2.9377999967468673],[22.206499999999995,-2.928999996756404],[22.1818,-2.931199996754042],[22.166900000000002,-2.922599996763354],[22.1429,-2.8965999967916063],[22.1026,-2.8188999968761403],[22.0853,-2.8043999968919073],[22.0787,-2.7785999969199624],[22.032900000000005,-2.7296999969732822],[22.0135,-2.6851999970218103],[22.014699999999998,-2.674399997033602],[21.994399999999995,-2.651299997058814],[21.9743,-2.641799997069198],[21.948499999999996,-2.6124999971012097],[21.925700000000003,-2.596599997118592],[21.9191,-2.5858999971302383],[21.8709,-2.570599997147006],[21.851199999999995,-2.5585999971601137],[21.831,-2.530399997190962],[21.8129,-2.5247999971971242],[21.7761,-2.506299997217326],[21.768799999999995,-2.4979999972264104],[21.7314,-2.483399997242443],[21.696399999999997,-2.475599997250943],[21.673100000000005,-2.462899997264859],[21.646400000000003,-2.431299997299507],[21.634099999999997,-2.4311999972995855],[21.595200000000002,-2.4193999973125577],[21.572899999999997,-2.4015999973320437],[21.566500000000005,-2.3833999973520084],[21.5368,-2.3737999973625565],[21.5142,-2.3575999973803157],[21.465799999999998,-2.338399997401411],[21.455299999999998,-2.3292999974114097],[21.4165,-2.316299997425671],[21.4078,-2.34019999739942],[21.412700000000005,-2.445899997283473],[21.4433,-2.497699997226761],[21.4207,-2.4818999972440787],[21.3914,-2.4730999972537036],[21.3538,-2.4843999972413195],[21.322699999999994,-2.480099997246012],[21.303799999999992,-2.4841999972415536],[21.274599999999996,-2.504099997219725],[21.2446,-2.502799997221157],[21.2023,-2.5127999972102324],[21.1748,-2.514199997208712],[21.151500000000002,-2.507199997216342],[21.138299999999997,-2.4977999972266596],[21.121999999999996,-2.4964999972280615],[21.0941,-2.5055999972181113],[21.067999999999998,-2.4941999972305835],[21.038699999999995,-2.498499997225883],[21.0163,-2.4943999972303628],[21.0198,-2.465299997262271],[21.022299999999998,-2.403699997329763],[21.0118,-2.3837999973515815],[20.9869,-2.3711999973654097],[20.9575,-2.3400999973995407],[20.954799999999995,-2.3243999974167706],[20.929799999999997,-2.290199997454309],[20.9278,-2.276899997468891],[20.9055,-2.2470999975016657],[20.888699999999993,-2.214599997537398],[20.877999999999997,-2.2053999975475267],[20.860199999999992,-2.202999997550151],[20.8435,-2.193199997560944],[20.8242,-2.168299997588358],[20.8112,-2.158999997598584],[20.785999999999998,-2.126499997634352],[20.7675,-2.111899997650428],[20.739500000000003,-2.080699997684797],[20.7107,-2.0269999977440145],[20.686399999999995,-2.0033999977700296],[20.657499999999995,-1.9604999978173552],[20.646499999999993,-1.9730999978034576],[20.641600000000004,-1.9941999977801805],[20.625500000000002,-2.013199997759213],[20.5835,-2.02489999774633],[20.5433,-2.0312999977392456],[20.5214,-2.060099997707505],[20.4708,-2.089499997675131],[20.433,-2.0964999976673866],[20.397700000000004,-2.119499997642063],[20.3852,-2.1050999976579443],[20.3588,-2.0851999976798345],[20.3262,-2.0649999977021296],[20.3157,-2.052799997715554],[20.288499999999992,-2.04069999772891],[20.2474,-2.028899997741914],[20.2395,-2.0175999977543757],[20.241899999999998,-1.9991999977746573],[20.2235,-1.9749999978013637],[20.1895,-1.9616999978160492],[20.1613,-1.924499997857114],[20.1436,-1.9161999978662896],[20.121499999999997,-1.915999997866507],[19.969499999999993,-1.8956999978889284],[19.9137,-1.8917999978931974],[19.9014,-1.8790999979072602],[19.897500000000004,-1.8496999979397248],[19.873499999999996,-1.772899998024652],[19.8551,-1.7068999980977266],[19.8425,-1.6699999981385931],[19.824299999999997,-1.64659999816447],[19.7943,-1.6307999981820038],[19.7672,-1.5999999982161615],[19.7322,-1.5783999982400982],[19.7274,-1.604199998211505],[19.7122,-1.613099998201601],[19.6896,-1.6581999981516802],[19.6526,-1.6965999981091069],[19.644400000000005,-1.7578999980412644],[19.6343,-1.7774999980195656],[19.601299999999995,-1.8019999979924757],[19.543399999999995,-1.800099997994572],[19.5313,-1.7953999979997552],[19.5026,-1.7742999980231204],[19.5178,-1.747299998052986],[19.5204,-1.7099999980942864],[19.50989999999999,-1.6671999981416785],[19.492799999999992,-1.653099998157278],[19.4884,-1.6338999981785516],[19.494699999999998,-1.5720999982470774],[19.4756,-1.5418999982805552],[19.4629,-1.4959999983314778],[19.4334,-1.4246999984106266],[19.4388,-1.4095999984274408],[19.5043,-1.2827999985683267],[19.514399999999995,-1.2570999985969171],[19.5452,-1.2262999986311551],[19.5569,-1.2097999986495171],[19.5895,-1.183299998678989],[19.61039999999999,-1.171099998692588],[19.6106,-1.13519999873252],[19.6153,-1.108999998761736],[19.606999999999996,-1.0813999987924499],[19.612,-1.0466999988310939],[19.6097,-1.0138999988676614],[19.6017,-0.9779999989076392],[19.6109,-0.9754999989104393],[19.652099999999994,-0.9779999989076392],[19.6829,-0.9870999988975141],[19.6876,-1.0080999988741108],[19.6733,-1.0358999988431419],[19.6716,-1.0596999988166318],[19.6845,-1.109499998761166],[19.6794,-1.1245999987443764],[19.681999999999995,-1.1558999987095069],[19.7248,-1.1712999986923678],[19.7612,-1.1577999987073577],[19.847999999999992,-1.1575999987076162],[19.862999999999992,-1.1392999987279926],[19.882199999999997,-1.1306999987375588],[19.9015,-1.1114999987589511],[19.928500000000003,-1.1074999987633756],[19.948199999999996,-1.0979999987739617],[20.005,-1.0957999987764284],[20.0497,-1.080899998792999],[20.0808,-1.066599998808934],[20.0922,-1.0654999988101819],[20.1186,-1.043799998834334],[20.148799999999998,-1.032699998846692],[20.1619,-1.0184999988624848],[20.1444,-0.9986999988845944],[20.1349,-0.9785999989069754],[20.137399999999996,-0.9450999989443185],[20.159899999999997,-0.9231999989687453],[20.1668,-0.9031999989910175],[20.1919,-0.8720999990257046],[20.1918,-0.8396999990618857],[20.2176,-0.8108999990939652],[20.225400000000004,-0.7876999991198754],[20.254399999999993,-0.757999999153012],[20.2724,-0.6937999992246523],[20.275200000000005,-0.6725999992483244],[20.2838,-0.665599999256145],[20.271300000000004,-0.6505999992728768],[20.255599999999998,-0.6481999992755625],[20.2467,-0.6243999993021808],[20.226399999999998,-0.6027999993262699],[20.218099999999996,-0.6114999993165249],[20.2038,-0.5978999993317505],[20.173699999999997,-0.5932999993369032],[20.1749,-0.5767999993553004],[20.157400000000003,-0.5610999993728503],[20.163899999999998,-0.5509999993841448],[20.1464,-0.5262999994117296],[20.1205,-0.5059999994343786],[20.1211,-0.4882999994541775],[20.097400000000004,-0.4814999994617598],[20.092799999999997,-0.44519999950231753],[20.0999,-0.43879999950946624],[20.1114,-0.4093999995423116],[20.1088,-0.3923999995613239],[20.0715,-0.36369999959340105],[20.0673,-0.3347999996257],[20.054799999999993,-0.32529999963632417],[20.0497,-0.3066999996570843],[20.0166,-0.31249999965064357],[19.9952,-0.30109999966336687],[19.9784,-0.2781999996889335],[19.9435,-0.2738999996937938],[19.9393,-0.2614999997075979],[19.9254,-0.2576999997118838],[19.9227,-0.24249999972885733],[19.9287,-0.22899999974397078],[19.9118,-0.19009999978742856],[19.893,-0.20489999977092663],[19.860200000000003,-0.1955999997812986],[19.8585,-0.18039999979830507],[19.823,-0.16659999981374848],[19.837299999999995,-0.13749999984626343],[19.864,-0.09749999989095294],[19.890700000000002,-0.0910999998981267],[19.9176,-0.09789999989052889],[19.932099999999995,-0.10919999987787408],[19.9422,-0.10189999988605392],[19.995799999999996,-0.10999999987699195],[20.007300000000004,-0.12459999986067846],[20.0145,-0.1459999998367438],[20.024999999999995,-0.15059999983161262],[20.0501,-0.14959999983270247],[20.074599999999997,-0.1722999998073714],[20.090800000000005,-0.16769999981252087],[20.090399999999995,-0.14939999983292213],[20.072899999999997,-0.14629999983642963],[20.078699999999994,-0.12729999985764567],[20.1442,-0.11799999986808114],[20.1638,-0.12429999986101535],[20.198899999999995,-0.12269999986282804],[20.208200000000005,-0.134399999849709],[20.206799999999994,-0.15579999982580967],[20.189700000000002,-0.19129999978611295],[20.196,-0.20849999976690156],[20.213499999999993,-0.2216999997520973],[20.226699999999997,-0.26769999970068187],[20.2443,-0.2744999996931169],[20.2571,-0.2526999997174789],[20.272699999999997,-0.2449999997260747],[20.288099999999996,-0.2583999997110778],[20.3043,-0.25939999970997263],[20.321799999999996,-0.24109999973043336],[20.3437,-0.24239999972899196],[20.335499999999996,-0.19439999978265948],[20.339,-0.16289999981783215],[20.346899999999998,-0.13729999984648084],[20.387,-0.10789999987936043],[20.424699999999998,-0.08969999989972792],[20.436899999999998,-0.07779999991303044],[20.455599999999997,-0.07059999992107975],[20.4734,-0.07109999992051567],[20.527500000000003,-0.06269999992987223],[20.548999999999996,-0.06349999992901391],[20.576399999999996,-0.01869999997910471],[20.566599999999998,-0.0040999999954177795],[20.5157,0.004799999994618256],[20.472199999999997,0.006299999992955248],[20.4648,0.014299999984009758],[20.465399999999995,0.0350999999607567],[20.4757,0.045599999949008936],[20.5372,0.08529999990463553],[20.564000000000004,0.09919999988907896],[20.576099999999997,0.11729999986885603],[20.571,0.14249999984065465],[20.5483,0.1541999998276019],[20.5173,0.16059999982045794],[20.4952,0.17599999980320463],[20.468499999999995,0.20169999977449912],[20.4471,0.24199999972943548],[20.4306,0.2502999997201513],[20.398499999999995,0.2928999996725513],[20.378999999999998,0.30539999965858045],[20.3578,0.3299999996310714],[20.3535,0.34789999961107543],[20.339899999999993,0.3594999995980865],[20.2951,0.3750999995806728],[20.301699999999997,0.39649999955672854],[20.3,0.42759999952199756],[20.320700000000002,0.44249999950534824],[20.3333,0.46069999948498463],[20.3383,0.48579999945695795],[20.3523,0.4994999994416369],[20.3638,0.5349999994019998],[20.357,0.5523999993825592],[20.3585,0.5742999993580923],[20.427099999999996,0.6640999992578224],[20.4255,0.6949999992233199],[20.409900000000004,0.7323999991815581],[20.4056,0.7690999991406342],[20.406,0.8327999990695676],[20.4,0.858499999040886],[20.405199999999997,0.8932999990020581],[20.4141,0.9107999989825654],[20.4329,0.9339999989566807],[20.440199999999997,0.957999998929954],[20.4326,0.9656999989213639],[20.4312,1.015099998866321],[20.4378,1.0617999988142817],[20.4584,1.0773999987968892],[20.479399999999995,1.1040999987671691],[20.4881,1.1087999987619352],[20.5049,1.1426999987242092],[20.5404,1.205599998654201],[20.559399999999997,1.2284999986287282],[20.574,1.228699998628507],[20.6011,1.2093999986499422],[20.639499999999998,1.2094999986498352],[20.653099999999995,1.1946999986663391],[20.6909,1.1823999986800262],[20.728399999999997,1.1778999986850032],[20.752799999999993,1.1819999986804437],[20.77,1.1697999986940484],[20.7923,1.1779999986848997],[20.8072,1.171699998691911],[20.851399999999998,1.18619999867578],[20.8709,1.1785999986842348],[20.9148,1.172899998690593],[20.9253,1.1789999986837936],[20.939,1.1721999986913578],[20.975,1.1835999986786832],[20.989900000000002,1.181599998680898],[21.002400000000005,1.1922999986689777],[21.0143,1.1801999986824716],[21.021399999999996,1.1001999987715096],[21.0145,1.0794999987945648],[21.0227,1.0616999988143796],[21.007999999999996,1.0342999988449308],[20.9991,1.0083999988737915],[20.9981,0.980999998904299],[21.0048,0.9635999989237084],[21.0454,0.9383999989517867],[21.1137,0.9097999989836589],[21.1302,0.9173999989751851],[21.174500000000002,0.8879999990079819],[21.211299999999998,0.8776999990194684],[21.233,0.8585999990407731],[21.260999999999996,0.8558999990437967],[21.2992,0.8478999990527215],[21.3419,0.8187999990851955],[21.3895,0.8164999990877482],[21.412799999999997,0.8001999991059074],[21.4598,0.8034999991022663],[21.4773,0.7938999991129739],[21.5312,0.7471999991650742],[21.5764,0.7465999991657167],[21.6059,0.7276999991868369],[21.6339,0.7255999991891566],[21.64859999999999,0.7569999991541392],[21.6642,0.8195999990842835],[21.666,0.8449999990559369],[21.659800000000004,0.8861999990099702],[21.7094,0.9001999989943916],[21.7277,0.9026999989915783],[21.763599999999997,0.8887999990071079],[21.7957,0.8580999990413476],[21.863599999999998,0.8650999990335146],[21.91,0.9161999989765353],[21.950799999999997,0.9450999989443221],[21.967100000000002,0.9510999989376342],[22.0106,0.9501999989386253],[22.0902,0.9349999989556067],[22.1059,0.927999998963402],[22.102199999999996,0.9569999989310752],[22.0779,1.0337999988454603],[22.0447,1.0938999987785176],[22.0173,1.1230999987460202],[21.937699999999996,1.1428999987239816],[21.934699999999996,1.2319999986248396],[21.905399999999997,1.2976999985517552],[21.891,1.3180999985290645],[21.865800000000004,1.328899998517074],[21.8614,1.339899998504848],[21.862099999999995,1.3951999984434005],[21.8664,1.420599998415181],[21.8696,1.5553999982656024],[21.8726,1.604299998211374],[21.8757,1.7011999981040404],[21.898100000000003,1.7116999980923755],[21.9483,1.7222999980806424],[21.9963,1.7405999980604252],[22.051899999999996,1.7591999980398174],[22.1274,1.7625999980360516],[22.177799999999998,1.7618999980368566],[22.197999999999997,1.7591999980398174],[22.271299999999997,1.7376999980636372],[22.323999999999998,1.7573999980418347],[22.334099999999996,1.7526999980470008],[22.3724,1.7106999980935227],[22.377400000000005,1.7233999980794383],[22.374199999999995,1.7425999980581792],[22.3621,1.7542999980452356],[22.3576,1.7842999980120475],[22.3814,1.7883999980075174],[22.394799999999996,1.7983999979964636],[22.420999999999996,1.8090999979846538],[22.4313,1.8340999979569608],[22.4294,1.8553999979334235],[22.435399999999998,1.8717999979153266],[22.467699999999997,1.8908999978942296],[22.480299999999996,1.8888999978964154],[22.4911,1.9131999978695964],[22.48229999999999,1.9677999978093146],[22.462200000000003,1.9952999977789556],[22.445299999999992,1.9999999977737648],[22.412999999999997,2.0367999977331803],[22.382499999999993,2.0437999977254684],[22.368000000000002,2.0643999977027896],[22.362000000000002,2.098799997664848],[22.3641,2.1553999976025198],[22.3865,2.15719999760055],[22.439,2.1464999976123122],[22.491,2.1328999976272964],[22.519199999999998,2.119699997641828],[22.5773,2.1074999976552715],[22.6053,2.097099997666732],[22.6229,2.0969999976668254],[22.644699999999993,2.0860999976788634],[22.6809,2.049999997718623],[22.686499999999995,2.065899997701114],[22.7132,2.062399997704975],[22.7232,2.0506999977178832],[22.739599999999992,2.051099997717446],[22.764199999999995,2.0348999977353106],[22.7801,2.0176999977542347],[22.8019,2.034399997735816],[22.826699999999995,2.0278999977430003],[22.8419,2.044099997725147],[22.8597,2.0490999977196327],[22.868299999999998,2.0654999977015636],[22.8922,2.0740999976920658],[22.8903,2.0924999976718],[22.9051,2.102699997660564],[22.918599999999998,2.0915999976728084],[22.9289,2.0959999976679637],[22.9477,2.1163999976454964],[22.934099999999997,2.142499997616725],[22.9584,2.160199997597242],[22.9742,2.158399997599208],[22.971099999999996,2.1756999975801943],[22.984799999999996,2.1869999975677525],[23.0006,2.17379999758227],[23.007299999999994,2.2062999975465245],[23.0209,2.2189999975325576],[23.048699999999997,2.211599997540715],[23.0496,2.203999997549076],[23.0758,2.191999997562278],[23.0898,2.1777999975778712],[23.110499999999995,2.1661999975906574],[23.130799999999997,2.136599997623225],[23.155299999999997,2.1190999976425045],[23.167200000000005,2.118699997642959],[23.177400000000002,2.0993999976641926],[23.2103,2.0860999976788634],[23.2328,2.0859999976789814],[23.271200000000004,2.106099997656844],[23.3126,2.0898999976746864],[23.3219,2.1055999976573654],[23.319499999999998,2.1183999976432846],[23.326499999999992,2.14099999761841],[23.314399999999996,2.167899997588798],[23.312,2.1947999975591945],[23.320899999999998,2.223599997527499],[23.3134,2.2589999974886137],[23.323099999999997,2.278399997467252],[23.332700000000003,2.280999997464407],[23.3621,2.260699997486723],[23.3704,2.250399997498045],[23.389199999999995,2.245399997503563],[23.449799999999996,2.212599997539602],[23.456,2.20409999754896],[23.4849,2.184999997569969],[23.5249,2.1835999975715015],[23.5462,2.193199997560945],[23.5798,2.1930999975610304],[23.566299999999995,2.321799997419615],[23.561199999999996,2.3599999973776895],[23.572599999999998,2.3961999973379595],[23.5669,2.4161999973160477],[23.5364,2.45129999727758],[23.5204,2.4555999972728584],[23.457899999999995,2.49849999722589],[23.45189999999999,2.511099997212083],[23.42449999999999,2.5099999972132747],[23.4132,2.526499997195229],[23.391100000000005,2.529499997191949],[23.3739,2.5450999971748867],[23.363299999999995,2.5627999971555364],[23.3499,2.550999997168425],[23.348,2.5288999971925863],[23.338599999999996,2.517599997204961],[23.3442,2.5007999972233557],[23.3381,2.487899997237506],[23.318900000000003,2.49259999723233],[23.317,2.4658999972615945],[23.308399999999995,2.451099997277784],[23.293699999999998,2.4502999972786834],[23.2979,2.477499997248861],[23.273300000000003,2.4986999972256583],[23.240299999999998,2.518099997204423],[23.215300000000003,2.5236999971982983],[23.157099999999996,2.5424999971777313],[23.121299999999998,2.561799997156608],[23.088899999999995,2.5596999971589094],[23.0646,2.563599997154654],[23.029599999999995,2.5905999971251443],[22.8997,2.7233999969801492],[22.879,2.7573999969430707],[22.886,2.7771999969215324],[22.884899999999995,2.7947999969023596],[22.905799999999992,2.8098999968858944],[22.952099999999998,2.799199996897553],[22.954100000000004,2.852999996838988],[22.983199999999997,2.8896999967990977],[23.021099999999997,2.9596999967230793],[23.0333,2.98889999669141],[23.0597,3.0333999966431278],[23.050799999999995,3.033599996642948],[23.027999999999995,3.0502999966248154],[23.023199999999996,3.067899996605763],[23.012199999999993,3.0707999966026316],[22.991299999999992,3.053399996621478],[22.9659,3.077499996595365],[22.9415,3.0816999965908365],[22.905599999999996,3.0770999965957837],[22.8917,3.067799996605864],[22.8579,3.0199999966576505],[22.843999999999998,3.0165999966613457],[22.8115,3.024899996652336],[22.7884,3.0401999966357556],[22.781499999999998,3.0542999966205118],[22.781699999999997,3.105699996564827],[22.7597,3.12399999654503],[22.7261,3.1187999965506656],[22.6596,3.1523999965143306],[22.5953,3.153899996512702],[22.5745,3.169199996496177],[22.588499999999996,3.202499996460207],[22.606,3.2227999964382747],[22.623499999999996,3.2543999964041914],[22.65139999999999,3.2837999963724833],[22.6486,3.3123999963416604],[22.615900000000003,3.333299996319146],[22.612199999999998,3.343299996308394],[22.6166,3.369299996280405],[22.6547,3.4079999962388086],[22.665799999999997,3.428999996216234],[22.681499999999996,3.44499999619905],[22.7053,3.4524999961909892],[22.728799999999996,3.476999996164681],[22.7468,3.489799996150963],[22.7869,3.5038999961358432],[22.8197,3.52779999611022],[22.828700000000005,3.545599996091127],[22.8418,3.5539999960821396],[22.8821,3.5619999960735704],[22.9336,3.56549999606984],[22.9654,3.575399996059239],[22.9951,3.5807999960534556],[23.02359999999999,3.5905999960429558],[23.046699999999998,3.61159999602049],[23.056699999999996,3.632599995998041],[23.084299999999995,3.635799995994596],[23.098999999999997,3.649599995979863],[23.1085,3.6756999959519794],[23.123299999999993,3.69619999593009],[23.1403,3.7002999959257035],[23.156299999999998,3.713999995911089],[23.190799999999992,3.730999995892976],[23.2107,3.753099995869396],[23.2464,3.771399995849927],[23.2431,3.7922999958276558],[23.2624,3.7813999958392563],[23.285199999999996,3.777699995843217],[23.3232,3.748699995874094],[23.351799999999997,3.712799995912378],[23.4073,3.6882999959385314],[23.422399999999996,3.690299995936405],[23.433999999999997,3.7073999959181627],[23.443599999999996,3.7076999959178236],[23.469099999999997,3.7314999958924173],[23.4836,3.730399995893615],[23.524099999999994,3.765699995855964],[23.530499999999996,3.7764999958444956],[23.533099999999997,3.806199995812863],[23.529099999999996,3.818599995799655],[23.482600000000005,3.8130999958055094],[23.461099999999995,3.8179999958003212],[23.4557,3.8283999957892565],[23.4333,3.822499995795521],[23.413999999999998,3.8322999957850903],[23.3931,3.8079999958109476],[23.3697,3.7976999958219007],[23.358,3.8123999958062695],[23.320999999999998,3.8362999957808617],[23.2978,3.831599995785845],[23.2689,3.8366999957804135],[23.2264,3.862899995752551],[23.2078,3.8643999957509556],[23.198,3.852399995763716],[23.178400000000003,3.8450999957714926],[23.156799999999997,3.8469999957694654],[23.140899999999995,3.8648999957504158],[23.118399999999998,3.866399995748817],[23.1113,3.8727999957420347],[23.0773,3.854799995761173],[23.058499999999995,3.8542999957617083],[23.0495,3.861799995753743],[23.021499999999996,3.8599999957556514],[22.993,3.8383999957785875],[22.969299999999997,3.8596999957559333],[22.937,3.8532999957627654],[22.9014,3.8345999957826304],[22.881799999999995,3.8500999957661786],[22.868599999999997,3.843599995773067],[22.848999999999997,3.859799995755852],[22.814000000000004,3.855899995759992],[22.7821,3.8855999957284464],[22.7839,3.9046999957081474],[22.797999999999995,3.9080999957045663],[22.7985,3.936799995674103],[22.8096,3.9651999956439896],[22.822099999999995,3.9818999956263164],[22.837,3.9870999956207824],[22.8117,4.018799995587221],[22.800300000000004,4.02009999558583],[22.7868,4.033799995571346],[22.7601,4.030199995575167],[22.760899999999996,4.044899995559617],[22.7475,4.073699995529174],[22.7222,4.083099995519236],[22.7143,4.102699995498556],[22.6941,4.083999995518291],[22.680299999999995,4.092399995509429],[22.6735,4.122199995477961],[22.64849999999999,4.113699995486938],[22.6291,4.128099995471763],[22.585299999999997,4.1219999954782],[22.546899999999994,4.13629999546309],[22.518400000000003,4.125999995473955],[22.4989,4.114399995486221],[22.462900000000005,4.117099995483351],[22.437099999999997,4.128699995471118],[22.488,4.157999995440196],[22.510699999999996,4.188599995407969],[22.549599999999995,4.217699995377342],[22.552699999999998,4.243199995350527],[22.5445,4.24999999534337],[22.542799999999996,4.256199995336874],[22.539799999999996,4.266999995325485],[22.5394,4.2781999953137495],[22.562,4.3194999952703945],[22.568599999999996,4.331499995257794],[22.5765,4.340899995247939],[22.588,4.344299995244394],[22.594,4.3484999952399965],[22.599899999999995,4.352599995235692],[22.609300000000005,4.363499995224261],[22.6107,4.3670999952204825],[22.6136,4.374299995212939],[22.6111,4.381899995204976],[22.610499999999995,4.3825999952042665],[22.6082,4.385399995201338],[22.594199999999997,4.40239999518353],[22.5891,4.421999995163018],[22.589,4.423199995161755],[22.586999999999996,4.449499995134302],[22.5924,4.473799995108922],[22.596099999999996,4.4759999951066],[22.6104,4.484199995098033],[22.654299999999996,4.482799995099522],[22.665999999999997,4.4838999950983744],[22.675499999999996,4.484799995097416],[22.689599999999995,4.491699995090215],[22.694999999999993,4.501599995079871],[22.6971,4.511999995069022],[22.6971,4.535799995044229],[22.7,4.541099995038703],[22.713699999999996,4.551199995028199],[22.729699999999998,4.58399999499405],[22.731299999999997,4.5872999949906195],[22.7287,4.5977999949797015],[22.7238,4.616999994959719],[22.7238,4.62889999494733],[22.737799999999996,4.637799994938111],[22.7486,4.648399994927095],[22.757199999999997,4.66079999491421],[22.765199999999997,4.675999994898444],[22.7763,4.710199994863023],[22.785999999999998,4.724699994847965],[22.803,4.730699994841759],[22.813200000000002,4.7265999948460085],[22.818099999999998,4.724699994847965],[22.8194,4.723899994848817],[22.8372,4.714199994858853],[22.8537,4.711399994861757],[22.865199999999998,4.738699994833473],[22.8872,4.75559999481598],[22.8931,4.762599994808756],[22.8955,4.765399994805864],[22.8868,4.776799994794039],[22.8853,4.780899994789824],[22.882499999999997,4.788499994781978],[22.882899999999996,4.800799994769241],[22.888600000000004,4.813199994756427],[22.8984,4.823699994745586],[22.905899999999992,4.824299994744983],[22.91529999999999,4.821299994748096],[22.9297,4.820699994748695],[22.9548,4.831099994737977],[22.9636,4.834699994734247],[22.964999999999996,4.835299994733644],[22.9776,4.83429999473465],[22.9858,4.826399994742802],[22.9963,4.79949999477061],[23.0071,4.778499994792328],[23.011,4.763699994807594],[23.0145,4.756299994815248],[23.0172,4.750599994821167],[23.0294,4.744999994826986],[23.042699999999996,4.742999994829023],[23.055299999999995,4.737799994834421],[23.072499999999998,4.724799994847847],[23.0773,4.721099994851685],[23.087099999999996,4.71689999485604],[23.099199999999996,4.711599994861543],[23.1029,4.712199994860942],[23.115600000000004,4.714299994858741],[23.1237,4.715599994857387],[23.168699999999998,4.738099994834102],[23.183799999999998,4.725399994847243],[23.208699999999993,4.690599994883313],[23.227699999999995,4.67839999489597],[23.235300000000002,4.673599994900958],[23.2519,4.662999994911931],[23.264799999999994,4.635099994940903],[23.295099999999994,4.6275999949487066],[23.299799999999994,4.625199994951203],[23.316299999999995,4.607699994969399],[23.3358,4.606899994970204],[23.354099999999995,4.603599994973659],[23.371,4.5972999949802],[23.3784,4.593099994984587],[23.3814,4.5912999949864535],[23.3883,4.5872999949906195],[23.3959,4.591699994986013],[23.414599999999997,4.590899994986877],[23.422499999999992,4.594099994983543],[23.424199999999995,4.596599994980941],[23.427399999999995,4.601199994976164],[23.427600000000005,4.601399994975941],[23.4301,4.62889999494733],[23.437299999999997,4.6466999949288805],[23.4484,4.659399994915672],[23.465,4.667299994907473],[23.488399999999995,4.669899994904773],[23.505999999999997,4.676399994898064],[23.5299,4.695399994878352],[23.5347,4.6991999948744],[23.5665,4.7244999948481645],[23.588099999999997,4.733999994838328],[23.6342,4.74509999482687],[23.668,4.764599994806682],[23.6727,4.767299994803874],[23.6841,4.770799994800273],[23.692899999999998,4.773499994797488],[23.737899999999996,4.778999994791778],[23.752299999999998,4.7844999947861],[23.7602,4.787499994782996],[23.798399999999997,4.81479999475479],[23.809700000000003,4.818399994751061],[23.816699999999997,4.820699994748695],[23.8552,4.813199994756427],[23.864199999999997,4.816099994753433],[23.865299999999998,4.8169999947525355],[23.8747,4.824999994744251],[23.8819,4.826999994742181],[23.8824,4.8268999947423215],[23.914500000000004,4.819999994749446],[23.9178,4.819199994750265],[23.9244,4.817799994751674],[23.9289,4.817799994751674],[23.948499999999996,4.8176999947518055],[23.947399999999995,4.830599994738474],[23.942699999999995,4.840599994728147],[23.9431,4.851699994716715],[23.946300000000004,4.861799994706319],[23.950599999999998,4.8677999947001],[23.957099999999993,4.870899994696903],[23.9613,4.86939999469848],[23.963199999999997,4.868799994699069],[23.977999999999994,4.8541999947141425],[23.995599999999996,4.864999994702977],[24.004199999999997,4.868999994698858],[24.0468,4.888899994678367],[24.0723,4.910299994656346],[24.0896,4.92029999464603],[24.108299999999996,4.9230999946431835],[24.119799999999998,4.918999994647396],[24.139299999999995,4.905499994661262],[24.152600000000003,4.902699994664167],[24.162999999999997,4.907799994658914],[24.177699999999998,4.927099994639036],[24.178200000000004,4.927699994638423],[24.190799999999992,4.9441999946214565],[24.2095,4.956199994609137],[24.2296,4.96119999460401],[24.2462,4.9540999946113145],[24.246499999999997,4.953099994612307],[24.246499999999997,4.952899994612542],[24.2511,4.936799994629081],[24.252999999999997,4.9298999946361866],[24.2592,4.9298999946361866],[24.267799999999998,4.935699994630219],[24.267899999999997,4.936699994629161],[24.269599999999993,4.952499994612938],[24.271600000000003,4.959599994605657],[24.272799999999997,4.964099994601028],[24.284699999999997,4.992399994571946],[24.296000000000003,5.002699994561387],[24.2966,5.003299994560763],[24.3305,5.007599994556371],[24.3433,5.009199994554704],[24.364599999999996,5.011899994551957],[24.3686,5.012399994551446],[24.3862,5.02249999454108],[24.393699999999995,5.030699994532691],[24.395099999999996,5.032299994531037],[24.3985,5.036099994527129],[24.396999999999995,5.048199994514741],[24.383599999999998,5.050999994511883],[24.376199999999997,5.0524999945103115],[24.3718,5.053399994509412],[24.361399999999996,5.062999994499608],[24.367899999999995,5.084599994477475],[24.382599999999996,5.107899994453653],[24.3847,5.109999994451502],[24.3963,5.1223999944388305],[24.401699999999998,5.111499994449968],[24.4039,5.104999994456636],[24.411399999999997,5.081899994480233],[24.41679999999999,5.0732999944890524],[24.4302,5.067499994494973],[24.430499999999995,5.067399994495102],[24.4334,5.075599994486675],[24.433,5.089399994472568],[24.4366,5.1005999944610965],[24.459699999999998,5.10749999445408],[24.48699999999999,5.100899994460822],[24.5137,5.087299994474728],[24.519299999999994,5.083199994478917],[24.5331,5.0732999944890524],[24.5385,5.065499994497045],[24.5475,5.046499994516487],[24.5536,5.039199994523986],[24.5634,5.034899994528357],[24.5679,5.034199994529096],[24.588599999999992,5.03109999453225],[24.591699999999996,5.029799994533593],[24.601199999999995,5.02619999453729],[24.6102,5.016699994547019],[24.6102,4.996699994567553],[24.615599999999997,4.985099994579444],[24.6274,4.976999994587788],[24.6339,4.974799994590033],[24.6346,4.974599994590226],[24.657,4.967399994597613],[24.670599999999997,4.957199994608101],[24.6573,4.93969999462607],[24.654099999999996,4.929399994636662],[24.6643,4.924599994641634],[24.664500000000004,4.924399994641834],[24.7308,4.917599994648821],[24.7498,4.918899994647503],[24.7664,4.9298999946361866],[24.7783,4.918599994647821],[24.789399999999997,4.919899994646476],[24.810999999999996,4.940499994625293],[24.8193,4.944499994621158],[24.837,4.937699994628136],[24.8485,4.936699994629161],[24.861,4.94159999462415],[24.868299999999998,4.944499994621158],[24.878599999999995,4.950799994614683],[24.904299999999996,4.966799994598254],[24.9183,4.969699994595272],[24.926999999999996,4.971499994593433],[24.949599999999993,4.985999994578518],[24.957900000000002,4.991399994572997],[24.969400000000004,4.991399994572997],[25.006499999999996,4.980999994583657],[25.040699999999994,4.96209999460307],[25.0723,4.952999994612425],[25.076,4.951899994613561],[25.084599999999995,4.954199994611177],[25.089999999999996,4.972899994591952],[25.0904,4.9744999945903166],[25.100799999999996,4.994599994569702],[25.105199999999996,4.998899994565275],[25.1142,5.001899994562211],[25.121699999999997,5.00869999455523],[25.129299999999997,5.018699994544956],[25.1401,5.0179999945457],[25.1545,5.009299994554636],[25.163499999999996,5.005699994558332],[25.1677,5.005999994558],[25.19259999999999,5.007499994556462],[25.227599999999995,5.009599994554322],[25.2369,5.01429999454948],[25.237699999999997,5.014699994549073],[25.2394,5.015599994548162],[25.248399999999997,5.024199994539327],[25.292399999999994,5.028299994535122],[25.299599999999998,5.030199994533192],[25.307499999999997,5.032299994531037],[25.3168,5.042399994520675],[25.320800000000002,5.052199994510659],[25.3215,5.067899994494578],[25.3219,5.076299994485982],[25.3219,5.0769999944852415],[25.3251,5.088199994473785],[25.3392,5.105199994456437],[25.342400000000005,5.111499994449968],[25.3431,5.114699994446695],[25.3492,5.141699994419135],[25.348499999999998,5.149099994411582],[25.3413,5.155699994404863],[25.3215,5.1592999944011595],[25.3174,5.16159999439881],[25.3143,5.163299994397067],[25.3078,5.1852999943746365],[25.3092,5.187999994371912],[25.3125,5.194799994364982],[25.316099999999995,5.2022999943573085],[25.3291,5.216099994343253],[25.330200000000005,5.218199994341114],[25.3356,5.228499994330649],[25.3374,5.251699994307039],[25.343499999999995,5.271899994286518],[25.352299999999993,5.282399994275872],[25.3557,5.286499994271693],[25.375799999999995,5.292799994265288],[25.3766,5.29309999426498],[25.3636,5.310499994247336],[25.3687,5.314899994242872],[25.3708,5.316799994240961],[25.385199999999998,5.321599994236066],[25.3912,5.328699994228855],[25.3937,5.33169999422584],[25.395700000000005,5.333999994223506],[25.413299999999996,5.323599994234038],[25.4295,5.327399994230199],[25.434900000000003,5.328699994228855],[25.464399999999998,5.344799994212549],[25.472099999999998,5.348899994208387],[25.4799,5.353199994204062],[25.482099999999996,5.356899994200306],[25.495399999999997,5.344599994212742],[25.504399999999997,5.342299994215081],[25.528899999999997,5.351899994205382],[25.5408,5.3544999942027385],[25.5376,5.361699994195429],[25.5328,5.372199994184806],[25.5343,5.372599994184389],[25.5436,5.3753999941815644],[25.562,5.373099994183887],[25.576899999999995,5.374499994182452],[25.5811,5.374899994182065],[25.588999999999995,5.3622999941948395],[25.5922,5.349299994207996],[25.5922,5.349199994208107],[25.6005,5.340399994217015],[25.605900000000002,5.340499994216915],[25.6228,5.340699994216731],[25.614199999999997,5.329999994227541],[25.609199999999998,5.32659999423097],[25.609199999999998,5.322599994235061],[25.609199999999998,5.320299994237374],[25.6236,5.309999994247811],[25.6311,5.311799994245999],[25.638,5.317999994239723],[25.6502,5.320299994237374],[25.6556,5.31779999423993],[25.6632,5.309199994248633],[25.668899999999997,5.3061999942516955],[25.691200000000002,5.299799994258176],[25.7049,5.289599994268521],[25.7127,5.280999994277259],[25.721799999999998,5.270899994287517],[25.7326,5.258899994299738],[25.7408,5.252899994305849],[25.743800000000004,5.250699994308047],[25.7553,5.2455999943132605],[25.757799999999996,5.244399994314485],[25.771899999999995,5.2455999943132605],[25.7812,5.258899994299738],[25.780800000000003,5.259099994299508],[25.7694,5.265199994293323],[25.778399999999998,5.269199994289258],[25.7924,5.262899994295657],[25.7933,5.252999994305719],[25.7946,5.238399994320568],[25.809499999999996,5.242999994315908],[25.81469999999999,5.244599994314281],[25.8115,5.230999994328106],[25.823699999999995,5.200899994358734],[25.8262,5.194799994364982],[25.8363,5.200099994359545],[25.8372,5.201099994358556],[25.8393,5.203599994355997],[25.845999999999997,5.211699994347741],[25.849299999999996,5.217899994341429],[25.872300000000003,5.217099994342238],[25.878,5.2101999943492805],[25.882899999999996,5.204399994355188],[25.8835,5.203599994355997],[25.892799999999998,5.1852999943746365],[25.897399999999998,5.18149999437851],[25.9065,5.17389999438625],[25.910799999999995,5.17019999439005],[25.9116,5.178199994381877],[25.9119,5.182299994377708],[25.9126,5.190499994369339],[25.9256,5.201799994357859],[25.943200000000004,5.2041999943553705],[25.958699999999997,5.197499994362225],[25.9584,5.214799994344586],[25.9627,5.224499994334703],[25.972,5.22769999433146],[25.986099999999997,5.22539999433381],[25.9965,5.219199994340119],[26.0138,5.1992999943604055],[26.0268,5.18999999436985],[26.0372,5.198099994361581],[26.0568,5.1998999943597575],[26.0645,5.200599994359037],[26.0678,5.200899994358734],[26.070099999999996,5.2097999943496776],[26.0707,5.212199994347253],[26.072099999999992,5.2130999943463205],[26.0772,5.216399994342963],[26.086199999999995,5.215199994344195],[26.0952,5.211099994348348],[26.0916,5.219099994340221],[26.091299999999997,5.221299994337964],[26.0883,5.244599994314281],[26.0923,5.242599994316329],[26.098399999999998,5.239599994319361],[26.1124,5.238399994320568],[26.1196,5.241599994317321],[26.124999999999996,5.248599994310215],[26.1275,5.2535999943051],[26.13009999999999,5.258899994299738],[26.132999999999996,5.257399994301274],[26.144099999999995,5.25189999430686],[26.150999999999996,5.239999994318958],[26.157400000000003,5.23249999432658],[26.170799999999996,5.238399994320568],[26.1816,5.2296999943294225],[26.184399999999997,5.22539999433381],[26.1981,5.238399994320568],[26.207099999999997,5.207799994351708],[26.213599999999992,5.199199994360477],[26.226199999999995,5.204399994355188],[26.226199999999995,5.183199994376784],[26.246699999999997,5.18999999436985],[26.2528,5.175199994384936],[26.2531,5.174299994385861],[26.2539,5.172299994387891],[26.272599999999997,5.159099994401393],[26.2917,5.150999994409615],[26.3173,5.1464999944142145],[26.3364,5.14869999441198],[26.337199999999996,5.148599994412089],[26.3409,5.148499994412195],[26.353299999999997,5.147799994412919],[26.362600000000004,5.1358999944250545],[26.369499999999995,5.140699994420159],[26.388999999999996,5.148399994412285],[26.3907,5.149099994411582],[26.393799999999995,5.143999994416797],[26.4001,5.133699994427291],[26.4199,5.119699994441611],[26.4234,5.117199994444135],[26.441799999999997,5.104299994457333],[26.4526,5.081399994480759],[26.461900000000004,5.061399994501216],[26.4627,5.0596999945029415],[26.475299999999997,5.05719999450552],[26.502699999999997,5.047499994515444],[26.52,5.046099994516864],[26.5282,5.048099994514861],[26.5542,5.059999994502642],[26.561399999999995,5.067099994495385],[26.5682,5.0596999945029415],[26.5797,5.074399994487905],[26.598399999999998,5.08069999448148],[26.615399999999998,5.078299994483911],[26.623599999999996,5.067099994495385],[26.6298,5.067099994495385],[26.635500000000004,5.07769999448454],[26.6442,5.078399994483828],[26.6575,5.0732999944890524],[26.667599999999993,5.078399994483828],[26.6812,5.089299994472651],[26.682700000000004,5.089999994471965],[26.691699999999997,5.094399994467475],[26.6928,5.094399994467475],[26.739599999999996,5.094399994467475],[26.7536,5.092299994469606],[26.760399999999997,5.088199994473785],[26.8083,5.039199994523986],[26.815499999999997,5.040199994522945],[26.826,5.050799994512078],[26.8328,5.053399994509412],[26.8396,5.05119999451166],[26.844999999999995,5.046399994516586],[26.849399999999996,5.039199994523986],[26.863099999999992,5.037999994525186],[26.866999999999994,5.037599994525584],[26.88029999999999,5.049699994513202],[26.8843,5.053399994509412],[26.889699999999994,5.062099994500498],[26.892599999999995,5.069599994492807],[26.899,5.085999994476056],[26.904099999999996,5.094399994467475],[26.918499999999998,5.110099994451407],[26.933599999999995,5.126599994434556],[26.961699999999997,5.151299994409339],[26.968799999999998,5.155999994404533],[26.9888,5.169399994390878],[26.991599999999995,5.1712999943889075],[27.0276,5.18999999436985],[27.0449,5.1950999943646625],[27.073599999999995,5.203399994356198],[27.116499999999995,5.200299994359366],[27.15749999999999,5.1854999943744575],[27.2396,5.144999994415747],[27.2626,5.138499994422377],[27.2979,5.1326999944283065],[27.301899999999993,5.1320999944289145],[27.3044,5.130199994430873],[27.3429,5.1005999944610965],[27.361299999999996,5.09539999446641],[27.3915,5.092299994469606],[27.405200000000004,5.082899994479228],[27.414899999999992,5.08069999448148],[27.441200000000002,5.070799994491605],[27.443,5.057799994504891],[27.4362,5.0131999945505985],[27.4477,5.003599994560438],[27.451100000000004,5.001999994562098],[27.461699999999997,4.9969999945672425],[27.472699999999996,4.9884999945759505],[27.4817,4.981599994583046],[27.492699999999996,4.973099994591784],[27.493799999999997,4.971899994593012],[27.5013,4.963399994601712],[27.504899999999996,4.953899994611506],[27.506499999999996,4.946099994619525],[27.5092,4.932499994633483],[27.514599999999994,4.92239999464389],[27.5194,4.918499994647914],[27.53259999999999,4.90769999465901],[27.5528,4.900499994666437],[27.553599999999992,4.900499994666437],[27.622199999999996,4.892999994674142],[27.641,4.890999994676211],[27.658600000000003,4.879599994687964],[27.671999999999997,4.855899994712388],[27.6799,4.814499994755094],[27.686,4.797899994772256],[27.699000000000005,4.787499994782996],[27.706499999999995,4.787499994782996],[27.712599999999995,4.789199994781247],[27.726,4.792799994777534],[27.7287,4.792899994777399],[27.735,4.7931999947771],[27.7443,4.787899994782611],[27.752599999999997,4.77779999479303],[27.763,4.757099994814437],[27.767,4.735499994836779],[27.7587,4.677199994897216],[27.760899999999996,4.636099994939893],[27.7652,4.612199994964723],[27.772399999999998,4.595899994981681],[27.809099999999997,4.587999994989871],[27.8196,4.579599994998603],[27.8376,4.560099995018902],[27.8491,4.553199995026094],[27.857,4.552499995026829],[27.871899999999997,4.554699995024523],[27.8854,4.5566999950224485],[27.8908,4.555899995023289],[27.907800000000005,4.548799995030686],[27.913899999999998,4.549399995030076],[27.9178,4.560799995018188],[27.916,4.562199995016722],[27.9294,4.569999995008613],[27.9344,4.568199995010499],[27.942599999999995,4.559399995019633],[27.944499999999998,4.55739999502174],[27.951299999999996,4.555899995023289],[27.9625,4.557499995021646],[28.013999999999996,4.550099995029318],[28.017199999999995,4.539099995040816],[28.012199999999993,4.5218999950587],[28.0089,4.499099995082486],[28.0111,4.480199995102214],[28.018999999999995,4.462799995120373],[28.049600000000005,4.419099995166064],[28.0597,4.420099995165005],[28.073900000000002,4.435199995149211],[28.0762,4.437699995146639],[28.0856,4.443299995140769],[28.1018,4.44219999514193],[28.103199999999998,4.440399995143778],[28.1083,4.433999995150485],[28.112199999999998,4.4146999951706665],[28.1403,4.37929999520771],[28.158699999999996,4.360899995227013],[28.177400000000002,4.347299995241228],[28.216999999999995,4.342099995246684],[28.2576,4.349799995238602],[28.260399999999997,4.350299995238101],[28.260900000000003,4.350399995237975],[28.303,4.352299995235993],[28.336900000000004,4.327499995261998],[28.3459,4.306399995284138],[28.349099999999996,4.292299995298964],[28.357400000000002,4.282899995308829],[28.3815,4.2752999953168045],[28.4042,4.27789999531408],[28.411899999999996,4.282599995309121],[28.4254,4.290899995300388],[28.443799999999996,4.308499995281955],[28.482299999999995,4.358999995228981],[28.496699999999997,4.368999995218484],[28.514899999999997,4.373399995213904],[28.519399999999994,4.374499995212728],[28.5482,4.370899995216515],[28.557199999999998,4.373599995213692],[28.564399999999996,4.3825999952042665],[28.565799999999996,4.387799995198823],[28.570499999999996,4.405099995180714],[28.582399999999996,4.41269999517275],[28.6014,4.417199995168044],[28.6124,4.4196999951654234],[28.623799999999996,4.422399995162624],[28.638599999999997,4.432199995152363],[28.653699999999994,4.452799995130852],[28.695099999999996,4.532599995047537],[28.7186,4.533799995046316],[28.72459999999999,4.533999995046081],[28.738300000000002,4.540899995038936],[28.7402,4.542799995036939],[28.7469,4.549399995030076],[28.755599999999998,4.554099995025172],[28.769199999999998,4.54979999502963],[28.769400000000005,4.549599995029868],[28.783599999999996,4.530499995049774],[28.785099999999996,4.507999995073224],[28.790099999999992,4.488699995093339],[28.815299999999997,4.478399995104093],[28.8258,4.478399995104093],[28.8343,4.479499995102974],[28.846299999999992,4.481199995101173],[28.856399999999994,4.4824999950998246],[28.9035,4.4786999951038045],[28.90449999999999,4.478799995103672],[28.9255,4.480799995101599],[28.986299999999996,4.495999995085738],[28.993800000000004,4.487999995094088],[28.994199999999996,4.4874999950946055],[29.0425,4.455299995128216],[29.0533,4.4508999951328345],[29.055799999999994,4.436599995147764],[29.058999999999994,4.437699995146639],[29.0986,4.420599995164479],[29.1098,4.412399995173082],[29.1735,4.3479999952404835],[29.1962,4.337099995251951],[29.221399999999996,4.340699995248151],[29.222999999999995,4.344199995244485],[29.2286,4.356699995231381],[29.231500000000004,4.375599995211585],[29.24299999999999,4.3873999951992175],[29.2589,4.387699995198933],[29.2675,4.387899995198714],[29.287300000000002,4.383599995203202],[29.2984,4.38599999520069],[29.303799999999995,4.387199995199434],[29.3186,4.4110999951744345],[29.329000000000004,4.434999995149434],[29.338799999999996,4.449599995134161],[29.3902,4.493799995088043],[29.402500000000003,4.512099995068949],[29.4108,4.532299995047903],[29.417199999999998,4.555499995023726],[29.4241,4.566099995012678],[29.44279999999999,4.583599994994452],[29.4446,4.594599994983027],[29.443499999999997,4.604699994972535],[29.4468,4.622199994954328],[29.4493,4.657099994918058],[29.4576,4.669599994905101],[29.4727,4.672299994902285],[29.4798,4.6708999949037455],[29.493899999999993,4.6682999949064365],[29.5134,4.65219999492316],[29.528799999999997,4.659999994915064],[29.529400000000003,4.659999994915064],[29.535,4.660699994914343],[29.538299999999996,4.659699994915387],[29.5465,4.65739999491776],[29.57669999999999,4.644499994931163],[29.6066,4.643899994931756],[29.6185,4.641699994934086],[29.660200000000003,4.622199994954328],[29.671800000000005,4.613999994962838],[29.7009,4.588299994989553],[29.7153,4.579699994998507],[29.722899999999992,4.578299994999962],[29.732399999999995,4.580699994997475],[29.745199999999997,4.58399999499405],[29.7517,4.581299994996855],[29.757599999999996,4.577899995000379],[29.796699999999994,4.556099995023069],[29.793400000000002,4.545499995034121],[29.777599999999993,4.523899995056632],[29.778699999999994,4.51519999506572],[29.785499999999992,4.498599995082996],[29.787,4.489699995092329],[29.785499999999992,4.479399995103061],[29.776899999999998,4.449299995134478],[29.7762,4.405699995180089],[29.7877,4.368899995218589],[29.814699999999995,4.346899995241661],[29.8348,4.3469999952415606],[29.8608,4.347299995241228],[29.876899999999992,4.344999995243647],[29.8827,4.344099995244577],[29.908600000000003,4.3292999952601185],[29.930199999999992,4.30869999528174],[29.939999999999994,4.288299995303129],[29.936699999999995,4.278299995313646],[29.923000000000002,4.2577999953351755],[29.924099999999992,4.245699995347882],[29.93199999999999,4.2361999953578735],[29.942500000000003,4.233799995360401],[29.958500000000004,4.2323999953618685],[29.9659,4.231799995362507],[29.989299999999997,4.217799995377234],[29.992399999999996,4.213999995381242],[30.004800000000003,4.199299995396702],[30.0278,4.154499995443905],[30.042899999999992,4.133199995466363],[30.057699999999997,4.123799995476309],[30.09979999999999,4.115199995485343],[30.1229,4.102599995498653],[30.132899999999992,4.082799995519591],[30.138300000000005,4.0597999955438615],[30.147299999999994,4.03679999556821],[30.1715,4.008299995598328],[30.177900000000005,3.9970999956102222],[30.18049999999999,3.986199995621745],[30.182299999999998,3.965599995643588],[30.1895,3.956199995653547],[30.206000000000003,3.9504999956596007],[30.2109,3.95039999565968],[30.268400000000003,3.9494999956606227],[30.2708,3.9494999956606227],[30.293400000000002,3.94219999566837],[30.337799999999998,3.927999995683418],[30.418800000000005,3.8797999957346048],[30.4385,3.8734999957413057],[30.449999999999996,3.869799995745211],[30.456899999999994,3.8675999957475615],[30.4857,3.8655999957496867],[30.515599999999992,3.8708999957440544],[30.5253,3.8675999957475615],[30.539000000000005,3.8415999957752183],[30.539299999999994,3.83949999577742],[30.5628,3.6948999959314985],[30.5624,3.6753999959523074],[30.554899999999993,3.6364999959938826],[30.5495,3.624199996006994],[30.5433,3.6178999960137324],[30.543,3.6129999960189734],[30.553399999999996,3.604599996027972],[30.5624,3.601399996031378],[30.572499999999994,3.6010999960317003],[30.592299999999998,3.6035999960290583],[30.604899999999997,3.6066999960257116],[30.6056,3.6070999960252963],[30.6366,3.624199996006994],[30.653900000000004,3.630599996000174],[30.665399999999998,3.6319999959986773],[30.6692,3.6319999959986773],[30.693499999999997,3.6319999959986773],[30.6994,3.635399995995046],[30.7147,3.6438999959859584],[30.731300000000005,3.6634999959650245],[30.7471,3.674999995952742],[30.762000000000004,3.6639999959644602],[30.7651,3.661799995966828],[30.769099999999998,3.6518999959774003],[30.772300000000005,3.61759999601408],[30.779099999999993,3.6026999960299886],[30.7921,3.5926999960407078],[30.823100000000004,3.5804999960537702],[30.837799999999998,3.5627999960727],[30.8277,3.5110999961281086],[30.839599999999997,3.490199996150531],[30.8497,3.4939999961464556],[30.861199999999993,3.498199996141955],[30.8803,3.5143999961245767],[30.896499999999996,3.5199999961185515],[30.9066,3.501499996138391],[30.9095,3.4961999961441066],[30.9095,3.487199996153744],[30.903,3.458999996184001],[30.904399999999992,3.447599996196272],[30.914499999999993,3.426499996218922],[30.9163,3.4147999962314786],[30.9102,3.3934999962543797],[30.8972,3.3749999962742887],[30.868400000000005,3.343399996308295],[30.8486,3.309299996345014],[30.845700000000004,3.2939999963615074],[30.8425,3.288699996367222],[30.822,3.2813999963750793],[30.804299999999998,3.2460999964131507],[30.747800000000005,3.0767999965961383],[30.743899999999993,3.0554999966191883],[30.744899999999994,3.0362999966400226],[30.757199999999997,3.021599996655908],[30.803599999999992,2.98909999669118],[30.820899999999995,2.9731999967084413],[30.843900000000005,2.9327999967522667],[30.854699999999994,2.893299996795197],[30.853300000000004,2.8533999968385624],[30.828799999999998,2.7860999969118527],[30.822,2.7762999969225213],[30.8058,2.771999996927183],[30.801499999999994,2.7690999969303536],[30.7993,2.763499996936447],[30.797899999999995,2.7483999969529034],[30.764399999999995,2.6584999970509715],[30.758999999999997,2.633899997077812],[30.739499999999996,2.6033999971111417],[30.735199999999992,2.5930999971223967],[30.734099999999994,2.57449999714274],[30.737699999999997,2.5375999971830625],[30.73699999999999,2.5194999972028946],[30.729500000000005,2.503499997220411],[30.716899999999992,2.4831999972426195],[30.7075,2.4622999972655237],[30.7107,2.445099997284351],[30.724800000000002,2.440799997289066],[30.745,2.4405999972892807],[30.794999999999995,2.440099997289857],[30.8051,2.4343999972960937],[30.8068,2.4242999973071537],[30.8072,2.4221999973094634],[30.8069,2.407099997326019],[30.809700000000003,2.3924999973420187],[30.8198,2.3759999973601187],[30.836399999999998,2.3563999973816365],[30.855100000000004,2.339799997399852],[30.8717,2.33209999740829],[30.884699999999995,2.3383999974014005],[30.900499999999997,2.3459999973930286],[30.914499999999993,2.3781999973577177],[30.9311,2.4055999973276476],[30.9681,2.4054999973277775],[30.9747,2.401199997332475],[30.984699999999997,2.394799997339499],[31.041200000000003,2.3313999974090724],[31.045899999999993,2.3197999974217898],[31.0445,2.313999997428188],[31.038699999999995,2.3109999974314497],[31.035500000000003,2.306999997435871],[31.0405,2.2979999974457344],[31.0553,2.290299997454212],[31.093300000000003,2.283699997461458],[31.099199999999993,2.282699997462542],[31.112499999999994,2.2820999974632294],[31.129399999999997,2.284699997460356],[31.177699999999998,2.302999997440258],[31.178399999999996,2.280999997464407],[31.1791,2.2597999974877157],[31.182299999999998,2.238799997510792],[31.190300000000004,2.221599997529709],[31.210799999999995,2.205399997547499],[31.267699999999998,2.173399997582715],[31.2806,2.153499997604648],[31.271599999999992,2.1030999976601525],[31.2428,2.0512999977172117],[31.025699999999993,1.778199998018792],[30.681599999999996,1.5004999983265004],[30.503499999999995,1.271299998581111],[30.4782,1.2386999986173723],[30.458399999999997,1.2216999986362842],[30.445399999999992,1.2127999986461742],[30.4317,1.2070999986525164],[30.4127,1.202099998658099],[30.39929999999999,1.200699998659652],[30.3767,1.2030999986569895],[30.364799999999992,1.202099998658099],[30.35419999999999,1.1937999986673065],[30.348199999999995,1.1890999986725712],[30.336,1.168899998695039],[30.323699999999995,1.1558999987094865],[30.311199999999996,1.1617999987029255],[30.3065,1.163999998700491],[30.297299999999996,1.1713999986922394],[30.295699999999993,1.1727999986906734],[30.286699999999996,1.1742999986890361],[30.278,1.1715999986920353],[30.2694,1.1672999986968247],[30.2388,1.1360999987315523],[30.236299999999996,1.129499998738919],[30.235899999999994,1.1273999987412284],[30.2352,1.1223999987468105],[30.231599999999993,1.0977999987742022],[30.227999999999994,1.088999998783976],[30.215399999999995,1.0771999987971543],[30.21569999999999,1.0578999988186149],[30.2211,1.0171999988639622],[30.21389999999999,0.9985999988847073],[30.1916,0.9749999989110091],[30.186899999999998,0.9587999989290674],[30.183700000000005,0.9551999989330504],[30.182800000000004,0.9534999989349807],[30.1729,0.9350999989554872],[30.1657,0.9214999989706251],[30.1549,0.9086999989849049],[30.145199999999996,0.9031999989910293],[30.038299999999992,0.8789999990180234],[29.996499999999994,0.8600999990391099],[29.9601,0.8321999990702432],[29.9472,0.8246999990785877],[29.941399999999998,0.8124999990921756],[29.9284,0.7850999991227717],[29.926999999999992,0.7748999991341547],[29.9324,0.7232999991917597],[29.920199999999998,0.6386999992861854],[29.919400000000003,0.6181999993090694],[29.938199999999995,0.537399999399319],[29.940299999999993,0.49849999944277956],[29.923000000000002,0.46019999948556056],[29.851,0.37719999957830236],[29.839499999999997,0.3584999995992109],[29.8327,0.33699999962323396],[29.800599999999992,0.17249999980712535],[29.7984,0.16759999981261842],[29.796999999999993,0.16489999981560582],[29.78729999999999,0.15859999982267292],[29.780499999999996,0.1612999998196514],[29.776999999999994,0.16419999981640648],[29.772900000000003,0.16759999981261842],[29.761399999999995,0.17219999980748066],[29.7556,0.16099999981998658],[29.7117,0.09949999988876382],[29.703099999999992,0.07239999991903195],[29.701599999999996,0.055099999938402165],[29.7135,0.011599999987027489],[29.714199999999995,-0.007599999991495092],[29.708800000000004,-0.026299999970595737],[29.694100000000002,-0.06309999992945632],[29.6293,-0.4424999995053433],[29.631799999999995,-0.4611999994844426],[29.645099999999996,-0.48899999945340183],[29.649799999999992,-0.5043999994361993],[29.653,-0.5656999993676938],[29.650900000000004,-0.5795999993522102],[29.643,-0.5850999993460525],[29.632199999999997,-0.5858999993451681],[29.622800000000005,-0.5883999993423794],[29.618800000000004,-0.5994999993299485],[29.620600000000003,-0.6054999993232485],[29.630699999999997,-0.6220999993047013],[29.6293,-0.6297999992961204],[29.618800000000004,-0.6390999992857255],[29.615599999999997,-0.6442999992799192],[29.602999999999994,-0.7229999991920866],[29.6023,-0.7438999991687538],[29.6109,-0.7827999991253631],[29.61339999999999,-0.8039999991017078],[29.6109,-0.8640999990346296],[29.607999999999997,-0.8784999990185866],[29.596900000000005,-0.8919999990035571],[29.567,-0.9019999989923738],[29.5558,-0.91959999897274],[29.5551,-0.9385999989515917],[29.559100000000004,-0.9573999989306133],[29.560200000000002,-0.9720999989142278],[29.551499999999997,-0.9903999988938051],[29.5483,-1.0025999988802352],[29.5512,-1.0201999988606594],[29.565899999999996,-1.0586999988177204],[29.569899999999993,-1.077999998796251],[29.5692,-1.0958999987763125],[29.556899999999995,-1.1576999987074779],[29.556899999999995,-1.1818999986805625],[29.5652,-1.197899998662762],[29.575599999999998,-1.2131999986457402],[29.5814,-1.2348999986215698],[29.580299999999994,-1.2432999986122504],[29.570999999999998,-1.2685999985840974],[29.5713,-1.2793999985720792],[29.583199999999998,-1.2993999985498883],[29.587199999999996,-1.3106999985372825],[29.587199999999996,-1.329699998516196],[29.577900000000003,-1.3878999984514968],[29.5778,-1.3883999984509283],[29.547299999999993,-1.399299998438854],[29.53859999999999,-1.4023999984353894],[29.527199999999997,-1.4105999984263087],[29.5268,-1.4108999984259583],[29.498599999999996,-1.4311999984034207],[29.4644,-1.4669999983636552],[29.441699999999997,-1.5025999983241691],[29.4374,-1.5062999983200884],[29.42279999999999,-1.5069999983193036],[29.361500000000003,-1.5098999983160655],[29.3586,-1.5099999983159622],[29.342700000000004,-1.5165999983086464],[29.3312,-1.5314999982921038],[29.303799999999995,-1.5878999982295507],[29.293800000000005,-1.6010999982149243],[29.2455,-1.6409999981706875],[29.233300000000003,-1.6586999981510833],[29.218900000000005,-1.6861999981206466],[29.212400000000002,-1.6986999981067874],[29.149399999999993,-1.7993999979953723],[29.13029999999999,-1.8432999979468176],[29.125600000000002,-1.8790999979072602],[29.127800000000004,-1.9156999978668228],[29.128399999999992,-1.9191999978629493],[29.1352,-1.9592999978187036],[29.1544,-2.072699997693621],[29.1562,-2.10869999765396],[29.15049999999999,-2.150399997608041],[29.134999999999994,-2.1977999975558977],[29.1098,-2.23669999751314],[29.075199999999995,-2.2638999974832132],[29.031,-2.2756999974702237],[29.002199999999995,-2.2747999974712108],[28.9935,-2.277799997467924],[28.9834,-2.2873999974574035],[28.9788,-2.3068999974359725],[28.971199999999996,-2.321699997419732],[28.9597,-2.33979999739986],[28.945300000000003,-2.354199997384064],[28.928,-2.3644999973727385],[28.8805,-2.379799997355936],[28.8664,-2.3919999973425705],[28.858900000000002,-2.418199997313876],[28.860699999999994,-2.439699997290307],[28.8646,-2.4595999972684828],[28.8747,-2.4775999972487988],[28.8783,-2.4896999972355274],[28.860699999999994,-2.505299997218459],[28.857100000000003,-2.518399997204099],[28.861000000000004,-2.531199997190117],[28.862299999999998,-2.531899997189315],[28.881199999999996,-2.5426999971775257],[28.891300000000005,-2.5530999971661537],[28.898099999999996,-2.576299997140757],[28.897699999999993,-2.5810999971355275],[28.891300000000005,-2.6526999970572867],[28.899199999999993,-2.660799997048473],[28.913799999999995,-2.670399997037976],[28.9294,-2.6805999970268393],[28.936299999999996,-2.685099997021936],[28.938199999999995,-2.6857999970211712],[28.949599999999997,-2.6903999970161525],[28.979500000000005,-2.693499997012746],[28.980900000000002,-2.694199997012015],[29.000000000000004,-2.703699997001672],[29.015499999999996,-2.7206999969831034],[29.028399999999998,-2.7448999969567365],[29.0083,-2.747499996953886],[28.995699999999996,-2.7584999969419113],[28.988800000000005,-2.775499996923367],[28.98699999999999,-2.796899996900056],[28.995000000000005,-2.81369999688179],[29.013,-2.8188999968761403],[29.017700000000005,-2.819299996875688],[29.0342,-2.820899996873934],[29.03719999999999,-2.8221999968725466],[29.049000000000003,-2.8274999968667682],[29.0536,-2.835499996858051],[29.062599999999993,-2.862299996828901],[29.077400000000004,-2.883999996805276],[29.081699999999994,-2.893999996794437],[29.083199999999998,-2.9100999967769283],[29.089599999999994,-2.926099996759543],[29.105099999999997,-2.9341999967507704],[29.123499999999993,-2.9401999967442416],[29.1382,-2.950399996733138],[29.144399999999994,-2.9662999967159105],[29.148300000000003,-2.9869999966934326],[29.156599999999997,-3.004899996674063],[29.175999999999995,-3.0124999966657695],[29.194399999999998,-3.0146999966634],[29.1985,-3.0161999966617734],[29.211699999999993,-3.021199996656358],[29.211799999999997,-3.021299996656257],[29.2254,-3.0317999966448492],[29.234699999999993,-3.046599996628821],[29.242299999999997,-3.1107999965593263],[29.237599999999997,-3.122299996546892],[29.224999999999994,-3.129399996539199],[29.2174,-3.1462999965209284],[29.2142,-3.1664999964990983],[29.216699999999992,-3.2331999964270928],[29.223900000000004,-3.2527999964059084],[29.238300000000002,-3.264399996393395],[29.240800000000004,-3.2663999963912325],[29.240000000000002,-3.267199996390371],[29.2131,-3.2919999963636633],[29.208799999999997,-3.305299996349317],[29.206599999999998,-3.3344999963178723],[29.224999999999994,-3.588699996044973],[29.223199999999995,-3.6670999959611805],[29.206599999999998,-3.78199999583865],[29.214899999999993,-3.8998999957132625],[29.2246,-3.9264999956850346],[29.2398,-3.9480999956621154],[29.2776,-3.9890999956186772],[29.3395,-4.093299995508487],[29.372599999999995,-4.208199995387316],[29.404300000000003,-4.449899995133867],[29.4072,-4.46259999512057],[29.4108,-4.502399995079066],[29.4014,-4.586799994991139],[29.340899999999998,-4.751699994820042],[29.321099999999994,-4.836399994732501],[29.3236,-4.920299994646046],[29.344199999999994,-5.0059999945580085],[29.3445,-5.006699994557268],[29.3776,-5.087599994474433],[29.4558,-5.229899994329257],[29.496399999999998,-5.391799994164983],[29.593599999999995,-5.620299993934864],[29.6124,-5.704299993850798],[29.602999999999994,-5.781799993773489],[29.570999999999998,-5.837999993717615],[29.496100000000002,-5.938699993617713],[29.4763,-6.00209999355508],[29.4788,-6.041799993515979],[29.5087,-6.153699993405977],[29.5256,-6.273199993289188],[29.537800000000004,-6.312399993250964],[29.565899999999996,-6.359499993205169],[29.634000000000004,-6.446899993120487],[29.6844,-6.5815999929906095],[29.706999999999997,-6.61939999295427],[29.738699999999994,-6.652399992922646],[29.873000000000005,-6.7542999928252865],[30.01269999999999,-6.82529999275775],[30.0908,-6.889999992696391],[30.234799999999993,-7.057099992538863],[30.2946,-7.149399992452411],[30.369499999999995,-7.310299992302746],[30.405099999999997,-7.436099992186652],[30.414799999999996,-7.50199999212615],[30.441799999999994,-7.59629999203994],[30.6549,-7.927399991740963],[30.728,-8.104099991583768],[30.75209999999999,-8.194099991504398],[29.602099999999993,-8.368599991351678],[28.915399999999998,-8.472899991261238],[28.9144,-8.47329999126088],[28.8939,-8.481299991254007],[28.8891,-8.483199991252325],[28.892699999999998,-8.501899991236224],[28.9356,-8.590799991159757],[28.93049999999999,-8.679899991083532],[28.893100000000004,-8.765799991010537],[28.7653,-8.93409999086866],[28.598999999999997,-9.09639999073341],[28.5061,-9.164399990677275],[28.415,-9.207199990642012],[28.3722,-9.235099990619101],[28.352399999999996,-9.27199999058887],[28.3686,-9.308599990558985],[28.411399999999997,-9.324899990545676],[28.460400000000003,-9.335099990537412],[28.4953,-9.353299990522615],[28.5158,-9.378299990502315],[28.517999999999997,-9.397499990486725],[28.514699999999998,-9.429999990460436],[28.5151,-9.430999990459572],[28.519800000000004,-9.445699990447727],[28.5267,-9.452199990442471],[28.531599999999997,-9.456899990438666],[28.536500000000004,-9.460399990435869],[28.5558,-9.474499990424487],[28.555999999999997,-9.474899990424154],[28.562599999999996,-9.484899990416125],[28.5669,-9.495899990407295],[28.5691,-9.525999990383095],[28.570499999999996,-9.529599990380202],[28.574099999999998,-9.539199990372495],[28.5864,-9.543999990368645],[28.617699999999996,-9.543299990369205],[28.6119,-9.550199990363671],[28.611199999999997,-9.550999990363048],[28.588499999999996,-9.558299990357183],[28.583499999999997,-9.56379999035277],[28.5865,-9.570899990347108],[28.587399999999995,-9.573199990345246],[28.5924,-9.57869999034088],[28.606499999999997,-9.594399990328323],[28.6102,-9.607599990317802],[28.612999999999996,-9.61759999030981],[28.6216,-9.638299990293351],[28.623799999999996,-9.649199990284677],[28.6243,-9.663799990273072],[28.6252,-9.695699990247734],[28.628,-9.704699990240668],[28.631399999999996,-9.715599990231993],[28.644999999999996,-9.735099990216591],[28.655099999999994,-9.741899990211207],[28.6638,-9.745099990208702],[28.66989999999999,-9.750999990204065],[28.672399999999996,-9.76559999019256],[28.698299999999993,-9.791999990171753],[28.696499999999993,-9.796499990168229],[28.693199999999997,-9.797799990167192],[28.678199999999997,-9.803899990162396],[28.668400000000002,-9.821599990148561],[28.6587,-9.864899990114626],[28.627799999999997,-9.929399990064335],[28.623799999999996,-9.950999990047551],[28.6239,-9.952199990046633],[28.625299999999996,-9.96489999003676],[28.627299999999998,-9.984599990021527],[28.629,-10.000799990008986],[28.631399999999996,-10.02299998999183],[28.63,-10.062099989961704],[28.629800000000003,-10.066199989958575],[28.628500000000003,-10.102699989930516],[28.619499999999995,-10.141899989900525],[28.604000000000003,-10.172699989877009],[28.579199999999997,-10.20119998985531],[28.5698,-10.219599989841297],[28.575399999999995,-10.224299989837752],[28.604000000000003,-10.248399989819509],[28.607999999999997,-10.263599989807982],[28.6108,-10.268899989803964],[28.623799999999996,-10.276399989798316],[28.627599999999994,-10.289899989788081],[28.6292,-10.295899989783582],[28.6263,-10.311399989771916],[28.620599999999996,-10.327399989759837],[28.617699999999996,-10.348299989744158],[28.619299999999996,-10.360799989734746],[28.620899999999995,-10.373299989725405],[28.628500000000003,-10.391099989712064],[28.6378,-10.40699998970019],[28.6425,-10.41969998969066],[28.644999999999996,-10.426599989685537],[28.645099999999996,-10.42749998968488],[28.6461,-10.438399989676729],[28.645299999999995,-10.445899989671139],[28.644699999999997,-10.45099998966736],[28.6444,-10.451799989666764],[28.6407,-10.462599989658742],[28.6346,-10.471599989652047],[28.6344,-10.472099989651674],[28.6306,-10.481099989644976],[28.638599999999997,-10.496299989633691],[28.6346,-10.505699989626718],[28.6348,-10.513599989620891],[28.634999999999998,-10.519399989616591],[28.646799999999995,-10.535999989604331],[28.647899999999996,-10.537599989603164],[28.668400000000002,-10.55999998958659],[28.672399999999996,-10.56439998958335],[28.672499999999992,-10.56629998958193],[28.672699999999992,-10.572299989577546],[28.672800000000002,-10.57609998957473],[28.666999999999998,-10.597399989559095],[28.665599999999998,-10.60899998955054],[28.671000000000003,-10.618999989543243],[28.694399999999998,-10.636799989530171],[28.699799999999993,-10.643199989525506],[28.695600000000002,-10.65869998951417],[28.694399999999998,-10.663399989510713],[28.682699999999993,-10.68009998949853],[28.6814,-10.681999989497166],[28.665899999999993,-10.697499989485856],[28.6651,-10.698099989485423],[28.651899999999994,-10.708299989477979],[28.6461,-10.709899989476833],[28.633499999999998,-10.708899989477544],[28.627400000000005,-10.711799989475441],[28.6231,-10.716899989471697],[28.623,-10.716999989471631],[28.609,-10.739699989455167],[28.607999999999997,-10.741399989453942],[28.6008,-10.763099989438219],[28.59359999999999,-10.772899989431098],[28.5766,-10.790599989418334],[28.5633,-10.811899989402976],[28.5588,-10.823499989394637],[28.557899999999997,-10.825699989393023],[28.554299999999998,-10.834999989386313],[28.553299999999997,-10.839899989382806],[28.5493,-10.85859998936937],[28.5493,-10.902999989337577],[28.547099999999997,-10.913699989329935],[28.5446,-10.91909998932609],[28.537399999999995,-10.934199989315314],[28.531300000000005,-10.954999989300491],[28.530699999999996,-10.955599989300087],[28.513599999999993,-10.9728999892878],[28.50989999999999,-10.978899989283521],[28.507899999999996,-10.982099989281268],[28.506799999999995,-10.99209998927416],[28.508600000000005,-11.013399989259069],[28.507899999999996,-11.023599989251855],[28.503900000000005,-11.034299989244301],[28.491,-11.058699989227115],[28.4769,-11.077999989213504],[28.476199999999995,-11.087699989206696],[28.479499999999994,-11.103699989195494],[28.4811,-11.11189998918971],[28.486999999999995,-11.140899989169425],[28.487399999999997,-11.153399989160699],[28.4848,-11.162799989154143],[28.473699999999997,-11.181299989141236],[28.4726,-11.191999989133818],[28.473699999999997,-11.225699989110407],[28.454999999999995,-11.263699989084122],[28.445599999999995,-11.274599989076616],[28.436199999999996,-11.289199989066544],[28.431899999999995,-11.311099989051467],[28.4395,-11.348299989025925],[28.4121,-11.368299989012234],[28.4085,-11.372499989009357],[28.356999999999992,-11.446899988958751],[28.354499999999998,-11.464799988946606],[28.355599999999995,-11.518199988910576],[28.360299999999995,-11.533599988900189],[28.3657,-11.541599988894825],[28.377599999999997,-11.571099988875032],[28.384799999999995,-11.581299988868187],[28.385299999999997,-11.581799988867882],[28.3995,-11.595999988858374],[28.4056,-11.605199988852258],[28.409999999999997,-11.620299988842143],[28.4226,-11.664699988812664],[28.422399999999996,-11.667999988810479],[28.4223,-11.672999988807161],[28.4222,-11.67469998880603],[28.418199999999995,-11.678899988803224],[28.4226,-11.684699988799423],[28.4232,-11.685599988798815],[28.4251,-11.687999988797214],[28.435899999999993,-11.698099988790522],[28.4395,-11.701499988788324],[28.442699999999995,-11.711699988781536],[28.4497,-11.761299988748888],[28.4522,-11.779099988737231],[28.4524,-11.780799988736112],[28.4607,-11.793399988727886],[28.4769,-11.798199988724743],[28.488799999999998,-11.808699988717866],[28.4971,-11.857299988686217],[28.507899999999996,-11.872799988676123],[28.521199999999993,-11.865799988680669],[28.531599999999997,-11.866499988680218],[28.5406,-11.872099988676569],[28.554299999999998,-11.88509998866818],[28.5637,-11.900499988658163],[28.5662,-11.904599988655542],[28.5691,-11.913699988649652],[28.574800000000003,-11.910499988651736],[28.5925,-11.900399988658245],[28.6027,-11.907699988653514],[28.606199999999998,-11.910299988651865],[28.623799999999996,-11.947799988627654],[28.636799999999997,-11.957699988621288],[28.686100000000003,-11.984099988604326],[28.707000000000004,-11.989399988600944],[28.7141,-11.988399988601614],[28.727299999999993,-11.986399988602903],[28.741899999999994,-11.984299988604203],[28.751199999999994,-11.992299988599084],[28.754099999999998,-12.020199988581231],[28.75989999999999,-12.035199988571668],[28.773599999999995,-12.045899988564864],[28.787500000000005,-12.053299988560145],[28.8088,-12.064599988552988],[28.821400000000004,-12.075699988545903],[28.835099999999994,-12.092199988535436],[28.845899999999997,-12.111299988523363],[28.84809999999999,-12.120799988517334],[28.8502,-12.129999988511539],[28.859599999999993,-12.141799988504118],[28.861299999999993,-12.14279998850348],[28.889299999999995,-12.15819998849379],[28.918599999999994,-12.17429998848365],[28.9446,-12.206099988463745],[29.026300000000003,-12.353099988372549],[29.030199999999997,-12.376199988358339],[29.0349,-12.378799988356722],[29.0373,-12.378799988356722],[29.0425,-12.378799988356722],[29.052900000000005,-12.383799988353681],[29.067300000000003,-12.384799988353086],[29.084200000000003,-12.376399988358223],[29.100100000000005,-12.37409998835963],[29.1022,-12.377699988357442],[29.1112,-12.393399988347783],[29.1179,-12.389199988350375],[29.128199999999996,-12.382799988354272],[29.148999999999997,-12.373699988359844],[29.1735,-12.367599988363619],[29.2549,-12.366199988364503],[29.258399999999995,-12.36789998836345],[29.264999999999993,-12.370899988361595],[29.283,-12.390399988349637],[29.295599999999997,-12.400999988343171],[29.302199999999992,-12.403699988341502],[29.304899999999996,-12.404899988340771],[29.316399999999998,-12.406699988339662],[29.356399999999994,-12.407599988339106],[29.3643,-12.409299988338082],[29.372,-12.413399988335556],[29.38939999999999,-12.422799988329862],[29.406100000000002,-12.43179998832433],[29.432700000000004,-12.441299988318562],[29.459699999999998,-12.441299988318562],[29.4651,-12.444199988316754],[29.472999999999992,-12.45249998831176],[29.4806,-12.454899988310263],[29.486700000000003,-12.454399988310554],[29.4997,-12.45309998831138],[29.514799999999994,-12.44389998831696],[29.524500000000003,-12.429199988325935],[29.5248,-12.427999988326647],[29.528100000000002,-12.410699988337205],[29.528100000000002,-12.410399988337389],[29.5278,-12.40919998833814],[29.5235,-12.392799988348168],[29.52339999999999,-12.392499988348328],[29.5116,-12.387399988351461],[29.496100000000002,-12.386299988352155],[29.4806,-12.380499988355712],[29.479499999999994,-12.379199988356515],[29.45039999999999,-12.342899988378802],[29.4464,-12.334999988383704],[29.4518,-12.31779998839431],[29.4558,-12.294399988408774],[29.467999999999996,-12.25529998843306],[29.474099999999996,-12.242699988440872],[29.4896,-12.23159998844781],[29.5335,-12.216699988457117],[29.550800000000002,-12.206399988463554],[29.552999999999997,-12.205099988464358],[29.567699999999995,-12.191799988472686],[29.573899999999995,-12.189199988474344],[29.57669999999999,-12.188099988475019],[29.590400000000002,-12.188099988475019],[29.602999999999994,-12.19279998847207],[29.620999999999995,-12.210199988461186],[29.631799999999995,-12.215999988457542],[29.649100000000004,-12.212799988459535],[29.701299999999993,-12.189099988474375],[29.7348,-12.164899988489573],[29.755999999999997,-12.15759998849415],[29.760399999999997,-12.157199988494435],[29.792999999999996,-12.154599988496052],[29.7953,-12.154399988496191],[29.799200000000003,-12.154099988496357],[29.797799999999995,-13.424199987754587],[29.790099999999992,-13.439799987746184],[29.782299999999996,-13.45569998773764],[29.767199999999995,-13.458399987736207],[29.726,-13.457899987736477],[29.7218,-13.4577999877365],[29.7027,-13.457499987736655],[29.663099999999993,-13.446799987742397],[29.641500000000004,-13.438499987746848],[29.625999999999994,-13.429799987751519],[29.617399999999996,-13.42119998775618],[29.6106,-13.410999987761683],[29.6016,-13.388399987773877],[29.6016,-13.374399987781418],[29.609499999999997,-13.36909998778433],[29.616099999999996,-13.367799987785029],[29.618800000000004,-13.36719998778539],[29.625000000000004,-13.364199987787014],[29.626300000000004,-13.358299987790215],[29.6271,-13.354899987792027],[29.625000000000004,-13.334899987802888],[29.6268,-13.326299987807591],[29.633599999999994,-13.318899987811621],[29.65159999999999,-13.31459998781397],[29.6552,-13.312099987815376],[29.6588,-13.309599987816744],[29.667399999999997,-13.291999987826383],[29.669199999999996,-13.281199987832249],[29.6672,-13.272899987836821],[29.66669999999999,-13.271199987837763],[29.6574,-13.260099987843887],[29.649799999999992,-13.259899987844],[29.6412,-13.262799987842385],[29.628899999999998,-13.261499987843083],[29.609799999999993,-13.249499987849724],[29.5929,-13.235599987857363],[29.574599999999993,-13.225399987862996],[29.558399999999995,-13.224499987863485],[29.5512,-13.224099987863715],[29.541999999999994,-13.228099987861503],[29.528100000000002,-13.233999987858262],[29.492900000000002,-13.266699987840207],[29.470200000000002,-13.287799987828638],[29.449600000000004,-13.300299987821782],[29.378899999999998,-13.326999987807218],[29.356399999999994,-13.335499987802615],[29.333,-13.34429998779782],[29.3115,-13.35239998779341],[29.308199999999996,-13.353699987792693],[29.250200000000003,-13.391599987772137],[29.227500000000003,-13.400699987767227],[29.213800000000003,-13.408299987763145],[29.206599999999998,-13.416899987758475],[29.1948,-13.430899987750939],[29.193600000000004,-13.431499987750607],[29.184,-13.436799987747753],[29.176899999999993,-13.43539998774854],[29.168799999999997,-13.433799987749385],[29.1602,-13.422099987755683],[29.1534,-13.406999987763824],[29.144399999999994,-13.394399987770624],[29.122000000000003,-13.384299987776108],[29.097899999999996,-13.384699987775875],[29.0732,-13.388499987773852],[29.073099999999997,-13.388599987773748],[29.046799999999998,-13.388899987773579],[29.028399999999998,-13.395399987770087],[29.010399999999994,-13.399399987767927],[28.9939,-13.395899987769823],[28.989799999999995,-13.390899987772524],[28.980900000000002,-13.380299987778251],[28.977499999999992,-13.376999987780078],[28.9584,-13.358599987790036],[28.950299999999995,-13.35089998779421],[28.934100000000004,-13.309599987816744],[28.904,-13.164399987896857],[28.9035,-13.162299987898024],[28.891999999999992,-13.147299987906395],[28.8826,-13.143599987908443],[28.8632,-13.142699987909001],[28.8538,-13.13709998791212],[28.846899999999998,-13.112399987925894],[28.845,-13.105599987929736],[28.844100000000005,-13.102399987931511],[28.843400000000003,-13.101899987931818],[28.8409,-13.100099987932849],[28.8297,-13.097199987934477],[28.8258,-13.09279998793693],[28.82539999999999,-13.067899987950968],[28.828299999999995,-13.059399987955736],[28.830800000000004,-13.051799987960054],[28.827700000000004,-13.04819998796211],[28.827200000000005,-13.04749998796248],[28.813499999999998,-13.042799987965157],[28.809599999999993,-13.038399987967647],[28.800600000000003,-13.002499987988044],[28.79339999999999,-12.991599987994226],[28.775699999999997,-12.976599988002798],[28.708000000000002,-12.889699988052607],[28.667699999999993,-12.84929998807601],[28.6213,-12.839499988081682],[28.608299999999996,-12.847899988076819],[28.59359999999999,-12.87669998806013],[28.5899,-12.881199988057562],[28.583799999999997,-12.88869998805324],[28.5684,-12.895599988049245],[28.562899999999996,-12.895299988049402],[28.553199999999997,-12.894899988049648],[28.5428,-12.885599988054993],[28.541099999999997,-12.85909998807035],[28.5404,-12.847799988076885],[28.5396,-12.83389998808494],[28.5237,-12.810099988098766],[28.5018,-12.788499988111404],[28.480899999999995,-12.761999988126911],[28.476800000000004,-12.746799988135809],[28.474,-12.736399988141903],[28.484099999999998,-12.722299988150214],[28.500299999999996,-12.710999988156887],[28.511499999999998,-12.694399988166719],[28.5117,-12.68619998817152],[28.5122,-12.668299988182168],[28.502099999999995,-12.649599988193264],[28.468299999999996,-12.614699988214026],[28.456,-12.591999988227577],[28.444200000000002,-12.561999988245551],[28.4395,-12.549999988252779],[28.436600000000002,-12.542799988257109],[28.4226,-12.521299988270068],[28.339799999999997,-12.45049998831296],[28.3225,-12.441099988318678],[28.303799999999992,-12.43549998832206],[28.284,-12.434099988322949],[28.263799999999996,-12.436899988321212],[28.2375,-12.43709998832113],[28.219899999999996,-12.425299988328304],[28.205099999999998,-12.410899988337107],[28.185699999999997,-12.402399988342305],[28.160799999999995,-12.408699988338432],[28.146099999999993,-12.423199988329575],[28.1401,-12.425599988328136],[28.131299999999996,-12.429199988325935],[28.1123,-12.414399988334965],[28.106799999999996,-12.410199988337547],[28.0968,-12.382999988354177],[28.087799999999998,-12.377499988357549],[28.013999999999996,-12.370499988361846],[27.9808,-12.374499988359412],[27.958499999999997,-12.367799988363512],[27.9552,-12.35669998837029],[27.951999999999998,-12.346499988376614],[27.9501,-12.332799988385036],[27.9484,-12.321399988392084],[27.934,-12.303399988403191],[27.877199999999995,-12.269899988423962],[27.8566,-12.262499988428571],[27.8314,-12.259899988430165],[27.8181,-12.26779998842526],[27.807299999999998,-12.281399988416851],[27.788199999999993,-12.29649998840748],[27.756600000000002,-12.304299988402667],[27.710799999999995,-12.3062999884014],[27.666199999999996,-12.302699988403623],[27.6381,-12.29369998840921],[27.595299999999995,-12.247299988438021],[27.5362,-12.200099988467503],[27.5204,-12.179599988480305],[27.4768,-12.055699988558636],[27.4718,-12.04169998856752],[27.4675,-12.001599988593142],[27.464299999999998,-11.996099988596665],[27.4207,-11.9219999886443],[27.234199999999998,-11.809099988717609],[27.210099999999997,-11.72199998877477],[27.211899999999996,-11.688299988797027],[27.2076,-11.639399988829458],[27.197099999999995,-11.593699988859903],[27.188999999999997,-11.582199988867611],[27.180200000000003,-11.569699988875996],[27.1737,-11.57049998887544],[27.1449,-11.581299988868187],[27.102099999999997,-11.584899988865795],[27.0643,-11.59719998885758],[27.0616,-11.597299988857547],[27.0546,-11.597599988857306],[27.0469,-11.59639998885812],[27.0326,-11.594299988859522],[27.023599999999995,-11.595599988858645],[27.010299999999997,-11.609899988849104],[27.011,-11.628799988836485],[27.023199999999996,-11.67119998880832],[27.021399999999996,-11.697899988790686],[27.011,-11.713199988780538],[26.9962,-11.727099988771421],[26.981099999999998,-11.748999988756996],[26.9714,-11.78849998873111],[26.967400000000005,-11.870399988677685],[26.947599999999994,-11.90909998865262],[26.9177,-11.93769998863413],[26.916299999999996,-11.93909998863329],[26.9127,-11.942499988631074],[26.8742,-11.964399988616968],[26.831699999999994,-11.97339998861119],[26.791499999999996,-11.969099988613955],[26.784899999999997,-11.968399988614415],[26.759399999999996,-11.968699988614196],[26.7442,-11.981099988606267],[26.7327,-11.998299988595278],[26.7172,-12.012999988585864],[26.697099999999995,-12.017499988582998],[26.6798,-12.009599988587995],[26.662899999999997,-11.996599988596328],[26.652200000000004,-11.990499988600249],[26.643399999999996,-11.985599988603356],[26.6182,-11.98029998860678],[26.605999999999998,-11.977799988608387],[26.5845,-11.97629998860936],[26.5473,-11.973799988610939],[26.525000000000002,-11.972199988611981],[26.489,-11.960799988619277],[26.4382,-11.918999988646231],[26.424299999999995,-11.914799988648907],[26.414499999999997,-11.911899988650797],[26.376299999999997,-11.912899988650182],[26.339199999999998,-11.918999988646231],[26.3288,-11.923299988643452],[26.309,-11.936499988634935],[26.2978,-11.941199988631922],[26.287599999999994,-11.940699988632229],[26.2863,-11.940599988632309],[26.285499999999995,-11.940199988632555],[26.2654,-11.930899988638544],[26.242899999999995,-11.932299988637622],[26.229399999999995,-11.933199988637043],[26.2093,-11.923599988643245],[26.208099999999998,-11.92289998864375],[26.189099999999996,-11.910899988651458],[26.1668,-11.902399988656972],[25.994,-11.9047999886554],[25.991099999999996,-11.904399988655644],[25.981,-11.902999988656576],[25.963399999999996,-11.895099988661686],[25.956099999999992,-11.878399988672525],[25.9497,-11.863899988681911],[25.9357,-11.853599988688572],[25.9141,-11.845599988693806],[25.890800000000002,-11.826499988706248],[25.867799999999995,-11.807799988718449],[25.850699999999996,-11.793799988727605],[25.839899999999997,-11.791899988728842],[25.8324,-11.793799988727605],[25.812600000000003,-11.802999988721583],[25.8018,-11.80419998872084],[25.7442,-11.803799988721059],[25.725800000000003,-11.800499988723205],[25.687300000000004,-11.77879998873743],[25.6649,-11.758799988750532],[25.6556,-11.75039998875608],[25.6292,-11.733799988766984],[25.6214,-11.728999988770164],[25.575699999999998,-11.727399988771204],[25.567799999999995,-11.733699988767057],[25.560899999999997,-11.753299988754149],[25.5375,-11.75829998875087],[25.524599999999996,-11.77089998874259],[25.515200000000004,-11.77579998873938],[25.495399999999997,-11.776499988738937],[25.4933,-11.775499988739616],[25.480299999999996,-11.769799988743308],[25.474199999999996,-11.756199988752261],[25.4828,-11.731099988768783],[25.4828,-11.720399988775817],[25.481,-11.715199988779242],[25.4637,-11.700099988789209],[25.4065,-11.673199988807019],[25.3975,-11.664899988812508],[25.3928,-11.656399988818194],[25.3883,-11.651899988821132],[25.386300000000002,-11.649799988822531],[25.372999999999994,-11.647099988824342],[25.3652,-11.646699988824613],[25.352100000000004,-11.646099988825032],[25.3449,-11.642199988827597],[25.3366,-11.633499988833401],[25.327299999999997,-11.616599988844671],[25.3106,-11.566199988878328],[25.306599999999996,-11.554099988886449],[25.300299999999996,-11.535099988899168],[25.297399999999996,-11.517199988911216],[25.297800000000002,-11.507899988917494],[25.301699999999997,-11.498399988923888],[25.3123,-11.486199988932158],[25.3154,-11.48249998893462],[25.3168,-11.472899988941114],[25.3093,-11.455499988952905],[25.304999999999996,-11.44819998895785],[25.286600000000004,-11.416599988979316],[25.278999999999996,-11.396199988993203],[25.277999999999995,-11.371799989009855],[25.2834,-11.364499989014833],[25.285399999999996,-11.361799989016715],[25.2862,-11.360599989017535],[25.2981,-11.351499989023768],[25.3064,-11.332999989036422],[25.301399999999997,-11.324499989042252],[25.2902,-11.315999989048093],[25.2848,-11.307399989054012],[25.2963,-11.298499989060092],[25.3172,-11.290499989065653],[25.324799999999996,-11.283599989070407],[25.325499999999998,-11.273899989077066],[25.324499999999997,-11.264599989083464],[25.3235,-11.255099989090048],[25.3233,-11.253399989091237],[25.324400000000004,-11.22779998910895],[25.322599999999998,-11.205499989124416],[25.3104,-11.194799989131823],[25.290699999999998,-11.197999989129627],[25.278699999999997,-11.19989998912831],[25.259999999999998,-11.209099989121938],[25.2532,-11.212499989119548],[25.221599999999995,-11.228099989108745],[25.183999999999997,-11.246699989095841],[25.1242,-11.259099989087273],[24.981299999999997,-11.271899989078433],[24.942799999999995,-11.2685999890807],[24.900999999999993,-11.281299989071998],[24.826899999999995,-11.317499989047066],[24.787999999999997,-11.32579998904135],[24.733499999999996,-11.325899989041257],[24.712399999999995,-11.325999989041225],[24.699399999999997,-11.331299989037563],[24.694699999999997,-11.333199989036265],[24.674199999999992,-11.34159998903053],[24.6634,-11.351599989023669],[24.6451,-11.376099989006912],[24.635399999999997,-11.385799989000295],[24.624600000000004,-11.39079998899688],[24.6022,-11.395699988993554],[24.593199999999996,-11.399699988990818],[24.5846,-11.4073999889856],[24.5785,-11.415599988979997],[24.5713,-11.436499988965803],[24.5648,-11.444599988960283],[24.554399999999998,-11.44629998895915],[24.532800000000005,-11.446199988959204],[24.491,-11.461499988948859],[24.4867,-11.462299988948322],[24.4698,-11.465499988946155],[24.466099999999994,-11.46519998894636],[24.446399999999997,-11.463599988947415],[24.437399999999997,-11.459299988950345],[24.4266,-11.45409998895384],[24.3927,-11.423399988974689],[24.37,-11.410099988983733],[24.353399999999997,-11.4073999889856],[24.351699999999997,-11.407099988985781],[24.3099,-11.40669998898606],[24.294100000000004,-11.399299988991096],[24.2867,-11.383699989001746],[24.2854,-11.381199989003447],[24.287099999999995,-11.379899989004327],[24.2918,-11.376099989006912],[24.298399999999997,-11.37059998901069],[24.3398,-11.357999989019305],[24.352400000000003,-11.34499998902822],[24.384399999999996,-11.295199989062414],[24.3863,-11.291499989064958],[24.392399999999995,-11.278999989073553],[24.393,-11.275399989076053],[24.396,-11.259699989086895],[24.3978,-11.238299989101648],[24.396999999999995,-11.223399989111968],[24.396699999999996,-11.217399989116181],[24.396599999999996,-11.216999989116404],[24.3913,-11.19989998912831],[24.384399999999996,-11.191299989134293],[24.3675,-11.176299989144708],[24.36179999999999,-11.16469998915281],[24.362499999999997,-11.150499989162709],[24.3783,-11.132099989175591],[24.3819,-11.120599989183617],[24.3704,-11.100199989197913],[24.345199999999995,-11.078299989213313],[24.3164,-11.060099989226119],[24.293699999999998,-11.050199989233088],[24.275,-11.047899989234711],[24.2565,-11.047999989234642],[24.2408,-11.04809998923458],[24.2379,-11.04809998923458],[24.218099999999996,-11.045199989236595],[24.181400000000004,-11.034499989244168],[24.1693,-11.034099989244414],[24.1645,-11.033899989244585],[24.153699999999994,-11.037299989242186],[24.1443,-11.040299989240086],[24.124200000000002,-11.043199989238015],[24.1177,-11.030899989246686],[24.119499999999995,-10.997599989270268],[24.1177,-10.9860999892784],[24.107999999999997,-10.954999989300491],[24.108699999999995,-10.945699989307093],[24.1144,-10.927899989319826],[24.1141,-10.919299989325948],[24.100799999999996,-10.906699989334935],[24.0914,-10.897799989341276],[24.0482,-10.88239998935234],[24.0014,-10.87349998935868],[23.9676,-10.872299989359561],[23.948499999999996,-10.881499989352944],[23.9406,-10.901499989338644],[23.936199999999992,-10.925299989321662],[23.927999999999997,-10.945299989307406],[23.918599999999998,-10.953999989301213],[23.897399999999998,-10.966499989292288],[23.8876,-10.974399989286706],[23.8819,-10.984499989279525],[23.874,-11.006899989263673],[23.8675,-11.016399989256955],[23.844199999999997,-11.024699989251108],[23.8336,-11.0284999892484],[23.7937,-11.021199989253578],[23.752299999999998,-11.008299989262698],[23.71409999999999,-11.00379998926588],[23.674899999999997,-11.006999989263582],[23.641799999999996,-11.004599989265303],[23.494899999999998,-10.964399989293826],[23.456,-10.961099989296128],[23.4153,-10.96319998929467],[23.3849,-10.971799989288545],[23.3732,-10.975099989286198],[23.196799999999996,-11.071799989217856],[23.050699999999996,-11.09629998920063],[23.0143,-11.102399989196373],[22.9696,-11.102399989196373],[22.931099999999997,-11.096699989200381],[22.9113,-11.088299989206282],[22.908899999999996,-11.086699989207382],[22.901999999999994,-11.082199989210581],[22.876199999999997,-11.065399989222378],[22.873499999999993,-11.063699989223588],[22.853,-11.053099989231061],[22.8292,-11.052099989231756],[22.806899999999995,-11.063099989224002],[22.7853,-11.078499989213153],[22.764099999999996,-11.090399989204807],[22.727700000000002,-11.096699989200381],[22.6888,-11.092999989202958],[22.660599999999995,-11.084999989208567],[22.650999999999996,-11.082299989210473],[22.538499999999996,-11.037499989242038],[22.5376,-11.037199989242291],[22.5145,-11.040499989239901],[22.5057,-11.04179998923899],[22.500899999999998,-11.042499989238486],[22.4994,-11.046199989235921],[22.4891,-11.072299989217509],[22.469199999999997,-11.122499989182286],[22.440399999999993,-11.146999989165142],[22.340399999999995,-11.180199989142025],[22.325599999999994,-11.190299989135],[22.2817,-11.236699989102771],[22.262999999999998,-11.24829998909476],[22.2494,-11.248999989094294],[22.2378,-11.249599989093857],[22.2522,-11.20859998912225],[22.2554,-11.166599989151491],[22.251899999999996,-11.139699989170255],[22.243899999999996,-11.078299989213313],[22.2374,-11.059399989226607],[22.2205,-11.029999989247354],[22.2172,-11.0126999892596],[22.214,-11.007899989262985],[22.2092,-11.004399989265439],[22.1992,-10.99739998927038],[22.196,-10.992299989273995],[22.196,-10.954199989301063],[22.1748,-10.884399989350896],[22.1658,-10.868799989362069],[22.1654,-10.852299989373876],[22.182699999999997,-10.830399989389623],[22.2061,-10.809899989404403],[22.2241,-10.797099989413615],[22.2658,-10.77989998942606],[22.290699999999998,-10.772699989431246],[22.309799999999996,-10.76969998943345],[22.3195,-10.761299989439495],[22.3224,-10.74219998945337],[22.3195,-10.703899989481203],[22.3219,-10.700699989483523],[22.326300000000003,-10.694599989487953],[22.321199999999997,-10.686399989493939],[22.3199,-10.684399989495368],[22.311199999999996,-10.67049998950556],[22.3101,-10.668799989506795],[22.3076,-10.633599989532524],[22.309399999999997,-10.59299998956231],[22.3058,-10.550599989593568],[22.2964,-10.529699989608952],[22.2869,-10.518299989617432],[22.274499999999996,-10.50339998962843],[22.274099999999997,-10.502999989628732],[22.272,-10.481799989644445],[22.278799999999997,-10.460899989659959],[22.3011,-10.424799989686896],[22.3058,-10.4097999896981],[22.3134,-10.368599989728928],[22.3101,-10.356999989737615],[22.295399999999997,-10.339299989750893],[22.287099999999995,-10.309199989773557],[22.2869,-10.308899989773764],[22.282399999999996,-10.301199989779594],[22.263299999999997,-10.268299989804431],[22.247199999999996,-10.225099989837139],[22.245699999999996,-10.221199989840118],[22.232599999999998,-10.197199989858348],[22.221199999999996,-10.176299989874277],[22.2028,-10.130599989909147],[22.209699999999994,-10.098299989933905],[22.20499999999999,-10.08579998994349],[22.196,-10.04359998997594],[22.1755,-9.988899990018176],[22.1676,-9.95369999004548],[22.16,-9.931599990062615],[22.1463,-9.915699990074986],[22.107399999999995,-9.891299990094003],[22.0951,-9.880799990102197],[22.090899999999998,-9.877199990105023],[22.0801,-9.87159999010938],[22.0758,-9.87599999010593],[22.072899999999997,-9.878899990103692],[22.0657,-9.880999990102055],[22.056,-9.875299990106521],[21.9984,-9.809199990158232],[21.986099999999997,-9.781099990180346],[21.984699999999993,-9.755999990200115],[21.9843,-9.74879999020577],[21.9763,-9.75259999020278],[21.956599999999998,-9.761799990195554],[21.9422,-9.722899990226246],[21.8788,-9.657099990278414],[21.8739,-9.649299990284584],[21.873399999999997,-9.64849999028523],[21.853999999999996,-9.617899990309574]]]}},{"type":"Feature","properties":{"ADMIN":"Mogadishu","ISO_A3":"SOM","admin_source":"World Bank GAD, artifact wb_boundaries_20260820","admin_units":"Bakool, Banadir, Bay, Gedo, Hiraan, Juba Dhexe, Juba Hoose, Shabelle Dhexe, Shabelle Hoose"},"geometry":{"type":"Polygon","coordinates":[[[45.534399999999984,2.1419999976172686],[45.3495,2.0353999977347503],[45.34139999999999,2.0306999977399345],[45.2974,2.0053999977678245],[45.23210000000001,1.9676999978094345],[45.19970000000001,1.9596999978182392],[45.18659999999999,1.9535999978249963],[45.166799999999995,1.9442999978352544],[45.07540000000001,1.901299997882725],[45.0013,1.866399997921291],[44.831399999999995,1.7497999980502164],[44.8307,1.748899998051235],[44.823800000000006,1.740299998060725],[44.81229999999999,1.7355999980659451],[44.6762,1.6376999981743678],[44.6176,1.6011999982148186],[44.61619999999999,1.6002999982158173],[44.5906,1.5842999982335377],[44.5502,1.5591999982613869],[44.33279999999999,1.3899999984491984],[44.289,1.3449999984991703],[44.2215,1.2756999985761952],[44.2117,1.2713999985810078],[44.1985,1.2657999985872121],[44.1578,1.2408999986149152],[44.145599999999995,1.2295999986274977],[44.142,1.2213999986366246],[44.1407,1.2120999986469652],[44.138000000000005,1.1916999986696395],[44.1341,1.187699998674117],[44.12069999999999,1.183699998678572],[44.115,1.1820999986803342],[44.1125,1.1790999986836912],[44.10379999999999,1.168499998695478],[44.03289999999999,1.0974999987745286],[44.0124,1.0842999987892392],[43.99179999999999,1.0787999987953532],[43.991099999999996,1.0785999987955839],[43.9836,1.0724999988023547],[43.97889999999999,1.0686999988066015],[43.9325,1.0098999988720878],[43.84959999999999,0.9654999989215899],[43.8198,0.9494999989394246],[43.782,0.9215999989705189],[43.74969999999999,0.8767999990204914],[43.73409999999999,0.8550999990446843],[43.71719999999999,0.8452999990555988],[43.706,0.841499999059849],[43.7035,0.8405999990608466],[43.6831,0.8243999990789445],[43.66969999999999,0.8136999990908627],[43.658899999999996,0.8049999991005471],[43.63689999999999,0.7837999991242335],[43.467699999999994,0.6206999993062853],[43.285499999999985,0.4149999995360855],[43.1324,0.26489999970382677],[43.0901,0.22339999975021563],[42.851,-0.04039999995484536],[42.770399999999995,-0.12939999985530662],[42.7149,-0.17439999980503262],[42.647600000000004,-0.22899999974397078],[42.5803,-0.29759999966731765],[42.555800000000005,-0.33209999962871106],[42.55369999999999,-0.34239999961720496],[42.55399999999999,-0.3512999996072621],[42.550799999999995,-0.3575999996002327],[42.52669999999999,-0.3627999995944037],[42.519499999999994,-0.36929999958711945],[42.479899999999994,-0.42219999952799686],[42.478399999999986,-0.42659999952309097],[42.4745,-0.43879999950946624],[42.481999999999985,-0.4455999995018991],[42.4851,-0.4483999994987726],[42.48629999999999,-0.44949999949752756],[42.476299999999995,-0.4660999994789829],[42.4727,-0.4698999994747396],[42.4724,-0.46199999948355563],[42.4723,-0.45879999948712125],[42.4705,-0.4540999994923548],[42.4658,-0.44949999949752756],[42.45869999999999,-0.45499999949137776],[42.4584,-0.45529999949102484],[42.4125,-0.49099999945114003],[42.4046,-0.5009999994399649],[42.3978,-0.5174999994215541],[42.38269999999999,-0.5352999994016694],[42.3499,-0.5656999993676938],[42.25019999999999,-0.6857999992336231],[42.2466,-0.6942999992241168],[42.2451,-0.7074999992094039],[42.2365,-0.709699999206896],[42.2325,-0.7130999992031241],[42.1922,-0.7761999991326922],[42.166700000000006,-0.8026999991031392],[42.15149999999999,-0.8139999990905233],[42.1353,-0.8217999990818394],[42.1166,-0.8262999990768065],[42.08670000000001,-0.8256999990774944],[42.0716,-0.8286999990741473],[42.0626,-0.8392999990623312],[42.0817,-0.8434999990576204],[42.08100000000001,-0.8628999990359785],[42.071999999999996,-0.8844999990119004],[42.065899999999985,-0.8944999990007446],[42.0515,-0.9020999989922794],[42.0371,-0.9199999989723232],[42.025499999999994,-0.9415999989482294],[42.0209,-0.9600999989276046],[42.0165,-0.9680999989186827],[41.9831,-0.9940999988897127],[41.9719,-0.9998999988832477],[41.9679,-0.9928999988910505],[41.9636,-0.950899998937856],[41.9647,-0.911599998981667],[41.9589,-0.8944999990007446],[41.952799999999996,-0.8944999990007446],[41.9553,-0.9096999989838106],[41.9525,-0.9208999989712973],[41.9474,-0.9308999989601816],[41.9453,-0.9430999989465336],[41.946299999999994,-0.954799998933492],[41.95139999999999,-0.9694999989171261],[41.95570000000001,-0.9929999988909445],[41.96940000000001,-1.0032999988794697],[41.973,-1.0111999988706695],[41.9715,-1.0235999988568425],[41.96149999999999,-1.044199998833871],[41.9589,-1.0559999988207596],[41.95349999999999,-1.068699998806588],[41.9301,-1.0899999987828524],[41.9247,-1.0971999987748664],[41.9229,-1.1101999987603828],[41.9183,-1.121099998748217],[41.9118,-1.1309999987372352],[41.873999999999995,-1.1759999986871366],[41.8693,-1.1862999986757008],[41.8729,-1.1954999986654462],[41.880799999999994,-1.194899998666101],[41.88189999999999,-1.1941999986668697],[41.8974,-1.183299998678989],[41.885499999999986,-1.2096999986496033],[41.87760000000001,-1.2105999986485956],[41.8628,-1.2123999986465992],[41.841899999999995,-1.1970999986636468],[41.8355,-1.1688999986950377],[41.82899999999999,-1.1688999986950377],[41.83039999999999,-1.1892999986723556],[41.841,-1.2219999986359524],[41.841899999999995,-1.2249999986326088],[41.8427,-1.243999998611501],[41.8365,-1.2622999985911285],[41.7321,-1.4311999984034207],[41.7087,-1.4600999983713199],[41.6897,-1.489599998338575],[41.65219999999999,-1.5650999982548357],[41.633099999999985,-1.580499998237751],[41.610499999999995,-1.5931999982236795],[41.5882,-1.6307999981820038],[41.582,-1.6411999981704672],[41.5752,-1.6526999981577393],[41.55499999999999,-1.6697999981388043],[41.5611,-1.6697999981388043],[41.5352,-1.6963999981093543],[41.538500000000006,-1.6137999982008604],[41.53489999999999,-1.5948999982217973],[41.522999999999996,-1.572899998246203],[40.9797,-0.8708999990270466],[40.9686,-0.0027999999968608704],[40.9686,2.497199997227304],[40.9653,2.8141999968812152],[40.9797,2.841999996850953],[41.3426,3.2011999964616074],[41.8851,3.9771999956312727],[41.8985,3.99699999561032],[41.9121,4.007999995598677],[41.9175,4.020399995585545],[41.9168,4.051199995552957],[41.9233,4.070699995532352],[41.9413,4.086299995515866],[42.01189999999999,4.1294999954702885],[42.068400000000004,4.174599995422711],[42.10289999999999,4.191899995404483],[42.1353,4.200199995395764],[42.29729999999999,4.201799995394091],[42.7898,4.285599995305962],[42.8316,4.302399995288324],[42.86899999999999,4.32679999526275],[42.89959999999999,4.361199995226669],[42.91470000000001,4.393399995192938],[42.93239999999999,4.463199995119973],[42.9461,4.496799995084878],[42.9605,4.517399995063386],[43.11919999999999,4.647799994927717],[43.52849999999999,4.841599994727133],[43.845,4.914399994652126],[43.9325,4.94519999462043],[43.968799999999995,4.9540999946113145],[43.9874,4.952999994612425],[44.595,4.917799994648602],[44.912699999999994,4.8993999946675615],[44.94149999999999,4.9115999946549875],[44.9443,4.91459999465191],[44.970499999999994,4.9132999946532525],[44.9755,4.917599994648821],[44.9817,4.917299994649145],[45.0814,5.019499994544165],[45.5362,5.486199994069666],[45.672799999999995,5.187699994372225],[45.71099999999999,5.11139999445008],[46.041,5.031399994531964],[46.23100000000001,5.081399994480759],[46.22979999999999,5.0732999944890524],[46.21099999999999,4.941399994624359],[46.11099999999999,4.741399994830666],[46.151,4.431399995153182],[46.39679999999999,4.234799995359372],[46.401,4.231499995362843],[46.390999999999984,3.8914999957221634],[47.0368,3.473099996168868],[47.0372,3.4731999961687845],[47.0037,3.4407999962035607],[46.92799999999999,3.361599996288704],[46.863699999999994,3.283299996373009],[46.8438,3.2541999964044077],[46.7978,3.2021999964605192],[46.7817,3.185899996478126],[46.70009999999999,3.113299996556621],[46.63669999999999,3.0371999966390195],[46.62559999999999,3.023999996653342],[46.60029999999999,3.002799996676312],[46.48769999999998,2.908899996778252],[46.4856,2.90669999678063],[46.4143,2.8334999968602324],[46.351699999999994,2.7886999969089814],[46.3448,2.7700999969292597],[46.339099999999995,2.7617999969382985],[46.33440000000001,2.758199996942226],[46.317499999999995,2.7518999969490703],[46.30769999999999,2.736099996966321],[46.2998,2.71589999698831],[46.2894,2.6962999970097057],[46.275299999999994,2.6859999970209523],[46.23649999999999,2.667699997040938],[46.187899999999985,2.616599997096734],[46.1505,2.5772999971396677],[46.1425,2.56889999714886],[46.131,2.5539999971651297],[46.11440000000001,2.5232999971987233],[46.1051,2.5106999972125132],[46.06569999999999,2.485799997239767],[46.06289999999999,2.483999997241757],[46.0625,2.4831999972426195],[46.0475,2.4550999972734036],[46.02689999999999,2.438299997291828],[45.9611,2.3957999973383983],[45.8615,2.3314999974089834],[45.82639999999999,2.308899997433782],[45.71189999999999,2.244299997504747],[45.6835,2.227899997522772],[45.66009999999999,2.214499997537492],[45.534399999999984,2.1419999976172686]]]}},{"type":"Feature","properties":{"ADMIN":"SomaliaROC","ISO_A3":"SOM","admin_source":"World Bank GAD, artifact wb_boundaries_20260820","admin_units":"Bari, Galgaduud, Mudug, Nugaal"},"geometry":{"type":"Polygon","coordinates":[[[49.5934,7.326499992287768],[49.58659999999999,7.31469999229867],[49.580199999999984,7.307499992305359],[49.520399999999995,7.239599992368379],[49.36699999999999,7.025699992568361],[49.321499999999986,6.93639999265251],[49.31589999999999,6.9254999926627745],[49.3066,6.907199992680111],[49.293199999999985,6.880999992704888],[49.2693,6.8444999927394985],[49.247099999999996,6.810599992771682],[49.2451,6.8047999927772285],[49.19780000000001,6.67359999290234],[49.10289999999999,6.474399993093899],[49.074699999999986,6.41529999315105],[49.0722,6.393299993172375],[49.07399999999999,6.37079999319421],[49.0756,6.363799993201015],[49.083299999999994,6.328999993234805],[49.085499999999996,6.307399993255836],[49.0715,6.219999993341111],[49.0362,6.144299993415216],[48.963499999999996,6.019399993538053],[48.8502,5.824699993730823],[48.8501,5.824399993731073],[48.8283,5.79099999376432],[48.76109999999999,5.6875999938674955],[48.707899999999995,5.605699993949507],[48.696,5.587399993967856],[48.6941,5.583299993971981],[48.64670000000001,5.480099994075809],[48.61999999999999,5.44409999411211],[48.55809999999999,5.384699994172153],[48.547999999999995,5.375099994181866],[48.5416,5.364399994192683],[48.5353,5.353899994203319],[48.516,5.32179999423586],[48.44789999999999,5.2087999943507155],[48.3288,5.0796999944824925],[48.26819999999999,4.997799994566416],[48.2024,4.9089999946576555],[48.1165,4.735899994836383],[48.0555,4.612999994963881],[47.982599999999984,4.506699995074587],[47.979099999999995,4.501599995079871],[47.9486,4.457199995126212],[47.7575,4.2523999953408715],[47.7008,4.1916999954047025],[47.6967,4.187299995409345],[47.577799999999996,4.059899995543762],[47.54449999999999,4.013499995592846],[47.4893,3.9363999956745346],[47.3355,3.7788999958419427],[47.01299999999999,3.4410999962032416],[46.8341,3.23249999642782],[46.7817,3.185899996478126],[46.7978,3.2021999964605192],[46.8438,3.2541999964044077],[46.863699999999994,3.283299996373009],[46.92799999999999,3.361599996288704],[47.0037,3.4407999962035607],[47.0372,3.4731999961687845],[47.0368,3.473099996168868],[46.390999999999984,3.8914999957221634],[46.401,4.231499995362843],[46.39679999999999,4.234799995359372],[46.151,4.431399995153182],[46.11099999999999,4.741399994830666],[46.21099999999999,4.941399994624359],[46.22979999999999,5.0732999944890524],[46.23100000000001,5.081399994480759],[46.041,5.031399994531964],[45.71099999999999,5.11139999445008],[45.672799999999995,5.187699994372225],[45.5362,5.486199994069666],[45.0814,5.019499994544165],[44.9817,4.917299994649145],[44.9755,4.917599994648821],[44.970499999999994,4.9132999946532525],[44.9443,4.91459999465191],[45.9359,5.996699993560437],[46.424,6.496699993072341],[47.97919999999999,7.996599991679199],[46.9791,7.996599991679199],[46.9205,8.0256999916533],[45.5985,8.468499991265045],[44.02389999999999,8.985499990825687],[43.9847,9.008399990806545],[43.621399999999994,9.336999990535867],[43.6074,9.34469999052957],[43.59120000000001,9.343599990530468],[43.56669999999998,9.334399990537985],[43.5483,9.33609999053657],[43.4191,9.413099990474073],[43.4061,9.428699990461448],[43.4018,9.447499990446257],[43.39929999999999,9.480899990419333],[43.3932,9.498999990404766],[43.37049999999999,9.544199990368481],[43.3615,9.553199990361257],[43.3413,9.566399990350716],[43.33160000000001,9.57509999034376],[43.3171,9.604499990320287],[43.3279,9.603199990321293],[43.3889,9.559399990356322],[43.41029999999999,9.52859999038102],[43.4134,9.503899990400825],[43.43139999999999,9.473699990425125],[43.43879999999999,9.446699990446904],[43.462299999999985,9.416399990471431],[43.485499999999995,9.39899999048551],[43.527499999999996,9.380999990500078],[43.5673,9.369999990509],[43.5875,9.360899990516392],[43.608299999999986,9.358899990518045],[43.643,9.356799990519756],[43.8374,9.16179999067939],[43.9953,9.003199990810904],[44.113,8.96509999084271],[44.4066,8.86789999092427],[44.5761,8.811599990971741],[44.691,8.774299991003293],[44.98510000000001,8.67629999108661],[45.291000000000004,8.57449999117373],[45.4653,8.516499991223622],[45.8096,8.401599991323021],[45.8939,8.37459999134646],[46.0903,8.307799991404718],[46.2015,8.27009999143768],[46.49699999999999,8.170999991524747],[46.67199999999998,8.112199991576649],[46.9991,8.002099991674305],[47.01279999999999,8.001299991675022],[47.0663,8.002099991674305],[47.266299999999994,8.001999991674415],[47.34739999999999,8.001399991674937],[47.5701,8.002099991674305],[47.9212,8.001299991675022],[48.13099999999999,8.211099991489435],[48.051,8.241099991463095],[48.561,8.780999990997623],[48.731,8.780999990997623],[49.08109999999999,9.140499990696979],[49.061099999999996,9.570999990347035],[49.04109999999999,10.350899989742203],[49.03589999999999,10.570499989578892],[49.0311,10.780899989425345],[48.95159999999999,11.1060999891938],[48.9186,11.24099998909981],[48.8828,11.247899989095025],[48.825999999999986,11.270899989079153],[48.8889,11.250599989093178],[48.9041,11.247699989095171],[48.97679999999999,11.251399989092624],[49.0539,11.265799989082648],[49.1322,11.280299989072656],[49.215599999999995,11.295799989061967],[49.239599999999996,11.300199989058946],[49.24739999999999,11.303599989056625],[49.2781,11.316999989047384],[49.293199999999985,11.337999989032975],[49.3033,11.345499989027847],[49.325599999999994,11.335199989034905],[49.3357,11.33459998903531],[49.4001,11.34049998903128],[49.41919999999999,11.34479998902831],[49.43509999999999,11.350999989024105],[49.488699999999994,11.381799989003015],[49.5074,11.38529998900063],[49.5159,11.39029998899724],[49.52179999999999,11.393799988994836],[49.5269,11.403399988988294],[49.54449999999999,11.436799988965566],[49.5585,11.453499988954288],[49.576899999999995,11.460099988949786],[49.5996,11.461799988948622],[49.64459999999999,11.460399988949568],[49.666199999999996,11.471099988942333],[49.6752,11.47399998894041],[49.675799999999995,11.47399998894041],[49.68670000000001,11.474399988940114],[49.7162,11.467799988944575],[49.73169999999999,11.466199988945668],[49.7945,11.459499988950183],[49.8048,11.458399988950966],[49.816500000000005,11.459999988949868],[49.8359,11.462799988947944],[49.8512,11.464999988946468],[49.8543,11.467399988944871],[49.8807,11.488299988930706],[49.88869999999999,11.487299988931401],[49.9063,11.49869998892369],[49.9128,11.500499988922474],[49.91779999999999,11.501899988921533],[49.9265,11.507599988917686],[49.93439999999999,11.512899988914125],[49.942299999999996,11.515599988912307],[49.946099999999994,11.515199988912578],[49.94949999999999,11.514899988912765],[49.962799999999994,11.508799988916918],[49.97499999999999,11.509099988916674],[50.0539,11.51129998891522],[50.072599999999994,11.508799988916918],[50.1317,11.539899988895968],[50.1511,11.557999988883822],[50.161899999999996,11.563399988880214],[50.197599999999994,11.562699988880668],[50.2253,11.578199988870276],[50.2685,11.58929998886284],[50.2872,11.601299988854828],[50.289,11.60249998885405],[50.3097,11.618999988843045],[50.37219999999999,11.668899988809866],[50.4182,11.677999988803851],[50.43699999999999,11.69059998879553],[50.4704,11.727799988770942],[50.500699999999995,11.75489998875309],[50.5126,11.771199988742419],[50.5176,11.792699988728328],[50.519,11.815299988713553],[50.522999999999996,11.837899988698807],[50.529499999999985,11.859499988684767],[50.5385,11.878699988672299],[50.5612,11.907899988653387],[50.5759,11.920899988644992],[50.589999999999996,11.926499988641392],[50.6022,11.927899988640487],[50.6274,11.940099988632634],[50.636399999999995,11.951699988625155],[50.641099999999994,11.954399988623413],[50.6472,11.95409998862363],[50.65579999999999,11.948399988627271],[50.66159999999999,11.947499988627856],[50.6828,11.953399988624078],[50.72500000000001,11.971099988612695],[50.76169999999998,11.978699988607815],[50.77210000000001,11.98569998860331],[50.798,11.98919998860108],[50.862099999999984,11.94629998862863],[50.8672,11.942899988630808],[50.9007,11.939499988632994],[50.970099999999995,11.932299988637634],[51.015999999999984,11.89569998866127],[51.029199999999996,11.885099988668166],[51.03839999999999,11.882099988670081],[51.049,11.878699988672299],[51.1278,11.878699988672299],[51.1472,11.873699988675554],[51.18109999999999,11.85539998868742],[51.199799999999996,11.85129998869009],[51.22279999999999,11.850799988690422],[51.24699999999999,11.847599988692501],[51.26409999999999,11.840799988696952],[51.26749999999999,11.83949998869776],[51.28329999999999,11.835499988700391],[51.292699999999996,11.833199988701889],[51.28649999999999,11.82009998871043],[51.27719999999999,11.800499988723212],[51.2748,11.79159998872905],[51.26639999999999,11.75929998875022],[51.259,11.746099988758905],[51.2495,11.728799988770263],[51.250699999999995,11.71959998877636],[51.25560000000001,11.681899988801254],[51.25560000000001,11.681599988801466],[51.253,11.672099988807759],[51.24769999999999,11.65239998882081],[51.2297,11.635799988831836],[51.212399999999995,11.607899988850445],[51.18109999999999,11.578899988869793],[51.147999999999996,11.536099988898524],[51.1457,11.533699988900148],[51.12489999999999,11.51179998891487],[51.121,11.505299988919258],[51.121999999999986,11.494199988926724],[51.12619999999999,11.477299988938153],[51.1278,11.470799988942534],[51.12609999999999,11.456999988951905],[51.12489999999999,11.44789998895805],[51.118399999999994,11.42629998897273],[51.08599999999999,11.357199989019833],[51.0814,11.341499989030575],[51.0793,11.278599989073824],[51.0792,11.27589998907571],[51.079,11.274699989076527],[51.0724,11.233799989104797],[51.08599999999999,11.188099989136507],[51.0923,11.184299989139163],[51.131,11.160699989155589],[51.1746,11.158699989157013],[51.1894,11.13819998917133],[51.17339999999999,11.124399989180974],[51.16449999999999,11.116799989186283],[51.1422,11.068399989220264],[51.13139999999999,11.0529999892311],[51.12380000000001,11.038799989241154],[51.118399999999994,11.016899989256602],[51.115199999999994,10.993399989273236],[51.11919999999999,10.938799989312013],[51.13819999999999,10.676699989501026],[51.140100000000004,10.670199989505763],[51.150499999999994,10.633699989532422],[51.1576,10.608699989550782],[51.160599999999995,10.59849998955827],[51.154399999999995,10.58769998956621],[51.13139999999999,10.583999989568925],[51.10730000000001,10.576599989574387],[51.1019,10.558499989587705],[51.10730000000001,10.514999989619872],[51.102199999999996,10.494699989634874],[51.0922,10.48209998964426],[51.07699999999999,10.475799989648914],[51.0558,10.474099989650187],[51.036,10.467499989655058],[51.0184,10.452099989666516],[51.01009999999999,10.433999989680013],[51.0184,10.419399989690913],[51.0382,10.416099989693379],[51.044,10.417299989692493],[51.19039999999999,10.446199989670921],[51.211999999999996,10.441899989674136],[51.2203,10.44199998967407],[51.2239,10.449899989668177],[51.2209,10.45769998966236],[51.2196,10.461099989659845],[51.214400000000005,10.463999989657708],[51.2009,10.471499989652088],[51.1966,10.477399989647724],[51.19579999999999,10.500299989630728],[51.193,10.521199989615258],[51.186799999999984,10.54159998960019],[51.176,10.56279998958455],[51.1919,10.548899989594824],[51.20740000000001,10.538099989602756],[51.22070000000001,10.52489998961253],[51.2466,10.50919998962413],[51.25809999999999,10.503899989628058],[51.27039999999999,10.495399989634356],[51.292699999999996,10.480099989645709],[51.2945,10.479699989646026],[51.32509999999999,10.47279998965113],[51.325799999999994,10.472699989651238],[51.3359,10.474699989649743],[51.346,10.480499989645415],[51.3522,10.482299989644078],[51.357099999999996,10.483699989643034],[51.39529999999999,10.479099989646443],[51.40319999999999,10.456799989663068],[51.4169,10.447499989669966],[51.40579999999999,10.41809998969188],[51.4053,10.416699989692937],[51.3974,10.395799989708529],[51.3925,10.394099989709842],[51.3852,10.391499989711763],[51.3755,10.383699989717602],[51.37440000000001,10.382799989718299],[51.37259999999999,10.381399989719323],[51.373599999999996,10.37759998972217],[51.37619999999999,10.367799989729537],[51.3676,10.367799989729537],[51.3621,10.36999998972786],[51.3496,10.375099989724033],[51.3459,10.374899989724215],[51.3362,10.374299989724658],[51.32769999999999,10.37649998972299],[51.32,10.378499989721501],[51.309099999999994,10.375099989724033],[51.301,10.372599989725895],[51.2937,10.373999989724854],[51.2851,10.375599989723659],[51.27289999999999,10.377899989721945],[51.27109999999999,10.382399989718557],[51.26789999999999,10.390499989712506],[51.2653,10.396799989707816],[51.2628,10.408599989698978],[51.256699999999995,10.420299989690228],[51.25519999999999,10.420799989689872],[51.24079999999999,10.425599989686294],[51.233599999999996,10.424699989686962],[51.0953,10.407899989699477],[51.08999999999999,10.407299989699963],[51.0872,10.406299989700704],[51.0173,10.381899989718942],[50.9273,10.32779998975956],[50.90999999999999,10.295599989783817],[50.901700000000005,10.23439998983011],[50.91289999999999,10.1768999898738],[50.88709999999999,10.110199989924777],[50.88369999999999,10.101299989931578],[50.8888,10.055699989966627],[50.897299999999994,10.032099989984786],[50.9003,10.023999989991047],[50.901700000000005,10.011699990000556],[50.89989999999999,10.000699990009052],[50.89979999999999,10.000599990009121],[50.8909,9.986099990020335],[50.8869,9.965399990036392],[50.87899999999999,9.92429999006831],[50.87779999999999,9.91769999007344],[50.8776,9.91669999007421],[50.88119999999999,9.905499990082946],[50.8697,9.884499990099298],[50.8696,9.88429999009945],[50.867399999999996,9.877999990104374],[50.8632,9.86599999011374],[50.8542,9.816099990152827],[50.8434,9.787399990175372],[50.8405,9.779699990181427],[50.83329999999999,9.768899990189947],[50.83489999999999,9.760799990196313],[50.838699999999996,9.74099999021195],[50.83189999999999,9.712099990234794],[50.8306,9.702199990242613],[50.828799999999994,9.686999990254684],[50.8243,9.651099990283146],[50.8175,9.640999990291206],[50.80629999999999,9.62449999030432],[50.8058,9.60379999032084],[50.8056,9.593999990328621],[50.813199999999995,9.541199990370895],[50.8364,9.478399990421341],[50.8369,9.477099990422403],[50.8405,9.456199990439274],[50.8374,9.43799999045394],[50.83729999999999,9.437099990454646],[50.8304,9.419699990468752],[50.81669999999999,9.397599990486626],[50.801,9.37219999050724],[50.76819999999999,9.319199990550372],[50.76,9.312799990555579],[50.7484,9.303499990563127],[50.7062,9.285699990577701],[50.6893,9.27489999058654],[50.6767,9.259299990599274],[50.6468,9.211299990638635],[50.641099999999994,9.1963999906509],[50.649399999999986,9.132499990703577],[50.64829999999999,9.110399990721865],[50.63349999999999,9.073199990752679],[50.61419999999999,9.049899990772024],[50.6044,9.037899990782007],[50.582,9.020299990796657],[50.4949,8.951999990853656],[50.464,8.92049999088007],[50.43979999999999,8.888199990907165],[50.4248,8.861699990929479],[50.4222,8.85709999093335],[50.410199999999996,8.823099990962056],[50.40779999999999,8.816399990967682],[50.3955,8.76009999101534],[50.3898,8.733599991037835],[50.389099999999985,8.73209999103911],[50.3743,8.698899991067341],[50.326399999999985,8.641199991116563],[50.319599999999994,8.620299991134466],[50.32249999999999,8.559799991186331],[50.319599999999994,8.541899991201737],[50.303399999999996,8.504699991233808],[50.290099999999995,8.486799991249242],[50.27499999999999,8.479199991255792],[50.2562,8.472599991261493],[50.246199999999995,8.456399991275513],[50.23029999999999,8.41769999130906],[50.168299999999995,8.336199991379935],[50.156499999999994,8.320599991393555],[50.1414,8.287999991421996],[50.113,8.199599991499559],[50.0935,8.165599991529461],[50.091,8.16109999153344],[50.0582,8.130299991560644],[49.959599999999995,8.070199991613794],[49.929300000000005,8.051699991630226],[49.8422,7.962699991709445],[49.82419999999999,7.933999991735054],[49.8187,7.916999991750244],[49.8123,7.897599991767623],[49.80469999999999,7.837599991821495],[49.8033,7.82689999183111],[49.80870000000001,7.814999991841838],[49.8103,7.813999991842726],[49.823499999999996,7.805299991850544],[49.825,7.797099991857934],[49.8272,7.784499991869307],[49.82749999999999,7.782999991870654],[49.824899999999985,7.7577999918934015],[49.82149999999999,7.7470999919030445],[49.8192,7.739899991909572],[49.7907,7.699599991946033],[49.76089999999999,7.667399991975259],[49.7522,7.650299991990808],[49.7483,7.606699992030464],[49.7443,7.58909999204653],[49.6413,7.409899992210764],[49.5934,7.326499992287768]]]}}]}