{"type":"FeatureCollection","name":"zones_custom","source":"World Bank GAD, artifact wb_boundaries_20260820","crs":{"type":"name","properties":{"name":"urn:ogc:def:crs:OGC:1.3:CRS84"}},"features":[{"type":"Feature","properties":{"ADMIN":"Trakia","ISO_A3":"TUR","admin_source":"World Bank GAD, artifact wb_boundaries_20260820","admin_units":"Edirne, Istanbul, Kirklareli, Tekirdag"},"geometry":{"type":"MultiPolygon","coordinates":[[[[29.0234,40.993299993629684],[29.0184,41.003899993634604],[29.0148,41.0174999936409],[29.013,41.0205999936423],[29.007600000000004,41.03039999364685],[29.025899999999996,41.03829999365049],[29.0461,41.05539999365838],[29.0545,41.06629999366341],[29.062300000000004,41.07629999366804],[29.071,41.099999993678956],[29.0763,41.11439999368561],[29.088199999999993,41.128899993692286],[29.08949999999999,41.134899993695036],[29.0907,41.1408999936978],[29.0728,41.15069999370227],[29.069100000000002,41.15279999370326],[29.0738,41.1581999937057],[29.092299999999994,41.180099993715764],[29.092500000000005,41.18039999371595],[29.129999999999995,41.211899993730405],[29.1696,41.232999993740066],[29.20629999999999,41.2291999937383],[29.216,41.23929999374294],[29.2318,41.24059999374359],[29.419799999999995,41.21429999373148],[29.618099999999995,41.17889999371525],[29.618800000000004,41.178799993715195],[29.6217,41.17849999371509],[29.8845,41.148899993701455],[30.1369,41.14369999369907],[30.1653,41.14659999370038],[30.1801,41.151499993702686],[30.1919,41.15799999370562],[30.179800000000004,41.148699993701364],[30.155099999999994,41.13879999369678],[30.1178,41.143199993698865],[30.1056,41.13689999369594],[30.0737,41.13389999369459],[30.030600000000003,41.1397999936973],[29.9794,41.13449999369487],[29.921500000000005,41.14189999369822],[29.9135,41.11599999368632],[29.93199999999999,41.09819999367814],[29.92589999999999,41.08799999367345],[29.8818,41.06919999366475],[29.8832,41.05319999365735],[29.869500000000002,41.02979999364658],[29.8507,41.01139999363804],[29.847199999999997,41.010199993637485],[29.830099999999998,41.00759999363631],[29.801000000000002,41.01289999363874],[29.7707,41.028499993646],[29.7311,41.041399993651936],[29.698199999999993,41.01399999363925],[29.6823,40.975299993621384],[29.634299999999993,40.97509999362123],[29.6111,40.987199993626895],[29.606,41.02859999364603],[29.587699999999995,41.04339999365283],[29.56169999999999,41.05129999365653],[29.5172,41.028799993646075],[29.516699999999993,40.99729999363157],[29.4432,40.93969999360488],[29.4499,40.91309999359254],[29.4173,40.90009999358649],[29.4128,40.88899999358132],[29.396200000000004,40.881899993578024],[29.373600000000003,40.87129999357308],[29.36189999999999,40.85679999356638],[29.359799999999996,40.835499993556475],[29.3431,40.81729999354803],[29.347,40.801599993540705],[29.339700000000004,40.80719999354327],[29.3395,40.80769999354352],[29.333400000000005,40.81489999354689],[29.315399999999993,40.82449999355133],[29.311,40.81819999354838],[29.3017,40.82449999355133],[29.2934,40.818599993548595],[29.276000000000003,40.81509999354692],[29.2545,40.810699993544915],[29.2545,40.816999993547846],[29.26419999999999,40.81789999354825],[29.270699999999998,40.821799993550094],[29.274,40.82879999355331],[29.274699999999996,40.83879999355798],[29.280000000000005,40.83579999355659],[29.2884,40.83119999355446],[29.2884,40.83779999355753],[29.294800000000002,40.83879999355798],[29.288900000000005,40.84559999356116],[29.2838,40.85159999356392],[29.283699999999996,40.85169999356398],[29.263899999999992,40.869699993572375],[29.240800000000004,40.882599993578346],[29.220300000000005,40.87969999357703],[29.201200000000004,40.89389999358361],[29.144700000000004,40.91409999359297],[29.1242,40.92689999359893],[29.103699999999996,40.9466999936081],[29.083199999999998,40.95959999361412],[29.0355,40.97899999362307],[29.028100000000002,40.981999993624456],[29.030800000000003,40.983499993625145],[29.032800000000005,40.984499993625604],[29.0349,40.989499993627966],[29.0234,40.993299993629684]]],[[[27.8606,40.978499993622876],[27.84979999999999,40.98419999362548],[27.8298,40.994899993630426],[27.815199999999997,41.00259999363399],[27.7793,41.01029999363758],[27.7761,41.01089999363785],[27.776,41.01089999363785],[27.770800000000005,41.011199993637945],[27.7378,41.01269999363865],[27.735099999999996,41.01239999363852],[27.523999999999994,40.9891999936278],[27.493,40.975299993621384],[27.4718,40.94179999360589],[27.446599999999997,40.86169999356865],[27.424599999999998,40.83119999355446],[27.330699999999997,40.760899993521704],[27.287799999999997,40.703499993494866],[27.198200000000003,40.65319999347128],[27.1777,40.63259999346166],[27.166899999999995,40.62979999346031],[27.142799999999998,40.62739999345924],[27.115399999999998,40.613699993452805],[27.068599999999996,40.6143999934531],[27.047399999999993,40.61219999345213],[27.030400000000004,40.60149999344709],[27.0016,40.57029999343241],[26.992199999999997,40.56509999342998],[26.9749,40.58579999343967],[26.974999999999998,40.612499993452225],[26.9966,40.65329999347135],[27.020299999999995,40.683399993485494],[27.0113,40.708299993497135],[26.9908,40.722999993503976],[26.953200000000002,40.735999993510035],[26.918300000000002,40.73929999351162],[26.8482,40.73879999351136],[26.8003,40.731299993507875],[26.763899999999996,40.69979999349313],[26.762899999999995,40.678299993483066],[26.772399999999998,40.65839999347371],[26.7144,40.65129999347042],[26.6776,40.63939999346488],[26.6092,40.63939999346488],[26.581899999999994,40.63299999346182],[26.5056,40.598499993445664],[26.482099999999996,40.610499993451306],[26.478999999999996,40.612099993452006],[26.477099999999997,40.61309999345255],[26.461299999999994,40.61749999345458],[26.4447,40.61899999345529],[26.3998,40.60409999344827],[26.3997,40.60409999344827],[26.3994,40.60419999344835],[26.373099999999994,40.6143999934531],[26.3562,40.61299999345247],[26.3025,40.60109999344685],[26.117500000000003,40.60189999344723],[26.095699999999997,40.60479999344862],[26.091199999999997,40.605399993448906],[26.07679999999999,40.611799993451925],[26.068499999999997,40.6270999934591],[26.0683,40.62789999345944],[26.062400000000004,40.64539999346766],[26.0618,40.64649999346819],[26.053799999999995,40.66059999347481],[26.061,40.67579999348192],[26.0584,40.695399993491066],[26.0581,40.697699993492186],[26.0571,40.6998999934932],[26.051999999999996,40.710999993498376],[26.047999999999995,40.71959999350239],[26.037899999999993,40.73019999350735],[26.033199999999997,40.73499999350958],[26.043999999999997,40.73849999351123],[26.08149999999999,40.735499993509805],[26.1124,40.74689999351515],[26.126099999999994,40.75949999352103],[26.134399999999996,40.76709999352458],[26.141,40.78749999353412],[26.143,40.79369999353699],[26.158199999999997,40.812199993545605],[26.208099999999998,40.844699993560745],[26.212200000000003,40.84739999356198],[26.204999999999995,40.858399993567105],[26.205499999999997,40.86369999356958],[26.2057,40.864999993570216],[26.208599999999997,40.86839999357176],[26.218599999999995,40.871999993573425],[26.2125,40.87309999357392],[26.2111,40.874699993574666],[26.211799999999997,40.87939999357685],[26.220999999999997,40.88229999357821],[26.2251,40.883599993578834],[26.2252,40.88439999357922],[26.226199999999995,40.89929999358614],[26.2323,40.885599993579795],[26.239199999999993,40.885599993579795],[26.2464,40.89139999358247],[26.252099999999995,40.900499993586656],[26.252199999999995,40.90079999358678],[26.253199999999996,40.90299999358783],[26.2604,40.92039999359594],[26.266499999999997,40.92039999359594],[26.2752,40.9101999935912],[26.282399999999996,40.9071999935898],[26.290599999999998,40.90599999358926],[26.297099999999993,40.907499993589894],[26.303999999999995,40.90899999359066],[26.3032,40.91549999359366],[26.295399999999997,40.92519999359817],[26.294199999999993,40.926699993598824],[26.306499999999996,40.93599999360319],[26.334900000000005,40.946299993607916],[26.349,40.954599993611744],[26.351,40.9565999936127],[26.359,40.96469999361647],[26.3562,40.96819999361809],[26.3464,40.97169999361968],[26.335999999999995,40.981899993624424],[26.3355,40.98359999362525],[26.3331,40.99079999362857],[26.335999999999995,40.99709999363149],[26.344600000000003,41.00109999363331],[26.359399999999997,41.00229999363384],[26.359799999999993,41.00239999363392],[26.367999999999995,41.00759999363631],[26.374900000000004,41.019399993641755],[26.3742,41.03109999364716],[26.347499999999993,41.04099999365172],[26.338899999999995,41.05159999365662],[26.3252,41.07399999366696],[26.3223,41.08849999367368],[26.3239,41.09079999367473],[26.331600000000005,41.102399993680066],[26.3396,41.11439999368561],[26.332399999999996,41.1189999936877],[26.318899999999996,41.12189999368906],[26.3173,41.12229999368925],[26.3173,41.13039999369294],[26.332699999999996,41.148699993701364],[26.335999999999995,41.15259999370314],[26.324099999999998,41.169899993711105],[26.321499999999997,41.18429999371774],[26.3209,41.1874999937192],[26.3219,41.19189999372123],[26.3256,41.20699999372816],[26.335999999999995,41.228899993738175],[26.3206,41.2461999937461],[26.3317,41.2540999937497],[26.351100000000002,41.25559999375044],[26.395,41.25889999375193],[26.411999999999992,41.26569999375504],[26.438599999999994,41.28359999376322],[26.465100000000003,41.296599993769185],[26.466299999999997,41.29719999376947],[26.470899999999993,41.30169999377155],[26.478899999999996,41.3095999937751],[26.488699999999998,41.31079999377568],[26.4894,41.310899993775706],[26.5185,41.33439999378643],[26.5401,41.351799993794394],[26.550600000000003,41.34179999378983],[26.569599999999994,41.333499993786035],[26.5912,41.32939999378417],[26.603299999999997,41.330199993784525],[26.609599999999993,41.33059999378474],[26.622599999999995,41.34039999378922],[26.6252,41.345399993791446],[26.6279,41.350499993793804],[26.6316,41.35749999379698],[26.636599999999998,41.37839999380648],[26.6362,41.39959999381619],[26.632299999999994,41.41969999382534],[26.616099999999996,41.46839999384746],[26.611,41.505699993864354],[26.605999999999998,41.52299999387216],[26.5957,41.53719999387866],[26.5956,41.53739999387868],[26.596499999999995,41.53899999387944],[26.6017,41.547299993883215],[26.5977,41.57319999389487],[26.602400000000003,41.585099993900236],[26.598399999999998,41.590799993902834],[26.5963,41.59749999390587],[26.5956,41.612399993912575],[26.593,41.609499993911285],[26.5765,41.59089999390286],[26.5664,41.59869999390638],[26.520999999999997,41.61639999391442],[26.4645,41.64849999392888],[26.473199999999995,41.66109999393448],[26.4751,41.671099993939016],[26.475999999999996,41.67569999394111],[26.4602,41.678699993942416],[26.450299999999995,41.68199999394393],[26.4429,41.684399993945],[26.4393,41.685099993945315],[26.404399999999995,41.691799993948344],[26.377399999999998,41.710599993956805],[26.359799999999993,41.71489999395872],[26.354099999999992,41.71449999395855],[26.3335,41.71299999395787],[26.3234,41.72359999396261],[26.3162,41.74379999397166],[26.3202,41.7653999939814],[26.334199999999992,41.78939999399212],[26.3613,41.80719999400011],[26.3756,41.81659999400428],[26.4782,41.81319999400277],[26.5228,41.823499994007335],[26.526099999999992,41.82419999400772],[26.5394,41.83789999401381],[26.5477,41.856299994022024],[26.553399999999996,41.88759999403601],[26.559900000000003,41.90739999404484],[26.556699999999996,41.910599994046215],[26.5448,41.9163999940488],[26.543000000000003,41.920399994050584],[26.546999999999997,41.92679999405345],[26.5606,41.93569999405738],[26.5894,41.958699994067636],[26.6056,41.96729999407143],[26.623599999999996,41.968999994072185],[26.628899999999998,41.9683999940719],[26.717600000000004,41.95729999406701],[26.736699999999995,41.95889999406768],[26.7408,41.96109999406867],[26.7471,41.964499994070216],[26.7687,41.9807999940774],[26.780599999999996,41.983299994078564],[26.781899999999997,41.98289999407836],[26.789999999999996,41.97989999407705],[26.8083,41.96789999407173],[26.8195,41.96559999407068],[26.827800000000003,41.968699994072075],[26.8326,41.971599994073344],[26.847799999999996,41.98039999407727],[26.8482,41.98059999407732],[26.8609,41.98789999408058],[26.8663,41.98799999408062],[26.8717,41.988099994080656],[26.880999999999997,41.98549999407955],[26.8904,41.98529999407946],[26.8955,41.98919999408112],[26.901199999999992,41.99349999408305],[26.911300000000004,41.9967999940845],[26.918499999999998,41.99589999408412],[26.9304,41.994499994083526],[26.939000000000004,41.99619999408424],[26.9438,42.000399994086145],[26.9502,42.006099994088686],[26.9581,42.018299994094086],[26.967099999999995,42.02839999409856],[26.981099999999998,42.03289999410053],[26.982799999999994,42.0336999941009],[26.99139999999999,42.03809999410286],[27.000599999999995,42.04269999410485],[27.022500000000004,42.073799994118616],[27.0243,42.07439999411888],[27.0466,42.08289999412265],[27.065399999999993,42.08269999412258],[27.0837,42.07839999412066],[27.100599999999993,42.07109999411742],[27.1161,42.06179999411332],[27.1496,42.06179999411332],[27.1737,42.05699999411118],[27.177999999999997,42.05829999411176],[27.181599999999996,42.065799994115075],[27.187899999999992,42.072099994117856],[27.203999999999997,42.08809999412494],[27.216599999999996,42.09549999412819],[27.2208,42.095999994128405],[27.238200000000003,42.097799994129204],[27.27339999999999,42.09169999412654],[27.3051,42.07749999412026],[27.3325,42.057299994111325],[27.375000000000004,42.008699994089795],[27.3969,41.98939999408126],[27.4207,41.97359999407424],[27.4945,41.942799994060536],[27.509599999999995,41.933099994056256],[27.533,41.90809999404511],[27.5463,41.901099994042],[27.559599999999996,41.90529999404389],[27.5604,41.905599994044],[27.5629,41.90639999404436],[27.561099999999996,41.90689999404455],[27.555400000000002,41.9086999940454],[27.548799999999996,41.91079999404629],[27.5512,41.912099994046905],[27.5607,41.91769999404939],[27.5521,41.9217999940512],[27.550599999999996,41.92419999405227],[27.572199999999995,41.92979999405477],[27.572499999999994,41.92989999405485],[27.582299999999996,41.934799994057016],[27.585199999999997,41.93759999405827],[27.59059999999999,41.942799994060536],[27.598199999999995,41.93859999405871],[27.603199999999998,41.93859999405871],[27.606799999999993,41.94339999406079],[27.6093,41.95339999406525],[27.681899999999995,41.96759999407159],[27.687099999999997,41.96859999407201],[27.723799999999997,41.96759999407159],[27.776,41.946099994061996],[27.7897,41.942699994060476],[27.803000000000004,41.94299999406065],[27.815199999999997,41.94669999406231],[27.8181,41.95289999406503],[27.809899999999992,41.95669999406672],[27.802599999999998,41.959999994068184],[27.8048,41.9698999940726],[27.8048,41.983299994078564],[27.807999999999993,41.99349999408305],[27.811999999999998,41.99469999408357],[27.823899999999995,41.99349999408305],[27.8523,41.995399994083925],[27.861,41.993699994083165],[27.876799999999996,41.99059999408176],[27.9034,41.98109999407757],[27.910299999999996,41.979499994076846],[27.917099999999994,41.97789999407613],[27.932300000000005,41.979199994076744],[27.942799999999995,41.980099994077094],[27.9661,41.98209999407804],[27.9699,41.981299994077645],[28.016799999999996,41.972499994073786],[28.0305,41.92449999405242],[28.0309,41.913799994047636],[28.035899999999994,41.91119999404651],[28.042399999999997,41.90479999404362],[28.0467,41.89709999404024],[28.044899999999995,41.89019999403716],[28.035899999999994,41.885899994035235],[28.0337,41.88619999403538],[28.0255,41.88729999403584],[28.008999999999997,41.8926999940382],[28.0071,41.89329999403852],[27.9906,41.89279999403826],[27.9776,41.88729999403584],[27.969,41.87369999402977],[27.9661,41.84899999401875],[27.971799999999998,41.8221999940068],[27.987000000000002,41.80399999399865],[28.003700000000002,41.78969999399227],[28.005000000000003,41.78859999399178],[28.007199999999997,41.78609999399063],[28.0212,41.77039999398362],[28.040199999999995,41.72529999396338],[28.0518,41.71199999395741],[28.078399999999995,41.69199999394845],[28.083099999999998,41.68149999394371],[28.0885,41.67679999394156],[28.089599999999997,41.670799993938864],[28.087,41.6670999939372],[28.076599999999996,41.6667999939371],[28.075900000000004,41.66049999393425],[28.0834,41.644899993927226],[28.097099999999998,41.62669999391904],[28.113299999999995,41.61159999391226],[28.1321,41.603199993908426],[28.1418,41.59899999390655],[28.156499999999998,41.584399993899936],[28.1613,41.57849999389729],[28.1778,41.55819999388812],[28.201100000000004,41.54159999388062],[28.2235,41.525599993873314],[28.2328,41.51899999387036],[28.2498,41.510999993866754],[28.3377,41.46949999384789],[28.384399999999996,41.447399993837905],[28.434399999999997,41.431299993830564],[28.6008,41.377399993806065],[28.752499999999998,41.322799993781146],[28.771299999999993,41.31599999377804],[28.8795,41.27699999376019],[28.9086,41.26649999375539],[28.9715,41.255799993750514],[29.007600000000004,41.249599993747694],[29.013,41.24809999374697],[29.014400000000002,41.24679999374641],[29.018,41.24359999374494],[29.024099999999994,41.24279999374454],[29.032000000000004,41.24489999374553],[29.032899999999998,41.2461999937461],[29.038199999999996,41.254399993749885],[29.044999999999998,41.256399993750804],[29.05,41.255799993750514],[29.051299999999994,41.25559999375044],[29.068799999999992,41.253599993749546],[29.090999999999994,41.24719999374657],[29.091700000000003,41.24699999374647],[29.093999999999998,41.246299993746184],[29.0955,41.245199993745636],[29.109099999999994,41.235299993741144],[29.099699999999995,41.21039999372974],[29.093899999999998,41.201999993725835],[29.086800000000004,41.1917999937212],[29.080600000000004,41.18569999371835],[29.069499999999998,41.17469999371333],[29.052199999999996,41.16709999370982],[29.0407,41.16419999370851],[29.0421,41.16059999370682],[29.043200000000002,41.157599993705446],[29.0515,41.14979999370183],[29.05549999999999,41.143999993699225],[29.056500000000003,41.14249999369852],[29.057199999999995,41.141499993698055],[29.065500000000004,41.13289999369408],[29.070599999999992,41.130099993692816],[29.068799999999992,41.12439999369015],[29.0682,41.12379999368991],[29.0644,41.11959999368797],[29.062300000000004,41.11929999368783],[29.060699999999994,41.11069999368389],[29.058699999999998,41.09949999367875],[29.056699999999996,41.0945999936765],[29.0515,41.081799993670586],[29.0421,41.06629999366341],[29.031299999999995,41.053899993657694],[29.0234,41.04869999365528],[29.0054,41.04439999365328],[28.997499999999995,41.039799993651165],[28.9926,41.034399993648705],[28.989599999999992,41.03099999364714],[28.988499999999995,41.02169999364283],[28.989599999999992,41.017099993640734],[28.992399999999996,41.01369999363916],[28.992399999999996,41.008199993636595],[28.986299999999996,41.00259999363399],[28.981999999999992,41.00159999363353],[28.976399999999998,41.001999993633724],[28.960400000000003,41.00289999363413],[28.9518,41.00859999363677],[28.945999999999998,41.00939999363713],[28.9406,41.00679999363592],[28.928399999999996,40.995799993630854],[28.917600000000004,40.99359999362983],[28.899199999999993,40.98419999362548],[28.892799999999994,40.982999993624944],[28.889,40.98229999362463],[28.849900000000005,40.975299993621384],[28.833699999999993,40.963899993616074],[28.8222,40.96159999361504],[28.803200000000004,40.962299993615346],[28.7977,40.96259999361553],[28.7858,40.96559999361685],[28.781100000000002,40.97189999361976],[28.770299999999995,40.97929999362325],[28.756899999999998,40.97979999362345],[28.7451,40.98019999362365],[28.6252,40.96839999361817],[28.595499999999998,40.977899993622565],[28.595400000000005,40.977899993622565],[28.5956,40.97869999362294],[28.6036,41.00939999363713],[28.591799999999996,41.01879999364146],[28.5849,41.02199999364296],[28.5756,41.023699993643746],[28.582399999999996,41.046299993654195],[28.572299999999995,41.06649999366349],[28.551799999999997,41.08049999366997],[28.527699999999996,41.085099993672095],[28.53269999999999,41.07059999366538],[28.5547,41.05359999365753],[28.562599999999996,41.03669999364975],[28.562999999999995,41.02669999364513],[28.5607,41.01379999363918],[28.5604,41.012199993638475],[28.553599999999992,40.998299993631996],[28.5414,40.989499993627966],[28.539,40.98969999362801],[28.5302,40.99069999362849],[28.512599999999996,40.99259999362934],[28.492199999999997,41.00839999363667],[28.4607,41.032799993647934],[28.4352,41.04289999365259],[28.402000000000005,41.04729999365462],[28.3329,41.06649999366349],[28.298,41.070899993665584],[28.2642,41.070899993665584],[28.2559,41.07319999366661],[28.2451,41.08289999367108],[28.2368,41.085099993672095],[28.1994,41.07849999366907],[28.1817,41.07759999366863],[28.16519999999999,41.085099993672095],[28.1173,41.07119999366571],[28.1101,41.067799993664124],[28.100399999999997,41.067799993664124],[28.044899999999995,41.05039999365609],[28.032899999999998,41.048099993655036],[28.030199999999994,41.04759999365483],[28.0129,41.040699993651586],[27.9974,41.03199999364759],[27.986599999999992,41.023699993643746],[27.9643,40.99619999363105],[27.9578,40.98329999362506],[27.9586,40.97919999362316],[27.959199999999996,40.975299993621384],[27.958999999999993,40.975299993621384],[27.9412,40.97099999361935],[27.8606,40.978499993622876]]]]}},{"type":"Feature","properties":{"ADMIN":"WestAna","ISO_A3":"TUR","admin_source":"World Bank GAD, artifact wb_boundaries_20260820","admin_units":"Aydin, Balikesir, Canakkale, Izmir, Manisa, Mugla"},"geometry":{"type":"MultiPolygon","coordinates":[[[[26.565799999999996,38.123699992237555],[26.557,38.12229999223685],[26.543399999999995,38.13049999224098],[26.523899999999998,38.14739999224951],[26.5204,38.15189999225174],[26.5174,38.15569999225365],[26.515999999999995,38.16369999225767],[26.515600000000003,38.16569999225871],[26.519199999999998,38.17969999226576],[26.5042,38.17659999226419],[26.4919,38.17399999226287],[26.4667,38.190599992271224],[26.4428,38.21149999228173],[26.442199999999996,38.211899992281936],[26.436100000000003,38.21409999228305],[26.417399999999997,38.22069999228634],[26.424199999999995,38.20019999227605],[26.417399999999997,38.20019999227605],[26.411999999999992,38.206299992279114],[26.389999999999997,38.22379999228793],[26.389999999999997,38.22389999228796],[26.390499999999996,38.22599999228905],[26.3947,38.24279999229746],[26.395,38.25169999230195],[26.390599999999996,38.260499992306336],[26.389999999999997,38.26159999230695],[26.3832,38.26159999230695],[26.377699999999997,38.2439999922981],[26.374900000000004,38.23479999229346],[26.3691,38.23299999229255],[26.354,38.22819999229013],[26.3284,38.2350999922936],[26.303,38.251999992302075],[26.296,38.25659999230438],[26.2867,38.260999992306644],[26.258399999999998,38.2678999923101],[26.234499999999997,38.273699992313],[26.233,38.28019999231624],[26.236299999999993,38.28909999232071],[26.2388,38.29579999232408],[26.2561,38.289799992321086],[26.2654,38.28659999231947],[26.268299999999996,38.290299992321344],[26.276199999999992,38.300499992326465],[26.285999999999998,38.31869999233557],[26.2902,38.31959999233604],[26.307600000000004,38.32309999233778],[26.307600000000004,38.33059999234154],[26.2888,38.34059999234659],[26.2867,38.35409999235337],[26.285999999999998,38.358899992355745],[26.294199999999993,38.369899992361276],[26.301100000000005,38.36369999235818],[26.307600000000004,38.35789999235523],[26.3094,38.36709999235985],[26.311699999999995,38.37079999236172],[26.3119,38.37119999236194],[26.321199999999997,38.37759999236516],[26.3252,38.36549999235907],[26.325899999999997,38.35489999235376],[26.322699999999998,38.345399992348995],[26.3184,38.3408999923467],[26.3144,38.336699992344634],[26.3186,38.334599992343584],[26.324499999999997,38.331699992342095],[26.3464,38.32879999234067],[26.3497,38.32009999233628],[26.3562,38.31679999233465],[26.3706,38.316099992334316],[26.3835,38.31819999233531],[26.385,38.31839999233548],[26.3918,38.324999992338725],[26.388799999999996,38.328999992340776],[26.3832,38.336699992344634],[26.3832,38.34359999234806],[26.399,38.3355999923441],[26.413199999999996,38.33649999234452],[26.417399999999997,38.336699992344634],[26.429199999999998,38.34069999234664],[26.4321,38.3421999923474],[26.45489999999999,38.354199992353394],[26.462,38.35789999235523],[26.475999999999996,38.366899992359734],[26.477099999999997,38.38679999236974],[26.4757,38.38999999237134],[26.468099999999996,38.40759999238016],[26.451599999999996,38.41869999238571],[26.451599999999996,38.42599999238936],[26.464299999999994,38.421299992387006],[26.4768,38.416699992384714],[26.489,38.406099992379424],[26.491100000000003,38.406399992379534],[26.497999999999998,38.407299992379976],[26.512699999999995,38.43219999239249],[26.513099999999998,38.43289999239282],[26.510700000000003,38.43399999239337],[26.498699999999996,38.439599992396154],[26.474199999999996,38.45739999240507],[26.453699999999994,38.46319999240797],[26.440800000000003,38.47279999241279],[26.430999999999994,38.47399999241337],[26.422,38.469699992411215],[26.4141,38.456199992404485],[26.4073,38.453499992403145],[26.3878,38.45419999240349],[26.388199999999998,38.45839999240556],[26.394799999999996,38.465899992409334],[26.3972,38.468699992410734],[26.398,38.4707999924118],[26.4037,38.487499992420105],[26.4001,38.49959999242619],[26.369499999999995,38.53529999244402],[26.375999999999998,38.52849999244061],[26.374600000000004,38.53429999244353],[26.3742,38.53599999244439],[26.373099999999994,38.54059999244664],[26.364499999999996,38.562999992457826],[26.361599999999996,38.57029999246151],[26.359,38.576999992464806],[26.360099999999996,38.58359999246811],[26.348599999999998,38.621399992487014],[26.349,38.63549999249398],[26.351100000000002,38.65029999250136],[26.3562,38.66169999250704],[26.365899999999996,38.66629999250932],[26.380999999999997,38.66829999251034],[26.403,38.67729999251483],[26.4139,38.6792999925158],[26.4141,38.6792999925158],[26.416199999999996,38.67919999251576],[26.440800000000003,38.67759999251496],[26.46,38.67379999251309],[26.4656,38.672699992512534],[26.4876,38.66429999250832],[26.5021,38.654899992503665],[26.5056,38.65269999250258],[26.5075,38.65109999250179],[26.516300000000005,38.643499992497986],[26.5394,38.62359999248805],[26.556,38.605499992479075],[26.5574,38.60079999247669],[26.5606,38.589999992471355],[26.5652,38.584299992468445],[26.583999999999993,38.56099999245683],[26.6092,38.53529999244402],[26.630499999999998,38.51919999243596],[26.6359,38.50799999243037],[26.638,38.49699999242489],[26.638,38.48489999241884],[26.638,38.47769999241526],[26.639400000000002,38.475099992413924],[26.643399999999996,38.46769999241022],[26.629000000000005,38.460899992406794],[26.6215,38.46669999240974],[26.610699999999998,38.46839999241058],[26.5992,38.46639999240959],[26.596499999999995,38.46499999240888],[26.587999999999997,38.460899992406794],[26.6016,38.45529999240405],[26.6053,38.45379999240327],[26.604899999999997,38.44479999239879],[26.5899,38.42159999238713],[26.587999999999997,38.41869999238571],[26.611799999999995,38.41629999238453],[26.61339999999999,38.41459999238367],[26.6222,38.405299992378986],[26.6283,38.390099992371354],[26.6395,38.37449999236357],[26.640299999999996,38.37249999236257],[26.64389999999999,38.36309999235785],[26.656999999999996,38.32919999234087],[26.6571,38.32879999234067],[26.673,38.307199992329814],[26.694599999999998,38.31309999233279],[26.695200000000003,38.314599992333505],[26.699999999999996,38.32569999233908],[26.693499999999997,38.33439999234344],[26.6776,38.34359999234806],[26.670799999999996,38.38509999236891],[26.675799999999995,38.40229999237747],[26.687399999999993,38.419699992386214],[26.702499999999997,38.43019999239145],[26.7102,38.428199992390475],[26.718999999999998,38.42599999238936],[26.718999999999998,38.42869999239073],[26.718999999999998,38.43289999239282],[26.725499999999993,38.43289999239282],[26.7295,38.429299992391],[26.7366,38.42289999238779],[26.736699999999995,38.42289999238779],[26.748199999999994,38.40469999237868],[26.754499999999997,38.39109999237186],[26.7669,38.363999992358295],[26.7721,38.36589999235927],[26.7874,38.37149999236208],[26.795,38.358599992355636],[26.809800000000003,38.35999999235632],[26.815899999999996,38.36249999235754],[26.827800000000003,38.36719999235993],[26.8454,38.37149999236208],[26.9246,38.37759999236516],[26.9621,38.39169999237219],[26.9739,38.39609999237441],[26.98379999999999,38.397799992375234],[26.989799999999995,38.39879999237576],[27.003499999999995,38.40669999237971],[27.013499999999997,38.412399992382525],[27.0161,38.41229999238248],[27.023599999999995,38.41209999238242],[27.042299999999997,38.40759999238016],[27.0487,38.410199992381436],[27.054199999999998,38.412399992382525],[27.055799999999994,38.40889999238083],[27.055999999999997,38.40859999238069],[27.0564,38.40879999238076],[27.061,38.412399992382525],[27.0888,38.40229999237747],[27.111799999999995,38.41399999238337],[27.135599999999997,38.433599992393184],[27.136099999999995,38.43379999239328],[27.153,38.44149999239714],[27.1644,38.44659999239967],[27.1644,38.45179999240229],[27.1644,38.453499992403145],[27.164000000000005,38.45369999240321],[27.154600000000002,38.45939999240609],[27.1503,38.45859999240572],[27.1431,38.453499992403145],[27.136299999999995,38.460899992406794],[27.1208,38.45529999240405],[27.116799999999998,38.4538999924033],[27.100499999999997,38.45529999240405],[27.083399999999994,38.45679999240476],[27.0747,38.453499992403145],[27.049199999999995,38.46319999240797],[27.0222,38.46249999240765],[26.9386,38.434199992393445],[26.9354,38.4348999923938],[26.9451,38.44659999239967],[26.9278,38.45609999240444],[26.899800000000003,38.49189999242235],[26.897599999999997,38.49469999242371],[26.8921,38.49729999242504],[26.8839,38.501099992426916],[26.859100000000005,38.5073999924301],[26.849399999999996,38.512399992432584],[26.826999999999995,38.5261999924395],[26.8148,38.54279999244779],[26.817199999999996,38.540899992446775],[26.8292,38.531299992442],[26.846799999999998,38.52069999243674],[26.849299999999996,38.51959999243617],[26.8742,38.5073999924301],[26.877400000000005,38.50759999243014],[26.889699999999994,38.50799999243037],[26.889699999999994,38.51489999243382],[26.8778,38.526299992439505],[26.865199999999998,38.53549999244412],[26.851199999999995,38.542899992447836],[26.8353,38.548899992450835],[26.838599999999996,38.56049999245662],[26.843500000000002,38.577899992465284],[26.849,38.59729999247497],[26.8342,38.60819999248041],[26.824899999999996,38.604799992478725],[26.813699999999994,38.59759999247511],[26.8091,38.597499992475036],[26.793600000000005,38.59729999247497],[26.8003,38.610299992481416],[26.801099999999998,38.61179999248221],[26.780700000000003,38.617399992484984],[26.7792,38.61779999248519],[26.779,38.61779999248519],[26.7669,38.61909999248585],[26.7598,38.61849999248552],[26.753199999999996,38.61789999248522],[26.7552,38.6244999924885],[26.759399999999996,38.63839999249545],[26.746399999999998,38.63869999249557],[26.743299999999994,38.64029999249641],[26.718999999999998,38.65269999250258],[26.733799999999995,38.663599992508004],[26.742400000000004,38.66629999250932],[26.7473,38.66629999250932],[26.753199999999996,38.66629999250932],[26.7331,38.68959999252092],[26.728499999999997,38.69779999252501],[26.7259,38.7025999925274],[26.718999999999998,38.72099999253657],[26.7374,38.73079999254144],[26.7375,38.73079999254144],[26.788899999999998,38.73939999254571],[26.818,38.75539999255364],[26.823799999999995,38.7536999925528],[26.8306,38.74729999254964],[26.833399999999997,38.74709999254955],[26.8419,38.7463999925492],[26.851500000000005,38.74569999254884],[26.8719,38.73929999254563],[26.8861,38.73479999254342],[26.8886,38.733999992543005],[26.890699999999995,38.73409999254308],[26.894299999999998,38.73419999254312],[26.9034,38.73459999254331],[26.898699999999998,38.74509999254853],[26.897199999999998,38.748299992550166],[26.900899999999996,38.75059999255126],[26.9152,38.759899992555866],[26.9214,38.76159999255676],[26.923199999999998,38.76219999255704],[26.925299999999996,38.760299992556064],[26.931399999999996,38.75499999255347],[26.9325,38.757899992554904],[26.934299999999997,38.762899992557344],[26.935,38.77049999256114],[26.931399999999996,38.78919999257041],[26.9246,38.78179999256675],[26.904399999999995,38.809699992580576],[26.897199999999998,38.81659999258402],[26.905799999999996,38.81939999258545],[26.9376,38.83009999259072],[26.942,38.81459999258305],[26.942599999999995,38.812599992582086],[26.943700000000003,38.80869999258014],[26.949499999999993,38.80779999257967],[26.960599999999996,38.8060999925788],[26.9714,38.819099992585244],[26.966,38.82989999259061],[26.963799999999992,38.8343999925929],[26.958799999999997,38.84449999259789],[26.975400000000004,38.84859999259991],[26.9908,38.85499999260308],[27.0038,38.86279999260694],[27.013499999999997,38.871099992611036],[27.0337,38.86049999260579],[27.041299999999996,38.864299992607656],[27.051099999999995,38.86919999261012],[27.054900000000004,38.871099992611036],[27.0599,38.880999992615926],[27.0628,38.88679999261881],[27.0579,38.88789999261938],[27.041199999999996,38.891699992621206],[27.042,38.89299999262186],[27.057799999999993,38.91839999263445],[27.057799999999993,38.929699992640046],[27.046199999999995,38.93699999264367],[27.041399999999996,38.93989999264508],[27.041199999999996,38.940099992645195],[27.039799999999993,38.939099992644685],[27.013000000000005,38.922199992636344],[27.0128,38.92199999263622],[27.0013,38.91989999263518],[26.984799999999993,38.919599992635085],[26.982599999999998,38.919599992635085],[26.9775,38.922699992636566],[26.976900000000004,38.923599992637016],[26.967400000000005,38.9368999926436],[26.962399999999995,38.940099992645195],[26.9504,38.93719999264375],[26.9498,38.93699999264367],[26.9415,38.93189999264115],[26.934299999999997,38.93089999264066],[26.925199999999997,38.9394999926449],[26.9246,38.940099992645195],[26.923899999999993,38.9394999926449],[26.913400000000003,38.93189999264115],[26.8792,38.916199992633366],[26.8663,38.91339999263201],[26.855500000000003,38.91759999263405],[26.842100000000002,38.93339999264186],[26.839999999999996,38.93589999264311],[26.825199999999995,38.940099992645195],[26.806500000000003,38.95009999265013],[26.7987,38.96929999265961],[26.7972,38.973099992661496],[26.7974,38.9759999926629],[26.7992,38.99719999267338],[26.799299999999995,38.99829999267391],[26.799499999999995,38.998499992674034],[26.8148,39.01499999268222],[26.8148,39.02189999268564],[26.8001,39.02189999268564],[26.793600000000005,39.02189999268564],[26.799499999999995,39.02739999268834],[26.806500000000003,39.033899992691516],[26.808799999999998,39.035299992692195],[26.8292,39.04739999269822],[26.854,39.0583999927036],[26.863899999999997,39.060799992704794],[26.873099999999997,39.06299999270588],[26.88319999999999,39.07159999271011],[26.882899999999996,39.07239999271048],[26.8753,39.090899992719656],[26.8519,39.121199992734525],[26.8255,39.14729999274739],[26.823799999999995,39.1489999927482],[26.8213,39.150499992748955],[26.809800000000003,39.157399992752346],[26.8097,39.1574999927524],[26.7786,39.170099992758594],[26.7715,39.17289999275996],[26.7712,39.17299999276002],[26.7552,39.18259999276475],[26.7518,39.184599992765726],[26.7378,39.19719999277189],[26.738299999999995,39.20199999277429],[26.7388,39.20749999277693],[26.734,39.219899992783056],[26.730900000000002,39.22759999278684],[26.726599999999998,39.24739999279657],[26.722099999999998,39.256199992800866],[26.718699999999995,39.262899992804165],[26.701399999999996,39.268899992807086],[26.653199999999995,39.26689999280607],[26.632100000000005,39.26819999280675],[26.629000000000005,39.268299992806824],[26.625499999999995,39.269599992807436],[26.611099999999997,39.27449999280983],[26.6092,39.27519999281017],[26.613899999999997,39.278799992811955],[26.6193,39.283099992814016],[26.6215,39.29059999281771],[26.6247,39.30179999282321],[26.6251,39.30329999282394],[26.6308,39.31099999282768],[26.6326,39.313399992828856],[26.636999999999993,39.31479999282956],[26.6456,39.317599992830935],[26.654999999999998,39.31309999282875],[26.6539,39.30639999282545],[26.6359,39.30309999282385],[26.6359,39.29699999282083],[26.6467,39.29719999282096],[26.655999999999995,39.29419999281949],[26.670799999999996,39.28259999281382],[26.664700000000003,39.29809999282137],[26.670099999999998,39.30599999282525],[26.671899999999997,39.30689999282569],[26.6909,39.316099992830196],[26.691299999999995,39.31629999283033],[26.7086,39.33689999284035],[26.746399999999998,39.35909999285121],[26.797599999999996,39.38919999286595],[26.8148,39.39929999287089],[26.8054,39.40509999287371],[26.802,39.405899992874126],[26.801099999999998,39.40609999287424],[26.801200000000005,39.40669999287451],[26.8026,39.4191999928806],[26.801099999999998,39.43349999288757],[26.8185,39.434499992888064],[26.837500000000002,39.435599992888626],[26.850799999999996,39.439799992890656],[26.854099999999995,39.44179999289162],[26.862999999999996,39.447199992894284],[26.8539,39.459199992900125],[26.8519,39.46179999290136],[26.8538,39.46299999290196],[26.8681,39.47149999290611],[26.882600000000004,39.475299992907935],[26.929000000000002,39.487399992913836],[26.929999999999996,39.48769999291399],[26.93059999999999,39.49309999291663],[26.931399999999996,39.50169999292083],[26.9386,39.52169999293052],[26.9451,39.53949999293921],[26.9451,39.53969999293931],[26.943700000000003,39.560999992949675],[26.939599999999995,39.57009999295411],[26.9376,39.574699992956326],[26.9264,39.580099992958964],[26.922099999999997,39.58219999295996],[26.893300000000004,39.584299992960965],[26.87259999999999,39.577499992957655],[26.870599999999996,39.57689999295739],[26.8519,39.56339999295084],[26.836599999999997,39.55819999294831],[26.8328,39.556799992947624],[26.8116,39.56869999295344],[26.807999999999996,39.57069999295439],[26.7988,39.56939999295376],[26.5664,39.536599992937774],[26.531899999999997,39.53179999293544],[26.479299999999995,39.52439999293186],[26.457,39.521199992930306],[26.4494,39.51879999292913],[26.4447,39.517299992928386],[26.434299999999997,39.51389999292674],[26.4303,39.51039999292503],[26.424199999999995,39.50519999292252],[26.419299999999996,39.50519999292252],[26.4138,39.50529999292259],[26.4046,39.50109999292054],[26.369,39.484399992912394],[26.3642,39.482199992911276],[26.3623,39.48129999291086],[26.349999999999998,39.48129999291086],[26.332299999999996,39.48379999291212],[26.297499999999996,39.4886999929145],[26.2867,39.487599992913935],[26.277000000000005,39.48369999291205],[26.2737,39.482399992911404],[26.266099999999998,39.481599992911015],[26.262899999999995,39.48129999291086],[26.262500000000003,39.48089999291067],[26.2539,39.47279999290676],[26.249200000000002,39.465699992903296],[26.2424,39.46749999290416],[26.2316,39.47459999290759],[26.228100000000005,39.473899992907285],[26.152799999999992,39.459199992900125],[26.1132,39.45909999290008],[26.112799999999996,39.45909999290008],[26.1114,39.45969999290034],[26.0743,39.47459999290759],[26.069999999999997,39.496299992918146],[26.074799999999996,39.50649999292316],[26.0894,39.53719999293808],[26.0948,39.54849999294359],[26.1075,39.587999992962814],[26.1106,39.597899992967584],[26.1481,39.62599999298121],[26.1567,39.64929999299252],[26.1625,39.69529999301482],[26.163599999999995,39.704099993019064],[26.1596,39.71409999302391],[26.1592,39.71479999302425],[26.1405,39.74269999303772],[26.1366,39.755599993043994],[26.138,39.76449999304829],[26.1466,39.77019999305106],[26.149900000000002,39.77609999305386],[26.149900000000002,39.799999993065406],[26.1549,39.82619999307803],[26.1529,39.831799993080786],[26.151699999999998,39.835199993082384],[26.149199999999997,39.83559999308256],[26.1366,39.83759999308353],[26.141999999999996,39.849099993089084],[26.142499999999995,39.850999993090035],[26.1481,39.86999999309918],[26.1567,39.898999993113115],[26.156299999999998,39.900999993114056],[26.152399999999997,39.916999993121806],[26.150599999999997,39.92459999312544],[26.149900000000002,39.93379999312983],[26.152799999999992,39.942699993134106],[26.161799999999996,39.95619999314057],[26.1675,39.97359999314893],[26.1771,39.98629999315505],[26.1836,39.994899993159144],[26.188799999999997,40.00179999316248],[26.1978,40.00879999316584],[26.200199999999995,40.00809999316549],[26.251,39.994899993159144],[26.264499999999998,40.00179999316248],[26.2669,40.00299999316302],[26.300399999999996,40.01429999316846],[26.311199999999996,40.01949999317096],[26.337399999999995,40.03979999318066],[26.353299999999997,40.05209999318659],[26.3623,40.06339999319198],[26.3652,40.071699993195956],[26.3662,40.08459999320214],[26.370199999999997,40.09459999320691],[26.369499999999995,40.1027999932108],[26.369499999999995,40.102899993210826],[26.3696,40.10299999321095],[26.372599999999995,40.10439999321156],[26.372699999999995,40.10449999321162],[26.3889,40.105099993211894],[26.3932,40.10819999321336],[26.3997,40.120799993219414],[26.4023,40.13409999322574],[26.403299999999998,40.13899999322809],[26.403,40.1578999932371],[26.4014,40.16149999323884],[26.3965,40.17279999324421],[26.403,40.18739999325117],[26.407999999999998,40.19369999325419],[26.4415,40.196499993255514],[26.4674,40.205999993260036],[26.5009,40.21299999326339],[26.519199999999998,40.22509999326911],[26.5635,40.270099993290515],[26.5641,40.27029999329062],[26.5948,40.282499993296405],[26.595399999999998,40.28289999329662],[26.6074,40.29039999330013],[26.7147,40.390599993347664],[26.735600000000005,40.40349999335376],[26.7766,40.405499993354695],[26.777099999999997,40.40539999335463],[26.7838,40.40499999335448],[26.862999999999996,40.39989999335205],[26.897199999999998,40.40619999335505],[26.908,40.40369999335383],[26.9083,40.403599993353794],[26.934299999999997,40.3923999933485],[26.937000000000005,40.39229999334844],[26.991599999999995,40.3885999933467],[27.013499999999997,40.3923999933485],[27.041199999999996,40.40959999335664],[27.065699999999996,40.433499993367924],[27.0963,40.45229999337679],[27.1431,40.45379999337751],[27.177,40.44879999337515],[27.21549999999999,40.44769999337465],[27.2347,40.451299993376345],[27.237399999999997,40.45179999337656],[27.241099999999992,40.45359999337746],[27.271599999999992,40.46789999338416],[27.2871,40.46809999338427],[27.3033,40.45839999337969],[27.309,40.450599993376],[27.3138,40.444099993372944],[27.3175,40.436299993369275],[27.3285,40.41349999335846],[27.323199999999996,40.41059999335709],[27.314800000000005,40.40619999335505],[27.308,40.40619999335505],[27.3033,40.41089999335724],[27.294299999999993,40.40619999335505],[27.306299999999997,40.396199993350315],[27.337499999999995,40.37029999333803],[27.392999999999997,40.34209999332467],[27.4524,40.321999993315174],[27.523300000000003,40.30869999330888],[27.551399999999997,40.30889999330893],[27.5622,40.31039999330965],[27.597100000000005,40.328299993318154],[27.612899999999996,40.33099999331945],[27.641,40.32599999331708],[27.665100000000002,40.31739999331298],[27.688199999999995,40.313699993311204],[27.7123,40.324199993316206],[27.732399999999995,40.31729999331295],[27.762699999999995,40.31529999331201],[27.7897,40.32049999331447],[27.8131,40.347099993327014],[27.867399999999996,40.368799993337326],[27.876300000000004,40.37839999334188],[27.883599999999998,40.38629999334563],[27.8653,40.3866999933458],[27.834600000000002,40.394799993349636],[27.817199999999996,40.399399993351814],[27.815199999999997,40.39989999335205],[27.809199999999997,40.397099993350714],[27.8005,40.39299999334879],[27.791799999999995,40.39289999334873],[27.7895,40.40039999335232],[27.7857,40.412899993358195],[27.779999999999998,40.415799993359585],[27.7735,40.41649999335991],[27.767399999999995,40.42029999336169],[27.756199999999996,40.43259999336751],[27.754,40.438199993370134],[27.7539,40.44019999337111],[27.7538,40.44329999337257],[27.753299999999996,40.45079999337611],[27.750099999999993,40.45749999337931],[27.733899999999995,40.458999993380004],[27.726,40.46139999338112],[27.693199999999997,40.48629999339286],[27.685,40.49529999339707],[27.6842,40.496199993397546],[27.6842,40.50089999339973],[27.6842,40.50229999340041],[27.684499999999996,40.50239999340045],[27.6964,40.50629999340229],[27.706199999999995,40.51189999340493],[27.718,40.522399993409856],[27.722400000000004,40.52619999341162],[27.7332,40.53049999341367],[27.741799999999998,40.52619999341162],[27.750099999999993,40.524699993410984],[27.760199999999998,40.536999993416735],[27.7774,40.518499993408035],[27.7803,40.515399993406575],[27.7893,40.514199993405995],[27.791199999999996,40.51639999340707],[27.7951,40.5208999934092],[27.8048,40.52279999341006],[27.8595,40.51619999340693],[27.8637,40.5156999934067],[27.969999999999995,40.50289999340067],[28.014299999999995,40.49119999339514],[28.0198,40.486599993392986],[28.0325,40.47609999338804],[28.034499999999998,40.47439999338723],[28.0289,40.46709999338378],[28.016799999999996,40.45109999337627],[27.930099999999996,40.41689999336009],[27.903799999999997,40.39989999335205],[27.904499999999995,40.396199993350315],[27.9071,40.38149999334334],[27.908499999999997,40.374099993339875],[27.920800000000003,40.3713999933386],[27.944800000000004,40.36599999333603],[28.015499999999996,40.371099993338404],[28.0276,40.37199999333887],[28.0296,40.37249999333909],[28.111899999999995,40.39599999335021],[28.2516,40.4007999933525],[28.195699999999995,40.39769999335101],[28.1741,40.35909999333273],[28.161099999999998,40.30929999330915],[28.153599999999997,40.29739999330348],[28.1096,40.257899993284695],[28.099199999999996,40.23749999327501],[28.127699999999997,40.21149999326269],[28.129899999999996,40.20249999325838],[28.118399999999998,40.152099993234344],[28.1323,40.120199993219124],[28.1676,40.100799993209876],[28.2077,40.06579999319312],[28.206899999999994,40.04889999318504],[28.1884,40.03039999317615],[28.1822,39.99939999316134],[28.188699999999997,39.99069999315717],[28.2223,39.98049999315228],[28.2399,39.96919999314685],[28.2564,39.941799993133664],[28.266499999999997,39.90039999311375],[28.2849,39.87769999310286],[28.3253,39.85629999309253],[28.385499999999997,39.854299993091615],[28.420400000000004,39.83909999308427],[28.456399999999995,39.812499993071434],[28.4765,39.80299999306685],[28.518500000000003,39.76829999305012],[28.5318,39.750799993041674],[28.5604,39.74379999303825],[28.595299999999995,39.752599993042544],[28.615899999999996,39.75299999304274],[28.654699999999995,39.74629999303946],[28.684400000000004,39.769899993050856],[28.7081,39.766699993049336],[28.73219999999999,39.748299993040476],[28.723599999999998,39.72329999302836],[28.727900000000005,39.698199993016225],[28.749800000000004,39.65759999299656],[28.79339999999999,39.642099992989046],[28.821900000000003,39.61929999297798],[28.912599999999998,39.62479999298066],[28.95939999999999,39.617799992977226],[28.9861,39.608099992972534],[28.992399999999996,39.605999992971505],[28.995500000000003,39.58879999296318],[28.973700000000004,39.55799999294825],[28.939599999999995,39.53749999293823],[28.9339,39.527299992933244],[28.928099999999993,39.492599992916396],[28.9451,39.46019999290058],[28.942,39.43849999289],[28.900200000000005,39.40309999287274],[28.839299999999998,39.33869999284126],[28.8116,39.30149999282307],[28.780600000000003,39.28109999281306],[28.73539999999999,39.27009999280767],[28.6852,39.280899992812984],[28.677299999999995,39.28689999281592],[28.6548,39.280899992812984],[28.657299999999996,39.26819999280675],[28.6921,39.22159999278386],[28.6926,39.21139999277889],[28.672299999999996,39.1489999927482],[28.706200000000003,39.12339999273563],[28.731600000000004,39.11299999273048],[28.7973,39.11999999273393],[28.815299999999997,39.117299992732626],[28.865099999999998,39.09589999272211],[28.9009,39.06349999270612],[28.9063,39.04989999269939],[28.9316,39.014899992682146],[28.9304,39.00019999267487],[28.9166,38.97879999266432],[28.919900000000002,38.97149999266073],[28.9619,38.94979999264996],[28.990699999999997,38.92329999263688],[28.9936,38.91439999263252],[28.983500000000003,38.893799992622256],[28.987599999999997,38.87559999261329],[29.0043,38.86189999260647],[29.041499999999996,38.843299992597274],[29.0852,38.80989999258071],[29.045699999999993,38.742999992547475],[29.017500000000002,38.71619999253418],[28.9886,38.697699992524974],[28.963000000000005,38.686599992519405],[28.885299999999994,38.6750999925137],[28.857699999999994,38.665899992509125],[28.836899999999993,38.65129999250186],[28.828199999999995,38.63969999249611],[28.820599999999995,38.59969999247618],[28.799799999999994,38.57379999246324],[28.8098,38.53309999244291],[28.8073,38.482199992417506],[28.809500000000003,38.433099992392904],[28.7893,38.3870999923699],[28.7809,38.35809999235535],[28.798800000000004,38.33539999234396],[28.834999999999994,38.30919999233085],[28.868200000000005,38.291399992321914],[28.8854,38.27299999231262],[28.862900000000003,38.25339999230283],[28.858900000000002,38.23859999229536],[28.82909999999999,38.23789999229502],[28.797099999999997,38.22269999228735],[28.7776,38.20309999227749],[28.725499999999993,38.12759999223954],[28.6819,38.10489999222805],[28.648099999999992,38.090799992220965],[28.6638,38.07469999221282],[28.702699999999997,38.066199992208546],[28.7202,38.0482999921995],[28.724099999999993,38.029299992189934],[28.7439,38.01259999218149],[28.755300000000002,37.99319999217171],[28.778599999999997,37.98689999216853],[28.8172,37.985699992167916],[28.823200000000003,37.96629999215812],[28.7936,37.94969999214975],[28.748399999999997,37.93319999214136],[28.7217,37.918299992133825],[28.7122,37.90299999212612],[28.723799999999994,37.87349999211117],[28.754,37.85149999210004],[28.761899999999997,37.820099992084124],[28.769000000000002,37.80949999207876],[28.796500000000005,37.78909999206843],[28.845999999999997,37.77709999206234],[28.8618,37.764599992056034],[28.863400000000002,37.75119999204919],[28.831599999999998,37.72489999203584],[28.809199999999993,37.716199992031456],[28.7992,37.69459999202045],[28.820599999999995,37.67419999201011],[28.8192,37.653599991999634],[28.749599999999994,37.62799999198665],[28.724500000000003,37.61069999197784],[28.708900000000003,37.599899991972315],[28.6997,37.58149999196295],[28.652800000000003,37.545599991944705],[28.636799999999997,37.540299991942],[28.616399999999995,37.544099991943924],[28.589999999999996,37.559399991951715],[28.58589999999999,37.54019999194193],[28.6173,37.516899991930096],[28.615599999999997,37.5037999919234],[28.6299,37.481399991912035],[28.642099999999996,37.45859999190036],[28.636899999999997,37.4360999918889],[28.664899999999992,37.390899991865844],[28.683900000000005,37.37399999185725],[28.705699999999997,37.367499991853876],[28.7281,37.34849999184419],[28.7408,37.315399991827285],[28.78569999999999,37.27379999180604],[28.79779999999999,37.265899991802],[28.865099999999998,37.258599991798285],[28.88329999999999,37.24589999179179],[28.883099999999995,37.20279999176975],[28.891300000000005,37.182799991759474],[28.9551,37.15509999174533],[28.972499999999993,37.13889999173703],[28.989799999999995,37.1268999917309],[29.0212,37.11829999172645],[29.067399999999992,37.09999999171711],[29.0872,37.082199991708],[29.099300000000003,37.06469999169901],[29.109000000000005,37.04199999168739],[29.114999999999995,36.998499991665085],[29.109500000000004,36.94419999163718],[29.1137,36.92529999162752],[29.136399999999995,36.905799991617506],[29.1758,36.88189999160523],[29.225200000000005,36.86079999159438],[29.248999999999995,36.85689999159236],[29.269000000000002,36.86059999159428],[29.30399999999999,36.877599991603],[29.3168,36.8902999916095],[29.335700000000003,36.94169999163591],[29.3675,36.9803999916558],[29.383899999999993,37.0264999916794],[29.3946,37.01229999167214],[29.429699999999993,37.01419999167315],[29.434799999999992,36.996399991663985],[29.460300000000004,36.98939999166036],[29.4592,36.966299991648576],[29.445599999999995,36.959499991645075],[29.416300000000003,36.958399991644484],[29.4285,36.94499999163763],[29.431900000000002,36.884099991606334],[29.4373,36.871899991600095],[29.470200000000002,36.87059999159942],[29.4944,36.88689999160776],[29.5656,36.96279999164673],[29.621400000000005,36.98239999165679],[29.6455,36.98929999166035],[29.692499999999992,36.988399991659875],[29.710599999999996,36.984999991658114],[29.75529999999999,36.960299991645456],[29.782299999999996,36.930699991630256],[29.7832,36.903499991616314],[29.775199999999995,36.88069999160458],[29.76289999999999,36.850999991589376],[29.741300000000003,36.81799999157236],[29.715000000000003,36.79149999155873],[29.690699999999993,36.74159999153305],[29.668599999999998,36.71359999151866],[29.670499999999997,36.687499991505234],[29.6614,36.66519999149374],[29.625799999999998,36.60959999146515],[29.602999999999994,36.58719999145358],[29.556299999999993,36.55919999143918],[29.5385,36.53949999142898],[29.4977,36.50779999141268],[29.4383,36.4858999914014],[29.380599999999998,36.472199991394305],[29.3449,36.4578999913869],[29.312000000000005,36.44019999137779],[29.313499999999994,36.405099991359705],[29.30389999999999,36.34309999132768],[29.2897,36.326999991319354],[29.2564,36.30059999130575],[29.2522,36.304299991307644],[29.247699999999995,36.3117999913115],[29.234699999999993,36.32419999131795],[29.2278,36.32599999131888],[29.2218,36.32759999131967],[29.2036,36.332299991322145],[29.17499999999999,36.339799991326],[29.162400000000005,36.35259999133256],[29.158399999999997,36.356699991334715],[29.154899999999998,36.35479999133372],[29.144700000000004,36.349299991330916],[29.1419,36.35869999133572],[29.140799999999995,36.36239999133763],[29.144700000000004,36.369699991341406],[29.144700000000004,36.377199991345314],[29.144099999999998,36.377199991345314],[29.130400000000005,36.377199991345314],[29.1212,36.377199991345314],[29.116999999999997,36.377199991345314],[29.1211,36.380799991347175],[29.1242,36.38349999134854],[29.121,36.385099991349385],[29.112699999999997,36.38929999135155],[29.0965,36.390899991352356],[29.10149999999999,36.400199991357155],[29.109099999999994,36.4064999913604],[29.110399999999995,36.40699999136067],[29.118800000000004,36.41009999136227],[29.13029999999999,36.41139999136295],[29.129600000000003,36.415099991364826],[29.1292,36.416899991365796],[29.1242,36.418099991366404],[29.129999999999995,36.436599991375964],[29.125999999999998,36.448199991381905],[29.1242,36.45359999138471],[29.1112,36.466699991391444],[29.1075,36.468499991392385],[29.0965,36.47349999139498],[29.0965,36.479599991398125],[29.1094,36.4884999914027],[29.1137,36.489899991403426],[29.1242,36.493399991405234],[29.122500000000002,36.51129999141447],[29.120200000000004,36.53559999142696],[29.118099999999995,36.542499991430546],[29.1148,36.552599991435756],[29.103699999999996,36.54789999143335],[29.098799999999997,36.54789999143335],[29.0965,36.54789999143335],[29.092200000000002,36.55219999143558],[29.084200000000003,36.56019999143968],[29.07989999999999,36.55879999143896],[29.050699999999996,36.54979999143433],[29.036399999999997,36.54529999143198],[29.031499999999998,36.54589999143227],[29.014400000000002,36.54789999143335],[29.032000000000004,36.551599991435225],[29.032800000000005,36.55179999143534],[29.0367,36.56149999144038],[29.033599999999993,36.56909999144425],[29.031299999999995,36.57479999144722],[29.0205,36.589499991454794],[29.026300000000003,36.59629999145825],[29.028,36.599999991460166],[29.029499999999995,36.60309999146181],[29.0349,36.61469999146774],[29.04179999999999,36.624299991472704],[29.045999999999992,36.62129999147117],[29.055799999999994,36.61429999146755],[29.060699999999994,36.61809999146949],[29.068000000000005,36.62389999147249],[29.080999999999996,36.63859999148004],[29.0965,36.64409999148286],[29.0965,36.637899991479735],[29.0907,36.62719999147421],[29.0986,36.62359999147234],[29.110499999999995,36.62629999147374],[29.116999999999997,36.63419999147779],[29.114500000000003,36.643199991482405],[29.109099999999994,36.65209999148702],[29.0965,36.66519999149374],[29.071700000000003,36.679499991501075],[29.0342,36.70099999151217],[29.030300000000004,36.70229999151286],[28.998200000000004,36.71329999151852],[28.995000000000005,36.71439999151908],[28.956400000000002,36.72749999152583],[28.945999999999998,36.73689999153065],[28.9388,36.751199991537995],[28.932999999999993,36.747699991536216],[28.922600000000003,36.741399991532965],[28.904199999999996,36.723099991523554],[28.8909,36.71229999151798],[28.8909,36.706199991514836],[28.897799999999993,36.706199991514836],[28.897799999999993,36.7028999915132],[28.897799999999993,36.69929999151133],[28.879,36.69799999151065],[28.870799999999992,36.696299991509754],[28.870699999999992,36.6961999915097],[28.8636,36.69259999150787],[28.86,36.68429999150362],[28.862499999999994,36.675099991498854],[28.862499999999994,36.66799999149521],[28.849900000000005,36.66519999149374],[28.854900000000004,36.65659999148933],[28.862499999999994,36.65159999148678],[28.8636,36.65089999148643],[28.862299999999998,36.64969999148576],[28.856700000000004,36.64409999148286],[28.870400000000004,36.63049999147587],[28.875799999999995,36.63049999147587],[28.8765,36.63049999147587],[28.887999999999995,36.64829999148502],[28.890199999999993,36.657699991489906],[28.8841,36.67139999149694],[28.9017,36.65819999149014],[28.8952,36.64149999148154],[28.879399999999997,36.62679999147399],[28.8783,36.62589999147351],[28.8636,36.61689999146886],[28.8684,36.60869999146468],[28.8697,36.606599991463554],[28.868899999999993,36.606199991463384],[28.858900000000002,36.60129999146087],[28.84159999999999,36.600099991460226],[28.837,36.600999991460675],[28.829000000000004,36.60259999146149],[28.8186,36.6116999914662],[28.8186,36.62069999147085],[28.825599999999994,36.62649999147383],[28.8262,36.626899991474026],[28.827200000000005,36.627699991474415],[28.8284,36.62789999147452],[28.8427,36.63049999147587],[28.8427,36.634799991478125],[28.8427,36.63749999147952],[28.8427,36.637899991479735],[28.841799999999992,36.6382999914799],[28.82539999999999,36.64479999148323],[28.815299999999997,36.65179999148684],[28.8049,36.655199991488594],[28.787999999999997,36.65089999148643],[28.78259999999999,36.67739999150003],[28.746199999999998,36.697699991510476],[28.712000000000003,36.703299991513376],[28.7016,36.70499999151423],[28.6852,36.69819999151074],[28.6717,36.69259999150787],[28.664800000000003,36.69259999150787],[28.659799999999997,36.71099999151732],[28.649,36.718299991521086],[28.6426,36.71639999152011],[28.636000000000003,36.71449999151914],[28.632099999999998,36.709699991516665],[28.6234,36.69929999151133],[28.616199999999996,36.70599999151475],[28.6036,36.73349999152892],[28.6126,36.74709999153591],[28.616599999999995,36.766999991546115],[28.614099999999997,36.78529999155554],[28.6036,36.79499999156054],[28.602899999999998,36.79959999156289],[28.607499999999998,36.8008999915636],[28.610500000000002,36.801799991564025],[28.606199999999998,36.806899991566645],[28.606199999999998,36.8100999915683],[28.610500000000002,36.8160999915714],[28.6036,36.8160999915714],[28.5995,36.80699999156671],[28.5975,36.80259999156444],[28.596799999999998,36.79499999156054],[28.591,36.79899999156257],[28.588499999999996,36.8080999915673],[28.5798,36.815999991571346],[28.575899999999997,36.819499991573124],[28.546,36.82339999157514],[28.524399999999996,36.81339999157002],[28.526099999999992,36.80069999156349],[28.527699999999996,36.78869999155729],[28.520799999999998,36.793399991559724],[28.517599999999998,36.79559999156084],[28.509999999999998,36.79669999156143],[28.4978,36.79849999156234],[28.4866,36.801799991564025],[28.4961,36.806499991566454],[28.500299999999996,36.80859999156753],[28.500299999999996,36.8160999915714],[28.4953,36.815999991571346],[28.480999999999998,36.81589999157127],[28.478,36.81589999157127],[28.464000000000002,36.81879999157279],[28.456,36.828499991577765],[28.4531,36.84779999158767],[28.4528,36.84959999158858],[28.4592,36.84979999158874],[28.464000000000002,36.849999991588845],[28.4654,36.851799991589715],[28.4655,36.85199999158982],[28.466499999999996,36.85329999159048],[28.466099999999997,36.85509999159141],[28.465,36.85929999159359],[28.459999999999997,36.863699991595844],[28.456799999999998,36.87749999160295],[28.455699999999993,36.87879999160359],[28.452099999999998,36.88359999160605],[28.447399999999995,36.88299999160576],[28.445199999999996,36.87369999160099],[28.436199999999996,36.86469999159637],[28.416099999999997,36.85969999159377],[28.387299999999993,36.856999991592424],[28.376800000000003,36.854399991591116],[28.377599999999997,36.84839999158801],[28.3813,36.84479999158615],[28.3903,36.83619999158172],[28.3905,36.8359999915816],[28.414599999999997,36.837099991582186],[28.424599999999998,36.82919999157812],[28.424699999999998,36.82909999157807],[28.424599999999998,36.82889999157799],[28.4143,36.81459999157064],[28.4064,36.79979999156299],[28.3959,36.78949999155773],[28.392099999999996,36.78929999155759],[28.376800000000003,36.78869999155729],[28.324999999999996,36.8100999915683],[28.3149,36.8160999915714],[28.3109,36.8160999915714],[28.3088,36.8160999915714],[28.3094,36.81399999157032],[28.3149,36.79499999156054],[28.288600000000002,36.79369999155989],[28.27819999999999,36.79649999156134],[28.2739,36.80519999156578],[28.274,36.80539999156587],[28.274799999999995,36.80709999156675],[28.27819999999999,36.814199991570426],[28.288999999999998,36.818399991572605],[28.292299999999994,36.81889999157283],[28.3149,36.822199991574514],[28.3149,36.82909999157807],[28.302700000000005,36.83569999158145],[28.288600000000002,36.84579999158668],[28.2826,36.84819999158789],[28.2732,36.85199999158982],[28.2627,36.848099991587866],[28.2573,36.84609999158679],[28.247299999999996,36.834399991580824],[28.243899999999993,36.83049999157878],[28.2433,36.82979999157845],[28.241199999999992,36.82439999157567],[28.2368,36.81319999156991],[28.238999999999997,36.802099991564184],[28.239699999999996,36.79879999156248],[28.253399999999996,36.78869999155729],[28.2516,36.7797999915527],[28.250299999999996,36.77319999154934],[28.248999999999995,36.766799991546065],[28.2676,36.755399991540216],[28.2766,36.749899991537326],[28.288600000000002,36.74249999153355],[28.2903,36.73659999153049],[28.295099999999998,36.71989999152191],[28.282899999999994,36.726599991525376],[28.2674,36.73089999152759],[28.253,36.727899991525994],[28.2465,36.71229999151798],[28.243699999999997,36.71399999151889],[28.233600000000003,36.71989999152191],[28.231799999999996,36.71189999151778],[28.2253,36.706199991514836],[28.231299999999997,36.70469999151409],[28.231799999999996,36.70459999151403],[28.233600000000003,36.69929999151133],[28.218099999999996,36.694999991509114],[28.1817,36.68469999150379],[28.179100000000002,36.683099991503],[28.1626,36.67289999149774],[28.16229999999999,36.67269999149764],[28.144299999999998,36.65089999148643],[28.130599999999998,36.628999991475105],[28.1115,36.60409999146226],[28.088099999999997,36.58909999145456],[28.0618,36.59639999145834],[28.055,36.586499991453216],[28.041699999999995,36.5826999914513],[28.046099999999996,36.57329999144642],[28.0482,36.56909999144425],[28.037699999999997,36.565399991442334],[28.035899999999994,36.564799991442044],[28.0324,36.56439999144183],[28.0258,36.563799991441535],[28.0183,36.56709999144323],[28.016999999999996,36.5697999914446],[28.013999999999996,36.57589999144777],[28.005699999999997,36.564899991442104],[28.0035,36.56189999144057],[27.9909,36.55979999143946],[27.9776,36.565799991442574],[27.9661,36.57589999144777],[27.9729,36.589499991454794],[27.967499999999994,36.59249999145635],[27.959199999999996,36.60259999146149],[27.962299999999995,36.60259999146149],[28.034499999999998,36.60259999146149],[28.035299999999996,36.60279999146162],[28.053899999999995,36.60959999146515],[28.089599999999997,36.64409999148286],[28.075900000000004,36.65779999148995],[28.0482,36.637899991479735],[28.0482,36.64409999148286],[28.0579,36.652799991487385],[28.0611,36.66479999149357],[28.0579,36.67669999149965],[28.0482,36.68509999150398],[28.041500000000003,36.688699991505835],[28.0381,36.69059999150685],[28.0352,36.68759999150531],[28.034499999999998,36.675299991498946],[28.031399999999998,36.67199999149725],[28.029799999999998,36.67039999149645],[28.025400000000005,36.670799991496665],[28.018999999999995,36.67139999149694],[28.000300000000003,36.678799991500775],[27.991299999999992,36.67579999149922],[27.9807,36.67579999149922],[27.980099999999997,36.67579999149922],[27.9797,36.67599999149932],[27.969999999999995,36.67979999150129],[27.968199999999996,36.684099991503466],[27.9661,36.688799991505924],[27.9711,36.69259999150787],[27.9824,36.69469999150894],[28.0071,36.69929999151133],[28.003999999999998,36.702399991512905],[28.000300000000003,36.706199991514836],[28.012599999999996,36.705499991514486],[28.0212,36.70499999151423],[28.0276,36.706199991514836],[28.030300000000004,36.70819999151589],[28.0381,36.71399999151889],[28.042399999999997,36.718499991521206],[28.041699999999995,36.71989999152191],[28.061300000000003,36.720999991522454],[28.0798,36.72199999152299],[28.0826,36.723399991523664],[28.089599999999997,36.726799991525446],[28.0884,36.72159999152277],[28.085999999999995,36.71059999151712],[28.095699999999997,36.70989999151676],[28.100699999999996,36.7095999915166],[28.1131,36.71689999152038],[28.1162,36.71879999152134],[28.116899999999998,36.73349999152892],[28.1076,36.73919999153181],[28.0952,36.740199991532336],[28.087799999999998,36.74079999153265],[28.0854,36.743599991534126],[28.0851,36.74389999153423],[28.0824,36.74709999153591],[28.0842,36.75369999153928],[28.095999999999997,36.76239999154377],[28.103199999999998,36.76769999154648],[28.1101,36.77509999155034],[28.113299999999995,36.7682999915468],[28.118799999999997,36.76369999154442],[28.130599999999998,36.75399999153948],[28.125199999999992,36.771299991548375],[28.124799999999997,36.77729999155145],[28.1238,36.79189999155894],[28.118399999999998,36.80059999156342],[28.1087,36.80249999156439],[28.106799999999996,36.80289999156464],[28.09499999999999,36.80149999156388],[28.0863,36.79679999156148],[28.0775,36.785699991555724],[28.069,36.77509999155034],[28.0472,36.76329999154422],[28.047099999999997,36.76329999154422],[28.0467,36.76329999154422],[28.039199999999997,36.764399991544835],[28.035500000000003,36.772799991549114],[28.034499999999998,36.77509999155034],[28.019699999999997,36.76309999154415],[27.9982,36.75799999154151],[27.9808,36.753799991539346],[27.9661,36.74709999153591],[27.959199999999996,36.74709999153591],[27.954199999999997,36.759499991542285],[27.9479,36.75729999154116],[27.944800000000004,36.75629999154063],[27.9322,36.7464999915356],[27.9273,36.74449999153456],[27.917499999999997,36.74039999153244],[27.9127,36.7532999915391],[27.912399999999995,36.75409999153952],[27.9117,36.75399999153948],[27.905599999999996,36.752799991538836],[27.890500000000003,36.74039999153244],[27.883299999999995,36.743799991534196],[27.876799999999996,36.750799991537804],[27.876000000000005,36.75099999153791],[27.870299999999997,36.752499991538706],[27.866099999999992,36.745299991534985],[27.8631,36.74039999153244],[27.856300000000005,36.74039999153244],[27.843699999999995,36.748999991536905],[27.825999999999997,36.757499991541245],[27.812399999999997,36.75979999154243],[27.8066,36.76079999154296],[27.7944,36.75629999154063],[27.787899999999997,36.75399999153948],[27.787899999999997,36.75739999154121],[27.787899999999997,36.76079999154296],[27.781999999999996,36.7583999915417],[27.776,36.755999991540506],[27.736000000000004,36.76079999154296],[27.7195,36.75629999154063],[27.7118,36.74809999153642],[27.6986,36.73419999152927],[27.6842,36.726799991525446],[27.6842,36.71989999152191],[27.6867,36.71119999151744],[27.6827,36.70189999151265],[27.6737,36.681199991501956],[27.673,36.67969999150124],[27.67139999999999,36.659299991490684],[27.671200000000002,36.65779999148995],[27.658099999999997,36.663199991492725],[27.6381,36.67139999149694],[27.6198,36.67639999149954],[27.61339999999999,36.677299991499964],[27.603199999999998,36.678799991500775],[27.585199999999997,36.6770999914999],[27.570399999999996,36.67379999149819],[27.559599999999996,36.674699991498656],[27.5588,36.67649999149957],[27.5546,36.68509999150398],[27.525599999999997,36.67669999149965],[27.507599999999996,36.67149999149703],[27.4862,36.66519999149374],[27.477599999999992,36.653499991487735],[27.472499999999997,36.65089999148643],[27.456699999999994,36.66219999149218],[27.455600000000004,36.66289999149258],[27.448399999999996,36.66519999149374],[27.415599999999998,36.66899999149572],[27.4088,36.666699991494546],[27.4045,36.66519999149374],[27.401999999999997,36.67749999150008],[27.3974,36.681299991502044],[27.393999999999995,36.684099991503466],[27.382899999999996,36.68469999150379],[27.3819,36.68419999150353],[27.370300000000004,36.678799991500775],[27.3706,36.683099991503],[27.369199999999996,36.68439999150363],[27.3627,36.68509999150398],[27.368499999999997,36.691299991507236],[27.368499999999997,36.69739999151031],[27.364199999999997,36.70259999151303],[27.355900000000002,36.706199991514836],[27.355900000000002,36.71229999151798],[27.384699999999995,36.70499999151423],[27.401599999999995,36.70469999151409],[27.4142,36.70929999151646],[27.422799999999995,36.71919999152159],[27.423200000000005,36.71959999152178],[27.427199999999996,36.73559999153001],[27.438299999999998,36.74709999153591],[27.4469,36.75239999153867],[27.449499999999997,36.75399999153948],[27.4542,36.75479999153986],[27.4588,36.755699991540354],[27.4833,36.75399999153948],[27.487900000000003,36.754499991539696],[27.556799999999996,36.76269999154393],[27.5629,36.76239999154377],[27.592400000000005,36.76079999154296],[27.611499999999992,36.765299991545305],[27.615,36.77239999154892],[27.6169,36.77609999155085],[27.617999999999995,36.78959999155777],[27.6234,36.801799991564025],[27.642199999999995,36.8057999915661],[27.645299999999995,36.806499991566454],[27.691,36.78429999155505],[27.6975,36.78629999155606],[27.7054,36.78869999155729],[27.712800000000005,36.78549999155565],[27.7213,36.78169999155371],[27.748299999999993,36.78439999155506],[27.760199999999998,36.781299991553496],[27.7696,36.78859999155727],[27.7857,36.80099999156365],[27.799,36.806599991566515],[27.804399999999998,36.806799991566635],[27.841899999999995,36.807699991567056],[27.886499999999998,36.808799991567625],[27.897,36.81229999156944],[27.903799999999997,36.8057999915661],[27.9196,36.79979999156299],[27.9297,36.797699991561934],[27.939800000000005,36.79559999156084],[27.959199999999996,36.79499999156054],[27.9662,36.79569999156089],[27.979899999999994,36.7970999915616],[27.9938,36.7983999915623],[27.9942,36.79849999156234],[28.010399999999997,36.79429999156017],[28.0118,36.79329999155966],[28.0276,36.781299991553496],[28.0309,36.791699991558836],[28.034299999999998,36.794799991560424],[28.037,36.797299991561744],[28.055399999999995,36.80859999156753],[28.049199999999992,36.820599991573694],[28.039499999999997,36.82669999157683],[28.0258,36.828799991577895],[28.0229,36.82889999157799],[28.0161,36.82899999157801],[28.0071,36.82909999157807],[28.0118,36.833699991580445],[28.013999999999996,36.8359999915816],[28.023299999999995,36.833199991580194],[28.0244,36.83909999158324],[28.018599999999996,36.84859999158809],[28.014399999999995,36.851699991589676],[28.0071,36.856999991592424],[28.0114,36.85769999159273],[28.0212,36.86319999159559],[28.0287,36.86009999159399],[28.0524,36.86959999159885],[28.055399999999995,36.87069999159943],[28.055399999999995,36.87689999160263],[28.043300000000002,36.88689999160776],[28.0356,36.89329999161106],[28.0212,36.911699991620516],[28.034499999999998,36.90419999161664],[28.0401,36.90999999161965],[28.041699999999995,36.911699991620516],[28.040399999999998,36.91229999162081],[28.035899999999994,36.91469999162203],[28.0276,36.92599999162784],[28.049299999999995,36.92599999162784],[28.0618,36.92599999162784],[28.0618,36.932099991631],[28.059099999999997,36.932099991631],[28.041699999999995,36.932099991631],[28.041699999999995,36.938899991634486],[28.065399999999993,36.939299991634705],[28.0693,36.93849999163425],[28.075199999999995,36.93739999163368],[28.0824,36.932099991631],[28.0885,36.936699991633354],[28.0935,36.93789999163397],[28.0982,36.93629999163313],[28.103199999999998,36.932099991631],[28.1101,36.932099991631],[28.1177,36.93629999163313],[28.1202,36.937699991633835],[28.1319,36.932799991631356],[28.1372,36.93059999163019],[28.1418,36.92869999162921],[28.1518,36.932099991631],[28.1572,36.932099991631],[28.158999999999995,36.924699991627186],[28.1648,36.91249999162091],[28.16519999999999,36.911699991620516],[28.1662,36.913999991621694],[28.1684,36.918799991624155],[28.16519999999999,36.92599999162784],[28.1684,36.93009999162996],[28.168299999999995,36.931199991630514],[28.168,36.93339999163161],[28.166899999999995,36.933999991631936],[28.1572,36.938899991634486],[28.1572,36.94569999163795],[28.174499999999995,36.94599999163811],[28.175099999999997,36.94579999163801],[28.1806,36.943299991636735],[28.1853,36.938899991634486],[28.192,36.948099991639225],[28.203000000000003,36.96339999164706],[28.205099999999998,36.966299991648576],[28.212299999999995,36.97309999165202],[28.212299999999995,36.97489999165295],[28.212299999999995,36.98049999165584],[28.198999999999998,36.98049999165584],[28.206899999999994,36.99019999166082],[28.212299999999995,37.00039999166605],[28.2203,36.995499991663536],[28.2285,36.99049999166098],[28.244700000000005,36.98819999165978],[28.2469,36.98969999166053],[28.2496,36.991399991661424],[28.253,36.99369999166258],[28.2515,36.99699999166431],[28.2465,37.00779999166981],[28.264100000000003,37.01349999167278],[28.2773,37.01769999167491],[28.300199999999997,37.02499999167865],[28.3172,37.02809999168023],[28.329699999999995,37.030399991681456],[28.3295,37.03409999168333],[28.329299999999996,37.03669999168464],[28.322799999999994,37.04389999168836],[28.3149,37.04879999169085],[28.311899999999998,37.04939999169114],[28.3048,37.050899991691956],[28.2929,37.049499991691185],[28.265900000000002,37.04619999168955],[28.2125,37.03979999168621],[28.187,37.03669999168464],[28.1742,37.035199991683896],[28.126299999999997,37.03589999168425],[28.1144,37.03359999168307],[28.10719999999999,37.03219999168232],[28.1101,37.02139999167682],[28.1101,37.014099991673056],[28.092799999999997,37.02139999167682],[28.0623,37.02539999167886],[27.986599999999992,37.035199991683896],[27.975399999999997,37.03229999168241],[27.9632,37.02359999167795],[27.9517,37.02139999167682],[27.934899999999995,37.02409999167819],[27.9156,37.02709999167975],[27.9114,37.027699991680024],[27.8976,37.02689999167963],[27.8862,37.02609999167919],[27.8162,37.00759999166973],[27.8048,37.004499991668155],[27.794,37.00779999166981],[27.787899999999997,37.00779999166981],[27.7812,36.995199991663334],[27.7803,36.99349999166248],[27.763,36.997199991664395],[27.751199999999997,36.99699999166431],[27.739599999999996,36.99349999166248],[27.738199999999996,36.99439999166296],[27.72929999999999,36.999699991665686],[27.724999999999998,37.002199991666956],[27.7198,37.005299991668565],[27.6878,37.00539999166863],[27.6558,36.99649999166405],[27.655000000000005,36.9958999916637],[27.6363,36.98049999165584],[27.636199999999995,36.98049999165584],[27.617999999999995,36.989199991660286],[27.590199999999996,36.99819999166489],[27.5672,36.996699991664144],[27.566199999999995,36.99199999166171],[27.5622,36.97309999165202],[27.5285,36.991099991661294],[27.5283,36.991199991661304],[27.514299999999995,36.99349999166248],[27.5139,36.99349999166248],[27.512999999999998,36.99339999166246],[27.488899999999997,36.99129999166139],[27.4837,36.99079999166112],[27.472499999999997,36.99349999166248],[27.462799999999998,37.00109999166637],[27.457,37.00799999166992],[27.444799999999997,37.022599991677396],[27.4417,37.02499999167865],[27.438299999999998,37.027699991680024],[27.427599999999998,37.02729999167986],[27.4236,37.02719999167977],[27.417899999999996,37.02339999167783],[27.408099999999997,37.01679999167446],[27.4023,37.023899991678086],[27.4025,37.02419999167823],[27.4045,37.027699991680024],[27.3969,37.027699991680024],[27.3962,37.024599991678436],[27.3948,37.01829999167525],[27.3832,36.99349999166248],[27.3789,37.00069999166619],[27.3832,37.00779999166981],[27.377799999999997,37.010099991671005],[27.376399999999997,37.014099991673056],[27.3818,37.01899999167556],[27.3786,37.02419999167823],[27.376399999999997,37.027699991680024],[27.3674,37.022699991677506],[27.3411,37.01839999167527],[27.3285,37.014099991673056],[27.3285,37.00779999166981],[27.330699999999997,37.00259999166717],[27.332799999999995,36.997099991664335],[27.328999999999997,36.99049999166098],[27.327499999999997,36.987899991659624],[27.326400000000003,36.98589999165857],[27.3145,36.97709999165407],[27.3107,36.97589999165347],[27.3008,36.97309999165202],[27.302399999999995,36.970099991650486],[27.308,36.959499991645075],[27.293999999999997,36.961599991646096],[27.2871,36.959499991645075],[27.2813,36.96659999164868],[27.28099999999999,36.96689999164883],[27.279699999999995,36.96659999164868],[27.2634,36.96329999164699],[27.2526,36.97839999165475],[27.2475,37.00019999166591],[27.246099999999995,37.01769999167491],[27.240999999999996,37.03429999168344],[27.240399999999998,37.03529999168394],[27.2336,37.0455999916892],[27.2324,37.047299991690096],[27.2288,37.06179999169751],[27.238599999999998,37.081699991707715],[27.239099999999993,37.082599991708214],[27.2392,37.08299999170839],[27.2479,37.083399991708596],[27.2634,37.08869999171131],[27.2641,37.08899999171148],[27.2821,37.098299991716246],[27.287299999999995,37.103399991718845],[27.294299999999993,37.11029999172237],[27.287499999999994,37.115399991725006],[27.279199999999996,37.117599991726124],[27.270200000000003,37.115999991725275],[27.2605,37.11029999172237],[27.2547,37.116399991725494],[27.2529,37.12389999172936],[27.2605,37.11769999172616],[27.271599999999992,37.12889999173189],[27.303,37.119599991727135],[27.3175,37.12289999172882],[27.321700000000003,37.12389999172936],[27.3213,37.13099999173299],[27.3235,37.142399991738834],[27.324599999999993,37.147799991741586],[27.321700000000003,37.15869999174716],[27.3325,37.156199991745886],[27.339700000000004,37.15049999174293],[27.340599999999995,37.148199991741826],[27.3421,37.14409999173971],[27.3429,37.141799991738516],[27.3425,37.13429999173468],[27.342199999999995,37.12999999173244],[27.348999999999997,37.12999999173244],[27.353399999999997,37.139199991737186],[27.3541,37.14079999173803],[27.361599999999996,37.14859999174199],[27.369199999999996,37.15069999174305],[27.3725,37.14789999174165],[27.376399999999997,37.14449999173991],[27.377299999999998,37.14539999174038],[27.3832,37.15179999174365],[27.382899999999996,37.134799991734894],[27.3865,37.12999999173244],[27.4045,37.12999999173244],[27.407,37.128399991731676],[27.418199999999995,37.121199991727956],[27.425199999999997,37.119599991727135],[27.4254,37.119599991727135],[27.438299999999998,37.12389999172936],[27.431099999999994,37.11769999172616],[27.4397,37.1052999917198],[27.445499999999996,37.09699999171557],[27.459899999999998,37.08949999171172],[27.461800000000004,37.089899991711924],[27.475,37.09259999171331],[27.5013,37.107399991720875],[27.505600000000005,37.1089999917217],[27.522199999999998,37.114999991724765],[27.541100000000004,37.12559999173021],[27.5416,37.12589999173035],[27.5452,37.12589999173035],[27.565,37.12559999173021],[27.5689,37.127199991731025],[27.573,37.12899999173192],[27.575499999999998,37.12999999173244],[27.575499999999998,37.13189999173344],[27.575499999999998,37.133799991734435],[27.575499999999998,37.13759999173637],[27.562499999999996,37.13579999173544],[27.559599999999996,37.13369999173433],[27.5546,37.12999999173244],[27.548799999999996,37.15459999174505],[27.547,37.16179999174876],[27.5414,37.173999991754975],[27.5395,37.17829999175718],[27.528000000000002,37.185399991760846],[27.528000000000002,37.19289999176466],[27.5641,37.199299991767944],[27.5748,37.20119999176889],[27.587700000000005,37.19869999176764],[27.575499999999998,37.17859999175735],[27.586599999999997,37.18139999175876],[27.5946,37.18599999176116],[27.61,37.1995999917681],[27.5942,37.20429999177052],[27.588399999999996,37.21119999177402],[27.5895,37.23059999178395],[27.591699999999996,37.23509999178627],[27.6043,37.24219999178988],[27.61,37.24739999179252],[27.612899999999996,37.25449999179616],[27.615799999999997,37.2746999918065],[27.612599999999997,37.27659999180751],[27.6043,37.281499991809966],[27.603199999999998,37.28219999181037],[27.5946,37.28389999181121],[27.5895,37.2746999918065],[27.581799999999998,37.27499999180666],[27.5647,37.27559999180694],[27.564299999999996,37.27549999180692],[27.553299999999997,37.27289999180556],[27.553199999999997,37.27289999180556],[27.552699999999998,37.27199999180512],[27.548499999999997,37.26489999180149],[27.543100000000003,37.24979999179377],[27.530499999999996,37.236399991786904],[27.5277,37.23519999178632],[27.5157,37.22979999178352],[27.514599999999994,37.229399991783346],[27.499899999999997,37.23379999178558],[27.514499999999995,37.24369999179067],[27.517899999999997,37.24599999179183],[27.5182,37.24849999179313],[27.519699999999997,37.259099991798536],[27.5089,37.267999991803066],[27.4946,37.267899991803],[27.4862,37.267899991803],[27.482699999999998,37.26469999180139],[27.473600000000005,37.25639999179714],[27.4635,37.251999991794925],[27.4588,37.257999991797966],[27.4589,37.25819999179807],[27.459899999999998,37.261999991799996],[27.461399999999994,37.267599991802854],[27.4678,37.27699999180771],[27.474399999999996,37.283499991810984],[27.482699999999998,37.29169999181518],[27.4862,37.29519999181698],[27.485099999999996,37.303099991821],[27.4902,37.3137999918265],[27.4912,37.32739999183344],[27.4883,37.33169999183563],[27.4801,37.34369999184174],[27.472499999999997,37.34369999184174],[27.469800000000003,37.32409999183179],[27.4686,37.315699991827444],[27.4483,37.3065999918228],[27.4462,37.305599991822305],[27.418199999999995,37.30949999182432],[27.3969,37.32309999183123],[27.3886,37.345299991842616],[27.396499999999996,37.36539999185282],[27.3966,37.365599991852946],[27.4153,37.38159999186111],[27.422299999999996,37.384399991862516],[27.438299999999998,37.39079999186584],[27.426399999999997,37.40599999187354],[27.4203,37.40809999187461],[27.4074,37.412699991876984],[27.4009,37.412499991876885],[27.3865,37.41209999187664],[27.370300000000004,37.40509999187311],[27.361299999999996,37.39219999186649],[27.356599999999997,37.379199991859885],[27.346400000000003,37.37079999185561],[27.3462,37.370599991855485],[27.322,37.37089999185565],[27.321700000000003,37.37089999185565],[27.321700000000003,37.36349999185188],[27.3224,37.36309999185167],[27.3364,37.35569999184788],[27.3303,37.35159999184581],[27.322999999999997,37.3511999918456],[27.302299999999995,37.35009999184501],[27.2726,37.348599991844274],[27.271599999999992,37.348599991844274],[27.2576,37.3445999918422],[27.2531,37.34129999184054],[27.246099999999995,37.33609999183789],[27.242399999999996,37.34009999183991],[27.2389,37.34379999184183],[27.232499999999995,37.34759999184375],[27.231699999999993,37.348099991844016],[27.2248,37.348099991844016],[27.218699999999995,37.34369999184174],[27.216199999999997,37.35179999184589],[27.21549999999999,37.35409999184708],[27.211899999999996,37.35729999184868],[27.2031,37.35309999184659],[27.201400000000003,37.35229999184617],[27.198699999999995,37.35349999184678],[27.1981,37.35379999184693],[27.190599999999996,37.35729999184868],[27.200699999999998,37.36649999185341],[27.2076,37.376499991858495],[27.2094,37.3868999918638],[27.205,37.39819999186958],[27.226299999999995,37.40509999187311],[27.226299999999995,37.40679999187394],[27.226299999999995,37.411999991876606],[27.219199999999997,37.427199991884386],[27.217300000000005,37.43129999188647],[27.2223,37.47679999190966],[27.205,37.472799991907635],[27.1993,37.47849999191052],[27.19279999999999,37.47869999191061],[27.1852,37.474099991908275],[27.1777,37.46649999190442],[27.187799999999996,37.49829999192059],[27.1903,37.51269999192797],[27.184499999999996,37.52799999193573],[27.188100000000002,37.53449999193908],[27.1806,37.54459999194421],[27.184499999999996,37.555899991949964],[27.1915,37.55219999194807],[27.2004,37.54749999194568],[27.2094,37.563199991953645],[27.2095,37.56429999195424],[27.212199999999996,37.58559999196505],[27.208699999999997,37.59679999197078],[27.208599999999997,37.59689999197082],[27.208499999999997,37.59689999197082],[27.193899999999996,37.6009999919729],[27.1678,37.614599991979794],[27.136299999999995,37.631099991988194],[27.048799999999996,37.65009999199787],[27.0114,37.66569999200577],[27.0207,37.68629999201626],[27.0324,37.68889999201758],[27.0384,37.690199992018215],[27.1053,37.68629999201626],[27.1273,37.688599992017444],[27.212999999999997,37.71349999203005],[27.226299999999995,37.720899992033836],[27.2497,37.74429999204571],[27.2565,37.75939999205337],[27.2605,37.781899992064744],[27.2616,37.80349999207573],[27.2605,37.81599999208204],[27.251399999999997,37.82539999208684],[27.2432,37.83379999209107],[27.237699999999997,37.844299992096396],[27.237099999999998,37.845399992096944],[27.2392,37.86449999210663],[27.255399999999995,37.877099992113],[27.2605,37.88419999211661],[27.2644,37.89779999212347],[27.265500000000003,37.901699992125444],[27.264799999999994,37.90979999212954],[27.263799999999993,37.911999992130646],[27.2605,37.91899999213423],[27.274900000000002,37.92899999213925],[27.266199999999998,37.95129999215056],[27.2447,37.980499992165264],[27.2392,37.98799999216907],[27.23,37.98539999216777],[27.214,37.980999992165565],[27.1773,37.980999992165565],[27.169,37.982099992166106],[27.1591,37.98349999216681],[27.140999999999995,37.98599999216804],[27.116499999999995,37.99409999217216],[27.1017,38.01269999218155],[27.0922,38.01429999218235],[27.076199999999996,38.01699999218376],[27.075799999999997,38.01699999218376],[27.069999999999997,38.01999999218526],[27.0658,38.03619999219339],[27.0646,38.04059999219565],[27.055999999999997,38.0457999921983],[27.051899999999996,38.046299992198506],[27.027200000000004,38.049399992200044],[26.975400000000004,38.06519999220804],[26.9491,38.06739999220917],[26.917800000000003,38.06239999220664],[26.900100000000002,38.05679999220381],[26.893300000000004,38.0561999922035],[26.8924,38.05559999220319],[26.8886,38.052899992201866],[26.8861,38.04789999219935],[26.8814,38.038299992194474],[26.873099999999997,38.0349999921928],[26.8648,38.04029999219549],[26.862,38.04489999219778],[26.8485,38.066199992208546],[26.842200000000002,38.07609999221355],[26.847599999999996,38.08869999221988],[26.846499999999995,38.103499992227334],[26.8437,38.11049999223088],[26.8353,38.13119999224133],[26.8297,38.13869999224512],[26.824899999999996,38.14499999224828],[26.802899999999998,38.16239999225706],[26.7968,38.168899992260314],[26.793600000000005,38.172299992262005],[26.781599999999997,38.16749999225961],[26.7759,38.16529999225847],[26.775299999999998,38.16699999225936],[26.7716,38.17739999226457],[26.772199999999998,38.185199992268494],[26.773699999999998,38.205899992278894],[26.773799999999994,38.2070999922795],[26.7601,38.21679999228438],[26.759500000000003,38.21679999228438],[26.744599999999995,38.21559999228381],[26.741199999999996,38.214599992283304],[26.727599999999995,38.21029999228111],[26.727299999999993,38.21019999228106],[26.7082,38.2070999922795],[26.6491,38.206799992279386],[26.6456,38.206799992279386],[26.6359,38.203599992277745],[26.635500000000004,38.20189999227689],[26.632199999999997,38.184899992268356],[26.6229,38.13869999224512],[26.615399999999998,38.14499999224828],[26.6092,38.14499999224828],[26.6106,38.1381999922448],[26.6121,38.13079999224111],[26.6121,38.11789999223461],[26.610899999999997,38.11549999223344],[26.6071,38.108299992229774],[26.5948,38.10389999222758],[26.5909,38.10669999222898],[26.588699999999992,38.10819999222968],[26.5768,38.13259999224199],[26.575699999999998,38.13409999224276],[26.567499999999995,38.14499999224828],[26.5671,38.12509999223825],[26.5671,38.12389999223765],[26.565799999999996,38.123699992237555]]],[[[26.004099999999998,39.845199993087206],[26.0295,39.844599993086916],[26.0512,39.844099993086694],[26.055599999999995,39.842799993086054],[26.060599999999994,39.83759999308353],[26.068199999999994,39.84079999308509],[26.0772,39.844599993086916],[26.0829,39.83489999308224],[26.0818,39.799999993065406],[26.074999999999996,39.78479999305809],[26.059200000000004,39.78609999305869],[26.026399999999995,39.80339999306706],[25.9972,39.81409999307223],[25.9836,39.82199999307601],[25.982999999999997,39.823399993076684],[25.978199999999998,39.83419999308191],[25.984999999999996,39.84109999308523],[25.986099999999997,39.84219999308578],[26.004099999999998,39.845199993087206]]],[[[25.668799999999997,40.13929999322822],[25.683899999999998,40.1578999932371],[25.6862,40.16069999323843],[25.718999999999998,40.18719999325105],[25.7589,40.20669999326038],[25.826999999999995,40.21659999326505],[25.913399999999996,40.24129999327683],[25.926,40.24269999327752],[25.938199999999995,40.24159999327698],[25.944699999999997,40.23699999327481],[25.9449,40.23679999327473],[25.9501,40.229599993271236],[25.9512,40.228599993270784],[25.958,40.22299999326812],[25.97,40.221399993267404],[25.9711,40.22119999326729],[25.971699999999995,40.22109999326725],[25.971699999999995,40.215999993264774],[25.971699999999995,40.214299993263985],[25.967399999999998,40.19319999325395],[25.967399999999998,40.180599993247924],[25.970399999999994,40.17509999324535],[25.971699999999995,40.17279999324421],[25.9662,40.16289999323953],[25.963,40.15719999323677],[25.966499999999996,40.15579999323613],[25.9728,40.15319999323487],[25.991099999999996,40.157499993236925],[26.005899999999997,40.16659999324127],[26.012399999999996,40.16659999324127],[26.012399999999996,40.14839999323261],[26.012399999999996,40.14709999323197],[26.012399999999996,40.14599999323142],[25.991199999999996,40.13719999322722],[25.9904,40.13679999322706],[25.967700000000004,40.1306999932241],[25.942999999999998,40.127799993222744],[25.932699999999997,40.12649999322211],[25.900399999999998,40.12269999322032],[25.8561,40.10779999321319],[25.815,40.102899993210826],[25.796500000000005,40.10069999320981],[25.776,40.09819999320864],[25.766099999999998,40.097099993208104],[25.755399999999998,40.09769999320835],[25.745200000000004,40.09819999320864],[25.727999999999998,40.102899993210826],[25.7211,40.10479999321177],[25.709199999999996,40.10989999321422],[25.704199999999997,40.11519999321672],[25.6632,40.126099993221956],[25.6632,40.13239999322496],[25.668799999999997,40.13929999322822]]],[[[26.1672,40.049799993185474],[26.157400000000003,40.05529999318811],[26.159999999999997,40.06719999319379],[26.167899999999996,40.07919999319952],[26.174,40.08459999320214],[26.1902,40.09419999320673],[26.2014,40.11519999321672],[26.2093,40.13639999322687],[26.214699999999997,40.14599999323142],[26.2597,40.194499993254546],[26.271899999999995,40.23039999327164],[26.2669,40.25779999328468],[26.2496,40.27709999329387],[26.2478,40.27909999329483],[26.232199999999995,40.288499993299226],[26.218299999999992,40.2967999933032],[26.2284,40.30339999330633],[26.2316,40.31009999330952],[26.2273,40.31529999331201],[26.214699999999997,40.31729999331295],[26.209999999999997,40.32189999331512],[26.219,40.33149999331969],[26.2323,40.34009999332377],[26.2388,40.34149999332442],[26.250299999999996,40.3494999933282],[26.3014,40.364699993335385],[26.309799999999996,40.36489999333553],[26.321199999999997,40.36509999333557],[26.335999999999995,40.38529999334516],[26.385699999999996,40.409899993356795],[26.432800000000004,40.43979999337092],[26.4919,40.456499993378806],[26.535799999999995,40.48549999339249],[26.5646,40.499499993399084],[26.5956,40.5103999934042],[26.6229,40.515399993406575],[26.669699999999995,40.51079999340441],[26.683799999999998,40.515399993406575],[26.6974,40.52639999341176],[26.7183,40.551399993423544],[26.7327,40.5636999934293],[26.756099999999996,40.55489999342517],[26.788199999999996,40.56289999342891],[26.8166,40.58089999343742],[26.828799999999994,40.60189999344723],[26.798199999999998,40.651499993470516],[26.7937,40.65669999347297],[26.7903,40.66059999347481],[26.772399999999998,40.65839999347371],[26.762899999999995,40.678299993483066],[26.763899999999996,40.69979999349313],[26.8003,40.731299993507875],[26.8482,40.73879999351136],[26.918300000000002,40.73929999351162],[26.953200000000002,40.735999993510035],[26.9908,40.722999993503976],[27.0113,40.708299993497135],[27.020299999999995,40.683399993485494],[26.9966,40.65329999347135],[26.974999999999998,40.612499993452225],[26.9749,40.58579999343967],[26.992199999999997,40.56509999342998],[26.989799999999995,40.5636999934293],[26.9498,40.55959999342734],[26.9116,40.5506999934232],[26.8537,40.523099993410185],[26.838599999999996,40.51219999340509],[26.8209,40.50309999340078],[26.759399999999996,40.496199993397546],[26.7406,40.48749999339344],[26.7082,40.465699993383126],[26.694599999999998,40.46139999338112],[26.683399999999995,40.45539999337827],[26.674399999999995,40.42559999336422],[26.663999999999998,40.41349999335846],[26.6316,40.399999993352104],[26.6247,40.3923999933485],[26.6229,40.375699993340604],[26.6168,40.35949999333295],[26.6017,40.34609999332659],[26.5398,40.30369999330647],[26.510599999999997,40.29809999330382],[26.4973,40.28999999329996],[26.475999999999996,40.27339999329212],[26.4757,40.269499993290225],[26.4447,40.24159999327698],[26.4264,40.230299993271615],[26.4037,40.21939999326641],[26.3799,40.21129999326254],[26.359,40.208099993261065],[26.345699999999997,40.19979999325708],[26.349,40.18139999324831],[26.361199999999997,40.16259999323937],[26.375999999999998,40.15349999323502],[26.375999999999998,40.153399993234984],[26.3281,40.11869999321842],[26.312999999999995,40.11009999321433],[26.272999999999996,40.092599993205944],[26.2428,40.07069999319544],[26.2305,40.06489999319271],[26.177599999999998,40.0506999931859],[26.1702,40.05009999318562],[26.1672,40.049799993185474]]],[[[27.642099999999996,40.487199993393276],[27.6367,40.478299993389065],[27.636599999999998,40.47739999338869],[27.635199999999994,40.466699993383614],[27.645299999999995,40.45979999338034],[27.653199999999995,40.46039999338064],[27.6568,40.45749999337931],[27.6565,40.44939999337544],[27.6457,40.44779999337467],[27.6316,40.45369999337747],[27.5964,40.4579999933795],[27.5882,40.462299993381514],[27.581999999999994,40.46559999338309],[27.581199999999992,40.46929999338485],[27.5798,40.476599993388284],[27.581799999999998,40.477899993388874],[27.587600000000002,40.48169999339067],[27.591,40.483899993391695],[27.602899999999995,40.49969999339915],[27.6072,40.50529999340182],[27.640600000000003,40.49399999339647],[27.642099999999996,40.487199993393276]]],[[[27.702599999999997,40.652999993471255],[27.70639999999999,40.651499993470516],[27.7278,40.64259999346634],[27.732799999999997,40.625099993458164],[27.726299999999995,40.621499993456446],[27.714099999999995,40.61469999345327],[27.707699999999996,40.61389999345289],[27.6763,40.610099993451136],[27.6576,40.605399993448906],[27.6244,40.583099993438374],[27.6104,40.578599993436285],[27.604599999999998,40.57679999343543],[27.593399999999995,40.58059999343721],[27.5827,40.58419999343896],[27.5715,40.584599993439156],[27.5517,40.59109999344216],[27.5359,40.60189999344723],[27.538799999999995,40.6232999934573],[27.527299999999997,40.63799999346416],[27.5265,40.63899999346465],[27.530799999999996,40.64999999346983],[27.538799999999995,40.656899993473054],[27.546,40.660299993474666],[27.551399999999997,40.6575999934734],[27.5546,40.64689999346834],[27.579399999999996,40.656499993472885],[27.605400000000003,40.66319999347601],[27.628100000000003,40.66339999347606],[27.631300000000003,40.66349999347612],[27.6576,40.65319999347128],[27.670999999999996,40.65599999347263],[27.673399999999997,40.656499993472885],[27.702599999999997,40.652999993471255]]]]}},{"type":"Feature","properties":{"ADMIN":"NorthWest","ISO_A3":"TUR","admin_source":"World Bank GAD, artifact wb_boundaries_20260820","admin_units":"Bartin, Bilecik, Bolu, Bursa, Eskisehir, Kocaeli, Kutahya, Sakarya, Yalova, Zonguldak"},"geometry":{"type":"Polygon","coordinates":[[[30.2096,38.93339999264186],[30.2002,38.9135999926321],[30.159299999999998,38.88489999261788],[30.133999999999997,38.87909999261499],[30.103899999999992,38.86529999260819],[30.057699999999997,38.82989999259061],[30.038700000000002,38.803899992577726],[30.012900000000002,38.808599992580035],[29.957700000000003,38.8082999925799],[29.96239999999999,38.871099992611036],[29.938199999999995,38.89229999262153],[29.931300000000004,38.91199999263129],[29.912600000000005,38.91409999263233],[29.889499999999998,38.89549999262314],[29.850899999999996,38.89099999262087],[29.828199999999995,38.903699992627196],[29.756500000000003,38.929699992640046],[29.71819999999999,38.9357999926431],[29.6733,38.94689999264855],[29.647300000000005,38.94939999264979],[29.613000000000003,38.93669999264353],[29.583399999999994,38.906199992628416],[29.5669,38.897799992624236],[29.520800000000005,38.889699992620265],[29.477200000000003,38.84989999260053],[29.443900000000003,38.83599999259364],[29.4093,38.83709999259417],[29.374800000000004,38.84769999259948],[29.345699999999994,38.82789999258961],[29.327599999999997,38.81029999258092],[29.310700000000004,38.80369999257764],[29.283699999999996,38.80209999257685],[29.250699999999995,38.78319999256745],[29.218199999999996,38.7699999925609],[29.190599999999996,38.775799992563755],[29.183500000000002,38.78569999256868],[29.1801,38.82329999258737],[29.1704,38.83249999259193],[29.1179,38.83959999259545],[29.0852,38.80989999258071],[29.041499999999996,38.843299992597274],[29.0043,38.86189999260647],[28.987599999999997,38.87559999261329],[28.983500000000003,38.893799992622256],[28.9936,38.91439999263252],[28.990699999999997,38.92329999263688],[28.9619,38.94979999264996],[28.919900000000002,38.97149999266073],[28.9166,38.97879999266432],[28.9304,39.00019999267487],[28.9316,39.014899992682146],[28.9063,39.04989999269939],[28.9009,39.06349999270612],[28.865099999999998,39.09589999272211],[28.815299999999997,39.117299992732626],[28.7973,39.11999999273393],[28.731600000000004,39.11299999273048],[28.706200000000003,39.12339999273563],[28.672299999999996,39.1489999927482],[28.6926,39.21139999277889],[28.6921,39.22159999278386],[28.657299999999996,39.26819999280675],[28.6548,39.280899992812984],[28.677299999999995,39.28689999281592],[28.6852,39.280899992812984],[28.73539999999999,39.27009999280767],[28.780600000000003,39.28109999281306],[28.8116,39.30149999282307],[28.839299999999998,39.33869999284126],[28.900200000000005,39.40309999287274],[28.942,39.43849999289],[28.9451,39.46019999290058],[28.928099999999993,39.492599992916396],[28.9339,39.527299992933244],[28.939599999999995,39.53749999293823],[28.973700000000004,39.55799999294825],[28.995500000000003,39.58879999296318],[28.992399999999996,39.605999992971505],[28.9861,39.608099992972534],[28.95939999999999,39.617799992977226],[28.912599999999998,39.62479999298066],[28.821900000000003,39.61929999297798],[28.79339999999999,39.642099992989046],[28.749800000000004,39.65759999299656],[28.727900000000005,39.698199993016225],[28.723599999999998,39.72329999302836],[28.73219999999999,39.748299993040476],[28.7081,39.766699993049336],[28.684400000000004,39.769899993050856],[28.654699999999995,39.74629999303946],[28.615899999999996,39.75299999304274],[28.595299999999995,39.752599993042544],[28.5604,39.74379999303825],[28.5318,39.750799993041674],[28.518500000000003,39.76829999305012],[28.4765,39.80299999306685],[28.456399999999995,39.812499993071434],[28.420400000000004,39.83909999308427],[28.385499999999997,39.854299993091615],[28.3253,39.85629999309253],[28.2849,39.87769999310286],[28.266499999999997,39.90039999311375],[28.2564,39.941799993133664],[28.2399,39.96919999314685],[28.2223,39.98049999315228],[28.188699999999997,39.99069999315717],[28.1822,39.99939999316134],[28.1884,40.03039999317615],[28.206899999999994,40.04889999318504],[28.2077,40.06579999319312],[28.1676,40.100799993209876],[28.1323,40.120199993219124],[28.118399999999998,40.152099993234344],[28.129899999999996,40.20249999325838],[28.127699999999997,40.21149999326269],[28.099199999999996,40.23749999327501],[28.1096,40.257899993284695],[28.153599999999997,40.29739999330348],[28.161099999999998,40.30929999330915],[28.1741,40.35909999333273],[28.195699999999995,40.39769999335101],[28.2516,40.4007999933525],[28.264499999999998,40.40119999335272],[28.348,40.403999993353985],[28.400199999999998,40.39739999335088],[28.4866,40.39989999335205],[28.476199999999995,40.397899993351096],[28.470499999999998,40.395499993349986],[28.467599999999997,40.39429999334938],[28.461799999999997,40.38829999334657],[28.4589,40.37939999334234],[28.4996,40.39099999334782],[28.525499999999997,40.39119999334791],[28.545299999999997,40.391299993348],[28.592800000000004,40.38179999334352],[28.6378,40.36509999333557],[28.643999999999995,40.371299993338525],[28.6512,40.366399993336195],[28.657999999999998,40.36509999333557],[28.666999999999998,40.368099993337],[28.67739999999999,40.375999993340784],[28.6854,40.37939999334234],[28.741899999999994,40.386399993345655],[28.757,40.396199993350315],[28.772099999999995,40.4024999933533],[28.791199999999996,40.40039999335232],[28.82539999999999,40.3923999933485],[28.8556,40.391099993347915],[28.8841,40.38629999334563],[28.898099999999996,40.38129999334322],[28.921500000000005,40.36999999333791],[28.9388,40.36509999333557],[28.956400000000002,40.36309999333462],[29.0338,40.364399993335255],[29.0515,40.36719999333655],[29.065500000000004,40.375699993340604],[29.068399999999993,40.380099993342675],[29.0738,40.3885999933467],[29.0803,40.407999993355915],[29.082799999999995,40.4155999933595],[29.090000000000003,40.427199993364916],[29.103,40.423099993363024],[29.118800000000004,40.42359999336324],[29.136399999999995,40.42789999336527],[29.15049999999999,40.43359999336799],[29.1516,40.43409999336823],[29.133599999999998,40.45069999337604],[29.1116,40.466099993383345],[29.0878,40.47739999338869],[29.065500000000004,40.48189999339081],[29.01729999999999,40.48189999339081],[29.011200000000002,40.48189999339081],[29.0025,40.47859999338919],[28.999799999999993,40.47689999338844],[28.980199999999993,40.464599993382606],[28.978299999999994,40.46399999338233],[28.9694,40.46139999338112],[28.9664,40.46199999338141],[28.916800000000002,40.47089999338556],[28.868999999999993,40.493599993396316],[28.836399999999994,40.50909999340362],[28.828299999999995,40.51289999340541],[28.781100000000002,40.52159999340949],[28.774300000000004,40.52279999341006],[28.780499999999996,40.53319999341494],[28.7846,40.539899993418125],[28.792599999999997,40.55329999342441],[28.8268,40.57059999343256],[28.897799999999993,40.59179999344249],[28.9276,40.6063999934494],[28.9701,40.63939999346488],[28.986299999999996,40.64469999346736],[29.2815,40.66589999347728],[29.32329999999999,40.67679999348235],[29.363600000000005,40.694099993490454],[29.384499999999992,40.70639999349623],[29.391700000000004,40.7077999934969],[29.3992,40.7024999934944],[29.4028,40.698299993492434],[29.4072,40.69309999349002],[29.41689999999999,40.68669999348701],[29.4241,40.68949999348829],[29.461499999999997,40.70409999349515],[29.470200000000002,40.7188999935021],[29.479199999999995,40.72399999350444],[29.5011,40.72889999350676],[29.511199999999995,40.72739999350603],[29.527399999999993,40.721399993503205],[29.542200000000005,40.709699993497765],[29.546300000000002,40.69849999349255],[29.549000000000003,40.69099999348902],[29.552899999999998,40.69099999348902],[29.559799999999992,40.69109999348907],[29.753099999999993,40.72459999350473],[29.8011,40.726399993505574],[29.813699999999997,40.726899993505796],[29.867199999999997,40.72889999350676],[29.9036,40.71629999350083],[29.922099999999993,40.71639999350091],[29.924099999999992,40.71639999350091],[29.92439999999999,40.71669999350104],[29.9392,40.73499999350958],[29.9293,40.75769999352022],[29.9292,40.75809999352039],[29.92439999999999,40.75869999352068],[29.9096,40.760799993521644],[29.8903,40.76349999352289],[29.809299999999997,40.755499993519166],[29.786599999999996,40.74879999351605],[29.775400000000005,40.74859999351593],[29.7639,40.75279999351789],[29.752299999999998,40.76029999352142],[29.7392,40.76879999352539],[29.737600000000004,40.76979999352582],[29.7218,40.77189999352686],[29.7214,40.77199999352687],[29.721300000000003,40.77199999352687],[29.686500000000002,40.78149999353132],[29.666000000000004,40.783499993532246],[29.620600000000003,40.78209999353161],[29.612799999999993,40.78189999353151],[29.493799999999993,40.778099993529736],[29.4802,40.77769999352954],[29.428800000000003,40.77609999352878],[29.409999999999997,40.77119999352651],[29.3942,40.76209999352224],[29.3776,40.75649999351965],[29.361099999999997,40.76119999352186],[29.3568,40.76239999352238],[29.348499999999998,40.77099999352639],[29.3395,40.787599993534116],[29.329000000000004,40.790299993535434],[29.343399999999995,40.79769999353887],[29.339700000000004,40.80719999354327],[29.347,40.801599993540705],[29.3431,40.81729999354803],[29.359799999999996,40.835499993556475],[29.36189999999999,40.85679999356638],[29.373600000000003,40.87129999357308],[29.396200000000004,40.881899993578024],[29.4128,40.88899999358132],[29.4173,40.90009999358649],[29.4499,40.91309999359254],[29.4432,40.93969999360488],[29.516699999999993,40.99729999363157],[29.5172,41.028799993646075],[29.56169999999999,41.05129999365653],[29.587699999999995,41.04339999365283],[29.606,41.02859999364603],[29.6111,40.987199993626895],[29.634299999999993,40.97509999362123],[29.6823,40.975299993621384],[29.698199999999993,41.01399999363925],[29.7311,41.041399993651936],[29.7707,41.028499993646],[29.801000000000002,41.01289999363874],[29.830099999999998,41.00759999363631],[29.847199999999997,41.010199993637485],[29.8507,41.01139999363804],[29.869500000000002,41.02979999364658],[29.8832,41.05319999365735],[29.8818,41.06919999366475],[29.92589999999999,41.08799999367345],[29.93199999999999,41.09819999367814],[29.9135,41.11599999368632],[29.921500000000005,41.14189999369822],[29.9794,41.13449999369487],[30.030600000000003,41.1397999936973],[30.0737,41.13389999369459],[30.1056,41.13689999369594],[30.1178,41.143199993698865],[30.155099999999994,41.13879999369678],[30.179800000000004,41.148699993701364],[30.1919,41.15799999370562],[30.199300000000004,41.16219999370759],[30.203499999999995,41.16449999370863],[30.217200000000002,41.16709999370982],[30.226499999999998,41.17289999371251],[30.240599999999993,41.192299993721434],[30.246899999999997,41.188299993719546],[30.2481,41.1874999937192],[30.250699999999995,41.18949999372011],[30.258,41.19499999372265],[30.2589,41.195699993722975],[30.2677,41.20669999372804],[30.2712,41.21109999373004],[30.282299999999996,41.21539999373201],[30.295699999999993,41.207399993728345],[30.3367,41.20079999372531],[30.369800000000005,41.18139999371639],[30.699199999999998,41.12159999368892],[30.732299999999995,41.099399993678645],[30.748199999999997,41.091899993675206],[30.833099999999998,41.07989999366971],[31.089700000000004,41.085099993672095],[31.0905,41.085099993672095],[31.093300000000003,41.08629999367263],[31.1154,41.09589999367706],[31.124699999999994,41.09809999367807],[31.136999999999993,41.09749999367782],[31.163699999999995,41.09289999367568],[31.169400000000003,41.091899993675206],[31.196199999999997,41.095999993677125],[31.210400000000003,41.09809999367807],[31.211699999999997,41.09769999367792],[31.231300000000005,41.091899993675206],[31.238899999999997,41.093699993676026],[31.2428,41.102399993680066],[31.244199999999996,41.103099993680416],[31.2489,41.105699993681576],[31.2903,41.117799993687164],[31.323500000000003,41.13389999369459],[31.343600000000002,41.148799993701395],[31.3785,41.17449999371323],[31.392900000000004,41.188399993719614],[31.4012,41.20209999372589],[31.401899999999994,41.20489999372722],[31.4052,41.21819999373327],[31.405499999999993,41.22659999373714],[31.405900000000003,41.23929999374294],[31.408099999999997,41.24839999374716],[31.417400000000004,41.26819999375619],[31.419599999999996,41.28029999376173],[31.4149,41.28579999376425],[31.4076,41.28959999376597],[31.396199999999993,41.29539999376866],[31.3937,41.30169999377155],[31.3931,41.303099993772165],[31.392900000000004,41.30359999377239],[31.393999999999995,41.304899993772985],[31.402800000000003,41.31539999377777],[31.403699999999994,41.31649999377829],[31.419699999999995,41.320999993780326],[31.424999999999997,41.322499993780994],[31.471099999999993,41.32479999378205],[31.476500000000005,41.32889999378395],[31.492700000000003,41.34769999379253],[31.498399999999997,41.35199999379445],[31.5667,41.371499993803326],[31.6333,41.390599993812046],[31.659,41.39789999381538],[31.6799,41.408399993820154],[31.699100000000005,41.417999993824544],[31.730900000000002,41.4339999938318],[31.756399999999992,41.446699993837605],[31.8717,41.5044999938638],[31.9787,41.54399999388168],[31.993400000000005,41.54939999388416],[32.0185,41.56449999389094],[32.0298,41.57119999389398],[32.0395,41.575499993895896],[32.0586,41.5802999938981],[32.1342,41.5993999939067],[32.1355,41.59999999390701],[32.1423,41.603099993908415],[32.1619,41.61199999391238],[32.168299999999995,41.6215999939167],[32.17849999999999,41.63689999392364],[32.1886,41.645699993927614],[32.19959999999999,41.65519999393189],[32.2283,41.67999999394304],[32.24099999999999,41.69089999394794],[32.2433,41.69279999394875],[32.26339999999999,41.720199993961074],[32.2969,41.727299993964266],[32.3425,41.72899999396502],[32.352,41.72929999396519],[32.352900000000005,41.73259999396664],[32.3538,41.73579999396811],[32.37069999999999,41.74189999397085],[32.372499999999995,41.7424999939711],[32.3728,41.74339999397151],[32.3772,41.75409999397634],[32.3826,41.75609999397721],[32.3873,41.75379999397616],[32.3985,41.74339999397151],[32.3995,41.7424999939711],[32.4006,41.7428999939713],[32.41709999999999,41.74889999397393],[32.4232,41.75399999397629],[32.43129999999999,41.760799993979326],[32.4395,41.767499993982305],[32.4542,41.77729999398669],[32.4993,41.79499999399462],[32.52329999999999,41.80449999399891],[32.5311,41.80869999400073],[32.53489999999999,41.81079999400169],[32.5482,41.815799994003925],[32.5629,41.81689999400443],[32.5732,41.812999994002666],[32.57769999999999,41.81129999400195],[32.58919999999999,41.82689999400887],[32.592,41.82839999400959],[32.61259999999999,41.83949999401453],[32.6396,41.84379999401639],[32.663,41.834899994012474],[32.679199999999994,41.83619999401305],[32.7404,41.8530999940206],[32.75549999999999,41.859099994023296],[32.7703,41.85799999402277],[32.7811,41.85859999402309],[32.76659999999999,41.84919999401888],[32.7251,41.84489999401695],[32.7376,41.82199999400669],[32.765,41.80039999399704],[32.8075,41.77459999398548],[32.8247,41.76329999398043],[32.8658,41.712499993957664],[32.880799999999994,41.7045999939541],[32.89939999999999,41.6880999939467],[32.888,41.67199999393942],[32.85509999999999,41.64169999392579],[32.83700000000001,41.61519999391381],[32.8268,41.589099993902074],[32.810100000000006,41.552999993885784],[32.797999999999995,41.53739999387868],[32.76400000000001,41.524199993872706],[32.7394,41.52189999387165],[32.71529999999999,41.5265999938738],[32.64789999999999,41.48019999385281],[32.651,41.44349999383614],[32.6577,41.42759999382889],[32.6218,41.420599993825704],[32.5935,41.39349999381338],[32.579299999999996,41.37409999380457],[32.5799,41.34529999379141],[32.557,41.32319999378134],[32.5227,41.31209999377622],[32.513099999999994,41.29449999376823],[32.467499999999994,41.289299993765816],[32.4564,41.28839999376546],[32.4197,41.289899993766106],[32.395199999999996,41.3265999937829],[32.37069999999999,41.32979999378436],[32.3311,41.31599999377804],[32.292399999999994,41.30079999377109],[32.2345,41.28389999376336],[32.2008,41.2666999937555],[32.157399999999996,41.235299993741144],[32.146,41.21639999373245],[32.1457,41.192299993721434],[32.1536,41.13879999369678],[32.1058,41.09709999367764],[32.1135,41.060199993660596],[32.1405,41.04689999365446],[32.1352,41.02469999364421],[32.155699999999996,41.02609999364488],[32.1859,41.0185999936414],[32.20419999999999,41.019899993642],[32.2272,41.03289999364801],[32.26059999999999,41.02759999364555],[32.2708,41.02119999364259],[32.3061,41.02389999364386],[32.332,40.99199999362909],[32.32809999999999,40.96599999361708],[32.36229999999999,40.95359999361132],[32.33939999999999,40.939599993604865],[32.342,40.92909999359999],[32.3757,40.89359999358347],[32.4282,40.88729999358058],[32.4934,40.870699993572856],[32.5343,40.840999993559016],[32.5829,40.81609999354743],[32.6119,40.79709999353858],[32.594699999999996,40.75229999351766],[32.58129999999999,40.73049999350746],[32.5677,40.69169999348934],[32.5486,40.68349999348549],[32.44389999999999,40.68099999348432],[32.40859999999999,40.663699993476236],[32.38589999999999,40.65059999347007],[32.3941,40.62259999345699],[32.4117,40.60969999345093],[32.42029999999999,40.589199993441284],[32.416999999999994,40.57249999343343],[32.3975,40.5500999934229],[32.372,40.53109999341399],[32.3478,40.519099993408325],[32.28419999999999,40.51479999340627],[32.254,40.50529999340182],[32.23499999999999,40.48929999339428],[32.2127,40.462499993381634],[32.18979999999999,40.456599993378845],[32.18429999999999,40.454499993377866],[32.1482,40.430799993366634],[32.09779999999999,40.42269999336284],[32.0534,40.42259999336281],[31.994399999999995,40.38519999334509],[31.972000000000005,40.362799993334505],[31.9443,40.344599993325865],[31.912199999999995,40.33389999332079],[31.854200000000002,40.32379999331604],[31.821699999999996,40.32399999331612],[31.794899999999995,40.33239999332007],[31.740600000000004,40.33649999332206],[31.702,40.32629999331719],[31.6848,40.32339999331581],[31.6362,40.28829999329919],[31.600199999999997,40.2754999932931],[31.563400000000005,40.27539999329302],[31.5491,40.291899993300895],[31.5144,40.30559999330738],[31.4679,40.316099993312356],[31.448999999999998,40.352199993329485],[31.4274,40.368899993337365],[31.417499999999997,40.35079999332881],[31.360500000000002,40.35149999332914],[31.3396,40.34579999332647],[31.301999999999996,40.32629999331719],[31.263,40.33349999332061],[31.246800000000004,40.32739999331773],[31.220600000000005,40.342899993325084],[31.1856,40.34329999332529],[31.142599999999998,40.362999993334576],[31.103799999999993,40.37249999333909],[31.0815,40.36349999333484],[31.0731,40.34339999332531],[31.061399999999995,40.276999993293785],[31.01739999999999,40.224799993268995],[30.9692,40.20589999325998],[30.944500000000005,40.19119999325301],[30.887799999999995,40.18129999324826],[30.8649,40.173299993244456],[30.851500000000005,40.15589999323616],[30.846700000000002,40.12679999322228],[30.8523,40.108899993213754],[30.85279999999999,40.097099993208104],[30.8571,40.06509999319278],[30.879699999999996,40.05049999318579],[30.945600000000002,40.02489999317352],[30.991499999999995,40.027999993175],[31.044099999999993,40.05449999318773],[31.083699999999993,40.05469999318781],[31.1184,40.070299993195285],[31.14139999999999,40.069199993194744],[31.1581,40.05679999318882],[31.1803,40.05189999318646],[31.2245,40.06259999319162],[31.270800000000005,40.065199993192834],[31.317,40.06249999319154],[31.337399999999995,40.05389999318744],[31.382200000000005,40.06269999319163],[31.409099999999995,40.05349999318727],[31.391600000000004,40.027099993174595],[31.4233,40.02319999317277],[31.460600000000003,40.041099993181305],[31.50359999999999,40.025199993173686],[31.531799999999997,40.03929999318043],[31.566299999999995,40.03529999317855],[31.609200000000005,40.02189999317212],[31.657099999999993,40.04359999318249],[31.6692,40.02699999317452],[31.6655,40.009499993166195],[31.699100000000005,40.022599993172456],[31.7101,40.0187999931706],[31.701199999999993,39.99059999315713],[31.7038,39.977699993150914],[31.7165,39.968999993146745],[31.749200000000002,39.970399993147396],[31.7452,39.92979999312793],[31.7622,39.91819999312234],[31.769500000000004,39.901799993114444],[31.824099999999994,39.8725999931004],[31.856499999999993,39.88159999310472],[31.874200000000002,39.8748999931015],[31.851800000000004,39.85619999309248],[31.864199999999993,39.844199993086754],[31.891,39.85999999309433],[31.9073,39.850199993089596],[31.8904,39.82809999307895],[31.896399999999996,39.81699999307358],[31.884000000000004,39.802399993066565],[31.8554,39.78749999305935],[31.828499999999995,39.75909999304567],[31.826500000000003,39.74169999303728],[31.847000000000005,39.72059999302706],[31.877299999999998,39.707899993020874],[31.924799999999998,39.669399993002294],[31.956499999999995,39.6326999929845],[31.9602,39.61529999297601],[31.946200000000005,39.58159999295965],[31.962700000000005,39.549199992943926],[31.9746,39.5147999929272],[31.995800000000003,39.494199992917125],[31.9923,39.431299992886515],[31.986599999999992,39.397199992869844],[31.987600000000004,39.362799992853056],[31.999600000000004,39.347999992845786],[32.0415,39.31869999283146],[32.041,39.29219999281851],[32.015299999999996,39.26339999280439],[32.0055,39.22899999278753],[31.968100000000003,39.247599992796616],[31.957399999999996,39.24529999279551],[31.917800000000003,39.21279999277957],[31.839900000000004,39.177099992762024],[31.807199999999998,39.1497999927486],[31.797699999999995,39.13659999274209],[31.778199999999995,39.12539999273659],[31.757799999999992,39.10399999272609],[31.7225,39.0910999927197],[31.698199999999996,39.09289999272063],[31.6572,39.113499992730716],[31.6132,39.11069999272939],[31.579500000000003,39.084199992716314],[31.5628,39.1125999927303],[31.541600000000003,39.126399992737106],[31.4271,39.13979999274367],[31.411699999999993,39.15379999275056],[31.3869,39.202399992774474],[31.3593,39.23759999279173],[31.3433,39.25149999279856],[31.329200000000004,39.27629999281068],[31.299099999999992,39.2882999928166],[31.2535,39.268699992806994],[31.219699999999996,39.268699992806994],[31.181699999999992,39.27919999281212],[31.15759999999999,39.277999992811544],[31.126599999999996,39.267299992806315],[31.11049999999999,39.247199992796446],[31.115799999999993,39.185299992766055],[31.097200000000004,39.18199999276443],[31.053800000000003,39.21519999278075],[31.038399999999992,39.2118999927791],[31.036099999999994,39.198099992772335],[31.049,39.17329999276016],[31.019099999999995,39.17399999276051],[30.98989999999999,39.202999992774714],[30.960100000000004,39.21519999278075],[30.9293,39.24179999279378],[30.897800000000004,39.24399999279489],[30.8744,39.235999992790966],[30.863900000000005,39.20679999277665],[30.873,39.1877999927673],[30.894899999999993,39.17249999275978],[30.9492,39.14949999274848],[30.93199999999999,39.12769999273773],[30.874699999999997,39.12429999273607],[30.8486,39.127799992737756],[30.825600000000005,39.12279999273532],[30.804000000000002,39.107299992727704],[30.775499999999997,39.09989999272407],[30.755399999999998,39.113999992731],[30.712200000000003,39.13029999273897],[30.6746,39.14889999274816],[30.6555,39.150599992749],[30.61939999999999,39.13459999274114],[30.6013,39.1357999927417],[30.567100000000003,39.15339999275039],[30.5446,39.181199992764064],[30.5298,39.209199992777776],[30.517,39.21439999278029],[30.4765,39.21779999278199],[30.432399999999994,39.228899992787476],[30.432600000000004,39.19159999276918],[30.408599999999996,39.16719999275717],[30.3756,39.151299992749344],[30.323299999999993,39.14059999274407],[30.292999999999992,39.129599992738704],[30.2731,39.116399992732184],[30.239900000000002,39.06829999270848],[30.2312,39.04489999269693],[30.2191,38.96969999265983],[30.215099999999993,38.946999992648585],[30.2096,38.93339999264186]]]}},{"type":"Feature","properties":{"ADMIN":"WestMed","ISO_A3":"TUR","admin_source":"World Bank GAD, artifact wb_boundaries_20260820","admin_units":"Afyon, Antalya, Burdur, Denizli, Isparta, Usak"},"geometry":{"type":"Polygon","coordinates":[[[29.767199999999995,36.14779999122681],[29.775400000000005,36.158199991232166],[29.762499999999992,36.156499991231314],[29.7587,36.15359999122981],[29.754899999999992,36.15079999122837],[29.747000000000003,36.157699991231894],[29.743399999999998,36.16089999123359],[29.731499999999997,36.16419999123529],[29.720599999999997,36.16279999123457],[29.7196,36.16269999123453],[29.7193,36.162599991234465],[29.706999999999997,36.158199991232166],[29.699799999999996,36.14619999122599],[29.689399999999992,36.14449999122508],[29.688700000000004,36.141299991223434],[29.683400000000002,36.1353999912204],[29.672499999999992,36.12329999121416],[29.6682,36.14379999122473],[29.634000000000004,36.157099991231604],[29.623899999999995,36.17799999124239],[29.6329,36.17419999124046],[29.637199999999993,36.17239999123953],[29.643300000000004,36.17799999124239],[29.6426,36.1837999912454],[29.642199999999992,36.18699999124705],[29.6347,36.191699991249486],[29.583600000000004,36.185399991246214],[29.583600000000004,36.191699991249486],[29.592599999999994,36.19579999125163],[29.601199999999995,36.19749999125247],[29.613100000000003,36.19989999125376],[29.623899999999995,36.19909999125332],[29.6023,36.206999991257426],[29.565300000000004,36.20659999125723],[29.521599999999992,36.205999991256874],[29.5021,36.209599991258756],[29.4946,36.21099999125946],[29.431999999999995,36.2400999912745],[29.420799999999996,36.2307999912697],[29.4205,36.230599991269614],[29.420299999999997,36.23089999126976],[29.415099999999992,36.23979999127435],[29.413900000000005,36.248899991279075],[29.4124,36.26009999128486],[29.411499999999993,36.26739999128858],[29.406699999999994,36.261399991285515],[29.405699999999992,36.26009999128486],[29.401799999999994,36.26179999128571],[29.401,36.26269999128616],[29.3982,36.2660999912879],[29.391700000000004,36.26739999128858],[29.381600000000002,36.26399999128685],[29.3701,36.25439999128189],[29.357099999999996,36.23559999127219],[29.350599999999993,36.23299999127085],[29.349600000000002,36.23259999127061],[29.340899999999998,36.237299991273055],[29.33739999999999,36.24239999127566],[29.329399999999996,36.25409999128175],[29.322699999999998,36.24739999127829],[29.3222,36.24689999127804],[29.320699999999995,36.24809999127867],[29.260499999999993,36.2940999913024],[29.2567,36.29699999130385],[29.2522,36.304299991307644],[29.2564,36.30059999130575],[29.2897,36.326999991319354],[29.30389999999999,36.34309999132768],[29.313499999999994,36.405099991359705],[29.312000000000005,36.44019999137779],[29.3449,36.4578999913869],[29.380599999999998,36.472199991394305],[29.4383,36.4858999914014],[29.4977,36.50779999141268],[29.5385,36.53949999142898],[29.556299999999993,36.55919999143918],[29.602999999999994,36.58719999145358],[29.625799999999998,36.60959999146515],[29.6614,36.66519999149374],[29.670499999999997,36.687499991505234],[29.668599999999998,36.71359999151866],[29.690699999999993,36.74159999153305],[29.715000000000003,36.79149999155873],[29.741300000000003,36.81799999157236],[29.76289999999999,36.850999991589376],[29.775199999999995,36.88069999160458],[29.7832,36.903499991616314],[29.782299999999996,36.930699991630256],[29.75529999999999,36.960299991645456],[29.710599999999996,36.984999991658114],[29.692499999999992,36.988399991659875],[29.6455,36.98929999166035],[29.621400000000005,36.98239999165679],[29.5656,36.96279999164673],[29.4944,36.88689999160776],[29.470200000000002,36.87059999159942],[29.4373,36.871899991600095],[29.431900000000002,36.884099991606334],[29.4285,36.94499999163763],[29.416300000000003,36.958399991644484],[29.445599999999995,36.959499991645075],[29.4592,36.966299991648576],[29.460300000000004,36.98939999166036],[29.434799999999992,36.996399991663985],[29.429699999999993,37.01419999167315],[29.3946,37.01229999167214],[29.383899999999993,37.0264999916794],[29.3675,36.9803999916558],[29.335700000000003,36.94169999163591],[29.3168,36.8902999916095],[29.30399999999999,36.877599991603],[29.269000000000002,36.86059999159428],[29.248999999999995,36.85689999159236],[29.225200000000005,36.86079999159438],[29.1758,36.88189999160523],[29.136399999999995,36.905799991617506],[29.1137,36.92529999162752],[29.109500000000004,36.94419999163718],[29.114999999999995,36.998499991665085],[29.109000000000005,37.04199999168739],[29.099300000000003,37.06469999169901],[29.0872,37.082199991708],[29.067399999999992,37.09999999171711],[29.0212,37.11829999172645],[28.989799999999995,37.1268999917309],[28.972499999999993,37.13889999173703],[28.9551,37.15509999174533],[28.891300000000005,37.182799991759474],[28.883099999999995,37.20279999176975],[28.88329999999999,37.24589999179179],[28.865099999999998,37.258599991798285],[28.79779999999999,37.265899991802],[28.78569999999999,37.27379999180604],[28.7408,37.315399991827285],[28.7281,37.34849999184419],[28.705699999999997,37.367499991853876],[28.683900000000005,37.37399999185725],[28.664899999999992,37.390899991865844],[28.636899999999997,37.4360999918889],[28.642099999999996,37.45859999190036],[28.6299,37.481399991912035],[28.615599999999997,37.5037999919234],[28.6173,37.516899991930096],[28.58589999999999,37.54019999194193],[28.589999999999996,37.559399991951715],[28.616399999999995,37.544099991943924],[28.636799999999997,37.540299991942],[28.652800000000003,37.545599991944705],[28.6997,37.58149999196295],[28.708900000000003,37.599899991972315],[28.724500000000003,37.61069999197784],[28.749599999999994,37.62799999198665],[28.8192,37.653599991999634],[28.820599999999995,37.67419999201011],[28.7992,37.69459999202045],[28.809199999999993,37.716199992031456],[28.831599999999998,37.72489999203584],[28.863400000000002,37.75119999204919],[28.8618,37.764599992056034],[28.845999999999997,37.77709999206234],[28.796500000000005,37.78909999206843],[28.769000000000002,37.80949999207876],[28.761899999999997,37.820099992084124],[28.754,37.85149999210004],[28.723799999999994,37.87349999211117],[28.7122,37.90299999212612],[28.7217,37.918299992133825],[28.748399999999997,37.93319999214136],[28.7936,37.94969999214975],[28.823200000000003,37.96629999215812],[28.8172,37.985699992167916],[28.778599999999997,37.98689999216853],[28.755300000000002,37.99319999217171],[28.7439,38.01259999218149],[28.724099999999993,38.029299992189934],[28.7202,38.0482999921995],[28.702699999999997,38.066199992208546],[28.6638,38.07469999221282],[28.648099999999992,38.090799992220965],[28.6819,38.10489999222805],[28.725499999999993,38.12759999223954],[28.7776,38.20309999227749],[28.797099999999997,38.22269999228735],[28.82909999999999,38.23789999229502],[28.858900000000002,38.23859999229536],[28.862900000000003,38.25339999230283],[28.8854,38.27299999231262],[28.868200000000005,38.291399992321914],[28.834999999999994,38.30919999233085],[28.798800000000004,38.33539999234396],[28.7809,38.35809999235535],[28.7893,38.3870999923699],[28.809500000000003,38.433099992392904],[28.8073,38.482199992417506],[28.8098,38.53309999244291],[28.799799999999994,38.57379999246324],[28.820599999999995,38.59969999247618],[28.828199999999995,38.63969999249611],[28.836899999999993,38.65129999250186],[28.857699999999994,38.665899992509125],[28.885299999999994,38.6750999925137],[28.963000000000005,38.686599992519405],[28.9886,38.697699992524974],[29.017500000000002,38.71619999253418],[29.045699999999993,38.742999992547475],[29.0852,38.80989999258071],[29.1179,38.83959999259545],[29.1704,38.83249999259193],[29.1801,38.82329999258737],[29.183500000000002,38.78569999256868],[29.190599999999996,38.775799992563755],[29.218199999999996,38.7699999925609],[29.250699999999995,38.78319999256745],[29.283699999999996,38.80209999257685],[29.310700000000004,38.80369999257764],[29.327599999999997,38.81029999258092],[29.345699999999994,38.82789999258961],[29.374800000000004,38.84769999259948],[29.4093,38.83709999259417],[29.443900000000003,38.83599999259364],[29.477200000000003,38.84989999260053],[29.520800000000005,38.889699992620265],[29.5669,38.897799992624236],[29.583399999999994,38.906199992628416],[29.613000000000003,38.93669999264353],[29.647300000000005,38.94939999264979],[29.6733,38.94689999264855],[29.71819999999999,38.9357999926431],[29.756500000000003,38.929699992640046],[29.828199999999995,38.903699992627196],[29.850899999999996,38.89099999262087],[29.889499999999998,38.89549999262314],[29.912600000000005,38.91409999263233],[29.931300000000004,38.91199999263129],[29.938199999999995,38.89229999262153],[29.96239999999999,38.871099992611036],[29.957700000000003,38.8082999925799],[30.012900000000002,38.808599992580035],[30.038700000000002,38.803899992577726],[30.057699999999997,38.82989999259061],[30.103899999999992,38.86529999260819],[30.133999999999997,38.87909999261499],[30.159299999999998,38.88489999261788],[30.2002,38.9135999926321],[30.2096,38.93339999264186],[30.215099999999993,38.946999992648585],[30.2191,38.96969999265983],[30.2312,39.04489999269693],[30.239900000000002,39.06829999270848],[30.2731,39.116399992732184],[30.292999999999992,39.129599992738704],[30.323299999999993,39.14059999274407],[30.3756,39.151299992749344],[30.408599999999996,39.16719999275717],[30.432600000000004,39.19159999276918],[30.432399999999994,39.228899992787476],[30.4765,39.21779999278199],[30.517,39.21439999278029],[30.5298,39.209199992777776],[30.5446,39.181199992764064],[30.567100000000003,39.15339999275039],[30.6013,39.1357999927417],[30.61939999999999,39.13459999274114],[30.6555,39.150599992749],[30.6746,39.14889999274816],[30.712200000000003,39.13029999273897],[30.755399999999998,39.113999992731],[30.775499999999997,39.09989999272407],[30.804000000000002,39.107299992727704],[30.825600000000005,39.12279999273532],[30.8486,39.127799992737756],[30.874699999999997,39.12429999273607],[30.93199999999999,39.12769999273773],[30.9492,39.14949999274848],[30.894899999999993,39.17249999275978],[30.873,39.1877999927673],[30.863900000000005,39.20679999277665],[30.8744,39.235999992790966],[30.897800000000004,39.24399999279489],[30.9293,39.24179999279378],[30.960100000000004,39.21519999278075],[30.98989999999999,39.202999992774714],[31.019099999999995,39.17399999276051],[31.049,39.17329999276016],[31.036099999999994,39.198099992772335],[31.038399999999992,39.2118999927791],[31.053800000000003,39.21519999278075],[31.097200000000004,39.18199999276443],[31.115799999999993,39.185299992766055],[31.11049999999999,39.247199992796446],[31.126599999999996,39.267299992806315],[31.15759999999999,39.277999992811544],[31.181699999999992,39.27919999281212],[31.219699999999996,39.268699992806994],[31.2535,39.268699992806994],[31.299099999999992,39.2882999928166],[31.329200000000004,39.27629999281068],[31.3433,39.25149999279856],[31.3593,39.23759999279173],[31.3869,39.202399992774474],[31.411699999999993,39.15379999275056],[31.4271,39.13979999274367],[31.541600000000003,39.126399992737106],[31.5628,39.1125999927303],[31.579500000000003,39.084199992716314],[31.595100000000002,39.0487999926989],[31.601999999999993,39.008699992679084],[31.631,38.993599992671626],[31.6608,38.98839999266907],[31.705899999999996,38.98569999266774],[31.715899999999994,38.978299992664105],[31.7084,38.9550999926526],[31.69419999999999,38.938899992644615],[31.641000000000002,38.91989999263518],[31.626799999999996,38.90899999262982],[31.6301,38.87569999261332],[31.642699999999998,38.85779999260444],[31.6428,38.83959999259545],[31.61939999999999,38.80929999258042],[31.5975,38.77429999256304],[31.570100000000004,38.757599992554766],[31.537399999999998,38.73199999254203],[31.538000000000004,38.699199992525735],[31.5528,38.685099992518694],[31.591799999999992,38.661999992507184],[31.640299999999993,38.64329999249791],[31.516799999999993,38.58609999246941],[31.4631,38.55419999245348],[31.448100000000004,38.54309999244788],[31.3819,38.50459999242869],[31.307800000000004,38.46709999240991],[31.2462,38.42939999239107],[31.237099999999998,38.4014999923771],[31.248,38.38679999236974],[31.2818,38.369899992361276],[31.285799999999995,38.34099999234675],[31.313,38.289599992320994],[31.327799999999996,38.276799992314565],[31.3633,38.25849999230539],[31.3881,38.2521999923022],[31.446899999999996,38.22589999228895],[31.502300000000005,38.17839999226511],[31.5202,38.170399992261075],[31.533599999999996,38.166599992259194],[31.5509,38.1485999922501],[31.555099999999992,38.13429999224286],[31.580399999999997,38.112199992231744],[31.576299999999996,38.098999992225124],[31.548999999999992,38.08019999221561],[31.5369,38.05529999220304],[31.505599999999994,38.04299999219682],[31.486900000000002,38.02979999219018],[31.4854,38.01919999218485],[31.497999999999998,37.977299992163665],[31.485599999999994,37.948699992149216],[31.4596,37.933299992141414],[31.403799999999993,37.91109999213021],[31.391199999999994,37.8946999921219],[31.391,37.86049999210458],[31.407399999999992,37.83819999209333],[31.43499999999999,37.78779999206774],[31.4382,37.70189999202417],[31.382599999999996,37.7046999920256],[31.359000000000005,37.69759999202201],[31.341700000000003,37.68109999201363],[31.332599999999992,37.6471999919964],[31.345299999999998,37.6064999919757],[31.36789999999999,37.56389999195399],[31.3706,37.54779999194583],[31.36199999999999,37.49899999192095],[31.3539,37.473599991908],[31.3465,37.44739999189466],[31.350499999999997,37.42859999188511],[31.3651,37.409499991875336],[31.3909,37.402299991871644],[31.4449,37.3983999918697],[31.508399999999995,37.37629999185838],[31.636800000000004,37.346799991843326],[31.705400000000004,37.330599991835086],[31.801699999999993,37.30279999182088],[31.844599999999993,37.28409999181128],[31.899099999999997,37.24759999179268],[31.923399999999994,37.22639999178181],[31.954499999999992,37.18719999176175],[31.998800000000003,37.15809999174687],[32.0119,37.15729999174647],[32.033199999999994,37.133799991734435],[32.057199999999995,37.091699991712844],[32.1023,37.058599991695885],[32.1512,37.00399999166788],[32.210499999999996,36.97919999165513],[32.2315,36.95799999164431],[32.28289999999999,36.938599991634305],[32.28959999999999,36.93099999163046],[32.280899999999995,36.912599991620965],[32.2601,36.87809999160326],[32.2604,36.85959999159374],[32.2999,36.82539999157616],[32.369,36.80139999156385],[32.4271,36.7616999915434],[32.4544,36.72619999152514],[32.5092,36.61859999146978],[32.5207,36.56859999144398],[32.51989999999999,36.524599991421304],[32.5115,36.49549999140632],[32.5134,36.461299991388685],[32.533,36.42209999136846],[32.575,36.369599991341396],[32.57959999999999,36.34219999132725],[32.5981,36.31109999131118],[32.6084,36.284199991297285],[32.57639999999999,36.24569999127741],[32.58,36.23329999127099],[32.6061,36.20269999125517],[32.6106,36.172499991239576],[32.595499999999994,36.14239999122404],[32.561499999999995,36.108699991206606],[32.5582,36.0993999912018],[32.554899999999996,36.09709999120061],[32.531299999999995,36.098799991201496],[32.5138,36.1028999912036],[32.5136,36.102999991203646],[32.49869999999999,36.10989999120724],[32.47769999999999,36.119699991212286],[32.4373,36.13859999122204],[32.4269,36.14759999122669],[32.425799999999995,36.14939999122762],[32.4197,36.159499991232835],[32.413199999999996,36.16169999123399],[32.401999999999994,36.16549999123595],[32.3815,36.17009999123834],[32.36569999999999,36.17799999124239],[32.329,36.21769999126296],[32.31889999999999,36.22859999126857],[32.3102,36.229499991269044],[32.3059,36.23459999127169],[32.292699999999996,36.24179999127539],[32.2872,36.244799991276935],[32.28289999999999,36.250699991279966],[32.2816,36.25979999128467],[32.27890000000001,36.27899999129458],[32.276,36.287899991299184],[32.252599999999994,36.31529999131333],[32.21189999999999,36.344299991328285],[32.192099999999996,36.3583999913356],[32.1799,36.38719999135046],[32.17849999999999,36.395299991354605],[32.174499999999995,36.40229999135827],[32.1576,36.42279999136884],[32.1486,36.43369999137446],[32.1353,36.43769999137653],[32.13199999999999,36.438699991377],[32.1145,36.46949999139287],[32.1144,36.469599991392975],[32.1021,36.48619999140149],[32.0905,36.49169999140439],[32.087,36.493399991405234],[32.0457,36.527399991422755],[32.0262,36.54349999143106],[32.019,36.54659999143263],[31.987699999999997,36.54989999143436],[31.968199999999996,36.56159999144041],[31.943299999999994,36.56069999143992],[31.9279,36.56019999143968],[31.908099999999994,36.56259999144095],[31.900900000000004,36.57089999144521],[31.899499999999996,36.57249999144597],[31.8879,36.581099991450465],[31.862399999999994,36.58869999145439],[31.8447,36.590999991455526],[31.8347,36.59239999145629],[31.816700000000004,36.589499991454794],[31.807299999999998,36.596799991458546],[31.769099999999995,36.609999991465344],[31.750299999999992,36.63119999147623],[31.749299999999998,36.632299991476835],[31.736699999999995,36.64229999148195],[31.731299999999994,36.64179999148173],[31.724100000000004,36.641099991481354],[31.713199999999993,36.64239999148202],[31.703600000000005,36.64359999148264],[31.6472,36.66379999149302],[31.627699999999994,36.670799991496665],[31.6107,36.6819999915024],[31.609,36.68359999150323],[31.5963,36.69569999150946],[31.584299999999995,36.69999999151167],[31.441799999999997,36.751199991537995],[31.407700000000002,36.7633999915443],[31.393899999999995,36.76539999154534],[31.3785,36.76769999154648],[31.3768,36.786599991556216],[31.376400000000004,36.79189999155894],[31.3407,36.80859999156753],[31.314700000000002,36.81179999156917],[30.952399999999994,36.85549999159162],[30.9397,36.856999991592424],[30.793600000000005,36.85039999158899],[30.775900000000004,36.84959999158858],[30.772700000000004,36.85029999158901],[30.748199999999997,36.85569999159175],[30.726900000000004,36.86589999159698],[30.713699999999996,36.87419999160125],[30.696700000000003,36.88479999160669],[30.6866,36.89119999161],[30.628699999999995,36.85959999159374],[30.601700000000005,36.838099991582695],[30.5915,36.81559999157116],[30.587600000000002,36.80709999156675],[30.5731,36.7857999915558],[30.57,36.781299991553496],[30.57,36.750499991537666],[30.568099999999994,36.73929999153187],[30.565399999999997,36.722999991523515],[30.56459999999999,36.71789999152087],[30.565700000000003,36.700199991511795],[30.5723,36.69109999150711],[30.5768,36.68509999150398],[30.5768,36.678799991500775],[30.563999999999997,36.66389999149307],[30.5628,36.66249999149236],[30.561299999999996,36.6588999914905],[30.55849999999999,36.65239999148718],[30.556299999999997,36.637899991479735],[30.556299999999997,36.63759999147956],[30.557699999999997,36.619599991470295],[30.56039999999999,36.615099991467936],[30.563900000000004,36.60929999146498],[30.571099999999994,36.601099991460785],[30.5735,36.596199991458214],[30.5768,36.589499991454794],[30.5781,36.59089999145553],[30.5837,36.59639999145834],[30.582399999999993,36.585999991452965],[30.581099999999992,36.57519999144741],[30.577599999999993,36.56619999144277],[30.567100000000003,36.53989999142919],[30.57,36.52799999142305],[30.539500000000004,36.50749999141254],[30.5361,36.50519999141133],[30.521,36.48979999140341],[30.508799999999997,36.454299991385064],[30.494899999999998,36.43699999137615],[30.4868,36.42699999137099],[30.487900000000003,36.418099991366404],[30.482100000000003,36.41099999136275],[30.474599999999995,36.4015999913579],[30.4764,36.384199991348936],[30.487199999999998,36.37029999134173],[30.496999999999993,36.36569999133937],[30.501599999999996,36.36359999133824],[30.5002,36.36089999133689],[30.493999999999996,36.349299991330916],[30.510999999999996,36.344399991328366],[30.519900000000003,36.341799991327036],[30.515599999999992,36.337399991324745],[30.50669999999999,36.32859999132021],[30.505500000000005,36.32739999131959],[30.478899999999996,36.308599991309855],[30.472,36.29689999130385],[30.466699999999992,36.287899991299184],[30.473500000000005,36.287899991299184],[30.4782,36.292299991301455],[30.480699999999995,36.28959999130007],[30.487900000000003,36.287899991299184],[30.4515,36.26179999128571],[30.447299999999995,36.252999991281165],[30.440699999999996,36.23939999127418],[30.427399999999995,36.22629999126737],[30.3986,36.205999991256874],[30.4004,36.24809999127867],[30.396100000000004,36.26549999128762],[30.384199999999996,36.274299991292175],[30.380899999999997,36.27349999129177],[30.3682,36.27049999129023],[30.3605,36.26869999128928],[30.254600000000003,36.30829999130974],[30.233700000000002,36.30889999131004],[30.158499999999997,36.29859999130473],[30.151400000000002,36.291999991301296],[30.149099999999994,36.28989999130024],[30.1455,36.275099991292585],[30.1454,36.27139999129066],[30.1448,36.25439999128189],[30.138300000000005,36.25439999128189],[30.1373,36.26069999128515],[30.134499999999996,36.26679999128828],[30.131099999999993,36.274299991292175],[30.127600000000005,36.263899991286785],[30.124699999999994,36.255099991282265],[30.124699999999994,36.24689999127804],[30.1178,36.25049999127991],[30.1106,36.25439999128189],[30.1106,36.24899999127911],[30.1106,36.2400999912745],[30.073199999999993,36.24689999127804],[30.065599999999993,36.24989999127959],[30.0581,36.25569999128259],[30.0575,36.255899991282654],[30.0483,36.25879999128421],[30.034999999999997,36.25439999128189],[30.0532,36.25439999128189],[30.055899999999998,36.25439999128189],[30.055899999999998,36.24689999127804],[29.9886,36.21769999126296],[29.973399999999994,36.21959999126393],[29.961199999999995,36.21389999126096],[29.95,36.214499991261285],[29.925600000000003,36.21959999126393],[29.9166,36.218999991263594],[29.9115,36.21699999126257],[29.8982,36.205999991256874],[29.890900000000002,36.20269999125517],[29.8813,36.19839999125294],[29.865,36.19539999125143],[29.8438,36.19139999124934],[29.835700000000003,36.187899991247555],[29.830199999999998,36.185399991246214],[29.833900000000003,36.18409999124558],[29.837699999999998,36.18279999124489],[29.837000000000003,36.17799999124239],[29.830899999999993,36.17799999124239],[29.827299999999994,36.178099991242476],[29.802399999999995,36.17179999123925],[29.802399999999995,36.16489999123569],[29.823,36.16489999123569],[29.816100000000002,36.15929999123274],[29.8096,36.15409999123007],[29.795199999999994,36.145199991225475],[29.7829,36.140599991223084],[29.7794,36.1392999912224],[29.772099999999995,36.13839999122197],[29.761799999999997,36.136999991221224],[29.761799999999997,36.14099999122332],[29.761799999999997,36.14449999122508],[29.767199999999995,36.14779999122681]]]}},{"type":"Feature","properties":{"ADMIN":"CenterBlack","ISO_A3":"TUR","admin_source":"World Bank GAD, artifact wb_boundaries_20260820","admin_units":"Amasya, Cankiri, Corum, Giresun, Karabuk, Kastamonu, Ordu, Samsun, Sinop, Sivas, Tokat, Trabzon"},"geometry":{"type":"Polygon","coordinates":[[[35.1874,40.15709999323672],[35.16340000000001,40.14849999323265],[35.12179999999999,40.118099993218145],[35.1153,40.102499993210685],[35.117599999999996,40.06569999319309],[35.1289,40.047599993184434],[35.1267,40.03559999317868],[35.08789999999999,40.017999993170264],[35.054199999999994,40.008999993165915],[35.0332,39.99759999316045],[34.995599999999996,39.994699993159074],[34.9714,40.00119999316219],[34.93699999999999,40.00069999316194],[34.915499999999994,39.99139999315746],[34.9008,40.00109999316217],[34.8365,40.00019999316174],[34.821999999999996,39.996099993159746],[34.7317,39.99509999315926],[34.6786,39.98899999315635],[34.659099999999995,39.98339999315364],[34.5968,39.960899993142824],[34.56880000000001,39.957399993141145],[34.49899999999999,39.98749999315561],[34.47030000000001,39.99399999315872],[34.425999999999995,39.9970999931602],[34.36769999999999,39.98679999315531],[34.3562,39.98019999315211],[34.3386,39.96729999314593],[34.3191,39.94259999313409],[34.2911,39.93379999312983],[34.25099999999999,39.93609999313096],[34.2234,39.92829999312721],[34.13479999999999,39.92389999312509],[34.0886,39.91619999312137],[34.0401,39.912099993119426],[34.03710000000001,39.938299993132],[34.0607,39.96139999314312],[34.084,40.01489999316873],[34.0974,40.03009999317606],[34.1047,40.05339999318717],[34.0897,40.096199993207634],[34.084199999999996,40.12389999322089],[34.069700000000005,40.141099993229105],[34.0543,40.188399993251664],[34.0136,40.21269999326326],[33.9686,40.22839999327067],[33.9392,40.26849999328978],[33.9111,40.2796999932951],[33.837799999999994,40.28299999329662],[33.8143,40.30729999330817],[33.78280000000001,40.32049999331447],[33.760000000000005,40.32289999331557],[33.7433,40.332499993320106],[33.6569,40.33369999332072],[33.63549999999999,40.3452999933262],[33.5679,40.37429999333996],[33.5052,40.389799993347275],[33.45329999999999,40.408899993356286],[33.4056,40.41069999335718],[33.34369999999999,40.4047999933544],[33.2993,40.37319999333942],[33.281299999999995,40.32789999331798],[33.2429,40.32129999331479],[33.23199999999999,40.352499993329616],[33.2247,40.386099993345525],[33.2126,40.42019999336166],[33.1994,40.43639999336928],[33.1586,40.46359999338209],[33.09279999999999,40.482299993390995],[33.05279999999999,40.48939999339433],[33.01689999999999,40.50029999339945],[32.9906,40.50169999340011],[32.9793,40.50979999340393],[32.975,40.54339999341974],[32.98329999999999,40.58059999343721],[33.007999999999996,40.608999993450574],[32.956199999999995,40.628299993459606],[32.9019,40.63529999346295],[32.885299999999994,40.64169999346594],[32.868,40.65029999346997],[32.8244,40.662999993475914],[32.74689999999999,40.67109999347966],[32.661199999999994,40.68709999348716],[32.606899999999996,40.689599993488386],[32.5823,40.68629999348681],[32.5677,40.69169999348934],[32.58129999999999,40.73049999350746],[32.594699999999996,40.75229999351766],[32.6119,40.79709999353858],[32.5829,40.81609999354743],[32.5343,40.840999993559016],[32.4934,40.870699993572856],[32.4282,40.88729999358058],[32.3757,40.89359999358347],[32.342,40.92909999359999],[32.33939999999999,40.939599993604865],[32.36229999999999,40.95359999361132],[32.32809999999999,40.96599999361708],[32.332,40.99199999362909],[32.3061,41.02389999364386],[32.2708,41.02119999364259],[32.26059999999999,41.02759999364555],[32.2272,41.03289999364801],[32.20419999999999,41.019899993642],[32.1859,41.0185999936414],[32.155699999999996,41.02609999364488],[32.1352,41.02469999364421],[32.1405,41.04689999365446],[32.1135,41.060199993660596],[32.1058,41.09709999367764],[32.1536,41.13879999369678],[32.1457,41.192299993721434],[32.146,41.21639999373245],[32.157399999999996,41.235299993741144],[32.2008,41.2666999937555],[32.2345,41.28389999376336],[32.292399999999994,41.30079999377109],[32.3311,41.31599999377804],[32.37069999999999,41.32979999378436],[32.395199999999996,41.3265999937829],[32.4197,41.289899993766106],[32.4564,41.28839999376546],[32.467499999999994,41.289299993765816],[32.513099999999994,41.29449999376823],[32.5227,41.31209999377622],[32.557,41.32319999378134],[32.5799,41.34529999379141],[32.579299999999996,41.37409999380457],[32.5935,41.39349999381338],[32.6218,41.420599993825704],[32.6577,41.42759999382889],[32.651,41.44349999383614],[32.64789999999999,41.48019999385281],[32.71529999999999,41.5265999938738],[32.7394,41.52189999387165],[32.76400000000001,41.524199993872706],[32.797999999999995,41.53739999387868],[32.810100000000006,41.552999993885784],[32.8268,41.589099993902074],[32.83700000000001,41.61519999391381],[32.85509999999999,41.64169999392579],[32.888,41.67199999393942],[32.89939999999999,41.6880999939467],[32.880799999999994,41.7045999939541],[32.8658,41.712499993957664],[32.8247,41.76329999398043],[32.8075,41.77459999398548],[32.765,41.80039999399704],[32.7376,41.82199999400669],[32.7251,41.84489999401695],[32.76659999999999,41.84919999401888],[32.7811,41.85859999402309],[32.79019999999999,41.85919999402331],[32.7984,41.859699994023515],[32.82749999999999,41.86469999402578],[32.844500000000004,41.872699994029354],[32.855599999999995,41.86829999402739],[32.9262,41.88169999403335],[32.9618,41.89399999403885],[32.985,41.90569999404402],[32.996199999999995,41.911299994046544],[33.00789999999999,41.917199994049156],[33.021699999999996,41.920699994050736],[33.1502,41.95299999406508],[33.165600000000005,41.95689999406679],[33.1732,41.95989999406814],[33.23160000000001,41.98269999407828],[33.3243,42.01899999409439],[33.3607,42.020599994095065],[33.4344,42.0106999940907],[33.4345,42.0106999940907],[33.44519999999999,42.0106999940907],[33.5407,42.0106999940907],[33.5634,42.00769999408941],[33.6134,41.99359999408311],[33.827299999999994,41.977599994075995],[33.84530000000001,41.98259999407822],[33.87369999999999,41.974299994074556],[34.0037,41.98259999407822],[34.0265,41.98019999407719],[34.1594,41.966099994070895],[34.329699999999995,41.94799999406288],[34.331300000000006,41.947899994062816],[34.33729999999999,41.94919999406336],[34.44539999999999,41.97279999407387],[34.48279999999999,41.97519999407496],[34.48729999999999,41.974199994074525],[34.4938,41.97289999407394],[34.49869999999999,41.971899994073446],[34.5271,41.96059999406845],[34.5617,41.951899994064604],[34.691,41.945999994061985],[34.6941,41.94589999406196],[34.70000000000001,41.94639999406219],[34.7463,41.95029999406388],[34.79849999999999,41.96219999406916],[34.8151,41.9691999940723],[34.85289999999999,41.991499994082204],[34.884899999999995,42.00599999408863],[34.8889,42.00779999408943],[34.9007,42.01879999409429],[34.9019,42.019899994094814],[34.91879999999999,42.03559999410176],[34.9308,42.053099994109466],[34.9418,42.0691999941166],[34.94789999999999,42.09869999412961],[34.961999999999996,42.09499999412803],[34.99079999999999,42.091099994126296],[35.0034,42.085099994123595],[35.00569999999999,42.090899994126154],[35.0059,42.09139999412638],[35.0102,42.09269999412698],[35.02389999999999,42.092499994126875],[35.0311,42.08069999412168],[35.0487,42.065099994114796],[35.044399999999996,42.05779999411152],[35.044399999999996,42.051599994108805],[35.0815,42.02909999409885],[35.0985,42.02379999409648],[35.1045,42.0217999940956],[35.13369999999998,42.02359999409642],[35.1395,42.02629999409759],[35.144099999999995,42.02839999409856],[35.1603,42.0413999941043],[35.171099999999996,42.04419999410552],[35.1863,42.042399994104734],[35.19599999999999,42.037999994102805],[35.21650000000001,42.02359999409642],[35.21650000000001,42.01669999409333],[35.2108,42.01719999409361],[35.1625,42.021699994095584],[35.15989999999999,42.0214999940955],[35.1377,42.01959999409462],[35.1195,42.00849999408973],[35.1168,42.00679999408897],[35.1074,41.99159999408226],[35.1,41.97269999407386],[35.0988,41.96959999407247],[35.0955,41.95649999406662],[35.093,41.94669999406231],[35.092699999999994,41.93839999405859],[35.092299999999994,41.92799999405395],[35.0988,41.912699994047216],[35.1234,41.878599994031966],[35.12579999999999,41.87529999403049],[35.1264,41.87469999403022],[35.1557,41.84569999401725],[35.2097,41.81129999400195],[35.2097,41.80449999399891],[35.19659999999999,41.80449999399891],[35.19599999999999,41.80449999399891],[35.1964,41.80379999399856],[35.2118,41.77539999398587],[35.224799999999995,41.76179999397975],[35.2536,41.75069999397476],[35.282700000000006,41.72419999396288],[35.2982,41.71519999395885],[35.357599999999984,41.696799993950584],[35.4012,41.69159999394825],[35.4174,41.68339999394459],[35.449099999999994,41.66049999393425],[35.4858,41.64499999392729],[35.529999999999994,41.634199993922415],[35.5301,41.634199993922415],[35.5765,41.62969999392036],[35.61969999999999,41.632599993921694],[35.6409,41.63929999392471],[35.6416,41.63959999392483],[35.6787,41.6568999939326],[35.7407,41.664899993936224],[35.8461,41.698699993951436],[35.8635,41.700699993952306],[35.87029999999999,41.701399993952684],[35.8937,41.70739999395533],[35.90959999999999,41.71709999395972],[35.93469999999999,41.73229999396655],[35.9567,41.73619999396831],[35.9567,41.73389999396722],[35.9567,41.72929999396519],[35.94689999999999,41.717199993959696],[35.939,41.71199999395741],[35.9289,41.70889999395605],[35.9304,41.69379999394924],[35.911699999999996,41.66279999393529],[35.915299999999995,41.6461999939278],[35.9228,41.6461999939278],[35.925,41.670199993938624],[35.9343,41.69209999394848],[35.94800000000001,41.70999999395649],[35.97209999999999,41.728099993964626],[35.9729,41.72859999396485],[35.9779,41.72959999396532],[36.00690000000001,41.70949999395627],[36.038,41.68779999394657],[36.038,41.69599999395021],[36.038,41.701399993952684],[36.0449,41.701399993952684],[36.12049999999999,41.62769999391948],[36.134499999999996,41.59899999390655],[36.134499999999996,41.55819999388812],[36.1322,41.55289999388568],[36.1208,41.526999993873986],[36.1203,41.5021999938628],[36.120099999999994,41.49469999385935],[36.120099999999994,41.49439999385924],[36.12369999999999,41.47919999385237],[36.1274,41.47329999384966],[36.134499999999996,41.46189999384448],[36.1788,41.41989999382538],[36.2047,41.406499993819295],[36.223400000000005,41.37859999380659],[36.236700000000006,41.35879999379756],[36.2393,41.35729999379689],[36.25289999999999,41.3489999937931],[36.253299999999996,41.34879999379302],[36.2547,41.348299993792786],[36.2999,41.32989999378441],[36.30329999999999,41.32849999378376],[36.3197,41.32539999378232],[36.3318,41.32319999378134],[36.337199999999996,41.31849999377919],[36.3379,41.31519999377766],[36.3399,41.30569999377333],[36.3435,41.289499993765936],[36.3437,41.2886999937656],[36.3448,41.28799999376521],[36.3523,41.28359999376322],[36.3746,41.27699999376019],[36.3951,41.256399993750804],[36.4052,41.25349999374945],[36.4239,41.25159999374856],[36.4323,41.246399993746216],[36.4326,41.2461999937461],[36.4509,41.240299993743385],[36.47610000000001,41.24489999374553],[36.488,41.24999999374783],[36.51789999999999,41.26269999375369],[36.57009999999999,41.29739999376958],[36.5708,41.29789999376976],[36.5795,41.30729999377406],[36.581999999999994,41.31499999377759],[36.5827,41.31699999377849],[36.6018,41.34369999379071],[36.6086,41.36479999380029],[36.6068,41.366299993801015],[36.61979999999999,41.37499999380496],[36.6335,41.37399999380451],[36.6381,41.37269999380389],[36.65,41.36929999380234],[36.6716,41.366299993801015],[36.7108,41.366299993801015],[36.758,41.366299993801015],[36.8369,41.35069999379388],[36.8606,41.34169999378975],[36.8911,41.33009999378451],[36.98479999999999,41.29439999376819],[37.01539999999999,41.27449999375909],[37.0216,41.262799993753724],[37.0248,41.25659999375084],[37.032,41.24279999374454],[37.0338,41.19869999372432],[37.0374,41.188499993719645],[37.0399,41.181499993716436],[37.0565,41.17449999371323],[37.056799999999996,41.17449999371323],[37.0773,41.170799993711505],[37.1018,41.15949999370636],[37.1159,41.152999993703354],[37.1357,41.14659999370038],[37.164899999999996,41.146899993700515],[37.26349999999999,41.147899993701],[37.27479999999999,41.14549999369991],[37.2917,41.14189999369822],[37.2995,41.140299993697525],[37.3225,41.12399999368999],[37.3337,41.11929999368783],[37.3545,41.114299993685535],[37.3779,41.112399993684654],[37.39520000000001,41.10839999368283],[37.4193,41.087499993673184],[37.4366,41.07759999366863],[37.4777,41.067799993664124],[37.4813,41.062199993661515],[37.5047,41.04289999365259],[37.524799999999985,41.03709999364997],[37.5648,41.040399993651455],[37.5806,41.03669999364975],[37.5864,41.04209999365222],[37.6004,41.046299993654195],[37.604400000000005,41.048499993655184],[37.608,41.05039999365609],[37.6152,41.05849999365982],[37.6227,41.07399999366696],[37.6281,41.085099993672095],[37.64,41.10149999367964],[37.6549,41.117299993686935],[37.6551,41.11749999368702],[37.6551,41.11759999368708],[37.6721,41.13129999369338],[37.68970000000001,41.140299993697525],[37.6983,41.12399999368999],[37.7152,41.11469999368569],[37.7153,41.11469999368569],[37.7197,41.11469999368569],[37.7332,41.11459999368567],[37.7343,41.11449999368562],[37.7349,41.11489999368582],[37.7513,41.126099993690985],[37.7575,41.11989999368815],[37.7581,41.11929999368783],[37.7594,41.11939999368791],[37.784,41.12259999368936],[37.7842,41.1124999936847],[37.7844,41.099399993678645],[37.7851,41.05999999366053],[37.802699999999994,41.04289999365259],[37.8542,41.023699993643746],[37.8679,41.01549999363997],[37.878299999999996,41.00549999363531],[37.89319999999999,40.98539999362603],[37.8956,40.981999993624456],[37.902499999999996,40.984299993625534],[37.93489999999999,40.99509999363052],[37.9817,40.99019999362825],[38.0571,40.97109999361939],[38.1023,40.959699993614144],[38.1193,40.9574999936131],[38.1613,40.95209999361062],[38.2013,40.941399993605664],[38.2243,40.94109999360551],[38.2682,40.950399993609835],[38.2873,40.94709999360829],[38.32439999999999,40.922099993596696],[38.3309,40.91779999359471],[38.3357,40.91779999359471],[38.3514,40.91779999359471],[38.389199999999995,40.92689999359893],[38.4266,40.91859999359506],[38.4522,40.916799993594246],[38.4637,40.9237999935975],[38.5393,40.92689999359893],[38.5548,40.93499999360267],[38.5915,40.96259999361553],[38.6048,40.96839999361817],[38.62449999999999,40.97299999362027],[38.625699999999995,40.97329999362046],[38.63719999999999,40.975999993621706],[38.64909999999998,40.975299993621384],[38.6556,40.97099999361935],[38.6733,40.953199993611165],[38.6779,40.948499993608934],[38.6808,40.94979999360956],[38.6876,40.95269999361093],[38.7071,40.95279999361097],[38.7175,40.95469999361183],[38.7434,40.972399993620016],[38.7553,40.975299993621384],[38.7755,40.993299993629684],[38.7791,40.99919999363246],[38.78369999999999,41.001799993633625],[38.806099999999994,41.00779999363643],[38.8759,41.0189999936416],[38.8925,41.02709999364533],[38.9083,41.0376999936502],[38.9274,41.04259999365245],[39.0419,41.04339999365283],[39.1225,41.05729999365929],[39.1563,41.07759999366863],[39.1682,41.079799993669646],[39.2013,41.07759999366863],[39.2201,41.07289999366647],[39.2507,41.052999993657274],[39.2724,41.05049999365616],[39.27329999999999,41.05039999365609],[39.274699999999996,41.05079999365628],[39.2899,41.054899993658196],[39.3173,41.067999993664216],[39.3493,41.073899993666956],[39.389999999999986,41.09229999367544],[39.40290000000001,41.09809999367807],[39.4103,41.10389999368076],[39.418099999999995,41.10999999368355],[39.4303,41.112399993684654],[39.49289999999999,41.10099999367944],[39.50730000000001,41.09009999367442],[39.5325,41.064599993662654],[39.5919,41.02509999364439],[39.6301,41.008499993636725],[39.66969999999999,41.00259999363399],[39.6899,41.00749999363627],[39.71000000000001,41.01489999363968],[39.729800000000004,41.017099993640734],[39.7572,41.00239999363392],[39.759499999999996,41.00209999363378],[39.7683,41.00139999363344],[39.7723,41.00159999363353],[39.79030000000001,41.00259999363399],[39.799299999999995,41.00029999363296],[39.8197,40.987899993627174],[39.8313,40.98089999362394],[39.8587,40.964299993616244],[39.8763,40.95779999361324],[39.8958,40.95469999361183],[39.912000000000006,40.96369999361599],[39.975,40.980299993623696],[39.9995,40.981999993624456],[40.0324,40.958599993613596],[40.0567,40.941399993605664],[40.06719999999999,40.93599999360319],[40.0859,40.926399993598686],[40.1258,40.920599993596],[40.1427,40.92279999359707],[40.1726,40.93219999360142],[40.1957,40.93639999360334],[40.23129999999999,40.94679999360815],[40.2547,40.95869999361364],[40.3011,40.96839999361817],[40.3098,40.97279999362021],[40.3372,40.98649999362654],[40.35999999999999,40.97129999361951],[40.4013,40.960099993614286],[40.4145,40.9446999936072],[40.42660000000001,40.9082999935903],[40.4357,40.89569999358447],[40.466,40.8735999935742],[40.47449999999999,40.856099993566026],[40.46469999999999,40.829899993553845],[40.4556,40.805499993542504],[40.4566,40.783499993532246],[40.4736,40.755899993519336],[40.4937,40.71409999349985],[40.4948,40.6970999934919],[40.4794,40.67199999348009],[40.4512,40.64029999346526],[40.4464,40.62629999345867],[40.44709999999999,40.601999993447265],[40.4768,40.539899993418125],[40.47789999999999,40.52449999341084],[40.45219999999999,40.52749999341229],[40.3345,40.52499999341111],[40.3188,40.52799999341249],[40.2943,40.522399993409856],[40.26339999999999,40.525099993411146],[40.239399999999996,40.53509999341582],[40.2113,40.53909999341774],[40.186299999999996,40.557799993426514],[40.146,40.57149999343299],[40.1357,40.57519999343471],[40.096699999999984,40.58389999343878],[40.0845,40.597999993445455],[40.057399999999994,40.60699999344963],[40.0485,40.6232999934573],[40.053,40.64089999346556],[40.0377,40.65659999347295],[39.9878,40.64879999346928],[39.97709999999999,40.633499993462074],[39.9934,40.619599993455566],[39.9888,40.608799993450496],[39.9674,40.59739999344514],[39.9275,40.59859999344571],[39.9078,40.6241999934577],[39.8849,40.63389999346224],[39.8394,40.62139999345639],[39.82939999999999,40.63069999346079],[39.84369999999999,40.66309999347593],[39.85329999999999,40.698299993492434],[39.846,40.72479999350482],[39.8319,40.72989999350724],[39.7864,40.710999993498376],[39.76799999999999,40.69789999349224],[39.7645,40.685399993486435],[39.76409999999999,40.622299993456814],[39.75679999999999,40.606599993449485],[39.6973,40.545499993420755],[39.6817,40.55379999342463],[39.656,40.584699993439216],[39.6356,40.596999993444925],[39.5977,40.611399993451734],[39.565799999999996,40.616299993454],[39.519199999999984,40.627499993459296],[39.46529999999999,40.65669999347297],[39.4496,40.65979999347443],[39.3704,40.65259999347102],[39.35629999999999,40.65639999347283],[39.3121,40.700499993493494],[39.2946,40.73189999350812],[39.2696,40.75389999351844],[39.235699999999994,40.77759999352946],[39.2254,40.79129999353586],[39.194599999999994,40.82039999354945],[39.17379999999999,40.83389999355571],[39.1469,40.81019999354467],[39.1184,40.79519999353768],[39.0939,40.79319999353675],[39.0684,40.79879999353939],[39.0381,40.762799993522606],[39.0019,40.742399993513075],[39.001099999999994,40.735999993510035],[38.9354,40.705499993495806],[38.863600000000005,40.680799993484236],[38.8443,40.66249999347567],[38.828599999999994,40.61689999345431],[38.79500000000001,40.57169999343305],[38.7831,40.54979999342276],[38.787800000000004,40.532599993414664],[38.7962,40.52189999340963],[38.8225,40.509599993403846],[38.86739999999999,40.5060999934022],[38.89029999999999,40.49139999339525],[38.9356,40.484199993391854],[38.9811,40.46719999338385],[39.014,40.439099993370604],[39.0575,40.40099999335258],[39.0765,40.37289999333931],[39.07809999999999,40.35139999332907],[39.0234,40.34519999332617],[39.004099999999994,40.33339999332059],[38.9763,40.3022999933058],[38.959399999999995,40.273299993292056],[38.8976,40.23039999327164],[38.896,40.2153999932645],[38.89979999999999,40.19989999325714],[38.8847,40.17599999324573],[38.878899999999994,40.14539999323118],[38.8937,40.12419999322103],[38.9215,40.11569999321693],[38.939600000000006,40.10229999321054],[38.9762,40.09019999320476],[38.9974,40.0602999931905],[38.9994,40.03459999317819],[38.9538,40.030499993176235],[38.9311,40.03249999317717],[38.90169999999999,40.046499993183915],[38.86910000000001,40.05569999318829],[38.8234,40.058999993189886],[38.7719,40.07529999319766],[38.7599,40.016499993169525],[38.7236,39.989499993156585],[38.66619999999999,39.99029999315696],[38.5979,39.98529999315454],[38.55029999999999,39.96129999314305],[38.5173,39.96739999314597],[38.4823,39.98789999315581],[38.4587,39.989199993156426],[38.4364,39.96889999314666],[38.41519999999999,39.962199993143464],[38.3789,39.93609999313096],[38.36039999999999,39.91989999312313],[38.37749999999999,39.896799993112076],[38.4059,39.86919999309878],[38.4385,39.84469999308699],[38.4507,39.83009999307995],[38.43410000000001,39.806899993068726],[38.3959,39.779299993055396],[38.37009999999999,39.774899993053296],[38.3528,39.76409999304805],[38.3495,39.746899993039754],[38.360599999999984,39.73119999303217],[38.3498,39.69719999301574],[38.3304,39.67519999300507],[38.3219,39.64959999299268],[38.32169999999999,39.62939999298288],[38.33949999999999,39.59949999296836],[38.3307,39.574799992956386],[38.3027,39.55929999294883],[38.2698,39.5516999929451],[38.261199999999995,39.53869999293884],[38.2857,39.52009999292975],[38.304899999999996,39.49829999291916],[38.3176,39.473599992907104],[38.3577,39.45689999289896],[38.39,39.45019999289575],[38.40209999999999,39.43529999288848],[38.3886,39.41089999287654],[38.37339999999999,39.39769999287007],[38.3776,39.37239999285775],[38.3573,39.37039999285675],[38.33369999999999,39.35309999284833],[38.33659999999999,39.3266999928354],[38.3509,39.293299992819016],[38.35589999999999,39.26709999280621],[38.347199999999994,39.25059999279812],[38.3174,39.21269999277951],[38.303,39.143799992745656],[38.2613,39.13919999274339],[38.241,39.13329999274047],[38.2067,39.113499992730716],[38.1711,39.0867999927176],[38.1503,39.07979999271418],[38.1278,39.08159999271507],[38.0853,39.094299992721275],[38.0441,39.073499992711085],[38.0278,39.07299999271081],[37.9969,39.08219999271534],[37.9553,39.0686999927087],[37.88689999999999,39.070399992709504],[37.8076,39.077599992713104],[37.7739,39.07279999271067],[37.757799999999996,39.06069999270475],[37.7521,39.04359999269629],[37.769699999999986,39.01189999268067],[37.76809999999998,38.99429999267196],[37.7488,38.9621999926561],[37.72919999999999,38.958999992654576],[37.678799999999995,38.99429999267196],[37.63889999999999,39.0115999926805],[37.5709,39.010799992680134],[37.540699999999994,39.02229999268579],[37.50699999999999,39.017699992683546],[37.4993,39.0115999926805],[37.500499999999995,38.983399992666605],[37.5141,38.95239999265126],[37.5033,38.9270999926388],[37.504999999999995,38.89189999262134],[37.5366,38.84469999259795],[37.55459999999999,38.80259999257708],[37.5507,38.77869999256521],[37.5432,38.769699992560746],[37.4788,38.7522999925521],[37.4295,38.73089999254147],[37.4159,38.70649999252939],[37.4096,38.68029999251631],[37.39520000000001,38.64659999249954],[37.3775,38.62419999248836],[37.31750000000001,38.570599992461666],[37.3151,38.562399992457564],[37.3078,38.570899992461825],[37.281499999999994,38.57389999246326],[37.2203,38.57359999246313],[37.178700000000006,38.568399992460506],[37.1223,38.56849999246059],[37.0751,38.57409999246338],[37.02199999999999,38.57839999246555],[36.95259999999999,38.571799992462246],[36.915699999999994,38.5658999924593],[36.8473,38.56089999245677],[36.7602,38.53539999244407],[36.7717,38.56459999245866],[36.739999999999995,38.60509999247884],[36.7,38.67059999251147],[36.6919,38.69149999252189],[36.687299999999986,38.71389999253304],[36.6977,38.746299992549126],[36.70929999999999,38.763599992557715],[36.8077,38.807399992579455],[36.8615,38.85119999260119],[36.882600000000004,38.86319999260711],[36.9521,38.90939999263],[36.9794,38.94759999264894],[36.9867,38.96609999265808],[36.98329999999999,39.00659999267806],[36.9676,39.032199992690686],[36.948699999999995,39.05339999270118],[36.922899999999984,39.06419999270645],[36.855999999999995,39.06799999270832],[36.820499999999996,39.07929999271393],[36.79489999999999,39.09679999272249],[36.7486,39.15249999274993],[36.7346,39.16329999275525],[36.6899,39.18519999276603],[36.6697,39.18699999276688],[36.64260000000001,39.17149999275926],[36.5816,39.11669999273234],[36.544399999999996,39.097399992722835],[36.4944,39.097399992722835],[36.43800000000001,39.11299999273048],[36.4163,39.126799992737276],[36.403,39.124499992736155],[36.4017,39.1135999927308],[36.37109999999999,39.09279999272053],[36.32319999999999,39.093799992721074],[36.2779,39.102099992725144],[36.2429,39.10219999272517],[36.2094,39.09649999272237],[36.165,39.08859999271849],[36.1298,39.08729999271782],[36.101,39.09239999272037],[36.06989999999999,39.11339999273072],[36.037,39.1483999927479],[35.9797,39.176099992761536],[35.93090000000001,39.190299992768516],[35.9118,39.209599992777996],[35.9081,39.24379999279476],[35.9005,39.253799992799706],[35.88309999999999,39.276099992810586],[35.846199999999996,39.30149999282307],[35.9068,39.35309999284833],[35.9093,39.3597999928516],[35.8985,39.41889999288044],[35.90449999999999,39.45529999289824],[35.9187,39.46399999290242],[35.9404,39.46349999290221],[35.982,39.44919999289525],[36.0376,39.43729999288943],[36.059,39.47499999290778],[36.075,39.492999992916616],[36.1006,39.525899992932565],[36.1515,39.600199992968676],[36.160399999999996,39.6291999929828],[36.1611,39.654199992994876],[36.1538,39.68949999301197],[36.1506,39.72399999302872],[36.1371,39.73829999303564],[36.10379999999999,39.750099993041346],[36.0593,39.771799993051786],[36.0511,39.78179999305666],[36.05619999999999,39.799999993065406],[36.082,39.83349999308161],[36.0706,39.852099993090505],[36.029,39.87089999309958],[36.0152,39.89659999311195],[36.012499999999996,39.93219999312906],[36.006699999999995,39.94349999313451],[35.9935,39.955899993140434],[35.9884,39.974899993149585],[35.9548,40.00459999316381],[35.947,40.039099993180315],[35.9541,40.063299993191954],[35.9427,40.081299993200545],[35.9017,40.10779999321319],[35.8763,40.11259999321549],[35.80629999999999,40.10369999321124],[35.77320000000001,40.09419999320673],[35.7281,40.091699993205516],[35.68770000000001,40.09639999320777],[35.6316,40.10539999321205],[35.6166,40.11289999321565],[35.5595,40.126399993222094],[35.52839999999999,40.12699999322236],[35.5106,40.133499993225456],[35.50199999999999,40.15199999323428],[35.4972,40.183999993249586],[35.4741,40.19869999325655],[35.451,40.233599993273145],[35.4146,40.24479999327847],[35.3511,40.249099993280566],[35.3465,40.24599999327904],[35.182100000000005,40.224199993268684],[35.1645,40.21679999326519],[35.1611,40.19369999325419],[35.14470000000001,40.17899999324717],[35.14919999999999,40.164999993240535],[35.1839,40.16729999324162],[35.1874,40.15709999323672]]]}},{"type":"Feature","properties":{"ADMIN":"CenterAna","ISO_A3":"TUR","admin_source":"World Bank GAD, artifact wb_boundaries_20260820","admin_units":"Aksaray, Ankara, Karaman, Kayseri, Kirikkale, Kirsehir, Konya, Nevsehir, Nigde, Yozgat"},"geometry":{"type":"Polygon","coordinates":[[[33.94639999999999,37.08929999171162],[33.8882,37.06279999169803],[33.8475,37.031799991682135],[33.8206,37.02699999167965],[33.768,37.03129999168187],[33.71289999999999,37.02869999168055],[33.6539,37.04079999168675],[33.6361,37.038499991685576],[33.6086,37.017799991674984],[33.5857,36.98909999166022],[33.5674,36.98079999165595],[33.5251,36.97109999165102],[33.35499999999999,36.97489999165295],[33.3321,36.96889999164988],[33.2836,36.92819999162899],[33.263,36.9264999916281],[33.237999999999985,36.9375999916338],[33.2191,36.92789999162887],[33.1759,36.86519999159663],[33.14249999999999,36.83549999158135],[33.12009999999999,36.83859999158296],[33.1035,36.86439999159623],[33.0884,36.873599991600976],[33.00900000000001,36.8571999915925],[32.97200000000001,36.85359999159067],[32.95,36.836599991581934],[32.9438,36.818499991572594],[32.9491,36.79669999156143],[32.9739,36.74859999153666],[32.979099999999995,36.72599999152504],[32.9797,36.69509999150911],[33.0009,36.691599991507324],[33.0291,36.69939999151138],[33.0567,36.697799991510536],[33.0643,36.67999999150138],[33.0691,36.64959999148573],[33.0773,36.635399991478394],[33.1002,36.62309999147206],[33.1333,36.61549999146818],[33.1679,36.60229999146138],[33.18299999999999,36.590699991455374],[33.2161,36.554199991436576],[33.2204,36.53559999142696],[33.1936,36.53839999142846],[33.1665,36.559899991439515],[33.13149999999999,36.57959999144966],[33.1042,36.581599991450716],[33.0718,36.562399991440806],[33.0484,36.55679999143793],[33.0343,36.53509999142672],[33.0293,36.51039999141403],[33.0099,36.48899999140295],[32.9752,36.47409999139528],[32.94199999999999,36.467699991391996],[32.896,36.462299991389195],[32.7898,36.47399999139522],[32.7303,36.46529999139076],[32.71210000000001,36.45929999138764],[32.6696,36.43089999137301],[32.6385,36.4199999913674],[32.610499999999995,36.415199991364936],[32.593399999999995,36.40569999136002],[32.575,36.369599991341396],[32.533,36.42209999136846],[32.5134,36.461299991388685],[32.5115,36.49549999140632],[32.51989999999999,36.524599991421304],[32.5207,36.56859999144398],[32.5092,36.61859999146978],[32.4544,36.72619999152514],[32.4271,36.7616999915434],[32.369,36.80139999156385],[32.2999,36.82539999157616],[32.2604,36.85959999159374],[32.2601,36.87809999160326],[32.280899999999995,36.912599991620965],[32.28959999999999,36.93099999163046],[32.28289999999999,36.938599991634305],[32.2315,36.95799999164431],[32.210499999999996,36.97919999165513],[32.1512,37.00399999166788],[32.1023,37.058599991695885],[32.057199999999995,37.091699991712844],[32.033199999999994,37.133799991734435],[32.0119,37.15729999174647],[31.998800000000003,37.15809999174687],[31.954499999999992,37.18719999176175],[31.923399999999994,37.22639999178181],[31.899099999999997,37.24759999179268],[31.844599999999993,37.28409999181128],[31.801699999999993,37.30279999182088],[31.705400000000004,37.330599991835086],[31.636800000000004,37.346799991843326],[31.508399999999995,37.37629999185838],[31.4449,37.3983999918697],[31.3909,37.402299991871644],[31.3651,37.409499991875336],[31.350499999999997,37.42859999188511],[31.3465,37.44739999189466],[31.3539,37.473599991908],[31.36199999999999,37.49899999192095],[31.3706,37.54779999194583],[31.36789999999999,37.56389999195399],[31.345299999999998,37.6064999919757],[31.332599999999992,37.6471999919964],[31.341700000000003,37.68109999201363],[31.359000000000005,37.69759999202201],[31.382599999999996,37.7046999920256],[31.4382,37.70189999202417],[31.43499999999999,37.78779999206774],[31.407399999999992,37.83819999209333],[31.391,37.86049999210458],[31.391199999999994,37.8946999921219],[31.403799999999993,37.91109999213021],[31.4596,37.933299992141414],[31.485599999999994,37.948699992149216],[31.497999999999998,37.977299992163665],[31.4854,38.01919999218485],[31.486900000000002,38.02979999219018],[31.505599999999994,38.04299999219682],[31.5369,38.05529999220304],[31.548999999999992,38.08019999221561],[31.576299999999996,38.098999992225124],[31.580399999999997,38.112199992231744],[31.555099999999992,38.13429999224286],[31.5509,38.1485999922501],[31.533599999999996,38.166599992259194],[31.5202,38.170399992261075],[31.502300000000005,38.17839999226511],[31.446899999999996,38.22589999228895],[31.3881,38.2521999923022],[31.3633,38.25849999230539],[31.327799999999996,38.276799992314565],[31.313,38.289599992320994],[31.285799999999995,38.34099999234675],[31.2818,38.369899992361276],[31.248,38.38679999236974],[31.237099999999998,38.4014999923771],[31.2462,38.42939999239107],[31.307800000000004,38.46709999240991],[31.3819,38.50459999242869],[31.448100000000004,38.54309999244788],[31.4631,38.55419999245348],[31.516799999999993,38.58609999246941],[31.640299999999993,38.64329999249791],[31.591799999999992,38.661999992507184],[31.5528,38.685099992518694],[31.538000000000004,38.699199992525735],[31.537399999999998,38.73199999254203],[31.570100000000004,38.757599992554766],[31.5975,38.77429999256304],[31.61939999999999,38.80929999258042],[31.6428,38.83959999259545],[31.642699999999998,38.85779999260444],[31.6301,38.87569999261332],[31.626799999999996,38.90899999262982],[31.641000000000002,38.91989999263518],[31.69419999999999,38.938899992644615],[31.7084,38.9550999926526],[31.715899999999994,38.978299992664105],[31.705899999999996,38.98569999266774],[31.6608,38.98839999266907],[31.631,38.993599992671626],[31.601999999999993,39.008699992679084],[31.595100000000002,39.0487999926989],[31.579500000000003,39.084199992716314],[31.6132,39.11069999272939],[31.6572,39.113499992730716],[31.698199999999996,39.09289999272063],[31.7225,39.0910999927197],[31.757799999999992,39.10399999272609],[31.778199999999995,39.12539999273659],[31.797699999999995,39.13659999274209],[31.807199999999998,39.1497999927486],[31.839900000000004,39.177099992762024],[31.917800000000003,39.21279999277957],[31.957399999999996,39.24529999279551],[31.968100000000003,39.247599992796616],[32.0055,39.22899999278753],[32.015299999999996,39.26339999280439],[32.041,39.29219999281851],[32.0415,39.31869999283146],[31.999600000000004,39.347999992845786],[31.987600000000004,39.362799992853056],[31.986599999999992,39.397199992869844],[31.9923,39.431299992886515],[31.995800000000003,39.494199992917125],[31.9746,39.5147999929272],[31.962700000000005,39.549199992943926],[31.946200000000005,39.58159999295965],[31.9602,39.61529999297601],[31.956499999999995,39.6326999929845],[31.924799999999998,39.669399993002294],[31.877299999999998,39.707899993020874],[31.847000000000005,39.72059999302706],[31.826500000000003,39.74169999303728],[31.828499999999995,39.75909999304567],[31.8554,39.78749999305935],[31.884000000000004,39.802399993066565],[31.896399999999996,39.81699999307358],[31.8904,39.82809999307895],[31.9073,39.850199993089596],[31.891,39.85999999309433],[31.864199999999993,39.844199993086754],[31.851800000000004,39.85619999309248],[31.874200000000002,39.8748999931015],[31.856499999999993,39.88159999310472],[31.824099999999994,39.8725999931004],[31.769500000000004,39.901799993114444],[31.7622,39.91819999312234],[31.7452,39.92979999312793],[31.749200000000002,39.970399993147396],[31.7165,39.968999993146745],[31.7038,39.977699993150914],[31.701199999999993,39.99059999315713],[31.7101,40.0187999931706],[31.699100000000005,40.022599993172456],[31.6655,40.009499993166195],[31.6692,40.02699999317452],[31.657099999999993,40.04359999318249],[31.609200000000005,40.02189999317212],[31.566299999999995,40.03529999317855],[31.531799999999997,40.03929999318043],[31.50359999999999,40.025199993173686],[31.460600000000003,40.041099993181305],[31.4233,40.02319999317277],[31.391600000000004,40.027099993174595],[31.409099999999995,40.05349999318727],[31.382200000000005,40.06269999319163],[31.337399999999995,40.05389999318744],[31.317,40.06249999319154],[31.270800000000005,40.065199993192834],[31.2245,40.06259999319162],[31.1803,40.05189999318646],[31.1581,40.05679999318882],[31.14139999999999,40.069199993194744],[31.1184,40.070299993195285],[31.083699999999993,40.05469999318781],[31.044099999999993,40.05449999318773],[30.991499999999995,40.027999993175],[30.945600000000002,40.02489999317352],[30.879699999999996,40.05049999318579],[30.8571,40.06509999319278],[30.85279999999999,40.097099993208104],[30.8523,40.108899993213754],[30.846700000000002,40.12679999322228],[30.851500000000005,40.15589999323616],[30.8649,40.173299993244456],[30.887799999999995,40.18129999324826],[30.944500000000005,40.19119999325301],[30.9692,40.20589999325998],[31.01739999999999,40.224799993268995],[31.061399999999995,40.276999993293785],[31.0731,40.34339999332531],[31.0815,40.36349999333484],[31.103799999999993,40.37249999333909],[31.142599999999998,40.362999993334576],[31.1856,40.34329999332529],[31.220600000000005,40.342899993325084],[31.246800000000004,40.32739999331773],[31.263,40.33349999332061],[31.301999999999996,40.32629999331719],[31.3396,40.34579999332647],[31.360500000000002,40.35149999332914],[31.417499999999997,40.35079999332881],[31.4274,40.368899993337365],[31.448999999999998,40.352199993329485],[31.4679,40.316099993312356],[31.5144,40.30559999330738],[31.5491,40.291899993300895],[31.563400000000005,40.27539999329302],[31.600199999999997,40.2754999932931],[31.6362,40.28829999329919],[31.6848,40.32339999331581],[31.702,40.32629999331719],[31.740600000000004,40.33649999332206],[31.794899999999995,40.33239999332007],[31.821699999999996,40.32399999331612],[31.854200000000002,40.32379999331604],[31.912199999999995,40.33389999332079],[31.9443,40.344599993325865],[31.972000000000005,40.362799993334505],[31.994399999999995,40.38519999334509],[32.0534,40.42259999336281],[32.09779999999999,40.42269999336284],[32.1482,40.430799993366634],[32.18429999999999,40.454499993377866],[32.18979999999999,40.456599993378845],[32.2127,40.462499993381634],[32.23499999999999,40.48929999339428],[32.254,40.50529999340182],[32.28419999999999,40.51479999340627],[32.3478,40.519099993408325],[32.372,40.53109999341399],[32.3975,40.5500999934229],[32.416999999999994,40.57249999343343],[32.42029999999999,40.589199993441284],[32.4117,40.60969999345093],[32.3941,40.62259999345699],[32.38589999999999,40.65059999347007],[32.40859999999999,40.663699993476236],[32.44389999999999,40.68099999348432],[32.5486,40.68349999348549],[32.5677,40.69169999348934],[32.5823,40.68629999348681],[32.606899999999996,40.689599993488386],[32.661199999999994,40.68709999348716],[32.74689999999999,40.67109999347966],[32.8244,40.662999993475914],[32.868,40.65029999346997],[32.885299999999994,40.64169999346594],[32.9019,40.63529999346295],[32.956199999999995,40.628299993459606],[33.007999999999996,40.608999993450574],[32.98329999999999,40.58059999343721],[32.975,40.54339999341974],[32.9793,40.50979999340393],[32.9906,40.50169999340011],[33.01689999999999,40.50029999339945],[33.05279999999999,40.48939999339433],[33.09279999999999,40.482299993390995],[33.1586,40.46359999338209],[33.1994,40.43639999336928],[33.2126,40.42019999336166],[33.2247,40.386099993345525],[33.23199999999999,40.352499993329616],[33.2429,40.32129999331479],[33.281299999999995,40.32789999331798],[33.2993,40.37319999333942],[33.34369999999999,40.4047999933544],[33.4056,40.41069999335718],[33.45329999999999,40.408899993356286],[33.5052,40.389799993347275],[33.5679,40.37429999333996],[33.63549999999999,40.3452999933262],[33.6569,40.33369999332072],[33.7433,40.332499993320106],[33.760000000000005,40.32289999331557],[33.78280000000001,40.32049999331447],[33.8143,40.30729999330817],[33.837799999999994,40.28299999329662],[33.9111,40.2796999932951],[33.9392,40.26849999328978],[33.9686,40.22839999327067],[34.0136,40.21269999326326],[34.0543,40.188399993251664],[34.069700000000005,40.141099993229105],[34.084199999999996,40.12389999322089],[34.0897,40.096199993207634],[34.1047,40.05339999318717],[34.0974,40.03009999317606],[34.084,40.01489999316873],[34.0607,39.96139999314312],[34.03710000000001,39.938299993132],[34.0401,39.912099993119426],[34.0886,39.91619999312137],[34.13479999999999,39.92389999312509],[34.2234,39.92829999312721],[34.25099999999999,39.93609999313096],[34.2911,39.93379999312983],[34.3191,39.94259999313409],[34.3386,39.96729999314593],[34.3562,39.98019999315211],[34.36769999999999,39.98679999315531],[34.425999999999995,39.9970999931602],[34.47030000000001,39.99399999315872],[34.49899999999999,39.98749999315561],[34.56880000000001,39.957399993141145],[34.5968,39.960899993142824],[34.659099999999995,39.98339999315364],[34.6786,39.98899999315635],[34.7317,39.99509999315926],[34.821999999999996,39.996099993159746],[34.8365,40.00019999316174],[34.9008,40.00109999316217],[34.915499999999994,39.99139999315746],[34.93699999999999,40.00069999316194],[34.9714,40.00119999316219],[34.995599999999996,39.994699993159074],[35.0332,39.99759999316045],[35.054199999999994,40.008999993165915],[35.08789999999999,40.017999993170264],[35.1267,40.03559999317868],[35.1289,40.047599993184434],[35.117599999999996,40.06569999319309],[35.1153,40.102499993210685],[35.12179999999999,40.118099993218145],[35.16340000000001,40.14849999323265],[35.1874,40.15709999323672],[35.1839,40.16729999324162],[35.14919999999999,40.164999993240535],[35.14470000000001,40.17899999324717],[35.1611,40.19369999325419],[35.1645,40.21679999326519],[35.182100000000005,40.224199993268684],[35.3465,40.24599999327904],[35.3511,40.249099993280566],[35.4146,40.24479999327847],[35.451,40.233599993273145],[35.4741,40.19869999325655],[35.4972,40.183999993249586],[35.50199999999999,40.15199999323428],[35.5106,40.133499993225456],[35.52839999999999,40.12699999322236],[35.5595,40.126399993222094],[35.6166,40.11289999321565],[35.6316,40.10539999321205],[35.68770000000001,40.09639999320777],[35.7281,40.091699993205516],[35.77320000000001,40.09419999320673],[35.80629999999999,40.10369999321124],[35.8763,40.11259999321549],[35.9017,40.10779999321319],[35.9427,40.081299993200545],[35.9541,40.063299993191954],[35.947,40.039099993180315],[35.9548,40.00459999316381],[35.9884,39.974899993149585],[35.9935,39.955899993140434],[36.006699999999995,39.94349999313451],[36.012499999999996,39.93219999312906],[36.0152,39.89659999311195],[36.029,39.87089999309958],[36.0706,39.852099993090505],[36.082,39.83349999308161],[36.05619999999999,39.799999993065406],[36.0511,39.78179999305666],[36.0593,39.771799993051786],[36.10379999999999,39.750099993041346],[36.1371,39.73829999303564],[36.1506,39.72399999302872],[36.1538,39.68949999301197],[36.1611,39.654199992994876],[36.160399999999996,39.6291999929828],[36.1515,39.600199992968676],[36.1006,39.525899992932565],[36.075,39.492999992916616],[36.059,39.47499999290778],[36.0376,39.43729999288943],[35.982,39.44919999289525],[35.9404,39.46349999290221],[35.9187,39.46399999290242],[35.90449999999999,39.45529999289824],[35.8985,39.41889999288044],[35.9093,39.3597999928516],[35.9068,39.35309999284833],[35.846199999999996,39.30149999282307],[35.88309999999999,39.276099992810586],[35.9005,39.253799992799706],[35.9081,39.24379999279476],[35.9118,39.209599992777996],[35.93090000000001,39.190299992768516],[35.9797,39.176099992761536],[36.037,39.1483999927479],[36.06989999999999,39.11339999273072],[36.101,39.09239999272037],[36.1298,39.08729999271782],[36.165,39.08859999271849],[36.2094,39.09649999272237],[36.2429,39.10219999272517],[36.2779,39.102099992725144],[36.32319999999999,39.093799992721074],[36.37109999999999,39.09279999272053],[36.4017,39.1135999927308],[36.403,39.124499992736155],[36.4163,39.126799992737276],[36.43800000000001,39.11299999273048],[36.4944,39.097399992722835],[36.544399999999996,39.097399992722835],[36.5816,39.11669999273234],[36.64260000000001,39.17149999275926],[36.6697,39.18699999276688],[36.6899,39.18519999276603],[36.7346,39.16329999275525],[36.7486,39.15249999274993],[36.79489999999999,39.09679999272249],[36.820499999999996,39.07929999271393],[36.855999999999995,39.06799999270832],[36.922899999999984,39.06419999270645],[36.948699999999995,39.05339999270118],[36.9676,39.032199992690686],[36.98329999999999,39.00659999267806],[36.9867,38.96609999265808],[36.9794,38.94759999264894],[36.9521,38.90939999263],[36.882600000000004,38.86319999260711],[36.8615,38.85119999260119],[36.8077,38.807399992579455],[36.70929999999999,38.763599992557715],[36.6977,38.746299992549126],[36.687299999999986,38.71389999253304],[36.6919,38.69149999252189],[36.7,38.67059999251147],[36.739999999999995,38.60509999247884],[36.7717,38.56459999245866],[36.7602,38.53539999244407],[36.7233,38.525299992439045],[36.6834,38.50139999242707],[36.6815,38.48489999241884],[36.691,38.463099992407905],[36.7297,38.44119999239696],[36.7168,38.420099992386426],[36.6878,38.39859999237562],[36.6721,38.40119999237696],[36.6335,38.424599992388686],[36.602,38.4006999923767],[36.5774,38.37779999236525],[36.5668,38.356899992354734],[36.5246,38.301099992326755],[36.4924,38.281999992317175],[36.4544,38.2738999923131],[36.4077,38.253099992302694],[36.3882,38.26699999230963],[36.3709,38.29069999232156],[36.37100000000001,38.316399992334446],[36.3547,38.336399992344454],[36.3254,38.343199992347905],[36.2851,38.34359999234806],[36.2566,38.3820999923674],[36.232699999999994,38.38659999236966],[36.2067,38.37039999236153],[36.1677,38.36439999235852],[36.113,38.33129999234193],[36.08299999999999,38.31819999233531],[36.05810000000001,38.291699992322],[36.04189999999999,38.263199992307676],[35.9959,38.22249999228726],[35.9929,38.211599992281776],[36.0087,38.185699992268745],[35.996900000000004,38.15659999225412],[35.978199999999994,38.1352999922434],[35.94610000000001,38.110099992230694],[35.8689,38.06109999220595],[35.83519999999999,38.047799992199295],[35.75480000000001,38.04079999219572],[35.7305,38.03209999219138],[35.7415,37.99319999217171],[35.7197,37.97789999216396],[35.64600000000001,37.9694999921597],[35.6172,37.9351999921424],[35.5757,37.91869999213402],[35.5674,37.89969999212445],[35.58169999999999,37.878999992113975],[35.5894,37.8539999921013],[35.58959999999998,37.82199999208507],[35.58250000000001,37.76369999205555],[35.5716,37.746299992046715],[35.533,37.74439999204573],[35.50160000000001,37.74429999204571],[35.4861,37.75029999204873],[35.302400000000006,37.75949999205341],[35.2033,37.75339999205032],[35.16559999999999,37.72949999203819],[35.1174,37.7103999920285],[35.086099999999995,37.69399999202016],[35.0537,37.68469999201545],[35.0267,37.683099992014625],[34.9438,37.69389999202011],[34.9061,37.69269999201948],[34.8776,37.67399999201002],[34.85960000000001,37.635099991990266],[34.867499999999986,37.58549999196504],[34.85499999999999,37.56039999195221],[34.85119999999999,37.50649999192483],[34.834799999999994,37.48149999191205],[34.7853,37.432199991886925],[34.77810000000001,37.41749999187942],[34.75139999999999,37.43419999188793],[34.7181,37.43439999188804],[34.618599999999994,37.3954999918682],[34.5824,37.37509999185777],[34.5268,37.35309999184659],[34.4929,37.339799991839776],[34.4376,37.32379999183161],[34.44499999999999,37.306999991823],[34.436199999999985,37.29199999181535],[34.4127,37.274299991806295],[34.331799999999994,37.240099991788824],[34.2535,37.208599991772694],[34.2344,37.197899991767244],[34.157700000000006,37.18869999176248],[34.0784,37.18449999176035],[34.0422,37.16999999175294],[34.004099999999994,37.1399999917376],[33.984199999999994,37.117599991726124],[33.94639999999999,37.08929999171162]]]}},{"type":"Feature","properties":{"ADMIN":"EastMed","ISO_A3":"TUR","admin_source":"World Bank GAD, artifact wb_boundaries_20260820","admin_units":"Adana, Hatay, Icel, Osmaniye"},"geometry":{"type":"Polygon","coordinates":[[[35.993,35.90229999109986],[35.9927,35.91519999110651],[35.9804,35.92679999111254],[35.96059999999999,35.924399991111294],[35.94049999999999,35.91839999110817],[35.92069999999999,35.915099991106494],[35.9113,35.917799991107856],[35.919599999999996,35.927699991112995],[35.9228,35.93149999111493],[35.966,35.99359999114707],[35.9768,36.000899991150874],[35.9764,36.00589999115346],[35.97539999999999,36.01849999115997],[35.9694,36.03379999116787],[35.948399999999985,36.08779999119577],[35.8985,36.15469999123041],[35.8927,36.16249999123441],[35.8782,36.18209999124451],[35.8645,36.196799991252156],[35.8523,36.21359999126078],[35.8411,36.24449999127679],[35.827099999999994,36.25749999128349],[35.8109,36.26949999128972],[35.79859999999999,36.281699991295966],[35.7875,36.304299991307644],[35.788900000000005,36.320199991315874],[35.80129999999999,36.335199991323634],[35.812,36.34829999133036],[35.81589999999999,36.3529999913328],[35.8245,36.361099991337],[35.8267,36.36229999133759],[35.834299999999985,36.36629999133966],[35.8405,36.36789999134048],[35.8451,36.368999991341056],[35.856899999999996,36.369699991341406],[35.861999999999995,36.37359999134346],[35.8735,36.397599991355825],[35.8818,36.404599991359454],[35.8994,36.41239999136346],[35.9084,36.418099991366404],[35.9131,36.427299991371136],[35.918899999999994,36.44809999138188],[35.93070000000001,36.45459999138523],[35.9315,36.455199991385555],[35.94230000000001,36.46429999139025],[35.9819,36.475599991396095],[35.9837,36.47649999139653],[35.99009999999999,36.479599991398125],[36.02879999999999,36.51839999141813],[36.02879999999999,36.5184999914182],[36.03730000000001,36.526999991422535],[36.04299999999999,36.53509999142672],[36.0449,36.53769999142808],[36.0502,36.537999991428215],[36.0553,36.538299991428396],[36.073800000000006,36.54779999143331],[36.1021,36.56229999144074],[36.1629,36.59339999145677],[36.167,36.5941999914572],[36.1788,36.59639999145834],[36.18919999999999,36.60399999146227],[36.1956,36.613699991467236],[36.20109999999998,36.62199999147154],[36.2112,36.64229999148195],[36.211499999999994,36.64329999148247],[36.2128,36.64749999148465],[36.2162,36.65779999148995],[36.21549999999999,36.67049999149646],[36.20250000000001,36.69929999151133],[36.20250000000001,36.761799991543484],[36.20250000000001,36.76909999154719],[36.1986,36.7845999915552],[36.1889,36.801799991564025],[36.1298,36.86929999159874],[36.1073,36.88759999160814],[36.0956,36.897099991613004],[36.0585,36.91839999162394],[36.02729999999999,36.92479999162722],[36.02039999999999,36.92629999162799],[35.9851,36.91549999162245],[35.9509,36.89109999160991],[35.8937,36.8349999915811],[35.88,36.82589999157639],[35.87520000000001,36.824899991575904],[35.8638,36.822199991574514],[35.8537,36.815799991571204],[35.82059999999999,36.7851999915555],[35.805499999999995,36.77509999155034],[35.773,36.76889999154712],[35.7669,36.76769999154648],[35.7464,36.766999991546115],[35.7016,36.765299991545305],[35.6841,36.76469999154499],[35.6478,36.75399999153948],[35.6363,36.74469999153466],[35.6244,36.72609999152513],[35.6136,36.71989999152191],[35.61749999999999,36.726799991525446],[35.6183,36.731599991527936],[35.615,36.73559999153001],[35.615,36.73569999153002],[35.6067,36.74039999153244],[35.59699999999999,36.72489999152446],[35.5823,36.712699991518235],[35.57289999999999,36.70069999151203],[35.5794,36.68509999150398],[35.5945,36.70169999151258],[35.6168,36.696299991509754],[35.61809999999999,36.703699991513595],[35.61969999999999,36.71229999151798],[35.6255,36.71089999151728],[35.62909999999999,36.70819999151589],[35.6341,36.69929999151133],[35.6388,36.7062999915149],[35.640600000000006,36.71329999151852],[35.6391,36.72029999152213],[35.6341,36.726799991525446],[35.6481,36.73319999152878],[35.65390000000001,36.727299991525705],[35.6575,36.717499991520675],[35.6647,36.71229999151798],[35.67589999999999,36.71529999151953],[35.6856,36.72079999152235],[35.696,36.72389999152399],[35.7093,36.71989999152191],[35.67499999999998,36.70709999151531],[35.65029999999999,36.6978999915106],[35.62259999999999,36.680699991501754],[35.6067,36.65779999148995],[35.6085,36.64689999148434],[35.6222,36.65419999148811],[35.666900000000005,36.69609999150965],[35.6802,36.70299999151321],[35.684299999999986,36.70389999151367],[35.6957,36.706199991514836],[35.68600000000001,36.698299991510815],[35.6649,36.68099999150187],[35.6579,36.675299991498946],[35.65209999999998,36.666699991494546],[35.64379999999999,36.64889999148536],[35.6373,36.641099991481354],[35.6364,36.638799991480155],[35.633,36.6308999914761],[35.632,36.61719999146902],[35.6312,36.607099991463805],[35.6237,36.60259999146149],[35.613899999999994,36.6005999914605],[35.59879999999999,36.59149999145579],[35.5895,36.589499991454794],[35.5856,36.58929999145468],[35.557099999999984,36.58749999145374],[35.5448,36.589499991454794],[35.5135,36.61299999146688],[35.503799999999984,36.61689999146886],[35.49009999999999,36.61389999146732],[35.4811,36.60729999146394],[35.4786,36.598499991459406],[35.4887,36.59709999145868],[35.5311,36.5826999914513],[35.4887,36.59199999145607],[35.445499999999996,36.59639999145834],[35.4372,36.59429999145725],[35.4289,36.59049999145528],[35.4135,36.58369999145178],[35.4134,36.58369999145178],[35.407999999999994,36.579199991449485],[35.4051,36.57329999144642],[35.404399999999995,36.571899991445726],[35.4037,36.57159999144553],[35.39539999999999,36.567599991443466],[35.37420000000001,36.56159999144041],[35.3511,36.54649999143262],[35.3479,36.5442999914315],[35.34609999999999,36.54099999142977],[35.34,36.54369999143116],[35.3383,36.54439999143153],[35.3357,36.545599991432134],[35.3331,36.54869999143378],[35.3202,36.56459999144193],[35.29460000000001,36.57249999144597],[35.0419,36.69509999150911],[35.028099999999995,36.69909999151119],[35.0142,36.70299999151321],[35.0056,36.707799991515685],[34.9821,36.72079999152235],[34.96229999999999,36.726799991525446],[34.94649999999999,36.727899991525994],[34.92990000000001,36.727299991525705],[34.9198,36.72559999152486],[34.9137,36.72459999152434],[34.913000000000004,36.7243999915242],[34.9004,36.71989999152191],[34.9031,36.726999991525545],[34.908,36.74039999153244],[34.8936,36.7458999915353],[34.889,36.749899991537326],[34.8629,36.77239999154892],[34.8525,36.781299991553496],[34.77079999999999,36.8160999915714],[34.76509999999998,36.80859999156753],[34.7359,36.82169999157427],[34.6931,36.81389999157023],[34.6764,36.80759999156706],[34.6268,36.78869999155729],[34.6263,36.78869999155729],[34.596599999999995,36.7849999915554],[34.5851,36.781299991553496],[34.5548,36.76769999154648],[34.5487,36.7633999915443],[34.539,36.74449999153456],[34.5339,36.74039999153244],[34.5033,36.726799991525446],[34.4942,36.720199991522044],[34.448699999999995,36.68729999150513],[34.41510000000001,36.66289999149258],[34.371700000000004,36.6409999914813],[34.35339999999999,36.63169999147654],[34.30749999999998,36.60859999146459],[34.2762,36.58699999145349],[34.2528,36.562799991441004],[34.2475,36.55739999143823],[34.2094,36.51799999141794],[34.1905,36.49849999140788],[34.1815,36.483299991400045],[34.177899999999994,36.47329999139486],[34.16819999999999,36.46689999139157],[34.14730000000001,36.45919999138761],[34.112,36.42949999137229],[34.0979,36.42319999136903],[34.0775,36.41389999136422],[34.0749,36.387299991350524],[34.0784,36.36559999133932],[34.07999999999999,36.355599991334174],[34.0784,36.33639999132423],[34.077999999999996,36.330899991321424],[34.0778,36.328799991320324],[34.07679999999999,36.328099991319924],[34.05769999999999,36.31589999131365],[34.02709999999999,36.31079999131102],[33.99969999999999,36.30289999130692],[33.9893,36.281699991295966],[33.9983,36.28599999129823],[33.998,36.285299991297855],[33.99569999999999,36.27959999129487],[33.977,36.25939999128447],[33.9705,36.2495999912794],[33.96869999999999,36.24689999127804],[33.9681,36.24449999127679],[33.96509999999999,36.232299991270466],[33.9644,36.22049999126434],[33.959,36.21359999126078],[33.9414,36.213299991260655],[33.9414,36.21959999126393],[33.95109999999999,36.23759999127321],[33.946099999999994,36.26529999128753],[33.9309,36.29039999130048],[33.9104,36.30149999130623],[33.8953,36.30559999130833],[33.8831,36.31249999131191],[33.8712,36.31489999131313],[33.8623,36.30929999131026],[33.8553,36.30489999130802],[33.8462,36.29219999130143],[33.8377,36.28039999129531],[33.828,36.27169999129083],[33.820999999999984,36.26989999128989],[33.8111,36.26739999128858],[33.81860000000001,36.26579999128776],[33.82,36.26449999128709],[33.82469999999999,36.25999999128476],[33.815200000000004,36.25289999128109],[33.8136,36.25169999128049],[33.811299999999996,36.24839999127881],[33.7992,36.230599991269614],[33.7869,36.22629999126737],[33.784699999999994,36.225999991267216],[33.77689999999999,36.224999991266706],[33.742999999999995,36.213299991260655],[33.73549999999999,36.20869999125826],[33.705199999999984,36.1816999912443],[33.70369999999999,36.17839999124261],[33.7005,36.17109999123884],[33.6963,36.154499991230296],[33.6937,36.14399999122484],[33.6883,36.136999991221224],[33.6854,36.14319999122443],[33.6602,36.17479999124077],[33.65989999999999,36.1759999912414],[33.65659999999999,36.18869999124793],[33.6473,36.19259999124995],[33.6343,36.19029999124878],[33.6199,36.185399991246214],[33.59649999999999,36.16879999123762],[33.5742,36.14479999122525],[33.5703,36.141699991223646],[33.554,36.12889999121703],[33.552200000000006,36.12739999121628],[33.5489,36.1278999912165],[33.5374,36.129699991217464],[33.5306,36.13069999121795],[33.5359,36.13319999121926],[33.5443,36.136999991221224],[33.5443,36.14449999122508],[33.52089999999999,36.14659999122617],[33.4961,36.15199999122899],[33.4784,36.155899991231],[33.4585,36.158199991232166],[33.45829999999999,36.158199991232166],[33.4367,36.154599991230285],[33.401,36.13989999122272],[33.3876,36.137199991221316],[33.3866,36.136999991221224],[33.37619999999999,36.13999999122281],[33.361,36.14419999122494],[33.3477,36.14789999122689],[33.332800000000006,36.14939999122762],[33.32690000000001,36.150099991228004],[33.315000000000005,36.13849999122203],[33.3085,36.13219999121872],[33.30400000000001,36.13169999121849],[33.2983,36.131199991218224],[33.2865,36.12999999121764],[33.2817,36.13009999121766],[33.2641,36.13039999121779],[33.2419,36.13069999121795],[33.2124,36.12419999121463],[33.2009,36.12329999121416],[33.1886,36.1258999912155],[33.167399999999994,36.13489999122018],[33.15709999999999,36.136999991221224],[33.1569,36.136999991221224],[33.1553,36.13669999122107],[33.1339,36.13169999121849],[33.1213,36.119099991211996],[33.112300000000005,36.10339999120389],[33.0986,36.08919999119654],[33.087799999999994,36.08279999119325],[33.0864,36.08279999119325],[33.08390000000001,36.08279999119325],[33.0803,36.08589999119481],[33.0713,36.08919999119654],[33.0583,36.0906999911973],[33.0578,36.090599991197244],[33.027,36.08919999119654],[32.9911,36.096499991200304],[32.96039999999999,36.102699991203494],[32.9409,36.10349999120389],[32.8769,36.075199991189265],[32.8653,36.07179999118753],[32.85669999999999,36.06099999118194],[32.8204,36.037799991169955],[32.81819999999999,36.03639999116923],[32.8038,36.02709999116441],[32.7618,36.029299991165516],[32.7606,36.0293999911656],[32.7219,36.0368999911695],[32.6706,36.046699991174556],[32.6608,36.05059999117656],[32.63239999999999,36.061899991182386],[32.6063,36.07579999118959],[32.5768,36.09139999119766],[32.568,36.09609999120007],[32.554899999999996,36.09709999120061],[32.5582,36.0993999912018],[32.561499999999995,36.108699991206606],[32.595499999999994,36.14239999122404],[32.6106,36.172499991239576],[32.6061,36.20269999125517],[32.58,36.23329999127099],[32.57639999999999,36.24569999127741],[32.6084,36.284199991297285],[32.5981,36.31109999131118],[32.57959999999999,36.34219999132725],[32.575,36.369599991341396],[32.593399999999995,36.40569999136002],[32.610499999999995,36.415199991364936],[32.6385,36.4199999913674],[32.6696,36.43089999137301],[32.71210000000001,36.45929999138764],[32.7303,36.46529999139076],[32.7898,36.47399999139522],[32.896,36.462299991389195],[32.94199999999999,36.467699991391996],[32.9752,36.47409999139528],[33.0099,36.48899999140295],[33.0293,36.51039999141403],[33.0343,36.53509999142672],[33.0484,36.55679999143793],[33.0718,36.562399991440806],[33.1042,36.581599991450716],[33.13149999999999,36.57959999144966],[33.1665,36.559899991439515],[33.1936,36.53839999142846],[33.2204,36.53559999142696],[33.2161,36.554199991436576],[33.18299999999999,36.590699991455374],[33.1679,36.60229999146138],[33.1333,36.61549999146818],[33.1002,36.62309999147206],[33.0773,36.635399991478394],[33.0691,36.64959999148573],[33.0643,36.67999999150138],[33.0567,36.697799991510536],[33.0291,36.69939999151138],[33.0009,36.691599991507324],[32.9797,36.69509999150911],[32.979099999999995,36.72599999152504],[32.9739,36.74859999153666],[32.9491,36.79669999156143],[32.9438,36.818499991572594],[32.95,36.836599991581934],[32.97200000000001,36.85359999159067],[33.00900000000001,36.8571999915925],[33.0884,36.873599991600976],[33.1035,36.86439999159623],[33.12009999999999,36.83859999158296],[33.14249999999999,36.83549999158135],[33.1759,36.86519999159663],[33.2191,36.92789999162887],[33.237999999999985,36.9375999916338],[33.263,36.9264999916281],[33.2836,36.92819999162899],[33.3321,36.96889999164988],[33.35499999999999,36.97489999165295],[33.5251,36.97109999165102],[33.5674,36.98079999165595],[33.5857,36.98909999166022],[33.6086,37.017799991674984],[33.6361,37.038499991685576],[33.6539,37.04079999168675],[33.71289999999999,37.02869999168055],[33.768,37.03129999168187],[33.8206,37.02699999167965],[33.8475,37.031799991682135],[33.8882,37.06279999169803],[33.94639999999999,37.08929999171162],[33.984199999999994,37.117599991726124],[34.004099999999994,37.1399999917376],[34.0422,37.16999999175294],[34.0784,37.18449999176035],[34.157700000000006,37.18869999176248],[34.2344,37.197899991767244],[34.2535,37.208599991772694],[34.331799999999994,37.240099991788824],[34.4127,37.274299991806295],[34.436199999999985,37.29199999181535],[34.44499999999999,37.306999991823],[34.4376,37.32379999183161],[34.4929,37.339799991839776],[34.5268,37.35309999184659],[34.5824,37.37509999185777],[34.618599999999994,37.3954999918682],[34.7181,37.43439999188804],[34.75139999999999,37.43419999188793],[34.77810000000001,37.41749999187942],[34.7853,37.432199991886925],[34.834799999999994,37.48149999191205],[34.85119999999999,37.50649999192483],[34.85499999999999,37.56039999195221],[34.867499999999986,37.58549999196504],[34.85960000000001,37.635099991990266],[34.8776,37.67399999201002],[34.9061,37.69269999201948],[34.9438,37.69389999202011],[35.0267,37.683099992014625],[35.0537,37.68469999201545],[35.086099999999995,37.69399999202016],[35.1174,37.7103999920285],[35.16559999999999,37.72949999203819],[35.2033,37.75339999205032],[35.302400000000006,37.75949999205341],[35.4861,37.75029999204873],[35.50160000000001,37.74429999204571],[35.533,37.74439999204573],[35.5716,37.746299992046715],[35.58250000000001,37.76369999205555],[35.58959999999998,37.82199999208507],[35.5894,37.8539999921013],[35.58169999999999,37.878999992113975],[35.5674,37.89969999212445],[35.5757,37.91869999213402],[35.6172,37.9351999921424],[35.64600000000001,37.9694999921597],[35.7197,37.97789999216396],[35.7415,37.99319999217171],[35.7305,38.03209999219138],[35.75480000000001,38.04079999219572],[35.83519999999999,38.047799992199295],[35.8689,38.06109999220595],[35.94610000000001,38.110099992230694],[35.978199999999994,38.1352999922434],[35.996900000000004,38.15659999225412],[36.0087,38.185699992268745],[35.9929,38.211599992281776],[35.9959,38.22249999228726],[36.04189999999999,38.263199992307676],[36.05810000000001,38.291699992322],[36.08299999999999,38.31819999233531],[36.113,38.33129999234193],[36.1677,38.36439999235852],[36.2067,38.37039999236153],[36.232699999999994,38.38659999236966],[36.2566,38.3820999923674],[36.2851,38.34359999234806],[36.3254,38.343199992347905],[36.3547,38.336399992344454],[36.37100000000001,38.316399992334446],[36.3709,38.29069999232156],[36.3882,38.26699999230963],[36.4077,38.253099992302694],[36.42660000000001,38.23409999229312],[36.4272,38.19849999227519],[36.3941,38.16349999225757],[36.3722,38.14989999225075],[36.3552,38.1323999922419],[36.3463,38.09779999222447],[36.3555,38.07789999221447],[36.34890000000001,38.06149999220616],[36.33949999999999,38.033099992191865],[36.3689,37.97129999216063],[36.3672,37.95589999215288],[36.30409999999999,37.92349999213649],[36.2977,37.9056999921275],[36.314499999999995,37.8774999921132],[36.3388,37.87299999211093],[36.33560000000001,37.855699992102195],[36.327,37.8233999920858],[36.3178,37.808399992078215],[36.2936,37.78629999206701],[36.2828,37.766899992057176],[36.26910000000001,37.72119999203397],[36.2503,37.69419999202023],[36.21390000000001,37.66729999200661],[36.170300000000005,37.63919999199233],[36.1731,37.62379999198451],[36.186299999999996,37.61959999198233],[36.236899999999984,37.6180999919816],[36.24909999999999,37.6058999919754],[36.25379999999999,37.58659999196555],[36.2561,37.54419999194397],[36.26669999999999,37.51509999192917],[36.2583,37.47989999191121],[36.2485,37.4615999919019],[36.25560000000001,37.431799991886756],[36.24229999999999,37.40599999187354],[36.2452,37.39029999186557],[36.2686,37.363199991851694],[36.2715,37.34919999184457],[36.28949999999999,37.34379999184183],[36.31989999999999,37.365099991852674],[36.3563,37.358599991849395],[36.3677,37.34289999184132],[36.403299999999994,37.34429999184207],[36.4112,37.35769999184891],[36.4526,37.36909999185471],[36.5251,37.3633999918518],[36.5836,37.35169999184583],[36.6059,37.33759999183864],[36.62239999999999,37.3012999918201],[36.623999999999995,37.29949999181918],[36.6685,37.26399999180104],[36.6946,37.22929999178328],[36.70309999999999,37.201099991768864],[36.6792,37.18089999175853],[36.6232,37.15079999174309],[36.5865,37.081599991707655],[36.56159999999999,37.050799991691896],[36.53939999999999,37.030299991681346],[36.4782,36.96689999164883],[36.471,36.95259999164151],[36.4652,36.91099999162012],[36.4801,36.89569999161228],[36.5079,36.887099991607855],[36.5836,36.888899991608795],[36.6024,36.88659999160762],[36.62930000000001,36.8730999916007],[36.6437,36.841199991584304],[36.6654,36.82709999157705],[36.6668,36.8252999915761],[36.6587,36.82749999157721],[36.6399,36.82809999157756],[36.64319999999999,36.803599991564965],[36.63199999999999,36.78429999155505],[36.6158,36.766599991545945],[36.6032,36.746899991535784],[36.5989,36.7247999915244],[36.5982,36.70539999151444],[36.5946,36.68579999150436],[36.583,36.66299999149259],[36.5827,36.66239999149232],[36.5754,36.639299991480435],[36.56939999999999,36.62019999147057],[36.57009999999999,36.57569999144769],[36.5654,36.53239999142532],[36.5355,36.49389999140549],[36.531200000000005,36.479099991397895],[36.533699999999996,36.4624999913893],[36.5528,36.408199991361315],[36.557900000000004,36.400599991357375],[36.5651,36.395599991354786],[36.5856,36.38699999135039],[36.59349999999999,36.37339999134334],[36.59419999999999,36.35709999133492],[36.5823,36.33309999132251],[36.57769999999999,36.332799991322375],[36.5877,36.32479999131825],[36.6209,36.32209999131688],[36.6371,36.316799991314134],[36.648900000000005,36.30579999130846],[36.6583,36.29039999130048],[36.6655,36.27399999129202],[36.66909999999999,36.25979999128467],[36.6702,36.237299991273055],[36.6699,36.23689999127285],[36.66439999999999,36.228999991268736],[36.6253,36.22299999126563],[36.6079,36.220299991264255],[36.59349999999999,36.21799999126307],[36.5744,36.21829999126322],[36.50039999999999,36.227699991268096],[36.49849999999999,36.227899991268195],[36.4801,36.22549999126697],[36.4689,36.222299991265295],[36.46529999999999,36.21589999126199],[36.4642,36.210499991259205],[36.4639,36.20869999125826],[36.4592,36.20309999125536],[36.4506,36.19989999125376],[36.41169999999999,36.20439999125607],[36.397999999999996,36.20829999125806],[36.391999999999996,36.21179999125989],[36.385799999999996,36.215499991261815],[36.37319999999999,36.22759999126804],[36.3613,36.218199991263184],[36.3757,36.204599991256174],[36.3746,36.19579999125163],[36.366299999999995,36.18929999124826],[36.3606,36.1816999912443],[36.3588,36.166899991236654],[36.3555,36.02239999116198],[36.3575,35.99969999115024],[36.35809999999999,35.99389999114725],[36.3418,35.989499991144946],[36.3386,35.9886999911445],[36.3368,35.98819999114431],[36.2972,36.00079999115081],[36.28629999999999,35.99719999114892],[36.2774,35.99419999114741],[36.26910000000001,35.958699991129016],[36.26519999999999,35.95799999112867],[36.25289999999999,35.95559999112745],[36.2353,35.95969999112956],[36.2292,35.96119999113035],[36.196799999999996,35.951699991125416],[36.1748,35.92269999111041],[36.17349999999999,35.907199991102395],[36.1712,35.880699991088676],[36.16869999999999,35.85209999107388],[36.1575,35.82259999105858],[36.1461,35.82089999105774],[36.1385,35.81979999105714],[36.0801,35.85429999107503],[36.050599999999996,35.86539999108072],[36.0193,35.86609999108111],[36.0038,35.86909999108265],[35.9923,35.877299991086886],[35.99009999999999,35.88929999109312],[35.993,35.90229999109986]]]}},{"type":"Feature","properties":{"ADMIN":"SouthEast","ISO_A3":"TUR","admin_source":"World Bank GAD, artifact wb_boundaries_20260820","admin_units":"Adiyaman, Batman, Bingol, Diyarbakir, Elazig, Gaziantep, K.maras, Kilis, Malatya, Mardin, Sanliurfa, Siirt, Sirnak, Tunceli"},"geometry":{"type":"Polygon","coordinates":[[[37.0194,36.68579999150436],[37.0192,36.688399991505726],[37.01879999999999,36.69669999151],[37.0183,36.706599991515056],[37.01069999999999,36.71949999152169],[36.9647,36.753799991539346],[36.9459,36.76269999154393],[36.9258,36.768999991547176],[36.9067,36.772599991549015],[36.84369999999999,36.775899991550745],[36.6668,36.8252999915761],[36.6654,36.82709999157705],[36.6437,36.841199991584304],[36.62930000000001,36.8730999916007],[36.6024,36.88659999160762],[36.5836,36.888899991608795],[36.5079,36.887099991607855],[36.4801,36.89569999161228],[36.4652,36.91099999162012],[36.471,36.95259999164151],[36.4782,36.96689999164883],[36.53939999999999,37.030299991681346],[36.56159999999999,37.050799991691896],[36.5865,37.081599991707655],[36.6232,37.15079999174309],[36.6792,37.18089999175853],[36.70309999999999,37.201099991768864],[36.6946,37.22929999178328],[36.6685,37.26399999180104],[36.623999999999995,37.29949999181918],[36.62239999999999,37.3012999918201],[36.6059,37.33759999183864],[36.5836,37.35169999184583],[36.5251,37.3633999918518],[36.4526,37.36909999185471],[36.4112,37.35769999184891],[36.403299999999994,37.34429999184207],[36.3677,37.34289999184132],[36.3563,37.358599991849395],[36.31989999999999,37.365099991852674],[36.28949999999999,37.34379999184183],[36.2715,37.34919999184457],[36.2686,37.363199991851694],[36.2452,37.39029999186557],[36.24229999999999,37.40599999187354],[36.25560000000001,37.431799991886756],[36.2485,37.4615999919019],[36.2583,37.47989999191121],[36.26669999999999,37.51509999192917],[36.2561,37.54419999194397],[36.25379999999999,37.58659999196555],[36.24909999999999,37.6058999919754],[36.236899999999984,37.6180999919816],[36.186299999999996,37.61959999198233],[36.1731,37.62379999198451],[36.170300000000005,37.63919999199233],[36.21390000000001,37.66729999200661],[36.2503,37.69419999202023],[36.26910000000001,37.72119999203397],[36.2828,37.766899992057176],[36.2936,37.78629999206701],[36.3178,37.808399992078215],[36.327,37.8233999920858],[36.33560000000001,37.855699992102195],[36.3388,37.87299999211093],[36.314499999999995,37.8774999921132],[36.2977,37.9056999921275],[36.30409999999999,37.92349999213649],[36.3672,37.95589999215288],[36.3689,37.97129999216063],[36.33949999999999,38.033099992191865],[36.34890000000001,38.06149999220616],[36.3555,38.07789999221447],[36.3463,38.09779999222447],[36.3552,38.1323999922419],[36.3722,38.14989999225075],[36.3941,38.16349999225757],[36.4272,38.19849999227519],[36.42660000000001,38.23409999229312],[36.4077,38.253099992302694],[36.4544,38.2738999923131],[36.4924,38.281999992317175],[36.5246,38.301099992326755],[36.5668,38.356899992354734],[36.5774,38.37779999236525],[36.602,38.4006999923767],[36.6335,38.424599992388686],[36.6721,38.40119999237696],[36.6878,38.39859999237562],[36.7168,38.420099992386426],[36.7297,38.44119999239696],[36.691,38.463099992407905],[36.6815,38.48489999241884],[36.6834,38.50139999242707],[36.7233,38.525299992439045],[36.7602,38.53539999244407],[36.8473,38.56089999245677],[36.915699999999994,38.5658999924593],[36.95259999999999,38.571799992462246],[37.02199999999999,38.57839999246555],[37.0751,38.57409999246338],[37.1223,38.56849999246059],[37.178700000000006,38.568399992460506],[37.2203,38.57359999246313],[37.281499999999994,38.57389999246326],[37.3078,38.570899992461825],[37.3151,38.562399992457564],[37.31750000000001,38.570599992461666],[37.3775,38.62419999248836],[37.39520000000001,38.64659999249954],[37.4096,38.68029999251631],[37.4159,38.70649999252939],[37.4295,38.73089999254147],[37.4788,38.7522999925521],[37.5432,38.769699992560746],[37.5507,38.77869999256521],[37.55459999999999,38.80259999257708],[37.5366,38.84469999259795],[37.504999999999995,38.89189999262134],[37.5033,38.9270999926388],[37.5141,38.95239999265126],[37.500499999999995,38.983399992666605],[37.4993,39.0115999926805],[37.50699999999999,39.017699992683546],[37.540699999999994,39.02229999268579],[37.5709,39.010799992680134],[37.63889999999999,39.0115999926805],[37.678799999999995,38.99429999267196],[37.72919999999999,38.958999992654576],[37.7488,38.9621999926561],[37.76809999999998,38.99429999267196],[37.769699999999986,39.01189999268067],[37.7521,39.04359999269629],[37.757799999999996,39.06069999270475],[37.7739,39.07279999271067],[37.8076,39.077599992713104],[37.88689999999999,39.070399992709504],[37.9553,39.0686999927087],[37.9969,39.08219999271534],[38.0278,39.07299999271081],[38.0441,39.073499992711085],[38.0853,39.094299992721275],[38.1278,39.08159999271507],[38.1503,39.07979999271418],[38.1711,39.0867999927176],[38.2067,39.113499992730716],[38.241,39.13329999274047],[38.2613,39.13919999274339],[38.303,39.143799992745656],[38.3334,39.13159999273968],[38.35669999999999,39.11219999273014],[38.389599999999994,39.1082999927282],[38.464499999999994,39.129799992738796],[38.4927,39.143799992745656],[38.5149,39.139699992743644],[38.54,39.12209999273499],[38.56049999999999,39.11439999273118],[38.5942,39.11029999272915],[38.6136,39.1015999927249],[38.62639999999999,39.08689999271765],[38.6852,39.04549999269723],[38.7017,39.02259999268596],[38.7221,39.015799992682574],[38.751,39.017699992683546],[38.749399999999994,39.04429999269663],[38.7412,39.07929999271393],[38.744199999999985,39.105499992726756],[38.72889999999999,39.127799992737756],[38.7346,39.1446999927461],[38.7618,39.160299992753785],[38.7732,39.174999992760974],[38.7524,39.19569999277115],[38.7597,39.21119999277877],[38.7816,39.216499992781394],[38.87290000000001,39.21479999278055],[38.90590000000001,39.221799992784],[38.93849999999999,39.24109999279342],[38.95159999999999,39.25059999279812],[38.954600000000006,39.266999992806134],[38.9371,39.277199992811134],[38.8916,39.27909999281209],[38.8639,39.294099992819426],[38.8071,39.28919999281701],[38.7924,39.30099999282281],[38.790299999999995,39.31869999283146],[38.8007,39.34389999284377],[38.8175,39.355999992849725],[38.8392,39.360499992851956],[38.8712,39.35679999285009],[38.9077,39.33359999283878],[38.939600000000006,39.33629999284006],[38.9557,39.3597999928516],[38.9822,39.34669999284518],[39.007299999999994,39.36039999285189],[39.0465,39.39249999286755],[39.06239999999999,39.425199992883506],[39.096,39.459899992900425],[39.11650000000001,39.466899992903855],[39.1622,39.46899999290491],[39.19599999999999,39.4669999929039],[39.248799999999996,39.48299999291173],[39.27949999999999,39.48359999291202],[39.28889999999999,39.46769999290426],[39.3129,39.45119999289619],[39.3452,39.45909999290008],[39.4008,39.487399992913836],[39.4419,39.5030999929215],[39.4615,39.494299992917234],[39.4841,39.496799992918426],[39.52600000000001,39.510299992925006],[39.538000000000004,39.498099992919094],[39.54169999999999,39.472899992906754],[39.569399999999995,39.44529999289333],[39.57899999999999,39.44169999289158],[39.6283,39.45249999289683],[39.6769,39.480699992910566],[39.70989999999999,39.48819999291424],[39.7706,39.51249999292608],[39.806,39.532699992935875],[39.7945,39.5572999929479],[39.80830000000001,39.57059999295433],[39.8146,39.59649999296692],[39.8308,39.59839999296785],[39.9117,39.57969999295877],[39.93460000000001,39.57889999295837],[39.9882,39.56569999295194],[40.010799999999996,39.567299992952734],[40.062599999999996,39.549599992944096],[40.107,39.55659999294752],[40.146,39.56899999295359],[40.171,39.57519999295658],[40.2164,39.57119999295461],[40.2847,39.57609999295702],[40.361900000000006,39.58989999296374],[40.3838,39.58519999296139],[40.39829999999999,39.57159999295482],[40.41530000000001,39.53869999293884],[40.432399999999994,39.51859999292904],[40.44859999999999,39.50969999292473],[40.493,39.512699992926166],[40.511,39.52269999293102],[40.5664,39.533499992936285],[40.6219,39.52519999293224],[40.6531,39.51509999292735],[40.721,39.5131999929264],[40.7633,39.5264999929329],[40.770599999999995,39.532699992935875],[40.814099999999996,39.535299992937155],[40.84729999999999,39.51159999292562],[40.90449999999999,39.48289999291169],[40.94969999999999,39.47659999290862],[40.96549999999999,39.455699992898396],[40.9816,39.44269999289203],[41.04059999999998,39.44219999289182],[41.0732,39.443099992892286],[41.10309999999999,39.430599992886165],[41.12839999999999,39.40159999287203],[41.1459,39.39059999286664],[41.165299999999995,39.39599999286931],[41.19659999999999,39.37059999285687],[41.1618,39.34569999284469],[41.1569,39.32879999283645],[41.165299999999995,39.294099992819426],[41.18070000000001,39.2609999928032],[41.1814,39.21709999278167],[41.165099999999995,39.184399992765584],[41.17509999999999,39.15959999275344],[41.223499999999994,39.137999992742785],[41.2565,39.104299992726254],[41.29639999999999,39.08859999271849],[41.3093,39.056699992702775],[41.2904,39.035099992692146],[41.2238,39.00369999267662],[41.17999999999999,38.974399992662164],[41.1605,38.95399999265205],[41.119,38.92429999263736],[41.1116,38.90779999262923],[41.1191,38.872799992611846],[41.13199999999999,38.83879999259507],[41.1533,38.751699992551806],[41.1565,38.71649999253429],[41.2241,38.71329999253273],[41.2728,38.7140999925331],[41.282999999999994,38.71059999253138],[41.2999,38.68769999252002],[41.32339999999999,38.66929999251083],[41.340300000000006,38.63659999249457],[41.364799999999995,38.60689999247977],[41.367099999999986,38.58109999246688],[41.3549,38.553499992453055],[41.3583,38.53599999244439],[41.38689999999999,38.48379999241826],[41.429999999999986,38.48479999241877],[41.4489,38.494399992423574],[41.4709,38.51449999243361],[41.490199999999994,38.54519999244896],[41.52029999999999,38.57249999246259],[41.5496,38.55989999245631],[41.5999,38.52499999243888],[41.6266,38.49639999242456],[41.6517,38.45749999240516],[41.649499999999996,38.417799992385284],[41.64239999999999,38.34339999234798],[41.64789999999999,38.30819999233031],[41.65989999999999,38.28349999231793],[41.6867,38.25529999230377],[41.714499999999994,38.240299992296194],[41.756099999999996,38.227299992289666],[41.79710000000001,38.22239999228722],[41.8482,38.20089999227641],[41.8707,38.20149999227673],[41.92509999999999,38.19419999227301],[41.9573,38.195499992273696],[41.9619,38.18749999226967],[41.97280000000001,38.172299992262005],[42.0063,38.17099999226136],[42.0362,38.18329999226757],[42.10329999999999,38.23019999229114],[42.1357,38.2375999922949],[42.1694,38.23869999229546],[42.24349999999999,38.218299992285196],[42.2755,38.2070999922795],[42.3047,38.19659999227425],[42.338,38.17259999226217],[42.38179999999999,38.14549999224851],[42.40389999999999,38.142399992246965],[42.4517,38.119799992235556],[42.493300000000005,38.10849999222986],[42.5029,38.09239999222175],[42.5094,38.05719999220403],[42.50759999999999,38.03959999219512],[42.505199999999995,38.02199999218627],[42.5288,38.00129999217576],[42.566599999999994,37.98219999216613],[42.609899999999996,37.97969999216489],[42.64249999999999,37.98509999216761],[42.681499999999986,37.99909999217468],[42.7124,38.00409999217723],[42.76319999999999,37.98549999216778],[42.7691,37.9717999921609],[42.7493,37.963799992156844],[42.7413,37.94799999214889],[42.7789,37.940499992145114],[42.7947,37.924499992136994],[42.791199999999996,37.88029999211465],[42.8209,37.832799992090536],[42.840700000000005,37.811199992079636],[42.8665,37.79419999207097],[42.896699999999996,37.78009999206386],[42.90999999999999,37.78439999206604],[42.9576,37.78219999206493],[43.0643,37.765999992056706],[43.1383,37.76039999205385],[43.2337,37.74529999204623],[43.364,37.72969999203831],[43.396899999999995,37.72599999203642],[43.4357,37.734499992040725],[43.502199999999995,37.73739999204219],[43.492799999999995,37.706099992026324],[43.4908,37.67329999200963],[43.4774,37.63439999198986],[43.45069999999999,37.602499991973666],[43.42479999999999,37.583799991964156],[43.3853,37.567799991956],[43.3633,37.568599991956404],[43.31559999999999,37.55279999194833],[43.308099999999996,37.50979999192651],[43.3207,37.451899991896994],[43.330799999999996,37.4360999918889],[43.343799999999995,37.39169999186625],[43.33789999999999,37.37019999185528],[43.3355,37.32819999183382],[43.326299999999996,37.32189999183064],[43.3241,37.32219999183076],[43.3057,37.319899991829594],[43.296699999999994,37.31679999182801],[43.2873,37.30909999182411],[43.2861,37.30889999182397],[43.27869999999999,37.3077999918234],[43.270399999999995,37.30859999182385],[43.13179999999999,37.36729999185384],[43.1149,37.37119999185578],[43.1108,37.37089999185565],[43.08359999999999,37.368899991854654],[43.073,37.366599991853434],[43.0719,37.36639999185334],[43.0436,37.36029999185022],[43.00509999999999,37.34729999184358],[42.97950000000001,37.33179999183565],[42.939,37.32059999182992],[42.9371,37.32009999182972],[42.896699999999996,37.32499999183219],[42.8139,37.3468999918434],[42.8053,37.35189999184597],[42.800999999999995,37.36899999185468],[42.7923,37.37429999185737],[42.78560000000001,37.37499999185775],[42.780499999999996,37.37549999185798],[42.7715,37.37489999185768],[42.7221,37.35889999184952],[42.715699999999984,37.355299991847694],[42.7095,37.3470999918435],[42.7063,37.333299991836455],[42.70229999999999,37.32539999183242],[42.5771,37.17929999175773],[42.5619,37.14799999174168],[42.5612,37.146599991740935],[42.5454,37.14089999173809],[42.45900000000001,37.129299991732125],[42.4038,37.11469999172461],[42.4017,37.11419999172437],[42.38819999999999,37.1128999917237],[42.357099999999996,37.10999999172223],[42.356899999999996,37.112799991723634],[42.35459999999999,37.1523999917439],[42.3467,37.158399991747004],[42.335499999999996,37.17109999175352],[42.35309999999998,37.22709999178218],[42.3467,37.23979999178869],[42.3398,37.24269999179014],[42.3056,37.26459999180132],[42.2919,37.28499999181175],[42.2858,37.286599991812594],[42.27289999999999,37.27669999180753],[42.2671,37.274599991806426],[42.236899999999984,37.28629999181243],[42.2232,37.28819999181337],[42.2221,37.29229999181549],[42.22389999999999,37.302299991820625],[42.223299999999995,37.30749999182326],[42.2228,37.311499991825315],[42.22249999999999,37.313899991826524],[42.21609999999999,37.320199991829746],[42.21580000000001,37.32049999182992],[42.2113,37.32499999183219],[42.192899999999995,37.313199991826174],[42.17849999999999,37.30639999182273],[42.1281,37.25329999179556],[42.05289999999999,37.19659999176658],[42.022299999999994,37.18179999175898],[42.00930000000001,37.17559999175581],[41.976,37.1692999917526],[41.6892,37.11509999172482],[41.5631,37.091299991712624],[41.49589999999999,37.07859999170612],[41.4798,37.07549999170455],[41.223499999999994,37.06579999169958],[41.20150000000001,37.06489999169909],[41.19809999999999,37.06569999169954],[41.17990000000001,37.06969999170158],[41.13529999999999,37.08429999170904],[40.8966,37.12269999172875],[40.843399999999995,37.116399991725494],[40.8263,37.114399991724476],[40.709,37.10039999171731],[40.669200000000004,37.0882999917111],[40.6593,37.08529999170956],[40.6098,37.06319999169822],[40.5258,37.02589999167911],[40.47970000000001,37.01509999167359],[40.45700000000001,37.014099991673056],[40.4351,37.01059999167128],[40.41380000000001,37.00399999166788],[40.384,36.988099991659716],[40.2555,36.91939999162449],[40.1974,36.888299991608505],[40.1903,36.884499991606525],[40.15880000000001,36.87259999160042],[40.15279999999999,36.870299991599246],[40.1154,36.86469999159637],[40.0794,36.854899991591346],[40.0423,36.836999991582154],[40.0174,36.82499999157598],[39.979699999999994,36.806899991566645],[39.82279999999999,36.759499991542285],[39.8107,36.755899991540424],[39.76509999999999,36.74209999153333],[39.23950000000001,36.661199991491735],[39.1859,36.65949999149085],[39.03209999999999,36.70119999151228],[38.9799,36.698099991510695],[38.958,36.69289999150803],[38.79529999999999,36.686699991504845],[38.72509999999998,36.69399999150861],[38.6642,36.71949999152169],[38.529199999999996,36.833699991580445],[38.4799,36.85569999159175],[38.2898,36.901599991615306],[38.2243,36.90839999161884],[38.1901,36.905499991617305],[38.1231,36.88459999160657],[38.024199999999986,36.83409999158065],[38.022,36.83299999158007],[38.0117,36.82769999157735],[38.0079,36.82579999157638],[37.979899999999994,36.81959999157321],[37.81969999999999,36.760499991542765],[37.7879,36.75509999154003],[37.7587,36.750099991537446],[37.6541,36.73209999152821],[37.5932,36.71049999151708],[37.49029999999999,36.657099991489595],[37.44599999999999,36.63419999147779],[37.4418,36.63419999147779],[37.404599999999995,36.634499991477966],[37.2419,36.65869999149042],[37.2195,36.657099991489595],[37.156200000000005,36.643899991482805],[37.137499999999996,36.64589999148381],[37.12089999999999,36.64989999148586],[37.1043,36.65089999148643],[37.09909999999999,36.64899999148544],[37.0856,36.644199991482914],[37.0777,36.63759999147956],[37.0701,36.6314999914764],[37.0622,36.62219999147165],[37.0532,36.61989999147046],[37.0334,36.628699991474974],[37.01429999999999,36.642199991481945],[37.01069999999999,36.653799991487844],[37.0194,36.68579999150436]]]}},{"type":"Feature","properties":{"ADMIN":"EastAna","ISO_A3":"TUR","admin_source":"World Bank GAD, artifact wb_boundaries_20260820","admin_units":"Agri, Ardahan, Artvin, Bayburt, Bitlis, Erzincan, Erzurum, Gumushane, Hakkari, Igdir, Kars, Mus, Rize, Van"},"geometry":{"type":"Polygon","coordinates":[[[41.490199999999994,38.54519999244896],[41.4709,38.51449999243361],[41.4489,38.494399992423574],[41.429999999999986,38.48479999241877],[41.38689999999999,38.48379999241826],[41.3583,38.53599999244439],[41.3549,38.553499992453055],[41.367099999999986,38.58109999246688],[41.364799999999995,38.60689999247977],[41.340300000000006,38.63659999249457],[41.32339999999999,38.66929999251083],[41.2999,38.68769999252002],[41.282999999999994,38.71059999253138],[41.2728,38.7140999925331],[41.2241,38.71329999253273],[41.1565,38.71649999253429],[41.1533,38.751699992551806],[41.13199999999999,38.83879999259507],[41.1191,38.872799992611846],[41.1116,38.90779999262923],[41.119,38.92429999263736],[41.1605,38.95399999265205],[41.17999999999999,38.974399992662164],[41.2238,39.00369999267662],[41.2904,39.035099992692146],[41.3093,39.056699992702775],[41.29639999999999,39.08859999271849],[41.2565,39.104299992726254],[41.223499999999994,39.137999992742785],[41.17509999999999,39.15959999275344],[41.165099999999995,39.184399992765584],[41.1814,39.21709999278167],[41.18070000000001,39.2609999928032],[41.165299999999995,39.294099992819426],[41.1569,39.32879999283645],[41.1618,39.34569999284469],[41.19659999999999,39.37059999285687],[41.165299999999995,39.39599999286931],[41.1459,39.39059999286664],[41.12839999999999,39.40159999287203],[41.10309999999999,39.430599992886165],[41.0732,39.443099992892286],[41.04059999999998,39.44219999289182],[40.9816,39.44269999289203],[40.96549999999999,39.455699992898396],[40.94969999999999,39.47659999290862],[40.90449999999999,39.48289999291169],[40.84729999999999,39.51159999292562],[40.814099999999996,39.535299992937155],[40.770599999999995,39.532699992935875],[40.7633,39.5264999929329],[40.721,39.5131999929264],[40.6531,39.51509999292735],[40.6219,39.52519999293224],[40.5664,39.533499992936285],[40.511,39.52269999293102],[40.493,39.512699992926166],[40.44859999999999,39.50969999292473],[40.432399999999994,39.51859999292904],[40.41530000000001,39.53869999293884],[40.39829999999999,39.57159999295482],[40.3838,39.58519999296139],[40.361900000000006,39.58989999296374],[40.2847,39.57609999295702],[40.2164,39.57119999295461],[40.171,39.57519999295658],[40.146,39.56899999295359],[40.107,39.55659999294752],[40.062599999999996,39.549599992944096],[40.010799999999996,39.567299992952734],[39.9882,39.56569999295194],[39.93460000000001,39.57889999295837],[39.9117,39.57969999295877],[39.8308,39.59839999296785],[39.8146,39.59649999296692],[39.80830000000001,39.57059999295433],[39.7945,39.5572999929479],[39.806,39.532699992935875],[39.7706,39.51249999292608],[39.70989999999999,39.48819999291424],[39.6769,39.480699992910566],[39.6283,39.45249999289683],[39.57899999999999,39.44169999289158],[39.569399999999995,39.44529999289333],[39.54169999999999,39.472899992906754],[39.538000000000004,39.498099992919094],[39.52600000000001,39.510299992925006],[39.4841,39.496799992918426],[39.4615,39.494299992917234],[39.4419,39.5030999929215],[39.4008,39.487399992913836],[39.3452,39.45909999290008],[39.3129,39.45119999289619],[39.28889999999999,39.46769999290426],[39.27949999999999,39.48359999291202],[39.248799999999996,39.48299999291173],[39.19599999999999,39.4669999929039],[39.1622,39.46899999290491],[39.11650000000001,39.466899992903855],[39.096,39.459899992900425],[39.06239999999999,39.425199992883506],[39.0465,39.39249999286755],[39.007299999999994,39.36039999285189],[38.9822,39.34669999284518],[38.9557,39.3597999928516],[38.939600000000006,39.33629999284006],[38.9077,39.33359999283878],[38.8712,39.35679999285009],[38.8392,39.360499992851956],[38.8175,39.355999992849725],[38.8007,39.34389999284377],[38.790299999999995,39.31869999283146],[38.7924,39.30099999282281],[38.8071,39.28919999281701],[38.8639,39.294099992819426],[38.8916,39.27909999281209],[38.9371,39.277199992811134],[38.954600000000006,39.266999992806134],[38.95159999999999,39.25059999279812],[38.93849999999999,39.24109999279342],[38.90590000000001,39.221799992784],[38.87290000000001,39.21479999278055],[38.7816,39.216499992781394],[38.7597,39.21119999277877],[38.7524,39.19569999277115],[38.7732,39.174999992760974],[38.7618,39.160299992753785],[38.7346,39.1446999927461],[38.72889999999999,39.127799992737756],[38.744199999999985,39.105499992726756],[38.7412,39.07929999271393],[38.749399999999994,39.04429999269663],[38.751,39.017699992683546],[38.7221,39.015799992682574],[38.7017,39.02259999268596],[38.6852,39.04549999269723],[38.62639999999999,39.08689999271765],[38.6136,39.1015999927249],[38.5942,39.11029999272915],[38.56049999999999,39.11439999273118],[38.54,39.12209999273499],[38.5149,39.139699992743644],[38.4927,39.143799992745656],[38.464499999999994,39.129799992738796],[38.389599999999994,39.1082999927282],[38.35669999999999,39.11219999273014],[38.3334,39.13159999273968],[38.303,39.143799992745656],[38.3174,39.21269999277951],[38.347199999999994,39.25059999279812],[38.35589999999999,39.26709999280621],[38.3509,39.293299992819016],[38.33659999999999,39.3266999928354],[38.33369999999999,39.35309999284833],[38.3573,39.37039999285675],[38.3776,39.37239999285775],[38.37339999999999,39.39769999287007],[38.3886,39.41089999287654],[38.40209999999999,39.43529999288848],[38.39,39.45019999289575],[38.3577,39.45689999289896],[38.3176,39.473599992907104],[38.304899999999996,39.49829999291916],[38.2857,39.52009999292975],[38.261199999999995,39.53869999293884],[38.2698,39.5516999929451],[38.3027,39.55929999294883],[38.3307,39.574799992956386],[38.33949999999999,39.59949999296836],[38.32169999999999,39.62939999298288],[38.3219,39.64959999299268],[38.3304,39.67519999300507],[38.3498,39.69719999301574],[38.360599999999984,39.73119999303217],[38.3495,39.746899993039754],[38.3528,39.76409999304805],[38.37009999999999,39.774899993053296],[38.3959,39.779299993055396],[38.43410000000001,39.806899993068726],[38.4507,39.83009999307995],[38.4385,39.84469999308699],[38.4059,39.86919999309878],[38.37749999999999,39.896799993112076],[38.36039999999999,39.91989999312313],[38.3789,39.93609999313096],[38.41519999999999,39.962199993143464],[38.4364,39.96889999314666],[38.4587,39.989199993156426],[38.4823,39.98789999315581],[38.5173,39.96739999314597],[38.55029999999999,39.96129999314305],[38.5979,39.98529999315454],[38.66619999999999,39.99029999315696],[38.7236,39.989499993156585],[38.7599,40.016499993169525],[38.7719,40.07529999319766],[38.8234,40.058999993189886],[38.86910000000001,40.05569999318829],[38.90169999999999,40.046499993183915],[38.9311,40.03249999317717],[38.9538,40.030499993176235],[38.9994,40.03459999317819],[38.9974,40.0602999931905],[38.9762,40.09019999320476],[38.939600000000006,40.10229999321054],[38.9215,40.11569999321693],[38.8937,40.12419999322103],[38.878899999999994,40.14539999323118],[38.8847,40.17599999324573],[38.89979999999999,40.19989999325714],[38.896,40.2153999932645],[38.8976,40.23039999327164],[38.959399999999995,40.273299993292056],[38.9763,40.3022999933058],[39.004099999999994,40.33339999332059],[39.0234,40.34519999332617],[39.07809999999999,40.35139999332907],[39.0765,40.37289999333931],[39.0575,40.40099999335258],[39.014,40.439099993370604],[38.9811,40.46719999338385],[38.9356,40.484199993391854],[38.89029999999999,40.49139999339525],[38.86739999999999,40.5060999934022],[38.8225,40.509599993403846],[38.7962,40.52189999340963],[38.787800000000004,40.532599993414664],[38.7831,40.54979999342276],[38.79500000000001,40.57169999343305],[38.828599999999994,40.61689999345431],[38.8443,40.66249999347567],[38.863600000000005,40.680799993484236],[38.9354,40.705499993495806],[39.001099999999994,40.735999993510035],[39.0019,40.742399993513075],[39.0381,40.762799993522606],[39.0684,40.79879999353939],[39.0939,40.79319999353675],[39.1184,40.79519999353768],[39.1469,40.81019999354467],[39.17379999999999,40.83389999355571],[39.194599999999994,40.82039999354945],[39.2254,40.79129999353586],[39.235699999999994,40.77759999352946],[39.2696,40.75389999351844],[39.2946,40.73189999350812],[39.3121,40.700499993493494],[39.35629999999999,40.65639999347283],[39.3704,40.65259999347102],[39.4496,40.65979999347443],[39.46529999999999,40.65669999347297],[39.519199999999984,40.627499993459296],[39.565799999999996,40.616299993454],[39.5977,40.611399993451734],[39.6356,40.596999993444925],[39.656,40.584699993439216],[39.6817,40.55379999342463],[39.6973,40.545499993420755],[39.75679999999999,40.606599993449485],[39.76409999999999,40.622299993456814],[39.7645,40.685399993486435],[39.76799999999999,40.69789999349224],[39.7864,40.710999993498376],[39.8319,40.72989999350724],[39.846,40.72479999350482],[39.85329999999999,40.698299993492434],[39.84369999999999,40.66309999347593],[39.82939999999999,40.63069999346079],[39.8394,40.62139999345639],[39.8849,40.63389999346224],[39.9078,40.6241999934577],[39.9275,40.59859999344571],[39.9674,40.59739999344514],[39.9888,40.608799993450496],[39.9934,40.619599993455566],[39.97709999999999,40.633499993462074],[39.9878,40.64879999346928],[40.0377,40.65659999347295],[40.053,40.64089999346556],[40.0485,40.6232999934573],[40.057399999999994,40.60699999344963],[40.0845,40.597999993445455],[40.096699999999984,40.58389999343878],[40.1357,40.57519999343471],[40.146,40.57149999343299],[40.186299999999996,40.557799993426514],[40.2113,40.53909999341774],[40.239399999999996,40.53509999341582],[40.26339999999999,40.525099993411146],[40.2943,40.522399993409856],[40.3188,40.52799999341249],[40.3345,40.52499999341111],[40.45219999999999,40.52749999341229],[40.47789999999999,40.52449999341084],[40.4768,40.539899993418125],[40.44709999999999,40.601999993447265],[40.4464,40.62629999345867],[40.4512,40.64029999346526],[40.4794,40.67199999348009],[40.4948,40.6970999934919],[40.4937,40.71409999349985],[40.4736,40.755899993519336],[40.4566,40.783499993532246],[40.4556,40.805499993542504],[40.46469999999999,40.829899993553845],[40.47449999999999,40.856099993566026],[40.466,40.8735999935742],[40.4357,40.89569999358447],[40.42660000000001,40.9082999935903],[40.4145,40.9446999936072],[40.4013,40.960099993614286],[40.35999999999999,40.97129999361951],[40.3372,40.98649999362654],[40.4179,41.026899993645216],[40.4649,41.05039999365609],[40.495099999999994,41.04029999365143],[40.4999,41.038699993650695],[40.5015,41.038599993650635],[40.52900000000001,41.03629999364956],[40.5575,41.0423999936524],[40.5884,41.05729999365929],[40.62619999999999,41.08219999367078],[40.639500000000005,41.085099993672095],[40.670500000000004,41.08789999367336],[40.68599999999999,41.091899993675206],[40.69819999999999,41.09809999367807],[40.7576,41.158299993705754],[40.82749999999999,41.19799999372404],[40.838999999999984,41.20129999372552],[40.85410000000001,41.19929999372462],[40.8969,41.1874999937192],[40.92209999999999,41.19049999372058],[40.95989999999999,41.210599993729794],[40.9761,41.21539999373201],[40.997,41.21769999373309],[41.020399999999995,41.22369999373581],[41.042699999999996,41.23249999373984],[41.0615,41.24279999374454],[41.100699999999996,41.27409999375892],[41.1212,41.285599993764144],[41.146799999999985,41.289999993766145],[41.1727,41.29129999376676],[41.1907,41.29569999376873],[41.2579,41.33709999378767],[41.2595,41.33809999378816],[41.28499999999999,41.353799993795306],[41.3102,41.360699993798455],[41.3318,41.36969999380252],[41.3426,41.37239999380379],[41.3494,41.373099993804104],[41.3775,41.37599999380542],[41.3905,41.37929999380694],[41.3925,41.38049999380747],[41.40889999999999,41.39029999381196],[41.4243,41.407799993819864],[41.43439999999999,41.4290999938296],[41.438,41.45129999383969],[41.448499999999996,41.45609999384184],[41.5071,41.49539999385966],[41.520799999999994,41.51419999386818],[41.5391,41.508499993865605],[41.6274,41.4804999938529],[41.64,41.47859999385208],[41.66989999999999,41.4804999938529],[41.6846,41.48549999385519],[41.6951,41.48909999385679],[41.7026,41.48909999385679],[41.7029,41.48829999385648],[41.7041,41.48509999385501],[41.7026,41.46949999384789],[41.70689999999999,41.463199993845095],[41.718499999999985,41.459599993843455],[41.7476,41.45689999384221],[41.7609,41.45359999384072],[41.8009,41.42569999382803],[41.8131,41.421799993826276],[41.82249999999999,41.42589999382812],[41.8628,41.451699993839824],[41.8657,41.454799993841256],[41.8941,41.48549999385519],[41.902,41.490099993857264],[41.9078,41.49349999385882],[41.947799999999994,41.50549999386425],[42.019400000000005,41.48509999385501],[42.0551,41.49349999385882],[42.0695,41.49849999386109],[42.083499999999994,41.50009999386179],[42.0975,41.49839999386103],[42.1119,41.49349999385882],[42.1433,41.50019999386185],[42.1584,41.49989999386172],[42.1728,41.49349999385882],[42.189299999999996,41.48159999385341],[42.21309999999999,41.48019999385281],[42.26239999999999,41.482299993853744],[42.4377,41.430799993830334],[42.4629,41.43179999383079],[42.4711,41.43579999383264],[42.4838,41.442099993835505],[42.5137,41.47619999385096],[42.5357,41.49349999385882],[42.5454,41.509499993866065],[42.55510000000001,41.55029999388453],[42.5652,41.56709999389215],[42.585300000000004,41.57879999389742],[42.60229999999999,41.582999993899314],[42.6105,41.585099993900236],[42.660900000000005,41.588199993901654],[42.800999999999995,41.57919999389761],[42.820100000000004,41.57229999389448],[42.8121,41.56289999389022],[42.806699999999985,41.54299999388123],[42.80279999999999,41.53409999387719],[42.7945,41.526799993873944],[42.77510000000001,41.51419999386818],[42.7664,41.50439999386377],[42.792,41.49279999385849],[42.8111,41.47719999385144],[42.8301,41.47249999384931],[42.8364,41.47789999385173],[42.8546,41.49379999385897],[42.8679,41.50019999386185],[42.8703,41.4980999938609],[42.8751,41.49359999385887],[42.8805,41.48119999385323],[42.8888,41.469899993848124],[42.9263,41.45899999384316],[42.940999999999995,41.44629999383738],[42.95000000000001,41.44369999383624],[42.9576,41.43699999383317],[42.98749999999998,41.394599993813856],[43.00220000000001,41.38269999380847],[43.07569999999999,41.344799993791185],[43.12389999999999,41.31289999377664],[43.15489999999999,41.30189999377161],[43.184,41.29899999377026],[43.18549999999999,41.29369999376784],[43.1718,41.2792999937613],[43.1574,41.269699993756866],[43.10299999999999,41.24879999374734],[43.130399999999995,41.24219999374429],[43.152300000000004,41.24409999374515],[43.17209999999999,41.24229999374431],[43.1923,41.22489999373635],[43.216100000000004,41.180499993716],[43.230499999999985,41.17259999371234],[43.3226,41.19199999372124],[43.35179999999999,41.193499993721936],[43.38309999999999,41.18709999371901],[43.410500000000006,41.17509999371348],[43.4375,41.15619999370482],[43.451899999999995,41.13259999369397],[43.4403,41.10649999368194],[43.43639999999999,41.083199993671236],[43.4447,41.05139999365653],[43.4605,41.02279999364336],[43.471,41.0152999936399],[43.4796,41.009099993636994],[43.5224,41.00449999363486],[43.5653,40.98819999362732],[43.604899999999994,40.96329999361578],[43.636199999999995,40.933499993601984],[43.6477,40.91389999359292],[43.652,40.89469999358399],[43.6542,40.874699993574666],[43.65959999999999,40.85189999356409],[43.66969999999999,40.832099993554905],[43.71139999999999,40.78169999353139],[43.72079999999999,40.762799993522606],[43.72399999999999,40.74629999351488],[43.7294,40.677099993482514],[43.7265,40.66889999347866],[43.70569999999999,40.64069999346548],[43.69949999999999,40.63459999346258],[43.70439999999999,40.61989999345569],[43.7071,40.611999993451974],[43.70199999999999,40.60739999344983],[43.6997,40.605299993448845],[43.68899999999999,40.595699993444335],[43.665,40.57399999343418],[43.661,40.56799999343134],[43.6513,40.55339999342445],[43.6524,40.52939999341319],[43.646599999999985,40.53299999341487],[43.6315,40.536799993416615],[43.6391,40.5224999934099],[43.6157,40.52039999340893],[43.6153,40.52039999340893],[43.5962,40.51019999340415],[43.5937,40.508899993403546],[43.55949999999999,40.477899993388874],[43.56349999999999,40.46469999338267],[43.568400000000004,40.46049999338069],[43.5847,40.44649999337406],[43.61019999999999,40.42999999336626],[43.62539999999999,40.42019999336166],[43.62539999999999,40.41329999335839],[43.61729999999999,40.39259999334859],[43.6157,40.3885999933467],[43.6095,40.372999993339306],[43.6009,40.361799993334024],[43.5941,40.34539999332625],[43.6037,40.3308999933194],[43.604499999999994,40.32979999331888],[43.60509999999999,40.329299993318614],[43.6315,40.310299993309584],[43.67609999999999,40.26589999328856],[43.6811,40.25699999328425],[43.682399999999994,40.2546999932832],[43.69129999999999,40.23859999327556],[43.6781,40.23079999327184],[43.672899999999984,40.22769999327036],[43.67649999999999,40.22189999326762],[43.6837,40.210099993261984],[43.715,40.180599993247924],[43.72149999999999,40.16929999324255],[43.71179999999999,40.15649999323647],[43.666399999999996,40.14889999323283],[43.6524,40.13899999322809],[43.6653,40.11009999321433],[43.6654,40.11009999321433],[43.675599999999996,40.10579999321227],[43.711099999999995,40.0907999932051],[43.750600000000006,40.08209999320091],[43.7736,40.07709999319856],[43.8029,40.07069999319544],[43.9123,40.02439999317329],[43.9357,40.02129999317183],[44.0325,40.00859999316575],[44.0484,40.01279999316779],[44.0833,40.03149999317671],[44.09640000000001,40.03429999317804],[44.104499999999994,40.03599999317885],[44.11319999999999,40.03419999317798],[44.1143,40.033999993177886],[44.126899999999985,40.02449999317334],[44.13549999999999,40.022199993172215],[44.1665,40.028099993175054],[44.16669999999999,40.028099993175054],[44.17509999999999,40.028899993175465],[44.19489999999999,40.030799993176345],[44.255399999999995,40.043399993182376],[44.2892,40.043399993182376],[44.3013,40.040499993181],[44.325599999999994,40.03469999317822],[44.3334,40.0310999931765],[44.36229999999998,40.01809999317028],[44.39769999999999,40.00219999316265],[44.4382,39.98399999315392],[44.46419999999999,39.972299993148354],[44.46879999999999,39.96919999314685],[44.49230000000001,39.95349999313931],[44.5221,39.93349999312966],[44.5477,39.91149999311909],[44.5592,39.8968999931121],[44.56749999999999,39.872999993100606],[44.58389999999999,39.86229999309542],[44.59089999999999,39.85779999309328],[44.5929,39.85169999309037],[44.59409999999998,39.84809999308858],[44.59449999999998,39.83679999308313],[44.5981,39.83099999308033],[44.6114,39.83729999308342],[44.6478,39.80509999306785],[44.66610000000001,39.796399993063645],[44.6823,39.797299993064094],[44.68699999999999,39.796399993063645],[44.6895,39.79469999306285],[44.6921,39.792999993062054],[44.692699999999995,39.79209999306159],[44.6978,39.78519999305829],[44.736499999999985,39.74599999303935],[44.7366,39.74589999303926],[44.759,39.72309999302831],[44.7657,39.71429999302401],[44.7701,39.70859999302125],[44.77449999999999,39.70279999301842],[44.784199999999984,39.69019999301232],[44.7856,39.68559999301012],[44.7957,39.65229999299399],[44.806899999999985,39.639799992987896],[44.8016,39.64279999298938],[44.7255,39.685299993009984],[44.7065,39.698099993016186],[44.64629999999999,39.71949999302654],[44.63269999999999,39.7315999930324],[44.6057,39.763199993047614],[44.5946,39.76929999305059],[44.590499999999984,39.771499993051684],[44.5657,39.76589999304896],[44.459499999999984,39.698399993016324],[44.45519999999999,39.68709999301085],[44.4602,39.654399992994996],[44.457699999999996,39.63869999298737],[44.45159999999999,39.62579999298111],[44.4185,39.574299992956135],[44.414100000000005,39.56079999294953],[44.412,39.544399992941585],[44.4174,39.51749999292852],[44.4167,39.50549999292265],[44.4066,39.493599992916856],[44.4015,39.471299992906026],[44.4051,39.45249999289683],[44.4048,39.43429999288796],[44.3879,39.41439999287829],[44.3837,39.412099992877145],[44.36879999999999,39.403599992872984],[44.3512,39.397299992869904],[44.3282,39.38919999286595],[44.31689999999998,39.38529999286407],[44.3129,39.384499992863674],[44.29500000000001,39.38119999286201],[44.2792,39.38219999286252],[44.269400000000005,39.38279999286282],[44.20109999999998,39.40909999287566],[44.2003,39.40939999287583],[44.1765,39.41159999287692],[44.1274,39.40149999287194],[44.1222,39.40039999287141],[44.0991,39.398399992870445],[44.0768,39.40059999287153],[44.0613,39.40029999287135],[44.0505,39.397199992869844],[44.04619999999999,39.39599999286931],[44.02609999999999,39.386099992864445],[44.01489999999998,39.37409999285857],[44.0181,39.367699992855414],[44.020999999999994,39.361899992852614],[44.0473,39.337899992840875],[44.0577,39.30679999282564],[44.06929999999999,39.28689999281592],[44.06929999999999,39.279499992812276],[44.0667,39.27289999280904],[44.0671,39.2639999928047],[44.0826,39.23569999279082],[44.0837,39.22679999278642],[44.0765,39.20869999277754],[44.0775,39.20009999277332],[44.1035,39.184599992765726],[44.1481,39.166399992756794],[44.1866,39.14509999274632],[44.19489999999999,39.120499992734224],[44.17509999999999,39.09019999271925],[44.170100000000005,39.07429999271148],[44.17909999999999,39.03489999269199],[44.1697,39.023099992686205],[44.15349999999999,39.012599992681],[44.13909999999999,38.993999992671846],[44.14770000000001,38.97999999266491],[44.1521,38.96469999265739],[44.158199999999994,38.95749999265383],[44.174699999999994,38.94579999264801],[44.174699999999994,38.92829999263933],[44.17799999999999,38.92069999263558],[44.18269999999999,38.913099992631835],[44.192,38.89069999262077],[44.2057,38.87569999261332],[44.22189999999999,38.86349999260725],[44.247,38.853999992602596],[44.261399999999995,38.84859999259991],[44.27479999999999,38.84359999259744],[44.2799,38.81429999258289],[44.25249999999998,38.741799992546895],[44.2485,38.72179999253698],[44.2503,38.709199992530664],[44.2604,38.67919999251576],[44.2561,38.67189999251211],[44.2475,38.66499999250868],[44.2442,38.65899999250571],[44.2568,38.65379999250311],[44.27479999999999,38.64939999250092],[44.278899999999986,38.647199992499814],[44.2824,38.645399992498916],[44.289,38.63959999249602],[44.289899999999996,38.63879999249564],[44.29709999999999,38.62239999248747],[44.2968,38.60159999247712],[44.292100000000005,38.56199999245737],[44.30149999999999,38.51119999243199],[44.3,38.49399999242339],[44.28739999999999,38.45379999240327],[44.28739999999999,38.44189999239735],[44.290699999999994,38.416599992384654],[44.2867,38.39099999237186],[44.2896,38.38219999236745],[44.31329999999999,38.37179999236225],[44.3634,38.3645999923586],[44.365399999999994,38.36549999235907],[44.3965,38.37959999236615],[44.409099999999995,38.38179999236721],[44.4246,38.37709999236488],[44.4278,38.37489999236375],[44.43899999999999,38.36749999236007],[44.45119999999999,38.35399999235331],[44.45879999999999,38.33829999234544],[44.45910000000001,38.322399992337424],[44.436799999999984,38.29689999232462],[44.4005,38.27459999231345],[44.3724,38.249399992300816],[44.3767,38.20149999227673],[44.3731,38.182199992266995],[44.367,38.16239999225706],[44.3605,38.14779999224968],[44.35329999999999,38.1398999922457],[44.3353,38.13409999224276],[44.32699999999999,38.12839999223989],[44.325599999999994,38.11959999223549],[44.333899999999986,38.100899992226054],[44.331900000000005,38.09879999222499],[44.3285,38.09499999222309],[44.328100000000006,38.09459999222286],[44.309000000000005,38.08729999221922],[44.295700000000004,38.078999992215024],[44.2867,38.066199992208546],[44.27839999999999,38.04539999219804],[44.269400000000005,38.029999992190284],[44.2453,38.008399992179385],[44.2277,37.980999992165565],[44.2215,37.96879999215939],[44.219699999999996,37.95609999215296],[44.2248,37.94199999214586],[44.2255,37.929299992139434],[44.206399999999995,37.9082999921288],[44.2021,37.89709999212314],[44.219699999999996,37.875299992112105],[44.2543,37.87079999210983],[44.2611,37.8713999921101],[44.314800000000005,37.87649999211266],[44.3191,37.876899992112925],[44.3269,37.87499999211194],[44.3313,37.87389999211136],[44.341899999999995,37.86979999210929],[44.367,37.86019999210441],[44.3778,37.85419999210144],[44.3839,37.84499999209674],[44.3933,37.821099992084626],[44.4044,37.80969999207884],[44.412,37.80769999207784],[44.4148,37.80829999207815],[44.4253,37.810799992079396],[44.43289999999998,37.80609999207705],[44.4336,37.801099992074526],[44.43269999999998,37.79679999207231],[44.4293,37.779199992063404],[44.4365,37.76769999205759],[44.4505,37.76659999205703],[44.4521,37.7670999920573],[44.4663,37.77119999205937],[44.47930000000001,37.776899992062226],[44.506299999999996,37.77929999206345],[44.5138,37.7765999920621],[44.5344,37.769199992058304],[44.5592,37.751999992049605],[44.5959,37.71639999203156],[44.5985,37.706999992026795],[44.588,37.69399999202016],[44.5535,37.671799992008914],[44.5452,37.66299999200442],[44.54089999999999,37.632799991989074],[44.56099999999999,37.614599991979794],[44.583299999999994,37.60109999197295],[44.58729999999999,37.58399999196427],[44.578300000000006,37.56389999195399],[44.5718,37.53919999194143],[44.57,37.51439999192881],[44.5794,37.476899991909725],[44.5661,37.447199991894585],[44.5722,37.430899991886236],[44.5855,37.424699991883124],[44.622899999999994,37.42179999188159],[44.638099999999994,37.412499991876885],[44.65209999999999,37.38409999186237],[44.66179999999999,37.375599991858024],[44.6982,37.38009999186031],[44.7072,37.37089999185565],[44.71289999999999,37.35669999184841],[44.7212,37.34329999184158],[44.77879999999999,37.3137999918265],[44.8015,37.29259999181566],[44.7986,37.260299991799144],[44.79659999999999,37.25819999179807],[44.786699999999996,37.24809999179291],[44.7731,37.24169999178967],[44.76169999999999,37.2339999917857],[44.76049999999999,37.23319999178527],[44.7596,37.2308999917841],[44.758199999999995,37.22719999178224],[44.75359999999999,37.21529999177614],[44.756899999999995,37.19519999176582],[44.7662,37.178099991757094],[44.7723,37.16119999174843],[44.7721,37.160299991748],[44.7662,37.14189999173853],[44.754,37.15909999174737],[44.7338,37.167299991751555],[44.629099999999994,37.17899999175757],[44.61119999999999,37.17839999175727],[44.6103,37.17839999175727],[44.578300000000006,37.1663999917511],[44.53939999999999,37.14359999173941],[44.50339999999999,37.11659999172559],[44.47930000000001,37.09199999171304],[44.454499999999996,37.07639999170501],[44.4308,37.065899991699624],[44.4282,37.06479999169906],[44.42669999999999,37.06439999169884],[44.3896,37.054599991693834],[44.3535,37.04519999168901],[44.34319999999999,37.04249999168761],[44.3353,37.03119999168184],[44.3317,37.01539999167374],[44.31589999999999,36.99399999166277],[44.30649999999999,36.97719999165414],[44.2983,36.970799991650836],[44.29709999999999,36.96989999165041],[44.28489999999999,36.96919999165005],[44.2431,36.97779999165445],[44.2341,36.983599991657414],[44.1873,37.06689999170014],[44.1801,37.087499991710686],[44.1805,37.108899991721614],[44.1891,37.12919999173206],[44.2061,37.146599991740935],[44.2187,37.1526999917441],[44.21979999999999,37.15279999174414],[44.2302,37.15439999174494],[44.2399,37.15779999174669],[44.2403,37.15789999174678],[44.2482,37.16969999175277],[44.2496,37.17939999175776],[44.2485,37.191899991764174],[44.2435,37.21379999177537],[44.23490000000001,37.23679999178714],[44.22330000000001,37.25409999179598],[44.206799999999994,37.267599991802854],[44.18449999999999,37.27919999180881],[44.088,37.311199991825156],[44.0706,37.31349999182635],[44.0678,37.313899991826524],[44.0354,37.31819999182873],[44.0084,37.314799991827016],[43.9904,37.31249999182583],[43.9628,37.29369999181623],[43.955,37.288399991813506],[43.9537,37.28749999181307],[43.92419999999999,37.25309999179549],[43.8936,37.22489999178102],[43.87169999999999,37.22169999177939],[43.85509999999999,37.21929999177815],[43.839899999999986,37.21709999177707],[43.825099999999985,37.2048999917708],[43.82190000000001,37.202299991769465],[43.80930000000001,37.19969999176816],[43.80210000000001,37.20359999177013],[43.7805,37.22029999177869],[43.7705,37.22579999178149],[43.747099999999996,37.23059999178395],[43.72079999999999,37.23269999178506],[43.6832,37.23059999178395],[43.618199999999995,37.22689999178208],[43.617,37.22709999178218],[43.5941,37.229499991783385],[43.56889999999999,37.23769999178757],[43.54719999999999,37.24969999179373],[43.5426,37.25229999179503],[43.529599999999995,37.253799991795795],[43.517,37.25229999179503],[43.4959,37.24579999179173],[43.492499999999986,37.24479999179121],[43.4796,37.2433999917905],[43.46339999999999,37.248699991793245],[43.4166,37.27919999180881],[43.3759,37.29549999181714],[43.3363,37.320199991829746],[43.326299999999996,37.32189999183064],[43.3355,37.32819999183382],[43.33789999999999,37.37019999185528],[43.343799999999995,37.39169999186625],[43.330799999999996,37.4360999918889],[43.3207,37.451899991896994],[43.308099999999996,37.50979999192651],[43.31559999999999,37.55279999194833],[43.3633,37.568599991956404],[43.3853,37.567799991956],[43.42479999999999,37.583799991964156],[43.45069999999999,37.602499991973666],[43.4774,37.63439999198986],[43.4908,37.67329999200963],[43.492799999999995,37.706099992026324],[43.502199999999995,37.73739999204219],[43.4357,37.734499992040725],[43.396899999999995,37.72599999203642],[43.364,37.72969999203831],[43.2337,37.74529999204623],[43.1383,37.76039999205385],[43.0643,37.765999992056706],[42.9576,37.78219999206493],[42.90999999999999,37.78439999206604],[42.896699999999996,37.78009999206386],[42.8665,37.79419999207097],[42.840700000000005,37.811199992079636],[42.8209,37.832799992090536],[42.791199999999996,37.88029999211465],[42.7947,37.924499992136994],[42.7789,37.940499992145114],[42.7413,37.94799999214889],[42.7493,37.963799992156844],[42.7691,37.9717999921609],[42.76319999999999,37.98549999216778],[42.7124,38.00409999217723],[42.681499999999986,37.99909999217468],[42.64249999999999,37.98509999216761],[42.609899999999996,37.97969999216489],[42.566599999999994,37.98219999216613],[42.5288,38.00129999217576],[42.505199999999995,38.02199999218627],[42.50759999999999,38.03959999219512],[42.5094,38.05719999220403],[42.5029,38.09239999222175],[42.493300000000005,38.10849999222986],[42.4517,38.119799992235556],[42.40389999999999,38.142399992246965],[42.38179999999999,38.14549999224851],[42.338,38.17259999226217],[42.3047,38.19659999227425],[42.2755,38.2070999922795],[42.24349999999999,38.218299992285196],[42.1694,38.23869999229546],[42.1357,38.2375999922949],[42.10329999999999,38.23019999229114],[42.0362,38.18329999226757],[42.0063,38.17099999226136],[41.97280000000001,38.172299992262005],[41.9619,38.18749999226967],[41.9573,38.195499992273696],[41.92509999999999,38.19419999227301],[41.8707,38.20149999227673],[41.8482,38.20089999227641],[41.79710000000001,38.22239999228722],[41.756099999999996,38.227299992289666],[41.714499999999994,38.240299992296194],[41.6867,38.25529999230377],[41.65989999999999,38.28349999231793],[41.64789999999999,38.30819999233031],[41.64239999999999,38.34339999234798],[41.649499999999996,38.417799992385284],[41.6517,38.45749999240516],[41.6266,38.49639999242456],[41.5999,38.52499999243888],[41.5496,38.55989999245631],[41.52029999999999,38.57249999246259],[41.490199999999994,38.54519999244896]]]}},{"type":"Feature","properties":{"ADMIN":"PAK_KAR","ISO_A3":"PAK","admin_source":"World Bank GAD, artifact wb_boundaries_20260820","admin_units":"Karachi Central, Karachi East, Karachi South, Karachi West, Korangi, Malir","epm_zone":"PAK_KAR","epm_country":"PAK","split_rationale":"Karachi is served by a vertically-integrated private utility with its own generation and a limited NTDC interconnection - the reason it is a zone of its own rather than part of PAK_S.","grid_area":"K-Electric (KESC) control area","model_plants":"Bin Qasim, Port Qasim, Korangi, KESC units"},"geometry":{"type":"Polygon","coordinates":[[[67.1111,24.79789998630739],[67.10019999999999,24.797199986307255],[67.0999,24.797199986307255],[67.08119999999998,24.803299986308755],[67.07919999999999,24.801299986308255],[67.0736,24.795899986306924],[67.0826,24.774299986301678],[67.0636,24.781699986303483],[67.0229,24.810199986310376],[67.0049,24.813599986311235],[67.0027,24.814699986311506],[66.98749999999998,24.82219998631333],[66.9872,24.82229998631335],[66.97279999999999,24.83319998631605],[66.9649,24.843699986318583],[66.95769999999999,24.843699986318583],[66.95769999999999,24.82549998631412],[66.9649,24.810199986310376],[66.9412,24.812599986311],[66.9217,24.824299986313854],[66.9034,24.839199986317485],[66.88209999999997,24.8510999863204],[66.8537,24.852299986320705],[66.8274,24.844199986318742],[66.8186,24.842599986318323],[66.808,24.84069998631787],[66.80259999999998,24.83969998631761],[66.79099999999998,24.84539998631901],[66.77949999999998,24.8510999863204],[66.7694,24.847199986319445],[66.764,24.846699986319344],[66.7354,24.843699986318583],[66.7162,24.841699986318126],[66.6913,24.832599986315866],[66.6798,24.830599986315416],[66.6574,24.83819998631726],[66.6542,24.839199986317485],[66.6568,24.858799986322314],[66.6769,24.879599986327424],[66.7043,24.891999986330493],[66.7043,24.89789998633199],[66.70839999999998,24.899999986332492],[66.71849999999999,24.915499986336346],[66.7243,24.9191999863373],[66.7381,24.92619998633904],[66.77029999999999,24.951799986345442],[66.77569999999997,24.964399986348603],[66.7917,24.97259998635065],[66.8219,24.973799986350965],[66.84879999999998,25.002899986358322],[66.89019999999998,25.014999986361403],[66.93809999999999,25.015599986361572],[66.9436,25.03029998636532],[66.9669,25.042799986368514],[66.9882,25.063299986373742],[67.0017,25.08919998638042],[67.0276,25.110299986385893],[67.031,25.12149998638876],[67.0188,25.1373999863929],[67.0252,25.155099986397502],[67.023,25.172299986402027],[67.03829999999999,25.185999986405648],[67.043,25.20999998641195],[67.1029,25.245699986421442],[67.135,25.279299986430406],[67.12999999999998,25.28999998643329],[67.15,25.3202999864414],[67.1682,25.327499986443375],[67.1693,25.339599986446647],[67.1564,25.358199986451687],[67.18209999999999,25.39279998646111],[67.17409999999998,25.426299986470294],[67.17759999999998,25.45389998647793],[67.1878,25.46779998648174],[67.21509999999999,25.488799986487592],[67.221,25.520199986496337],[67.24909999999998,25.52129998649667],[67.27629999999999,25.544199986503035],[67.2756,25.574799986511685],[67.3104,25.585099986514578],[67.32169999999999,25.592499986516675],[67.34840000000001,25.64259998653094],[67.3874,25.65139998653344],[67.4208,25.647999986532483],[67.4618,25.657899986535327],[67.4658,25.631399986527754],[67.4639,25.5217999864968],[67.4694,25.492499986488617],[67.4639,25.477599986484464],[67.4503,25.468099986481825],[67.4406,25.42679998647041],[67.4264,25.40909998646559],[67.43529999999998,25.38569998645918],[67.42119999999998,25.35309998645029],[67.4075,25.353899986450504],[67.3628,25.26769998642727],[67.3502,25.221799986415107],[67.3666,25.19899998640908],[67.3696,25.17609998640302],[67.3917,25.17309998640223],[67.4041,25.159199986398615],[67.44199999999998,25.147899986395643],[67.4903,25.128699986390647],[67.50569999999999,25.127999986390485],[67.5194,25.11289998638654],[67.5295,25.086999986379848],[67.5474,25.06569998637438],[67.54690000000001,25.027999986364726],[67.5501,24.990299986355133],[67.5279,24.978599986352197],[67.542,24.90889998633468],[67.5474,24.891499986330412],[67.5738,24.840599986317827],[67.5768,24.792299986306066],[67.56140000000002,24.785199986304313],[67.51509999999999,24.799099986307695],[67.4969,24.753599986296678],[67.4789,24.761099986298486],[67.4814,24.778399986302674],[67.4484,24.783399986303912],[67.4327,24.778699986302758],[67.4224,24.790599986305654],[67.3972,24.781799986303497],[67.37199999999999,24.781799986303497],[67.3557,24.773999986301643],[67.31099999999999,24.808899986310077],[67.2941,24.814299986311415],[67.2817,24.80799998630989],[67.2595,24.813799986311267],[67.1999,24.813899986311277],[67.17049999999999,24.803799986308835],[67.1546,24.793099986306267],[67.1482,24.799899986307906],[67.14409999999998,24.801499986308293],[67.1416,24.802499986308522],[67.1395,24.803299986308755],[67.1219,24.801299986308255],[67.1111,24.79789998630739]]]}},{"type":"Feature","properties":{"ADMIN":"NEPS_TAJ","ISO_A3":"AFG","admin_source":"World Bank GAD, artifact wb_boundaries_20260820","admin_units":"Kunduz, Takhar","epm_zone":"NEPS_TAJ","epm_country":"AFG","split_rationale":"Import delivery node, not a generating area: the model gives it zero capacity and only a transfer limit. The polygon is the north-east provinces served by that corridor and by CASA-1000.","grid_area":"NEPS import node from Tajikistan (Sherkhan Bandar 220 kV)","model_plants":"(none - import node)"},"geometry":{"type":"MultiPolygon","coordinates":[[[[69.42770000000002,37.20419999177048],[69.44210000000001,37.22359999178039],[69.4453,37.236399991786904],[69.4412,37.237099991787304],[69.42699999999999,37.239499991788485],[69.4139,37.24419999179093],[69.4097,37.24569999179169],[69.41599999999998,37.26239999180025],[69.418,37.26769999180291],[69.4097,37.27669999180753],[69.409,37.28049999180946],[69.406,37.29649999181763],[69.4032,37.311199991825156],[69.3895,37.3329999918363],[69.3866,37.34079999184031],[69.38629999999999,37.34159999184067],[69.3845,37.360199991850166],[69.3846,37.360399991850315],[69.3859,37.363199991851694],[69.391,37.36529999185281],[69.3913,37.370699991855524],[69.3884,37.37499999185775],[69.3791,37.37699999185875],[69.3769,37.3805999918606],[69.3763,37.41149999187634],[69.3762,37.41879999188009],[69.37840000000001,37.437399991889606],[69.3845,37.453299991897644],[69.3895,37.4587999919005],[69.41179999999999,37.47249999190746],[69.42549999999999,37.494199991918535],[69.4698,37.52019999193178],[69.49140000000001,37.53699999194033],[69.50869999999999,37.578999991961666],[69.52849999999998,37.585999991965245],[69.5304,37.58579999196515],[69.5472,37.58459999196457],[69.58610000000002,37.581799991963145],[69.59450000000001,37.58119999196283],[69.6649,37.57609999196025],[69.6872,37.57949999196194],[69.7297,37.59409999196935],[69.75419999999998,37.59669999197074],[69.7844,37.59039999196751],[69.8021,37.58149999196295],[69.81249999999999,37.58579999196515],[69.823,37.59299999196884],[69.8321,37.5954999919701],[69.8532,37.60109999197295],[69.87819999999999,37.61119999197808],[69.89529999999999,37.618199991981655],[69.9087,37.61759999198134],[69.9187,37.61719999198112],[69.9353,37.60559999197525],[69.94459999999998,37.58969999196718],[69.95069999999998,37.581799991963145],[69.9554,37.575499991959916],[69.9767,37.56939999195683],[69.98959999999998,37.56739999195578],[69.9903,37.56649999195531],[69.9986,37.5555999919498],[70.0077,37.54879999194634],[70.01700000000001,37.54589999194488],[70.04490000000001,37.541899991942806],[70.025,37.522799991933134],[70.0228,37.49769999192029],[70.0072,37.477599991910026],[69.9913,37.443499991892715],[69.9955,37.41569999187849],[70.0151,37.400899991870986],[70.0073,37.387499991864104],[70.007,37.3486999918443],[70.0206,37.30859999182385],[70.0071,37.2941999918165],[70.0165,37.26989999180404],[70.0201,37.23189999178464],[70.0381,37.21659999177679],[70.0493,37.182799991759474],[70.0484,37.16039999174806],[70.02329999999999,37.13709999173613],[70.05959999999999,37.10969999172208],[70.0889,37.09259999171331],[70.0956,37.075199991704395],[70.1215,37.06079999169697],[70.13169999999998,37.04759999169023],[70.11469999999998,37.03199999168221],[70.1078,37.01419999167315],[70.09810000000002,36.99149999166148],[70.06169999999999,36.98489999165805],[70.04239999999999,36.96479999164777],[70.04699999999998,36.94799999163914],[70.03849999999998,36.937699991633835],[70.0118,36.934999991632466],[70.01229999999998,36.911999991620675],[70.0337,36.899499991614235],[70.0303,36.88759999160814],[70.0101,36.87479999160156],[69.9964,36.80549999156593],[70.0071,36.79299999155956],[69.98549999999999,36.782299991553984],[69.992,36.75299999153893],[70.0219,36.73839999153143],[70.0167,36.72559999152486],[70.0382,36.69859999151096],[70.0434,36.67549999149908],[70.02139999999999,36.657699991489906],[70.05749999999999,36.64139999148153],[70.1022,36.60909999146487],[70.0999,36.591799991455936],[70.11509999999998,36.56939999144439],[70.10489999999999,36.52349999142075],[70.11399999999999,36.51789999141787],[70.11379999999998,36.4785999913976],[70.0974,36.474999991395734],[70.07989999999998,36.452299991384066],[70.08840000000001,36.429799991372434],[70.1005,36.42589999137046],[70.1125,36.40319999135871],[70.1433,36.39639999135519],[70.17,36.36509999133906],[70.1802,36.33769999132493],[70.2331,36.32209999131688],[70.2966,36.329899991320914],[70.3695,36.3182999913149],[70.3903,36.32589999131879],[70.4192,36.32379999131773],[70.45199999999998,36.30949999131037],[70.47289999999998,36.29009999130032],[70.48479999999999,36.26419999128692],[70.4707,36.25479999128212],[70.478,36.23599999127235],[70.4671,36.19909999125332],[70.4838,36.18689999124703],[70.4807,36.15989999123303],[70.46339999999998,36.13449999121997],[70.44959999999999,36.08459999119413],[70.4233,36.037999991170054],[70.44470000000001,36.0026999911518],[70.4485,35.98959999114504],[70.4328,35.95569999112747],[70.4135,35.95289999112602],[70.38950000000001,35.940999991119845],[70.3666,35.91099999110436],[70.3488,35.90489999110121],[70.32779999999998,35.88459999109069],[70.3167,35.88219999108943],[70.30469999999998,35.86109999107854],[70.28930000000001,35.85799999107691],[70.2738,35.85699999107642],[70.22129999999999,35.87919999108791],[70.2048,35.87699999108676],[70.193,35.88969999109331],[70.1802,35.85069999107316],[70.1696,35.85299999107431],[70.1397,35.820499991057524],[70.1051,35.81989999105722],[70.0631,35.81229999105328],[70.0171,35.80969999105191],[69.9878,35.78639999103989],[69.9699,35.810099991052155],[69.9586,35.8900999910935],[69.96,35.9087999911032],[69.942,35.92789999111306],[69.9225,35.93679999111771],[69.92759999999998,35.94739999112315],[69.9044,35.96409999113183],[69.8904,35.99989999115036],[69.86909999999999,36.04009999117113],[69.8358,36.07039999118678],[69.81729999999999,36.07859999119106],[69.7906,36.08169999119265],[69.77199999999999,36.09769999120088],[69.7837,36.12139999121317],[69.7782,36.163699991235056],[69.7831,36.19809999125279],[69.7754,36.22109999126466],[69.7591,36.23859999127374],[69.73159999999999,36.22649999126749],[69.717,36.23519999127194],[69.69949999999999,36.25769999128359],[69.7028,36.284199991297285],[69.7001,36.32339999131753],[69.6803,36.368399991340745],[69.67009999999998,36.366399991339705],[69.66359999999999,36.35109999133185],[69.6369,36.32819999131998],[69.6002,36.31999999131577],[69.5521,36.29469999130268],[69.5215,36.297499991304164],[69.4921,36.2808999912956],[69.4927,36.274299991292175],[69.44250000000001,36.24109999127502],[69.42319999999998,36.243899991276436],[69.4083,36.237099991272956],[69.36539999999998,36.246199991277635],[69.34749999999998,36.235299991272036],[69.3309,36.24429999127667],[69.31059999999998,36.240399991274664],[69.2949,36.22799999126823],[69.2833,36.248699991278926],[69.2596,36.274399991292206],[69.24159999999999,36.28229999129629],[69.2216,36.28229999129629],[69.214,36.29159999130112],[69.2346,36.324699991318155],[69.208,36.33029999132109],[69.1823,36.35219999133239],[69.1214,36.34449999132843],[69.111,36.350599991331585],[69.0633,36.36259999133776],[69.0707,36.384199991348936],[69.0707,36.40619999136023],[69.0327,36.41829999136652],[68.99759999999999,36.42039999136757],[68.97500000000001,36.427499991371256],[68.9576,36.42189999136836],[68.9334,36.45089999138331],[68.9019,36.433999991374584],[68.8669,36.43319999137418],[68.8566,36.405399991359836],[68.8338,36.41209999136329],[68.83119999999997,36.43019999137263],[68.8177,36.43699999137615],[68.75990000000002,36.48229999139952],[68.7286,36.52249999142024],[68.7305,36.53929999142892],[68.68990000000001,36.53219999142522],[68.6735,36.532999991425676],[68.64400000000002,36.521699991419844],[68.6236,36.52069999141932],[68.6047,36.53109999142469],[68.5779,36.528099991423126],[68.534,36.54439999143153],[68.52029999999999,36.53989999142919],[68.4737,36.535899991427144],[68.43610000000001,36.555499991437216],[68.38459999999999,36.55469999143688],[68.3799,36.54789999143335],[68.3166,36.54659999143263],[68.29519999999998,36.5634999914414],[68.2584,36.574599991447094],[68.23760000000001,36.567999991443685],[68.2277,36.555499991437216],[68.18849999999999,36.56629999144285],[68.1724,36.57839999144903],[68.2007,36.59159999145587],[68.2006,36.59929999145985],[68.1752,36.64689999148434],[68.14459999999998,36.6596999914909],[68.1205,36.6751999914989],[68.1104,36.6936999915084],[68.11290000000001,36.706199991514836],[68.089,36.72499999152454],[68.0832,36.75669999154084],[68.06609999999999,36.7878999915569],[68.06289999999998,36.8176999915722],[68.0555,36.83719999158224],[68.0531,36.89749999161321],[68.0261,36.925199991627416],[68.0269,36.925499991627596],[68.03269999999999,36.92529999162752],[68.0423,36.92929999162957],[68.0538,36.9341999916321],[68.055,36.93469999163235],[68.0714,36.94599999163811],[68.1212,36.980199991655674],[68.1335,36.98649999165892],[68.1461,36.99079999166112],[68.15179999999997,36.99279999166214],[68.168,37.00609999166895],[68.1864,37.01829999167525],[68.2127,37.02129999167677],[68.2413,37.01359999167282],[68.25369999999998,37.01029999167113],[68.2593,37.01019999167105],[68.2778,37.010099991671005],[68.2883,37.02439999167836],[68.2863,37.036499991684515],[68.2814,37.06649999169996],[68.2807,37.08669999171026],[68.2883,37.10309999171866],[68.3074,37.11419999172437],[68.32679999999999,37.11299999172374],[68.3446,37.107399991720875],[68.3462,37.10689999172063],[68.351,37.10599999172019],[68.3657,37.10309999171866],[68.392,37.10539999171989],[68.41139999999999,37.11329999172391],[68.415,37.121699991728185],[68.41790000000002,37.12829999173164],[68.4139,37.13499999173503],[68.4038,37.15169999174357],[68.46580000000002,37.155399991745455],[68.49169999999998,37.159499991747595],[68.50139999999999,37.1610999917484],[68.5237,37.164699991750226],[68.5327,37.168999991752464],[68.5464,37.18809999176222],[68.5514,37.192599991764475],[68.5712,37.19469999176562],[68.6087,37.20399999177033],[68.62699999999998,37.20629999177155],[68.63639999999998,37.2298999917836],[68.6486,37.24439999179104],[68.6564,37.24539999179152],[68.6609,37.24589999179179],[68.6713,37.247199991792435],[68.66559999999998,37.259399991798695],[68.6576,37.26769999180291],[68.6688,37.27829999180834],[68.68530000000001,37.278999991808696],[68.6868,37.278999991808696],[68.6929,37.27829999180834],[68.726,37.274599991806426],[68.7466,37.27619999180725],[68.74949999999998,37.27599999180715],[68.7595,37.27529999180679],[68.7714,37.270699991804456],[68.8027,37.25469999179627],[68.80849999999997,37.25169999179472],[68.8204,37.2509999917944],[68.8247,37.260599991799324],[68.8236,37.26969999180393],[68.8222,37.28199999181025],[68.8137,37.30339999182117],[68.81029999999998,37.31209999182563],[68.8139,37.323399991831366],[68.83579999999999,37.32909999183431],[68.85669999999999,37.32499999183219],[68.8679,37.31209999182563],[68.87689999999999,37.2959999918174],[68.8902,37.28199999181025],[68.9046,37.27669999180753],[68.91579999999999,37.278999991808696],[68.9212,37.28789999181325],[68.9201,37.29209999181536],[68.91759999999998,37.3024999918207],[68.8999,37.31429999182676],[68.8967,37.31649999182785],[68.8902,37.3229999918312],[68.8852,37.33479999183722],[68.88769999999998,37.3380999918389],[68.897,37.335999991837824],[68.9654,37.32909999183431],[68.9852,37.32039999182989],[69.00540000000001,37.30549999182222],[69.0209,37.28789999181325],[69.0341,37.25539999179665],[69.03560000000002,37.251499991794645],[69.0554,37.237099991787304],[69.0785,37.2251999917812],[69.092,37.21609999177653],[69.09649999999999,37.21299999177498],[69.1145,37.17739999175676],[69.1184,37.17389999175494],[69.1235,37.1692999917526],[69.2222,37.11629999172544],[69.2455,37.1038999917191],[69.2657,37.10539999171989],[69.2855,37.1128999917237],[69.3121,37.11749999172608],[69.31659999999998,37.11879999172671],[69.324,37.12099999172788],[69.35099999999998,37.14409999173971],[69.3905,37.164199991749975],[69.3913,37.164699991750226],[69.40790000000001,37.17739999175676],[69.4161,37.1884999917624],[69.42770000000002,37.20419999177048]]],[[[70.0461,37.54379999194377],[70.0466,37.5435999919437],[70.0464,37.54339999194356],[70.0461,37.54379999194377]]]]}},{"type":"Feature","properties":{"ADMIN":"TAJ_N","ISO_A3":"TJK","admin_source":"World Bank GAD, artifact wb_boundaries_20260820","admin_units":"Sughd Province","epm_zone":"TAJ_N","epm_country":"TAJ","split_rationale":"Sughd is separated from the rest of Tajikistan by the Zarafshan range and was fed from the Central Asian ring through Uzbekistan; the South-North 500 kV line closed the gap but remains a modelled constraint.","grid_area":"Sughd (northern Tajikistan)","model_plants":"Kairakkum"},"geometry":{"type":"MultiPolygon","coordinates":[[[[70.63299999999998,39.79839999306465],[70.615,39.787199993059225],[70.5815,39.766499993049244],[70.5757,39.770099993050955],[70.54729999999999,39.80759999306903],[70.53719999999998,39.81729999307376],[70.5034,39.83549999308252],[70.4901,39.850199993089596],[70.4825,39.86679999309761],[70.48359999999997,39.88229999310509],[70.4987,39.881799993104806],[70.5261,39.874799993101455],[70.61999999999999,39.85059999308983],[70.6549,39.849799993089405],[70.6866,39.86079999309469],[70.6989,39.85839999309357],[70.70639999999999,39.8399999930847],[70.7057,39.83139999308053],[70.705,39.82199999307601],[70.69450000000002,39.81489999307262],[70.66179999999999,39.80979999307014],[70.65989999999998,39.80909999306979],[70.63299999999998,39.79839999306465]]],[[[68.0035,38.98209999266593],[67.988,38.99369999267165],[67.98009999999996,38.99739999267347],[67.9632,39.001899992675746],[67.94879999999999,39.00199999267576],[67.9348,38.998999992674285],[67.9211,38.99369999267165],[67.8451,38.973799992661874],[67.8185,38.973399992661655],[67.69070000000002,38.98959999266966],[67.67229999999999,39.00369999267662],[67.6673,39.028299992688765],[67.6739,39.07429999271148],[67.6784,39.105899992727004],[67.6767,39.1190999927335],[67.6766,39.119799992733874],[67.66759999999998,39.131799992739765],[67.66119999999998,39.13339999274056],[67.6446,39.13049999273911],[67.63779999999998,39.13149999273959],[67.632,39.13619999274192],[67.6198,39.151299992749344],[67.5805,39.16359999275542],[67.49919999999999,39.16599999275659],[67.3782,39.19949999277304],[67.3501,39.21979999278299],[67.3426,39.25959999280252],[67.3444,39.273799992809494],[67.3465,39.2807999928129],[67.35660000000001,39.28869999281678],[67.36059999999999,39.29179999281831],[67.3714,39.29449999281961],[67.3804,39.292399992818616],[67.3868,39.29419999281949],[67.39099999999999,39.312499992828435],[67.3944,39.32729999283569],[67.407,39.360899992852104],[67.4081,39.397799992870155],[67.4149,39.43809999288982],[67.4272,39.47659999290862],[67.4365,39.485699992913034],[67.44900000000001,39.4868999929136],[67.4516,39.48709999291371],[67.4776,39.484399992912394],[67.4869,39.48709999291371],[67.4912,39.48999999291511],[67.4945,39.49369999291692],[67.4876,39.53789999293842],[67.5074,39.55299999294578],[67.5874,39.56259999295044],[67.68059999999997,39.61409999297545],[67.7177,39.623399992979984],[67.7645,39.622499992979556],[68.1061,39.55409999294628],[68.25589999999998,39.55049999294456],[68.33759999999998,39.52789999293358],[68.3866,39.52519999293224],[68.4362,39.52879999293401],[68.4743,39.536599992937774],[68.4834,39.538399992938686],[68.4938,39.540599992939754],[68.4978,39.54139999294011],[68.5176,39.54839999294358],[68.5068,39.56759999295287],[68.5201,39.58249999296011],[68.551,39.59759999296748],[68.55599999999998,39.60009999296867],[68.563,39.6034999929703],[68.5775,39.61529999297601],[68.5868,39.62289999297972],[68.58709999999999,39.6230999929798],[68.6004,39.64279999298938],[68.6058,39.66689999300107],[68.6082,39.704799993019414],[68.61049999999999,39.742499993037654],[68.6159,39.82799999307891],[68.6263,39.84959999308935],[68.6378,39.84889999308896],[68.6441,39.84689999308798],[68.6512,39.844599993086916],[68.6573,39.848799993088896],[68.685,39.86799999309818],[68.7016,39.85839999309357],[68.7096,39.84819999308864],[68.7282,39.824899993077395],[68.7415,39.81959999307487],[68.74839999999999,39.82619999307803],[68.7505,39.842499993085895],[68.75189999999999,39.84539999308728],[68.75739999999999,39.857499993093136],[68.7754,39.86249999309554],[68.7872,39.88169999310478],[68.78759999999998,39.895699993111556],[68.7653,39.932499993129156],[68.75559999999999,39.95399999313954],[68.752,39.97269999314852],[68.75879999999998,39.98059999315228],[68.7797,39.96939999314696],[68.80019999999999,39.935099993130436],[68.8153,39.89179999310964],[68.8384,39.86469999309657],[68.8808,39.87829999310312],[68.8772,39.90059999311387],[68.7894,39.99399999315872],[68.7844,40.003999993163504],[68.7829,40.01329999316802],[68.78510000000001,40.033999993177886],[68.78149999999998,40.041499993181475],[68.7638,40.05239999318672],[68.7617,40.061399993190996],[68.77459999999999,40.07989999319985],[68.7905,40.07019999319523],[68.8132,40.038799993180206],[68.8261,40.041999993181726],[68.8548,40.061399993190996],[68.8614,40.065899993193156],[68.87119999999999,40.06829999319431],[68.88189999999999,40.070899993195546],[68.9455,40.063099993191855],[68.9546,40.061999993191264],[68.9773,40.06489999319271],[68.9856,40.07719999319857],[68.98699999999998,40.09159999320547],[68.9867,40.09339999320633],[68.98380000000002,40.10689999321277],[68.9773,40.12099999321948],[68.93049999999998,40.14669999323175],[68.9041,40.14279999322993],[68.6872,40.11019999321436],[68.6515,40.12069999321934],[68.6069,40.142299993229656],[68.591,40.155699993236055],[68.58099999999999,40.164199993240096],[68.6018,40.1752999932454],[68.6983,40.194899993254786],[68.7206,40.196499993255514],[68.7409,40.193799993254245],[68.7786,40.18879999325184],[68.7875,40.189699993252276],[68.802,40.19109999325295],[68.8366,40.206399993260256],[68.85669999999999,40.21269999326326],[69.0191,40.23199999327238],[69.04209999999999,40.22919999327107],[69.0483,40.22669999326987],[69.108,40.203699993258944],[69.19799999999998,40.18289999324903],[69.2477,40.181599993248426],[69.2851,40.194899993254786],[69.2851,40.20069999325751],[69.2851,40.218599993266054],[69.21239999999999,40.2687999932899],[69.2084,40.298299993303935],[69.2347,40.30079999330512],[69.25120000000001,40.295999993302814],[69.2732,40.28949999329972],[69.2833,40.29089999330038],[69.30529999999999,40.293799993301754],[69.31279999999998,40.34279999332503],[69.3064,40.36499999333554],[69.30569999999999,40.366199993336124],[69.30339999999998,40.37019999333799],[69.2956,40.38379999334444],[69.2693,40.419799993361494],[69.2596,40.43769999336991],[69.2383,40.49389999339642],[69.19799999999998,40.54579999342087],[69.1984,40.56649999343065],[69.2344,40.5851999934394],[69.2948,40.58909999344125],[69.30919999999999,40.59579999344438],[69.31359999999998,40.609399993450765],[69.3067,40.66249999347567],[69.3071,40.69929999349291],[69.3143,40.729299993506906],[69.3298,40.75539999351913],[69.34819999999999,40.77369999352767],[69.35389999999998,40.77929999353026],[69.35500000000002,40.78039999353079],[69.3694,40.789399993535014],[69.38520000000001,40.796099993538114],[69.4176,40.804199993541886],[69.436,40.80269999354119],[69.4493,40.794399993537304],[69.4595,40.78599999353338],[69.4615,40.78429999353263],[69.47739999999999,40.77699999352917],[69.509,40.77469999352815],[69.5317,40.75849999352059],[69.571,40.71239999349904],[69.5825,40.7043999934953],[69.6077,40.6917999934894],[69.6188,40.68169999348465],[69.6372,40.65789999347349],[69.64759999999998,40.64739999346861],[69.66019999999999,40.63869999346449],[69.66949999999999,40.636099993463304],[69.6908,40.62999999346044],[69.7178,40.63629999346339],[69.7416,40.65249999347101],[69.7834,40.69299999348998],[69.80319999999999,40.70559999349586],[69.8255,40.71399999349979],[70.0098,40.75809999352039],[70.1041,40.813299993546124],[70.1272,40.82019999354935],[70.17289999999998,40.83389999355571],[70.2082,40.84449999356066],[70.2805,40.87769999357607],[70.336,40.92689999359893],[70.3637,41.03239999364778],[70.4011,41.039999993651264],[70.42130000000002,41.0335999936483],[70.4458,41.02579999364472],[70.4829,40.99349999362978],[70.51449999999998,40.97259999362009],[70.69669999999999,40.816199993547514],[70.705,40.8073999935434],[70.7032,40.78879999353473],[70.6834,40.794399993537304],[70.6488,40.8174999935481],[70.6287,40.81589999354733],[70.6193,40.80309999354136],[70.62179999999998,40.78599999353338],[70.63729999999998,40.77049999352619],[70.7287,40.75449999351868],[70.7673,40.73759999351081],[70.75649999999997,40.695499993491126],[70.74060000000001,40.68769999348748],[70.7386,40.68469999348609],[70.73319999999998,40.6766999934823],[70.732,40.6748999934815],[70.7158,40.67209999348019],[70.70710000000001,40.66889999347866],[70.6171,40.611999993451974],[70.58219999999999,40.578799993436405],[70.5693,40.57049999343248],[70.5253,40.55719999342623],[70.5166,40.550299993422996],[70.512,40.54669999342128],[70.5109,40.54529999342065],[70.4879,40.515499993406586],[70.4778,40.50549999340192],[70.46809999999999,40.502499993400505],[70.44890000000001,40.499099993398886],[70.447,40.4986999933987],[70.39930000000001,40.4901999933947],[70.36979999999997,40.475399993387704],[70.3666,40.471499993385876],[70.35399999999998,40.45609999337861],[70.35689999999998,40.43039999336649],[70.3849,40.399699993351994],[70.3807,40.38899999334691],[70.37130000000002,40.36499999333554],[70.42130000000002,40.34789999332743],[70.4422,40.34329999332529],[70.46410000000002,40.344799993325985],[70.4829,40.34919999332807],[70.50189999999999,40.35079999332881],[70.5239,40.34379999332549],[70.5505,40.31039999330965],[70.5639,40.264199993287725],[70.5729,40.24289999327758],[70.5738,40.24079999327659],[70.58189999999998,40.2216999932675],[70.5934,40.2153999932645],[70.6222,40.199499993256964],[70.6643,40.19749999325597],[70.70710000000001,40.20009999325722],[70.8497,40.23369999327319],[70.9383,40.239899993276175],[70.9591,40.23829999327539],[70.9727,40.22239999326783],[70.9758,40.218699993266064],[70.9797,40.2140999932639],[70.9627,40.189699993252276],[70.9293,40.17059999324316],[70.8987,40.16259999323937],[70.85749999999999,40.169599993242684],[70.845,40.17179999324372],[70.8317,40.16819999324202],[70.8311,40.16779999324185],[70.8249,40.16349999323978],[70.80689999999998,40.15619999323625],[70.80249999999998,40.16019999323824],[70.8011,40.16069999323843],[70.7979,40.16189999323903],[70.7921,40.16129999323872],[70.7824,40.15259999323461],[70.7435,40.12709999322244],[70.72980000000001,40.12069999321934],[70.6661,40.10409999321143],[70.63949999999998,40.084899993202264],[70.6348,40.05929999319001],[70.6359,40.02849999317529],[70.62759999999997,39.9938999931587],[70.61389999999999,39.97569999314994],[70.5966,39.96199999314337],[70.5893,39.95839999314162],[70.5765,39.95219999313867],[70.55519999999999,39.946199993135814],[70.5127,39.945099993135244],[70.50089999999999,39.940499993133066],[70.49400000000001,39.931599993128756],[70.48609999999998,39.90959999311822],[70.47709999999998,39.900899993114024],[70.45549999999999,39.906699993116796],[70.4479,39.91989999312313],[70.4508,39.93739999313154],[70.4602,39.956099993140505],[70.4731,39.970099993147265],[70.52100000000002,39.993699993158565],[70.5358,40.015899993169256],[70.5253,40.03369999317776],[70.5023,40.04599999318367],[70.47709999999998,40.05199999318651],[70.4495,40.05519999318801],[70.43669999999999,40.056599993188726],[70.3975,40.06109999319088],[70.3594,40.07399999319707],[70.32409999999999,40.07749999319873],[70.3065,40.08479999320223],[70.2903,40.09819999320864],[70.2777,40.112099993215246],[70.2637,40.12419999322103],[70.2636,40.12429999322105],[70.2417,40.132699993225096],[70.21859999999998,40.13409999322574],[70.19740000000002,40.13309999322527],[70.1689,40.131699993224615],[70.14729999999999,40.13699999322716],[70.00479999999999,40.20869999326132],[69.9809,40.21059999326225],[69.9695,40.21149999326269],[69.57559999999997,40.10349999321114],[69.5587,40.101599993210236],[69.5429,40.10309999321093],[69.5368,40.10779999321319],[69.52599999999997,40.12309999322053],[69.518,40.12509999322145],[69.5134,40.12069999321934],[69.50620000000002,40.096899993208005],[69.48559999999999,40.07369999319688],[69.4698,40.05099999318607],[69.463,40.02539999317381],[69.47119999999998,39.99359999315855],[69.47739999999999,39.98159999315276],[69.47739999999999,39.968099993146296],[69.50040000000001,39.93559999313071],[69.5015,39.92249999312437],[69.49539999999999,39.92079999312357],[69.4054,39.89609999311173],[69.35709999999999,39.959399993142156],[69.35529999999997,39.96099999314289],[69.32800000000002,39.98469999315427],[69.3139,39.986899993155326],[69.3103,39.98469999315427],[69.30999999999999,39.978599993151335],[69.30560000000001,39.96859999314654],[69.28659999999998,39.935799993130786],[69.2576,39.86809999309824],[69.2555,39.86329999309596],[69.2408,39.82889999307937],[69.22970000000001,39.790499993060834],[69.2264,39.750999993041745],[69.23329999999999,39.73259999303284],[69.24840000000002,39.71939999302644],[69.266,39.70769999302081],[69.28009999999999,39.69419999301429],[69.2876,39.677799993006325],[69.2912,39.65889999299719],[69.2862,39.53969999293931],[69.3002,39.51559999292759],[69.33979999999997,39.528099992933704],[69.346,39.53539999293722],[69.3461,39.53579999293741],[69.35209999999998,39.54949999294409],[69.3618,39.55279999294568],[69.38389999999998,39.53609999293755],[69.3913,39.53049999293485],[69.4122,39.525099992932184],[69.4436,39.52889999293406],[69.4507,39.52979999293446],[69.4554,39.53039999293482],[69.47739999999999,39.53039999293482],[69.4961,39.532499992935854],[69.5096,39.5361999929376],[69.51440000000001,39.53749999293823],[69.53139999999999,39.545699992942225],[69.5648,39.568099992953144],[69.5821,39.57359999295582],[69.5835,39.57359999295582],[69.6692,39.57769999295778],[69.7103,39.573999992955976],[69.74989999999998,39.563899992951065],[69.79159999999999,39.545399992942116],[69.8305,39.5361999929376],[69.8557,39.54019999293957],[69.8913,39.54589999294232],[69.9079,39.54849999294359],[69.9486,39.545099992941914],[69.97879999999999,39.534399992936706],[69.98709999999998,39.53949999293921],[69.99189999999999,39.54489999294185],[70.00259999999999,39.556799992947624],[70.0195,39.56859999295336],[70.0404,39.57359999295582],[70.0624,39.5733999929557],[70.0777,39.57069999295439],[70.08289999999998,39.56969999295389],[70.1164,39.554499992946496],[70.1326,39.54999999294433],[70.1491,39.55429999294641],[70.1532,39.55889999294865],[70.15739999999998,39.563899992951065],[70.1851,39.610399992973655],[70.2006,39.61949999297809],[70.2103,39.60959999297326],[70.2147,39.59099999296426],[70.215,39.57419999295608],[70.215,39.573999992955976],[70.2042,39.53809999293851],[70.206,39.52409999293172],[70.2233,39.519099992929284],[70.24090000000001,39.52229999293084],[70.25859999999999,39.53239999293575],[70.3302,39.57299999295551],[70.3432,39.57689999295739],[70.35689999999998,39.574299992956135],[70.3741,39.57099999295452],[70.38419999999999,39.57089999295445],[70.3903,39.573999992955976],[70.39839999999998,39.58179999295979],[70.40149999999998,39.58469999296116],[70.4278,39.58999999296377],[70.4279,39.59009999296382],[70.4422,39.59429999296586],[70.4598,39.59949999296836],[70.47709999999998,39.60119999296921],[70.4815,39.59989999296853],[70.4911,39.5968999929671],[70.5135,39.58149999295961],[70.5261,39.57559999295674],[70.54370000000002,39.574299992956135],[70.5804,39.57959999295873],[70.5977,39.57769999295778],[70.6222,39.56359999295091],[70.6359,39.54249999294063],[70.656,39.49369999291692],[70.6465,39.479899992910205],[70.6203,39.47179999290628],[70.6025,39.47439999290754],[70.589,39.46209999290154],[70.58209999999998,39.439199992890394],[70.5184,39.430599992886165],[70.5052,39.42399999288293],[70.5106,39.403699992873044],[70.4954,39.39469999286861],[70.45610000000002,39.40489999287361],[70.43789999999997,39.40409999287325],[70.4123,39.39219999286744],[70.39619999999996,39.39639999286945],[70.32739999999998,39.38859999286566],[70.30739999999999,39.393399992867984],[70.2872,39.38999999286637],[70.24779999999997,39.3581999928508],[70.21759999999999,39.36019999285176],[70.1968,39.35459999284901],[70.16000000000001,39.335299992839595],[70.1424,39.34389999284377],[70.1162,39.37149999285733],[70.0989,39.375699992859374],[70.0797,39.36689999285504],[70.05969999999999,39.33829999284109],[70.043,39.326599992835334],[70.00829999999998,39.32689999283547],[70.01139999999998,39.3471999928454],[69.9878,39.351499992847515],[69.94560000000001,39.33019999283711],[69.929,39.32559999283484],[69.8902,39.345199992844414],[69.86840000000001,39.34109999284247],[69.86360000000002,39.32209999283313],[69.86919999999999,39.309099992826795],[69.8379,39.30179999282321],[69.8334,39.29349999281914],[69.7973,39.269899992807574],[69.77389999999998,39.277799992811424],[69.7734,39.295199992819974],[69.76120000000002,39.30379999282414],[69.75719999999998,39.320699992832466],[69.7117,39.30479999282468],[69.70039999999999,39.28959999281722],[69.6672,39.27809999281157],[69.67569999999999,39.25339999279947],[69.691,39.24179999279378],[69.6792,39.21389999278013],[69.681,39.17639999276167],[69.6658,39.15409999275072],[69.6521,39.1497999927486],[69.6479,39.11269999273038],[69.6253,39.1082999927282],[69.59639999999999,39.120499992734224],[69.56389999999999,39.09799999272314],[69.54159999999997,39.09469999272147],[69.5338,39.12749999273762],[69.5405,39.15009999274879],[69.5315,39.168699992757915],[69.509,39.18219999276451],[69.483,39.20639999277639],[69.45639999999999,39.19769999277216],[69.38029999999999,39.19009999276838],[69.359,39.18289999276487],[69.3429,39.14909999274824],[69.3504,39.12409999273597],[69.3366,39.10289999272555],[69.3138,39.1003999927243],[69.3043,39.10749999272779],[69.2527,39.103799992725996],[69.2329,39.11539999273171],[69.20619999999998,39.1155999927318],[69.17189999999998,39.09489999272162],[69.1541,39.09499999272166],[69.1382,39.072599992710586],[69.1216,39.05969999270425],[69.0952,39.05019999269954],[69.0732,39.05139999270016],[69.0495,39.043799992696435],[69.01579999999998,39.073599992711095],[68.93670000000002,39.0768999927127],[68.912,39.08919999271878],[68.83229999999999,39.08549999271697],[68.81339999999999,39.08099999271476],[68.7823,39.09289999272063],[68.7467,39.093499992720915],[68.67209999999999,39.073999992711286],[68.6601,39.076299992712435],[68.6301,39.068499992708574],[68.60280000000002,39.07969999271409],[68.5794,39.078699992713645],[68.5664,39.06829999270848],[68.5703,39.049399992699165],[68.5602,39.022499992685894],[68.5659,39.004699992677104],[68.5378,39.003199992676365],[68.52660000000002,38.979899992664855],[68.497,38.97449999266218],[68.4871,38.954299992652246],[68.467,38.9489999926496],[68.44690000000001,38.95339999265176],[68.4093,38.95579999265298],[68.3889,38.94629999264829],[68.3367,38.94219999264625],[68.31439999999998,38.957999992654024],[68.29649999999998,38.95499999265255],[68.2732,38.93959999264496],[68.2538,38.939199992644724],[68.2336,38.92839999263946],[68.2045,38.92339999263692],[68.1817,38.893899992622316],[68.18139999999998,38.87609999261351],[68.2008,38.86709999260905],[68.20129999999999,38.85669999260389],[68.17339999999999,38.84459999259792],[68.1709,38.831399992591386],[68.1639,38.82899999259017],[68.1727,38.845299992598264],[68.17379999999997,38.86739999260923],[68.1637,38.88739999261914],[68.1346,38.920999992635736],[68.10109999999999,38.97929999266453],[68.0852,38.993999992671846],[68.06899999999999,38.99609999267286],[68.0532,38.993999992671846],[68.0363,38.9843999926671],[68.0197,38.97969999266474],[68.0035,38.98209999266593]]],[[[70.5498,41.01519999363983],[70.56600000000002,41.018399993641324],[70.5934,41.00939999363713],[70.6168,40.99349999362978],[70.6305,40.97649999362196],[70.6434,40.95229999361068],[70.6452,40.93509999360274],[70.6251,40.93869999360444],[70.6085,40.95099999361008],[70.579,40.98089999362394],[70.5613,40.99459999363029],[70.5498,41.01519999363983]]]]}},{"type":"Feature","properties":{"ADMIN":"NEPS_UZB","ISO_A3":"AFG","admin_source":"World Bank GAD, artifact wb_boundaries_20260820","admin_units":"Balkh, Samangan, Sar-e-Pul","epm_zone":"NEPS_UZB","epm_country":"AFG","split_rationale":"Import delivery node with no generation; the Hairatan line is Kabul's single largest supply. Polygon = the provinces on that corridor.","grid_area":"NEPS import node from Uzbekistan (Hairatan 220 kV)","model_plants":"(none - import node)"},"geometry":{"type":"Polygon","coordinates":[[[66.8111,35.377799990828294],[66.7867,35.35649999081728],[66.7806,35.33219999080469],[66.75879999999998,35.32179999079928],[66.7285,35.29099999078332],[66.7142,35.25609999076526],[66.67849999999999,35.20219999073734],[66.64209999999999,35.20489999073877],[66.5877,35.186599990729285],[66.57599999999998,35.17189999072169],[66.54619999999998,35.1688999907201],[66.5199,35.17489999072324],[66.5106,35.182799990727304],[66.47110000000002,35.1894999907308],[66.44979999999998,35.181599990726696],[66.42899999999999,35.19309999073265],[66.41800000000002,35.18689999072944],[66.38439999999999,35.187699990729875],[66.37639999999999,35.1778999907248],[66.35360000000001,35.17989999072583],[66.3263,35.20099999073672],[66.3014,35.15399999071241],[66.29670000000002,35.13259999070133],[66.3204,35.10309999068603],[66.3525,35.0830999906757],[66.39099999999999,35.04049999065366],[66.39219999999997,35.030999990648745],[66.42959999999998,35.01409999064001],[66.43980000000002,35.00179999063363],[66.44339999999998,34.96979999061705],[66.4316,34.94929999060647],[66.4169,34.93979999060153],[66.4134,34.91839999059051],[66.4229,34.91269999058753],[66.3913,34.91109999058672],[66.38,34.92539999059414],[66.36490000000002,34.9102999905863],[66.34980000000002,34.91399999058821],[66.328,34.90039999058114],[66.3032,34.907799990585],[66.2864,34.90349999058277],[66.2679,34.90949999058586],[66.2561,34.92279999059274],[66.2426,34.92249999059259],[66.232,34.90069999058134],[66.2359,34.88319999057228],[66.2095,34.87989999057055],[66.1984,34.85879999055967],[66.1852,34.85719999055886],[66.1667,34.87429999056762],[66.1419,34.88139999057135],[66.12580000000001,34.90089999058144],[66.12200000000001,34.93689999060006],[66.1238,34.95529999060958],[66.1356,34.96379999061398],[66.1433,34.9891999906271],[66.1226,35.01339999063965],[66.1271,35.02539999064586],[66.1072,35.05219999065972],[66.10799999999999,35.082799990675554],[66.1166,35.09079999067969],[66.1082,35.110699990690016],[66.08629999999998,35.09979999068436],[66.0519,35.09219999068043],[66.03279999999998,35.095999990682365],[65.997,35.06579999066678],[65.9887,35.078199990673184],[65.9541,35.08289999067561],[65.9333,35.07439999067118],[65.9007,35.08569999067706],[65.8741,35.090399990679494],[65.861,35.101999990685464],[65.8324,35.10269999068585],[65.8278,35.110999990690146],[65.788,35.12849999069925],[65.76829999999998,35.157499990714214],[65.7531,35.16639999071882],[65.7465,35.18369999072779],[65.73209999999999,35.19669999073453],[65.69969999999999,35.20229999073743],[65.679,35.23129999075242],[65.64429999999999,35.25479999076464],[65.6515,35.26979999077234],[65.6337,35.28059999077797],[65.62569999999998,35.26959999077227],[65.59299999999999,35.26009999076731],[65.58599999999998,35.24429999075914],[65.55169999999998,35.24509999075959],[65.5413,35.25309999076369],[65.498,35.24179999075784],[65.48409999999998,35.23169999075263],[65.4447,35.25099999076264],[65.45879999999998,35.25639999076544],[65.46139999999998,35.27329999077418],[65.4527,35.28739999078146],[65.4268,35.30169999078888],[65.41269999999999,35.31729999079695],[65.4103,35.33829999080784],[65.3856,35.348399990813064],[65.3877,35.36359999082095],[65.4133,35.368299990823374],[65.4075,35.38089999082985],[65.38669999999999,35.39179999083556],[65.39799999999998,35.41579999084797],[65.4155,35.41289999084648],[65.41359999999999,35.45579999086866],[65.4258,35.47249999087734],[65.4442,35.47729999087979],[65.4609,35.52109999090251],[65.4675,35.551499990918195],[65.48189999999998,35.558699990921994],[65.49249999999999,35.57779999093186],[65.47429999999999,35.612199990949684],[65.4712,35.62919999095847],[65.4858,35.65869999097373],[65.502,35.652999990970805],[65.5169,35.663899990976425],[65.5199,35.687599990988744],[65.53819999999999,35.705799990998145],[65.5625,35.711299991000985],[65.5701,35.691999990991015],[65.5836,35.68119999098537],[65.6212,35.680199990984875],[65.641,35.695499990992815],[65.6673,35.72639999100881],[65.6762,35.744899991018386],[65.6895,35.74979999102092],[65.6903,35.76469999102864],[65.68109999999999,35.779899991036494],[65.6846,35.7953999910445],[65.7416,35.785899991039614],[65.78349999999999,35.80119999104752],[65.8104,35.82149999105804],[65.8108,35.8410999910682],[65.79319999999998,35.891999991094515],[65.77429999999998,35.915599991106696],[65.77059999999999,35.9423999911206],[65.7565,35.96129999113038],[65.74800000000002,36.002599991151726],[65.7392,36.012799991156996],[65.70249999999999,36.01899999116023],[65.6858,36.003499991152204],[65.66469999999998,35.99639999114852],[65.6634,35.978899991139464],[65.61249999999998,35.979399991139736],[65.60389999999998,35.9864999911434],[65.5639,35.98889999114462],[65.532,35.979399991139736],[65.5141,35.97609999113805],[65.51649999999998,36.00029999115056],[65.5308,36.00899999115503],[65.5435,36.02969999116578],[65.5431,36.051299991176926],[65.5677,36.066799991184965],[65.5591,36.08299999119331],[65.5605,36.11679999121078],[65.5359,36.11709999121093],[65.5305,36.10379999120408],[65.5035,36.0943999911992],[65.48449999999998,36.103999991204205],[65.4792,36.113199991208916],[65.4957,36.14069999122311],[65.49129999999998,36.15619999123118],[65.5115,36.20239999125506],[65.5094,36.22299999126563],[65.51819999999998,36.30179999130634],[65.53819999999999,36.31919999131535],[65.56529999999998,36.323999991317805],[65.57679999999999,36.33199999132196],[65.60509999999998,36.332299991322145],[65.64550000000001,36.340499991326354],[65.666,36.33409999132303],[65.6854,36.34069999132646],[65.7001,36.35749999133513],[65.70449999999998,36.37639999134489],[65.7186,36.38529999134949],[65.73819999999999,36.43169999137344],[65.7637,36.428899991371985],[65.7864,36.445999991380816],[65.84769999999999,36.46519999139071],[65.87049999999999,36.47829999139747],[65.89219999999999,36.478699991397654],[65.914,36.46589999139105],[65.9283,36.472199991394305],[65.96249999999999,36.47169999139404],[66.0013,36.49969999140848],[66.0341,36.5020999914097],[66.08739999999999,36.52029999141907],[66.1125,36.52099999141948],[66.1275,36.51379999141576],[66.2543,36.49179999140444],[66.2903,36.50099999140913],[66.3148,36.51369999141569],[66.3888,36.54489999143182],[66.40459999999999,36.55979999143946],[66.4191,36.56769999144353],[66.4415,36.56719999144326],[66.4968,36.572599991446076],[66.51819999999996,36.581699991450726],[66.52129999999997,36.590699991455374],[66.4913,36.60299999146173],[66.474,36.62549999147334],[66.4466,36.64159999148161],[66.41899999999997,36.644199991482914],[66.4134,36.65429999148816],[66.4248,36.69039999150671],[66.4587,36.73319999152878],[66.46430000000001,36.748799991536785],[66.48729999999999,36.77429999154991],[66.511,36.76599999154565],[66.52009999999999,36.775599991550564],[66.5053,36.78679999155633],[66.53069999999998,36.80529999156588],[66.5751,36.804799991565595],[66.565,36.83469999158093],[66.5533,36.84959999158858],[66.52659999999999,36.90319999161616],[66.51109999999998,36.9117999916206],[66.4971,36.94609999163817],[66.4759,36.96449999164765],[66.4635,36.97819999165467],[66.4628,36.9930999916623],[66.46430000000001,37.03399999168325],[66.4878,37.07959999170662],[66.50399999999999,37.12489999172985],[66.5115,37.13189999173344],[66.48089999999999,37.15289999174417],[66.44370000000002,37.18689999176157],[66.4388,37.19749999176702],[66.4396,37.207299991772054],[66.4371,37.225999991781606],[66.4168,37.26239999180025],[66.3796,37.282399991810415],[66.33369999999998,37.29019999181442],[66.2801,37.3024999918207],[66.2547,37.313699991826425],[66.2596,37.335299991837445],[66.256,37.35109999184556],[66.25,37.35959999184989],[66.2579,37.35689999184852],[66.2744,37.34329999184158],[66.2946,37.331299991835465],[66.3205,37.32909999183431],[66.3896,37.3470999918435],[66.4134,37.34959999184477],[66.4235,37.345699991842764],[66.4269,37.34169999184072],[66.4386,37.32799999183372],[66.4512,37.3229999918312],[66.4613,37.3243999918319],[66.4699,37.329799991834655],[66.4702,37.33009999183484],[66.48499999999999,37.34339999184161],[66.503,37.35559999184785],[66.5196,37.36419999185223],[66.539,37.36899999185468],[66.5646,37.370699991855524],[66.5887,37.368499991854435],[66.58949999999999,37.36819999185428],[66.5978,37.36539999185282],[66.6546,37.346099991843],[66.6668,37.34429999184207],[66.6769,37.343999991841926],[66.6942,37.34339999184161],[66.70459999999999,37.34659999184323],[66.7244,37.360199991850166],[66.7325,37.36259999185138],[66.7349,37.36329999185178],[66.8659,37.36789999185412],[66.9017,37.37459999185753],[66.95769999999999,37.38519999186295],[66.9832,37.384699991862696],[67.00599999999999,37.38429999186247],[67.024,37.37749999185902],[67.02569999999999,37.376499991858495],[67.06389999999999,37.3545999918473],[67.0767,37.35159999184581],[67.0852,37.34959999184477],[67.0974,37.3405999918402],[67.0996,37.33479999183722],[67.1106,37.30589999182242],[67.114,37.29719999181803],[67.1233,37.28199999181025],[67.14349999999999,37.27189999180508],[67.18220000000001,37.25999999179901],[67.1878,37.258299991798104],[67.2079,37.24349999179052],[67.218,37.226199991781655],[67.22519999999999,37.2077999917723],[67.2367,37.1923999917644],[67.259,37.185099991760666],[67.2605,37.185399991760846],[67.2814,37.18869999176248],[67.3195,37.20849999177267],[67.3451,37.21299999177498],[67.3686,37.214599991775785],[67.3696,37.214599991775785],[67.3881,37.21889999177799],[67.39120000000001,37.21959999177834],[67.4113,37.227899991782586],[67.43109999999999,37.23979999178869],[67.4639,37.2662999918022],[67.4822,37.2772999918078],[67.49919999999999,37.281099991809775],[67.5008,37.281499991809966],[67.5031,37.28199999181025],[67.52620000000002,37.27289999180556],[67.5264,37.27229999180531],[67.54489999999998,37.23149999178446],[67.56140000000002,37.21989999177849],[67.5722,37.223199991780184],[67.57319999999999,37.224599991780856],[67.5859,37.24269999179014],[67.59240000000001,37.247199991792435],[67.6331,37.25409999179598],[67.6446,37.25129999179455],[67.6666,37.237899991787685],[67.67740000000002,37.233499991785415],[67.69029999999998,37.23219999178477],[67.72599999999997,37.233499991785415],[67.7465,37.229399991783346],[67.76409999999998,37.220899991778985],[67.776,37.20759999177218],[67.7807,37.188899991762625],[67.7792,37.17779999175696],[67.772,37.12489999172985],[67.77309999999999,37.10999999172223],[67.78539999999998,37.096599991715365],[67.7959,37.09039999171219],[67.808,37.08319999170849],[67.8329,37.0730999917033],[67.87369999999997,37.06519999169929],[67.8782,37.06439999169884],[67.89190000000002,37.05209999169256],[67.8959,37.04529999168906],[67.9024,37.03429999168344],[67.9186,37.01379999167292],[67.9294,37.00629999166909],[67.95279999999998,36.9961999916639],[67.9618,36.98989999166066],[67.9963,36.95569999164309],[68.01109999999998,36.9307999916303],[68.01709999999999,36.9273999916286],[68.0201,36.925699991627674],[68.0249,36.925499991627596],[68.0269,36.925499991627596],[68.0261,36.925199991627416],[68.0531,36.89749999161321],[68.0555,36.83719999158224],[68.06289999999998,36.8176999915722],[68.06609999999999,36.7878999915569],[68.0832,36.75669999154084],[68.089,36.72499999152454],[68.11290000000001,36.706199991514836],[68.1104,36.6936999915084],[68.1205,36.6751999914989],[68.14459999999998,36.6596999914909],[68.1752,36.64689999148434],[68.2006,36.59929999145985],[68.2007,36.59159999145587],[68.1724,36.57839999144903],[68.18849999999999,36.56629999144285],[68.1843,36.54339999143102],[68.1706,36.54439999143153],[68.1632,36.50649999141201],[68.1829,36.45459999138523],[68.207,36.467699991391996],[68.2156,36.463399991389764],[68.2462,36.42129999136803],[68.27149999999999,36.39449999135425],[68.2885,36.370399991341806],[68.32159999999999,36.33429999132315],[68.3699,36.28779999129913],[68.37079999999999,36.27149999129073],[68.38229999999999,36.25719999128334],[68.3972,36.24799999127857],[68.4265,36.24119999127508],[68.4513,36.217899991263046],[68.4905,36.19799999125275],[68.5322,36.1591999912327],[68.51189999999997,36.12919999121722],[68.4592,36.096199991200116],[68.44580000000002,36.07209999118773],[68.4138,36.05369999117818],[68.40779999999998,36.03789999117001],[68.3794,36.022199991161884],[68.3394,35.98659999114344],[68.3396,35.97109999113546],[68.32520000000001,35.9607999911301],[68.32549999999999,35.937199991117936],[68.3323,35.92369999111089],[68.317,35.88779999109233],[68.3205,35.852199991073945],[68.3037,35.82539999106007],[68.28490000000001,35.81119999105269],[68.2734,35.790799991042135],[68.2588,35.790799991042135],[68.2402,35.779899991036494],[68.23159999999999,35.75749999102492],[68.1937,35.73289999101218],[68.172,35.708899990999754],[68.1575,35.704699990997554],[68.14470000000001,35.67819999098386],[68.142,35.652099990970356],[68.1481,35.64119999096466],[68.1781,35.62929999095856],[68.19970000000002,35.61329999095023],[68.21,35.5928999909397],[68.2055,35.584699990935434],[68.17619999999998,35.568399990926984],[68.1546,35.5469999909159],[68.1485,35.53269999090849],[68.1597,35.51599999089987],[68.1307,35.4917999908873],[68.1211,35.49009999088642],[68.1015,35.467999990874986],[68.06669999999998,35.464999990873444],[68.05209999999998,35.45579999086866],[67.99989999999998,35.452799990867156],[67.9578,35.457199990869405],[67.89980000000001,35.44809999086467],[67.88919999999999,35.478699990880536],[67.86599999999999,35.46809999087502],[67.8443,35.47799999088019],[67.81469999999999,35.48169999088207],[67.7979,35.46489999087337],[67.7716,35.451699990866544],[67.72129999999999,35.447299990864266],[67.69249999999998,35.45819999086993],[67.65979999999999,35.458499990870095],[67.6091,35.47349999087788],[67.59700000000001,35.46859999087533],[67.5398,35.47379999087799],[67.5002,35.447799990864546],[67.47849999999998,35.45739999086955],[67.4532,35.45519999086837],[67.436,35.43399999085738],[67.4197,35.42619999085338],[67.3843,35.420299990850275],[67.3504,35.4322999908565],[67.3225,35.45129999086635],[67.23049999999999,35.410399990845164],[67.1381,35.396299990837875],[67.1291,35.388099990833645],[67.0789,35.377599990828145],[67.0187,35.35839999081824],[66.9891,35.35969999081888],[66.9629,35.34569999081166],[66.92859999999999,35.35699999081754],[66.9146,35.3526999908153],[66.8692,35.36179999081999],[66.87669999999999,35.38869999083394],[66.89229999999999,35.40299999084134],[66.8111,35.377799990828294]]]}},{"type":"Feature","properties":{"ADMIN":"NEPS_TKM","ISO_A3":"AFG","admin_source":"World Bank GAD, artifact wb_boundaries_20260820","admin_units":"Badghis, Faryab, Jawzjan","epm_zone":"NEPS_TKM","epm_country":"AFG","split_rationale":"Import delivery node with no generation, on the north-western Turkmen feeds.","grid_area":"NEPS import node from Turkmenistan (Andkhoy / Sheberghan)","model_plants":"(none - import node)"},"geometry":{"type":"Polygon","coordinates":[[[64.73939999999999,35.17799999072484],[64.79759999999999,35.14279999070662],[64.81119999999999,35.12719999069851],[64.8727,35.105399990687246],[64.9036,35.12089999069525],[64.9274,35.09799999068339],[64.92649999999999,35.08229999067531],[64.95129999999999,35.066599990667136],[64.9708,35.067099990667415],[64.98569999999998,35.04819999065768],[64.98199999999999,35.02679999064657],[64.9923,34.99629999063078],[65.03569999999999,34.96339999061378],[65.0552,34.957699990610784],[65.0426,34.91129999058682],[65.0327,34.90269999058236],[65.0336,34.8824999905719],[65.044,34.844799990552396],[65.0217,34.803099990530846],[64.9986,34.78979999052396],[64.99149999999999,34.76919999051335],[64.9587,34.7586999905079],[64.934,34.775199990516434],[64.89809999999999,34.7514999905042],[64.87559999999999,34.748999990502895],[64.86129999999999,34.757999990507585],[64.8521,34.74479999050072],[64.8161,34.742299990499454],[64.7869,34.73439999049536],[64.77939999999998,34.7208999904884],[64.7445,34.7079999904817],[64.7435,34.701399990478286],[64.7035,34.69479999047488],[64.69399999999999,34.704599990479956],[64.647,34.686999990470866],[64.60219999999998,34.70959999048254],[64.552,34.72069999048829],[64.5232,34.709899990482704],[64.49599999999998,34.70869999048209],[64.4784,34.677899990466166],[64.4677,34.67139999046279],[64.43079999999999,34.66689999046046],[64.4094,34.67279999046348],[64.3852,34.66149999045767],[64.3685,34.659899990456836],[64.34339999999999,34.679499990466965],[64.2906,34.67969999046708],[64.27079999999998,34.68719999047099],[64.25719999999998,34.681199990467825],[64.2372,34.69559999047528],[64.21419999999999,34.69479999047488],[64.1906,34.680099990467326],[64.1458,34.64619999044978],[64.12549999999999,34.62039999043647],[64.0982,34.606699990429384],[64.08909999999999,34.609599990430866],[64.0596,34.59409999042288],[64.0301,34.586599990418975],[64.0045,34.55739999040395],[63.9695,34.55469999040255],[63.9618,34.54939999039982],[63.900199999999984,34.54269999039635],[63.8814,34.53419999039196],[63.83950000000001,34.528799990389146],[63.819,34.51349999038129],[63.7721,34.5146999903819],[63.75160000000001,34.53719999039351],[63.7332,34.53769999039374],[63.70000000000001,34.55389999040211],[63.65330000000001,34.56289999040679],[63.6268,34.55019999040021],[63.598899999999986,34.55019999040021],[63.57709999999999,34.55789999040422],[63.5547,34.55139999040084],[63.53039999999999,34.55699999040372],[63.482200000000006,34.57879999041497],[63.463,34.60769999042989],[63.4663,34.61859999043551],[63.4388,34.62209999043734],[63.41929999999999,34.61329999043283],[63.3789,34.62679999043976],[63.3707,34.634199990443584],[63.32249999999999,34.63379999044336],[63.296200000000006,34.62139999043696],[63.23180000000001,34.6438999904486],[63.20029999999999,34.6244999904386],[63.159399999999984,34.62269999043764],[63.0805,34.637799990445465],[63.064899999999994,34.64379999044854],[63.0552,34.609599990430866],[63.0265,34.60849999043031],[63.01479999999999,34.5937999904227],[62.9762,34.56809999040947],[62.9598,34.56439999040752],[62.94249999999999,34.5702999904106],[62.90240000000001,34.5693999904101],[62.8631,34.589399990420475],[62.8501,34.602299990427106],[62.8239,34.600899990426406],[62.7998,34.644699990449],[62.805600000000005,34.657599990455665],[62.827000000000005,34.67249999046336],[62.83969999999999,34.696499990475786],[62.864,34.72309999048954],[62.868799999999986,34.758999990508066],[62.843499999999985,34.759599990508356],[62.8177,34.769899990513714],[62.77859999999998,34.79229999052525],[62.755399999999995,34.8193999905393],[62.77279999999999,34.862199990561415],[62.7862,34.87209999056655],[62.79319999999999,34.89729999057958],[62.778299999999994,34.92089999059176],[62.74609999999999,34.93039999059672],[62.733099999999986,34.91089999058662],[62.7122,34.944199990603856],[62.68819999999999,34.949899990606816],[62.677499999999995,34.96369999061395],[62.6668,34.99409999062962],[62.6732,35.00449999063505],[62.67360000000001,35.03319999064988],[62.694199999999995,35.06289999066524],[62.68899999999999,35.10369999068636],[62.698,35.123699990696714],[62.73359999999999,35.16169999071641],[62.7474,35.16939999072041],[62.7565,35.19009999073109],[62.733,35.21709999074509],[62.732400000000005,35.250399990762325],[62.6994,35.23589999075484],[62.66640000000001,35.23329999075348],[62.623099999999994,35.20999999074141],[62.617699999999985,35.22199999074758],[62.62119999999999,35.22269999074795],[62.69349999999999,35.248299990761254],[62.708600000000004,35.25609999076526],[62.72160000000001,35.266399990770616],[62.73420000000001,35.28069999077801],[62.76050000000001,35.30239999078924],[62.8274,35.3292999908032],[62.9182,35.38819999083368],[62.9851,35.414599990847314],[63.00560000000001,35.41839999084932],[63.047000000000004,35.42139999085086],[63.0668,35.4256999908531],[63.0802,35.43709999085899],[63.086299999999994,35.45569999086865],[63.09059999999999,35.49349999088818],[63.1007,35.52499999090452],[63.097100000000005,35.53539999090993],[63.0805,35.54659999091568],[63.077299999999994,35.558699990921994],[63.074799999999996,35.60979999094845],[63.0766,35.62469999095615],[63.10319999999999,35.645999990967184],[63.1799,35.66649999097779],[63.2076,35.68319999098641],[63.21369999999999,35.69229999099118],[63.21439999999998,35.699299990994795],[63.209399999999995,35.70439999099744],[63.18379999999999,35.71229999100152],[63.177399999999984,35.7168999910039],[63.1633,35.73229999101186],[63.1122,35.76999999103139],[63.1057,35.78279999103804],[63.1014,35.80059999104723],[63.0913,35.81329999105379],[63.08449999999999,35.82609999106044],[63.088799999999985,35.84339999106937],[63.10390000000001,35.856399991076096],[63.1202,35.859399991077645],[63.12520000000001,35.860299991078094],[63.34300000000001,35.85629999107606],[63.43009999999999,35.87099999108363],[63.494,35.8953999910963],[63.511100000000006,35.90189999109965],[63.52579999999999,35.91259999110516],[63.5496,35.939099991118894],[63.5633,35.950599991124804],[63.58199999999999,35.95899999112918],[63.60220000000001,35.96269999113107],[63.7042,35.967799991133724],[63.7256,35.96889999113429],[63.766,35.97729999113864],[63.784499999999994,35.98619999114326],[63.859899999999996,36.0220999911618],[63.889799999999994,36.02969999116578],[63.9218,36.03369999116783],[63.94990000000001,36.02879999116527],[63.954599999999985,36.02739999116456],[63.95629999999999,36.026799991164246],[64.045,35.99879999114976],[64.0455,36.00859999115487],[64.04569999999998,36.0111999911562],[64.0363,36.05859999118071],[64.0363,36.07639999118993],[64.0446,36.09239999119818],[64.05719999999998,36.10529999120483],[64.091,36.12609999121558],[64.09539999999998,36.128799991217],[64.1234,36.145999991225864],[64.15870000000001,36.16019999123324],[64.1958,36.16589999123616],[64.2064,36.164499991235466],[64.21979999999999,36.16269999123453],[64.2372,36.1603999912333],[64.24859999999998,36.156499991231314],[64.2538,36.154799991230426],[64.26599999999999,36.152499991229256],[64.2714,36.15609999123112],[64.27609999999999,36.1591999912327],[64.2919,36.19939999125347],[64.3038,36.21159999125978],[64.3189,36.21969999126395],[64.3373,36.22589999126717],[64.41069999999999,36.23989999127439],[64.44459999999998,36.24989999127959],[64.4777,36.27169999129083],[64.4982,36.29139999130099],[64.5767,36.389599991351666],[64.59429999999999,36.424199991369555],[64.60579999999999,36.46099999138854],[64.6105,36.500899991409085],[64.60759999999999,36.521699991419844],[64.5936,36.55979999143946],[64.58889999999998,36.580199991449966],[64.58889999999998,36.60039999146036],[64.5922,36.62099999147101],[64.60479999999998,36.66049999149136],[64.62129999999999,36.69259999150787],[64.7653,36.90469999161691],[64.77859999999998,36.93839999163423],[64.77469999999998,36.97759999165436],[64.7556,37.05359999169334],[64.7603,37.09259999171331],[64.77859999999998,37.117999991726315],[64.80779999999999,37.13549999173527],[64.9892,37.21359999177528],[65.05449999999999,37.2308999917841],[65.063,37.23319999178527],[65.06659999999998,37.23329999178534],[65.25839999999998,37.23719999178735],[65.5015,37.24219999178988],[65.5368,37.257099991797524],[65.5832,37.30809999182355],[65.6113,37.331099991835316],[65.6239,37.34509999184251],[65.6293,37.36549999185291],[65.629,37.387499991864104],[65.621,37.43039999188602],[65.62569999999998,37.4526999918974],[65.6358,37.474099991908275],[65.6588,37.51029999192674],[65.6689,37.520599991931995],[65.6812,37.526399991934916],[65.6979,37.52939999193645],[65.69839999999999,37.52949999193652],[65.7395,37.528999991936274],[65.7523,37.53759999194061],[65.7528,37.53789999194082],[65.76139999999998,37.578399991961405],[65.7766,37.57299999195864],[65.79639999999999,37.56939999195683],[65.80429999999998,37.56519999195467],[65.8212,37.5351999919394],[65.82909999999998,37.52559999193453],[65.836,37.519099991931206],[65.855,37.507999991925594],[66.0387,37.453099991897595],[66.0797,37.44089999189135],[66.0871,37.43569999188875],[66.0977,37.42839999188498],[66.121,37.40369999187238],[66.12580000000001,37.398699991869826],[66.143,37.385099991862894],[66.16289999999998,37.37699999185875],[66.1632,37.37689999185873],[66.17469999999999,37.37549999185798],[66.2078,37.37689999185873],[66.2186,37.37479999185761],[66.23269999999998,37.36549999185291],[66.23279999999998,37.36539999185282],[66.25,37.35959999184989],[66.256,37.35109999184556],[66.2596,37.335299991837445],[66.2547,37.313699991826425],[66.2801,37.3024999918207],[66.33369999999998,37.29019999181442],[66.3796,37.282399991810415],[66.4168,37.26239999180025],[66.4371,37.225999991781606],[66.4396,37.207299991772054],[66.4388,37.19749999176702],[66.44370000000002,37.18689999176157],[66.48089999999999,37.15289999174417],[66.5115,37.13189999173344],[66.50399999999999,37.12489999172985],[66.4878,37.07959999170662],[66.46430000000001,37.03399999168325],[66.4628,36.9930999916623],[66.4635,36.97819999165467],[66.4759,36.96449999164765],[66.4971,36.94609999163817],[66.51109999999998,36.9117999916206],[66.52659999999999,36.90319999161616],[66.5533,36.84959999158858],[66.565,36.83469999158093],[66.5751,36.804799991565595],[66.53069999999998,36.80529999156588],[66.5053,36.78679999155633],[66.52009999999999,36.775599991550564],[66.511,36.76599999154565],[66.48729999999999,36.77429999154991],[66.46430000000001,36.748799991536785],[66.4587,36.73319999152878],[66.4248,36.69039999150671],[66.4134,36.65429999148816],[66.41899999999997,36.644199991482914],[66.4466,36.64159999148161],[66.474,36.62549999147334],[66.4913,36.60299999146173],[66.52129999999997,36.590699991455374],[66.51819999999996,36.581699991450726],[66.4968,36.572599991446076],[66.4415,36.56719999144326],[66.4191,36.56769999144353],[66.40459999999999,36.55979999143946],[66.3888,36.54489999143182],[66.3148,36.51369999141569],[66.2903,36.50099999140913],[66.2543,36.49179999140444],[66.1275,36.51379999141576],[66.1125,36.52099999141948],[66.08739999999999,36.52029999141907],[66.0341,36.5020999914097],[66.0013,36.49969999140848],[65.96249999999999,36.47169999139404],[65.9283,36.472199991394305],[65.914,36.46589999139105],[65.89219999999999,36.478699991397654],[65.87049999999999,36.47829999139747],[65.84769999999999,36.46519999139071],[65.7864,36.445999991380816],[65.7637,36.428899991371985],[65.73819999999999,36.43169999137344],[65.7186,36.38529999134949],[65.70449999999998,36.37639999134489],[65.7001,36.35749999133513],[65.6854,36.34069999132646],[65.666,36.33409999132303],[65.64550000000001,36.340499991326354],[65.60509999999998,36.332299991322145],[65.57679999999999,36.33199999132196],[65.56529999999998,36.323999991317805],[65.53819999999999,36.31919999131535],[65.51819999999998,36.30179999130634],[65.5094,36.22299999126563],[65.5115,36.20239999125506],[65.49129999999998,36.15619999123118],[65.4957,36.14069999122311],[65.4792,36.113199991208916],[65.48449999999998,36.103999991204205],[65.5035,36.0943999911992],[65.5305,36.10379999120408],[65.5359,36.11709999121093],[65.5605,36.11679999121078],[65.5591,36.08299999119331],[65.5677,36.066799991184965],[65.5431,36.051299991176926],[65.5435,36.02969999116578],[65.5308,36.00899999115503],[65.51649999999998,36.00029999115056],[65.5141,35.97609999113805],[65.532,35.979399991139736],[65.5639,35.98889999114462],[65.60389999999998,35.9864999911434],[65.61249999999998,35.979399991139736],[65.6634,35.978899991139464],[65.66469999999998,35.99639999114852],[65.6858,36.003499991152204],[65.70249999999999,36.01899999116023],[65.7392,36.012799991156996],[65.74800000000002,36.002599991151726],[65.7565,35.96129999113038],[65.77059999999999,35.9423999911206],[65.77429999999998,35.915599991106696],[65.79319999999998,35.891999991094515],[65.8108,35.8410999910682],[65.8104,35.82149999105804],[65.78349999999999,35.80119999104752],[65.7416,35.785899991039614],[65.6846,35.7953999910445],[65.68109999999999,35.779899991036494],[65.6903,35.76469999102864],[65.6895,35.74979999102092],[65.6762,35.744899991018386],[65.6673,35.72639999100881],[65.641,35.695499990992815],[65.6212,35.680199990984875],[65.5836,35.68119999098537],[65.5701,35.691999990991015],[65.5625,35.711299991000985],[65.53819999999999,35.705799990998145],[65.5199,35.687599990988744],[65.5169,35.663899990976425],[65.502,35.652999990970805],[65.4858,35.65869999097373],[65.4712,35.62919999095847],[65.47429999999999,35.612199990949684],[65.49249999999999,35.57779999093186],[65.48189999999998,35.558699990921994],[65.4675,35.551499990918195],[65.4609,35.52109999090251],[65.4442,35.47729999087979],[65.4258,35.47249999087734],[65.41359999999999,35.45579999086866],[65.4155,35.41289999084648],[65.39799999999998,35.41579999084797],[65.38669999999999,35.39179999083556],[65.4075,35.38089999082985],[65.4133,35.368299990823374],[65.3877,35.36359999082095],[65.3856,35.348399990813064],[65.4103,35.33829999080784],[65.41269999999999,35.31729999079695],[65.4268,35.30169999078888],[65.4527,35.28739999078146],[65.46139999999998,35.27329999077418],[65.45879999999998,35.25639999076544],[65.4447,35.25099999076264],[65.4253,35.242399990758166],[65.389,35.20549999073908],[65.3637,35.19249999073235],[65.3272,35.1939999907331],[65.31419999999999,35.1842999907281],[65.29319999999998,35.197799990735106],[65.2841,35.19429999073325],[65.27519999999998,35.16709999071919],[65.2539,35.17879999072524],[65.25789999999999,35.198299990735315],[65.26909999999998,35.20759999074016],[65.2599,35.233699990753664],[65.2308,35.24399999075904],[65.2151,35.22599999074968],[65.1936,35.22269999074795],[65.16649999999998,35.2480999907611],[65.1502,35.24609999076008],[65.138,35.2609999907678],[65.1214,35.26259999076865],[65.0597,35.22699999075022],[65.0438,35.232799990753215],[65.01699999999998,35.22019999074669],[65.014,35.238599990756185],[64.9655,35.23309999075333],[64.95560000000002,35.22609999074973],[64.91709999999999,35.218899990745996],[64.91319999999999,35.229099990751315],[64.87199999999999,35.237699990755736],[64.86269999999999,35.24479999075938],[64.8197,35.21799999074555],[64.8128,35.22719999075027],[64.7479,35.21759999074533],[64.73690000000002,35.218999990746035],[64.7021,35.20799999074036],[64.73939999999999,35.17799999072484]]]}},{"type":"Feature","properties":{"ADMIN":"NEPS_HERAT","ISO_A3":"AFG","admin_source":"World Bank GAD, artifact wb_boundaries_20260820","admin_units":"Hirat","epm_zone":"NEPS_HERAT","epm_country":"AFG","split_rationale":"Herat is not synchronised with the rest of Afghanistan: it is a separate island fed from Iran (Islam Qala) and Turkmenistan, with Salma dam as its only local plant - hence its own zone.","grid_area":"Herat island","model_plants":"Salma, Iran import"},"geometry":{"type":"Polygon","coordinates":[[[60.9122,33.50159998986203],[60.92089999999999,33.514199989868416],[60.911899999999996,33.528499989875705],[60.896300000000004,33.54009998988164],[60.895,33.541099989882156],[60.8795,33.54869998988601],[60.846000000000004,33.55579998988965],[60.80749999999998,33.5580999898908],[60.734,33.55479998988912],[60.655599999999986,33.559999989891786],[60.6409,33.56509998989441],[60.5749,33.58789998990601],[60.51189999999998,33.63839998993179],[60.48669999999999,33.711399989969095],[60.495000000000005,33.744199989985866],[60.525999999999996,33.80209999001552],[60.52810000000001,33.84149999003567],[60.4993,33.99429999011402],[60.48669999999999,34.094299990165375],[60.4928,34.138999990188346],[60.52089999999998,34.18619999021261],[60.5522,34.22009999023006],[60.5875,34.25029999024564],[60.63499999999999,34.271199990256385],[60.6505,34.28539999026366],[60.6437,34.306699990274645],[60.68280000000001,34.30859999027563],[60.702600000000004,34.3095999902762],[60.8906,34.318899990280954],[60.87910000000001,34.337599990290556],[60.8514,34.36749999030596],[60.84949999999999,34.36959999030708],[60.805,34.417499990331756],[60.7891,34.443499990345174],[60.7794,34.45509999035115],[60.767199999999995,34.46409999035581],[60.74269999999999,34.47339999036061],[60.734,34.48039999036419],[60.72540000000001,34.504299990376566],[60.718900000000005,34.51119999038008],[60.71029999999999,34.51519999038213],[60.6998,34.516399990382766],[60.714199999999984,34.5373999903936],[60.73940000000001,34.547999990399035],[60.79419999999999,34.554099990402214],[60.818999999999996,34.5598999904052],[60.8384,34.5708999904109],[60.883799999999994,34.613699990432984],[60.89529999999998,34.62839999044057],[60.909000000000006,34.63469999044383],[60.92269999999999,34.63659999044484],[60.936,34.63569999044436],[60.9475,34.637999990445536],[60.958000000000006,34.649399990451435],[60.96190000000001,34.673799990464026],[60.9587,34.699499990477314],[60.95979999999999,34.72309999048954],[60.97809999999999,34.740599990498566],[61.00979999999999,34.760899990509024],[61.02919999999999,34.78969999052393],[61.034600000000005,34.80629999053247],[61.06559999999999,34.814699990536845],[61.07349999999999,34.8475999905539],[61.07390000000001,34.850399990555296],[61.07780000000001,34.88299999057216],[61.071699999999986,34.92059999059164],[61.07280000000001,34.925499990594155],[61.074600000000004,34.9330999905981],[61.088999999999984,34.951999990607845],[61.095499999999994,34.980999990622884],[61.108999999999995,35.016199990641056],[61.10989999999999,35.01849999064229],[61.1123,35.0349999906508],[61.11429999999999,35.04819999065768],[61.11559999999999,35.05689999066214],[61.116,35.05989999066369],[61.12319999999998,35.074199990671076],[61.13439999999999,35.0870999906778],[61.1473,35.10209999068554],[61.1369,35.11119999069026],[61.1351,35.11939999069447],[61.13979999999999,35.13969999070501],[61.10159999999998,35.183199990727516],[61.099,35.18799999073003],[61.09619999999999,35.1931999907327],[61.1023,35.197699990735],[61.1123,35.20189999073722],[61.1124,35.20199999073724],[61.1124,35.202099990737324],[61.11279999999999,35.2116999907423],[61.1121,35.213099990743],[61.10809999999999,35.22129999074724],[61.1023,35.225599990749465],[61.1023,35.25659999076552],[61.108399999999996,35.2779999907766],[61.11440000000001,35.28199999077868],[61.12279999999999,35.28769999078164],[61.1441,35.288099990781824],[61.16779999999999,35.29139999078356],[61.186899999999994,35.30039999078822],[61.18959999999999,35.30619999079124],[61.1952,35.318199990797424],[61.19049999999999,35.36959999082404],[61.19200000000001,35.37599999082734],[61.1934,35.38209999083049],[61.1952,35.390199990834724],[61.20100000000001,35.40119999084041],[61.22179999999999,35.424199990852316],[61.22240000000001,35.42519999085283],[61.2272,35.434499990857624],[61.2359,35.46589999087394],[61.247,35.48499999088383],[61.261199999999995,35.49909999089109],[61.270399999999995,35.50839999089591],[61.28379999999999,35.52729999090571],[61.28989999999999,35.547999990916416],[61.28770000000001,35.56829999092695],[61.27740000000001,35.60749999094724],[61.27689999999998,35.60929999094818],[61.2697,35.61859999095298],[61.2834,35.62259999095508],[61.335599999999985,35.63089999095934],[61.344199999999994,35.63089999095934],[61.351400000000005,35.6278999909578],[61.3563,35.62429999095594],[61.36079999999998,35.620999990954246],[61.351400000000005,35.60709999094701],[61.36399999999999,35.59819999094243],[61.36759999999999,35.59789999094227],[61.37489999999998,35.592699990939614],[61.376999999999995,35.5911999909388],[61.383499999999984,35.58649999093639],[61.3838,35.58209999093408],[61.3799,35.571299990928495],[61.3802,35.567299990926415],[61.39320000000001,35.55359999091932],[61.40109999999999,35.54989999091741],[61.4126,35.548299990916554],[61.41729999999998,35.54659999091568],[61.4278,35.542899990913796],[61.439,35.534399990909364],[61.447599999999994,35.52789999090604],[61.4892,35.49669999088989],[61.492599999999996,35.49419999088856],[61.53859999999999,35.45229999086685],[61.604899999999994,35.430699990855686],[61.7395,35.41379999084696],[61.7534,35.414599990847314],[61.79889999999999,35.41749999084884],[61.9195,35.45179999086665],[61.95469999999999,35.45129999086635],[61.9778,35.45099999086621],[62.0074,35.43899999085999],[62.03359999999999,35.42389999085213],[62.1362,35.341399990809464],[62.164,35.326199990801555],[62.219,35.30629999079126],[62.23379999999998,35.29369999078474],[62.2442,35.27809999077665],[62.25110000000001,35.26039999076751],[62.2525,35.24279999075839],[62.25110000000001,35.20239999073746],[62.25679999999999,35.187099990729514],[62.27559999999999,35.150999990710886],[62.28640000000001,35.140599990705475],[62.29910000000001,35.146299990708414],[62.301799999999986,35.14759999070912],[62.39940000000001,35.25589999076518],[62.4318,35.28069999077801],[62.4588,35.281799990778595],[62.4707,35.272799990773905],[62.52469999999999,35.232199990752896],[62.5355,35.22729999075036],[62.566099999999985,35.23069999075211],[62.59559999999998,35.22059999074687],[62.604599999999984,35.21939999074626],[62.617699999999985,35.22199999074758],[62.623099999999994,35.20999999074141],[62.66640000000001,35.23329999075348],[62.6994,35.23589999075484],[62.732400000000005,35.250399990762325],[62.733,35.21709999074509],[62.7565,35.19009999073109],[62.7474,35.16939999072041],[62.73359999999999,35.16169999071641],[62.698,35.123699990696714],[62.68899999999999,35.10369999068636],[62.694199999999995,35.06289999066524],[62.67360000000001,35.03319999064988],[62.6732,35.00449999063505],[62.6668,34.99409999062962],[62.677499999999995,34.96369999061395],[62.68819999999999,34.949899990606816],[62.7122,34.944199990603856],[62.733099999999986,34.91089999058662],[62.74609999999999,34.93039999059672],[62.778299999999994,34.92089999059176],[62.79319999999999,34.89729999057958],[62.7862,34.87209999056655],[62.77279999999999,34.862199990561415],[62.755399999999995,34.8193999905393],[62.77859999999998,34.79229999052525],[62.8177,34.769899990513714],[62.843499999999985,34.759599990508356],[62.868799999999986,34.758999990508066],[62.864,34.72309999048954],[62.83969999999999,34.696499990475786],[62.827000000000005,34.67249999046336],[62.805600000000005,34.657599990455665],[62.7998,34.644699990449],[62.8239,34.600899990426406],[62.8501,34.602299990427106],[62.8631,34.589399990420475],[62.90240000000001,34.5693999904101],[62.94249999999999,34.5702999904106],[62.9598,34.56439999040752],[62.9762,34.56809999040947],[63.01479999999999,34.5937999904227],[63.0265,34.60849999043031],[63.0552,34.609599990430866],[63.064899999999994,34.64379999044854],[63.0805,34.637799990445465],[63.159399999999984,34.62269999043764],[63.20029999999999,34.6244999904386],[63.23180000000001,34.6438999904486],[63.296200000000006,34.62139999043696],[63.32249999999999,34.63379999044336],[63.3707,34.634199990443584],[63.3789,34.62679999043976],[63.41929999999999,34.61329999043283],[63.4388,34.62209999043734],[63.4663,34.61859999043551],[63.463,34.60769999042989],[63.482200000000006,34.57879999041497],[63.53039999999999,34.55699999040372],[63.5547,34.55139999040084],[63.57709999999999,34.55789999040422],[63.598899999999986,34.55019999040021],[63.6268,34.55019999040021],[63.65330000000001,34.56289999040679],[63.70000000000001,34.55389999040211],[63.7332,34.53769999039374],[63.75160000000001,34.53719999039351],[63.7721,34.5146999903819],[63.819,34.51349999038129],[63.83950000000001,34.528799990389146],[63.8814,34.53419999039196],[63.900199999999984,34.54269999039635],[63.9618,34.54939999039982],[63.9695,34.55469999040255],[64.0045,34.55739999040395],[64.0301,34.586599990418975],[64.0596,34.59409999042288],[64.08909999999999,34.609599990430866],[64.0982,34.606699990429384],[64.12549999999999,34.62039999043647],[64.1458,34.64619999044978],[64.1906,34.680099990467326],[64.21419999999999,34.69479999047488],[64.2372,34.69559999047528],[64.25719999999998,34.681199990467825],[64.27079999999998,34.68719999047099],[64.2906,34.67969999046708],[64.34339999999999,34.679499990466965],[64.3685,34.659899990456836],[64.3852,34.66149999045767],[64.4094,34.67279999046348],[64.43079999999999,34.66689999046046],[64.4677,34.67139999046279],[64.47529999999999,34.64579999044959],[64.45939999999999,34.62429999043845],[64.4514,34.59619999042395],[64.4559,34.5640999904074],[64.4423,34.54339999039671],[64.4701,34.51729999038325],[64.47829999999999,34.50239999037557],[64.4551,34.5078999903784],[64.4492,34.524499990386964],[64.40479999999998,34.52899999038929],[64.38539999999999,34.518099990383625],[64.3777,34.49129999036981],[64.3585,34.48819999036821],[64.3363,34.502799990375756],[64.3201,34.495999990372226],[64.3032,34.47269999036024],[64.28590000000001,34.47789999036289],[64.2729,34.47059999035912],[64.2388,34.47679999036233],[64.2282,34.48649999036736],[64.1868,34.469599990358596],[64.1896,34.44199999034441],[64.20179999999999,34.42359999033492],[64.1905,34.40009999032281],[64.19409999999999,34.36309999030371],[64.1639,34.357699990300944],[64.13600000000001,34.35789999030105],[64.132,34.328799990286036],[64.1394,34.315499990279235],[64.14259999999999,34.28209999026201],[64.125,34.27469999025817],[64.0935,34.290099990266114],[64.0693,34.28729999026467],[64.0695,34.27259999025709],[64.0258,34.266199990253796],[64.00599999999999,34.244599990242676],[63.99,34.2435999902422],[63.9843,34.22399999023208],[63.97359999999999,34.226999990233594],[63.939800000000005,34.217899990228936],[63.91259999999998,34.226799990233495],[63.8852,34.24589999024338],[63.861,34.24309999024189],[63.8461,34.228899990234595],[63.826600000000006,34.23939999024],[63.815200000000004,34.2329999902367],[63.7939,34.25869999024994],[63.780199999999994,34.26749999025447],[63.72910000000001,34.27459999025817],[63.70919999999999,34.28379999026288],[63.6666,34.28429999026313],[63.6366,34.27649999025911],[63.616800000000005,34.278799990260296],[63.57659999999999,34.27449999025807],[63.5644,34.27859999026017],[63.53909999999998,34.27099999025628],[63.483599999999996,34.27399999025782],[63.48120000000001,34.26109999025115],[63.5089,34.24509999024293],[63.50599999999999,34.223699990231914],[63.4921,34.20969999022472],[63.483,34.1833999902112],[63.4862,34.16699999020275],[63.473200000000006,34.15049999019425],[63.477699999999984,34.11979999017849],[63.432900000000004,34.10669999017174],[63.41340000000001,34.11269999017484],[63.4102,34.09019999016331],[63.392199999999995,34.081899990159016],[63.370099999999994,34.058599990147016],[63.3613,34.03509999013496],[63.40549999999999,34.00649999012032],[63.4389,34.007899990121],[63.45850000000001,33.990599990112116],[63.461800000000004,33.959499990096155],[63.5298,33.90319999006731],[63.57430000000001,33.89599999006359],[63.5798,33.887999990059505],[63.54260000000001,33.853199990041674],[63.5585,33.84039999003515],[63.5597,33.826199990027845],[63.54900000000001,33.81569999002247],[63.50309999999999,33.80079999001485],[63.516099999999994,33.77779999000308],[63.490599999999986,33.76229998999513],[63.51959999999999,33.70499998996585],[63.50160000000001,33.670799989948314],[63.48599999999999,33.6565999899411],[63.466499999999996,33.658499989942065],[63.45389999999998,33.64729998993632],[63.429999999999986,33.655299989940445],[63.40379999999999,33.651699989938614],[63.375599999999984,33.65339998993945],[63.34559999999998,33.63669998993093],[63.3244,33.638499989931866],[63.2906,33.627999989926465],[63.2314,33.61479998991975],[63.22379999999998,33.59339998990881],[63.201800000000006,33.588199989906165],[63.1986,33.571199989897494],[63.2214,33.55409998988876],[63.2244,33.54379998988356],[63.245799999999996,33.52459998987372],[63.26179999999999,33.52339998987309],[63.28449999999999,33.49729998985982],[63.2987,33.49199998985713],[63.30040000000001,33.474999989848484],[63.283699999999996,33.45869998984015],[63.284199999999984,33.448599989835024],[63.221199999999996,33.46899998984542],[63.19459999999999,33.464699989843204],[63.168199999999985,33.47609998984901],[63.1506,33.46599998984386],[63.1158,33.469199989845514],[63.101099999999995,33.450199989835845],[63.1183,33.4317999898265],[63.1393,33.3960999898083],[63.123299999999986,33.37729998979876],[63.1246,33.3603999897901],[63.1507,33.3269999897732],[63.14149999999999,33.309499989764284],[63.077699999999986,33.29459998975674],[63.05,33.2791999897489],[63.044799999999995,33.247699989732915],[63.05559999999999,33.22889998972341],[63.08979999999999,33.20989998971376],[63.09039999999999,33.16359998969031],[63.10029999999998,33.1548999896859],[63.0954,33.140099989678404],[63.073899999999995,33.132999989674815],[63.043399999999984,33.15069998968379],[63.02389999999999,33.149699989683256],[63.0093,33.15859998968777],[62.98210000000001,33.13469998967565],[62.93050000000001,33.12969998967314],[62.925000000000004,33.12059998966851],[62.904099999999985,33.12299998966976],[62.9072,33.15199998968448],[62.842499999999994,33.13919998967796],[62.82029999999999,33.14039998967859],[62.79189999999999,33.129399989673],[62.7854,33.11129998966383],[62.76589999999999,33.11799998966724],[62.75280000000001,33.112199989664326],[62.731100000000005,33.12389998967023],[62.712300000000006,33.11499998966567],[62.7155,33.08729998965169],[62.70459999999999,33.073299989644624],[62.6469,33.05639998963608],[62.6205,33.056999989636374],[62.5842,33.03869998962712],[62.549099999999996,33.008799989612044],[62.529399999999995,33.00309998960919],[62.506,33.02999998962276],[62.495499999999986,33.051999989633856],[62.470800000000004,33.042999989629315],[62.4529,33.04249998962909],[62.408799999999985,33.014199989614795],[62.400400000000005,32.99409998960463],[62.379200000000004,32.98639998960078],[62.352799999999995,32.98709998960109],[62.3146,32.98379998959943],[62.2745,32.9961999896057],[62.19549999999999,32.972299989593644],[62.174699999999994,32.963199989589036],[62.162,32.9429999895789],[62.14159999999998,32.93089998957277],[62.1058,32.90179998955813],[62.0941,32.90359998955901],[62.0817,32.88379998954909],[62.0407,32.87219998954319],[62.015999999999984,32.8869999895507],[62.0241,32.9083999895614],[62.01289999999999,32.911099989562786],[61.98069999999999,32.897499989555946],[61.97019999999999,32.90349998955897],[61.9543,32.893599989553984],[61.91290000000001,32.9207999895677],[61.92219999999999,32.961099989587986],[61.922700000000006,32.99399998960459],[61.9083,32.99379998960447],[61.88020000000001,32.967699989591324],[61.8395,32.94559998958022],[61.835199999999986,32.92269998956862],[61.807,32.90709998956079],[61.7882,32.88529998954983],[61.789999999999985,32.87369998954399],[61.736599999999996,32.88589998955014],[61.731999999999985,32.86879998954152],[61.711899999999986,32.8512999895327],[61.6458,32.85529998953469],[61.5831,32.8534999895338],[61.583000000000006,32.8647999895395],[61.651299999999985,32.952599989583724],[61.6688,32.97929998959719],[61.678999999999995,33.014099989614756],[61.70209999999999,33.0330999896243],[61.7276,33.041399989628545],[61.72849999999999,33.057999989636926],[61.73930000000001,33.0708999896434],[61.7525,33.068199989642025],[61.7674,33.092499989654335],[61.78959999999999,33.098999989657614],[61.798,33.12589998967121],[61.8138,33.13069998967364],[61.821299999999994,33.14399998968038],[61.85799999999999,33.15029998968356],[61.871900000000004,33.16479998969091],[61.8475,33.17609998969663],[61.822599999999994,33.193399989705405],[61.81639999999999,33.224199989720994],[61.806299999999986,33.23509998972652],[61.77060000000001,33.253599989735925],[61.75729999999999,33.27819998974837],[61.761099999999985,33.28929998975401],[61.81199999999999,33.33009998977474],[61.84129999999998,33.378999989799595],[61.83529999999999,33.40459998981264],[61.8418,33.424199989822576],[61.867899999999985,33.43969998983048],[61.8584,33.478799989850415],[61.8403,33.48559998985385],[61.778000000000006,33.48489998985352],[61.733399999999996,33.49729998985982],[61.70339999999999,33.490799989856484],[61.6938,33.494099989858164],[61.65459999999999,33.490299989856254],[61.652599999999985,33.50409998986326],[61.6143,33.513799989868225],[61.56389999999999,33.51619998986943],[61.535799999999995,33.512199989867426],[61.51279999999998,33.49599998985915],[61.49909999999999,33.47689998984943],[61.460499999999996,33.45879998984022],[61.42589999999999,33.457399989839466],[61.3892,33.45129998983641],[61.363299999999995,33.45489998983823],[61.25569999999999,33.440599989830936],[61.20969999999999,33.44019998983075],[61.196499999999986,33.43289998982703],[61.1366,33.44709998983427],[61.1184,33.461899989841804],[61.0861,33.47979998985088],[61.044799999999995,33.47979998985088],[61.01100000000001,33.48519998985365],[60.96269999999999,33.49879998986059],[60.9285,33.49719998985976],[60.909000000000006,33.50059998986153],[60.9122,33.50159998986203]]]}},{"type":"Feature","properties":{"ADMIN":"KGZ_S","ISO_A3":"KGZ","admin_source":"World Bank GAD, artifact wb_boundaries_20260820","admin_units":"Batken, Jalal-Abad, Osh","epm_zone":"KGZ_S","epm_country":"KGZ","split_rationale":"Hydro-rich half: the Toktogul cascade and the Datka hub that exports to Uzbekistan and Tajikistan.","grid_area":"Kyrgyz southern grid (Naryn cascade / Datka)","model_plants":"Toktogul, Kurpsai, Tash-Kumyr, Shamaldy-Say, Uch-Kurgan"},"geometry":{"type":"Polygon","coordinates":[[[70.7053,39.458499992899796],[70.69960000000002,39.47209999290641],[70.69019999999999,39.4790999929098],[70.6668,39.4868999929136],[70.656,39.493599992916856],[70.6359,39.54249999294063],[70.6222,39.56359999295091],[70.5977,39.57769999295778],[70.5804,39.57959999295873],[70.54370000000002,39.574299992956135],[70.5261,39.57559999295674],[70.5135,39.58149999295961],[70.4911,39.5968999929671],[70.4815,39.59989999296853],[70.47709999999998,39.60119999296921],[70.4598,39.59949999296836],[70.4422,39.59429999296586],[70.4279,39.59009999296382],[70.4278,39.58999999296377],[70.40149999999998,39.58469999296116],[70.39839999999998,39.58179999295979],[70.3903,39.573999992955976],[70.38419999999999,39.57089999295445],[70.3741,39.57099999295452],[70.35689999999998,39.574299992956135],[70.3432,39.57689999295739],[70.3302,39.57299999295551],[70.25859999999999,39.53239999293575],[70.24090000000001,39.52229999293084],[70.2233,39.519099992929284],[70.206,39.52409999293172],[70.2042,39.53809999293851],[70.215,39.573999992955976],[70.215,39.57419999295608],[70.2147,39.59099999296426],[70.2103,39.60959999297326],[70.2006,39.61949999297809],[70.1851,39.610399992973655],[70.15739999999998,39.563899992951065],[70.1532,39.55889999294865],[70.1491,39.55429999294641],[70.1326,39.54999999294433],[70.1164,39.554499992946496],[70.08289999999998,39.56969999295389],[70.0777,39.57069999295439],[70.0624,39.5733999929557],[70.0404,39.57359999295582],[70.0195,39.56859999295336],[70.00259999999999,39.556799992947624],[69.99189999999999,39.54489999294185],[69.98709999999998,39.53949999293921],[69.97879999999999,39.534399992936706],[69.9486,39.545099992941914],[69.9079,39.54849999294359],[69.8913,39.54589999294232],[69.8557,39.54019999293957],[69.8305,39.5361999929376],[69.79159999999999,39.545399992942116],[69.74989999999998,39.563899992951065],[69.7103,39.573999992955976],[69.6692,39.57769999295778],[69.5835,39.57359999295582],[69.5821,39.57359999295582],[69.5648,39.568099992953144],[69.53139999999999,39.545699992942225],[69.51440000000001,39.53749999293823],[69.5096,39.5361999929376],[69.4961,39.532499992935854],[69.47739999999999,39.53039999293482],[69.4554,39.53039999293482],[69.4507,39.52979999293446],[69.4436,39.52889999293406],[69.4122,39.525099992932184],[69.3913,39.53049999293485],[69.38389999999998,39.53609999293755],[69.3618,39.55279999294568],[69.35209999999998,39.54949999294409],[69.3461,39.53579999293741],[69.346,39.53539999293722],[69.33979999999997,39.528099992933704],[69.3002,39.51559999292759],[69.2862,39.53969999293931],[69.2912,39.65889999299719],[69.2876,39.677799993006325],[69.28009999999999,39.69419999301429],[69.266,39.70769999302081],[69.24840000000002,39.71939999302644],[69.23329999999999,39.73259999303284],[69.2264,39.750999993041745],[69.22970000000001,39.790499993060834],[69.2408,39.82889999307937],[69.2555,39.86329999309596],[69.2576,39.86809999309824],[69.28659999999998,39.935799993130786],[69.30560000000001,39.96859999314654],[69.30999999999999,39.978599993151335],[69.3103,39.98469999315427],[69.3139,39.986899993155326],[69.32800000000002,39.98469999315427],[69.35529999999997,39.96099999314289],[69.35709999999999,39.959399993142156],[69.4054,39.89609999311173],[69.49539999999999,39.92079999312357],[69.5015,39.92249999312437],[69.50040000000001,39.93559999313071],[69.47739999999999,39.968099993146296],[69.47739999999999,39.98159999315276],[69.47119999999998,39.99359999315855],[69.463,40.02539999317381],[69.4698,40.05099999318607],[69.48559999999999,40.07369999319688],[69.50620000000002,40.096899993208005],[69.5134,40.12069999321934],[69.518,40.12509999322145],[69.52599999999997,40.12309999322053],[69.5368,40.10779999321319],[69.5429,40.10309999321093],[69.5587,40.101599993210236],[69.57559999999997,40.10349999321114],[69.9695,40.21149999326269],[69.9809,40.21059999326225],[70.00479999999999,40.20869999326132],[70.14729999999999,40.13699999322716],[70.1689,40.131699993224615],[70.19740000000002,40.13309999322527],[70.21859999999998,40.13409999322574],[70.2417,40.132699993225096],[70.2636,40.12429999322105],[70.2637,40.12419999322103],[70.2777,40.112099993215246],[70.2903,40.09819999320864],[70.3065,40.08479999320223],[70.32409999999999,40.07749999319873],[70.3594,40.07399999319707],[70.3975,40.06109999319088],[70.43669999999999,40.056599993188726],[70.4495,40.05519999318801],[70.47709999999998,40.05199999318651],[70.5023,40.04599999318367],[70.5253,40.03369999317776],[70.5358,40.015899993169256],[70.52100000000002,39.993699993158565],[70.4731,39.970099993147265],[70.4602,39.956099993140505],[70.4508,39.93739999313154],[70.4479,39.91989999312313],[70.45549999999999,39.906699993116796],[70.47709999999998,39.900899993114024],[70.48609999999998,39.90959999311822],[70.49400000000001,39.931599993128756],[70.50089999999999,39.940499993133066],[70.5127,39.945099993135244],[70.55519999999999,39.946199993135814],[70.5765,39.95219999313867],[70.5893,39.95839999314162],[70.5966,39.96199999314337],[70.61389999999999,39.97569999314994],[70.62759999999997,39.9938999931587],[70.6359,40.02849999317529],[70.6348,40.05929999319001],[70.63949999999998,40.084899993202264],[70.6661,40.10409999321143],[70.72980000000001,40.12069999321934],[70.7435,40.12709999322244],[70.7824,40.15259999323461],[70.7921,40.16129999323872],[70.7979,40.16189999323903],[70.8011,40.16069999323843],[70.80249999999998,40.16019999323824],[70.80689999999998,40.15619999323625],[70.8249,40.16349999323978],[70.8311,40.16779999324185],[70.8317,40.16819999324202],[70.845,40.17179999324372],[70.85749999999999,40.169599993242684],[70.8987,40.16259999323937],[70.9293,40.17059999324316],[70.9627,40.189699993252276],[70.9797,40.2140999932639],[70.9758,40.218699993266064],[70.9591,40.23829999327539],[70.9776,40.25279999328233],[70.9951,40.26649999328881],[71.05309999999999,40.27419999329246],[71.1694,40.261299993286315],[71.20110000000001,40.26379999328753],[71.2151,40.28069999329552],[71.2241,40.302899993306106],[71.23959999999998,40.320999993314665],[71.25399999999999,40.324299993316224],[71.2641,40.31819999331334],[71.2727,40.30769999330836],[71.2831,40.29839999330397],[71.29719999999999,40.293799993301754],[71.3137,40.292699993301284],[71.34510000000002,40.29509999330238],[71.3652,40.29409999330192],[71.39649999999999,40.27149999329121],[71.4415,40.26089999328614],[71.4509,40.24889999328045],[71.4588,40.23419999327344],[71.47720000000001,40.22069999326704],[71.4984,40.2104999932622],[71.5211,40.203699993258944],[71.5683,40.196499993255514],[71.59309999999999,40.19839999325644],[71.6017,40.20999999326195],[71.6018,40.210099993261984],[71.60389999999998,40.22729999327014],[71.61,40.24629999327923],[71.61989999999999,40.253099993282405],[71.62840000000001,40.25889999328519],[71.646,40.24699999327952],[71.6601,40.2243999932688],[71.66729999999998,40.20409999325912],[71.66689999999998,40.162999993239545],[71.673,40.14789999323236],[71.69319999999999,40.141099993229105],[71.7072,40.144299993230625],[71.7598,40.16799999324192],[71.7737,40.17829999324681],[71.776,40.179899993247616],[71.7868,40.19349999325406],[71.80549999999998,40.22529999326926],[71.8365,40.249199993280584],[71.8402,40.24929999328064],[71.87279999999998,40.25079999328135],[71.9124,40.243499993277844],[71.9367,40.24189999327714],[71.9517,40.24089999327667],[71.96129999999998,40.242799993277565],[71.96929999999999,40.24449999327835],[71.9891,40.239299993275864],[72.0049,40.23729999327497],[72.019,40.23999999327622],[72.02550000000001,40.250899993281415],[72.0197,40.25879999328516],[72.006,40.26579999328849],[71.99609999999998,40.26929999329015],[71.97719999999998,40.27609999329333],[71.9581,40.286499993298285],[71.95090000000002,40.30159999330551],[71.95669999999998,40.315599993312155],[71.96289999999999,40.31799999331326],[72.0431,40.34939999332818],[72.06970000000001,40.36939999333758],[72.0841,40.39729999335084],[72.08630000000001,40.40379999335387],[72.09029999999997,40.41599999335967],[72.09929999999999,40.42639999336456],[72.10159999999999,40.427299993365004],[72.16589999999998,40.454399993377805],[72.1828,40.45779999337941],[72.2361,40.45979999338034],[72.2482,40.45879999337989],[72.2541,40.45829999337967],[72.25939999999999,40.45509999337816],[72.2638,40.45249999337688],[72.25949999999999,40.44239999337214],[72.2451,40.4386999933704],[72.2281,40.437499993369805],[72.2166,40.43489999336862],[72.21159999999998,40.42559999336422],[72.2245,40.422499993362756],[72.2695,40.42409999336352],[72.2843,40.419799993361494],[72.34329999999999,40.39339999334898],[72.3703,40.385599993345316],[72.39410000000001,40.389399993347084],[72.4044,40.400299993352284],[72.412,40.408399993356106],[72.4143,40.41079999335721],[72.4251,40.435899993369084],[72.4258,40.45219999337676],[72.42609999999999,40.459599993380245],[72.4157,40.47929999338955],[72.37210000000002,40.50319999340081],[72.36349999999997,40.51219999340509],[72.36310000000002,40.52349999341041],[72.37,40.53979999341805],[72.37,40.557899993426574],[72.34839999999998,40.58529999343947],[72.3508,40.596499993444766],[72.352,40.60189999344723],[72.38149999999999,40.612099993452006],[72.3847,40.60999999345106],[72.415,40.58979999344158],[72.4477,40.56039999342775],[72.4769,40.54959999342266],[72.51540000000001,40.545599993420794],[72.58559999999999,40.508799993403436],[72.62559999999999,40.51049999340428],[72.63089999999998,40.51379999340579],[72.6407,40.51979999340861],[72.6504,40.53209999341441],[72.6551,40.546299993421144],[72.65649999999998,40.56119999342813],[72.6641,40.57779999343591],[72.6717,40.577699993435914],[72.6825,40.57759999343584],[72.7192,40.564899993429854],[72.7483,40.574999993434595],[72.7562,40.61919999345537],[72.76019999999998,40.64169999346594],[72.78399999999999,40.669599993478975],[72.8189,40.681099993484374],[72.8577,40.68859999348789],[72.8909,40.695099993490956],[72.9769,40.735999993510035],[73.0705,40.76249999352246],[73.0857,40.7690999935255],[73.1181,40.78299999353202],[73.1399,40.80479999354219],[73.1487,40.813599993546255],[73.14590000000001,40.82399999355112],[73.14369999999998,40.831999993554845],[73.1433,40.83379999355563],[73.1357,40.835099993556256],[73.1123,40.83909999355813],[73.0536,40.83639999355688],[73.0392,40.844099993560455],[73.0335,40.847199993561894],[73.0194,40.86179999356872],[73.0036,40.87009999357255],[72.92939999999999,40.844099993560455],[72.8945,40.82569999355191],[72.883,40.819599993549076],[72.8704,40.81819999354838],[72.8729,40.83479999355613],[72.87159999999999,40.84379999356034],[72.86859999999999,40.864099993569766],[72.8301,40.871999993573425],[72.70120000000001,40.86329999356937],[72.6583,40.867099993571145],[72.61949999999999,40.87999999357715],[72.59169999999997,40.90309999358789],[72.58849999999998,40.90579999358914],[72.54569999999998,40.9565999936127],[72.52619999999999,40.962099993615276],[72.5014,40.96339999361586],[72.4834,40.97059999361922],[72.4837,40.99349999362978],[72.4852,40.99949999363255],[72.48489999999998,41.003199993634254],[72.48479999999999,41.00459999363494],[72.48189999999998,41.008799993636885],[72.4769,41.01179999363826],[72.4722,41.01209999363837],[72.42359999999998,41.01569999364008],[72.39519999999999,41.02199999364296],[72.37429999999999,41.03199999364759],[72.36760000000001,41.03989999365121],[72.3459,41.06589999366326],[72.3325,41.07279999366641],[72.31419999999999,41.06159999366126],[72.3088,41.054399993657924],[72.29810000000002,41.02989999364663],[72.2973,41.02809999364578],[72.28969999999998,41.02349999364364],[72.2858,41.02309999364349],[72.25300000000001,41.01949999364183],[72.1651,40.99929999363246],[72.1689,41.00589999363551],[72.1788,41.02309999364349],[72.1857,41.04099999365172],[72.1857,41.06059999366078],[72.1763,41.11279999368485],[72.17599999999999,41.11739999368697],[72.1745,41.141499993698055],[72.17249999999999,41.15309999370339],[72.171,41.161499993707245],[72.16979999999998,41.1685999937105],[72.15830000000001,41.18779999371931],[72.1327,41.19929999372462],[72.10859999999998,41.19639999372328],[72.0852,41.184799993717945],[72.06359999999998,41.170199993711236],[72.0337,41.15659999370498],[72.01649999999998,41.16349999370817],[72.0013,41.179899993715686],[71.97719999999998,41.195099993722714],[71.8977,41.18499999371805],[71.89,41.18769999371928],[71.8717,41.19439999372238],[71.8663,41.23659999374172],[71.8689,41.2792999937613],[71.8631,41.31219999377627],[71.84689999999999,41.34179999378983],[71.7648,41.43429999383195],[71.7533,41.44729999383784],[71.7454,41.45289999384035],[71.73670000000001,41.45539999384153],[71.7306,41.45109999383958],[71.72960000000002,41.43119999383051],[71.72949999999997,41.430099993830034],[71.72159999999998,41.42469999382759],[71.7189,41.42559999382798],[71.7123,41.42799999382905],[71.70690000000002,41.444099993836424],[71.698,41.44679999383763],[71.69609999999999,41.447399993837905],[71.6914,41.44179999383537],[71.68740000000001,41.43099999383046],[71.6813,41.422799993826715],[71.67999999999998,41.423199993826906],[71.67190000000001,41.42549999382797],[71.6712,41.43739999383333],[71.6712,41.43749999383338],[71.68959999999998,41.49379999385897],[71.68959999999998,41.514499993868355],[71.68719999999998,41.52309999387222],[71.6842,41.53399999387714],[71.6716,41.547299993883215],[71.6496,41.54989999388438],[71.6273,41.543199993881345],[71.61540000000001,41.5320999938763],[71.5956,41.49379999385897],[71.6047,41.47849999385201],[71.6057,41.47679999385121],[71.60890000000002,41.47369999384985],[71.6338,41.44959999383888],[71.6374,41.43119999383051],[71.6331,41.41139999382155],[71.61869999999999,41.37769999380618],[71.5855,41.323499993781475],[71.55780000000001,41.30169999377155],[71.5545,41.30119999377129],[71.5425,41.299399993770464],[71.52739999999999,41.29709999376944],[71.524,41.296599993769185],[71.50609999999999,41.30239999377185],[71.4808,41.310699993775614],[71.43249999999999,41.344799993791185],[71.4189,41.347399993792365],[71.41269999999999,41.33459999378651],[71.42139999999999,41.16209999370752],[71.41599999999998,41.12729999369152],[71.3937,41.11269999368478],[71.38999999999999,41.115099993685895],[71.3711,41.12739999369159],[71.3253,41.15729999370532],[71.30009999999999,41.13299999369414],[71.2919,41.11799999368724],[71.2896,41.11379999368531],[71.27629999999999,41.11309999368501],[71.2633,41.12339999368974],[71.25399999999999,41.13739999369619],[71.2414,41.17509999371348],[71.2355,41.181499993716436],[71.2302,41.18719999371905],[71.2106,41.188399993719614],[71.20649999999999,41.188699993719744],[71.1856,41.180199993715846],[71.1831,41.1663999937095],[71.18770000000002,41.14849999370126],[71.18989999999998,41.12739999369159],[71.18019999999999,41.108099993682686],[71.1643,41.116099993686376],[71.1391,41.148299993701194],[71.13580000000002,41.15039999370215],[71.1229,41.1581999937057],[71.0917,41.161499993707245],[71.0859,41.16209999370752],[71.0675,41.169599993710996],[71.047,41.181999993716666],[71.03039999999997,41.18779999371931],[71.0247,41.18979999372027],[70.97710000000001,41.19629999372326],[70.9343,41.19139999372099],[70.9324,41.19149999372101],[70.9141,41.19299999372177],[70.8961,41.206099993727705],[70.88209999999998,41.2203999937343],[70.8659,41.23319999374017],[70.84789999999998,41.24309999374469],[70.8304,41.248499993747146],[70.82849999999999,41.24909999374742],[70.80610000000001,41.247499993746736],[70.7867,41.240299993743385],[70.7752,41.238999993742816],[70.7705,41.23849999374259],[70.7579,41.25209999374881],[70.75649999999997,41.26949999375677],[70.7712,41.33089999378486],[70.7691,41.35209999379452],[70.7597,41.37239999380379],[70.70349999999999,41.445399993837],[70.6866,41.46239999384473],[70.66939999999997,41.47059999384841],[70.66790000000002,41.47129999384875],[70.6337,41.467399993846975],[70.5797,41.444099993836424],[70.56889999999999,41.43939999383427],[70.5113,41.41449999382292],[70.4807,41.40569999381896],[70.47709999999998,41.404599993818465],[70.45329999999997,41.40549999381887],[70.43820000000001,41.41609999382366],[70.4137,41.45069999383936],[70.399,41.464899993845826],[70.39429999999999,41.4680999938473],[70.3824,41.4764999938511],[70.3705,41.481899993853574],[70.345,41.49349999385882],[70.27040000000001,41.49989999386172],[70.2066,41.50539999386419],[70.2035,41.505699993864354],[70.1875,41.511899993867154],[70.17329999999998,41.51739999386963],[70.1664,41.52009999387087],[70.1484,41.55249999388551],[70.16929999999999,41.57839999389724],[70.215,41.5984999939063],[70.2476,41.61279999391279],[70.33129999999997,41.649599993929364],[70.3907,41.684999993945254],[70.42349999999999,41.696799993950584],[70.45369999999997,41.71199999395741],[70.47709999999998,41.73829999396926],[70.5066,41.78559999399044],[70.5502,41.82409999400765],[70.6488,41.88729999403584],[70.6574,41.89109999403755],[70.6798,41.901099994042],[70.77950000000001,41.90959999404579],[70.81409999999998,41.919499994050184],[70.81750000000001,41.92469999405251],[70.82519999999998,41.936299994057684],[70.8281,41.99359999408311],[70.8454,42.03029999409936],[70.8578,42.03269999410041],[70.8868,42.038399994102946],[70.92659999999998,42.03719999410244],[70.9357,42.03689999410232],[70.97710000000001,42.04419999410552],[71.1183,42.122899994140276],[71.15249999999999,42.13029999414355],[71.1996,42.14039999414803],[71.21009999999998,42.133599994145],[71.22079999999997,42.148399994151525],[71.2383,42.15339999415374],[71.26799999999999,42.20419999417606],[71.2915,42.214199994180476],[71.3236,42.208199994177846],[71.3707,42.208199994177846],[71.4199,42.18919999416948],[71.48219999999999,42.1832999941669],[71.4951,42.19869999417367],[71.5097,42.201099994174726],[71.5599,42.19709999417296],[71.6073,42.214799994180744],[71.62819999999999,42.207299994177475],[71.6486,42.20889999417817],[71.67589999999998,42.18979999416977],[71.69539999999999,42.18439999416738],[71.70950000000002,42.167499994159925],[71.72819999999999,42.16709999415974],[71.78940000000001,42.1460999941505],[71.8249,42.14709999415096],[71.8451,42.1366999941464],[71.8903,42.134799994145524],[71.9142,42.120699994139336],[71.9682,42.10699999413328],[71.9812,42.09919999412984],[72.01819999999998,42.094199994127635],[72.072,42.06869999411634],[72.0968,42.0757999941195],[72.1066,42.06159999411326],[72.1335,42.055399994110495],[72.1781,42.07419999411875],[72.1932,42.109199994134244],[72.186,42.11739999413787],[72.1827,42.15279999415346],[72.2231,42.1832999941669],[72.2174,42.214399994180575],[72.25569999999999,42.21989999418294],[72.2833,42.21099999417904],[72.3258,42.2126999941798],[72.3389,42.20929999417831],[72.36899999999999,42.19999999417423],[72.3963,42.1832999941669],[72.39439999999999,42.16259999415776],[72.4399,42.157199994155434],[72.4761,42.16579999415916],[72.50809999999997,42.15279999415346],[72.54879999999999,42.155799994154826],[72.57189999999999,42.14649999415067],[72.5774,42.13529999414578],[72.60630000000002,42.137999994146966],[72.6497,42.12409999414081],[72.66870000000002,42.129999994143425],[72.70169999999997,42.118899994138516],[72.7463,42.08609999412402],[72.7724,42.07759999412026],[72.78810000000001,42.06029999411263],[72.8154,42.04959999410789],[72.8339,42.04839999410739],[72.8617,42.06359999411408],[72.88829999999999,42.065599994115],[72.8832,42.09589999412836],[72.9277,42.10289999413146],[72.97129999999999,42.140499994148044],[72.99999999999999,42.1183999941383],[73.0287,42.13239999414445],[73.03940000000001,42.116199994137325],[73.08759999999998,42.112599994135735],[73.1107,42.12109999413951],[73.1397,42.113799994136286],[73.16639999999998,42.11869999413846],[73.2334,42.1058999941328],[73.2594,42.10509999413244],[73.28520000000002,42.09359999412736],[73.3028,42.09329999412727],[73.3184,42.07939999412109],[73.33189999999999,42.05499999411029],[73.32869999999998,42.03719999410244],[73.3493,42.023199994096224],[73.383,42.03299999410061],[73.4175,42.0140999940922],[73.441,42.02139999409541],[73.4556,42.01159999409108],[73.4949,42.00889999408992],[73.52009999999999,41.995199994083784],[73.54779999999998,41.995199994083784],[73.5673,42.00179999408673],[73.59979999999999,41.99469999408357],[73.60989999999998,42.0006999940863],[73.6416,42.00149999408664],[73.6847,42.01559999409289],[73.73499999999999,42.003599994087516],[73.7628,42.00699999408903],[73.78569999999999,41.94849999406309],[73.76179999999997,41.92189999405125],[73.76059999999998,41.910499994046184],[73.7415,41.902299994042544],[73.7334,41.880399994032786],[73.7151,41.86869999402756],[73.749,41.86129999402423],[73.7781,41.84789999401826],[73.79989999999998,41.849799994019136],[73.8019,41.87309999402951],[73.8505,41.8436999940164],[73.8633,41.84719999401794],[73.88979999999998,41.83689999401337],[73.9013,41.84589999401737],[73.9448,41.846499994017655],[73.9661,41.82499999400807],[73.9594,41.81439999400329],[73.97049999999999,41.76819999398259],[73.98319999999998,41.75599999397716],[73.9784,41.74019999397005],[74.0163,41.73149999396616],[74.05129999999998,41.73499999396775],[74.087,41.725399993963414],[74.07669999999997,41.69889999395151],[74.07890000000002,41.62539999391844],[74.0825,41.6134999939131],[74.06609999999999,41.60269999390823],[74.05049999999999,41.60579999390963],[74.0307,41.62719999391926],[74.0431,41.645299993927416],[74.0427,41.6594999939338],[74.0203,41.679399993942745],[73.9812,41.68409999394489],[73.97259999999999,41.69359999394915],[73.9383,41.69469999394962],[73.92009999999999,41.70589999395465],[73.88569999999999,41.70439999395402],[73.90930000000002,41.66339999393558],[73.9143,41.64349999392658],[73.931,41.633399993922076],[73.93210000000002,41.61909999391562],[73.9413,41.625599993918556],[73.9622,41.6159999939142],[73.97779999999999,41.59419999390436],[73.9888,41.5951999939048],[74.0139,41.575899993896094],[74.07700000000001,41.565299993891294],[74.09130000000002,41.57619999389626],[74.11889999999997,41.57949999389774],[74.1547,41.569699993893295],[74.1777,41.551899993885264],[74.20030000000001,41.55039999388457],[74.2102,41.56219999388989],[74.245,41.56069999388921],[74.29639999999999,41.57199999389432],[74.32149999999999,41.57089999389385],[74.3336,41.56189999388982],[74.37279999999998,41.55249999388551],[74.38440000000001,41.54079999388022],[74.4268,41.562599993890096],[74.43399999999998,41.57849999389729],[74.4762,41.58079999389832],[74.5051,41.56829999389269],[74.5242,41.56839999389269],[74.557,41.58589999390059],[74.5963,41.59219999390349],[74.657,41.62099999391644],[74.66530000000002,41.63329999392202],[74.6928,41.64089999392542],[74.7284,41.63969999392488],[74.73730000000002,41.62339999391751],[74.73289999999999,41.60519999390931],[74.71679999999999,41.5993999939067],[74.70509999999999,41.54879999388384],[74.7131,41.52549999387327],[74.6951,41.51179999386714],[74.7004,41.481099993853206],[74.6863,41.47389999384992],[74.6837,41.4493999938388],[74.67080000000001,41.44019999383462],[74.6873,41.42839999382926],[74.6637,41.413099993822286],[74.63999999999999,41.407799993819864],[74.612,41.37789999380631],[74.54759999999999,41.36989999380262],[74.54730000000002,41.35849999379742],[74.49609999999998,41.350499993793804],[74.4616,41.350399993793765],[74.4233,41.339999993789],[74.4051,41.32109999378038],[74.37909999999998,41.31129999377589],[74.3405,41.30909999377493],[74.2927,41.29079999376652],[74.3148,41.24799999374695],[74.3518,41.205399993727426],[74.333,41.193499993721936],[74.2985,41.20719999372823],[74.2641,41.20729999372826],[74.1865,41.19289999372166],[74.1481,41.196899993723484],[74.1413,41.186699993718804],[74.1064,41.16909999371075],[74.0812,41.16249999370774],[74.08559999999999,41.151499993702686],[74.0282,41.14499999369967],[74.0262,41.12629999369106],[74.0139,41.11539999368605],[74.1017,41.053999993657776],[74.0624,41.02939999364637],[74.04089999999998,41.00789999363645],[74.01550000000002,40.975299993621384],[74.02489999999999,40.96079999361465],[74.0508,40.95739999361307],[74.0851,40.9082999935903],[74.1193,40.907399993589856],[74.12599999999999,40.887399993580594],[74.1591,40.87649999357554],[74.1901,40.84879999356262],[74.1972,40.80939999354429],[74.20539999999998,40.80359999354161],[74.24109999999999,40.80069999354027],[74.243,40.78889999353471],[74.2609,40.76749999352476],[74.28329999999998,40.76149999352197],[74.3088,40.73509999350967],[74.31719999999999,40.71839999350185],[74.3414,40.70099999349368],[74.3541,40.70519999349567],[74.36379999999998,40.68739999348732],[74.4475,40.65169999347061],[74.4997,40.64379999346691],[74.5355,40.62739999345924],[74.55549999999998,40.625699993458426],[74.5835,40.597699993445275],[74.5691,40.57969999343682],[74.5582,40.545499993420755],[74.5832,40.55289999342424],[74.60499999999998,40.5393999934179],[74.65609999999998,40.53389999341528],[74.6857,40.51579999340673],[74.7275,40.52119999340929],[74.7385,40.51289999340541],[74.7749,40.5085999934034],[74.7905,40.526299993411676],[74.8187,40.506999993402616],[74.8194,40.492099993395584],[74.8072,40.46169999338128],[74.8028,40.454399993377805],[74.79460000000002,40.44069999337132],[74.79450000000001,40.440399993371166],[74.7874,40.42079999336192],[74.79460000000002,40.405499993354695],[74.8417,40.37199999333887],[74.854,40.358799993332596],[74.8623,40.32619999331715],[74.85619999999999,40.32499999331659],[74.8309,40.31989999331418],[74.74670000000002,40.33649999332206],[74.7247,40.33749999332251],[74.70569999999998,40.331299993319575],[74.69769999999998,40.32519999331665],[74.65449999999997,40.29149999330068],[74.6376,40.28199999329618],[74.6337,40.280399993295426],[74.5987,40.26619999328868],[74.5653,40.2468999932795],[74.5443,40.22929999327116],[74.51759999999999,40.20669999326038],[74.4767,40.17229999324397],[74.45649999999998,40.15979999323801],[74.4448,40.15249999323453],[74.36979999999998,40.10579999321227],[74.3583,40.101999993210434],[74.3395,40.09569999320741],[74.3338,40.09379999320648],[74.30280000000002,40.09009999320471],[74.2722,40.09379999320648],[74.238,40.10389999321133],[74.2031,40.109799993214146],[74.16750000000002,40.10639999321252],[74.13289999999999,40.09529999320722],[74.10119999999999,40.0788999931994],[74.06949999999998,40.067699993194054],[74.0043,40.06089999319079],[74.00399999999999,40.06089999319079],[73.98329999999999,40.0477999931845],[73.97669999999998,40.04349999318244],[73.96620000000001,40.03319999317753],[73.9579,40.02139999317185],[73.9562,40.01739999316998],[73.9522,40.008199993165526],[73.94389999999999,39.9699999931472],[73.92729999999999,39.95319999313915],[73.9075,39.937799993131804],[73.8931,39.91799999312225],[73.8856,39.876499993102264],[73.8805,39.8648999930967],[73.87299999999999,39.8567999930928],[73.8442,39.83799999308374],[73.8319,39.82369999307684],[73.8229,39.80569999306817],[73.81859999999999,39.78609999305869],[73.8197,39.7665999930493],[73.82940000000002,39.746999993039815],[73.8431,39.740299993036565],[73.85999999999999,39.73719999303509],[73.87949999999998,39.72779999303056],[73.8935,39.7103999930221],[73.8996,39.68949999301197],[73.9043,39.64639999299112],[73.9261,39.5939999929657],[73.9266,39.592899992965165],[73.9216,39.58219999295996],[73.91249999999998,39.57789999295784],[73.89929999999998,39.57159999295482],[73.88309999999998,39.561099992949735],[73.8705,39.54679999294277],[73.85929999999999,39.52419999293177],[73.8481,39.48969999291495],[73.83839999999998,39.47569999290814],[73.82899999999998,39.4715999929062],[73.82079999999999,39.46809999290442],[73.63249999999998,39.44839999289488],[73.6044,39.459499992900255],[73.6024,39.45969999290034],[73.5986,39.459999992900535],[73.57860000000001,39.461699992901345],[73.53330000000001,39.46559999290321],[73.5123,39.4673999929041],[73.47699999999998,39.46479999290282],[73.4446,39.45859999289979],[73.4102,39.45199999289662],[73.3987,39.44979999289552],[73.36749999999999,39.44379999289261],[73.34309999999999,39.430599992886165],[73.33549999999998,39.41519999287866],[73.3333,39.40109999287176],[73.32649999999998,39.39079999286672],[73.2693,39.38249999286269],[73.26399999999998,39.381099992861984],[73.2508,39.37759999286031],[73.1677,39.35529999284939],[73.1558,39.35459999284901],[73.1361,39.35349999284851],[73.1011,39.36119999285227],[73.0769,39.36889999285605],[73.0713,39.37069999285693],[73.05830000000002,39.36879999285597],[73.0319,39.357899992850676],[73.00930000000001,39.34859999284609],[72.99419999999998,39.347799992845715],[72.9769,39.352199992847886],[72.96720000000002,39.353799992848636],[72.9506,39.35659999285001],[72.91429999999997,39.36259999285294],[72.9004,39.363499992853384],[72.8938,39.36389999285356],[72.8506,39.35659999285001],[72.8401,39.35629999284989],[72.83550000000001,39.35619999284984],[72.815,39.36039999285189],[72.73989999999998,39.37559999285928],[72.67470000000002,39.38879999286578],[72.6504,39.39369999286813],[72.63389999999997,39.39439999286848],[72.62669999999999,39.39279999286769],[72.61619999999999,39.39039999286655],[72.6093,39.385699992864225],[72.6061,39.38349999286316],[72.58710000000002,39.36489999285409],[72.5759,39.359399992851415],[72.5613,39.35949999285144],[72.5593,39.35949999285144],[72.5341,39.37239999285775],[72.51899999999999,39.375699992859374],[72.50819999999997,39.37189999285749],[72.4769,39.34599999284484],[72.4603,39.343999992843855],[72.44339999999998,39.34479999284422],[72.43329999999999,39.34679999284526],[72.41069999999999,39.35129999284742],[72.3934,39.350799992847186],[72.35589999999999,39.33599999283996],[72.334,39.3336999928388],[72.3163,39.32869999283636],[72.30409999999999,39.313599992829],[72.28139999999999,39.25969999280255],[72.2547,39.2142999927803],[72.2448,39.19749999277208],[72.2404,39.189899992768304],[72.2289,39.18919999276798],[72.2184,39.20089999277371],[72.2119,39.21219999277926],[72.2091,39.217199992781715],[72.2065,39.22679999278642],[72.2065,39.23459999279025],[72.2062,39.23509999279051],[72.2033,39.24089999279333],[72.1829,39.24909999279737],[72.18239999999999,39.249299992797475],[72.1587,39.262599992804006],[72.11669999999998,39.267999992806644],[72.1155,39.26819999280675],[72.0946,39.27509999281012],[72.08589999999998,39.29009999281747],[72.0841,39.31129999282788],[72.0816,39.321699992832926],[72.0816,39.32179999283297],[72.078,39.336599992840235],[72.06690000000002,39.35849999285097],[72.0499,39.36879999285597],[72.0427,39.367899992855534],[72.0392,39.367499992855336],[72.0316,39.36669999285496],[71.9963,39.35189999284769],[71.9592,39.34589999284477],[71.9423,39.3389999928414],[71.853,39.290199992817506],[71.8437,39.28509999281502],[71.8069,39.272799992808984],[71.77059999999999,39.269499992807376],[71.7511,39.274199992809656],[71.7328,39.28509999281502],[71.7184,39.301099992822856],[71.7108,39.32099999283256],[71.713,39.34149999284265],[71.7231,39.35389999284868],[71.73670000000001,39.36449999285386],[71.74829999999997,39.3794999928612],[71.7519,39.39969999287107],[71.7493,39.425499992883665],[71.74029999999999,39.44839999289488],[71.7303,39.45539999289826],[71.7245,39.4593999929002],[71.7047,39.458999992900026],[71.648,39.44969999289547],[71.6028,39.442399992891914],[71.55419999999998,39.44409999289273],[71.51279999999998,39.458799992899905],[71.4919,39.493599992916856],[71.5006,39.50919999292447],[71.5261,39.53809999293851],[71.5315,39.55309999294583],[71.5254,39.56909999295357],[71.511,39.58419999296093],[71.49299999999998,39.5961999929668],[71.47389999999999,39.60519999297114],[71.45949999999999,39.612099992974464],[71.4412,39.610599992973754],[71.40659999999998,39.59819999296774],[71.36849999999997,39.59149999296448],[71.343,39.5733999929557],[71.3407,39.57169999295488],[71.33859999999999,39.57079999295441],[71.3058,39.55709999294774],[71.29210000000002,39.548999992943834],[71.2739,39.53279999293592],[71.2601,39.52059999293],[71.2493,39.51429999292698],[71.2371,39.51449999292707],[71.2157,39.51759999292855],[71.1798,39.52289999293114],[71.1373,39.52109999293024],[71.1247,39.518399992928984],[71.097,39.51259999292612],[71.0959,39.51229999292599],[71.0628,39.49559999291786],[71.0423,39.467799992904276],[71.0275,39.435199992888414],[71.01299999999999,39.41329999287772],[71.0092,39.407599992874964],[70.97710000000001,39.39479999286868],[70.9498,39.40069999287157],[70.9341,39.408499992875385],[70.9253,39.41289999287751],[70.90329999999999,39.42089999288144],[70.88509999999998,39.414099992878114],[70.8846,39.413899992878015],[70.8724,39.402999992872694],[70.8641,39.40059999287153],[70.8574,39.4007999928716],[70.83999999999999,39.401399992871895],[70.8281,39.39859999287052],[70.81359999999998,39.39229999286742],[70.79749999999999,39.38539999286406],[70.7701,39.38209999286248],[70.7399,39.38629999286455],[70.7133,39.398399992870445],[70.69809999999998,39.418999992880494],[70.6985,39.431299992886515],[70.7032,39.444599992893025],[70.7053,39.458499992899796]],[[72.04749999999999,40.29359999330169],[72.05389999999998,40.302999993306145],[72.04439999999998,40.289099993299565],[72.04749999999999,40.29359999330169]],[[72.11989999999999,40.2659999932886],[72.1018,40.27249999329167],[72.09630000000001,40.27439999329257],[72.11989999999999,40.2659999932886]],[[72.1683,40.25399999328292],[72.1889,40.252599993282196],[72.162,40.254499993283105],[72.1683,40.25399999328292]],[[72.19620000000002,40.24709999327962],[72.2068,40.239199993275825],[72.1889,40.252599993282196],[72.19620000000002,40.24709999327962]],[[72.18919999999999,40.19029999325258],[72.19449999999999,40.18429999324973],[72.1712,40.2109999932624],[72.18919999999999,40.19029999325258]],[[72.2208,40.1886999932518],[72.22129999999999,40.189899993252354],[72.2136,40.17229999324397],[72.2208,40.1886999932518]],[[72.29360000000001,40.042899993182125],[72.2798,40.05189999318646],[72.27309999999999,40.05619999318852],[72.29360000000001,40.042899993182125]],[[72.28319999999998,39.98479999315432],[72.28619999999998,39.974599993149454],[72.27649999999997,40.0078999931654],[72.28319999999998,39.98479999315432]],[[72.3394,39.966599993145564],[72.34089999999998,39.96669999314566],[72.3068,39.965599993145126],[72.3394,39.966599993145564]],[[72.4295,39.8704999930994],[72.44689999999999,39.87699999310254],[72.4115,39.86379999309618],[72.4295,39.8704999930994]],[[72.505,39.83909999308427],[72.5166,39.832299993081016],[72.50039999999998,39.84179999308557],[72.505,39.83909999308427]],[[72.53019999999998,39.77229999305206],[72.52729999999998,39.7688999930504],[72.5422,39.78609999305869],[72.53019999999998,39.77229999305206]],[[72.24089999999998,39.65959999299748],[72.2237,39.66149999299843],[72.2597,39.657499992996506],[72.24089999999998,39.65959999299748]],[[72.2101,39.666799993000986],[72.18959999999997,39.67469999300483],[72.2237,39.66149999299843],[72.2101,39.666799993000986]],[[72.1295,39.67179999300344],[72.1784,39.67409999300453],[72.18959999999997,39.67469999300483],[72.1295,39.67179999300344]],[[71.6576,39.73369999303337],[71.65799999999999,39.73409999303356],[71.6784,39.75919999304572],[71.6576,39.73369999303337]],[[71.6314,39.72809999303066],[71.63709999999999,39.72929999303126],[71.6576,39.73369999303337],[71.6314,39.72809999303066]],[[71.5841,39.72579999302954],[71.6102,39.72699999303017],[71.6314,39.72809999303066],[71.5841,39.72579999302954]],[[71.5563,39.695899993015104],[71.55739999999999,39.70589999301993],[71.55849999999997,39.716099993024855],[71.5563,39.695899993015104]],[[70.69450000000002,39.81489999307262],[70.705,39.82199999307601],[70.7057,39.83139999308053],[70.70639999999999,39.8399999930847],[70.6989,39.85839999309357],[70.6866,39.86079999309469],[70.6549,39.849799993089405],[70.61999999999999,39.85059999308983],[70.5261,39.874799993101455],[70.4987,39.881799993104806],[70.48359999999997,39.88229999310509],[70.4825,39.86679999309761],[70.4901,39.850199993089596],[70.5034,39.83549999308252],[70.53719999999998,39.81729999307376],[70.54729999999999,39.80759999306903],[70.5757,39.770099993050955],[70.5815,39.766499993049244],[70.615,39.787199993059225],[70.63299999999998,39.79839999306465],[70.65989999999998,39.80909999306979],[70.66179999999999,39.80979999307014],[70.69450000000002,39.81489999307262]],[[71.21909999999998,39.900899993114024],[71.2212,39.931599993128756],[71.1983,39.95049999313784],[71.1949,39.95329999313917],[71.17689999999999,39.968099993146296],[71.1748,39.993099993158324],[71.1748,39.99399999315872],[71.18060000000001,39.998399993160824],[71.191,40.00619999316461],[71.2374,40.0310999931765],[71.2439,40.04669999318399],[71.23629999999999,40.05599999318843],[71.2237,40.05789999318934],[71.19279999999999,40.05029999318569],[71.18199999999999,40.043399993182376],[71.17689999999999,40.041999993181726],[71.1694,40.042799993182115],[71.1622,40.04679999318402],[71.106,40.06489999319271],[71.1045,40.065599993193025],[71.079,40.07859999319926],[71.06169999999999,40.09519999320717],[71.04809999999999,40.12249999322022],[71.0311,40.14689999323185],[71.01110000000001,40.15649999323647],[71.0085,40.157699993236996],[70.97710000000001,40.144599993230756],[70.9599,40.11339999321588],[70.9541,40.09579999320748],[70.953,40.07919999319952],[70.9584,40.06299999319178],[70.9833,40.02139999317185],[70.9944,40.00889999316586],[71.00769999999997,40.003499993163274],[71.0344,39.9989999931611],[71.04589999999999,39.99199999315777],[71.0502,39.96279999314379],[71.00769999999997,39.91119999311897],[71.0092,39.885699993106705],[71.0218,39.880799993104375],[71.03619999999998,39.88759999310762],[71.04989999999997,39.89799999311263],[71.0539,39.90019999311371],[71.061,39.90419999311559],[71.0801,39.90339999311521],[71.0835,39.89719999311224],[71.0848,39.89489999311112],[71.08729999999998,39.883799993105804],[71.09879999999997,39.875499993101805],[71.11359999999998,39.87439999310126],[71.16110000000002,39.88429999310603],[71.19459999999998,39.88479999310626],[71.2086,39.88869999310815],[71.21909999999998,39.900899993114024]],[[71.6968,39.91389999312024],[71.7162,39.906699993116796],[71.74179999999998,39.90069999311395],[71.75729999999999,39.90299999311502],[71.76699999999998,39.91549999312102],[71.7833,39.96129999314305],[71.7897,39.97929999315167],[71.78570000000002,39.98969999315664],[71.77449999999999,39.98709999315539],[71.7605,39.983699993153806],[71.74819999999998,39.9765999931504],[71.72559999999999,39.963499993144104],[71.72409999999999,39.96269999314368],[71.70690000000002,39.956099993140505],[71.68169999999999,39.95509999314006],[71.6655,39.940199993132914],[71.67519999999999,39.92579999312595],[71.6968,39.91389999312024]]]}},{"type":"Feature","properties":{"ADMIN":"TAJ_S","ISO_A3":"TJK","admin_source":"World Bank GAD, artifact wb_boundaries_20260820","admin_units":"Badakhshan Autonomous Mountainous Region, Cities and districts of the republican subordination, Dushanbe, Khatlon Province","epm_zone":"TAJ_S","epm_country":"TAJ","split_rationale":"Holds the Vakhsh cascade and the national load centre, and is the export node towards Afghanistan and Pakistan (CASA-1000).","grid_area":"Southern Tajikistan (Nurek / Dushanbe)","model_plants":"Nurek, Rogun, Sangtuda 1/2, Baipaza, Dushanbe-2"},"geometry":{"type":"Polygon","coordinates":[[[67.9963,36.95569999164309],[67.9618,36.98989999166066],[67.95279999999998,36.9961999916639],[67.9294,37.00629999166909],[67.9186,37.01379999167292],[67.9024,37.03429999168344],[67.8959,37.04529999168906],[67.89190000000002,37.05209999169256],[67.8782,37.06439999169884],[67.87369999999997,37.06519999169929],[67.8329,37.0730999917033],[67.808,37.08319999170849],[67.7959,37.09039999171219],[67.78539999999998,37.096599991715365],[67.77309999999999,37.10999999172223],[67.772,37.12489999172985],[67.7807,37.188899991762625],[67.785,37.20359999177013],[67.80409999999999,37.2333999917854],[67.8152,37.26729999180275],[67.8206,37.30329999182113],[67.81700000000001,37.345399991842626],[67.79720000000002,37.424399991882915],[67.8012,37.46649999190442],[67.8293,37.52789999193567],[67.8718,37.58679999196566],[67.92319999999998,37.6387999919921],[67.9558,37.66339999200459],[67.9736,37.67699999201152],[67.97719999999998,37.679699992012914],[68.04150000000001,37.75069999204898],[68.0503,37.76039999205385],[68.0723,37.79489999207133],[68.0795,37.806199992077104],[68.1223,37.9082999921288],[68.133,37.916999992133185],[68.14,37.922699992136046],[68.1713,37.93099999214028],[68.1999,37.934099992141824],[68.21769999999998,37.93599999214277],[68.2328,37.93969999214466],[68.24869999999999,37.94889999214935],[68.2562,37.9614999921557],[68.26809999999999,37.99379999217201],[68.2807,38.013299992181885],[68.3196,38.06019999220552],[68.3444,38.11549999223344],[68.3606,38.17399999226287],[68.3563,38.212599992282286],[68.3384,38.23519999229366],[68.3322,38.24299999229758],[68.2993,38.2660999923092],[68.2526,38.29879999232558],[68.2008,38.32169999233706],[68.1839,38.33539999234396],[68.14679999999998,38.388699992370704],[68.1198,38.409099992380895],[68.10759999999999,38.41829999238549],[68.09819999999999,38.4324999923926],[68.09600000000002,38.44149999239714],[68.0946,38.44689999239982],[68.0924,38.478799992415766],[68.087,38.49399999242339],[68.0626,38.52299999243787],[68.055,38.53629999244451],[68.05249999999998,38.558199992455464],[68.05570000000002,38.61579999248419],[68.05359999999999,38.63599999249426],[68.0402,38.67329999251282],[68.0377,38.691599992521915],[68.0456,38.7065999925294],[68.0701,38.720299992536184],[68.0708,38.72069999253641],[68.0712,38.72099999253657],[68.0759,38.726799992539476],[68.0766,38.738099992545045],[68.06620000000001,38.756199992554066],[68.06330000000001,38.76629999255908],[68.06689999999999,38.78789999256979],[68.07799999999999,38.793399992572525],[68.0871,38.793099992572365],[68.09569999999998,38.79289999257228],[68.1191,38.796699992574155],[68.136,38.80449999257804],[68.15109999999997,38.81509999258329],[68.1637,38.82859999259],[68.1639,38.82899999259017],[68.1709,38.831399992591386],[68.17339999999999,38.84459999259792],[68.20129999999999,38.85669999260389],[68.2008,38.86709999260905],[68.18139999999998,38.87609999261351],[68.1817,38.893899992622316],[68.2045,38.92339999263692],[68.2336,38.92839999263946],[68.2538,38.939199992644724],[68.2732,38.93959999264496],[68.29649999999998,38.95499999265255],[68.31439999999998,38.957999992654024],[68.3367,38.94219999264625],[68.3889,38.94629999264829],[68.4093,38.95579999265298],[68.44690000000001,38.95339999265176],[68.467,38.9489999926496],[68.4871,38.954299992652246],[68.497,38.97449999266218],[68.52660000000002,38.979899992664855],[68.5378,39.003199992676365],[68.5659,39.004699992677104],[68.5602,39.022499992685894],[68.5703,39.049399992699165],[68.5664,39.06829999270848],[68.5794,39.078699992713645],[68.60280000000002,39.07969999271409],[68.6301,39.068499992708574],[68.6601,39.076299992712435],[68.67209999999999,39.073999992711286],[68.7467,39.093499992720915],[68.7823,39.09289999272063],[68.81339999999999,39.08099999271476],[68.83229999999999,39.08549999271697],[68.912,39.08919999271878],[68.93670000000002,39.0768999927127],[69.01579999999998,39.073599992711095],[69.0495,39.043799992696435],[69.0732,39.05139999270016],[69.0952,39.05019999269954],[69.1216,39.05969999270425],[69.1382,39.072599992710586],[69.1541,39.09499999272166],[69.17189999999998,39.09489999272162],[69.20619999999998,39.1155999927318],[69.2329,39.11539999273171],[69.2527,39.103799992725996],[69.3043,39.10749999272779],[69.3138,39.1003999927243],[69.3366,39.10289999272555],[69.3504,39.12409999273597],[69.3429,39.14909999274824],[69.359,39.18289999276487],[69.38029999999999,39.19009999276838],[69.45639999999999,39.19769999277216],[69.483,39.20639999277639],[69.509,39.18219999276451],[69.5315,39.168699992757915],[69.5405,39.15009999274879],[69.5338,39.12749999273762],[69.54159999999997,39.09469999272147],[69.56389999999999,39.09799999272314],[69.59639999999999,39.120499992734224],[69.6253,39.1082999927282],[69.6479,39.11269999273038],[69.6521,39.1497999927486],[69.6658,39.15409999275072],[69.681,39.17639999276167],[69.6792,39.21389999278013],[69.691,39.24179999279378],[69.67569999999999,39.25339999279947],[69.6672,39.27809999281157],[69.70039999999999,39.28959999281722],[69.7117,39.30479999282468],[69.75719999999998,39.320699992832466],[69.76120000000002,39.30379999282414],[69.7734,39.295199992819974],[69.77389999999998,39.277799992811424],[69.7973,39.269899992807574],[69.8334,39.29349999281914],[69.8379,39.30179999282321],[69.86919999999999,39.309099992826795],[69.86360000000002,39.32209999283313],[69.86840000000001,39.34109999284247],[69.8902,39.345199992844414],[69.929,39.32559999283484],[69.94560000000001,39.33019999283711],[69.9878,39.351499992847515],[70.01139999999998,39.3471999928454],[70.00829999999998,39.32689999283547],[70.043,39.326599992835334],[70.05969999999999,39.33829999284109],[70.0797,39.36689999285504],[70.0989,39.375699992859374],[70.1162,39.37149999285733],[70.1424,39.34389999284377],[70.16000000000001,39.335299992839595],[70.1968,39.35459999284901],[70.21759999999999,39.36019999285176],[70.24779999999997,39.3581999928508],[70.2872,39.38999999286637],[70.30739999999999,39.393399992867984],[70.32739999999998,39.38859999286566],[70.39619999999996,39.39639999286945],[70.4123,39.39219999286744],[70.43789999999997,39.40409999287325],[70.45610000000002,39.40489999287361],[70.4954,39.39469999286861],[70.5106,39.403699992873044],[70.5052,39.42399999288293],[70.5184,39.430599992886165],[70.58209999999998,39.439199992890394],[70.589,39.46209999290154],[70.6025,39.47439999290754],[70.6203,39.47179999290628],[70.6465,39.479899992910205],[70.656,39.49369999291692],[70.656,39.493599992916856],[70.6668,39.4868999929136],[70.69019999999999,39.4790999929098],[70.69960000000002,39.47209999290641],[70.7053,39.458499992899796],[70.7032,39.444599992893025],[70.6985,39.431299992886515],[70.69809999999998,39.418999992880494],[70.7133,39.398399992870445],[70.7399,39.38629999286455],[70.7701,39.38209999286248],[70.79749999999999,39.38539999286406],[70.81359999999998,39.39229999286742],[70.8281,39.39859999287052],[70.83999999999999,39.401399992871895],[70.8574,39.4007999928716],[70.8641,39.40059999287153],[70.8724,39.402999992872694],[70.8846,39.413899992878015],[70.88509999999998,39.414099992878114],[70.90329999999999,39.42089999288144],[70.9253,39.41289999287751],[70.9341,39.408499992875385],[70.9498,39.40069999287157],[70.97710000000001,39.39479999286868],[71.0092,39.407599992874964],[71.01299999999999,39.41329999287772],[71.0275,39.435199992888414],[71.0423,39.467799992904276],[71.0628,39.49559999291786],[71.0959,39.51229999292599],[71.097,39.51259999292612],[71.1247,39.518399992928984],[71.1373,39.52109999293024],[71.1798,39.52289999293114],[71.2157,39.51759999292855],[71.2371,39.51449999292707],[71.2493,39.51429999292698],[71.2601,39.52059999293],[71.2739,39.53279999293592],[71.29210000000002,39.548999992943834],[71.3058,39.55709999294774],[71.33859999999999,39.57079999295441],[71.3407,39.57169999295488],[71.343,39.5733999929557],[71.36849999999997,39.59149999296448],[71.40659999999998,39.59819999296774],[71.4412,39.610599992973754],[71.45949999999999,39.612099992974464],[71.47389999999999,39.60519999297114],[71.49299999999998,39.5961999929668],[71.511,39.58419999296093],[71.5254,39.56909999295357],[71.5315,39.55309999294583],[71.5261,39.53809999293851],[71.5006,39.50919999292447],[71.4919,39.493599992916856],[71.51279999999998,39.458799992899905],[71.55419999999998,39.44409999289273],[71.6028,39.442399992891914],[71.648,39.44969999289547],[71.7047,39.458999992900026],[71.7245,39.4593999929002],[71.7303,39.45539999289826],[71.74029999999999,39.44839999289488],[71.7493,39.425499992883665],[71.7519,39.39969999287107],[71.74829999999997,39.3794999928612],[71.73670000000001,39.36449999285386],[71.7231,39.35389999284868],[71.713,39.34149999284265],[71.7108,39.32099999283256],[71.7184,39.301099992822856],[71.7328,39.28509999281502],[71.7511,39.274199992809656],[71.77059999999999,39.269499992807376],[71.8069,39.272799992808984],[71.8437,39.28509999281502],[71.853,39.290199992817506],[71.9423,39.3389999928414],[71.9592,39.34589999284477],[71.9963,39.35189999284769],[72.0316,39.36669999285496],[72.0392,39.367499992855336],[72.0427,39.367899992855534],[72.0499,39.36879999285597],[72.06690000000002,39.35849999285097],[72.078,39.336599992840235],[72.0816,39.32179999283297],[72.0816,39.321699992832926],[72.0841,39.31129999282788],[72.08589999999998,39.29009999281747],[72.0946,39.27509999281012],[72.1155,39.26819999280675],[72.11669999999998,39.267999992806644],[72.1587,39.262599992804006],[72.18239999999999,39.249299992797475],[72.1829,39.24909999279737],[72.2033,39.24089999279333],[72.2062,39.23509999279051],[72.2065,39.23459999279025],[72.2065,39.22679999278642],[72.2091,39.217199992781715],[72.2119,39.21219999277926],[72.2184,39.20089999277371],[72.2289,39.18919999276798],[72.2404,39.189899992768304],[72.2448,39.19749999277208],[72.2547,39.2142999927803],[72.28139999999999,39.25969999280255],[72.30409999999999,39.313599992829],[72.3163,39.32869999283636],[72.334,39.3336999928388],[72.35589999999999,39.33599999283996],[72.3934,39.350799992847186],[72.41069999999999,39.35129999284742],[72.43329999999999,39.34679999284526],[72.44339999999998,39.34479999284422],[72.4603,39.343999992843855],[72.4769,39.34599999284484],[72.50819999999997,39.37189999285749],[72.51899999999999,39.375699992859374],[72.5341,39.37239999285775],[72.5593,39.35949999285144],[72.5613,39.35949999285144],[72.5759,39.359399992851415],[72.58710000000002,39.36489999285409],[72.6061,39.38349999286316],[72.6093,39.385699992864225],[72.61619999999999,39.39039999286655],[72.62669999999999,39.39279999286769],[72.63389999999997,39.39439999286848],[72.6504,39.39369999286813],[72.67470000000002,39.38879999286578],[72.73989999999998,39.37559999285928],[72.815,39.36039999285189],[72.83550000000001,39.35619999284984],[72.8401,39.35629999284989],[72.8506,39.35659999285001],[72.8938,39.36389999285356],[72.9004,39.363499992853384],[72.91429999999997,39.36259999285294],[72.9506,39.35659999285001],[72.96720000000002,39.353799992848636],[72.9769,39.352199992847886],[72.99419999999998,39.347799992845715],[73.00930000000001,39.34859999284609],[73.0319,39.357899992850676],[73.05830000000002,39.36879999285597],[73.0713,39.37069999285693],[73.0769,39.36889999285605],[73.1011,39.36119999285227],[73.1361,39.35349999284851],[73.1558,39.35459999284901],[73.1677,39.35529999284939],[73.2508,39.37759999286031],[73.26399999999998,39.381099992861984],[73.2693,39.38249999286269],[73.32649999999998,39.39079999286672],[73.3333,39.40109999287176],[73.33549999999998,39.41519999287866],[73.34309999999999,39.430599992886165],[73.36749999999999,39.44379999289261],[73.3987,39.44979999289552],[73.4102,39.45199999289662],[73.4446,39.45859999289979],[73.47699999999998,39.46479999290282],[73.5123,39.4673999929041],[73.53330000000001,39.46559999290321],[73.57860000000001,39.461699992901345],[73.5986,39.459999992900535],[73.6044,39.459499992900255],[73.63249999999998,39.44839999289488],[73.63180000000001,39.428799992885274],[73.6426,39.37179999285743],[73.64369999999998,39.35129999284742],[73.6415,39.335299992839595],[73.6102,39.26549999280544],[73.6049,39.245499992795594],[73.6023,39.23569999279082],[73.60799999999999,39.2073999927769],[73.63139999999999,39.174999992760974],[73.67390000000002,39.142499992745016],[73.6829,39.12869999273828],[73.6919,39.09449999272137],[73.69800000000001,39.078399992713436],[73.70919999999998,39.06539999270709],[73.73870000000001,39.04769999269832],[73.7686,39.02989999268955],[73.7698,39.02889999268904],[73.8017,39.00139999267546],[73.8161,38.99369999267165],[73.82619999999997,38.97679999266332],[73.82910000000001,38.960099992655095],[73.824,38.94489999264755],[73.8099,38.93279999264159],[73.8096,38.93259999264149],[73.78800000000001,38.92699999263871],[73.74339999999997,38.9268999926387],[73.7398,38.9268999926387],[73.7171,38.91859999263453],[73.7031,38.906999992628805],[73.689,38.89109999262095],[73.6807,38.872899992611934],[73.68359999999998,38.854899992602995],[73.6959,38.84019999259572],[73.725,38.814499992582974],[73.7358,38.800399992576],[73.73909999999997,38.7810999925664],[73.7326,38.73709999254454],[73.7365,38.72169999253689],[73.7722,38.67459999251349],[73.779,38.66009999250627],[73.7887,38.61849999248552],[73.7974,38.602899992477745],[73.8165,38.58659999246964],[73.8337,38.57799999246533],[73.8697,38.56679999245972],[73.887,38.55899999245587],[73.91730000000001,38.53709999244492],[73.93269999999997,38.5295999924412],[73.9779,38.52849999244061],[74.00289999999998,38.52779999244029],[74.0289,38.52719999243998],[74.0454,38.53029999244151],[74.0532,38.540199992446475],[74.0587,38.54709999244992],[74.0508,38.56269999245768],[74.03820000000002,38.57909999246586],[74.0371,38.59849999247554],[74.0451,38.603499992478014],[74.08429999999998,38.61409999248331],[74.09149999999998,38.620399992486476],[74.0926,38.63769999249509],[74.09509999999999,38.64569999249905],[74.1091,38.662299992507364],[74.1235,38.66939999251091],[74.14049999999999,38.66919999251081],[74.20200000000001,38.6522999925024],[74.22149999999998,38.64969999250105],[74.2438,38.65009999250126],[74.3133,38.66919999251081],[74.3341,38.66699999250969],[74.4767,38.612099992482335],[74.64630000000001,38.561099992456874],[74.6643,38.548899992450835],[74.6797,38.53489999244382],[74.6963,38.52389999243835],[74.719,38.52149999243713],[74.742,38.52299999243787],[74.7604,38.5198999924363],[74.7762,38.51059999243169],[74.8014,38.48279999241776],[74.8086,38.47769999241526],[74.82629999999999,38.469699992411215],[74.83269999999999,38.46369999240824],[74.8443,38.41729999238502],[74.8443,38.39769999237524],[74.8381,38.37939999236601],[74.8266,38.36319999235793],[74.7841,38.32569999233908],[74.77479999999998,38.30969999233108],[74.7712,38.29149999232192],[74.7712,38.19729999227464],[74.7712,38.196299992274106],[74.79059999999998,38.081399992216205],[74.8101,38.053199992202025],[74.86719999999998,38.02749999218904],[74.8699,38.026199992188346],[74.8803,38.02159999218605],[74.8929,37.99399999217211],[74.8889,37.930899992140255],[74.8907,37.89769999212343],[74.8939,37.89219999212063],[74.9051,37.886899992117975],[74.9137,37.88079999211485],[74.9116,37.873799992111365],[74.89470000000001,37.85219999210038],[74.8875,37.84889999209875],[74.8831,37.84389999209619],[74.88599999999997,37.83049999208937],[74.8911,37.822999992085585],[74.8983,37.81749999208281],[74.9494,37.79529999207157],[74.96159999999999,37.785499992066576],[74.96519999999998,37.76739999205742],[74.96159999999999,37.75809999205269],[74.95439999999999,37.747699992047416],[74.9317,37.72149999203413],[74.9282,37.7103999920285],[74.9254,37.701299992023856],[74.92350000000002,37.695299992020814],[74.91399999999999,37.684099992015135],[74.91089999999998,37.6802999920132],[74.8999,37.670099992008055],[74.89719999999998,37.667599992006764],[74.88599999999997,37.65339999199953],[74.88210000000001,37.63439999198986],[74.8918,37.59909999197191],[74.9152,37.57069999195748],[74.9451,37.54849999194619],[75.0218,37.51289999192803],[75.0358,37.50639999192473],[75.0373,37.50529999192417],[75.05339999999997,37.49379999191832],[75.1038,37.4405999918912],[75.13259999999998,37.41849999187994],[75.1506,37.40839999187478],[75.1643,37.40069999187088],[75.12849999999999,37.391199991866],[75.1153,37.38779999186428],[75.09189999999997,37.37849999185949],[75.0797,37.361199991850675],[75.07719999999999,37.3241999918318],[75.06849999999999,37.31209999182563],[75.0333,37.30159999182023],[75.0287,37.30019999181952],[74.97889999999998,37.28539999181195],[74.9753,37.28429999181144],[74.9515,37.28129999180985],[74.9328,37.27239999180532],[74.92380000000001,37.25509999179648],[74.9127,37.23889999178822],[74.90979999999999,37.237899991787685],[74.89959999999999,37.23389999178561],[74.89210000000001,37.231099991784205],[74.8626,37.24449999179106],[74.81690000000002,37.306899991822995],[74.78849999999998,37.331099991835316],[74.67080000000001,37.388799991864765],[74.6603,37.39389999186736],[74.63649999999998,37.38329999186196],[74.6315,37.381099991860864],[74.59829999999998,37.37939999185999],[74.56399999999998,37.37769999185912],[74.52129999999998,37.375599991858024],[74.4767,37.38609999186342],[74.4547,37.39359999186721],[74.4184,37.38919999186497],[74.4182,37.38919999186497],[74.41460000000001,37.38959999186521],[74.3781,37.39379999186735],[74.3683,37.39639999186867],[74.35360000000001,37.41599999187867],[74.3473,37.419199991880284],[74.3439,37.4209999918812],[74.3323,37.42039999188088],[74.32079999999999,37.41379999187753],[74.3158,37.42679999188418],[74.30409999999999,37.40059999187081],[74.3039,37.40019999187061],[74.2794,37.39749999186925],[74.2503,37.40369999187238],[74.23610000000001,37.40349999187227],[74.22399999999999,37.40339999187221],[74.20779999999999,37.38989999186533],[74.20599999999997,37.35559999184785],[74.1876,37.33839999183903],[74.1849,37.337499991838584],[74.16309999999999,37.33009999183484],[74.1305,37.3247999918321],[74.0523,37.31219999182565],[74.0288,37.30539999182219],[74.0239,37.303999991821506],[73.9911,37.29449999181663],[73.97669999999998,37.290299991814514],[73.9576,37.28709999181285],[73.9558,37.286699991812625],[73.9421,37.28159999181007],[73.89929999999998,37.26539999180178],[73.8787,37.26359999180084],[73.8564,37.26159999179982],[73.8363,37.25669999179733],[73.80349999999997,37.2324999917849],[73.79809999999999,37.228499991782876],[73.7841,37.225899991781546],[73.7686,37.22889999178308],[73.7629,37.22929999178328],[73.7463,37.23049999178394],[73.73830000000001,37.22819999178274],[73.73619999999998,37.22759999178242],[73.71999999999997,37.217499991777224],[73.70919999999998,37.21709999177707],[73.7023,37.221199991779116],[73.6879,37.23689999178717],[73.6804,37.24239999179],[73.6599,37.24369999179067],[73.6177,37.23319999178527],[73.60149999999999,37.240799991789196],[73.5972,37.261799991799904],[73.6098,37.281499991809966],[73.63110000000002,37.2959999918174],[73.64729999999999,37.30069999181979],[73.65190000000001,37.302099991820505],[73.6905,37.305199991822086],[73.7049,37.31089999182499],[73.7087,37.31349999182635],[73.7221,37.32239999183087],[73.73909999999997,37.33829999183899],[73.7455,37.35289999184646],[73.74590000000002,37.394899991867895],[73.75349999999999,37.42839999188498],[73.7178,37.43189999188677],[73.6746,37.43099999188631],[73.6513,37.43589999188881],[73.6051,37.445699991893825],[73.5534,37.46089999190158],[73.51219999999999,37.47299999190773],[73.4853,37.48089999191176],[73.4406,37.47989999191121],[73.37829999999997,37.45259999189733],[73.36999999999999,37.45449999189827],[73.36180000000002,37.456299991899186],[73.3449,37.46449999190338],[73.3446,37.46449999190338],[73.3211,37.46709999190474],[73.2963,37.464899991903614],[73.2761,37.459499991900856],[73.2603,37.44999999189603],[73.2117,37.40819999187468],[73.20629999999998,37.40629999187369],[73.2005,37.40419999187264],[73.1904,37.407199991874165],[73.1789,37.410699991875966],[73.1707,37.40839999187478],[73.1703,37.40819999187468],[73.1401,37.389399991865105],[73.13210000000001,37.38429999186247],[73.1163,37.36899999185468],[73.1142,37.36549999185291],[73.1072,37.35339999184672],[73.0993,37.339799991839776],[73.08779999999999,37.32609999183279],[73.0677,37.31509999182713],[72.9957,37.30939999182423],[72.961,37.29259999181566],[72.9414,37.28309999181078],[72.9244,37.27489999180661],[72.9024,37.253799991795795],[72.8776,37.24679999179226],[72.83040000000001,37.23979999178869],[72.7908,37.220199991778614],[72.7609,37.187399991761865],[72.7145,37.10999999172223],[72.6727,37.05759999169536],[72.6666,37.03829999168545],[72.6576,37.028899991680646],[72.63929999999999,37.026699991679486],[72.60699999999999,37.02279999167751],[72.5086,37.01109999167148],[72.4751,36.99749999166456],[72.4576,37.00009999166584],[72.42119999999997,37.00539999166863],[72.406,37.007699991669774],[72.361,37.00019999166591],[72.25979999999998,36.96729999164905],[72.2202,36.94559999163789],[72.2105,36.93659999163329],[72.1961,36.91899999162427],[72.1867,36.911399991620335],[72.15289999999999,36.8955999916122],[72.1266,36.87269999160051],[72.0705,36.83909999158324],[72.05379999999998,36.82919999157812],[72.0286,36.81409999157039],[72.01569999999998,36.80639999156641],[71.8365,36.699199991511286],[71.79759999999999,36.686099991504534],[71.7486,36.67869999150073],[71.7,36.67869999150073],[71.65290000000002,36.686999991504976],[71.64910000000002,36.688599991505804],[71.64559999999999,36.690099991506564],[71.63,36.696799991510055],[71.6111,36.70489999151421],[71.57729999999998,36.73319999152878],[71.56389999999999,36.75069999153776],[71.5528,36.76959999154747],[71.5452,36.78999999155794],[71.5384,36.836099991581676],[71.52869999999999,36.85609999159195],[71.4718,36.92999999162992],[71.46309999999998,36.94799999163914],[71.4599,36.969799991650326],[71.4599,37.01069999167132],[71.4563,37.022599991677396],[71.439,37.043999991688366],[71.4333,37.054799991693926],[71.4332,37.0550999916941],[71.4311,37.06689999170014],[71.4314,37.07629999170496],[71.4333,37.12729999173111],[71.4412,37.16839999175217],[71.4469,37.183599991759884],[71.4538,37.192599991764475],[71.4502,37.21659999177679],[71.48690000000002,37.26699999180257],[71.488,37.29499999181686],[71.49369999999998,37.30749999182326],[71.49589999999999,37.323499991831454],[71.49659999999999,37.32849999183399],[71.495,37.36629999185331],[71.4948,37.369899991855135],[71.4948,37.370699991855524],[71.4879,37.405799991873444],[71.4873,37.40909999187512],[71.49009999999998,37.42339999188246],[71.5017,37.445699991893825],[71.5114,37.485799991914234],[71.50779999999999,37.506299991924735],[71.5044,37.52579999193463],[71.5043,37.526599991935015],[71.4999,37.55159999194776],[71.4973,37.56649999195531],[71.5017,37.6102999919776],[71.5171,37.62919999198725],[71.52219999999998,37.63759999199148],[71.5292,37.67779999201192],[71.5293,37.67829999201222],[71.52939999999998,37.67859999201236],[71.5409,37.70979999202822],[71.5427,37.719499992033136],[71.5402,37.73049999203869],[71.53119999999998,37.751699992049446],[71.52939999999998,37.76109999205419],[71.53769999999999,37.77899999206331],[71.5747,37.798099992072984],[71.5902,37.81569999208189],[71.5911,37.81969999208393],[71.5942,37.83369999209103],[71.5949,37.85749999210312],[71.5942,37.86819999210849],[71.5935,37.879299992114156],[71.59229999999998,37.88369999211635],[71.5902,37.891399992120256],[71.5978,37.89839999212376],[71.5895,37.90629999212782],[71.5672,37.927999992138766],[71.5386,37.943599992146666],[71.5369,37.9444999921471],[71.5339,37.94459999214714],[71.5013,37.94619999214796],[71.4941,37.94419999214694],[71.37929999999999,37.91299999213118],[71.36089999999999,37.90199999212558],[71.34109999999998,37.89319999212116],[71.32600000000001,37.89839999212376],[71.3199,37.90049999212484],[71.2854,37.92259999213606],[71.28169999999999,37.924999992137245],[71.27129999999998,37.926099992137765],[71.2637,37.924299992136895],[71.2625,37.92479999213712],[71.25829999999998,37.926399992137945],[71.25469999999999,37.93929999214449],[71.25579999999998,37.94989999214983],[71.2659,37.97249999216127],[71.26930000000002,37.985199992167665],[71.2727,37.9979999921741],[71.27969999999999,38.008399992179385],[71.2975,38.03479999219271],[71.3026,38.04229999219649],[71.3044,38.047799992199295],[71.3159,38.083299992217185],[71.31849999999999,38.08729999221922],[71.3346,38.11159999223142],[71.335,38.11349999223242],[71.34109999999998,38.14089999224618],[71.3591,38.1839999922679],[71.36449999999998,38.206799992279386],[71.358,38.251299992301774],[71.34179999999998,38.27129999231178],[71.33429999999998,38.28059999231648],[71.3333,38.28109999231674],[71.30009999999999,38.298599992325485],[71.2628,38.31099999233176],[71.2215,38.324599992338534],[71.2176,38.32579999233914],[71.19569999999999,38.34379999234819],[71.1807,38.35599999235433],[71.1561,38.37619999236445],[71.11749999999999,38.39869999237572],[71.0895,38.40979999238126],[71.0784,38.411799992382235],[71.0769,38.41209999238242],[71.065,38.411799992382235],[71.0571,38.40899999238084],[71.05240000000002,38.40879999238076],[71.04989999999997,38.408699992380704],[71.0394,38.41529999238403],[71.0329,38.42359999238816],[71.0247,38.44189999239735],[71.01849999999999,38.449799992401275],[71.0085,38.45849999240562],[70.9984,38.46569999240923],[70.98689999999999,38.470899992411866],[70.9739,38.473699992413245],[70.95769999999999,38.47329999241303],[70.9509,38.47309999241292],[70.94329999999997,38.465899992409334],[70.94689999999997,38.44319999239796],[70.9375,38.4343999923936],[70.93609999999998,38.43299999239287],[70.93389999999998,38.43349999239316],[70.91229999999999,38.43759999239518],[70.9066,38.43969999239623],[70.8709,38.45319999240301],[70.85989999999997,38.451699992402226],[70.85939999999998,38.45159999240217],[70.8497,38.44279999239775],[70.8457,38.44119999239696],[70.8432,38.44019999239646],[70.8342,38.44059999239667],[70.8151,38.444999992398884],[70.8102,38.44609999239943],[70.809,38.4462999923995],[70.7773,38.446499992399644],[70.7656,38.44429999239854],[70.7611,38.4434999923981],[70.7423,38.42019999238648],[70.74169999999998,38.41939999238603],[70.7405,38.41929999238603],[70.7234,38.4178999923853],[70.6901,38.415099992383865],[70.6834,38.41459999238367],[70.66500000000002,38.40539999237903],[70.66500000000002,38.39869999237572],[70.6743,38.39299999237284],[70.6815,38.388599992370644],[70.68479999999998,38.386699992369664],[70.67649999999999,38.37489999236375],[70.64130000000002,38.354199992353394],[70.63729999999998,38.3523999923525],[70.6323,38.35019999235142],[70.6263,38.3503999923515],[70.6092,38.351199992351894],[70.59989999999999,38.34699999234979],[70.5959,38.3380999923453],[70.5966,38.30919999233085],[70.5831,38.27529999231378],[70.5829,38.27499999231364],[70.5732,38.27099999231168],[70.5721,38.27079999231156],[70.55949999999999,38.268199992310215],[70.54729999999999,38.26259999230745],[70.53789999999998,38.23799999229505],[70.5084,38.19249999227219],[70.4825,38.13739999224445],[70.4703,38.120499992235914],[70.4602,38.112199992231744],[70.42599999999999,38.100599992225895],[70.41550000000001,38.09459999222286],[70.37130000000002,38.05819999220451],[70.37059999999998,38.057499992204164],[70.36489999999999,38.051599992201176],[70.32629999999999,38.01129999218083],[70.3216,38.008499992179416],[70.31799999999998,38.006299992178306],[70.2939,37.996099992173185],[70.28879999999998,37.990799992170494],[70.2838,37.98179999216594],[70.2726,37.97809999216406],[70.2607,37.976499992163276],[70.2539,37.97339999216167],[70.25029999999998,37.96409999215703],[70.25029999999998,37.95559999215271],[70.2535,37.94729999214851],[70.2544,37.94639999214802],[70.2615,37.93929999214449],[70.2381,37.932299992140905],[70.2147,37.929299992139434],[70.2035,37.931099992140346],[70.1965,37.932199992140895],[70.1923,37.93289999214123],[70.1804,37.94069999214519],[70.17219999999999,37.94599999214785],[70.1607,37.92069999213507],[70.1653,37.88989999211946],[70.17900000000002,37.8606999921047],[70.1839,37.854699992101665],[70.19290000000001,37.84359999209605],[70.19589999999998,37.839899992094175],[70.2075,37.83559999209198],[70.24019999999999,37.82749999208786],[70.2471,37.819099992083636],[70.2499,37.804899992076464],[70.2564,37.7917999920698],[70.2654,37.78119999206442],[70.2751,37.77419999206089],[70.2697,37.76259999205495],[70.2719,37.74869999204792],[70.28199999999998,37.719499992033136],[70.2831,37.704799992025634],[70.2769,37.6879999920171],[70.2751,37.67539999201072],[70.26250000000002,37.66079999200327],[70.2535,37.65449999200009],[70.2553,37.637499991991426],[70.2539,37.630799991988034],[70.24090000000001,37.61719999198112],[70.2377,37.618199991981655],[70.2165,37.61719999198112],[70.20209999999999,37.587999991966264],[70.1995,37.57929999196187],[70.1927,37.57599999196021],[70.1856,37.56889999195656],[70.1806,37.56399999195405],[70.15779999999998,37.5414999919426],[70.129,37.5322999919379],[70.09910000000002,37.53659999194013],[70.06919999999998,37.545199991944514],[70.0579,37.54669999194526],[70.052,37.547399991945625],[70.0419,37.54879999194634],[70.0461,37.54379999194377],[70.048,37.5414999919426],[70.01700000000001,37.54589999194488],[70.0077,37.54879999194634],[69.9986,37.5555999919498],[69.9903,37.56649999195531],[69.98959999999998,37.56739999195578],[69.9767,37.56939999195683],[69.9554,37.575499991959916],[69.95069999999998,37.581799991963145],[69.94459999999998,37.58969999196718],[69.9353,37.60559999197525],[69.9187,37.61719999198112],[69.9087,37.61759999198134],[69.89529999999999,37.618199991981655],[69.87819999999999,37.61119999197808],[69.8532,37.60109999197295],[69.8321,37.5954999919701],[69.823,37.59299999196884],[69.81249999999999,37.58579999196515],[69.8021,37.58149999196295],[69.7844,37.59039999196751],[69.75419999999998,37.59669999197074],[69.7297,37.59409999196935],[69.6872,37.57949999196194],[69.6649,37.57609999196025],[69.59450000000001,37.58119999196283],[69.58610000000002,37.581799991963145],[69.5472,37.58459999196457],[69.5304,37.58579999196515],[69.52849999999998,37.585999991965245],[69.50869999999999,37.578999991961666],[69.49140000000001,37.53699999194033],[69.4698,37.52019999193178],[69.42549999999999,37.494199991918535],[69.41179999999999,37.47249999190746],[69.3895,37.4587999919005],[69.3845,37.453299991897644],[69.37840000000001,37.437399991889606],[69.3762,37.41879999188009],[69.3763,37.41149999187634],[69.3769,37.3805999918606],[69.3791,37.37699999185875],[69.3884,37.37499999185775],[69.3913,37.370699991855524],[69.391,37.36529999185281],[69.3859,37.363199991851694],[69.3846,37.360399991850315],[69.3845,37.360199991850166],[69.38629999999999,37.34159999184067],[69.3866,37.34079999184031],[69.3895,37.3329999918363],[69.4032,37.311199991825156],[69.406,37.29649999181763],[69.409,37.28049999180946],[69.4097,37.27669999180753],[69.418,37.26769999180291],[69.41599999999998,37.26239999180025],[69.4097,37.24569999179169],[69.4139,37.24419999179093],[69.42699999999999,37.239499991788485],[69.4412,37.237099991787304],[69.4453,37.236399991786904],[69.44210000000001,37.22359999178039],[69.42770000000002,37.20419999177048],[69.4161,37.1884999917624],[69.40790000000001,37.17739999175676],[69.3913,37.164699991750226],[69.3905,37.164199991749975],[69.35099999999998,37.14409999173971],[69.324,37.12099999172788],[69.31659999999998,37.11879999172671],[69.3121,37.11749999172608],[69.2855,37.1128999917237],[69.2657,37.10539999171989],[69.2455,37.1038999917191],[69.2222,37.11629999172544],[69.1235,37.1692999917526],[69.1184,37.17389999175494],[69.1145,37.17739999175676],[69.09649999999999,37.21299999177498],[69.092,37.21609999177653],[69.0785,37.2251999917812],[69.0554,37.237099991787304],[69.03560000000002,37.251499991794645],[69.0341,37.25539999179665],[69.0209,37.28789999181325],[69.00540000000001,37.30549999182222],[68.9852,37.32039999182989],[68.9654,37.32909999183431],[68.897,37.335999991837824],[68.88769999999998,37.3380999918389],[68.8852,37.33479999183722],[68.8902,37.3229999918312],[68.8967,37.31649999182785],[68.8999,37.31429999182676],[68.91759999999998,37.3024999918207],[68.9201,37.29209999181536],[68.9212,37.28789999181325],[68.91579999999999,37.278999991808696],[68.9046,37.27669999180753],[68.8902,37.28199999181025],[68.87689999999999,37.2959999918174],[68.8679,37.31209999182563],[68.85669999999999,37.32499999183219],[68.83579999999999,37.32909999183431],[68.8139,37.323399991831366],[68.81029999999998,37.31209999182563],[68.8137,37.30339999182117],[68.8222,37.28199999181025],[68.8236,37.26969999180393],[68.8247,37.260599991799324],[68.8204,37.2509999917944],[68.80849999999997,37.25169999179472],[68.8027,37.25469999179627],[68.7714,37.270699991804456],[68.7595,37.27529999180679],[68.74949999999998,37.27599999180715],[68.7466,37.27619999180725],[68.726,37.274599991806426],[68.6929,37.27829999180834],[68.6868,37.278999991808696],[68.68530000000001,37.278999991808696],[68.6688,37.27829999180834],[68.6576,37.26769999180291],[68.66559999999998,37.259399991798695],[68.6713,37.247199991792435],[68.6609,37.24589999179179],[68.6564,37.24539999179152],[68.6486,37.24439999179104],[68.63639999999998,37.2298999917836],[68.62699999999998,37.20629999177155],[68.6087,37.20399999177033],[68.5712,37.19469999176562],[68.5514,37.192599991764475],[68.5464,37.18809999176222],[68.5327,37.168999991752464],[68.5237,37.164699991750226],[68.50139999999999,37.1610999917484],[68.49169999999998,37.159499991747595],[68.46580000000002,37.155399991745455],[68.4038,37.15169999174357],[68.4139,37.13499999173503],[68.41790000000002,37.12829999173164],[68.415,37.121699991728185],[68.41139999999999,37.11329999172391],[68.392,37.10539999171989],[68.3657,37.10309999171866],[68.351,37.10599999172019],[68.3462,37.10689999172063],[68.3446,37.107399991720875],[68.32679999999999,37.11299999172374],[68.3074,37.11419999172437],[68.2883,37.10309999171866],[68.2807,37.08669999171026],[68.2814,37.06649999169996],[68.2863,37.036499991684515],[68.2883,37.02439999167836],[68.2778,37.010099991671005],[68.2593,37.01019999167105],[68.25369999999998,37.01029999167113],[68.2413,37.01359999167282],[68.2127,37.02129999167677],[68.1864,37.01829999167525],[68.168,37.00609999166895],[68.15179999999997,36.99279999166214],[68.1461,36.99079999166112],[68.1335,36.98649999165892],[68.1212,36.980199991655674],[68.0714,36.94599999163811],[68.055,36.93469999163235],[68.0538,36.9341999916321],[68.0423,36.92929999162957],[68.03269999999999,36.92529999162752],[68.0269,36.925499991627596],[68.0249,36.925499991627596],[68.0201,36.925699991627674],[68.01709999999999,36.9273999916286],[68.01109999999998,36.9307999916303],[67.9963,36.95569999164309]]]}},{"type":"Feature","properties":{"ADMIN":"KGZ_N","ISO_A3":"KGZ","admin_source":"World Bank GAD, artifact wb_boundaries_20260820","admin_units":"Chuy, Naryn, Talas, Ysyk-Kol","epm_zone":"KGZ_N","epm_country":"KGZ","split_rationale":"Before the Datka-Kemin 500 kV line the Kyrgyz north could only reach the southern cascade through Kazakh and Uzbek networks; the model keeps the two halves as separate nodes with an internal limit.","grid_area":"Kyrgyz northern grid (Bishkek / Kemin)","model_plants":"Bishkek CHP, At-Bashi, Kambarata-2","caveat":"Kambarata-2 sits in Jalal-Abad (territorially KGZ_S) but feeds the northern 500 kV corridor, so the model dispatches it in KGZ_N. The polygon follows territory, not this single plant."},"geometry":{"type":"Polygon","coordinates":[[[75.7947,40.30869999330888],[75.79359999999998,40.30889999330893],[75.772,40.31009999330952],[75.7504,40.30829999330869],[75.7043,40.29309999330145],[75.6952,40.29249999330118],[75.682,40.2916999933008],[75.66469999999997,40.305699993307435],[75.65639999999999,40.322999993315655],[75.6402,40.36719999333655],[75.63840000000002,40.386099993345525],[75.6463,40.405299993354625],[75.6597,40.419099993361115],[75.6694,40.43239999336745],[75.6669,40.4501999933758],[75.65709999999999,40.461099993381],[75.62909999999998,40.4812999933905],[75.61789999999999,40.49389999339642],[75.6107,40.51279999340531],[75.6057,40.56929999343194],[75.5877,40.611999993451974],[75.55990000000001,40.632899993461834],[75.52390000000001,40.63309999346187],[75.4848,40.61549999345363],[75.48180000000002,40.61409999345299],[75.4646,40.603599993448064],[75.461,40.60139999344704],[75.3751,40.54869999342223],[75.3014,40.50349999340097],[75.26330000000002,40.480199993389974],[75.2532,40.475999993388],[75.22909999999999,40.47029999338532],[75.22009999999997,40.452999993377155],[75.21610000000001,40.448599993375076],[75.21249999999999,40.4446999933732],[75.19379999999998,40.441199993371576],[75.17549999999999,40.448099993374846],[75.15890000000002,40.45689999337899],[75.1567,40.45809999337958],[75.138,40.46379999338225],[75.1132,40.46069999338079],[75.06419999999999,40.44379999337279],[75.0638,40.44379999337279],[75.03899999999999,40.44109999337154],[75.0023,40.44719999337442],[74.96589999999998,40.4592999933801],[74.9405,40.47269999338642],[74.928,40.47929999338955],[74.8792,40.50509999340174],[74.8565,40.5131999934055],[74.83529999999999,40.51159999340481],[74.8201,40.49389999339642],[74.8194,40.492099993395584],[74.8187,40.506999993402616],[74.7905,40.526299993411676],[74.7749,40.5085999934034],[74.7385,40.51289999340541],[74.7275,40.52119999340929],[74.6857,40.51579999340673],[74.65609999999998,40.53389999341528],[74.60499999999998,40.5393999934179],[74.5832,40.55289999342424],[74.5582,40.545499993420755],[74.5691,40.57969999343682],[74.5835,40.597699993445275],[74.55549999999998,40.625699993458426],[74.5355,40.62739999345924],[74.4997,40.64379999346691],[74.4475,40.65169999347061],[74.36379999999998,40.68739999348732],[74.3541,40.70519999349567],[74.3414,40.70099999349368],[74.31719999999999,40.71839999350185],[74.3088,40.73509999350967],[74.28329999999998,40.76149999352197],[74.2609,40.76749999352476],[74.243,40.78889999353471],[74.24109999999999,40.80069999354027],[74.20539999999998,40.80359999354161],[74.1972,40.80939999354429],[74.1901,40.84879999356262],[74.1591,40.87649999357554],[74.12599999999999,40.887399993580594],[74.1193,40.907399993589856],[74.0851,40.9082999935903],[74.0508,40.95739999361307],[74.02489999999999,40.96079999361465],[74.01550000000002,40.975299993621384],[74.04089999999998,41.00789999363645],[74.0624,41.02939999364637],[74.1017,41.053999993657776],[74.0139,41.11539999368605],[74.0262,41.12629999369106],[74.0282,41.14499999369967],[74.08559999999999,41.151499993702686],[74.0812,41.16249999370774],[74.1064,41.16909999371075],[74.1413,41.186699993718804],[74.1481,41.196899993723484],[74.1865,41.19289999372166],[74.2641,41.20729999372826],[74.2985,41.20719999372823],[74.333,41.193499993721936],[74.3518,41.205399993727426],[74.3148,41.24799999374695],[74.2927,41.29079999376652],[74.3405,41.30909999377493],[74.37909999999998,41.31129999377589],[74.4051,41.32109999378038],[74.4233,41.339999993789],[74.4616,41.350399993793765],[74.49609999999998,41.350499993793804],[74.54730000000002,41.35849999379742],[74.54759999999999,41.36989999380262],[74.612,41.37789999380631],[74.63999999999999,41.407799993819864],[74.6637,41.413099993822286],[74.6873,41.42839999382926],[74.67080000000001,41.44019999383462],[74.6837,41.4493999938388],[74.6863,41.47389999384992],[74.7004,41.481099993853206],[74.6951,41.51179999386714],[74.7131,41.52549999387327],[74.70509999999999,41.54879999388384],[74.71679999999999,41.5993999939067],[74.73289999999999,41.60519999390931],[74.73730000000002,41.62339999391751],[74.7284,41.63969999392488],[74.6928,41.64089999392542],[74.66530000000002,41.63329999392202],[74.657,41.62099999391644],[74.5963,41.59219999390349],[74.557,41.58589999390059],[74.5242,41.56839999389269],[74.5051,41.56829999389269],[74.4762,41.58079999389832],[74.43399999999998,41.57849999389729],[74.4268,41.562599993890096],[74.38440000000001,41.54079999388022],[74.37279999999998,41.55249999388551],[74.3336,41.56189999388982],[74.32149999999999,41.57089999389385],[74.29639999999999,41.57199999389432],[74.245,41.56069999388921],[74.2102,41.56219999388989],[74.20030000000001,41.55039999388457],[74.1777,41.551899993885264],[74.1547,41.569699993893295],[74.11889999999997,41.57949999389774],[74.09130000000002,41.57619999389626],[74.07700000000001,41.565299993891294],[74.0139,41.575899993896094],[73.9888,41.5951999939048],[73.97779999999999,41.59419999390436],[73.9622,41.6159999939142],[73.9413,41.625599993918556],[73.93210000000002,41.61909999391562],[73.931,41.633399993922076],[73.9143,41.64349999392658],[73.90930000000002,41.66339999393558],[73.88569999999999,41.70439999395402],[73.92009999999999,41.70589999395465],[73.9383,41.69469999394962],[73.97259999999999,41.69359999394915],[73.9812,41.68409999394489],[74.0203,41.679399993942745],[74.0427,41.6594999939338],[74.0431,41.645299993927416],[74.0307,41.62719999391926],[74.05049999999999,41.60579999390963],[74.06609999999999,41.60269999390823],[74.0825,41.6134999939131],[74.07890000000002,41.62539999391844],[74.07669999999997,41.69889999395151],[74.087,41.725399993963414],[74.05129999999998,41.73499999396775],[74.0163,41.73149999396616],[73.9784,41.74019999397005],[73.98319999999998,41.75599999397716],[73.97049999999999,41.76819999398259],[73.9594,41.81439999400329],[73.9661,41.82499999400807],[73.9448,41.846499994017655],[73.9013,41.84589999401737],[73.88979999999998,41.83689999401337],[73.8633,41.84719999401794],[73.8505,41.8436999940164],[73.8019,41.87309999402951],[73.79989999999998,41.849799994019136],[73.7781,41.84789999401826],[73.749,41.86129999402423],[73.7151,41.86869999402756],[73.7334,41.880399994032786],[73.7415,41.902299994042544],[73.76059999999998,41.910499994046184],[73.76179999999997,41.92189999405125],[73.78569999999999,41.94849999406309],[73.7628,42.00699999408903],[73.73499999999999,42.003599994087516],[73.6847,42.01559999409289],[73.6416,42.00149999408664],[73.60989999999998,42.0006999940863],[73.59979999999999,41.99469999408357],[73.5673,42.00179999408673],[73.54779999999998,41.995199994083784],[73.52009999999999,41.995199994083784],[73.4949,42.00889999408992],[73.4556,42.01159999409108],[73.441,42.02139999409541],[73.4175,42.0140999940922],[73.383,42.03299999410061],[73.3493,42.023199994096224],[73.32869999999998,42.03719999410244],[73.33189999999999,42.05499999411029],[73.3184,42.07939999412109],[73.3028,42.09329999412727],[73.28520000000002,42.09359999412736],[73.2594,42.10509999413244],[73.2334,42.1058999941328],[73.16639999999998,42.11869999413846],[73.1397,42.113799994136286],[73.1107,42.12109999413951],[73.08759999999998,42.112599994135735],[73.03940000000001,42.116199994137325],[73.0287,42.13239999414445],[72.99999999999999,42.1183999941383],[72.97129999999999,42.140499994148044],[72.9277,42.10289999413146],[72.8832,42.09589999412836],[72.88829999999999,42.065599994115],[72.8617,42.06359999411408],[72.8339,42.04839999410739],[72.8154,42.04959999410789],[72.78810000000001,42.06029999411263],[72.7724,42.07759999412026],[72.7463,42.08609999412402],[72.70169999999997,42.118899994138516],[72.66870000000002,42.129999994143425],[72.6497,42.12409999414081],[72.60630000000002,42.137999994146966],[72.5774,42.13529999414578],[72.57189999999999,42.14649999415067],[72.54879999999999,42.155799994154826],[72.50809999999997,42.15279999415346],[72.4761,42.16579999415916],[72.4399,42.157199994155434],[72.39439999999999,42.16259999415776],[72.3963,42.1832999941669],[72.36899999999999,42.19999999417423],[72.3389,42.20929999417831],[72.3258,42.2126999941798],[72.2833,42.21099999417904],[72.25569999999999,42.21989999418294],[72.2174,42.214399994180575],[72.2231,42.1832999941669],[72.1827,42.15279999415346],[72.186,42.11739999413787],[72.1932,42.109199994134244],[72.1781,42.07419999411875],[72.1335,42.055399994110495],[72.1066,42.06159999411326],[72.0968,42.0757999941195],[72.072,42.06869999411634],[72.01819999999998,42.094199994127635],[71.9812,42.09919999412984],[71.9682,42.10699999413328],[71.9142,42.120699994139336],[71.8903,42.134799994145524],[71.8451,42.1366999941464],[71.8249,42.14709999415096],[71.78940000000001,42.1460999941505],[71.72819999999999,42.16709999415974],[71.70950000000002,42.167499994159925],[71.69539999999999,42.18439999416738],[71.67589999999998,42.18979999416977],[71.6486,42.20889999417817],[71.62819999999999,42.207299994177475],[71.6073,42.214799994180744],[71.5599,42.19709999417296],[71.5097,42.201099994174726],[71.4951,42.19869999417367],[71.48219999999999,42.1832999941669],[71.4199,42.18919999416948],[71.3707,42.208199994177846],[71.3236,42.208199994177846],[71.2915,42.214199994180476],[71.26799999999999,42.20419999417606],[71.2383,42.15339999415374],[71.22079999999997,42.148399994151525],[71.21009999999998,42.133599994145],[71.1996,42.14039999414803],[71.20110000000001,42.14079999414815],[71.23809999999999,42.16019999415673],[71.25330000000001,42.19759999417319],[71.218,42.206299994176995],[71.0776,42.28109999420976],[71.04589999999999,42.290899994214065],[71.0206,42.28839999421299],[71.0142,42.28769999421269],[70.96959999999997,42.26339999420203],[70.9606,42.25699999419927],[70.948,42.24809999419533],[70.91879999999999,42.25339999419767],[70.8979,42.26149999420123],[70.8956,42.26329999420203],[70.8917,42.2661999942033],[70.858,42.29099999421411],[70.8526,42.3060999942207],[70.86479999999999,42.32149999422747],[70.88159999999999,42.333399994232664],[70.90049999999998,42.34669999423845],[70.9329,42.37619999425132],[70.93969999999997,42.387799994256405],[70.9394,42.388599994256744],[70.9375,42.3947999942594],[70.9318,42.401499994262345],[70.93,42.41219999426701],[70.9324,42.41989999427038],[70.93309999999998,42.42199999427124],[70.93609999999998,42.431599994275416],[70.94759999999997,42.45129999428403],[70.962,42.46799999429125],[70.9662,42.470999994292576],[70.97710000000001,42.478799994295954],[71.0247,42.455899994285986],[71.0409,42.454699994285484],[71.0549,42.46029999428791],[71.06429999999999,42.47029999429222],[71.0651,42.47499999429429],[71.0664,42.4820999942974],[71.0578,42.49339999430222],[71.0229,42.516399994312195],[71.0128,42.52599999431638],[71.00469999999999,42.55709999432984],[71.00310000000002,42.563499994332595],[71.0405,42.58049999433993],[71.1269,42.59049999434426],[71.1427,42.602599994349454],[71.1433,42.60409999435009],[71.14809999999999,42.6172999943558],[71.1463,42.65679999437278],[71.1489,42.67779999438177],[71.1575,42.68789999438614],[71.1953,42.69719999439016],[71.2115,42.70519999439355],[71.2237,42.71789999439904],[71.24529999999999,42.74709999441151],[71.2626,42.75349999441427],[71.2719,42.75139999441335],[71.28459999999998,42.748399994412075],[71.3083,42.740099994408524],[71.32990000000001,42.736899994407146],[71.34759999999999,42.74279999440965],[71.36309999999999,42.754099994414545],[71.3764,42.76829999442059],[71.3868,42.782999994426866],[71.40450000000001,42.79489999443196],[71.4255,42.79539999443217],[71.42890000000001,42.79549999443218],[71.4681,42.78569999442801],[71.47720000000001,42.78349999442708],[71.49369999999998,42.78889999442941],[71.5042,42.78959999442968],[71.51429999999999,42.78559999442802],[71.5539,42.7607999944174],[71.5665,42.75729999441589],[71.5837,42.75959999441688],[71.6935,42.81179999443913],[71.6991,42.81309999443972],[71.72629999999997,42.819699994442566],[71.7825,42.821699994443385],[71.7969,42.82219999444363],[71.8314,42.831499994447555],[71.8476,42.83399999444863],[71.89549999999998,42.815899994440905],[71.95709999999998,42.80449999443604],[71.99129999999998,42.790399994430025],[72.0087,42.78329999442699],[72.0726,42.75709999441577],[72.0833,42.754899994414835],[72.10499999999998,42.7502999944129],[72.1201,42.751799994413545],[72.1489,42.76199999441786],[72.1641,42.76499999441919],[72.2922,42.760999994417496],[72.348,42.744499994410404],[72.3585,42.74139999440906],[72.4769,42.682599994383835],[72.4914,42.680499994382934],[72.5073,42.678199994381956],[72.51179999999998,42.67759999438172],[72.58379999999998,42.67829999438201],[72.6571,42.66509999437636],[72.7257,42.652799994371044],[72.757,42.64019999436566],[72.7807,42.620499994357175],[72.8153,42.57289999433663],[72.8396,42.55649999432956],[72.8409,42.55559999432917],[72.8747,42.54389999432413],[72.90820000000001,42.53689999432107],[72.9084,42.53689999432107],[72.9216,42.53649999432093],[72.94239999999999,42.53599999432073],[72.9437,42.53619999432078],[73.0705,42.55189999432757],[73.1152,42.5507999943271],[73.1526,42.53919999432208],[73.1683,42.531199994318655],[73.18899999999998,42.520699994314064],[73.20699999999998,42.51709999431254],[73.26,42.51439999431138],[73.2783,42.51339999431093],[73.29139999999998,42.509699994309315],[73.3013,42.50699999430814],[73.30679999999998,42.502099994306015],[73.31640000000002,42.49369999430236],[73.31349999999998,42.463199994289155],[73.3141,42.44499999428124],[73.3143,42.441599994279755],[73.3261,42.42869999427417],[73.41759999999998,42.41699999426911],[73.47699999999998,42.39909999426131],[73.5051,42.40289999426293],[73.5051,42.41739999426929],[73.5051,42.421499994271045],[73.4487,42.5024999943062],[73.43309999999998,42.52489999431589],[73.428,42.53499999432031],[73.41759999999998,42.55609999432941],[73.41,42.58949999434381],[73.4125,42.627299994360065],[73.4237,42.662699994375316],[73.5036,42.7939999944316],[73.50720000000001,42.80939999443812],[73.5043,42.82749999444586],[73.49209999999997,42.860999994460094],[73.4896,42.87779999446724],[73.49319999999999,42.89489999447454],[73.4946,42.897599994475705],[73.5011,42.909199994480595],[73.52160000000002,42.936099994492004],[73.52169999999998,42.93629999449212],[73.5395,42.97409999450812],[73.5598,43.01729999452638],[73.5709,43.03189999453249],[73.5818,43.038999994535516],[73.58679999999998,43.04219999453687],[73.6339,43.06239999454539],[73.7375,43.09389999455865],[73.80570000000002,43.114699994567395],[73.8229,43.11729999456846],[73.8499,43.11649999456812],[73.86429999999997,43.115999994567886],[73.9018,43.130899994574186],[73.9349,43.19959999460297],[73.957,43.2120999946082],[73.96549999999999,43.21689999461023],[73.9853,43.21159999460797],[74.02129999999998,43.186299994597405],[74.02340000000001,43.18579999459716],[74.04,43.18189999459553],[74.0624,43.18379999459636],[74.1973,43.19569999460134],[74.19869999999997,43.19629999460159],[74.21389999999998,43.20259999460422],[74.2162,43.215499994609594],[74.2164,43.21689999461023],[74.20599999999997,43.23409999461735],[74.2044,43.23569999461804],[74.17859999999999,43.26169999462888],[74.1931,43.255699994626404],[74.20779999999999,43.249699994623846],[74.2585,43.215799994609746],[74.287,43.20719999460617],[74.32009999999998,43.2015999946038],[74.3489,43.19099999459939],[74.4004,43.15949999458615],[74.42049999999999,43.15179999458293],[74.46269999999998,43.14869999458161],[74.49829999999999,43.131099994574285],[74.53929999999998,43.1228999945708],[74.5581,43.11499999456751],[74.57209999999999,43.102099994562124],[74.59689999999999,43.07019999454867],[74.6113,43.05809999454355],[74.71389999999998,42.999799994518995],[74.74889999999998,42.98999999451486],[74.7507,42.98969999451473],[74.86299999999999,42.975799994508826],[74.94869999999999,42.944899994495785],[74.9767,42.926399994487895],[75.0055,42.9163999944837],[75.06600000000002,42.90249999447775],[75.0941,42.89019999447254],[75.1182,42.87649999446671],[75.1787,42.84959999445524],[75.2046,42.84509999445332],[75.2712,42.84569999445359],[75.4966,42.82399999444437],[75.53579999999998,42.826999994445636],[75.55600000000001,42.82519999444489],[75.6204,42.80519999443637],[75.6463,42.80609999443675],[75.65270000000001,42.808099994437605],[75.6751,42.81539999444069],[75.7039,42.83039999444707],[75.7277,42.84859999445483],[75.73809999999999,42.861599994460356],[75.7705,42.925599994487584],[75.78209999999999,42.933299994490845],[75.79720000000002,42.936099994492004],[75.83099999999999,42.93809999449289],[75.8591,42.93969999449352],[75.898,42.93569999449185],[75.9765,42.91869999448466],[75.99909999999998,42.91749999448415],[76.0184,42.92229999448614],[76.0647,42.93389999449107],[76.09059999999997,42.934299994491276],[76.1361,42.92609999448777],[76.1637,42.92109999448565],[76.2325,42.92109999448565],[76.2544,42.92109999448565],[76.2781,42.9156999944834],[76.30250000000001,42.910199994481],[76.3404,42.901699994477404],[76.3512,42.90279999447789],[76.371,42.90949999448074],[76.3829,42.90999999448095],[76.3933,42.90519999447891],[76.40449999999998,42.88919999447211],[76.4142,42.88549999447057],[76.4322,42.88949999447226],[76.46209999999998,42.91099999448137],[76.4805,42.91699999448392],[76.50379999999998,42.91469999448295],[76.5067,42.91439999448282],[76.5589,42.898199994475924],[76.58489999999999,42.8947999944745],[76.6057,42.89849999447607],[76.6443,42.91109999448141],[76.6669,42.91069999448123],[76.6889,42.910199994481],[76.708,42.91369999448257],[76.74609999999998,42.928799994488905],[76.7505,42.932599994490545],[76.75289999999998,42.93809999449289],[76.7541,42.94069999449402],[76.76129999999999,42.941999994494516],[76.78539999999997,42.939599994493506],[76.79289999999999,42.94299999449492],[76.7992,42.94839999449723],[76.81419999999999,42.96149999450277],[76.8336,42.97159999450706],[76.8353,42.97179999450714],[76.85340000000001,42.97409999450812],[76.8651,42.97419999450819],[76.8773,42.974299994508215],[76.88779999999998,42.97439999450823],[76.89769999999999,42.97449999450826],[76.93729999999996,42.985899994513126],[76.9567,42.98849999451419],[76.967,42.98529999451287],[76.9765,42.98219999451157],[77.00769999999999,42.978299994509904],[77.05939999999997,42.9718999945072],[77.0899,42.96809999450559],[77.1241,42.95889999450168],[77.13489999999999,42.95169999449862],[77.16369999999999,42.921999994486036],[77.1789,42.91309999448225],[77.1951,42.90999999448095],[77.21619999999999,42.9098999944809],[77.22959999999999,42.90979999448085],[77.3283,42.897499994475645],[77.3469,42.901499994477355],[77.36099999999999,42.90449999447863],[77.3997,42.91849999448458],[77.40309999999998,42.919699994485036],[77.4186,42.92229999448614],[77.4341,42.92139999448576],[77.4618,42.91439999448282],[77.5014,42.91449999448284],[77.5209,42.90679999447956],[77.5385,42.89619999447511],[77.55789999999999,42.888099994471645],[77.5745,42.88779999447152],[77.6271,42.906499994479475],[77.64789999999999,42.90949999448074],[77.68980000000002,42.90829999448021],[77.7138,42.9074999944799],[77.7265,42.905299994478916],[77.78109999999997,42.895599994474836],[77.7981,42.8774999944671],[77.80990000000001,42.87119999446446],[77.83549999999998,42.87979999446812],[77.841,42.88219999446914],[77.8611,42.89079999447279],[77.88369999999999,42.893199994473804],[77.9071,42.89119999447294],[77.9295,42.884899994470295],[77.9863,42.860199994459755],[77.9917,42.85949999445951],[78.03060000000002,42.85459999445743],[78.04600000000002,42.85559999445784],[78.1028,42.85949999445951],[78.1232,42.86089999446008],[78.13789999999997,42.86189999446051],[78.1623,42.860999994460094],[78.18359999999997,42.860199994459755],[78.22969999999997,42.8649999944618],[78.2491,42.862299994460685],[78.2902,42.85139999445605],[78.31109999999998,42.85039999445563],[78.32829999999997,42.855299994457695],[78.33019999999999,42.856199994458095],[78.3647,42.87249999446504],[78.3651,42.872599994465055],[78.3856,42.878199994467444],[78.402,42.87909999446779],[78.4268,42.88049999446843],[78.4295,42.88059999446845],[78.4961,42.87559999446634],[78.58929999999998,42.85139999445605],[78.5944,42.85009999445554],[78.5978,42.84869999445488],[78.6354,42.83239999444791],[78.67,42.811099994438855],[78.6873,42.80449999443604],[78.80789999999999,42.79549999443218],[78.88809999999998,42.77109999442182],[78.9544,42.76839999442062],[78.9929,42.75709999441577],[79.03069999999998,42.75609999441536],[79.09439999999998,42.77989999442556],[79.1088,42.78529999442787],[79.13309999999998,42.788699994429265],[79.1484,42.79089999443025],[79.1733,42.78559999442802],[79.1808,42.775399994423594],[79.1804,42.772499994422354],[79.17509999999997,42.736899994407146],[79.176,42.71649999439844],[79.1761,42.71389999439731],[79.18190000000001,42.69359999438858],[79.1923,42.67479999438049],[79.2064,42.656399994372634],[79.24199999999999,42.62979999436114],[79.3181,42.603199994349694],[79.32049999999998,42.602399994349355],[79.3212,42.60209999434923],[79.35290000000002,42.577199994338486],[79.39830000000002,42.496999994303835],[79.4256,42.46959999429193],[79.4764,42.453899994285166],[79.57179999999998,42.44939999428318],[79.62280000000001,42.456799994286385],[79.64179999999999,42.45949999428756],[79.6524,42.460999994288194],[79.6963,42.45969999428762],[79.9181,42.42439999427232],[79.96019999999999,42.40349999426323],[79.97379999999998,42.39159999425806],[79.97389999999999,42.39149999425796],[79.9849,42.379399994252694],[80.0121,42.34939999423962],[80.07689999999998,42.305799994220635],[80.11,42.27329999420637],[80.1366,42.23879999419129],[80.1665,42.20869999417805],[80.1718,42.206399994177026],[80.21040000000002,42.189399994169555],[80.2165,42.17439999416293],[80.2198,42.14189999414863],[80.22449999999999,42.12559999414149],[80.23529999999998,42.11089999413498],[80.2475,42.09839999412947],[80.25650000000002,42.084399994123316],[80.2576,42.06519999411482],[80.2313,42.0336999941009],[80.182,42.020999994095234],[79.93069999999999,42.02329999409626],[79.87959999999998,42.013099994091746],[79.8473,42.00319999408738],[79.84290000000001,42.00179999408673],[79.8267,41.99219999408251],[79.81299999999997,41.977599994075995],[79.804,41.959999994068184],[79.79250000000002,41.922799994051644],[79.78309999999999,41.90509999404377],[79.7665,41.89329999403852],[79.74749999999999,41.879699994032414],[79.70279999999998,41.87489999403034],[79.6557,41.87589999403074],[79.6168,41.86869999402756],[79.61099999999999,41.867599994027074],[79.5671,41.844199994016606],[79.55449999999998,41.83749999401362],[79.48969999999998,41.81919999400547],[79.41089999999997,41.77859999398728],[79.39069999999998,41.772699993984645],[79.3673,41.77239999398455],[79.30429999999997,41.78759999399133],[79.2902,41.78489999399013],[79.2823,41.78339999398942],[79.26469999999999,41.774399993985426],[79.21750000000002,41.741199993970525],[79.1959,41.729499993965256],[79.1884,41.72699999396414],[79.17469999999999,41.72259999396219],[79.1279,41.714299993958456],[79.11879999999998,41.71159999395721],[79.0887,41.70259999395318],[79.064,41.68919999394717],[79.0284,41.66989999393849],[79.00779999999997,41.65879999393349],[78.9763,41.64179999392586],[78.9254,41.63449999392252],[78.9159,41.63319999392199],[78.89750000000001,41.62629999391885],[78.80709999999999,41.57839999389724],[78.7282,41.55499999388668],[78.7092,41.54939999388416],[78.67209999999999,41.53839999387917],[78.6581,41.53239999387642],[78.6451,41.5236999938725],[78.6376,41.51279999386757],[78.6293,41.48789999385625],[78.6192,41.477999993851796],[78.60609999999998,41.47359999384977],[78.5839,41.46599999384634],[78.5395,41.45899999384316],[78.5105,41.45439999384108],[78.43819999999998,41.41239999382198],[78.41759999999998,41.40049999381656],[78.3777,41.38659999381027],[78.35999999999999,41.377399993806065],[78.34349999999999,41.36199999379906],[78.3395,41.34389999379078],[78.3568,41.30549999377326],[78.3597,41.287399993764964],[78.3496,41.27039999375717],[78.33159999999998,41.25869999375181],[78.29159999999999,41.24079999374367],[78.27539999999999,41.228899993738175],[78.2502,41.200599993725234],[78.2045,41.13369999369446],[78.19050000000001,41.11769999368712],[78.17609999999999,41.1054999936815],[78.0749,41.03939999365098],[78.0573,41.03429999364866],[78.0364,41.036099993649444],[77.9975,41.049699993655736],[77.86679999999998,41.06399999366234],[77.8312,41.06289999366185],[77.82299999999998,41.0608999936609],[77.7977,41.05469999365806],[77.73400000000001,41.02889999364616],[77.72350000000002,41.02469999364421],[77.6707,41.003299993634315],[77.6656,41.001199993633314],[77.6505,40.99709999363149],[77.63169999999998,40.995799993630854],[77.59050000000002,40.99729999363157],[77.58059999999999,40.9975999936317],[77.5746,40.996299993631105],[77.5036,40.980999993624],[77.4748,40.981999993624456],[77.4453,40.99359999362983],[77.3887,41.0116999936382],[77.3329,41.0206999936424],[77.3192,41.020099993642106],[77.3013,41.0191999936417],[77.2624,41.01009999363745],[77.24330000000002,41.005599993635414],[77.11870000000002,41.0116999936382],[77.0885,41.01949999364183],[77.0349,41.04029999365143],[77.0079,41.04409999365319],[76.9384,41.032199993647666],[76.9002,41.02569999364464],[76.8884,41.021899993642926],[76.86939999999997,41.01589999364016],[76.86100000000002,41.013199993638914],[76.83509999999997,40.99349999362978],[76.821,40.9776999936225],[76.82,40.977199993622236],[76.7839,40.957099993612914],[76.7667,40.9446999936072],[76.7573,40.92579999359846],[76.7609,40.906599993589516],[76.7685,40.886999993580396],[76.771,40.867099993571145],[76.76229999999998,40.84689999356173],[76.74690000000001,40.834499993556],[76.72079999999998,40.823399993550844],[76.7073,40.81759999354816],[76.6741,40.79539999353777],[76.65080000000002,40.768199993525116],[76.64789999999999,40.76479999352353],[76.64,40.7480999935157],[76.63089999999998,40.72889999350676],[76.62409999999998,40.627599993459306],[76.6209,40.61159999345182],[76.6209,40.61119999345163],[76.6093,40.59709999344497],[76.60339999999997,40.59359999344336],[76.55639999999998,40.56559999343022],[76.53119999999997,40.534999993415795],[76.4988,40.464599993382606],[76.4765,40.43609999336915],[76.44909999999999,40.415499993359454],[76.37589999999999,40.37879999334208],[76.362,40.37179999333874],[76.35329999999999,40.365399993335764],[76.3303,40.34829999332764],[76.33,40.34809999332755],[76.3134,40.34329999332529],[76.2994,40.35569999333114],[76.2844,40.41239999335799],[76.2832,40.41719999336023],[76.282,40.41919999336114],[76.2773,40.42739999336506],[76.27349999999998,40.43409999336823],[76.24429999999998,40.441199993371576],[76.2155,40.41649999335991],[76.1849,40.38409999334459],[76.15139999999997,40.368099993337],[76.1374,40.37069999333825],[76.1327,40.37149999333863],[76.12349999999999,40.37539999334046],[76.0953,40.38729999334607],[76.07619999999999,40.39189999334827],[76.0517,40.39009999334739],[76.0001,40.37119999333848],[75.9624,40.35739999333196],[75.94949999999999,40.34309999332515],[75.93790000000001,40.32619999331715],[75.92579999999998,40.313699993311204],[75.9214,40.30909999330905],[75.91129999999998,40.30379999330656],[75.9019,40.29879999330416],[75.8803,40.29529999330248],[75.85840000000002,40.29629999330296],[75.7947,40.30869999330888]]]}},{"type":"Feature","properties":{"ADMIN":"NEPS_AFG","ISO_A3":"AFG","admin_source":"World Bank GAD, artifact wb_boundaries_20260820","admin_units":"Baghlan, Bamyan, Daykundi, Ghazni, Hilmand, Kabul, Kandahar, Kapisa, Khost, Kunar, Laghman, Logar, Nangarhar, Nuristan, Paktika, Paktya, Panjsher, Parwan, Uruzgan, Wardak, Zabul","epm_zone":"NEPS_AFG","epm_country":"AFG","split_rationale":"The only Afghan zone with its own generation: the Kabul river plants and Kajaki. Everything the country imports is delivered to it through the four border nodes below.","grid_area":"NEPS core (Kabul) + domestic hydro","model_plants":"Tarakhil, Naghlu, Sorobi, Darunta, Mahipar, Kajaki, Pul-e-Khumri","caveat":"Kandahar, Helmand, Uruzgan and Zabul are physically the separate SEPS island, but the 2020 model carries a single domestic Afghan zone and dispatches Kajaki (Helmand, which supplies SEPS) in it, so they are folded in here. Within the polygon, provinces served only by isolated micro-grids are covered by approximation."},"geometry":{"type":"Polygon","coordinates":[[[67.591,31.464799988849034],[67.5971,31.425699988830196],[67.6115,31.410799988823037],[67.6313,31.400099988817903],[67.6359,31.398999988817415],[67.6511,31.395399988815655],[67.6743,31.397999988816913],[67.73419999999999,31.404799988820162],[67.7702,31.39459998881526],[67.7749,31.35279998879518],[67.76479999999998,31.334099988786235],[67.7494,31.32809998878335],[67.709,31.32939998878395],[67.6928,31.32519998878196],[67.6788,31.316599988777867],[67.6658,31.30629998877289],[67.6021,31.271099988756095],[67.5838,31.265299988753295],[67.5817,31.264899988753122],[67.5333,31.25719998874944],[67.5301,31.2566999887492],[67.49340000000001,31.2428999887426],[67.434,31.236099988739355],[67.36449999999998,31.210699988727235],[67.3623,31.21039998872707],[67.3462,31.2076999887258],[67.3369,31.208499988726203],[67.2821,31.21269998872818],[67.255,31.211599988727684],[67.2302,31.21059998872719],[67.2137,31.212299988728017],[67.1975,31.21719998873032],[67.1969,31.21739998873044],[67.19320000000002,31.218499988730986],[67.18969999999999,31.22009998873172],[67.18030000000002,31.22469998873391],[67.1568,31.235899988739252],[67.1462,31.238599988740564],[67.13659999999999,31.241099988741755],[67.1168,31.24039998874139],[67.0783,31.232099988737463],[67.0582,31.232399988737594],[67.0523,31.233299988737997],[67.03509999999999,31.235899988739252],[67.0229,31.239399988740917],[67.01529999999998,31.244699988743456],[67.0139,31.25269998874731],[67.0236,31.26479998875307],[67.02610000000001,31.272999988756993],[67.024,31.295299988767663],[67.0189,31.305199988772358],[67.0168,31.309199988774292],[67.002,31.315899988777517],[66.9433,31.314799988777008],[66.90589999999999,31.305599988772563],[66.83859999999999,31.276999988758906],[66.8087,31.254799988748285],[66.7853,31.23179998873733],[66.7594,31.214799988729222],[66.7212,31.21029998872704],[66.69709999999999,31.195899988720203],[66.6632,31.083099988666557],[66.6438,31.060199988655697],[66.5498,30.97709998861643],[66.5293,30.968999988612595],[66.5275,30.968299988612255],[66.41450000000002,30.94859998860297],[66.39219999999997,30.944699988601165],[66.3752,30.93669998859737],[66.3662,30.922999988590888],[66.268,30.601399988440644],[66.2651,30.557899988420502],[66.28199999999998,30.518099988402085],[66.3061,30.491199988389663],[66.3137,30.478299988383743],[66.31939999999999,30.45789998837434],[66.322,30.437399988364884],[66.3029,30.305299988304345],[66.3054,30.2447999882768],[66.30069999999999,30.22559998826805],[66.2363,30.111699988216436],[66.2219,30.073799988199365],[66.2194,30.057899988192194],[66.2251,30.044399988186118],[66.2604,30.023099988176508],[66.3014,29.986799988160243],[66.3324,29.96619998815103],[66.3407,29.956599988146714],[66.3367,29.952099988144695],[66.3223,29.946499988142183],[66.3018,29.915799988128477],[66.2752,29.885199988114785],[66.19559999999998,29.83539998809265],[65.0364,29.540299987962687],[64.9867,29.541599987963238],[64.82039999999999,29.567899987974766],[64.72769999999998,29.568599987975027],[64.4996,29.570299987975787],[64.4777,29.570499987975865],[64.3871,29.546799987965507],[64.3787,29.544699987964606],[64.30569999999999,29.525599987956266],[64.2976,29.523499987955372],[64.28889999999998,29.521199987954375],[64.25,29.511099987949994],[64.20769999999999,29.500099987945163],[64.1728,29.48429998793833],[64.1497,29.45859998792714],[64.1134,29.39629998790015],[64.0861,29.386699987896044],[64.086,29.386699987896044],[64.01469999999999,29.413499987907613],[63.9719,29.429599987914596],[63.5687,29.49749998794403],[62.566099999999985,29.415199987908323],[62.62460000000001,29.534599987960206],[62.6264,29.661499988015755],[62.628400000000006,29.673099988020883],[62.68110000000001,29.902799988122638],[62.7253,29.996199988164435],[62.7473,30.026199988177936],[62.78059999999999,30.10959998821553],[62.83599999999999,30.219199988265174],[62.84980000000001,30.24029998827474],[62.867399999999996,30.265399988286166],[62.922999999999995,30.32309998831247],[62.967,30.39619998834598],[62.9925,30.520599988403212],[63.015,30.62259998845045],[63.0879,30.823399988544125],[63.13389999999998,30.94879998860309],[63.153800000000004,30.983099988619237],[63.18149999999999,31.041499988646855],[63.209599999999995,31.07569998866308],[63.23720000000001,31.119799988683997],[63.2666,31.153099988699804],[63.28240000000001,31.21419998872891],[63.289899999999996,31.281399988761034],[63.2912,31.30239998877105],[63.300699999999985,31.31689998877796],[63.29699999999999,31.34489998879144],[63.30089999999999,31.38309998880976],[63.30709999999999,31.404299988819936],[63.311699999999995,31.584799988906976],[63.3042,31.69299998895943],[63.30760000000001,31.75529998898975],[63.33569999999999,31.791399989007324],[63.3434,31.816799989019717],[63.362500000000004,31.861599989041583],[63.36459999999999,31.880799989050995],[63.37830000000001,31.9020999890614],[63.4114,31.966399989092903],[63.4568,32.03689998912754],[63.459999999999994,32.05719998913754],[63.4694,32.073899989145765],[63.4898,32.080499989148976],[63.50619999999999,32.0942999891558],[63.52559999999998,32.12079998916882],[63.5508,32.14579998918118],[63.551999999999985,32.17509998919564],[63.53399999999999,32.20249998920915],[63.5492,32.21179998921374],[63.58199999999999,32.21209998921392],[63.61499999999999,32.22329998921944],[63.6456,32.25459998923494],[63.704800000000006,32.29919998925702],[63.72379999999999,32.323599989269134],[63.739499999999985,32.31769998926615],[63.7723,32.32779998927121],[63.8045,32.3214999892681],[63.8285,32.312399989263554],[63.839400000000005,32.336799989275676],[63.83429999999999,32.34399998927921],[63.85749999999999,32.35829998928632],[63.8646,32.368899989291585],[63.8971,32.38499998929957],[63.92250000000001,32.412899989313466],[63.94639999999999,32.39639998930525],[63.9593,32.40139998930773],[63.97919999999999,32.43599998932495],[63.996099999999984,32.43679998932534],[64.01319999999998,32.4495999893317],[64.00779999999999,32.4632999893385],[64.0222,32.47549998934463],[64.0006,32.502199989357905],[63.9935,32.522899989368234],[63.9845,32.5388999893762],[63.99300000000001,32.560199989386845],[64.03439999999999,32.57879998939614],[64.064,32.55389998938368],[64.0812,32.5660999893898],[64.1132,32.5696999893916],[64.1592,32.580999989397206],[64.1899,32.5801999893968],[64.18309999999998,32.594299989403844],[64.2208,32.59989998940667],[64.2275,32.60799998941074],[64.2635,32.62489998941919],[64.2895,32.625299989419375],[64.2884,32.64519998942932],[64.3052,32.65629998943489],[64.30189999999999,32.67009998944179],[64.28289999999998,32.67259998944304],[64.2647,32.68749998945053],[64.26,32.70719998946035],[64.2748,32.730799989472196],[64.2997,32.746299989479965],[64.33399999999999,32.76039998948706],[64.3292,32.779199989496504],[64.34489999999998,32.7913999895026],[64.3601,32.81369998951382],[64.3777,32.82169998951783],[64.38580000000002,32.8412999895277],[64.40509999999999,32.85169998953294],[64.42939999999999,32.853599989533876],[64.47529999999999,32.87119998954272],[64.5105,32.87879998954653],[64.5369,32.89169998955301],[64.57609999999998,32.898899989556675],[64.58149999999999,32.911999989563284],[64.5703,32.93249998957357],[64.5462,32.93429998957448],[64.55279999999999,32.97079998959288],[64.569,32.98389998959952],[64.5683,33.0021999896087],[64.5597,33.01479998961511],[64.586,33.034499989625],[64.5914,33.04699998963135],[64.6099,33.054899989635345],[64.6118,33.06809998964199],[64.6371,33.07389998964494],[64.6786,33.113099989664754],[64.7247,33.13489998967577],[64.7293,33.15169998968429],[64.7071,33.156999989686945],[64.69509999999998,33.17809998969767],[64.7228,33.20049998970902],[64.7262,33.21989998971882],[64.70879999999998,33.23229998972513],[64.72429999999999,33.241299989729654],[64.7524,33.23749998972776],[64.7761,33.255899989737074],[64.7907,33.252699989735454],[64.8116,33.202399989709924],[64.8476,33.20439998971099],[64.8629,33.236799989727416],[64.8823,33.252699989735454],[64.90760000000002,33.257199989737735],[64.9153,33.24689998973249],[64.9515,33.24029998972918],[64.9547,33.25529998973679],[64.9842,33.26799998974322],[65.0081,33.29119998975498],[65.02239999999999,33.2915999897552],[65.05269999999999,33.30629998976266],[65.0632,33.2998999897594],[65.0937,33.31409998976665],[65.1179,33.31589998976755],[65.12099999999998,33.32859998977401],[65.1376,33.33909998977934],[65.15239999999999,33.3612999897906],[65.17929999999998,33.37209998979615],[65.1964,33.36469998979232],[65.22899999999998,33.36079998979033],[65.25249999999998,33.37159998979584],[65.27059999999999,33.39549998980798],[65.29339999999999,33.40269998981169],[65.32049999999998,33.40309998981184],[65.35579999999999,33.41169998981624],[65.37230000000001,33.41979998982033],[65.3808,33.433299989827205],[65.3801,33.45429998983795],[65.38699999999999,33.46639998984406],[65.4229,33.47289998984738],[65.4231,33.49179998985701],[65.43539999999999,33.506899989864735],[65.47759999999998,33.532899989877954],[65.48359999999998,33.55149998988743],[65.5085,33.567099989895425],[65.5142,33.57709998990051],[65.55149999999999,33.586999989905536],[65.566,33.60439998991441],[65.59309999999999,33.623299989924085],[65.6203,33.63059998992782],[65.6201,33.643499989934405],[65.6075,33.655399989940484],[65.6239,33.67169998994882],[65.64469999999999,33.67569998995084],[65.6586,33.69789998996218],[65.6363,33.71319998997],[65.6114,33.71259998996969],[65.60579999999999,33.730999989979125],[65.5838,33.751899989989795],[65.55369999999999,33.73649998998192],[65.5283,33.73609998998175],[65.5051,33.74389998998572],[65.5035,33.76229998999513],[65.4757,33.79379999001125],[65.44560000000001,33.80279999001584],[65.4406,33.82049999002492],[65.4132,33.83669999003321],[65.42069999999998,33.85599999004314],[65.41379999999998,33.86349999004697],[65.42499999999998,33.886099990058526],[65.4527,33.91269999007218],[65.4825,33.92049999007616],[65.4852,33.93749999008492],[65.47409999999999,33.950299990091466],[65.49089999999998,33.966999990099964],[65.52199999999999,33.960699990096785],[65.5569,33.96669999009985],[65.5642,33.9733999901033],[65.57059999999998,33.99269999011321],[65.57069999999999,34.01699999012568],[65.5548,34.02789999013127],[65.5583,34.05199999014365],[65.5391,34.07059999015318],[65.49339999999998,34.082299990159186],[65.4737,34.09349999016495],[65.4666,34.1135999901753],[65.48059999999998,34.130099990183766],[65.4903,34.15699999019759],[65.51439999999998,34.14909999019357],[65.5343,34.131699990184615],[65.5684,34.12889999018317],[65.5886,34.14149999018964],[65.6173,34.14519999019156],[65.64290000000001,34.16429999020136],[65.65829999999998,34.160699990199504],[65.68979999999999,34.17039999020452],[65.7203,34.18939999021428],[65.7288,34.202599990221074],[65.7012,34.224499990232346],[65.6763,34.22469999023247],[65.667,34.24239999024155],[65.6518,34.24339999024211],[65.6514,34.26389999025264],[65.66,34.291299990266715],[65.64740000000002,34.300799990271635],[65.6556,34.325799990284544],[65.64499999999998,34.353399990298705],[65.6575,34.361899990303115],[65.67299999999999,34.346199990295005],[65.70809999999999,34.34599999029492],[65.7295,34.33939999029153],[65.75159999999998,34.34779999029583],[65.7597,34.33929999029147],[65.8151,34.34859999029625],[65.82509999999999,34.34259999029317],[65.8465,34.35399999029901],[65.87390000000002,34.33469999028911],[65.90009999999998,34.32749999028536],[65.9193,34.32959999028646],[65.93609999999998,34.31299999027791],[65.96369999999999,34.31789999028043],[65.99229999999999,34.332199990287805],[66.0183,34.36379999030409],[66.03469999999999,34.35739999030076],[66.0596,34.35949999030183],[66.0972,34.349599990296745],[66.1199,34.36779999030612],[66.13969999999999,34.36309999030371],[66.1552,34.33229999028788],[66.1776,34.33539999028944],[66.20209999999997,34.328899990286075],[66.22479999999997,34.33309999028826],[66.24370000000002,34.34449999029413],[66.26229999999998,34.34349999029362],[66.28670000000001,34.355399990299745],[66.303,34.352299990298135],[66.3295,34.33549999028949],[66.324,34.32499999028408],[66.33199999999997,34.3061999902744],[66.3822,34.30939999027602],[66.38760000000002,34.29379999026802],[66.4327,34.29449999026839],[66.4478,34.291499990266836],[66.461,34.30689999027478],[66.48809999999999,34.3201999902816],[66.52139999999997,34.32969999028653],[66.53269999999999,34.326199990284735],[66.5408,34.353799990298924],[66.5333,34.36199999030316],[66.55140000000002,34.37619999031047],[66.5652,34.398299990321874],[66.5447,34.419999990333025],[66.6016,34.452799990349966],[66.5952,34.46759999035758],[66.62779999999997,34.49019999036927],[66.633,34.518099990383625],[66.6593,34.54639999039822],[66.6585,34.57099999041095],[66.6826,34.56849999040965],[66.7153,34.601799990426855],[66.7279,34.64019999044671],[66.7137,34.652799990453175],[66.7006,34.679599990467],[66.6504,34.68489999046978],[66.64029999999998,34.682099990468316],[66.60860000000001,34.71599999048586],[66.5935,34.713799990484716],[66.5679,34.746999990501855],[66.5806,34.75949999050828],[66.58439999999999,34.7946999905265],[66.5722,34.80399999053132],[66.5316,34.81909999053913],[66.51999999999998,34.85349999055689],[66.4978,34.858099990559275],[66.47490000000002,34.87269999056682],[66.4229,34.91269999058753],[66.4134,34.91839999059051],[66.4169,34.93979999060153],[66.4316,34.94929999060647],[66.44339999999998,34.96979999061705],[66.43980000000002,35.00179999063363],[66.42959999999998,35.01409999064001],[66.39219999999997,35.030999990648745],[66.39099999999999,35.04049999065366],[66.3525,35.0830999906757],[66.3204,35.10309999068603],[66.29670000000002,35.13259999070133],[66.3014,35.15399999071241],[66.3263,35.20099999073672],[66.35360000000001,35.17989999072583],[66.37639999999999,35.1778999907248],[66.38439999999999,35.187699990729875],[66.41800000000002,35.18689999072944],[66.42899999999999,35.19309999073265],[66.44979999999998,35.181599990726696],[66.47110000000002,35.1894999907308],[66.5106,35.182799990727304],[66.5199,35.17489999072324],[66.54619999999998,35.1688999907201],[66.57599999999998,35.17189999072169],[66.5877,35.186599990729285],[66.64209999999999,35.20489999073877],[66.67849999999999,35.20219999073734],[66.7142,35.25609999076526],[66.7285,35.29099999078332],[66.75879999999998,35.32179999079928],[66.7806,35.33219999080469],[66.7867,35.35649999081728],[66.8111,35.377799990828294],[66.89229999999999,35.40299999084134],[66.87669999999999,35.38869999083394],[66.8692,35.36179999081999],[66.9146,35.3526999908153],[66.92859999999999,35.35699999081754],[66.9629,35.34569999081166],[66.9891,35.35969999081888],[67.0187,35.35839999081824],[67.0789,35.377599990828145],[67.1291,35.388099990833645],[67.1381,35.396299990837875],[67.23049999999999,35.410399990845164],[67.3225,35.45129999086635],[67.3504,35.4322999908565],[67.3843,35.420299990850275],[67.4197,35.42619999085338],[67.436,35.43399999085738],[67.4532,35.45519999086837],[67.47849999999998,35.45739999086955],[67.5002,35.447799990864546],[67.5398,35.47379999087799],[67.59700000000001,35.46859999087533],[67.6091,35.47349999087788],[67.65979999999999,35.458499990870095],[67.69249999999998,35.45819999086993],[67.72129999999999,35.447299990864266],[67.7716,35.451699990866544],[67.7979,35.46489999087337],[67.81469999999999,35.48169999088207],[67.8443,35.47799999088019],[67.86599999999999,35.46809999087502],[67.88919999999999,35.478699990880536],[67.89980000000001,35.44809999086467],[67.9578,35.457199990869405],[67.99989999999998,35.452799990867156],[68.05209999999998,35.45579999086866],[68.06669999999998,35.464999990873444],[68.1015,35.467999990874986],[68.1211,35.49009999088642],[68.1307,35.4917999908873],[68.1597,35.51599999089987],[68.1485,35.53269999090849],[68.1546,35.5469999909159],[68.17619999999998,35.568399990926984],[68.2055,35.584699990935434],[68.21,35.5928999909397],[68.19970000000002,35.61329999095023],[68.1781,35.62929999095856],[68.1481,35.64119999096466],[68.142,35.652099990970356],[68.14470000000001,35.67819999098386],[68.1575,35.704699990997554],[68.172,35.708899990999754],[68.1937,35.73289999101218],[68.23159999999999,35.75749999102492],[68.2402,35.779899991036494],[68.2588,35.790799991042135],[68.2734,35.790799991042135],[68.28490000000001,35.81119999105269],[68.3037,35.82539999106007],[68.3205,35.852199991073945],[68.317,35.88779999109233],[68.3323,35.92369999111089],[68.32549999999999,35.937199991117936],[68.32520000000001,35.9607999911301],[68.3396,35.97109999113546],[68.3394,35.98659999114344],[68.3794,36.022199991161884],[68.40779999999998,36.03789999117001],[68.4138,36.05369999117818],[68.44580000000002,36.07209999118773],[68.4592,36.096199991200116],[68.51189999999997,36.12919999121722],[68.5322,36.1591999912327],[68.4905,36.19799999125275],[68.4513,36.217899991263046],[68.4265,36.24119999127508],[68.3972,36.24799999127857],[68.38229999999999,36.25719999128334],[68.37079999999999,36.27149999129073],[68.3699,36.28779999129913],[68.32159999999999,36.33429999132315],[68.2885,36.370399991341806],[68.27149999999999,36.39449999135425],[68.2462,36.42129999136803],[68.2156,36.463399991389764],[68.207,36.467699991391996],[68.1829,36.45459999138523],[68.1632,36.50649999141201],[68.1706,36.54439999143153],[68.1843,36.54339999143102],[68.18849999999999,36.56629999144285],[68.2277,36.555499991437216],[68.23760000000001,36.567999991443685],[68.2584,36.574599991447094],[68.29519999999998,36.5634999914414],[68.3166,36.54659999143263],[68.3799,36.54789999143335],[68.38459999999999,36.55469999143688],[68.43610000000001,36.555499991437216],[68.4737,36.535899991427144],[68.52029999999999,36.53989999142919],[68.534,36.54439999143153],[68.5779,36.528099991423126],[68.6047,36.53109999142469],[68.6236,36.52069999141932],[68.64400000000002,36.521699991419844],[68.6735,36.532999991425676],[68.68990000000001,36.53219999142522],[68.7305,36.53929999142892],[68.7286,36.52249999142024],[68.75990000000002,36.48229999139952],[68.8177,36.43699999137615],[68.83119999999997,36.43019999137263],[68.8338,36.41209999136329],[68.8566,36.405399991359836],[68.8669,36.43319999137418],[68.9019,36.433999991374584],[68.9334,36.45089999138331],[68.9576,36.42189999136836],[68.97500000000001,36.427499991371256],[68.99759999999999,36.42039999136757],[69.0327,36.41829999136652],[69.0707,36.40619999136023],[69.0707,36.384199991348936],[69.0633,36.36259999133776],[69.111,36.350599991331585],[69.1214,36.34449999132843],[69.1823,36.35219999133239],[69.208,36.33029999132109],[69.2346,36.324699991318155],[69.214,36.29159999130112],[69.2216,36.28229999129629],[69.24159999999999,36.28229999129629],[69.2596,36.274399991292206],[69.2833,36.248699991278926],[69.2949,36.22799999126823],[69.31059999999998,36.240399991274664],[69.3309,36.24429999127667],[69.34749999999998,36.235299991272036],[69.36539999999998,36.246199991277635],[69.4083,36.237099991272956],[69.42319999999998,36.243899991276436],[69.44250000000001,36.24109999127502],[69.4927,36.274299991292175],[69.4921,36.2808999912956],[69.5215,36.297499991304164],[69.5521,36.29469999130268],[69.6002,36.31999999131577],[69.6369,36.32819999131998],[69.66359999999999,36.35109999133185],[69.67009999999998,36.366399991339705],[69.6803,36.368399991340745],[69.7001,36.32339999131753],[69.7028,36.284199991297285],[69.69949999999999,36.25769999128359],[69.717,36.23519999127194],[69.73159999999999,36.22649999126749],[69.7591,36.23859999127374],[69.7754,36.22109999126466],[69.7831,36.19809999125279],[69.7782,36.163699991235056],[69.7837,36.12139999121317],[69.77199999999999,36.09769999120088],[69.7906,36.08169999119265],[69.81729999999999,36.07859999119106],[69.8358,36.07039999118678],[69.86909999999999,36.04009999117113],[69.8904,35.99989999115036],[69.9044,35.96409999113183],[69.92759999999998,35.94739999112315],[69.9225,35.93679999111771],[69.942,35.92789999111306],[69.96,35.9087999911032],[69.9586,35.8900999910935],[69.9699,35.810099991052155],[69.9878,35.78639999103989],[70.0171,35.80969999105191],[70.0631,35.81229999105328],[70.1051,35.81989999105722],[70.1397,35.820499991057524],[70.1696,35.85299999107431],[70.1802,35.85069999107316],[70.193,35.88969999109331],[70.2048,35.87699999108676],[70.22129999999999,35.87919999108791],[70.2738,35.85699999107642],[70.28930000000001,35.85799999107691],[70.2927,35.84629999107085],[70.26939999999999,35.831699991063296],[70.278,35.815999991055186],[70.2659,35.790899991042224],[70.27569999999999,35.781799991037474],[70.27879999999999,35.75039999102124],[70.26,35.734799991013126],[70.26399999999998,35.70999999100032],[70.2547,35.702299990996295],[70.2623,35.673499990981405],[70.2505,35.66379999097637],[70.28560000000002,35.6504999909695],[70.30729999999998,35.65799999097338],[70.3412,35.688799990989324],[70.3417,35.70099999099565],[70.374,35.71599999100339],[70.3975,35.698799990994544],[70.4739,35.6753999909824],[70.4981,35.68289999098624],[70.4958,35.65089999096971],[70.50240000000001,35.627299990957496],[70.5532,35.592699990939614],[70.56159999999998,35.571299990928495],[70.5412,35.50719999089527],[70.5336,35.497399990890244],[70.5453,35.48049999088146],[70.54019999999998,35.4523999908669],[70.5637,35.44069999086087],[70.59520000000002,35.448699990865],[70.60489999999999,35.460999990871365],[70.63519999999998,35.46079999087127],[70.6478,35.483599990883086],[70.6533,35.505399990894354],[70.64319999999998,35.520699990902266],[70.6625,35.52509999090456],[70.6864,35.54569999091523],[70.7276,35.51229999089795],[70.73759999999999,35.4939999908885],[70.74859999999998,35.490899990886845],[70.77789999999999,35.50379999089353],[70.7954,35.500899990892066],[70.8238,35.47759999087998],[70.8692,35.47729999087979],[70.8903,35.50739999089543],[70.8945,35.52219999090309],[70.8842,35.535499990909955],[70.8846,35.55209999091856],[70.8728,35.5751999909305],[70.88190000000002,35.59329999093991],[70.8722,35.61079999094895],[70.8829,35.61789999095262],[70.8796,35.637099990962525],[70.9054,35.636199990962105],[70.9338,35.62219999095482],[70.9511,35.6203999909539],[70.96549999999998,35.64399999096614],[70.9749,35.64869999096856],[70.98189999999998,35.67729999098341],[71.00459999999998,35.679099990984334],[71.0171,35.6902999909901],[71.0082,35.71619999100351],[71.0132,35.7423999910171],[70.98400000000001,35.760199991026305],[70.9904,35.78639999103989],[71.0198,35.79439999104398],[71.0301,35.818999991056735],[71.05889999999998,35.84219999106874],[71.06719999999999,35.855499991075604],[71.066,35.89649999109684],[71.0776,35.920099991109055],[71.1016,35.94919999112414],[71.1224,35.96129999113038],[71.1301,35.982899991141515],[71.1229,36.00579999115338],[71.1509,36.02349999116251],[71.1699,36.02479999116324],[71.17209999999999,36.02599999116381],[71.18199999999999,36.01879999116012],[71.218,36.0026999911518],[71.23199999999999,35.99389999114725],[71.2576,35.971599991135704],[71.2842,35.962399991130965],[71.3127,35.95739999112836],[71.3415,35.94729999112316],[71.35659999999999,35.9330999911158],[71.36049999999999,35.90029999109879],[71.3713,35.885199991091],[71.4167,35.85879999107733],[71.4311,35.84369999106953],[71.4646,35.79469999104414],[71.4711,35.779999991036576],[71.4721,35.76999999103139],[71.4711,35.75239999102227],[71.4757,35.74109999101641],[71.4815,35.73399999101272],[71.5027,35.71899999100498],[71.5153,35.701599990995994],[71.5197,35.68379999098677],[71.5139,35.66559999097731],[71.49589999999999,35.646599990967474],[71.48329999999999,35.62659999095713],[71.4927,35.609499990948265],[71.51279999999998,35.596199990941415],[71.56789999999998,35.57419999092997],[71.5841,35.564199990924855],[71.5935,35.54929999091709],[71.59270000000001,35.53009999090716],[71.5859,35.512099990897816],[71.58159999999997,35.49319999088804],[71.5877,35.47089999087651],[71.592,35.46569999087381],[71.6007,35.45539999086849],[71.614,35.44329999086223],[71.62229999999998,35.42969999085517],[71.6208,35.410199990845065],[71.6111,35.395499990837436],[71.56209999999997,35.36049999081935],[71.5315,35.32789999080243],[71.5297,35.300899990788444],[71.54769999999999,35.275699990775415],[71.6032,35.223399990748355],[71.6338,35.20309999073779],[71.63810000000001,35.18969999073089],[71.6291,35.17009999072073],[71.60609999999998,35.14049999070541],[71.60429999999997,35.13809999070418],[71.58060000000002,35.12469999069726],[71.53510000000001,35.09869999068376],[71.50889999999998,35.071999990669944],[71.5074,35.02819999064729],[71.51279999999998,35.018099990642064],[71.5114,35.00879999063725],[71.5099,35.00709999063637],[71.5071,35.003999990634746],[71.5042,35.000599990633006],[71.49339999999998,34.99419999062968],[71.4855,34.98349999062416],[71.47679999999998,34.96029999061216],[71.46959999999999,34.94969999060665],[71.4682,34.94869999060616],[71.4599,34.942699990603046],[71.3368,34.90159999058181],[71.32489999999999,34.89759999057974],[71.2896,34.87499999056804],[71.2709,34.844399990552205],[71.25579999999998,34.81029999053455],[71.2058,34.75119999050402],[71.2032,34.74819999050248],[71.1895,34.73699999049668],[71.15129999999999,34.720399990488104],[71.151,34.72029999048806],[71.1375,34.711199990483365],[71.09159999999997,34.68039999046745],[71.0805,34.672899990463556],[71.07,34.66129999045757],[71.06889999999997,34.64599999044964],[71.07609999999997,34.62369999043814],[71.0797,34.602899990427446],[71.0775,34.58619999041881],[71.0765,34.57849999041481],[71.06570000000002,34.558399990404425],[71.04769999999999,34.55109999040068],[71.02259999999998,34.55429999040232],[71.00700000000002,34.556299990403346],[70.9876,34.556099990403254],[70.9858,34.556099990403254],[70.98050000000002,34.554199990402296],[70.9685,34.549699990399944],[70.957,34.53199999039084],[70.9555,34.510099990379544],[70.9613,34.4875999903679],[70.971,34.46879999035823],[70.9915,34.44309999034499],[71.01999999999998,34.41449999033022],[71.0509,34.38979999031749],[71.1222,34.35679999030046],[71.1265,34.332199990287805],[71.097,34.262499990251946],[71.097,34.24429999024254],[71.10639999999998,34.20939999022456],[71.10959999999999,34.189199990214156],[71.1082,34.16519999020185],[71.1017,34.15189999019501],[71.074,34.12519999018127],[71.0628,34.10539999017106],[71.06390000000002,34.08889999016258],[71.0671,34.07299999015444],[71.06250000000001,34.05429999014482],[71.057,34.04999999014264],[71.0466,34.04199999013852],[71.01179999999997,34.03589999013538],[70.9977,34.03339999013409],[70.9807,34.028399990131554],[70.97710000000001,34.027399990131],[70.96560000000001,34.01379999012405],[70.9541,34.004899990119455],[70.93969999999997,34.00089999011738],[70.9213,34.002299990118125],[70.9179,34.003199990118596],[70.8943,34.00929999012171],[70.88429999999998,34.006999990120526],[70.8799,33.99429999011402],[70.87069999999999,33.9788999901061],[70.8623,33.96479999009889],[70.79139999999998,33.953499990093064],[70.657,33.95479999009375],[70.656,33.95479999009375],[70.6451,33.953499990093064],[70.5221,33.938799990085535],[70.49149999999999,33.93959999008599],[70.462,33.94489999008868],[70.4546,33.94619999008936],[70.4091,33.954399990093584],[70.3281,33.957199990094985],[70.3101,33.96169999009727],[70.2755,33.97609999010467],[70.219,33.98069999010706],[70.207,33.98419999010885],[70.1843,33.990799990112244],[70.11869999999998,34.00999999012207],[70.0601,34.02709999013085],[70.003,34.043799990139455],[69.9977,34.044099990139614],[69.96909999999998,34.04569999014044],[69.916,34.03899999013698],[69.9158,34.03899999013698],[69.90179999999998,34.034899990134896],[69.89399999999999,34.03259999013368],[69.8892,34.031199990132976],[69.87259999999999,34.017199990125775],[69.8705,34.00129999011764],[69.8737,33.98629999010993],[69.8724,33.975299990104254],[69.8719,33.97149999010233],[69.8605,33.96169999009727],[69.85429999999998,33.95639999009459],[69.84099999999998,33.94179999008711],[69.84709999999998,33.92689999007943],[69.8766,33.90259999006697],[69.8852,33.889399990060234],[69.8989,33.85149999004081],[69.9076,33.83559999003268],[69.9313,33.80639999001768],[69.93999999999998,33.79149999001007],[69.94719999999998,33.77189999000006],[69.9576,33.75269998999022],[69.97269999999999,33.74489998998623],[69.99309999999998,33.742499989984985],[70.01199999999997,33.74029998998387],[70.02519999999998,33.73549998998142],[70.0656,33.720999989974004],[70.0789,33.722899989974955],[70.1081,33.727299989977205],[70.1135,33.72149998997424],[70.1182,33.7164999899717],[70.12649999999998,33.676999989951476],[70.1326,33.66139998994352],[70.1369,33.656299989940926],[70.1459,33.649799989937634],[70.1704,33.63869998993195],[70.174,33.63209998992859],[70.1736,33.607899989916206],[70.15309999999998,33.54479998988403],[70.1513,33.52589998987439],[70.1549,33.50659998986455],[70.16390000000001,33.488699989855455],[70.1776,33.47339998984767],[70.1855,33.46899998984542],[70.21319999999999,33.46139998984154],[70.22039999999998,33.45609998983885],[70.233,33.43259998982688],[70.28560000000002,33.38299998980162],[70.30139999999999,33.35179998978578],[70.2965,33.3279999897737],[70.2946,33.318999989769125],[70.2642,33.297599989758275],[70.1862,33.24249998973029],[70.1684,33.22999998972394],[70.15059999999998,33.21729998971752],[70.12470000000002,33.199099989708266],[70.1052,33.189799989703566],[70.0836,33.19129998970431],[70.0608,33.19779998970761],[70.0599,33.19809998970778],[70.048,33.19409998970578],[70.0146,33.14099998967889],[70.01449999999998,33.14079998967877],[70.0069,33.13179998967422],[69.9947,33.12739998967197],[69.96590000000002,33.129399989673],[69.9558,33.1276999896721],[69.9313,33.11509998966574],[69.9071,33.10269998965949],[69.8809,33.08929998965271],[69.8388,33.086699989651365],[69.7718,33.11479998966562],[69.7359,33.10969998966304],[69.733,33.109299989662844],[69.7027,33.09089998965352],[69.68619999999999,33.08089998964846],[69.66779999999999,33.07699998964648],[69.6408,33.08429998965018],[69.60839999999999,33.07909998964753],[69.5879,33.07959998964781],[69.562,33.07659998964631],[69.54759999999999,33.07499998964551],[69.5141,33.056699989636265],[69.4878,33.0282999896219],[69.4812,33.01669998961603],[69.4684,32.994299989604734],[69.4871,32.88589998955014],[69.47739999999999,32.85699998953558],[69.47739999999999,32.85689998953555],[69.46919999999999,32.851399989532766],[69.4457,32.83569998952487],[69.4212,32.80679998951038],[69.4151,32.80299998950843],[69.4085,32.79879998950632],[69.387,32.78529998949955],[69.3762,32.771899989492795],[69.378,32.75229998948296],[69.3834,32.744399989479014],[69.3902,32.737999989475824],[69.4147,32.72549998946955],[69.41719999999998,32.71809998946584],[69.41899999999998,32.70049998945703],[69.4291,32.667399989440455],[69.4259,32.65509998943425],[69.414,32.63549998942448],[69.36109999999998,32.56849998939097],[69.3434,32.55609998938483],[69.30579999999999,32.54489998937922],[69.30269999999999,32.54399998937875],[69.302,32.54379998937866],[69.2819,32.53279998937318],[69.27900000000001,32.5296999893716],[69.2779,32.52849998937101],[69.25159999999998,32.500599989357134],[69.2329,32.46259998933817],[69.22789999999999,32.4212999893176],[69.2387,32.37829998929625],[69.26459999999999,32.32239998926853],[69.26819999999998,32.3013999892581],[69.26709999999999,32.27959998924731],[69.25989999999999,32.23679998922615],[69.2596,32.19459998920524],[69.252,32.152199989184325],[69.25089999999999,32.13059998917368],[69.27070000000002,32.035999989127085],[69.302,31.9598999890897],[69.3049,31.946999989083395],[69.2988,31.937699989078865],[69.25089999999999,31.907099989063855],[69.2239,31.881899989051533],[69.20339999999997,31.85489998903831],[69.1936,31.84189998903199],[69.1145,31.737799988981223],[69.10010000000001,31.724099988974547],[69.0846,31.715799988970517],[69.0716,31.69789998896181],[69.04,31.673099988949794],[69.004,31.651099988939087],[68.97839999999998,31.641899988934643],[68.9773,31.641499988934456],[68.9568,31.642699988934996],[68.941,31.64359998893547],[68.9071,31.634299988930923],[68.8434,31.606599988917534],[68.8261,31.604799988916643],[68.80379999999998,31.602599988915603],[68.7772,31.61859998892332],[68.7311,31.675599988950978],[68.7055,31.70129998896347],[68.69799999999998,31.715899988970545],[68.69469999999997,31.756399988990253],[68.68819999999998,31.768599988996247],[68.6766,31.774299988999005],[68.6756,31.774699988999224],[68.64,31.7802999890019],[68.6195,31.783499989003516],[68.56119999999999,31.811799989017295],[68.5452,31.81709998901988],[68.5273,31.822999989022765],[68.505,31.822699989022595],[68.48159999999999,31.815699989019198],[68.438,31.795999989009573],[68.4186,31.782999989003233],[68.4222,31.773199988998456],[68.43949999999998,31.76659998899521],[68.4554,31.764399988994164],[68.4614,31.763599988993786],[68.5212,31.76489998899439],[68.5406,31.76259998899328],[68.5478,31.75539998898981],[68.54959999999998,31.753499988988843],[68.53670000000001,31.741099988982853],[68.5244,31.73469998897971],[68.51510000000002,31.729899988977373],[68.49819999999998,31.725199988975103],[68.4611,31.730499988977652],[68.3694,31.758499988991325],[68.35599999999998,31.76259998899328],[68.3164,31.765299988994588],[68.2771,31.763599988993786],[68.2728,31.764099988994015],[68.2552,31.76639998899515],[68.2426,31.77699998900034],[68.2321,31.790199989006716],[68.2069,31.80789998901536],[68.19140000000002,31.8150999890189],[68.18459999999999,31.818199989020414],[68.1779,31.82029998902146],[68.1627,31.82489998902368],[68.159,31.825999989024233],[68.1385,31.82469998902357],[68.1256,31.811499989017147],[68.1043,31.768699988996268],[68.0977,31.758099988991084],[68.09349999999999,31.751499988987913],[68.0604,31.725599988975286],[68.05570000000002,31.71659998897091],[68.05209999999998,31.69539998896061],[68.04670000000002,31.68839998895722],[67.9942,31.663499988945098],[67.97719999999998,31.651899988939483],[67.9661,31.63819998893285],[67.9655,31.637899988932688],[67.9553,31.633199988930397],[67.91459999999998,31.631299988929506],[67.9133,31.631499988929583],[67.8844,31.635599988931567],[67.87069999999999,31.635199988931397],[67.84259999999999,31.623499988925698],[67.781,31.564199988897016],[67.7737,31.559799988894852],[67.7643,31.554099988892123],[67.7267,31.53139998888113],[67.6964,31.5208999888761],[67.6847,31.51979998887558],[67.6762,31.519099988875187],[67.6655,31.518099988874724],[67.6567,31.51979998887558],[67.6239,31.52599998887854],[67.6003,31.530399988880657],[67.569,31.529899988880427],[67.556,31.512299988871924],[67.5608,31.50229998886714],[67.5632,31.497199988864622],[67.578,31.48209998885735],[67.591,31.464799988849034]]]}},{"type":"Feature","properties":{"ADMIN":"PAK_N","ISO_A3":"PAK","admin_source":"World Bank GAD, artifact wb_boundaries_20260820","admin_units":"Azad Jammu and Kashmir, Federal Capital Territory, Gilgit Baltistan, Khyber Pakhtunkhwa, Khyber Pakhtunkhwa, Punjab","epm_zone":"PAK_N","epm_country":"PAK","split_rationale":"Pakistan's system is one long north-south chain. The hydro north and the thermal south are separated by the Guddu / Muzaffargarh transfer bottleneck, which is what the PAK_N-PAK_S link represents.","grid_area":"NTDC northern region","model_plants":"Tarbela, Diamer-Basha, Dasu, Ghazi-Barotha, Mangla, Neelum-Jhelum, Chashma, Muzaffargarh, Kot Addu, Faisalabad, Balloki"},"geometry":{"type":"MultiPolygon","coordinates":[[[[69.52479999999998,28.13779998738145],[69.5208,28.177799987397112],[69.48869999999997,28.20369998740731],[69.4776,28.204999987407792],[69.4657,28.2173999874127],[69.47599999999998,28.231699987418338],[69.4755,28.268199987432745],[69.515,28.24249998742261],[69.5258,28.221699987414414],[69.5527,28.2138999874113],[69.5783,28.200899987406196],[69.56049999999998,28.169999987394064],[69.5606,28.144099987383925],[69.5513,28.129999987378405],[69.52479999999998,28.13779998738145]]],[[[69.5582,28.34929998746495],[69.53199999999998,28.389399987480953],[69.5566,28.399099987484806],[69.5803,28.365199987471307],[69.58230000000002,28.355499987467415],[69.6049,28.35749998746822],[69.6373,28.353899987466747],[69.6686,28.335499987459457],[69.6948,28.300499987445537],[69.7127,28.293399987442736],[69.7379,28.314399987451036],[69.74759999999999,28.313899987450842],[69.74190000000002,28.253399987426892],[69.7253,28.241799987422322],[69.70869999999998,28.24829998742488],[69.69329999999998,28.263899987431028],[69.669,28.252299987426454],[69.66260000000001,28.23809998742085],[69.6422,28.230199987417734],[69.6038,28.23179998741833],[69.59410000000001,28.256399987428065],[69.5926,28.28819998744067],[69.57669999999999,28.312299987450228],[69.5582,28.34929998746495]]],[[[70.55989999999998,27.998399987327318],[70.5351,28.015999987334105],[70.5066,28.029099987339155],[70.4912,28.03339998734084],[70.47709999999998,28.037399987342397],[70.45619999999998,28.039799987343308],[70.4368,28.035399987341616],[70.3983,28.02179998733636],[70.3594,28.01629998733422],[70.3421,28.01149998733239],[70.32369999999999,28.000399987328066],[70.2676,27.94529998730687],[70.1992,27.90099998728992],[70.1625,27.867299987277015],[70.1456,27.87789998728107],[70.0745,27.89499998728763],[70.05609999999999,27.90419998729111],[70.0285,27.934299987302644],[69.9942,27.939799987304777],[69.9629,27.987599987323147],[69.90529999999998,28.045799987345625],[69.882,28.07579998735729],[69.8422,28.140199987382392],[69.84399999999998,28.160999987390554],[69.8373,28.181899987398737],[69.8557,28.19469998740376],[69.82810000000002,28.24559998742382],[69.8305,28.271299987433977],[69.8146,28.274999987435447],[69.8097,28.311799987450037],[69.8121,28.32249998745429],[69.8158,28.33879998746076],[69.8115,28.361399987469788],[69.79989999999997,28.365699987471494],[69.7508,28.405099987487226],[69.72509999999998,28.426999987496018],[69.65529999999997,28.43309998749847],[69.6222,28.43309998749847],[69.59699999999998,28.44779998750431],[69.6167,28.469899987513237],[69.60189999999999,28.4747999875152],[69.4763,28.487699987520397],[69.4377,28.476699987515982],[69.4242,28.46869998751277],[69.4187,28.45339998750657],[69.3911,28.44779998750431],[69.3608,28.45119998750573],[69.35500000000002,28.46189998751003],[69.33230000000002,28.52629998753599],[69.3219,28.535499987539712],[69.31879999999998,28.551999987546413],[69.3494,28.57039998755385],[69.377,28.578999987557385],[69.4162,28.59739998756484],[69.48059999999998,28.697899987605933],[69.518,28.751199987627786],[69.5388,28.79289998764503],[69.5339,28.813699987653642],[69.5229,28.832099987661255],[69.4812,28.850499987668865],[69.4935,28.89949998768926],[69.54070000000002,28.93199998770286],[69.5554,28.95469998771235],[69.57739999999998,28.958999987714098],[69.5909,28.99509998772929],[69.6142,29.02759998774294],[69.6307,29.041699987748885],[69.6528,29.07109998776128],[69.69759999999997,29.088299987768533],[69.7264,29.147099987793453],[69.7454,29.172899987804374],[69.749,29.18759998781065],[69.7386,29.22429998782629],[69.74409999999999,29.244599987834977],[69.7625,29.27889998784966],[69.76500000000001,29.29479998785649],[69.74600000000001,29.2978999878578],[69.7,29.259899987841507],[69.6841,29.258099987840726],[69.6804,29.288099987853606],[69.6632,29.308299987862295],[69.6363,29.311999987863878],[69.6369,29.32549998786967],[69.6651,29.352399987881228],[69.66999999999999,29.36529998788682],[69.65709999999999,29.387999987896574],[69.6295,29.41619998790876],[69.61239999999998,29.422899987911673],[69.5817,29.403299987903218],[69.567,29.407599987905055],[69.56389999999999,29.451699987924144],[69.5738,29.478099987935625],[69.5934,29.4957999879433],[69.6007,29.525899987956382],[69.6062,29.599999987988774],[69.59279999999998,29.62759998800089],[69.6228,29.639299988005984],[69.63200000000002,29.665699988017618],[69.65139999999998,29.68459998802595],[69.6828,29.696299988031114],[69.7049,29.70909998803672],[69.738,29.720199988041603],[69.75090000000002,29.738499988049714],[69.7895,29.765499988061634],[69.8036,29.785699988070583],[69.833,29.851299988099694],[69.8459,29.866599988106522],[69.87880000000001,29.895299988119312],[69.88879999999999,29.90459998812348],[69.9127,29.960399988148406],[69.9219,29.997199988164915],[69.9335,30.02539998817754],[69.9721,30.060299988193243],[69.98869999999998,30.104999988213404],[69.98809999999999,30.13939998822898],[69.99660000000002,30.152199988234738],[70.0052,30.183499988248936],[70.0175,30.183499988248936],[70.01499999999999,30.204899988258642],[70.0218,30.2177999882645],[70.0518,30.225799988268164],[70.07389999999998,30.25519998828152],[70.07319999999997,30.274199988290196],[70.01499999999999,30.27849998829217],[69.99229999999999,30.25269998828036],[69.9752,30.261899988284593],[69.9868,30.292599988298555],[69.9611,30.291999988298326],[69.965,30.321999988311987],[69.9985,30.383899988340342],[69.9991,30.434099988363382],[70.00460000000001,30.453099988372102],[70.0438,30.497899988392746],[70.0518,30.519899988402898],[70.08789999999999,30.587399988434147],[70.09589999999997,30.62659998845233],[70.0886,30.68909998848138],[70.102,30.70929998849079],[70.1112,30.735699988503114],[70.1548,30.73319998850193],[70.16820000000001,30.77429998852115],[70.2026,30.77549998852171],[70.21789999999997,30.784699988526025],[70.22279999999999,30.826399988545504],[70.2295,30.837999988550948],[70.26939999999999,30.840499988552153],[70.273,30.860699988561638],[70.2534,30.876599988569076],[70.2687,30.941599988599677],[70.2687,31.035399988643995],[70.28769999999999,31.06109998865612],[70.2945,31.08619998866804],[70.2957,31.149999988698326],[70.28909999999999,31.16249998870428],[70.2691,31.18459998871479],[70.2595,31.234599988738598],[70.27330000000002,31.241199988741812],[70.2673,31.317599988778323],[70.2715,31.36689998880195],[70.27819999999998,31.373499988805133],[70.27939999999998,31.421699988828287],[70.2673,31.461999988847694],[70.2661,31.48849998886045],[70.2559,31.505299988868565],[70.22279999999999,31.480599988856653],[70.2035,31.476399988854613],[70.17229999999999,31.43909998883666],[70.15359999999998,31.43189998883318],[70.1169,31.42529998883002],[70.1169,31.44269998883841],[70.094,31.442099988838084],[70.0964,31.420499988827725],[70.0718,31.384399988810358],[70.05609999999999,31.38519998881076],[70.04589999999999,31.430099988832296],[70.023,31.492099988862215],[70.011,31.51069998887118],[69.97069999999998,31.509499988870598],[69.95500000000001,31.522199988876743],[69.94479999999999,31.54019998888543],[69.94419999999998,31.56969998889966],[69.94959999999999,31.65569998894133],[69.952,31.727899988976386],[69.94659999999999,31.766499988995214],[69.9575,31.782699989003078],[69.94119999999998,31.798899989010987],[69.94419999999998,31.80919998901603],[69.9388,31.85069998903629],[69.9568,31.872999989047187],[69.9596,31.896199989058506],[69.9629,31.93189998907601],[69.9388,31.93129998907569],[69.92379999999999,31.92109998907069],[69.9075,31.89279998905686],[69.881,31.880199989050702],[69.86599999999999,31.8891999890551],[69.854,31.884399989052767],[69.851,31.92049998907043],[69.8738,31.946399989083126],[69.87979999999999,31.97889998909904],[69.8443,31.99209998910553],[69.8058,32.01129998911496],[69.8022,32.021599989120034],[69.8203,32.03539998912677],[69.851,32.09139998915435],[69.8491,32.09859998915791],[69.76189999999997,32.08479998915108],[69.7445,32.0762999891469],[69.6909,32.06849998914307],[69.65779999999998,32.05649998913715],[69.6283,32.00109998910992],[69.6031,31.990299989104646],[69.5874,31.97219998909576],[69.5724,31.970399989094897],[69.5533,31.95449998908707],[69.5357,31.957799989088688],[69.52299999999997,31.97219998909576],[69.4923,31.963799989091655],[69.42249999999999,31.958399989089006],[69.375,31.96199998909076],[69.357,31.953599989086655],[69.32410000000002,31.947299989083568],[69.3263,31.929999989075075],[69.2847,31.91239998906646],[69.26409999999998,31.886599989053813],[69.23539999999998,31.87339998904737],[69.20339999999997,31.85489998903831],[69.2239,31.881899989051533],[69.25089999999999,31.907099989063855],[69.2988,31.937699989078865],[69.3049,31.946999989083395],[69.302,31.9598999890897],[69.27070000000002,32.035999989127085],[69.25089999999999,32.13059998917368],[69.252,32.152199989184325],[69.2596,32.19459998920524],[69.25989999999999,32.23679998922615],[69.26709999999999,32.27959998924731],[69.26819999999998,32.3013999892581],[69.26459999999999,32.32239998926853],[69.2387,32.37829998929625],[69.22789999999999,32.4212999893176],[69.2329,32.46259998933817],[69.25159999999998,32.500599989357134],[69.2779,32.52849998937101],[69.27900000000001,32.5296999893716],[69.2819,32.53279998937318],[69.302,32.54379998937866],[69.30269999999999,32.54399998937875],[69.30579999999999,32.54489998937922],[69.3434,32.55609998938483],[69.36109999999998,32.56849998939097],[69.414,32.63549998942448],[69.4259,32.65509998943425],[69.4291,32.667399989440455],[69.41899999999998,32.70049998945703],[69.41719999999998,32.71809998946584],[69.4147,32.72549998946955],[69.3902,32.737999989475824],[69.3834,32.744399989479014],[69.378,32.75229998948296],[69.3762,32.771899989492795],[69.387,32.78529998949955],[69.4085,32.79879998950632],[69.4151,32.80299998950843],[69.4212,32.80679998951038],[69.4457,32.83569998952487],[69.46919999999999,32.851399989532766],[69.47739999999999,32.85689998953555],[69.47739999999999,32.85699998953558],[69.4871,32.88589998955014],[69.4684,32.994299989604734],[69.4878,33.0282999896219],[69.5141,33.056699989636265],[69.54759999999999,33.07499998964551],[69.562,33.07659998964631],[69.5879,33.07959998964781],[69.60839999999999,33.07909998964753],[69.6408,33.08429998965018],[69.66779999999999,33.07699998964648],[69.68619999999999,33.08089998964846],[69.7027,33.09089998965352],[69.733,33.109299989662844],[69.7359,33.10969998966304],[69.7718,33.11479998966562],[69.8388,33.086699989651365],[69.8809,33.08929998965271],[69.9071,33.10269998965949],[69.9313,33.11509998966574],[69.9558,33.1276999896721],[69.96590000000002,33.129399989673],[69.9947,33.12739998967197],[70.0069,33.13179998967422],[70.01449999999998,33.14079998967877],[70.0146,33.14099998967889],[70.048,33.19409998970578],[70.0599,33.19809998970778],[70.0608,33.19779998970761],[70.0836,33.19129998970431],[70.1052,33.189799989703566],[70.12470000000002,33.199099989708266],[70.15059999999998,33.21729998971752],[70.1684,33.22999998972394],[70.1862,33.24249998973029],[70.2642,33.297599989758275],[70.2946,33.318999989769125],[70.2965,33.3279999897737],[70.30139999999999,33.35179998978578],[70.28560000000002,33.38299998980162],[70.233,33.43259998982688],[70.22039999999998,33.45609998983885],[70.21319999999999,33.46139998984154],[70.1855,33.46899998984542],[70.1776,33.47339998984767],[70.16390000000001,33.488699989855455],[70.1549,33.50659998986455],[70.1513,33.52589998987439],[70.15309999999998,33.54479998988403],[70.1736,33.607899989916206],[70.174,33.63209998992859],[70.1704,33.63869998993195],[70.1459,33.649799989937634],[70.1369,33.656299989940926],[70.1326,33.66139998994352],[70.12649999999998,33.676999989951476],[70.1182,33.7164999899717],[70.1135,33.72149998997424],[70.1081,33.727299989977205],[70.0789,33.722899989974955],[70.0656,33.720999989974004],[70.02519999999998,33.73549998998142],[70.01199999999997,33.74029998998387],[69.99309999999998,33.742499989984985],[69.97269999999999,33.74489998998623],[69.9576,33.75269998999022],[69.94719999999998,33.77189999000006],[69.93999999999998,33.79149999001007],[69.9313,33.80639999001768],[69.9076,33.83559999003268],[69.8989,33.85149999004081],[69.8852,33.889399990060234],[69.8766,33.90259999006697],[69.84709999999998,33.92689999007943],[69.84099999999998,33.94179999008711],[69.85429999999998,33.95639999009459],[69.8605,33.96169999009727],[69.8719,33.97149999010233],[69.8724,33.975299990104254],[69.8737,33.98629999010993],[69.8705,34.00129999011764],[69.87259999999999,34.017199990125775],[69.8892,34.031199990132976],[69.90179999999998,34.034899990134896],[69.9158,34.03899999013698],[69.916,34.03899999013698],[69.96909999999998,34.04569999014044],[69.9977,34.044099990139614],[70.003,34.043799990139455],[70.0601,34.02709999013085],[70.11869999999998,34.00999999012207],[70.1843,33.990799990112244],[70.207,33.98419999010885],[70.219,33.98069999010706],[70.2755,33.97609999010467],[70.3101,33.96169999009727],[70.3281,33.957199990094985],[70.4091,33.954399990093584],[70.4546,33.94619999008936],[70.462,33.94489999008868],[70.49149999999999,33.93959999008599],[70.5221,33.938799990085535],[70.6451,33.953499990093064],[70.656,33.95479999009375],[70.657,33.95479999009375],[70.79139999999998,33.953499990093064],[70.8623,33.96479999009889],[70.87069999999999,33.9788999901061],[70.8799,33.99429999011402],[70.88429999999998,34.006999990120526],[70.8943,34.00929999012171],[70.9179,34.003199990118596],[70.9213,34.002299990118125],[70.93969999999997,34.00089999011738],[70.9541,34.004899990119455],[70.96560000000001,34.01379999012405],[70.97710000000001,34.027399990131],[70.9807,34.028399990131554],[70.9977,34.03339999013409],[71.01179999999997,34.03589999013538],[71.0466,34.04199999013852],[71.057,34.04999999014264],[71.06250000000001,34.05429999014482],[71.0671,34.07299999015444],[71.06390000000002,34.08889999016258],[71.0628,34.10539999017106],[71.074,34.12519999018127],[71.1017,34.15189999019501],[71.1082,34.16519999020185],[71.10959999999999,34.189199990214156],[71.10639999999998,34.20939999022456],[71.097,34.24429999024254],[71.097,34.262499990251946],[71.1265,34.332199990287805],[71.1222,34.35679999030046],[71.0509,34.38979999031749],[71.01999999999998,34.41449999033022],[70.9915,34.44309999034499],[70.971,34.46879999035823],[70.9613,34.4875999903679],[70.9555,34.510099990379544],[70.957,34.53199999039084],[70.9685,34.549699990399944],[70.9858,34.556099990403254],[71.00700000000002,34.556299990403346],[71.02259999999998,34.55429999040232],[71.04769999999999,34.55109999040068],[71.06570000000002,34.558399990404425],[71.0765,34.57849999041481],[71.0775,34.58619999041881],[71.0797,34.602899990427446],[71.07609999999997,34.62369999043814],[71.06889999999997,34.64599999044964],[71.07,34.66129999045757],[71.0805,34.672899990463556],[71.09159999999997,34.68039999046745],[71.1375,34.711199990483365],[71.151,34.72029999048806],[71.15129999999999,34.720399990488104],[71.1895,34.73699999049668],[71.2032,34.74819999050248],[71.2058,34.75119999050402],[71.25579999999998,34.81029999053455],[71.2709,34.844399990552205],[71.2896,34.87499999056804],[71.32489999999999,34.89759999057974],[71.3368,34.90159999058181],[71.4599,34.942699990603046],[71.4682,34.94869999060616],[71.46959999999999,34.94969999060665],[71.47679999999998,34.96029999061216],[71.4855,34.98349999062416],[71.49339999999998,34.99419999062968],[71.5042,35.000599990633006],[71.5071,35.003999990634746],[71.5099,35.00709999063637],[71.5114,35.00879999063725],[71.51279999999998,35.018099990642064],[71.5074,35.02819999064729],[71.50889999999998,35.071999990669944],[71.53510000000001,35.09869999068376],[71.58060000000002,35.12469999069726],[71.60429999999997,35.13809999070418],[71.60609999999998,35.14049999070541],[71.6291,35.17009999072073],[71.63810000000001,35.18969999073089],[71.6338,35.20309999073779],[71.6032,35.223399990748355],[71.54769999999999,35.275699990775415],[71.5297,35.300899990788444],[71.5315,35.32789999080243],[71.56209999999997,35.36049999081935],[71.6111,35.395499990837436],[71.6208,35.410199990845065],[71.62229999999998,35.42969999085517],[71.614,35.44329999086223],[71.6007,35.45539999086849],[71.5877,35.47089999087651],[71.58159999999997,35.49319999088804],[71.5859,35.512099990897816],[71.59270000000001,35.53009999090716],[71.5935,35.54929999091709],[71.5841,35.564199990924855],[71.56789999999998,35.57419999092997],[71.51279999999998,35.596199990941415],[71.4927,35.609499990948265],[71.48329999999999,35.62659999095713],[71.49589999999999,35.646599990967474],[71.5139,35.66559999097731],[71.5197,35.68379999098677],[71.5153,35.701599990995994],[71.5027,35.71899999100498],[71.4815,35.73399999101272],[71.4757,35.74109999101641],[71.4711,35.75239999102227],[71.4721,35.76999999103139],[71.4711,35.779999991036576],[71.4646,35.79469999104414],[71.4311,35.84369999106953],[71.4167,35.85879999107733],[71.3713,35.885199991091],[71.36049999999999,35.90029999109879],[71.35659999999999,35.9330999911158],[71.3415,35.94729999112316],[71.3127,35.95739999112836],[71.2842,35.962399991130965],[71.2576,35.971599991135704],[71.23199999999999,35.99389999114725],[71.218,36.0026999911518],[71.18199999999999,36.01879999116012],[71.17079999999999,36.026999991164345],[71.1658,36.04569999117401],[71.1755,36.061199991182036],[71.2075,36.08769999119576],[71.21259999999998,36.09679999120047],[71.2176,36.11799999121141],[71.223,36.12539999121523],[71.26229999999998,36.145999991225864],[71.2929,36.157899991232064],[71.3022,36.16339999123488],[71.3091,36.17269999123965],[71.3141,36.1939999912507],[71.31909999999998,36.200599991254066],[71.3825,36.218599991263424],[71.4027,36.23129999126997],[71.479,36.30049999130569],[71.49589999999999,36.30959999131042],[71.5146,36.31519999131327],[71.5228,36.316599991314],[71.53909999999999,36.31929999131544],[71.55700000000002,36.327299991319535],[71.55820000000001,36.32779999131981],[71.5528,36.3409999913266],[71.5423,36.35639999133457],[71.54699999999998,36.37159999134242],[71.5722,36.39159999135275],[71.58050000000001,36.40229999135827],[71.5888,36.41839999136658],[71.6007,36.449299991382496],[71.6104,36.4578999913869],[71.6291,36.45959999138782],[71.6389,36.45629999138612],[71.64929999999998,36.45269999138425],[71.70690000000002,36.421399991368105],[71.73639999999999,36.39589999135492],[71.7511,36.39099999135242],[71.76699999999998,36.391899991352865],[71.7825,36.39649999135527],[71.79019999999997,36.403799991359016],[71.7943,36.40759999136096],[71.7915,36.421199991368006],[71.77449999999999,36.44839999138202],[71.7731,36.48009999139838],[71.79360000000001,36.49079999140389],[71.80029999999998,36.49109999140404],[71.8584,36.49419999140566],[71.8746,36.49909999140815],[71.8787,36.5020999914097],[71.9135,36.52759999142288],[71.92459999999998,36.53269999142551],[71.96099999999997,36.54959999143417],[71.9687,36.555999991437524],[71.97719999999998,36.56309999144116],[71.99770000000001,36.57249999144597],[72.0287,36.57859999144915],[72.0388,36.580499991450125],[72.05199999999999,36.590599991455356],[72.05499999999999,36.59279999145646],[72.0564,36.601799991461114],[72.05210000000001,36.61039999146551],[72.0503,36.61859999146978],[72.0589,36.62719999147421],[72.07080000000002,36.632299991476835],[72.0923,36.637899991479735],[72.096,36.63889999148021],[72.15429999999999,36.6454999914836],[72.17160000000001,36.65359999148781],[72.16939999999998,36.65899999149055],[72.1648,36.670099991496265],[72.14969999999998,36.689299991506154],[72.1536,36.702199991512785],[72.16979999999998,36.7112999915175],[72.2137,36.72649999152536],[72.2173,36.72709999152565],[72.2941,36.74119999153286],[72.3019,36.74269999153368],[72.30650000000001,36.74289999153374],[72.3462,36.74489999153479],[72.3873,36.75579999154038],[72.433,36.75339999153911],[72.4542,36.75799999154151],[72.48309999999998,36.77759999155162],[72.5169,36.80059999156342],[72.53689999999999,36.8088999915677],[72.5651,36.820599991573694],[72.62950000000001,36.83299999158007],[72.6958,36.83669999158198],[72.7793,36.8267999915769],[72.86790000000002,36.83039999157874],[72.89699999999999,36.836999991582154],[72.91809999999998,36.84609999158679],[72.9211,36.84739999158748],[72.9336,36.849899991588764],[72.94599999999998,36.852299991589966],[72.9769,36.84209999158477],[72.99059999999999,36.84149999158443],[73.0021,36.84609999158679],[73.0263,36.859399991593634],[73.0325,36.86129999159462],[73.04250000000002,36.864299991596155],[73.049,36.86489999159646],[73.1919,36.87699999160271],[73.22349999999999,36.87429999160129],[73.25269999999998,36.86799999159808],[73.26749999999998,36.866599991597326],[73.28189999999998,36.86799999159808],[73.30179999999999,36.873599991600976],[73.31619999999998,36.877599991603],[73.33189999999999,36.88199999160526],[73.3506,36.880899991604664],[73.37179999999998,36.87969999160407],[73.3798,36.87919999160379],[73.44600000000001,36.88649999160755],[73.4472,36.88629999160748],[73.44959999999999,36.885999991607285],[73.50939999999999,36.87859999160352],[73.5275,36.881099991604806],[73.54850000000002,36.883999991606274],[73.6401,36.89659999161273],[73.67119999999998,36.8955999916122],[73.77289999999998,36.89209999161042],[73.8341,36.88289999160573],[73.8651,36.87259999160042],[73.94679999999998,36.830799991578964],[73.97669999999998,36.82479999157588],[74.0065,36.815799991571204],[74.0353,36.81559999157116],[74.0944,36.83119999157914],[74.1038,36.84099999158419],[74.1041,36.84129999158435],[74.1088,36.87559999160197],[74.1153,36.88949999160912],[74.12969999999999,36.89839999161372],[74.1459,36.901599991615306],[74.1607,36.90019999161459],[74.2117,36.89509999161199],[74.2211,36.8978999916134],[74.2359,36.902199991615625],[74.2845,36.934299991632116],[74.368,36.97679999165391],[74.3939,36.99399999166277],[74.418,36.999299991665445],[74.4357,37.00329999166751],[74.4533,37.00419999166797],[74.4569,37.00439999166806],[74.4767,36.99919999166542],[74.4803,36.99699999166431],[74.48869999999998,36.98739999165936],[74.50190000000002,36.97249999165171],[74.5028,36.97179999165134],[74.5144,36.96339999164706],[74.52129999999998,36.95849999164451],[74.5265,36.9595999916451],[74.53749999999998,36.962199991646415],[74.5408,36.97719999165414],[74.5444,36.99399999166277],[74.54940000000002,37.00899999167042],[74.54730000000002,37.01569999167388],[74.5422,37.021699991676975],[74.5617,37.02969999168105],[74.58209999999998,37.033899991683235],[74.6081,37.0390999916859],[74.6261,37.042699991687755],[74.6625,37.054499991693774],[74.6779,37.05159999169231],[74.6923,37.03589999168425],[74.7193,37.01639999167422],[74.7924,37.01509999167359],[74.8245,36.994099991662814],[74.8533,36.95899999164478],[74.8608,36.94689999163856],[74.8669,36.916499991623],[74.87229999999998,36.907099991618125],[74.88569999999999,36.911399991620335],[74.89210000000001,36.92099999162528],[74.8955,36.93229999163105],[74.90079999999998,36.94989999164011],[74.91049999999998,36.96259999164665],[74.92350000000002,36.970099991650486],[74.9249,36.970899991650896],[74.9422,36.97689999165398],[74.9767,36.984199991657725],[75.0145,36.98449999165786],[75.1002,36.994099991662814],[75.1186,36.991199991661304],[75.13299999999998,36.98459999165793],[75.16109999999999,36.96419999164751],[75.1953,36.94889999163962],[75.31330000000001,36.92869999162921],[75.35109999999999,36.915799991622606],[75.3781,36.89429999161158],[75.3943,36.864299991596155],[75.4015,36.82579999157638],[75.40329999999999,36.78469999155525],[75.41049999999997,36.747399991536064],[75.4318,36.722899991523455],[75.4529,36.72219999152308],[75.4762,36.721299991522635],[75.4926,36.72079999152235],[75.4987,36.72759999152586],[75.5016,36.73659999153049],[75.502,36.7378999915312],[75.5081,36.747699991536216],[75.5327,36.75519999154006],[75.5704,36.76669999154598],[75.6499,36.75399999153948],[75.72879999999999,36.7231999915236],[75.7907,36.68779999150541],[75.8497,36.64479999148323],[75.8749,36.619399991470175],[75.9765,36.46259999138938],[75.98729999999999,36.421199991368006],[75.9685,36.341799991327036],[75.9689,36.30199999130645],[75.9765,36.28699999129874],[76.0017,36.261399991285515],[76.01209999999999,36.24809999127867],[76.01429999999999,36.23029999126943],[76.0017,36.222199991265285],[75.98330000000001,36.215499991261815],[75.97,36.202299991254996],[75.9693,36.191699991249486],[75.9775,36.17379999124025],[75.9765,36.16279999123457],[75.9714,36.15509999123061],[75.9642,36.149799991227816],[75.9521,36.14349999122457],[75.9348,36.1343999912199],[75.91449999999999,36.12389999121444],[75.9016,36.113599991209156],[75.8944,36.097399991200746],[75.90009999999998,36.06349999118324],[75.9225,36.0316999911668],[75.95309999999999,36.00719999115408],[75.9844,35.99559999114812],[76.0614,35.99159999114604],[76.08990000000001,35.97819999113913],[76.1147,35.94179999112029],[76.1237,35.90349999110051],[76.12769999999999,35.86209999107904],[76.1381,35.82659999106068],[76.16619999999998,35.80619999105008],[76.1899,35.80499999104952],[76.23709999999998,35.815499991054914],[76.26049999999998,35.817799991056084],[76.28069999999997,35.81419999105425],[76.29650000000001,35.80949999105184],[76.31199999999998,35.80959999105188],[76.34869999999998,35.83089999106291],[76.3535,35.83089999106291],[76.35739999999998,35.83089999106291],[76.36629999999998,35.83089999106291],[76.384,35.82819999106148],[76.4031,35.83089999106291],[76.41029999999999,35.836799991065945],[76.4225,35.85429999107503],[76.4322,35.86049999107819],[76.4538,35.86479999108042],[76.4765,35.86529999108069],[76.5003,35.87159999108396],[76.51549999999999,35.88429999109053],[76.53709999999998,35.90229999109986],[76.5373,35.90249999109998],[76.5553,35.897899991097574],[76.5654,35.86539999108072],[76.551,35.783999991038584],[76.5708,35.751199991021615],[76.6043,35.735799991013685],[76.67669999999998,35.71369999100223],[76.70909999999999,35.69409999099208],[76.7328,35.666599990977836],[76.7454,35.65499999097182],[76.7634,35.646999990967714],[76.7775,35.64619999096729],[76.7794,35.642399990965295],[76.9059,35.392599990835954],[76.9767,35.25279999076356],[76.97839999999998,35.249499990761855],[76.99449999999997,35.217899990745494],[77.0009,35.2049999907388],[77.04889999999999,35.11039999068985],[77.04239999999999,35.10699999068808],[77.02299999999998,35.08629999067736],[77.02689999999998,35.06219999066489],[77.0344,35.03739999065204],[77.03519999999999,35.03449999065055],[77.0287,35.00329999063439],[77.0133,34.98649999062569],[77.009,34.98369999062427],[76.95579999999998,34.948499990606074],[76.95279999999997,34.94649999060503],[76.93369999999997,34.928899990595866],[76.9211,34.92079999059172],[76.90599999999999,34.92319999059296],[76.8797,34.93709999060018],[76.8527,34.943399990603396],[76.81709999999998,34.94079999060208],[76.78209999999999,34.930899990596956],[76.7577,34.91519999058883],[76.7537,34.903599990582805],[76.7497,34.89219999057693],[76.752,34.858099990559275],[76.75329999999998,34.83829999054905],[76.74399999999997,34.81929999053924],[76.6984,34.783299990520625],[76.6596,34.752599990504756],[76.6525,34.746999990501855],[76.63959999999999,34.74119999049886],[76.55320000000002,34.725899990490966],[76.5359,34.72609999049105],[76.5201,34.731199990493714],[76.4765,34.75779999050745],[76.438,34.76289999051007],[76.4297,34.760299990508734],[76.3998,34.75079999050379],[76.36329999999998,34.73329999049474],[76.2619,34.68459999046962],[76.2499,34.682099990468316],[76.15500000000002,34.66159999045773],[76.1219,34.66089999045735],[76.07869999999998,34.6760999904652],[76.0582,34.68339999046903],[76.0233,34.67719999046579],[76.01809999999999,34.673299990463754],[76.0074,34.66519999045962],[75.98690000000002,34.63659999044484],[75.9865,34.63599999044449],[75.97319999999999,34.6223999904375],[75.9664,34.61909999043579],[75.9394,34.61209999043218],[75.9132,34.59579999042374],[75.89289999999998,34.58329999041732],[75.87389999999998,34.571399990411166],[75.81629999999998,34.521599990385454],[75.7957,34.5078999903784],[75.77699999999999,34.50379999037629],[75.7349,34.50859999037875],[75.7137,34.508499990378674],[75.6557,34.49699999037276],[75.6118,34.49829999037345],[75.4274,34.53959999039473],[75.3489,34.557099990403785],[75.3483,34.55729999040388],[75.3069,34.57399999041251],[75.26759999999999,34.598399990425065],[75.2667,34.59919999042553],[75.2514,34.613099990432694],[75.2499,34.6150999904337],[75.237,34.63179999044236],[75.2132,34.64489999044915],[75.21289999999998,34.64499999044917],[75.21239999999999,34.64499999044917],[75.1762,34.645399990449356],[75.111,34.6336999904433],[75.02639999999998,34.630099990441494],[75.0244,34.62999999044143],[75.0178,34.62969999044126],[74.66499999999999,34.68839999047158],[74.4123,34.764499990510906],[74.3489,34.7733999905155],[74.2942,34.76949999051348],[74.28589999999998,34.768899990513155],[74.2218,34.747799990502266],[74.14689999999999,34.701799990478506],[74.121,34.69079999047285],[74.036,34.67869999046654],[73.96229999999998,34.668199990461126],[73.95170000000002,34.66399999045898],[73.9486,34.66279999045836],[73.9194,34.64259999044793],[73.9176,34.61919999043586],[73.92549999999997,34.59329999042244],[73.9259,34.56499999040782],[73.91109999999999,34.544999990397535],[73.8633,34.51709999038315],[73.8471,34.49429999037136],[73.8456,34.45649999035187],[73.8402,34.44439999034563],[73.8316,34.43639999034154],[73.8121,34.42759999033698],[73.80670000000002,34.42519999033572],[73.8036,34.42319999033473],[73.79629999999999,34.4185999903323],[73.7892,34.40899999032737],[73.77969999999999,34.39609999032073],[73.7747,34.370999990307794],[73.78259999999999,34.34679999029531],[73.7935,34.336999990290266],[73.8042,34.32749999028536],[73.82910000000001,34.315299990279094],[73.8532,34.30739999027502],[73.8791,34.30429999027339],[73.9075,34.306799990274726],[73.9367,34.3043999902735],[73.9378,34.30429999027339],[73.93869999999998,34.30329999027293],[73.9422,34.29969999027102],[73.95430000000002,34.28719999026462],[73.959,34.2767999902593],[73.97669999999998,34.23759999023909],[73.9907,34.21849999022927],[73.9983,34.19679999021808],[73.996,34.18069999020981],[73.9954,34.17649999020767],[73.97669999999998,34.161599990199996],[73.96429999999998,34.15619999019721],[73.91690000000001,34.135299990186475],[73.8931,34.114799990175904],[73.8845,34.08419999016018],[73.8939,34.05429999014482],[73.9162,34.02789999013127],[73.9457,34.00979999012197],[73.97669999999998,34.00459999011934],[74.0451,34.019499990126945],[74.06520000000002,34.01829999012634],[74.11849999999998,34.00259999011826],[74.15409999999999,34.004199990119126],[74.1919,34.011899990123084],[74.22829999999999,34.01289999012356],[74.25500000000001,33.99719999011551],[74.25959999999999,33.994399990114054],[74.2677,33.97369999010346],[74.2722,33.96209999009748],[74.26249999999999,33.92989999008098],[74.23949999999999,33.9009999900662],[74.2125,33.87839999005461],[74.17749999999998,33.85749999004388],[74.1423,33.84419999003708],[74.03459999999998,33.82859999002905],[74.01119999999999,33.810399990019754],[73.97669999999998,33.75889998999339],[73.96620000000001,33.73459998998095],[73.9638,33.72479998997594],[73.96299999999998,33.72149998997424],[73.96289999999999,33.72029998997366],[73.9608,33.69229998995934],[73.96299999999998,33.67679998995139],[73.9684,33.66219998994395],[73.97669999999998,33.6483999899369],[73.98339999999999,33.643599989934444],[74.0242,33.61419998991941],[74.0883,33.58529998990466],[74.1047,33.57419998989904],[74.14149999999997,33.54939998988636],[74.1577,33.49429998985829],[74.1361,33.41799998981944],[74.10550000000002,33.345199989782415],[74.09579999999998,33.32839998977389],[74.085,33.314399989766756],[74.07209999999999,33.302199989760574],[74.0555,33.29209998975544],[74.01769999999999,33.27949998974906],[74.0019,33.27019998974438],[73.9918,33.25259998973545],[73.98849999999999,33.20859998971313],[74.00219999999999,33.17769998969744],[74.0296,33.154099989685484],[74.0659,33.132699989674656],[74.0983,33.10489998966059],[74.1538,33.04019998962793],[74.1909,33.02219998961879],[74.2841,33.008899989612075],[74.3111,32.994299989604734],[74.3219,32.97209998959355],[74.32339999999999,32.94279998957876],[74.32439999999998,32.922399989568476],[74.32439999999998,32.921399989567995],[74.3367,32.870199989542186],[74.3338,32.84929998953168],[74.323,32.83059998952229],[74.3064,32.809999989511965],[74.3165,32.791099989502484],[74.3204,32.786699989500235],[74.3295,32.77649998949514],[74.34599999999999,32.76689998949031],[74.3676,32.76359998948863],[74.3863,32.76769998949069],[74.4191,32.78459998949918],[74.4385,32.786099989499924],[74.45549999999999,32.77859998949614],[74.4846,32.75359998948364],[74.5008,32.745999989479834],[74.52099999999999,32.74529998947952],[74.5281,32.746199989479955],[74.539,32.74779998948071],[74.5739,32.75259998948317],[74.5809,32.75449998948405],[74.59330000000001,32.7578999894858],[74.6142,32.770499989492116],[74.6221,32.78549998949964],[74.6265,32.802699989508305],[74.6358,32.822099989518],[74.6535,32.8373999895257],[74.67179999999999,32.84059998952732],[74.6795,32.83519998952461],[74.6851,32.83129998952263],[74.6891,32.80879998951135],[74.68229999999998,32.78729998950057],[74.6571,32.745399989479516],[74.6499,32.72319998946839],[74.65019999999998,32.701199989457365],[74.6574,32.66059998943702],[74.656,32.64069998942709],[74.6481,32.62359998941851],[74.64269999999999,32.615299989414396],[74.6397,32.610699989412055],[74.6369,32.60629998940986],[74.6297,32.58809998940075],[74.6326,32.56819998939081],[74.6625,32.49839998935604],[74.68949999999998,32.47139998934258],[74.7251,32.4607999893373],[74.76360000000001,32.46259998933817],[74.7993,32.47269998934323],[74.8381,32.47489998934433],[74.9069,32.44519998932952],[74.9483,32.44879998933129],[74.97249999999998,32.45709998933545],[74.9908,32.46339998933857],[75.0139,32.46539998933955],[75.02349999999998,32.46619998933998],[75.0549,32.455599989334715],[75.0923,32.429299989321585],[75.1261,32.41179998931293],[75.1963,32.397399989305775],[75.23019999999998,32.380199989297225],[75.327,32.31249998926361],[75.3296,32.3096999892622],[75.3467,32.29119998925307],[75.3529,32.284499989249746],[75.3591,32.261699989238416],[75.3486,32.24199998922867],[75.3166,32.21079998921325],[75.3083,32.19389998920491],[75.29589999999999,32.15319998918481],[75.2946,32.14889998918267],[75.2857,32.149499989183],[75.26330000000002,32.150999989183745],[75.25,32.14889998918267],[75.2266,32.14209998917934],[75.1956,32.12859998917268],[75.1733,32.10969998916335],[75.17400000000002,32.08679998915209],[75.16140000000001,32.08799998915268],[75.13839999999999,32.09359998915545],[75.1297,32.09029998915384],[75.1189,32.08109998914928],[75.1103,32.07769998914761],[75.10200000000002,32.0780999891478],[75.04079999999999,32.09799998915763],[75.0225,32.09469998915597],[75.03000000000002,32.06639998914204],[74.99549999999999,32.06739998914256],[74.98609999999998,32.06319998914044],[74.9774,32.04989998913395],[74.9742,32.04509998913161],[74.9677,32.037899989128036],[74.95549999999999,32.03219998912521],[74.93140000000001,32.02989998912407],[74.90870000000001,32.03189998912505],[74.88930000000002,32.02889998912359],[74.8731,32.01169998911517],[74.857,32.016699989117654],[74.82879999999999,32.02539998912185],[74.81109999999998,32.00369998911124],[74.80250000000001,31.96889998909413],[74.79379999999999,31.956799989088207],[74.7838,31.94289998908138],[74.76289999999999,31.9389999890795],[74.7474,31.941699989080796],[74.69849999999998,31.950299989085043],[74.68040000000002,31.92109998907069],[74.66999999999997,31.90419998906245],[74.6571,31.895699989058265],[74.64189999999999,31.890899989055924],[74.6412,31.89059998905579],[74.63289999999999,31.885099989053106],[74.5851,31.853499989037655],[74.56559999999999,31.840599989031322],[74.5505,31.826999989024706],[74.5408,31.810899989016814],[74.5368,31.77569998899966],[74.535,31.77109998899745],[74.5231,31.75859998899134],[74.5177,31.741599988983044],[74.5163,31.737399988981046],[74.5033,31.730599988977733],[74.4902,31.712499988968926],[74.4893,31.711199988968257],[74.4976,31.701899988963756],[74.49939999999997,31.69989998896278],[74.5022,31.695499988960663],[74.55379999999998,31.614899988921554],[74.55549999999998,31.61229998892029],[74.557,31.607599988917993],[74.58469999999998,31.51759998887447],[74.5849,31.517299988874353],[74.5962,31.502199988867055],[74.61459999999998,31.477799988855296],[74.6171,31.458899988846166],[74.61210000000001,31.440299988837232],[74.60019999999999,31.424099988829454],[74.5836,31.406699988821067],[74.57169999999999,31.38929998881273],[74.5631,31.370599988803736],[74.5352,31.309899988774617],[74.5321,31.303199988771414],[74.5253,31.280299988760458],[74.5253,31.277999988759397],[74.52509999999997,31.261599988751534],[74.525,31.24039998874139],[74.5249,31.235499988739072],[74.52129999999998,31.22639998873474],[74.5091,31.195699988720104],[74.5062,31.175399988710435],[74.50950000000002,31.156099988701264],[74.51360000000001,31.145299988696074],[74.51489999999998,31.14189998869448],[74.5235,31.129299988688512],[74.5245,31.128299988688024],[74.5368,31.1151999886818],[74.5495,31.110299988679465],[74.55299999999998,31.10899998867885],[74.59689999999999,31.115899988682138],[74.6058,31.115599988681957],[74.6171,31.11529998868187],[74.6319,31.107599988678185],[74.65019999999998,31.0930999886713],[74.6589,31.083799988666897],[74.60089999999998,31.056599988654018],[74.5904,31.04989998865082],[74.5793,31.042699988647403],[74.5642,31.024999988639042],[74.5642,31.00439998862928],[74.5487,30.992199988623533],[74.5347,30.97629998861606],[74.5192,30.962499988609537],[74.49939999999997,30.95659998860673],[74.4774,30.956199988606556],[74.4587,30.95339998860524],[74.44139999999999,30.94609998860179],[74.4347,30.940699988599228],[74.42449999999998,30.932399988595368],[74.41329999999999,30.9150999885872],[74.41129999999998,30.908499988584126],[74.409,30.901099988580572],[74.4015,30.8931999885769],[74.3799,30.89449998857749],[74.37859999999999,30.894799988577645],[74.35360000000001,30.901199988580643],[74.3424,30.901899988581],[74.32979999999999,30.8995999885799],[74.3194,30.893499988577027],[74.3107,30.884499988572777],[74.3039,30.87399998856789],[74.31149999999998,30.855999988559404],[74.3003,30.838199988551068],[74.27979999999998,30.824599988544684],[74.26029999999999,30.819499988542297],[74.2567,30.81529998854035],[74.2657,30.795499988531027],[74.26679999999998,30.788399988527722],[74.25930000000001,30.780999988524275],[74.2359,30.764099988516346],[74.21499999999999,30.737499988503945],[74.19879999999998,30.724999988498134],[74.19119999999997,30.716999988494393],[74.1847,30.696899988484997],[74.17,30.687299988480536],[74.1635,30.66489998847014],[74.1556,30.65959998846765],[74.1325,30.65549998846573],[74.1117,30.646299988461465],[74.09579999999998,30.637199988457265],[74.0821,30.625899988452023],[74.0674,30.610599988444882],[74.0569,30.59169998843615],[74.06159999999998,30.55559998841945],[74.05769999999997,30.531399988408232],[74.0496,30.523899988404757],[74.04399999999998,30.518699988402346],[74.0044,30.508999988397903],[73.9961,30.50109998839428],[73.99,30.487799988388122],[73.9487,30.43769998836502],[73.9392,30.426099988359738],[73.9291,30.419099988356468],[73.9165,30.41719998835564],[73.9,30.422099988357886],[73.90609999999998,30.394899988345422],[73.8877,30.39659998834617],[73.86760000000001,30.387499988341983],[73.85169999999998,30.372699988335217],[73.8424,30.35299998832616],[73.8917,30.32979998831557],[73.91189999999999,30.30389998830372],[73.93449999999999,30.261099988284204],[73.9489,30.21729998826431],[73.9443,30.188299988251135],[73.7783,30.06729998819644],[73.7548,30.055799988191247],[73.7398,30.04839998818793],[73.63310000000001,30.02739998817842],[73.558,30.012499988171754],[73.3852,29.942399988140348],[73.37039999999998,29.927399988133633],[73.2329,29.53669998796109],[73.05069999999999,29.228299987828027],[72.9888,29.154699987796647],[72.9629,29.11679998778057],[72.93049999999998,29.047699987751386],[72.9183,29.032999987745214],[72.9017,29.022699987740868],[72.76600000000002,28.960299987714688],[72.6956,28.927999987701163],[72.3822,28.78409998764139],[72.3545,28.767199987634406],[72.28029999999997,28.687199987601506],[72.2566,28.645599987584482],[72.19789999999999,28.444899987503177],[72.1777,28.397099987483998],[72.15,28.35379998746674],[72.1111,28.317699987452364],[71.9884,28.228099987416908],[71.90849999999999,28.135699987380626],[71.8969,28.115599987372818],[71.8915,28.09719998736563],[71.87999999999998,27.974999987318284],[71.8743,27.95979998731247],[71.8609,27.950199987308743],[71.59059999999998,27.876799987280652],[71.56069999999998,27.868599987277545],[71.47720000000001,27.8624999872752],[71.3976,27.86839998727748],[71.3449,27.864299987275896],[71.31159999999998,27.86179998727497],[71.22629999999998,27.845499987268735],[71.1507,27.822399987259974],[70.9138,27.717799987220488],[70.8604,27.707199987216512],[70.8317,27.701499987214373],[70.7619,27.709799987217494],[70.7104,27.74109998722927],[70.6719,27.791099987248092],[70.6409,27.854899987272297],[70.6377,27.874199987279653],[70.6416,27.91129998729383],[70.6333,27.931599987301617],[70.62109999999998,27.94419998730648],[70.59300000000002,27.96449998731425],[70.55989999999998,27.998399987327318]]]]}},{"type":"Feature","properties":{"ADMIN":"PAK_S","ISO_A3":"PAK","admin_source":"World Bank GAD, artifact wb_boundaries_20260820","admin_units":"Badin, Balochistan, Dadu, Ghotki, Hyderabad, Jacobabad, Jamshoro, Kashmore, Khairpur, Larkana, Matiari, Mirpur Khas, Naushahro Feroze, Qambar Shahdadkot, Sanghar, Shaheed Benazirabad, Shikarpur, Sujawal, Sukkur, Tando Allah Yar, Tando Muhammad Khan, Tharparkar, Thatta, Umerkot","epm_zone":"PAK_S","epm_country":"PAK","split_rationale":"Thermal and coal south (Sindh + Balochistan) minus the Karachi utility territory, which is a separate control area.","grid_area":"NTDC southern region (excl. K-Electric)","model_plants":"Guddu, Uch, Jamshoro, Thar, Qadirpur, Karachi-Coastal, Sahiwal","caveat":"Sahiwal coal is in Punjab territorially but is dispatched in PAK_S by the model. The polygon follows territory."},"geometry":{"type":"MultiPolygon","coordinates":[[[[67.3904,24.04929998614041],[67.4131,24.048899986140334],[67.4581,24.062699986143144],[67.47790000000002,24.05129998614082],[67.48549999999999,24.048599986140253],[67.4653,24.040699986138694],[67.4606,24.02679998613588],[67.45379999999999,24.01349998613322],[67.4268,24.007599986132032],[67.4095,24.01349998613322],[67.3933,24.02809998613615],[67.3814,24.046299986139836],[67.3753,24.062699986143144],[67.3904,24.04929998614041]]],[[[67.53100000000002,24.06099998614281],[67.533,24.07029998614468],[67.5096,24.052099986140966],[67.4891,24.054199986141438],[67.46709999999999,24.064199986143432],[67.4408,24.07029998614468],[67.38359999999999,24.066899986144],[67.3541,24.07089998614482],[67.34150000000001,24.08649998614802],[67.3372,24.118999986154684],[67.3264,24.14389998615982],[67.30040000000001,24.186399986168723],[67.29539999999999,24.199299986171436],[67.2932,24.212299986174184],[67.29220000000001,24.26189998618477],[67.28859999999999,24.27009998618651],[67.2792,24.28129998618891],[67.28829999999999,24.295799986192048],[67.2929,24.302999986193633],[67.2868,24.326599986198723],[67.286,24.3295999861994],[67.3058,24.342899986202315],[67.3364,24.346499986203085],[67.3624,24.34389998620253],[67.3426,24.353999986204748],[67.32529999999998,24.35769998620554],[67.2828,24.35769998620554],[67.2716,24.369099986208056],[67.27339999999998,24.39519998621381],[67.2868,24.439499986223705],[67.28059999999998,24.43239998622211],[67.2787,24.43089998622178],[67.27339999999998,24.427099986220945],[67.2713,24.42589998622063],[67.2587,24.41919998621916],[67.2569,24.444999986224943],[67.24679999999998,24.467999986230108],[67.2306,24.48889998623485],[67.2108,24.508499986239293],[67.231,24.525099986243067],[67.2266,24.532399986244734],[67.204,24.535099986245367],[67.1946,24.54729998624815],[67.1885,24.5614999862514],[67.18339999999999,24.590399986258106],[67.19959999999999,24.5847999862568],[67.218,24.58249998625629],[67.2367,24.584099986256646],[67.2526,24.590399986258106],[67.2238,24.607299986262035],[67.20899999999999,24.61379998626356],[67.1903,24.617699986264462],[67.1726,24.615999986264075],[67.16,24.61229998626321],[67.1521,24.615799986264037],[67.1496,24.635199986268567],[67.15719999999999,24.66289998627508],[67.1755,24.688799986281193],[67.2,24.710699986286404],[67.2245,24.72699998629031],[67.2529,24.740499986293557],[67.25539999999998,24.748099986295376],[67.245,24.761699986298648],[67.23279999999998,24.77079998630085],[67.2238,24.769799986300608],[67.21259999999998,24.764799986299394],[67.1759,24.75779998629771],[67.16719999999998,24.760199986298307],[67.1615,24.78139998630341],[67.15609999999997,24.791599986305872],[67.1546,24.793099986306267],[67.17049999999999,24.803799986308835],[67.1999,24.813899986311277],[67.2595,24.813799986311267],[67.2817,24.80799998630989],[67.2941,24.814299986311415],[67.31099999999999,24.808899986310077],[67.3557,24.773999986301643],[67.37199999999999,24.781799986303497],[67.3972,24.781799986303497],[67.4224,24.790599986305654],[67.4327,24.778699986302758],[67.4484,24.783399986303912],[67.4814,24.778399986302674],[67.4789,24.761099986298486],[67.4969,24.753599986296678],[67.51509999999999,24.799099986307695],[67.56140000000002,24.785199986304313],[67.5768,24.792299986306066],[67.5738,24.840599986317827],[67.5474,24.891499986330412],[67.542,24.90889998633468],[67.5279,24.978599986352197],[67.5501,24.990299986355133],[67.54690000000001,25.027999986364726],[67.5474,25.06569998637438],[67.5295,25.086999986379848],[67.5194,25.11289998638654],[67.50569999999999,25.127999986390485],[67.4903,25.128699986390647],[67.44199999999998,25.147899986395643],[67.4041,25.159199986398615],[67.3917,25.17309998640223],[67.3696,25.17609998640302],[67.3666,25.19899998640908],[67.3502,25.221799986415107],[67.3628,25.26769998642727],[67.4075,25.353899986450504],[67.42119999999998,25.35309998645029],[67.43529999999998,25.38569998645918],[67.4264,25.40909998646559],[67.4406,25.42679998647041],[67.4503,25.468099986481825],[67.4639,25.477599986484464],[67.4694,25.492499986488617],[67.4639,25.5217999864968],[67.4658,25.631399986527754],[67.4618,25.657899986535327],[67.4208,25.647999986532483],[67.3874,25.65139998653344],[67.34840000000001,25.64259998653094],[67.32169999999999,25.592499986516675],[67.3104,25.585099986514578],[67.2756,25.574799986511685],[67.27629999999999,25.544199986503035],[67.24909999999998,25.52129998649667],[67.221,25.520199986496337],[67.21509999999999,25.488799986487592],[67.1878,25.46779998648174],[67.17759999999998,25.45389998647793],[67.17409999999998,25.426299986470294],[67.18209999999999,25.39279998646111],[67.1564,25.358199986451687],[67.1693,25.339599986446647],[67.1682,25.327499986443375],[67.15,25.3202999864414],[67.12999999999998,25.28999998643329],[67.135,25.279299986430406],[67.1029,25.245699986421442],[67.043,25.20999998641195],[67.03829999999999,25.185999986405648],[67.023,25.172299986402027],[67.0252,25.155099986397502],[67.0188,25.1373999863929],[67.031,25.12149998638876],[67.0276,25.110299986385893],[67.0017,25.08919998638042],[66.9882,25.063299986373742],[66.9669,25.042799986368514],[66.9436,25.03029998636532],[66.93809999999999,25.015599986361572],[66.89019999999998,25.014999986361403],[66.84879999999998,25.002899986358322],[66.8219,24.973799986350965],[66.7917,24.97259998635065],[66.77569999999997,24.964399986348603],[66.77029999999999,24.951799986345442],[66.7381,24.92619998633904],[66.7243,24.9191999863373],[66.71849999999999,24.915499986336346],[66.70839999999998,24.899999986332492],[66.7043,24.89789998633199],[66.7043,24.898899986332225],[66.6862,24.908099986334523],[66.6812,24.910599986335136],[66.6812,24.922799986338173],[66.6812,24.942899986343225],[66.6812,24.94899998634472],[66.69709999999999,25.02559998636409],[66.6996,25.085399986379457],[66.7043,25.10439998638433],[66.71359999999999,25.120899986388615],[66.7324,25.143299986394453],[66.7381,25.159499986398675],[66.73699999999998,25.181099986404362],[66.7216,25.21259998641266],[66.7204,25.218099986414096],[66.7176,25.23119998641757],[66.70999999999998,25.239399986419766],[66.674,25.269099986427694],[66.66849999999998,25.27159998642833],[66.6596,25.275699986429448],[66.6481,25.283299986431462],[66.61210000000001,25.315199986440025],[66.5952,25.330199986444118],[66.5606,25.349699986449355],[66.5477,25.365699986453723],[66.55299999999998,25.382899986458376],[66.5538,25.385499986459102],[66.5794,25.379499986457493],[66.58449999999999,25.388099986459828],[66.5912,25.399599986462963],[66.58809999999998,25.41909998646832],[66.5869,25.426299986470294],[66.5642,25.439599986473937],[66.5506,25.457199986478827],[66.5416,25.492199986488533],[66.5311,25.51809998649575],[66.5128,25.50839998649305],[66.50590000000001,25.522099986496844],[66.493,25.51809998649575],[66.4865,25.52569998649789],[66.47779999999999,25.54929998650449],[66.45879999999998,25.567999986509733],[66.444,25.582499986513877],[66.4372,25.59779998651815],[66.412,25.590699986516167],[66.3878,25.592499986516675],[66.3727,25.60399998651993],[66.3756,25.625699986526108],[66.3587,25.61459998652295],[66.3508,25.612099986522217],[66.3385,25.6080999865211],[66.3032,25.60459998652009],[66.29139999999998,25.605999986520516],[66.27189999999999,25.61129998652199],[66.2705,25.611699986522098],[66.25819999999999,25.61199998652221],[66.23990000000002,25.599999986518807],[66.20389999999999,25.593299986516932],[66.1834,25.581699986513616],[66.1702,25.568999986510033],[66.1672,25.56609998650922],[66.15560000000002,25.54929998650449],[66.13729999999998,25.513799986494526],[66.1315,25.50839998649305],[66.12069999999999,25.504699986491996],[66.1197,25.503799986491735],[66.1096,25.495499986489467],[66.0998,25.48439998648638],[66.0985,25.482099986485686],[66.09479999999999,25.475499986483875],[66.0944,25.4748999864837],[66.0951,25.4748999864837],[66.12109999999998,25.475199986483815],[66.1514,25.480099986485175],[66.1726,25.483499986486095],[66.1931,25.486799986487036],[66.2003,25.487899986487317],[66.21289999999999,25.491399986488293],[66.2145,25.492599986488635],[66.2237,25.49949998649057],[66.2417,25.518599986495893],[66.25500000000001,25.522099986496844],[66.25899999999999,25.52489998649767],[66.25679999999998,25.5385999865015],[66.25819999999999,25.543199986502774],[66.2791,25.54999998650469],[66.30940000000001,25.55399998650579],[66.3364,25.5534999865057],[66.3482,25.54629998650365],[66.3526,25.535599986500635],[66.3634,25.530399986499177],[66.377,25.527099986498254],[66.3792,25.52619998649802],[66.38340000000001,25.524399986497535],[66.38859999999998,25.522099986496844],[66.3972,25.512999986494304],[66.4099,25.49419998648909],[66.412,25.491199986488223],[66.42309999999999,25.48109998648545],[66.43069999999997,25.48659998648696],[66.4372,25.491399986488293],[66.45620000000001,25.496099986489618],[66.4723,25.49379998648895],[66.4757,25.49339998648886],[66.49219999999998,25.48109998648545],[66.4577,25.45389998647793],[66.49800000000002,25.430499986471442],[66.5117,25.414199986466986],[66.5016,25.402399986463713],[66.4984,25.39859998646268],[66.48400000000001,25.400599986463227],[66.4656,25.41169998646627],[66.45289999999999,25.421299986468938],[66.4372,25.433299986472196],[66.3594,25.465299986481057],[66.3119,25.47509998648378],[66.2788,25.467499986481666],[66.2518,25.47289998648313],[66.2194,25.46499998648099],[66.1939,25.455599986478376],[66.18699999999998,25.452999986477675],[66.15919999999998,25.446999986476026],[66.1165,25.446699986475938],[66.0689,25.446299986475807],[66.0048,25.429699986471245],[65.9245,25.41869998646821],[65.8817,25.419699986468487],[65.85829999999999,25.417699986467948],[65.856,25.41659998646762],[65.8241,25.402399986463713],[65.8003,25.395899986461956],[65.7654,25.377999986457056],[65.7244,25.371199986455235],[65.6718,25.34739998644873],[65.652,25.34449998644797],[65.62969999999999,25.346999986448655],[65.51899999999999,25.375299986456312],[65.4882,25.383199986458468],[65.4827,25.38379998645866],[65.46770000000001,25.385499986459102],[65.44609999999999,25.380999986457915],[65.42269999999999,25.372399986455537],[65.40069999999999,25.366699986453966],[65.3824,25.371199986455235],[65.38699999999999,25.376499986456665],[65.3891,25.38039998645773],[65.3953,25.392299986460955],[65.3629,25.390599986460522],[65.33629999999998,25.385299986459078],[65.31839999999998,25.37879998645728],[65.3132,25.376899986456767],[65.2924,25.3649999864535],[65.26769999999999,25.376599986456686],[65.2596,25.380499986457774],[65.23219999999999,25.370699986455094],[65.211,25.347999986448905],[65.188,25.311099986438933],[65.17999999999999,25.303799986436992],[65.1798,25.303599986436925],[65.1703,25.299499986435816],[65.15519999999998,25.296199986434914],[65.14329999999998,25.295899986434847],[65.1181,25.301999986436485],[65.0897,25.305599986437475],[65.0729,25.310499986438785],[65.05869999999999,25.314599986439887],[65.0422,25.3165999864404],[65.0402,25.3165999864404],[64.9806,25.3165999864404],[64.9304,25.325399986442786],[64.9205,25.327099986443255],[64.8895,25.328399986443614],[64.88459999999999,25.32629998644305],[64.8611,25.3165999864404],[64.8415,25.324399986442522],[64.83909999999999,25.325399986442786],[64.80739999999999,25.328499986443635],[64.7444,25.32409998644243],[64.7185,25.314499986439834],[64.7117,25.30939998643847],[64.6958,25.297599986435294],[64.6786,25.276799986429726],[64.6685,25.255199986423953],[64.66269999999999,25.229199986417033],[64.66339999999998,25.216999986413818],[64.6685,25.2066999864111],[64.67999999999999,25.201599986409747],[64.6962,25.19709998640857],[64.7092,25.190699986406887],[64.7102,25.179399986403904],[64.7023,25.17879998640377],[64.6552,25.165799986400355],[64.64079999999998,25.166699986400562],[64.63029999999999,25.16939998640126],[64.6152,25.17319998640228],[64.6004,25.17319998640228],[64.62709999999998,25.21169998641242],[64.62779999999998,25.22849998641687],[64.6105,25.251799986423038],[64.5929,25.26139998642561],[64.5655,25.270299986427982],[64.5371,25.275999986429518],[64.51839999999999,25.275699986429448],[64.5166,25.274399986429067],[64.5065,25.26699998642713],[64.49209999999998,25.24579998642146],[64.4802,25.24149998642031],[64.4676,25.240499986420048],[64.43919999999999,25.2345999864185],[64.42389999999999,25.239099986419664],[64.4176,25.240899986420143],[64.38260000000001,25.27159998642833],[64.36069999999998,25.283099986431445],[64.3182,25.29229998643388],[64.27499999999999,25.296199986434914],[64.26559999999999,25.29869998643562],[64.2527,25.311599986439084],[64.2448,25.3165999864404],[64.18849999999999,25.31859998644099],[64.1839,25.31879998644101],[64.177,25.32009998644139],[64.09699999999998,25.33549998644553],[64.0946,25.335999986445643],[64.0946,25.349999986449458],[64.1036,25.367899986454322],[64.1042,25.37079998645511],[64.1069,25.385499986459102],[64.10279999999999,25.389899986460282],[64.1018,25.390899986460585],[64.0921,25.39609998646201],[64.0835,25.403599986464087],[64.0795,25.41619998646751],[64.08379999999998,25.42679998647041],[64.0939,25.431799986471813],[64.11729999999999,25.433299986472196],[64.14069999999998,25.428999986471002],[64.15079999999999,25.432099986471865],[64.1551,25.446999986476026],[64.15079999999999,25.4513999864772],[64.1274,25.45389998647793],[64.0817,25.44389998647511],[64.0565,25.44189998647459],[64.0453,25.450399986476928],[63.989499999999985,25.425499986470076],[63.97659999999999,25.412799986466602],[63.9913,25.41669998646765],[63.99710000000001,25.419699986468487],[64.0043,25.40209998646364],[64.0118,25.397299986462354],[64.02159999999999,25.402799986463837],[64.0352,25.41619998646751],[64.0489,25.416499986467617],[64.0615,25.39919998646285],[64.0795,25.3649999864535],[64.0666,25.346299986448464],[64.0597,25.344699986448003],[64.0464,25.344599986447996],[64.0421,25.34449998644797],[64.005,25.339099986446488],[63.98699999999999,25.33839998644629],[63.96969999999999,25.34449998644797],[63.948800000000006,25.33669998644583],[63.94420000000001,25.33499998644539],[63.9206,25.33889998644647],[63.90669999999999,25.341199986447084],[63.8048,25.37499998645627],[63.737899999999996,25.385299986459078],[63.699400000000004,25.384399986458785],[63.669799999999995,25.383599986458602],[63.604699999999994,25.37439998645608],[63.57809999999999,25.36659998645397],[63.5726,25.3649999864535],[63.554299999999984,25.35629998645117],[63.546,25.35039998644957],[63.53770000000001,25.34449998644797],[63.51039999999998,25.3165999864404],[63.49559999999999,25.291399986433618],[63.485199999999985,25.28439998643176],[63.47500000000001,25.28759998643262],[63.469300000000004,25.289299986433075],[63.472,25.280199986430627],[63.47399999999998,25.273299986428775],[63.481599999999986,25.260199986425285],[63.518600000000006,25.220899986414857],[63.5179,25.21429998641312],[63.5118,25.200299986409423],[63.506799999999984,25.195599986408155],[63.500599999999984,25.193699986407676],[63.46860000000001,25.199099986409095],[63.4292,25.21519998641337],[63.41099999999999,25.222599986415315],[63.376799999999996,25.22779998641668],[63.36139999999999,25.226099986416223],[63.308,25.22049998641476],[63.291499999999985,25.222899986415374],[63.2512,25.238799986419593],[63.24429999999999,25.24149998642031],[63.17840000000001,25.258099986424725],[63.1439,25.26099998642551],[63.12309999999999,25.25709998642447],[63.11329999999999,25.255199986423953],[63.07759999999998,25.23739998641923],[63.0575,25.227399986416604],[63.05100000000001,25.22419998641574],[63.028000000000006,25.22049998641476],[63.023,25.220899986414857],[62.94229999999999,25.22779998641668],[62.770599999999995,25.261999986425767],[62.6378,25.265299986426633],[62.605,25.266099986426855],[62.52759999999999,25.264299986426366],[62.492099999999986,25.260599986425394],[62.4772,25.259099986424992],[62.476499999999994,25.25799998642471],[62.46489999999999,25.23739998641923],[62.467399999999984,25.22359998641558],[62.4894,25.21429998641312],[62.46959999999999,25.2066999864111],[62.4444,25.213999986413015],[62.4138,25.206599986411057],[62.38539999999999,25.192599986407362],[62.365899999999996,25.179399986403904],[62.3548,25.16949998640131],[62.343199999999996,25.155499986397658],[62.336,25.139899986393566],[62.339299999999994,25.12489998638966],[62.35189999999999,25.112799986386523],[62.37310000000001,25.10839998638538],[62.3872,25.101699986383643],[62.381,25.08769998638006],[62.3396,25.087499986379967],[62.290000000000006,25.090099986380636],[62.256099999999996,25.09869998638287],[62.2907,25.12489998638966],[62.299299999999995,25.128899986390714],[62.30829999999999,25.128199986390506],[62.31519999999998,25.130299986391087],[62.317999999999984,25.141899986394062],[62.303999999999995,25.16689998640063],[62.2999,25.178499986403654],[62.29750000000001,25.18529998640546],[62.254299999999986,25.212199986412525],[62.239200000000004,25.213199986412793],[62.2259,25.214199986413092],[62.1999,25.218699986414272],[62.19169999999999,25.220199986414677],[62.185999999999986,25.219999986414642],[62.178599999999996,25.21969998641454],[62.1452,25.218499986414194],[62.13489999999999,25.21509998641333],[62.0947,25.201999986409856],[62.08010000000001,25.197299986408623],[62.0786,25.194799986407983],[62.0588,25.161599986399235],[62.0732,25.150599986396358],[62.0779,25.12769998639042],[62.0887,25.11839998638798],[62.097,25.107099986385034],[62.075399999999995,25.100799986383393],[62.0358,25.103099986384006],[61.98899999999999,25.10809998638532],[61.9296,25.109599986385703],[61.90409999999999,25.106199986384787],[61.881,25.103099986384006],[61.879099999999994,25.099599986383094],[61.8681,25.078999986377777],[61.866200000000006,25.075499986376894],[61.857599999999984,25.06689998637467],[61.84720000000001,25.03799998636728],[61.83529999999999,25.038399986367356],[61.82199999999999,25.03059998636539],[61.8148,25.02629998636426],[61.790600000000005,25.01779998636211],[61.78090000000001,25.016699986361807],[61.77769999999999,25.01629998636172],[61.75499999999999,25.013499986361012],[61.7294,25.02179998636312],[61.7201,25.037399986367106],[61.7258,25.058999986372648],[61.73589999999999,25.069599986375362],[61.728399999999986,25.083099986378866],[61.73229999999999,25.091699986381048],[61.749599999999994,25.10439998638433],[61.76,25.11539998638718],[61.760299999999994,25.115999986387326],[61.76129999999999,25.11869998638809],[61.7626,25.121999986388897],[61.76689999999999,25.14579998639511],[61.77029999999999,25.150099986396217],[61.78019999999999,25.16269998639951],[61.783799999999985,25.17319998640228],[61.78309999999999,25.187999986406144],[61.77949999999999,25.191099986406982],[61.76689999999999,25.186299986405732],[61.75499999999999,25.17569998640295],[61.749599999999994,25.17319998640228],[61.744200000000006,25.174999986402767],[61.7312,25.18409998640516],[61.7136,25.188099986406204],[61.70239999999999,25.19709998640857],[61.69420000000001,25.2005999864095],[61.682599999999994,25.20169998640977],[61.6502,25.2005999864095],[61.634,25.203999986410405],[61.62489999999998,25.204399986410493],[61.62429999999999,25.204399986410493],[61.61239999999999,25.2005999864095],[61.58829999999998,25.202099986409866],[61.61999999999998,25.285599986432093],[61.643,25.613399986522612],[61.6466,25.627699986526665],[61.65240000000001,25.63729998652943],[61.667199999999994,25.650499986533205],[61.67359999999999,25.658399986535446],[61.6765,25.69289998654536],[61.6654,25.732499986556775],[61.6603,25.7692999865675],[61.68160000000001,25.795599986575176],[61.70239999999999,25.800199986576548],[61.7219,25.79979998657642],[61.7392,25.803299986577468],[61.75460000000001,25.820099986582388],[61.76,25.83769998658754],[61.80969999999999,26.16749998668737],[61.81839999999999,26.198499986697044],[61.8331,26.225499986705465],[61.85719999999999,26.242399986710772],[61.88959999999999,26.250699986713347],[61.91040000000001,26.25599998671503],[61.974000000000004,26.27229998672014],[61.9778,26.273299986720506],[61.99879999999999,26.28589998672446],[62.00569999999998,26.289899986725707],[62.01349999999999,26.294599986727167],[62.0322,26.302899986729845],[62.052699999999994,26.30859998673161],[62.0879,26.313999986733332],[62.0941,26.31489998673365],[62.10309999999998,26.325099986736863],[62.10669999999998,26.34969998674468],[62.123999999999995,26.373999986752455],[62.1614,26.36959998675104],[62.20570000000001,26.355399986746477],[62.24349999999999,26.35069998674502],[62.25329999999999,26.355399986746477],[62.2651,26.36099998674828],[62.2646,26.370499986751316],[62.2644,26.375199986752854],[62.254299999999986,26.393599986758705],[62.2489,26.416499986766066],[62.256099999999996,26.428999986770105],[62.2646,26.436499986772485],[62.26749999999999,26.438999986773325],[62.28739999999999,26.45659998677899],[62.2979,26.474099986784637],[62.2968,26.4803999867867],[62.290000000000006,26.492499986790634],[62.29209999999999,26.50129998679351],[62.29819999999999,26.50879998679595],[62.3069,26.513699986797537],[62.31379999999999,26.516199986798366],[62.325499999999984,26.520299986799674],[62.326699999999995,26.52069998679984],[62.3476,26.53329998680394],[62.355799999999995,26.536599986805],[62.36519999999999,26.537599986805354],[62.3686,26.53749998680531],[62.3864,26.536599986805],[62.39,26.53749998680531],[62.3965,26.538999986805816],[62.402599999999985,26.543899986807393],[62.41059999999999,26.556899986811658],[62.41850000000001,26.562399986813457],[62.42779999999999,26.56479998681424],[62.49809999999999,26.571499986816455],[62.52079999999999,26.57359998681716],[62.55319999999998,26.576699986818134],[62.5576,26.57709998681829],[62.59519999999999,26.580699986819482],[62.61579999999999,26.5870999868216],[62.632000000000005,26.600399986825987],[62.640600000000006,26.605199986827557],[62.643,26.604699986827356],[62.651399999999995,26.603299986826904],[62.6626,26.598299986825257],[62.67119999999999,26.59769998682505],[62.68899999999999,26.60139998682629],[62.69849999999999,26.603299986826904],[62.7018,26.603999986827148],[62.71800000000001,26.61059998682931],[62.71979999999999,26.611799986829723],[62.7248,26.61519998683085],[62.7349,26.632399986836525],[62.742799999999995,26.64139998683952],[62.7536,26.644199986840462],[62.7537,26.644199986840462],[62.75989999999999,26.644099986840388],[62.78170000000001,26.643599986840226],[62.8213,26.64269998683996],[62.86849999999999,26.641699986839622],[62.92779999999998,26.64029998683915],[62.93399999999999,26.6401999868391],[62.99049999999999,26.638899986838684],[63.02939999999999,26.633599986836927],[63.0313,26.633599986836927],[63.05469999999999,26.63299998683672],[63.068999999999996,26.632599986836603],[63.0982,26.63839998683853],[63.10750000000001,26.637599986838225],[63.1313,26.62589998683438],[63.14139999999999,26.625499986834242],[63.1637,26.64509998684076],[63.16449999999998,26.64819998684176],[63.17450000000001,26.685199986854062],[63.1824,26.830299986902887],[63.1896,26.84599998690824],[63.20619999999999,26.85369998691087],[63.24619999999998,26.859599986912887],[63.2465,26.859599986912887],[63.26159999999999,26.871799986917054],[63.264799999999994,26.890099986923275],[63.2566,26.90629998692882],[63.2531,26.910699986930332],[63.244,26.92239998693437],[63.235,26.941199986940823],[63.2299,27.05409998697997],[63.2314,27.065999986984124],[63.23570000000001,27.075999986987625],[63.246099999999984,27.089599986992376],[63.250099999999996,27.099599986995912],[63.26089999999999,27.115599987001527],[63.28069999999999,27.123199987004174],[63.3005,27.123299987004234],[63.3023,27.123299987004234],[63.3196,27.117299987002113],[63.308699999999995,27.138999987009758],[63.2857,27.184699987025915],[63.27129999999998,27.20349998703255],[63.2605,27.213799987036253],[63.251499999999986,27.218899987038032],[63.230500000000006,27.225699987040464],[63.22669999999999,27.226999987040912],[63.21549999999999,27.233299987043196],[63.211,27.23699998704448],[63.1896,27.25459998705073],[63.180400000000006,27.257399987051762],[63.177,27.258399987052133],[63.1669,27.25869998705223],[63.1122,27.24329998704671],[63.08699999999999,27.24419998704707],[63.0857,27.24429998704709],[63.082699999999996,27.244399987047114],[63.05599999999998,27.24329998704671],[63.0038,27.22879998704158],[62.91959999999999,27.21489998703663],[62.91129999999999,27.214499987036465],[62.898500000000006,27.213799987036253],[62.8922,27.213499987036094],[62.889700000000005,27.213999987036317],[62.860899999999994,27.219699987038346],[62.859500000000004,27.220399987038586],[62.837499999999984,27.23119998704243],[62.8292,27.233699987043344],[62.822399999999995,27.23249998704291],[62.80929999999999,27.225699987040464],[62.8087,27.225399987040348],[62.80080000000001,27.225199987040295],[62.78569999999999,27.23249998704291],[62.74249999999999,27.266899987055172],[62.7583,27.26769998705546],[62.76800000000001,27.274499987057904],[62.77420000000001,27.285599987061858],[62.77879999999999,27.299899987066997],[62.78059999999999,27.316099987072803],[62.77559999999998,27.326999987076746],[62.756199999999986,27.348199987084385],[62.8087,27.453399987122562],[62.814799999999984,27.49499998713782],[62.780300000000004,27.829699987262735],[62.7356,27.994999987326015],[62.76619999999999,28.211499987410356],[62.761599999999994,28.246399987424127],[62.7392,28.258299987428803],[62.57579999999999,28.229099987417293],[62.5553,28.24039998742177],[62.49230000000001,28.300699987445604],[62.4779,28.322299987454194],[62.47099999999998,28.339699987461135],[62.4642,28.349899987465164],[62.45379999999998,28.355799987467513],[62.43719999999998,28.360499987469407],[62.42099999999999,28.36869998747268],[62.4109,28.380699987477474],[62.4023,28.394099987482843],[62.39040000000001,28.406199987487685],[62.36269999999999,28.41889998749275],[62.2306,28.44249998750222],[62.1474,28.475299987515413],[62.11569999999998,28.48139998751789],[62.049099999999996,28.486399987519878],[62.01889999999999,28.494699987523212],[61.971,28.519099987533103],[61.911199999999994,28.533799987539005],[61.8929,28.542699987542623],[61.8612,28.574899987555668],[61.7978,28.626699987576757],[61.756099999999996,28.673999987596098],[61.6531,28.756299987629898],[61.624,28.787699987642878],[61.5952,28.842799987665728],[61.5664,28.870999987677425],[61.56129999999999,28.88599998768364],[61.5588,28.90269998769059],[61.55299999999999,28.92219998769872],[61.5109,29.007499987734455],[61.50229999999999,29.017799987738826],[61.501999999999995,29.01799998773886],[61.4911,29.02549998774206],[61.48270000000001,29.028899987743447],[61.4782,29.03069998774425],[61.4702,29.035999987746486],[61.468099999999986,29.041799987748885],[61.471000000000004,29.047799987751418],[61.48719999999999,29.062999987757852],[61.49020000000001,29.070599987761064],[61.490799999999986,29.071999987761664],[61.48790000000001,29.080799987765378],[61.4782,29.087499987768194],[61.47439999999999,29.088899987768777],[61.46089999999999,29.093899987770932],[61.453300000000006,29.108399987777027],[61.44789999999998,29.125399987784238],[61.4444,29.130399987786383],[61.437799999999996,29.13969998779032],[61.42700000000001,29.144699987792443],[61.416399999999996,29.14699998779339],[61.408699999999996,29.148599987794068],[61.3979,29.15919998779857],[61.39279999999999,29.170499987803378],[61.39,29.195499987814024],[61.38709999999998,29.20669998781877],[61.374100000000006,29.22389998782613],[61.3424,29.254599987839285],[61.3327,29.274899987847945],[61.3327,29.294599987856362],[61.3446,29.32959998787141],[61.3464,29.349099987879825],[61.3374,29.374399987890737],[61.31979999999999,29.38539998789546],[61.29889999999999,29.392699987898613],[61.27909999999999,29.40659998790463],[60.97809999999999,29.720699988041822],[60.8442,29.8581999881028],[60.8759,29.84549998809711],[60.88759999999999,29.842199988095654],[61.9543,29.542899987963846],[62.374599999999994,29.42489998791255],[62.47749999999999,29.40789998790518],[63.5687,29.49749998794403],[63.9719,29.429599987914596],[64.01469999999999,29.413499987907613],[64.086,29.386699987896044],[64.0861,29.386699987896044],[64.1134,29.39629998790015],[64.1497,29.45859998792714],[64.1728,29.48429998793833],[64.20769999999999,29.500099987945163],[64.25,29.511099987949994],[64.28889999999998,29.521199987954375],[64.2976,29.523499987955372],[64.30569999999999,29.525599987956266],[64.3787,29.544699987964606],[64.3871,29.546799987965507],[64.4777,29.570499987975865],[64.4996,29.570299987975787],[64.72769999999998,29.568599987975027],[64.82039999999999,29.567899987974766],[64.9867,29.541599987963238],[65.0364,29.540299987962687],[66.19559999999998,29.83539998809265],[66.2752,29.885199988114785],[66.3018,29.915799988128477],[66.3223,29.946499988142183],[66.3367,29.952099988144695],[66.3407,29.956599988146714],[66.3324,29.96619998815103],[66.3014,29.986799988160243],[66.2604,30.023099988176508],[66.2251,30.044399988186118],[66.2194,30.057899988192194],[66.2219,30.073799988199365],[66.2363,30.111699988216436],[66.30069999999999,30.22559998826805],[66.3054,30.2447999882768],[66.3029,30.305299988304345],[66.322,30.437399988364884],[66.31939999999999,30.45789998837434],[66.3137,30.478299988383743],[66.3061,30.491199988389663],[66.28199999999998,30.518099988402085],[66.2651,30.557899988420502],[66.268,30.601399988440644],[66.3662,30.922999988590888],[66.3752,30.93669998859737],[66.39219999999997,30.944699988601165],[66.41450000000002,30.94859998860297],[66.5275,30.968299988612255],[66.5293,30.968999988612595],[66.5498,30.97709998861643],[66.6438,31.060199988655697],[66.6632,31.083099988666557],[66.69709999999999,31.195899988720203],[66.7212,31.21029998872704],[66.7594,31.214799988729222],[66.7853,31.23179998873733],[66.8087,31.254799988748285],[66.83859999999999,31.276999988758906],[66.90589999999999,31.305599988772563],[66.9433,31.314799988777008],[67.002,31.315899988777517],[67.0168,31.309199988774292],[67.0189,31.305199988772358],[67.024,31.295299988767663],[67.02610000000001,31.272999988756993],[67.0236,31.26479998875307],[67.0139,31.25269998874731],[67.01529999999998,31.244699988743456],[67.0229,31.239399988740917],[67.03509999999999,31.235899988739252],[67.0523,31.233299988737997],[67.0582,31.232399988737594],[67.0783,31.232099988737463],[67.1168,31.24039998874139],[67.13659999999999,31.241099988741755],[67.1462,31.238599988740564],[67.1568,31.235899988739252],[67.18030000000002,31.22469998873391],[67.18969999999999,31.22009998873172],[67.19320000000002,31.218499988730986],[67.1969,31.21739998873044],[67.1975,31.21719998873032],[67.2137,31.212299988728017],[67.2302,31.21059998872719],[67.255,31.211599988727684],[67.2821,31.21269998872818],[67.3369,31.208499988726203],[67.3462,31.2076999887258],[67.3623,31.21039998872707],[67.36449999999998,31.210699988727235],[67.434,31.236099988739355],[67.49340000000001,31.2428999887426],[67.5301,31.2566999887492],[67.5333,31.25719998874944],[67.5817,31.264899988753122],[67.5838,31.265299988753295],[67.6021,31.271099988756095],[67.6658,31.30629998877289],[67.6788,31.316599988777867],[67.6928,31.32519998878196],[67.709,31.32939998878395],[67.7494,31.32809998878335],[67.76479999999998,31.334099988786235],[67.7749,31.35279998879518],[67.7702,31.39459998881526],[67.73419999999999,31.404799988820162],[67.6743,31.397999988816913],[67.6511,31.395399988815655],[67.6359,31.398999988817415],[67.6313,31.400099988817903],[67.6115,31.410799988823037],[67.5971,31.425699988830196],[67.591,31.464799988849034],[67.578,31.48209998885735],[67.5632,31.497199988864622],[67.556,31.512299988871924],[67.569,31.529899988880427],[67.6003,31.530399988880657],[67.6239,31.52599998887854],[67.6567,31.51979998887558],[67.6655,31.518099988874724],[67.6762,31.519099988875187],[67.6847,31.51979998887558],[67.6964,31.5208999888761],[67.7267,31.53139998888113],[67.7643,31.554099988892123],[67.7737,31.559799988894852],[67.781,31.564199988897016],[67.84259999999999,31.623499988925698],[67.87069999999999,31.635199988931397],[67.8844,31.635599988931567],[67.9133,31.631499988929583],[67.91459999999998,31.631299988929506],[67.9553,31.633199988930397],[67.9655,31.637899988932688],[67.9661,31.63819998893285],[67.97719999999998,31.651899988939483],[67.9942,31.663499988945098],[68.04670000000002,31.68839998895722],[68.05209999999998,31.69539998896061],[68.05570000000002,31.71659998897091],[68.0604,31.725599988975286],[68.09349999999999,31.751499988987913],[68.1043,31.768699988996268],[68.1256,31.811499989017147],[68.1385,31.82469998902357],[68.159,31.825999989024233],[68.1627,31.82489998902368],[68.1779,31.82029998902146],[68.18459999999999,31.818199989020414],[68.19140000000002,31.8150999890189],[68.2069,31.80789998901536],[68.2321,31.790199989006716],[68.2426,31.77699998900034],[68.2552,31.76639998899515],[68.2728,31.764099988994015],[68.2771,31.763599988993786],[68.3164,31.765299988994588],[68.35599999999998,31.76259998899328],[68.3694,31.758499988991325],[68.4611,31.730499988977652],[68.49819999999998,31.725199988975103],[68.51510000000002,31.729899988977373],[68.5244,31.73469998897971],[68.53670000000001,31.741099988982853],[68.54959999999998,31.753499988988843],[68.5478,31.75539998898981],[68.5406,31.76259998899328],[68.5212,31.76489998899439],[68.4614,31.763599988993786],[68.4554,31.764399988994164],[68.43949999999998,31.76659998899521],[68.4222,31.773199988998456],[68.4186,31.782999989003233],[68.438,31.795999989009573],[68.48159999999999,31.815699989019198],[68.505,31.822699989022595],[68.5273,31.822999989022765],[68.5452,31.81709998901988],[68.56119999999999,31.811799989017295],[68.6195,31.783499989003516],[68.64,31.7802999890019],[68.6756,31.774699988999224],[68.6766,31.774299988999005],[68.68819999999998,31.768599988996247],[68.69469999999997,31.756399988990253],[68.69799999999998,31.715899988970545],[68.7055,31.70129998896347],[68.7311,31.675599988950978],[68.7772,31.61859998892332],[68.80379999999998,31.602599988915603],[68.8261,31.604799988916643],[68.8434,31.606599988917534],[68.9071,31.634299988930923],[68.941,31.64359998893547],[68.9568,31.642699988934996],[68.9773,31.641499988934456],[68.97839999999998,31.641899988934643],[69.004,31.651099988939087],[69.04,31.673099988949794],[69.0716,31.69789998896181],[69.0846,31.715799988970517],[69.10010000000001,31.724099988974547],[69.1145,31.737799988981223],[69.1936,31.84189998903199],[69.20339999999997,31.85489998903831],[69.23539999999998,31.87339998904737],[69.26409999999998,31.886599989053813],[69.2847,31.91239998906646],[69.3263,31.929999989075075],[69.32410000000002,31.947299989083568],[69.357,31.953599989086655],[69.375,31.96199998909076],[69.42249999999999,31.958399989089006],[69.4923,31.963799989091655],[69.52299999999997,31.97219998909576],[69.5357,31.957799989088688],[69.5533,31.95449998908707],[69.5724,31.970399989094897],[69.5874,31.97219998909576],[69.6031,31.990299989104646],[69.6283,32.00109998910992],[69.65779999999998,32.05649998913715],[69.6909,32.06849998914307],[69.7445,32.0762999891469],[69.76189999999997,32.08479998915108],[69.8491,32.09859998915791],[69.851,32.09139998915435],[69.8203,32.03539998912677],[69.8022,32.021599989120034],[69.8058,32.01129998911496],[69.8443,31.99209998910553],[69.87979999999999,31.97889998909904],[69.8738,31.946399989083126],[69.851,31.92049998907043],[69.854,31.884399989052767],[69.86599999999999,31.8891999890551],[69.881,31.880199989050702],[69.9075,31.89279998905686],[69.92379999999999,31.92109998907069],[69.9388,31.93129998907569],[69.9629,31.93189998907601],[69.9596,31.896199989058506],[69.9568,31.872999989047187],[69.9388,31.85069998903629],[69.94419999999998,31.80919998901603],[69.94119999999998,31.798899989010987],[69.9575,31.782699989003078],[69.94659999999999,31.766499988995214],[69.952,31.727899988976386],[69.94959999999999,31.65569998894133],[69.94419999999998,31.56969998889966],[69.94479999999999,31.54019998888543],[69.95500000000001,31.522199988876743],[69.97069999999998,31.509499988870598],[70.011,31.51069998887118],[70.023,31.492099988862215],[70.04589999999999,31.430099988832296],[70.05609999999999,31.38519998881076],[70.0718,31.384399988810358],[70.0964,31.420499988827725],[70.094,31.442099988838084],[70.1169,31.44269998883841],[70.1169,31.42529998883002],[70.15359999999998,31.43189998883318],[70.17229999999999,31.43909998883666],[70.2035,31.476399988854613],[70.22279999999999,31.480599988856653],[70.2559,31.505299988868565],[70.2661,31.48849998886045],[70.2673,31.461999988847694],[70.27939999999998,31.421699988828287],[70.27819999999998,31.373499988805133],[70.2715,31.36689998880195],[70.2673,31.317599988778323],[70.27330000000002,31.241199988741812],[70.2595,31.234599988738598],[70.2691,31.18459998871479],[70.28909999999999,31.16249998870428],[70.2957,31.149999988698326],[70.2945,31.08619998866804],[70.28769999999999,31.06109998865612],[70.2687,31.035399988643995],[70.2687,30.941599988599677],[70.2534,30.876599988569076],[70.273,30.860699988561638],[70.26939999999999,30.840499988552153],[70.2295,30.837999988550948],[70.22279999999999,30.826399988545504],[70.21789999999997,30.784699988526025],[70.2026,30.77549998852171],[70.16820000000001,30.77429998852115],[70.1548,30.73319998850193],[70.1112,30.735699988503114],[70.102,30.70929998849079],[70.0886,30.68909998848138],[70.09589999999997,30.62659998845233],[70.08789999999999,30.587399988434147],[70.0518,30.519899988402898],[70.0438,30.497899988392746],[70.00460000000001,30.453099988372102],[69.9991,30.434099988363382],[69.9985,30.383899988340342],[69.965,30.321999988311987],[69.9611,30.291999988298326],[69.9868,30.292599988298555],[69.9752,30.261899988284593],[69.99229999999999,30.25269998828036],[70.01499999999999,30.27849998829217],[70.07319999999997,30.274199988290196],[70.07389999999998,30.25519998828152],[70.0518,30.225799988268164],[70.0218,30.2177999882645],[70.01499999999999,30.204899988258642],[70.0175,30.183499988248936],[70.0052,30.183499988248936],[69.99660000000002,30.152199988234738],[69.98809999999999,30.13939998822898],[69.98869999999998,30.104999988213404],[69.9721,30.060299988193243],[69.9335,30.02539998817754],[69.9219,29.997199988164915],[69.9127,29.960399988148406],[69.88879999999999,29.90459998812348],[69.87880000000001,29.895299988119312],[69.8459,29.866599988106522],[69.833,29.851299988099694],[69.8036,29.785699988070583],[69.7895,29.765499988061634],[69.75090000000002,29.738499988049714],[69.738,29.720199988041603],[69.7049,29.70909998803672],[69.6828,29.696299988031114],[69.65139999999998,29.68459998802595],[69.63200000000002,29.665699988017618],[69.6228,29.639299988005984],[69.59279999999998,29.62759998800089],[69.6062,29.599999987988774],[69.6007,29.525899987956382],[69.5934,29.4957999879433],[69.5738,29.478099987935625],[69.56389999999999,29.451699987924144],[69.567,29.407599987905055],[69.5817,29.403299987903218],[69.61239999999998,29.422899987911673],[69.6295,29.41619998790876],[69.65709999999999,29.387999987896574],[69.66999999999999,29.36529998788682],[69.6651,29.352399987881228],[69.6369,29.32549998786967],[69.6363,29.311999987863878],[69.6632,29.308299987862295],[69.6804,29.288099987853606],[69.6841,29.258099987840726],[69.7,29.259899987841507],[69.74600000000001,29.2978999878578],[69.76500000000001,29.29479998785649],[69.7625,29.27889998784966],[69.74409999999999,29.244599987834977],[69.7386,29.22429998782629],[69.749,29.18759998781065],[69.7454,29.172899987804374],[69.7264,29.147099987793453],[69.69759999999997,29.088299987768533],[69.6528,29.07109998776128],[69.6307,29.041699987748885],[69.6142,29.02759998774294],[69.5909,28.99509998772929],[69.57739999999998,28.958999987714098],[69.5554,28.95469998771235],[69.54070000000002,28.93199998770286],[69.4935,28.89949998768926],[69.4812,28.850499987668865],[69.5229,28.832099987661255],[69.5339,28.813699987653642],[69.5388,28.79289998764503],[69.518,28.751199987627786],[69.48059999999998,28.697899987605933],[69.4162,28.59739998756484],[69.377,28.578999987557385],[69.3494,28.57039998755385],[69.31879999999998,28.551999987546413],[69.3219,28.535499987539712],[69.33230000000002,28.52629998753599],[69.35500000000002,28.46189998751003],[69.3608,28.45119998750573],[69.3911,28.44779998750431],[69.4187,28.45339998750657],[69.4242,28.46869998751277],[69.4377,28.476699987515982],[69.4763,28.487699987520397],[69.60189999999999,28.4747999875152],[69.6167,28.469899987513237],[69.59699999999998,28.44779998750431],[69.6222,28.43309998749847],[69.65529999999997,28.43309998749847],[69.72509999999998,28.426999987496018],[69.7508,28.405099987487226],[69.79989999999997,28.365699987471494],[69.8115,28.361399987469788],[69.8158,28.33879998746076],[69.8121,28.32249998745429],[69.8097,28.311799987450037],[69.8146,28.274999987435447],[69.8305,28.271299987433977],[69.82810000000002,28.24559998742382],[69.8557,28.19469998740376],[69.8373,28.181899987398737],[69.84399999999998,28.160999987390554],[69.8422,28.140199987382392],[69.882,28.07579998735729],[69.90529999999998,28.045799987345625],[69.9629,27.987599987323147],[69.9942,27.939799987304777],[70.0285,27.934299987302644],[70.05609999999999,27.90419998729111],[70.0745,27.89499998728763],[70.1456,27.87789998728107],[70.1625,27.867299987277015],[70.102,27.811799987255963],[70.0908,27.793699987249095],[70.01700000000001,27.60059998717674],[69.99359999999997,27.571099987165812],[69.9079,27.497299987138664],[69.8482,27.410399987106935],[69.7598,27.335399987079768],[69.73039999999999,27.31039998707075],[69.66599999999998,27.26999998705627],[69.57559999999997,27.188499987027242],[69.5346,27.12559998700504],[69.5151,27.071099986985914],[69.5076,27.05009998697857],[69.4651,26.807799986895304],[69.4727,26.76659998688137],[69.504,26.735199986870793],[69.6595,26.677699986851568],[69.7002,26.653099986843387],[69.7722,26.595099986824223],[69.81539999999998,26.580399986819366],[69.8686,26.582299986820008],[69.9618,26.585699986821105],[70.0559,26.589099986822237],[70.0937,26.580399986819366],[70.12970000000001,26.562499986813496],[70.1581,26.53019998680293],[70.16279999999999,26.493399986790923],[70.1571,26.410999986764327],[70.1607,26.371299986751612],[70.1571,26.35399998674608],[70.1481,26.333299986739437],[70.14229999999999,26.31379998673328],[70.14409999999998,26.294299986727125],[70.1517,26.25409998671442],[70.147,26.21749998670295],[70.1319,26.180599986691444],[70.1094,26.146699986680964],[70.0782,26.099699986666437],[70.07389999999998,26.083099986661356],[70.07279999999999,26.047499986650486],[70.0642,25.99549998663467],[70.0645,25.980399986630168],[70.0833,25.929999986614995],[70.11489999999998,25.881799986600615],[70.1542,25.839399986588077],[70.1956,25.80709998657858],[70.2113,25.789399986573393],[70.2139,25.786499986572505],[70.2345,25.73109998655641],[70.24770000000001,25.71009998655033],[70.2492,25.707699986549613],[70.2647,25.697299986546618],[70.3036,25.684699986543013],[70.3601,25.67349998653977],[70.3857,25.67419998653996],[70.3907,25.67429998653999],[70.47709999999998,25.67639998654058],[70.5107,25.682799986542463],[70.51670000000001,25.683999986542787],[70.55449999999999,25.698899986547076],[70.5923,25.708899986549948],[70.59359999999998,25.708599986549903],[70.6323,25.70139998654781],[70.6539,25.674499986540066],[70.6575,25.633799986528395],[70.64669999999997,25.43139998647171],[70.6546,25.39659998646212],[70.6704,25.375599986456425],[70.7104,25.335999986445643],[70.71869999999998,25.310899986438873],[70.723,25.287299986432572],[70.7349,25.267399986427215],[70.76829999999998,25.233199986418118],[70.8313,25.183399986404975],[70.84859999999999,25.163399986399703],[70.8598,25.139499986393485],[70.89329999999998,25.001899986358094],[70.9152,24.946699986344196],[70.94290000000001,24.894199986331063],[71.00310000000002,24.808299986309947],[71.0369,24.72069998628882],[71.06390000000002,24.682699986279733],[71.0434,24.669099986276525],[70.97710000000001,24.639699986269637],[70.9627,24.615799986264037],[70.9548,24.58459998625676],[70.95769999999999,24.555999986250143],[70.97710000000001,24.540399986246587],[70.9807,24.534799986245275],[70.9818,24.52849998624385],[70.97710000000001,24.515099986240777],[70.9732,24.487299986234486],[70.9743,24.472299986231064],[70.97710000000001,24.46499998622942],[70.99749999999999,24.45439998622704],[71.0002,24.45299998622674],[71.0401,24.446799986225315],[71.0746,24.436699986223044],[71.0751,24.43649998622302],[71.0826,24.41159998621747],[71.0729,24.402199986215393],[71.02499999999999,24.38629998621184],[71.0142,24.375299986209445],[71.00700000000002,24.363999986206945],[70.9966,24.3566999862053],[70.9964,24.3566999862053],[70.97710000000001,24.357199986205455],[70.97199999999998,24.35929998620593],[70.95519999999999,24.36599998620739],[70.9365,24.36729998620764],[70.91769999999998,24.36179998620643],[70.85649999999998,24.323899986198146],[70.8411,24.305899986194255],[70.8447,24.288399986190456],[70.85759999999999,24.271699986186853],[70.85149999999999,24.26489998618542],[70.8342,24.26139998618466],[70.81370000000001,24.25449998618316],[70.77589999999996,24.2367999861794],[70.7554,24.231499986178264],[70.6215,24.241199986180344],[70.5847,24.25789998618389],[70.5794,24.262599986184902],[70.5678,24.272799986187092],[70.5603,24.28729998619021],[70.55519999999999,24.32709998619887],[70.54549999999999,24.36229998620657],[70.5466,24.37329998620897],[70.55199999999999,24.37939998621031],[70.5693,24.38999998621268],[70.57539999999999,24.3999999862149],[70.56279999999998,24.424199986220273],[70.556,24.42429998622031],[70.52100000000002,24.424899986220417],[70.51289999999999,24.423199986220055],[70.4923,24.418699986219025],[70.41629999999999,24.40199998621536],[70.3709,24.372399986208773],[70.3533,24.366299986207462],[70.29849999999999,24.363499986206843],[70.2791,24.355099986204962],[70.2427,24.330599986199633],[70.2258,24.327299986198877],[70.2242,24.32699998619884],[70.2229,24.32679998619881],[70.20209999999999,24.325599986198547],[70.1445,24.307999986194673],[70.1095,24.304999986194062],[70.098,24.29889998619274],[70.0872,24.282699986189215],[70.0631,24.220399986175924],[70.0523,24.20209998617205],[70.01589999999999,24.174099986166137],[70.00059999999999,24.17099998616551],[69.972,24.16529998616431],[69.76899999999999,24.162599986163748],[69.7146,24.168599986164985],[69.67069999999997,24.188799986169244],[69.59219999999999,24.26469998618533],[69.56299999999999,24.276799986187953],[69.54449999999999,24.27729998618805],[69.4465,24.27969998618857],[69.4418,24.2797999861886],[69.28079999999999,24.283799986189454],[69.20629999999998,24.258599986184027],[69.1667,24.25319998618291],[69.1483,24.256799986183683],[69.0918,24.281999986189092],[69.07409999999999,24.28679998619009],[69.06769999999999,24.288599986190512],[69.0486,24.28529998618977],[69.0079,24.26469998618533],[68.9809,24.255499986183402],[68.97469999999998,24.25609998618351],[68.9626,24.25739998618381],[68.94849999999998,24.2703999861866],[68.93349999999997,24.29559998619201],[68.92939999999999,24.302399986193475],[68.9132,24.317299986196733],[68.9042,24.32059998619746],[68.8902,24.319599986197222],[68.8886,24.31769998619681],[68.8852,24.31359998619593],[68.88009999999998,24.29739998619239],[68.8488,24.244099986180963],[68.8387,24.23649998617935],[68.81960000000001,24.250299986182284],[68.8139,24.308399986194768],[68.7991,24.329199986199324],[68.74729999999997,24.331199986199724],[68.726,24.289299986190674],[68.72459999999997,23.96509998612357],[68.4316,23.96709998612394],[68.38550000000001,23.960399986122628],[68.3538,23.939199986118453],[68.35239999999999,23.956399986121845],[68.3488,23.96459998612347],[68.34260000000002,23.968399986124233],[68.3304,23.96659998612386],[68.3297,23.958099986122168],[68.3351,23.940999986118797],[68.3261,23.927799986116234],[68.31419999999999,23.91579998611386],[68.3005,23.91049998611282],[68.2861,23.91629998611397],[68.27999999999999,23.92559998611577],[68.2778,23.933399986117315],[68.2739,23.93769998611815],[68.2638,23.93579998611778],[68.2548,23.929099986116462],[68.2526,23.92009998611471],[68.25189999999999,23.904699986111726],[68.258,23.899499986110683],[68.26019999999998,23.895399986109908],[68.257,23.891899986109216],[68.24,23.89299998610944],[68.20730000000002,23.87699998610633],[68.1832,23.842099986099644],[68.1576,23.904999986111747],[68.15649999999998,23.87399998610578],[68.1576,23.86409998610386],[68.1706,23.839799986099187],[68.16659999999997,23.81989998609541],[68.1486,23.780799986088027],[68.14320000000001,23.761099986084357],[68.1443,23.742999986080996],[68.1547,23.714299986075684],[68.1576,23.696099986072333],[68.149,23.69449998607206],[68.13019999999999,23.708099986074544],[68.10219999999998,23.733699986079284],[68.0989,23.70929998607475],[68.0816,23.708499986074617],[68.06289999999998,23.722999986077273],[68.0539,23.74359998608108],[68.0568,23.75089998608247],[68.0712,23.76059998608427],[68.0744,23.764799986085045],[68.0734,23.783399986088515],[68.0816,23.805599986092723],[68.0881,23.80939998609344],[68.10219999999998,23.80939998609344],[68.10219999999998,23.815699986094597],[68.08849999999998,23.825999986096576],[68.0726,23.84179998609959],[68.0593,23.861799986103378],[68.0539,23.88459998610783],[68.06179999999999,23.911199986112965],[68.06359999999998,23.923099986115314],[68.0478,23.92119998611492],[68.024,23.935199986117667],[68.0136,23.939199986118453],[68.0417,23.85219998610159],[68.0539,23.829299986097183],[68.0356,23.792399986090235],[68.02439999999999,23.77449998608687],[68.0136,23.768499986085704],[68.0078,23.774199986086803],[68.0035,23.78529998608886],[67.99919999999997,23.805699986092723],[67.9942,23.811199986093772],[67.983,23.80959998609345],[67.9733,23.805099986092614],[67.97179999999999,23.801999986092017],[67.95099999999998,23.808899986093312],[67.94160000000001,23.815699986094597],[67.93439999999998,23.832899986097853],[67.9168,23.83359998609802],[67.9099,23.836199986098496],[67.9045,23.846199986100416],[67.906,23.859199986102915],[67.89980000000001,23.86749998610451],[67.89190000000002,23.869499986104895],[67.8836,23.864699986103954],[67.8689,23.85039998610123],[67.8646,23.865699986104158],[67.8631,23.902699986111312],[67.85519999999997,23.911899986113127],[67.8491,23.88939998610873],[67.839,23.82329998609606],[67.83179999999999,23.80939998609344],[67.8026,23.81269998609405],[67.77309999999999,23.820999986095632],[67.71879999999999,23.843599986099914],[67.7306,23.835499986098384],[67.7411,23.82299998609601],[67.7436,23.808699986093288],[67.7324,23.795099986090726],[67.7155,23.791699986090066],[67.6936,23.79339998609038],[67.6565,23.801999986092017],[67.6464,23.802899986092186],[67.63779999999998,23.801699986091958],[67.6316,23.803399986092266],[67.6291,23.812599986094025],[67.63059999999999,23.82479998609637],[67.6428,23.85039998610123],[67.6511,23.906999986112176],[67.6565,23.919299986114563],[67.6565,23.92549998611576],[67.6522,23.925199986115707],[67.65039999999999,23.932899986117214],[67.63809999999998,23.915899986113896],[67.6374,23.874099986105776],[67.6291,23.85669998610243],[67.6144,23.850099986101174],[67.59960000000001,23.85419998610193],[67.58949999999999,23.866399986104305],[67.5884,23.88459998610783],[67.5744,23.871699986105316],[67.5661,23.87639998610621],[67.55819999999999,23.88859998610858],[67.54669999999999,23.89819998611046],[67.5326,23.89899998611061],[67.5301,23.891199986109086],[67.53589999999997,23.87999998610693],[67.54669999999999,23.87099998610516],[67.4909,23.882999986107524],[67.4786,23.891399986109114],[67.488,23.89299998610944],[67.5028,23.892899986109416],[67.51250000000002,23.89819998611046],[67.52040000000001,23.906999986112176],[67.5323,23.929099986116462],[67.5406,23.939199986118453],[67.5305,23.93539998611769],[67.50889999999998,23.923199986115293],[67.4988,23.92549998611576],[67.497,23.935499986117716],[67.5064,23.9739999861253],[67.4635,23.981899986126894],[67.4513,23.98759998612802],[67.46819999999998,24.02209998613495],[67.4783,24.032499986137022],[67.4923,24.02809998613615],[67.5179,24.04399998613934],[67.5197,24.045099986139594],[67.5298,24.054999986141585],[67.53100000000002,24.06099998614281]],[[69.5513,28.129999987378405],[69.5606,28.144099987383925],[69.56049999999998,28.169999987394064],[69.5783,28.200899987406196],[69.5527,28.2138999874113],[69.5258,28.221699987414414],[69.515,28.24249998742261],[69.4755,28.268199987432745],[69.47599999999998,28.231699987418338],[69.4657,28.2173999874127],[69.4776,28.204999987407792],[69.48869999999997,28.20369998740731],[69.5208,28.177799987397112],[69.52479999999998,28.13779998738145],[69.5513,28.129999987378405]],[[69.669,28.252299987426454],[69.69329999999998,28.263899987431028],[69.70869999999998,28.24829998742488],[69.7253,28.241799987422322],[69.74190000000002,28.253399987426892],[69.74759999999999,28.313899987450842],[69.7379,28.314399987451036],[69.7127,28.293399987442736],[69.6948,28.300499987445537],[69.6686,28.335499987459457],[69.6373,28.353899987466747],[69.6049,28.35749998746822],[69.58230000000002,28.355499987467415],[69.5803,28.365199987471307],[69.5566,28.399099987484806],[69.53199999999998,28.389399987480953],[69.5582,28.34929998746495],[69.57669999999999,28.312299987450228],[69.5926,28.28819998744067],[69.59410000000001,28.256399987428065],[69.6038,28.23179998741833],[69.6422,28.230199987417734],[69.66260000000001,28.23809998742085],[69.669,28.252299987426454]]]]}},{"type":"Feature","properties":{"ADMIN":"UZB","ISO_A3":"UZB","admin_source":"World Bank GAD, artifact wb_boundaries_20260820","admin_units":"Andijan, Bukhara, Fergana, Jizzakh, Karakalpakstan, Kashkadarya, Khorezm, Namangan, Navoiy, Samarkand, Sirdarya, Surkhandarya, Tashkent, Tashkent city","epm_zone":"UZB","epm_country":"UZB","split_rationale":"Single meshed national system - no internal constraint is represented.","grid_area":"Uzbekistan UPS","model_plants":"Syrdarya, Tashkent, Novo-Angren, Navoi, Talimarjan, Charvak, Fergana"},"geometry":{"type":"MultiPolygon","coordinates":[[[[67.2605,37.185399991760846],[67.259,37.185099991760666],[67.2367,37.1923999917644],[67.22519999999999,37.2077999917723],[67.218,37.226199991781655],[67.2079,37.24349999179052],[67.1878,37.258299991798104],[67.18220000000001,37.25999999179901],[67.14349999999999,37.27189999180508],[67.1233,37.28199999181025],[67.114,37.29719999181803],[67.1106,37.30589999182242],[67.0996,37.33479999183722],[67.0974,37.3405999918402],[67.0852,37.34959999184477],[67.0767,37.35159999184581],[67.06389999999999,37.3545999918473],[67.02569999999999,37.376499991858495],[67.024,37.37749999185902],[67.00599999999999,37.38429999186247],[66.9832,37.384699991862696],[66.95769999999999,37.38519999186295],[66.9017,37.37459999185753],[66.8659,37.36789999185412],[66.7349,37.36329999185178],[66.7325,37.36259999185138],[66.7244,37.360199991850166],[66.70459999999999,37.34659999184323],[66.6942,37.34339999184161],[66.6769,37.343999991841926],[66.6668,37.34429999184207],[66.6546,37.346099991843],[66.5978,37.36539999185282],[66.58949999999999,37.36819999185428],[66.5887,37.368499991854435],[66.5646,37.370699991855524],[66.539,37.36899999185468],[66.5196,37.36419999185223],[66.5157,37.366599991853434],[66.49479999999998,37.37949999186005],[66.49559999999998,37.38649999186358],[66.4964,37.39289999186687],[66.4969,37.3977999918694],[66.512,37.41479999187806],[66.5308,37.43009999188583],[66.5466,37.45069999189635],[66.5426,37.46679999190454],[66.5268,37.48039999191149],[66.50699999999999,37.49379999191832],[66.49329999999999,37.522199991932766],[66.4973,37.55789999195092],[66.5192,37.625199991985184],[66.5228,37.66499999200545],[66.5149,37.74349999204529],[66.5189,37.78279999206521],[66.5538,37.831999992090175],[66.6089,37.8891999921191],[66.6456,37.9458999921478],[66.62439999999997,37.99379999217201],[66.59049999999999,38.01299999218169],[66.5839,38.015599992183034],[66.5542,38.026899992188724],[66.5165,38.03489999219274],[66.51599999999999,38.0349999921928],[66.48299999999999,38.03519999219291],[66.4393,38.03549999219309],[66.4084,38.04279999219677],[66.3115,38.078699992214865],[66.3068,38.08039999221573],[66.2837,38.103499992227334],[66.26349999999998,38.123699992237555],[66.2604,38.12679999223915],[66.2312,38.14879999225014],[66.1988,38.16059999225614],[66.19849999999998,38.1606999922562],[66.13369999999998,38.17529999226353],[66.1002,38.19649999227421],[66.09319999999998,38.200999992276465],[66.0718,38.21449999228322],[66.0433,38.22619999228914],[66.0279,38.22819999229013],[66.0013,38.23149999229177],[65.9774,38.234499992293316],[65.97029999999998,38.237299992294695],[65.8766,38.272899992312595],[65.8507,38.27479999231355],[65.84280000000001,38.27529999231378],[65.8144,38.26619999230925],[65.8014,38.25789999230504],[65.7661,38.2354999922938],[65.7402,38.22409999228807],[65.6718,38.219699992285875],[65.6041,38.237399992294776],[65.2052,38.449599992401204],[64.9777,38.612199992482395],[64.91039999999998,38.645399992498916],[64.7635,38.68599999251914],[64.63500000000002,38.744099992548016],[64.4244,38.882999992616966],[64.3373,38.97099999266048],[64.31349999999999,38.98239999266609],[64.28330000000001,38.97969999266474],[64.20589999999999,38.94949999264985],[64.17999999999999,38.945099992647656],[64.15039999999999,38.94949999264985],[64.1206,38.9616999926559],[63.70939999999999,39.19089999276881],[63.64860000000001,39.23939999279261],[63.550399999999996,39.34579999284472],[63.54099999999999,39.356099992849806],[63.47760000000001,39.40289999287266],[62.59310000000001,39.890299993108925],[62.5355,39.93489999313036],[62.52469999999999,39.939599993132624],[62.452699999999986,40.00919999316604],[62.441900000000004,40.03599999317885],[62.42419999999999,40.092099993205665],[62.42169999999999,40.11509999321672],[62.425700000000006,40.13669999322699],[62.434,40.15469999323556],[62.43970000000001,40.172899993244286],[62.43580000000001,40.194199993254436],[62.40519999999999,40.24519999327866],[62.4008,40.26559999328839],[62.4001,40.29209999330094],[62.3965,40.311999993310415],[62.38819999999999,40.33019999331902],[62.36269999999999,40.369699993337775],[62.3562,40.38809999334649],[62.35329999999998,40.43039999336649],[62.34359999999999,40.439399993370735],[62.296200000000006,40.460199993380556],[62.2608,40.47569999338784],[62.21819999999999,40.48549999339249],[62.21370000000001,40.48649999339296],[62.2133,40.486599993392986],[62.19169999999999,40.498999993398854],[62.1852,40.50779999340299],[62.1847,40.50919999340366],[62.177299999999995,40.53069999341381],[62.1715,40.539999993418135],[62.145799999999994,40.56589999343035],[62.1341,40.57779999343591],[62.120799999999996,40.59889999344586],[62.10020000000001,40.660299993474666],[62.0887,40.674399993481245],[62.0556,40.701699993494046],[62.04480000000001,40.714999993500285],[62.0369,40.73629999351022],[62.03419999999999,40.746999993515175],[62.0263,40.778299993529814],[62.02539999999999,40.78199999353156],[61.994,40.86579999357056],[61.990500000000004,40.8721999935735],[61.982899999999994,40.885599993579795],[61.9901,40.89319999358327],[61.98539999999999,40.90789999359012],[61.982899999999994,40.978499993622876],[61.9819,40.98399999362542],[61.979299999999995,40.99879999363223],[61.97059999999998,41.0153999936399],[61.89759999999998,41.108799993682986],[61.87779999999999,41.12499999369044],[61.65419999999999,41.24939999374759],[61.567399999999985,41.277699993760564],[61.4702,41.29719999376947],[61.4332,41.300299993770864],[61.4108,41.29199999376711],[61.3972,41.270999993757464],[61.387399999999985,41.23579999374138],[61.36300000000001,41.22519999373649],[61.343900000000005,41.19379999372207],[61.315799999999996,41.17039999371133],[61.281200000000005,41.1571999937053],[61.2431,41.156299993704884],[61.20279999999999,41.16879999371059],[61.09979999999999,41.22399999373596],[61.081799999999994,41.224499993736146],[61.0769,41.22379999373586],[61.0228,41.216899993732696],[61.0169,41.2290999937383],[61.014099999999985,41.234899993740946],[61.01019999999998,41.23719999374198],[61.0076,41.233899993740465],[60.99110000000001,41.21239999373061],[60.97809999999999,41.20279999372622],[60.93019999999999,41.24019999374333],[60.8604,41.252899993749146],[60.65879999999999,41.24379999374503],[60.5844,41.22489999373635],[60.578100000000006,41.223299993735615],[60.53820000000001,41.21309999373091],[60.4781,41.21209999373047],[60.44319999999999,41.21959999373394],[60.414399999999986,41.23519999374109],[60.36039999999999,41.27629999375987],[60.2999,41.309699993775176],[60.24669999999998,41.330399993784624],[60.237799999999986,41.33379999378616],[60.0943,41.38949999381157],[60.06619999999999,41.41049999382111],[60.059,41.434099993831836],[60.0716,41.51439999386826],[60.079599999999985,41.53139999387595],[60.0925,41.54539999388233],[60.1098,41.55669999388746],[60.1479,41.57119999389398],[60.15079999999998,41.57229999389448],[60.16210000000001,41.582399993899045],[60.164899999999996,41.584899993900194],[60.1555,41.603299993908465],[60.08889999999999,41.67409999394037],[60.0583,41.71859999396037],[60.0522,41.7424999939711],[60.049299999999995,41.75349999397603],[60.05939999999998,41.7643999939809],[60.0749,41.78099999398831],[60.07949999999999,41.78339999398942],[60.102199999999996,41.79529999399475],[60.13359999999999,41.79729999399564],[60.1714,41.7883999939917],[60.20590000000001,41.7719999939843],[60.2254,41.7653999939814],[60.2271,41.76559999398149],[60.241200000000006,41.766999993982076],[60.2527,41.77999999398789],[60.2509,41.7942999939943],[60.241200000000006,41.807999994000475],[60.229,41.81959999400561],[60.22240000000001,41.82379999400753],[60.21490000000001,41.82849999400956],[60.16739999999999,41.84949999401897],[60.152599999999985,41.86109999402416],[60.13309999999999,41.88329999403406],[60.118099999999984,41.900299994041646],[60.10809999999999,41.90689999404455],[60.08889999999999,41.91939999405018],[60.0311,41.93569999405738],[59.984500000000004,41.94879999406326],[59.98379999999998,41.94899999406332],[59.96559999999999,41.94849999406309],[59.93159999999999,41.9475999940627],[59.9176,41.95239999406481],[59.906400000000005,41.96659999407113],[59.9078,41.979799994076956],[59.91940000000001,41.98959999408136],[59.9262,41.99099999408194],[59.937699999999985,41.99339999408302],[59.97090000000001,42.002999994087276],[59.9971,42.01049999409062],[59.9942,42.04999999410812],[59.9744,42.09929999412987],[59.9806,42.129999994143425],[59.98379999999998,42.14559999415031],[59.999999999999986,42.15449999415423],[60.015800000000006,42.15929999415634],[60.0205,42.160799994157],[60.0371,42.169699994160894],[60.0397,42.1832999941669],[60.040299999999995,42.18639999416824],[60.0281,42.19939999417398],[60.0206,42.202799994175486],[60.00500000000001,42.20969999417849],[59.960800000000006,42.22259999418418],[59.92580000000001,42.24619999419449],[59.89779999999999,42.27839999420859],[59.866400000000006,42.304199994219886],[59.838399999999986,42.306499994220935],[59.821099999999994,42.30789999422152],[59.77639999999999,42.30389999421979],[59.6897,42.309799994222395],[59.544699999999985,42.29319999421509],[59.521300000000004,42.29049999421396],[59.515100000000004,42.28979999421362],[59.47800000000001,42.28559999421177],[59.42649999999998,42.28669999421226],[59.40129999999999,42.29389999421538],[59.36169999999999,42.32579999422934],[59.338,42.33179999423194],[59.2872,42.335999994233745],[59.2584,42.34759999423887],[59.24510000000001,42.36529999424659],[59.23319999999999,42.44169999427982],[59.22379999999998,42.460899994288134],[59.209799999999994,42.47759999429538],[59.14609999999998,42.52669999431667],[59.142999999999994,42.52809999431729],[59.12199999999999,42.53799999432156],[59.09639999999999,42.535899994320665],[59.06759999999999,42.525599994316224],[59.0648,42.524999994315934],[59.0384,42.51969999431369],[59.00929999999999,42.51839999431311],[58.96459999999999,42.524299994315655],[58.8944,42.54779999432583],[58.82750000000001,42.593699994345606],[58.62550000000001,42.76929999442105],[58.6122,42.780899994425965],[58.587699999999984,42.79119999443036],[58.56939999999999,42.76839999442062],[58.5557,42.68359999438433],[58.534400000000005,42.6544999943718],[58.51230000000001,42.649599994369716],[58.493,42.64539999436789],[58.49060000000001,42.645499994367924],[58.47570000000001,42.64619999436824],[58.4419,42.64779999436891],[58.3904,42.656699994372744],[58.29089999999999,42.68639999438551],[58.28279999999999,42.688899994386595],[58.2583,42.68939999438679],[58.239599999999996,42.685099994384935],[58.1867,42.6610999943746],[58.1489,42.64889999436941],[58.130500000000005,42.638799994365066],[58.12149999999999,42.62419999435876],[58.12689999999999,42.604999994350486],[58.1456,42.59249999434511],[58.2709,42.54899999432634],[58.3062,42.52859999431752],[58.334999999999994,42.49609999430342],[58.33720000000001,42.49369999430236],[58.3414,42.48619999429914],[58.3638,42.44699999428212],[58.4095,42.391899994258154],[58.42640000000001,42.37159999424936],[58.43800000000001,42.357699994243255],[58.4783,42.32219999422779],[58.48940000000001,42.31449999422441],[58.49409999999999,42.30559999422052],[58.49049999999999,42.29759999421702],[58.4783,42.29199999421459],[58.473199999999984,42.291499994214334],[58.413799999999995,42.284699994211365],[58.3976,42.28789999421278],[58.38579999999999,42.30129999421862],[58.386100000000006,42.316799994225384],[58.391499999999986,42.333999994232954],[58.39479999999999,42.35229999424092],[58.38850000000001,42.37419999425045],[58.3847,42.387799994256405],[58.38239999999998,42.389999994257344],[58.359099999999984,42.41339999426753],[58.324899999999985,42.43179999427556],[58.2256,42.46649999429061],[58.20400000000001,42.469499994291915],[58.193799999999996,42.46819999429133],[58.1856,42.4671999942909],[58.14959999999999,42.45559999428588],[58.13960000000001,42.4549999942856],[58.133399999999995,42.454599994285445],[58.1172,42.46149999428841],[58.0945,42.48669999429935],[58.079799999999985,42.49719999430392],[58.060999999999986,42.5021999943061],[58.0384,42.50269999430627],[58.0332,42.50199999430596],[58.016000000000005,42.499699994305],[57.997699999999995,42.49339999430222],[57.99150000000001,42.487499994299725],[57.9872,42.483399994297926],[57.981399999999994,42.47579999429464],[57.9782,42.47179999429292],[57.9527,42.44999999428343],[57.925700000000006,42.44099999427956],[57.908799999999985,42.43039999427493],[57.91419999999999,42.40389999426338],[57.93580000000001,42.3696999942485],[57.93760000000001,42.354099994241686],[57.9289,42.33099999423162],[57.88819999999999,42.26149999420123],[57.8738,42.24969999419603],[57.83529999999998,42.24039999419198],[57.82739999999999,42.22729999418625],[57.83459999999999,42.21159999417931],[57.8472,42.20089999417467],[57.85039999999999,42.19139999417047],[57.8285,42.179499994165226],[57.80899999999998,42.17639999416383],[57.74100000000001,42.17869999416486],[57.7216,42.17529999416339],[57.6661,42.15509999415447],[57.6197,42.14819999415145],[57.47820000000001,42.16649999415946],[57.38239999999999,42.163699994158286],[57.335399999999986,42.14649999415067],[57.2881,42.12929999414313],[57.27089999999999,42.116699994137534],[57.2078,42.070499994117206],[57.152799999999985,41.99349999408305],[57.11569999999999,41.95199999406466],[57.0743,41.928699994054284],[57.061099999999996,41.92399999405219],[56.9877,41.89829999404077],[56.97849999999999,41.89499999403926],[56.9501,41.86599999402634],[56.94970000000001,41.82749999400913],[56.97200000000001,41.7484999939738],[56.9695,41.710899993956936],[56.96159999999999,41.678699993942416],[56.960499999999996,41.647199993928275],[56.97849999999999,41.61139999391216],[57.00049999999999,41.58389999389974],[57.01200000000001,41.55769999388787],[57.0156,41.52899999387492],[57.0149,41.49359999385887],[57.01959999999998,41.46589999384628],[57.032899999999984,41.43829999383376],[57.0523,41.413499993822505],[57.0743,41.39489999381402],[57.082300000000004,41.390599993812046],[57.088300000000004,41.3872999938106],[57.10379999999999,41.38159999380795],[57.1538,41.37229999380373],[57.15449999999999,41.371899993803524],[57.16139999999999,41.36799999380174],[57.1592,41.36109999379862],[57.14809999999999,41.35109999379405],[57.1268,41.33949999378879],[57.1244,41.33859999378836],[57.07999999999999,41.3220999937808],[57.06499999999999,41.308999993774826],[57.0602,41.304899993772985],[57.029599999999995,41.26249999375358],[57.01019999999998,41.2540999937497],[56.79349999999999,41.288299993765385],[56.1965,41.31269999377654],[56.14139999999999,41.31499999377759],[55.998599999999996,41.32079999378023],[55.97839999999999,41.32159999378062],[55.9759,44.994699995317035],[55.9982,44.99979999531898],[57.47820000000001,45.33689999544462],[57.9782,45.44489999548433],[58.531600000000005,45.55869999552584],[58.555,45.55709999552525],[58.58229999999999,45.5486999955222],[61.03639999999999,44.38279999508202],[61.06199999999999,44.36189999507384],[61.0804,44.335399995063455],[61.086499999999994,44.311099995053894],[61.0933,44.259299995033494],[61.102999999999994,44.235999995024315],[61.1617,44.16799999499742],[61.385999999999996,43.993399994927884],[61.98579999999998,43.493299994724794],[62.00269999999999,43.487899994722625],[62.02609999999999,43.48049999471954],[62.32739999999999,43.52089999473616],[62.4779,43.54109999474449],[62.82119999999998,43.581699994761124],[63.208000000000006,43.62749999477988],[64.4266,43.54689999474687],[64.4615,43.554199994749844],[64.50759999999998,43.572799994757446],[64.855,43.712899994814705],[64.89099999999999,43.72279999481871],[64.89989999999999,43.72179999481827],[64.92299999999999,43.71909999481721],[64.9565,43.69729999480832],[65.1718,43.49369999472502],[65.2715,43.416999994693356],[65.4774,43.322799994654304],[65.517,43.29719999464368],[65.7953,42.87719999446698],[65.81259999999999,42.8757999944664],[65.8277,42.88179999446898],[66.1013,42.99019999451494],[66.09669999999998,42.937499994492626],[66.053,42.44089999427946],[66.0433,42.42369999427205],[66.01959999999998,42.41679999426901],[66.0138,42.40289999426293],[66.013,42.35999999424432],[66.0066,42.01339999409185],[66.00879999999998,42.002699994087166],[66.0174,41.99749999408481],[66.4847,41.996899994084565],[66.49219999999998,41.9967999940845],[66.5041,41.99349999408305],[66.5198,41.87899999403217],[66.53869999999999,41.740799993970356],[66.6028,41.49379999385897],[66.64279999999998,41.355499993796066],[66.64639999999997,41.34299999379036],[66.68809999999998,41.19909999372452],[66.693,41.19459999372244],[66.7331,41.158099993705655],[66.8152,41.14189999369822],[67.7483,41.18409999371763],[67.771,41.17919999371539],[67.8131,41.1625999937078],[67.83499999999998,41.15689999370516],[67.85410000000002,41.15889999370606],[67.93729999999998,41.20039999372513],[67.9495,41.171899993712074],[67.952,41.17049999371138],[67.9589,41.15949999370636],[68.0032,41.11559999368611],[68.0132,41.09779999367796],[68.02119999999998,41.059199993660144],[68.03449999999998,41.04269999365254],[68.04639999999999,41.050199993656],[68.0579,41.054399993657924],[68.059,41.05469999365806],[68.0712,41.05329999365741],[68.08199999999998,41.04269999365254],[68.09600000000002,41.0651999936629],[68.108,41.0660999936633],[68.1173,41.06679999366368],[68.12130000000002,41.04479999365352],[68.1216,41.04329999365282],[68.1191,41.03399999364849],[68.1258,41.03229999364772],[68.12839999999997,41.031699993647436],[68.1313,41.02949999364643],[68.10829999999999,41.01679999364057],[68.0996,41.01369999363916],[68.1079,41.010199993637485],[68.12089999999999,40.9937999936299],[68.1205,40.96529999361673],[68.1108,40.931699993601185],[68.09600000000002,40.89889999358592],[68.0806,40.87299999357388],[68.06940000000002,40.85979999356779],[68.0546,40.847199993561894],[68.03809999999999,40.83719999355725],[68.0032,40.82519999355167],[67.99509999999998,40.81949999354903],[67.9942,40.81889999354875],[67.9909,40.81099999354503],[67.9974,40.8073999935434],[68.0182,40.80409999354184],[68.037,40.8009999935404],[68.0509,40.79509999353768],[68.0676,40.78799999353434],[68.159,40.71909999350214],[68.226,40.678799993483295],[68.24349999999998,40.671799993480015],[68.345,40.63129999346105],[68.38149999999999,40.61669999345418],[68.4618,40.584599993439156],[68.46499999999999,40.58949999344143],[68.46499999999999,40.589599993441446],[68.47730000000001,40.59919999344599],[68.49240000000002,40.598699993445756],[68.49999999999999,40.605699993449015],[68.50539999999998,40.614199993453],[68.5147,40.619099993455315],[68.52619999999999,40.61749999345458],[68.56619999999998,40.602499993447545],[68.5928,40.59949999344611],[68.61410000000001,40.609099993450656],[68.6206,40.622299993456814],[68.6011,40.62999999346044],[68.6256,40.660299993474666],[68.62739999999998,40.66709999347784],[68.6188,40.678199993483034],[68.6123,40.690499993488764],[68.6083,40.70329999349473],[68.6087,40.7077999934969],[68.60940000000001,40.71569999350057],[68.5842,40.72029999350273],[68.57449999999999,40.724399993504655],[68.56619999999998,40.73249999350846],[68.5597,40.75129999351721],[68.54959999999998,40.835099993556256],[68.55319999999998,40.85039999356338],[68.56549999999999,40.85909999356743],[68.57200000000002,40.870399993572704],[68.57299999999998,40.88009999357721],[68.5705,40.90249999358763],[68.5709,40.91349999359273],[68.57970000000002,40.9101999935912],[68.5892,40.906599993589516],[68.6,40.93009999360042],[68.6061,40.93319999360184],[68.6278,40.94449999360711],[68.6426,40.94939999360933],[68.66569999999999,40.957099993612914],[68.68519999999998,40.963499993615905],[68.6893,40.964899993616555],[68.7095,40.98369999362525],[68.72639999999998,41.02049999364226],[68.7462,41.06369999366219],[68.77389999999998,41.08719999367308],[68.84230000000001,41.110099993683576],[68.86749999999999,41.14249999369852],[68.88009999999998,41.155499993704495],[68.901,41.16059999370682],[68.9438,41.16479999370877],[68.9798,41.17819999371491],[69.01399999999998,41.19599999372306],[69.03129999999999,41.208699993728956],[69.0392,41.220299993734244],[69.05470000000001,41.31529999377777],[69.05399999999999,41.331899993785306],[69.0511,41.34369999379071],[69.04700000000001,41.347299993792326],[69.0465,41.34769999379253],[69.0342,41.35869999379752],[69.034,41.35949999379792],[69.0317,41.3669999938013],[69.03599999999997,41.37399999380451],[69.04429999999999,41.37919999380686],[69.09069999999998,41.396299993814644],[69.1094,41.40059999381661],[69.12819999999999,41.39519999381413],[69.1382,41.41589999382359],[69.1573,41.42999999382997],[69.1627,41.4339999938318],[69.2098,41.456499993842],[69.2171,41.45999999384362],[69.23329999999999,41.462599993844805],[69.234,41.46239999384473],[69.26,41.45529999384152],[69.2628,41.454599993841114],[69.2776,41.45609999384184],[69.3161,41.474699993850265],[69.3312,41.47789999385173],[69.3906,41.469699993848046],[69.4025,41.474699993850265],[69.40099999999997,41.48519999385503],[69.3845,41.50819999386548],[69.38089999999998,41.51879999387027],[69.39379999999998,41.544899993882076],[69.4205,41.559499993888686],[69.47739999999999,41.57309999389482],[69.57890000000002,41.63329999392202],[69.6077,41.65819999393324],[69.62459999999999,41.66819999393773],[69.7252,41.68919999394717],[69.75959999999999,41.696399993950415],[69.8708,41.699599993951836],[69.9122,41.712899993957826],[69.9147,41.714999993958784],[69.9428,41.739599993969776],[69.95649999999999,41.75509999397677],[69.972,41.76449999398097],[69.9745,41.765199993981284],[70.0278,41.77999999398789],[70.032,41.782299993988964],[70.0527,41.79369999399404],[70.11099999999999,41.82589999400844],[70.1323,41.844399994016726],[70.13649999999998,41.84809999401839],[70.2042,41.93579999405741],[70.21859999999998,41.94689999406237],[70.23589999999999,41.95429999406568],[70.2539,41.958999994067774],[70.27049999999997,41.96549999407062],[70.2831,41.97619999407537],[70.2903,41.993799994083226],[70.3151,42.03459999410128],[70.3579,42.062199994113456],[70.42200000000001,42.08289999412265],[70.4347,42.086999994124454],[70.45549999999999,42.09369999412739],[70.46480000000001,42.0922999941268],[70.4703,42.09149999412642],[70.4886,42.08179999412214],[70.50449999999998,42.06849999411628],[70.512,42.05529999411047],[70.5189,42.036599994102204],[70.5343,42.02499999409703],[70.55519999999999,42.01869999409419],[70.579,42.016299994093146],[70.58170000000001,42.01719999409361],[70.6103,42.02739999409809],[70.63149999999999,42.05679999411111],[70.64990000000002,42.09339999412726],[70.6614,42.10969999413445],[70.6733,42.1258999941416],[70.701,42.15089999415262],[70.71179999999997,42.16419999415848],[70.7197,42.182799994166636],[70.73409999999998,42.19729999417307],[70.75829999999999,42.19799999417335],[70.76169999999999,42.19729999417307],[70.80469999999998,42.18839999416913],[70.8425,42.192599994170976],[70.8799,42.206899994177206],[70.948,42.24809999419533],[70.9606,42.25699999419927],[70.96959999999997,42.26339999420203],[71.0142,42.28769999421269],[71.0206,42.28839999421299],[71.04589999999999,42.290899994214065],[71.0776,42.28109999420976],[71.218,42.206299994176995],[71.25330000000001,42.19759999417319],[71.23809999999999,42.16019999415673],[71.20110000000001,42.14079999414815],[71.1996,42.14039999414803],[71.15249999999999,42.13029999414355],[71.1183,42.122899994140276],[70.97710000000001,42.04419999410552],[70.9357,42.03689999410232],[70.92659999999998,42.03719999410244],[70.8868,42.038399994102946],[70.8578,42.03269999410041],[70.8454,42.03029999409936],[70.8281,41.99359999408311],[70.82519999999998,41.936299994057684],[70.81750000000001,41.92469999405251],[70.81409999999998,41.919499994050184],[70.77950000000001,41.90959999404579],[70.6798,41.901099994042],[70.6574,41.89109999403755],[70.6488,41.88729999403584],[70.5502,41.82409999400765],[70.5066,41.78559999399044],[70.47709999999998,41.73829999396926],[70.45369999999997,41.71199999395741],[70.42349999999999,41.696799993950584],[70.3907,41.684999993945254],[70.33129999999997,41.649599993929364],[70.2476,41.61279999391279],[70.215,41.5984999939063],[70.16929999999999,41.57839999389724],[70.1484,41.55249999388551],[70.1664,41.52009999387087],[70.17329999999998,41.51739999386963],[70.1875,41.511899993867154],[70.2035,41.505699993864354],[70.2066,41.50539999386419],[70.27040000000001,41.49989999386172],[70.345,41.49349999385882],[70.3705,41.481899993853574],[70.3824,41.4764999938511],[70.39429999999999,41.4680999938473],[70.399,41.464899993845826],[70.4137,41.45069999383936],[70.43820000000001,41.41609999382366],[70.45329999999997,41.40549999381887],[70.47709999999998,41.404599993818465],[70.4807,41.40569999381896],[70.5113,41.41449999382292],[70.56889999999999,41.43939999383427],[70.5797,41.444099993836424],[70.6337,41.467399993846975],[70.66790000000002,41.47129999384875],[70.66939999999997,41.47059999384841],[70.6866,41.46239999384473],[70.70349999999999,41.445399993837],[70.7597,41.37239999380379],[70.7691,41.35209999379452],[70.7712,41.33089999378486],[70.75649999999997,41.26949999375677],[70.7579,41.25209999374881],[70.7705,41.23849999374259],[70.7752,41.238999993742816],[70.7867,41.240299993743385],[70.80610000000001,41.247499993746736],[70.82849999999999,41.24909999374742],[70.8304,41.248499993747146],[70.84789999999998,41.24309999374469],[70.8659,41.23319999374017],[70.88209999999998,41.2203999937343],[70.8961,41.206099993727705],[70.9141,41.19299999372177],[70.9324,41.19149999372101],[70.9343,41.19139999372099],[70.97710000000001,41.19629999372326],[71.0247,41.18979999372027],[71.03039999999997,41.18779999371931],[71.047,41.181999993716666],[71.0675,41.169599993710996],[71.0859,41.16209999370752],[71.0917,41.161499993707245],[71.1229,41.1581999937057],[71.13580000000002,41.15039999370215],[71.1391,41.148299993701194],[71.1643,41.116099993686376],[71.18019999999999,41.108099993682686],[71.18989999999998,41.12739999369159],[71.18770000000002,41.14849999370126],[71.1831,41.1663999937095],[71.1856,41.180199993715846],[71.20649999999999,41.188699993719744],[71.2106,41.188399993719614],[71.2302,41.18719999371905],[71.2355,41.181499993716436],[71.2414,41.17509999371348],[71.25399999999999,41.13739999369619],[71.2633,41.12339999368974],[71.27629999999999,41.11309999368501],[71.2896,41.11379999368531],[71.2919,41.11799999368724],[71.30009999999999,41.13299999369414],[71.3253,41.15729999370532],[71.3711,41.12739999369159],[71.38999999999999,41.115099993685895],[71.3937,41.11269999368478],[71.41599999999998,41.12729999369152],[71.42139999999999,41.16209999370752],[71.41269999999999,41.33459999378651],[71.4189,41.347399993792365],[71.43249999999999,41.344799993791185],[71.4808,41.310699993775614],[71.50609999999999,41.30239999377185],[71.524,41.296599993769185],[71.52739999999999,41.29709999376944],[71.5425,41.299399993770464],[71.5545,41.30119999377129],[71.55780000000001,41.30169999377155],[71.5855,41.323499993781475],[71.61869999999999,41.37769999380618],[71.6331,41.41139999382155],[71.6374,41.43119999383051],[71.6338,41.44959999383888],[71.60890000000002,41.47369999384985],[71.6057,41.47679999385121],[71.6047,41.47849999385201],[71.5956,41.49379999385897],[71.61540000000001,41.5320999938763],[71.6273,41.543199993881345],[71.6496,41.54989999388438],[71.6716,41.547299993883215],[71.6842,41.53399999387714],[71.68719999999998,41.52309999387222],[71.68959999999998,41.514499993868355],[71.68959999999998,41.49379999385897],[71.6712,41.43749999383338],[71.6712,41.43739999383333],[71.67190000000001,41.42549999382797],[71.67999999999998,41.423199993826906],[71.6813,41.422799993826715],[71.68740000000001,41.43099999383046],[71.6914,41.44179999383537],[71.69609999999999,41.447399993837905],[71.698,41.44679999383763],[71.70690000000002,41.444099993836424],[71.7123,41.42799999382905],[71.7189,41.42559999382798],[71.72159999999998,41.42469999382759],[71.72949999999997,41.430099993830034],[71.72960000000002,41.43119999383051],[71.7306,41.45109999383958],[71.73670000000001,41.45539999384153],[71.7454,41.45289999384035],[71.7533,41.44729999383784],[71.7648,41.43429999383195],[71.84689999999999,41.34179999378983],[71.8631,41.31219999377627],[71.8689,41.2792999937613],[71.8663,41.23659999374172],[71.8717,41.19439999372238],[71.89,41.18769999371928],[71.8977,41.18499999371805],[71.97719999999998,41.195099993722714],[72.0013,41.179899993715686],[72.01649999999998,41.16349999370817],[72.0337,41.15659999370498],[72.06359999999998,41.170199993711236],[72.0852,41.184799993717945],[72.10859999999998,41.19639999372328],[72.1327,41.19929999372462],[72.15830000000001,41.18779999371931],[72.16979999999998,41.1685999937105],[72.171,41.161499993707245],[72.17249999999999,41.15309999370339],[72.1745,41.141499993698055],[72.17599999999999,41.11739999368697],[72.1763,41.11279999368485],[72.1857,41.06059999366078],[72.1857,41.04099999365172],[72.1788,41.02309999364349],[72.1689,41.00589999363551],[72.1651,40.99929999363246],[72.25300000000001,41.01949999364183],[72.2858,41.02309999364349],[72.28969999999998,41.02349999364364],[72.2973,41.02809999364578],[72.29810000000002,41.02989999364663],[72.3088,41.054399993657924],[72.31419999999999,41.06159999366126],[72.3325,41.07279999366641],[72.3459,41.06589999366326],[72.36760000000001,41.03989999365121],[72.37429999999999,41.03199999364759],[72.39519999999999,41.02199999364296],[72.42359999999998,41.01569999364008],[72.4722,41.01209999363837],[72.4769,41.01179999363826],[72.48189999999998,41.008799993636885],[72.48479999999999,41.00459999363494],[72.48489999999998,41.003199993634254],[72.4852,40.99949999363255],[72.4837,40.99349999362978],[72.4834,40.97059999361922],[72.5014,40.96339999361586],[72.52619999999999,40.962099993615276],[72.54569999999998,40.9565999936127],[72.58849999999998,40.90579999358914],[72.59169999999997,40.90309999358789],[72.61949999999999,40.87999999357715],[72.6583,40.867099993571145],[72.70120000000001,40.86329999356937],[72.8301,40.871999993573425],[72.86859999999999,40.864099993569766],[72.87159999999999,40.84379999356034],[72.8729,40.83479999355613],[72.8704,40.81819999354838],[72.883,40.819599993549076],[72.8945,40.82569999355191],[72.92939999999999,40.844099993560455],[73.0036,40.87009999357255],[73.0194,40.86179999356872],[73.0335,40.847199993561894],[73.0392,40.844099993560455],[73.0536,40.83639999355688],[73.1123,40.83909999355813],[73.1357,40.835099993556256],[73.1433,40.83379999355563],[73.14369999999998,40.831999993554845],[73.14590000000001,40.82399999355112],[73.1487,40.813599993546255],[73.1399,40.80479999354219],[73.1181,40.78299999353202],[73.0857,40.7690999935255],[73.0705,40.76249999352246],[72.9769,40.735999993510035],[72.8909,40.695099993490956],[72.8577,40.68859999348789],[72.8189,40.681099993484374],[72.78399999999999,40.669599993478975],[72.76019999999998,40.64169999346594],[72.7562,40.61919999345537],[72.7483,40.574999993434595],[72.7192,40.564899993429854],[72.6825,40.57759999343584],[72.6717,40.577699993435914],[72.6641,40.57779999343591],[72.65649999999998,40.56119999342813],[72.6551,40.546299993421144],[72.6504,40.53209999341441],[72.6407,40.51979999340861],[72.63089999999998,40.51379999340579],[72.62559999999999,40.51049999340428],[72.58559999999999,40.508799993403436],[72.51540000000001,40.545599993420794],[72.4769,40.54959999342266],[72.4477,40.56039999342775],[72.415,40.58979999344158],[72.3847,40.60999999345106],[72.38149999999999,40.612099993452006],[72.352,40.60189999344723],[72.3508,40.596499993444766],[72.34839999999998,40.58529999343947],[72.37,40.557899993426574],[72.37,40.53979999341805],[72.36310000000002,40.52349999341041],[72.36349999999997,40.51219999340509],[72.37210000000002,40.50319999340081],[72.4157,40.47929999338955],[72.42609999999999,40.459599993380245],[72.4258,40.45219999337676],[72.4251,40.435899993369084],[72.4143,40.41079999335721],[72.412,40.408399993356106],[72.4044,40.400299993352284],[72.39410000000001,40.389399993347084],[72.3703,40.385599993345316],[72.34329999999999,40.39339999334898],[72.2843,40.419799993361494],[72.2695,40.42409999336352],[72.2245,40.422499993362756],[72.21159999999998,40.42559999336422],[72.2166,40.43489999336862],[72.2281,40.437499993369805],[72.2451,40.4386999933704],[72.25949999999999,40.44239999337214],[72.2638,40.45249999337688],[72.25939999999999,40.45509999337816],[72.2541,40.45829999337967],[72.2482,40.45879999337989],[72.2361,40.45979999338034],[72.1828,40.45779999337941],[72.16589999999998,40.454399993377805],[72.10159999999999,40.427299993365004],[72.09929999999999,40.42639999336456],[72.09029999999997,40.41599999335967],[72.08630000000001,40.40379999335387],[72.0841,40.39729999335084],[72.06970000000001,40.36939999333758],[72.0431,40.34939999332818],[71.96289999999999,40.31799999331326],[71.95669999999998,40.315599993312155],[71.95090000000002,40.30159999330551],[71.9581,40.286499993298285],[71.97719999999998,40.27609999329333],[71.99609999999998,40.26929999329015],[72.006,40.26579999328849],[72.0197,40.25879999328516],[72.02550000000001,40.250899993281415],[72.019,40.23999999327622],[72.0049,40.23729999327497],[71.9891,40.239299993275864],[71.96929999999999,40.24449999327835],[71.96129999999998,40.242799993277565],[71.9517,40.24089999327667],[71.9367,40.24189999327714],[71.9124,40.243499993277844],[71.87279999999998,40.25079999328135],[71.8402,40.24929999328064],[71.8365,40.249199993280584],[71.80549999999998,40.22529999326926],[71.7868,40.19349999325406],[71.776,40.179899993247616],[71.7737,40.17829999324681],[71.7598,40.16799999324192],[71.7072,40.144299993230625],[71.69319999999999,40.141099993229105],[71.673,40.14789999323236],[71.66689999999998,40.162999993239545],[71.66729999999998,40.20409999325912],[71.6601,40.2243999932688],[71.646,40.24699999327952],[71.62840000000001,40.25889999328519],[71.61989999999999,40.253099993282405],[71.61,40.24629999327923],[71.60389999999998,40.22729999327014],[71.6018,40.210099993261984],[71.6017,40.20999999326195],[71.59309999999999,40.19839999325644],[71.5683,40.196499993255514],[71.5211,40.203699993258944],[71.4984,40.2104999932622],[71.47720000000001,40.22069999326704],[71.4588,40.23419999327344],[71.4509,40.24889999328045],[71.4415,40.26089999328614],[71.39649999999999,40.27149999329121],[71.3652,40.29409999330192],[71.34510000000002,40.29509999330238],[71.3137,40.292699993301284],[71.29719999999999,40.293799993301754],[71.2831,40.29839999330397],[71.2727,40.30769999330836],[71.2641,40.31819999331334],[71.25399999999999,40.324299993316224],[71.23959999999998,40.320999993314665],[71.2241,40.302899993306106],[71.2151,40.28069999329552],[71.20110000000001,40.26379999328753],[71.1694,40.261299993286315],[71.05309999999999,40.27419999329246],[70.9951,40.26649999328881],[70.9776,40.25279999328233],[70.9591,40.23829999327539],[70.9383,40.239899993276175],[70.8497,40.23369999327319],[70.70710000000001,40.20009999325722],[70.6643,40.19749999325597],[70.6222,40.199499993256964],[70.5934,40.2153999932645],[70.58189999999998,40.2216999932675],[70.5738,40.24079999327659],[70.5729,40.24289999327758],[70.5639,40.264199993287725],[70.5505,40.31039999330965],[70.5239,40.34379999332549],[70.50189999999999,40.35079999332881],[70.4829,40.34919999332807],[70.46410000000002,40.344799993325985],[70.4422,40.34329999332529],[70.42130000000002,40.34789999332743],[70.37130000000002,40.36499999333554],[70.3807,40.38899999334691],[70.3849,40.399699993351994],[70.35689999999998,40.43039999336649],[70.35399999999998,40.45609999337861],[70.3666,40.471499993385876],[70.36979999999997,40.475399993387704],[70.39930000000001,40.4901999933947],[70.447,40.4986999933987],[70.44890000000001,40.499099993398886],[70.46809999999999,40.502499993400505],[70.4778,40.50549999340192],[70.4879,40.515499993406586],[70.5109,40.54529999342065],[70.512,40.54669999342128],[70.5166,40.550299993422996],[70.5253,40.55719999342623],[70.5693,40.57049999343248],[70.58219999999999,40.578799993436405],[70.6171,40.611999993451974],[70.70710000000001,40.66889999347866],[70.7158,40.67209999348019],[70.732,40.6748999934815],[70.73319999999998,40.6766999934823],[70.7386,40.68469999348609],[70.74060000000001,40.68769999348748],[70.75649999999997,40.695499993491126],[70.7673,40.73759999351081],[70.7287,40.75449999351868],[70.63729999999998,40.77049999352619],[70.62179999999998,40.78599999353338],[70.6193,40.80309999354136],[70.6287,40.81589999354733],[70.6488,40.8174999935481],[70.6834,40.794399993537304],[70.7032,40.78879999353473],[70.705,40.8073999935434],[70.69669999999999,40.816199993547514],[70.51449999999998,40.97259999362009],[70.4829,40.99349999362978],[70.4458,41.02579999364472],[70.42130000000002,41.0335999936483],[70.4011,41.039999993651264],[70.3637,41.03239999364778],[70.336,40.92689999359893],[70.2805,40.87769999357607],[70.2082,40.84449999356066],[70.17289999999998,40.83389999355571],[70.1272,40.82019999354935],[70.1041,40.813299993546124],[70.0098,40.75809999352039],[69.8255,40.71399999349979],[69.80319999999999,40.70559999349586],[69.7834,40.69299999348998],[69.7416,40.65249999347101],[69.7178,40.63629999346339],[69.6908,40.62999999346044],[69.66949999999999,40.636099993463304],[69.66019999999999,40.63869999346449],[69.64759999999998,40.64739999346861],[69.6372,40.65789999347349],[69.6188,40.68169999348465],[69.6077,40.6917999934894],[69.5825,40.7043999934953],[69.571,40.71239999349904],[69.5317,40.75849999352059],[69.509,40.77469999352815],[69.47739999999999,40.77699999352917],[69.4615,40.78429999353263],[69.4595,40.78599999353338],[69.4493,40.794399993537304],[69.436,40.80269999354119],[69.4176,40.804199993541886],[69.38520000000001,40.796099993538114],[69.3694,40.789399993535014],[69.35500000000002,40.78039999353079],[69.35389999999998,40.77929999353026],[69.34819999999999,40.77369999352767],[69.3298,40.75539999351913],[69.3143,40.729299993506906],[69.3071,40.69929999349291],[69.3067,40.66249999347567],[69.31359999999998,40.609399993450765],[69.30919999999999,40.59579999344438],[69.2948,40.58909999344125],[69.2344,40.5851999934394],[69.1984,40.56649999343065],[69.19799999999998,40.54579999342087],[69.2383,40.49389999339642],[69.2596,40.43769999336991],[69.2693,40.419799993361494],[69.2956,40.38379999334444],[69.30339999999998,40.37019999333799],[69.30569999999999,40.366199993336124],[69.3064,40.36499999333554],[69.31279999999998,40.34279999332503],[69.30529999999999,40.293799993301754],[69.2833,40.29089999330038],[69.2732,40.28949999329972],[69.25120000000001,40.295999993302814],[69.2347,40.30079999330512],[69.2084,40.298299993303935],[69.21239999999999,40.2687999932899],[69.2851,40.218599993266054],[69.2851,40.20069999325751],[69.2851,40.194899993254786],[69.2477,40.181599993248426],[69.19799999999998,40.18289999324903],[69.108,40.203699993258944],[69.0483,40.22669999326987],[69.04209999999999,40.22919999327107],[69.0191,40.23199999327238],[68.85669999999999,40.21269999326326],[68.8366,40.206399993260256],[68.802,40.19109999325295],[68.7875,40.189699993252276],[68.7786,40.18879999325184],[68.7409,40.193799993254245],[68.7206,40.196499993255514],[68.6983,40.194899993254786],[68.6018,40.1752999932454],[68.58380000000001,40.165699993240814],[68.58099999999999,40.164199993240096],[68.5855,40.160299993238276],[68.591,40.155699993236055],[68.6069,40.142299993229656],[68.6515,40.12069999321934],[68.6872,40.11019999321436],[68.9041,40.14279999322993],[68.93049999999998,40.14669999323175],[68.9773,40.12099999321948],[68.98380000000002,40.10689999321277],[68.9867,40.09339999320633],[68.98699999999998,40.09159999320547],[68.9856,40.07719999319857],[68.9773,40.06489999319271],[68.9546,40.061999993191264],[68.9455,40.063099993191855],[68.88189999999999,40.070899993195546],[68.87119999999999,40.06829999319431],[68.8614,40.065899993193156],[68.8548,40.061399993190996],[68.8261,40.041999993181726],[68.8132,40.038799993180206],[68.7905,40.07019999319523],[68.77459999999999,40.07989999319985],[68.7617,40.061399993190996],[68.7638,40.05239999318672],[68.78149999999998,40.041499993181475],[68.78510000000001,40.033999993177886],[68.7829,40.01329999316802],[68.7844,40.003999993163504],[68.7894,39.99399999315872],[68.8772,39.90059999311387],[68.8808,39.87829999310312],[68.8384,39.86469999309657],[68.8153,39.89179999310964],[68.80019999999999,39.935099993130436],[68.7797,39.96939999314696],[68.75879999999998,39.98059999315228],[68.752,39.97269999314852],[68.75559999999999,39.95399999313954],[68.7653,39.932499993129156],[68.78759999999998,39.895699993111556],[68.7872,39.88169999310478],[68.7754,39.86249999309554],[68.75739999999999,39.857499993093136],[68.75189999999999,39.84539999308728],[68.7505,39.842499993085895],[68.74839999999999,39.82619999307803],[68.7415,39.81959999307487],[68.7282,39.824899993077395],[68.7096,39.84819999308864],[68.7016,39.85839999309357],[68.685,39.86799999309818],[68.6573,39.848799993088896],[68.6512,39.844599993086916],[68.6441,39.84689999308798],[68.6378,39.84889999308896],[68.6263,39.84959999308935],[68.6159,39.82799999307891],[68.61049999999999,39.742499993037654],[68.6082,39.704799993019414],[68.6058,39.66689999300107],[68.6004,39.64279999298938],[68.58709999999999,39.6230999929798],[68.5868,39.62289999297972],[68.5775,39.61529999297601],[68.563,39.6034999929703],[68.55599999999998,39.60009999296867],[68.551,39.59759999296748],[68.5201,39.58249999296011],[68.5068,39.56759999295287],[68.5176,39.54839999294358],[68.4978,39.54139999294011],[68.4938,39.540599992939754],[68.4834,39.538399992938686],[68.4743,39.536599992937774],[68.4362,39.52879999293401],[68.3866,39.52519999293224],[68.33759999999998,39.52789999293358],[68.25589999999998,39.55049999294456],[68.1061,39.55409999294628],[67.7645,39.622499992979556],[67.7177,39.623399992979984],[67.68059999999997,39.61409999297545],[67.5874,39.56259999295044],[67.5074,39.55299999294578],[67.4876,39.53789999293842],[67.4945,39.49369999291692],[67.4912,39.48999999291511],[67.4869,39.48709999291371],[67.4776,39.484399992912394],[67.4516,39.48709999291371],[67.44900000000001,39.4868999929136],[67.4365,39.485699992913034],[67.4272,39.47659999290862],[67.4149,39.43809999288982],[67.4081,39.397799992870155],[67.407,39.360899992852104],[67.3944,39.32729999283569],[67.39099999999999,39.312499992828435],[67.3868,39.29419999281949],[67.3804,39.292399992818616],[67.3714,39.29449999281961],[67.36059999999999,39.29179999281831],[67.35660000000001,39.28869999281678],[67.3465,39.2807999928129],[67.3451,39.27629999281068],[67.3444,39.273799992809494],[67.3426,39.25959999280252],[67.3501,39.21979999278299],[67.3782,39.19949999277304],[67.49919999999999,39.16599999275659],[67.5805,39.16359999275542],[67.6198,39.151299992749344],[67.632,39.13619999274192],[67.63779999999998,39.13149999273959],[67.6446,39.13049999273911],[67.66119999999998,39.13339999274056],[67.66759999999998,39.131799992739765],[67.6766,39.119799992733874],[67.6767,39.1190999927335],[67.6784,39.105899992727004],[67.6739,39.07429999271148],[67.6673,39.028299992688765],[67.67229999999999,39.00369999267662],[67.6871,38.99229999267102],[67.69070000000002,38.98959999266966],[67.8185,38.973399992661655],[67.8451,38.973799992661874],[67.9211,38.99369999267165],[67.9348,38.998999992674285],[67.94879999999999,39.00199999267576],[67.9632,39.001899992675746],[67.98009999999996,38.99739999267347],[67.988,38.99369999267165],[68.0035,38.98209999266593],[68.0197,38.97969999266474],[68.0363,38.9843999926671],[68.0532,38.993999992671846],[68.06899999999999,38.99609999267286],[68.0852,38.993999992671846],[68.10109999999999,38.97929999266453],[68.1346,38.920999992635736],[68.1637,38.88739999261914],[68.17379999999997,38.86739999260923],[68.1727,38.845299992598264],[68.1639,38.82899999259017],[68.1637,38.82859999259],[68.15109999999997,38.81509999258329],[68.136,38.80449999257804],[68.1191,38.796699992574155],[68.09569999999998,38.79289999257228],[68.0871,38.793099992572365],[68.07799999999999,38.793399992572525],[68.06689999999999,38.78789999256979],[68.06330000000001,38.76629999255908],[68.06620000000001,38.756199992554066],[68.0766,38.738099992545045],[68.0759,38.726799992539476],[68.0712,38.72099999253657],[68.0708,38.72069999253641],[68.0701,38.720299992536184],[68.0456,38.7065999925294],[68.0377,38.691599992521915],[68.0402,38.67329999251282],[68.05359999999999,38.63599999249426],[68.05570000000002,38.61579999248419],[68.05249999999998,38.558199992455464],[68.055,38.53629999244451],[68.0626,38.52299999243787],[68.087,38.49399999242339],[68.0924,38.478799992415766],[68.0946,38.44689999239982],[68.09600000000002,38.44149999239714],[68.09819999999999,38.4324999923926],[68.10759999999999,38.41829999238549],[68.1198,38.409099992380895],[68.14679999999998,38.388699992370704],[68.1839,38.33539999234396],[68.2008,38.32169999233706],[68.2526,38.29879999232558],[68.2993,38.2660999923092],[68.3322,38.24299999229758],[68.3384,38.23519999229366],[68.3563,38.212599992282286],[68.3606,38.17399999226287],[68.3444,38.11549999223344],[68.3196,38.06019999220552],[68.2807,38.013299992181885],[68.26809999999999,37.99379999217201],[68.2562,37.9614999921557],[68.24869999999999,37.94889999214935],[68.2328,37.93969999214466],[68.21769999999998,37.93599999214277],[68.1999,37.934099992141824],[68.1713,37.93099999214028],[68.14,37.922699992136046],[68.133,37.916999992133185],[68.1223,37.9082999921288],[68.0795,37.806199992077104],[68.0723,37.79489999207133],[68.0503,37.76039999205385],[68.04150000000001,37.75069999204898],[67.97719999999998,37.679699992012914],[67.9736,37.67699999201152],[67.9558,37.66339999200459],[67.92319999999998,37.6387999919921],[67.8718,37.58679999196566],[67.8293,37.52789999193567],[67.8012,37.46649999190442],[67.79720000000002,37.424399991882915],[67.81700000000001,37.345399991842626],[67.8206,37.30329999182113],[67.8152,37.26729999180275],[67.80409999999999,37.2333999917854],[67.785,37.20359999177013],[67.7807,37.188899991762625],[67.776,37.20759999177218],[67.76409999999998,37.220899991778985],[67.7465,37.229399991783346],[67.72599999999997,37.233499991785415],[67.69029999999998,37.23219999178477],[67.67740000000002,37.233499991785415],[67.6666,37.237899991787685],[67.6446,37.25129999179455],[67.6331,37.25409999179598],[67.59240000000001,37.247199991792435],[67.5859,37.24269999179014],[67.57319999999999,37.224599991780856],[67.5722,37.223199991780184],[67.56140000000002,37.21989999177849],[67.54489999999998,37.23149999178446],[67.5264,37.27229999180531],[67.52620000000002,37.27289999180556],[67.5031,37.28199999181025],[67.5008,37.281499991809966],[67.49919999999999,37.281099991809775],[67.4822,37.2772999918078],[67.4639,37.2662999918022],[67.43109999999999,37.23979999178869],[67.4113,37.227899991782586],[67.39120000000001,37.21959999177834],[67.3881,37.21889999177799],[67.3696,37.214599991775785],[67.3686,37.214599991775785],[67.3451,37.21299999177498],[67.3195,37.20849999177267],[67.2814,37.18869999176248],[67.2605,37.185399991760846]],[[70.5498,41.01519999363983],[70.5613,40.99459999363029],[70.579,40.98089999362394],[70.6085,40.95099999361008],[70.6251,40.93869999360444],[70.6452,40.93509999360274],[70.6434,40.95229999361068],[70.6305,40.97649999362196],[70.6168,40.99349999362978],[70.5934,41.00939999363713],[70.56600000000002,41.018399993641324],[70.5498,41.01519999363983]]],[[[71.72559999999999,39.963499993144104],[71.74819999999998,39.9765999931504],[71.7605,39.983699993153806],[71.77449999999999,39.98709999315539],[71.78570000000002,39.98969999315664],[71.7897,39.97929999315167],[71.7833,39.96129999314305],[71.76699999999998,39.91549999312102],[71.75729999999999,39.90299999311502],[71.74179999999998,39.90069999311395],[71.7162,39.906699993116796],[71.6968,39.91389999312024],[71.67519999999999,39.92579999312595],[71.6655,39.940199993132914],[71.68169999999999,39.95509999314006],[71.70690000000002,39.956099993140505],[71.72409999999999,39.96269999314368],[71.72559999999999,39.963499993144104]]],[[[71.061,39.90419999311559],[71.0539,39.90019999311371],[71.04989999999997,39.89799999311263],[71.03619999999998,39.88759999310762],[71.0218,39.880799993104375],[71.0092,39.885699993106705],[71.00769999999997,39.91119999311897],[71.0502,39.96279999314379],[71.04589999999999,39.99199999315777],[71.0344,39.9989999931611],[71.00769999999997,40.003499993163274],[70.9944,40.00889999316586],[70.9833,40.02139999317185],[70.9584,40.06299999319178],[70.953,40.07919999319952],[70.9541,40.09579999320748],[70.9599,40.11339999321588],[70.97710000000001,40.144599993230756],[71.0085,40.157699993236996],[71.01110000000001,40.15649999323647],[71.0311,40.14689999323185],[71.04809999999999,40.12249999322022],[71.06169999999999,40.09519999320717],[71.079,40.07859999319926],[71.1045,40.065599993193025],[71.106,40.06489999319271],[71.1622,40.04679999318402],[71.1694,40.042799993182115],[71.17689999999999,40.041999993181726],[71.18199999999999,40.043399993182376],[71.19279999999999,40.05029999318569],[71.2237,40.05789999318934],[71.23629999999999,40.05599999318843],[71.2439,40.04669999318399],[71.2374,40.0310999931765],[71.191,40.00619999316461],[71.18060000000001,39.998399993160824],[71.1748,39.99399999315872],[71.1748,39.993099993158324],[71.17689999999999,39.968099993146296],[71.1949,39.95329999313917],[71.1983,39.95049999313784],[71.2212,39.931599993128756],[71.21909999999998,39.900899993114024],[71.2086,39.88869999310815],[71.19459999999998,39.88479999310626],[71.16110000000002,39.88429999310603],[71.11359999999998,39.87439999310126],[71.09879999999997,39.875499993101805],[71.08729999999998,39.883799993105804],[71.0848,39.89489999311112],[71.0835,39.89719999311224],[71.0801,39.90339999311521],[71.061,39.90419999311559]]]]}},{"type":"Feature","properties":{"ADMIN":"TUR","ISO_A3":"TKM","admin_source":"World Bank GAD, artifact wb_boundaries_20260820","admin_units":"Ahal, Balkan, Chardzhou, Mary, Tashauz","epm_zone":"TUR","epm_country":"TUR","split_rationale":"Single national system; modelled as one node, exporting to Afghanistan and Iran. (Zone code TUR is the model's label for Turkmenistan - the ISO3 is TKM.)","grid_area":"Turkmenistan national grid","model_plants":"Mary, Ahal, Derweze, Balkanabat, Turkmenbashi, Dashoguz, Lebap"},"geometry":{"type":"MultiPolygon","coordinates":[[[[62.4588,35.281799990778595],[62.4318,35.28069999077801],[62.39940000000001,35.25589999076518],[62.301799999999986,35.14759999070912],[62.29910000000001,35.146299990708414],[62.28640000000001,35.140599990705475],[62.27559999999999,35.150999990710886],[62.25679999999999,35.187099990729514],[62.25110000000001,35.20239999073746],[62.2525,35.24279999075839],[62.25110000000001,35.26039999076751],[62.2442,35.27809999077665],[62.23379999999998,35.29369999078474],[62.219,35.30629999079126],[62.164,35.326199990801555],[62.1362,35.341399990809464],[62.03359999999999,35.42389999085213],[62.0074,35.43899999085999],[61.9778,35.45099999086621],[61.95469999999999,35.45129999086635],[61.9195,35.45179999086665],[61.79889999999999,35.41749999084884],[61.7534,35.414599990847314],[61.7395,35.41379999084696],[61.604899999999994,35.430699990855686],[61.53859999999999,35.45229999086685],[61.492599999999996,35.49419999088856],[61.4892,35.49669999088989],[61.447599999999994,35.52789999090604],[61.439,35.534399990909364],[61.4278,35.542899990913796],[61.41729999999998,35.54659999091568],[61.4126,35.548299990916554],[61.40109999999999,35.54989999091741],[61.39320000000001,35.55359999091932],[61.3802,35.567299990926415],[61.3799,35.571299990928495],[61.3838,35.58209999093408],[61.383499999999984,35.58649999093639],[61.376999999999995,35.5911999909388],[61.37489999999998,35.592699990939614],[61.36759999999999,35.59789999094227],[61.36399999999999,35.59819999094243],[61.351400000000005,35.60709999094701],[61.36079999999998,35.620999990954246],[61.3563,35.62429999095594],[61.351400000000005,35.6278999909578],[61.344199999999994,35.63089999095934],[61.335599999999985,35.63089999095934],[61.2834,35.62259999095508],[61.2697,35.61859999095298],[61.2452,35.649299990968885],[61.2319,35.67189999098057],[61.22929999999999,35.69659999099337],[61.228999999999985,35.69859999099444],[61.23299999999999,35.70459999099753],[61.24100000000001,35.71089999100081],[61.2467,35.71539999100311],[61.2496,35.7224999910068],[61.2496,35.74579999101887],[61.25119999999999,35.751399991021756],[61.2533,35.75869999102553],[61.25639999999999,35.76949999103111],[61.25600000000001,35.77939999103622],[61.252300000000005,35.7835999910384],[61.2496,35.786699991039995],[61.25600000000001,35.80919999105164],[61.25569999999999,35.82529999106],[61.251699999999985,35.8403999910678],[61.250099999999996,35.853999991074836],[61.24739999999999,35.87609999108627],[61.24089999999999,35.893899991095516],[61.232299999999995,35.910599991104185],[61.22179999999999,35.92449999111133],[61.205600000000004,35.94049999111962],[61.18840000000001,35.9535999911264],[61.16819999999998,35.96229999113091],[61.1437,35.9653999911325],[61.136099999999985,35.96819999113391],[61.1297,35.97049999113513],[61.14159999999999,35.98229999114123],[61.1617,35.99589999114825],[61.17219999999998,36.00499999115298],[61.173999999999985,36.00649999115373],[61.17470000000001,36.01579999115859],[61.171099999999996,36.035999991169035],[61.17190000000001,36.039299991170694],[61.173999999999985,36.047999991175224],[61.180400000000006,36.05269999117767],[61.18119999999998,36.0529999911778],[61.1898,36.05569999117919],[61.198100000000004,36.06079999118184],[61.202000000000005,36.07159999118745],[61.2024,36.080799991192194],[61.20440000000001,36.088899991196364],[61.20709999999998,36.099499991201824],[61.2135,36.10679999120562],[61.22289999999999,36.11759999121121],[61.224700000000006,36.12369999121432],[61.22289999999999,36.12889999121703],[61.222,36.139599991222546],[61.2204,36.15889999123252],[61.21259999999999,36.19179999124957],[61.205600000000004,36.22099999126464],[61.190899999999985,36.24059999127475],[61.1903,36.24249999127576],[61.18759999999999,36.25039999127981],[61.187499999999986,36.25839999128394],[61.187299999999986,36.27359999129181],[61.185500000000005,36.2839999912972],[61.181499999999986,36.294399991302576],[61.171099999999996,36.306499991308826],[61.1632,36.311599991311404],[61.1604,36.31249999131191],[61.1534,36.31489999131313],[61.159699999999994,36.32629999131906],[61.160999999999994,36.32859999132021],[61.159399999999984,36.331899991321905],[61.15050000000001,36.34949999133099],[61.14660000000001,36.35729999133502],[61.14929999999998,36.37999999134674],[61.15189999999998,36.402699991358475],[61.1524,36.40639999136038],[61.16180000000001,36.4415999913785],[61.1664,36.45869999138734],[61.1694,36.469899991393106],[61.173999999999985,36.486799991401845],[61.16779999999999,36.50179999140957],[61.1664,36.51379999141576],[61.16849999999999,36.51909999141846],[61.1707,36.52439999142122],[61.177399999999984,36.53439999142637],[61.18220000000001,36.54159999143008],[61.18469999999999,36.548399991433605],[61.18569999999998,36.55119999143503],[61.1862,36.55279999143586],[61.18759999999999,36.56509999144219],[61.18580000000001,36.57769999144871],[61.173999999999985,36.60229999146138],[61.16570000000001,36.63629999147885],[61.1467,36.6386999914801],[61.1093,36.64349999148255],[61.075299999999984,36.64779999148479],[60.34359999999999,36.63719999147934],[60.3424,36.63719999147934],[60.3092,36.65189999148692],[60.28869999999999,36.68109999150193],[60.2596,36.74239999153349],[60.23870000000001,36.76969999154753],[60.1325,36.87349999160085],[60.086400000000005,36.92999999162992],[60.04899999999999,36.99399999166277],[60.01909999999999,37.02589999167911],[59.9816,37.03889999168576],[59.94570000000001,37.043999991688366],[59.91689999999999,37.04809999169049],[59.899599999999985,37.050599991691804],[59.86279999999999,37.067799991700625],[59.79730000000001,37.11219999172336],[59.76460000000001,37.12069999172769],[59.6533,37.149599991742484],[59.642500000000005,37.15019999174283],[59.6332,37.14619999174076],[59.621599999999994,37.13149999173324],[59.6144,37.12549999173018],[59.613400000000006,37.1252999917301],[59.60509999999999,37.12389999172936],[59.591499999999996,37.13229999173363],[59.5914,37.13229999173363],[59.5846,37.148899991742155],[59.579899999999995,37.16779999175178],[59.5727,37.183399991759785],[59.556099999999994,37.197699991767124],[59.5414,37.199899991768234],[59.5176,37.19249999176448],[59.5093,37.189899991763106],[59.501,37.19009999176324],[59.492799999999995,37.19359999176501],[59.47800000000001,37.20419999177048],[59.4618,37.20759999177218],[59.45890000000001,37.21479999177586],[59.4632,37.22959999178348],[59.468299999999985,37.23579999178659],[59.4694,37.24069999178911],[59.4445,37.264099991801075],[59.3819,37.305599991822305],[59.370400000000004,37.31939999182936],[59.35059999999999,37.38839999186458],[59.348399999999984,37.409199991875184],[59.3516,37.42039999188088],[59.36209999999998,37.43919999189048],[59.353100000000005,37.45849999190033],[59.3563,37.48069999191163],[59.3516,37.49379999191832],[59.332199999999986,37.51509999192917],[59.315400000000004,37.52799999193573],[59.31239999999999,37.53029999193691],[59.28939999999999,37.5351999919394],[59.24449999999999,37.51879999193105],[59.23319999999999,37.51469999192896],[59.2116,37.5162999919298],[59.078399999999995,37.59269999196867],[59.0457,37.61959999198233],[59.0456,37.61959999198233],[59.0345,37.62449999198486],[59.01369999999999,37.62709999198617],[59.0057,37.62809999198667],[58.9924,37.6314999919884],[58.97799999999999,37.63949999199249],[58.9393,37.653799991999755],[58.93869999999998,37.65399999199981],[58.879000000000005,37.664799992005335],[58.86099999999999,37.668099992006994],[58.8165,37.68779999201703],[58.801199999999994,37.69459999202045],[58.7954,37.68769999201698],[58.7933,37.67279999200941],[58.78000000000001,37.65969999200275],[58.7633,37.656799992001254],[58.7591,37.6560999920009],[58.75269999999998,37.65709999200142],[58.7378,37.65939999200259],[58.72629999999999,37.65939999200259],[58.713,37.648799991997194],[58.70439999999999,37.64469999199511],[58.68169999999999,37.6426999919941],[58.6682,37.64429999199492],[58.65899999999999,37.64539999199545],[58.6158,37.659499992002644],[58.56579999999999,37.6948999920206],[58.54970000000001,37.701399992023894],[58.54919999999999,37.70159999202402],[58.529799999999994,37.700299992023375],[58.51429999999999,37.69139999201886],[58.5024,37.67739999201173],[58.493,37.66069999200325],[58.4797,37.64409999199479],[58.4624,37.637499991991426],[58.42540000000001,37.63459999198998],[58.40469999999999,37.63289999198911],[58.3798,37.630999991988126],[58.3717,37.63029999198781],[58.3577,37.63329999198932],[58.3314,37.648199991996876],[58.31879999999999,37.6530999919994],[58.240999999999985,37.66229999200406],[58.22379999999999,37.66739999200668],[58.2068,37.67869999201238],[58.201799999999984,37.690199992018215],[58.201799999999984,37.703899992025185],[58.19929999999999,37.72219999203448],[58.17980000000001,37.752999992050086],[58.179099999999984,37.76069999205401],[58.18130000000001,37.76789999205763],[58.18130000000001,37.77489999206121],[58.1734,37.781599992064635],[58.156800000000004,37.78819999206796],[58.1477,37.78979999206877],[58.14059999999999,37.791099992069434],[58.12709999999999,37.79199999206991],[58.114099999999986,37.79299999207039],[58.10680000000001,37.793499992070664],[58.091999999999985,37.796199992072026],[58.0409,37.80559999207676],[58.040299999999995,37.80589999207693],[58.004,37.81969999208393],[57.8843,37.86529999210704],[57.84989999999999,37.87259999211072],[57.849399999999996,37.872799992110814],[57.81909999999999,37.869599992109244],[57.79999999999999,37.867599992108225],[57.78490000000001,37.87259999211072],[57.779199999999996,37.87879999211385],[57.77020000000001,37.8938999921215],[57.762999999999984,37.89939999212426],[57.75470000000001,37.90099999212509],[57.7528,37.900599992124896],[57.73850000000001,37.89799999212359],[57.7298,37.89869999212394],[57.69349999999999,37.91899999213423],[57.6913,37.92029999213486],[57.6762,37.920399992134904],[57.67549999999999,37.92029999213486],[57.6611,37.91739999213336],[57.61249999999999,37.916599992132994],[57.561399999999985,37.92809999213881],[57.5546,37.92889999213921],[57.54480000000001,37.92999999213972],[57.5067,37.92389999213668],[57.496199999999995,37.922299992135876],[57.35260000000001,37.96749999215872],[57.327000000000005,37.99409999217216],[57.3468,38.046899992198796],[57.3493,38.063499992207156],[57.344300000000004,38.08099999221604],[57.323,38.105199992228236],[57.3115,38.13489999224319],[57.2788,38.16299999225735],[57.26689999999999,38.17689999226434],[57.248900000000006,38.21149999228173],[57.22579999999999,38.24239999229727],[57.2215,38.25109999230168],[57.2212,38.258599992305456],[57.2183,38.26499999230861],[57.2071,38.270699992311485],[57.190699999999985,38.27519999231373],[57.1859,38.27649999231442],[57.1751,38.277599992314954],[57.16389999999999,38.27649999231442],[57.1466,38.269699992311004],[57.13479999999999,38.25969999230599],[57.1146,38.232099992292085],[57.10269999999999,38.221899992286964],[57.070299999999996,38.205099992278534],[57.063100000000006,38.19979999227583],[57.0566,38.19519999227351],[57.0383,38.18729999226957],[57.0181,38.189699992270796],[56.9997,38.19579999227386],[56.97849999999999,38.20279999227738],[56.82800000000001,38.224899992288464],[56.8122,38.22899999229051],[56.77799999999999,38.244399992298284],[56.7391,38.26959999231093],[56.7294,38.27099999231168],[56.722,38.26999999231115],[56.708199999999984,38.268199992310215],[56.681499999999986,38.26459999230846],[56.6435,38.251499992301866],[56.61719999999999,38.24239999229727],[56.60119999999999,38.236799992294465],[56.585,38.234499992293316],[56.5717,38.239499992295805],[56.545100000000005,38.25409999230319],[56.528200000000005,38.25739999230477],[56.43639999999999,38.25499999230363],[56.4059,38.24589999229906],[56.4,38.24409999229811],[56.366499999999995,38.22549999228877],[56.30349999999999,38.17939999226558],[56.297,38.16569999225871],[56.32439999999999,38.141099992246325],[56.3291,38.12379999223757],[56.3255,38.105199992228236],[56.3154,38.0893999922203],[56.30519999999999,38.08339999221724],[56.2999,38.080299992215686],[56.214199999999984,38.06879999220987],[56.1977,38.07069999221081],[56.16199999999999,38.08239999221674],[56.12139999999999,38.08639999221872],[55.97839999999999,38.06579999220837],[55.962999999999994,38.06649999220871],[55.9489,38.07009999221051],[55.92189999999999,38.081399992216205],[55.904999999999994,38.08559999221833],[55.85419999999999,38.085999992218525],[55.8395,38.08989999222049],[55.800200000000004,38.10769999222945],[55.738299999999995,38.11859999223499],[55.735800000000005,38.11859999223499],[55.70879999999999,38.11859999223499],[55.6396,38.10719999222923],[55.5108,38.085899992218486],[55.5081,38.08579999221843],[55.495799999999996,38.08529999221821],[55.45089999999999,38.083799992217415],[55.447399999999995,38.08369999221739],[55.42300000000001,38.07579999221338],[55.34879999999999,38.03049999219052],[55.3283,38.022199992186344],[55.3074,38.00869999217952],[55.29619999999999,38.007599992178974],[55.250499999999995,37.995399992172835],[55.228899999999996,37.98579999216795],[55.2236,37.97689999216347],[55.21959999999999,37.969899992159945],[55.2148,37.96849999215925],[55.2073,37.966199992158096],[55.1497,37.95749999215364],[55.13029999999999,37.952299992151055],[55.121599999999994,37.944699992147164],[55.11919999999999,37.940599992145124],[55.110800000000005,37.926399992137945],[55.10359999999999,37.91879999213408],[55.0928,37.91559999213251],[55.08220000000001,37.91409999213173],[55.0788,37.91369999213149],[55.0666,37.9083999921288],[55.0638,37.90099999212509],[55.0615,37.89479999212195],[55.053599999999996,37.88439999211668],[55.038699999999984,37.871299992110046],[55.00679999999999,37.843099992095766],[54.85669999999998,37.76109999205419],[54.82679999999999,37.735199992041075],[54.81349999999999,37.718599992032665],[54.8081,37.702799992024666],[54.803799999999995,37.68289999201455],[54.78719999999999,37.651799991998715],[54.787899999999986,37.63809999199176],[54.78830000000001,37.630799991988034],[54.7919,37.625299991985244],[54.803799999999995,37.61689999198096],[54.8049,37.6151999919801],[54.8081,37.6102999919776],[54.80949999999999,37.60329999197409],[54.8081,37.57929999196187],[54.8052,37.56509999195464],[54.798700000000004,37.55309999194854],[54.797599999999996,37.55109999194752],[54.79149999999999,37.53989999194181],[54.78830000000001,37.52459999193401],[54.784499999999994,37.51879999193105],[54.78359999999999,37.51739999193034],[54.7721,37.50979999192651],[54.758399999999995,37.500499991921735],[54.74529999999999,37.493699991918255],[54.722,37.48149999191205],[54.7109,37.47559999190906],[54.69830000000001,37.4662999919043],[54.67849999999999,37.45999999190107],[54.6541,37.43889999189034],[54.653999999999996,37.43889999189034],[54.63889999999999,37.43329999188749],[54.61689999999999,37.432999991887314],[54.55609999999999,37.44359999189273],[54.5479,37.44259999189226],[54.533399999999986,37.44089999189135],[54.364200000000004,37.362699991851464],[54.3286,37.353299991846676],[54.3062,37.35309999184659],[54.2832,37.35559999184785],[54.261599999999994,37.35489999184748],[54.24289999999999,37.34499999184241],[54.22449999999999,37.330699991835104],[54.2065,37.32449999183193],[54.1962,37.32409999183179],[54.18670000000001,37.32369999183155],[53.9138,37.34269999184126],[53.8998,37.46829999190535],[53.88969999999998,37.50809999192562],[53.871,37.54779999194583],[53.8652,37.5671999919557],[53.860600000000005,37.611299991978115],[53.82489999999999,37.74479999204597],[53.8218,37.796199992072026],[53.814299999999996,37.91789999213364],[53.8073,38.03189999219126],[53.8102,38.048399992199556],[53.8238,38.08159999221628],[53.83429999999999,38.13019999224083],[53.858799999999995,38.20649999227922],[53.8552,38.2336999922929],[53.866299999999995,38.26499999230861],[53.8681,38.30799999233019],[53.8616,38.38939999237108],[53.852599999999995,38.40329999237801],[53.8454,38.422299992387515],[53.84329999999999,38.442599992397675],[53.8282,38.5035999924282],[53.8271,38.525499992439116],[53.836099999999995,38.606199992479425],[53.84759999999999,38.64629999249938],[53.86309999999999,38.6792999925158],[53.90990000000001,38.73769999254486],[53.9268,38.77359999256269],[53.9171,38.80349999257751],[53.9318,38.81299999258221],[53.9398,38.83099999259118],[53.9455,38.85129999260127],[53.9545,38.86779999260943],[53.9657,38.88189999261638],[53.9776,38.90169999262617],[53.98259999999999,38.91599999263327],[53.972899999999996,38.91339999263201],[53.9714,38.93419999264227],[53.9581,38.94449999264735],[53.9232,38.9543999926523],[53.9171,38.96739999265868],[53.906499999999994,38.97089999266041],[53.8998,38.973099992661496],[53.89660000000001,38.97409999266204],[53.88720000000001,38.988599992669116],[53.884,38.9981999926739],[53.88249999999999,39.00899999267925],[53.871,39.028299992688765],[53.861999999999995,39.033899992691516],[53.85979999999999,39.03519999269216],[53.85649999999999,39.035299992692195],[53.82099999999999,39.03619999269268],[53.7875,39.04249999269576],[53.777,39.0390999926941],[53.772000000000006,39.03309999269113],[53.76729999999999,39.03089999269003],[53.756499999999996,39.03939999269427],[53.747899999999994,39.054399992701626],[53.7461,39.05859999270369],[53.7326,39.09059999271947],[53.730199999999996,39.09619999272221],[53.72809999999998,39.10129999272473],[53.721999999999994,39.11129999272966],[53.712199999999996,39.104299992726254],[53.7138,39.09599999272211],[53.71509999999999,39.08859999271849],[53.72409999999999,39.07209999271039],[53.731999999999985,39.06299999270588],[53.731999999999985,39.056699992702775],[53.7158,39.063399992706096],[53.70139999999999,39.078399992713436],[53.6946,39.096999992722644],[53.702299999999994,39.116399992732184],[53.70539999999998,39.124199992736024],[53.7002,39.13559999274161],[53.6971,39.14239999274497],[53.6978,39.152299992749825],[53.704,39.158599992752926],[53.730999999999995,39.1721999927596],[53.731999999999985,39.17269999275987],[53.731199999999994,39.17279999275995],[53.70249999999999,39.174999992760974],[53.70219999999999,39.19619999277141],[53.7138,39.219999992783116],[53.724499999999985,39.24169999279371],[53.704,39.23269999278933],[53.69659999999999,39.22829999278719],[53.69179999999999,39.22549999278581],[53.676199999999994,39.216199992781256],[53.66,39.200399992773484],[53.6679,39.19639999277152],[53.6741,39.193299992770015],[53.6838,39.083399992715954],[53.6723,39.0985999927234],[53.6474,39.1238999927359],[53.6359,39.13869999274312],[53.63119999999999,39.156599992751914],[53.6305,39.16939999275826],[53.6302,39.17669999276184],[53.6233,39.19159999276918],[53.614799999999995,39.19229999276953],[53.601699999999994,39.193299992770015],[53.6071,39.20579999277611],[53.610400000000006,39.221799992784],[53.60909999999999,39.2311999927886],[53.608599999999996,39.23569999279082],[53.598499999999994,39.24169999279371],[53.592699999999994,39.234999992790456],[53.5922,39.23389999278988],[53.576499999999996,39.203399992774976],[53.567499999999995,39.193299992770015],[53.56389999999999,39.21669999278149],[53.5686,39.24629999279601],[53.569599999999994,39.24919999279745],[53.58800000000001,39.30309999282385],[53.5731,39.291899992818365],[53.56069999999999,39.28259999281382],[53.565999999999995,39.29349999281914],[53.57719999999999,39.3166999928305],[53.58120000000001,39.3303999928372],[53.553799999999995,39.32369999283389],[53.565000000000005,39.345199992844414],[53.5621,39.3532999928484],[53.5499,39.34829999284593],[53.5333,39.3303999928372],[53.5328,39.330999992837505],[53.5261,39.337899992840875],[53.515,39.332699992838336],[53.49569999999999,39.331699992837834],[53.4804,39.330899992837395],[53.47140000000001,39.3303999928372],[53.4523,39.31799999283112],[53.44330000000001,39.31869999283146],[53.443999999999996,39.337899992840875],[53.43719999999999,39.337899992840875],[53.4296,39.327899992836],[53.41879999999998,39.31799999283112],[53.4052,39.31129999282788],[53.38929999999999,39.31059999282749],[53.3944,39.316999992830624],[53.40299999999999,39.337899992840875],[53.3753,39.337899992840875],[53.3616,39.3303999928372],[53.3515,39.342199992842986],[53.347899999999996,39.34419999284394],[53.309,39.33069999283734],[53.293199999999985,39.3303999928372],[53.293199999999985,39.337899992840875],[53.299299999999995,39.345199992844414],[53.29679999999999,39.348999992846295],[53.26479999999999,39.35279999284814],[53.2496,39.361799992852575],[53.238499999999995,39.364599992853925],[53.21869999999999,39.363799992853515],[53.19299999999999,39.35779999285064],[53.1701,39.352499992848],[53.154999999999994,39.34629999284498],[53.1499,39.34419999284394],[53.15769999999999,39.34029999284203],[53.1859,39.3262999928352],[53.1956,39.324199992834146],[53.1978,39.32369999283389],[53.1818,39.30419999282438],[53.1794,39.30129999282295],[53.173,39.28819999281656],[53.1727,39.286599992815766],[53.1704,39.27219999280869],[53.1722,39.255499992800495],[53.1841,39.21379999278005],[53.1816,39.18929999276805],[53.1719,39.17749999276225],[53.16139999999999,39.179599992763286],[53.137,39.32139999283278],[53.130500000000005,39.33339999283867],[53.0887,39.383299992863094],[53.0851,39.40039999287141],[53.094800000000006,39.41989999288092],[53.098,39.42309999288251],[53.104200000000006,39.42929999288554],[53.133,39.45049999289586],[53.145199999999996,39.483999992912196],[53.1654,39.49669999291836],[53.1784,39.51559999292759],[53.19659999999998,39.55479999294664],[53.21469999999999,39.59349999296547],[53.24169999999999,39.63629999298624],[53.256099999999996,39.64829999299203],[53.2759,39.664899993000105],[53.2808,39.664099992999695],[53.3137,39.65889999299719],[53.29279999999999,39.64989999299281],[53.27739999999999,39.63929999298767],[53.2519,39.611499992974196],[53.2486,39.60789999297242],[53.24419999999999,39.599599992968415],[53.23899999999999,39.58279999296026],[53.23519999999999,39.57069999295439],[53.22619999999999,39.562999992950665],[53.21110000000001,39.55009999294436],[53.216899999999995,39.525099992932184],[53.25399999999999,39.521199992930306],[53.36339999999999,39.53809999293851],[53.4268,39.53589999293748],[53.4469,39.53049999293485],[53.45879999999999,39.51779999292864],[53.46739999999999,39.50229999292107],[53.4782,39.4886999929145],[53.491699999999994,39.480999992910725],[53.49229999999999,39.480699992910566],[53.5092,39.47659999290862],[53.5109,39.476499992908565],[53.550599999999996,39.47459999290759],[53.56790000000001,39.46769999290426],[53.57719999999999,39.467799992904276],[53.58120000000001,39.47779999290917],[53.581,39.48009999291028],[53.580499999999994,39.48799999291412],[53.57719999999999,39.49529999291769],[53.5715,39.49969999291984],[53.56069999999999,39.50169999292083],[53.57359999999999,39.52719999293321],[53.58619999999999,39.52379999293159],[53.599599999999995,39.5077999929238],[53.602899999999984,39.50499999292244],[53.615399999999994,39.49489999291753],[53.634499999999996,39.49529999291769],[53.64809999999999,39.5055999929227],[53.6636,39.517299992928386],[53.6781,39.520799992930144],[53.6838,39.5221999929308],[53.7158,39.50919999292447],[53.724499999999985,39.508599992924154],[53.736399999999996,39.51789999292869],[53.7331,39.52789999293358],[53.7227,39.537099992938074],[53.711499999999994,39.54339999294106],[53.69919999999999,39.54729999294298],[53.68919999999999,39.55039999294455],[53.6471,39.55829999294835],[53.62910000000001,39.57069999295439],[53.6453,39.57489999295639],[53.6546,39.58199999295988],[53.65469999999999,39.58249999296011],[53.6554,39.592899992965165],[53.64639999999999,39.60789999297242],[53.643899999999995,39.609799992973365],[53.632999999999996,39.618199992977445],[53.619699999999995,39.620499992978594],[53.5715,39.61639999297657],[53.5682,39.622699992979626],[53.567499999999995,39.64239999298919],[53.564600000000006,39.652599992994126],[53.5564,39.66449999299987],[53.54559999999999,39.674899993004914],[53.5333,39.68049999300768],[53.53980000000001,39.64629999299111],[53.53980000000001,39.63209999298421],[53.5333,39.63209999298421],[53.497,39.67649999300568],[53.47099999999999,39.69639999301532],[53.4613,39.698099993016186],[53.443999999999996,39.70109999301761],[53.4482,39.69239999301338],[53.4577,39.67299999300399],[53.43000000000001,39.68659999301058],[53.4304,39.667699993001456],[53.4491,39.64859999299217],[53.45089999999998,39.63209999298421],[53.416700000000006,39.64999999299286],[53.41269999999999,39.68559999301012],[53.43000000000001,39.76249999304733],[53.418099999999995,39.75729999304479],[53.405899999999995,39.75579999304408],[53.39330000000001,39.7574999930449],[53.382099999999994,39.76249999304733],[53.382099999999994,39.769199993050556],[53.41519999999999,39.782099993056775],[53.4168,39.78379999305758],[53.44469999999999,39.81399999307219],[53.4464,39.81589999307307],[53.46739999999999,39.83859999308405],[53.49909999999999,39.865499993096975],[53.4937,39.8706999930995],[53.489799999999995,39.877399993102735],[53.4851,39.88539999310654],[53.5027,39.89159999310954],[53.5102,39.89199999310975],[53.5229,39.892899993110156],[53.537299999999995,39.89629999311182],[53.536899999999996,39.903699993115374],[53.531499999999994,39.909899993118366],[53.5308,39.91069999311873],[53.5261,39.91259999311965],[53.537299999999995,39.92489999312559],[53.5528,39.936199993131],[53.56719999999999,39.949499993137394],[53.574400000000004,39.96779999314617],[53.56069999999999,39.961099993142916],[53.54379999999999,39.97429999314926],[53.529,39.97699999315056],[53.491899999999994,39.97469999314948],[53.475,39.97909999315161],[53.452,39.99549999315945],[53.43719999999999,40.00259999316283],[53.41960000000001,40.00649999316469],[53.40229999999999,40.00679999316486],[53.3854,40.00299999316302],[53.36880000000001,39.99519999315927],[53.3267,39.95869999314182],[53.31049999999998,39.95349999313931],[53.28999999999999,39.94209999313382],[53.282799999999995,39.93989999313275],[53.27479999999999,39.94209999313382],[53.2572,39.95149999313833],[53.237399999999994,39.95769999314131],[53.1722,39.99749999316044],[53.15529999999999,39.99229999315793],[53.1406,39.98099999315251],[53.12579999999999,39.97469999314948],[53.053399999999996,39.96779999314617],[53.065000000000005,39.98399999315392],[53.0665,39.98509999315447],[53.0819,39.99519999315927],[53.06699999999999,39.99149999315751],[53.0124,39.97799999315108],[52.974999999999994,39.97429999314926],[52.9436,39.98159999315276],[52.9309,40.004899993163946],[52.9274,40.011199993166976],[52.9138,40.02159999317195],[52.896100000000004,40.00879999316584],[52.8958,39.99829999316078],[52.90299999999999,39.984899993154336],[52.9044,39.98309999315346],[52.9199,39.96449999314458],[52.9235,39.9524999931388],[52.9303,39.89589999311156],[52.93610000000001,39.88759999310762],[52.96449999999999,39.85819999309346],[52.974999999999994,39.85179999309037],[52.9827,39.84049999308494],[52.9986,39.817399993073835],[53.0018,39.812599993071515],[53.0124,39.797299993064094],[53.016099999999994,39.79469999306285],[53.053399999999996,39.769199993050556],[53.053399999999996,39.76249999304733],[53.0059,39.782899993057164],[53.0192,39.77539999305353],[53.047,39.74819999304038],[53.0401,39.741999993037375],[53.008100000000006,39.766299993049124],[52.9948,39.780199993055845],[52.9663,39.83289999308126],[52.95259999999999,39.8464999930878],[52.917,39.85839999309357],[52.9051,39.87449999310133],[52.8983,39.89539999311138],[52.893899999999995,39.926699993126405],[52.8929,39.934199993129994],[52.8842,39.94479999313514],[52.8148,39.987699993155715],[52.795399999999994,39.99959999316145],[52.78779999999999,40.004299993163684],[52.7637,40.02359999317294],[52.7532,40.03199999317694],[52.73839999999999,40.05359999318729],[52.7418,40.072999993196575],[52.74580000000001,40.095999993207556],[52.745999999999995,40.096899993208005],[52.7539,40.12109999321951],[52.761799999999994,40.13579999322657],[52.7636,40.14059999322884],[52.768299999999996,40.15369999323508],[52.76689999999999,40.1563999932364],[52.758199999999995,40.17249999324406],[52.73089999999999,40.20069999325751],[52.7401,40.20719999326059],[52.7435,40.209499993261666],[52.7399,40.217099993265315],[52.7388,40.21939999326641],[52.7179,40.23539999327405],[52.6988,40.2737999932923],[52.7021,40.31239999331059],[52.7366,40.48459999339203],[52.74649999999999,40.50829999340324],[52.7503,40.517699993407646],[52.7726,40.5506999934232],[52.83239999999999,40.61449999345313],[52.863,40.657999993473595],[52.868,40.694099993490454],[52.8661,40.695399993491066],[52.8594,40.699999993493236],[52.8331,40.704799993495456],[52.82770000000001,40.71139999349852],[52.829899999999995,40.72059999350287],[52.8341,40.730899993507656],[52.83529999999999,40.73389999350906],[52.8374,40.73899999351143],[52.8371,40.742499993513114],[52.83239999999999,40.745499993514514],[52.84539999999999,40.75159999351734],[52.85649999999998,40.75499999351896],[52.86160000000001,40.75649999351965],[52.868,40.755499993519166],[52.8702,40.76509999352368],[52.8688,40.775799993528636],[52.868199999999995,40.77699999352917],[52.86189999999999,40.790299993535434],[52.8857,40.865399993570385],[52.9235,40.94109999360551],[52.9314,40.975599993621486],[52.917,41.04499999365356],[52.91680000000001,41.067999993664216],[52.9167,41.07199999366606],[52.916599999999995,41.085099993672095],[52.95159999999999,41.06879999366458],[52.961299999999994,41.0608999936609],[52.9656,41.04929999365559],[52.964299999999994,41.04489999365356],[52.95879999999999,41.02649999364503],[52.95799999999999,41.01619999364027],[52.9582,41.01589999364016],[52.96809999999999,40.997499993631614],[52.968499999999985,40.99689999363134],[52.970699999999994,40.99479999363041],[53.01199999999999,40.95469999361183],[53.0166,40.94509999360739],[53.02,40.937999993604095],[53.02319999999999,40.927599993599266],[53.030699999999996,40.90329999358796],[53.0318,40.89969999358631],[53.0401,40.885899993579905],[53.042199999999994,40.884799993579406],[53.04239999999999,40.88469999357935],[53.064899999999994,40.87279999357385],[53.0722,40.86899999357206],[53.074299999999994,40.865399993570385],[53.09989999999999,40.865099993570226],[53.111399999999996,40.867099993571145],[53.12179999999999,40.87229999357356],[53.106399999999994,40.858199993567005],[53.1018,40.856999993566454],[53.0819,40.851499993563934],[53.0698,40.84619999356145],[53.06459999999999,40.84389999356036],[53.070699999999995,40.8278999935529],[53.09409999999998,40.812299993545665],[53.102,40.80389999354174],[53.104200000000006,40.79479999353752],[53.104200000000006,40.783499993532246],[53.10739999999999,40.77379999352771],[53.11899999999999,40.76979999352582],[53.163199999999996,40.7668999935245],[53.1823,40.76839999352517],[53.2046,40.77609999352878],[53.24479999999999,40.80869999354401],[53.2458,40.80949999354438],[53.2496,40.81259999354581],[53.265800000000006,40.816999993547846],[53.2622,40.81109999354509],[53.2493,40.790299993535434],[53.2467,40.78119999353115],[53.24499999999999,40.77499999352828],[53.256099999999996,40.7688999935254],[53.330999999999996,40.77609999352878],[53.3361,40.77889999353011],[53.3396,40.780799993530955],[53.3403,40.79169999353608],[53.3411,40.80459999354207],[53.34429999999999,40.813899993546386],[53.3493,40.81929999354889],[53.354899999999994,40.82529999355171],[53.3591,40.82979999355378],[53.369899999999994,40.83519999355635],[53.382099999999994,40.83119999355446],[53.383199999999995,40.82559999355183],[53.376,40.80699999354322],[53.3753,40.79769999353887],[53.38389999999999,40.77819999352976],[53.39869999999999,40.762799993522606],[53.41849999999999,40.75229999351766],[53.4469,40.74649999351493],[53.4613,40.73689999351048],[53.47140000000001,40.73499999350958],[53.482899999999994,40.73699999351056],[53.505599999999994,40.74859999351593],[53.541599999999995,40.76159999352199],[53.5553,40.77349999352757],[53.56069999999999,40.7939999935371],[53.56029999999999,40.805299993542384],[53.5592,40.83679999355706],[53.56279999999999,40.852999993564616],[53.5699,40.86399999356972],[53.581700000000005,40.88279999357848],[53.5873,40.89159999358255],[53.592699999999994,40.89329999358334],[53.5994,40.89329999358334],[53.60529999999999,40.89329999358334],[53.61469999999999,40.89139999358247],[53.62479999999999,40.886999993580396],[53.6327,40.88129999357777],[53.6384,40.87259999357372],[53.6388,40.871999993573425],[53.6394,40.87179999357336],[53.6572,40.865399993570385],[53.657500000000006,40.85909999356743],[53.656699999999994,40.85759999356676],[53.6496,40.84489999356081],[53.65039999999999,40.84179999355939],[53.655,40.82389999355109],[53.6604,40.816199993547514],[53.67080000000001,40.810699993544915],[53.667199999999994,40.80479999354219],[53.6622,40.79659999353837],[53.6496,40.783499993532246],[53.6529,40.77849999352991],[53.6611,40.766099993524094],[53.67659999999999,40.725899993505344],[53.691,40.7077999934969],[53.7011,40.70309999349471],[53.7112,40.701699993494046],[53.7194,40.698299993492434],[53.7238,40.68919999348816],[53.724499999999985,40.687899993487534],[53.7236,40.68529999348636],[53.721999999999994,40.68069999348422],[53.717999999999996,40.674599993481344],[53.707899999999995,40.658999993474005],[53.704699999999995,40.64999999346983],[53.7055,40.64879999346928],[53.720400000000005,40.62639999345877],[53.72089999999999,40.625699993458426],[53.72129999999999,40.625699993458426],[53.7594,40.625699993458426],[53.769499999999994,40.62719999345913],[53.8038,40.632399993461554],[53.8048,40.63259999346166],[53.8596,40.626499993458786],[53.86269999999999,40.62609999345865],[53.86339999999999,40.626599993458825],[53.8752,40.63489999346277],[53.87929999999999,40.637899993464124],[53.891999999999996,40.65029999346997],[53.89479999999999,40.652999993471255],[53.937599999999996,40.67159999347993],[53.94769999999999,40.6735999934809],[53.957800000000006,40.67209999348019],[53.9855,40.66059999347481],[54.01069999999999,40.65789999347349],[54.030499999999996,40.66279999347579],[54.0492,40.66989999347914],[54.08019999999999,40.67609999348204],[54.0881,40.682199993484886],[54.0912,40.68709999348716],[54.0931,40.6900999934886],[54.095299999999995,40.69779999349221],[54.063199999999995,40.70839999349717],[54.05929999999999,40.71139999349852],[54.0542,40.71529999350038],[54.083200000000005,40.71439999349995],[54.1122,40.7133999934995],[54.1194,40.71429999349991],[54.1414,40.71689999350114],[54.1712,40.729599993507094],[54.227899999999984,40.72839999350653],[54.23180000000001,40.72829999350644],[54.2321,40.72829999350644],[54.235,40.725699993505266],[54.23389999999999,40.724199993504534],[54.2306,40.71929999350223],[54.2227,40.701599993493986],[54.217699999999994,40.69019999348863],[54.22160000000001,40.68709999348716],[54.2526,40.67649999348226],[54.358399999999996,40.6744999934813],[54.4034,40.6735999934809],[54.384,40.68279999348517],[54.3629,40.687899993487534],[54.36279999999999,40.687899993487534],[54.3629,40.68809999348769],[54.3703,40.6958999934913],[54.37499999999999,40.700799993493604],[54.415,40.70869999349727],[54.4255,40.717399993501374],[54.430400000000006,40.721399993503205],[54.40029999999999,40.720999993503014],[54.3623,40.72059999350287],[54.331100000000006,40.72009999350263],[54.31810000000001,40.72159999350332],[54.310599999999994,40.73059999350753],[54.30799999999999,40.752099993517554],[54.30769999999998,40.753499993518226],[54.30649999999999,40.75859999352064],[54.3037,40.770099993525974],[54.285,40.79739999353872],[54.278499999999994,40.82359999355094],[54.2699,40.837999993557595],[54.2688,40.839899993558475],[54.26839999999999,40.84129999355915],[54.2667,40.84689999356173],[54.266299999999994,40.84839999356245],[54.26839999999999,40.85499999356558],[54.26899999999999,40.85589999356592],[54.2746,40.86479999357011],[54.27309999999999,40.87229999357356],[54.267,40.87409999357445],[54.2607,40.87349999357412],[54.2569,40.87309999357392],[54.24830000000001,40.87499999357484],[54.2475,40.87909999357671],[54.2471,40.88109999357765],[54.2461,40.885899993579905],[54.25010000000001,40.89059999358211],[54.266299999999994,40.8912999935824],[54.27309999999999,40.89329999358334],[54.299,40.91609999359392],[54.3001,40.91669999359418],[54.3124,40.923899993597566],[54.3241,40.925699993598386],[54.331799999999994,40.92689999359893],[54.360599999999984,40.91709999359438],[54.3933,40.896899993585],[54.40819999999999,40.88779999358078],[54.42109999999999,40.87989999357712],[54.438,40.87969999357703],[54.4564,40.87059999357282],[54.4578,40.869899993572496],[54.46569999999999,40.86599999357067],[54.46629999999999,40.86329999356937],[54.468599999999995,40.85169999356398],[54.4564,40.83559999355653],[54.438,40.816999993547846],[54.44229999999999,40.816199993547514],[54.47509999999999,40.80989999354452],[54.59059999999999,40.82679999355243],[54.599199999999996,40.82919999355354],[54.60999999999999,40.83229999355496],[54.62449999999999,40.83649999355691],[54.63940000000001,40.83869999355795],[54.64000000000001,40.83879999355798],[54.6423,40.84189999355948],[54.657599999999995,40.86199999356882],[54.6997,40.87899999357666],[54.7091,40.88499999357949],[54.7465,40.932699993601595],[54.7508,40.93989999360501],[54.7559,40.948399993608945],[54.7602,40.9649999936166],[54.7601,40.9654999936168],[54.7568,40.97919999362316],[54.7562,40.9815999936243],[54.7469,40.99559999363079],[54.722,41.01999999364203],[54.6934,41.054999993658214],[54.69,41.059199993660144],[54.67809999999999,41.064599993662654],[54.67809999999999,41.070899993665584],[54.700399999999995,41.068299993664375],[54.7246,41.05929999366022],[54.7351,41.05369999365763],[54.767399999999995,41.03669999364975],[54.76089999999999,41.04539999365378],[54.7325,41.064599993662654],[54.72379999999999,41.07479999366737],[54.718599999999995,41.08479999367195],[54.7184,41.085099993672095],[54.719899999999996,41.091899993675206],[54.71999999999999,41.09209999367533],[54.7202,41.09229999367544],[54.7242,41.09789999367801],[54.7292,41.10099999367944],[54.7305,41.09979999367883],[54.7325,41.09809999367807],[54.7307,41.09989999367889],[54.72619999999999,41.10449999368104],[54.7159,41.115099993685895],[54.6886,41.12129999368875],[54.66069999999999,41.124299993690165],[54.65939999999999,41.12439999369015],[54.655499999999996,41.1258999936909],[54.6382,41.13219999369381],[54.636399999999995,41.13289999369408],[54.6351,41.15879999370602],[54.6349,41.1625999937078],[54.60039999999999,41.192299993721434],[54.5228,41.237599993742165],[54.4849,41.259699993752335],[54.45649999999999,41.27629999375987],[54.4387,41.28669999376467],[54.40059999999999,41.308999993774826],[54.31159999999999,41.33819999378816],[54.29469999999999,41.347399993792365],[54.258,41.37589999380536],[54.21159999999999,41.39579999381443],[54.19599999999999,41.40429999381829],[54.19069999999999,41.40719999381959],[54.1771,41.42619999382826],[54.1748,41.42939999382968],[54.152899999999995,41.454299993841026],[54.145,41.459699993843486],[54.1086,41.46539999384608],[54.0895,41.474699993850265],[54.074,41.48789999385625],[54.06110000000001,41.50279999386299],[54.0413,41.534599993877464],[54.03009999999999,41.5694999938932],[54.0258,41.60869999391089],[54.0257,41.62989999392049],[54.0256,41.65099999392998],[54.02539999999999,41.69509999394981],[54.023999999999994,41.70429999395396],[54.02079999999999,41.72419999396288],[54.0197,41.73149999396616],[54.00849999999999,41.76479999398109],[53.992299999999986,41.79699999399555],[53.9906,41.7991999939965],[53.98169999999999,41.81069999400163],[53.9623,41.83539999401268],[53.94439999999999,41.85829999402292],[53.937599999999996,41.872799994029364],[53.9322,41.88419999403444],[53.91020000000001,41.88929999403672],[53.90269999999999,41.89329999403852],[53.89869999999999,41.90539999404394],[53.91020000000001,41.93429999405678],[53.9031,41.970099994072655],[53.90269999999999,41.97199999407355],[53.91409999999999,41.99399999408331],[53.914899999999996,41.99549999408397],[53.9171,42.00679999408897],[53.9164,42.0233999940963],[53.91389999999999,42.03849999410301],[53.913599999999995,42.040499994103875],[53.9131,42.04329999410512],[53.907000000000004,42.06289999411377],[53.89660000000001,42.07879999412083],[53.86559999999999,42.10169999413093],[53.81880000000001,42.12439999414095],[53.768,42.13599999414606],[53.7263,42.12639999414182],[53.724499999999985,42.12599999414167],[53.713,42.13079999414381],[53.681999999999995,42.14389999414954],[53.6683,42.14219999414882],[53.6077,42.134599994145454],[53.4041,42.109199994134244],[53.3753,42.10559999413265],[53.3166,42.08219999412231],[53.31529999999999,42.081999994122235],[53.29679999999999,42.07879999412083],[53.2198,42.08139999412198],[53.16399999999999,42.10369999413186],[53.12179999999999,42.089999994125805],[53.1018,42.07629999411972],[53.08440000000001,42.06449999411447],[53.08129999999999,42.06189999411334],[53.0603,42.04419999410552],[52.98349999999999,41.99829999408518],[52.96019999999999,41.984299994078995],[52.9436,41.963399994069704],[52.9372,41.95529999406613],[52.8243,41.76929999398315],[52.821600000000004,41.76479999398109],[52.803999999999995,41.74479999397211],[52.7919,41.737599993968885],[52.78959999999999,41.73619999396831],[52.7852,41.729999993965514],[52.782000000000004,41.72549999396349],[52.776300000000006,41.70889999395605],[52.7737,41.70129999395259],[52.7694,41.67549999394102],[52.7696,41.67449999394056],[52.77119999999999,41.66719999393728],[52.7726,41.66049999393425],[52.784499999999994,41.66309999393544],[52.7857,41.6641999939359],[52.81029999999999,41.688399993946824],[52.815799999999996,41.69379999394924],[52.8207,41.69629999395035],[52.831,41.701399993952684],[52.856300000000005,41.699599993951836],[52.8762,41.69819999395122],[52.880599999999994,41.69779999395105],[52.90369999999999,41.689699993947364],[52.916599999999995,41.67419999394043],[52.91649999999999,41.672299993939596],[52.91609999999999,41.667799993937564],[52.9156,41.66079999393439],[52.91349999999999,41.65809999393317],[52.9001,41.640299993925154],[52.896100000000004,41.62939999392021],[52.898,41.61789999391506],[52.90299999999999,41.5884999939018],[52.9027,41.58699999390112],[52.90039999999999,41.57389999389522],[52.899,41.56589999389157],[52.8795,41.527999993874445],[52.83279999999999,41.43739999383333],[52.82770000000001,41.41729999382421],[52.82770000000001,41.41719999382418],[52.819199999999995,41.394699993813944],[52.81329999999999,41.37929999380694],[52.81549999999999,41.36959999380248],[52.8173,41.36579999380077],[52.82770000000001,41.34469999379115],[52.8371,41.30289999377206],[52.83899999999999,41.2848999937638],[52.83929999999999,41.28269999376281],[52.8439,41.24019999374333],[52.8506,41.22549999373663],[52.851499999999994,41.22359999373577],[52.855,41.21799999373322],[52.904,41.140199993697436],[52.90979999999998,41.122699993689444],[52.9081,41.116099993686376],[52.9044,41.10199999367987],[52.8832,41.07249999366628],[52.8831,41.0701999936652],[52.8824,41.05039999365609],[52.8756,41.05039999365609],[52.8698,41.05999999366053],[52.854,41.070499993665386],[52.8482,41.07759999366863],[52.8468,41.088599993673746],[52.85,41.10149999367964],[52.8544,41.11929999368783],[52.8547,41.14249999369852],[52.854099999999995,41.14599999370016],[52.8511,41.16329999370805],[52.8439,41.182499993716895],[52.83379999999998,41.20129999372552],[52.81329999999999,41.22169999373488],[52.81120000000001,41.233599993740334],[52.81369999999999,41.252599993749065],[52.81329999999999,41.26269999375369],[52.7914,41.32119999378045],[52.78959999999999,41.33089999378486],[52.777,41.33949999378879],[52.76109999999999,41.37759999380614],[52.74529999999999,41.38619999381005],[52.732,41.38819999381094],[52.723299999999995,41.39419999381371],[52.718999999999994,41.403899993818094],[52.7158,41.4263999938283],[52.71039999999999,41.432199993831],[52.693799999999996,41.444599993836654],[52.68229999999999,41.450299993839224],[52.65599999999999,41.45329999384056],[52.64629999999999,41.45809999384277],[52.6117,41.49229999385828],[52.59409999999999,41.50269999386298],[52.575399999999995,41.508699993865726],[52.56199999999999,41.51939999387053],[52.5603,41.54349999388148],[52.5602,41.54389999388166],[52.5635,41.5461999938827],[52.583999999999996,41.574599993895504],[52.5876,41.582599993899166],[52.5887,41.59409999390431],[52.588300000000004,41.60179999390781],[52.5876,41.61609999391425],[52.589,41.62309999391742],[52.5952,41.63369999392218],[52.5955,41.63999999392501],[52.5926,41.645799993927625],[52.580799999999996,41.65359999393113],[52.5725,41.673799993940236],[52.5671,41.6816999939438],[52.5602,41.68779999394657],[52.55299999999999,41.689499993947315],[52.53649999999999,41.68779999394657],[52.529599999999995,41.69129999394813],[52.514499999999984,41.70689999395511],[52.49870000000001,41.71199999395741],[52.483599999999996,41.7261999939638],[52.4501,41.73479999396765],[52.4378,41.74879999397393],[52.4512,41.758799993978414],[52.55929999999999,41.83979999401468],[52.76469999999999,41.993799994083226],[52.9786,42.12659999414191],[53.13519999999999,42.16779999416004],[53.1917,42.19299999417117],[53.41239999999999,42.258099994199725],[53.4786,42.26859999420432],[53.50939999999999,42.27269999420611],[54.04699999999999,42.34539999423788],[54.1226,42.337499994234435],[54.195399999999985,42.31809999422598],[54.7382,42.04819999410729],[54.9071,41.9320999940558],[54.9308,41.90919999404561],[54.9409,41.889599994036864],[54.9406,41.872699994029354],[54.936600000000006,41.85529999402159],[54.934799999999996,41.83369999401191],[54.9402,41.813599994002935],[54.950599999999994,41.7955999939949],[55.0977,41.64649999392792],[55.099999999999994,41.6441999939269],[55.14869999999999,41.57919999389761],[55.228599999999986,41.4726999938494],[55.2592,41.444599993836654],[55.2676,41.438999993834074],[55.29409999999999,41.42149999382611],[55.3567,41.388999993811346],[55.3726,41.37559999380523],[55.3848,41.35849999379742],[55.39800000000001,41.33429999378639],[55.399,41.33259999378565],[55.40740000000001,41.317199993778594],[55.412499999999994,41.30789999377435],[55.413199999999996,41.307199993774],[55.4243,41.29589999376884],[55.4294,41.290699993766516],[55.44919999999998,41.27949999376137],[55.4503,41.278799993761005],[55.464499999999994,41.2727999937583],[55.473099999999995,41.26909999375662],[55.4784,41.266799993755555],[55.50940000000001,41.25879999375193],[55.5235,41.259399993752155],[55.63539999999999,41.264399993754445],[55.6944,41.28159999376231],[55.703700000000005,41.282599993762794],[55.7125,41.28349999376319],[55.7663,41.28939999376589],[55.7873,41.29169999376695],[55.83439999999999,41.308999993774826],[55.87660000000001,41.3244999937819],[55.8871,41.32519999378227],[55.91,41.3265999937829],[55.97839999999999,41.32159999378062],[56.14139999999999,41.31499999377759],[56.1965,41.31269999377654],[56.79349999999999,41.288299993765385],[57.01019999999998,41.2540999937497],[57.029599999999995,41.26249999375358],[57.0602,41.304899993772985],[57.06499999999999,41.308999993774826],[57.07999999999999,41.3220999937808],[57.1244,41.33859999378836],[57.1268,41.33949999378879],[57.14809999999999,41.35109999379405],[57.1592,41.36109999379862],[57.16139999999999,41.36799999380174],[57.15449999999999,41.371899993803524],[57.1538,41.37229999380373],[57.10379999999999,41.38159999380795],[57.088300000000004,41.3872999938106],[57.082300000000004,41.390599993812046],[57.0743,41.39489999381402],[57.0523,41.413499993822505],[57.032899999999984,41.43829999383376],[57.01959999999998,41.46589999384628],[57.0149,41.49359999385887],[57.0156,41.52899999387492],[57.01200000000001,41.55769999388787],[57.00049999999999,41.58389999389974],[56.97849999999999,41.61139999391216],[56.960499999999996,41.647199993928275],[56.96159999999999,41.678699993942416],[56.9695,41.710899993956936],[56.97200000000001,41.7484999939738],[56.94970000000001,41.82749999400913],[56.9501,41.86599999402634],[56.97849999999999,41.89499999403926],[56.9877,41.89829999404077],[57.061099999999996,41.92399999405219],[57.0743,41.928699994054284],[57.11569999999999,41.95199999406466],[57.152799999999985,41.99349999408305],[57.2078,42.070499994117206],[57.27089999999999,42.116699994137534],[57.2881,42.12929999414313],[57.335399999999986,42.14649999415067],[57.38239999999999,42.163699994158286],[57.47820000000001,42.16649999415946],[57.6197,42.14819999415145],[57.6661,42.15509999415447],[57.7216,42.17529999416339],[57.74100000000001,42.17869999416486],[57.80899999999998,42.17639999416383],[57.8285,42.179499994165226],[57.85039999999999,42.19139999417047],[57.8472,42.20089999417467],[57.83459999999999,42.21159999417931],[57.82739999999999,42.22729999418625],[57.83529999999998,42.24039999419198],[57.8738,42.24969999419603],[57.88819999999999,42.26149999420123],[57.9289,42.33099999423162],[57.93760000000001,42.354099994241686],[57.93580000000001,42.3696999942485],[57.91419999999999,42.40389999426338],[57.908799999999985,42.43039999427493],[57.925700000000006,42.44099999427956],[57.9527,42.44999999428343],[57.9782,42.47179999429292],[57.981399999999994,42.47579999429464],[57.9872,42.483399994297926],[57.99150000000001,42.487499994299725],[57.997699999999995,42.49339999430222],[58.016000000000005,42.499699994305],[58.0332,42.50199999430596],[58.0384,42.50269999430627],[58.060999999999986,42.5021999943061],[58.079799999999985,42.49719999430392],[58.0945,42.48669999429935],[58.1172,42.46149999428841],[58.133399999999995,42.454599994285445],[58.13960000000001,42.4549999942856],[58.14959999999999,42.45559999428588],[58.1856,42.4671999942909],[58.193799999999996,42.46819999429133],[58.20400000000001,42.469499994291915],[58.2256,42.46649999429061],[58.324899999999985,42.43179999427556],[58.359099999999984,42.41339999426753],[58.38239999999998,42.389999994257344],[58.3847,42.387799994256405],[58.38850000000001,42.37419999425045],[58.39479999999999,42.35229999424092],[58.391499999999986,42.333999994232954],[58.386100000000006,42.316799994225384],[58.38579999999999,42.30129999421862],[58.3976,42.28789999421278],[58.413799999999995,42.284699994211365],[58.473199999999984,42.291499994214334],[58.4783,42.29199999421459],[58.49049999999999,42.29759999421702],[58.49409999999999,42.30559999422052],[58.48940000000001,42.31449999422441],[58.4783,42.32219999422779],[58.43800000000001,42.357699994243255],[58.42640000000001,42.37159999424936],[58.4095,42.391899994258154],[58.3638,42.44699999428212],[58.3414,42.48619999429914],[58.33720000000001,42.49369999430236],[58.334999999999994,42.49609999430342],[58.3062,42.52859999431752],[58.2709,42.54899999432634],[58.1456,42.59249999434511],[58.12689999999999,42.604999994350486],[58.12149999999999,42.62419999435876],[58.130500000000005,42.638799994365066],[58.1489,42.64889999436941],[58.1867,42.6610999943746],[58.239599999999996,42.685099994384935],[58.2583,42.68939999438679],[58.28279999999999,42.688899994386595],[58.29089999999999,42.68639999438551],[58.3904,42.656699994372744],[58.4419,42.64779999436891],[58.47570000000001,42.64619999436824],[58.49060000000001,42.645499994367924],[58.493,42.64539999436789],[58.51230000000001,42.649599994369716],[58.534400000000005,42.6544999943718],[58.5557,42.68359999438433],[58.56939999999999,42.76839999442062],[58.587699999999984,42.79119999443036],[58.6122,42.780899994425965],[58.62550000000001,42.76929999442105],[58.82750000000001,42.593699994345606],[58.8944,42.54779999432583],[58.96459999999999,42.524299994315655],[59.00929999999999,42.51839999431311],[59.0384,42.51969999431369],[59.0648,42.524999994315934],[59.06759999999999,42.525599994316224],[59.09639999999999,42.535899994320665],[59.12199999999999,42.53799999432156],[59.142999999999994,42.52809999431729],[59.14609999999998,42.52669999431667],[59.209799999999994,42.47759999429538],[59.22379999999998,42.460899994288134],[59.23319999999999,42.44169999427982],[59.24510000000001,42.36529999424659],[59.2584,42.34759999423887],[59.2872,42.335999994233745],[59.338,42.33179999423194],[59.36169999999999,42.32579999422934],[59.40129999999999,42.29389999421538],[59.42649999999998,42.28669999421226],[59.47800000000001,42.28559999421177],[59.515100000000004,42.28979999421362],[59.521300000000004,42.29049999421396],[59.544699999999985,42.29319999421509],[59.6897,42.309799994222395],[59.77639999999999,42.30389999421979],[59.821099999999994,42.30789999422152],[59.838399999999986,42.306499994220935],[59.866400000000006,42.304199994219886],[59.89779999999999,42.27839999420859],[59.92580000000001,42.24619999419449],[59.960800000000006,42.22259999418418],[60.00500000000001,42.20969999417849],[60.0206,42.202799994175486],[60.0281,42.19939999417398],[60.040299999999995,42.18639999416824],[60.0397,42.1832999941669],[60.0371,42.169699994160894],[60.0205,42.160799994157],[60.015800000000006,42.15929999415634],[59.999999999999986,42.15449999415423],[59.98379999999998,42.14559999415031],[59.9806,42.129999994143425],[59.9744,42.09929999412987],[59.9942,42.04999999410812],[59.9971,42.01049999409062],[59.97090000000001,42.002999994087276],[59.937699999999985,41.99339999408302],[59.9262,41.99099999408194],[59.91940000000001,41.98959999408136],[59.9078,41.979799994076956],[59.906400000000005,41.96659999407113],[59.9176,41.95239999406481],[59.93159999999999,41.9475999940627],[59.96559999999999,41.94849999406309],[59.98379999999998,41.94899999406332],[59.984500000000004,41.94879999406326],[60.0311,41.93569999405738],[60.08889999999999,41.91939999405018],[60.10809999999999,41.90689999404455],[60.118099999999984,41.900299994041646],[60.13309999999999,41.88329999403406],[60.152599999999985,41.86109999402416],[60.16739999999999,41.84949999401897],[60.21490000000001,41.82849999400956],[60.22240000000001,41.82379999400753],[60.229,41.81959999400561],[60.241200000000006,41.807999994000475],[60.2509,41.7942999939943],[60.2527,41.77999999398789],[60.241200000000006,41.766999993982076],[60.2271,41.76559999398149],[60.2254,41.7653999939814],[60.20590000000001,41.7719999939843],[60.1714,41.7883999939917],[60.13359999999999,41.79729999399564],[60.102199999999996,41.79529999399475],[60.07949999999999,41.78339999398942],[60.0749,41.78099999398831],[60.05939999999998,41.7643999939809],[60.049299999999995,41.75349999397603],[60.0522,41.7424999939711],[60.0583,41.71859999396037],[60.08889999999999,41.67409999394037],[60.1555,41.603299993908465],[60.164899999999996,41.584899993900194],[60.16210000000001,41.582399993899045],[60.15079999999998,41.57229999389448],[60.1479,41.57119999389398],[60.1098,41.55669999388746],[60.0925,41.54539999388233],[60.079599999999985,41.53139999387595],[60.0716,41.51439999386826],[60.059,41.434099993831836],[60.06619999999999,41.41049999382111],[60.0943,41.38949999381157],[60.237799999999986,41.33379999378616],[60.24669999999998,41.330399993784624],[60.2999,41.309699993775176],[60.36039999999999,41.27629999375987],[60.414399999999986,41.23519999374109],[60.44319999999999,41.21959999373394],[60.4781,41.21209999373047],[60.53820000000001,41.21309999373091],[60.578100000000006,41.223299993735615],[60.5844,41.22489999373635],[60.65879999999999,41.24379999374503],[60.8604,41.252899993749146],[60.93019999999999,41.24019999374333],[60.938799999999986,41.233499993740274],[60.97809999999999,41.20279999372622],[60.99110000000001,41.21239999373061],[61.0076,41.233899993740465],[61.01019999999998,41.23719999374198],[61.014099999999985,41.234899993740946],[61.0169,41.2290999937383],[61.0228,41.216899993732696],[61.0769,41.22379999373586],[61.081799999999994,41.224499993736146],[61.09979999999999,41.22399999373596],[61.20279999999999,41.16879999371059],[61.2431,41.156299993704884],[61.281200000000005,41.1571999937053],[61.315799999999996,41.17039999371133],[61.343900000000005,41.19379999372207],[61.36300000000001,41.22519999373649],[61.387399999999985,41.23579999374138],[61.3972,41.270999993757464],[61.4108,41.29199999376711],[61.4332,41.300299993770864],[61.4702,41.29719999376947],[61.567399999999985,41.277699993760564],[61.65419999999999,41.24939999374759],[61.87779999999999,41.12499999369044],[61.89759999999998,41.108799993682986],[61.97059999999998,41.0153999936399],[61.979299999999995,40.99879999363223],[61.9819,40.98399999362542],[61.982899999999994,40.978499993622876],[61.98539999999999,40.90789999359012],[61.9901,40.89319999358327],[61.982899999999994,40.885599993579795],[61.990500000000004,40.8721999935735],[61.994,40.86579999357056],[62.02539999999999,40.78199999353156],[62.0263,40.778299993529814],[62.03419999999999,40.746999993515175],[62.0369,40.73629999351022],[62.04480000000001,40.714999993500285],[62.0556,40.701699993494046],[62.0887,40.674399993481245],[62.10020000000001,40.660299993474666],[62.120799999999996,40.59889999344586],[62.1341,40.57779999343591],[62.1715,40.539999993418135],[62.177299999999995,40.53069999341381],[62.1847,40.50919999340366],[62.1852,40.50779999340299],[62.19169999999999,40.498999993398854],[62.2133,40.486599993392986],[62.21370000000001,40.48649999339296],[62.21819999999999,40.48549999339249],[62.2608,40.47569999338784],[62.296200000000006,40.460199993380556],[62.34359999999999,40.439399993370735],[62.35329999999998,40.43039999336649],[62.3562,40.38809999334649],[62.36269999999999,40.369699993337775],[62.38819999999999,40.33019999331902],[62.3965,40.311999993310415],[62.4001,40.29209999330094],[62.4008,40.26559999328839],[62.40519999999999,40.24519999327866],[62.43580000000001,40.194199993254436],[62.43970000000001,40.172899993244286],[62.434,40.15469999323556],[62.425700000000006,40.13669999322699],[62.42169999999999,40.11509999321672],[62.42419999999999,40.092099993205665],[62.441900000000004,40.03599999317885],[62.452699999999986,40.00919999316604],[62.52469999999999,39.939599993132624],[62.5355,39.93489999313036],[62.59310000000001,39.890299993108925],[63.47760000000001,39.40289999287266],[63.54099999999999,39.356099992849806],[63.550399999999996,39.34579999284472],[63.64860000000001,39.23939999279261],[63.70939999999999,39.19089999276881],[64.1206,38.9616999926559],[64.15039999999999,38.94949999264985],[64.17999999999999,38.945099992647656],[64.20589999999999,38.94949999264985],[64.28330000000001,38.97969999266474],[64.31349999999999,38.98239999266609],[64.3373,38.97099999266048],[64.4244,38.882999992616966],[64.63500000000002,38.744099992548016],[64.7635,38.68599999251914],[64.91039999999998,38.645399992498916],[64.9777,38.612199992482395],[65.2052,38.449599992401204],[65.6041,38.237399992294776],[65.6718,38.219699992285875],[65.7402,38.22409999228807],[65.7661,38.2354999922938],[65.8014,38.25789999230504],[65.8144,38.26619999230925],[65.84280000000001,38.27529999231378],[65.8507,38.27479999231355],[65.8766,38.272899992312595],[65.97029999999998,38.237299992294695],[65.9774,38.234499992293316],[66.0013,38.23149999229177],[66.0279,38.22819999229013],[66.0433,38.22619999228914],[66.0718,38.21449999228322],[66.09319999999998,38.200999992276465],[66.1002,38.19649999227421],[66.13369999999998,38.17529999226353],[66.19849999999998,38.1606999922562],[66.1988,38.16059999225614],[66.2312,38.14879999225014],[66.2604,38.12679999223915],[66.26349999999998,38.123699992237555],[66.2837,38.103499992227334],[66.3068,38.08039999221573],[66.3115,38.078699992214865],[66.4084,38.04279999219677],[66.4393,38.03549999219309],[66.48299999999999,38.03519999219291],[66.51599999999999,38.0349999921928],[66.5165,38.03489999219274],[66.5542,38.026899992188724],[66.5839,38.015599992183034],[66.59049999999999,38.01299999218169],[66.62439999999997,37.99379999217201],[66.6456,37.9458999921478],[66.6089,37.8891999921191],[66.5538,37.831999992090175],[66.5189,37.78279999206521],[66.5149,37.74349999204529],[66.5228,37.66499999200545],[66.5192,37.625199991985184],[66.4973,37.55789999195092],[66.49329999999999,37.522199991932766],[66.50699999999999,37.49379999191832],[66.5268,37.48039999191149],[66.5426,37.46679999190454],[66.5466,37.45069999189635],[66.5308,37.43009999188583],[66.512,37.41479999187806],[66.4969,37.3977999918694],[66.4964,37.39289999186687],[66.49559999999998,37.38649999186358],[66.49479999999998,37.37949999186005],[66.5157,37.366599991853434],[66.5196,37.36419999185223],[66.51819999999996,37.3633999918518],[66.503,37.35559999184785],[66.48499999999999,37.34339999184161],[66.4702,37.33009999183484],[66.4699,37.329799991834655],[66.4613,37.3243999918319],[66.4512,37.3229999918312],[66.4386,37.32799999183372],[66.4269,37.34169999184072],[66.4235,37.345699991842764],[66.4134,37.34959999184477],[66.3896,37.3470999918435],[66.3205,37.32909999183431],[66.2946,37.331299991835465],[66.2744,37.34329999184158],[66.2579,37.35689999184852],[66.25,37.35959999184989],[66.23279999999998,37.36539999185282],[66.23269999999998,37.36549999185291],[66.2186,37.37479999185761],[66.2078,37.37689999185873],[66.17469999999999,37.37549999185798],[66.1632,37.37689999185873],[66.16289999999998,37.37699999185875],[66.143,37.385099991862894],[66.12580000000001,37.398699991869826],[66.121,37.40369999187238],[66.0977,37.42839999188498],[66.0871,37.43569999188875],[66.0797,37.44089999189135],[66.0387,37.453099991897595],[65.855,37.507999991925594],[65.836,37.519099991931206],[65.82909999999998,37.52559999193453],[65.8212,37.5351999919394],[65.80429999999998,37.56519999195467],[65.79639999999999,37.56939999195683],[65.7766,37.57299999195864],[65.76139999999998,37.578399991961405],[65.7528,37.53789999194082],[65.7523,37.53759999194061],[65.7395,37.528999991936274],[65.69839999999999,37.52949999193652],[65.6979,37.52939999193645],[65.6812,37.526399991934916],[65.6689,37.520599991931995],[65.6588,37.51029999192674],[65.6358,37.474099991908275],[65.62569999999998,37.4526999918974],[65.621,37.43039999188602],[65.629,37.387499991864104],[65.6293,37.36549999185291],[65.6239,37.34509999184251],[65.6113,37.331099991835316],[65.5832,37.30809999182355],[65.5368,37.257099991797524],[65.5015,37.24219999178988],[65.25839999999998,37.23719999178735],[65.06659999999998,37.23329999178534],[65.063,37.23319999178527],[65.05449999999999,37.2308999917841],[64.9892,37.21359999177528],[64.80779999999999,37.13549999173527],[64.77859999999998,37.117999991726315],[64.7603,37.09259999171331],[64.7556,37.05359999169334],[64.77469999999998,36.97759999165436],[64.77859999999998,36.93839999163423],[64.7653,36.90469999161691],[64.74069999999999,36.86839999159828],[64.62129999999999,36.69259999150787],[64.60479999999998,36.66049999149136],[64.5922,36.62099999147101],[64.58889999999998,36.60039999146036],[64.58889999999998,36.580199991449966],[64.5936,36.55979999143946],[64.60759999999999,36.521699991419844],[64.6105,36.500899991409085],[64.60579999999999,36.46099999138854],[64.59429999999999,36.424199991369555],[64.5767,36.389599991351666],[64.4982,36.29139999130099],[64.4777,36.27169999129083],[64.44459999999998,36.24989999127959],[64.41069999999999,36.23989999127439],[64.3373,36.22589999126717],[64.3189,36.21969999126395],[64.3038,36.21159999125978],[64.2919,36.19939999125347],[64.27609999999999,36.1591999912327],[64.2714,36.15609999123112],[64.26599999999999,36.152499991229256],[64.2538,36.154799991230426],[64.24859999999998,36.156499991231314],[64.2372,36.1603999912333],[64.21979999999999,36.16269999123453],[64.2064,36.164499991235466],[64.1958,36.16589999123616],[64.15870000000001,36.16019999123324],[64.1234,36.145999991225864],[64.09539999999998,36.128799991217],[64.091,36.12609999121558],[64.05719999999998,36.10529999120483],[64.0446,36.09239999119818],[64.0363,36.07639999118993],[64.0363,36.05859999118071],[64.04569999999998,36.0111999911562],[64.0455,36.00859999115487],[64.045,35.99879999114976],[63.954599999999985,36.02739999116456],[63.94990000000001,36.02879999116527],[63.9218,36.03369999116783],[63.889799999999994,36.02969999116578],[63.859899999999996,36.0220999911618],[63.784499999999994,35.98619999114326],[63.766,35.97729999113864],[63.7256,35.96889999113429],[63.7042,35.967799991133724],[63.60220000000001,35.96269999113107],[63.58199999999999,35.95899999112918],[63.5633,35.950599991124804],[63.5496,35.939099991118894],[63.52579999999999,35.91259999110516],[63.511100000000006,35.90189999109965],[63.494,35.8953999910963],[63.43009999999999,35.87099999108363],[63.34300000000001,35.85629999107606],[63.12520000000001,35.860299991078094],[63.1202,35.859399991077645],[63.10390000000001,35.856399991076096],[63.088799999999985,35.84339999106937],[63.08449999999999,35.82609999106044],[63.0913,35.81329999105379],[63.1014,35.80059999104723],[63.1057,35.78279999103804],[63.1122,35.76999999103139],[63.1633,35.73229999101186],[63.177399999999984,35.7168999910039],[63.18379999999999,35.71229999100152],[63.209399999999995,35.70439999099744],[63.21439999999998,35.699299990994795],[63.21369999999999,35.69229999099118],[63.2076,35.68319999098641],[63.1799,35.66649999097779],[63.10319999999999,35.645999990967184],[63.0766,35.62469999095615],[63.074799999999996,35.60979999094845],[63.077299999999994,35.558699990921994],[63.0805,35.54659999091568],[63.097100000000005,35.53539999090993],[63.1007,35.52499999090452],[63.09059999999999,35.49349999088818],[63.086299999999994,35.45569999086865],[63.0802,35.43709999085899],[63.0668,35.4256999908531],[63.047000000000004,35.42139999085086],[63.00560000000001,35.41839999084932],[62.9851,35.414599990847314],[62.9182,35.38819999083368],[62.8274,35.3292999908032],[62.76050000000001,35.30239999078924],[62.73420000000001,35.28069999077801],[62.72160000000001,35.266399990770616],[62.708600000000004,35.25609999076526],[62.69349999999999,35.248299990761254],[62.62119999999999,35.22269999074795],[62.617699999999985,35.22199999074758],[62.604599999999984,35.21939999074626],[62.59559999999998,35.22059999074687],[62.566099999999985,35.23069999075211],[62.5355,35.22729999075036],[62.52469999999999,35.232199990752896],[62.4707,35.272799990773905],[62.4588,35.281799990778595]]],[[[53.102,38.78179999256675],[53.0981,38.76919999256052],[53.0984,38.76389999255788],[53.102,38.75499999255347],[53.094800000000006,38.75499999255347],[53.092,38.77879999256527],[53.0665,38.85459999260285],[53.063199999999995,38.8645999926078],[53.047,38.891699992621206],[53.0401,38.90669999262869],[53.03829999999999,38.916899992633745],[53.0401,38.94329999264677],[53.038,38.97009999266005],[53.0372,38.97369999266181],[53.0286,39.016299992682846],[53.0264,39.03939999269427],[53.03,39.061299992705],[53.0405,39.08099999271476],[53.055799999999984,39.09299999272067],[53.0578,39.09449999272137],[53.070499999999996,39.09619999272221],[53.0819,39.097799992723054],[53.088,39.08819999271831],[53.088,39.083399992715954],[53.058800000000005,39.06709999270791],[53.0541,39.02939999268929],[53.0538,39.026799992688005],[53.05429999999999,39.023999992686626],[53.067499999999995,38.94679999264851],[53.0794,38.86349999260725],[53.102,38.78179999256675]]],[[[53.491899999999994,39.597899992967584],[53.503800000000005,39.5861999929619],[53.5085,39.58549999296155],[53.5128,39.59119999296438],[53.5193,39.563899992951065],[53.53980000000001,39.53969999293931],[53.53439999999999,39.52759999293343],[53.5222,39.516099992927856],[53.5063,39.508599992924154],[53.5049,39.508599992924154],[53.491899999999994,39.508599992924154],[53.49100000000001,39.50999999292485],[53.4865,39.51629999292791],[53.48049999999999,39.533499992936285],[53.4804,39.5336999929364],[53.47540000000001,39.54809999294338],[53.4682,39.56039999294936],[53.4628,39.57369999295584],[53.4685,39.58489999296129],[53.48,39.593299992965385],[53.491899999999994,39.597899992967584]]]]}},{"type":"Feature","properties":{"ADMIN":"KAZ_S","ISO_A3":"KAZ","admin_source":"World Bank GAD, artifact wb_boundaries_20260820","admin_units":"Almatinskaya, Almaty City area, Jambylslkaya, Kyzylordinskaya, Yujno-kazachstanskaya","epm_zone":"KAZ_S","epm_country":"KAZ","split_rationale":"Deficit zone around Almaty and Shymkent, historically supplied through the Central Asian ring (Uzbekistan / Kyrgyzstan) and by the North-South transit; modelled separately because that transit is the binding limit.","grid_area":"KEGOC Southern zone","model_plants":"Balkhash-Ulken, Zhambyl GRES, Almaty CHPs, Kapchagay, Moynak, Chimkent, Shardara"},"geometry":{"type":"Polygon","coordinates":[[[68.159,40.71909999350214],[68.0676,40.78799999353434],[68.0509,40.79509999353768],[68.037,40.8009999935404],[68.0182,40.80409999354184],[67.9974,40.8073999935434],[67.9909,40.81099999354503],[67.9942,40.81889999354875],[67.99509999999998,40.81949999354903],[68.0032,40.82519999355167],[68.03809999999999,40.83719999355725],[68.0546,40.847199993561894],[68.06940000000002,40.85979999356779],[68.0806,40.87299999357388],[68.09600000000002,40.89889999358592],[68.1108,40.931699993601185],[68.1205,40.96529999361673],[68.12089999999999,40.9937999936299],[68.1079,41.010199993637485],[68.0996,41.01369999363916],[68.10829999999999,41.01679999364057],[68.1313,41.02949999364643],[68.12839999999997,41.031699993647436],[68.1258,41.03229999364772],[68.1191,41.03399999364849],[68.1216,41.04329999365282],[68.12130000000002,41.04479999365352],[68.1173,41.06679999366368],[68.108,41.0660999936633],[68.09600000000002,41.0651999936629],[68.08199999999998,41.04269999365254],[68.0712,41.05329999365741],[68.059,41.05469999365806],[68.0579,41.054399993657924],[68.04639999999999,41.050199993656],[68.03449999999998,41.04269999365254],[68.02119999999998,41.059199993660144],[68.0132,41.09779999367796],[68.0032,41.11559999368611],[67.9589,41.15949999370636],[67.952,41.17049999371138],[67.9495,41.171899993712074],[67.93729999999998,41.20039999372513],[67.85410000000002,41.15889999370606],[67.83499999999998,41.15689999370516],[67.8131,41.1625999937078],[67.771,41.17919999371539],[67.7483,41.18409999371763],[66.8152,41.14189999369822],[66.7331,41.158099993705655],[66.693,41.19459999372244],[66.68809999999998,41.19909999372452],[66.64639999999997,41.34299999379036],[66.64279999999998,41.355499993796066],[66.6028,41.49379999385897],[66.53869999999999,41.740799993970356],[66.5198,41.87899999403217],[66.5041,41.99349999408305],[66.49219999999998,41.9967999940845],[66.4847,41.996899994084565],[66.0174,41.99749999408481],[66.00879999999998,42.002699994087166],[66.0066,42.01339999409185],[66.013,42.35999999424432],[66.0138,42.40289999426293],[66.01959999999998,42.41679999426901],[66.0433,42.42369999427205],[66.053,42.44089999427946],[66.09669999999998,42.937499994492626],[66.1013,42.99019999451494],[65.8277,42.88179999446898],[65.81259999999999,42.8757999944664],[65.7953,42.87719999446698],[65.517,43.29719999464368],[65.4774,43.322799994654304],[65.2715,43.416999994693356],[65.1718,43.49369999472502],[64.9565,43.69729999480832],[64.92299999999999,43.71909999481721],[64.89989999999999,43.72179999481827],[64.89099999999999,43.72279999481871],[64.855,43.712899994814705],[64.50759999999998,43.572799994757446],[64.4615,43.554199994749844],[64.4266,43.54689999474687],[63.208000000000006,43.62749999477988],[62.82119999999998,43.581699994761124],[62.4779,43.54109999474449],[62.32739999999999,43.52089999473616],[62.02609999999999,43.48049999471954],[61.98579999999998,43.493299994724794],[61.385999999999996,43.993399994927884],[61.1617,44.16799999499742],[61.102999999999994,44.235999995024315],[61.0933,44.259299995033494],[61.086499999999994,44.311099995053894],[61.0804,44.335399995063455],[61.06199999999999,44.36189999507384],[61.03639999999999,44.38279999508202],[58.58229999999999,45.5486999955222],[58.555,45.55709999552525],[58.531600000000005,45.55869999552584],[57.9782,45.44489999548433],[57.47820000000001,45.33689999544462],[55.9982,44.99979999531898],[55.9982,45.00039999531918],[56.24830000000001,45.060699995341864],[56.40409999999999,45.09659999535533],[56.693599999999996,45.16579999538118],[56.999,45.23669999540756],[57.311800000000005,45.30779999543392],[57.42920000000001,45.33329999544332],[57.69050000000001,45.39139999546472],[57.9995,45.45899999548949],[58.257400000000004,45.51669999551053],[58.589600000000004,45.59009999553723],[58.59089999999999,45.589499995537025],[58.81150000000001,45.50039999550458],[59.0282,45.41039999547171],[59.02059999999999,45.899299995648235],[59.014700000000005,45.98869999567987],[59.2916,46.22679999576317],[59.5134,46.45649999584228],[59.629499999999986,46.54209999587146],[59.7137,46.63279999590211],[60.1235,46.8932999959892],[60.44749999999999,46.91429999599607],[60.4771,47.1288999960664],[60.9112,47.10609999605903],[61.33310000000001,47.826699996287324],[61.944,47.845299996293065],[62.01250000000001,47.77209999627052],[62.0494,47.748699996263255],[62.2104,47.54549999619976],[62.52079999999999,47.325699996129934],[62.48279999999998,47.262299996109604],[62.763499999999986,47.23219999609991],[62.806700000000006,47.190999996086575],[62.88000000000001,47.206899996091686],[62.612099999999984,47.05849999604353],[63.017,47.11379999606157],[63.13059999999999,47.03989999603738],[63.281000000000006,46.97069999601469],[63.40959999999998,46.97799999601711],[63.699,46.86879999598103],[63.78809999999999,46.909599995994576],[63.83139999999999,46.87849999598429],[64.3151,46.7473999959406],[64.41459999999998,46.74649999594035],[64.89319999999998,46.56569999587944],[65.0959,46.55209999587483],[65.2733,46.40949999582623],[65.45189999999998,46.3416999958029],[66.7216,46.08969999571535],[67.0429,46.10419999572044],[67.1143,46.108999995722144],[67.1589,46.094899995717206],[67.1725,45.99819999568319],[69.0368,45.99999999568383],[70.0,45.99999999568383],[70.99999999999999,45.99999999568383],[71.2789,46.000899995684165],[71.4528,46.0010999956842],[72.0,45.99999999568383],[72.99999999999999,45.99999999568383],[73.6167,46.000999995684204],[74.0,45.99999999568383],[74.1611,46.13599999573159],[74.756,46.52919999586708],[74.9803,46.54799999587345],[75.3842,46.66869999591428],[75.6101,46.69629999592353],[76.03479999999999,46.658399995910784],[76.20739999999999,46.6347999959028],[76.76519999999998,46.54319999587183],[77.1493,46.51289999586157],[77.576,46.52849999586686],[77.4702,47.16459999607802],[77.555,47.23699999610144],[77.81389999999999,47.19479999608779],[77.9635,47.306799996123885],[78.09169999999999,47.21079999609296],[78.252,47.348999996137415],[78.42710000000001,47.24989999610557],[78.5479,47.19409999608761],[78.5929,47.15779999607581],[78.7198,47.147599996072564],[78.76619999999998,47.05989999604392],[79.2181,47.087699996053026],[79.5277,46.778599995951055],[79.99919999999997,46.89129999598855],[80.2095,46.829599995968046],[80.20019999999998,46.761799995945445],[80.5339,46.656099995910004],[80.82779999999998,46.542999995871746],[81.1424,46.532699995868235],[81.2066,46.471899995847544],[81.25140000000002,46.4735999958481],[81.3086,46.494199995855155],[81.3395,46.44409999583807],[81.3714,46.420199995829854],[81.41690000000001,46.46049999584367],[81.4504,46.46009999584356],[81.4148,46.41729999582889],[81.4832,46.412499995827226],[81.51820000000001,46.396599995821795],[81.5521,46.43639999583545],[81.57880000000002,46.43479999583489],[81.5571,46.40039999582311],[81.5059,46.37309999581374],[81.5224,46.36379999581051],[81.56429999999999,46.3689999958123],[81.52989999999998,46.336899995801254],[81.891,46.093499995716705],[81.9801,45.885999995643495],[82.0283,45.85309999563175],[82.1309,45.759799995598435],[82.1421,45.67389999556752],[82.1304,45.64509999555712],[82.16010000000001,45.561299995526774],[82.22519999999997,45.544399995520614],[82.2759,45.54169999551963],[82.27999999999999,45.53489999551716],[82.29749999999997,45.52649999551415],[82.32759999999998,45.49329999550202],[82.3625,45.481099995497566],[82.40049999999997,45.477199995496136],[82.513,45.46569999549194],[82.6156,45.43539999548086],[82.63209999999997,45.415699995473624],[82.6365,45.37879999546009],[82.63389999999998,45.33929999544553],[82.6145,45.248499995411954],[82.58530000000002,45.176799995385295],[82.5396,45.123699995365484],[82.47589999999998,45.115699995362505],[82.4273,45.13729999537055],[82.342,45.204799995395696],[82.2945,45.2280999954044],[82.2451,45.23169999540571],[82.19189999999999,45.22209999540214],[82.00029999999998,45.15339999537658],[81.9499,45.1443999953732],[81.90999999999998,45.15799999537827],[81.8909,45.1735999953841],[81.87540000000001,45.1810999953869],[81.80739999999997,45.188599995389694],[81.79369999999999,45.19559999539231],[81.7883,45.20909999539731],[81.78719999999998,45.232299995405924],[81.78149999999997,45.26659999541867],[81.76530000000001,45.307699995433836],[81.73929999999997,45.33799999544506],[81.7048,45.339799995445674],[81.6652,45.3478999954487],[81.6227,45.33429999544365],[81.5736,45.309299995434465],[81.56940000000002,45.30719999543366],[81.54209999999999,45.29319999542852],[81.52569999999999,45.289599995427174],[81.4432,45.271199995420375],[81.382,45.25759999541534],[81.3722,45.255399995414486],[81.15749999999998,45.207599995396755],[81.1526,45.206499995396335],[81.14430000000002,45.2046999953957],[81.0725,45.17609999538503],[81.06249999999999,45.17219999538356],[81.057,45.170699995383025],[81.0219,45.161599995379596],[81.01099999999998,45.16149999537962],[80.98309999999996,45.16109999537946],[80.97609999999999,45.16099999537938],[80.9164,45.144099995373075],[80.8537,45.12639999536647],[80.85330000000002,45.12639999536647],[80.82749999999997,45.12569999536623],[80.7457,45.14429999537318],[80.71,45.14369999537295],[80.69709999999999,45.14359999537289],[80.5719,45.11029999536049],[80.5369,45.101099995357046],[80.4675,45.10619999535895],[80.45019999999998,45.104599995358306],[80.4455,45.104199995358144],[80.42499999999997,45.091999995353596],[80.4063,45.056599995340356],[80.39010000000002,45.04569999533622],[80.3652,45.04309999533526],[80.34369999999998,45.04399999533563],[80.2907,45.046199995336416],[80.2462,45.03359999533168],[80.2336,45.029999995330314],[80.21910000000001,45.02589999532881],[80.21789999999999,45.02609999532884],[80.2019,45.02789999532954],[80.1474,45.03439999533201],[80.1035,45.03209999533117],[80.0617,45.01889999532617],[80.0508,45.0114999953234],[80.0239,44.99319999531647],[80.0229,44.99249999531623],[80.01819999999998,44.98959999531515],[80.00189999999999,44.9794999953113],[79.98629999999999,44.969799995307646],[79.9815,44.96689999530658],[79.94150000000002,44.94209999529724],[79.9246,44.93159999529326],[79.8781,44.914699995286824],[79.85829999999997,44.903699995282665],[79.84290000000001,44.873399995271164],[79.8688,44.84929999526203],[79.9919,44.7936999952408],[79.998,44.793199995240634],[80.00930000000001,44.792499995240334],[80.0394,44.79039999523956],[80.1689,44.810399995247245],[80.2183,44.817999995250084],[80.2446,44.81599999524933],[80.26329999999999,44.80929999524675],[80.3145,44.78019999523567],[80.4761,44.73539999521851],[80.49230000000001,44.727999995215676],[80.49729999999997,44.71499999521073],[80.49189999999999,44.701599995205584],[80.4761,44.69359999520253],[80.41129999999998,44.68279999519834],[80.37639999999999,44.671199995193895],[80.3613,44.657699995188715],[80.35589999999999,44.652799995186804],[80.35439999999998,44.64169999518251],[80.3591,44.632499995178975],[80.3771,44.61519999517231],[80.38359999999999,44.602799995167516],[80.37999999999998,44.591299995163084],[80.3645,44.56969999515473],[80.3379,44.49399999512535],[80.3303,44.4528999951094],[80.33279999999999,44.41729999509547],[80.3731,44.270199995037814],[80.3731,44.230999995022366],[80.3461,44.1587999949938],[80.33889999999998,44.12149999497893],[80.3451,44.10299999497159],[80.35979999999999,44.089299994966176],[80.3922,44.06539999495666],[80.4037,44.04889999495006],[80.4099,44.03189999494324],[80.41240000000002,44.01359999493594],[80.41270000000002,43.993099994927746],[80.4232,43.97209999491932],[80.4397,43.948899994910015],[80.4761,43.91009999489444],[80.7126,43.45879999471063],[80.7101,43.425899994697055],[80.69429999999998,43.3946999946841],[80.6428,43.32609999465569],[80.65859999999999,43.3106999946493],[80.6961,43.303199994646164],[80.7353,43.28889999464022],[80.7486,43.27519999463449],[80.7558,43.25759999462718],[80.75909999999998,43.23819999461907],[80.75979999999998,43.21879999461098],[80.7652,43.199899994603086],[80.7882,43.16829999458986],[80.79149999999998,43.15669999458498],[80.7936,43.14939999458192],[80.7879,43.12809999457301],[80.7735,43.11289999456661],[80.75329999999998,43.10399999456288],[80.73169999999999,43.10099999456164],[80.7108,43.10469999456314],[80.66009999999999,43.132799994574995],[80.6183,43.13419999457554],[80.57580000000002,43.119299994569324],[80.5684,43.11519999456759],[80.5239,43.09059999455728],[80.4977,43.07609999455117],[80.49109999999999,43.07399999455026],[80.4811,43.07089999454897],[80.4102,43.048599994539536],[80.38289999999998,43.035499994534035],[80.36809999999997,43.028399994531036],[80.3551,43.000499994519274],[80.3739,42.975099994508504],[80.40770000000002,42.95459999449982],[80.4761,42.930299994489545],[80.5218,42.925399994487485],[80.5431,42.916699994483785],[80.5546,42.898899994476224],[80.55089999999998,42.886599994471],[80.5485,42.878499994467596],[80.52689999999998,42.86829999446324],[80.4761,42.863899994461356],[80.4642,42.860599994459946],[80.4448,42.855199994457635],[80.41779999999999,42.8477999944545],[80.4005,42.842999994452455],[80.3926,42.83809999445038],[80.3818,42.8313999944475],[80.33389999999999,42.817099994441435],[80.3166,42.81549999444074],[80.2817,42.82269999444383],[80.2648,42.82369999444424],[80.2611,42.821999994443495],[80.2482,42.81619999444102],[80.2273,42.79089999443025],[80.20539999999998,42.73109999440464],[80.18879999999999,42.70159999439202],[80.1525,42.660399994374345],[80.1438,42.64479999436763],[80.1402,42.622899994358214],[80.1453,42.60709999435141],[80.15349999999998,42.59149999434464],[80.1625,42.55229999432774],[80.17369999999997,42.53689999432107],[80.20000000000002,42.50839999430878],[80.21040000000002,42.49079999430113],[80.2122,42.478799994295954],[80.20819999999998,42.46969999429199],[80.2071,42.46739999429098],[80.2065,42.465899994290325],[80.1946,42.44629999428181],[80.19599999999998,42.43459999427675],[80.21869999999998,42.35479999424203],[80.2255,42.33899999423512],[80.2356,42.32449999422877],[80.2497,42.30989999422241],[80.26839999999999,42.23789999419088],[80.2639,42.22579999418556],[80.2605,42.216499994181525],[80.24889999999999,42.20489999417638],[80.21040000000002,42.189399994169555],[80.1665,42.20869999417805],[80.1366,42.23879999419129],[80.11,42.27329999420637],[80.07689999999998,42.305799994220635],[80.0121,42.34939999423962],[79.9849,42.379399994252694],[79.97389999999999,42.39149999425796],[79.97379999999998,42.39159999425806],[79.96019999999999,42.40349999426323],[79.9181,42.42439999427232],[79.6963,42.45969999428762],[79.6524,42.460999994288194],[79.64179999999999,42.45949999428756],[79.62280000000001,42.456799994286385],[79.57179999999998,42.44939999428318],[79.4764,42.453899994285166],[79.4256,42.46959999429193],[79.39830000000002,42.496999994303835],[79.35290000000002,42.577199994338486],[79.3212,42.60209999434923],[79.32049999999998,42.602399994349355],[79.3181,42.603199994349694],[79.24199999999999,42.62979999436114],[79.2064,42.656399994372634],[79.1923,42.67479999438049],[79.18190000000001,42.69359999438858],[79.1761,42.71389999439731],[79.176,42.71649999439844],[79.17509999999997,42.736899994407146],[79.1804,42.772499994422354],[79.1808,42.775399994423594],[79.1733,42.78559999442802],[79.1484,42.79089999443025],[79.13309999999998,42.788699994429265],[79.1088,42.78529999442787],[79.09439999999998,42.77989999442556],[79.03069999999998,42.75609999441536],[78.9929,42.75709999441577],[78.9544,42.76839999442062],[78.88809999999998,42.77109999442182],[78.80789999999999,42.79549999443218],[78.6873,42.80449999443604],[78.67,42.811099994438855],[78.6354,42.83239999444791],[78.5978,42.84869999445488],[78.5944,42.85009999445554],[78.58929999999998,42.85139999445605],[78.4961,42.87559999446634],[78.4295,42.88059999446845],[78.4268,42.88049999446843],[78.402,42.87909999446779],[78.3856,42.878199994467444],[78.3651,42.872599994465055],[78.3647,42.87249999446504],[78.33019999999999,42.856199994458095],[78.32829999999997,42.855299994457695],[78.31109999999998,42.85039999445563],[78.2902,42.85139999445605],[78.2491,42.862299994460685],[78.22969999999997,42.8649999944618],[78.18359999999997,42.860199994459755],[78.1623,42.860999994460094],[78.13789999999997,42.86189999446051],[78.1232,42.86089999446008],[78.1028,42.85949999445951],[78.04600000000002,42.85559999445784],[78.03060000000002,42.85459999445743],[77.9917,42.85949999445951],[77.9863,42.860199994459755],[77.9295,42.884899994470295],[77.9071,42.89119999447294],[77.88369999999999,42.893199994473804],[77.8611,42.89079999447279],[77.841,42.88219999446914],[77.83549999999998,42.87979999446812],[77.80990000000001,42.87119999446446],[77.7981,42.8774999944671],[77.78109999999997,42.895599994474836],[77.7265,42.905299994478916],[77.7138,42.9074999944799],[77.68980000000002,42.90829999448021],[77.64789999999999,42.90949999448074],[77.6271,42.906499994479475],[77.5745,42.88779999447152],[77.55789999999999,42.888099994471645],[77.5385,42.89619999447511],[77.5209,42.90679999447956],[77.5014,42.91449999448284],[77.4618,42.91439999448282],[77.4341,42.92139999448576],[77.4186,42.92229999448614],[77.40309999999998,42.919699994485036],[77.3997,42.91849999448458],[77.36099999999999,42.90449999447863],[77.3469,42.901499994477355],[77.3283,42.897499994475645],[77.22959999999999,42.90979999448085],[77.1951,42.90999999448095],[77.1789,42.91309999448225],[77.16369999999999,42.921999994486036],[77.13489999999999,42.95169999449862],[77.1241,42.95889999450168],[77.0899,42.96809999450559],[77.05939999999997,42.9718999945072],[77.00769999999999,42.978299994509904],[76.9765,42.98219999451157],[76.967,42.98529999451287],[76.9567,42.98849999451419],[76.93729999999996,42.985899994513126],[76.89769999999999,42.97449999450826],[76.88779999999998,42.97439999450823],[76.8773,42.974299994508215],[76.8651,42.97419999450819],[76.85340000000001,42.97409999450812],[76.8353,42.97179999450714],[76.8336,42.97159999450706],[76.81419999999999,42.96149999450277],[76.7992,42.94839999449723],[76.79289999999999,42.94299999449492],[76.78539999999997,42.939599994493506],[76.76129999999999,42.941999994494516],[76.7541,42.94069999449402],[76.75289999999998,42.93809999449289],[76.7505,42.932599994490545],[76.74609999999998,42.928799994488905],[76.708,42.91369999448257],[76.6889,42.910199994481],[76.6669,42.91069999448123],[76.6443,42.91109999448141],[76.6057,42.89849999447607],[76.58489999999999,42.8947999944745],[76.5589,42.898199994475924],[76.5067,42.91439999448282],[76.50379999999998,42.91469999448295],[76.4805,42.91699999448392],[76.46209999999998,42.91099999448137],[76.4322,42.88949999447226],[76.4142,42.88549999447057],[76.40449999999998,42.88919999447211],[76.3933,42.90519999447891],[76.3829,42.90999999448095],[76.371,42.90949999448074],[76.3512,42.90279999447789],[76.3404,42.901699994477404],[76.30250000000001,42.910199994481],[76.2781,42.9156999944834],[76.2544,42.92109999448565],[76.2325,42.92109999448565],[76.1637,42.92109999448565],[76.1361,42.92609999448777],[76.09059999999997,42.934299994491276],[76.0647,42.93389999449107],[76.0184,42.92229999448614],[75.99909999999998,42.91749999448415],[75.9765,42.91869999448466],[75.898,42.93569999449185],[75.8591,42.93969999449352],[75.83099999999999,42.93809999449289],[75.8004,42.93629999449212],[75.79720000000002,42.936099994492004],[75.78209999999999,42.933299994490845],[75.7705,42.925599994487584],[75.73809999999999,42.861599994460356],[75.7277,42.84859999445483],[75.7039,42.83039999444707],[75.6751,42.81539999444069],[75.65270000000001,42.808099994437605],[75.6463,42.80609999443675],[75.6204,42.80519999443637],[75.55600000000001,42.82519999444489],[75.53579999999998,42.826999994445636],[75.4966,42.82399999444437],[75.2712,42.84569999445359],[75.2046,42.84509999445332],[75.1787,42.84959999445524],[75.1182,42.87649999446671],[75.0941,42.89019999447254],[75.06600000000002,42.90249999447775],[75.0055,42.9163999944837],[74.9767,42.926399994487895],[74.94869999999999,42.944899994495785],[74.86299999999999,42.975799994508826],[74.7507,42.98969999451473],[74.74889999999998,42.98999999451486],[74.71389999999998,42.999799994518995],[74.6113,43.05809999454355],[74.59689999999999,43.07019999454867],[74.57209999999999,43.102099994562124],[74.5581,43.11499999456751],[74.53929999999998,43.1228999945708],[74.49829999999999,43.131099994574285],[74.46269999999998,43.14869999458161],[74.42049999999999,43.15179999458293],[74.4004,43.15949999458615],[74.3489,43.19099999459939],[74.32009999999998,43.2015999946038],[74.287,43.20719999460617],[74.2585,43.215799994609746],[74.20779999999999,43.249699994623846],[74.1931,43.255699994626404],[74.17859999999999,43.26169999462888],[74.2044,43.23569999461804],[74.20599999999997,43.23409999461735],[74.2164,43.21689999461023],[74.2162,43.215499994609594],[74.21389999999998,43.20259999460422],[74.19869999999997,43.19629999460159],[74.1973,43.19569999460134],[74.0624,43.18379999459636],[74.04,43.18189999459553],[74.02340000000001,43.18579999459716],[74.02129999999998,43.186299994597405],[73.9853,43.21159999460797],[73.96549999999999,43.21689999461023],[73.957,43.2120999946082],[73.9349,43.19959999460297],[73.9018,43.130899994574186],[73.86429999999997,43.115999994567886],[73.8499,43.11649999456812],[73.8229,43.11729999456846],[73.80570000000002,43.114699994567395],[73.7375,43.09389999455865],[73.6339,43.06239999454539],[73.58679999999998,43.04219999453687],[73.5818,43.038999994535516],[73.5709,43.03189999453249],[73.5598,43.01729999452638],[73.5395,42.97409999450812],[73.52169999999998,42.93629999449212],[73.52160000000002,42.936099994492004],[73.5011,42.909199994480595],[73.4946,42.897599994475705],[73.49319999999999,42.89489999447454],[73.4896,42.87779999446724],[73.49209999999997,42.860999994460094],[73.5043,42.82749999444586],[73.50720000000001,42.80939999443812],[73.5036,42.7939999944316],[73.4237,42.662699994375316],[73.4125,42.627299994360065],[73.41,42.58949999434381],[73.41759999999998,42.55609999432941],[73.428,42.53499999432031],[73.43309999999998,42.52489999431589],[73.4487,42.5024999943062],[73.5051,42.421499994271045],[73.5051,42.41739999426929],[73.5051,42.40289999426293],[73.47699999999998,42.39909999426131],[73.41759999999998,42.41699999426911],[73.3261,42.42869999427417],[73.3143,42.441599994279755],[73.3141,42.44499999428124],[73.31349999999998,42.463199994289155],[73.31640000000002,42.49369999430236],[73.30679999999998,42.502099994306015],[73.3013,42.50699999430814],[73.29139999999998,42.509699994309315],[73.2783,42.51339999431093],[73.26,42.51439999431138],[73.20699999999998,42.51709999431254],[73.18899999999998,42.520699994314064],[73.1683,42.531199994318655],[73.1526,42.53919999432208],[73.1152,42.5507999943271],[73.0705,42.55189999432757],[72.9437,42.53619999432078],[72.94239999999999,42.53599999432073],[72.9216,42.53649999432093],[72.9084,42.53689999432107],[72.90820000000001,42.53689999432107],[72.8747,42.54389999432413],[72.8409,42.55559999432917],[72.8396,42.55649999432956],[72.8153,42.57289999433663],[72.7807,42.620499994357175],[72.757,42.64019999436566],[72.7257,42.652799994371044],[72.6571,42.66509999437636],[72.58379999999998,42.67829999438201],[72.51179999999998,42.67759999438172],[72.5073,42.678199994381956],[72.4914,42.680499994382934],[72.4769,42.682599994383835],[72.3585,42.74139999440906],[72.348,42.744499994410404],[72.2922,42.760999994417496],[72.1641,42.76499999441919],[72.1489,42.76199999441786],[72.1201,42.751799994413545],[72.10499999999998,42.7502999944129],[72.0833,42.754899994414835],[72.0726,42.75709999441577],[72.0087,42.78329999442699],[71.99129999999998,42.790399994430025],[71.95709999999998,42.80449999443604],[71.89549999999998,42.815899994440905],[71.8476,42.83399999444863],[71.8314,42.831499994447555],[71.7969,42.82219999444363],[71.7825,42.821699994443385],[71.72629999999997,42.819699994442566],[71.6991,42.81309999443972],[71.6935,42.81179999443913],[71.5837,42.75959999441688],[71.5665,42.75729999441589],[71.5539,42.7607999944174],[71.51429999999999,42.78559999442802],[71.5042,42.78959999442968],[71.49369999999998,42.78889999442941],[71.47720000000001,42.78349999442708],[71.4681,42.78569999442801],[71.42890000000001,42.79549999443218],[71.4255,42.79539999443217],[71.40450000000001,42.79489999443196],[71.3868,42.782999994426866],[71.3764,42.76829999442059],[71.36309999999999,42.754099994414545],[71.34759999999999,42.74279999440965],[71.32990000000001,42.736899994407146],[71.3083,42.740099994408524],[71.28459999999998,42.748399994412075],[71.2719,42.75139999441335],[71.2626,42.75349999441427],[71.24529999999999,42.74709999441151],[71.2237,42.71789999439904],[71.2115,42.70519999439355],[71.1953,42.69719999439016],[71.1575,42.68789999438614],[71.1489,42.67779999438177],[71.1463,42.65679999437278],[71.14809999999999,42.6172999943558],[71.1433,42.60409999435009],[71.1427,42.602599994349454],[71.1269,42.59049999434426],[71.0405,42.58049999433993],[71.00310000000002,42.563499994332595],[71.00469999999999,42.55709999432984],[71.0128,42.52599999431638],[71.0229,42.516399994312195],[71.0578,42.49339999430222],[71.0664,42.4820999942974],[71.0651,42.47499999429429],[71.06429999999999,42.47029999429222],[71.0549,42.46029999428791],[71.0409,42.454699994285484],[71.0247,42.455899994285986],[70.97710000000001,42.478799994295954],[70.9662,42.470999994292576],[70.962,42.46799999429125],[70.94759999999997,42.45129999428403],[70.93609999999998,42.431599994275416],[70.93309999999998,42.42199999427124],[70.9324,42.41989999427038],[70.93,42.41219999426701],[70.9318,42.401499994262345],[70.9375,42.3947999942594],[70.9394,42.388599994256744],[70.93969999999997,42.387799994256405],[70.9329,42.37619999425132],[70.90049999999998,42.34669999423845],[70.88159999999999,42.333399994232664],[70.86479999999999,42.32149999422747],[70.8643,42.32089999422723],[70.8526,42.3060999942207],[70.858,42.29099999421411],[70.8917,42.2661999942033],[70.8956,42.26329999420203],[70.8979,42.26149999420123],[70.91879999999999,42.25339999419767],[70.9323,42.25089999419655],[70.948,42.24809999419533],[70.8799,42.206899994177206],[70.8425,42.192599994170976],[70.80469999999998,42.18839999416913],[70.76169999999999,42.19729999417307],[70.75829999999999,42.19799999417335],[70.73409999999998,42.19729999417307],[70.7197,42.182799994166636],[70.71179999999997,42.16419999415848],[70.701,42.15089999415262],[70.6733,42.1258999941416],[70.6614,42.10969999413445],[70.64990000000002,42.09339999412726],[70.63149999999999,42.05679999411111],[70.6103,42.02739999409809],[70.58170000000001,42.01719999409361],[70.579,42.016299994093146],[70.55519999999999,42.01869999409419],[70.5343,42.02499999409703],[70.5189,42.036599994102204],[70.512,42.05529999411047],[70.50449999999998,42.06849999411628],[70.4886,42.08179999412214],[70.4703,42.09149999412642],[70.46480000000001,42.0922999941268],[70.45549999999999,42.09369999412739],[70.4347,42.086999994124454],[70.42200000000001,42.08289999412265],[70.3579,42.062199994113456],[70.3151,42.03459999410128],[70.2903,41.993799994083226],[70.2831,41.97619999407537],[70.27049999999997,41.96549999407062],[70.2539,41.958999994067774],[70.23589999999999,41.95429999406568],[70.21859999999998,41.94689999406237],[70.2042,41.93579999405741],[70.13649999999998,41.84809999401839],[70.1323,41.844399994016726],[70.11099999999999,41.82589999400844],[70.0527,41.79369999399404],[70.032,41.782299993988964],[70.0278,41.77999999398789],[69.9745,41.765199993981284],[69.972,41.76449999398097],[69.95649999999999,41.75509999397677],[69.9428,41.739599993969776],[69.9147,41.714999993958784],[69.9122,41.712899993957826],[69.8708,41.699599993951836],[69.75959999999999,41.696399993950415],[69.7252,41.68919999394717],[69.62459999999999,41.66819999393773],[69.6077,41.65819999393324],[69.57890000000002,41.63329999392202],[69.47739999999999,41.57309999389482],[69.4205,41.559499993888686],[69.39379999999998,41.544899993882076],[69.38089999999998,41.51879999387027],[69.3845,41.50819999386548],[69.40099999999997,41.48519999385503],[69.4025,41.474699993850265],[69.3906,41.469699993848046],[69.3312,41.47789999385173],[69.3161,41.474699993850265],[69.2776,41.45609999384184],[69.2628,41.454599993841114],[69.26,41.45529999384152],[69.234,41.46239999384473],[69.23329999999999,41.462599993844805],[69.2171,41.45999999384362],[69.2098,41.456499993842],[69.1627,41.4339999938318],[69.1573,41.42999999382997],[69.1382,41.41589999382359],[69.12819999999999,41.39519999381413],[69.1094,41.40059999381661],[69.09069999999998,41.396299993814644],[69.04429999999999,41.37919999380686],[69.03599999999997,41.37399999380451],[69.0317,41.3669999938013],[69.034,41.35949999379792],[69.0342,41.35869999379752],[69.0465,41.34769999379253],[69.04700000000001,41.347299993792326],[69.0511,41.34369999379071],[69.05399999999999,41.331899993785306],[69.05470000000001,41.31529999377777],[69.0392,41.220299993734244],[69.03129999999999,41.208699993728956],[69.01399999999998,41.19599999372306],[68.9798,41.17819999371491],[68.9438,41.16479999370877],[68.901,41.16059999370682],[68.88009999999998,41.155499993704495],[68.86749999999999,41.14249999369852],[68.84230000000001,41.110099993683576],[68.77389999999998,41.08719999367308],[68.7462,41.06369999366219],[68.72639999999998,41.02049999364226],[68.7095,40.98369999362525],[68.6893,40.964899993616555],[68.68519999999998,40.963499993615905],[68.66569999999999,40.957099993612914],[68.6426,40.94939999360933],[68.6278,40.94449999360711],[68.6,40.93009999360042],[68.5892,40.906599993589516],[68.57970000000002,40.9101999935912],[68.5709,40.91349999359273],[68.5705,40.90249999358763],[68.57299999999998,40.88009999357721],[68.57200000000002,40.870399993572704],[68.56549999999999,40.85909999356743],[68.55319999999998,40.85039999356338],[68.54959999999998,40.835099993556256],[68.5597,40.75129999351721],[68.56619999999998,40.73249999350846],[68.57449999999999,40.724399993504655],[68.5842,40.72029999350273],[68.60940000000001,40.71569999350057],[68.6087,40.7077999934969],[68.6083,40.70329999349473],[68.6123,40.690499993488764],[68.6188,40.678199993483034],[68.62739999999998,40.66709999347784],[68.6256,40.660299993474666],[68.6011,40.62999999346044],[68.6206,40.622299993456814],[68.61410000000001,40.609099993450656],[68.5928,40.59949999344611],[68.56619999999998,40.602499993447545],[68.52619999999999,40.61749999345458],[68.5147,40.619099993455315],[68.50539999999998,40.614199993453],[68.49999999999999,40.605699993449015],[68.49240000000002,40.598699993445756],[68.47730000000001,40.59919999344599],[68.46499999999999,40.589599993441446],[68.46499999999999,40.58949999344143],[68.4618,40.584599993439156],[68.38149999999999,40.61669999345418],[68.345,40.63129999346105],[68.226,40.678799993483295],[68.159,40.71909999350214]]]}},{"type":"Feature","properties":{"ADMIN":"KAZ_N","ISO_A3":"KAZ","admin_source":"World Bank GAD, artifact wb_boundaries_20260820","admin_units":"Akmolinskaya, Aktyubinskaya, Karagandinskaya, Kustanayskaya, Pavlodarskaya, Severo-kazachstanskaya, Vostochno-kazachstanskaya","epm_zone":"KAZ_N","epm_country":"KAZ","split_rationale":"Kazakhstan's UPS is three weakly-coupled zones. The Northern zone is the coal belt synchronised with Russia; it is linked to the South only by the North-South 500 kV transit, which is the constraint the model represents as the KAZ_N-KAZ_S corridor.","grid_area":"KEGOC Northern zone","model_plants":"Ekibastuz GRES-1/2, Aksu, Karaganda, Petropavlovsk, Ust-Kamenogorsk"},"geometry":{"type":"Polygon","coordinates":[[[54.59139999999999,50.54239999703531],[54.60339999999999,50.548999997036915],[54.6475,50.57329999704283],[54.6763,50.60259999704989],[54.6734,50.63439999705766],[54.639199999999995,50.70709999707514],[54.63849999999999,50.7280999970802],[54.6511,50.76559999708909],[54.650400000000005,50.78639999709409],[54.64539999999999,50.792699997095546],[54.63019999999999,50.80369999709818],[54.62700000000001,50.81159999710005],[54.62989999999999,50.82029999710214],[54.64609999999999,50.83779999710628],[54.651799999999994,50.846299997108275],[54.6382,50.885799997117665],[54.5838,50.905699997122284],[54.525800000000004,50.91649999712487],[54.50279999999999,50.92829999712761],[54.5158,50.93739999712977],[54.5348,50.943699997131205],[54.54599999999999,50.953399997133474],[54.5251,50.99119999714231],[54.53379999999999,51.00329999714514],[54.55279999999999,51.01019999714677],[54.57829999999999,51.01539999714799],[54.622099999999996,51.0244999971501],[54.6382,51.02779999715085],[54.662299999999995,51.02789999715088],[54.68569999999998,51.02359999714987],[54.69369999999999,51.02089999714924],[54.7069,51.01629999714821],[54.74619999999999,50.99299999714274],[54.8117,50.972399997137934],[54.8311,50.95939999713487],[54.861399999999996,50.933899997128925],[54.894099999999995,50.91249999712387],[55.047799999999995,50.884299997117274],[55.06329999999999,50.86219999711205],[55.06159999999999,50.823699997102935],[55.0615,50.822699997102696],[55.0665,50.81699999710137],[55.08379999999999,50.796999997096584],[55.3052,50.66499999706498],[55.329399999999985,50.65509999706264],[55.3477,50.65139999706174],[55.3661,50.652599997062],[55.3811,50.65519999706268],[55.3853,50.65599999706288],[55.41609999999999,50.6613999970641],[55.4424,50.66169999706421],[55.46759999999999,50.65699999706313],[55.491,50.645799997060394],[55.505799999999994,50.630199997056586],[55.5137,50.61409999705273],[55.5241,50.60079999704951],[55.570599999999985,50.5884999970466],[55.58599999999999,50.578399997044116],[55.6166,50.54999999703713],[55.65979999999999,50.53009999703229],[55.6944,50.53879999703446],[55.71499999999999,50.5528999970379],[55.743199999999995,50.57209999704257],[55.76069999999999,50.583999997045424],[55.76500000000001,50.586899997046125],[55.78299999999999,50.59329999704766],[55.87319999999999,50.62549999705551],[55.914699999999996,50.64029999705908],[55.9324,50.646599997060584],[55.943,50.65219999706193],[56.07889999999999,50.72479999707941],[56.1001,50.74789999708489],[56.13759999999999,50.86879999711363],[56.147600000000004,50.892399997119185],[56.1584,50.90559999712228],[56.175,50.908699997123],[56.17609999999999,50.908399997122935],[56.2582,50.88449999711733],[56.288799999999995,50.8803999971163],[56.3154,50.883799997117166],[56.33559999999999,50.89589999711997],[56.3386,50.901499997121306],[56.343799999999995,50.91149999712369],[56.35029999999999,50.948099997132246],[56.36509999999999,50.95799999713454],[56.375099999999996,50.958899997134786],[56.4158,50.96269999713566],[56.4186,50.9649999971362],[56.432,50.976299997138845],[56.432,50.98989999714208],[56.4205,51.01859999714875],[56.42119999999999,51.03349999715217],[56.430600000000005,51.04549999715494],[56.44639999999998,51.056599997157555],[56.47849999999998,51.07299999716136],[56.48259999999999,51.072099997161146],[56.507999999999996,51.0662999971598],[56.5966,50.983999997140664],[56.616699999999994,50.97839999713934],[56.688399999999994,50.96909999713715],[56.70739999999999,50.97059999713754],[56.70859999999998,50.976299997138845],[56.7096,50.98159999714013],[56.7028,50.99819999714396],[56.6826,51.0304999971515],[56.6804,51.04979999715595],[56.69449999999999,51.06359999715914],[56.703799999999994,51.06739999716007],[56.7161,51.07239999716124],[56.735499999999995,51.07759999716241],[56.76,51.08029999716302],[56.77620000000001,51.075999997162036],[56.813599999999994,51.0570999971577],[56.838499999999996,51.051399997156324],[56.86509999999999,51.05179999715641],[56.89139999999999,51.056599997157555],[56.91589999999999,51.06429999715936],[56.9411,51.06839999716027],[56.9796,51.065799997159715],[57.0051,51.06409999715931],[57.025299999999994,51.06269999715894],[57.0725,51.069699997160555],[57.08769999999999,51.075799997162015],[57.13799999999999,51.09589999716662],[57.1436,51.09729999716699],[57.15459999999999,51.10009999716758],[57.16819999999999,51.09379999716618],[57.18119999999998,51.07359999716152],[57.18979999999999,51.0349999971525],[57.1974,51.01729999714842],[57.21359999999999,51.01019999714677],[57.237,51.00949999714663],[57.2564,51.00599999714578],[57.272999999999996,50.99749999714376],[57.2885,50.981299997140006],[57.297499999999985,50.9649999971362],[57.3101,50.92929999712785],[57.3191,50.913299997124106],[57.3342,50.89739999712035],[57.35260000000001,50.885999997117665],[57.418099999999995,50.86239999711209],[57.44290000000001,50.85779999711098],[57.46779999999999,50.858499997111146],[57.4915,50.86689999711319],[57.5036,50.87709999711554],[57.50879999999999,50.881399997116596],[57.52000000000001,50.89659999712013],[57.52509999999999,50.90189999712138],[57.5329,50.909999997123286],[57.555999999999976,50.91869999712535],[57.59630000000001,50.91569999712467],[57.68920000000001,50.896899997120215],[57.7223,50.908699997123],[57.731700000000004,50.92719999712733],[57.737399999999994,50.938399997129984],[57.737799999999986,50.97099999713759],[57.72799999999999,51.03709999715301],[57.73449999999999,51.073899997161526],[57.767799999999994,51.11839999717182],[57.768699999999995,51.119699997172184],[57.7961,51.12319999717294],[57.84179999999999,51.10579999716896],[57.85759999999999,51.10349999716836],[57.86099999999998,51.10349999716836],[57.875400000000006,51.10349999716836],[57.912399999999984,51.10349999716836],[57.925,51.09959999716748],[57.93399999999998,51.09409999716622],[57.950199999999995,51.07929999716285],[57.960199999999986,51.07759999716241],[57.9883,51.087499997164734],[58.0772,51.09809999716717],[58.08410000000001,51.096599997166756],[58.085999999999984,51.09469999716637],[58.0888,51.09189999716574],[58.09060000000001,51.07819999716259],[58.0909,51.07619999716208],[58.101199999999984,51.07119999716094],[58.1039,51.06989999716062],[58.1136,51.06529999715956],[58.14059999999999,51.056699997157594],[58.16759999999999,51.05529999715726],[58.190599999999996,51.06559999715961],[58.20250000000001,51.08349999716376],[58.2045,51.08829999716488],[58.21150000000001,51.10489999716871],[58.216899999999995,51.112999997170576],[58.22379999999999,51.12319999717294],[58.2454,51.130799997174734],[58.267999999999994,51.13459999717554],[58.308399999999985,51.150199997179186],[58.32350000000001,51.14199999717729],[58.35370000000001,51.12209999717267],[58.36599999999999,51.10889999716964],[58.371,51.08199999716342],[58.3778,51.07069999716082],[58.397999999999996,51.06369999715915],[58.52039999999999,51.06199999715879],[58.56360000000001,51.04929999715589],[58.5949,51.02339999714986],[58.602500000000006,50.981299997140006],[58.59989999999999,50.97329999713818],[58.59699999999999,50.96449999713606],[58.596399999999996,50.96249999713558],[58.585199999999986,50.94779999713219],[58.570800000000006,50.936099997129475],[58.5542,50.92549999712692],[58.54669999999999,50.91199999712383],[58.5503,50.89329999711938],[58.56000000000001,50.87519999711515],[58.5715,50.863499997112356],[58.5906,50.8610999971118],[58.641,50.863499997112356],[58.6511,50.85339999710995],[58.6439,50.81469999710075],[58.6468,50.80139999709766],[58.66439999999999,50.789999997094945],[58.69,50.78839999709456],[58.7195,50.7934999970958],[58.7479,50.79509999709612],[58.76840000000001,50.78279999709322],[58.78499999999998,50.749699997085315],[58.79399999999998,50.737699997082416],[58.811599999999984,50.72559999707958],[58.8869,50.68909999707084],[58.9261,50.6781999970682],[59.19760000000001,50.66269999706445],[59.21949999999999,50.65839999706345],[59.2357,50.64469999706012],[59.2469,50.62969999705648],[59.25909999999998,50.620399997054236],[59.27320000000001,50.616099997053205],[59.2908,50.61549999705308],[59.38659999999999,50.63039999705667],[59.43769999999999,50.63109999705684],[59.47800000000001,50.614399997052836],[59.4982,50.59979999704926],[59.5511,50.585999997045896],[59.56329999999999,50.57989999704443],[59.5627,50.574099997043035],[59.5604,50.553799997038084],[59.53519999999999,50.546699997036356],[59.47800000000001,50.552499997037785],[59.460499999999996,50.54239999703531],[59.45170000000001,50.53739999703411],[59.450599999999994,50.522299997030466],[59.466100000000004,50.50749999702684],[59.522600000000004,50.47469999701879],[59.555,50.48439999702114],[59.58779999999999,50.506199997026485],[59.622400000000006,50.52419999703089],[59.6731,50.52959999703222],[59.725300000000004,50.52779999703181],[59.77460000000001,50.53379999703322],[59.78329999999999,50.5398999970347],[59.815699999999985,50.56299999704033],[59.859199999999994,50.62269999705478],[59.8722,50.63599999705801],[59.9039,50.66029999706389],[59.914999999999985,50.673899997067146],[59.9197,50.690899997071256],[59.914,50.72599999707968],[59.914699999999996,50.74599999708443],[59.920100000000005,50.7630999970885],[59.962199999999996,50.829599997104346],[59.969,50.837499997106185],[59.978,50.84379999710765],[60.02119999999999,50.85409999711013],[60.0832,50.857199997110875],[60.1361,50.84449999710786],[60.14039999999999,50.83459999710554],[60.1523,50.807699997099085],[60.154799999999994,50.77089999709036],[60.1768,50.74229999708358],[60.209500000000006,50.71979999707814],[60.2455,50.702099997073915],[60.30060000000001,50.68479999706978],[60.3069,50.68429999706968],[60.5918,50.662399997064355],[60.7186,50.65269999706206],[60.78419999999999,50.659499997063726],[60.8183,50.66299999706454],[61.008499999999984,50.704099997074394],[61.37200000000001,50.78249999709312],[61.38689999999999,50.791899997095385],[61.40399999999999,50.802699997097925],[61.42700000000001,50.8331999971052],[61.441799999999986,50.87509999711507],[61.4569,50.965099997136285],[61.513099999999994,51.1595999971813],[61.534299999999995,51.206099997191984],[61.566599999999994,51.23319999719811],[61.567399999999985,51.23389999719832],[61.5867,51.24069999719987],[61.611,51.24929999720185],[61.663599999999995,51.25849999720389],[61.593,51.27789999720833],[61.56309999999999,51.29549999721232],[61.53859999999999,51.323199997218566],[61.4983,51.400599997235965],[61.49089999999999,51.408199997237745],[61.47379999999999,51.42589999724167],[61.43749999999999,51.432399997243124],[61.3936,51.449799997247034],[61.356099999999984,51.45969999724921],[61.342099999999995,51.458499997248985],[61.3183,51.45349999724779],[61.30500000000001,51.45299999724771],[61.29130000000001,51.455099997248205],[61.2571,51.46709999725088],[61.23299999999999,51.47059999725165],[61.1639,51.46709999725088],[61.14159999999999,51.469299997251376],[61.102,51.47819999725336],[61.08140000000001,51.48029999725383],[61.04829999999999,51.47899999725353],[61.02919999999999,51.48269999725433],[61.0231,51.48559999725502],[61.004,51.50079999725836],[60.97089999999999,51.51559999726164],[60.95899999999999,51.52489999726369],[60.944599999999994,51.54439999726802],[60.9374,51.5568999972708],[60.934599999999996,51.5658999972728],[60.933499999999995,51.59849999728002],[60.9374,51.611199997282746],[60.93449999999999,51.61129999728273],[60.51520000000001,51.617999997284244],[60.5058,51.6197999972846],[60.5,51.627099997286216],[60.49679999999999,51.64059999728917],[60.4954,51.64629999729043],[60.484599999999986,51.650999997291514],[60.3963,51.66039999729354],[60.37579999999999,51.662599997294],[60.355,51.67149999729598],[60.3559,51.68899999729979],[60.35600000000001,51.69069999730014],[60.35600000000001,51.69239999730051],[60.3715,51.705299997303335],[60.4183,51.71939999730637],[60.43739999999998,51.72839999730836],[60.44140000000001,51.73629999731005],[60.44029999999999,51.75409999731395],[60.4457,51.76009999731523],[60.46579999999999,51.76919999731721],[60.475599999999986,51.77619999731872],[60.4799,51.78429999732047],[60.46169999999999,51.79829999732348],[60.45219999999999,51.80559999732504],[60.3576,51.82009999732815],[60.2743,51.832899997330905],[60.17210000000001,51.88039999734109],[60.1554,51.88459999734199],[60.13819999999999,51.88889999734292],[60.126400000000004,51.87909999734086],[60.12149999999999,51.87039999733898],[60.11769999999999,51.86349999733749],[60.0922,51.85479999733562],[60.060799999999986,51.85869999733647],[60.03999999999999,51.87129999733915],[59.99459999999999,51.93639999735307],[59.985600000000005,51.95229999735645],[59.98740000000001,51.96889999735997],[60.00199999999999,51.9907999973646],[60.0032,51.99259999736499],[60.061400000000006,51.992699997365],[60.2027,51.99279999736505],[60.3478,52.08959999738538],[60.425900000000006,52.129599997393726],[60.4964,52.14899999739776],[60.5065,52.15179999739836],[60.562299999999986,52.15029999739802],[60.6181,52.142999997396515],[60.672099999999986,52.14449999739686],[60.69550000000001,52.15609999739929],[60.7229,52.16959999740211],[60.7628,52.210299997410544],[60.7779,52.21879999741229],[60.781199999999984,52.22059999741265],[60.818200000000004,52.23039999741465],[60.86089999999999,52.24169999741699],[60.87660000000001,52.24589999741788],[60.88640000000001,52.25019999741877],[60.8968,52.25479999741968],[60.9475,52.28969999742683],[60.9659,52.29959999742891],[60.9906,52.308599997430726],[61.00840000000001,52.314999997432004],[61.03340000000001,52.330899997435296],[61.03999999999999,52.33509999743622],[60.9612,52.40199999744976],[60.95580000000001,52.419899997453435],[60.95149999999999,52.46109999746175],[60.944599999999994,52.47919999746537],[60.93639999999999,52.488599997467254],[60.9241,52.49379999746832],[60.83120000000001,52.5131999974722],[60.81499999999998,52.521999997473955],[60.81000000000001,52.53839999747726],[60.8143,52.58589999748674],[60.81360000000001,52.60549999749067],[60.80859999999999,52.621299997493715],[60.80319999999999,52.627699997494965],[60.794999999999995,52.62859999749522],[60.7931,52.628899997495296],[60.76230000000001,52.62679999749481],[60.741600000000005,52.6253999974946],[60.72430000000001,52.62629999749474],[60.71170000000001,52.63229999749591],[60.6998,52.65279999749995],[60.6768,52.66359999750212],[60.67249999999999,52.67219999750384],[60.6736,52.693799997508115],[60.696200000000005,52.73489999751614],[60.71269999999999,52.7410999975174],[60.7387,52.7508999975193],[60.78730000000001,52.757899997520674],[60.8291,52.771699997523314],[60.830600000000004,52.77299999752361],[60.843099999999986,52.7840999975258],[60.8669,52.81229999753123],[60.88489999999999,52.825399997533815],[60.886300000000006,52.82609999753395],[60.90399999999999,52.835999997535886],[60.98100000000001,52.87899999754414],[61.006599999999985,52.893299997546954],[61.046399999999984,52.91549999755118],[61.0542,52.91989999755208],[61.05839999999999,52.9221999975525],[60.97449999999999,52.971299997561886],[61.0136,52.97159999756196],[61.05229999999999,52.971899997562],[61.076499999999996,52.97599999756282],[61.0886,52.97799999756319],[61.12279999999999,52.992599997565954],[61.15560000000001,53.009699997569186],[61.188100000000006,53.01299999756985],[61.1902,53.013299997569916],[61.2251,53.006399997568614],[61.2586,52.992599997565954],[61.28739999999999,52.98519999756459],[61.3183,52.982499997564055],[61.34930000000001,52.98489999756448],[61.3763,52.99249999756594],[61.37659999999999,52.992599997565954],[61.4242,53.0173999975707],[61.441,53.02019999757122],[61.4483,53.02139999757142],[61.4782,53.01239999756977],[61.5145,52.992599997565954],[61.574299999999994,52.95589999755899],[61.60559999999999,52.94839999755748],[61.62850000000001,52.95709999755922],[61.6366,52.960199997559805],[61.656000000000006,52.97089999756185],[61.675399999999996,52.97359999756233],[61.67789999999999,52.97339999756234],[61.71790000000001,52.96999999756166],[61.81980000000001,52.97829999756322],[61.8565,52.97019999756171],[61.92239999999999,52.9382999975556],[61.95910000000001,52.93499999755493],[62.02739999999999,52.95099999755798],[62.0332,52.952399997558295],[62.03470000000001,52.952699997558376],[62.03860000000001,52.954499997558656],[62.07249999999999,52.96959999756159],[62.0941,52.99249999756594],[62.113600000000005,53.04189999757538],[62.1161,53.0645999975796],[62.10819999999999,53.08869999758419],[62.08329999999999,53.113299997588875],[62.0506,53.12489999759106],[61.83529999999999,53.15119999759594],[61.76440000000001,53.169499997599374],[61.705000000000005,53.203599997605764],[61.66429999999999,53.23889999761238],[61.643,53.243399997613174],[61.6368,53.241299997612785],[61.567099999999996,53.21799999760843],[61.5473,53.211499997607234],[61.514199999999995,53.208699997606715],[61.4782,53.215199997607954],[61.3799,53.26199999761664],[61.344999999999985,53.27009999761813],[61.2496,53.26969999761803],[61.20279999999999,53.2763999976193],[61.162800000000004,53.29919999762353],[61.1426,53.323099997627885],[61.13359999999999,53.348099997632524],[61.1372,53.37319999763715],[61.156,53.39679999764139],[61.1565,53.397299997641525],[61.175899999999984,53.41429999764461],[61.20100000000001,53.43629999764864],[61.20999999999999,53.44989999765111],[61.2143,53.46189999765331],[61.2182,53.4926999976589],[61.235199999999985,53.50309999766071],[61.2561,53.50599999766124],[61.26109999999999,53.50669999766142],[61.28770000000001,53.50319999766076],[61.30719999999999,53.4926999976589],[61.32839999999999,53.4707999976549],[61.3536,53.44989999765111],[61.3817,53.436099997648576],[61.41230000000001,53.43579999764853],[61.43749999999999,53.4465999976505],[61.47979999999999,53.47369999765544],[61.488600000000005,53.47929999765642],[61.514900000000004,53.492499997658804],[61.5169,53.49319999765896],[61.55519999999999,53.50579999766125],[61.553599999999996,53.509699997661954],[61.5282,53.57169999767311],[61.51670000000001,53.58579999767558],[61.502999999999986,53.5889999976762],[61.39029999999999,53.58849999767613],[61.37839999999999,53.58609999767567],[61.3612,53.5826999976751],[61.33209999999998,53.55849999767076],[61.31619999999999,53.54519999766837],[61.28089999999999,53.54249999766785],[61.1405,53.56279999767153],[61.1214,53.56979999767274],[61.11459999999999,53.57619999767392],[61.103399999999986,53.59249999767685],[61.09619999999999,53.59929999767805],[61.04649999999998,53.60839999767967],[60.9072,53.61369999768057],[60.88020000000001,53.63289999768402],[60.8985,53.65089999768724],[60.904699999999984,53.657099997688384],[61.0076,53.63579999768457],[61.04010000000001,53.652899997687584],[61.042599999999986,53.654199997687854],[61.04469999999999,53.66669999769004],[61.04469999999999,53.691399997694404],[61.05229999999999,53.70329999769654],[61.053700000000006,53.703799997696635],[61.0678,53.708899997697465],[61.107,53.71249999769821],[61.1139,53.721399997699734],[61.11559999999999,53.72359999770013],[61.127500000000005,53.747199997704314],[61.15159999999999,53.765299997707494],[61.17860000000001,53.7808999977102],[61.19919999999999,53.79719999771305],[61.202000000000005,53.81969999771695],[61.17719999999999,53.83279999771929],[61.142299999999985,53.84199999772084],[61.1149,53.85239999772265],[61.0951,53.870199997725734],[61.085,53.875299997726685],[61.0652,53.87849999772717],[60.9997,53.87949999772743],[60.97809999999999,53.88259999772796],[60.971299999999985,53.893099997729756],[60.96949999999998,53.90419999773168],[60.9716,53.915799997733664],[60.97809999999999,53.926699997735525],[60.9961,53.94139999773807],[61.01740000000001,53.94899999773941],[61.0192,53.94929999773942],[61.05890000000001,53.95469999774032],[61.06379999999999,53.95529999774051],[61.08769999999999,53.95609999774061],[61.09619999999999,53.95629999774065],[61.14519999999999,53.95019999773962],[61.15200000000001,53.945399997738804],[61.1632,53.92859999773589],[61.1761,53.91649999773374],[61.19299999999999,53.90709999773216],[61.2107,53.907699997732266],[61.22240000000001,53.9205999977345],[61.2272,53.92599999773542],[61.2305,53.94319999773836],[61.2251,53.960299997741295],[61.20130000000001,53.9983999977479],[61.1934,54.01829999775128],[61.24870000000001,54.02069999775169],[61.24989999999998,54.02069999775169],[61.27479999999999,54.028599997753034],[61.29349999999999,54.04599999775597],[61.3115,54.05989999775835],[61.3378,54.06319999775896],[61.417699999999996,54.05609999775774],[61.4332,54.047499997756276],[61.462,54.011099997750065],[61.478500000000004,54.00299999774865],[61.5527,53.99249999774685],[61.5563,53.96099999774151],[61.563799999999986,53.951699997739844],[61.5818,53.94769999773915],[61.60060000000001,53.950299997739606],[61.611,53.95959999774118],[61.616399999999985,53.97419999774371],[61.61999999999998,53.99269999774686],[61.715399999999995,53.99269999774686],[61.72869999999999,53.98539999774563],[61.74199999999998,53.981699997745025],[61.75499999999999,53.9833999977453],[61.766,53.99169999774676],[61.77700000000001,53.999999997748134],[61.7914,54.00079999774824],[61.798,53.99899999774793],[61.8205,53.99269999774686],[61.8281,53.9733999977436],[61.82990000000001,53.96049999774136],[61.836000000000006,53.95119999773978],[61.8565,53.94269999773834],[61.891799999999996,53.93629999773726],[62.0038,53.93199999773646],[62.003599999999985,53.94869999773937],[62.00269999999999,54.01739999775111],[62.011799999999994,54.01759999775114],[62.4127,54.02669999775273],[62.433599999999984,54.024699997752386],[62.4462,54.01459999775065],[62.44599999999999,54.01229999775029],[62.443999999999996,53.99239999774685],[62.4112,53.979199997744544],[62.39940000000001,53.97449999774377],[62.3864,53.9612999977415],[62.39,53.941599997738095],[62.407999999999994,53.9246999977352],[62.45659999999999,53.90919999773258],[62.4779,53.89519999773011],[62.4872,53.88609999772856],[62.4988,53.877899997727106],[62.51169999999998,53.8725999977262],[62.5254,53.871899997726096],[62.5412,53.876799997726906],[62.5452,53.88379999772816],[62.53660000000001,53.91499999773355],[62.5319,53.922499997734796],[62.5319,53.92309999773492],[62.5319,53.930399997736174],[62.543800000000005,53.942999997738355],[62.58509999999999,53.968999997742856],[62.586600000000004,53.969899997743],[62.58529999999999,53.971199997743184],[62.56320000000001,53.99249999774685],[62.55060000000001,54.026899997752736],[62.57509999999999,54.0485999977565],[62.580799999999996,54.05359999775726],[62.6291,54.0711999977603],[62.6701,54.0777999977614],[62.7572,54.08109999776197],[62.81199999999998,54.09499999776435],[62.8314,54.09269999776392],[62.875299999999996,54.07949999776166],[62.902300000000004,54.078499997761554],[62.98550000000001,54.09279999776391],[63.08449999999999,54.08569999776275],[63.1122,54.09369999776411],[63.127300000000005,54.11039999776692],[63.126099999999994,54.118899997768374],[63.12520000000001,54.124899997769376],[63.116200000000006,54.139799997771924],[63.11000000000001,54.15799999777497],[63.12370000000001,54.17409999777767],[63.15119999999999,54.17909999777851],[63.15679999999998,54.18009999777866],[63.216199999999986,54.178699997778416],[63.331399999999995,54.16269999777579],[63.36819999999999,54.162799997775785],[63.39659999999999,54.17069999777707],[63.44889999999999,54.19589999778132],[63.44950000000001,54.1961999977814],[63.46459999999998,54.20039999778204],[63.47760000000001,54.203999997782724],[63.544900000000005,54.20649999778308],[63.70870000000001,54.250399997790396],[63.74399999999999,54.24879999779012],[63.7735,54.239699997788605],[63.855999999999995,54.201899997782284],[63.89739999999998,54.19419999778105],[63.90679999999999,54.205899997782986],[63.9082,54.207499997783266],[63.9402,54.21529999778459],[63.97659999999999,54.218899997785165],[64.00789999999999,54.22869999778682],[64.0152,54.23979999778868],[64.02549999999998,54.2552999977912],[63.9938,54.280499997795424],[63.98179999999999,54.29359999779755],[63.979099999999995,54.29649999779805],[63.98049999999999,54.30379999779929],[63.988099999999996,54.307899997799986],[63.99599999999999,54.315499997801204],[64.0046,54.31979999780194],[64.0234,54.30759999779989],[64.0352,54.304099997799334],[64.04819999999998,54.30279999779913],[64.0594,54.30379999779929],[64.068,54.30779999779992],[64.0791,54.31629999780139],[64.08079999999998,54.317599997801565],[64.0842,54.32019999780201],[64.09359999999998,54.324199997802644],[64.108,54.32479999780274],[64.1519,54.31739999780158],[64.17669999999998,54.320499997802024],[64.2253,54.33469999780439],[64.2559,54.33869999780503],[64.27609999999999,54.344399997805965],[64.2941,54.353399997807465],[64.30849999999998,54.351899997807216],[64.3337,54.34469999780601],[64.4327,54.35159999780718],[64.44459999999998,54.35469999780769],[64.4669,54.37199999781052],[64.51149999999998,54.3651999978094],[64.5364,54.368599997810044],[64.5785,54.38559999781279],[64.59119999999999,54.37899999781167],[64.6526,54.347099997806446],[64.6843,54.336099997804595],[64.72029999999998,54.333799997804235],[64.78439999999999,54.353299997807426],[64.84739999999998,54.383899997812485],[64.8805,54.393799997814114],[64.9092,54.40229999781553],[64.91079999999998,54.402799997815556],[64.9777,54.38659999781298],[65.0569,54.323999997802666],[65.07129999999998,54.31489999780116],[65.0854,54.308599997800115],[65.10009999999998,54.30549999779956],[65.1174,54.30649999779972],[65.1246,54.30889999780014],[65.13649999999998,54.316399997801355],[65.14369999999998,54.31769999780157],[65.17389999999999,54.31019999780036],[65.1844,54.31049999780036],[65.20819999999999,54.337899997804925],[65.2128,54.34309999780577],[65.1815,54.449199997823136],[65.2024,54.47249999782694],[65.198,54.49229999783016],[65.198,54.51619999783399],[65.2142,54.52789999783594],[65.21429999999998,54.52789999783594],[65.34169999999999,54.56149999784137],[65.3705,54.562499997841535],[65.42740000000002,54.55279999783995],[65.44899999999998,54.55669999784052],[65.4539,54.57129999784294],[65.4562,54.57779999784398],[65.44500000000001,54.614199997849795],[65.4497,54.62749999785195],[65.4595,54.62939999785223],[65.4774,54.632799997852736],[65.57459999999999,54.625499997851605],[65.7128,54.59709999784709],[65.7438,54.60089999784767],[65.7565,54.60879999784898],[65.77039999999998,54.61749999785032],[65.7982,54.64819999785521],[65.827,54.67269999785908],[65.8392,54.6775999978599],[65.85939999999998,54.685699997861164],[65.9328,54.702599997863864],[65.9519,54.69369999786247],[65.96049999999998,54.62809999785205],[65.9774,54.611699997849435],[66.04409999999999,54.62579999785167],[66.4465,54.71089999786521],[66.50989999999999,54.716799997866104],[66.6377,54.71359999786562],[66.7003,54.719199997866475],[66.72229999999999,54.72719999786779],[66.76040000000002,54.75099999787148],[66.7817,54.758299997872676],[66.97720000000001,54.763699997873516],[67.0081,54.7679999978742],[67.0404,54.778699997875876],[67.05059999999999,54.78199999787637],[67.0672,54.78749999787723],[67.09850000000002,54.792099997877955],[67.17409999999998,54.79129999787782],[67.21329999999999,54.797199997878764],[67.2396,54.812999997881256],[67.2443,54.818499997882135],[67.2601,54.836999997884966],[67.2839,54.85329999788754],[67.29,54.85479999788778],[67.31120000000001,54.85989999788855],[67.3778,54.84899999788685],[67.443,54.85699999788811],[67.53579999999998,54.85539999788786],[67.6007,54.85429999788771],[67.62259999999999,54.85389999788761],[67.677,54.86389999788916],[67.6942,54.86709999788967],[67.69859999999998,54.8678999978898],[67.70620000000001,54.87169999789042],[67.758,54.897799997894474],[67.7976,54.937199997900535],[67.8047,54.94259999790133],[67.8174,54.952199997902866],[67.84689999999999,54.96389999790463],[67.8822,54.97049999790564],[67.9132,54.969199997905505],[68.0096,54.94299999790138],[68.16589999999998,54.95619999790346],[68.1781,54.96379999790458],[68.1835,54.96719999790513],[68.1907,54.99259999790902],[68.20779999999998,54.99699999790972],[68.213,54.99839999790993],[68.21679999999999,55.00239999791056],[68.2217,55.00769999791135],[68.226,55.020899997913354],[68.23459999999997,55.03849999791609],[68.23760000000001,55.039599997916206],[68.25369999999998,55.0458999979172],[68.2814,55.047199997917396],[68.30409999999999,55.05269999791824],[68.30679999999998,55.06599999792024],[68.3081,55.0727999979213],[68.28019999999997,55.08289999792281],[68.26990000000002,55.08659999792335],[68.2282,55.1015999979257],[68.1904,55.125399997929236],[68.2012,55.144199997932084],[68.20649999999999,55.15329999793346],[68.2069,55.154099997933564],[68.17700000000002,55.17059999793603],[68.199,55.177699997937154],[68.2323,55.1883999979387],[68.2408,55.191199997939165],[68.2532,55.192799997939346],[68.26239999999999,55.193999997939564],[68.2771,55.19089999793911],[68.2897,55.185299997938245],[68.3059,55.18149999793766],[68.32569999999997,55.18199999793781],[68.3337,55.18409999793812],[68.3549,55.189499997938874],[68.3768,55.19499999793968],[68.40129999999998,55.19479999793968],[68.47730000000001,55.18289999793785],[68.5442,55.196899997940015],[68.56729999999999,55.19759999794014],[68.5936,55.19359999793952],[68.6054,55.19559999793984],[68.6115,55.20129999794064],[68.6159,55.20549999794127],[68.61799999999997,55.21549999794273],[68.613,55.234699997945654],[68.61369999999998,55.24309999794686],[68.62989999999999,55.25489999794866],[68.63539999999999,55.256999997949],[68.6764,55.27319999795139],[68.6807,55.282599997952765],[68.6836,55.28859999795364],[68.6807,55.30979999795677],[68.68249999999999,55.32709999795932],[68.689,55.343299997961736],[68.7005,55.360499997964254],[68.7171,55.3546999979634],[68.7224,55.35289999796314],[68.8225,55.34359999796177],[68.84589999999999,55.336899997960785],[68.8668,55.32569999795913],[68.90319999999998,55.29089999795396],[68.92299999999999,55.276299997951796],[68.9456,55.270499997950964],[68.97049999999999,55.27859999795216],[68.9788,55.28879999795372],[68.9809,55.291499997954084],[68.98309999999996,55.308499997956645],[68.9773,55.34669999796222],[68.95249999999997,55.355899997963576],[68.93229999999998,55.36079999796431],[68.926,55.36519999796496],[68.9186,55.37049999796571],[68.91789999999999,55.370899997965836],[68.90640000000002,55.40509999797082],[68.9024,55.4125999979719],[68.9024,55.4195999979729],[68.91110000000002,55.42749999797403],[68.9273,55.43369999797497],[68.92989999999998,55.43389999797499],[68.9431,55.434599997975084],[68.9801,55.42699999797403],[68.99,55.42499999797373],[69.12239999999998,55.397799997969706],[69.148,55.37819999796684],[69.16450000000002,55.34749999796232],[69.1861,55.325799997959116],[69.22609999999997,55.33359999796029],[69.2299,55.33569999796064],[69.3103,55.381499997967346],[69.33439999999999,55.38519999796787],[69.3561,55.379799997967105],[69.4161,55.36479999796489],[69.47739999999999,55.34949999796266],[69.5433,55.34429999796189],[69.67389999999997,55.33399999796038],[69.8024,55.292099997954125],[69.8305,55.27659999795186],[69.91149999999999,55.21159999794221],[69.94029999999998,55.20029999794053],[70.0199,55.19529999793973],[70.0588,55.18699999793852],[70.197,55.1334999979305],[70.21359999999999,55.13209999793026],[70.2312,55.141499997931696],[70.26099999999998,55.17049999793603],[70.26399999999998,55.17339999793644],[70.2676,55.17519999793676],[70.2845,55.183199997937926],[70.37270000000001,55.20059999794056],[70.3824,55.20619999794141],[70.385,55.21309999794241],[70.38529999999999,55.21389999794251],[70.3857,55.222399997943796],[70.38820000000001,55.23029999794493],[70.4001,55.24599999794732],[70.44109999999999,55.28329999795289],[70.4602,55.28749999795347],[70.53899999999999,55.269299997950824],[70.5613,55.269599997950834],[70.58439999999999,55.27319999795139],[70.6067,55.280499997952454],[70.6254,55.29249999795419],[70.66569999999997,55.309199997956725],[70.7212,55.313099997957316],[70.77769999999998,55.30709999795642],[70.8205,55.294199997954465],[70.80469999999998,55.281599997952604],[70.7978,55.27459999795153],[70.7889,55.26549999795024],[70.78199999999998,55.24839999794769],[70.7932,55.233299997945444],[70.92259999999999,55.134399997930586],[70.93809999999999,55.122499997928834],[70.9602,55.10559999792626],[70.97710000000001,55.07799999792202],[70.9775,55.04789999791748],[70.9732,55.018499997912976],[70.957,54.97349999790616],[70.9746,54.94689999790199],[70.9663,54.9349999979002],[70.95519999999999,54.92329999789839],[70.94759999999997,54.90609999789576],[70.9458,54.887899997892916],[70.9534,54.87349999789065],[70.9901,54.8486999978868],[70.9973,54.834799997884645],[70.99409999999999,54.807499997880356],[71.0059,54.774299997875204],[71.047,54.749099997871205],[71.06779999999999,54.74249999787013],[71.0974,54.733099997868706],[71.13699999999997,54.72709999786774],[71.18019999999999,54.72739999786783],[71.20069999999998,54.72409999786731],[71.2187,54.71419999786568],[71.2529,54.682399997860664],[71.261,54.668199997858366],[71.26479999999998,54.661699997857404],[71.26479999999998,54.63919999785375],[71.2522,54.62529999785156],[71.2302,54.61759999785036],[71.1791,54.60869999784892],[71.1474,54.59139999784613],[71.1413,54.56379999784173],[71.14809999999999,54.49249999783025],[71.14529999999999,54.48069999782831],[71.1467,54.47619999782753],[71.16690000000001,54.46279999782537],[71.1712,54.45099999782346],[71.1658,54.417099997817985],[71.1687,54.410999997816916],[71.1762,54.40769999781637],[71.19349999999999,54.40409999781577],[71.1982,54.399499997815084],[71.19569999999999,54.37449999781096],[71.196,54.360899997808765],[71.19059999999999,54.31819999780165],[71.1656,54.31529999780117],[71.1345,54.311699997800574],[71.11609999999999,54.31179999780063],[71.097,54.31569999780127],[71.05990000000001,54.32799999780332],[71.0394,54.332099997804015],[71.00339999999998,54.33309999780413],[70.9979,54.33119999780382],[70.98,54.32509999780283],[70.971,54.305099997799516],[70.97710000000001,54.27019999779374],[71.03869999999999,54.267599997793255],[71.052,54.26329999779255],[71.0574,54.24709999778986],[71.0563,54.22349999778593],[71.05169999999998,54.200299997782025],[71.0441,54.185999997779675],[71.0823,54.17429999777771],[71.0974,54.16509999777615],[71.11289999999998,54.15019999777366],[71.12539999999998,54.13539999777117],[71.1389,54.11949999776846],[71.14380000000001,54.11369999776746],[71.16110000000002,54.1019999977655],[71.16719999999998,54.10189999776547],[71.18229999999998,54.10159999776543],[71.218,54.116299997767975],[71.2457,54.13579999777123],[71.2965,54.188999997780186],[71.3206,54.200999997782205],[71.3497,54.19769999778163],[71.3814,54.18889999778017],[71.4131,54.184399997779394],[71.44369999999999,54.18509999777952],[71.4531,54.181399997778875],[71.4624,54.17159999777723],[71.4672,54.16049999777535],[71.4682,54.15839999777503],[71.47720000000001,54.10969999776686],[71.4884,54.11069999776698],[71.4991,54.1115999977671],[71.5495,54.12699999776976],[71.5737,54.12919999777009],[71.5841,54.125899997769565],[71.6014,54.11569999776785],[71.6046,54.11369999776746],[71.612,54.11079999776702],[71.61509999999998,54.10959999776676],[71.6323,54.10719999776638],[71.6471,54.10859999776664],[71.68059999999998,54.11919999776843],[71.7087,54.13219999777062],[71.7173,54.14649999777303],[71.7123,54.19069999778044],[71.7155,54.210799997783866],[71.72519999999999,54.22909999778691],[71.7414,54.242399997789065],[71.74779999999998,54.2439999977893],[71.7627,54.247699997789994],[71.8046,54.24519999778953],[71.94209999999997,54.236899997788136],[71.9581,54.235999997788],[71.98319999999998,54.23169999778732],[71.98369999999997,54.23169999778732],[72.00240000000001,54.225599997786276],[72.0049,54.22399999778598],[72.0186,54.215099997784556],[72.0769,54.14839999777334],[72.0996,54.131899997770525],[72.1288,54.12599999776958],[72.1551,54.128499997769936],[72.1577,54.12939999777017],[72.1777,54.13609999777133],[72.19029999999998,54.15209999777394],[72.1875,54.179399997778575],[72.17019999999998,54.19689999778153],[72.14249999999998,54.20329999778255],[72.1115,54.206199997783095],[72.0852,54.21319999778421],[72.06690000000002,54.22239999778577],[72.0654,54.228099997786686],[72.06759999999997,54.25109999779057],[72.078,54.27389999779434],[72.09849999999999,54.30049999779875],[72.1029,54.311699997800574],[72.1024,54.312099997800686],[72.0946,54.32079999780208],[72.0912,54.32259999780239],[72.074,54.3317999978039],[72.0712,54.33329999780415],[72.049,54.341999997805594],[72.03839999999998,54.34609999780624],[72.0269,54.35539999780784],[72.02469999999998,54.37099999781036],[72.0431,54.378099997811525],[72.1518,54.36829999780996],[72.18489999999998,54.356899997808064],[72.18859999999998,54.35449999780766],[72.222,54.33329999780415],[72.2526,54.303499997799236],[72.2674,54.27359999779424],[72.27889999999998,54.26269999779245],[72.2931,54.259899997792054],[72.32429999999998,54.25359999779092],[72.3293,54.246899997789825],[72.3338,54.24109999778885],[72.33719999999998,54.23649999778805],[72.3329,54.22379999778598],[72.3043,54.18589999777966],[72.29869999999998,54.178399997778335],[72.483,54.13559999777119],[72.48449999999998,54.13249999777062],[72.48189999999998,54.12829999776997],[72.47239999999998,54.11679999776795],[72.4668,54.10999999776688],[72.4542,54.10719999776638],[72.4356,54.10809999776656],[72.4233,54.10869999776664],[72.4193,54.10529999776609],[72.4184,54.103699997765744],[72.4121,54.09279999776391],[72.4078,54.089599997763386],[72.3984,54.08969999776344],[72.3737,54.09519999776433],[72.3682,54.09639999776457],[72.3585,54.092999997764004],[72.35699999999999,54.0817999977621],[72.36349999999997,54.05959999775832],[72.38190000000002,54.04299999775554],[72.40529999999998,54.03069999775336],[72.4186,54.01599999775089],[72.4078,53.99239999774685],[72.39279999999998,53.970799997743114],[72.3829,53.95649999774064],[72.37529999999998,53.941299997738085],[72.3729,53.93629999773726],[72.3729,53.92009999773445],[72.3923,53.90819999773239],[72.4233,53.90349999773153],[72.4557,53.905399997731884],[72.4585,53.906499997732055],[72.4769,53.91339999773331],[72.51789999999998,53.943299997738436],[72.5185,53.94389999773854],[72.54389999999998,53.970799997743114],[72.5568,53.97719999774424],[72.558,53.97719999774424],[72.57230000000001,53.9764999977441],[72.586,53.972999997743536],[72.6738,53.9505999977397],[72.6859,53.95379999774025],[72.70009999999999,53.957599997740886],[72.6947,53.99269999774686],[72.67559999999997,54.02169999775185],[72.65619999999998,54.04259999775541],[72.6469,54.046899997756164],[72.6317,54.053899997757405],[72.5971,54.054599997757435],[72.57249999999998,54.05149999775696],[72.5711,54.05139999775691],[72.5338,54.0466999977561],[72.5093,54.043599997755564],[72.5032,54.050899997756815],[72.50889999999998,54.06879999775991],[72.52729999999998,54.10009999776519],[72.57299999999996,54.12879999777009],[72.6097,54.13329999777078],[72.62390000000002,54.13499999777111],[72.6241,54.13509999777112],[72.8211,54.12169999776885],[72.8254,54.12139999776879],[72.88550000000001,54.117299997768086],[72.942,54.121799997768846],[72.9568,54.117599997768124],[72.9683,54.104099997765864],[72.9701,54.098099997764905],[72.9737,54.086499997762864],[72.9769,54.04779999775632],[73.0237,54.03399999775394],[73.03529999999999,54.02059999775167],[73.0443,53.99239999774685],[73.06260000000002,53.97909999774456],[73.2775,53.94969999773956],[73.322,53.94369999773849],[73.3603,53.93839999773754],[73.37399999999998,53.94099999773801],[73.3768,53.94499999773874],[73.37939999999999,53.94869999773937],[73.38450000000002,53.97029999774304],[73.39269999999999,53.974099997743714],[73.4029,53.973599997743634],[73.42409999999997,53.97259999774345],[73.4315,53.970999997743185],[73.4334,53.97059999774308],[73.4338,53.97039999774308],[73.44600000000001,53.96389999774197],[73.4691,53.94729999773911],[73.4817,53.945399997738804],[73.4899,53.94689999773901],[73.5058,53.94969999773956],[73.518,53.95599999774061],[73.521,53.966499997742375],[73.52160000000002,53.968799997742835],[73.5198,53.99239999774685],[73.5256,54.005199997749024],[73.5281,54.01069999774994],[73.58679999999998,54.01939999775145],[73.6044,54.03469999775408],[73.6008,54.046899997756164],[73.5918,54.05779999775796],[73.5886,54.066199997759405],[73.60149999999999,54.0711999977603],[73.65450000000001,54.078499997761554],[73.67029999999998,54.07599999776112],[73.67189999999998,54.06759999775966],[73.675,54.05159999775695],[73.68509999999999,54.04849999775642],[73.6995,54.050899997756815],[73.7405,54.05789999775802],[73.73870000000001,54.05139999775691],[73.69729999999997,53.900899997731116],[73.6829,53.87419999772645],[73.6617,53.860899997724125],[73.65500000000002,53.859999997723975],[73.6343,53.85739999772353],[73.49839999999999,53.873399997726295],[73.4853,53.874899997726565],[73.47779999999999,53.874599997726556],[73.45569999999998,53.87369999772635],[73.448,53.87099999772593],[73.43199999999999,53.86539999772497],[73.4111,53.85029999772233],[73.3913,53.82819999771847],[73.43770000000002,53.80849999771501],[73.35149999999999,53.7885999977116],[73.3474,53.78759999771135],[73.3445,53.78539999771101],[73.3312,53.77509999770915],[73.3067,53.685699997693376],[73.26389999999999,53.68099999769256],[73.24479999999998,53.6747999976915],[73.22970000000001,53.6623999976893],[73.22029999999998,53.64309999768581],[73.225,53.62989999768355],[73.2575,53.60719999767942],[73.2588,53.606299997679315],[73.2538,53.600199997678196],[73.23069999999998,53.57239999767323],[73.2397,53.5694999976727],[73.2629,53.56189999767138],[73.34549999999999,53.535099997666514],[73.3606,53.53019999766564],[73.3913,53.520299997663855],[73.347,53.45949999765288],[73.4111,53.43009999764757],[73.42409999999997,53.432599997648],[73.4344,53.43889999764915],[73.5465,53.506999997661445],[73.55509999999998,53.51479999766289],[73.56339999999999,53.52559999766481],[73.5727,53.543199997667955],[73.57600000000001,53.5531999976698],[73.5825,53.55859999767074],[73.60049999999998,53.56289999767149],[73.63180000000001,53.560899997671136],[73.6408,53.56339999767162],[73.6433,53.57019999767281],[73.644,53.579199997674486],[73.65120000000002,53.59479999767722],[73.653,53.609299997679805],[73.6599,53.61159999768025],[73.6659,53.61139999768023],[73.6997,53.61059999768004],[73.7365,53.60969999767989],[73.7531,53.60699999767938],[73.78770000000002,53.595099997677266],[73.80310000000001,53.59839999767784],[73.8726,53.63219999768395],[73.88339999999998,53.63459999768434],[73.9043,53.639199997685175],[73.9367,53.639499997685235],[74.0436,53.629999997683505],[74.058,53.62459999768253],[74.06309999999999,53.608699997679736],[74.0624,53.59999999767821],[74.06159999999998,53.5894999976763],[74.0627,53.57319999767342],[74.07669999999997,53.566199997672086],[74.1077,53.56519999767194],[74.11889999999997,53.56959999767269],[74.13720000000002,53.59399999767711],[74.148,53.59809999767787],[74.16039999999998,53.59789999767775],[74.1859,53.59759999767774],[74.21389999999998,53.597099997677624],[74.2233,53.594699997677196],[74.2267,53.590999997676576],[74.2351,53.58199999767496],[74.23749999999998,53.57679999767402],[74.2416,53.567899997672434],[74.2416,53.56779999767243],[74.2506,53.5567999976704],[74.27039999999998,53.5531999976698],[74.26319999999998,53.530299997665686],[74.26969999999999,53.51529999766302],[74.29539999999999,53.499099997660046],[74.3061,53.49239999765884],[74.34949999999999,53.470899997654975],[74.359,53.466199997654044],[74.3644,53.46549999765397],[74.38850000000001,53.46229999765336],[74.40489999999998,53.4744999976556],[74.409,53.477599997656164],[74.4128,53.48489999765744],[74.4569,53.56979999767274],[74.45549999999999,53.577399997674085],[74.4516,53.58039999767467],[74.4447,53.58579999767558],[74.4267,53.59639999767751],[74.4231,53.60059999767827],[74.42089999999999,53.603099997678775],[74.42950000000002,53.65369999768775],[74.4385,53.67339999769126],[74.4533,53.684999997693296],[74.4549,53.68489999769331],[74.51759999999999,53.68329999769297],[74.6164,53.68069999769252],[74.6268,53.687399997693696],[74.6445,53.734599997702034],[74.65449999999997,53.74839999770451],[74.66279999999999,53.75499999770564],[74.6675,53.755799997705786],[74.66799999999999,53.755899997705804],[74.6747,53.757099997706],[74.7255,53.75909999770637],[74.7348,53.765299997707494],[74.74350000000001,53.77939999770992],[74.7543,53.80849999771501],[74.76219999999999,53.8226999977175],[74.77189999999999,53.83099999771895],[74.80609999999999,53.83769999772014],[74.88849999999998,53.83639999771988],[74.92380000000001,53.83099999771895],[74.9489,53.822999997717545],[75.00089999999999,53.80649999771468],[75.00319999999998,53.80659999771466],[75.0279,53.807899997714955],[75.3122,53.93299999773664],[75.34219999999998,53.94619999773891],[75.43389999999997,53.986499997745824],[75.3609,54.05959999775832],[75.3786,54.06749999775967],[75.39889999999998,54.07659999776123],[75.42929999999998,54.0900999977635],[75.4645,54.10059999776527],[75.48369999999998,54.10159999776543],[75.49979999999998,54.1023999977656],[75.60309999999998,54.09459999776426],[75.6402,54.09889999776498],[76.1838,54.251499997790624],[76.18249999999999,54.25399999779098],[76.17190000000001,54.274699997794436],[76.16979999999998,54.2912999977972],[76.177,54.30679999779982],[76.1939,54.32569999780287],[76.2148,54.34229999780561],[76.23419999999999,54.347399997806455],[76.24739999999998,54.345399997806126],[76.43289999999999,54.316699997801436],[76.4572,54.32029999780205],[76.4765,54.323199997802476],[76.54019999999998,54.3511999978071],[76.5618,54.356299997807945],[76.57729999999998,54.356899997808064],[76.6079,54.35459999780769],[76.62299999999999,54.35589999780787],[76.64099999999998,54.366499997809605],[76.6453,54.383799997812474],[76.64569999999999,54.403699997815764],[76.6518,54.422299997818726],[76.6727,54.43639999782111],[76.70109999999998,54.4402999978217],[76.7573,54.43719999782118],[76.78209999999999,54.43939999782157],[76.85229999999999,54.461199997825084],[76.87249999999997,54.464799997825736],[76.89589999999997,54.46389999782555],[76.91069999999998,54.45459999782405],[76.91059999999997,54.45449999782398],[76.9035,54.43259999782043],[76.8858,54.42279999781887],[76.80479999999999,54.410099997816786],[76.7868,54.402799997815556],[76.7645,54.39049999781356],[76.75299999999999,54.3767999978113],[76.76590000000002,54.364599997809314],[76.78579999999998,54.36099999780872],[76.7901,54.360199997808614],[76.816,54.35559999780782],[76.8343,54.34569999780623],[76.84329999999999,54.32239999780238],[76.8376,54.29689999779813],[76.821,54.27759999779492],[76.8001,54.26069999779216],[76.78249999999998,54.242399997789065],[76.7703,54.21319999778421],[76.76229999999998,54.202599997782464],[76.75119999999998,54.193999997781034],[76.7263,54.18029999777868],[76.7163,54.17079999777709],[76.6648,54.13409999777093],[76.6347,54.13469999777102],[76.6039,54.13529999777115],[76.4967,54.15949999777523],[76.4765,54.16409999777596],[76.45430000000002,54.164699997776125],[76.43969999999999,54.16499999777612],[76.41279999999999,54.16569999777623],[76.3937,54.161799997775574],[76.3768,54.154199997774334],[76.3743,54.14779999777323],[76.4765,54.04199999775532],[76.48259999999999,54.0301999977533],[76.4952,53.99239999774685],[76.52579999999999,53.9612999977415],[77.61270000000002,53.44289999764985],[77.86679999999998,53.272399997618585],[77.9763,53.16849999759921],[78.47669999999998,52.637999997497076],[79.04289999999999,51.99259999736499],[79.2899,51.703399997302895],[79.4699,51.49259999725657],[79.9271,50.87849999711592],[79.9552,50.82599999710346],[79.9663,50.81029999709976],[79.9901,50.78819999709448],[80.02139999999999,50.766899997089396],[80.0549,50.752899997086075],[80.0645,50.752699997086054],[80.06749999999998,50.75259999708601],[80.0859,50.75219999708591],[80.0663,50.77239999709073],[80.0311,50.80879999709937],[80.01529999999998,50.83949999710667],[80.0491,50.85229999710969],[80.06710000000001,50.84659999710836],[80.0933,50.827699997103906],[80.10169999999998,50.82159999710245],[80.1193,50.81499999710085],[80.1427,50.81709999710139],[80.15460000000002,50.82729999710381],[80.15460000000002,50.82739999710383],[80.1683,50.859899997111526],[80.1813,50.87569999711522],[80.192,50.88079999711644],[80.19529999999999,50.882399997116806],[80.2349,50.89329999711938],[80.2426,50.89919999712077],[80.2451,50.90109999712119],[80.2583,50.911299997123585],[80.2673,50.91569999712467],[80.2795,50.91719999712499],[80.3202,50.91419999712431],[80.36019999999998,50.91929999712547],[80.403,50.933799997128865],[80.439,50.95819999713463],[80.4418,50.96289999713574],[80.45949999999999,50.99269999714269],[80.46309999999998,51.00789999714622],[80.4649,51.02579999715041],[80.4646,51.043799997154636],[80.461,51.05899999715811],[80.4516,51.07359999716152],[80.42389999999999,51.09219999716581],[80.4106,51.10489999716871],[80.407,51.11719999717153],[80.40770000000002,51.13579999717589],[80.4135,51.168499997183396],[80.4221,51.187599997187746],[80.4343,51.20069999719074],[80.4455,51.20529999719176],[80.4492,51.20679999719213],[80.452,51.20799999719243],[80.4761,51.209699997192786],[80.52109999999999,51.20569999719191],[80.5614,51.20209999719109],[80.59089999999999,51.207099997192195],[80.59919999999998,51.2084999971925],[80.6125,51.23389999719832],[80.61399999999999,51.24979999720193],[80.6215,51.26459999720531],[80.6323,51.27789999720833],[80.6449,51.28929999721092],[80.6647,51.30029999721341],[80.66499999999999,51.30029999721341],[80.68270000000001,51.30209999721383],[80.8167,51.26109999720452],[80.8426,51.25759999720374],[80.8545,51.26459999720531],[80.862,51.27349999720731],[80.8642,51.27589999720785],[80.88249999999998,51.284999997209916],[80.90559999999999,51.28369999720965],[80.91419999999998,51.270199997206596],[80.915,51.25779999720376],[80.9164,51.2353999971987],[80.9218,51.222099997195656],[80.9236,51.21789999719464],[80.92430000000002,51.21609999719423],[80.93619999999999,51.20569999719191],[80.97609999999999,51.1910999971885],[81.0222,51.177499997185414],[81.0449,51.173599997184574],[81.07010000000001,51.17199999718416],[81.0829,51.18059999718616],[81.09820000000002,51.190899997188495],[81.10859999999997,51.19449999718925],[81.1129,51.19589999718962],[81.1327,51.19449999718925],[81.1522,51.18659999718749],[81.1587,51.17429999718468],[81.15579999999999,51.15749999718084],[81.1471,51.13599999717591],[81.0805,51.03089999715158],[81.0539,50.969999997137336],[81.05139999999999,50.95579999713405],[81.05819999999999,50.947099997132035],[81.078,50.940799997130576],[81.10430000000001,50.936799997129626],[81.159,50.938399997129984],[81.2775,50.96269999713566],[81.40089999999998,50.95909999713482],[81.40130000000002,50.92299999712639],[81.41609999999999,50.889699997118534],[81.4222,50.88189999711673],[81.4374,50.86239999711209],[81.4395,50.859799997111494],[81.46609999999997,50.833699997105306],[81.4449,50.81339999710048],[81.4261,50.78819999709448],[81.4189,50.76249999708836],[81.4312,50.74069999708315],[81.4603,50.730399997080696],[81.67419999999998,50.736099997082064],[81.69719999999998,50.74499999708419],[81.7096,50.75789999708726],[81.72569999999999,50.77459999709128],[81.744,50.78489999709369],[81.7575,50.784499997093675],[81.7635,50.78439999709356],[81.8009,50.767899997089636],[81.8225,50.76579999708919],[81.8949,50.7741999970912],[81.9453,50.769199997090006],[81.9903,50.75979999708775],[82.01259999999998,50.75019999708542],[82.0731,50.715699997077195],[82.09539999999998,50.70819999707539],[82.14719999999998,50.70169999707383],[82.17349999999999,50.703099997074155],[82.1987,50.708799997075516],[82.2167,50.71949999707809],[82.2361,50.73459999708167],[82.2556,50.745299997084246],[82.2732,50.743199997083764],[82.28829999999999,50.737399997082385],[82.30129999999998,50.74099999708324],[82.3135,50.74789999708489],[82.32829999999998,50.75219999708591],[82.3413,50.75029999708543],[82.3625,50.74219999708352],[82.4082,50.748499997085034],[82.43019999999999,50.7411999970833],[82.47589999999998,50.71409999707678],[82.5548,50.74799999708491],[82.584,50.7604999970879],[82.60409999999999,50.769099997089945],[82.6728,50.789799997094875],[82.698,50.81099999709993],[82.698,50.81199999710015],[82.69980000000001,50.880999997116454],[82.71709999999999,50.8937999971195],[82.72649999999999,50.90069999712112],[82.7646,50.90669999712251],[82.8442,50.891799997119016],[82.9759,50.881999997116694],[83.0213,50.891799997119016],[83.058,50.91719999712499],[83.0809,50.94609999713181],[83.0861,50.95269999713335],[83.10769999999998,50.99269999714269],[83.12039999999999,50.99439999714309],[83.12749999999998,50.995299997143285],[83.1376,50.99469999714314],[83.16310000000001,50.98859999714178],[83.1797,50.98729999714139],[83.1959,50.988899997141814],[83.21209999999999,50.99269999714269],[83.3237,51.00249999714498],[83.43389999999997,50.99269999714269],[83.43469999999999,50.99189999714248],[83.44880000000002,50.97759999713915],[83.4619,50.96439999713607],[83.4771,50.953399997133474],[83.4983,50.94549999713161],[83.60989999999998,50.93209999712849],[83.6326,50.92489999712684],[83.6905,50.891799997119016],[83.71289999999999,50.88229999711681],[83.7327,50.87969999711616],[83.77800000000002,50.87949999711608],[83.80029999999998,50.87569999711522],[83.82050000000001,50.86809999711344],[83.8381,50.85639999711069],[83.86979999999998,50.82139999710242],[83.8828,50.81199999710015],[83.922,50.80079999709748],[83.9505,50.78049999709263],[83.9502,50.76179999708824],[83.9501,50.74599999708443],[83.9497,50.717999997077754],[83.9757,50.686499997070186],[84.082,50.637699997058476],[84.10170000000001,50.62869999705624],[84.1067,50.62419999705514],[84.11169999999998,50.61979999705412],[84.1257,50.6073999970511],[84.133,50.60089999704951],[84.1423,50.58159999704486],[84.1449,50.566099997041086],[84.1513,50.5526999970378],[84.1859,50.52809999703186],[84.19559999999998,50.51149999702776],[84.1978,50.49319999702329],[84.1769,50.43919999701007],[84.1917,50.40769999700233],[84.21829999999999,50.37779999699495],[84.2395,50.344799996986765],[84.24169999999998,50.32199999698115],[84.2395,50.29939999697551],[84.2395,50.278299996970205],[84.25,50.25999999696563],[84.26189999999997,50.25369999696406],[84.2917,50.24819999696265],[84.3043,50.24329999696145],[84.31229999999998,50.23639999695971],[84.32449999999999,50.219699996955526],[84.33129999999998,50.21349999695396],[84.3688,50.2118999969536],[84.3742,50.214799996954305],[84.40510000000002,50.23079999695831],[84.4408,50.24469999696179],[84.4443,50.24299999696138],[84.47569999999999,50.22709999695743],[84.50449999999998,50.20469999695176],[84.53579999999998,50.19109999694838],[84.5693,50.18559999694701],[84.60600000000001,50.18749999694748],[84.642,50.18489999694681],[84.66689999999998,50.16999999694304],[84.68949999999998,50.15109999693831],[84.7201,50.13669999693461],[84.7381,50.135399996934304],[84.7731,50.13839999693507],[84.7907,50.132799996933684],[84.80149999999999,50.12379999693138],[84.82600000000001,50.08669999692194],[84.83859999999999,50.08089999692048],[84.8559,50.08489999692155],[84.88789999999999,50.096699996924514],[84.91019999999999,50.095199996924144],[84.9618,50.07949999692016],[84.97569999999997,50.075299996919085],[84.9869,50.06699999691696],[84.99109999999999,50.06269999691584],[85.02,50.033099996908355],[85.02830000000002,50.02059999690515],[85.0254,50.0041999969009],[85.00919999999999,49.99789999689932],[84.9549,49.990599996897444],[84.9505,49.93329999688272],[84.95450000000001,49.906999996875925],[84.97569999999997,49.8940999968726],[85.0326,49.885099996870274],[85.0564,49.873399996867285],[85.0708,49.85029999686128],[85.07580000000002,49.813999996851834],[85.08159999999998,49.800099996848196],[85.0981,49.78219999684357],[85.1633,49.733999996830924],[85.18529999999998,49.70509999682335],[85.19499999999998,49.62579999680238],[85.22380000000001,49.59569999679442],[85.263,49.58159999679067],[85.3024,49.59009999679294],[85.3026,49.59019999679293],[85.3203,49.59949999679543],[85.34219999999999,49.60819999679779],[85.35199999999999,49.610899996798466],[85.3642,49.61419999679938],[85.384,49.615799996799815],[85.40739999999998,49.60979999679817],[85.4509,49.58859999679258],[85.47579999999999,49.58309999679109],[85.5132,49.58539999679172],[85.5312,49.5891999967927],[85.54919999999997,49.5952999967943],[85.5503,49.5958999967945],[85.58089999999999,49.613499996799185],[85.5971,49.619299996800684],[85.6147,49.61719999680016],[85.62839999999998,49.6065999967973],[85.6425,49.57759999678962],[85.6561,49.56499999678628],[85.6734,49.56049999678512],[85.69,49.56299999678578],[85.72559999999999,49.57309999678842],[85.73939999999999,49.57309999678842],[85.74759999999999,49.57309999678842],[85.76489999999998,49.56699999678682],[85.77959999999999,49.55609999678395],[85.7944,49.541899996780124],[85.8091,49.5365999967787],[85.8275,49.541099996779884],[85.8333,49.54389999678066],[85.86059999999998,49.557499996784266],[85.8781,49.56259999678568],[85.88079999999998,49.56339999678587],[85.89989999999999,49.564099996786034],[85.9405,49.55969999678488],[85.942,49.55109999678256],[85.9399,49.542799996780346],[85.93590000000002,49.526499996776046],[85.9319,49.51019999677165],[85.93149999999999,49.492799996767005],[85.9463,49.48139999676394],[85.96289999999999,49.478699996763204],[85.9801,49.48299999676438],[85.98939999999999,49.489399996766096],[86.02769999999998,49.51569999677316],[86.0341,49.51729999677359],[86.0557,49.52269999677502],[86.0705,49.52629999677596],[86.08760000000001,49.52379999677529],[86.1115,49.52019999677432],[86.1367,49.49309999676705],[86.1774,49.46339999675908],[86.1879,49.47269999676157],[86.21410000000002,49.49629999676794],[86.2465,49.550099996782336],[86.2721,49.58369999679125],[86.2876,49.590899996793155],[86.2913,49.592599996793616],[86.3293,49.610299996798325],[86.392,49.62509999680226],[86.4582,49.66569999681292],[86.4755,49.67089999681435],[86.48159999999999,49.676999996815915],[86.48309999999998,49.68629999681842],[86.47979999999997,49.6972999968213],[86.47259999999999,49.70839999682421],[86.5198,49.7269999968291],[86.5374,49.739599996832425],[86.5457,49.742699996833196],[86.5583,49.74159999683288],[86.5651,49.742699996833196],[86.58489999999999,49.76019999683779],[86.59539999999998,49.78089999684322],[86.6017,49.78719999684481],[86.6101,49.79549999684703],[86.6425,49.79389999684661],[86.685,49.778199996842496],[86.7001,49.77779999684241],[86.7307,49.78259999684365],[86.74839999999999,49.78309999684377],[86.7588,49.77859999684257],[86.7595,49.767699996839724],[86.73760000000001,49.73509999683126],[86.7405,49.72279999682803],[86.7516,49.711799996825114],[86.7737,49.69649999682111],[86.77569999999997,49.69499999682064],[86.769,49.69059999681956],[86.76659999999998,49.68889999681903],[86.75559999999999,49.681599996817184],[86.73650000000002,49.671999996814606],[86.716,49.66689999681328],[86.66769999999998,49.66429999681261],[86.66529999999999,49.66299999681222],[86.64719999999997,49.653699996809806],[86.6238,49.631999996804026],[86.6112,49.620299996800945],[86.60079999999999,49.60759999679758],[86.5961,49.60189999679608],[86.59180000000002,49.587299996792225],[86.5993,49.573599996788566],[86.6184,49.55799999678439],[86.6425,49.54749999678165],[86.6641,49.54749999678165],[86.7095,49.554499996783456],[86.7325,49.550799996782516],[86.8024,49.52229999677487],[86.82429999999998,49.509299996771425],[86.8229,49.492799996767005],[86.8143,49.472899996761655],[86.81389999999999,49.45009999675554],[86.82900000000001,49.433299996750996],[86.8546,49.421299996747756],[86.90529999999998,49.404699996743325],[86.9331,49.390199996739405],[86.93089999999998,49.38059999673683],[86.91579999999999,49.370099996733934],[86.90499999999997,49.35199999672903],[86.91289999999996,49.33869999672546],[86.9334,49.32439999672149],[87.00000000000001,49.28919999671199],[87.0126,49.280799996709675],[87.0169,49.27289999670749],[87.0173,49.25869999670365],[87.0245,49.24899999670095],[87.0367,49.24279999669928],[87.05039999999998,49.2389999966982],[87.07599999999998,49.23699999669772],[87.1606,49.242099996699075],[87.1905,49.23779999669786],[87.21779999999998,49.22979999669568],[87.2718,49.205199996688954],[87.2877,49.18439999668327],[87.2972,49.15169999667421],[87.30819999999997,49.11389999666379],[87.32369999999999,49.08529999665585],[87.20049999999999,49.108699996662345],[87.162,49.12289999666628],[87.1163,49.12979999666818],[86.97549999999998,49.092399996657804],[86.94639999999998,49.09459999665841],[86.8873,49.106899996661845],[86.8596,49.10549999666146],[86.84459999999997,49.09739999665919],[86.83799999999998,49.093899996658216],[86.8161,49.05849999664843],[86.79879999999999,49.04229999664388],[86.77349999999998,49.02789999663985],[86.7689,49.025299996639156],[86.75990000000002,49.02019999663772],[86.74329999999999,49.007699996634216],[86.7419,49.006199996633825],[86.74150000000002,49.005699996633695],[86.7275,48.99039999662935],[86.71380000000002,48.96989999662366],[86.7095,48.95429999661925],[86.71169999999998,48.93719999661444],[86.7181,48.9124999966075],[86.7419,48.87879999659803],[86.7736,48.8585999965923],[86.7894,48.83929999658682],[86.7646,48.80759999657783],[86.7462,48.79289999657366],[86.739,48.78359999657097],[86.7405,48.771699996567584],[86.752,48.729199996555465],[86.752,48.71549999655154],[86.7444,48.70359999654811],[86.7158,48.67739999654061],[86.6972,48.66029999653566],[86.66879999999999,48.63429999652817],[86.6659,48.63249999652769],[86.62989999999999,48.60909999652091],[86.62089999999999,48.60329999651926],[86.6055,48.590099996515384],[86.6017,48.58509999651398],[86.6009,48.58409999651365],[86.59360000000001,48.57419999651086],[86.5752,48.539899996500885],[86.5724,48.53639999649987],[86.5651,48.52739999649722],[86.5464,48.517299996494295],[86.4305,48.48589999648513],[86.4283,48.485999996485184],[86.38829999999999,48.48789999648574],[86.34189999999998,48.49009999648632],[86.3337,48.49049999648648],[86.32799999999997,48.48889999648598],[86.3074,48.483199996484345],[86.2861,48.469799996480425],[86.27400000000002,48.4597999964775],[86.26449999999998,48.45209999647529],[86.2465,48.437399996470916],[86.19219999999999,48.41829999646538],[86.00609999999999,48.429599996468646],[85.7836,48.40769999646223],[85.74759999999999,48.390199996457056],[85.71879999999999,48.35889999644783],[85.689,48.30989999643338],[85.6447,48.23709999641172],[85.5863,48.14129999638306],[85.56179999999999,48.03069999634973],[85.5471,47.993099996338245],[85.5425,47.98659999633633],[85.5287,47.966599996330196],[85.5179,47.944699996323514],[85.5154,47.92039999631614],[85.5953,47.6239999962244],[85.59570000000001,47.59079999621399],[85.5798,47.52369999619289],[85.58449999999999,47.49289999618315],[85.6003,47.46319999617374],[85.6702,47.38429999614868],[85.6788,47.3636999961421],[85.67409999999998,47.344199996135906],[85.6673,47.32589999613],[85.6702,47.30899999612456],[85.6788,47.29059999611869],[85.6788,47.27479999611362],[85.6684,47.241799996102976],[85.6644,47.22119999609633],[85.66139999999999,47.21169999609328],[85.6597,47.20639999609158],[85.6471,47.19779999608877],[85.6466,47.19779999608877],[85.60180000000001,47.194399996087704],[85.57769999999998,47.189099996086],[85.5568,47.17869999608257],[85.5471,47.161899996077125],[85.5442,47.143199996071075],[85.5388,47.12789999606608],[85.52980000000001,47.114299996061696],[85.5168,47.100199996057135],[85.5082,47.082499996051354],[85.50569999999999,47.063899996045244],[85.5,47.054399996042164],[85.49849999999999,47.05169999604127],[85.4322,47.052999996041706],[85.38849999999998,47.04839999604021],[85.3766,47.047099996039755],[85.3037,47.03929999603722],[85.24609999999998,47.04429999603883],[85.22589999999998,47.041599996037974],[85.2083,47.03489999603579],[85.2051,47.03369999603538],[85.19139999999999,47.02329999603199],[85.1673,46.99289999602199],[85.15909999999998,46.987199996020166],[85.14599999999999,46.97799999601711],[85.0874,46.948399996007375],[85.0773,46.943299996005635],[85.05619999999999,46.92699999600031],[85.0481,46.920699995998206],[85.0355,46.914899995996265],[84.99049999999998,46.90759999599388],[84.97929999999998,46.90329999599245],[84.97569999999997,46.90189999599201],[84.9595,46.89089999598839],[84.93999999999998,46.86509999597982],[84.93689999999998,46.86099999597848],[84.916,46.85049999597501],[84.83999999999999,46.8390999959712],[84.7669,46.81799999596414],[84.7396,46.81479999596312],[84.71979999999999,46.821199995965266],[84.7155,46.8350999959699],[84.72449999999998,46.850199995974855],[84.7385,46.86609999598014],[84.74969999999999,46.88239999598553],[84.7515,46.91789999599732],[84.7317,46.94769999600714],[84.69929999999998,46.97019999601459],[84.66360000000002,46.983799996019],[84.6161,46.98619999601976],[84.5211,46.969699996014356],[84.47569999999999,46.97519999601617],[84.4217,46.99309999602204],[84.40589999999997,46.9941999960224],[84.3886,46.99289999602199],[84.3096,46.99749999602349],[84.2937,46.998399996023785],[84.2658,47.000099996024346],[84.1754,46.99429999602245],[84.1589,46.99319999602213],[84.10170000000001,46.970299996014525],[84.0941,46.967299996013566],[84.0696,46.96429999601263],[83.99909999999998,46.9742999960159],[83.9169,46.97389999601579],[83.91579999999998,46.97389999601579],[83.9055,46.97389999601579],[83.7074,47.022299996031656],[83.694,47.02559999603269],[83.5246,47.06699999604629],[83.4154,47.11669999606244],[83.4117,47.11829999606298],[83.35319999999997,47.144899996071665],[83.3143,47.15789999607586],[83.2218,47.17179999608037],[83.20199999999997,47.18019999608311],[83.15019999999998,47.211399996093135],[83.12639999999999,47.21749999609514],[83.0991,47.21959999609583],[83.07170000000002,47.218499996095495],[83.04689999999998,47.21459999609423],[83.02719999999998,47.207899996092024],[83.0213,47.205899996091404],[83.0134,47.19459999608776],[83.01520000000001,47.15429999607466],[83.0123,47.142599996070906],[83.0011,47.12129999606396],[82.99829999999999,47.110099996060306],[82.99929999999999,47.099999996057015],[83.0026,47.09059999605399],[83.00620000000002,47.080499996050655],[83.00549999999998,47.069799996047166],[82.98999999999998,47.032099996034866],[82.98569999999998,47.01249999602843],[82.98819999999999,46.99289999602199],[82.9932,46.97559999601633],[82.99179999999998,46.958699996010715],[82.98569999999998,46.94239999600535],[82.8388,46.732299995935584],[82.74730000000001,46.49329999585486],[82.7077,46.434099995834636],[82.7013,46.41679999582872],[82.6894,46.362499995810055],[82.6743,46.331099995799285],[82.608,46.25519999577307],[82.5684,46.19639999575263],[82.5418,46.13139999572998],[82.5159,45.99299999568136],[82.48889999999999,45.90159999564901],[82.47589999999998,45.873099995638896],[82.4475,45.825299995621876],[82.3722,45.73419999558926],[82.3359,45.63509999555352],[82.30449999999999,45.58279999553458],[82.2916,45.53309999551649],[82.29749999999997,45.52649999551415],[82.27999999999999,45.53489999551716],[82.2759,45.54169999551963],[82.22519999999997,45.544399995520614],[82.16010000000001,45.561299995526774],[82.1304,45.64509999555712],[82.1421,45.67389999556752],[82.1309,45.759799995598435],[82.0283,45.85309999563175],[81.9801,45.885999995643495],[81.891,46.093499995716705],[81.52989999999998,46.336899995801254],[81.56429999999999,46.3689999958123],[81.5224,46.36379999581051],[81.5059,46.37309999581374],[81.5571,46.40039999582311],[81.57880000000002,46.43479999583489],[81.5521,46.43639999583545],[81.51820000000001,46.396599995821795],[81.4832,46.412499995827226],[81.4148,46.41729999582889],[81.4504,46.46009999584356],[81.41690000000001,46.46049999584367],[81.3714,46.420199995829854],[81.3395,46.44409999583807],[81.3086,46.494199995855155],[81.25140000000002,46.4735999958481],[81.2066,46.471899995847544],[81.1424,46.532699995868235],[80.82779999999998,46.542999995871746],[80.5339,46.656099995910004],[80.20019999999998,46.761799995945445],[80.2095,46.829599995968046],[79.99919999999997,46.89129999598855],[79.5277,46.778599995951055],[79.2181,47.087699996053026],[78.76619999999998,47.05989999604392],[78.7198,47.147599996072564],[78.5929,47.15779999607581],[78.5479,47.19409999608761],[78.42710000000001,47.24989999610557],[78.252,47.348999996137415],[78.09169999999999,47.21079999609296],[77.9635,47.306799996123885],[77.81389999999999,47.19479999608779],[77.555,47.23699999610144],[77.4702,47.16459999607802],[77.576,46.52849999586686],[77.1493,46.51289999586157],[76.76519999999998,46.54319999587183],[76.20739999999999,46.6347999959028],[76.03479999999999,46.658399995910784],[75.6101,46.69629999592353],[75.3842,46.66869999591428],[74.9803,46.54799999587345],[74.756,46.52919999586708],[74.1611,46.13599999573159],[74.0,45.99999999568383],[73.6167,46.000999995684204],[72.99999999999999,45.99999999568383],[72.0,45.99999999568383],[71.4528,46.0010999956842],[71.2789,46.000899995684165],[70.99999999999999,45.99999999568383],[70.0,45.99999999568383],[69.0368,45.99999999568383],[67.1725,45.99819999568319],[67.1589,46.094899995717206],[67.1143,46.108999995722144],[67.0429,46.10419999572044],[66.7216,46.08969999571535],[65.45189999999998,46.3416999958029],[65.2733,46.40949999582623],[65.0959,46.55209999587483],[64.89319999999998,46.56569999587944],[64.41459999999998,46.74649999594035],[64.3151,46.7473999959406],[63.83139999999999,46.87849999598429],[63.78809999999999,46.909599995994576],[63.699,46.86879999598103],[63.40959999999998,46.97799999601711],[63.281000000000006,46.97069999601469],[63.13059999999999,47.03989999603738],[63.017,47.11379999606157],[62.612099999999984,47.05849999604353],[62.88000000000001,47.206899996091686],[62.806700000000006,47.190999996086575],[62.763499999999986,47.23219999609991],[62.48279999999998,47.262299996109604],[62.52079999999999,47.325699996129934],[62.2104,47.54549999619976],[62.0494,47.748699996263255],[62.01250000000001,47.77209999627052],[61.944,47.845299996293065],[61.33310000000001,47.826699996287324],[60.9112,47.10609999605903],[60.4771,47.1288999960664],[60.44749999999999,46.91429999599607],[60.1235,46.8932999959892],[59.7137,46.63279999590211],[59.629499999999986,46.54209999587146],[59.5134,46.45649999584228],[59.2916,46.22679999576317],[59.014700000000005,45.98869999567987],[59.02059999999999,45.899299995648235],[59.0282,45.41039999547171],[58.81150000000001,45.50039999550458],[58.59089999999999,45.589499995537025],[58.589600000000004,45.59009999553723],[58.257400000000004,45.51669999551053],[57.9995,45.45899999548949],[57.69050000000001,45.39139999546472],[57.42920000000001,45.33329999544332],[57.311800000000005,45.30779999543392],[56.999,45.23669999540756],[56.693599999999996,45.16579999538118],[56.567299999999996,45.88349999564259],[56.48479999999999,46.057399995704024],[56.4024,46.171899995744134],[56.4251,46.21239999575821],[56.3086,46.32019999579551],[56.299,46.456799995842424],[55.70539999999999,46.5852999958861],[55.50529999999999,46.64659999590678],[55.2059,46.85969999597799],[55.1435,47.02729999603324],[54.99419999999999,47.16009999607655],[55.07,47.57379999620868],[55.111,47.72809999625688],[55.044599999999996,47.80939999628203],[55.021,47.997099996339514],[54.86219999999999,48.11639999637554],[54.89770000000001,48.20699999640273],[54.84629999999999,48.3651999964497],[54.8046,48.4106999964631],[54.837300000000006,48.56769999650894],[54.86809999999999,48.582799996513295],[54.85569999999999,48.742699996559324],[54.676700000000004,48.75559999656302],[54.6738,48.798099996575104],[54.59809999999999,48.83459999658552],[54.56479999999999,48.79969999657554],[54.5018,48.81069999657875],[54.5114,48.74939999656121],[54.48179999999999,48.66459999653693],[54.372199999999985,48.67439999653977],[54.31399999999999,48.694099996545425],[54.0765,48.71369999655102],[54.1122,48.78149999657039],[54.0689,48.84339999658796],[54.09449999999999,48.900899996604245],[54.02419999999999,49.13059999666837],[53.9679,49.13669999667008],[53.9289,49.063399996649785],[53.8684,49.087399996656465],[53.8809,49.11169999666319],[53.7579,49.146899996672936],[53.6801,49.19529999668622],[53.670399999999994,49.28799999671165],[53.7327,49.434899996751426],[53.69519999999999,49.4828999967643],[53.756899999999995,49.464699996759485],[53.7997,49.531499996777356],[53.8747,49.57609999678922],[53.9683,49.57419999678871],[53.9869,49.62129999680121],[54.111399999999996,49.621599996801294],[54.19149999999999,49.61249999679892],[54.29409999999999,49.65039999680896],[54.2634,49.67649999681576],[54.33319999999999,49.7326999968306],[54.358,49.768399996839946],[54.46469999999999,49.76869999684004],[54.40529999999999,49.81379999685177],[54.50089999999999,49.9201999968794],[54.49,49.94869999688668],[54.5359,50.00659999690154],[54.5174,50.05669999691432],[54.4482,50.075399996919096],[54.4441,50.10459999692653],[54.39529999999999,50.11129999692818],[54.44599999999999,50.21509999695436],[54.3994,50.30309999697636],[54.36249999999998,50.317599996980036],[54.4586,50.401399997000745],[54.4969,50.46809999701715],[54.5612,50.5140999970284],[54.543199999999985,50.527699997031746],[54.53949999999999,50.52959999703222],[54.54699999999998,50.530799997032496],[54.5507,50.53139999703267],[54.59139999999999,50.54239999703531]]]}}]}