c,z,attribute,y,value
Benin,Benin,CapexInvestmentComponent,2026,42680000.0
Benin,Benin,CapexInvestmentComponent,2027,192553825.4359874
Benin,Benin,CapexInvestmentComponent,2028,324235177.67709804
Benin,Benin,CapexInvestmentComponent,2029,79540000.0
Benin,Benin,CapexInvestmentComponent,2030,1523800314.6770148
Benin,Benin,CapexInvestmentComponent,2031,75660000.0
Benin,Benin,CapexInvestmentComponent,2032,155774619.95689473
Benin,Benin,CapexInvestmentComponent,2033,74795474.22676405
Benin,Benin,CapexInvestmentComponent,2034,74649468.19804405
Benin,Benin,CapexInvestmentComponent,2035,68057556.44803335
Benin,Benin,CapexInvestmentComponent,2040,438217002.83279884
Benin,Benin,CapexInvestmentComponent,2045,418661078.25947165
Benin,Benin,CapexInvestmentComponent,2050,1204148511.4186726
Benin,Benin,CapexInvestmentComponentCumulated,2026,42680000.0
Benin,Benin,CapexInvestmentComponentCumulated,2027,235233825.4359874
Benin,Benin,CapexInvestmentComponentCumulated,2028,559469003.1130854
Benin,Benin,CapexInvestmentComponentCumulated,2029,547692000.0
Benin,Benin,CapexInvestmentComponentCumulated,2030,2071492314.6770148
Benin,Benin,CapexInvestmentComponentCumulated,2031,2147152314.6770148
Benin,Benin,CapexInvestmentComponentCumulated,2032,2394243937.746995
Benin,Benin,CapexInvestmentComponentCumulated,2033,2469039411.973759
Benin,Benin,CapexInvestmentComponentCumulated,2034,2543688880.171803
Benin,Benin,CapexInvestmentComponentCumulated,2035,2611746436.6198363
Benin,Benin,CapexInvestmentComponentCumulated,2040,3049963439.4526353
Benin,Benin,CapexInvestmentComponentCumulated,2045,3468624517.7121067
Benin,Benin,CapexInvestmentComponentCumulated,2050,4672773029.130779
Benin,Benin,Costs,2026,000-166.31633466021866.41165.2321945906066400527.5295796517644000-154.174335520000140004.04812296648133510.65263449802935900004.530013513236573
Benin,Benin,Costs,2027,000-379.353309864607310.79894511044869478.8205083194139900748.8941280552783000-51.403616085900120001.15071449199082830.1870680263780089800005.195662411070411
Benin,Benin,Costs,2028,000-613.316380332393717.058459639274087103.8019002608060200908.4597111580752000-113.188293568146920001.56748405503015325.6909938449092400006.9304812958893045
Benin,Benin,Costs,2029,000-369.8190803858846618.75845963927408693.3390431179487500741.0335232031563000-113.283021585902990003.28786143587359054.27478272797425900006.203893994302003
Benin,Benin,Costs,2030,000-252.0727348416149642.37058561922885520.44336546227104600271.86980080838407000-3.46841264685266150000.3308562101555767000001.9115460264314967
Benin,Benin,Costs,2031,000-133.8715691748146844.0705856192288613.00965119999999700150.6283826225834000-2.7788528957191340000.30326993279918824000001.3953158693293388
Benin,Benin,Costs,2032,000-372.5039103124982547.0380530977240818.05391491282047400398.7694942487363000-10.859104223882990001.4724967598580125000001.7891029311680868
Benin,Benin,Costs,2033,000-364.18484208429648.9981446345001416.78592956483519300403.4961948325694000-72.441291227622490001.7841832517444214000001.7010483931135538
Benin,Benin,Costs,2034,000-367.886840473038350.9568572277873716.19933349937633300421.33002291598757000-88.225858354760480002.0132511556592285000001.6963181889819468
Benin,Benin,Costs,2035,000-366.2820335461271452.6714534684402715.97208490640874800441.10359515245773000-89.598691965981700.684718629183870503.6229247771673814000001.715767149230053
Benin,Benin,Costs,2040,000-846.561594194207863.64681813216769562.8535681192256700898.6350906501995000-658.1235732389486058.7641899401145203.83393075613543000004.900189959390669
Benin,Benin,Costs,2045,000-901.433335660334676.4961763052311389.8150125364227800969.8761849417155000-678.95397474307940115.5328473843255204.333226438017804000006.772512488362703
Benin,Benin,Costs,2050,000-1976.8299860249836100.3189284315093613.009651199999995002527.4779767422565000-1089.3760551539854028.4369700479999707.5018164893661945000001.8181367171999998
Benin,Benin,CostsPerMWh,2026,000-72.487200079934352.794165952862446328.43075606856510600229.918139228014000-67.195239294209270001.76433120666708334.64283709603518400001.9743580603170217
Benin,Benin,CostsPerMWh,2027,000-154.528837692412744.3989294223302932.10738174729857500305.06057586358753000-20.9391636777234570000.468741324615362050.0762017990456561500002.1164430427967544
Benin,Benin,CostsPerMWh,2028,000-233.72828949783686.500795871120538539.5577900290784600346.204244947118000-43.134843769416750000.5973513487423492.168776669868929500002.6411320333676125
Benin,Benin,CostsPerMWh,2029,000-131.379229061791286.663993548475172433.15894764922856600263.25416440327507000-40.244099969684130001.16802167226294751.518628131955505700002.2039501296201474
Benin,Benin,CostsPerMWh,2030,000-82.670895085699713.8960456816079346.7046970486195190089.16362887768159000-1.1375160356872230000.10850907399965375000000.6269191354705579
Benin,Benin,CostsPerMWh,2031,000-41.4856128367280513.6570839033024594.0315756075085350046.67840081520939000-0.86114188451383870000.09398066441350558000000.43239602177479824
Benin,Benin,CostsPerMWh,2032,000-109.1285023757216713.7802373266847165.28906312634941900116.82325069817787000-3.1812760840552810000.4313816894475055000000.5241344266979535
Benin,Benin,CostsPerMWh,2033,000-101.7770851813383413.6932891321126664.69108756254258700112.76325054274176000-20.24483892773690000.4986175969121684000000.4753842752286321
Benin,Benin,CostsPerMWh,2034,000-98.3986361261762413.6294226943353684.33283321698083300112.6930758399393000-23.5977566417080880000.5384839741524668000000.4537139627425237
Benin,Benin,CostsPerMWh,2035,000-93.7287698631077113.4782219392617654.08713432087646700112.87503499848168000-22.92761973065051300.1752142582436423400.9270787305152077000000.4390516856967592
Benin,Benin,CostsPerMWh,2040,000-178.5749312349237213.42575218297247413.25842287405425200189.55939014797178000-138.82554162770882012.39580350632417800.8087349176146076000001.0336531813366303
Benin,Benin,CostsPerMWh,2045,000-159.951178271734213.57355341683802615.93686023511405200172.09574177271912000-120.47423137827435020.50025702086364600.7688917716488172000001.2017209809310092
Benin,Benin,CostsPerMWh,2050,000-300.2708444349817715.2379565091042261.976102638691561400383.9115916555229000-165.4709157088850304.31943721506120401.139489378440554000000.27616611000000785
Benin,Benin,DemandEnergyZone,2026,2294.423491000002
Benin,Benin,DemandEnergyZone,2027,2454.903017
Benin,Benin,DemandEnergyZone,2028,2624.0571120000004
Benin,Benin,DemandEnergyZone,2029,2814.897629000004
Benin,Benin,DemandEnergyZone,2030,3049.1109910000014
Benin,Benin,DemandEnergyZone,2031,3226.9396549999974
Benin,Benin,DemandEnergyZone,2032,3413.442888
Benin,Benin,DemandEnergyZone,2033,3578.259698
Benin,Benin,DemandEnergyZone,2034,3738.7392239999976
Benin,Benin,DemandEnergyZone,2035,3907.893319
Benin,Benin,DemandEnergyZone,2040,4740.651940000001
Benin,Benin,DemandEnergyZone,2045,5635.677995
Benin,Benin,DemandEnergyZone,2050,6583.489615000002
Benin,Benin,DemandPeakZone,2026,488.0499523898065
Benin,Benin,DemandPeakZone,2027,522.1857714011978
Benin,Benin,DemandPeakZone,2028,558.1667698244504
Benin,Benin,DemandPeakZone,2029,598.7607166693168
Benin,Benin,DemandPeakZone,2030,648.5805605734879
Benin,Benin,DemandPeakZone,2031,686.406738408602
Benin,Benin,DemandPeakZone,2032,726.0780956608637
Benin,Benin,DemandPeakZone,2033,761.1365042648588
Benin,Benin,DemandPeakZone,2034,795.2723232815379
Benin,Benin,DemandPeakZone,2035,831.25332170479
Benin,Benin,DemandPeakZone,2040,1008.3905446005092
Benin,Benin,DemandPeakZone,2045,1198.7727583574256
Benin,Benin,DemandPeakZone,2050,1400.383061717065
Benin,Benin,EmissionsIntensityZone,2026,6.192744714717011e-07
Benin,Benin,EmissionsIntensityZone,2027,4.515372685519895e-07
Benin,Benin,EmissionsIntensityZone,2028,3.649339497115444e-07
Benin,Benin,EmissionsIntensityZone,2029,3.3210633857110935e-07
Benin,Benin,EmissionsIntensityZone,2030,5.7016319714130194e-08
Benin,Benin,EmissionsIntensityZone,2031,3.9274072121222096e-08
Benin,Benin,EmissionsIntensityZone,2032,4.646859057252243e-08
Benin,Benin,EmissionsIntensityZone,2033,4.0871161031315176e-08
Benin,Benin,EmissionsIntensityZone,2034,3.754947779785047e-08
Benin,Benin,EmissionsIntensityZone,2035,3.5215176471379696e-08
Benin,Benin,EmissionsIntensityZone,2040,8.753209209730797e-08
Benin,Benin,EmissionsIntensityZone,2045,9.789059642854593e-08
Benin,Benin,EmissionsIntensityZone,2050,1.593365582177774e-08
Benin,Benin,EmissionsZone,2026,0.4452097280808898
Benin,Benin,EmissionsZone,2027,0.567647
Benin,Benin,EmissionsZone,2028,0.7381449999999999
Benin,Benin,EmissionsZone,2029,0.666736
Benin,Benin,EmissionsZone,2030,0.1692229999999999
Benin,Benin,EmissionsZone,2031,0.1184879001599999
Benin,Benin,EmissionsZone,2032,0.152915
Benin,Benin,EmissionsZone,2033,0.144261
Benin,Benin,EmissionsZone,2034,0.136411
Benin,Benin,EmissionsZone,2035,0.1310963954306128
Benin,Benin,EmissionsZone,2040,0.458672633133715
Benin,Benin,EmissionsZone,2045,0.6426844912810851
Benin,Benin,EmissionsZone,2050,0.1184879001599999
Benin,Benin,GenCostsPerMWh,2026,112.4951502025387
Benin,Benin,GenCostsPerMWh,2027,96.10490766726252
Benin,Benin,GenCostsPerMWh,2028,93.90853658787917
Benin,Benin,GenCostsPerMWh,2029,94.25211190848823
Benin,Benin,GenCostsPerMWh,2030,97.72861196398868
Benin,Benin,GenCostsPerMWh,2031,96.83337748733851
Benin,Benin,GenCostsPerMWh,2032,96.31650234457037
Benin,Benin,GenCostsPerMWh,2033,92.30837703245092
Benin,Benin,GenCostsPerMWh,2034,92.3364498695602
Benin,Benin,GenCostsPerMWh,2035,92.52596427234636
Benin,Benin,GenCostsPerMWh,2040,86.80085150839369
Benin,Benin,GenCostsPerMWh,2045,82.83846623237373
Benin,Benin,GenCostsPerMWh,2050,82.32426526595279
Burkina,Burkina,CapexInvestmentComponent,2026,173362834.7295
Burkina,Burkina,CapexInvestmentComponent,2028,133995669.45075
Burkina,Burkina,CapexInvestmentComponent,2029,112704622.07307133
Burkina,Burkina,CapexInvestmentComponent,2030,531782406.320692
Burkina,Burkina,CapexInvestmentComponent,2031,183463014.10619408
Burkina,Burkina,CapexInvestmentComponent,2032,162226546.01554784
Burkina,Burkina,CapexInvestmentComponent,2033,350774963.45295256
Burkina,Burkina,CapexInvestmentComponent,2034,172167971.06301045
Burkina,Burkina,CapexInvestmentComponent,2035,164592768.42412144
Burkina,Burkina,CapexInvestmentComponent,2040,761040597.6865932
Burkina,Burkina,CapexInvestmentComponent,2045,556299071.9211609
Burkina,Burkina,CapexInvestmentComponent,2050,342125249.3221691
Burkina,Burkina,CapexInvestmentComponentCumulated,2026,173362834.7295
Burkina,Burkina,CapexInvestmentComponentCumulated,2028,307358504.18025
Burkina,Burkina,CapexInvestmentComponentCumulated,2029,420063126.25332135
Burkina,Burkina,CapexInvestmentComponentCumulated,2030,889559206.3206921
Burkina,Burkina,CapexInvestmentComponentCumulated,2031,1135308546.6802075
Burkina,Burkina,CapexInvestmentComponentCumulated,2032,1297535092.6957552
Burkina,Burkina,CapexInvestmentComponentCumulated,2033,1648310056.1487079
Burkina,Burkina,CapexInvestmentComponentCumulated,2034,1509810765.7059422
Burkina,Burkina,CapexInvestmentComponentCumulated,2035,1674403534.1300635
Burkina,Burkina,CapexInvestmentComponentCumulated,2040,2746111393.322433
Burkina,Burkina,CapexInvestmentComponentCumulated,2045,3302410465.2435937
Burkina,Burkina,CapexInvestmentComponentCumulated,2050,3644535714.5657625
Burkina,Burkina,Costs,2026,000-20.42144118831460624.639115883.8314616387856400310.7083908855199000-10.1073262117647060000000005.189908390241088
Burkina,Burkina,Costs,2027,000-25.9623143569777924.6391158111.8868349195242900749.3850305376702000-164.05627859566647000.167651094294781140000006.660426327349491
Burkina,Burkina,Costs,2028,000-86.5426996943431827.711439499999997205.7319878764808400595.7547971034081000-130.65663021757163002.151059324142377400000012.647455185928958
Burkina,Burkina,Costs,2029,000-32.50046366857604630.226942439129097154.8485381709026900852.9956798985553000-200.64362998156167013.9786549948345283.5501328844837640.40609923297806483000009.170011445984402
Burkina,Burkina,Costs,2030,000-24.69672095386845738.80849405004868150.855076854239300504.24888220211164000-89.813368903271250000000009.40283204590915
Burkina,Burkina,Costs,2031,000-11.63583629046901541.839159283418844169.9113594993500600481.7527092837159000-151.5623571494128300000000010.541561959919134
Burkina,Burkina,Costs,2032,000-24.4501865699828145.35477777707029207.9864222528988800837.8444957943603000-232.51042506839016012.160166115770652000000012.151137873835845
Burkina,Burkina,Costs,2033,000-24.01565502048135843.049222295353815268.1004714316486600974.4814038869272000-291.5384858531934076.914922327657441.06345889306198440.262020615606238460000011.374360878061385
Burkina,Burkina,Costs,2034,000-22.77731958467754247.30742157192906318.692812579393600958.0563704907914000-281.33557908044020106.0208301492122300.025166822715821760000012.777380034976058
Burkina,Burkina,Costs,2035,000-21.42381217701001451.42474078253211374.3466953914292001008.0668029248392000-296.67667929929970143.5285289542648000000014.41157127484485
Burkina,Burkina,Costs,2040,000-791.333873524452570.37198589715423987.52639296437700454.11244580230266000-698.81435742707310691.17101265762901.19176767469896920000032.74040433972158
Burkina,Burkina,Costs,2045,000-1144.5010545383383.314844836632741140.372450730302700660.8841649439859000-623.438792678991701081.484717573545403.032883837683069630.395784022990895000036.98166091695285
Burkina,Burkina,Costs,2050,000-829.584089719744690.617592467920351202.89015056619100792.4883996403327000-573.636687322135701427.264178832302807.022379500976434361.25881817113054000037.182526190172
Burkina,Burkina,CostsPerMWh,2026,000-5.7552131608229656.94384701919777723.6255574161258830087.5644869484381000-2.84846775985451160000000001.4626308102129666
Burkina,Burkina,CostsPerMWh,2027,000-6.7556528614066496.41134341369157529.1140691883143200194.9974511608388000-42.689078203410055000.0436244850639092440000001.7331092890204332
Burkina,Burkina,CostsPerMWh,2028,000-20.7968354046133436.659258933934907549.4388816669968900143.16417792173695000-31.39773132515161000.51691508200860930000003.0392747709276815
Burkina,Burkina,CostsPerMWh,2029,000-7.2171829606904316.71231574263294234.3862857641447700189.4196325715413000-44.5557270271845303.1041560413070290.78835670848770930.0901800200294544000002.036329420779445
Burkina,Burkina,CostsPerMWh,2030,000-5.060349053771397.95184617874119430.91014984709480400103.3204107817822000-18.402726305027930000000001.9266368330907735
Burkina,Burkina,CostsPerMWh,2031,000-2.20323645831144577.92221193364800532.17258240706490091.21949694785663000-28.6982132305117580000000001.9960364736883662
Burkina,Burkina,CostsPerMWh,2032,000-4.2897029564294897.95734313771486636.4905178895769700146.99699735828105000-40.7931716578820202.13346022486125100000002.1318762501947077
Burkina,Burkina,CostsPerMWh,2033,000-3.90270257173560346.99578297656307343.5680974950501700158.3596648858676000-47.376929653961874012.4991829253456790.172819094600939860.042580080764073054000001.8484087738935737
Burkina,Burkina,CostsPerMWh,2034,000-3.42886365419273937.12158855209114847.9755397839280600144.22437439274285000-42.35183767580461015.96021734403398700.0037885758849273785000001.9234876972622323
Burkina,Burkina,CostsPerMWh,2035,000-2.9890604220591097.17480419066893952.2290282456771400140.64595780240012000-41.39247081306434020.02516834020492800000002.0107092501281754
Burkina,Burkina,CostsPerMWh,2040,000-95.216488386802918.467441622446348118.823164878014580054.64064394142419000-84.0841664620464083.1644883428288500.14339830096283000003.9394577104451494
Burkina,Burkina,CostsPerMWh,2045,000-115.840520665732388.432700840938383115.422644585279730066.89130207724516000-63.1012737478708060109.4623305753855400.306972930678173553.07650520137506100003.7430938475032316
Burkina,Burkina,CostsPerMWh,2050,000-71.877793080671857.851395225140133104.222212567244070068.66370499875906000-49.701699472987360123.6626890376121100.608441201995152431.3006082238688300003.2216118375856495
Burkina,Burkina,DemandEnergyZone,2026,3548.3379360000017
Burkina,Burkina,DemandEnergyZone,2027,3843.050389000001
Burkina,Burkina,DemandEnergyZone,2028,4161.339838999999
Burkina,Burkina,DemandEnergyZone,2029,4503.206284999998
Burkina,Burkina,DemandEnergyZone,2030,4880.438224999997
Burkina,Burkina,DemandEnergyZone,2031,5281.247160999999
Burkina,Burkina,DemandEnergyZone,2032,5699.738844000003
Burkina,Burkina,DemandEnergyZone,2033,6153.596021999995
Burkina,Burkina,DemandEnergyZone,2034,6642.818695
Burkina,Burkina,DemandEnergyZone,2035,7167.406861
Burkina,Burkina,DemandEnergyZone,2040,8310.891179999999
Burkina,Burkina,DemandEnergyZone,2045,9879.971602
Burkina,Burkina,DemandEnergyZone,2050,11541.591000000002
Burkina,Burkina,DemandPeakZone,2026,743.2207186729872
Burkina,Burkina,DemandPeakZone,2027,804.9500142116204
Burkina,Burkina,DemandPeakZone,2028,871.6176535602905
Burkina,Burkina,DemandPeakZone,2029,943.223636495212
Burkina,Burkina,DemandPeakZone,2030,1022.2371348173372
Burkina,Burkina,DemandPeakZone,2031,1106.1889767335413
Burkina,Burkina,DemandPeakZone,2032,1193.8445763237794
Burkina,Burkina,DemandPeakZone,2033,1288.907691548488
Burkina,Burkina,DemandPeakZone,2034,1391.378322392013
Burkina,Burkina,DemandPeakZone,2035,1501.2564683285143
Burkina,Burkina,DemandPeakZone,2040,1740.7661353118024
Burkina,Burkina,DemandPeakZone,2045,2069.4194654233165
Burkina,Burkina,DemandPeakZone,2050,2417.455640433436
Burkina,Burkina,EmissionsIntensityZone,2026,4.195559749148031e-07
Burkina,Burkina,EmissionsIntensityZone,2027,4.4875438296016934e-07
Burkina,Burkina,EmissionsIntensityZone,2028,5.082984488666253e-07
Burkina,Burkina,EmissionsIntensityZone,2029,4.024232027415437e-07
Burkina,Burkina,EmissionsIntensityZone,2030,3.531700659443341e-07
Burkina,Burkina,EmissionsIntensityZone,2031,3.357849993529284e-07
Burkina,Burkina,EmissionsIntensityZone,2032,3.413829660862996e-07
Burkina,Burkina,EmissionsIntensityZone,2033,3.351178927436547e-07
Burkina,Burkina,EmissionsIntensityZone,2034,3.572116446820389e-07
Burkina,Burkina,EmissionsIntensityZone,2035,3.752540460601692e-07
Burkina,Burkina,EmissionsIntensityZone,2040,4.944793477215386e-07
Burkina,Burkina,EmissionsIntensityZone,2045,4.576066504210694e-07
Burkina,Burkina,EmissionsIntensityZone,2050,4.3885103581592697e-07
Burkina,Burkina,EmissionsZone,2026,0.5085775339419665
Burkina,Burkina,EmissionsZone,2027,0.6365729999999999
Burkina,Burkina,EmissionsZone,2028,1.238179
Burkina,Burkina,EmissionsZone,2029,0.8783625166494484
Burkina,Burkina,EmissionsZone,2030,0.909194
Burkina,Burkina,EmissionsZone,2031,1.0185499999999998
Burkina,Burkina,EmissionsZone,2032,1.180637887052569
Burkina,Burkina,EmissionsZone,2033,1.3884970744255247
Burkina,Burkina,EmissionsZone,2034,1.6368537671640409
Burkina,Burkina,EmissionsZone,2035,1.9122524298475487
Burkina,Burkina,EmissionsZone,2040,4.944426375525429
Burkina,Burkina,EmissionsZone,2045,5.693372058578484
Burkina,Burkina,EmissionsZone,2050,5.946935262774343
Burkina,Burkina,GenCostsPerMWh,2026,109.32985965259667
Burkina,Burkina,GenCostsPerMWh,2027,114.24012004745292
Burkina,Burkina,GenCostsPerMWh,2028,114.8807908711614
Burkina,Burkina,GenCostsPerMWh,2029,110.25617712725992
Burkina,Burkina,GenCostsPerMWh,2030,116.46794489280069
Burkina,Burkina,GenCostsPerMWh,2031,113.40017547345691
Burkina,Burkina,GenCostsPerMWh,2032,117.103048909617
Burkina,Burkina,GenCostsPerMWh,2033,120.88844563267784
Burkina,Burkina,GenCostsPerMWh,2034,125.63118715587618
Burkina,Burkina,GenCostsPerMWh,2035,128.50041973779508
Burkina,Burkina,GenCostsPerMWh,2040,138.83439334044917
Burkina,Burkina,GenCostsPerMWh,2045,130.35079086196657
Burkina,Burkina,GenCostsPerMWh,2050,127.69338830264577
Gambia,Gambia,CapexInvestmentComponent,2027,36340640.675375
Gambia,Gambia,CapexInvestmentComponent,2029,66762755.62579999
Gambia,Gambia,CapexInvestmentComponent,2030,54182636.646
Gambia,Gambia,CapexInvestmentComponent,2031,41268906.75
Gambia,Gambia,CapexInvestmentComponent,2032,40187974.274000004
Gambia,Gambia,CapexInvestmentComponent,2033,39107041.798
Gambia,Gambia,CapexInvestmentComponent,2034,40614533.757
Gambia,Gambia,CapexInvestmentComponent,2035,50632488.63618745
Gambia,Gambia,CapexInvestmentComponent,2040,256502465.30554658
Gambia,Gambia,CapexInvestmentComponent,2045,220244528.3609481
Gambia,Gambia,CapexInvestmentComponent,2050,156610750.64316857
Gambia,Gambia,CapexInvestmentComponentCumulated,2027,36340640.675375
Gambia,Gambia,CapexInvestmentComponentCumulated,2029,103103396.301175
Gambia,Gambia,CapexInvestmentComponentCumulated,2030,157286032.947175
Gambia,Gambia,CapexInvestmentComponentCumulated,2031,198554939.697175
Gambia,Gambia,CapexInvestmentComponentCumulated,2032,238742913.97117501
Gambia,Gambia,CapexInvestmentComponentCumulated,2033,277849955.769175
Gambia,Gambia,CapexInvestmentComponentCumulated,2034,318464489.526175
Gambia,Gambia,CapexInvestmentComponentCumulated,2035,369096978.16236246
Gambia,Gambia,CapexInvestmentComponentCumulated,2040,625599443.467909
Gambia,Gambia,CapexInvestmentComponentCumulated,2045,845843971.8288571
Gambia,Gambia,CapexInvestmentComponentCumulated,2050,1002454722.4720256
Gambia,Gambia,Costs,2026,000-64.956592365329971.8709477234.33797359999998400118.0127261027342300000001.5092418389594962105.0986392159628200002.3845814999999995
Gambia,Gambia,Costs,2027,00002.61338008999999977.675164835164828500112.991873077401170003.2400748750660565e-16000.14471928763004540.43874701730440313000000.5329975579975578
Gambia,Gambia,Costs,2028,000-0.0201039985618068562.613380089999999710.88571428571429300103.44493898241035000-0.2849999999999999000.90217731503969690.62089471961468971.495384246487317500000.7559523809523813
Gambia,Gambia,Costs,2029,000-0.31414218142774874.0982448310.6996336996336950088.93796615302928000-0.285001.10538114158903490.9791787523065913000000.7430301180301182
Gambia,Gambia,Costs,2030,000-0.90839078996292365.225722032.77362637362637300110.20886899187163000-1.0599519608826715000.53858497178940430.4757580418497491000000.1926129426129426
Gambia,Gambia,Costs,2031,000-0.93888045113687536.353199232.2565567765567770086.80123207343105000-3.38859780012158930000.3350000716036310.096910363241089600000.15670533170533169
Gambia,Gambia,Costs,2032,000-3.88039102241682577.480676432.08849816849816740070.60062051081799000-4.0357082581425310000.17009428630358430.2389208139446160300000.145034595034595
Gambia,Gambia,Costs,2033,000-6.4617173714345818.6081536299999992.63886848617617530072.51595364901276000-4.6259839633080130000.12913434137435140.3809312781616800400000.18325475598445662
Gambia,Gambia,Costs,2034,000-9.3689811348067729.7356308299999983.4719288792207650075.2365196707174000-4.3203220533955010000.207714919733873880.560322769771020600000.24110617216810873
Gambia,Gambia,Costs,2035,000-15.33473140687483710.863108033.66725274725274600115.54820443161151000-6.399277157397740000.74966816655616850.777095315922458300000.25467032967032954
Gambia,Gambia,Costs,2040,000-9.9393444968424816.500494032.8542124542124530069.35342872528285000-5.3174026327697410000.67968304518911182.06750427524613200000.19820919820919816
Gambia,Gambia,Costs,2045,000-34.23245655325014522.110132312.94311200547164550099.8510797022086000-8.87043918469639301.879421831203197801.36686588006602873.794279413626302500000.20438277815775324
Gambia,Gambia,Costs,2050,000-15.3804945694262127.4415183100000033.07955180682584740093.8247270813139000-18.4195121515250803.60748232447592401.66902995042674056.58235262415134200000.21385776436290613
Gambia,Gambia,CostsPerMWh,2026,000-87.12120202164442.509355992218804246.05484102667019600158.2812487160104200000002.024228155504174140.9605930039661800003.19825284907432
Gambia,Gambia,CostsPerMWh,2027,00003.31667507366780359.74065272498607200143.39947350056250004.112021674944693e-16000.183665152955815540.5568196151443131000000.676434217012922
Gambia,Gambia,CostsPerMWh,2028,000-0.024212501804475963.147456957399400713.11034598294253500124.5852044843366000-0.34324331018333776001.0865485192510230.74778231170491751.800984697404642800000.9104406932598981
Gambia,Gambia,CostsPerMWh,2029,000-0.35823597997238584.67348493656360112.2014616003276600101.42152612799997000-0.3250033275636748001.26053526050024511.1166187816817175000000.8473237222449769
Gambia,Gambia,CostsPerMWh,2030,000-0.98362491701621225.6585232423133013.00334177948190400119.33651333145387000-1.1477385846315584000.58319129171725160.5151609523180607000000.20856540135291002
Gambia,Gambia,CostsPerMWh,2031,000-0.97205030850215566.5776524199850862.33627903121061560089.86784666053842000-3.5083141128451450000.34683534262135840.1003341249373013600000.16224159938962604
Gambia,Gambia,CostsPerMWh,2032,000-3.84868021435602177.4195438551985652.07143082549742540070.02366764368197000-4.0027281875197380000.168704264722240430.2369683374985670200000.14384936288176572
Gambia,Gambia,CostsPerMWh,2033,000-6.15048792729301758.1935408087717492.51176704782698270069.02321346118758000-4.403172853699160000.122914569295925810.362583674398862700000.17442826721020713
Gambia,Gambia,CostsPerMWh,2034,000-8.5389779763235198.8731459746610753.1643488025487580068.57127527952238000-3.9375823618124770000.189313341487258450.510683469404383400000.21974644462144155
Gambia,Gambia,CostsPerMWh,2035,000-13.3573459970242439.462330229971323.194367250647238300100.64847599717221000-5.5741021380977260000.65299983533824890.676890304240322600000.22183105907272482
Gambia,Gambia,CostsPerMWh,2040,000-7.04574308104150511.696771520754912.0232770538820160049.162843761266096000-3.7693685756491430000.481809651980945941.46560006517198700000.14050535096402894
Gambia,Gambia,CostsPerMWh,2045,000-20.412632860589113.1841550033378591.75496212904945330059.54067092801402000-5.28939598908800601.120689301711376200.81505489785847132.262508754531421800000.12187237007287874
Gambia,Gambia,CostsPerMWh,2050,000-7.85093308587120714.0074509993183461.57194913731343490047.89258568965535000-9.40219163455742401.841429884460483700.85195195771940123.359944621192297600000.10916313453565524
Gambia,Gambia,DemandEnergyZone,2026,745.5887987999998
Gambia,Gambia,DemandEnergyZone,2027,787.9517986999997
Gambia,Gambia,DemandEnergyZone,2028,830.3147987000007
Gambia,Gambia,DemandEnergyZone,2029,876.9140984999998
Gambia,Gambia,DemandEnergyZone,2030,923.5133985000008
Gambia,Gambia,DemandEnergyZone,2031,965.8763984999994
Gambia,Gambia,DemandEnergyZone,2032,1008.239398
Gambia,Gambia,DemandEnergyZone,2033,1050.602399
Gambia,Gambia,DemandEnergyZone,2034,1097.2016980000003
Gambia,Gambia,DemandEnergyZone,2035,1148.0372980000006
Gambia,Gambia,DemandEnergyZone,2040,1410.6878979999994
Gambia,Gambia,DemandEnergyZone,2045,1677.0230860000006
Gambia,Gambia,DemandEnergyZone,2050,1959.065808
Gambia,Gambia,DemandPeakZone,2026,173.13326314022288
Gambia,Gambia,DemandPeakZone,2027,182.97038035883173
Gambia,Gambia,DemandPeakZone,2028,192.8074975979181
Gambia,Gambia,DemandPeakZone,2029,203.62832651414328
Gambia,Gambia,DemandPeakZone,2030,214.44915547778444
Gambia,Gambia,DemandPeakZone,2031,224.2862727168708
Gambia,Gambia,DemandPeakZone,2032,234.12338984064772
Gambia,Gambia,DemandPeakZone,2033,243.9605073200442
Gambia,Gambia,DemandPeakZone,2034,254.7813360466058
Gambia,Gambia,DemandPeakZone,2035,266.5858767348015
Gambia,Gambia,DemandPeakZone,2040,327.5760036216596
Gambia,Gambia,DemandPeakZone,2045,389.4217291266618
Gambia,Gambia,DemandPeakZone,2050,454.9149029493597
Gambia,Gambia,EmissionsIntensityZone,2026,6.752762588895115e-07
Gambia,Gambia,EmissionsIntensityZone,2027,3.2630017542125225e-07
Gambia,Gambia,EmissionsIntensityZone,2028,3.90410749021128e-07
Gambia,Gambia,EmissionsIntensityZone,2029,2.35124791505263e-07
Gambia,Gambia,EmissionsIntensityZone,2030,5.8448112471770456e-08
Gambia,Gambia,EmissionsIntensityZone,2031,3.623022153022133e-08
Gambia,Gambia,EmissionsIntensityZone,2032,2.9503862124084493e-08
Gambia,Gambia,EmissionsIntensityZone,2033,3.174533538121476e-08
Gambia,Gambia,EmissionsIntensityZone,2034,3.5877365728914935e-08
Gambia,Gambia,EmissionsIntensityZone,2035,3.295350329769397e-08
Gambia,Gambia,EmissionsIntensityZone,2040,1.3768129881738656e-08
Gambia,Gambia,EmissionsIntensityZone,2045,9.877187628516832e-09
Gambia,Gambia,EmissionsIntensityZone,2050,8.227934716418523e-09
Gambia,Gambia,EmissionsZone,2026,0.2343566698199997
Gambia,Gambia,EmissionsZone,2027,0.052383
Gambia,Gambia,EmissionsZone,2028,0.074295
Gambia,Gambia,EmissionsZone,2029,0.0730249999999999
Gambia,Gambia,EmissionsZone,2030,0.01893
Gambia,Gambia,EmissionsZone,2031,0.015401
Gambia,Gambia,EmissionsZone,2032,0.014254
Gambia,Gambia,EmissionsZone,2033,0.0180102774181524
Gambia,Gambia,EmissionsZone,2034,0.0236959146006817
Gambia,Gambia,EmissionsZone,2035,0.025029
Gambia,Gambia,EmissionsZone,2040,0.01948
Gambia,Gambia,EmissionsZone,2045,0.0200867394373439
Gambia,Gambia,EmissionsZone,2050,0.0210179410815864
Gambia,Gambia,GenCostsPerMWh,2026,111.20347554754062
Gambia,Gambia,GenCostsPerMWh,2027,92.48252545409001
Gambia,Gambia,GenCostsPerMWh,2028,96.06064623569728
Gambia,Gambia,GenCostsPerMWh,2029,86.75425203157289
Gambia,Gambia,GenCostsPerMWh,2030,79.27863355291709
Gambia,Gambia,GenCostsPerMWh,2031,72.50894553595819
Gambia,Gambia,GenCostsPerMWh,2032,74.97479752279685
Gambia,Gambia,GenCostsPerMWh,2033,74.50597533910286
Gambia,Gambia,GenCostsPerMWh,2034,73.8932735969592
Gambia,Gambia,GenCostsPerMWh,2035,73.5201383961338
Gambia,Gambia,GenCostsPerMWh,2040,63.381464851176055
Gambia,Gambia,GenCostsPerMWh,2045,59.17035596480284
Gambia,Gambia,GenCostsPerMWh,2050,56.14053484230038
Ghana,Ghana,CapexInvestmentComponent,2026,526080000.0
Ghana,Ghana,CapexInvestmentComponent,2027,417100000.0
Ghana,Ghana,CapexInvestmentComponent,2028,694500000.0
Ghana,Ghana,CapexInvestmentComponent,2029,397700000.0
Ghana,Ghana,CapexInvestmentComponent,2030,1132000000.0
Ghana,Ghana,CapexInvestmentComponent,2031,1005228569.777467
Ghana,Ghana,CapexInvestmentComponent,2032,698600000.0
Ghana,Ghana,CapexInvestmentComponent,2033,799125971.9401515
Ghana,Ghana,CapexInvestmentComponent,2034,804282144.6199286
Ghana,Ghana,CapexInvestmentComponent,2035,949771982.0961524
Ghana,Ghana,CapexInvestmentComponent,2040,2667570990.2938533
Ghana,Ghana,CapexInvestmentComponent,2045,2274932097.0897665
Ghana,Ghana,CapexInvestmentComponent,2050,2732002824.377602
Ghana,Ghana,CapexInvestmentComponentCumulated,2026,526080000.0
Ghana,Ghana,CapexInvestmentComponentCumulated,2027,943180000.0
Ghana,Ghana,CapexInvestmentComponentCumulated,2028,1637680000.0
Ghana,Ghana,CapexInvestmentComponentCumulated,2029,2035380000.0
Ghana,Ghana,CapexInvestmentComponentCumulated,2030,3167380000.0
Ghana,Ghana,CapexInvestmentComponentCumulated,2031,4172608569.777467
Ghana,Ghana,CapexInvestmentComponentCumulated,2032,4871208569.777467
Ghana,Ghana,CapexInvestmentComponentCumulated,2033,5670334541.717619
Ghana,Ghana,CapexInvestmentComponentCumulated,2034,6474616686.337547
Ghana,Ghana,CapexInvestmentComponentCumulated,2035,7421146676.237069
Ghana,Ghana,CapexInvestmentComponentCumulated,2040,10091959658.727552
Ghana,Ghana,CapexInvestmentComponentCumulated,2045,12366891755.817318
Ghana,Ghana,CapexInvestmentComponentCumulated,2050,15098894580.19492
Ghana,Ghana,Costs,2026,000-373.5097124304897187.953999999999981170.307477615215500115.23418419410366000-79.9618836411764700000000070.47221717416824
Ghana,Ghana,Costs,2027,000-494.26669344131415196.453999999999981066.24081141831900448.91290700868296000-162.6426081725385300000000063.245365354939025
Ghana,Ghana,Costs,2028,000-389.09616872821096195.983999999999981002.962797200000300675.31085031377000-178.25821235857518077.55526588800474000000058.9415005320001
Ghana,Ghana,Costs,2029,000-707.8438542604919204.48399999999998992.239251542321001207.1528165200416000-472.13338988783520143.35703959873226000000058.20826664087714
Ghana,Ghana,Costs,2030,000-418.98659948531156232.983999999999981037.180405405403200541.1427858956192000-74.1098110131822500000000058.30031938365176
Ghana,Ghana,Costs,2031,000-203.19684279404063257.242281513676351012.431765202706100284.9580896218848000-96.871193502716850000.145988392124864250000054.51628449283974
Ghana,Ghana,Costs,2032,000-341.12929561563965270.74228151367635912.0005696420483001027.1929422628837000-314.2013635545287070.2181718219616303.32324153027547360000048.07209776479091
Ghana,Ghana,Costs,2033,000-351.6270774186528288.27986290342545942.7495891481749001051.785024315429000-376.584435238665550137.8590543494716208.3895895631661260000049.71343601027789
Ghana,Ghana,Costs,2034,000-369.9421423638753306.40084450626694987.6493271162504001046.4846989554258000-372.590069000067560223.49585378224253013.4359774056406990000052.03509725874313
Ghana,Ghana,Costs,2035,000-389.1241859519784331.25165865797631024.545587805335001029.1306732417581000-350.586669418324960394.76879068043021.880900456870470000053.97197594571856
Ghana,Ghana,Costs,2040,0000419.463487250178841501.9873800000016008600.456166269663000-2946.965265581482501626.766239840016029.288380222782955719.8090015830863000065.83101583200016
Ghana,Ghana,Costs,2045,0000511.06910189560471369.29966008614.666243174624000-2771.520289948007302075.9869948799897035.448701192199327108.018578513006000062.227151832000104
Ghana,Ghana,Costs,2050,0000607.09541661910581369.29966007033.829971559361000-2403.569234376783202622.3019948800124037.1551321136653415340.671423666898000062.22715183199996
Ghana,Ghana,CostsPerMWh,2026,000-13.1047205350265216.59443265186512641.060652303796104004.043032161383303000-2.80549100518219370000000002.472542696525029
Ghana,Ghana,CostsPerMWh,2027,000-16.2733847576867036.46811037767441535.105232051446240014.780143099630713000-5.35489397911383950000000002.0823093650019397
Ghana,Ghana,CostsPerMWh,2028,000-12.1823860910515356.13615077083008431.4022111047467120021.143609655394112000-5.58116615219030102.428212530413770500000001.8454258200838551
Ghana,Ghana,CostsPerMWh,2029,000-21.0042825589289956.067778492287974529.4433206985016620035.82058203568573000-14.0099021373428704.25392090136765300000001.7272494102075369
Ghana,Ghana,CostsPerMWh,2030,000-11.8133584694222666.56900128314572729.2433790044024530015.257561269930026000-2.08953165727810350000000001.6437818598659746
Ghana,Ghana,CostsPerMWh,2031,000-5.4648352604504936.91834908045086827.22863570713978007.663746121757946000-2.60528218202756270000.003926254472905763000001.466176883797323
Ghana,Ghana,CostsPerMWh,2032,000-8.6774133637231566.88695671092038123.198845811389230026.12903048454982000-7.992439072368858501.786161758533422200.08453434177691921000001.2228250957267772
Ghana,Ghana,CostsPerMWh,2033,000-8.5354552556467546.99775423718731222.8844632629726730025.531207890781875000-9.14127438805178403.34641404360536100.20365031855719887000001.206752368973493
Ghana,Ghana,CostsPerMWh,2034,000-8.5590779367453167.08896988933534622.850512544870650024.21174305997529000-8.62034105833815505.17085839109430700.3108582791795433000001.2038975879791398
Ghana,Ghana,CostsPerMWh,2035,000-8.5825558396803337.306114500345322.5974638305380570022.69859286134228000-7.73256912717744408.7070537172829300.4826069845392578000001.1904104500694765
Ghana,Ghana,CostsPerMWh,2040,00007.17200454540344625.68104410497539200147.050965320946000-50.387337449685155027.81451835754863600.500773970727089112.30732492360456700001.1255815085855965
Ghana,Ghana,CostsPerMWh,2045,00007.35051753290528319.6941296613294700123.90155269750021000-39.86174943565056029.8581517594185600.5098455349100853102.2319975748580400000.8949900685980203
Ghana,Ghana,CostsPerMWh,2050,00007.4745536379725116.8588058399869960086.60045515676279000-29.592724097605043032.285759996093700.4574536725316572188.8742169019724300000.7661401673838717
Ghana,Ghana,DemandEnergyZone,2026,28501.92123000002
Ghana,Ghana,DemandEnergyZone,2027,30372.70369999998
Ghana,Ghana,DemandEnergyZone,2028,31939.24127999999
Ghana,Ghana,DemandEnergyZone,2029,33699.97772000001
Ghana,Ghana,DemandEnergyZone,2030,35467.18746999998
Ghana,Ghana,DemandEnergyZone,2031,37182.61083999998
Ghana,Ghana,DemandEnergyZone,2032,39312.32514999997
Ghana,Ghana,DemandEnergyZone,2033,41196.054209999966
Ghana,Ghana,DemandEnergyZone,2034,43222.19579
Ghana,Ghana,DemandEnergyZone,2035,45338.96349999999
Ghana,Ghana,DemandEnergyZone,2040,58486.22719000003
Ghana,Ghana,DemandEnergyZone,2045,69528.31547000002
Ghana,Ghana,DemandEnergyZone,2050,81221.62820999997
Ghana,Ghana,DemandPeakZone,2026,3435.590535180388
Ghana,Ghana,DemandPeakZone,2027,3661.092615676525
Ghana,Ghana,DemandPeakZone,2028,3849.9213495491103
Ghana,Ghana,DemandPeakZone,2029,4062.1586012831312
Ghana,Ghana,DemandPeakZone,2030,4275.176140047821
Ghana,Ghana,DemandPeakZone,2031,4481.951403716845
Ghana,Ghana,DemandPeakZone,2032,4738.66484700149
Ghana,Ghana,DemandPeakZone,2033,4965.727495214054
Ghana,Ghana,DemandPeakZone,2034,5209.956394652283
Ghana,Ghana,DemandPeakZone,2035,5465.109268105518
Ghana,Ghana,DemandPeakZone,2040,7049.8661109041
Ghana,Ghana,DemandPeakZone,2045,8380.867402251855
Ghana,Ghana,DemandPeakZone,2050,9790.366583425992
Ghana,Ghana,EmissionsIntensityZone,2026,3.343346865063208e-07
Ghana,Ghana,EmissionsIntensityZone,2027,3.13049758333249e-07
Ghana,Ghana,EmissionsIntensityZone,2028,2.952491440506021e-07
Ghana,Ghana,EmissionsIntensityZone,2029,2.8652289930291215e-07
Ghana,Ghana,EmissionsIntensityZone,2030,2.738478718214099e-07
Ghana,Ghana,EmissionsIntensityZone,2031,2.5646532290626336e-07
Ghana,Ghana,EmissionsIntensityZone,2032,2.355778617612192e-07
Ghana,Ghana,EmissionsIntensityZone,2033,2.3138092172960218e-07
Ghana,Ghana,EmissionsIntensityZone,2034,2.288828299994741e-07
Ghana,Ghana,EmissionsIntensityZone,2035,2.2418940569225778e-07
Ghana,Ghana,EmissionsIntensityZone,2040,2.3564554920283477e-07
Ghana,Ghana,EmissionsIntensityZone,2045,2.018634965417517e-07
Ghana,Ghana,EmissionsIntensityZone,2050,1.827011608805003e-07
Ghana,Ghana,EmissionsZone,2026,10.27680399679381
Ghana,Ghana,EmissionsZone,2027,9.566549
Ghana,Ghana,EmissionsZone,2028,9.134676552960016
Ghana,Ghana,EmissionsZone,2029,9.03700979866244
Ghana,Ghana,EmissionsZone,2030,9.44632
Ghana,Ghana,EmissionsZone,2031,9.220917
Ghana,Ghana,EmissionsZone,2032,8.306220572739871
Ghana,Ghana,EmissionsZone,2033,8.586273181164906
Ghana,Ghana,EmissionsZone,2034,8.995206179274142
Ghana,Ghana,EmissionsZone,2035,9.331245968934766
Ghana,Ghana,EmissionsZone,2040,11.619781132800052
Ghana,Ghana,EmissionsZone,2045,10.926266649599963
Ghana,Ghana,EmissionsZone,2050,10.92626664960004
Ghana,Ghana,GenCostsPerMWh,2026,48.218604471212586
Ghana,Ghana,GenCostsPerMWh,2027,46.640774091870625
Ghana,Ghana,GenCostsPerMWh,2028,46.25545696319778
Ghana,Ghana,GenCostsPerMWh,2029,46.66887323016718
Ghana,Ghana,GenCostsPerMWh,2030,48.280580929460086
Ghana,Ghana,GenCostsPerMWh,2031,49.16333255050738
Ghana,Ghana,GenCostsPerMWh,2032,49.579723549459345
Ghana,Ghana,GenCostsPerMWh,2033,50.73108902743592
Ghana,Ghana,GenCostsPerMWh,2034,51.728955023726186
Ghana,Ghana,GenCostsPerMWh,2035,52.78615789041906
Ghana,Ghana,GenCostsPerMWh,2040,62.167241057444755
Ghana,Ghana,GenCostsPerMWh,2045,60.39574729271838
Ghana,Ghana,GenCostsPerMWh,2050,61.24966502145013
Guinea,Guinea,CapexInvestmentComponent,2030,2300800000.0
Guinea,Guinea,CapexInvestmentComponent,2031,151306482.34608725
Guinea,Guinea,CapexInvestmentComponent,2033,61567903.93547706
Guinea,Guinea,CapexInvestmentComponent,2034,37567252.45180043
Guinea,Guinea,CapexInvestmentComponent,2035,114473160.00341004
Guinea,Guinea,CapexInvestmentComponent,2040,553891890.9071258
Guinea,Guinea,CapexInvestmentComponent,2045,1176105566.9398155
Guinea,Guinea,CapexInvestmentComponent,2050,489163503.95769894
Guinea,Guinea,CapexInvestmentComponentCumulated,2030,2300800000.0
Guinea,Guinea,CapexInvestmentComponentCumulated,2031,2452106482.3460875
Guinea,Guinea,CapexInvestmentComponentCumulated,2033,2513674386.281564
Guinea,Guinea,CapexInvestmentComponentCumulated,2034,2551241638.7333646
Guinea,Guinea,CapexInvestmentComponentCumulated,2035,2665714798.736775
Guinea,Guinea,CapexInvestmentComponentCumulated,2040,3219606689.6439004
Guinea,Guinea,CapexInvestmentComponentCumulated,2045,4395712256.583716
Guinea,Guinea,CapexInvestmentComponentCumulated,2050,4884875760.541415
Guinea,Guinea,Costs,2026,000-133.584191810278154.60851.432417582417600131.3701954717226000-89.756402999999990000000004.75874438835653
Guinea,Guinea,Costs,2027,000-88.2560859917982254.608000178.15157381068735000-16.4716909094036870000000001.9013878560000006
Guinea,Guinea,Costs,2028,000-97.2210894662785754.608000199.59649471377855000-29.9712045809580450000000001.901387855999999
Guinea,Guinea,Costs,2029,000-92.4090279065292754.608000248.08303404123592000-22.1475977055771050000000001.9013878559999988
Guinea,Guinea,Costs,2030,000-278.67201284572989.40800060.64801623302824000-40.816764349970540000000003.093335183999999
Guinea,Guinea,Costs,2031,000-188.7969413265323691.7357920360936400038.87478767553045000-53.507286545256960000000003.0933351840000003
Guinea,Guinea,Costs,2032,000-165.7019322516743591.7357920360936400048.58483874672553000-42.9961620482167460000000003.093335183999999
Guinea,Guinea,Costs,2033,000-159.588642669531391.8701904782905700053.52358725167521000-40.46009312898520000000003.0933351840000003
Guinea,Guinea,Costs,2034,000-175.0429498020053292.4963113524872500071.20561280307051000-39.211124982048190000000003.0933351840000003
Guinea,Guinea,Costs,2035,000-221.2661076306329794.2307531707207300098.80483521815246000-60.335420142568340000000003.1597225402793603
Guinea,Guinea,Costs,2040,000-173.39037062438678104.4676333584128100080.40230750846315000-56.1247200013952750000.25568327027950905000003.1597225402793603
Guinea,Guinea,Costs,2045,000-209.2704369506965130.7758777011155200062.95581367115948000-239.41346853089440000.21654615548779693000003.326134340279354
Guinea,Guinea,Costs,2050,000-128.32891954709942138.8706034516230800045.60728078481332000-402.311784549892760000.7489115582503487000003.3261343402793546
Guinea,Guinea,CostsPerMWh,2026,000-32.03018916818031413.09364937866407512.3322231636612490031.499327540164423000-21.5213681213754780000000001.1410293455871967
Guinea,Guinea,CostsPerMWh,2027,000-19.9230095108731412.32725982739440500040.216099088477435000-3.71833455971194170000000000.42922103233160686
Guinea,Guinea,CostsPerMWh,2028,000-20.73323258239956211.64562515268235500042.56566728732073000-6.3916168679349850000000000.4054872956496917
Guinea,Guinea,CostsPerMWh,2029,000-18.67441887472872611.0354225016053100050.133700119491124000-4.47568301488111150000000000.3842407400084505
Guinea,Guinea,CostsPerMWh,2030,000-53.51138667397490417.1683765832463800011.645803303009444000-7.8377503273747310000000000.5939909553632529
Guinea,Guinea,CostsPerMWh,2031,000-34.5339201255775116.779914402065770007.110808062105437000-9.7873214825785480000000000.565819495884397
Guinea,Guinea,CostsPerMWh,2032,000-28.93707029786436616.020121352277620008.484529269634965000-7.5085603820111390000000000.5401992388254766
Guinea,Guinea,CostsPerMWh,2033,000-26.66222340883391715.3486081601467350008.942101499675411000-6.7596040927615810000000000.5167986416489558
Guinea,Guinea,CostsPerMWh,2034,000-28.029936601226314.81159764497869700011.402280496181795000-6.278946673103770000000000.4953412244934037
Guinea,Guinea,CostsPerMWh,2035,000-34.0192570328460914.48780496407856200015.191061664922538000-9.2764598609074390000000000.48580152831033674
Guinea,Guinea,CostsPerMWh,2040,000-22.22790627617068513.39230520600529100010.307233032897233000-7.19494982030954060000.03277750516186051000000.405062958404885
Guinea,Guinea,CostsPerMWh,2045,000-23.00433516001941214.3757148181945220006.920502766973674000-26.3178485798498940000.023804128337671433000000.3656298054610702
Guinea,Guinea,CostsPerMWh,2050,000-12.3471209411601713.3613852749673610004.388088153745143000-38.7082839738891660000.07205625681712349000000.3200228219088395
Guinea,Guinea,DemandEnergyZone,2026,4170.5714290000005
Guinea,Guinea,DemandEnergyZone,2027,4429.857142999996
Guinea,Guinea,DemandEnergyZone,2028,4689.142857
Guinea,Guinea,DemandEnergyZone,2029,4948.428570999999
Guinea,Guinea,DemandEnergyZone,2030,5207.714285999998
Guinea,Guinea,DemandEnergyZone,2031,5467.000000000004
Guinea,Guinea,DemandEnergyZone,2032,5726.285713999997
Guinea,Guinea,DemandEnergyZone,2033,5985.571429000001
Guinea,Guinea,DemandEnergyZone,2034,6244.857143000004
Guinea,Guinea,DemandEnergyZone,2035,6504.142857000001
Guinea,Guinea,DemandEnergyZone,2040,7800.571428999999
Guinea,Guinea,DemandEnergyZone,2045,9096.999999999996
Guinea,Guinea,DemandEnergyZone,2050,10393.42857
Guinea,Guinea,DemandPeakZone,2026,486.66777143774
Guinea,Guinea,DemandPeakZone,2027,516.92405712452
Guinea,Guinea,DemandPeakZone,2028,547.18034287548
Guinea,Guinea,DemandPeakZone,2029,577.43662856226
Guinea,Guinea,DemandPeakZone,2030,607.6929143132201
Guinea,Guinea,DemandPeakZone,2031,637.9492
Guinea,Guinea,DemandPeakZone,2032,668.2054856226001
Guinea,Guinea,DemandPeakZone,2033,698.4617712452001
Guinea,Guinea,DemandPeakZone,2034,728.7180568678
Guinea,Guinea,DemandPeakZone,2035,758.9743431322001
Guinea,Guinea,DemandPeakZone,2040,910.2557712452
Guinea,Guinea,DemandPeakZone,2045,1061.5372
Guinea,Guinea,DemandPeakZone,2050,1212.8186287548
Guinea,Guinea,EmissionsIntensityZone,2026,6.712173484049086e-08
Guinea,Guinea,EmissionsZone,2026,0.280821
Guinea,Guinea,GenCostsPerMWh,2026,26.483176010166254
Guinea,Guinea,GenCostsPerMWh,2027,14.86003701919089
Guinea,Guinea,GenCostsPerMWh,2028,14.860037019190896
Guinea,Guinea,GenCostsPerMWh,2029,14.860037019190896
Guinea,Guinea,GenCostsPerMWh,2030,47.28050473103623
Guinea,Guinea,GenCostsPerMWh,2031,47.98776818664325
Guinea,Guinea,GenCostsPerMWh,2032,47.98776818664325
Guinea,Guinea,GenCostsPerMWh,2033,48.10669031680314
Guinea,Guinea,GenCostsPerMWh,2034,48.23657877740158
Guinea,Guinea,GenCostsPerMWh,2035,49.153068446737365
Guinea,Guinea,GenCostsPerMWh,2040,49.87503572635185
Guinea,Guinea,GenCostsPerMWh,2045,51.741291529121376
Guinea,Guinea,GenCostsPerMWh,2050,49.874857567869235
GuineaBissau,GuineaBissau,CapexInvestmentComponent,2027,16740000.0
GuineaBissau,GuineaBissau,CapexInvestmentComponent,2029,40689882.92
GuineaBissau,GuineaBissau,CapexInvestmentComponent,2030,12493118.959999999
GuineaBissau,GuineaBissau,CapexInvestmentComponent,2031,12759505.573843572
GuineaBissau,GuineaBissau,CapexInvestmentComponent,2032,85992204.53472488
GuineaBissau,GuineaBissau,CapexInvestmentComponent,2033,15328947.285984445
GuineaBissau,GuineaBissau,CapexInvestmentComponent,2034,12512940.022152923
GuineaBissau,GuineaBissau,CapexInvestmentComponent,2035,14009985.32991074
GuineaBissau,GuineaBissau,CapexInvestmentComponent,2040,65245540.76290725
GuineaBissau,GuineaBissau,CapexInvestmentComponent,2045,49885076.338395104
GuineaBissau,GuineaBissau,CapexInvestmentComponent,2050,31754440.225887336
GuineaBissau,GuineaBissau,CapexInvestmentComponentCumulated,2027,16740000.0
GuineaBissau,GuineaBissau,CapexInvestmentComponentCumulated,2029,57429882.92
GuineaBissau,GuineaBissau,CapexInvestmentComponentCumulated,2030,69923001.88
GuineaBissau,GuineaBissau,CapexInvestmentComponentCumulated,2031,82682507.45384356
GuineaBissau,GuineaBissau,CapexInvestmentComponentCumulated,2032,168674711.98856845
GuineaBissau,GuineaBissau,CapexInvestmentComponentCumulated,2033,184003659.27455288
GuineaBissau,GuineaBissau,CapexInvestmentComponentCumulated,2034,196516599.2967058
GuineaBissau,GuineaBissau,CapexInvestmentComponentCumulated,2035,210526584.62661654
GuineaBissau,GuineaBissau,CapexInvestmentComponentCumulated,2040,275772125.3895238
GuineaBissau,GuineaBissau,CapexInvestmentComponentCumulated,2045,325657201.72791886
GuineaBissau,GuineaBissau,CapexInvestmentComponentCumulated,2050,357411641.9538062
GuineaBissau,GuineaBissau,Costs,2026,0000000027.3786065934346220000000.22653968224250864.10844000000
GuineaBissau,GuineaBissau,Costs,2027,000-5.7012428909846254e-050.53999999999999997.748278388278380027.704439261620582000-1.1949175703377722e-05000.25104774204445831.90968000000.5380748880748875
GuineaBissau,GuineaBissau,Costs,2028,000-4.875255000000002e-050.53999999999999996.2545438196811990046.136582812750376000-7.295547445556323002.0525643046830622.33070.966619907421721300000.4343433208111945
GuineaBissau,GuineaBissau,Costs,2029,000-6.34171588235295e-051.4440809258.7560439560439620044.88882029895204000-7.127422855816892002.1523200845840460.43575397157303880.962020048145861500000.6080586080586077
GuineaBissau,GuineaBissau,Costs,2030,000-2.1617412531503611.7528195250.488998520090670130065.21178191103701000-11.28862523800734300.077824469885646982.33957586448501730.31123103000000011.188700188869977300000.03395823056185209
GuineaBissau,GuineaBissau,Costs,2031,000-1.04464696641787882.0615581250.79648351648351660053.7543179290615000-12.071055998213083002.5268316443859920.260063041.415380329594102500000.055311355311355316
GuineaBissau,GuineaBissau,Costs,2032,000-1.64418725516937013.37029672499999980.51369963369963370050.7475357559848000-12.206339649117151000.96408742428696710.197158760797875061.509310470318222500000.06021058567358568
GuineaBissau,GuineaBissau,Costs,2033,000-1.6163208335467383.6790353250.61289377289377290052.14095115394262000-12.259477311406394001.17834820702460230.27026784000000011.796849861132603600000.06709906756206756
GuineaBissau,GuineaBissau,Costs,2034,000-2.14015494462709783.9877739250.84864468864468880057.41607703955733000-12.162368650397232001.36560398692557920.29818588928669112.02353000185672800000.08347065893365893
GuineaBissau,GuineaBissau,Costs,2035,000-3.3422773899719844.2965125254.8811721611721590068.5458400750747000-13.533801690349087001.5528597668265560.50959162000000012.250210142580850300000.3635072889702888
GuineaBissau,GuineaBissau,Costs,2040,000-1.39815246604439625.8402055250.71560439560439570073.82161952055897000-15.992037082947444002.5161436691680930.67562241274444353.44447009629172500000.0741619996947497
GuineaBissau,GuineaBissau,Costs,2045,000-1.50518443026955747.3838985252.569387109593427500152.83863238895609000-49.98229425578304601.83362010689254333.4794275715096161.07833279750787915.16126521450304900000.20280391038843246
GuineaBissau,GuineaBissau,Costs,2050,000-0.52082288578799338.9275915257.45669812351130400381.02282335462303000-165.05422571815419011.3561894078893974.41570647101451.41652470217743449.3814822897101900000.5423632585771739
GuineaBissau,GuineaBissau,CostsPerMWh,2026,00000000137.580937655450380000001.138390363027681520.645427135678396000000
GuineaBissau,GuineaBissau,CostsPerMWh,2027,000-0.00021514124116923122.037735849056603829.23878637086181700104.54505381743618000-4.5091229069349907e-05000.9473499699790887.206339622641511000002.0304712757542926
GuineaBissau,GuineaBissau,CostsPerMWh,2028,000-0.000146845030120482221.626506024096387818.83898740867834200138.96561088177847000-21.974540498663657006.1824226044670657.0201807228915782.911505745246153200001.3082630144915517
GuineaBissau,GuineaBissau,CostsPerMWh,2029,000-0.000173745640612409663.956386095890412223.98916152340812500122.98306931219742000-19.527185906347658005.8967673550247861.19384649746038062.63567136478318300001.6659139946811174
GuineaBissau,GuineaBissau,CostsPerMWh,2030,000-5.431510686307444.4040691582914581.228639497715251700163.84869826893723000-28.36337999499332700.195538869059414535.8783313178015520.78198751256281442.986683891633109300000.08532218734133692
GuineaBissau,GuineaBissau,CostsPerMWh,2031,000-2.42377486407860544.7831975058004651.847989597409551500124.71999519503831000-28.007090483093002005.8627184324500980.60339452436194913.283945080264739400000.12833261093121884
GuineaBissau,GuineaBissau,CostsPerMWh,2032,000-3.54350701545123057.2635705280172441.10711127952507300109.36968912927763000-26.30676648516629002.077774621308120.42491112240921373.25282428947892900000.12976419326203817
GuineaBissau,GuineaBissau,CostsPerMWh,2033,000-3.2456241637484717.3876211345381551.230710387336893600104.70070512839887000-24.617424320093168002.36616105828233450.54270650602409663.608132251270289400000.13473708345796703
GuineaBissau,GuineaBissau,CostsPerMWh,2034,000-4.0304236245331357.5099320621468821.598200920234816900108.12820534756545000-22.904649059128467002.5717589207637990.56155534705591473.81079096394863600000.15719521456432922
GuineaBissau,GuineaBissau,CostsPerMWh,2035,000-5.9260237410850857.61793000886525558.65456056945419200121.5351774380758000-23.996102287853017002.75329745891233650.90353124113475293.989734295356121200000.6445164698054772
GuineaBissau,GuineaBissau,CostsPerMWh,2040,000-1.91527735074574888.0002815410958930.980279993978624500101.12550619254657000-21.906900113626644003.44677214954533360.92551015444444354.71845218670099400000.10159178040376675
GuineaBissau,GuineaBissau,CostsPerMWh,2045,000-1.67989333735441658.2409581752232132.867619541956950300170.57883079124562000-55.7838105533292802.0464510121568563.8832897003455531.20349642579004365.760340641186437500000.22634364998708975
GuineaBissau,GuineaBissau,CostsPerMWh,2050,000-0.490879251449569348.4143181196983957.027990691339585500359.1167043870149000-155.56477447516883010.703288791601694.1618345626903851.33508454493631846.5423961260227800000.5111812050680242
GuineaBissau,GuineaBissau,DemandEnergyZone,2026,199.0
GuineaBissau,GuineaBissau,DemandEnergyZone,2027,264.99999999999994
GuineaBissau,GuineaBissau,DemandEnergyZone,2028,331.9999999999995
GuineaBissau,GuineaBissau,DemandEnergyZone,2029,364.9999999999999
GuineaBissau,GuineaBissau,DemandEnergyZone,2030,398.0
GuineaBissau,GuineaBissau,DemandEnergyZone,2031,431.0
GuineaBissau,GuineaBissau,DemandEnergyZone,2032,463.9999999999998
GuineaBissau,GuineaBissau,DemandEnergyZone,2033,497.9999999999999
GuineaBissau,GuineaBissau,DemandEnergyZone,2034,531.0000000000007
GuineaBissau,GuineaBissau,DemandEnergyZone,2035,563.9999999999994
GuineaBissau,GuineaBissau,DemandEnergyZone,2040,729.9999999999998
GuineaBissau,GuineaBissau,DemandEnergyZone,2045,896.0000000000001
GuineaBissau,GuineaBissau,DemandEnergyZone,2050,1061.0000000000005
GuineaBissau,GuineaBissau,DemandPeakZone,2026,69.48752834081179
GuineaBissau,GuineaBissau,DemandPeakZone,2027,92.5331330135644
GuineaBissau,GuineaBissau,DemandPeakZone,2028,115.92945200887094
GuineaBissau,GuineaBissau,DemandPeakZone,2029,127.45225434524734
GuineaBissau,GuineaBissau,DemandPeakZone,2030,138.97505668162358
GuineaBissau,GuineaBissau,DemandPeakZone,2031,150.4978590179999
GuineaBissau,GuineaBissau,DemandPeakZone,2032,162.0206613543762
GuineaBissau,GuineaBissau,DemandPeakZone,2033,173.89417801330652
GuineaBissau,GuineaBissau,DemandPeakZone,2034,185.41698034968283
GuineaBissau,GuineaBissau,DemandPeakZone,2035,196.93978268605915
GuineaBissau,GuineaBissau,DemandPeakZone,2040,254.90450869049468
GuineaBissau,GuineaBissau,DemandPeakZone,2045,312.86923469493
GuineaBissau,GuineaBissau,DemandPeakZone,2050,370.4832463768116
GuineaBissau,GuineaBissau,EmissionsIntensityZone,2027,7.371000000000008e-07
GuineaBissau,GuineaBissau,EmissionsIntensityZone,2028,7.371000000000006e-07
GuineaBissau,GuineaBissau,EmissionsIntensityZone,2029,4.119197087039814e-07
GuineaBissau,GuineaBissau,EmissionsIntensityZone,2030,3.830307033362893e-08
GuineaBissau,GuineaBissau,EmissionsIntensityZone,2031,4.927611020048277e-08
GuineaBissau,GuineaBissau,EmissionsIntensityZone,2032,2.0197235604561813e-08
GuineaBissau,GuineaBissau,EmissionsIntensityZone,2033,2.1371046030616596e-08
GuineaBissau,GuineaBissau,EmissionsIntensityZone,2034,2.634807675481639e-08
GuineaBissau,GuineaBissau,EmissionsIntensityZone,2035,1.22112978689717e-07
GuineaBissau,GuineaBissau,EmissionsIntensityZone,2040,1.2426785080627966e-08
GuineaBissau,GuineaBissau,EmissionsIntensityZone,2045,3.2229254646081724e-08
GuineaBissau,GuineaBissau,EmissionsIntensityZone,2050,7.333325672017469e-08
GuineaBissau,GuineaBissau,EmissionsZone,2027,0.052882
GuineaBissau,GuineaBissau,EmissionsZone,2028,0.0426872615693242
GuineaBissau,GuineaBissau,EmissionsZone,2029,0.05976
GuineaBissau,GuineaBissau,EmissionsZone,2030,0.0033374148996188
GuineaBissau,GuineaBissau,EmissionsZone,2031,0.005436
GuineaBissau,GuineaBissau,EmissionsZone,2032,0.003506
GuineaBissau,GuineaBissau,EmissionsZone,2033,0.004183
GuineaBissau,GuineaBissau,EmissionsZone,2034,0.0057919999999999
GuineaBissau,GuineaBissau,EmissionsZone,2035,0.0333139999999999
GuineaBissau,GuineaBissau,EmissionsZone,2040,0.0048839999999999
GuineaBissau,GuineaBissau,EmissionsZone,2045,0.0175360670229751
GuineaBissau,GuineaBissau,EmissionsZone,2050,0.0508919646929646
GuineaBissau,GuineaBissau,GenCostsPerMWh,2027,147.77849877971062
GuineaBissau,GuineaBissau,GenCostsPerMWh,2028,155.4873758520809
GuineaBissau,GuineaBissau,GenCostsPerMWh,2029,117.92498660066954
GuineaBissau,GuineaBissau,GenCostsPerMWh,2030,114.61522355446093
GuineaBissau,GuineaBissau,GenCostsPerMWh,2031,109.39155615228638
GuineaBissau,GuineaBissau,GenCostsPerMWh,2032,126.64142429558649
GuineaBissau,GuineaBissau,GenCostsPerMWh,2033,123.36483897019748
GuineaBissau,GuineaBissau,GenCostsPerMWh,2034,118.84912669861603
GuineaBissau,GuineaBissau,GenCostsPerMWh,2035,118.55582859312237
GuineaBissau,GuineaBissau,GenCostsPerMWh,2040,93.8468467090558
GuineaBissau,GuineaBissau,GenCostsPerMWh,2045,84.70019943598382
GuineaBissau,GuineaBissau,GenCostsPerMWh,2050,81.30903088359035
IvoryCoast,IvoryCoast,CapexInvestmentComponent,2026,347876423.27744
IvoryCoast,IvoryCoast,CapexInvestmentComponent,2027,860404000.0
IvoryCoast,IvoryCoast,CapexInvestmentComponent,2028,606815780.3383056
IvoryCoast,IvoryCoast,CapexInvestmentComponent,2029,1192227385.040011
IvoryCoast,IvoryCoast,CapexInvestmentComponent,2030,1019216873.5913224
IvoryCoast,IvoryCoast,CapexInvestmentComponent,2031,378300000.0
IvoryCoast,IvoryCoast,CapexInvestmentComponent,2032,545722093.9700935
IvoryCoast,IvoryCoast,CapexInvestmentComponent,2033,440950469.1600279
IvoryCoast,IvoryCoast,CapexInvestmentComponent,2034,971073011.3012756
IvoryCoast,IvoryCoast,CapexInvestmentComponent,2035,1712373980.9993546
IvoryCoast,IvoryCoast,CapexInvestmentComponent,2040,2709583123.906743
IvoryCoast,IvoryCoast,CapexInvestmentComponent,2045,1933989278.0142965
IvoryCoast,IvoryCoast,CapexInvestmentComponent,2050,1725108910.4082696
IvoryCoast,IvoryCoast,CapexInvestmentComponentCumulated,2026,347876423.27744
IvoryCoast,IvoryCoast,CapexInvestmentComponentCumulated,2027,1208280423.27744
IvoryCoast,IvoryCoast,CapexInvestmentComponentCumulated,2028,1815096203.6157453
IvoryCoast,IvoryCoast,CapexInvestmentComponentCumulated,2029,3007323588.6557565
IvoryCoast,IvoryCoast,CapexInvestmentComponentCumulated,2030,4026540462.247079
IvoryCoast,IvoryCoast,CapexInvestmentComponentCumulated,2031,4404840462.247079
IvoryCoast,IvoryCoast,CapexInvestmentComponentCumulated,2032,4950562556.217173
IvoryCoast,IvoryCoast,CapexInvestmentComponentCumulated,2033,5391513025.3772
IvoryCoast,IvoryCoast,CapexInvestmentComponentCumulated,2034,6308100837.630748
IvoryCoast,IvoryCoast,CapexInvestmentComponentCumulated,2035,8020474818.630102
IvoryCoast,IvoryCoast,CapexInvestmentComponentCumulated,2040,10784543141.584572
IvoryCoast,IvoryCoast,CapexInvestmentComponentCumulated,2045,12718532419.598867
IvoryCoast,IvoryCoast,CapexInvestmentComponentCumulated,2050,14443641330.007143
IvoryCoast,IvoryCoast,Costs,2026,000-386.563755154868114.133734.0264353722090048.08620235417292000-39.7401611705882400000000041.358935328423
IvoryCoast,IvoryCoast,Costs,2027,000-253.00157813603286136.35299999999998745.0332770406369000000-286.283955423789700000000038.78262221816639
IvoryCoast,IvoryCoast,Costs,2028,000-232.4289227190588152.0005190085414729.7818177239811001.5931281715497272000-282.64488963012300000000036.293920608087404
IvoryCoast,IvoryCoast,Costs,2029,000-809.9028161999157175.21818008403335901.3829594594570016.748726436644002000-447.00502198434100000000047.213978246455206
IvoryCoast,IvoryCoast,Costs,2030,000-822.8815619931065212.40326997296611754.25611486486470031.174029739306913000-50.173836348719140000.063585994128771850000041.19082302442203
IvoryCoast,IvoryCoast,Costs,2031,000-409.0273467464285218.90326997296611742.34485810810790035.88103561929907000-94.983120041481130004.1000927780748220000040.6434307102329
IvoryCoast,IvoryCoast,Costs,2032,000-619.1364606249681231.27108484504646764.49827027026910078.70454861569145000-313.25743941424320003.4759048397206220000041.98915223033517
IvoryCoast,IvoryCoast,Costs,2033,000-594.1967768827084242.6432181064391782.33195945945860079.83385232070025000-351.462155247887150006.00826873906895550000042.86746268110464
IvoryCoast,IvoryCoast,Costs,2034,000-622.2515271013173260.90988280684894795.84500675675360058.72864543067315000-348.302055336045560008.169085392585860000043.81964196265356
IvoryCoast,IvoryCoast,Costs,2035,000-823.6084809353306291.98502364220536810.71966216215860020.578409304213423000-324.191428386946140004.1591347390416670000045.05665997389207
IvoryCoast,IvoryCoast,Costs,2040,000-1090.0350120451653359.5683967869492844.710035656566400215.68098177845314000-2242.25472093824650236.8077578324664207.6294221531082590000046.79249699694035
IvoryCoast,IvoryCoast,Costs,2045,000-1146.7280939014597428.71280297993604998.390541159192100175.92410445167383000-2531.10900803815701130.8660780863293012.145579550480180000053.85605580640062
IvoryCoast,IvoryCoast,Costs,2050,000-1136.61939086147496.046301133985651152.109921119207200167.16009073304235000-2697.054700583994402146.3240292760483018.1690470165147570000060.92734996956502
IvoryCoast,IvoryCoast,CostsPerMWh,2026,000-24.104448852218457.11684172187347945.77072328086534002.9984482240949464000-2.47802508523230620000000002.5789648613248386
IvoryCoast,IvoryCoast,CostsPerMWh,2027,000-14.7740431517077677.96234205614981843.506265318781274000000-16.7175696777611120000000002.2647136765269313
IvoryCoast,IvoryCoast,CostsPerMWh,2028,000-12.7620959992063348.34597171824833640.07051062025617000.08747471883666101000-15.5193302664175230000000001.9928092148318686
IvoryCoast,IvoryCoast,CostsPerMWh,2029,000-42.006862784451239.08796203804584146.75162196856664000.8686986131737919000-23.184607148991380000000002.448826039416253
IvoryCoast,IvoryCoast,CostsPerMWh,2030,000-40.37449859096524610.42151862470795237.0074064766729001.5295467512187366000-2.46176798524700930000.0031198324873619294000002.021018458758659
IvoryCoast,IvoryCoast,CostsPerMWh,2031,000-19.01095222035564810.1742820851427834.503029542591726001.6676944932932651000-4.4146670661811180000.1905659084240345000001.8890431787745001
IvoryCoast,IvoryCoast,CostsPerMWh,2032,000-27.29559997945706210.19594777599322933.704102887463826003.469813219220077000-13.8104445475705030000.1532407055722455000001.851157500236445
IvoryCoast,IvoryCoast,CostsPerMWh,2033,000-24.8932050107897410.16526445075897432.7749166790943003.3445493646839335000-14.7241113121128220000.2517096546134347000001.795884088115406
IvoryCoast,IvoryCoast,CostsPerMWh,2034,000-24.8005893074791910.39887982259881131.719367981187013002.340701392402586000-13.8820008519379170000.32558880615854485000001.7464849768694954
IvoryCoast,IvoryCoast,CostsPerMWh,2035,000-31.23250406672161711.0725225024037130.743740177001616000.7803650243506579000-12.2938390507984820000.15772080504032804000001.7086180490387306
IvoryCoast,IvoryCoast,CostsPerMWh,2040,000-32.28269043402056610.64904807190651125.017097878761998006.387650204185307000-66.4070550306977507.01334494213775200.2259544609462942000001.385815756828618
IvoryCoast,IvoryCoast,CostsPerMWh,2045,000-28.5681176540487910.68040266952795424.872625512719146004.3827482215591935000-63.056813835303515028.1729516714178900.3025794409503174000001.3417009200722365
IvoryCoast,IvoryCoast,CostsPerMWh,2050,000-24.23964472839634610.57872688517980124.56999713406614003.564870742759734000-57.51762488026682045.7726943249136100.387474688778668000001.2993420043499186
IvoryCoast,IvoryCoast,DemandEnergyZone,2026,16037.029409999996
IvoryCoast,IvoryCoast,DemandEnergyZone,2027,17124.735290000004
IvoryCoast,IvoryCoast,DemandEnergyZone,2028,18212.44118000001
IvoryCoast,IvoryCoast,DemandEnergyZone,2029,19280.25
IvoryCoast,IvoryCoast,DemandEnergyZone,2030,20381.22059
IvoryCoast,IvoryCoast,DemandEnergyZone,2031,21515.352940000004
IvoryCoast,IvoryCoast,DemandEnergyZone,2032,22682.64706000001
IvoryCoast,IvoryCoast,DemandEnergyZone,2033,23869.83824
IvoryCoast,IvoryCoast,DemandEnergyZone,2034,25090.191180000027
IvoryCoast,IvoryCoast,DemandEnergyZone,2035,26370.23529
IvoryCoast,IvoryCoast,DemandEnergyZone,2040,33765.30882000003
IvoryCoast,IvoryCoast,DemandEnergyZone,2045,40140.13481000001
IvoryCoast,IvoryCoast,DemandEnergyZone,2050,46890.92615000001
IvoryCoast,IvoryCoast,DemandPeakZone,2026,2721.840507811576
IvoryCoast,IvoryCoast,DemandPeakZone,2027,2906.448382944418
IvoryCoast,IvoryCoast,DemandPeakZone,2028,3091.05626031779
IvoryCoast,IvoryCoast,DemandPeakZone,2029,3272.2871618517947
IvoryCoast,IvoryCoast,DemandPeakZone,2030,3459.146353464038
IvoryCoast,IvoryCoast,DemandPeakZone,2031,3651.633832913991
IvoryCoast,IvoryCoast,DemandPeakZone,2032,3849.749602442176
IvoryCoast,IvoryCoast,DemandPeakZone,2033,4051.242345569197
IvoryCoast,IvoryCoast,DemandPeakZone,2034,4258.363376533928
IvoryCoast,IvoryCoast,DemandPeakZone,2035,4475.615326054636
IvoryCoast,IvoryCoast,DemandPeakZone,2040,5730.723749118928
IvoryCoast,IvoryCoast,DemandPeakZone,2045,6812.673477520518
IvoryCoast,IvoryCoast,DemandPeakZone,2050,7958.432886058859
IvoryCoast,IvoryCoast,EmissionsIntensityZone,2026,3.3690211075843694e-07
IvoryCoast,IvoryCoast,EmissionsIntensityZone,2027,3.09036492873812e-07
IvoryCoast,IvoryCoast,EmissionsIntensityZone,2028,2.892453294033274e-07
IvoryCoast,IvoryCoast,EmissionsIntensityZone,2029,2.9359878688157016e-07
IvoryCoast,IvoryCoast,EmissionsIntensityZone,2030,2.4608664597076906e-07
IvoryCoast,IvoryCoast,EmissionsIntensityZone,2031,2.3827437532849162e-07
IvoryCoast,IvoryCoast,EmissionsIntensityZone,2032,2.3377849317462458e-07
IvoryCoast,IvoryCoast,EmissionsIntensityZone,2033,2.2996969986702682e-07
IvoryCoast,IvoryCoast,EmissionsIntensityZone,2034,2.2102270642766265e-07
IvoryCoast,IvoryCoast,EmissionsIntensityZone,2035,2.0855038207149253e-07
IvoryCoast,IvoryCoast,EmissionsIntensityZone,2040,1.8540518335993377e-07
IvoryCoast,IvoryCoast,EmissionsIntensityZone,2045,1.8395681106020428e-07
IvoryCoast,IvoryCoast,EmissionsIntensityZone,2050,1.8275028743645106e-07
IvoryCoast,IvoryCoast,EmissionsZone,2026,6.3899998047713815
IvoryCoast,IvoryCoast,EmissionsZone,2027,6.485761498301411
IvoryCoast,IvoryCoast,EmissionsZone,2028,6.353394648420558
IvoryCoast,IvoryCoast,EmissionsZone,2029,7.847334
IvoryCoast,IvoryCoast,EmissionsZone,2030,6.566465
IvoryCoast,IvoryCoast,EmissionsZone,2031,6.462767
IvoryCoast,IvoryCoast,EmissionsZone,2032,6.655632
IvoryCoast,IvoryCoast,EmissionsZone,2033,6.81089
IvoryCoast,IvoryCoast,EmissionsZone,2034,6.928533
IvoryCoast,IvoryCoast,EmissionsZone,2035,7.05803
IvoryCoast,IvoryCoast,EmissionsZone,2040,7.353946192774888
IvoryCoast,IvoryCoast,EmissionsZone,2045,8.691870593621097
IvoryCoast,IvoryCoast,EmissionsZone,2050,10.03013343092016
IvoryCoast,IvoryCoast,GenCostsPerMWh,2026,48.85149125218903
IvoryCoast,IvoryCoast,GenCostsPerMWh,2027,50.03992520991071
IvoryCoast,IvoryCoast,GenCostsPerMWh,2028,50.72216910851308
IvoryCoast,IvoryCoast,GenCostsPerMWh,2029,54.08075728274169
IvoryCoast,IvoryCoast,GenCostsPerMWh,2030,53.89264017838526
IvoryCoast,IvoryCoast,GenCostsPerMWh,2031,54.33592021634021
IvoryCoast,IvoryCoast,GenCostsPerMWh,2032,55.102287295746656
IvoryCoast,IvoryCoast,GenCostsPerMWh,2033,55.61716070073283
IvoryCoast,IvoryCoast,GenCostsPerMWh,2034,56.82065784431987
IvoryCoast,IvoryCoast,GenCostsPerMWh,2035,59.23392534202665
IvoryCoast,IvoryCoast,GenCostsPerMWh,2040,60.60706083993574
IvoryCoast,IvoryCoast,GenCostsPerMWh,2045,60.24466691340874
IvoryCoast,IvoryCoast,GenCostsPerMWh,2050,59.47293570723133
Liberia,Liberia,CapexInvestmentComponent,2026,12672000.0
Liberia,Liberia,CapexInvestmentComponent,2028,311179292.7
Liberia,Liberia,CapexInvestmentComponent,2032,420000000.0
Liberia,Liberia,CapexInvestmentComponent,2034,1511967.5273570863
Liberia,Liberia,CapexInvestmentComponent,2035,26020508.65835205
Liberia,Liberia,CapexInvestmentComponent,2040,366698456.8361026
Liberia,Liberia,CapexInvestmentComponent,2045,21534146.355605528
Liberia,Liberia,CapexInvestmentComponent,2050,508200000.0
Liberia,Liberia,CapexInvestmentComponentCumulated,2026,12672000.0
Liberia,Liberia,CapexInvestmentComponentCumulated,2028,323851292.7
Liberia,Liberia,CapexInvestmentComponentCumulated,2032,721632000.0
Liberia,Liberia,CapexInvestmentComponentCumulated,2034,23731260.22735709
Liberia,Liberia,CapexInvestmentComponentCumulated,2035,49751768.88570914
Liberia,Liberia,CapexInvestmentComponentCumulated,2040,1138082225.7218118
Liberia,Liberia,CapexInvestmentComponentCumulated,2045,146984372.07741725
Liberia,Liberia,CapexInvestmentComponentCumulated,2050,1520832000.0
Liberia,Liberia,Costs,2026,000-89.394296853059814.68821.6567032967033160088.24845975101195000-6.37263120000.586179449719627000001.7101534089377322
Liberia,Liberia,Costs,2027,000-89.281762989420334.68814.12219780219781200106.47479442441603000-26.4496242485913730001.2752620665420562000001.1869238607081816
Liberia,Liberia,Costs,2028,000-101.379507455501679.52043159999999813.5956043956043860073.78822757807549000-19.3783751692825740000.08594306467289722000001.2909564741391928
Liberia,Liberia,Costs,2029,000-110.694495515338189.52043159999999818.2820590405027270084.32575823292473000-8.7416448926319640000.12727577495327105000001.6164047133682466
Liberia,Liberia,Costs,2030,000-91.87317785020279.5204315999999980.221831501831501830094.509195737041420005.447091666610504e-150000.17614315065420563000000.36222224540496656
Liberia,Liberia,Costs,2031,000-63.967480820769839.5204315999999981.59003663003662980077.84867179412436000-12.4812636086253670000.15767370056769373000000.4572364904192112
Liberia,Liberia,Costs,2032,000-91.5320138683290715.52043159999999800046.71281231072484000-18.2869088141989270000.05722909794392527000000.7253212799999978
Liberia,Liberia,Costs,2033,000-84.9014444548768715.5204315999999980.163076923076923060052.26699487630554000-20.0264067359477880000.06149879999999997000000.7366460663247842
Liberia,Liberia,Costs,2034,000-88.4983082512851515.5204315999999981.04117216117216140070.55420668650625000-25.9938109618153880000.21345230093457945000000.7976249023036202
Liberia,Liberia,Costs,2035,000-94.432730412661219.66544736052934411.44293040293039900189.21519840732634000-42.993293907268940001.1034373370870032000001.1731519446479446
Liberia,Liberia,Costs,2040,000-53.942232619976420.2327701010196438.61245421245421200211.07531590849902000-31.3390599663485250002.6741952615521014000000.9702374799292036
Liberia,Liberia,Costs,2045,000-4.53064748852825620.875203618.777300020952616001292.7710563105888000-525.2226203982489022.74062179290041315.0515406013315089.301144388313322492.331755449851200001.6824831681217094
Liberia,Liberia,Costs,2050,000027.56720360001787.73504000-775.71329820517610043.0279188602560145.174864896851212217.339693380694400000.7784851199999998
Liberia,Liberia,CostsPerMWh,2026,000-146.544424076555037.68505692482970835.50191929166215500144.66604878734432000-10.4466795078809420000.9609262882382013000002.8034612410149427
Liberia,Liberia,CostsPerMWh,2027,000-131.37669550199746.89831750506926920.780589656346400156.67596805174935000-38.920201782543190001.8765278662922091000001.7465396001509486
Liberia,Liberia,CostsPerMWh,2028,000-134.3385239327291212.615574492782818.0156076145909660097.77717238172498000-25.678387889176880000.11388361159161996000001.710653282404048
Liberia,Liberia,CostsPerMWh,2029,000-132.452778314640911.39178249382574221.8756090982984100100.90096087832974000-10.4599162558056770000.15229329991728302000001.934127746549412
Liberia,Liberia,CostsPerMWh,2030,000-99.3976817568802510.3001643407598560.2399997206872470400102.249592109308130005.8932138481276105e-150000.1905694484730651000000.39188860466685177
Liberia,Liberia,CostsPerMWh,2031,000-62.690475828150469.330371923909961.5582941776381420076.2945517744783000-12.232095816836420000.15452600582895795000000.4481085198694705
Liberia,Liberia,CostsPerMWh,2032,000-81.2937923641905213.78440930741485600041.48779759394571000-16.241444990633540000.050827794657024875000000.644191196519176
Liberia,Liberia,CostsPerMWh,2033,000-68.3855206030041112.5012336570246540.131353481139870580042.0994681294305000-16.1306590157386970000.049535405215575805000000.5933459091211232
Liberia,Liberia,CostsPerMWh,2034,000-64.6641878872418511.3405117555895330.760766545523480051.55274227906251000-18.993229465670240000.15596591579361965000000.5828107628865913
Liberia,Liberia,CostsPerMWh,2035,000-62.727607122683036.4203415706273937.601047216474265500125.68752990058552000-28.5585986695522040000.7329660326756037000000.7792744523801389
Liberia,Liberia,CostsPerMWh,2040,000-22.2485476172540158.3450336991573673.5522185185981150087.0583027199001000-12.9258381434340650001.1029754929432325000000.4001757755250077
Liberia,Liberia,CostsPerMWh,2045,000-1.16029813714556745.3461364873219434.80886369776081500331.0784721589863000-134.5094337129205805.8238698046237723.85469727342855962.382021672268221126.0860881700676700000.430883685100944
Liberia,Liberia,CostsPerMWh,2050,00004.383677639738155000284.28179493056734000-123.35226632089615006.8422074479898277.183610205806976352.596606265018800000.12379303548267312
Liberia,Liberia,DemandEnergyZone,2026,610.0150000000007
Liberia,Liberia,DemandEnergyZone,2027,679.5859999999994
Liberia,Liberia,DemandEnergyZone,2028,754.6570000000007
Liberia,Liberia,DemandEnergyZone,2029,835.7279999999997
Liberia,Liberia,DemandEnergyZone,2030,924.2990000000004
Liberia,Liberia,DemandEnergyZone,2031,1020.3699999999992
Liberia,Liberia,DemandEnergyZone,2032,1125.9410000000005
Liberia,Liberia,DemandEnergyZone,2033,1241.5120000000004
Liberia,Liberia,DemandEnergyZone,2034,1368.5830000000008
Liberia,Liberia,DemandEnergyZone,2035,1505.4413
Liberia,Liberia,DemandEnergyZone,2040,2424.528268
Liberia,Liberia,DemandEnergyZone,2045,3904.727020999997
Liberia,Liberia,DemandEnergyZone,2050,6288.601914999989
Liberia,Liberia,DemandPeakZone,2026,122.26858215632993
Liberia,Liberia,DemandPeakZone,2027,136.2123951681515
Liberia,Liberia,DemandPeakZone,2028,151.25962337266233
Liberia,Liberia,DemandPeakZone,2029,167.51202912180523
Liberia,Liberia,DemandPeakZone,2030,185.26691413206748
Liberia,Liberia,DemandPeakZone,2031,204.5322637427906
Liberia,Liberia,DemandPeakZone,2032,225.6991566830633
Liberia,Liberia,DemandPeakZone,2033,248.8693553048284
Liberia,Liberia,DemandPeakZone,2034,274.34814666391475
Liberia,Liberia,DemandPeakZone,2035,301.7829613303062
Liberia,Liberia,DemandPeakZone,2040,486.02447703924935
Liberia,Liberia,DemandPeakZone,2045,782.7472805367728
Liberia,Liberia,DemandPeakZone,2050,1260.6223228604676
Liberia,Liberia,EmissionsIntensityZone,2026,2.3390524298711402e-07
Liberia,Liberia,EmissionsIntensityZone,2027,1.714572996867525e-07
Liberia,Liberia,EmissionsIntensityZone,2028,8.85353080992476e-08
Liberia,Liberia,EmissionsIntensityZone,2029,1.1505903092828026e-07
Liberia,Liberia,EmissionsIntensityZone,2030,1.6654757068977491e-09
Liberia,Liberia,EmissionsIntensityZone,2031,1.1626952153219366e-08
Liberia,Liberia,EmissionsIntensityZone,2033,6.599775975080247e-10
Liberia,Liberia,EmissionsIntensityZone,2034,4.181469197355463e-09
Liberia,Liberia,EmissionsIntensityZone,2035,6.794173833386141e-08
Liberia,Liberia,EmissionsIntensityZone,2040,3.0768678949363056e-08
Liberia,Liberia,EmissionsIntensityZone,2045,6.280758247687741e-08
Liberia,Liberia,EmissionsZone,2026,0.147807
Liberia,Liberia,EmissionsZone,2027,0.096384
Liberia,Liberia,EmissionsZone,2028,0.09279
Liberia,Liberia,EmissionsZone,2029,0.124775052951431
Liberia,Liberia,EmissionsZone,2030,0.001514
Liberia,Liberia,EmissionsZone,2031,0.0108519999999999
Liberia,Liberia,EmissionsZone,2033,0.001113
Liberia,Liberia,EmissionsZone,2034,0.0071059999999999
Liberia,Liberia,EmissionsZone,2035,0.078098
Liberia,Liberia,EmissionsZone,2040,0.05878
Liberia,Liberia,EmissionsZone,2045,0.1281550726430013
Liberia,Liberia,GenCostsPerMWh,2026,46.75241329042772
Liberia,Liberia,GenCostsPerMWh,2027,38.22063640475144
Liberia,Liberia,GenCostsPerMWh,2028,40.754700909153755
Liberia,Liberia,GenCostsPerMWh,2029,44.00885470303646
Liberia,Liberia,GenCostsPerMWh,2030,31.253212344328126
Liberia,Liberia,GenCostsPerMWh,2031,32.007266893349474
Liberia,Liberia,GenCostsPerMWh,2032,45.62990276550347
Liberia,Liberia,GenCostsPerMWh,2033,45.71055957451444
Liberia,Liberia,GenCostsPerMWh,2034,46.01846975166643
Liberia,Liberia,GenCostsPerMWh,2035,74.97495097344806
Liberia,Liberia,GenCostsPerMWh,2040,70.49206155015412
Liberia,Liberia,GenCostsPerMWh,2045,72.88422035247157
Liberia,Liberia,GenCostsPerMWh,2050,76.1113703683883
Mali,Mali,CapexInvestmentComponent,2027,417100000.0
Mali,Mali,CapexInvestmentComponent,2028,360124080.24196345
Mali,Mali,CapexInvestmentComponent,2029,305871764.6941885
Mali,Mali,CapexInvestmentComponent,2030,535090645.565384
Mali,Mali,CapexInvestmentComponent,2031,370935021.2438411
Mali,Mali,CapexInvestmentComponent,2032,369520000.0
Mali,Mali,CapexInvestmentComponent,2033,369000000.0
Mali,Mali,CapexInvestmentComponent,2034,368480000.0
Mali,Mali,CapexInvestmentComponent,2035,41260000.0
Mali,Mali,CapexInvestmentComponent,2040,223769531.16962123
Mali,Mali,CapexInvestmentComponent,2045,808021139.8941492
Mali,Mali,CapexInvestmentComponent,2050,308507674.4064876
Mali,Mali,CapexInvestmentComponentCumulated,2027,417100000.0
Mali,Mali,CapexInvestmentComponentCumulated,2028,777224080.2419634
Mali,Mali,CapexInvestmentComponentCumulated,2029,1083095844.936152
Mali,Mali,CapexInvestmentComponentCumulated,2030,1618186490.501536
Mali,Mali,CapexInvestmentComponentCumulated,2031,1989121511.7453768
Mali,Mali,CapexInvestmentComponentCumulated,2032,2258244200.224614
Mali,Mali,CapexInvestmentComponentCumulated,2033,2627244200.224614
Mali,Mali,CapexInvestmentComponentCumulated,2034,2995724200.224614
Mali,Mali,CapexInvestmentComponentCumulated,2035,3036984200.224614
Mali,Mali,CapexInvestmentComponentCumulated,2040,3361151042.9149985
Mali,Mali,CapexInvestmentComponentCumulated,2045,4169172182.809148
Mali,Mali,CapexInvestmentComponentCumulated,2050,4477679857.215635
Mali,Mali,Costs,2026,000-208.139409397551927.67952321.146853041919700212.44619249794593000-113.6520123750001.67875691136468054.357706175519129000020.133158349544647
Mali,Mali,Costs,2027,000-58.70085260943458436.1795259.1729856583192900283.3721784606517000-59.172229810140880000.8095267013045767000004.058766712502913
Mali,Mali,Costs,2028,000-81.0922596855902443.8427494383428636.00713299668838400244.56971280843052000-57.707961470770730002.193921105091669000002.650455190788361
Mali,Mali,Costs,2029,000-121.4145243120667550.6843537320401180.096454269906300236.38496810023523000-37.054870308202820003.380916130570674000005.363692009068988
Mali,Mali,Costs,2030,000-240.6335436013396259.979185454425726.79211190507235300384.8035403006057000-47.17137738112182012.36164366723168401.3025439203694669000001.0587884267506946
Mali,Mali,Costs,2031,000-225.2323849920842664.059185454425721.28235608915594100317.514051414707000-66.0576570520049102.333888082263812601.632596313482201000000.9145978543799744
Mali,Mali,Costs,2032,000-258.410811367511670.65918545442572000287.26239425884853000-47.934018260825460000.9383568504197927000001.0289439475832767
Mali,Mali,Costs,2033,000-264.5645013777530677.25918545442572000245.66900221368206000-38.311564768612330000.556682225244092000001.2233725878214772
Mali,Mali,Costs,2034,000-301.7169827136471683.859185454425710.616978021978021900228.73820190002425000-37.614995497923580000.29892590579239026000001.456289979085061
Mali,Mali,Costs,2035,000-413.319209613950585.509185454425729.17703296703296600296.6854527232306000-46.544393995821830000.6388607586949178000001.9865207311405706
Mali,Mali,Costs,2040,000-272.868245953094294.477042202167681.521758241758241800223.49507327421267000-77.17190925316410000.2641973730865804000001.4889043593955404
Mali,Mali,Costs,2045,000-299.304033861384115.131847855833830.807032967032967100207.86967814455295000-154.869016519473320000.9975883627468177000001.3931775420027428
Mali,Mali,Costs,2050,000-220.26124348305365125.921149594731064.49884615384615500211.73522250023396000-219.171812776917650001.1764885734847346000001.6278525406431943
Mali,Mali,CostsPerMWh,2026,000-57.7274315567778447.676910398417116589.070027787203220058.92191715360691000-31.5213672636905680000.46560295804515831.20860910348478900005.583928214311437
Mali,Mali,CostsPerMWh,2027,000-15.5545387270216499.58684107553501615.679644436167750075.087896139319000-15.6794441516873670000.21450820330974768000001.0754910909663022
Mali,Mali,CostsPerMWh,2028,000-20.54726492535862211.1089343330486289.1235353873983380061.96940005467204000-14.62212025216280000.5558986560053208000000.6715758715945319
Mali,Mali,CostsPerMWh,2029,000-29.37929168736197712.26435157338955219.3813475484263550057.199276344192356000-8.9663559560959760000.8180975194964483000001.2978799113900508
Mali,Mali,CostsPerMWh,2030,000-55.6619825742882513.8740440157224261.57111269212364450089.01056616704163000-10.91141470344270202.859425099665033400.30129705074686325000000.24491291645229774
Mali,Mali,CostsPerMWh,2031,000-49.8032191769395714.1647199340144070.283553634497813960070.20847332820485000-14.60662050260547900.516067614786021500.3609984950906379000000.20223520432927694
Mali,Mali,CostsPerMWh,2032,000-54.57393842366100514.92255689941571400060.66712198592945000-10.1232148419848120000.19817216123128717000000.21730330607935336
Mali,Mali,CostsPerMWh,2033,000-53.4246997097214115.60129481175909300049.60904657618022000-7.7364265897872560000.11241334556422831000000.24704112908990256
Mali,Mali,CostsPerMWh,2034,000-59.12887267001024616.4342724574158760.120912036749209930044.82688343648835000-7.3715846528619390000.0585818924158499000000.28539588315337355
Mali,Mali,CostsPerMWh,2035,000-78.6779840023364716.2772263392256671.74690756242258140056.47599424398112000-8.8600263453085690000.12161127618352716000000.37814706568071454
Mali,Mali,CostsPerMWh,2040,000-44.80253864579963615.512289895142570.249859166271980150036.6959028982617000-12.670941005276840000.043378858454145616000000.24446485104457732
Mali,Mali,CostsPerMWh,2045,000-41.3384409496348815.9014599055318120.111463531652739340028.709965262873368000-21.3897674940232820000.1377821310772947000000.19241901557234006
Mali,Mali,CostsPerMWh,2050,000-26.0417176715077414.8877894937970390.53190329598327110025.033677274636812000-25.91291313729540000.13909747711381434000000.19246271202286291
Mali,Mali,DemandEnergyZone,2026,3605.554651999999
Mali,Mali,DemandEnergyZone,2027,3773.872928
Mali,Mali,DemandEnergyZone,2028,3946.6206319999983
Mali,Mali,DemandEnergyZone,2029,4132.656621
Mali,Mali,DemandEnergyZone,2030,4323.122039000003
Mali,Mali,DemandEnergyZone,2031,4522.446313999995
Mali,Mali,DemandEnergyZone,2032,4735.058872999999
Mali,Mali,DemandEnergyZone,2033,4952.100859999999
Mali,Mali,DemandEnergyZone,2034,5102.701423
Mali,Mali,DemandEnergyZone,2035,5253.301986
Mali,Mali,DemandEnergyZone,2040,6090.463938000003
Mali,Mali,DemandEnergyZone,2045,7240.331928
Mali,Mali,DemandEnergyZone,2050,8458.015184000002
Mali,Mali,DemandPeakZone,2026,807.9890317074876
Mali,Mali,DemandPeakZone,2027,845.7084213617296
Mali,Mali,DemandPeakZone,2028,884.4204264576119
Mali,Mali,DemandPeakZone,2029,926.1102781185192
Mali,Mali,DemandPeakZone,2030,968.792745451836
Mali,Mali,DemandPeakZone,2031,1013.4604439178706
Mali,Mali,DemandPeakZone,2032,1061.105988708827
Mali,Mali,DemandPeakZone,2033,1109.7441489320895
Mali,Mali,DemandPeakZone,2034,1143.493076579667
Mali,Mali,DemandPeakZone,2035,1177.2420042272431
Mali,Mali,DemandPeakZone,2040,1364.8463370941492
Mali,Mali,DemandPeakZone,2045,1622.5267256917214
Mali,Mali,DemandPeakZone,2050,1895.404218791723
Mali,Mali,EmissionsIntensityZone,2026,5.378626265100405e-07
Mali,Mali,EmissionsIntensityZone,2027,1.5904331205149224e-07
Mali,Mali,EmissionsIntensityZone,2028,7.954845196456397e-08
Mali,Mali,EmissionsIntensityZone,2029,1.3429281897473322e-07
Mali,Mali,EmissionsIntensityZone,2030,1.0510489911590516e-08
Mali,Mali,EmissionsIntensityZone,2031,1.7371373322939982e-09
Mali,Mali,EmissionsIntensityZone,2034,6.258118995746672e-10
Mali,Mali,EmissionsIntensityZone,2035,8.962263169746508e-09
Mali,Mali,EmissionsIntensityZone,2040,1.313299578191072e-09
Mali,Mali,EmissionsIntensityZone,2045,5.166640032413367e-10
Mali,Mali,EmissionsIntensityZone,2050,2.577288565313741e-09
Mali,Mali,EmissionsZone,2026,1.937253199758566
Mali,Mali,EmissionsZone,2027,0.355551
Mali,Mali,EmissionsZone,2028,0.2167143108702518
Mali,Mali,EmissionsZone,2029,0.483701
Mali,Mali,EmissionsZone,2030,0.0412054788907722
Mali,Mali,EmissionsZone,2031,0.0077796269408793
Mali,Mali,EmissionsZone,2034,0.003743
Mali,Mali,EmissionsZone,2035,0.0556739999999999
Mali,Mali,EmissionsZone,2040,0.0092319999999999
Mali,Mali,EmissionsZone,2045,0.004896
Mali,Mali,EmissionsZone,2050,0.0272929999999999
Mali,Mali,GenCostsPerMWh,2026,102.43861909989828
Mali,Mali,GenCostsPerMWh,2027,65.02277763923239
Mali,Mali,GenCostsPerMWh,2028,61.73731416459883
Mali,Mali,GenCostsPerMWh,2029,70.97837917832635
Mali,Mali,GenCostsPerMWh,2030,62.13435704293906
Mali,Mali,GenCostsPerMWh,2031,62.44494681066989
Mali,Mali,GenCostsPerMWh,2032,64.95770922531163
Mali,Mali,GenCostsPerMWh,2033,66.9470920598301
Mali,Mali,GenCostsPerMWh,2034,68.8163591597725
Mali,Mali,GenCostsPerMWh,2035,68.6879262351116
Mali,Mali,GenCostsPerMWh,2040,64.26374247199671
Mali,Mali,GenCostsPerMWh,2045,59.26060427295929
Mali,Mali,GenCostsPerMWh,2050,57.61012581114828
Mauritania,Mauritania_Nema,Costs,2026,00000.1443.35069999999999530000000010.3768368039906920.76151820839347170.2215796509995370896.2160000000000100000.22337999999999966
Mauritania,Mauritania_Nema,Costs,2027,000-1.6985068519296650.1441.60793526830263130048.321124977377835000EPS013.6602450746895790.71652439470700350.079438622622744513.49371940116164300000.10719568455350874
Mauritania,Mauritania_Nema,Costs,2028,00000.1441.03974961487159410040.53137824549711000EPS09.4316264430123960.77024292823958340.06180346164828396000000.06931664099143962
Mauritania,Mauritania_Nema,Costs,2029,00000.1440.56872136579382840036.773327038304025000EPS07.5012020551814420.297083046342320130.010367948090319073000000.037914757719588556
Mauritania,Mauritania_Nema,Costs,2030,00000.1440.283950033.98892812026916000EPS04.13905254979858700.011247809073873785000000.01893
Mauritania,Mauritania_Nema,Costs,2031,00000.1440.193139999999999980030.891566665646756000003.32141770422257500.015722028770226833000000.012875999999999999
Mauritania,Mauritania_Nema,Costs,2032,00000.1440.111959999999999990029.804533869157982000002.093172955529609700.010481432693461738000000.007463999999999999
Mauritania,Mauritania_Nema,Costs,2033,00000.1440.094680029.15783566089197000001.280377208710002500.009630260614803557000000.006312
Mauritania,Mauritania_Nema,Costs,2034,00000.1440.068760031.750878167820265000001.196237412564054500.013481815915907252000000.0045839999999999995
Mauritania,Mauritania_Nema,Costs,2035,00000.1440.099359999999999990040.925212459615366000001.42260619237280700.10998481821766057000000.006624
Mauritania,Mauritania_Nema,Costs,2040,00000.14400033.86578632996542000EPS00.876660385429374300.06135153397637343000000
Mauritania,Mauritania_Nema,Costs,2045,00000.14400036.145971944226325000EPS00.779031457307606800.05722647296692042000000
Mauritania,Mauritania_Nema,Costs,2050,000EPS0.14400044.19221604383116000-1.104805401095778401.279707848320369900.09478389371991691000000
Mauritania,Mauritania_Nema,CostsPerMWh,2026,00001.142857142857144126.5928571428571380000000082.355847650719876.04379530471011.7585686587264868763.619047619048600001.7728571428571422
Mauritania,Mauritania_Nema,CostsPerMWh,2027,000-10.3567490971321070.87804878048780529.80448334330873200294.64100595962105000EPS083.294177284692584.3690511872378280.4843818452606374321.30316708025392800000.6536322228872486
Mauritania,Mauritania_Nema,CostsPerMWh,2028,00000.82758620689655175.97557249926203500232.93895543389144000EPS054.2047496724850364.4266834956297890.355192308323471000000.3983714999508024
Mauritania,Mauritania_Nema,CostsPerMWh,2029,00000.77419354838709743.05764175157972500197.70605934572072000EPS040.3290433074271351.5972206792597870.05574165639956496000000.20384278343864828
Mauritania,Mauritania_Nema,CostsPerMWh,2030,00000.68246445497630331.345734597156397900161.08496739464053000EPS019.61636279525396300.05330715200888049000000.08971563981042653
Mauritania,Mauritania_Nema,CostsPerMWh,2031,00000.64573991031390150.866098654708520300138.527204778685050000014.89424979472007300.07050237116693649000000.057739910313901355
Mauritania,Mauritania_Nema,CostsPerMWh,2032,00000.61016949152542380.4744067796610169600126.29039775066943000008.86937693021021200.04441285039602432000000.031627118644067795
Mauritania,Mauritania_Nema,CostsPerMWh,2033,00000.57831325301204830.380240963855421700117.09974161000792000005.14207714341366500.03867574544097815000000.02534939759036145
Mauritania,Mauritania_Nema,CostsPerMWh,2034,00000.54961832061068720.262442748091603100121.18655789244379000004.56579165100784200.05145731265613456000000.01749618320610687
Mauritania,Mauritania_Nema,CostsPerMWh,2035,00000.51985559566786990.358700361010830200147.74444931269082000005.13576242733865200.3970571054789189000000.023913357400722018
Mauritania,Mauritania_Nema,CostsPerMWh,2040,00000.411428571428571200096.75938951418686000EPS02.504743958369639600.17529009707535256000000
Mauritania,Mauritania_Nema,CostsPerMWh,2045,00000.322147651006711400080.86347191102085000EPS01.742799680777643600.1280234294561978000000
Mauritania,Mauritania_Nema,CostsPerMWh,2050,000EPS0.252189141856392400077.39442389462553000-1.934860597365637202.241169611769475300.16599631124328715000000
Mauritania,Mauritania_Nema,DemandEnergyZone,2026,125.99999999999986
Mauritania,Mauritania_Nema,DemandEnergyZone,2027,163.99999999999994
Mauritania,Mauritania_Nema,DemandEnergyZone,2028,174.0
Mauritania,Mauritania_Nema,DemandEnergyZone,2029,185.99999999999983
Mauritania,Mauritania_Nema,DemandEnergyZone,2030,211.00000000000003
Mauritania,Mauritania_Nema,DemandEnergyZone,2031,223.0
Mauritania,Mauritania_Nema,DemandEnergyZone,2032,236.0
Mauritania,Mauritania_Nema,DemandEnergyZone,2033,249.0
Mauritania,Mauritania_Nema,DemandEnergyZone,2034,261.99999999999994
Mauritania,Mauritania_Nema,DemandEnergyZone,2035,277.00000000000006
Mauritania,Mauritania_Nema,DemandEnergyZone,2040,350.00000000000017
Mauritania,Mauritania_Nema,DemandEnergyZone,2045,447.00000000000006
Mauritania,Mauritania_Nema,DemandEnergyZone,2050,570.9999999999998
Mauritania,Mauritania_Nema,DemandPeakZone,2026,24.446290306062675
Mauritania,Mauritania_Nema,DemandPeakZone,2027,32.84956708947589
Mauritania,Mauritania_Nema,DemandPeakZone,2028,34.81867224985383
Mauritania,Mauritania_Nema,DemandPeakZone,2029,37.21995999122306
Mauritania,Mauritania_Nema,DemandPeakZone,2030,42.23862676445718
Mauritania,Mauritania_Nema,DemandPeakZone,2031,44.639914505826376
Mauritania,Mauritania_Nema,DemandPeakZone,2032,47.25729353769129
Mauritania,Mauritania_Nema,DemandPeakZone,2033,49.87467256955615
Mauritania,Mauritania_Nema,DemandPeakZone,2034,52.49205160142103
Mauritania,Mauritania_Nema,DemandPeakZone,2035,55.5416132142772
Mauritania,Mauritania_Nema,DemandPeakZone,2040,70.16543095298823
Mauritania,Mauritania_Nema,DemandPeakZone,2045,89.59182417443772
Mauritania,Mauritania_Nema,DemandPeakZone,2050,114.46906675011262
Mauritania,Mauritania_Nema,EmissionsIntensityZone,2026,7.371000000000003e-07
Mauritania,Mauritania_Nema,EmissionsIntensityZone,2027,7.370999999999997e-07
Mauritania,Mauritania_Nema,EmissionsIntensityZone,2028,7.370999999999998e-07
Mauritania,Mauritania_Nema,EmissionsIntensityZone,2029,7.371000000000002e-07
Mauritania,Mauritania_Nema,EmissionsIntensityZone,2030,7.371e-07
Mauritania,Mauritania_Nema,EmissionsIntensityZone,2031,7.370999999999998e-07
Mauritania,Mauritania_Nema,EmissionsIntensityZone,2032,7.370999999999998e-07
Mauritania,Mauritania_Nema,EmissionsIntensityZone,2033,7.370999999999999e-07
Mauritania,Mauritania_Nema,EmissionsIntensityZone,2034,7.370999999999998e-07
Mauritania,Mauritania_Nema,EmissionsIntensityZone,2035,7.370999999999998e-07
Mauritania,Mauritania_Nema,EmissionsZone,2026,0.0219537863999999
Mauritania,Mauritania_Nema,EmissionsZone,2027,0.0105351918779188
Mauritania,Mauritania_Nema,EmissionsZone,2028,0.0068124394766386
Mauritania,Mauritania_Nema,EmissionsZone,2029,0.0037262623886811
Mauritania,Mauritania_Nema,EmissionsZone,2030,0.0018604404
Mauritania,Mauritania_Nema,EmissionsZone,2031,0.00126545328
Mauritania,Mauritania_Nema,EmissionsZone,2032,0.0007335619199999
Mauritania,Mauritania_Nema,EmissionsZone,2033,0.00062034336
Mauritania,Mauritania_Nema,EmissionsZone,2034,0.0004505155199999
Mauritania,Mauritania_Nema,EmissionsZone,2035,0.0006510067199999
Mauritania,Mauritania_Nema,GenCostsPerMWh,2026,124.83481063658331
Mauritania,Mauritania_Nema,GenCostsPerMWh,2027,130.07503244648709
Mauritania,Mauritania_Nema,GenCostsPerMWh,2028,135.58067420106778
Mauritania,Mauritania_Nema,GenCostsPerMWh,2029,148.48495058276532
Mauritania,Mauritania_Nema,GenCostsPerMWh,2030,177.05229793977813
Mauritania,Mauritania_Nema,GenCostsPerMWh,2031,203.87698042870448
Mauritania,Mauritania_Nema,GenCostsPerMWh,2032,264.69453376205786
Mauritania,Mauritania_Nema,GenCostsPerMWh,2033,291.10266159695817
Mauritania,Mauritania_Nema,GenCostsPerMWh,2034,355.60209424083763
Mauritania,Mauritania_Nema,GenCostsPerMWh,2035,283.04347826086956
Mauritania,Mauritania_grid,CapexInvestmentComponent,2026,142478400.0
Mauritania,Mauritania_grid,CapexInvestmentComponent,2027,93973916.4
Mauritania,Mauritania_grid,CapexInvestmentComponent,2028,224837412.0112
Mauritania,Mauritania_grid,CapexInvestmentComponent,2029,154613779.52641833
Mauritania,Mauritania_grid,CapexInvestmentComponent,2030,32640000.0
Mauritania,Mauritania_grid,CapexInvestmentComponent,2033,303250000.0
Mauritania,Mauritania_grid,CapexInvestmentComponent,2040,1046104737.787013
Mauritania,Mauritania_grid,CapexInvestmentComponent,2045,504984344.09701306
Mauritania,Mauritania_grid,CapexInvestmentComponent,2050,1039686914.8712952
Mauritania,Mauritania_grid,CapexInvestmentComponentCumulated,2026,142478400.0
Mauritania,Mauritania_grid,CapexInvestmentComponentCumulated,2027,236452316.4
Mauritania,Mauritania_grid,CapexInvestmentComponentCumulated,2028,432723812.0112
Mauritania,Mauritania_grid,CapexInvestmentComponentCumulated,2029,587337591.5376184
Mauritania,Mauritania_grid,CapexInvestmentComponentCumulated,2030,619977591.5376184
Mauritania,Mauritania_grid,CapexInvestmentComponentCumulated,2033,923227591.5376184
Mauritania,Mauritania_grid,CapexInvestmentComponentCumulated,2040,1997898245.7246315
Mauritania,Mauritania_grid,CapexInvestmentComponentCumulated,2045,2502882589.821645
Mauritania,Mauritania_grid,CapexInvestmentComponentCumulated,2050,3542569504.69294
Mauritania,Mauritania_grid,Costs,2026,000027.068099999999998128.0642507180993700000000246.9851871045087518.125342118825585.27394740752073122.49597863533653800008.66068396982381
Mauritania,Mauritania_grid,Costs,2027,000-48.32112497737783529.58241129.56356433035853001.698506851929665000EPS0259.627950596386713.6183325506203041.50981821167740641.608838782110511200008.902717200602988
Mauritania,Mauritania_grid,Costs,2028,000-40.5313782454971138.5789189.16399819812389000000EPS0179.688745164287814.6744557880127451.1774625020923061.146659590304261100006.560108843426018
Mauritania,Mauritania_grid,Costs,2029,000-36.77332703830402544.12062252782861557.03278695016115000000EPS0142.159877658680675.63020289439075050.19648933880846647000004.015762979780346
Mauritania,Mauritania_grid,Costs,2030,000-79.8176823271234544.5830225278286234.5119955012623600147.339188350871750001.3950669513055148e-16078.7793129857399500.21408152246766407000002.881471178689703
Mauritania,Mauritania_grid,Costs,2031,000-50.7354943701331544.5830225278286227.7917463644258100164.27945987305748000-0.7648681155895733063.2409846283814200.2993530679748123000002.474543850900235
Mauritania,Mauritania_grid,Costs,2032,000-44.4608505586149444.5830225278286116.22950022001726800206.44340720338923000-1.9410498895591997039.779155531992800.19919163402616907000001.727831812775287
Mauritania,Mauritania_grid,Costs,2033,000-50.75617655467052547.128022527828629.39342931889350800196.59268525639914000-2.564997042816355024.3271669654900700.18297495168126776000001.5501826689847518
Mauritania,Mauritania_grid,Costs,2034,000-51.47001811789064647.128022527828628.42051890176893300237.98261522439515000-10.285868656246997022.72851083871704200.25615450240223786000001.480123246262003
Mauritania,Mauritania_grid,Costs,2035,000-63.6677176200637347.128022527828619.7256575113216300317.84908264131406000-9.131849662983619026.9832957932372702.0861380321862395000001.549653913453428
Mauritania,Mauritania_grid,Costs,2040,000-134.8967178368576282.798563705541785.92845816633029900119.6119714543279000-14.417470657880974016.6715757869083201.1667308861335468000001.2480483667631657
Mauritania,Mauritania_grid,Costs,2045,000-98.03787335772509106.89768209754925.26490363024110500152.89338812912598000-47.49044122154564014.8050832882060701.0875590332303995000000.9641050952711708
Mauritania,Mauritania_grid,Costs,2050,000-72.08962858324628145.5375183970258.64061743564638200170.9196131778875000-104.45306972262543024.29651976119290801.7995660101884778000001.0120085118961424
Mauritania,Mauritania_grid,CostsPerMWh,2026,00009.02570856952317742.702317678592670000000082.355847650719876.0437953047100981.75856865872648667.50115993175610100002.8878572756998375
Mauritania,Mauritania_grid,CostsPerMWh,2027,000-15.5024462551741569.49066730830927541.56675146947661000.5449171805998285000EPS083.294177284692584.3690511872378280.484381845260637430.516149753644694200002.8561813283936446
Mauritania,Mauritania_grid,CostsPerMWh,2028,000-12.2266601042223611.63768024132730426.89713369475835000000EPS054.204749672485034.4266834956297890.355192308323471040.345900328900229700001.9789166948494783
Mauritania,Mauritania_grid,CostsPerMWh,2029,000-10.43214951441248712.51648866037691116.17951402841451000000EPS040.3290433074271351.59722067925978720.05574165639956495000001.1392235403632187
Mauritania,Mauritania_grid,CostsPerMWh,2030,000-19.874920898188111.1013502310330198.593624377804370036.688044908085580003.473772289107357e-17019.61636279525396300.053307152008880476000000.7174978034585912
Mauritania,Mauritania_grid,CostsPerMWh,2031,000-11.9490095078033810.500005305659126.54539481027456650038.69040505724387000-0.18013851050154814014.8942497947200700.07050237116693649000000.5827941240933195
Mauritania,Mauritania_grid,CostsPerMWh,2032,000-9.9132331234370019.9404732503519763.6186176633260350046.02974519585044000-0.432787043379977608.86937693021021200.04441285039602432000000.3852467809978344
Mauritania,Mauritania_grid,CostsPerMWh,2033,000-10.7284245518221289.9615350936014761.985506091501480041.55415033954745000-0.542168049633555905.14207714341366500.03867574544097815000000.32766490572495255
Mauritania,Mauritania_grid,CostsPerMWh,2034,000-10.3394974121917749.4672604515525551.6915465853292350047.80687328734334000-2.06626529856307704.56579165100784300.05145731265613456000000.29733291407432766
Mauritania,Mauritania_grid,CostsPerMWh,2035,000-12.1179515835675218.9699319619011481.85109583390210060.496589768046086000-1.738075687663422505.13576242733865300.397057105478919000000.2949474521228451
Mauritania,Mauritania_grid,CostsPerMWh,2040,000-20.266934771162512.439688056722020.89069383508568170017.970548595902628000-2.166086336821059402.50474395836963900.17529009707535254000000.1875072666411006
Mauritania,Mauritania_grid,CostsPerMWh,2045,000-11.5406560750706512.5836000114831420.61976499473114890017.99804451196305000-5.59039920206541201.742799680777643800.12802342945619782000000.1134908882014328
Mauritania,Mauritania_grid,CostsPerMWh,2050,000-6.64972129722776413.4247318879277580.79703140260551340015.766037559070869000-9.63500320289874602.24116961176947500.16599631124328712000000.09335010717610379
Mauritania,Mauritania_grid,DemandEnergyZone,2026,2998.999999999998
Mauritania,Mauritania_grid,DemandEnergyZone,2027,3116.999999999999
Mauritania,Mauritania_grid,DemandEnergyZone,2028,3314.999999999998
Mauritania,Mauritania_grid,DemandEnergyZone,2029,3525.0000000000005
Mauritania,Mauritania_grid,DemandEnergyZone,2030,4016.000000000002
Mauritania,Mauritania_grid,DemandEnergyZone,2031,4246.0
Mauritania,Mauritania_grid,DemandEnergyZone,2032,4485.0
Mauritania,Mauritania_grid,DemandEnergyZone,2033,4731.000000000004
Mauritania,Mauritania_grid,DemandEnergyZone,2034,4978.0
Mauritania,Mauritania_grid,DemandEnergyZone,2035,5253.999999999998
Mauritania,Mauritania_grid,DemandEnergyZone,2040,6656.000000000001
Mauritania,Mauritania_grid,DemandEnergyZone,2045,8494.999999999993
Mauritania,Mauritania_grid,DemandEnergyZone,2050,10841.000000000013
Mauritania,Mauritania_grid,DemandPeakZone,2026,601.0648827747042
Mauritania,Mauritania_grid,DemandPeakZone,2027,624.4537698628268
Mauritania,Mauritania_grid,DemandPeakZone,2028,664.1709214677088
Mauritania,Mauritania_grid,DemandPeakZone,2029,706.0975530693808
Mauritania,Mauritania_grid,DemandPeakZone,2030,804.9096824087593
Mauritania,Mauritania_grid,DemandPeakZone,2031,850.9663320757656
Mauritania,Mauritania_grid,DemandPeakZone,2032,898.7759956126548
Mauritania,Mauritania_grid,DemandPeakZone,2033,947.9064904384346
Mauritania,Mauritania_grid,DemandPeakZone,2034,997.25307655471
Mauritania,Mauritania_grid,DemandPeakZone,2035,1052.5785984784925
Mauritania,Mauritania_grid,DemandPeakZone,2040,1333.7684087437256
Mauritania,Mauritania_grid,DemandPeakZone,2045,1702.29322640615
Mauritania,Mauritania_grid,DemandPeakZone,2050,2172.416306949861
Mauritania,Mauritania_grid,EmissionsIntensityZone,2026,2.7754474952324465e-07
Mauritania,Mauritania_grid,EmissionsIntensityZone,2027,2.692525692330641e-07
Mauritania,Mauritania_grid,EmissionsIntensityZone,2028,1.741913312062097e-07
Mauritania,Mauritania_grid,EmissionsIntensityZone,2029,1.3026818231983978e-07
Mauritania,Mauritania_grid,EmissionsIntensityZone,2030,7.800035373967707e-08
Mauritania,Mauritania_grid,EmissionsIntensityZone,2031,6.444920088407606e-08
Mauritania,Mauritania_grid,EmissionsIntensityZone,2032,4.227100533088072e-08
Mauritania,Mauritania_grid,EmissionsIntensityZone,2033,2.316629488787704e-08
Mauritania,Mauritania_grid,EmissionsIntensityZone,2034,2.1699452341446667e-08
Mauritania,Mauritania_grid,EmissionsIntensityZone,2035,2.536898918506913e-08
Mauritania,Mauritania_grid,EmissionsIntensityZone,2040,7.262764847108584e-09
Mauritania,Mauritania_grid,EmissionsIntensityZone,2045,4.922153205876117e-09
Mauritania,Mauritania_grid,EmissionsIntensityZone,2050,5.782563965189883e-09
Mauritania,Mauritania_grid,EmissionsZone,2026,0.8359196266283314
Mauritania,Mauritania_grid,EmissionsZone,2027,0.9004254603590022
Mauritania,Mauritania_grid,EmissionsZone,2028,0.6235887992143619
Mauritania,Mauritania_grid,EmissionsZone,2029,0.4951440033241925
Mauritania,Mauritania_grid,EmissionsZone,2030,0.2745341113851284
Mauritania,Mauritania_grid,EmissionsZone,2031,0.2206092211620133
Mauritania,Mauritania_grid,EmissionsZone,2032,0.1388408663717413
Mauritania,Mauritania_grid,EmissionsZone,2033,0.0847381372206669
Mauritania,Mauritania_grid,EmissionsZone,2034,0.0792986453176036
Mauritania,Mauritania_grid,EmissionsZone,2035,0.0940353332320335
Mauritania,Mauritania_grid,EmissionsZone,2040,0.0584941205744589
Mauritania,Mauritania_grid,EmissionsZone,2045,0.0519470491517122
Mauritania,Mauritania_grid,EmissionsZone,2050,0.0852540920317109
Mauritania,Mauritania_grid,GenCostsPerMWh,2026,59.41047037124258
Mauritania,Mauritania_grid,GenCostsPerMWh,2027,57.89168380431619
Mauritania,Mauritania_grid,GenCostsPerMWh,2028,51.41095132816233
Mauritania,Mauritania_grid,GenCostsPerMWh,2029,45.07123308876693
Mauritania,Mauritania_grid,GenCostsPerMWh,2030,43.105710504609036
Mauritania,Mauritania_grid,GenCostsPerMWh,2031,42.24077923524734
Mauritania,Mauritania_grid,GenCostsPerMWh,2032,40.2738025724639
Mauritania,Mauritania_grid,GenCostsPerMWh,2033,43.259967422867234
Mauritania,Mauritania_grid,GenCostsPerMWh,2034,43.01496131611453
Mauritania,Mauritania_grid,GenCostsPerMWh,2035,42.778941909712955
Mauritania,Mauritania_grid,GenCostsPerMWh,2040,37.873731824248665
Mauritania,Mauritania_grid,GenCostsPerMWh,2045,36.25102983014088
Mauritania,Mauritania_grid,GenCostsPerMWh,2050,36.542076453103626
Niger,Niger,CapexInvestmentComponent,2026,429000000.0
Niger,Niger,CapexInvestmentComponent,2027,250260000.0
Niger,Niger,CapexInvestmentComponent,2028,258577546.9434198
Niger,Niger,CapexInvestmentComponent,2029,140071247.8291238
Niger,Niger,CapexInvestmentComponent,2030,304449444.75354475
Niger,Niger,CapexInvestmentComponent,2031,20020000.0
Niger,Niger,CapexInvestmentComponent,2032,57848044.354494125
Niger,Niger,CapexInvestmentComponent,2033,33757635.40960425
Niger,Niger,CapexInvestmentComponent,2034,55939007.38351859
Niger,Niger,CapexInvestmentComponent,2035,81985161.81593442
Niger,Niger,CapexInvestmentComponent,2040,1161316702.166679
Niger,Niger,CapexInvestmentComponent,2045,1212876282.8739352
Niger,Niger,CapexInvestmentComponent,2050,1234525128.8467684
Niger,Niger,CapexInvestmentComponentCumulated,2026,429000000.0
Niger,Niger,CapexInvestmentComponentCumulated,2027,679260000.0
Niger,Niger,CapexInvestmentComponentCumulated,2028,937837546.9434198
Niger,Niger,CapexInvestmentComponentCumulated,2029,1077908794.7725437
Niger,Niger,CapexInvestmentComponentCumulated,2030,1339174544.2578502
Niger,Niger,CapexInvestmentComponentCumulated,2031,1359194544.2578502
Niger,Niger,CapexInvestmentComponentCumulated,2032,1460226283.8805826
Niger,Niger,CapexInvestmentComponentCumulated,2033,1493983919.290187
Niger,Niger,CapexInvestmentComponentCumulated,2034,1549922926.6737053
Niger,Niger,CapexInvestmentComponentCumulated,2035,1631908088.4896398
Niger,Niger,CapexInvestmentComponentCumulated,2040,2793224790.6563187
Niger,Niger,CapexInvestmentComponentCumulated,2045,4006101073.530254
Niger,Niger,CapexInvestmentComponentCumulated,2050,5240626202.377023
Niger,Niger,Costs,2026,000-5.35475236183041318.11045620.0088140720273520091.02879315516492000-3.53568719999999730000000001.680662334594514
Niger,Niger,Costs,2027,000-50.5116546627075823.21045622.0021274828214300165.27195259117335000-3.2331976084459210000000001.7829362133267341
Niger,Niger,Costs,2028,000-83.238112638231328.6211864408336325.61298818877548600140.75119244742746000-15.4769982012906020001.1697206990888136000001.9679625962906786
Niger,Niger,Costs,2029,000-81.793866316712830.68662248110845432.8338663963548400139.2945920156219000-24.202734079517610001.8195310714279351000002.328425898821535
Niger,Niger,Costs,2030,000-95.7346926939801440.1936463000945248.713535585024620029.47069449257978000-19.9375794520220070000.4337289783421984000004.3656213512556885
Niger,Niger,Costs,2031,000-43.44970769596040640.6444463000945347.7005461752554040023.53343840511938000-9.8734728368740380000.6849106679908845000004.2780347028934385
Niger,Niger,Costs,2032,000-117.7673889905729842.6275917237124354.8114214200980850037.35903418069857000-16.7856520831181550001.2515761899305866000004.87314187987292
Niger,Niger,Costs,2033,000-72.5814433540921243.9380992906961458.296506170788140028.51428418304335000-13.7214793774499990001.1001186521321822000005.137540257577678
Niger,Niger,Costs,2034,000-70.8619370502240445.9489567287604263.676265157309670026.860670991188343000-12.398342944216350000.618489678460446000005.584754274767624
Niger,Niger,Costs,2035,000-80.7635860066613848.894520295532669.512539110277020026.389816624634022000-15.442566467322960000.6531638465670424000006.128319445742015
Niger,Niger,Costs,2040,000-124.9828310545784176.7991419299190585.295253662843950013.283827222059356000-69.02872063377720000.8726743965953162000006.562580402982556
Niger,Niger,Costs,2045,000-68.29729547853938115.4840287794132459.55215299587897008.072778563838298000-89.718077843405740001.6336228081101976000004.557431756904849
Niger,Niger,Costs,2050,000-91.18068177617317157.0098562451989321.207061105722590032.386249305322934000-56.602866879410450005.874319253439698000002.2547350034060383
Niger,Niger,CostsPerMWh,2026,000-2.8766186257182049.7290913808088310.7489055233268420048.90144383395674000-1.89940131064375660000000000.9028661362007414
Niger,Niger,CostsPerMWh,2027,000-25.38274103653642711.66354572864319611.0563454687544670083.05123245787591000-1.624722416304480000000000.8959478458928296
Niger,Niger,CostsPerMWh,2028,000-38.8298587012291813.35153561433178711.948237180832080065.65921236725502000-7.2198856296420470000.5456645763092444000000.9180375085555867
Niger,Niger,CostsPerMWh,2029,000-35.4210136690188613.28890934377152914.2187780429495180060.321829374112895000-10.481047213720650000.7879519315384722000001.0083299555752032
Niger,Niger,CostsPerMWh,2030,000-38.4863086206955416.1582497688822219.5833308884521140011.847515373901421000-8.0151073173957830000.17436340837877326000001.755023658796257
Niger,Niger,CostsPerMWh,2031,000-16.43728256635180415.3760355135755918.045400018303944008.902839566369435000-3.7351934348222640000.25910577491690734000001.6184059449186132
Niger,Niger,CostsPerMWh,2032,000-41.9251340336497315.17540222184428519.5128397539357860013.29979826179951000-5.9756840960724130000.4455605237232932000001.7348361734929718
Niger,Niger,CostsPerMWh,2033,000-24.3153914084060614.71963125316452719.529817812659335009.552524014419879000-4.596810511708540000.36854896218833555000001.721119014263878
Niger,Niger,CostsPerMWh,2034,000-22.25563349567335414.43120500275137519.998826996642464008.436140386679748000-3.8939519297161860000.19424927087325544000001.7540057395626942
Niger,Niger,CostsPerMWh,2035,000-23.87336269780114514.45300629486625320.5476024564815007.8007143436695205000-4.5647550893653380000.19307237557405899000001.8115044178959523
Niger,Niger,CostsPerMWh,2040,000-27.21961871666182716.72584420964446418.576185732500385002.8930430606470345000-15.0335485305967770000.19005701934167604000001.4292437998033207
Niger,Niger,CostsPerMWh,2045,000-10.9589479258686418.530506205194929.555706986380907001.2953537805310553000-14.3961153396456540000.2621302521447051000000.731283090343073
Niger,Niger,CostsPerMWh,2050,000-10.77958073401333818.5620505183941842.5071454047849437003.828773620223571000-6.6917154096412650000.6944749415809843000000.26655973096016594
Niger,Niger,DemandEnergyZone,2026,1861.4745500000004
Niger,Niger,DemandEnergyZone,2027,1990.000000000004
Niger,Niger,DemandEnergyZone,2028,2143.6625170000007
Niger,Niger,DemandEnergyZone,2029,2309.190445000001
Niger,Niger,DemandEnergyZone,2030,2487.4999999999995
Niger,Niger,DemandEnergyZone,2031,2643.363191000002
Niger,Niger,DemandEnergyZone,2032,2808.9925459999995
Niger,Niger,DemandEnergyZone,2033,2985.0000000000014
Niger,Niger,DemandEnergyZone,2034,3184.000000000003
Niger,Niger,DemandEnergyZone,2035,3383.0000000000045
Niger,Niger,DemandEnergyZone,2040,4591.645178999998
Niger,Niger,DemandEnergyZone,2045,6232.103295000001
Niger,Niger,DemandEnergyZone,2050,8458.648256000004
Niger,Niger,DemandPeakZone,2026,429.7002859647697
Niger,Niger,DemandPeakZone,2027,459.368928288926
Niger,Niger,DemandPeakZone,2028,494.8401774157721
Niger,Niger,DemandPeakZone,2029,533.0504220786726
Niger,Niger,DemandPeakZone,2030,574.2111603611573
Niger,Niger,DemandPeakZone,2031,610.1904101158844
Niger,Niger,DemandPeakZone,2032,648.4240680533205
Niger,Niger,DemandPeakZone,2033,689.053392433389
Niger,Niger,DemandPeakZone,2034,734.9902852622812
Niger,Niger,DemandPeakZone,2035,780.9271780911743
Niger,Niger,DemandPeakZone,2040,1059.9292085267653
Niger,Niger,DemandPeakZone,2045,1438.610357614937
Niger,Niger,DemandPeakZone,2050,1952.5830071138696
Niger,Niger,EmissionsIntensityZone,2026,3.930682285222065e-07
Niger,Niger,EmissionsIntensityZone,2027,2.710544369311221e-07
Niger,Niger,EmissionsIntensityZone,2028,2.1271362513561318e-07
Niger,Niger,EmissionsIntensityZone,2029,1.988471280913834e-07
Niger,Niger,EmissionsIntensityZone,2030,3.75649284471751e-07
Niger,Niger,EmissionsIntensityZone,2031,3.598573155662758e-07
Niger,Niger,EmissionsIntensityZone,2032,3.831786552978323e-07
Niger,Niger,EmissionsIntensityZone,2033,3.850864874367376e-07
Niger,Niger,EmissionsIntensityZone,2034,3.957526507997217e-07
Niger,Niger,EmissionsIntensityZone,2035,4.085294025349509e-07
Niger,Niger,EmissionsIntensityZone,2040,2.093616667703477e-07
Niger,Niger,EmissionsIntensityZone,2045,9.46259234143062e-08
Niger,Niger,EmissionsIntensityZone,2050,3.9639970522363465e-08
Niger,Niger,EmissionsZone,2026,0.4122555468279349
Niger,Niger,EmissionsZone,2027,0.4186979999999999
Niger,Niger,EmissionsZone,2028,0.439716
Niger,Niger,EmissionsZone,2029,0.469671
Niger,Niger,EmissionsZone,2030,1.250773
Niger,Niger,EmissionsZone,2031,1.209317
Niger,Niger,EmissionsZone,2032,1.393808
Niger,Niger,EmissionsZone,2033,1.46083
Niger,Niger,EmissionsZone,2034,1.586442
Niger,Niger,EmissionsZone,2035,1.7460939999999998
Niger,Niger,EmissionsZone,2040,1.499557
Niger,Niger,EmissionsZone,2045,0.9798790377653396
Niger,Niger,EmissionsZone,2050,0.546612
Niger,Niger,GenCostsPerMWh,2026,79.20231879454613
Niger,Niger,GenCostsPerMWh,2027,76.28323146856516
Niger,Niger,GenCostsPerMWh,2028,75.28707589390342
Niger,Niger,GenCostsPerMWh,2029,76.59766582640603
Niger,Niger,GenCostsPerMWh,2030,72.27262149526494
Niger,Niger,GenCostsPerMWh,2031,72.046330342989
Niger,Niger,GenCostsPerMWh,2032,70.91203488760885
Niger,Niger,GenCostsPerMWh,2033,70.27710487138575
Niger,Niger,GenCostsPerMWh,2034,69.94428034770843
Niger,Niger,GenCostsPerMWh,2035,69.8249715535165
Niger,Niger,GenCostsPerMWh,2040,65.85531754249186
Niger,Niger,GenCostsPerMWh,2045,59.744005972619824
Niger,Niger,GenCostsPerMWh,2050,54.79082182625821
Nigeria,Nigeria,CapexInvestmentComponent,2026,1939180000.0
Nigeria,Nigeria,CapexInvestmentComponent,2027,971226000.0
Nigeria,Nigeria,CapexInvestmentComponent,2028,309132000.0
Nigeria,Nigeria,CapexInvestmentComponent,2030,2840000000.0
Nigeria,Nigeria,CapexInvestmentComponent,2031,2820600000.0
Nigeria,Nigeria,CapexInvestmentComponent,2032,2796700000.0
Nigeria,Nigeria,CapexInvestmentComponent,2033,2135388417.046875
Nigeria,Nigeria,CapexInvestmentComponent,2034,2077452330.1347616
Nigeria,Nigeria,CapexInvestmentComponent,2035,2139652190.562397
Nigeria,Nigeria,CapexInvestmentComponent,2040,6312788428.239898
Nigeria,Nigeria,CapexInvestmentComponent,2045,1638981327.0742676
Nigeria,Nigeria,CapexInvestmentComponent,2050,1749070926.443783
Nigeria,Nigeria,CapexInvestmentComponentCumulated,2026,1939180000.0
Nigeria,Nigeria,CapexInvestmentComponentCumulated,2027,2910406000.0
Nigeria,Nigeria,CapexInvestmentComponentCumulated,2028,3219538000.0
Nigeria,Nigeria,CapexInvestmentComponentCumulated,2030,6059538000.0
Nigeria,Nigeria,CapexInvestmentComponentCumulated,2031,8880138000.0
Nigeria,Nigeria,CapexInvestmentComponentCumulated,2032,11676838000.0
Nigeria,Nigeria,CapexInvestmentComponentCumulated,2033,13812226417.046877
Nigeria,Nigeria,CapexInvestmentComponentCumulated,2034,15889678747.181637
Nigeria,Nigeria,CapexInvestmentComponentCumulated,2035,18029330937.744038
Nigeria,Nigeria,CapexInvestmentComponentCumulated,2040,24342119365.98393
Nigeria,Nigeria,CapexInvestmentComponentCumulated,2045,25981100693.0582
Nigeria,Nigeria,CapexInvestmentComponentCumulated,2050,27730171619.501984
Nigeria,Nigeria,Costs,2026,000-256.9383360708534225.56842152.80128430032070015.396035391219852000-157.71002272000015000000000152.56851550875254
Nigeria,Nigeria,Costs,2027,000-799.249429760092257.99842196.29650542500080051.884669403117805000-54.63681369434604045.546836361242830000000145.03472243567595
Nigeria,Nigeria,Costs,2028,000-827.5661656816598266.51842382.470913512522700109.97648111705249000-124.191553201332680248.647503689610940000000157.73975814492496
Nigeria,Nigeria,Costs,2029,000-484.13308361062906266.51842417.5983425057600288.52835622996815000-137.485755665420580190.287548138793540000000160.6606601619653
Nigeria,Nigeria,Costs,2030,000-168.741639860604323.51842219.24789695945400286.4538531237477000-23.146940932413663000000000139.7940645612586
Nigeria,Nigeria,Costs,2031,000-130.7512417350913380.51842199.0439457506660091.93922577614116000-12.62622825339692000000000134.2795702792933
Nigeria,Nigeria,Costs,2032,000-409.31071076730535437.51842161.759459459458400179.39274707292344000-21.50899769111818000000000129.52803702861198
Nigeria,Nigeria,Costs,2033,000-285.26755600710885484.79246692495262141.402271959453600110.65207229504051000-79.77967698005523000000000125.56756947043063
Nigeria,Nigeria,Costs,2034,000-261.3683878566147530.68248710255942114.49973817566900107.57133592010472000-100.47582271497683000000000121.18725696566456
Nigeria,Nigeria,Costs,2035,000-286.85224741468454572.80190866303182103.03766891891200136.19355750714334000-104.98249143119332000000000118.20135906776645
Nigeria,Nigeria,Costs,2040,000-529.205587756028754.01839999999992275.81513233826900275.7678966201649000-257.024307137865550901.10729235809370000000117.19402987072445
Nigeria,Nigeria,Costs,2045,000-491.66980656187843799.76947351975582910.759666376450200258.7425354283912000-330.6114460262373304017.13692689933530000000147.72489132904434
Nigeria,Nigeria,Costs,2050,000-528.612741562557860.12589206764443608.1236117612600209.42596910718314000-1071.6509095181607551.8218992122820000000181.29795554088827
Nigeria,Nigeria,CostsPerMWh,2026,000-6.5111460022780495.71619170716215854.55473749197821000.3901552248739895000-3.99657365131117850000000003.866281283748843
Nigeria,Nigeria,CostsPerMWh,2027,000-18.776023297848786.06091639084656151.59555054949725001.2188782690862106000-1.283531834552818201.06998945362863800000003.4071658058820127
Nigeria,Nigeria,CostsPerMWh,2028,000-18.0225750553565.80418589693902451.88498833880443002.3950464234160824000-2.704619499479689305.41499699166861900000003.435225784078495
Nigeria,Nigeria,CostsPerMWh,2029,000-9.9583488220783375.48213556261894949.72865606869714005.934868146110351000-2.82800568548716303.914109250150253200000003.3047006082422357
Nigeria,Nigeria,CostsPerMWh,2030,000-3.27833702342619846.28536234065142743.115869626329854005.565266954703346000-0.44970212154200770000000002.7159393371132188
Nigeria,Nigeria,CostsPerMWh,2031,000-2.41941181233244247.04108580196191340.690955034803345001.7012369894747748000-0.233634842591904670000000002.484699756403577
Nigeria,Nigeria,CostsPerMWh,2032,000-7.2135858186597877.7107108185032638.098288097268146003.1615712518975427000-0.37906899730860820000000002.2827685336571197
Nigeria,Nigeria,CostsPerMWh,2033,000-4.7883007033094078.1373856278209435.944073516149494001.8573279170232115000-1.33912558701164080000000002.1076889696952867
Nigeria,Nigeria,CostsPerMWh,2034,000-4.17803071652771158.4830753635522433.80073974758676001.719551279241454000-1.60612795225205730000000001.937204748464264
Nigeria,Nigeria,CostsPerMWh,2035,000-4.3668716694002938.72000289230070932.01542152398524002.0733314561520775000-1.59819235075119170000000001.7994286983969328
Nigeria,Nigeria,CostsPerMWh,2040,000-6.5393052794217269.31727974530434728.12186842733876003.4076179541298273000-3.1760065416792465011.1348326823776600000001.4481471019607663
Nigeria,Nigeria,CostsPerMWh,2045,000-5.1106055984770288.31311236588347830.255558605127494002.6894697060435755000-3.4365028814711827041.75567056277386500000001.5355094955695834
Nigeria,Nigeria,CostsPerMWh,2050,000-4.7035581631244417.65333833798762332.10482444576742001.863457213786751000-9.535472732995716067.1955682254365500000001.6131761716931707
Nigeria,Nigeria,DemandEnergyZone,2026,39461.30773
Nigeria,Nigeria,DemandEnergyZone,2027,42567.556350000064
Nigeria,Nigeria,DemandEnergyZone,2028,45918.308740000015
Nigeria,Nigeria,DemandEnergyZone,2029,48615.79889000003
Nigeria,Nigeria,DemandEnergyZone,2030,51471.71833000003
Nigeria,Nigeria,DemandEnergyZone,2031,54042.57393
Nigeria,Nigeria,DemandEnergyZone,2032,56741.64293
Nigeria,Nigeria,DemandEnergyZone,2033,59575.94847999998
Nigeria,Nigeria,DemandEnergyZone,2034,62557.79470999997
Nigeria,Nigeria,DemandEnergyZone,2035,65688.27049000005
Nigeria,Nigeria,DemandEnergyZone,2040,80926.88216000001
Nigeria,Nigeria,DemandEnergyZone,2045,96205.78169999992
Nigeria,Nigeria,DemandEnergyZone,2050,112385.71379999995
Nigeria,Nigeria,DemandPeakZone,2026,5739.1326710554
Nigeria,Nigeria,DemandPeakZone,2027,6190.896030297799
Nigeria,Nigeria,DemandPeakZone,2028,6678.2192743916
Nigeria,Nigeria,DemandPeakZone,2029,7070.5340433377005
Nigeria,Nigeria,DemandPeakZone,2030,7485.8902884411
Nigeria,Nigeria,DemandPeakZone,2031,7859.7877134624
Nigeria,Nigeria,DemandPeakZone,2032,8252.332105531
Nigeria,Nigeria,DemandPeakZone,2033,8664.5448910391
Nigeria,Nigeria,DemandPeakZone,2034,9098.2155461651
Nigeria,Nigeria,DemandPeakZone,2035,9553.502433581
Nigeria,Nigeria,DemandPeakZone,2040,11769.7598029
Nigeria,Nigeria,DemandPeakZone,2045,13991.876517699
Nigeria,Nigeria,DemandPeakZone,2050,16345.036674092002
Nigeria,Nigeria,EmissionsIntensityZone,2026,4.647300396947797e-07
Nigeria,Nigeria,EmissionsIntensityZone,2027,4.382754858756821e-07
Nigeria,Nigeria,EmissionsIntensityZone,2028,4.440199506206584e-07
Nigeria,Nigeria,EmissionsIntensityZone,2029,4.455420916600325e-07
Nigeria,Nigeria,EmissionsIntensityZone,2030,3.988413848436794e-07
Nigeria,Nigeria,EmissionsIntensityZone,2031,3.662919465495709e-07
Nigeria,Nigeria,EmissionsIntensityZone,2032,3.3827168404046254e-07
Nigeria,Nigeria,EmissionsIntensityZone,2033,3.182350736008919e-07
Nigeria,Nigeria,EmissionsIntensityZone,2034,3.0015429305029894e-07
Nigeria,Nigeria,EmissionsIntensityZone,2035,2.8556200512477096e-07
Nigeria,Nigeria,EmissionsIntensityZone,2040,2.518388762599295e-07
Nigeria,Nigeria,EmissionsIntensityZone,2045,2.717171898116924e-07
Nigeria,Nigeria,EmissionsIntensityZone,2050,2.87469478166436e-07
Nigeria,Nigeria,EmissionsZone,2026,19.6070516970124
Nigeria,Nigeria,EmissionsZone,2027,20.00319278787081
Nigeria,Nigeria,EmissionsZone,2028,21.698812012298703
Nigeria,Nigeria,EmissionsZone,2029,22.01874182712931
Nigeria,Nigeria,EmissionsZone,2030,20.212227
Nigeria,Nigeria,EmissionsZone,2031,20.028215628990893
Nigeria,Nigeria,EmissionsZone,2032,19.68864
Nigeria,Nigeria,EmissionsZone,2033,19.503233
Nigeria,Nigeria,EmissionsZone,2034,19.258213
Nigeria,Nigeria,EmissionsZone,2035,19.15382
Nigeria,Nigeria,EmissionsZone,2040,20.72742397452697
Nigeria,Nigeria,EmissionsZone,2045,26.510303422997783
Nigeria,Nigeria,EmissionsZone,2050,32.86167966404094
Nigeria,Nigeria,GenCostsPerMWh,2026,64.71258774404346
Nigeria,Nigeria,GenCostsPerMWh,2027,63.56474373529224
Nigeria,Nigeria,GenCostsPerMWh,2028,64.28063067857059
Nigeria,Nigeria,GenCostsPerMWh,2029,64.33369413138368
Nigeria,Nigeria,GenCostsPerMWh,2030,65.37409778787664
Nigeria,Nigeria,GenCostsPerMWh,2031,66.53382750702761
Nigeria,Nigeria,GenCostsPerMWh,2032,67.76196906890506
Nigeria,Nigeria,GenCostsPerMWh,2033,68.38704136010962
Nigeria,Nigeria,GenCostsPerMWh,2034,68.93758985429935
Nigeria,Nigeria,GenCostsPerMWh,2035,69.61679087881926
Nigeria,Nigeria,GenCostsPerMWh,2040,69.21528832755803
Nigeria,Nigeria,GenCostsPerMWh,2045,67.46016584168198
Nigeria,Nigeria,GenCostsPerMWh,2050,66.12193306719624
Senegal,Senegal,CapexInvestmentComponent,2026,30701800.608
Senegal,Senegal,CapexInvestmentComponent,2027,1022738455.6634741
Senegal,Senegal,CapexInvestmentComponent,2028,628199224.875
Senegal,Senegal,CapexInvestmentComponent,2029,125550000.0
Senegal,Senegal,CapexInvestmentComponent,2030,912952689.3492754
Senegal,Senegal,CapexInvestmentComponent,2031,358839510.3103306
Senegal,Senegal,CapexInvestmentComponent,2032,1376711496.2545164
Senegal,Senegal,CapexInvestmentComponent,2033,14744774.825
Senegal,Senegal,CapexInvestmentComponent,2034,14236334.474999998
Senegal,Senegal,CapexInvestmentComponent,2035,244727893.85
Senegal,Senegal,CapexInvestmentComponent,2040,1678890833.5910287
Senegal,Senegal,CapexInvestmentComponent,2045,1489282130.5330348
Senegal,Senegal,CapexInvestmentComponent,2050,962610955.2968104
Senegal,Senegal,CapexInvestmentComponentCumulated,2026,30701800.608
Senegal,Senegal,CapexInvestmentComponentCumulated,2027,1053440256.2714741
Senegal,Senegal,CapexInvestmentComponentCumulated,2028,1681639481.1464741
Senegal,Senegal,CapexInvestmentComponentCumulated,2029,1597463960.0
Senegal,Senegal,CapexInvestmentComponentCumulated,2030,2720142170.4957495
Senegal,Senegal,CapexInvestmentComponentCumulated,2031,3078981680.80608
Senegal,Senegal,CapexInvestmentComponentCumulated,2032,4455693177.060597
Senegal,Senegal,CapexInvestmentComponentCumulated,2033,254931904.83550116
Senegal,Senegal,CapexInvestmentComponentCumulated,2034,269168239.3105011
Senegal,Senegal,CapexInvestmentComponentCumulated,2035,4729402180.210597
Senegal,Senegal,CapexInvestmentComponentCumulated,2040,6408293013.801624
Senegal,Senegal,CapexInvestmentComponentCumulated,2045,7897575144.33466
Senegal,Senegal,CapexInvestmentComponentCumulated,2050,8860186099.63147
Senegal,Senegal,Costs,2026,000-164.977804465412654.173992804.78552816230200664.7797021612936000-158.825289374999980044.9852027333663521.61274942848852264.34304843439287000033.24550215552215
Senegal,Senegal,Costs,2027,000-339.918178836058172.7424961.090655603671800121.6486772815404000-25.4596593923200170001.75881228264981838.612604757683883000034.230482613211386
Senegal,Senegal,Costs,2028,000-278.93969267283387.1344856.586642991648800145.5396604145142000-44.2578368361110250001.85554091628044027.32532549511787000030.466700746208875
Senegal,Senegal,Costs,2029,000-283.059916488589591.43039999999999782.440230026181100120.74424496112728000-21.3342534042210940000.78391879606290690000028.75885215820773
Senegal,Senegal,Costs,2030,000-213.03429097335984105.6135034215076551.513718733791700217.9779524915384000-35.0315699910541340002.73010423709951230000018.431874888881165
Senegal,Senegal,Costs,2031,000-158.6212240588201115.58674250596061446.533840270598200158.0700854425226000-37.199483176024480000.81434814139602130000017.384464388622295
Senegal,Senegal,Costs,2032,000-198.10707190063567127.19573486763555323.19646323801970065.15868179940072000-28.051407718780110000.71344435800376080000019.75649941873879
Senegal,Senegal,Costs,2033,000-185.73128314563965127.88942786763556330.47283805651790073.60473614152015000-24.1960355378409380000.4450454515796840000019.99171102947396
Senegal,Senegal,Costs,2034,000-179.532705977857128.58312086763556332.081681157855030095.02837092824879000-22.5929664146082630000.7651415341716860000020.205159041362418
Senegal,Senegal,Costs,2035,000-245.33592930999865129.12781386763555325.462818330230900191.80577144660415000-40.26049963733350003.22815997832112880000019.829302609605193
Senegal,Senegal,Costs,2040,000-155.72218826565518171.33553483480793281.08963784811300132.5604629818814000-28.25955326782420001.03937014544875740000017.260261388976335
Senegal,Senegal,Costs,2045,000-112.8693474764636210.99773296211737240.279343393857300309.1686735327802000-82.525196538317910100.5895433954374701.19383246146104740000014.525214669190555
Senegal,Senegal,Costs,2050,000-86.26946992682917248.72632256175132312.1730373707980600237.54212001145288000-116.882928600395890639.692717037340602.53722820188986550000018.587715430258136
Senegal,Senegal,CostsPerMWh,2026,000-15.9620875835952565.24149298664159677.86536575730580064.31939050273625000-15.366813661440796004.3524506119022962.09109704434306325.57596705142811200003.216600068637132
Senegal,Senegal,CostsPerMWh,2027,000-31.9522649062603146.83777620448522290.342397490870370011.434959952143714000-2.39320469447123730000.165328127398316040.809583734805657600003.2176609443826703
Senegal,Senegal,CostsPerMWh,2028,000-25.5243542501992387.97322629729551278.381892201163910013.317594976455492000-4.0498098170538210000.16979112301679950.670303323072438200002.787853013063789
Senegal,Senegal,CostsPerMWh,2029,000-24.801216386082948.01097224501416268.556048820985520010.579400233716377000-1.86927008838760540000.06868559819933924000002.519800486904441
Senegal,Senegal,CostsPerMWh,2030,000-18.2158502413751269.03065770774771647.158094880485380018.638566215633237000-2.99543247127802470000.23344208906052286000001.5760480207649212
Senegal,Senegal,CostsPerMWh,2031,000-13.205684688426739.62293718733418237.175259063309050013.159800773272089000-3.09696667838630720000.06779688434313422000001.4473079284030643
Senegal,Senegal,CostsPerMWh,2032,000-16.01022466645562810.27945278433664326.11945115437325005.265865193857078000-2.26700306798374340000.057657731998505000001.5966416104285126
Senegal,Senegal,CostsPerMWh,2033,000-14.58031864024436810.03960440830266525.942852486684206005.7781354233844855000-1.89944258176347810000.03493705736332536000001.5693937609037683
Senegal,Senegal,CostsPerMWh,2034,000-13.6832199557371319.80005908028809725.309854612865543007.242658625147545000-1.72193989512860960000.058315836394916394000001.5399513637237323
Senegal,Senegal,CostsPerMWh,2035,000-18.1538466139296489.55492549802234424.0829058308805380014.192835775425046000-2.9791108749212280000.2388705203371117000001.4672865855743074
Senegal,Senegal,CostsPerMWh,2040,000-9.93966805627884610.9362600247931117.94180858480837008.461266914505217000-1.80379290857199930000.0663424676240915000001.1017137036268412
Senegal,Senegal,CostsPerMWh,2045,000-6.21457271351820211.61750983059425713.2297517834850280017.02279002553894000-4.543827407983405.53844817593984900.06573227191780477000000.7997565748306408
Senegal,Senegal,CostsPerMWh,2050,000-4.09738021055840911.81329052762090214.8267008789772380011.282095305958618000-5.551370595015501030.38229262159877200.12050599862166482000000.8828260730943169
Senegal,Senegal,DemandEnergyZone,2026,10335.603259999996
Senegal,Senegal,DemandEnergyZone,2027,10638.31249000001
Senegal,Senegal,DemandEnergyZone,2028,10928.374130000004
Senegal,Senegal,DemandEnergyZone,2029,11413.146520000002
Senegal,Senegal,DemandEnergyZone,2030,11694.995739999988
Senegal,Senegal,DemandEnergyZone,2031,12011.58651
Senegal,Senegal,DemandEnergyZone,2032,12373.784630000007
Senegal,Senegal,DemandEnergyZone,2033,12738.492740000009
Senegal,Senegal,DemandEnergyZone,2034,13120.647520000008
Senegal,Senegal,DemandEnergyZone,2035,13514.26694999999
Senegal,Senegal,DemandEnergyZone,2040,15666.739310000012
Senegal,Senegal,DemandEnergyZone,2045,18162.04471
Senegal,Senegal,DemandEnergyZone,2050,21054.78757
Senegal,Senegal,DemandPeakZone,2026,2137.6434121216407
Senegal,Senegal,DemandPeakZone,2027,2200.250729242864
Senegal,Senegal,DemandPeakZone,2028,2260.242230817708
Senegal,Senegal,DemandPeakZone,2029,2360.5044484630066
Senegal,Senegal,DemandPeakZone,2030,2418.797429773184
Senegal,Senegal,DemandPeakZone,2031,2484.2757724435546
Senegal,Senegal,DemandPeakZone,2032,2559.186777338021
Senegal,Senegal,DemandPeakZone,2033,2634.616906384668
Senegal,Senegal,DemandPeakZone,2034,2713.65541316912
Senegal,Senegal,DemandPeakZone,2035,2795.0650766281465
Senegal,Senegal,DemandPeakZone,2040,3240.246479591431
Senegal,Senegal,DemandPeakZone,2045,3756.333738138284
Senegal,Senegal,DemandPeakZone,2050,4354.6203174072325
Senegal,Senegal,EmissionsIntensityZone,2026,4.872368233938628e-07
Senegal,Senegal,EmissionsIntensityZone,2027,4.1510396301062643e-07
Senegal,Senegal,EmissionsIntensityZone,2028,3.7907510518120746e-07
Senegal,Senegal,EmissionsIntensityZone,2029,3.746148988352227e-07
Senegal,Senegal,EmissionsIntensityZone,2030,2.7119023428003336e-07
Senegal,Senegal,EmissionsIntensityZone,2031,2.68890791019299e-07
Senegal,Senegal,EmissionsIntensityZone,2032,2.464565754870171e-07
Senegal,Senegal,EmissionsIntensityZone,2033,2.473319946249807e-07
Senegal,Senegal,EmissionsIntensityZone,2034,2.47472775492373e-07
Senegal,Senegal,EmissionsIntensityZone,2035,2.431473532435218e-07
Senegal,Senegal,EmissionsIntensityZone,2040,1.706300131251682e-07
Senegal,Senegal,EmissionsIntensityZone,2045,1.301160003068851e-07
Senegal,Senegal,EmissionsIntensityZone,2050,1.4394938449225336e-07
Senegal,Senegal,EmissionsZone,2026,4.383082434953979
Senegal,Senegal,EmissionsZone,2027,5.170313
Senegal,Senegal,EmissionsZone,2028,4.758058999999999
Senegal,Senegal,EmissionsZone,2029,4.780565999999999
Senegal,Senegal,EmissionsZone,2030,3.232823
Senegal,Senegal,EmissionsZone,2031,3.365575
Senegal,Senegal,EmissionsZone,2032,3.492432
Senegal,Senegal,EmissionsZone,2033,3.569868
Senegal,Senegal,EmissionsZone,2034,3.587078
Senegal,Senegal,EmissionsZone,2035,3.534706
Senegal,Senegal,EmissionsZone,2040,3.047211
Senegal,Senegal,EmissionsZone,2045,2.5862794779847915
Senegal,Senegal,EmissionsZone,2050,3.360117056791136
Senegal,Senegal,GenCostsPerMWh,2026,99.56381533187572
Senegal,Senegal,GenCostsPerMWh,2027,89.98719706557787
Senegal,Senegal,GenCostsPerMWh,2028,87.39068013991302
Senegal,Senegal,GenCostsPerMWh,2029,81.3920372349225
Senegal,Senegal,GenCostsPerMWh,2030,74.32681593375176
Senegal,Senegal,GenCostsPerMWh,2031,66.24242407302205
Senegal,Senegal,GenCostsPerMWh,2032,59.060157995194366
Senegal,Senegal,GenCostsPerMWh,2033,58.672764585376385
Senegal,Senegal,GenCostsPerMWh,2034,58.713444691206966
Senegal,Senegal,GenCostsPerMWh,2035,59.81185224988379
Senegal,Senegal,GenCostsPerMWh,2040,58.92491690448979
Senegal,Senegal,GenCostsPerMWh,2045,60.9976765009786
Senegal,Senegal,GenCostsPerMWh,2050,61.28175568727673
SierraLeone,SierraLeone,CapexInvestmentComponent,2027,51812623.476484045
SierraLeone,SierraLeone,CapexInvestmentComponent,2030,33084988.214616
SierraLeone,SierraLeone,CapexInvestmentComponent,2032,40833686.026255384
SierraLeone,SierraLeone,CapexInvestmentComponent,2033,26717989.728471868
SierraLeone,SierraLeone,CapexInvestmentComponent,2034,8446976.35138894
SierraLeone,SierraLeone,CapexInvestmentComponent,2035,122520797.89465445
SierraLeone,SierraLeone,CapexInvestmentComponent,2040,1084660340.4497654
SierraLeone,SierraLeone,CapexInvestmentComponent,2045,754814128.2588489
SierraLeone,SierraLeone,CapexInvestmentComponent,2050,519941176.0115231
SierraLeone,SierraLeone,CapexInvestmentComponentCumulated,2027,51812623.476484045
SierraLeone,SierraLeone,CapexInvestmentComponentCumulated,2030,84897611.69110005
SierraLeone,SierraLeone,CapexInvestmentComponentCumulated,2032,125731297.71735543
SierraLeone,SierraLeone,CapexInvestmentComponentCumulated,2033,152449287.4458273
SierraLeone,SierraLeone,CapexInvestmentComponentCumulated,2034,40011434.67187569
SierraLeone,SierraLeone,CapexInvestmentComponentCumulated,2035,283417061.6918707
SierraLeone,SierraLeone,CapexInvestmentComponentCumulated,2040,1368077402.1416361
SierraLeone,SierraLeone,CapexInvestmentComponentCumulated,2045,2122891530.4004853
SierraLeone,SierraLeone,CapexInvestmentComponentCumulated,2050,2642832706.412008
SierraLeone,SierraLeone,Costs,2026,000-26.4424185510401736.27999999999999980.322775069462180049.10504657807089000-0.89189100000000030000000005.63604449093487
SierraLeone,SierraLeone,Costs,2027,000-11.663513185801927.3358794043397652.556043956043940070.68281187695868000-0.147322864206839770000000003.7077992747252733
SierraLeone,SierraLeone,Costs,2028,000-17.096372544963347.3358794043397655.118761401695150066.79832212991866000-1.86294985882353830000000003.885765764006607
SierraLeone,SierraLeone,Costs,2029,000-20.953250480109617.3358794043397665.65471602013410069.42902542065559000-1.61386874552001650000000004.617429279175981
SierraLeone,SierraLeone,Costs,2030,000-1.36298588099286889.3894794043397617.3358241758241750099.15614016706843000-1.599673282726144e-150000000001.5430371788766784
SierraLeone,SierraLeone,Costs,2031,000-1.1237752506062429.3894794043397620.8338532684352840081.16946554644228000-4.821361519814150000000001.7859558658635613
SierraLeone,SierraLeone,Costs,2032,000-0.059905902860963158.25236220724354720.98120951685900118.60205222853449000-20.5077261813483070000.04887499999999965000001.7493947535319563
SierraLeone,SierraLeone,Costs,2033,00008.77517975766232524.58351715046062600123.21866732115132000-23.003835181964490000.025023274737214524000001.9937237775039116
SierraLeone,SierraLeone,Costs,2034,000-0.078615374400030048.88955740375129728.82980147225396200139.91682882202792000-25.573476487177870000.014860692799645121000002.2879821894435017
SierraLeone,SierraLeone,Costs,2035,000-1.042933717071795810.48789773096642939.39397858031481500148.03262501841672000-15.8532193527305750000.04214982307729743000002.9862192208373135
SierraLeone,SierraLeone,Costs,2040,000-61.29962748541285637.12355004741251529.4068395540893060050.8668584733734000-15.1167535168556350000.06530978815150841000002.4533682888125377
SierraLeone,SierraLeone,Costs,2045,000-98.7242444589864858.280357371983831.868494897959250028.029814262842745000-203.37063430941080000.021836700200579037000002.3352966187224604
SierraLeone,SierraLeone,Costs,2050,000-87.4418243227440572.6843065278770315.1036989795918350018.92677125921662000-298.517299303004960000.01071755161692767000001.4175115296109209
SierraLeone,SierraLeone,CostsPerMWh,2026,000-25.6555308128310036.09311637638535177.932486651665130047.64375214458746000-0.86534962707813850000000005.468324042317149
SierraLeone,SierraLeone,CostsPerMWh,2027,000-10.7598786296674626.76752971211615648.484247002942840065.20663756144266000-0.135908976394027080000000003.420536294997122
SierraLeone,SierraLeone,CostsPerMWh,2028,000-15.1508873958258166.50109153343486748.8465108723017850059.196993640539986000-1.65095510529339330000000003.4435842680769926
SierraLeone,SierraLeone,CostsPerMWh,2029,000-17.7311776967180676.2078092085768955.558703767019080058.75262113685954000-1.36569710428265670000000003.9073870246918294
SierraLeone,SierraLeone,CostsPerMWh,2030,000-1.10360681909059457.602641848932158614.036780601907970080.28651944902433000-1.2952521135784574e-150000000001.2493939786655248
SierraLeone,SierraLeone,CostsPerMWh,2031,000-0.87226667280467977.28804977238392316.1710945870674330063.00318467356718000-3.7423078760704680000000001.3862467428895666
SierraLeone,SierraLeone,CostsPerMWh,2032,000-0.04435717186705266.11044039492148115.5354826831999980087.81858486794319000-15.184893163863680000.036189368183530024000001.295334850821569
SierraLeone,SierraLeone,CostsPerMWh,2033,00006.21150323748866717.4014208923308940087.2202247841203000-16.2832444067781770000.017712702911533623000001.411255614200972
SierraLeone,SierraLeone,CostsPerMWh,2034,000-0.053951243317023586.100621896551718519.7849803029172370096.02049132924668000-17.5502675265690480000.010198423135575476000001.5701697632268166
SierraLeone,SierraLeone,CostsPerMWh,2035,000-0.69455688681685896.98456812550454526.2349933406073960098.58448096662794000-10.5576821416536180000.028070288089491083000001.9887161489042635
SierraLeone,SierraLeone,CostsPerMWh,2040,000-35.1997502907722921.31725338603185416.886128865808680029.20899832164354000-8.6804108088111070000.037502482947769776000001.4087842729232047
SierraLeone,SierraLeone,CostsPerMWh,2045,000-47.6867215144655628.15113133548363715.3934228579028290013.539226906007553000-98.234013900830720000.010547770175060575000001.1280171362258942
SierraLeone,SierraLeone,CostsPerMWh,2050,000-36.1562077172228330.0541406238783646.245209107130757007.826006357538952000-123.433534974595060000.004431586663281703000000.5861250231582812
SierraLeone,SierraLeone,DemandEnergyZone,2026,1030.6712709999993
SierraLeone,SierraLeone,DemandEnergyZone,2027,1083.9818540000006
SierraLeone,SierraLeone,DemandEnergyZone,2028,1128.4073400000002
SierraLeone,SierraLeone,DemandEnergyZone,2029,1181.7179230000006
SierraLeone,SierraLeone,DemandEnergyZone,2030,1235.0285059999997
SierraLeone,SierraLeone,DemandEnergyZone,2031,1288.3390889999996
SierraLeone,SierraLeone,DemandEnergyZone,2032,1350.5347689999994
SierraLeone,SierraLeone,DemandEnergyZone,2033,1412.7304490000013
SierraLeone,SierraLeone,DemandEnergyZone,2034,1457.155935000001
SierraLeone,SierraLeone,DemandEnergyZone,2035,1501.581421000001
SierraLeone,SierraLeone,DemandEnergyZone,2040,1741.479044
SierraLeone,SierraLeone,DemandEnergyZone,2045,2070.266970000001
SierraLeone,SierraLeone,DemandEnergyZone,2050,2418.4456790000013
SierraLeone,SierraLeone,DemandPeakZone,2026,172.109127242762
SierraLeone,SierraLeone,DemandPeakZone,2027,181.01132348671248
SierraLeone,SierraLeone,DemandPeakZone,2028,188.4298203808824
SierraLeone,SierraLeone,DemandPeakZone,2029,197.33201661999823
SierraLeone,SierraLeone,DemandPeakZone,2030,206.234212859114
SierraLeone,SierraLeone,DemandPeakZone,2031,215.13640909822988
SierraLeone,SierraLeone,DemandPeakZone,2032,225.5223046822917
SierraLeone,SierraLeone,DemandPeakZone,2033,235.90820026635345
SierraLeone,SierraLeone,DemandPeakZone,2034,243.326697165358
SierraLeone,SierraLeone,DemandPeakZone,2035,250.74519405952785
SierraLeone,SierraLeone,DemandPeakZone,2040,290.8050770508289
SierraLeone,SierraLeone,DemandPeakZone,2045,345.7085216179755
SierraLeone,SierraLeone,DemandPeakZone,2050,403.84998283016864
SierraLeone,SierraLeone,EmissionsIntensityZone,2026,6.375361657599777e-07
SierraLeone,SierraLeone,EmissionsIntensityZone,2027,5.351803372304151e-07
SierraLeone,SierraLeone,EmissionsIntensityZone,2028,5.420846520831086e-07
SierraLeone,SierraLeone,EmissionsIntensityZone,2029,5.661204872393744e-07
SierraLeone,SierraLeone,EmissionsIntensityZone,2030,2.591525550330154e-07
SierraLeone,SierraLeone,EmissionsIntensityZone,2031,2.9081335597333857e-07
SierraLeone,SierraLeone,EmissionsIntensityZone,2032,2.616515990936996e-07
SierraLeone,SierraLeone,EmissionsIntensityZone,2033,2.687439042854505e-07
SierraLeone,SierraLeone,EmissionsIntensityZone,2034,2.920671558129325e-07
SierraLeone,SierraLeone,EmissionsIntensityZone,2035,3.005956513750135e-07
SierraLeone,SierraLeone,EmissionsIntensityZone,2040,8.106953733509674e-08
SierraLeone,SierraLeone,EmissionsIntensityZone,2045,4.499808056113583e-08
SierraLeone,SierraLeone,EmissionsIntensityZone,2050,1.7783484794164396e-08
SierraLeone,SierraLeone,EmissionsZone,2026,0.5482029398490791
SierraLeone,SierraLeone,EmissionsZone,2027,0.358695
SierraLeone,SierraLeone,EmissionsZone,2028,0.3761855465665692
SierraLeone,SierraLeone,EmissionsZone,2029,0.4480934368374148
SierraLeone,SierraLeone,EmissionsZone,2030,0.1183169999999999
SierraLeone,SierraLeone,EmissionsZone,2031,0.1421910485570708
SierraLeone,SierraLeone,EmissionsZone,2032,0.1365808058808975
SierraLeone,SierraLeone,EmissionsZone,2033,0.1603421130895676
SierraLeone,SierraLeone,EmissionsZone,2034,0.189235
SierraLeone,SierraLeone,EmissionsZone,2035,0.2517937375304673
SierraLeone,SierraLeone,EmissionsZone,2040,0.190628
SierraLeone,SierraLeone,EmissionsZone,2045,0.166566
SierraLeone,SierraLeone,EmissionsZone,2050,0.078942
SierraLeone,SierraLeone,GenCostsPerMWh,2026,107.26973367372166
SierraLeone,SierraLeone,GenCostsPerMWh,2027,103.4086959708748
SierraLeone,SierraLeone,GenCostsPerMWh,2028,103.8221384699938
SierraLeone,SierraLeone,GenCostsPerMWh,2029,105.26144649221449
SierraLeone,SierraLeone,GenCostsPerMWh,2030,82.10663195578783
SierraLeone,SierraLeone,GenCostsPerMWh,2031,84.31871780227198
SierraLeone,SierraLeone,GenCostsPerMWh,2032,85.74955757300424
SierraLeone,SierraLeone,GenCostsPerMWh,2033,87.41937145261727
SierraLeone,SierraLeone,GenCostsPerMWh,2034,89.21616558872535
SierraLeone,SierraLeone,GenCostsPerMWh,2035,99.70522369028834
SierraLeone,SierraLeone,GenCostsPerMWh,2040,92.37375476622816
SierraLeone,SierraLeone,GenCostsPerMWh,2045,87.86123298028157
SierraLeone,SierraLeone,GenCostsPerMWh,2050,85.12710436363588
Togo,Togo,CapexInvestmentComponent,2026,168159200.0
Togo,Togo,CapexInvestmentComponent,2027,282105991.04011464
Togo,Togo,CapexInvestmentComponent,2028,122834513.39212832
Togo,Togo,CapexInvestmentComponent,2029,79540000.0
Togo,Togo,CapexInvestmentComponent,2030,82286738.63633047
Togo,Togo,CapexInvestmentComponent,2031,80952407.18063647
Togo,Togo,CapexInvestmentComponent,2032,78600478.97298601
Togo,Togo,CapexInvestmentComponent,2033,76087553.12859115
Togo,Togo,CapexInvestmentComponent,2034,74197065.29386668
Togo,Togo,CapexInvestmentComponent,2035,71910480.5128847
Togo,Togo,CapexInvestmentComponent,2040,719079595.9698787
Togo,Togo,CapexInvestmentComponent,2045,391660868.6099359
Togo,Togo,CapexInvestmentComponent,2050,313759373.60810244
Togo,Togo,CapexInvestmentComponentCumulated,2026,168159200.0
Togo,Togo,CapexInvestmentComponentCumulated,2027,450265191.04011464
Togo,Togo,CapexInvestmentComponentCumulated,2028,573099704.432243
Togo,Togo,CapexInvestmentComponentCumulated,2029,527495600.0
Togo,Togo,CapexInvestmentComponentCumulated,2030,734926443.0685735
Togo,Togo,CapexInvestmentComponentCumulated,2031,815878850.2492099
Togo,Togo,CapexInvestmentComponentCumulated,2032,894479329.2221959
Togo,Togo,CapexInvestmentComponentCumulated,2033,970566882.350787
Togo,Togo,CapexInvestmentComponentCumulated,2034,1044763947.6446538
Togo,Togo,CapexInvestmentComponentCumulated,2035,1116674428.1575384
Togo,Togo,CapexInvestmentComponentCumulated,2040,1835754024.127417
Togo,Togo,CapexInvestmentComponentCumulated,2045,2227414892.7373533
Togo,Togo,CapexInvestmentComponentCumulated,2050,2541174266.3454556
Togo,Togo,Costs,2026,000-73.5755661876634311.874440.8757860843269300459.0969401222809000-73.51880008.72711193854869747.6676343956519400002.7621263224044954
Togo,Togo,Costs,2027,000-179.3396726341738716.55758149737446.474965401383100584.3244976731761000-30.2374212270000803.744535602808784602.0596581800249934.51895237196896300003.218563782323632
Togo,Togo,Costs,2028,000-259.08682080811618.8154445591479946.74358041564618600821.0692750312154000-60.58957706554798507.54672394517328401.790015192389650814.24656758381907400003.232175568765625
Togo,Togo,Costs,2029,000-182.5017106870853420.08344455914799247.38656256155111600727.4509266240442000-75.59993160911942013.78691994995257102.963138024097365355.6157043768963200003.265792719117167
Togo,Togo,Costs,2030,000-128.7422884845097722.14978878865954238.3570270270270100355.56131212593505000-17.426668638664560001.836550017862157000002.717561572302703
Togo,Togo,Costs,2031,000-61.4176242205926524.1328205227802636.8515962837837400165.7071586368125000-0.80588299093096730000.18071839192223008000002.614626136867265
Togo,Togo,Costs,2032,000-162.6348559590697726.2397412277332635.3803125000000200424.4804710621566000-11.8483340983098380002.12831285701581000002.5140255362666672
Togo,Togo,Costs,2033,000-146.8947578862611228.31127752185397433.91704391891896400420.6707596754877000-24.759892376966750002.3139559059016173000002.413972983714114
Togo,Togo,Costs,2034,000-135.047621348845230.4005060214403132.3529814189189300433.85921146982656000-21.6531141871383960001.956215838491383000002.307028539269668
Togo,Togo,Costs,2035,000-120.6853570201018332.4720423155610331.66153458918919500462.1294929146929000-27.9929474224409060003.588573226178052000002.230604277407807
Togo,Togo,Costs,2040,000-1074.141727610441647.4588983843583843.3605354354893001774.089943365897000-791.411818615572055.1764245129679506.800531687042136501.973280314114600003.0596818053599577
Togo,Togo,Costs,2045,000-1090.944744000582758.768551727425243.43713452000009001771.079088219945000-762.6249528559339075.1662167808003508.990152271216925753.370301224324400003.064919349599999
Togo,Togo,Costs,2050,000-563.40060929253166.6377990540860002120.921091433341000-145.156469915320830008.908484502384211284.367212623590100000.09485886959999995
Togo,Togo,CostsPerMWh,2026,000-26.8417343529725624.33200187121875714.91224666550241400167.48709860544753000-26.8210249924002470003.183812676693433417.39003919343594300001.0076750317657193
Togo,Togo,CostsPerMWh,2027,000-61.982949402398555.72259177851459916.06256656232588800201.9528375505516000-10.45058531915163701.294177453294569100.71185414182806211.561829527786410300001.1123923286907098
Togo,Togo,CostsPerMWh,2028,000-80.154994445162225.821028832797046514.46129686132512800254.0183363011062000-18.7449025696315702.334767990196390500.5537860141061024.40753235530023800000.9999544320784768
Togo,Togo,CostsPerMWh,2029,000-54.55455125586256.003468687890193514.16508725518600200217.4541746114407000-22.5988037502886904.12127222390680600.885759725786801316.62499372546973200000.9762311575894053
Togo,Togo,CostsPerMWh,2030,000-37.280099236675736.41394784754031211.1071023423936700102.96042704237288000-5.0462668006111090000.5318125669892663000000.7869284155952455
Togo,Togo,CostsPerMWh,2031,000-17.2689370636282656.78548159529749210.3616495264159830046.59226939833862000-0.226592005595183080000.050813012973867575000000.7351605467562093
Togo,Togo,CostsPerMWh,2032,000-44.320452682718957.1507254864432179.64166910475019100115.6773344896205000-3.22884985310494740000.5799973733621471000000.6851098995119206
Togo,Togo,CostsPerMWh,2033,000-38.9364397086666547.5042865121063478.99017061362883800111.50446691900348000-6.5629439103286650000.6133452678305421000000.6398561452513594
Togo,Togo,CostsPerMWh,2034,000-34.799340052620917.8336629423417638.3367806916409100111.79770575818118000-5.5796175917089010000.5040815935894061000000.5944797090632576
Togo,Togo,CostsPerMWh,2035,000-30.2931813917415348.150793868569757.94734866046301500115.99893227317158000-7.0264981178805350000.900766276558736000000.5599030541663325
Togo,Togo,CostsPerMWh,2040,000-232.6188447164025810.2778188668287179.39026703834208800384.20139767480657000-171.3901417374486011.94914581183023501.4727403133441515108.7086010567132500000.6626124174004313
Togo,Togo,CostsPerMWh,2045,000-198.736647841554610.7058263335885777.91291268766851700322.6362499024248000-138.9268590589873013.69297761055063501.6377298078497697137.2409455859888400000.5583342335108187
Togo,Togo,CostsPerMWh,2050,000-87.8582471168617810.391682437066333000330.7422929494247000-22.636100838523950001.3892136783984506200.287770538934500000.014792554124157293
Togo,Togo,DemandEnergyZone,2026,2741.0883820000017
Togo,Togo,DemandEnergyZone,2027,2893.371070000001
Togo,Togo,DemandEnergyZone,2028,3232.3228590000017
Togo,Togo,DemandEnergyZone,2029,3345.3067890000007
Togo,Togo,DemandEnergyZone,2030,3453.378373999997
Togo,Togo,DemandEnergyZone,2031,3556.5376140000008
Togo,Togo,DemandEnergyZone,2032,3669.5215439999993
Togo,Togo,DemandEnergyZone,2033,3772.680783999996
Togo,Togo,DemandEnergyZone,2034,3880.752369
Togo,Togo,DemandEnergyZone,2035,3983.911608999999
Togo,Togo,DemandEnergyZone,2040,4617.604085000002
Togo,Togo,DemandEnergyZone,2045,5489.398939999997
Togo,Togo,DemandEnergyZone,2050,6412.609263000002
Togo,Togo,DemandPeakZone,2026,646.8836240526538
Togo,Togo,DemandPeakZone,2027,682.8216031911506
Togo,Togo,DemandPeakZone,2028,762.8125889209273
Togo,Togo,DemandPeakZone,2029,789.4762509150398
Togo,Togo,DemandPeakZone,2030,814.980623198102
Togo,Togo,DemandPeakZone,2031,839.3257057765966
Togo,Togo,DemandPeakZone,2032,865.9893677707087
Togo,Togo,DemandPeakZone,2033,890.3344503492029
Togo,Togo,DemandPeakZone,2034,915.8388226387484
Togo,Togo,DemandPeakZone,2035,940.183905217243
Togo,Togo,DemandPeakZone,2040,1089.7322700609557
Togo,Togo,DemandPeakZone,2045,1295.4716467794
Togo,Togo,DemandPeakZone,2050,1513.344825712153
Togo,Togo,EmissionsIntensityZone,2026,2.842993429095351e-07
Togo,Togo,EmissionsIntensityZone,2027,2.475095549500445e-07
Togo,Togo,EmissionsIntensityZone,2028,2.144457023941217e-07
Togo,Togo,EmissionsIntensityZone,2029,2.0752571355439237e-07
Togo,Togo,EmissionsIntensityZone,2030,1.75085877980787e-07
Togo,Togo,EmissionsIntensityZone,2031,1.604553324183285e-07
Togo,Togo,EmissionsIntensityZone,2032,1.409000947827118e-07
Togo,Togo,EmissionsIntensityZone,2033,1.2349782699783357e-07
Togo,Togo,EmissionsIntensityZone,2034,1.1277805014027513e-07
Togo,Togo,EmissionsIntensityZone,2035,1.0273009243040018e-07
Togo,Togo,EmissionsIntensityZone,2040,8.410317470370252e-08
Togo,Togo,EmissionsIntensityZone,2045,6.883352774747363e-08
Togo,Togo,EmissionsZone,2026,0.3497672019340822
Togo,Togo,EmissionsZone,2027,0.4114897853426959
Togo,Togo,EmissionsZone,2028,0.4128937464839109
Togo,Togo,EmissionsZone,2029,0.4162543998331752
Togo,Togo,EmissionsZone,2030,0.349344
Togo,Togo,EmissionsZone,2031,0.3356329999999999
Togo,Togo,EmissionsZone,2032,0.322233
Togo,Togo,EmissionsZone,2033,0.3089059999999999
Togo,Togo,EmissionsZone,2034,0.294661
Togo,Togo,EmissionsZone,2035,0.281846
Togo,Togo,EmissionsZone,2040,0.3949144150432265
Togo,Togo,EmissionsZone,2045,0.3956120559360012
Togo,Togo,GenCostsPerMWh,2026,60.17996956526982
Togo,Togo,GenCostsPerMWh,2027,69.60725290284253
Togo,Togo,GenCostsPerMWh,2028,68.60786289334189
Togo,Togo,GenCostsPerMWh,2029,71.19611934499326
Togo,Togo,GenCostsPerMWh,2030,72.36759997662953
Togo,Togo,GenCostsPerMWh,2031,73.49082678761536
Togo,Togo,GenCostsPerMWh,2032,71.25376842088426
Togo,Togo,GenCostsPerMWh,2033,68.71471989793747
Togo,Togo,GenCostsPerMWh,2034,69.08455415819049
Togo,Togo,GenCostsPerMWh,2035,69.16416019933565
Togo,Togo,GenCostsPerMWh,2040,63.807002822552406
Togo,Togo,GenCostsPerMWh,2045,61.796927406496025
Togo,Togo,GenCostsPerMWh,2050,63.859643339115784
