{
"type": "FeatureCollection",
"name": "zones",
"crs": { "type": "name", "properties": { "name": "urn:ogc:def:crs:OGC:1.3:CRS84" } },
"features": [
{ "type": "Feature", "properties": { "z": "Angola", "ISO_A3": "AGO", "c": "Angola" }, "geometry": { "type": "MultiPolygon", "coordinates": [ [ [ [ 11.7376, -16.6926 ], [ 11.7384, -16.7058 ], [ 11.7157, -16.685 ], [ 11.702, -16.6557 ], [ 11.6692, -16.5572 ], [ 11.6714, -16.5297 ], [ 11.6811, -16.5174 ], [ 11.702, -16.5004 ], [ 11.7196, -16.506 ], [ 11.7214, -16.5554 ], [ 11.7258, -16.5773 ], [ 11.7268, -16.6565 ], [ 11.7376, -16.6926 ] ] ], [ [ [ 21.4054, -18.0092 ], [ 21.3867, -18.0145 ], [ 21.3813, -18.0126 ], [ 21.3648, -17.992 ], [ 21.3349, -17.978 ], [ 21.278, -17.9585 ], [ 21.2326, -17.9345 ], [ 21.2164, -17.9306 ], [ 21.1758, -17.9332 ], [ 21.1614, -17.9306 ], [ 21.143, -17.9338 ], [ 21.1261, -17.9411 ], [ 21.1095, -17.9449 ], [ 21.093, -17.9381 ], [ 20.9083, -17.9861 ], [ 20.8946, -18.0126 ], [ 20.8615, -18.0188 ], [ 20.832, -18.0294 ], [ 20.806, -18.0314 ], [ 20.7844, -18.0126 ], [ 20.7546, -17.9979 ], [ 20.7376, -17.9934 ], [ 20.7301, -18.0023 ], [ 20.7225, -18.0065 ], [ 20.7063, -18.0037 ], [ 20.6898, -17.997 ], [ 20.6822, -17.9886 ], [ 20.6664, -17.9803 ], [ 20.63, -17.9768 ], [ 20.5908, -17.9787 ], [ 20.5656, -17.9851 ], [ 20.553, -17.9791 ], [ 20.5238, -17.9585 ], [ 20.4896, -17.9421 ], [ 20.4795, -17.9343 ], [ 20.4601, -17.9136 ], [ 20.4374, -17.8944 ], [ 20.4126, -17.8841 ], [ 20.3866, -17.8903 ], [ 20.3478, -17.8589 ], [ 20.3362, -17.8549 ], [ 20.3028, -17.8608 ], [ 20.2891, -17.8615 ], [ 20.2783, -17.8549 ], [ 20.2434, -17.8828 ], [ 20.22, -17.8734 ], [ 20.193, -17.8721 ], [ 20.1692, -17.8781 ], [ 20.1544, -17.8903 ], [ 20.1472, -17.8828 ], [ 20.1328, -17.8887 ], [ 20.1199, -17.8907 ], [ 20.0925, -17.8903 ], [ 20.0342, -17.8958 ], [ 20.0245, -17.8946 ], [ 19.9896, -17.8828 ], [ 19.9521, -17.8624 ], [ 19.7941, -17.8624 ], [ 19.7876, -17.8664 ], [ 19.7761, -17.885 ], [ 19.771, -17.8903 ], [ 19.7552, -17.8891 ], [ 19.7322, -17.882 ], [ 19.7113, -17.8729 ], [ 19.7023, -17.8656 ], [ 19.6933, -17.8478 ], [ 19.6728, -17.8426 ], [ 19.6497, -17.8449 ], [ 19.5928, -17.8572 ], [ 19.4211, -17.8593 ], [ 19.2624, -17.814 ], [ 19.2465, -17.804 ], [ 19.2019, -17.8071 ], [ 19.172, -17.8012 ], [ 19.1608, -17.801 ], [ 19.1392, -17.8053 ], [ 19.105, -17.8181 ], [ 19.0204, -17.8223 ], [ 18.8901, -17.7992 ], [ 18.8008, -17.7566 ], [ 18.762, -17.7477 ], [ 18.7483, -17.7363 ], [ 18.7281, -17.7108 ], [ 18.6709, -17.6531 ], [ 18.6612, -17.6467 ], [ 18.6428, -17.638 ], [ 18.6334, -17.6289 ], [ 18.628, -17.6198 ], [ 18.6198, -17.5947 ], [ 18.5676, -17.5532 ], [ 18.5542, -17.5464 ], [ 18.551, -17.5352 ], [ 18.5168, -17.4712 ], [ 18.4927, -17.4645 ], [ 18.4898, -17.4624 ], [ 18.488, -17.4521 ], [ 18.4718, -17.4143 ], [ 18.4585, -17.4053 ], [ 18.4534, -17.3898 ], [ 14.2076, -17.388 ], [ 14.1972, -17.4129 ], [ 14.1748, -17.4161 ], [ 14.1309, -17.4091 ], [ 14.1082, -17.4204 ], [ 14.0974, -17.4236 ], [ 14.0852, -17.4236 ], [ 14.069, -17.4186 ], [ 14.0474, -17.416 ], [ 14.029, -17.4104 ], [ 14.0179, -17.4091 ], [ 14.0089, -17.4114 ], [ 13.993, -17.4213 ], [ 13.9804, -17.4236 ], [ 13.9574, -17.4192 ], [ 13.9426, -17.4081 ], [ 13.8969, -17.349 ], [ 13.8843, -17.3384 ], [ 13.6942, -17.2365 ], [ 13.6064, -17.1673 ], [ 13.5214, -17.1219 ], [ 13.5308, -17.0933 ], [ 13.5222, -17.0768 ], [ 13.5078, -17.0635 ], [ 13.4948, -17.024 ], [ 13.4797, -17.0103 ], [ 13.4588, -17.0017 ], [ 13.435, -16.999 ], [ 13.4174, -16.9937 ], [ 13.3821, -16.9704 ], [ 13.3638, -16.9642 ], [ 13.3216, -16.975 ], [ 13.3152, -16.9744 ], [ 13.3083, -16.9701 ], [ 13.2932, -16.9738 ], [ 13.2676, -16.9854 ], [ 13.2676, -16.978 ], [ 13.2572, -16.9817 ], [ 13.223, -16.978 ], [ 13.2122, -16.9727 ], [ 13.2054, -16.9631 ], [ 13.1982, -16.9573 ], [ 13.1848, -16.9642 ], [ 13.1665, -16.9511 ], [ 13.1445, -16.9523 ], [ 13.1218, -16.9598 ], [ 13.0142, -16.978 ], [ 12.9616, -17.0073 ], [ 12.9303, -17.0142 ], [ 12.9109, -17.0235 ], [ 12.8871, -17.0298 ], [ 12.8824, -17.0395 ], [ 12.8806, -17.0508 ], [ 12.8763, -17.0598 ], [ 12.8677, -17.0655 ], [ 12.8425, -17.074 ], [ 12.8331, -17.0817 ], [ 12.8184, -17.1047 ], [ 12.7842, -17.1151 ], [ 12.7399, -17.1355 ], [ 12.7046, -17.1643 ], [ 12.6859, -17.1736 ], [ 12.6607, -17.177 ], [ 12.6362, -17.1852 ], [ 12.5916, -17.2225 ], [ 12.5671, -17.2345 ], [ 12.5545, -17.2355 ], [ 12.5192, -17.2278 ], [ 12.4605, -17.2231 ], [ 12.4418, -17.2169 ], [ 12.418, -17.2033 ], [ 12.4076, -17.2041 ], [ 12.3939, -17.2147 ], [ 12.3795, -17.2204 ], [ 12.3147, -17.2181 ], [ 12.2427, -17.2248 ], [ 12.2395, -17.2207 ], [ 12.2319, -17.2019 ], [ 12.2118, -17.1952 ], [ 12.2006, -17.1893 ], [ 12.1905, -17.1826 ], [ 12.1851, -17.177 ], [ 12.1812, -17.1691 ], [ 12.1772, -17.1547 ], [ 12.1707, -17.1491 ], [ 12.1614, -17.1462 ], [ 12.1513, -17.1535 ], [ 12.1398, -17.156 ], [ 12.1056, -17.1461 ], [ 12.0951, -17.1397 ], [ 12.0883, -17.1391 ], [ 12.0753, -17.143 ], [ 12.0289, -17.149 ], [ 11.9832, -17.1618 ], [ 11.9421, -17.1805 ], [ 11.895, -17.2145 ], [ 11.8539, -17.2334 ], [ 11.8356, -17.2454 ], [ 11.8298, -17.2534 ], [ 11.8276, -17.26 ], [ 11.8222, -17.2645 ], [ 11.8075, -17.2659 ], [ 11.797, -17.2637 ], [ 11.7794, -17.2549 ], [ 11.7661, -17.2527 ], [ 11.7661, -17.2453 ], [ 11.7582, -17.2391 ], [ 11.7528, -17.2291 ], [ 11.7506, -17.2168 ], [ 11.7585, -17.1651 ], [ 11.7592, -17.0329 ], [ 11.7722, -16.947 ], [ 11.7801, -16.8695 ], [ 11.7682, -16.7985 ], [ 11.7682, -16.7682 ], [ 11.7859, -16.7634 ], [ 11.7909, -16.8061 ], [ 11.8039, -16.824 ], [ 11.8204, -16.7815 ], [ 11.8176, -16.7046 ], [ 11.823, -16.679 ], [ 11.814, -16.5838 ], [ 11.8219, -16.4791 ], [ 11.779, -16.0999 ], [ 11.7798, -16.0803 ], [ 11.7844, -16.0641 ], [ 11.8071, -16.0187 ], [ 11.7844, -15.9726 ], [ 11.7366, -15.9002 ], [ 11.7355, -15.8571 ], [ 11.7517, -15.799 ], [ 11.7636, -15.7899 ], [ 11.7848, -15.7773 ], [ 11.805, -15.7691 ], [ 11.814, -15.775 ], [ 11.8183, -15.7923 ], [ 11.8298, -15.7978 ], [ 11.8442, -15.7935 ], [ 11.8946, -15.7467 ], [ 11.9032, -15.7314 ], [ 11.9065, -15.7179 ], [ 11.9076, -15.69 ], [ 11.9101, -15.6761 ], [ 11.9306, -15.6524 ], [ 11.9922, -15.6173 ], [ 12.0051, -15.5943 ], [ 12.0084, -15.5654 ], [ 12.0285, -15.4901 ], [ 12.0404, -15.4633 ], [ 12.03, -15.437 ], [ 12.0336, -15.4074 ], [ 12.0465, -15.3507 ], [ 12.0562, -15.2331 ], [ 12.0616, -15.2179 ], [ 12.0706, -15.2047 ], [ 12.1048, -15.1728 ], [ 12.1124, -15.171 ], [ 12.1279, -15.179 ], [ 12.1362, -15.179 ], [ 12.1452, -15.1687 ], [ 12.1498, -15.1519 ], [ 12.1491, -15.1342 ], [ 12.143, -15.1207 ], [ 12.1279, -15.1134 ], [ 12.1174, -15.1166 ], [ 12.1124, -15.1151 ], [ 12.1149, -15.094 ], [ 12.125, -15.0622 ], [ 12.1513, -15.0021 ], [ 12.1567, -14.967 ], [ 12.1606, -14.9536 ], [ 12.1905, -14.9221 ], [ 12.1963, -14.9085 ], [ 12.2053, -14.8535 ], [ 12.2053, -14.8404 ], [ 12.2078, -14.8332 ], [ 12.2154, -14.8241 ], [ 12.2287, -14.8258 ], [ 12.2355, -14.8231 ], [ 12.2442, -14.81 ], [ 12.2528, -14.7823 ], [ 12.2726, -14.7505 ], [ 12.2722, -14.7328 ], [ 12.2679, -14.7147 ], [ 12.2665, -14.696 ], [ 12.2686, -14.6835 ], [ 12.2766, -14.6608 ], [ 12.2928, -14.5875 ], [ 12.2989, -14.5075 ], [ 12.3039, -14.4941 ], [ 12.3198, -14.4687 ], [ 12.3313, -14.4335 ], [ 12.3421, -14.3671 ], [ 12.3453, -14.303 ], [ 12.3421, -14.2704 ], [ 12.3316, -14.2368 ], [ 12.3241, -14.2206 ], [ 12.3212, -14.2027 ], [ 12.3151, -14.188 ], [ 12.3144, -14.1822 ], [ 12.3154, -14.1749 ], [ 12.3237, -14.1775 ], [ 12.3324, -14.1734 ], [ 12.3442, -14.1714 ], [ 12.3489, -14.1685 ], [ 12.3554, -14.1518 ], [ 12.3558, -14.1423 ], [ 12.355, -14.1337 ], [ 12.3471, -14.1198 ], [ 12.3349, -14.1064 ], [ 12.3288, -14.0922 ], [ 12.3446, -14.0667 ], [ 12.3496, -14.0454 ], [ 12.3698, -14.022 ], [ 12.3774, -13.9925 ], [ 12.3831, -13.9773 ], [ 12.4, -13.9515 ], [ 12.4029, -13.9414 ], [ 12.404, -13.9063 ], [ 12.4072, -13.8906 ], [ 12.4155, -13.8786 ], [ 12.4393, -13.8713 ], [ 12.4504, -13.8625 ], [ 12.4584, -13.8638 ], [ 12.4785, -13.878 ], [ 12.4857, -13.8771 ], [ 12.5023, -13.8552 ], [ 12.5091, -13.8196 ], [ 12.5163, -13.7151 ], [ 12.5127, -13.6168 ], [ 12.516, -13.6049 ], [ 12.53, -13.5788 ], [ 12.534, -13.5652 ], [ 12.5235, -13.5511 ], [ 12.5221, -13.5441 ], [ 12.5264, -13.5363 ], [ 12.5271, -13.5045 ], [ 12.5246, -13.4893 ], [ 12.5149, -13.4575 ], [ 12.5127, -13.4421 ], [ 12.5152, -13.4259 ], [ 12.5221, -13.4106 ], [ 12.5329, -13.399 ], [ 12.5473, -13.3946 ], [ 12.5682, -13.3923 ], [ 12.5754, -13.3858 ], [ 12.5808, -13.3753 ], [ 12.5948, -13.3604 ], [ 12.611, -13.3519 ], [ 12.6243, -13.3492 ], [ 12.6344, -13.3433 ], [ 12.6423, -13.3256 ], [ 12.6434, -13.3163 ], [ 12.6362, -13.2945 ], [ 12.6384, -13.288 ], [ 12.6477, -13.2781 ], [ 12.6564, -13.2556 ], [ 12.6852, -13.2407 ], [ 12.6916, -13.2294 ], [ 12.6942, -13.2184 ], [ 12.6999, -13.2178 ], [ 12.7122, -13.2226 ], [ 12.732, -13.209 ], [ 12.7496, -13.2014 ], [ 12.7615, -13.1929 ], [ 12.827, -13.1098 ], [ 12.8558, -13.0895 ], [ 12.8659, -13.0787 ], [ 12.8832, -13.052 ], [ 12.9447, -12.9823 ], [ 12.9588, -12.9555 ], [ 12.9588, -12.9291 ], [ 12.9494, -12.9022 ], [ 12.935, -12.8738 ], [ 12.9274, -12.842 ], [ 12.9393, -12.8167 ], [ 12.9858, -12.7701 ], [ 13.0095, -12.7565 ], [ 13.075, -12.6949 ], [ 13.101, -12.6813 ], [ 13.1092, -12.6745 ], [ 13.1265, -12.6444 ], [ 13.133, -12.6367 ], [ 13.1618, -12.6112 ], [ 13.1787, -12.6018 ], [ 13.1982, -12.5993 ], [ 13.1989, -12.6036 ], [ 13.2212, -12.6072 ], [ 13.2327, -12.6131 ], [ 13.2644, -12.5826 ], [ 13.277, -12.5783 ], [ 13.2943, -12.5812 ], [ 13.3116, -12.5945 ], [ 13.3285, -12.5993 ], [ 13.3641, -12.5928 ], [ 13.3929, -12.5704 ], [ 13.4376, -12.5236 ], [ 13.4599, -12.5073 ], [ 13.4692, -12.4949 ], [ 13.4728, -12.4791 ], [ 13.475, -12.4378 ], [ 13.479, -12.4192 ], [ 13.4865, -12.4009 ], [ 13.5056, -12.3714 ], [ 13.5686, -12.3114 ], [ 13.5754, -12.3114 ], [ 13.5754, -12.3183 ], [ 13.565, -12.322 ], [ 13.5582, -12.3283 ], [ 13.5567, -12.3366 ], [ 13.5618, -12.3462 ], [ 13.5776, -12.331 ], [ 13.5974, -12.2988 ], [ 13.6302, -12.2635 ], [ 13.6399, -12.2487 ], [ 13.6636, -12.1696 ], [ 13.6935, -12.1103 ], [ 13.705, -12.078 ], [ 13.7151, -12.0085 ], [ 13.7227, -11.9927 ], [ 13.7371, -11.9777 ], [ 13.749, -11.9612 ], [ 13.7587, -11.9425 ], [ 13.7666, -11.9204 ], [ 13.7824, -11.8208 ], [ 13.7922, -11.7909 ], [ 13.7947, -11.7702 ], [ 13.7778, -11.5892 ], [ 13.7821, -11.4811 ], [ 13.786, -11.4582 ], [ 13.7947, -11.4406 ], [ 13.7868, -11.4316 ], [ 13.7875, -11.4203 ], [ 13.7947, -11.396 ], [ 13.7954, -11.3323 ], [ 13.8001, -11.3214 ], [ 13.8192, -11.2956 ], [ 13.8217, -11.2836 ], [ 13.8217, -11.2563 ], [ 13.8465, -11.1138 ], [ 13.8483, -10.9821 ], [ 13.8433, -10.9457 ], [ 13.8285, -10.9137 ], [ 13.7392, -10.7833 ], [ 13.7313, -10.7643 ], [ 13.731, -10.7471 ], [ 13.7396, -10.7302 ], [ 13.7698, -10.6943 ], [ 13.7716, -10.6779 ], [ 13.7652, -10.6621 ], [ 13.7529, -10.6462 ], [ 13.7115, -10.612 ], [ 13.705, -10.602 ], [ 13.7007, -10.591 ], [ 13.606, -10.4782 ], [ 13.5423, -10.4267 ], [ 13.5276, -10.4065 ], [ 13.5225, -10.3878 ], [ 13.5207, -10.3202 ], [ 13.5175, -10.2985 ], [ 13.5088, -10.277 ], [ 13.4552, -10.2017 ], [ 13.4426, -10.1794 ], [ 13.4311, -10.1306 ], [ 13.4152, -10.11 ], [ 13.3767, -10.0708 ], [ 13.3173, -9.9763 ], [ 13.3198, -9.9616 ], [ 13.3292, -9.9476 ], [ 13.3353, -9.9267 ], [ 13.327, -9.886 ], [ 13.3054, -9.8425 ], [ 13.2781, -9.8018 ], [ 13.1985, -9.7087 ], [ 13.1913, -9.69 ], [ 13.196, -9.6728 ], [ 13.2187, -9.6492 ], [ 13.2255, -9.6313 ], [ 13.2237, -9.6141 ], [ 13.218, -9.5943 ], [ 13.2097, -9.5774 ], [ 13.2014, -9.5705 ], [ 13.2025, -9.559 ], [ 13.1701, -9.4665 ], [ 13.1683, -9.4474 ], [ 13.1708, -9.4025 ], [ 13.1665, -9.3872 ], [ 13.1478, -9.3521 ], [ 13.1434, -9.3302 ], [ 13.1208, -9.313 ], [ 13.0455, -9.1891 ], [ 13.0167, -9.1229 ], [ 12.9962, -9.0938 ], [ 12.9922, -9.038 ], [ 13.0304, -8.9596 ], [ 13.0866, -8.8923 ], [ 13.1366, -8.871 ], [ 13.1146, -8.9029 ], [ 13.043, -8.9626 ], [ 13.007, -9.0456 ], [ 13.0002, -9.0721 ], [ 13.0131, -9.0838 ], [ 13.0236, -9.0749 ], [ 13.0797, -8.9806 ], [ 13.0819, -8.9705 ], [ 13.0869, -8.9597 ], [ 13.0988, -8.9564 ], [ 13.1229, -8.9543 ], [ 13.1373, -8.9408 ], [ 13.1481, -8.9081 ], [ 13.1604, -8.888 ], [ 13.1856, -8.8615 ], [ 13.1913, -8.8505 ], [ 13.1906, -8.816 ], [ 13.1946, -8.8062 ], [ 13.2241, -8.7738 ], [ 13.2417, -8.7607 ], [ 13.2594, -8.7548 ], [ 13.2097, -8.8043 ], [ 13.1982, -8.8232 ], [ 13.2122, -8.8149 ], [ 13.2453, -8.8 ], [ 13.2637, -8.7883 ], [ 13.2716, -8.7866 ], [ 13.2781, -8.7826 ], [ 13.281, -8.7648 ], [ 13.2831, -8.7595 ], [ 13.2871, -8.7561 ], [ 13.2943, -8.7548 ], [ 13.3562, -8.7637 ], [ 13.3803, -8.7551 ], [ 13.3933, -8.7043 ], [ 13.408, -8.6669 ], [ 13.4109, -8.6519 ], [ 13.4062, -8.6372 ], [ 13.3767, -8.5967 ], [ 13.3656, -8.5669 ], [ 13.3522, -8.4998 ], [ 13.3422, -8.4674 ], [ 13.3555, -8.4646 ], [ 13.3648, -8.466 ], [ 13.3724, -8.4644 ], [ 13.38, -8.4538 ], [ 13.3825, -8.4441 ], [ 13.3836, -8.3688 ], [ 13.3789, -8.3471 ], [ 13.3695, -8.3235 ], [ 13.277, -8.1789 ], [ 13.2648, -8.1698 ], [ 13.2507, -8.1244 ], [ 13.2424, -8.1072 ], [ 13.2345, -8.0959 ], [ 13.2226, -8.0696 ], [ 13.2154, -8.0592 ], [ 13.1982, -8.0217 ], [ 13.1892, -7.9757 ], [ 13.1229, -7.8574 ], [ 12.9865, -7.5507 ], [ 12.9393, -7.4359 ], [ 12.9116, -7.3352 ], [ 12.8839, -7.3058 ], [ 12.85, -7.2659 ], [ 12.8551, -7.2313 ], [ 12.85, -7.2051 ], [ 12.8331, -7.0059 ], [ 12.8234, -6.9753 ], [ 12.8198, -6.9541 ], [ 12.8151, -6.9469 ], [ 12.8274, -6.9292 ], [ 12.8299, -6.9189 ], [ 12.8328, -6.9159 ], [ 12.8335, -6.9123 ], [ 12.8288, -6.9046 ], [ 12.7996, -6.9233 ], [ 12.7795, -6.9147 ], [ 12.7068, -6.8143 ], [ 12.6204, -6.7348 ], [ 12.5505, -6.6327 ], [ 12.4584, -6.4658 ], [ 12.422, -6.3811 ], [ 12.3957, -6.3244 ], [ 12.319, -6.2202 ], [ 12.2794, -6.1477 ], [ 12.2751, -6.1148 ], [ 12.2902, -6.0966 ], [ 12.3126, -6.0906 ], [ 12.3338, -6.0784 ], [ 12.327, -6.0939 ], [ 12.3248, -6.1224 ], [ 12.3468, -6.1202 ], [ 12.382, -6.1102 ], [ 12.4328, -6.109 ], [ 12.4969, -6.0946 ], [ 12.5278, -6.0748 ], [ 12.5498, -6.0671 ], [ 12.5808, -6.0627 ], [ 12.633, -6.0343 ], [ 12.6456, -6.029 ], [ 12.6697, -6.0298 ], [ 12.7161, -6.0451 ], [ 12.7424, -6.0494 ], [ 12.8173, -6.0318 ], [ 12.8616, -6.0163 ], [ 12.8824, -6.001 ], [ 12.9274, -5.9813 ], [ 12.966, -5.9319 ], [ 12.9728, -5.9133 ], [ 12.9858, -5.9011 ], [ 13.03, -5.8934 ], [ 13.0462, -5.8857 ], [ 13.1006, -5.8912 ], [ 13.1118, -5.8902 ], [ 13.129, -5.8837 ], [ 13.1697, -5.8618 ], [ 13.1838, -5.8565 ], [ 13.2694, -5.8636 ], [ 13.3108, -5.8739 ], [ 13.3425, -5.8907 ], [ 13.3537, -5.8827 ], [ 13.3738, -5.8609 ], [ 13.3803, -5.8565 ], [ 13.4934, -5.8585 ], [ 13.5225, -5.8676 ], [ 13.5348, -5.8671 ], [ 13.5531, -5.8595 ], [ 13.5625, -5.8575 ], [ 13.6417, -5.8658 ], [ 13.9437, -5.8416 ], [ 13.9822, -5.8533 ], [ 14.0064, -5.8669 ], [ 14.0211, -5.8725 ], [ 14.1403, -5.8636 ], [ 14.163, -5.8662 ], [ 14.2224, -5.8869 ], [ 14.2418, -5.8897 ], [ 14.4366, -5.8934 ], [ 14.4823, -5.8855 ], [ 14.5456, -5.9017 ], [ 14.5766, -5.9047 ], [ 14.7037, -5.8814 ], [ 16.3158, -5.8546 ], [ 16.3413, -5.8599 ], [ 16.3586, -5.8702 ], [ 16.3744, -5.8829 ], [ 16.396, -5.8941 ], [ 16.4126, -5.8968 ], [ 16.4274, -5.8947 ], [ 16.4594, -5.8852 ], [ 16.4792, -5.8822 ], [ 16.4972, -5.8829 ], [ 16.5152, -5.8871 ], [ 16.553, -5.9024 ], [ 16.5973, -5.9247 ], [ 16.594, -5.9332 ], [ 16.5807, -5.9491 ], [ 16.5807, -5.9555 ], [ 16.5904, -5.9681 ], [ 16.5955, -5.9785 ], [ 16.5973, -5.9878 ], [ 16.6012, -6.0507 ], [ 16.6041, -6.0618 ], [ 16.6102, -6.0612 ], [ 16.6196, -6.0567 ], [ 16.6282, -6.0554 ], [ 16.6322, -6.0653 ], [ 16.611, -6.0897 ], [ 16.6311, -6.0917 ], [ 16.643, -6.1007 ], [ 16.6603, -6.1239 ], [ 16.6718, -6.1302 ], [ 16.6851, -6.1344 ], [ 16.6959, -6.141 ], [ 16.7002, -6.1544 ], [ 16.7179, -6.1742 ], [ 16.7269, -6.1892 ], [ 16.7244, -6.2025 ], [ 16.7172, -6.2151 ], [ 16.7146, -6.2315 ], [ 16.7154, -6.3048 ], [ 16.7222, -6.3324 ], [ 16.7211, -6.3425 ], [ 16.7154, -6.346 ], [ 16.706, -6.3467 ], [ 16.6974, -6.3499 ], [ 16.6938, -6.3599 ], [ 16.693, -6.3984 ], [ 16.7002, -6.4113 ], [ 16.7071, -6.4154 ], [ 16.7136, -6.414 ], [ 16.719, -6.4153 ], [ 16.7211, -6.4283 ], [ 16.7154, -6.4413 ], [ 16.706, -6.4552 ], [ 16.706, -6.4651 ], [ 16.728, -6.466 ], [ 16.7211, -6.4805 ], [ 16.7218, -6.4919 ], [ 16.728, -6.5012 ], [ 16.7384, -6.5106 ], [ 16.7474, -6.522 ], [ 16.7467, -6.5316 ], [ 16.7344, -6.5524 ], [ 16.7308, -6.5698 ], [ 16.7341, -6.586 ], [ 16.7488, -6.6195 ], [ 16.7532, -6.6373 ], [ 16.756, -6.6742 ], [ 16.7604, -6.6921 ], [ 16.7683, -6.7084 ], [ 16.823, -6.7851 ], [ 16.827, -6.7998 ], [ 16.8284, -6.8144 ], [ 16.8331, -6.8279 ], [ 16.8446, -6.8385 ], [ 16.8554, -6.8422 ], [ 16.8907, -6.8472 ], [ 16.9148, -6.8641 ], [ 16.927, -6.8885 ], [ 16.9346, -6.9458 ], [ 16.9285, -6.9592 ], [ 16.9288, -6.9687 ], [ 16.9375, -6.973 ], [ 16.949, -6.9754 ], [ 16.9551, -6.9816 ], [ 16.9731, -7.0148 ], [ 16.9692, -7.0304 ], [ 16.9623, -7.0474 ], [ 16.9612, -7.0693 ], [ 16.9292, -7.0607 ], [ 16.927, -7.0857 ], [ 16.9476, -7.1511 ], [ 16.9458, -7.2047 ], [ 16.9508, -7.2133 ], [ 16.9605, -7.2191 ], [ 16.9728, -7.2323 ], [ 16.989, -7.2549 ], [ 16.9915, -7.2706 ], [ 16.9915, -7.2861 ], [ 16.9962, -7.298 ], [ 17.0228, -7.306 ], [ 17.0566, -7.3299 ], [ 17.0826, -7.3423 ], [ 17.0934, -7.3524 ], [ 17.0977, -7.3674 ], [ 17.098, -7.4023 ], [ 17.1042, -7.4162 ], [ 17.1182, -7.4255 ], [ 17.1261, -7.4115 ], [ 17.1322, -7.4096 ], [ 17.1463, -7.418 ], [ 17.1675, -7.4236 ], [ 17.1765, -7.4282 ], [ 17.1801, -7.4355 ], [ 17.1751, -7.4416 ], [ 17.1517, -7.4512 ], [ 17.1463, -7.4631 ], [ 17.1484, -7.4727 ], [ 17.1729, -7.4939 ], [ 17.1862, -7.5164 ], [ 17.2028, -7.5643 ], [ 17.2179, -7.586 ], [ 17.2665, -7.6104 ], [ 17.2863, -7.6253 ], [ 17.2827, -7.644 ], [ 17.2874, -7.6602 ], [ 17.2867, -7.6836 ], [ 17.2888, -7.6995 ], [ 17.304, -7.6925 ], [ 17.3061, -7.7001 ], [ 17.3083, -7.7024 ], [ 17.304, -7.7067 ], [ 17.3205, -7.7137 ], [ 17.3205, -7.7224 ], [ 17.3104, -7.7409 ], [ 17.3158, -7.7536 ], [ 17.3342, -7.7696 ], [ 17.3378, -7.7787 ], [ 17.3425, -7.7841 ], [ 17.3655, -7.7874 ], [ 17.3752, -7.7923 ], [ 17.377, -7.8017 ], [ 17.376, -7.8142 ], [ 17.381, -7.8232 ], [ 17.4001, -7.8235 ], [ 17.4001, -7.8302 ], [ 17.3907, -7.8392 ], [ 17.3976, -7.8413 ], [ 17.4109, -7.8415 ], [ 17.4206, -7.8439 ], [ 17.4235, -7.8551 ], [ 17.4231, -7.868 ], [ 17.4264, -7.8755 ], [ 17.4408, -7.8711 ], [ 17.4523, -7.884 ], [ 17.4487, -7.8929 ], [ 17.4393, -7.9022 ], [ 17.4343, -7.9158 ], [ 17.4379, -7.9225 ], [ 17.4469, -7.9289 ], [ 17.4685, -7.9395 ], [ 17.4634, -7.947 ], [ 17.4631, -7.9498 ], [ 17.4685, -7.96 ], [ 17.471, -7.9555 ], [ 17.4818, -7.9457 ], [ 17.4908, -7.9776 ], [ 17.4962, -7.9872 ], [ 17.5063, -7.9965 ], [ 17.5282, -8.0078 ], [ 17.5365, -8.0151 ], [ 17.5401, -8.0321 ], [ 17.5282, -8.0606 ], [ 17.5365, -8.076 ], [ 17.5444, -8.0848 ], [ 17.6002, -8.0985 ], [ 17.6283, -8.0981 ], [ 17.7133, -8.0683 ], [ 17.7435, -8.0707 ], [ 17.7774, -8.0833 ], [ 17.7896, -8.0818 ], [ 17.8519, -8.0478 ], [ 17.8681, -8.0446 ], [ 17.9012, -8.0481 ], [ 17.9307, -8.0622 ], [ 17.9818, -8.1054 ], [ 18.0085, -8.1112 ], [ 18.0981, -8.1092 ], [ 18.0916, -8.0842 ], [ 18.0927, -8.0564 ], [ 18.1021, -8.0334 ], [ 18.1204, -8.0225 ], [ 18.1359, -8.0185 ], [ 18.1766, -7.9992 ], [ 18.1928, -7.9969 ], [ 18.3163, -8.0018 ], [ 18.3537, -8.0159 ], [ 18.3667, -8.0168 ], [ 18.3818, -8.0124 ], [ 18.4038, -8.0006 ], [ 18.4207, -7.9983 ], [ 18.5078, -7.9976 ], [ 18.5024, -7.9601 ], [ 18.5042, -7.9407 ], [ 18.5164, -7.9322 ], [ 18.7386, -7.9324 ], [ 18.7472, -7.9378 ], [ 18.7522, -7.966 ], [ 18.7584, -7.9783 ], [ 18.7738, -8.0021 ], [ 19.3556, -8.0021 ], [ 19.334, -7.9243 ], [ 19.3311, -7.8987 ], [ 19.334, -7.8674 ], [ 19.3779, -7.7302 ], [ 19.3815, -7.704 ], [ 19.3808, -7.6798 ], [ 19.3732, -7.6539 ], [ 19.3617, -7.6271 ], [ 19.3538, -7.6004 ], [ 19.3556, -7.5742 ], [ 19.4247, -7.5797 ], [ 19.4438, -7.5753 ], [ 19.4582, -7.5603 ], [ 19.4686, -7.5211 ], [ 19.483, -7.5029 ], [ 19.5133, -7.4794 ], [ 19.5136, -7.4485 ], [ 19.4874, -7.382 ], [ 19.4794, -7.3476 ], [ 19.4762, -7.316 ], [ 19.4874, -7.1539 ], [ 19.4971, -7.1218 ], [ 19.5086, -7.1032 ], [ 19.5363, -7.0684 ], [ 19.5424, -7.0523 ], [ 19.5403, -7.0417 ], [ 19.5219, -7.002 ], [ 20.2941, -7.002 ], [ 20.2941, -6.9876 ], [ 20.2988, -6.9545 ], [ 20.3031, -6.9402 ], [ 20.3114, -6.925 ], [ 20.3197, -6.9186 ], [ 20.3312, -6.9169 ], [ 20.6116, -6.916 ], [ 20.5245, -7.1431 ], [ 20.5184, -7.1898 ], [ 20.5206, -7.2864 ], [ 21.7849, -7.2834 ], [ 21.7845, -7.287 ], [ 21.7881, -7.2918 ], [ 21.8025, -7.299 ], [ 21.809, -7.3064 ], [ 21.8313, -7.3542 ], [ 21.8425, -7.37 ], [ 21.84, -7.3781 ], [ 21.8328, -7.3908 ], [ 21.8385, -7.402 ], [ 21.8515, -7.4165 ], [ 21.854, -7.4289 ], [ 21.8529, -7.4351 ], [ 21.8479, -7.4441 ], [ 21.8468, -7.4491 ], [ 21.849, -7.4548 ], [ 21.8587, -7.4641 ], [ 21.8608, -7.4698 ], [ 21.859, -7.4827 ], [ 21.85, -7.5029 ], [ 21.8468, -7.5143 ], [ 21.8461, -7.5268 ], [ 21.8515, -7.5385 ], [ 21.854, -7.5484 ], [ 21.854, -7.586 ], [ 21.8508, -7.5936 ], [ 21.8364, -7.6084 ], [ 21.8328, -7.6142 ], [ 21.831, -7.6328 ], [ 21.7705, -7.8067 ], [ 21.7647, -7.8506 ], [ 21.7723, -7.8883 ], [ 21.7687, -7.8999 ], [ 21.7543, -7.9196 ], [ 21.751, -7.9292 ], [ 21.7539, -7.9973 ], [ 21.7586, -8.0151 ], [ 21.7683, -8.0232 ], [ 21.7996, -8.0408 ], [ 21.8065, -8.0524 ], [ 21.8086, -8.0768 ], [ 21.8151, -8.0968 ], [ 21.8259, -8.1144 ], [ 21.8511, -8.1434 ], [ 21.8572, -8.1569 ], [ 21.8601, -8.1738 ], [ 21.8626, -8.2164 ], [ 21.8731, -8.2641 ], [ 21.8814, -8.2821 ], [ 21.9105, -8.3106 ], [ 21.9206, -8.3291 ], [ 21.9051, -8.3374 ], [ 21.8997, -8.3488 ], [ 21.9116, -8.3743 ], [ 21.9361, -8.4131 ], [ 21.944, -8.456 ], [ 21.94, -8.4999 ], [ 21.9163, -8.5769 ], [ 21.9285, -8.5825 ], [ 21.9361, -8.5832 ], [ 21.9177, -8.6153 ], [ 21.9069, -8.6455 ], [ 21.885, -8.7823 ], [ 21.8778, -8.7893 ], [ 21.8702, -8.8223 ], [ 21.8598, -8.8464 ], [ 21.8518, -8.9259 ], [ 21.854, -8.9779 ], [ 21.8396, -9.0924 ], [ 21.8518, -9.193 ], [ 21.8515, -9.2338 ], [ 21.841, -9.2758 ], [ 21.8101, -9.3381 ], [ 21.8036, -9.373 ], [ 21.7932, -9.3936 ], [ 21.7921, -9.4062 ], [ 21.796, -9.4171 ], [ 21.8133, -9.4374 ], [ 21.8198, -9.4477 ], [ 21.832, -9.4885 ], [ 21.8436, -9.5762 ], [ 21.854, -9.6179 ], [ 21.8788, -9.6571 ], [ 21.9422, -9.7229 ], [ 21.9566, -9.7618 ], [ 21.9843, -9.7488 ], [ 21.9861, -9.7811 ], [ 21.9984, -9.8092 ], [ 22.056, -9.8753 ], [ 22.0657, -9.881 ], [ 22.0729, -9.8789 ], [ 22.0801, -9.8716 ], [ 22.0909, -9.8772 ], [ 22.1074, -9.8913 ], [ 22.1463, -9.9157 ], [ 22.16, -9.9316 ], [ 22.1676, -9.9537 ], [ 22.1755, -9.9889 ], [ 22.196, -10.0436 ], [ 22.205, -10.0858 ], [ 22.2097, -10.0983 ], [ 22.2028, -10.1306 ], [ 22.2212, -10.1763 ], [ 22.2457, -10.2212 ], [ 22.2633, -10.2683 ], [ 22.2871, -10.3092 ], [ 22.2954, -10.3393 ], [ 22.3101, -10.357 ], [ 22.3134, -10.3686 ], [ 22.3058, -10.4098 ], [ 22.3011, -10.4248 ], [ 22.2788, -10.4609 ], [ 22.272, -10.4818 ], [ 22.2741, -10.503 ], [ 22.2964, -10.5297 ], [ 22.3058, -10.5506 ], [ 22.3094, -10.593 ], [ 22.3076, -10.6336 ], [ 22.3101, -10.6688 ], [ 22.3263, -10.6946 ], [ 22.3195, -10.7039 ], [ 22.3224, -10.7422 ], [ 22.3195, -10.7613 ], [ 22.3098, -10.7697 ], [ 22.2907, -10.7727 ], [ 22.2658, -10.7799 ], [ 22.2241, -10.7971 ], [ 22.2061, -10.8099 ], [ 22.1827, -10.8304 ], [ 22.1654, -10.8523 ], [ 22.1658, -10.8688 ], [ 22.1748, -10.8844 ], [ 22.196, -10.9542 ], [ 22.196, -10.9923 ], [ 22.1992, -10.9974 ], [ 22.214, -11.0079 ], [ 22.2172, -11.0127 ], [ 22.2205, -11.03 ], [ 22.2374, -11.0594 ], [ 22.2439, -11.0783 ], [ 22.2554, -11.1666 ], [ 22.2522, -11.2086 ], [ 22.2378, -11.2496 ], [ 22.263, -11.2483 ], [ 22.2817, -11.2367 ], [ 22.3256, -11.1903 ], [ 22.3404, -11.1802 ], [ 22.4404, -11.147 ], [ 22.4692, -11.1225 ], [ 22.5009, -11.0425 ], [ 22.5376, -11.0372 ], [ 22.651, -11.0823 ], [ 22.6888, -11.093 ], [ 22.7277, -11.0967 ], [ 22.7641, -11.0904 ], [ 22.7853, -11.0785 ], [ 22.8069, -11.0631 ], [ 22.8292, -11.0521 ], [ 22.853, -11.0531 ], [ 22.8735, -11.0637 ], [ 22.9113, -11.0883 ], [ 22.9311, -11.0967 ], [ 22.9696, -11.1024 ], [ 23.0143, -11.1024 ], [ 23.1968, -11.0718 ], [ 23.3732, -10.9751 ], [ 23.4153, -10.9632 ], [ 23.456, -10.9611 ], [ 23.4949, -10.9644 ], [ 23.6418, -11.0046 ], [ 23.6749, -11.007 ], [ 23.7141, -11.0038 ], [ 23.7523, -11.0083 ], [ 23.7937, -11.0212 ], [ 23.8336, -11.0285 ], [ 23.8675, -11.0164 ], [ 23.874, -11.0069 ], [ 23.8819, -10.9845 ], [ 23.8876, -10.9744 ], [ 23.8974, -10.9665 ], [ 23.9186, -10.954 ], [ 23.928, -10.9453 ], [ 23.9362, -10.9253 ], [ 23.9406, -10.9015 ], [ 23.9485, -10.8815 ], [ 23.9676, -10.8723 ], [ 23.9744, -10.9214 ], [ 23.9805, -10.9383 ], [ 24.0, -10.9678 ], [ 24.0036, -10.9825 ], [ 23.9974, -11.0017 ], [ 23.9938, -11.0196 ], [ 23.9946, -11.075 ], [ 23.9902, -11.1135 ], [ 23.9956, -11.1273 ], [ 24.0154, -11.1305 ], [ 24.0111, -11.2729 ], [ 24.0169, -11.2985 ], [ 24.0612, -11.395 ], [ 24.0619, -11.407 ], [ 24.0522, -11.4204 ], [ 24.0208, -11.4446 ], [ 24.01, -11.4595 ], [ 24.0075, -11.4705 ], [ 24.0072, -11.4831 ], [ 24.0097, -11.5072 ], [ 24.0097, -11.5235 ], [ 24.0054, -11.5352 ], [ 23.9776, -11.5773 ], [ 23.96, -11.6172 ], [ 23.9546, -11.6369 ], [ 23.9546, -11.6623 ], [ 23.9622, -11.6816 ], [ 23.9726, -11.7006 ], [ 23.9812, -11.7248 ], [ 23.9856, -11.7995 ], [ 23.9902, -11.8241 ], [ 23.9884, -11.8341 ], [ 23.9672, -11.8829 ], [ 23.9542, -12.1518 ], [ 23.9596, -12.1966 ], [ 23.9812, -12.2277 ], [ 24.0068, -12.2537 ], [ 24.0169, -12.2789 ], [ 24.0208, -12.34 ], [ 24.0309, -12.3851 ], [ 24.028, -12.4021 ], [ 24.0198, -12.4192 ], [ 23.9409, -12.5328 ], [ 23.9287, -12.5616 ], [ 23.8916, -12.7051 ], [ 23.8722, -12.7502 ], [ 23.8657, -12.7897 ], [ 23.8747, -12.8217 ], [ 23.8952, -12.8498 ], [ 23.9496, -12.9046 ], [ 23.9719, -12.9333 ], [ 23.9888, -12.9651 ], [ 24.0007, -13.0015 ], [ 21.98, -13.0015 ], [ 21.9807, -16.0013 ], [ 21.9814, -16.1442 ], [ 21.984, -16.1658 ], [ 22.0102, -16.1982 ], [ 22.0452, -16.2523 ], [ 22.0117, -16.2523 ], [ 22.0225, -16.2663 ], [ 22.0322, -16.3064 ], [ 22.052, -16.3268 ], [ 22.0538, -16.3366 ], [ 22.0542, -16.3586 ], [ 22.056, -16.3646 ], [ 22.0891, -16.3719 ], [ 22.1056, -16.3793 ], [ 22.1035, -16.3919 ], [ 22.0941, -16.4047 ], [ 22.0858, -16.4223 ], [ 22.0808, -16.441 ], [ 22.0801, -16.4578 ], [ 22.0844, -16.4701 ], [ 22.1017, -16.498 ], [ 22.1074, -16.5123 ], [ 22.1067, -16.5259 ], [ 22.1038, -16.5366 ], [ 22.1082, -16.5439 ], [ 22.1272, -16.5463 ], [ 22.138, -16.5526 ], [ 22.1452, -16.584 ], [ 22.1517, -16.5977 ], [ 22.2378, -16.6654 ], [ 22.2514, -16.67 ], [ 22.259, -16.6691 ], [ 22.2838, -16.6613 ], [ 22.2907, -16.6564 ], [ 22.3069, -16.6691 ], [ 22.3335, -16.6736 ], [ 22.3436, -16.6832 ], [ 22.3501, -16.6963 ], [ 22.3782, -16.7348 ], [ 22.3836, -16.7375 ], [ 22.3998, -16.7404 ], [ 22.4088, -16.7458 ], [ 22.4167, -16.7544 ], [ 22.489, -16.8653 ], [ 22.4998, -16.8935 ], [ 22.5085, -16.9061 ], [ 22.5229, -16.9147 ], [ 22.5546, -16.9241 ], [ 22.5672, -16.9369 ], [ 22.5693, -16.9449 ], [ 22.5693, -16.9624 ], [ 22.5733, -16.9709 ], [ 22.5794, -16.9754 ], [ 22.592, -16.9754 ], [ 22.6518, -16.9987 ], [ 22.6658, -17.0086 ], [ 22.7104, -17.0554 ], [ 22.7306, -17.0816 ], [ 22.7446, -17.1082 ], [ 22.7558, -17.1548 ], [ 22.7652, -17.1696 ], [ 22.7781, -17.1803 ], [ 22.8094, -17.1963 ], [ 22.849, -17.231 ], [ 22.876, -17.248 ], [ 22.9365, -17.2733 ], [ 22.984, -17.2858 ], [ 22.9988, -17.2938 ], [ 23.0402, -17.337 ], [ 23.0463, -17.3485 ], [ 23.0542, -17.3752 ], [ 23.073, -17.405 ], [ 23.0978, -17.4322 ], [ 23.1216, -17.4508 ], [ 23.1658, -17.4674 ], [ 23.1763, -17.4781 ], [ 23.1792, -17.4941 ], [ 23.177, -17.5097 ], [ 23.1774, -17.524 ], [ 23.1896, -17.5365 ], [ 23.2069, -17.5412 ], [ 23.2584, -17.5328 ], [ 23.2908, -17.5354 ], [ 23.3055, -17.5395 ], [ 23.3203, -17.5464 ], [ 23.3404, -17.5607 ], [ 23.3595, -17.5829 ], [ 23.3822, -17.601 ], [ 23.375, -17.6154 ], [ 23.3761, -17.6282 ], [ 23.3815, -17.6411 ], [ 22.4815, -17.8113 ], [ 21.4054, -18.0092 ] ] ], [ [ [ 12.1473, -5.6179 ], [ 12.1704, -5.5547 ], [ 12.1822, -5.5432 ], [ 12.2049, -5.5399 ], [ 12.2186, -5.5342 ], [ 12.2283, -5.5237 ], [ 12.2323, -5.511 ], [ 12.2323, -5.4797 ], [ 12.2294, -5.4669 ], [ 12.2143, -5.4313 ], [ 12.1963, -5.3961 ], [ 12.1714, -5.3291 ], [ 12.1722, -5.3021 ], [ 12.1322, -5.2325 ], [ 12.1246, -5.1849 ], [ 12.0699, -5.1198 ], [ 12.0231, -5.0461 ], [ 12.0231, -5.0353 ], [ 12.0678, -5.0463 ], [ 12.0742, -5.0522 ], [ 12.0807, -5.0755 ], [ 12.1005, -5.0801 ], [ 12.1167, -5.0697 ], [ 12.1272, -5.0534 ], [ 12.1286, -5.0398 ], [ 12.1376, -5.0346 ], [ 12.1372, -5.015 ], [ 12.1326, -5.006 ], [ 12.1232, -5.0027 ], [ 12.1128, -5.0021 ], [ 12.1052, -5.0131 ], [ 12.103, -5.0274 ], [ 12.1038, -5.0489 ], [ 12.098, -5.0541 ], [ 12.0908, -5.0508 ], [ 12.0861, -5.0307 ], [ 12.0796, -5.0203 ], [ 12.0717, -5.0177 ], [ 12.0667, -5.0267 ], [ 12.0566, -5.0274 ], [ 12.0451, -5.021 ], [ 12.0307, -5.0229 ], [ 12.0094, -5.0197 ], [ 12.0181, -5.0087 ], [ 12.1308, -4.913 ], [ 12.157, -4.8706 ], [ 12.1876, -4.7681 ], [ 12.1923, -4.7636 ], [ 12.2042, -4.7636 ], [ 12.2136, -4.7691 ], [ 12.2226, -4.7807 ], [ 12.2352, -4.8041 ], [ 12.2442, -4.7963 ], [ 12.2586, -4.7908 ], [ 12.2737, -4.7872 ], [ 12.3075, -4.7837 ], [ 12.3219, -4.7782 ], [ 12.3324, -4.7659 ], [ 12.3741, -4.6833 ], [ 12.3788, -4.6624 ], [ 12.3777, -4.6195 ], [ 12.3871, -4.6054 ], [ 12.4141, -4.6089 ], [ 12.4292, -4.6076 ], [ 12.4972, -4.5854 ], [ 12.6081, -4.5651 ], [ 12.624, -4.5593 ], [ 12.6348, -4.5478 ], [ 12.6567, -4.5074 ], [ 12.6704, -4.4914 ], [ 12.687, -4.4784 ], [ 12.705, -4.468 ], [ 12.7186, -4.4519 ], [ 12.7266, -4.428 ], [ 12.7381, -4.4049 ], [ 12.7618, -4.3912 ], [ 12.7755, -4.3962 ], [ 12.8011, -4.4101 ], [ 12.8148, -4.413 ], [ 12.8302, -4.4098 ], [ 12.8425, -4.4044 ], [ 12.8544, -4.4031 ], [ 12.8698, -4.4121 ], [ 12.8846, -4.4321 ], [ 12.9026, -4.4802 ], [ 12.922, -4.5024 ], [ 12.9616, -4.5339 ], [ 13.0272, -4.6122 ], [ 13.0736, -4.6353 ], [ 13.0653, -4.664 ], [ 13.0297, -4.677 ], [ 12.8331, -4.7226 ], [ 12.8029, -4.7398 ], [ 12.7863, -4.7584 ], [ 12.7748, -4.7796 ], [ 12.7683, -4.8019 ], [ 12.7662, -4.8252 ], [ 12.7568, -4.8373 ], [ 12.7118, -4.8633 ], [ 12.697, -4.8756 ], [ 12.6884, -4.8971 ], [ 12.6862, -4.9128 ], [ 12.679, -4.9243 ], [ 12.6546, -4.9326 ], [ 12.6157, -4.9354 ], [ 12.607, -4.9423 ], [ 12.6038, -4.9626 ], [ 12.5876, -5.0004 ], [ 12.5505, -5.0242 ], [ 12.4666, -5.0532 ], [ 12.458, -5.0542 ], [ 12.4508, -5.0532 ], [ 12.4443, -5.0551 ], [ 12.4393, -5.0648 ], [ 12.4389, -5.0734 ], [ 12.4407, -5.0841 ], [ 12.4447, -5.0936 ], [ 12.4504, -5.0989 ], [ 12.512, -5.1206 ], [ 12.5242, -5.1292 ], [ 12.5307, -5.1627 ], [ 12.5091, -5.7262 ], [ 12.3446, -5.7247 ], [ 12.2589, -5.7367 ], [ 12.2107, -5.7634 ], [ 12.1617, -5.6813 ], [ 12.1473, -5.6179 ] ] ] ] } },
{ "type": "Feature", "properties": { "z": "Cameroon", "ISO_A3": "CMR", "c": "Cameroon" }, "geometry": { "type": "Polygon", "coordinates": [ [ [ 11.3222, 2.1658 ], [ 11.3283, 2.1764 ], [ 11.3323, 2.1881 ], [ 11.3359, 2.2292 ], [ 11.3499, 2.2512 ], [ 11.356, 2.2652 ], [ 11.3542, 2.2785 ], [ 11.3499, 2.2916 ], [ 11.3517, 2.3006 ], [ 11.6185, 2.3105 ], [ 11.6448, 2.3198 ], [ 11.6574, 2.3226 ], [ 11.671, 2.3211 ], [ 11.6811, 2.3155 ], [ 11.7013, 2.2987 ], [ 11.7528, 2.282 ], [ 11.7682, 2.2803 ], [ 11.8021, 2.2848 ], [ 11.8899, 2.2821 ], [ 11.9662, 2.2889 ], [ 12.0418, 2.284 ], [ 12.1009, 2.2886 ], [ 12.1189, 2.2879 ], [ 12.1592, 2.2814 ], [ 12.2028, 2.2795 ], [ 12.2226, 2.2834 ], [ 12.2611, 2.2963 ], [ 12.2913, 2.3019 ], [ 12.3122, 2.313 ], [ 12.3216, 2.3142 ], [ 12.3342, 2.3096 ], [ 12.3669, 2.2896 ], [ 12.3849, 2.286 ], [ 12.44, 2.2986 ], [ 12.4785, 2.296 ], [ 12.5516, 2.2724 ], [ 12.575, 2.2777 ], [ 12.5908, 2.2658 ], [ 12.6146, 2.2569 ], [ 12.75, 2.2368 ], [ 12.7701, 2.2408 ], [ 12.7957, 2.2588 ], [ 12.8083, 2.2641 ], [ 12.8252, 2.2594 ], [ 12.8482, 2.2494 ], [ 12.8677, 2.2451 ], [ 12.8763, 2.2572 ], [ 12.8904, 2.2515 ], [ 12.9033, 2.2504 ], [ 12.9145, 2.2546 ], [ 12.9249, 2.2641 ], [ 12.9548, 2.2534 ], [ 12.9721, 2.2504 ], [ 12.9832, 2.2535 ], [ 12.9969, 2.2601 ], [ 13.0128, 2.2564 ], [ 13.0408, 2.2442 ], [ 13.0837, 2.2496 ], [ 13.093, 2.2535 ], [ 13.1132, 2.2728 ], [ 13.1247, 2.2811 ], [ 13.1334, 2.2846 ], [ 13.164, 2.2833 ], [ 13.1917, 2.2777 ], [ 13.2057, 2.267 ], [ 13.2122, 2.2641 ], [ 13.2216, 2.264 ], [ 13.2428, 2.2715 ], [ 13.2543, 2.267 ], [ 13.2698, 2.2558 ], [ 13.2846, 2.2423 ], [ 13.2943, 2.2306 ], [ 13.2982, 2.2159 ], [ 13.2943, 2.1858 ], [ 13.2946, 2.1611 ], [ 14.267, 2.1525 ], [ 14.2764, 2.1536 ], [ 14.3203, 2.1708 ], [ 14.3836, 2.1622 ], [ 14.3995, 2.1532 ], [ 14.4186, 2.1353 ], [ 14.433, 2.1322 ], [ 14.4387, 2.134 ], [ 14.4592, 2.1466 ], [ 14.5381, 2.1635 ], [ 14.5471, 2.1666 ], [ 14.5503, 2.1752 ], [ 14.5478, 2.1937 ], [ 14.5622, 2.2089 ], [ 14.5878, 2.2018 ], [ 14.6209, 2.1649 ], [ 14.645, 2.1542 ], [ 14.6364, 2.1384 ], [ 14.6461, 2.1334 ], [ 14.672, 2.1344 ], [ 14.686, 2.126 ], [ 14.7058, 2.1055 ], [ 14.7206, 2.0997 ], [ 14.7138, 2.124 ], [ 14.721, 2.1277 ], [ 14.748, 2.1133 ], [ 14.7336, 2.1021 ], [ 14.7274, 2.0997 ], [ 14.7372, 2.0961 ], [ 14.7613, 2.0997 ], [ 14.7627, 2.0927 ], [ 14.7616, 2.0702 ], [ 14.7649, 2.0655 ], [ 14.8264, 2.0723 ], [ 14.8412, 2.0759 ], [ 14.8484, 2.0852 ], [ 14.8502, 2.1098 ], [ 14.857, 2.116 ], [ 14.8714, 2.1017 ], [ 14.8848, 2.0822 ], [ 14.8876, 2.0723 ], [ 14.9074, 2.059 ], [ 14.8966, 2.031 ], [ 14.8923, 2.0065 ], [ 14.9323, 2.0034 ], [ 14.9539, 2.0059 ], [ 14.9629, 2.0105 ], [ 14.9712, 2.0346 ], [ 14.9809, 2.0331 ], [ 15.0284, 1.9953 ], [ 15.0435, 1.9909 ], [ 15.063, 1.9972 ], [ 15.0748, 1.9795 ], [ 15.0918, 1.9845 ], [ 15.1076, 2.0009 ], [ 15.1177, 2.0171 ], [ 15.1238, 2.0171 ], [ 15.1386, 2.0115 ], [ 15.1515, 2.041 ], [ 15.1836, 2.0294 ], [ 15.2127, 2.0397 ], [ 15.2336, 2.0314 ], [ 15.2386, 2.0254 ], [ 15.244, 2.0101 ], [ 15.248, 2.0034 ], [ 15.2876, 1.9879 ], [ 15.2955, 1.9816 ], [ 15.3013, 1.9739 ], [ 15.3034, 1.9664 ], [ 15.3002, 1.9477 ], [ 15.3016, 1.9437 ], [ 15.3096, 1.9351 ], [ 15.3142, 1.9344 ], [ 15.3376, 1.9238 ], [ 15.3373, 1.9215 ], [ 15.3492, 1.9234 ], [ 15.3679, 1.9329 ], [ 15.388, 1.9397 ], [ 15.4392, 1.9699 ], [ 15.4831, 1.9759 ], [ 15.5266, 1.9679 ], [ 15.612, 1.9425 ], [ 15.7066, 1.9321 ], [ 15.711, 1.9275 ], [ 15.7214, 1.9216 ], [ 15.734, 1.9168 ], [ 15.7574, 1.9131 ], [ 15.7646, 1.9088 ], [ 15.8028, 1.86 ], [ 15.8154, 1.8535 ], [ 15.842, 1.8442 ], [ 15.8658, 1.8285 ], [ 15.8755, 1.8238 ], [ 15.8823, 1.8167 ], [ 15.8848, 1.8017 ], [ 15.8899, 1.7933 ], [ 15.9018, 1.7938 ], [ 15.9259, 1.8049 ], [ 15.9291, 1.789 ], [ 15.9439, 1.7817 ], [ 15.9633, 1.7774 ], [ 15.9806, 1.7707 ], [ 15.9907, 1.7762 ], [ 16.0029, 1.776 ], [ 16.0137, 1.7714 ], [ 16.022, 1.7638 ], [ 16.0263, 1.7523 ], [ 16.022, 1.7332 ], [ 16.022, 1.7229 ], [ 16.0306, 1.7054 ], [ 16.0699, 1.6546 ], [ 16.1149, 1.7191 ], [ 16.1235, 1.7217 ], [ 16.1451, 1.7144 ], [ 16.1559, 1.7191 ], [ 16.1592, 1.7349 ], [ 16.135, 1.8454 ], [ 16.1012, 1.9328 ], [ 16.0836, 1.963 ], [ 16.0749, 1.9707 ], [ 16.0688, 1.9737 ], [ 16.0648, 1.979 ], [ 16.0638, 2.0159 ], [ 16.0663, 2.0255 ], [ 16.0818, 2.0469 ], [ 16.0814, 2.0557 ], [ 16.0756, 2.0755 ], [ 16.0767, 2.0859 ], [ 16.0796, 2.0904 ], [ 16.0904, 2.0928 ], [ 16.0926, 2.107 ], [ 16.0857, 2.125 ], [ 16.0836, 2.1379 ], [ 16.0857, 2.1492 ], [ 16.0976, 2.1716 ], [ 16.1044, 2.1937 ], [ 16.1203, 2.2034 ], [ 16.1408, 2.1998 ], [ 16.1592, 2.1821 ], [ 16.1995, 2.2123 ], [ 16.2078, 2.2232 ], [ 16.2024, 2.232 ], [ 16.1966, 2.2365 ], [ 16.1797, 2.2471 ], [ 16.1811, 2.2567 ], [ 16.1869, 2.2694 ], [ 16.1865, 2.2777 ], [ 16.1692, 2.29 ], [ 16.166, 2.2949 ], [ 16.1646, 2.3149 ], [ 16.1592, 2.3329 ], [ 16.1523, 2.3434 ], [ 16.1332, 2.3648 ], [ 16.121, 2.3896 ], [ 16.1131, 2.4105 ], [ 16.1116, 2.4186 ], [ 16.1116, 2.456 ], [ 16.107, 2.4742 ], [ 16.0944, 2.4976 ], [ 16.0904, 2.5105 ], [ 16.0911, 2.5328 ], [ 16.107, 2.5671 ], [ 16.1116, 2.5862 ], [ 16.1084, 2.6067 ], [ 16.0933, 2.6416 ], [ 16.0904, 2.6619 ], [ 16.0936, 2.6732 ], [ 16.1012, 2.688 ], [ 16.1106, 2.7014 ], [ 16.0864, 2.705 ], [ 16.0728, 2.7029 ], [ 16.0627, 2.7033 ], [ 16.0594, 2.7119 ], [ 16.0602, 2.7259 ], [ 16.0562, 2.76 ], [ 16.0598, 2.7863 ], [ 16.0868, 2.8132 ], [ 16.0951, 2.8368 ], [ 16.0926, 2.8633 ], [ 16.0825, 2.8857 ], [ 16.0702, 2.9066 ], [ 16.0555, 2.9398 ], [ 16.0342, 2.9706 ], [ 16.0263, 2.9791 ], [ 16.0159, 2.9835 ], [ 16.0062, 2.9841 ], [ 15.982, 2.9768 ], [ 15.9777, 2.9811 ], [ 15.9716, 2.9912 ], [ 15.9583, 3.0416 ], [ 15.95, 3.0611 ], [ 15.9334, 3.0818 ], [ 15.914, 3.098 ], [ 15.8978, 3.1036 ], [ 15.8546, 3.099 ], [ 15.8402, 3.1074 ], [ 15.8341, 3.1086 ], [ 15.8136, 3.099 ], [ 15.793, 3.1033 ], [ 15.7855, 3.108 ], [ 15.1713, 3.759 ], [ 15.0849, 3.8859 ], [ 15.0259, 4.0262 ], [ 15.0432, 4.0262 ], [ 15.0752, 4.018 ], [ 15.0918, 4.0159 ], [ 15.1112, 4.02 ], [ 15.1504, 4.0386 ], [ 15.1724, 4.0439 ], [ 15.1922, 4.0523 ], [ 15.1897, 4.0632 ], [ 15.1778, 4.0715 ], [ 15.1623, 4.074 ], [ 15.1486, 4.074 ], [ 15.1425, 4.0805 ], [ 15.1393, 4.0946 ], [ 15.1328, 4.1086 ], [ 15.1177, 4.1143 ], [ 15.1026, 4.1125 ], [ 15.091, 4.1219 ], [ 15.0846, 4.1487 ], [ 15.0828, 4.2056 ], [ 15.0727, 4.266 ], [ 15.0637, 4.2935 ], [ 15.0486, 4.3217 ], [ 15.014, 4.3643 ], [ 15.0075, 4.3778 ], [ 15.0007, 4.4032 ], [ 14.9938, 4.4134 ], [ 14.982, 4.4206 ], [ 14.9384, 4.436 ], [ 14.7796, 4.5451 ], [ 14.7436, 4.58 ], [ 14.7174, 4.6221 ], [ 14.7044, 4.6694 ], [ 14.6972, 4.7453 ], [ 14.6907, 4.7622 ], [ 14.6961, 4.7798 ], [ 14.7015, 4.8144 ], [ 14.6871, 4.909 ], [ 14.672, 4.9409 ], [ 14.6745, 4.9677 ], [ 14.6634, 4.9858 ], [ 14.6594, 4.9971 ], [ 14.6605, 5.0159 ], [ 14.6673, 5.0528 ], [ 14.663, 5.0914 ], [ 14.6634, 5.1418 ], [ 14.659, 5.1646 ], [ 14.6515, 5.1876 ], [ 14.6403, 5.2082 ], [ 14.6245, 5.2241 ], [ 14.6036, 5.2343 ], [ 14.5604, 5.2486 ], [ 14.5399, 5.2619 ], [ 14.524, 5.2798 ], [ 14.5197, 5.2906 ], [ 14.528, 5.2931 ], [ 14.5395, 5.3037 ], [ 14.5485, 5.3206 ], [ 14.5539, 5.3383 ], [ 14.5561, 5.3513 ], [ 14.5608, 5.3555 ], [ 14.5708, 5.3709 ], [ 14.5795, 5.3877 ], [ 14.5795, 5.3954 ], [ 14.5928, 5.4001 ], [ 14.5971, 5.4116 ], [ 14.5964, 5.4402 ], [ 14.5996, 5.4566 ], [ 14.614, 5.4848 ], [ 14.6173, 5.4953 ], [ 14.6187, 5.5255 ], [ 14.6173, 5.5379 ], [ 14.6104, 5.5537 ], [ 14.5964, 5.5773 ], [ 14.5914, 5.591 ], [ 14.5903, 5.6083 ], [ 14.5928, 5.6239 ], [ 14.6104, 5.6692 ], [ 14.6245, 5.7237 ], [ 14.631, 5.7381 ], [ 14.6241, 5.7583 ], [ 14.6173, 5.8651 ], [ 14.6029, 5.8834 ], [ 14.5978, 5.9036 ], [ 14.5849, 5.9235 ], [ 14.5726, 5.9242 ], [ 14.5453, 5.9076 ], [ 14.5305, 5.906 ], [ 14.4992, 5.9096 ], [ 14.4823, 5.9097 ], [ 14.4657, 5.9207 ], [ 14.4582, 5.9365 ], [ 14.4538, 5.9539 ], [ 14.447, 5.9701 ], [ 14.4322, 5.9854 ], [ 14.4175, 5.9973 ], [ 14.3977, 6.0192 ], [ 14.3894, 6.0311 ], [ 14.3872, 6.0391 ], [ 14.3901, 6.0458 ], [ 14.3977, 6.054 ], [ 14.4024, 6.055 ], [ 14.4128, 6.0471 ], [ 14.4182, 6.0471 ], [ 14.4225, 6.0514 ], [ 14.4337, 6.0739 ], [ 14.4304, 6.0882 ], [ 14.4672, 6.1227 ], [ 14.4823, 6.1271 ], [ 14.5111, 6.1554 ], [ 14.5258, 6.174 ], [ 14.5348, 6.1901 ], [ 14.5762, 6.1898 ], [ 14.7192, 6.2579 ], [ 14.735, 6.2705 ], [ 14.7724, 6.3183 ], [ 14.7825, 6.3368 ], [ 14.7847, 6.3478 ], [ 14.7843, 6.3586 ], [ 14.78, 6.3823 ], [ 14.7822, 6.3937 ], [ 14.8074, 6.4278 ], [ 14.9323, 6.7103 ], [ 14.946, 6.7257 ], [ 14.9622, 6.7367 ], [ 15.0223, 6.7665 ], [ 15.0345, 6.7768 ], [ 15.0421, 6.7908 ], [ 15.059, 6.8363 ], [ 15.0802, 6.8781 ], [ 15.1134, 6.9647 ], [ 15.1288, 7.0265 ], [ 15.136, 7.0453 ], [ 15.1468, 7.0619 ], [ 15.1562, 7.0679 ], [ 15.1789, 7.0785 ], [ 15.1875, 7.0886 ], [ 15.19, 7.0988 ], [ 15.1854, 7.1569 ], [ 15.1864, 7.1663 ], [ 15.1911, 7.1774 ], [ 15.2052, 7.2003 ], [ 15.2239, 7.2475 ], [ 15.2613, 7.2792 ], [ 15.3384, 7.3222 ], [ 15.3855, 7.3584 ], [ 15.3974, 7.3807 ], [ 15.4032, 7.3864 ], [ 15.4327, 7.3897 ], [ 15.4348, 7.4029 ], [ 15.4154, 7.4209 ], [ 15.4194, 7.4365 ], [ 15.4734, 7.5091 ], [ 15.4809, 7.5232 ], [ 15.522, 7.5761 ], [ 15.549, 7.6309 ], [ 15.5623, 7.6902 ], [ 15.563, 7.7924 ], [ 15.5094, 7.804 ], [ 15.4878, 7.805 ], [ 15.4406, 7.8395 ], [ 15.4064, 7.9217 ], [ 15.3452, 8.136 ], [ 15.1836, 8.4792 ], [ 15.1684, 8.4987 ], [ 15.1108, 8.5552 ], [ 15.0687, 8.6239 ], [ 15.0518, 8.6438 ], [ 15.0313, 8.6588 ], [ 15.0057, 8.6667 ], [ 14.9686, 8.6722 ], [ 14.955, 8.6763 ], [ 14.9514, 8.6828 ], [ 14.9492, 8.7043 ], [ 14.9402, 8.7296 ], [ 14.9344, 8.7391 ], [ 14.9272, 8.7451 ], [ 14.92, 8.7477 ], [ 14.9132, 8.7525 ], [ 14.9082, 8.7648 ], [ 14.8995, 8.7743 ], [ 14.8599, 8.8033 ], [ 14.8459, 8.8111 ], [ 14.8279, 8.8132 ], [ 14.8099, 8.8086 ], [ 14.794, 8.8136 ], [ 14.3494, 9.1684 ], [ 14.3311, 9.2002 ], [ 14.3214, 9.2432 ], [ 14.0366, 9.5688 ], [ 13.9477, 9.6378 ], [ 13.9459, 9.6527 ], [ 14.0067, 9.7392 ], [ 14.0884, 9.8097 ], [ 14.1198, 9.852 ], [ 14.1684, 9.9477 ], [ 14.1734, 9.9751 ], [ 14.1817, 9.9782 ], [ 14.4405, 9.9953 ], [ 14.7325, 9.9239 ], [ 14.7724, 9.9217 ], [ 14.8981, 9.9605 ], [ 14.9442, 9.9588 ], [ 15.0025, 9.945 ], [ 15.0331, 9.9429 ], [ 15.0612, 9.9492 ], [ 15.0716, 9.9559 ], [ 15.0896, 9.9722 ], [ 15.1008, 9.9789 ], [ 15.1098, 9.9815 ], [ 15.1555, 9.9865 ], [ 15.2149, 9.9841 ], [ 15.383, 9.9301 ], [ 15.4395, 9.9317 ], [ 15.6811, 9.9913 ], [ 15.6379, 10.03 ], [ 15.603, 10.0411 ], [ 15.536, 10.0806 ], [ 15.4903, 10.12 ], [ 15.4906, 10.1245 ], [ 15.4762, 10.1328 ], [ 15.4392, 10.1853 ], [ 15.3013, 10.3118 ], [ 15.2905, 10.329 ], [ 15.2844, 10.3493 ], [ 15.2822, 10.3746 ], [ 15.2782, 10.3942 ], [ 15.2689, 10.4064 ], [ 15.2556, 10.417 ], [ 15.2412, 10.4329 ], [ 15.2271, 10.4701 ], [ 15.2185, 10.4873 ], [ 15.1983, 10.4966 ], [ 15.1864, 10.5059 ], [ 15.1648, 10.5092 ], [ 15.1443, 10.5163 ], [ 15.1382, 10.5216 ], [ 15.1317, 10.5408 ], [ 15.1324, 10.5654 ], [ 15.1386, 10.5897 ], [ 15.1486, 10.6073 ], [ 15.1501, 10.6231 ], [ 15.1422, 10.6473 ], [ 15.0658, 10.7931 ], [ 15.063, 10.8307 ], [ 15.0756, 10.8735 ], [ 15.0792, 10.8981 ], [ 15.0727, 10.9157 ], [ 15.0626, 10.9307 ], [ 15.0352, 10.9946 ], [ 15.0212, 11.1826 ], [ 15.0284, 11.2444 ], [ 15.0334, 11.2603 ], [ 15.0565, 11.2934 ], [ 15.063, 11.31 ], [ 15.0622, 11.32 ], [ 15.0525, 11.3299 ], [ 15.0493, 11.3373 ], [ 15.0493, 11.3488 ], [ 15.0543, 11.3641 ], [ 15.0604, 11.4162 ], [ 15.0669, 11.4356 ], [ 15.0763, 11.4534 ], [ 15.1224, 11.5032 ], [ 15.1357, 11.5308 ], [ 15.1238, 11.5631 ], [ 15.0957, 11.5982 ], [ 15.0853, 11.6159 ], [ 15.0694, 11.6607 ], [ 15.0666, 11.6806 ], [ 15.0684, 11.7001 ], [ 15.0763, 11.7214 ], [ 15.0932, 11.7228 ], [ 15.0972, 11.7277 ], [ 15.0961, 11.7341 ], [ 15.0853, 11.744 ], [ 15.0835, 11.7482 ], [ 15.0892, 11.7576 ], [ 15.1054, 11.7728 ], [ 15.1108, 11.7829 ], [ 15.0864, 11.8405 ], [ 15.0799, 11.8512 ], [ 15.063, 11.8535 ], [ 15.0511, 11.8617 ], [ 15.0442, 11.8772 ], [ 15.0421, 11.9024 ], [ 15.0471, 11.9102 ], [ 15.0565, 11.9185 ], [ 15.0633, 11.9273 ], [ 15.0507, 11.9528 ], [ 15.0482, 11.9628 ], [ 15.0525, 11.9673 ], [ 15.0813, 11.9717 ], [ 15.077, 11.9829 ], [ 15.0597, 11.9973 ], [ 15.0493, 12.0119 ], [ 15.0536, 12.0319 ], [ 15.0532, 12.038 ], [ 15.0457, 12.0461 ], [ 15.0406, 12.0557 ], [ 15.041, 12.0676 ], [ 15.0446, 12.0785 ], [ 15.0493, 12.0846 ], [ 15.0306, 12.1009 ], [ 15.0118, 12.1087 ], [ 14.9938, 12.1066 ], [ 14.9769, 12.0942 ], [ 14.9647, 12.0925 ], [ 14.9506, 12.1034 ], [ 14.9287, 12.1285 ], [ 14.9031, 12.1459 ], [ 14.8981, 12.1527 ], [ 14.8948, 12.1673 ], [ 14.8999, 12.1718 ], [ 14.9074, 12.1735 ], [ 14.9118, 12.1802 ], [ 14.91, 12.1904 ], [ 14.901, 12.2001 ], [ 14.8981, 12.2075 ], [ 14.8981, 12.2194 ], [ 14.9031, 12.2363 ], [ 14.9049, 12.2485 ], [ 14.9064, 12.318 ], [ 14.9082, 12.3269 ], [ 14.8912, 12.4026 ], [ 14.8776, 12.4272 ], [ 14.8768, 12.4316 ], [ 14.8786, 12.4431 ], [ 14.8776, 12.4471 ], [ 14.866, 12.4525 ], [ 14.8617, 12.452 ], [ 14.8639, 12.4471 ], [ 14.8556, 12.4545 ], [ 14.8509, 12.4551 ], [ 14.8495, 12.457 ], [ 14.852, 12.4747 ], [ 14.8639, 12.4955 ], [ 14.8308, 12.6183 ], [ 14.8192, 12.6389 ], [ 14.7861, 12.6313 ], [ 14.7688, 12.6333 ], [ 14.7613, 12.6493 ], [ 14.7588, 12.6588 ], [ 14.7523, 12.6689 ], [ 14.7433, 12.6772 ], [ 14.7343, 12.6804 ], [ 14.7289, 12.6772 ], [ 14.7138, 12.6525 ], [ 14.7022, 12.6691 ], [ 14.7166, 12.7018 ], [ 14.7098, 12.7183 ], [ 14.694, 12.7237 ], [ 14.6644, 12.716 ], [ 14.6482, 12.7252 ], [ 14.6418, 12.7309 ], [ 14.6241, 12.7419 ], [ 14.6209, 12.7479 ], [ 14.6184, 12.7592 ], [ 14.6104, 12.7624 ], [ 14.604, 12.7608 ], [ 14.5849, 12.7463 ], [ 14.5752, 12.7449 ], [ 14.5708, 12.7503 ], [ 14.5694, 12.7694 ], [ 14.5608, 12.7662 ], [ 14.5546, 12.7669 ], [ 14.551, 12.7715 ], [ 14.5489, 12.7804 ], [ 14.5489, 12.8182 ], [ 14.5309, 12.8362 ], [ 14.5003, 12.8591 ], [ 14.4902, 12.8736 ], [ 14.4906, 12.8863 ], [ 14.506, 12.9321 ], [ 14.5078, 12.9524 ], [ 14.5046, 12.969 ], [ 14.4963, 12.9837 ], [ 14.4823, 12.9988 ], [ 14.4355, 13.0703 ], [ 14.4182, 13.0812 ], [ 14.065, 13.0781 ], [ 14.1774, 12.5456 ], [ 14.1788, 12.4683 ], [ 14.1853, 12.4471 ], [ 14.1853, 12.4279 ], [ 14.1792, 12.3973 ], [ 14.1799, 12.3856 ], [ 14.1889, 12.3704 ], [ 14.2022, 12.3625 ], [ 14.2177, 12.3592 ], [ 14.4232, 12.3531 ], [ 14.487, 12.3378 ], [ 14.5143, 12.3236 ], [ 14.5176, 12.3133 ], [ 14.5125, 12.2987 ], [ 14.5143, 12.2894 ], [ 14.5215, 12.2824 ], [ 14.551, 12.2605 ], [ 14.5622, 12.2559 ], [ 14.5622, 12.2485 ], [ 14.5485, 12.2416 ], [ 14.568, 12.2277 ], [ 14.5881, 12.2171 ], [ 14.604, 12.2044 ], [ 14.6104, 12.1835 ], [ 14.6162, 12.1789 ], [ 14.6515, 12.1938 ], [ 14.6634, 12.1876 ], [ 14.6684, 12.1781 ], [ 14.6698, 12.1675 ], [ 14.6508, 12.1481 ], [ 14.6371, 12.1243 ], [ 14.6198, 12.0526 ], [ 14.6223, 12.042 ], [ 14.6043, 12.0304 ], [ 14.6061, 12.0112 ], [ 14.6252, 11.9681 ], [ 14.627, 11.9501 ], [ 14.6234, 11.9166 ], [ 14.6122, 11.885 ], [ 14.5906, 11.7832 ], [ 14.5831, 11.7663 ], [ 14.5464, 11.7187 ], [ 14.542, 11.7098 ], [ 14.5435, 11.7011 ], [ 14.5525, 11.6891 ], [ 14.5564, 11.6875 ], [ 14.5734, 11.6878 ], [ 14.5809, 11.6833 ], [ 14.5885, 11.6697 ], [ 14.6101, 11.6468 ], [ 14.6212, 11.6298 ], [ 14.627, 11.6096 ], [ 14.6277, 11.5843 ], [ 14.6238, 11.5634 ], [ 14.6162, 11.5387 ], [ 14.6058, 11.5148 ], [ 14.5939, 11.4964 ], [ 14.5766, 11.4873 ], [ 14.5248, 11.4688 ], [ 14.5039, 11.4564 ], [ 14.4672, 11.4239 ], [ 14.4463, 11.4117 ], [ 14.3872, 11.3934 ], [ 14.3682, 11.383 ], [ 14.2792, 11.3018 ], [ 14.2713, 11.2987 ], [ 14.2443, 11.2954 ], [ 14.2321, 11.2902 ], [ 14.2047, 11.2622 ], [ 14.1867, 11.2493 ], [ 14.1655, 11.2383 ], [ 14.1432, 11.2327 ], [ 14.1226, 11.2357 ], [ 14.0524, 11.2652 ], [ 14.0132, 11.2763 ], [ 13.9822, 11.2762 ], [ 13.9437, 11.2457 ], [ 13.9063, 11.2081 ], [ 13.8732, 11.1664 ], [ 13.849, 11.1245 ], [ 13.8321, 11.0849 ], [ 13.8202, 11.0693 ], [ 13.7821, 11.0475 ], [ 13.7659, 11.0339 ], [ 13.7547, 11.0168 ], [ 13.7504, 10.9961 ], [ 13.7569, 10.9582 ], [ 13.7443, 10.9305 ], [ 13.5664, 10.679 ], [ 13.5387, 10.6215 ], [ 13.5013, 10.4964 ], [ 13.4671, 10.3077 ], [ 13.4448, 10.2456 ], [ 13.4444, 10.2325 ], [ 13.4512, 10.2121 ], [ 13.453, 10.2005 ], [ 13.4509, 10.1872 ], [ 13.435, 10.1534 ], [ 13.4232, 10.1385 ], [ 13.4019, 10.1223 ], [ 13.3785, 10.1086 ], [ 13.3598, 10.1006 ], [ 13.2813, 10.0921 ], [ 13.2478, 10.0794 ], [ 13.2302, 10.0453 ], [ 13.2306, 10.0253 ], [ 13.2424, 9.9927 ], [ 13.2464, 9.9735 ], [ 13.2424, 9.9498 ], [ 13.2187, 9.9131 ], [ 13.2111, 9.8928 ], [ 13.2126, 9.8702 ], [ 13.223, 9.8542 ], [ 13.2522, 9.8242 ], [ 13.263, 9.8018 ], [ 13.2604, 9.7858 ], [ 13.2511, 9.7693 ], [ 13.2414, 9.7454 ], [ 13.2284, 9.678 ], [ 13.2234, 9.6132 ], [ 13.1953, 9.5422 ], [ 13.1305, 9.5166 ], [ 13.0516, 9.5045 ], [ 12.9825, 9.4746 ], [ 12.9688, 9.4641 ], [ 12.94, 9.4271 ], [ 12.9289, 9.4161 ], [ 12.9206, 9.4105 ], [ 12.8619, 9.3829 ], [ 12.8554, 9.3782 ], [ 12.8482, 9.36 ], [ 12.8533, 9.3567 ], [ 12.8817, 9.3523 ], [ 12.8914, 9.332 ], [ 12.8994, 9.3021 ], [ 12.8983, 9.2624 ], [ 12.8947, 9.244 ], [ 12.8886, 9.2268 ], [ 12.8421, 9.1445 ], [ 12.8223, 9.0968 ], [ 12.8209, 9.0565 ], [ 12.8281, 9.02 ], [ 12.8058, 8.8315 ], [ 12.7946, 8.7886 ], [ 12.773, 8.7591 ], [ 12.7597, 8.7534 ], [ 12.7201, 8.7565 ], [ 12.7089, 8.751 ], [ 12.7017, 8.7392 ], [ 12.6927, 8.7109 ], [ 12.6783, 8.6787 ], [ 12.6603, 8.6594 ], [ 12.5581, 8.6057 ], [ 12.5426, 8.602 ], [ 12.5278, 8.6048 ], [ 12.4954, 8.6196 ], [ 12.4825, 8.6233 ], [ 12.4645, 8.6212 ], [ 12.4519, 8.6147 ], [ 12.4404, 8.6066 ], [ 12.4245, 8.5998 ], [ 12.4105, 8.5985 ], [ 12.3964, 8.6008 ], [ 12.3687, 8.6096 ], [ 12.377, 8.5951 ], [ 12.4004, 8.5384 ], [ 12.4033, 8.5243 ], [ 12.404, 8.4965 ], [ 12.3954, 8.4874 ], [ 12.3651, 8.4666 ], [ 12.3432, 8.4328 ], [ 12.3313, 8.4244 ], [ 12.3104, 8.4214 ], [ 12.2719, 8.4278 ], [ 12.2499, 8.4188 ], [ 12.2269, 8.3863 ], [ 12.2193, 8.3432 ], [ 12.2218, 8.2977 ], [ 12.2377, 8.2169 ], [ 12.2366, 8.197 ], [ 12.229, 8.1755 ], [ 12.1884, 8.1179 ], [ 12.1826, 8.0935 ], [ 12.1826, 8.0547 ], [ 12.1884, 8.0162 ], [ 12.1952, 7.9918 ], [ 12.1977, 7.9752 ], [ 12.192, 7.9607 ], [ 12.1542, 7.9214 ], [ 12.0548, 7.784 ], [ 12.0192, 7.7189 ], [ 12.0123, 7.6984 ], [ 12.0091, 7.6764 ], [ 12.0109, 7.6553 ], [ 12.0249, 7.5967 ], [ 12.021, 7.5762 ], [ 12.0087, 7.5649 ], [ 11.9929, 7.554 ], [ 11.9662, 7.5145 ], [ 11.8449, 7.3965 ], [ 11.7826, 7.3046 ], [ 11.7625, 7.2855 ], [ 11.7445, 7.2722 ], [ 11.7366, 7.2634 ], [ 11.7423, 7.2575 ], [ 11.7661, 7.2529 ], [ 11.7801, 7.241 ], [ 11.8298, 7.1693 ], [ 11.869, 7.1271 ], [ 11.8813, 7.1021 ], [ 11.8723, 7.0793 ], [ 11.8626, 7.0755 ], [ 11.8453, 7.0819 ], [ 11.8341, 7.0831 ], [ 11.8204, 7.0788 ], [ 11.8089, 7.0719 ], [ 11.7664, 7.0335 ], [ 11.7517, 7.0239 ], [ 11.747, 7.0053 ], [ 11.7412, 6.9975 ], [ 11.7344, 6.995 ], [ 11.6926, 6.9916 ], [ 11.6883, 6.9869 ], [ 11.6847, 6.9739 ], [ 11.6811, 6.9687 ], [ 11.6232, 6.9324 ], [ 11.5616, 6.8761 ], [ 11.5436, 6.8508 ], [ 11.5382, 6.8239 ], [ 11.5447, 6.809 ], [ 11.5666, 6.7842 ], [ 11.5713, 6.7662 ], [ 11.5688, 6.7392 ], [ 11.5623, 6.7125 ], [ 11.5335, 6.6451 ], [ 11.5098, 6.6124 ], [ 11.4828, 6.5972 ], [ 11.4432, 6.5933 ], [ 11.4169, 6.572 ], [ 11.4018, 6.5382 ], [ 11.3956, 6.4967 ], [ 11.3895, 6.474 ], [ 11.3697, 6.4558 ], [ 11.3442, 6.4432 ], [ 11.3197, 6.4374 ], [ 11.3085, 6.4379 ], [ 11.2869, 6.4432 ], [ 11.2758, 6.4442 ], [ 11.2614, 6.4326 ], [ 11.2556, 6.4301 ], [ 11.2484, 6.4311 ], [ 11.2318, 6.4398 ], [ 11.1404, 6.4303 ], [ 11.1134, 6.4341 ], [ 11.0972, 6.4491 ], [ 11.0774, 6.4967 ], [ 11.0605, 6.574 ], [ 11.0572, 6.6131 ], [ 11.059, 6.6527 ], [ 11.0558, 6.7004 ], [ 11.0367, 6.7406 ], [ 11.0025, 6.7674 ], [ 10.9093, 6.7842 ], [ 10.8776, 6.8162 ], [ 10.8574, 6.8598 ], [ 10.8481, 6.9053 ], [ 10.8319, 6.9452 ], [ 10.7991, 6.9674 ], [ 10.717, 6.9982 ], [ 10.6468, 7.0351 ], [ 10.6206, 7.0438 ], [ 10.6026, 7.0582 ], [ 10.5972, 7.1072 ], [ 10.5788, 7.1308 ], [ 10.564, 7.1027 ], [ 10.5518, 7.0663 ], [ 10.5432, 7.0288 ], [ 10.5374, 6.9521 ], [ 10.5212, 6.9428 ], [ 10.5007, 6.9129 ], [ 10.4967, 6.8972 ], [ 10.496, 6.8747 ], [ 10.2386, 6.871 ], [ 10.2109, 6.8793 ], [ 10.19, 6.8954 ], [ 10.1796, 6.9149 ], [ 10.1652, 6.9886 ], [ 10.1569, 7.0048 ], [ 10.1428, 7.0078 ], [ 10.1194, 6.9945 ], [ 9.8746, 6.7877 ], [ 9.8512, 6.7779 ], [ 9.8318, 6.7835 ], [ 9.8123, 6.7931 ], [ 9.7886, 6.7948 ], [ 9.7699, 6.7738 ], [ 9.6932, 6.5314 ], [ 9.6806, 6.5215 ], [ 9.6327, 6.5212 ], [ 9.6032, 6.5152 ], [ 9.5881, 6.5028 ], [ 9.5647, 6.4587 ], [ 9.5488, 6.4432 ], [ 9.5287, 6.4331 ], [ 9.4826, 6.416 ], [ 9.4531, 6.3977 ], [ 9.4228, 6.3393 ], [ 9.3951, 6.3226 ], [ 9.3548, 6.3216 ], [ 9.3411, 6.314 ], [ 9.3274, 6.2985 ], [ 9.299, 6.2384 ], [ 9.2734, 6.2028 ], [ 9.1363, 6.0926 ], [ 9.0437, 5.9969 ], [ 9.0225, 5.9658 ], [ 9.0099, 5.9524 ], [ 8.9937, 5.9441 ], [ 8.9883, 5.9373 ], [ 8.9861, 5.9089 ], [ 8.9825, 5.8958 ], [ 8.9649, 5.8937 ], [ 8.9433, 5.9014 ], [ 8.9217, 5.9046 ], [ 8.9048, 5.8881 ], [ 8.8911, 5.8711 ], [ 8.8558, 5.8475 ], [ 8.8454, 5.831 ], [ 8.8472, 5.8108 ], [ 8.858, 5.795 ], [ 8.8666, 5.7775 ], [ 8.8623, 5.7523 ], [ 8.8447, 5.7308 ], [ 8.827, 5.7178 ], [ 8.8191, 5.7035 ], [ 8.8324, 5.6782 ], [ 8.8526, 5.6587 ], [ 8.8749, 5.6415 ], [ 8.8936, 5.6218 ], [ 8.9041, 5.5952 ], [ 8.8994, 5.571 ], [ 8.8843, 5.5515 ], [ 8.8655, 5.5335 ], [ 8.8504, 5.514 ], [ 8.8443, 5.4924 ], [ 8.8457, 5.4728 ], [ 8.8493, 5.4535 ], [ 8.8497, 5.4325 ], [ 8.8432, 5.41 ], [ 8.8216, 5.3678 ], [ 8.8151, 5.3436 ], [ 8.8162, 5.3303 ], [ 8.8245, 5.3062 ], [ 8.8256, 5.2955 ], [ 8.7989, 5.1597 ], [ 8.7917, 5.1468 ], [ 8.7813, 5.142 ], [ 8.7694, 5.14 ], [ 8.7583, 5.1349 ], [ 8.7482, 5.1242 ], [ 8.7287, 5.0946 ], [ 8.7226, 5.0813 ], [ 8.7079, 5.0376 ], [ 8.6985, 5.0179 ], [ 8.6837, 4.9971 ], [ 8.6445, 4.9349 ], [ 8.6384, 4.9169 ], [ 8.611, 4.8967 ], [ 8.6024, 4.8814 ], [ 8.6053, 4.86 ], [ 8.6121, 4.832 ], [ 8.5941, 4.8154 ], [ 8.5783, 4.8047 ], [ 8.5765, 4.7848 ], [ 8.5801, 4.7451 ], [ 8.5732, 4.7526 ], [ 8.5675, 4.7403 ], [ 8.5736, 4.7164 ], [ 8.5732, 4.7042 ], [ 8.5675, 4.696 ], [ 8.5387, 4.6763 ], [ 8.521, 4.656 ], [ 8.5138, 4.6424 ], [ 8.5113, 4.6291 ], [ 8.516, 4.613 ], [ 8.5257, 4.6045 ], [ 8.5383, 4.6047 ], [ 8.552, 4.6148 ], [ 8.5307, 4.5793 ], [ 8.5257, 4.5664 ], [ 8.5099, 4.5688 ], [ 8.5052, 4.5509 ], [ 8.5102, 4.527 ], [ 8.5257, 4.5117 ], [ 8.5372, 4.5086 ], [ 8.5484, 4.5079 ], [ 8.5563, 4.5117 ], [ 8.5628, 4.5332 ], [ 8.5707, 4.5386 ], [ 8.5819, 4.5385 ], [ 8.5937, 4.5329 ], [ 8.5826, 4.5235 ], [ 8.5703, 4.5097 ], [ 8.5653, 4.4973 ], [ 8.5768, 4.492 ], [ 8.7017, 4.5013 ], [ 8.7226, 4.5132 ], [ 8.7165, 4.5391 ], [ 8.7064, 4.5478 ], [ 8.6949, 4.5534 ], [ 8.6855, 4.5612 ], [ 8.6603, 4.6541 ], [ 8.6452, 4.6842 ], [ 8.6387, 4.7131 ], [ 8.6549, 4.7383 ], [ 8.6614, 4.6989 ], [ 8.7061, 4.6346 ], [ 8.7165, 4.5977 ], [ 8.7241, 4.5806 ], [ 8.7406, 4.5713 ], [ 8.7572, 4.5651 ], [ 8.7687, 4.5532 ], [ 8.7885, 4.5415 ], [ 8.7953, 4.5391 ], [ 8.7997, 4.5422 ], [ 8.813, 4.5664 ], [ 8.8043, 4.5702 ], [ 8.7997, 4.5778 ], [ 8.7979, 4.5883 ], [ 8.7986, 4.6012 ], [ 8.8472, 4.5632 ], [ 8.8504, 4.5475 ], [ 8.8587, 4.5409 ], [ 8.8677, 4.5446 ], [ 8.8738, 4.5601 ], [ 8.8666, 4.5827 ], [ 8.8357, 4.6296 ], [ 8.8396, 4.6427 ], [ 8.8472, 4.6398 ], [ 8.8641, 4.6188 ], [ 8.872, 4.6026 ], [ 8.894, 4.5947 ], [ 8.9015, 4.5874 ], [ 8.9044, 4.5733 ], [ 8.8947, 4.5359 ], [ 8.9005, 4.5217 ], [ 8.9134, 4.5286 ], [ 8.9357, 4.5534 ], [ 8.926, 4.5296 ], [ 8.9001, 4.4851 ], [ 8.8947, 4.4606 ], [ 8.9188, 4.3181 ], [ 8.9365, 4.2796 ], [ 8.9602, 4.246 ], [ 8.9908, 4.2175 ], [ 8.9883, 4.189 ], [ 8.9696, 4.1291 ], [ 8.971, 4.1009 ], [ 8.9833, 4.0924 ], [ 9.07, 4.0515 ], [ 9.1233, 4.018 ], [ 9.1388, 4.0154 ], [ 9.1489, 4.0191 ], [ 9.1665, 4.021 ], [ 9.1849, 4.021 ], [ 9.1964, 4.0189 ], [ 9.2108, 4.0081 ], [ 9.2133, 3.9967 ], [ 9.2111, 3.9827 ], [ 9.2108, 3.9643 ], [ 9.2209, 3.9661 ], [ 9.2504, 3.9609 ], [ 9.2842, 3.9922 ], [ 9.2903, 4.0097 ], [ 9.3015, 4.0264 ], [ 9.3263, 4.032 ], [ 9.3263, 4.0257 ], [ 9.3076, 4.002 ], [ 9.3026, 3.9651 ], [ 9.3137, 3.9309 ], [ 9.3436, 3.9158 ], [ 9.3591, 3.9138 ], [ 9.3933, 3.9044 ], [ 9.412, 3.9022 ], [ 9.4484, 3.9058 ], [ 9.4639, 3.91 ], [ 9.4768, 3.9158 ], [ 9.4689, 3.9234 ], [ 9.4534, 3.9321 ], [ 9.4502, 3.9399 ], [ 9.4523, 3.954 ], [ 9.4588, 3.9724 ], [ 9.4567, 3.9841 ], [ 9.4495, 3.9922 ], [ 9.4225, 4.0084 ], [ 9.4239, 4.0196 ], [ 9.4293, 4.0266 ], [ 9.4379, 4.0305 ], [ 9.4502, 4.032 ], [ 9.4513, 4.0229 ], [ 9.4538, 4.0187 ], [ 9.4639, 4.0121 ], [ 9.4768, 3.991 ], [ 9.4901, 3.9807 ], [ 9.497, 3.9778 ], [ 9.5186, 3.9705 ], [ 9.5326, 3.9895 ], [ 9.5236, 4.0061 ], [ 9.5071, 4.0196 ], [ 9.4955, 4.0316 ], [ 9.4844, 4.0599 ], [ 9.4743, 4.0662 ], [ 9.4574, 4.0711 ], [ 9.4502, 4.0804 ], [ 9.4786, 4.1115 ], [ 9.4901, 4.1159 ], [ 9.5042, 4.1009 ], [ 9.4984, 4.0772 ], [ 9.5085, 4.0542 ], [ 9.5265, 4.0359 ], [ 9.5459, 4.0257 ], [ 9.5596, 4.0395 ], [ 9.5593, 4.0169 ], [ 9.5794, 4.013 ], [ 9.6068, 4.0207 ], [ 9.6284, 4.032 ], [ 9.6464, 4.0515 ], [ 9.6788, 4.101 ], [ 9.6968, 4.1145 ], [ 9.6968, 4.094 ], [ 9.7036, 4.094 ], [ 9.7108, 4.1057 ], [ 9.7195, 4.115 ], [ 9.7382, 4.1288 ], [ 9.7544, 4.1358 ], [ 9.7569, 4.1299 ], [ 9.7526, 4.1199 ], [ 9.7483, 4.1145 ], [ 9.7187, 4.0996 ], [ 9.6755, 4.0339 ], [ 9.6593, 4.0189 ], [ 9.6399, 4.0088 ], [ 9.6237, 3.9858 ], [ 9.619, 3.9603 ], [ 9.6345, 3.9433 ], [ 9.6647, 3.9404 ], [ 9.7645, 3.9575 ], [ 9.7645, 3.9523 ], [ 9.758, 3.95 ], [ 9.763, 3.9439 ], [ 9.7645, 3.9364 ], [ 9.7432, 3.936 ], [ 9.7151, 3.9314 ], [ 9.6892, 3.9224 ], [ 9.6763, 3.9091 ], [ 9.6827, 3.8905 ], [ 9.7051, 3.8776 ], [ 9.7519, 3.8606 ], [ 9.7382, 3.8606 ], [ 9.7457, 3.851 ], [ 9.7504, 3.8408 ], [ 9.7504, 3.8302 ], [ 9.7443, 3.8197 ], [ 9.7364, 3.8343 ], [ 9.7234, 3.8438 ], [ 9.6899, 3.8606 ], [ 9.6799, 3.8361 ], [ 9.659, 3.8411 ], [ 9.6212, 3.8749 ], [ 9.6039, 3.8592 ], [ 9.592, 3.8353 ], [ 9.5891, 3.8096 ], [ 9.5974, 3.7889 ], [ 9.6111, 3.7706 ], [ 9.6212, 3.765 ], [ 9.6525, 3.7561 ], [ 9.6626, 3.7508 ], [ 9.6244, 3.7503 ], [ 9.6068, 3.7523 ], [ 9.5942, 3.7583 ], [ 9.5895, 3.7661 ], [ 9.5816, 3.7879 ], [ 9.5711, 3.7955 ], [ 9.5459, 3.8197 ], [ 9.5513, 3.7962 ], [ 9.565, 3.771 ], [ 9.6125, 3.705 ], [ 9.6421, 3.6348 ], [ 9.6259, 3.6265 ], [ 9.6212, 3.6129 ], [ 9.6262, 3.6 ], [ 9.6385, 3.5944 ], [ 9.7069, 3.6006 ], [ 9.7335, 3.6094 ], [ 9.7598, 3.6262 ], [ 9.7875, 3.6372 ], [ 9.8195, 3.6279 ], [ 9.7929, 3.6272 ], [ 9.7706, 3.6187 ], [ 9.6885, 3.5562 ], [ 9.6644, 3.544 ], [ 9.6421, 3.5392 ], [ 9.7389, 3.4732 ], [ 9.781, 3.4368 ], [ 9.8552, 3.3437 ], [ 9.8815, 3.2945 ], [ 9.8879, 3.2853 ], [ 9.9031, 3.273 ], [ 9.9139, 3.2704 ], [ 9.9293, 3.2716 ], [ 9.9293, 3.2648 ], [ 9.9117, 3.2578 ], [ 9.902, 3.258 ], [ 9.902, 3.2518 ], [ 9.9196, 3.2282 ], [ 9.9581, 3.0822 ], [ 9.9556, 3.0506 ], [ 9.9434, 3.0231 ], [ 9.9221, 2.9974 ], [ 9.9034, 2.9683 ], [ 9.8879, 2.927 ], [ 9.8779, 2.8815 ], [ 9.8743, 2.7547 ], [ 9.8703, 2.7382 ], [ 9.853, 2.697 ], [ 9.8228, 2.563 ], [ 9.8192, 2.377 ], [ 9.8123, 2.3598 ], [ 9.8123, 2.3537 ], [ 9.7997, 2.3418 ], [ 9.8109, 2.3249 ], [ 9.812, 2.3062 ], [ 9.8087, 2.2856 ], [ 9.8109, 2.265 ], [ 9.8235, 2.2491 ], [ 9.8469, 2.2286 ], [ 9.8721, 2.2113 ], [ 9.8901, 2.2046 ], [ 9.9074, 2.2006 ], [ 9.9707, 2.1689 ], [ 9.9909, 2.1656 ], [ 11.3222, 2.1658 ] ] ] } },
{ "type": "Feature", "properties": { "z": "CAR", "ISO_A3": "CAF", "c": "CAR" }, "geometry": { "type": "Polygon", "coordinates": [ [ [ 22.8609, 10.9192 ], [ 22.8058, 10.9244 ], [ 22.745, 10.9438 ], [ 22.7198, 10.9647 ], [ 22.6827, 10.9741 ], [ 22.673, 10.9751 ], [ 22.6384, 10.9741 ], [ 22.6284, 10.9761 ], [ 22.6006, 10.9878 ], [ 22.5769, 10.9851 ], [ 22.5556, 10.979 ], [ 22.5348, 10.9805 ], [ 22.5121, 11.0009 ], [ 22.5027, 10.9921 ], [ 22.4908, 10.9931 ], [ 22.4764, 10.998 ], [ 22.4606, 11.0009 ], [ 22.4473, 10.9983 ], [ 22.4376, 10.9916 ], [ 22.4192, 10.9707 ], [ 22.407, 10.9631 ], [ 22.3918, 10.9585 ], [ 22.3612, 10.9536 ], [ 22.3393, 10.9478 ], [ 22.3188, 10.9393 ], [ 22.3058, 10.9326 ], [ 22.2766, 10.9086 ], [ 22.2684, 10.909 ], [ 22.2529, 10.9153 ], [ 22.2403, 10.9058 ], [ 22.2295, 10.892 ], [ 22.2007, 10.8686 ], [ 22.1899, 10.8373 ], [ 22.1762, 10.8163 ], [ 22.1481, 10.8307 ], [ 22.1323, 10.8286 ], [ 22.0488, 10.837 ], [ 22.0293, 10.8287 ], [ 22.0182, 10.8098 ], [ 22.0113, 10.7894 ], [ 22.0048, 10.7755 ], [ 22.0146, 10.7546 ], [ 22.0038, 10.7433 ], [ 21.9429, 10.7283 ], [ 21.9256, 10.7201 ], [ 21.895, 10.6992 ], [ 21.872, 10.6776 ], [ 21.8684, 10.6763 ], [ 21.8637, 10.668 ], [ 21.8529, 10.6701 ], [ 21.8328, 10.68 ], [ 21.8227, 10.6787 ], [ 21.7849, 10.6693 ], [ 21.7741, 10.6551 ], [ 21.7683, 10.652 ], [ 21.7536, 10.6507 ], [ 21.7366, 10.6463 ], [ 21.7226, 10.6367 ], [ 21.7168, 10.6211 ], [ 21.7147, 10.6015 ], [ 21.7053, 10.5718 ], [ 21.7032, 10.5524 ], [ 21.7053, 10.5321 ], [ 21.7147, 10.4937 ], [ 21.7168, 10.4774 ], [ 21.7204, 10.4681 ], [ 21.7442, 10.4392 ], [ 21.7435, 10.419 ], [ 21.751, 10.4118 ], [ 21.7204, 10.3609 ], [ 21.7168, 10.3399 ], [ 21.723, 10.3059 ], [ 21.7186, 10.2966 ], [ 21.7089, 10.2935 ], [ 21.6974, 10.2925 ], [ 21.6888, 10.2889 ], [ 21.6769, 10.2692 ], [ 21.669, 10.2493 ], [ 21.6564, 10.2337 ], [ 21.6308, 10.2274 ], [ 21.5934, 10.2145 ], [ 21.5898, 10.2166 ], [ 21.5793, 10.2124 ], [ 21.5451, 10.2201 ], [ 21.5131, 10.2005 ], [ 21.4854, 10.1643 ], [ 21.4335, 10.0461 ], [ 21.4069, 10.0056 ], [ 21.3745, 9.9731 ], [ 21.3396, 9.9599 ], [ 21.3262, 9.9628 ], [ 21.2852, 9.9787 ], [ 21.2712, 9.9872 ], [ 21.2568, 9.9758 ], [ 21.2056, 9.9168 ], [ 21.1984, 9.903 ], [ 21.1956, 9.8874 ], [ 21.1873, 9.8852 ], [ 21.1318, 9.8494 ], [ 21.1218, 9.832 ], [ 21.1066, 9.7955 ], [ 21.1066, 9.778 ], [ 21.1052, 9.774 ], [ 21.0969, 9.7754 ], [ 21.093, 9.7743 ], [ 21.0804, 9.7626 ], [ 21.066, 9.7546 ], [ 21.0624, 9.7563 ], [ 21.053, 9.7659 ], [ 21.0483, 9.7682 ], [ 21.0426, 9.7671 ], [ 21.0379, 9.7607 ], [ 21.0199, 9.748 ], [ 21.0174, 9.7435 ], [ 21.0141, 9.7245 ], [ 21.0001, 9.6975 ], [ 20.9968, 9.6821 ], [ 20.9961, 9.6484 ], [ 20.99, 9.6356 ], [ 20.976, 9.6309 ], [ 20.976, 9.6242 ], [ 20.9817, 9.6167 ], [ 20.9832, 9.6037 ], [ 20.9677, 9.6106 ], [ 20.9623, 9.607 ], [ 20.9605, 9.5981 ], [ 20.9558, 9.5894 ], [ 20.9342, 9.5771 ], [ 20.9252, 9.5697 ], [ 20.9212, 9.5589 ], [ 20.9126, 9.5443 ], [ 20.8741, 9.5025 ], [ 20.8636, 9.4938 ], [ 20.8413, 9.4844 ], [ 20.8345, 9.4625 ], [ 20.8327, 9.4373 ], [ 20.8262, 9.4181 ], [ 20.8201, 9.4163 ], [ 20.8021, 9.4256 ], [ 20.7981, 9.4234 ], [ 20.7924, 9.414 ], [ 20.7765, 9.4078 ], [ 20.7664, 9.3866 ], [ 20.7578, 9.3772 ], [ 20.7506, 9.3846 ], [ 20.7409, 9.3772 ], [ 20.6959, 9.3634 ], [ 20.6548, 9.343 ], [ 20.6678, 9.3021 ], [ 20.6167, 9.3021 ], [ 20.6098, 9.3028 ], [ 20.5929, 9.3082 ], [ 20.5735, 9.3092 ], [ 20.5724, 9.3082 ], [ 20.5508, 9.3202 ], [ 20.5418, 9.3217 ], [ 20.5382, 9.3119 ], [ 20.5371, 9.2992 ], [ 20.5335, 9.2896 ], [ 20.5263, 9.2836 ], [ 20.5141, 9.2816 ], [ 20.4961, 9.2709 ], [ 20.5026, 9.2474 ], [ 20.513, 9.2239 ], [ 20.5072, 9.2133 ], [ 20.4817, 9.2047 ], [ 20.4676, 9.1841 ], [ 20.4554, 9.1594 ], [ 20.4352, 9.1382 ], [ 20.423, 9.1432 ], [ 20.4126, 9.1421 ], [ 20.4028, 9.1371 ], [ 20.3784, 9.12 ], [ 20.3593, 9.1164 ], [ 20.2768, 9.1207 ], [ 20.257, 9.1164 ], [ 20.2344, 9.1346 ], [ 20.2228, 9.1419 ], [ 20.2128, 9.1449 ], [ 20.198, 9.1405 ], [ 20.1696, 9.1209 ], [ 20.1544, 9.1164 ], [ 20.1375, 9.1219 ], [ 20.1256, 9.1338 ], [ 20.117, 9.1458 ], [ 20.1094, 9.1512 ], [ 20.1012, 9.1481 ], [ 20.0994, 9.1308 ], [ 20.0907, 9.1312 ], [ 20.077, 9.1368 ], [ 20.0688, 9.1382 ], [ 20.0605, 9.1343 ], [ 20.0313, 9.1103 ], [ 20.0284, 9.1046 ], [ 20.0302, 9.0938 ], [ 20.0245, 9.0898 ], [ 20.018, 9.0911 ], [ 20.0144, 9.1064 ], [ 20.0068, 9.1103 ], [ 20.0029, 9.1086 ], [ 19.9996, 9.1043 ], [ 19.9932, 9.0847 ], [ 19.969, 9.083 ], [ 19.9435, 9.0659 ], [ 19.9287, 9.0626 ], [ 19.9143, 9.0692 ], [ 19.9021, 9.0518 ], [ 19.8895, 9.0463 ], [ 19.8056, 9.0512 ], [ 19.7847, 9.0488 ], [ 19.7584, 9.042 ], [ 19.7383, 9.0395 ], [ 19.7138, 9.0292 ], [ 19.7091, 9.0246 ], [ 19.7001, 9.0206 ], [ 19.6566, 9.0213 ], [ 19.64, 9.014 ], [ 19.6137, 9.0317 ], [ 19.5831, 9.0254 ], [ 19.5536, 9.0134 ], [ 19.5309, 9.014 ], [ 19.5212, 9.0088 ], [ 19.5158, 9.0094 ], [ 19.5068, 9.014 ], [ 19.4301, 9.0128 ], [ 19.4211, 9.0174 ], [ 19.3826, 9.0032 ], [ 19.3693, 9.0004 ], [ 19.3524, 9.0021 ], [ 19.3333, 9.0065 ], [ 19.3164, 9.0131 ], [ 19.3048, 9.0209 ], [ 19.2955, 9.0095 ], [ 19.2858, 9.0128 ], [ 19.2753, 9.022 ], [ 19.2631, 9.0283 ], [ 19.2534, 9.028 ], [ 19.2328, 9.0223 ], [ 19.1922, 9.0201 ], [ 19.1796, 9.0153 ], [ 19.1745, 9.0038 ], [ 19.1688, 9.0022 ], [ 19.1421, 9.0087 ], [ 19.1266, 9.0073 ], [ 19.1007, 9.0153 ], [ 19.0608, 9.0043 ], [ 19.0219, 8.9852 ], [ 18.9996, 8.9696 ], [ 18.9848, 8.9565 ], [ 18.9787, 8.9494 ], [ 18.9758, 8.942 ], [ 18.9718, 8.9383 ], [ 18.952, 8.932 ], [ 18.9366, 8.9234 ], [ 18.9286, 8.9217 ], [ 18.9229, 8.9182 ], [ 18.9178, 8.8988 ], [ 18.9106, 8.8942 ], [ 18.9013, 8.8941 ], [ 18.8926, 8.8979 ], [ 18.8696, 8.8641 ], [ 18.87, 8.8494 ], [ 18.8865, 8.8358 ], [ 18.9031, 8.8448 ], [ 18.9096, 8.8354 ], [ 18.9124, 8.8184 ], [ 18.9175, 8.8052 ], [ 18.929, 8.7966 ], [ 19.0485, 8.7457 ], [ 19.0579, 8.7298 ], [ 19.0734, 8.7206 ], [ 19.104, 8.698 ], [ 19.1241, 8.6751 ], [ 19.0914, 8.6529 ], [ 19.0816, 8.6372 ], [ 19.0611, 8.6256 ], [ 19.0204, 8.5456 ], [ 18.9204, 8.4321 ], [ 18.9103, 8.4129 ], [ 18.9013, 8.3886 ], [ 18.8876, 8.371 ], [ 18.8548, 8.3398 ], [ 18.8131, 8.2764 ], [ 18.7911, 8.2574 ], [ 18.7738, 8.2486 ], [ 18.7152, 8.2288 ], [ 18.6727, 8.2076 ], [ 18.6385, 8.1777 ], [ 18.6187, 8.1387 ], [ 18.618, 8.0901 ], [ 18.5892, 8.0479 ], [ 18.5082, 8.0307 ], [ 18.0704, 8.0193 ], [ 17.9772, 7.9972 ], [ 17.898, 7.9674 ], [ 17.8587, 7.9604 ], [ 17.8173, 7.9622 ], [ 17.6798, 7.9852 ], [ 17.6618, 7.9863 ], [ 17.6398, 7.985 ], [ 17.6208, 7.9788 ], [ 17.5999, 7.9504 ], [ 17.5808, 7.9407 ], [ 17.5599, 7.9347 ], [ 17.5239, 7.931 ], [ 17.5038, 7.9262 ], [ 17.4872, 7.9145 ], [ 17.4782, 7.8919 ], [ 17.4663, 7.8842 ], [ 17.4192, 7.8982 ], [ 17.4058, 7.883 ], [ 17.3857, 7.8706 ], [ 17.251, 7.8229 ], [ 17.2345, 7.8116 ], [ 17.2208, 7.7982 ], [ 17.2143, 7.7868 ], [ 17.2111, 7.7684 ], [ 17.2046, 7.7638 ], [ 17.1963, 7.7652 ], [ 17.1888, 7.7641 ], [ 17.1704, 7.7476 ], [ 17.1355, 7.7051 ], [ 17.1164, 7.687 ], [ 17.102, 7.6778 ], [ 17.0955, 7.6782 ], [ 17.0901, 7.6838 ], [ 17.079, 7.69 ], [ 17.0595, 7.6965 ], [ 17.0455, 7.6847 ], [ 17.0412, 7.6755 ], [ 17.0422, 7.6671 ], [ 17.039, 7.6625 ], [ 17.0084, 7.6676 ], [ 16.9976, 7.6668 ], [ 16.989, 7.6608 ], [ 16.9821, 7.6487 ], [ 16.9627, 7.6508 ], [ 16.9195, 7.6442 ], [ 16.8806, 7.6329 ], [ 16.8655, 7.6244 ], [ 16.8547, 7.6115 ], [ 16.8471, 7.5916 ], [ 16.8482, 7.5848 ], [ 16.8558, 7.5755 ], [ 16.854, 7.5675 ], [ 16.8504, 7.5659 ], [ 16.8367, 7.5675 ], [ 16.8129, 7.5477 ], [ 16.8054, 7.5437 ], [ 16.7823, 7.5411 ], [ 16.7686, 7.5503 ], [ 16.7467, 7.5866 ], [ 16.71, 7.6277 ], [ 16.6869, 7.6457 ], [ 16.6632, 7.6575 ], [ 16.6246, 7.6686 ], [ 16.6142, 7.6797 ], [ 16.6099, 7.7016 ], [ 16.6117, 7.7139 ], [ 16.616, 7.7239 ], [ 16.6182, 7.7343 ], [ 16.6131, 7.7482 ], [ 16.6052, 7.7572 ], [ 16.5764, 7.7678 ], [ 16.5602, 7.7797 ], [ 16.5494, 7.7947 ], [ 16.5447, 7.813 ], [ 16.5508, 7.8527 ], [ 16.5487, 7.87 ], [ 16.5091, 7.8583 ], [ 16.4918, 7.8492 ], [ 16.4756, 7.8358 ], [ 16.4572, 7.7996 ], [ 16.4508, 7.7921 ], [ 16.4374, 7.7884 ], [ 16.418, 7.7959 ], [ 16.4076, 7.7961 ], [ 16.3921, 7.7837 ], [ 16.387, 7.7627 ], [ 16.387, 7.6947 ], [ 16.3831, 7.6807 ], [ 16.3708, 7.6725 ], [ 16.2826, 7.6602 ], [ 16.2618, 7.6519 ], [ 16.2272, 7.6256 ], [ 16.207, 7.6135 ], [ 16.1854, 7.6108 ], [ 16.1628, 7.6111 ], [ 16.1289, 7.5995 ], [ 16.0652, 7.5912 ], [ 16.0429, 7.5839 ], [ 16.0263, 7.5749 ], [ 16.0123, 7.5603 ], [ 15.9903, 7.5294 ], [ 15.9756, 7.5152 ], [ 15.9432, 7.4953 ], [ 15.9252, 7.4882 ], [ 15.7938, 7.458 ], [ 15.7585, 7.4556 ], [ 15.72, 7.4687 ], [ 15.6685, 7.5164 ], [ 15.6249, 7.5198 ], [ 15.5518, 7.5099 ], [ 15.5155, 7.5122 ], [ 15.4809, 7.5232 ], [ 15.4734, 7.5091 ], [ 15.4194, 7.4365 ], [ 15.4154, 7.4209 ], [ 15.4348, 7.4029 ], [ 15.4327, 7.3897 ], [ 15.4032, 7.3864 ], [ 15.3974, 7.3807 ], [ 15.3855, 7.3584 ], [ 15.3384, 7.3222 ], [ 15.2613, 7.2792 ], [ 15.2239, 7.2475 ], [ 15.2052, 7.2003 ], [ 15.1911, 7.1774 ], [ 15.1864, 7.1663 ], [ 15.1854, 7.1569 ], [ 15.19, 7.0988 ], [ 15.1875, 7.0886 ], [ 15.1789, 7.0785 ], [ 15.1562, 7.0679 ], [ 15.1468, 7.0619 ], [ 15.136, 7.0453 ], [ 15.1288, 7.0265 ], [ 15.1134, 6.9647 ], [ 15.0802, 6.8781 ], [ 15.059, 6.8363 ], [ 15.0421, 6.7908 ], [ 15.0345, 6.7768 ], [ 15.0223, 6.7665 ], [ 14.9622, 6.7367 ], [ 14.946, 6.7257 ], [ 14.9323, 6.7103 ], [ 14.8074, 6.4278 ], [ 14.7822, 6.3937 ], [ 14.78, 6.3823 ], [ 14.7843, 6.3586 ], [ 14.7847, 6.3478 ], [ 14.7825, 6.3368 ], [ 14.7724, 6.3183 ], [ 14.735, 6.2705 ], [ 14.7192, 6.2579 ], [ 14.5762, 6.1898 ], [ 14.5348, 6.1901 ], [ 14.5258, 6.174 ], [ 14.5111, 6.1554 ], [ 14.4823, 6.1271 ], [ 14.4672, 6.1227 ], [ 14.4304, 6.0882 ], [ 14.4337, 6.0739 ], [ 14.4225, 6.0514 ], [ 14.4182, 6.0471 ], [ 14.4128, 6.0471 ], [ 14.4024, 6.055 ], [ 14.3977, 6.054 ], [ 14.3901, 6.0458 ], [ 14.3872, 6.0391 ], [ 14.3894, 6.0311 ], [ 14.3977, 6.0192 ], [ 14.4175, 5.9973 ], [ 14.4322, 5.9854 ], [ 14.447, 5.9701 ], [ 14.4538, 5.9539 ], [ 14.4582, 5.9365 ], [ 14.4657, 5.9207 ], [ 14.4823, 5.9097 ], [ 14.4992, 5.9096 ], [ 14.5305, 5.906 ], [ 14.5453, 5.9076 ], [ 14.5726, 5.9242 ], [ 14.5849, 5.9235 ], [ 14.5978, 5.9036 ], [ 14.6029, 5.8834 ], [ 14.6173, 5.8651 ], [ 14.6241, 5.7583 ], [ 14.631, 5.7381 ], [ 14.6245, 5.7237 ], [ 14.6104, 5.6692 ], [ 14.5928, 5.6239 ], [ 14.5903, 5.6083 ], [ 14.5914, 5.591 ], [ 14.5964, 5.5773 ], [ 14.6104, 5.5537 ], [ 14.6173, 5.5379 ], [ 14.6187, 5.5255 ], [ 14.6173, 5.4953 ], [ 14.614, 5.4848 ], [ 14.5996, 5.4566 ], [ 14.5964, 5.4402 ], [ 14.5971, 5.4116 ], [ 14.5928, 5.4001 ], [ 14.5795, 5.3954 ], [ 14.5795, 5.3877 ], [ 14.5708, 5.3709 ], [ 14.5608, 5.3555 ], [ 14.5561, 5.3513 ], [ 14.5539, 5.3383 ], [ 14.5485, 5.3206 ], [ 14.5395, 5.3037 ], [ 14.528, 5.2931 ], [ 14.5197, 5.2906 ], [ 14.524, 5.2798 ], [ 14.5399, 5.2619 ], [ 14.5604, 5.2486 ], [ 14.6036, 5.2343 ], [ 14.6245, 5.2241 ], [ 14.6403, 5.2082 ], [ 14.6515, 5.1876 ], [ 14.659, 5.1646 ], [ 14.6634, 5.1418 ], [ 14.663, 5.0914 ], [ 14.6673, 5.0528 ], [ 14.6605, 5.0159 ], [ 14.6594, 4.9971 ], [ 14.6634, 4.9858 ], [ 14.6745, 4.9677 ], [ 14.672, 4.9409 ], [ 14.6871, 4.909 ], [ 14.7015, 4.8144 ], [ 14.6961, 4.7798 ], [ 14.6907, 4.7622 ], [ 14.6972, 4.7453 ], [ 14.7044, 4.6694 ], [ 14.7174, 4.6221 ], [ 14.7436, 4.58 ], [ 14.7796, 4.5451 ], [ 14.9384, 4.436 ], [ 14.982, 4.4206 ], [ 14.9938, 4.4134 ], [ 15.0007, 4.4032 ], [ 15.0075, 4.3778 ], [ 15.014, 4.3643 ], [ 15.0486, 4.3217 ], [ 15.0637, 4.2935 ], [ 15.0727, 4.266 ], [ 15.0828, 4.2056 ], [ 15.0846, 4.1487 ], [ 15.091, 4.1219 ], [ 15.1026, 4.1125 ], [ 15.1177, 4.1143 ], [ 15.1328, 4.1086 ], [ 15.1393, 4.0946 ], [ 15.1425, 4.0805 ], [ 15.1486, 4.074 ], [ 15.1623, 4.074 ], [ 15.1778, 4.0715 ], [ 15.1897, 4.0632 ], [ 15.1922, 4.0523 ], [ 15.1724, 4.0439 ], [ 15.1504, 4.0386 ], [ 15.1112, 4.02 ], [ 15.0918, 4.0159 ], [ 15.0752, 4.018 ], [ 15.0432, 4.0262 ], [ 15.0259, 4.0262 ], [ 15.0849, 3.8859 ], [ 15.1713, 3.759 ], [ 15.7855, 3.108 ], [ 15.793, 3.1033 ], [ 15.8136, 3.099 ], [ 15.8341, 3.1086 ], [ 15.8402, 3.1074 ], [ 15.8546, 3.099 ], [ 15.8978, 3.1036 ], [ 15.914, 3.098 ], [ 15.9334, 3.0818 ], [ 15.95, 3.0611 ], [ 15.9583, 3.0416 ], [ 15.9716, 2.9912 ], [ 15.9777, 2.9811 ], [ 15.982, 2.9768 ], [ 16.0062, 2.9841 ], [ 16.0159, 2.9835 ], [ 16.0263, 2.9791 ], [ 16.0342, 2.9706 ], [ 16.0555, 2.9398 ], [ 16.0702, 2.9066 ], [ 16.0825, 2.8857 ], [ 16.0926, 2.8633 ], [ 16.0951, 2.8368 ], [ 16.0868, 2.8132 ], [ 16.0598, 2.7863 ], [ 16.0562, 2.76 ], [ 16.0602, 2.7259 ], [ 16.0594, 2.7119 ], [ 16.0627, 2.7033 ], [ 16.0728, 2.7029 ], [ 16.0864, 2.705 ], [ 16.1106, 2.7014 ], [ 16.1012, 2.688 ], [ 16.0936, 2.6732 ], [ 16.0904, 2.6619 ], [ 16.0933, 2.6416 ], [ 16.1084, 2.6067 ], [ 16.1116, 2.5862 ], [ 16.107, 2.5671 ], [ 16.0911, 2.5328 ], [ 16.0904, 2.5105 ], [ 16.0944, 2.4976 ], [ 16.107, 2.4742 ], [ 16.1116, 2.456 ], [ 16.1116, 2.4186 ], [ 16.1131, 2.4105 ], [ 16.121, 2.3896 ], [ 16.1332, 2.3648 ], [ 16.1523, 2.3434 ], [ 16.1592, 2.3329 ], [ 16.1646, 2.3149 ], [ 16.166, 2.2949 ], [ 16.1692, 2.29 ], [ 16.1865, 2.2777 ], [ 16.1869, 2.2694 ], [ 16.1811, 2.2567 ], [ 16.1797, 2.2471 ], [ 16.1966, 2.2365 ], [ 16.4792, 2.8364 ], [ 16.4839, 2.8604 ], [ 16.4749, 2.8784 ], [ 16.4605, 2.8946 ], [ 16.4482, 2.9135 ], [ 16.4457, 2.9577 ], [ 16.4842, 3.032 ], [ 16.4907, 3.0679 ], [ 16.4832, 3.0902 ], [ 16.4727, 3.1107 ], [ 16.4648, 3.1319 ], [ 16.4655, 3.1565 ], [ 16.477, 3.1794 ], [ 16.5116, 3.2273 ], [ 16.517, 3.2488 ], [ 16.5177, 3.2733 ], [ 16.5429, 3.3362 ], [ 16.5516, 3.4198 ], [ 16.5678, 3.4645 ], [ 16.5984, 3.5017 ], [ 16.6394, 3.5286 ], [ 16.6862, 3.5423 ], [ 16.7092, 3.5437 ], [ 16.7294, 3.5423 ], [ 16.8118, 3.5217 ], [ 16.8331, 3.5229 ], [ 16.8525, 3.5329 ], [ 16.8547, 3.5413 ], [ 16.8518, 3.5519 ], [ 16.8532, 3.5602 ], [ 16.868, 3.5616 ], [ 16.9047, 3.5506 ], [ 16.9324, 3.5539 ], [ 16.9422, 3.5532 ], [ 16.9533, 3.5469 ], [ 16.9605, 3.5385 ], [ 16.9684, 3.5336 ], [ 16.9897, 3.5395 ], [ 17.0091, 3.5382 ], [ 17.0178, 3.5419 ], [ 17.0358, 3.5562 ], [ 17.0523, 3.5641 ], [ 17.0613, 3.5662 ], [ 17.0883, 3.5645 ], [ 17.102, 3.5666 ], [ 17.1427, 3.581 ], [ 17.183, 3.5797 ], [ 17.1974, 3.5818 ], [ 17.214, 3.5894 ], [ 17.2312, 3.6091 ], [ 17.2449, 3.6206 ], [ 17.2593, 3.6259 ], [ 17.2723, 3.6246 ], [ 17.2982, 3.616 ], [ 17.3342, 3.6186 ], [ 17.3558, 3.6385 ], [ 17.3756, 3.6635 ], [ 17.4274, 3.6901 ], [ 17.4426, 3.7013 ], [ 17.4588, 3.7083 ], [ 17.4818, 3.7047 ], [ 17.4861, 3.7003 ], [ 17.4901, 3.6871 ], [ 17.4951, 3.6833 ], [ 17.5088, 3.6818 ], [ 17.5135, 3.6793 ], [ 17.5506, 3.6482 ], [ 17.5869, 3.6323 ], [ 17.6272, 3.6263 ], [ 17.709, 3.6265 ], [ 17.7262, 3.6319 ], [ 17.7331, 3.6322 ], [ 17.7399, 3.6292 ], [ 17.7496, 3.6182 ], [ 17.7561, 3.6146 ], [ 17.7651, 3.6144 ], [ 17.7846, 3.6183 ], [ 17.7932, 3.6176 ], [ 17.8083, 3.6086 ], [ 17.8213, 3.594 ], [ 17.8306, 3.5757 ], [ 17.8353, 3.5559 ], [ 17.8422, 3.5402 ], [ 17.8566, 3.5373 ], [ 17.8753, 3.5427 ], [ 17.9134, 3.5614 ], [ 17.9192, 3.5656 ], [ 17.9599, 3.5412 ], [ 17.9696, 3.5376 ], [ 17.9818, 3.5389 ], [ 18.0132, 3.5541 ], [ 18.047, 3.5632 ], [ 18.0819, 3.5635 ], [ 18.1165, 3.552 ], [ 18.1341, 3.5349 ], [ 18.1467, 3.495 ], [ 18.1597, 3.4804 ], [ 18.1816, 3.4775 ], [ 18.2025, 3.4874 ], [ 18.2202, 3.504 ], [ 18.2317, 3.5211 ], [ 18.2425, 3.5612 ], [ 18.2486, 3.5749 ], [ 18.2558, 3.5772 ], [ 18.2648, 3.5748 ], [ 18.276, 3.5744 ], [ 18.3555, 3.5815 ], [ 18.3616, 3.5802 ], [ 18.3728, 3.5745 ], [ 18.38, 3.5744 ], [ 18.3836, 3.5781 ], [ 18.3879, 3.5917 ], [ 18.3922, 3.5958 ], [ 18.4038, 3.5974 ], [ 18.4207, 3.5964 ], [ 18.4297, 3.6003 ], [ 18.448, 3.618 ], [ 18.4592, 3.6315 ], [ 18.4722, 3.632 ], [ 18.497, 3.6116 ], [ 18.5136, 3.5923 ], [ 18.5542, 3.5264 ], [ 18.5704, 3.4897 ], [ 18.5823, 3.4775 ], [ 18.6262, 3.4769 ], [ 18.5931, 3.7099 ], [ 18.6129, 3.8338 ], [ 18.6118, 3.8792 ], [ 18.6136, 3.9015 ], [ 18.6345, 3.9357 ], [ 18.6417, 3.9583 ], [ 18.6453, 3.9825 ], [ 18.6464, 4.0461 ], [ 18.6327, 4.1305 ], [ 18.6198, 4.1696 ], [ 18.5838, 4.2358 ], [ 18.5787, 4.2548 ], [ 18.5726, 4.2657 ], [ 18.5449, 4.289 ], [ 18.537, 4.3061 ], [ 18.542, 4.3278 ], [ 18.5568, 4.3542 ], [ 18.5766, 4.3728 ], [ 18.5956, 4.3713 ], [ 18.6144, 4.3599 ], [ 18.6338, 4.356 ], [ 18.654, 4.3573 ], [ 18.6745, 4.3613 ], [ 18.7209, 4.3773 ], [ 18.7533, 4.4007 ], [ 18.7771, 4.4334 ], [ 18.8282, 4.5601 ], [ 18.8523, 4.5941 ], [ 18.8865, 4.6215 ], [ 18.898, 4.6507 ], [ 18.9045, 4.656 ], [ 18.924, 4.663 ], [ 18.9283, 4.6664 ], [ 18.9621, 4.7245 ], [ 18.9805, 4.7394 ], [ 18.9981, 4.7507 ], [ 19.0114, 4.765 ], [ 19.0197, 4.8034 ], [ 19.0442, 4.827 ], [ 19.0489, 4.8366 ], [ 19.0579, 4.8678 ], [ 19.069, 4.8912 ], [ 19.0834, 4.9094 ], [ 19.1162, 4.9405 ], [ 19.1331, 4.947 ], [ 19.1788, 4.9465 ], [ 19.1958, 4.9503 ], [ 19.2148, 4.9762 ], [ 19.2296, 5.0023 ], [ 19.2372, 5.0109 ], [ 19.284, 5.0323 ], [ 19.3732, 5.0876 ], [ 19.3941, 5.1171 ], [ 19.4089, 5.1304 ], [ 19.4316, 5.1359 ], [ 19.4964, 5.1338 ], [ 19.5172, 5.1359 ], [ 19.5486, 5.1514 ], [ 19.5687, 5.1553 ], [ 19.6054, 5.1384 ], [ 19.7196, 5.1359 ], [ 19.7289, 5.1339 ], [ 19.7487, 5.1245 ], [ 19.7793, 5.1182 ], [ 19.8247, 5.097 ], [ 19.8387, 5.0876 ], [ 19.8502, 5.0738 ], [ 19.8754, 5.0311 ], [ 19.8805, 5.0156 ], [ 19.8909, 5.0021 ], [ 19.9154, 4.9931 ], [ 20.004, 4.9745 ], [ 20.031, 4.9581 ], [ 20.0547, 4.9379 ], [ 20.0864, 4.9163 ], [ 20.1526, 4.8907 ], [ 20.1717, 4.8784 ], [ 20.2171, 4.8225 ], [ 20.2365, 4.8064 ], [ 20.2549, 4.7972 ], [ 20.3017, 4.7818 ], [ 20.3226, 4.779 ], [ 20.3391, 4.7719 ], [ 20.3539, 4.7554 ], [ 20.3737, 4.7245 ], [ 20.3956, 4.6772 ], [ 20.4039, 4.6699 ], [ 20.4205, 4.6624 ], [ 20.4403, 4.6441 ], [ 20.4565, 4.6215 ], [ 20.463, 4.601 ], [ 20.4572, 4.5864 ], [ 20.4471, 4.5697 ], [ 20.4421, 4.5505 ], [ 20.4522, 4.529 ], [ 20.5598, 4.4284 ], [ 20.5803, 4.415 ], [ 20.603, 4.4098 ], [ 20.6883, 4.4229 ], [ 20.7679, 4.4229 ], [ 20.792, 4.4263 ], [ 20.8323, 4.4508 ], [ 20.8716, 4.4535 ], [ 20.9634, 4.4337 ], [ 21.0595, 4.3987 ], [ 21.076, 4.3955 ], [ 21.0843, 4.3882 ], [ 21.1034, 4.3533 ], [ 21.1135, 4.3409 ], [ 21.138, 4.3327 ], [ 21.1502, 4.3268 ], [ 21.1581, 4.3102 ], [ 21.1657, 4.3072 ], [ 21.1855, 4.3061 ], [ 21.1956, 4.3029 ], [ 21.211, 4.2916 ], [ 21.2233, 4.2925 ], [ 21.2323, 4.2979 ], [ 21.2506, 4.3204 ], [ 21.2658, 4.3301 ], [ 21.2755, 4.3326 ], [ 21.2884, 4.3334 ], [ 21.2989, 4.3303 ], [ 21.3104, 4.3161 ], [ 21.3583, 4.2856 ], [ 21.3748, 4.2782 ], [ 21.3975, 4.2717 ], [ 21.417, 4.2702 ], [ 21.4602, 4.272 ], [ 21.4731, 4.2693 ], [ 21.4972, 4.2516 ], [ 21.508, 4.2494 ], [ 21.5278, 4.2493 ], [ 21.5383, 4.2447 ], [ 21.634, 4.2942 ], [ 21.651, 4.2958 ], [ 21.6888, 4.2925 ], [ 21.723, 4.2952 ], [ 21.7374, 4.2935 ], [ 21.7586, 4.2856 ], [ 21.7708, 4.2736 ], [ 21.782, 4.272 ], [ 21.8112, 4.2732 ], [ 21.8198, 4.272 ], [ 21.8382, 4.2633 ], [ 21.8518, 4.2517 ], [ 21.8677, 4.2415 ], [ 21.8914, 4.2372 ], [ 21.9498, 4.2335 ], [ 21.9706, 4.2372 ], [ 21.9897, 4.2443 ], [ 22.0016, 4.2447 ], [ 22.0578, 4.2196 ], [ 22.1085, 4.2099 ], [ 22.128, 4.2032 ], [ 22.1517, 4.1796 ], [ 22.1618, 4.1733 ], [ 22.1848, 4.1647 ], [ 22.2072, 4.1504 ], [ 22.3033, 4.1288 ], [ 22.4228, 4.1348 ], [ 22.4574, 4.1491 ], [ 22.4926, 4.1741 ], [ 22.5106, 4.1913 ], [ 22.5182, 4.2069 ], [ 22.5405, 4.2274 ], [ 22.5463, 4.2372 ], [ 22.5456, 4.246 ], [ 22.5398, 4.267 ], [ 22.5394, 4.2782 ], [ 22.5686, 4.3315 ], [ 22.5765, 4.3409 ], [ 22.588, 4.3443 ], [ 22.5999, 4.3526 ], [ 22.6093, 4.3635 ], [ 22.6136, 4.3743 ], [ 22.6111, 4.3819 ], [ 22.5942, 4.4024 ], [ 22.5891, 4.422 ], [ 22.587, 4.4495 ], [ 22.5924, 4.4738 ], [ 22.6104, 4.4842 ], [ 22.6543, 4.4828 ], [ 22.6755, 4.4848 ], [ 22.6896, 4.4917 ], [ 22.695, 4.5016 ], [ 22.6971, 4.512 ], [ 22.6971, 4.5358 ], [ 22.7, 4.5411 ], [ 22.7137, 4.5512 ], [ 22.7313, 4.5873 ], [ 22.7238, 4.617 ], [ 22.7238, 4.6289 ], [ 22.7378, 4.6378 ], [ 22.7486, 4.6484 ], [ 22.7572, 4.6608 ], [ 22.7652, 4.676 ], [ 22.7763, 4.7102 ], [ 22.786, 4.7247 ], [ 22.803, 4.7307 ], [ 22.8181, 4.7247 ], [ 22.8372, 4.7142 ], [ 22.8537, 4.7114 ], [ 22.8652, 4.7387 ], [ 22.8872, 4.7556 ], [ 22.8955, 4.7654 ], [ 22.8868, 4.7768 ], [ 22.8825, 4.7885 ], [ 22.8829, 4.8008 ], [ 22.8886, 4.8132 ], [ 22.8984, 4.8237 ], [ 22.9059, 4.8243 ], [ 22.9153, 4.8213 ], [ 22.9297, 4.8207 ], [ 22.965, 4.8353 ], [ 22.9776, 4.8343 ], [ 22.9858, 4.8264 ], [ 22.9963, 4.7995 ], [ 23.0071, 4.7785 ], [ 23.011, 4.7637 ], [ 23.0172, 4.7506 ], [ 23.0294, 4.745 ], [ 23.0427, 4.743 ], [ 23.0553, 4.7378 ], [ 23.0773, 4.7211 ], [ 23.0992, 4.7116 ], [ 23.1237, 4.7156 ], [ 23.1687, 4.7381 ], [ 23.1838, 4.7254 ], [ 23.2087, 4.6906 ], [ 23.2519, 4.663 ], [ 23.2648, 4.6351 ], [ 23.2951, 4.6276 ], [ 23.2998, 4.6252 ], [ 23.3163, 4.6077 ], [ 23.3358, 4.6069 ], [ 23.3541, 4.6036 ], [ 23.371, 4.5973 ], [ 23.3883, 4.5873 ], [ 23.3959, 4.5917 ], [ 23.4146, 4.5909 ], [ 23.4225, 4.5941 ], [ 23.4276, 4.6014 ], [ 23.4301, 4.6289 ], [ 23.4373, 4.6467 ], [ 23.4484, 4.6594 ], [ 23.465, 4.6673 ], [ 23.4884, 4.6699 ], [ 23.506, 4.6764 ], [ 23.5665, 4.7245 ], [ 23.5881, 4.734 ], [ 23.6342, 4.7451 ], [ 23.6727, 4.7673 ], [ 23.6929, 4.7735 ], [ 23.7379, 4.779 ], [ 23.7602, 4.7875 ], [ 23.7984, 4.8148 ], [ 23.8167, 4.8207 ], [ 23.8552, 4.8132 ], [ 23.8642, 4.8161 ], [ 23.8747, 4.825 ], [ 23.8819, 4.827 ], [ 23.9244, 4.8178 ], [ 23.9485, 4.8177 ], [ 23.9474, 4.8306 ], [ 23.9427, 4.8406 ], [ 23.9431, 4.8517 ], [ 23.9463, 4.8618 ], [ 23.9506, 4.8678 ], [ 23.9571, 4.8709 ], [ 23.9632, 4.8688 ], [ 23.978, 4.8542 ], [ 23.9956, 4.865 ], [ 24.0468, 4.8889 ], [ 24.0723, 4.9103 ], [ 24.0896, 4.9203 ], [ 24.1083, 4.9231 ], [ 24.1198, 4.919 ], [ 24.1393, 4.9055 ], [ 24.1526, 4.9027 ], [ 24.163, 4.9078 ], [ 24.1908, 4.9442 ], [ 24.2095, 4.9562 ], [ 24.2296, 4.9612 ], [ 24.2462, 4.9541 ], [ 24.253, 4.9299 ], [ 24.2592, 4.9299 ], [ 24.2678, 4.9357 ], [ 24.2696, 4.9525 ], [ 24.2728, 4.9641 ], [ 24.2847, 4.9924 ], [ 24.2966, 5.0033 ], [ 24.3686, 5.0124 ], [ 24.3862, 5.0225 ], [ 24.3985, 5.0361 ], [ 24.397, 5.0482 ], [ 24.3718, 5.0534 ], [ 24.3614, 5.063 ], [ 24.3679, 5.0846 ], [ 24.3826, 5.1079 ], [ 24.3963, 5.1224 ], [ 24.4017, 5.1115 ], [ 24.4114, 5.0819 ], [ 24.4168, 5.0733 ], [ 24.4305, 5.0674 ], [ 24.4334, 5.0756 ], [ 24.433, 5.0894 ], [ 24.4366, 5.1006 ], [ 24.4597, 5.1075 ], [ 24.487, 5.1009 ], [ 24.5137, 5.0873 ], [ 24.5331, 5.0733 ], [ 24.5385, 5.0655 ], [ 24.5475, 5.0465 ], [ 24.5536, 5.0392 ], [ 24.5634, 5.0349 ], [ 24.5886, 5.0311 ], [ 24.6012, 5.0262 ], [ 24.6102, 5.0167 ], [ 24.6102, 4.9967 ], [ 24.6156, 4.9851 ], [ 24.6274, 4.977 ], [ 24.657, 4.9674 ], [ 24.6706, 4.9572 ], [ 24.6573, 4.9397 ], [ 24.6541, 4.9294 ], [ 24.6645, 4.9244 ], [ 24.7308, 4.9176 ], [ 24.7498, 4.9189 ], [ 24.7664, 4.9299 ], [ 24.7783, 4.9186 ], [ 24.7894, 4.9199 ], [ 24.811, 4.9405 ], [ 24.8193, 4.9445 ], [ 24.837, 4.9377 ], [ 24.8485, 4.9367 ], [ 24.8683, 4.9445 ], [ 24.9043, 4.9668 ], [ 24.927, 4.9715 ], [ 24.9579, 4.9914 ], [ 24.9694, 4.9914 ], [ 25.0065, 4.981 ], [ 25.0407, 4.9621 ], [ 25.076, 4.9519 ], [ 25.0846, 4.9542 ], [ 25.0904, 4.9745 ], [ 25.1008, 4.9946 ], [ 25.1052, 4.9989 ], [ 25.1142, 5.0019 ], [ 25.1217, 5.0087 ], [ 25.1293, 5.0187 ], [ 25.1401, 5.018 ], [ 25.1545, 5.0093 ], [ 25.1635, 5.0057 ], [ 25.2276, 5.0096 ], [ 25.2394, 5.0156 ], [ 25.2484, 5.0242 ], [ 25.2924, 5.0283 ], [ 25.3075, 5.0323 ], [ 25.3168, 5.0424 ], [ 25.3208, 5.0522 ], [ 25.3219, 5.077 ], [ 25.3251, 5.0882 ], [ 25.3392, 5.1052 ], [ 25.3424, 5.1115 ], [ 25.3492, 5.1417 ], [ 25.3485, 5.1491 ], [ 25.3413, 5.1557 ], [ 25.3215, 5.1593 ], [ 25.3143, 5.1633 ], [ 25.3078, 5.1853 ], [ 25.3161, 5.2023 ], [ 25.3291, 5.2161 ], [ 25.3356, 5.2285 ], [ 25.3374, 5.2517 ], [ 25.3435, 5.2719 ], [ 25.3557, 5.2865 ], [ 25.3766, 5.2931 ], [ 25.3636, 5.3105 ], [ 25.3708, 5.3168 ], [ 25.3852, 5.3216 ], [ 25.3957, 5.334 ], [ 25.4133, 5.3236 ], [ 25.4349, 5.3287 ], [ 25.4799, 5.3532 ], [ 25.4821, 5.3569 ], [ 25.4954, 5.3446 ], [ 25.5044, 5.3423 ], [ 25.5289, 5.3519 ], [ 25.5408, 5.3545 ], [ 25.5328, 5.3722 ], [ 25.5436, 5.3754 ], [ 25.562, 5.3731 ], [ 25.5811, 5.3749 ], [ 25.589, 5.3623 ], [ 25.5922, 5.3492 ], [ 25.6005, 5.3404 ], [ 25.6228, 5.3407 ], [ 25.6142, 5.33 ], [ 25.6092, 5.3266 ], [ 25.6092, 5.3203 ], [ 25.6236, 5.31 ], [ 25.6311, 5.3118 ], [ 25.638, 5.318 ], [ 25.6502, 5.3203 ], [ 25.6556, 5.3178 ], [ 25.6632, 5.3092 ], [ 25.6689, 5.3062 ], [ 25.6912, 5.2998 ], [ 25.7049, 5.2896 ], [ 25.7326, 5.2589 ], [ 25.7438, 5.2507 ], [ 25.7578, 5.2444 ], [ 25.7719, 5.2456 ], [ 25.7812, 5.2589 ], [ 25.7694, 5.2652 ], [ 25.7784, 5.2692 ], [ 25.7924, 5.2629 ], [ 25.7946, 5.2384 ], [ 25.8147, 5.2446 ], [ 25.8115, 5.231 ], [ 25.8262, 5.1948 ], [ 25.8363, 5.2001 ], [ 25.846, 5.2117 ], [ 25.8493, 5.2179 ], [ 25.8723, 5.2171 ], [ 25.8835, 5.2036 ], [ 25.8928, 5.1853 ], [ 25.9108, 5.1702 ], [ 25.9126, 5.1905 ], [ 25.9256, 5.2018 ], [ 25.9432, 5.2042 ], [ 25.9587, 5.1975 ], [ 25.9584, 5.2148 ], [ 25.9627, 5.2245 ], [ 25.972, 5.2277 ], [ 25.9861, 5.2254 ], [ 25.9965, 5.2192 ], [ 26.0138, 5.1993 ], [ 26.0268, 5.19 ], [ 26.0372, 5.1981 ], [ 26.0678, 5.2009 ], [ 26.0707, 5.2122 ], [ 26.0772, 5.2164 ], [ 26.0862, 5.2152 ], [ 26.0952, 5.2111 ], [ 26.0916, 5.2191 ], [ 26.0883, 5.2446 ], [ 26.0984, 5.2396 ], [ 26.1124, 5.2384 ], [ 26.1196, 5.2416 ], [ 26.125, 5.2486 ], [ 26.1301, 5.2589 ], [ 26.1441, 5.2519 ], [ 26.151, 5.24 ], [ 26.1574, 5.2325 ], [ 26.1708, 5.2384 ], [ 26.1816, 5.2297 ], [ 26.1844, 5.2254 ], [ 26.1981, 5.2384 ], [ 26.2071, 5.2078 ], [ 26.2136, 5.1992 ], [ 26.2262, 5.2044 ], [ 26.2262, 5.1832 ], [ 26.2467, 5.19 ], [ 26.2539, 5.1723 ], [ 26.2726, 5.1591 ], [ 26.2917, 5.151 ], [ 26.3173, 5.1465 ], [ 26.3364, 5.1487 ], [ 26.3533, 5.1478 ], [ 26.3626, 5.1359 ], [ 26.3695, 5.1407 ], [ 26.3907, 5.1491 ], [ 26.4001, 5.1337 ], [ 26.4418, 5.1043 ], [ 26.4627, 5.0597 ], [ 26.4753, 5.0572 ], [ 26.5027, 5.0475 ], [ 26.52, 5.0461 ], [ 26.5282, 5.0481 ], [ 26.5542, 5.06 ], [ 26.5614, 5.0671 ], [ 26.5682, 5.0597 ], [ 26.5797, 5.0744 ], [ 26.5984, 5.0807 ], [ 26.6154, 5.0783 ], [ 26.6236, 5.0671 ], [ 26.6298, 5.0671 ], [ 26.6355, 5.0777 ], [ 26.6442, 5.0784 ], [ 26.6575, 5.0733 ], [ 26.6676, 5.0784 ], [ 26.6812, 5.0893 ], [ 26.6917, 5.0944 ], [ 26.7396, 5.0944 ], [ 26.7536, 5.0923 ], [ 26.7604, 5.0882 ], [ 26.8083, 5.0392 ], [ 26.8155, 5.0402 ], [ 26.826, 5.0508 ], [ 26.8328, 5.0534 ], [ 26.8396, 5.0512 ], [ 26.845, 5.0464 ], [ 26.8494, 5.0392 ], [ 26.867, 5.0376 ], [ 26.8843, 5.0534 ], [ 26.8897, 5.0621 ], [ 26.899, 5.086 ], [ 26.9041, 5.0944 ], [ 26.9336, 5.1266 ], [ 26.9617, 5.1513 ], [ 26.9916, 5.1713 ], [ 27.0276, 5.19 ], [ 27.0736, 5.2034 ], [ 27.1165, 5.2003 ], [ 27.1575, 5.1855 ], [ 27.2396, 5.145 ], [ 27.2626, 5.1385 ], [ 27.3019, 5.1321 ], [ 27.3429, 5.1006 ], [ 27.3613, 5.0954 ], [ 27.3915, 5.0923 ], [ 27.4052, 5.0829 ], [ 27.4149, 5.0807 ], [ 27.4412, 5.0708 ], [ 27.4311, 5.0837 ], [ 27.402, 5.1046 ], [ 27.3858, 5.1438 ], [ 27.3584, 5.1669 ], [ 27.3012, 5.2052 ], [ 27.281, 5.2305 ], [ 27.2644, 5.2602 ], [ 27.2378, 5.3233 ], [ 27.2335, 5.3383 ], [ 27.2281, 5.3877 ], [ 27.2202, 5.4131 ], [ 27.218, 5.4256 ], [ 27.2202, 5.4409 ], [ 27.2608, 5.5502 ], [ 27.259, 5.56 ], [ 27.2612, 5.5776 ], [ 27.2572, 5.5862 ], [ 27.2475, 5.5926 ], [ 27.24, 5.592 ], [ 27.2227, 5.5844 ], [ 27.2173, 5.5854 ], [ 27.2112, 5.5949 ], [ 27.2108, 5.6016 ], [ 27.2151, 5.6162 ], [ 27.2166, 5.6335 ], [ 27.2191, 5.64 ], [ 27.2184, 5.6454 ], [ 27.1964, 5.6614 ], [ 27.1942, 5.6673 ], [ 27.1906, 5.6919 ], [ 27.1824, 5.7075 ], [ 27.1705, 5.7204 ], [ 27.1561, 5.7275 ], [ 27.1363, 5.734 ], [ 27.1316, 5.7414 ], [ 27.1309, 5.7522 ], [ 27.1237, 5.7688 ], [ 27.1147, 5.7753 ], [ 27.0726, 5.7912 ], [ 27.0636, 5.7909 ], [ 27.0452, 5.7849 ], [ 27.0362, 5.7852 ], [ 27.0294, 5.7899 ], [ 27.0222, 5.8051 ], [ 27.0034, 5.8193 ], [ 26.9919, 5.8478 ], [ 26.9811, 5.8592 ], [ 26.9376, 5.8485 ], [ 26.9163, 5.8496 ], [ 26.9037, 5.8671 ], [ 26.8944, 5.8897 ], [ 26.8821, 5.892 ], [ 26.8652, 5.886 ], [ 26.8422, 5.8843 ], [ 26.8188, 5.8947 ], [ 26.8108, 5.9124 ], [ 26.8051, 5.9572 ], [ 26.7943, 5.9705 ], [ 26.7763, 5.982 ], [ 26.705, 6.0098 ], [ 26.6344, 6.0065 ], [ 26.602, 6.0106 ], [ 26.5437, 6.0309 ], [ 26.5279, 6.0432 ], [ 26.5182, 6.0611 ], [ 26.5099, 6.0827 ], [ 26.4987, 6.0999 ], [ 26.4811, 6.1049 ], [ 26.4408, 6.077 ], [ 26.4249, 6.0724 ], [ 26.4213, 6.0938 ], [ 26.4292, 6.1131 ], [ 26.4454, 6.1302 ], [ 26.4652, 6.1443 ], [ 26.4836, 6.1544 ], [ 26.5002, 6.168 ], [ 26.5095, 6.1865 ], [ 26.5088, 6.2055 ], [ 26.4958, 6.2211 ], [ 26.4796, 6.2251 ], [ 26.4649, 6.2244 ], [ 26.4555, 6.2306 ], [ 26.4552, 6.2545 ], [ 26.4519, 6.2804 ], [ 26.4361, 6.2917 ], [ 26.3947, 6.3005 ], [ 26.376, 6.3126 ], [ 26.3518, 6.3443 ], [ 26.3353, 6.3607 ], [ 26.3158, 6.3717 ], [ 26.3007, 6.3778 ], [ 26.2896, 6.3873 ], [ 26.2827, 6.4079 ], [ 26.2852, 6.4259 ], [ 26.2906, 6.4447 ], [ 26.2892, 6.4594 ], [ 26.2701, 6.4657 ], [ 26.277, 6.4774 ], [ 26.2964, 6.4896 ], [ 26.305, 6.4969 ], [ 26.3245, 6.5372 ], [ 26.3562, 6.5795 ], [ 26.3724, 6.6098 ], [ 26.3799, 6.6198 ], [ 26.3781, 6.6533 ], [ 26.3299, 6.6806 ], [ 26.2705, 6.7025 ], [ 26.2363, 6.7201 ], [ 26.2194, 6.7376 ], [ 26.1787, 6.7659 ], [ 26.1477, 6.8047 ], [ 26.1319, 6.8117 ], [ 26.1139, 6.8164 ], [ 26.0912, 6.8303 ], [ 26.0811, 6.8423 ], [ 26.0775, 6.8534 ], [ 26.0757, 6.8647 ], [ 26.0714, 6.8776 ], [ 26.071, 6.8836 ], [ 26.0736, 6.8952 ], [ 26.0692, 6.8992 ], [ 26.0505, 6.8967 ], [ 26.0455, 6.8997 ], [ 26.0358, 6.9223 ], [ 26.0322, 6.9741 ], [ 26.026, 6.9968 ], [ 25.981, 7.0003 ], [ 25.9695, 7.0036 ], [ 25.9666, 7.0099 ], [ 25.9663, 7.0175 ], [ 25.9605, 7.0245 ], [ 25.9504, 7.0285 ], [ 25.9202, 7.0341 ], [ 25.8889, 7.0519 ], [ 25.8842, 7.0612 ], [ 25.8817, 7.0799 ], [ 25.8774, 7.0878 ], [ 25.8608, 7.0955 ], [ 25.8158, 7.0998 ], [ 25.8007, 7.1049 ], [ 25.7917, 7.1211 ], [ 25.7917, 7.1344 ], [ 25.7863, 7.1427 ], [ 25.7614, 7.1437 ], [ 25.7503, 7.1466 ], [ 25.7344, 7.1625 ], [ 25.7244, 7.1668 ], [ 25.7049, 7.1665 ], [ 25.697, 7.1686 ], [ 25.6729, 7.1878 ], [ 25.6542, 7.1954 ], [ 25.5922, 7.2113 ], [ 25.5768, 7.2199 ], [ 25.5318, 7.2608 ], [ 25.5166, 7.2699 ], [ 25.5004, 7.2728 ], [ 25.481, 7.2662 ], [ 25.4551, 7.2782 ], [ 25.4162, 7.3079 ], [ 25.36, 7.3356 ], [ 25.3467, 7.3451 ], [ 25.3359, 7.3597 ], [ 25.3305, 7.3741 ], [ 25.324, 7.4029 ], [ 25.3161, 7.4172 ], [ 25.3096, 7.4221 ], [ 25.2931, 7.4272 ], [ 25.2852, 7.4317 ], [ 25.279, 7.4384 ], [ 25.2697, 7.4543 ], [ 25.2632, 7.4611 ], [ 25.2499, 7.47 ], [ 25.1905, 7.5012 ], [ 25.1689, 7.5512 ], [ 25.1646, 7.5673 ], [ 25.1653, 7.5799 ], [ 25.1865, 7.6001 ], [ 25.2524, 7.6224 ], [ 25.2751, 7.642 ], [ 25.2794, 7.6595 ], [ 25.2765, 7.6742 ], [ 25.2668, 7.7031 ], [ 25.2708, 7.7462 ], [ 25.27, 7.7608 ], [ 25.2646, 7.7777 ], [ 25.2495, 7.8043 ], [ 25.2394, 7.8359 ], [ 25.2297, 7.8517 ], [ 25.2168, 7.8641 ], [ 25.1916, 7.8724 ], [ 25.1804, 7.884 ], [ 25.1732, 7.8886 ], [ 25.1487, 7.8926 ], [ 25.1343, 7.8926 ], [ 25.1034, 7.8857 ], [ 25.0897, 7.8849 ], [ 25.0591, 7.8962 ], [ 25.0292, 7.9189 ], [ 24.9813, 7.9723 ], [ 24.9648, 7.9826 ], [ 24.9525, 7.9966 ], [ 24.9507, 8.0144 ], [ 24.9302, 8.0354 ], [ 24.9277, 8.0709 ], [ 24.918, 8.0871 ], [ 24.8323, 8.1658 ], [ 24.8002, 8.1802 ], [ 24.7423, 8.1868 ], [ 24.7106, 8.2043 ], [ 24.6904, 8.2067 ], [ 24.671, 8.2069 ], [ 24.6148, 8.2172 ], [ 24.5446, 8.2061 ], [ 24.513, 8.2071 ], [ 24.4813, 8.2266 ], [ 24.4716, 8.2289 ], [ 24.4644, 8.2332 ], [ 24.459, 8.2398 ], [ 24.455, 8.2486 ], [ 24.4312, 8.2714 ], [ 24.3967, 8.2678 ], [ 24.3322, 8.2458 ], [ 24.3027, 8.2654 ], [ 24.257, 8.2693 ], [ 24.2224, 8.2773 ], [ 24.2066, 8.2833 ], [ 24.18, 8.2977 ], [ 24.153, 8.3179 ], [ 24.1314, 8.3431 ], [ 24.1216, 8.3723 ], [ 24.1252, 8.4049 ], [ 24.1371, 8.4388 ], [ 24.1933, 8.5324 ], [ 24.2034, 8.5434 ], [ 24.2437, 8.5702 ], [ 24.2505, 8.5797 ], [ 24.2455, 8.5918 ], [ 24.2185, 8.613 ], [ 24.2113, 8.627 ], [ 24.2152, 8.6413 ], [ 24.2336, 8.6678 ], [ 24.2358, 8.682 ], [ 24.2178, 8.6916 ], [ 24.1702, 8.6894 ], [ 24.1141, 8.6817 ], [ 24.0097, 8.6989 ], [ 23.9812, 8.6941 ], [ 23.9622, 8.697 ], [ 23.9222, 8.7135 ], [ 23.8668, 8.7079 ], [ 23.8034, 8.7222 ], [ 23.7688, 8.7213 ], [ 23.7375, 8.7069 ], [ 23.7213, 8.702 ], [ 23.6893, 8.7107 ], [ 23.6572, 8.71 ], [ 23.6439, 8.7152 ], [ 23.6292, 8.7256 ], [ 23.6133, 8.7322 ], [ 23.5964, 8.7342 ], [ 23.578, 8.7305 ], [ 23.564, 8.7228 ], [ 23.5406, 8.7049 ], [ 23.5258, 8.7014 ], [ 23.5053, 8.7107 ], [ 23.4902, 8.7326 ], [ 23.4819, 8.7594 ], [ 23.4823, 8.7834 ], [ 23.4956, 8.8095 ], [ 23.5366, 8.8556 ], [ 23.5536, 8.8832 ], [ 23.5658, 8.94 ], [ 23.5676, 8.9749 ], [ 23.56, 8.9965 ], [ 23.5424, 8.9972 ], [ 23.5053, 8.961 ], [ 23.478, 8.9589 ], [ 23.4513, 8.9742 ], [ 23.4384, 8.9945 ], [ 23.4358, 9.019 ], [ 23.4578, 9.1462 ], [ 23.4744, 9.1707 ], [ 23.4895, 9.1767 ], [ 23.5219, 9.1754 ], [ 23.5381, 9.1781 ], [ 23.5496, 9.1853 ], [ 23.5716, 9.2073 ], [ 23.6101, 9.2555 ], [ 23.6234, 9.2657 ], [ 23.632, 9.2776 ], [ 23.6306, 9.2922 ], [ 23.6205, 9.3229 ], [ 23.622, 9.3407 ], [ 23.6468, 9.4184 ], [ 23.6464, 9.425 ], [ 23.6407, 9.4331 ], [ 23.6349, 9.4354 ], [ 23.6274, 9.4351 ], [ 23.6202, 9.4477 ], [ 23.6173, 9.4572 ], [ 23.6184, 9.4884 ], [ 23.6166, 9.5015 ], [ 23.6068, 9.5263 ], [ 23.6061, 9.5372 ], [ 23.6184, 9.5661 ], [ 23.6554, 9.6225 ], [ 23.6691, 9.6521 ], [ 23.6742, 9.6903 ], [ 23.6446, 9.863 ], [ 23.6241, 9.9078 ], [ 23.2911, 10.4397 ], [ 23.1093, 10.6145 ], [ 23.0056, 10.6869 ], [ 22.8631, 10.8918 ], [ 22.8609, 10.9192 ] ] ] } },
{ "type": "Feature", "properties": { "z": "Chad", "ISO_A3": "TCD", "c": "Chad" }, "geometry": { "type": "Polygon", "coordinates": [ [ [ 14.065, 13.0781 ], [ 14.4182, 13.0812 ], [ 14.4355, 13.0703 ], [ 14.4823, 12.9988 ], [ 14.4963, 12.9837 ], [ 14.5046, 12.969 ], [ 14.5078, 12.9524 ], [ 14.506, 12.9321 ], [ 14.4906, 12.8863 ], [ 14.4902, 12.8736 ], [ 14.5003, 12.8591 ], [ 14.5309, 12.8362 ], [ 14.5489, 12.8182 ], [ 14.5489, 12.7804 ], [ 14.551, 12.7715 ], [ 14.5546, 12.7669 ], [ 14.5608, 12.7662 ], [ 14.5694, 12.7694 ], [ 14.5708, 12.7503 ], [ 14.5752, 12.7449 ], [ 14.5849, 12.7463 ], [ 14.604, 12.7608 ], [ 14.6104, 12.7624 ], [ 14.6184, 12.7592 ], [ 14.6209, 12.7479 ], [ 14.6241, 12.7419 ], [ 14.6418, 12.7309 ], [ 14.6482, 12.7252 ], [ 14.6644, 12.716 ], [ 14.694, 12.7237 ], [ 14.7098, 12.7183 ], [ 14.7166, 12.7018 ], [ 14.7022, 12.6691 ], [ 14.7138, 12.6525 ], [ 14.7289, 12.6772 ], [ 14.7343, 12.6804 ], [ 14.7433, 12.6772 ], [ 14.7523, 12.6689 ], [ 14.7588, 12.6588 ], [ 14.7613, 12.6493 ], [ 14.7688, 12.6333 ], [ 14.7861, 12.6313 ], [ 14.8192, 12.6389 ], [ 14.8308, 12.6183 ], [ 14.8639, 12.4955 ], [ 14.852, 12.4747 ], [ 14.8495, 12.457 ], [ 14.8509, 12.4551 ], [ 14.8556, 12.4545 ], [ 14.8639, 12.4471 ], [ 14.8617, 12.452 ], [ 14.866, 12.4525 ], [ 14.8776, 12.4471 ], [ 14.8786, 12.4431 ], [ 14.8768, 12.4316 ], [ 14.8776, 12.4272 ], [ 14.8912, 12.4026 ], [ 14.9082, 12.3269 ], [ 14.9064, 12.318 ], [ 14.9049, 12.2485 ], [ 14.9031, 12.2363 ], [ 14.8981, 12.2194 ], [ 14.8981, 12.2075 ], [ 14.901, 12.2001 ], [ 14.91, 12.1904 ], [ 14.9118, 12.1802 ], [ 14.9074, 12.1735 ], [ 14.8999, 12.1718 ], [ 14.8948, 12.1673 ], [ 14.8981, 12.1527 ], [ 14.9031, 12.1459 ], [ 14.9287, 12.1285 ], [ 14.9506, 12.1034 ], [ 14.9647, 12.0925 ], [ 14.9769, 12.0942 ], [ 14.9938, 12.1066 ], [ 15.0118, 12.1087 ], [ 15.0306, 12.1009 ], [ 15.0493, 12.0846 ], [ 15.0446, 12.0785 ], [ 15.041, 12.0676 ], [ 15.0406, 12.0557 ], [ 15.0457, 12.0461 ], [ 15.0532, 12.038 ], [ 15.0536, 12.0319 ], [ 15.0493, 12.0119 ], [ 15.0597, 11.9973 ], [ 15.077, 11.9829 ], [ 15.0813, 11.9717 ], [ 15.0525, 11.9673 ], [ 15.0482, 11.9628 ], [ 15.0507, 11.9528 ], [ 15.0633, 11.9273 ], [ 15.0565, 11.9185 ], [ 15.0471, 11.9102 ], [ 15.0421, 11.9024 ], [ 15.0442, 11.8772 ], [ 15.0511, 11.8617 ], [ 15.063, 11.8535 ], [ 15.0799, 11.8512 ], [ 15.0864, 11.8405 ], [ 15.1108, 11.7829 ], [ 15.1054, 11.7728 ], [ 15.0892, 11.7576 ], [ 15.0835, 11.7482 ], [ 15.0853, 11.744 ], [ 15.0961, 11.7341 ], [ 15.0972, 11.7277 ], [ 15.0932, 11.7228 ], [ 15.0763, 11.7214 ], [ 15.0684, 11.7001 ], [ 15.0666, 11.6806 ], [ 15.0694, 11.6607 ], [ 15.0853, 11.6159 ], [ 15.0957, 11.5982 ], [ 15.1238, 11.5631 ], [ 15.1357, 11.5308 ], [ 15.1224, 11.5032 ], [ 15.0763, 11.4534 ], [ 15.0669, 11.4356 ], [ 15.0604, 11.4162 ], [ 15.0543, 11.3641 ], [ 15.0493, 11.3488 ], [ 15.0493, 11.3373 ], [ 15.0525, 11.3299 ], [ 15.0622, 11.32 ], [ 15.063, 11.31 ], [ 15.0565, 11.2934 ], [ 15.0334, 11.2603 ], [ 15.0284, 11.2444 ], [ 15.0212, 11.1826 ], [ 15.0352, 10.9946 ], [ 15.0626, 10.9307 ], [ 15.0727, 10.9157 ], [ 15.0792, 10.8981 ], [ 15.0756, 10.8735 ], [ 15.063, 10.8307 ], [ 15.0658, 10.7931 ], [ 15.1422, 10.6473 ], [ 15.1501, 10.6231 ], [ 15.1486, 10.6073 ], [ 15.1386, 10.5897 ], [ 15.1324, 10.5654 ], [ 15.1317, 10.5408 ], [ 15.1382, 10.5216 ], [ 15.1443, 10.5163 ], [ 15.1648, 10.5092 ], [ 15.1864, 10.5059 ], [ 15.1983, 10.4966 ], [ 15.2185, 10.4873 ], [ 15.2271, 10.4701 ], [ 15.2412, 10.4329 ], [ 15.2556, 10.417 ], [ 15.2689, 10.4064 ], [ 15.2782, 10.3942 ], [ 15.2822, 10.3746 ], [ 15.2844, 10.3493 ], [ 15.2905, 10.329 ], [ 15.3013, 10.3118 ], [ 15.4392, 10.1853 ], [ 15.4762, 10.1328 ], [ 15.4906, 10.1245 ], [ 15.4903, 10.12 ], [ 15.536, 10.0806 ], [ 15.603, 10.0411 ], [ 15.6379, 10.03 ], [ 15.6811, 9.9913 ], [ 15.4395, 9.9317 ], [ 15.383, 9.9301 ], [ 15.2149, 9.9841 ], [ 15.1555, 9.9865 ], [ 15.1098, 9.9815 ], [ 15.1008, 9.9789 ], [ 15.0896, 9.9722 ], [ 15.0716, 9.9559 ], [ 15.0612, 9.9492 ], [ 15.0331, 9.9429 ], [ 15.0025, 9.945 ], [ 14.9442, 9.9588 ], [ 14.8981, 9.9605 ], [ 14.7724, 9.9217 ], [ 14.7325, 9.9239 ], [ 14.4405, 9.9953 ], [ 14.1817, 9.9782 ], [ 14.1734, 9.9751 ], [ 14.1684, 9.9477 ], [ 14.1198, 9.852 ], [ 14.0884, 9.8097 ], [ 14.0067, 9.7392 ], [ 13.9459, 9.6527 ], [ 13.9477, 9.6378 ], [ 14.0366, 9.5688 ], [ 14.3214, 9.2432 ], [ 14.3311, 9.2002 ], [ 14.3494, 9.1684 ], [ 14.794, 8.8136 ], [ 14.8099, 8.8086 ], [ 14.8279, 8.8132 ], [ 14.8459, 8.8111 ], [ 14.8599, 8.8033 ], [ 14.8995, 8.7743 ], [ 14.9082, 8.7648 ], [ 14.9132, 8.7525 ], [ 14.92, 8.7477 ], [ 14.9272, 8.7451 ], [ 14.9344, 8.7391 ], [ 14.9402, 8.7296 ], [ 14.9492, 8.7043 ], [ 14.9514, 8.6828 ], [ 14.955, 8.6763 ], [ 14.9686, 8.6722 ], [ 15.0057, 8.6667 ], [ 15.0313, 8.6588 ], [ 15.0518, 8.6438 ], [ 15.0687, 8.6239 ], [ 15.1108, 8.5552 ], [ 15.1684, 8.4987 ], [ 15.1836, 8.4792 ], [ 15.3452, 8.136 ], [ 15.4064, 7.9217 ], [ 15.4406, 7.8395 ], [ 15.4878, 7.805 ], [ 15.5094, 7.804 ], [ 15.563, 7.7924 ], [ 15.5623, 7.6902 ], [ 15.549, 7.6309 ], [ 15.522, 7.5761 ], [ 15.4809, 7.5232 ], [ 15.5155, 7.5122 ], [ 15.5518, 7.5099 ], [ 15.6249, 7.5198 ], [ 15.6685, 7.5164 ], [ 15.72, 7.4687 ], [ 15.7585, 7.4556 ], [ 15.7938, 7.458 ], [ 15.9252, 7.4882 ], [ 15.9432, 7.4953 ], [ 15.9756, 7.5152 ], [ 15.9903, 7.5294 ], [ 16.0123, 7.5603 ], [ 16.0263, 7.5749 ], [ 16.0429, 7.5839 ], [ 16.0652, 7.5912 ], [ 16.1289, 7.5995 ], [ 16.1628, 7.6111 ], [ 16.1854, 7.6108 ], [ 16.207, 7.6135 ], [ 16.2272, 7.6256 ], [ 16.2618, 7.6519 ], [ 16.2826, 7.6602 ], [ 16.3708, 7.6725 ], [ 16.3831, 7.6807 ], [ 16.387, 7.6947 ], [ 16.387, 7.7627 ], [ 16.3921, 7.7837 ], [ 16.4076, 7.7961 ], [ 16.418, 7.7959 ], [ 16.4374, 7.7884 ], [ 16.4508, 7.7921 ], [ 16.4572, 7.7996 ], [ 16.4756, 7.8358 ], [ 16.4918, 7.8492 ], [ 16.5091, 7.8583 ], [ 16.5487, 7.87 ], [ 16.5508, 7.8527 ], [ 16.5447, 7.813 ], [ 16.5494, 7.7947 ], [ 16.5602, 7.7797 ], [ 16.5764, 7.7678 ], [ 16.6052, 7.7572 ], [ 16.6131, 7.7482 ], [ 16.6182, 7.7343 ], [ 16.616, 7.7239 ], [ 16.6117, 7.7139 ], [ 16.6099, 7.7016 ], [ 16.6142, 7.6797 ], [ 16.6246, 7.6686 ], [ 16.6632, 7.6575 ], [ 16.6869, 7.6457 ], [ 16.71, 7.6277 ], [ 16.7467, 7.5866 ], [ 16.7686, 7.5503 ], [ 16.7823, 7.5411 ], [ 16.8054, 7.5437 ], [ 16.8129, 7.5477 ], [ 16.8367, 7.5675 ], [ 16.8504, 7.5659 ], [ 16.854, 7.5675 ], [ 16.8558, 7.5755 ], [ 16.8482, 7.5848 ], [ 16.8471, 7.5916 ], [ 16.8547, 7.6115 ], [ 16.8655, 7.6244 ], [ 16.8806, 7.6329 ], [ 16.9195, 7.6442 ], [ 16.9627, 7.6508 ], [ 16.9821, 7.6487 ], [ 16.989, 7.6608 ], [ 16.9976, 7.6668 ], [ 17.0084, 7.6676 ], [ 17.039, 7.6625 ], [ 17.0422, 7.6671 ], [ 17.0412, 7.6755 ], [ 17.0455, 7.6847 ], [ 17.0595, 7.6965 ], [ 17.079, 7.69 ], [ 17.0901, 7.6838 ], [ 17.0955, 7.6782 ], [ 17.102, 7.6778 ], [ 17.1164, 7.687 ], [ 17.1355, 7.7051 ], [ 17.1704, 7.7476 ], [ 17.1888, 7.7641 ], [ 17.1963, 7.7652 ], [ 17.2046, 7.7638 ], [ 17.2111, 7.7684 ], [ 17.2143, 7.7868 ], [ 17.2208, 7.7982 ], [ 17.2345, 7.8116 ], [ 17.251, 7.8229 ], [ 17.3857, 7.8706 ], [ 17.4058, 7.883 ], [ 17.4192, 7.8982 ], [ 17.4663, 7.8842 ], [ 17.4782, 7.8919 ], [ 17.4872, 7.9145 ], [ 17.5038, 7.9262 ], [ 17.5239, 7.931 ], [ 17.5599, 7.9347 ], [ 17.5808, 7.9407 ], [ 17.5999, 7.9504 ], [ 17.6208, 7.9788 ], [ 17.6398, 7.985 ], [ 17.6618, 7.9863 ], [ 17.6798, 7.9852 ], [ 17.8173, 7.9622 ], [ 17.8587, 7.9604 ], [ 17.898, 7.9674 ], [ 17.9772, 7.9972 ], [ 18.0704, 8.0193 ], [ 18.5082, 8.0307 ], [ 18.5892, 8.0479 ], [ 18.618, 8.0901 ], [ 18.6187, 8.1387 ], [ 18.6385, 8.1777 ], [ 18.6727, 8.2076 ], [ 18.7152, 8.2288 ], [ 18.7738, 8.2486 ], [ 18.7911, 8.2574 ], [ 18.8131, 8.2764 ], [ 18.8548, 8.3398 ], [ 18.8876, 8.371 ], [ 18.9013, 8.3886 ], [ 18.9103, 8.4129 ], [ 18.9204, 8.4321 ], [ 19.0204, 8.5456 ], [ 19.0611, 8.6256 ], [ 19.0816, 8.6372 ], [ 19.0914, 8.6529 ], [ 19.1241, 8.6751 ], [ 19.104, 8.698 ], [ 19.0734, 8.7206 ], [ 19.0579, 8.7298 ], [ 19.0485, 8.7457 ], [ 18.929, 8.7966 ], [ 18.9175, 8.8052 ], [ 18.9124, 8.8184 ], [ 18.9096, 8.8354 ], [ 18.9031, 8.8448 ], [ 18.8865, 8.8358 ], [ 18.87, 8.8494 ], [ 18.8696, 8.8641 ], [ 18.8926, 8.8979 ], [ 18.9013, 8.8941 ], [ 18.9106, 8.8942 ], [ 18.9178, 8.8988 ], [ 18.9229, 8.9182 ], [ 18.9286, 8.9217 ], [ 18.9366, 8.9234 ], [ 18.952, 8.932 ], [ 18.9718, 8.9383 ], [ 18.9758, 8.942 ], [ 18.9787, 8.9494 ], [ 18.9848, 8.9565 ], [ 18.9996, 8.9696 ], [ 19.0219, 8.9852 ], [ 19.0608, 9.0043 ], [ 19.1007, 9.0153 ], [ 19.1266, 9.0073 ], [ 19.1421, 9.0087 ], [ 19.1688, 9.0022 ], [ 19.1745, 9.0038 ], [ 19.1796, 9.0153 ], [ 19.1922, 9.0201 ], [ 19.2328, 9.0223 ], [ 19.2534, 9.028 ], [ 19.2631, 9.0283 ], [ 19.2753, 9.022 ], [ 19.2858, 9.0128 ], [ 19.2955, 9.0095 ], [ 19.3048, 9.0209 ], [ 19.3164, 9.0131 ], [ 19.3333, 9.0065 ], [ 19.3524, 9.0021 ], [ 19.3693, 9.0004 ], [ 19.3826, 9.0032 ], [ 19.4211, 9.0174 ], [ 19.4301, 9.0128 ], [ 19.5068, 9.014 ], [ 19.5158, 9.0094 ], [ 19.5212, 9.0088 ], [ 19.5309, 9.014 ], [ 19.5536, 9.0134 ], [ 19.5831, 9.0254 ], [ 19.6137, 9.0317 ], [ 19.64, 9.014 ], [ 19.6566, 9.0213 ], [ 19.7001, 9.0206 ], [ 19.7091, 9.0246 ], [ 19.7138, 9.0292 ], [ 19.7383, 9.0395 ], [ 19.7584, 9.042 ], [ 19.7847, 9.0488 ], [ 19.8056, 9.0512 ], [ 19.8895, 9.0463 ], [ 19.9021, 9.0518 ], [ 19.9143, 9.0692 ], [ 19.9287, 9.0626 ], [ 19.9435, 9.0659 ], [ 19.969, 9.083 ], [ 19.9932, 9.0847 ], [ 19.9996, 9.1043 ], [ 20.0029, 9.1086 ], [ 20.0068, 9.1103 ], [ 20.0144, 9.1064 ], [ 20.018, 9.0911 ], [ 20.0245, 9.0898 ], [ 20.0302, 9.0938 ], [ 20.0284, 9.1046 ], [ 20.0313, 9.1103 ], [ 20.0605, 9.1343 ], [ 20.0688, 9.1382 ], [ 20.077, 9.1368 ], [ 20.0907, 9.1312 ], [ 20.0994, 9.1308 ], [ 20.1012, 9.1481 ], [ 20.1094, 9.1512 ], [ 20.117, 9.1458 ], [ 20.1256, 9.1338 ], [ 20.1375, 9.1219 ], [ 20.1544, 9.1164 ], [ 20.1696, 9.1209 ], [ 20.198, 9.1405 ], [ 20.2128, 9.1449 ], [ 20.2228, 9.1419 ], [ 20.2344, 9.1346 ], [ 20.257, 9.1164 ], [ 20.2768, 9.1207 ], [ 20.3593, 9.1164 ], [ 20.3784, 9.12 ], [ 20.4028, 9.1371 ], [ 20.4126, 9.1421 ], [ 20.423, 9.1432 ], [ 20.4352, 9.1382 ], [ 20.4554, 9.1594 ], [ 20.4676, 9.1841 ], [ 20.4817, 9.2047 ], [ 20.5072, 9.2133 ], [ 20.513, 9.2239 ], [ 20.5026, 9.2474 ], [ 20.4961, 9.2709 ], [ 20.5141, 9.2816 ], [ 20.5263, 9.2836 ], [ 20.5335, 9.2896 ], [ 20.5371, 9.2992 ], [ 20.5382, 9.3119 ], [ 20.5418, 9.3217 ], [ 20.5508, 9.3202 ], [ 20.5724, 9.3082 ], [ 20.5735, 9.3092 ], [ 20.5929, 9.3082 ], [ 20.6098, 9.3028 ], [ 20.6167, 9.3021 ], [ 20.6678, 9.3021 ], [ 20.6548, 9.343 ], [ 20.6959, 9.3634 ], [ 20.7409, 9.3772 ], [ 20.7506, 9.3846 ], [ 20.7578, 9.3772 ], [ 20.7664, 9.3866 ], [ 20.7765, 9.4078 ], [ 20.7924, 9.414 ], [ 20.7981, 9.4234 ], [ 20.8021, 9.4256 ], [ 20.8201, 9.4163 ], [ 20.8262, 9.4181 ], [ 20.8327, 9.4373 ], [ 20.8345, 9.4625 ], [ 20.8413, 9.4844 ], [ 20.8636, 9.4938 ], [ 20.8741, 9.5025 ], [ 20.9126, 9.5443 ], [ 20.9212, 9.5589 ], [ 20.9252, 9.5697 ], [ 20.9342, 9.5771 ], [ 20.9558, 9.5894 ], [ 20.9605, 9.5981 ], [ 20.9623, 9.607 ], [ 20.9677, 9.6106 ], [ 20.9832, 9.6037 ], [ 20.9817, 9.6167 ], [ 20.976, 9.6242 ], [ 20.976, 9.6309 ], [ 20.99, 9.6356 ], [ 20.9961, 9.6484 ], [ 20.9968, 9.6821 ], [ 21.0001, 9.6975 ], [ 21.0141, 9.7245 ], [ 21.0174, 9.7435 ], [ 21.0199, 9.748 ], [ 21.0379, 9.7607 ], [ 21.0426, 9.7671 ], [ 21.0483, 9.7682 ], [ 21.053, 9.7659 ], [ 21.0624, 9.7563 ], [ 21.066, 9.7546 ], [ 21.0804, 9.7626 ], [ 21.093, 9.7743 ], [ 21.0969, 9.7754 ], [ 21.1052, 9.774 ], [ 21.1066, 9.778 ], [ 21.1066, 9.7955 ], [ 21.1218, 9.832 ], [ 21.1318, 9.8494 ], [ 21.1873, 9.8852 ], [ 21.1956, 9.8874 ], [ 21.1984, 9.903 ], [ 21.2056, 9.9168 ], [ 21.2568, 9.9758 ], [ 21.2712, 9.9872 ], [ 21.2852, 9.9787 ], [ 21.3262, 9.9628 ], [ 21.3396, 9.9599 ], [ 21.3745, 9.9731 ], [ 21.4069, 10.0056 ], [ 21.4335, 10.0461 ], [ 21.4854, 10.1643 ], [ 21.5131, 10.2005 ], [ 21.5451, 10.2201 ], [ 21.5793, 10.2124 ], [ 21.5898, 10.2166 ], [ 21.5934, 10.2145 ], [ 21.6308, 10.2274 ], [ 21.6564, 10.2337 ], [ 21.669, 10.2493 ], [ 21.6769, 10.2692 ], [ 21.6888, 10.2889 ], [ 21.6974, 10.2925 ], [ 21.7089, 10.2935 ], [ 21.7186, 10.2966 ], [ 21.723, 10.3059 ], [ 21.7168, 10.3399 ], [ 21.7204, 10.3609 ], [ 21.751, 10.4118 ], [ 21.7435, 10.419 ], [ 21.7442, 10.4392 ], [ 21.7204, 10.4681 ], [ 21.7168, 10.4774 ], [ 21.7147, 10.4937 ], [ 21.7053, 10.5321 ], [ 21.7032, 10.5524 ], [ 21.7053, 10.5718 ], [ 21.7147, 10.6015 ], [ 21.7168, 10.6211 ], [ 21.7226, 10.6367 ], [ 21.7366, 10.6463 ], [ 21.7536, 10.6507 ], [ 21.7683, 10.652 ], [ 21.7741, 10.6551 ], [ 21.7849, 10.6693 ], [ 21.8227, 10.6787 ], [ 21.8328, 10.68 ], [ 21.8529, 10.6701 ], [ 21.8637, 10.668 ], [ 21.8684, 10.6763 ], [ 21.872, 10.6776 ], [ 21.895, 10.6992 ], [ 21.9256, 10.7201 ], [ 21.9429, 10.7283 ], [ 22.0038, 10.7433 ], [ 22.0146, 10.7546 ], [ 22.0048, 10.7755 ], [ 22.0113, 10.7894 ], [ 22.0182, 10.8098 ], [ 22.0293, 10.8287 ], [ 22.0488, 10.837 ], [ 22.1323, 10.8286 ], [ 22.1481, 10.8307 ], [ 22.1762, 10.8163 ], [ 22.1899, 10.8373 ], [ 22.2007, 10.8686 ], [ 22.2295, 10.892 ], [ 22.2403, 10.9058 ], [ 22.2529, 10.9153 ], [ 22.2684, 10.909 ], [ 22.2766, 10.9086 ], [ 22.3058, 10.9326 ], [ 22.3188, 10.9393 ], [ 22.3393, 10.9478 ], [ 22.3612, 10.9536 ], [ 22.3918, 10.9585 ], [ 22.407, 10.9631 ], [ 22.4192, 10.9707 ], [ 22.4376, 10.9916 ], [ 22.4473, 10.9983 ], [ 22.4606, 11.0009 ], [ 22.4764, 10.998 ], [ 22.4908, 10.9931 ], [ 22.5027, 10.9921 ], [ 22.5121, 11.0009 ], [ 22.5348, 10.9805 ], [ 22.5556, 10.979 ], [ 22.5769, 10.9851 ], [ 22.6006, 10.9878 ], [ 22.6284, 10.9761 ], [ 22.6384, 10.9741 ], [ 22.673, 10.9751 ], [ 22.6827, 10.9741 ], [ 22.7198, 10.9647 ], [ 22.745, 10.9438 ], [ 22.8058, 10.9244 ], [ 22.8609, 10.9192 ], [ 22.9002, 11.06 ], [ 22.9066, 11.0698 ], [ 22.9225, 11.087 ], [ 22.925, 11.0979 ], [ 22.9257, 11.1181 ], [ 22.929, 11.138 ], [ 22.9351, 11.1559 ], [ 22.952, 11.1911 ], [ 22.9563, 11.2088 ], [ 22.9538, 11.251 ], [ 22.9282, 11.3251 ], [ 22.9149, 11.3961 ], [ 22.9005, 11.4083 ], [ 22.8771, 11.4089 ], [ 22.7817, 11.3988 ], [ 22.772, 11.4031 ], [ 22.7716, 11.4333 ], [ 22.7688, 11.4423 ], [ 22.7432, 11.4661 ], [ 22.6626, 11.493 ], [ 22.628, 11.5099 ], [ 22.5924, 11.5437 ], [ 22.5618, 11.586 ], [ 22.5416, 11.633 ], [ 22.5369, 11.6809 ], [ 22.5927, 11.9889 ], [ 22.6104, 12.0397 ], [ 22.6136, 12.0573 ], [ 22.6125, 12.0729 ], [ 22.6075, 12.0777 ], [ 22.5988, 12.0633 ], [ 22.5855, 12.0713 ], [ 22.5463, 12.0644 ], [ 22.4815, 12.0443 ], [ 22.4703, 12.0361 ], [ 22.4581, 12.0304 ], [ 22.484, 12.1403 ], [ 22.484, 12.1647 ], [ 22.4815, 12.1766 ], [ 22.408, 12.3997 ], [ 22.3749, 12.4508 ], [ 22.3728, 12.4631 ], [ 22.3958, 12.496 ], [ 22.4458, 12.6111 ], [ 22.4325, 12.6238 ], [ 22.3303, 12.6615 ], [ 22.205, 12.7433 ], [ 22.1762, 12.7015 ], [ 22.1442, 12.6712 ], [ 22.106, 12.6505 ], [ 22.0588, 12.6367 ], [ 22.0196, 12.6314 ], [ 21.9771, 12.6318 ], [ 21.9361, 12.6396 ], [ 21.9008, 12.6565 ], [ 21.8803, 12.6762 ], [ 21.841, 12.7489 ], [ 21.8137, 12.7823 ], [ 21.8094, 12.7937 ], [ 21.8277, 12.8311 ], [ 21.8529, 12.9058 ], [ 21.935, 13.0592 ], [ 21.9642, 13.0984 ], [ 21.9984, 13.1306 ], [ 22.016, 13.1402 ], [ 22.1233, 13.1821 ], [ 22.1398, 13.1935 ], [ 22.2324, 13.289 ], [ 22.2676, 13.3345 ], [ 22.2759, 13.3763 ], [ 22.264, 13.3992 ], [ 22.2288, 13.4411 ], [ 22.2158, 13.465 ], [ 22.2111, 13.4842 ], [ 22.2104, 13.5417 ], [ 22.196, 13.5805 ], [ 22.1323, 13.6386 ], [ 22.1143, 13.6774 ], [ 22.1143, 13.6997 ], [ 22.1164, 13.7152 ], [ 22.1128, 13.7298 ], [ 22.097, 13.7498 ], [ 22.0736, 13.7714 ], [ 22.075, 13.7803 ], [ 22.0995, 13.8193 ], [ 22.1906, 13.9328 ], [ 22.2147, 13.9566 ], [ 22.2435, 13.9755 ], [ 22.4023, 14.0493 ], [ 22.4217, 14.0622 ], [ 22.4588, 14.0961 ], [ 22.4815, 14.1086 ], [ 22.5081, 14.1136 ], [ 22.5315, 14.1226 ], [ 22.5463, 14.1398 ], [ 22.5477, 14.169 ], [ 22.5409, 14.2011 ], [ 22.5319, 14.2206 ], [ 22.5142, 14.2315 ], [ 22.4577, 14.2411 ], [ 22.4412, 14.2498 ], [ 22.4289, 14.2645 ], [ 22.4199, 14.2862 ], [ 22.417, 14.298 ], [ 22.4181, 14.3059 ], [ 22.4271, 14.3229 ], [ 22.4314, 14.3272 ], [ 22.4448, 14.3334 ], [ 22.4498, 14.3384 ], [ 22.4509, 14.3458 ], [ 22.439, 14.3629 ], [ 22.425, 14.4705 ], [ 22.417, 14.4841 ], [ 22.3864, 14.5065 ], [ 22.3634, 14.5435 ], [ 22.3825, 14.5791 ], [ 22.4228, 14.609 ], [ 22.4653, 14.6293 ], [ 22.6665, 14.6817 ], [ 22.6766, 14.689 ], [ 22.6813, 14.7029 ], [ 22.6798, 14.7118 ], [ 22.6647, 14.7437 ], [ 22.659, 14.7613 ], [ 22.6507, 14.8161 ], [ 22.6507, 14.842 ], [ 22.659, 14.8574 ], [ 22.6953, 14.8815 ], [ 22.7155, 14.8994 ], [ 22.7209, 14.916 ], [ 22.722, 14.9347 ], [ 22.7274, 14.959 ], [ 22.7389, 14.9798 ], [ 22.8289, 15.0717 ], [ 22.8487, 15.0875 ], [ 22.8717, 15.0997 ], [ 22.9056, 15.1126 ], [ 22.9131, 15.1216 ], [ 22.9581, 15.2016 ], [ 22.9657, 15.2239 ], [ 22.9783, 15.3401 ], [ 22.9765, 15.3736 ], [ 22.9664, 15.4048 ], [ 22.9452, 15.4332 ], [ 22.9236, 15.4556 ], [ 22.907, 15.4814 ], [ 22.8994, 15.5101 ], [ 22.9066, 15.5413 ], [ 22.9257, 15.5639 ], [ 23.0046, 15.6115 ], [ 23.0686, 15.6867 ], [ 23.0946, 15.7042 ], [ 23.1669, 15.7129 ], [ 23.3206, 15.6813 ], [ 23.3959, 15.6883 ], [ 23.5269, 15.7351 ], [ 23.5928, 15.749 ], [ 23.7076, 15.7488 ], [ 23.829, 15.731 ], [ 23.9456, 15.6922 ], [ 23.9726, 15.691 ], [ 23.9845, 15.7211 ], [ 23.9812, 19.4961 ], [ 15.9853, 23.4447 ], [ 15.9648, 23.4421 ], [ 14.9798, 22.9956 ], [ 15.172, 21.9933 ], [ 15.1803, 21.5071 ], [ 15.1846, 21.4911 ], [ 15.2001, 21.4764 ], [ 15.2476, 21.4532 ], [ 15.2667, 21.4406 ], [ 15.3009, 21.4012 ], [ 15.6094, 20.9506 ], [ 15.5691, 20.9289 ], [ 15.5443, 20.8902 ], [ 15.536, 20.844 ], [ 15.5443, 20.7989 ], [ 15.5562, 20.7736 ], [ 15.5702, 20.7518 ], [ 15.5882, 20.7328 ], [ 15.6696, 20.6718 ], [ 15.954, 20.3745 ], [ 15.968, 20.3527 ], [ 15.9702, 20.3363 ], [ 15.963, 20.3192 ], [ 15.7671, 19.9819 ], [ 15.7362, 19.9035 ], [ 15.4719, 16.9167 ], [ 15.4654, 16.8947 ], [ 15.4525, 16.8762 ], [ 14.3689, 15.7496 ], [ 13.8339, 15.0196 ], [ 13.7605, 14.8663 ], [ 13.7551, 14.8471 ], [ 13.754, 14.826 ], [ 13.758, 14.8055 ], [ 13.772, 14.7628 ], [ 13.7731, 14.7425 ], [ 13.7644, 14.7191 ], [ 13.7493, 14.7112 ], [ 13.7299, 14.7096 ], [ 13.7101, 14.7052 ], [ 13.7, 14.6977 ], [ 13.668, 14.6628 ], [ 13.6485, 14.6494 ], [ 13.6446, 14.6442 ], [ 13.6464, 14.6391 ], [ 13.6572, 14.6296 ], [ 13.6604, 14.6237 ], [ 13.6669, 14.5855 ], [ 13.6654, 14.5669 ], [ 13.6579, 14.5488 ], [ 13.6244, 14.5213 ], [ 13.5844, 14.5138 ], [ 13.5438, 14.5105 ], [ 13.5078, 14.4959 ], [ 13.4822, 14.4836 ], [ 13.4494, 14.439 ], [ 13.4491, 14.3802 ], [ 13.4822, 14.2598 ], [ 13.6075, 13.7041 ], [ 14.065, 13.0781 ] ] ] } },
{ "type": "Feature", "properties": { "z": "Congo", "ISO_A3": "COG", "c": "Congo" }, "geometry": { "type": "Polygon", "coordinates": [ [ [ 18.6262, 3.4769 ], [ 18.5823, 3.4775 ], [ 18.5704, 3.4897 ], [ 18.5542, 3.5264 ], [ 18.5136, 3.5923 ], [ 18.497, 3.6116 ], [ 18.4722, 3.632 ], [ 18.4592, 3.6315 ], [ 18.448, 3.618 ], [ 18.4297, 3.6003 ], [ 18.4207, 3.5964 ], [ 18.4038, 3.5974 ], [ 18.3922, 3.5958 ], [ 18.3879, 3.5917 ], [ 18.3836, 3.5781 ], [ 18.38, 3.5744 ], [ 18.3728, 3.5745 ], [ 18.3616, 3.5802 ], [ 18.3555, 3.5815 ], [ 18.276, 3.5744 ], [ 18.2648, 3.5748 ], [ 18.2558, 3.5772 ], [ 18.2486, 3.5749 ], [ 18.2425, 3.5612 ], [ 18.2317, 3.5211 ], [ 18.2202, 3.504 ], [ 18.2025, 3.4874 ], [ 18.1816, 3.4775 ], [ 18.1597, 3.4804 ], [ 18.1467, 3.495 ], [ 18.1341, 3.5349 ], [ 18.1165, 3.552 ], [ 18.0819, 3.5635 ], [ 18.047, 3.5632 ], [ 18.0132, 3.5541 ], [ 17.9818, 3.5389 ], [ 17.9696, 3.5376 ], [ 17.9599, 3.5412 ], [ 17.9192, 3.5656 ], [ 17.9134, 3.5614 ], [ 17.8753, 3.5427 ], [ 17.8566, 3.5373 ], [ 17.8422, 3.5402 ], [ 17.8353, 3.5559 ], [ 17.8306, 3.5757 ], [ 17.8213, 3.594 ], [ 17.8083, 3.6086 ], [ 17.7932, 3.6176 ], [ 17.7846, 3.6183 ], [ 17.7651, 3.6144 ], [ 17.7561, 3.6146 ], [ 17.7496, 3.6182 ], [ 17.7399, 3.6292 ], [ 17.7331, 3.6322 ], [ 17.7262, 3.6319 ], [ 17.709, 3.6265 ], [ 17.6272, 3.6263 ], [ 17.5869, 3.6323 ], [ 17.5506, 3.6482 ], [ 17.5135, 3.6793 ], [ 17.5088, 3.6818 ], [ 17.4951, 3.6833 ], [ 17.4901, 3.6871 ], [ 17.4861, 3.7003 ], [ 17.4818, 3.7047 ], [ 17.4588, 3.7083 ], [ 17.4426, 3.7013 ], [ 17.4274, 3.6901 ], [ 17.3756, 3.6635 ], [ 17.3558, 3.6385 ], [ 17.3342, 3.6186 ], [ 17.2982, 3.616 ], [ 17.2723, 3.6246 ], [ 17.2593, 3.6259 ], [ 17.2449, 3.6206 ], [ 17.2312, 3.6091 ], [ 17.214, 3.5894 ], [ 17.1974, 3.5818 ], [ 17.183, 3.5797 ], [ 17.1427, 3.581 ], [ 17.102, 3.5666 ], [ 17.0883, 3.5645 ], [ 17.0613, 3.5662 ], [ 17.0523, 3.5641 ], [ 17.0358, 3.5562 ], [ 17.0178, 3.5419 ], [ 17.0091, 3.5382 ], [ 16.9897, 3.5395 ], [ 16.9684, 3.5336 ], [ 16.9605, 3.5385 ], [ 16.9533, 3.5469 ], [ 16.9422, 3.5532 ], [ 16.9324, 3.5539 ], [ 16.9047, 3.5506 ], [ 16.868, 3.5616 ], [ 16.8532, 3.5602 ], [ 16.8518, 3.5519 ], [ 16.8547, 3.5413 ], [ 16.8525, 3.5329 ], [ 16.8331, 3.5229 ], [ 16.8118, 3.5217 ], [ 16.7294, 3.5423 ], [ 16.7092, 3.5437 ], [ 16.6862, 3.5423 ], [ 16.6394, 3.5286 ], [ 16.5984, 3.5017 ], [ 16.5678, 3.4645 ], [ 16.5516, 3.4198 ], [ 16.5429, 3.3362 ], [ 16.5177, 3.2733 ], [ 16.517, 3.2488 ], [ 16.5116, 3.2273 ], [ 16.477, 3.1794 ], [ 16.4655, 3.1565 ], [ 16.4648, 3.1319 ], [ 16.4727, 3.1107 ], [ 16.4832, 3.0902 ], [ 16.4907, 3.0679 ], [ 16.4842, 3.032 ], [ 16.4457, 2.9577 ], [ 16.4482, 2.9135 ], [ 16.4605, 2.8946 ], [ 16.4749, 2.8784 ], [ 16.4839, 2.8604 ], [ 16.4792, 2.8364 ], [ 16.1966, 2.2365 ], [ 16.2024, 2.232 ], [ 16.2078, 2.2232 ], [ 16.1995, 2.2123 ], [ 16.1592, 2.1821 ], [ 16.1408, 2.1998 ], [ 16.1203, 2.2034 ], [ 16.1044, 2.1937 ], [ 16.0976, 2.1716 ], [ 16.0857, 2.1492 ], [ 16.0836, 2.1379 ], [ 16.0857, 2.125 ], [ 16.0926, 2.107 ], [ 16.0904, 2.0928 ], [ 16.0796, 2.0904 ], [ 16.0767, 2.0859 ], [ 16.0756, 2.0755 ], [ 16.0814, 2.0557 ], [ 16.0818, 2.0469 ], [ 16.0663, 2.0255 ], [ 16.0638, 2.0159 ], [ 16.0648, 1.979 ], [ 16.0688, 1.9737 ], [ 16.0749, 1.9707 ], [ 16.0836, 1.963 ], [ 16.1012, 1.9328 ], [ 16.135, 1.8454 ], [ 16.1592, 1.7349 ], [ 16.1559, 1.7191 ], [ 16.1451, 1.7144 ], [ 16.1235, 1.7217 ], [ 16.1149, 1.7191 ], [ 16.0699, 1.6546 ], [ 16.0306, 1.7054 ], [ 16.022, 1.7229 ], [ 16.022, 1.7332 ], [ 16.0263, 1.7523 ], [ 16.022, 1.7638 ], [ 16.0137, 1.7714 ], [ 16.0029, 1.776 ], [ 15.9907, 1.7762 ], [ 15.9806, 1.7707 ], [ 15.9633, 1.7774 ], [ 15.9439, 1.7817 ], [ 15.9291, 1.789 ], [ 15.9259, 1.8049 ], [ 15.9018, 1.7938 ], [ 15.8899, 1.7933 ], [ 15.8848, 1.8017 ], [ 15.8823, 1.8167 ], [ 15.8755, 1.8238 ], [ 15.8658, 1.8285 ], [ 15.842, 1.8442 ], [ 15.8154, 1.8535 ], [ 15.8028, 1.86 ], [ 15.7646, 1.9088 ], [ 15.7574, 1.9131 ], [ 15.734, 1.9168 ], [ 15.7214, 1.9216 ], [ 15.711, 1.9275 ], [ 15.7066, 1.9321 ], [ 15.612, 1.9425 ], [ 15.5266, 1.9679 ], [ 15.4831, 1.9759 ], [ 15.4392, 1.9699 ], [ 15.388, 1.9397 ], [ 15.3679, 1.9329 ], [ 15.3492, 1.9234 ], [ 15.3373, 1.9215 ], [ 15.3376, 1.9238 ], [ 15.3142, 1.9344 ], [ 15.3096, 1.9351 ], [ 15.3016, 1.9437 ], [ 15.3002, 1.9477 ], [ 15.3034, 1.9664 ], [ 15.3013, 1.9739 ], [ 15.2955, 1.9816 ], [ 15.2876, 1.9879 ], [ 15.248, 2.0034 ], [ 15.244, 2.0101 ], [ 15.2386, 2.0254 ], [ 15.2336, 2.0314 ], [ 15.2127, 2.0397 ], [ 15.1836, 2.0294 ], [ 15.1515, 2.041 ], [ 15.1386, 2.0115 ], [ 15.1238, 2.0171 ], [ 15.1177, 2.0171 ], [ 15.1076, 2.0009 ], [ 15.0918, 1.9845 ], [ 15.0748, 1.9795 ], [ 15.063, 1.9972 ], [ 15.0435, 1.9909 ], [ 15.0284, 1.9953 ], [ 14.9809, 2.0331 ], [ 14.9712, 2.0346 ], [ 14.9629, 2.0105 ], [ 14.9539, 2.0059 ], [ 14.9323, 2.0034 ], [ 14.8923, 2.0065 ], [ 14.8966, 2.031 ], [ 14.9074, 2.059 ], [ 14.8876, 2.0723 ], [ 14.8848, 2.0822 ], [ 14.8714, 2.1017 ], [ 14.857, 2.116 ], [ 14.8502, 2.1098 ], [ 14.8484, 2.0852 ], [ 14.8412, 2.0759 ], [ 14.8264, 2.0723 ], [ 14.7649, 2.0655 ], [ 14.7616, 2.0702 ], [ 14.7627, 2.0927 ], [ 14.7613, 2.0997 ], [ 14.7372, 2.0961 ], [ 14.7274, 2.0997 ], [ 14.7336, 2.1021 ], [ 14.748, 2.1133 ], [ 14.721, 2.1277 ], [ 14.7138, 2.124 ], [ 14.7206, 2.0997 ], [ 14.7058, 2.1055 ], [ 14.686, 2.126 ], [ 14.672, 2.1344 ], [ 14.6461, 2.1334 ], [ 14.6364, 2.1384 ], [ 14.645, 2.1542 ], [ 14.6209, 2.1649 ], [ 14.5878, 2.2018 ], [ 14.5622, 2.2089 ], [ 14.5478, 2.1937 ], [ 14.5503, 2.1752 ], [ 14.5471, 2.1666 ], [ 14.5381, 2.1635 ], [ 14.4592, 2.1466 ], [ 14.4387, 2.134 ], [ 14.433, 2.1322 ], [ 14.4186, 2.1353 ], [ 14.3995, 2.1532 ], [ 14.3836, 2.1622 ], [ 14.3203, 2.1708 ], [ 14.2764, 2.1536 ], [ 14.267, 2.1525 ], [ 13.2946, 2.1611 ], [ 13.295, 2.1011 ], [ 13.2914, 2.069 ], [ 13.281, 2.045 ], [ 13.2453, 2.0254 ], [ 13.2212, 2.0009 ], [ 13.2162, 1.9972 ], [ 13.2068, 1.9936 ], [ 13.2068, 1.9852 ], [ 13.2122, 1.9664 ], [ 13.2104, 1.9564 ], [ 13.1917, 1.9351 ], [ 13.1848, 1.9235 ], [ 13.1784, 1.9079 ], [ 13.1665, 1.9045 ], [ 13.1622, 1.8999 ], [ 13.1751, 1.8821 ], [ 13.183, 1.8641 ], [ 13.1884, 1.8567 ], [ 13.1924, 1.8448 ], [ 13.191, 1.8288 ], [ 13.1805, 1.7921 ], [ 13.173, 1.777 ], [ 13.1629, 1.7637 ], [ 13.1503, 1.7564 ], [ 13.1575, 1.7392 ], [ 13.1546, 1.7217 ], [ 13.1478, 1.703 ], [ 13.1442, 1.6819 ], [ 13.1499, 1.6363 ], [ 13.1467, 1.6122 ], [ 13.1298, 1.5925 ], [ 13.146, 1.5634 ], [ 13.1643, 1.538 ], [ 13.1712, 1.5453 ], [ 13.1827, 1.5365 ], [ 13.1895, 1.5248 ], [ 13.191, 1.5111 ], [ 13.1848, 1.4969 ], [ 13.2054, 1.4865 ], [ 13.2234, 1.4381 ], [ 13.2396, 1.4281 ], [ 13.2385, 1.4196 ], [ 13.2396, 1.3565 ], [ 13.2514, 1.3378 ], [ 13.2489, 1.3325 ], [ 13.2432, 1.3289 ], [ 13.2334, 1.3089 ], [ 13.2194, 1.2993 ], [ 13.2025, 1.2934 ], [ 13.1884, 1.2915 ], [ 13.1805, 1.285 ], [ 13.1766, 1.2709 ], [ 13.1694, 1.2586 ], [ 13.1503, 1.2566 ], [ 13.1604, 1.2478 ], [ 13.1722, 1.2429 ], [ 13.182, 1.2366 ], [ 13.1848, 1.2226 ], [ 13.1953, 1.2211 ], [ 13.2158, 1.2244 ], [ 13.2504, 1.2219 ], [ 13.2709, 1.2261 ], [ 13.2892, 1.234 ], [ 13.308, 1.2568 ], [ 13.326, 1.2593 ], [ 13.3429, 1.2639 ], [ 13.3494, 1.2817 ], [ 13.3573, 1.2891 ], [ 13.3771, 1.2946 ], [ 13.3987, 1.297 ], [ 13.4138, 1.2956 ], [ 13.4487, 1.2831 ], [ 13.4797, 1.2772 ], [ 13.5099, 1.2774 ], [ 13.5434, 1.2835 ], [ 13.5564, 1.2928 ], [ 13.579, 1.3236 ], [ 13.615, 1.3375 ], [ 13.628, 1.3482 ], [ 13.6424, 1.3575 ], [ 13.6806, 1.3595 ], [ 13.6989, 1.3628 ], [ 13.7176, 1.3754 ], [ 13.7245, 1.378 ], [ 13.7443, 1.3704 ], [ 13.7583, 1.3766 ], [ 13.7702, 1.4004 ], [ 13.7806, 1.4311 ], [ 13.7947, 1.4345 ], [ 13.9837, 1.4169 ], [ 14.001, 1.413 ], [ 14.019, 1.4022 ], [ 14.0337, 1.3877 ], [ 14.0496, 1.3764 ], [ 14.0708, 1.3751 ], [ 14.1064, 1.389 ], [ 14.1244, 1.3936 ], [ 14.1446, 1.3917 ], [ 14.1838, 1.3808 ], [ 14.2065, 1.363 ], [ 14.2184, 1.3607 ], [ 14.2216, 1.3495 ], [ 14.2299, 1.3441 ], [ 14.2414, 1.3392 ], [ 14.2522, 1.3309 ], [ 14.2584, 1.3197 ], [ 14.2731, 1.2573 ], [ 14.2756, 1.2312 ], [ 14.2746, 1.1557 ], [ 14.2828, 1.1301 ], [ 14.2983, 1.1094 ], [ 14.3466, 1.0872 ], [ 14.3602, 1.0669 ], [ 14.3757, 1.0156 ], [ 14.3869, 0.9923 ], [ 14.4009, 0.9704 ], [ 14.4175, 0.9507 ], [ 14.4366, 0.9334 ], [ 14.4603, 0.9213 ], [ 14.4682, 0.9133 ], [ 14.4661, 0.8997 ], [ 14.4571, 0.8904 ], [ 14.4452, 0.8833 ], [ 14.4376, 0.8752 ], [ 14.4409, 0.8628 ], [ 14.4477, 0.8163 ], [ 14.4135, 0.7751 ], [ 14.3674, 0.7356 ], [ 14.3383, 0.6939 ], [ 14.3354, 0.6427 ], [ 14.3289, 0.6212 ], [ 14.2548, 0.5571 ], [ 14.2508, 0.552 ], [ 14.2454, 0.5478 ], [ 14.2317, 0.5427 ], [ 14.1817, 0.54 ], [ 14.1255, 0.5462 ], [ 14.0758, 0.5395 ], [ 14.0456, 0.4973 ], [ 14.0568, 0.4764 ], [ 14.0629, 0.4559 ], [ 14.0593, 0.4353 ], [ 14.0406, 0.4139 ], [ 13.9664, 0.3731 ], [ 13.9452, 0.3505 ], [ 13.9099, 0.2711 ], [ 13.8757, 0.2204 ], [ 13.8714, 0.1965 ], [ 13.876, 0.1713 ], [ 13.8858, 0.1403 ], [ 13.8908, 0.1158 ], [ 13.8948, 0.0437 ], [ 13.9012, 0.0368 ], [ 13.925, 0.0344 ], [ 13.9329, 0.0221 ], [ 13.9315, 0.0116 ], [ 13.9171, -0.0067 ], [ 13.9131, -0.0166 ], [ 13.9149, -0.0313 ], [ 13.92, -0.0425 ], [ 13.921, -0.0531 ], [ 13.9005, -0.0757 ], [ 13.8426, -0.1524 ], [ 13.8321, -0.1772 ], [ 13.8314, -0.2055 ], [ 13.8775, -0.2606 ], [ 13.8836, -0.265 ], [ 13.903, -0.2589 ], [ 13.9074, -0.2544 ], [ 13.9138, -0.2407 ], [ 13.9214, -0.238 ], [ 13.9574, -0.2421 ], [ 13.9671, -0.2458 ], [ 13.975, -0.2526 ], [ 13.9822, -0.2623 ], [ 14.0186, -0.2527 ], [ 14.0589, -0.2589 ], [ 14.0953, -0.2768 ], [ 14.1216, -0.3022 ], [ 14.1381, -0.3364 ], [ 14.1507, -0.3765 ], [ 14.1579, -0.4177 ], [ 14.1597, -0.4552 ], [ 14.1766, -0.4462 ], [ 14.1932, -0.4405 ], [ 14.2101, -0.4405 ], [ 14.2285, -0.4479 ], [ 14.2447, -0.4516 ], [ 14.2756, -0.4392 ], [ 14.2926, -0.4365 ], [ 14.3206, -0.4445 ], [ 14.3588, -0.4614 ], [ 14.3923, -0.4824 ], [ 14.4146, -0.5122 ], [ 14.4542, -0.5396 ], [ 14.4664, -0.5528 ], [ 14.4898, -0.601 ], [ 14.4988, -0.6309 ], [ 14.492, -0.6634 ], [ 14.4517, -0.7513 ], [ 14.4459, -0.7758 ], [ 14.4463, -0.8004 ], [ 14.4528, -0.8259 ], [ 14.4571, -0.8562 ], [ 14.4459, -0.8775 ], [ 14.4283, -0.897 ], [ 14.4128, -0.9216 ], [ 14.4074, -0.9445 ], [ 14.4027, -0.9877 ], [ 14.3919, -1.009 ], [ 14.3919, -1.0235 ], [ 14.4204, -1.1019 ], [ 14.4312, -1.1235 ], [ 14.4344, -1.1351 ], [ 14.4337, -1.1437 ], [ 14.4279, -1.161 ], [ 14.4283, -1.1696 ], [ 14.4355, -1.1818 ], [ 14.4564, -1.2025 ], [ 14.4643, -1.2154 ], [ 14.4657, -1.2244 ], [ 14.4646, -1.2556 ], [ 14.4607, -1.2781 ], [ 14.4517, -1.2982 ], [ 14.429, -1.32 ], [ 14.4265, -1.3312 ], [ 14.4322, -1.3502 ], [ 14.447, -1.3654 ], [ 14.4823, -1.3887 ], [ 14.4877, -1.4094 ], [ 14.4805, -1.4209 ], [ 14.4679, -1.429 ], [ 14.4564, -1.4402 ], [ 14.4528, -1.4497 ], [ 14.451, -1.4737 ], [ 14.4384, -1.5026 ], [ 14.4517, -1.5156 ], [ 14.4628, -1.5337 ], [ 14.4632, -1.5487 ], [ 14.4304, -1.555 ], [ 14.424, -1.5636 ], [ 14.42, -1.5752 ], [ 14.4132, -1.5853 ], [ 14.4038, -1.5923 ], [ 14.3944, -1.5969 ], [ 14.3739, -1.6042 ], [ 14.3649, -1.6121 ], [ 14.3714, -1.6195 ], [ 14.3908, -1.6304 ], [ 14.4031, -1.6709 ], [ 14.42, -1.6762 ], [ 14.4412, -1.6798 ], [ 14.4488, -1.6864 ], [ 14.425, -1.7005 ], [ 14.4132, -1.714 ], [ 14.4067, -1.7356 ], [ 14.4034, -1.8153 ], [ 14.397, -1.8495 ], [ 14.4045, -1.8931 ], [ 14.3973, -1.9069 ], [ 14.3707, -1.9213 ], [ 14.2522, -1.9677 ], [ 14.24, -1.9823 ], [ 14.2375, -1.9912 ], [ 14.2382, -2.0026 ], [ 14.2328, -2.0121 ], [ 14.2335, -2.0182 ], [ 14.2468, -2.0294 ], [ 14.2515, -2.038 ], [ 14.2508, -2.0478 ], [ 14.244, -2.0676 ], [ 14.2386, -2.1202 ], [ 14.2339, -2.1346 ], [ 14.227, -2.1414 ], [ 14.2098, -2.1474 ], [ 14.2044, -2.1522 ], [ 14.2033, -2.162 ], [ 14.2094, -2.1799 ], [ 14.209, -2.1872 ], [ 14.1957, -2.2018 ], [ 14.1615, -2.2143 ], [ 14.1478, -2.2249 ], [ 14.1511, -2.2591 ], [ 14.227, -2.3232 ], [ 14.2342, -2.3549 ], [ 14.2299, -2.3522 ], [ 14.1824, -2.3634 ], [ 14.1633, -2.374 ], [ 14.1442, -2.3903 ], [ 14.136, -2.3989 ], [ 14.1316, -2.4089 ], [ 14.132, -2.4352 ], [ 14.1248, -2.444 ], [ 14.1151, -2.4514 ], [ 14.1068, -2.4603 ], [ 14.096, -2.4912 ], [ 14.0899, -2.4986 ], [ 14.0809, -2.5001 ], [ 14.0557, -2.487 ], [ 14.0456, -2.4862 ], [ 13.9934, -2.5016 ], [ 13.9855, -2.5016 ], [ 13.9794, -2.4956 ], [ 13.9761, -2.4774 ], [ 13.9671, -2.4707 ], [ 13.9574, -2.4707 ], [ 13.9304, -2.4855 ], [ 13.9095, -2.4897 ], [ 13.885, -2.4886 ], [ 13.862, -2.481 ], [ 13.8458, -2.4666 ], [ 13.8476, -2.4231 ], [ 13.8552, -2.4143 ], [ 13.876, -2.4039 ], [ 13.8901, -2.3737 ], [ 13.902, -2.3664 ], [ 13.9063, -2.3598 ], [ 13.8926, -2.3412 ], [ 13.8717, -2.3289 ], [ 13.8638, -2.3215 ], [ 13.8606, -2.2937 ], [ 13.8537, -2.284 ], [ 13.8357, -2.2654 ], [ 13.8231, -2.2469 ], [ 13.8004, -2.2005 ], [ 13.7914, -2.1592 ], [ 13.7828, -2.1381 ], [ 13.7706, -2.1191 ], [ 13.7569, -2.1059 ], [ 13.7432, -2.0972 ], [ 13.741, -2.1025 ], [ 13.7202, -2.1336 ], [ 13.7094, -2.1536 ], [ 13.7068, -2.1646 ], [ 13.7054, -2.1844 ], [ 13.7014, -2.1948 ], [ 13.6935, -2.206 ], [ 13.6176, -2.2797 ], [ 13.6107, -2.29 ], [ 13.6078, -2.3112 ], [ 13.6035, -2.32 ], [ 13.5934, -2.3269 ], [ 13.5693, -2.3345 ], [ 13.5574, -2.3405 ], [ 13.5477, -2.3494 ], [ 13.5247, -2.3761 ], [ 13.4923, -2.3984 ], [ 13.4822, -2.4082 ], [ 13.4696, -2.4351 ], [ 13.4588, -2.4411 ], [ 13.4538, -2.4394 ], [ 13.4455, -2.4272 ], [ 13.439, -2.4255 ], [ 13.425, -2.4298 ], [ 13.398, -2.4262 ], [ 13.3789, -2.4309 ], [ 13.3609, -2.4289 ], [ 13.1866, -2.3642 ], [ 13.1769, -2.3621 ], [ 13.1654, -2.3635 ], [ 13.1463, -2.3747 ], [ 13.1352, -2.377 ], [ 13.1143, -2.372 ], [ 13.0498, -2.3426 ], [ 13.025, -2.3382 ], [ 13.012, -2.3421 ], [ 12.9825, -2.3717 ], [ 12.9688, -2.3724 ], [ 12.966, -2.3665 ], [ 12.9714, -2.3572 ], [ 12.9825, -2.3478 ], [ 12.9872, -2.3408 ], [ 12.994, -2.3236 ], [ 12.9966, -2.3049 ], [ 13.0106, -2.2878 ], [ 13.0081, -2.2765 ], [ 12.9973, -2.2757 ], [ 12.9901, -2.2681 ], [ 12.9825, -2.233 ], [ 12.9732, -2.2216 ], [ 12.9544, -2.1909 ], [ 12.9458, -2.1825 ], [ 12.9213, -2.1949 ], [ 12.9073, -2.1954 ], [ 12.9026, -2.1776 ], [ 12.9019, -2.1673 ], [ 12.8983, -2.1603 ], [ 12.885, -2.1474 ], [ 12.8828, -2.1409 ], [ 12.8943, -2.1157 ], [ 12.895, -2.1098 ], [ 12.8763, -2.1049 ], [ 12.8742, -2.0998 ], [ 12.8752, -2.0892 ], [ 12.877, -2.0888 ], [ 12.8731, -2.0659 ], [ 12.8472, -2.0372 ], [ 12.8382, -2.0161 ], [ 12.8162, -1.9435 ], [ 12.8047, -1.9192 ], [ 12.7878, -1.9076 ], [ 12.7456, -1.894 ], [ 12.6751, -1.8429 ], [ 12.6322, -1.8252 ], [ 12.5833, -1.8266 ], [ 12.5725, -1.8305 ], [ 12.5235, -1.8634 ], [ 12.5124, -1.8755 ], [ 12.5062, -1.8883 ], [ 12.5037, -1.9077 ], [ 12.4994, -1.9179 ], [ 12.4864, -1.9249 ], [ 12.4692, -1.9195 ], [ 12.4382, -1.8867 ], [ 12.427, -1.8841 ], [ 12.4231, -1.8977 ], [ 12.4314, -2.0055 ], [ 12.44, -2.0458 ], [ 12.4609, -2.0779 ], [ 12.4998, -2.0956 ], [ 12.4954, -2.1128 ], [ 12.4774, -2.1411 ], [ 12.4702, -2.1563 ], [ 12.4684, -2.1712 ], [ 12.4756, -2.2124 ], [ 12.4684, -2.2412 ], [ 12.4551, -2.2757 ], [ 12.4479, -2.308 ], [ 12.4594, -2.33 ], [ 12.0624, -2.415 ], [ 12.0314, -2.4116 ], [ 12.0008, -2.3907 ], [ 11.967, -2.3486 ], [ 11.9385, -2.3292 ], [ 11.9072, -2.3446 ], [ 11.8647, -2.3582 ], [ 11.8287, -2.3654 ], [ 11.8068, -2.3743 ], [ 11.7726, -2.4055 ], [ 11.756, -2.4152 ], [ 11.7394, -2.4138 ], [ 11.7214, -2.4042 ], [ 11.6876, -2.3777 ], [ 11.6696, -2.3528 ], [ 11.6559, -2.3456 ], [ 11.6055, -2.3305 ], [ 11.5663, -2.3298 ], [ 11.5584, -2.3494 ], [ 11.5796, -2.4077 ], [ 11.5832, -2.4298 ], [ 11.576, -2.4852 ], [ 11.5767, -2.5026 ], [ 11.5843, -2.5237 ], [ 11.6095, -2.564 ], [ 11.6188, -2.5865 ], [ 11.6242, -2.6121 ], [ 11.6242, -2.6329 ], [ 11.6196, -2.6536 ], [ 11.6102, -2.6789 ], [ 11.5375, -2.7977 ], [ 11.5256, -2.8434 ], [ 11.5306, -2.8668 ], [ 11.5479, -2.864 ], [ 11.5886, -2.8355 ], [ 11.6167, -2.8268 ], [ 11.6368, -2.8333 ], [ 11.653, -2.8517 ], [ 11.6876, -2.9019 ], [ 11.7636, -2.9826 ], [ 11.7783, -3.0056 ], [ 11.7783, -3.0273 ], [ 11.7538, -3.0424 ], [ 11.7308, -3.0447 ], [ 11.7168, -3.0436 ], [ 11.7063, -3.05 ], [ 11.6934, -3.0748 ], [ 11.6883, -3.0924 ], [ 11.6872, -3.1616 ], [ 11.6858, -3.1672 ], [ 11.6876, -3.1711 ], [ 11.7038, -3.1854 ], [ 11.7607, -3.2091 ], [ 11.7816, -3.2217 ], [ 11.8219, -3.2549 ], [ 11.8582, -3.2721 ], [ 11.9058, -3.2851 ], [ 11.9443, -3.3033 ], [ 11.9551, -3.3355 ], [ 11.9414, -3.357 ], [ 11.8986, -3.3893 ], [ 11.8849, -3.4134 ], [ 11.8276, -3.5482 ], [ 11.8251, -3.5712 ], [ 11.8348, -3.5921 ], [ 11.8557, -3.6044 ], [ 11.8791, -3.6121 ], [ 11.8986, -3.6224 ], [ 11.9054, -3.6436 ], [ 11.8975, -3.6661 ], [ 11.8798, -3.6873 ], [ 11.8582, -3.7033 ], [ 11.8384, -3.711 ], [ 11.8197, -3.7104 ], [ 11.7621, -3.694 ], [ 11.742, -3.6917 ], [ 11.6876, -3.6989 ], [ 11.666, -3.6914 ], [ 11.6491, -3.6734 ], [ 11.5699, -3.545 ], [ 11.5328, -3.5165 ], [ 11.4828, -3.5094 ], [ 11.455, -3.5283 ], [ 11.4363, -3.559 ], [ 11.414, -3.5877 ], [ 11.3758, -3.6004 ], [ 11.3348, -3.6087 ], [ 11.3024, -3.6284 ], [ 11.2725, -3.6531 ], [ 11.2387, -3.6751 ], [ 11.2124, -3.6973 ], [ 11.1962, -3.7289 ], [ 11.1296, -3.9079 ], [ 11.1141, -3.9368 ], [ 11.1724, -3.9775 ], [ 11.2704, -4.0417 ], [ 11.3582, -4.112 ], [ 11.3622, -4.1199 ], [ 11.3632, -4.1312 ], [ 11.3622, -4.1531 ], [ 11.3647, -4.1628 ], [ 11.4014, -4.2215 ], [ 11.4507, -4.2648 ], [ 11.4979, -4.294 ], [ 11.589, -4.3747 ], [ 11.693, -4.4635 ], [ 11.8064, -4.5771 ], [ 11.8248, -4.6149 ], [ 11.8201, -4.6373 ], [ 11.8014, -4.6579 ], [ 11.7776, -4.6578 ], [ 11.7769, -4.668 ], [ 11.7816, -4.6804 ], [ 11.824, -4.7188 ], [ 11.8503, -4.7528 ], [ 11.8532, -4.774 ], [ 11.8485, -4.786 ], [ 11.8435, -4.7889 ], [ 11.8298, -4.7736 ], [ 11.824, -4.7724 ], [ 11.8194, -4.7792 ], [ 11.8201, -4.7849 ], [ 11.8863, -4.8553 ], [ 11.8957, -4.8826 ], [ 11.9202, -4.9065 ], [ 11.958, -4.9519 ], [ 11.9806, -4.9895 ], [ 11.9943, -5.0058 ], [ 12.0094, -5.0197 ], [ 12.0181, -5.0087 ], [ 12.1308, -4.913 ], [ 12.157, -4.8706 ], [ 12.1876, -4.7681 ], [ 12.1923, -4.7636 ], [ 12.2042, -4.7636 ], [ 12.2136, -4.7691 ], [ 12.2226, -4.7807 ], [ 12.2352, -4.8041 ], [ 12.2442, -4.7963 ], [ 12.2586, -4.7908 ], [ 12.2737, -4.7872 ], [ 12.3075, -4.7837 ], [ 12.3219, -4.7782 ], [ 12.3324, -4.7659 ], [ 12.3741, -4.6833 ], [ 12.3788, -4.6624 ], [ 12.3777, -4.6195 ], [ 12.3871, -4.6054 ], [ 12.4141, -4.6089 ], [ 12.4292, -4.6076 ], [ 12.4972, -4.5854 ], [ 12.6081, -4.5651 ], [ 12.624, -4.5593 ], [ 12.6348, -4.5478 ], [ 12.6567, -4.5074 ], [ 12.6704, -4.4914 ], [ 12.687, -4.4784 ], [ 12.705, -4.468 ], [ 12.7186, -4.4519 ], [ 12.7266, -4.428 ], [ 12.7381, -4.4049 ], [ 12.7618, -4.3912 ], [ 12.7755, -4.3962 ], [ 12.8011, -4.4101 ], [ 12.8148, -4.413 ], [ 12.8302, -4.4098 ], [ 12.8425, -4.4044 ], [ 12.8544, -4.4031 ], [ 12.8698, -4.4121 ], [ 12.8846, -4.4321 ], [ 12.9026, -4.4802 ], [ 12.922, -4.5024 ], [ 12.9616, -4.5339 ], [ 13.0272, -4.6122 ], [ 13.0736, -4.6353 ], [ 13.0714, -4.6017 ], [ 13.088, -4.5795 ], [ 13.1125, -4.577 ], [ 13.1341, -4.6024 ], [ 13.142, -4.6175 ], [ 13.16, -4.6435 ], [ 13.1722, -4.6761 ], [ 13.182, -4.6861 ], [ 13.209, -4.7032 ], [ 13.2558, -4.744 ], [ 13.2741, -4.7558 ], [ 13.3346, -4.7776 ], [ 13.3494, -4.7856 ], [ 13.3587, -4.7949 ], [ 13.3641, -4.8069 ], [ 13.3713, -4.8417 ], [ 13.3926, -4.8853 ], [ 13.4034, -4.8769 ], [ 13.4307, -4.8434 ], [ 13.4822, -4.8056 ], [ 13.4934, -4.7998 ], [ 13.4966, -4.7922 ], [ 13.4923, -4.7836 ], [ 13.4822, -4.7749 ], [ 13.5146, -4.756 ], [ 13.5261, -4.7543 ], [ 13.5391, -4.76 ], [ 13.5585, -4.7804 ], [ 13.5708, -4.7859 ], [ 13.5913, -4.7794 ], [ 13.6132, -4.7392 ], [ 13.6341, -4.7256 ], [ 13.6438, -4.7264 ], [ 13.6665, -4.7328 ], [ 13.6752, -4.7318 ], [ 13.6806, -4.7248 ], [ 13.6777, -4.7063 ], [ 13.682, -4.6954 ], [ 13.6903, -4.6912 ], [ 13.7058, -4.6944 ], [ 13.7126, -4.6857 ], [ 13.6989, -4.6426 ], [ 13.7025, -4.6207 ], [ 13.718, -4.5804 ], [ 13.722, -4.5611 ], [ 13.7112, -4.4645 ], [ 13.7151, -4.453 ], [ 13.7266, -4.4467 ], [ 13.79, -4.4247 ], [ 13.8105, -4.4267 ], [ 13.8328, -4.4413 ], [ 13.8422, -4.4535 ], [ 13.8562, -4.4798 ], [ 13.867, -4.4894 ], [ 13.8764, -4.4917 ], [ 13.9045, -4.4898 ], [ 13.9347, -4.4985 ], [ 13.9444, -4.4981 ], [ 13.9549, -4.4919 ], [ 13.9718, -4.4716 ], [ 13.9898, -4.458 ], [ 14.0211, -4.4154 ], [ 14.0586, -4.4005 ], [ 14.1464, -4.3899 ], [ 14.1846, -4.3775 ], [ 14.2224, -4.3599 ], [ 14.2598, -4.3269 ], [ 14.28, -4.3128 ], [ 14.3253, -4.3019 ], [ 14.3685, -4.2784 ], [ 14.3872, -4.2771 ], [ 14.393, -4.2819 ], [ 14.3952, -4.2897 ], [ 14.3934, -4.3132 ], [ 14.389, -4.3275 ], [ 14.3858, -4.333 ], [ 14.3862, -4.3384 ], [ 14.3926, -4.3528 ], [ 14.4092, -4.3776 ], [ 14.4286, -4.4005 ], [ 14.4632, -4.4227 ], [ 14.4697, -4.4294 ], [ 14.4664, -4.4482 ], [ 14.4524, -4.468 ], [ 14.4358, -4.4868 ], [ 14.4247, -4.5024 ], [ 14.4124, -4.5146 ], [ 14.3746, -4.5303 ], [ 14.3588, -4.5446 ], [ 14.3509, -4.5591 ], [ 14.3498, -4.5669 ], [ 14.3574, -4.5891 ], [ 14.3656, -4.6273 ], [ 14.3811, -4.6462 ], [ 14.3959, -4.6602 ], [ 14.407, -4.6761 ], [ 14.411, -4.7012 ], [ 14.4092, -4.7106 ], [ 14.3991, -4.7375 ], [ 14.3998, -4.7494 ], [ 14.4124, -4.7782 ], [ 14.3966, -4.8559 ], [ 14.4006, -4.8863 ], [ 14.4373, -4.8802 ], [ 14.4495, -4.874 ], [ 14.47, -4.8521 ], [ 14.4819, -4.8458 ], [ 14.5014, -4.8407 ], [ 14.5197, -4.8414 ], [ 14.5323, -4.8563 ], [ 14.5622, -4.8559 ], [ 14.5669, -4.8606 ], [ 14.5752, -4.8738 ], [ 14.5921, -4.8806 ], [ 14.6234, -4.8995 ], [ 14.6346, -4.9037 ], [ 14.6727, -4.8999 ], [ 14.7022, -4.8896 ], [ 14.7685, -4.8483 ], [ 14.8156, -4.828 ], [ 14.8311, -4.8151 ], [ 14.8416, -4.8002 ], [ 14.8491, -4.7837 ], [ 14.9308, -4.6469 ], [ 15.0082, -4.5711 ], [ 15.0147, -4.5581 ], [ 15.0226, -4.547 ], [ 15.0763, -4.5201 ], [ 15.0979, -4.5 ], [ 15.1879, -4.3722 ], [ 15.1933, -4.3589 ], [ 15.2041, -4.3391 ], [ 15.2282, -4.3249 ], [ 15.2559, -4.3131 ], [ 15.2754, -4.3005 ], [ 15.3866, -4.2444 ], [ 15.4255, -4.2302 ], [ 15.459, -4.2139 ], [ 15.4629, -4.2072 ], [ 15.4849, -4.184 ], [ 15.4903, -4.1753 ], [ 15.5212, -4.0768 ], [ 15.5338, -4.058 ], [ 15.549, -4.0463 ], [ 15.567, -4.0382 ], [ 15.7113, -3.9922 ], [ 15.7999, -3.9789 ], [ 15.8442, -3.9656 ], [ 15.883, -3.9454 ], [ 15.9122, -3.9175 ], [ 15.9302, -3.8587 ], [ 15.936, -3.8485 ], [ 15.9432, -3.8408 ], [ 15.9741, -3.7866 ], [ 15.991, -3.7389 ], [ 16.0051, -3.7249 ], [ 16.0126, -3.7023 ], [ 16.0533, -3.62 ], [ 16.1156, -3.5443 ], [ 16.1379, -3.5008 ], [ 16.1584, -3.4473 ], [ 16.2078, -3.362 ], [ 16.2207, -3.3318 ], [ 16.2258, -3.3133 ], [ 16.2276, -3.29 ], [ 16.2222, -3.2791 ], [ 16.2103, -3.2711 ], [ 16.1988, -3.2595 ], [ 16.1934, -3.2385 ], [ 16.1995, -3.1948 ], [ 16.1991, -3.1719 ], [ 16.1901, -3.153 ], [ 16.1858, -3.1364 ], [ 16.1898, -3.0824 ], [ 16.1844, -3.0261 ], [ 16.1883, -2.9765 ], [ 16.1772, -2.8826 ], [ 16.1808, -2.8542 ], [ 16.2045, -2.7828 ], [ 16.2258, -2.6353 ], [ 16.1923, -2.3952 ], [ 16.1916, -2.3469 ], [ 16.1876, -2.3323 ], [ 16.1782, -2.3185 ], [ 16.175, -2.3031 ], [ 16.1768, -2.2868 ], [ 16.1901, -2.2419 ], [ 16.1872, -2.2047 ], [ 16.1944, -2.1821 ], [ 16.2067, -2.161 ], [ 16.2312, -2.1291 ], [ 16.256, -2.1068 ], [ 16.2844, -2.0876 ], [ 16.3402, -2.0342 ], [ 16.3827, -2.0023 ], [ 16.4457, -1.9405 ], [ 16.4608, -1.9209 ], [ 16.4702, -1.9127 ], [ 16.4904, -1.9037 ], [ 16.5076, -1.8903 ], [ 16.5141, -1.8874 ], [ 16.517, -1.8738 ], [ 16.5224, -1.8618 ], [ 16.6041, -1.7542 ], [ 16.6171, -1.7289 ], [ 16.6232, -1.6992 ], [ 16.6225, -1.6652 ], [ 16.6239, -1.6539 ], [ 16.629, -1.6373 ], [ 16.6362, -1.621 ], [ 16.6696, -1.5694 ], [ 16.6927, -1.5231 ], [ 16.7254, -1.48 ], [ 16.7629, -1.4059 ], [ 16.7794, -1.3824 ], [ 16.7946, -1.3456 ], [ 16.818, -1.3043 ], [ 16.8288, -1.2764 ], [ 16.8331, -1.2691 ], [ 16.8396, -1.2626 ], [ 16.8626, -1.2489 ], [ 16.909, -1.2112 ], [ 16.9404, -1.1749 ], [ 16.9796, -1.1403 ], [ 17.003, -1.1129 ], [ 17.0059, -1.1068 ], [ 17.012, -1.1043 ], [ 17.0224, -1.097 ], [ 17.0286, -1.0945 ], [ 17.0606, -1.0893 ], [ 17.1085, -1.0757 ], [ 17.1754, -1.0484 ], [ 17.1949, -1.0431 ], [ 17.2453, -1.0359 ], [ 17.2978, -1.0212 ], [ 17.3079, -1.015 ], [ 17.3277, -0.9919 ], [ 17.3306, -0.9866 ], [ 17.3572, -0.9735 ], [ 17.3648, -0.9672 ], [ 17.3853, -0.9425 ], [ 17.4116, -0.9184 ], [ 17.602, -0.6888 ], [ 17.6229, -0.6733 ], [ 17.6359, -0.6586 ], [ 17.651, -0.6464 ], [ 17.6546, -0.6275 ], [ 17.6643, -0.6128 ], [ 17.728, -0.5531 ], [ 17.7496, -0.5235 ], [ 17.7406, -0.3463 ], [ 17.7162, -0.2463 ], [ 17.7136, -0.2209 ], [ 17.7165, -0.1959 ], [ 17.7572, -0.0096 ], [ 17.7756, 0.0263 ], [ 17.854, 0.2411 ], [ 17.9401, 0.3614 ], [ 17.9455, 0.3774 ], [ 17.952, 0.4744 ], [ 17.9498, 0.4916 ], [ 17.9437, 0.5109 ], [ 17.9332, 0.5271 ], [ 17.9185, 0.5352 ], [ 17.8994, 0.5833 ], [ 17.8933, 0.6078 ], [ 17.8926, 0.636 ], [ 17.9077, 0.7131 ], [ 17.9077, 0.7406 ], [ 17.8778, 0.868 ], [ 17.8782, 0.9472 ], [ 17.8666, 1.0166 ], [ 17.8731, 1.0397 ], [ 17.8926, 1.0775 ], [ 17.9149, 1.1021 ], [ 17.9563, 1.1718 ], [ 17.9635, 1.1915 ], [ 17.9671, 1.2538 ], [ 18.002, 1.3658 ], [ 18.0067, 1.4025 ], [ 18.0124, 1.4221 ], [ 18.0715, 1.5516 ], [ 18.0736, 1.5725 ], [ 18.0661, 1.8591 ], [ 18.0682, 1.8763 ], [ 18.0783, 1.9093 ], [ 18.0816, 1.9267 ], [ 18.0816, 1.9425 ], [ 18.0762, 1.9886 ], [ 18.0808, 2.0842 ], [ 18.0783, 2.1148 ], [ 18.0726, 2.1453 ], [ 18.0726, 2.1601 ], [ 18.1111, 2.2654 ], [ 18.1186, 2.277 ], [ 18.1428, 2.3057 ], [ 18.1467, 2.316 ], [ 18.1636, 2.3211 ], [ 18.1741, 2.3362 ], [ 18.1881, 2.371 ], [ 18.1993, 2.3892 ], [ 18.2079, 2.4081 ], [ 18.214, 2.4277 ], [ 18.2252, 2.4865 ], [ 18.2331, 2.5027 ], [ 18.2461, 2.519 ], [ 18.3037, 2.5726 ], [ 18.3138, 2.5761 ], [ 18.3166, 2.5844 ], [ 18.3933, 2.7137 ], [ 18.4182, 2.7819 ], [ 18.425, 2.8222 ], [ 18.4491, 2.873 ], [ 18.4675, 2.8989 ], [ 18.4718, 2.9092 ], [ 18.4758, 2.9313 ], [ 18.4797, 2.9414 ], [ 18.4952, 2.9662 ], [ 18.5283, 3.0648 ], [ 18.5413, 3.0828 ], [ 18.5622, 3.0968 ], [ 18.5974, 3.1147 ], [ 18.6129, 3.1282 ], [ 18.6198, 3.1448 ], [ 18.6219, 3.1566 ], [ 18.6313, 3.179 ], [ 18.6424, 3.3239 ], [ 18.6345, 3.4493 ], [ 18.6262, 3.4769 ] ] ] } },
{ "type": "Feature", "properties": { "z": "DRC", "ISO_A3": "COD", "c": "DRC" }, "geometry": { "type": "MultiPolygon", "coordinates": [ [ [ [ 16.7604, -6.6921 ], [ 16.756, -6.6742 ], [ 16.7532, -6.6373 ], [ 16.7488, -6.6195 ], [ 16.7341, -6.586 ], [ 16.7308, -6.5698 ], [ 16.7344, -6.5524 ], [ 16.7467, -6.5316 ], [ 16.7474, -6.522 ], [ 16.7384, -6.5106 ], [ 16.728, -6.5012 ], [ 16.7218, -6.4919 ], [ 16.7211, -6.4805 ], [ 16.728, -6.466 ], [ 16.706, -6.4651 ], [ 16.706, -6.4552 ], [ 16.7154, -6.4413 ], [ 16.7211, -6.4283 ], [ 16.719, -6.4153 ], [ 16.7136, -6.414 ], [ 16.7071, -6.4154 ], [ 16.7002, -6.4113 ], [ 16.693, -6.3984 ], [ 16.6938, -6.3599 ], [ 16.6974, -6.3499 ], [ 16.706, -6.3467 ], [ 16.7154, -6.346 ], [ 16.7211, -6.3425 ], [ 16.7222, -6.3324 ], [ 16.7205, -6.325499999999895 ], [ 16.7154, -6.3048 ], [ 16.7146, -6.2315 ], [ 16.7172, -6.2151 ], [ 16.7244, -6.2025 ], [ 16.7269, -6.1892 ], [ 16.7179, -6.1742 ], [ 16.7002, -6.1544 ], [ 16.6959, -6.141 ], [ 16.6851, -6.1344 ], [ 16.6718, -6.1302 ], [ 16.6603, -6.1239 ], [ 16.643, -6.1007 ], [ 16.6311, -6.0917 ], [ 16.611, -6.0897 ], [ 16.6322, -6.0653 ], [ 16.6282, -6.0554 ], [ 16.6196, -6.0567 ], [ 16.6102, -6.0612 ], [ 16.6041, -6.0618 ], [ 16.6012, -6.0507 ], [ 16.598719599999988, -6.010695599999838 ], [ 16.5973, -5.9878 ], [ 16.5955, -5.9785 ], [ 16.5904, -5.9681 ], [ 16.5807, -5.9555 ], [ 16.5807, -5.9491 ], [ 16.594, -5.9332 ], [ 16.5973, -5.9247 ], [ 16.553, -5.9024 ], [ 16.5152, -5.8871 ], [ 16.4972, -5.8829 ], [ 16.4792, -5.8822 ], [ 16.4594, -5.8852 ], [ 16.4274, -5.8947 ], [ 16.4126, -5.8968 ], [ 16.396, -5.8941 ], [ 16.3744, -5.8829 ], [ 16.3586, -5.8702 ], [ 16.3413, -5.8599 ], [ 16.3158, -5.8546 ], [ 15.945669219959017, -5.860753157313503 ], [ 15.537374025053634, -5.867540770503419 ], [ 14.7037, -5.8814 ], [ 14.5766, -5.9047 ], [ 14.5456, -5.9017 ], [ 14.4823, -5.8855 ], [ 14.4366, -5.8934 ], [ 14.2418, -5.8897 ], [ 14.2224, -5.8869 ], [ 14.163, -5.8662 ], [ 14.1403, -5.8636 ], [ 14.0211, -5.8725 ], [ 14.0064, -5.8669 ], [ 13.9822, -5.8533 ], [ 13.9437, -5.8416 ], [ 13.6417, -5.8658 ], [ 13.5625, -5.8575 ], [ 13.5531, -5.8595 ], [ 13.5348, -5.8671 ], [ 13.5225, -5.8676 ], [ 13.4934, -5.8585 ], [ 13.3803, -5.8565 ], [ 13.3738, -5.8609 ], [ 13.3537, -5.8827 ], [ 13.3425, -5.8907 ], [ 13.3108, -5.8739 ], [ 13.2694, -5.8636 ], [ 13.1838, -5.8565 ], [ 13.1708, -5.8499 ], [ 13.155, -5.8522 ], [ 13.1229, -5.8625 ], [ 13.1078, -5.863 ], [ 13.0898, -5.8606 ], [ 13.0671, -5.8626 ], [ 13.0365, -5.8572 ], [ 12.9894, -5.8357 ], [ 12.9757, -5.8329 ], [ 12.9408, -5.8191 ], [ 12.9242, -5.8147 ], [ 12.8961, -5.8145 ], [ 12.8587, -5.8195 ], [ 12.8223, -5.8298 ], [ 12.7892, -5.8493 ], [ 12.7665, -5.8653 ], [ 12.7543, -5.8818 ], [ 12.7435, -5.9004 ], [ 12.7176, -5.9313 ], [ 12.7226, -5.9792 ], [ 12.6718, -6.0001 ], [ 12.607, -5.998 ], [ 12.5563, -6.0255 ], [ 12.4494, -6.0519 ], [ 12.4353, -6.0509 ], [ 12.4317, -6.0345 ], [ 12.4364, -6.0268 ], [ 12.4573, -6.0136 ], [ 12.4573, -6.0081 ], [ 12.4573, -5.9847 ], [ 12.4573, -5.9818 ], [ 12.4472, -5.9764 ], [ 12.4306, -5.9752 ], [ 12.4141, -5.9785 ], [ 12.4108, -5.9863 ], [ 12.4044, -5.9907 ], [ 12.3964, -6.006 ], [ 12.3849, -5.9844 ], [ 12.3763, -5.9586 ], [ 12.3712, -5.9542 ], [ 12.355, -5.945 ], [ 12.3342, -5.9184 ], [ 12.2665, -5.8509 ], [ 12.2492, -5.8288 ], [ 12.2107, -5.7634 ], [ 12.222334482758546, -5.756955172413834 ], [ 12.2589, -5.7367 ], [ 12.3446, -5.7247 ], [ 12.5091, -5.7262 ], [ 12.5307, -5.1627 ], [ 12.5242, -5.1292 ], [ 12.512, -5.1206 ], [ 12.4504, -5.0989 ], [ 12.4447, -5.0936 ], [ 12.4407, -5.0841 ], [ 12.4389, -5.0734 ], [ 12.4393, -5.0648 ], [ 12.4443, -5.0551 ], [ 12.4508, -5.0532 ], [ 12.458, -5.0542 ], [ 12.4666, -5.0532 ], [ 12.5505, -5.0242 ], [ 12.5876, -5.0004 ], [ 12.6038, -4.9626 ], [ 12.607, -4.9423 ], [ 12.6157, -4.9354 ], [ 12.6546, -4.9326 ], [ 12.679, -4.9243 ], [ 12.6862, -4.9128 ], [ 12.6884, -4.8971 ], [ 12.697, -4.8756 ], [ 12.7118, -4.8633 ], [ 12.7568, -4.8373 ], [ 12.7662, -4.8252 ], [ 12.7683, -4.8019 ], [ 12.7748, -4.7796 ], [ 12.7863, -4.7584 ], [ 12.8029, -4.7398 ], [ 12.8331, -4.7226 ], [ 13.0297, -4.677 ], [ 13.0653, -4.664 ], [ 13.0736, -4.6353 ], [ 13.0714, -4.6017 ], [ 13.088, -4.5795 ], [ 13.1125, -4.577 ], [ 13.1341, -4.6024 ], [ 13.142, -4.6175 ], [ 13.16, -4.6435 ], [ 13.1722, -4.6761 ], [ 13.182, -4.6861 ], [ 13.209, -4.7032 ], [ 13.247133333333371, -4.736444444444476 ], [ 13.2558, -4.744 ], [ 13.2741, -4.7558 ], [ 13.3346, -4.7776 ], [ 13.3494, -4.7856 ], [ 13.3587, -4.7949 ], [ 13.3641, -4.8069 ], [ 13.3713, -4.8417 ], [ 13.386108571428819, -4.872012380952889 ], [ 13.3926, -4.8853 ], [ 13.4034, -4.8769 ], [ 13.4307, -4.8434 ], [ 13.4822, -4.8056 ], [ 13.4934, -4.7998 ], [ 13.4966, -4.7922 ], [ 13.4923, -4.7836 ], [ 13.4822, -4.7749 ], [ 13.5146, -4.756 ], [ 13.5261, -4.7543 ], [ 13.5391, -4.76 ], [ 13.5585, -4.7804 ], [ 13.5708, -4.7859 ], [ 13.5913, -4.7794 ], [ 13.6132, -4.7392 ], [ 13.6341, -4.7256 ], [ 13.6438, -4.7264 ], [ 13.6665, -4.7328 ], [ 13.6752, -4.7318 ], [ 13.6806, -4.7248 ], [ 13.6777, -4.7063 ], [ 13.682, -4.6954 ], [ 13.6903, -4.6912 ], [ 13.7058, -4.6944 ], [ 13.7126, -4.6857 ], [ 13.703030653266358, -4.655594974874455 ], [ 13.6989, -4.6426 ], [ 13.7025, -4.6207 ], [ 13.718, -4.5804 ], [ 13.722, -4.5611 ], [ 13.7112, -4.4645 ], [ 13.7151, -4.453 ], [ 13.7266, -4.4467 ], [ 13.79, -4.4247 ], [ 13.8105, -4.4267 ], [ 13.8328, -4.4413 ], [ 13.8422, -4.4535 ], [ 13.8562, -4.4798 ], [ 13.867, -4.4894 ], [ 13.8764, -4.4917 ], [ 13.9045, -4.4898 ], [ 13.9347, -4.4985 ], [ 13.9444, -4.4981 ], [ 13.9549, -4.4919 ], [ 13.9718, -4.4716 ], [ 13.9898, -4.458 ], [ 14.0211, -4.4154 ], [ 14.0586, -4.4005 ], [ 14.1464, -4.3899 ], [ 14.1846, -4.3775 ], [ 14.2224, -4.3599 ], [ 14.2598, -4.3269 ], [ 14.28, -4.3128 ], [ 14.3253, -4.3019 ], [ 14.3685, -4.2784 ], [ 14.3872, -4.2771 ], [ 14.393, -4.2819 ], [ 14.3952, -4.2897 ], [ 14.3934, -4.3132 ], [ 14.389, -4.3275 ], [ 14.3858, -4.333 ], [ 14.3862, -4.3384 ], [ 14.3926, -4.3528 ], [ 14.4092, -4.3776 ], [ 14.4286, -4.4005 ], [ 14.4632, -4.4227 ], [ 14.4697, -4.4294 ], [ 14.4664, -4.4482 ], [ 14.4524, -4.468 ], [ 14.4358, -4.4868 ], [ 14.4247, -4.5024 ], [ 14.4124, -4.5146 ], [ 14.3746, -4.5303 ], [ 14.3588, -4.5446 ], [ 14.3509, -4.5591 ], [ 14.3498, -4.5669 ], [ 14.3574, -4.5891 ], [ 14.3656, -4.6273 ], [ 14.3811, -4.6462 ], [ 14.3959, -4.6602 ], [ 14.407, -4.6761 ], [ 14.411, -4.7012 ], [ 14.4092, -4.7106 ], [ 14.3991, -4.7375 ], [ 14.3998, -4.7494 ], [ 14.4124, -4.7782 ], [ 14.40429533678746, -4.818056476684454 ], [ 14.3966, -4.8559 ], [ 14.397503225806451, -4.86276451612903 ], [ 14.4006, -4.8863 ], [ 14.4373, -4.8802 ], [ 14.4495, -4.874 ], [ 14.47, -4.8521 ], [ 14.4819, -4.8458 ], [ 14.5014, -4.8407 ], [ 14.5197, -4.8414 ], [ 14.5323, -4.8563 ], [ 14.5622, -4.8559 ], [ 14.5669, -4.8606 ], [ 14.5752, -4.8738 ], [ 14.5921, -4.8806 ], [ 14.6234, -4.8995 ], [ 14.6346, -4.9037 ], [ 14.6727, -4.8999 ], [ 14.7022, -4.8896 ], [ 14.7685, -4.8483 ], [ 14.8156, -4.828 ], [ 14.8311, -4.8151 ], [ 14.8416, -4.8002 ], [ 14.8491, -4.7837 ], [ 14.9308, -4.6469 ], [ 15.0082, -4.5711 ], [ 15.0147, -4.5581 ], [ 15.0226, -4.547 ], [ 15.0763, -4.5201 ], [ 15.0979, -4.5 ], [ 15.1879, -4.3722 ], [ 15.1933, -4.3589 ], [ 15.2041, -4.3391 ], [ 15.2282, -4.3249 ], [ 15.2559, -4.3131 ], [ 15.2754, -4.3005 ], [ 15.3866, -4.2444 ], [ 15.4255, -4.2302 ], [ 15.459, -4.2139 ], [ 15.4629, -4.2072 ], [ 15.4849, -4.184 ], [ 15.4903, -4.1753 ], [ 15.5212, -4.0768 ], [ 15.5338, -4.058 ], [ 15.549, -4.0463 ], [ 15.567, -4.0382 ], [ 15.7113, -3.9922 ], [ 15.7999, -3.9789 ], [ 15.8442, -3.9656 ], [ 15.883, -3.9454 ], [ 15.9122, -3.9175 ], [ 15.9302, -3.8587 ], [ 15.936, -3.8485 ], [ 15.9432, -3.8408 ], [ 15.9741, -3.7866 ], [ 15.991, -3.7389 ], [ 16.0051, -3.7249 ], [ 16.0126, -3.7023 ], [ 16.0533, -3.62 ], [ 16.1156, -3.5443 ], [ 16.1379, -3.5008 ], [ 16.1584, -3.4473 ], [ 16.2078, -3.362 ], [ 16.2207, -3.3318 ], [ 16.2258, -3.3133 ], [ 16.2276, -3.29 ], [ 16.2222, -3.2791 ], [ 16.2103, -3.2711 ], [ 16.1988, -3.2595 ], [ 16.1934, -3.2385 ], [ 16.1995, -3.1948 ], [ 16.1991, -3.1719 ], [ 16.1901, -3.153 ], [ 16.1858, -3.1364 ], [ 16.1898, -3.0824 ], [ 16.1844, -3.0261 ], [ 16.1883, -2.9765 ], [ 16.1772, -2.8826 ], [ 16.1808, -2.8542 ], [ 16.2045, -2.7828 ], [ 16.2258, -2.6353 ], [ 16.1923, -2.3952 ], [ 16.1916, -2.3469 ], [ 16.1876, -2.3323 ], [ 16.1782, -2.3185 ], [ 16.175, -2.3031 ], [ 16.1768, -2.2868 ], [ 16.1901, -2.2419 ], [ 16.1872, -2.2047 ], [ 16.1944, -2.1821 ], [ 16.2067, -2.161 ], [ 16.2312, -2.1291 ], [ 16.256, -2.1068 ], [ 16.2844, -2.0876 ], [ 16.3402, -2.0342 ], [ 16.3827, -2.0023 ], [ 16.4457, -1.9405 ], [ 16.4608, -1.9209 ], [ 16.4702, -1.9127 ], [ 16.4904, -1.9037 ], [ 16.5076, -1.8903 ], [ 16.5141, -1.8874 ], [ 16.517, -1.8738 ], [ 16.5224, -1.8618 ], [ 16.6041, -1.7542 ], [ 16.6171, -1.7289 ], [ 16.6232, -1.6992 ], [ 16.6225, -1.6652 ], [ 16.6239, -1.6539 ], [ 16.629, -1.6373 ], [ 16.6362, -1.621 ], [ 16.6696, -1.5694 ], [ 16.6927, -1.5231 ], [ 16.7254, -1.48 ], [ 16.7629, -1.4059 ], [ 16.7794, -1.3824 ], [ 16.7946, -1.3456 ], [ 16.818, -1.3043 ], [ 16.8288, -1.2764 ], [ 16.8331, -1.2691 ], [ 16.8396, -1.2626 ], [ 16.8626, -1.2489 ], [ 16.909, -1.2112 ], [ 16.9404, -1.1749 ], [ 16.9796, -1.1403 ], [ 17.003, -1.1129 ], [ 17.0059, -1.1068 ], [ 17.012, -1.1043 ], [ 17.0224, -1.097 ], [ 17.0286, -1.0945 ], [ 17.0606, -1.0893 ], [ 17.1085, -1.0757 ], [ 17.1754, -1.0484 ], [ 17.1949, -1.0431 ], [ 17.2453, -1.0359 ], [ 17.2978, -1.0212 ], [ 17.3079, -1.015 ], [ 17.3277, -0.9919 ], [ 17.3306, -0.9866 ], [ 17.3572, -0.9735 ], [ 17.3648, -0.9672 ], [ 17.3853, -0.9425 ], [ 17.4116, -0.9184 ], [ 17.602, -0.6888 ], [ 17.6229, -0.6733 ], [ 17.6359, -0.6586 ], [ 17.651, -0.6464 ], [ 17.6546, -0.6275 ], [ 17.6643, -0.6128 ], [ 17.728, -0.5531 ], [ 17.7496, -0.5235 ], [ 17.7406, -0.3463 ], [ 17.7162, -0.2463 ], [ 17.7136, -0.2209 ], [ 17.7165, -0.1959 ], [ 17.749210619469022, -0.046170555108635 ], [ 17.7572, -0.0096 ], [ 17.7756, 0.0263 ], [ 17.854, 0.2411 ], [ 17.9401, 0.3614 ], [ 17.9455, 0.3774 ], [ 17.952, 0.4744 ], [ 17.9498, 0.4916 ], [ 17.9437, 0.5109 ], [ 17.9332, 0.5271 ], [ 17.9185, 0.5352 ], [ 17.8994, 0.5833 ], [ 17.8933, 0.6078 ], [ 17.8926, 0.636 ], [ 17.9077, 0.7131 ], [ 17.9077, 0.7406 ], [ 17.8778, 0.868 ], [ 17.8782, 0.9472 ], [ 17.8666, 1.0166 ], [ 17.8731, 1.0397 ], [ 17.8926, 1.0775 ], [ 17.9149, 1.1021 ], [ 17.9563, 1.1718 ], [ 17.9635, 1.1915 ], [ 17.9671, 1.2538 ], [ 18.002, 1.3658 ], [ 18.0067, 1.4025 ], [ 18.0124, 1.4221 ], [ 18.0715, 1.5516 ], [ 18.0736, 1.5725 ], [ 18.0661, 1.8591 ], [ 18.0682, 1.8763 ], [ 18.0783, 1.9093 ], [ 18.0816, 1.9267 ], [ 18.0816, 1.9425 ], [ 18.0762, 1.9886 ], [ 18.0808, 2.0842 ], [ 18.0783, 2.1148 ], [ 18.0726, 2.1453 ], [ 18.0726, 2.1601 ], [ 18.1111, 2.2654 ], [ 18.1186, 2.277 ], [ 18.1428, 2.3057 ], [ 18.1467, 2.316 ], [ 18.1636, 2.3211 ], [ 18.1741, 2.3362 ], [ 18.1881, 2.371 ], [ 18.1993, 2.3892 ], [ 18.2079, 2.4081 ], [ 18.214, 2.4277 ], [ 18.2252, 2.4865 ], [ 18.2331, 2.5027 ], [ 18.2461, 2.519 ], [ 18.3037, 2.5726 ], [ 18.3138, 2.5761 ], [ 18.3166, 2.5844 ], [ 18.3933, 2.7137 ], [ 18.4182, 2.7819 ], [ 18.425, 2.8222 ], [ 18.4491, 2.873 ], [ 18.4675, 2.8989 ], [ 18.4718, 2.9092 ], [ 18.4758, 2.9313 ], [ 18.4797, 2.9414 ], [ 18.4952, 2.9662 ], [ 18.520168166089963, 3.040576470588225 ], [ 18.5283, 3.0648 ], [ 18.5413, 3.0828 ], [ 18.5622, 3.0968 ], [ 18.583513761467948, 3.107638532110121 ], [ 18.5974, 3.1147 ], [ 18.6129, 3.1282 ], [ 18.6198, 3.1448 ], [ 18.6219, 3.1566 ], [ 18.6313, 3.179 ], [ 18.6424, 3.3239 ], [ 18.636004761904715, 3.425414285715031 ], [ 18.6345, 3.4493 ], [ 18.6262, 3.4769 ], [ 18.623536781609229, 3.495647126436559 ], [ 18.5931, 3.7099 ], [ 18.6129, 3.8338 ], [ 18.6118, 3.8792 ], [ 18.6136, 3.9015 ], [ 18.6345, 3.9357 ], [ 18.6417, 3.9583 ], [ 18.6453, 3.9825 ], [ 18.6464, 4.0461 ], [ 18.6327, 4.1305 ], [ 18.6198, 4.1696 ], [ 18.5838, 4.2358 ], [ 18.5787, 4.2548 ], [ 18.5726, 4.2657 ], [ 18.5449, 4.289 ], [ 18.537, 4.3061 ], [ 18.542, 4.3278 ], [ 18.5568, 4.3542 ], [ 18.5766, 4.3728 ], [ 18.5956, 4.3713 ], [ 18.6144, 4.3599 ], [ 18.623909803921546, 4.357988235294122 ], [ 18.6338, 4.356 ], [ 18.654, 4.3573 ], [ 18.6745, 4.3613 ], [ 18.7209, 4.3773 ], [ 18.7533, 4.4007 ], [ 18.7771, 4.4334 ], [ 18.8282, 4.5601 ], [ 18.8523, 4.5941 ], [ 18.8865, 4.6215 ], [ 18.898, 4.6507 ], [ 18.9045, 4.656 ], [ 18.924, 4.663 ], [ 18.9283, 4.6664 ], [ 18.94443746065064, 4.694139244491187 ], [ 18.9621, 4.7245 ], [ 18.9805, 4.7394 ], [ 18.9981, 4.7507 ], [ 19.0114, 4.765 ], [ 19.0197, 4.8034 ], [ 19.0442, 4.827 ], [ 19.0489, 4.8366 ], [ 19.0579, 4.8678 ], [ 19.069, 4.8912 ], [ 19.0834, 4.9094 ], [ 19.1162, 4.9405 ], [ 19.1331, 4.947 ], [ 19.1788, 4.9465 ], [ 19.1958, 4.9503 ], [ 19.2148, 4.9762 ], [ 19.2296, 5.0023 ], [ 19.2372, 5.0109 ], [ 19.2462, 5.015015384615387 ], [ 19.284, 5.0323 ], [ 19.3732, 5.0876 ], [ 19.3941, 5.1171 ], [ 19.4089, 5.1304 ], [ 19.4316, 5.1359 ], [ 19.4964, 5.1338 ], [ 19.5172, 5.1359 ], [ 19.5486, 5.1514 ], [ 19.5687, 5.1553 ], [ 19.6054, 5.1384 ], [ 19.7196, 5.1359 ], [ 19.7289, 5.1339 ], [ 19.7487, 5.1245 ], [ 19.7793, 5.1182 ], [ 19.8247, 5.097 ], [ 19.8387, 5.0876 ], [ 19.8502, 5.0738 ], [ 19.8754, 5.0311 ], [ 19.8805, 5.0156 ], [ 19.8909, 5.0021 ], [ 19.9154, 4.9931 ], [ 20.004, 4.9745 ], [ 20.031, 4.9581 ], [ 20.0547, 4.9379 ], [ 20.0864, 4.9163 ], [ 20.1526, 4.8907 ], [ 20.1717, 4.8784 ], [ 20.2171, 4.8225 ], [ 20.2365, 4.8064 ], [ 20.2549, 4.7972 ], [ 20.3017, 4.7818 ], [ 20.3226, 4.779 ], [ 20.3391, 4.7719 ], [ 20.3539, 4.7554 ], [ 20.3737, 4.7245 ], [ 20.3956, 4.6772 ], [ 20.4039, 4.6699 ], [ 20.4205, 4.6624 ], [ 20.4403, 4.6441 ], [ 20.4565, 4.6215 ], [ 20.463, 4.601 ], [ 20.4572, 4.5864 ], [ 20.4471, 4.5697 ], [ 20.4421, 4.5505 ], [ 20.4522, 4.529 ], [ 20.5598, 4.4284 ], [ 20.5803, 4.415 ], [ 20.603, 4.4098 ], [ 20.6883, 4.4229 ], [ 20.7679, 4.4229 ], [ 20.792, 4.4263 ], [ 20.8323, 4.4508 ], [ 20.854909629629656, 4.452353333333336 ], [ 20.8716, 4.4535 ], [ 20.922600000000347, 4.4425 ], [ 20.9634, 4.4337 ], [ 21.0595, 4.3987 ], [ 21.076, 4.3955 ], [ 21.0843, 4.3882 ], [ 21.1034, 4.3533 ], [ 21.1135, 4.3409 ], [ 21.138, 4.3327 ], [ 21.1502, 4.3268 ], [ 21.1581, 4.3102 ], [ 21.1657, 4.3072 ], [ 21.1855, 4.3061 ], [ 21.1956, 4.3029 ], [ 21.211, 4.2916 ], [ 21.2233, 4.2925 ], [ 21.2323, 4.2979 ], [ 21.2384, 4.3054 ], [ 21.2506, 4.3204 ], [ 21.2658, 4.3301 ], [ 21.2755, 4.3326 ], [ 21.2884, 4.3334 ], [ 21.2989, 4.3303 ], [ 21.3104, 4.3161 ], [ 21.3583, 4.2856 ], [ 21.3748, 4.2782 ], [ 21.3975, 4.2717 ], [ 21.417, 4.2702 ], [ 21.4602, 4.272 ], [ 21.4731, 4.2693 ], [ 21.4972, 4.2516 ], [ 21.508, 4.2494 ], [ 21.5278, 4.2493 ], [ 21.5383, 4.2447 ], [ 21.560775, 4.256325 ], [ 21.634, 4.2942 ], [ 21.651, 4.2958 ], [ 21.6888, 4.2925 ], [ 21.723, 4.2952 ], [ 21.7374, 4.2935 ], [ 21.7586, 4.2856 ], [ 21.7708, 4.2736 ], [ 21.782, 4.272 ], [ 21.8112, 4.2732 ], [ 21.8198, 4.272 ], [ 21.8382, 4.2633 ], [ 21.8518, 4.2517 ], [ 21.8677, 4.2415 ], [ 21.8914, 4.2372 ], [ 21.9498, 4.2335 ], [ 21.9706, 4.2372 ], [ 21.9897, 4.2443 ], [ 22.0016, 4.2447 ], [ 22.0578, 4.2196 ], [ 22.1085, 4.2099 ], [ 22.128, 4.2032 ], [ 22.1517, 4.1796 ], [ 22.1618, 4.1733 ], [ 22.1848, 4.1647 ], [ 22.2072, 4.1504 ], [ 22.3033, 4.1288 ], [ 22.4228, 4.1348 ], [ 22.4574, 4.1491 ], [ 22.4926, 4.1741 ], [ 22.5106, 4.1913 ], [ 22.5182, 4.2069 ], [ 22.5405, 4.2274 ], [ 22.5463, 4.2372 ], [ 22.5456, 4.246 ], [ 22.5398, 4.267 ], [ 22.5394, 4.2782 ], [ 22.5686, 4.3315 ], [ 22.5765, 4.3409 ], [ 22.588, 4.3443 ], [ 22.5999, 4.3526 ], [ 22.6093, 4.3635 ], [ 22.6136, 4.3743 ], [ 22.6111, 4.3819 ], [ 22.5942, 4.4024 ], [ 22.5891, 4.422 ], [ 22.587, 4.4495 ], [ 22.5924, 4.4738 ], [ 22.6104, 4.4842 ], [ 22.6543, 4.4828 ], [ 22.6755, 4.4848 ], [ 22.6896, 4.4917 ], [ 22.695, 4.5016 ], [ 22.6971, 4.512 ], [ 22.6971, 4.5358 ], [ 22.7, 4.5411 ], [ 22.7137, 4.5512 ], [ 22.7313, 4.5873 ], [ 22.7238, 4.617 ], [ 22.7238, 4.6289 ], [ 22.7378, 4.6378 ], [ 22.7486, 4.6484 ], [ 22.7572, 4.6608 ], [ 22.7652, 4.676 ], [ 22.7763, 4.7102 ], [ 22.786, 4.7247 ], [ 22.803, 4.7307 ], [ 22.8181, 4.7247 ], [ 22.8372, 4.7142 ], [ 22.8537, 4.7114 ], [ 22.8652, 4.7387 ], [ 22.8872, 4.7556 ], [ 22.8955, 4.7654 ], [ 22.8868, 4.7768 ], [ 22.8825, 4.7885 ], [ 22.8829, 4.8008 ], [ 22.8886, 4.8132 ], [ 22.8984, 4.8237 ], [ 22.9059, 4.8243 ], [ 22.9153, 4.8213 ], [ 22.9297, 4.8207 ], [ 22.958948571428596, 4.832797142857154 ], [ 22.965, 4.8353 ], [ 22.9776, 4.8343 ], [ 22.9858, 4.8264 ], [ 22.9963, 4.7995 ], [ 23.0071, 4.7785 ], [ 23.011, 4.7637 ], [ 23.0172, 4.7506 ], [ 23.0294, 4.745 ], [ 23.0427, 4.743 ], [ 23.0553, 4.7378 ], [ 23.0773, 4.7211 ], [ 23.0992, 4.7116 ], [ 23.104853846153897, 4.712523076923086 ], [ 23.1237, 4.7156 ], [ 23.1687, 4.7381 ], [ 23.1838, 4.7254 ], [ 23.2087, 4.6906 ], [ 23.2519, 4.663 ], [ 23.2648, 4.6351 ], [ 23.2951, 4.6276 ], [ 23.2998, 4.6252 ], [ 23.3163, 4.6077 ], [ 23.3358, 4.6069 ], [ 23.3541, 4.6036 ], [ 23.371, 4.5973 ], [ 23.3883, 4.5873 ], [ 23.3959, 4.5917 ], [ 23.4146, 4.5909 ], [ 23.4225, 4.5941 ], [ 23.4276, 4.6014 ], [ 23.4301, 4.6289 ], [ 23.4373, 4.6467 ], [ 23.4484, 4.6594 ], [ 23.465, 4.6673 ], [ 23.4884, 4.6699 ], [ 23.506, 4.6764 ], [ 23.5665, 4.7245 ], [ 23.5881, 4.734 ], [ 23.6342, 4.7451 ], [ 23.6727, 4.7673 ], [ 23.6929, 4.7735 ], [ 23.7379, 4.779 ], [ 23.7602, 4.7875 ], [ 23.7984, 4.8148 ], [ 23.8167, 4.8207 ], [ 23.8552, 4.8132 ], [ 23.8642, 4.8161 ], [ 23.8747, 4.825 ], [ 23.8819, 4.827 ], [ 23.916693956043975, 4.819468131868128 ], [ 23.9244, 4.8178 ], [ 23.9485, 4.8177 ], [ 23.9474, 4.8306 ], [ 23.9427, 4.8406 ], [ 23.9431, 4.8517 ], [ 23.9463, 4.8618 ], [ 23.9506, 4.8678 ], [ 23.9571, 4.8709 ], [ 23.9632, 4.8688 ], [ 23.978, 4.8542 ], [ 23.9956, 4.865 ], [ 24.0468, 4.8889 ], [ 24.0723, 4.9103 ], [ 24.0896, 4.9203 ], [ 24.1083, 4.9231 ], [ 24.1198, 4.919 ], [ 24.1393, 4.9055 ], [ 24.1526, 4.9027 ], [ 24.163, 4.9078 ], [ 24.178180263157884, 4.92767631578946 ], [ 24.1908, 4.9442 ], [ 24.2095, 4.9562 ], [ 24.2296, 4.9612 ], [ 24.2462, 4.9541 ], [ 24.2465, 4.953032352941179 ], [ 24.24875, 4.945025 ], [ 24.253, 4.9299 ], [ 24.2592, 4.9299 ], [ 24.2678, 4.9357 ], [ 24.2696, 4.9525 ], [ 24.2728, 4.9641 ], [ 24.2847, 4.9924 ], [ 24.2966, 5.0033 ], [ 24.341599999999801, 5.008987499999975 ], [ 24.349652631579822, 5.010005263158005 ], [ 24.3686, 5.0124 ], [ 24.3862, 5.0225 ], [ 24.3985, 5.0361 ], [ 24.397, 5.0482 ], [ 24.3718, 5.0534 ], [ 24.3614, 5.063 ], [ 24.3679, 5.0846 ], [ 24.3826, 5.1079 ], [ 24.3963, 5.1224 ], [ 24.4017, 5.1115 ], [ 24.4114, 5.0819 ], [ 24.4168, 5.0733 ], [ 24.4305, 5.0674 ], [ 24.4334, 5.0756 ], [ 24.433, 5.0894 ], [ 24.4366, 5.1006 ], [ 24.4597, 5.1075 ], [ 24.487, 5.1009 ], [ 24.5137, 5.0873 ], [ 24.5331, 5.0733 ], [ 24.5385, 5.0655 ], [ 24.5475, 5.0465 ], [ 24.5536, 5.0392 ], [ 24.5634, 5.0349 ], [ 24.5886, 5.0311 ], [ 24.6012, 5.0262 ], [ 24.6102, 5.0167 ], [ 24.6102, 4.9967 ], [ 24.6156, 4.9851 ], [ 24.6274, 4.977 ], [ 24.657, 4.9674 ], [ 24.6706, 4.9572 ], [ 24.6573, 4.9397 ], [ 24.6541, 4.9294 ], [ 24.6645, 4.9244 ], [ 24.7308, 4.9176 ], [ 24.7498, 4.9189 ], [ 24.7664, 4.9299 ], [ 24.7783, 4.9186 ], [ 24.7894, 4.9199 ], [ 24.811, 4.9405 ], [ 24.8193, 4.9445 ], [ 24.837, 4.9377 ], [ 24.8485, 4.9367 ], [ 24.8683, 4.9445 ], [ 24.9043, 4.9668 ], [ 24.927, 4.9715 ], [ 24.9579, 4.9914 ], [ 24.9694, 4.9914 ], [ 25.0065, 4.981 ], [ 25.0407, 4.9621 ], [ 25.076, 4.9519 ], [ 25.0846, 4.9542 ], [ 25.0904, 4.9745 ], [ 25.1008, 4.9946 ], [ 25.1052, 4.9989 ], [ 25.1142, 5.0019 ], [ 25.1217, 5.0087 ], [ 25.1293, 5.0187 ], [ 25.1401, 5.018 ], [ 25.1545, 5.0093 ], [ 25.1635, 5.0057 ], [ 25.2276, 5.0096 ], [ 25.2394, 5.0156 ], [ 25.2484, 5.0242 ], [ 25.2924, 5.0283 ], [ 25.3075, 5.0323 ], [ 25.3168, 5.0424 ], [ 25.3208, 5.0522 ], [ 25.3219, 5.077 ], [ 25.3251, 5.0882 ], [ 25.3392, 5.1052 ], [ 25.3424, 5.1115 ], [ 25.3492, 5.1417 ], [ 25.3485, 5.1491 ], [ 25.3413, 5.1557 ], [ 25.3215, 5.1593 ], [ 25.3143, 5.1633 ], [ 25.3078, 5.1853 ], [ 25.3161, 5.2023 ], [ 25.3291, 5.2161 ], [ 25.3356, 5.2285 ], [ 25.3374, 5.2517 ], [ 25.3435, 5.2719 ], [ 25.3557, 5.2865 ], [ 25.3766, 5.2931 ], [ 25.3636, 5.3105 ], [ 25.3708, 5.3168 ], [ 25.3852, 5.3216 ], [ 25.3957, 5.334 ], [ 25.4133, 5.3236 ], [ 25.4349, 5.3287 ], [ 25.467646987951767, 5.346528915662629 ], [ 25.4799, 5.3532 ], [ 25.4821, 5.3569 ], [ 25.4954, 5.3446 ], [ 25.5044, 5.3423 ], [ 25.5289, 5.3519 ], [ 25.5408, 5.3545 ], [ 25.5328, 5.3722 ], [ 25.5436, 5.3754 ], [ 25.562, 5.3731 ], [ 25.5811, 5.3749 ], [ 25.589, 5.3623 ], [ 25.5922, 5.3492 ], [ 25.6005, 5.3404 ], [ 25.6228, 5.3407 ], [ 25.6142, 5.33 ], [ 25.6092, 5.3266 ], [ 25.6092, 5.3226 ], [ 25.6092, 5.3203 ], [ 25.6236, 5.31 ], [ 25.6311, 5.3118 ], [ 25.638, 5.318 ], [ 25.6502, 5.3203 ], [ 25.6556, 5.3178 ], [ 25.6632, 5.3092 ], [ 25.6689, 5.3062 ], [ 25.6912, 5.2998 ], [ 25.7049, 5.2896 ], [ 25.7326, 5.2589 ], [ 25.7438, 5.2507 ], [ 25.7578, 5.2444 ], [ 25.7719, 5.2456 ], [ 25.7812, 5.2589 ], [ 25.7694, 5.2652 ], [ 25.7784, 5.2692 ], [ 25.7924, 5.2629 ], [ 25.7946, 5.2384 ], [ 25.8147, 5.2446 ], [ 25.8115, 5.231 ], [ 25.8262, 5.1948 ], [ 25.8363, 5.2001 ], [ 25.846, 5.2117 ], [ 25.8493, 5.2179 ], [ 25.8723, 5.2171 ], [ 25.879358823529444, 5.208591596638619 ], [ 25.8835, 5.2036 ], [ 25.8928, 5.1853 ], [ 25.9108, 5.1702 ], [ 25.9126, 5.1905 ], [ 25.9256, 5.2018 ], [ 25.9432, 5.2042 ], [ 25.9587, 5.1975 ], [ 25.9584, 5.2148 ], [ 25.9627, 5.2245 ], [ 25.972, 5.2277 ], [ 25.9861, 5.2254 ], [ 25.9965, 5.2192 ], [ 26.0138, 5.1993 ], [ 26.0268, 5.19 ], [ 26.0372, 5.1981 ], [ 26.0678, 5.2009 ], [ 26.0707, 5.2122 ], [ 26.0772, 5.2164 ], [ 26.0862, 5.2152 ], [ 26.0952, 5.2111 ], [ 26.0916, 5.2191 ], [ 26.0883, 5.2446 ], [ 26.0984, 5.2396 ], [ 26.1124, 5.2384 ], [ 26.1196, 5.2416 ], [ 26.125, 5.2486 ], [ 26.1301, 5.2589 ], [ 26.1441, 5.2519 ], [ 26.151, 5.24 ], [ 26.1574, 5.2325 ], [ 26.1708, 5.2384 ], [ 26.1816, 5.2297 ], [ 26.1844, 5.2254 ], [ 26.1981, 5.2384 ], [ 26.2071, 5.2078 ], [ 26.2136, 5.1992 ], [ 26.2262, 5.2044 ], [ 26.2262, 5.1832 ], [ 26.2467, 5.19 ], [ 26.2539, 5.1723 ], [ 26.2726, 5.1591 ], [ 26.2917, 5.151 ], [ 26.3173, 5.1465 ], [ 26.3364, 5.1487 ], [ 26.339388414634136, 5.148540853658537 ], [ 26.3533, 5.1478 ], [ 26.3626, 5.1359 ], [ 26.3695, 5.1407 ], [ 26.3907, 5.1491 ], [ 26.4001, 5.1337 ], [ 26.4418, 5.1043 ], [ 26.461466770186103, 5.06233167701913 ], [ 26.4627, 5.0597 ], [ 26.4753, 5.0572 ], [ 26.5027, 5.0475 ], [ 26.52, 5.0461 ], [ 26.5282, 5.0481 ], [ 26.5542, 5.06 ], [ 26.5614, 5.0671 ], [ 26.5682, 5.0597 ], [ 26.5797, 5.0744 ], [ 26.5984, 5.0807 ], [ 26.6154, 5.0783 ], [ 26.6236, 5.0671 ], [ 26.6298, 5.0671 ], [ 26.6355, 5.0777 ], [ 26.6442, 5.0784 ], [ 26.6575, 5.0733 ], [ 26.6676, 5.0784 ], [ 26.6812, 5.0893 ], [ 26.6917, 5.0944 ], [ 26.6928, 5.0944 ], [ 26.7396, 5.0944 ], [ 26.7536, 5.0923 ], [ 26.7604, 5.0882 ], [ 26.8083, 5.0392 ], [ 26.8155, 5.0402 ], [ 26.826, 5.0508 ], [ 26.8328, 5.0534 ], [ 26.8396, 5.0512 ], [ 26.845, 5.0464 ], [ 26.8494, 5.0392 ], [ 26.867, 5.0376 ], [ 26.8843, 5.0534 ], [ 26.8897, 5.0621 ], [ 26.899, 5.086 ], [ 26.9041, 5.0944 ], [ 26.9336, 5.1266 ], [ 26.9617, 5.1513 ], [ 26.9916, 5.1713 ], [ 27.0276, 5.19 ], [ 27.0736, 5.2034 ], [ 27.1165, 5.2003 ], [ 27.1575, 5.1855 ], [ 27.2396, 5.145 ], [ 27.2626, 5.1385 ], [ 27.3019, 5.1321 ], [ 27.3429, 5.1006 ], [ 27.3613, 5.0954 ], [ 27.3915, 5.0923 ], [ 27.4052, 5.0829 ], [ 27.4149, 5.0807 ], [ 27.4412, 5.0708 ], [ 27.443, 5.0578 ], [ 27.4362, 5.0132 ], [ 27.4477, 5.0036 ], [ 27.4617, 4.997 ], [ 27.477199999999897, 4.98505 ], [ 27.4927, 4.9731 ], [ 27.5013, 4.9634 ], [ 27.5049, 4.9539 ], [ 27.5092, 4.9325 ], [ 27.5146, 4.9224 ], [ 27.5326, 4.9077 ], [ 27.5528, 4.9005 ], [ 27.606799999999886, 4.8946836734694 ], [ 27.641, 4.891 ], [ 27.6586, 4.8796 ], [ 27.672, 4.8559 ], [ 27.6799, 4.8145 ], [ 27.686, 4.7979 ], [ 27.699, 4.7875 ], [ 27.7065, 4.7875 ], [ 27.726, 4.7928 ], [ 27.735, 4.7932 ], [ 27.7443, 4.7879 ], [ 27.7526, 4.7778 ], [ 27.763, 4.7571 ], [ 27.767, 4.7355 ], [ 27.7587, 4.6772 ], [ 27.7609, 4.6361 ], [ 27.7652, 4.6122 ], [ 27.7724, 4.5959 ], [ 27.8091, 4.588 ], [ 27.8196, 4.5796 ], [ 27.8376, 4.5601 ], [ 27.8491, 4.5532 ], [ 27.857, 4.5525 ], [ 27.8854, 4.5567 ], [ 27.8908, 4.5559 ], [ 27.9078, 4.5488 ], [ 27.9139, 4.5494 ], [ 27.9178, 4.5608 ], [ 27.916, 4.5622 ], [ 27.9294, 4.57 ], [ 27.9344, 4.5682 ], [ 27.9445, 4.5574 ], [ 27.9513, 4.5559 ], [ 27.9625, 4.5575 ], [ 28.014, 4.5501 ], [ 28.0172, 4.5391 ], [ 28.0122, 4.5219 ], [ 28.0089, 4.4991 ], [ 28.0111, 4.4802 ], [ 28.019, 4.4628 ], [ 28.0496, 4.4191 ], [ 28.0597, 4.4201 ], [ 28.0762, 4.4377 ], [ 28.0856, 4.4433 ], [ 28.1018, 4.4422 ], [ 28.1083, 4.434 ], [ 28.1122, 4.4147 ], [ 28.1403, 4.3793 ], [ 28.1587, 4.3609 ], [ 28.1774, 4.3473 ], [ 28.217, 4.3421 ], [ 28.25987906976745, 4.350206976744187 ], [ 28.2609, 4.3504 ], [ 28.303, 4.3523 ], [ 28.3369, 4.3275 ], [ 28.3459, 4.3064 ], [ 28.3491, 4.2923 ], [ 28.3574, 4.2829 ], [ 28.3815, 4.2753 ], [ 28.4042, 4.2779 ], [ 28.4254, 4.2909 ], [ 28.4438, 4.3085 ], [ 28.4823, 4.359 ], [ 28.4967, 4.369 ], [ 28.5194, 4.3745 ], [ 28.5482, 4.3709 ], [ 28.5572, 4.3736 ], [ 28.5644, 4.3826 ], [ 28.5705, 4.4051 ], [ 28.5824, 4.4127 ], [ 28.608275, 4.4187625 ], [ 28.6238, 4.4224 ], [ 28.6386, 4.4322 ], [ 28.6537, 4.4528 ], [ 28.6951, 4.5326 ], [ 28.7246, 4.534 ], [ 28.7383, 4.5409 ], [ 28.7469, 4.5494 ], [ 28.7556, 4.5541 ], [ 28.7692, 4.5498 ], [ 28.7836, 4.5305 ], [ 28.7851, 4.508 ], [ 28.7901, 4.4887 ], [ 28.8153, 4.4784 ], [ 28.8258, 4.4784 ], [ 28.839363829787175, 4.480217375886517 ], [ 28.8564, 4.4825 ], [ 28.9035, 4.4787 ], [ 28.9255, 4.4808 ], [ 28.9863, 4.496 ], [ 28.9942, 4.4875 ], [ 29.0425, 4.4553 ], [ 29.0533, 4.4509 ], [ 29.0558, 4.4366 ], [ 29.059, 4.4377 ], [ 29.0986, 4.4206 ], [ 29.1098, 4.4124 ], [ 29.1735, 4.348 ], [ 29.1962, 4.3371 ], [ 29.2214, 4.3407 ], [ 29.2286, 4.3567 ], [ 29.2315, 4.3756 ], [ 29.243, 4.3874 ], [ 29.2675, 4.3879 ], [ 29.2873, 4.3836 ], [ 29.3038, 4.3872 ], [ 29.3186, 4.4111 ], [ 29.329, 4.435 ], [ 29.3388, 4.4496 ], [ 29.3902, 4.4938 ], [ 29.4025, 4.5121 ], [ 29.4108, 4.5323 ], [ 29.4172, 4.5555 ], [ 29.4241, 4.5661 ], [ 29.4428, 4.5836 ], [ 29.4446, 4.5946 ], [ 29.4435, 4.6047 ], [ 29.4468, 4.6222 ], [ 29.4493, 4.6571 ], [ 29.4576, 4.6696 ], [ 29.4727, 4.6723 ], [ 29.4939, 4.6683 ], [ 29.5134, 4.6522 ], [ 29.5288, 4.66 ], [ 29.535, 4.6607 ], [ 29.5465, 4.6574 ], [ 29.5767, 4.6445 ], [ 29.6066, 4.6439 ], [ 29.6185, 4.6417 ], [ 29.6602, 4.6222 ], [ 29.6718, 4.614 ], [ 29.7009, 4.5883 ], [ 29.7153, 4.5797 ], [ 29.7229, 4.5783 ], [ 29.7452, 4.584 ], [ 29.7517, 4.5813 ], [ 29.7967, 4.5561 ], [ 29.7934, 4.5455 ], [ 29.7776, 4.5239 ], [ 29.7787, 4.5152 ], [ 29.7855, 4.4986 ], [ 29.787, 4.4897 ], [ 29.7855, 4.4794 ], [ 29.7769, 4.4493 ], [ 29.7762, 4.4057 ], [ 29.7877, 4.3689 ], [ 29.8147, 4.3469 ], [ 29.8608, 4.3473 ], [ 29.8827, 4.3441 ], [ 29.9086, 4.3293 ], [ 29.9302, 4.3087 ], [ 29.94, 4.2883 ], [ 29.9367, 4.2783 ], [ 29.923, 4.2578 ], [ 29.9241, 4.2457 ], [ 29.932, 4.2362 ], [ 29.9425, 4.2338 ], [ 29.9659, 4.2318 ], [ 29.9893, 4.2178 ], [ 30.0048, 4.1993 ], [ 30.0278, 4.1545 ], [ 30.0429, 4.1332 ], [ 30.0577, 4.1238 ], [ 30.0998, 4.1152 ], [ 30.1229, 4.1026 ], [ 30.1329, 4.0828 ], [ 30.1383, 4.0598 ], [ 30.1473, 4.0368 ], [ 30.1715, 4.0083 ], [ 30.1779, 3.9971 ], [ 30.1805, 3.9862 ], [ 30.1823, 3.9656 ], [ 30.1895, 3.9562 ], [ 30.206, 3.9505 ], [ 30.2708, 3.9495 ], [ 30.3378, 3.928 ], [ 30.4188, 3.8798 ], [ 30.443820895522325, 3.871788059701513 ], [ 30.4569, 3.8676 ], [ 30.4857, 3.8656 ], [ 30.5156, 3.8709 ], [ 30.5253, 3.8676 ], [ 30.539, 3.8416 ], [ 30.5628, 3.6949 ], [ 30.5624, 3.6754 ], [ 30.5549, 3.6365 ], [ 30.5495, 3.6242 ], [ 30.5433, 3.6179 ], [ 30.543, 3.613 ], [ 30.5534, 3.6046 ], [ 30.5624, 3.6014 ], [ 30.5725, 3.6011 ], [ 30.5923, 3.6036 ], [ 30.6049, 3.6067 ], [ 30.6366, 3.6242 ], [ 30.6539, 3.6306 ], [ 30.6654, 3.632 ], [ 30.6692, 3.632 ], [ 30.6935, 3.632 ], [ 30.7147, 3.6439 ], [ 30.7313, 3.6635 ], [ 30.7471, 3.675 ], [ 30.7651, 3.6618 ], [ 30.7691, 3.6519 ], [ 30.7723, 3.6176 ], [ 30.7791, 3.6027 ], [ 30.7921, 3.5927 ], [ 30.8231, 3.5805 ], [ 30.8378, 3.5628 ], [ 30.8277, 3.5111 ], [ 30.8396, 3.4902 ], [ 30.8612, 3.4982 ], [ 30.8803, 3.5144 ], [ 30.8965, 3.52 ], [ 30.9095, 3.4962 ], [ 30.9095, 3.4872 ], [ 30.903, 3.459 ], [ 30.9044, 3.4476 ], [ 30.9145, 3.4265 ], [ 30.9163, 3.4148 ], [ 30.9102, 3.3935 ], [ 30.8972, 3.375 ], [ 30.8684, 3.3434 ], [ 30.8486, 3.3093 ], [ 30.8457, 3.294 ], [ 30.8425, 3.2887 ], [ 30.822, 3.2814 ], [ 30.8043, 3.2461 ], [ 30.7478, 3.0768 ], [ 30.7439, 3.0555 ], [ 30.7449, 3.0363 ], [ 30.7572, 3.0216 ], [ 30.8036, 2.9891 ], [ 30.8209, 2.9732 ], [ 30.8439, 2.9328 ], [ 30.8547, 2.8933 ], [ 30.8533, 2.8534 ], [ 30.8288, 2.7861 ], [ 30.822, 2.7763 ], [ 30.8058, 2.772 ], [ 30.8015, 2.7691 ], [ 30.7993, 2.7635 ], [ 30.7979, 2.7484 ], [ 30.7644, 2.6585 ], [ 30.759, 2.6339 ], [ 30.7395, 2.6034 ], [ 30.7352, 2.5931 ], [ 30.7341, 2.5745 ], [ 30.7377, 2.5376 ], [ 30.737, 2.5195 ], [ 30.7295, 2.5035 ], [ 30.7169, 2.4832 ], [ 30.7075, 2.4623 ], [ 30.7107, 2.4451 ], [ 30.7248, 2.4408 ], [ 30.795, 2.4401 ], [ 30.8051, 2.4344 ], [ 30.8072, 2.4222 ], [ 30.8069, 2.4071 ], [ 30.8097, 2.3925 ], [ 30.8198, 2.376 ], [ 30.8364, 2.3564 ], [ 30.8551, 2.3398 ], [ 30.8717, 2.3321 ], [ 30.9005, 2.346 ], [ 30.9145, 2.3782 ], [ 30.9311, 2.4056 ], [ 30.9681, 2.4055 ], [ 30.9847, 2.3948 ], [ 31.0412, 2.3314 ], [ 31.0459, 2.3198 ], [ 31.0445, 2.314 ], [ 31.0387, 2.311 ], [ 31.0355, 2.307 ], [ 31.0405, 2.298 ], [ 31.0553, 2.2903 ], [ 31.0992, 2.2827 ], [ 31.1125, 2.2821 ], [ 31.1294, 2.2847 ], [ 31.1777, 2.303 ], [ 31.1791, 2.2598 ], [ 31.1823, 2.2388 ], [ 31.1903, 2.2216 ], [ 31.2108, 2.2054 ], [ 31.2677, 2.1734 ], [ 31.2806, 2.1535 ], [ 31.2716, 2.1031 ], [ 31.2428, 2.0513 ], [ 31.0257, 1.7782 ], [ 30.6816, 1.5005 ], [ 30.4782, 1.2387 ], [ 30.4584, 1.2217 ], [ 30.4454, 1.2128 ], [ 30.4317, 1.2071 ], [ 30.4127, 1.2021 ], [ 30.3993, 1.2007 ], [ 30.3767, 1.2031 ], [ 30.3648, 1.2021 ], [ 30.3482, 1.1891 ], [ 30.336, 1.1689 ], [ 30.3237, 1.1559 ], [ 30.3065, 1.164 ], [ 30.2957, 1.1728 ], [ 30.2867, 1.1743 ], [ 30.278, 1.1716 ], [ 30.2694, 1.1673 ], [ 30.2388, 1.1361 ], [ 30.2363, 1.1295 ], [ 30.2316, 1.0978 ], [ 30.228, 1.089 ], [ 30.2154, 1.0772 ], [ 30.2157, 1.0579 ], [ 30.2211, 1.0172 ], [ 30.2139, 0.9986 ], [ 30.1916, 0.975 ], [ 30.1869, 0.9588 ], [ 30.1837, 0.9552 ], [ 30.181700000000216, 0.951455555555955 ], [ 30.1657, 0.9215 ], [ 30.1549, 0.9087 ], [ 30.1452, 0.9032 ], [ 30.0383, 0.879 ], [ 29.9965, 0.8601 ], [ 29.9601, 0.8322 ], [ 29.9472, 0.8247 ], [ 29.9284, 0.7851 ], [ 29.927, 0.7749 ], [ 29.9324, 0.7233 ], [ 29.9202, 0.6387 ], [ 29.9194, 0.6182 ], [ 29.9382, 0.5374 ], [ 29.9403, 0.4985 ], [ 29.923, 0.4602 ], [ 29.851, 0.3772 ], [ 29.8395, 0.3585 ], [ 29.8327, 0.337 ], [ 29.8006, 0.1725 ], [ 29.797, 0.1649 ], [ 29.7873, 0.1586 ], [ 29.7805, 0.1613 ], [ 29.7729, 0.1676 ], [ 29.7614, 0.1722 ], [ 29.7556, 0.161 ], [ 29.7117, 0.0995 ], [ 29.7031, 0.0724 ], [ 29.7016, 0.0551 ], [ 29.7135, 0.0116 ], [ 29.7142, -0.0076 ], [ 29.7088, -0.0263 ], [ 29.6941, -0.0631 ], [ 29.6293, -0.4425 ], [ 29.6318, -0.4612 ], [ 29.6451, -0.489 ], [ 29.6498, -0.5044 ], [ 29.653, -0.5657 ], [ 29.6509, -0.5796 ], [ 29.643, -0.5851 ], [ 29.6322, -0.5859 ], [ 29.6228, -0.5884 ], [ 29.6188, -0.5995 ], [ 29.6206, -0.6055 ], [ 29.6307, -0.6221 ], [ 29.6293, -0.6298 ], [ 29.6188, -0.6391 ], [ 29.6156, -0.6443 ], [ 29.603, -0.723 ], [ 29.6023, -0.7439 ], [ 29.6109, -0.7828 ], [ 29.6134, -0.804 ], [ 29.6109, -0.8641 ], [ 29.608, -0.8785 ], [ 29.5969, -0.892 ], [ 29.567, -0.902 ], [ 29.5558, -0.9196 ], [ 29.5551, -0.9386 ], [ 29.5591, -0.9574 ], [ 29.5602, -0.9721 ], [ 29.5515, -0.9904 ], [ 29.5483, -1.0026 ], [ 29.5512, -1.0202 ], [ 29.5659, -1.0587 ], [ 29.5699, -1.078 ], [ 29.5692, -1.0959 ], [ 29.5569, -1.1577 ], [ 29.5569, -1.1819 ], [ 29.5652, -1.1979 ], [ 29.5756, -1.2132 ], [ 29.5814, -1.2349 ], [ 29.5803, -1.2433 ], [ 29.571, -1.2686 ], [ 29.5713, -1.2794 ], [ 29.5832, -1.2994 ], [ 29.5872, -1.3107 ], [ 29.5872, -1.3297 ], [ 29.5778, -1.3884 ], [ 29.5386, -1.4024 ], [ 29.526933333333382, -1.4108 ], [ 29.4986, -1.4312 ], [ 29.4644, -1.467 ], [ 29.4417, -1.5026 ], [ 29.4374, -1.5063 ], [ 29.3586, -1.51 ], [ 29.3427, -1.5166 ], [ 29.3312, -1.5315 ], [ 29.3038, -1.5879 ], [ 29.2938, -1.6011 ], [ 29.2455, -1.641 ], [ 29.2333, -1.6587 ], [ 29.2124, -1.6987 ], [ 29.1494, -1.7994 ], [ 29.1303, -1.8433 ], [ 29.1256, -1.8791 ], [ 29.1278, -1.9157 ], [ 29.1544, -2.0727 ], [ 29.1562, -2.1087 ], [ 29.1505, -2.1504 ], [ 29.135, -2.1978 ], [ 29.1098, -2.2367 ], [ 29.0752, -2.2639 ], [ 29.031, -2.2757 ], [ 29.0022, -2.2748 ], [ 28.9935, -2.2778 ], [ 28.9834, -2.2874 ], [ 28.9788, -2.3069 ], [ 28.9712, -2.3217 ], [ 28.9597, -2.3398 ], [ 28.9453, -2.3542 ], [ 28.928, -2.3645 ], [ 28.8805, -2.3798 ], [ 28.8664, -2.392 ], [ 28.8589, -2.4182 ], [ 28.8607, -2.4397 ], [ 28.8646, -2.4596 ], [ 28.8747, -2.4776 ], [ 28.8783, -2.4897 ], [ 28.8607, -2.5053 ], [ 28.8571, -2.5184 ], [ 28.861, -2.5312 ], [ 28.8812, -2.5427 ], [ 28.8913, -2.5531 ], [ 28.8981, -2.5763 ], [ 28.8913, -2.6527 ], [ 28.8992, -2.6608 ], [ 28.9363, -2.6851 ], [ 28.9496, -2.6904 ], [ 28.9795, -2.6935 ], [ 29.0, -2.7037 ], [ 29.0155, -2.7207 ], [ 29.0284, -2.7449 ], [ 29.0083, -2.7475 ], [ 28.9957, -2.7585 ], [ 28.9888, -2.7755 ], [ 28.987, -2.7969 ], [ 28.995, -2.8137 ], [ 29.013, -2.8189 ], [ 29.0342, -2.8209 ], [ 29.049, -2.8275 ], [ 29.0536, -2.8355 ], [ 29.0626, -2.8623 ], [ 29.0774, -2.884 ], [ 29.0817, -2.894 ], [ 29.0832, -2.9101 ], [ 29.0896, -2.9261 ], [ 29.1051, -2.9342 ], [ 29.1235, -2.9402 ], [ 29.1382, -2.9504 ], [ 29.1444, -2.9663 ], [ 29.1483, -2.987 ], [ 29.1566, -3.0049 ], [ 29.176, -3.0125 ], [ 29.1944, -3.0147 ], [ 29.2117, -3.0212 ], [ 29.2254, -3.0318 ], [ 29.2347, -3.0466 ], [ 29.2423, -3.1108 ], [ 29.2376, -3.1223 ], [ 29.225, -3.1294 ], [ 29.2174, -3.1463 ], [ 29.2142, -3.1665 ], [ 29.2167, -3.2332 ], [ 29.2239, -3.2528 ], [ 29.2408, -3.2664 ], [ 29.2131, -3.292 ], [ 29.2088, -3.3053 ], [ 29.2066, -3.3345 ], [ 29.225, -3.5887 ], [ 29.2232, -3.6671 ], [ 29.2066, -3.782 ], [ 29.2149, -3.8999 ], [ 29.2246, -3.9265 ], [ 29.2398, -3.9481 ], [ 29.2776, -3.9891 ], [ 29.3395, -4.0933 ], [ 29.3726, -4.2082 ], [ 29.4043, -4.4499 ], [ 29.4072, -4.4626 ], [ 29.4108, -4.5024 ], [ 29.4014, -4.5868 ], [ 29.3409, -4.7517 ], [ 29.3211, -4.8364 ], [ 29.3236, -4.9203 ], [ 29.3442, -5.006 ], [ 29.3776, -5.0876 ], [ 29.4558, -5.2299 ], [ 29.4964, -5.3918 ], [ 29.5936, -5.6203 ], [ 29.6124, -5.7043 ], [ 29.603, -5.7818 ], [ 29.571, -5.838 ], [ 29.4961, -5.9387 ], [ 29.4763, -6.0021 ], [ 29.4788, -6.0418 ], [ 29.5087, -6.1537 ], [ 29.5256, -6.2732 ], [ 29.5378, -6.3124 ], [ 29.5659, -6.3595 ], [ 29.634, -6.4469 ], [ 29.6844, -6.5816 ], [ 29.707, -6.6194 ], [ 29.7387, -6.6524 ], [ 29.873, -6.7543 ], [ 30.0127, -6.8253 ], [ 30.0908, -6.89 ], [ 30.2348, -7.0571 ], [ 30.2946, -7.1494 ], [ 30.3695, -7.3103 ], [ 30.4051, -7.4361 ], [ 30.4148, -7.502 ], [ 30.4418, -7.5963 ], [ 30.6549, -7.9274 ], [ 30.728, -8.1041 ], [ 30.7521, -8.1941 ], [ 28.9154, -8.4729 ], [ 29.6021, -8.3686 ], [ 29.575, -8.3596 ], [ 29.5564, -8.3317 ], [ 29.5511, -8.2945 ], [ 29.5389, -8.28 ], [ 29.5284, -8.2376 ], [ 29.5191, -8.2283 ], [ 29.5202, -8.1871 ], [ 29.5265, -8.1539 ], [ 29.5433, -8.1806 ], [ 29.5601, -8.1817 ], [ 29.5832, -8.1683 ], [ 29.5727, -8.1299 ], [ 29.583, -8.1105 ], [ 29.619, -8.103 ], [ 29.639, -8.0924 ], [ 29.6456, -8.0791 ], [ 29.6486, -8.0517 ], [ 29.6686, -7.9958 ], [ 29.6607, -7.9467 ], [ 29.6524, -7.9308 ], [ 29.6358, -7.9399 ], [ 29.626, -7.9347 ], [ 29.624, -7.912 ], [ 29.5879, -7.8492 ], [ 29.5826, -7.8351 ], [ 29.5668, -7.8203 ], [ 29.5554, -7.8369 ], [ 29.5366, -7.8441 ], [ 29.5179, -7.8711 ], [ 29.5037, -7.8755 ], [ 29.4858, -7.8588 ], [ 29.4836, -7.8128 ], [ 29.4635, -7.7933 ], [ 29.4467, -7.7868 ], [ 29.4382, -7.7632 ], [ 29.4431, -7.7349 ], [ 29.4171, -7.7325 ], [ 29.3593, -7.7574 ], [ 29.3377, -7.7506 ], [ 29.3153, -7.7348 ], [ 29.263, -7.7292 ], [ 29.2259, -7.7615 ], [ 29.2067, -7.7819 ], [ 29.1714, -7.7708 ], [ 29.148, -7.7398 ], [ 29.133, -7.7497 ], [ 29.1109, -7.751 ], [ 29.0983, -7.7586 ], [ 29.113, -7.7804 ], [ 29.0958, -7.8068 ], [ 29.1169, -7.8315 ], [ 29.1064, -7.8412 ], [ 29.1128, -7.8653 ], [ 29.08, -7.8697 ], [ 29.0397, -7.8923 ], [ 29.0204, -7.8897 ], [ 29.0169, -7.8702 ], [ 28.9738, -7.8728 ], [ 28.9621, -7.8698 ], [ 28.9443, -7.8496 ], [ 28.9094, -7.8234 ], [ 28.904, -7.8469 ], [ 28.8907, -7.8588 ], [ 28.8832, -7.8875 ], [ 28.8739, -7.9065 ], [ 28.878, -7.9204 ], [ 28.8611, -7.9334 ], [ 28.854, -7.9584 ], [ 28.83, -7.9765 ], [ 28.7905, -7.978 ], [ 28.771, -7.9702 ], [ 28.7584, -7.9266 ], [ 28.7474, -7.9156 ], [ 28.7263, -7.9159 ], [ 28.6909, -7.893 ], [ 28.6565, -7.8926 ], [ 28.6585, -7.878 ], [ 28.6824, -7.8558 ], [ 28.6855, -7.8354 ], [ 28.6487, -7.8208 ], [ 28.651, -7.8105 ], [ 28.6379, -7.7732 ], [ 28.6228, -7.748 ], [ 28.623, -7.7244 ], [ 28.6328, -7.6847 ], [ 28.6127, -7.6733 ], [ 28.6099, -7.6612 ], [ 28.5806, -7.6421 ], [ 28.5623, -7.6355 ], [ 28.5481, -7.6227 ], [ 28.5061, -7.6286 ], [ 28.4806, -7.6404 ], [ 28.461, -7.6793 ], [ 28.4415, -7.6881 ], [ 28.4131, -7.6875 ], [ 28.3972, -7.7221 ], [ 28.368, -7.7549 ], [ 28.3558, -7.7755 ], [ 28.3606, -7.7864 ], [ 28.3781, -7.7882 ], [ 28.4252, -7.8106 ], [ 28.432, -7.8382 ], [ 28.4709, -7.8597 ], [ 28.5038, -7.8669 ], [ 28.5261, -7.8818 ], [ 28.5263, -7.9066 ], [ 28.4798, -8.0092 ], [ 28.4294, -8.048 ], [ 28.4261, -8.1008 ], [ 28.4404, -8.1535 ], [ 28.4324, -8.1675 ], [ 28.4082, -8.1833 ], [ 28.3918, -8.1996 ], [ 28.3383, -8.2451 ], [ 28.3031, -8.2803 ], [ 28.2722, -8.284 ], [ 28.2638, -8.281 ], [ 28.2621, -8.2537 ], [ 28.2319, -8.2489 ], [ 28.2198, -8.2544 ], [ 28.2033, -8.2744 ], [ 28.1859, -8.2788 ], [ 28.1613, -8.3167 ], [ 28.1317, -8.3369 ], [ 28.108, -8.3418 ], [ 28.0977, -8.3593 ], [ 28.0838, -8.3557 ], [ 28.0729, -8.3642 ], [ 28.0893, -8.4039 ], [ 28.0705, -8.412 ], [ 28.0301, -8.4001 ], [ 28.0208, -8.3858 ], [ 27.9956, -8.3721 ], [ 27.9843, -8.361 ], [ 27.9859, -8.3475 ], [ 27.9773, -8.3164 ], [ 27.9858, -8.3038 ], [ 27.9908, -8.2787 ], [ 27.9855, -8.2687 ], [ 27.981, -8.228 ], [ 27.9719, -8.2419 ], [ 27.9718, -8.2565 ], [ 27.9603, -8.2723 ], [ 27.9047, -8.2602 ], [ 27.8981, -8.2457 ], [ 27.8745, -8.2511 ], [ 27.8515, -8.2445 ], [ 27.8339, -8.2463 ], [ 27.8403, -8.2065 ], [ 27.8407, -8.1812 ], [ 27.8272, -8.1851 ], [ 27.8073, -8.2062 ], [ 27.7846, -8.2362 ], [ 27.7766, -8.2639 ], [ 27.7516, -8.287 ], [ 27.7437, -8.2816 ], [ 27.7609, -8.241 ], [ 27.7307, -8.2325 ], [ 27.752, -8.2083 ], [ 27.7932, -8.1755 ], [ 27.8193, -8.1615 ], [ 27.8375, -8.1445 ], [ 27.8473, -8.1203 ], [ 27.8007, -8.1337 ], [ 27.762, -8.1388 ], [ 27.7407, -8.1316 ], [ 27.716, -8.1562 ], [ 27.7088, -8.135 ], [ 27.7375, -8.1071 ], [ 27.7449, -8.0859 ], [ 27.7817, -8.0603 ], [ 27.8076, -8.0154 ], [ 27.828, -7.9856 ], [ 27.8415, -7.956 ], [ 27.8412, -7.9431 ], [ 27.8542, -7.9203 ], [ 27.8481, -7.8882 ], [ 27.808, -7.8813 ], [ 27.8078, -7.8489 ], [ 27.7895, -7.8432 ], [ 27.7743, -7.8633 ], [ 27.7343, -7.8779 ], [ 27.7041, -7.8749 ], [ 27.692, -7.8658 ], [ 27.6397, -7.8064 ], [ 27.6301, -7.7858 ], [ 27.6268, -7.7348 ], [ 27.6318, -7.7033 ], [ 27.6415, -7.6911 ], [ 27.6736, -7.6728 ], [ 27.6613, -7.6515 ], [ 27.6262, -7.6119 ], [ 27.624, -7.5952 ], [ 27.615, -7.5837 ], [ 27.5949, -7.5771 ], [ 27.5861, -7.5606 ], [ 27.5976, -7.5267 ], [ 27.5753, -7.5049 ], [ 27.553, -7.4988 ], [ 27.5289, -7.4849 ], [ 27.4998, -7.4849 ], [ 27.5033, -7.5135 ], [ 27.4978, -7.5195 ], [ 27.464, -7.5262 ], [ 27.4428, -7.534 ], [ 27.4418, -7.5134 ], [ 27.4475, -7.489 ], [ 27.4394, -7.4725 ], [ 27.4199, -7.4788 ], [ 27.4029, -7.4967 ], [ 27.3684, -7.5127 ], [ 27.354, -7.5389 ], [ 27.2854, -7.5414 ], [ 27.2685, -7.521 ], [ 27.2556, -7.4981 ], [ 27.2374, -7.491 ], [ 27.2277, -7.4956 ], [ 27.219, -7.532 ], [ 27.2255, -7.5593 ], [ 27.215, -7.6146 ], [ 27.1908, -7.6152 ], [ 27.14, -7.6219 ], [ 27.0879, -7.6347 ], [ 27.0541, -7.6293 ], [ 26.9972, -7.6367 ], [ 26.9694, -7.6324 ], [ 26.9248, -7.6414 ], [ 26.8868, -7.6371 ], [ 26.8656, -7.6312 ], [ 26.808, -7.626 ], [ 26.8145, -7.5968 ], [ 26.8261, -7.5762 ], [ 26.8111, -7.5757 ], [ 26.8083, -7.5512 ], [ 26.7848, -7.5356 ], [ 26.7637, -7.5353 ], [ 26.7528, -7.5466 ], [ 26.7362, -7.5504 ], [ 26.7011, -7.5331 ], [ 26.6915, -7.5458 ], [ 26.6611, -7.553 ], [ 26.6501, -7.5329 ], [ 26.6511, -7.511 ], [ 26.6304, -7.5083 ], [ 26.6124, -7.5 ], [ 26.5771, -7.4689 ], [ 26.5493, -7.4662 ], [ 26.5345, -7.4582 ], [ 26.525, -7.4178 ], [ 26.5105, -7.4084 ], [ 26.4909, -7.4094 ], [ 26.4714, -7.4328 ], [ 26.4608, -7.3842 ], [ 26.4545, -7.3724 ], [ 26.4346, -7.3578 ], [ 26.4219, -7.3739 ], [ 26.4362, -7.3988 ], [ 26.4337, -7.4161 ], [ 26.4177, -7.418 ], [ 26.3962, -7.37 ], [ 26.3729, -7.3743 ], [ 26.3524, -7.3272 ], [ 26.3785, -7.2699 ], [ 26.378, -7.2431 ], [ 26.3859, -7.21 ], [ 26.4072, -7.1605 ], [ 26.4572, -7.152 ], [ 26.4692, -7.1443 ], [ 26.4815, -7.1029 ], [ 26.4775, -7.0904 ], [ 26.4857, -7.0618 ], [ 26.4191, -7.0369 ], [ 26.3999, -7.0518 ], [ 26.363, -7.0503 ], [ 26.3388, -7.0437 ], [ 26.315, -7.0212 ], [ 26.2984, -7.013 ], [ 26.287, -7.0366 ], [ 26.2698, -7.0439 ], [ 26.2348, -7.0308 ], [ 26.2132, -6.9865 ], [ 26.2207, -6.9684 ], [ 26.2168, -6.9429 ], [ 26.1763, -6.9442 ], [ 26.1503, -6.962 ], [ 26.1016, -6.96 ], [ 26.0943, -6.9474 ], [ 26.1139, -6.9215 ], [ 26.1086, -6.9106 ], [ 26.0525, -6.9 ], [ 26.0408, -6.8885 ], [ 26.045, -6.871 ], [ 26.0756, -6.863 ], [ 26.0798, -6.8425 ], [ 26.0948, -6.8194 ], [ 26.1348, -6.8138 ], [ 26.1336, -6.7953 ], [ 26.0908, -6.7896 ], [ 26.0854, -6.7637 ], [ 26.0604, -6.7595 ], [ 26.037, -6.7508 ], [ 26.0317, -6.7129 ], [ 26.0105, -6.7114 ], [ 26.0062, -6.7021 ], [ 26.0171, -6.6535 ], [ 25.9997, -6.6243 ], [ 25.9837, -6.6064 ], [ 25.9345, -6.6019 ], [ 25.9373, -6.578 ], [ 25.9303, -6.5548 ], [ 25.9479, -6.537 ], [ 25.9491, -6.5168 ], [ 25.9437, -6.4659 ], [ 25.9458, -6.4609 ], [ 25.9846, -6.4632 ], [ 25.9811, -6.4442 ], [ 25.9879, -6.4238 ], [ 26.0104, -6.4363 ], [ 26.0241, -6.4336 ], [ 26.0512, -6.4176 ], [ 26.0635, -6.377 ], [ 26.1051, -6.3197 ], [ 26.1165, -6.2955 ], [ 26.1127, -6.2857 ], [ 26.0851, -6.2967 ], [ 26.0722, -6.2961 ], [ 26.0552, -6.2664 ], [ 26.028, -6.2626 ], [ 26.0199, -6.2104 ], [ 26.0057, -6.2055 ], [ 25.9859, -6.2195 ], [ 25.9771, -6.2732 ], [ 25.9598, -6.2649 ], [ 25.949, -6.2475 ], [ 25.9522, -6.2186 ], [ 25.9393, -6.2055 ], [ 25.883, -6.1684 ], [ 25.8657, -6.1626 ], [ 25.8471, -6.1489 ], [ 25.8291, -6.144 ], [ 25.8034, -6.1514 ], [ 25.814, -6.1641 ], [ 25.8115, -6.1767 ], [ 25.7973, -6.1947 ], [ 25.7777, -6.2041 ], [ 25.7359, -6.217 ], [ 25.7219, -6.2274 ], [ 25.7093, -6.2276 ], [ 25.6912, -6.238 ], [ 25.6847, -6.2569 ], [ 25.671, -6.2656 ], [ 25.6432, -6.2693 ], [ 25.636, -6.2753 ], [ 25.5873, -6.2793 ], [ 25.5614, -6.2864 ], [ 25.5368, -6.3065 ], [ 25.4959, -6.3092 ], [ 25.4868, -6.2943 ], [ 25.4399, -6.318 ], [ 25.4153, -6.3193 ], [ 25.3885, -6.3008 ], [ 25.3682, -6.3026 ], [ 25.2959, -6.3275 ], [ 25.2933, -6.3363 ], [ 25.3057, -6.3949 ], [ 25.3063, -6.4164 ], [ 25.2724, -6.4416 ], [ 25.2818, -6.4609 ], [ 25.3057, -6.4715 ], [ 25.3292, -6.5066 ], [ 25.3591, -6.5342 ], [ 25.3739, -6.5413 ], [ 25.3911, -6.5351 ], [ 25.4084, -6.545 ], [ 25.4111, -6.5617 ], [ 25.4293, -6.5762 ], [ 25.4447, -6.5792 ], [ 25.4583, -6.5934 ], [ 25.4669, -6.6251 ], [ 25.4616, -6.6601 ], [ 25.4407, -6.6895 ], [ 25.4382, -6.7077 ], [ 25.4483, -6.724 ], [ 25.4329, -6.7332 ], [ 25.4217, -6.749 ], [ 25.3774, -6.787 ], [ 25.3376, -6.8049 ], [ 25.3102, -6.8086 ], [ 25.2985, -6.805 ], [ 25.3009, -6.7672 ], [ 25.284, -6.7565 ], [ 25.2662, -6.7302 ], [ 25.2414, -6.7214 ], [ 25.2225, -6.7094 ], [ 25.1952, -6.6804 ], [ 25.1814, -6.6731 ], [ 25.1594, -6.6799 ], [ 25.1426, -6.6914 ], [ 25.1094, -6.6837 ], [ 25.0968, -6.6764 ], [ 25.067, -6.6726 ], [ 25.0493, -6.6585 ], [ 25.0342, -6.6582 ], [ 25.0218, -6.6858 ], [ 25.0102, -6.6982 ], [ 24.9442, -6.6993 ], [ 24.9275, -6.7104 ], [ 24.9324, -6.7461 ], [ 24.9264, -6.7502 ], [ 24.8945, -6.7506 ], [ 24.8755, -6.7578 ], [ 24.8481, -6.7835 ], [ 24.8408, -6.7947 ], [ 24.8475, -6.8272 ], [ 24.8169, -6.8417 ], [ 24.7902, -6.8688 ], [ 24.7769, -6.8918 ], [ 24.7488, -6.8899 ], [ 24.7341, -6.9028 ], [ 24.7169, -6.9263 ], [ 24.6904, -6.9531 ], [ 24.6564, -6.9508 ], [ 24.6437, -6.9607 ], [ 24.644, -6.9802 ], [ 24.6195, -6.9833 ], [ 24.5538, -7.0129 ], [ 24.5293, -6.9876 ], [ 24.5162, -6.9959 ], [ 24.5046, -7.0442 ], [ 24.483, -7.0541 ], [ 24.452, -7.0539 ], [ 24.3974, -7.0463 ], [ 24.3796, -7.0581 ], [ 24.3451, -7.0587 ], [ 24.3224, -7.0502 ], [ 24.2973, -7.0332 ], [ 24.2665, -7.0173 ], [ 24.2499, -7.0205 ], [ 24.2255, -7.0171 ], [ 24.2281, -6.9741 ], [ 24.2012, -6.9258 ], [ 24.1874, -6.9109 ], [ 24.1508, -6.9012 ], [ 24.147, -6.9196 ], [ 24.1581, -6.9288 ], [ 24.1487, -6.9426 ], [ 24.1252, -6.9439 ], [ 24.1266, -6.9609 ], [ 24.14, -6.9593 ], [ 24.1494, -6.9888 ], [ 24.1314, -6.9995 ], [ 24.1475, -7.017 ], [ 24.1411, -7.0506 ], [ 24.1243, -7.0503 ], [ 24.1217, -7.0673 ], [ 24.0918, -7.0618 ], [ 24.0665, -7.068 ], [ 24.0504, -7.1098 ], [ 24.0315, -7.1221 ], [ 24.0145, -7.1635 ], [ 23.9839, -7.1846 ], [ 23.9611, -7.2103 ], [ 23.9654, -7.2367 ], [ 23.9799, -7.265 ], [ 23.9711, -7.302 ], [ 23.9744, -7.3114 ], [ 23.9617, -7.3265 ], [ 23.9663, -7.3415 ], [ 23.9879, -7.3493 ], [ 24.0006, -7.3652 ], [ 23.9794, -7.3883 ], [ 23.9718, -7.4453 ], [ 23.9638, -7.4719 ], [ 23.9487, -7.4976 ], [ 23.9469, -7.5125 ], [ 23.9273, -7.5295 ], [ 23.9351, -7.5484 ], [ 23.9215, -7.566 ], [ 23.93, -7.5715 ], [ 23.9364, -7.5952 ], [ 23.9258, -7.6172 ], [ 23.9231, -7.637 ], [ 23.9309, -7.6615 ], [ 23.9219, -7.6808 ], [ 23.9281, -7.6914 ], [ 23.9198, -7.7178 ], [ 23.9223, -7.7281 ], [ 23.9481, -7.7745 ], [ 23.9598, -7.8002 ], [ 23.9549, -7.8333 ], [ 23.9025, -7.8628 ], [ 23.8577, -7.8736 ], [ 23.8241, -7.8867 ], [ 23.8191, -7.8951 ], [ 23.8223, -7.9252 ], [ 23.8146, -7.9362 ], [ 23.8011, -7.8664 ], [ 23.756, -7.8241 ], [ 23.7357, -7.8583 ], [ 23.7166, -7.8803 ], [ 23.7177, -7.9079 ], [ 23.6912, -7.9448 ], [ 23.6884, -7.9675 ], [ 23.6826, -7.9813 ], [ 23.6911, -8.0 ], [ 23.6741, -8.0293 ], [ 23.6678, -8.0491 ], [ 23.6928, -8.0899 ], [ 23.6938, -8.1158 ], [ 23.7008, -8.136 ], [ 23.6847, -8.2008 ], [ 23.7006, -8.2503 ], [ 23.7013, -8.276 ], [ 23.69, -8.3155 ], [ 23.6896, -8.338 ], [ 23.6819, -8.3672 ], [ 23.6751, -8.4109 ], [ 23.6676, -8.4343 ], [ 23.6455, -8.456 ], [ 23.6401, -8.4817 ], [ 23.6511, -8.5347 ], [ 23.6787, -8.5542 ], [ 23.6884, -8.572 ], [ 23.6792, -8.5845 ], [ 23.6781, -8.601 ], [ 23.6928, -8.6297 ], [ 23.6909, -8.6739 ], [ 23.6961, -8.7046 ], [ 23.729, -8.7813 ], [ 23.7484, -8.767 ], [ 23.7717, -8.7771 ], [ 23.8051, -8.7769 ], [ 23.8376, -8.7848 ], [ 23.8715, -8.7878 ], [ 23.8987, -8.7797 ], [ 23.9112, -8.7905 ], [ 23.9354, -8.7701 ], [ 23.9497, -8.7788 ], [ 23.9686, -8.7771 ], [ 23.9801, -8.8028 ], [ 24.0739, -8.8885 ], [ 24.0997, -8.8967 ], [ 24.1103, -8.9093 ], [ 24.0992, -8.9242 ], [ 24.106, -8.9365 ], [ 24.1469, -8.9423 ], [ 24.193, -8.9558 ], [ 24.2119, -8.9548 ], [ 24.2238, -8.9669 ], [ 24.2455, -8.9762 ], [ 24.2521, -8.9849 ], [ 24.2515, -9.0079 ], [ 24.2668, -9.0453 ], [ 24.2854, -9.0674 ], [ 24.3158, -9.0882 ], [ 24.3236, -9.1132 ], [ 24.3366, -9.1253 ], [ 24.3809, -9.1443 ], [ 24.3946, -9.1573 ], [ 24.4347, -9.1764 ], [ 24.4548, -9.202 ], [ 24.4736, -9.2034 ], [ 24.4892, -9.219 ], [ 24.489, -9.2351 ], [ 24.5195, -9.2523 ], [ 24.5542, -9.2566 ], [ 24.5753, -9.2774 ], [ 24.5701, -9.2935 ], [ 24.5368, -9.3006 ], [ 24.461, -9.2998 ], [ 24.411, -9.3033 ], [ 24.3969, -9.2885 ], [ 24.3782, -9.2802 ], [ 24.3299, -9.2705 ], [ 24.3071, -9.2695 ], [ 24.2684, -9.2757 ], [ 24.2466, -9.289 ], [ 24.2333, -9.3109 ], [ 24.2115, -9.3204 ], [ 24.1858, -9.3037 ], [ 24.1481, -9.3387 ], [ 24.1404, -9.3628 ], [ 24.1419, -9.3849 ], [ 24.1517, -9.3995 ], [ 24.1456, -9.4182 ], [ 24.1627, -9.459 ], [ 24.1529, -9.4848 ], [ 24.1514, -9.5046 ], [ 24.1228, -9.5684 ], [ 24.1179, -9.5997 ], [ 24.1296, -9.6263 ], [ 24.132, -9.643 ], [ 24.1187, -9.667 ], [ 24.1065, -9.7229 ], [ 24.082, -9.7364 ], [ 24.0401, -9.7851 ], [ 24.013, -9.8356 ], [ 24.0276, -9.8412 ], [ 24.0199, -9.8792 ], [ 24.0335, -9.8985 ], [ 24.0599, -9.8976 ], [ 24.1045, -9.9142 ], [ 24.1058, -9.9363 ], [ 24.085, -9.9564 ], [ 24.0859, -9.9927 ], [ 24.1036, -10.0084 ], [ 24.1222, -10.0124 ], [ 24.1435, -10.0094 ], [ 24.1642, -10.0143 ], [ 24.1839, -10.0025 ], [ 24.2058, -10.0047 ], [ 24.2269, -9.9929 ], [ 24.264, -10.0063 ], [ 24.292, -10.0451 ], [ 24.2963, -10.0226 ], [ 24.3069, -10.0172 ], [ 24.3302, -9.9888 ], [ 24.3622, -9.987 ], [ 24.3735, -10.0198 ], [ 24.3745, -10.0364 ], [ 24.3887, -10.0551 ], [ 24.3882, -10.0737 ], [ 24.4062, -10.0925 ], [ 24.4163, -10.0568 ], [ 24.4496, -10.0154 ], [ 24.463, -9.9815 ], [ 24.5329, -10.0342 ], [ 24.559, -10.0649 ], [ 24.5761, -10.098 ], [ 24.5928, -10.0949 ], [ 24.6078, -10.0769 ], [ 24.6248, -10.0644 ], [ 24.6443, -10.0585 ], [ 24.6714, -10.0567 ], [ 24.6929, -10.0508 ], [ 24.7007, -10.0344 ], [ 24.6973, -10.0167 ], [ 24.712, -9.9927 ], [ 24.7253, -10.0048 ], [ 24.7227, -10.0264 ], [ 24.7518, -10.0599 ], [ 24.7804, -10.0653 ], [ 24.8145, -10.0827 ], [ 24.8436, -10.0605 ], [ 24.8555, -10.0387 ], [ 24.8882, -10.0633 ], [ 24.9011, -10.0825 ], [ 24.9164, -10.1213 ], [ 24.9303, -10.1299 ], [ 24.9768, -10.1194 ], [ 24.9961, -10.0951 ], [ 25.0264, -10.0813 ], [ 25.0387, -10.0805 ], [ 25.062, -10.0683 ], [ 25.0721, -10.0498 ], [ 25.017, -10.0393 ], [ 24.983, -10.0382 ], [ 24.9833, -10.0164 ], [ 25.0192, -10.0147 ], [ 25.0365, -10.008 ], [ 25.0854, -9.9754 ], [ 25.1069, -9.9811 ], [ 25.1283, -9.9799 ], [ 25.1445, -9.9515 ], [ 25.1643, -9.9256 ], [ 25.3216, -9.86 ], [ 25.3345, -9.8563 ], [ 25.3963, -9.8286 ], [ 25.4308, -9.8156 ], [ 25.4507, -9.8164 ], [ 25.4791, -9.8243 ], [ 25.4936, -9.8219 ], [ 25.5246, -9.8003 ], [ 25.5416, -9.7941 ], [ 25.5446, -9.7787 ], [ 25.5382, -9.7663 ], [ 25.5388, -9.741 ], [ 25.5208, -9.7231 ], [ 25.5243, -9.6621 ], [ 25.4893, -9.6404 ], [ 25.5153, -9.6204 ], [ 25.4967, -9.5865 ], [ 25.4903, -9.5505 ], [ 25.498, -9.5357 ], [ 25.5026, -9.5086 ], [ 25.5097, -9.5025 ], [ 25.5377, -9.5052 ], [ 25.5786, -9.5165 ], [ 25.6002, -9.513 ], [ 25.6264, -9.4934 ], [ 25.6451, -9.493 ], [ 25.6547, -9.519 ], [ 25.684, -9.5516 ], [ 25.7431, -9.5981 ], [ 25.8245, -9.6331 ], [ 25.845, -9.6575 ], [ 25.9148, -9.6991 ], [ 25.9591, -9.7 ], [ 26.0355, -9.6779 ], [ 26.0326, -9.7197 ], [ 26.0462, -9.7222 ], [ 26.1041, -9.7113 ], [ 26.123, -9.7207 ], [ 26.1485, -9.7066 ], [ 26.1648, -9.7102 ], [ 26.1923, -9.7003 ], [ 26.2051, -9.7107 ], [ 26.2201, -9.7107 ], [ 26.2429, -9.6858 ], [ 26.2603, -9.6733 ], [ 26.28, -9.6697 ], [ 26.301, -9.6553 ], [ 26.3326, -9.6412 ], [ 26.3523, -9.6545 ], [ 26.335, -9.6715 ], [ 26.3301, -9.6911 ], [ 26.3384, -9.7208 ], [ 26.3212, -9.7342 ], [ 26.2921, -9.764 ], [ 26.2852, -9.793 ], [ 26.2671, -9.8221 ], [ 26.2699, -9.8668 ], [ 26.2827, -9.8841 ], [ 26.299, -9.8844 ], [ 26.3168, -9.8569 ], [ 26.3602, -9.8542 ], [ 26.3789, -9.8691 ], [ 26.404, -9.874 ], [ 26.4228, -9.8966 ], [ 26.4432, -9.8983 ], [ 26.4792, -9.8907 ], [ 26.5141, -9.9053 ], [ 26.5462, -9.9065 ], [ 26.5799, -9.912 ], [ 26.5993, -9.9214 ], [ 26.6191, -9.9207 ], [ 26.6472, -9.9112 ], [ 26.7734, -9.9131 ], [ 26.7823, -9.9362 ], [ 26.7818, -9.9793 ], [ 26.7636, -10.0066 ], [ 26.79, -10.0237 ], [ 26.8148, -10.0195 ], [ 26.8311, -10.0116 ], [ 26.8361, -9.9872 ], [ 26.8552, -9.9779 ], [ 26.8887, -9.9811 ], [ 26.8843, -9.9664 ], [ 26.9088, -9.9642 ], [ 26.9395, -9.9672 ], [ 26.9492, -9.954 ], [ 26.9593, -9.9582 ], [ 26.9843, -9.9555 ], [ 26.9901, -9.9386 ], [ 27.0064, -9.9434 ], [ 27.0164, -9.9191 ], [ 27.0339, -9.9218 ], [ 27.0455, -9.9135 ], [ 27.0697, -9.916 ], [ 27.0732, -9.9303 ], [ 27.0633, -9.9497 ], [ 27.0644, -9.9688 ], [ 27.085, -9.9913 ], [ 27.0998, -10.0294 ], [ 27.0763, -10.0685 ], [ 27.0426, -10.1068 ], [ 27.0109, -10.1669 ], [ 26.9807, -10.2109 ], [ 26.9822, -10.2258 ], [ 27.015, -10.2597 ], [ 27.0512, -10.2857 ], [ 27.1056, -10.3208 ], [ 27.1305, -10.35 ], [ 27.1552, -10.3887 ], [ 27.188, -10.4296 ], [ 27.1602, -10.4624 ], [ 27.136, -10.485 ], [ 27.1032, -10.5277 ], [ 27.1019, -10.5468 ], [ 27.0731, -10.5634 ], [ 27.0437, -10.5511 ], [ 27.022, -10.5594 ], [ 26.9804, -10.5576 ], [ 26.9563, -10.5755 ], [ 26.9465, -10.6069 ], [ 26.9283, -10.6013 ], [ 26.9205, -10.5632 ], [ 26.9236, -10.5304 ], [ 26.9135, -10.5133 ], [ 26.897, -10.5047 ], [ 26.8816, -10.4892 ], [ 26.8204, -10.4649 ], [ 26.7362, -10.4699 ], [ 26.718, -10.4649 ], [ 26.6804, -10.4659 ], [ 26.6644, -10.461 ], [ 26.6316, -10.4697 ], [ 26.5856, -10.4698 ], [ 26.5362, -10.4794 ], [ 26.5083, -10.4741 ], [ 26.4849, -10.4797 ], [ 26.4561, -10.5013 ], [ 26.4751, -10.5118 ], [ 26.4874, -10.5448 ], [ 26.5097, -10.5617 ], [ 26.5196, -10.5864 ], [ 26.5663, -10.6005 ], [ 26.5549, -10.628 ], [ 26.5102, -10.6744 ], [ 26.5166, -10.6863 ], [ 26.5711, -10.7076 ], [ 26.5997, -10.7275 ], [ 26.6062, -10.7404 ], [ 26.5952, -10.7676 ], [ 26.5823, -10.7869 ], [ 26.5685, -10.7969 ], [ 26.5616, -10.8119 ], [ 26.5615, -10.8576 ], [ 26.5659, -10.8816 ], [ 26.5496, -10.8984 ], [ 26.5141, -10.8935 ], [ 26.4669, -10.9122 ], [ 26.4404, -10.9092 ], [ 26.4189, -10.918 ], [ 26.4081, -10.9295 ], [ 26.3963, -10.9532 ], [ 26.3609, -11.0085 ], [ 26.3488, -11.0317 ], [ 26.3442, -11.0575 ], [ 26.3558, -11.11 ], [ 26.3552, -11.1531 ], [ 26.3488, -11.1708 ], [ 26.3604, -11.2287 ], [ 26.318, -11.213 ], [ 26.3091, -11.2048 ], [ 26.3202, -11.1835 ], [ 26.3219, -11.1636 ], [ 26.3164, -11.1477 ], [ 26.323, -11.1205 ], [ 26.3147, -11.0997 ], [ 26.3309, -11.0612 ], [ 26.3108, -11.0485 ], [ 26.2868, -10.9984 ], [ 26.2726, -10.9931 ], [ 26.2646, -10.9518 ], [ 26.2553, -10.9515 ], [ 26.2343, -10.9368 ], [ 26.2241, -10.9171 ], [ 26.2269, -10.9047 ], [ 26.215, -10.8837 ], [ 26.2024, -10.8802 ], [ 26.1666, -10.8831 ], [ 26.1509, -10.8951 ], [ 26.1493, -10.9133 ], [ 26.1168, -10.9541 ], [ 26.0652, -10.9794 ], [ 25.9952, -10.964 ], [ 25.9731, -10.9629 ], [ 25.9492, -10.9563 ], [ 25.9315, -10.9622 ], [ 25.9248, -10.9719 ], [ 25.877, -11.0161 ], [ 25.8796, -11.0395 ], [ 25.8542, -11.0747 ], [ 25.8494, -11.0972 ], [ 25.7935, -11.1326 ], [ 25.7906, -11.1607 ], [ 25.7905, -11.2037 ], [ 25.8148, -11.242 ], [ 25.8154, -11.2609 ], [ 25.803, -11.2835 ], [ 25.7706, -11.3114 ], [ 25.7566, -11.3386 ], [ 25.756, -11.3809 ], [ 25.7779, -11.4016 ], [ 25.7815, -11.4112 ], [ 25.7736, -11.4343 ], [ 25.7748, -11.4582 ], [ 25.7349, -11.4782 ], [ 25.7287, -11.5231 ], [ 25.6897, -11.5615 ], [ 25.676, -11.5902 ], [ 25.6824, -11.6205 ], [ 25.6566, -11.647 ], [ 25.6305, -11.6553 ], [ 25.6118, -11.6502 ], [ 25.5999, -11.6731 ], [ 25.5781, -11.6885 ], [ 25.5724, -11.7021 ], [ 25.5517, -11.7272 ], [ 25.5317, -11.7393 ], [ 25.4963, -11.7326 ], [ 25.4994, -11.7536 ], [ 25.4869, -11.7686 ], [ 25.4933, -11.7755 ], [ 25.4954, -11.7765 ], [ 25.4803, -11.7698 ], [ 25.4742, -11.7562 ], [ 25.4828, -11.7311 ], [ 25.4828, -11.7204 ], [ 25.481, -11.7152 ], [ 25.4637, -11.7001 ], [ 25.4065, -11.6732 ], [ 25.3975, -11.6649 ], [ 25.3928, -11.6564 ], [ 25.3863, -11.6498 ], [ 25.373, -11.6471 ], [ 25.3521, -11.6461 ], [ 25.3449, -11.6422 ], [ 25.3366, -11.6335 ], [ 25.3273, -11.6166 ], [ 25.309171428571418, -11.561878571428537 ], [ 25.3003, -11.5351 ], [ 25.2974, -11.5172 ], [ 25.2978, -11.5079 ], [ 25.3017, -11.4984 ], [ 25.3154, -11.4825 ], [ 25.3168, -11.4729 ], [ 25.3093, -11.4555 ], [ 25.2866, -11.4166 ], [ 25.279, -11.3962 ], [ 25.278, -11.3718 ], [ 25.2862, -11.3606 ], [ 25.2981, -11.3515 ], [ 25.3064, -11.333 ], [ 25.3014, -11.3245 ], [ 25.2902, -11.316 ], [ 25.2848, -11.3074 ], [ 25.2963, -11.2985 ], [ 25.3172, -11.2905 ], [ 25.3248, -11.2836 ], [ 25.3255, -11.2739 ], [ 25.3244, -11.263649999999799 ], [ 25.3233, -11.2534 ], [ 25.3244, -11.2278 ], [ 25.3226, -11.2055 ], [ 25.3104, -11.1948 ], [ 25.2787, -11.1999 ], [ 25.184, -11.2467 ], [ 25.1242, -11.2591 ], [ 24.9813, -11.2719 ], [ 24.9428, -11.2686 ], [ 24.901, -11.2813 ], [ 24.8269, -11.3175 ], [ 24.788, -11.3258 ], [ 24.7124, -11.326 ], [ 24.6742, -11.3416 ], [ 24.6634, -11.3516 ], [ 24.6451, -11.3761 ], [ 24.6354, -11.3858 ], [ 24.6246, -11.3908 ], [ 24.6022, -11.3957 ], [ 24.5932, -11.3997 ], [ 24.5846, -11.4074 ], [ 24.5785, -11.4156 ], [ 24.5713, -11.4365 ], [ 24.5648, -11.4446 ], [ 24.5544, -11.4463 ], [ 24.5328, -11.4462 ], [ 24.491, -11.4615 ], [ 24.4698, -11.4655 ], [ 24.4464, -11.4636 ], [ 24.4266, -11.4541 ], [ 24.3927, -11.4234 ], [ 24.37, -11.4101 ], [ 24.3517, -11.4071 ], [ 24.3099, -11.4067 ], [ 24.2941, -11.3993 ], [ 24.2854, -11.3812 ], [ 24.2984, -11.3706 ], [ 24.3398, -11.358 ], [ 24.3524, -11.345 ], [ 24.3844, -11.2952 ], [ 24.3924, -11.279 ], [ 24.396, -11.2597 ], [ 24.3978, -11.2383 ], [ 24.3967, -11.2174 ], [ 24.3913, -11.1999 ], [ 24.3844, -11.1913 ], [ 24.3675, -11.1763 ], [ 24.3618, -11.1647 ], [ 24.3625, -11.1505 ], [ 24.3783, -11.1321 ], [ 24.3819, -11.1206 ], [ 24.3704, -11.1002 ], [ 24.3452, -11.0783 ], [ 24.3164, -11.0601 ], [ 24.2937, -11.0502 ], [ 24.275, -11.0479 ], [ 24.2379, -11.0481 ], [ 24.2181, -11.0452 ], [ 24.1814, -11.0345 ], [ 24.1645, -11.0339 ], [ 24.1443, -11.0403 ], [ 24.1242, -11.0432 ], [ 24.1177, -11.0309 ], [ 24.1195, -10.9976 ], [ 24.1177, -10.9861 ], [ 24.108, -10.955 ], [ 24.1087, -10.9457 ], [ 24.1144, -10.9279 ], [ 24.1141, -10.9193 ], [ 24.0914, -10.8978 ], [ 24.0482, -10.8824 ], [ 24.0014, -10.8735 ], [ 23.9676, -10.8723 ], [ 23.9485, -10.8815 ], [ 23.9406, -10.9015 ], [ 23.9362, -10.9253 ], [ 23.928, -10.9453 ], [ 23.9186, -10.954 ], [ 23.8974, -10.9665 ], [ 23.8876, -10.9744 ], [ 23.8819, -10.9845 ], [ 23.874, -11.0069 ], [ 23.8675, -11.0164 ], [ 23.8336, -11.0285 ], [ 23.7937, -11.0212 ], [ 23.7523, -11.0083 ], [ 23.7141, -11.0038 ], [ 23.6749, -11.007 ], [ 23.6418, -11.0046 ], [ 23.4949, -10.9644 ], [ 23.456, -10.9611 ], [ 23.4153, -10.9632 ], [ 23.3732, -10.9751 ], [ 23.1968, -11.0718 ], [ 23.0143, -11.1024 ], [ 22.9696, -11.1024 ], [ 22.9311, -11.0967 ], [ 22.9113, -11.0883 ], [ 22.8735, -11.0637 ], [ 22.853, -11.0531 ], [ 22.8292, -11.0521 ], [ 22.8069, -11.0631 ], [ 22.7853, -11.0785 ], [ 22.7641, -11.0904 ], [ 22.7277, -11.0967 ], [ 22.6888, -11.093 ], [ 22.651, -11.0823 ], [ 22.5376, -11.0372 ], [ 22.5009, -11.0425 ], [ 22.491117210682354, -11.067188427300058 ], [ 22.4692, -11.1225 ], [ 22.4404, -11.147 ], [ 22.3404, -11.1802 ], [ 22.3256, -11.1903 ], [ 22.2817, -11.2367 ], [ 22.263, -11.2483 ], [ 22.2378, -11.2496 ], [ 22.2522, -11.2086 ], [ 22.2554, -11.1666 ], [ 22.2439, -11.0783 ], [ 22.2374, -11.0594 ], [ 22.2205, -11.03 ], [ 22.2172, -11.0127 ], [ 22.214, -11.0079 ], [ 22.1992, -10.9974 ], [ 22.196, -10.9923 ], [ 22.196, -10.9542 ], [ 22.1748, -10.8844 ], [ 22.1658, -10.8688 ], [ 22.1654, -10.8523 ], [ 22.1827, -10.8304 ], [ 22.2061, -10.8099 ], [ 22.2241, -10.7971 ], [ 22.2658, -10.7799 ], [ 22.2907, -10.7727 ], [ 22.3098, -10.7697 ], [ 22.3195, -10.7613 ], [ 22.3224, -10.7422 ], [ 22.3195, -10.7039 ], [ 22.3263, -10.6946 ], [ 22.3101, -10.6688 ], [ 22.3076, -10.6336 ], [ 22.3094, -10.593 ], [ 22.3058, -10.5506 ], [ 22.2964, -10.5297 ], [ 22.2741, -10.503 ], [ 22.272, -10.4818 ], [ 22.2788, -10.4609 ], [ 22.3011, -10.4248 ], [ 22.3058, -10.4098 ], [ 22.3134, -10.3686 ], [ 22.3101, -10.357 ], [ 22.2954, -10.3393 ], [ 22.2871, -10.3092 ], [ 22.2633, -10.2683 ], [ 22.2457, -10.2212 ], [ 22.2212, -10.1763 ], [ 22.2028, -10.1306 ], [ 22.2097, -10.0983 ], [ 22.205, -10.0858 ], [ 22.196, -10.0436 ], [ 22.1755, -9.9889 ], [ 22.1676, -9.9537 ], [ 22.16, -9.9316 ], [ 22.1463, -9.9157 ], [ 22.1074, -9.8913 ], [ 22.0909, -9.8772 ], [ 22.0801, -9.8716 ], [ 22.0729, -9.8789 ], [ 22.0657, -9.881 ], [ 22.056, -9.8753 ], [ 21.9984, -9.8092 ], [ 21.9861, -9.7811 ], [ 21.9843, -9.7488 ], [ 21.9566, -9.7618 ], [ 21.9422, -9.7229 ], [ 21.8788, -9.6571 ], [ 21.854, -9.6179 ], [ 21.8436, -9.5762 ], [ 21.832, -9.4885 ], [ 21.8198, -9.4477 ], [ 21.8133, -9.4374 ], [ 21.796, -9.4171 ], [ 21.7921, -9.4062 ], [ 21.7932, -9.3936 ], [ 21.8036, -9.373 ], [ 21.805573214285715, -9.362405357142855 ], [ 21.8101, -9.3381 ], [ 21.822175334323916, -9.31375393759288 ], [ 21.841, -9.2758 ], [ 21.8515, -9.2338 ], [ 21.8518, -9.193 ], [ 21.8396, -9.0924 ], [ 21.847522891566317, -9.02940200803172 ], [ 21.854, -8.9779 ], [ 21.8518, -8.9259 ], [ 21.8598, -8.8464 ], [ 21.8702, -8.8223 ], [ 21.8778, -8.7893 ], [ 21.885, -8.7823 ], [ 21.894691379310224, -8.721762068966278 ], [ 21.9069, -8.6455 ], [ 21.9177, -8.6153 ], [ 21.9361, -8.5832 ], [ 21.9285, -8.5825 ], [ 21.9163, -8.5769 ], [ 21.94, -8.4999 ], [ 21.944, -8.456 ], [ 21.9361, -8.4131 ], [ 21.9116, -8.3743 ], [ 21.8997, -8.3488 ], [ 21.9051, -8.3374 ], [ 21.9206, -8.3291 ], [ 21.9105, -8.3106 ], [ 21.9008, -8.3011 ], [ 21.8814, -8.2821 ], [ 21.8731, -8.2641 ], [ 21.8626, -8.2164 ], [ 21.8601, -8.1738 ], [ 21.8572, -8.1569 ], [ 21.8511, -8.1434 ], [ 21.8259, -8.1144 ], [ 21.8151, -8.0968 ], [ 21.8086, -8.0768 ], [ 21.8065, -8.0524 ], [ 21.7996, -8.0408 ], [ 21.7683, -8.0232 ], [ 21.7586, -8.0151 ], [ 21.7539, -7.9973 ], [ 21.751, -7.9292 ], [ 21.7543, -7.9196 ], [ 21.7687, -7.8999 ], [ 21.7723, -7.8883 ], [ 21.7647, -7.8506 ], [ 21.7705, -7.8067 ], [ 21.831, -7.6328 ], [ 21.8328, -7.6142 ], [ 21.8364, -7.6084 ], [ 21.8508, -7.5936 ], [ 21.854, -7.586 ], [ 21.854, -7.5697 ], [ 21.854, -7.5519 ], [ 21.854, -7.5484 ], [ 21.8515, -7.5385 ], [ 21.8461, -7.5268 ], [ 21.8468, -7.5143 ], [ 21.85, -7.5029 ], [ 21.859, -7.4827 ], [ 21.8608, -7.4698 ], [ 21.8587, -7.4641 ], [ 21.849, -7.4548 ], [ 21.8468, -7.4491 ], [ 21.8479, -7.4441 ], [ 21.8529, -7.4351 ], [ 21.854, -7.4289 ], [ 21.8515, -7.4165 ], [ 21.8385, -7.402 ], [ 21.8328, -7.3908 ], [ 21.84, -7.3781 ], [ 21.8425, -7.37 ], [ 21.8313, -7.3542 ], [ 21.809, -7.3064 ], [ 21.8025, -7.299 ], [ 21.7881, -7.2918 ], [ 21.7845, -7.287 ], [ 21.7849, -7.2834 ], [ 20.5206, -7.2864 ], [ 20.5184, -7.1898 ], [ 20.5245, -7.1431 ], [ 20.6116, -6.916 ], [ 20.3312, -6.9169 ], [ 20.3197, -6.9186 ], [ 20.3114, -6.925 ], [ 20.3031, -6.9402 ], [ 20.2988, -6.9545 ], [ 20.2941, -6.9876 ], [ 20.2941, -7.0 ], [ 20.2941, -7.002 ], [ 19.5481, -7.002 ], [ 19.5219, -7.002 ], [ 19.5403, -7.0417 ], [ 19.5424, -7.0523 ], [ 19.5363, -7.0684 ], [ 19.5086, -7.1032 ], [ 19.4971, -7.1218 ], [ 19.4874, -7.1539 ], [ 19.4762, -7.316 ], [ 19.4794, -7.3476 ], [ 19.4874, -7.382 ], [ 19.5136, -7.4485 ], [ 19.5133, -7.4794 ], [ 19.483, -7.5029 ], [ 19.4686, -7.5211 ], [ 19.4582, -7.5603 ], [ 19.4438, -7.5753 ], [ 19.4247, -7.5797 ], [ 19.3556, -7.5742 ], [ 19.3538, -7.6004 ], [ 19.3617, -7.6271 ], [ 19.3732, -7.6539 ], [ 19.3808, -7.6798 ], [ 19.3815, -7.704 ], [ 19.3779, -7.7302 ], [ 19.334, -7.8674 ], [ 19.3311, -7.8987 ], [ 19.334, -7.9243 ], [ 19.3556, -8.0021 ], [ 18.7738, -8.0021 ], [ 18.7584, -7.9783 ], [ 18.7522, -7.966 ], [ 18.7472, -7.9378 ], [ 18.7386, -7.9324 ], [ 18.5164, -7.9322 ], [ 18.5042, -7.9407 ], [ 18.5024, -7.9601 ], [ 18.5078, -7.9976 ], [ 18.4207, -7.9983 ], [ 18.4038, -8.0006 ], [ 18.3818, -8.0124 ], [ 18.3667, -8.0168 ], [ 18.3537, -8.0159 ], [ 18.3163, -8.0018 ], [ 18.1928, -7.9969 ], [ 18.1766, -7.9992 ], [ 18.1359, -8.0185 ], [ 18.1204, -8.0225 ], [ 18.1021, -8.0334 ], [ 18.100039726027404, -8.038441095890398 ], [ 18.0927, -8.0564 ], [ 18.0916, -8.0842 ], [ 18.0981, -8.1092 ], [ 18.0085, -8.1112 ], [ 17.9818, -8.1054 ], [ 17.9307, -8.0622 ], [ 17.9012, -8.0481 ], [ 17.8681, -8.0446 ], [ 17.8519, -8.0478 ], [ 17.7896, -8.0818 ], [ 17.7774, -8.0833 ], [ 17.7435, -8.0707 ], [ 17.7133, -8.0683 ], [ 17.6283, -8.0981 ], [ 17.6002, -8.0985 ], [ 17.5444, -8.0848 ], [ 17.5365, -8.076 ], [ 17.5282, -8.0606 ], [ 17.5401, -8.0321 ], [ 17.5365, -8.0151 ], [ 17.5282, -8.0078 ], [ 17.5063, -7.9965 ], [ 17.4962, -7.9872 ], [ 17.4908, -7.9776 ], [ 17.4818, -7.9457 ], [ 17.471, -7.9555 ], [ 17.4685, -7.96 ], [ 17.4631, -7.9498 ], [ 17.4634, -7.947 ], [ 17.4685, -7.9395 ], [ 17.4469, -7.9289 ], [ 17.4379, -7.9225 ], [ 17.4343, -7.9158 ], [ 17.4393, -7.9022 ], [ 17.4487, -7.8929 ], [ 17.4523, -7.884 ], [ 17.4408, -7.8711 ], [ 17.4264, -7.8755 ], [ 17.4231, -7.868 ], [ 17.423379069767442, -7.859 ], [ 17.4235, -7.8551 ], [ 17.4206, -7.8439 ], [ 17.4109, -7.8415 ], [ 17.3976, -7.8413 ], [ 17.3907, -7.8392 ], [ 17.4001, -7.8302 ], [ 17.4001, -7.8235 ], [ 17.381, -7.8232 ], [ 17.376, -7.8142 ], [ 17.377, -7.8017 ], [ 17.3752, -7.7923 ], [ 17.3655, -7.7874 ], [ 17.3425, -7.7841 ], [ 17.3378, -7.7787 ], [ 17.3342, -7.7696 ], [ 17.318100000000161, -7.755600000000141 ], [ 17.3181, -7.7556 ], [ 17.3158, -7.7536 ], [ 17.3104, -7.7409 ], [ 17.3205, -7.7224 ], [ 17.3205, -7.7175 ], [ 17.3205, -7.7137 ], [ 17.304, -7.7067 ], [ 17.3083, -7.7024 ], [ 17.3061, -7.7001 ], [ 17.304, -7.6925 ], [ 17.2888, -7.6995 ], [ 17.2867, -7.6836 ], [ 17.2874, -7.6602 ], [ 17.2827, -7.644 ], [ 17.2863, -7.6253 ], [ 17.2665, -7.6104 ], [ 17.2179, -7.586 ], [ 17.2028, -7.5643 ], [ 17.1862, -7.5164 ], [ 17.1729, -7.4939 ], [ 17.163345945945938, -7.485632818532814 ], [ 17.1484, -7.4727 ], [ 17.1463, -7.4631 ], [ 17.1517, -7.4512 ], [ 17.1751, -7.4416 ], [ 17.1801, -7.4355 ], [ 17.1765, -7.4282 ], [ 17.1675, -7.4236 ], [ 17.1463, -7.418 ], [ 17.1322, -7.4096 ], [ 17.1261, -7.4115 ], [ 17.1182, -7.4255 ], [ 17.1042, -7.4162 ], [ 17.098, -7.4023 ], [ 17.0977, -7.3674 ], [ 17.0934, -7.3524 ], [ 17.0826, -7.3423 ], [ 17.0566, -7.3299 ], [ 17.0228, -7.306 ], [ 16.9962, -7.298 ], [ 16.9915, -7.2861 ], [ 16.9915, -7.2706 ], [ 16.989, -7.2549 ], [ 16.9728, -7.2323 ], [ 16.9605, -7.2191 ], [ 16.9508, -7.2133 ], [ 16.9458, -7.2047 ], [ 16.9476, -7.1511 ], [ 16.927, -7.0857 ], [ 16.9292, -7.0607 ], [ 16.9612, -7.0693 ], [ 16.9623, -7.0474 ], [ 16.9692, -7.0304 ], [ 16.9731, -7.0148 ], [ 16.9551, -6.9816 ], [ 16.949, -6.9754 ], [ 16.9375, -6.973 ], [ 16.9288, -6.9687 ], [ 16.9285, -6.9592 ], [ 16.9346, -6.9458 ], [ 16.927, -6.8885 ], [ 16.9148, -6.8641 ], [ 16.8907, -6.8472 ], [ 16.8554, -6.8422 ], [ 16.8446, -6.8385 ], [ 16.8331, -6.8279 ], [ 16.8284, -6.8144 ], [ 16.827, -6.7998 ], [ 16.823, -6.7851 ], [ 16.788047292418941, -6.736089530686156 ], [ 16.7683, -6.7084 ], [ 16.7604, -6.6921 ] ] ], [ [ [ 29.7901, -13.4398 ], [ 29.7978, -13.4242 ], [ 29.7823, -13.4557 ], [ 29.7901, -13.4398 ] ] ], [ [ [ 29.6672, -13.2729 ], [ 29.6692, -13.2812 ], [ 29.6667, -13.2712 ], [ 29.6672, -13.2729 ] ] ], [ [ [ 29.6161, -13.3678 ], [ 29.6095, -13.3691 ], [ 29.6188, -13.3672 ], [ 29.6161, -13.3678 ] ] ], [ [ [ 29.5235, -12.3928 ], [ 29.5278, -12.4092 ], [ 29.5281, -12.4104 ], [ 29.5234, -12.3925 ], [ 29.5235, -12.3928 ] ] ], [ [ [ 29.5281, -12.4104 ], [ 29.5281, -12.4107 ], [ 29.5248, -12.428 ], [ 29.5245, -12.4292 ], [ 29.5281, -12.4104 ] ] ], [ [ [ 29.4929, -13.2667 ], [ 29.5281, -13.234 ], [ 29.4702, -13.2878 ], [ 29.4929, -13.2667 ] ] ], [ [ [ 29.4867, -12.4544 ], [ 29.4806, -12.4549 ], [ 29.4997, -12.4531 ], [ 29.4867, -12.4544 ] ] ], [ [ [ 29.3115, -13.3524 ], [ 29.333, -13.3443 ], [ 29.354613740457921, -13.336171755725227 ], [ 29.3082, -13.3537 ], [ 29.3115, -13.3524 ] ] ], [ [ [ 29.2584, -12.3679 ], [ 29.2549, -12.3662 ], [ 29.265, -12.3709 ], [ 29.2584, -12.3679 ] ] ], [ [ [ 29.1936, -13.4315 ], [ 29.1948, -13.4309 ], [ 29.184, -13.4368 ], [ 29.1936, -13.4315 ] ] ], [ [ [ 29.0732, -13.3885 ], [ 29.0979, -13.3847 ], [ 29.0731, -13.3886 ], [ 29.0732, -13.3885 ] ] ], [ [ [ 28.9584, -13.3586 ], [ 28.9775, -13.377 ], [ 28.9809, -13.3803 ], [ 28.9503, -13.3509 ], [ 28.9584, -13.3586 ] ] ], [ [ [ 28.9809, -13.3803 ], [ 28.9898, -13.3909 ], [ 28.9939, -13.3959 ], [ 28.9809, -13.3803 ] ] ], [ [ [ 28.904, -13.1644 ], [ 28.9341, -13.3096 ], [ 28.9035, -13.1623 ], [ 28.904, -13.1644 ] ] ], [ [ [ 28.8893, -12.1582 ], [ 28.8613, -12.1428 ], [ 28.8596, -12.1418 ], [ 28.9186, -12.1743 ], [ 28.8893, -12.1582 ] ] ], [ [ [ 28.8939, -8.4813 ], [ 28.908386666666718, -8.475646666666647 ], [ 28.8891, -8.4832 ], [ 28.8939, -8.4813 ] ] ], [ [ [ 28.845, -13.1056 ], [ 28.8469, -13.1124 ], [ 28.8538, -13.1371 ], [ 28.8441, -13.1024 ], [ 28.845, -13.1056 ] ] ], [ [ [ 28.8283, -13.0594 ], [ 28.8254, -13.0679 ], [ 28.8308, -13.0518 ], [ 28.8283, -13.0594 ] ] ], [ [ [ 28.7875, -12.0533 ], [ 28.7736, -12.0459 ], [ 28.8088, -12.0646 ], [ 28.7875, -12.0533 ] ] ], [ [ [ 28.7141, -11.9884 ], [ 28.707, -11.9894 ], [ 28.721072580645188, -11.987343548387093 ], [ 28.7141, -11.9884 ] ] ], [ [ [ 28.6827, -10.6801 ], [ 28.6944, -10.6634 ], [ 28.6814, -10.682 ], [ 28.6827, -10.6801 ] ] ], [ [ [ 28.6944, -10.6634 ], [ 28.6956, -10.6587 ], [ 28.6998, -10.6432 ], [ 28.6944, -10.6634 ] ] ], [ [ [ 28.6932, -9.7978 ], [ 28.6965, -9.7965 ], [ 28.6782, -9.8039 ], [ 28.6932, -9.7978 ] ] ], [ [ [ 28.6651, -10.6981 ], [ 28.6659, -10.6975 ], [ 28.6519, -10.7083 ], [ 28.6651, -10.6981 ] ] ], [ [ [ 28.6444, -10.4518 ], [ 28.6447, -10.451 ], [ 28.6407, -10.4626 ], [ 28.6444, -10.4518 ] ] ], [ [ [ 28.6348, -10.5136 ], [ 28.6346, -10.5057 ], [ 28.635, -10.5194 ], [ 28.6348, -10.5136 ] ] ], [ [ [ 28.629, -10.0008 ], [ 28.6273, -9.9846 ], [ 28.626125174825201, -9.973027972028234 ], [ 28.6314, -10.023 ], [ 28.629, -10.0008 ] ] ], [ [ [ 28.628, -9.7047 ], [ 28.6252, -9.6957 ], [ 28.6314, -9.7156 ], [ 28.628, -9.7047 ] ] ], [ [ [ 28.6298, -10.0662 ], [ 28.629910617283951, -10.063932345679019 ], [ 28.6285, -10.1027 ], [ 28.6298, -10.0662 ] ] ], [ [ [ 28.6239, -9.9522 ], [ 28.6238, -9.951 ], [ 28.624528037383179, -9.95789719626169 ], [ 28.6239, -9.9522 ] ] ], [ [ [ 28.609, -10.7397 ], [ 28.623, -10.717 ], [ 28.6231, -10.7169 ], [ 28.608, -10.7414 ], [ 28.609, -10.7397 ] ] ], [ [ [ 28.5899, -12.8812 ], [ 28.5936, -12.8767 ], [ 28.5838, -12.8887 ], [ 28.5899, -12.8812 ] ] ], [ [ [ 28.5748, -11.9105 ], [ 28.5691, -11.9137 ], [ 28.5925, -11.9004 ], [ 28.5748, -11.9105 ] ] ], [ [ [ 28.5629, -12.8953 ], [ 28.5684, -12.8956 ], [ 28.5532, -12.8949 ], [ 28.5629, -12.8953 ] ] ], [ [ [ 28.556, -9.4749 ], [ 28.5558, -9.4745 ], [ 28.5626, -9.4849 ], [ 28.556, -9.4749 ] ] ], [ [ [ 28.5579, -10.8257 ], [ 28.558390909090932, -10.8245 ], [ 28.5543, -10.835 ], [ 28.5579, -10.8257 ] ] ], [ [ [ 28.5307, -10.9556 ], [ 28.5313, -10.955 ], [ 28.5136, -10.9729 ], [ 28.5307, -10.9556 ] ] ], [ [ [ 28.4811, -11.1119 ], [ 28.480783720930305, -11.110279069767811 ], [ 28.487, -11.1409 ], [ 28.4811, -11.1119 ] ] ], [ [ [ 28.4395, -12.55 ], [ 28.4442, -12.562 ], [ 28.456, -12.592 ], [ 28.4366, -12.5428 ], [ 28.4395, -12.55 ] ] ], [ [ [ 28.4232, -11.6856 ], [ 28.422616, -11.684724 ], [ 28.4251, -11.688 ], [ 28.4232, -11.6856 ] ] ], [ [ [ 28.4224, -11.668 ], [ 28.4226, -11.6647 ], [ 28.422332, -11.6714 ], [ 28.4224, -11.668 ] ] ], [ [ [ 28.1123, -12.4144 ], [ 28.1313, -12.4292 ], [ 28.1068, -12.4102 ], [ 28.1123, -12.4144 ] ] ], [ [ [ 28.1313, -12.4292 ], [ 28.1401, -12.4256 ], [ 28.1461, -12.4232 ], [ 28.1313, -12.4292 ] ] ], [ [ [ 27.9501, -12.3328 ], [ 27.952, -12.3465 ], [ 27.9484, -12.3214 ], [ 27.9501, -12.3328 ] ] ], [ [ [ 27.952, -12.3465 ], [ 27.9552, -12.3567 ], [ 27.9585, -12.3678 ], [ 27.952, -12.3465 ] ] ], [ [ [ 27.4768, -12.0557 ], [ 27.5204, -12.1796 ], [ 27.4718, -12.0417 ], [ 27.4768, -12.0557 ] ] ], [ [ [ 27.4643, -11.9961 ], [ 27.4675, -12.0016 ], [ 27.4207, -11.922 ], [ 27.4643, -11.9961 ] ] ], [ [ [ 27.0469, -11.5964 ], [ 27.0546, -11.5976 ], [ 27.0326, -11.5943 ], [ 27.0469, -11.5964 ] ] ], [ [ [ 27.0546, -11.5976 ], [ 27.0616, -11.5973 ], [ 27.0643, -11.5972 ], [ 27.0546, -11.5976 ] ] ], [ [ [ 26.9177, -11.9377 ], [ 26.9476, -11.9091 ], [ 26.917353333333281, -11.938046666666718 ], [ 26.9177, -11.9377 ] ] ], [ [ [ 26.7915, -11.9691 ], [ 26.8317, -11.9734 ], [ 26.7849, -11.9684 ], [ 26.7915, -11.9691 ] ] ], [ [ [ 26.5845, -11.9763 ], [ 26.606, -11.9778 ], [ 26.57746907216492, -11.975827491408934 ], [ 26.5845, -11.9763 ] ] ], [ [ [ 26.606, -11.9778 ], [ 26.6182, -11.9803 ], [ 26.6434, -11.9856 ], [ 26.606, -11.9778 ] ] ], [ [ [ 26.6434, -11.9856 ], [ 26.6522, -11.9905 ], [ 26.6629, -11.9966 ], [ 26.6434, -11.9856 ] ] ], [ [ [ 26.4243, -11.9148 ], [ 26.4382, -11.919 ], [ 26.4145, -11.9119 ], [ 26.4243, -11.9148 ] ] ], [ [ [ 26.2429, -11.9323 ], [ 26.2654, -11.9309 ], [ 26.2294, -11.9332 ], [ 26.2429, -11.9323 ] ] ], [ [ [ 26.2654, -11.9309 ], [ 26.2855, -11.9402 ], [ 26.2863, -11.9406 ], [ 26.2654, -11.9309 ] ] ], [ [ [ 25.9561, -11.8784 ], [ 25.9634, -11.8951 ], [ 25.9497, -11.8639 ], [ 25.9561, -11.8784 ] ] ], [ [ [ 25.8908, -11.8265 ], [ 25.9141, -11.8456 ], [ 25.874992439863036, -11.813647766323424 ], [ 25.8908, -11.8265 ] ] ], [ [ [ 25.6292, -11.7338 ], [ 25.6556, -11.7504 ], [ 25.6214, -11.729 ], [ 25.6292, -11.7338 ] ] ], [ [ [ 12.7611, -5.9585 ], [ 12.7453, -5.9402 ], [ 12.7654, -5.9201 ], [ 12.8281, -5.8718 ], [ 12.8547, -5.8685 ], [ 12.9051, -5.8695 ], [ 12.9339, -5.8739 ], [ 12.9724, -5.8683 ], [ 12.9758, -5.8683 ], [ 12.9948, -5.8683 ], [ 12.9692, -5.8881 ], [ 12.9408, -5.8968 ], [ 12.8846, -5.9078 ], [ 12.8702, -5.9177 ], [ 12.8392, -5.9277 ], [ 12.8076, -5.9541 ], [ 12.7831, -5.9606 ], [ 12.7611, -5.9585 ] ] ] ] } },
{ "type": "Feature", "properties": { "z": "EquatorialGuinea", "ISO_A3": "GNQ", "c": "EquatorialGuinea" }, "geometry": { "type": "MultiPolygon", "coordinates": [ [ [ [ 5.6187, -1.4331 ], [ 5.6227, -1.423 ], [ 5.6331, -1.4159 ], [ 5.6464, -1.4385 ], [ 5.6428, -1.4628 ], [ 5.6288, -1.4757 ], [ 5.6119, -1.4637 ], [ 5.6263, -1.4562 ], [ 5.6198, -1.4446 ], [ 5.6187, -1.4331 ] ] ], [ [ [ 11.3362, 0.9992 ], [ 10.0294, 1.0036 ], [ 9.9808, 0.9973 ], [ 9.9754, 0.9826 ], [ 9.9754, 0.9531 ], [ 9.9718, 0.9399 ], [ 9.9599, 0.9285 ], [ 9.9441, 0.9249 ], [ 9.9265, 0.9276 ], [ 9.9085, 0.9352 ], [ 9.8919, 0.9479 ], [ 9.866, 0.9776 ], [ 9.8498, 0.9893 ], [ 9.8339, 0.995 ], [ 9.8044, 0.9985 ], [ 9.8059, 1.0036 ], [ 9.8044, 1.0208 ], [ 9.7969, 1.0464 ], [ 9.799, 1.0583 ], [ 9.8069, 1.0644 ], [ 9.8199, 1.069 ], [ 9.8476, 1.0724 ], [ 9.8415, 1.0777 ], [ 9.8293, 1.0819 ], [ 9.8026, 1.0856 ], [ 9.7922, 1.0888 ], [ 9.7673, 1.1029 ], [ 9.7551, 1.1061 ], [ 9.7141, 1.0972 ], [ 9.7036, 1.0999 ], [ 9.6993, 1.1099 ], [ 9.7036, 1.1207 ], [ 9.7115, 1.1294 ], [ 9.7177, 1.1334 ], [ 9.6993, 1.1255 ], [ 9.6763, 1.1055 ], [ 9.6572, 1.0833 ], [ 9.6489, 1.0689 ], [ 9.6421, 1.0617 ], [ 9.6093, 1.0536 ], [ 9.5845, 1.043 ], [ 9.5755, 1.0548 ], [ 9.5596, 1.1028 ], [ 9.5517, 1.1155 ], [ 9.5409, 1.1251 ], [ 9.5247, 1.1334 ], [ 9.5063, 1.1377 ], [ 9.4934, 1.1347 ], [ 9.4819, 1.1294 ], [ 9.4498, 1.1234 ], [ 9.4203, 1.1092 ], [ 9.4052, 1.1061 ], [ 9.3965, 1.1115 ], [ 9.3731, 1.1377 ], [ 9.3602, 1.147 ], [ 9.362, 1.157 ], [ 9.3595, 1.1649 ], [ 9.3469, 1.1818 ], [ 9.3623, 1.1882 ], [ 9.3739, 1.2 ], [ 9.3825, 1.2146 ], [ 9.3987, 1.2658 ], [ 9.4077, 1.284 ], [ 9.4343, 1.2998 ], [ 9.4484, 1.3192 ], [ 9.4588, 1.3418 ], [ 9.4639, 1.3599 ], [ 9.4613, 1.3982 ], [ 9.4653, 1.4146 ], [ 9.4927, 1.4266 ], [ 9.5323, 1.4624 ], [ 9.5495, 1.4849 ], [ 9.5528, 1.4866 ], [ 9.5549, 1.4919 ], [ 9.5643, 1.5035 ], [ 9.5665, 1.5141 ], [ 9.578, 1.5427 ], [ 9.5942, 1.5722 ], [ 9.6147, 1.5881 ], [ 9.6277, 1.5838 ], [ 9.6403, 1.572 ], [ 9.6593, 1.5655 ], [ 9.686, 1.5689 ], [ 9.7047, 1.5778 ], [ 9.7223, 1.5891 ], [ 9.7443, 1.6001 ], [ 9.7241, 1.5991 ], [ 9.6835, 1.5715 ], [ 9.6658, 1.5756 ], [ 9.6223, 1.6168 ], [ 9.6071, 1.6444 ], [ 9.6176, 1.6715 ], [ 9.6763, 1.7297 ], [ 9.6849, 1.7446 ], [ 9.6899, 1.7503 ], [ 9.7105, 1.7639 ], [ 9.718, 1.7718 ], [ 9.731, 1.7989 ], [ 9.7396, 1.8092 ], [ 9.7429, 1.8157 ], [ 9.7468, 1.8399 ], [ 9.7562, 1.8515 ], [ 9.7637, 1.8661 ], [ 9.799, 1.9012 ], [ 9.8098, 1.9351 ], [ 9.8059, 1.9765 ], [ 9.7781, 2.0582 ], [ 9.7684, 2.0769 ], [ 9.7655, 2.0855 ], [ 9.7645, 2.0964 ], [ 9.7666, 2.107 ], [ 9.776, 2.1187 ], [ 9.7781, 2.124 ], [ 9.7864, 2.2482 ], [ 9.7835, 2.2707 ], [ 9.7749, 2.2881 ], [ 9.767, 2.3106 ], [ 9.7799, 2.3279 ], [ 9.7997, 2.3418 ], [ 9.8109, 2.3249 ], [ 9.812, 2.3062 ], [ 9.8087, 2.2856 ], [ 9.8109, 2.265 ], [ 9.8235, 2.2491 ], [ 9.8469, 2.2286 ], [ 9.8721, 2.2113 ], [ 9.8901, 2.2046 ], [ 9.9074, 2.2006 ], [ 9.9707, 2.1689 ], [ 9.9909, 2.1656 ], [ 11.3222, 2.1658 ], [ 11.3298, 2.1276 ], [ 11.3362, 0.9992 ] ] ], [ [ [ 8.9617, 3.6605 ], [ 8.9577, 3.6431 ], [ 8.9512, 3.6275 ], [ 8.9429, 3.6143 ], [ 8.9069, 3.5821 ], [ 8.8969, 3.5545 ], [ 8.8605, 3.5118 ], [ 8.8407, 3.4582 ], [ 8.8234, 3.4444 ], [ 8.8187, 3.421 ], [ 8.8137, 3.4122 ], [ 8.7849, 3.3952 ], [ 8.7813, 3.379 ], [ 8.7809, 3.333 ], [ 8.7748, 3.3166 ], [ 8.7298, 3.2648 ], [ 8.6956, 3.2086 ], [ 8.6863, 3.1974 ], [ 8.6765, 3.2039 ], [ 8.6535, 3.2136 ], [ 8.6485, 3.22 ], [ 8.642, 3.2175 ], [ 8.6276, 3.2226 ], [ 8.5999, 3.2381 ], [ 8.5696, 3.2305 ], [ 8.5595, 3.2306 ], [ 8.5487, 3.2354 ], [ 8.5275, 3.249 ], [ 8.5145, 3.2518 ], [ 8.4933, 3.2525 ], [ 8.4695, 3.258 ], [ 8.4501, 3.273 ], [ 8.4422, 3.3023 ], [ 8.4375, 3.3132 ], [ 8.4285, 3.3262 ], [ 8.422, 3.3394 ], [ 8.4292, 3.3597 ], [ 8.4353, 3.4019 ], [ 8.4422, 3.4214 ], [ 8.4551, 3.4466 ], [ 8.4739, 3.4632 ], [ 8.4976, 3.4566 ], [ 8.5102, 3.4639 ], [ 8.5271, 3.463 ], [ 8.5628, 3.4566 ], [ 8.5797, 3.4633 ], [ 8.5851, 3.4794 ], [ 8.5822, 3.4978 ], [ 8.5732, 3.5118 ], [ 8.5858, 3.5186 ], [ 8.6013, 3.5297 ], [ 8.6153, 3.5432 ], [ 8.6211, 3.5559 ], [ 8.6279, 3.6484 ], [ 8.6409, 3.6836 ], [ 8.6672, 3.7264 ], [ 8.7025, 3.761 ], [ 8.7435, 3.7724 ], [ 8.737, 3.7583 ], [ 8.7683, 3.7517 ], [ 8.782, 3.751 ], [ 8.7917, 3.7583 ], [ 8.8144, 3.7514 ], [ 8.8468, 3.7464 ], [ 8.8807, 3.7474 ], [ 8.9084, 3.7583 ], [ 8.9145, 3.7523 ], [ 8.9228, 3.7508 ], [ 8.9491, 3.7179 ], [ 8.9591, 3.7009 ], [ 8.9631, 3.6797 ], [ 8.9617, 3.6605 ] ] ] ] } },
{ "type": "Feature", "properties": { "z": "Gabon", "ISO_A3": "GAB", "c": "Gabon" }, "geometry": { "type": "MultiPolygon", "coordinates": [ [ [ [ 11.0702, -3.9088 ], [ 11.0212, -3.8578 ], [ 11.0058, -3.7932 ], [ 10.9964, -3.7756 ], [ 10.9899, -3.7575 ], [ 10.986, -3.7376 ], [ 10.9845, -3.7146 ], [ 10.9636, -3.6916 ], [ 10.9305, -3.6672 ], [ 10.8078, -3.563 ], [ 10.6465, -3.452 ], [ 10.6382, -3.4069 ], [ 10.6396, -3.3916 ], [ 10.6454, -3.3743 ], [ 10.649, -3.3518 ], [ 10.645, -3.3325 ], [ 10.6353, -3.3138 ], [ 10.6209, -3.302 ], [ 10.5986, -3.2889 ], [ 10.5702, -3.2665 ], [ 10.5529, -3.2588 ], [ 10.5493, -3.2392 ], [ 10.4802, -3.1621 ], [ 10.4524, -3.1333 ], [ 10.347, -3.0446 ], [ 10.2192, -2.9453 ], [ 10.1684, -2.9035 ], [ 10.0388, -2.8093 ], [ 9.9787, -2.7582 ], [ 9.9023, -2.7005 ], [ 9.7252, -2.4814 ], [ 9.7036, -2.4431 ], [ 9.7216, -2.4568 ], [ 9.7504, -2.4873 ], [ 9.7717, -2.4983 ], [ 9.7951, -2.5009 ], [ 9.8087, -2.4923 ], [ 9.821, -2.4763 ], [ 9.8401, -2.4568 ], [ 9.8375, -2.4709 ], [ 9.83, -2.4929 ], [ 9.8332, -2.5052 ], [ 9.8426, -2.5006 ], [ 9.8476, -2.4915 ], [ 9.8473, -2.5098 ], [ 9.8501, -2.5285 ], [ 9.8588, -2.5388 ], [ 9.8743, -2.5325 ], [ 9.9099, -2.5451 ], [ 9.9178, -2.55 ], [ 9.9326, -2.5729 ], [ 9.9362, -2.5945 ], [ 9.943, -2.5945 ], [ 9.9448, -2.5848 ], [ 9.9484, -2.5803 ], [ 9.9545, -2.5812 ], [ 9.9635, -2.5872 ], [ 9.965, -2.5818 ], [ 9.9704, -2.5803 ], [ 9.9736, -2.617 ], [ 9.9772, -2.6287 ], [ 9.9841, -2.6211 ], [ 9.992, -2.6164 ], [ 10.0014, -2.6144 ], [ 10.0114, -2.6151 ], [ 10.0082, -2.6291 ], [ 10.0122, -2.6324 ], [ 10.0208, -2.6286 ], [ 10.032, -2.6213 ], [ 10.0395, -2.6132 ], [ 10.0471, -2.5949 ], [ 10.0528, -2.5872 ], [ 10.0672, -2.5819 ], [ 10.0892, -2.5786 ], [ 10.1101, -2.5779 ], [ 10.1212, -2.5803 ], [ 10.1475, -2.5776 ], [ 10.1565, -2.573 ], [ 10.1623, -2.5604 ], [ 10.1432, -2.549 ], [ 10.1356, -2.5463 ], [ 10.1374, -2.5275 ], [ 10.118, -2.5175 ], [ 10.0935, -2.5084 ], [ 10.0802, -2.4915 ], [ 10.0734, -2.4915 ], [ 10.0802, -2.5092 ], [ 10.0939, -2.5604 ], [ 10.0798, -2.5583 ], [ 10.0719, -2.551 ], [ 10.0672, -2.543 ], [ 10.055, -2.5351 ], [ 10.0435, -2.5164 ], [ 10.0356, -2.5121 ], [ 10.0082, -2.5052 ], [ 10.0046, -2.5078 ], [ 10.0053, -2.5251 ], [ 9.992, -2.5423 ], [ 9.9841, -2.5604 ], [ 9.97, -2.5543 ], [ 9.9574, -2.5463 ], [ 9.9614, -2.536 ], [ 9.9553, -2.5152 ], [ 9.9574, -2.5052 ], [ 9.9664, -2.5005 ], [ 9.988, -2.5001 ], [ 9.9916, -2.4915 ], [ 9.9797, -2.4817 ], [ 9.9542, -2.4733 ], [ 9.9265, -2.4686 ], [ 9.9088, -2.4704 ], [ 9.8865, -2.4243 ], [ 9.8847, -2.4165 ], [ 9.8746, -2.4095 ], [ 9.8696, -2.4095 ], [ 9.8674, -2.4196 ], [ 9.8638, -2.4202 ], [ 9.8476, -2.4295 ], [ 9.8221, -2.4243 ], [ 9.7983, -2.4422 ], [ 9.7753, -2.4641 ], [ 9.7519, -2.4704 ], [ 9.7425, -2.4651 ], [ 9.7331, -2.4558 ], [ 9.7267, -2.4445 ], [ 9.7238, -2.4326 ], [ 9.7382, -2.4188 ], [ 9.7472, -2.4133 ], [ 9.7393, -2.4072 ], [ 9.7281, -2.402 ], [ 9.7238, -2.4022 ], [ 9.7223, -2.3939 ], [ 9.7238, -2.3791 ], [ 9.7177, -2.3748 ], [ 9.7094, -2.3735 ], [ 9.7029, -2.3741 ], [ 9.6986, -2.3776 ], [ 9.6968, -2.3846 ], [ 9.7094, -2.4082 ], [ 9.7126, -2.4231 ], [ 9.7036, -2.4358 ], [ 9.6878, -2.4289 ], [ 9.6457, -2.3788 ], [ 9.6284, -2.3674 ], [ 9.6377, -2.3818 ], [ 9.6597, -2.4085 ], [ 9.6687, -2.4226 ], [ 9.6464, -2.4077 ], [ 9.6197, -2.3818 ], [ 9.5971, -2.3522 ], [ 9.5866, -2.3265 ], [ 9.5866, -2.3209 ], [ 9.5791, -2.2981 ], [ 9.5733, -2.2073 ], [ 9.5657, -2.1927 ], [ 9.4664, -2.0949 ], [ 9.4397, -2.0799 ], [ 9.4095, -2.0438 ], [ 9.3951, -2.0324 ], [ 9.4019, -2.0185 ], [ 9.3803, -2.0126 ], [ 9.3681, -1.9953 ], [ 9.3541, -1.9573 ], [ 9.3123, -1.916 ], [ 9.3058, -1.9056 ], [ 9.3011, -1.904 ], [ 9.2918, -1.8954 ], [ 9.2831, -1.886 ], [ 9.2821, -1.8815 ], [ 9.2713, -1.8767 ], [ 9.2738, -1.867 ], [ 9.281, -1.8605 ], [ 9.2853, -1.8644 ], [ 9.2929, -1.8827 ], [ 9.3109, -1.8969 ], [ 9.3339, -1.904 ], [ 9.3541, -1.9019 ], [ 9.3519, -1.9059 ], [ 9.3469, -1.9095 ], [ 9.3598, -1.9147 ], [ 9.367, -1.9095 ], [ 9.3746, -1.8883 ], [ 9.3807, -1.8883 ], [ 9.3883, -1.9095 ], [ 9.3778, -1.9142 ], [ 9.3757, -1.9188 ], [ 9.3746, -1.9258 ], [ 9.3778, -1.9319 ], [ 9.3847, -1.9275 ], [ 9.3901, -1.9198 ], [ 9.3883, -1.9157 ], [ 9.4394, -1.9157 ], [ 9.4675, -1.9225 ], [ 9.4811, -1.9392 ], [ 9.4786, -1.9597 ], [ 9.4567, -1.9777 ], [ 9.475, -1.996 ], [ 9.4808, -1.9982 ], [ 9.5081, -2.0016 ], [ 9.5107, -2.0076 ], [ 9.5117, -2.0324 ], [ 9.5323, -2.0458 ], [ 9.538, -2.0629 ], [ 9.5431, -2.071 ], [ 9.5492, -2.0583 ], [ 9.5632, -2.053 ], [ 9.5665, -2.0497 ], [ 9.5636, -2.0317 ], [ 9.5571, -2.0118 ], [ 9.5485, -1.9977 ], [ 9.5391, -1.9982 ], [ 9.5283, -1.9854 ], [ 9.5038, -1.9686 ], [ 9.4981, -1.9573 ], [ 9.5099, -1.9396 ], [ 9.5193, -1.9331 ], [ 9.5179, -1.9265 ], [ 9.4851, -1.8704 ], [ 9.4667, -1.8514 ], [ 9.4567, -1.8609 ], [ 9.4412, -1.8521 ], [ 9.4361, -1.8473 ], [ 9.4325, -1.8566 ], [ 9.4325, -1.8662 ], [ 9.4361, -1.8883 ], [ 9.4174, -1.8731 ], [ 9.3919, -1.8265 ], [ 9.3746, -1.8193 ], [ 9.367, -1.8259 ], [ 9.3573, -1.8542 ], [ 9.3476, -1.8572 ], [ 9.3422, -1.8654 ], [ 9.34, -1.8763 ], [ 9.3404, -1.8883 ], [ 9.3332, -1.881 ], [ 9.3256, -1.8763 ], [ 9.3166, -1.874 ], [ 9.3058, -1.874 ], [ 9.3173, -1.8542 ], [ 9.3148, -1.8429 ], [ 9.2921, -1.8262 ], [ 9.2702, -1.8405 ], [ 9.2554, -1.8353 ], [ 9.2468, -1.8156 ], [ 9.2443, -1.786 ], [ 9.245, -1.7742 ], [ 9.2504, -1.7483 ], [ 9.2504, -1.707 ], [ 9.2486, -1.6961 ], [ 9.2396, -1.6738 ], [ 9.2367, -1.6623 ], [ 9.2378, -1.6314 ], [ 9.2367, -1.6214 ], [ 9.2201, -1.5799 ], [ 9.1971, -1.5484 ], [ 9.142, -1.491 ], [ 9.0167, -1.3158 ], [ 9.007, -1.2985 ], [ 8.9883, -1.2517 ], [ 8.9836, -1.231 ], [ 8.9969, -1.2576 ], [ 9.007, -1.2874 ], [ 9.0193, -1.3048 ], [ 9.0387, -1.3264 ], [ 9.0542, -1.325 ], [ 9.0697, -1.3317 ], [ 9.0823, -1.3436 ], [ 9.0927, -1.3751 ], [ 9.1161, -1.3996 ], [ 9.1215, -1.4192 ], [ 9.1276, -1.4289 ], [ 9.1593, -1.4681 ], [ 9.1726, -1.4768 ], [ 9.1787, -1.4834 ], [ 9.227, -1.5221 ], [ 9.2353, -1.5266 ], [ 9.2648, -1.5354 ], [ 9.2741, -1.6597 ], [ 9.2803, -1.6752 ], [ 9.2921, -1.6698 ], [ 9.295, -1.6594 ], [ 9.286, -1.6459 ], [ 9.2889, -1.6384 ], [ 9.2975, -1.6345 ], [ 9.3051, -1.6386 ], [ 9.3105, -1.6467 ], [ 9.3127, -1.6554 ], [ 9.3274, -1.6384 ], [ 9.3508, -1.6248 ], [ 9.3778, -1.6165 ], [ 9.4019, -1.6145 ], [ 9.3962, -1.6301 ], [ 9.3951, -1.647 ], [ 9.4005, -1.6614 ], [ 9.4156, -1.6698 ], [ 9.4225, -1.636 ], [ 9.4221, -1.6195 ], [ 9.4156, -1.6076 ], [ 9.4469, -1.6033 ], [ 9.5294, -1.6145 ], [ 9.5596, -1.6076 ], [ 9.5182, -1.5918 ], [ 9.5024, -1.5799 ], [ 9.4905, -1.5598 ], [ 9.4811, -1.5226 ], [ 9.4801, -1.5007 ], [ 9.4844, -1.4841 ], [ 9.4761, -1.4817 ], [ 9.4567, -1.4705 ], [ 9.4394, -1.4705 ], [ 9.4322, -1.4731 ], [ 9.4318, -1.4794 ], [ 9.4361, -1.4944 ], [ 9.4347, -1.5046 ], [ 9.4019, -1.5465 ], [ 9.3789, -1.563 ], [ 9.3519, -1.571 ], [ 9.3195, -1.5736 ], [ 9.2997, -1.5774 ], [ 9.2921, -1.5736 ], [ 9.2867, -1.5661 ], [ 9.2853, -1.5501 ], [ 9.2785, -1.5354 ], [ 9.2774, -1.5262 ], [ 9.2785, -1.508 ], [ 9.2741, -1.503 ], [ 9.2504, -1.4977 ], [ 9.2486, -1.4821 ], [ 9.2565, -1.4715 ], [ 9.2713, -1.4655 ], [ 9.2889, -1.4637 ], [ 9.2972, -1.4578 ], [ 9.299, -1.4442 ], [ 9.2947, -1.43 ], [ 9.2853, -1.4222 ], [ 9.2853, -1.4159 ], [ 9.2943, -1.4134 ], [ 9.3181, -1.4112 ], [ 9.3263, -1.4084 ], [ 9.3343, -1.3987 ], [ 9.3386, -1.3797 ], [ 9.3544, -1.3506 ], [ 9.3512, -1.3333 ], [ 9.3332, -1.2985 ], [ 9.3382, -1.2925 ], [ 9.3393, -1.2878 ], [ 9.3353, -1.2835 ], [ 9.3263, -1.2781 ], [ 9.3256, -1.298 ], [ 9.3332, -1.3502 ], [ 9.3303, -1.3609 ], [ 9.3227, -1.3709 ], [ 9.313, -1.3782 ], [ 9.3022, -1.3812 ], [ 9.2932, -1.3781 ], [ 9.2849, -1.3642 ], [ 9.2785, -1.3606 ], [ 9.2619, -1.3662 ], [ 9.2518, -1.3804 ], [ 9.2439, -1.395 ], [ 9.2338, -1.4017 ], [ 9.1856, -1.4106 ], [ 9.169, -1.4084 ], [ 9.1579, -1.3953 ], [ 9.1546, -1.3742 ], [ 9.1564, -1.3548 ], [ 9.1593, -1.3465 ], [ 9.1499, -1.3387 ], [ 9.1463, -1.3323 ], [ 9.1262, -1.3422 ], [ 9.1244, -1.346 ], [ 9.1197, -1.3486 ], [ 9.1071, -1.3465 ], [ 9.0927, -1.3382 ], [ 9.0574, -1.3117 ], [ 9.0423, -1.306 ], [ 9.0301, -1.2991 ], [ 9.0214, -1.2825 ], [ 9.0189, -1.2622 ], [ 9.0257, -1.244 ], [ 9.0207, -1.2376 ], [ 9.0182, -1.231 ], [ 9.0376, -1.2168 ], [ 9.0329, -1.1935 ], [ 9.0157, -1.1699 ], [ 8.9973, -1.1553 ], [ 9.0099, -1.1853 ], [ 9.0005, -1.2214 ], [ 8.9941, -1.2204 ], [ 8.9908, -1.2097 ], [ 8.9836, -1.1484 ], [ 8.9667, -1.1045 ], [ 8.8673, -0.9771 ], [ 8.8933, -1.0016 ], [ 8.9077, -1.0086 ], [ 8.9228, -1.0037 ], [ 8.9084, -0.9976 ], [ 8.9145, -0.9841 ], [ 8.9228, -0.9727 ], [ 8.9307, -0.9651 ], [ 8.9357, -0.9635 ], [ 8.9239, -0.9584 ], [ 8.8947, -0.9781 ], [ 8.8774, -0.9738 ], [ 8.8709, -0.9578 ], [ 8.8645, -0.933 ], [ 8.8569, -0.916 ], [ 8.8472, -0.9226 ], [ 8.8396, -0.9226 ], [ 8.831, -0.8868 ], [ 8.8259, -0.8747 ], [ 8.8108, -0.8489 ], [ 8.7842, -0.7892 ], [ 8.7629, -0.7527 ], [ 8.7496, -0.7001 ], [ 8.719, -0.6603 ], [ 8.6956, -0.5867 ], [ 8.7093, -0.5657 ], [ 8.7165, -0.573 ], [ 8.7079, -0.5923 ], [ 8.7187, -0.6009 ], [ 8.7507, -0.6072 ], [ 8.7464, -0.6162 ], [ 8.7453, -0.6224 ], [ 8.7507, -0.6339 ], [ 8.7723, -0.6332 ], [ 8.7874, -0.6577 ], [ 8.7957, -0.6919 ], [ 8.8004, -0.7337 ], [ 8.8061, -0.7484 ], [ 8.8155, -0.76 ], [ 8.8295, -0.7647 ], [ 8.8375, -0.7716 ], [ 8.8396, -0.7864 ], [ 8.8443, -0.8002 ], [ 8.8605, -0.8051 ], [ 8.8519, -0.7881 ], [ 8.8529, -0.7713 ], [ 8.8576, -0.7537 ], [ 8.8605, -0.7337 ], [ 8.8659, -0.7195 ], [ 8.8792, -0.7184 ], [ 8.8969, -0.7224 ], [ 8.9145, -0.7232 ], [ 8.9145, -0.7165 ], [ 8.9048, -0.7119 ], [ 8.8947, -0.7039 ], [ 8.8879, -0.6933 ], [ 8.8879, -0.6816 ], [ 8.8954, -0.6752 ], [ 8.9048, -0.6759 ], [ 8.9289, -0.6873 ], [ 8.939, -0.7014 ], [ 8.9465, -0.7185 ], [ 8.9494, -0.7337 ], [ 8.957, -0.7536 ], [ 8.9933, -0.7872 ], [ 9.0045, -0.8051 ], [ 9.0052, -0.8254 ], [ 8.9984, -0.8605 ], [ 9.0045, -0.8747 ], [ 9.0113, -0.8747 ], [ 9.0157, -0.8559 ], [ 9.0182, -0.7952 ], [ 9.0239, -0.7763 ], [ 9.0477, -0.7503 ], [ 9.0531, -0.7337 ], [ 9.0506, -0.7144 ], [ 9.052, -0.7107 ], [ 9.0592, -0.7028 ], [ 9.0653, -0.6991 ], [ 9.0815, -0.6933 ], [ 9.0873, -0.6898 ], [ 9.0898, -0.6793 ], [ 9.088, -0.6687 ], [ 9.0891, -0.66 ], [ 9.101, -0.655 ], [ 9.1147, -0.6816 ], [ 9.1125, -0.6584 ], [ 9.101, -0.6424 ], [ 9.0927, -0.6258 ], [ 9.101, -0.5997 ], [ 9.16, -0.5469 ], [ 9.178, -0.5109 ], [ 9.2673, -0.4124 ], [ 9.2921, -0.3738 ], [ 9.3065, -0.3324 ], [ 9.3058, -0.2032 ], [ 9.313, -0.1822 ], [ 9.3357, -0.1374 ], [ 9.3404, -0.1172 ], [ 9.3469, -0.0727 ], [ 9.3443, -0.0635 ], [ 9.3332, -0.0379 ], [ 9.3343, -0.0255 ], [ 9.3371, -0.0136 ], [ 9.3551, 0.016 ], [ 9.3533, 0.0248 ], [ 9.3469, 0.0405 ], [ 9.3454, 0.0618 ], [ 9.3101, 0.2513 ], [ 9.299, 0.2836 ], [ 9.3091, 0.3246 ], [ 9.3454, 0.3559 ], [ 9.3562, 0.3586 ], [ 9.3659, 0.3516 ], [ 9.3746, 0.332 ], [ 9.3785, 0.3077 ], [ 9.3767, 0.2874 ], [ 9.367, 0.2502 ], [ 9.3688, 0.2386 ], [ 9.3735, 0.2276 ], [ 9.3739, 0.2193 ], [ 9.3638, 0.2161 ], [ 9.3584, 0.2117 ], [ 9.3566, 0.2018 ], [ 9.3573, 0.1902 ], [ 9.3602, 0.1812 ], [ 9.3688, 0.1892 ], [ 9.3803, 0.2055 ], [ 9.3915, 0.2085 ], [ 9.4243, 0.2082 ], [ 9.4293, 0.2051 ], [ 9.4347, 0.1922 ], [ 9.4606, 0.1666 ], [ 9.47, 0.147 ], [ 9.4736, 0.1091 ], [ 9.488, 0.0983 ], [ 9.4948, 0.0983 ], [ 9.4981, 0.1091 ], [ 9.4927, 0.152 ], [ 9.4937, 0.17 ], [ 9.5042, 0.1881 ], [ 9.5539, 0.1742 ], [ 9.5665, 0.1676 ], [ 9.5719, 0.1566 ], [ 9.5801, 0.1217 ], [ 9.5866, 0.1122 ], [ 9.5913, 0.1191 ], [ 9.6194, 0.1471 ], [ 9.6284, 0.1537 ], [ 9.6435, 0.153 ], [ 9.6525, 0.1468 ], [ 9.6626, 0.1265 ], [ 9.7123, 0.1348 ], [ 9.749, 0.0978 ], [ 9.7796, 0.0494 ], [ 9.8123, 0.0235 ], [ 9.7756, 0.0903 ], [ 9.7612, 0.1091 ], [ 9.7587, 0.1255 ], [ 9.7781, 0.1344 ], [ 9.8037, 0.1332 ], [ 9.8195, 0.1191 ], [ 9.8318, 0.1267 ], [ 9.8505, 0.1507 ], [ 9.8613, 0.1613 ], [ 9.8962, 0.1836 ], [ 9.9088, 0.1881 ], [ 9.925, 0.1878 ], [ 9.9542, 0.177 ], [ 9.9704, 0.1737 ], [ 9.9851, 0.175 ], [ 10.0255, 0.1881 ], [ 10.0255, 0.1955 ], [ 9.9754, 0.1944 ], [ 9.956, 0.2001 ], [ 9.9362, 0.2161 ], [ 9.9211, 0.2058 ], [ 9.9023, 0.1969 ], [ 9.8825, 0.1905 ], [ 9.8055, 0.1858 ], [ 9.7922, 0.1812 ], [ 9.7472, 0.1965 ], [ 9.7346, 0.2051 ], [ 9.7195, 0.2187 ], [ 9.7115, 0.2233 ], [ 9.6799, 0.2223 ], [ 9.6691, 0.2273 ], [ 9.6212, 0.2632 ], [ 9.5863, 0.2836 ], [ 9.5722, 0.2984 ], [ 9.5665, 0.3184 ], [ 9.5596, 0.3184 ], [ 9.5539, 0.3063 ], [ 9.5481, 0.3027 ], [ 9.5355, 0.3047 ], [ 9.5049, 0.2924 ], [ 9.4981, 0.2911 ], [ 9.4901, 0.3025 ], [ 9.484, 0.3382 ], [ 9.4736, 0.3458 ], [ 9.4592, 0.3601 ], [ 9.4113, 0.47 ], [ 9.3987, 0.4887 ], [ 9.371, 0.5202 ], [ 9.3523, 0.5294 ], [ 9.3346, 0.5279 ], [ 9.3191, 0.5286 ], [ 9.3058, 0.5444 ], [ 9.3047, 0.559 ], [ 9.3087, 0.6141 ], [ 9.3159, 0.6262 ], [ 9.3375, 0.6284 ], [ 9.3602, 0.6331 ], [ 9.4019, 0.6536 ], [ 9.4153, 0.6553 ], [ 9.4329, 0.6493 ], [ 9.4466, 0.6473 ], [ 9.4549, 0.6494 ], [ 9.4682, 0.6589 ], [ 9.4865, 0.666 ], [ 9.5024, 0.6759 ], [ 9.52, 0.6836 ], [ 9.5391, 0.6815 ], [ 9.5553, 0.6653 ], [ 9.5629, 0.6423 ], [ 9.5593, 0.6217 ], [ 9.5423, 0.6125 ], [ 9.4991, 0.6218 ], [ 9.4779, 0.6191 ], [ 9.4639, 0.5989 ], [ 9.4873, 0.6061 ], [ 9.5164, 0.6042 ], [ 9.5398, 0.5913 ], [ 9.5459, 0.5649 ], [ 9.5578, 0.5686 ], [ 9.5665, 0.5756 ], [ 9.5719, 0.5857 ], [ 9.5733, 0.5989 ], [ 9.5852, 0.5829 ], [ 9.587, 0.5538 ], [ 9.5819, 0.5252 ], [ 9.5733, 0.5102 ], [ 9.5827, 0.4817 ], [ 9.5909, 0.473 ], [ 9.6079, 0.4693 ], [ 9.6035, 0.4851 ], [ 9.6035, 0.5055 ], [ 9.6086, 0.5232 ], [ 9.6176, 0.5306 ], [ 9.6237, 0.5395 ], [ 9.6341, 0.583 ], [ 9.6421, 0.5989 ], [ 9.6284, 0.6188 ], [ 9.6251, 0.6394 ], [ 9.6284, 0.6884 ], [ 9.6183, 0.8068 ], [ 9.5827, 0.9007 ], [ 9.5798, 0.9248 ], [ 9.5755, 0.9409 ], [ 9.5672, 0.9512 ], [ 9.5614, 0.9628 ], [ 9.5665, 0.9832 ], [ 9.5791, 1.0045 ], [ 9.592, 1.0143 ], [ 9.6068, 1.0174 ], [ 9.6248, 1.0174 ], [ 9.6424, 1.0224 ], [ 9.6521, 1.0344 ], [ 9.659, 1.0481 ], [ 9.6687, 1.0583 ], [ 9.6867, 1.0613 ], [ 9.745, 1.0599 ], [ 9.7612, 1.0548 ], [ 9.7745, 1.033 ], [ 9.7832, 0.9902 ], [ 9.7922, 0.9688 ], [ 9.8005, 0.9859 ], [ 9.8044, 0.9985 ], [ 9.8339, 0.995 ], [ 9.8498, 0.9893 ], [ 9.866, 0.9776 ], [ 9.8919, 0.9479 ], [ 9.9085, 0.9352 ], [ 9.9265, 0.9276 ], [ 9.9441, 0.9249 ], [ 9.9599, 0.9285 ], [ 9.9718, 0.9399 ], [ 9.9754, 0.9531 ], [ 9.9754, 0.9826 ], [ 9.9808, 0.9973 ], [ 10.0294, 1.0036 ], [ 11.3362, 0.9992 ], [ 11.3298, 2.1276 ], [ 11.3222, 2.1658 ], [ 11.3283, 2.1764 ], [ 11.3323, 2.1881 ], [ 11.3359, 2.2292 ], [ 11.3499, 2.2512 ], [ 11.356, 2.2652 ], [ 11.3542, 2.2785 ], [ 11.3499, 2.2916 ], [ 11.3517, 2.3006 ], [ 11.6185, 2.3105 ], [ 11.6448, 2.3198 ], [ 11.6574, 2.3226 ], [ 11.671, 2.3211 ], [ 11.6811, 2.3155 ], [ 11.7013, 2.2987 ], [ 11.7528, 2.282 ], [ 11.7682, 2.2803 ], [ 11.8021, 2.2848 ], [ 11.8899, 2.2821 ], [ 11.9662, 2.2889 ], [ 12.0418, 2.284 ], [ 12.1009, 2.2886 ], [ 12.1189, 2.2879 ], [ 12.1592, 2.2814 ], [ 12.2028, 2.2795 ], [ 12.2226, 2.2834 ], [ 12.2611, 2.2963 ], [ 12.2913, 2.3019 ], [ 12.3122, 2.313 ], [ 12.3216, 2.3142 ], [ 12.3342, 2.3096 ], [ 12.3669, 2.2896 ], [ 12.3849, 2.286 ], [ 12.44, 2.2986 ], [ 12.4785, 2.296 ], [ 12.5516, 2.2724 ], [ 12.575, 2.2777 ], [ 12.5908, 2.2658 ], [ 12.6146, 2.2569 ], [ 12.75, 2.2368 ], [ 12.7701, 2.2408 ], [ 12.7957, 2.2588 ], [ 12.8083, 2.2641 ], [ 12.8252, 2.2594 ], [ 12.8482, 2.2494 ], [ 12.8677, 2.2451 ], [ 12.8763, 2.2572 ], [ 12.8904, 2.2515 ], [ 12.9033, 2.2504 ], [ 12.9145, 2.2546 ], [ 12.9249, 2.2641 ], [ 12.9548, 2.2534 ], [ 12.9721, 2.2504 ], [ 12.9832, 2.2535 ], [ 12.9969, 2.2601 ], [ 13.0128, 2.2564 ], [ 13.0408, 2.2442 ], [ 13.0837, 2.2496 ], [ 13.093, 2.2535 ], [ 13.1132, 2.2728 ], [ 13.1247, 2.2811 ], [ 13.1334, 2.2846 ], [ 13.164, 2.2833 ], [ 13.1917, 2.2777 ], [ 13.2057, 2.267 ], [ 13.2122, 2.2641 ], [ 13.2216, 2.264 ], [ 13.2428, 2.2715 ], [ 13.2543, 2.267 ], [ 13.2698, 2.2558 ], [ 13.2846, 2.2423 ], [ 13.2943, 2.2306 ], [ 13.2982, 2.2159 ], [ 13.2943, 2.1858 ], [ 13.2946, 2.1611 ], [ 13.295, 2.1011 ], [ 13.2914, 2.069 ], [ 13.281, 2.045 ], [ 13.2453, 2.0254 ], [ 13.2212, 2.0009 ], [ 13.2162, 1.9972 ], [ 13.2068, 1.9936 ], [ 13.2068, 1.9852 ], [ 13.2122, 1.9664 ], [ 13.2104, 1.9564 ], [ 13.1917, 1.9351 ], [ 13.1848, 1.9235 ], [ 13.1784, 1.9079 ], [ 13.1665, 1.9045 ], [ 13.1622, 1.8999 ], [ 13.1751, 1.8821 ], [ 13.183, 1.8641 ], [ 13.1884, 1.8567 ], [ 13.1924, 1.8448 ], [ 13.191, 1.8288 ], [ 13.1805, 1.7921 ], [ 13.173, 1.777 ], [ 13.1629, 1.7637 ], [ 13.1503, 1.7564 ], [ 13.1575, 1.7392 ], [ 13.1546, 1.7217 ], [ 13.1478, 1.703 ], [ 13.1442, 1.6819 ], [ 13.1499, 1.6363 ], [ 13.1467, 1.6122 ], [ 13.1298, 1.5925 ], [ 13.146, 1.5634 ], [ 13.1643, 1.538 ], [ 13.1712, 1.5453 ], [ 13.1827, 1.5365 ], [ 13.1895, 1.5248 ], [ 13.191, 1.5111 ], [ 13.1848, 1.4969 ], [ 13.2054, 1.4865 ], [ 13.2234, 1.4381 ], [ 13.2396, 1.4281 ], [ 13.2385, 1.4196 ], [ 13.2396, 1.3565 ], [ 13.2514, 1.3378 ], [ 13.2489, 1.3325 ], [ 13.2432, 1.3289 ], [ 13.2334, 1.3089 ], [ 13.2194, 1.2993 ], [ 13.2025, 1.2934 ], [ 13.1884, 1.2915 ], [ 13.1805, 1.285 ], [ 13.1766, 1.2709 ], [ 13.1694, 1.2586 ], [ 13.1503, 1.2566 ], [ 13.1604, 1.2478 ], [ 13.1722, 1.2429 ], [ 13.182, 1.2366 ], [ 13.1848, 1.2226 ], [ 13.1953, 1.2211 ], [ 13.2158, 1.2244 ], [ 13.2504, 1.2219 ], [ 13.2709, 1.2261 ], [ 13.2892, 1.234 ], [ 13.308, 1.2568 ], [ 13.326, 1.2593 ], [ 13.3429, 1.2639 ], [ 13.3494, 1.2817 ], [ 13.3573, 1.2891 ], [ 13.3771, 1.2946 ], [ 13.3987, 1.297 ], [ 13.4138, 1.2956 ], [ 13.4487, 1.2831 ], [ 13.4797, 1.2772 ], [ 13.5099, 1.2774 ], [ 13.5434, 1.2835 ], [ 13.5564, 1.2928 ], [ 13.579, 1.3236 ], [ 13.615, 1.3375 ], [ 13.628, 1.3482 ], [ 13.6424, 1.3575 ], [ 13.6806, 1.3595 ], [ 13.6989, 1.3628 ], [ 13.7176, 1.3754 ], [ 13.7245, 1.378 ], [ 13.7443, 1.3704 ], [ 13.7583, 1.3766 ], [ 13.7702, 1.4004 ], [ 13.7806, 1.4311 ], [ 13.7947, 1.4345 ], [ 13.9837, 1.4169 ], [ 14.001, 1.413 ], [ 14.019, 1.4022 ], [ 14.0337, 1.3877 ], [ 14.0496, 1.3764 ], [ 14.0708, 1.3751 ], [ 14.1064, 1.389 ], [ 14.1244, 1.3936 ], [ 14.1446, 1.3917 ], [ 14.1838, 1.3808 ], [ 14.2065, 1.363 ], [ 14.2184, 1.3607 ], [ 14.2216, 1.3495 ], [ 14.2299, 1.3441 ], [ 14.2414, 1.3392 ], [ 14.2522, 1.3309 ], [ 14.2584, 1.3197 ], [ 14.2731, 1.2573 ], [ 14.2756, 1.2312 ], [ 14.2746, 1.1557 ], [ 14.2828, 1.1301 ], [ 14.2983, 1.1094 ], [ 14.3466, 1.0872 ], [ 14.3602, 1.0669 ], [ 14.3757, 1.0156 ], [ 14.3869, 0.9923 ], [ 14.4009, 0.9704 ], [ 14.4175, 0.9507 ], [ 14.4366, 0.9334 ], [ 14.4603, 0.9213 ], [ 14.4682, 0.9133 ], [ 14.4661, 0.8997 ], [ 14.4571, 0.8904 ], [ 14.4452, 0.8833 ], [ 14.4376, 0.8752 ], [ 14.4409, 0.8628 ], [ 14.4477, 0.8163 ], [ 14.4135, 0.7751 ], [ 14.3674, 0.7356 ], [ 14.3383, 0.6939 ], [ 14.3354, 0.6427 ], [ 14.3289, 0.6212 ], [ 14.2548, 0.5571 ], [ 14.2508, 0.552 ], [ 14.2454, 0.5478 ], [ 14.2317, 0.5427 ], [ 14.1817, 0.54 ], [ 14.1255, 0.5462 ], [ 14.0758, 0.5395 ], [ 14.0456, 0.4973 ], [ 14.0568, 0.4764 ], [ 14.0629, 0.4559 ], [ 14.0593, 0.4353 ], [ 14.0406, 0.4139 ], [ 13.9664, 0.3731 ], [ 13.9452, 0.3505 ], [ 13.9099, 0.2711 ], [ 13.8757, 0.2204 ], [ 13.8714, 0.1965 ], [ 13.876, 0.1713 ], [ 13.8858, 0.1403 ], [ 13.8908, 0.1158 ], [ 13.8948, 0.0437 ], [ 13.9012, 0.0368 ], [ 13.925, 0.0344 ], [ 13.9329, 0.0221 ], [ 13.9315, 0.0116 ], [ 13.9171, -0.0067 ], [ 13.9131, -0.0166 ], [ 13.9149, -0.0313 ], [ 13.92, -0.0425 ], [ 13.921, -0.0531 ], [ 13.9005, -0.0757 ], [ 13.8426, -0.1524 ], [ 13.8321, -0.1772 ], [ 13.8314, -0.2055 ], [ 13.8775, -0.2606 ], [ 13.8836, -0.265 ], [ 13.903, -0.2589 ], [ 13.9074, -0.2544 ], [ 13.9138, -0.2407 ], [ 13.9214, -0.238 ], [ 13.9574, -0.2421 ], [ 13.9671, -0.2458 ], [ 13.975, -0.2526 ], [ 13.9822, -0.2623 ], [ 14.0186, -0.2527 ], [ 14.0589, -0.2589 ], [ 14.0953, -0.2768 ], [ 14.1216, -0.3022 ], [ 14.1381, -0.3364 ], [ 14.1507, -0.3765 ], [ 14.1579, -0.4177 ], [ 14.1597, -0.4552 ], [ 14.1766, -0.4462 ], [ 14.1932, -0.4405 ], [ 14.2101, -0.4405 ], [ 14.2285, -0.4479 ], [ 14.2447, -0.4516 ], [ 14.2756, -0.4392 ], [ 14.2926, -0.4365 ], [ 14.3206, -0.4445 ], [ 14.3588, -0.4614 ], [ 14.3923, -0.4824 ], [ 14.4146, -0.5122 ], [ 14.4542, -0.5396 ], [ 14.4664, -0.5528 ], [ 14.4898, -0.601 ], [ 14.4988, -0.6309 ], [ 14.492, -0.6634 ], [ 14.4517, -0.7513 ], [ 14.4459, -0.7758 ], [ 14.4463, -0.8004 ], [ 14.4528, -0.8259 ], [ 14.4571, -0.8562 ], [ 14.4459, -0.8775 ], [ 14.4283, -0.897 ], [ 14.4128, -0.9216 ], [ 14.4074, -0.9445 ], [ 14.4027, -0.9877 ], [ 14.3919, -1.009 ], [ 14.3919, -1.0235 ], [ 14.4204, -1.1019 ], [ 14.4312, -1.1235 ], [ 14.4344, -1.1351 ], [ 14.4337, -1.1437 ], [ 14.4279, -1.161 ], [ 14.4283, -1.1696 ], [ 14.4355, -1.1818 ], [ 14.4564, -1.2025 ], [ 14.4643, -1.2154 ], [ 14.4657, -1.2244 ], [ 14.4646, -1.2556 ], [ 14.4607, -1.2781 ], [ 14.4517, -1.2982 ], [ 14.429, -1.32 ], [ 14.4265, -1.3312 ], [ 14.4322, -1.3502 ], [ 14.447, -1.3654 ], [ 14.4823, -1.3887 ], [ 14.4877, -1.4094 ], [ 14.4805, -1.4209 ], [ 14.4679, -1.429 ], [ 14.4564, -1.4402 ], [ 14.4528, -1.4497 ], [ 14.451, -1.4737 ], [ 14.4384, -1.5026 ], [ 14.4517, -1.5156 ], [ 14.4628, -1.5337 ], [ 14.4632, -1.5487 ], [ 14.4304, -1.555 ], [ 14.424, -1.5636 ], [ 14.42, -1.5752 ], [ 14.4132, -1.5853 ], [ 14.4038, -1.5923 ], [ 14.3944, -1.5969 ], [ 14.3739, -1.6042 ], [ 14.3649, -1.6121 ], [ 14.3714, -1.6195 ], [ 14.3908, -1.6304 ], [ 14.4031, -1.6709 ], [ 14.42, -1.6762 ], [ 14.4412, -1.6798 ], [ 14.4488, -1.6864 ], [ 14.425, -1.7005 ], [ 14.4132, -1.714 ], [ 14.4067, -1.7356 ], [ 14.4034, -1.8153 ], [ 14.397, -1.8495 ], [ 14.4045, -1.8931 ], [ 14.3973, -1.9069 ], [ 14.3707, -1.9213 ], [ 14.2522, -1.9677 ], [ 14.24, -1.9823 ], [ 14.2375, -1.9912 ], [ 14.2382, -2.0026 ], [ 14.2328, -2.0121 ], [ 14.2335, -2.0182 ], [ 14.2468, -2.0294 ], [ 14.2515, -2.038 ], [ 14.2508, -2.0478 ], [ 14.244, -2.0676 ], [ 14.2386, -2.1202 ], [ 14.2339, -2.1346 ], [ 14.227, -2.1414 ], [ 14.2098, -2.1474 ], [ 14.2044, -2.1522 ], [ 14.2033, -2.162 ], [ 14.2094, -2.1799 ], [ 14.209, -2.1872 ], [ 14.1957, -2.2018 ], [ 14.1615, -2.2143 ], [ 14.1478, -2.2249 ], [ 14.1511, -2.2591 ], [ 14.227, -2.3232 ], [ 14.2342, -2.3549 ], [ 14.2299, -2.3522 ], [ 14.1824, -2.3634 ], [ 14.1633, -2.374 ], [ 14.1442, -2.3903 ], [ 14.136, -2.3989 ], [ 14.1316, -2.4089 ], [ 14.132, -2.4352 ], [ 14.1248, -2.444 ], [ 14.1151, -2.4514 ], [ 14.1068, -2.4603 ], [ 14.096, -2.4912 ], [ 14.0899, -2.4986 ], [ 14.0809, -2.5001 ], [ 14.0557, -2.487 ], [ 14.0456, -2.4862 ], [ 13.9934, -2.5016 ], [ 13.9855, -2.5016 ], [ 13.9794, -2.4956 ], [ 13.9761, -2.4774 ], [ 13.9671, -2.4707 ], [ 13.9574, -2.4707 ], [ 13.9304, -2.4855 ], [ 13.9095, -2.4897 ], [ 13.885, -2.4886 ], [ 13.862, -2.481 ], [ 13.8458, -2.4666 ], [ 13.8476, -2.4231 ], [ 13.8552, -2.4143 ], [ 13.876, -2.4039 ], [ 13.8901, -2.3737 ], [ 13.902, -2.3664 ], [ 13.9063, -2.3598 ], [ 13.8926, -2.3412 ], [ 13.8717, -2.3289 ], [ 13.8638, -2.3215 ], [ 13.8606, -2.2937 ], [ 13.8537, -2.284 ], [ 13.8357, -2.2654 ], [ 13.8231, -2.2469 ], [ 13.8004, -2.2005 ], [ 13.7914, -2.1592 ], [ 13.7828, -2.1381 ], [ 13.7706, -2.1191 ], [ 13.7569, -2.1059 ], [ 13.7432, -2.0972 ], [ 13.741, -2.1025 ], [ 13.7202, -2.1336 ], [ 13.7094, -2.1536 ], [ 13.7068, -2.1646 ], [ 13.7054, -2.1844 ], [ 13.7014, -2.1948 ], [ 13.6935, -2.206 ], [ 13.6176, -2.2797 ], [ 13.6107, -2.29 ], [ 13.6078, -2.3112 ], [ 13.6035, -2.32 ], [ 13.5934, -2.3269 ], [ 13.5693, -2.3345 ], [ 13.5574, -2.3405 ], [ 13.5477, -2.3494 ], [ 13.5247, -2.3761 ], [ 13.4923, -2.3984 ], [ 13.4822, -2.4082 ], [ 13.4696, -2.4351 ], [ 13.4588, -2.4411 ], [ 13.4538, -2.4394 ], [ 13.4455, -2.4272 ], [ 13.439, -2.4255 ], [ 13.425, -2.4298 ], [ 13.398, -2.4262 ], [ 13.3789, -2.4309 ], [ 13.3609, -2.4289 ], [ 13.1866, -2.3642 ], [ 13.1769, -2.3621 ], [ 13.1654, -2.3635 ], [ 13.1463, -2.3747 ], [ 13.1352, -2.377 ], [ 13.1143, -2.372 ], [ 13.0498, -2.3426 ], [ 13.025, -2.3382 ], [ 13.012, -2.3421 ], [ 12.9825, -2.3717 ], [ 12.9688, -2.3724 ], [ 12.966, -2.3665 ], [ 12.9714, -2.3572 ], [ 12.9825, -2.3478 ], [ 12.9872, -2.3408 ], [ 12.994, -2.3236 ], [ 12.9966, -2.3049 ], [ 13.0106, -2.2878 ], [ 13.0081, -2.2765 ], [ 12.9973, -2.2757 ], [ 12.9901, -2.2681 ], [ 12.9825, -2.233 ], [ 12.9732, -2.2216 ], [ 12.9544, -2.1909 ], [ 12.9458, -2.1825 ], [ 12.9213, -2.1949 ], [ 12.9073, -2.1954 ], [ 12.9026, -2.1776 ], [ 12.9019, -2.1673 ], [ 12.8983, -2.1603 ], [ 12.885, -2.1474 ], [ 12.8828, -2.1409 ], [ 12.8943, -2.1157 ], [ 12.895, -2.1098 ], [ 12.8763, -2.1049 ], [ 12.8742, -2.0998 ], [ 12.8752, -2.0892 ], [ 12.877, -2.0888 ], [ 12.8731, -2.0659 ], [ 12.8472, -2.0372 ], [ 12.8382, -2.0161 ], [ 12.8162, -1.9435 ], [ 12.8047, -1.9192 ], [ 12.7878, -1.9076 ], [ 12.7456, -1.894 ], [ 12.6751, -1.8429 ], [ 12.6322, -1.8252 ], [ 12.5833, -1.8266 ], [ 12.5725, -1.8305 ], [ 12.5235, -1.8634 ], [ 12.5124, -1.8755 ], [ 12.5062, -1.8883 ], [ 12.5037, -1.9077 ], [ 12.4994, -1.9179 ], [ 12.4864, -1.9249 ], [ 12.4692, -1.9195 ], [ 12.4382, -1.8867 ], [ 12.427, -1.8841 ], [ 12.4231, -1.8977 ], [ 12.4314, -2.0055 ], [ 12.44, -2.0458 ], [ 12.4609, -2.0779 ], [ 12.4998, -2.0956 ], [ 12.4954, -2.1128 ], [ 12.4774, -2.1411 ], [ 12.4702, -2.1563 ], [ 12.4684, -2.1712 ], [ 12.4756, -2.2124 ], [ 12.4684, -2.2412 ], [ 12.4551, -2.2757 ], [ 12.4479, -2.308 ], [ 12.4594, -2.33 ], [ 12.0624, -2.415 ], [ 12.0314, -2.4116 ], [ 12.0008, -2.3907 ], [ 11.967, -2.3486 ], [ 11.9385, -2.3292 ], [ 11.9072, -2.3446 ], [ 11.8647, -2.3582 ], [ 11.8287, -2.3654 ], [ 11.8068, -2.3743 ], [ 11.7726, -2.4055 ], [ 11.756, -2.4152 ], [ 11.7394, -2.4138 ], [ 11.7214, -2.4042 ], [ 11.6876, -2.3777 ], [ 11.6696, -2.3528 ], [ 11.6559, -2.3456 ], [ 11.6055, -2.3305 ], [ 11.5663, -2.3298 ], [ 11.5584, -2.3494 ], [ 11.5796, -2.4077 ], [ 11.5832, -2.4298 ], [ 11.576, -2.4852 ], [ 11.5767, -2.5026 ], [ 11.5843, -2.5237 ], [ 11.6095, -2.564 ], [ 11.6188, -2.5865 ], [ 11.6242, -2.6121 ], [ 11.6242, -2.6329 ], [ 11.6196, -2.6536 ], [ 11.6102, -2.6789 ], [ 11.5375, -2.7977 ], [ 11.5256, -2.8434 ], [ 11.5306, -2.8668 ], [ 11.5479, -2.864 ], [ 11.5886, -2.8355 ], [ 11.6167, -2.8268 ], [ 11.6368, -2.8333 ], [ 11.653, -2.8517 ], [ 11.6876, -2.9019 ], [ 11.7636, -2.9826 ], [ 11.7783, -3.0056 ], [ 11.7783, -3.0273 ], [ 11.7538, -3.0424 ], [ 11.7308, -3.0447 ], [ 11.7168, -3.0436 ], [ 11.7063, -3.05 ], [ 11.6934, -3.0748 ], [ 11.6883, -3.0924 ], [ 11.6872, -3.1616 ], [ 11.6858, -3.1672 ], [ 11.6876, -3.1711 ], [ 11.7038, -3.1854 ], [ 11.7607, -3.2091 ], [ 11.7816, -3.2217 ], [ 11.8219, -3.2549 ], [ 11.8582, -3.2721 ], [ 11.9058, -3.2851 ], [ 11.9443, -3.3033 ], [ 11.9551, -3.3355 ], [ 11.9414, -3.357 ], [ 11.8986, -3.3893 ], [ 11.8849, -3.4134 ], [ 11.8276, -3.5482 ], [ 11.8251, -3.5712 ], [ 11.8348, -3.5921 ], [ 11.8557, -3.6044 ], [ 11.8791, -3.6121 ], [ 11.8986, -3.6224 ], [ 11.9054, -3.6436 ], [ 11.8975, -3.6661 ], [ 11.8798, -3.6873 ], [ 11.8582, -3.7033 ], [ 11.8384, -3.711 ], [ 11.8197, -3.7104 ], [ 11.7621, -3.694 ], [ 11.742, -3.6917 ], [ 11.6876, -3.6989 ], [ 11.666, -3.6914 ], [ 11.6491, -3.6734 ], [ 11.5699, -3.545 ], [ 11.5328, -3.5165 ], [ 11.4828, -3.5094 ], [ 11.455, -3.5283 ], [ 11.4363, -3.559 ], [ 11.414, -3.5877 ], [ 11.3758, -3.6004 ], [ 11.3348, -3.6087 ], [ 11.3024, -3.6284 ], [ 11.2725, -3.6531 ], [ 11.2387, -3.6751 ], [ 11.2124, -3.6973 ], [ 11.1962, -3.7289 ], [ 11.1296, -3.9079 ], [ 11.1141, -3.9368 ], [ 11.0702, -3.9088 ] ] ], [ [ [ 9.0387, -0.7439 ], [ 9.0211, -0.7556 ], [ 9.0067, -0.7622 ], [ 8.993, -0.7612 ], [ 8.9771, -0.7506 ], [ 8.9685, -0.7374 ], [ 8.971, -0.6959 ], [ 8.9667, -0.6873 ], [ 8.953, -0.6729 ], [ 8.9494, -0.6619 ], [ 8.9494, -0.6507 ], [ 8.9516, -0.6431 ], [ 8.9631, -0.6277 ], [ 8.9743, -0.6171 ], [ 8.9962, -0.6038 ], [ 9.0045, -0.5929 ], [ 9.0099, -0.6029 ], [ 9.0103, -0.6111 ], [ 9.0059, -0.6171 ], [ 8.9973, -0.6202 ], [ 8.9973, -0.6277 ], [ 9.0333, -0.6355 ], [ 9.0416, -0.6699 ], [ 9.038, -0.7122 ], [ 9.0387, -0.7439 ] ] ], [ [ [ 9.3839, 0.8097 ], [ 9.3796, 0.807 ], [ 9.3767, 0.81 ], [ 9.3839, 0.8097 ] ] ] ] } },
{ "type": "Feature", "properties": { "z": "DRC_South", "ISO_A3": "COD", "c": "DRC" }, "geometry": { "type": "Polygon", "coordinates": [ [ [ 28.4841, -12.7223 ], [ 28.5003, -12.711 ], [ 28.5115, -12.6944 ], [ 28.5122, -12.6683 ], [ 28.5021, -12.6496 ], [ 28.4683, -12.6147 ], [ 28.456, -12.592 ], [ 28.4442, -12.562 ], [ 28.4395, -12.55 ], [ 28.4366, -12.5428 ], [ 28.4226, -12.5213 ], [ 28.3398, -12.4505 ], [ 28.3225, -12.4411 ], [ 28.3038, -12.4355 ], [ 28.284, -12.4341 ], [ 28.2638, -12.4369 ], [ 28.2375, -12.4371 ], [ 28.2199, -12.4253 ], [ 28.2051, -12.4109 ], [ 28.1857, -12.4024 ], [ 28.1608, -12.4087 ], [ 28.1461, -12.4232 ], [ 28.1401, -12.4256 ], [ 28.1313, -12.4292 ], [ 28.1123, -12.4144 ], [ 28.1068, -12.4102 ], [ 28.0968, -12.383 ], [ 28.0878, -12.3775 ], [ 28.014, -12.3705 ], [ 27.9808, -12.3745 ], [ 27.9585, -12.3678 ], [ 27.9552, -12.3567 ], [ 27.952, -12.3465 ], [ 27.9501, -12.3328 ], [ 27.9484, -12.3214 ], [ 27.934, -12.3034 ], [ 27.8772, -12.2699 ], [ 27.8566, -12.2625 ], [ 27.8314, -12.2599 ], [ 27.8181, -12.2678 ], [ 27.8073, -12.2814 ], [ 27.7882, -12.2965 ], [ 27.7566, -12.3043 ], [ 27.7108, -12.3063 ], [ 27.6662, -12.3027 ], [ 27.6381, -12.2937 ], [ 27.5953, -12.2473 ], [ 27.5362, -12.2001 ], [ 27.5204, -12.1796 ], [ 27.4768, -12.0557 ], [ 27.4718, -12.0417 ], [ 27.4675, -12.0016 ], [ 27.4643, -11.9961 ], [ 27.4207, -11.922 ], [ 27.2342, -11.8091 ], [ 27.2101, -11.722 ], [ 27.2119, -11.6883 ], [ 27.2076, -11.6394 ], [ 27.1971, -11.5937 ], [ 27.1802, -11.5697 ], [ 27.1737, -11.5705 ], [ 27.1449, -11.5813 ], [ 27.1021, -11.5849 ], [ 27.0643, -11.5972 ], [ 27.0616, -11.5973 ], [ 27.0546, -11.5976 ], [ 27.0469, -11.5964 ], [ 27.0326, -11.5943 ], [ 27.0236, -11.5956 ], [ 27.0103, -11.6099 ], [ 27.011, -11.6288 ], [ 27.0232, -11.6712 ], [ 27.0214, -11.6979 ], [ 27.011, -11.7132 ], [ 26.9962, -11.7271 ], [ 26.9811, -11.749 ], [ 26.9714, -11.7885 ], [ 26.9674, -11.8704 ], [ 26.9476, -11.9091 ], [ 26.9177, -11.9377 ], [ 26.917353333333281, -11.938046666666718 ], [ 26.9127, -11.9425 ], [ 26.8742, -11.9644 ], [ 26.8317, -11.9734 ], [ 26.7915, -11.9691 ], [ 26.7849, -11.9684 ], [ 26.7594, -11.9687 ], [ 26.7442, -11.9811 ], [ 26.7327, -11.9983 ], [ 26.7172, -12.013 ], [ 26.6971, -12.0175 ], [ 26.6798, -12.0096 ], [ 26.6629, -11.9966 ], [ 26.6522, -11.9905 ], [ 26.6434, -11.9856 ], [ 26.6182, -11.9803 ], [ 26.606, -11.9778 ], [ 26.5845, -11.9763 ], [ 26.57746907216492, -11.975827491408934 ], [ 26.525, -11.9722 ], [ 26.489, -11.9608 ], [ 26.4382, -11.919 ], [ 26.4243, -11.9148 ], [ 26.4145, -11.9119 ], [ 26.3763, -11.9129 ], [ 26.3392, -11.919 ], [ 26.3288, -11.9233 ], [ 26.309, -11.9365 ], [ 26.2978, -11.9412 ], [ 26.2863, -11.9406 ], [ 26.2855, -11.9402 ], [ 26.2654, -11.9309 ], [ 26.2429, -11.9323 ], [ 26.2294, -11.9332 ], [ 26.2093, -11.9236 ], [ 26.1891, -11.9109 ], [ 26.1668, -11.9024 ], [ 25.994, -11.9048 ], [ 25.981, -11.903 ], [ 25.9634, -11.8951 ], [ 25.9561, -11.8784 ], [ 25.9497, -11.8639 ], [ 25.9357, -11.8536 ], [ 25.9141, -11.8456 ], [ 25.8908, -11.8265 ], [ 25.874992439863036, -11.813647766323424 ], [ 25.8507, -11.7938 ], [ 25.8399, -11.7919 ], [ 25.8324, -11.7938 ], [ 25.8126, -11.803 ], [ 25.8018, -11.8042 ], [ 25.7442, -11.8038 ], [ 25.7258, -11.8005 ], [ 25.6873, -11.7788 ], [ 25.6556, -11.7504 ], [ 25.6292, -11.7338 ], [ 25.6214, -11.729 ], [ 25.5757, -11.7274 ], [ 25.5678, -11.7337 ], [ 25.5609, -11.7533 ], [ 25.5375, -11.7583 ], [ 25.5246, -11.7709 ], [ 25.5152, -11.7758 ], [ 25.4954, -11.7765 ], [ 25.4933, -11.7755 ], [ 25.4869, -11.7686 ], [ 25.4994, -11.7536 ], [ 25.4963, -11.7326 ], [ 25.5317, -11.7393 ], [ 25.5517, -11.7272 ], [ 25.5724, -11.7021 ], [ 25.5781, -11.6885 ], [ 25.5999, -11.6731 ], [ 25.6118, -11.6502 ], [ 25.6305, -11.6553 ], [ 25.6566, -11.647 ], [ 25.6824, -11.6205 ], [ 25.676, -11.5902 ], [ 25.6897, -11.5615 ], [ 25.7287, -11.5231 ], [ 25.7349, -11.4782 ], [ 25.7748, -11.4582 ], [ 25.7736, -11.4343 ], [ 25.7815, -11.4112 ], [ 25.7779, -11.4016 ], [ 25.756, -11.3809 ], [ 25.7566, -11.3386 ], [ 25.7706, -11.3114 ], [ 25.803, -11.2835 ], [ 25.8154, -11.2609 ], [ 25.8148, -11.242 ], [ 25.7905, -11.2037 ], [ 25.7906, -11.1607 ], [ 25.7935, -11.1326 ], [ 25.8494, -11.0972 ], [ 25.8542, -11.0747 ], [ 25.8796, -11.0395 ], [ 25.877, -11.0161 ], [ 25.9248, -10.9719 ], [ 25.9315, -10.9622 ], [ 25.9492, -10.9563 ], [ 25.9731, -10.9629 ], [ 25.9952, -10.964 ], [ 26.0652, -10.9794 ], [ 26.1168, -10.9541 ], [ 26.1493, -10.9133 ], [ 26.1509, -10.8951 ], [ 26.1666, -10.8831 ], [ 26.2024, -10.8802 ], [ 26.215, -10.8837 ], [ 26.2269, -10.9047 ], [ 26.2241, -10.9171 ], [ 26.2343, -10.9368 ], [ 26.2553, -10.9515 ], [ 26.2646, -10.9518 ], [ 26.2726, -10.9931 ], [ 26.2868, -10.9984 ], [ 26.3108, -11.0485 ], [ 26.3309, -11.0612 ], [ 26.3147, -11.0997 ], [ 26.323, -11.1205 ], [ 26.3164, -11.1477 ], [ 26.3219, -11.1636 ], [ 26.3202, -11.1835 ], [ 26.3091, -11.2048 ], [ 26.318, -11.213 ], [ 26.3604, -11.2287 ], [ 26.3488, -11.1708 ], [ 26.3552, -11.1531 ], [ 26.3558, -11.11 ], [ 26.3442, -11.0575 ], [ 26.3488, -11.0317 ], [ 26.3609, -11.0085 ], [ 26.3963, -10.9532 ], [ 26.4081, -10.9295 ], [ 26.4189, -10.918 ], [ 26.4404, -10.9092 ], [ 26.4669, -10.9122 ], [ 26.5141, -10.8935 ], [ 26.5496, -10.8984 ], [ 26.5659, -10.8816 ], [ 26.5615, -10.8576 ], [ 26.5616, -10.8119 ], [ 26.5685, -10.7969 ], [ 26.5823, -10.7869 ], [ 26.5952, -10.7676 ], [ 26.6062, -10.7404 ], [ 26.5997, -10.7275 ], [ 26.5711, -10.7076 ], [ 26.5166, -10.6863 ], [ 26.5102, -10.6744 ], [ 26.5549, -10.628 ], [ 26.5663, -10.6005 ], [ 26.5196, -10.5864 ], [ 26.5097, -10.5617 ], [ 26.4874, -10.5448 ], [ 26.4751, -10.5118 ], [ 26.4561, -10.5013 ], [ 26.4849, -10.4797 ], [ 26.5083, -10.4741 ], [ 26.5362, -10.4794 ], [ 26.5856, -10.4698 ], [ 26.6316, -10.4697 ], [ 26.6644, -10.461 ], [ 26.6804, -10.4659 ], [ 26.718, -10.4649 ], [ 26.7362, -10.4699 ], [ 26.8204, -10.4649 ], [ 26.8816, -10.4892 ], [ 26.897, -10.5047 ], [ 26.9135, -10.5133 ], [ 26.9236, -10.5304 ], [ 26.9205, -10.5632 ], [ 26.9283, -10.6013 ], [ 26.9465, -10.6069 ], [ 26.9563, -10.5755 ], [ 26.9804, -10.5576 ], [ 27.022, -10.5594 ], [ 27.0437, -10.5511 ], [ 27.0731, -10.5634 ], [ 27.1019, -10.5468 ], [ 27.1032, -10.5277 ], [ 27.136, -10.485 ], [ 27.1602, -10.4624 ], [ 27.188, -10.4296 ], [ 27.1552, -10.3887 ], [ 27.1305, -10.35 ], [ 27.1056, -10.3208 ], [ 27.0512, -10.2857 ], [ 27.015, -10.2597 ], [ 26.9822, -10.2258 ], [ 26.9807, -10.2109 ], [ 27.0109, -10.1669 ], [ 27.0426, -10.1068 ], [ 27.0763, -10.0685 ], [ 27.0998, -10.0294 ], [ 27.085, -9.9913 ], [ 27.0644, -9.9688 ], [ 27.0633, -9.9497 ], [ 27.0732, -9.9303 ], [ 27.0697, -9.916 ], [ 27.0455, -9.9135 ], [ 27.0339, -9.9218 ], [ 27.0164, -9.9191 ], [ 27.0064, -9.9434 ], [ 26.9901, -9.9386 ], [ 26.9843, -9.9555 ], [ 26.9593, -9.9582 ], [ 26.9492, -9.954 ], [ 26.9395, -9.9672 ], [ 26.9088, -9.9642 ], [ 26.8843, -9.9664 ], [ 26.8887, -9.9811 ], [ 26.8552, -9.9779 ], [ 26.8361, -9.9872 ], [ 26.8311, -10.0116 ], [ 26.8148, -10.0195 ], [ 26.79, -10.0237 ], [ 26.7636, -10.0066 ], [ 26.7818, -9.9793 ], [ 26.7823, -9.9362 ], [ 26.7734, -9.9131 ], [ 26.6472, -9.9112 ], [ 26.6191, -9.9207 ], [ 26.5993, -9.9214 ], [ 26.5799, -9.912 ], [ 26.5462, -9.9065 ], [ 26.5141, -9.9053 ], [ 26.4792, -9.8907 ], [ 26.4432, -9.8983 ], [ 26.4228, -9.8966 ], [ 26.404, -9.874 ], [ 26.3789, -9.8691 ], [ 26.3602, -9.8542 ], [ 26.3168, -9.8569 ], [ 26.299, -9.8844 ], [ 26.2827, -9.8841 ], [ 26.2699, -9.8668 ], [ 26.2671, -9.8221 ], [ 26.2852, -9.793 ], [ 26.2921, -9.764 ], [ 26.3212, -9.7342 ], [ 26.3384, -9.7208 ], [ 26.3301, -9.6911 ], [ 26.335, -9.6715 ], [ 26.3523, -9.6545 ], [ 26.3326, -9.6412 ], [ 26.301, -9.6553 ], [ 26.28, -9.6697 ], [ 26.2603, -9.6733 ], [ 26.2429, -9.6858 ], [ 26.2201, -9.7107 ], [ 26.2051, -9.7107 ], [ 26.1923, -9.7003 ], [ 26.1648, -9.7102 ], [ 26.1485, -9.7066 ], [ 26.123, -9.7207 ], [ 26.1041, -9.7113 ], [ 26.0462, -9.7222 ], [ 26.0326, -9.7197 ], [ 26.0355, -9.6779 ], [ 25.9591, -9.7 ], [ 25.9148, -9.6991 ], [ 25.845, -9.6575 ], [ 25.8245, -9.6331 ], [ 25.7431, -9.5981 ], [ 25.684, -9.5516 ], [ 25.6547, -9.519 ], [ 25.6451, -9.493 ], [ 25.6264, -9.4934 ], [ 25.6002, -9.513 ], [ 25.5786, -9.5165 ], [ 25.5377, -9.5052 ], [ 25.5097, -9.5025 ], [ 25.5026, -9.5086 ], [ 25.498, -9.5357 ], [ 25.4903, -9.5505 ], [ 25.4967, -9.5865 ], [ 25.5153, -9.6204 ], [ 25.4893, -9.6404 ], [ 25.5243, -9.6621 ], [ 25.5208, -9.7231 ], [ 25.5388, -9.741 ], [ 25.5382, -9.7663 ], [ 25.5446, -9.7787 ], [ 25.5416, -9.7941 ], [ 25.5246, -9.8003 ], [ 25.4936, -9.8219 ], [ 25.4791, -9.8243 ], [ 25.4507, -9.8164 ], [ 25.4308, -9.8156 ], [ 25.3963, -9.8286 ], [ 25.3345, -9.8563 ], [ 25.3216, -9.86 ], [ 25.1643, -9.9256 ], [ 25.1445, -9.9515 ], [ 25.1283, -9.9799 ], [ 25.1069, -9.9811 ], [ 25.0854, -9.9754 ], [ 25.0365, -10.008 ], [ 25.0192, -10.0147 ], [ 24.9833, -10.0164 ], [ 24.983, -10.0382 ], [ 25.017, -10.0393 ], [ 25.0721, -10.0498 ], [ 25.062, -10.0683 ], [ 25.0387, -10.0805 ], [ 25.0264, -10.0813 ], [ 24.9961, -10.0951 ], [ 24.9768, -10.1194 ], [ 24.9303, -10.1299 ], [ 24.9164, -10.1213 ], [ 24.9011, -10.0825 ], [ 24.8882, -10.0633 ], [ 24.8555, -10.0387 ], [ 24.8436, -10.0605 ], [ 24.8145, -10.0827 ], [ 24.7804, -10.0653 ], [ 24.7518, -10.0599 ], [ 24.7227, -10.0264 ], [ 24.7253, -10.0048 ], [ 24.712, -9.9927 ], [ 24.6973, -10.0167 ], [ 24.7007, -10.0344 ], [ 24.6929, -10.0508 ], [ 24.6714, -10.0567 ], [ 24.6443, -10.0585 ], [ 24.6248, -10.0644 ], [ 24.6078, -10.0769 ], [ 24.5928, -10.0949 ], [ 24.5761, -10.098 ], [ 24.559, -10.0649 ], [ 24.5329, -10.0342 ], [ 24.463, -9.9815 ], [ 24.4496, -10.0154 ], [ 24.4163, -10.0568 ], [ 24.4062, -10.0925 ], [ 24.3882, -10.0737 ], [ 24.3887, -10.0551 ], [ 24.3745, -10.0364 ], [ 24.3735, -10.0198 ], [ 24.3622, -9.987 ], [ 24.3302, -9.9888 ], [ 24.3069, -10.0172 ], [ 24.2963, -10.0226 ], [ 24.292, -10.0451 ], [ 24.264, -10.0063 ], [ 24.2269, -9.9929 ], [ 24.2058, -10.0047 ], [ 24.1839, -10.0025 ], [ 24.1642, -10.0143 ], [ 24.1435, -10.0094 ], [ 24.1222, -10.0124 ], [ 24.1036, -10.0084 ], [ 24.0859, -9.9927 ], [ 24.085, -9.9564 ], [ 24.1058, -9.9363 ], [ 24.1045, -9.9142 ], [ 24.0599, -9.8976 ], [ 24.0335, -9.8985 ], [ 24.0199, -9.8792 ], [ 24.0276, -9.8412 ], [ 24.013, -9.8356 ], [ 24.0401, -9.7851 ], [ 24.082, -9.7364 ], [ 24.1065, -9.7229 ], [ 24.1187, -9.667 ], [ 24.132, -9.643 ], [ 24.1296, -9.6263 ], [ 24.1179, -9.5997 ], [ 24.1228, -9.5684 ], [ 24.1514, -9.5046 ], [ 24.1529, -9.4848 ], [ 24.1627, -9.459 ], [ 24.1456, -9.4182 ], [ 24.1517, -9.3995 ], [ 24.1419, -9.3849 ], [ 24.1404, -9.3628 ], [ 24.1481, -9.3387 ], [ 24.1858, -9.3037 ], [ 24.2115, -9.3204 ], [ 24.2333, -9.3109 ], [ 24.2466, -9.289 ], [ 24.2684, -9.2757 ], [ 24.3071, -9.2695 ], [ 24.3299, -9.2705 ], [ 24.3782, -9.2802 ], [ 24.3969, -9.2885 ], [ 24.411, -9.3033 ], [ 24.461, -9.2998 ], [ 24.5368, -9.3006 ], [ 24.5701, -9.2935 ], [ 24.5753, -9.2774 ], [ 24.5542, -9.2566 ], [ 24.5195, -9.2523 ], [ 24.489, -9.2351 ], [ 24.4892, -9.219 ], [ 24.4736, -9.2034 ], [ 24.4548, -9.202 ], [ 24.4347, -9.1764 ], [ 24.3946, -9.1573 ], [ 24.3809, -9.1443 ], [ 24.3366, -9.1253 ], [ 24.3236, -9.1132 ], [ 24.3158, -9.0882 ], [ 24.2854, -9.0674 ], [ 24.2668, -9.0453 ], [ 24.2515, -9.0079 ], [ 24.2521, -8.9849 ], [ 24.2455, -8.9762 ], [ 24.2238, -8.9669 ], [ 24.2119, -8.9548 ], [ 24.193, -8.9558 ], [ 24.1469, -8.9423 ], [ 24.106, -8.9365 ], [ 24.0992, -8.9242 ], [ 24.1103, -8.9093 ], [ 24.0997, -8.8967 ], [ 24.0739, -8.8885 ], [ 23.9801, -8.8028 ], [ 23.9686, -8.7771 ], [ 23.9497, -8.7788 ], [ 23.9354, -8.7701 ], [ 23.9112, -8.7905 ], [ 23.8987, -8.7797 ], [ 23.8715, -8.7878 ], [ 23.8376, -8.7848 ], [ 23.8051, -8.7769 ], [ 23.7717, -8.7771 ], [ 23.7484, -8.767 ], [ 23.729, -8.7813 ], [ 23.6961, -8.7046 ], [ 23.6909, -8.6739 ], [ 23.6928, -8.6297 ], [ 23.6781, -8.601 ], [ 23.6792, -8.5845 ], [ 23.6884, -8.572 ], [ 23.6787, -8.5542 ], [ 23.6511, -8.5347 ], [ 23.6401, -8.4817 ], [ 23.6455, -8.456 ], [ 23.6676, -8.4343 ], [ 23.6751, -8.4109 ], [ 23.6819, -8.3672 ], [ 23.6896, -8.338 ], [ 23.69, -8.3155 ], [ 23.7013, -8.276 ], [ 23.7006, -8.2503 ], [ 23.6847, -8.2008 ], [ 23.7008, -8.136 ], [ 23.6938, -8.1158 ], [ 23.6928, -8.0899 ], [ 23.6678, -8.0491 ], [ 23.6741, -8.0293 ], [ 23.6911, -8.0 ], [ 23.6826, -7.9813 ], [ 23.6884, -7.9675 ], [ 23.6912, -7.9448 ], [ 23.7177, -7.9079 ], [ 23.7166, -7.8803 ], [ 23.7357, -7.8583 ], [ 23.756, -7.8241 ], [ 23.8011, -7.8664 ], [ 23.8146, -7.9362 ], [ 23.8223, -7.9252 ], [ 23.8191, -7.8951 ], [ 23.8241, -7.8867 ], [ 23.8577, -7.8736 ], [ 23.9025, -7.8628 ], [ 23.9549, -7.8333 ], [ 23.9598, -7.8002 ], [ 23.9481, -7.7745 ], [ 23.9223, -7.7281 ], [ 23.9198, -7.7178 ], [ 23.9281, -7.6914 ], [ 23.9219, -7.6808 ], [ 23.9309, -7.6615 ], [ 23.9231, -7.637 ], [ 23.9258, -7.6172 ], [ 23.9364, -7.5952 ], [ 23.93, -7.5715 ], [ 23.9215, -7.566 ], [ 23.9351, -7.5484 ], [ 23.9273, -7.5295 ], [ 23.9469, -7.5125 ], [ 23.9487, -7.4976 ], [ 23.9638, -7.4719 ], [ 23.9718, -7.4453 ], [ 23.9794, -7.3883 ], [ 24.0006, -7.3652 ], [ 23.9879, -7.3493 ], [ 23.9663, -7.3415 ], [ 23.9617, -7.3265 ], [ 23.9744, -7.3114 ], [ 23.9711, -7.302 ], [ 23.9799, -7.265 ], [ 23.9654, -7.2367 ], [ 23.9611, -7.2103 ], [ 23.9839, -7.1846 ], [ 24.0145, -7.1635 ], [ 24.0315, -7.1221 ], [ 24.0504, -7.1098 ], [ 24.0665, -7.068 ], [ 24.0918, -7.0618 ], [ 24.1217, -7.0673 ], [ 24.1243, -7.0503 ], [ 24.1411, -7.0506 ], [ 24.1475, -7.017 ], [ 24.1314, -6.9995 ], [ 24.1494, -6.9888 ], [ 24.14, -6.9593 ], [ 24.1266, -6.9609 ], [ 24.1252, -6.9439 ], [ 24.1487, -6.9426 ], [ 24.1581, -6.9288 ], [ 24.147, -6.9196 ], [ 24.1508, -6.9012 ], [ 24.1874, -6.9109 ], [ 24.2012, -6.9258 ], [ 24.2281, -6.9741 ], [ 24.2255, -7.0171 ], [ 24.2499, -7.0205 ], [ 24.2665, -7.0173 ], [ 24.2973, -7.0332 ], [ 24.3224, -7.0502 ], [ 24.3451, -7.0587 ], [ 24.3796, -7.0581 ], [ 24.3974, -7.0463 ], [ 24.452, -7.0539 ], [ 24.483, -7.0541 ], [ 24.5046, -7.0442 ], [ 24.5162, -6.9959 ], [ 24.5293, -6.9876 ], [ 24.5538, -7.0129 ], [ 24.6195, -6.9833 ], [ 24.644, -6.9802 ], [ 24.6437, -6.9607 ], [ 24.6564, -6.9508 ], [ 24.6904, -6.9531 ], [ 24.7169, -6.9263 ], [ 24.7341, -6.9028 ], [ 24.7488, -6.8899 ], [ 24.7769, -6.8918 ], [ 24.7902, -6.8688 ], [ 24.8169, -6.8417 ], [ 24.8475, -6.8272 ], [ 24.8408, -6.7947 ], [ 24.8481, -6.7835 ], [ 24.8755, -6.7578 ], [ 24.8945, -6.7506 ], [ 24.9264, -6.7502 ], [ 24.9324, -6.7461 ], [ 24.9275, -6.7104 ], [ 24.9442, -6.6993 ], [ 25.0102, -6.6982 ], [ 25.0218, -6.6858 ], [ 25.0342, -6.6582 ], [ 25.0493, -6.6585 ], [ 25.067, -6.6726 ], [ 25.0968, -6.6764 ], [ 25.1094, -6.6837 ], [ 25.1426, -6.6914 ], [ 25.1594, -6.6799 ], [ 25.1814, -6.6731 ], [ 25.1952, -6.6804 ], [ 25.2225, -6.7094 ], [ 25.2414, -6.7214 ], [ 25.2662, -6.7302 ], [ 25.284, -6.7565 ], [ 25.3009, -6.7672 ], [ 25.2985, -6.805 ], [ 25.3102, -6.8086 ], [ 25.3376, -6.8049 ], [ 25.3774, -6.787 ], [ 25.4217, -6.749 ], [ 25.4329, -6.7332 ], [ 25.4483, -6.724 ], [ 25.4382, -6.7077 ], [ 25.4407, -6.6895 ], [ 25.4616, -6.6601 ], [ 25.4669, -6.6251 ], [ 25.4583, -6.5934 ], [ 25.4447, -6.5792 ], [ 25.4293, -6.5762 ], [ 25.4111, -6.5617 ], [ 25.4084, -6.545 ], [ 25.3911, -6.5351 ], [ 25.3739, -6.5413 ], [ 25.3591, -6.5342 ], [ 25.3292, -6.5066 ], [ 25.3057, -6.4715 ], [ 25.2818, -6.4609 ], [ 25.2724, -6.4416 ], [ 25.3063, -6.4164 ], [ 25.3057, -6.3949 ], [ 25.2933, -6.3363 ], [ 25.2959, -6.3275 ], [ 25.3682, -6.3026 ], [ 25.3885, -6.3008 ], [ 25.4153, -6.3193 ], [ 25.4399, -6.318 ], [ 25.4868, -6.2943 ], [ 25.4959, -6.3092 ], [ 25.5368, -6.3065 ], [ 25.5614, -6.2864 ], [ 25.5873, -6.2793 ], [ 25.636, -6.2753 ], [ 25.6432, -6.2693 ], [ 25.671, -6.2656 ], [ 25.6847, -6.2569 ], [ 25.6912, -6.238 ], [ 25.7093, -6.2276 ], [ 25.7219, -6.2274 ], [ 25.7359, -6.217 ], [ 25.7777, -6.2041 ], [ 25.7973, -6.1947 ], [ 25.8115, -6.1767 ], [ 25.814, -6.1641 ], [ 25.8034, -6.1514 ], [ 25.8291, -6.144 ], [ 25.8471, -6.1489 ], [ 25.8657, -6.1626 ], [ 25.883, -6.1684 ], [ 25.9393, -6.2055 ], [ 25.9522, -6.2186 ], [ 25.949, -6.2475 ], [ 25.9598, -6.2649 ], [ 25.9771, -6.2732 ], [ 25.9859, -6.2195 ], [ 26.0057, -6.2055 ], [ 26.0199, -6.2104 ], [ 26.028, -6.2626 ], [ 26.0552, -6.2664 ], [ 26.0722, -6.2961 ], [ 26.0851, -6.2967 ], [ 26.1127, -6.2857 ], [ 26.1165, -6.2955 ], [ 26.1051, -6.3197 ], [ 26.0635, -6.377 ], [ 26.0512, -6.4176 ], [ 26.0241, -6.4336 ], [ 26.0104, -6.4363 ], [ 25.9879, -6.4238 ], [ 25.9811, -6.4442 ], [ 25.9846, -6.4632 ], [ 25.9458, -6.4609 ], [ 25.9437, -6.4659 ], [ 25.9491, -6.5168 ], [ 25.9479, -6.537 ], [ 25.9303, -6.5548 ], [ 25.9373, -6.578 ], [ 25.9345, -6.6019 ], [ 25.9837, -6.6064 ], [ 25.9997, -6.6243 ], [ 26.0171, -6.6535 ], [ 26.0062, -6.7021 ], [ 26.0105, -6.7114 ], [ 26.0317, -6.7129 ], [ 26.037, -6.7508 ], [ 26.0604, -6.7595 ], [ 26.0854, -6.7637 ], [ 26.0908, -6.7896 ], [ 26.1336, -6.7953 ], [ 26.1348, -6.8138 ], [ 26.0948, -6.8194 ], [ 26.0798, -6.8425 ], [ 26.0756, -6.863 ], [ 26.045, -6.871 ], [ 26.0408, -6.8885 ], [ 26.0525, -6.9 ], [ 26.1086, -6.9106 ], [ 26.1139, -6.9215 ], [ 26.0943, -6.9474 ], [ 26.1016, -6.96 ], [ 26.1503, -6.962 ], [ 26.1763, -6.9442 ], [ 26.2168, -6.9429 ], [ 26.2207, -6.9684 ], [ 26.2132, -6.9865 ], [ 26.2348, -7.0308 ], [ 26.2698, -7.0439 ], [ 26.287, -7.0366 ], [ 26.2984, -7.013 ], [ 26.315, -7.0212 ], [ 26.3388, -7.0437 ], [ 26.363, -7.0503 ], [ 26.3999, -7.0518 ], [ 26.4191, -7.0369 ], [ 26.4857, -7.0618 ], [ 26.4775, -7.0904 ], [ 26.4815, -7.1029 ], [ 26.4692, -7.1443 ], [ 26.4572, -7.152 ], [ 26.4072, -7.1605 ], [ 26.3859, -7.21 ], [ 26.378, -7.2431 ], [ 26.3785, -7.2699 ], [ 26.3524, -7.3272 ], [ 26.3729, -7.3743 ], [ 26.3962, -7.37 ], [ 26.4177, -7.418 ], [ 26.4337, -7.4161 ], [ 26.4362, -7.3988 ], [ 26.4219, -7.3739 ], [ 26.4346, -7.3578 ], [ 26.4545, -7.3724 ], [ 26.4608, -7.3842 ], [ 26.4714, -7.4328 ], [ 26.4909, -7.4094 ], [ 26.5105, -7.4084 ], [ 26.525, -7.4178 ], [ 26.5345, -7.4582 ], [ 26.5493, -7.4662 ], [ 26.5771, -7.4689 ], [ 26.6124, -7.5 ], [ 26.6304, -7.5083 ], [ 26.6511, -7.511 ], [ 26.6501, -7.5329 ], [ 26.6611, -7.553 ], [ 26.6915, -7.5458 ], [ 26.7011, -7.5331 ], [ 26.7362, -7.5504 ], [ 26.7528, -7.5466 ], [ 26.7637, -7.5353 ], [ 26.7848, -7.5356 ], [ 26.8083, -7.5512 ], [ 26.8111, -7.5757 ], [ 26.8261, -7.5762 ], [ 26.8145, -7.5968 ], [ 26.808, -7.626 ], [ 26.8656, -7.6312 ], [ 26.8868, -7.6371 ], [ 26.9248, -7.6414 ], [ 26.9694, -7.6324 ], [ 26.9972, -7.6367 ], [ 27.0541, -7.6293 ], [ 27.0879, -7.6347 ], [ 27.14, -7.6219 ], [ 27.1908, -7.6152 ], [ 27.215, -7.6146 ], [ 27.2255, -7.5593 ], [ 27.219, -7.532 ], [ 27.2277, -7.4956 ], [ 27.2374, -7.491 ], [ 27.2556, -7.4981 ], [ 27.2685, -7.521 ], [ 27.2854, -7.5414 ], [ 27.354, -7.5389 ], [ 27.3684, -7.5127 ], [ 27.4029, -7.4967 ], [ 27.4199, -7.4788 ], [ 27.4394, -7.4725 ], [ 27.4475, -7.489 ], [ 27.4418, -7.5134 ], [ 27.4428, -7.534 ], [ 27.464, -7.5262 ], [ 27.4978, -7.5195 ], [ 27.5033, -7.5135 ], [ 27.4998, -7.4849 ], [ 27.5289, -7.4849 ], [ 27.553, -7.4988 ], [ 27.5753, -7.5049 ], [ 27.5976, -7.5267 ], [ 27.5861, -7.5606 ], [ 27.5949, -7.5771 ], [ 27.615, -7.5837 ], [ 27.624, -7.5952 ], [ 27.6262, -7.6119 ], [ 27.6613, -7.6515 ], [ 27.6736, -7.6728 ], [ 27.6415, -7.6911 ], [ 27.6318, -7.7033 ], [ 27.6268, -7.7348 ], [ 27.6301, -7.7858 ], [ 27.6397, -7.8064 ], [ 27.692, -7.8658 ], [ 27.7041, -7.8749 ], [ 27.7343, -7.8779 ], [ 27.7743, -7.8633 ], [ 27.7895, -7.8432 ], [ 27.8078, -7.8489 ], [ 27.808, -7.8813 ], [ 27.8481, -7.8882 ], [ 27.8542, -7.9203 ], [ 27.8412, -7.9431 ], [ 27.8415, -7.956 ], [ 27.828, -7.9856 ], [ 27.8076, -8.0154 ], [ 27.7817, -8.0603 ], [ 27.7449, -8.0859 ], [ 27.7375, -8.1071 ], [ 27.7088, -8.135 ], [ 27.716, -8.1562 ], [ 27.7407, -8.1316 ], [ 27.762, -8.1388 ], [ 27.8007, -8.1337 ], [ 27.8473, -8.1203 ], [ 27.8375, -8.1445 ], [ 27.8193, -8.1615 ], [ 27.7932, -8.1755 ], [ 27.752, -8.2083 ], [ 27.7307, -8.2325 ], [ 27.7609, -8.241 ], [ 27.7437, -8.2816 ], [ 27.7516, -8.287 ], [ 27.7766, -8.2639 ], [ 27.7846, -8.2362 ], [ 27.8073, -8.2062 ], [ 27.8272, -8.1851 ], [ 27.8407, -8.1812 ], [ 27.8403, -8.2065 ], [ 27.8339, -8.2463 ], [ 27.8515, -8.2445 ], [ 27.8745, -8.2511 ], [ 27.8981, -8.2457 ], [ 27.9047, -8.2602 ], [ 27.9603, -8.2723 ], [ 27.9718, -8.2565 ], [ 27.9719, -8.2419 ], [ 27.981, -8.228 ], [ 27.9855, -8.2687 ], [ 27.9908, -8.2787 ], [ 27.9858, -8.3038 ], [ 27.9773, -8.3164 ], [ 27.9859, -8.3475 ], [ 27.9843, -8.361 ], [ 27.9956, -8.3721 ], [ 28.0208, -8.3858 ], [ 28.0301, -8.4001 ], [ 28.0705, -8.412 ], [ 28.0893, -8.4039 ], [ 28.0729, -8.3642 ], [ 28.0838, -8.3557 ], [ 28.0977, -8.3593 ], [ 28.108, -8.3418 ], [ 28.1317, -8.3369 ], [ 28.1613, -8.3167 ], [ 28.1859, -8.2788 ], [ 28.2033, -8.2744 ], [ 28.2198, -8.2544 ], [ 28.2319, -8.2489 ], [ 28.2621, -8.2537 ], [ 28.2638, -8.281 ], [ 28.2722, -8.284 ], [ 28.3031, -8.2803 ], [ 28.3383, -8.2451 ], [ 28.3918, -8.1996 ], [ 28.4082, -8.1833 ], [ 28.4324, -8.1675 ], [ 28.4404, -8.1535 ], [ 28.4261, -8.1008 ], [ 28.4294, -8.048 ], [ 28.4798, -8.0092 ], [ 28.5263, -7.9066 ], [ 28.5261, -7.8818 ], [ 28.5038, -7.8669 ], [ 28.4709, -7.8597 ], [ 28.432, -7.8382 ], [ 28.4252, -7.8106 ], [ 28.3781, -7.7882 ], [ 28.3606, -7.7864 ], [ 28.3558, -7.7755 ], [ 28.368, -7.7549 ], [ 28.3972, -7.7221 ], [ 28.4131, -7.6875 ], [ 28.4415, -7.6881 ], [ 28.461, -7.6793 ], [ 28.4806, -7.6404 ], [ 28.5061, -7.6286 ], [ 28.5481, -7.6227 ], [ 28.5623, -7.6355 ], [ 28.5806, -7.6421 ], [ 28.6099, -7.6612 ], [ 28.6127, -7.6733 ], [ 28.6328, -7.6847 ], [ 28.623, -7.7244 ], [ 28.6228, -7.748 ], [ 28.6379, -7.7732 ], [ 28.651, -7.8105 ], [ 28.6487, -7.8208 ], [ 28.6855, -7.8354 ], [ 28.6824, -7.8558 ], [ 28.6585, -7.878 ], [ 28.6565, -7.8926 ], [ 28.6909, -7.893 ], [ 28.7263, -7.9159 ], [ 28.7474, -7.9156 ], [ 28.7584, -7.9266 ], [ 28.771, -7.9702 ], [ 28.7905, -7.978 ], [ 28.83, -7.9765 ], [ 28.854, -7.9584 ], [ 28.8611, -7.9334 ], [ 28.878, -7.9204 ], [ 28.8739, -7.9065 ], [ 28.8832, -7.8875 ], [ 28.8907, -7.8588 ], [ 28.904, -7.8469 ], [ 28.9094, -7.8234 ], [ 28.9443, -7.8496 ], [ 28.9621, -7.8698 ], [ 28.9738, -7.8728 ], [ 29.0169, -7.8702 ], [ 29.0204, -7.8897 ], [ 29.0397, -7.8923 ], [ 29.08, -7.8697 ], [ 29.1128, -7.8653 ], [ 29.1064, -7.8412 ], [ 29.1169, -7.8315 ], [ 29.0958, -7.8068 ], [ 29.113, -7.7804 ], [ 29.0983, -7.7586 ], [ 29.1109, -7.751 ], [ 29.133, -7.7497 ], [ 29.148, -7.7398 ], [ 29.1714, -7.7708 ], [ 29.2067, -7.7819 ], [ 29.2259, -7.7615 ], [ 29.263, -7.7292 ], [ 29.3153, -7.7348 ], [ 29.3377, -7.7506 ], [ 29.3593, -7.7574 ], [ 29.4171, -7.7325 ], [ 29.4431, -7.7349 ], [ 29.4382, -7.7632 ], [ 29.4467, -7.7868 ], [ 29.4635, -7.7933 ], [ 29.4836, -7.8128 ], [ 29.4858, -7.8588 ], [ 29.5037, -7.8755 ], [ 29.5179, -7.8711 ], [ 29.5366, -7.8441 ], [ 29.5554, -7.8369 ], [ 29.5668, -7.8203 ], [ 29.5826, -7.8351 ], [ 29.5879, -7.8492 ], [ 29.624, -7.912 ], [ 29.626, -7.9347 ], [ 29.6358, -7.9399 ], [ 29.6524, -7.9308 ], [ 29.6607, -7.9467 ], [ 29.6686, -7.9958 ], [ 29.6486, -8.0517 ], [ 29.6456, -8.0791 ], [ 29.639, -8.0924 ], [ 29.619, -8.103 ], [ 29.583, -8.1105 ], [ 29.5727, -8.1299 ], [ 29.5832, -8.1683 ], [ 29.5601, -8.1817 ], [ 29.5433, -8.1806 ], [ 29.5265, -8.1539 ], [ 29.5202, -8.1871 ], [ 29.5191, -8.2283 ], [ 29.5284, -8.2376 ], [ 29.5389, -8.28 ], [ 29.5511, -8.2945 ], [ 29.5564, -8.3317 ], [ 29.575, -8.3596 ], [ 29.6021, -8.3686 ], [ 28.9154, -8.4729 ], [ 28.908386666666718, -8.475646666666647 ], [ 28.8939, -8.4813 ], [ 28.8891, -8.4832 ], [ 28.8927, -8.5019 ], [ 28.9356, -8.5908 ], [ 28.9305, -8.6799 ], [ 28.8931, -8.7658 ], [ 28.7653, -8.9341 ], [ 28.599, -9.0964 ], [ 28.5061, -9.1644 ], [ 28.415, -9.2072 ], [ 28.3722, -9.2351 ], [ 28.3524, -9.272 ], [ 28.3686, -9.3086 ], [ 28.4114, -9.3249 ], [ 28.4604, -9.3351 ], [ 28.4953, -9.3533 ], [ 28.5158, -9.3783 ], [ 28.518, -9.3975 ], [ 28.5147, -9.43 ], [ 28.5198, -9.4457 ], [ 28.5316, -9.4569 ], [ 28.5558, -9.4745 ], [ 28.556, -9.4749 ], [ 28.5626, -9.4849 ], [ 28.5669, -9.4959 ], [ 28.5691, -9.526 ], [ 28.5741, -9.5392 ], [ 28.5864, -9.544 ], [ 28.6177, -9.5433 ], [ 28.6112, -9.551 ], [ 28.5885, -9.5583 ], [ 28.5835, -9.5638 ], [ 28.5874, -9.5732 ], [ 28.6065, -9.5944 ], [ 28.613, -9.6176 ], [ 28.6216, -9.6383 ], [ 28.6238, -9.6492 ], [ 28.6252, -9.6957 ], [ 28.628, -9.7047 ], [ 28.6314, -9.7156 ], [ 28.645, -9.7351 ], [ 28.6551, -9.7419 ], [ 28.6638, -9.7451 ], [ 28.6699, -9.751 ], [ 28.6724, -9.7656 ], [ 28.6983, -9.792 ], [ 28.6965, -9.7965 ], [ 28.6932, -9.7978 ], [ 28.6782, -9.8039 ], [ 28.6684, -9.8216 ], [ 28.6587, -9.8649 ], [ 28.6278, -9.9294 ], [ 28.6238, -9.951 ], [ 28.6239, -9.9522 ], [ 28.624528037383179, -9.95789719626169 ], [ 28.626125174825201, -9.973027972028234 ], [ 28.6273, -9.9846 ], [ 28.629, -10.0008 ], [ 28.6314, -10.023 ], [ 28.629910617283951, -10.063932345679019 ], [ 28.6298, -10.0662 ], [ 28.6285, -10.1027 ], [ 28.6195, -10.1419 ], [ 28.604, -10.1727 ], [ 28.5792, -10.2012 ], [ 28.5698, -10.2196 ], [ 28.604, -10.2484 ], [ 28.608, -10.2636 ], [ 28.6108, -10.2689 ], [ 28.6238, -10.2764 ], [ 28.6292, -10.2959 ], [ 28.6263, -10.3114 ], [ 28.6206, -10.3274 ], [ 28.6177, -10.3483 ], [ 28.6209, -10.3733 ], [ 28.6285, -10.3911 ], [ 28.6378, -10.407 ], [ 28.645, -10.4266 ], [ 28.6461, -10.4384 ], [ 28.6447, -10.451 ], [ 28.6444, -10.4518 ], [ 28.6407, -10.4626 ], [ 28.6346, -10.4716 ], [ 28.6306, -10.4811 ], [ 28.6386, -10.4963 ], [ 28.6346, -10.5057 ], [ 28.6348, -10.5136 ], [ 28.635, -10.5194 ], [ 28.6479, -10.5376 ], [ 28.6724, -10.5644 ], [ 28.6728, -10.5761 ], [ 28.667, -10.5974 ], [ 28.6656, -10.609 ], [ 28.671, -10.619 ], [ 28.6944, -10.6368 ], [ 28.6998, -10.6432 ], [ 28.6956, -10.6587 ], [ 28.6944, -10.6634 ], [ 28.6827, -10.6801 ], [ 28.6814, -10.682 ], [ 28.6659, -10.6975 ], [ 28.6651, -10.6981 ], [ 28.6519, -10.7083 ], [ 28.6461, -10.7099 ], [ 28.6335, -10.7089 ], [ 28.6274, -10.7118 ], [ 28.6231, -10.7169 ], [ 28.623, -10.717 ], [ 28.609, -10.7397 ], [ 28.608, -10.7414 ], [ 28.6008, -10.7631 ], [ 28.5936, -10.7729 ], [ 28.5766, -10.7906 ], [ 28.5633, -10.8119 ], [ 28.558390909090932, -10.8245 ], [ 28.5579, -10.8257 ], [ 28.5543, -10.835 ], [ 28.5493, -10.8586 ], [ 28.5493, -10.903 ], [ 28.5471, -10.9137 ], [ 28.5374, -10.9342 ], [ 28.5313, -10.955 ], [ 28.5307, -10.9556 ], [ 28.5136, -10.9729 ], [ 28.5079, -10.9821 ], [ 28.5068, -10.9921 ], [ 28.5086, -11.0134 ], [ 28.5079, -11.0236 ], [ 28.5039, -11.0343 ], [ 28.491, -11.0587 ], [ 28.4769, -11.078 ], [ 28.4762, -11.0877 ], [ 28.480783720930305, -11.110279069767811 ], [ 28.4811, -11.1119 ], [ 28.487, -11.1409 ], [ 28.4874, -11.1534 ], [ 28.4848, -11.1628 ], [ 28.4737, -11.1813 ], [ 28.4726, -11.192 ], [ 28.4737, -11.2257 ], [ 28.455, -11.2637 ], [ 28.4456, -11.2746 ], [ 28.4362, -11.2892 ], [ 28.4319, -11.3111 ], [ 28.4395, -11.3483 ], [ 28.4121, -11.3683 ], [ 28.4085, -11.3725 ], [ 28.357, -11.4469 ], [ 28.3545, -11.4648 ], [ 28.3556, -11.5182 ], [ 28.3603, -11.5336 ], [ 28.3657, -11.5416 ], [ 28.3776, -11.5711 ], [ 28.3848, -11.5813 ], [ 28.3995, -11.596 ], [ 28.4056, -11.6052 ], [ 28.4226, -11.6647 ], [ 28.4224, -11.668 ], [ 28.422332, -11.6714 ], [ 28.4222, -11.6747 ], [ 28.4182, -11.6789 ], [ 28.422616, -11.684724 ], [ 28.4232, -11.6856 ], [ 28.4251, -11.688 ], [ 28.4395, -11.7015 ], [ 28.4427, -11.7117 ], [ 28.4524, -11.7808 ], [ 28.4607, -11.7934 ], [ 28.4769, -11.7982 ], [ 28.4888, -11.8087 ], [ 28.4971, -11.8573 ], [ 28.5079, -11.8728 ], [ 28.5212, -11.8658 ], [ 28.5316, -11.8665 ], [ 28.5406, -11.8721 ], [ 28.5543, -11.8851 ], [ 28.5662, -11.9046 ], [ 28.5691, -11.9137 ], [ 28.5748, -11.9105 ], [ 28.5925, -11.9004 ], [ 28.6062, -11.9103 ], [ 28.6238, -11.9478 ], [ 28.6368, -11.9577 ], [ 28.6861, -11.9841 ], [ 28.707, -11.9894 ], [ 28.7141, -11.9884 ], [ 28.721072580645188, -11.987343548387093 ], [ 28.7419, -11.9843 ], [ 28.7512, -11.9923 ], [ 28.7541, -12.0202 ], [ 28.7599, -12.0352 ], [ 28.7736, -12.0459 ], [ 28.7875, -12.0533 ], [ 28.8088, -12.0646 ], [ 28.8214, -12.0757 ], [ 28.8351, -12.0922 ], [ 28.8459, -12.1113 ], [ 28.8502, -12.13 ], [ 28.8596, -12.1418 ], [ 28.8613, -12.1428 ], [ 28.8893, -12.1582 ], [ 28.9186, -12.1743 ], [ 28.9446, -12.2061 ], [ 29.0263, -12.3531 ], [ 29.0302, -12.3762 ], [ 29.0349, -12.3788 ], [ 29.0373, -12.3788 ], [ 29.0425, -12.3788 ], [ 29.0529, -12.3838 ], [ 29.0673, -12.3848 ], [ 29.0842, -12.3764 ], [ 29.1001, -12.3741 ], [ 29.1112, -12.3934 ], [ 29.1282, -12.3828 ], [ 29.149, -12.3737 ], [ 29.1735, -12.3676 ], [ 29.2549, -12.3662 ], [ 29.2584, -12.3679 ], [ 29.265, -12.3709 ], [ 29.283, -12.3904 ], [ 29.2956, -12.401 ], [ 29.3049, -12.4049 ], [ 29.3164, -12.4067 ], [ 29.3564, -12.4076 ], [ 29.3643, -12.4093 ], [ 29.4061, -12.4318 ], [ 29.4327, -12.4413 ], [ 29.4597, -12.4413 ], [ 29.4651, -12.4442 ], [ 29.473, -12.4525 ], [ 29.4806, -12.4549 ], [ 29.4867, -12.4544 ], [ 29.4997, -12.4531 ], [ 29.5148, -12.4439 ], [ 29.5245, -12.4292 ], [ 29.5248, -12.428 ], [ 29.5281, -12.4107 ], [ 29.5281, -12.4104 ], [ 29.5278, -12.4092 ], [ 29.5235, -12.3928 ], [ 29.5234, -12.3925 ], [ 29.5116, -12.3874 ], [ 29.4961, -12.3863 ], [ 29.4806, -12.3805 ], [ 29.4504, -12.3429 ], [ 29.4464, -12.335 ], [ 29.4518, -12.3178 ], [ 29.4558, -12.2944 ], [ 29.468, -12.2553 ], [ 29.4741, -12.2427 ], [ 29.4896, -12.2316 ], [ 29.5335, -12.2167 ], [ 29.553, -12.2051 ], [ 29.5677, -12.1918 ], [ 29.5767, -12.1881 ], [ 29.5904, -12.1881 ], [ 29.603, -12.1928 ], [ 29.621, -12.2102 ], [ 29.6318, -12.216 ], [ 29.6491, -12.2128 ], [ 29.7013, -12.1891 ], [ 29.7348, -12.1649 ], [ 29.756, -12.1576 ], [ 29.7992, -12.1541 ], [ 29.7978, -13.4242 ], [ 29.7901, -13.4398 ], [ 29.7823, -13.4557 ], [ 29.7672, -13.4584 ], [ 29.7027, -13.4575 ], [ 29.6631, -13.4468 ], [ 29.6415, -13.4385 ], [ 29.626, -13.4298 ], [ 29.6174, -13.4212 ], [ 29.6106, -13.411 ], [ 29.6016, -13.3884 ], [ 29.6016, -13.3744 ], [ 29.6095, -13.3691 ], [ 29.6161, -13.3678 ], [ 29.6188, -13.3672 ], [ 29.625, -13.3642 ], [ 29.6271, -13.3549 ], [ 29.625, -13.3349 ], [ 29.6268, -13.3263 ], [ 29.6336, -13.3189 ], [ 29.6516, -13.3146 ], [ 29.6552, -13.3121 ], [ 29.6588, -13.3096 ], [ 29.6674, -13.292 ], [ 29.6692, -13.2812 ], [ 29.6672, -13.2729 ], [ 29.6667, -13.2712 ], [ 29.6574, -13.2601 ], [ 29.6498, -13.2599 ], [ 29.6412, -13.2628 ], [ 29.6289, -13.2615 ], [ 29.6098, -13.2495 ], [ 29.5929, -13.2356 ], [ 29.5746, -13.2254 ], [ 29.5512, -13.2241 ], [ 29.5281, -13.234 ], [ 29.4929, -13.2667 ], [ 29.4702, -13.2878 ], [ 29.4496, -13.3003 ], [ 29.354613740457921, -13.336171755725227 ], [ 29.333, -13.3443 ], [ 29.3115, -13.3524 ], [ 29.3082, -13.3537 ], [ 29.2502, -13.3916 ], [ 29.2275, -13.4007 ], [ 29.2138, -13.4083 ], [ 29.1948, -13.4309 ], [ 29.1936, -13.4315 ], [ 29.184, -13.4368 ], [ 29.1688, -13.4338 ], [ 29.1602, -13.4221 ], [ 29.1534, -13.407 ], [ 29.1444, -13.3944 ], [ 29.122, -13.3843 ], [ 29.0979, -13.3847 ], [ 29.0732, -13.3885 ], [ 29.0731, -13.3886 ], [ 29.0468, -13.3889 ], [ 29.0284, -13.3954 ], [ 29.0104, -13.3994 ], [ 28.9939, -13.3959 ], [ 28.9898, -13.3909 ], [ 28.9809, -13.3803 ], [ 28.9775, -13.377 ], [ 28.9584, -13.3586 ], [ 28.9503, -13.3509 ], [ 28.9341, -13.3096 ], [ 28.904, -13.1644 ], [ 28.9035, -13.1623 ], [ 28.892, -13.1473 ], [ 28.8826, -13.1436 ], [ 28.8632, -13.1427 ], [ 28.8538, -13.1371 ], [ 28.8469, -13.1124 ], [ 28.845, -13.1056 ], [ 28.8441, -13.1024 ], [ 28.8409, -13.1001 ], [ 28.8297, -13.0972 ], [ 28.8258, -13.0928 ], [ 28.8254, -13.0679 ], [ 28.8283, -13.0594 ], [ 28.8308, -13.0518 ], [ 28.8272, -13.0475 ], [ 28.8135, -13.0428 ], [ 28.8096, -13.0384 ], [ 28.8006, -13.0025 ], [ 28.7934, -12.9916 ], [ 28.7757, -12.9766 ], [ 28.708, -12.8897 ], [ 28.6677, -12.8493 ], [ 28.6213, -12.8395 ], [ 28.6083, -12.8479 ], [ 28.5936, -12.8767 ], [ 28.5899, -12.8812 ], [ 28.5838, -12.8887 ], [ 28.5684, -12.8956 ], [ 28.5629, -12.8953 ], [ 28.5532, -12.8949 ], [ 28.5428, -12.8856 ], [ 28.5396, -12.8339 ], [ 28.5237, -12.8101 ], [ 28.5018, -12.7885 ], [ 28.4809, -12.762 ], [ 28.474, -12.7364 ], [ 28.4841, -12.7223 ] ] ] } }
]
}
