c,z,attribute,y,uni,value
Angola,Angola_Central,Costs,2025.0,Carbon costs: $m,0.0
Angola,Angola_Central,Costs,2025.0,Excess generation: $m,0.0
Angola,Angola_Central,Costs,2025.0,Export revenues with external zones: $m,0.0
Angola,Angola_Central,Costs,2025.0,Export revenues with internal zones: $m,0.0
Angola,Angola_Central,Costs,2025.0,Fixed O&M: $m,13.6693954
Angola,Angola_Central,Costs,2025.0,Fuel costs: $m,0.0
Angola,Angola_Central,Costs,2025.0,Generation costs: $m,0.0
Angola,Angola_Central,Costs,2025.0,Import costs with external zones: $m,0.0
Angola,Angola_Central,Costs,2025.0,Import costs with internal zones: $m,0.953453680252053
Angola,Angola_Central,Costs,2025.0,NPV of system cost: $m,0.0
Angola,Angola_Central,Costs,2025.0,Spinning reserve costs: $m,0.0
Angola,Angola_Central,Costs,2025.0,Startup costs: $m,0.0
Angola,Angola_Central,Costs,2025.0,Trade shared benefits: $m,-0.0333708788088219
Angola,Angola_Central,Costs,2025.0,Transmission costs: $m,0.0
Angola,Angola_Central,Costs,2025.0,Unmet country CO2 backstop cost: $m,0.0
Angola,Angola_Central,Costs,2025.0,Unmet country planning reserve costs: $m,0.0
Angola,Angola_Central,Costs,2025.0,Unmet country spinning reserve costs: $m,0.0
Angola,Angola_Central,Costs,2025.0,Unmet demand costs: $m,0.0
Angola,Angola_Central,Costs,2025.0,Unmet system CO2 backstop cost: $m,0.0
Angola,Angola_Central,Costs,2025.0,Unmet system planning reserve costs: $m,0.0
Angola,Angola_Central,Costs,2025.0,Unmet system spinning reserve costs: $m,0.0
Angola,Angola_Central,Costs,2025.0,VRE curtailment: $m,0.0
Angola,Angola_Central,Costs,2025.0,Variable O&M: $m,0.12471744
Angola,Angola_Central,Costs,2027.0,Carbon costs: $m,0.0
Angola,Angola_Central,Costs,2027.0,Excess generation: $m,0.0
Angola,Angola_Central,Costs,2027.0,Export revenues with external zones: $m,0.0
Angola,Angola_Central,Costs,2027.0,Export revenues with internal zones: $m,-0.0009620905329045
Angola,Angola_Central,Costs,2027.0,Fixed O&M: $m,13.6693954
Angola,Angola_Central,Costs,2027.0,Fuel costs: $m,0.0
Angola,Angola_Central,Costs,2027.0,Generation costs: $m,0.0
Angola,Angola_Central,Costs,2027.0,Import costs with external zones: $m,0.0
Angola,Angola_Central,Costs,2027.0,Import costs with internal zones: $m,1.0401931200830914
Angola,Angola_Central,Costs,2027.0,NPV of system cost: $m,0.0
Angola,Angola_Central,Costs,2027.0,Spinning reserve costs: $m,0.0
Angola,Angola_Central,Costs,2027.0,Startup costs: $m,0.0
Angola,Angola_Central,Costs,2027.0,Trade shared benefits: $m,-0.0364429669111358
Angola,Angola_Central,Costs,2027.0,Transmission costs: $m,0.0
Angola,Angola_Central,Costs,2027.0,Unmet country CO2 backstop cost: $m,0.0
Angola,Angola_Central,Costs,2027.0,Unmet country planning reserve costs: $m,0.0
Angola,Angola_Central,Costs,2027.0,Unmet country spinning reserve costs: $m,0.0
Angola,Angola_Central,Costs,2027.0,Unmet demand costs: $m,0.0
Angola,Angola_Central,Costs,2027.0,Unmet system CO2 backstop cost: $m,0.0
Angola,Angola_Central,Costs,2027.0,Unmet system planning reserve costs: $m,0.0
Angola,Angola_Central,Costs,2027.0,Unmet system spinning reserve costs: $m,0.0
Angola,Angola_Central,Costs,2027.0,VRE curtailment: $m,0.0
Angola,Angola_Central,Costs,2027.0,Variable O&M: $m,0.12471744
Angola,Angola_Central,Costs,2030.0,Carbon costs: $m,0.0
Angola,Angola_Central,Costs,2030.0,Excess generation: $m,0.0
Angola,Angola_Central,Costs,2030.0,Export revenues with external zones: $m,0.0
Angola,Angola_Central,Costs,2030.0,Export revenues with internal zones: $m,-176.84455730248436
Angola,Angola_Central,Costs,2030.0,Fixed O&M: $m,13.6693954
Angola,Angola_Central,Costs,2030.0,Fuel costs: $m,0.0
Angola,Angola_Central,Costs,2030.0,Generation costs: $m,0.0
Angola,Angola_Central,Costs,2030.0,Import costs with external zones: $m,0.0
Angola,Angola_Central,Costs,2030.0,Import costs with internal zones: $m,288.8355769430546
Angola,Angola_Central,Costs,2030.0,NPV of system cost: $m,0.0
Angola,Angola_Central,Costs,2030.0,Spinning reserve costs: $m,0.0
Angola,Angola_Central,Costs,2030.0,Startup costs: $m,0.0
Angola,Angola_Central,Costs,2030.0,Trade shared benefits: $m,-184.39384841363787
Angola,Angola_Central,Costs,2030.0,Transmission costs: $m,15.468930379150429
Angola,Angola_Central,Costs,2030.0,Unmet country CO2 backstop cost: $m,0.0
Angola,Angola_Central,Costs,2030.0,Unmet country planning reserve costs: $m,0.0
Angola,Angola_Central,Costs,2030.0,Unmet country spinning reserve costs: $m,0.0
Angola,Angola_Central,Costs,2030.0,Unmet demand costs: $m,0.0
Angola,Angola_Central,Costs,2030.0,Unmet system CO2 backstop cost: $m,0.0
Angola,Angola_Central,Costs,2030.0,Unmet system planning reserve costs: $m,0.0
Angola,Angola_Central,Costs,2030.0,Unmet system spinning reserve costs: $m,0.0
Angola,Angola_Central,Costs,2030.0,VRE curtailment: $m,0.0
Angola,Angola_Central,Costs,2030.0,Variable O&M: $m,0.12471744
Angola,Angola_Central,Costs,2032.0,Carbon costs: $m,0.0
Angola,Angola_Central,Costs,2032.0,Excess generation: $m,0.0
Angola,Angola_Central,Costs,2032.0,Export revenues with external zones: $m,0.0
Angola,Angola_Central,Costs,2032.0,Export revenues with internal zones: $m,-166.24740970602602
Angola,Angola_Central,Costs,2032.0,Fixed O&M: $m,15.094018810690269
Angola,Angola_Central,Costs,2032.0,Fuel costs: $m,0.0
Angola,Angola_Central,Costs,2032.0,Generation costs: $m,0.0
Angola,Angola_Central,Costs,2032.0,Import costs with external zones: $m,0.0
Angola,Angola_Central,Costs,2032.0,Import costs with internal zones: $m,280.56418685013176
Angola,Angola_Central,Costs,2032.0,NPV of system cost: $m,0.0
Angola,Angola_Central,Costs,2032.0,Spinning reserve costs: $m,0.0
Angola,Angola_Central,Costs,2032.0,Startup costs: $m,0.0
Angola,Angola_Central,Costs,2032.0,Trade shared benefits: $m,-176.0603368505413
Angola,Angola_Central,Costs,2032.0,Transmission costs: $m,15.468930379150429
Angola,Angola_Central,Costs,2032.0,Unmet country CO2 backstop cost: $m,0.0
Angola,Angola_Central,Costs,2032.0,Unmet country planning reserve costs: $m,0.0
Angola,Angola_Central,Costs,2032.0,Unmet country spinning reserve costs: $m,0.0
Angola,Angola_Central,Costs,2032.0,Unmet demand costs: $m,0.0
Angola,Angola_Central,Costs,2032.0,Unmet system CO2 backstop cost: $m,0.0
Angola,Angola_Central,Costs,2032.0,Unmet system planning reserve costs: $m,0.0
Angola,Angola_Central,Costs,2032.0,Unmet system spinning reserve costs: $m,0.0
Angola,Angola_Central,Costs,2032.0,VRE curtailment: $m,0.0
Angola,Angola_Central,Costs,2032.0,Variable O&M: $m,0.12471744
Angola,Angola_Central,Costs,2035.0,Carbon costs: $m,0.0
Angola,Angola_Central,Costs,2035.0,Excess generation: $m,0.0
Angola,Angola_Central,Costs,2035.0,Export revenues with external zones: $m,0.0
Angola,Angola_Central,Costs,2035.0,Export revenues with internal zones: $m,-126.90778747336108
Angola,Angola_Central,Costs,2035.0,Fixed O&M: $m,17.16401881069027
Angola,Angola_Central,Costs,2035.0,Fuel costs: $m,0.0
Angola,Angola_Central,Costs,2035.0,Generation costs: $m,0.0
Angola,Angola_Central,Costs,2035.0,Import costs with external zones: $m,0.0
Angola,Angola_Central,Costs,2035.0,Import costs with internal zones: $m,242.95522786869543
Angola,Angola_Central,Costs,2035.0,NPV of system cost: $m,0.0
Angola,Angola_Central,Costs,2035.0,Spinning reserve costs: $m,0.0
Angola,Angola_Central,Costs,2035.0,Startup costs: $m,0.0
Angola,Angola_Central,Costs,2035.0,Trade shared benefits: $m,-20.10043386372199
Angola,Angola_Central,Costs,2035.0,Transmission costs: $m,15.468930379150429
Angola,Angola_Central,Costs,2035.0,Unmet country CO2 backstop cost: $m,0.0
Angola,Angola_Central,Costs,2035.0,Unmet country planning reserve costs: $m,0.0
Angola,Angola_Central,Costs,2035.0,Unmet country spinning reserve costs: $m,0.0
Angola,Angola_Central,Costs,2035.0,Unmet demand costs: $m,0.0
Angola,Angola_Central,Costs,2035.0,Unmet system CO2 backstop cost: $m,0.0
Angola,Angola_Central,Costs,2035.0,Unmet system planning reserve costs: $m,0.0
Angola,Angola_Central,Costs,2035.0,Unmet system spinning reserve costs: $m,0.0
Angola,Angola_Central,Costs,2035.0,VRE curtailment: $m,0.0
Angola,Angola_Central,Costs,2035.0,Variable O&M: $m,0.1247174399999999
Angola,Angola_Central,Costs,2038.0,Carbon costs: $m,0.1453654535963391
Angola,Angola_Central,Costs,2038.0,Excess generation: $m,0.0
Angola,Angola_Central,Costs,2038.0,Export revenues with external zones: $m,0.0
Angola,Angola_Central,Costs,2038.0,Export revenues with internal zones: $m,-31.983696054994176
Angola,Angola_Central,Costs,2038.0,Fixed O&M: $m,21.313018810690263
Angola,Angola_Central,Costs,2038.0,Fuel costs: $m,0.4279276659356962
Angola,Angola_Central,Costs,2038.0,Generation costs: $m,0.0
Angola,Angola_Central,Costs,2038.0,Import costs with external zones: $m,0.0
Angola,Angola_Central,Costs,2038.0,Import costs with internal zones: $m,189.8705622040248
Angola,Angola_Central,Costs,2038.0,NPV of system cost: $m,0.0
Angola,Angola_Central,Costs,2038.0,Spinning reserve costs: $m,0.0
Angola,Angola_Central,Costs,2038.0,Startup costs: $m,0.0
Angola,Angola_Central,Costs,2038.0,Trade shared benefits: $m,-22.37503333992736
Angola,Angola_Central,Costs,2038.0,Transmission costs: $m,15.468930379150429
Angola,Angola_Central,Costs,2038.0,Unmet country CO2 backstop cost: $m,0.0
Angola,Angola_Central,Costs,2038.0,Unmet country planning reserve costs: $m,0.0
Angola,Angola_Central,Costs,2038.0,Unmet country spinning reserve costs: $m,0.0
Angola,Angola_Central,Costs,2038.0,Unmet demand costs: $m,0.0
Angola,Angola_Central,Costs,2038.0,Unmet system CO2 backstop cost: $m,0.0
Angola,Angola_Central,Costs,2038.0,Unmet system planning reserve costs: $m,0.0
Angola,Angola_Central,Costs,2038.0,Unmet system spinning reserve costs: $m,0.0016776732584737
Angola,Angola_Central,Costs,2038.0,VRE curtailment: $m,0.0
Angola,Angola_Central,Costs,2038.0,Variable O&M: $m,0.1375475040644545
Angola,Angola_Central,Costs,2040.0,Carbon costs: $m,1.9535113016736625
Angola,Angola_Central,Costs,2040.0,Excess generation: $m,0.0
Angola,Angola_Central,Costs,2040.0,Export revenues with external zones: $m,0.0
Angola,Angola_Central,Costs,2040.0,Export revenues with internal zones: $m,-68.45147974077936
Angola,Angola_Central,Costs,2040.0,Fixed O&M: $m,23.13101897127748
Angola,Angola_Central,Costs,2040.0,Fuel costs: $m,5.544864057996918
Angola,Angola_Central,Costs,2040.0,Generation costs: $m,0.0
Angola,Angola_Central,Costs,2040.0,Import costs with external zones: $m,0.0
Angola,Angola_Central,Costs,2040.0,Import costs with internal zones: $m,286.677357122242
Angola,Angola_Central,Costs,2040.0,NPV of system cost: $m,0.0
Angola,Angola_Central,Costs,2040.0,Spinning reserve costs: $m,0.0
Angola,Angola_Central,Costs,2040.0,Startup costs: $m,0.0
Angola,Angola_Central,Costs,2040.0,Trade shared benefits: $m,-24.90407908952296
Angola,Angola_Central,Costs,2040.0,Transmission costs: $m,15.468930379150429
Angola,Angola_Central,Costs,2040.0,Unmet country CO2 backstop cost: $m,0.0
Angola,Angola_Central,Costs,2040.0,Unmet country planning reserve costs: $m,0.0
Angola,Angola_Central,Costs,2040.0,Unmet country spinning reserve costs: $m,0.0
Angola,Angola_Central,Costs,2040.0,Unmet demand costs: $m,0.0
Angola,Angola_Central,Costs,2040.0,Unmet system CO2 backstop cost: $m,0.0
Angola,Angola_Central,Costs,2040.0,Unmet system planning reserve costs: $m,0.0
Angola,Angola_Central,Costs,2040.0,Unmet system spinning reserve costs: $m,0.0397213615654411
Angola,Angola_Central,Costs,2040.0,VRE curtailment: $m,0.0
Angola,Angola_Central,Costs,2040.0,Variable O&M: $m,0.2890069080707834
Angola,Angola_Central,Costs,2042.0,Carbon costs: $m,2.56293902592
Angola,Angola_Central,Costs,2042.0,Excess generation: $m,0.0
Angola,Angola_Central,Costs,2042.0,Export revenues with external zones: $m,0.0
Angola,Angola_Central,Costs,2042.0,Export revenues with internal zones: $m,-100.50877613982016
Angola,Angola_Central,Costs,2042.0,Fixed O&M: $m,25.59288904276108
Angola,Angola_Central,Costs,2042.0,Fuel costs: $m,7.047335782305002
Angola,Angola_Central,Costs,2042.0,Generation costs: $m,0.0
Angola,Angola_Central,Costs,2042.0,Import costs with external zones: $m,0.0
Angola,Angola_Central,Costs,2042.0,Import costs with internal zones: $m,390.102328660519
Angola,Angola_Central,Costs,2042.0,NPV of system cost: $m,0.0
Angola,Angola_Central,Costs,2042.0,Spinning reserve costs: $m,0.0
Angola,Angola_Central,Costs,2042.0,Startup costs: $m,0.0
Angola,Angola_Central,Costs,2042.0,Trade shared benefits: $m,-32.764921554336745
Angola,Angola_Central,Costs,2042.0,Transmission costs: $m,15.468930379150429
Angola,Angola_Central,Costs,2042.0,Unmet country CO2 backstop cost: $m,0.0
Angola,Angola_Central,Costs,2042.0,Unmet country planning reserve costs: $m,0.0
Angola,Angola_Central,Costs,2042.0,Unmet country spinning reserve costs: $m,0.0
Angola,Angola_Central,Costs,2042.0,Unmet demand costs: $m,0.0
Angola,Angola_Central,Costs,2042.0,Unmet system CO2 backstop cost: $m,0.0
Angola,Angola_Central,Costs,2042.0,Unmet system planning reserve costs: $m,0.0
Angola,Angola_Central,Costs,2042.0,Unmet system spinning reserve costs: $m,0.0748477551529348
Angola,Angola_Central,Costs,2042.0,VRE curtailment: $m,0.0
Angola,Angola_Central,Costs,2042.0,Variable O&M: $m,0.3335238300000001
Angola,Angola_Central,Costs,2045.0,Carbon costs: $m,2.186839097856
Angola,Angola_Central,Costs,2045.0,Excess generation: $m,0.0
Angola,Angola_Central,Costs,2045.0,Export revenues with external zones: $m,0.0
Angola,Angola_Central,Costs,2045.0,Export revenues with internal zones: $m,-91.74285785830251
Angola,Angola_Central,Costs,2045.0,Fixed O&M: $m,40.24188904276107
Angola,Angola_Central,Costs,2045.0,Fuel costs: $m,5.5836583505955
Angola,Angola_Central,Costs,2045.0,Generation costs: $m,0.0
Angola,Angola_Central,Costs,2045.0,Import costs with external zones: $m,0.0
Angola,Angola_Central,Costs,2045.0,Import costs with internal zones: $m,295.37896308965685
Angola,Angola_Central,Costs,2045.0,NPV of system cost: $m,0.0
Angola,Angola_Central,Costs,2045.0,Spinning reserve costs: $m,0.0
Angola,Angola_Central,Costs,2045.0,Startup costs: $m,0.0
Angola,Angola_Central,Costs,2045.0,Trade shared benefits: $m,-26.779652961047848
Angola,Angola_Central,Costs,2045.0,Transmission costs: $m,15.468930379150429
Angola,Angola_Central,Costs,2045.0,Unmet country CO2 backstop cost: $m,0.0
Angola,Angola_Central,Costs,2045.0,Unmet country planning reserve costs: $m,0.0
Angola,Angola_Central,Costs,2045.0,Unmet country spinning reserve costs: $m,0.0
Angola,Angola_Central,Costs,2045.0,Unmet demand costs: $m,0.0
Angola,Angola_Central,Costs,2045.0,Unmet system CO2 backstop cost: $m,0.0
Angola,Angola_Central,Costs,2045.0,Unmet system planning reserve costs: $m,0.0
Angola,Angola_Central,Costs,2045.0,Unmet system spinning reserve costs: $m,0.0
Angola,Angola_Central,Costs,2045.0,VRE curtailment: $m,0.0
Angola,Angola_Central,Costs,2045.0,Variable O&M: $m,0.6415955489999999
Angola,Angola_Central,Costs,2048.0,Carbon costs: $m,2.442882409033039
Angola,Angola_Central,Costs,2048.0,Excess generation: $m,0.0
Angola,Angola_Central,Costs,2048.0,Export revenues with external zones: $m,0.0
Angola,Angola_Central,Costs,2048.0,Export revenues with internal zones: $m,-102.97766455662864
Angola,Angola_Central,Costs,2048.0,Fixed O&M: $m,40.60634464897373
Angola,Angola_Central,Costs,2048.0,Fuel costs: $m,3.4659905565314
Angola,Angola_Central,Costs,2048.0,Generation costs: $m,0.0
Angola,Angola_Central,Costs,2048.0,Import costs with external zones: $m,0.0
Angola,Angola_Central,Costs,2048.0,Import costs with internal zones: $m,346.9034079176554
Angola,Angola_Central,Costs,2048.0,NPV of system cost: $m,0.0
Angola,Angola_Central,Costs,2048.0,Spinning reserve costs: $m,0.0
Angola,Angola_Central,Costs,2048.0,Startup costs: $m,0.0
Angola,Angola_Central,Costs,2048.0,Trade shared benefits: $m,-48.29661773657801
Angola,Angola_Central,Costs,2048.0,Transmission costs: $m,15.468930379150429
Angola,Angola_Central,Costs,2048.0,Unmet country CO2 backstop cost: $m,0.0
Angola,Angola_Central,Costs,2048.0,Unmet country planning reserve costs: $m,0.0
Angola,Angola_Central,Costs,2048.0,Unmet country spinning reserve costs: $m,0.0
Angola,Angola_Central,Costs,2048.0,Unmet demand costs: $m,0.0
Angola,Angola_Central,Costs,2048.0,Unmet system CO2 backstop cost: $m,0.0
Angola,Angola_Central,Costs,2048.0,Unmet system planning reserve costs: $m,0.0
Angola,Angola_Central,Costs,2048.0,Unmet system spinning reserve costs: $m,0.0
Angola,Angola_Central,Costs,2048.0,VRE curtailment: $m,0.0
Angola,Angola_Central,Costs,2048.0,Variable O&M: $m,0.6136044618249621
Angola,Angola_Central,Costs,2050.0,Carbon costs: $m,28.19112557661196
Angola,Angola_Central,Costs,2050.0,Excess generation: $m,0.0
Angola,Angola_Central,Costs,2050.0,Export revenues with external zones: $m,0.0
Angola,Angola_Central,Costs,2050.0,Export revenues with internal zones: $m,-113.81780177133244
Angola,Angola_Central,Costs,2050.0,Fixed O&M: $m,56.14694986923694
Angola,Angola_Central,Costs,2050.0,Fuel costs: $m,35.239956713430495
Angola,Angola_Central,Costs,2050.0,Generation costs: $m,0.0
Angola,Angola_Central,Costs,2050.0,Import costs with external zones: $m,0.0
Angola,Angola_Central,Costs,2050.0,Import costs with internal zones: $m,271.6943604285658
Angola,Angola_Central,Costs,2050.0,NPV of system cost: $m,0.0
Angola,Angola_Central,Costs,2050.0,Spinning reserve costs: $m,0.0
Angola,Angola_Central,Costs,2050.0,Startup costs: $m,0.0
Angola,Angola_Central,Costs,2050.0,Trade shared benefits: $m,-48.10231640782255
Angola,Angola_Central,Costs,2050.0,Transmission costs: $m,15.468930379150429
Angola,Angola_Central,Costs,2050.0,Unmet country CO2 backstop cost: $m,0.0
Angola,Angola_Central,Costs,2050.0,Unmet country planning reserve costs: $m,0.0
Angola,Angola_Central,Costs,2050.0,Unmet country spinning reserve costs: $m,0.0
Angola,Angola_Central,Costs,2050.0,Unmet demand costs: $m,0.0
Angola,Angola_Central,Costs,2050.0,Unmet system CO2 backstop cost: $m,0.0
Angola,Angola_Central,Costs,2050.0,Unmet system planning reserve costs: $m,0.0
Angola,Angola_Central,Costs,2050.0,Unmet system spinning reserve costs: $m,0.0
Angola,Angola_Central,Costs,2050.0,VRE curtailment: $m,0.0
Angola,Angola_Central,Costs,2050.0,Variable O&M: $m,1.967268380828149
Angola,Angola_Central,DiscountedWeightedCostsCumulated,2025.0,Carbon costs: $m,0.0
Angola,Angola_Central,DiscountedWeightedCostsCumulated,2025.0,Excess generation: $m,10.083650512489198
Angola,Angola_Central,DiscountedWeightedCostsCumulated,2025.0,Export revenues with external zones: $m,10.083650512489198
Angola,Angola_Central,DiscountedWeightedCostsCumulated,2025.0,Export revenues with internal zones: $m,10.083650512489198
Angola,Angola_Central,DiscountedWeightedCostsCumulated,2025.0,Fixed O&M: $m,-935.302436279775
Angola,Angola_Central,DiscountedWeightedCostsCumulated,2025.0,Fuel costs: $m,-748.6405866313618
Angola,Angola_Central,DiscountedWeightedCostsCumulated,2025.0,Generation costs: $m,-730.8560732384902
Angola,Angola_Central,DiscountedWeightedCostsCumulated,2025.0,Import costs with external zones: $m,-730.8560732384902
Angola,Angola_Central,DiscountedWeightedCostsCumulated,2025.0,Import costs with internal zones: $m,-729.9026195582381
Angola,Angola_Central,DiscountedWeightedCostsCumulated,2025.0,NPV of system cost: $m,1386.000384116691
Angola,Angola_Central,DiscountedWeightedCostsCumulated,2025.0,Spinning reserve costs: $m,1386.000384116691
Angola,Angola_Central,DiscountedWeightedCostsCumulated,2025.0,Startup costs: $m,1386.000384116691
Angola,Angola_Central,DiscountedWeightedCostsCumulated,2025.0,Trade shared benefits: $m,1385.9670132378822
Angola,Angola_Central,DiscountedWeightedCostsCumulated,2025.0,Transmission costs: $m,672.022403160953
Angola,Angola_Central,DiscountedWeightedCostsCumulated,2025.0,Unmet country CO2 backstop cost: $m,790.8377674957985
Angola,Angola_Central,DiscountedWeightedCostsCumulated,2025.0,Unmet country planning reserve costs: $m,790.8377674957985
Angola,Angola_Central,DiscountedWeightedCostsCumulated,2025.0,Unmet country spinning reserve costs: $m,790.8377674957985
Angola,Angola_Central,DiscountedWeightedCostsCumulated,2025.0,Unmet demand costs: $m,790.8377674957985
Angola,Angola_Central,DiscountedWeightedCostsCumulated,2025.0,Unmet system CO2 backstop cost: $m,790.8377674957985
Angola,Angola_Central,DiscountedWeightedCostsCumulated,2025.0,Unmet system planning reserve costs: $m,790.8377674957985
Angola,Angola_Central,DiscountedWeightedCostsCumulated,2025.0,Unmet system spinning reserve costs: $m,790.8377674957985
Angola,Angola_Central,DiscountedWeightedCostsCumulated,2025.0,VRE curtailment: $m,790.8929473010119
Angola,Angola_Central,DiscountedWeightedCostsCumulated,2025.0,Variable O&M: $m,791.0176647410119
Angola,Angola_Central,DiscountedWeightedCostsCumulated,2027.0,Carbon costs: $m,0.0
Angola,Angola_Central,DiscountedWeightedCostsCumulated,2027.0,Excess generation: $m,10.083650512489198
Angola,Angola_Central,DiscountedWeightedCostsCumulated,2027.0,Export revenues with external zones: $m,10.083650512489198
Angola,Angola_Central,DiscountedWeightedCostsCumulated,2027.0,Export revenues with internal zones: $m,10.081901256974826
Angola,Angola_Central,DiscountedWeightedCostsCumulated,2027.0,Fixed O&M: $m,-910.4489900979568
Angola,Angola_Central,DiscountedWeightedCostsCumulated,2027.0,Fuel costs: $m,-748.6405866313618
Angola,Angola_Central,DiscountedWeightedCostsCumulated,2027.0,Generation costs: $m,-730.8560732384902
Angola,Angola_Central,DiscountedWeightedCostsCumulated,2027.0,Import costs with external zones: $m,-730.8560732384902
Angola,Angola_Central,DiscountedWeightedCostsCumulated,2027.0,Import costs with internal zones: $m,-728.0113593399052
Angola,Angola_Central,DiscountedWeightedCostsCumulated,2027.0,NPV of system cost: $m,1386.000384116691
Angola,Angola_Central,DiscountedWeightedCostsCumulated,2027.0,Spinning reserve costs: $m,1386.000384116691
Angola,Angola_Central,DiscountedWeightedCostsCumulated,2027.0,Startup costs: $m,1386.000384116691
Angola,Angola_Central,DiscountedWeightedCostsCumulated,2027.0,Trade shared benefits: $m,1385.9007532980438
Angola,Angola_Central,DiscountedWeightedCostsCumulated,2027.0,Transmission costs: $m,672.022403160953
Angola,Angola_Central,DiscountedWeightedCostsCumulated,2027.0,Unmet country CO2 backstop cost: $m,790.8377674957985
Angola,Angola_Central,DiscountedWeightedCostsCumulated,2027.0,Unmet country planning reserve costs: $m,790.8377674957985
Angola,Angola_Central,DiscountedWeightedCostsCumulated,2027.0,Unmet country spinning reserve costs: $m,790.8377674957985
Angola,Angola_Central,DiscountedWeightedCostsCumulated,2027.0,Unmet demand costs: $m,790.8377674957985
Angola,Angola_Central,DiscountedWeightedCostsCumulated,2027.0,Unmet system CO2 backstop cost: $m,790.8377674957985
Angola,Angola_Central,DiscountedWeightedCostsCumulated,2027.0,Unmet system planning reserve costs: $m,790.8377674957985
Angola,Angola_Central,DiscountedWeightedCostsCumulated,2027.0,Unmet system spinning reserve costs: $m,790.8377674957985
Angola,Angola_Central,DiscountedWeightedCostsCumulated,2027.0,VRE curtailment: $m,790.8929473010119
Angola,Angola_Central,DiscountedWeightedCostsCumulated,2027.0,Variable O&M: $m,791.2444237228301
Angola,Angola_Central,DiscountedWeightedCostsCumulated,2030.0,Carbon costs: $m,0.0
Angola,Angola_Central,DiscountedWeightedCostsCumulated,2030.0,Excess generation: $m,10.083650512489198
Angola,Angola_Central,DiscountedWeightedCostsCumulated,2030.0,Export revenues with external zones: $m,10.083650512489198
Angola,Angola_Central,DiscountedWeightedCostsCumulated,2030.0,Export revenues with internal zones: $m,-369.966189275596
Angola,Angola_Central,DiscountedWeightedCostsCumulated,2030.0,Fixed O&M: $m,-881.0727531373877
Angola,Angola_Central,DiscountedWeightedCostsCumulated,2030.0,Fuel costs: $m,-748.6405866313618
Angola,Angola_Central,DiscountedWeightedCostsCumulated,2030.0,Generation costs: $m,-730.8560732384902
Angola,Angola_Central,DiscountedWeightedCostsCumulated,2030.0,Import costs with external zones: $m,-730.8560732384902
Angola,Angola_Central,DiscountedWeightedCostsCumulated,2030.0,Import costs with internal zones: $m,-107.28878144726208
Angola,Angola_Central,DiscountedWeightedCostsCumulated,2030.0,NPV of system cost: $m,1386.000384116691
Angola,Angola_Central,DiscountedWeightedCostsCumulated,2030.0,Spinning reserve costs: $m,1386.000384116691
Angola,Angola_Central,DiscountedWeightedCostsCumulated,2030.0,Startup costs: $m,1386.000384116691
Angola,Angola_Central,DiscountedWeightedCostsCumulated,2030.0,Trade shared benefits: $m,989.6288461242804
Angola,Angola_Central,DiscountedWeightedCostsCumulated,2030.0,Transmission costs: $m,705.2659337668837
Angola,Angola_Central,DiscountedWeightedCostsCumulated,2030.0,Unmet country CO2 backstop cost: $m,790.8377674957985
Angola,Angola_Central,DiscountedWeightedCostsCumulated,2030.0,Unmet country planning reserve costs: $m,790.8377674957985
Angola,Angola_Central,DiscountedWeightedCostsCumulated,2030.0,Unmet country spinning reserve costs: $m,790.8377674957985
Angola,Angola_Central,DiscountedWeightedCostsCumulated,2030.0,Unmet demand costs: $m,790.8377674957985
Angola,Angola_Central,DiscountedWeightedCostsCumulated,2030.0,Unmet system CO2 backstop cost: $m,790.8377674957985
Angola,Angola_Central,DiscountedWeightedCostsCumulated,2030.0,Unmet system planning reserve costs: $m,790.8377674957985
Angola,Angola_Central,DiscountedWeightedCostsCumulated,2030.0,Unmet system spinning reserve costs: $m,790.8377674957985
Angola,Angola_Central,DiscountedWeightedCostsCumulated,2030.0,VRE curtailment: $m,790.8929473010119
Angola,Angola_Central,DiscountedWeightedCostsCumulated,2030.0,Variable O&M: $m,791.5124479450686
Angola,Angola_Central,DiscountedWeightedCostsCumulated,2032.0,Carbon costs: $m,0.0
Angola,Angola_Central,DiscountedWeightedCostsCumulated,2032.0,Excess generation: $m,10.083650512489198
Angola,Angola_Central,DiscountedWeightedCostsCumulated,2032.0,Export revenues with external zones: $m,10.083650512489198
Angola,Angola_Central,DiscountedWeightedCostsCumulated,2032.0,Export revenues with internal zones: $m,-557.650846711638
Angola,Angola_Central,DiscountedWeightedCostsCumulated,2032.0,Fixed O&M: $m,-864.0323929006358
Angola,Angola_Central,DiscountedWeightedCostsCumulated,2032.0,Fuel costs: $m,-748.6405866313618
Angola,Angola_Central,DiscountedWeightedCostsCumulated,2032.0,Generation costs: $m,-730.8560732384902
Angola,Angola_Central,DiscountedWeightedCostsCumulated,2032.0,Import costs with external zones: $m,-730.8560732384902
Angola,Angola_Central,DiscountedWeightedCostsCumulated,2032.0,Import costs with internal zones: $m,209.45355692001027
Angola,Angola_Central,DiscountedWeightedCostsCumulated,2032.0,NPV of system cost: $m,1386.000384116691
Angola,Angola_Central,DiscountedWeightedCostsCumulated,2032.0,Spinning reserve costs: $m,1386.000384116691
Angola,Angola_Central,DiscountedWeightedCostsCumulated,2032.0,Startup costs: $m,1386.000384116691
Angola,Angola_Central,DiscountedWeightedCostsCumulated,2032.0,Trade shared benefits: $m,790.8659055870465
Angola,Angola_Central,DiscountedWeightedCostsCumulated,2032.0,Transmission costs: $m,722.7295496165783
Angola,Angola_Central,DiscountedWeightedCostsCumulated,2032.0,Unmet country CO2 backstop cost: $m,790.8377674957985
Angola,Angola_Central,DiscountedWeightedCostsCumulated,2032.0,Unmet country planning reserve costs: $m,790.8377674957985
Angola,Angola_Central,DiscountedWeightedCostsCumulated,2032.0,Unmet country spinning reserve costs: $m,790.8377674957985
Angola,Angola_Central,DiscountedWeightedCostsCumulated,2032.0,Unmet demand costs: $m,790.8377674957985
Angola,Angola_Central,DiscountedWeightedCostsCumulated,2032.0,Unmet system CO2 backstop cost: $m,790.8377674957985
Angola,Angola_Central,DiscountedWeightedCostsCumulated,2032.0,Unmet system planning reserve costs: $m,790.8377674957985
Angola,Angola_Central,DiscountedWeightedCostsCumulated,2032.0,Unmet system spinning reserve costs: $m,790.8377674957985
Angola,Angola_Central,DiscountedWeightedCostsCumulated,2032.0,VRE curtailment: $m,790.8929473010119
Angola,Angola_Central,DiscountedWeightedCostsCumulated,2032.0,Variable O&M: $m,791.6532474320747
Angola,Angola_Central,DiscountedWeightedCostsCumulated,2035.0,Carbon costs: $m,0.0
Angola,Angola_Central,DiscountedWeightedCostsCumulated,2035.0,Excess generation: $m,10.083650512489198
Angola,Angola_Central,DiscountedWeightedCostsCumulated,2035.0,Export revenues with external zones: $m,10.083650512489198
Angola,Angola_Central,DiscountedWeightedCostsCumulated,2035.0,Export revenues with internal zones: $m,-726.9955835501086
Angola,Angola_Central,DiscountedWeightedCostsCumulated,2035.0,Fixed O&M: $m,-841.1288634446753
Angola,Angola_Central,DiscountedWeightedCostsCumulated,2035.0,Fuel costs: $m,-748.6405866313618
Angola,Angola_Central,DiscountedWeightedCostsCumulated,2035.0,Generation costs: $m,-730.8560732384902
Angola,Angola_Central,DiscountedWeightedCostsCumulated,2035.0,Import costs with external zones: $m,-730.8560732384902
Angola,Angola_Central,DiscountedWeightedCostsCumulated,2035.0,Import costs with internal zones: $m,533.651070296336
Angola,Angola_Central,DiscountedWeightedCostsCumulated,2035.0,NPV of system cost: $m,1386.000384116691
Angola,Angola_Central,DiscountedWeightedCostsCumulated,2035.0,Spinning reserve costs: $m,1386.000384116691
Angola,Angola_Central,DiscountedWeightedCostsCumulated,2035.0,Startup costs: $m,1386.000384116691
Angola,Angola_Central,DiscountedWeightedCostsCumulated,2035.0,Trade shared benefits: $m,764.044047364157
Angola,Angola_Central,DiscountedWeightedCostsCumulated,2035.0,Transmission costs: $m,743.3711666235703
Angola,Angola_Central,DiscountedWeightedCostsCumulated,2035.0,Unmet country CO2 backstop cost: $m,790.8377674957985
Angola,Angola_Central,DiscountedWeightedCostsCumulated,2035.0,Unmet country planning reserve costs: $m,790.8377674957985
Angola,Angola_Central,DiscountedWeightedCostsCumulated,2035.0,Unmet country spinning reserve costs: $m,790.8377674957985
Angola,Angola_Central,DiscountedWeightedCostsCumulated,2035.0,Unmet demand costs: $m,790.8377674957985
Angola,Angola_Central,DiscountedWeightedCostsCumulated,2035.0,Unmet system CO2 backstop cost: $m,790.8377674957985
Angola,Angola_Central,DiscountedWeightedCostsCumulated,2035.0,Unmet system planning reserve costs: $m,790.8377674957985
Angola,Angola_Central,DiscountedWeightedCostsCumulated,2035.0,Unmet system spinning reserve costs: $m,790.8377674957985
Angola,Angola_Central,DiscountedWeightedCostsCumulated,2035.0,VRE curtailment: $m,790.8929473010119
Angola,Angola_Central,DiscountedWeightedCostsCumulated,2035.0,Variable O&M: $m,791.819669386759
Angola,Angola_Central,DiscountedWeightedCostsCumulated,2038.0,Carbon costs: $m,0.1457359120389396
Angola,Angola_Central,DiscountedWeightedCostsCumulated,2038.0,Excess generation: $m,10.083650512489198
Angola,Angola_Central,DiscountedWeightedCostsCumulated,2038.0,Export revenues with external zones: $m,10.083650512489198
Angola,Angola_Central,DiscountedWeightedCostsCumulated,2038.0,Export revenues with internal zones: $m,-759.0607888628804
Angola,Angola_Central,DiscountedWeightedCostsCumulated,2038.0,Fixed O&M: $m,-819.7615291996065
Angola,Angola_Central,DiscountedWeightedCostsCumulated,2038.0,Fuel costs: $m,-748.2115684077128
Angola,Angola_Central,DiscountedWeightedCostsCumulated,2038.0,Generation costs: $m,-730.8560732384902
Angola,Angola_Central,DiscountedWeightedCostsCumulated,2038.0,Import costs with external zones: $m,-730.8560732384902
Angola,Angola_Central,DiscountedWeightedCostsCumulated,2038.0,Import costs with internal zones: $m,724.0055105541184
Angola,Angola_Central,DiscountedWeightedCostsCumulated,2038.0,NPV of system cost: $m,1386.000384116691
Angola,Angola_Central,DiscountedWeightedCostsCumulated,2038.0,Spinning reserve costs: $m,1386.000384116691
Angola,Angola_Central,DiscountedWeightedCostsCumulated,2038.0,Startup costs: $m,1386.000384116691
Angola,Angola_Central,DiscountedWeightedCostsCumulated,2038.0,Trade shared benefits: $m,741.6119920853909
Angola,Angola_Central,DiscountedWeightedCostsCumulated,2038.0,Transmission costs: $m,758.8795189954651
Angola,Angola_Central,DiscountedWeightedCostsCumulated,2038.0,Unmet country CO2 backstop cost: $m,790.8377674957985
Angola,Angola_Central,DiscountedWeightedCostsCumulated,2038.0,Unmet country planning reserve costs: $m,790.8377674957985
Angola,Angola_Central,DiscountedWeightedCostsCumulated,2038.0,Unmet country spinning reserve costs: $m,790.8377674957985
Angola,Angola_Central,DiscountedWeightedCostsCumulated,2038.0,Unmet demand costs: $m,790.8377674957985
Angola,Angola_Central,DiscountedWeightedCostsCumulated,2038.0,Unmet system CO2 backstop cost: $m,790.8377674957985
Angola,Angola_Central,DiscountedWeightedCostsCumulated,2038.0,Unmet system planning reserve costs: $m,790.8377674957985
Angola,Angola_Central,DiscountedWeightedCostsCumulated,2038.0,Unmet system spinning reserve costs: $m,790.8394494445448
Angola,Angola_Central,DiscountedWeightedCostsCumulated,2038.0,VRE curtailment: $m,790.8929473010119
Angola,Angola_Central,DiscountedWeightedCostsCumulated,2038.0,Variable O&M: $m,791.9575674255129
Angola,Angola_Central,DiscountedWeightedCostsCumulated,2040.0,Carbon costs: $m,1.174577074780596
Angola,Angola_Central,DiscountedWeightedCostsCumulated,2040.0,Excess generation: $m,10.083650512489198
Angola,Angola_Central,DiscountedWeightedCostsCumulated,2040.0,Export revenues with external zones: $m,10.083650512489198
Angola,Angola_Central,DiscountedWeightedCostsCumulated,2040.0,Export revenues with internal zones: $m,-795.1116169013736
Angola,Angola_Central,DiscountedWeightedCostsCumulated,2040.0,Fixed O&M: $m,-807.579288721438
Angola,Angola_Central,DiscountedWeightedCostsCumulated,2040.0,Fuel costs: $m,-745.2912963930147
Angola,Angola_Central,DiscountedWeightedCostsCumulated,2040.0,Generation costs: $m,-730.8560732384902
Angola,Angola_Central,DiscountedWeightedCostsCumulated,2040.0,Import costs with external zones: $m,-730.8560732384902
Angola,Angola_Central,DiscountedWeightedCostsCumulated,2040.0,Import costs with internal zones: $m,874.9877266184222
Angola,Angola_Central,DiscountedWeightedCostsCumulated,2040.0,NPV of system cost: $m,1386.000384116691
Angola,Angola_Central,DiscountedWeightedCostsCumulated,2040.0,Spinning reserve costs: $m,1386.000384116691
Angola,Angola_Central,DiscountedWeightedCostsCumulated,2040.0,Startup costs: $m,1386.000384116691
Angola,Angola_Central,DiscountedWeightedCostsCumulated,2040.0,Trade shared benefits: $m,728.4959473174271
Angola,Angola_Central,DiscountedWeightedCostsCumulated,2040.0,Transmission costs: $m,767.0264246744953
Angola,Angola_Central,DiscountedWeightedCostsCumulated,2040.0,Unmet country CO2 backstop cost: $m,790.8377674957985
Angola,Angola_Central,DiscountedWeightedCostsCumulated,2040.0,Unmet country planning reserve costs: $m,790.8377674957985
Angola,Angola_Central,DiscountedWeightedCostsCumulated,2040.0,Unmet country spinning reserve costs: $m,790.8377674957985
Angola,Angola_Central,DiscountedWeightedCostsCumulated,2040.0,Unmet demand costs: $m,790.8377674957985
Angola,Angola_Central,DiscountedWeightedCostsCumulated,2040.0,Unmet system CO2 backstop cost: $m,790.8377674957985
Angola,Angola_Central,DiscountedWeightedCostsCumulated,2040.0,Unmet system planning reserve costs: $m,790.8377674957985
Angola,Angola_Central,DiscountedWeightedCostsCumulated,2040.0,Unmet system spinning reserve costs: $m,790.8603691964723
Angola,Angola_Central,DiscountedWeightedCostsCumulated,2040.0,VRE curtailment: $m,790.8929473010119
Angola,Angola_Central,DiscountedWeightedCostsCumulated,2040.0,Variable O&M: $m,792.1097765287237
Angola,Angola_Central,DiscountedWeightedCostsCumulated,2042.0,Carbon costs: $m,2.290117485368225
Angola,Angola_Central,DiscountedWeightedCostsCumulated,2042.0,Excess generation: $m,10.083650512489198
Angola,Angola_Central,DiscountedWeightedCostsCumulated,2042.0,Export revenues with external zones: $m,10.083650512489198
Angola,Angola_Central,DiscountedWeightedCostsCumulated,2042.0,Export revenues with internal zones: $m,-838.8588930826428
Angola,Angola_Central,DiscountedWeightedCostsCumulated,2042.0,Fixed O&M: $m,-796.4397720719395
Angola,Angola_Central,DiscountedWeightedCostsCumulated,2042.0,Fuel costs: $m,-742.2238852011626
Angola,Angola_Central,DiscountedWeightedCostsCumulated,2042.0,Generation costs: $m,-730.8560732384902
Angola,Angola_Central,DiscountedWeightedCostsCumulated,2042.0,Import costs with external zones: $m,-730.8560732384902
Angola,Angola_Central,DiscountedWeightedCostsCumulated,2042.0,Import costs with internal zones: $m,1044.782991930649
Angola,Angola_Central,DiscountedWeightedCostsCumulated,2042.0,NPV of system cost: $m,1386.000384116691
Angola,Angola_Central,DiscountedWeightedCostsCumulated,2042.0,Spinning reserve costs: $m,1386.000384116691
Angola,Angola_Central,DiscountedWeightedCostsCumulated,2042.0,Startup costs: $m,1386.000384116691
Angola,Angola_Central,DiscountedWeightedCostsCumulated,2042.0,Trade shared benefits: $m,714.2347441932225
Angola,Angola_Central,DiscountedWeightedCostsCumulated,2042.0,Transmission costs: $m,773.7594045745202
Angola,Angola_Central,DiscountedWeightedCostsCumulated,2042.0,Unmet country CO2 backstop cost: $m,790.8377674957985
Angola,Angola_Central,DiscountedWeightedCostsCumulated,2042.0,Unmet country planning reserve costs: $m,790.8377674957985
Angola,Angola_Central,DiscountedWeightedCostsCumulated,2042.0,Unmet country spinning reserve costs: $m,790.8377674957985
Angola,Angola_Central,DiscountedWeightedCostsCumulated,2042.0,Unmet demand costs: $m,790.8377674957985
Angola,Angola_Central,DiscountedWeightedCostsCumulated,2042.0,Unmet system CO2 backstop cost: $m,790.8377674957985
Angola,Angola_Central,DiscountedWeightedCostsCumulated,2042.0,Unmet system planning reserve costs: $m,790.8377674957985
Angola,Angola_Central,DiscountedWeightedCostsCumulated,2042.0,Unmet system spinning reserve costs: $m,790.8929473010119
Angola,Angola_Central,DiscountedWeightedCostsCumulated,2042.0,VRE curtailment: $m,790.8929473010119
Angola,Angola_Central,DiscountedWeightedCostsCumulated,2042.0,Variable O&M: $m,792.2549455345004
Angola,Angola_Central,DiscountedWeightedCostsCumulated,2045.0,Carbon costs: $m,3.4151715918989702
Angola,Angola_Central,DiscountedWeightedCostsCumulated,2045.0,Excess generation: $m,10.083650512489198
Angola,Angola_Central,DiscountedWeightedCostsCumulated,2045.0,Export revenues with external zones: $m,10.083650512489198
Angola,Angola_Central,DiscountedWeightedCostsCumulated,2045.0,Export revenues with internal zones: $m,-886.0574634207821
Angola,Angola_Central,DiscountedWeightedCostsCumulated,2045.0,Fixed O&M: $m,-775.7366931090197
Angola,Angola_Central,DiscountedWeightedCostsCumulated,2045.0,Fuel costs: $m,-739.3512834798192
Angola,Angola_Central,DiscountedWeightedCostsCumulated,2045.0,Generation costs: $m,-730.8560732384902
Angola,Angola_Central,DiscountedWeightedCostsCumulated,2045.0,Import costs with external zones: $m,-730.8560732384902
Angola,Angola_Central,DiscountedWeightedCostsCumulated,2045.0,Import costs with internal zones: $m,1196.7453908710277
Angola,Angola_Central,DiscountedWeightedCostsCumulated,2045.0,NPV of system cost: $m,1386.000384116691
Angola,Angola_Central,DiscountedWeightedCostsCumulated,2045.0,Spinning reserve costs: $m,1386.000384116691
Angola,Angola_Central,DiscountedWeightedCostsCumulated,2045.0,Startup costs: $m,1386.000384116691
Angola,Angola_Central,DiscountedWeightedCostsCumulated,2045.0,Trade shared benefits: $m,700.4575263975312
Angola,Angola_Central,DiscountedWeightedCostsCumulated,2045.0,Transmission costs: $m,781.7176414945404
Angola,Angola_Central,DiscountedWeightedCostsCumulated,2045.0,Unmet country CO2 backstop cost: $m,790.8377674957985
Angola,Angola_Central,DiscountedWeightedCostsCumulated,2045.0,Unmet country planning reserve costs: $m,790.8377674957985
Angola,Angola_Central,DiscountedWeightedCostsCumulated,2045.0,Unmet country spinning reserve costs: $m,790.8377674957985
Angola,Angola_Central,DiscountedWeightedCostsCumulated,2045.0,Unmet demand costs: $m,790.8377674957985
Angola,Angola_Central,DiscountedWeightedCostsCumulated,2045.0,Unmet system CO2 backstop cost: $m,790.8377674957985
Angola,Angola_Central,DiscountedWeightedCostsCumulated,2045.0,Unmet system planning reserve costs: $m,790.8377674957985
Angola,Angola_Central,DiscountedWeightedCostsCumulated,2045.0,Unmet system spinning reserve costs: $m,790.8929473010119
Angola,Angola_Central,DiscountedWeightedCostsCumulated,2045.0,VRE curtailment: $m,790.8929473010119
Angola,Angola_Central,DiscountedWeightedCostsCumulated,2045.0,Variable O&M: $m,792.5850245548737
Angola,Angola_Central,DiscountedWeightedCostsCumulated,2048.0,Carbon costs: $m,4.359408747866804
Angola,Angola_Central,DiscountedWeightedCostsCumulated,2048.0,Excess generation: $m,10.083650512489198
Angola,Angola_Central,DiscountedWeightedCostsCumulated,2048.0,Export revenues with external zones: $m,10.083650512489198
Angola,Angola_Central,DiscountedWeightedCostsCumulated,2048.0,Export revenues with internal zones: $m,-925.8609909052054
Angola,Angola_Central,DiscountedWeightedCostsCumulated,2048.0,Fixed O&M: $m,-760.0412919534751
Angola,Angola_Central,DiscountedWeightedCostsCumulated,2048.0,Fuel costs: $m,-738.011588595772
Angola,Angola_Central,DiscountedWeightedCostsCumulated,2048.0,Generation costs: $m,-730.8560732384902
Angola,Angola_Central,DiscountedWeightedCostsCumulated,2048.0,Import costs with external zones: $m,-730.8560732384902
Angola,Angola_Central,DiscountedWeightedCostsCumulated,2048.0,Import costs with internal zones: $m,1330.8325192880577
Angola,Angola_Central,DiscountedWeightedCostsCumulated,2048.0,NPV of system cost: $m,1386.000384116691
Angola,Angola_Central,DiscountedWeightedCostsCumulated,2048.0,Spinning reserve costs: $m,1386.000384116691
Angola,Angola_Central,DiscountedWeightedCostsCumulated,2048.0,Startup costs: $m,1386.000384116691
Angola,Angola_Central,DiscountedWeightedCostsCumulated,2048.0,Trade shared benefits: $m,681.7896360374286
Angola,Angola_Central,DiscountedWeightedCostsCumulated,2048.0,Transmission costs: $m,787.6967826816331
Angola,Angola_Central,DiscountedWeightedCostsCumulated,2048.0,Unmet country CO2 backstop cost: $m,790.8377674957985
Angola,Angola_Central,DiscountedWeightedCostsCumulated,2048.0,Unmet country planning reserve costs: $m,790.8377674957985
Angola,Angola_Central,DiscountedWeightedCostsCumulated,2048.0,Unmet country spinning reserve costs: $m,790.8377674957985
Angola,Angola_Central,DiscountedWeightedCostsCumulated,2048.0,Unmet demand costs: $m,790.8377674957985
Angola,Angola_Central,DiscountedWeightedCostsCumulated,2048.0,Unmet system CO2 backstop cost: $m,790.8377674957985
Angola,Angola_Central,DiscountedWeightedCostsCumulated,2048.0,Unmet system planning reserve costs: $m,790.8377674957985
Angola,Angola_Central,DiscountedWeightedCostsCumulated,2048.0,Unmet system spinning reserve costs: $m,790.8929473010119
Angola,Angola_Central,DiscountedWeightedCostsCumulated,2048.0,VRE curtailment: $m,790.8929473010119
Angola,Angola_Central,DiscountedWeightedCostsCumulated,2048.0,Variable O&M: $m,792.8221985300845
Angola,Angola_Central,DiscountedWeightedCostsCumulated,2050.0,Carbon costs: $m,10.083650512489198
Angola,Angola_Central,DiscountedWeightedCostsCumulated,2050.0,Excess generation: $m,10.083650512489198
Angola,Angola_Central,DiscountedWeightedCostsCumulated,2050.0,Export revenues with external zones: $m,10.083650512489198
Angola,Angola_Central,DiscountedWeightedCostsCumulated,2050.0,Export revenues with internal zones: $m,-948.9718316797748
Angola,Angola_Central,DiscountedWeightedCostsCumulated,2050.0,Fixed O&M: $m,-748.6405866313618
Angola,Angola_Central,DiscountedWeightedCostsCumulated,2050.0,Fuel costs: $m,-730.8560732384902
Angola,Angola_Central,DiscountedWeightedCostsCumulated,2050.0,Generation costs: $m,-730.8560732384902
Angola,Angola_Central,DiscountedWeightedCostsCumulated,2050.0,Import costs with external zones: $m,-730.8560732384902
Angola,Angola_Central,DiscountedWeightedCostsCumulated,2050.0,Import costs with internal zones: $m,1386.000384116691
Angola,Angola_Central,DiscountedWeightedCostsCumulated,2050.0,NPV of system cost: $m,1386.000384116691
Angola,Angola_Central,DiscountedWeightedCostsCumulated,2050.0,Spinning reserve costs: $m,1386.000384116691
Angola,Angola_Central,DiscountedWeightedCostsCumulated,2050.0,Startup costs: $m,1386.000384116691
Angola,Angola_Central,DiscountedWeightedCostsCumulated,2050.0,Trade shared benefits: $m,672.022403160953
Angola,Angola_Central,DiscountedWeightedCostsCumulated,2050.0,Transmission costs: $m,790.8377674957985
Angola,Angola_Central,DiscountedWeightedCostsCumulated,2050.0,Unmet country CO2 backstop cost: $m,790.8377674957985
Angola,Angola_Central,DiscountedWeightedCostsCumulated,2050.0,Unmet country planning reserve costs: $m,790.8377674957985
Angola,Angola_Central,DiscountedWeightedCostsCumulated,2050.0,Unmet country spinning reserve costs: $m,790.8377674957985
Angola,Angola_Central,DiscountedWeightedCostsCumulated,2050.0,Unmet demand costs: $m,790.8377674957985
Angola,Angola_Central,DiscountedWeightedCostsCumulated,2050.0,Unmet system CO2 backstop cost: $m,790.8377674957985
Angola,Angola_Central,DiscountedWeightedCostsCumulated,2050.0,Unmet system planning reserve costs: $m,790.8377674957985
Angola,Angola_Central,DiscountedWeightedCostsCumulated,2050.0,Unmet system spinning reserve costs: $m,790.8929473010119
Angola,Angola_Central,DiscountedWeightedCostsCumulated,2050.0,VRE curtailment: $m,790.8929473010119
Angola,Angola_Central,DiscountedWeightedCostsCumulated,2050.0,Variable O&M: $m,793.221654727644
Angola,Angola_Central,GenCostsPerMWh,2025.0,Fixed O&M: $m,21.977249354237408
Angola,Angola_Central,GenCostsPerMWh,2025.0,Variable Cost: $m,0.2005170087992438
Angola,Angola_Central,GenCostsPerMWh,2027.0,Fixed O&M: $m,21.97724935423741
Angola,Angola_Central,GenCostsPerMWh,2027.0,Variable Cost: $m,0.2005170087992438
Angola,Angola_Central,GenCostsPerMWh,2030.0,Fixed O&M: $m,22.025131046307447
Angola,Angola_Central,GenCostsPerMWh,2030.0,Variable Cost: $m,0.2009538739189581
Angola,Angola_Central,GenCostsPerMWh,2032.0,Fixed O&M: $m,20.097139842004687
Angola,Angola_Central,GenCostsPerMWh,2032.0,Investment costs: $m,5.4033753060361125
Angola,Angola_Central,GenCostsPerMWh,2032.0,Variable Cost: $m,0.1660567582333763
Angola,Angola_Central,GenCostsPerMWh,2035.0,Fixed O&M: $m,18.015453698950523
Angola,Angola_Central,GenCostsPerMWh,2035.0,Investment costs: $m,11.857682081386038
Angola,Angola_Central,GenCostsPerMWh,2035.0,Variable Cost: $m,0.1309041484137875
Angola,Angola_Central,GenCostsPerMWh,2038.0,Fixed O&M: $m,16.95875770231913
Angola,Angola_Central,GenCostsPerMWh,2038.0,Investment costs: $m,15.534090647562438
Angola,Angola_Central,GenCostsPerMWh,2038.0,Variable Cost: $m,0.4499482912247143
Angola,Angola_Central,GenCostsPerMWh,2040.0,Fixed O&M: $m,15.785466754751685
Angola,Angola_Central,GenCostsPerMWh,2040.0,Investment costs: $m,16.566622743042938
Angola,Angola_Central,GenCostsPerMWh,2040.0,Variable Cost: $m,3.981250298602249
Angola,Angola_Central,GenCostsPerMWh,2042.0,Fixed O&M: $m,16.28593359603748
Angola,Angola_Central,GenCostsPerMWh,2042.0,Investment costs: $m,18.6212572090042
Angola,Angola_Central,GenCostsPerMWh,2042.0,Variable Cost: $m,4.696780786523741
Angola,Angola_Central,GenCostsPerMWh,2045.0,Fixed O&M: $m,15.804430454834328
Angola,Angola_Central,GenCostsPerMWh,2045.0,Investment costs: $m,31.65992812470192
Angola,Angola_Central,GenCostsPerMWh,2045.0,Variable Cost: $m,2.444880065528176
Angola,Angola_Central,GenCostsPerMWh,2048.0,Fixed O&M: $m,14.25364852775209
Angola,Angola_Central,GenCostsPerMWh,2048.0,Investment costs: $m,31.47877707836313
Angola,Angola_Central,GenCostsPerMWh,2048.0,Variable Cost: $m,1.432020390653152
Angola,Angola_Central,GenCostsPerMWh,2050.0,Fixed O&M: $m,15.375248387892714
Angola,Angola_Central,GenCostsPerMWh,2050.0,Investment costs: $m,33.4746626201304
Angola,Angola_Central,GenCostsPerMWh,2050.0,Variable Cost: $m,10.18880507277388
Angola,Angola_Central,NetPresentCostPerMWh,,Carbon costs: $m,0.3495396440741938
Angola,Angola_Central,NetPresentCostPerMWh,,Excess generation: $m,0.0
Angola,Angola_Central,NetPresentCostPerMWh,,Export revenues with external zones: $m,0.0
Angola,Angola_Central,NetPresentCostPerMWh,,Export revenues with internal zones: $m,-33.24469759019204
Angola,Angola_Central,NetPresentCostPerMWh,,Fixed O&M: $m,6.944281934844323
Angola,Angola_Central,NetPresentCostPerMWh,,Fuel costs: $m,0.616482341754869
Angola,Angola_Central,NetPresentCostPerMWh,,Generation costs: $m,0.0
Angola,Angola_Central,NetPresentCostPerMWh,,Import costs with external zones: $m,0.0
Angola,Angola_Central,NetPresentCostPerMWh,,Import costs with internal zones: $m,73.37870860792407
Angola,Angola_Central,NetPresentCostPerMWh,,NPV of system cost: $m,0.0
Angola,Angola_Central,NetPresentCostPerMWh,,Spinning reserve costs: $m,0.0
Angola,Angola_Central,NetPresentCostPerMWh,,Startup costs: $m,0.0
Angola,Angola_Central,NetPresentCostPerMWh,,Trade shared benefits: $m,-24.74933150757069
Angola,Angola_Central,NetPresentCostPerMWh,,Transmission costs: $m,4.118615585566888
Angola,Angola_Central,NetPresentCostPerMWh,,Unmet country CO2 backstop cost: $m,0.0
Angola,Angola_Central,NetPresentCostPerMWh,,Unmet country planning reserve costs: $m,0.0
Angola,Angola_Central,NetPresentCostPerMWh,,Unmet country spinning reserve costs: $m,0.0
Angola,Angola_Central,NetPresentCostPerMWh,,Unmet demand costs: $m,0.0
Angola,Angola_Central,NetPresentCostPerMWh,,Unmet system CO2 backstop cost: $m,0.0
Angola,Angola_Central,NetPresentCostPerMWh,,Unmet system planning reserve costs: $m,0.0
Angola,Angola_Central,NetPresentCostPerMWh,,Unmet system spinning reserve costs: $m,0.0019127526732969
Angola,Angola_Central,NetPresentCostPerMWh,,VRE curtailment: $m,0.0
Angola,Angola_Central,NetPresentCostPerMWh,,Variable O&M: $m,0.0807223102436682
Angola,Angola_East,Costs,2025.0,Carbon costs: $m,14.189597546471427
Angola,Angola_East,Costs,2025.0,Excess generation: $m,0.0
Angola,Angola_East,Costs,2025.0,Export revenues with external zones: $m,0.0
Angola,Angola_East,Costs,2025.0,Export revenues with internal zones: $m,0.0
Angola,Angola_East,Costs,2025.0,Fixed O&M: $m,5.804996099999999
Angola,Angola_East,Costs,2025.0,Fuel costs: $m,49.72788048529226
Angola,Angola_East,Costs,2025.0,Generation costs: $m,0.0
Angola,Angola_East,Costs,2025.0,Import costs with external zones: $m,0.0
Angola,Angola_East,Costs,2025.0,Import costs with internal zones: $m,0.0
Angola,Angola_East,Costs,2025.0,NPV of system cost: $m,0.0
Angola,Angola_East,Costs,2025.0,Spinning reserve costs: $m,0.0
Angola,Angola_East,Costs,2025.0,Startup costs: $m,0.0
Angola,Angola_East,Costs,2025.0,Trade shared benefits: $m,0.0
Angola,Angola_East,Costs,2025.0,Transmission costs: $m,0.0
Angola,Angola_East,Costs,2025.0,Unmet country CO2 backstop cost: $m,0.0
Angola,Angola_East,Costs,2025.0,Unmet country planning reserve costs: $m,0.0
Angola,Angola_East,Costs,2025.0,Unmet country spinning reserve costs: $m,0.0
Angola,Angola_East,Costs,2025.0,Unmet demand costs: $m,0.0
Angola,Angola_East,Costs,2025.0,Unmet system CO2 backstop cost: $m,0.0
Angola,Angola_East,Costs,2025.0,Unmet system planning reserve costs: $m,0.0
Angola,Angola_East,Costs,2025.0,Unmet system spinning reserve costs: $m,0.0
Angola,Angola_East,Costs,2025.0,VRE curtailment: $m,0.0
Angola,Angola_East,Costs,2025.0,Variable O&M: $m,1.735856380896
Angola,Angola_East,Costs,2027.0,Carbon costs: $m,16.150388091652445
Angola,Angola_East,Costs,2027.0,Excess generation: $m,0.0
Angola,Angola_East,Costs,2027.0,Export revenues with external zones: $m,0.0
Angola,Angola_East,Costs,2027.0,Export revenues with internal zones: $m,0.0
Angola,Angola_East,Costs,2027.0,Fixed O&M: $m,5.804996099999999
Angola,Angola_East,Costs,2027.0,Fuel costs: $m,55.6916784703373
Angola,Angola_East,Costs,2027.0,Generation costs: $m,0.0
Angola,Angola_East,Costs,2027.0,Import costs with external zones: $m,0.0
Angola,Angola_East,Costs,2027.0,Import costs with internal zones: $m,0.0
Angola,Angola_East,Costs,2027.0,NPV of system cost: $m,0.0
Angola,Angola_East,Costs,2027.0,Spinning reserve costs: $m,0.0
Angola,Angola_East,Costs,2027.0,Startup costs: $m,0.0
Angola,Angola_East,Costs,2027.0,Trade shared benefits: $m,0.0
Angola,Angola_East,Costs,2027.0,Transmission costs: $m,0.0
Angola,Angola_East,Costs,2027.0,Unmet country CO2 backstop cost: $m,0.0
Angola,Angola_East,Costs,2027.0,Unmet country planning reserve costs: $m,0.0
Angola,Angola_East,Costs,2027.0,Unmet country spinning reserve costs: $m,0.0
Angola,Angola_East,Costs,2027.0,Unmet demand costs: $m,0.0
Angola,Angola_East,Costs,2027.0,Unmet system CO2 backstop cost: $m,0.0
Angola,Angola_East,Costs,2027.0,Unmet system planning reserve costs: $m,0.0
Angola,Angola_East,Costs,2027.0,Unmet system spinning reserve costs: $m,0.0
Angola,Angola_East,Costs,2027.0,VRE curtailment: $m,0.0
Angola,Angola_East,Costs,2027.0,Variable O&M: $m,1.887278294463335
Angola,Angola_East,Costs,2030.0,Carbon costs: $m,13.5325224071475
Angola,Angola_East,Costs,2030.0,Excess generation: $m,0.0
Angola,Angola_East,Costs,2030.0,Export revenues with external zones: $m,0.0
Angola,Angola_East,Costs,2030.0,Export revenues with internal zones: $m,0.0
Angola,Angola_East,Costs,2030.0,Fixed O&M: $m,7.683787742015903
Angola,Angola_East,Costs,2030.0,Fuel costs: $m,45.528134856138536
Angola,Angola_East,Costs,2030.0,Generation costs: $m,0.0
Angola,Angola_East,Costs,2030.0,Import costs with external zones: $m,0.0
Angola,Angola_East,Costs,2030.0,Import costs with internal zones: $m,0.0
Angola,Angola_East,Costs,2030.0,NPV of system cost: $m,0.0
Angola,Angola_East,Costs,2030.0,Spinning reserve costs: $m,0.0
Angola,Angola_East,Costs,2030.0,Startup costs: $m,0.0
Angola,Angola_East,Costs,2030.0,Trade shared benefits: $m,0.0
Angola,Angola_East,Costs,2030.0,Transmission costs: $m,0.0
Angola,Angola_East,Costs,2030.0,Unmet country CO2 backstop cost: $m,0.0
Angola,Angola_East,Costs,2030.0,Unmet country planning reserve costs: $m,0.0
Angola,Angola_East,Costs,2030.0,Unmet country spinning reserve costs: $m,0.0
Angola,Angola_East,Costs,2030.0,Unmet demand costs: $m,5.938273398379469
Angola,Angola_East,Costs,2030.0,Unmet system CO2 backstop cost: $m,0.0
Angola,Angola_East,Costs,2030.0,Unmet system planning reserve costs: $m,0.0
Angola,Angola_East,Costs,2030.0,Unmet system spinning reserve costs: $m,0.0
Angola,Angola_East,Costs,2030.0,VRE curtailment: $m,0.0
Angola,Angola_East,Costs,2030.0,Variable O&M: $m,1.489683041230745
Angola,Angola_East,Costs,2032.0,Carbon costs: $m,2.5747034774156234
Angola,Angola_East,Costs,2032.0,Excess generation: $m,0.0
Angola,Angola_East,Costs,2032.0,Export revenues with external zones: $m,0.0
Angola,Angola_East,Costs,2032.0,Export revenues with internal zones: $m,0.0
Angola,Angola_East,Costs,2032.0,Fixed O&M: $m,13.083875213625532
Angola,Angola_East,Costs,2032.0,Fuel costs: $m,8.440762571791176
Angola,Angola_East,Costs,2032.0,Generation costs: $m,0.0
Angola,Angola_East,Costs,2032.0,Import costs with external zones: $m,0.0
Angola,Angola_East,Costs,2032.0,Import costs with internal zones: $m,0.0
Angola,Angola_East,Costs,2032.0,NPV of system cost: $m,0.0
Angola,Angola_East,Costs,2032.0,Spinning reserve costs: $m,0.0
Angola,Angola_East,Costs,2032.0,Startup costs: $m,0.0
Angola,Angola_East,Costs,2032.0,Trade shared benefits: $m,0.0
Angola,Angola_East,Costs,2032.0,Transmission costs: $m,0.0
Angola,Angola_East,Costs,2032.0,Unmet country CO2 backstop cost: $m,0.0
Angola,Angola_East,Costs,2032.0,Unmet country planning reserve costs: $m,0.0
Angola,Angola_East,Costs,2032.0,Unmet country spinning reserve costs: $m,0.0
Angola,Angola_East,Costs,2032.0,Unmet demand costs: $m,0.0
Angola,Angola_East,Costs,2032.0,Unmet system CO2 backstop cost: $m,0.0
Angola,Angola_East,Costs,2032.0,Unmet system planning reserve costs: $m,0.0
Angola,Angola_East,Costs,2032.0,Unmet system spinning reserve costs: $m,0.0
Angola,Angola_East,Costs,2032.0,VRE curtailment: $m,0.0
Angola,Angola_East,Costs,2032.0,Variable O&M: $m,0.4531505392657707
Angola,Angola_East,Costs,2035.0,Carbon costs: $m,4.054757448678821
Angola,Angola_East,Costs,2035.0,Excess generation: $m,0.0
Angola,Angola_East,Costs,2035.0,Export revenues with external zones: $m,0.0
Angola,Angola_East,Costs,2035.0,Export revenues with internal zones: $m,0.0
Angola,Angola_East,Costs,2035.0,Fixed O&M: $m,13.083875213625532
Angola,Angola_East,Costs,2035.0,Fuel costs: $m,12.574678717105872
Angola,Angola_East,Costs,2035.0,Generation costs: $m,0.0
Angola,Angola_East,Costs,2035.0,Import costs with external zones: $m,0.0
Angola,Angola_East,Costs,2035.0,Import costs with internal zones: $m,0.0
Angola,Angola_East,Costs,2035.0,NPV of system cost: $m,0.0
Angola,Angola_East,Costs,2035.0,Spinning reserve costs: $m,0.0
Angola,Angola_East,Costs,2035.0,Startup costs: $m,0.0
Angola,Angola_East,Costs,2035.0,Trade shared benefits: $m,0.0
Angola,Angola_East,Costs,2035.0,Transmission costs: $m,0.0
Angola,Angola_East,Costs,2035.0,Unmet country CO2 backstop cost: $m,0.0
Angola,Angola_East,Costs,2035.0,Unmet country planning reserve costs: $m,0.0
Angola,Angola_East,Costs,2035.0,Unmet country spinning reserve costs: $m,0.0
Angola,Angola_East,Costs,2035.0,Unmet demand costs: $m,0.0
Angola,Angola_East,Costs,2035.0,Unmet system CO2 backstop cost: $m,0.0
Angola,Angola_East,Costs,2035.0,Unmet system planning reserve costs: $m,0.0
Angola,Angola_East,Costs,2035.0,Unmet system spinning reserve costs: $m,0.0
Angola,Angola_East,Costs,2035.0,VRE curtailment: $m,0.0
Angola,Angola_East,Costs,2035.0,Variable O&M: $m,0.5880649043737773
Angola,Angola_East,Costs,2038.0,Carbon costs: $m,0.0
Angola,Angola_East,Costs,2038.0,Excess generation: $m,0.0
Angola,Angola_East,Costs,2038.0,Export revenues with external zones: $m,0.0
Angola,Angola_East,Costs,2038.0,Export revenues with internal zones: $m,-64.2351308373662
Angola,Angola_East,Costs,2038.0,Fixed O&M: $m,13.99785857160963
Angola,Angola_East,Costs,2038.0,Fuel costs: $m,0.0
Angola,Angola_East,Costs,2038.0,Generation costs: $m,0.0
Angola,Angola_East,Costs,2038.0,Import costs with external zones: $m,0.0
Angola,Angola_East,Costs,2038.0,Import costs with internal zones: $m,67.46916647774134
Angola,Angola_East,Costs,2038.0,NPV of system cost: $m,0.0
Angola,Angola_East,Costs,2038.0,Spinning reserve costs: $m,0.0
Angola,Angola_East,Costs,2038.0,Startup costs: $m,0.0
Angola,Angola_East,Costs,2038.0,Trade shared benefits: $m,-17.969155492601818
Angola,Angola_East,Costs,2038.0,Transmission costs: $m,9.90070044299794
Angola,Angola_East,Costs,2038.0,Unmet country CO2 backstop cost: $m,0.0
Angola,Angola_East,Costs,2038.0,Unmet country planning reserve costs: $m,0.0
Angola,Angola_East,Costs,2038.0,Unmet country spinning reserve costs: $m,0.0
Angola,Angola_East,Costs,2038.0,Unmet demand costs: $m,0.0
Angola,Angola_East,Costs,2038.0,Unmet system CO2 backstop cost: $m,0.0
Angola,Angola_East,Costs,2038.0,Unmet system planning reserve costs: $m,0.0
Angola,Angola_East,Costs,2038.0,Unmet system spinning reserve costs: $m,0.0003315871852633
Angola,Angola_East,Costs,2038.0,VRE curtailment: $m,0.0
Angola,Angola_East,Costs,2038.0,Variable O&M: $m,0.3004240869732309
Angola,Angola_East,Costs,2040.0,Carbon costs: $m,0.0
Angola,Angola_East,Costs,2040.0,Excess generation: $m,0.0
Angola,Angola_East,Costs,2040.0,Export revenues with external zones: $m,0.0
Angola,Angola_East,Costs,2040.0,Export revenues with internal zones: $m,-67.5620433279841
Angola,Angola_East,Costs,2040.0,Fixed O&M: $m,13.99785857160963
Angola,Angola_East,Costs,2040.0,Fuel costs: $m,0.0
Angola,Angola_East,Costs,2040.0,Generation costs: $m,0.0
Angola,Angola_East,Costs,2040.0,Import costs with external zones: $m,0.0
Angola,Angola_East,Costs,2040.0,Import costs with internal zones: $m,73.29933156131085
Angola,Angola_East,Costs,2040.0,NPV of system cost: $m,0.0
Angola,Angola_East,Costs,2040.0,Spinning reserve costs: $m,0.0
Angola,Angola_East,Costs,2040.0,Startup costs: $m,0.0
Angola,Angola_East,Costs,2040.0,Trade shared benefits: $m,-33.5347938288733
Angola,Angola_East,Costs,2040.0,Transmission costs: $m,10.513800253625272
Angola,Angola_East,Costs,2040.0,Unmet country CO2 backstop cost: $m,0.0
Angola,Angola_East,Costs,2040.0,Unmet country planning reserve costs: $m,0.0
Angola,Angola_East,Costs,2040.0,Unmet country spinning reserve costs: $m,0.0
Angola,Angola_East,Costs,2040.0,Unmet demand costs: $m,0.0
Angola,Angola_East,Costs,2040.0,Unmet system CO2 backstop cost: $m,0.0
Angola,Angola_East,Costs,2040.0,Unmet system planning reserve costs: $m,0.0
Angola,Angola_East,Costs,2040.0,Unmet system spinning reserve costs: $m,0.0078508102866227
Angola,Angola_East,Costs,2040.0,VRE curtailment: $m,0.0
Angola,Angola_East,Costs,2040.0,Variable O&M: $m,0.3005616606870962
Angola,Angola_East,Costs,2042.0,Carbon costs: $m,0.0
Angola,Angola_East,Costs,2042.0,Excess generation: $m,0.0
Angola,Angola_East,Costs,2042.0,Export revenues with external zones: $m,0.0
Angola,Angola_East,Costs,2042.0,Export revenues with internal zones: $m,-82.89579353449884
Angola,Angola_East,Costs,2042.0,Fixed O&M: $m,13.99785857160963
Angola,Angola_East,Costs,2042.0,Fuel costs: $m,0.0
Angola,Angola_East,Costs,2042.0,Generation costs: $m,0.0
Angola,Angola_East,Costs,2042.0,Import costs with external zones: $m,0.0
Angola,Angola_East,Costs,2042.0,Import costs with internal zones: $m,92.03087518450258
Angola,Angola_East,Costs,2042.0,NPV of system cost: $m,0.0
Angola,Angola_East,Costs,2042.0,Spinning reserve costs: $m,0.0
Angola,Angola_East,Costs,2042.0,Startup costs: $m,0.0
Angola,Angola_East,Costs,2042.0,Trade shared benefits: $m,-49.50034650530479
Angola,Angola_East,Costs,2042.0,Transmission costs: $m,10.701194344051864
Angola,Angola_East,Costs,2042.0,Unmet country CO2 backstop cost: $m,0.0
Angola,Angola_East,Costs,2042.0,Unmet country planning reserve costs: $m,0.0
Angola,Angola_East,Costs,2042.0,Unmet country spinning reserve costs: $m,0.0
Angola,Angola_East,Costs,2042.0,Unmet demand costs: $m,0.0
Angola,Angola_East,Costs,2042.0,Unmet system CO2 backstop cost: $m,0.0
Angola,Angola_East,Costs,2042.0,Unmet system planning reserve costs: $m,0.0
Angola,Angola_East,Costs,2042.0,Unmet system spinning reserve costs: $m,0.0147934386665957
Angola,Angola_East,Costs,2042.0,VRE curtailment: $m,0.0
Angola,Angola_East,Costs,2042.0,Variable O&M: $m,0.3005616606870962
Angola,Angola_East,Costs,2045.0,Carbon costs: $m,0.0
Angola,Angola_East,Costs,2045.0,Excess generation: $m,0.0
Angola,Angola_East,Costs,2045.0,Export revenues with external zones: $m,0.0
Angola,Angola_East,Costs,2045.0,Export revenues with internal zones: $m,-95.963927751482
Angola,Angola_East,Costs,2045.0,Fixed O&M: $m,13.99785857160963
Angola,Angola_East,Costs,2045.0,Fuel costs: $m,0.0
Angola,Angola_East,Costs,2045.0,Generation costs: $m,0.0
Angola,Angola_East,Costs,2045.0,Import costs with external zones: $m,0.0
Angola,Angola_East,Costs,2045.0,Import costs with internal zones: $m,108.32629610492154
Angola,Angola_East,Costs,2045.0,NPV of system cost: $m,0.0
Angola,Angola_East,Costs,2045.0,Spinning reserve costs: $m,0.0
Angola,Angola_East,Costs,2045.0,Startup costs: $m,0.0
Angola,Angola_East,Costs,2045.0,Trade shared benefits: $m,-45.07755111691588
Angola,Angola_East,Costs,2045.0,Transmission costs: $m,10.949975949755345
Angola,Angola_East,Costs,2045.0,Unmet country CO2 backstop cost: $m,0.0
Angola,Angola_East,Costs,2045.0,Unmet country planning reserve costs: $m,0.0
Angola,Angola_East,Costs,2045.0,Unmet country spinning reserve costs: $m,0.0
Angola,Angola_East,Costs,2045.0,Unmet demand costs: $m,0.0
Angola,Angola_East,Costs,2045.0,Unmet system CO2 backstop cost: $m,0.0
Angola,Angola_East,Costs,2045.0,Unmet system planning reserve costs: $m,0.0
Angola,Angola_East,Costs,2045.0,Unmet system spinning reserve costs: $m,0.0
Angola,Angola_East,Costs,2045.0,VRE curtailment: $m,0.0
Angola,Angola_East,Costs,2045.0,Variable O&M: $m,0.3005616606870962
Angola,Angola_East,Costs,2048.0,Carbon costs: $m,0.0
Angola,Angola_East,Costs,2048.0,Excess generation: $m,0.0
Angola,Angola_East,Costs,2048.0,Export revenues with external zones: $m,0.0
Angola,Angola_East,Costs,2048.0,Export revenues with internal zones: $m,-95.6701426668558
Angola,Angola_East,Costs,2048.0,Fixed O&M: $m,13.99785857160963
Angola,Angola_East,Costs,2048.0,Fuel costs: $m,0.0
Angola,Angola_East,Costs,2048.0,Generation costs: $m,0.0
Angola,Angola_East,Costs,2048.0,Import costs with external zones: $m,0.0
Angola,Angola_East,Costs,2048.0,Import costs with internal zones: $m,112.0317456786472
Angola,Angola_East,Costs,2048.0,NPV of system cost: $m,0.0
Angola,Angola_East,Costs,2048.0,Spinning reserve costs: $m,0.0
Angola,Angola_East,Costs,2048.0,Startup costs: $m,0.0
Angola,Angola_East,Costs,2048.0,Trade shared benefits: $m,-52.02538692011044
Angola,Angola_East,Costs,2048.0,Transmission costs: $m,11.25059145440748
Angola,Angola_East,Costs,2048.0,Unmet country CO2 backstop cost: $m,0.0
Angola,Angola_East,Costs,2048.0,Unmet country planning reserve costs: $m,0.0
Angola,Angola_East,Costs,2048.0,Unmet country spinning reserve costs: $m,0.0
Angola,Angola_East,Costs,2048.0,Unmet demand costs: $m,0.0
Angola,Angola_East,Costs,2048.0,Unmet system CO2 backstop cost: $m,0.0
Angola,Angola_East,Costs,2048.0,Unmet system planning reserve costs: $m,0.0
Angola,Angola_East,Costs,2048.0,Unmet system spinning reserve costs: $m,0.0
Angola,Angola_East,Costs,2048.0,VRE curtailment: $m,0.0
Angola,Angola_East,Costs,2048.0,Variable O&M: $m,0.3005616606870962
Angola,Angola_East,Costs,2050.0,Carbon costs: $m,0.0090521403091674
Angola,Angola_East,Costs,2050.0,Excess generation: $m,0.0
Angola,Angola_East,Costs,2050.0,Export revenues with external zones: $m,0.0
Angola,Angola_East,Costs,2050.0,Export revenues with internal zones: $m,-91.12255120847502
Angola,Angola_East,Costs,2050.0,Fixed O&M: $m,13.99785857160963
Angola,Angola_East,Costs,2050.0,Fuel costs: $m,0.0201402925814304
Angola,Angola_East,Costs,2050.0,Generation costs: $m,0.0
Angola,Angola_East,Costs,2050.0,Import costs with external zones: $m,0.0
Angola,Angola_East,Costs,2050.0,Import costs with internal zones: $m,110.62483495378568
Angola,Angola_East,Costs,2050.0,NPV of system cost: $m,0.0
Angola,Angola_East,Costs,2050.0,Spinning reserve costs: $m,0.0
Angola,Angola_East,Costs,2050.0,Startup costs: $m,0.0
Angola,Angola_East,Costs,2050.0,Trade shared benefits: $m,-52.774089426504986
Angola,Angola_East,Costs,2050.0,Transmission costs: $m,11.438913136933104
Angola,Angola_East,Costs,2050.0,Unmet country CO2 backstop cost: $m,0.0
Angola,Angola_East,Costs,2050.0,Unmet country planning reserve costs: $m,0.0
Angola,Angola_East,Costs,2050.0,Unmet country spinning reserve costs: $m,0.0
Angola,Angola_East,Costs,2050.0,Unmet demand costs: $m,0.0
Angola,Angola_East,Costs,2050.0,Unmet system CO2 backstop cost: $m,0.0
Angola,Angola_East,Costs,2050.0,Unmet system planning reserve costs: $m,0.0
Angola,Angola_East,Costs,2050.0,Unmet system spinning reserve costs: $m,0.0
Angola,Angola_East,Costs,2050.0,VRE curtailment: $m,0.0
Angola,Angola_East,Costs,2050.0,Variable O&M: $m,0.3011764829327191
Angola,Angola_East,DiscountedWeightedCostsCumulated,2025.0,Carbon costs: $m,807.4112522741154
Angola,Angola_East,DiscountedWeightedCostsCumulated,2025.0,Excess generation: $m,874.176864032628
Angola,Angola_East,DiscountedWeightedCostsCumulated,2025.0,Export revenues with external zones: $m,874.176864032628
Angola,Angola_East,DiscountedWeightedCostsCumulated,2025.0,Export revenues with internal zones: $m,874.176864032628
Angola,Angola_East,DiscountedWeightedCostsCumulated,2025.0,Fixed O&M: $m,639.0678621205946
Angola,Angola_East,DiscountedWeightedCostsCumulated,2025.0,Fuel costs: $m,791.0457683608503
Angola,Angola_East,DiscountedWeightedCostsCumulated,2025.0,Generation costs: $m,1016.4585007374986
Angola,Angola_East,DiscountedWeightedCostsCumulated,2025.0,Import costs with external zones: $m,1016.4585007374986
Angola,Angola_East,DiscountedWeightedCostsCumulated,2025.0,Import costs with internal zones: $m,1016.4585007374986
Angola,Angola_East,DiscountedWeightedCostsCumulated,2025.0,NPV of system cost: $m,1284.256671676516
Angola,Angola_East,DiscountedWeightedCostsCumulated,2025.0,Spinning reserve costs: $m,1284.256671676516
Angola,Angola_East,DiscountedWeightedCostsCumulated,2025.0,Startup costs: $m,1284.256671676516
Angola,Angola_East,DiscountedWeightedCostsCumulated,2025.0,Trade shared benefits: $m,1284.256671676516
Angola,Angola_East,DiscountedWeightedCostsCumulated,2025.0,Transmission costs: $m,1173.0189084877177
Angola,Angola_East,DiscountedWeightedCostsCumulated,2025.0,Unmet country CO2 backstop cost: $m,1205.444566526001
Angola,Angola_East,DiscountedWeightedCostsCumulated,2025.0,Unmet country planning reserve costs: $m,1205.444566526001
Angola,Angola_East,DiscountedWeightedCostsCumulated,2025.0,Unmet country spinning reserve costs: $m,1205.444566526001
Angola,Angola_East,DiscountedWeightedCostsCumulated,2025.0,Unmet demand costs: $m,1205.444566526001
Angola,Angola_East,DiscountedWeightedCostsCumulated,2025.0,Unmet system CO2 backstop cost: $m,1218.2062228672492
Angola,Angola_East,DiscountedWeightedCostsCumulated,2025.0,Unmet system planning reserve costs: $m,1218.2062228672492
Angola,Angola_East,DiscountedWeightedCostsCumulated,2025.0,Unmet system spinning reserve costs: $m,1218.2062228672492
Angola,Angola_East,DiscountedWeightedCostsCumulated,2025.0,VRE curtailment: $m,1218.217128993457
Angola,Angola_East,DiscountedWeightedCostsCumulated,2025.0,Variable O&M: $m,1219.952985374353
Angola,Angola_East,DiscountedWeightedCostsCumulated,2027.0,Carbon costs: $m,836.7755942589381
Angola,Angola_East,DiscountedWeightedCostsCumulated,2027.0,Excess generation: $m,874.176864032628
Angola,Angola_East,DiscountedWeightedCostsCumulated,2027.0,Export revenues with external zones: $m,874.176864032628
Angola,Angola_East,DiscountedWeightedCostsCumulated,2027.0,Export revenues with internal zones: $m,874.176864032628
Angola,Angola_East,DiscountedWeightedCostsCumulated,2027.0,Fixed O&M: $m,649.6224004842309
Angola,Angola_East,DiscountedWeightedCostsCumulated,2027.0,Fuel costs: $m,892.3033655796454
Angola,Angola_East,DiscountedWeightedCostsCumulated,2027.0,Generation costs: $m,1016.4585007374986
Angola,Angola_East,DiscountedWeightedCostsCumulated,2027.0,Import costs with external zones: $m,1016.4585007374986
Angola,Angola_East,DiscountedWeightedCostsCumulated,2027.0,Import costs with internal zones: $m,1016.4585007374986
Angola,Angola_East,DiscountedWeightedCostsCumulated,2027.0,NPV of system cost: $m,1284.256671676516
Angola,Angola_East,DiscountedWeightedCostsCumulated,2027.0,Spinning reserve costs: $m,1284.256671676516
Angola,Angola_East,DiscountedWeightedCostsCumulated,2027.0,Startup costs: $m,1284.256671676516
Angola,Angola_East,DiscountedWeightedCostsCumulated,2027.0,Trade shared benefits: $m,1284.256671676516
Angola,Angola_East,DiscountedWeightedCostsCumulated,2027.0,Transmission costs: $m,1173.0189084877177
Angola,Angola_East,DiscountedWeightedCostsCumulated,2027.0,Unmet country CO2 backstop cost: $m,1205.444566526001
Angola,Angola_East,DiscountedWeightedCostsCumulated,2027.0,Unmet country planning reserve costs: $m,1205.444566526001
Angola,Angola_East,DiscountedWeightedCostsCumulated,2027.0,Unmet country spinning reserve costs: $m,1205.444566526001
Angola,Angola_East,DiscountedWeightedCostsCumulated,2027.0,Unmet demand costs: $m,1205.444566526001
Angola,Angola_East,DiscountedWeightedCostsCumulated,2027.0,Unmet system CO2 backstop cost: $m,1218.2062228672492
Angola,Angola_East,DiscountedWeightedCostsCumulated,2027.0,Unmet system planning reserve costs: $m,1218.2062228672492
Angola,Angola_East,DiscountedWeightedCostsCumulated,2027.0,Unmet system spinning reserve costs: $m,1218.2062228672492
Angola,Angola_East,DiscountedWeightedCostsCumulated,2027.0,VRE curtailment: $m,1218.217128993457
Angola,Angola_East,DiscountedWeightedCostsCumulated,2027.0,Variable O&M: $m,1223.3844004551954
Angola,Angola_East,DiscountedWeightedCostsCumulated,2030.0,Carbon costs: $m,865.8576840861572
Angola,Angola_East,DiscountedWeightedCostsCumulated,2030.0,Excess generation: $m,874.176864032628
Angola,Angola_East,DiscountedWeightedCostsCumulated,2030.0,Export revenues with external zones: $m,874.176864032628
Angola,Angola_East,DiscountedWeightedCostsCumulated,2030.0,Export revenues with internal zones: $m,874.176864032628
Angola,Angola_East,DiscountedWeightedCostsCumulated,2030.0,Fixed O&M: $m,666.1352573340791
Angola,Angola_East,DiscountedWeightedCostsCumulated,2030.0,Fuel costs: $m,990.1456796520488
Angola,Angola_East,DiscountedWeightedCostsCumulated,2030.0,Generation costs: $m,1016.4585007374986
Angola,Angola_East,DiscountedWeightedCostsCumulated,2030.0,Import costs with external zones: $m,1016.4585007374986
Angola,Angola_East,DiscountedWeightedCostsCumulated,2030.0,Import costs with internal zones: $m,1016.4585007374986
Angola,Angola_East,DiscountedWeightedCostsCumulated,2030.0,NPV of system cost: $m,1284.256671676516
Angola,Angola_East,DiscountedWeightedCostsCumulated,2030.0,Spinning reserve costs: $m,1284.256671676516
Angola,Angola_East,DiscountedWeightedCostsCumulated,2030.0,Startup costs: $m,1284.256671676516
Angola,Angola_East,DiscountedWeightedCostsCumulated,2030.0,Trade shared benefits: $m,1284.256671676516
Angola,Angola_East,DiscountedWeightedCostsCumulated,2030.0,Transmission costs: $m,1173.0189084877177
Angola,Angola_East,DiscountedWeightedCostsCumulated,2030.0,Unmet country CO2 backstop cost: $m,1205.444566526001
Angola,Angola_East,DiscountedWeightedCostsCumulated,2030.0,Unmet country planning reserve costs: $m,1205.444566526001
Angola,Angola_East,DiscountedWeightedCostsCumulated,2030.0,Unmet country spinning reserve costs: $m,1205.444566526001
Angola,Angola_East,DiscountedWeightedCostsCumulated,2030.0,Unmet demand costs: $m,1218.2062228672492
Angola,Angola_East,DiscountedWeightedCostsCumulated,2030.0,Unmet system CO2 backstop cost: $m,1218.2062228672492
Angola,Angola_East,DiscountedWeightedCostsCumulated,2030.0,Unmet system planning reserve costs: $m,1218.2062228672492
Angola,Angola_East,DiscountedWeightedCostsCumulated,2030.0,Unmet system spinning reserve costs: $m,1218.2062228672492
Angola,Angola_East,DiscountedWeightedCostsCumulated,2030.0,VRE curtailment: $m,1218.217128993457
Angola,Angola_East,DiscountedWeightedCostsCumulated,2030.0,Variable O&M: $m,1226.5858062770897
Angola,Angola_East,DiscountedWeightedCostsCumulated,2032.0,Carbon costs: $m,868.764390067397
Angola,Angola_East,DiscountedWeightedCostsCumulated,2032.0,Excess generation: $m,874.176864032628
Angola,Angola_East,DiscountedWeightedCostsCumulated,2032.0,Export revenues with external zones: $m,874.176864032628
Angola,Angola_East,DiscountedWeightedCostsCumulated,2032.0,Export revenues with internal zones: $m,874.176864032628
Angola,Angola_East,DiscountedWeightedCostsCumulated,2032.0,Fixed O&M: $m,680.9062702584159
Angola,Angola_East,DiscountedWeightedCostsCumulated,2032.0,Fuel costs: $m,999.6748604951484
Angola,Angola_East,DiscountedWeightedCostsCumulated,2032.0,Generation costs: $m,1016.4585007374986
Angola,Angola_East,DiscountedWeightedCostsCumulated,2032.0,Import costs with external zones: $m,1016.4585007374986
Angola,Angola_East,DiscountedWeightedCostsCumulated,2032.0,Import costs with internal zones: $m,1016.4585007374986
Angola,Angola_East,DiscountedWeightedCostsCumulated,2032.0,NPV of system cost: $m,1284.256671676516
Angola,Angola_East,DiscountedWeightedCostsCumulated,2032.0,Spinning reserve costs: $m,1284.256671676516
Angola,Angola_East,DiscountedWeightedCostsCumulated,2032.0,Startup costs: $m,1284.256671676516
Angola,Angola_East,DiscountedWeightedCostsCumulated,2032.0,Trade shared benefits: $m,1284.256671676516
Angola,Angola_East,DiscountedWeightedCostsCumulated,2032.0,Transmission costs: $m,1173.0189084877177
Angola,Angola_East,DiscountedWeightedCostsCumulated,2032.0,Unmet country CO2 backstop cost: $m,1205.444566526001
Angola,Angola_East,DiscountedWeightedCostsCumulated,2032.0,Unmet country planning reserve costs: $m,1205.444566526001
Angola,Angola_East,DiscountedWeightedCostsCumulated,2032.0,Unmet country spinning reserve costs: $m,1205.444566526001
Angola,Angola_East,DiscountedWeightedCostsCumulated,2032.0,Unmet demand costs: $m,1218.2062228672492
Angola,Angola_East,DiscountedWeightedCostsCumulated,2032.0,Unmet system CO2 backstop cost: $m,1218.2062228672492
Angola,Angola_East,DiscountedWeightedCostsCumulated,2032.0,Unmet system planning reserve costs: $m,1218.2062228672492
Angola,Angola_East,DiscountedWeightedCostsCumulated,2032.0,Unmet system spinning reserve costs: $m,1218.2062228672492
Angola,Angola_East,DiscountedWeightedCostsCumulated,2032.0,VRE curtailment: $m,1218.217128993457
Angola,Angola_East,DiscountedWeightedCostsCumulated,2032.0,Variable O&M: $m,1227.0973896087005
Angola,Angola_East,DiscountedWeightedCostsCumulated,2035.0,Carbon costs: $m,874.175025984712
Angola,Angola_East,DiscountedWeightedCostsCumulated,2035.0,Excess generation: $m,874.176864032628
Angola,Angola_East,DiscountedWeightedCostsCumulated,2035.0,Export revenues with external zones: $m,874.176864032628
Angola,Angola_East,DiscountedWeightedCostsCumulated,2035.0,Export revenues with internal zones: $m,874.176864032628
Angola,Angola_East,DiscountedWeightedCostsCumulated,2035.0,Fixed O&M: $m,698.3652887236452
Angola,Angola_East,DiscountedWeightedCostsCumulated,2035.0,Fuel costs: $m,1016.4544112270024
Angola,Angola_East,DiscountedWeightedCostsCumulated,2035.0,Generation costs: $m,1016.4585007374986
Angola,Angola_East,DiscountedWeightedCostsCumulated,2035.0,Import costs with external zones: $m,1016.4585007374986
Angola,Angola_East,DiscountedWeightedCostsCumulated,2035.0,Import costs with internal zones: $m,1016.4585007374986
Angola,Angola_East,DiscountedWeightedCostsCumulated,2035.0,NPV of system cost: $m,1284.256671676516
Angola,Angola_East,DiscountedWeightedCostsCumulated,2035.0,Spinning reserve costs: $m,1284.256671676516
Angola,Angola_East,DiscountedWeightedCostsCumulated,2035.0,Startup costs: $m,1284.256671676516
Angola,Angola_East,DiscountedWeightedCostsCumulated,2035.0,Trade shared benefits: $m,1284.256671676516
Angola,Angola_East,DiscountedWeightedCostsCumulated,2035.0,Transmission costs: $m,1173.0189084877177
Angola,Angola_East,DiscountedWeightedCostsCumulated,2035.0,Unmet country CO2 backstop cost: $m,1205.444566526001
Angola,Angola_East,DiscountedWeightedCostsCumulated,2035.0,Unmet country planning reserve costs: $m,1205.444566526001
Angola,Angola_East,DiscountedWeightedCostsCumulated,2035.0,Unmet country spinning reserve costs: $m,1205.444566526001
Angola,Angola_East,DiscountedWeightedCostsCumulated,2035.0,Unmet demand costs: $m,1218.2062228672492
Angola,Angola_East,DiscountedWeightedCostsCumulated,2035.0,Unmet system CO2 backstop cost: $m,1218.2062228672492
Angola,Angola_East,DiscountedWeightedCostsCumulated,2035.0,Unmet system planning reserve costs: $m,1218.2062228672492
Angola,Angola_East,DiscountedWeightedCostsCumulated,2035.0,Unmet system spinning reserve costs: $m,1218.2062228672492
Angola,Angola_East,DiscountedWeightedCostsCumulated,2035.0,VRE curtailment: $m,1218.217128993457
Angola,Angola_East,DiscountedWeightedCostsCumulated,2035.0,Variable O&M: $m,1227.8820987148772
Angola,Angola_East,DiscountedWeightedCostsCumulated,2038.0,Carbon costs: $m,874.175025984712
Angola,Angola_East,DiscountedWeightedCostsCumulated,2038.0,Excess generation: $m,874.176864032628
Angola,Angola_East,DiscountedWeightedCostsCumulated,2038.0,Export revenues with external zones: $m,874.176864032628
Angola,Angola_East,DiscountedWeightedCostsCumulated,2038.0,Export revenues with internal zones: $m,809.778032357535
Angola,Angola_East,DiscountedWeightedCostsCumulated,2038.0,Fixed O&M: $m,712.3988203163055
Angola,Angola_East,DiscountedWeightedCostsCumulated,2038.0,Fuel costs: $m,1016.4544112270024
Angola,Angola_East,DiscountedWeightedCostsCumulated,2038.0,Generation costs: $m,1016.4585007374986
Angola,Angola_East,DiscountedWeightedCostsCumulated,2038.0,Import costs with external zones: $m,1016.4585007374986
Angola,Angola_East,DiscountedWeightedCostsCumulated,2038.0,Import costs with internal zones: $m,1084.0996098723056
Angola,Angola_East,DiscountedWeightedCostsCumulated,2038.0,NPV of system cost: $m,1284.256671676516
Angola,Angola_East,DiscountedWeightedCostsCumulated,2038.0,Spinning reserve costs: $m,1284.256671676516
Angola,Angola_East,DiscountedWeightedCostsCumulated,2038.0,Startup costs: $m,1284.256671676516
Angola,Angola_East,DiscountedWeightedCostsCumulated,2038.0,Trade shared benefits: $m,1266.2417224606193
Angola,Angola_East,DiscountedWeightedCostsCumulated,2038.0,Transmission costs: $m,1182.9448404969237
Angola,Angola_East,DiscountedWeightedCostsCumulated,2038.0,Unmet country CO2 backstop cost: $m,1205.444566526001
Angola,Angola_East,DiscountedWeightedCostsCumulated,2038.0,Unmet country planning reserve costs: $m,1205.444566526001
Angola,Angola_East,DiscountedWeightedCostsCumulated,2038.0,Unmet country spinning reserve costs: $m,1205.444566526001
Angola,Angola_East,DiscountedWeightedCostsCumulated,2038.0,Unmet demand costs: $m,1218.2062228672492
Angola,Angola_East,DiscountedWeightedCostsCumulated,2038.0,Unmet system CO2 backstop cost: $m,1218.2062228672492
Angola,Angola_East,DiscountedWeightedCostsCumulated,2038.0,Unmet system planning reserve costs: $m,1218.2062228672492
Angola,Angola_East,DiscountedWeightedCostsCumulated,2038.0,Unmet system spinning reserve costs: $m,1218.206555299472
Angola,Angola_East,DiscountedWeightedCostsCumulated,2038.0,VRE curtailment: $m,1218.217128993457
Angola,Angola_East,DiscountedWeightedCostsCumulated,2038.0,Variable O&M: $m,1228.1832884214432
Angola,Angola_East,DiscountedWeightedCostsCumulated,2040.0,Carbon costs: $m,874.175025984712
Angola,Angola_East,DiscountedWeightedCostsCumulated,2040.0,Excess generation: $m,874.176864032628
Angola,Angola_East,DiscountedWeightedCostsCumulated,2040.0,Export revenues with external zones: $m,874.176864032628
Angola,Angola_East,DiscountedWeightedCostsCumulated,2040.0,Export revenues with internal zones: $m,774.1956371314556
Angola,Angola_East,DiscountedWeightedCostsCumulated,2040.0,Fixed O&M: $m,719.7709676268277
Angola,Angola_East,DiscountedWeightedCostsCumulated,2040.0,Fuel costs: $m,1016.4544112270024
Angola,Angola_East,DiscountedWeightedCostsCumulated,2040.0,Generation costs: $m,1016.4585007374986
Angola,Angola_East,DiscountedWeightedCostsCumulated,2040.0,Import costs with external zones: $m,1016.4585007374986
Angola,Angola_East,DiscountedWeightedCostsCumulated,2040.0,Import costs with internal zones: $m,1122.70361971198
Angola,Angola_East,DiscountedWeightedCostsCumulated,2040.0,NPV of system cost: $m,1284.256671676516
Angola,Angola_East,DiscountedWeightedCostsCumulated,2040.0,Spinning reserve costs: $m,1284.256671676516
Angola,Angola_East,DiscountedWeightedCostsCumulated,2040.0,Startup costs: $m,1284.256671676516
Angola,Angola_East,DiscountedWeightedCostsCumulated,2040.0,Trade shared benefits: $m,1248.5802038169134
Angola,Angola_East,DiscountedWeightedCostsCumulated,2040.0,Transmission costs: $m,1188.4820649135452
Angola,Angola_East,DiscountedWeightedCostsCumulated,2040.0,Unmet country CO2 backstop cost: $m,1205.444566526001
Angola,Angola_East,DiscountedWeightedCostsCumulated,2040.0,Unmet country planning reserve costs: $m,1205.444566526001
Angola,Angola_East,DiscountedWeightedCostsCumulated,2040.0,Unmet country spinning reserve costs: $m,1205.444566526001
Angola,Angola_East,DiscountedWeightedCostsCumulated,2040.0,Unmet demand costs: $m,1218.2062228672492
Angola,Angola_East,DiscountedWeightedCostsCumulated,2040.0,Unmet system CO2 backstop cost: $m,1218.2062228672492
Angola,Angola_East,DiscountedWeightedCostsCumulated,2040.0,Unmet system planning reserve costs: $m,1218.2062228672492
Angola,Angola_East,DiscountedWeightedCostsCumulated,2040.0,Unmet system spinning reserve costs: $m,1218.2106900269123
Angola,Angola_East,DiscountedWeightedCostsCumulated,2040.0,VRE curtailment: $m,1218.217128993457
Angola,Angola_East,DiscountedWeightedCostsCumulated,2040.0,Variable O&M: $m,1228.3415829796534
Angola,Angola_East,DiscountedWeightedCostsCumulated,2042.0,Carbon costs: $m,874.175025984712
Angola,Angola_East,DiscountedWeightedCostsCumulated,2042.0,Excess generation: $m,874.176864032628
Angola,Angola_East,DiscountedWeightedCostsCumulated,2042.0,Export revenues with external zones: $m,874.176864032628
Angola,Angola_East,DiscountedWeightedCostsCumulated,2042.0,Export revenues with internal zones: $m,738.1145573163525
Angola,Angola_East,DiscountedWeightedCostsCumulated,2042.0,Fixed O&M: $m,725.863651354532
Angola,Angola_East,DiscountedWeightedCostsCumulated,2042.0,Fuel costs: $m,1016.4544112270024
Angola,Angola_East,DiscountedWeightedCostsCumulated,2042.0,Generation costs: $m,1016.4585007374986
Angola,Angola_East,DiscountedWeightedCostsCumulated,2042.0,Import costs with external zones: $m,1016.4585007374986
Angola,Angola_East,DiscountedWeightedCostsCumulated,2042.0,Import costs with internal zones: $m,1162.7608193768087
Angola,Angola_East,DiscountedWeightedCostsCumulated,2042.0,NPV of system cost: $m,1284.256671676516
Angola,Angola_East,DiscountedWeightedCostsCumulated,2042.0,Spinning reserve costs: $m,1284.256671676516
Angola,Angola_East,DiscountedWeightedCostsCumulated,2042.0,Startup costs: $m,1284.256671676516
Angola,Angola_East,DiscountedWeightedCostsCumulated,2042.0,Trade shared benefits: $m,1227.0347685543886
Angola,Angola_East,DiscountedWeightedCostsCumulated,2042.0,Transmission costs: $m,1193.139848267582
Angola,Angola_East,DiscountedWeightedCostsCumulated,2042.0,Unmet country CO2 backstop cost: $m,1205.444566526001
Angola,Angola_East,DiscountedWeightedCostsCumulated,2042.0,Unmet country planning reserve costs: $m,1205.444566526001
Angola,Angola_East,DiscountedWeightedCostsCumulated,2042.0,Unmet country spinning reserve costs: $m,1205.444566526001
Angola,Angola_East,DiscountedWeightedCostsCumulated,2042.0,Unmet demand costs: $m,1218.2062228672492
Angola,Angola_East,DiscountedWeightedCostsCumulated,2042.0,Unmet system CO2 backstop cost: $m,1218.2062228672492
Angola,Angola_East,DiscountedWeightedCostsCumulated,2042.0,Unmet system planning reserve costs: $m,1218.2062228672492
Angola,Angola_East,DiscountedWeightedCostsCumulated,2042.0,Unmet system spinning reserve costs: $m,1218.217128993457
Angola,Angola_East,DiscountedWeightedCostsCumulated,2042.0,VRE curtailment: $m,1218.217128993457
Angola,Angola_East,DiscountedWeightedCostsCumulated,2042.0,Variable O&M: $m,1228.4724049285874
Angola,Angola_East,DiscountedWeightedCostsCumulated,2045.0,Carbon costs: $m,874.175025984712
Angola,Angola_East,DiscountedWeightedCostsCumulated,2045.0,Excess generation: $m,874.176864032628
Angola,Angola_East,DiscountedWeightedCostsCumulated,2045.0,Export revenues with external zones: $m,874.176864032628
Angola,Angola_East,DiscountedWeightedCostsCumulated,2045.0,Export revenues with internal zones: $m,688.7443905302025
Angola,Angola_East,DiscountedWeightedCostsCumulated,2045.0,Fixed O&M: $m,733.0650720187526
Angola,Angola_East,DiscountedWeightedCostsCumulated,2045.0,Fuel costs: $m,1016.4544112270024
Angola,Angola_East,DiscountedWeightedCostsCumulated,2045.0,Generation costs: $m,1016.4585007374986
Angola,Angola_East,DiscountedWeightedCostsCumulated,2045.0,Import costs with external zones: $m,1016.4585007374986
Angola,Angola_East,DiscountedWeightedCostsCumulated,2045.0,Import costs with internal zones: $m,1218.4910029086438
Angola,Angola_East,DiscountedWeightedCostsCumulated,2045.0,NPV of system cost: $m,1284.256671676516
Angola,Angola_East,DiscountedWeightedCostsCumulated,2045.0,Spinning reserve costs: $m,1284.256671676516
Angola,Angola_East,DiscountedWeightedCostsCumulated,2045.0,Startup costs: $m,1284.256671676516
Angola,Angola_East,DiscountedWeightedCostsCumulated,2045.0,Trade shared benefits: $m,1203.8439064346485
Angola,Angola_East,DiscountedWeightedCostsCumulated,2045.0,Transmission costs: $m,1198.7732373087615
Angola,Angola_East,DiscountedWeightedCostsCumulated,2045.0,Unmet country CO2 backstop cost: $m,1205.444566526001
Angola,Angola_East,DiscountedWeightedCostsCumulated,2045.0,Unmet country planning reserve costs: $m,1205.444566526001
Angola,Angola_East,DiscountedWeightedCostsCumulated,2045.0,Unmet country spinning reserve costs: $m,1205.444566526001
Angola,Angola_East,DiscountedWeightedCostsCumulated,2045.0,Unmet demand costs: $m,1218.2062228672492
Angola,Angola_East,DiscountedWeightedCostsCumulated,2045.0,Unmet system CO2 backstop cost: $m,1218.2062228672492
Angola,Angola_East,DiscountedWeightedCostsCumulated,2045.0,Unmet system planning reserve costs: $m,1218.2062228672492
Angola,Angola_East,DiscountedWeightedCostsCumulated,2045.0,Unmet system spinning reserve costs: $m,1218.217128993457
Angola,Angola_East,DiscountedWeightedCostsCumulated,2045.0,VRE curtailment: $m,1218.217128993457
Angola,Angola_East,DiscountedWeightedCostsCumulated,2045.0,Variable O&M: $m,1228.6270336486214
Angola,Angola_East,DiscountedWeightedCostsCumulated,2048.0,Carbon costs: $m,874.175025984712
Angola,Angola_East,DiscountedWeightedCostsCumulated,2048.0,Excess generation: $m,874.176864032628
Angola,Angola_East,DiscountedWeightedCostsCumulated,2048.0,Export revenues with external zones: $m,874.176864032628
Angola,Angola_East,DiscountedWeightedCostsCumulated,2048.0,Export revenues with internal zones: $m,651.7654090250935
Angola,Angola_East,DiscountedWeightedCostsCumulated,2048.0,Fixed O&M: $m,738.4756059513002
Angola,Angola_East,DiscountedWeightedCostsCumulated,2048.0,Fuel costs: $m,1016.4544112270024
Angola,Angola_East,DiscountedWeightedCostsCumulated,2048.0,Generation costs: $m,1016.4585007374986
Angola,Angola_East,DiscountedWeightedCostsCumulated,2048.0,Import costs with external zones: $m,1016.4585007374986
Angola,Angola_East,DiscountedWeightedCostsCumulated,2048.0,Import costs with internal zones: $m,1261.794166633004
Angola,Angola_East,DiscountedWeightedCostsCumulated,2048.0,NPV of system cost: $m,1284.256671676516
Angola,Angola_East,DiscountedWeightedCostsCumulated,2048.0,Spinning reserve costs: $m,1284.256671676516
Angola,Angola_East,DiscountedWeightedCostsCumulated,2048.0,Startup costs: $m,1284.256671676516
Angola,Angola_East,DiscountedWeightedCostsCumulated,2048.0,Trade shared benefits: $m,1183.7347504630286
Angola,Angola_East,DiscountedWeightedCostsCumulated,2048.0,Transmission costs: $m,1203.121881532726
Angola,Angola_East,DiscountedWeightedCostsCumulated,2048.0,Unmet country CO2 backstop cost: $m,1205.444566526001
Angola,Angola_East,DiscountedWeightedCostsCumulated,2048.0,Unmet country planning reserve costs: $m,1205.444566526001
Angola,Angola_East,DiscountedWeightedCostsCumulated,2048.0,Unmet country spinning reserve costs: $m,1205.444566526001
Angola,Angola_East,DiscountedWeightedCostsCumulated,2048.0,Unmet demand costs: $m,1218.2062228672492
Angola,Angola_East,DiscountedWeightedCostsCumulated,2048.0,Unmet system CO2 backstop cost: $m,1218.2062228672492
Angola,Angola_East,DiscountedWeightedCostsCumulated,2048.0,Unmet system planning reserve costs: $m,1218.2062228672492
Angola,Angola_East,DiscountedWeightedCostsCumulated,2048.0,Unmet system spinning reserve costs: $m,1218.217128993457
Angola,Angola_East,DiscountedWeightedCostsCumulated,2048.0,VRE curtailment: $m,1218.217128993457
Angola,Angola_East,DiscountedWeightedCostsCumulated,2048.0,Variable O&M: $m,1228.7432084946274
Angola,Angola_East,DiscountedWeightedCostsCumulated,2050.0,Carbon costs: $m,874.176864032628
Angola,Angola_East,DiscountedWeightedCostsCumulated,2050.0,Excess generation: $m,874.176864032628
Angola,Angola_East,DiscountedWeightedCostsCumulated,2050.0,Export revenues with external zones: $m,874.176864032628
Angola,Angola_East,DiscountedWeightedCostsCumulated,2050.0,Export revenues with internal zones: $m,633.2628660205945
Angola,Angola_East,DiscountedWeightedCostsCumulated,2050.0,Fixed O&M: $m,741.317887875558
Angola,Angola_East,DiscountedWeightedCostsCumulated,2050.0,Fuel costs: $m,1016.4585007374986
Angola,Angola_East,DiscountedWeightedCostsCumulated,2050.0,Generation costs: $m,1016.4585007374986
Angola,Angola_East,DiscountedWeightedCostsCumulated,2050.0,Import costs with external zones: $m,1016.4585007374986
Angola,Angola_East,DiscountedWeightedCostsCumulated,2050.0,Import costs with internal zones: $m,1284.256671676516
Angola,Angola_East,DiscountedWeightedCostsCumulated,2050.0,NPV of system cost: $m,1284.256671676516
Angola,Angola_East,DiscountedWeightedCostsCumulated,2050.0,Spinning reserve costs: $m,1284.256671676516
Angola,Angola_East,DiscountedWeightedCostsCumulated,2050.0,Startup costs: $m,1284.256671676516
Angola,Angola_East,DiscountedWeightedCostsCumulated,2050.0,Trade shared benefits: $m,1173.0189084877177
Angola,Angola_East,DiscountedWeightedCostsCumulated,2050.0,Transmission costs: $m,1205.444566526001
Angola,Angola_East,DiscountedWeightedCostsCumulated,2050.0,Unmet country CO2 backstop cost: $m,1205.444566526001
Angola,Angola_East,DiscountedWeightedCostsCumulated,2050.0,Unmet country planning reserve costs: $m,1205.444566526001
Angola,Angola_East,DiscountedWeightedCostsCumulated,2050.0,Unmet country spinning reserve costs: $m,1205.444566526001
Angola,Angola_East,DiscountedWeightedCostsCumulated,2050.0,Unmet demand costs: $m,1218.2062228672492
Angola,Angola_East,DiscountedWeightedCostsCumulated,2050.0,Unmet system CO2 backstop cost: $m,1218.2062228672492
Angola,Angola_East,DiscountedWeightedCostsCumulated,2050.0,Unmet system planning reserve costs: $m,1218.2062228672492
Angola,Angola_East,DiscountedWeightedCostsCumulated,2050.0,Unmet system spinning reserve costs: $m,1218.217128993457
Angola,Angola_East,DiscountedWeightedCostsCumulated,2050.0,VRE curtailment: $m,1218.217128993457
Angola,Angola_East,DiscountedWeightedCostsCumulated,2050.0,Variable O&M: $m,1228.8043627396908
Angola,Angola_East,GenCostsPerMWh,2025.0,Fixed O&M: $m,13.845340077556832
Angola,Angola_East,GenCostsPerMWh,2025.0,Variable Cost: $m,122.7447747250468
Angola,Angola_East,GenCostsPerMWh,2027.0,Fixed O&M: $m,13.016429088176803
Angola,Angola_East,GenCostsPerMWh,2027.0,Variable Cost: $m,129.10816730785157
Angola,Angola_East,GenCostsPerMWh,2030.0,Fixed O&M: $m,15.916141847672806
Angola,Angola_East,GenCostsPerMWh,2030.0,Investment costs: $m,9.020483987363852
Angola,Angola_East,GenCostsPerMWh,2030.0,Variable Cost: $m,97.39236482686135
Angola,Angola_East,GenCostsPerMWh,2032.0,Fixed O&M: $m,25.526361921897674
Angola,Angola_East,GenCostsPerMWh,2032.0,Investment costs: $m,50.00389888814224
Angola,Angola_East,GenCostsPerMWh,2032.0,Variable Cost: $m,17.35183508463323
Angola,Angola_East,GenCostsPerMWh,2035.0,Fixed O&M: $m,23.43694006860113
Angola,Angola_East,GenCostsPerMWh,2035.0,Investment costs: $m,45.910905166334665
Angola,Angola_East,GenCostsPerMWh,2035.0,Variable Cost: $m,23.57821580824269
Angola,Angola_East,GenCostsPerMWh,2038.0,Fixed O&M: $m,18.184521983414832
Angola,Angola_East,GenCostsPerMWh,2038.0,Investment costs: $m,36.19820679433349
Angola,Angola_East,GenCostsPerMWh,2038.0,Variable Cost: $m,0.3902788691544737
Angola,Angola_East,GenCostsPerMWh,2040.0,Fixed O&M: $m,18.17861488985932
Angola,Angola_East,GenCostsPerMWh,2040.0,Investment costs: $m,36.18644810228369
Angola,Angola_East,GenCostsPerMWh,2040.0,Variable Cost: $m,0.3903307532602839
Angola,Angola_East,GenCostsPerMWh,2042.0,Fixed O&M: $m,18.17861488985932
Angola,Angola_East,GenCostsPerMWh,2042.0,Investment costs: $m,36.18644810228369
Angola,Angola_East,GenCostsPerMWh,2042.0,Variable Cost: $m,0.3903307532602839
Angola,Angola_East,GenCostsPerMWh,2045.0,Fixed O&M: $m,18.17861488985932
Angola,Angola_East,GenCostsPerMWh,2045.0,Investment costs: $m,36.18644810228369
Angola,Angola_East,GenCostsPerMWh,2045.0,Variable Cost: $m,0.3903307532602839
Angola,Angola_East,GenCostsPerMWh,2048.0,Fixed O&M: $m,18.17861488985932
Angola,Angola_East,GenCostsPerMWh,2048.0,Investment costs: $m,36.18644810228369
Angola,Angola_East,GenCostsPerMWh,2048.0,Variable Cost: $m,0.3903307532602839
Angola,Angola_East,GenCostsPerMWh,2050.0,Fixed O&M: $m,18.17601405239913
Angola,Angola_East,GenCostsPerMWh,2050.0,Investment costs: $m,36.18127086131424
Angola,Angola_East,GenCostsPerMWh,2050.0,Variable Cost: $m,0.4172251203381887
Angola,Angola_East,NetPresentCostPerMWh,,Carbon costs: $m,14.198193755255735
Angola,Angola_East,NetPresentCostPerMWh,,Excess generation: $m,0.0
Angola,Angola_East,NetPresentCostPerMWh,,Export revenues with external zones: $m,0.0
Angola,Angola_East,NetPresentCostPerMWh,,Export revenues with internal zones: $m,-42.25229792491642
Angola,Angola_East,NetPresentCostPerMWh,,Fixed O&M: $m,18.95104897753272
Angola,Angola_East,NetPresentCostPerMWh,,Fuel costs: $m,48.25507542864372
Angola,Angola_East,NetPresentCostPerMWh,,Generation costs: $m,0.0
Angola,Angola_East,NetPresentCostPerMWh,,Import costs with external zones: $m,0.0
Angola,Angola_East,NetPresentCostPerMWh,,Import costs with internal zones: $m,46.96733355318711
Angola,Angola_East,NetPresentCostPerMWh,,NPV of system cost: $m,0.0
Angola,Angola_East,NetPresentCostPerMWh,,Spinning reserve costs: $m,0.0
Angola,Angola_East,NetPresentCostPerMWh,,Startup costs: $m,0.0
Angola,Angola_East,NetPresentCostPerMWh,,Trade shared benefits: $m,-19.50924873414635
Angola,Angola_East,NetPresentCostPerMWh,,Transmission costs: $m,5.686919710562267
Angola,Angola_East,NetPresentCostPerMWh,,Unmet country CO2 backstop cost: $m,0.0
Angola,Angola_East,NetPresentCostPerMWh,,Unmet country planning reserve costs: $m,0.0
Angola,Angola_East,NetPresentCostPerMWh,,Unmet country spinning reserve costs: $m,0.0
Angola,Angola_East,NetPresentCostPerMWh,,Unmet demand costs: $m,2.238181717107545
Angola,Angola_East,NetPresentCostPerMWh,,Unmet system CO2 backstop cost: $m,0.0
Angola,Angola_East,NetPresentCostPerMWh,,Unmet system planning reserve costs: $m,0.0
Angola,Angola_East,NetPresentCostPerMWh,,Unmet system spinning reserve costs: $m,0.0019127526733229
Angola,Angola_East,NetPresentCostPerMWh,,VRE curtailment: $m,0.0
Angola,Angola_East,NetPresentCostPerMWh,,Variable O&M: $m,1.8568242532102888
Angola,Angola_North,Costs,2025.0,Carbon costs: $m,0.0
Angola,Angola_North,Costs,2025.0,Excess generation: $m,0.0
Angola,Angola_North,Costs,2025.0,Export revenues with external zones: $m,0.0
Angola,Angola_North,Costs,2025.0,Export revenues with internal zones: $m,-0.8867119226344095
Angola,Angola_North,Costs,2025.0,Fixed O&M: $m,210.408688
Angola,Angola_North,Costs,2025.0,Fuel costs: $m,0.0
Angola,Angola_North,Costs,2025.0,Generation costs: $m,0.0
Angola,Angola_North,Costs,2025.0,Import costs with external zones: $m,0.0
Angola,Angola_North,Costs,2025.0,Import costs with internal zones: $m,0.0
Angola,Angola_North,Costs,2025.0,NPV of system cost: $m,0.0
Angola,Angola_North,Costs,2025.0,Spinning reserve costs: $m,0.0
Angola,Angola_North,Costs,2025.0,Startup costs: $m,0.0
Angola,Angola_North,Costs,2025.0,Trade shared benefits: $m,-0.0333708788088219
Angola,Angola_North,Costs,2025.0,Transmission costs: $m,0.0
Angola,Angola_North,Costs,2025.0,Unmet country CO2 backstop cost: $m,0.0
Angola,Angola_North,Costs,2025.0,Unmet country planning reserve costs: $m,0.0
Angola,Angola_North,Costs,2025.0,Unmet country spinning reserve costs: $m,0.0
Angola,Angola_North,Costs,2025.0,Unmet demand costs: $m,0.0
Angola,Angola_North,Costs,2025.0,Unmet system CO2 backstop cost: $m,0.0
Angola,Angola_North,Costs,2025.0,Unmet system planning reserve costs: $m,0.0
Angola,Angola_North,Costs,2025.0,Unmet system spinning reserve costs: $m,0.0
Angola,Angola_North,Costs,2025.0,VRE curtailment: $m,0.0
Angola,Angola_North,Costs,2025.0,Variable O&M: $m,8.092989985134404
Angola,Angola_North,Costs,2027.0,Carbon costs: $m,0.0
Angola,Angola_North,Costs,2027.0,Excess generation: $m,0.0
Angola,Angola_North,Costs,2027.0,Export revenues with external zones: $m,0.0
Angola,Angola_North,Costs,2027.0,Export revenues with internal zones: $m,-0.9673796016772744
Angola,Angola_North,Costs,2027.0,Fixed O&M: $m,310.320688
Angola,Angola_North,Costs,2027.0,Fuel costs: $m,0.0
Angola,Angola_North,Costs,2027.0,Generation costs: $m,0.0
Angola,Angola_North,Costs,2027.0,Import costs with external zones: $m,0.0
Angola,Angola_North,Costs,2027.0,Import costs with internal zones: $m,0.0010345059493597
Angola,Angola_North,Costs,2027.0,NPV of system cost: $m,0.0
Angola,Angola_North,Costs,2027.0,Spinning reserve costs: $m,0.0
Angola,Angola_North,Costs,2027.0,Startup costs: $m,0.0
Angola,Angola_North,Costs,2027.0,Trade shared benefits: $m,-0.0364429669111358
Angola,Angola_North,Costs,2027.0,Transmission costs: $m,0.0
Angola,Angola_North,Costs,2027.0,Unmet country CO2 backstop cost: $m,0.0
Angola,Angola_North,Costs,2027.0,Unmet country planning reserve costs: $m,0.0
Angola,Angola_North,Costs,2027.0,Unmet country spinning reserve costs: $m,0.0
Angola,Angola_North,Costs,2027.0,Unmet demand costs: $m,0.0
Angola,Angola_North,Costs,2027.0,Unmet system CO2 backstop cost: $m,0.0
Angola,Angola_North,Costs,2027.0,Unmet system planning reserve costs: $m,0.0
Angola,Angola_North,Costs,2027.0,Unmet system spinning reserve costs: $m,0.0
Angola,Angola_North,Costs,2027.0,VRE curtailment: $m,0.0
Angola,Angola_North,Costs,2027.0,Variable O&M: $m,8.634551438033062
Angola,Angola_North,Costs,2030.0,Carbon costs: $m,0.0
Angola,Angola_North,Costs,2030.0,Excess generation: $m,0.0
Angola,Angola_North,Costs,2030.0,Export revenues with external zones: $m,0.0
Angola,Angola_North,Costs,2030.0,Export revenues with internal zones: $m,-3.7568713538951215
Angola,Angola_North,Costs,2030.0,Fixed O&M: $m,310.320688
Angola,Angola_North,Costs,2030.0,Fuel costs: $m,0.0
Angola,Angola_North,Costs,2030.0,Generation costs: $m,0.0
Angola,Angola_North,Costs,2030.0,Import costs with external zones: $m,0.0
Angola,Angola_North,Costs,2030.0,Import costs with internal zones: $m,0.0
Angola,Angola_North,Costs,2030.0,NPV of system cost: $m,0.0
Angola,Angola_North,Costs,2030.0,Spinning reserve costs: $m,0.0
Angola,Angola_North,Costs,2030.0,Startup costs: $m,0.0
Angola,Angola_North,Costs,2030.0,Trade shared benefits: $m,-142.5393527945797
Angola,Angola_North,Costs,2030.0,Transmission costs: $m,0.0
Angola,Angola_North,Costs,2030.0,Unmet country CO2 backstop cost: $m,0.0
Angola,Angola_North,Costs,2030.0,Unmet country planning reserve costs: $m,0.0
Angola,Angola_North,Costs,2030.0,Unmet country spinning reserve costs: $m,0.0
Angola,Angola_North,Costs,2030.0,Unmet demand costs: $m,0.0
Angola,Angola_North,Costs,2030.0,Unmet system CO2 backstop cost: $m,0.0
Angola,Angola_North,Costs,2030.0,Unmet system planning reserve costs: $m,0.0
Angola,Angola_North,Costs,2030.0,Unmet system spinning reserve costs: $m,0.0
Angola,Angola_North,Costs,2030.0,VRE curtailment: $m,0.0
Angola,Angola_North,Costs,2030.0,Variable O&M: $m,12.07545219589512
Angola,Angola_North,Costs,2032.0,Carbon costs: $m,0.0
Angola,Angola_North,Costs,2032.0,Excess generation: $m,0.0
Angola,Angola_North,Costs,2032.0,Export revenues with external zones: $m,0.0
Angola,Angola_North,Costs,2032.0,Export revenues with internal zones: $m,-3.725501771298062
Angola,Angola_North,Costs,2032.0,Fixed O&M: $m,310.320688
Angola,Angola_North,Costs,2032.0,Fuel costs: $m,0.0
Angola,Angola_North,Costs,2032.0,Generation costs: $m,0.0
Angola,Angola_North,Costs,2032.0,Import costs with external zones: $m,0.0
Angola,Angola_North,Costs,2032.0,Import costs with internal zones: $m,0.0
Angola,Angola_North,Costs,2032.0,NPV of system cost: $m,0.0
Angola,Angola_North,Costs,2032.0,Spinning reserve costs: $m,0.0
Angola,Angola_North,Costs,2032.0,Startup costs: $m,0.0
Angola,Angola_North,Costs,2032.0,Trade shared benefits: $m,-138.41934253941693
Angola,Angola_North,Costs,2032.0,Transmission costs: $m,0.0
Angola,Angola_North,Costs,2032.0,Unmet country CO2 backstop cost: $m,0.0
Angola,Angola_North,Costs,2032.0,Unmet country planning reserve costs: $m,0.0
Angola,Angola_North,Costs,2032.0,Unmet country spinning reserve costs: $m,0.0
Angola,Angola_North,Costs,2032.0,Unmet demand costs: $m,0.0
Angola,Angola_North,Costs,2032.0,Unmet system CO2 backstop cost: $m,0.0
Angola,Angola_North,Costs,2032.0,Unmet system planning reserve costs: $m,0.0
Angola,Angola_North,Costs,2032.0,Unmet system spinning reserve costs: $m,0.0
Angola,Angola_North,Costs,2032.0,VRE curtailment: $m,0.0
Angola,Angola_North,Costs,2032.0,Variable O&M: $m,12.522395371298051
Angola,Angola_North,Costs,2035.0,Carbon costs: $m,0.0
Angola,Angola_North,Costs,2035.0,Excess generation: $m,0.0
Angola,Angola_North,Costs,2035.0,Export revenues with external zones: $m,0.0
Angola,Angola_North,Costs,2035.0,Export revenues with internal zones: $m,-371.0805691629237
Angola,Angola_North,Costs,2035.0,Fixed O&M: $m,310.320688
Angola,Angola_North,Costs,2035.0,Fuel costs: $m,5.2707100349858536
Angola,Angola_North,Costs,2035.0,Generation costs: $m,0.0
Angola,Angola_North,Costs,2035.0,Import costs with external zones: $m,0.0
Angola,Angola_North,Costs,2035.0,Import costs with internal zones: $m,0.0
Angola,Angola_North,Costs,2035.0,NPV of system cost: $m,0.0
Angola,Angola_North,Costs,2035.0,Spinning reserve costs: $m,0.0
Angola,Angola_North,Costs,2035.0,Startup costs: $m,0.0
Angola,Angola_North,Costs,2035.0,Trade shared benefits: $m,-18.80403739804551
Angola,Angola_North,Costs,2035.0,Transmission costs: $m,10.61893452001074
Angola,Angola_North,Costs,2035.0,Unmet country CO2 backstop cost: $m,0.0
Angola,Angola_North,Costs,2035.0,Unmet country planning reserve costs: $m,0.0
Angola,Angola_North,Costs,2035.0,Unmet country spinning reserve costs: $m,0.0
Angola,Angola_North,Costs,2035.0,Unmet demand costs: $m,0.0
Angola,Angola_North,Costs,2035.0,Unmet system CO2 backstop cost: $m,0.0
Angola,Angola_North,Costs,2035.0,Unmet system planning reserve costs: $m,0.0
Angola,Angola_North,Costs,2035.0,Unmet system spinning reserve costs: $m,0.0
Angola,Angola_North,Costs,2035.0,VRE curtailment: $m,0.0
Angola,Angola_North,Costs,2035.0,Variable O&M: $m,14.074005176645286
Angola,Angola_North,Costs,2038.0,Carbon costs: $m,9.189623995876
Angola,Angola_North,Costs,2038.0,Excess generation: $m,0.0
Angola,Angola_North,Costs,2038.0,Export revenues with external zones: $m,0.0
Angola,Angola_North,Costs,2038.0,Export revenues with internal zones: $m,-192.54278147400703
Angola,Angola_North,Costs,2038.0,Fixed O&M: $m,311.356509568346
Angola,Angola_North,Costs,2038.0,Fuel costs: $m,18.216067611722064
Angola,Angola_North,Costs,2038.0,Generation costs: $m,0.0
Angola,Angola_North,Costs,2038.0,Import costs with external zones: $m,0.0
Angola,Angola_North,Costs,2038.0,Import costs with internal zones: $m,65.99455714172026
Angola,Angola_North,Costs,2038.0,NPV of system cost: $m,0.0
Angola,Angola_North,Costs,2038.0,Spinning reserve costs: $m,0.0
Angola,Angola_North,Costs,2038.0,Startup costs: $m,0.0
Angola,Angola_North,Costs,2038.0,Trade shared benefits: $m,-29.06275249690427
Angola,Angola_North,Costs,2038.0,Transmission costs: $m,15.324663821025398
Angola,Angola_North,Costs,2038.0,Unmet country CO2 backstop cost: $m,0.0
Angola,Angola_North,Costs,2038.0,Unmet country planning reserve costs: $m,0.0
Angola,Angola_North,Costs,2038.0,Unmet country spinning reserve costs: $m,0.0
Angola,Angola_North,Costs,2038.0,Unmet demand costs: $m,0.0
Angola,Angola_North,Costs,2038.0,Unmet system CO2 backstop cost: $m,0.0
Angola,Angola_North,Costs,2038.0,Unmet system planning reserve costs: $m,0.0
Angola,Angola_North,Costs,2038.0,Unmet system spinning reserve costs: $m,0.0103620995408449
Angola,Angola_North,Costs,2038.0,VRE curtailment: $m,0.0
Angola,Angola_North,Costs,2038.0,Variable O&M: $m,14.14849177333029
Angola,Angola_North,Costs,2040.0,Carbon costs: $m,16.900246259793526
Angola,Angola_North,Costs,2040.0,Excess generation: $m,0.0
Angola,Angola_North,Costs,2040.0,Export revenues with external zones: $m,0.0
Angola,Angola_North,Costs,2040.0,Export revenues with internal zones: $m,-253.77442375415347
Angola,Angola_North,Costs,2040.0,Fixed O&M: $m,312.053188
Angola,Angola_North,Costs,2040.0,Fuel costs: $m,32.24993232246318
Angola,Angola_North,Costs,2040.0,Generation costs: $m,0.0
Angola,Angola_North,Costs,2040.0,Import costs with external zones: $m,0.0
Angola,Angola_North,Costs,2040.0,Import costs with internal zones: $m,162.75393037495135
Angola,Angola_North,Costs,2040.0,NPV of system cost: $m,0.0
Angola,Angola_North,Costs,2040.0,Spinning reserve costs: $m,0.0
Angola,Angola_North,Costs,2040.0,Startup costs: $m,0.0
Angola,Angola_North,Costs,2040.0,Trade shared benefits: $m,-46.86253807910242
Angola,Angola_North,Costs,2040.0,Transmission costs: $m,18.638010866593422
Angola,Angola_North,Costs,2040.0,Unmet country CO2 backstop cost: $m,0.0
Angola,Angola_North,Costs,2040.0,Unmet country planning reserve costs: $m,0.0
Angola,Angola_North,Costs,2040.0,Unmet country spinning reserve costs: $m,0.0
Angola,Angola_North,Costs,2040.0,Unmet demand costs: $m,0.0
Angola,Angola_North,Costs,2040.0,Unmet system CO2 backstop cost: $m,0.0
Angola,Angola_North,Costs,2040.0,Unmet system planning reserve costs: $m,0.0
Angola,Angola_North,Costs,2040.0,Unmet system spinning reserve costs: $m,0.2453378214264213
Angola,Angola_North,Costs,2040.0,VRE curtailment: $m,0.0
Angola,Angola_North,Costs,2040.0,Variable O&M: $m,14.783972707095629
Angola,Angola_North,Costs,2042.0,Carbon costs: $m,58.25886838284266
Angola,Angola_North,Costs,2042.0,Excess generation: $m,0.0
Angola,Angola_North,Costs,2042.0,Export revenues with external zones: $m,0.0
Angola,Angola_North,Costs,2042.0,Export revenues with internal zones: $m,-385.29113532038383
Angola,Angola_North,Costs,2042.0,Fixed O&M: $m,312.746188
Angola,Angola_North,Costs,2042.0,Fuel costs: $m,106.91016640540268
Angola,Angola_North,Costs,2042.0,Generation costs: $m,0.0
Angola,Angola_North,Costs,2042.0,Import costs with external zones: $m,0.0
Angola,Angola_North,Costs,2042.0,Import costs with internal zones: $m,249.739726831704
Angola,Angola_North,Costs,2042.0,NPV of system cost: $m,0.0
Angola,Angola_North,Costs,2042.0,Spinning reserve costs: $m,0.0
Angola,Angola_North,Costs,2042.0,Startup costs: $m,0.0
Angola,Angola_North,Costs,2042.0,Trade shared benefits: $m,-70.69257977020627
Angola,Angola_North,Costs,2042.0,Transmission costs: $m,19.4107264606936
Angola,Angola_North,Costs,2042.0,Unmet country CO2 backstop cost: $m,0.0
Angola,Angola_North,Costs,2042.0,Unmet country planning reserve costs: $m,0.0
Angola,Angola_North,Costs,2042.0,Unmet country spinning reserve costs: $m,0.0
Angola,Angola_North,Costs,2042.0,Unmet demand costs: $m,0.0
Angola,Angola_North,Costs,2042.0,Unmet system CO2 backstop cost: $m,0.0
Angola,Angola_North,Costs,2042.0,Unmet system planning reserve costs: $m,0.0
Angola,Angola_North,Costs,2042.0,Unmet system spinning reserve costs: $m,0.4622949583039346
Angola,Angola_North,Costs,2042.0,VRE curtailment: $m,0.0
Angola,Angola_North,Costs,2042.0,Variable O&M: $m,17.884078335133363
Angola,Angola_North,Costs,2045.0,Carbon costs: $m,29.28926201830368
Angola,Angola_North,Costs,2045.0,Excess generation: $m,0.0
Angola,Angola_North,Costs,2045.0,Export revenues with external zones: $m,0.0
Angola,Angola_North,Costs,2045.0,Export revenues with internal zones: $m,-359.15159903927616
Angola,Angola_North,Costs,2045.0,Fixed O&M: $m,341.045188
Angola,Angola_North,Costs,2045.0,Fuel costs: $m,50.46744914774487
Angola,Angola_North,Costs,2045.0,Generation costs: $m,0.0
Angola,Angola_North,Costs,2045.0,Import costs with external zones: $m,0.0
Angola,Angola_North,Costs,2045.0,Import costs with internal zones: $m,230.2038525305568
Angola,Angola_North,Costs,2045.0,NPV of system cost: $m,0.0
Angola,Angola_North,Costs,2045.0,Spinning reserve costs: $m,0.0
Angola,Angola_North,Costs,2045.0,Startup costs: $m,0.0
Angola,Angola_North,Costs,2045.0,Trade shared benefits: $m,-54.65722666996273
Angola,Angola_North,Costs,2045.0,Transmission costs: $m,19.4107264606936
Angola,Angola_North,Costs,2045.0,Unmet country CO2 backstop cost: $m,0.0
Angola,Angola_North,Costs,2045.0,Unmet country planning reserve costs: $m,0.0
Angola,Angola_North,Costs,2045.0,Unmet country spinning reserve costs: $m,0.0
Angola,Angola_North,Costs,2045.0,Unmet demand costs: $m,0.0
Angola,Angola_North,Costs,2045.0,Unmet system CO2 backstop cost: $m,0.0
Angola,Angola_North,Costs,2045.0,Unmet system planning reserve costs: $m,0.0
Angola,Angola_North,Costs,2045.0,Unmet system spinning reserve costs: $m,0.0
Angola,Angola_North,Costs,2045.0,VRE curtailment: $m,0.0
Angola,Angola_North,Costs,2045.0,Variable O&M: $m,17.452786750895257
Angola,Angola_North,Costs,2048.0,Carbon costs: $m,67.38978426654377
Angola,Angola_North,Costs,2048.0,Excess generation: $m,0.0
Angola,Angola_North,Costs,2048.0,Export revenues with external zones: $m,0.0
Angola,Angola_North,Costs,2048.0,Export revenues with internal zones: $m,-348.88595495416683
Angola,Angola_North,Costs,2048.0,Fixed O&M: $m,343.124188
Angola,Angola_North,Costs,2048.0,Fuel costs: $m,98.617201941504
Angola,Angola_North,Costs,2048.0,Generation costs: $m,0.0
Angola,Angola_North,Costs,2048.0,Import costs with external zones: $m,0.0
Angola,Angola_North,Costs,2048.0,Import costs with internal zones: $m,308.15569276068106
Angola,Angola_North,Costs,2048.0,NPV of system cost: $m,0.0
Angola,Angola_North,Costs,2048.0,Spinning reserve costs: $m,0.0
Angola,Angola_North,Costs,2048.0,Startup costs: $m,0.0
Angola,Angola_North,Costs,2048.0,Trade shared benefits: $m,-66.51766890604777
Angola,Angola_North,Costs,2048.0,Transmission costs: $m,19.4107264606936
Angola,Angola_North,Costs,2048.0,Unmet country CO2 backstop cost: $m,0.0
Angola,Angola_North,Costs,2048.0,Unmet country planning reserve costs: $m,0.0
Angola,Angola_North,Costs,2048.0,Unmet country spinning reserve costs: $m,0.0
Angola,Angola_North,Costs,2048.0,Unmet demand costs: $m,0.0
Angola,Angola_North,Costs,2048.0,Unmet system CO2 backstop cost: $m,0.0
Angola,Angola_North,Costs,2048.0,Unmet system planning reserve costs: $m,0.0
Angola,Angola_North,Costs,2048.0,Unmet system spinning reserve costs: $m,0.0
Angola,Angola_North,Costs,2048.0,VRE curtailment: $m,0.0
Angola,Angola_North,Costs,2048.0,Variable O&M: $m,19.600612768491843
Angola,Angola_North,Costs,2050.0,Carbon costs: $m,132.8918836674381
Angola,Angola_North,Costs,2050.0,Excess generation: $m,0.0
Angola,Angola_North,Costs,2050.0,Export revenues with external zones: $m,0.0
Angola,Angola_North,Costs,2050.0,Export revenues with internal zones: $m,-370.5014857521307
Angola,Angola_North,Costs,2050.0,Fixed O&M: $m,344.510188
Angola,Angola_North,Costs,2050.0,Fuel costs: $m,179.92136844756124
Angola,Angola_North,Costs,2050.0,Generation costs: $m,0.0
Angola,Angola_North,Costs,2050.0,Import costs with external zones: $m,0.0
Angola,Angola_North,Costs,2050.0,Import costs with internal zones: $m,310.534329110591
Angola,Angola_North,Costs,2050.0,NPV of system cost: $m,0.0
Angola,Angola_North,Costs,2050.0,Spinning reserve costs: $m,0.0
Angola,Angola_North,Costs,2050.0,Startup costs: $m,0.0
Angola,Angola_North,Costs,2050.0,Trade shared benefits: $m,-67.42733288478678
Angola,Angola_North,Costs,2050.0,Transmission costs: $m,19.4107264606936
Angola,Angola_North,Costs,2050.0,Unmet country CO2 backstop cost: $m,0.0
Angola,Angola_North,Costs,2050.0,Unmet country planning reserve costs: $m,0.0
Angola,Angola_North,Costs,2050.0,Unmet country spinning reserve costs: $m,0.0
Angola,Angola_North,Costs,2050.0,Unmet demand costs: $m,0.0
Angola,Angola_North,Costs,2050.0,Unmet system CO2 backstop cost: $m,0.0
Angola,Angola_North,Costs,2050.0,Unmet system planning reserve costs: $m,0.0
Angola,Angola_North,Costs,2050.0,Unmet system spinning reserve costs: $m,0.0
Angola,Angola_North,Costs,2050.0,VRE curtailment: $m,0.0
Angola,Angola_North,Costs,2050.0,Variable O&M: $m,23.03262745882372
Angola,Angola_North,DiscountedWeightedCostsCumulated,2025.0,Carbon costs: $m,1228.8043627396908
Angola,Angola_North,DiscountedWeightedCostsCumulated,2025.0,Excess generation: $m,1340.3758609893132
Angola,Angola_North,DiscountedWeightedCostsCumulated,2025.0,Export revenues with external zones: $m,1340.3758609893132
Angola,Angola_North,DiscountedWeightedCostsCumulated,2025.0,Export revenues with internal zones: $m,1339.4891490666787
Angola,Angola_North,DiscountedWeightedCostsCumulated,2025.0,Fixed O&M: $m,151.44886680444574
Angola,Angola_North,DiscountedWeightedCostsCumulated,2025.0,Fuel costs: $m,3137.6465642379662
Angola,Angola_North,DiscountedWeightedCostsCumulated,2025.0,Generation costs: $m,3327.075738506558
Angola,Angola_North,DiscountedWeightedCostsCumulated,2025.0,Import costs with external zones: $m,3327.075738506558
Angola,Angola_North,DiscountedWeightedCostsCumulated,2025.0,Import costs with internal zones: $m,3327.075738506558
Angola,Angola_North,DiscountedWeightedCostsCumulated,2025.0,NPV of system cost: $m,3888.254567000581
Angola,Angola_North,DiscountedWeightedCostsCumulated,2025.0,Spinning reserve costs: $m,3888.254567000581
Angola,Angola_North,DiscountedWeightedCostsCumulated,2025.0,Startup costs: $m,3888.254567000581
Angola,Angola_North,DiscountedWeightedCostsCumulated,2025.0,Trade shared benefits: $m,3888.221196121772
Angola,Angola_North,DiscountedWeightedCostsCumulated,2025.0,Transmission costs: $m,3248.361958798231
Angola,Angola_North,DiscountedWeightedCostsCumulated,2025.0,Unmet country CO2 backstop cost: $m,3317.590394016096
Angola,Angola_North,DiscountedWeightedCostsCumulated,2025.0,Unmet country planning reserve costs: $m,3317.590394016096
Angola,Angola_North,DiscountedWeightedCostsCumulated,2025.0,Unmet country spinning reserve costs: $m,3317.590394016096
Angola,Angola_North,DiscountedWeightedCostsCumulated,2025.0,Unmet demand costs: $m,3317.590394016096
Angola,Angola_North,DiscountedWeightedCostsCumulated,2025.0,Unmet system CO2 backstop cost: $m,3317.590394016096
Angola,Angola_North,DiscountedWeightedCostsCumulated,2025.0,Unmet system planning reserve costs: $m,3317.590394016096
Angola,Angola_North,DiscountedWeightedCostsCumulated,2025.0,Unmet system spinning reserve costs: $m,3317.590394016096
Angola,Angola_North,DiscountedWeightedCostsCumulated,2025.0,VRE curtailment: $m,3317.9312104600635
Angola,Angola_North,DiscountedWeightedCostsCumulated,2025.0,Variable O&M: $m,3326.024200445198
Angola,Angola_North,DiscountedWeightedCostsCumulated,2027.0,Carbon costs: $m,1228.8043627396908
Angola,Angola_North,DiscountedWeightedCostsCumulated,2027.0,Excess generation: $m,1340.3758609893132
Angola,Angola_North,DiscountedWeightedCostsCumulated,2027.0,Export revenues with external zones: $m,1340.3758609893132
Angola,Angola_North,DiscountedWeightedCostsCumulated,2027.0,Export revenues with internal zones: $m,1337.730277063629
Angola,Angola_North,DiscountedWeightedCostsCumulated,2027.0,Fixed O&M: $m,715.6682995317184
Angola,Angola_North,DiscountedWeightedCostsCumulated,2027.0,Fuel costs: $m,3137.6465642379662
Angola,Angola_North,DiscountedWeightedCostsCumulated,2027.0,Generation costs: $m,3327.075738506558
Angola,Angola_North,DiscountedWeightedCostsCumulated,2027.0,Import costs with external zones: $m,3327.075738506558
Angola,Angola_North,DiscountedWeightedCostsCumulated,2027.0,Import costs with internal zones: $m,3327.077619426466
Angola,Angola_North,DiscountedWeightedCostsCumulated,2027.0,NPV of system cost: $m,3888.254567000581
Angola,Angola_North,DiscountedWeightedCostsCumulated,2027.0,Spinning reserve costs: $m,3888.254567000581
Angola,Angola_North,DiscountedWeightedCostsCumulated,2027.0,Startup costs: $m,3888.254567000581
Angola,Angola_North,DiscountedWeightedCostsCumulated,2027.0,Trade shared benefits: $m,3888.154936181934
Angola,Angola_North,DiscountedWeightedCostsCumulated,2027.0,Transmission costs: $m,3248.361958798231
Angola,Angola_North,DiscountedWeightedCostsCumulated,2027.0,Unmet country CO2 backstop cost: $m,3317.590394016096
Angola,Angola_North,DiscountedWeightedCostsCumulated,2027.0,Unmet country planning reserve costs: $m,3317.590394016096
Angola,Angola_North,DiscountedWeightedCostsCumulated,2027.0,Unmet country spinning reserve costs: $m,3317.590394016096
Angola,Angola_North,DiscountedWeightedCostsCumulated,2027.0,Unmet demand costs: $m,3317.590394016096
Angola,Angola_North,DiscountedWeightedCostsCumulated,2027.0,Unmet system CO2 backstop cost: $m,3317.590394016096
Angola,Angola_North,DiscountedWeightedCostsCumulated,2027.0,Unmet system planning reserve costs: $m,3317.590394016096
Angola,Angola_North,DiscountedWeightedCostsCumulated,2027.0,Unmet system spinning reserve costs: $m,3317.590394016096
Angola,Angola_North,DiscountedWeightedCostsCumulated,2027.0,VRE curtailment: $m,3317.9312104600635
Angola,Angola_North,DiscountedWeightedCostsCumulated,2027.0,Variable O&M: $m,3341.723384877985
Angola,Angola_North,DiscountedWeightedCostsCumulated,2030.0,Carbon costs: $m,1228.8043627396908
Angola,Angola_North,DiscountedWeightedCostsCumulated,2030.0,Excess generation: $m,1340.3758609893132
Angola,Angola_North,DiscountedWeightedCostsCumulated,2030.0,Export revenues with external zones: $m,1340.3758609893132
Angola,Angola_North,DiscountedWeightedCostsCumulated,2030.0,Export revenues with internal zones: $m,1329.6565664207724
Angola,Angola_North,DiscountedWeightedCostsCumulated,2030.0,Fixed O&M: $m,1382.5634911401785
Angola,Angola_North,DiscountedWeightedCostsCumulated,2030.0,Fuel costs: $m,3137.6465642379662
Angola,Angola_North,DiscountedWeightedCostsCumulated,2030.0,Generation costs: $m,3327.075738506558
Angola,Angola_North,DiscountedWeightedCostsCumulated,2030.0,Import costs with external zones: $m,3327.075738506558
Angola,Angola_North,DiscountedWeightedCostsCumulated,2030.0,Import costs with internal zones: $m,3327.077619426466
Angola,Angola_North,DiscountedWeightedCostsCumulated,2030.0,NPV of system cost: $m,3888.254567000581
Angola,Angola_North,DiscountedWeightedCostsCumulated,2030.0,Spinning reserve costs: $m,3888.254567000581
Angola,Angola_North,DiscountedWeightedCostsCumulated,2030.0,Startup costs: $m,3888.254567000581
Angola,Angola_North,DiscountedWeightedCostsCumulated,2030.0,Trade shared benefits: $m,3581.8305025570407
Angola,Angola_North,DiscountedWeightedCostsCumulated,2030.0,Transmission costs: $m,3248.361958798231
Angola,Angola_North,DiscountedWeightedCostsCumulated,2030.0,Unmet country CO2 backstop cost: $m,3317.590394016096
Angola,Angola_North,DiscountedWeightedCostsCumulated,2030.0,Unmet country planning reserve costs: $m,3317.590394016096
Angola,Angola_North,DiscountedWeightedCostsCumulated,2030.0,Unmet country spinning reserve costs: $m,3317.590394016096
Angola,Angola_North,DiscountedWeightedCostsCumulated,2030.0,Unmet demand costs: $m,3317.590394016096
Angola,Angola_North,DiscountedWeightedCostsCumulated,2030.0,Unmet system CO2 backstop cost: $m,3317.590394016096
Angola,Angola_North,DiscountedWeightedCostsCumulated,2030.0,Unmet system planning reserve costs: $m,3317.590394016096
Angola,Angola_North,DiscountedWeightedCostsCumulated,2030.0,Unmet system spinning reserve costs: $m,3317.590394016096
Angola,Angola_North,DiscountedWeightedCostsCumulated,2030.0,VRE curtailment: $m,3317.9312104600635
Angola,Angola_North,DiscountedWeightedCostsCumulated,2030.0,Variable O&M: $m,3367.674155539915
Angola,Angola_North,DiscountedWeightedCostsCumulated,2032.0,Carbon costs: $m,1228.8043627396908
Angola,Angola_North,DiscountedWeightedCostsCumulated,2032.0,Excess generation: $m,1340.3758609893132
Angola,Angola_North,DiscountedWeightedCostsCumulated,2032.0,Export revenues with external zones: $m,1340.3758609893132
Angola,Angola_North,DiscountedWeightedCostsCumulated,2032.0,Export revenues with internal zones: $m,1325.4506691682386
Angola,Angola_North,DiscountedWeightedCostsCumulated,2032.0,Fixed O&M: $m,1732.8993678048826
Angola,Angola_North,DiscountedWeightedCostsCumulated,2032.0,Fuel costs: $m,3137.6465642379662
Angola,Angola_North,DiscountedWeightedCostsCumulated,2032.0,Generation costs: $m,3327.075738506558
Angola,Angola_North,DiscountedWeightedCostsCumulated,2032.0,Import costs with external zones: $m,3327.075738506558
Angola,Angola_North,DiscountedWeightedCostsCumulated,2032.0,Import costs with internal zones: $m,3327.077619426466
Angola,Angola_North,DiscountedWeightedCostsCumulated,2032.0,NPV of system cost: $m,3888.254567000581
Angola,Angola_North,DiscountedWeightedCostsCumulated,2032.0,Spinning reserve costs: $m,3888.254567000581
Angola,Angola_North,DiscountedWeightedCostsCumulated,2032.0,Startup costs: $m,3888.254567000581
Angola,Angola_North,DiscountedWeightedCostsCumulated,2032.0,Trade shared benefits: $m,3425.5622819996715
Angola,Angola_North,DiscountedWeightedCostsCumulated,2032.0,Transmission costs: $m,3248.361958798231
Angola,Angola_North,DiscountedWeightedCostsCumulated,2032.0,Unmet country CO2 backstop cost: $m,3317.590394016096
Angola,Angola_North,DiscountedWeightedCostsCumulated,2032.0,Unmet country planning reserve costs: $m,3317.590394016096
Angola,Angola_North,DiscountedWeightedCostsCumulated,2032.0,Unmet country spinning reserve costs: $m,3317.590394016096
Angola,Angola_North,DiscountedWeightedCostsCumulated,2032.0,Unmet demand costs: $m,3317.590394016096
Angola,Angola_North,DiscountedWeightedCostsCumulated,2032.0,Unmet system CO2 backstop cost: $m,3317.590394016096
Angola,Angola_North,DiscountedWeightedCostsCumulated,2032.0,Unmet system planning reserve costs: $m,3317.590394016096
Angola,Angola_North,DiscountedWeightedCostsCumulated,2032.0,Unmet system spinning reserve costs: $m,3317.590394016096
Angola,Angola_North,DiscountedWeightedCostsCumulated,2032.0,VRE curtailment: $m,3317.9312104600635
Angola,Angola_North,DiscountedWeightedCostsCumulated,2032.0,Variable O&M: $m,3381.811286997762
Angola,Angola_North,DiscountedWeightedCostsCumulated,2035.0,Carbon costs: $m,1228.8043627396908
Angola,Angola_North,DiscountedWeightedCostsCumulated,2035.0,Excess generation: $m,1340.3758609893132
Angola,Angola_North,DiscountedWeightedCostsCumulated,2035.0,Export revenues with external zones: $m,1340.3758609893132
Angola,Angola_North,DiscountedWeightedCostsCumulated,2035.0,Export revenues with internal zones: $m,830.2837248705459
Angola,Angola_North,DiscountedWeightedCostsCumulated,2035.0,Fixed O&M: $m,2146.988812520196
Angola,Angola_North,DiscountedWeightedCostsCumulated,2035.0,Fuel costs: $m,3144.679757563584
Angola,Angola_North,DiscountedWeightedCostsCumulated,2035.0,Generation costs: $m,3327.075738506558
Angola,Angola_North,DiscountedWeightedCostsCumulated,2035.0,Import costs with external zones: $m,3327.075738506558
Angola,Angola_North,DiscountedWeightedCostsCumulated,2035.0,Import costs with internal zones: $m,3327.077619426466
Angola,Angola_North,DiscountedWeightedCostsCumulated,2035.0,NPV of system cost: $m,3888.254567000581
Angola,Angola_North,DiscountedWeightedCostsCumulated,2035.0,Spinning reserve costs: $m,3888.254567000581
Angola,Angola_North,DiscountedWeightedCostsCumulated,2035.0,Startup costs: $m,3888.254567000581
Angola,Angola_North,DiscountedWeightedCostsCumulated,2035.0,Trade shared benefits: $m,3400.470324854479
Angola,Angola_North,DiscountedWeightedCostsCumulated,2035.0,Transmission costs: $m,3262.5317801117862
Angola,Angola_North,DiscountedWeightedCostsCumulated,2035.0,Unmet country CO2 backstop cost: $m,3317.590394016096
Angola,Angola_North,DiscountedWeightedCostsCumulated,2035.0,Unmet country planning reserve costs: $m,3317.590394016096
Angola,Angola_North,DiscountedWeightedCostsCumulated,2035.0,Unmet country spinning reserve costs: $m,3317.590394016096
Angola,Angola_North,DiscountedWeightedCostsCumulated,2035.0,Unmet demand costs: $m,3317.590394016096
Angola,Angola_North,DiscountedWeightedCostsCumulated,2035.0,Unmet system CO2 backstop cost: $m,3317.590394016096
Angola,Angola_North,DiscountedWeightedCostsCumulated,2035.0,Unmet system planning reserve costs: $m,3317.590394016096
Angola,Angola_North,DiscountedWeightedCostsCumulated,2035.0,Unmet system spinning reserve costs: $m,3317.590394016096
Angola,Angola_North,DiscountedWeightedCostsCumulated,2035.0,VRE curtailment: $m,3317.9312104600635
Angola,Angola_North,DiscountedWeightedCostsCumulated,2035.0,Variable O&M: $m,3400.591526968478
Angola,Angola_North,DiscountedWeightedCostsCumulated,2038.0,Carbon costs: $m,1238.017406149942
Angola,Angola_North,DiscountedWeightedCostsCumulated,2038.0,Excess generation: $m,1340.3758609893132
Angola,Angola_North,DiscountedWeightedCostsCumulated,2038.0,Export revenues with external zones: $m,1340.3758609893132
Angola,Angola_North,DiscountedWeightedCostsCumulated,2038.0,Export revenues with internal zones: $m,637.2502552915308
Angola,Angola_North,DiscountedWeightedCostsCumulated,2038.0,Fixed O&M: $m,2459.138802552948
Angola,Angola_North,DiscountedWeightedCostsCumulated,2038.0,Fuel costs: $m,3162.9422481449374
Angola,Angola_North,DiscountedWeightedCostsCumulated,2038.0,Generation costs: $m,3327.075738506558
Angola,Angola_North,DiscountedWeightedCostsCumulated,2038.0,Import costs with external zones: $m,3327.075738506558
Angola,Angola_North,DiscountedWeightedCostsCumulated,2038.0,Import costs with internal zones: $m,3393.240361238298
Angola,Angola_North,DiscountedWeightedCostsCumulated,2038.0,NPV of system cost: $m,3888.254567000581
Angola,Angola_North,DiscountedWeightedCostsCumulated,2038.0,Spinning reserve costs: $m,3888.254567000581
Angola,Angola_North,DiscountedWeightedCostsCumulated,2038.0,Startup costs: $m,3888.254567000581
Angola,Angola_North,DiscountedWeightedCostsCumulated,2038.0,Trade shared benefits: $m,3371.333507015629
Angola,Angola_North,DiscountedWeightedCostsCumulated,2038.0,Transmission costs: $m,3277.895498267608
Angola,Angola_North,DiscountedWeightedCostsCumulated,2038.0,Unmet country CO2 backstop cost: $m,3317.590394016096
Angola,Angola_North,DiscountedWeightedCostsCumulated,2038.0,Unmet country planning reserve costs: $m,3317.590394016096
Angola,Angola_North,DiscountedWeightedCostsCumulated,2038.0,Unmet country spinning reserve costs: $m,3317.590394016096
Angola,Angola_North,DiscountedWeightedCostsCumulated,2038.0,Unmet demand costs: $m,3317.590394016096
Angola,Angola_North,DiscountedWeightedCostsCumulated,2038.0,Unmet system CO2 backstop cost: $m,3317.590394016096
Angola,Angola_North,DiscountedWeightedCostsCumulated,2038.0,Unmet system planning reserve costs: $m,3317.590394016096
Angola,Angola_North,DiscountedWeightedCostsCumulated,2038.0,Unmet system spinning reserve costs: $m,3317.6007825230618
Angola,Angola_North,DiscountedWeightedCostsCumulated,2038.0,VRE curtailment: $m,3317.9312104600635
Angola,Angola_North,DiscountedWeightedCostsCumulated,2038.0,Variable O&M: $m,3414.776075645961
Angola,Angola_North,DiscountedWeightedCostsCumulated,2040.0,Carbon costs: $m,1246.918132241288
Angola,Angola_North,DiscountedWeightedCostsCumulated,2040.0,Excess generation: $m,1340.3758609893132
Angola,Angola_North,DiscountedWeightedCostsCumulated,2040.0,Export revenues with external zones: $m,1340.3758609893132
Angola,Angola_North,DiscountedWeightedCostsCumulated,2040.0,Export revenues with internal zones: $m,503.5967806555632
Angola,Angola_North,DiscountedWeightedCostsCumulated,2040.0,Fixed O&M: $m,2623.48551736545
Angola,Angola_North,DiscountedWeightedCostsCumulated,2040.0,Fuel costs: $m,3179.9270784044584
Angola,Angola_North,DiscountedWeightedCostsCumulated,2040.0,Generation costs: $m,3327.075738506558
Angola,Angola_North,DiscountedWeightedCostsCumulated,2040.0,Import costs with external zones: $m,3327.075738506558
Angola,Angola_North,DiscountedWeightedCostsCumulated,2040.0,Import costs with internal zones: $m,3478.956754496059
Angola,Angola_North,DiscountedWeightedCostsCumulated,2040.0,NPV of system cost: $m,3888.254567000581
Angola,Angola_North,DiscountedWeightedCostsCumulated,2040.0,Spinning reserve costs: $m,3888.254567000581
Angola,Angola_North,DiscountedWeightedCostsCumulated,2040.0,Startup costs: $m,3888.254567000581
Angola,Angola_North,DiscountedWeightedCostsCumulated,2040.0,Trade shared benefits: $m,3346.652765150956
Angola,Angola_North,DiscountedWeightedCostsCumulated,2040.0,Transmission costs: $m,3287.7114398261488
Angola,Angola_North,DiscountedWeightedCostsCumulated,2040.0,Unmet country CO2 backstop cost: $m,3317.590394016096
Angola,Angola_North,DiscountedWeightedCostsCumulated,2040.0,Unmet country planning reserve costs: $m,3317.590394016096
Angola,Angola_North,DiscountedWeightedCostsCumulated,2040.0,Unmet country spinning reserve costs: $m,3317.590394016096
Angola,Angola_North,DiscountedWeightedCostsCumulated,2040.0,Unmet demand costs: $m,3317.590394016096
Angola,Angola_North,DiscountedWeightedCostsCumulated,2040.0,Unmet system CO2 backstop cost: $m,3317.590394016096
Angola,Angola_North,DiscountedWeightedCostsCumulated,2040.0,Unmet system planning reserve costs: $m,3317.590394016096
Angola,Angola_North,DiscountedWeightedCostsCumulated,2040.0,Unmet system spinning reserve costs: $m,3317.729992755552
Angola,Angola_North,DiscountedWeightedCostsCumulated,2040.0,VRE curtailment: $m,3317.9312104600635
Angola,Angola_North,DiscountedWeightedCostsCumulated,2040.0,Variable O&M: $m,3422.5622397991337
Angola,Angola_North,DiscountedWeightedCostsCumulated,2042.0,Carbon costs: $m,1272.275786597828
Angola,Angola_North,DiscountedWeightedCostsCumulated,2042.0,Excess generation: $m,1340.3758609893132
Angola,Angola_North,DiscountedWeightedCostsCumulated,2042.0,Export revenues with external zones: $m,1340.3758609893132
Angola,Angola_North,DiscountedWeightedCostsCumulated,2042.0,Export revenues with internal zones: $m,335.89562704080254
Angola,Angola_North,DiscountedWeightedCostsCumulated,2042.0,Fixed O&M: $m,2759.6108825976567
Angola,Angola_North,DiscountedWeightedCostsCumulated,2042.0,Fuel costs: $m,3226.460612648436
Angola,Angola_North,DiscountedWeightedCostsCumulated,2042.0,Generation costs: $m,3327.075738506558
Angola,Angola_North,DiscountedWeightedCostsCumulated,2042.0,Import costs with external zones: $m,3327.075738506558
Angola,Angola_North,DiscountedWeightedCostsCumulated,2042.0,Import costs with internal zones: $m,3587.658036341762
Angola,Angola_North,DiscountedWeightedCostsCumulated,2042.0,NPV of system cost: $m,3888.254567000581
Angola,Angola_North,DiscountedWeightedCostsCumulated,2042.0,Spinning reserve costs: $m,3888.254567000581
Angola,Angola_North,DiscountedWeightedCostsCumulated,2042.0,Startup costs: $m,3888.254567000581
Angola,Angola_North,DiscountedWeightedCostsCumulated,2042.0,Trade shared benefits: $m,3315.8832350666235
Angola,Angola_North,DiscountedWeightedCostsCumulated,2042.0,Transmission costs: $m,3296.160119075548
Angola,Angola_North,DiscountedWeightedCostsCumulated,2042.0,Unmet country CO2 backstop cost: $m,3317.590394016096
Angola,Angola_North,DiscountedWeightedCostsCumulated,2042.0,Unmet country planning reserve costs: $m,3317.590394016096
Angola,Angola_North,DiscountedWeightedCostsCumulated,2042.0,Unmet country spinning reserve costs: $m,3317.590394016096
Angola,Angola_North,DiscountedWeightedCostsCumulated,2042.0,Unmet demand costs: $m,3317.590394016096
Angola,Angola_North,DiscountedWeightedCostsCumulated,2042.0,Unmet system CO2 backstop cost: $m,3317.590394016096
Angola,Angola_North,DiscountedWeightedCostsCumulated,2042.0,Unmet system planning reserve costs: $m,3317.590394016096
Angola,Angola_North,DiscountedWeightedCostsCumulated,2042.0,Unmet system spinning reserve costs: $m,3317.9312104600635
Angola,Angola_North,DiscountedWeightedCostsCumulated,2042.0,VRE curtailment: $m,3317.9312104600635
Angola,Angola_North,DiscountedWeightedCostsCumulated,2042.0,Variable O&M: $m,3430.3464328240907
Angola,Angola_North,DiscountedWeightedCostsCumulated,2045.0,Carbon costs: $m,1287.3441126320818
Angola,Angola_North,DiscountedWeightedCostsCumulated,2045.0,Excess generation: $m,1340.3758609893132
Angola,Angola_North,DiscountedWeightedCostsCumulated,2045.0,Export revenues with external zones: $m,1340.3758609893132
Angola,Angola_North,DiscountedWeightedCostsCumulated,2045.0,Export revenues with internal zones: $m,151.12438266238863
Angola,Angola_North,DiscountedWeightedCostsCumulated,2045.0,Fixed O&M: $m,2935.066996240461
Angola,Angola_North,DiscountedWeightedCostsCumulated,2045.0,Fuel costs: $m,3252.4243934156025
Angola,Angola_North,DiscountedWeightedCostsCumulated,2045.0,Generation costs: $m,3327.075738506558
Angola,Angola_North,DiscountedWeightedCostsCumulated,2045.0,Import costs with external zones: $m,3327.075738506558
Angola,Angola_North,DiscountedWeightedCostsCumulated,2045.0,Import costs with internal zones: $m,3706.090064506349
Angola,Angola_North,DiscountedWeightedCostsCumulated,2045.0,NPV of system cost: $m,3888.254567000581
Angola,Angola_North,DiscountedWeightedCostsCumulated,2045.0,Spinning reserve costs: $m,3888.254567000581
Angola,Angola_North,DiscountedWeightedCostsCumulated,2045.0,Startup costs: $m,3888.254567000581
Angola,Angola_North,DiscountedWeightedCostsCumulated,2045.0,Trade shared benefits: $m,3287.763956708691
Angola,Angola_North,DiscountedWeightedCostsCumulated,2045.0,Transmission costs: $m,3306.1462755955954
Angola,Angola_North,DiscountedWeightedCostsCumulated,2045.0,Unmet country CO2 backstop cost: $m,3317.590394016096
Angola,Angola_North,DiscountedWeightedCostsCumulated,2045.0,Unmet country planning reserve costs: $m,3317.590394016096
Angola,Angola_North,DiscountedWeightedCostsCumulated,2045.0,Unmet country spinning reserve costs: $m,3317.590394016096
Angola,Angola_North,DiscountedWeightedCostsCumulated,2045.0,Unmet demand costs: $m,3317.590394016096
Angola,Angola_North,DiscountedWeightedCostsCumulated,2045.0,Unmet system CO2 backstop cost: $m,3317.590394016096
Angola,Angola_North,DiscountedWeightedCostsCumulated,2045.0,Unmet system planning reserve costs: $m,3317.590394016096
Angola,Angola_North,DiscountedWeightedCostsCumulated,2045.0,Unmet system spinning reserve costs: $m,3317.9312104600635
Angola,Angola_North,DiscountedWeightedCostsCumulated,2045.0,VRE curtailment: $m,3317.9312104600635
Angola,Angola_North,DiscountedWeightedCostsCumulated,2045.0,Variable O&M: $m,3439.325296163305
Angola,Angola_North,DiscountedWeightedCostsCumulated,2048.0,Carbon costs: $m,1313.392005073337
Angola,Angola_North,DiscountedWeightedCostsCumulated,2048.0,Excess generation: $m,1340.3758609893132
Angola,Angola_North,DiscountedWeightedCostsCumulated,2048.0,Export revenues with external zones: $m,1340.3758609893132
Angola,Angola_North,DiscountedWeightedCostsCumulated,2048.0,Export revenues with internal zones: $m,16.270948602317702
Angola,Angola_North,DiscountedWeightedCostsCumulated,2048.0,Fixed O&M: $m,3067.693358533985
Angola,Angola_North,DiscountedWeightedCostsCumulated,2048.0,Fuel costs: $m,3290.542489459206
Angola,Angola_North,DiscountedWeightedCostsCumulated,2048.0,Generation costs: $m,3327.075738506558
Angola,Angola_North,DiscountedWeightedCostsCumulated,2048.0,Import costs with external zones: $m,3327.075738506558
Angola,Angola_North,DiscountedWeightedCostsCumulated,2048.0,Import costs with internal zones: $m,3825.2002000788657
Angola,Angola_North,DiscountedWeightedCostsCumulated,2048.0,NPV of system cost: $m,3888.254567000581
Angola,Angola_North,DiscountedWeightedCostsCumulated,2048.0,Spinning reserve costs: $m,3888.254567000581
Angola,Angola_North,DiscountedWeightedCostsCumulated,2048.0,Startup costs: $m,3888.254567000581
Angola,Angola_North,DiscountedWeightedCostsCumulated,2048.0,Trade shared benefits: $m,3262.053159382872
Angola,Angola_North,DiscountedWeightedCostsCumulated,2048.0,Transmission costs: $m,3313.6490227932263
Angola,Angola_North,DiscountedWeightedCostsCumulated,2048.0,Unmet country CO2 backstop cost: $m,3317.590394016096
Angola,Angola_North,DiscountedWeightedCostsCumulated,2048.0,Unmet country planning reserve costs: $m,3317.590394016096
Angola,Angola_North,DiscountedWeightedCostsCumulated,2048.0,Unmet country spinning reserve costs: $m,3317.590394016096
Angola,Angola_North,DiscountedWeightedCostsCumulated,2048.0,Unmet demand costs: $m,3317.590394016096
Angola,Angola_North,DiscountedWeightedCostsCumulated,2048.0,Unmet system CO2 backstop cost: $m,3317.590394016096
Angola,Angola_North,DiscountedWeightedCostsCumulated,2048.0,Unmet system planning reserve costs: $m,3317.590394016096
Angola,Angola_North,DiscountedWeightedCostsCumulated,2048.0,Unmet system spinning reserve costs: $m,3317.9312104600635
Angola,Angola_North,DiscountedWeightedCostsCumulated,2048.0,VRE curtailment: $m,3317.9312104600635
Angola,Angola_North,DiscountedWeightedCostsCumulated,2048.0,Variable O&M: $m,3446.901439324069
Angola,Angola_North,DiscountedWeightedCostsCumulated,2050.0,Carbon costs: $m,1340.3758609893132
Angola,Angola_North,DiscountedWeightedCostsCumulated,2050.0,Excess generation: $m,1340.3758609893132
Angola,Angola_North,DiscountedWeightedCostsCumulated,2050.0,Export revenues with external zones: $m,1340.3758609893132
Angola,Angola_North,DiscountedWeightedCostsCumulated,2050.0,Export revenues with internal zones: $m,-58.95982119555429
Angola,Angola_North,DiscountedWeightedCostsCumulated,2050.0,Fixed O&M: $m,3137.6465642379662
Angola,Angola_North,DiscountedWeightedCostsCumulated,2050.0,Fuel costs: $m,3327.075738506558
Angola,Angola_North,DiscountedWeightedCostsCumulated,2050.0,Generation costs: $m,3327.075738506558
Angola,Angola_North,DiscountedWeightedCostsCumulated,2050.0,Import costs with external zones: $m,3327.075738506558
Angola,Angola_North,DiscountedWeightedCostsCumulated,2050.0,Import costs with internal zones: $m,3888.254567000581
Angola,Angola_North,DiscountedWeightedCostsCumulated,2050.0,NPV of system cost: $m,3888.254567000581
Angola,Angola_North,DiscountedWeightedCostsCumulated,2050.0,Spinning reserve costs: $m,3888.254567000581
Angola,Angola_North,DiscountedWeightedCostsCumulated,2050.0,Startup costs: $m,3888.254567000581
Angola,Angola_North,DiscountedWeightedCostsCumulated,2050.0,Trade shared benefits: $m,3248.361958798231
Angola,Angola_North,DiscountedWeightedCostsCumulated,2050.0,Transmission costs: $m,3317.590394016096
Angola,Angola_North,DiscountedWeightedCostsCumulated,2050.0,Unmet country CO2 backstop cost: $m,3317.590394016096
Angola,Angola_North,DiscountedWeightedCostsCumulated,2050.0,Unmet country planning reserve costs: $m,3317.590394016096
Angola,Angola_North,DiscountedWeightedCostsCumulated,2050.0,Unmet country spinning reserve costs: $m,3317.590394016096
Angola,Angola_North,DiscountedWeightedCostsCumulated,2050.0,Unmet demand costs: $m,3317.590394016096
Angola,Angola_North,DiscountedWeightedCostsCumulated,2050.0,Unmet system CO2 backstop cost: $m,3317.590394016096
Angola,Angola_North,DiscountedWeightedCostsCumulated,2050.0,Unmet system planning reserve costs: $m,3317.590394016096
Angola,Angola_North,DiscountedWeightedCostsCumulated,2050.0,Unmet system spinning reserve costs: $m,3317.9312104600635
Angola,Angola_North,DiscountedWeightedCostsCumulated,2050.0,VRE curtailment: $m,3317.9312104600635
Angola,Angola_North,DiscountedWeightedCostsCumulated,2050.0,Variable O&M: $m,3451.578241876365
Angola,Angola_North,GenCostsPerMWh,2025.0,Fixed O&M: $m,14.299384851898845
Angola,Angola_North,GenCostsPerMWh,2025.0,Variable Cost: $m,0.5499999999999998
Angola,Angola_North,GenCostsPerMWh,2027.0,Fixed O&M: $m,19.766675735836465
Angola,Angola_North,GenCostsPerMWh,2027.0,Investment costs: $m,34.173602066311005
Angola,Angola_North,GenCostsPerMWh,2027.0,Variable Cost: $m,0.5499999999999999
Angola,Angola_North,GenCostsPerMWh,2030.0,Fixed O&M: $m,14.13416041330684
Angola,Angola_North,GenCostsPerMWh,2030.0,Investment costs: $m,24.43583230487563
Angola,Angola_North,GenCostsPerMWh,2030.0,Variable Cost: $m,0.5499999999999998
Angola,Angola_North,GenCostsPerMWh,2032.0,Fixed O&M: $m,13.629690912906216
Angola,Angola_North,GenCostsPerMWh,2032.0,Investment costs: $m,23.56368059906164
Angola,Angola_North,GenCostsPerMWh,2032.0,Variable Cost: $m,0.5500000000000002
Angola,Angola_North,GenCostsPerMWh,2035.0,Fixed O&M: $m,12.3660435744112
Angola,Angola_North,GenCostsPerMWh,2035.0,Investment costs: $m,21.3790248747007
Angola,Angola_North,GenCostsPerMWh,2035.0,Variable Cost: $m,0.7708721992831038
Angola,Angola_North,GenCostsPerMWh,2038.0,Fixed O&M: $m,12.578210716435276
Angola,Angola_North,GenCostsPerMWh,2038.0,Investment costs: $m,21.77517832830585
Angola,Angola_North,GenCostsPerMWh,2038.0,Variable Cost: $m,1.307466634483232
Angola,Angola_North,GenCostsPerMWh,2040.0,Fixed O&M: $m,12.370295811269736
Angola,Angola_North,GenCostsPerMWh,2040.0,Investment costs: $m,21.432215760931182
Angola,Angola_North,GenCostsPerMWh,2040.0,Variable Cost: $m,1.864500478600494
Angola,Angola_North,GenCostsPerMWh,2042.0,Fixed O&M: $m,11.59947783586646
Angola,Angola_North,GenCostsPerMWh,2042.0,Investment costs: $m,20.11109343865636
Angola,Angola_North,GenCostsPerMWh,2042.0,Variable Cost: $m,4.62850749730495
Angola,Angola_North,GenCostsPerMWh,2045.0,Fixed O&M: $m,11.706540459414626
Angola,Angola_North,GenCostsPerMWh,2045.0,Investment costs: $m,23.54346152417072
Angola,Angola_North,GenCostsPerMWh,2045.0,Variable Cost: $m,2.331394834283416
Angola,Angola_North,GenCostsPerMWh,2048.0,Fixed O&M: $m,11.276542209781294
Angola,Angola_North,GenCostsPerMWh,2048.0,Investment costs: $m,22.630768750067027
Angola,Angola_North,GenCostsPerMWh,2048.0,Variable Cost: $m,3.885147780736963
Angola,Angola_North,GenCostsPerMWh,2050.0,Fixed O&M: $m,10.729146592557289
Angola,Angola_North,GenCostsPerMWh,2050.0,Investment costs: $m,21.50039477445048
Angola,Angola_North,GenCostsPerMWh,2050.0,Variable Cost: $m,6.320635062394369
Angola,Angola_North,NetPresentCostPerMWh,,Carbon costs: $m,0.6261689696239724
Angola,Angola_North,NetPresentCostPerMWh,,Excess generation: $m,0.0
Angola,Angola_North,NetPresentCostPerMWh,,Export revenues with external zones: $m,0.0
Angola,Angola_North,NetPresentCostPerMWh,,Export revenues with internal zones: $m,-7.853444616396204
Angola,Angola_North,NetPresentCostPerMWh,,Fixed O&M: $m,17.940206576611867
Angola,Angola_North,NetPresentCostPerMWh,,Fuel costs: $m,1.0631269878898977
Angola,Angola_North,NetPresentCostPerMWh,,Generation costs: $m,0.0
Angola,Angola_North,NetPresentCostPerMWh,,Import costs with external zones: $m,0.0
Angola,Angola_North,NetPresentCostPerMWh,,Import costs with internal zones: $m,3.14948507751243
Angola,Angola_North,NetPresentCostPerMWh,,NPV of system cost: $m,0.0
Angola,Angola_North,NetPresentCostPerMWh,,Spinning reserve costs: $m,0.0
Angola,Angola_North,NetPresentCostPerMWh,,Startup costs: $m,0.0
Angola,Angola_North,NetPresentCostPerMWh,,Trade shared benefits: $m,-3.59124777773984
Angola,Angola_North,NetPresentCostPerMWh,,Transmission costs: $m,0.3885284201531888
Angola,Angola_North,NetPresentCostPerMWh,,Unmet country CO2 backstop cost: $m,0.0
Angola,Angola_North,NetPresentCostPerMWh,,Unmet country planning reserve costs: $m,0.0
Angola,Angola_North,NetPresentCostPerMWh,,Unmet country spinning reserve costs: $m,0.0
Angola,Angola_North,NetPresentCostPerMWh,,Unmet demand costs: $m,0.0
Angola,Angola_North,NetPresentCostPerMWh,,Unmet system CO2 backstop cost: $m,0.0
Angola,Angola_North,NetPresentCostPerMWh,,Unmet system planning reserve costs: $m,0.0
Angola,Angola_North,NetPresentCostPerMWh,,Unmet system spinning reserve costs: $m,0.0019127526733777
Angola,Angola_North,NetPresentCostPerMWh,,VRE curtailment: $m,0.0
Angola,Angola_North,NetPresentCostPerMWh,,Variable O&M: $m,0.7500627424399733
Angola,Angola_South,Costs,2025.0,Carbon costs: $m,36.55633084446866
Angola,Angola_South,Costs,2025.0,Excess generation: $m,0.0
Angola,Angola_South,Costs,2025.0,Export revenues with external zones: $m,0.0
Angola,Angola_South,Costs,2025.0,Export revenues with internal zones: $m,0.0
Angola,Angola_South,Costs,2025.0,Fixed O&M: $m,23.57361024
Angola,Angola_South,Costs,2025.0,Fuel costs: $m,128.11278440145722
Angola,Angola_South,Costs,2025.0,Generation costs: $m,0.0
Angola,Angola_South,Costs,2025.0,Import costs with external zones: $m,0.0
Angola,Angola_South,Costs,2025.0,Import costs with internal zones: $m,0.0
Angola,Angola_South,Costs,2025.0,NPV of system cost: $m,0.0
Angola,Angola_South,Costs,2025.0,Spinning reserve costs: $m,0.0
Angola,Angola_South,Costs,2025.0,Startup costs: $m,0.0
Angola,Angola_South,Costs,2025.0,Trade shared benefits: $m,0.0
Angola,Angola_South,Costs,2025.0,Transmission costs: $m,0.0
Angola,Angola_South,Costs,2025.0,Unmet country CO2 backstop cost: $m,0.0
Angola,Angola_South,Costs,2025.0,Unmet country planning reserve costs: $m,0.0
Angola,Angola_South,Costs,2025.0,Unmet country spinning reserve costs: $m,0.0
Angola,Angola_South,Costs,2025.0,Unmet demand costs: $m,0.0
Angola,Angola_South,Costs,2025.0,Unmet system CO2 backstop cost: $m,0.0
Angola,Angola_South,Costs,2025.0,Unmet system planning reserve costs: $m,0.0
Angola,Angola_South,Costs,2025.0,Unmet system spinning reserve costs: $m,0.0
Angola,Angola_South,Costs,2025.0,VRE curtailment: $m,0.0
Angola,Angola_South,Costs,2025.0,Variable O&M: $m,4.38239710163399
Angola,Angola_South,Costs,2027.0,Carbon costs: $m,38.62094734352976
Angola,Angola_South,Costs,2027.0,Excess generation: $m,0.0
Angola,Angola_South,Costs,2027.0,Export revenues with external zones: $m,0.0
Angola,Angola_South,Costs,2027.0,Export revenues with internal zones: $m,0.0
Angola,Angola_South,Costs,2027.0,Fixed O&M: $m,24.14286024
Angola,Angola_South,Costs,2027.0,Fuel costs: $m,133.1773186792577
Angola,Angola_South,Costs,2027.0,Generation costs: $m,0.0
Angola,Angola_South,Costs,2027.0,Import costs with external zones: $m,0.0
Angola,Angola_South,Costs,2027.0,Import costs with internal zones: $m,0.0
Angola,Angola_South,Costs,2027.0,NPV of system cost: $m,0.0
Angola,Angola_South,Costs,2027.0,Spinning reserve costs: $m,0.0
Angola,Angola_South,Costs,2027.0,Startup costs: $m,0.0
Angola,Angola_South,Costs,2027.0,Trade shared benefits: $m,0.0
Angola,Angola_South,Costs,2027.0,Transmission costs: $m,0.0
Angola,Angola_South,Costs,2027.0,Unmet country CO2 backstop cost: $m,0.0
Angola,Angola_South,Costs,2027.0,Unmet country planning reserve costs: $m,0.0
Angola,Angola_South,Costs,2027.0,Unmet country spinning reserve costs: $m,0.0
Angola,Angola_South,Costs,2027.0,Unmet demand costs: $m,0.0
Angola,Angola_South,Costs,2027.0,Unmet system CO2 backstop cost: $m,0.0
Angola,Angola_South,Costs,2027.0,Unmet system planning reserve costs: $m,0.0
Angola,Angola_South,Costs,2027.0,Unmet system spinning reserve costs: $m,0.0
Angola,Angola_South,Costs,2027.0,VRE curtailment: $m,0.0
Angola,Angola_South,Costs,2027.0,Variable O&M: $m,4.436183292941598
Angola,Angola_South,Costs,2030.0,Carbon costs: $m,0.0
Angola,Angola_South,Costs,2030.0,Excess generation: $m,0.0
Angola,Angola_South,Costs,2030.0,Export revenues with external zones: $m,0.0
Angola,Angola_South,Costs,2030.0,Export revenues with internal zones: $m,-202.5246395144989
Angola,Angola_South,Costs,2030.0,Fixed O&M: $m,26.317818597984093
Angola,Angola_South,Costs,2030.0,Fuel costs: $m,0.0
Angola,Angola_South,Costs,2030.0,Generation costs: $m,0.0
Angola,Angola_South,Costs,2030.0,Import costs with external zones: $m,0.0
Angola,Angola_South,Costs,2030.0,Import costs with internal zones: $m,260.5535485406005
Angola,Angola_South,Costs,2030.0,NPV of system cost: $m,0.0
Angola,Angola_South,Costs,2030.0,Spinning reserve costs: $m,0.0
Angola,Angola_South,Costs,2030.0,Startup costs: $m,0.0
Angola,Angola_South,Costs,2030.0,Trade shared benefits: $m,-52.32218761523256
Angola,Angola_South,Costs,2030.0,Transmission costs: $m,18.655530037255417
Angola,Angola_South,Costs,2030.0,Unmet country CO2 backstop cost: $m,0.0
Angola,Angola_South,Costs,2030.0,Unmet country planning reserve costs: $m,0.0
Angola,Angola_South,Costs,2030.0,Unmet country spinning reserve costs: $m,0.0
Angola,Angola_South,Costs,2030.0,Unmet demand costs: $m,0.0
Angola,Angola_South,Costs,2030.0,Unmet system CO2 backstop cost: $m,0.0
Angola,Angola_South,Costs,2030.0,Unmet system planning reserve costs: $m,0.0
Angola,Angola_South,Costs,2030.0,Unmet system spinning reserve costs: $m,0.0
Angola,Angola_South,Costs,2030.0,VRE curtailment: $m,0.0
Angola,Angola_South,Costs,2030.0,Variable O&M: $m,0.080411496
Angola,Angola_South,Costs,2032.0,Carbon costs: $m,0.0
Angola,Angola_South,Costs,2032.0,Excess generation: $m,0.0
Angola,Angola_South,Costs,2032.0,Export revenues with external zones: $m,0.0
Angola,Angola_South,Costs,2032.0,Export revenues with internal zones: $m,-183.08452656275304
Angola,Angola_South,Costs,2032.0,Fixed O&M: $m,27.42383281490137
Angola,Angola_South,Costs,2032.0,Fuel costs: $m,0.0
Angola,Angola_South,Costs,2032.0,Generation costs: $m,0.0
Angola,Angola_South,Costs,2032.0,Import costs with external zones: $m,0.0
Angola,Angola_South,Costs,2032.0,Import costs with internal zones: $m,241.8478611403387
Angola,Angola_South,Costs,2032.0,NPV of system cost: $m,0.0
Angola,Angola_South,Costs,2032.0,Spinning reserve costs: $m,0.0
Angola,Angola_South,Costs,2032.0,Startup costs: $m,0.0
Angola,Angola_South,Costs,2032.0,Trade shared benefits: $m,-58.12149860924223
Angola,Angola_South,Costs,2032.0,Transmission costs: $m,18.655530037255417
Angola,Angola_South,Costs,2032.0,Unmet country CO2 backstop cost: $m,0.0
Angola,Angola_South,Costs,2032.0,Unmet country planning reserve costs: $m,0.0
Angola,Angola_South,Costs,2032.0,Unmet country spinning reserve costs: $m,0.0
Angola,Angola_South,Costs,2032.0,Unmet demand costs: $m,0.0
Angola,Angola_South,Costs,2032.0,Unmet system CO2 backstop cost: $m,0.0
Angola,Angola_South,Costs,2032.0,Unmet system planning reserve costs: $m,0.0
Angola,Angola_South,Costs,2032.0,Unmet system spinning reserve costs: $m,0.0
Angola,Angola_South,Costs,2032.0,VRE curtailment: $m,0.0
Angola,Angola_South,Costs,2032.0,Variable O&M: $m,0.080411496
Angola,Angola_South,Costs,2035.0,Carbon costs: $m,0.0
Angola,Angola_South,Costs,2035.0,Excess generation: $m,0.0
Angola,Angola_South,Costs,2035.0,Export revenues with external zones: $m,0.0
Angola,Angola_South,Costs,2035.0,Export revenues with internal zones: $m,-112.64556435114731
Angola,Angola_South,Costs,2035.0,Fixed O&M: $m,28.97633281490137
Angola,Angola_South,Costs,2035.0,Fuel costs: $m,0.0
Angola,Angola_South,Costs,2035.0,Generation costs: $m,0.0
Angola,Angola_South,Costs,2035.0,Import costs with external zones: $m,0.0
Angola,Angola_South,Costs,2035.0,Import costs with internal zones: $m,157.722103862338
Angola,Angola_South,Costs,2035.0,NPV of system cost: $m,0.0
Angola,Angola_South,Costs,2035.0,Spinning reserve costs: $m,0.0
Angola,Angola_South,Costs,2035.0,Startup costs: $m,0.0
Angola,Angola_South,Costs,2035.0,Trade shared benefits: $m,-13.12385003647336
Angola,Angola_South,Costs,2035.0,Transmission costs: $m,18.655530037255417
Angola,Angola_South,Costs,2035.0,Unmet country CO2 backstop cost: $m,0.0
Angola,Angola_South,Costs,2035.0,Unmet country planning reserve costs: $m,0.0
Angola,Angola_South,Costs,2035.0,Unmet country spinning reserve costs: $m,0.0
Angola,Angola_South,Costs,2035.0,Unmet demand costs: $m,0.0
Angola,Angola_South,Costs,2035.0,Unmet system CO2 backstop cost: $m,0.0
Angola,Angola_South,Costs,2035.0,Unmet system planning reserve costs: $m,0.0
Angola,Angola_South,Costs,2035.0,Unmet system spinning reserve costs: $m,0.0
Angola,Angola_South,Costs,2035.0,VRE curtailment: $m,0.0
Angola,Angola_South,Costs,2035.0,Variable O&M: $m,0.080411496
Angola,Angola_South,Costs,2038.0,Carbon costs: $m,0.0
Angola,Angola_South,Costs,2038.0,Excess generation: $m,0.0
Angola,Angola_South,Costs,2038.0,Export revenues with external zones: $m,0.0
Angola,Angola_South,Costs,2038.0,Export revenues with internal zones: $m,-95.08804505527276
Angola,Angola_South,Costs,2038.0,Fixed O&M: $m,31.391835239999995
Angola,Angola_South,Costs,2038.0,Fuel costs: $m,0.0
Angola,Angola_South,Costs,2038.0,Generation costs: $m,0.0
Angola,Angola_South,Costs,2038.0,Import costs with external zones: $m,0.0
Angola,Angola_South,Costs,2038.0,Import costs with internal zones: $m,160.89444703516477
Angola,Angola_South,Costs,2038.0,NPV of system cost: $m,0.0
Angola,Angola_South,Costs,2038.0,Spinning reserve costs: $m,0.0
Angola,Angola_South,Costs,2038.0,Startup costs: $m,0.0
Angola,Angola_South,Costs,2038.0,Trade shared benefits: $m,-39.62843182640106
Angola,Angola_South,Costs,2038.0,Transmission costs: $m,18.655530037255417
Angola,Angola_South,Costs,2038.0,Unmet country CO2 backstop cost: $m,0.0
Angola,Angola_South,Costs,2038.0,Unmet country planning reserve costs: $m,0.0
Angola,Angola_South,Costs,2038.0,Unmet country spinning reserve costs: $m,0.0
Angola,Angola_South,Costs,2038.0,Unmet demand costs: $m,0.0
Angola,Angola_South,Costs,2038.0,Unmet system CO2 backstop cost: $m,0.0
Angola,Angola_South,Costs,2038.0,Unmet system planning reserve costs: $m,0.0
Angola,Angola_South,Costs,2038.0,Unmet system spinning reserve costs: $m,0.0007868616540832
Angola,Angola_South,Costs,2038.0,VRE curtailment: $m,0.0
Angola,Angola_South,Costs,2038.0,Variable O&M: $m,0.0790648492177994
Angola,Angola_South,Costs,2040.0,Carbon costs: $m,0.95816131791744
Angola,Angola_South,Costs,2040.0,Excess generation: $m,0.0
Angola,Angola_South,Costs,2040.0,Export revenues with external zones: $m,0.0
Angola,Angola_South,Costs,2040.0,Export revenues with internal zones: $m,-175.76160212166997
Angola,Angola_South,Costs,2040.0,Fixed O&M: $m,32.88883524
Angola,Angola_South,Costs,2040.0,Fuel costs: $m,2.719653707112719
Angola,Angola_South,Costs,2040.0,Generation costs: $m,0.0
Angola,Angola_South,Costs,2040.0,Import costs with external zones: $m,0.0
Angola,Angola_South,Costs,2040.0,Import costs with internal zones: $m,265.39949215597056
Angola,Angola_South,Costs,2040.0,NPV of system cost: $m,0.0
Angola,Angola_South,Costs,2040.0,Spinning reserve costs: $m,0.0
Angola,Angola_South,Costs,2040.0,Startup costs: $m,0.0
Angola,Angola_South,Costs,2040.0,Trade shared benefits: $m,-80.23261238712256
Angola,Angola_South,Costs,2040.0,Transmission costs: $m,18.655530037255417
Angola,Angola_South,Costs,2040.0,Unmet country CO2 backstop cost: $m,0.0
Angola,Angola_South,Costs,2040.0,Unmet country planning reserve costs: $m,0.0
Angola,Angola_South,Costs,2040.0,Unmet country spinning reserve costs: $m,0.0
Angola,Angola_South,Costs,2040.0,Unmet demand costs: $m,0.0
Angola,Angola_South,Costs,2040.0,Unmet system CO2 backstop cost: $m,0.0
Angola,Angola_South,Costs,2040.0,Unmet system planning reserve costs: $m,0.0
Angola,Angola_South,Costs,2040.0,Unmet system spinning reserve costs: $m,0.0186300974253001
Angola,Angola_South,Costs,2040.0,VRE curtailment: $m,0.0
Angola,Angola_South,Costs,2040.0,Variable O&M: $m,0.1598283059205814
Angola,Angola_South,Costs,2042.0,Carbon costs: $m,5.04489081968797
Angola,Angola_South,Costs,2042.0,Excess generation: $m,0.0
Angola,Angola_South,Costs,2042.0,Export revenues with external zones: $m,0.0
Angola,Angola_South,Costs,2042.0,Export revenues with internal zones: $m,-256.01183032613307
Angola,Angola_South,Costs,2042.0,Fixed O&M: $m,35.092240454627635
Angola,Angola_South,Costs,2042.0,Fuel costs: $m,13.871980266345512
Angola,Angola_South,Costs,2042.0,Generation costs: $m,0.0
Angola,Angola_South,Costs,2042.0,Import costs with external zones: $m,0.0
Angola,Angola_South,Costs,2042.0,Import costs with internal zones: $m,355.8747766483721
Angola,Angola_South,Costs,2042.0,NPV of system cost: $m,0.0
Angola,Angola_South,Costs,2042.0,Spinning reserve costs: $m,0.0
Angola,Angola_South,Costs,2042.0,Startup costs: $m,0.0
Angola,Angola_South,Costs,2042.0,Trade shared benefits: $m,-128.36556815136277
Angola,Angola_South,Costs,2042.0,Transmission costs: $m,18.655530037255417
Angola,Angola_South,Costs,2042.0,Unmet country CO2 backstop cost: $m,0.0
Angola,Angola_South,Costs,2042.0,Unmet country planning reserve costs: $m,0.0
Angola,Angola_South,Costs,2042.0,Unmet country spinning reserve costs: $m,0.0
Angola,Angola_South,Costs,2042.0,Unmet demand costs: $m,0.0
Angola,Angola_South,Costs,2042.0,Unmet system CO2 backstop cost: $m,0.0
Angola,Angola_South,Costs,2042.0,Unmet system planning reserve costs: $m,0.0
Angola,Angola_South,Costs,2042.0,Unmet system spinning reserve costs: $m,0.0351050647701439
Angola,Angola_South,Costs,2042.0,VRE curtailment: $m,0.0
Angola,Angola_South,Costs,2042.0,Variable O&M: $m,0.4914261277761315
Angola,Angola_South,Costs,2045.0,Carbon costs: $m,0.781882042720942
Angola,Angola_South,Costs,2045.0,Excess generation: $m,0.0
Angola,Angola_South,Costs,2045.0,Export revenues with external zones: $m,0.0
Angola,Angola_South,Costs,2045.0,Export revenues with internal zones: $m,-220.13774906638653
Angola,Angola_South,Costs,2045.0,Fixed O&M: $m,37.00051702488123
Angola,Angola_South,Costs,2045.0,Fuel costs: $m,1.996380164091493
Angola,Angola_South,Costs,2045.0,Generation costs: $m,0.0
Angola,Angola_South,Costs,2045.0,Import costs with external zones: $m,0.0
Angola,Angola_South,Costs,2045.0,Import costs with internal zones: $m,326.32287211827014
Angola,Angola_South,Costs,2045.0,NPV of system cost: $m,0.0
Angola,Angola_South,Costs,2045.0,Spinning reserve costs: $m,0.0
Angola,Angola_South,Costs,2045.0,Startup costs: $m,0.0
Angola,Angola_South,Costs,2045.0,Trade shared benefits: $m,-111.50220265229214
Angola,Angola_South,Costs,2045.0,Transmission costs: $m,18.655530037255417
Angola,Angola_South,Costs,2045.0,Unmet country CO2 backstop cost: $m,0.0
Angola,Angola_South,Costs,2045.0,Unmet country planning reserve costs: $m,0.0
Angola,Angola_South,Costs,2045.0,Unmet country spinning reserve costs: $m,0.0
Angola,Angola_South,Costs,2045.0,Unmet demand costs: $m,0.0
Angola,Angola_South,Costs,2045.0,Unmet system CO2 backstop cost: $m,0.0
Angola,Angola_South,Costs,2045.0,Unmet system planning reserve costs: $m,0.0
Angola,Angola_South,Costs,2045.0,Unmet system spinning reserve costs: $m,0.0
Angola,Angola_South,Costs,2045.0,VRE curtailment: $m,0.0
Angola,Angola_South,Costs,2045.0,Variable O&M: $m,0.1373151596331148
Angola,Angola_South,Costs,2048.0,Carbon costs: $m,3.4657298680424
Angola,Angola_South,Costs,2048.0,Excess generation: $m,0.0
Angola,Angola_South,Costs,2048.0,Export revenues with external zones: $m,0.0
Angola,Angola_South,Costs,2048.0,Export revenues with internal zones: $m,-221.47430555776447
Angola,Angola_South,Costs,2048.0,Fixed O&M: $m,44.25451702488123
Angola,Angola_South,Costs,2048.0,Fuel costs: $m,8.11336553218442
Angola,Angola_South,Costs,2048.0,Generation costs: $m,0.0
Angola,Angola_South,Costs,2048.0,Import costs with external zones: $m,0.0
Angola,Angola_South,Costs,2048.0,Import costs with internal zones: $m,316.79294304807354
Angola,Angola_South,Costs,2048.0,NPV of system cost: $m,0.0
Angola,Angola_South,Costs,2048.0,Spinning reserve costs: $m,0.0
Angola,Angola_South,Costs,2048.0,Startup costs: $m,0.0
Angola,Angola_South,Costs,2048.0,Trade shared benefits: $m,-129.49916317230435
Angola,Angola_South,Costs,2048.0,Transmission costs: $m,18.655530037255417
Angola,Angola_South,Costs,2048.0,Unmet country CO2 backstop cost: $m,0.0
Angola,Angola_South,Costs,2048.0,Unmet country planning reserve costs: $m,0.0
Angola,Angola_South,Costs,2048.0,Unmet country spinning reserve costs: $m,0.0
Angola,Angola_South,Costs,2048.0,Unmet demand costs: $m,0.0
Angola,Angola_South,Costs,2048.0,Unmet system CO2 backstop cost: $m,0.0
Angola,Angola_South,Costs,2048.0,Unmet system planning reserve costs: $m,0.0
Angola,Angola_South,Costs,2048.0,Unmet system spinning reserve costs: $m,0.0
Angola,Angola_South,Costs,2048.0,VRE curtailment: $m,0.0
Angola,Angola_South,Costs,2048.0,Variable O&M: $m,0.3187801059222546
Angola,Angola_South,Costs,2050.0,Carbon costs: $m,0.3249409026756212
Angola,Angola_South,Costs,2050.0,Excess generation: $m,0.0
Angola,Angola_South,Costs,2050.0,Export revenues with external zones: $m,0.0
Angola,Angola_South,Costs,2050.0,Export revenues with internal zones: $m,-209.57452468826915
Angola,Angola_South,Costs,2050.0,Fixed O&M: $m,47.055152437409774
Angola,Angola_South,Costs,2050.0,Fuel costs: $m,0.7229676770402448
Angola,Angola_South,Costs,2050.0,Generation costs: $m,0.0
Angola,Angola_South,Costs,2050.0,Import costs with external zones: $m,0.0
Angola,Angola_South,Costs,2050.0,Import costs with internal zones: $m,315.5411417063674
Angola,Angola_South,Costs,2050.0,NPV of system cost: $m,0.0
Angola,Angola_South,Costs,2050.0,Spinning reserve costs: $m,0.0
Angola,Angola_South,Costs,2050.0,Startup costs: $m,0.0
Angola,Angola_South,Costs,2050.0,Trade shared benefits: $m,-130.1932896582515
Angola,Angola_South,Costs,2050.0,Transmission costs: $m,18.655530037255417
Angola,Angola_South,Costs,2050.0,Unmet country CO2 backstop cost: $m,0.0
Angola,Angola_South,Costs,2050.0,Unmet country planning reserve costs: $m,0.0
Angola,Angola_South,Costs,2050.0,Unmet country spinning reserve costs: $m,0.0
Angola,Angola_South,Costs,2050.0,Unmet demand costs: $m,0.0
Angola,Angola_South,Costs,2050.0,Unmet system CO2 backstop cost: $m,0.0
Angola,Angola_South,Costs,2050.0,Unmet system planning reserve costs: $m,0.0
Angola,Angola_South,Costs,2050.0,Unmet system spinning reserve costs: $m,0.0
Angola,Angola_South,Costs,2050.0,VRE curtailment: $m,0.0
Angola,Angola_South,Costs,2050.0,Variable O&M: $m,0.1005478510488241
Angola,Angola_South,DiscountedWeightedCostsCumulated,2025.0,Carbon costs: $m,3488.1345727208336
Angola,Angola_South,DiscountedWeightedCostsCumulated,2025.0,Excess generation: $m,3562.86276047894
Angola,Angola_South,DiscountedWeightedCostsCumulated,2025.0,Export revenues with external zones: $m,3562.86276047894
Angola,Angola_South,DiscountedWeightedCostsCumulated,2025.0,Export revenues with internal zones: $m,3562.86276047894
Angola,Angola_South,DiscountedWeightedCostsCumulated,2025.0,Fixed O&M: $m,2253.452285931967
Angola,Angola_South,DiscountedWeightedCostsCumulated,2025.0,Fuel costs: $m,2661.4083591604526
Angola,Angola_South,DiscountedWeightedCostsCumulated,2025.0,Generation costs: $m,2915.3290666736875
Angola,Angola_South,DiscountedWeightedCostsCumulated,2025.0,Import costs with external zones: $m,2915.3290666736875
Angola,Angola_South,DiscountedWeightedCostsCumulated,2025.0,Import costs with internal zones: $m,2915.3290666736875
Angola,Angola_South,DiscountedWeightedCostsCumulated,2025.0,NPV of system cost: $m,4769.148373432871
Angola,Angola_South,DiscountedWeightedCostsCumulated,2025.0,Spinning reserve costs: $m,4769.148373432871
Angola,Angola_South,DiscountedWeightedCostsCumulated,2025.0,Startup costs: $m,4769.148373432871
Angola,Angola_South,DiscountedWeightedCostsCumulated,2025.0,Trade shared benefits: $m,4769.148373432871
Angola,Angola_South,DiscountedWeightedCostsCumulated,2025.0,Transmission costs: $m,4301.864925205017
Angola,Angola_South,DiscountedWeightedCostsCumulated,2025.0,Unmet country CO2 backstop cost: $m,4445.15625459284
Angola,Angola_South,DiscountedWeightedCostsCumulated,2025.0,Unmet country planning reserve costs: $m,4445.15625459284
Angola,Angola_South,DiscountedWeightedCostsCumulated,2025.0,Unmet country spinning reserve costs: $m,4445.15625459284
Angola,Angola_South,DiscountedWeightedCostsCumulated,2025.0,Unmet demand costs: $m,4445.15625459284
Angola,Angola_South,DiscountedWeightedCostsCumulated,2025.0,Unmet system CO2 backstop cost: $m,4445.15625459284
Angola,Angola_South,DiscountedWeightedCostsCumulated,2025.0,Unmet system planning reserve costs: $m,4445.15625459284
Angola,Angola_South,DiscountedWeightedCostsCumulated,2025.0,Unmet system spinning reserve costs: $m,4445.15625459284
Angola,Angola_South,DiscountedWeightedCostsCumulated,2025.0,VRE curtailment: $m,4445.182135003442
Angola,Angola_South,DiscountedWeightedCostsCumulated,2025.0,Variable O&M: $m,4449.564532105076
Angola,Angola_South,DiscountedWeightedCostsCumulated,2027.0,Carbon costs: $m,3558.354476981797
Angola,Angola_South,DiscountedWeightedCostsCumulated,2027.0,Excess generation: $m,3562.86276047894
Angola,Angola_South,DiscountedWeightedCostsCumulated,2027.0,Export revenues with external zones: $m,3562.86276047894
Angola,Angola_South,DiscountedWeightedCostsCumulated,2027.0,Export revenues with internal zones: $m,3562.86276047894
Angola,Angola_South,DiscountedWeightedCostsCumulated,2027.0,Fixed O&M: $m,2297.34839545924
Angola,Angola_South,DiscountedWeightedCostsCumulated,2027.0,Fuel costs: $m,2903.548938577285
Angola,Angola_South,DiscountedWeightedCostsCumulated,2027.0,Generation costs: $m,2915.3290666736875
Angola,Angola_South,DiscountedWeightedCostsCumulated,2027.0,Import costs with external zones: $m,2915.3290666736875
Angola,Angola_South,DiscountedWeightedCostsCumulated,2027.0,Import costs with internal zones: $m,2915.3290666736875
Angola,Angola_South,DiscountedWeightedCostsCumulated,2027.0,NPV of system cost: $m,4769.148373432871
Angola,Angola_South,DiscountedWeightedCostsCumulated,2027.0,Spinning reserve costs: $m,4769.148373432871
Angola,Angola_South,DiscountedWeightedCostsCumulated,2027.0,Startup costs: $m,4769.148373432871
Angola,Angola_South,DiscountedWeightedCostsCumulated,2027.0,Trade shared benefits: $m,4769.148373432871
Angola,Angola_South,DiscountedWeightedCostsCumulated,2027.0,Transmission costs: $m,4301.864925205017
Angola,Angola_South,DiscountedWeightedCostsCumulated,2027.0,Unmet country CO2 backstop cost: $m,4445.15625459284
Angola,Angola_South,DiscountedWeightedCostsCumulated,2027.0,Unmet country planning reserve costs: $m,4445.15625459284
Angola,Angola_South,DiscountedWeightedCostsCumulated,2027.0,Unmet country spinning reserve costs: $m,4445.15625459284
Angola,Angola_South,DiscountedWeightedCostsCumulated,2027.0,Unmet demand costs: $m,4445.15625459284
Angola,Angola_South,DiscountedWeightedCostsCumulated,2027.0,Unmet system CO2 backstop cost: $m,4445.15625459284
Angola,Angola_South,DiscountedWeightedCostsCumulated,2027.0,Unmet system planning reserve costs: $m,4445.15625459284
Angola,Angola_South,DiscountedWeightedCostsCumulated,2027.0,Unmet system spinning reserve costs: $m,4445.15625459284
Angola,Angola_South,DiscountedWeightedCostsCumulated,2027.0,VRE curtailment: $m,4445.182135003442
Angola,Angola_South,DiscountedWeightedCostsCumulated,2027.0,Variable O&M: $m,4457.630319910424
Angola,Angola_South,DiscountedWeightedCostsCumulated,2030.0,Carbon costs: $m,3558.354476981797
Angola,Angola_South,DiscountedWeightedCostsCumulated,2030.0,Excess generation: $m,3562.86276047894
Angola,Angola_South,DiscountedWeightedCostsCumulated,2030.0,Export revenues with external zones: $m,3562.86276047894
Angola,Angola_South,DiscountedWeightedCostsCumulated,2030.0,Export revenues with internal zones: $m,3127.6268464800123
Angola,Angola_South,DiscountedWeightedCostsCumulated,2030.0,Fixed O&M: $m,2353.906747368472
Angola,Angola_South,DiscountedWeightedCostsCumulated,2030.0,Fuel costs: $m,2903.548938577285
Angola,Angola_South,DiscountedWeightedCostsCumulated,2030.0,Generation costs: $m,2915.3290666736875
Angola,Angola_South,DiscountedWeightedCostsCumulated,2030.0,Import costs with external zones: $m,2915.3290666736875
Angola,Angola_South,DiscountedWeightedCostsCumulated,2030.0,Import costs with internal zones: $m,3475.2721043039987
Angola,Angola_South,DiscountedWeightedCostsCumulated,2030.0,NPV of system cost: $m,4769.148373432871
Angola,Angola_South,DiscountedWeightedCostsCumulated,2030.0,Spinning reserve costs: $m,4769.148373432871
Angola,Angola_South,DiscountedWeightedCostsCumulated,2030.0,Startup costs: $m,4769.148373432871
Angola,Angola_South,DiscountedWeightedCostsCumulated,2030.0,Trade shared benefits: $m,4656.705288958161
Angola,Angola_South,DiscountedWeightedCostsCumulated,2030.0,Transmission costs: $m,4341.95662311577
Angola,Angola_South,DiscountedWeightedCostsCumulated,2030.0,Unmet country CO2 backstop cost: $m,4445.15625459284
Angola,Angola_South,DiscountedWeightedCostsCumulated,2030.0,Unmet country planning reserve costs: $m,4445.15625459284
Angola,Angola_South,DiscountedWeightedCostsCumulated,2030.0,Unmet country spinning reserve costs: $m,4445.15625459284
Angola,Angola_South,DiscountedWeightedCostsCumulated,2030.0,Unmet demand costs: $m,4445.15625459284
Angola,Angola_South,DiscountedWeightedCostsCumulated,2030.0,Unmet system CO2 backstop cost: $m,4445.15625459284
Angola,Angola_South,DiscountedWeightedCostsCumulated,2030.0,Unmet system planning reserve costs: $m,4445.15625459284
Angola,Angola_South,DiscountedWeightedCostsCumulated,2030.0,Unmet system spinning reserve costs: $m,4445.15625459284
Angola,Angola_South,DiscountedWeightedCostsCumulated,2030.0,VRE curtailment: $m,4445.182135003442
Angola,Angola_South,DiscountedWeightedCostsCumulated,2030.0,Variable O&M: $m,4457.803128369886
Angola,Angola_South,DiscountedWeightedCostsCumulated,2032.0,Carbon costs: $m,3558.354476981797
Angola,Angola_South,DiscountedWeightedCostsCumulated,2032.0,Excess generation: $m,3562.86276047894
Angola,Angola_South,DiscountedWeightedCostsCumulated,2032.0,Export revenues with external zones: $m,3562.86276047894
Angola,Angola_South,DiscountedWeightedCostsCumulated,2032.0,Export revenues with internal zones: $m,2920.9339619981874
Angola,Angola_South,DiscountedWeightedCostsCumulated,2032.0,Fixed O&M: $m,2384.8668247408023
Angola,Angola_South,DiscountedWeightedCostsCumulated,2032.0,Fuel costs: $m,2903.548938577285
Angola,Angola_South,DiscountedWeightedCostsCumulated,2032.0,Generation costs: $m,2915.3290666736875
Angola,Angola_South,DiscountedWeightedCostsCumulated,2032.0,Import costs with external zones: $m,2915.3290666736875
Angola,Angola_South,DiscountedWeightedCostsCumulated,2032.0,Import costs with internal zones: $m,3748.305729609973
Angola,Angola_South,DiscountedWeightedCostsCumulated,2032.0,NPV of system cost: $m,4769.148373432871
Angola,Angola_South,DiscountedWeightedCostsCumulated,2032.0,Spinning reserve costs: $m,4769.148373432871
Angola,Angola_South,DiscountedWeightedCostsCumulated,2032.0,Startup costs: $m,4769.148373432871
Angola,Angola_South,DiscountedWeightedCostsCumulated,2032.0,Trade shared benefits: $m,4591.089147477012
Angola,Angola_South,DiscountedWeightedCostsCumulated,2032.0,Transmission costs: $m,4363.017743830501
Angola,Angola_South,DiscountedWeightedCostsCumulated,2032.0,Unmet country CO2 backstop cost: $m,4445.15625459284
Angola,Angola_South,DiscountedWeightedCostsCumulated,2032.0,Unmet country planning reserve costs: $m,4445.15625459284
Angola,Angola_South,DiscountedWeightedCostsCumulated,2032.0,Unmet country spinning reserve costs: $m,4445.15625459284
Angola,Angola_South,DiscountedWeightedCostsCumulated,2032.0,Unmet demand costs: $m,4445.15625459284
Angola,Angola_South,DiscountedWeightedCostsCumulated,2032.0,Unmet system CO2 backstop cost: $m,4445.15625459284
Angola,Angola_South,DiscountedWeightedCostsCumulated,2032.0,Unmet system planning reserve costs: $m,4445.15625459284
Angola,Angola_South,DiscountedWeightedCostsCumulated,2032.0,Unmet system spinning reserve costs: $m,4445.15625459284
Angola,Angola_South,DiscountedWeightedCostsCumulated,2032.0,VRE curtailment: $m,4445.182135003442
Angola,Angola_South,DiscountedWeightedCostsCumulated,2032.0,Variable O&M: $m,4457.893908756223
Angola,Angola_South,DiscountedWeightedCostsCumulated,2035.0,Carbon costs: $m,3558.354476981797
Angola,Angola_South,DiscountedWeightedCostsCumulated,2035.0,Excess generation: $m,3562.86276047894
Angola,Angola_South,DiscountedWeightedCostsCumulated,2035.0,Export revenues with external zones: $m,3562.86276047894
Angola,Angola_South,DiscountedWeightedCostsCumulated,2035.0,Export revenues with internal zones: $m,2770.620621651992
Angola,Angola_South,DiscountedWeightedCostsCumulated,2035.0,Fixed O&M: $m,2423.5326115516664
Angola,Angola_South,DiscountedWeightedCostsCumulated,2035.0,Fuel costs: $m,2903.548938577285
Angola,Angola_South,DiscountedWeightedCostsCumulated,2035.0,Generation costs: $m,2915.3290666736875
Angola,Angola_South,DiscountedWeightedCostsCumulated,2035.0,Import costs with external zones: $m,2915.3290666736875
Angola,Angola_South,DiscountedWeightedCostsCumulated,2035.0,Import costs with internal zones: $m,3958.7688438438736
Angola,Angola_South,DiscountedWeightedCostsCumulated,2035.0,NPV of system cost: $m,4769.148373432871
Angola,Angola_South,DiscountedWeightedCostsCumulated,2035.0,Spinning reserve costs: $m,4769.148373432871
Angola,Angola_South,DiscountedWeightedCostsCumulated,2035.0,Startup costs: $m,4769.148373432871
Angola,Angola_South,DiscountedWeightedCostsCumulated,2035.0,Trade shared benefits: $m,4573.576786927817
Angola,Angola_South,DiscountedWeightedCostsCumulated,2035.0,Transmission costs: $m,4387.911533940934
Angola,Angola_South,DiscountedWeightedCostsCumulated,2035.0,Unmet country CO2 backstop cost: $m,4445.15625459284
Angola,Angola_South,DiscountedWeightedCostsCumulated,2035.0,Unmet country planning reserve costs: $m,4445.15625459284
Angola,Angola_South,DiscountedWeightedCostsCumulated,2035.0,Unmet country spinning reserve costs: $m,4445.15625459284
Angola,Angola_South,DiscountedWeightedCostsCumulated,2035.0,Unmet demand costs: $m,4445.15625459284
Angola,Angola_South,DiscountedWeightedCostsCumulated,2035.0,Unmet system CO2 backstop cost: $m,4445.15625459284
Angola,Angola_South,DiscountedWeightedCostsCumulated,2035.0,Unmet system planning reserve costs: $m,4445.15625459284
Angola,Angola_South,DiscountedWeightedCostsCumulated,2035.0,Unmet system spinning reserve costs: $m,4445.15625459284
Angola,Angola_South,DiscountedWeightedCostsCumulated,2035.0,VRE curtailment: $m,4445.182135003442
Angola,Angola_South,DiscountedWeightedCostsCumulated,2035.0,Variable O&M: $m,4458.001209213508
Angola,Angola_South,DiscountedWeightedCostsCumulated,2038.0,Carbon costs: $m,3558.354476981797
Angola,Angola_South,DiscountedWeightedCostsCumulated,2038.0,Excess generation: $m,3562.86276047894
Angola,Angola_South,DiscountedWeightedCostsCumulated,2038.0,Export revenues with external zones: $m,3562.86276047894
Angola,Angola_South,DiscountedWeightedCostsCumulated,2038.0,Export revenues with internal zones: $m,2675.2902482565964
Angola,Angola_South,DiscountedWeightedCostsCumulated,2038.0,Fixed O&M: $m,2455.004447714208
Angola,Angola_South,DiscountedWeightedCostsCumulated,2038.0,Fuel costs: $m,2903.548938577285
Angola,Angola_South,DiscountedWeightedCostsCumulated,2038.0,Generation costs: $m,2915.3290666736875
Angola,Angola_South,DiscountedWeightedCostsCumulated,2038.0,Import costs with external zones: $m,2915.3290666736875
Angola,Angola_South,DiscountedWeightedCostsCumulated,2038.0,Import costs with internal zones: $m,4120.073324382853
Angola,Angola_South,DiscountedWeightedCostsCumulated,2038.0,NPV of system cost: $m,4769.148373432871
Angola,Angola_South,DiscountedWeightedCostsCumulated,2038.0,Spinning reserve costs: $m,4769.148373432871
Angola,Angola_South,DiscountedWeightedCostsCumulated,2038.0,Startup costs: $m,4769.148373432871
Angola,Angola_South,DiscountedWeightedCostsCumulated,2038.0,Trade shared benefits: $m,4533.847363519345
Angola,Angola_South,DiscountedWeightedCostsCumulated,2038.0,Transmission costs: $m,4406.614606901439
Angola,Angola_South,DiscountedWeightedCostsCumulated,2038.0,Unmet country CO2 backstop cost: $m,4445.15625459284
Angola,Angola_South,DiscountedWeightedCostsCumulated,2038.0,Unmet country planning reserve costs: $m,4445.15625459284
Angola,Angola_South,DiscountedWeightedCostsCumulated,2038.0,Unmet country spinning reserve costs: $m,4445.15625459284
Angola,Angola_South,DiscountedWeightedCostsCumulated,2038.0,Unmet demand costs: $m,4445.15625459284
Angola,Angola_South,DiscountedWeightedCostsCumulated,2038.0,Unmet system CO2 backstop cost: $m,4445.15625459284
Angola,Angola_South,DiscountedWeightedCostsCumulated,2038.0,Unmet system planning reserve costs: $m,4445.15625459284
Angola,Angola_South,DiscountedWeightedCostsCumulated,2038.0,Unmet system spinning reserve costs: $m,4445.157043459782
Angola,Angola_South,DiscountedWeightedCostsCumulated,2038.0,VRE curtailment: $m,4445.182135003442
Angola,Angola_South,DiscountedWeightedCostsCumulated,2038.0,Variable O&M: $m,4458.080475556548
Angola,Angola_South,DiscountedWeightedCostsCumulated,2040.0,Carbon costs: $m,3558.8591046251463
Angola,Angola_South,DiscountedWeightedCostsCumulated,2040.0,Excess generation: $m,3562.86276047894
Angola,Angola_South,DiscountedWeightedCostsCumulated,2040.0,Export revenues with external zones: $m,3562.86276047894
Angola,Angola_South,DiscountedWeightedCostsCumulated,2040.0,Export revenues with internal zones: $m,2582.7232019655053
Angola,Angola_South,DiscountedWeightedCostsCumulated,2040.0,Fixed O&M: $m,2472.325764187038
Angola,Angola_South,DiscountedWeightedCostsCumulated,2040.0,Fuel costs: $m,2904.9812782212293
Angola,Angola_South,DiscountedWeightedCostsCumulated,2040.0,Generation costs: $m,2915.3290666736875
Angola,Angola_South,DiscountedWeightedCostsCumulated,2040.0,Import costs with external zones: $m,2915.3290666736875
Angola,Angola_South,DiscountedWeightedCostsCumulated,2040.0,Import costs with internal zones: $m,4259.8492867061095
Angola,Angola_South,DiscountedWeightedCostsCumulated,2040.0,NPV of system cost: $m,4769.148373432871
Angola,Angola_South,DiscountedWeightedCostsCumulated,2040.0,Spinning reserve costs: $m,4769.148373432871
Angola,Angola_South,DiscountedWeightedCostsCumulated,2040.0,Startup costs: $m,4769.148373432871
Angola,Angola_South,DiscountedWeightedCostsCumulated,2040.0,Trade shared benefits: $m,4491.591854607036
Angola,Angola_South,DiscountedWeightedCostsCumulated,2040.0,Transmission costs: $m,4416.439775150349
Angola,Angola_South,DiscountedWeightedCostsCumulated,2040.0,Unmet country CO2 backstop cost: $m,4445.15625459284
Angola,Angola_South,DiscountedWeightedCostsCumulated,2040.0,Unmet country planning reserve costs: $m,4445.15625459284
Angola,Angola_South,DiscountedWeightedCostsCumulated,2040.0,Unmet country spinning reserve costs: $m,4445.15625459284
Angola,Angola_South,DiscountedWeightedCostsCumulated,2040.0,Unmet demand costs: $m,4445.15625459284
Angola,Angola_South,DiscountedWeightedCostsCumulated,2040.0,Unmet system CO2 backstop cost: $m,4445.15625459284
Angola,Angola_South,DiscountedWeightedCostsCumulated,2040.0,Unmet system planning reserve costs: $m,4445.15625459284
Angola,Angola_South,DiscountedWeightedCostsCumulated,2040.0,Unmet system spinning reserve costs: $m,4445.166855233627
Angola,Angola_South,DiscountedWeightedCostsCumulated,2040.0,VRE curtailment: $m,4445.182135003442
Angola,Angola_South,DiscountedWeightedCostsCumulated,2040.0,Variable O&M: $m,4458.164651133091
Angola,Angola_South,DiscountedWeightedCostsCumulated,2042.0,Carbon costs: $m,3561.054935083635
Angola,Angola_South,DiscountedWeightedCostsCumulated,2042.0,Excess generation: $m,3562.86276047894
Angola,Angola_South,DiscountedWeightedCostsCumulated,2042.0,Export revenues with external zones: $m,3562.86276047894
Angola,Angola_South,DiscountedWeightedCostsCumulated,2042.0,Export revenues with internal zones: $m,2471.2919351936443
Angola,Angola_South,DiscountedWeightedCostsCumulated,2042.0,Fixed O&M: $m,2487.5999521131994
Angola,Angola_South,DiscountedWeightedCostsCumulated,2042.0,Fuel costs: $m,2911.019172375355
Angola,Angola_South,DiscountedWeightedCostsCumulated,2042.0,Generation costs: $m,2915.3290666736875
Angola,Angola_South,DiscountedWeightedCostsCumulated,2042.0,Import costs with external zones: $m,2915.3290666736875
Angola,Angola_South,DiscountedWeightedCostsCumulated,2042.0,Import costs with internal zones: $m,4414.746726889104
Angola,Angola_South,DiscountedWeightedCostsCumulated,2042.0,NPV of system cost: $m,4769.148373432871
Angola,Angola_South,DiscountedWeightedCostsCumulated,2042.0,Spinning reserve costs: $m,4769.148373432871
Angola,Angola_South,DiscountedWeightedCostsCumulated,2042.0,Startup costs: $m,4769.148373432871
Angola,Angola_South,DiscountedWeightedCostsCumulated,2042.0,Trade shared benefits: $m,4435.719679283051
Angola,Angola_South,DiscountedWeightedCostsCumulated,2042.0,Transmission costs: $m,4424.559748909779
Angola,Angola_South,DiscountedWeightedCostsCumulated,2042.0,Unmet country CO2 backstop cost: $m,4445.15625459284
Angola,Angola_South,DiscountedWeightedCostsCumulated,2042.0,Unmet country planning reserve costs: $m,4445.15625459284
Angola,Angola_South,DiscountedWeightedCostsCumulated,2042.0,Unmet country spinning reserve costs: $m,4445.15625459284
Angola,Angola_South,DiscountedWeightedCostsCumulated,2042.0,Unmet demand costs: $m,4445.15625459284
Angola,Angola_South,DiscountedWeightedCostsCumulated,2042.0,Unmet system CO2 backstop cost: $m,4445.15625459284
Angola,Angola_South,DiscountedWeightedCostsCumulated,2042.0,Unmet system planning reserve costs: $m,4445.15625459284
Angola,Angola_South,DiscountedWeightedCostsCumulated,2042.0,Unmet system spinning reserve costs: $m,4445.182135003442
Angola,Angola_South,DiscountedWeightedCostsCumulated,2042.0,VRE curtailment: $m,4445.182135003442
Angola,Angola_South,DiscountedWeightedCostsCumulated,2042.0,Variable O&M: $m,4458.378548420076
Angola,Angola_South,DiscountedWeightedCostsCumulated,2045.0,Carbon costs: $m,3561.457186718814
Angola,Angola_South,DiscountedWeightedCostsCumulated,2045.0,Excess generation: $m,3562.86276047894
Angola,Angola_South,DiscountedWeightedCostsCumulated,2045.0,Export revenues with external zones: $m,3562.86276047894
Angola,Angola_South,DiscountedWeightedCostsCumulated,2045.0,Export revenues with internal zones: $m,2358.038573831856
Angola,Angola_South,DiscountedWeightedCostsCumulated,2045.0,Fixed O&M: $m,2506.6354557601826
Angola,Angola_South,DiscountedWeightedCostsCumulated,2045.0,Fuel costs: $m,2912.046241858432
Angola,Angola_South,DiscountedWeightedCostsCumulated,2045.0,Generation costs: $m,2915.3290666736875
Angola,Angola_South,DiscountedWeightedCostsCumulated,2045.0,Import costs with external zones: $m,2915.3290666736875
Angola,Angola_South,DiscountedWeightedCostsCumulated,2045.0,Import costs with internal zones: $m,4582.628711298248
Angola,Angola_South,DiscountedWeightedCostsCumulated,2045.0,NPV of system cost: $m,4769.148373432871
Angola,Angola_South,DiscountedWeightedCostsCumulated,2045.0,Spinning reserve costs: $m,4769.148373432871
Angola,Angola_South,DiscountedWeightedCostsCumulated,2045.0,Startup costs: $m,4769.148373432871
Angola,Angola_South,DiscountedWeightedCostsCumulated,2045.0,Trade shared benefits: $m,4378.355600186344
Angola,Angola_South,DiscountedWeightedCostsCumulated,2045.0,Transmission costs: $m,4434.157382635323
Angola,Angola_South,DiscountedWeightedCostsCumulated,2045.0,Unmet country CO2 backstop cost: $m,4445.15625459284
Angola,Angola_South,DiscountedWeightedCostsCumulated,2045.0,Unmet country planning reserve costs: $m,4445.15625459284
Angola,Angola_South,DiscountedWeightedCostsCumulated,2045.0,Unmet country spinning reserve costs: $m,4445.15625459284
Angola,Angola_South,DiscountedWeightedCostsCumulated,2045.0,Unmet demand costs: $m,4445.15625459284
Angola,Angola_South,DiscountedWeightedCostsCumulated,2045.0,Unmet system CO2 backstop cost: $m,4445.15625459284
Angola,Angola_South,DiscountedWeightedCostsCumulated,2045.0,Unmet system planning reserve costs: $m,4445.15625459284
Angola,Angola_South,DiscountedWeightedCostsCumulated,2045.0,Unmet system spinning reserve costs: $m,4445.182135003442
Angola,Angola_South,DiscountedWeightedCostsCumulated,2045.0,VRE curtailment: $m,4445.182135003442
Angola,Angola_South,DiscountedWeightedCostsCumulated,2045.0,Variable O&M: $m,4458.449192384868
Angola,Angola_South,DiscountedWeightedCostsCumulated,2048.0,Carbon costs: $m,3562.796780840026
Angola,Angola_South,DiscountedWeightedCostsCumulated,2048.0,Excess generation: $m,3562.86276047894
Angola,Angola_South,DiscountedWeightedCostsCumulated,2048.0,Export revenues with external zones: $m,3562.86276047894
Angola,Angola_South,DiscountedWeightedCostsCumulated,2048.0,Export revenues with internal zones: $m,2272.4330335788595
Angola,Angola_South,DiscountedWeightedCostsCumulated,2048.0,Fixed O&M: $m,2523.740969779109
Angola,Angola_South,DiscountedWeightedCostsCumulated,2048.0,Fuel costs: $m,2915.182267222203
Angola,Angola_South,DiscountedWeightedCostsCumulated,2048.0,Generation costs: $m,2915.3290666736875
Angola,Angola_South,DiscountedWeightedCostsCumulated,2048.0,Import costs with external zones: $m,2915.3290666736875
Angola,Angola_South,DiscountedWeightedCostsCumulated,2048.0,Import costs with internal zones: $m,4705.077367225488
Angola,Angola_South,DiscountedWeightedCostsCumulated,2048.0,NPV of system cost: $m,4769.148373432871
Angola,Angola_South,DiscountedWeightedCostsCumulated,2048.0,Spinning reserve costs: $m,4769.148373432871
Angola,Angola_South,DiscountedWeightedCostsCumulated,2048.0,Startup costs: $m,4769.148373432871
Angola,Angola_South,DiscountedWeightedCostsCumulated,2048.0,Trade shared benefits: $m,4328.300828379938
Angola,Angola_South,DiscountedWeightedCostsCumulated,2048.0,Transmission costs: $m,4441.368226906957
Angola,Angola_South,DiscountedWeightedCostsCumulated,2048.0,Unmet country CO2 backstop cost: $m,4445.15625459284
Angola,Angola_South,DiscountedWeightedCostsCumulated,2048.0,Unmet country planning reserve costs: $m,4445.15625459284
Angola,Angola_South,DiscountedWeightedCostsCumulated,2048.0,Unmet country spinning reserve costs: $m,4445.15625459284
Angola,Angola_South,DiscountedWeightedCostsCumulated,2048.0,Unmet demand costs: $m,4445.15625459284
Angola,Angola_South,DiscountedWeightedCostsCumulated,2048.0,Unmet system CO2 backstop cost: $m,4445.15625459284
Angola,Angola_South,DiscountedWeightedCostsCumulated,2048.0,Unmet system planning reserve costs: $m,4445.15625459284
Angola,Angola_South,DiscountedWeightedCostsCumulated,2048.0,Unmet system spinning reserve costs: $m,4445.182135003442
Angola,Angola_South,DiscountedWeightedCostsCumulated,2048.0,VRE curtailment: $m,4445.182135003442
Angola,Angola_South,DiscountedWeightedCostsCumulated,2048.0,Variable O&M: $m,4458.572409130579
Angola,Angola_South,DiscountedWeightedCostsCumulated,2050.0,Carbon costs: $m,3562.86276047894
Angola,Angola_South,DiscountedWeightedCostsCumulated,2050.0,Excess generation: $m,3562.86276047894
Angola,Angola_South,DiscountedWeightedCostsCumulated,2050.0,Export revenues with external zones: $m,3562.86276047894
Angola,Angola_South,DiscountedWeightedCostsCumulated,2050.0,Export revenues with internal zones: $m,2229.8786756919667
Angola,Angola_South,DiscountedWeightedCostsCumulated,2050.0,Fixed O&M: $m,2533.295574758996
Angola,Angola_South,DiscountedWeightedCostsCumulated,2050.0,Fuel costs: $m,2915.3290666736875
Angola,Angola_South,DiscountedWeightedCostsCumulated,2050.0,Generation costs: $m,2915.3290666736875
Angola,Angola_South,DiscountedWeightedCostsCumulated,2050.0,Import costs with external zones: $m,2915.3290666736875
Angola,Angola_South,DiscountedWeightedCostsCumulated,2050.0,Import costs with internal zones: $m,4769.148373432871
Angola,Angola_South,DiscountedWeightedCostsCumulated,2050.0,NPV of system cost: $m,4769.148373432871
Angola,Angola_South,DiscountedWeightedCostsCumulated,2050.0,Spinning reserve costs: $m,4769.148373432871
Angola,Angola_South,DiscountedWeightedCostsCumulated,2050.0,Startup costs: $m,4769.148373432871
Angola,Angola_South,DiscountedWeightedCostsCumulated,2050.0,Trade shared benefits: $m,4301.864925205017
Angola,Angola_South,DiscountedWeightedCostsCumulated,2050.0,Transmission costs: $m,4445.15625459284
Angola,Angola_South,DiscountedWeightedCostsCumulated,2050.0,Unmet country CO2 backstop cost: $m,4445.15625459284
Angola,Angola_South,DiscountedWeightedCostsCumulated,2050.0,Unmet country planning reserve costs: $m,4445.15625459284
Angola,Angola_South,DiscountedWeightedCostsCumulated,2050.0,Unmet country spinning reserve costs: $m,4445.15625459284
Angola,Angola_South,DiscountedWeightedCostsCumulated,2050.0,Unmet demand costs: $m,4445.15625459284
Angola,Angola_South,DiscountedWeightedCostsCumulated,2050.0,Unmet system CO2 backstop cost: $m,4445.15625459284
Angola,Angola_South,DiscountedWeightedCostsCumulated,2050.0,Unmet system planning reserve costs: $m,4445.15625459284
Angola,Angola_South,DiscountedWeightedCostsCumulated,2050.0,Unmet system spinning reserve costs: $m,4445.182135003442
Angola,Angola_South,DiscountedWeightedCostsCumulated,2050.0,VRE curtailment: $m,4445.182135003442
Angola,Angola_South,DiscountedWeightedCostsCumulated,2050.0,Variable O&M: $m,4458.592825491989
Angola,Angola_South,GenCostsPerMWh,2025.0,Fixed O&M: $m,23.69338714757324
Angola,Angola_South,GenCostsPerMWh,2025.0,Variable Cost: $m,133.16838611397705
Angola,Angola_South,GenCostsPerMWh,2027.0,Fixed O&M: $m,22.8127689333625
Angola,Angola_South,GenCostsPerMWh,2027.0,Investment costs: $m,1.869352318309185
Angola,Angola_South,GenCostsPerMWh,2027.0,Variable Cost: $m,130.03202567528956
Angola,Angola_South,GenCostsPerMWh,2030.0,Fixed O&M: $m,54.38482257014389
Angola,Angola_South,GenCostsPerMWh,2030.0,Investment costs: $m,16.412300160961482
Angola,Angola_South,GenCostsPerMWh,2030.0,Variable Cost: $m,0.1661674551892692
Angola,Angola_South,GenCostsPerMWh,2032.0,Fixed O&M: $m,46.61167308085966
Angola,Angola_South,GenCostsPerMWh,2032.0,Investment costs: $m,20.570380344607614
Angola,Angola_South,GenCostsPerMWh,2032.0,Variable Cost: $m,0.1366736148368813
Angola,Angola_South,GenCostsPerMWh,2035.0,Fixed O&M: $m,39.27191660250764
Angola,Angola_South,GenCostsPerMWh,2035.0,Investment costs: $m,24.42153168631189
Angola,Angola_South,GenCostsPerMWh,2035.0,Variable Cost: $m,0.1089825129000068
Angola,Angola_South,GenCostsPerMWh,2038.0,Fixed O&M: $m,32.78996423075488
Angola,Angola_South,GenCostsPerMWh,2038.0,Investment costs: $m,23.56243671324501
Angola,Angola_South,GenCostsPerMWh,2038.0,Variable Cost: $m,0.0825862380437771
Angola,Angola_South,GenCostsPerMWh,2040.0,Fixed O&M: $m,29.526996607715112
Angola,Angola_South,GenCostsPerMWh,2040.0,Investment costs: $m,23.79715619138156
Angola,Angola_South,GenCostsPerMWh,2040.0,Variable Cost: $m,2.5851464489507103
Angola,Angola_South,GenCostsPerMWh,2042.0,Fixed O&M: $m,27.1614650013712
Angola,Angola_South,GenCostsPerMWh,2042.0,Investment costs: $m,23.80201671293455
Angola,Angola_South,GenCostsPerMWh,2042.0,Variable Cost: $m,11.117305564425982
Angola,Angola_South,GenCostsPerMWh,2045.0,Fixed O&M: $m,25.494059821708834
Angola,Angola_South,GenCostsPerMWh,2045.0,Investment costs: $m,24.83057449987823
Angola,Angola_South,GenCostsPerMWh,2045.0,Variable Cost: $m,1.4701566518045217
Angola,Angola_South,GenCostsPerMWh,2048.0,Fixed O&M: $m,22.369582402942804
Angola,Angola_South,GenCostsPerMWh,2048.0,Investment costs: $m,25.010116090252257
Angola,Angola_South,GenCostsPerMWh,2048.0,Variable Cost: $m,4.262244610627929
Angola,Angola_South,GenCostsPerMWh,2050.0,Fixed O&M: $m,22.39656623943395
Angola,Angola_South,GenCostsPerMWh,2050.0,Investment costs: $m,25.731230115675235
Angola,Angola_South,GenCostsPerMWh,2050.0,Variable Cost: $m,0.3919638789520949
Angola,Angola_South,NetPresentCostPerMWh,,Carbon costs: $m,8.224744332531886
Angola,Angola_South,NetPresentCostPerMWh,,Excess generation: $m,0.0
Angola,Angola_South,NetPresentCostPerMWh,,Export revenues with external zones: $m,0.0
Angola,Angola_South,NetPresentCostPerMWh,,Export revenues with internal zones: $m,-98.51732688766955
Angola,Angola_South,NetPresentCostPerMWh,,Fixed O&M: $m,22.42474022741738
Angola,Angola_South,NetPresentCostPerMWh,,Fuel costs: $m,28.23508460043797
Angola,Angola_South,NetPresentCostPerMWh,,Generation costs: $m,0.0
Angola,Angola_South,NetPresentCostPerMWh,,Import costs with external zones: $m,0.0
Angola,Angola_South,NetPresentCostPerMWh,,Import costs with internal zones: $m,137.01088011403712
Angola,Angola_South,NetPresentCostPerMWh,,NPV of system cost: $m,0.0
Angola,Angola_South,NetPresentCostPerMWh,,Spinning reserve costs: $m,0.0
Angola,Angola_South,NetPresentCostPerMWh,,Startup costs: $m,0.0
Angola,Angola_South,NetPresentCostPerMWh,,Trade shared benefits: $m,-34.53568331659257
Angola,Angola_South,NetPresentCostPerMWh,,Transmission costs: $m,10.590283033818045
Angola,Angola_South,NetPresentCostPerMWh,,Unmet country CO2 backstop cost: $m,0.0
Angola,Angola_South,NetPresentCostPerMWh,,Unmet country planning reserve costs: $m,0.0
Angola,Angola_South,NetPresentCostPerMWh,,Unmet country spinning reserve costs: $m,0.0
Angola,Angola_South,NetPresentCostPerMWh,,Unmet demand costs: $m,0.0
Angola,Angola_South,NetPresentCostPerMWh,,Unmet system CO2 backstop cost: $m,0.0
Angola,Angola_South,NetPresentCostPerMWh,,Unmet system planning reserve costs: $m,0.0
Angola,Angola_South,NetPresentCostPerMWh,,Unmet system spinning reserve costs: $m,0.0019127526730869
Angola,Angola_South,NetPresentCostPerMWh,,VRE curtailment: $m,0.0
Angola,Angola_South,NetPresentCostPerMWh,,Variable O&M: $m,0.9911486519066256
Botswana,Botswana,Costs,2025.0,Carbon costs: $m,130.68784437696002
Botswana,Botswana,Costs,2025.0,Excess generation: $m,0.0
Botswana,Botswana,Costs,2025.0,Export revenues with external zones: $m,0.0
Botswana,Botswana,Costs,2025.0,Export revenues with internal zones: $m,0.0
Botswana,Botswana,Costs,2025.0,Fixed O&M: $m,35.0427
Botswana,Botswana,Costs,2025.0,Fuel costs: $m,269.1109895475299
Botswana,Botswana,Costs,2025.0,Generation costs: $m,0.0
Botswana,Botswana,Costs,2025.0,Import costs with external zones: $m,0.0
Botswana,Botswana,Costs,2025.0,Import costs with internal zones: $m,4342.093870999999
Botswana,Botswana,Costs,2025.0,NPV of system cost: $m,0.0
Botswana,Botswana,Costs,2025.0,Spinning reserve costs: $m,0.0
Botswana,Botswana,Costs,2025.0,Startup costs: $m,0.0
Botswana,Botswana,Costs,2025.0,Trade shared benefits: $m,-2119.4486877181266
Botswana,Botswana,Costs,2025.0,Transmission costs: $m,0.0
Botswana,Botswana,Costs,2025.0,Unmet country CO2 backstop cost: $m,0.0
Botswana,Botswana,Costs,2025.0,Unmet country planning reserve costs: $m,0.0
Botswana,Botswana,Costs,2025.0,Unmet country spinning reserve costs: $m,0.0
Botswana,Botswana,Costs,2025.0,Unmet demand costs: $m,257.6184113400025
Botswana,Botswana,Costs,2025.0,Unmet system CO2 backstop cost: $m,0.0
Botswana,Botswana,Costs,2025.0,Unmet system planning reserve costs: $m,0.0
Botswana,Botswana,Costs,2025.0,Unmet system spinning reserve costs: $m,0.0
Botswana,Botswana,Costs,2025.0,VRE curtailment: $m,0.0
Botswana,Botswana,Costs,2025.0,Variable O&M: $m,9.8437872
Botswana,Botswana,Costs,2027.0,Carbon costs: $m,108.26735444850006
Botswana,Botswana,Costs,2027.0,Excess generation: $m,0.0
Botswana,Botswana,Costs,2027.0,Export revenues with external zones: $m,0.0
Botswana,Botswana,Costs,2027.0,Export revenues with internal zones: $m,-3.9993892932735866
Botswana,Botswana,Costs,2027.0,Fixed O&M: $m,42.273
Botswana,Botswana,Costs,2027.0,Fuel costs: $m,184.4197476154199
Botswana,Botswana,Costs,2027.0,Generation costs: $m,0.0
Botswana,Botswana,Costs,2027.0,Import costs with external zones: $m,0.0
Botswana,Botswana,Costs,2027.0,Import costs with internal zones: $m,4721.446544468247
Botswana,Botswana,Costs,2027.0,NPV of system cost: $m,0.0
Botswana,Botswana,Costs,2027.0,Spinning reserve costs: $m,0.0
Botswana,Botswana,Costs,2027.0,Startup costs: $m,0.0
Botswana,Botswana,Costs,2027.0,Trade shared benefits: $m,-2300.356770881703
Botswana,Botswana,Costs,2027.0,Transmission costs: $m,0.0
Botswana,Botswana,Costs,2027.0,Unmet country CO2 backstop cost: $m,0.0
Botswana,Botswana,Costs,2027.0,Unmet country planning reserve costs: $m,0.0
Botswana,Botswana,Costs,2027.0,Unmet country spinning reserve costs: $m,0.0
Botswana,Botswana,Costs,2027.0,Unmet demand costs: $m,261.6526127787311
Botswana,Botswana,Costs,2027.0,Unmet system CO2 backstop cost: $m,0.0
Botswana,Botswana,Costs,2027.0,Unmet system planning reserve costs: $m,0.0
Botswana,Botswana,Costs,2027.0,Unmet system spinning reserve costs: $m,0.0
Botswana,Botswana,Costs,2027.0,VRE curtailment: $m,0.0
Botswana,Botswana,Costs,2027.0,Variable O&M: $m,6.365016
Botswana,Botswana,Costs,2030.0,Carbon costs: $m,122.0219581840857
Botswana,Botswana,Costs,2030.0,Excess generation: $m,0.0
Botswana,Botswana,Costs,2030.0,Export revenues with external zones: $m,0.0
Botswana,Botswana,Costs,2030.0,Export revenues with internal zones: $m,-0.0040451957238527
Botswana,Botswana,Costs,2030.0,Fixed O&M: $m,38.871
Botswana,Botswana,Costs,2030.0,Fuel costs: $m,87.79888948952117
Botswana,Botswana,Costs,2030.0,Generation costs: $m,0.0
Botswana,Botswana,Costs,2030.0,Import costs with external zones: $m,0.0
Botswana,Botswana,Costs,2030.0,Import costs with internal zones: $m,234.62757843550844
Botswana,Botswana,Costs,2030.0,NPV of system cost: $m,0.0
Botswana,Botswana,Costs,2030.0,Spinning reserve costs: $m,0.0
Botswana,Botswana,Costs,2030.0,Startup costs: $m,0.0
Botswana,Botswana,Costs,2030.0,Trade shared benefits: $m,-20.529581762433647
Botswana,Botswana,Costs,2030.0,Transmission costs: $m,0.0
Botswana,Botswana,Costs,2030.0,Unmet country CO2 backstop cost: $m,0.0
Botswana,Botswana,Costs,2030.0,Unmet country planning reserve costs: $m,0.0
Botswana,Botswana,Costs,2030.0,Unmet country spinning reserve costs: $m,0.0
Botswana,Botswana,Costs,2030.0,Unmet demand costs: $m,0.0
Botswana,Botswana,Costs,2030.0,Unmet system CO2 backstop cost: $m,0.0
Botswana,Botswana,Costs,2030.0,Unmet system planning reserve costs: $m,0.0
Botswana,Botswana,Costs,2030.0,Unmet system spinning reserve costs: $m,0.0
Botswana,Botswana,Costs,2030.0,VRE curtailment: $m,0.0
Botswana,Botswana,Costs,2030.0,Variable O&M: $m,5.83978691089797
Botswana,Botswana,Costs,2032.0,Carbon costs: $m,121.68767511933126
Botswana,Botswana,Costs,2032.0,Excess generation: $m,0.0
Botswana,Botswana,Costs,2032.0,Export revenues with external zones: $m,0.0
Botswana,Botswana,Costs,2032.0,Export revenues with internal zones: $m,0.0
Botswana,Botswana,Costs,2032.0,Fixed O&M: $m,40.1835
Botswana,Botswana,Costs,2032.0,Fuel costs: $m,82.76861933014817
Botswana,Botswana,Costs,2032.0,Generation costs: $m,0.0
Botswana,Botswana,Costs,2032.0,Import costs with external zones: $m,0.0
Botswana,Botswana,Costs,2032.0,Import costs with internal zones: $m,250.16800800380489
Botswana,Botswana,Costs,2032.0,NPV of system cost: $m,0.0
Botswana,Botswana,Costs,2032.0,Spinning reserve costs: $m,0.0
Botswana,Botswana,Costs,2032.0,Startup costs: $m,0.0
Botswana,Botswana,Costs,2032.0,Trade shared benefits: $m,-30.696668898511994
Botswana,Botswana,Costs,2032.0,Transmission costs: $m,0.0
Botswana,Botswana,Costs,2032.0,Unmet country CO2 backstop cost: $m,0.0
Botswana,Botswana,Costs,2032.0,Unmet country planning reserve costs: $m,0.0
Botswana,Botswana,Costs,2032.0,Unmet country spinning reserve costs: $m,0.0
Botswana,Botswana,Costs,2032.0,Unmet demand costs: $m,0.0
Botswana,Botswana,Costs,2032.0,Unmet system CO2 backstop cost: $m,0.0
Botswana,Botswana,Costs,2032.0,Unmet system planning reserve costs: $m,0.0
Botswana,Botswana,Costs,2032.0,Unmet system spinning reserve costs: $m,0.0
Botswana,Botswana,Costs,2032.0,VRE curtailment: $m,0.0
Botswana,Botswana,Costs,2032.0,Variable O&M: $m,5.604849205427072
Botswana,Botswana,Costs,2035.0,Carbon costs: $m,143.20088029944878
Botswana,Botswana,Costs,2035.0,Excess generation: $m,0.0
Botswana,Botswana,Costs,2035.0,Export revenues with external zones: $m,0.0
Botswana,Botswana,Costs,2035.0,Export revenues with internal zones: $m,-387.0177534741762
Botswana,Botswana,Costs,2035.0,Fixed O&M: $m,44.98725
Botswana,Botswana,Costs,2035.0,Fuel costs: $m,88.00748572270332
Botswana,Botswana,Costs,2035.0,Generation costs: $m,0.0
Botswana,Botswana,Costs,2035.0,Import costs with external zones: $m,0.0
Botswana,Botswana,Costs,2035.0,Import costs with internal zones: $m,646.2955858896283
Botswana,Botswana,Costs,2035.0,NPV of system cost: $m,0.0
Botswana,Botswana,Costs,2035.0,Spinning reserve costs: $m,0.0
Botswana,Botswana,Costs,2035.0,Startup costs: $m,0.0
Botswana,Botswana,Costs,2035.0,Trade shared benefits: $m,-40.34721588967623
Botswana,Botswana,Costs,2035.0,Transmission costs: $m,9.7135610707438
Botswana,Botswana,Costs,2035.0,Unmet country CO2 backstop cost: $m,0.0
Botswana,Botswana,Costs,2035.0,Unmet country planning reserve costs: $m,0.0
Botswana,Botswana,Costs,2035.0,Unmet country spinning reserve costs: $m,0.0
Botswana,Botswana,Costs,2035.0,Unmet demand costs: $m,0.0
Botswana,Botswana,Costs,2035.0,Unmet system CO2 backstop cost: $m,0.0
Botswana,Botswana,Costs,2035.0,Unmet system planning reserve costs: $m,0.0
Botswana,Botswana,Costs,2035.0,Unmet system spinning reserve costs: $m,0.0
Botswana,Botswana,Costs,2035.0,VRE curtailment: $m,0.0
Botswana,Botswana,Costs,2035.0,Variable O&M: $m,6.125924635310755
Botswana,Botswana,Costs,2038.0,Carbon costs: $m,149.1004567453252
Botswana,Botswana,Costs,2038.0,Excess generation: $m,0.0
Botswana,Botswana,Costs,2038.0,Export revenues with external zones: $m,0.0
Botswana,Botswana,Costs,2038.0,Export revenues with internal zones: $m,-687.3243792693803
Botswana,Botswana,Costs,2038.0,Fixed O&M: $m,49.791
Botswana,Botswana,Costs,2038.0,Fuel costs: $m,81.85278538763666
Botswana,Botswana,Costs,2038.0,Generation costs: $m,0.0
Botswana,Botswana,Costs,2038.0,Import costs with external zones: $m,0.0
Botswana,Botswana,Costs,2038.0,Import costs with internal zones: $m,1037.292782760789
Botswana,Botswana,Costs,2038.0,NPV of system cost: $m,0.0
Botswana,Botswana,Costs,2038.0,Spinning reserve costs: $m,0.0
Botswana,Botswana,Costs,2038.0,Startup costs: $m,0.0
Botswana,Botswana,Costs,2038.0,Trade shared benefits: $m,-133.05808949914243
Botswana,Botswana,Costs,2038.0,Transmission costs: $m,15.724093575801074
Botswana,Botswana,Costs,2038.0,Unmet country CO2 backstop cost: $m,0.0
Botswana,Botswana,Costs,2038.0,Unmet country planning reserve costs: $m,0.0
Botswana,Botswana,Costs,2038.0,Unmet country spinning reserve costs: $m,0.0
Botswana,Botswana,Costs,2038.0,Unmet demand costs: $m,0.0
Botswana,Botswana,Costs,2038.0,Unmet system CO2 backstop cost: $m,0.0
Botswana,Botswana,Costs,2038.0,Unmet system planning reserve costs: $m,0.0
Botswana,Botswana,Costs,2038.0,Unmet system spinning reserve costs: $m,0.0039536642501385
Botswana,Botswana,Costs,2038.0,VRE curtailment: $m,0.0
Botswana,Botswana,Costs,2038.0,Variable O&M: $m,5.946435848296764
Botswana,Botswana,Costs,2040.0,Carbon costs: $m,157.53749325656983
Botswana,Botswana,Costs,2040.0,Excess generation: $m,0.0
Botswana,Botswana,Costs,2040.0,Export revenues with external zones: $m,0.0
Botswana,Botswana,Costs,2040.0,Export revenues with internal zones: $m,-678.5605718963693
Botswana,Botswana,Costs,2040.0,Fixed O&M: $m,52.9935
Botswana,Botswana,Costs,2040.0,Fuel costs: $m,80.00688706441582
Botswana,Botswana,Costs,2040.0,Generation costs: $m,0.0
Botswana,Botswana,Costs,2040.0,Import costs with external zones: $m,0.0
Botswana,Botswana,Costs,2040.0,Import costs with internal zones: $m,1072.0156446737517
Botswana,Botswana,Costs,2040.0,NPV of system cost: $m,0.0
Botswana,Botswana,Costs,2040.0,Spinning reserve costs: $m,0.0
Botswana,Botswana,Costs,2040.0,Startup costs: $m,0.0
Botswana,Botswana,Costs,2040.0,Trade shared benefits: $m,-169.1744369509379
Botswana,Botswana,Costs,2040.0,Transmission costs: $m,15.724093575801074
Botswana,Botswana,Costs,2040.0,Unmet country CO2 backstop cost: $m,0.0
Botswana,Botswana,Costs,2040.0,Unmet country planning reserve costs: $m,0.0
Botswana,Botswana,Costs,2040.0,Unmet country spinning reserve costs: $m,0.0
Botswana,Botswana,Costs,2040.0,Unmet demand costs: $m,0.0
Botswana,Botswana,Costs,2040.0,Unmet system CO2 backstop cost: $m,0.0
Botswana,Botswana,Costs,2040.0,Unmet system planning reserve costs: $m,0.0
Botswana,Botswana,Costs,2040.0,Unmet system spinning reserve costs: $m,0.0956603776459244
Botswana,Botswana,Costs,2040.0,VRE curtailment: $m,0.0
Botswana,Botswana,Costs,2040.0,Variable O&M: $m,5.986705200932635
Botswana,Botswana,Costs,2042.0,Carbon costs: $m,166.76396776338896
Botswana,Botswana,Costs,2042.0,Excess generation: $m,0.0
Botswana,Botswana,Costs,2042.0,Export revenues with external zones: $m,0.0
Botswana,Botswana,Costs,2042.0,Export revenues with internal zones: $m,-644.5573899262894
Botswana,Botswana,Costs,2042.0,Fixed O&M: $m,56.196
Botswana,Botswana,Costs,2042.0,Fuel costs: $m,77.9436936865903
Botswana,Botswana,Costs,2042.0,Generation costs: $m,0.0
Botswana,Botswana,Costs,2042.0,Import costs with external zones: $m,0.0
Botswana,Botswana,Costs,2042.0,Import costs with internal zones: $m,1074.1827035348374
Botswana,Botswana,Costs,2042.0,NPV of system cost: $m,0.0
Botswana,Botswana,Costs,2042.0,Spinning reserve costs: $m,0.0
Botswana,Botswana,Costs,2042.0,Startup costs: $m,0.0
Botswana,Botswana,Costs,2042.0,Trade shared benefits: $m,-190.35420602071807
Botswana,Botswana,Costs,2042.0,Transmission costs: $m,15.724093575801074
Botswana,Botswana,Costs,2042.0,Unmet country CO2 backstop cost: $m,0.0
Botswana,Botswana,Costs,2042.0,Unmet country planning reserve costs: $m,0.0
Botswana,Botswana,Costs,2042.0,Unmet country spinning reserve costs: $m,0.0
Botswana,Botswana,Costs,2042.0,Unmet demand costs: $m,0.0
Botswana,Botswana,Costs,2042.0,Unmet system CO2 backstop cost: $m,0.0
Botswana,Botswana,Costs,2042.0,Unmet system planning reserve costs: $m,0.0
Botswana,Botswana,Costs,2042.0,Unmet system spinning reserve costs: $m,0.1842053775001756
Botswana,Botswana,Costs,2042.0,VRE curtailment: $m,0.0
Botswana,Botswana,Costs,2042.0,Variable O&M: $m,6.13928616838246
Botswana,Botswana,Costs,2045.0,Carbon costs: $m,198.7423161728937
Botswana,Botswana,Costs,2045.0,Excess generation: $m,0.0
Botswana,Botswana,Costs,2045.0,Export revenues with external zones: $m,0.0
Botswana,Botswana,Costs,2045.0,Export revenues with internal zones: $m,-859.8085919411827
Botswana,Botswana,Costs,2045.0,Fixed O&M: $m,60.99975
Botswana,Botswana,Costs,2045.0,Fuel costs: $m,79.44542165577005
Botswana,Botswana,Costs,2045.0,Generation costs: $m,0.0
Botswana,Botswana,Costs,2045.0,Import costs with external zones: $m,0.0
Botswana,Botswana,Costs,2045.0,Import costs with internal zones: $m,1355.3443370486275
Botswana,Botswana,Costs,2045.0,NPV of system cost: $m,0.0
Botswana,Botswana,Costs,2045.0,Spinning reserve costs: $m,0.0
Botswana,Botswana,Costs,2045.0,Startup costs: $m,0.0
Botswana,Botswana,Costs,2045.0,Trade shared benefits: $m,-248.99111509924208
Botswana,Botswana,Costs,2045.0,Transmission costs: $m,16.39368627317721
Botswana,Botswana,Costs,2045.0,Unmet country CO2 backstop cost: $m,0.0
Botswana,Botswana,Costs,2045.0,Unmet country planning reserve costs: $m,0.0
Botswana,Botswana,Costs,2045.0,Unmet country spinning reserve costs: $m,0.0
Botswana,Botswana,Costs,2045.0,Unmet demand costs: $m,0.0
Botswana,Botswana,Costs,2045.0,Unmet system CO2 backstop cost: $m,0.0
Botswana,Botswana,Costs,2045.0,Unmet system planning reserve costs: $m,0.0
Botswana,Botswana,Costs,2045.0,Unmet system spinning reserve costs: $m,0.0
Botswana,Botswana,Costs,2045.0,VRE curtailment: $m,0.0
Botswana,Botswana,Costs,2045.0,Variable O&M: $m,6.793933964837694
Botswana,Botswana,Costs,2048.0,Carbon costs: $m,42.60403871597392
Botswana,Botswana,Costs,2048.0,Excess generation: $m,0.0
Botswana,Botswana,Costs,2048.0,Export revenues with external zones: $m,0.0
Botswana,Botswana,Costs,2048.0,Export revenues with internal zones: $m,-589.0843888181823
Botswana,Botswana,Costs,2048.0,Fixed O&M: $m,86.26275
Botswana,Botswana,Costs,2048.0,Fuel costs: $m,14.53275689869882
Botswana,Botswana,Costs,2048.0,Generation costs: $m,0.0
Botswana,Botswana,Costs,2048.0,Import costs with external zones: $m,0.0
Botswana,Botswana,Costs,2048.0,Import costs with internal zones: $m,992.5877679236364
Botswana,Botswana,Costs,2048.0,NPV of system cost: $m,0.0
Botswana,Botswana,Costs,2048.0,Spinning reserve costs: $m,0.0
Botswana,Botswana,Costs,2048.0,Startup costs: $m,0.0
Botswana,Botswana,Costs,2048.0,Trade shared benefits: $m,-199.7373313904798
Botswana,Botswana,Costs,2048.0,Transmission costs: $m,17.095923989165346
Botswana,Botswana,Costs,2048.0,Unmet country CO2 backstop cost: $m,0.0
Botswana,Botswana,Costs,2048.0,Unmet country planning reserve costs: $m,0.0
Botswana,Botswana,Costs,2048.0,Unmet country spinning reserve costs: $m,0.0
Botswana,Botswana,Costs,2048.0,Unmet demand costs: $m,0.0
Botswana,Botswana,Costs,2048.0,Unmet system CO2 backstop cost: $m,0.0
Botswana,Botswana,Costs,2048.0,Unmet system planning reserve costs: $m,0.0
Botswana,Botswana,Costs,2048.0,Unmet system spinning reserve costs: $m,0.0
Botswana,Botswana,Costs,2048.0,VRE curtailment: $m,0.0
Botswana,Botswana,Costs,2048.0,Variable O&M: $m,1.3593100310114703
Botswana,Botswana,Costs,2050.0,Carbon costs: $m,0.0
Botswana,Botswana,Costs,2050.0,Excess generation: $m,0.0
Botswana,Botswana,Costs,2050.0,Export revenues with external zones: $m,0.0
Botswana,Botswana,Costs,2050.0,Export revenues with internal zones: $m,-297.89776111277274
Botswana,Botswana,Costs,2050.0,Fixed O&M: $m,98.53725
Botswana,Botswana,Costs,2050.0,Fuel costs: $m,0.0
Botswana,Botswana,Costs,2050.0,Generation costs: $m,0.0
Botswana,Botswana,Costs,2050.0,Import costs with external zones: $m,0.0
Botswana,Botswana,Costs,2050.0,Import costs with internal zones: $m,576.6741012318697
Botswana,Botswana,Costs,2050.0,NPV of system cost: $m,0.0
Botswana,Botswana,Costs,2050.0,Spinning reserve costs: $m,0.0
Botswana,Botswana,Costs,2050.0,Startup costs: $m,0.0
Botswana,Botswana,Costs,2050.0,Trade shared benefits: $m,-76.62318870016952
Botswana,Botswana,Costs,2050.0,Transmission costs: $m,17.644877664338615
Botswana,Botswana,Costs,2050.0,Unmet country CO2 backstop cost: $m,0.0
Botswana,Botswana,Costs,2050.0,Unmet country planning reserve costs: $m,0.0
Botswana,Botswana,Costs,2050.0,Unmet country spinning reserve costs: $m,0.0
Botswana,Botswana,Costs,2050.0,Unmet demand costs: $m,0.0
Botswana,Botswana,Costs,2050.0,Unmet system CO2 backstop cost: $m,0.0
Botswana,Botswana,Costs,2050.0,Unmet system planning reserve costs: $m,0.0
Botswana,Botswana,Costs,2050.0,Unmet system spinning reserve costs: $m,0.0
Botswana,Botswana,Costs,2050.0,VRE curtailment: $m,0.0
Botswana,Botswana,Costs,2050.0,Variable O&M: $m,0.0
Botswana,Botswana,DiscountedWeightedCostsCumulated,2025.0,Carbon costs: $m,4589.280669868949
Botswana,Botswana,DiscountedWeightedCostsCumulated,2025.0,Excess generation: $m,5800.575671918742
Botswana,Botswana,DiscountedWeightedCostsCumulated,2025.0,Export revenues with external zones: $m,5800.575671918742
Botswana,Botswana,DiscountedWeightedCostsCumulated,2025.0,Export revenues with internal zones: $m,5800.575671918742
Botswana,Botswana,DiscountedWeightedCostsCumulated,2025.0,Fixed O&M: $m,3254.380301359732
Botswana,Botswana,DiscountedWeightedCostsCumulated,2025.0,Fuel costs: $m,3976.303313136709
Botswana,Botswana,DiscountedWeightedCostsCumulated,2025.0,Generation costs: $m,4915.787130149954
Botswana,Botswana,DiscountedWeightedCostsCumulated,2025.0,Import costs with external zones: $m,4915.787130149954
Botswana,Botswana,DiscountedWeightedCostsCumulated,2025.0,Import costs with internal zones: $m,9257.881001149952
Botswana,Botswana,DiscountedWeightedCostsCumulated,2025.0,NPV of system cost: $m,22761.50159131583
Botswana,Botswana,DiscountedWeightedCostsCumulated,2025.0,Spinning reserve costs: $m,22761.50159131583
Botswana,Botswana,DiscountedWeightedCostsCumulated,2025.0,Startup costs: $m,22761.50159131583
Botswana,Botswana,DiscountedWeightedCostsCumulated,2025.0,Trade shared benefits: $m,20642.052903597705
Botswana,Botswana,DiscountedWeightedCostsCumulated,2025.0,Transmission costs: $m,15800.76521337195
Botswana,Botswana,DiscountedWeightedCostsCumulated,2025.0,Unmet country CO2 backstop cost: $m,15863.241231833075
Botswana,Botswana,DiscountedWeightedCostsCumulated,2025.0,Unmet country planning reserve costs: $m,15863.241231833075
Botswana,Botswana,DiscountedWeightedCostsCumulated,2025.0,Unmet country spinning reserve costs: $m,15863.241231833075
Botswana,Botswana,DiscountedWeightedCostsCumulated,2025.0,Unmet demand costs: $m,16120.85964317308
Botswana,Botswana,DiscountedWeightedCostsCumulated,2025.0,Unmet system CO2 backstop cost: $m,16596.591666407137
Botswana,Botswana,DiscountedWeightedCostsCumulated,2025.0,Unmet system planning reserve costs: $m,16596.591666407137
Botswana,Botswana,DiscountedWeightedCostsCumulated,2025.0,Unmet system spinning reserve costs: $m,16596.591666407137
Botswana,Botswana,DiscountedWeightedCostsCumulated,2025.0,VRE curtailment: $m,16596.726187795844
Botswana,Botswana,DiscountedWeightedCostsCumulated,2025.0,Variable O&M: $m,16606.569974995844
Botswana,Botswana,DiscountedWeightedCostsCumulated,2027.0,Carbon costs: $m,4786.130405229858
Botswana,Botswana,DiscountedWeightedCostsCumulated,2027.0,Excess generation: $m,5800.575671918742
Botswana,Botswana,DiscountedWeightedCostsCumulated,2027.0,Export revenues with external zones: $m,5800.575671918742
Botswana,Botswana,DiscountedWeightedCostsCumulated,2027.0,Export revenues with internal zones: $m,5793.304055021881
Botswana,Botswana,DiscountedWeightedCostsCumulated,2027.0,Fixed O&M: $m,3331.2403013597323
Botswana,Botswana,DiscountedWeightedCostsCumulated,2027.0,Fuel costs: $m,4311.6119451647455
Botswana,Botswana,DiscountedWeightedCostsCumulated,2027.0,Generation costs: $m,4915.787130149954
Botswana,Botswana,DiscountedWeightedCostsCumulated,2027.0,Import costs with external zones: $m,4915.787130149954
Botswana,Botswana,DiscountedWeightedCostsCumulated,2027.0,Import costs with internal zones: $m,17842.32926381949
Botswana,Botswana,DiscountedWeightedCostsCumulated,2027.0,NPV of system cost: $m,22761.50159131583
Botswana,Botswana,DiscountedWeightedCostsCumulated,2027.0,Spinning reserve costs: $m,22761.50159131583
Botswana,Botswana,DiscountedWeightedCostsCumulated,2027.0,Startup costs: $m,22761.50159131583
Botswana,Botswana,DiscountedWeightedCostsCumulated,2027.0,Trade shared benefits: $m,16459.586047449153
Botswana,Botswana,DiscountedWeightedCostsCumulated,2027.0,Transmission costs: $m,15800.76521337195
Botswana,Botswana,DiscountedWeightedCostsCumulated,2027.0,Unmet country CO2 backstop cost: $m,15863.241231833075
Botswana,Botswana,DiscountedWeightedCostsCumulated,2027.0,Unmet country planning reserve costs: $m,15863.241231833075
Botswana,Botswana,DiscountedWeightedCostsCumulated,2027.0,Unmet country spinning reserve costs: $m,15863.241231833075
Botswana,Botswana,DiscountedWeightedCostsCumulated,2027.0,Unmet demand costs: $m,16596.591666407137
Botswana,Botswana,DiscountedWeightedCostsCumulated,2027.0,Unmet system CO2 backstop cost: $m,16596.591666407137
Botswana,Botswana,DiscountedWeightedCostsCumulated,2027.0,Unmet system planning reserve costs: $m,16596.591666407137
Botswana,Botswana,DiscountedWeightedCostsCumulated,2027.0,Unmet system spinning reserve costs: $m,16596.591666407137
Botswana,Botswana,DiscountedWeightedCostsCumulated,2027.0,VRE curtailment: $m,16596.726187795844
Botswana,Botswana,DiscountedWeightedCostsCumulated,2027.0,Variable O&M: $m,16618.14273135948
Botswana,Botswana,DiscountedWeightedCostsCumulated,2030.0,Carbon costs: $m,5048.361897780607
Botswana,Botswana,DiscountedWeightedCostsCumulated,2030.0,Excess generation: $m,5800.575671918742
Botswana,Botswana,DiscountedWeightedCostsCumulated,2030.0,Export revenues with external zones: $m,5800.575671918742
Botswana,Botswana,DiscountedWeightedCostsCumulated,2030.0,Export revenues with internal zones: $m,5793.295361687271
Botswana,Botswana,DiscountedWeightedCostsCumulated,2030.0,Fixed O&M: $m,3414.7760886773103
Botswana,Botswana,DiscountedWeightedCostsCumulated,2030.0,Fuel costs: $m,4500.296294914332
Botswana,Botswana,DiscountedWeightedCostsCumulated,2030.0,Generation costs: $m,4915.787130149954
Botswana,Botswana,DiscountedWeightedCostsCumulated,2030.0,Import costs with external zones: $m,4915.787130149954
Botswana,Botswana,DiscountedWeightedCostsCumulated,2030.0,Import costs with internal zones: $m,18346.556052197124
Botswana,Botswana,DiscountedWeightedCostsCumulated,2030.0,NPV of system cost: $m,22761.50159131583
Botswana,Botswana,DiscountedWeightedCostsCumulated,2030.0,Spinning reserve costs: $m,22761.50159131583
Botswana,Botswana,DiscountedWeightedCostsCumulated,2030.0,Startup costs: $m,22761.50159131583
Botswana,Botswana,DiscountedWeightedCostsCumulated,2030.0,Trade shared benefits: $m,16415.466915555826
Botswana,Botswana,DiscountedWeightedCostsCumulated,2030.0,Transmission costs: $m,15800.76521337195
Botswana,Botswana,DiscountedWeightedCostsCumulated,2030.0,Unmet country CO2 backstop cost: $m,15863.241231833075
Botswana,Botswana,DiscountedWeightedCostsCumulated,2030.0,Unmet country planning reserve costs: $m,15863.241231833075
Botswana,Botswana,DiscountedWeightedCostsCumulated,2030.0,Unmet country spinning reserve costs: $m,15863.241231833075
Botswana,Botswana,DiscountedWeightedCostsCumulated,2030.0,Unmet demand costs: $m,16596.591666407137
Botswana,Botswana,DiscountedWeightedCostsCumulated,2030.0,Unmet system CO2 backstop cost: $m,16596.591666407137
Botswana,Botswana,DiscountedWeightedCostsCumulated,2030.0,Unmet system planning reserve costs: $m,16596.591666407137
Botswana,Botswana,DiscountedWeightedCostsCumulated,2030.0,Unmet system spinning reserve costs: $m,16596.591666407137
Botswana,Botswana,DiscountedWeightedCostsCumulated,2030.0,VRE curtailment: $m,16596.726187795844
Botswana,Botswana,DiscountedWeightedCostsCumulated,2030.0,Variable O&M: $m,16630.692735150704
Botswana,Botswana,DiscountedWeightedCostsCumulated,2032.0,Carbon costs: $m,5185.74093820804
Botswana,Botswana,DiscountedWeightedCostsCumulated,2032.0,Excess generation: $m,5800.575671918742
Botswana,Botswana,DiscountedWeightedCostsCumulated,2032.0,Export revenues with external zones: $m,5800.575671918742
Botswana,Botswana,DiscountedWeightedCostsCumulated,2032.0,Export revenues with internal zones: $m,5793.295361687271
Botswana,Botswana,DiscountedWeightedCostsCumulated,2032.0,Fixed O&M: $m,3460.141165013942
Botswana,Botswana,DiscountedWeightedCostsCumulated,2032.0,Fuel costs: $m,4593.73775059116
Botswana,Botswana,DiscountedWeightedCostsCumulated,2032.0,Generation costs: $m,4915.787130149954
Botswana,Botswana,DiscountedWeightedCostsCumulated,2032.0,Import costs with external zones: $m,4915.787130149954
Botswana,Botswana,DiscountedWeightedCostsCumulated,2032.0,Import costs with internal zones: $m,18628.98268950039
Botswana,Botswana,DiscountedWeightedCostsCumulated,2032.0,NPV of system cost: $m,22761.50159131583
Botswana,Botswana,DiscountedWeightedCostsCumulated,2032.0,Spinning reserve costs: $m,22761.50159131583
Botswana,Botswana,DiscountedWeightedCostsCumulated,2032.0,Startup costs: $m,22761.50159131583
Botswana,Botswana,DiscountedWeightedCostsCumulated,2032.0,Trade shared benefits: $m,16380.81197689042
Botswana,Botswana,DiscountedWeightedCostsCumulated,2032.0,Transmission costs: $m,15800.76521337195
Botswana,Botswana,DiscountedWeightedCostsCumulated,2032.0,Unmet country CO2 backstop cost: $m,15863.241231833075
Botswana,Botswana,DiscountedWeightedCostsCumulated,2032.0,Unmet country planning reserve costs: $m,15863.241231833075
Botswana,Botswana,DiscountedWeightedCostsCumulated,2032.0,Unmet country spinning reserve costs: $m,15863.241231833075
Botswana,Botswana,DiscountedWeightedCostsCumulated,2032.0,Unmet demand costs: $m,16596.591666407137
Botswana,Botswana,DiscountedWeightedCostsCumulated,2032.0,Unmet system CO2 backstop cost: $m,16596.591666407137
Botswana,Botswana,DiscountedWeightedCostsCumulated,2032.0,Unmet system planning reserve costs: $m,16596.591666407137
Botswana,Botswana,DiscountedWeightedCostsCumulated,2032.0,Unmet system spinning reserve costs: $m,16596.591666407137
Botswana,Botswana,DiscountedWeightedCostsCumulated,2032.0,VRE curtailment: $m,16596.726187795844
Botswana,Botswana,DiscountedWeightedCostsCumulated,2032.0,Variable O&M: $m,16637.020317667397
Botswana,Botswana,DiscountedWeightedCostsCumulated,2035.0,Carbon costs: $m,5376.8270478326185
Botswana,Botswana,DiscountedWeightedCostsCumulated,2035.0,Excess generation: $m,5800.575671918742
Botswana,Botswana,DiscountedWeightedCostsCumulated,2035.0,Export revenues with external zones: $m,5800.575671918742
Botswana,Botswana,DiscountedWeightedCostsCumulated,2035.0,Export revenues with internal zones: $m,5276.861966079789
Botswana,Botswana,DiscountedWeightedCostsCumulated,2035.0,Fixed O&M: $m,3520.171791691881
Botswana,Botswana,DiscountedWeightedCostsCumulated,2035.0,Fuel costs: $m,4711.174235823833
Botswana,Botswana,DiscountedWeightedCostsCumulated,2035.0,Generation costs: $m,4915.787130149954
Botswana,Botswana,DiscountedWeightedCostsCumulated,2035.0,Import costs with external zones: $m,4915.787130149954
Botswana,Botswana,DiscountedWeightedCostsCumulated,2035.0,Import costs with internal zones: $m,19491.394351474388
Botswana,Botswana,DiscountedWeightedCostsCumulated,2035.0,NPV of system cost: $m,22761.50159131583
Botswana,Botswana,DiscountedWeightedCostsCumulated,2035.0,Spinning reserve costs: $m,22761.50159131583
Botswana,Botswana,DiscountedWeightedCostsCumulated,2035.0,Startup costs: $m,22761.50159131583
Botswana,Botswana,DiscountedWeightedCostsCumulated,2035.0,Trade shared benefits: $m,16326.972974627171
Botswana,Botswana,DiscountedWeightedCostsCumulated,2035.0,Transmission costs: $m,15813.726911594247
Botswana,Botswana,DiscountedWeightedCostsCumulated,2035.0,Unmet country CO2 backstop cost: $m,15863.241231833075
Botswana,Botswana,DiscountedWeightedCostsCumulated,2035.0,Unmet country planning reserve costs: $m,15863.241231833075
Botswana,Botswana,DiscountedWeightedCostsCumulated,2035.0,Unmet country spinning reserve costs: $m,15863.241231833075
Botswana,Botswana,DiscountedWeightedCostsCumulated,2035.0,Unmet demand costs: $m,16596.591666407137
Botswana,Botswana,DiscountedWeightedCostsCumulated,2035.0,Unmet system CO2 backstop cost: $m,16596.591666407137
Botswana,Botswana,DiscountedWeightedCostsCumulated,2035.0,Unmet system planning reserve costs: $m,16596.591666407137
Botswana,Botswana,DiscountedWeightedCostsCumulated,2035.0,Unmet system spinning reserve costs: $m,16596.591666407137
Botswana,Botswana,DiscountedWeightedCostsCumulated,2035.0,VRE curtailment: $m,16596.726187795844
Botswana,Botswana,DiscountedWeightedCostsCumulated,2035.0,Variable O&M: $m,16645.194702517318
Botswana,Botswana,DiscountedWeightedCostsCumulated,2038.0,Carbon costs: $m,5526.307481536915
Botswana,Botswana,DiscountedWeightedCostsCumulated,2038.0,Excess generation: $m,5800.575671918742
Botswana,Botswana,DiscountedWeightedCostsCumulated,2038.0,Export revenues with external zones: $m,5800.575671918742
Botswana,Botswana,DiscountedWeightedCostsCumulated,2038.0,Export revenues with internal zones: $m,4587.785966237529
Botswana,Botswana,DiscountedWeightedCostsCumulated,2038.0,Fixed O&M: $m,3570.089682200314
Botswana,Botswana,DiscountedWeightedCostsCumulated,2038.0,Fuel costs: $m,4793.235619985436
Botswana,Botswana,DiscountedWeightedCostsCumulated,2038.0,Generation costs: $m,4915.787130149954
Botswana,Botswana,DiscountedWeightedCostsCumulated,2038.0,Import costs with external zones: $m,4915.787130149954
Botswana,Botswana,DiscountedWeightedCostsCumulated,2038.0,Import costs with internal zones: $m,20531.33063624556
Botswana,Botswana,DiscountedWeightedCostsCumulated,2038.0,NPV of system cost: $m,22761.50159131583
Botswana,Botswana,DiscountedWeightedCostsCumulated,2038.0,Spinning reserve costs: $m,22761.50159131583
Botswana,Botswana,DiscountedWeightedCostsCumulated,2038.0,Startup costs: $m,22761.50159131583
Botswana,Botswana,DiscountedWeightedCostsCumulated,2038.0,Trade shared benefits: $m,16193.575791544294
Botswana,Botswana,DiscountedWeightedCostsCumulated,2038.0,Transmission costs: $m,15829.491077436694
Botswana,Botswana,DiscountedWeightedCostsCumulated,2038.0,Unmet country CO2 backstop cost: $m,15863.241231833075
Botswana,Botswana,DiscountedWeightedCostsCumulated,2038.0,Unmet country planning reserve costs: $m,15863.241231833075
Botswana,Botswana,DiscountedWeightedCostsCumulated,2038.0,Unmet country spinning reserve costs: $m,15863.241231833075
Botswana,Botswana,DiscountedWeightedCostsCumulated,2038.0,Unmet demand costs: $m,16596.591666407137
Botswana,Botswana,DiscountedWeightedCostsCumulated,2038.0,Unmet system CO2 backstop cost: $m,16596.591666407137
Botswana,Botswana,DiscountedWeightedCostsCumulated,2038.0,Unmet system planning reserve costs: $m,16596.591666407137
Botswana,Botswana,DiscountedWeightedCostsCumulated,2038.0,Unmet system spinning reserve costs: $m,16596.595630147152
Botswana,Botswana,DiscountedWeightedCostsCumulated,2038.0,VRE curtailment: $m,16596.726187795844
Botswana,Botswana,DiscountedWeightedCostsCumulated,2038.0,Variable O&M: $m,16651.156292635827
Botswana,Botswana,DiscountedWeightedCostsCumulated,2040.0,Carbon costs: $m,5609.276572935891
Botswana,Botswana,DiscountedWeightedCostsCumulated,2040.0,Excess generation: $m,5800.575671918742
Botswana,Botswana,DiscountedWeightedCostsCumulated,2040.0,Export revenues with external zones: $m,5800.575671918742
Botswana,Botswana,DiscountedWeightedCostsCumulated,2040.0,Export revenues with internal zones: $m,4230.413553197285
Botswana,Botswana,DiscountedWeightedCostsCumulated,2040.0,Fixed O&M: $m,3597.9993718504525
Botswana,Botswana,DiscountedWeightedCostsCumulated,2040.0,Fuel costs: $m,4835.372247833031
Botswana,Botswana,DiscountedWeightedCostsCumulated,2040.0,Generation costs: $m,4915.787130149954
Botswana,Botswana,DiscountedWeightedCostsCumulated,2040.0,Import costs with external zones: $m,4915.787130149954
Botswana,Botswana,DiscountedWeightedCostsCumulated,2040.0,Import costs with internal zones: $m,21095.92108494092
Botswana,Botswana,DiscountedWeightedCostsCumulated,2040.0,NPV of system cost: $m,22761.50159131583
Botswana,Botswana,DiscountedWeightedCostsCumulated,2040.0,Spinning reserve costs: $m,22761.50159131583
Botswana,Botswana,DiscountedWeightedCostsCumulated,2040.0,Startup costs: $m,22761.50159131583
Botswana,Botswana,DiscountedWeightedCostsCumulated,2040.0,Trade shared benefits: $m,16104.477958186662
Botswana,Botswana,DiscountedWeightedCostsCumulated,2040.0,Transmission costs: $m,15837.772368004978
Botswana,Botswana,DiscountedWeightedCostsCumulated,2040.0,Unmet country CO2 backstop cost: $m,15863.241231833075
Botswana,Botswana,DiscountedWeightedCostsCumulated,2040.0,Unmet country planning reserve costs: $m,15863.241231833075
Botswana,Botswana,DiscountedWeightedCostsCumulated,2040.0,Unmet country spinning reserve costs: $m,15863.241231833075
Botswana,Botswana,DiscountedWeightedCostsCumulated,2040.0,Unmet demand costs: $m,16596.591666407137
Botswana,Botswana,DiscountedWeightedCostsCumulated,2040.0,Unmet system CO2 backstop cost: $m,16596.591666407137
Botswana,Botswana,DiscountedWeightedCostsCumulated,2040.0,Unmet system planning reserve costs: $m,16596.591666407137
Botswana,Botswana,DiscountedWeightedCostsCumulated,2040.0,Unmet system spinning reserve costs: $m,16596.646010881617
Botswana,Botswana,DiscountedWeightedCostsCumulated,2040.0,VRE curtailment: $m,16596.726187795844
Botswana,Botswana,DiscountedWeightedCostsCumulated,2040.0,Variable O&M: $m,16654.30926581527
Botswana,Botswana,DiscountedWeightedCostsCumulated,2042.0,Carbon costs: $m,5681.861969306456
Botswana,Botswana,DiscountedWeightedCostsCumulated,2042.0,Excess generation: $m,5800.575671918742
Botswana,Botswana,DiscountedWeightedCostsCumulated,2042.0,Export revenues with external zones: $m,5800.575671918742
Botswana,Botswana,DiscountedWeightedCostsCumulated,2042.0,Export revenues with internal zones: $m,3949.864617723661
Botswana,Botswana,DiscountedWeightedCostsCumulated,2042.0,Fixed O&M: $m,3622.4591456801786
Botswana,Botswana,DiscountedWeightedCostsCumulated,2042.0,Fuel costs: $m,4869.29788522764
Botswana,Botswana,DiscountedWeightedCostsCumulated,2042.0,Generation costs: $m,4915.787130149954
Botswana,Botswana,DiscountedWeightedCostsCumulated,2042.0,Import costs with external zones: $m,4915.787130149954
Botswana,Botswana,DiscountedWeightedCostsCumulated,2042.0,Import costs with internal zones: $m,21563.467991842947
Botswana,Botswana,DiscountedWeightedCostsCumulated,2042.0,NPV of system cost: $m,22761.50159131583
Botswana,Botswana,DiscountedWeightedCostsCumulated,2042.0,Spinning reserve costs: $m,22761.50159131583
Botswana,Botswana,DiscountedWeightedCostsCumulated,2042.0,Startup costs: $m,22761.50159131583
Botswana,Botswana,DiscountedWeightedCostsCumulated,2042.0,Trade shared benefits: $m,16021.624715486045
Botswana,Botswana,DiscountedWeightedCostsCumulated,2042.0,Transmission costs: $m,15844.616409796949
Botswana,Botswana,DiscountedWeightedCostsCumulated,2042.0,Unmet country CO2 backstop cost: $m,15863.241231833075
Botswana,Botswana,DiscountedWeightedCostsCumulated,2042.0,Unmet country planning reserve costs: $m,15863.241231833075
Botswana,Botswana,DiscountedWeightedCostsCumulated,2042.0,Unmet country spinning reserve costs: $m,15863.241231833075
Botswana,Botswana,DiscountedWeightedCostsCumulated,2042.0,Unmet demand costs: $m,16596.591666407137
Botswana,Botswana,DiscountedWeightedCostsCumulated,2042.0,Unmet system CO2 backstop cost: $m,16596.591666407137
Botswana,Botswana,DiscountedWeightedCostsCumulated,2042.0,Unmet system planning reserve costs: $m,16596.591666407137
Botswana,Botswana,DiscountedWeightedCostsCumulated,2042.0,Unmet system spinning reserve costs: $m,16596.726187795844
Botswana,Botswana,DiscountedWeightedCostsCumulated,2042.0,VRE curtailment: $m,16596.726187795844
Botswana,Botswana,DiscountedWeightedCostsCumulated,2042.0,Variable O&M: $m,16656.981440901658
Botswana,Botswana,DiscountedWeightedCostsCumulated,2045.0,Carbon costs: $m,5784.108110401592
Botswana,Botswana,DiscountedWeightedCostsCumulated,2045.0,Excess generation: $m,5800.575671918742
Botswana,Botswana,DiscountedWeightedCostsCumulated,2045.0,Export revenues with external zones: $m,5800.575671918742
Botswana,Botswana,DiscountedWeightedCostsCumulated,2045.0,Export revenues with internal zones: $m,3507.522431623994
Botswana,Botswana,DiscountedWeightedCostsCumulated,2045.0,Fixed O&M: $m,3653.8414359008593
Botswana,Botswana,DiscountedWeightedCostsCumulated,2045.0,Fuel costs: $m,4910.169844196418
Botswana,Botswana,DiscountedWeightedCostsCumulated,2045.0,Generation costs: $m,4915.787130149954
Botswana,Botswana,DiscountedWeightedCostsCumulated,2045.0,Import costs with external zones: $m,4915.787130149954
Botswana,Botswana,DiscountedWeightedCostsCumulated,2045.0,Import costs with internal zones: $m,22260.746412397395
Botswana,Botswana,DiscountedWeightedCostsCumulated,2045.0,NPV of system cost: $m,22761.50159131583
Botswana,Botswana,DiscountedWeightedCostsCumulated,2045.0,Spinning reserve costs: $m,22761.50159131583
Botswana,Botswana,DiscountedWeightedCostsCumulated,2045.0,Startup costs: $m,22761.50159131583
Botswana,Botswana,DiscountedWeightedCostsCumulated,2045.0,Trade shared benefits: $m,15893.527281702867
Botswana,Botswana,DiscountedWeightedCostsCumulated,2045.0,Transmission costs: $m,15853.050402074155
Botswana,Botswana,DiscountedWeightedCostsCumulated,2045.0,Unmet country CO2 backstop cost: $m,15863.241231833075
Botswana,Botswana,DiscountedWeightedCostsCumulated,2045.0,Unmet country planning reserve costs: $m,15863.241231833075
Botswana,Botswana,DiscountedWeightedCostsCumulated,2045.0,Unmet country spinning reserve costs: $m,15863.241231833075
Botswana,Botswana,DiscountedWeightedCostsCumulated,2045.0,Unmet demand costs: $m,16596.591666407137
Botswana,Botswana,DiscountedWeightedCostsCumulated,2045.0,Unmet system CO2 backstop cost: $m,16596.591666407137
Botswana,Botswana,DiscountedWeightedCostsCumulated,2045.0,Unmet system planning reserve costs: $m,16596.591666407137
Botswana,Botswana,DiscountedWeightedCostsCumulated,2045.0,Unmet system spinning reserve costs: $m,16596.726187795844
Botswana,Botswana,DiscountedWeightedCostsCumulated,2045.0,VRE curtailment: $m,16596.726187795844
Botswana,Botswana,DiscountedWeightedCostsCumulated,2045.0,Variable O&M: $m,16660.476688135044
Botswana,Botswana,DiscountedWeightedCostsCumulated,2048.0,Carbon costs: $m,5800.575671918742
Botswana,Botswana,DiscountedWeightedCostsCumulated,2048.0,Excess generation: $m,5800.575671918742
Botswana,Botswana,DiscountedWeightedCostsCumulated,2048.0,Export revenues with external zones: $m,5800.575671918742
Botswana,Botswana,DiscountedWeightedCostsCumulated,2048.0,Export revenues with internal zones: $m,3279.826098036287
Botswana,Botswana,DiscountedWeightedCostsCumulated,2048.0,Fixed O&M: $m,3687.184217127159
Botswana,Botswana,DiscountedWeightedCostsCumulated,2048.0,Fuel costs: $m,4915.787130149954
Botswana,Botswana,DiscountedWeightedCostsCumulated,2048.0,Generation costs: $m,4915.787130149954
Botswana,Botswana,DiscountedWeightedCostsCumulated,2048.0,Import costs with external zones: $m,4915.787130149954
Botswana,Botswana,DiscountedWeightedCostsCumulated,2048.0,Import costs with internal zones: $m,22644.407225364503
Botswana,Botswana,DiscountedWeightedCostsCumulated,2048.0,NPV of system cost: $m,22761.50159131583
Botswana,Botswana,DiscountedWeightedCostsCumulated,2048.0,Spinning reserve costs: $m,22761.50159131583
Botswana,Botswana,DiscountedWeightedCostsCumulated,2048.0,Startup costs: $m,22761.50159131583
Botswana,Botswana,DiscountedWeightedCostsCumulated,2048.0,Trade shared benefits: $m,15816.323643478052
Botswana,Botswana,DiscountedWeightedCostsCumulated,2048.0,Transmission costs: $m,15859.658418320245
Botswana,Botswana,DiscountedWeightedCostsCumulated,2048.0,Unmet country CO2 backstop cost: $m,15863.241231833075
Botswana,Botswana,DiscountedWeightedCostsCumulated,2048.0,Unmet country planning reserve costs: $m,15863.241231833075
Botswana,Botswana,DiscountedWeightedCostsCumulated,2048.0,Unmet country spinning reserve costs: $m,15863.241231833075
Botswana,Botswana,DiscountedWeightedCostsCumulated,2048.0,Unmet demand costs: $m,16596.591666407137
Botswana,Botswana,DiscountedWeightedCostsCumulated,2048.0,Unmet system CO2 backstop cost: $m,16596.591666407137
Botswana,Botswana,DiscountedWeightedCostsCumulated,2048.0,Unmet system planning reserve costs: $m,16596.591666407137
Botswana,Botswana,DiscountedWeightedCostsCumulated,2048.0,Unmet system spinning reserve costs: $m,16596.726187795844
Botswana,Botswana,DiscountedWeightedCostsCumulated,2048.0,VRE curtailment: $m,16596.726187795844
Botswana,Botswana,DiscountedWeightedCostsCumulated,2048.0,Variable O&M: $m,16661.002096575914
Botswana,Botswana,DiscountedWeightedCostsCumulated,2050.0,Carbon costs: $m,5800.575671918742
Botswana,Botswana,DiscountedWeightedCostsCumulated,2050.0,Excess generation: $m,5800.575671918742
Botswana,Botswana,DiscountedWeightedCostsCumulated,2050.0,Export revenues with external zones: $m,5800.575671918742
Botswana,Botswana,DiscountedWeightedCostsCumulated,2050.0,Export revenues with internal zones: $m,3219.337601359732
Botswana,Botswana,DiscountedWeightedCostsCumulated,2050.0,Fixed O&M: $m,3707.192323589179
Botswana,Botswana,DiscountedWeightedCostsCumulated,2050.0,Fuel costs: $m,4915.787130149954
Botswana,Botswana,DiscountedWeightedCostsCumulated,2050.0,Generation costs: $m,4915.787130149954
Botswana,Botswana,DiscountedWeightedCostsCumulated,2050.0,Import costs with external zones: $m,4915.787130149954
Botswana,Botswana,DiscountedWeightedCostsCumulated,2050.0,Import costs with internal zones: $m,22761.50159131583
Botswana,Botswana,DiscountedWeightedCostsCumulated,2050.0,NPV of system cost: $m,22761.50159131583
Botswana,Botswana,DiscountedWeightedCostsCumulated,2050.0,Spinning reserve costs: $m,22761.50159131583
Botswana,Botswana,DiscountedWeightedCostsCumulated,2050.0,Startup costs: $m,22761.50159131583
Botswana,Botswana,DiscountedWeightedCostsCumulated,2050.0,Trade shared benefits: $m,15800.76521337195
Botswana,Botswana,DiscountedWeightedCostsCumulated,2050.0,Transmission costs: $m,15863.241231833075
Botswana,Botswana,DiscountedWeightedCostsCumulated,2050.0,Unmet country CO2 backstop cost: $m,15863.241231833075
Botswana,Botswana,DiscountedWeightedCostsCumulated,2050.0,Unmet country planning reserve costs: $m,15863.241231833075
Botswana,Botswana,DiscountedWeightedCostsCumulated,2050.0,Unmet country spinning reserve costs: $m,15863.241231833075
Botswana,Botswana,DiscountedWeightedCostsCumulated,2050.0,Unmet demand costs: $m,16596.591666407137
Botswana,Botswana,DiscountedWeightedCostsCumulated,2050.0,Unmet system CO2 backstop cost: $m,16596.591666407137
Botswana,Botswana,DiscountedWeightedCostsCumulated,2050.0,Unmet system planning reserve costs: $m,16596.591666407137
Botswana,Botswana,DiscountedWeightedCostsCumulated,2050.0,Unmet system spinning reserve costs: $m,16596.726187795844
Botswana,Botswana,DiscountedWeightedCostsCumulated,2050.0,VRE curtailment: $m,16596.726187795844
Botswana,Botswana,DiscountedWeightedCostsCumulated,2050.0,Variable O&M: $m,16661.002096575914
Botswana,Botswana,GenCostsPerMWh,2025.0,Fixed O&M: $m,13.626371274469092
Botswana,Botswana,GenCostsPerMWh,2025.0,Variable Cost: $m,108.471703286233
Botswana,Botswana,GenCostsPerMWh,2027.0,Fixed O&M: $m,15.090774753114776
Botswana,Botswana,GenCostsPerMWh,2027.0,Investment costs: $m,8.46134989480007
Botswana,Botswana,GenCostsPerMWh,2027.0,Variable Cost: $m,68.10706346950894
Botswana,Botswana,GenCostsPerMWh,2030.0,Fixed O&M: $m,11.7877747664199
Botswana,Botswana,GenCostsPerMWh,2030.0,Investment costs: $m,9.400907263756016
Botswana,Botswana,GenCostsPerMWh,2030.0,Variable Cost: $m,28.39627554819328
Botswana,Botswana,GenCostsPerMWh,2032.0,Fixed O&M: $m,11.232305017326263
Botswana,Botswana,GenCostsPerMWh,2032.0,Investment costs: $m,10.296433292319437
Botswana,Botswana,GenCostsPerMWh,2032.0,Variable Cost: $m,24.7026205788612
Botswana,Botswana,GenCostsPerMWh,2035.0,Fixed O&M: $m,10.55052317087466
Botswana,Botswana,GenCostsPerMWh,2035.0,Investment costs: $m,10.6125284718929
Botswana,Botswana,GenCostsPerMWh,2035.0,Variable Cost: $m,22.07640447317144
Botswana,Botswana,GenCostsPerMWh,2038.0,Fixed O&M: $m,10.568936363813153
Botswana,Botswana,GenCostsPerMWh,2038.0,Investment costs: $m,11.32197252644812
Botswana,Botswana,GenCostsPerMWh,2038.0,Variable Cost: $m,18.636789420476244
Botswana,Botswana,GenCostsPerMWh,2040.0,Fixed O&M: $m,10.466641219011798
Botswana,Botswana,GenCostsPerMWh,2040.0,Investment costs: $m,11.57035054691437
Botswana,Botswana,GenCostsPerMWh,2040.0,Variable Cost: $m,16.98442407796031
Botswana,Botswana,GenCostsPerMWh,2042.0,Fixed O&M: $m,10.301004032727292
Botswana,Botswana,GenCostsPerMWh,2042.0,Investment costs: $m,11.672285809737762
Botswana,Botswana,GenCostsPerMWh,2042.0,Variable Cost: $m,15.412825015478006
Botswana,Botswana,GenCostsPerMWh,2045.0,Fixed O&M: $m,9.88849663138422
Botswana,Botswana,GenCostsPerMWh,2045.0,Investment costs: $m,11.506848006223722
Botswana,Botswana,GenCostsPerMWh,2045.0,Variable Cost: $m,13.98001758281181
Botswana,Botswana,GenCostsPerMWh,2048.0,Fixed O&M: $m,12.27873153828746
Botswana,Botswana,GenCostsPerMWh,2048.0,Investment costs: $m,16.382399068984487
Botswana,Botswana,GenCostsPerMWh,2048.0,Variable Cost: $m,2.262093701144572
Botswana,Botswana,GenCostsPerMWh,2050.0,Fixed O&M: $m,12.458340891804596
Botswana,Botswana,GenCostsPerMWh,2050.0,Investment costs: $m,17.48484545408848
Botswana,Botswana,NetPresentCostPerMWh,,Carbon costs: $m,20.389919400664738
Botswana,Botswana,NetPresentCostPerMWh,,Excess generation: $m,0.0
Botswana,Botswana,NetPresentCostPerMWh,,Export revenues with external zones: $m,0.0
Botswana,Botswana,NetPresentCostPerMWh,,Export revenues with internal zones: $m,-39.219008165987205
Botswana,Botswana,NetPresentCostPerMWh,,Fixed O&M: $m,7.412403587704912
Botswana,Botswana,NetPresentCostPerMWh,,Fuel costs: $m,18.363238218321904
Botswana,Botswana,NetPresentCostPerMWh,,Generation costs: $m,0.0
Botswana,Botswana,NetPresentCostPerMWh,,Import costs with external zones: $m,0.0
Botswana,Botswana,NetPresentCostPerMWh,,Import costs with internal zones: $m,271.1455518819181
Botswana,Botswana,NetPresentCostPerMWh,,NPV of system cost: $m,0.0
Botswana,Botswana,NetPresentCostPerMWh,,Spinning reserve costs: $m,0.0
Botswana,Botswana,NetPresentCostPerMWh,,Startup costs: $m,0.0
Botswana,Botswana,NetPresentCostPerMWh,,Trade shared benefits: $m,-105.760557292859
Botswana,Botswana,NetPresentCostPerMWh,,Transmission costs: $m,0.9492528047499004
Botswana,Botswana,NetPresentCostPerMWh,,Unmet country CO2 backstop cost: $m,0.0
Botswana,Botswana,NetPresentCostPerMWh,,Unmet country planning reserve costs: $m,0.0
Botswana,Botswana,NetPresentCostPerMWh,,Unmet country spinning reserve costs: $m,0.0
Botswana,Botswana,NetPresentCostPerMWh,,Unmet demand costs: $m,11.14243471384317
Botswana,Botswana,NetPresentCostPerMWh,,Unmet system CO2 backstop cost: $m,0.0
Botswana,Botswana,NetPresentCostPerMWh,,Unmet system planning reserve costs: $m,0.0
Botswana,Botswana,NetPresentCostPerMWh,,Unmet system spinning reserve costs: $m,0.0020439011428014
Botswana,Botswana,NetPresentCostPerMWh,,VRE curtailment: $m,0.0
Botswana,Botswana,NetPresentCostPerMWh,,Variable O&M: $m,0.9766001129744372
DRC,DRC,Costs,2025.0,Carbon costs: $m,1.7703533352959986
DRC,DRC,Costs,2025.0,Excess generation: $m,0.0
DRC,DRC,Costs,2025.0,Export revenues with external zones: $m,0.0
DRC,DRC,Costs,2025.0,Export revenues with internal zones: $m,-7678.009932000003
DRC,DRC,Costs,2025.0,Fixed O&M: $m,74.076
DRC,DRC,Costs,2025.0,Fuel costs: $m,5.345206587503996
DRC,DRC,Costs,2025.0,Generation costs: $m,0.0
DRC,DRC,Costs,2025.0,Import costs with external zones: $m,0.0
DRC,DRC,Costs,2025.0,Import costs with internal zones: $m,0.0
DRC,DRC,Costs,2025.0,NPV of system cost: $m,0.0
DRC,DRC,Costs,2025.0,Spinning reserve costs: $m,0.0
DRC,DRC,Costs,2025.0,Startup costs: $m,0.0
DRC,DRC,Costs,2025.0,Trade shared benefits: $m,-159.9585402499999
DRC,DRC,Costs,2025.0,Transmission costs: $m,0.0
DRC,DRC,Costs,2025.0,Unmet country CO2 backstop cost: $m,0.0
DRC,DRC,Costs,2025.0,Unmet country planning reserve costs: $m,19.68690203889125
DRC,DRC,Costs,2025.0,Unmet country spinning reserve costs: $m,0.0
DRC,DRC,Costs,2025.0,Unmet demand costs: $m,0.0
DRC,DRC,Costs,2025.0,Unmet system CO2 backstop cost: $m,0.0
DRC,DRC,Costs,2025.0,Unmet system planning reserve costs: $m,0.0
DRC,DRC,Costs,2025.0,Unmet system spinning reserve costs: $m,0.0
DRC,DRC,Costs,2025.0,VRE curtailment: $m,0.0
DRC,DRC,Costs,2025.0,Variable O&M: $m,5.8863420887999975
DRC,DRC,Costs,2027.0,Carbon costs: $m,1.8471915876959983
DRC,DRC,Costs,2027.0,Excess generation: $m,0.0
DRC,DRC,Costs,2027.0,Export revenues with external zones: $m,0.0
DRC,DRC,Costs,2027.0,Export revenues with internal zones: $m,-6775.222514400027
DRC,DRC,Costs,2027.0,Fixed O&M: $m,83.08959999999999
DRC,DRC,Costs,2027.0,Fuel costs: $m,5.503583078985597
DRC,DRC,Costs,2027.0,Generation costs: $m,0.0
DRC,DRC,Costs,2027.0,Import costs with external zones: $m,0.0
DRC,DRC,Costs,2027.0,Import costs with internal zones: $m,0.0
DRC,DRC,Costs,2027.0,NPV of system cost: $m,0.0
DRC,DRC,Costs,2027.0,Spinning reserve costs: $m,0.0
DRC,DRC,Costs,2027.0,Startup costs: $m,0.0
DRC,DRC,Costs,2027.0,Trade shared benefits: $m,-141.15046905000128
DRC,DRC,Costs,2027.0,Transmission costs: $m,0.0
DRC,DRC,Costs,2027.0,Unmet country CO2 backstop cost: $m,0.0
DRC,DRC,Costs,2027.0,Unmet country planning reserve costs: $m,23.941677683957515
DRC,DRC,Costs,2027.0,Unmet country spinning reserve costs: $m,0.0
DRC,DRC,Costs,2027.0,Unmet demand costs: $m,0.0
DRC,DRC,Costs,2027.0,Unmet system CO2 backstop cost: $m,0.0
DRC,DRC,Costs,2027.0,Unmet system planning reserve costs: $m,0.0
DRC,DRC,Costs,2027.0,Unmet system spinning reserve costs: $m,0.0
DRC,DRC,Costs,2027.0,VRE curtailment: $m,0.0
DRC,DRC,Costs,2027.0,Variable O&M: $m,5.886342088799999
DRC,DRC,Costs,2030.0,Carbon costs: $m,10.834464442814
DRC,DRC,Costs,2030.0,Excess generation: $m,0.0
DRC,DRC,Costs,2030.0,Export revenues with external zones: $m,0.0
DRC,DRC,Costs,2030.0,Export revenues with internal zones: $m,-294.2244028648998
DRC,DRC,Costs,2030.0,Fixed O&M: $m,95.46853059719538
DRC,DRC,Costs,2030.0,Fuel costs: $m,33.18643674077025
DRC,DRC,Costs,2030.0,Generation costs: $m,0.0
DRC,DRC,Costs,2030.0,Import costs with external zones: $m,0.0
DRC,DRC,Costs,2030.0,Import costs with internal zones: $m,15.215400748351094
DRC,DRC,Costs,2030.0,NPV of system cost: $m,0.0
DRC,DRC,Costs,2030.0,Spinning reserve costs: $m,0.0
DRC,DRC,Costs,2030.0,Startup costs: $m,0.0
DRC,DRC,Costs,2030.0,Trade shared benefits: $m,-1068.604554637218
DRC,DRC,Costs,2030.0,Transmission costs: $m,0.0
DRC,DRC,Costs,2030.0,Unmet country CO2 backstop cost: $m,0.0
DRC,DRC,Costs,2030.0,Unmet country planning reserve costs: $m,9.545582257633368
DRC,DRC,Costs,2030.0,Unmet country spinning reserve costs: $m,0.0
DRC,DRC,Costs,2030.0,Unmet demand costs: $m,0.0
DRC,DRC,Costs,2030.0,Unmet system CO2 backstop cost: $m,0.0
DRC,DRC,Costs,2030.0,Unmet system planning reserve costs: $m,0.0
DRC,DRC,Costs,2030.0,Unmet system spinning reserve costs: $m,0.0
DRC,DRC,Costs,2030.0,VRE curtailment: $m,0.0
DRC,DRC,Costs,2030.0,Variable O&M: $m,6.928527629753223
DRC,DRC,Costs,2032.0,Carbon costs: $m,22.973374969416792
DRC,DRC,Costs,2032.0,Excess generation: $m,0.0
DRC,DRC,Costs,2032.0,Export revenues with external zones: $m,0.0
DRC,DRC,Costs,2032.0,Export revenues with internal zones: $m,-434.1368616613436
DRC,DRC,Costs,2032.0,Fixed O&M: $m,102.62805119147755
DRC,DRC,Costs,2032.0,Fuel costs: $m,68.8774257941403
DRC,DRC,Costs,2032.0,Generation costs: $m,0.0
DRC,DRC,Costs,2032.0,Import costs with external zones: $m,0.0
DRC,DRC,Costs,2032.0,Import costs with internal zones: $m,18.234069987876087
DRC,DRC,Costs,2032.0,NPV of system cost: $m,0.0
DRC,DRC,Costs,2032.0,Spinning reserve costs: $m,0.0
DRC,DRC,Costs,2032.0,Startup costs: $m,0.0
DRC,DRC,Costs,2032.0,Trade shared benefits: $m,-1595.5228242073283
DRC,DRC,Costs,2032.0,Transmission costs: $m,0.0
DRC,DRC,Costs,2032.0,Unmet country CO2 backstop cost: $m,0.0
DRC,DRC,Costs,2032.0,Unmet country planning reserve costs: $m,10.815928454780847
DRC,DRC,Costs,2032.0,Unmet country spinning reserve costs: $m,0.0
DRC,DRC,Costs,2032.0,Unmet demand costs: $m,0.0
DRC,DRC,Costs,2032.0,Unmet system CO2 backstop cost: $m,0.0
DRC,DRC,Costs,2032.0,Unmet system planning reserve costs: $m,0.0
DRC,DRC,Costs,2032.0,Unmet system spinning reserve costs: $m,0.0
DRC,DRC,Costs,2032.0,VRE curtailment: $m,0.0
DRC,DRC,Costs,2032.0,Variable O&M: $m,8.472442161652761
DRC,DRC,Costs,2035.0,Carbon costs: $m,0.0
DRC,DRC,Costs,2035.0,Excess generation: $m,0.0
DRC,DRC,Costs,2035.0,Export revenues with external zones: $m,0.0
DRC,DRC,Costs,2035.0,Export revenues with internal zones: $m,-203.3185772030911
DRC,DRC,Costs,2035.0,Fixed O&M: $m,105.12285119147757
DRC,DRC,Costs,2035.0,Fuel costs: $m,0.0
DRC,DRC,Costs,2035.0,Generation costs: $m,0.0
DRC,DRC,Costs,2035.0,Import costs with external zones: $m,0.0
DRC,DRC,Costs,2035.0,Import costs with internal zones: $m,174.99377928109
DRC,DRC,Costs,2035.0,NPV of system cost: $m,0.0
DRC,DRC,Costs,2035.0,Spinning reserve costs: $m,0.0
DRC,DRC,Costs,2035.0,Startup costs: $m,0.0
DRC,DRC,Costs,2035.0,Trade shared benefits: $m,-2349.571496744896
DRC,DRC,Costs,2035.0,Transmission costs: $m,10.572603219587496
DRC,DRC,Costs,2035.0,Unmet country CO2 backstop cost: $m,0.0
DRC,DRC,Costs,2035.0,Unmet country planning reserve costs: $m,0.0
DRC,DRC,Costs,2035.0,Unmet country spinning reserve costs: $m,0.0
DRC,DRC,Costs,2035.0,Unmet demand costs: $m,0.0
DRC,DRC,Costs,2035.0,Unmet system CO2 backstop cost: $m,0.0
DRC,DRC,Costs,2035.0,Unmet system planning reserve costs: $m,0.0
DRC,DRC,Costs,2035.0,Unmet system spinning reserve costs: $m,0.0
DRC,DRC,Costs,2035.0,VRE curtailment: $m,0.0
DRC,DRC,Costs,2035.0,Variable O&M: $m,5.879371660800004
DRC,DRC,Costs,2038.0,Carbon costs: $m,0.7293295312681224
DRC,DRC,Costs,2038.0,Excess generation: $m,0.0
DRC,DRC,Costs,2038.0,Export revenues with external zones: $m,0.0
DRC,DRC,Costs,2038.0,Export revenues with internal zones: $m,-185.99418602674453
DRC,DRC,Costs,2038.0,Fixed O&M: $m,125.7812611798846
DRC,DRC,Costs,2038.0,Fuel costs: $m,1.946327283811732
DRC,DRC,Costs,2038.0,Generation costs: $m,0.0
DRC,DRC,Costs,2038.0,Import costs with external zones: $m,0.0
DRC,DRC,Costs,2038.0,Import costs with internal zones: $m,104.36375706611138
DRC,DRC,Costs,2038.0,NPV of system cost: $m,0.0
DRC,DRC,Costs,2038.0,Spinning reserve costs: $m,0.0
DRC,DRC,Costs,2038.0,Startup costs: $m,0.0
DRC,DRC,Costs,2038.0,Trade shared benefits: $m,-3266.733722311639
DRC,DRC,Costs,2038.0,Transmission costs: $m,10.753661910162611
DRC,DRC,Costs,2038.0,Unmet country CO2 backstop cost: $m,0.0
DRC,DRC,Costs,2038.0,Unmet country planning reserve costs: $m,0.0
DRC,DRC,Costs,2038.0,Unmet country spinning reserve costs: $m,0.0
DRC,DRC,Costs,2038.0,Unmet demand costs: $m,0.0
DRC,DRC,Costs,2038.0,Unmet system CO2 backstop cost: $m,0.0
DRC,DRC,Costs,2038.0,Unmet system planning reserve costs: $m,0.0
DRC,DRC,Costs,2038.0,Unmet system spinning reserve costs: $m,0.0064779522184316
DRC,DRC,Costs,2038.0,VRE curtailment: $m,0.0
DRC,DRC,Costs,2038.0,Variable O&M: $m,6.818464902719827
DRC,DRC,Costs,2040.0,Carbon costs: $m,2.973376187825187
DRC,DRC,Costs,2040.0,Excess generation: $m,0.0
DRC,DRC,Costs,2040.0,Export revenues with external zones: $m,0.0
DRC,DRC,Costs,2040.0,Export revenues with internal zones: $m,-264.8038419107698
DRC,DRC,Costs,2040.0,Fixed O&M: $m,131.3819611798846
DRC,DRC,Costs,2040.0,Fuel costs: $m,7.560806247979403
DRC,DRC,Costs,2040.0,Generation costs: $m,0.0
DRC,DRC,Costs,2040.0,Import costs with external zones: $m,0.0
DRC,DRC,Costs,2040.0,Import costs with internal zones: $m,168.9785497656948
DRC,DRC,Costs,2040.0,NPV of system cost: $m,0.0
DRC,DRC,Costs,2040.0,Spinning reserve costs: $m,0.0
DRC,DRC,Costs,2040.0,Startup costs: $m,0.0
DRC,DRC,Costs,2040.0,Trade shared benefits: $m,-4061.6407963599618
DRC,DRC,Costs,2040.0,Transmission costs: $m,14.052552545147698
DRC,DRC,Costs,2040.0,Unmet country CO2 backstop cost: $m,0.0
DRC,DRC,Costs,2040.0,Unmet country planning reserve costs: $m,0.0
DRC,DRC,Costs,2040.0,Unmet country spinning reserve costs: $m,0.0
DRC,DRC,Costs,2040.0,Unmet demand costs: $m,0.0
DRC,DRC,Costs,2040.0,Unmet system CO2 backstop cost: $m,0.0
DRC,DRC,Costs,2040.0,Unmet system planning reserve costs: $m,0.0
DRC,DRC,Costs,2040.0,Unmet system spinning reserve costs: $m,0.1567068774815754
DRC,DRC,Costs,2040.0,VRE curtailment: $m,0.0
DRC,DRC,Costs,2040.0,Variable O&M: $m,7.024125902347667
DRC,DRC,Costs,2042.0,Carbon costs: $m,4.464445202868747
DRC,DRC,Costs,2042.0,Excess generation: $m,0.0
DRC,DRC,Costs,2042.0,Export revenues with external zones: $m,0.0
DRC,DRC,Costs,2042.0,Export revenues with internal zones: $m,-375.4883720183295
DRC,DRC,Costs,2042.0,Fixed O&M: $m,136.98266117988462
DRC,DRC,Costs,2042.0,Fuel costs: $m,10.806326009421964
DRC,DRC,Costs,2042.0,Generation costs: $m,0.0
DRC,DRC,Costs,2042.0,Import costs with external zones: $m,0.0
DRC,DRC,Costs,2042.0,Import costs with internal zones: $m,313.54682903717446
DRC,DRC,Costs,2042.0,NPV of system cost: $m,0.0
DRC,DRC,Costs,2042.0,Spinning reserve costs: $m,0.0
DRC,DRC,Costs,2042.0,Startup costs: $m,0.0
DRC,DRC,Costs,2042.0,Trade shared benefits: $m,-4127.90824347576
DRC,DRC,Costs,2042.0,Transmission costs: $m,14.821896716412123
DRC,DRC,Costs,2042.0,Unmet country CO2 backstop cost: $m,0.0
DRC,DRC,Costs,2042.0,Unmet country planning reserve costs: $m,4.675364134423173
DRC,DRC,Costs,2042.0,Unmet country spinning reserve costs: $m,0.0
DRC,DRC,Costs,2042.0,Unmet demand costs: $m,0.0
DRC,DRC,Costs,2042.0,Unmet system CO2 backstop cost: $m,0.0
DRC,DRC,Costs,2042.0,Unmet system planning reserve costs: $m,0.0
DRC,DRC,Costs,2042.0,Unmet system spinning reserve costs: $m,0.3017006746390487
DRC,DRC,Costs,2042.0,VRE curtailment: $m,0.0
DRC,DRC,Costs,2042.0,Variable O&M: $m,7.15001684624944
DRC,DRC,Costs,2045.0,Carbon costs: $m,3.985320414936544
DRC,DRC,Costs,2045.0,Excess generation: $m,0.0
DRC,DRC,Costs,2045.0,Export revenues with external zones: $m,0.0
DRC,DRC,Costs,2045.0,Export revenues with internal zones: $m,-364.6795799704101
DRC,DRC,Costs,2045.0,Fixed O&M: $m,180.2132821517852
DRC,DRC,Costs,2045.0,Fuel costs: $m,8.719736691378433
DRC,DRC,Costs,2045.0,Generation costs: $m,0.0
DRC,DRC,Costs,2045.0,Import costs with external zones: $m,0.0
DRC,DRC,Costs,2045.0,Import costs with internal zones: $m,308.9277279535817
DRC,DRC,Costs,2045.0,NPV of system cost: $m,0.0
DRC,DRC,Costs,2045.0,Spinning reserve costs: $m,0.0
DRC,DRC,Costs,2045.0,Startup costs: $m,0.0
DRC,DRC,Costs,2045.0,Trade shared benefits: $m,-5355.792359321654
DRC,DRC,Costs,2045.0,Transmission costs: $m,14.821896716412123
DRC,DRC,Costs,2045.0,Unmet country CO2 backstop cost: $m,0.0
DRC,DRC,Costs,2045.0,Unmet country planning reserve costs: $m,9.306848148229577
DRC,DRC,Costs,2045.0,Unmet country spinning reserve costs: $m,0.0
DRC,DRC,Costs,2045.0,Unmet demand costs: $m,0.0
DRC,DRC,Costs,2045.0,Unmet system CO2 backstop cost: $m,0.0
DRC,DRC,Costs,2045.0,Unmet system planning reserve costs: $m,0.0
DRC,DRC,Costs,2045.0,Unmet system spinning reserve costs: $m,0.0
DRC,DRC,Costs,2045.0,VRE curtailment: $m,0.0
DRC,DRC,Costs,2045.0,Variable O&M: $m,12.650296616056243
DRC,DRC,Costs,2048.0,Carbon costs: $m,10.077633259073108
DRC,DRC,Costs,2048.0,Excess generation: $m,0.0
DRC,DRC,Costs,2048.0,Export revenues with external zones: $m,0.0
DRC,DRC,Costs,2048.0,Export revenues with internal zones: $m,-454.4106606793909
DRC,DRC,Costs,2048.0,Fixed O&M: $m,245.95585998840707
DRC,DRC,Costs,2048.0,Fuel costs: $m,20.01827014456628
DRC,DRC,Costs,2048.0,Generation costs: $m,0.0
DRC,DRC,Costs,2048.0,Import costs with external zones: $m,0.0
DRC,DRC,Costs,2048.0,Import costs with internal zones: $m,298.0950458080802
DRC,DRC,Costs,2048.0,NPV of system cost: $m,0.0
DRC,DRC,Costs,2048.0,Spinning reserve costs: $m,0.0
DRC,DRC,Costs,2048.0,Startup costs: $m,0.0
DRC,DRC,Costs,2048.0,Trade shared benefits: $m,-5712.83533023182
DRC,DRC,Costs,2048.0,Transmission costs: $m,14.821896716412128
DRC,DRC,Costs,2048.0,Unmet country CO2 backstop cost: $m,0.0
DRC,DRC,Costs,2048.0,Unmet country planning reserve costs: $m,12.493773571292158
DRC,DRC,Costs,2048.0,Unmet country spinning reserve costs: $m,0.0
DRC,DRC,Costs,2048.0,Unmet demand costs: $m,0.0
DRC,DRC,Costs,2048.0,Unmet system CO2 backstop cost: $m,0.0
DRC,DRC,Costs,2048.0,Unmet system planning reserve costs: $m,0.0
DRC,DRC,Costs,2048.0,Unmet system spinning reserve costs: $m,0.0
DRC,DRC,Costs,2048.0,VRE curtailment: $m,0.0
DRC,DRC,Costs,2048.0,Variable O&M: $m,22.61751995558114
DRC,DRC,Costs,2050.0,Carbon costs: $m,11.34149527198129
DRC,DRC,Costs,2050.0,Excess generation: $m,0.0
DRC,DRC,Costs,2050.0,Export revenues with external zones: $m,0.0
DRC,DRC,Costs,2050.0,Export revenues with internal zones: $m,-461.1828445331539
DRC,DRC,Costs,2050.0,Fixed O&M: $m,251.58085998840707
DRC,DRC,Costs,2050.0,Fuel costs: $m,21.266844143030948
DRC,DRC,Costs,2050.0,Generation costs: $m,0.0
DRC,DRC,Costs,2050.0,Import costs with external zones: $m,0.0
DRC,DRC,Costs,2050.0,Import costs with internal zones: $m,385.5231780068404
DRC,DRC,Costs,2050.0,NPV of system cost: $m,0.0
DRC,DRC,Costs,2050.0,Spinning reserve costs: $m,0.0
DRC,DRC,Costs,2050.0,Startup costs: $m,0.0
DRC,DRC,Costs,2050.0,Trade shared benefits: $m,-5709.531441910031
DRC,DRC,Costs,2050.0,Transmission costs: $m,14.821896716412128
DRC,DRC,Costs,2050.0,Unmet country CO2 backstop cost: $m,0.0
DRC,DRC,Costs,2050.0,Unmet country planning reserve costs: $m,24.7387903553957
DRC,DRC,Costs,2050.0,Unmet country spinning reserve costs: $m,0.0
DRC,DRC,Costs,2050.0,Unmet demand costs: $m,0.0
DRC,DRC,Costs,2050.0,Unmet system CO2 backstop cost: $m,0.0
DRC,DRC,Costs,2050.0,Unmet system planning reserve costs: $m,0.0
DRC,DRC,Costs,2050.0,Unmet system spinning reserve costs: $m,0.0
DRC,DRC,Costs,2050.0,VRE curtailment: $m,0.0
DRC,DRC,Costs,2050.0,Variable O&M: $m,24.285388832664253
DRC,DRC,DiscountedWeightedCostsCumulated,2025.0,Carbon costs: $m,16662.77244991121
DRC,DRC,DiscountedWeightedCostsCumulated,2025.0,Excess generation: $m,16727.8393682557
DRC,DRC,DiscountedWeightedCostsCumulated,2025.0,Export revenues with external zones: $m,16727.8393682557
DRC,DRC,DiscountedWeightedCostsCumulated,2025.0,Export revenues with internal zones: $m,9049.829436255695
DRC,DRC,DiscountedWeightedCostsCumulated,2025.0,Fixed O&M: $m,-5534.674211039503
DRC,DRC,DiscountedWeightedCostsCumulated,2025.0,Fuel costs: $m,-4423.169116007804
DRC,DRC,DiscountedWeightedCostsCumulated,2025.0,Generation costs: $m,-4236.905544595528
DRC,DRC,DiscountedWeightedCostsCumulated,2025.0,Import costs with external zones: $m,-4236.905544595528
DRC,DRC,DiscountedWeightedCostsCumulated,2025.0,Import costs with internal zones: $m,-4236.905544595528
DRC,DRC,DiscountedWeightedCostsCumulated,2025.0,NPV of system cost: $m,-3267.5778519370488
DRC,DRC,DiscountedWeightedCostsCumulated,2025.0,Spinning reserve costs: $m,-3267.5778519370488
DRC,DRC,DiscountedWeightedCostsCumulated,2025.0,Startup costs: $m,-3267.5778519370488
DRC,DRC,DiscountedWeightedCostsCumulated,2025.0,Trade shared benefits: $m,-3427.5363921870485
DRC,DRC,DiscountedWeightedCostsCumulated,2025.0,Transmission costs: $m,-24250.908573752982
DRC,DRC,DiscountedWeightedCostsCumulated,2025.0,Unmet country CO2 backstop cost: $m,-24195.803193624248
DRC,DRC,DiscountedWeightedCostsCumulated,2025.0,Unmet country planning reserve costs: $m,-24176.11629158536
DRC,DRC,DiscountedWeightedCostsCumulated,2025.0,Unmet country spinning reserve costs: $m,-24083.185945829795
DRC,DRC,DiscountedWeightedCostsCumulated,2025.0,Unmet demand costs: $m,-24083.185945829795
DRC,DRC,DiscountedWeightedCostsCumulated,2025.0,Unmet system CO2 backstop cost: $m,-24083.185945829795
DRC,DRC,DiscountedWeightedCostsCumulated,2025.0,Unmet system planning reserve costs: $m,-24083.185945829795
DRC,DRC,DiscountedWeightedCostsCumulated,2025.0,Unmet system spinning reserve costs: $m,-24083.185945829795
DRC,DRC,DiscountedWeightedCostsCumulated,2025.0,VRE curtailment: $m,-24082.965602017368
DRC,DRC,DiscountedWeightedCostsCumulated,2025.0,Variable O&M: $m,-24077.079259928567
DRC,DRC,DiscountedWeightedCostsCumulated,2027.0,Carbon costs: $m,16666.130980070655
DRC,DRC,DiscountedWeightedCostsCumulated,2027.0,Excess generation: $m,16727.8393682557
DRC,DRC,DiscountedWeightedCostsCumulated,2027.0,Export revenues with external zones: $m,16727.8393682557
DRC,DRC,DiscountedWeightedCostsCumulated,2027.0,Export revenues with internal zones: $m,-3268.756953562533
DRC,DRC,DiscountedWeightedCostsCumulated,2027.0,Fixed O&M: $m,-5383.602211039502
DRC,DRC,DiscountedWeightedCostsCumulated,2027.0,Fuel costs: $m,-4413.16260131874
DRC,DRC,DiscountedWeightedCostsCumulated,2027.0,Generation costs: $m,-4236.905544595528
DRC,DRC,DiscountedWeightedCostsCumulated,2027.0,Import costs with external zones: $m,-4236.905544595528
DRC,DRC,DiscountedWeightedCostsCumulated,2027.0,Import costs with internal zones: $m,-4236.905544595528
DRC,DRC,DiscountedWeightedCostsCumulated,2027.0,NPV of system cost: $m,-3267.5778519370488
DRC,DRC,DiscountedWeightedCostsCumulated,2027.0,Spinning reserve costs: $m,-3267.5778519370488
DRC,DRC,DiscountedWeightedCostsCumulated,2027.0,Startup costs: $m,-3267.5778519370488
DRC,DRC,DiscountedWeightedCostsCumulated,2027.0,Trade shared benefits: $m,-3684.173608641596
DRC,DRC,DiscountedWeightedCostsCumulated,2027.0,Transmission costs: $m,-24250.908573752982
DRC,DRC,DiscountedWeightedCostsCumulated,2027.0,Unmet country CO2 backstop cost: $m,-24195.803193624248
DRC,DRC,DiscountedWeightedCostsCumulated,2027.0,Unmet country planning reserve costs: $m,-24132.585968523617
DRC,DRC,DiscountedWeightedCostsCumulated,2027.0,Unmet country spinning reserve costs: $m,-24083.185945829795
DRC,DRC,DiscountedWeightedCostsCumulated,2027.0,Unmet demand costs: $m,-24083.185945829795
DRC,DRC,DiscountedWeightedCostsCumulated,2027.0,Unmet system CO2 backstop cost: $m,-24083.185945829795
DRC,DRC,DiscountedWeightedCostsCumulated,2027.0,Unmet system planning reserve costs: $m,-24083.185945829795
DRC,DRC,DiscountedWeightedCostsCumulated,2027.0,Unmet system spinning reserve costs: $m,-24083.185945829795
DRC,DRC,DiscountedWeightedCostsCumulated,2027.0,VRE curtailment: $m,-24082.965602017368
DRC,DRC,DiscountedWeightedCostsCumulated,2027.0,Variable O&M: $m,-24066.376819767112
DRC,DRC,DiscountedWeightedCostsCumulated,2030.0,Carbon costs: $m,16689.41480393407
DRC,DRC,DiscountedWeightedCostsCumulated,2030.0,Excess generation: $m,16727.8393682557
DRC,DRC,DiscountedWeightedCostsCumulated,2030.0,Export revenues with external zones: $m,16727.8393682557
DRC,DRC,DiscountedWeightedCostsCumulated,2030.0,Export revenues with internal zones: $m,-3901.060396781479
DRC,DRC,DiscountedWeightedCostsCumulated,2030.0,Fixed O&M: $m,-5178.435406288171
DRC,DRC,DiscountedWeightedCostsCumulated,2030.0,Fuel costs: $m,-4341.8432341451335
DRC,DRC,DiscountedWeightedCostsCumulated,2030.0,Generation costs: $m,-4236.905544595528
DRC,DRC,DiscountedWeightedCostsCumulated,2030.0,Import costs with external zones: $m,-4236.905544595528
DRC,DRC,DiscountedWeightedCostsCumulated,2030.0,Import costs with internal zones: $m,-4204.206862265102
DRC,DRC,DiscountedWeightedCostsCumulated,2030.0,NPV of system cost: $m,-3267.5778519370488
DRC,DRC,DiscountedWeightedCostsCumulated,2030.0,Spinning reserve costs: $m,-3267.5778519370488
DRC,DRC,DiscountedWeightedCostsCumulated,2030.0,Startup costs: $m,-3267.5778519370488
DRC,DRC,DiscountedWeightedCostsCumulated,2030.0,Trade shared benefits: $m,-5980.66000731335
DRC,DRC,DiscountedWeightedCostsCumulated,2030.0,Transmission costs: $m,-24250.908573752982
DRC,DRC,DiscountedWeightedCostsCumulated,2030.0,Unmet country CO2 backstop cost: $m,-24195.803193624248
DRC,DRC,DiscountedWeightedCostsCumulated,2030.0,Unmet country planning reserve costs: $m,-24112.072019067826
DRC,DRC,DiscountedWeightedCostsCumulated,2030.0,Unmet country spinning reserve costs: $m,-24083.185945829795
DRC,DRC,DiscountedWeightedCostsCumulated,2030.0,Unmet demand costs: $m,-24083.185945829795
DRC,DRC,DiscountedWeightedCostsCumulated,2030.0,Unmet system CO2 backstop cost: $m,-24083.185945829795
DRC,DRC,DiscountedWeightedCostsCumulated,2030.0,Unmet system planning reserve costs: $m,-24083.185945829795
DRC,DRC,DiscountedWeightedCostsCumulated,2030.0,Unmet system spinning reserve costs: $m,-24083.185945829795
DRC,DRC,DiscountedWeightedCostsCumulated,2030.0,VRE curtailment: $m,-24082.965602017368
DRC,DRC,DiscountedWeightedCostsCumulated,2030.0,Variable O&M: $m,-24051.48705591995
DRC,DRC,DiscountedWeightedCostsCumulated,2032.0,Carbon costs: $m,16715.35054644524
DRC,DRC,DiscountedWeightedCostsCumulated,2032.0,Excess generation: $m,16727.8393682557
DRC,DRC,DiscountedWeightedCostsCumulated,2032.0,Export revenues with external zones: $m,16727.8393682557
DRC,DRC,DiscountedWeightedCostsCumulated,2032.0,Export revenues with internal zones: $m,-4391.178277747862
DRC,DRC,DiscountedWeightedCostsCumulated,2032.0,Fixed O&M: $m,-5062.573687508544
DRC,DRC,DiscountedWeightedCostsCumulated,2032.0,Fuel costs: $m,-4264.084211685122
DRC,DRC,DiscountedWeightedCostsCumulated,2032.0,Generation costs: $m,-4236.905544595528
DRC,DRC,DiscountedWeightedCostsCumulated,2032.0,Import costs with external zones: $m,-4236.905544595528
DRC,DRC,DiscountedWeightedCostsCumulated,2032.0,Import costs with internal zones: $m,-4183.621547971238
DRC,DRC,DiscountedWeightedCostsCumulated,2032.0,NPV of system cost: $m,-3267.5778519370488
DRC,DRC,DiscountedWeightedCostsCumulated,2032.0,Spinning reserve costs: $m,-3267.5778519370488
DRC,DRC,DiscountedWeightedCostsCumulated,2032.0,Startup costs: $m,-3267.5778519370488
DRC,DRC,DiscountedWeightedCostsCumulated,2032.0,Trade shared benefits: $m,-7781.922085454976
DRC,DRC,DiscountedWeightedCostsCumulated,2032.0,Transmission costs: $m,-24250.908573752982
DRC,DRC,DiscountedWeightedCostsCumulated,2032.0,Unmet country CO2 backstop cost: $m,-24195.803193624248
DRC,DRC,DiscountedWeightedCostsCumulated,2032.0,Unmet country planning reserve costs: $m,-24099.861399783724
DRC,DRC,DiscountedWeightedCostsCumulated,2032.0,Unmet country spinning reserve costs: $m,-24083.185945829795
DRC,DRC,DiscountedWeightedCostsCumulated,2032.0,Unmet demand costs: $m,-24083.185945829795
DRC,DRC,DiscountedWeightedCostsCumulated,2032.0,Unmet system CO2 backstop cost: $m,-24083.185945829795
DRC,DRC,DiscountedWeightedCostsCumulated,2032.0,Unmet system planning reserve costs: $m,-24083.185945829795
DRC,DRC,DiscountedWeightedCostsCumulated,2032.0,Unmet system spinning reserve costs: $m,-24083.185945829795
DRC,DRC,DiscountedWeightedCostsCumulated,2032.0,VRE curtailment: $m,-24082.965602017368
DRC,DRC,DiscountedWeightedCostsCumulated,2032.0,Variable O&M: $m,-24041.922110471667
DRC,DRC,DiscountedWeightedCostsCumulated,2035.0,Carbon costs: $m,16715.35054644524
DRC,DRC,DiscountedWeightedCostsCumulated,2035.0,Excess generation: $m,16727.8393682557
DRC,DRC,DiscountedWeightedCostsCumulated,2035.0,Export revenues with external zones: $m,16727.8393682557
DRC,DRC,DiscountedWeightedCostsCumulated,2035.0,Export revenues with internal zones: $m,-4662.484961414198
DRC,DRC,DiscountedWeightedCostsCumulated,2035.0,Fixed O&M: $m,-4922.298595450327
DRC,DRC,DiscountedWeightedCostsCumulated,2035.0,Fuel costs: $m,-4264.084211685122
DRC,DRC,DiscountedWeightedCostsCumulated,2035.0,Generation costs: $m,-4236.905544595528
DRC,DRC,DiscountedWeightedCostsCumulated,2035.0,Import costs with external zones: $m,-4236.905544595528
DRC,DRC,DiscountedWeightedCostsCumulated,2035.0,Import costs with internal zones: $m,-3950.1112481644113
DRC,DRC,DiscountedWeightedCostsCumulated,2035.0,NPV of system cost: $m,-3267.5778519370488
DRC,DRC,DiscountedWeightedCostsCumulated,2035.0,Spinning reserve costs: $m,-3267.5778519370488
DRC,DRC,DiscountedWeightedCostsCumulated,2035.0,Startup costs: $m,-3267.5778519370488
DRC,DRC,DiscountedWeightedCostsCumulated,2035.0,Trade shared benefits: $m,-10917.171503328213
DRC,DRC,DiscountedWeightedCostsCumulated,2035.0,Transmission costs: $m,-24236.80057655624
DRC,DRC,DiscountedWeightedCostsCumulated,2035.0,Unmet country CO2 backstop cost: $m,-24195.803193624248
DRC,DRC,DiscountedWeightedCostsCumulated,2035.0,Unmet country planning reserve costs: $m,-24099.861399783724
DRC,DRC,DiscountedWeightedCostsCumulated,2035.0,Unmet country spinning reserve costs: $m,-24083.185945829795
DRC,DRC,DiscountedWeightedCostsCumulated,2035.0,Unmet demand costs: $m,-24083.185945829795
DRC,DRC,DiscountedWeightedCostsCumulated,2035.0,Unmet system CO2 backstop cost: $m,-24083.185945829795
DRC,DRC,DiscountedWeightedCostsCumulated,2035.0,Unmet system planning reserve costs: $m,-24083.185945829795
DRC,DRC,DiscountedWeightedCostsCumulated,2035.0,Unmet system spinning reserve costs: $m,-24083.185945829795
DRC,DRC,DiscountedWeightedCostsCumulated,2035.0,VRE curtailment: $m,-24082.965602017368
DRC,DRC,DiscountedWeightedCostsCumulated,2035.0,Variable O&M: $m,-24034.07672393948
DRC,DRC,DiscountedWeightedCostsCumulated,2038.0,Carbon costs: $m,16716.081734645646
DRC,DRC,DiscountedWeightedCostsCumulated,2038.0,Excess generation: $m,16727.8393682557
DRC,DRC,DiscountedWeightedCostsCumulated,2038.0,Export revenues with external zones: $m,16727.8393682557
DRC,DRC,DiscountedWeightedCostsCumulated,2038.0,Export revenues with internal zones: $m,-4848.9531466944345
DRC,DRC,DiscountedWeightedCostsCumulated,2038.0,Fixed O&M: $m,-4796.196785412565
DRC,DRC,DiscountedWeightedCostsCumulated,2038.0,Fuel costs: $m,-4262.132924258742
DRC,DRC,DiscountedWeightedCostsCumulated,2038.0,Generation costs: $m,-4236.905544595528
DRC,DRC,DiscountedWeightedCostsCumulated,2038.0,Import costs with external zones: $m,-4236.905544595528
DRC,DRC,DiscountedWeightedCostsCumulated,2038.0,Import costs with internal zones: $m,-3845.481523951704
DRC,DRC,DiscountedWeightedCostsCumulated,2038.0,NPV of system cost: $m,-3267.5778519370488
DRC,DRC,DiscountedWeightedCostsCumulated,2038.0,Spinning reserve costs: $m,-3267.5778519370488
DRC,DRC,DiscountedWeightedCostsCumulated,2038.0,Startup costs: $m,-3267.5778519370488
DRC,DRC,DiscountedWeightedCostsCumulated,2038.0,Trade shared benefits: $m,-14192.23037482226
DRC,DRC,DiscountedWeightedCostsCumulated,2038.0,Transmission costs: $m,-24226.01950933935
DRC,DRC,DiscountedWeightedCostsCumulated,2038.0,Unmet country CO2 backstop cost: $m,-24195.803193624248
DRC,DRC,DiscountedWeightedCostsCumulated,2038.0,Unmet country planning reserve costs: $m,-24099.861399783724
DRC,DRC,DiscountedWeightedCostsCumulated,2038.0,Unmet country spinning reserve costs: $m,-24083.185945829795
DRC,DRC,DiscountedWeightedCostsCumulated,2038.0,Unmet demand costs: $m,-24083.185945829795
DRC,DRC,DiscountedWeightedCostsCumulated,2038.0,Unmet system CO2 backstop cost: $m,-24083.185945829795
DRC,DRC,DiscountedWeightedCostsCumulated,2038.0,Unmet system planning reserve costs: $m,-24083.185945829795
DRC,DRC,DiscountedWeightedCostsCumulated,2038.0,Unmet system spinning reserve costs: $m,-24083.17945136876
DRC,DRC,DiscountedWeightedCostsCumulated,2038.0,VRE curtailment: $m,-24082.965602017368
DRC,DRC,DiscountedWeightedCostsCumulated,2038.0,Variable O&M: $m,-24027.24088243299
DRC,DRC,DiscountedWeightedCostsCumulated,2040.0,Carbon costs: $m,16717.647700407775
DRC,DRC,DiscountedWeightedCostsCumulated,2040.0,Excess generation: $m,16727.8393682557
DRC,DRC,DiscountedWeightedCostsCumulated,2040.0,Export revenues with external zones: $m,16727.8393682557
DRC,DRC,DiscountedWeightedCostsCumulated,2040.0,Export revenues with internal zones: $m,-4988.415402365298
DRC,DRC,DiscountedWeightedCostsCumulated,2040.0,Fixed O&M: $m,-4727.002832151182
DRC,DRC,DiscountedWeightedCostsCumulated,2040.0,Fuel costs: $m,-4258.150931073051
DRC,DRC,DiscountedWeightedCostsCumulated,2040.0,Generation costs: $m,-4236.905544595528
DRC,DRC,DiscountedWeightedCostsCumulated,2040.0,Import costs with external zones: $m,-4236.905544595528
DRC,DRC,DiscountedWeightedCostsCumulated,2040.0,Import costs with internal zones: $m,-3756.4868570304575
DRC,DRC,DiscountedWeightedCostsCumulated,2040.0,NPV of system cost: $m,-3267.5778519370488
DRC,DRC,DiscountedWeightedCostsCumulated,2040.0,Spinning reserve costs: $m,-3267.5778519370488
DRC,DRC,DiscountedWeightedCostsCumulated,2040.0,Startup costs: $m,-3267.5778519370488
DRC,DRC,DiscountedWeightedCostsCumulated,2040.0,Trade shared benefits: $m,-16331.344305714689
DRC,DRC,DiscountedWeightedCostsCumulated,2040.0,Transmission costs: $m,-24218.61855676352
DRC,DRC,DiscountedWeightedCostsCumulated,2040.0,Unmet country CO2 backstop cost: $m,-24195.803193624248
DRC,DRC,DiscountedWeightedCostsCumulated,2040.0,Unmet country planning reserve costs: $m,-24099.861399783724
DRC,DRC,DiscountedWeightedCostsCumulated,2040.0,Unmet country spinning reserve costs: $m,-24083.185945829795
DRC,DRC,DiscountedWeightedCostsCumulated,2040.0,Unmet demand costs: $m,-24083.185945829795
DRC,DRC,DiscountedWeightedCostsCumulated,2040.0,Unmet system CO2 backstop cost: $m,-24083.185945829795
DRC,DRC,DiscountedWeightedCostsCumulated,2040.0,Unmet system planning reserve costs: $m,-24083.185945829795
DRC,DRC,DiscountedWeightedCostsCumulated,2040.0,Unmet system spinning reserve costs: $m,-24083.096919731543
DRC,DRC,DiscountedWeightedCostsCumulated,2040.0,VRE curtailment: $m,-24082.965602017368
DRC,DRC,DiscountedWeightedCostsCumulated,2040.0,Variable O&M: $m,-24023.541538664453
DRC,DRC,DiscountedWeightedCostsCumulated,2042.0,Carbon costs: $m,16719.590887110342
DRC,DRC,DiscountedWeightedCostsCumulated,2042.0,Excess generation: $m,16727.8393682557
DRC,DRC,DiscountedWeightedCostsCumulated,2042.0,Export revenues with external zones: $m,16727.8393682557
DRC,DRC,DiscountedWeightedCostsCumulated,2042.0,Export revenues with internal zones: $m,-5151.849822168496
DRC,DRC,DiscountedWeightedCostsCumulated,2042.0,Fixed O&M: $m,-4667.379995809556
DRC,DRC,DiscountedWeightedCostsCumulated,2042.0,Fuel costs: $m,-4253.4473882920565
DRC,DRC,DiscountedWeightedCostsCumulated,2042.0,Generation costs: $m,-4236.905544595528
DRC,DRC,DiscountedWeightedCostsCumulated,2042.0,Import costs with external zones: $m,-4236.905544595528
DRC,DRC,DiscountedWeightedCostsCumulated,2042.0,Import costs with internal zones: $m,-3620.013006164255
DRC,DRC,DiscountedWeightedCostsCumulated,2042.0,NPV of system cost: $m,-3267.5778519370488
DRC,DRC,DiscountedWeightedCostsCumulated,2042.0,Spinning reserve costs: $m,-3267.5778519370488
DRC,DRC,DiscountedWeightedCostsCumulated,2042.0,Startup costs: $m,-3267.5778519370488
DRC,DRC,DiscountedWeightedCostsCumulated,2042.0,Trade shared benefits: $m,-18128.050513012007
DRC,DRC,DiscountedWeightedCostsCumulated,2042.0,Transmission costs: $m,-24212.16720361719
DRC,DRC,DiscountedWeightedCostsCumulated,2042.0,Unmet country CO2 backstop cost: $m,-24195.803193624248
DRC,DRC,DiscountedWeightedCostsCumulated,2042.0,Unmet country planning reserve costs: $m,-24097.82640887157
DRC,DRC,DiscountedWeightedCostsCumulated,2042.0,Unmet country spinning reserve costs: $m,-24083.185945829795
DRC,DRC,DiscountedWeightedCostsCumulated,2042.0,Unmet demand costs: $m,-24083.185945829795
DRC,DRC,DiscountedWeightedCostsCumulated,2042.0,Unmet system CO2 backstop cost: $m,-24083.185945829795
DRC,DRC,DiscountedWeightedCostsCumulated,2042.0,Unmet system planning reserve costs: $m,-24083.185945829795
DRC,DRC,DiscountedWeightedCostsCumulated,2042.0,Unmet system spinning reserve costs: $m,-24082.965602017368
DRC,DRC,DiscountedWeightedCostsCumulated,2042.0,VRE curtailment: $m,-24082.965602017368
DRC,DRC,DiscountedWeightedCostsCumulated,2042.0,Variable O&M: $m,-24020.429434690184
DRC,DRC,DiscountedWeightedCostsCumulated,2045.0,Carbon costs: $m,16721.641198494963
DRC,DRC,DiscountedWeightedCostsCumulated,2045.0,Excess generation: $m,16727.8393682557
DRC,DRC,DiscountedWeightedCostsCumulated,2045.0,Export revenues with external zones: $m,16727.8393682557
DRC,DRC,DiscountedWeightedCostsCumulated,2045.0,Export revenues with internal zones: $m,-5339.46502413551
DRC,DRC,DiscountedWeightedCostsCumulated,2045.0,Fixed O&M: $m,-4574.666410555375
DRC,DRC,DiscountedWeightedCostsCumulated,2045.0,Fuel costs: $m,-4248.961381259294
DRC,DRC,DiscountedWeightedCostsCumulated,2045.0,Generation costs: $m,-4236.905544595528
DRC,DRC,DiscountedWeightedCostsCumulated,2045.0,Import costs with external zones: $m,-4236.905544595528
DRC,DRC,DiscountedWeightedCostsCumulated,2045.0,Import costs with internal zones: $m,-3461.080229950339
DRC,DRC,DiscountedWeightedCostsCumulated,2045.0,NPV of system cost: $m,-3267.5778519370488
DRC,DRC,DiscountedWeightedCostsCumulated,2045.0,Spinning reserve costs: $m,-3267.5778519370488
DRC,DRC,DiscountedWeightedCostsCumulated,2045.0,Startup costs: $m,-3267.5778519370488
DRC,DRC,DiscountedWeightedCostsCumulated,2045.0,Trade shared benefits: $m,-20883.42295604557
DRC,DRC,DiscountedWeightedCostsCumulated,2045.0,Transmission costs: $m,-24204.54184344153
DRC,DRC,DiscountedWeightedCostsCumulated,2045.0,Unmet country CO2 backstop cost: $m,-24195.803193624248
DRC,DRC,DiscountedWeightedCostsCumulated,2045.0,Unmet country planning reserve costs: $m,-24093.038353024986
DRC,DRC,DiscountedWeightedCostsCumulated,2045.0,Unmet country spinning reserve costs: $m,-24083.185945829795
DRC,DRC,DiscountedWeightedCostsCumulated,2045.0,Unmet demand costs: $m,-24083.185945829795
DRC,DRC,DiscountedWeightedCostsCumulated,2045.0,Unmet system CO2 backstop cost: $m,-24083.185945829795
DRC,DRC,DiscountedWeightedCostsCumulated,2045.0,Unmet system planning reserve costs: $m,-24083.185945829795
DRC,DRC,DiscountedWeightedCostsCumulated,2045.0,Unmet system spinning reserve costs: $m,-24082.965602017368
DRC,DRC,DiscountedWeightedCostsCumulated,2045.0,VRE curtailment: $m,-24082.965602017368
DRC,DRC,DiscountedWeightedCostsCumulated,2045.0,Variable O&M: $m,-24013.92128867676
DRC,DRC,DiscountedWeightedCostsCumulated,2048.0,Carbon costs: $m,16725.536464076413
DRC,DRC,DiscountedWeightedCostsCumulated,2048.0,Excess generation: $m,16727.8393682557
DRC,DRC,DiscountedWeightedCostsCumulated,2048.0,Export revenues with external zones: $m,16727.8393682557
DRC,DRC,DiscountedWeightedCostsCumulated,2048.0,Export revenues with internal zones: $m,-5515.106482887187
DRC,DRC,DiscountedWeightedCostsCumulated,2048.0,Fixed O&M: $m,-4479.598117104032
DRC,DRC,DiscountedWeightedCostsCumulated,2048.0,Fuel costs: $m,-4241.223802733693
DRC,DRC,DiscountedWeightedCostsCumulated,2048.0,Generation costs: $m,-4236.905544595528
DRC,DRC,DiscountedWeightedCostsCumulated,2048.0,Import costs with external zones: $m,-4236.905544595528
DRC,DRC,DiscountedWeightedCostsCumulated,2048.0,Import costs with internal zones: $m,-3345.8587943130265
DRC,DRC,DiscountedWeightedCostsCumulated,2048.0,NPV of system cost: $m,-3267.5778519370488
DRC,DRC,DiscountedWeightedCostsCumulated,2048.0,Spinning reserve costs: $m,-3267.5778519370488
DRC,DRC,DiscountedWeightedCostsCumulated,2048.0,Startup costs: $m,-3267.5778519370488
DRC,DRC,DiscountedWeightedCostsCumulated,2048.0,Trade shared benefits: $m,-23091.581385933263
DRC,DRC,DiscountedWeightedCostsCumulated,2048.0,Transmission costs: $m,-24198.81279747935
DRC,DRC,DiscountedWeightedCostsCumulated,2048.0,Unmet country CO2 backstop cost: $m,-24195.803193624248
DRC,DRC,DiscountedWeightedCostsCumulated,2048.0,Unmet country planning reserve costs: $m,-24088.20918679879
DRC,DRC,DiscountedWeightedCostsCumulated,2048.0,Unmet country spinning reserve costs: $m,-24083.185945829795
DRC,DRC,DiscountedWeightedCostsCumulated,2048.0,Unmet demand costs: $m,-24083.185945829795
DRC,DRC,DiscountedWeightedCostsCumulated,2048.0,Unmet system CO2 backstop cost: $m,-24083.185945829795
DRC,DRC,DiscountedWeightedCostsCumulated,2048.0,Unmet system planning reserve costs: $m,-24083.185945829795
DRC,DRC,DiscountedWeightedCostsCumulated,2048.0,Unmet system spinning reserve costs: $m,-24082.965602017368
DRC,DRC,DiscountedWeightedCostsCumulated,2048.0,VRE curtailment: $m,-24082.965602017368
DRC,DRC,DiscountedWeightedCostsCumulated,2048.0,Variable O&M: $m,-24005.179032955013
DRC,DRC,DiscountedWeightedCostsCumulated,2050.0,Carbon costs: $m,16727.8393682557
DRC,DRC,DiscountedWeightedCostsCumulated,2050.0,Excess generation: $m,16727.8393682557
DRC,DRC,DiscountedWeightedCostsCumulated,2050.0,Export revenues with external zones: $m,16727.8393682557
DRC,DRC,DiscountedWeightedCostsCumulated,2050.0,Export revenues with internal zones: $m,-5608.750211039503
DRC,DRC,DiscountedWeightedCostsCumulated,2050.0,Fixed O&M: $m,-4428.514322595309
DRC,DRC,DiscountedWeightedCostsCumulated,2050.0,Fuel costs: $m,-4236.905544595528
DRC,DRC,DiscountedWeightedCostsCumulated,2050.0,Generation costs: $m,-4236.905544595528
DRC,DRC,DiscountedWeightedCostsCumulated,2050.0,Import costs with external zones: $m,-4236.905544595528
DRC,DRC,DiscountedWeightedCostsCumulated,2050.0,Import costs with internal zones: $m,-3267.5778519370488
DRC,DRC,DiscountedWeightedCostsCumulated,2050.0,NPV of system cost: $m,-3267.5778519370488
DRC,DRC,DiscountedWeightedCostsCumulated,2050.0,Spinning reserve costs: $m,-3267.5778519370488
DRC,DRC,DiscountedWeightedCostsCumulated,2050.0,Startup costs: $m,-3267.5778519370488
DRC,DRC,DiscountedWeightedCostsCumulated,2050.0,Trade shared benefits: $m,-24250.908573752982
DRC,DRC,DiscountedWeightedCostsCumulated,2050.0,Transmission costs: $m,-24195.803193624248
DRC,DRC,DiscountedWeightedCostsCumulated,2050.0,Unmet country CO2 backstop cost: $m,-24195.803193624248
DRC,DRC,DiscountedWeightedCostsCumulated,2050.0,Unmet country planning reserve costs: $m,-24083.185945829795
DRC,DRC,DiscountedWeightedCostsCumulated,2050.0,Unmet country spinning reserve costs: $m,-24083.185945829795
DRC,DRC,DiscountedWeightedCostsCumulated,2050.0,Unmet demand costs: $m,-24083.185945829795
DRC,DRC,DiscountedWeightedCostsCumulated,2050.0,Unmet system CO2 backstop cost: $m,-24083.185945829795
DRC,DRC,DiscountedWeightedCostsCumulated,2050.0,Unmet system planning reserve costs: $m,-24083.185945829795
DRC,DRC,DiscountedWeightedCostsCumulated,2050.0,Unmet system spinning reserve costs: $m,-24082.965602017368
DRC,DRC,DiscountedWeightedCostsCumulated,2050.0,VRE curtailment: $m,-24082.965602017368
DRC,DRC,DiscountedWeightedCostsCumulated,2050.0,Variable O&M: $m,-24000.24785570747
DRC,DRC,GenCostsPerMWh,2025.0,Fixed O&M: $m,7.176315937433538
DRC,DRC,GenCostsPerMWh,2025.0,Investment costs: $m,2.12831019639612
DRC,DRC,GenCostsPerMWh,2025.0,Variable Cost: $m,1.0880871236003682
DRC,DRC,GenCostsPerMWh,2027.0,Fixed O&M: $m,7.892719327725886
DRC,DRC,GenCostsPerMWh,2027.0,Investment costs: $m,4.08464406105326
DRC,DRC,GenCostsPerMWh,2027.0,Variable Cost: $m,1.0819342313975844
DRC,DRC,GenCostsPerMWh,2030.0,Fixed O&M: $m,8.48161771748157
DRC,DRC,GenCostsPerMWh,2030.0,Investment costs: $m,6.902624676746912
DRC,DRC,GenCostsPerMWh,2030.0,Variable Cost: $m,3.5638947243959045
DRC,DRC,GenCostsPerMWh,2032.0,Fixed O&M: $m,8.470193599485292
DRC,DRC,GenCostsPerMWh,2032.0,Investment costs: $m,8.25995158940696
DRC,DRC,GenCostsPerMWh,2032.0,Variable Cost: $m,6.383911112740655
DRC,DRC,GenCostsPerMWh,2035.0,Fixed O&M: $m,9.142818100311665
DRC,DRC,GenCostsPerMWh,2035.0,Investment costs: $m,9.048045967048305
DRC,DRC,GenCostsPerMWh,2035.0,Variable Cost: $m,0.511344822077843
DRC,DRC,GenCostsPerMWh,2038.0,Fixed O&M: $m,9.3358660339901
DRC,DRC,GenCostsPerMWh,2038.0,Investment costs: $m,13.01212211957728
DRC,DRC,GenCostsPerMWh,2038.0,Variable Cost: $m,0.6505494133358859
DRC,DRC,GenCostsPerMWh,2040.0,Fixed O&M: $m,9.486842247949555
DRC,DRC,GenCostsPerMWh,2040.0,Investment costs: $m,13.573254281748165
DRC,DRC,GenCostsPerMWh,2040.0,Variable Cost: $m,1.0531502899226404
DRC,DRC,GenCostsPerMWh,2042.0,Fixed O&M: $m,9.703765759794525
DRC,DRC,GenCostsPerMWh,2042.0,Investment costs: $m,14.18552286714138
DRC,DRC,GenCostsPerMWh,2042.0,Variable Cost: $m,1.272016060084998
DRC,DRC,GenCostsPerMWh,2045.0,Fixed O&M: $m,11.531359170546546
DRC,DRC,GenCostsPerMWh,2045.0,Investment costs: $m,19.665792049958466
DRC,DRC,GenCostsPerMWh,2045.0,Variable Cost: $m,1.3674104739239994
DRC,DRC,GenCostsPerMWh,2048.0,Fixed O&M: $m,13.4546149255829
DRC,DRC,GenCostsPerMWh,2048.0,Investment costs: $m,26.18774747747848
DRC,DRC,GenCostsPerMWh,2048.0,Variable Cost: $m,2.3323214900124825
DRC,DRC,GenCostsPerMWh,2050.0,Fixed O&M: $m,13.269863317280558
DRC,DRC,GenCostsPerMWh,2050.0,Investment costs: $m,25.916857197588584
DRC,DRC,GenCostsPerMWh,2050.0,Variable Cost: $m,2.402694328226121
DRC,DRC,NetPresentCostPerMWh,,Carbon costs: $m,0.6202126937028104
DRC,DRC,NetPresentCostPerMWh,,Excess generation: $m,0.0
DRC,DRC,NetPresentCostPerMWh,,Export revenues with external zones: $m,0.0
DRC,DRC,NetPresentCostPerMWh,,Export revenues with internal zones: $m,-207.2711234755465
DRC,DRC,NetPresentCostPerMWh,,Fixed O&M: $m,10.951932375152984
DRC,DRC,NetPresentCostPerMWh,,Fuel costs: $m,1.778022850928177
DRC,DRC,NetPresentCostPerMWh,,Generation costs: $m,0.0
DRC,DRC,NetPresentCostPerMWh,,Import costs with external zones: $m,0.0
DRC,DRC,NetPresentCostPerMWh,,Import costs with internal zones: $m,8.994821665144356
DRC,DRC,NetPresentCostPerMWh,,NPV of system cost: $m,0.0
DRC,DRC,NetPresentCostPerMWh,,Spinning reserve costs: $m,0.0
DRC,DRC,NetPresentCostPerMWh,,Startup costs: $m,0.0
DRC,DRC,NetPresentCostPerMWh,,Trade shared benefits: $m,-194.7136342157285
DRC,DRC,NetPresentCostPerMWh,,Transmission costs: $m,0.5113472675979678
DRC,DRC,NetPresentCostPerMWh,,Unmet country CO2 backstop cost: $m,0.0
DRC,DRC,NetPresentCostPerMWh,,Unmet country planning reserve costs: $m,1.04502540059732
DRC,DRC,NetPresentCostPerMWh,,Unmet country spinning reserve costs: $m,0.0
DRC,DRC,NetPresentCostPerMWh,,Unmet demand costs: $m,0.0
DRC,DRC,NetPresentCostPerMWh,,Unmet system CO2 backstop cost: $m,0.0
DRC,DRC,NetPresentCostPerMWh,,Unmet system planning reserve costs: $m,0.0
DRC,DRC,NetPresentCostPerMWh,,Unmet system spinning reserve costs: $m,0.0020446679825766
DRC,DRC,NetPresentCostPerMWh,,VRE curtailment: $m,0.0
DRC,DRC,NetPresentCostPerMWh,,Variable O&M: $m,0.7675746625577272
DRC,DRC_South,Costs,2025.0,Carbon costs: $m,0.0
DRC,DRC_South,Costs,2025.0,Excess generation: $m,0.0
DRC,DRC_South,Costs,2025.0,Export revenues with external zones: $m,0.0
DRC,DRC_South,Costs,2025.0,Export revenues with internal zones: $m,0.0
DRC,DRC_South,Costs,2025.0,Fixed O&M: $m,32.615625
DRC,DRC_South,Costs,2025.0,Fuel costs: $m,0.0
DRC,DRC_South,Costs,2025.0,Generation costs: $m,0.0
DRC,DRC_South,Costs,2025.0,Import costs with external zones: $m,0.0
DRC,DRC_South,Costs,2025.0,Import costs with internal zones: $m,16122.82701249999
DRC,DRC_South,Costs,2025.0,NPV of system cost: $m,0.0
DRC,DRC_South,Costs,2025.0,Spinning reserve costs: $m,0.0
DRC,DRC_South,Costs,2025.0,Startup costs: $m,0.0
DRC,DRC_South,Costs,2025.0,Trade shared benefits: $m,-4219.724756189004
DRC,DRC_South,Costs,2025.0,Transmission costs: $m,0.0
DRC,DRC_South,Costs,2025.0,Unmet country CO2 backstop cost: $m,0.0
DRC,DRC_South,Costs,2025.0,Unmet country planning reserve costs: $m,32.545586956108764
DRC,DRC_South,Costs,2025.0,Unmet country spinning reserve costs: $m,0.0
DRC,DRC_South,Costs,2025.0,Unmet demand costs: $m,6456.651717999945
DRC,DRC_South,Costs,2025.0,Unmet system CO2 backstop cost: $m,0.0
DRC,DRC_South,Costs,2025.0,Unmet system planning reserve costs: $m,0.0
DRC,DRC_South,Costs,2025.0,Unmet system spinning reserve costs: $m,0.0
DRC,DRC_South,Costs,2025.0,VRE curtailment: $m,0.0
DRC,DRC_South,Costs,2025.0,Variable O&M: $m,1.6510020120000004
DRC,DRC_South,Costs,2027.0,Carbon costs: $m,0.0
DRC,DRC_South,Costs,2027.0,Excess generation: $m,0.0
DRC,DRC_South,Costs,2027.0,Export revenues with external zones: $m,0.0
DRC,DRC_South,Costs,2027.0,Export revenues with internal zones: $m,0.0
DRC,DRC_South,Costs,2027.0,Fixed O&M: $m,39.447225
DRC,DRC_South,Costs,2027.0,Fuel costs: $m,0.0
DRC,DRC_South,Costs,2027.0,Generation costs: $m,0.0
DRC,DRC_South,Costs,2027.0,Import costs with external zones: $m,0.0
DRC,DRC_South,Costs,2027.0,Import costs with internal zones: $m,15182.423452500036
DRC,DRC_South,Costs,2027.0,NPV of system cost: $m,0.0
DRC,DRC_South,Costs,2027.0,Spinning reserve costs: $m,0.0
DRC,DRC_South,Costs,2027.0,Startup costs: $m,0.0
DRC,DRC_South,Costs,2027.0,Trade shared benefits: $m,-4197.337455583004
DRC,DRC_South,Costs,2027.0,Transmission costs: $m,0.0
DRC,DRC_South,Costs,2027.0,Unmet country CO2 backstop cost: $m,0.0
DRC,DRC_South,Costs,2027.0,Unmet country planning reserve costs: $m,39.55837466404253
DRC,DRC_South,Costs,2027.0,Unmet country spinning reserve costs: $m,0.0
DRC,DRC_South,Costs,2027.0,Unmet demand costs: $m,9368.426335599988
DRC,DRC_South,Costs,2027.0,Unmet system CO2 backstop cost: $m,0.0
DRC,DRC_South,Costs,2027.0,Unmet system planning reserve costs: $m,0.0
DRC,DRC_South,Costs,2027.0,Unmet system spinning reserve costs: $m,0.0
DRC,DRC_South,Costs,2027.0,VRE curtailment: $m,0.0
DRC,DRC_South,Costs,2027.0,Variable O&M: $m,1.6510020120000004
DRC,DRC_South,Costs,2030.0,Carbon costs: $m,0.0
DRC,DRC_South,Costs,2030.0,Excess generation: $m,0.0
DRC,DRC_South,Costs,2030.0,Export revenues with external zones: $m,0.0
DRC,DRC_South,Costs,2030.0,Export revenues with internal zones: $m,-14.606784718417051
DRC,DRC_South,Costs,2030.0,Fixed O&M: $m,51.569625
DRC,DRC_South,Costs,2030.0,Fuel costs: $m,0.0
DRC,DRC_South,Costs,2030.0,Generation costs: $m,0.0
DRC,DRC_South,Costs,2030.0,Import costs with external zones: $m,0.0
DRC,DRC_South,Costs,2030.0,Import costs with internal zones: $m,7356.793466793036
DRC,DRC_South,Costs,2030.0,NPV of system cost: $m,0.0
DRC,DRC_South,Costs,2030.0,Spinning reserve costs: $m,0.0
DRC,DRC_South,Costs,2030.0,Startup costs: $m,0.0
DRC,DRC_South,Costs,2030.0,Trade shared benefits: $m,-3252.323161247629
DRC,DRC_South,Costs,2030.0,Transmission costs: $m,7.734465189575214
DRC,DRC_South,Costs,2030.0,Unmet country CO2 backstop cost: $m,0.0
DRC,DRC_South,Costs,2030.0,Unmet country planning reserve costs: $m,15.590036279097758
DRC,DRC_South,Costs,2030.0,Unmet country spinning reserve costs: $m,0.0
DRC,DRC_South,Costs,2030.0,Unmet demand costs: $m,169.38968328016313
DRC,DRC_South,Costs,2030.0,Unmet system CO2 backstop cost: $m,0.0
DRC,DRC_South,Costs,2030.0,Unmet system planning reserve costs: $m,0.0
DRC,DRC_South,Costs,2030.0,Unmet system spinning reserve costs: $m,0.0
DRC,DRC_South,Costs,2030.0,VRE curtailment: $m,0.0
DRC,DRC_South,Costs,2030.0,Variable O&M: $m,1.6510020120000004
DRC,DRC_South,Costs,2032.0,Carbon costs: $m,0.0
DRC,DRC_South,Costs,2032.0,Excess generation: $m,0.0
DRC,DRC_South,Costs,2032.0,Export revenues with external zones: $m,0.0
DRC,DRC_South,Costs,2032.0,Export revenues with internal zones: $m,-17.504707188361042
DRC,DRC_South,Costs,2032.0,Fixed O&M: $m,58.401225
DRC,DRC_South,Costs,2032.0,Fuel costs: $m,0.0
DRC,DRC_South,Costs,2032.0,Generation costs: $m,0.0
DRC,DRC_South,Costs,2032.0,Import costs with external zones: $m,0.0
DRC,DRC_South,Costs,2032.0,Import costs with internal zones: $m,11106.75385591186
DRC,DRC_South,Costs,2032.0,NPV of system cost: $m,0.0
DRC,DRC_South,Costs,2032.0,Spinning reserve costs: $m,0.0
DRC,DRC_South,Costs,2032.0,Startup costs: $m,0.0
DRC,DRC_South,Costs,2032.0,Trade shared benefits: $m,-4947.506656845087
DRC,DRC_South,Costs,2032.0,Transmission costs: $m,7.734465189575214
DRC,DRC_South,Costs,2032.0,Unmet country CO2 backstop cost: $m,0.0
DRC,DRC_South,Costs,2032.0,Unmet country planning reserve costs: $m,17.54300843367307
DRC,DRC_South,Costs,2032.0,Unmet country spinning reserve costs: $m,0.0
DRC,DRC_South,Costs,2032.0,Unmet demand costs: $m,896.949617750154
DRC,DRC_South,Costs,2032.0,Unmet system CO2 backstop cost: $m,0.0
DRC,DRC_South,Costs,2032.0,Unmet system planning reserve costs: $m,0.0
DRC,DRC_South,Costs,2032.0,Unmet system spinning reserve costs: $m,0.0
DRC,DRC_South,Costs,2032.0,VRE curtailment: $m,0.0
DRC,DRC_South,Costs,2032.0,Variable O&M: $m,1.6510020120000004
DRC,DRC_South,Costs,2035.0,Carbon costs: $m,0.0
DRC,DRC_South,Costs,2035.0,Excess generation: $m,0.0
DRC,DRC_South,Costs,2035.0,Export revenues with external zones: $m,0.0
DRC,DRC_South,Costs,2035.0,Export revenues with internal zones: $m,-0.7865476928934559
DRC,DRC_South,Costs,2035.0,Fixed O&M: $m,72.023625
DRC,DRC_South,Costs,2035.0,Fuel costs: $m,0.0
DRC,DRC_South,Costs,2035.0,Generation costs: $m,0.0
DRC,DRC_South,Costs,2035.0,Import costs with external zones: $m,0.0
DRC,DRC_South,Costs,2035.0,Import costs with internal zones: $m,14279.559879421227
DRC,DRC_South,Costs,2035.0,NPV of system cost: $m,0.0
DRC,DRC_South,Costs,2035.0,Spinning reserve costs: $m,0.0
DRC,DRC_South,Costs,2035.0,Startup costs: $m,0.0
DRC,DRC_South,Costs,2035.0,Trade shared benefits: $m,-6838.522046281852
DRC,DRC_South,Costs,2035.0,Transmission costs: $m,7.734465189575214
DRC,DRC_South,Costs,2035.0,Unmet country CO2 backstop cost: $m,0.0
DRC,DRC_South,Costs,2035.0,Unmet country planning reserve costs: $m,0.0
DRC,DRC_South,Costs,2035.0,Unmet country spinning reserve costs: $m,0.0
DRC,DRC_South,Costs,2035.0,Unmet demand costs: $m,2159.144232837449
DRC,DRC_South,Costs,2035.0,Unmet system CO2 backstop cost: $m,0.0
DRC,DRC_South,Costs,2035.0,Unmet system planning reserve costs: $m,0.0
DRC,DRC_South,Costs,2035.0,Unmet system spinning reserve costs: $m,0.0
DRC,DRC_South,Costs,2035.0,VRE curtailment: $m,0.0
DRC,DRC_South,Costs,2035.0,Variable O&M: $m,1.6510020120000004
DRC,DRC_South,Costs,2038.0,Carbon costs: $m,0.0
DRC,DRC_South,Costs,2038.0,Excess generation: $m,0.0
DRC,DRC_South,Costs,2038.0,Export revenues with external zones: $m,0.0
DRC,DRC_South,Costs,2038.0,Export revenues with internal zones: $m,0.0
DRC,DRC_South,Costs,2038.0,Fixed O&M: $m,85.646025
DRC,DRC_South,Costs,2038.0,Fuel costs: $m,0.0
DRC,DRC_South,Costs,2038.0,Generation costs: $m,0.0
DRC,DRC_South,Costs,2038.0,Import costs with external zones: $m,0.0
DRC,DRC_South,Costs,2038.0,Import costs with internal zones: $m,19565.29320694402
DRC,DRC_South,Costs,2038.0,NPV of system cost: $m,0.0
DRC,DRC_South,Costs,2038.0,Spinning reserve costs: $m,0.0
DRC,DRC_South,Costs,2038.0,Startup costs: $m,0.0
DRC,DRC_South,Costs,2038.0,Trade shared benefits: $m,-9489.65776635882
DRC,DRC_South,Costs,2038.0,Transmission costs: $m,7.734465189575214
DRC,DRC_South,Costs,2038.0,Unmet country CO2 backstop cost: $m,0.0
DRC,DRC_South,Costs,2038.0,Unmet country planning reserve costs: $m,0.0
DRC,DRC_South,Costs,2038.0,Unmet country spinning reserve costs: $m,0.0
DRC,DRC_South,Costs,2038.0,Unmet demand costs: $m,4278.60393900739
DRC,DRC_South,Costs,2038.0,Unmet system CO2 backstop cost: $m,0.0
DRC,DRC_South,Costs,2038.0,Unmet system planning reserve costs: $m,0.0
DRC,DRC_South,Costs,2038.0,Unmet system spinning reserve costs: $m,0.0103163734165648
DRC,DRC_South,Costs,2038.0,VRE curtailment: $m,0.0
DRC,DRC_South,Costs,2038.0,Variable O&M: $m,1.6510020120000004
DRC,DRC_South,Costs,2040.0,Carbon costs: $m,0.0
DRC,DRC_South,Costs,2040.0,Excess generation: $m,0.0
DRC,DRC_South,Costs,2040.0,Export revenues with external zones: $m,0.0
DRC,DRC_South,Costs,2040.0,Export revenues with internal zones: $m,-0.7324785665757453
DRC,DRC_South,Costs,2040.0,Fixed O&M: $m,94.727625
DRC,DRC_South,Costs,2040.0,Fuel costs: $m,0.0
DRC,DRC_South,Costs,2040.0,Generation costs: $m,0.0
DRC,DRC_South,Costs,2040.0,Import costs with external zones: $m,0.0
DRC,DRC_South,Costs,2040.0,Import costs with internal zones: $m,24357.86426332578
DRC,DRC_South,Costs,2040.0,NPV of system cost: $m,0.0
DRC,DRC_South,Costs,2040.0,Spinning reserve costs: $m,0.0
DRC,DRC_South,Costs,2040.0,Startup costs: $m,0.0
DRC,DRC_South,Costs,2040.0,Trade shared benefits: $m,-11896.067516977882
DRC,DRC_South,Costs,2040.0,Transmission costs: $m,7.734465189575214
DRC,DRC_South,Costs,2040.0,Unmet country CO2 backstop cost: $m,0.0
DRC,DRC_South,Costs,2040.0,Unmet country planning reserve costs: $m,0.0
DRC,DRC_South,Costs,2040.0,Unmet country spinning reserve costs: $m,0.0
DRC,DRC_South,Costs,2040.0,Unmet demand costs: $m,6259.73415074893
DRC,DRC_South,Costs,2040.0,Unmet system CO2 backstop cost: $m,0.0
DRC,DRC_South,Costs,2040.0,Unmet system planning reserve costs: $m,0.0
DRC,DRC_South,Costs,2040.0,Unmet system spinning reserve costs: $m,0.2481310723836453
DRC,DRC_South,Costs,2040.0,VRE curtailment: $m,0.0
DRC,DRC_South,Costs,2040.0,Variable O&M: $m,1.6510020120000004
DRC,DRC_South,Costs,2042.0,Carbon costs: $m,0.0
DRC,DRC_South,Costs,2042.0,Excess generation: $m,0.0
DRC,DRC_South,Costs,2042.0,Export revenues with external zones: $m,0.0
DRC,DRC_South,Costs,2042.0,Export revenues with internal zones: $m,-0.4059389373860956
DRC,DRC_South,Costs,2042.0,Fixed O&M: $m,103.809225
DRC,DRC_South,Costs,2042.0,Fuel costs: $m,0.0
DRC,DRC_South,Costs,2042.0,Generation costs: $m,0.0
DRC,DRC_South,Costs,2042.0,Import costs with external zones: $m,0.0
DRC,DRC_South,Costs,2042.0,Import costs with internal zones: $m,25012.663474744582
DRC,DRC_South,Costs,2042.0,NPV of system cost: $m,0.0
DRC,DRC_South,Costs,2042.0,Spinning reserve costs: $m,0.0
DRC,DRC_South,Costs,2042.0,Startup costs: $m,0.0
DRC,DRC_South,Costs,2042.0,Trade shared benefits: $m,-12151.054338246204
DRC,DRC_South,Costs,2042.0,Transmission costs: $m,7.734465189575214
DRC,DRC_South,Costs,2042.0,Unmet country CO2 backstop cost: $m,0.0
DRC,DRC_South,Costs,2042.0,Unmet country planning reserve costs: $m,7.360584772030777
DRC,DRC_South,Costs,2042.0,Unmet country spinning reserve costs: $m,0.0
DRC,DRC_South,Costs,2042.0,Unmet demand costs: $m,8636.43411649406
DRC,DRC_South,Costs,2042.0,Unmet system CO2 backstop cost: $m,0.0
DRC,DRC_South,Costs,2042.0,Unmet system planning reserve costs: $m,0.0
DRC,DRC_South,Costs,2042.0,Unmet system spinning reserve costs: $m,0.4749776333161637
DRC,DRC_South,Costs,2042.0,VRE curtailment: $m,0.0
DRC,DRC_South,Costs,2042.0,Variable O&M: $m,1.6510020120000004
DRC,DRC_South,Costs,2045.0,Carbon costs: $m,0.0
DRC,DRC_South,Costs,2045.0,Excess generation: $m,0.0
DRC,DRC_South,Costs,2045.0,Export revenues with external zones: $m,0.0
DRC,DRC_South,Costs,2045.0,Export revenues with internal zones: $m,0.0
DRC,DRC_South,Costs,2045.0,Fixed O&M: $m,117.431625
DRC,DRC_South,Costs,2045.0,Fuel costs: $m,0.0
DRC,DRC_South,Costs,2045.0,Generation costs: $m,0.0
DRC,DRC_South,Costs,2045.0,Import costs with external zones: $m,0.0
DRC,DRC_South,Costs,2045.0,Import costs with internal zones: $m,32114.751237138007
DRC,DRC_South,Costs,2045.0,NPV of system cost: $m,0.0
DRC,DRC_South,Costs,2045.0,Spinning reserve costs: $m,0.0
DRC,DRC_South,Costs,2045.0,Startup costs: $m,0.0
DRC,DRC_South,Costs,2045.0,Trade shared benefits: $m,-15676.662642809457
DRC,DRC_South,Costs,2045.0,Transmission costs: $m,7.734465189575214
DRC,DRC_South,Costs,2045.0,Unmet country CO2 backstop cost: $m,0.0
DRC,DRC_South,Costs,2045.0,Unmet country planning reserve costs: $m,14.52630570366309
DRC,DRC_South,Costs,2045.0,Unmet country spinning reserve costs: $m,0.0
DRC,DRC_South,Costs,2045.0,Unmet demand costs: $m,13184.161144008682
DRC,DRC_South,Costs,2045.0,Unmet system CO2 backstop cost: $m,0.0
DRC,DRC_South,Costs,2045.0,Unmet system planning reserve costs: $m,0.0
DRC,DRC_South,Costs,2045.0,Unmet system spinning reserve costs: $m,0.0
DRC,DRC_South,Costs,2045.0,VRE curtailment: $m,0.0
DRC,DRC_South,Costs,2045.0,Variable O&M: $m,1.6510020120000004
DRC,DRC_South,Costs,2048.0,Carbon costs: $m,0.0
DRC,DRC_South,Costs,2048.0,Excess generation: $m,0.0
DRC,DRC_South,Costs,2048.0,Export revenues with external zones: $m,0.0
DRC,DRC_South,Costs,2048.0,Export revenues with internal zones: $m,0.0
DRC,DRC_South,Costs,2048.0,Fixed O&M: $m,131.054025
DRC,DRC_South,Costs,2048.0,Fuel costs: $m,0.0
DRC,DRC_South,Costs,2048.0,Generation costs: $m,0.0
DRC,DRC_South,Costs,2048.0,Import costs with external zones: $m,0.0
DRC,DRC_South,Costs,2048.0,Import costs with internal zones: $m,34287.217177367
DRC,DRC_South,Costs,2048.0,NPV of system cost: $m,0.0
DRC,DRC_South,Costs,2048.0,Spinning reserve costs: $m,0.0
DRC,DRC_South,Costs,2048.0,Startup costs: $m,0.0
DRC,DRC_South,Costs,2048.0,Trade shared benefits: $m,-16740.320920800914
DRC,DRC_South,Costs,2048.0,Transmission costs: $m,7.734465189575214
DRC,DRC_South,Costs,2048.0,Unmet country CO2 backstop cost: $m,0.0
DRC,DRC_South,Costs,2048.0,Unmet country planning reserve costs: $m,19.333115950707896
DRC,DRC_South,Costs,2048.0,Unmet country spinning reserve costs: $m,0.0
DRC,DRC_South,Costs,2048.0,Unmet demand costs: $m,18842.719761190096
DRC,DRC_South,Costs,2048.0,Unmet system CO2 backstop cost: $m,0.0
DRC,DRC_South,Costs,2048.0,Unmet system planning reserve costs: $m,0.0
DRC,DRC_South,Costs,2048.0,Unmet system spinning reserve costs: $m,0.0
DRC,DRC_South,Costs,2048.0,VRE curtailment: $m,0.0
DRC,DRC_South,Costs,2048.0,Variable O&M: $m,1.6510020120000004
DRC,DRC_South,Costs,2050.0,Carbon costs: $m,0.0
DRC,DRC_South,Costs,2050.0,Excess generation: $m,0.0
DRC,DRC_South,Costs,2050.0,Export revenues with external zones: $m,0.0
DRC,DRC_South,Costs,2050.0,Export revenues with internal zones: $m,0.0
DRC,DRC_South,Costs,2050.0,Fixed O&M: $m,140.135625
DRC,DRC_South,Costs,2050.0,Fuel costs: $m,0.0
DRC,DRC_South,Costs,2050.0,Generation costs: $m,0.0
DRC,DRC_South,Costs,2050.0,Import costs with external zones: $m,0.0
DRC,DRC_South,Costs,2050.0,Import costs with internal zones: $m,34297.368300293216
DRC,DRC_South,Costs,2050.0,NPV of system cost: $m,0.0
DRC,DRC_South,Costs,2050.0,Spinning reserve costs: $m,0.0
DRC,DRC_South,Costs,2050.0,Startup costs: $m,0.0
DRC,DRC_South,Costs,2050.0,Trade shared benefits: $m,-16746.6108281269
DRC,DRC_South,Costs,2050.0,Transmission costs: $m,7.734465189575214
DRC,DRC_South,Costs,2050.0,Unmet country CO2 backstop cost: $m,0.0
DRC,DRC_South,Costs,2050.0,Unmet country planning reserve costs: $m,38.06190031860437
DRC,DRC_South,Costs,2050.0,Unmet country spinning reserve costs: $m,0.0
DRC,DRC_South,Costs,2050.0,Unmet demand costs: $m,23133.92255186159
DRC,DRC_South,Costs,2050.0,Unmet system CO2 backstop cost: $m,0.0
DRC,DRC_South,Costs,2050.0,Unmet system planning reserve costs: $m,0.0
DRC,DRC_South,Costs,2050.0,Unmet system spinning reserve costs: $m,0.0
DRC,DRC_South,Costs,2050.0,VRE curtailment: $m,0.0
DRC,DRC_South,Costs,2050.0,Variable O&M: $m,1.6510020120000004
DRC,DRC_South,DiscountedWeightedCostsCumulated,2025.0,Carbon costs: $m,-24000.24785570747
DRC,DRC_South,DiscountedWeightedCostsCumulated,2025.0,Excess generation: $m,-24000.24785570747
DRC,DRC_South,DiscountedWeightedCostsCumulated,2025.0,Export revenues with external zones: $m,-24000.24785570747
DRC,DRC_South,DiscountedWeightedCostsCumulated,2025.0,Export revenues with internal zones: $m,-24000.24785570747
DRC,DRC_South,DiscountedWeightedCostsCumulated,2025.0,Fixed O&M: $m,-24020.39688769852
DRC,DRC_South,DiscountedWeightedCostsCumulated,2025.0,Fuel costs: $m,-23355.34654451724
DRC,DRC_South,DiscountedWeightedCostsCumulated,2025.0,Generation costs: $m,-23355.34654451724
DRC,DRC_South,DiscountedWeightedCostsCumulated,2025.0,Import costs with external zones: $m,-23355.34654451724
DRC,DRC_South,DiscountedWeightedCostsCumulated,2025.0,Import costs with internal zones: $m,-7232.51953201725
DRC,DRC_South,DiscountedWeightedCostsCumulated,2025.0,NPV of system cost: $m,147844.95036345455
DRC,DRC_South,DiscountedWeightedCostsCumulated,2025.0,Spinning reserve costs: $m,147844.95036345455
DRC,DRC_South,DiscountedWeightedCostsCumulated,2025.0,Startup costs: $m,147844.95036345455
DRC,DRC_South,DiscountedWeightedCostsCumulated,2025.0,Trade shared benefits: $m,143625.22560726554
DRC,DRC_South,DiscountedWeightedCostsCumulated,2025.0,Transmission costs: $m,75289.55087189437
DRC,DRC_South,DiscountedWeightedCostsCumulated,2025.0,Unmet country CO2 backstop cost: $m,75348.9585540618
DRC,DRC_South,DiscountedWeightedCostsCumulated,2025.0,Unmet country planning reserve costs: $m,75381.50414101791
DRC,DRC_South,DiscountedWeightedCostsCumulated,2025.0,Unmet country spinning reserve costs: $m,75532.61570106405
DRC,DRC_South,DiscountedWeightedCostsCumulated,2025.0,Unmet demand costs: $m,81989.267419064
DRC,DRC_South,DiscountedWeightedCostsCumulated,2025.0,Unmet system CO2 backstop cost: $m,133389.27533518177
DRC,DRC_South,DiscountedWeightedCostsCumulated,2025.0,Unmet system planning reserve costs: $m,133389.27533518177
DRC,DRC_South,DiscountedWeightedCostsCumulated,2025.0,Unmet system spinning reserve costs: $m,133389.27533518177
DRC,DRC_South,DiscountedWeightedCostsCumulated,2025.0,VRE curtailment: $m,133389.62309712285
DRC,DRC_South,DiscountedWeightedCostsCumulated,2025.0,Variable O&M: $m,133391.27409913484
DRC,DRC_South,DiscountedWeightedCostsCumulated,2027.0,Carbon costs: $m,-24000.24785570747
DRC,DRC_South,DiscountedWeightedCostsCumulated,2027.0,Excess generation: $m,-24000.24785570747
DRC,DRC_South,DiscountedWeightedCostsCumulated,2027.0,Export revenues with external zones: $m,-24000.24785570747
DRC,DRC_South,DiscountedWeightedCostsCumulated,2027.0,Export revenues with internal zones: $m,-24000.24785570747
DRC,DRC_South,DiscountedWeightedCostsCumulated,2027.0,Fixed O&M: $m,-23948.674660425782
DRC,DRC_South,DiscountedWeightedCostsCumulated,2027.0,Fuel costs: $m,-23355.34654451724
DRC,DRC_South,DiscountedWeightedCostsCumulated,2027.0,Generation costs: $m,-23355.34654451724
DRC,DRC_South,DiscountedWeightedCostsCumulated,2027.0,Import costs with external zones: $m,-23355.34654451724
DRC,DRC_South,DiscountedWeightedCostsCumulated,2027.0,Import costs with internal zones: $m,20371.886745255542
DRC,DRC_South,DiscountedWeightedCostsCumulated,2027.0,NPV of system cost: $m,147844.95036345455
DRC,DRC_South,DiscountedWeightedCostsCumulated,2027.0,Spinning reserve costs: $m,147844.95036345455
DRC,DRC_South,DiscountedWeightedCostsCumulated,2027.0,Startup costs: $m,147844.95036345455
DRC,DRC_South,DiscountedWeightedCostsCumulated,2027.0,Trade shared benefits: $m,135993.702960751
DRC,DRC_South,DiscountedWeightedCostsCumulated,2027.0,Transmission costs: $m,75289.55087189437
DRC,DRC_South,DiscountedWeightedCostsCumulated,2027.0,Unmet country CO2 backstop cost: $m,75348.9585540618
DRC,DRC_South,DiscountedWeightedCostsCumulated,2027.0,Unmet country planning reserve costs: $m,75453.4284585889
DRC,DRC_South,DiscountedWeightedCostsCumulated,2027.0,Unmet country spinning reserve costs: $m,75532.61570106405
DRC,DRC_South,DiscountedWeightedCostsCumulated,2027.0,Unmet demand costs: $m,99022.7698474276
DRC,DRC_South,DiscountedWeightedCostsCumulated,2027.0,Unmet system CO2 backstop cost: $m,133389.27533518177
DRC,DRC_South,DiscountedWeightedCostsCumulated,2027.0,Unmet system planning reserve costs: $m,133389.27533518177
DRC,DRC_South,DiscountedWeightedCostsCumulated,2027.0,Unmet system spinning reserve costs: $m,133389.27533518177
DRC,DRC_South,DiscountedWeightedCostsCumulated,2027.0,VRE curtailment: $m,133389.62309712285
DRC,DRC_South,DiscountedWeightedCostsCumulated,2027.0,Variable O&M: $m,133394.27592097485
DRC,DRC_South,DiscountedWeightedCostsCumulated,2030.0,Carbon costs: $m,-24000.24785570747
DRC,DRC_South,DiscountedWeightedCostsCumulated,2030.0,Excess generation: $m,-24000.24785570747
DRC,DRC_South,DiscountedWeightedCostsCumulated,2030.0,Export revenues with external zones: $m,-24000.24785570747
DRC,DRC_South,DiscountedWeightedCostsCumulated,2030.0,Export revenues with internal zones: $m,-24031.63859074468
DRC,DRC_South,DiscountedWeightedCostsCumulated,2030.0,Fixed O&M: $m,-23837.848871893275
DRC,DRC_South,DiscountedWeightedCostsCumulated,2030.0,Fuel costs: $m,-23355.34654451724
DRC,DRC_South,DiscountedWeightedCostsCumulated,2030.0,Generation costs: $m,-23355.34654451724
DRC,DRC_South,DiscountedWeightedCostsCumulated,2030.0,Import costs with external zones: $m,-23355.34654451724
DRC,DRC_South,DiscountedWeightedCostsCumulated,2030.0,Import costs with internal zones: $m,36182.01600309223
DRC,DRC_South,DiscountedWeightedCostsCumulated,2030.0,NPV of system cost: $m,147844.95036345455
DRC,DRC_South,DiscountedWeightedCostsCumulated,2030.0,Spinning reserve costs: $m,147844.95036345455
DRC,DRC_South,DiscountedWeightedCostsCumulated,2030.0,Startup costs: $m,147844.95036345455
DRC,DRC_South,DiscountedWeightedCostsCumulated,2030.0,Trade shared benefits: $m,129004.29245199088
DRC,DRC_South,DiscountedWeightedCostsCumulated,2030.0,Transmission costs: $m,75306.17263719733
DRC,DRC_South,DiscountedWeightedCostsCumulated,2030.0,Unmet country CO2 backstop cost: $m,75348.9585540618
DRC,DRC_South,DiscountedWeightedCostsCumulated,2030.0,Unmet country planning reserve costs: $m,75486.93225203089
DRC,DRC_South,DiscountedWeightedCostsCumulated,2030.0,Unmet country spinning reserve costs: $m,75532.61570106405
DRC,DRC_South,DiscountedWeightedCostsCumulated,2030.0,Unmet demand costs: $m,99386.79702852106
DRC,DRC_South,DiscountedWeightedCostsCumulated,2030.0,Unmet system CO2 backstop cost: $m,133389.27533518177
DRC,DRC_South,DiscountedWeightedCostsCumulated,2030.0,Unmet system planning reserve costs: $m,133389.27533518177
DRC,DRC_South,DiscountedWeightedCostsCumulated,2030.0,Unmet system spinning reserve costs: $m,133389.27533518177
DRC,DRC_South,DiscountedWeightedCostsCumulated,2030.0,VRE curtailment: $m,133389.62309712285
DRC,DRC_South,DiscountedWeightedCostsCumulated,2030.0,Variable O&M: $m,133397.82400959966
DRC,DRC_South,DiscountedWeightedCostsCumulated,2032.0,Carbon costs: $m,-24000.24785570747
DRC,DRC_South,DiscountedWeightedCostsCumulated,2032.0,Excess generation: $m,-24000.24785570747
DRC,DRC_South,DiscountedWeightedCostsCumulated,2032.0,Export revenues with external zones: $m,-24000.24785570747
DRC,DRC_South,DiscountedWeightedCostsCumulated,2032.0,Export revenues with internal zones: $m,-24051.400492466782
DRC,DRC_South,DiscountedWeightedCostsCumulated,2032.0,Fixed O&M: $m,-23771.916933901863
DRC,DRC_South,DiscountedWeightedCostsCumulated,2032.0,Fuel costs: $m,-23355.34654451724
DRC,DRC_South,DiscountedWeightedCostsCumulated,2032.0,Generation costs: $m,-23355.34654451724
DRC,DRC_South,DiscountedWeightedCostsCumulated,2032.0,Import costs with external zones: $m,-23355.34654451724
DRC,DRC_South,DiscountedWeightedCostsCumulated,2032.0,Import costs with internal zones: $m,48720.96200146525
DRC,DRC_South,DiscountedWeightedCostsCumulated,2032.0,NPV of system cost: $m,147844.95036345455
DRC,DRC_South,DiscountedWeightedCostsCumulated,2032.0,Spinning reserve costs: $m,147844.95036345455
DRC,DRC_South,DiscountedWeightedCostsCumulated,2032.0,Startup costs: $m,147844.95036345455
DRC,DRC_South,DiscountedWeightedCostsCumulated,2032.0,Trade shared benefits: $m,123418.81539887772
DRC,DRC_South,DiscountedWeightedCostsCumulated,2032.0,Transmission costs: $m,75314.90444512219
DRC,DRC_South,DiscountedWeightedCostsCumulated,2032.0,Unmet country CO2 backstop cost: $m,75348.9585540618
DRC,DRC_South,DiscountedWeightedCostsCumulated,2032.0,Unmet country planning reserve costs: $m,75506.73739386194
DRC,DRC_South,DiscountedWeightedCostsCumulated,2032.0,Unmet country spinning reserve costs: $m,75532.61570106405
DRC,DRC_South,DiscountedWeightedCostsCumulated,2032.0,Unmet demand costs: $m,100399.40638010438
DRC,DRC_South,DiscountedWeightedCostsCumulated,2032.0,Unmet system CO2 backstop cost: $m,133389.27533518177
DRC,DRC_South,DiscountedWeightedCostsCumulated,2032.0,Unmet system planning reserve costs: $m,133389.27533518177
DRC,DRC_South,DiscountedWeightedCostsCumulated,2032.0,Unmet system spinning reserve costs: $m,133389.27533518177
DRC,DRC_South,DiscountedWeightedCostsCumulated,2032.0,VRE curtailment: $m,133389.62309712285
DRC,DRC_South,DiscountedWeightedCostsCumulated,2032.0,Variable O&M: $m,133399.68790478815
DRC,DRC_South,DiscountedWeightedCostsCumulated,2035.0,Carbon costs: $m,-24000.24785570747
DRC,DRC_South,DiscountedWeightedCostsCumulated,2035.0,Excess generation: $m,-24000.24785570747
DRC,DRC_South,DiscountedWeightedCostsCumulated,2035.0,Export revenues with external zones: $m,-24000.24785570747
DRC,DRC_South,DiscountedWeightedCostsCumulated,2035.0,Export revenues with internal zones: $m,-24052.45005541888
DRC,DRC_South,DiscountedWeightedCostsCumulated,2035.0,Fixed O&M: $m,-23675.809184609192
DRC,DRC_South,DiscountedWeightedCostsCumulated,2035.0,Fuel costs: $m,-23355.34654451724
DRC,DRC_South,DiscountedWeightedCostsCumulated,2035.0,Generation costs: $m,-23355.34654451724
DRC,DRC_South,DiscountedWeightedCostsCumulated,2035.0,Import costs with external zones: $m,-23355.34654451724
DRC,DRC_South,DiscountedWeightedCostsCumulated,2035.0,Import costs with internal zones: $m,67775.49252393114
DRC,DRC_South,DiscountedWeightedCostsCumulated,2035.0,NPV of system cost: $m,147844.95036345455
DRC,DRC_South,DiscountedWeightedCostsCumulated,2035.0,Spinning reserve costs: $m,147844.95036345455
DRC,DRC_South,DiscountedWeightedCostsCumulated,2035.0,Startup costs: $m,147844.95036345455
DRC,DRC_South,DiscountedWeightedCostsCumulated,2035.0,Trade shared benefits: $m,114293.54626175117
DRC,DRC_South,DiscountedWeightedCostsCumulated,2035.0,Transmission costs: $m,75325.22525362569
DRC,DRC_South,DiscountedWeightedCostsCumulated,2035.0,Unmet country CO2 backstop cost: $m,75348.9585540618
DRC,DRC_South,DiscountedWeightedCostsCumulated,2035.0,Unmet country planning reserve costs: $m,75506.73739386194
DRC,DRC_South,DiscountedWeightedCostsCumulated,2035.0,Unmet country spinning reserve costs: $m,75532.61570106405
DRC,DRC_South,DiscountedWeightedCostsCumulated,2035.0,Unmet demand costs: $m,103280.5511796929
DRC,DRC_South,DiscountedWeightedCostsCumulated,2035.0,Unmet system CO2 backstop cost: $m,133389.27533518177
DRC,DRC_South,DiscountedWeightedCostsCumulated,2035.0,Unmet system planning reserve costs: $m,133389.27533518177
DRC,DRC_South,DiscountedWeightedCostsCumulated,2035.0,Unmet system spinning reserve costs: $m,133389.27533518177
DRC,DRC_South,DiscountedWeightedCostsCumulated,2035.0,VRE curtailment: $m,133389.62309712285
DRC,DRC_South,DiscountedWeightedCostsCumulated,2035.0,Variable O&M: $m,133401.8909886714
DRC,DRC_South,DiscountedWeightedCostsCumulated,2038.0,Carbon costs: $m,-24000.24785570747
DRC,DRC_South,DiscountedWeightedCostsCumulated,2038.0,Excess generation: $m,-24000.24785570747
DRC,DRC_South,DiscountedWeightedCostsCumulated,2038.0,Export revenues with external zones: $m,-24000.24785570747
DRC,DRC_South,DiscountedWeightedCostsCumulated,2038.0,Export revenues with internal zones: $m,-24052.45005541888
DRC,DRC_South,DiscountedWeightedCostsCumulated,2038.0,Fixed O&M: $m,-23589.9448939054
DRC,DRC_South,DiscountedWeightedCostsCumulated,2038.0,Fuel costs: $m,-23355.34654451724
DRC,DRC_South,DiscountedWeightedCostsCumulated,2038.0,Generation costs: $m,-23355.34654451724
DRC,DRC_South,DiscountedWeightedCostsCumulated,2038.0,Import costs with external zones: $m,-23355.34654451724
DRC,DRC_South,DiscountedWeightedCostsCumulated,2038.0,Import costs with internal zones: $m,87390.64715166771
DRC,DRC_South,DiscountedWeightedCostsCumulated,2038.0,NPV of system cost: $m,147844.95036345455
DRC,DRC_South,DiscountedWeightedCostsCumulated,2038.0,Spinning reserve costs: $m,147844.95036345455
DRC,DRC_South,DiscountedWeightedCostsCumulated,2038.0,Startup costs: $m,147844.95036345455
DRC,DRC_South,DiscountedWeightedCostsCumulated,2038.0,Trade shared benefits: $m,104779.70445613156
DRC,DRC_South,DiscountedWeightedCostsCumulated,2038.0,Transmission costs: $m,75332.97942981163
DRC,DRC_South,DiscountedWeightedCostsCumulated,2038.0,Unmet country CO2 backstop cost: $m,75348.9585540618
DRC,DRC_South,DiscountedWeightedCostsCumulated,2038.0,Unmet country planning reserve costs: $m,75506.73739386194
DRC,DRC_South,DiscountedWeightedCostsCumulated,2038.0,Unmet country spinning reserve costs: $m,75532.61570106405
DRC,DRC_South,DiscountedWeightedCostsCumulated,2038.0,Unmet demand costs: $m,107570.05898143064
DRC,DRC_South,DiscountedWeightedCostsCumulated,2038.0,Unmet system CO2 backstop cost: $m,133389.27533518177
DRC,DRC_South,DiscountedWeightedCostsCumulated,2038.0,Unmet system planning reserve costs: $m,133389.27533518177
DRC,DRC_South,DiscountedWeightedCostsCumulated,2038.0,Unmet system spinning reserve costs: $m,133389.28567784608
DRC,DRC_South,DiscountedWeightedCostsCumulated,2038.0,VRE curtailment: $m,133389.62309712285
DRC,DRC_South,DiscountedWeightedCostsCumulated,2038.0,Variable O&M: $m,133403.54619820052
DRC,DRC_South,DiscountedWeightedCostsCumulated,2040.0,Carbon costs: $m,-24000.24785570747
DRC,DRC_South,DiscountedWeightedCostsCumulated,2040.0,Excess generation: $m,-24000.24785570747
DRC,DRC_South,DiscountedWeightedCostsCumulated,2040.0,Export revenues with external zones: $m,-24000.24785570747
DRC,DRC_South,DiscountedWeightedCostsCumulated,2040.0,Export revenues with internal zones: $m,-24052.835824418256
DRC,DRC_South,DiscountedWeightedCostsCumulated,2040.0,Fixed O&M: $m,-23540.055405288025
DRC,DRC_South,DiscountedWeightedCostsCumulated,2040.0,Fuel costs: $m,-23355.34654451724
DRC,DRC_South,DiscountedWeightedCostsCumulated,2040.0,Generation costs: $m,-23355.34654451724
DRC,DRC_South,DiscountedWeightedCostsCumulated,2040.0,Import costs with external zones: $m,-23355.34654451724
DRC,DRC_South,DiscountedWeightedCostsCumulated,2040.0,Import costs with internal zones: $m,100219.02104902534
DRC,DRC_South,DiscountedWeightedCostsCumulated,2040.0,NPV of system cost: $m,147844.95036345455
DRC,DRC_South,DiscountedWeightedCostsCumulated,2040.0,Spinning reserve costs: $m,147844.95036345455
DRC,DRC_South,DiscountedWeightedCostsCumulated,2040.0,Startup costs: $m,147844.95036345455
DRC,DRC_South,DiscountedWeightedCostsCumulated,2040.0,Trade shared benefits: $m,98514.49169502036
DRC,DRC_South,DiscountedWeightedCostsCumulated,2040.0,Transmission costs: $m,75337.05288265114
DRC,DRC_South,DiscountedWeightedCostsCumulated,2040.0,Unmet country CO2 backstop cost: $m,75348.9585540618
DRC,DRC_South,DiscountedWeightedCostsCumulated,2040.0,Unmet country planning reserve costs: $m,75506.73739386194
DRC,DRC_South,DiscountedWeightedCostsCumulated,2040.0,Unmet country spinning reserve costs: $m,75532.61570106405
DRC,DRC_South,DiscountedWeightedCostsCumulated,2040.0,Unmet demand costs: $m,110866.82627250928
DRC,DRC_South,DiscountedWeightedCostsCumulated,2040.0,Unmet system CO2 backstop cost: $m,133389.27533518177
DRC,DRC_South,DiscountedWeightedCostsCumulated,2040.0,Unmet system planning reserve costs: $m,133389.27533518177
DRC,DRC_South,DiscountedWeightedCostsCumulated,2040.0,Unmet system spinning reserve costs: $m,133389.41635917913
DRC,DRC_South,DiscountedWeightedCostsCumulated,2040.0,VRE curtailment: $m,133389.62309712285
DRC,DRC_South,DiscountedWeightedCostsCumulated,2040.0,Variable O&M: $m,133404.4157190619
DRC,DRC_South,DiscountedWeightedCostsCumulated,2042.0,Carbon costs: $m,-24000.24785570747
DRC,DRC_South,DiscountedWeightedCostsCumulated,2042.0,Excess generation: $m,-24000.24785570747
DRC,DRC_South,DiscountedWeightedCostsCumulated,2042.0,Export revenues with external zones: $m,-24000.24785570747
DRC,DRC_South,DiscountedWeightedCostsCumulated,2042.0,Export revenues with internal zones: $m,-24053.01251269851
DRC,DRC_South,DiscountedWeightedCostsCumulated,2042.0,Fixed O&M: $m,-23494.871581440435
DRC,DRC_South,DiscountedWeightedCostsCumulated,2042.0,Fuel costs: $m,-23355.34654451724
DRC,DRC_South,DiscountedWeightedCostsCumulated,2042.0,Generation costs: $m,-23355.34654451724
DRC,DRC_South,DiscountedWeightedCostsCumulated,2042.0,Import costs with external zones: $m,-23355.34654451724
DRC,DRC_South,DiscountedWeightedCostsCumulated,2042.0,Import costs with internal zones: $m,111105.98972066228
DRC,DRC_South,DiscountedWeightedCostsCumulated,2042.0,NPV of system cost: $m,147844.95036345455
DRC,DRC_South,DiscountedWeightedCostsCumulated,2042.0,Spinning reserve costs: $m,147844.95036345455
DRC,DRC_South,DiscountedWeightedCostsCumulated,2042.0,Startup costs: $m,147844.95036345455
DRC,DRC_South,DiscountedWeightedCostsCumulated,2042.0,Trade shared benefits: $m,93225.64478587706
DRC,DRC_South,DiscountedWeightedCostsCumulated,2042.0,Transmission costs: $m,75340.41937260116
DRC,DRC_South,DiscountedWeightedCostsCumulated,2042.0,Unmet country CO2 backstop cost: $m,75348.9585540618
DRC,DRC_South,DiscountedWeightedCostsCumulated,2042.0,Unmet country planning reserve costs: $m,75509.94114926763
DRC,DRC_South,DiscountedWeightedCostsCumulated,2042.0,Unmet country spinning reserve costs: $m,75532.61570106405
DRC,DRC_South,DiscountedWeightedCostsCumulated,2042.0,Unmet demand costs: $m,114625.9056586716
DRC,DRC_South,DiscountedWeightedCostsCumulated,2042.0,Unmet system CO2 backstop cost: $m,133389.27533518177
DRC,DRC_South,DiscountedWeightedCostsCumulated,2042.0,Unmet system planning reserve costs: $m,133389.27533518177
DRC,DRC_South,DiscountedWeightedCostsCumulated,2042.0,Unmet system spinning reserve costs: $m,133389.62309712285
DRC,DRC_South,DiscountedWeightedCostsCumulated,2042.0,VRE curtailment: $m,133389.62309712285
DRC,DRC_South,DiscountedWeightedCostsCumulated,2042.0,Variable O&M: $m,133405.13433134402
DRC,DRC_South,DiscountedWeightedCostsCumulated,2045.0,Carbon costs: $m,-24000.24785570747
DRC,DRC_South,DiscountedWeightedCostsCumulated,2045.0,Excess generation: $m,-24000.24785570747
DRC,DRC_South,DiscountedWeightedCostsCumulated,2045.0,Export revenues with external zones: $m,-24000.24785570747
DRC,DRC_South,DiscountedWeightedCostsCumulated,2045.0,Export revenues with internal zones: $m,-24053.01251269851
DRC,DRC_South,DiscountedWeightedCostsCumulated,2045.0,Fixed O&M: $m,-23434.457016842447
DRC,DRC_South,DiscountedWeightedCostsCumulated,2045.0,Fuel costs: $m,-23355.34654451724
DRC,DRC_South,DiscountedWeightedCostsCumulated,2045.0,Generation costs: $m,-23355.34654451724
DRC,DRC_South,DiscountedWeightedCostsCumulated,2045.0,Import costs with external zones: $m,-23355.34654451724
DRC,DRC_South,DiscountedWeightedCostsCumulated,2045.0,Import costs with internal zones: $m,127627.93355959332
DRC,DRC_South,DiscountedWeightedCostsCumulated,2045.0,NPV of system cost: $m,147844.95036345455
DRC,DRC_South,DiscountedWeightedCostsCumulated,2045.0,Spinning reserve costs: $m,147844.95036345455
DRC,DRC_South,DiscountedWeightedCostsCumulated,2045.0,Startup costs: $m,147844.95036345455
DRC,DRC_South,DiscountedWeightedCostsCumulated,2045.0,Trade shared benefits: $m,85160.53670349391
DRC,DRC_South,DiscountedWeightedCostsCumulated,2045.0,Transmission costs: $m,75344.39849106116
DRC,DRC_South,DiscountedWeightedCostsCumulated,2045.0,Unmet country CO2 backstop cost: $m,75348.9585540618
DRC,DRC_South,DiscountedWeightedCostsCumulated,2045.0,Unmet country planning reserve costs: $m,75517.41443795204
DRC,DRC_South,DiscountedWeightedCostsCumulated,2045.0,Unmet country spinning reserve costs: $m,75532.61570106405
DRC,DRC_South,DiscountedWeightedCostsCumulated,2045.0,Unmet demand costs: $m,121408.70675765155
DRC,DRC_South,DiscountedWeightedCostsCumulated,2045.0,Unmet system CO2 backstop cost: $m,133389.27533518177
DRC,DRC_South,DiscountedWeightedCostsCumulated,2045.0,Unmet system planning reserve costs: $m,133389.27533518177
DRC,DRC_South,DiscountedWeightedCostsCumulated,2045.0,Unmet system spinning reserve costs: $m,133389.62309712285
DRC,DRC_South,DiscountedWeightedCostsCumulated,2045.0,VRE curtailment: $m,133389.62309712285
DRC,DRC_South,DiscountedWeightedCostsCumulated,2045.0,Variable O&M: $m,133405.9837155513
DRC,DRC_South,DiscountedWeightedCostsCumulated,2048.0,Carbon costs: $m,-24000.24785570747
DRC,DRC_South,DiscountedWeightedCostsCumulated,2048.0,Excess generation: $m,-24000.24785570747
DRC,DRC_South,DiscountedWeightedCostsCumulated,2048.0,Export revenues with external zones: $m,-24000.24785570747
DRC,DRC_South,DiscountedWeightedCostsCumulated,2048.0,Export revenues with internal zones: $m,-24053.01251269851
DRC,DRC_South,DiscountedWeightedCostsCumulated,2048.0,Fixed O&M: $m,-23383.80125077423
DRC,DRC_South,DiscountedWeightedCostsCumulated,2048.0,Fuel costs: $m,-23355.34654451724
DRC,DRC_South,DiscountedWeightedCostsCumulated,2048.0,Generation costs: $m,-23355.34654451724
DRC,DRC_South,DiscountedWeightedCostsCumulated,2048.0,Import costs with external zones: $m,-23355.34654451724
DRC,DRC_South,DiscountedWeightedCostsCumulated,2048.0,Import costs with internal zones: $m,140880.82871078624
DRC,DRC_South,DiscountedWeightedCostsCumulated,2048.0,NPV of system cost: $m,147844.95036345455
DRC,DRC_South,DiscountedWeightedCostsCumulated,2048.0,Spinning reserve costs: $m,147844.95036345455
DRC,DRC_South,DiscountedWeightedCostsCumulated,2048.0,Startup costs: $m,147844.95036345455
DRC,DRC_South,DiscountedWeightedCostsCumulated,2048.0,Trade shared benefits: $m,78689.97022931694
DRC,DRC_South,DiscountedWeightedCostsCumulated,2048.0,Transmission costs: $m,75347.38806165471
DRC,DRC_South,DiscountedWeightedCostsCumulated,2048.0,Unmet country CO2 backstop cost: $m,75348.9585540618
DRC,DRC_South,DiscountedWeightedCostsCumulated,2048.0,Unmet country planning reserve costs: $m,75524.88718668272
DRC,DRC_South,DiscountedWeightedCostsCumulated,2048.0,Unmet country spinning reserve costs: $m,75532.61570106405
DRC,DRC_South,DiscountedWeightedCostsCumulated,2048.0,Unmet demand costs: $m,128691.90469309685
DRC,DRC_South,DiscountedWeightedCostsCumulated,2048.0,Unmet system CO2 backstop cost: $m,133389.27533518177
DRC,DRC_South,DiscountedWeightedCostsCumulated,2048.0,Unmet system planning reserve costs: $m,133389.27533518177
DRC,DRC_South,DiscountedWeightedCostsCumulated,2048.0,Unmet system spinning reserve costs: $m,133389.62309712285
DRC,DRC_South,DiscountedWeightedCostsCumulated,2048.0,VRE curtailment: $m,133389.62309712285
DRC,DRC_South,DiscountedWeightedCostsCumulated,2048.0,Variable O&M: $m,133406.62187047783
DRC,DRC_South,DiscountedWeightedCostsCumulated,2050.0,Carbon costs: $m,-24000.24785570747
DRC,DRC_South,DiscountedWeightedCostsCumulated,2050.0,Excess generation: $m,-24000.24785570747
DRC,DRC_South,DiscountedWeightedCostsCumulated,2050.0,Export revenues with external zones: $m,-24000.24785570747
DRC,DRC_South,DiscountedWeightedCostsCumulated,2050.0,Export revenues with internal zones: $m,-24053.01251269851
DRC,DRC_South,DiscountedWeightedCostsCumulated,2050.0,Fixed O&M: $m,-23355.34654451724
DRC,DRC_South,DiscountedWeightedCostsCumulated,2050.0,Fuel costs: $m,-23355.34654451724
DRC,DRC_South,DiscountedWeightedCostsCumulated,2050.0,Generation costs: $m,-23355.34654451724
DRC,DRC_South,DiscountedWeightedCostsCumulated,2050.0,Import costs with external zones: $m,-23355.34654451724
DRC,DRC_South,DiscountedWeightedCostsCumulated,2050.0,Import costs with internal zones: $m,147844.95036345455
DRC,DRC_South,DiscountedWeightedCostsCumulated,2050.0,NPV of system cost: $m,147844.95036345455
DRC,DRC_South,DiscountedWeightedCostsCumulated,2050.0,Spinning reserve costs: $m,147844.95036345455
DRC,DRC_South,DiscountedWeightedCostsCumulated,2050.0,Startup costs: $m,147844.95036345455
DRC,DRC_South,DiscountedWeightedCostsCumulated,2050.0,Trade shared benefits: $m,75289.55087189437
DRC,DRC_South,DiscountedWeightedCostsCumulated,2050.0,Transmission costs: $m,75348.9585540618
DRC,DRC_South,DiscountedWeightedCostsCumulated,2050.0,Unmet country CO2 backstop cost: $m,75348.9585540618
DRC,DRC_South,DiscountedWeightedCostsCumulated,2050.0,Unmet country planning reserve costs: $m,75532.61570106405
DRC,DRC_South,DiscountedWeightedCostsCumulated,2050.0,Unmet country spinning reserve costs: $m,75532.61570106405
DRC,DRC_South,DiscountedWeightedCostsCumulated,2050.0,Unmet demand costs: $m,133389.27533518177
DRC,DRC_South,DiscountedWeightedCostsCumulated,2050.0,Unmet system CO2 backstop cost: $m,133389.27533518177
DRC,DRC_South,DiscountedWeightedCostsCumulated,2050.0,Unmet system planning reserve costs: $m,133389.27533518177
DRC,DRC_South,DiscountedWeightedCostsCumulated,2050.0,Unmet system spinning reserve costs: $m,133389.62309712285
DRC,DRC_South,DiscountedWeightedCostsCumulated,2050.0,VRE curtailment: $m,133389.62309712285
DRC,DRC_South,DiscountedWeightedCostsCumulated,2050.0,Variable O&M: $m,133406.95710841095
DRC,DRC_South,GenCostsPerMWh,2025.0,Fixed O&M: $m,10.86527673474452
DRC,DRC_South,GenCostsPerMWh,2025.0,Variable Cost: $m,0.5499999999999997
DRC,DRC_South,GenCostsPerMWh,2027.0,Fixed O&M: $m,12.51358918325011
DRC,DRC_South,GenCostsPerMWh,2027.0,Investment costs: $m,5.130118326820178
DRC,DRC_South,GenCostsPerMWh,2027.0,Variable Cost: $m,0.5237367373468569
DRC,DRC_South,GenCostsPerMWh,2030.0,Fixed O&M: $m,14.474543825440431
DRC,DRC_South,GenCostsPerMWh,2030.0,Investment costs: $m,11.412411016577856
DRC,DRC_South,GenCostsPerMWh,2030.0,Variable Cost: $m,0.4634026518242924
DRC,DRC_South,GenCostsPerMWh,2032.0,Fixed O&M: $m,15.70102327562205
DRC,DRC_South,GenCostsPerMWh,2032.0,Investment costs: $m,14.302204496694594
DRC,DRC_South,GenCostsPerMWh,2032.0,Variable Cost: $m,0.4438677616524453
DRC,DRC_South,GenCostsPerMWh,2035.0,Fixed O&M: $m,17.177689791860356
DRC,DRC_South,GenCostsPerMWh,2035.0,Investment costs: $m,19.088617233674785
DRC,DRC_South,GenCostsPerMWh,2035.0,Variable Cost: $m,0.3937652458880444
DRC,DRC_South,GenCostsPerMWh,2038.0,Fixed O&M: $m,18.34086228194217
DRC,DRC_South,GenCostsPerMWh,2038.0,Investment costs: $m,22.65689223062556
DRC,DRC_South,GenCostsPerMWh,2038.0,Variable Cost: $m,0.3535575705854583
DRC,DRC_South,GenCostsPerMWh,2040.0,Fixed O&M: $m,19.003190733372943
DRC,DRC_South,GenCostsPerMWh,2040.0,Investment costs: $m,24.574191024789183
DRC,DRC_South,GenCostsPerMWh,2040.0,Variable Cost: $m,0.3312054549580282
DRC,DRC_South,GenCostsPerMWh,2042.0,Fixed O&M: $m,19.58809103198553
DRC,DRC_South,GenCostsPerMWh,2042.0,Investment costs: $m,26.174384016429947
DRC,DRC_South,GenCostsPerMWh,2042.0,Variable Cost: $m,0.3115327920524142
DRC,DRC_South,GenCostsPerMWh,2045.0,Fixed O&M: $m,20.754706064744862
DRC,DRC_South,GenCostsPerMWh,2045.0,Investment costs: $m,28.621715067890733
DRC,DRC_South,GenCostsPerMWh,2045.0,Variable Cost: $m,0.2917958554295946
DRC,DRC_South,GenCostsPerMWh,2048.0,Fixed O&M: $m,21.60467655861204
DRC,DRC_South,GenCostsPerMWh,2048.0,Investment costs: $m,30.344735236206617
DRC,DRC_South,GenCostsPerMWh,2048.0,Variable Cost: $m,0.2721729795546356
DRC,DRC_South,GenCostsPerMWh,2050.0,Fixed O&M: $m,22.1055513131509
DRC,DRC_South,GenCostsPerMWh,2050.0,Investment costs: $m,31.28532201085474
DRC,DRC_South,GenCostsPerMWh,2050.0,Variable Cost: $m,0.2604356293724838
DRC,DRC_South,NetPresentCostPerMWh,,Carbon costs: $m,0.0
DRC,DRC_South,NetPresentCostPerMWh,,Excess generation: $m,0.0
DRC,DRC_South,NetPresentCostPerMWh,,Export revenues with external zones: $m,0.0
DRC,DRC_South,NetPresentCostPerMWh,,Export revenues with internal zones: $m,-0.3046264014143299
DRC,DRC_South,NetPresentCostPerMWh,,Fixed O&M: $m,4.027837673850351
DRC,DRC_South,NetPresentCostPerMWh,,Fuel costs: $m,0.0
DRC,DRC_South,NetPresentCostPerMWh,,Generation costs: $m,0.0
DRC,DRC_South,NetPresentCostPerMWh,,Import costs with external zones: $m,0.0
DRC,DRC_South,NetPresentCostPerMWh,,Import costs with internal zones: $m,988.3913464460765
DRC,DRC_South,NetPresentCostPerMWh,,NPV of system cost: $m,0.0
DRC,DRC_South,NetPresentCostPerMWh,,Spinning reserve costs: $m,0.0
DRC,DRC_South,NetPresentCostPerMWh,,Startup costs: $m,0.0
DRC,DRC_South,NetPresentCostPerMWh,,Trade shared benefits: $m,-418.8843728112536
DRC,DRC_South,NetPresentCostPerMWh,,Transmission costs: $m,0.3429786047524393
DRC,DRC_South,NetPresentCostPerMWh,,Unmet country CO2 backstop cost: $m,0.0
DRC,DRC_South,NetPresentCostPerMWh,,Unmet country planning reserve costs: $m,1.0603085280136697
DRC,DRC_South,NetPresentCostPerMWh,,Unmet country spinning reserve costs: $m,0.0
DRC,DRC_South,NetPresentCostPerMWh,,Unmet demand costs: $m,334.02408027001024
DRC,DRC_South,NetPresentCostPerMWh,,Unmet system CO2 backstop cost: $m,0.0
DRC,DRC_South,NetPresentCostPerMWh,,Unmet system planning reserve costs: $m,0.0
DRC,DRC_South,NetPresentCostPerMWh,,Unmet system spinning reserve costs: $m,0.0020077353800628
DRC,DRC_South,NetPresentCostPerMWh,,VRE curtailment: $m,0.0
DRC,DRC_South,NetPresentCostPerMWh,,Variable O&M: $m,0.1000745154403856
Eswatini,Eswatini,Costs,2025.0,Carbon costs: $m,3.319412503679998
Eswatini,Eswatini,Costs,2025.0,Excess generation: $m,0.0
Eswatini,Eswatini,Costs,2025.0,Export revenues with external zones: $m,0.0
Eswatini,Eswatini,Costs,2025.0,Export revenues with internal zones: $m,0.0
Eswatini,Eswatini,Costs,2025.0,Fixed O&M: $m,3.33182
Eswatini,Eswatini,Costs,2025.0,Fuel costs: $m,10.76465215539
Eswatini,Eswatini,Costs,2025.0,Generation costs: $m,0.0
Eswatini,Eswatini,Costs,2025.0,Import costs with external zones: $m,0.0
Eswatini,Eswatini,Costs,2025.0,Import costs with internal zones: $m,2087.4437624999987
Eswatini,Eswatini,Costs,2025.0,NPV of system cost: $m,0.0
Eswatini,Eswatini,Costs,2025.0,Spinning reserve costs: $m,0.0
Eswatini,Eswatini,Costs,2025.0,Startup costs: $m,0.0
Eswatini,Eswatini,Costs,2025.0,Trade shared benefits: $m,-1018.9162359350588
Eswatini,Eswatini,Costs,2025.0,Transmission costs: $m,0.0
Eswatini,Eswatini,Costs,2025.0,Unmet country CO2 backstop cost: $m,0.0
Eswatini,Eswatini,Costs,2025.0,Unmet country planning reserve costs: $m,0.0
Eswatini,Eswatini,Costs,2025.0,Unmet country spinning reserve costs: $m,0.0
Eswatini,Eswatini,Costs,2025.0,Unmet demand costs: $m,182.1350152500024
Eswatini,Eswatini,Costs,2025.0,Unmet system CO2 backstop cost: $m,0.0
Eswatini,Eswatini,Costs,2025.0,Unmet system planning reserve costs: $m,0.0
Eswatini,Eswatini,Costs,2025.0,Unmet system spinning reserve costs: $m,0.0
Eswatini,Eswatini,Costs,2025.0,VRE curtailment: $m,0.0
Eswatini,Eswatini,Costs,2025.0,Variable O&M: $m,0.5772461951999991
Eswatini,Eswatini,Costs,2027.0,Carbon costs: $m,3.46348422693
Eswatini,Eswatini,Costs,2027.0,Excess generation: $m,0.0
Eswatini,Eswatini,Costs,2027.0,Export revenues with external zones: $m,0.0
Eswatini,Eswatini,Costs,2027.0,Export revenues with internal zones: $m,-4956.767660597301
Eswatini,Eswatini,Costs,2027.0,Fixed O&M: $m,4.935357499999999
Eswatini,Eswatini,Costs,2027.0,Fuel costs: $m,11.061608076918
Eswatini,Eswatini,Costs,2027.0,Generation costs: $m,0.0
Eswatini,Eswatini,Costs,2027.0,Import costs with external zones: $m,0.0
Eswatini,Eswatini,Costs,2027.0,Import costs with internal zones: $m,6456.249828843841
Eswatini,Eswatini,Costs,2027.0,NPV of system cost: $m,0.0
Eswatini,Eswatini,Costs,2027.0,Spinning reserve costs: $m,0.0
Eswatini,Eswatini,Costs,2027.0,Startup costs: $m,0.0
Eswatini,Eswatini,Costs,2027.0,Trade shared benefits: $m,-777.7024602552842
Eswatini,Eswatini,Costs,2027.0,Transmission costs: $m,0.0
Eswatini,Eswatini,Costs,2027.0,Unmet country CO2 backstop cost: $m,0.0
Eswatini,Eswatini,Costs,2027.0,Unmet country planning reserve costs: $m,0.0
Eswatini,Eswatini,Costs,2027.0,Unmet country spinning reserve costs: $m,0.0
Eswatini,Eswatini,Costs,2027.0,Unmet demand costs: $m,0.0
Eswatini,Eswatini,Costs,2027.0,Unmet system CO2 backstop cost: $m,0.0
Eswatini,Eswatini,Costs,2027.0,Unmet system planning reserve costs: $m,0.0
Eswatini,Eswatini,Costs,2027.0,Unmet system spinning reserve costs: $m,0.0
Eswatini,Eswatini,Costs,2027.0,VRE curtailment: $m,0.0
Eswatini,Eswatini,Costs,2027.0,Variable O&M: $m,0.6105446471999987
Eswatini,Eswatini,Costs,2030.0,Carbon costs: $m,0.0
Eswatini,Eswatini,Costs,2030.0,Excess generation: $m,0.0
Eswatini,Eswatini,Costs,2030.0,Export revenues with external zones: $m,0.0
Eswatini,Eswatini,Costs,2030.0,Export revenues with internal zones: $m,-21.865280815006194
Eswatini,Eswatini,Costs,2030.0,Fixed O&M: $m,5.6578235
Eswatini,Eswatini,Costs,2030.0,Fuel costs: $m,0.0
Eswatini,Eswatini,Costs,2030.0,Generation costs: $m,0.0
Eswatini,Eswatini,Costs,2030.0,Import costs with external zones: $m,0.0
Eswatini,Eswatini,Costs,2030.0,Import costs with internal zones: $m,55.00795926907572
Eswatini,Eswatini,Costs,2030.0,NPV of system cost: $m,0.0
Eswatini,Eswatini,Costs,2030.0,Spinning reserve costs: $m,0.0
Eswatini,Eswatini,Costs,2030.0,Startup costs: $m,0.0
Eswatini,Eswatini,Costs,2030.0,Trade shared benefits: $m,-1.3232742957387222
Eswatini,Eswatini,Costs,2030.0,Transmission costs: $m,0.0
Eswatini,Eswatini,Costs,2030.0,Unmet country CO2 backstop cost: $m,0.0
Eswatini,Eswatini,Costs,2030.0,Unmet country planning reserve costs: $m,0.0
Eswatini,Eswatini,Costs,2030.0,Unmet country spinning reserve costs: $m,0.0
Eswatini,Eswatini,Costs,2030.0,Unmet demand costs: $m,0.0
Eswatini,Eswatini,Costs,2030.0,Unmet system CO2 backstop cost: $m,0.0
Eswatini,Eswatini,Costs,2030.0,Unmet system planning reserve costs: $m,0.0
Eswatini,Eswatini,Costs,2030.0,Unmet system spinning reserve costs: $m,0.0
Eswatini,Eswatini,Costs,2030.0,VRE curtailment: $m,0.0
Eswatini,Eswatini,Costs,2030.0,Variable O&M: $m,0.1816550471999998
Eswatini,Eswatini,Costs,2032.0,Carbon costs: $m,0.0
Eswatini,Eswatini,Costs,2032.0,Excess generation: $m,0.0
Eswatini,Eswatini,Costs,2032.0,Export revenues with external zones: $m,0.0
Eswatini,Eswatini,Costs,2032.0,Export revenues with internal zones: $m,-17.15374954978481
Eswatini,Eswatini,Costs,2032.0,Fixed O&M: $m,6.2874235
Eswatini,Eswatini,Costs,2032.0,Fuel costs: $m,0.0
Eswatini,Eswatini,Costs,2032.0,Generation costs: $m,0.0
Eswatini,Eswatini,Costs,2032.0,Import costs with external zones: $m,0.0
Eswatini,Eswatini,Costs,2032.0,Import costs with internal zones: $m,52.12579367084568
Eswatini,Eswatini,Costs,2032.0,NPV of system cost: $m,0.0
Eswatini,Eswatini,Costs,2032.0,Spinning reserve costs: $m,0.0
Eswatini,Eswatini,Costs,2032.0,Startup costs: $m,0.0
Eswatini,Eswatini,Costs,2032.0,Trade shared benefits: $m,-1.1305432180396129
Eswatini,Eswatini,Costs,2032.0,Transmission costs: $m,0.0
Eswatini,Eswatini,Costs,2032.0,Unmet country CO2 backstop cost: $m,0.0
Eswatini,Eswatini,Costs,2032.0,Unmet country planning reserve costs: $m,0.0
Eswatini,Eswatini,Costs,2032.0,Unmet country spinning reserve costs: $m,0.0
Eswatini,Eswatini,Costs,2032.0,Unmet demand costs: $m,0.0
Eswatini,Eswatini,Costs,2032.0,Unmet system CO2 backstop cost: $m,0.0
Eswatini,Eswatini,Costs,2032.0,Unmet system planning reserve costs: $m,0.0
Eswatini,Eswatini,Costs,2032.0,Unmet system spinning reserve costs: $m,0.0
Eswatini,Eswatini,Costs,2032.0,VRE curtailment: $m,0.0
Eswatini,Eswatini,Costs,2032.0,Variable O&M: $m,0.1816550471999998
Eswatini,Eswatini,Costs,2035.0,Carbon costs: $m,0.0
Eswatini,Eswatini,Costs,2035.0,Excess generation: $m,0.0
Eswatini,Eswatini,Costs,2035.0,Export revenues with external zones: $m,0.0
Eswatini,Eswatini,Costs,2035.0,Export revenues with internal zones: $m,-88.2943314053511
Eswatini,Eswatini,Costs,2035.0,Fixed O&M: $m,7.2318235
Eswatini,Eswatini,Costs,2035.0,Fuel costs: $m,0.0
Eswatini,Eswatini,Costs,2035.0,Generation costs: $m,0.0
Eswatini,Eswatini,Costs,2035.0,Import costs with external zones: $m,0.0
Eswatini,Eswatini,Costs,2035.0,Import costs with internal zones: $m,96.49669940584135
Eswatini,Eswatini,Costs,2035.0,NPV of system cost: $m,0.0
Eswatini,Eswatini,Costs,2035.0,Spinning reserve costs: $m,0.0
Eswatini,Eswatini,Costs,2035.0,Startup costs: $m,0.0
Eswatini,Eswatini,Costs,2035.0,Trade shared benefits: $m,-6.292567636968824
Eswatini,Eswatini,Costs,2035.0,Transmission costs: $m,0.0
Eswatini,Eswatini,Costs,2035.0,Unmet country CO2 backstop cost: $m,0.0
Eswatini,Eswatini,Costs,2035.0,Unmet country planning reserve costs: $m,0.0
Eswatini,Eswatini,Costs,2035.0,Unmet country spinning reserve costs: $m,0.0
Eswatini,Eswatini,Costs,2035.0,Unmet demand costs: $m,0.0
Eswatini,Eswatini,Costs,2035.0,Unmet system CO2 backstop cost: $m,0.0
Eswatini,Eswatini,Costs,2035.0,Unmet system planning reserve costs: $m,0.0
Eswatini,Eswatini,Costs,2035.0,Unmet system spinning reserve costs: $m,0.0
Eswatini,Eswatini,Costs,2035.0,VRE curtailment: $m,0.0
Eswatini,Eswatini,Costs,2035.0,Variable O&M: $m,0.1816550471999997
Eswatini,Eswatini,Costs,2038.0,Carbon costs: $m,0.0
Eswatini,Eswatini,Costs,2038.0,Excess generation: $m,0.0
Eswatini,Eswatini,Costs,2038.0,Export revenues with external zones: $m,0.0
Eswatini,Eswatini,Costs,2038.0,Export revenues with internal zones: $m,-94.20151287084596
Eswatini,Eswatini,Costs,2038.0,Fixed O&M: $m,8.0188235
Eswatini,Eswatini,Costs,2038.0,Fuel costs: $m,0.0
Eswatini,Eswatini,Costs,2038.0,Generation costs: $m,0.0
Eswatini,Eswatini,Costs,2038.0,Import costs with external zones: $m,0.0
Eswatini,Eswatini,Costs,2038.0,Import costs with internal zones: $m,106.45254959848378
Eswatini,Eswatini,Costs,2038.0,NPV of system cost: $m,0.0
Eswatini,Eswatini,Costs,2038.0,Spinning reserve costs: $m,0.0
Eswatini,Eswatini,Costs,2038.0,Startup costs: $m,0.0
Eswatini,Eswatini,Costs,2038.0,Trade shared benefits: $m,-3.820252091764485
Eswatini,Eswatini,Costs,2038.0,Transmission costs: $m,0.0
Eswatini,Eswatini,Costs,2038.0,Unmet country CO2 backstop cost: $m,0.0
Eswatini,Eswatini,Costs,2038.0,Unmet country planning reserve costs: $m,0.0
Eswatini,Eswatini,Costs,2038.0,Unmet country spinning reserve costs: $m,0.0
Eswatini,Eswatini,Costs,2038.0,Unmet demand costs: $m,0.0
Eswatini,Eswatini,Costs,2038.0,Unmet system CO2 backstop cost: $m,0.0
Eswatini,Eswatini,Costs,2038.0,Unmet system planning reserve costs: $m,0.0
Eswatini,Eswatini,Costs,2038.0,Unmet system spinning reserve costs: $m,0.001102408637174
Eswatini,Eswatini,Costs,2038.0,VRE curtailment: $m,0.0
Eswatini,Eswatini,Costs,2038.0,Variable O&M: $m,0.1816550471999997
Eswatini,Eswatini,Costs,2040.0,Carbon costs: $m,0.0
Eswatini,Eswatini,Costs,2040.0,Excess generation: $m,0.0
Eswatini,Eswatini,Costs,2040.0,Export revenues with external zones: $m,0.0
Eswatini,Eswatini,Costs,2040.0,Export revenues with internal zones: $m,-93.2743679976146
Eswatini,Eswatini,Costs,2040.0,Fixed O&M: $m,8.6484235
Eswatini,Eswatini,Costs,2040.0,Fuel costs: $m,0.0
Eswatini,Eswatini,Costs,2040.0,Generation costs: $m,0.0
Eswatini,Eswatini,Costs,2040.0,Import costs with external zones: $m,0.0
Eswatini,Eswatini,Costs,2040.0,Import costs with internal zones: $m,107.47134562592171
Eswatini,Eswatini,Costs,2040.0,NPV of system cost: $m,0.0
Eswatini,Eswatini,Costs,2040.0,Spinning reserve costs: $m,0.0
Eswatini,Eswatini,Costs,2040.0,Startup costs: $m,0.0
Eswatini,Eswatini,Costs,2040.0,Trade shared benefits: $m,-3.3836717121456905
Eswatini,Eswatini,Costs,2040.0,Transmission costs: $m,0.0
Eswatini,Eswatini,Costs,2040.0,Unmet country CO2 backstop cost: $m,0.0
Eswatini,Eswatini,Costs,2040.0,Unmet country planning reserve costs: $m,0.0
Eswatini,Eswatini,Costs,2040.0,Unmet country spinning reserve costs: $m,0.0
Eswatini,Eswatini,Costs,2040.0,Unmet demand costs: $m,0.0
Eswatini,Eswatini,Costs,2040.0,Unmet system CO2 backstop cost: $m,0.0
Eswatini,Eswatini,Costs,2040.0,Unmet system planning reserve costs: $m,0.0
Eswatini,Eswatini,Costs,2040.0,Unmet system spinning reserve costs: $m,0.0261077873775693
Eswatini,Eswatini,Costs,2040.0,VRE curtailment: $m,0.0
Eswatini,Eswatini,Costs,2040.0,Variable O&M: $m,0.1816550471999997
Eswatini,Eswatini,Costs,2042.0,Carbon costs: $m,0.0
Eswatini,Eswatini,Costs,2042.0,Excess generation: $m,0.0
Eswatini,Eswatini,Costs,2042.0,Export revenues with external zones: $m,0.0
Eswatini,Eswatini,Costs,2042.0,Export revenues with internal zones: $m,-119.3057439753599
Eswatini,Eswatini,Costs,2042.0,Fixed O&M: $m,9.2780235
Eswatini,Eswatini,Costs,2042.0,Fuel costs: $m,0.0
Eswatini,Eswatini,Costs,2042.0,Generation costs: $m,0.0
Eswatini,Eswatini,Costs,2042.0,Import costs with external zones: $m,0.0
Eswatini,Eswatini,Costs,2042.0,Import costs with internal zones: $m,137.42513395282606
Eswatini,Eswatini,Costs,2042.0,NPV of system cost: $m,0.0
Eswatini,Eswatini,Costs,2042.0,Spinning reserve costs: $m,0.0
Eswatini,Eswatini,Costs,2042.0,Startup costs: $m,0.0
Eswatini,Eswatini,Costs,2042.0,Trade shared benefits: $m,-9.207432049365227
Eswatini,Eswatini,Costs,2042.0,Transmission costs: $m,0.0
Eswatini,Eswatini,Costs,2042.0,Unmet country CO2 backstop cost: $m,0.0
Eswatini,Eswatini,Costs,2042.0,Unmet country planning reserve costs: $m,0.0
Eswatini,Eswatini,Costs,2042.0,Unmet country spinning reserve costs: $m,0.0
Eswatini,Eswatini,Costs,2042.0,Unmet demand costs: $m,0.0
Eswatini,Eswatini,Costs,2042.0,Unmet system CO2 backstop cost: $m,0.0
Eswatini,Eswatini,Costs,2042.0,Unmet system planning reserve costs: $m,0.0
Eswatini,Eswatini,Costs,2042.0,Unmet system spinning reserve costs: $m,0.0492079683746258
Eswatini,Eswatini,Costs,2042.0,VRE curtailment: $m,0.0
Eswatini,Eswatini,Costs,2042.0,Variable O&M: $m,0.1816550471999997
Eswatini,Eswatini,Costs,2045.0,Carbon costs: $m,0.0
Eswatini,Eswatini,Costs,2045.0,Excess generation: $m,0.0
Eswatini,Eswatini,Costs,2045.0,Export revenues with external zones: $m,0.0
Eswatini,Eswatini,Costs,2045.0,Export revenues with internal zones: $m,-201.5682402732947
Eswatini,Eswatini,Costs,2045.0,Fixed O&M: $m,11.592916440191576
Eswatini,Eswatini,Costs,2045.0,Fuel costs: $m,0.0
Eswatini,Eswatini,Costs,2045.0,Generation costs: $m,0.0
Eswatini,Eswatini,Costs,2045.0,Import costs with external zones: $m,0.0
Eswatini,Eswatini,Costs,2045.0,Import costs with internal zones: $m,227.01281257359287
Eswatini,Eswatini,Costs,2045.0,NPV of system cost: $m,0.0
Eswatini,Eswatini,Costs,2045.0,Spinning reserve costs: $m,0.0
Eswatini,Eswatini,Costs,2045.0,Startup costs: $m,0.0
Eswatini,Eswatini,Costs,2045.0,Trade shared benefits: $m,-32.112537629162055
Eswatini,Eswatini,Costs,2045.0,Transmission costs: $m,0.0
Eswatini,Eswatini,Costs,2045.0,Unmet country CO2 backstop cost: $m,0.0
Eswatini,Eswatini,Costs,2045.0,Unmet country planning reserve costs: $m,0.0
Eswatini,Eswatini,Costs,2045.0,Unmet country spinning reserve costs: $m,0.0
Eswatini,Eswatini,Costs,2045.0,Unmet demand costs: $m,0.0
Eswatini,Eswatini,Costs,2045.0,Unmet system CO2 backstop cost: $m,0.0
Eswatini,Eswatini,Costs,2045.0,Unmet system planning reserve costs: $m,0.0
Eswatini,Eswatini,Costs,2045.0,Unmet system spinning reserve costs: $m,0.0
Eswatini,Eswatini,Costs,2045.0,VRE curtailment: $m,0.0
Eswatini,Eswatini,Costs,2045.0,Variable O&M: $m,0.1816550471999997
Eswatini,Eswatini,Costs,2048.0,Carbon costs: $m,0.0
Eswatini,Eswatini,Costs,2048.0,Excess generation: $m,0.0
Eswatini,Eswatini,Costs,2048.0,Export revenues with external zones: $m,0.0
Eswatini,Eswatini,Costs,2048.0,Export revenues with internal zones: $m,-229.7222204759251
Eswatini,Eswatini,Costs,2048.0,Fixed O&M: $m,15.652816440191572
Eswatini,Eswatini,Costs,2048.0,Fuel costs: $m,0.0
Eswatini,Eswatini,Costs,2048.0,Generation costs: $m,0.0
Eswatini,Eswatini,Costs,2048.0,Import costs with external zones: $m,0.0
Eswatini,Eswatini,Costs,2048.0,Import costs with internal zones: $m,258.5438020352027
Eswatini,Eswatini,Costs,2048.0,NPV of system cost: $m,0.0
Eswatini,Eswatini,Costs,2048.0,Spinning reserve costs: $m,0.0
Eswatini,Eswatini,Costs,2048.0,Startup costs: $m,0.0
Eswatini,Eswatini,Costs,2048.0,Trade shared benefits: $m,-43.51296762425581
Eswatini,Eswatini,Costs,2048.0,Transmission costs: $m,0.0
Eswatini,Eswatini,Costs,2048.0,Unmet country CO2 backstop cost: $m,0.0
Eswatini,Eswatini,Costs,2048.0,Unmet country planning reserve costs: $m,0.0
Eswatini,Eswatini,Costs,2048.0,Unmet country spinning reserve costs: $m,0.0
Eswatini,Eswatini,Costs,2048.0,Unmet demand costs: $m,0.0
Eswatini,Eswatini,Costs,2048.0,Unmet system CO2 backstop cost: $m,0.0
Eswatini,Eswatini,Costs,2048.0,Unmet system planning reserve costs: $m,0.0
Eswatini,Eswatini,Costs,2048.0,Unmet system spinning reserve costs: $m,0.0
Eswatini,Eswatini,Costs,2048.0,VRE curtailment: $m,0.0
Eswatini,Eswatini,Costs,2048.0,Variable O&M: $m,0.1807128971999998
Eswatini,Eswatini,Costs,2050.0,Carbon costs: $m,0.0
Eswatini,Eswatini,Costs,2050.0,Excess generation: $m,0.0
Eswatini,Eswatini,Costs,2050.0,Export revenues with external zones: $m,0.0
Eswatini,Eswatini,Costs,2050.0,Export revenues with internal zones: $m,-242.7176302944908
Eswatini,Eswatini,Costs,2050.0,Fixed O&M: $m,18.23961644019157
Eswatini,Eswatini,Costs,2050.0,Fuel costs: $m,0.0
Eswatini,Eswatini,Costs,2050.0,Generation costs: $m,0.0
Eswatini,Eswatini,Costs,2050.0,Import costs with external zones: $m,0.0
Eswatini,Eswatini,Costs,2050.0,Import costs with internal zones: $m,272.80739045310014
Eswatini,Eswatini,Costs,2050.0,NPV of system cost: $m,0.0
Eswatini,Eswatini,Costs,2050.0,Spinning reserve costs: $m,0.0
Eswatini,Eswatini,Costs,2050.0,Startup costs: $m,0.0
Eswatini,Eswatini,Costs,2050.0,Trade shared benefits: $m,-46.6406433789003
Eswatini,Eswatini,Costs,2050.0,Transmission costs: $m,0.0
Eswatini,Eswatini,Costs,2050.0,Unmet country CO2 backstop cost: $m,0.0
Eswatini,Eswatini,Costs,2050.0,Unmet country planning reserve costs: $m,0.0
Eswatini,Eswatini,Costs,2050.0,Unmet country spinning reserve costs: $m,0.0
Eswatini,Eswatini,Costs,2050.0,Unmet demand costs: $m,0.0
Eswatini,Eswatini,Costs,2050.0,Unmet system CO2 backstop cost: $m,0.0
Eswatini,Eswatini,Costs,2050.0,Unmet system planning reserve costs: $m,0.0
Eswatini,Eswatini,Costs,2050.0,Unmet system spinning reserve costs: $m,0.0
Eswatini,Eswatini,Costs,2050.0,VRE curtailment: $m,0.0
Eswatini,Eswatini,Costs,2050.0,Variable O&M: $m,0.1807128971999998
Eswatini,Eswatini,DiscountedWeightedCostsCumulated,2025.0,Carbon costs: $m,133410.27652091463
Eswatini,Eswatini,DiscountedWeightedCostsCumulated,2025.0,Excess generation: $m,133416.5737649636
Eswatini,Eswatini,DiscountedWeightedCostsCumulated,2025.0,Export revenues with external zones: $m,133416.5737649636
Eswatini,Eswatini,DiscountedWeightedCostsCumulated,2025.0,Export revenues with internal zones: $m,133416.5737649636
Eswatini,Eswatini,DiscountedWeightedCostsCumulated,2025.0,Fixed O&M: $m,123786.15402403253
Eswatini,Eswatini,DiscountedWeightedCostsCumulated,2025.0,Fuel costs: $m,123867.14961912025
Eswatini,Eswatini,DiscountedWeightedCostsCumulated,2025.0,Generation costs: $m,123887.26163380557
Eswatini,Eswatini,DiscountedWeightedCostsCumulated,2025.0,Import costs with external zones: $m,123887.26163380557
Eswatini,Eswatini,DiscountedWeightedCostsCumulated,2025.0,Import costs with internal zones: $m,125974.70539630557
Eswatini,Eswatini,DiscountedWeightedCostsCumulated,2025.0,NPV of system cost: $m,138514.4265894147
Eswatini,Eswatini,DiscountedWeightedCostsCumulated,2025.0,Spinning reserve costs: $m,138514.4265894147
Eswatini,Eswatini,DiscountedWeightedCostsCumulated,2025.0,Startup costs: $m,138514.4265894147
Eswatini,Eswatini,DiscountedWeightedCostsCumulated,2025.0,Trade shared benefits: $m,137495.51035347965
Eswatini,Eswatini,DiscountedWeightedCostsCumulated,2025.0,Transmission costs: $m,136016.55923786608
Eswatini,Eswatini,DiscountedWeightedCostsCumulated,2025.0,Unmet country CO2 backstop cost: $m,136016.55923786608
Eswatini,Eswatini,DiscountedWeightedCostsCumulated,2025.0,Unmet country planning reserve costs: $m,136016.55923786608
Eswatini,Eswatini,DiscountedWeightedCostsCumulated,2025.0,Unmet country spinning reserve costs: $m,136016.55923786608
Eswatini,Eswatini,DiscountedWeightedCostsCumulated,2025.0,Unmet demand costs: $m,136198.6942531161
Eswatini,Eswatini,DiscountedWeightedCostsCumulated,2025.0,Unmet system CO2 backstop cost: $m,136198.6942531161
Eswatini,Eswatini,DiscountedWeightedCostsCumulated,2025.0,Unmet system planning reserve costs: $m,136198.6942531161
Eswatini,Eswatini,DiscountedWeightedCostsCumulated,2025.0,Unmet system spinning reserve costs: $m,136198.6942531161
Eswatini,Eswatini,DiscountedWeightedCostsCumulated,2025.0,VRE curtailment: $m,136198.73052650222
Eswatini,Eswatini,DiscountedWeightedCostsCumulated,2025.0,Variable O&M: $m,136199.30777269742
Eswatini,Eswatini,DiscountedWeightedCostsCumulated,2027.0,Carbon costs: $m,133416.5737649636
Eswatini,Eswatini,DiscountedWeightedCostsCumulated,2027.0,Excess generation: $m,133416.5737649636
Eswatini,Eswatini,DiscountedWeightedCostsCumulated,2027.0,Export revenues with external zones: $m,133416.5737649636
Eswatini,Eswatini,DiscountedWeightedCostsCumulated,2027.0,Export revenues with internal zones: $m,124404.26892751396
Eswatini,Eswatini,DiscountedWeightedCostsCumulated,2027.0,Fixed O&M: $m,123795.12740130526
Eswatini,Eswatini,DiscountedWeightedCostsCumulated,2027.0,Fuel costs: $m,123887.26163380557
Eswatini,Eswatini,DiscountedWeightedCostsCumulated,2027.0,Generation costs: $m,123887.26163380557
Eswatini,Eswatini,DiscountedWeightedCostsCumulated,2027.0,Import costs with external zones: $m,123887.26163380557
Eswatini,Eswatini,DiscountedWeightedCostsCumulated,2027.0,Import costs with internal zones: $m,137713.3414487489
Eswatini,Eswatini,DiscountedWeightedCostsCumulated,2027.0,NPV of system cost: $m,138514.4265894147
Eswatini,Eswatini,DiscountedWeightedCostsCumulated,2027.0,Spinning reserve costs: $m,138514.4265894147
Eswatini,Eswatini,DiscountedWeightedCostsCumulated,2027.0,Startup costs: $m,138514.4265894147
Eswatini,Eswatini,DiscountedWeightedCostsCumulated,2027.0,Trade shared benefits: $m,136081.50588028823
Eswatini,Eswatini,DiscountedWeightedCostsCumulated,2027.0,Transmission costs: $m,136016.55923786608
Eswatini,Eswatini,DiscountedWeightedCostsCumulated,2027.0,Unmet country CO2 backstop cost: $m,136016.55923786608
Eswatini,Eswatini,DiscountedWeightedCostsCumulated,2027.0,Unmet country planning reserve costs: $m,136016.55923786608
Eswatini,Eswatini,DiscountedWeightedCostsCumulated,2027.0,Unmet country spinning reserve costs: $m,136016.55923786608
Eswatini,Eswatini,DiscountedWeightedCostsCumulated,2027.0,Unmet demand costs: $m,136198.6942531161
Eswatini,Eswatini,DiscountedWeightedCostsCumulated,2027.0,Unmet system CO2 backstop cost: $m,136198.6942531161
Eswatini,Eswatini,DiscountedWeightedCostsCumulated,2027.0,Unmet system planning reserve costs: $m,136198.6942531161
Eswatini,Eswatini,DiscountedWeightedCostsCumulated,2027.0,Unmet system spinning reserve costs: $m,136198.6942531161
Eswatini,Eswatini,DiscountedWeightedCostsCumulated,2027.0,VRE curtailment: $m,136198.73052650222
Eswatini,Eswatini,DiscountedWeightedCostsCumulated,2027.0,Variable O&M: $m,136200.41785387415
Eswatini,Eswatini,DiscountedWeightedCostsCumulated,2030.0,Carbon costs: $m,133416.5737649636
Eswatini,Eswatini,DiscountedWeightedCostsCumulated,2030.0,Excess generation: $m,133416.5737649636
Eswatini,Eswatini,DiscountedWeightedCostsCumulated,2030.0,Export revenues with external zones: $m,133416.5737649636
Eswatini,Eswatini,DiscountedWeightedCostsCumulated,2030.0,Export revenues with internal zones: $m,124357.27930934617
Eswatini,Eswatini,DiscountedWeightedCostsCumulated,2030.0,Fixed O&M: $m,123807.2863563251
Eswatini,Eswatini,DiscountedWeightedCostsCumulated,2030.0,Fuel costs: $m,123887.26163380557
Eswatini,Eswatini,DiscountedWeightedCostsCumulated,2030.0,Generation costs: $m,123887.26163380557
Eswatini,Eswatini,DiscountedWeightedCostsCumulated,2030.0,Import costs with external zones: $m,123887.26163380557
Eswatini,Eswatini,DiscountedWeightedCostsCumulated,2030.0,Import costs with internal zones: $m,137831.5563952714
Eswatini,Eswatini,DiscountedWeightedCostsCumulated,2030.0,NPV of system cost: $m,138514.4265894147
Eswatini,Eswatini,DiscountedWeightedCostsCumulated,2030.0,Spinning reserve costs: $m,138514.4265894147
Eswatini,Eswatini,DiscountedWeightedCostsCumulated,2030.0,Startup costs: $m,138514.4265894147
Eswatini,Eswatini,DiscountedWeightedCostsCumulated,2030.0,Trade shared benefits: $m,136078.6620954581
Eswatini,Eswatini,DiscountedWeightedCostsCumulated,2030.0,Transmission costs: $m,136016.55923786608
Eswatini,Eswatini,DiscountedWeightedCostsCumulated,2030.0,Unmet country CO2 backstop cost: $m,136016.55923786608
Eswatini,Eswatini,DiscountedWeightedCostsCumulated,2030.0,Unmet country planning reserve costs: $m,136016.55923786608
Eswatini,Eswatini,DiscountedWeightedCostsCumulated,2030.0,Unmet country spinning reserve costs: $m,136016.55923786608
Eswatini,Eswatini,DiscountedWeightedCostsCumulated,2030.0,Unmet demand costs: $m,136198.6942531161
Eswatini,Eswatini,DiscountedWeightedCostsCumulated,2030.0,Unmet system CO2 backstop cost: $m,136198.6942531161
Eswatini,Eswatini,DiscountedWeightedCostsCumulated,2030.0,Unmet system planning reserve costs: $m,136198.6942531161
Eswatini,Eswatini,DiscountedWeightedCostsCumulated,2030.0,Unmet system spinning reserve costs: $m,136198.6942531161
Eswatini,Eswatini,DiscountedWeightedCostsCumulated,2030.0,VRE curtailment: $m,136198.73052650222
Eswatini,Eswatini,DiscountedWeightedCostsCumulated,2030.0,Variable O&M: $m,136200.808239956
Eswatini,Eswatini,DiscountedWeightedCostsCumulated,2032.0,Carbon costs: $m,133416.5737649636
Eswatini,Eswatini,DiscountedWeightedCostsCumulated,2032.0,Excess generation: $m,133416.5737649636
Eswatini,Eswatini,DiscountedWeightedCostsCumulated,2032.0,Export revenues with external zones: $m,133416.5737649636
Eswatini,Eswatini,DiscountedWeightedCostsCumulated,2032.0,Export revenues with internal zones: $m,124337.9136204991
Eswatini,Eswatini,DiscountedWeightedCostsCumulated,2032.0,Fixed O&M: $m,123814.38452963102
Eswatini,Eswatini,DiscountedWeightedCostsCumulated,2032.0,Fuel costs: $m,123887.26163380557
Eswatini,Eswatini,DiscountedWeightedCostsCumulated,2032.0,Generation costs: $m,123887.26163380557
Eswatini,Eswatini,DiscountedWeightedCostsCumulated,2032.0,Import costs with external zones: $m,123887.26163380557
Eswatini,Eswatini,DiscountedWeightedCostsCumulated,2032.0,Import costs with internal zones: $m,137890.4036984925
Eswatini,Eswatini,DiscountedWeightedCostsCumulated,2032.0,NPV of system cost: $m,138514.4265894147
Eswatini,Eswatini,DiscountedWeightedCostsCumulated,2032.0,Spinning reserve costs: $m,138514.4265894147
Eswatini,Eswatini,DiscountedWeightedCostsCumulated,2032.0,Startup costs: $m,138514.4265894147
Eswatini,Eswatini,DiscountedWeightedCostsCumulated,2032.0,Trade shared benefits: $m,136077.38577111132
Eswatini,Eswatini,DiscountedWeightedCostsCumulated,2032.0,Transmission costs: $m,136016.55923786608
Eswatini,Eswatini,DiscountedWeightedCostsCumulated,2032.0,Unmet country CO2 backstop cost: $m,136016.55923786608
Eswatini,Eswatini,DiscountedWeightedCostsCumulated,2032.0,Unmet country planning reserve costs: $m,136016.55923786608
Eswatini,Eswatini,DiscountedWeightedCostsCumulated,2032.0,Unmet country spinning reserve costs: $m,136016.55923786608
Eswatini,Eswatini,DiscountedWeightedCostsCumulated,2032.0,Unmet demand costs: $m,136198.6942531161
Eswatini,Eswatini,DiscountedWeightedCostsCumulated,2032.0,Unmet system CO2 backstop cost: $m,136198.6942531161
Eswatini,Eswatini,DiscountedWeightedCostsCumulated,2032.0,Unmet system planning reserve costs: $m,136198.6942531161
Eswatini,Eswatini,DiscountedWeightedCostsCumulated,2032.0,Unmet system spinning reserve costs: $m,136198.6942531161
Eswatini,Eswatini,DiscountedWeightedCostsCumulated,2032.0,VRE curtailment: $m,136198.73052650222
Eswatini,Eswatini,DiscountedWeightedCostsCumulated,2032.0,Variable O&M: $m,136201.01331903282
Eswatini,Eswatini,DiscountedWeightedCostsCumulated,2035.0,Carbon costs: $m,133416.5737649636
Eswatini,Eswatini,DiscountedWeightedCostsCumulated,2035.0,Excess generation: $m,133416.5737649636
Eswatini,Eswatini,DiscountedWeightedCostsCumulated,2035.0,Export revenues with external zones: $m,133416.5737649636
Eswatini,Eswatini,DiscountedWeightedCostsCumulated,2035.0,Export revenues with internal zones: $m,124220.09437068114
Eswatini,Eswatini,DiscountedWeightedCostsCumulated,2035.0,Fixed O&M: $m,123824.03461708312
Eswatini,Eswatini,DiscountedWeightedCostsCumulated,2035.0,Fuel costs: $m,123887.26163380557
Eswatini,Eswatini,DiscountedWeightedCostsCumulated,2035.0,Generation costs: $m,123887.26163380557
Eswatini,Eswatini,DiscountedWeightedCostsCumulated,2035.0,Import costs with external zones: $m,123887.26163380557
Eswatini,Eswatini,DiscountedWeightedCostsCumulated,2035.0,Import costs with internal zones: $m,138019.16812258345
Eswatini,Eswatini,DiscountedWeightedCostsCumulated,2035.0,NPV of system cost: $m,138514.4265894147
Eswatini,Eswatini,DiscountedWeightedCostsCumulated,2035.0,Spinning reserve costs: $m,138514.4265894147
Eswatini,Eswatini,DiscountedWeightedCostsCumulated,2035.0,Startup costs: $m,138514.4265894147
Eswatini,Eswatini,DiscountedWeightedCostsCumulated,2035.0,Trade shared benefits: $m,136068.98901917247
Eswatini,Eswatini,DiscountedWeightedCostsCumulated,2035.0,Transmission costs: $m,136016.55923786608
Eswatini,Eswatini,DiscountedWeightedCostsCumulated,2035.0,Unmet country CO2 backstop cost: $m,136016.55923786608
Eswatini,Eswatini,DiscountedWeightedCostsCumulated,2035.0,Unmet country planning reserve costs: $m,136016.55923786608
Eswatini,Eswatini,DiscountedWeightedCostsCumulated,2035.0,Unmet country spinning reserve costs: $m,136016.55923786608
Eswatini,Eswatini,DiscountedWeightedCostsCumulated,2035.0,Unmet demand costs: $m,136198.6942531161
Eswatini,Eswatini,DiscountedWeightedCostsCumulated,2035.0,Unmet system CO2 backstop cost: $m,136198.6942531161
Eswatini,Eswatini,DiscountedWeightedCostsCumulated,2035.0,Unmet system planning reserve costs: $m,136198.6942531161
Eswatini,Eswatini,DiscountedWeightedCostsCumulated,2035.0,Unmet system spinning reserve costs: $m,136198.6942531161
Eswatini,Eswatini,DiscountedWeightedCostsCumulated,2035.0,VRE curtailment: $m,136198.73052650222
Eswatini,Eswatini,DiscountedWeightedCostsCumulated,2035.0,Variable O&M: $m,136201.25571807526
Eswatini,Eswatini,DiscountedWeightedCostsCumulated,2038.0,Carbon costs: $m,133416.5737649636
Eswatini,Eswatini,DiscountedWeightedCostsCumulated,2038.0,Excess generation: $m,133416.5737649636
Eswatini,Eswatini,DiscountedWeightedCostsCumulated,2038.0,Export revenues with external zones: $m,133416.5737649636
Eswatini,Eswatini,DiscountedWeightedCostsCumulated,2038.0,Export revenues with internal zones: $m,124125.65278876442
Eswatini,Eswatini,DiscountedWeightedCostsCumulated,2038.0,Fixed O&M: $m,123832.07387625604
Eswatini,Eswatini,DiscountedWeightedCostsCumulated,2038.0,Fuel costs: $m,123887.26163380557
Eswatini,Eswatini,DiscountedWeightedCostsCumulated,2038.0,Generation costs: $m,123887.26163380557
Eswatini,Eswatini,DiscountedWeightedCostsCumulated,2038.0,Import costs with external zones: $m,123887.26163380557
Eswatini,Eswatini,DiscountedWeightedCostsCumulated,2038.0,Import costs with internal zones: $m,138125.89196253847
Eswatini,Eswatini,DiscountedWeightedCostsCumulated,2038.0,NPV of system cost: $m,138514.4265894147
Eswatini,Eswatini,DiscountedWeightedCostsCumulated,2038.0,Spinning reserve costs: $m,138514.4265894147
Eswatini,Eswatini,DiscountedWeightedCostsCumulated,2038.0,Startup costs: $m,138514.4265894147
Eswatini,Eswatini,DiscountedWeightedCostsCumulated,2038.0,Trade shared benefits: $m,136065.15903131058
Eswatini,Eswatini,DiscountedWeightedCostsCumulated,2038.0,Transmission costs: $m,136016.55923786608
Eswatini,Eswatini,DiscountedWeightedCostsCumulated,2038.0,Unmet country CO2 backstop cost: $m,136016.55923786608
Eswatini,Eswatini,DiscountedWeightedCostsCumulated,2038.0,Unmet country planning reserve costs: $m,136016.55923786608
Eswatini,Eswatini,DiscountedWeightedCostsCumulated,2038.0,Unmet country spinning reserve costs: $m,136016.55923786608
Eswatini,Eswatini,DiscountedWeightedCostsCumulated,2038.0,Unmet demand costs: $m,136198.6942531161
Eswatini,Eswatini,DiscountedWeightedCostsCumulated,2038.0,Unmet system CO2 backstop cost: $m,136198.6942531161
Eswatini,Eswatini,DiscountedWeightedCostsCumulated,2038.0,Unmet system planning reserve costs: $m,136198.6942531161
Eswatini,Eswatini,DiscountedWeightedCostsCumulated,2038.0,Unmet system spinning reserve costs: $m,136198.69535833417
Eswatini,Eswatini,DiscountedWeightedCostsCumulated,2038.0,VRE curtailment: $m,136198.73052650222
Eswatini,Eswatini,DiscountedWeightedCostsCumulated,2038.0,Variable O&M: $m,136201.4378360636
Eswatini,Eswatini,DiscountedWeightedCostsCumulated,2040.0,Carbon costs: $m,133416.5737649636
Eswatini,Eswatini,DiscountedWeightedCostsCumulated,2040.0,Excess generation: $m,133416.5737649636
Eswatini,Eswatini,DiscountedWeightedCostsCumulated,2040.0,Export revenues with external zones: $m,133416.5737649636
Eswatini,Eswatini,DiscountedWeightedCostsCumulated,2040.0,Export revenues with internal zones: $m,124076.52867612558
Eswatini,Eswatini,DiscountedWeightedCostsCumulated,2040.0,Fixed O&M: $m,123836.6286766721
Eswatini,Eswatini,DiscountedWeightedCostsCumulated,2040.0,Fuel costs: $m,123887.26163380557
Eswatini,Eswatini,DiscountedWeightedCostsCumulated,2040.0,Generation costs: $m,123887.26163380557
Eswatini,Eswatini,DiscountedWeightedCostsCumulated,2040.0,Import costs with external zones: $m,123887.26163380557
Eswatini,Eswatini,DiscountedWeightedCostsCumulated,2040.0,Import costs with internal zones: $m,138182.49309102976
Eswatini,Eswatini,DiscountedWeightedCostsCumulated,2040.0,NPV of system cost: $m,138514.4265894147
Eswatini,Eswatini,DiscountedWeightedCostsCumulated,2040.0,Spinning reserve costs: $m,138514.4265894147
Eswatini,Eswatini,DiscountedWeightedCostsCumulated,2040.0,Startup costs: $m,138514.4265894147
Eswatini,Eswatini,DiscountedWeightedCostsCumulated,2040.0,Trade shared benefits: $m,136063.3769782783
Eswatini,Eswatini,DiscountedWeightedCostsCumulated,2040.0,Transmission costs: $m,136016.55923786608
Eswatini,Eswatini,DiscountedWeightedCostsCumulated,2040.0,Unmet country CO2 backstop cost: $m,136016.55923786608
Eswatini,Eswatini,DiscountedWeightedCostsCumulated,2040.0,Unmet country planning reserve costs: $m,136016.55923786608
Eswatini,Eswatini,DiscountedWeightedCostsCumulated,2040.0,Unmet country spinning reserve costs: $m,136016.55923786608
Eswatini,Eswatini,DiscountedWeightedCostsCumulated,2040.0,Unmet demand costs: $m,136198.6942531161
Eswatini,Eswatini,DiscountedWeightedCostsCumulated,2040.0,Unmet system CO2 backstop cost: $m,136198.6942531161
Eswatini,Eswatini,DiscountedWeightedCostsCumulated,2040.0,Unmet system planning reserve costs: $m,136198.6942531161
Eswatini,Eswatini,DiscountedWeightedCostsCumulated,2040.0,Unmet system spinning reserve costs: $m,136198.70910832696
Eswatini,Eswatini,DiscountedWeightedCostsCumulated,2040.0,VRE curtailment: $m,136198.73052650222
Eswatini,Eswatini,DiscountedWeightedCostsCumulated,2040.0,Variable O&M: $m,136201.53350696646
Eswatini,Eswatini,DiscountedWeightedCostsCumulated,2042.0,Carbon costs: $m,133416.5737649636
Eswatini,Eswatini,DiscountedWeightedCostsCumulated,2042.0,Excess generation: $m,133416.5737649636
Eswatini,Eswatini,DiscountedWeightedCostsCumulated,2042.0,Export revenues with external zones: $m,133416.5737649636
Eswatini,Eswatini,DiscountedWeightedCostsCumulated,2042.0,Export revenues with internal zones: $m,124024.59986421326
Eswatini,Eswatini,DiscountedWeightedCostsCumulated,2042.0,Fixed O&M: $m,123840.6670131444
Eswatini,Eswatini,DiscountedWeightedCostsCumulated,2042.0,Fuel costs: $m,123887.26163380557
Eswatini,Eswatini,DiscountedWeightedCostsCumulated,2042.0,Generation costs: $m,123887.26163380557
Eswatini,Eswatini,DiscountedWeightedCostsCumulated,2042.0,Import costs with external zones: $m,123887.26163380557
Eswatini,Eswatini,DiscountedWeightedCostsCumulated,2042.0,Import costs with internal zones: $m,138242.30851730576
Eswatini,Eswatini,DiscountedWeightedCostsCumulated,2042.0,NPV of system cost: $m,138514.4265894147
Eswatini,Eswatini,DiscountedWeightedCostsCumulated,2042.0,Spinning reserve costs: $m,138514.4265894147
Eswatini,Eswatini,DiscountedWeightedCostsCumulated,2042.0,Startup costs: $m,138514.4265894147
Eswatini,Eswatini,DiscountedWeightedCostsCumulated,2042.0,Trade shared benefits: $m,136059.36936731884
Eswatini,Eswatini,DiscountedWeightedCostsCumulated,2042.0,Transmission costs: $m,136016.55923786608
Eswatini,Eswatini,DiscountedWeightedCostsCumulated,2042.0,Unmet country CO2 backstop cost: $m,136016.55923786608
Eswatini,Eswatini,DiscountedWeightedCostsCumulated,2042.0,Unmet country planning reserve costs: $m,136016.55923786608
Eswatini,Eswatini,DiscountedWeightedCostsCumulated,2042.0,Unmet country spinning reserve costs: $m,136016.55923786608
Eswatini,Eswatini,DiscountedWeightedCostsCumulated,2042.0,Unmet demand costs: $m,136198.6942531161
Eswatini,Eswatini,DiscountedWeightedCostsCumulated,2042.0,Unmet system CO2 backstop cost: $m,136198.6942531161
Eswatini,Eswatini,DiscountedWeightedCostsCumulated,2042.0,Unmet system planning reserve costs: $m,136198.6942531161
Eswatini,Eswatini,DiscountedWeightedCostsCumulated,2042.0,Unmet system spinning reserve costs: $m,136198.73052650222
Eswatini,Eswatini,DiscountedWeightedCostsCumulated,2042.0,VRE curtailment: $m,136198.73052650222
Eswatini,Eswatini,DiscountedWeightedCostsCumulated,2042.0,Variable O&M: $m,136201.61257382832
Eswatini,Eswatini,DiscountedWeightedCostsCumulated,2045.0,Carbon costs: $m,133416.5737649636
Eswatini,Eswatini,DiscountedWeightedCostsCumulated,2045.0,Excess generation: $m,133416.5737649636
Eswatini,Eswatini,DiscountedWeightedCostsCumulated,2045.0,Export revenues with external zones: $m,133416.5737649636
Eswatini,Eswatini,DiscountedWeightedCostsCumulated,2045.0,Export revenues with internal zones: $m,123920.89988158172
Eswatini,Eswatini,DiscountedWeightedCostsCumulated,2045.0,Fixed O&M: $m,123846.63117313244
Eswatini,Eswatini,DiscountedWeightedCostsCumulated,2045.0,Fuel costs: $m,123887.26163380557
Eswatini,Eswatini,DiscountedWeightedCostsCumulated,2045.0,Generation costs: $m,123887.26163380557
Eswatini,Eswatini,DiscountedWeightedCostsCumulated,2045.0,Import costs with external zones: $m,123887.26163380557
Eswatini,Eswatini,DiscountedWeightedCostsCumulated,2045.0,Import costs with internal zones: $m,138359.09886428254
Eswatini,Eswatini,DiscountedWeightedCostsCumulated,2045.0,NPV of system cost: $m,138514.4265894147
Eswatini,Eswatini,DiscountedWeightedCostsCumulated,2045.0,Spinning reserve costs: $m,138514.4265894147
Eswatini,Eswatini,DiscountedWeightedCostsCumulated,2045.0,Startup costs: $m,138514.4265894147
Eswatini,Eswatini,DiscountedWeightedCostsCumulated,2045.0,Trade shared benefits: $m,136042.84856230568
Eswatini,Eswatini,DiscountedWeightedCostsCumulated,2045.0,Transmission costs: $m,136016.55923786608
Eswatini,Eswatini,DiscountedWeightedCostsCumulated,2045.0,Unmet country CO2 backstop cost: $m,136016.55923786608
Eswatini,Eswatini,DiscountedWeightedCostsCumulated,2045.0,Unmet country planning reserve costs: $m,136016.55923786608
Eswatini,Eswatini,DiscountedWeightedCostsCumulated,2045.0,Unmet country spinning reserve costs: $m,136016.55923786608
Eswatini,Eswatini,DiscountedWeightedCostsCumulated,2045.0,Unmet demand costs: $m,136198.6942531161
Eswatini,Eswatini,DiscountedWeightedCostsCumulated,2045.0,Unmet system CO2 backstop cost: $m,136198.6942531161
Eswatini,Eswatini,DiscountedWeightedCostsCumulated,2045.0,Unmet system planning reserve costs: $m,136198.6942531161
Eswatini,Eswatini,DiscountedWeightedCostsCumulated,2045.0,Unmet system spinning reserve costs: $m,136198.73052650222
Eswatini,Eswatini,DiscountedWeightedCostsCumulated,2045.0,VRE curtailment: $m,136198.73052650222
Eswatini,Eswatini,DiscountedWeightedCostsCumulated,2045.0,Variable O&M: $m,136201.7060291525
Eswatini,Eswatini,DiscountedWeightedCostsCumulated,2048.0,Carbon costs: $m,133416.5737649636
Eswatini,Eswatini,DiscountedWeightedCostsCumulated,2048.0,Excess generation: $m,133416.5737649636
Eswatini,Eswatini,DiscountedWeightedCostsCumulated,2048.0,Export revenues with external zones: $m,133416.5737649636
Eswatini,Eswatini,DiscountedWeightedCostsCumulated,2048.0,Export revenues with internal zones: $m,123832.10630915155
Eswatini,Eswatini,DiscountedWeightedCostsCumulated,2048.0,Fixed O&M: $m,123852.6813910323
Eswatini,Eswatini,DiscountedWeightedCostsCumulated,2048.0,Fuel costs: $m,123887.26163380557
Eswatini,Eswatini,DiscountedWeightedCostsCumulated,2048.0,Generation costs: $m,123887.26163380557
Eswatini,Eswatini,DiscountedWeightedCostsCumulated,2048.0,Import costs with external zones: $m,123887.26163380557
Eswatini,Eswatini,DiscountedWeightedCostsCumulated,2048.0,Import costs with internal zones: $m,138459.03272250842
Eswatini,Eswatini,DiscountedWeightedCostsCumulated,2048.0,NPV of system cost: $m,138514.4265894147
Eswatini,Eswatini,DiscountedWeightedCostsCumulated,2048.0,Spinning reserve costs: $m,138514.4265894147
Eswatini,Eswatini,DiscountedWeightedCostsCumulated,2048.0,Startup costs: $m,138514.4265894147
Eswatini,Eswatini,DiscountedWeightedCostsCumulated,2048.0,Trade shared benefits: $m,136026.0296762859
Eswatini,Eswatini,DiscountedWeightedCostsCumulated,2048.0,Transmission costs: $m,136016.55923786608
Eswatini,Eswatini,DiscountedWeightedCostsCumulated,2048.0,Unmet country CO2 backstop cost: $m,136016.55923786608
Eswatini,Eswatini,DiscountedWeightedCostsCumulated,2048.0,Unmet country planning reserve costs: $m,136016.55923786608
Eswatini,Eswatini,DiscountedWeightedCostsCumulated,2048.0,Unmet country spinning reserve costs: $m,136016.55923786608
Eswatini,Eswatini,DiscountedWeightedCostsCumulated,2048.0,Unmet demand costs: $m,136198.6942531161
Eswatini,Eswatini,DiscountedWeightedCostsCumulated,2048.0,Unmet system CO2 backstop cost: $m,136198.6942531161
Eswatini,Eswatini,DiscountedWeightedCostsCumulated,2048.0,Unmet system planning reserve costs: $m,136198.6942531161
Eswatini,Eswatini,DiscountedWeightedCostsCumulated,2048.0,Unmet system spinning reserve costs: $m,136198.73052650222
Eswatini,Eswatini,DiscountedWeightedCostsCumulated,2048.0,VRE curtailment: $m,136198.73052650222
Eswatini,Eswatini,DiscountedWeightedCostsCumulated,2048.0,Variable O&M: $m,136201.77587935547
Eswatini,Eswatini,DiscountedWeightedCostsCumulated,2050.0,Carbon costs: $m,133416.5737649636
Eswatini,Eswatini,DiscountedWeightedCostsCumulated,2050.0,Excess generation: $m,133416.5737649636
Eswatini,Eswatini,DiscountedWeightedCostsCumulated,2050.0,Export revenues with external zones: $m,133416.5737649636
Eswatini,Eswatini,DiscountedWeightedCostsCumulated,2050.0,Export revenues with internal zones: $m,123782.82220403252
Eswatini,Eswatini,DiscountedWeightedCostsCumulated,2050.0,Fixed O&M: $m,123856.38496696486
Eswatini,Eswatini,DiscountedWeightedCostsCumulated,2050.0,Fuel costs: $m,123887.26163380557
Eswatini,Eswatini,DiscountedWeightedCostsCumulated,2050.0,Generation costs: $m,123887.26163380557
Eswatini,Eswatini,DiscountedWeightedCostsCumulated,2050.0,Import costs with external zones: $m,123887.26163380557
Eswatini,Eswatini,DiscountedWeightedCostsCumulated,2050.0,Import costs with internal zones: $m,138514.4265894147
Eswatini,Eswatini,DiscountedWeightedCostsCumulated,2050.0,NPV of system cost: $m,138514.4265894147
Eswatini,Eswatini,DiscountedWeightedCostsCumulated,2050.0,Spinning reserve costs: $m,138514.4265894147
Eswatini,Eswatini,DiscountedWeightedCostsCumulated,2050.0,Startup costs: $m,138514.4265894147
Eswatini,Eswatini,DiscountedWeightedCostsCumulated,2050.0,Trade shared benefits: $m,136016.55923786608
Eswatini,Eswatini,DiscountedWeightedCostsCumulated,2050.0,Transmission costs: $m,136016.55923786608
Eswatini,Eswatini,DiscountedWeightedCostsCumulated,2050.0,Unmet country CO2 backstop cost: $m,136016.55923786608
Eswatini,Eswatini,DiscountedWeightedCostsCumulated,2050.0,Unmet country planning reserve costs: $m,136016.55923786608
Eswatini,Eswatini,DiscountedWeightedCostsCumulated,2050.0,Unmet country spinning reserve costs: $m,136016.55923786608
Eswatini,Eswatini,DiscountedWeightedCostsCumulated,2050.0,Unmet demand costs: $m,136198.6942531161
Eswatini,Eswatini,DiscountedWeightedCostsCumulated,2050.0,Unmet system CO2 backstop cost: $m,136198.6942531161
Eswatini,Eswatini,DiscountedWeightedCostsCumulated,2050.0,Unmet system planning reserve costs: $m,136198.6942531161
Eswatini,Eswatini,DiscountedWeightedCostsCumulated,2050.0,Unmet system spinning reserve costs: $m,136198.73052650222
Eswatini,Eswatini,DiscountedWeightedCostsCumulated,2050.0,VRE curtailment: $m,136198.73052650222
Eswatini,Eswatini,DiscountedWeightedCostsCumulated,2050.0,Variable O&M: $m,136201.81257332538
Eswatini,Eswatini,GenCostsPerMWh,2025.0,Fixed O&M: $m,6.657020072843003
Eswatini,Eswatini,GenCostsPerMWh,2025.0,Variable Cost: $m,22.66126170802217
Eswatini,Eswatini,GenCostsPerMWh,2027.0,Fixed O&M: $m,7.387165655917659
Eswatini,Eswatini,GenCostsPerMWh,2027.0,Investment costs: $m,9.091699567257283
Eswatini,Eswatini,GenCostsPerMWh,2027.0,Variable Cost: $m,17.470695027509194
Eswatini,Eswatini,GenCostsPerMWh,2030.0,Fixed O&M: $m,5.008053010149634
Eswatini,Eswatini,GenCostsPerMWh,2030.0,Investment costs: $m,7.102230589093156
Eswatini,Eswatini,GenCostsPerMWh,2030.0,Variable Cost: $m,0.1607929455450196
Eswatini,Eswatini,GenCostsPerMWh,2032.0,Fixed O&M: $m,5.23464329412228
Eswatini,Eswatini,GenCostsPerMWh,2032.0,Investment costs: $m,8.0557113597284
Eswatini,Eswatini,GenCostsPerMWh,2032.0,Variable Cost: $m,0.1512383211770203
Eswatini,Eswatini,GenCostsPerMWh,2035.0,Fixed O&M: $m,4.120845242669678
Eswatini,Eswatini,GenCostsPerMWh,2035.0,Investment costs: $m,6.866811945076551
Eswatini,Eswatini,GenCostsPerMWh,2035.0,Variable Cost: $m,0.1035108692933469
Eswatini,Eswatini,GenCostsPerMWh,2038.0,Fixed O&M: $m,4.3482423846240295
Eswatini,Eswatini,GenCostsPerMWh,2038.0,Investment costs: $m,7.561145815869355
Eswatini,Eswatini,GenCostsPerMWh,2038.0,Variable Cost: $m,0.0985032499612839
Eswatini,Eswatini,GenCostsPerMWh,2040.0,Fixed O&M: $m,4.514908975814507
Eswatini,Eswatini,GenCostsPerMWh,2040.0,Investment costs: $m,8.047045068740234
Eswatini,Eswatini,GenCostsPerMWh,2040.0,Variable Cost: $m,0.0948330066289291
Eswatini,Eswatini,GenCostsPerMWh,2042.0,Fixed O&M: $m,4.669601679740794
Eswatini,Eswatini,GenCostsPerMWh,2042.0,Investment costs: $m,8.474475917582927
Eswatini,Eswatini,GenCostsPerMWh,2042.0,Variable Cost: $m,0.0914264458953474
Eswatini,Eswatini,GenCostsPerMWh,2045.0,Fixed O&M: $m,5.374121361502947
Eswatini,Eswatini,GenCostsPerMWh,2045.0,Investment costs: $m,9.616735002815275
Eswatini,Eswatini,GenCostsPerMWh,2045.0,Variable Cost: $m,0.0842097219124105
Eswatini,Eswatini,GenCostsPerMWh,2048.0,Fixed O&M: $m,6.606924926828735
Eswatini,Eswatini,GenCostsPerMWh,2048.0,Investment costs: $m,11.31576171705109
Eswatini,Eswatini,GenCostsPerMWh,2048.0,Variable Cost: $m,0.076277425834012
Eswatini,Eswatini,GenCostsPerMWh,2050.0,Fixed O&M: $m,7.192145241302714
Eswatini,Eswatini,GenCostsPerMWh,2050.0,Investment costs: $m,12.1202587251013
Eswatini,Eswatini,GenCostsPerMWh,2050.0,Variable Cost: $m,0.0712577157475222
Eswatini,Eswatini,NetPresentCostPerMWh,,Carbon costs: $m,0.5075930749682931
Eswatini,Eswatini,NetPresentCostPerMWh,,Excess generation: $m,0.0
Eswatini,Eswatini,NetPresentCostPerMWh,,Export revenues with external zones: $m,0.0
Eswatini,Eswatini,NetPresentCostPerMWh,,Export revenues with internal zones: $m,-508.49539562160254
Eswatini,Eswatini,NetPresentCostPerMWh,,Fixed O&M: $m,3.882841072213818
Eswatini,Eswatini,NetPresentCostPerMWh,,Fuel costs: $m,1.629753769477362
Eswatini,Eswatini,NetPresentCostPerMWh,,Generation costs: $m,0.0
Eswatini,Eswatini,NetPresentCostPerMWh,,Import costs with external zones: $m,0.0
Eswatini,Eswatini,NetPresentCostPerMWh,,Import costs with internal zones: $m,772.0612249425773
Eswatini,Eswatini,NetPresentCostPerMWh,,NPV of system cost: $m,0.0
Eswatini,Eswatini,NetPresentCostPerMWh,,Spinning reserve costs: $m,0.0
Eswatini,Eswatini,NetPresentCostPerMWh,,Startup costs: $m,0.0
Eswatini,Eswatini,NetPresentCostPerMWh,,Trade shared benefits: $m,-131.84417712067497
Eswatini,Eswatini,NetPresentCostPerMWh,,Transmission costs: $m,0.0
Eswatini,Eswatini,NetPresentCostPerMWh,,Unmet country CO2 backstop cost: $m,0.0
Eswatini,Eswatini,NetPresentCostPerMWh,,Unmet country planning reserve costs: $m,0.0
Eswatini,Eswatini,NetPresentCostPerMWh,,Unmet country spinning reserve costs: $m,0.0
Eswatini,Eswatini,NetPresentCostPerMWh,,Unmet demand costs: $m,9.613577436612406
Eswatini,Eswatini,NetPresentCostPerMWh,,Unmet system CO2 backstop cost: $m,0.0
Eswatini,Eswatini,NetPresentCostPerMWh,,Unmet system planning reserve costs: $m,0.0
Eswatini,Eswatini,NetPresentCostPerMWh,,Unmet system spinning reserve costs: $m,0.0019146071725078
Eswatini,Eswatini,NetPresentCostPerMWh,,VRE curtailment: $m,0.0
Eswatini,Eswatini,NetPresentCostPerMWh,,Variable O&M: $m,0.1626787455288433
Lesotho,Lesotho,Costs,2025.0,Carbon costs: $m,0.0
Lesotho,Lesotho,Costs,2025.0,Excess generation: $m,0.0
Lesotho,Lesotho,Costs,2025.0,Export revenues with external zones: $m,0.0
Lesotho,Lesotho,Costs,2025.0,Export revenues with internal zones: $m,0.0
Lesotho,Lesotho,Costs,2025.0,Fixed O&M: $m,3.7856
Lesotho,Lesotho,Costs,2025.0,Fuel costs: $m,0.0
Lesotho,Lesotho,Costs,2025.0,Generation costs: $m,0.0
Lesotho,Lesotho,Costs,2025.0,Import costs with external zones: $m,0.0
Lesotho,Lesotho,Costs,2025.0,Import costs with internal zones: $m,107.85547441846536
Lesotho,Lesotho,Costs,2025.0,NPV of system cost: $m,0.0
Lesotho,Lesotho,Costs,2025.0,Spinning reserve costs: $m,0.0
Lesotho,Lesotho,Costs,2025.0,Startup costs: $m,0.0
Lesotho,Lesotho,Costs,2025.0,Trade shared benefits: $m,-37.74293664434458
Lesotho,Lesotho,Costs,2025.0,Transmission costs: $m,0.0
Lesotho,Lesotho,Costs,2025.0,Unmet country CO2 backstop cost: $m,0.0
Lesotho,Lesotho,Costs,2025.0,Unmet country planning reserve costs: $m,2.1207359999999995
Lesotho,Lesotho,Costs,2025.0,Unmet country spinning reserve costs: $m,0.0
Lesotho,Lesotho,Costs,2025.0,Unmet demand costs: $m,4.5260263861352
Lesotho,Lesotho,Costs,2025.0,Unmet system CO2 backstop cost: $m,0.0
Lesotho,Lesotho,Costs,2025.0,Unmet system planning reserve costs: $m,0.0
Lesotho,Lesotho,Costs,2025.0,Unmet system spinning reserve costs: $m,0.0
Lesotho,Lesotho,Costs,2025.0,VRE curtailment: $m,0.0
Lesotho,Lesotho,Costs,2025.0,Variable O&M: $m,0.263648088
Lesotho,Lesotho,Costs,2027.0,Carbon costs: $m,0.0
Lesotho,Lesotho,Costs,2027.0,Excess generation: $m,0.0
Lesotho,Lesotho,Costs,2027.0,Export revenues with external zones: $m,0.0
Lesotho,Lesotho,Costs,2027.0,Export revenues with internal zones: $m,0.0
Lesotho,Lesotho,Costs,2027.0,Fixed O&M: $m,4.0628
Lesotho,Lesotho,Costs,2027.0,Fuel costs: $m,0.0
Lesotho,Lesotho,Costs,2027.0,Generation costs: $m,0.0
Lesotho,Lesotho,Costs,2027.0,Import costs with external zones: $m,0.0
Lesotho,Lesotho,Costs,2027.0,Import costs with internal zones: $m,186.8708953404833
Lesotho,Lesotho,Costs,2027.0,NPV of system cost: $m,0.0
Lesotho,Lesotho,Costs,2027.0,Spinning reserve costs: $m,0.0
Lesotho,Lesotho,Costs,2027.0,Startup costs: $m,0.0
Lesotho,Lesotho,Costs,2027.0,Trade shared benefits: $m,-74.60665551475886
Lesotho,Lesotho,Costs,2027.0,Transmission costs: $m,0.0
Lesotho,Lesotho,Costs,2027.0,Unmet country CO2 backstop cost: $m,0.0
Lesotho,Lesotho,Costs,2027.0,Unmet country planning reserve costs: $m,2.105568000000002
Lesotho,Lesotho,Costs,2027.0,Unmet country spinning reserve costs: $m,0.0
Lesotho,Lesotho,Costs,2027.0,Unmet demand costs: $m,14.396965065329468
Lesotho,Lesotho,Costs,2027.0,Unmet system CO2 backstop cost: $m,0.0
Lesotho,Lesotho,Costs,2027.0,Unmet system planning reserve costs: $m,0.0
Lesotho,Lesotho,Costs,2027.0,Unmet system spinning reserve costs: $m,0.0
Lesotho,Lesotho,Costs,2027.0,VRE curtailment: $m,0.0
Lesotho,Lesotho,Costs,2027.0,Variable O&M: $m,0.2636480880000001
Lesotho,Lesotho,Costs,2030.0,Carbon costs: $m,0.0
Lesotho,Lesotho,Costs,2030.0,Excess generation: $m,0.0
Lesotho,Lesotho,Costs,2030.0,Export revenues with external zones: $m,0.0
Lesotho,Lesotho,Costs,2030.0,Export revenues with internal zones: $m,0.0
Lesotho,Lesotho,Costs,2030.0,Fixed O&M: $m,6.1586
Lesotho,Lesotho,Costs,2030.0,Fuel costs: $m,0.0
Lesotho,Lesotho,Costs,2030.0,Generation costs: $m,0.0
Lesotho,Lesotho,Costs,2030.0,Import costs with external zones: $m,0.0
Lesotho,Lesotho,Costs,2030.0,Import costs with internal zones: $m,230.54970113879128
Lesotho,Lesotho,Costs,2030.0,NPV of system cost: $m,0.0
Lesotho,Lesotho,Costs,2030.0,Spinning reserve costs: $m,0.0
Lesotho,Lesotho,Costs,2030.0,Startup costs: $m,0.0
Lesotho,Lesotho,Costs,2030.0,Trade shared benefits: $m,-96.48247943165458
Lesotho,Lesotho,Costs,2030.0,Transmission costs: $m,0.0
Lesotho,Lesotho,Costs,2030.0,Unmet country CO2 backstop cost: $m,0.0
Lesotho,Lesotho,Costs,2030.0,Unmet country planning reserve costs: $m,1.7273664000000009
Lesotho,Lesotho,Costs,2030.0,Unmet country spinning reserve costs: $m,0.0
Lesotho,Lesotho,Costs,2030.0,Unmet demand costs: $m,22.63466106829655
Lesotho,Lesotho,Costs,2030.0,Unmet system CO2 backstop cost: $m,0.0
Lesotho,Lesotho,Costs,2030.0,Unmet system planning reserve costs: $m,0.0
Lesotho,Lesotho,Costs,2030.0,Unmet system spinning reserve costs: $m,0.0
Lesotho,Lesotho,Costs,2030.0,VRE curtailment: $m,0.0
Lesotho,Lesotho,Costs,2030.0,Variable O&M: $m,0.263648088
Lesotho,Lesotho,Costs,2032.0,Carbon costs: $m,0.0
Lesotho,Lesotho,Costs,2032.0,Excess generation: $m,0.0
Lesotho,Lesotho,Costs,2032.0,Export revenues with external zones: $m,0.0
Lesotho,Lesotho,Costs,2032.0,Export revenues with internal zones: $m,-0.0900171454758332
Lesotho,Lesotho,Costs,2032.0,Fixed O&M: $m,7.417199999999999
Lesotho,Lesotho,Costs,2032.0,Fuel costs: $m,0.0
Lesotho,Lesotho,Costs,2032.0,Generation costs: $m,0.0
Lesotho,Lesotho,Costs,2032.0,Import costs with external zones: $m,0.0
Lesotho,Lesotho,Costs,2032.0,Import costs with internal zones: $m,252.57926247027703
Lesotho,Lesotho,Costs,2032.0,NPV of system cost: $m,0.0
Lesotho,Lesotho,Costs,2032.0,Spinning reserve costs: $m,0.0
Lesotho,Lesotho,Costs,2032.0,Startup costs: $m,0.0
Lesotho,Lesotho,Costs,2032.0,Trade shared benefits: $m,-107.80512782199555
Lesotho,Lesotho,Costs,2032.0,Transmission costs: $m,0.0
Lesotho,Lesotho,Costs,2032.0,Unmet country CO2 backstop cost: $m,0.0
Lesotho,Lesotho,Costs,2032.0,Unmet country planning reserve costs: $m,1.9567488
Lesotho,Lesotho,Costs,2032.0,Unmet country spinning reserve costs: $m,0.0
Lesotho,Lesotho,Costs,2032.0,Unmet demand costs: $m,29.69100819690779
Lesotho,Lesotho,Costs,2032.0,Unmet system CO2 backstop cost: $m,0.0
Lesotho,Lesotho,Costs,2032.0,Unmet system planning reserve costs: $m,0.0
Lesotho,Lesotho,Costs,2032.0,Unmet system spinning reserve costs: $m,0.0
Lesotho,Lesotho,Costs,2032.0,VRE curtailment: $m,0.0
Lesotho,Lesotho,Costs,2032.0,Variable O&M: $m,0.263648088
Lesotho,Lesotho,Costs,2035.0,Carbon costs: $m,0.0
Lesotho,Lesotho,Costs,2035.0,Excess generation: $m,0.0
Lesotho,Lesotho,Costs,2035.0,Export revenues with external zones: $m,0.0
Lesotho,Lesotho,Costs,2035.0,Export revenues with internal zones: $m,-0.587723122455206
Lesotho,Lesotho,Costs,2035.0,Fixed O&M: $m,9.0972
Lesotho,Lesotho,Costs,2035.0,Fuel costs: $m,0.0
Lesotho,Lesotho,Costs,2035.0,Generation costs: $m,0.0
Lesotho,Lesotho,Costs,2035.0,Import costs with external zones: $m,0.0
Lesotho,Lesotho,Costs,2035.0,Import costs with internal zones: $m,296.13275515490085
Lesotho,Lesotho,Costs,2035.0,NPV of system cost: $m,0.0
Lesotho,Lesotho,Costs,2035.0,Spinning reserve costs: $m,0.0
Lesotho,Lesotho,Costs,2035.0,Startup costs: $m,0.0
Lesotho,Lesotho,Costs,2035.0,Trade shared benefits: $m,-131.05288351771867
Lesotho,Lesotho,Costs,2035.0,Transmission costs: $m,0.0
Lesotho,Lesotho,Costs,2035.0,Unmet country CO2 backstop cost: $m,0.0
Lesotho,Lesotho,Costs,2035.0,Unmet country planning reserve costs: $m,3.260064000000004
Lesotho,Lesotho,Costs,2035.0,Unmet country spinning reserve costs: $m,0.0
Lesotho,Lesotho,Costs,2035.0,Unmet demand costs: $m,44.52800518563449
Lesotho,Lesotho,Costs,2035.0,Unmet system CO2 backstop cost: $m,0.0
Lesotho,Lesotho,Costs,2035.0,Unmet system planning reserve costs: $m,0.0
Lesotho,Lesotho,Costs,2035.0,Unmet system spinning reserve costs: $m,0.0
Lesotho,Lesotho,Costs,2035.0,VRE curtailment: $m,0.0
Lesotho,Lesotho,Costs,2035.0,Variable O&M: $m,0.263648088
Lesotho,Lesotho,Costs,2038.0,Carbon costs: $m,0.0
Lesotho,Lesotho,Costs,2038.0,Excess generation: $m,0.0
Lesotho,Lesotho,Costs,2038.0,Export revenues with external zones: $m,0.0
Lesotho,Lesotho,Costs,2038.0,Export revenues with internal zones: $m,-26.29212029667157
Lesotho,Lesotho,Costs,2038.0,Fixed O&M: $m,18.016820596270204
Lesotho,Lesotho,Costs,2038.0,Fuel costs: $m,0.0
Lesotho,Lesotho,Costs,2038.0,Generation costs: $m,0.0
Lesotho,Lesotho,Costs,2038.0,Import costs with external zones: $m,0.0
Lesotho,Lesotho,Costs,2038.0,Import costs with internal zones: $m,0.0397992642954585
Lesotho,Lesotho,Costs,2038.0,NPV of system cost: $m,0.0
Lesotho,Lesotho,Costs,2038.0,Spinning reserve costs: $m,0.0
Lesotho,Lesotho,Costs,2038.0,Startup costs: $m,0.0
Lesotho,Lesotho,Costs,2038.0,Trade shared benefits: $m,-1.7730530263950437
Lesotho,Lesotho,Costs,2038.0,Transmission costs: $m,0.0
Lesotho,Lesotho,Costs,2038.0,Unmet country CO2 backstop cost: $m,0.0
Lesotho,Lesotho,Costs,2038.0,Unmet country planning reserve costs: $m,0.0
Lesotho,Lesotho,Costs,2038.0,Unmet country spinning reserve costs: $m,0.0
Lesotho,Lesotho,Costs,2038.0,Unmet demand costs: $m,0.0
Lesotho,Lesotho,Costs,2038.0,Unmet system CO2 backstop cost: $m,0.0
Lesotho,Lesotho,Costs,2038.0,Unmet system planning reserve costs: $m,0.0
Lesotho,Lesotho,Costs,2038.0,Unmet system spinning reserve costs: $m,0.0008387893351337
Lesotho,Lesotho,Costs,2038.0,VRE curtailment: $m,0.0
Lesotho,Lesotho,Costs,2038.0,Variable O&M: $m,0.9249012709963984
Lesotho,Lesotho,Costs,2040.0,Carbon costs: $m,0.0
Lesotho,Lesotho,Costs,2040.0,Excess generation: $m,0.0
Lesotho,Lesotho,Costs,2040.0,Export revenues with external zones: $m,0.0
Lesotho,Lesotho,Costs,2040.0,Export revenues with internal zones: $m,-21.31661499269503
Lesotho,Lesotho,Costs,2040.0,Fixed O&M: $m,18.6888205962702
Lesotho,Lesotho,Costs,2040.0,Fuel costs: $m,0.0
Lesotho,Lesotho,Costs,2040.0,Generation costs: $m,0.0
Lesotho,Lesotho,Costs,2040.0,Import costs with external zones: $m,0.0
Lesotho,Lesotho,Costs,2040.0,Import costs with internal zones: $m,0.0393044657747918
Lesotho,Lesotho,Costs,2040.0,NPV of system cost: $m,0.0
Lesotho,Lesotho,Costs,2040.0,Spinning reserve costs: $m,0.0
Lesotho,Lesotho,Costs,2040.0,Startup costs: $m,0.0
Lesotho,Lesotho,Costs,2040.0,Trade shared benefits: $m,-1.3398531306618824
Lesotho,Lesotho,Costs,2040.0,Transmission costs: $m,0.0
Lesotho,Lesotho,Costs,2040.0,Unmet country CO2 backstop cost: $m,0.0
Lesotho,Lesotho,Costs,2040.0,Unmet country planning reserve costs: $m,0.0
Lesotho,Lesotho,Costs,2040.0,Unmet country spinning reserve costs: $m,0.0
Lesotho,Lesotho,Costs,2040.0,Unmet demand costs: $m,0.0
Lesotho,Lesotho,Costs,2040.0,Unmet system CO2 backstop cost: $m,0.0
Lesotho,Lesotho,Costs,2040.0,Unmet system planning reserve costs: $m,0.0
Lesotho,Lesotho,Costs,2040.0,Unmet system spinning reserve costs: $m,0.0198127466001097
Lesotho,Lesotho,Costs,2040.0,VRE curtailment: $m,0.0
Lesotho,Lesotho,Costs,2040.0,Variable O&M: $m,0.9249012709963984
Lesotho,Lesotho,Costs,2042.0,Carbon costs: $m,0.0
Lesotho,Lesotho,Costs,2042.0,Excess generation: $m,0.0
Lesotho,Lesotho,Costs,2042.0,Export revenues with external zones: $m,0.0
Lesotho,Lesotho,Costs,2042.0,Export revenues with internal zones: $m,-20.488019528390897
Lesotho,Lesotho,Costs,2042.0,Fixed O&M: $m,19.3608205962702
Lesotho,Lesotho,Costs,2042.0,Fuel costs: $m,0.0
Lesotho,Lesotho,Costs,2042.0,Generation costs: $m,0.0
Lesotho,Lesotho,Costs,2042.0,Import costs with external zones: $m,0.0
Lesotho,Lesotho,Costs,2042.0,Import costs with internal zones: $m,0.1457926669002623
Lesotho,Lesotho,Costs,2042.0,NPV of system cost: $m,0.0
Lesotho,Lesotho,Costs,2042.0,Spinning reserve costs: $m,0.0
Lesotho,Lesotho,Costs,2042.0,Startup costs: $m,0.0
Lesotho,Lesotho,Costs,2042.0,Trade shared benefits: $m,-1.198792879566371
Lesotho,Lesotho,Costs,2042.0,Transmission costs: $m,0.0
Lesotho,Lesotho,Costs,2042.0,Unmet country CO2 backstop cost: $m,0.0
Lesotho,Lesotho,Costs,2042.0,Unmet country planning reserve costs: $m,0.0
Lesotho,Lesotho,Costs,2042.0,Unmet country spinning reserve costs: $m,0.0
Lesotho,Lesotho,Costs,2042.0,Unmet demand costs: $m,0.0
Lesotho,Lesotho,Costs,2042.0,Unmet system CO2 backstop cost: $m,0.0
Lesotho,Lesotho,Costs,2042.0,Unmet system planning reserve costs: $m,0.0
Lesotho,Lesotho,Costs,2042.0,Unmet system spinning reserve costs: $m,0.0372455488314207
Lesotho,Lesotho,Costs,2042.0,VRE curtailment: $m,0.0
Lesotho,Lesotho,Costs,2042.0,Variable O&M: $m,0.9249012709963984
Lesotho,Lesotho,Costs,2045.0,Carbon costs: $m,0.0
Lesotho,Lesotho,Costs,2045.0,Excess generation: $m,0.0
Lesotho,Lesotho,Costs,2045.0,Export revenues with external zones: $m,0.0
Lesotho,Lesotho,Costs,2045.0,Export revenues with internal zones: $m,-16.82214501535072
Lesotho,Lesotho,Costs,2045.0,Fixed O&M: $m,20.368820596270204
Lesotho,Lesotho,Costs,2045.0,Fuel costs: $m,0.0
Lesotho,Lesotho,Costs,2045.0,Generation costs: $m,0.0
Lesotho,Lesotho,Costs,2045.0,Import costs with external zones: $m,0.0
Lesotho,Lesotho,Costs,2045.0,Import costs with internal zones: $m,0.5769517576250949
Lesotho,Lesotho,Costs,2045.0,NPV of system cost: $m,0.0
Lesotho,Lesotho,Costs,2045.0,Spinning reserve costs: $m,0.0
Lesotho,Lesotho,Costs,2045.0,Startup costs: $m,0.0
Lesotho,Lesotho,Costs,2045.0,Trade shared benefits: $m,-3.895754837351436
Lesotho,Lesotho,Costs,2045.0,Transmission costs: $m,0.0
Lesotho,Lesotho,Costs,2045.0,Unmet country CO2 backstop cost: $m,0.0
Lesotho,Lesotho,Costs,2045.0,Unmet country planning reserve costs: $m,0.0
Lesotho,Lesotho,Costs,2045.0,Unmet country spinning reserve costs: $m,0.0
Lesotho,Lesotho,Costs,2045.0,Unmet demand costs: $m,0.0
Lesotho,Lesotho,Costs,2045.0,Unmet system CO2 backstop cost: $m,0.0
Lesotho,Lesotho,Costs,2045.0,Unmet system planning reserve costs: $m,0.0
Lesotho,Lesotho,Costs,2045.0,Unmet system spinning reserve costs: $m,0.0
Lesotho,Lesotho,Costs,2045.0,VRE curtailment: $m,0.0
Lesotho,Lesotho,Costs,2045.0,Variable O&M: $m,0.9245876489227304
Lesotho,Lesotho,Costs,2048.0,Carbon costs: $m,0.0
Lesotho,Lesotho,Costs,2048.0,Excess generation: $m,0.0
Lesotho,Lesotho,Costs,2048.0,Export revenues with external zones: $m,0.0
Lesotho,Lesotho,Costs,2048.0,Export revenues with internal zones: $m,-15.793161594162004
Lesotho,Lesotho,Costs,2048.0,Fixed O&M: $m,21.9444864872528
Lesotho,Lesotho,Costs,2048.0,Fuel costs: $m,0.0
Lesotho,Lesotho,Costs,2048.0,Generation costs: $m,0.0
Lesotho,Lesotho,Costs,2048.0,Import costs with external zones: $m,0.0
Lesotho,Lesotho,Costs,2048.0,Import costs with internal zones: $m,0.8627329387743554
Lesotho,Lesotho,Costs,2048.0,NPV of system cost: $m,0.0
Lesotho,Lesotho,Costs,2048.0,Spinning reserve costs: $m,0.0
Lesotho,Lesotho,Costs,2048.0,Startup costs: $m,0.0
Lesotho,Lesotho,Costs,2048.0,Trade shared benefits: $m,-4.845968443745103
Lesotho,Lesotho,Costs,2048.0,Transmission costs: $m,0.0
Lesotho,Lesotho,Costs,2048.0,Unmet country CO2 backstop cost: $m,0.0
Lesotho,Lesotho,Costs,2048.0,Unmet country planning reserve costs: $m,0.0
Lesotho,Lesotho,Costs,2048.0,Unmet country spinning reserve costs: $m,0.0
Lesotho,Lesotho,Costs,2048.0,Unmet demand costs: $m,0.0
Lesotho,Lesotho,Costs,2048.0,Unmet system CO2 backstop cost: $m,0.0
Lesotho,Lesotho,Costs,2048.0,Unmet system planning reserve costs: $m,0.0
Lesotho,Lesotho,Costs,2048.0,Unmet system spinning reserve costs: $m,0.0
Lesotho,Lesotho,Costs,2048.0,VRE curtailment: $m,0.0
Lesotho,Lesotho,Costs,2048.0,Variable O&M: $m,0.9375575530643856
Lesotho,Lesotho,Costs,2050.0,Carbon costs: $m,0.0
Lesotho,Lesotho,Costs,2050.0,Excess generation: $m,0.0
Lesotho,Lesotho,Costs,2050.0,Export revenues with external zones: $m,0.0
Lesotho,Lesotho,Costs,2050.0,Export revenues with internal zones: $m,-14.007318231071704
Lesotho,Lesotho,Costs,2050.0,Fixed O&M: $m,22.439981514998653
Lesotho,Lesotho,Costs,2050.0,Fuel costs: $m,0.0
Lesotho,Lesotho,Costs,2050.0,Generation costs: $m,0.0
Lesotho,Lesotho,Costs,2050.0,Import costs with external zones: $m,0.0
Lesotho,Lesotho,Costs,2050.0,Import costs with internal zones: $m,2.046268175498061
Lesotho,Lesotho,Costs,2050.0,NPV of system cost: $m,0.0
Lesotho,Lesotho,Costs,2050.0,Spinning reserve costs: $m,0.0
Lesotho,Lesotho,Costs,2050.0,Startup costs: $m,0.0
Lesotho,Lesotho,Costs,2050.0,Trade shared benefits: $m,-4.479620543063465
Lesotho,Lesotho,Costs,2050.0,Transmission costs: $m,0.0
Lesotho,Lesotho,Costs,2050.0,Unmet country CO2 backstop cost: $m,0.0
Lesotho,Lesotho,Costs,2050.0,Unmet country planning reserve costs: $m,1.3600040244000058
Lesotho,Lesotho,Costs,2050.0,Unmet country spinning reserve costs: $m,0.0
Lesotho,Lesotho,Costs,2050.0,Unmet demand costs: $m,0.0
Lesotho,Lesotho,Costs,2050.0,Unmet system CO2 backstop cost: $m,0.0
Lesotho,Lesotho,Costs,2050.0,Unmet system planning reserve costs: $m,0.0
Lesotho,Lesotho,Costs,2050.0,Unmet system spinning reserve costs: $m,0.0
Lesotho,Lesotho,Costs,2050.0,VRE curtailment: $m,0.0
Lesotho,Lesotho,Costs,2050.0,Variable O&M: $m,0.9191553150737862
Lesotho,Lesotho,DiscountedWeightedCostsCumulated,2025.0,Carbon costs: $m,136201.81257332538
Lesotho,Lesotho,DiscountedWeightedCostsCumulated,2025.0,Excess generation: $m,136201.81257332538
Lesotho,Lesotho,DiscountedWeightedCostsCumulated,2025.0,Export revenues with external zones: $m,136201.81257332538
Lesotho,Lesotho,DiscountedWeightedCostsCumulated,2025.0,Export revenues with internal zones: $m,136201.81257332538
Lesotho,Lesotho,DiscountedWeightedCostsCumulated,2025.0,Fixed O&M: $m,136140.6058416168
Lesotho,Lesotho,DiscountedWeightedCostsCumulated,2025.0,Fuel costs: $m,136241.59079679495
Lesotho,Lesotho,DiscountedWeightedCostsCumulated,2025.0,Generation costs: $m,136241.59079679495
Lesotho,Lesotho,DiscountedWeightedCostsCumulated,2025.0,Import costs with external zones: $m,136241.59079679495
Lesotho,Lesotho,DiscountedWeightedCostsCumulated,2025.0,Import costs with internal zones: $m,136349.4462712134
Lesotho,Lesotho,DiscountedWeightedCostsCumulated,2025.0,NPV of system cost: $m,137866.15059940214
Lesotho,Lesotho,DiscountedWeightedCostsCumulated,2025.0,Spinning reserve costs: $m,137866.15059940214
Lesotho,Lesotho,DiscountedWeightedCostsCumulated,2025.0,Startup costs: $m,137866.15059940214
Lesotho,Lesotho,DiscountedWeightedCostsCumulated,2025.0,Trade shared benefits: $m,137828.4076627578
Lesotho,Lesotho,DiscountedWeightedCostsCumulated,2025.0,Transmission costs: $m,137181.03915302476
Lesotho,Lesotho,DiscountedWeightedCostsCumulated,2025.0,Unmet country CO2 backstop cost: $m,137181.03915302476
Lesotho,Lesotho,DiscountedWeightedCostsCumulated,2025.0,Unmet country planning reserve costs: $m,137183.15988902477
Lesotho,Lesotho,DiscountedWeightedCostsCumulated,2025.0,Unmet country spinning reserve costs: $m,137197.53581526747
Lesotho,Lesotho,DiscountedWeightedCostsCumulated,2025.0,Unmet demand costs: $m,137202.0618416536
Lesotho,Lesotho,DiscountedWeightedCostsCumulated,2025.0,Unmet system CO2 backstop cost: $m,137369.81861209366
Lesotho,Lesotho,DiscountedWeightedCostsCumulated,2025.0,Unmet system planning reserve costs: $m,137369.81861209366
Lesotho,Lesotho,DiscountedWeightedCostsCumulated,2025.0,Unmet system spinning reserve costs: $m,137369.81861209366
Lesotho,Lesotho,DiscountedWeightedCostsCumulated,2025.0,VRE curtailment: $m,137369.84609908465
Lesotho,Lesotho,DiscountedWeightedCostsCumulated,2025.0,Variable O&M: $m,137370.10974717265
Lesotho,Lesotho,DiscountedWeightedCostsCumulated,2027.0,Carbon costs: $m,136201.81257332538
Lesotho,Lesotho,DiscountedWeightedCostsCumulated,2027.0,Excess generation: $m,136201.81257332538
Lesotho,Lesotho,DiscountedWeightedCostsCumulated,2027.0,Export revenues with external zones: $m,136201.81257332538
Lesotho,Lesotho,DiscountedWeightedCostsCumulated,2027.0,Export revenues with internal zones: $m,136201.81257332538
Lesotho,Lesotho,DiscountedWeightedCostsCumulated,2027.0,Fixed O&M: $m,136147.99275070772
Lesotho,Lesotho,DiscountedWeightedCostsCumulated,2027.0,Fuel costs: $m,136241.59079679495
Lesotho,Lesotho,DiscountedWeightedCostsCumulated,2027.0,Generation costs: $m,136241.59079679495
Lesotho,Lesotho,DiscountedWeightedCostsCumulated,2027.0,Import costs with external zones: $m,136241.59079679495
Lesotho,Lesotho,DiscountedWeightedCostsCumulated,2027.0,Import costs with internal zones: $m,136689.21153546884
Lesotho,Lesotho,DiscountedWeightedCostsCumulated,2027.0,NPV of system cost: $m,137866.15059940214
Lesotho,Lesotho,DiscountedWeightedCostsCumulated,2027.0,Spinning reserve costs: $m,137866.15059940214
Lesotho,Lesotho,DiscountedWeightedCostsCumulated,2027.0,Startup costs: $m,137866.15059940214
Lesotho,Lesotho,DiscountedWeightedCostsCumulated,2027.0,Trade shared benefits: $m,137692.7591981855
Lesotho,Lesotho,DiscountedWeightedCostsCumulated,2027.0,Transmission costs: $m,137181.03915302476
Lesotho,Lesotho,DiscountedWeightedCostsCumulated,2027.0,Unmet country CO2 backstop cost: $m,137181.03915302476
Lesotho,Lesotho,DiscountedWeightedCostsCumulated,2027.0,Unmet country planning reserve costs: $m,137186.98819447932
Lesotho,Lesotho,DiscountedWeightedCostsCumulated,2027.0,Unmet country spinning reserve costs: $m,137197.53581526747
Lesotho,Lesotho,DiscountedWeightedCostsCumulated,2027.0,Unmet demand costs: $m,137228.2381417724
Lesotho,Lesotho,DiscountedWeightedCostsCumulated,2027.0,Unmet system CO2 backstop cost: $m,137369.81861209366
Lesotho,Lesotho,DiscountedWeightedCostsCumulated,2027.0,Unmet system planning reserve costs: $m,137369.81861209366
Lesotho,Lesotho,DiscountedWeightedCostsCumulated,2027.0,Unmet system spinning reserve costs: $m,137369.81861209366
Lesotho,Lesotho,DiscountedWeightedCostsCumulated,2027.0,VRE curtailment: $m,137369.84609908465
Lesotho,Lesotho,DiscountedWeightedCostsCumulated,2027.0,Variable O&M: $m,137370.58910733266
Lesotho,Lesotho,DiscountedWeightedCostsCumulated,2030.0,Carbon costs: $m,136201.81257332538
Lesotho,Lesotho,DiscountedWeightedCostsCumulated,2030.0,Excess generation: $m,136201.81257332538
Lesotho,Lesotho,DiscountedWeightedCostsCumulated,2030.0,Export revenues with external zones: $m,136201.81257332538
Lesotho,Lesotho,DiscountedWeightedCostsCumulated,2030.0,Export revenues with internal zones: $m,136201.81257332538
Lesotho,Lesotho,DiscountedWeightedCostsCumulated,2030.0,Fixed O&M: $m,136161.2279002993
Lesotho,Lesotho,DiscountedWeightedCostsCumulated,2030.0,Fuel costs: $m,136241.59079679495
Lesotho,Lesotho,DiscountedWeightedCostsCumulated,2030.0,Generation costs: $m,136241.59079679495
Lesotho,Lesotho,DiscountedWeightedCostsCumulated,2030.0,Import costs with external zones: $m,136241.59079679495
Lesotho,Lesotho,DiscountedWeightedCostsCumulated,2030.0,Import costs with internal zones: $m,137184.67475484734
Lesotho,Lesotho,DiscountedWeightedCostsCumulated,2030.0,NPV of system cost: $m,137866.15059940214
Lesotho,Lesotho,DiscountedWeightedCostsCumulated,2030.0,Spinning reserve costs: $m,137866.15059940214
Lesotho,Lesotho,DiscountedWeightedCostsCumulated,2030.0,Startup costs: $m,137866.15059940214
Lesotho,Lesotho,DiscountedWeightedCostsCumulated,2030.0,Trade shared benefits: $m,137485.413365002
Lesotho,Lesotho,DiscountedWeightedCostsCumulated,2030.0,Transmission costs: $m,137181.03915302476
Lesotho,Lesotho,DiscountedWeightedCostsCumulated,2030.0,Unmet country CO2 backstop cost: $m,137181.03915302476
Lesotho,Lesotho,DiscountedWeightedCostsCumulated,2030.0,Unmet country planning reserve costs: $m,137190.7003941194
Lesotho,Lesotho,DiscountedWeightedCostsCumulated,2030.0,Unmet country spinning reserve costs: $m,137197.53581526747
Lesotho,Lesotho,DiscountedWeightedCostsCumulated,2030.0,Unmet demand costs: $m,137276.88119785552
Lesotho,Lesotho,DiscountedWeightedCostsCumulated,2030.0,Unmet system CO2 backstop cost: $m,137369.81861209366
Lesotho,Lesotho,DiscountedWeightedCostsCumulated,2030.0,Unmet system planning reserve costs: $m,137369.81861209366
Lesotho,Lesotho,DiscountedWeightedCostsCumulated,2030.0,Unmet system spinning reserve costs: $m,137369.81861209366
Lesotho,Lesotho,DiscountedWeightedCostsCumulated,2030.0,VRE curtailment: $m,137369.84609908465
Lesotho,Lesotho,DiscountedWeightedCostsCumulated,2030.0,Variable O&M: $m,137371.15570069547
Lesotho,Lesotho,DiscountedWeightedCostsCumulated,2032.0,Carbon costs: $m,136201.81257332538
Lesotho,Lesotho,DiscountedWeightedCostsCumulated,2032.0,Excess generation: $m,136201.81257332538
Lesotho,Lesotho,DiscountedWeightedCostsCumulated,2032.0,Export revenues with external zones: $m,136201.81257332538
Lesotho,Lesotho,DiscountedWeightedCostsCumulated,2032.0,Export revenues with internal zones: $m,136201.71094866164
Lesotho,Lesotho,DiscountedWeightedCostsCumulated,2032.0,Fixed O&M: $m,136169.6015323673
Lesotho,Lesotho,DiscountedWeightedCostsCumulated,2032.0,Fuel costs: $m,136241.59079679495
Lesotho,Lesotho,DiscountedWeightedCostsCumulated,2032.0,Generation costs: $m,136241.59079679495
Lesotho,Lesotho,DiscountedWeightedCostsCumulated,2032.0,Import costs with external zones: $m,136241.59079679495
Lesotho,Lesotho,DiscountedWeightedCostsCumulated,2032.0,Import costs with internal zones: $m,137469.8235727207
Lesotho,Lesotho,DiscountedWeightedCostsCumulated,2032.0,NPV of system cost: $m,137866.15059940214
Lesotho,Lesotho,DiscountedWeightedCostsCumulated,2032.0,Spinning reserve costs: $m,137866.15059940214
Lesotho,Lesotho,DiscountedWeightedCostsCumulated,2032.0,Startup costs: $m,137866.15059940214
Lesotho,Lesotho,DiscountedWeightedCostsCumulated,2032.0,Trade shared benefits: $m,137363.70699663874
Lesotho,Lesotho,DiscountedWeightedCostsCumulated,2032.0,Transmission costs: $m,137181.03915302476
Lesotho,Lesotho,DiscountedWeightedCostsCumulated,2032.0,Unmet country CO2 backstop cost: $m,137181.03915302476
Lesotho,Lesotho,DiscountedWeightedCostsCumulated,2032.0,Unmet country planning reserve costs: $m,137192.90946148994
Lesotho,Lesotho,DiscountedWeightedCostsCumulated,2032.0,Unmet country spinning reserve costs: $m,137197.53581526747
Lesotho,Lesotho,DiscountedWeightedCostsCumulated,2032.0,Unmet demand costs: $m,137310.40079802385
Lesotho,Lesotho,DiscountedWeightedCostsCumulated,2032.0,Unmet system CO2 backstop cost: $m,137369.81861209366
Lesotho,Lesotho,DiscountedWeightedCostsCumulated,2032.0,Unmet system planning reserve costs: $m,137369.81861209366
Lesotho,Lesotho,DiscountedWeightedCostsCumulated,2032.0,Unmet system spinning reserve costs: $m,137369.81861209366
Lesotho,Lesotho,DiscountedWeightedCostsCumulated,2032.0,VRE curtailment: $m,137369.84609908465
Lesotho,Lesotho,DiscountedWeightedCostsCumulated,2032.0,Variable O&M: $m,137371.45334564024
Lesotho,Lesotho,DiscountedWeightedCostsCumulated,2035.0,Carbon costs: $m,136201.81257332538
Lesotho,Lesotho,DiscountedWeightedCostsCumulated,2035.0,Excess generation: $m,136201.81257332538
Lesotho,Lesotho,DiscountedWeightedCostsCumulated,2035.0,Export revenues with external zones: $m,136201.81257332538
Lesotho,Lesotho,DiscountedWeightedCostsCumulated,2035.0,Export revenues with internal zones: $m,136200.92669562652
Lesotho,Lesotho,DiscountedWeightedCostsCumulated,2035.0,Fixed O&M: $m,136181.74076330528
Lesotho,Lesotho,DiscountedWeightedCostsCumulated,2035.0,Fuel costs: $m,136241.59079679495
Lesotho,Lesotho,DiscountedWeightedCostsCumulated,2035.0,Generation costs: $m,136241.59079679495
Lesotho,Lesotho,DiscountedWeightedCostsCumulated,2035.0,Import costs with external zones: $m,136241.59079679495
Lesotho,Lesotho,DiscountedWeightedCostsCumulated,2035.0,Import costs with internal zones: $m,137864.98075329547
Lesotho,Lesotho,DiscountedWeightedCostsCumulated,2035.0,NPV of system cost: $m,137866.15059940214
Lesotho,Lesotho,DiscountedWeightedCostsCumulated,2035.0,Spinning reserve costs: $m,137866.15059940214
Lesotho,Lesotho,DiscountedWeightedCostsCumulated,2035.0,Startup costs: $m,137866.15059940214
Lesotho,Lesotho,DiscountedWeightedCostsCumulated,2035.0,Trade shared benefits: $m,137188.83107678324
Lesotho,Lesotho,DiscountedWeightedCostsCumulated,2035.0,Transmission costs: $m,137181.03915302476
Lesotho,Lesotho,DiscountedWeightedCostsCumulated,2035.0,Unmet country CO2 backstop cost: $m,137181.03915302476
Lesotho,Lesotho,DiscountedWeightedCostsCumulated,2035.0,Unmet country planning reserve costs: $m,137197.25966482377
Lesotho,Lesotho,DiscountedWeightedCostsCumulated,2035.0,Unmet country spinning reserve costs: $m,137197.53581526747
Lesotho,Lesotho,DiscountedWeightedCostsCumulated,2035.0,Unmet demand costs: $m,137369.81861209366
Lesotho,Lesotho,DiscountedWeightedCostsCumulated,2035.0,Unmet system CO2 backstop cost: $m,137369.81861209366
Lesotho,Lesotho,DiscountedWeightedCostsCumulated,2035.0,Unmet system planning reserve costs: $m,137369.81861209366
Lesotho,Lesotho,DiscountedWeightedCostsCumulated,2035.0,Unmet system spinning reserve costs: $m,137369.81861209366
Lesotho,Lesotho,DiscountedWeightedCostsCumulated,2035.0,VRE curtailment: $m,137369.84609908465
Lesotho,Lesotho,DiscountedWeightedCostsCumulated,2035.0,Variable O&M: $m,137371.80515554073
Lesotho,Lesotho,DiscountedWeightedCostsCumulated,2038.0,Carbon costs: $m,136201.81257332538
Lesotho,Lesotho,DiscountedWeightedCostsCumulated,2038.0,Excess generation: $m,136201.81257332538
Lesotho,Lesotho,DiscountedWeightedCostsCumulated,2038.0,Export revenues with external zones: $m,136201.81257332538
Lesotho,Lesotho,DiscountedWeightedCostsCumulated,2038.0,Export revenues with internal zones: $m,136174.56757084085
Lesotho,Lesotho,DiscountedWeightedCostsCumulated,2038.0,Fixed O&M: $m,136199.8034990976
Lesotho,Lesotho,DiscountedWeightedCostsCumulated,2038.0,Fuel costs: $m,136241.59079679495
Lesotho,Lesotho,DiscountedWeightedCostsCumulated,2038.0,Generation costs: $m,136241.59079679495
Lesotho,Lesotho,DiscountedWeightedCostsCumulated,2038.0,Import costs with external zones: $m,136241.59079679495
Lesotho,Lesotho,DiscountedWeightedCostsCumulated,2038.0,Import costs with internal zones: $m,137865.02065398672
Lesotho,Lesotho,DiscountedWeightedCostsCumulated,2038.0,NPV of system cost: $m,137866.15059940214
Lesotho,Lesotho,DiscountedWeightedCostsCumulated,2038.0,Spinning reserve costs: $m,137866.15059940214
Lesotho,Lesotho,DiscountedWeightedCostsCumulated,2038.0,Startup costs: $m,137866.15059940214
Lesotho,Lesotho,DiscountedWeightedCostsCumulated,2038.0,Trade shared benefits: $m,137187.05350519728
Lesotho,Lesotho,DiscountedWeightedCostsCumulated,2038.0,Transmission costs: $m,137181.03915302476
Lesotho,Lesotho,DiscountedWeightedCostsCumulated,2038.0,Unmet country CO2 backstop cost: $m,137181.03915302476
Lesotho,Lesotho,DiscountedWeightedCostsCumulated,2038.0,Unmet country planning reserve costs: $m,137197.25966482377
Lesotho,Lesotho,DiscountedWeightedCostsCumulated,2038.0,Unmet country spinning reserve costs: $m,137197.53581526747
Lesotho,Lesotho,DiscountedWeightedCostsCumulated,2038.0,Unmet demand costs: $m,137369.81861209366
Lesotho,Lesotho,DiscountedWeightedCostsCumulated,2038.0,Unmet system CO2 backstop cost: $m,137369.81861209366
Lesotho,Lesotho,DiscountedWeightedCostsCumulated,2038.0,Unmet system planning reserve costs: $m,137369.81861209366
Lesotho,Lesotho,DiscountedWeightedCostsCumulated,2038.0,Unmet system spinning reserve costs: $m,137369.8194530206
Lesotho,Lesotho,DiscountedWeightedCostsCumulated,2038.0,VRE curtailment: $m,137369.84609908465
Lesotho,Lesotho,DiscountedWeightedCostsCumulated,2038.0,Variable O&M: $m,137372.73241388815
Lesotho,Lesotho,DiscountedWeightedCostsCumulated,2040.0,Carbon costs: $m,136201.81257332538
Lesotho,Lesotho,DiscountedWeightedCostsCumulated,2040.0,Excess generation: $m,136201.81257332538
Lesotho,Lesotho,DiscountedWeightedCostsCumulated,2040.0,Export revenues with external zones: $m,136201.81257332538
Lesotho,Lesotho,DiscountedWeightedCostsCumulated,2040.0,Export revenues with internal zones: $m,136163.34090891367
Lesotho,Lesotho,DiscountedWeightedCostsCumulated,2040.0,Fixed O&M: $m,136209.64620023582
Lesotho,Lesotho,DiscountedWeightedCostsCumulated,2040.0,Fuel costs: $m,136241.59079679495
Lesotho,Lesotho,DiscountedWeightedCostsCumulated,2040.0,Generation costs: $m,136241.59079679495
Lesotho,Lesotho,DiscountedWeightedCostsCumulated,2040.0,Import costs with external zones: $m,136241.59079679495
Lesotho,Lesotho,DiscountedWeightedCostsCumulated,2040.0,Import costs with internal zones: $m,137865.04135417528
Lesotho,Lesotho,DiscountedWeightedCostsCumulated,2040.0,NPV of system cost: $m,137866.15059940214
Lesotho,Lesotho,DiscountedWeightedCostsCumulated,2040.0,Spinning reserve costs: $m,137866.15059940214
Lesotho,Lesotho,DiscountedWeightedCostsCumulated,2040.0,Startup costs: $m,137866.15059940214
Lesotho,Lesotho,DiscountedWeightedCostsCumulated,2040.0,Trade shared benefits: $m,137186.34785478632
Lesotho,Lesotho,DiscountedWeightedCostsCumulated,2040.0,Transmission costs: $m,137181.03915302476
Lesotho,Lesotho,DiscountedWeightedCostsCumulated,2040.0,Unmet country CO2 backstop cost: $m,137181.03915302476
Lesotho,Lesotho,DiscountedWeightedCostsCumulated,2040.0,Unmet country planning reserve costs: $m,137197.25966482377
Lesotho,Lesotho,DiscountedWeightedCostsCumulated,2040.0,Unmet country spinning reserve costs: $m,137197.53581526747
Lesotho,Lesotho,DiscountedWeightedCostsCumulated,2040.0,Unmet demand costs: $m,137369.81861209366
Lesotho,Lesotho,DiscountedWeightedCostsCumulated,2040.0,Unmet system CO2 backstop cost: $m,137369.81861209366
Lesotho,Lesotho,DiscountedWeightedCostsCumulated,2040.0,Unmet system planning reserve costs: $m,137369.81861209366
Lesotho,Lesotho,DiscountedWeightedCostsCumulated,2040.0,Unmet system spinning reserve costs: $m,137369.82988765143
Lesotho,Lesotho,DiscountedWeightedCostsCumulated,2040.0,VRE curtailment: $m,137369.84609908465
Lesotho,Lesotho,DiscountedWeightedCostsCumulated,2040.0,Variable O&M: $m,137373.21952471175
Lesotho,Lesotho,DiscountedWeightedCostsCumulated,2042.0,Carbon costs: $m,136201.81257332538
Lesotho,Lesotho,DiscountedWeightedCostsCumulated,2042.0,Excess generation: $m,136201.81257332538
Lesotho,Lesotho,DiscountedWeightedCostsCumulated,2042.0,Export revenues with external zones: $m,136201.81257332538
Lesotho,Lesotho,DiscountedWeightedCostsCumulated,2042.0,Export revenues with internal zones: $m,136154.42332894565
Lesotho,Lesotho,DiscountedWeightedCostsCumulated,2042.0,Fixed O&M: $m,136218.07315754492
Lesotho,Lesotho,DiscountedWeightedCostsCumulated,2042.0,Fuel costs: $m,136241.59079679495
Lesotho,Lesotho,DiscountedWeightedCostsCumulated,2042.0,Generation costs: $m,136241.59079679495
Lesotho,Lesotho,DiscountedWeightedCostsCumulated,2042.0,Import costs with external zones: $m,136241.59079679495
Lesotho,Lesotho,DiscountedWeightedCostsCumulated,2042.0,Import costs with internal zones: $m,137865.1048116395
Lesotho,Lesotho,DiscountedWeightedCostsCumulated,2042.0,NPV of system cost: $m,137866.15059940214
Lesotho,Lesotho,DiscountedWeightedCostsCumulated,2042.0,Spinning reserve costs: $m,137866.15059940214
Lesotho,Lesotho,DiscountedWeightedCostsCumulated,2042.0,Startup costs: $m,137866.15059940214
Lesotho,Lesotho,DiscountedWeightedCostsCumulated,2042.0,Trade shared benefits: $m,137185.82607026957
Lesotho,Lesotho,DiscountedWeightedCostsCumulated,2042.0,Transmission costs: $m,137181.03915302476
Lesotho,Lesotho,DiscountedWeightedCostsCumulated,2042.0,Unmet country CO2 backstop cost: $m,137181.03915302476
Lesotho,Lesotho,DiscountedWeightedCostsCumulated,2042.0,Unmet country planning reserve costs: $m,137197.25966482377
Lesotho,Lesotho,DiscountedWeightedCostsCumulated,2042.0,Unmet country spinning reserve costs: $m,137197.53581526747
Lesotho,Lesotho,DiscountedWeightedCostsCumulated,2042.0,Unmet demand costs: $m,137369.81861209366
Lesotho,Lesotho,DiscountedWeightedCostsCumulated,2042.0,Unmet system CO2 backstop cost: $m,137369.81861209366
Lesotho,Lesotho,DiscountedWeightedCostsCumulated,2042.0,Unmet system planning reserve costs: $m,137369.81861209366
Lesotho,Lesotho,DiscountedWeightedCostsCumulated,2042.0,Unmet system spinning reserve costs: $m,137369.84609908465
Lesotho,Lesotho,DiscountedWeightedCostsCumulated,2042.0,VRE curtailment: $m,137369.84609908465
Lesotho,Lesotho,DiscountedWeightedCostsCumulated,2042.0,Variable O&M: $m,137373.62209564034
Lesotho,Lesotho,DiscountedWeightedCostsCumulated,2045.0,Carbon costs: $m,136201.81257332538
Lesotho,Lesotho,DiscountedWeightedCostsCumulated,2045.0,Excess generation: $m,136201.81257332538
Lesotho,Lesotho,DiscountedWeightedCostsCumulated,2045.0,Export revenues with external zones: $m,136201.81257332538
Lesotho,Lesotho,DiscountedWeightedCostsCumulated,2045.0,Export revenues with internal zones: $m,136145.7689092635
Lesotho,Lesotho,DiscountedWeightedCostsCumulated,2045.0,Fixed O&M: $m,136228.55222081
Lesotho,Lesotho,DiscountedWeightedCostsCumulated,2045.0,Fuel costs: $m,136241.59079679495
Lesotho,Lesotho,DiscountedWeightedCostsCumulated,2045.0,Generation costs: $m,136241.59079679495
Lesotho,Lesotho,DiscountedWeightedCostsCumulated,2045.0,Import costs with external zones: $m,136241.59079679495
Lesotho,Lesotho,DiscountedWeightedCostsCumulated,2045.0,Import costs with internal zones: $m,137865.4016336347
Lesotho,Lesotho,DiscountedWeightedCostsCumulated,2045.0,NPV of system cost: $m,137866.15059940214
Lesotho,Lesotho,DiscountedWeightedCostsCumulated,2045.0,Spinning reserve costs: $m,137866.15059940214
Lesotho,Lesotho,DiscountedWeightedCostsCumulated,2045.0,Startup costs: $m,137866.15059940214
Lesotho,Lesotho,DiscountedWeightedCostsCumulated,2045.0,Trade shared benefits: $m,137183.82183731886
Lesotho,Lesotho,DiscountedWeightedCostsCumulated,2045.0,Transmission costs: $m,137181.03915302476
Lesotho,Lesotho,DiscountedWeightedCostsCumulated,2045.0,Unmet country CO2 backstop cost: $m,137181.03915302476
Lesotho,Lesotho,DiscountedWeightedCostsCumulated,2045.0,Unmet country planning reserve costs: $m,137197.25966482377
Lesotho,Lesotho,DiscountedWeightedCostsCumulated,2045.0,Unmet country spinning reserve costs: $m,137197.53581526747
Lesotho,Lesotho,DiscountedWeightedCostsCumulated,2045.0,Unmet demand costs: $m,137369.81861209366
Lesotho,Lesotho,DiscountedWeightedCostsCumulated,2045.0,Unmet system CO2 backstop cost: $m,137369.81861209366
Lesotho,Lesotho,DiscountedWeightedCostsCumulated,2045.0,Unmet system planning reserve costs: $m,137369.81861209366
Lesotho,Lesotho,DiscountedWeightedCostsCumulated,2045.0,Unmet system spinning reserve costs: $m,137369.84609908465
Lesotho,Lesotho,DiscountedWeightedCostsCumulated,2045.0,VRE curtailment: $m,137369.84609908465
Lesotho,Lesotho,DiscountedWeightedCostsCumulated,2045.0,Variable O&M: $m,137374.09776444116
Lesotho,Lesotho,DiscountedWeightedCostsCumulated,2048.0,Carbon costs: $m,136201.81257332538
Lesotho,Lesotho,DiscountedWeightedCostsCumulated,2048.0,Excess generation: $m,136201.81257332538
Lesotho,Lesotho,DiscountedWeightedCostsCumulated,2048.0,Export revenues with external zones: $m,136201.81257332538
Lesotho,Lesotho,DiscountedWeightedCostsCumulated,2048.0,Export revenues with internal zones: $m,136139.66444433623
Lesotho,Lesotho,DiscountedWeightedCostsCumulated,2048.0,Fixed O&M: $m,136237.03433171034
Lesotho,Lesotho,DiscountedWeightedCostsCumulated,2048.0,Fuel costs: $m,136241.59079679495
Lesotho,Lesotho,DiscountedWeightedCostsCumulated,2048.0,Generation costs: $m,136241.59079679495
Lesotho,Lesotho,DiscountedWeightedCostsCumulated,2048.0,Import costs with external zones: $m,136241.59079679495
Lesotho,Lesotho,DiscountedWeightedCostsCumulated,2048.0,Import costs with internal zones: $m,137865.73510220178
Lesotho,Lesotho,DiscountedWeightedCostsCumulated,2048.0,NPV of system cost: $m,137866.15059940214
Lesotho,Lesotho,DiscountedWeightedCostsCumulated,2048.0,Spinning reserve costs: $m,137866.15059940214
Lesotho,Lesotho,DiscountedWeightedCostsCumulated,2048.0,Startup costs: $m,137866.15059940214
Lesotho,Lesotho,DiscountedWeightedCostsCumulated,2048.0,Trade shared benefits: $m,137181.94874533362
Lesotho,Lesotho,DiscountedWeightedCostsCumulated,2048.0,Transmission costs: $m,137181.03915302476
Lesotho,Lesotho,DiscountedWeightedCostsCumulated,2048.0,Unmet country CO2 backstop cost: $m,137181.03915302476
Lesotho,Lesotho,DiscountedWeightedCostsCumulated,2048.0,Unmet country planning reserve costs: $m,137197.25966482377
Lesotho,Lesotho,DiscountedWeightedCostsCumulated,2048.0,Unmet country spinning reserve costs: $m,137197.53581526747
Lesotho,Lesotho,DiscountedWeightedCostsCumulated,2048.0,Unmet demand costs: $m,137369.81861209366
Lesotho,Lesotho,DiscountedWeightedCostsCumulated,2048.0,Unmet system CO2 backstop cost: $m,137369.81861209366
Lesotho,Lesotho,DiscountedWeightedCostsCumulated,2048.0,Unmet system planning reserve costs: $m,137369.81861209366
Lesotho,Lesotho,DiscountedWeightedCostsCumulated,2048.0,Unmet system spinning reserve costs: $m,137369.84609908465
Lesotho,Lesotho,DiscountedWeightedCostsCumulated,2048.0,VRE curtailment: $m,137369.84609908465
Lesotho,Lesotho,DiscountedWeightedCostsCumulated,2048.0,Variable O&M: $m,137374.46015465455
Lesotho,Lesotho,DiscountedWeightedCostsCumulated,2050.0,Carbon costs: $m,136201.81257332538
Lesotho,Lesotho,DiscountedWeightedCostsCumulated,2050.0,Excess generation: $m,136201.81257332538
Lesotho,Lesotho,DiscountedWeightedCostsCumulated,2050.0,Export revenues with external zones: $m,136201.81257332538
Lesotho,Lesotho,DiscountedWeightedCostsCumulated,2050.0,Export revenues with internal zones: $m,136136.8202416168
Lesotho,Lesotho,DiscountedWeightedCostsCumulated,2050.0,Fixed O&M: $m,136241.59079679495
Lesotho,Lesotho,DiscountedWeightedCostsCumulated,2050.0,Fuel costs: $m,136241.59079679495
Lesotho,Lesotho,DiscountedWeightedCostsCumulated,2050.0,Generation costs: $m,136241.59079679495
Lesotho,Lesotho,DiscountedWeightedCostsCumulated,2050.0,Import costs with external zones: $m,136241.59079679495
Lesotho,Lesotho,DiscountedWeightedCostsCumulated,2050.0,Import costs with internal zones: $m,137866.15059940214
Lesotho,Lesotho,DiscountedWeightedCostsCumulated,2050.0,NPV of system cost: $m,137866.15059940214
Lesotho,Lesotho,DiscountedWeightedCostsCumulated,2050.0,Spinning reserve costs: $m,137866.15059940214
Lesotho,Lesotho,DiscountedWeightedCostsCumulated,2050.0,Startup costs: $m,137866.15059940214
Lesotho,Lesotho,DiscountedWeightedCostsCumulated,2050.0,Trade shared benefits: $m,137181.03915302476
Lesotho,Lesotho,DiscountedWeightedCostsCumulated,2050.0,Transmission costs: $m,137181.03915302476
Lesotho,Lesotho,DiscountedWeightedCostsCumulated,2050.0,Unmet country CO2 backstop cost: $m,137181.03915302476
Lesotho,Lesotho,DiscountedWeightedCostsCumulated,2050.0,Unmet country planning reserve costs: $m,137197.53581526747
Lesotho,Lesotho,DiscountedWeightedCostsCumulated,2050.0,Unmet country spinning reserve costs: $m,137197.53581526747
Lesotho,Lesotho,DiscountedWeightedCostsCumulated,2050.0,Unmet demand costs: $m,137369.81861209366
Lesotho,Lesotho,DiscountedWeightedCostsCumulated,2050.0,Unmet system CO2 backstop cost: $m,137369.81861209366
Lesotho,Lesotho,DiscountedWeightedCostsCumulated,2050.0,Unmet system planning reserve costs: $m,137369.81861209366
Lesotho,Lesotho,DiscountedWeightedCostsCumulated,2050.0,Unmet system spinning reserve costs: $m,137369.84609908465
Lesotho,Lesotho,DiscountedWeightedCostsCumulated,2050.0,VRE curtailment: $m,137369.84609908465
Lesotho,Lesotho,DiscountedWeightedCostsCumulated,2050.0,Variable O&M: $m,137374.64679024057
Lesotho,Lesotho,GenCostsPerMWh,2025.0,Fixed O&M: $m,6.993632897292439
Lesotho,Lesotho,GenCostsPerMWh,2025.0,Variable Cost: $m,0.4870715187935999
Lesotho,Lesotho,GenCostsPerMWh,2027.0,Fixed O&M: $m,7.433639348187045
Lesotho,Lesotho,GenCostsPerMWh,2027.0,Investment costs: $m,1.102124865789993
Lesotho,Lesotho,GenCostsPerMWh,2027.0,Variable Cost: $m,0.4823926358745402
Lesotho,Lesotho,GenCostsPerMWh,2030.0,Fixed O&M: $m,9.001480342162967
Lesotho,Lesotho,GenCostsPerMWh,2030.0,Investment costs: $m,6.7603145827127324
Lesotho,Lesotho,GenCostsPerMWh,2030.0,Variable Cost: $m,0.3853510670251114
Lesotho,Lesotho,GenCostsPerMWh,2032.0,Fixed O&M: $m,9.432706924232502
Lesotho,Lesotho,GenCostsPerMWh,2032.0,Investment costs: $m,9.089115658724191
Lesotho,Lesotho,GenCostsPerMWh,2032.0,Variable Cost: $m,0.3352902908426711
Lesotho,Lesotho,GenCostsPerMWh,2035.0,Fixed O&M: $m,9.726722670123008
Lesotho,Lesotho,GenCostsPerMWh,2035.0,Investment costs: $m,11.385866157600514
Lesotho,Lesotho,GenCostsPerMWh,2035.0,Variable Cost: $m,0.2818924322301572
Lesotho,Lesotho,GenCostsPerMWh,2038.0,Fixed O&M: $m,8.215113445024391
Lesotho,Lesotho,GenCostsPerMWh,2038.0,Investment costs: $m,23.96370345324256
Lesotho,Lesotho,GenCostsPerMWh,2038.0,Variable Cost: $m,0.4217263987329491
Lesotho,Lesotho,GenCostsPerMWh,2040.0,Fixed O&M: $m,8.195763860002714
Lesotho,Lesotho,GenCostsPerMWh,2040.0,Investment costs: $m,23.73641687680959
Lesotho,Lesotho,GenCostsPerMWh,2040.0,Variable Cost: $m,0.4056046432601358
Lesotho,Lesotho,GenCostsPerMWh,2042.0,Fixed O&M: $m,8.126979429785884
Lesotho,Lesotho,GenCostsPerMWh,2042.0,Investment costs: $m,23.397816574659107
Lesotho,Lesotho,GenCostsPerMWh,2042.0,Variable Cost: $m,0.3882404450056523
Lesotho,Lesotho,GenCostsPerMWh,2045.0,Fixed O&M: $m,8.086244420108336
Lesotho,Lesotho,GenCostsPerMWh,2045.0,Investment costs: $m,23.1244934852962
Lesotho,Lesotho,GenCostsPerMWh,2045.0,Variable Cost: $m,0.3670532459975391
Lesotho,Lesotho,GenCostsPerMWh,2048.0,Fixed O&M: $m,8.313711046710512
Lesotho,Lesotho,GenCostsPerMWh,2048.0,Investment costs: $m,24.271631787930136
Lesotho,Lesotho,GenCostsPerMWh,2048.0,Variable Cost: $m,0.3551954879584904
Lesotho,Lesotho,GenCostsPerMWh,2050.0,Fixed O&M: $m,8.504141148367383
Lesotho,Lesotho,GenCostsPerMWh,2050.0,Investment costs: $m,25.04154273059824
Lesotho,Lesotho,GenCostsPerMWh,2050.0,Variable Cost: $m,0.3483348028355111
Lesotho,Lesotho,NetPresentCostPerMWh,,Carbon costs: $m,0.0
Lesotho,Lesotho,NetPresentCostPerMWh,,Excess generation: $m,0.0
Lesotho,Lesotho,NetPresentCostPerMWh,,Export revenues with external zones: $m,0.0
Lesotho,Lesotho,NetPresentCostPerMWh,,Export revenues with internal zones: $m,-4.487357267332663
Lesotho,Lesotho,NetPresentCostPerMWh,,Fixed O&M: $m,7.233821280469343
Lesotho,Lesotho,NetPresentCostPerMWh,,Fuel costs: $m,0.0
Lesotho,Lesotho,NetPresentCostPerMWh,,Generation costs: $m,0.0
Lesotho,Lesotho,NetPresentCostPerMWh,,Import costs with external zones: $m,0.0
Lesotho,Lesotho,NetPresentCostPerMWh,,Import costs with internal zones: $m,112.16677483013824
Lesotho,Lesotho,NetPresentCostPerMWh,,NPV of system cost: $m,0.0
Lesotho,Lesotho,NetPresentCostPerMWh,,Spinning reserve costs: $m,0.0
Lesotho,Lesotho,NetPresentCostPerMWh,,Startup costs: $m,0.0
Lesotho,Lesotho,NetPresentCostPerMWh,,Trade shared benefits: $m,-47.30311633713535
Lesotho,Lesotho,NetPresentCostPerMWh,,Transmission costs: $m,0.0
Lesotho,Lesotho,NetPresentCostPerMWh,,Unmet country CO2 backstop cost: $m,0.0
Lesotho,Lesotho,NetPresentCostPerMWh,,Unmet country planning reserve costs: $m,1.13900232928139
Lesotho,Lesotho,NetPresentCostPerMWh,,Unmet country spinning reserve costs: $m,0.0
Lesotho,Lesotho,NetPresentCostPerMWh,,Unmet demand costs: $m,11.895164245536431
Lesotho,Lesotho,NetPresentCostPerMWh,,Unmet system CO2 backstop cost: $m,0.0
Lesotho,Lesotho,NetPresentCostPerMWh,,Unmet system planning reserve costs: $m,0.0
Lesotho,Lesotho,NetPresentCostPerMWh,,Unmet system spinning reserve costs: $m,0.0018978231054443
Lesotho,Lesotho,NetPresentCostPerMWh,,VRE curtailment: $m,0.0
Lesotho,Lesotho,NetPresentCostPerMWh,,Variable O&M: $m,0.331460893621147
Malawi,Malawi,Costs,2025.0,Carbon costs: $m,10.187426783356234
Malawi,Malawi,Costs,2025.0,Excess generation: $m,0.0
Malawi,Malawi,Costs,2025.0,Export revenues with external zones: $m,0.0
Malawi,Malawi,Costs,2025.0,Export revenues with internal zones: $m,0.0
Malawi,Malawi,Costs,2025.0,Fixed O&M: $m,24.183887
Malawi,Malawi,Costs,2025.0,Fuel costs: $m,44.03265179631802
Malawi,Malawi,Costs,2025.0,Generation costs: $m,0.0
Malawi,Malawi,Costs,2025.0,Import costs with external zones: $m,0.0
Malawi,Malawi,Costs,2025.0,Import costs with internal zones: $m,0.0
Malawi,Malawi,Costs,2025.0,NPV of system cost: $m,0.0
Malawi,Malawi,Costs,2025.0,Spinning reserve costs: $m,0.0
Malawi,Malawi,Costs,2025.0,Startup costs: $m,0.0
Malawi,Malawi,Costs,2025.0,Trade shared benefits: $m,0.0
Malawi,Malawi,Costs,2025.0,Transmission costs: $m,0.0
Malawi,Malawi,Costs,2025.0,Unmet country CO2 backstop cost: $m,0.0
Malawi,Malawi,Costs,2025.0,Unmet country planning reserve costs: $m,0.0
Malawi,Malawi,Costs,2025.0,Unmet country spinning reserve costs: $m,0.0
Malawi,Malawi,Costs,2025.0,Unmet demand costs: $m,644.1201673521552
Malawi,Malawi,Costs,2025.0,Unmet system CO2 backstop cost: $m,0.0
Malawi,Malawi,Costs,2025.0,Unmet system planning reserve costs: $m,0.0
Malawi,Malawi,Costs,2025.0,Unmet system spinning reserve costs: $m,0.0
Malawi,Malawi,Costs,2025.0,VRE curtailment: $m,0.0
Malawi,Malawi,Costs,2025.0,Variable O&M: $m,2.1966306598066043
Malawi,Malawi,Costs,2027.0,Carbon costs: $m,1.1561772059829516
Malawi,Malawi,Costs,2027.0,Excess generation: $m,0.0
Malawi,Malawi,Costs,2027.0,Export revenues with external zones: $m,0.0
Malawi,Malawi,Costs,2027.0,Export revenues with internal zones: $m,-28.86431268130164
Malawi,Malawi,Costs,2027.0,Fixed O&M: $m,25.22605419614184
Malawi,Malawi,Costs,2027.0,Fuel costs: $m,3.668505378284164
Malawi,Malawi,Costs,2027.0,Generation costs: $m,0.0
Malawi,Malawi,Costs,2027.0,Import costs with external zones: $m,0.0
Malawi,Malawi,Costs,2027.0,Import costs with internal zones: $m,140.44440396686215
Malawi,Malawi,Costs,2027.0,NPV of system cost: $m,0.0
Malawi,Malawi,Costs,2027.0,Spinning reserve costs: $m,0.0
Malawi,Malawi,Costs,2027.0,Startup costs: $m,0.0
Malawi,Malawi,Costs,2027.0,Trade shared benefits: $m,-55.640319416130254
Malawi,Malawi,Costs,2027.0,Transmission costs: $m,10.104532056705812
Malawi,Malawi,Costs,2027.0,Unmet country CO2 backstop cost: $m,0.0
Malawi,Malawi,Costs,2027.0,Unmet country planning reserve costs: $m,0.0
Malawi,Malawi,Costs,2027.0,Unmet country spinning reserve costs: $m,0.0
Malawi,Malawi,Costs,2027.0,Unmet demand costs: $m,0.0
Malawi,Malawi,Costs,2027.0,Unmet system CO2 backstop cost: $m,0.0
Malawi,Malawi,Costs,2027.0,Unmet system planning reserve costs: $m,0.0
Malawi,Malawi,Costs,2027.0,Unmet system spinning reserve costs: $m,0.0
Malawi,Malawi,Costs,2027.0,VRE curtailment: $m,0.0
Malawi,Malawi,Costs,2027.0,Variable O&M: $m,1.201398745615032
Malawi,Malawi,Costs,2030.0,Carbon costs: $m,0.0
Malawi,Malawi,Costs,2030.0,Excess generation: $m,0.0
Malawi,Malawi,Costs,2030.0,Export revenues with external zones: $m,0.0
Malawi,Malawi,Costs,2030.0,Export revenues with internal zones: $m,-250.00084729914465
Malawi,Malawi,Costs,2030.0,Fixed O&M: $m,30.269806553937485
Malawi,Malawi,Costs,2030.0,Fuel costs: $m,2.759053025627622
Malawi,Malawi,Costs,2030.0,Generation costs: $m,0.0
Malawi,Malawi,Costs,2030.0,Import costs with external zones: $m,0.0
Malawi,Malawi,Costs,2030.0,Import costs with internal zones: $m,307.79050269841616
Malawi,Malawi,Costs,2030.0,NPV of system cost: $m,0.0
Malawi,Malawi,Costs,2030.0,Spinning reserve costs: $m,0.0
Malawi,Malawi,Costs,2030.0,Startup costs: $m,0.0
Malawi,Malawi,Costs,2030.0,Trade shared benefits: $m,-75.826751511276
Malawi,Malawi,Costs,2030.0,Transmission costs: $m,14.149179842417418
Malawi,Malawi,Costs,2030.0,Unmet country CO2 backstop cost: $m,0.0
Malawi,Malawi,Costs,2030.0,Unmet country planning reserve costs: $m,0.0
Malawi,Malawi,Costs,2030.0,Unmet country spinning reserve costs: $m,0.0
Malawi,Malawi,Costs,2030.0,Unmet demand costs: $m,0.0
Malawi,Malawi,Costs,2030.0,Unmet system CO2 backstop cost: $m,0.0
Malawi,Malawi,Costs,2030.0,Unmet system planning reserve costs: $m,0.0
Malawi,Malawi,Costs,2030.0,Unmet system spinning reserve costs: $m,0.0
Malawi,Malawi,Costs,2030.0,VRE curtailment: $m,0.0
Malawi,Malawi,Costs,2030.0,Variable O&M: $m,1.389937326265266
Malawi,Malawi,Costs,2032.0,Carbon costs: $m,0.7575383222299971
Malawi,Malawi,Costs,2032.0,Excess generation: $m,0.0
Malawi,Malawi,Costs,2032.0,Export revenues with external zones: $m,0.0
Malawi,Malawi,Costs,2032.0,Export revenues with internal zones: $m,-478.7318098100076
Malawi,Malawi,Costs,2032.0,Fixed O&M: $m,31.304806553937485
Malawi,Malawi,Costs,2032.0,Fuel costs: $m,6.840698830399152
Malawi,Malawi,Costs,2032.0,Generation costs: $m,0.0
Malawi,Malawi,Costs,2032.0,Import costs with external zones: $m,0.0
Malawi,Malawi,Costs,2032.0,Import costs with internal zones: $m,573.1976070758749
Malawi,Malawi,Costs,2032.0,NPV of system cost: $m,0.0
Malawi,Malawi,Costs,2032.0,Spinning reserve costs: $m,0.0
Malawi,Malawi,Costs,2032.0,Startup costs: $m,0.0
Malawi,Malawi,Costs,2032.0,Trade shared benefits: $m,-83.03477442442984
Malawi,Malawi,Costs,2032.0,Transmission costs: $m,14.149179842417418
Malawi,Malawi,Costs,2032.0,Unmet country CO2 backstop cost: $m,0.0
Malawi,Malawi,Costs,2032.0,Unmet country planning reserve costs: $m,0.0
Malawi,Malawi,Costs,2032.0,Unmet country spinning reserve costs: $m,0.0
Malawi,Malawi,Costs,2032.0,Unmet demand costs: $m,0.0
Malawi,Malawi,Costs,2032.0,Unmet system CO2 backstop cost: $m,0.0
Malawi,Malawi,Costs,2032.0,Unmet system planning reserve costs: $m,0.0
Malawi,Malawi,Costs,2032.0,Unmet system spinning reserve costs: $m,0.0
Malawi,Malawi,Costs,2032.0,VRE curtailment: $m,0.0
Malawi,Malawi,Costs,2032.0,Variable O&M: $m,1.5885113858381483
Malawi,Malawi,Costs,2035.0,Carbon costs: $m,0.0
Malawi,Malawi,Costs,2035.0,Excess generation: $m,0.0
Malawi,Malawi,Costs,2035.0,Export revenues with external zones: $m,0.0
Malawi,Malawi,Costs,2035.0,Export revenues with internal zones: $m,-36.7116419628346
Malawi,Malawi,Costs,2035.0,Fixed O&M: $m,32.92536022623025
Malawi,Malawi,Costs,2035.0,Fuel costs: $m,2.4398383837837674
Malawi,Malawi,Costs,2035.0,Generation costs: $m,0.0
Malawi,Malawi,Costs,2035.0,Import costs with external zones: $m,0.0
Malawi,Malawi,Costs,2035.0,Import costs with internal zones: $m,72.82512756319475
Malawi,Malawi,Costs,2035.0,NPV of system cost: $m,0.0
Malawi,Malawi,Costs,2035.0,Spinning reserve costs: $m,0.0
Malawi,Malawi,Costs,2035.0,Startup costs: $m,0.0
Malawi,Malawi,Costs,2035.0,Trade shared benefits: $m,-5.067138497661071
Malawi,Malawi,Costs,2035.0,Transmission costs: $m,14.149179842417418
Malawi,Malawi,Costs,2035.0,Unmet country CO2 backstop cost: $m,0.0
Malawi,Malawi,Costs,2035.0,Unmet country planning reserve costs: $m,0.0
Malawi,Malawi,Costs,2035.0,Unmet country spinning reserve costs: $m,0.0
Malawi,Malawi,Costs,2035.0,Unmet demand costs: $m,0.0
Malawi,Malawi,Costs,2035.0,Unmet system CO2 backstop cost: $m,0.0
Malawi,Malawi,Costs,2035.0,Unmet system planning reserve costs: $m,0.0
Malawi,Malawi,Costs,2035.0,Unmet system spinning reserve costs: $m,0.0
Malawi,Malawi,Costs,2035.0,VRE curtailment: $m,0.0
Malawi,Malawi,Costs,2035.0,Variable O&M: $m,1.3524969056295448
Malawi,Malawi,Costs,2038.0,Carbon costs: $m,0.0
Malawi,Malawi,Costs,2038.0,Excess generation: $m,0.0
Malawi,Malawi,Costs,2038.0,Export revenues with external zones: $m,0.0
Malawi,Malawi,Costs,2038.0,Export revenues with internal zones: $m,-14.500564165085455
Malawi,Malawi,Costs,2038.0,Fixed O&M: $m,35.60391011383375
Malawi,Malawi,Costs,2038.0,Fuel costs: $m,1.2869477189189102
Malawi,Malawi,Costs,2038.0,Generation costs: $m,0.0
Malawi,Malawi,Costs,2038.0,Import costs with external zones: $m,0.0
Malawi,Malawi,Costs,2038.0,Import costs with internal zones: $m,50.36253684102806
Malawi,Malawi,Costs,2038.0,NPV of system cost: $m,0.0
Malawi,Malawi,Costs,2038.0,Spinning reserve costs: $m,0.0
Malawi,Malawi,Costs,2038.0,Startup costs: $m,0.0
Malawi,Malawi,Costs,2038.0,Trade shared benefits: $m,-4.472583603145958
Malawi,Malawi,Costs,2038.0,Transmission costs: $m,14.555948934233149
Malawi,Malawi,Costs,2038.0,Unmet country CO2 backstop cost: $m,0.0
Malawi,Malawi,Costs,2038.0,Unmet country planning reserve costs: $m,0.0
Malawi,Malawi,Costs,2038.0,Unmet country spinning reserve costs: $m,0.0
Malawi,Malawi,Costs,2038.0,Unmet demand costs: $m,0.0
Malawi,Malawi,Costs,2038.0,Unmet system CO2 backstop cost: $m,0.0
Malawi,Malawi,Costs,2038.0,Unmet system planning reserve costs: $m,0.0
Malawi,Malawi,Costs,2038.0,Unmet system spinning reserve costs: $m,0.0021441829008022
Malawi,Malawi,Costs,2038.0,VRE curtailment: $m,0.0
Malawi,Malawi,Costs,2038.0,Variable O&M: $m,1.34939271766993
Malawi,Malawi,Costs,2040.0,Carbon costs: $m,0.0
Malawi,Malawi,Costs,2040.0,Excess generation: $m,0.0
Malawi,Malawi,Costs,2040.0,Export revenues with external zones: $m,0.0
Malawi,Malawi,Costs,2040.0,Export revenues with internal zones: $m,-12.443585583453007
Malawi,Malawi,Costs,2040.0,Fixed O&M: $m,37.73710685883831
Malawi,Malawi,Costs,2040.0,Fuel costs: $m,0.0563495647211755
Malawi,Malawi,Costs,2040.0,Generation costs: $m,0.0
Malawi,Malawi,Costs,2040.0,Import costs with external zones: $m,0.0
Malawi,Malawi,Costs,2040.0,Import costs with internal zones: $m,56.60883811423013
Malawi,Malawi,Costs,2040.0,NPV of system cost: $m,0.0
Malawi,Malawi,Costs,2040.0,Spinning reserve costs: $m,0.0
Malawi,Malawi,Costs,2040.0,Startup costs: $m,0.0
Malawi,Malawi,Costs,2040.0,Trade shared benefits: $m,-8.655431624861569
Malawi,Malawi,Costs,2040.0,Transmission costs: $m,14.555948934233149
Malawi,Malawi,Costs,2040.0,Unmet country CO2 backstop cost: $m,0.0
Malawi,Malawi,Costs,2040.0,Unmet country planning reserve costs: $m,0.0
Malawi,Malawi,Costs,2040.0,Unmet country spinning reserve costs: $m,0.0
Malawi,Malawi,Costs,2040.0,Unmet demand costs: $m,0.0
Malawi,Malawi,Costs,2040.0,Unmet system CO2 backstop cost: $m,0.0
Malawi,Malawi,Costs,2040.0,Unmet system planning reserve costs: $m,0.0
Malawi,Malawi,Costs,2040.0,Unmet system spinning reserve costs: $m,0.0513203624293446
Malawi,Malawi,Costs,2040.0,VRE curtailment: $m,0.0
Malawi,Malawi,Costs,2040.0,Variable O&M: $m,1.3493363538050167
Malawi,Malawi,Costs,2042.0,Carbon costs: $m,0.0
Malawi,Malawi,Costs,2042.0,Excess generation: $m,0.0
Malawi,Malawi,Costs,2042.0,Export revenues with external zones: $m,0.0
Malawi,Malawi,Costs,2042.0,Export revenues with internal zones: $m,-16.62370545574652
Malawi,Malawi,Costs,2042.0,Fixed O&M: $m,39.87905499528596
Malawi,Malawi,Costs,2042.0,Fuel costs: $m,0.1093484989931099
Malawi,Malawi,Costs,2042.0,Generation costs: $m,0.0
Malawi,Malawi,Costs,2042.0,Import costs with external zones: $m,0.0
Malawi,Malawi,Costs,2042.0,Import costs with internal zones: $m,64.20364428672663
Malawi,Malawi,Costs,2042.0,NPV of system cost: $m,0.0
Malawi,Malawi,Costs,2042.0,Spinning reserve costs: $m,0.0
Malawi,Malawi,Costs,2042.0,Startup costs: $m,0.0
Malawi,Malawi,Costs,2042.0,Trade shared benefits: $m,-8.448344857160013
Malawi,Malawi,Costs,2042.0,Transmission costs: $m,14.671799441516429
Malawi,Malawi,Costs,2042.0,Unmet country CO2 backstop cost: $m,0.0
Malawi,Malawi,Costs,2042.0,Unmet country planning reserve costs: $m,0.0
Malawi,Malawi,Costs,2042.0,Unmet country spinning reserve costs: $m,0.0
Malawi,Malawi,Costs,2042.0,Unmet demand costs: $m,0.0
Malawi,Malawi,Costs,2042.0,Unmet system CO2 backstop cost: $m,0.0
Malawi,Malawi,Costs,2042.0,Unmet system planning reserve costs: $m,0.0
Malawi,Malawi,Costs,2042.0,Unmet system spinning reserve costs: $m,0.0977587206345849
Malawi,Malawi,Costs,2042.0,VRE curtailment: $m,0.0
Malawi,Malawi,Costs,2042.0,Variable O&M: $m,1.425668447216377
Malawi,Malawi,Costs,2045.0,Carbon costs: $m,0.0
Malawi,Malawi,Costs,2045.0,Excess generation: $m,0.0
Malawi,Malawi,Costs,2045.0,Export revenues with external zones: $m,0.0
Malawi,Malawi,Costs,2045.0,Export revenues with internal zones: $m,-74.05799308774306
Malawi,Malawi,Costs,2045.0,Fixed O&M: $m,43.98366662754768
Malawi,Malawi,Costs,2045.0,Fuel costs: $m,0.0
Malawi,Malawi,Costs,2045.0,Generation costs: $m,0.0
Malawi,Malawi,Costs,2045.0,Import costs with external zones: $m,0.0
Malawi,Malawi,Costs,2045.0,Import costs with internal zones: $m,126.00585304484396
Malawi,Malawi,Costs,2045.0,NPV of system cost: $m,0.0
Malawi,Malawi,Costs,2045.0,Spinning reserve costs: $m,0.0
Malawi,Malawi,Costs,2045.0,Startup costs: $m,0.0
Malawi,Malawi,Costs,2045.0,Trade shared benefits: $m,-9.049070491616217
Malawi,Malawi,Costs,2045.0,Transmission costs: $m,15.17485985745494
Malawi,Malawi,Costs,2045.0,Unmet country CO2 backstop cost: $m,0.0
Malawi,Malawi,Costs,2045.0,Unmet country planning reserve costs: $m,0.0
Malawi,Malawi,Costs,2045.0,Unmet country spinning reserve costs: $m,0.0
Malawi,Malawi,Costs,2045.0,Unmet demand costs: $m,0.0
Malawi,Malawi,Costs,2045.0,Unmet system CO2 backstop cost: $m,0.0
Malawi,Malawi,Costs,2045.0,Unmet system planning reserve costs: $m,0.0
Malawi,Malawi,Costs,2045.0,Unmet system spinning reserve costs: $m,0.0
Malawi,Malawi,Costs,2045.0,VRE curtailment: $m,0.0
Malawi,Malawi,Costs,2045.0,Variable O&M: $m,1.5938832733339234
Malawi,Malawi,Costs,2048.0,Carbon costs: $m,0.0
Malawi,Malawi,Costs,2048.0,Excess generation: $m,0.0
Malawi,Malawi,Costs,2048.0,Export revenues with external zones: $m,0.0
Malawi,Malawi,Costs,2048.0,Export revenues with internal zones: $m,-29.19913936971825
Malawi,Malawi,Costs,2048.0,Fixed O&M: $m,47.38384198356235
Malawi,Malawi,Costs,2048.0,Fuel costs: $m,0.0
Malawi,Malawi,Costs,2048.0,Generation costs: $m,0.0
Malawi,Malawi,Costs,2048.0,Import costs with external zones: $m,0.0
Malawi,Malawi,Costs,2048.0,Import costs with internal zones: $m,86.83851513012043
Malawi,Malawi,Costs,2048.0,NPV of system cost: $m,0.0
Malawi,Malawi,Costs,2048.0,Spinning reserve costs: $m,0.0
Malawi,Malawi,Costs,2048.0,Startup costs: $m,0.0
Malawi,Malawi,Costs,2048.0,Trade shared benefits: $m,-5.372060532542845
Malawi,Malawi,Costs,2048.0,Transmission costs: $m,15.17485985745494
Malawi,Malawi,Costs,2048.0,Unmet country CO2 backstop cost: $m,0.0
Malawi,Malawi,Costs,2048.0,Unmet country planning reserve costs: $m,0.0
Malawi,Malawi,Costs,2048.0,Unmet country spinning reserve costs: $m,0.0
Malawi,Malawi,Costs,2048.0,Unmet demand costs: $m,0.0
Malawi,Malawi,Costs,2048.0,Unmet system CO2 backstop cost: $m,0.0
Malawi,Malawi,Costs,2048.0,Unmet system planning reserve costs: $m,0.0
Malawi,Malawi,Costs,2048.0,Unmet system spinning reserve costs: $m,0.0
Malawi,Malawi,Costs,2048.0,VRE curtailment: $m,0.0
Malawi,Malawi,Costs,2048.0,Variable O&M: $m,1.6134978297456315
Malawi,Malawi,Costs,2050.0,Carbon costs: $m,0.0
Malawi,Malawi,Costs,2050.0,Excess generation: $m,0.0
Malawi,Malawi,Costs,2050.0,Export revenues with external zones: $m,0.0
Malawi,Malawi,Costs,2050.0,Export revenues with internal zones: $m,-21.951529966840383
Malawi,Malawi,Costs,2050.0,Fixed O&M: $m,52.89972764098053
Malawi,Malawi,Costs,2050.0,Fuel costs: $m,0.0
Malawi,Malawi,Costs,2050.0,Generation costs: $m,0.0
Malawi,Malawi,Costs,2050.0,Import costs with external zones: $m,0.0
Malawi,Malawi,Costs,2050.0,Import costs with internal zones: $m,81.63761064092955
Malawi,Malawi,Costs,2050.0,NPV of system cost: $m,0.0
Malawi,Malawi,Costs,2050.0,Spinning reserve costs: $m,0.0
Malawi,Malawi,Costs,2050.0,Startup costs: $m,0.0
Malawi,Malawi,Costs,2050.0,Trade shared benefits: $m,-3.7874480832060535
Malawi,Malawi,Costs,2050.0,Transmission costs: $m,15.17485985745494
Malawi,Malawi,Costs,2050.0,Unmet country CO2 backstop cost: $m,0.0
Malawi,Malawi,Costs,2050.0,Unmet country planning reserve costs: $m,0.0
Malawi,Malawi,Costs,2050.0,Unmet country spinning reserve costs: $m,0.0
Malawi,Malawi,Costs,2050.0,Unmet demand costs: $m,0.0
Malawi,Malawi,Costs,2050.0,Unmet system CO2 backstop cost: $m,0.0
Malawi,Malawi,Costs,2050.0,Unmet system planning reserve costs: $m,0.0
Malawi,Malawi,Costs,2050.0,Unmet system spinning reserve costs: $m,0.0
Malawi,Malawi,Costs,2050.0,VRE curtailment: $m,0.0
Malawi,Malawi,Costs,2050.0,Variable O&M: $m,1.66748792558663
Malawi,Malawi,DiscountedWeightedCostsCumulated,2025.0,Carbon costs: $m,137384.83421702392
Malawi,Malawi,DiscountedWeightedCostsCumulated,2025.0,Excess generation: $m,137387.79157866625
Malawi,Malawi,DiscountedWeightedCostsCumulated,2025.0,Export revenues with external zones: $m,137387.79157866625
Malawi,Malawi,DiscountedWeightedCostsCumulated,2025.0,Export revenues with internal zones: $m,137387.79157866625
Malawi,Malawi,DiscountedWeightedCostsCumulated,2025.0,Fixed O&M: $m,136150.6086755265
Malawi,Malawi,DiscountedWeightedCostsCumulated,2025.0,Fuel costs: $m,136509.4466714554
Malawi,Malawi,DiscountedWeightedCostsCumulated,2025.0,Generation costs: $m,136534.39202137143
Malawi,Malawi,DiscountedWeightedCostsCumulated,2025.0,Import costs with external zones: $m,136534.39202137143
Malawi,Malawi,DiscountedWeightedCostsCumulated,2025.0,Import costs with internal zones: $m,136534.39202137143
Malawi,Malawi,DiscountedWeightedCostsCumulated,2025.0,NPV of system cost: $m,138418.70811565005
Malawi,Malawi,DiscountedWeightedCostsCumulated,2025.0,Spinning reserve costs: $m,138418.70811565005
Malawi,Malawi,DiscountedWeightedCostsCumulated,2025.0,Startup costs: $m,138418.70811565005
Malawi,Malawi,DiscountedWeightedCostsCumulated,2025.0,Trade shared benefits: $m,138418.70811565005
Malawi,Malawi,DiscountedWeightedCostsCumulated,2025.0,Transmission costs: $m,138033.8642026592
Malawi,Malawi,DiscountedWeightedCostsCumulated,2025.0,Unmet country CO2 backstop cost: $m,138162.89647171204
Malawi,Malawi,DiscountedWeightedCostsCumulated,2025.0,Unmet country planning reserve costs: $m,138162.89647171204
Malawi,Malawi,DiscountedWeightedCostsCumulated,2025.0,Unmet country spinning reserve costs: $m,138162.89647171204
Malawi,Malawi,DiscountedWeightedCostsCumulated,2025.0,Unmet demand costs: $m,138807.01663906418
Malawi,Malawi,DiscountedWeightedCostsCumulated,2025.0,Unmet system CO2 backstop cost: $m,138807.01663906418
Malawi,Malawi,DiscountedWeightedCostsCumulated,2025.0,Unmet system planning reserve costs: $m,138807.01663906418
Malawi,Malawi,DiscountedWeightedCostsCumulated,2025.0,Unmet system spinning reserve costs: $m,138807.01663906418
Malawi,Malawi,DiscountedWeightedCostsCumulated,2025.0,VRE curtailment: $m,138807.08836751405
Malawi,Malawi,DiscountedWeightedCostsCumulated,2025.0,Variable O&M: $m,138809.28499817385
Malawi,Malawi,DiscountedWeightedCostsCumulated,2027.0,Carbon costs: $m,137386.93635739843
Malawi,Malawi,DiscountedWeightedCostsCumulated,2027.0,Excess generation: $m,137387.79157866625
Malawi,Malawi,DiscountedWeightedCostsCumulated,2027.0,Export revenues with external zones: $m,137387.79157866625
Malawi,Malawi,DiscountedWeightedCostsCumulated,2027.0,Export revenues with internal zones: $m,137335.31101015478
Malawi,Malawi,DiscountedWeightedCostsCumulated,2027.0,Fixed O&M: $m,136196.4742286104
Malawi,Malawi,DiscountedWeightedCostsCumulated,2027.0,Fuel costs: $m,136516.1166812341
Malawi,Malawi,DiscountedWeightedCostsCumulated,2027.0,Generation costs: $m,136534.39202137143
Malawi,Malawi,DiscountedWeightedCostsCumulated,2027.0,Import costs with external zones: $m,136534.39202137143
Malawi,Malawi,DiscountedWeightedCostsCumulated,2027.0,Import costs with internal zones: $m,136789.74548312937
Malawi,Malawi,DiscountedWeightedCostsCumulated,2027.0,NPV of system cost: $m,138418.70811565005
Malawi,Malawi,DiscountedWeightedCostsCumulated,2027.0,Spinning reserve costs: $m,138418.70811565005
Malawi,Malawi,DiscountedWeightedCostsCumulated,2027.0,Startup costs: $m,138418.70811565005
Malawi,Malawi,DiscountedWeightedCostsCumulated,2027.0,Trade shared benefits: $m,138317.5438985298
Malawi,Malawi,DiscountedWeightedCostsCumulated,2027.0,Transmission costs: $m,138052.23607912593
Malawi,Malawi,DiscountedWeightedCostsCumulated,2027.0,Unmet country CO2 backstop cost: $m,138162.89647171204
Malawi,Malawi,DiscountedWeightedCostsCumulated,2027.0,Unmet country planning reserve costs: $m,138162.89647171204
Malawi,Malawi,DiscountedWeightedCostsCumulated,2027.0,Unmet country spinning reserve costs: $m,138162.89647171204
Malawi,Malawi,DiscountedWeightedCostsCumulated,2027.0,Unmet demand costs: $m,138807.01663906418
Malawi,Malawi,DiscountedWeightedCostsCumulated,2027.0,Unmet system CO2 backstop cost: $m,138807.01663906418
Malawi,Malawi,DiscountedWeightedCostsCumulated,2027.0,Unmet system planning reserve costs: $m,138807.01663906418
Malawi,Malawi,DiscountedWeightedCostsCumulated,2027.0,Unmet system spinning reserve costs: $m,138807.01663906418
Malawi,Malawi,DiscountedWeightedCostsCumulated,2027.0,VRE curtailment: $m,138807.08836751405
Malawi,Malawi,DiscountedWeightedCostsCumulated,2027.0,Variable O&M: $m,138811.46935952952
Malawi,Malawi,DiscountedWeightedCostsCumulated,2030.0,Carbon costs: $m,137386.93635739843
Malawi,Malawi,DiscountedWeightedCostsCumulated,2030.0,Excess generation: $m,137387.79157866625
Malawi,Malawi,DiscountedWeightedCostsCumulated,2030.0,Export revenues with external zones: $m,137387.79157866625
Malawi,Malawi,DiscountedWeightedCostsCumulated,2030.0,Export revenues with internal zones: $m,136798.04627271052
Malawi,Malawi,DiscountedWeightedCostsCumulated,2030.0,Fixed O&M: $m,136261.52560682126
Malawi,Malawi,DiscountedWeightedCostsCumulated,2030.0,Fuel costs: $m,136522.04602873602
Malawi,Malawi,DiscountedWeightedCostsCumulated,2030.0,Generation costs: $m,136534.39202137143
Malawi,Malawi,DiscountedWeightedCostsCumulated,2030.0,Import costs with external zones: $m,136534.39202137143
Malawi,Malawi,DiscountedWeightedCostsCumulated,2030.0,Import costs with internal zones: $m,137451.20317579963
Malawi,Malawi,DiscountedWeightedCostsCumulated,2030.0,NPV of system cost: $m,138418.70811565005
Malawi,Malawi,DiscountedWeightedCostsCumulated,2030.0,Spinning reserve costs: $m,138418.70811565005
Malawi,Malawi,DiscountedWeightedCostsCumulated,2030.0,Startup costs: $m,138418.70811565005
Malawi,Malawi,DiscountedWeightedCostsCumulated,2030.0,Trade shared benefits: $m,138154.58829185058
Malawi,Malawi,DiscountedWeightedCostsCumulated,2030.0,Transmission costs: $m,138082.6433976419
Malawi,Malawi,DiscountedWeightedCostsCumulated,2030.0,Unmet country CO2 backstop cost: $m,138162.89647171204
Malawi,Malawi,DiscountedWeightedCostsCumulated,2030.0,Unmet country planning reserve costs: $m,138162.89647171204
Malawi,Malawi,DiscountedWeightedCostsCumulated,2030.0,Unmet country spinning reserve costs: $m,138162.89647171204
Malawi,Malawi,DiscountedWeightedCostsCumulated,2030.0,Unmet demand costs: $m,138807.01663906418
Malawi,Malawi,DiscountedWeightedCostsCumulated,2030.0,Unmet system CO2 backstop cost: $m,138807.01663906418
Malawi,Malawi,DiscountedWeightedCostsCumulated,2030.0,Unmet system planning reserve costs: $m,138807.01663906418
Malawi,Malawi,DiscountedWeightedCostsCumulated,2030.0,Unmet system spinning reserve costs: $m,138807.01663906418
Malawi,Malawi,DiscountedWeightedCostsCumulated,2030.0,VRE curtailment: $m,138807.08836751405
Malawi,Malawi,DiscountedWeightedCostsCumulated,2030.0,Variable O&M: $m,138814.45640665648
Malawi,Malawi,DiscountedWeightedCostsCumulated,2032.0,Carbon costs: $m,137387.79157866625
Malawi,Malawi,DiscountedWeightedCostsCumulated,2032.0,Excess generation: $m,137387.79157866625
Malawi,Malawi,DiscountedWeightedCostsCumulated,2032.0,Export revenues with external zones: $m,137387.79157866625
Malawi,Malawi,DiscountedWeightedCostsCumulated,2032.0,Export revenues with internal zones: $m,136257.5830204601
Malawi,Malawi,DiscountedWeightedCostsCumulated,2032.0,Fixed O&M: $m,136296.8671011914
Malawi,Malawi,DiscountedWeightedCostsCumulated,2032.0,Fuel costs: $m,136529.76882104223
Malawi,Malawi,DiscountedWeightedCostsCumulated,2032.0,Generation costs: $m,136534.39202137143
Malawi,Malawi,DiscountedWeightedCostsCumulated,2032.0,Import costs with external zones: $m,136534.39202137143
Malawi,Malawi,DiscountedWeightedCostsCumulated,2032.0,Import costs with internal zones: $m,138098.3133877267
Malawi,Malawi,DiscountedWeightedCostsCumulated,2032.0,NPV of system cost: $m,138418.70811565005
Malawi,Malawi,DiscountedWeightedCostsCumulated,2032.0,Spinning reserve costs: $m,138418.70811565005
Malawi,Malawi,DiscountedWeightedCostsCumulated,2032.0,Startup costs: $m,138418.70811565005
Malawi,Malawi,DiscountedWeightedCostsCumulated,2032.0,Trade shared benefits: $m,138060.8463609496
Malawi,Malawi,DiscountedWeightedCostsCumulated,2032.0,Transmission costs: $m,138098.61708394726
Malawi,Malawi,DiscountedWeightedCostsCumulated,2032.0,Unmet country CO2 backstop cost: $m,138162.89647171204
Malawi,Malawi,DiscountedWeightedCostsCumulated,2032.0,Unmet country planning reserve costs: $m,138162.89647171204
Malawi,Malawi,DiscountedWeightedCostsCumulated,2032.0,Unmet country spinning reserve costs: $m,138162.89647171204
Malawi,Malawi,DiscountedWeightedCostsCumulated,2032.0,Unmet demand costs: $m,138807.01663906418
Malawi,Malawi,DiscountedWeightedCostsCumulated,2032.0,Unmet system CO2 backstop cost: $m,138807.01663906418
Malawi,Malawi,DiscountedWeightedCostsCumulated,2032.0,Unmet system planning reserve costs: $m,138807.01663906418
Malawi,Malawi,DiscountedWeightedCostsCumulated,2032.0,Unmet system spinning reserve costs: $m,138807.01663906418
Malawi,Malawi,DiscountedWeightedCostsCumulated,2032.0,VRE curtailment: $m,138807.08836751405
Malawi,Malawi,DiscountedWeightedCostsCumulated,2032.0,Variable O&M: $m,138816.24975318628
Malawi,Malawi,DiscountedWeightedCostsCumulated,2035.0,Carbon costs: $m,137387.79157866625
Malawi,Malawi,DiscountedWeightedCostsCumulated,2035.0,Excess generation: $m,137387.79157866625
Malawi,Malawi,DiscountedWeightedCostsCumulated,2035.0,Export revenues with external zones: $m,137387.79157866625
Malawi,Malawi,DiscountedWeightedCostsCumulated,2035.0,Export revenues with internal zones: $m,136208.59529897443
Malawi,Malawi,DiscountedWeightedCostsCumulated,2035.0,Fixed O&M: $m,136340.80243860316
Malawi,Malawi,DiscountedWeightedCostsCumulated,2035.0,Fuel costs: $m,136533.0245218724
Malawi,Malawi,DiscountedWeightedCostsCumulated,2035.0,Generation costs: $m,136534.39202137143
Malawi,Malawi,DiscountedWeightedCostsCumulated,2035.0,Import costs with external zones: $m,136534.39202137143
Malawi,Malawi,DiscountedWeightedCostsCumulated,2035.0,Import costs with internal zones: $m,138195.4906556308
Malawi,Malawi,DiscountedWeightedCostsCumulated,2035.0,NPV of system cost: $m,138418.70811565005
Malawi,Malawi,DiscountedWeightedCostsCumulated,2035.0,Spinning reserve costs: $m,138418.70811565005
Malawi,Malawi,DiscountedWeightedCostsCumulated,2035.0,Startup costs: $m,138418.70811565005
Malawi,Malawi,DiscountedWeightedCostsCumulated,2035.0,Trade shared benefits: $m,138054.0848118556
Malawi,Malawi,DiscountedWeightedCostsCumulated,2035.0,Transmission costs: $m,138117.49763639088
Malawi,Malawi,DiscountedWeightedCostsCumulated,2035.0,Unmet country CO2 backstop cost: $m,138162.89647171204
Malawi,Malawi,DiscountedWeightedCostsCumulated,2035.0,Unmet country planning reserve costs: $m,138162.89647171204
Malawi,Malawi,DiscountedWeightedCostsCumulated,2035.0,Unmet country spinning reserve costs: $m,138162.89647171204
Malawi,Malawi,DiscountedWeightedCostsCumulated,2035.0,Unmet demand costs: $m,138807.01663906418
Malawi,Malawi,DiscountedWeightedCostsCumulated,2035.0,Unmet system CO2 backstop cost: $m,138807.01663906418
Malawi,Malawi,DiscountedWeightedCostsCumulated,2035.0,Unmet system planning reserve costs: $m,138807.01663906418
Malawi,Malawi,DiscountedWeightedCostsCumulated,2035.0,Unmet system spinning reserve costs: $m,138807.01663906418
Malawi,Malawi,DiscountedWeightedCostsCumulated,2035.0,VRE curtailment: $m,138807.08836751405
Malawi,Malawi,DiscountedWeightedCostsCumulated,2035.0,Variable O&M: $m,138818.05451424245
Malawi,Malawi,DiscountedWeightedCostsCumulated,2038.0,Carbon costs: $m,137387.79157866625
Malawi,Malawi,DiscountedWeightedCostsCumulated,2038.0,Excess generation: $m,137387.79157866625
Malawi,Malawi,DiscountedWeightedCostsCumulated,2038.0,Export revenues with external zones: $m,137387.79157866625
Malawi,Malawi,DiscountedWeightedCostsCumulated,2038.0,Export revenues with internal zones: $m,136194.05778066185
Malawi,Malawi,DiscountedWeightedCostsCumulated,2038.0,Fixed O&M: $m,136376.49708395542
Malawi,Malawi,DiscountedWeightedCostsCumulated,2038.0,Fuel costs: $m,136534.31474932964
Malawi,Malawi,DiscountedWeightedCostsCumulated,2038.0,Generation costs: $m,136534.39202137143
Malawi,Malawi,DiscountedWeightedCostsCumulated,2038.0,Import costs with external zones: $m,136534.39202137143
Malawi,Malawi,DiscountedWeightedCostsCumulated,2038.0,Import costs with internal zones: $m,138245.9815395206
Malawi,Malawi,DiscountedWeightedCostsCumulated,2038.0,NPV of system cost: $m,138418.70811565005
Malawi,Malawi,DiscountedWeightedCostsCumulated,2038.0,Spinning reserve costs: $m,138418.70811565005
Malawi,Malawi,DiscountedWeightedCostsCumulated,2038.0,Startup costs: $m,138418.70811565005
Malawi,Malawi,DiscountedWeightedCostsCumulated,2038.0,Trade shared benefits: $m,138049.60083003977
Malawi,Malawi,DiscountedWeightedCostsCumulated,2038.0,Transmission costs: $m,138132.09068061865
Malawi,Malawi,DiscountedWeightedCostsCumulated,2038.0,Unmet country CO2 backstop cost: $m,138162.89647171204
Malawi,Malawi,DiscountedWeightedCostsCumulated,2038.0,Unmet country planning reserve costs: $m,138162.89647171204
Malawi,Malawi,DiscountedWeightedCostsCumulated,2038.0,Unmet country spinning reserve costs: $m,138162.89647171204
Malawi,Malawi,DiscountedWeightedCostsCumulated,2038.0,Unmet demand costs: $m,138807.01663906418
Malawi,Malawi,DiscountedWeightedCostsCumulated,2038.0,Unmet system CO2 backstop cost: $m,138807.01663906418
Malawi,Malawi,DiscountedWeightedCostsCumulated,2038.0,Unmet system planning reserve costs: $m,138807.01663906418
Malawi,Malawi,DiscountedWeightedCostsCumulated,2038.0,Unmet system spinning reserve costs: $m,138807.01878871146
Malawi,Malawi,DiscountedWeightedCostsCumulated,2038.0,VRE curtailment: $m,138807.08836751405
Malawi,Malawi,DiscountedWeightedCostsCumulated,2038.0,Variable O&M: $m,138819.4073458372
Malawi,Malawi,DiscountedWeightedCostsCumulated,2040.0,Carbon costs: $m,137387.79157866625
Malawi,Malawi,DiscountedWeightedCostsCumulated,2040.0,Excess generation: $m,137387.79157866625
Malawi,Malawi,DiscountedWeightedCostsCumulated,2040.0,Export revenues with external zones: $m,137387.79157866625
Malawi,Malawi,DiscountedWeightedCostsCumulated,2040.0,Export revenues with internal zones: $m,136187.50421066233
Malawi,Malawi,DiscountedWeightedCostsCumulated,2040.0,Fixed O&M: $m,136396.37180332147
Malawi,Malawi,DiscountedWeightedCostsCumulated,2040.0,Fuel costs: $m,136534.34442653277
Malawi,Malawi,DiscountedWeightedCostsCumulated,2040.0,Generation costs: $m,136534.39202137143
Malawi,Malawi,DiscountedWeightedCostsCumulated,2040.0,Import costs with external zones: $m,136534.39202137143
Malawi,Malawi,DiscountedWeightedCostsCumulated,2040.0,Import costs with internal zones: $m,138275.79529221146
Malawi,Malawi,DiscountedWeightedCostsCumulated,2040.0,NPV of system cost: $m,138418.70811565005
Malawi,Malawi,DiscountedWeightedCostsCumulated,2040.0,Spinning reserve costs: $m,138418.70811565005
Malawi,Malawi,DiscountedWeightedCostsCumulated,2040.0,Startup costs: $m,138418.70811565005
Malawi,Malawi,DiscountedWeightedCostsCumulated,2040.0,Trade shared benefits: $m,138045.0423387071
Malawi,Malawi,DiscountedWeightedCostsCumulated,2040.0,Transmission costs: $m,138139.7567531996
Malawi,Malawi,DiscountedWeightedCostsCumulated,2040.0,Unmet country CO2 backstop cost: $m,138162.89647171204
Malawi,Malawi,DiscountedWeightedCostsCumulated,2040.0,Unmet country planning reserve costs: $m,138162.89647171204
Malawi,Malawi,DiscountedWeightedCostsCumulated,2040.0,Unmet country spinning reserve costs: $m,138162.89647171204
Malawi,Malawi,DiscountedWeightedCostsCumulated,2040.0,Unmet demand costs: $m,138807.01663906418
Malawi,Malawi,DiscountedWeightedCostsCumulated,2040.0,Unmet system CO2 backstop cost: $m,138807.01663906418
Malawi,Malawi,DiscountedWeightedCostsCumulated,2040.0,Unmet system planning reserve costs: $m,138807.01663906418
Malawi,Malawi,DiscountedWeightedCostsCumulated,2040.0,Unmet system spinning reserve costs: $m,138807.04581722227
Malawi,Malawi,DiscountedWeightedCostsCumulated,2040.0,VRE curtailment: $m,138807.08836751405
Malawi,Malawi,DiscountedWeightedCostsCumulated,2040.0,Variable O&M: $m,138820.11799070623
Malawi,Malawi,DiscountedWeightedCostsCumulated,2042.0,Carbon costs: $m,137387.79157866625
Malawi,Malawi,DiscountedWeightedCostsCumulated,2042.0,Excess generation: $m,137387.79157866625
Malawi,Malawi,DiscountedWeightedCostsCumulated,2042.0,Export revenues with external zones: $m,137387.79157866625
Malawi,Malawi,DiscountedWeightedCostsCumulated,2042.0,Export revenues with internal zones: $m,136180.2686053584
Malawi,Malawi,DiscountedWeightedCostsCumulated,2042.0,Fixed O&M: $m,136413.72949187097
Malawi,Malawi,DiscountedWeightedCostsCumulated,2042.0,Fuel costs: $m,136534.39202137143
Malawi,Malawi,DiscountedWeightedCostsCumulated,2042.0,Generation costs: $m,136534.39202137143
Malawi,Malawi,DiscountedWeightedCostsCumulated,2042.0,Import costs with external zones: $m,136534.39202137143
Malawi,Malawi,DiscountedWeightedCostsCumulated,2042.0,Import costs with internal zones: $m,138303.74045945285
Malawi,Malawi,DiscountedWeightedCostsCumulated,2042.0,NPV of system cost: $m,138418.70811565005
Malawi,Malawi,DiscountedWeightedCostsCumulated,2042.0,Spinning reserve costs: $m,138418.70811565005
Malawi,Malawi,DiscountedWeightedCostsCumulated,2042.0,Startup costs: $m,138418.70811565005
Malawi,Malawi,DiscountedWeightedCostsCumulated,2042.0,Trade shared benefits: $m,138041.36512672686
Malawi,Malawi,DiscountedWeightedCostsCumulated,2042.0,Transmission costs: $m,138146.14277526547
Malawi,Malawi,DiscountedWeightedCostsCumulated,2042.0,Unmet country CO2 backstop cost: $m,138162.89647171204
Malawi,Malawi,DiscountedWeightedCostsCumulated,2042.0,Unmet country planning reserve costs: $m,138162.89647171204
Malawi,Malawi,DiscountedWeightedCostsCumulated,2042.0,Unmet country spinning reserve costs: $m,138162.89647171204
Malawi,Malawi,DiscountedWeightedCostsCumulated,2042.0,Unmet demand costs: $m,138807.01663906418
Malawi,Malawi,DiscountedWeightedCostsCumulated,2042.0,Unmet system CO2 backstop cost: $m,138807.01663906418
Malawi,Malawi,DiscountedWeightedCostsCumulated,2042.0,Unmet system planning reserve costs: $m,138807.01663906418
Malawi,Malawi,DiscountedWeightedCostsCumulated,2042.0,Unmet system spinning reserve costs: $m,138807.08836751405
Malawi,Malawi,DiscountedWeightedCostsCumulated,2042.0,VRE curtailment: $m,138807.08836751405
Malawi,Malawi,DiscountedWeightedCostsCumulated,2042.0,Variable O&M: $m,138820.73852469042
Malawi,Malawi,DiscountedWeightedCostsCumulated,2045.0,Carbon costs: $m,137387.79157866625
Malawi,Malawi,DiscountedWeightedCostsCumulated,2045.0,Excess generation: $m,137387.79157866625
Malawi,Malawi,DiscountedWeightedCostsCumulated,2045.0,Export revenues with external zones: $m,137387.79157866625
Malawi,Malawi,DiscountedWeightedCostsCumulated,2045.0,Export revenues with internal zones: $m,136142.1682945827
Malawi,Malawi,DiscountedWeightedCostsCumulated,2045.0,Fixed O&M: $m,136436.35758774146
Malawi,Malawi,DiscountedWeightedCostsCumulated,2045.0,Fuel costs: $m,136534.39202137143
Malawi,Malawi,DiscountedWeightedCostsCumulated,2045.0,Generation costs: $m,136534.39202137143
Malawi,Malawi,DiscountedWeightedCostsCumulated,2045.0,Import costs with external zones: $m,136534.39202137143
Malawi,Malawi,DiscountedWeightedCostsCumulated,2045.0,Import costs with internal zones: $m,138368.56617184935
Malawi,Malawi,DiscountedWeightedCostsCumulated,2045.0,NPV of system cost: $m,138418.70811565005
Malawi,Malawi,DiscountedWeightedCostsCumulated,2045.0,Spinning reserve costs: $m,138418.70811565005
Malawi,Malawi,DiscountedWeightedCostsCumulated,2045.0,Startup costs: $m,138418.70811565005
Malawi,Malawi,DiscountedWeightedCostsCumulated,2045.0,Trade shared benefits: $m,138036.70968868988
Malawi,Malawi,DiscountedWeightedCostsCumulated,2045.0,Transmission costs: $m,138153.949722935
Malawi,Malawi,DiscountedWeightedCostsCumulated,2045.0,Unmet country CO2 backstop cost: $m,138162.89647171204
Malawi,Malawi,DiscountedWeightedCostsCumulated,2045.0,Unmet country planning reserve costs: $m,138162.89647171204
Malawi,Malawi,DiscountedWeightedCostsCumulated,2045.0,Unmet country spinning reserve costs: $m,138162.89647171204
Malawi,Malawi,DiscountedWeightedCostsCumulated,2045.0,Unmet demand costs: $m,138807.01663906418
Malawi,Malawi,DiscountedWeightedCostsCumulated,2045.0,Unmet system CO2 backstop cost: $m,138807.01663906418
Malawi,Malawi,DiscountedWeightedCostsCumulated,2045.0,Unmet system planning reserve costs: $m,138807.01663906418
Malawi,Malawi,DiscountedWeightedCostsCumulated,2045.0,Unmet system spinning reserve costs: $m,138807.08836751405
Malawi,Malawi,DiscountedWeightedCostsCumulated,2045.0,VRE curtailment: $m,138807.08836751405
Malawi,Malawi,DiscountedWeightedCostsCumulated,2045.0,Variable O&M: $m,138821.55852325534
Malawi,Malawi,DiscountedWeightedCostsCumulated,2048.0,Carbon costs: $m,137387.79157866625
Malawi,Malawi,DiscountedWeightedCostsCumulated,2048.0,Excess generation: $m,137387.79157866625
Malawi,Malawi,DiscountedWeightedCostsCumulated,2048.0,Export revenues with external zones: $m,137387.79157866625
Malawi,Malawi,DiscountedWeightedCostsCumulated,2048.0,Export revenues with internal zones: $m,136130.8820729401
Malawi,Malawi,DiscountedWeightedCostsCumulated,2048.0,Fixed O&M: $m,136454.67266669407
Malawi,Malawi,DiscountedWeightedCostsCumulated,2048.0,Fuel costs: $m,136534.39202137143
Malawi,Malawi,DiscountedWeightedCostsCumulated,2048.0,Generation costs: $m,136534.39202137143
Malawi,Malawi,DiscountedWeightedCostsCumulated,2048.0,Import costs with external zones: $m,136534.39202137143
Malawi,Malawi,DiscountedWeightedCostsCumulated,2048.0,Import costs with internal zones: $m,138402.13150117168
Malawi,Malawi,DiscountedWeightedCostsCumulated,2048.0,NPV of system cost: $m,138418.70811565005
Malawi,Malawi,DiscountedWeightedCostsCumulated,2048.0,Spinning reserve costs: $m,138418.70811565005
Malawi,Malawi,DiscountedWeightedCostsCumulated,2048.0,Startup costs: $m,138418.70811565005
Malawi,Malawi,DiscountedWeightedCostsCumulated,2048.0,Trade shared benefits: $m,138034.63324852224
Malawi,Malawi,DiscountedWeightedCostsCumulated,2048.0,Transmission costs: $m,138159.815198269
Malawi,Malawi,DiscountedWeightedCostsCumulated,2048.0,Unmet country CO2 backstop cost: $m,138162.89647171204
Malawi,Malawi,DiscountedWeightedCostsCumulated,2048.0,Unmet country planning reserve costs: $m,138162.89647171204
Malawi,Malawi,DiscountedWeightedCostsCumulated,2048.0,Unmet country spinning reserve costs: $m,138162.89647171204
Malawi,Malawi,DiscountedWeightedCostsCumulated,2048.0,Unmet demand costs: $m,138807.01663906418
Malawi,Malawi,DiscountedWeightedCostsCumulated,2048.0,Unmet system CO2 backstop cost: $m,138807.01663906418
Malawi,Malawi,DiscountedWeightedCostsCumulated,2048.0,Unmet system planning reserve costs: $m,138807.01663906418
Malawi,Malawi,DiscountedWeightedCostsCumulated,2048.0,Unmet system spinning reserve costs: $m,138807.08836751405
Malawi,Malawi,DiscountedWeightedCostsCumulated,2048.0,VRE curtailment: $m,138807.08836751405
Malawi,Malawi,DiscountedWeightedCostsCumulated,2048.0,Variable O&M: $m,138822.18218184664
Malawi,Malawi,DiscountedWeightedCostsCumulated,2050.0,Carbon costs: $m,137387.79157866625
Malawi,Malawi,DiscountedWeightedCostsCumulated,2050.0,Excess generation: $m,137387.79157866625
Malawi,Malawi,DiscountedWeightedCostsCumulated,2050.0,Export revenues with external zones: $m,137387.79157866625
Malawi,Malawi,DiscountedWeightedCostsCumulated,2050.0,Export revenues with internal zones: $m,136126.42478852652
Malawi,Malawi,DiscountedWeightedCostsCumulated,2050.0,Fixed O&M: $m,136465.41401965907
Malawi,Malawi,DiscountedWeightedCostsCumulated,2050.0,Fuel costs: $m,136534.39202137143
Malawi,Malawi,DiscountedWeightedCostsCumulated,2050.0,Generation costs: $m,136534.39202137143
Malawi,Malawi,DiscountedWeightedCostsCumulated,2050.0,Import costs with external zones: $m,136534.39202137143
Malawi,Malawi,DiscountedWeightedCostsCumulated,2050.0,Import costs with internal zones: $m,138418.70811565005
Malawi,Malawi,DiscountedWeightedCostsCumulated,2050.0,NPV of system cost: $m,138418.70811565005
Malawi,Malawi,DiscountedWeightedCostsCumulated,2050.0,Spinning reserve costs: $m,138418.70811565005
Malawi,Malawi,DiscountedWeightedCostsCumulated,2050.0,Startup costs: $m,138418.70811565005
Malawi,Malawi,DiscountedWeightedCostsCumulated,2050.0,Trade shared benefits: $m,138033.8642026592
Malawi,Malawi,DiscountedWeightedCostsCumulated,2050.0,Transmission costs: $m,138162.89647171204
Malawi,Malawi,DiscountedWeightedCostsCumulated,2050.0,Unmet country CO2 backstop cost: $m,138162.89647171204
Malawi,Malawi,DiscountedWeightedCostsCumulated,2050.0,Unmet country planning reserve costs: $m,138162.89647171204
Malawi,Malawi,DiscountedWeightedCostsCumulated,2050.0,Unmet country spinning reserve costs: $m,138162.89647171204
Malawi,Malawi,DiscountedWeightedCostsCumulated,2050.0,Unmet demand costs: $m,138807.01663906418
Malawi,Malawi,DiscountedWeightedCostsCumulated,2050.0,Unmet system CO2 backstop cost: $m,138807.01663906418
Malawi,Malawi,DiscountedWeightedCostsCumulated,2050.0,Unmet system planning reserve costs: $m,138807.01663906418
Malawi,Malawi,DiscountedWeightedCostsCumulated,2050.0,Unmet system spinning reserve costs: $m,138807.08836751405
Malawi,Malawi,DiscountedWeightedCostsCumulated,2050.0,VRE curtailment: $m,138807.08836751405
Malawi,Malawi,DiscountedWeightedCostsCumulated,2050.0,Variable O&M: $m,138822.52076726424
Malawi,Malawi,GenCostsPerMWh,2025.0,Fixed O&M: $m,10.64729790310579
Malawi,Malawi,GenCostsPerMWh,2025.0,Investment costs: $m,0.4576053091901886
Malawi,Malawi,GenCostsPerMWh,2025.0,Variable Cost: $m,20.353094693056644
Malawi,Malawi,GenCostsPerMWh,2027.0,Fixed O&M: $m,11.330055484985635
Malawi,Malawi,GenCostsPerMWh,2027.0,Investment costs: $m,2.062892376218396
Malawi,Malawi,GenCostsPerMWh,2027.0,Variable Cost: $m,2.187273661640558
Malawi,Malawi,GenCostsPerMWh,2030.0,Fixed O&M: $m,11.33382383845434
Malawi,Malawi,GenCostsPerMWh,2030.0,Investment costs: $m,7.635165455370103
Malawi,Malawi,GenCostsPerMWh,2030.0,Variable Cost: $m,1.5534927741282114
Malawi,Malawi,GenCostsPerMWh,2032.0,Fixed O&M: $m,11.020391774763118
Malawi,Malawi,GenCostsPerMWh,2032.0,Investment costs: $m,8.130297606236786
Malawi,Malawi,GenCostsPerMWh,2032.0,Variable Cost: $m,2.967378149253788
Malawi,Malawi,GenCostsPerMWh,2035.0,Fixed O&M: $m,11.166653691685656
Malawi,Malawi,GenCostsPerMWh,2035.0,Investment costs: $m,9.265590302961726
Malawi,Malawi,GenCostsPerMWh,2035.0,Variable Cost: $m,1.2861725602595009
Malawi,Malawi,GenCostsPerMWh,2038.0,Fixed O&M: $m,11.048249142356996
Malawi,Malawi,GenCostsPerMWh,2038.0,Investment costs: $m,11.369534612133164
Malawi,Malawi,GenCostsPerMWh,2038.0,Variable Cost: $m,0.8180827856934333
Malawi,Malawi,GenCostsPerMWh,2040.0,Fixed O&M: $m,10.957422800985729
Malawi,Malawi,GenCostsPerMWh,2040.0,Investment costs: $m,12.92366402154908
Malawi,Malawi,GenCostsPerMWh,2040.0,Variable Cost: $m,0.4081578111512287
Malawi,Malawi,GenCostsPerMWh,2042.0,Fixed O&M: $m,10.80127119115485
Malawi,Malawi,GenCostsPerMWh,2042.0,Investment costs: $m,14.177748908145702
Malawi,Malawi,GenCostsPerMWh,2042.0,Variable Cost: $m,0.4157604617508345
Malawi,Malawi,GenCostsPerMWh,2045.0,Fixed O&M: $m,10.54779838954151
Malawi,Malawi,GenCostsPerMWh,2045.0,Investment costs: $m,16.477884259690462
Malawi,Malawi,GenCostsPerMWh,2045.0,Variable Cost: $m,0.3822318763451863
Malawi,Malawi,GenCostsPerMWh,2048.0,Fixed O&M: $m,10.437688985885062
Malawi,Malawi,GenCostsPerMWh,2048.0,Investment costs: $m,16.84684569161872
Malawi,Malawi,GenCostsPerMWh,2048.0,Variable Cost: $m,0.3554204940183555
Malawi,Malawi,GenCostsPerMWh,2050.0,Fixed O&M: $m,10.822929069190078
Malawi,Malawi,GenCostsPerMWh,2050.0,Investment costs: $m,17.98617139163843
Malawi,Malawi,GenCostsPerMWh,2050.0,Variable Cost: $m,0.3411568328827126
Malawi,Malawi,NetPresentCostPerMWh,,Carbon costs: $m,0.3623678012698396
Malawi,Malawi,NetPresentCostPerMWh,,Excess generation: $m,0.0
Malawi,Malawi,NetPresentCostPerMWh,,Export revenues with external zones: $m,0.0
Malawi,Malawi,NetPresentCostPerMWh,,Export revenues with internal zones: $m,-34.77261828300021
Malawi,Malawi,NetPresentCostPerMWh,,Fixed O&M: $m,9.34505587777152
Malawi,Malawi,NetPresentCostPerMWh,,Fuel costs: $m,1.9015450083325944
Malawi,Malawi,NetPresentCostPerMWh,,Generation costs: $m,0.0
Malawi,Malawi,NetPresentCostPerMWh,,Import costs with external zones: $m,0.0
Malawi,Malawi,NetPresentCostPerMWh,,Import costs with internal zones: $m,51.945718551546
Malawi,Malawi,NetPresentCostPerMWh,,NPV of system cost: $m,0.0
Malawi,Malawi,NetPresentCostPerMWh,,Spinning reserve costs: $m,0.0
Malawi,Malawi,NetPresentCostPerMWh,,Startup costs: $m,0.0
Malawi,Malawi,NetPresentCostPerMWh,,Trade shared benefits: $m,-10.609150795450772
Malawi,Malawi,NetPresentCostPerMWh,,Transmission costs: $m,3.5570857525647805
Malawi,Malawi,NetPresentCostPerMWh,,Unmet country CO2 backstop cost: $m,0.0
Malawi,Malawi,NetPresentCostPerMWh,,Unmet country planning reserve costs: $m,0.0
Malawi,Malawi,NetPresentCostPerMWh,,Unmet country spinning reserve costs: $m,0.0
Malawi,Malawi,NetPresentCostPerMWh,,Unmet demand costs: $m,17.756726182110576
Malawi,Malawi,NetPresentCostPerMWh,,Unmet system CO2 backstop cost: $m,0.0
Malawi,Malawi,NetPresentCostPerMWh,,Unmet system planning reserve costs: $m,0.0
Malawi,Malawi,NetPresentCostPerMWh,,Unmet system spinning reserve costs: $m,0.0019773677464228
Malawi,Malawi,NetPresentCostPerMWh,,VRE curtailment: $m,0.0
Malawi,Malawi,NetPresentCostPerMWh,,Variable O&M: $m,0.4254313256852498
Mozambique,Mozal,Costs,2025.0,Carbon costs: $m,0.0
Mozambique,Mozal,Costs,2025.0,Excess generation: $m,0.0
Mozambique,Mozal,Costs,2025.0,Export revenues with external zones: $m,0.0
Mozambique,Mozal,Costs,2025.0,Export revenues with internal zones: $m,0.0
Mozambique,Mozal,Costs,2025.0,Fixed O&M: $m,0.0
Mozambique,Mozal,Costs,2025.0,Fuel costs: $m,0.0
Mozambique,Mozal,Costs,2025.0,Generation costs: $m,0.0
Mozambique,Mozal,Costs,2025.0,Import costs with external zones: $m,0.0
Mozambique,Mozal,Costs,2025.0,Import costs with internal zones: $m,0.0
Mozambique,Mozal,Costs,2025.0,NPV of system cost: $m,0.0
Mozambique,Mozal,Costs,2025.0,Spinning reserve costs: $m,0.0
Mozambique,Mozal,Costs,2025.0,Startup costs: $m,0.0
Mozambique,Mozal,Costs,2025.0,Trade shared benefits: $m,0.0
Mozambique,Mozal,Costs,2025.0,Transmission costs: $m,0.0
Mozambique,Mozal,Costs,2025.0,Unmet country CO2 backstop cost: $m,0.0
Mozambique,Mozal,Costs,2025.0,Unmet country planning reserve costs: $m,0.0
Mozambique,Mozal,Costs,2025.0,Unmet country spinning reserve costs: $m,0.0
Mozambique,Mozal,Costs,2025.0,Unmet demand costs: $m,20805.0
Mozambique,Mozal,Costs,2025.0,Unmet system CO2 backstop cost: $m,0.0
Mozambique,Mozal,Costs,2025.0,Unmet system planning reserve costs: $m,0.0
Mozambique,Mozal,Costs,2025.0,Unmet system spinning reserve costs: $m,0.0
Mozambique,Mozal,Costs,2025.0,VRE curtailment: $m,0.0
Mozambique,Mozal,Costs,2025.0,Variable O&M: $m,0.0
Mozambique,Mozal,Costs,2038.0,Carbon costs: $m,0.0
Mozambique,Mozal,Costs,2038.0,Excess generation: $m,0.0
Mozambique,Mozal,Costs,2038.0,Export revenues with external zones: $m,0.0
Mozambique,Mozal,Costs,2038.0,Export revenues with internal zones: $m,0.0
Mozambique,Mozal,Costs,2038.0,Fixed O&M: $m,0.0
Mozambique,Mozal,Costs,2038.0,Fuel costs: $m,0.0
Mozambique,Mozal,Costs,2038.0,Generation costs: $m,0.0
Mozambique,Mozal,Costs,2038.0,Import costs with external zones: $m,0.0
Mozambique,Mozal,Costs,2038.0,Import costs with internal zones: $m,0.0
Mozambique,Mozal,Costs,2038.0,NPV of system cost: $m,0.0
Mozambique,Mozal,Costs,2038.0,Spinning reserve costs: $m,0.0
Mozambique,Mozal,Costs,2038.0,Startup costs: $m,0.0
Mozambique,Mozal,Costs,2038.0,Trade shared benefits: $m,0.0
Mozambique,Mozal,Costs,2038.0,Transmission costs: $m,0.0
Mozambique,Mozal,Costs,2038.0,Unmet country CO2 backstop cost: $m,0.0
Mozambique,Mozal,Costs,2038.0,Unmet country planning reserve costs: $m,0.0
Mozambique,Mozal,Costs,2038.0,Unmet country spinning reserve costs: $m,0.0
Mozambique,Mozal,Costs,2038.0,Unmet demand costs: $m,0.0
Mozambique,Mozal,Costs,2038.0,Unmet system CO2 backstop cost: $m,0.0
Mozambique,Mozal,Costs,2038.0,Unmet system planning reserve costs: $m,0.0
Mozambique,Mozal,Costs,2038.0,Unmet system spinning reserve costs: $m,5.461780454857329e-15
Mozambique,Mozal,Costs,2038.0,VRE curtailment: $m,0.0
Mozambique,Mozal,Costs,2038.0,Variable O&M: $m,0.0
Mozambique,Mozal,Costs,2040.0,Carbon costs: $m,0.0
Mozambique,Mozal,Costs,2040.0,Excess generation: $m,0.0
Mozambique,Mozal,Costs,2040.0,Export revenues with external zones: $m,0.0
Mozambique,Mozal,Costs,2040.0,Export revenues with internal zones: $m,0.0
Mozambique,Mozal,Costs,2040.0,Fixed O&M: $m,0.0
Mozambique,Mozal,Costs,2040.0,Fuel costs: $m,0.0
Mozambique,Mozal,Costs,2040.0,Generation costs: $m,0.0
Mozambique,Mozal,Costs,2040.0,Import costs with external zones: $m,0.0
Mozambique,Mozal,Costs,2040.0,Import costs with internal zones: $m,0.0
Mozambique,Mozal,Costs,2040.0,NPV of system cost: $m,0.0
Mozambique,Mozal,Costs,2040.0,Spinning reserve costs: $m,0.0
Mozambique,Mozal,Costs,2040.0,Startup costs: $m,0.0
Mozambique,Mozal,Costs,2040.0,Trade shared benefits: $m,0.0
Mozambique,Mozal,Costs,2040.0,Transmission costs: $m,0.0
Mozambique,Mozal,Costs,2040.0,Unmet country CO2 backstop cost: $m,0.0
Mozambique,Mozal,Costs,2040.0,Unmet country planning reserve costs: $m,0.0
Mozambique,Mozal,Costs,2040.0,Unmet country spinning reserve costs: $m,0.0
Mozambique,Mozal,Costs,2040.0,Unmet demand costs: $m,0.0
Mozambique,Mozal,Costs,2040.0,Unmet system CO2 backstop cost: $m,0.0
Mozambique,Mozal,Costs,2040.0,Unmet system planning reserve costs: $m,0.0
Mozambique,Mozal,Costs,2040.0,Unmet system spinning reserve costs: $m,1.2215686450163245e-13
Mozambique,Mozal,Costs,2040.0,VRE curtailment: $m,0.0
Mozambique,Mozal,Costs,2040.0,Variable O&M: $m,0.0
Mozambique,Mozal,Costs,2042.0,Carbon costs: $m,0.0
Mozambique,Mozal,Costs,2042.0,Excess generation: $m,0.0
Mozambique,Mozal,Costs,2042.0,Export revenues with external zones: $m,0.0
Mozambique,Mozal,Costs,2042.0,Export revenues with internal zones: $m,0.0
Mozambique,Mozal,Costs,2042.0,Fixed O&M: $m,0.0
Mozambique,Mozal,Costs,2042.0,Fuel costs: $m,0.0
Mozambique,Mozal,Costs,2042.0,Generation costs: $m,0.0
Mozambique,Mozal,Costs,2042.0,Import costs with external zones: $m,0.0
Mozambique,Mozal,Costs,2042.0,Import costs with internal zones: $m,0.0
Mozambique,Mozal,Costs,2042.0,NPV of system cost: $m,0.0
Mozambique,Mozal,Costs,2042.0,Spinning reserve costs: $m,0.0
Mozambique,Mozal,Costs,2042.0,Startup costs: $m,0.0
Mozambique,Mozal,Costs,2042.0,Trade shared benefits: $m,0.0
Mozambique,Mozal,Costs,2042.0,Transmission costs: $m,0.0
Mozambique,Mozal,Costs,2042.0,Unmet country CO2 backstop cost: $m,0.0
Mozambique,Mozal,Costs,2042.0,Unmet country planning reserve costs: $m,0.0
Mozambique,Mozal,Costs,2042.0,Unmet country spinning reserve costs: $m,0.0
Mozambique,Mozal,Costs,2042.0,Unmet demand costs: $m,0.0
Mozambique,Mozal,Costs,2042.0,Unmet system CO2 backstop cost: $m,0.0
Mozambique,Mozal,Costs,2042.0,Unmet system planning reserve costs: $m,0.0
Mozambique,Mozal,Costs,2042.0,Unmet system spinning reserve costs: $m,2.17439991629112e-13
Mozambique,Mozal,Costs,2042.0,VRE curtailment: $m,0.0
Mozambique,Mozal,Costs,2042.0,Variable O&M: $m,0.0
Mozambique,Mozal,DiscountedWeightedCostsCumulated,2025.0,Carbon costs: $m,138822.52076726424
Mozambique,Mozal,DiscountedWeightedCostsCumulated,2025.0,Excess generation: $m,138822.52076726424
Mozambique,Mozal,DiscountedWeightedCostsCumulated,2025.0,Export revenues with external zones: $m,138822.52076726424
Mozambique,Mozal,DiscountedWeightedCostsCumulated,2025.0,Export revenues with internal zones: $m,138822.52076726424
Mozambique,Mozal,DiscountedWeightedCostsCumulated,2025.0,Fixed O&M: $m,138822.52076726424
Mozambique,Mozal,DiscountedWeightedCostsCumulated,2025.0,Fuel costs: $m,138822.52076726424
Mozambique,Mozal,DiscountedWeightedCostsCumulated,2025.0,Generation costs: $m,138822.52076726424
Mozambique,Mozal,DiscountedWeightedCostsCumulated,2025.0,Import costs with external zones: $m,138822.52076726424
Mozambique,Mozal,DiscountedWeightedCostsCumulated,2025.0,Import costs with internal zones: $m,138822.52076726424
Mozambique,Mozal,DiscountedWeightedCostsCumulated,2025.0,NPV of system cost: $m,138822.52076726424
Mozambique,Mozal,DiscountedWeightedCostsCumulated,2025.0,Spinning reserve costs: $m,138822.52076726424
Mozambique,Mozal,DiscountedWeightedCostsCumulated,2025.0,Startup costs: $m,138822.52076726424
Mozambique,Mozal,DiscountedWeightedCostsCumulated,2025.0,Trade shared benefits: $m,138822.52076726424
Mozambique,Mozal,DiscountedWeightedCostsCumulated,2025.0,Transmission costs: $m,138822.52076726424
Mozambique,Mozal,DiscountedWeightedCostsCumulated,2025.0,Unmet country CO2 backstop cost: $m,138822.52076726424
Mozambique,Mozal,DiscountedWeightedCostsCumulated,2025.0,Unmet country planning reserve costs: $m,138822.52076726424
Mozambique,Mozal,DiscountedWeightedCostsCumulated,2025.0,Unmet country spinning reserve costs: $m,138822.52076726424
Mozambique,Mozal,DiscountedWeightedCostsCumulated,2025.0,Unmet demand costs: $m,159627.52076726424
Mozambique,Mozal,DiscountedWeightedCostsCumulated,2025.0,Unmet system CO2 backstop cost: $m,159627.52076726424
Mozambique,Mozal,DiscountedWeightedCostsCumulated,2025.0,Unmet system planning reserve costs: $m,159627.52076726424
Mozambique,Mozal,DiscountedWeightedCostsCumulated,2025.0,Unmet system spinning reserve costs: $m,159627.52076726424
Mozambique,Mozal,DiscountedWeightedCostsCumulated,2025.0,VRE curtailment: $m,159627.52076726424
Mozambique,Mozal,DiscountedWeightedCostsCumulated,2025.0,Variable O&M: $m,159627.52076726424
Mozambique,Mozal,DiscountedWeightedCostsCumulated,2038.0,Carbon costs: $m,138822.52076726424
Mozambique,Mozal,DiscountedWeightedCostsCumulated,2038.0,Excess generation: $m,138822.52076726424
Mozambique,Mozal,DiscountedWeightedCostsCumulated,2038.0,Export revenues with external zones: $m,138822.52076726424
Mozambique,Mozal,DiscountedWeightedCostsCumulated,2038.0,Export revenues with internal zones: $m,138822.52076726424
Mozambique,Mozal,DiscountedWeightedCostsCumulated,2038.0,Fixed O&M: $m,138822.52076726424
Mozambique,Mozal,DiscountedWeightedCostsCumulated,2038.0,Fuel costs: $m,138822.52076726424
Mozambique,Mozal,DiscountedWeightedCostsCumulated,2038.0,Generation costs: $m,138822.52076726424
Mozambique,Mozal,DiscountedWeightedCostsCumulated,2038.0,Import costs with external zones: $m,138822.52076726424
Mozambique,Mozal,DiscountedWeightedCostsCumulated,2038.0,Import costs with internal zones: $m,138822.52076726424
Mozambique,Mozal,DiscountedWeightedCostsCumulated,2038.0,NPV of system cost: $m,138822.52076726424
Mozambique,Mozal,DiscountedWeightedCostsCumulated,2038.0,Spinning reserve costs: $m,138822.52076726424
Mozambique,Mozal,DiscountedWeightedCostsCumulated,2038.0,Startup costs: $m,138822.52076726424
Mozambique,Mozal,DiscountedWeightedCostsCumulated,2038.0,Trade shared benefits: $m,138822.52076726424
Mozambique,Mozal,DiscountedWeightedCostsCumulated,2038.0,Transmission costs: $m,138822.52076726424
Mozambique,Mozal,DiscountedWeightedCostsCumulated,2038.0,Unmet country CO2 backstop cost: $m,138822.52076726424
Mozambique,Mozal,DiscountedWeightedCostsCumulated,2038.0,Unmet country planning reserve costs: $m,138822.52076726424
Mozambique,Mozal,DiscountedWeightedCostsCumulated,2038.0,Unmet country spinning reserve costs: $m,138822.52076726424
Mozambique,Mozal,DiscountedWeightedCostsCumulated,2038.0,Unmet demand costs: $m,159627.52076726424
Mozambique,Mozal,DiscountedWeightedCostsCumulated,2038.0,Unmet system CO2 backstop cost: $m,159627.52076726424
Mozambique,Mozal,DiscountedWeightedCostsCumulated,2038.0,Unmet system planning reserve costs: $m,159627.52076726424
Mozambique,Mozal,DiscountedWeightedCostsCumulated,2038.0,Unmet system spinning reserve costs: $m,159627.52076726424
Mozambique,Mozal,DiscountedWeightedCostsCumulated,2038.0,VRE curtailment: $m,159627.52076726424
Mozambique,Mozal,DiscountedWeightedCostsCumulated,2038.0,Variable O&M: $m,159627.52076726424
Mozambique,Mozal,DiscountedWeightedCostsCumulated,2040.0,Carbon costs: $m,138822.52076726424
Mozambique,Mozal,DiscountedWeightedCostsCumulated,2040.0,Excess generation: $m,138822.52076726424
Mozambique,Mozal,DiscountedWeightedCostsCumulated,2040.0,Export revenues with external zones: $m,138822.52076726424
Mozambique,Mozal,DiscountedWeightedCostsCumulated,2040.0,Export revenues with internal zones: $m,138822.52076726424
Mozambique,Mozal,DiscountedWeightedCostsCumulated,2040.0,Fixed O&M: $m,138822.52076726424
Mozambique,Mozal,DiscountedWeightedCostsCumulated,2040.0,Fuel costs: $m,138822.52076726424
Mozambique,Mozal,DiscountedWeightedCostsCumulated,2040.0,Generation costs: $m,138822.52076726424
Mozambique,Mozal,DiscountedWeightedCostsCumulated,2040.0,Import costs with external zones: $m,138822.52076726424
Mozambique,Mozal,DiscountedWeightedCostsCumulated,2040.0,Import costs with internal zones: $m,138822.52076726424
Mozambique,Mozal,DiscountedWeightedCostsCumulated,2040.0,NPV of system cost: $m,138822.52076726424
Mozambique,Mozal,DiscountedWeightedCostsCumulated,2040.0,Spinning reserve costs: $m,138822.52076726424
Mozambique,Mozal,DiscountedWeightedCostsCumulated,2040.0,Startup costs: $m,138822.52076726424
Mozambique,Mozal,DiscountedWeightedCostsCumulated,2040.0,Trade shared benefits: $m,138822.52076726424
Mozambique,Mozal,DiscountedWeightedCostsCumulated,2040.0,Transmission costs: $m,138822.52076726424
Mozambique,Mozal,DiscountedWeightedCostsCumulated,2040.0,Unmet country CO2 backstop cost: $m,138822.52076726424
Mozambique,Mozal,DiscountedWeightedCostsCumulated,2040.0,Unmet country planning reserve costs: $m,138822.52076726424
Mozambique,Mozal,DiscountedWeightedCostsCumulated,2040.0,Unmet country spinning reserve costs: $m,138822.52076726424
Mozambique,Mozal,DiscountedWeightedCostsCumulated,2040.0,Unmet demand costs: $m,159627.52076726424
Mozambique,Mozal,DiscountedWeightedCostsCumulated,2040.0,Unmet system CO2 backstop cost: $m,159627.52076726424
Mozambique,Mozal,DiscountedWeightedCostsCumulated,2040.0,Unmet system planning reserve costs: $m,159627.52076726424
Mozambique,Mozal,DiscountedWeightedCostsCumulated,2040.0,Unmet system spinning reserve costs: $m,159627.52076726424
Mozambique,Mozal,DiscountedWeightedCostsCumulated,2040.0,VRE curtailment: $m,159627.52076726424
Mozambique,Mozal,DiscountedWeightedCostsCumulated,2040.0,Variable O&M: $m,159627.52076726424
Mozambique,Mozal,DiscountedWeightedCostsCumulated,2042.0,Carbon costs: $m,138822.52076726424
Mozambique,Mozal,DiscountedWeightedCostsCumulated,2042.0,Excess generation: $m,138822.52076726424
Mozambique,Mozal,DiscountedWeightedCostsCumulated,2042.0,Export revenues with external zones: $m,138822.52076726424
Mozambique,Mozal,DiscountedWeightedCostsCumulated,2042.0,Export revenues with internal zones: $m,138822.52076726424
Mozambique,Mozal,DiscountedWeightedCostsCumulated,2042.0,Fixed O&M: $m,138822.52076726424
Mozambique,Mozal,DiscountedWeightedCostsCumulated,2042.0,Fuel costs: $m,138822.52076726424
Mozambique,Mozal,DiscountedWeightedCostsCumulated,2042.0,Generation costs: $m,138822.52076726424
Mozambique,Mozal,DiscountedWeightedCostsCumulated,2042.0,Import costs with external zones: $m,138822.52076726424
Mozambique,Mozal,DiscountedWeightedCostsCumulated,2042.0,Import costs with internal zones: $m,138822.52076726424
Mozambique,Mozal,DiscountedWeightedCostsCumulated,2042.0,NPV of system cost: $m,138822.52076726424
Mozambique,Mozal,DiscountedWeightedCostsCumulated,2042.0,Spinning reserve costs: $m,138822.52076726424
Mozambique,Mozal,DiscountedWeightedCostsCumulated,2042.0,Startup costs: $m,138822.52076726424
Mozambique,Mozal,DiscountedWeightedCostsCumulated,2042.0,Trade shared benefits: $m,138822.52076726424
Mozambique,Mozal,DiscountedWeightedCostsCumulated,2042.0,Transmission costs: $m,138822.52076726424
Mozambique,Mozal,DiscountedWeightedCostsCumulated,2042.0,Unmet country CO2 backstop cost: $m,138822.52076726424
Mozambique,Mozal,DiscountedWeightedCostsCumulated,2042.0,Unmet country planning reserve costs: $m,138822.52076726424
Mozambique,Mozal,DiscountedWeightedCostsCumulated,2042.0,Unmet country spinning reserve costs: $m,138822.52076726424
Mozambique,Mozal,DiscountedWeightedCostsCumulated,2042.0,Unmet demand costs: $m,159627.52076726424
Mozambique,Mozal,DiscountedWeightedCostsCumulated,2042.0,Unmet system CO2 backstop cost: $m,159627.52076726424
Mozambique,Mozal,DiscountedWeightedCostsCumulated,2042.0,Unmet system planning reserve costs: $m,159627.52076726424
Mozambique,Mozal,DiscountedWeightedCostsCumulated,2042.0,Unmet system spinning reserve costs: $m,159627.52076726424
Mozambique,Mozal,DiscountedWeightedCostsCumulated,2042.0,VRE curtailment: $m,159627.52076726424
Mozambique,Mozal,DiscountedWeightedCostsCumulated,2042.0,Variable O&M: $m,159627.52076726424
Mozambique,Mozal,NetPresentCostPerMWh,,Carbon costs: $m,0.0
Mozambique,Mozal,NetPresentCostPerMWh,,Excess generation: $m,0.0
Mozambique,Mozal,NetPresentCostPerMWh,,Export revenues with external zones: $m,0.0
Mozambique,Mozal,NetPresentCostPerMWh,,Export revenues with internal zones: $m,0.0
Mozambique,Mozal,NetPresentCostPerMWh,,Fixed O&M: $m,0.0
Mozambique,Mozal,NetPresentCostPerMWh,,Fuel costs: $m,0.0
Mozambique,Mozal,NetPresentCostPerMWh,,Generation costs: $m,0.0
Mozambique,Mozal,NetPresentCostPerMWh,,Import costs with external zones: $m,0.0
Mozambique,Mozal,NetPresentCostPerMWh,,Import costs with internal zones: $m,0.0
Mozambique,Mozal,NetPresentCostPerMWh,,NPV of system cost: $m,0.0
Mozambique,Mozal,NetPresentCostPerMWh,,Spinning reserve costs: $m,0.0
Mozambique,Mozal,NetPresentCostPerMWh,,Startup costs: $m,0.0
Mozambique,Mozal,NetPresentCostPerMWh,,Trade shared benefits: $m,0.0
Mozambique,Mozal,NetPresentCostPerMWh,,Transmission costs: $m,0.0
Mozambique,Mozal,NetPresentCostPerMWh,,Unmet country CO2 backstop cost: $m,0.0
Mozambique,Mozal,NetPresentCostPerMWh,,Unmet country planning reserve costs: $m,0.0
Mozambique,Mozal,NetPresentCostPerMWh,,Unmet country spinning reserve costs: $m,0.0
Mozambique,Mozal,NetPresentCostPerMWh,,Unmet demand costs: $m,2499.999999971469
Mozambique,Mozal,NetPresentCostPerMWh,,Unmet system CO2 backstop cost: $m,0.0
Mozambique,Mozal,NetPresentCostPerMWh,,Unmet system planning reserve costs: $m,0.0
Mozambique,Mozal,NetPresentCostPerMWh,,Unmet system spinning reserve costs: $m,1.9761318821019813e-14
Mozambique,Mozal,NetPresentCostPerMWh,,VRE curtailment: $m,0.0
Mozambique,Mozal,NetPresentCostPerMWh,,Variable O&M: $m,0.0
Mozambique,Mozambique_Central,Costs,2025.0,Carbon costs: $m,0.0
Mozambique,Mozambique_Central,Costs,2025.0,Excess generation: $m,0.0
Mozambique,Mozambique_Central,Costs,2025.0,Export revenues with external zones: $m,0.0
Mozambique,Mozambique_Central,Costs,2025.0,Export revenues with internal zones: $m,-0.36135
Mozambique,Mozambique_Central,Costs,2025.0,Fixed O&M: $m,97.51168
Mozambique,Mozambique_Central,Costs,2025.0,Fuel costs: $m,0.0
Mozambique,Mozambique_Central,Costs,2025.0,Generation costs: $m,0.0
Mozambique,Mozambique_Central,Costs,2025.0,Import costs with external zones: $m,0.0
Mozambique,Mozambique_Central,Costs,2025.0,Import costs with internal zones: $m,0.0
Mozambique,Mozambique_Central,Costs,2025.0,NPV of system cost: $m,0.0
Mozambique,Mozambique_Central,Costs,2025.0,Spinning reserve costs: $m,0.0
Mozambique,Mozambique_Central,Costs,2025.0,Startup costs: $m,0.0
Mozambique,Mozambique_Central,Costs,2025.0,Trade shared benefits: $m,-34.81270504650002
Mozambique,Mozambique_Central,Costs,2025.0,Transmission costs: $m,0.0
Mozambique,Mozambique_Central,Costs,2025.0,Unmet country CO2 backstop cost: $m,0.0
Mozambique,Mozambique_Central,Costs,2025.0,Unmet country planning reserve costs: $m,0.0
Mozambique,Mozambique_Central,Costs,2025.0,Unmet country spinning reserve costs: $m,0.0
Mozambique,Mozambique_Central,Costs,2025.0,Unmet demand costs: $m,0.0
Mozambique,Mozambique_Central,Costs,2025.0,Unmet system CO2 backstop cost: $m,0.0
Mozambique,Mozambique_Central,Costs,2025.0,Unmet system planning reserve costs: $m,0.0
Mozambique,Mozambique_Central,Costs,2025.0,Unmet system spinning reserve costs: $m,0.0
Mozambique,Mozambique_Central,Costs,2025.0,VRE curtailment: $m,0.0
Mozambique,Mozambique_Central,Costs,2025.0,Variable O&M: $m,1.4404043857499995
Mozambique,Mozambique_Central,Costs,2027.0,Carbon costs: $m,0.0
Mozambique,Mozambique_Central,Costs,2027.0,Excess generation: $m,0.0
Mozambique,Mozambique_Central,Costs,2027.0,Export revenues with external zones: $m,0.0
Mozambique,Mozambique_Central,Costs,2027.0,Export revenues with internal zones: $m,-0.9401729043586308
Mozambique,Mozambique_Central,Costs,2027.0,Fixed O&M: $m,97.51168
Mozambique,Mozambique_Central,Costs,2027.0,Fuel costs: $m,0.0
Mozambique,Mozambique_Central,Costs,2027.0,Generation costs: $m,0.0
Mozambique,Mozambique_Central,Costs,2027.0,Import costs with external zones: $m,0.0
Mozambique,Mozambique_Central,Costs,2027.0,Import costs with internal zones: $m,0.0826893694744094
Mozambique,Mozambique_Central,Costs,2027.0,NPV of system cost: $m,0.0
Mozambique,Mozambique_Central,Costs,2027.0,Spinning reserve costs: $m,0.0
Mozambique,Mozambique_Central,Costs,2027.0,Startup costs: $m,0.0
Mozambique,Mozambique_Central,Costs,2027.0,Trade shared benefits: $m,-110.23682659322048
Mozambique,Mozambique_Central,Costs,2027.0,Transmission costs: $m,10.051480010466836
Mozambique,Mozambique_Central,Costs,2027.0,Unmet country CO2 backstop cost: $m,0.0
Mozambique,Mozambique_Central,Costs,2027.0,Unmet country planning reserve costs: $m,0.0
Mozambique,Mozambique_Central,Costs,2027.0,Unmet country spinning reserve costs: $m,0.0
Mozambique,Mozambique_Central,Costs,2027.0,Unmet demand costs: $m,0.0
Mozambique,Mozambique_Central,Costs,2027.0,Unmet system CO2 backstop cost: $m,0.0
Mozambique,Mozambique_Central,Costs,2027.0,Unmet system planning reserve costs: $m,0.0
Mozambique,Mozambique_Central,Costs,2027.0,Unmet system spinning reserve costs: $m,0.0
Mozambique,Mozambique_Central,Costs,2027.0,VRE curtailment: $m,0.0
Mozambique,Mozambique_Central,Costs,2027.0,Variable O&M: $m,2.035739454697429
Mozambique,Mozambique_Central,Costs,2030.0,Carbon costs: $m,0.0
Mozambique,Mozambique_Central,Costs,2030.0,Excess generation: $m,0.0
Mozambique,Mozambique_Central,Costs,2030.0,Export revenues with external zones: $m,0.0
Mozambique,Mozambique_Central,Costs,2030.0,Export revenues with internal zones: $m,-382.783702114764
Mozambique,Mozambique_Central,Costs,2030.0,Fixed O&M: $m,99.02368
Mozambique,Mozambique_Central,Costs,2030.0,Fuel costs: $m,0.0
Mozambique,Mozambique_Central,Costs,2030.0,Generation costs: $m,0.0
Mozambique,Mozambique_Central,Costs,2030.0,Import costs with external zones: $m,0.0
Mozambique,Mozambique_Central,Costs,2030.0,Import costs with internal zones: $m,0.0
Mozambique,Mozambique_Central,Costs,2030.0,NPV of system cost: $m,0.0
Mozambique,Mozambique_Central,Costs,2030.0,Spinning reserve costs: $m,0.0
Mozambique,Mozambique_Central,Costs,2030.0,Startup costs: $m,0.0
Mozambique,Mozambique_Central,Costs,2030.0,Trade shared benefits: $m,-330.0544870581813
Mozambique,Mozambique_Central,Costs,2030.0,Transmission costs: $m,20.85178088131229
Mozambique,Mozambique_Central,Costs,2030.0,Unmet country CO2 backstop cost: $m,0.0
Mozambique,Mozambique_Central,Costs,2030.0,Unmet country planning reserve costs: $m,0.0
Mozambique,Mozambique_Central,Costs,2030.0,Unmet country spinning reserve costs: $m,0.0
Mozambique,Mozambique_Central,Costs,2030.0,Unmet demand costs: $m,0.0
Mozambique,Mozambique_Central,Costs,2030.0,Unmet system CO2 backstop cost: $m,0.0
Mozambique,Mozambique_Central,Costs,2030.0,Unmet system planning reserve costs: $m,0.0
Mozambique,Mozambique_Central,Costs,2030.0,Unmet system spinning reserve costs: $m,0.0
Mozambique,Mozambique_Central,Costs,2030.0,VRE curtailment: $m,0.0
Mozambique,Mozambique_Central,Costs,2030.0,Variable O&M: $m,8.609011868666023
Mozambique,Mozambique_Central,Costs,2032.0,Carbon costs: $m,0.0
Mozambique,Mozambique_Central,Costs,2032.0,Excess generation: $m,0.0
Mozambique,Mozambique_Central,Costs,2032.0,Export revenues with external zones: $m,0.0
Mozambique,Mozambique_Central,Costs,2032.0,Export revenues with internal zones: $m,-740.2173449179481
Mozambique,Mozambique_Central,Costs,2032.0,Fixed O&M: $m,100.70368
Mozambique,Mozambique_Central,Costs,2032.0,Fuel costs: $m,0.0
Mozambique,Mozambique_Central,Costs,2032.0,Generation costs: $m,0.0
Mozambique,Mozambique_Central,Costs,2032.0,Import costs with external zones: $m,0.0
Mozambique,Mozambique_Central,Costs,2032.0,Import costs with internal zones: $m,0.0
Mozambique,Mozambique_Central,Costs,2032.0,NPV of system cost: $m,0.0
Mozambique,Mozambique_Central,Costs,2032.0,Spinning reserve costs: $m,0.0
Mozambique,Mozambique_Central,Costs,2032.0,Startup costs: $m,0.0
Mozambique,Mozambique_Central,Costs,2032.0,Trade shared benefits: $m,-302.20088742576263
Mozambique,Mozambique_Central,Costs,2032.0,Transmission costs: $m,20.85178088131229
Mozambique,Mozambique_Central,Costs,2032.0,Unmet country CO2 backstop cost: $m,0.0
Mozambique,Mozambique_Central,Costs,2032.0,Unmet country planning reserve costs: $m,0.0
Mozambique,Mozambique_Central,Costs,2032.0,Unmet country spinning reserve costs: $m,0.0
Mozambique,Mozambique_Central,Costs,2032.0,Unmet demand costs: $m,0.0
Mozambique,Mozambique_Central,Costs,2032.0,Unmet system CO2 backstop cost: $m,0.0
Mozambique,Mozambique_Central,Costs,2032.0,Unmet system planning reserve costs: $m,0.0
Mozambique,Mozambique_Central,Costs,2032.0,Unmet system spinning reserve costs: $m,0.0
Mozambique,Mozambique_Central,Costs,2032.0,VRE curtailment: $m,0.0
Mozambique,Mozambique_Central,Costs,2032.0,Variable O&M: $m,8.642513800800002
Mozambique,Mozambique_Central,Costs,2035.0,Carbon costs: $m,0.0
Mozambique,Mozambique_Central,Costs,2035.0,Excess generation: $m,0.0
Mozambique,Mozambique_Central,Costs,2035.0,Export revenues with external zones: $m,0.0
Mozambique,Mozambique_Central,Costs,2035.0,Export revenues with internal zones: $m,-598.5376331560695
Mozambique,Mozambique_Central,Costs,2035.0,Fixed O&M: $m,101.71168
Mozambique,Mozambique_Central,Costs,2035.0,Fuel costs: $m,0.0
Mozambique,Mozambique_Central,Costs,2035.0,Generation costs: $m,0.0
Mozambique,Mozambique_Central,Costs,2035.0,Import costs with external zones: $m,0.0
Mozambique,Mozambique_Central,Costs,2035.0,Import costs with internal zones: $m,19.11269442782775
Mozambique,Mozambique_Central,Costs,2035.0,NPV of system cost: $m,0.0
Mozambique,Mozambique_Central,Costs,2035.0,Spinning reserve costs: $m,0.0
Mozambique,Mozambique_Central,Costs,2035.0,Startup costs: $m,0.0
Mozambique,Mozambique_Central,Costs,2035.0,Trade shared benefits: $m,-180.74641844735848
Mozambique,Mozambique_Central,Costs,2035.0,Transmission costs: $m,28.2887452714816
Mozambique,Mozambique_Central,Costs,2035.0,Unmet country CO2 backstop cost: $m,0.0
Mozambique,Mozambique_Central,Costs,2035.0,Unmet country planning reserve costs: $m,0.0
Mozambique,Mozambique_Central,Costs,2035.0,Unmet country spinning reserve costs: $m,0.0
Mozambique,Mozambique_Central,Costs,2035.0,Unmet demand costs: $m,0.0
Mozambique,Mozambique_Central,Costs,2035.0,Unmet system CO2 backstop cost: $m,0.0
Mozambique,Mozambique_Central,Costs,2035.0,Unmet system planning reserve costs: $m,0.0
Mozambique,Mozambique_Central,Costs,2035.0,Unmet system spinning reserve costs: $m,0.0
Mozambique,Mozambique_Central,Costs,2035.0,VRE curtailment: $m,0.0
Mozambique,Mozambique_Central,Costs,2035.0,Variable O&M: $m,8.642513800800003
Mozambique,Mozambique_Central,Costs,2038.0,Carbon costs: $m,0.0
Mozambique,Mozambique_Central,Costs,2038.0,Excess generation: $m,0.0
Mozambique,Mozambique_Central,Costs,2038.0,Export revenues with external zones: $m,0.0
Mozambique,Mozambique_Central,Costs,2038.0,Export revenues with internal zones: $m,-563.5225133350705
Mozambique,Mozambique_Central,Costs,2038.0,Fixed O&M: $m,102.71968
Mozambique,Mozambique_Central,Costs,2038.0,Fuel costs: $m,0.0
Mozambique,Mozambique_Central,Costs,2038.0,Generation costs: $m,0.0
Mozambique,Mozambique_Central,Costs,2038.0,Import costs with external zones: $m,0.0
Mozambique,Mozambique_Central,Costs,2038.0,Import costs with internal zones: $m,23.040273610725965
Mozambique,Mozambique_Central,Costs,2038.0,NPV of system cost: $m,0.0
Mozambique,Mozambique_Central,Costs,2038.0,Spinning reserve costs: $m,0.0
Mozambique,Mozambique_Central,Costs,2038.0,Startup costs: $m,0.0
Mozambique,Mozambique_Central,Costs,2038.0,Trade shared benefits: $m,-122.50703641042648
Mozambique,Mozambique_Central,Costs,2038.0,Transmission costs: $m,28.7011543361138
Mozambique,Mozambique_Central,Costs,2038.0,Unmet country CO2 backstop cost: $m,0.0
Mozambique,Mozambique_Central,Costs,2038.0,Unmet country planning reserve costs: $m,0.0
Mozambique,Mozambique_Central,Costs,2038.0,Unmet country spinning reserve costs: $m,0.0
Mozambique,Mozambique_Central,Costs,2038.0,Unmet demand costs: $m,0.0
Mozambique,Mozambique_Central,Costs,2038.0,Unmet system CO2 backstop cost: $m,0.0
Mozambique,Mozambique_Central,Costs,2038.0,Unmet system planning reserve costs: $m,0.0
Mozambique,Mozambique_Central,Costs,2038.0,Unmet system spinning reserve costs: $m,0.0017857376619402
Mozambique,Mozambique_Central,Costs,2038.0,VRE curtailment: $m,0.0
Mozambique,Mozambique_Central,Costs,2038.0,Variable O&M: $m,8.642513800800003
Mozambique,Mozambique_Central,Costs,2040.0,Carbon costs: $m,0.0
Mozambique,Mozambique_Central,Costs,2040.0,Excess generation: $m,0.0
Mozambique,Mozambique_Central,Costs,2040.0,Export revenues with external zones: $m,0.0
Mozambique,Mozambique_Central,Costs,2040.0,Export revenues with internal zones: $m,-422.3240707550316
Mozambique,Mozambique_Central,Costs,2040.0,Fixed O&M: $m,103.39168
Mozambique,Mozambique_Central,Costs,2040.0,Fuel costs: $m,0.0
Mozambique,Mozambique_Central,Costs,2040.0,Generation costs: $m,0.0
Mozambique,Mozambique_Central,Costs,2040.0,Import costs with external zones: $m,0.0
Mozambique,Mozambique_Central,Costs,2040.0,Import costs with internal zones: $m,12.932580511928492
Mozambique,Mozambique_Central,Costs,2040.0,NPV of system cost: $m,0.0
Mozambique,Mozambique_Central,Costs,2040.0,Spinning reserve costs: $m,0.0
Mozambique,Mozambique_Central,Costs,2040.0,Startup costs: $m,0.0
Mozambique,Mozambique_Central,Costs,2040.0,Trade shared benefits: $m,-123.636054643211
Mozambique,Mozambique_Central,Costs,2040.0,Transmission costs: $m,28.7011543361138
Mozambique,Mozambique_Central,Costs,2040.0,Unmet country CO2 backstop cost: $m,0.0
Mozambique,Mozambique_Central,Costs,2040.0,Unmet country planning reserve costs: $m,0.0
Mozambique,Mozambique_Central,Costs,2040.0,Unmet country spinning reserve costs: $m,0.0
Mozambique,Mozambique_Central,Costs,2040.0,Unmet demand costs: $m,0.0
Mozambique,Mozambique_Central,Costs,2040.0,Unmet system CO2 backstop cost: $m,0.0
Mozambique,Mozambique_Central,Costs,2040.0,Unmet system planning reserve costs: $m,0.0
Mozambique,Mozambique_Central,Costs,2040.0,Unmet system spinning reserve costs: $m,0.0432040837741085
Mozambique,Mozambique_Central,Costs,2040.0,VRE curtailment: $m,0.0
Mozambique,Mozambique_Central,Costs,2040.0,Variable O&M: $m,8.642513800800002
Mozambique,Mozambique_Central,Costs,2042.0,Carbon costs: $m,0.0
Mozambique,Mozambique_Central,Costs,2042.0,Excess generation: $m,0.0
Mozambique,Mozambique_Central,Costs,2042.0,Export revenues with external zones: $m,0.0
Mozambique,Mozambique_Central,Costs,2042.0,Export revenues with internal zones: $m,-457.6514507470727
Mozambique,Mozambique_Central,Costs,2042.0,Fixed O&M: $m,104.06368
Mozambique,Mozambique_Central,Costs,2042.0,Fuel costs: $m,0.0
Mozambique,Mozambique_Central,Costs,2042.0,Generation costs: $m,0.0
Mozambique,Mozambique_Central,Costs,2042.0,Import costs with external zones: $m,0.0
Mozambique,Mozambique_Central,Costs,2042.0,Import costs with internal zones: $m,18.543392267444684
Mozambique,Mozambique_Central,Costs,2042.0,NPV of system cost: $m,0.0
Mozambique,Mozambique_Central,Costs,2042.0,Spinning reserve costs: $m,0.0
Mozambique,Mozambique_Central,Costs,2042.0,Startup costs: $m,0.0
Mozambique,Mozambique_Central,Costs,2042.0,Trade shared benefits: $m,-122.84506126647624
Mozambique,Mozambique_Central,Costs,2042.0,Transmission costs: $m,28.7011543361138
Mozambique,Mozambique_Central,Costs,2042.0,Unmet country CO2 backstop cost: $m,0.0
Mozambique,Mozambique_Central,Costs,2042.0,Unmet country planning reserve costs: $m,0.0
Mozambique,Mozambique_Central,Costs,2042.0,Unmet country spinning reserve costs: $m,0.0
Mozambique,Mozambique_Central,Costs,2042.0,Unmet demand costs: $m,0.0
Mozambique,Mozambique_Central,Costs,2042.0,Unmet system CO2 backstop cost: $m,0.0
Mozambique,Mozambique_Central,Costs,2042.0,Unmet system planning reserve costs: $m,0.0
Mozambique,Mozambique_Central,Costs,2042.0,Unmet system spinning reserve costs: $m,0.0831897557823971
Mozambique,Mozambique_Central,Costs,2042.0,VRE curtailment: $m,0.0
Mozambique,Mozambique_Central,Costs,2042.0,Variable O&M: $m,8.642513800800003
Mozambique,Mozambique_Central,Costs,2045.0,Carbon costs: $m,0.0
Mozambique,Mozambique_Central,Costs,2045.0,Excess generation: $m,0.0
Mozambique,Mozambique_Central,Costs,2045.0,Export revenues with external zones: $m,0.0
Mozambique,Mozambique_Central,Costs,2045.0,Export revenues with internal zones: $m,-505.9335850443478
Mozambique,Mozambique_Central,Costs,2045.0,Fixed O&M: $m,105.07168
Mozambique,Mozambique_Central,Costs,2045.0,Fuel costs: $m,0.0
Mozambique,Mozambique_Central,Costs,2045.0,Generation costs: $m,0.0
Mozambique,Mozambique_Central,Costs,2045.0,Import costs with external zones: $m,0.0
Mozambique,Mozambique_Central,Costs,2045.0,Import costs with internal zones: $m,10.85586921779878
Mozambique,Mozambique_Central,Costs,2045.0,NPV of system cost: $m,0.0
Mozambique,Mozambique_Central,Costs,2045.0,Spinning reserve costs: $m,0.0
Mozambique,Mozambique_Central,Costs,2045.0,Startup costs: $m,0.0
Mozambique,Mozambique_Central,Costs,2045.0,Trade shared benefits: $m,-111.25217671493348
Mozambique,Mozambique_Central,Costs,2045.0,Transmission costs: $m,28.7011543361138
Mozambique,Mozambique_Central,Costs,2045.0,Unmet country CO2 backstop cost: $m,0.0
Mozambique,Mozambique_Central,Costs,2045.0,Unmet country planning reserve costs: $m,0.0
Mozambique,Mozambique_Central,Costs,2045.0,Unmet country spinning reserve costs: $m,0.0
Mozambique,Mozambique_Central,Costs,2045.0,Unmet demand costs: $m,0.0
Mozambique,Mozambique_Central,Costs,2045.0,Unmet system CO2 backstop cost: $m,0.0
Mozambique,Mozambique_Central,Costs,2045.0,Unmet system planning reserve costs: $m,0.0
Mozambique,Mozambique_Central,Costs,2045.0,Unmet system spinning reserve costs: $m,0.0
Mozambique,Mozambique_Central,Costs,2045.0,VRE curtailment: $m,0.0
Mozambique,Mozambique_Central,Costs,2045.0,Variable O&M: $m,8.642513800800003
Mozambique,Mozambique_Central,Costs,2048.0,Carbon costs: $m,0.0
Mozambique,Mozambique_Central,Costs,2048.0,Excess generation: $m,0.0
Mozambique,Mozambique_Central,Costs,2048.0,Export revenues with external zones: $m,0.0
Mozambique,Mozambique_Central,Costs,2048.0,Export revenues with internal zones: $m,-520.738078046961
Mozambique,Mozambique_Central,Costs,2048.0,Fixed O&M: $m,110.61568
Mozambique,Mozambique_Central,Costs,2048.0,Fuel costs: $m,0.0
Mozambique,Mozambique_Central,Costs,2048.0,Generation costs: $m,0.0
Mozambique,Mozambique_Central,Costs,2048.0,Import costs with external zones: $m,0.0
Mozambique,Mozambique_Central,Costs,2048.0,Import costs with internal zones: $m,12.61158038468282
Mozambique,Mozambique_Central,Costs,2048.0,NPV of system cost: $m,0.0
Mozambique,Mozambique_Central,Costs,2048.0,Spinning reserve costs: $m,0.0
Mozambique,Mozambique_Central,Costs,2048.0,Startup costs: $m,0.0
Mozambique,Mozambique_Central,Costs,2048.0,Trade shared benefits: $m,-114.22911026350955
Mozambique,Mozambique_Central,Costs,2048.0,Transmission costs: $m,28.7011543361138
Mozambique,Mozambique_Central,Costs,2048.0,Unmet country CO2 backstop cost: $m,0.0
Mozambique,Mozambique_Central,Costs,2048.0,Unmet country planning reserve costs: $m,0.0
Mozambique,Mozambique_Central,Costs,2048.0,Unmet country spinning reserve costs: $m,0.0
Mozambique,Mozambique_Central,Costs,2048.0,Unmet demand costs: $m,0.0
Mozambique,Mozambique_Central,Costs,2048.0,Unmet system CO2 backstop cost: $m,0.0
Mozambique,Mozambique_Central,Costs,2048.0,Unmet system planning reserve costs: $m,0.0
Mozambique,Mozambique_Central,Costs,2048.0,Unmet system spinning reserve costs: $m,0.0
Mozambique,Mozambique_Central,Costs,2048.0,VRE curtailment: $m,0.0
Mozambique,Mozambique_Central,Costs,2048.0,Variable O&M: $m,8.642513800800003
Mozambique,Mozambique_Central,Costs,2050.0,Carbon costs: $m,0.0
Mozambique,Mozambique_Central,Costs,2050.0,Excess generation: $m,0.0
Mozambique,Mozambique_Central,Costs,2050.0,Export revenues with external zones: $m,0.0
Mozambique,Mozambique_Central,Costs,2050.0,Export revenues with internal zones: $m,-504.6410057846478
Mozambique,Mozambique_Central,Costs,2050.0,Fixed O&M: $m,113.63968
Mozambique,Mozambique_Central,Costs,2050.0,Fuel costs: $m,0.0
Mozambique,Mozambique_Central,Costs,2050.0,Generation costs: $m,0.0
Mozambique,Mozambique_Central,Costs,2050.0,Import costs with external zones: $m,0.0
Mozambique,Mozambique_Central,Costs,2050.0,Import costs with internal zones: $m,17.507305815033913
Mozambique,Mozambique_Central,Costs,2050.0,NPV of system cost: $m,0.0
Mozambique,Mozambique_Central,Costs,2050.0,Spinning reserve costs: $m,0.0
Mozambique,Mozambique_Central,Costs,2050.0,Startup costs: $m,0.0
Mozambique,Mozambique_Central,Costs,2050.0,Trade shared benefits: $m,-112.25627184934808
Mozambique,Mozambique_Central,Costs,2050.0,Transmission costs: $m,28.7011543361138
Mozambique,Mozambique_Central,Costs,2050.0,Unmet country CO2 backstop cost: $m,0.0
Mozambique,Mozambique_Central,Costs,2050.0,Unmet country planning reserve costs: $m,0.0
Mozambique,Mozambique_Central,Costs,2050.0,Unmet country spinning reserve costs: $m,0.0
Mozambique,Mozambique_Central,Costs,2050.0,Unmet demand costs: $m,0.0
Mozambique,Mozambique_Central,Costs,2050.0,Unmet system CO2 backstop cost: $m,0.0
Mozambique,Mozambique_Central,Costs,2050.0,Unmet system planning reserve costs: $m,0.0
Mozambique,Mozambique_Central,Costs,2050.0,Unmet system spinning reserve costs: $m,0.0
Mozambique,Mozambique_Central,Costs,2050.0,VRE curtailment: $m,0.0
Mozambique,Mozambique_Central,Costs,2050.0,Variable O&M: $m,8.6425138008
Mozambique,Mozambique_Central,DiscountedWeightedCostsCumulated,2025.0,Carbon costs: $m,159627.52076726424
Mozambique,Mozambique_Central,DiscountedWeightedCostsCumulated,2025.0,Excess generation: $m,159627.52076726424
Mozambique,Mozambique_Central,DiscountedWeightedCostsCumulated,2025.0,Export revenues with external zones: $m,159627.52076726424
Mozambique,Mozambique_Central,DiscountedWeightedCostsCumulated,2025.0,Export revenues with internal zones: $m,159627.15941726425
Mozambique,Mozambique_Central,DiscountedWeightedCostsCumulated,2025.0,Fixed O&M: $m,155715.37940934717
Mozambique,Mozambique_Central,DiscountedWeightedCostsCumulated,2025.0,Fuel costs: $m,156677.50767562722
Mozambique,Mozambique_Central,DiscountedWeightedCostsCumulated,2025.0,Generation costs: $m,156677.50767562722
Mozambique,Mozambique_Central,DiscountedWeightedCostsCumulated,2025.0,Import costs with external zones: $m,156677.50767562722
Mozambique,Mozambique_Central,DiscountedWeightedCostsCumulated,2025.0,Import costs with internal zones: $m,156677.50767562722
Mozambique,Mozambique_Central,DiscountedWeightedCostsCumulated,2025.0,NPV of system cost: $m,156755.15766293075
Mozambique,Mozambique_Central,DiscountedWeightedCostsCumulated,2025.0,Spinning reserve costs: $m,156755.15766293075
Mozambique,Mozambique_Central,DiscountedWeightedCostsCumulated,2025.0,Startup costs: $m,156755.15766293075
Mozambique,Mozambique_Central,DiscountedWeightedCostsCumulated,2025.0,Trade shared benefits: $m,156720.34495788426
Mozambique,Mozambique_Central,DiscountedWeightedCostsCumulated,2025.0,Transmission costs: $m,154862.6698318312
Mozambique,Mozambique_Central,DiscountedWeightedCostsCumulated,2025.0,Unmet country CO2 backstop cost: $m,155075.11549427887
Mozambique,Mozambique_Central,DiscountedWeightedCostsCumulated,2025.0,Unmet country planning reserve costs: $m,155075.11549427887
Mozambique,Mozambique_Central,DiscountedWeightedCostsCumulated,2025.0,Unmet country spinning reserve costs: $m,155075.11549427887
Mozambique,Mozambique_Central,DiscountedWeightedCostsCumulated,2025.0,Unmet demand costs: $m,155075.11549427887
Mozambique,Mozambique_Central,DiscountedWeightedCostsCumulated,2025.0,Unmet system CO2 backstop cost: $m,155075.11549427887
Mozambique,Mozambique_Central,DiscountedWeightedCostsCumulated,2025.0,Unmet system planning reserve costs: $m,155075.11549427887
Mozambique,Mozambique_Central,DiscountedWeightedCostsCumulated,2025.0,Unmet system spinning reserve costs: $m,155075.11549427887
Mozambique,Mozambique_Central,DiscountedWeightedCostsCumulated,2025.0,VRE curtailment: $m,155075.17624756787
Mozambique,Mozambique_Central,DiscountedWeightedCostsCumulated,2025.0,Variable O&M: $m,155076.6166519536
Mozambique,Mozambique_Central,DiscountedWeightedCostsCumulated,2027.0,Carbon costs: $m,159627.52076726424
Mozambique,Mozambique_Central,DiscountedWeightedCostsCumulated,2027.0,Excess generation: $m,159627.52076726424
Mozambique,Mozambique_Central,DiscountedWeightedCostsCumulated,2027.0,Export revenues with external zones: $m,159627.52076726424
Mozambique,Mozambique_Central,DiscountedWeightedCostsCumulated,2027.0,Export revenues with internal zones: $m,159625.4500119836
Mozambique,Mozambique_Central,DiscountedWeightedCostsCumulated,2027.0,Fixed O&M: $m,155892.67337298353
Mozambique,Mozambique_Central,DiscountedWeightedCostsCumulated,2027.0,Fuel costs: $m,156677.50767562722
Mozambique,Mozambique_Central,DiscountedWeightedCostsCumulated,2027.0,Generation costs: $m,156677.50767562722
Mozambique,Mozambique_Central,DiscountedWeightedCostsCumulated,2027.0,Import costs with external zones: $m,156677.50767562722
Mozambique,Mozambique_Central,DiscountedWeightedCostsCumulated,2027.0,Import costs with internal zones: $m,156677.65801993536
Mozambique,Mozambique_Central,DiscountedWeightedCostsCumulated,2027.0,NPV of system cost: $m,156755.15766293075
Mozambique,Mozambique_Central,DiscountedWeightedCostsCumulated,2027.0,Spinning reserve costs: $m,156755.15766293075
Mozambique,Mozambique_Central,DiscountedWeightedCostsCumulated,2027.0,Startup costs: $m,156755.15766293075
Mozambique,Mozambique_Central,DiscountedWeightedCostsCumulated,2027.0,Trade shared benefits: $m,156519.9143640784
Mozambique,Mozambique_Central,DiscountedWeightedCostsCumulated,2027.0,Transmission costs: $m,154880.94525003206
Mozambique,Mozambique_Central,DiscountedWeightedCostsCumulated,2027.0,Unmet country CO2 backstop cost: $m,155075.11549427887
Mozambique,Mozambique_Central,DiscountedWeightedCostsCumulated,2027.0,Unmet country planning reserve costs: $m,155075.11549427887
Mozambique,Mozambique_Central,DiscountedWeightedCostsCumulated,2027.0,Unmet country spinning reserve costs: $m,155075.11549427887
Mozambique,Mozambique_Central,DiscountedWeightedCostsCumulated,2027.0,Unmet demand costs: $m,155075.11549427887
Mozambique,Mozambique_Central,DiscountedWeightedCostsCumulated,2027.0,Unmet system CO2 backstop cost: $m,155075.11549427887
Mozambique,Mozambique_Central,DiscountedWeightedCostsCumulated,2027.0,Unmet system planning reserve costs: $m,155075.11549427887
Mozambique,Mozambique_Central,DiscountedWeightedCostsCumulated,2027.0,Unmet system spinning reserve costs: $m,155075.11549427887
Mozambique,Mozambique_Central,DiscountedWeightedCostsCumulated,2027.0,VRE curtailment: $m,155075.17624756787
Mozambique,Mozambique_Central,DiscountedWeightedCostsCumulated,2027.0,Variable O&M: $m,155080.31799641668
Mozambique,Mozambique_Central,DiscountedWeightedCostsCumulated,2030.0,Carbon costs: $m,159627.52076726424
Mozambique,Mozambique_Central,DiscountedWeightedCostsCumulated,2030.0,Excess generation: $m,159627.52076726424
Mozambique,Mozambique_Central,DiscountedWeightedCostsCumulated,2030.0,Export revenues with external zones: $m,159627.52076726424
Mozambique,Mozambique_Central,DiscountedWeightedCostsCumulated,2030.0,Export revenues with internal zones: $m,158802.82805915258
Mozambique,Mozambique_Central,DiscountedWeightedCostsCumulated,2030.0,Fixed O&M: $m,156105.4803774826
Mozambique,Mozambique_Central,DiscountedWeightedCostsCumulated,2030.0,Fuel costs: $m,156677.50767562722
Mozambique,Mozambique_Central,DiscountedWeightedCostsCumulated,2030.0,Generation costs: $m,156677.50767562722
Mozambique,Mozambique_Central,DiscountedWeightedCostsCumulated,2030.0,Import costs with external zones: $m,156677.50767562722
Mozambique,Mozambique_Central,DiscountedWeightedCostsCumulated,2030.0,Import costs with internal zones: $m,156677.65801993536
Mozambique,Mozambique_Central,DiscountedWeightedCostsCumulated,2030.0,NPV of system cost: $m,156755.15766293075
Mozambique,Mozambique_Central,DiscountedWeightedCostsCumulated,2030.0,Spinning reserve costs: $m,156755.15766293075
Mozambique,Mozambique_Central,DiscountedWeightedCostsCumulated,2030.0,Startup costs: $m,156755.15766293075
Mozambique,Mozambique_Central,DiscountedWeightedCostsCumulated,2030.0,Trade shared benefits: $m,155810.61021872313
Mozambique,Mozambique_Central,DiscountedWeightedCostsCumulated,2030.0,Transmission costs: $m,154925.75680447867
Mozambique,Mozambique_Central,DiscountedWeightedCostsCumulated,2030.0,Unmet country CO2 backstop cost: $m,155075.11549427887
Mozambique,Mozambique_Central,DiscountedWeightedCostsCumulated,2030.0,Unmet country planning reserve costs: $m,155075.11549427887
Mozambique,Mozambique_Central,DiscountedWeightedCostsCumulated,2030.0,Unmet country spinning reserve costs: $m,155075.11549427887
Mozambique,Mozambique_Central,DiscountedWeightedCostsCumulated,2030.0,Unmet demand costs: $m,155075.11549427887
Mozambique,Mozambique_Central,DiscountedWeightedCostsCumulated,2030.0,Unmet system CO2 backstop cost: $m,155075.11549427887
Mozambique,Mozambique_Central,DiscountedWeightedCostsCumulated,2030.0,Unmet system planning reserve costs: $m,155075.11549427887
Mozambique,Mozambique_Central,DiscountedWeightedCostsCumulated,2030.0,Unmet system spinning reserve costs: $m,155075.11549427887
Mozambique,Mozambique_Central,DiscountedWeightedCostsCumulated,2030.0,VRE curtailment: $m,155075.17624756787
Mozambique,Mozambique_Central,DiscountedWeightedCostsCumulated,2030.0,Variable O&M: $m,155098.81920771752
Mozambique,Mozambique_Central,DiscountedWeightedCostsCumulated,2032.0,Carbon costs: $m,159627.52076726424
Mozambique,Mozambique_Central,DiscountedWeightedCostsCumulated,2032.0,Excess generation: $m,159627.52076726424
Mozambique,Mozambique_Central,DiscountedWeightedCostsCumulated,2032.0,Export revenues with external zones: $m,159627.52076726424
Mozambique,Mozambique_Central,DiscountedWeightedCostsCumulated,2032.0,Export revenues with internal zones: $m,157967.16127159298
Mozambique,Mozambique_Central,DiscountedWeightedCostsCumulated,2032.0,Fixed O&M: $m,156219.16958152354
Mozambique,Mozambique_Central,DiscountedWeightedCostsCumulated,2032.0,Fuel costs: $m,156677.50767562722
Mozambique,Mozambique_Central,DiscountedWeightedCostsCumulated,2032.0,Generation costs: $m,156677.50767562722
Mozambique,Mozambique_Central,DiscountedWeightedCostsCumulated,2032.0,Import costs with external zones: $m,156677.50767562722
Mozambique,Mozambique_Central,DiscountedWeightedCostsCumulated,2032.0,Import costs with internal zones: $m,156677.65801993536
Mozambique,Mozambique_Central,DiscountedWeightedCostsCumulated,2032.0,NPV of system cost: $m,156755.15766293075
Mozambique,Mozambique_Central,DiscountedWeightedCostsCumulated,2032.0,Spinning reserve costs: $m,156755.15766293075
Mozambique,Mozambique_Central,DiscountedWeightedCostsCumulated,2032.0,Startup costs: $m,156755.15766293075
Mozambique,Mozambique_Central,DiscountedWeightedCostsCumulated,2032.0,Trade shared benefits: $m,155469.4411735412
Mozambique,Mozambique_Central,DiscountedWeightedCostsCumulated,2032.0,Transmission costs: $m,154949.29737788407
Mozambique,Mozambique_Central,DiscountedWeightedCostsCumulated,2032.0,Unmet country CO2 backstop cost: $m,155075.11549427887
Mozambique,Mozambique_Central,DiscountedWeightedCostsCumulated,2032.0,Unmet country planning reserve costs: $m,155075.11549427887
Mozambique,Mozambique_Central,DiscountedWeightedCostsCumulated,2032.0,Unmet country spinning reserve costs: $m,155075.11549427887
Mozambique,Mozambique_Central,DiscountedWeightedCostsCumulated,2032.0,Unmet demand costs: $m,155075.11549427887
Mozambique,Mozambique_Central,DiscountedWeightedCostsCumulated,2032.0,Unmet system CO2 backstop cost: $m,155075.11549427887
Mozambique,Mozambique_Central,DiscountedWeightedCostsCumulated,2032.0,Unmet system planning reserve costs: $m,155075.11549427887
Mozambique,Mozambique_Central,DiscountedWeightedCostsCumulated,2032.0,Unmet system spinning reserve costs: $m,155075.11549427887
Mozambique,Mozambique_Central,DiscountedWeightedCostsCumulated,2032.0,VRE curtailment: $m,155075.17624756787
Mozambique,Mozambique_Central,DiscountedWeightedCostsCumulated,2032.0,Variable O&M: $m,155108.5761551789
Mozambique,Mozambique_Central,DiscountedWeightedCostsCumulated,2035.0,Carbon costs: $m,159627.52076726424
Mozambique,Mozambique_Central,DiscountedWeightedCostsCumulated,2035.0,Excess generation: $m,159627.52076726424
Mozambique,Mozambique_Central,DiscountedWeightedCostsCumulated,2035.0,Export revenues with external zones: $m,159627.52076726424
Mozambique,Mozambique_Central,DiscountedWeightedCostsCumulated,2035.0,Export revenues with internal zones: $m,157168.4774398698
Mozambique,Mozambique_Central,DiscountedWeightedCostsCumulated,2035.0,Fixed O&M: $m,156354.89283401988
Mozambique,Mozambique_Central,DiscountedWeightedCostsCumulated,2035.0,Fuel costs: $m,156677.50767562722
Mozambique,Mozambique_Central,DiscountedWeightedCostsCumulated,2035.0,Generation costs: $m,156677.50767562722
Mozambique,Mozambique_Central,DiscountedWeightedCostsCumulated,2035.0,Import costs with external zones: $m,156677.50767562722
Mozambique,Mozambique_Central,DiscountedWeightedCostsCumulated,2035.0,Import costs with internal zones: $m,156703.16184655303
Mozambique,Mozambique_Central,DiscountedWeightedCostsCumulated,2035.0,NPV of system cost: $m,156755.15766293075
Mozambique,Mozambique_Central,DiscountedWeightedCostsCumulated,2035.0,Spinning reserve costs: $m,156755.15766293075
Mozambique,Mozambique_Central,DiscountedWeightedCostsCumulated,2035.0,Startup costs: $m,156755.15766293075
Mozambique,Mozambique_Central,DiscountedWeightedCostsCumulated,2035.0,Trade shared benefits: $m,155228.25459802954
Mozambique,Mozambique_Central,DiscountedWeightedCostsCumulated,2035.0,Transmission costs: $m,154987.045653375
Mozambique,Mozambique_Central,DiscountedWeightedCostsCumulated,2035.0,Unmet country CO2 backstop cost: $m,155075.11549427887
Mozambique,Mozambique_Central,DiscountedWeightedCostsCumulated,2035.0,Unmet country planning reserve costs: $m,155075.11549427887
Mozambique,Mozambique_Central,DiscountedWeightedCostsCumulated,2035.0,Unmet country spinning reserve costs: $m,155075.11549427887
Mozambique,Mozambique_Central,DiscountedWeightedCostsCumulated,2035.0,Unmet demand costs: $m,155075.11549427887
Mozambique,Mozambique_Central,DiscountedWeightedCostsCumulated,2035.0,Unmet system CO2 backstop cost: $m,155075.11549427887
Mozambique,Mozambique_Central,DiscountedWeightedCostsCumulated,2035.0,Unmet system planning reserve costs: $m,155075.11549427887
Mozambique,Mozambique_Central,DiscountedWeightedCostsCumulated,2035.0,Unmet system spinning reserve costs: $m,155075.11549427887
Mozambique,Mozambique_Central,DiscountedWeightedCostsCumulated,2035.0,VRE curtailment: $m,155075.17624756787
Mozambique,Mozambique_Central,DiscountedWeightedCostsCumulated,2035.0,Variable O&M: $m,155120.10865648836
Mozambique,Mozambique_Central,DiscountedWeightedCostsCumulated,2038.0,Carbon costs: $m,159627.52076726424
Mozambique,Mozambique_Central,DiscountedWeightedCostsCumulated,2038.0,Excess generation: $m,159627.52076726424
Mozambique,Mozambique_Central,DiscountedWeightedCostsCumulated,2038.0,Export revenues with external zones: $m,159627.52076726424
Mozambique,Mozambique_Central,DiscountedWeightedCostsCumulated,2038.0,Export revenues with internal zones: $m,156603.5188104047
Mozambique,Mozambique_Central,DiscountedWeightedCostsCumulated,2038.0,Fixed O&M: $m,156457.8742912973
Mozambique,Mozambique_Central,DiscountedWeightedCostsCumulated,2038.0,Fuel costs: $m,156677.50767562722
Mozambique,Mozambique_Central,DiscountedWeightedCostsCumulated,2038.0,Generation costs: $m,156677.50767562722
Mozambique,Mozambique_Central,DiscountedWeightedCostsCumulated,2038.0,Import costs with external zones: $m,156677.50767562722
Mozambique,Mozambique_Central,DiscountedWeightedCostsCumulated,2038.0,Import costs with internal zones: $m,156726.26083744265
Mozambique,Mozambique_Central,DiscountedWeightedCostsCumulated,2038.0,NPV of system cost: $m,156755.15766293075
Mozambique,Mozambique_Central,DiscountedWeightedCostsCumulated,2038.0,Spinning reserve costs: $m,156755.15766293075
Mozambique,Mozambique_Central,DiscountedWeightedCostsCumulated,2038.0,Startup costs: $m,156755.15766293075
Mozambique,Mozambique_Central,DiscountedWeightedCostsCumulated,2038.0,Trade shared benefits: $m,155105.4353570011
Mozambique,Mozambique_Central,DiscountedWeightedCostsCumulated,2038.0,Transmission costs: $m,155015.81995153363
Mozambique,Mozambique_Central,DiscountedWeightedCostsCumulated,2038.0,Unmet country CO2 backstop cost: $m,155075.11549427887
Mozambique,Mozambique_Central,DiscountedWeightedCostsCumulated,2038.0,Unmet country planning reserve costs: $m,155075.11549427887
Mozambique,Mozambique_Central,DiscountedWeightedCostsCumulated,2038.0,Unmet country spinning reserve costs: $m,155075.11549427887
Mozambique,Mozambique_Central,DiscountedWeightedCostsCumulated,2038.0,Unmet demand costs: $m,155075.11549427887
Mozambique,Mozambique_Central,DiscountedWeightedCostsCumulated,2038.0,Unmet system CO2 backstop cost: $m,155075.11549427887
Mozambique,Mozambique_Central,DiscountedWeightedCostsCumulated,2038.0,Unmet system planning reserve costs: $m,155075.11549427887
Mozambique,Mozambique_Central,DiscountedWeightedCostsCumulated,2038.0,Unmet system spinning reserve costs: $m,155075.11728456742
Mozambique,Mozambique_Central,DiscountedWeightedCostsCumulated,2038.0,VRE curtailment: $m,155075.17624756787
Mozambique,Mozambique_Central,DiscountedWeightedCostsCumulated,2038.0,Variable O&M: $m,155128.77319541358
Mozambique,Mozambique_Central,DiscountedWeightedCostsCumulated,2040.0,Carbon costs: $m,159627.52076726424
Mozambique,Mozambique_Central,DiscountedWeightedCostsCumulated,2040.0,Excess generation: $m,159627.52076726424
Mozambique,Mozambique_Central,DiscountedWeightedCostsCumulated,2040.0,Export revenues with external zones: $m,159627.52076726424
Mozambique,Mozambique_Central,DiscountedWeightedCostsCumulated,2040.0,Export revenues with internal zones: $m,156381.09655585355
Mozambique,Mozambique_Central,DiscountedWeightedCostsCumulated,2040.0,Fixed O&M: $m,156512.32681285572
Mozambique,Mozambique_Central,DiscountedWeightedCostsCumulated,2040.0,Fuel costs: $m,156677.50767562722
Mozambique,Mozambique_Central,DiscountedWeightedCostsCumulated,2040.0,Generation costs: $m,156677.50767562722
Mozambique,Mozambique_Central,DiscountedWeightedCostsCumulated,2040.0,Import costs with external zones: $m,156677.50767562722
Mozambique,Mozambique_Central,DiscountedWeightedCostsCumulated,2040.0,Import costs with internal zones: $m,156733.07194273788
Mozambique,Mozambique_Central,DiscountedWeightedCostsCumulated,2040.0,NPV of system cost: $m,156755.15766293075
Mozambique,Mozambique_Central,DiscountedWeightedCostsCumulated,2040.0,Spinning reserve costs: $m,156755.15766293075
Mozambique,Mozambique_Central,DiscountedWeightedCostsCumulated,2040.0,Startup costs: $m,156755.15766293075
Mozambique,Mozambique_Central,DiscountedWeightedCostsCumulated,2040.0,Trade shared benefits: $m,155040.32088230777
Mozambique,Mozambique_Central,DiscountedWeightedCostsCumulated,2040.0,Transmission costs: $m,155030.93577347635
Mozambique,Mozambique_Central,DiscountedWeightedCostsCumulated,2040.0,Unmet country CO2 backstop cost: $m,155075.11549427887
Mozambique,Mozambique_Central,DiscountedWeightedCostsCumulated,2040.0,Unmet country planning reserve costs: $m,155075.11549427887
Mozambique,Mozambique_Central,DiscountedWeightedCostsCumulated,2040.0,Unmet country spinning reserve costs: $m,155075.11549427887
Mozambique,Mozambique_Central,DiscountedWeightedCostsCumulated,2040.0,Unmet demand costs: $m,155075.11549427887
Mozambique,Mozambique_Central,DiscountedWeightedCostsCumulated,2040.0,Unmet system CO2 backstop cost: $m,155075.11549427887
Mozambique,Mozambique_Central,DiscountedWeightedCostsCumulated,2040.0,Unmet system planning reserve costs: $m,155075.11549427887
Mozambique,Mozambique_Central,DiscountedWeightedCostsCumulated,2040.0,Unmet system spinning reserve costs: $m,155075.14003853855
Mozambique,Mozambique_Central,DiscountedWeightedCostsCumulated,2040.0,VRE curtailment: $m,155075.17624756787
Mozambique,Mozambique_Central,DiscountedWeightedCostsCumulated,2040.0,Variable O&M: $m,155133.32488341263
Mozambique,Mozambique_Central,DiscountedWeightedCostsCumulated,2042.0,Carbon costs: $m,159627.52076726424
Mozambique,Mozambique_Central,DiscountedWeightedCostsCumulated,2042.0,Excess generation: $m,159627.52076726424
Mozambique,Mozambique_Central,DiscountedWeightedCostsCumulated,2042.0,Export revenues with external zones: $m,159627.52076726424
Mozambique,Mozambique_Central,DiscountedWeightedCostsCumulated,2042.0,Export revenues with internal zones: $m,156181.89997641518
Mozambique,Mozambique_Central,DiscountedWeightedCostsCumulated,2042.0,Fixed O&M: $m,156557.62139034682
Mozambique,Mozambique_Central,DiscountedWeightedCostsCumulated,2042.0,Fuel costs: $m,156677.50767562722
Mozambique,Mozambique_Central,DiscountedWeightedCostsCumulated,2042.0,Generation costs: $m,156677.50767562722
Mozambique,Mozambique_Central,DiscountedWeightedCostsCumulated,2042.0,Import costs with external zones: $m,156677.50767562722
Mozambique,Mozambique_Central,DiscountedWeightedCostsCumulated,2042.0,Import costs with internal zones: $m,156741.14310760543
Mozambique,Mozambique_Central,DiscountedWeightedCostsCumulated,2042.0,NPV of system cost: $m,156755.15766293075
Mozambique,Mozambique_Central,DiscountedWeightedCostsCumulated,2042.0,Spinning reserve costs: $m,156755.15766293075
Mozambique,Mozambique_Central,DiscountedWeightedCostsCumulated,2042.0,Startup costs: $m,156755.15766293075
Mozambique,Mozambique_Central,DiscountedWeightedCostsCumulated,2042.0,Trade shared benefits: $m,154986.85155326876
Mozambique,Mozambique_Central,DiscountedWeightedCostsCumulated,2042.0,Transmission costs: $m,155043.42818830506
Mozambique,Mozambique_Central,DiscountedWeightedCostsCumulated,2042.0,Unmet country CO2 backstop cost: $m,155075.11549427887
Mozambique,Mozambique_Central,DiscountedWeightedCostsCumulated,2042.0,Unmet country planning reserve costs: $m,155075.11549427887
Mozambique,Mozambique_Central,DiscountedWeightedCostsCumulated,2042.0,Unmet country spinning reserve costs: $m,155075.11549427887
Mozambique,Mozambique_Central,DiscountedWeightedCostsCumulated,2042.0,Unmet demand costs: $m,155075.11549427887
Mozambique,Mozambique_Central,DiscountedWeightedCostsCumulated,2042.0,Unmet system CO2 backstop cost: $m,155075.11549427887
Mozambique,Mozambique_Central,DiscountedWeightedCostsCumulated,2042.0,Unmet system planning reserve costs: $m,155075.11549427887
Mozambique,Mozambique_Central,DiscountedWeightedCostsCumulated,2042.0,Unmet system spinning reserve costs: $m,155075.17624756787
Mozambique,Mozambique_Central,DiscountedWeightedCostsCumulated,2042.0,VRE curtailment: $m,155075.17624756787
Mozambique,Mozambique_Central,DiscountedWeightedCostsCumulated,2042.0,Variable O&M: $m,155137.08660903168
Mozambique,Mozambique_Central,DiscountedWeightedCostsCumulated,2045.0,Carbon costs: $m,159627.52076726424
Mozambique,Mozambique_Central,DiscountedWeightedCostsCumulated,2045.0,Excess generation: $m,159627.52076726424
Mozambique,Mozambique_Central,DiscountedWeightedCostsCumulated,2045.0,Export revenues with external zones: $m,159627.52076726424
Mozambique,Mozambique_Central,DiscountedWeightedCostsCumulated,2045.0,Export revenues with internal zones: $m,155921.61440806038
Mozambique,Mozambique_Central,DiscountedWeightedCostsCumulated,2045.0,Fixed O&M: $m,156611.6771849318
Mozambique,Mozambique_Central,DiscountedWeightedCostsCumulated,2045.0,Fuel costs: $m,156677.50767562722
Mozambique,Mozambique_Central,DiscountedWeightedCostsCumulated,2045.0,Generation costs: $m,156677.50767562722
Mozambique,Mozambique_Central,DiscountedWeightedCostsCumulated,2045.0,Import costs with external zones: $m,156677.50767562722
Mozambique,Mozambique_Central,DiscountedWeightedCostsCumulated,2045.0,Import costs with internal zones: $m,156746.7280819437
Mozambique,Mozambique_Central,DiscountedWeightedCostsCumulated,2045.0,NPV of system cost: $m,156755.15766293075
Mozambique,Mozambique_Central,DiscountedWeightedCostsCumulated,2045.0,Spinning reserve costs: $m,156755.15766293075
Mozambique,Mozambique_Central,DiscountedWeightedCostsCumulated,2045.0,Startup costs: $m,156755.15766293075
Mozambique,Mozambique_Central,DiscountedWeightedCostsCumulated,2045.0,Trade shared benefits: $m,154929.61610398657
Mozambique,Mozambique_Central,DiscountedWeightedCostsCumulated,2045.0,Transmission costs: $m,155058.19395300155
Mozambique,Mozambique_Central,DiscountedWeightedCostsCumulated,2045.0,Unmet country CO2 backstop cost: $m,155075.11549427887
Mozambique,Mozambique_Central,DiscountedWeightedCostsCumulated,2045.0,Unmet country planning reserve costs: $m,155075.11549427887
Mozambique,Mozambique_Central,DiscountedWeightedCostsCumulated,2045.0,Unmet country spinning reserve costs: $m,155075.11549427887
Mozambique,Mozambique_Central,DiscountedWeightedCostsCumulated,2045.0,Unmet demand costs: $m,155075.11549427887
Mozambique,Mozambique_Central,DiscountedWeightedCostsCumulated,2045.0,Unmet system CO2 backstop cost: $m,155075.11549427887
Mozambique,Mozambique_Central,DiscountedWeightedCostsCumulated,2045.0,Unmet system planning reserve costs: $m,155075.11549427887
Mozambique,Mozambique_Central,DiscountedWeightedCostsCumulated,2045.0,Unmet system spinning reserve costs: $m,155075.17624756787
Mozambique,Mozambique_Central,DiscountedWeightedCostsCumulated,2045.0,VRE curtailment: $m,155075.17624756787
Mozambique,Mozambique_Central,DiscountedWeightedCostsCumulated,2045.0,Variable O&M: $m,155141.5328875219
Mozambique,Mozambique_Central,DiscountedWeightedCostsCumulated,2048.0,Carbon costs: $m,159627.52076726424
Mozambique,Mozambique_Central,DiscountedWeightedCostsCumulated,2048.0,Excess generation: $m,159627.52076726424
Mozambique,Mozambique_Central,DiscountedWeightedCostsCumulated,2048.0,Export revenues with external zones: $m,159627.52076726424
Mozambique,Mozambique_Central,DiscountedWeightedCostsCumulated,2048.0,Export revenues with internal zones: $m,155720.3356891171
Mozambique,Mozambique_Central,DiscountedWeightedCostsCumulated,2048.0,Fixed O&M: $m,156654.43300269134
Mozambique,Mozambique_Central,DiscountedWeightedCostsCumulated,2048.0,Fuel costs: $m,156677.50767562722
Mozambique,Mozambique_Central,DiscountedWeightedCostsCumulated,2048.0,Generation costs: $m,156677.50767562722
Mozambique,Mozambique_Central,DiscountedWeightedCostsCumulated,2048.0,Import costs with external zones: $m,156677.50767562722
Mozambique,Mozambique_Central,DiscountedWeightedCostsCumulated,2048.0,Import costs with internal zones: $m,156751.60278354646
Mozambique,Mozambique_Central,DiscountedWeightedCostsCumulated,2048.0,NPV of system cost: $m,156755.15766293075
Mozambique,Mozambique_Central,DiscountedWeightedCostsCumulated,2048.0,Spinning reserve costs: $m,156755.15766293075
Mozambique,Mozambique_Central,DiscountedWeightedCostsCumulated,2048.0,Startup costs: $m,156755.15766293075
Mozambique,Mozambique_Central,DiscountedWeightedCostsCumulated,2048.0,Trade shared benefits: $m,154885.46360208755
Mozambique,Mozambique_Central,DiscountedWeightedCostsCumulated,2048.0,Transmission costs: $m,155069.28769056464
Mozambique,Mozambique_Central,DiscountedWeightedCostsCumulated,2048.0,Unmet country CO2 backstop cost: $m,155075.11549427887
Mozambique,Mozambique_Central,DiscountedWeightedCostsCumulated,2048.0,Unmet country planning reserve costs: $m,155075.11549427887
Mozambique,Mozambique_Central,DiscountedWeightedCostsCumulated,2048.0,Unmet country spinning reserve costs: $m,155075.11549427887
Mozambique,Mozambique_Central,DiscountedWeightedCostsCumulated,2048.0,Unmet demand costs: $m,155075.11549427887
Mozambique,Mozambique_Central,DiscountedWeightedCostsCumulated,2048.0,Unmet system CO2 backstop cost: $m,155075.11549427887
Mozambique,Mozambique_Central,DiscountedWeightedCostsCumulated,2048.0,Unmet system planning reserve costs: $m,155075.11549427887
Mozambique,Mozambique_Central,DiscountedWeightedCostsCumulated,2048.0,Unmet system spinning reserve costs: $m,155075.17624756787
Mozambique,Mozambique_Central,DiscountedWeightedCostsCumulated,2048.0,VRE curtailment: $m,155075.17624756787
Mozambique,Mozambique_Central,DiscountedWeightedCostsCumulated,2048.0,Variable O&M: $m,155144.87344236052
Mozambique,Mozambique_Central,DiscountedWeightedCostsCumulated,2050.0,Carbon costs: $m,159627.52076726424
Mozambique,Mozambique_Central,DiscountedWeightedCostsCumulated,2050.0,Excess generation: $m,159627.52076726424
Mozambique,Mozambique_Central,DiscountedWeightedCostsCumulated,2050.0,Export revenues with external zones: $m,159627.52076726424
Mozambique,Mozambique_Central,DiscountedWeightedCostsCumulated,2050.0,Export revenues with internal zones: $m,155617.86772934717
Mozambique,Mozambique_Central,DiscountedWeightedCostsCumulated,2050.0,Fixed O&M: $m,156677.50767562722
Mozambique,Mozambique_Central,DiscountedWeightedCostsCumulated,2050.0,Fuel costs: $m,156677.50767562722
Mozambique,Mozambique_Central,DiscountedWeightedCostsCumulated,2050.0,Generation costs: $m,156677.50767562722
Mozambique,Mozambique_Central,DiscountedWeightedCostsCumulated,2050.0,Import costs with external zones: $m,156677.50767562722
Mozambique,Mozambique_Central,DiscountedWeightedCostsCumulated,2050.0,Import costs with internal zones: $m,156755.15766293075
Mozambique,Mozambique_Central,DiscountedWeightedCostsCumulated,2050.0,NPV of system cost: $m,156755.15766293075
Mozambique,Mozambique_Central,DiscountedWeightedCostsCumulated,2050.0,Spinning reserve costs: $m,156755.15766293075
Mozambique,Mozambique_Central,DiscountedWeightedCostsCumulated,2050.0,Startup costs: $m,156755.15766293075
Mozambique,Mozambique_Central,DiscountedWeightedCostsCumulated,2050.0,Trade shared benefits: $m,154862.6698318312
Mozambique,Mozambique_Central,DiscountedWeightedCostsCumulated,2050.0,Transmission costs: $m,155075.11549427887
Mozambique,Mozambique_Central,DiscountedWeightedCostsCumulated,2050.0,Unmet country CO2 backstop cost: $m,155075.11549427887
Mozambique,Mozambique_Central,DiscountedWeightedCostsCumulated,2050.0,Unmet country planning reserve costs: $m,155075.11549427887
Mozambique,Mozambique_Central,DiscountedWeightedCostsCumulated,2050.0,Unmet country spinning reserve costs: $m,155075.11549427887
Mozambique,Mozambique_Central,DiscountedWeightedCostsCumulated,2050.0,Unmet demand costs: $m,155075.11549427887
Mozambique,Mozambique_Central,DiscountedWeightedCostsCumulated,2050.0,Unmet system CO2 backstop cost: $m,155075.11549427887
Mozambique,Mozambique_Central,DiscountedWeightedCostsCumulated,2050.0,Unmet system planning reserve costs: $m,155075.11549427887
Mozambique,Mozambique_Central,DiscountedWeightedCostsCumulated,2050.0,Unmet system spinning reserve costs: $m,155075.17624756787
Mozambique,Mozambique_Central,DiscountedWeightedCostsCumulated,2050.0,VRE curtailment: $m,155075.17624756787
Mozambique,Mozambique_Central,DiscountedWeightedCostsCumulated,2050.0,Variable O&M: $m,155146.62831512414
Mozambique,Mozambique_Central,GenCostsPerMWh,2025.0,Fixed O&M: $m,37.2335883801651
Mozambique,Mozambique_Central,GenCostsPerMWh,2025.0,Variable Cost: $m,0.5500000000000004
Mozambique,Mozambique_Central,GenCostsPerMWh,2027.0,Fixed O&M: $m,26.34493519111521
Mozambique,Mozambique_Central,GenCostsPerMWh,2027.0,Variable Cost: $m,0.55
Mozambique,Mozambique_Central,GenCostsPerMWh,2030.0,Fixed O&M: $m,6.269131880753313
Mozambique,Mozambique_Central,GenCostsPerMWh,2030.0,Investment costs: $m,0.2530107394427266
Mozambique,Mozambique_Central,GenCostsPerMWh,2030.0,Variable Cost: $m,0.545031559801028
Mozambique,Mozambique_Central,GenCostsPerMWh,2032.0,Fixed O&M: $m,6.288127020801231
Mozambique,Mozambique_Central,GenCostsPerMWh,2032.0,Investment costs: $m,0.519174886210858
Mozambique,Mozambique_Central,GenCostsPerMWh,2032.0,Variable Cost: $m,0.5396548026691578
Mozambique,Mozambique_Central,GenCostsPerMWh,2035.0,Fixed O&M: $m,6.313566944556698
Mozambique,Mozambique_Central,GenCostsPerMWh,2035.0,Investment costs: $m,0.6702317691445642
Mozambique,Mozambique_Central,GenCostsPerMWh,2035.0,Variable Cost: $m,0.5364682743477053
Mozambique,Mozambique_Central,GenCostsPerMWh,2038.0,Fixed O&M: $m,6.338708198948169
Mozambique,Mozambique_Central,GenCostsPerMWh,2038.0,Investment costs: $m,0.8128535744633321
Mozambique,Mozambique_Central,GenCostsPerMWh,2038.0,Variable Cost: $m,0.5333191564523333
Mozambique,Mozambique_Central,GenCostsPerMWh,2040.0,Fixed O&M: $m,6.355305695017634
Mozambique,Mozambique_Central,GenCostsPerMWh,2040.0,Investment costs: $m,0.9041769575750946
Mozambique,Mozambique_Central,GenCostsPerMWh,2040.0,Variable Cost: $m,0.5312402040231157
Mozambique,Mozambique_Central,GenCostsPerMWh,2042.0,Fixed O&M: $m,6.371774294835128
Mozambique,Mozambique_Central,GenCostsPerMWh,2042.0,Investment costs: $m,0.9917946312246314
Mozambique,Mozambique_Central,GenCostsPerMWh,2042.0,Variable Cost: $m,0.5291773967506757
Mozambique,Mozambique_Central,GenCostsPerMWh,2045.0,Fixed O&M: $m,6.396238779629725
Mozambique,Mozambique_Central,GenCostsPerMWh,2045.0,Investment costs: $m,1.1153810745964994
Mozambique,Mozambique_Central,GenCostsPerMWh,2045.0,Variable Cost: $m,0.5261130489791542
Mozambique,Mozambique_Central,GenCostsPerMWh,2048.0,Fixed O&M: $m,6.525885128744835
Mozambique,Mozambique_Central,GenCostsPerMWh,2048.0,Investment costs: $m,1.7338818474728357
Mozambique,Mozambique_Central,GenCostsPerMWh,2048.0,Variable Cost: $m,0.5098739372900186
Mozambique,Mozambique_Central,GenCostsPerMWh,2050.0,Fixed O&M: $m,6.593283846702158
Mozambique,Mozambique_Central,GenCostsPerMWh,2050.0,Investment costs: $m,2.042642104894638
Mozambique,Mozambique_Central,GenCostsPerMWh,2050.0,Variable Cost: $m,0.5014317766269238
Mozambique,Mozambique_Central,NetPresentCostPerMWh,,Carbon costs: $m,0.0
Mozambique,Mozambique_Central,NetPresentCostPerMWh,,Excess generation: $m,0.0
Mozambique,Mozambique_Central,NetPresentCostPerMWh,,Export revenues with external zones: $m,0.0
Mozambique,Mozambique_Central,NetPresentCostPerMWh,,Export revenues with internal zones: $m,-134.86457677423516
Mozambique,Mozambique_Central,NetPresentCostPerMWh,,Fixed O&M: $m,35.64096233183672
Mozambique,Mozambique_Central,NetPresentCostPerMWh,,Fuel costs: $m,0.0
Mozambique,Mozambique_Central,NetPresentCostPerMWh,,Generation costs: $m,0.0
Mozambique,Mozambique_Central,NetPresentCostPerMWh,,Import costs with external zones: $m,0.0
Mozambique,Mozambique_Central,NetPresentCostPerMWh,,Import costs with internal zones: $m,2.611755325258913
Mozambique,Mozambique_Central,NetPresentCostPerMWh,,NPV of system cost: $m,0.0
Mozambique,Mozambique_Central,NetPresentCostPerMWh,,Spinning reserve costs: $m,0.0
Mozambique,Mozambique_Central,NetPresentCostPerMWh,,Startup costs: $m,0.0
Mozambique,Mozambique_Central,NetPresentCostPerMWh,,Trade shared benefits: $m,-63.65377951111104
Mozambique,Mozambique_Central,NetPresentCostPerMWh,,Transmission costs: $m,7.145604390849089
Mozambique,Mozambique_Central,NetPresentCostPerMWh,,Unmet country CO2 backstop cost: $m,0.0
Mozambique,Mozambique_Central,NetPresentCostPerMWh,,Unmet country planning reserve costs: $m,0.0
Mozambique,Mozambique_Central,NetPresentCostPerMWh,,Unmet country spinning reserve costs: $m,0.0
Mozambique,Mozambique_Central,NetPresentCostPerMWh,,Unmet demand costs: $m,0.0
Mozambique,Mozambique_Central,NetPresentCostPerMWh,,Unmet system CO2 backstop cost: $m,0.0
Mozambique,Mozambique_Central,NetPresentCostPerMWh,,Unmet system planning reserve costs: $m,0.0
Mozambique,Mozambique_Central,NetPresentCostPerMWh,,Unmet system spinning reserve costs: $m,0.0020434353127082
Mozambique,Mozambique_Central,NetPresentCostPerMWh,,VRE curtailment: $m,0.0
Mozambique,Mozambique_Central,NetPresentCostPerMWh,,Variable O&M: $m,2.403288454012365
Mozambique,Mozambique_North,Costs,2025.0,Carbon costs: $m,34.719033025218614
Mozambique,Mozambique_North,Costs,2025.0,Excess generation: $m,0.0
Mozambique,Mozambique_North,Costs,2025.0,Export revenues with external zones: $m,0.0
Mozambique,Mozambique_North,Costs,2025.0,Export revenues with internal zones: $m,0.0
Mozambique,Mozambique_North,Costs,2025.0,Fixed O&M: $m,2.25792
Mozambique,Mozambique_North,Costs,2025.0,Fuel costs: $m,89.29686955451518
Mozambique,Mozambique_North,Costs,2025.0,Generation costs: $m,0.0
Mozambique,Mozambique_North,Costs,2025.0,Import costs with external zones: $m,0.0
Mozambique,Mozambique_North,Costs,2025.0,Import costs with internal zones: $m,0.0
Mozambique,Mozambique_North,Costs,2025.0,NPV of system cost: $m,0.0
Mozambique,Mozambique_North,Costs,2025.0,Spinning reserve costs: $m,0.0
Mozambique,Mozambique_North,Costs,2025.0,Startup costs: $m,0.0
Mozambique,Mozambique_North,Costs,2025.0,Trade shared benefits: $m,0.0
Mozambique,Mozambique_North,Costs,2025.0,Transmission costs: $m,0.0
Mozambique,Mozambique_North,Costs,2025.0,Unmet country CO2 backstop cost: $m,0.0
Mozambique,Mozambique_North,Costs,2025.0,Unmet country planning reserve costs: $m,0.0
Mozambique,Mozambique_North,Costs,2025.0,Unmet country spinning reserve costs: $m,0.0
Mozambique,Mozambique_North,Costs,2025.0,Unmet demand costs: $m,983.0242636160494
Mozambique,Mozambique_North,Costs,2025.0,Unmet system CO2 backstop cost: $m,0.0
Mozambique,Mozambique_North,Costs,2025.0,Unmet system planning reserve costs: $m,0.0
Mozambique,Mozambique_North,Costs,2025.0,Unmet system spinning reserve costs: $m,0.0
Mozambique,Mozambique_North,Costs,2025.0,VRE curtailment: $m,0.0
Mozambique,Mozambique_North,Costs,2025.0,Variable O&M: $m,4.485923991087153
Mozambique,Mozambique_North,Costs,2027.0,Carbon costs: $m,37.307401614877264
Mozambique,Mozambique_North,Costs,2027.0,Excess generation: $m,0.0
Mozambique,Mozambique_North,Costs,2027.0,Export revenues with external zones: $m,0.0
Mozambique,Mozambique_North,Costs,2027.0,Export revenues with internal zones: $m,0.0
Mozambique,Mozambique_North,Costs,2027.0,Fixed O&M: $m,2.25792
Mozambique,Mozambique_North,Costs,2027.0,Fuel costs: $m,95.16138366433026
Mozambique,Mozambique_North,Costs,2027.0,Generation costs: $m,0.0
Mozambique,Mozambique_North,Costs,2027.0,Import costs with external zones: $m,0.0
Mozambique,Mozambique_North,Costs,2027.0,Import costs with internal zones: $m,0.0
Mozambique,Mozambique_North,Costs,2027.0,NPV of system cost: $m,0.0
Mozambique,Mozambique_North,Costs,2027.0,Spinning reserve costs: $m,0.0
Mozambique,Mozambique_North,Costs,2027.0,Startup costs: $m,0.0
Mozambique,Mozambique_North,Costs,2027.0,Trade shared benefits: $m,0.0
Mozambique,Mozambique_North,Costs,2027.0,Transmission costs: $m,0.0
Mozambique,Mozambique_North,Costs,2027.0,Unmet country CO2 backstop cost: $m,0.0
Mozambique,Mozambique_North,Costs,2027.0,Unmet country planning reserve costs: $m,0.0
Mozambique,Mozambique_North,Costs,2027.0,Unmet country spinning reserve costs: $m,0.0
Mozambique,Mozambique_North,Costs,2027.0,Unmet demand costs: $m,1192.2579867046534
Mozambique,Mozambique_North,Costs,2027.0,Unmet system CO2 backstop cost: $m,0.0
Mozambique,Mozambique_North,Costs,2027.0,Unmet system planning reserve costs: $m,0.0
Mozambique,Mozambique_North,Costs,2027.0,Unmet system spinning reserve costs: $m,0.0
Mozambique,Mozambique_North,Costs,2027.0,VRE curtailment: $m,0.0
Mozambique,Mozambique_North,Costs,2027.0,Variable O&M: $m,4.619843922265233
Mozambique,Mozambique_North,Costs,2030.0,Carbon costs: $m,40.12554574756496
Mozambique,Mozambique_North,Costs,2030.0,Excess generation: $m,0.0
Mozambique,Mozambique_North,Costs,2030.0,Export revenues with external zones: $m,0.0
Mozambique,Mozambique_North,Costs,2030.0,Export revenues with internal zones: $m,0.0
Mozambique,Mozambique_North,Costs,2030.0,Fixed O&M: $m,10.37792
Mozambique,Mozambique_North,Costs,2030.0,Fuel costs: $m,81.37804872484286
Mozambique,Mozambique_North,Costs,2030.0,Generation costs: $m,0.0
Mozambique,Mozambique_North,Costs,2030.0,Import costs with external zones: $m,0.0
Mozambique,Mozambique_North,Costs,2030.0,Import costs with internal zones: $m,0.0
Mozambique,Mozambique_North,Costs,2030.0,NPV of system cost: $m,0.0
Mozambique,Mozambique_North,Costs,2030.0,Spinning reserve costs: $m,0.0
Mozambique,Mozambique_North,Costs,2030.0,Startup costs: $m,0.0
Mozambique,Mozambique_North,Costs,2030.0,Trade shared benefits: $m,0.0
Mozambique,Mozambique_North,Costs,2030.0,Transmission costs: $m,0.0
Mozambique,Mozambique_North,Costs,2030.0,Unmet country CO2 backstop cost: $m,0.0
Mozambique,Mozambique_North,Costs,2030.0,Unmet country planning reserve costs: $m,0.0
Mozambique,Mozambique_North,Costs,2030.0,Unmet country spinning reserve costs: $m,0.0
Mozambique,Mozambique_North,Costs,2030.0,Unmet demand costs: $m,31.105259352276622
Mozambique,Mozambique_North,Costs,2030.0,Unmet system CO2 backstop cost: $m,0.0
Mozambique,Mozambique_North,Costs,2030.0,Unmet system planning reserve costs: $m,0.0
Mozambique,Mozambique_North,Costs,2030.0,Unmet system spinning reserve costs: $m,0.0
Mozambique,Mozambique_North,Costs,2030.0,VRE curtailment: $m,0.0
Mozambique,Mozambique_North,Costs,2030.0,Variable O&M: $m,4.701234283771741
Mozambique,Mozambique_North,Costs,2032.0,Carbon costs: $m,42.66545896496574
Mozambique,Mozambique_North,Costs,2032.0,Excess generation: $m,0.0
Mozambique,Mozambique_North,Costs,2032.0,Export revenues with external zones: $m,0.0
Mozambique,Mozambique_North,Costs,2032.0,Export revenues with internal zones: $m,0.0
Mozambique,Mozambique_North,Costs,2032.0,Fixed O&M: $m,11.38592
Mozambique,Mozambique_North,Costs,2032.0,Fuel costs: $m,85.99802539943099
Mozambique,Mozambique_North,Costs,2032.0,Generation costs: $m,0.0
Mozambique,Mozambique_North,Costs,2032.0,Import costs with external zones: $m,0.0
Mozambique,Mozambique_North,Costs,2032.0,Import costs with internal zones: $m,0.0
Mozambique,Mozambique_North,Costs,2032.0,NPV of system cost: $m,0.0
Mozambique,Mozambique_North,Costs,2032.0,Spinning reserve costs: $m,0.0
Mozambique,Mozambique_North,Costs,2032.0,Startup costs: $m,0.0
Mozambique,Mozambique_North,Costs,2032.0,Trade shared benefits: $m,0.0
Mozambique,Mozambique_North,Costs,2032.0,Transmission costs: $m,0.0
Mozambique,Mozambique_North,Costs,2032.0,Unmet country CO2 backstop cost: $m,0.0
Mozambique,Mozambique_North,Costs,2032.0,Unmet country planning reserve costs: $m,0.0
Mozambique,Mozambique_North,Costs,2032.0,Unmet country spinning reserve costs: $m,0.0
Mozambique,Mozambique_North,Costs,2032.0,Unmet demand costs: $m,77.42903628793694
Mozambique,Mozambique_North,Costs,2032.0,Unmet system CO2 backstop cost: $m,0.0
Mozambique,Mozambique_North,Costs,2032.0,Unmet system planning reserve costs: $m,0.0
Mozambique,Mozambique_North,Costs,2032.0,Unmet system spinning reserve costs: $m,0.0
Mozambique,Mozambique_North,Costs,2032.0,VRE curtailment: $m,0.0
Mozambique,Mozambique_North,Costs,2032.0,Variable O&M: $m,4.809926271086557
Mozambique,Mozambique_North,Costs,2035.0,Carbon costs: $m,2.1112530958743747
Mozambique,Mozambique_North,Costs,2035.0,Excess generation: $m,0.0
Mozambique,Mozambique_North,Costs,2035.0,Export revenues with external zones: $m,0.0
Mozambique,Mozambique_North,Costs,2035.0,Export revenues with internal zones: $m,-4.448709713290389
Mozambique,Mozambique_North,Costs,2035.0,Fixed O&M: $m,20.40992
Mozambique,Mozambique_North,Costs,2035.0,Fuel costs: $m,3.941340825767952
Mozambique,Mozambique_North,Costs,2035.0,Generation costs: $m,0.0
Mozambique,Mozambique_North,Costs,2035.0,Import costs with external zones: $m,0.0
Mozambique,Mozambique_North,Costs,2035.0,Import costs with internal zones: $m,53.13460081410981
Mozambique,Mozambique_North,Costs,2035.0,NPV of system cost: $m,0.0
Mozambique,Mozambique_North,Costs,2035.0,Spinning reserve costs: $m,0.0
Mozambique,Mozambique_North,Costs,2035.0,Startup costs: $m,0.0
Mozambique,Mozambique_North,Costs,2035.0,Trade shared benefits: $m,-9.49516084965068
Mozambique,Mozambique_North,Costs,2035.0,Transmission costs: $m,3.773420982884113
Mozambique,Mozambique_North,Costs,2035.0,Unmet country CO2 backstop cost: $m,0.0
Mozambique,Mozambique_North,Costs,2035.0,Unmet country planning reserve costs: $m,0.0
Mozambique,Mozambique_North,Costs,2035.0,Unmet country spinning reserve costs: $m,0.0
Mozambique,Mozambique_North,Costs,2035.0,Unmet demand costs: $m,0.0
Mozambique,Mozambique_North,Costs,2035.0,Unmet system CO2 backstop cost: $m,0.0
Mozambique,Mozambique_North,Costs,2035.0,Unmet system planning reserve costs: $m,0.0
Mozambique,Mozambique_North,Costs,2035.0,Unmet system spinning reserve costs: $m,0.0
Mozambique,Mozambique_North,Costs,2035.0,VRE curtailment: $m,0.0
Mozambique,Mozambique_North,Costs,2035.0,Variable O&M: $m,0.4811625853006332
Mozambique,Mozambique_North,Costs,2038.0,Carbon costs: $m,0.0316337341099087
Mozambique,Mozambique_North,Costs,2038.0,Excess generation: $m,0.0
Mozambique,Mozambique_North,Costs,2038.0,Export revenues with external zones: $m,0.0
Mozambique,Mozambique_North,Costs,2038.0,Export revenues with internal zones: $m,-28.932669547487468
Mozambique,Mozambique_North,Costs,2038.0,Fixed O&M: $m,23.43392
Mozambique,Mozambique_North,Costs,2038.0,Fuel costs: $m,0.0550561647322375
Mozambique,Mozambique_North,Costs,2038.0,Generation costs: $m,0.0
Mozambique,Mozambique_North,Costs,2038.0,Import costs with external zones: $m,0.0
Mozambique,Mozambique_North,Costs,2038.0,Import costs with internal zones: $m,63.12064290542359
Mozambique,Mozambique_North,Costs,2038.0,NPV of system cost: $m,0.0
Mozambique,Mozambique_North,Costs,2038.0,Spinning reserve costs: $m,0.0
Mozambique,Mozambique_North,Costs,2038.0,Startup costs: $m,0.0
Mozambique,Mozambique_North,Costs,2038.0,Trade shared benefits: $m,-5.392709131887976
Mozambique,Mozambique_North,Costs,2038.0,Transmission costs: $m,4.816652330174118
Mozambique,Mozambique_North,Costs,2038.0,Unmet country CO2 backstop cost: $m,0.0
Mozambique,Mozambique_North,Costs,2038.0,Unmet country planning reserve costs: $m,0.0
Mozambique,Mozambique_North,Costs,2038.0,Unmet country spinning reserve costs: $m,0.0
Mozambique,Mozambique_North,Costs,2038.0,Unmet demand costs: $m,0.0
Mozambique,Mozambique_North,Costs,2038.0,Unmet system CO2 backstop cost: $m,0.0
Mozambique,Mozambique_North,Costs,2038.0,Unmet system planning reserve costs: $m,0.0
Mozambique,Mozambique_North,Costs,2038.0,Unmet system spinning reserve costs: $m,0.0011085220402616
Mozambique,Mozambique_North,Costs,2038.0,VRE curtailment: $m,0.0
Mozambique,Mozambique_North,Costs,2038.0,Variable O&M: $m,0.2628827241708416
Mozambique,Mozambique_North,Costs,2040.0,Carbon costs: $m,0.0453127969453386
Mozambique,Mozambique_North,Costs,2040.0,Excess generation: $m,0.0
Mozambique,Mozambique_North,Costs,2040.0,Export revenues with external zones: $m,0.0
Mozambique,Mozambique_North,Costs,2040.0,Export revenues with internal zones: $m,-34.74527303342952
Mozambique,Mozambique_North,Costs,2040.0,Fixed O&M: $m,25.44992
Mozambique,Mozambique_North,Costs,2040.0,Fuel costs: $m,0.0751454246421721
Mozambique,Mozambique_North,Costs,2040.0,Generation costs: $m,0.0
Mozambique,Mozambique_North,Costs,2040.0,Import costs with external zones: $m,0.0
Mozambique,Mozambique_North,Costs,2040.0,Import costs with internal zones: $m,63.8825130249728
Mozambique,Mozambique_North,Costs,2040.0,NPV of system cost: $m,0.0
Mozambique,Mozambique_North,Costs,2040.0,Spinning reserve costs: $m,0.0
Mozambique,Mozambique_North,Costs,2040.0,Startup costs: $m,0.0
Mozambique,Mozambique_North,Costs,2040.0,Trade shared benefits: $m,-8.122162716744544
Mozambique,Mozambique_North,Costs,2040.0,Transmission costs: $m,5.072096541860733
Mozambique,Mozambique_North,Costs,2040.0,Unmet country CO2 backstop cost: $m,0.0
Mozambique,Mozambique_North,Costs,2040.0,Unmet country planning reserve costs: $m,0.0
Mozambique,Mozambique_North,Costs,2040.0,Unmet country spinning reserve costs: $m,0.0
Mozambique,Mozambique_North,Costs,2040.0,Unmet demand costs: $m,0.0
Mozambique,Mozambique_North,Costs,2040.0,Unmet system CO2 backstop cost: $m,0.0
Mozambique,Mozambique_North,Costs,2040.0,Unmet system planning reserve costs: $m,0.0
Mozambique,Mozambique_North,Costs,2040.0,Unmet system spinning reserve costs: $m,0.0268195492150785
Mozambique,Mozambique_North,Costs,2040.0,VRE curtailment: $m,0.0
Mozambique,Mozambique_North,Costs,2040.0,Variable O&M: $m,0.2640110720006611
Mozambique,Mozambique_North,Costs,2042.0,Carbon costs: $m,0.0974063669414689
Mozambique,Mozambique_North,Costs,2042.0,Excess generation: $m,0.0
Mozambique,Mozambique_North,Costs,2042.0,Export revenues with external zones: $m,0.0
Mozambique,Mozambique_North,Costs,2042.0,Export revenues with internal zones: $m,-41.04976860926142
Mozambique,Mozambique_North,Costs,2042.0,Fixed O&M: $m,27.46592
Mozambique,Mozambique_North,Costs,2042.0,Fuel costs: $m,0.156487889668638
Mozambique,Mozambique_North,Costs,2042.0,Generation costs: $m,0.0
Mozambique,Mozambique_North,Costs,2042.0,Import costs with external zones: $m,0.0
Mozambique,Mozambique_North,Costs,2042.0,Import costs with internal zones: $m,72.73354092026993
Mozambique,Mozambique_North,Costs,2042.0,NPV of system cost: $m,0.0
Mozambique,Mozambique_North,Costs,2042.0,Spinning reserve costs: $m,0.0
Mozambique,Mozambique_North,Costs,2042.0,Startup costs: $m,0.0
Mozambique,Mozambique_North,Costs,2042.0,Trade shared benefits: $m,-9.105710661236705
Mozambique,Mozambique_North,Costs,2042.0,Transmission costs: $m,5.296238378132622
Mozambique,Mozambique_North,Costs,2042.0,Unmet country CO2 backstop cost: $m,0.0
Mozambique,Mozambique_North,Costs,2042.0,Unmet country planning reserve costs: $m,0.0
Mozambique,Mozambique_North,Costs,2042.0,Unmet country spinning reserve costs: $m,0.0
Mozambique,Mozambique_North,Costs,2042.0,Unmet demand costs: $m,0.0
Mozambique,Mozambique_North,Costs,2042.0,Unmet system CO2 backstop cost: $m,0.0
Mozambique,Mozambique_North,Costs,2042.0,Unmet system planning reserve costs: $m,0.0
Mozambique,Mozambique_North,Costs,2042.0,Unmet system spinning reserve costs: $m,0.0516412235776396
Mozambique,Mozambique_North,Costs,2042.0,VRE curtailment: $m,0.0
Mozambique,Mozambique_North,Costs,2042.0,Variable O&M: $m,0.2685798114313955
Mozambique,Mozambique_North,Costs,2045.0,Carbon costs: $m,0.048106378647188
Mozambique,Mozambique_North,Costs,2045.0,Excess generation: $m,0.0
Mozambique,Mozambique_North,Costs,2045.0,Export revenues with external zones: $m,0.0
Mozambique,Mozambique_North,Costs,2045.0,Export revenues with internal zones: $m,-44.70899680502448
Mozambique,Mozambique_North,Costs,2045.0,Fixed O&M: $m,30.48992
Mozambique,Mozambique_North,Costs,2045.0,Fuel costs: $m,0.0717647820863496
Mozambique,Mozambique_North,Costs,2045.0,Generation costs: $m,0.0
Mozambique,Mozambique_North,Costs,2045.0,Import costs with external zones: $m,0.0
Mozambique,Mozambique_North,Costs,2045.0,Import costs with internal zones: $m,84.57835726231487
Mozambique,Mozambique_North,Costs,2045.0,NPV of system cost: $m,0.0
Mozambique,Mozambique_North,Costs,2045.0,Spinning reserve costs: $m,0.0
Mozambique,Mozambique_North,Costs,2045.0,Startup costs: $m,0.0
Mozambique,Mozambique_North,Costs,2045.0,Trade shared benefits: $m,-10.642622012247871
Mozambique,Mozambique_North,Costs,2045.0,Transmission costs: $m,5.85652331978981
Mozambique,Mozambique_North,Costs,2045.0,Unmet country CO2 backstop cost: $m,0.0
Mozambique,Mozambique_North,Costs,2045.0,Unmet country planning reserve costs: $m,0.0
Mozambique,Mozambique_North,Costs,2045.0,Unmet country spinning reserve costs: $m,0.0
Mozambique,Mozambique_North,Costs,2045.0,Unmet demand costs: $m,0.0
Mozambique,Mozambique_North,Costs,2045.0,Unmet system CO2 backstop cost: $m,0.0
Mozambique,Mozambique_North,Costs,2045.0,Unmet system planning reserve costs: $m,0.0
Mozambique,Mozambique_North,Costs,2045.0,Unmet system spinning reserve costs: $m,0.0
Mozambique,Mozambique_North,Costs,2045.0,VRE curtailment: $m,0.0
Mozambique,Mozambique_North,Costs,2045.0,Variable O&M: $m,0.2638211923979103
Mozambique,Mozambique_North,Costs,2048.0,Carbon costs: $m,0.1410552858245333
Mozambique,Mozambique_North,Costs,2048.0,Excess generation: $m,0.0
Mozambique,Mozambique_North,Costs,2048.0,Export revenues with external zones: $m,0.0
Mozambique,Mozambique_North,Costs,2048.0,Export revenues with internal zones: $m,-54.148293192247415
Mozambique,Mozambique_North,Costs,2048.0,Fixed O&M: $m,33.51392
Mozambique,Mozambique_North,Costs,2048.0,Fuel costs: $m,0.1885411189130474
Mozambique,Mozambique_North,Costs,2048.0,Generation costs: $m,0.0
Mozambique,Mozambique_North,Costs,2048.0,Import costs with external zones: $m,0.0
Mozambique,Mozambique_North,Costs,2048.0,Import costs with internal zones: $m,101.97765678448484
Mozambique,Mozambique_North,Costs,2048.0,NPV of system cost: $m,0.0
Mozambique,Mozambique_North,Costs,2048.0,Spinning reserve costs: $m,0.0
Mozambique,Mozambique_North,Costs,2048.0,Startup costs: $m,0.0
Mozambique,Mozambique_North,Costs,2048.0,Trade shared benefits: $m,-11.137098102780048
Mozambique,Mozambique_North,Costs,2048.0,Transmission costs: $m,6.294785663408556
Mozambique,Mozambique_North,Costs,2048.0,Unmet country CO2 backstop cost: $m,0.0
Mozambique,Mozambique_North,Costs,2048.0,Unmet country planning reserve costs: $m,0.0
Mozambique,Mozambique_North,Costs,2048.0,Unmet country spinning reserve costs: $m,0.0
Mozambique,Mozambique_North,Costs,2048.0,Unmet demand costs: $m,0.0
Mozambique,Mozambique_North,Costs,2048.0,Unmet system CO2 backstop cost: $m,0.0
Mozambique,Mozambique_North,Costs,2048.0,Unmet system planning reserve costs: $m,0.0
Mozambique,Mozambique_North,Costs,2048.0,Unmet system spinning reserve costs: $m,0.0
Mozambique,Mozambique_North,Costs,2048.0,VRE curtailment: $m,0.0
Mozambique,Mozambique_North,Costs,2048.0,Variable O&M: $m,0.2708213751802218
Mozambique,Mozambique_North,Costs,2050.0,Carbon costs: $m,0.1581723016460216
Mozambique,Mozambique_North,Costs,2050.0,Excess generation: $m,0.0
Mozambique,Mozambique_North,Costs,2050.0,Export revenues with external zones: $m,0.0
Mozambique,Mozambique_North,Costs,2050.0,Export revenues with internal zones: $m,-58.411908947493465
Mozambique,Mozambique_North,Costs,2050.0,Fixed O&M: $m,35.52992
Mozambique,Mozambique_North,Costs,2050.0,Fuel costs: $m,0.197721266861859
Mozambique,Mozambique_North,Costs,2050.0,Generation costs: $m,0.0
Mozambique,Mozambique_North,Costs,2050.0,Import costs with external zones: $m,0.0
Mozambique,Mozambique_North,Costs,2050.0,Import costs with internal zones: $m,107.7034695740825
Mozambique,Mozambique_North,Costs,2050.0,NPV of system cost: $m,0.0
Mozambique,Mozambique_North,Costs,2050.0,Spinning reserve costs: $m,0.0
Mozambique,Mozambique_North,Costs,2050.0,Startup costs: $m,0.0
Mozambique,Mozambique_North,Costs,2050.0,Trade shared benefits: $m,-10.413851260952558
Mozambique,Mozambique_North,Costs,2050.0,Transmission costs: $m,6.68226944188886
Mozambique,Mozambique_North,Costs,2050.0,Unmet country CO2 backstop cost: $m,0.0
Mozambique,Mozambique_North,Costs,2050.0,Unmet country planning reserve costs: $m,0.0
Mozambique,Mozambique_North,Costs,2050.0,Unmet country spinning reserve costs: $m,0.0
Mozambique,Mozambique_North,Costs,2050.0,Unmet demand costs: $m,0.0
Mozambique,Mozambique_North,Costs,2050.0,Unmet system CO2 backstop cost: $m,0.0
Mozambique,Mozambique_North,Costs,2050.0,Unmet system planning reserve costs: $m,0.0
Mozambique,Mozambique_North,Costs,2050.0,Unmet system spinning reserve costs: $m,0.0
Mozambique,Mozambique_North,Costs,2050.0,VRE curtailment: $m,0.0
Mozambique,Mozambique_North,Costs,2050.0,Variable O&M: $m,0.2716889946100926
Mozambique,Mozambique_North,DiscountedWeightedCostsCumulated,2025.0,Carbon costs: $m,155181.34734814934
Mozambique,Mozambique_North,DiscountedWeightedCostsCumulated,2025.0,Excess generation: $m,155386.60453975122
Mozambique,Mozambique_North,DiscountedWeightedCostsCumulated,2025.0,Export revenues with external zones: $m,155386.60453975122
Mozambique,Mozambique_North,DiscountedWeightedCostsCumulated,2025.0,Export revenues with internal zones: $m,155386.60453975122
Mozambique,Mozambique_North,DiscountedWeightedCostsCumulated,2025.0,Fixed O&M: $m,155261.96187415512
Mozambique,Mozambique_North,DiscountedWeightedCostsCumulated,2025.0,Fuel costs: $m,155502.46202335416
Mozambique,Mozambique_North,DiscountedWeightedCostsCumulated,2025.0,Generation costs: $m,155953.02776204626
Mozambique,Mozambique_North,DiscountedWeightedCostsCumulated,2025.0,Import costs with external zones: $m,155953.02776204626
Mozambique,Mozambique_North,DiscountedWeightedCostsCumulated,2025.0,Import costs with internal zones: $m,155953.02776204626
Mozambique,Mozambique_North,DiscountedWeightedCostsCumulated,2025.0,NPV of system cost: $m,156257.31304806203
Mozambique,Mozambique_North,DiscountedWeightedCostsCumulated,2025.0,Spinning reserve costs: $m,156257.31304806203
Mozambique,Mozambique_North,DiscountedWeightedCostsCumulated,2025.0,Startup costs: $m,156257.31304806203
Mozambique,Mozambique_North,DiscountedWeightedCostsCumulated,2025.0,Trade shared benefits: $m,156257.31304806203
Mozambique,Mozambique_North,DiscountedWeightedCostsCumulated,2025.0,Transmission costs: $m,156219.10076763088
Mozambique,Mozambique_North,DiscountedWeightedCostsCumulated,2025.0,Unmet country CO2 backstop cost: $m,156240.74435396533
Mozambique,Mozambique_North,DiscountedWeightedCostsCumulated,2025.0,Unmet country planning reserve costs: $m,156240.74435396533
Mozambique,Mozambique_North,DiscountedWeightedCostsCumulated,2025.0,Unmet country spinning reserve costs: $m,156240.74435396533
Mozambique,Mozambique_North,DiscountedWeightedCostsCumulated,2025.0,Unmet demand costs: $m,157223.76861758137
Mozambique,Mozambique_North,DiscountedWeightedCostsCumulated,2025.0,Unmet system CO2 backstop cost: $m,159545.77056585645
Mozambique,Mozambique_North,DiscountedWeightedCostsCumulated,2025.0,Unmet system planning reserve costs: $m,159545.77056585645
Mozambique,Mozambique_North,DiscountedWeightedCostsCumulated,2025.0,Unmet system spinning reserve costs: $m,159545.77056585645
Mozambique,Mozambique_North,DiscountedWeightedCostsCumulated,2025.0,VRE curtailment: $m,159545.8082793243
Mozambique,Mozambique_North,DiscountedWeightedCostsCumulated,2025.0,Variable O&M: $m,159550.29420331537
Mozambique,Mozambique_North,DiscountedWeightedCostsCumulated,2027.0,Carbon costs: $m,155249.17898744912
Mozambique,Mozambique_North,DiscountedWeightedCostsCumulated,2027.0,Excess generation: $m,155386.60453975122
Mozambique,Mozambique_North,DiscountedWeightedCostsCumulated,2027.0,Export revenues with external zones: $m,155386.60453975122
Mozambique,Mozambique_North,DiscountedWeightedCostsCumulated,2027.0,Export revenues with internal zones: $m,155386.60453975122
Mozambique,Mozambique_North,DiscountedWeightedCostsCumulated,2027.0,Fixed O&M: $m,155266.06718324602
Mozambique,Mozambique_North,DiscountedWeightedCostsCumulated,2027.0,Fuel costs: $m,155675.48272092568
Mozambique,Mozambique_North,DiscountedWeightedCostsCumulated,2027.0,Generation costs: $m,155953.02776204626
Mozambique,Mozambique_North,DiscountedWeightedCostsCumulated,2027.0,Import costs with external zones: $m,155953.02776204626
Mozambique,Mozambique_North,DiscountedWeightedCostsCumulated,2027.0,Import costs with internal zones: $m,155953.02776204626
Mozambique,Mozambique_North,DiscountedWeightedCostsCumulated,2027.0,NPV of system cost: $m,156257.31304806203
Mozambique,Mozambique_North,DiscountedWeightedCostsCumulated,2027.0,Spinning reserve costs: $m,156257.31304806203
Mozambique,Mozambique_North,DiscountedWeightedCostsCumulated,2027.0,Startup costs: $m,156257.31304806203
Mozambique,Mozambique_North,DiscountedWeightedCostsCumulated,2027.0,Trade shared benefits: $m,156257.31304806203
Mozambique,Mozambique_North,DiscountedWeightedCostsCumulated,2027.0,Transmission costs: $m,156219.10076763088
Mozambique,Mozambique_North,DiscountedWeightedCostsCumulated,2027.0,Unmet country CO2 backstop cost: $m,156240.74435396533
Mozambique,Mozambique_North,DiscountedWeightedCostsCumulated,2027.0,Unmet country planning reserve costs: $m,156240.74435396533
Mozambique,Mozambique_North,DiscountedWeightedCostsCumulated,2027.0,Unmet country spinning reserve costs: $m,156240.74435396533
Mozambique,Mozambique_North,DiscountedWeightedCostsCumulated,2027.0,Unmet demand costs: $m,159391.51041158984
Mozambique,Mozambique_North,DiscountedWeightedCostsCumulated,2027.0,Unmet system CO2 backstop cost: $m,159545.77056585645
Mozambique,Mozambique_North,DiscountedWeightedCostsCumulated,2027.0,Unmet system planning reserve costs: $m,159545.77056585645
Mozambique,Mozambique_North,DiscountedWeightedCostsCumulated,2027.0,Unmet system spinning reserve costs: $m,159545.77056585645
Mozambique,Mozambique_North,DiscountedWeightedCostsCumulated,2027.0,VRE curtailment: $m,159545.8082793243
Mozambique,Mozambique_North,DiscountedWeightedCostsCumulated,2027.0,Variable O&M: $m,159558.69391953768
Mozambique,Mozambique_North,DiscountedWeightedCostsCumulated,2030.0,Carbon costs: $m,155335.41085839586
Mozambique,Mozambique_North,DiscountedWeightedCostsCumulated,2030.0,Excess generation: $m,155386.60453975122
Mozambique,Mozambique_North,DiscountedWeightedCostsCumulated,2030.0,Export revenues with external zones: $m,155386.60453975122
Mozambique,Mozambique_North,DiscountedWeightedCostsCumulated,2030.0,Export revenues with internal zones: $m,155386.60453975122
Mozambique,Mozambique_North,DiscountedWeightedCostsCumulated,2030.0,Fixed O&M: $m,155288.3698695139
Mozambique,Mozambique_North,DiscountedWeightedCostsCumulated,2030.0,Fuel costs: $m,155850.3683521314
Mozambique,Mozambique_North,DiscountedWeightedCostsCumulated,2030.0,Generation costs: $m,155953.02776204626
Mozambique,Mozambique_North,DiscountedWeightedCostsCumulated,2030.0,Import costs with external zones: $m,155953.02776204626
Mozambique,Mozambique_North,DiscountedWeightedCostsCumulated,2030.0,Import costs with internal zones: $m,155953.02776204626
Mozambique,Mozambique_North,DiscountedWeightedCostsCumulated,2030.0,NPV of system cost: $m,156257.31304806203
Mozambique,Mozambique_North,DiscountedWeightedCostsCumulated,2030.0,Spinning reserve costs: $m,156257.31304806203
Mozambique,Mozambique_North,DiscountedWeightedCostsCumulated,2030.0,Startup costs: $m,156257.31304806203
Mozambique,Mozambique_North,DiscountedWeightedCostsCumulated,2030.0,Trade shared benefits: $m,156257.31304806203
Mozambique,Mozambique_North,DiscountedWeightedCostsCumulated,2030.0,Transmission costs: $m,156219.10076763088
Mozambique,Mozambique_North,DiscountedWeightedCostsCumulated,2030.0,Unmet country CO2 backstop cost: $m,156240.74435396533
Mozambique,Mozambique_North,DiscountedWeightedCostsCumulated,2030.0,Unmet country planning reserve costs: $m,156240.74435396533
Mozambique,Mozambique_North,DiscountedWeightedCostsCumulated,2030.0,Unmet country spinning reserve costs: $m,156240.74435396533
Mozambique,Mozambique_North,DiscountedWeightedCostsCumulated,2030.0,Unmet demand costs: $m,159458.357221029
Mozambique,Mozambique_North,DiscountedWeightedCostsCumulated,2030.0,Unmet system CO2 backstop cost: $m,159545.77056585645
Mozambique,Mozambique_North,DiscountedWeightedCostsCumulated,2030.0,Unmet system planning reserve costs: $m,159545.77056585645
Mozambique,Mozambique_North,DiscountedWeightedCostsCumulated,2030.0,Unmet system spinning reserve costs: $m,159545.77056585645
Mozambique,Mozambique_North,DiscountedWeightedCostsCumulated,2030.0,VRE curtailment: $m,159545.8082793243
Mozambique,Mozambique_North,DiscountedWeightedCostsCumulated,2030.0,Variable O&M: $m,159568.7971149085
Mozambique,Mozambique_North,DiscountedWeightedCostsCumulated,2032.0,Carbon costs: $m,155383.57793699487
Mozambique,Mozambique_North,DiscountedWeightedCostsCumulated,2032.0,Excess generation: $m,155386.60453975122
Mozambique,Mozambique_North,DiscountedWeightedCostsCumulated,2032.0,Export revenues with external zones: $m,155386.60453975122
Mozambique,Mozambique_North,DiscountedWeightedCostsCumulated,2032.0,Export revenues with internal zones: $m,155386.60453975122
Mozambique,Mozambique_North,DiscountedWeightedCostsCumulated,2032.0,Fixed O&M: $m,155301.22397953327
Mozambique,Mozambique_North,DiscountedWeightedCostsCumulated,2032.0,Fuel costs: $m,155947.45563887956
Mozambique,Mozambique_North,DiscountedWeightedCostsCumulated,2032.0,Generation costs: $m,155953.02776204626
Mozambique,Mozambique_North,DiscountedWeightedCostsCumulated,2032.0,Import costs with external zones: $m,155953.02776204626
Mozambique,Mozambique_North,DiscountedWeightedCostsCumulated,2032.0,Import costs with internal zones: $m,155953.02776204626
Mozambique,Mozambique_North,DiscountedWeightedCostsCumulated,2032.0,NPV of system cost: $m,156257.31304806203
Mozambique,Mozambique_North,DiscountedWeightedCostsCumulated,2032.0,Spinning reserve costs: $m,156257.31304806203
Mozambique,Mozambique_North,DiscountedWeightedCostsCumulated,2032.0,Startup costs: $m,156257.31304806203
Mozambique,Mozambique_North,DiscountedWeightedCostsCumulated,2032.0,Trade shared benefits: $m,156257.31304806203
Mozambique,Mozambique_North,DiscountedWeightedCostsCumulated,2032.0,Transmission costs: $m,156219.10076763088
Mozambique,Mozambique_North,DiscountedWeightedCostsCumulated,2032.0,Unmet country CO2 backstop cost: $m,156240.74435396533
Mozambique,Mozambique_North,DiscountedWeightedCostsCumulated,2032.0,Unmet country planning reserve costs: $m,156240.74435396533
Mozambique,Mozambique_North,DiscountedWeightedCostsCumulated,2032.0,Unmet country spinning reserve costs: $m,156240.74435396533
Mozambique,Mozambique_North,DiscountedWeightedCostsCumulated,2032.0,Unmet demand costs: $m,159545.77056585645
Mozambique,Mozambique_North,DiscountedWeightedCostsCumulated,2032.0,Unmet system CO2 backstop cost: $m,159545.77056585645
Mozambique,Mozambique_North,DiscountedWeightedCostsCumulated,2032.0,Unmet system planning reserve costs: $m,159545.77056585645
Mozambique,Mozambique_North,DiscountedWeightedCostsCumulated,2032.0,Unmet system spinning reserve costs: $m,159545.77056585645
Mozambique,Mozambique_North,DiscountedWeightedCostsCumulated,2032.0,VRE curtailment: $m,159545.8082793243
Mozambique,Mozambique_North,DiscountedWeightedCostsCumulated,2032.0,Variable O&M: $m,159574.22727087952
Mozambique,Mozambique_North,DiscountedWeightedCostsCumulated,2035.0,Carbon costs: $m,155386.39517624423
Mozambique,Mozambique_North,DiscountedWeightedCostsCumulated,2035.0,Excess generation: $m,155386.60453975122
Mozambique,Mozambique_North,DiscountedWeightedCostsCumulated,2035.0,Export revenues with external zones: $m,155386.60453975122
Mozambique,Mozambique_North,DiscountedWeightedCostsCumulated,2035.0,Export revenues with internal zones: $m,155380.66821708207
Mozambique,Mozambique_North,DiscountedWeightedCostsCumulated,2035.0,Fixed O&M: $m,155328.45881358173
Mozambique,Mozambique_North,DiscountedWeightedCostsCumulated,2035.0,Fuel costs: $m,155952.71493256214
Mozambique,Mozambique_North,DiscountedWeightedCostsCumulated,2035.0,Generation costs: $m,155953.02776204626
Mozambique,Mozambique_North,DiscountedWeightedCostsCumulated,2035.0,Import costs with external zones: $m,155953.02776204626
Mozambique,Mozambique_North,DiscountedWeightedCostsCumulated,2035.0,Import costs with internal zones: $m,156023.9301485036
Mozambique,Mozambique_North,DiscountedWeightedCostsCumulated,2035.0,NPV of system cost: $m,156257.31304806203
Mozambique,Mozambique_North,DiscountedWeightedCostsCumulated,2035.0,Spinning reserve costs: $m,156257.31304806203
Mozambique,Mozambique_North,DiscountedWeightedCostsCumulated,2035.0,Startup costs: $m,156257.31304806203
Mozambique,Mozambique_North,DiscountedWeightedCostsCumulated,2035.0,Trade shared benefits: $m,156244.6427813484
Mozambique,Mozambique_North,DiscountedWeightedCostsCumulated,2035.0,Transmission costs: $m,156224.13599041782
Mozambique,Mozambique_North,DiscountedWeightedCostsCumulated,2035.0,Unmet country CO2 backstop cost: $m,156240.74435396533
Mozambique,Mozambique_North,DiscountedWeightedCostsCumulated,2035.0,Unmet country planning reserve costs: $m,156240.74435396533
Mozambique,Mozambique_North,DiscountedWeightedCostsCumulated,2035.0,Unmet country spinning reserve costs: $m,156240.74435396533
Mozambique,Mozambique_North,DiscountedWeightedCostsCumulated,2035.0,Unmet demand costs: $m,159545.77056585645
Mozambique,Mozambique_North,DiscountedWeightedCostsCumulated,2035.0,Unmet system CO2 backstop cost: $m,159545.77056585645
Mozambique,Mozambique_North,DiscountedWeightedCostsCumulated,2035.0,Unmet system planning reserve costs: $m,159545.77056585645
Mozambique,Mozambique_North,DiscountedWeightedCostsCumulated,2035.0,Unmet system spinning reserve costs: $m,159545.77056585645
Mozambique,Mozambique_North,DiscountedWeightedCostsCumulated,2035.0,VRE curtailment: $m,159545.8082793243
Mozambique,Mozambique_North,DiscountedWeightedCostsCumulated,2035.0,Variable O&M: $m,159574.86933038593
Mozambique,Mozambique_North,DiscountedWeightedCostsCumulated,2038.0,Carbon costs: $m,155386.42689059573
Mozambique,Mozambique_North,DiscountedWeightedCostsCumulated,2038.0,Excess generation: $m,155386.60453975122
Mozambique,Mozambique_North,DiscountedWeightedCostsCumulated,2038.0,Export revenues with external zones: $m,155386.60453975122
Mozambique,Mozambique_North,DiscountedWeightedCostsCumulated,2038.0,Export revenues with internal zones: $m,155351.66181370418
Mozambique,Mozambique_North,DiscountedWeightedCostsCumulated,2038.0,Fixed O&M: $m,155351.95245405377
Mozambique,Mozambique_North,DiscountedWeightedCostsCumulated,2038.0,Fuel costs: $m,155952.77012903546
Mozambique,Mozambique_North,DiscountedWeightedCostsCumulated,2038.0,Generation costs: $m,155953.02776204626
Mozambique,Mozambique_North,DiscountedWeightedCostsCumulated,2038.0,Import costs with external zones: $m,155953.02776204626
Mozambique,Mozambique_North,DiscountedWeightedCostsCumulated,2038.0,Import costs with internal zones: $m,156087.21165201577
Mozambique,Mozambique_North,DiscountedWeightedCostsCumulated,2038.0,NPV of system cost: $m,156257.31304806203
Mozambique,Mozambique_North,DiscountedWeightedCostsCumulated,2038.0,Spinning reserve costs: $m,156257.31304806203
Mozambique,Mozambique_North,DiscountedWeightedCostsCumulated,2038.0,Startup costs: $m,156257.31304806203
Mozambique,Mozambique_North,DiscountedWeightedCostsCumulated,2038.0,Trade shared benefits: $m,156239.2363290982
Mozambique,Mozambique_North,DiscountedWeightedCostsCumulated,2038.0,Transmission costs: $m,156228.964917807
Mozambique,Mozambique_North,DiscountedWeightedCostsCumulated,2038.0,Unmet country CO2 backstop cost: $m,156240.74435396533
Mozambique,Mozambique_North,DiscountedWeightedCostsCumulated,2038.0,Unmet country planning reserve costs: $m,156240.74435396533
Mozambique,Mozambique_North,DiscountedWeightedCostsCumulated,2038.0,Unmet country spinning reserve costs: $m,156240.74435396533
Mozambique,Mozambique_North,DiscountedWeightedCostsCumulated,2038.0,Unmet demand costs: $m,159545.77056585645
Mozambique,Mozambique_North,DiscountedWeightedCostsCumulated,2038.0,Unmet system CO2 backstop cost: $m,159545.77056585645
Mozambique,Mozambique_North,DiscountedWeightedCostsCumulated,2038.0,Unmet system planning reserve costs: $m,159545.77056585645
Mozambique,Mozambique_North,DiscountedWeightedCostsCumulated,2038.0,Unmet system spinning reserve costs: $m,159545.7716772035
Mozambique,Mozambique_North,DiscountedWeightedCostsCumulated,2038.0,VRE curtailment: $m,159545.8082793243
Mozambique,Mozambique_North,DiscountedWeightedCostsCumulated,2038.0,Variable O&M: $m,159575.13288305694
Mozambique,Mozambique_North,DiscountedWeightedCostsCumulated,2040.0,Carbon costs: $m,155386.45075514703
Mozambique,Mozambique_North,DiscountedWeightedCostsCumulated,2040.0,Excess generation: $m,155386.60453975122
Mozambique,Mozambique_North,DiscountedWeightedCostsCumulated,2040.0,Export revenues with external zones: $m,155386.60453975122
Mozambique,Mozambique_North,DiscountedWeightedCostsCumulated,2040.0,Export revenues with internal zones: $m,155333.362781046
Mozambique,Mozambique_North,DiscountedWeightedCostsCumulated,2040.0,Fixed O&M: $m,155365.35597276496
Mozambique,Mozambique_North,DiscountedWeightedCostsCumulated,2040.0,Fuel costs: $m,155952.80970531332
Mozambique,Mozambique_North,DiscountedWeightedCostsCumulated,2040.0,Generation costs: $m,155953.02776204626
Mozambique,Mozambique_North,DiscountedWeightedCostsCumulated,2040.0,Import costs with external zones: $m,155953.02776204626
Mozambique,Mozambique_North,DiscountedWeightedCostsCumulated,2040.0,Import costs with internal zones: $m,156120.85617658196
Mozambique,Mozambique_North,DiscountedWeightedCostsCumulated,2040.0,NPV of system cost: $m,156257.31304806203
Mozambique,Mozambique_North,DiscountedWeightedCostsCumulated,2040.0,Spinning reserve costs: $m,156257.31304806203
Mozambique,Mozambique_North,DiscountedWeightedCostsCumulated,2040.0,Startup costs: $m,156257.31304806203
Mozambique,Mozambique_North,DiscountedWeightedCostsCumulated,2040.0,Trade shared benefits: $m,156234.95869050644
Mozambique,Mozambique_North,DiscountedWeightedCostsCumulated,2040.0,Transmission costs: $m,156231.63620089565
Mozambique,Mozambique_North,DiscountedWeightedCostsCumulated,2040.0,Unmet country CO2 backstop cost: $m,156240.74435396533
Mozambique,Mozambique_North,DiscountedWeightedCostsCumulated,2040.0,Unmet country planning reserve costs: $m,156240.74435396533
Mozambique,Mozambique_North,DiscountedWeightedCostsCumulated,2040.0,Unmet country spinning reserve costs: $m,156240.74435396533
Mozambique,Mozambique_North,DiscountedWeightedCostsCumulated,2040.0,Unmet demand costs: $m,159545.77056585645
Mozambique,Mozambique_North,DiscountedWeightedCostsCumulated,2040.0,Unmet system CO2 backstop cost: $m,159545.77056585645
Mozambique,Mozambique_North,DiscountedWeightedCostsCumulated,2040.0,Unmet system planning reserve costs: $m,159545.77056585645
Mozambique,Mozambique_North,DiscountedWeightedCostsCumulated,2040.0,Unmet system spinning reserve costs: $m,159545.78580205457
Mozambique,Mozambique_North,DiscountedWeightedCostsCumulated,2040.0,VRE curtailment: $m,159545.8082793243
Mozambique,Mozambique_North,DiscountedWeightedCostsCumulated,2040.0,Variable O&M: $m,159575.27192779045
Mozambique,Mozambique_North,DiscountedWeightedCostsCumulated,2042.0,Carbon costs: $m,155386.49315207393
Mozambique,Mozambique_North,DiscountedWeightedCostsCumulated,2042.0,Excess generation: $m,155386.60453975122
Mozambique,Mozambique_North,DiscountedWeightedCostsCumulated,2042.0,Export revenues with external zones: $m,155386.60453975122
Mozambique,Mozambique_North,DiscountedWeightedCostsCumulated,2042.0,Export revenues with internal zones: $m,155315.49552971235
Mozambique,Mozambique_North,DiscountedWeightedCostsCumulated,2042.0,Fixed O&M: $m,155377.31074163152
Mozambique,Mozambique_North,DiscountedWeightedCostsCumulated,2042.0,Fuel costs: $m,155952.8778179617
Mozambique,Mozambique_North,DiscountedWeightedCostsCumulated,2042.0,Generation costs: $m,155953.02776204626
Mozambique,Mozambique_North,DiscountedWeightedCostsCumulated,2042.0,Import costs with external zones: $m,155953.02776204626
Mozambique,Mozambique_North,DiscountedWeightedCostsCumulated,2042.0,Import costs with internal zones: $m,156152.51405188884
Mozambique,Mozambique_North,DiscountedWeightedCostsCumulated,2042.0,NPV of system cost: $m,156257.31304806203
Mozambique,Mozambique_North,DiscountedWeightedCostsCumulated,2042.0,Spinning reserve costs: $m,156257.31304806203
Mozambique,Mozambique_North,DiscountedWeightedCostsCumulated,2042.0,Startup costs: $m,156257.31304806203
Mozambique,Mozambique_North,DiscountedWeightedCostsCumulated,2042.0,Trade shared benefits: $m,156230.99535462252
Mozambique,Mozambique_North,DiscountedWeightedCostsCumulated,2042.0,Transmission costs: $m,156233.941432458
Mozambique,Mozambique_North,DiscountedWeightedCostsCumulated,2042.0,Unmet country CO2 backstop cost: $m,156240.74435396533
Mozambique,Mozambique_North,DiscountedWeightedCostsCumulated,2042.0,Unmet country planning reserve costs: $m,156240.74435396533
Mozambique,Mozambique_North,DiscountedWeightedCostsCumulated,2042.0,Unmet country spinning reserve costs: $m,156240.74435396533
Mozambique,Mozambique_North,DiscountedWeightedCostsCumulated,2042.0,Unmet demand costs: $m,159545.77056585645
Mozambique,Mozambique_North,DiscountedWeightedCostsCumulated,2042.0,Unmet system CO2 backstop cost: $m,159545.77056585645
Mozambique,Mozambique_North,DiscountedWeightedCostsCumulated,2042.0,Unmet system planning reserve costs: $m,159545.77056585645
Mozambique,Mozambique_North,DiscountedWeightedCostsCumulated,2042.0,Unmet system spinning reserve costs: $m,159545.8082793243
Mozambique,Mozambique_North,DiscountedWeightedCostsCumulated,2042.0,VRE curtailment: $m,159545.8082793243
Mozambique,Mozambique_North,DiscountedWeightedCostsCumulated,2042.0,Variable O&M: $m,159575.38882937492
Mozambique,Mozambique_North,DiscountedWeightedCostsCumulated,2045.0,Carbon costs: $m,155386.51790116448
Mozambique,Mozambique_North,DiscountedWeightedCostsCumulated,2045.0,Excess generation: $m,155386.60453975122
Mozambique,Mozambique_North,DiscountedWeightedCostsCumulated,2045.0,Export revenues with external zones: $m,155386.60453975122
Mozambique,Mozambique_North,DiscountedWeightedCostsCumulated,2045.0,Export revenues with internal zones: $m,155292.49427621195
Mozambique,Mozambique_North,DiscountedWeightedCostsCumulated,2045.0,Fixed O&M: $m,155392.99676523398
Mozambique,Mozambique_North,DiscountedWeightedCostsCumulated,2045.0,Fuel costs: $m,155952.91473849365
Mozambique,Mozambique_North,DiscountedWeightedCostsCumulated,2045.0,Generation costs: $m,155953.02776204626
Mozambique,Mozambique_North,DiscountedWeightedCostsCumulated,2045.0,Import costs with external zones: $m,155953.02776204626
Mozambique,Mozambique_North,DiscountedWeightedCostsCumulated,2045.0,Import costs with internal zones: $m,156196.02673110465
Mozambique,Mozambique_North,DiscountedWeightedCostsCumulated,2045.0,NPV of system cost: $m,156257.31304806203
Mozambique,Mozambique_North,DiscountedWeightedCostsCumulated,2045.0,Spinning reserve costs: $m,156257.31304806203
Mozambique,Mozambique_North,DiscountedWeightedCostsCumulated,2045.0,Startup costs: $m,156257.31304806203
Mozambique,Mozambique_North,DiscountedWeightedCostsCumulated,2045.0,Trade shared benefits: $m,156225.52008869607
Mozambique,Mozambique_North,DiscountedWeightedCostsCumulated,2045.0,Transmission costs: $m,156236.95441389654
Mozambique,Mozambique_North,DiscountedWeightedCostsCumulated,2045.0,Unmet country CO2 backstop cost: $m,156240.74435396533
Mozambique,Mozambique_North,DiscountedWeightedCostsCumulated,2045.0,Unmet country planning reserve costs: $m,156240.74435396533
Mozambique,Mozambique_North,DiscountedWeightedCostsCumulated,2045.0,Unmet country spinning reserve costs: $m,156240.74435396533
Mozambique,Mozambique_North,DiscountedWeightedCostsCumulated,2045.0,Unmet demand costs: $m,159545.77056585645
Mozambique,Mozambique_North,DiscountedWeightedCostsCumulated,2045.0,Unmet system CO2 backstop cost: $m,159545.77056585645
Mozambique,Mozambique_North,DiscountedWeightedCostsCumulated,2045.0,Unmet system planning reserve costs: $m,159545.77056585645
Mozambique,Mozambique_North,DiscountedWeightedCostsCumulated,2045.0,Unmet system spinning reserve costs: $m,159545.8082793243
Mozambique,Mozambique_North,DiscountedWeightedCostsCumulated,2045.0,VRE curtailment: $m,159545.8082793243
Mozambique,Mozambique_North,DiscountedWeightedCostsCumulated,2045.0,Variable O&M: $m,159575.5245563775
Mozambique,Mozambique_North,DiscountedWeightedCostsCumulated,2048.0,Carbon costs: $m,155386.5724226762
Mozambique,Mozambique_North,DiscountedWeightedCostsCumulated,2048.0,Excess generation: $m,155386.60453975122
Mozambique,Mozambique_North,DiscountedWeightedCostsCumulated,2048.0,Export revenues with external zones: $m,155386.60453975122
Mozambique,Mozambique_North,DiscountedWeightedCostsCumulated,2048.0,Export revenues with internal zones: $m,155271.56456212694
Mozambique,Mozambique_North,DiscountedWeightedCostsCumulated,2048.0,Fixed O&M: $m,155405.95076105022
Mozambique,Mozambique_North,DiscountedWeightedCostsCumulated,2048.0,Fuel costs: $m,155952.98761450654
Mozambique,Mozambique_North,DiscountedWeightedCostsCumulated,2048.0,Generation costs: $m,155953.02776204626
Mozambique,Mozambique_North,DiscountedWeightedCostsCumulated,2048.0,Import costs with external zones: $m,155953.02776204626
Mozambique,Mozambique_North,DiscountedWeightedCostsCumulated,2048.0,Import costs with internal zones: $m,156235.4437297528
Mozambique,Mozambique_North,DiscountedWeightedCostsCumulated,2048.0,NPV of system cost: $m,156257.31304806203
Mozambique,Mozambique_North,DiscountedWeightedCostsCumulated,2048.0,Spinning reserve costs: $m,156257.31304806203
Mozambique,Mozambique_North,DiscountedWeightedCostsCumulated,2048.0,Startup costs: $m,156257.31304806203
Mozambique,Mozambique_North,DiscountedWeightedCostsCumulated,2048.0,Trade shared benefits: $m,156221.21531258427
Mozambique,Mozambique_North,DiscountedWeightedCostsCumulated,2048.0,Transmission costs: $m,156239.38751116322
Mozambique,Mozambique_North,DiscountedWeightedCostsCumulated,2048.0,Unmet country CO2 backstop cost: $m,156240.74435396533
Mozambique,Mozambique_North,DiscountedWeightedCostsCumulated,2048.0,Unmet country planning reserve costs: $m,156240.74435396533
Mozambique,Mozambique_North,DiscountedWeightedCostsCumulated,2048.0,Unmet country spinning reserve costs: $m,156240.74435396533
Mozambique,Mozambique_North,DiscountedWeightedCostsCumulated,2048.0,Unmet demand costs: $m,159545.77056585645
Mozambique,Mozambique_North,DiscountedWeightedCostsCumulated,2048.0,Unmet system CO2 backstop cost: $m,159545.77056585645
Mozambique,Mozambique_North,DiscountedWeightedCostsCumulated,2048.0,Unmet system planning reserve costs: $m,159545.77056585645
Mozambique,Mozambique_North,DiscountedWeightedCostsCumulated,2048.0,Unmet system spinning reserve costs: $m,159545.8082793243
Mozambique,Mozambique_North,DiscountedWeightedCostsCumulated,2048.0,VRE curtailment: $m,159545.8082793243
Mozambique,Mozambique_North,DiscountedWeightedCostsCumulated,2048.0,Variable O&M: $m,159575.6292358349
Mozambique,Mozambique_North,DiscountedWeightedCostsCumulated,2050.0,Carbon costs: $m,155386.60453975122
Mozambique,Mozambique_North,DiscountedWeightedCostsCumulated,2050.0,Excess generation: $m,155386.60453975122
Mozambique,Mozambique_North,DiscountedWeightedCostsCumulated,2050.0,Export revenues with external zones: $m,155386.60453975122
Mozambique,Mozambique_North,DiscountedWeightedCostsCumulated,2050.0,Export revenues with internal zones: $m,155259.70395415512
Mozambique,Mozambique_North,DiscountedWeightedCostsCumulated,2050.0,Fixed O&M: $m,155413.16515379964
Mozambique,Mozambique_North,DiscountedWeightedCostsCumulated,2050.0,Fuel costs: $m,155953.02776204626
Mozambique,Mozambique_North,DiscountedWeightedCostsCumulated,2050.0,Generation costs: $m,155953.02776204626
Mozambique,Mozambique_North,DiscountedWeightedCostsCumulated,2050.0,Import costs with external zones: $m,155953.02776204626
Mozambique,Mozambique_North,DiscountedWeightedCostsCumulated,2050.0,Import costs with internal zones: $m,156257.31304806203
Mozambique,Mozambique_North,DiscountedWeightedCostsCumulated,2050.0,NPV of system cost: $m,156257.31304806203
Mozambique,Mozambique_North,DiscountedWeightedCostsCumulated,2050.0,Spinning reserve costs: $m,156257.31304806203
Mozambique,Mozambique_North,DiscountedWeightedCostsCumulated,2050.0,Startup costs: $m,156257.31304806203
Mozambique,Mozambique_North,DiscountedWeightedCostsCumulated,2050.0,Trade shared benefits: $m,156219.10076763088
Mozambique,Mozambique_North,DiscountedWeightedCostsCumulated,2050.0,Transmission costs: $m,156240.74435396533
Mozambique,Mozambique_North,DiscountedWeightedCostsCumulated,2050.0,Unmet country CO2 backstop cost: $m,156240.74435396533
Mozambique,Mozambique_North,DiscountedWeightedCostsCumulated,2050.0,Unmet country planning reserve costs: $m,156240.74435396533
Mozambique,Mozambique_North,DiscountedWeightedCostsCumulated,2050.0,Unmet country spinning reserve costs: $m,156240.74435396533
Mozambique,Mozambique_North,DiscountedWeightedCostsCumulated,2050.0,Unmet demand costs: $m,159545.77056585645
Mozambique,Mozambique_North,DiscountedWeightedCostsCumulated,2050.0,Unmet system CO2 backstop cost: $m,159545.77056585645
Mozambique,Mozambique_North,DiscountedWeightedCostsCumulated,2050.0,Unmet system planning reserve costs: $m,159545.77056585645
Mozambique,Mozambique_North,DiscountedWeightedCostsCumulated,2050.0,Unmet system spinning reserve costs: $m,159545.8082793243
Mozambique,Mozambique_North,DiscountedWeightedCostsCumulated,2050.0,VRE curtailment: $m,159545.8082793243
Mozambique,Mozambique_North,DiscountedWeightedCostsCumulated,2050.0,Variable O&M: $m,159575.6844026102
Mozambique,Mozambique_North,GenCostsPerMWh,2025.0,Fixed O&M: $m,2.7277486770614643
Mozambique,Mozambique_North,GenCostsPerMWh,2025.0,Variable Cost: $m,113.29714561416932
Mozambique,Mozambique_North,GenCostsPerMWh,2027.0,Fixed O&M: $m,2.66049387327362
Mozambique,Mozambique_North,GenCostsPerMWh,2027.0,Variable Cost: $m,117.571634363422
Mozambique,Mozambique_North,GenCostsPerMWh,2030.0,Fixed O&M: $m,7.0325389667589615
Mozambique,Mozambique_North,GenCostsPerMWh,2030.0,Investment costs: $m,15.836509271646737
Mozambique,Mozambique_North,GenCostsPerMWh,2030.0,Variable Cost: $m,58.331140728465336
Mozambique,Mozambique_North,GenCostsPerMWh,2032.0,Fixed O&M: $m,7.217015844270272
Mozambique,Mozambique_North,GenCostsPerMWh,2032.0,Investment costs: $m,16.455374896658956
Mozambique,Mozambique_North,GenCostsPerMWh,2032.0,Variable Cost: $m,57.55902254643054
Mozambique,Mozambique_North,GenCostsPerMWh,2035.0,Fixed O&M: $m,15.461182055720752
Mozambique,Mozambique_North,GenCostsPerMWh,2035.0,Investment costs: $m,44.34103814598662
Mozambique,Mozambique_North,GenCostsPerMWh,2035.0,Variable Cost: $m,3.350191004206652
Mozambique,Mozambique_North,GenCostsPerMWh,2038.0,Fixed O&M: $m,15.110059163392089
Mozambique,Mozambique_North,GenCostsPerMWh,2038.0,Investment costs: $m,42.336155990439295
Mozambique,Mozambique_North,GenCostsPerMWh,2038.0,Variable Cost: $m,0.2050051985185863
Mozambique,Mozambique_North,GenCostsPerMWh,2040.0,Fixed O&M: $m,14.61450158838688
Mozambique,Mozambique_North,GenCostsPerMWh,2040.0,Investment costs: $m,40.3523060583354
Mozambique,Mozambique_North,GenCostsPerMWh,2040.0,Variable Cost: $m,0.1947590860363575
Mozambique,Mozambique_North,GenCostsPerMWh,2042.0,Fixed O&M: $m,14.210363757962355
Mozambique,Mozambique_North,GenCostsPerMWh,2042.0,Investment costs: $m,38.66655230470105
Mozambique,Mozambique_North,GenCostsPerMWh,2042.0,Variable Cost: $m,0.2199222401577042
Mozambique,Mozambique_North,GenCostsPerMWh,2045.0,Fixed O&M: $m,13.752805011757896
Mozambique,Mozambique_North,GenCostsPerMWh,2045.0,Investment costs: $m,36.58490311341221
Mozambique,Mozambique_North,GenCostsPerMWh,2045.0,Variable Cost: $m,0.1513696484530883
Mozambique,Mozambique_North,GenCostsPerMWh,2048.0,Fixed O&M: $m,13.38349303214046
Mozambique,Mozambique_North,GenCostsPerMWh,2048.0,Investment costs: $m,34.80072913816009
Mozambique,Mozambique_North,GenCostsPerMWh,2048.0,Variable Cost: $m,0.1834424244888073
Mozambique,Mozambique_North,GenCostsPerMWh,2050.0,Fixed O&M: $m,13.185640914483203
Mozambique,Mozambique_North,GenCostsPerMWh,2050.0,Investment costs: $m,33.77988161877256
Mozambique,Mozambique_North,GenCostsPerMWh,2050.0,Variable Cost: $m,0.174204590084718
Mozambique,Mozambique_North,NetPresentCostPerMWh,,Carbon costs: $m,13.002673038856209
Mozambique,Mozambique_North,NetPresentCostPerMWh,,Excess generation: $m,0.0
Mozambique,Mozambique_North,NetPresentCostPerMWh,,Export revenues with external zones: $m,0.0
Mozambique,Mozambique_North,NetPresentCostPerMWh,,Export revenues with internal zones: $m,-6.875876247778599
Mozambique,Mozambique_North,NetPresentCostPerMWh,,Fixed O&M: $m,8.315014565415972
Mozambique,Mozambique_North,NetPresentCostPerMWh,,Fuel costs: $m,29.251468522941263
Mozambique,Mozambique_North,NetPresentCostPerMWh,,Generation costs: $m,0.0
Mozambique,Mozambique_North,NetPresentCostPerMWh,,Import costs with external zones: $m,0.0
Mozambique,Mozambique_North,NetPresentCostPerMWh,,Import costs with internal zones: $m,16.487141968940982
Mozambique,Mozambique_North,NetPresentCostPerMWh,,NPV of system cost: $m,0.0
Mozambique,Mozambique_North,NetPresentCostPerMWh,,Spinning reserve costs: $m,0.0
Mozambique,Mozambique_North,NetPresentCostPerMWh,,Startup costs: $m,0.0
Mozambique,Mozambique_North,NetPresentCostPerMWh,,Trade shared benefits: $m,-2.070462560560092
Mozambique,Mozambique_North,NetPresentCostPerMWh,,Transmission costs: $m,1.1727181596116
Mozambique,Mozambique_North,NetPresentCostPerMWh,,Unmet country CO2 backstop cost: $m,0.0
Mozambique,Mozambique_North,NetPresentCostPerMWh,,Unmet country planning reserve costs: $m,0.0
Mozambique,Mozambique_North,NetPresentCostPerMWh,,Unmet country spinning reserve costs: $m,0.0
Mozambique,Mozambique_North,NetPresentCostPerMWh,,Unmet demand costs: $m,179.07680348268966
Mozambique,Mozambique_North,NetPresentCostPerMWh,,Unmet system CO2 backstop cost: $m,0.0
Mozambique,Mozambique_North,NetPresentCostPerMWh,,Unmet system planning reserve costs: $m,0.0
Mozambique,Mozambique_North,NetPresentCostPerMWh,,Unmet system spinning reserve costs: $m,0.002043435312906
Mozambique,Mozambique_North,NetPresentCostPerMWh,,VRE curtailment: $m,0.0
Mozambique,Mozambique_North,NetPresentCostPerMWh,,Variable O&M: $m,1.618783124698211
Mozambique,Mozambique_South,Costs,2025.0,Carbon costs: $m,89.8285198388429
Mozambique,Mozambique_South,Costs,2025.0,Excess generation: $m,0.0
Mozambique,Mozambique_South,Costs,2025.0,Export revenues with external zones: $m,0.0
Mozambique,Mozambique_South,Costs,2025.0,Export revenues with internal zones: $m,0.0
Mozambique,Mozambique_South,Costs,2025.0,Fixed O&M: $m,10.42048
Mozambique,Mozambique_South,Costs,2025.0,Fuel costs: $m,180.65940195594104
Mozambique,Mozambique_South,Costs,2025.0,Generation costs: $m,0.0
Mozambique,Mozambique_South,Costs,2025.0,Import costs with external zones: $m,0.0
Mozambique,Mozambique_South,Costs,2025.0,Import costs with internal zones: $m,141.88509558719988
Mozambique,Mozambique_South,Costs,2025.0,NPV of system cost: $m,0.0
Mozambique,Mozambique_South,Costs,2025.0,Spinning reserve costs: $m,0.0
Mozambique,Mozambique_South,Costs,2025.0,Startup costs: $m,0.0
Mozambique,Mozambique_South,Costs,2025.0,Trade shared benefits: $m,-27.221642884800048
Mozambique,Mozambique_South,Costs,2025.0,Transmission costs: $m,0.0
Mozambique,Mozambique_South,Costs,2025.0,Unmet country CO2 backstop cost: $m,0.0
Mozambique,Mozambique_South,Costs,2025.0,Unmet country planning reserve costs: $m,0.0
Mozambique,Mozambique_South,Costs,2025.0,Unmet country spinning reserve costs: $m,0.0
Mozambique,Mozambique_South,Costs,2025.0,Unmet demand costs: $m,0.0
Mozambique,Mozambique_South,Costs,2025.0,Unmet system CO2 backstop cost: $m,0.0
Mozambique,Mozambique_South,Costs,2025.0,Unmet system planning reserve costs: $m,0.0
Mozambique,Mozambique_South,Costs,2025.0,Unmet system spinning reserve costs: $m,0.0
Mozambique,Mozambique_South,Costs,2025.0,VRE curtailment: $m,0.0
Mozambique,Mozambique_South,Costs,2025.0,Variable O&M: $m,11.708129984000005
Mozambique,Mozambique_South,Costs,2027.0,Carbon costs: $m,15.5714851834544
Mozambique,Mozambique_South,Costs,2027.0,Excess generation: $m,0.0
Mozambique,Mozambique_South,Costs,2027.0,Export revenues with external zones: $m,0.0
Mozambique,Mozambique_South,Costs,2027.0,Export revenues with internal zones: $m,0.0
Mozambique,Mozambique_South,Costs,2027.0,Fixed O&M: $m,10.42048
Mozambique,Mozambique_South,Costs,2027.0,Fuel costs: $m,30.937542934155665
Mozambique,Mozambique_South,Costs,2027.0,Generation costs: $m,0.0
Mozambique,Mozambique_South,Costs,2027.0,Import costs with external zones: $m,0.0
Mozambique,Mozambique_South,Costs,2027.0,Import costs with internal zones: $m,438.96792874708376
Mozambique,Mozambique_South,Costs,2027.0,NPV of system cost: $m,0.0
Mozambique,Mozambique_South,Costs,2027.0,Spinning reserve costs: $m,0.0
Mozambique,Mozambique_South,Costs,2027.0,Startup costs: $m,0.0
Mozambique,Mozambique_South,Costs,2027.0,Trade shared benefits: $m,2304.422567053904
Mozambique,Mozambique_South,Costs,2027.0,Transmission costs: $m,0.0
Mozambique,Mozambique_South,Costs,2027.0,Unmet country CO2 backstop cost: $m,0.0
Mozambique,Mozambique_South,Costs,2027.0,Unmet country planning reserve costs: $m,0.0
Mozambique,Mozambique_South,Costs,2027.0,Unmet country spinning reserve costs: $m,0.0
Mozambique,Mozambique_South,Costs,2027.0,Unmet demand costs: $m,0.0
Mozambique,Mozambique_South,Costs,2027.0,Unmet system CO2 backstop cost: $m,0.0
Mozambique,Mozambique_South,Costs,2027.0,Unmet system planning reserve costs: $m,0.0
Mozambique,Mozambique_South,Costs,2027.0,Unmet system spinning reserve costs: $m,0.0
Mozambique,Mozambique_South,Costs,2027.0,VRE curtailment: $m,0.0
Mozambique,Mozambique_South,Costs,2027.0,Variable O&M: $m,1.9451421284164028
Mozambique,Mozambique_South,Costs,2030.0,Carbon costs: $m,0.0
Mozambique,Mozambique_South,Costs,2030.0,Excess generation: $m,0.0
Mozambique,Mozambique_South,Costs,2030.0,Export revenues with external zones: $m,0.0
Mozambique,Mozambique_South,Costs,2030.0,Export revenues with internal zones: $m,-143.4619701700524
Mozambique,Mozambique_South,Costs,2030.0,Fixed O&M: $m,10.42048
Mozambique,Mozambique_South,Costs,2030.0,Fuel costs: $m,0.0
Mozambique,Mozambique_South,Costs,2030.0,Generation costs: $m,0.0
Mozambique,Mozambique_South,Costs,2030.0,Import costs with external zones: $m,0.0
Mozambique,Mozambique_South,Costs,2030.0,Import costs with internal zones: $m,504.7395531554754
Mozambique,Mozambique_South,Costs,2030.0,NPV of system cost: $m,0.0
Mozambique,Mozambique_South,Costs,2030.0,Spinning reserve costs: $m,0.0
Mozambique,Mozambique_South,Costs,2030.0,Startup costs: $m,0.0
Mozambique,Mozambique_South,Costs,2030.0,Trade shared benefits: $m,-112.79301350971062
Mozambique,Mozambique_South,Costs,2030.0,Transmission costs: $m,10.809933886784048
Mozambique,Mozambique_South,Costs,2030.0,Unmet country CO2 backstop cost: $m,0.0
Mozambique,Mozambique_South,Costs,2030.0,Unmet country planning reserve costs: $m,0.0
Mozambique,Mozambique_South,Costs,2030.0,Unmet country spinning reserve costs: $m,0.0
Mozambique,Mozambique_South,Costs,2030.0,Unmet demand costs: $m,0.0
Mozambique,Mozambique_South,Costs,2030.0,Unmet system CO2 backstop cost: $m,0.0
Mozambique,Mozambique_South,Costs,2030.0,Unmet system planning reserve costs: $m,0.0
Mozambique,Mozambique_South,Costs,2030.0,Unmet system spinning reserve costs: $m,0.0
Mozambique,Mozambique_South,Costs,2030.0,VRE curtailment: $m,0.0
Mozambique,Mozambique_South,Costs,2030.0,Variable O&M: $m,0.0
Mozambique,Mozambique_South,Costs,2032.0,Carbon costs: $m,0.0
Mozambique,Mozambique_South,Costs,2032.0,Excess generation: $m,0.0
Mozambique,Mozambique_South,Costs,2032.0,Export revenues with external zones: $m,0.0
Mozambique,Mozambique_South,Costs,2032.0,Export revenues with internal zones: $m,-43.65318840553166
Mozambique,Mozambique_South,Costs,2032.0,Fixed O&M: $m,10.42048
Mozambique,Mozambique_South,Costs,2032.0,Fuel costs: $m,0.0
Mozambique,Mozambique_South,Costs,2032.0,Generation costs: $m,0.0
Mozambique,Mozambique_South,Costs,2032.0,Import costs with external zones: $m,0.0
Mozambique,Mozambique_South,Costs,2032.0,Import costs with internal zones: $m,443.8628809386538
Mozambique,Mozambique_South,Costs,2032.0,NPV of system cost: $m,0.0
Mozambique,Mozambique_South,Costs,2032.0,Spinning reserve costs: $m,0.0
Mozambique,Mozambique_South,Costs,2032.0,Startup costs: $m,0.0
Mozambique,Mozambique_South,Costs,2032.0,Trade shared benefits: $m,-33.28111263412565
Mozambique,Mozambique_South,Costs,2032.0,Transmission costs: $m,10.809933886784048
Mozambique,Mozambique_South,Costs,2032.0,Unmet country CO2 backstop cost: $m,0.0
Mozambique,Mozambique_South,Costs,2032.0,Unmet country planning reserve costs: $m,0.0
Mozambique,Mozambique_South,Costs,2032.0,Unmet country spinning reserve costs: $m,0.0
Mozambique,Mozambique_South,Costs,2032.0,Unmet demand costs: $m,0.0
Mozambique,Mozambique_South,Costs,2032.0,Unmet system CO2 backstop cost: $m,0.0
Mozambique,Mozambique_South,Costs,2032.0,Unmet system planning reserve costs: $m,0.0
Mozambique,Mozambique_South,Costs,2032.0,Unmet system spinning reserve costs: $m,0.0
Mozambique,Mozambique_South,Costs,2032.0,VRE curtailment: $m,0.0
Mozambique,Mozambique_South,Costs,2032.0,Variable O&M: $m,0.0
Mozambique,Mozambique_South,Costs,2035.0,Carbon costs: $m,0.0
Mozambique,Mozambique_South,Costs,2035.0,Excess generation: $m,0.0
Mozambique,Mozambique_South,Costs,2035.0,Export revenues with external zones: $m,0.0
Mozambique,Mozambique_South,Costs,2035.0,Export revenues with internal zones: $m,-23.1723332765027
Mozambique,Mozambique_South,Costs,2035.0,Fixed O&M: $m,11.14048
Mozambique,Mozambique_South,Costs,2035.0,Fuel costs: $m,0.0
Mozambique,Mozambique_South,Costs,2035.0,Generation costs: $m,0.0
Mozambique,Mozambique_South,Costs,2035.0,Import costs with external zones: $m,0.0
Mozambique,Mozambique_South,Costs,2035.0,Import costs with internal zones: $m,439.1491292941588
Mozambique,Mozambique_South,Costs,2035.0,NPV of system cost: $m,0.0
Mozambique,Mozambique_South,Costs,2035.0,Spinning reserve costs: $m,0.0
Mozambique,Mozambique_South,Costs,2035.0,Startup costs: $m,0.0
Mozambique,Mozambique_South,Costs,2035.0,Trade shared benefits: $m,-63.99164815361382
Mozambique,Mozambique_South,Costs,2035.0,Transmission costs: $m,10.809933886784048
Mozambique,Mozambique_South,Costs,2035.0,Unmet country CO2 backstop cost: $m,0.0
Mozambique,Mozambique_South,Costs,2035.0,Unmet country planning reserve costs: $m,0.0
Mozambique,Mozambique_South,Costs,2035.0,Unmet country spinning reserve costs: $m,0.0
Mozambique,Mozambique_South,Costs,2035.0,Unmet demand costs: $m,0.0
Mozambique,Mozambique_South,Costs,2035.0,Unmet system CO2 backstop cost: $m,0.0
Mozambique,Mozambique_South,Costs,2035.0,Unmet system planning reserve costs: $m,0.0
Mozambique,Mozambique_South,Costs,2035.0,Unmet system spinning reserve costs: $m,0.0
Mozambique,Mozambique_South,Costs,2035.0,VRE curtailment: $m,0.0
Mozambique,Mozambique_South,Costs,2035.0,Variable O&M: $m,0.06303312
Mozambique,Mozambique_South,Costs,2038.0,Carbon costs: $m,0.0
Mozambique,Mozambique_South,Costs,2038.0,Excess generation: $m,0.0
Mozambique,Mozambique_South,Costs,2038.0,Export revenues with external zones: $m,0.0
Mozambique,Mozambique_South,Costs,2038.0,Export revenues with internal zones: $m,-7.231109622579138
Mozambique,Mozambique_South,Costs,2038.0,Fixed O&M: $m,11.14048
Mozambique,Mozambique_South,Costs,2038.0,Fuel costs: $m,0.0
Mozambique,Mozambique_South,Costs,2038.0,Generation costs: $m,0.0
Mozambique,Mozambique_South,Costs,2038.0,Import costs with external zones: $m,0.0
Mozambique,Mozambique_South,Costs,2038.0,Import costs with internal zones: $m,390.3379843603316
Mozambique,Mozambique_South,Costs,2038.0,NPV of system cost: $m,0.0
Mozambique,Mozambique_South,Costs,2038.0,Spinning reserve costs: $m,0.0
Mozambique,Mozambique_South,Costs,2038.0,Startup costs: $m,0.0
Mozambique,Mozambique_South,Costs,2038.0,Trade shared benefits: $m,-36.68094346510319
Mozambique,Mozambique_South,Costs,2038.0,Transmission costs: $m,10.809933886784048
Mozambique,Mozambique_South,Costs,2038.0,Unmet country CO2 backstop cost: $m,0.0
Mozambique,Mozambique_South,Costs,2038.0,Unmet country planning reserve costs: $m,0.0
Mozambique,Mozambique_South,Costs,2038.0,Unmet country spinning reserve costs: $m,0.0
Mozambique,Mozambique_South,Costs,2038.0,Unmet demand costs: $m,0.0
Mozambique,Mozambique_South,Costs,2038.0,Unmet system CO2 backstop cost: $m,0.0
Mozambique,Mozambique_South,Costs,2038.0,Unmet system planning reserve costs: $m,0.0
Mozambique,Mozambique_South,Costs,2038.0,Unmet system spinning reserve costs: $m,0.0039501288451119
Mozambique,Mozambique_South,Costs,2038.0,VRE curtailment: $m,0.0
Mozambique,Mozambique_South,Costs,2038.0,Variable O&M: $m,0.062955288
Mozambique,Mozambique_South,Costs,2040.0,Carbon costs: $m,0.0
Mozambique,Mozambique_South,Costs,2040.0,Excess generation: $m,0.0
Mozambique,Mozambique_South,Costs,2040.0,Export revenues with external zones: $m,0.0
Mozambique,Mozambique_South,Costs,2040.0,Export revenues with internal zones: $m,0.0
Mozambique,Mozambique_South,Costs,2040.0,Fixed O&M: $m,14.89048
Mozambique,Mozambique_South,Costs,2040.0,Fuel costs: $m,0.0
Mozambique,Mozambique_South,Costs,2040.0,Generation costs: $m,0.0
Mozambique,Mozambique_South,Costs,2040.0,Import costs with external zones: $m,0.0
Mozambique,Mozambique_South,Costs,2040.0,Import costs with internal zones: $m,312.7200548079717
Mozambique,Mozambique_South,Costs,2040.0,NPV of system cost: $m,0.0
Mozambique,Mozambique_South,Costs,2040.0,Spinning reserve costs: $m,0.0
Mozambique,Mozambique_South,Costs,2040.0,Startup costs: $m,0.0
Mozambique,Mozambique_South,Costs,2040.0,Trade shared benefits: $m,-35.322517287170385
Mozambique,Mozambique_South,Costs,2040.0,Transmission costs: $m,10.809933886784048
Mozambique,Mozambique_South,Costs,2040.0,Unmet country CO2 backstop cost: $m,0.0
Mozambique,Mozambique_South,Costs,2040.0,Unmet country planning reserve costs: $m,0.0
Mozambique,Mozambique_South,Costs,2040.0,Unmet country spinning reserve costs: $m,0.0
Mozambique,Mozambique_South,Costs,2040.0,Unmet demand costs: $m,0.0
Mozambique,Mozambique_South,Costs,2040.0,Unmet system CO2 backstop cost: $m,0.0
Mozambique,Mozambique_South,Costs,2040.0,Unmet system planning reserve costs: $m,0.0
Mozambique,Mozambique_South,Costs,2040.0,Unmet system spinning reserve costs: $m,0.0955692995766342
Mozambique,Mozambique_South,Costs,2040.0,VRE curtailment: $m,0.0
Mozambique,Mozambique_South,Costs,2040.0,Variable O&M: $m,0.3255154559999999
Mozambique,Mozambique_South,Costs,2042.0,Carbon costs: $m,0.0
Mozambique,Mozambique_South,Costs,2042.0,Excess generation: $m,0.0
Mozambique,Mozambique_South,Costs,2042.0,Export revenues with external zones: $m,0.0
Mozambique,Mozambique_South,Costs,2042.0,Export revenues with internal zones: $m,-2.9391851230806783
Mozambique,Mozambique_South,Costs,2042.0,Fixed O&M: $m,14.89048
Mozambique,Mozambique_South,Costs,2042.0,Fuel costs: $m,0.0
Mozambique,Mozambique_South,Costs,2042.0,Generation costs: $m,0.0
Mozambique,Mozambique_South,Costs,2042.0,Import costs with external zones: $m,0.0
Mozambique,Mozambique_South,Costs,2042.0,Import costs with internal zones: $m,351.55418754020667
Mozambique,Mozambique_South,Costs,2042.0,NPV of system cost: $m,0.0
Mozambique,Mozambique_South,Costs,2042.0,Spinning reserve costs: $m,0.0
Mozambique,Mozambique_South,Costs,2042.0,Startup costs: $m,0.0
Mozambique,Mozambique_South,Costs,2042.0,Trade shared benefits: $m,-30.760941853917064
Mozambique,Mozambique_South,Costs,2042.0,Transmission costs: $m,10.809933886784048
Mozambique,Mozambique_South,Costs,2042.0,Unmet country CO2 backstop cost: $m,0.0
Mozambique,Mozambique_South,Costs,2042.0,Unmet country planning reserve costs: $m,0.0
Mozambique,Mozambique_South,Costs,2042.0,Unmet country spinning reserve costs: $m,0.0
Mozambique,Mozambique_South,Costs,2042.0,Unmet demand costs: $m,0.0
Mozambique,Mozambique_South,Costs,2042.0,Unmet system CO2 backstop cost: $m,0.0
Mozambique,Mozambique_South,Costs,2042.0,Unmet system planning reserve costs: $m,0.0
Mozambique,Mozambique_South,Costs,2042.0,Unmet system spinning reserve costs: $m,0.1840193332992898
Mozambique,Mozambique_South,Costs,2042.0,VRE curtailment: $m,0.0
Mozambique,Mozambique_South,Costs,2042.0,Variable O&M: $m,0.3254349599999999
Mozambique,Mozambique_South,Costs,2045.0,Carbon costs: $m,0.0
Mozambique,Mozambique_South,Costs,2045.0,Excess generation: $m,0.0
Mozambique,Mozambique_South,Costs,2045.0,Export revenues with external zones: $m,0.0
Mozambique,Mozambique_South,Costs,2045.0,Export revenues with internal zones: $m,0.0
Mozambique,Mozambique_South,Costs,2045.0,Fixed O&M: $m,14.89048
Mozambique,Mozambique_South,Costs,2045.0,Fuel costs: $m,0.0
Mozambique,Mozambique_South,Costs,2045.0,Generation costs: $m,0.0
Mozambique,Mozambique_South,Costs,2045.0,Import costs with external zones: $m,0.0
Mozambique,Mozambique_South,Costs,2045.0,Import costs with internal zones: $m,498.34335749331495
Mozambique,Mozambique_South,Costs,2045.0,NPV of system cost: $m,0.0
Mozambique,Mozambique_South,Costs,2045.0,Spinning reserve costs: $m,0.0
Mozambique,Mozambique_South,Costs,2045.0,Startup costs: $m,0.0
Mozambique,Mozambique_South,Costs,2045.0,Trade shared benefits: $m,-52.11885601068541
Mozambique,Mozambique_South,Costs,2045.0,Transmission costs: $m,10.809933886784048
Mozambique,Mozambique_South,Costs,2045.0,Unmet country CO2 backstop cost: $m,0.0
Mozambique,Mozambique_South,Costs,2045.0,Unmet country planning reserve costs: $m,0.0
Mozambique,Mozambique_South,Costs,2045.0,Unmet country spinning reserve costs: $m,0.0
Mozambique,Mozambique_South,Costs,2045.0,Unmet demand costs: $m,0.0
Mozambique,Mozambique_South,Costs,2045.0,Unmet system CO2 backstop cost: $m,0.0
Mozambique,Mozambique_South,Costs,2045.0,Unmet system planning reserve costs: $m,0.0
Mozambique,Mozambique_South,Costs,2045.0,Unmet system spinning reserve costs: $m,0.0
Mozambique,Mozambique_South,Costs,2045.0,VRE curtailment: $m,0.0
Mozambique,Mozambique_South,Costs,2045.0,Variable O&M: $m,0.325646964
Mozambique,Mozambique_South,Costs,2048.0,Carbon costs: $m,0.0
Mozambique,Mozambique_South,Costs,2048.0,Excess generation: $m,0.0
Mozambique,Mozambique_South,Costs,2048.0,Export revenues with external zones: $m,0.0
Mozambique,Mozambique_South,Costs,2048.0,Export revenues with internal zones: $m,0.0
Mozambique,Mozambique_South,Costs,2048.0,Fixed O&M: $m,14.89048
Mozambique,Mozambique_South,Costs,2048.0,Fuel costs: $m,0.0
Mozambique,Mozambique_South,Costs,2048.0,Generation costs: $m,0.0
Mozambique,Mozambique_South,Costs,2048.0,Import costs with external zones: $m,0.0
Mozambique,Mozambique_South,Costs,2048.0,Import costs with internal zones: $m,598.4762610210972
Mozambique,Mozambique_South,Costs,2048.0,NPV of system cost: $m,0.0
Mozambique,Mozambique_South,Costs,2048.0,Spinning reserve costs: $m,0.0
Mozambique,Mozambique_South,Costs,2048.0,Startup costs: $m,0.0
Mozambique,Mozambique_South,Costs,2048.0,Trade shared benefits: $m,-64.46556490775558
Mozambique,Mozambique_South,Costs,2048.0,Transmission costs: $m,10.809933886784048
Mozambique,Mozambique_South,Costs,2048.0,Unmet country CO2 backstop cost: $m,0.0
Mozambique,Mozambique_South,Costs,2048.0,Unmet country planning reserve costs: $m,0.0
Mozambique,Mozambique_South,Costs,2048.0,Unmet country spinning reserve costs: $m,0.0
Mozambique,Mozambique_South,Costs,2048.0,Unmet demand costs: $m,0.0
Mozambique,Mozambique_South,Costs,2048.0,Unmet system CO2 backstop cost: $m,0.0
Mozambique,Mozambique_South,Costs,2048.0,Unmet system planning reserve costs: $m,0.0
Mozambique,Mozambique_South,Costs,2048.0,Unmet system spinning reserve costs: $m,0.0
Mozambique,Mozambique_South,Costs,2048.0,VRE curtailment: $m,0.0
Mozambique,Mozambique_South,Costs,2048.0,Variable O&M: $m,0.325646964
Mozambique,Mozambique_South,Costs,2050.0,Carbon costs: $m,0.0
Mozambique,Mozambique_South,Costs,2050.0,Excess generation: $m,0.0
Mozambique,Mozambique_South,Costs,2050.0,Export revenues with external zones: $m,0.0
Mozambique,Mozambique_South,Costs,2050.0,Export revenues with internal zones: $m,0.0
Mozambique,Mozambique_South,Costs,2050.0,Fixed O&M: $m,14.89048
Mozambique,Mozambique_South,Costs,2050.0,Fuel costs: $m,0.0
Mozambique,Mozambique_South,Costs,2050.0,Generation costs: $m,0.0
Mozambique,Mozambique_South,Costs,2050.0,Import costs with external zones: $m,0.0
Mozambique,Mozambique_South,Costs,2050.0,Import costs with internal zones: $m,633.7907739364241
Mozambique,Mozambique_South,Costs,2050.0,NPV of system cost: $m,0.0
Mozambique,Mozambique_South,Costs,2050.0,Spinning reserve costs: $m,0.0
Mozambique,Mozambique_South,Costs,2050.0,Startup costs: $m,0.0
Mozambique,Mozambique_South,Costs,2050.0,Trade shared benefits: $m,-64.82502792673485
Mozambique,Mozambique_South,Costs,2050.0,Transmission costs: $m,10.809933886784048
Mozambique,Mozambique_South,Costs,2050.0,Unmet country CO2 backstop cost: $m,0.0
Mozambique,Mozambique_South,Costs,2050.0,Unmet country planning reserve costs: $m,0.0
Mozambique,Mozambique_South,Costs,2050.0,Unmet country spinning reserve costs: $m,0.0
Mozambique,Mozambique_South,Costs,2050.0,Unmet demand costs: $m,0.0
Mozambique,Mozambique_South,Costs,2050.0,Unmet system CO2 backstop cost: $m,0.0
Mozambique,Mozambique_South,Costs,2050.0,Unmet system planning reserve costs: $m,0.0
Mozambique,Mozambique_South,Costs,2050.0,Unmet system spinning reserve costs: $m,0.0
Mozambique,Mozambique_South,Costs,2050.0,VRE curtailment: $m,0.0
Mozambique,Mozambique_South,Costs,2050.0,Variable O&M: $m,0.3256511399999999
Mozambique,Mozambique_South,DiscountedWeightedCostsCumulated,2025.0,Carbon costs: $m,159665.51292244904
Mozambique,Mozambique_South,DiscountedWeightedCostsCumulated,2025.0,Excess generation: $m,159693.8247136917
Mozambique,Mozambique_South,DiscountedWeightedCostsCumulated,2025.0,Export revenues with external zones: $m,159693.8247136917
Mozambique,Mozambique_South,DiscountedWeightedCostsCumulated,2025.0,Export revenues with internal zones: $m,159693.8247136917
Mozambique,Mozambique_South,DiscountedWeightedCostsCumulated,2025.0,Fixed O&M: $m,159307.20601531278
Mozambique,Mozambique_South,DiscountedWeightedCostsCumulated,2025.0,Fuel costs: $m,159597.76790259546
Mozambique,Mozambique_South,DiscountedWeightedCostsCumulated,2025.0,Generation costs: $m,159654.01798065755
Mozambique,Mozambique_South,DiscountedWeightedCostsCumulated,2025.0,Import costs with external zones: $m,159654.01798065755
Mozambique,Mozambique_South,DiscountedWeightedCostsCumulated,2025.0,Import costs with internal zones: $m,159795.90307624475
Mozambique,Mozambique_South,DiscountedWeightedCostsCumulated,2025.0,NPV of system cost: $m,164091.27980450893
Mozambique,Mozambique_South,DiscountedWeightedCostsCumulated,2025.0,Spinning reserve costs: $m,164091.27980450893
Mozambique,Mozambique_South,DiscountedWeightedCostsCumulated,2025.0,Startup costs: $m,164091.27980450893
Mozambique,Mozambique_South,DiscountedWeightedCostsCumulated,2025.0,Trade shared benefits: $m,164064.05816162413
Mozambique,Mozambique_South,DiscountedWeightedCostsCumulated,2025.0,Transmission costs: $m,167754.89657406646
Mozambique,Mozambique_South,DiscountedWeightedCostsCumulated,2025.0,Unmet country CO2 backstop cost: $m,167837.92663507996
Mozambique,Mozambique_South,DiscountedWeightedCostsCumulated,2025.0,Unmet country planning reserve costs: $m,167837.92663507996
Mozambique,Mozambique_South,DiscountedWeightedCostsCumulated,2025.0,Unmet country spinning reserve costs: $m,167837.92663507996
Mozambique,Mozambique_South,DiscountedWeightedCostsCumulated,2025.0,Unmet demand costs: $m,167837.92663507996
Mozambique,Mozambique_South,DiscountedWeightedCostsCumulated,2025.0,Unmet system CO2 backstop cost: $m,167837.92663507996
Mozambique,Mozambique_South,DiscountedWeightedCostsCumulated,2025.0,Unmet system planning reserve costs: $m,167837.92663507996
Mozambique,Mozambique_South,DiscountedWeightedCostsCumulated,2025.0,Unmet system spinning reserve costs: $m,167837.92663507996
Mozambique,Mozambique_South,DiscountedWeightedCostsCumulated,2025.0,VRE curtailment: $m,167838.0610239796
Mozambique,Mozambique_South,DiscountedWeightedCostsCumulated,2025.0,Variable O&M: $m,167849.7691539636
Mozambique,Mozambique_South,DiscountedWeightedCostsCumulated,2027.0,Carbon costs: $m,159693.8247136917
Mozambique,Mozambique_South,DiscountedWeightedCostsCumulated,2027.0,Excess generation: $m,159693.8247136917
Mozambique,Mozambique_South,DiscountedWeightedCostsCumulated,2027.0,Export revenues with external zones: $m,159693.8247136917
Mozambique,Mozambique_South,DiscountedWeightedCostsCumulated,2027.0,Export revenues with internal zones: $m,159693.8247136917
Mozambique,Mozambique_South,DiscountedWeightedCostsCumulated,2027.0,Fixed O&M: $m,159326.1523425855
Mozambique,Mozambique_South,DiscountedWeightedCostsCumulated,2027.0,Fuel costs: $m,159654.01798065755
Mozambique,Mozambique_South,DiscountedWeightedCostsCumulated,2027.0,Generation costs: $m,159654.01798065755
Mozambique,Mozambique_South,DiscountedWeightedCostsCumulated,2027.0,Import costs with external zones: $m,159654.01798065755
Mozambique,Mozambique_South,DiscountedWeightedCostsCumulated,2027.0,Import costs with internal zones: $m,160594.02658305762
Mozambique,Mozambique_South,DiscountedWeightedCostsCumulated,2027.0,NPV of system cost: $m,164091.27980450893
Mozambique,Mozambique_South,DiscountedWeightedCostsCumulated,2027.0,Spinning reserve costs: $m,164091.27980450893
Mozambique,Mozambique_South,DiscountedWeightedCostsCumulated,2027.0,Startup costs: $m,164091.27980450893
Mozambique,Mozambique_South,DiscountedWeightedCostsCumulated,2027.0,Trade shared benefits: $m,168253.9173744494
Mozambique,Mozambique_South,DiscountedWeightedCostsCumulated,2027.0,Transmission costs: $m,167754.89657406646
Mozambique,Mozambique_South,DiscountedWeightedCostsCumulated,2027.0,Unmet country CO2 backstop cost: $m,167837.92663507996
Mozambique,Mozambique_South,DiscountedWeightedCostsCumulated,2027.0,Unmet country planning reserve costs: $m,167837.92663507996
Mozambique,Mozambique_South,DiscountedWeightedCostsCumulated,2027.0,Unmet country spinning reserve costs: $m,167837.92663507996
Mozambique,Mozambique_South,DiscountedWeightedCostsCumulated,2027.0,Unmet demand costs: $m,167837.92663507996
Mozambique,Mozambique_South,DiscountedWeightedCostsCumulated,2027.0,Unmet system CO2 backstop cost: $m,167837.92663507996
Mozambique,Mozambique_South,DiscountedWeightedCostsCumulated,2027.0,Unmet system planning reserve costs: $m,167837.92663507996
Mozambique,Mozambique_South,DiscountedWeightedCostsCumulated,2027.0,Unmet system spinning reserve costs: $m,167837.92663507996
Mozambique,Mozambique_South,DiscountedWeightedCostsCumulated,2027.0,VRE curtailment: $m,167838.0610239796
Mozambique,Mozambique_South,DiscountedWeightedCostsCumulated,2027.0,Variable O&M: $m,167853.30577601527
Mozambique,Mozambique_South,DiscountedWeightedCostsCumulated,2030.0,Carbon costs: $m,159693.8247136917
Mozambique,Mozambique_South,DiscountedWeightedCostsCumulated,2030.0,Excess generation: $m,159693.8247136917
Mozambique,Mozambique_South,DiscountedWeightedCostsCumulated,2030.0,Export revenues with external zones: $m,159693.8247136917
Mozambique,Mozambique_South,DiscountedWeightedCostsCumulated,2030.0,Export revenues with internal zones: $m,159385.51752765875
Mozambique,Mozambique_South,DiscountedWeightedCostsCumulated,2030.0,Fixed O&M: $m,159348.54649249229
Mozambique,Mozambique_South,DiscountedWeightedCostsCumulated,2030.0,Fuel costs: $m,159654.01798065755
Mozambique,Mozambique_South,DiscountedWeightedCostsCumulated,2030.0,Generation costs: $m,159654.01798065755
Mozambique,Mozambique_South,DiscountedWeightedCostsCumulated,2030.0,Import costs with external zones: $m,159654.01798065755
Mozambique,Mozambique_South,DiscountedWeightedCostsCumulated,2030.0,Import costs with internal zones: $m,161678.73796077276
Mozambique,Mozambique_South,DiscountedWeightedCostsCumulated,2030.0,NPV of system cost: $m,164091.27980450893
Mozambique,Mozambique_South,DiscountedWeightedCostsCumulated,2030.0,Spinning reserve costs: $m,164091.27980450893
Mozambique,Mozambique_South,DiscountedWeightedCostsCumulated,2030.0,Startup costs: $m,164091.27980450893
Mozambique,Mozambique_South,DiscountedWeightedCostsCumulated,2030.0,Trade shared benefits: $m,168011.51936082856
Mozambique,Mozambique_South,DiscountedWeightedCostsCumulated,2030.0,Transmission costs: $m,167778.12768049756
Mozambique,Mozambique_South,DiscountedWeightedCostsCumulated,2030.0,Unmet country CO2 backstop cost: $m,167837.92663507996
Mozambique,Mozambique_South,DiscountedWeightedCostsCumulated,2030.0,Unmet country planning reserve costs: $m,167837.92663507996
Mozambique,Mozambique_South,DiscountedWeightedCostsCumulated,2030.0,Unmet country spinning reserve costs: $m,167837.92663507996
Mozambique,Mozambique_South,DiscountedWeightedCostsCumulated,2030.0,Unmet demand costs: $m,167837.92663507996
Mozambique,Mozambique_South,DiscountedWeightedCostsCumulated,2030.0,Unmet system CO2 backstop cost: $m,167837.92663507996
Mozambique,Mozambique_South,DiscountedWeightedCostsCumulated,2030.0,Unmet system planning reserve costs: $m,167837.92663507996
Mozambique,Mozambique_South,DiscountedWeightedCostsCumulated,2030.0,Unmet system spinning reserve costs: $m,167837.92663507996
Mozambique,Mozambique_South,DiscountedWeightedCostsCumulated,2030.0,VRE curtailment: $m,167838.0610239796
Mozambique,Mozambique_South,DiscountedWeightedCostsCumulated,2030.0,Variable O&M: $m,167853.30577601527
Mozambique,Mozambique_South,DiscountedWeightedCostsCumulated,2032.0,Carbon costs: $m,159693.8247136917
Mozambique,Mozambique_South,DiscountedWeightedCostsCumulated,2032.0,Excess generation: $m,159693.8247136917
Mozambique,Mozambique_South,DiscountedWeightedCostsCumulated,2032.0,Export revenues with external zones: $m,159693.8247136917
Mozambique,Mozambique_South,DiscountedWeightedCostsCumulated,2032.0,Export revenues with internal zones: $m,159336.23535402145
Mozambique,Mozambique_South,DiscountedWeightedCostsCumulated,2032.0,Fixed O&M: $m,159360.31067108957
Mozambique,Mozambique_South,DiscountedWeightedCostsCumulated,2032.0,Fuel costs: $m,159654.01798065755
Mozambique,Mozambique_South,DiscountedWeightedCostsCumulated,2032.0,Generation costs: $m,159654.01798065755
Mozambique,Mozambique_South,DiscountedWeightedCostsCumulated,2032.0,Import costs with external zones: $m,159654.01798065755
Mozambique,Mozambique_South,DiscountedWeightedCostsCumulated,2032.0,Import costs with internal zones: $m,162179.83601038964
Mozambique,Mozambique_South,DiscountedWeightedCostsCumulated,2032.0,NPV of system cost: $m,164091.27980450893
Mozambique,Mozambique_South,DiscountedWeightedCostsCumulated,2032.0,Spinning reserve costs: $m,164091.27980450893
Mozambique,Mozambique_South,DiscountedWeightedCostsCumulated,2032.0,Startup costs: $m,164091.27980450893
Mozambique,Mozambique_South,DiscountedWeightedCostsCumulated,2032.0,Trade shared benefits: $m,167973.94671993828
Mozambique,Mozambique_South,DiscountedWeightedCostsCumulated,2032.0,Transmission costs: $m,167790.33153222696
Mozambique,Mozambique_South,DiscountedWeightedCostsCumulated,2032.0,Unmet country CO2 backstop cost: $m,167837.92663507996
Mozambique,Mozambique_South,DiscountedWeightedCostsCumulated,2032.0,Unmet country planning reserve costs: $m,167837.92663507996
Mozambique,Mozambique_South,DiscountedWeightedCostsCumulated,2032.0,Unmet country spinning reserve costs: $m,167837.92663507996
Mozambique,Mozambique_South,DiscountedWeightedCostsCumulated,2032.0,Unmet demand costs: $m,167837.92663507996
Mozambique,Mozambique_South,DiscountedWeightedCostsCumulated,2032.0,Unmet system CO2 backstop cost: $m,167837.92663507996
Mozambique,Mozambique_South,DiscountedWeightedCostsCumulated,2032.0,Unmet system planning reserve costs: $m,167837.92663507996
Mozambique,Mozambique_South,DiscountedWeightedCostsCumulated,2032.0,Unmet system spinning reserve costs: $m,167837.92663507996
Mozambique,Mozambique_South,DiscountedWeightedCostsCumulated,2032.0,VRE curtailment: $m,167838.0610239796
Mozambique,Mozambique_South,DiscountedWeightedCostsCumulated,2032.0,Variable O&M: $m,167853.30577601527
Mozambique,Mozambique_South,DiscountedWeightedCostsCumulated,2035.0,Carbon costs: $m,159693.8247136917
Mozambique,Mozambique_South,DiscountedWeightedCostsCumulated,2035.0,Excess generation: $m,159693.8247136917
Mozambique,Mozambique_South,DiscountedWeightedCostsCumulated,2035.0,Export revenues with external zones: $m,159693.8247136917
Mozambique,Mozambique_South,DiscountedWeightedCostsCumulated,2035.0,Export revenues with internal zones: $m,159305.31437778534
Mozambique,Mozambique_South,DiscountedWeightedCostsCumulated,2035.0,Fixed O&M: $m,159375.1764385213
Mozambique,Mozambique_South,DiscountedWeightedCostsCumulated,2035.0,Fuel costs: $m,159654.01798065755
Mozambique,Mozambique_South,DiscountedWeightedCostsCumulated,2035.0,Generation costs: $m,159654.01798065755
Mozambique,Mozambique_South,DiscountedWeightedCostsCumulated,2035.0,Import costs with external zones: $m,159654.01798065755
Mozambique,Mozambique_South,DiscountedWeightedCostsCumulated,2035.0,Import costs with internal zones: $m,162765.83309704415
Mozambique,Mozambique_South,DiscountedWeightedCostsCumulated,2035.0,NPV of system cost: $m,164091.27980450893
Mozambique,Mozambique_South,DiscountedWeightedCostsCumulated,2035.0,Spinning reserve costs: $m,164091.27980450893
Mozambique,Mozambique_South,DiscountedWeightedCostsCumulated,2035.0,Startup costs: $m,164091.27980450893
Mozambique,Mozambique_South,DiscountedWeightedCostsCumulated,2035.0,Trade shared benefits: $m,167888.556776325
Mozambique,Mozambique_South,DiscountedWeightedCostsCumulated,2035.0,Transmission costs: $m,167804.7562215683
Mozambique,Mozambique_South,DiscountedWeightedCostsCumulated,2035.0,Unmet country CO2 backstop cost: $m,167837.92663507996
Mozambique,Mozambique_South,DiscountedWeightedCostsCumulated,2035.0,Unmet country planning reserve costs: $m,167837.92663507996
Mozambique,Mozambique_South,DiscountedWeightedCostsCumulated,2035.0,Unmet country spinning reserve costs: $m,167837.92663507996
Mozambique,Mozambique_South,DiscountedWeightedCostsCumulated,2035.0,Unmet demand costs: $m,167837.92663507996
Mozambique,Mozambique_South,DiscountedWeightedCostsCumulated,2035.0,Unmet system CO2 backstop cost: $m,167837.92663507996
Mozambique,Mozambique_South,DiscountedWeightedCostsCumulated,2035.0,Unmet system planning reserve costs: $m,167837.92663507996
Mozambique,Mozambique_South,DiscountedWeightedCostsCumulated,2035.0,Unmet system spinning reserve costs: $m,167837.92663507996
Mozambique,Mozambique_South,DiscountedWeightedCostsCumulated,2035.0,VRE curtailment: $m,167838.0610239796
Mozambique,Mozambique_South,DiscountedWeightedCostsCumulated,2035.0,Variable O&M: $m,167853.38988690657
Mozambique,Mozambique_South,DiscountedWeightedCostsCumulated,2038.0,Carbon costs: $m,159693.8247136917
Mozambique,Mozambique_South,DiscountedWeightedCostsCumulated,2038.0,Excess generation: $m,159693.8247136917
Mozambique,Mozambique_South,DiscountedWeightedCostsCumulated,2038.0,Export revenues with external zones: $m,159693.8247136917
Mozambique,Mozambique_South,DiscountedWeightedCostsCumulated,2038.0,Export revenues with internal zones: $m,159298.0648399493
Mozambique,Mozambique_South,DiscountedWeightedCostsCumulated,2038.0,Fixed O&M: $m,159386.34530961953
Mozambique,Mozambique_South,DiscountedWeightedCostsCumulated,2038.0,Fuel costs: $m,159654.01798065755
Mozambique,Mozambique_South,DiscountedWeightedCostsCumulated,2038.0,Generation costs: $m,159654.01798065755
Mozambique,Mozambique_South,DiscountedWeightedCostsCumulated,2038.0,Import costs with external zones: $m,159654.01798065755
Mozambique,Mozambique_South,DiscountedWeightedCostsCumulated,2038.0,Import costs with internal zones: $m,163157.1658432148
Mozambique,Mozambique_South,DiscountedWeightedCostsCumulated,2038.0,NPV of system cost: $m,164091.27980450893
Mozambique,Mozambique_South,DiscountedWeightedCostsCumulated,2038.0,Spinning reserve costs: $m,164091.27980450893
Mozambique,Mozambique_South,DiscountedWeightedCostsCumulated,2038.0,Startup costs: $m,164091.27980450893
Mozambique,Mozambique_South,DiscountedWeightedCostsCumulated,2038.0,Trade shared benefits: $m,167851.78235284213
Mozambique,Mozambique_South,DiscountedWeightedCostsCumulated,2038.0,Transmission costs: $m,167815.59370416886
Mozambique,Mozambique_South,DiscountedWeightedCostsCumulated,2038.0,Unmet country CO2 backstop cost: $m,167837.92663507996
Mozambique,Mozambique_South,DiscountedWeightedCostsCumulated,2038.0,Unmet country planning reserve costs: $m,167837.92663507996
Mozambique,Mozambique_South,DiscountedWeightedCostsCumulated,2038.0,Unmet country spinning reserve costs: $m,167837.92663507996
Mozambique,Mozambique_South,DiscountedWeightedCostsCumulated,2038.0,Unmet demand costs: $m,167837.92663507996
Mozambique,Mozambique_South,DiscountedWeightedCostsCumulated,2038.0,Unmet system CO2 backstop cost: $m,167837.92663507996
Mozambique,Mozambique_South,DiscountedWeightedCostsCumulated,2038.0,Unmet system planning reserve costs: $m,167837.92663507996
Mozambique,Mozambique_South,DiscountedWeightedCostsCumulated,2038.0,Unmet system spinning reserve costs: $m,167837.93059527557
Mozambique,Mozambique_South,DiscountedWeightedCostsCumulated,2038.0,VRE curtailment: $m,167838.0610239796
Mozambique,Mozambique_South,DiscountedWeightedCostsCumulated,2038.0,Variable O&M: $m,167853.4530026338
Mozambique,Mozambique_South,DiscountedWeightedCostsCumulated,2040.0,Carbon costs: $m,159693.8247136917
Mozambique,Mozambique_South,DiscountedWeightedCostsCumulated,2040.0,Excess generation: $m,159693.8247136917
Mozambique,Mozambique_South,DiscountedWeightedCostsCumulated,2040.0,Export revenues with external zones: $m,159693.8247136917
Mozambique,Mozambique_South,DiscountedWeightedCostsCumulated,2040.0,Export revenues with internal zones: $m,159298.0648399493
Mozambique,Mozambique_South,DiscountedWeightedCostsCumulated,2040.0,Fixed O&M: $m,159394.18756717077
Mozambique,Mozambique_South,DiscountedWeightedCostsCumulated,2040.0,Fuel costs: $m,159654.01798065755
Mozambique,Mozambique_South,DiscountedWeightedCostsCumulated,2040.0,Generation costs: $m,159654.01798065755
Mozambique,Mozambique_South,DiscountedWeightedCostsCumulated,2040.0,Import costs with external zones: $m,159654.01798065755
Mozambique,Mozambique_South,DiscountedWeightedCostsCumulated,2040.0,Import costs with internal zones: $m,163321.86377177332
Mozambique,Mozambique_South,DiscountedWeightedCostsCumulated,2040.0,NPV of system cost: $m,164091.27980450893
Mozambique,Mozambique_South,DiscountedWeightedCostsCumulated,2040.0,Spinning reserve costs: $m,164091.27980450893
Mozambique,Mozambique_South,DiscountedWeightedCostsCumulated,2040.0,Startup costs: $m,164091.27980450893
Mozambique,Mozambique_South,DiscountedWeightedCostsCumulated,2040.0,Trade shared benefits: $m,167833.17930727717
Mozambique,Mozambique_South,DiscountedWeightedCostsCumulated,2040.0,Transmission costs: $m,167821.2868910676
Mozambique,Mozambique_South,DiscountedWeightedCostsCumulated,2040.0,Unmet country CO2 backstop cost: $m,167837.92663507996
Mozambique,Mozambique_South,DiscountedWeightedCostsCumulated,2040.0,Unmet country planning reserve costs: $m,167837.92663507996
Mozambique,Mozambique_South,DiscountedWeightedCostsCumulated,2040.0,Unmet country spinning reserve costs: $m,167837.92663507996
Mozambique,Mozambique_South,DiscountedWeightedCostsCumulated,2040.0,Unmet demand costs: $m,167837.92663507996
Mozambique,Mozambique_South,DiscountedWeightedCostsCumulated,2040.0,Unmet system CO2 backstop cost: $m,167837.92663507996
Mozambique,Mozambique_South,DiscountedWeightedCostsCumulated,2040.0,Unmet system planning reserve costs: $m,167837.92663507996
Mozambique,Mozambique_South,DiscountedWeightedCostsCumulated,2040.0,Unmet system spinning reserve costs: $m,167837.98092804264
Mozambique,Mozambique_South,DiscountedWeightedCostsCumulated,2040.0,VRE curtailment: $m,167838.0610239796
Mozambique,Mozambique_South,DiscountedWeightedCostsCumulated,2040.0,Variable O&M: $m,167853.62443942044
Mozambique,Mozambique_South,DiscountedWeightedCostsCumulated,2042.0,Carbon costs: $m,159693.8247136917
Mozambique,Mozambique_South,DiscountedWeightedCostsCumulated,2042.0,Excess generation: $m,159693.8247136917
Mozambique,Mozambique_South,DiscountedWeightedCostsCumulated,2042.0,Export revenues with external zones: $m,159693.8247136917
Mozambique,Mozambique_South,DiscountedWeightedCostsCumulated,2042.0,Export revenues with internal zones: $m,159296.78553531278
Mozambique,Mozambique_South,DiscountedWeightedCostsCumulated,2042.0,Fixed O&M: $m,159400.66877175856
Mozambique,Mozambique_South,DiscountedWeightedCostsCumulated,2042.0,Fuel costs: $m,159654.01798065755
Mozambique,Mozambique_South,DiscountedWeightedCostsCumulated,2042.0,Generation costs: $m,159654.01798065755
Mozambique,Mozambique_South,DiscountedWeightedCostsCumulated,2042.0,Import costs with external zones: $m,159654.01798065755
Mozambique,Mozambique_South,DiscountedWeightedCostsCumulated,2042.0,Import costs with internal zones: $m,163474.8806398089
Mozambique,Mozambique_South,DiscountedWeightedCostsCumulated,2042.0,NPV of system cost: $m,164091.27980450893
Mozambique,Mozambique_South,DiscountedWeightedCostsCumulated,2042.0,Spinning reserve costs: $m,164091.27980450893
Mozambique,Mozambique_South,DiscountedWeightedCostsCumulated,2042.0,Startup costs: $m,164091.27980450893
Mozambique,Mozambique_South,DiscountedWeightedCostsCumulated,2042.0,Trade shared benefits: $m,167819.79035289364
Mozambique,Mozambique_South,DiscountedWeightedCostsCumulated,2042.0,Transmission costs: $m,167825.99200420707
Mozambique,Mozambique_South,DiscountedWeightedCostsCumulated,2042.0,Unmet country CO2 backstop cost: $m,167837.92663507996
Mozambique,Mozambique_South,DiscountedWeightedCostsCumulated,2042.0,Unmet country planning reserve costs: $m,167837.92663507996
Mozambique,Mozambique_South,DiscountedWeightedCostsCumulated,2042.0,Unmet country spinning reserve costs: $m,167837.92663507996
Mozambique,Mozambique_South,DiscountedWeightedCostsCumulated,2042.0,Unmet demand costs: $m,167837.92663507996
Mozambique,Mozambique_South,DiscountedWeightedCostsCumulated,2042.0,Unmet system CO2 backstop cost: $m,167837.92663507996
Mozambique,Mozambique_South,DiscountedWeightedCostsCumulated,2042.0,Unmet system planning reserve costs: $m,167837.92663507996
Mozambique,Mozambique_South,DiscountedWeightedCostsCumulated,2042.0,Unmet system spinning reserve costs: $m,167838.0610239796
Mozambique,Mozambique_South,DiscountedWeightedCostsCumulated,2042.0,VRE curtailment: $m,167838.0610239796
Mozambique,Mozambique_South,DiscountedWeightedCostsCumulated,2042.0,Variable O&M: $m,167853.76608767864
Mozambique,Mozambique_South,DiscountedWeightedCostsCumulated,2045.0,Carbon costs: $m,159693.8247136917
Mozambique,Mozambique_South,DiscountedWeightedCostsCumulated,2045.0,Excess generation: $m,159693.8247136917
Mozambique,Mozambique_South,DiscountedWeightedCostsCumulated,2045.0,Export revenues with external zones: $m,159693.8247136917
Mozambique,Mozambique_South,DiscountedWeightedCostsCumulated,2045.0,Export revenues with internal zones: $m,159296.78553531278
Mozambique,Mozambique_South,DiscountedWeightedCostsCumulated,2045.0,Fixed O&M: $m,159408.32941569373
Mozambique,Mozambique_South,DiscountedWeightedCostsCumulated,2045.0,Fuel costs: $m,159654.01798065755
Mozambique,Mozambique_South,DiscountedWeightedCostsCumulated,2045.0,Generation costs: $m,159654.01798065755
Mozambique,Mozambique_South,DiscountedWeightedCostsCumulated,2045.0,Import costs with external zones: $m,159654.01798065755
Mozambique,Mozambique_South,DiscountedWeightedCostsCumulated,2045.0,Import costs with internal zones: $m,163731.2612950477
Mozambique,Mozambique_South,DiscountedWeightedCostsCumulated,2045.0,NPV of system cost: $m,164091.27980450893
Mozambique,Mozambique_South,DiscountedWeightedCostsCumulated,2045.0,Spinning reserve costs: $m,164091.27980450893
Mozambique,Mozambique_South,DiscountedWeightedCostsCumulated,2045.0,Startup costs: $m,164091.27980450893
Mozambique,Mozambique_South,DiscountedWeightedCostsCumulated,2045.0,Trade shared benefits: $m,167792.97697963726
Mozambique,Mozambique_South,DiscountedWeightedCostsCumulated,2045.0,Transmission costs: $m,167831.55334638472
Mozambique,Mozambique_South,DiscountedWeightedCostsCumulated,2045.0,Unmet country CO2 backstop cost: $m,167837.92663507996
Mozambique,Mozambique_South,DiscountedWeightedCostsCumulated,2045.0,Unmet country planning reserve costs: $m,167837.92663507996
Mozambique,Mozambique_South,DiscountedWeightedCostsCumulated,2045.0,Unmet country spinning reserve costs: $m,167837.92663507996
Mozambique,Mozambique_South,DiscountedWeightedCostsCumulated,2045.0,Unmet demand costs: $m,167837.92663507996
Mozambique,Mozambique_South,DiscountedWeightedCostsCumulated,2045.0,Unmet system CO2 backstop cost: $m,167837.92663507996
Mozambique,Mozambique_South,DiscountedWeightedCostsCumulated,2045.0,Unmet system planning reserve costs: $m,167837.92663507996
Mozambique,Mozambique_South,DiscountedWeightedCostsCumulated,2045.0,Unmet system spinning reserve costs: $m,167838.0610239796
Mozambique,Mozambique_South,DiscountedWeightedCostsCumulated,2045.0,VRE curtailment: $m,167838.0610239796
Mozambique,Mozambique_South,DiscountedWeightedCostsCumulated,2045.0,Variable O&M: $m,167853.93362193138
Mozambique,Mozambique_South,DiscountedWeightedCostsCumulated,2048.0,Carbon costs: $m,159693.8247136917
Mozambique,Mozambique_South,DiscountedWeightedCostsCumulated,2048.0,Excess generation: $m,159693.8247136917
Mozambique,Mozambique_South,DiscountedWeightedCostsCumulated,2048.0,Export revenues with external zones: $m,159693.8247136917
Mozambique,Mozambique_South,DiscountedWeightedCostsCumulated,2048.0,Export revenues with internal zones: $m,159296.78553531278
Mozambique,Mozambique_South,DiscountedWeightedCostsCumulated,2048.0,Fixed O&M: $m,159414.08497086668
Mozambique,Mozambique_South,DiscountedWeightedCostsCumulated,2048.0,Fuel costs: $m,159654.01798065755
Mozambique,Mozambique_South,DiscountedWeightedCostsCumulated,2048.0,Generation costs: $m,159654.01798065755
Mozambique,Mozambique_South,DiscountedWeightedCostsCumulated,2048.0,Import costs with external zones: $m,159654.01798065755
Mozambique,Mozambique_South,DiscountedWeightedCostsCumulated,2048.0,Import costs with internal zones: $m,163962.587829854
Mozambique,Mozambique_South,DiscountedWeightedCostsCumulated,2048.0,NPV of system cost: $m,164091.27980450893
Mozambique,Mozambique_South,DiscountedWeightedCostsCumulated,2048.0,Spinning reserve costs: $m,164091.27980450893
Mozambique,Mozambique_South,DiscountedWeightedCostsCumulated,2048.0,Startup costs: $m,164091.27980450893
Mozambique,Mozambique_South,DiscountedWeightedCostsCumulated,2048.0,Trade shared benefits: $m,167768.05937351703
Mozambique,Mozambique_South,DiscountedWeightedCostsCumulated,2048.0,Transmission costs: $m,167835.73166507567
Mozambique,Mozambique_South,DiscountedWeightedCostsCumulated,2048.0,Unmet country CO2 backstop cost: $m,167837.92663507996
Mozambique,Mozambique_South,DiscountedWeightedCostsCumulated,2048.0,Unmet country planning reserve costs: $m,167837.92663507996
Mozambique,Mozambique_South,DiscountedWeightedCostsCumulated,2048.0,Unmet country spinning reserve costs: $m,167837.92663507996
Mozambique,Mozambique_South,DiscountedWeightedCostsCumulated,2048.0,Unmet demand costs: $m,167837.92663507996
Mozambique,Mozambique_South,DiscountedWeightedCostsCumulated,2048.0,Unmet system CO2 backstop cost: $m,167837.92663507996
Mozambique,Mozambique_South,DiscountedWeightedCostsCumulated,2048.0,Unmet system planning reserve costs: $m,167837.92663507996
Mozambique,Mozambique_South,DiscountedWeightedCostsCumulated,2048.0,Unmet system spinning reserve costs: $m,167838.0610239796
Mozambique,Mozambique_South,DiscountedWeightedCostsCumulated,2048.0,VRE curtailment: $m,167838.0610239796
Mozambique,Mozambique_South,DiscountedWeightedCostsCumulated,2048.0,Variable O&M: $m,167854.05949289512
Mozambique,Mozambique_South,DiscountedWeightedCostsCumulated,2050.0,Carbon costs: $m,159693.8247136917
Mozambique,Mozambique_South,DiscountedWeightedCostsCumulated,2050.0,Excess generation: $m,159693.8247136917
Mozambique,Mozambique_South,DiscountedWeightedCostsCumulated,2050.0,Export revenues with external zones: $m,159693.8247136917
Mozambique,Mozambique_South,DiscountedWeightedCostsCumulated,2050.0,Export revenues with internal zones: $m,159296.78553531278
Mozambique,Mozambique_South,DiscountedWeightedCostsCumulated,2050.0,Fixed O&M: $m,159417.10850063953
Mozambique,Mozambique_South,DiscountedWeightedCostsCumulated,2050.0,Fuel costs: $m,159654.01798065755
Mozambique,Mozambique_South,DiscountedWeightedCostsCumulated,2050.0,Generation costs: $m,159654.01798065755
Mozambique,Mozambique_South,DiscountedWeightedCostsCumulated,2050.0,Import costs with external zones: $m,159654.01798065755
Mozambique,Mozambique_South,DiscountedWeightedCostsCumulated,2050.0,Import costs with internal zones: $m,164091.27980450893
Mozambique,Mozambique_South,DiscountedWeightedCostsCumulated,2050.0,NPV of system cost: $m,164091.27980450893
Mozambique,Mozambique_South,DiscountedWeightedCostsCumulated,2050.0,Spinning reserve costs: $m,164091.27980450893
Mozambique,Mozambique_South,DiscountedWeightedCostsCumulated,2050.0,Startup costs: $m,164091.27980450893
Mozambique,Mozambique_South,DiscountedWeightedCostsCumulated,2050.0,Trade shared benefits: $m,167754.89657406646
Mozambique,Mozambique_South,DiscountedWeightedCostsCumulated,2050.0,Transmission costs: $m,167837.92663507996
Mozambique,Mozambique_South,DiscountedWeightedCostsCumulated,2050.0,Unmet country CO2 backstop cost: $m,167837.92663507996
Mozambique,Mozambique_South,DiscountedWeightedCostsCumulated,2050.0,Unmet country planning reserve costs: $m,167837.92663507996
Mozambique,Mozambique_South,DiscountedWeightedCostsCumulated,2050.0,Unmet country spinning reserve costs: $m,167837.92663507996
Mozambique,Mozambique_South,DiscountedWeightedCostsCumulated,2050.0,Unmet demand costs: $m,167837.92663507996
Mozambique,Mozambique_South,DiscountedWeightedCostsCumulated,2050.0,Unmet system CO2 backstop cost: $m,167837.92663507996
Mozambique,Mozambique_South,DiscountedWeightedCostsCumulated,2050.0,Unmet system planning reserve costs: $m,167837.92663507996
Mozambique,Mozambique_South,DiscountedWeightedCostsCumulated,2050.0,Unmet system spinning reserve costs: $m,167838.0610239796
Mozambique,Mozambique_South,DiscountedWeightedCostsCumulated,2050.0,VRE curtailment: $m,167838.0610239796
Mozambique,Mozambique_South,DiscountedWeightedCostsCumulated,2050.0,Variable O&M: $m,167854.12561674858
Mozambique,Mozambique_South,GenCostsPerMWh,2025.0,Fixed O&M: $m,3.560083468236288
Mozambique,Mozambique_South,GenCostsPerMWh,2025.0,Variable Cost: $m,65.72100999999991
Mozambique,Mozambique_South,GenCostsPerMWh,2027.0,Fixed O&M: $m,21.42872718197434
Mozambique,Mozambique_South,GenCostsPerMWh,2027.0,Variable Cost: $m,67.620118
Mozambique,Mozambique_South,GenCostsPerMWh,2035.0,Fixed O&M: $m,88.37005053851024
Mozambique,Mozambique_South,GenCostsPerMWh,2035.0,Investment costs: $m,25.36438013256241
Mozambique,Mozambique_South,GenCostsPerMWh,2035.0,Variable Cost: $m,0.5
Mozambique,Mozambique_South,GenCostsPerMWh,2038.0,Fixed O&M: $m,88.47930296180967
Mozambique,Mozambique_South,GenCostsPerMWh,2038.0,Investment costs: $m,25.39573826779129
Mozambique,Mozambique_South,GenCostsPerMWh,2038.0,Variable Cost: $m,0.4999999999999999
Mozambique,Mozambique_South,GenCostsPerMWh,2040.0,Fixed O&M: $m,22.872155108972752
Mozambique,Mozambique_South,GenCostsPerMWh,2040.0,Investment costs: $m,29.030960838269262
Mozambique,Mozambique_South,GenCostsPerMWh,2040.0,Variable Cost: $m,0.4999999999999999
Mozambique,Mozambique_South,GenCostsPerMWh,2042.0,Fixed O&M: $m,22.877812512828967
Mozambique,Mozambique_South,GenCostsPerMWh,2042.0,Investment costs: $m,29.03814161633821
Mozambique,Mozambique_South,GenCostsPerMWh,2042.0,Variable Cost: $m,0.4999999999999999
Mozambique,Mozambique_South,GenCostsPerMWh,2045.0,Fixed O&M: $m,22.86291850704923
Mozambique,Mozambique_South,GenCostsPerMWh,2045.0,Investment costs: $m,29.019237088257825
Mozambique,Mozambique_South,GenCostsPerMWh,2045.0,Variable Cost: $m,0.4999999999999999
Mozambique,Mozambique_South,GenCostsPerMWh,2048.0,Fixed O&M: $m,22.86291850704923
Mozambique,Mozambique_South,GenCostsPerMWh,2048.0,Investment costs: $m,29.019237088257825
Mozambique,Mozambique_South,GenCostsPerMWh,2048.0,Variable Cost: $m,0.4999999999999999
Mozambique,Mozambique_South,GenCostsPerMWh,2050.0,Fixed O&M: $m,22.86262532352871
Mozambique,Mozambique_South,GenCostsPerMWh,2050.0,Investment costs: $m,29.018864958947663
Mozambique,Mozambique_South,GenCostsPerMWh,2050.0,Variable Cost: $m,0.4999999999999998
Mozambique,Mozambique_South,NetPresentCostPerMWh,,Carbon costs: $m,1.7963692256057036
Mozambique,Mozambique_South,NetPresentCostPerMWh,,Excess generation: $m,0.0
Mozambique,Mozambique_South,NetPresentCostPerMWh,,Export revenues with external zones: $m,0.0
Mozambique,Mozambique_South,NetPresentCostPerMWh,,Export revenues with internal zones: $m,-6.037134614515461
Mozambique,Mozambique_South,NetPresentCostPerMWh,,Fixed O&M: $m,1.82955732948407
Mozambique,Mozambique_South,NetPresentCostPerMWh,,Fuel costs: $m,3.6023004786665824
Mozambique,Mozambique_South,NetPresentCostPerMWh,,Generation costs: $m,0.0
Mozambique,Mozambique_South,NetPresentCostPerMWh,,Import costs with external zones: $m,0.0
Mozambique,Mozambique_South,NetPresentCostPerMWh,,Import costs with internal zones: $m,67.47028608062152
Mozambique,Mozambique_South,NetPresentCostPerMWh,,NPV of system cost: $m,0.0
Mozambique,Mozambique_South,NetPresentCostPerMWh,,Spinning reserve costs: $m,0.0
Mozambique,Mozambique_South,NetPresentCostPerMWh,,Startup costs: $m,0.0
Mozambique,Mozambique_South,NetPresentCostPerMWh,,Trade shared benefits: $m,55.70671313626941
Mozambique,Mozambique_South,NetPresentCostPerMWh,,Transmission costs: $m,1.2625042632727372
Mozambique,Mozambique_South,NetPresentCostPerMWh,,Unmet country CO2 backstop cost: $m,0.0
Mozambique,Mozambique_South,NetPresentCostPerMWh,,Unmet country planning reserve costs: $m,0.0
Mozambique,Mozambique_South,NetPresentCostPerMWh,,Unmet country spinning reserve costs: $m,0.0
Mozambique,Mozambique_South,NetPresentCostPerMWh,,Unmet demand costs: $m,0.0
Mozambique,Mozambique_South,NetPresentCostPerMWh,,Unmet system CO2 backstop cost: $m,0.0
Mozambique,Mozambique_South,NetPresentCostPerMWh,,Unmet system planning reserve costs: $m,0.0
Mozambique,Mozambique_South,NetPresentCostPerMWh,,Unmet system spinning reserve costs: $m,0.0020434353127716
Mozambique,Mozambique_South,NetPresentCostPerMWh,,VRE curtailment: $m,0.0
Mozambique,Mozambique_South,NetPresentCostPerMWh,,Variable O&M: $m,0.2442683602903469
Namibia,Namibia,Costs,2025.0,Carbon costs: $m,27.88185556224
Namibia,Namibia,Costs,2025.0,Excess generation: $m,0.0
Namibia,Namibia,Costs,2025.0,Export revenues with external zones: $m,0.0
Namibia,Namibia,Costs,2025.0,Export revenues with internal zones: $m,-2221.0679787500253
Namibia,Namibia,Costs,2025.0,Fixed O&M: $m,20.70405
Namibia,Namibia,Costs,2025.0,Fuel costs: $m,72.61279319268003
Namibia,Namibia,Costs,2025.0,Generation costs: $m,0.0
Namibia,Namibia,Costs,2025.0,Import costs with external zones: $m,0.0
Namibia,Namibia,Costs,2025.0,Import costs with internal zones: $m,7665.0
Namibia,Namibia,Costs,2025.0,NPV of system cost: $m,0.0
Namibia,Namibia,Costs,2025.0,Spinning reserve costs: $m,0.0
Namibia,Namibia,Costs,2025.0,Startup costs: $m,0.0
Namibia,Namibia,Costs,2025.0,Trade shared benefits: $m,-2695.225763563144
Namibia,Namibia,Costs,2025.0,Transmission costs: $m,0.0
Namibia,Namibia,Costs,2025.0,Unmet country CO2 backstop cost: $m,0.0
Namibia,Namibia,Costs,2025.0,Unmet country planning reserve costs: $m,0.0
Namibia,Namibia,Costs,2025.0,Unmet country spinning reserve costs: $m,0.0
Namibia,Namibia,Costs,2025.0,Unmet demand costs: $m,107.46925625001673
Namibia,Namibia,Costs,2025.0,Unmet system CO2 backstop cost: $m,0.0
Namibia,Namibia,Costs,2025.0,Unmet system planning reserve costs: $m,0.0
Namibia,Namibia,Costs,2025.0,Unmet system spinning reserve costs: $m,0.0
Namibia,Namibia,Costs,2025.0,VRE curtailment: $m,0.0
Namibia,Namibia,Costs,2025.0,Variable O&M: $m,4.269295512
Namibia,Namibia,Costs,2027.0,Carbon costs: $m,0.0
Namibia,Namibia,Costs,2027.0,Excess generation: $m,0.0
Namibia,Namibia,Costs,2027.0,Export revenues with external zones: $m,0.0
Namibia,Namibia,Costs,2027.0,Export revenues with internal zones: $m,-67.67155815403291
Namibia,Namibia,Costs,2027.0,Fixed O&M: $m,29.02426432014183
Namibia,Namibia,Costs,2027.0,Fuel costs: $m,6.110060200662137
Namibia,Namibia,Costs,2027.0,Generation costs: $m,0.0
Namibia,Namibia,Costs,2027.0,Import costs with external zones: $m,0.0
Namibia,Namibia,Costs,2027.0,Import costs with internal zones: $m,200.5669324001637
Namibia,Namibia,Costs,2027.0,NPV of system cost: $m,0.0
Namibia,Namibia,Costs,2027.0,Spinning reserve costs: $m,0.0
Namibia,Namibia,Costs,2027.0,Startup costs: $m,0.0
Namibia,Namibia,Costs,2027.0,Trade shared benefits: $m,-48.35503523701981
Namibia,Namibia,Costs,2027.0,Transmission costs: $m,0.0
Namibia,Namibia,Costs,2027.0,Unmet country CO2 backstop cost: $m,0.0
Namibia,Namibia,Costs,2027.0,Unmet country planning reserve costs: $m,0.0
Namibia,Namibia,Costs,2027.0,Unmet country spinning reserve costs: $m,0.0
Namibia,Namibia,Costs,2027.0,Unmet demand costs: $m,0.0
Namibia,Namibia,Costs,2027.0,Unmet system CO2 backstop cost: $m,0.0
Namibia,Namibia,Costs,2027.0,Unmet system planning reserve costs: $m,0.0
Namibia,Namibia,Costs,2027.0,Unmet system spinning reserve costs: $m,0.0
Namibia,Namibia,Costs,2027.0,VRE curtailment: $m,0.0
Namibia,Namibia,Costs,2027.0,Variable O&M: $m,1.2288952173553098
Namibia,Namibia,Costs,2030.0,Carbon costs: $m,0.0
Namibia,Namibia,Costs,2030.0,Excess generation: $m,0.0
Namibia,Namibia,Costs,2030.0,Export revenues with external zones: $m,0.0
Namibia,Namibia,Costs,2030.0,Export revenues with internal zones: $m,-299.69798245000186
Namibia,Namibia,Costs,2030.0,Fixed O&M: $m,31.2543
Namibia,Namibia,Costs,2030.0,Fuel costs: $m,12.569562815999996
Namibia,Namibia,Costs,2030.0,Generation costs: $m,0.0
Namibia,Namibia,Costs,2030.0,Import costs with external zones: $m,0.0
Namibia,Namibia,Costs,2030.0,Import costs with internal zones: $m,424.45655642572734
Namibia,Namibia,Costs,2030.0,NPV of system cost: $m,0.0
Namibia,Namibia,Costs,2030.0,Spinning reserve costs: $m,0.0
Namibia,Namibia,Costs,2030.0,Startup costs: $m,0.0
Namibia,Namibia,Costs,2030.0,Trade shared benefits: $m,-32.773303947534494
Namibia,Namibia,Costs,2030.0,Transmission costs: $m,7.374777118317118
Namibia,Namibia,Costs,2030.0,Unmet country CO2 backstop cost: $m,0.0
Namibia,Namibia,Costs,2030.0,Unmet country planning reserve costs: $m,0.0
Namibia,Namibia,Costs,2030.0,Unmet country spinning reserve costs: $m,0.0
Namibia,Namibia,Costs,2030.0,Unmet demand costs: $m,0.0
Namibia,Namibia,Costs,2030.0,Unmet system CO2 backstop cost: $m,0.0
Namibia,Namibia,Costs,2030.0,Unmet system planning reserve costs: $m,0.0
Namibia,Namibia,Costs,2030.0,Unmet system spinning reserve costs: $m,0.0
Namibia,Namibia,Costs,2030.0,VRE curtailment: $m,0.0
Namibia,Namibia,Costs,2030.0,Variable O&M: $m,1.6528587120000002
Namibia,Namibia,Costs,2032.0,Carbon costs: $m,0.0
Namibia,Namibia,Costs,2032.0,Excess generation: $m,0.0
Namibia,Namibia,Costs,2032.0,Export revenues with external zones: $m,0.0
Namibia,Namibia,Costs,2032.0,Export revenues with internal zones: $m,-314.39702615336927
Namibia,Namibia,Costs,2032.0,Fixed O&M: $m,33.5643
Namibia,Namibia,Costs,2032.0,Fuel costs: $m,13.198040956799996
Namibia,Namibia,Costs,2032.0,Generation costs: $m,0.0
Namibia,Namibia,Costs,2032.0,Import costs with external zones: $m,0.0
Namibia,Namibia,Costs,2032.0,Import costs with internal zones: $m,429.6179344653111
Namibia,Namibia,Costs,2032.0,NPV of system cost: $m,0.0
Namibia,Namibia,Costs,2032.0,Spinning reserve costs: $m,0.0
Namibia,Namibia,Costs,2032.0,Startup costs: $m,0.0
Namibia,Namibia,Costs,2032.0,Trade shared benefits: $m,-32.8380569742073
Namibia,Namibia,Costs,2032.0,Transmission costs: $m,7.374777118317118
Namibia,Namibia,Costs,2032.0,Unmet country CO2 backstop cost: $m,0.0
Namibia,Namibia,Costs,2032.0,Unmet country planning reserve costs: $m,0.0
Namibia,Namibia,Costs,2032.0,Unmet country spinning reserve costs: $m,0.0
Namibia,Namibia,Costs,2032.0,Unmet demand costs: $m,0.0
Namibia,Namibia,Costs,2032.0,Unmet system CO2 backstop cost: $m,0.0
Namibia,Namibia,Costs,2032.0,Unmet system planning reserve costs: $m,0.0
Namibia,Namibia,Costs,2032.0,Unmet system spinning reserve costs: $m,0.0
Namibia,Namibia,Costs,2032.0,VRE curtailment: $m,0.0
Namibia,Namibia,Costs,2032.0,Variable O&M: $m,1.652858712
Namibia,Namibia,Costs,2035.0,Carbon costs: $m,0.0
Namibia,Namibia,Costs,2035.0,Excess generation: $m,0.0
Namibia,Namibia,Costs,2035.0,Export revenues with external zones: $m,0.0
Namibia,Namibia,Costs,2035.0,Export revenues with internal zones: $m,-244.90454341449188
Namibia,Namibia,Costs,2035.0,Fixed O&M: $m,35.4543
Namibia,Namibia,Costs,2035.0,Fuel costs: $m,11.323352214251893
Namibia,Namibia,Costs,2035.0,Generation costs: $m,0.0
Namibia,Namibia,Costs,2035.0,Import costs with external zones: $m,0.0
Namibia,Namibia,Costs,2035.0,Import costs with internal zones: $m,338.06588586671023
Namibia,Namibia,Costs,2035.0,NPV of system cost: $m,0.0
Namibia,Namibia,Costs,2035.0,Spinning reserve costs: $m,0.0
Namibia,Namibia,Costs,2035.0,Startup costs: $m,0.0
Namibia,Namibia,Costs,2035.0,Trade shared benefits: $m,-23.646896900687608
Namibia,Namibia,Costs,2035.0,Transmission costs: $m,7.374777118317118
Namibia,Namibia,Costs,2035.0,Unmet country CO2 backstop cost: $m,0.0
Namibia,Namibia,Costs,2035.0,Unmet country planning reserve costs: $m,0.0
Namibia,Namibia,Costs,2035.0,Unmet country spinning reserve costs: $m,0.0
Namibia,Namibia,Costs,2035.0,Unmet demand costs: $m,0.0
Namibia,Namibia,Costs,2035.0,Unmet system CO2 backstop cost: $m,0.0
Namibia,Namibia,Costs,2035.0,Unmet system planning reserve costs: $m,0.0
Namibia,Namibia,Costs,2035.0,Unmet system spinning reserve costs: $m,0.0
Namibia,Namibia,Costs,2035.0,VRE curtailment: $m,0.0
Namibia,Namibia,Costs,2035.0,Variable O&M: $m,1.4748337052864415
Namibia,Namibia,Costs,2038.0,Carbon costs: $m,0.0
Namibia,Namibia,Costs,2038.0,Excess generation: $m,0.0
Namibia,Namibia,Costs,2038.0,Export revenues with external zones: $m,0.0
Namibia,Namibia,Costs,2038.0,Export revenues with internal zones: $m,-184.29317544801205
Namibia,Namibia,Costs,2038.0,Fixed O&M: $m,37.3443
Namibia,Namibia,Costs,2038.0,Fuel costs: $m,5.5565367936
Namibia,Namibia,Costs,2038.0,Generation costs: $m,0.0
Namibia,Namibia,Costs,2038.0,Import costs with external zones: $m,0.0
Namibia,Namibia,Costs,2038.0,Import costs with internal zones: $m,262.6589389057611
Namibia,Namibia,Costs,2038.0,NPV of system cost: $m,0.0
Namibia,Namibia,Costs,2038.0,Spinning reserve costs: $m,0.0
Namibia,Namibia,Costs,2038.0,Startup costs: $m,0.0
Namibia,Namibia,Costs,2038.0,Trade shared benefits: $m,-43.7279811208218
Namibia,Namibia,Costs,2038.0,Transmission costs: $m,7.374777118317118
Namibia,Namibia,Costs,2038.0,Unmet country CO2 backstop cost: $m,0.0
Namibia,Namibia,Costs,2038.0,Unmet country planning reserve costs: $m,0.0
Namibia,Namibia,Costs,2038.0,Unmet country spinning reserve costs: $m,0.0
Namibia,Namibia,Costs,2038.0,Unmet demand costs: $m,0.0
Namibia,Namibia,Costs,2038.0,Unmet system CO2 backstop cost: $m,0.0
Namibia,Namibia,Costs,2038.0,Unmet system planning reserve costs: $m,0.0
Namibia,Namibia,Costs,2038.0,Unmet system spinning reserve costs: $m,0.0027958847779978
Namibia,Namibia,Costs,2038.0,VRE curtailment: $m,0.0
Namibia,Namibia,Costs,2038.0,Variable O&M: $m,1.0884987120000011
Namibia,Namibia,Costs,2040.0,Carbon costs: $m,0.0
Namibia,Namibia,Costs,2040.0,Excess generation: $m,0.0
Namibia,Namibia,Costs,2040.0,Export revenues with external zones: $m,0.0
Namibia,Namibia,Costs,2040.0,Export revenues with internal zones: $m,-209.091923398614
Namibia,Namibia,Costs,2040.0,Fixed O&M: $m,39.5493
Namibia,Namibia,Costs,2040.0,Fuel costs: $m,2.28314984
Namibia,Namibia,Costs,2040.0,Generation costs: $m,0.0
Namibia,Namibia,Costs,2040.0,Import costs with external zones: $m,0.0
Namibia,Namibia,Costs,2040.0,Import costs with internal zones: $m,276.0773394716634
Namibia,Namibia,Costs,2040.0,NPV of system cost: $m,0.0
Namibia,Namibia,Costs,2040.0,Spinning reserve costs: $m,0.0
Namibia,Namibia,Costs,2040.0,Startup costs: $m,0.0
Namibia,Namibia,Costs,2040.0,Trade shared benefits: $m,-83.87616714910384
Namibia,Namibia,Costs,2040.0,Transmission costs: $m,7.374777118317118
Namibia,Namibia,Costs,2040.0,Unmet country CO2 backstop cost: $m,0.0
Namibia,Namibia,Costs,2040.0,Unmet country planning reserve costs: $m,0.0
Namibia,Namibia,Costs,2040.0,Unmet country spinning reserve costs: $m,0.0
Namibia,Namibia,Costs,2040.0,Unmet demand costs: $m,0.0
Namibia,Namibia,Costs,2040.0,Unmet system CO2 backstop cost: $m,0.0
Namibia,Namibia,Costs,2040.0,Unmet system planning reserve costs: $m,0.0
Namibia,Namibia,Costs,2040.0,Unmet system spinning reserve costs: $m,0.0641062233251183
Namibia,Namibia,Costs,2040.0,VRE curtailment: $m,0.0
Namibia,Namibia,Costs,2040.0,Variable O&M: $m,0.8891787119999999
Namibia,Namibia,Costs,2042.0,Carbon costs: $m,0.0
Namibia,Namibia,Costs,2042.0,Excess generation: $m,0.0
Namibia,Namibia,Costs,2042.0,Export revenues with external zones: $m,0.0
Namibia,Namibia,Costs,2042.0,Export revenues with internal zones: $m,-216.18725069113577
Namibia,Namibia,Costs,2042.0,Fixed O&M: $m,41.7543
Namibia,Namibia,Costs,2042.0,Fuel costs: $m,1.8719296544
Namibia,Namibia,Costs,2042.0,Generation costs: $m,0.0
Namibia,Namibia,Costs,2042.0,Import costs with external zones: $m,0.0
Namibia,Namibia,Costs,2042.0,Import costs with internal zones: $m,280.2654207896707
Namibia,Namibia,Costs,2042.0,NPV of system cost: $m,0.0
Namibia,Namibia,Costs,2042.0,Spinning reserve costs: $m,0.0
Namibia,Namibia,Costs,2042.0,Startup costs: $m,0.0
Namibia,Namibia,Costs,2042.0,Trade shared benefits: $m,-124.45845684191204
Namibia,Namibia,Costs,2042.0,Transmission costs: $m,7.374777118317118
Namibia,Namibia,Costs,2042.0,Unmet country CO2 backstop cost: $m,0.0
Namibia,Namibia,Costs,2042.0,Unmet country planning reserve costs: $m,0.0
Namibia,Namibia,Costs,2042.0,Unmet country spinning reserve costs: $m,0.0
Namibia,Namibia,Costs,2042.0,Unmet demand costs: $m,0.0
Namibia,Namibia,Costs,2042.0,Unmet system CO2 backstop cost: $m,0.0
Namibia,Namibia,Costs,2042.0,Unmet system planning reserve costs: $m,0.0
Namibia,Namibia,Costs,2042.0,Unmet system spinning reserve costs: $m,0.1169819947698654
Namibia,Namibia,Costs,2042.0,VRE curtailment: $m,0.0
Namibia,Namibia,Costs,2042.0,Variable O&M: $m,0.861698712
Namibia,Namibia,Costs,2045.0,Carbon costs: $m,0.0
Namibia,Namibia,Costs,2045.0,Excess generation: $m,0.0
Namibia,Namibia,Costs,2045.0,Export revenues with external zones: $m,0.0
Namibia,Namibia,Costs,2045.0,Export revenues with internal zones: $m,-235.3547759202337
Namibia,Namibia,Costs,2045.0,Fixed O&M: $m,45.5238
Namibia,Namibia,Costs,2045.0,Fuel costs: $m,2.658138812360244
Namibia,Namibia,Costs,2045.0,Generation costs: $m,0.0
Namibia,Namibia,Costs,2045.0,Import costs with external zones: $m,0.0
Namibia,Namibia,Costs,2045.0,Import costs with internal zones: $m,295.4400088648583
Namibia,Namibia,Costs,2045.0,NPV of system cost: $m,0.0
Namibia,Namibia,Costs,2045.0,Spinning reserve costs: $m,0.0
Namibia,Namibia,Costs,2045.0,Startup costs: $m,0.0
Namibia,Namibia,Costs,2045.0,Trade shared benefits: $m,-112.24488515525276
Namibia,Namibia,Costs,2045.0,Transmission costs: $m,7.374777118317118
Namibia,Namibia,Costs,2045.0,Unmet country CO2 backstop cost: $m,0.0
Namibia,Namibia,Costs,2045.0,Unmet country planning reserve costs: $m,0.0
Namibia,Namibia,Costs,2045.0,Unmet country spinning reserve costs: $m,0.0
Namibia,Namibia,Costs,2045.0,Unmet demand costs: $m,0.0
Namibia,Namibia,Costs,2045.0,Unmet system CO2 backstop cost: $m,0.0
Namibia,Namibia,Costs,2045.0,Unmet system planning reserve costs: $m,0.0
Namibia,Namibia,Costs,2045.0,Unmet system spinning reserve costs: $m,0.0
Namibia,Namibia,Costs,2045.0,VRE curtailment: $m,0.0
Namibia,Namibia,Costs,2045.0,Variable O&M: $m,0.8967615976795861
Namibia,Namibia,Costs,2048.0,Carbon costs: $m,0.0
Namibia,Namibia,Costs,2048.0,Excess generation: $m,0.0
Namibia,Namibia,Costs,2048.0,Export revenues with external zones: $m,0.0
Namibia,Namibia,Costs,2048.0,Export revenues with internal zones: $m,-224.7156094498056
Namibia,Namibia,Costs,2048.0,Fixed O&M: $m,51.69465
Namibia,Namibia,Costs,2048.0,Fuel costs: $m,3.43454525848
Namibia,Namibia,Costs,2048.0,Generation costs: $m,0.0
Namibia,Namibia,Costs,2048.0,Import costs with external zones: $m,0.0
Namibia,Namibia,Costs,2048.0,Import costs with internal zones: $m,279.7979299271818
Namibia,Namibia,Costs,2048.0,NPV of system cost: $m,0.0
Namibia,Namibia,Costs,2048.0,Spinning reserve costs: $m,0.0
Namibia,Namibia,Costs,2048.0,Startup costs: $m,0.0
Namibia,Namibia,Costs,2048.0,Trade shared benefits: $m,-116.59278505911983
Namibia,Namibia,Costs,2048.0,Transmission costs: $m,7.475773464592534
Namibia,Namibia,Costs,2048.0,Unmet country CO2 backstop cost: $m,0.0
Namibia,Namibia,Costs,2048.0,Unmet country planning reserve costs: $m,0.0
Namibia,Namibia,Costs,2048.0,Unmet country spinning reserve costs: $m,0.0
Namibia,Namibia,Costs,2048.0,Unmet demand costs: $m,0.0
Namibia,Namibia,Costs,2048.0,Unmet system CO2 backstop cost: $m,0.0
Namibia,Namibia,Costs,2048.0,Unmet system planning reserve costs: $m,0.0
Namibia,Namibia,Costs,2048.0,Unmet system spinning reserve costs: $m,0.0
Namibia,Namibia,Costs,2048.0,VRE curtailment: $m,0.0
Namibia,Namibia,Costs,2048.0,Variable O&M: $m,0.927716712
Namibia,Namibia,Costs,2050.0,Carbon costs: $m,0.0
Namibia,Namibia,Costs,2050.0,Excess generation: $m,0.0
Namibia,Namibia,Costs,2050.0,Export revenues with external zones: $m,0.0
Namibia,Namibia,Costs,2050.0,Export revenues with internal zones: $m,-212.74851798510807
Namibia,Namibia,Costs,2050.0,Fixed O&M: $m,58.83038
Namibia,Namibia,Costs,2050.0,Fuel costs: $m,2.749908384
Namibia,Namibia,Costs,2050.0,Generation costs: $m,0.0
Namibia,Namibia,Costs,2050.0,Import costs with external zones: $m,0.0
Namibia,Namibia,Costs,2050.0,Import costs with internal zones: $m,257.3576252939441
Namibia,Namibia,Costs,2050.0,NPV of system cost: $m,0.0
Namibia,Namibia,Costs,2050.0,Spinning reserve costs: $m,0.0
Namibia,Namibia,Costs,2050.0,Startup costs: $m,0.0
Namibia,Namibia,Costs,2050.0,Trade shared benefits: $m,-120.91498781567871
Namibia,Namibia,Costs,2050.0,Transmission costs: $m,8.024727139765801
Namibia,Namibia,Costs,2050.0,Unmet country CO2 backstop cost: $m,0.0
Namibia,Namibia,Costs,2050.0,Unmet country planning reserve costs: $m,0.0
Namibia,Namibia,Costs,2050.0,Unmet country spinning reserve costs: $m,0.0
Namibia,Namibia,Costs,2050.0,Unmet demand costs: $m,0.0
Namibia,Namibia,Costs,2050.0,Unmet system CO2 backstop cost: $m,0.0
Namibia,Namibia,Costs,2050.0,Unmet system planning reserve costs: $m,0.0
Namibia,Namibia,Costs,2050.0,Unmet system spinning reserve costs: $m,0.0
Namibia,Namibia,Costs,2050.0,VRE curtailment: $m,0.0
Namibia,Namibia,Costs,2050.0,Variable O&M: $m,0.889658712
Namibia,Namibia,DiscountedWeightedCostsCumulated,2025.0,Carbon costs: $m,167882.00747231083
Namibia,Namibia,DiscountedWeightedCostsCumulated,2025.0,Excess generation: $m,167882.00747231083
Namibia,Namibia,DiscountedWeightedCostsCumulated,2025.0,Export revenues with external zones: $m,167882.00747231083
Namibia,Namibia,DiscountedWeightedCostsCumulated,2025.0,Export revenues with internal zones: $m,165660.9394935608
Namibia,Namibia,DiscountedWeightedCostsCumulated,2025.0,Fixed O&M: $m,163592.681146825
Namibia,Namibia,DiscountedWeightedCostsCumulated,2025.0,Fuel costs: $m,164002.22456139865
Namibia,Namibia,DiscountedWeightedCostsCumulated,2025.0,Generation costs: $m,164081.19744651398
Namibia,Namibia,DiscountedWeightedCostsCumulated,2025.0,Import costs with external zones: $m,164081.19744651398
Namibia,Namibia,DiscountedWeightedCostsCumulated,2025.0,Import costs with internal zones: $m,171746.19744651398
Namibia,Namibia,DiscountedWeightedCostsCumulated,2025.0,NPV of system cost: $m,174802.28777728762
Namibia,Namibia,DiscountedWeightedCostsCumulated,2025.0,Spinning reserve costs: $m,174802.28777728762
Namibia,Namibia,DiscountedWeightedCostsCumulated,2025.0,Startup costs: $m,174802.28777728762
Namibia,Namibia,DiscountedWeightedCostsCumulated,2025.0,Trade shared benefits: $m,172107.06201372447
Namibia,Namibia,DiscountedWeightedCostsCumulated,2025.0,Transmission costs: $m,171610.53591436532
Namibia,Namibia,DiscountedWeightedCostsCumulated,2025.0,Unmet country CO2 backstop cost: $m,171667.35187792714
Namibia,Namibia,DiscountedWeightedCostsCumulated,2025.0,Unmet country planning reserve costs: $m,171667.35187792714
Namibia,Namibia,DiscountedWeightedCostsCumulated,2025.0,Unmet country spinning reserve costs: $m,171667.35187792714
Namibia,Namibia,DiscountedWeightedCostsCumulated,2025.0,Unmet demand costs: $m,171774.82113417715
Namibia,Namibia,DiscountedWeightedCostsCumulated,2025.0,Unmet system CO2 backstop cost: $m,171774.82113417715
Namibia,Namibia,DiscountedWeightedCostsCumulated,2025.0,Unmet system planning reserve costs: $m,171774.82113417715
Namibia,Namibia,DiscountedWeightedCostsCumulated,2025.0,Unmet system spinning reserve costs: $m,171774.82113417715
Namibia,Namibia,DiscountedWeightedCostsCumulated,2025.0,VRE curtailment: $m,171774.90861691238
Namibia,Namibia,DiscountedWeightedCostsCumulated,2025.0,Variable O&M: $m,171779.17791242438
Namibia,Namibia,DiscountedWeightedCostsCumulated,2027.0,Carbon costs: $m,167882.00747231083
Namibia,Namibia,DiscountedWeightedCostsCumulated,2027.0,Excess generation: $m,167882.00747231083
Namibia,Namibia,DiscountedWeightedCostsCumulated,2027.0,Export revenues with external zones: $m,167882.00747231083
Namibia,Namibia,DiscountedWeightedCostsCumulated,2027.0,Export revenues with internal zones: $m,165537.90029691713
Namibia,Namibia,DiscountedWeightedCostsCumulated,2027.0,Fixed O&M: $m,163645.452536498
Namibia,Namibia,DiscountedWeightedCostsCumulated,2027.0,Fuel costs: $m,164013.3337617635
Namibia,Namibia,DiscountedWeightedCostsCumulated,2027.0,Generation costs: $m,164081.19744651398
Namibia,Namibia,DiscountedWeightedCostsCumulated,2027.0,Import costs with external zones: $m,164081.19744651398
Namibia,Namibia,DiscountedWeightedCostsCumulated,2027.0,Import costs with internal zones: $m,172110.86459633245
Namibia,Namibia,DiscountedWeightedCostsCumulated,2027.0,NPV of system cost: $m,174802.28777728762
Namibia,Namibia,DiscountedWeightedCostsCumulated,2027.0,Spinning reserve costs: $m,174802.28777728762
Namibia,Namibia,DiscountedWeightedCostsCumulated,2027.0,Startup costs: $m,174802.28777728762
Namibia,Namibia,DiscountedWeightedCostsCumulated,2027.0,Trade shared benefits: $m,172019.14376783898
Namibia,Namibia,DiscountedWeightedCostsCumulated,2027.0,Transmission costs: $m,171610.53591436532
Namibia,Namibia,DiscountedWeightedCostsCumulated,2027.0,Unmet country CO2 backstop cost: $m,171667.35187792714
Namibia,Namibia,DiscountedWeightedCostsCumulated,2027.0,Unmet country planning reserve costs: $m,171667.35187792714
Namibia,Namibia,DiscountedWeightedCostsCumulated,2027.0,Unmet country spinning reserve costs: $m,171667.35187792714
Namibia,Namibia,DiscountedWeightedCostsCumulated,2027.0,Unmet demand costs: $m,171774.82113417715
Namibia,Namibia,DiscountedWeightedCostsCumulated,2027.0,Unmet system CO2 backstop cost: $m,171774.82113417715
Namibia,Namibia,DiscountedWeightedCostsCumulated,2027.0,Unmet system planning reserve costs: $m,171774.82113417715
Namibia,Namibia,DiscountedWeightedCostsCumulated,2027.0,Unmet system spinning reserve costs: $m,171774.82113417715
Namibia,Namibia,DiscountedWeightedCostsCumulated,2027.0,VRE curtailment: $m,171774.90861691238
Namibia,Namibia,DiscountedWeightedCostsCumulated,2027.0,Variable O&M: $m,171781.41226736503
Namibia,Namibia,DiscountedWeightedCostsCumulated,2030.0,Carbon costs: $m,167882.00747231083
Namibia,Namibia,DiscountedWeightedCostsCumulated,2030.0,Excess generation: $m,167882.00747231083
Namibia,Namibia,DiscountedWeightedCostsCumulated,2030.0,Export revenues with external zones: $m,167882.00747231083
Namibia,Namibia,DiscountedWeightedCostsCumulated,2030.0,Export revenues with internal zones: $m,164893.83384837065
Namibia,Namibia,DiscountedWeightedCostsCumulated,2030.0,Fixed O&M: $m,163712.6196419895
Namibia,Namibia,DiscountedWeightedCostsCumulated,2030.0,Fuel costs: $m,164040.34640167686
Namibia,Namibia,DiscountedWeightedCostsCumulated,2030.0,Generation costs: $m,164081.19744651398
Namibia,Namibia,DiscountedWeightedCostsCumulated,2030.0,Import costs with external zones: $m,164081.19744651398
Namibia,Namibia,DiscountedWeightedCostsCumulated,2030.0,Import costs with internal zones: $m,173023.0436661565
Namibia,Namibia,DiscountedWeightedCostsCumulated,2030.0,NPV of system cost: $m,174802.28777728762
Namibia,Namibia,DiscountedWeightedCostsCumulated,2030.0,Spinning reserve costs: $m,174802.28777728762
Namibia,Namibia,DiscountedWeightedCostsCumulated,2030.0,Startup costs: $m,174802.28777728762
Namibia,Namibia,DiscountedWeightedCostsCumulated,2030.0,Trade shared benefits: $m,171948.71224438303
Namibia,Namibia,DiscountedWeightedCostsCumulated,2030.0,Transmission costs: $m,171626.38469141943
Namibia,Namibia,DiscountedWeightedCostsCumulated,2030.0,Unmet country CO2 backstop cost: $m,171667.35187792714
Namibia,Namibia,DiscountedWeightedCostsCumulated,2030.0,Unmet country planning reserve costs: $m,171667.35187792714
Namibia,Namibia,DiscountedWeightedCostsCumulated,2030.0,Unmet country spinning reserve costs: $m,171667.35187792714
Namibia,Namibia,DiscountedWeightedCostsCumulated,2030.0,Unmet demand costs: $m,171774.82113417715
Namibia,Namibia,DiscountedWeightedCostsCumulated,2030.0,Unmet system CO2 backstop cost: $m,171774.82113417715
Namibia,Namibia,DiscountedWeightedCostsCumulated,2030.0,Unmet system planning reserve costs: $m,171774.82113417715
Namibia,Namibia,DiscountedWeightedCostsCumulated,2030.0,Unmet system spinning reserve costs: $m,171774.82113417715
Namibia,Namibia,DiscountedWeightedCostsCumulated,2030.0,VRE curtailment: $m,171774.90861691238
Namibia,Namibia,DiscountedWeightedCostsCumulated,2030.0,Variable O&M: $m,171784.96434613407
Namibia,Namibia,DiscountedWeightedCostsCumulated,2032.0,Carbon costs: $m,167882.00747231083
Namibia,Namibia,DiscountedWeightedCostsCumulated,2032.0,Excess generation: $m,167882.00747231083
Namibia,Namibia,DiscountedWeightedCostsCumulated,2032.0,Export revenues with external zones: $m,167882.00747231083
Namibia,Namibia,DiscountedWeightedCostsCumulated,2032.0,Export revenues with internal zones: $m,164538.89599847063
Namibia,Namibia,DiscountedWeightedCostsCumulated,2032.0,Fixed O&M: $m,163750.5119866505
Namibia,Namibia,DiscountedWeightedCostsCumulated,2032.0,Fuel costs: $m,164055.24630177263
Namibia,Namibia,DiscountedWeightedCostsCumulated,2032.0,Generation costs: $m,164081.19744651398
Namibia,Namibia,DiscountedWeightedCostsCumulated,2032.0,Import costs with external zones: $m,164081.19744651398
Namibia,Namibia,DiscountedWeightedCostsCumulated,2032.0,Import costs with internal zones: $m,173508.05991393494
Namibia,Namibia,DiscountedWeightedCostsCumulated,2032.0,NPV of system cost: $m,174802.28777728762
Namibia,Namibia,DiscountedWeightedCostsCumulated,2032.0,Spinning reserve costs: $m,174802.28777728762
Namibia,Namibia,DiscountedWeightedCostsCumulated,2032.0,Startup costs: $m,174802.28777728762
Namibia,Namibia,DiscountedWeightedCostsCumulated,2032.0,Trade shared benefits: $m,171911.63979023191
Namibia,Namibia,DiscountedWeightedCostsCumulated,2032.0,Transmission costs: $m,171634.71043026593
Namibia,Namibia,DiscountedWeightedCostsCumulated,2032.0,Unmet country CO2 backstop cost: $m,171667.35187792714
Namibia,Namibia,DiscountedWeightedCostsCumulated,2032.0,Unmet country planning reserve costs: $m,171667.35187792714
Namibia,Namibia,DiscountedWeightedCostsCumulated,2032.0,Unmet country spinning reserve costs: $m,171667.35187792714
Namibia,Namibia,DiscountedWeightedCostsCumulated,2032.0,Unmet demand costs: $m,171774.82113417715
Namibia,Namibia,DiscountedWeightedCostsCumulated,2032.0,Unmet system CO2 backstop cost: $m,171774.82113417715
Namibia,Namibia,DiscountedWeightedCostsCumulated,2032.0,Unmet system planning reserve costs: $m,171774.82113417715
Namibia,Namibia,DiscountedWeightedCostsCumulated,2032.0,Unmet system spinning reserve costs: $m,171774.82113417715
Namibia,Namibia,DiscountedWeightedCostsCumulated,2032.0,VRE curtailment: $m,171774.90861691238
Namibia,Namibia,DiscountedWeightedCostsCumulated,2032.0,Variable O&M: $m,171786.83033744004
Namibia,Namibia,DiscountedWeightedCostsCumulated,2035.0,Carbon costs: $m,167882.00747231083
Namibia,Namibia,DiscountedWeightedCostsCumulated,2035.0,Excess generation: $m,167882.00747231083
Namibia,Namibia,DiscountedWeightedCostsCumulated,2035.0,Export revenues with external zones: $m,167882.00747231083
Namibia,Namibia,DiscountedWeightedCostsCumulated,2035.0,Export revenues with internal zones: $m,164212.0973340169
Namibia,Namibia,DiscountedWeightedCostsCumulated,2035.0,Fixed O&M: $m,163797.82192107476
Namibia,Namibia,DiscountedWeightedCostsCumulated,2035.0,Fuel costs: $m,164070.35609242483
Namibia,Namibia,DiscountedWeightedCostsCumulated,2035.0,Generation costs: $m,164081.19744651398
Namibia,Namibia,DiscountedWeightedCostsCumulated,2035.0,Import costs with external zones: $m,164081.19744651398
Namibia,Namibia,DiscountedWeightedCostsCumulated,2035.0,Import costs with internal zones: $m,173959.17232883052
Namibia,Namibia,DiscountedWeightedCostsCumulated,2035.0,NPV of system cost: $m,174802.28777728762
Namibia,Namibia,DiscountedWeightedCostsCumulated,2035.0,Spinning reserve costs: $m,174802.28777728762
Namibia,Namibia,DiscountedWeightedCostsCumulated,2035.0,Startup costs: $m,174802.28777728762
Namibia,Namibia,DiscountedWeightedCostsCumulated,2035.0,Trade shared benefits: $m,171880.08556009037
Namibia,Namibia,DiscountedWeightedCostsCumulated,2035.0,Transmission costs: $m,171644.55127388323
Namibia,Namibia,DiscountedWeightedCostsCumulated,2035.0,Unmet country CO2 backstop cost: $m,171667.35187792714
Namibia,Namibia,DiscountedWeightedCostsCumulated,2035.0,Unmet country planning reserve costs: $m,171667.35187792714
Namibia,Namibia,DiscountedWeightedCostsCumulated,2035.0,Unmet country spinning reserve costs: $m,171667.35187792714
Namibia,Namibia,DiscountedWeightedCostsCumulated,2035.0,Unmet demand costs: $m,171774.82113417715
Namibia,Namibia,DiscountedWeightedCostsCumulated,2035.0,Unmet system CO2 backstop cost: $m,171774.82113417715
Namibia,Namibia,DiscountedWeightedCostsCumulated,2035.0,Unmet system planning reserve costs: $m,171774.82113417715
Namibia,Namibia,DiscountedWeightedCostsCumulated,2035.0,Unmet system spinning reserve costs: $m,171774.82113417715
Namibia,Namibia,DiscountedWeightedCostsCumulated,2035.0,VRE curtailment: $m,171774.90861691238
Namibia,Namibia,DiscountedWeightedCostsCumulated,2035.0,Variable O&M: $m,171788.7983437435
Namibia,Namibia,DiscountedWeightedCostsCumulated,2038.0,Carbon costs: $m,167882.00747231083
Namibia,Namibia,DiscountedWeightedCostsCumulated,2038.0,Excess generation: $m,167882.00747231083
Namibia,Namibia,DiscountedWeightedCostsCumulated,2038.0,Export revenues with external zones: $m,167882.00747231083
Namibia,Namibia,DiscountedWeightedCostsCumulated,2038.0,Export revenues with internal zones: $m,164027.3344942775
Namibia,Namibia,DiscountedWeightedCostsCumulated,2038.0,Fixed O&M: $m,163835.26139163197
Namibia,Namibia,DiscountedWeightedCostsCumulated,2038.0,Fuel costs: $m,164075.92678984543
Namibia,Namibia,DiscountedWeightedCostsCumulated,2038.0,Generation costs: $m,164081.19744651398
Namibia,Namibia,DiscountedWeightedCostsCumulated,2038.0,Import costs with external zones: $m,164081.19744651398
Namibia,Namibia,DiscountedWeightedCostsCumulated,2038.0,Import costs with internal zones: $m,174222.5006442562
Namibia,Namibia,DiscountedWeightedCostsCumulated,2038.0,NPV of system cost: $m,174802.28777728762
Namibia,Namibia,DiscountedWeightedCostsCumulated,2038.0,Spinning reserve costs: $m,174802.28777728762
Namibia,Namibia,DiscountedWeightedCostsCumulated,2038.0,Startup costs: $m,174802.28777728762
Namibia,Namibia,DiscountedWeightedCostsCumulated,2038.0,Trade shared benefits: $m,171836.24613983883
Namibia,Namibia,DiscountedWeightedCostsCumulated,2038.0,Transmission costs: $m,171651.94484534627
Namibia,Namibia,DiscountedWeightedCostsCumulated,2038.0,Unmet country CO2 backstop cost: $m,171667.35187792714
Namibia,Namibia,DiscountedWeightedCostsCumulated,2038.0,Unmet country planning reserve costs: $m,171667.35187792714
Namibia,Namibia,DiscountedWeightedCostsCumulated,2038.0,Unmet country spinning reserve costs: $m,171667.35187792714
Namibia,Namibia,DiscountedWeightedCostsCumulated,2038.0,Unmet demand costs: $m,171774.82113417715
Namibia,Namibia,DiscountedWeightedCostsCumulated,2038.0,Unmet system CO2 backstop cost: $m,171774.82113417715
Namibia,Namibia,DiscountedWeightedCostsCumulated,2038.0,Unmet system planning reserve costs: $m,171774.82113417715
Namibia,Namibia,DiscountedWeightedCostsCumulated,2038.0,Unmet system spinning reserve costs: $m,171774.82393718715
Namibia,Namibia,DiscountedWeightedCostsCumulated,2038.0,VRE curtailment: $m,171774.90861691238
Namibia,Namibia,DiscountedWeightedCostsCumulated,2038.0,Variable O&M: $m,171789.8896164539
Namibia,Namibia,DiscountedWeightedCostsCumulated,2040.0,Carbon costs: $m,167882.00747231083
Namibia,Namibia,DiscountedWeightedCostsCumulated,2040.0,Excess generation: $m,167882.00747231083
Namibia,Namibia,DiscountedWeightedCostsCumulated,2040.0,Export revenues with external zones: $m,167882.00747231083
Namibia,Namibia,DiscountedWeightedCostsCumulated,2040.0,Export revenues with internal zones: $m,163917.21361736982
Namibia,Namibia,DiscountedWeightedCostsCumulated,2040.0,Fixed O&M: $m,163856.09052518383
Namibia,Namibia,DiscountedWeightedCostsCumulated,2040.0,Fuel costs: $m,164077.1292392677
Namibia,Namibia,DiscountedWeightedCostsCumulated,2040.0,Generation costs: $m,164081.19744651398
Namibia,Namibia,DiscountedWeightedCostsCumulated,2040.0,Import costs with external zones: $m,164081.19744651398
Namibia,Namibia,DiscountedWeightedCostsCumulated,2040.0,Import costs with internal zones: $m,174367.9002284333
Namibia,Namibia,DiscountedWeightedCostsCumulated,2040.0,NPV of system cost: $m,174802.28777728762
Namibia,Namibia,DiscountedWeightedCostsCumulated,2040.0,Spinning reserve costs: $m,174802.28777728762
Namibia,Namibia,DiscountedWeightedCostsCumulated,2040.0,Startup costs: $m,174802.28777728762
Namibia,Namibia,DiscountedWeightedCostsCumulated,2040.0,Trade shared benefits: $m,171792.0717072353
Namibia,Namibia,DiscountedWeightedCostsCumulated,2040.0,Transmission costs: $m,171655.82886396386
Namibia,Namibia,DiscountedWeightedCostsCumulated,2040.0,Unmet country CO2 backstop cost: $m,171667.35187792714
Namibia,Namibia,DiscountedWeightedCostsCumulated,2040.0,Unmet country planning reserve costs: $m,171667.35187792714
Namibia,Namibia,DiscountedWeightedCostsCumulated,2040.0,Unmet country spinning reserve costs: $m,171667.35187792714
Namibia,Namibia,DiscountedWeightedCostsCumulated,2040.0,Unmet demand costs: $m,171774.82113417715
Namibia,Namibia,DiscountedWeightedCostsCumulated,2040.0,Unmet system CO2 backstop cost: $m,171774.82113417715
Namibia,Namibia,DiscountedWeightedCostsCumulated,2040.0,Unmet system planning reserve costs: $m,171774.82113417715
Namibia,Namibia,DiscountedWeightedCostsCumulated,2040.0,Unmet system spinning reserve costs: $m,171774.85769953154
Namibia,Namibia,DiscountedWeightedCostsCumulated,2040.0,VRE curtailment: $m,171774.90861691238
Namibia,Namibia,DiscountedWeightedCostsCumulated,2040.0,Variable O&M: $m,171790.35791354498
Namibia,Namibia,DiscountedWeightedCostsCumulated,2042.0,Carbon costs: $m,167882.00747231083
Namibia,Namibia,DiscountedWeightedCostsCumulated,2042.0,Excess generation: $m,167882.00747231083
Namibia,Namibia,DiscountedWeightedCostsCumulated,2042.0,Export revenues with external zones: $m,167882.00747231083
Namibia,Namibia,DiscountedWeightedCostsCumulated,2042.0,Export revenues with internal zones: $m,163823.1163282963
Namibia,Namibia,DiscountedWeightedCostsCumulated,2042.0,Fixed O&M: $m,163874.2644296329
Namibia,Namibia,DiscountedWeightedCostsCumulated,2042.0,Fuel costs: $m,164077.94401213358
Namibia,Namibia,DiscountedWeightedCostsCumulated,2042.0,Generation costs: $m,164081.19744651398
Namibia,Namibia,DiscountedWeightedCostsCumulated,2042.0,Import costs with external zones: $m,164081.19744651398
Namibia,Namibia,DiscountedWeightedCostsCumulated,2042.0,Import costs with internal zones: $m,174489.88807106996
Namibia,Namibia,DiscountedWeightedCostsCumulated,2042.0,NPV of system cost: $m,174802.28777728762
Namibia,Namibia,DiscountedWeightedCostsCumulated,2042.0,Spinning reserve costs: $m,174802.28777728762
Namibia,Namibia,DiscountedWeightedCostsCumulated,2042.0,Startup costs: $m,174802.28777728762
Namibia,Namibia,DiscountedWeightedCostsCumulated,2042.0,Trade shared benefits: $m,171737.90013442677
Namibia,Namibia,DiscountedWeightedCostsCumulated,2042.0,Transmission costs: $m,171659.03879670566
Namibia,Namibia,DiscountedWeightedCostsCumulated,2042.0,Unmet country CO2 backstop cost: $m,171667.35187792714
Namibia,Namibia,DiscountedWeightedCostsCumulated,2042.0,Unmet country planning reserve costs: $m,171667.35187792714
Namibia,Namibia,DiscountedWeightedCostsCumulated,2042.0,Unmet country spinning reserve costs: $m,171667.35187792714
Namibia,Namibia,DiscountedWeightedCostsCumulated,2042.0,Unmet demand costs: $m,171774.82113417715
Namibia,Namibia,DiscountedWeightedCostsCumulated,2042.0,Unmet system CO2 backstop cost: $m,171774.82113417715
Namibia,Namibia,DiscountedWeightedCostsCumulated,2042.0,Unmet system planning reserve costs: $m,171774.82113417715
Namibia,Namibia,DiscountedWeightedCostsCumulated,2042.0,Unmet system spinning reserve costs: $m,171774.90861691238
Namibia,Namibia,DiscountedWeightedCostsCumulated,2042.0,VRE curtailment: $m,171774.90861691238
Namibia,Namibia,DiscountedWeightedCostsCumulated,2042.0,Variable O&M: $m,171790.73297503698
Namibia,Namibia,DiscountedWeightedCostsCumulated,2045.0,Carbon costs: $m,167882.00747231083
Namibia,Namibia,DiscountedWeightedCostsCumulated,2045.0,Excess generation: $m,167882.00747231083
Namibia,Namibia,DiscountedWeightedCostsCumulated,2045.0,Export revenues with external zones: $m,167882.00747231083
Namibia,Namibia,DiscountedWeightedCostsCumulated,2045.0,Export revenues with internal zones: $m,163702.03432578396
Namibia,Namibia,DiscountedWeightedCostsCumulated,2045.0,Fixed O&M: $m,163897.6848715781
Namibia,Namibia,DiscountedWeightedCostsCumulated,2045.0,Fuel costs: $m,164079.31153386369
Namibia,Namibia,DiscountedWeightedCostsCumulated,2045.0,Generation costs: $m,164081.19744651398
Namibia,Namibia,DiscountedWeightedCostsCumulated,2045.0,Import costs with external zones: $m,164081.19744651398
Namibia,Namibia,DiscountedWeightedCostsCumulated,2045.0,Import costs with internal zones: $m,174641.88187597896
Namibia,Namibia,DiscountedWeightedCostsCumulated,2045.0,NPV of system cost: $m,174802.28777728762
Namibia,Namibia,DiscountedWeightedCostsCumulated,2045.0,Spinning reserve costs: $m,174802.28777728762
Namibia,Namibia,DiscountedWeightedCostsCumulated,2045.0,Startup costs: $m,174802.28777728762
Namibia,Namibia,DiscountedWeightedCostsCumulated,2045.0,Trade shared benefits: $m,171680.15397052068
Namibia,Namibia,DiscountedWeightedCostsCumulated,2045.0,Transmission costs: $m,171662.83286792465
Namibia,Namibia,DiscountedWeightedCostsCumulated,2045.0,Unmet country CO2 backstop cost: $m,171667.35187792714
Namibia,Namibia,DiscountedWeightedCostsCumulated,2045.0,Unmet country planning reserve costs: $m,171667.35187792714
Namibia,Namibia,DiscountedWeightedCostsCumulated,2045.0,Unmet country spinning reserve costs: $m,171667.35187792714
Namibia,Namibia,DiscountedWeightedCostsCumulated,2045.0,Unmet demand costs: $m,171774.82113417715
Namibia,Namibia,DiscountedWeightedCostsCumulated,2045.0,Unmet system CO2 backstop cost: $m,171774.82113417715
Namibia,Namibia,DiscountedWeightedCostsCumulated,2045.0,Unmet system planning reserve costs: $m,171774.82113417715
Namibia,Namibia,DiscountedWeightedCostsCumulated,2045.0,Unmet system spinning reserve costs: $m,171774.90861691238
Namibia,Namibia,DiscountedWeightedCostsCumulated,2045.0,VRE curtailment: $m,171774.90861691238
Namibia,Namibia,DiscountedWeightedCostsCumulated,2045.0,Variable O&M: $m,171791.1943282838
Namibia,Namibia,DiscountedWeightedCostsCumulated,2048.0,Carbon costs: $m,167882.00747231083
Namibia,Namibia,DiscountedWeightedCostsCumulated,2048.0,Excess generation: $m,167882.00747231083
Namibia,Namibia,DiscountedWeightedCostsCumulated,2048.0,Export revenues with external zones: $m,167882.00747231083
Namibia,Namibia,DiscountedWeightedCostsCumulated,2048.0,Export revenues with internal zones: $m,163615.17593784689
Namibia,Namibia,DiscountedWeightedCostsCumulated,2048.0,Fixed O&M: $m,163917.66618918645
Namibia,Namibia,DiscountedWeightedCostsCumulated,2048.0,Fuel costs: $m,164080.63907432774
Namibia,Namibia,DiscountedWeightedCostsCumulated,2048.0,Generation costs: $m,164081.19744651398
Namibia,Namibia,DiscountedWeightedCostsCumulated,2048.0,Import costs with external zones: $m,164081.19744651398
Namibia,Namibia,DiscountedWeightedCostsCumulated,2048.0,Import costs with internal zones: $m,174750.03100367467
Namibia,Namibia,DiscountedWeightedCostsCumulated,2048.0,NPV of system cost: $m,174802.28777728762
Namibia,Namibia,DiscountedWeightedCostsCumulated,2048.0,Spinning reserve costs: $m,174802.28777728762
Namibia,Namibia,DiscountedWeightedCostsCumulated,2048.0,Startup costs: $m,174802.28777728762
Namibia,Namibia,DiscountedWeightedCostsCumulated,2048.0,Trade shared benefits: $m,171635.08784725436
Namibia,Namibia,DiscountedWeightedCostsCumulated,2048.0,Transmission costs: $m,171665.72244748392
Namibia,Namibia,DiscountedWeightedCostsCumulated,2048.0,Unmet country CO2 backstop cost: $m,171667.35187792714
Namibia,Namibia,DiscountedWeightedCostsCumulated,2048.0,Unmet country planning reserve costs: $m,171667.35187792714
Namibia,Namibia,DiscountedWeightedCostsCumulated,2048.0,Unmet country spinning reserve costs: $m,171667.35187792714
Namibia,Namibia,DiscountedWeightedCostsCumulated,2048.0,Unmet demand costs: $m,171774.82113417715
Namibia,Namibia,DiscountedWeightedCostsCumulated,2048.0,Unmet system CO2 backstop cost: $m,171774.82113417715
Namibia,Namibia,DiscountedWeightedCostsCumulated,2048.0,Unmet system planning reserve costs: $m,171774.82113417715
Namibia,Namibia,DiscountedWeightedCostsCumulated,2048.0,Unmet system spinning reserve costs: $m,171774.90861691238
Namibia,Namibia,DiscountedWeightedCostsCumulated,2048.0,VRE curtailment: $m,171774.90861691238
Namibia,Namibia,DiscountedWeightedCostsCumulated,2048.0,Variable O&M: $m,171791.5529147579
Namibia,Namibia,DiscountedWeightedCostsCumulated,2050.0,Carbon costs: $m,167882.00747231083
Namibia,Namibia,DiscountedWeightedCostsCumulated,2050.0,Excess generation: $m,167882.00747231083
Namibia,Namibia,DiscountedWeightedCostsCumulated,2050.0,Export revenues with external zones: $m,167882.00747231083
Namibia,Namibia,DiscountedWeightedCostsCumulated,2050.0,Export revenues with internal zones: $m,163571.977096825
Namibia,Namibia,DiscountedWeightedCostsCumulated,2050.0,Fixed O&M: $m,163929.61176820597
Namibia,Namibia,DiscountedWeightedCostsCumulated,2050.0,Fuel costs: $m,164081.19744651398
Namibia,Namibia,DiscountedWeightedCostsCumulated,2050.0,Generation costs: $m,164081.19744651398
Namibia,Namibia,DiscountedWeightedCostsCumulated,2050.0,Import costs with external zones: $m,164081.19744651398
Namibia,Namibia,DiscountedWeightedCostsCumulated,2050.0,Import costs with internal zones: $m,174802.28777728762
Namibia,Namibia,DiscountedWeightedCostsCumulated,2050.0,NPV of system cost: $m,174802.28777728762
Namibia,Namibia,DiscountedWeightedCostsCumulated,2050.0,Spinning reserve costs: $m,174802.28777728762
Namibia,Namibia,DiscountedWeightedCostsCumulated,2050.0,Startup costs: $m,174802.28777728762
Namibia,Namibia,DiscountedWeightedCostsCumulated,2050.0,Trade shared benefits: $m,171610.53591436532
Namibia,Namibia,DiscountedWeightedCostsCumulated,2050.0,Transmission costs: $m,171667.35187792714
Namibia,Namibia,DiscountedWeightedCostsCumulated,2050.0,Unmet country CO2 backstop cost: $m,171667.35187792714
Namibia,Namibia,DiscountedWeightedCostsCumulated,2050.0,Unmet country planning reserve costs: $m,171667.35187792714
Namibia,Namibia,DiscountedWeightedCostsCumulated,2050.0,Unmet country spinning reserve costs: $m,171667.35187792714
Namibia,Namibia,DiscountedWeightedCostsCumulated,2050.0,Unmet demand costs: $m,171774.82113417715
Namibia,Namibia,DiscountedWeightedCostsCumulated,2050.0,Unmet system CO2 backstop cost: $m,171774.82113417715
Namibia,Namibia,DiscountedWeightedCostsCumulated,2050.0,Unmet system planning reserve costs: $m,171774.82113417715
Namibia,Namibia,DiscountedWeightedCostsCumulated,2050.0,Unmet system spinning reserve costs: $m,171774.90861691238
Namibia,Namibia,DiscountedWeightedCostsCumulated,2050.0,VRE curtailment: $m,171774.90861691238
Namibia,Namibia,DiscountedWeightedCostsCumulated,2050.0,Variable O&M: $m,171791.7335610234
Namibia,Namibia,GenCostsPerMWh,2025.0,Fixed O&M: $m,9.172346145258585
Namibia,Namibia,GenCostsPerMWh,2025.0,Variable Cost: $m,34.06044372814983
Namibia,Namibia,GenCostsPerMWh,2027.0,Fixed O&M: $m,12.177037881448284
Namibia,Namibia,GenCostsPerMWh,2027.0,Investment costs: $m,7.389788830876319
Namibia,Namibia,GenCostsPerMWh,2027.0,Variable Cost: $m,3.0790354287616246
Namibia,Namibia,GenCostsPerMWh,2030.0,Fixed O&M: $m,10.276212835468325
Namibia,Namibia,GenCostsPerMWh,2030.0,Investment costs: $m,9.167474688175556
Namibia,Namibia,GenCostsPerMWh,2030.0,Variable Cost: $m,4.676240730314697
Namibia,Namibia,GenCostsPerMWh,2032.0,Fixed O&M: $m,10.21292767357297
Namibia,Namibia,GenCostsPerMWh,2032.0,Investment costs: $m,9.94127608758304
Namibia,Namibia,GenCostsPerMWh,2032.0,Variable Cost: $m,4.51882399468909
Namibia,Namibia,GenCostsPerMWh,2035.0,Fixed O&M: $m,10.217223744754229
Namibia,Namibia,GenCostsPerMWh,2035.0,Investment costs: $m,10.753009187881482
Namibia,Namibia,GenCostsPerMWh,2035.0,Variable Cost: $m,3.688182507252609
Namibia,Namibia,GenCostsPerMWh,2038.0,Fixed O&M: $m,10.419100210034664
Namibia,Namibia,GenCostsPerMWh,2038.0,Investment costs: $m,11.649314199880305
Namibia,Namibia,GenCostsPerMWh,2038.0,Variable Cost: $m,1.853972114407948
Namibia,Namibia,GenCostsPerMWh,2040.0,Fixed O&M: $m,10.404405005775436
Namibia,Namibia,GenCostsPerMWh,2040.0,Investment costs: $m,12.307439700302746
Namibia,Namibia,GenCostsPerMWh,2040.0,Variable Cost: $m,0.8345581607359208
Namibia,Namibia,GenCostsPerMWh,2042.0,Fixed O&M: $m,10.245249460664947
Namibia,Namibia,GenCostsPerMWh,2042.0,Investment costs: $m,12.673968140825512
Namibia,Namibia,GenCostsPerMWh,2042.0,Variable Cost: $m,0.6707501873224552
Namibia,Namibia,GenCostsPerMWh,2045.0,Fixed O&M: $m,10.01125706142254
Namibia,Namibia,GenCostsPerMWh,2045.0,Investment costs: $m,13.167805987156209
Namibia,Namibia,GenCostsPerMWh,2045.0,Variable Cost: $m,0.7817673795391668
Namibia,Namibia,GenCostsPerMWh,2048.0,Fixed O&M: $m,10.551284369728409
Namibia,Namibia,GenCostsPerMWh,2048.0,Investment costs: $m,14.577369239915113
Namibia,Namibia,GenCostsPerMWh,2048.0,Variable Cost: $m,0.8903719542696628
Namibia,Namibia,GenCostsPerMWh,2050.0,Fixed O&M: $m,11.146215264402626
Namibia,Namibia,GenCostsPerMWh,2050.0,Investment costs: $m,15.655854553594256
Namibia,Namibia,GenCostsPerMWh,2050.0,Variable Cost: $m,0.6895654646672812
Namibia,Namibia,NetPresentCostPerMWh,,Carbon costs: $m,0.5467681328293076
Namibia,Namibia,NetPresentCostPerMWh,,Excess generation: $m,0.0
Namibia,Namibia,NetPresentCostPerMWh,,Export revenues with external zones: $m,0.0
Namibia,Namibia,NetPresentCostPerMWh,,Export revenues with internal zones: $m,-84.52046011003294
Namibia,Namibia,NetPresentCostPerMWh,,Fixed O&M: $m,7.013279337506049
Namibia,Namibia,NetPresentCostPerMWh,,Fuel costs: $m,2.9726220375509675
Namibia,Namibia,NetPresentCostPerMWh,,Generation costs: $m,0.0
Namibia,Namibia,NetPresentCostPerMWh,,Import costs with external zones: $m,0.0
Namibia,Namibia,NetPresentCostPerMWh,,Import costs with internal zones: $m,210.24248292822404
Namibia,Namibia,NetPresentCostPerMWh,,NPV of system cost: $m,0.0
Namibia,Namibia,NetPresentCostPerMWh,,Spinning reserve costs: $m,0.0
Namibia,Namibia,NetPresentCostPerMWh,,Startup costs: $m,0.0
Namibia,Namibia,NetPresentCostPerMWh,,Trade shared benefits: $m,-62.5908201356555
Namibia,Namibia,NetPresentCostPerMWh,,Transmission costs: $m,1.1141711225872812
Namibia,Namibia,NetPresentCostPerMWh,,Unmet country CO2 backstop cost: $m,0.0
Namibia,Namibia,NetPresentCostPerMWh,,Unmet country planning reserve costs: $m,0.0
Namibia,Namibia,NetPresentCostPerMWh,,Unmet country spinning reserve costs: $m,0.0
Namibia,Namibia,NetPresentCostPerMWh,,Unmet demand costs: $m,2.107491176303019
Namibia,Namibia,NetPresentCostPerMWh,,Unmet system CO2 backstop cost: $m,0.0
Namibia,Namibia,NetPresentCostPerMWh,,Unmet system planning reserve costs: $m,0.0
Namibia,Namibia,NetPresentCostPerMWh,,Unmet system spinning reserve costs: $m,0.0017155519541954
Namibia,Namibia,NetPresentCostPerMWh,,VRE curtailment: $m,0.0
Namibia,Namibia,NetPresentCostPerMWh,,Variable O&M: $m,0.3299401381656791
South_Africa,South_Africa,Costs,2025.0,Carbon costs: $m,9059.716269086137
South_Africa,South_Africa,Costs,2025.0,Excess generation: $m,0.0
South_Africa,South_Africa,Costs,2025.0,Export revenues with external zones: $m,0.0
South_Africa,South_Africa,Costs,2025.0,Export revenues with internal zones: $m,-376.716589781004
South_Africa,South_Africa,Costs,2025.0,Fixed O&M: $m,2564.38545
South_Africa,South_Africa,Costs,2025.0,Fuel costs: $m,0.0
South_Africa,South_Africa,Costs,2025.0,Generation costs: $m,0.0
South_Africa,South_Africa,Costs,2025.0,Import costs with external zones: $m,0.0
South_Africa,South_Africa,Costs,2025.0,Import costs with internal zones: $m,52.78707430686561
South_Africa,South_Africa,Costs,2025.0,NPV of system cost: $m,0.0
South_Africa,South_Africa,Costs,2025.0,Spinning reserve costs: $m,0.0
South_Africa,South_Africa,Costs,2025.0,Startup costs: $m,0.0
South_Africa,South_Africa,Costs,2025.0,Trade shared benefits: $m,-4257.140354640755
South_Africa,South_Africa,Costs,2025.0,Transmission costs: $m,0.0
South_Africa,South_Africa,Costs,2025.0,Unmet country CO2 backstop cost: $m,0.0
South_Africa,South_Africa,Costs,2025.0,Unmet country planning reserve costs: $m,0.0
South_Africa,South_Africa,Costs,2025.0,Unmet country spinning reserve costs: $m,0.0
South_Africa,South_Africa,Costs,2025.0,Unmet demand costs: $m,0.0
South_Africa,South_Africa,Costs,2025.0,Unmet system CO2 backstop cost: $m,0.0
South_Africa,South_Africa,Costs,2025.0,Unmet system planning reserve costs: $m,0.0
South_Africa,South_Africa,Costs,2025.0,Unmet system spinning reserve costs: $m,0.0
South_Africa,South_Africa,Costs,2025.0,VRE curtailment: $m,0.0
South_Africa,South_Africa,Costs,2025.0,Variable O&M: $m,515.1549435872832
South_Africa,South_Africa,Costs,2027.0,Carbon costs: $m,9039.85885136585
South_Africa,South_Africa,Costs,2027.0,Excess generation: $m,0.0
South_Africa,South_Africa,Costs,2027.0,Export revenues with external zones: $m,0.0
South_Africa,South_Africa,Costs,2027.0,Export revenues with internal zones: $m,-590.3321064005825
South_Africa,South_Africa,Costs,2027.0,Fixed O&M: $m,2727.33445
South_Africa,South_Africa,Costs,2027.0,Fuel costs: $m,0.0
South_Africa,South_Africa,Costs,2027.0,Generation costs: $m,0.0
South_Africa,South_Africa,Costs,2027.0,Import costs with external zones: $m,0.0
South_Africa,South_Africa,Costs,2027.0,Import costs with internal zones: $m,79.11748654698293
South_Africa,South_Africa,Costs,2027.0,NPV of system cost: $m,0.0
South_Africa,South_Africa,Costs,2027.0,Spinning reserve costs: $m,0.0
South_Africa,South_Africa,Costs,2027.0,Startup costs: $m,0.0
South_Africa,South_Africa,Costs,2027.0,Trade shared benefits: $m,-5514.06416557104
South_Africa,South_Africa,Costs,2027.0,Transmission costs: $m,0.0
South_Africa,South_Africa,Costs,2027.0,Unmet country CO2 backstop cost: $m,0.0
South_Africa,South_Africa,Costs,2027.0,Unmet country planning reserve costs: $m,0.0
South_Africa,South_Africa,Costs,2027.0,Unmet country spinning reserve costs: $m,0.0
South_Africa,South_Africa,Costs,2027.0,Unmet demand costs: $m,0.0
South_Africa,South_Africa,Costs,2027.0,Unmet system CO2 backstop cost: $m,0.0
South_Africa,South_Africa,Costs,2027.0,Unmet system planning reserve costs: $m,0.0
South_Africa,South_Africa,Costs,2027.0,Unmet system spinning reserve costs: $m,0.0
South_Africa,South_Africa,Costs,2027.0,VRE curtailment: $m,0.0
South_Africa,South_Africa,Costs,2027.0,Variable O&M: $m,497.60354122226414
South_Africa,South_Africa,Costs,2030.0,Carbon costs: $m,6065.494207344977
South_Africa,South_Africa,Costs,2030.0,Excess generation: $m,0.0
South_Africa,South_Africa,Costs,2030.0,Export revenues with external zones: $m,0.0
South_Africa,South_Africa,Costs,2030.0,Export revenues with internal zones: $m,-309.4489976403183
South_Africa,South_Africa,Costs,2030.0,Fixed O&M: $m,3200.85645
South_Africa,South_Africa,Costs,2030.0,Fuel costs: $m,0.0
South_Africa,South_Africa,Costs,2030.0,Generation costs: $m,0.0
South_Africa,South_Africa,Costs,2030.0,Import costs with external zones: $m,0.0
South_Africa,South_Africa,Costs,2030.0,Import costs with internal zones: $m,360.9364343455187
South_Africa,South_Africa,Costs,2030.0,NPV of system cost: $m,0.0
South_Africa,South_Africa,Costs,2030.0,Spinning reserve costs: $m,0.0
South_Africa,South_Africa,Costs,2030.0,Startup costs: $m,0.0
South_Africa,South_Africa,Costs,2030.0,Trade shared benefits: $m,-119.8271123130965
South_Africa,South_Africa,Costs,2030.0,Transmission costs: $m,4.27800361271318
South_Africa,South_Africa,Costs,2030.0,Unmet country CO2 backstop cost: $m,0.0
South_Africa,South_Africa,Costs,2030.0,Unmet country planning reserve costs: $m,0.0
South_Africa,South_Africa,Costs,2030.0,Unmet country spinning reserve costs: $m,0.0
South_Africa,South_Africa,Costs,2030.0,Unmet demand costs: $m,0.0
South_Africa,South_Africa,Costs,2030.0,Unmet system CO2 backstop cost: $m,0.0
South_Africa,South_Africa,Costs,2030.0,Unmet system planning reserve costs: $m,0.0
South_Africa,South_Africa,Costs,2030.0,Unmet system spinning reserve costs: $m,0.0
South_Africa,South_Africa,Costs,2030.0,VRE curtailment: $m,0.0
South_Africa,South_Africa,Costs,2030.0,Variable O&M: $m,383.4395697740808
South_Africa,South_Africa,Costs,2032.0,Carbon costs: $m,5360.962072732293
South_Africa,South_Africa,Costs,2032.0,Excess generation: $m,0.0
South_Africa,South_Africa,Costs,2032.0,Export revenues with external zones: $m,0.0
South_Africa,South_Africa,Costs,2032.0,Export revenues with internal zones: $m,-279.5912359328336
South_Africa,South_Africa,Costs,2032.0,Fixed O&M: $m,3136.24645
South_Africa,South_Africa,Costs,2032.0,Fuel costs: $m,0.0
South_Africa,South_Africa,Costs,2032.0,Generation costs: $m,0.0
South_Africa,South_Africa,Costs,2032.0,Import costs with external zones: $m,0.0
South_Africa,South_Africa,Costs,2032.0,Import costs with internal zones: $m,267.4254998114555
South_Africa,South_Africa,Costs,2032.0,NPV of system cost: $m,0.0
South_Africa,South_Africa,Costs,2032.0,Spinning reserve costs: $m,0.0
South_Africa,South_Africa,Costs,2032.0,Startup costs: $m,0.0
South_Africa,South_Africa,Costs,2032.0,Trade shared benefits: $m,-142.5109504725325
South_Africa,South_Africa,Costs,2032.0,Transmission costs: $m,4.27800361271318
South_Africa,South_Africa,Costs,2032.0,Unmet country CO2 backstop cost: $m,0.0
South_Africa,South_Africa,Costs,2032.0,Unmet country planning reserve costs: $m,0.0
South_Africa,South_Africa,Costs,2032.0,Unmet country spinning reserve costs: $m,0.0
South_Africa,South_Africa,Costs,2032.0,Unmet demand costs: $m,0.0
South_Africa,South_Africa,Costs,2032.0,Unmet system CO2 backstop cost: $m,0.0
South_Africa,South_Africa,Costs,2032.0,Unmet system planning reserve costs: $m,0.0
South_Africa,South_Africa,Costs,2032.0,Unmet system spinning reserve costs: $m,0.0
South_Africa,South_Africa,Costs,2032.0,VRE curtailment: $m,0.0
South_Africa,South_Africa,Costs,2032.0,Variable O&M: $m,353.8304957740638
South_Africa,South_Africa,Costs,2035.0,Carbon costs: $m,4497.886849892345
South_Africa,South_Africa,Costs,2035.0,Excess generation: $m,0.0
South_Africa,South_Africa,Costs,2035.0,Export revenues with external zones: $m,0.0
South_Africa,South_Africa,Costs,2035.0,Export revenues with internal zones: $m,-355.38093103782694
South_Africa,South_Africa,Costs,2035.0,Fixed O&M: $m,3125.28145
South_Africa,South_Africa,Costs,2035.0,Fuel costs: $m,0.0
South_Africa,South_Africa,Costs,2035.0,Generation costs: $m,0.0
South_Africa,South_Africa,Costs,2035.0,Import costs with external zones: $m,0.0
South_Africa,South_Africa,Costs,2035.0,Import costs with internal zones: $m,419.6309719233921
South_Africa,South_Africa,Costs,2035.0,NPV of system cost: $m,0.0
South_Africa,South_Africa,Costs,2035.0,Spinning reserve costs: $m,0.0
South_Africa,South_Africa,Costs,2035.0,Startup costs: $m,0.0
South_Africa,South_Africa,Costs,2035.0,Trade shared benefits: $m,-137.77637784007476
South_Africa,South_Africa,Costs,2035.0,Transmission costs: $m,6.080376063090782
South_Africa,South_Africa,Costs,2035.0,Unmet country CO2 backstop cost: $m,0.0
South_Africa,South_Africa,Costs,2035.0,Unmet country planning reserve costs: $m,0.0
South_Africa,South_Africa,Costs,2035.0,Unmet country spinning reserve costs: $m,0.0
South_Africa,South_Africa,Costs,2035.0,Unmet demand costs: $m,0.0
South_Africa,South_Africa,Costs,2035.0,Unmet system CO2 backstop cost: $m,0.0
South_Africa,South_Africa,Costs,2035.0,Unmet system planning reserve costs: $m,0.0
South_Africa,South_Africa,Costs,2035.0,Unmet system spinning reserve costs: $m,0.0
South_Africa,South_Africa,Costs,2035.0,VRE curtailment: $m,0.0
South_Africa,South_Africa,Costs,2035.0,Variable O&M: $m,312.8085581885891
South_Africa,South_Africa,Costs,2038.0,Carbon costs: $m,4516.905626296598
South_Africa,South_Africa,Costs,2038.0,Excess generation: $m,0.0
South_Africa,South_Africa,Costs,2038.0,Export revenues with external zones: $m,0.0
South_Africa,South_Africa,Costs,2038.0,Export revenues with internal zones: $m,-424.3426251569652
South_Africa,South_Africa,Costs,2038.0,Fixed O&M: $m,3414.919770955077
South_Africa,South_Africa,Costs,2038.0,Fuel costs: $m,0.0
South_Africa,South_Africa,Costs,2038.0,Generation costs: $m,0.0
South_Africa,South_Africa,Costs,2038.0,Import costs with external zones: $m,0.0
South_Africa,South_Africa,Costs,2038.0,Import costs with internal zones: $m,301.8906038759761
South_Africa,South_Africa,Costs,2038.0,NPV of system cost: $m,0.0
South_Africa,South_Africa,Costs,2038.0,Spinning reserve costs: $m,0.0
South_Africa,South_Africa,Costs,2038.0,Startup costs: $m,0.0
South_Africa,South_Africa,Costs,2038.0,Trade shared benefits: $m,-73.91370345071375
South_Africa,South_Africa,Costs,2038.0,Transmission costs: $m,8.133456868588594
South_Africa,South_Africa,Costs,2038.0,Unmet country CO2 backstop cost: $m,0.0
South_Africa,South_Africa,Costs,2038.0,Unmet country planning reserve costs: $m,0.0
South_Africa,South_Africa,Costs,2038.0,Unmet country spinning reserve costs: $m,0.0
South_Africa,South_Africa,Costs,2038.0,Unmet demand costs: $m,0.0
South_Africa,South_Africa,Costs,2038.0,Unmet system CO2 backstop cost: $m,0.0
South_Africa,South_Africa,Costs,2038.0,Unmet system planning reserve costs: $m,0.0
South_Africa,South_Africa,Costs,2038.0,Unmet system spinning reserve costs: $m,0.1496985688208734
South_Africa,South_Africa,Costs,2038.0,VRE curtailment: $m,0.0
South_Africa,South_Africa,Costs,2038.0,Variable O&M: $m,304.6880035537516
South_Africa,South_Africa,Costs,2040.0,Carbon costs: $m,4166.790540261806
South_Africa,South_Africa,Costs,2040.0,Excess generation: $m,0.0
South_Africa,South_Africa,Costs,2040.0,Export revenues with external zones: $m,0.0
South_Africa,South_Africa,Costs,2040.0,Export revenues with internal zones: $m,-475.2157342584816
South_Africa,South_Africa,Costs,2040.0,Fixed O&M: $m,3179.5102010834307
South_Africa,South_Africa,Costs,2040.0,Fuel costs: $m,0.0
South_Africa,South_Africa,Costs,2040.0,Generation costs: $m,0.0
South_Africa,South_Africa,Costs,2040.0,Import costs with external zones: $m,0.0
South_Africa,South_Africa,Costs,2040.0,Import costs with internal zones: $m,214.90391077663293
South_Africa,South_Africa,Costs,2040.0,NPV of system cost: $m,0.0
South_Africa,South_Africa,Costs,2040.0,Spinning reserve costs: $m,0.0
South_Africa,South_Africa,Costs,2040.0,Startup costs: $m,0.0
South_Africa,South_Africa,Costs,2040.0,Trade shared benefits: $m,-130.26901199150308
South_Africa,South_Africa,Costs,2040.0,Transmission costs: $m,8.133456868588594
South_Africa,South_Africa,Costs,2040.0,Unmet country CO2 backstop cost: $m,0.0
South_Africa,South_Africa,Costs,2040.0,Unmet country planning reserve costs: $m,0.0
South_Africa,South_Africa,Costs,2040.0,Unmet country spinning reserve costs: $m,0.0
South_Africa,South_Africa,Costs,2040.0,Unmet demand costs: $m,0.0
South_Africa,South_Africa,Costs,2040.0,Unmet system CO2 backstop cost: $m,0.0
South_Africa,South_Africa,Costs,2040.0,Unmet system planning reserve costs: $m,0.0
South_Africa,South_Africa,Costs,2040.0,Unmet system spinning reserve costs: $m,3.47450318332377
South_Africa,South_Africa,Costs,2040.0,VRE curtailment: $m,0.0
South_Africa,South_Africa,Costs,2040.0,Variable O&M: $m,273.08726068448806
South_Africa,South_Africa,Costs,2042.0,Carbon costs: $m,3862.0225782191646
South_Africa,South_Africa,Costs,2042.0,Excess generation: $m,0.0
South_Africa,South_Africa,Costs,2042.0,Export revenues with external zones: $m,0.0
South_Africa,South_Africa,Costs,2042.0,Export revenues with internal zones: $m,-553.9172098477472
South_Africa,South_Africa,Costs,2042.0,Fixed O&M: $m,3086.004896312893
South_Africa,South_Africa,Costs,2042.0,Fuel costs: $m,0.0
South_Africa,South_Africa,Costs,2042.0,Generation costs: $m,0.0
South_Africa,South_Africa,Costs,2042.0,Import costs with external zones: $m,0.0
South_Africa,South_Africa,Costs,2042.0,Import costs with internal zones: $m,160.307400846655
South_Africa,South_Africa,Costs,2042.0,NPV of system cost: $m,0.0
South_Africa,South_Africa,Costs,2042.0,Spinning reserve costs: $m,0.0
South_Africa,South_Africa,Costs,2042.0,Startup costs: $m,0.0
South_Africa,South_Africa,Costs,2042.0,Trade shared benefits: $m,-204.1182929424656
South_Africa,South_Africa,Costs,2042.0,Transmission costs: $m,8.133456868588594
South_Africa,South_Africa,Costs,2042.0,Unmet country CO2 backstop cost: $m,0.0
South_Africa,South_Africa,Costs,2042.0,Unmet country planning reserve costs: $m,0.0
South_Africa,South_Africa,Costs,2042.0,Unmet country spinning reserve costs: $m,0.0
South_Africa,South_Africa,Costs,2042.0,Unmet demand costs: $m,0.0
South_Africa,South_Africa,Costs,2042.0,Unmet system CO2 backstop cost: $m,0.0
South_Africa,South_Africa,Costs,2042.0,Unmet system planning reserve costs: $m,0.0
South_Africa,South_Africa,Costs,2042.0,Unmet system spinning reserve costs: $m,6.418088293660663
South_Africa,South_Africa,Costs,2042.0,VRE curtailment: $m,0.0
South_Africa,South_Africa,Costs,2042.0,Variable O&M: $m,246.7127741870929
South_Africa,South_Africa,Costs,2045.0,Carbon costs: $m,4234.611007966631
South_Africa,South_Africa,Costs,2045.0,Excess generation: $m,0.0
South_Africa,South_Africa,Costs,2045.0,Export revenues with external zones: $m,0.0
South_Africa,South_Africa,Costs,2045.0,Export revenues with internal zones: $m,-670.823025241731
South_Africa,South_Africa,Costs,2045.0,Fixed O&M: $m,3149.667650712779
South_Africa,South_Africa,Costs,2045.0,Fuel costs: $m,0.0
South_Africa,South_Africa,Costs,2045.0,Generation costs: $m,0.0
South_Africa,South_Africa,Costs,2045.0,Import costs with external zones: $m,0.0
South_Africa,South_Africa,Costs,2045.0,Import costs with internal zones: $m,227.9988393680437
South_Africa,South_Africa,Costs,2045.0,NPV of system cost: $m,0.0
South_Africa,South_Africa,Costs,2045.0,Spinning reserve costs: $m,0.0
South_Africa,South_Africa,Costs,2045.0,Startup costs: $m,0.0
South_Africa,South_Africa,Costs,2045.0,Trade shared benefits: $m,-275.82501770804765
South_Africa,South_Africa,Costs,2045.0,Transmission costs: $m,8.133456868588594
South_Africa,South_Africa,Costs,2045.0,Unmet country CO2 backstop cost: $m,0.0
South_Africa,South_Africa,Costs,2045.0,Unmet country planning reserve costs: $m,0.0
South_Africa,South_Africa,Costs,2045.0,Unmet country spinning reserve costs: $m,0.0
South_Africa,South_Africa,Costs,2045.0,Unmet demand costs: $m,0.0
South_Africa,South_Africa,Costs,2045.0,Unmet system CO2 backstop cost: $m,0.0
South_Africa,South_Africa,Costs,2045.0,Unmet system planning reserve costs: $m,0.0
South_Africa,South_Africa,Costs,2045.0,Unmet system spinning reserve costs: $m,0.0
South_Africa,South_Africa,Costs,2045.0,VRE curtailment: $m,0.0
South_Africa,South_Africa,Costs,2045.0,Variable O&M: $m,250.447778676114
South_Africa,South_Africa,Costs,2048.0,Carbon costs: $m,4212.238561736993
South_Africa,South_Africa,Costs,2048.0,Excess generation: $m,0.0
South_Africa,South_Africa,Costs,2048.0,Export revenues with external zones: $m,0.0
South_Africa,South_Africa,Costs,2048.0,Export revenues with internal zones: $m,-642.8302641664661
South_Africa,South_Africa,Costs,2048.0,Fixed O&M: $m,3643.299212743406
South_Africa,South_Africa,Costs,2048.0,Fuel costs: $m,0.0
South_Africa,South_Africa,Costs,2048.0,Generation costs: $m,0.0
South_Africa,South_Africa,Costs,2048.0,Import costs with external zones: $m,0.0
South_Africa,South_Africa,Costs,2048.0,Import costs with internal zones: $m,254.9161074952167
South_Africa,South_Africa,Costs,2048.0,NPV of system cost: $m,0.0
South_Africa,South_Africa,Costs,2048.0,Spinning reserve costs: $m,0.0
South_Africa,South_Africa,Costs,2048.0,Startup costs: $m,0.0
South_Africa,South_Africa,Costs,2048.0,Trade shared benefits: $m,-188.83585125481068
South_Africa,South_Africa,Costs,2048.0,Transmission costs: $m,8.133456868588594
South_Africa,South_Africa,Costs,2048.0,Unmet country CO2 backstop cost: $m,0.0
South_Africa,South_Africa,Costs,2048.0,Unmet country planning reserve costs: $m,0.0
South_Africa,South_Africa,Costs,2048.0,Unmet country spinning reserve costs: $m,0.0
South_Africa,South_Africa,Costs,2048.0,Unmet demand costs: $m,0.0
South_Africa,South_Africa,Costs,2048.0,Unmet system CO2 backstop cost: $m,0.0
South_Africa,South_Africa,Costs,2048.0,Unmet system planning reserve costs: $m,0.0
South_Africa,South_Africa,Costs,2048.0,Unmet system spinning reserve costs: $m,0.0
South_Africa,South_Africa,Costs,2048.0,VRE curtailment: $m,0.0
South_Africa,South_Africa,Costs,2048.0,Variable O&M: $m,234.0422456240642
South_Africa,South_Africa,Costs,2050.0,Carbon costs: $m,4109.221624193748
South_Africa,South_Africa,Costs,2050.0,Excess generation: $m,0.0
South_Africa,South_Africa,Costs,2050.0,Export revenues with external zones: $m,0.0
South_Africa,South_Africa,Costs,2050.0,Export revenues with internal zones: $m,-547.514662193425
South_Africa,South_Africa,Costs,2050.0,Fixed O&M: $m,3897.480907209632
South_Africa,South_Africa,Costs,2050.0,Fuel costs: $m,0.0
South_Africa,South_Africa,Costs,2050.0,Generation costs: $m,0.0
South_Africa,South_Africa,Costs,2050.0,Import costs with external zones: $m,0.0
South_Africa,South_Africa,Costs,2050.0,Import costs with internal zones: $m,231.92713108213616
South_Africa,South_Africa,Costs,2050.0,NPV of system cost: $m,0.0
South_Africa,South_Africa,Costs,2050.0,Spinning reserve costs: $m,0.0
South_Africa,South_Africa,Costs,2050.0,Startup costs: $m,0.0
South_Africa,South_Africa,Costs,2050.0,Trade shared benefits: $m,-123.09707390541315
South_Africa,South_Africa,Costs,2050.0,Transmission costs: $m,8.133456868588594
South_Africa,South_Africa,Costs,2050.0,Unmet country CO2 backstop cost: $m,0.0
South_Africa,South_Africa,Costs,2050.0,Unmet country planning reserve costs: $m,0.0
South_Africa,South_Africa,Costs,2050.0,Unmet country spinning reserve costs: $m,0.0
South_Africa,South_Africa,Costs,2050.0,Unmet demand costs: $m,0.0
South_Africa,South_Africa,Costs,2050.0,Unmet system CO2 backstop cost: $m,0.0
South_Africa,South_Africa,Costs,2050.0,Unmet system planning reserve costs: $m,0.0
South_Africa,South_Africa,Costs,2050.0,Unmet system spinning reserve costs: $m,0.0
South_Africa,South_Africa,Costs,2050.0,VRE curtailment: $m,0.0
South_Africa,South_Africa,Costs,2050.0,Variable O&M: $m,218.8220850304995
South_Africa,South_Africa,DiscountedWeightedCostsCumulated,2025.0,Carbon costs: $m,180851.4498301096
South_Africa,South_Africa,DiscountedWeightedCostsCumulated,2025.0,Excess generation: $m,235421.7788656414
South_Africa,South_Africa,DiscountedWeightedCostsCumulated,2025.0,Export revenues with external zones: $m,235421.7788656414
South_Africa,South_Africa,DiscountedWeightedCostsCumulated,2025.0,Export revenues with internal zones: $m,235045.0622758604
South_Africa,South_Africa,DiscountedWeightedCostsCumulated,2025.0,Fixed O&M: $m,233459.6743649796
South_Africa,South_Africa,DiscountedWeightedCostsCumulated,2025.0,Fuel costs: $m,263269.6539665331
South_Africa,South_Africa,DiscountedWeightedCostsCumulated,2025.0,Generation costs: $m,263269.6539665331
South_Africa,South_Africa,DiscountedWeightedCostsCumulated,2025.0,Import costs with external zones: $m,263269.6539665331
South_Africa,South_Africa,DiscountedWeightedCostsCumulated,2025.0,Import costs with internal zones: $m,263322.44104083994
South_Africa,South_Africa,DiscountedWeightedCostsCumulated,2025.0,NPV of system cost: $m,265852.3630031395
South_Africa,South_Africa,DiscountedWeightedCostsCumulated,2025.0,Spinning reserve costs: $m,265852.3630031395
South_Africa,South_Africa,DiscountedWeightedCostsCumulated,2025.0,Startup costs: $m,265852.3630031395
South_Africa,South_Africa,DiscountedWeightedCostsCumulated,2025.0,Trade shared benefits: $m,261595.22264849875
South_Africa,South_Africa,DiscountedWeightedCostsCumulated,2025.0,Transmission costs: $m,250495.9600999005
South_Africa,South_Africa,DiscountedWeightedCostsCumulated,2025.0,Unmet country CO2 backstop cost: $m,250543.0546101684
South_Africa,South_Africa,DiscountedWeightedCostsCumulated,2025.0,Unmet country planning reserve costs: $m,250543.0546101684
South_Africa,South_Africa,DiscountedWeightedCostsCumulated,2025.0,Unmet country spinning reserve costs: $m,250543.0546101684
South_Africa,South_Africa,DiscountedWeightedCostsCumulated,2025.0,Unmet demand costs: $m,250543.0546101684
South_Africa,South_Africa,DiscountedWeightedCostsCumulated,2025.0,Unmet system CO2 backstop cost: $m,250543.0546101684
South_Africa,South_Africa,DiscountedWeightedCostsCumulated,2025.0,Unmet system planning reserve costs: $m,250543.0546101684
South_Africa,South_Africa,DiscountedWeightedCostsCumulated,2025.0,Unmet system spinning reserve costs: $m,250543.0546101684
South_Africa,South_Africa,DiscountedWeightedCostsCumulated,2025.0,VRE curtailment: $m,250547.82810681863
South_Africa,South_Africa,DiscountedWeightedCostsCumulated,2025.0,Variable O&M: $m,251062.98305040595
South_Africa,South_Africa,DiscountedWeightedCostsCumulated,2027.0,Carbon costs: $m,197287.5568325929
South_Africa,South_Africa,DiscountedWeightedCostsCumulated,2027.0,Excess generation: $m,235421.7788656414
South_Africa,South_Africa,DiscountedWeightedCostsCumulated,2027.0,Export revenues with external zones: $m,235421.7788656414
South_Africa,South_Africa,DiscountedWeightedCostsCumulated,2027.0,Export revenues with internal zones: $m,233971.7311733139
South_Africa,South_Africa,DiscountedWeightedCostsCumulated,2027.0,Fixed O&M: $m,238418.4642740705
South_Africa,South_Africa,DiscountedWeightedCostsCumulated,2027.0,Fuel costs: $m,263269.6539665331
South_Africa,South_Africa,DiscountedWeightedCostsCumulated,2027.0,Generation costs: $m,263269.6539665331
South_Africa,South_Africa,DiscountedWeightedCostsCumulated,2027.0,Import costs with external zones: $m,263269.6539665331
South_Africa,South_Africa,DiscountedWeightedCostsCumulated,2027.0,Import costs with internal zones: $m,263466.2910163799
South_Africa,South_Africa,DiscountedWeightedCostsCumulated,2027.0,NPV of system cost: $m,265852.3630031395
South_Africa,South_Africa,DiscountedWeightedCostsCumulated,2027.0,Spinning reserve costs: $m,265852.3630031395
South_Africa,South_Africa,DiscountedWeightedCostsCumulated,2027.0,Startup costs: $m,265852.3630031395
South_Africa,South_Africa,DiscountedWeightedCostsCumulated,2027.0,Trade shared benefits: $m,251569.6514383696
South_Africa,South_Africa,DiscountedWeightedCostsCumulated,2027.0,Transmission costs: $m,250495.9600999005
South_Africa,South_Africa,DiscountedWeightedCostsCumulated,2027.0,Unmet country CO2 backstop cost: $m,250543.0546101684
South_Africa,South_Africa,DiscountedWeightedCostsCumulated,2027.0,Unmet country planning reserve costs: $m,250543.0546101684
South_Africa,South_Africa,DiscountedWeightedCostsCumulated,2027.0,Unmet country spinning reserve costs: $m,250543.0546101684
South_Africa,South_Africa,DiscountedWeightedCostsCumulated,2027.0,Unmet demand costs: $m,250543.0546101684
South_Africa,South_Africa,DiscountedWeightedCostsCumulated,2027.0,Unmet system CO2 backstop cost: $m,250543.0546101684
South_Africa,South_Africa,DiscountedWeightedCostsCumulated,2027.0,Unmet system planning reserve costs: $m,250543.0546101684
South_Africa,South_Africa,DiscountedWeightedCostsCumulated,2027.0,Unmet system spinning reserve costs: $m,250543.0546101684
South_Africa,South_Africa,DiscountedWeightedCostsCumulated,2027.0,VRE curtailment: $m,250547.82810681863
South_Africa,South_Africa,DiscountedWeightedCostsCumulated,2027.0,Variable O&M: $m,251967.7167617192
South_Africa,South_Africa,DiscountedWeightedCostsCumulated,2030.0,Carbon costs: $m,210322.6172653261
South_Africa,South_Africa,DiscountedWeightedCostsCumulated,2030.0,Excess generation: $m,235421.7788656414
South_Africa,South_Africa,DiscountedWeightedCostsCumulated,2030.0,Export revenues with external zones: $m,235421.7788656414
South_Africa,South_Africa,DiscountedWeightedCostsCumulated,2030.0,Export revenues with internal zones: $m,233306.7092893253
South_Africa,South_Africa,DiscountedWeightedCostsCumulated,2030.0,Fixed O&M: $m,245297.2701612692
South_Africa,South_Africa,DiscountedWeightedCostsCumulated,2030.0,Fuel costs: $m,263269.6539665331
South_Africa,South_Africa,DiscountedWeightedCostsCumulated,2030.0,Generation costs: $m,263269.6539665331
South_Africa,South_Africa,DiscountedWeightedCostsCumulated,2030.0,Import costs with external zones: $m,263269.6539665331
South_Africa,South_Africa,DiscountedWeightedCostsCumulated,2030.0,Import costs with internal zones: $m,264241.9620620091
South_Africa,South_Africa,DiscountedWeightedCostsCumulated,2030.0,NPV of system cost: $m,265852.3630031395
South_Africa,South_Africa,DiscountedWeightedCostsCumulated,2030.0,Spinning reserve costs: $m,265852.3630031395
South_Africa,South_Africa,DiscountedWeightedCostsCumulated,2030.0,Startup costs: $m,265852.3630031395
South_Africa,South_Africa,DiscountedWeightedCostsCumulated,2030.0,Trade shared benefits: $m,251312.136782995
South_Africa,South_Africa,DiscountedWeightedCostsCumulated,2030.0,Transmission costs: $m,250505.1537506925
South_Africa,South_Africa,DiscountedWeightedCostsCumulated,2030.0,Unmet country CO2 backstop cost: $m,250543.0546101684
South_Africa,South_Africa,DiscountedWeightedCostsCumulated,2030.0,Unmet country planning reserve costs: $m,250543.0546101684
South_Africa,South_Africa,DiscountedWeightedCostsCumulated,2030.0,Unmet country spinning reserve costs: $m,250543.0546101684
South_Africa,South_Africa,DiscountedWeightedCostsCumulated,2030.0,Unmet demand costs: $m,250543.0546101684
South_Africa,South_Africa,DiscountedWeightedCostsCumulated,2030.0,Unmet system CO2 backstop cost: $m,250543.0546101684
South_Africa,South_Africa,DiscountedWeightedCostsCumulated,2030.0,Unmet system planning reserve costs: $m,250543.0546101684
South_Africa,South_Africa,DiscountedWeightedCostsCumulated,2030.0,Unmet system spinning reserve costs: $m,250543.0546101684
South_Africa,South_Africa,DiscountedWeightedCostsCumulated,2030.0,VRE curtailment: $m,250547.82810681863
South_Africa,South_Africa,DiscountedWeightedCostsCumulated,2030.0,Variable O&M: $m,252791.7482080362
South_Africa,South_Africa,DiscountedWeightedCostsCumulated,2032.0,Carbon costs: $m,216374.86392545496
South_Africa,South_Africa,DiscountedWeightedCostsCumulated,2032.0,Excess generation: $m,235421.7788656414
South_Africa,South_Africa,DiscountedWeightedCostsCumulated,2032.0,Export revenues with external zones: $m,235421.7788656414
South_Africa,South_Africa,DiscountedWeightedCostsCumulated,2032.0,Export revenues with internal zones: $m,232991.0653618141
South_Africa,South_Africa,DiscountedWeightedCostsCumulated,2032.0,Fixed O&M: $m,248837.9288797665
South_Africa,South_Africa,DiscountedWeightedCostsCumulated,2032.0,Fuel costs: $m,263269.6539665331
South_Africa,South_Africa,DiscountedWeightedCostsCumulated,2032.0,Generation costs: $m,263269.6539665331
South_Africa,South_Africa,DiscountedWeightedCostsCumulated,2032.0,Import costs with external zones: $m,263269.6539665331
South_Africa,South_Africa,DiscountedWeightedCostsCumulated,2032.0,Import costs with internal zones: $m,264543.87150775944
South_Africa,South_Africa,DiscountedWeightedCostsCumulated,2032.0,NPV of system cost: $m,265852.3630031395
South_Africa,South_Africa,DiscountedWeightedCostsCumulated,2032.0,Spinning reserve costs: $m,265852.3630031395
South_Africa,South_Africa,DiscountedWeightedCostsCumulated,2032.0,Startup costs: $m,265852.3630031395
South_Africa,South_Africa,DiscountedWeightedCostsCumulated,2032.0,Trade shared benefits: $m,251151.2493504172
South_Africa,South_Africa,DiscountedWeightedCostsCumulated,2032.0,Transmission costs: $m,250509.98339371663
South_Africa,South_Africa,DiscountedWeightedCostsCumulated,2032.0,Unmet country CO2 backstop cost: $m,250543.0546101684
South_Africa,South_Africa,DiscountedWeightedCostsCumulated,2032.0,Unmet country planning reserve costs: $m,250543.0546101684
South_Africa,South_Africa,DiscountedWeightedCostsCumulated,2032.0,Unmet country spinning reserve costs: $m,250543.0546101684
South_Africa,South_Africa,DiscountedWeightedCostsCumulated,2032.0,Unmet demand costs: $m,250543.0546101684
South_Africa,South_Africa,DiscountedWeightedCostsCumulated,2032.0,Unmet system CO2 backstop cost: $m,250543.0546101684
South_Africa,South_Africa,DiscountedWeightedCostsCumulated,2032.0,Unmet system planning reserve costs: $m,250543.0546101684
South_Africa,South_Africa,DiscountedWeightedCostsCumulated,2032.0,Unmet system spinning reserve costs: $m,250543.0546101684
South_Africa,South_Africa,DiscountedWeightedCostsCumulated,2032.0,VRE curtailment: $m,250547.82810681863
South_Africa,South_Africa,DiscountedWeightedCostsCumulated,2032.0,Variable O&M: $m,253191.2043890812
South_Africa,South_Africa,DiscountedWeightedCostsCumulated,2035.0,Carbon costs: $m,222376.80817244708
South_Africa,South_Africa,DiscountedWeightedCostsCumulated,2035.0,Excess generation: $m,235421.7788656414
South_Africa,South_Africa,DiscountedWeightedCostsCumulated,2035.0,Export revenues with external zones: $m,235421.7788656414
South_Africa,South_Africa,DiscountedWeightedCostsCumulated,2035.0,Export revenues with internal zones: $m,232516.84788909488
South_Africa,South_Africa,DiscountedWeightedCostsCumulated,2035.0,Fixed O&M: $m,253008.27945661743
South_Africa,South_Africa,DiscountedWeightedCostsCumulated,2035.0,Fuel costs: $m,263269.6539665331
South_Africa,South_Africa,DiscountedWeightedCostsCumulated,2035.0,Generation costs: $m,263269.6539665331
South_Africa,South_Africa,DiscountedWeightedCostsCumulated,2035.0,Import costs with external zones: $m,263269.6539665331
South_Africa,South_Africa,DiscountedWeightedCostsCumulated,2035.0,Import costs with internal zones: $m,265103.82372128736
South_Africa,South_Africa,DiscountedWeightedCostsCumulated,2035.0,NPV of system cost: $m,265852.3630031395
South_Africa,South_Africa,DiscountedWeightedCostsCumulated,2035.0,Spinning reserve costs: $m,265852.3630031395
South_Africa,South_Africa,DiscountedWeightedCostsCumulated,2035.0,Startup costs: $m,265852.3630031395
South_Africa,South_Africa,DiscountedWeightedCostsCumulated,2035.0,Trade shared benefits: $m,250967.40165349955
South_Africa,South_Africa,DiscountedWeightedCostsCumulated,2035.0,Transmission costs: $m,250518.096998916
South_Africa,South_Africa,DiscountedWeightedCostsCumulated,2035.0,Unmet country CO2 backstop cost: $m,250543.0546101684
South_Africa,South_Africa,DiscountedWeightedCostsCumulated,2035.0,Unmet country planning reserve costs: $m,250543.0546101684
South_Africa,South_Africa,DiscountedWeightedCostsCumulated,2035.0,Unmet country spinning reserve costs: $m,250543.0546101684
South_Africa,South_Africa,DiscountedWeightedCostsCumulated,2035.0,Unmet demand costs: $m,250543.0546101684
South_Africa,South_Africa,DiscountedWeightedCostsCumulated,2035.0,Unmet system CO2 backstop cost: $m,250543.0546101684
South_Africa,South_Africa,DiscountedWeightedCostsCumulated,2035.0,Unmet system planning reserve costs: $m,250543.0546101684
South_Africa,South_Africa,DiscountedWeightedCostsCumulated,2035.0,Unmet system spinning reserve costs: $m,250543.0546101684
South_Africa,South_Africa,DiscountedWeightedCostsCumulated,2035.0,VRE curtailment: $m,250547.82810681863
South_Africa,South_Africa,DiscountedWeightedCostsCumulated,2035.0,Variable O&M: $m,253608.61362788288
South_Africa,South_Africa,DiscountedWeightedCostsCumulated,2038.0,Carbon costs: $m,226905.2249644457
South_Africa,South_Africa,DiscountedWeightedCostsCumulated,2038.0,Excess generation: $m,235421.7788656414
South_Africa,South_Africa,DiscountedWeightedCostsCumulated,2038.0,Export revenues with external zones: $m,235421.7788656414
South_Africa,South_Africa,DiscountedWeightedCostsCumulated,2038.0,Export revenues with internal zones: $m,232091.42384256743
South_Africa,South_Africa,DiscountedWeightedCostsCumulated,2038.0,Fixed O&M: $m,256431.90202337893
South_Africa,South_Africa,DiscountedWeightedCostsCumulated,2038.0,Fuel costs: $m,263269.6539665331
South_Africa,South_Africa,DiscountedWeightedCostsCumulated,2038.0,Generation costs: $m,263269.6539665331
South_Africa,South_Africa,DiscountedWeightedCostsCumulated,2038.0,Import costs with external zones: $m,263269.6539665331
South_Africa,South_Africa,DiscountedWeightedCostsCumulated,2038.0,Import costs with internal zones: $m,265406.4836821197
South_Africa,South_Africa,DiscountedWeightedCostsCumulated,2038.0,NPV of system cost: $m,265852.3630031395
South_Africa,South_Africa,DiscountedWeightedCostsCumulated,2038.0,Spinning reserve costs: $m,265852.3630031395
South_Africa,South_Africa,DiscountedWeightedCostsCumulated,2038.0,Startup costs: $m,265852.3630031395
South_Africa,South_Africa,DiscountedWeightedCostsCumulated,2038.0,Trade shared benefits: $m,250893.2995837294
South_Africa,South_Africa,DiscountedWeightedCostsCumulated,2038.0,Transmission costs: $m,250526.2511835964
South_Africa,South_Africa,DiscountedWeightedCostsCumulated,2038.0,Unmet country CO2 backstop cost: $m,250543.0546101684
South_Africa,South_Africa,DiscountedWeightedCostsCumulated,2038.0,Unmet country planning reserve costs: $m,250543.0546101684
South_Africa,South_Africa,DiscountedWeightedCostsCumulated,2038.0,Unmet country spinning reserve costs: $m,250543.0546101684
South_Africa,South_Africa,DiscountedWeightedCostsCumulated,2038.0,Unmet demand costs: $m,250543.0546101684
South_Africa,South_Africa,DiscountedWeightedCostsCumulated,2038.0,Unmet system CO2 backstop cost: $m,250543.0546101684
South_Africa,South_Africa,DiscountedWeightedCostsCumulated,2038.0,Unmet system planning reserve costs: $m,250543.0546101684
South_Africa,South_Africa,DiscountedWeightedCostsCumulated,2038.0,Unmet system spinning reserve costs: $m,250543.2046902384
South_Africa,South_Africa,DiscountedWeightedCostsCumulated,2038.0,VRE curtailment: $m,250547.82810681863
South_Africa,South_Africa,DiscountedWeightedCostsCumulated,2038.0,Variable O&M: $m,253914.0781174619
South_Africa,South_Africa,DiscountedWeightedCostsCumulated,2040.0,Carbon costs: $m,229099.7173232413
South_Africa,South_Africa,DiscountedWeightedCostsCumulated,2040.0,Excess generation: $m,235421.7788656414
South_Africa,South_Africa,DiscountedWeightedCostsCumulated,2040.0,Export revenues with external zones: $m,235421.7788656414
South_Africa,South_Africa,DiscountedWeightedCostsCumulated,2040.0,Export revenues with internal zones: $m,231841.1455318309
South_Africa,South_Africa,DiscountedWeightedCostsCumulated,2040.0,Fixed O&M: $m,258106.4308420395
South_Africa,South_Africa,DiscountedWeightedCostsCumulated,2040.0,Fuel costs: $m,263269.6539665331
South_Africa,South_Africa,DiscountedWeightedCostsCumulated,2040.0,Generation costs: $m,263269.6539665331
South_Africa,South_Africa,DiscountedWeightedCostsCumulated,2040.0,Import costs with external zones: $m,263269.6539665331
South_Africa,South_Africa,DiscountedWeightedCostsCumulated,2040.0,Import costs with internal zones: $m,265519.6655148799
South_Africa,South_Africa,DiscountedWeightedCostsCumulated,2040.0,NPV of system cost: $m,265852.3630031395
South_Africa,South_Africa,DiscountedWeightedCostsCumulated,2040.0,Spinning reserve costs: $m,265852.3630031395
South_Africa,South_Africa,DiscountedWeightedCostsCumulated,2040.0,Startup costs: $m,265852.3630031395
South_Africa,South_Africa,DiscountedWeightedCostsCumulated,2040.0,Trade shared benefits: $m,250824.6917790796
South_Africa,South_Africa,DiscountedWeightedCostsCumulated,2040.0,Transmission costs: $m,250530.53477039447
South_Africa,South_Africa,DiscountedWeightedCostsCumulated,2040.0,Unmet country CO2 backstop cost: $m,250543.0546101684
South_Africa,South_Africa,DiscountedWeightedCostsCumulated,2040.0,Unmet country planning reserve costs: $m,250543.0546101684
South_Africa,South_Africa,DiscountedWeightedCostsCumulated,2040.0,Unmet country spinning reserve costs: $m,250543.0546101684
South_Africa,South_Africa,DiscountedWeightedCostsCumulated,2040.0,Unmet demand costs: $m,250543.0546101684
South_Africa,South_Africa,DiscountedWeightedCostsCumulated,2040.0,Unmet system CO2 backstop cost: $m,250543.0546101684
South_Africa,South_Africa,DiscountedWeightedCostsCumulated,2040.0,Unmet system planning reserve costs: $m,250543.0546101684
South_Africa,South_Africa,DiscountedWeightedCostsCumulated,2040.0,Unmet system spinning reserve costs: $m,250545.03458080112
South_Africa,South_Africa,DiscountedWeightedCostsCumulated,2040.0,VRE curtailment: $m,250547.82810681863
South_Africa,South_Africa,DiscountedWeightedCostsCumulated,2040.0,Variable O&M: $m,254057.90293924403
South_Africa,South_Africa,DiscountedWeightedCostsCumulated,2042.0,Carbon costs: $m,230780.6945954411
South_Africa,South_Africa,DiscountedWeightedCostsCumulated,2042.0,Excess generation: $m,235421.7788656414
South_Africa,South_Africa,DiscountedWeightedCostsCumulated,2042.0,Export revenues with external zones: $m,235421.7788656414
South_Africa,South_Africa,DiscountedWeightedCostsCumulated,2042.0,Export revenues with internal zones: $m,231600.048484474
South_Africa,South_Africa,DiscountedWeightedCostsCumulated,2042.0,Fixed O&M: $m,259449.6399992969
South_Africa,South_Africa,DiscountedWeightedCostsCumulated,2042.0,Fuel costs: $m,263269.6539665331
South_Africa,South_Africa,DiscountedWeightedCostsCumulated,2042.0,Generation costs: $m,263269.6539665331
South_Africa,South_Africa,DiscountedWeightedCostsCumulated,2042.0,Import costs with external zones: $m,263269.6539665331
South_Africa,South_Africa,DiscountedWeightedCostsCumulated,2042.0,Import costs with internal zones: $m,265589.440637094
South_Africa,South_Africa,DiscountedWeightedCostsCumulated,2042.0,NPV of system cost: $m,265852.3630031395
South_Africa,South_Africa,DiscountedWeightedCostsCumulated,2042.0,Spinning reserve costs: $m,265852.3630031395
South_Africa,South_Africa,DiscountedWeightedCostsCumulated,2042.0,Startup costs: $m,265852.3630031395
South_Africa,South_Africa,DiscountedWeightedCostsCumulated,2042.0,Trade shared benefits: $m,250735.84760369547
South_Africa,South_Africa,DiscountedWeightedCostsCumulated,2042.0,Transmission costs: $m,250534.07492477307
South_Africa,South_Africa,DiscountedWeightedCostsCumulated,2042.0,Unmet country CO2 backstop cost: $m,250543.0546101684
South_Africa,South_Africa,DiscountedWeightedCostsCumulated,2042.0,Unmet country planning reserve costs: $m,250543.0546101684
South_Africa,South_Africa,DiscountedWeightedCostsCumulated,2042.0,Unmet country spinning reserve costs: $m,250543.0546101684
South_Africa,South_Africa,DiscountedWeightedCostsCumulated,2042.0,Unmet demand costs: $m,250543.0546101684
South_Africa,South_Africa,DiscountedWeightedCostsCumulated,2042.0,Unmet system CO2 backstop cost: $m,250543.0546101684
South_Africa,South_Africa,DiscountedWeightedCostsCumulated,2042.0,Unmet system planning reserve costs: $m,250543.0546101684
South_Africa,South_Africa,DiscountedWeightedCostsCumulated,2042.0,Unmet system spinning reserve costs: $m,250547.82810681863
South_Africa,South_Africa,DiscountedWeightedCostsCumulated,2042.0,VRE curtailment: $m,250547.82810681863
South_Africa,South_Africa,DiscountedWeightedCostsCumulated,2042.0,Variable O&M: $m,254165.28671491347
South_Africa,South_Africa,DiscountedWeightedCostsCumulated,2045.0,Carbon costs: $m,232959.2574850217
South_Africa,South_Africa,DiscountedWeightedCostsCumulated,2045.0,Excess generation: $m,235421.7788656414
South_Africa,South_Africa,DiscountedWeightedCostsCumulated,2045.0,Export revenues with external zones: $m,235421.7788656414
South_Africa,South_Africa,DiscountedWeightedCostsCumulated,2045.0,Export revenues with internal zones: $m,231254.9329247405
South_Africa,South_Africa,DiscountedWeightedCostsCumulated,2045.0,Fixed O&M: $m,261070.0365470428
South_Africa,South_Africa,DiscountedWeightedCostsCumulated,2045.0,Fuel costs: $m,263269.6539665331
South_Africa,South_Africa,DiscountedWeightedCostsCumulated,2045.0,Generation costs: $m,263269.6539665331
South_Africa,South_Africa,DiscountedWeightedCostsCumulated,2045.0,Import costs with external zones: $m,263269.6539665331
South_Africa,South_Africa,DiscountedWeightedCostsCumulated,2045.0,Import costs with internal zones: $m,265706.7382612158
South_Africa,South_Africa,DiscountedWeightedCostsCumulated,2045.0,NPV of system cost: $m,265852.3630031395
South_Africa,South_Africa,DiscountedWeightedCostsCumulated,2045.0,Spinning reserve costs: $m,265852.3630031395
South_Africa,South_Africa,DiscountedWeightedCostsCumulated,2045.0,Startup costs: $m,265852.3630031395
South_Africa,South_Africa,DiscountedWeightedCostsCumulated,2045.0,Trade shared benefits: $m,250593.94504252367
South_Africa,South_Africa,DiscountedWeightedCostsCumulated,2045.0,Transmission costs: $m,250538.2593108393
South_Africa,South_Africa,DiscountedWeightedCostsCumulated,2045.0,Unmet country CO2 backstop cost: $m,250543.0546101684
South_Africa,South_Africa,DiscountedWeightedCostsCumulated,2045.0,Unmet country planning reserve costs: $m,250543.0546101684
South_Africa,South_Africa,DiscountedWeightedCostsCumulated,2045.0,Unmet country spinning reserve costs: $m,250543.0546101684
South_Africa,South_Africa,DiscountedWeightedCostsCumulated,2045.0,Unmet demand costs: $m,250543.0546101684
South_Africa,South_Africa,DiscountedWeightedCostsCumulated,2045.0,Unmet system CO2 backstop cost: $m,250543.0546101684
South_Africa,South_Africa,DiscountedWeightedCostsCumulated,2045.0,Unmet system planning reserve costs: $m,250543.0546101684
South_Africa,South_Africa,DiscountedWeightedCostsCumulated,2045.0,Unmet system spinning reserve costs: $m,250547.82810681863
South_Africa,South_Africa,DiscountedWeightedCostsCumulated,2045.0,VRE curtailment: $m,250547.82810681863
South_Africa,South_Africa,DiscountedWeightedCostsCumulated,2045.0,Variable O&M: $m,254294.13355240933
South_Africa,South_Africa,DiscountedWeightedCostsCumulated,2048.0,Carbon costs: $m,234587.39650026275
South_Africa,South_Africa,DiscountedWeightedCostsCumulated,2048.0,Excess generation: $m,235421.7788656414
South_Africa,South_Africa,DiscountedWeightedCostsCumulated,2048.0,Export revenues with external zones: $m,235421.7788656414
South_Africa,South_Africa,DiscountedWeightedCostsCumulated,2048.0,Export revenues with internal zones: $m,231006.4624219598
South_Africa,South_Africa,DiscountedWeightedCostsCumulated,2048.0,Fixed O&M: $m,262478.2658069777
South_Africa,South_Africa,DiscountedWeightedCostsCumulated,2048.0,Fuel costs: $m,263269.6539665331
South_Africa,South_Africa,DiscountedWeightedCostsCumulated,2048.0,Generation costs: $m,263269.6539665331
South_Africa,South_Africa,DiscountedWeightedCostsCumulated,2048.0,Import costs with external zones: $m,263269.6539665331
South_Africa,South_Africa,DiscountedWeightedCostsCumulated,2048.0,Import costs with internal zones: $m,265805.26992179087
South_Africa,South_Africa,DiscountedWeightedCostsCumulated,2048.0,NPV of system cost: $m,265852.3630031395
South_Africa,South_Africa,DiscountedWeightedCostsCumulated,2048.0,Spinning reserve costs: $m,265852.3630031395
South_Africa,South_Africa,DiscountedWeightedCostsCumulated,2048.0,Startup costs: $m,265852.3630031395
South_Africa,South_Africa,DiscountedWeightedCostsCumulated,2048.0,Trade shared benefits: $m,250520.95510797983
South_Africa,South_Africa,DiscountedWeightedCostsCumulated,2048.0,Transmission costs: $m,250541.40310202367
South_Africa,South_Africa,DiscountedWeightedCostsCumulated,2048.0,Unmet country CO2 backstop cost: $m,250543.0546101684
South_Africa,South_Africa,DiscountedWeightedCostsCumulated,2048.0,Unmet country planning reserve costs: $m,250543.0546101684
South_Africa,South_Africa,DiscountedWeightedCostsCumulated,2048.0,Unmet country spinning reserve costs: $m,250543.0546101684
South_Africa,South_Africa,DiscountedWeightedCostsCumulated,2048.0,Unmet demand costs: $m,250543.0546101684
South_Africa,South_Africa,DiscountedWeightedCostsCumulated,2048.0,Unmet system CO2 backstop cost: $m,250543.0546101684
South_Africa,South_Africa,DiscountedWeightedCostsCumulated,2048.0,Unmet system planning reserve costs: $m,250543.0546101684
South_Africa,South_Africa,DiscountedWeightedCostsCumulated,2048.0,Unmet system spinning reserve costs: $m,250547.82810681863
South_Africa,South_Africa,DiscountedWeightedCostsCumulated,2048.0,VRE curtailment: $m,250547.82810681863
South_Africa,South_Africa,DiscountedWeightedCostsCumulated,2048.0,Variable O&M: $m,254384.5969261547
South_Africa,South_Africa,DiscountedWeightedCostsCumulated,2050.0,Carbon costs: $m,235421.7788656414
South_Africa,South_Africa,DiscountedWeightedCostsCumulated,2050.0,Excess generation: $m,235421.7788656414
South_Africa,South_Africa,DiscountedWeightedCostsCumulated,2050.0,Export revenues with external zones: $m,235421.7788656414
South_Africa,South_Africa,DiscountedWeightedCostsCumulated,2050.0,Export revenues with internal zones: $m,230895.2889149796
South_Africa,South_Africa,DiscountedWeightedCostsCumulated,2050.0,Fixed O&M: $m,263269.6539665331
South_Africa,South_Africa,DiscountedWeightedCostsCumulated,2050.0,Fuel costs: $m,263269.6539665331
South_Africa,South_Africa,DiscountedWeightedCostsCumulated,2050.0,Generation costs: $m,263269.6539665331
South_Africa,South_Africa,DiscountedWeightedCostsCumulated,2050.0,Import costs with external zones: $m,263269.6539665331
South_Africa,South_Africa,DiscountedWeightedCostsCumulated,2050.0,Import costs with internal zones: $m,265852.3630031395
South_Africa,South_Africa,DiscountedWeightedCostsCumulated,2050.0,NPV of system cost: $m,265852.3630031395
South_Africa,South_Africa,DiscountedWeightedCostsCumulated,2050.0,Spinning reserve costs: $m,265852.3630031395
South_Africa,South_Africa,DiscountedWeightedCostsCumulated,2050.0,Startup costs: $m,265852.3630031395
South_Africa,South_Africa,DiscountedWeightedCostsCumulated,2050.0,Trade shared benefits: $m,250495.9600999005
South_Africa,South_Africa,DiscountedWeightedCostsCumulated,2050.0,Transmission costs: $m,250543.0546101684
South_Africa,South_Africa,DiscountedWeightedCostsCumulated,2050.0,Unmet country CO2 backstop cost: $m,250543.0546101684
South_Africa,South_Africa,DiscountedWeightedCostsCumulated,2050.0,Unmet country planning reserve costs: $m,250543.0546101684
South_Africa,South_Africa,DiscountedWeightedCostsCumulated,2050.0,Unmet country spinning reserve costs: $m,250543.0546101684
South_Africa,South_Africa,DiscountedWeightedCostsCumulated,2050.0,Unmet demand costs: $m,250543.0546101684
South_Africa,South_Africa,DiscountedWeightedCostsCumulated,2050.0,Unmet system CO2 backstop cost: $m,250543.0546101684
South_Africa,South_Africa,DiscountedWeightedCostsCumulated,2050.0,Unmet system planning reserve costs: $m,250543.0546101684
South_Africa,South_Africa,DiscountedWeightedCostsCumulated,2050.0,Unmet system spinning reserve costs: $m,250547.82810681863
South_Africa,South_Africa,DiscountedWeightedCostsCumulated,2050.0,VRE curtailment: $m,250547.82810681863
South_Africa,South_Africa,DiscountedWeightedCostsCumulated,2050.0,Variable O&M: $m,254429.0290122291
South_Africa,South_Africa,GenCostsPerMWh,2025.0,Fixed O&M: $m,11.608337145950692
South_Africa,South_Africa,GenCostsPerMWh,2025.0,Investment costs: $m,0.7832777357819883
South_Africa,South_Africa,GenCostsPerMWh,2025.0,Variable Cost: $m,2.3319787076332035
South_Africa,South_Africa,GenCostsPerMWh,2027.0,Fixed O&M: $m,11.70515307161395
South_Africa,South_Africa,GenCostsPerMWh,2027.0,Investment costs: $m,2.439721234550794
South_Africa,South_Africa,GenCostsPerMWh,2027.0,Variable Cost: $m,2.135611061189712
South_Africa,South_Africa,GenCostsPerMWh,2030.0,Fixed O&M: $m,13.547399129707138
South_Africa,South_Africa,GenCostsPerMWh,2030.0,Investment costs: $m,6.456999829955119
South_Africa,South_Africa,GenCostsPerMWh,2030.0,Variable Cost: $m,1.6228809304624272
South_Africa,South_Africa,GenCostsPerMWh,2032.0,Fixed O&M: $m,12.737791780626896
South_Africa,South_Africa,GenCostsPerMWh,2032.0,Investment costs: $m,7.808294005472474
South_Africa,South_Africa,GenCostsPerMWh,2032.0,Variable Cost: $m,1.4370743028839494
South_Africa,South_Africa,GenCostsPerMWh,2035.0,Fixed O&M: $m,11.913449371251282
South_Africa,South_Africa,GenCostsPerMWh,2035.0,Investment costs: $m,9.550661957052965
South_Africa,South_Africa,GenCostsPerMWh,2035.0,Variable Cost: $m,1.19241386111765
South_Africa,South_Africa,GenCostsPerMWh,2038.0,Fixed O&M: $m,11.999957013873674
South_Africa,South_Africa,GenCostsPerMWh,2038.0,Investment costs: $m,10.392055245346556
South_Africa,South_Africa,GenCostsPerMWh,2038.0,Variable Cost: $m,1.070667304217644
South_Africa,South_Africa,GenCostsPerMWh,2040.0,Fixed O&M: $m,10.616405987352096
South_Africa,South_Africa,GenCostsPerMWh,2040.0,Investment costs: $m,10.401604696311397
South_Africa,South_Africa,GenCostsPerMWh,2040.0,Variable Cost: $m,0.911840203693155
South_Africa,South_Africa,GenCostsPerMWh,2042.0,Fixed O&M: $m,9.85756536578248
South_Africa,South_Africa,GenCostsPerMWh,2042.0,Investment costs: $m,10.41434036707982
South_Africa,South_Africa,GenCostsPerMWh,2042.0,Variable Cost: $m,0.7880698118880165
South_Africa,South_Africa,GenCostsPerMWh,2045.0,Fixed O&M: $m,9.394431236411256
South_Africa,South_Africa,GenCostsPerMWh,2045.0,Investment costs: $m,10.828295327310064
South_Africa,South_Africa,GenCostsPerMWh,2045.0,Variable Cost: $m,0.7470040321721719
South_Africa,South_Africa,GenCostsPerMWh,2048.0,Fixed O&M: $m,10.179036576919325
South_Africa,South_Africa,GenCostsPerMWh,2048.0,Investment costs: $m,13.45442425031219
South_Africa,South_Africa,GenCostsPerMWh,2048.0,Variable Cost: $m,0.6538921015377687
South_Africa,South_Africa,GenCostsPerMWh,2050.0,Fixed O&M: $m,10.511866598455205
South_Africa,South_Africa,GenCostsPerMWh,2050.0,Investment costs: $m,14.205584687125745
South_Africa,South_Africa,GenCostsPerMWh,2050.0,Variable Cost: $m,0.5901834085656257
South_Africa,South_Africa,NetPresentCostPerMWh,,Carbon costs: $m,23.861648290938312
South_Africa,South_Africa,NetPresentCostPerMWh,,Excess generation: $m,0.0
South_Africa,South_Africa,NetPresentCostPerMWh,,Export revenues with external zones: $m,0.0
South_Africa,South_Africa,NetPresentCostPerMWh,,Export revenues with internal zones: $m,-1.6974608563938742
South_Africa,South_Africa,NetPresentCostPerMWh,,Fixed O&M: $m,12.140580897033372
South_Africa,South_Africa,NetPresentCostPerMWh,,Fuel costs: $m,0.0
South_Africa,South_Africa,NetPresentCostPerMWh,,Generation costs: $m,0.0
South_Africa,South_Africa,NetPresentCostPerMWh,,Import costs with external zones: $m,0.0
South_Africa,South_Africa,NetPresentCostPerMWh,,Import costs with internal zones: $m,0.9685313655569416
South_Africa,South_Africa,NetPresentCostPerMWh,,NPV of system cost: $m,0.0
South_Africa,South_Africa,NetPresentCostPerMWh,,Spinning reserve costs: $m,0.0
South_Africa,South_Africa,NetPresentCostPerMWh,,Startup costs: $m,0.0
South_Africa,South_Africa,NetPresentCostPerMWh,,Trade shared benefits: $m,-5.758743111635642
South_Africa,South_Africa,NetPresentCostPerMWh,,Transmission costs: $m,0.0176607235632942
South_Africa,South_Africa,NetPresentCostPerMWh,,Unmet country CO2 backstop cost: $m,0.0
South_Africa,South_Africa,NetPresentCostPerMWh,,Unmet country planning reserve costs: $m,0.0
South_Africa,South_Africa,NetPresentCostPerMWh,,Unmet country spinning reserve costs: $m,0.0
South_Africa,South_Africa,NetPresentCostPerMWh,,Unmet demand costs: $m,0.0
South_Africa,South_Africa,NetPresentCostPerMWh,,Unmet system CO2 backstop cost: $m,0.0
South_Africa,South_Africa,NetPresentCostPerMWh,,Unmet system planning reserve costs: $m,0.0
South_Africa,South_Africa,NetPresentCostPerMWh,,Unmet system spinning reserve costs: $m,0.0017900898489424
South_Africa,South_Africa,NetPresentCostPerMWh,,VRE curtailment: $m,0.0
South_Africa,South_Africa,NetPresentCostPerMWh,,Variable O&M: $m,1.4554735975436155
Tanzania,Tanzania,Costs,2025.0,Carbon costs: $m,91.67733111437704
Tanzania,Tanzania,Costs,2025.0,Excess generation: $m,0.0
Tanzania,Tanzania,Costs,2025.0,Export revenues with external zones: $m,0.0
Tanzania,Tanzania,Costs,2025.0,Export revenues with internal zones: $m,0.0
Tanzania,Tanzania,Costs,2025.0,Fixed O&M: $m,165.1572
Tanzania,Tanzania,Costs,2025.0,Fuel costs: $m,193.25318656954587
Tanzania,Tanzania,Costs,2025.0,Generation costs: $m,0.0
Tanzania,Tanzania,Costs,2025.0,Import costs with external zones: $m,0.0
Tanzania,Tanzania,Costs,2025.0,Import costs with internal zones: $m,0.0
Tanzania,Tanzania,Costs,2025.0,NPV of system cost: $m,0.0
Tanzania,Tanzania,Costs,2025.0,Spinning reserve costs: $m,0.0
Tanzania,Tanzania,Costs,2025.0,Startup costs: $m,0.0
Tanzania,Tanzania,Costs,2025.0,Trade shared benefits: $m,0.0
Tanzania,Tanzania,Costs,2025.0,Transmission costs: $m,0.0
Tanzania,Tanzania,Costs,2025.0,Unmet country CO2 backstop cost: $m,0.0
Tanzania,Tanzania,Costs,2025.0,Unmet country planning reserve costs: $m,0.0
Tanzania,Tanzania,Costs,2025.0,Unmet country spinning reserve costs: $m,0.0
Tanzania,Tanzania,Costs,2025.0,Unmet demand costs: $m,0.0
Tanzania,Tanzania,Costs,2025.0,Unmet system CO2 backstop cost: $m,0.0
Tanzania,Tanzania,Costs,2025.0,Unmet system planning reserve costs: $m,0.0
Tanzania,Tanzania,Costs,2025.0,Unmet system spinning reserve costs: $m,0.0
Tanzania,Tanzania,Costs,2025.0,VRE curtailment: $m,0.0
Tanzania,Tanzania,Costs,2025.0,Variable O&M: $m,16.269890222360264
Tanzania,Tanzania,Costs,2027.0,Carbon costs: $m,91.59822688493458
Tanzania,Tanzania,Costs,2027.0,Excess generation: $m,0.0
Tanzania,Tanzania,Costs,2027.0,Export revenues with external zones: $m,0.0
Tanzania,Tanzania,Costs,2027.0,Export revenues with internal zones: $m,0.0
Tanzania,Tanzania,Costs,2027.0,Fixed O&M: $m,184.7922
Tanzania,Tanzania,Costs,2027.0,Fuel costs: $m,191.3707456783244
Tanzania,Tanzania,Costs,2027.0,Generation costs: $m,0.0
Tanzania,Tanzania,Costs,2027.0,Import costs with external zones: $m,0.0
Tanzania,Tanzania,Costs,2027.0,Import costs with internal zones: $m,0.0
Tanzania,Tanzania,Costs,2027.0,NPV of system cost: $m,0.0
Tanzania,Tanzania,Costs,2027.0,Spinning reserve costs: $m,0.0
Tanzania,Tanzania,Costs,2027.0,Startup costs: $m,0.0
Tanzania,Tanzania,Costs,2027.0,Trade shared benefits: $m,0.0
Tanzania,Tanzania,Costs,2027.0,Transmission costs: $m,0.0
Tanzania,Tanzania,Costs,2027.0,Unmet country CO2 backstop cost: $m,0.0
Tanzania,Tanzania,Costs,2027.0,Unmet country planning reserve costs: $m,0.0
Tanzania,Tanzania,Costs,2027.0,Unmet country spinning reserve costs: $m,0.0
Tanzania,Tanzania,Costs,2027.0,Unmet demand costs: $m,0.0
Tanzania,Tanzania,Costs,2027.0,Unmet system CO2 backstop cost: $m,0.0
Tanzania,Tanzania,Costs,2027.0,Unmet system planning reserve costs: $m,0.0
Tanzania,Tanzania,Costs,2027.0,Unmet system spinning reserve costs: $m,0.0
Tanzania,Tanzania,Costs,2027.0,VRE curtailment: $m,0.0
Tanzania,Tanzania,Costs,2027.0,Variable O&M: $m,15.708000498482436
Tanzania,Tanzania,Costs,2030.0,Carbon costs: $m,47.226939895167526
Tanzania,Tanzania,Costs,2030.0,Excess generation: $m,0.0
Tanzania,Tanzania,Costs,2030.0,Export revenues with external zones: $m,0.0
Tanzania,Tanzania,Costs,2030.0,Export revenues with internal zones: $m,-10.840753964526822
Tanzania,Tanzania,Costs,2030.0,Fixed O&M: $m,223.08
Tanzania,Tanzania,Costs,2030.0,Fuel costs: $m,101.73005495917162
Tanzania,Tanzania,Costs,2030.0,Generation costs: $m,0.0
Tanzania,Tanzania,Costs,2030.0,Import costs with external zones: $m,0.0
Tanzania,Tanzania,Costs,2030.0,Import costs with internal zones: $m,85.40270766892776
Tanzania,Tanzania,Costs,2030.0,NPV of system cost: $m,0.0
Tanzania,Tanzania,Costs,2030.0,Spinning reserve costs: $m,0.0
Tanzania,Tanzania,Costs,2030.0,Startup costs: $m,0.0
Tanzania,Tanzania,Costs,2030.0,Trade shared benefits: $m,-3.397080132668863
Tanzania,Tanzania,Costs,2030.0,Transmission costs: $m,9.500142066208006
Tanzania,Tanzania,Costs,2030.0,Unmet country CO2 backstop cost: $m,0.0
Tanzania,Tanzania,Costs,2030.0,Unmet country planning reserve costs: $m,0.0
Tanzania,Tanzania,Costs,2030.0,Unmet country spinning reserve costs: $m,0.0
Tanzania,Tanzania,Costs,2030.0,Unmet demand costs: $m,0.0
Tanzania,Tanzania,Costs,2030.0,Unmet system CO2 backstop cost: $m,0.0
Tanzania,Tanzania,Costs,2030.0,Unmet system planning reserve costs: $m,0.0
Tanzania,Tanzania,Costs,2030.0,Unmet system spinning reserve costs: $m,0.0
Tanzania,Tanzania,Costs,2030.0,VRE curtailment: $m,0.0
Tanzania,Tanzania,Costs,2030.0,Variable O&M: $m,12.325475664597532
Tanzania,Tanzania,Costs,2032.0,Carbon costs: $m,75.36531992829335
Tanzania,Tanzania,Costs,2032.0,Excess generation: $m,0.0
Tanzania,Tanzania,Costs,2032.0,Export revenues with external zones: $m,0.0
Tanzania,Tanzania,Costs,2032.0,Export revenues with internal zones: $m,-61.32577832581177
Tanzania,Tanzania,Costs,2032.0,Fixed O&M: $m,230.80205317619712
Tanzania,Tanzania,Costs,2032.0,Fuel costs: $m,153.35064690607928
Tanzania,Tanzania,Costs,2032.0,Generation costs: $m,0.0
Tanzania,Tanzania,Costs,2032.0,Import costs with external zones: $m,0.0
Tanzania,Tanzania,Costs,2032.0,Import costs with internal zones: $m,30.82057542739594
Tanzania,Tanzania,Costs,2032.0,NPV of system cost: $m,0.0
Tanzania,Tanzania,Costs,2032.0,Spinning reserve costs: $m,0.0
Tanzania,Tanzania,Costs,2032.0,Startup costs: $m,0.0
Tanzania,Tanzania,Costs,2032.0,Trade shared benefits: $m,-25.53354663132688
Tanzania,Tanzania,Costs,2032.0,Transmission costs: $m,9.500142066208006
Tanzania,Tanzania,Costs,2032.0,Unmet country CO2 backstop cost: $m,0.0
Tanzania,Tanzania,Costs,2032.0,Unmet country planning reserve costs: $m,0.0
Tanzania,Tanzania,Costs,2032.0,Unmet country spinning reserve costs: $m,0.0
Tanzania,Tanzania,Costs,2032.0,Unmet demand costs: $m,0.0
Tanzania,Tanzania,Costs,2032.0,Unmet system CO2 backstop cost: $m,0.0
Tanzania,Tanzania,Costs,2032.0,Unmet system planning reserve costs: $m,0.0
Tanzania,Tanzania,Costs,2032.0,Unmet system spinning reserve costs: $m,0.0
Tanzania,Tanzania,Costs,2032.0,VRE curtailment: $m,0.0
Tanzania,Tanzania,Costs,2032.0,Variable O&M: $m,15.642816633069746
Tanzania,Tanzania,Costs,2035.0,Carbon costs: $m,12.626540573491203
Tanzania,Tanzania,Costs,2035.0,Excess generation: $m,0.0
Tanzania,Tanzania,Costs,2035.0,Export revenues with external zones: $m,0.0
Tanzania,Tanzania,Costs,2035.0,Export revenues with internal zones: $m,-22.6859488512588
Tanzania,Tanzania,Costs,2035.0,Fixed O&M: $m,262.7142648091492
Tanzania,Tanzania,Costs,2035.0,Fuel costs: $m,32.06374944307201
Tanzania,Tanzania,Costs,2035.0,Generation costs: $m,0.0
Tanzania,Tanzania,Costs,2035.0,Import costs with external zones: $m,0.0
Tanzania,Tanzania,Costs,2035.0,Import costs with internal zones: $m,170.19679762207645
Tanzania,Tanzania,Costs,2035.0,NPV of system cost: $m,0.0
Tanzania,Tanzania,Costs,2035.0,Spinning reserve costs: $m,0.0
Tanzania,Tanzania,Costs,2035.0,Startup costs: $m,0.0
Tanzania,Tanzania,Costs,2035.0,Trade shared benefits: $m,-39.80251421474342
Tanzania,Tanzania,Costs,2035.0,Transmission costs: $m,9.500142066208006
Tanzania,Tanzania,Costs,2035.0,Unmet country CO2 backstop cost: $m,0.0
Tanzania,Tanzania,Costs,2035.0,Unmet country planning reserve costs: $m,0.0
Tanzania,Tanzania,Costs,2035.0,Unmet country spinning reserve costs: $m,0.0
Tanzania,Tanzania,Costs,2035.0,Unmet demand costs: $m,0.0
Tanzania,Tanzania,Costs,2035.0,Unmet system CO2 backstop cost: $m,0.0
Tanzania,Tanzania,Costs,2035.0,Unmet system planning reserve costs: $m,0.0
Tanzania,Tanzania,Costs,2035.0,Unmet system spinning reserve costs: $m,0.0
Tanzania,Tanzania,Costs,2035.0,VRE curtailment: $m,0.0
Tanzania,Tanzania,Costs,2035.0,Variable O&M: $m,13.223382343656136
Tanzania,Tanzania,Costs,2038.0,Carbon costs: $m,0.0
Tanzania,Tanzania,Costs,2038.0,Excess generation: $m,0.0
Tanzania,Tanzania,Costs,2038.0,Export revenues with external zones: $m,0.0
Tanzania,Tanzania,Costs,2038.0,Export revenues with internal zones: $m,-133.94699018273343
Tanzania,Tanzania,Costs,2038.0,Fixed O&M: $m,300.9544514587517
Tanzania,Tanzania,Costs,2038.0,Fuel costs: $m,9.058350145536002
Tanzania,Tanzania,Costs,2038.0,Generation costs: $m,0.0
Tanzania,Tanzania,Costs,2038.0,Import costs with external zones: $m,0.0
Tanzania,Tanzania,Costs,2038.0,Import costs with internal zones: $m,186.98115999003497
Tanzania,Tanzania,Costs,2038.0,NPV of system cost: $m,0.0
Tanzania,Tanzania,Costs,2038.0,Spinning reserve costs: $m,0.0
Tanzania,Tanzania,Costs,2038.0,Startup costs: $m,0.0
Tanzania,Tanzania,Costs,2038.0,Trade shared benefits: $m,-18.88149122555103
Tanzania,Tanzania,Costs,2038.0,Transmission costs: $m,10.923885261152192
Tanzania,Tanzania,Costs,2038.0,Unmet country CO2 backstop cost: $m,0.0
Tanzania,Tanzania,Costs,2038.0,Unmet country planning reserve costs: $m,0.0
Tanzania,Tanzania,Costs,2038.0,Unmet country spinning reserve costs: $m,0.0
Tanzania,Tanzania,Costs,2038.0,Unmet demand costs: $m,0.0
Tanzania,Tanzania,Costs,2038.0,Unmet system CO2 backstop cost: $m,0.0
Tanzania,Tanzania,Costs,2038.0,Unmet system planning reserve costs: $m,0.0
Tanzania,Tanzania,Costs,2038.0,Unmet system spinning reserve costs: $m,0.0116505802319833
Tanzania,Tanzania,Costs,2038.0,VRE curtailment: $m,0.0
Tanzania,Tanzania,Costs,2038.0,Variable O&M: $m,22.618338159431552
Tanzania,Tanzania,Costs,2040.0,Carbon costs: $m,0.0
Tanzania,Tanzania,Costs,2040.0,Excess generation: $m,0.0
Tanzania,Tanzania,Costs,2040.0,Export revenues with external zones: $m,0.0
Tanzania,Tanzania,Costs,2040.0,Export revenues with internal zones: $m,-140.03220812678146
Tanzania,Tanzania,Costs,2040.0,Fixed O&M: $m,334.4114651230382
Tanzania,Tanzania,Costs,2040.0,Fuel costs: $m,9.435781401600002
Tanzania,Tanzania,Costs,2040.0,Generation costs: $m,0.0
Tanzania,Tanzania,Costs,2040.0,Import costs with external zones: $m,0.0
Tanzania,Tanzania,Costs,2040.0,Import costs with internal zones: $m,213.18048004207333
Tanzania,Tanzania,Costs,2040.0,NPV of system cost: $m,0.0
Tanzania,Tanzania,Costs,2040.0,Spinning reserve costs: $m,0.0
Tanzania,Tanzania,Costs,2040.0,Startup costs: $m,0.0
Tanzania,Tanzania,Costs,2040.0,Trade shared benefits: $m,-19.615906933137
Tanzania,Tanzania,Costs,2040.0,Transmission costs: $m,11.1729001596732
Tanzania,Tanzania,Costs,2040.0,Unmet country CO2 backstop cost: $m,0.0
Tanzania,Tanzania,Costs,2040.0,Unmet country planning reserve costs: $m,0.0
Tanzania,Tanzania,Costs,2040.0,Unmet country spinning reserve costs: $m,0.0
Tanzania,Tanzania,Costs,2040.0,Unmet demand costs: $m,0.0
Tanzania,Tanzania,Costs,2040.0,Unmet system CO2 backstop cost: $m,0.0
Tanzania,Tanzania,Costs,2040.0,Unmet system planning reserve costs: $m,0.0
Tanzania,Tanzania,Costs,2040.0,Unmet system spinning reserve costs: $m,0.284131639616407
Tanzania,Tanzania,Costs,2040.0,VRE curtailment: $m,0.0
Tanzania,Tanzania,Costs,2040.0,Variable O&M: $m,31.14116884104168
Tanzania,Tanzania,Costs,2042.0,Carbon costs: $m,0.0
Tanzania,Tanzania,Costs,2042.0,Excess generation: $m,0.0
Tanzania,Tanzania,Costs,2042.0,Export revenues with external zones: $m,0.0
Tanzania,Tanzania,Costs,2042.0,Export revenues with internal zones: $m,-146.4177075667956
Tanzania,Tanzania,Costs,2042.0,Fixed O&M: $m,371.4364304643895
Tanzania,Tanzania,Costs,2042.0,Fuel costs: $m,8.744837684046626
Tanzania,Tanzania,Costs,2042.0,Generation costs: $m,0.0
Tanzania,Tanzania,Costs,2042.0,Import costs with external zones: $m,0.0
Tanzania,Tanzania,Costs,2042.0,Import costs with internal zones: $m,223.84976346370632
Tanzania,Tanzania,Costs,2042.0,NPV of system cost: $m,0.0
Tanzania,Tanzania,Costs,2042.0,Spinning reserve costs: $m,0.0
Tanzania,Tanzania,Costs,2042.0,Startup costs: $m,0.0
Tanzania,Tanzania,Costs,2042.0,Trade shared benefits: $m,-22.0818953099255
Tanzania,Tanzania,Costs,2042.0,Transmission costs: $m,11.50725104418182
Tanzania,Tanzania,Costs,2042.0,Unmet country CO2 backstop cost: $m,0.0
Tanzania,Tanzania,Costs,2042.0,Unmet country planning reserve costs: $m,0.0
Tanzania,Tanzania,Costs,2042.0,Unmet country spinning reserve costs: $m,0.0
Tanzania,Tanzania,Costs,2042.0,Unmet demand costs: $m,0.0
Tanzania,Tanzania,Costs,2042.0,Unmet system CO2 backstop cost: $m,0.0
Tanzania,Tanzania,Costs,2042.0,Unmet system planning reserve costs: $m,0.0
Tanzania,Tanzania,Costs,2042.0,Unmet system spinning reserve costs: $m,0.5514797221323082
Tanzania,Tanzania,Costs,2042.0,VRE curtailment: $m,0.0
Tanzania,Tanzania,Costs,2042.0,Variable O&M: $m,40.571650702122255
Tanzania,Tanzania,Costs,2045.0,Carbon costs: $m,0.0
Tanzania,Tanzania,Costs,2045.0,Excess generation: $m,0.0
Tanzania,Tanzania,Costs,2045.0,Export revenues with external zones: $m,0.0
Tanzania,Tanzania,Costs,2045.0,Export revenues with internal zones: $m,-140.03057599534412
Tanzania,Tanzania,Costs,2045.0,Fixed O&M: $m,422.1171599473408
Tanzania,Tanzania,Costs,2045.0,Fuel costs: $m,6.970080860159999
Tanzania,Tanzania,Costs,2045.0,Generation costs: $m,0.0
Tanzania,Tanzania,Costs,2045.0,Import costs with external zones: $m,0.0
Tanzania,Tanzania,Costs,2045.0,Import costs with internal zones: $m,247.656524165631
Tanzania,Tanzania,Costs,2045.0,NPV of system cost: $m,0.0
Tanzania,Tanzania,Costs,2045.0,Spinning reserve costs: $m,0.0
Tanzania,Tanzania,Costs,2045.0,Startup costs: $m,0.0
Tanzania,Tanzania,Costs,2045.0,Trade shared benefits: $m,-24.396718190883195
Tanzania,Tanzania,Costs,2045.0,Transmission costs: $m,12.556494507167717
Tanzania,Tanzania,Costs,2045.0,Unmet country CO2 backstop cost: $m,0.0
Tanzania,Tanzania,Costs,2045.0,Unmet country planning reserve costs: $m,0.0
Tanzania,Tanzania,Costs,2045.0,Unmet country spinning reserve costs: $m,0.0
Tanzania,Tanzania,Costs,2045.0,Unmet demand costs: $m,0.0
Tanzania,Tanzania,Costs,2045.0,Unmet system CO2 backstop cost: $m,0.0
Tanzania,Tanzania,Costs,2045.0,Unmet system planning reserve costs: $m,0.0
Tanzania,Tanzania,Costs,2045.0,Unmet system spinning reserve costs: $m,0.0
Tanzania,Tanzania,Costs,2045.0,VRE curtailment: $m,0.0
Tanzania,Tanzania,Costs,2045.0,Variable O&M: $m,55.92863757003276
Tanzania,Tanzania,Costs,2048.0,Carbon costs: $m,0.0
Tanzania,Tanzania,Costs,2048.0,Excess generation: $m,0.0
Tanzania,Tanzania,Costs,2048.0,Export revenues with external zones: $m,0.0
Tanzania,Tanzania,Costs,2048.0,Export revenues with internal zones: $m,-143.4371071854351
Tanzania,Tanzania,Costs,2048.0,Fixed O&M: $m,481.48125696593934
Tanzania,Tanzania,Costs,2048.0,Fuel costs: $m,7.350267088896
Tanzania,Tanzania,Costs,2048.0,Generation costs: $m,0.0
Tanzania,Tanzania,Costs,2048.0,Import costs with external zones: $m,0.0
Tanzania,Tanzania,Costs,2048.0,Import costs with internal zones: $m,261.10809063076107
Tanzania,Tanzania,Costs,2048.0,NPV of system cost: $m,0.0
Tanzania,Tanzania,Costs,2048.0,Spinning reserve costs: $m,0.0
Tanzania,Tanzania,Costs,2048.0,Startup costs: $m,0.0
Tanzania,Tanzania,Costs,2048.0,Trade shared benefits: $m,-22.494925637878573
Tanzania,Tanzania,Costs,2048.0,Transmission costs: $m,12.983726161004082
Tanzania,Tanzania,Costs,2048.0,Unmet country CO2 backstop cost: $m,0.0
Tanzania,Tanzania,Costs,2048.0,Unmet country planning reserve costs: $m,0.0
Tanzania,Tanzania,Costs,2048.0,Unmet country spinning reserve costs: $m,0.0
Tanzania,Tanzania,Costs,2048.0,Unmet demand costs: $m,0.0
Tanzania,Tanzania,Costs,2048.0,Unmet system CO2 backstop cost: $m,0.0
Tanzania,Tanzania,Costs,2048.0,Unmet system planning reserve costs: $m,0.0
Tanzania,Tanzania,Costs,2048.0,Unmet system spinning reserve costs: $m,0.0
Tanzania,Tanzania,Costs,2048.0,VRE curtailment: $m,0.0
Tanzania,Tanzania,Costs,2048.0,Variable O&M: $m,67.96654434823219
Tanzania,Tanzania,Costs,2050.0,Carbon costs: $m,0.0
Tanzania,Tanzania,Costs,2050.0,Excess generation: $m,0.0
Tanzania,Tanzania,Costs,2050.0,Export revenues with external zones: $m,0.0
Tanzania,Tanzania,Costs,2050.0,Export revenues with internal zones: $m,-147.8984179092775
Tanzania,Tanzania,Costs,2050.0,Fixed O&M: $m,530.9091759974676
Tanzania,Tanzania,Costs,2050.0,Fuel costs: $m,3.801862287359999
Tanzania,Tanzania,Costs,2050.0,Generation costs: $m,0.0
Tanzania,Tanzania,Costs,2050.0,Import costs with external zones: $m,0.0
Tanzania,Tanzania,Costs,2050.0,Import costs with internal zones: $m,272.67148338490955
Tanzania,Tanzania,Costs,2050.0,NPV of system cost: $m,0.0
Tanzania,Tanzania,Costs,2050.0,Spinning reserve costs: $m,0.0
Tanzania,Tanzania,Costs,2050.0,Startup costs: $m,0.0
Tanzania,Tanzania,Costs,2050.0,Trade shared benefits: $m,-26.112881348557007
Tanzania,Tanzania,Costs,2050.0,Transmission costs: $m,13.361457302922396
Tanzania,Tanzania,Costs,2050.0,Unmet country CO2 backstop cost: $m,0.0
Tanzania,Tanzania,Costs,2050.0,Unmet country planning reserve costs: $m,0.0
Tanzania,Tanzania,Costs,2050.0,Unmet country spinning reserve costs: $m,0.0
Tanzania,Tanzania,Costs,2050.0,Unmet demand costs: $m,0.0
Tanzania,Tanzania,Costs,2050.0,Unmet system CO2 backstop cost: $m,0.0
Tanzania,Tanzania,Costs,2050.0,Unmet system planning reserve costs: $m,0.0
Tanzania,Tanzania,Costs,2050.0,Unmet system spinning reserve costs: $m,0.0
Tanzania,Tanzania,Costs,2050.0,VRE curtailment: $m,0.0
Tanzania,Tanzania,Costs,2050.0,Variable O&M: $m,78.64476064140841
Tanzania,Tanzania,DiscountedWeightedCostsCumulated,2025.0,Carbon costs: $m,254520.70634334348
Tanzania,Tanzania,DiscountedWeightedCostsCumulated,2025.0,Excess generation: $m,254890.6739793532
Tanzania,Tanzania,DiscountedWeightedCostsCumulated,2025.0,Export revenues with external zones: $m,254890.6739793532
Tanzania,Tanzania,DiscountedWeightedCostsCumulated,2025.0,Export revenues with internal zones: $m,254890.6739793532
Tanzania,Tanzania,DiscountedWeightedCostsCumulated,2025.0,Fixed O&M: $m,254503.74665086152
Tanzania,Tanzania,DiscountedWeightedCostsCumulated,2025.0,Fuel costs: $m,257274.10914604992
Tanzania,Tanzania,DiscountedWeightedCostsCumulated,2025.0,Generation costs: $m,258081.64567587303
Tanzania,Tanzania,DiscountedWeightedCostsCumulated,2025.0,Import costs with external zones: $m,258081.64567587303
Tanzania,Tanzania,DiscountedWeightedCostsCumulated,2025.0,Import costs with internal zones: $m,258081.64567587303
Tanzania,Tanzania,DiscountedWeightedCostsCumulated,2025.0,NPV of system cost: $m,259207.95100276088
Tanzania,Tanzania,DiscountedWeightedCostsCumulated,2025.0,Spinning reserve costs: $m,259207.95100276088
Tanzania,Tanzania,DiscountedWeightedCostsCumulated,2025.0,Startup costs: $m,259207.95100276088
Tanzania,Tanzania,DiscountedWeightedCostsCumulated,2025.0,Trade shared benefits: $m,259207.95100276088
Tanzania,Tanzania,DiscountedWeightedCostsCumulated,2025.0,Transmission costs: $m,259053.2920013693
Tanzania,Tanzania,DiscountedWeightedCostsCumulated,2025.0,Unmet country CO2 backstop cost: $m,259133.1465678468
Tanzania,Tanzania,DiscountedWeightedCostsCumulated,2025.0,Unmet country planning reserve costs: $m,259133.1465678468
Tanzania,Tanzania,DiscountedWeightedCostsCumulated,2025.0,Unmet country spinning reserve costs: $m,259133.1465678468
Tanzania,Tanzania,DiscountedWeightedCostsCumulated,2025.0,Unmet demand costs: $m,259133.1465678468
Tanzania,Tanzania,DiscountedWeightedCostsCumulated,2025.0,Unmet system CO2 backstop cost: $m,259133.1465678468
Tanzania,Tanzania,DiscountedWeightedCostsCumulated,2025.0,Unmet system planning reserve costs: $m,259133.1465678468
Tanzania,Tanzania,DiscountedWeightedCostsCumulated,2025.0,Unmet system spinning reserve costs: $m,259133.1465678468
Tanzania,Tanzania,DiscountedWeightedCostsCumulated,2025.0,VRE curtailment: $m,259133.54792571088
Tanzania,Tanzania,DiscountedWeightedCostsCumulated,2025.0,Variable O&M: $m,259149.81781593323
Tanzania,Tanzania,DiscountedWeightedCostsCumulated,2027.0,Carbon costs: $m,254687.24857404336
Tanzania,Tanzania,DiscountedWeightedCostsCumulated,2027.0,Excess generation: $m,254890.6739793532
Tanzania,Tanzania,DiscountedWeightedCostsCumulated,2027.0,Export revenues with external zones: $m,254890.6739793532
Tanzania,Tanzania,DiscountedWeightedCostsCumulated,2027.0,Export revenues with internal zones: $m,254890.6739793532
Tanzania,Tanzania,DiscountedWeightedCostsCumulated,2027.0,Fixed O&M: $m,254839.7324690433
Tanzania,Tanzania,DiscountedWeightedCostsCumulated,2027.0,Fuel costs: $m,257622.05595637416
Tanzania,Tanzania,DiscountedWeightedCostsCumulated,2027.0,Generation costs: $m,258081.64567587303
Tanzania,Tanzania,DiscountedWeightedCostsCumulated,2027.0,Import costs with external zones: $m,258081.64567587303
Tanzania,Tanzania,DiscountedWeightedCostsCumulated,2027.0,Import costs with internal zones: $m,258081.64567587303
Tanzania,Tanzania,DiscountedWeightedCostsCumulated,2027.0,NPV of system cost: $m,259207.95100276088
Tanzania,Tanzania,DiscountedWeightedCostsCumulated,2027.0,Spinning reserve costs: $m,259207.95100276088
Tanzania,Tanzania,DiscountedWeightedCostsCumulated,2027.0,Startup costs: $m,259207.95100276088
Tanzania,Tanzania,DiscountedWeightedCostsCumulated,2027.0,Trade shared benefits: $m,259207.95100276088
Tanzania,Tanzania,DiscountedWeightedCostsCumulated,2027.0,Transmission costs: $m,259053.2920013693
Tanzania,Tanzania,DiscountedWeightedCostsCumulated,2027.0,Unmet country CO2 backstop cost: $m,259133.1465678468
Tanzania,Tanzania,DiscountedWeightedCostsCumulated,2027.0,Unmet country planning reserve costs: $m,259133.1465678468
Tanzania,Tanzania,DiscountedWeightedCostsCumulated,2027.0,Unmet country spinning reserve costs: $m,259133.1465678468
Tanzania,Tanzania,DiscountedWeightedCostsCumulated,2027.0,Unmet demand costs: $m,259133.1465678468
Tanzania,Tanzania,DiscountedWeightedCostsCumulated,2027.0,Unmet system CO2 backstop cost: $m,259133.1465678468
Tanzania,Tanzania,DiscountedWeightedCostsCumulated,2027.0,Unmet system planning reserve costs: $m,259133.1465678468
Tanzania,Tanzania,DiscountedWeightedCostsCumulated,2027.0,Unmet system spinning reserve costs: $m,259133.1465678468
Tanzania,Tanzania,DiscountedWeightedCostsCumulated,2027.0,VRE curtailment: $m,259133.54792571088
Tanzania,Tanzania,DiscountedWeightedCostsCumulated,2027.0,Variable O&M: $m,259178.37781683955
Tanzania,Tanzania,DiscountedWeightedCostsCumulated,2030.0,Carbon costs: $m,254788.74170791547
Tanzania,Tanzania,DiscountedWeightedCostsCumulated,2030.0,Excess generation: $m,254890.6739793532
Tanzania,Tanzania,DiscountedWeightedCostsCumulated,2030.0,Export revenues with external zones: $m,254890.6739793532
Tanzania,Tanzania,DiscountedWeightedCostsCumulated,2030.0,Export revenues with internal zones: $m,254867.37663898265
Tanzania,Tanzania,DiscountedWeightedCostsCumulated,2030.0,Fixed O&M: $m,255319.14291474337
Tanzania,Tanzania,DiscountedWeightedCostsCumulated,2030.0,Fuel costs: $m,257840.67910048863
Tanzania,Tanzania,DiscountedWeightedCostsCumulated,2030.0,Generation costs: $m,258081.64567587303
Tanzania,Tanzania,DiscountedWeightedCostsCumulated,2030.0,Import costs with external zones: $m,258081.64567587303
Tanzania,Tanzania,DiscountedWeightedCostsCumulated,2030.0,Import costs with internal zones: $m,258265.1805070885
Tanzania,Tanzania,DiscountedWeightedCostsCumulated,2030.0,NPV of system cost: $m,259207.95100276088
Tanzania,Tanzania,DiscountedWeightedCostsCumulated,2030.0,Spinning reserve costs: $m,259207.95100276088
Tanzania,Tanzania,DiscountedWeightedCostsCumulated,2030.0,Startup costs: $m,259207.95100276088
Tanzania,Tanzania,DiscountedWeightedCostsCumulated,2030.0,Trade shared benefits: $m,259200.65050204148
Tanzania,Tanzania,DiscountedWeightedCostsCumulated,2030.0,Transmission costs: $m,259073.708297506
Tanzania,Tanzania,DiscountedWeightedCostsCumulated,2030.0,Unmet country CO2 backstop cost: $m,259133.1465678468
Tanzania,Tanzania,DiscountedWeightedCostsCumulated,2030.0,Unmet country planning reserve costs: $m,259133.1465678468
Tanzania,Tanzania,DiscountedWeightedCostsCumulated,2030.0,Unmet country spinning reserve costs: $m,259133.1465678468
Tanzania,Tanzania,DiscountedWeightedCostsCumulated,2030.0,Unmet demand costs: $m,259133.1465678468
Tanzania,Tanzania,DiscountedWeightedCostsCumulated,2030.0,Unmet system CO2 backstop cost: $m,259133.1465678468
Tanzania,Tanzania,DiscountedWeightedCostsCumulated,2030.0,Unmet system planning reserve costs: $m,259133.1465678468
Tanzania,Tanzania,DiscountedWeightedCostsCumulated,2030.0,Unmet system spinning reserve costs: $m,259133.1465678468
Tanzania,Tanzania,DiscountedWeightedCostsCumulated,2030.0,VRE curtailment: $m,259133.54792571088
Tanzania,Tanzania,DiscountedWeightedCostsCumulated,2030.0,Variable O&M: $m,259204.8659008535
Tanzania,Tanzania,DiscountedWeightedCostsCumulated,2032.0,Carbon costs: $m,254873.82522457483
Tanzania,Tanzania,DiscountedWeightedCostsCumulated,2032.0,Excess generation: $m,254890.6739793532
Tanzania,Tanzania,DiscountedWeightedCostsCumulated,2032.0,Export revenues with external zones: $m,254890.6739793532
Tanzania,Tanzania,DiscountedWeightedCostsCumulated,2032.0,Export revenues with internal zones: $m,254798.14303277223
Tanzania,Tanzania,DiscountedWeightedCostsCumulated,2032.0,Fixed O&M: $m,255579.70639878503
Tanzania,Tanzania,DiscountedWeightedCostsCumulated,2032.0,Fuel costs: $m,258013.8039851593
Tanzania,Tanzania,DiscountedWeightedCostsCumulated,2032.0,Generation costs: $m,258081.64567587303
Tanzania,Tanzania,DiscountedWeightedCostsCumulated,2032.0,Import costs with external zones: $m,258081.64567587303
Tanzania,Tanzania,DiscountedWeightedCostsCumulated,2032.0,Import costs with internal zones: $m,258299.97532976457
Tanzania,Tanzania,DiscountedWeightedCostsCumulated,2032.0,NPV of system cost: $m,259207.95100276088
Tanzania,Tanzania,DiscountedWeightedCostsCumulated,2032.0,Spinning reserve costs: $m,259207.95100276088
Tanzania,Tanzania,DiscountedWeightedCostsCumulated,2032.0,Startup costs: $m,259207.95100276088
Tanzania,Tanzania,DiscountedWeightedCostsCumulated,2032.0,Trade shared benefits: $m,259171.8244592111
Tanzania,Tanzania,DiscountedWeightedCostsCumulated,2032.0,Transmission costs: $m,259084.4334625624
Tanzania,Tanzania,DiscountedWeightedCostsCumulated,2032.0,Unmet country CO2 backstop cost: $m,259133.1465678468
Tanzania,Tanzania,DiscountedWeightedCostsCumulated,2032.0,Unmet country planning reserve costs: $m,259133.1465678468
Tanzania,Tanzania,DiscountedWeightedCostsCumulated,2032.0,Unmet country spinning reserve costs: $m,259133.1465678468
Tanzania,Tanzania,DiscountedWeightedCostsCumulated,2032.0,Unmet demand costs: $m,259133.1465678468
Tanzania,Tanzania,DiscountedWeightedCostsCumulated,2032.0,Unmet system CO2 backstop cost: $m,259133.1465678468
Tanzania,Tanzania,DiscountedWeightedCostsCumulated,2032.0,Unmet system planning reserve costs: $m,259133.1465678468
Tanzania,Tanzania,DiscountedWeightedCostsCumulated,2032.0,Unmet system spinning reserve costs: $m,259133.1465678468
Tanzania,Tanzania,DiscountedWeightedCostsCumulated,2032.0,VRE curtailment: $m,259133.54792571088
Tanzania,Tanzania,DiscountedWeightedCostsCumulated,2032.0,Variable O&M: $m,259222.52582521745
Tanzania,Tanzania,DiscountedWeightedCostsCumulated,2035.0,Carbon costs: $m,254890.6739793532
Tanzania,Tanzania,DiscountedWeightedCostsCumulated,2035.0,Excess generation: $m,254890.6739793532
Tanzania,Tanzania,DiscountedWeightedCostsCumulated,2035.0,Export revenues with external zones: $m,254890.6739793532
Tanzania,Tanzania,DiscountedWeightedCostsCumulated,2035.0,Export revenues with internal zones: $m,254767.871084024
Tanzania,Tanzania,DiscountedWeightedCostsCumulated,2035.0,Fixed O&M: $m,255930.2702130597
Tanzania,Tanzania,DiscountedWeightedCostsCumulated,2035.0,Fuel costs: $m,258056.5895960316
Tanzania,Tanzania,DiscountedWeightedCostsCumulated,2035.0,Generation costs: $m,258081.64567587303
Tanzania,Tanzania,DiscountedWeightedCostsCumulated,2035.0,Import costs with external zones: $m,258081.64567587303
Tanzania,Tanzania,DiscountedWeightedCostsCumulated,2035.0,Import costs with internal zones: $m,258527.0845756027
Tanzania,Tanzania,DiscountedWeightedCostsCumulated,2035.0,NPV of system cost: $m,259207.95100276088
Tanzania,Tanzania,DiscountedWeightedCostsCumulated,2035.0,Spinning reserve costs: $m,259207.95100276088
Tanzania,Tanzania,DiscountedWeightedCostsCumulated,2035.0,Startup costs: $m,259207.95100276088
Tanzania,Tanzania,DiscountedWeightedCostsCumulated,2035.0,Trade shared benefits: $m,259118.7123025074
Tanzania,Tanzania,DiscountedWeightedCostsCumulated,2035.0,Transmission costs: $m,259097.1103761716
Tanzania,Tanzania,DiscountedWeightedCostsCumulated,2035.0,Unmet country CO2 backstop cost: $m,259133.1465678468
Tanzania,Tanzania,DiscountedWeightedCostsCumulated,2035.0,Unmet country planning reserve costs: $m,259133.1465678468
Tanzania,Tanzania,DiscountedWeightedCostsCumulated,2035.0,Unmet country spinning reserve costs: $m,259133.1465678468
Tanzania,Tanzania,DiscountedWeightedCostsCumulated,2035.0,Unmet demand costs: $m,259133.1465678468
Tanzania,Tanzania,DiscountedWeightedCostsCumulated,2035.0,Unmet system CO2 backstop cost: $m,259133.1465678468
Tanzania,Tanzania,DiscountedWeightedCostsCumulated,2035.0,Unmet system planning reserve costs: $m,259133.1465678468
Tanzania,Tanzania,DiscountedWeightedCostsCumulated,2035.0,Unmet system spinning reserve costs: $m,259133.1465678468
Tanzania,Tanzania,DiscountedWeightedCostsCumulated,2035.0,VRE curtailment: $m,259133.54792571088
Tanzania,Tanzania,DiscountedWeightedCostsCumulated,2035.0,Variable O&M: $m,259240.17100088147
Tanzania,Tanzania,DiscountedWeightedCostsCumulated,2038.0,Carbon costs: $m,254890.6739793532
Tanzania,Tanzania,DiscountedWeightedCostsCumulated,2038.0,Excess generation: $m,254890.6739793532
Tanzania,Tanzania,DiscountedWeightedCostsCumulated,2038.0,Export revenues with external zones: $m,254890.6739793532
Tanzania,Tanzania,DiscountedWeightedCostsCumulated,2038.0,Export revenues with internal zones: $m,254633.58273492727
Tanzania,Tanzania,DiscountedWeightedCostsCumulated,2038.0,Fixed O&M: $m,256231.9916357253
Tanzania,Tanzania,DiscountedWeightedCostsCumulated,2038.0,Fuel costs: $m,258065.671031045
Tanzania,Tanzania,DiscountedWeightedCostsCumulated,2038.0,Generation costs: $m,258081.64567587303
Tanzania,Tanzania,DiscountedWeightedCostsCumulated,2038.0,Import costs with external zones: $m,258081.64567587303
Tanzania,Tanzania,DiscountedWeightedCostsCumulated,2038.0,Import costs with internal zones: $m,258714.5422501126
Tanzania,Tanzania,DiscountedWeightedCostsCumulated,2038.0,NPV of system cost: $m,259207.95100276088
Tanzania,Tanzania,DiscountedWeightedCostsCumulated,2038.0,Spinning reserve costs: $m,259207.95100276088
Tanzania,Tanzania,DiscountedWeightedCostsCumulated,2038.0,Startup costs: $m,259207.95100276088
Tanzania,Tanzania,DiscountedWeightedCostsCumulated,2038.0,Trade shared benefits: $m,259099.78269250493
Tanzania,Tanzania,DiscountedWeightedCostsCumulated,2038.0,Transmission costs: $m,259108.06210054728
Tanzania,Tanzania,DiscountedWeightedCostsCumulated,2038.0,Unmet country CO2 backstop cost: $m,259133.1465678468
Tanzania,Tanzania,DiscountedWeightedCostsCumulated,2038.0,Unmet country planning reserve costs: $m,259133.1465678468
Tanzania,Tanzania,DiscountedWeightedCostsCumulated,2038.0,Unmet country spinning reserve costs: $m,259133.1465678468
Tanzania,Tanzania,DiscountedWeightedCostsCumulated,2038.0,Unmet demand costs: $m,259133.1465678468
Tanzania,Tanzania,DiscountedWeightedCostsCumulated,2038.0,Unmet system CO2 backstop cost: $m,259133.1465678468
Tanzania,Tanzania,DiscountedWeightedCostsCumulated,2038.0,Unmet system planning reserve costs: $m,259133.1465678468
Tanzania,Tanzania,DiscountedWeightedCostsCumulated,2038.0,Unmet system spinning reserve costs: $m,259133.15824811807
Tanzania,Tanzania,DiscountedWeightedCostsCumulated,2038.0,VRE curtailment: $m,259133.54792571088
Tanzania,Tanzania,DiscountedWeightedCostsCumulated,2038.0,Variable O&M: $m,259262.846981033
Tanzania,Tanzania,DiscountedWeightedCostsCumulated,2040.0,Carbon costs: $m,254890.6739793532
Tanzania,Tanzania,DiscountedWeightedCostsCumulated,2040.0,Excess generation: $m,254890.6739793532
Tanzania,Tanzania,DiscountedWeightedCostsCumulated,2040.0,Export revenues with external zones: $m,254890.6739793532
Tanzania,Tanzania,DiscountedWeightedCostsCumulated,2040.0,Export revenues with internal zones: $m,254559.8330209088
Tanzania,Tanzania,DiscountedWeightedCostsCumulated,2040.0,Fixed O&M: $m,256408.11361685567
Tanzania,Tanzania,DiscountedWeightedCostsCumulated,2040.0,Fuel costs: $m,258070.6405033487
Tanzania,Tanzania,DiscountedWeightedCostsCumulated,2040.0,Generation costs: $m,258081.64567587303
Tanzania,Tanzania,DiscountedWeightedCostsCumulated,2040.0,Import costs with external zones: $m,258081.64567587303
Tanzania,Tanzania,DiscountedWeightedCostsCumulated,2040.0,Import costs with internal zones: $m,258826.8164165187
Tanzania,Tanzania,DiscountedWeightedCostsCumulated,2040.0,NPV of system cost: $m,259207.95100276088
Tanzania,Tanzania,DiscountedWeightedCostsCumulated,2040.0,Spinning reserve costs: $m,259207.95100276088
Tanzania,Tanzania,DiscountedWeightedCostsCumulated,2040.0,Startup costs: $m,259207.95100276088
Tanzania,Tanzania,DiscountedWeightedCostsCumulated,2040.0,Trade shared benefits: $m,259089.4517297508
Tanzania,Tanzania,DiscountedWeightedCostsCumulated,2040.0,Transmission costs: $m,259113.94644817384
Tanzania,Tanzania,DiscountedWeightedCostsCumulated,2040.0,Unmet country CO2 backstop cost: $m,259133.1465678468
Tanzania,Tanzania,DiscountedWeightedCostsCumulated,2040.0,Unmet country planning reserve costs: $m,259133.1465678468
Tanzania,Tanzania,DiscountedWeightedCostsCumulated,2040.0,Unmet country spinning reserve costs: $m,259133.1465678468
Tanzania,Tanzania,DiscountedWeightedCostsCumulated,2040.0,Unmet demand costs: $m,259133.1465678468
Tanzania,Tanzania,DiscountedWeightedCostsCumulated,2040.0,Unmet system CO2 backstop cost: $m,259133.1465678468
Tanzania,Tanzania,DiscountedWeightedCostsCumulated,2040.0,Unmet system planning reserve costs: $m,259133.1465678468
Tanzania,Tanzania,DiscountedWeightedCostsCumulated,2040.0,Unmet system spinning reserve costs: $m,259133.30788960023
Tanzania,Tanzania,DiscountedWeightedCostsCumulated,2040.0,VRE curtailment: $m,259133.54792571088
Tanzania,Tanzania,DiscountedWeightedCostsCumulated,2040.0,Variable O&M: $m,259279.247867136
Tanzania,Tanzania,DiscountedWeightedCostsCumulated,2042.0,Carbon costs: $m,254890.6739793532
Tanzania,Tanzania,DiscountedWeightedCostsCumulated,2042.0,Excess generation: $m,254890.6739793532
Tanzania,Tanzania,DiscountedWeightedCostsCumulated,2042.0,Export revenues with external zones: $m,254890.6739793532
Tanzania,Tanzania,DiscountedWeightedCostsCumulated,2042.0,Export revenues with internal zones: $m,254496.10350258445
Tanzania,Tanzania,DiscountedWeightedCostsCumulated,2042.0,Fixed O&M: $m,256569.78439558155
Tanzania,Tanzania,DiscountedWeightedCostsCumulated,2042.0,Fuel costs: $m,258074.4467662843
Tanzania,Tanzania,DiscountedWeightedCostsCumulated,2042.0,Generation costs: $m,258081.64567587303
Tanzania,Tanzania,DiscountedWeightedCostsCumulated,2042.0,Import costs with external zones: $m,258081.64567587303
Tanzania,Tanzania,DiscountedWeightedCostsCumulated,2042.0,Import costs with internal zones: $m,258924.2488776576
Tanzania,Tanzania,DiscountedWeightedCostsCumulated,2042.0,NPV of system cost: $m,259207.95100276088
Tanzania,Tanzania,DiscountedWeightedCostsCumulated,2042.0,Spinning reserve costs: $m,259207.95100276088
Tanzania,Tanzania,DiscountedWeightedCostsCumulated,2042.0,Startup costs: $m,259207.95100276088
Tanzania,Tanzania,DiscountedWeightedCostsCumulated,2042.0,Trade shared benefits: $m,259079.840402165
Tanzania,Tanzania,DiscountedWeightedCostsCumulated,2042.0,Transmission costs: $m,259118.955074374
Tanzania,Tanzania,DiscountedWeightedCostsCumulated,2042.0,Unmet country CO2 backstop cost: $m,259133.1465678468
Tanzania,Tanzania,DiscountedWeightedCostsCumulated,2042.0,Unmet country planning reserve costs: $m,259133.1465678468
Tanzania,Tanzania,DiscountedWeightedCostsCumulated,2042.0,Unmet country spinning reserve costs: $m,259133.1465678468
Tanzania,Tanzania,DiscountedWeightedCostsCumulated,2042.0,Unmet demand costs: $m,259133.1465678468
Tanzania,Tanzania,DiscountedWeightedCostsCumulated,2042.0,Unmet system CO2 backstop cost: $m,259133.1465678468
Tanzania,Tanzania,DiscountedWeightedCostsCumulated,2042.0,Unmet system planning reserve costs: $m,259133.1465678468
Tanzania,Tanzania,DiscountedWeightedCostsCumulated,2042.0,Unmet system spinning reserve costs: $m,259133.54792571088
Tanzania,Tanzania,DiscountedWeightedCostsCumulated,2042.0,VRE curtailment: $m,259133.54792571088
Tanzania,Tanzania,DiscountedWeightedCostsCumulated,2042.0,Variable O&M: $m,259296.9070136957
Tanzania,Tanzania,DiscountedWeightedCostsCumulated,2045.0,Carbon costs: $m,254890.6739793532
Tanzania,Tanzania,DiscountedWeightedCostsCumulated,2045.0,Excess generation: $m,254890.6739793532
Tanzania,Tanzania,DiscountedWeightedCostsCumulated,2045.0,Export revenues with external zones: $m,254890.6739793532
Tanzania,Tanzania,DiscountedWeightedCostsCumulated,2045.0,Export revenues with internal zones: $m,254424.0625487173
Tanzania,Tanzania,DiscountedWeightedCostsCumulated,2045.0,Fixed O&M: $m,256786.94927282445
Tanzania,Tanzania,DiscountedWeightedCostsCumulated,2045.0,Fuel costs: $m,258078.03263508563
Tanzania,Tanzania,DiscountedWeightedCostsCumulated,2045.0,Generation costs: $m,258081.64567587303
Tanzania,Tanzania,DiscountedWeightedCostsCumulated,2045.0,Import costs with external zones: $m,258081.64567587303
Tanzania,Tanzania,DiscountedWeightedCostsCumulated,2045.0,Import costs with internal zones: $m,259051.65970993825
Tanzania,Tanzania,DiscountedWeightedCostsCumulated,2045.0,NPV of system cost: $m,259207.95100276088
Tanzania,Tanzania,DiscountedWeightedCostsCumulated,2045.0,Spinning reserve costs: $m,259207.95100276088
Tanzania,Tanzania,DiscountedWeightedCostsCumulated,2045.0,Startup costs: $m,259207.95100276088
Tanzania,Tanzania,DiscountedWeightedCostsCumulated,2045.0,Trade shared benefits: $m,259067.28912300896
Tanzania,Tanzania,DiscountedWeightedCostsCumulated,2045.0,Transmission costs: $m,259125.41496240263
Tanzania,Tanzania,DiscountedWeightedCostsCumulated,2045.0,Unmet country CO2 backstop cost: $m,259133.1465678468
Tanzania,Tanzania,DiscountedWeightedCostsCumulated,2045.0,Unmet country planning reserve costs: $m,259133.1465678468
Tanzania,Tanzania,DiscountedWeightedCostsCumulated,2045.0,Unmet country spinning reserve costs: $m,259133.1465678468
Tanzania,Tanzania,DiscountedWeightedCostsCumulated,2045.0,Unmet demand costs: $m,259133.1465678468
Tanzania,Tanzania,DiscountedWeightedCostsCumulated,2045.0,Unmet system CO2 backstop cost: $m,259133.1465678468
Tanzania,Tanzania,DiscountedWeightedCostsCumulated,2045.0,Unmet system planning reserve costs: $m,259133.1465678468
Tanzania,Tanzania,DiscountedWeightedCostsCumulated,2045.0,Unmet system spinning reserve costs: $m,259133.54792571088
Tanzania,Tanzania,DiscountedWeightedCostsCumulated,2045.0,VRE curtailment: $m,259133.54792571088
Tanzania,Tanzania,DiscountedWeightedCostsCumulated,2045.0,Variable O&M: $m,259325.68038958448
Tanzania,Tanzania,DiscountedWeightedCostsCumulated,2048.0,Carbon costs: $m,254890.6739793532
Tanzania,Tanzania,DiscountedWeightedCostsCumulated,2048.0,Excess generation: $m,254890.6739793532
Tanzania,Tanzania,DiscountedWeightedCostsCumulated,2048.0,Export revenues with external zones: $m,254890.6739793532
Tanzania,Tanzania,DiscountedWeightedCostsCumulated,2048.0,Export revenues with internal zones: $m,254368.62040150297
Tanzania,Tanzania,DiscountedWeightedCostsCumulated,2048.0,Fixed O&M: $m,256973.05421633227
Tanzania,Tanzania,DiscountedWeightedCostsCumulated,2048.0,Fuel costs: $m,258080.8737031886
Tanzania,Tanzania,DiscountedWeightedCostsCumulated,2048.0,Generation costs: $m,258081.64567587303
Tanzania,Tanzania,DiscountedWeightedCostsCumulated,2048.0,Import costs with external zones: $m,258081.64567587303
Tanzania,Tanzania,DiscountedWeightedCostsCumulated,2048.0,Import costs with internal zones: $m,259152.5847319473
Tanzania,Tanzania,DiscountedWeightedCostsCumulated,2048.0,NPV of system cost: $m,259207.95100276088
Tanzania,Tanzania,DiscountedWeightedCostsCumulated,2048.0,Spinning reserve costs: $m,259207.95100276088
Tanzania,Tanzania,DiscountedWeightedCostsCumulated,2048.0,Startup costs: $m,259207.95100276088
Tanzania,Tanzania,DiscountedWeightedCostsCumulated,2048.0,Trade shared benefits: $m,259058.59425315788
Tanzania,Tanzania,DiscountedWeightedCostsCumulated,2048.0,Transmission costs: $m,259130.4335079613
Tanzania,Tanzania,DiscountedWeightedCostsCumulated,2048.0,Unmet country CO2 backstop cost: $m,259133.1465678468
Tanzania,Tanzania,DiscountedWeightedCostsCumulated,2048.0,Unmet country planning reserve costs: $m,259133.1465678468
Tanzania,Tanzania,DiscountedWeightedCostsCumulated,2048.0,Unmet country spinning reserve costs: $m,259133.1465678468
Tanzania,Tanzania,DiscountedWeightedCostsCumulated,2048.0,Unmet demand costs: $m,259133.1465678468
Tanzania,Tanzania,DiscountedWeightedCostsCumulated,2048.0,Unmet system CO2 backstop cost: $m,259133.1465678468
Tanzania,Tanzania,DiscountedWeightedCostsCumulated,2048.0,Unmet system planning reserve costs: $m,259133.1465678468
Tanzania,Tanzania,DiscountedWeightedCostsCumulated,2048.0,Unmet system spinning reserve costs: $m,259133.54792571088
Tanzania,Tanzania,DiscountedWeightedCostsCumulated,2048.0,VRE curtailment: $m,259133.54792571088
Tanzania,Tanzania,DiscountedWeightedCostsCumulated,2048.0,Variable O&M: $m,259351.95121469625
Tanzania,Tanzania,DiscountedWeightedCostsCumulated,2050.0,Carbon costs: $m,254890.6739793532
Tanzania,Tanzania,DiscountedWeightedCostsCumulated,2050.0,Excess generation: $m,254890.6739793532
Tanzania,Tanzania,DiscountedWeightedCostsCumulated,2050.0,Export revenues with external zones: $m,254890.6739793532
Tanzania,Tanzania,DiscountedWeightedCostsCumulated,2050.0,Export revenues with internal zones: $m,254338.5894508616
Tanzania,Tanzania,DiscountedWeightedCostsCumulated,2050.0,Fixed O&M: $m,257080.8559594804
Tanzania,Tanzania,DiscountedWeightedCostsCumulated,2050.0,Fuel costs: $m,258081.64567587303
Tanzania,Tanzania,DiscountedWeightedCostsCumulated,2050.0,Generation costs: $m,258081.64567587303
Tanzania,Tanzania,DiscountedWeightedCostsCumulated,2050.0,Import costs with external zones: $m,258081.64567587303
Tanzania,Tanzania,DiscountedWeightedCostsCumulated,2050.0,Import costs with internal zones: $m,259207.95100276088
Tanzania,Tanzania,DiscountedWeightedCostsCumulated,2050.0,NPV of system cost: $m,259207.95100276088
Tanzania,Tanzania,DiscountedWeightedCostsCumulated,2050.0,Spinning reserve costs: $m,259207.95100276088
Tanzania,Tanzania,DiscountedWeightedCostsCumulated,2050.0,Startup costs: $m,259207.95100276088
Tanzania,Tanzania,DiscountedWeightedCostsCumulated,2050.0,Trade shared benefits: $m,259053.2920013693
Tanzania,Tanzania,DiscountedWeightedCostsCumulated,2050.0,Transmission costs: $m,259133.1465678468
Tanzania,Tanzania,DiscountedWeightedCostsCumulated,2050.0,Unmet country CO2 backstop cost: $m,259133.1465678468
Tanzania,Tanzania,DiscountedWeightedCostsCumulated,2050.0,Unmet country planning reserve costs: $m,259133.1465678468
Tanzania,Tanzania,DiscountedWeightedCostsCumulated,2050.0,Unmet country spinning reserve costs: $m,259133.1465678468
Tanzania,Tanzania,DiscountedWeightedCostsCumulated,2050.0,Unmet demand costs: $m,259133.1465678468
Tanzania,Tanzania,DiscountedWeightedCostsCumulated,2050.0,Unmet system CO2 backstop cost: $m,259133.1465678468
Tanzania,Tanzania,DiscountedWeightedCostsCumulated,2050.0,Unmet system planning reserve costs: $m,259133.1465678468
Tanzania,Tanzania,DiscountedWeightedCostsCumulated,2050.0,Unmet system spinning reserve costs: $m,259133.54792571088
Tanzania,Tanzania,DiscountedWeightedCostsCumulated,2050.0,VRE curtailment: $m,259133.54792571088
Tanzania,Tanzania,DiscountedWeightedCostsCumulated,2050.0,Variable O&M: $m,259367.9201274028
Tanzania,Tanzania,GenCostsPerMWh,2025.0,Fixed O&M: $m,13.589667340409129
Tanzania,Tanzania,GenCostsPerMWh,2025.0,Investment costs: $m,0.7900362668298165
Tanzania,Tanzania,GenCostsPerMWh,2025.0,Variable Cost: $m,17.24023484135722
Tanzania,Tanzania,GenCostsPerMWh,2027.0,Fixed O&M: $m,13.866950279981715
Tanzania,Tanzania,GenCostsPerMWh,2027.0,Investment costs: $m,4.472542681663687
Tanzania,Tanzania,GenCostsPerMWh,2027.0,Variable Cost: $m,15.53935002275386
Tanzania,Tanzania,GenCostsPerMWh,2030.0,Fixed O&M: $m,13.807251713786568
Tanzania,Tanzania,GenCostsPerMWh,2030.0,Investment costs: $m,11.362101216642484
Tanzania,Tanzania,GenCostsPerMWh,2030.0,Variable Cost: $m,7.059321412371674
Tanzania,Tanzania,GenCostsPerMWh,2032.0,Fixed O&M: $m,12.84456765308884
Tanzania,Tanzania,GenCostsPerMWh,2032.0,Investment costs: $m,12.435006040172778
Tanzania,Tanzania,GenCostsPerMWh,2032.0,Variable Cost: $m,9.404803577294455
Tanzania,Tanzania,GenCostsPerMWh,2035.0,Fixed O&M: $m,14.04726750592245
Tanzania,Tanzania,GenCostsPerMWh,2035.0,Investment costs: $m,18.90220737081705
Tanzania,Tanzania,GenCostsPerMWh,2035.0,Variable Cost: $m,2.4214918639696945
Tanzania,Tanzania,GenCostsPerMWh,2038.0,Fixed O&M: $m,14.115708064651924
Tanzania,Tanzania,GenCostsPerMWh,2038.0,Investment costs: $m,21.610778354748
Tanzania,Tanzania,GenCostsPerMWh,2038.0,Variable Cost: $m,1.485736072022114
Tanzania,Tanzania,GenCostsPerMWh,2040.0,Fixed O&M: $m,14.391580605922888
Tanzania,Tanzania,GenCostsPerMWh,2040.0,Investment costs: $m,22.885834995463394
Tanzania,Tanzania,GenCostsPerMWh,2040.0,Variable Cost: $m,1.7462512834141122
Tanzania,Tanzania,GenCostsPerMWh,2042.0,Fixed O&M: $m,14.665969880372757
Tanzania,Tanzania,GenCostsPerMWh,2042.0,Investment costs: $m,24.0942828879346
Tanzania,Tanzania,GenCostsPerMWh,2042.0,Variable Cost: $m,1.9472353112295164
Tanzania,Tanzania,GenCostsPerMWh,2045.0,Fixed O&M: $m,14.64309848553793
Tanzania,Tanzania,GenCostsPerMWh,2045.0,Investment costs: $m,25.797091875046537
Tanzania,Tanzania,GenCostsPerMWh,2045.0,Variable Cost: $m,2.1819348180546165
Tanzania,Tanzania,GenCostsPerMWh,2048.0,Fixed O&M: $m,14.675216666646747
Tanzania,Tanzania,GenCostsPerMWh,2048.0,Investment costs: $m,26.492601985034035
Tanzania,Tanzania,GenCostsPerMWh,2048.0,Variable Cost: $m,2.295604471596333
Tanzania,Tanzania,GenCostsPerMWh,2050.0,Fixed O&M: $m,14.846006207485804
Tanzania,Tanzania,GenCostsPerMWh,2050.0,Investment costs: $m,27.155121658997903
Tanzania,Tanzania,GenCostsPerMWh,2050.0,Variable Cost: $m,2.3054848759904942
Tanzania,Tanzania,NetPresentCostPerMWh,,Carbon costs: $m,2.4043500872563106
Tanzania,Tanzania,NetPresentCostPerMWh,,Excess generation: $m,0.0
Tanzania,Tanzania,NetPresentCostPerMWh,,Export revenues with external zones: $m,0.0
Tanzania,Tanzania,NetPresentCostPerMWh,,Export revenues with internal zones: $m,-2.875379520589449
Tanzania,Tanzania,NetPresentCostPerMWh,,Fixed O&M: $m,14.282336403130287
Tanzania,Tanzania,NetPresentCostPerMWh,,Fuel costs: $m,5.212336347830999
Tanzania,Tanzania,NetPresentCostPerMWh,,Generation costs: $m,0.0
Tanzania,Tanzania,NetPresentCostPerMWh,,Import costs with external zones: $m,0.0
Tanzania,Tanzania,NetPresentCostPerMWh,,Import costs with internal zones: $m,5.866049678501767
Tanzania,Tanzania,NetPresentCostPerMWh,,NPV of system cost: $m,0.0
Tanzania,Tanzania,NetPresentCostPerMWh,,Spinning reserve costs: $m,0.0
Tanzania,Tanzania,NetPresentCostPerMWh,,Startup costs: $m,0.0
Tanzania,Tanzania,NetPresentCostPerMWh,,Trade shared benefits: $m,-0.8054986190086829
Tanzania,Tanzania,NetPresentCostPerMWh,,Transmission costs: $m,0.4159004160148443
Tanzania,Tanzania,NetPresentCostPerMWh,,Unmet country CO2 backstop cost: $m,0.0
Tanzania,Tanzania,NetPresentCostPerMWh,,Unmet country planning reserve costs: $m,0.0
Tanzania,Tanzania,NetPresentCostPerMWh,,Unmet country spinning reserve costs: $m,0.0
Tanzania,Tanzania,NetPresentCostPerMWh,,Unmet demand costs: $m,0.0
Tanzania,Tanzania,NetPresentCostPerMWh,,Unmet system CO2 backstop cost: $m,0.0
Tanzania,Tanzania,NetPresentCostPerMWh,,Unmet system planning reserve costs: $m,0.0
Tanzania,Tanzania,NetPresentCostPerMWh,,Unmet system spinning reserve costs: $m,0.0020903613906969
Tanzania,Tanzania,NetPresentCostPerMWh,,VRE curtailment: $m,0.0
Tanzania,Tanzania,NetPresentCostPerMWh,,Variable O&M: $m,1.2206627684019218
Zambia,Zambia,Costs,2025.0,Carbon costs: $m,107.51762879999998
Zambia,Zambia,Costs,2025.0,Excess generation: $m,0.0
Zambia,Zambia,Costs,2025.0,Export revenues with external zones: $m,0.0
Zambia,Zambia,Costs,2025.0,Export revenues with internal zones: $m,-8.012410989985922
Zambia,Zambia,Costs,2025.0,Fixed O&M: $m,179.88887
Zambia,Zambia,Costs,2025.0,Fuel costs: $m,99.32967876
Zambia,Zambia,Costs,2025.0,Generation costs: $m,0.0
Zambia,Zambia,Costs,2025.0,Import costs with external zones: $m,0.0
Zambia,Zambia,Costs,2025.0,Import costs with internal zones: $m,0.6994533171603413
Zambia,Zambia,Costs,2025.0,NPV of system cost: $m,0.0
Zambia,Zambia,Costs,2025.0,Spinning reserve costs: $m,0.0
Zambia,Zambia,Costs,2025.0,Startup costs: $m,0.0
Zambia,Zambia,Costs,2025.0,Trade shared benefits: $m,-5710.277765769825
Zambia,Zambia,Costs,2025.0,Transmission costs: $m,0.0
Zambia,Zambia,Costs,2025.0,Unmet country CO2 backstop cost: $m,0.0
Zambia,Zambia,Costs,2025.0,Unmet country planning reserve costs: $m,0.0
Zambia,Zambia,Costs,2025.0,Unmet country spinning reserve costs: $m,0.0
Zambia,Zambia,Costs,2025.0,Unmet demand costs: $m,0.0
Zambia,Zambia,Costs,2025.0,Unmet system CO2 backstop cost: $m,0.0
Zambia,Zambia,Costs,2025.0,Unmet system planning reserve costs: $m,0.0
Zambia,Zambia,Costs,2025.0,Unmet system spinning reserve costs: $m,0.0
Zambia,Zambia,Costs,2025.0,VRE curtailment: $m,0.0
Zambia,Zambia,Costs,2025.0,Variable O&M: $m,15.614094794390637
Zambia,Zambia,Costs,2027.0,Carbon costs: $m,112.18419255
Zambia,Zambia,Costs,2027.0,Excess generation: $m,0.0
Zambia,Zambia,Costs,2027.0,Export revenues with external zones: $m,0.0
Zambia,Zambia,Costs,2027.0,Export revenues with internal zones: $m,-20.667819585830312
Zambia,Zambia,Costs,2027.0,Fixed O&M: $m,183.18887
Zambia,Zambia,Costs,2027.0,Fuel costs: $m,97.80152985600004
Zambia,Zambia,Costs,2027.0,Generation costs: $m,0.0
Zambia,Zambia,Costs,2027.0,Import costs with external zones: $m,0.0
Zambia,Zambia,Costs,2027.0,Import costs with internal zones: $m,3.028604797106369
Zambia,Zambia,Costs,2027.0,NPV of system cost: $m,0.0
Zambia,Zambia,Costs,2027.0,Spinning reserve costs: $m,0.0
Zambia,Zambia,Costs,2027.0,Startup costs: $m,0.0
Zambia,Zambia,Costs,2027.0,Trade shared benefits: $m,-4097.5964534311015
Zambia,Zambia,Costs,2027.0,Transmission costs: $m,0.0
Zambia,Zambia,Costs,2027.0,Unmet country CO2 backstop cost: $m,0.0
Zambia,Zambia,Costs,2027.0,Unmet country planning reserve costs: $m,0.0
Zambia,Zambia,Costs,2027.0,Unmet country spinning reserve costs: $m,0.0
Zambia,Zambia,Costs,2027.0,Unmet demand costs: $m,0.0
Zambia,Zambia,Costs,2027.0,Unmet system CO2 backstop cost: $m,0.0
Zambia,Zambia,Costs,2027.0,Unmet system planning reserve costs: $m,0.0
Zambia,Zambia,Costs,2027.0,Unmet system spinning reserve costs: $m,0.0
Zambia,Zambia,Costs,2027.0,VRE curtailment: $m,0.0
Zambia,Zambia,Costs,2027.0,Variable O&M: $m,16.027774872000002
Zambia,Zambia,Costs,2030.0,Carbon costs: $m,119.464032
Zambia,Zambia,Costs,2030.0,Excess generation: $m,0.0
Zambia,Zambia,Costs,2030.0,Export revenues with external zones: $m,0.0
Zambia,Zambia,Costs,2030.0,Export revenues with internal zones: $m,-728.1678199600149
Zambia,Zambia,Costs,2030.0,Fixed O&M: $m,187.11422
Zambia,Zambia,Costs,2030.0,Fuel costs: $m,95.50930650000002
Zambia,Zambia,Costs,2030.0,Generation costs: $m,0.0
Zambia,Zambia,Costs,2030.0,Import costs with external zones: $m,0.0
Zambia,Zambia,Costs,2030.0,Import costs with internal zones: $m,515.7134278610115
Zambia,Zambia,Costs,2030.0,NPV of system cost: $m,0.0
Zambia,Zambia,Costs,2030.0,Spinning reserve costs: $m,0.0
Zambia,Zambia,Costs,2030.0,Startup costs: $m,0.0
Zambia,Zambia,Costs,2030.0,Trade shared benefits: $m,-2226.430610358423
Zambia,Zambia,Costs,2030.0,Transmission costs: $m,20.97331771166838
Zambia,Zambia,Costs,2030.0,Unmet country CO2 backstop cost: $m,0.0
Zambia,Zambia,Costs,2030.0,Unmet country planning reserve costs: $m,0.0
Zambia,Zambia,Costs,2030.0,Unmet country spinning reserve costs: $m,0.0
Zambia,Zambia,Costs,2030.0,Unmet demand costs: $m,0.0
Zambia,Zambia,Costs,2030.0,Unmet system CO2 backstop cost: $m,0.0
Zambia,Zambia,Costs,2030.0,Unmet system planning reserve costs: $m,0.0
Zambia,Zambia,Costs,2030.0,Unmet system spinning reserve costs: $m,0.0
Zambia,Zambia,Costs,2030.0,VRE curtailment: $m,0.0
Zambia,Zambia,Costs,2030.0,Variable O&M: $m,16.052457948
Zambia,Zambia,Costs,2032.0,Carbon costs: $m,124.13059575
Zambia,Zambia,Costs,2032.0,Excess generation: $m,0.0
Zambia,Zambia,Costs,2032.0,Export revenues with external zones: $m,0.0
Zambia,Zambia,Costs,2032.0,Export revenues with internal zones: $m,-970.2140526085552
Zambia,Zambia,Costs,2032.0,Fixed O&M: $m,189.42422
Zambia,Zambia,Costs,2032.0,Fuel costs: $m,93.98115759600002
Zambia,Zambia,Costs,2032.0,Generation costs: $m,0.0
Zambia,Zambia,Costs,2032.0,Import costs with external zones: $m,0.0
Zambia,Zambia,Costs,2032.0,Import costs with internal zones: $m,731.9115334512344
Zambia,Zambia,Costs,2032.0,NPV of system cost: $m,0.0
Zambia,Zambia,Costs,2032.0,Spinning reserve costs: $m,0.0
Zambia,Zambia,Costs,2032.0,Startup costs: $m,0.0
Zambia,Zambia,Costs,2032.0,Trade shared benefits: $m,-3290.330896946049
Zambia,Zambia,Costs,2032.0,Transmission costs: $m,20.97331771166838
Zambia,Zambia,Costs,2032.0,Unmet country CO2 backstop cost: $m,0.0
Zambia,Zambia,Costs,2032.0,Unmet country planning reserve costs: $m,0.0
Zambia,Zambia,Costs,2032.0,Unmet country spinning reserve costs: $m,0.0
Zambia,Zambia,Costs,2032.0,Unmet demand costs: $m,0.0
Zambia,Zambia,Costs,2032.0,Unmet system CO2 backstop cost: $m,0.0
Zambia,Zambia,Costs,2032.0,Unmet system planning reserve costs: $m,0.0
Zambia,Zambia,Costs,2032.0,Unmet system spinning reserve costs: $m,0.0
Zambia,Zambia,Costs,2032.0,VRE curtailment: $m,0.0
Zambia,Zambia,Costs,2032.0,Variable O&M: $m,16.052457948
Zambia,Zambia,Costs,2035.0,Carbon costs: $m,133.65038579999995
Zambia,Zambia,Costs,2035.0,Excess generation: $m,0.0
Zambia,Zambia,Costs,2035.0,Export revenues with external zones: $m,0.0
Zambia,Zambia,Costs,2035.0,Export revenues with internal zones: $m,-615.3823526231461
Zambia,Zambia,Costs,2035.0,Fixed O&M: $m,238.92422
Zambia,Zambia,Costs,2035.0,Fuel costs: $m,91.68893424
Zambia,Zambia,Costs,2035.0,Generation costs: $m,0.0
Zambia,Zambia,Costs,2035.0,Import costs with external zones: $m,0.0
Zambia,Zambia,Costs,2035.0,Import costs with internal zones: $m,339.5390967631138
Zambia,Zambia,Costs,2035.0,NPV of system cost: $m,0.0
Zambia,Zambia,Costs,2035.0,Spinning reserve costs: $m,0.0
Zambia,Zambia,Costs,2035.0,Startup costs: $m,0.0
Zambia,Zambia,Costs,2035.0,Trade shared benefits: $m,-4583.018043272945
Zambia,Zambia,Costs,2035.0,Transmission costs: $m,26.25109709085843
Zambia,Zambia,Costs,2035.0,Unmet country CO2 backstop cost: $m,0.0
Zambia,Zambia,Costs,2035.0,Unmet country planning reserve costs: $m,0.0
Zambia,Zambia,Costs,2035.0,Unmet country spinning reserve costs: $m,0.0
Zambia,Zambia,Costs,2035.0,Unmet demand costs: $m,0.0
Zambia,Zambia,Costs,2035.0,Unmet system CO2 backstop cost: $m,0.0
Zambia,Zambia,Costs,2035.0,Unmet system planning reserve costs: $m,0.0
Zambia,Zambia,Costs,2035.0,Unmet system spinning reserve costs: $m,0.0
Zambia,Zambia,Costs,2035.0,VRE curtailment: $m,0.0
Zambia,Zambia,Costs,2035.0,Variable O&M: $m,18.486907547999984
Zambia,Zambia,Costs,2038.0,Carbon costs: $m,143.35683839999996
Zambia,Zambia,Costs,2038.0,Excess generation: $m,0.0
Zambia,Zambia,Costs,2038.0,Export revenues with external zones: $m,0.0
Zambia,Zambia,Costs,2038.0,Export revenues with internal zones: $m,-723.7903497209109
Zambia,Zambia,Costs,2038.0,Fixed O&M: $m,242.38922
Zambia,Zambia,Costs,2038.0,Fuel costs: $m,88.25059920599996
Zambia,Zambia,Costs,2038.0,Generation costs: $m,0.0
Zambia,Zambia,Costs,2038.0,Import costs with external zones: $m,0.0
Zambia,Zambia,Costs,2038.0,Import costs with internal zones: $m,508.4934777639509
Zambia,Zambia,Costs,2038.0,NPV of system cost: $m,0.0
Zambia,Zambia,Costs,2038.0,Spinning reserve costs: $m,0.0
Zambia,Zambia,Costs,2038.0,Startup costs: $m,0.0
Zambia,Zambia,Costs,2038.0,Trade shared benefits: $m,-6282.136327549936
Zambia,Zambia,Costs,2038.0,Transmission costs: $m,35.96387708539118
Zambia,Zambia,Costs,2038.0,Unmet country CO2 backstop cost: $m,0.0
Zambia,Zambia,Costs,2038.0,Unmet country planning reserve costs: $m,0.0
Zambia,Zambia,Costs,2038.0,Unmet country spinning reserve costs: $m,0.0
Zambia,Zambia,Costs,2038.0,Unmet demand costs: $m,0.0
Zambia,Zambia,Costs,2038.0,Unmet system CO2 backstop cost: $m,0.0
Zambia,Zambia,Costs,2038.0,Unmet system planning reserve costs: $m,0.0
Zambia,Zambia,Costs,2038.0,Unmet system spinning reserve costs: $m,0.0114659998639951
Zambia,Zambia,Costs,2038.0,VRE curtailment: $m,0.0
Zambia,Zambia,Costs,2038.0,Variable O&M: $m,18.48690754799998
Zambia,Zambia,Costs,2040.0,Carbon costs: $m,150.45001529999993
Zambia,Zambia,Costs,2040.0,Excess generation: $m,0.0
Zambia,Zambia,Costs,2040.0,Export revenues with external zones: $m,0.0
Zambia,Zambia,Costs,2040.0,Export revenues with internal zones: $m,-582.0679161898154
Zambia,Zambia,Costs,2040.0,Fixed O&M: $m,244.69922
Zambia,Zambia,Costs,2040.0,Fuel costs: $m,85.95837585000002
Zambia,Zambia,Costs,2040.0,Generation costs: $m,0.0
Zambia,Zambia,Costs,2040.0,Import costs with external zones: $m,0.0
Zambia,Zambia,Costs,2040.0,Import costs with internal zones: $m,457.1741158382524
Zambia,Zambia,Costs,2040.0,NPV of system cost: $m,0.0
Zambia,Zambia,Costs,2040.0,Spinning reserve costs: $m,0.0
Zambia,Zambia,Costs,2040.0,Startup costs: $m,0.0
Zambia,Zambia,Costs,2040.0,Trade shared benefits: $m,-7866.079014226191
Zambia,Zambia,Costs,2040.0,Transmission costs: $m,36.57374144982178
Zambia,Zambia,Costs,2040.0,Unmet country CO2 backstop cost: $m,0.0
Zambia,Zambia,Costs,2040.0,Unmet country planning reserve costs: $m,0.0
Zambia,Zambia,Costs,2040.0,Unmet country spinning reserve costs: $m,0.0
Zambia,Zambia,Costs,2040.0,Unmet demand costs: $m,0.0
Zambia,Zambia,Costs,2040.0,Unmet system CO2 backstop cost: $m,0.0
Zambia,Zambia,Costs,2040.0,Unmet system planning reserve costs: $m,0.0
Zambia,Zambia,Costs,2040.0,Unmet system spinning reserve costs: $m,0.2717871623289024
Zambia,Zambia,Costs,2040.0,VRE curtailment: $m,0.0
Zambia,Zambia,Costs,2040.0,Variable O&M: $m,18.48690754799998
Zambia,Zambia,Costs,2042.0,Carbon costs: $m,155.3032416
Zambia,Zambia,Costs,2042.0,Excess generation: $m,0.0
Zambia,Zambia,Costs,2042.0,Export revenues with external zones: $m,0.0
Zambia,Zambia,Costs,2042.0,Export revenues with internal zones: $m,-625.1914817979106
Zambia,Zambia,Costs,2042.0,Fixed O&M: $m,247.00922
Zambia,Zambia,Costs,2042.0,Fuel costs: $m,82.13800358999997
Zambia,Zambia,Costs,2042.0,Generation costs: $m,0.0
Zambia,Zambia,Costs,2042.0,Import costs with external zones: $m,0.0
Zambia,Zambia,Costs,2042.0,Import costs with internal zones: $m,529.3381125115258
Zambia,Zambia,Costs,2042.0,NPV of system cost: $m,0.0
Zambia,Zambia,Costs,2042.0,Spinning reserve costs: $m,0.0
Zambia,Zambia,Costs,2042.0,Startup costs: $m,0.0
Zambia,Zambia,Costs,2042.0,Trade shared benefits: $m,-8025.268907529786
Zambia,Zambia,Costs,2042.0,Transmission costs: $m,36.76014662541485
Zambia,Zambia,Costs,2042.0,Unmet country CO2 backstop cost: $m,0.0
Zambia,Zambia,Costs,2042.0,Unmet country planning reserve costs: $m,0.0
Zambia,Zambia,Costs,2042.0,Unmet country spinning reserve costs: $m,0.0
Zambia,Zambia,Costs,2042.0,Unmet demand costs: $m,0.0
Zambia,Zambia,Costs,2042.0,Unmet system CO2 backstop cost: $m,0.0
Zambia,Zambia,Costs,2042.0,Unmet system planning reserve costs: $m,0.0
Zambia,Zambia,Costs,2042.0,Unmet system spinning reserve costs: $m,0.5127242449934147
Zambia,Zambia,Costs,2042.0,VRE curtailment: $m,0.0
Zambia,Zambia,Costs,2042.0,Variable O&M: $m,18.486907547999984
Zambia,Zambia,Costs,2045.0,Carbon costs: $m,167.24964479999994
Zambia,Zambia,Costs,2045.0,Excess generation: $m,0.0
Zambia,Zambia,Costs,2045.0,Export revenues with external zones: $m,0.0
Zambia,Zambia,Costs,2045.0,Export revenues with internal zones: $m,-753.1262972562199
Zambia,Zambia,Costs,2045.0,Fixed O&M: $m,273.70322446843875
Zambia,Zambia,Costs,2045.0,Fuel costs: $m,76.40744520000001
Zambia,Zambia,Costs,2045.0,Generation costs: $m,0.0
Zambia,Zambia,Costs,2045.0,Import costs with external zones: $m,0.0
Zambia,Zambia,Costs,2045.0,Import costs with internal zones: $m,622.5452308404832
Zambia,Zambia,Costs,2045.0,NPV of system cost: $m,0.0
Zambia,Zambia,Costs,2045.0,Spinning reserve costs: $m,0.0
Zambia,Zambia,Costs,2045.0,Startup costs: $m,0.0
Zambia,Zambia,Costs,2045.0,Trade shared benefits: $m,-10373.515789771178
Zambia,Zambia,Costs,2045.0,Transmission costs: $m,37.007615362502094
Zambia,Zambia,Costs,2045.0,Unmet country CO2 backstop cost: $m,0.0
Zambia,Zambia,Costs,2045.0,Unmet country planning reserve costs: $m,0.0
Zambia,Zambia,Costs,2045.0,Unmet country spinning reserve costs: $m,0.0
Zambia,Zambia,Costs,2045.0,Unmet demand costs: $m,0.0
Zambia,Zambia,Costs,2045.0,Unmet system CO2 backstop cost: $m,0.0
Zambia,Zambia,Costs,2045.0,Unmet system planning reserve costs: $m,0.0
Zambia,Zambia,Costs,2045.0,Unmet system spinning reserve costs: $m,0.0
Zambia,Zambia,Costs,2045.0,VRE curtailment: $m,0.0
Zambia,Zambia,Costs,2045.0,Variable O&M: $m,19.80418905467267
Zambia,Zambia,Costs,2048.0,Carbon costs: $m,179.196048
Zambia,Zambia,Costs,2048.0,Excess generation: $m,0.0
Zambia,Zambia,Costs,2048.0,Export revenues with external zones: $m,0.0
Zambia,Zambia,Costs,2048.0,Export revenues with internal zones: $m,-795.3367405463562
Zambia,Zambia,Costs,2048.0,Fixed O&M: $m,316.71880208462443
Zambia,Zambia,Costs,2048.0,Fuel costs: $m,70.67688681000003
Zambia,Zambia,Costs,2048.0,Generation costs: $m,0.0
Zambia,Zambia,Costs,2048.0,Import costs with external zones: $m,0.0
Zambia,Zambia,Costs,2048.0,Import costs with internal zones: $m,556.7632460579645
Zambia,Zambia,Costs,2048.0,NPV of system cost: $m,0.0
Zambia,Zambia,Costs,2048.0,Spinning reserve costs: $m,0.0
Zambia,Zambia,Costs,2048.0,Startup costs: $m,0.0
Zambia,Zambia,Costs,2048.0,Trade shared benefits: $m,-11151.236028024025
Zambia,Zambia,Costs,2048.0,Transmission costs: $m,37.30664446103511
Zambia,Zambia,Costs,2048.0,Unmet country CO2 backstop cost: $m,0.0
Zambia,Zambia,Costs,2048.0,Unmet country planning reserve costs: $m,0.0
Zambia,Zambia,Costs,2048.0,Unmet country spinning reserve costs: $m,0.0
Zambia,Zambia,Costs,2048.0,Unmet demand costs: $m,0.0
Zambia,Zambia,Costs,2048.0,Unmet system CO2 backstop cost: $m,0.0
Zambia,Zambia,Costs,2048.0,Unmet system planning reserve costs: $m,0.0
Zambia,Zambia,Costs,2048.0,Unmet system spinning reserve costs: $m,0.0
Zambia,Zambia,Costs,2048.0,VRE curtailment: $m,0.0
Zambia,Zambia,Costs,2048.0,Variable O&M: $m,21.88637663663908
Zambia,Zambia,Costs,2050.0,Carbon costs: $m,186.2892249
Zambia,Zambia,Costs,2050.0,Excess generation: $m,0.0
Zambia,Zambia,Costs,2050.0,Export revenues with external zones: $m,0.0
Zambia,Zambia,Costs,2050.0,Export revenues with internal zones: $m,-843.1868451400449
Zambia,Zambia,Costs,2050.0,Fixed O&M: $m,356.7755467109713
Zambia,Zambia,Costs,2050.0,Fuel costs: $m,66.85651455000001
Zambia,Zambia,Costs,2050.0,Generation costs: $m,0.0
Zambia,Zambia,Costs,2050.0,Import costs with external zones: $m,0.0
Zambia,Zambia,Costs,2050.0,Import costs with internal zones: $m,499.5075214492759
Zambia,Zambia,Costs,2050.0,NPV of system cost: $m,0.0
Zambia,Zambia,Costs,2050.0,Spinning reserve costs: $m,0.0
Zambia,Zambia,Costs,2050.0,Startup costs: $m,0.0
Zambia,Zambia,Costs,2050.0,Trade shared benefits: $m,-11238.519749891151
Zambia,Zambia,Costs,2050.0,Transmission costs: $m,37.49397233364444
Zambia,Zambia,Costs,2050.0,Unmet country CO2 backstop cost: $m,0.0
Zambia,Zambia,Costs,2050.0,Unmet country planning reserve costs: $m,0.0
Zambia,Zambia,Costs,2050.0,Unmet country spinning reserve costs: $m,0.0
Zambia,Zambia,Costs,2050.0,Unmet demand costs: $m,0.0
Zambia,Zambia,Costs,2050.0,Unmet system CO2 backstop cost: $m,0.0
Zambia,Zambia,Costs,2050.0,Unmet system planning reserve costs: $m,0.0
Zambia,Zambia,Costs,2050.0,Unmet system spinning reserve costs: $m,0.0
Zambia,Zambia,Costs,2050.0,VRE curtailment: $m,0.0
Zambia,Zambia,Costs,2050.0,Variable O&M: $m,24.09207330814234
Zambia,Zambia,DiscountedWeightedCostsCumulated,2025.0,Carbon costs: $m,259475.4377562028
Zambia,Zambia,DiscountedWeightedCostsCumulated,2025.0,Excess generation: $m,260738.3123375419
Zambia,Zambia,DiscountedWeightedCostsCumulated,2025.0,Export revenues with external zones: $m,260738.3123375419
Zambia,Zambia,DiscountedWeightedCostsCumulated,2025.0,Export revenues with internal zones: $m,260730.29992655187
Zambia,Zambia,DiscountedWeightedCostsCumulated,2025.0,Fixed O&M: $m,255220.86421357509
Zambia,Zambia,DiscountedWeightedCostsCumulated,2025.0,Fuel costs: $m,257403.11964990463
Zambia,Zambia,DiscountedWeightedCostsCumulated,2025.0,Generation costs: $m,258264.34441836944
Zambia,Zambia,DiscountedWeightedCostsCumulated,2025.0,Import costs with external zones: $m,258264.34441836944
Zambia,Zambia,DiscountedWeightedCostsCumulated,2025.0,Import costs with internal zones: $m,258265.0438716866
Zambia,Zambia,DiscountedWeightedCostsCumulated,2025.0,NPV of system cost: $m,262276.0853138637
Zambia,Zambia,DiscountedWeightedCostsCumulated,2025.0,Spinning reserve costs: $m,262276.0853138637
Zambia,Zambia,DiscountedWeightedCostsCumulated,2025.0,Startup costs: $m,262276.0853138637
Zambia,Zambia,DiscountedWeightedCostsCumulated,2025.0,Trade shared benefits: $m,256565.80754809387
Zambia,Zambia,DiscountedWeightedCostsCumulated,2025.0,Transmission costs: $m,208637.72779359904
Zambia,Zambia,DiscountedWeightedCostsCumulated,2025.0,Unmet country CO2 backstop cost: $m,208853.89761238493
Zambia,Zambia,DiscountedWeightedCostsCumulated,2025.0,Unmet country planning reserve costs: $m,208853.89761238493
Zambia,Zambia,DiscountedWeightedCostsCumulated,2025.0,Unmet country spinning reserve costs: $m,208853.89761238493
Zambia,Zambia,DiscountedWeightedCostsCumulated,2025.0,Unmet demand costs: $m,208853.89761238493
Zambia,Zambia,DiscountedWeightedCostsCumulated,2025.0,Unmet system CO2 backstop cost: $m,208853.89761238493
Zambia,Zambia,DiscountedWeightedCostsCumulated,2025.0,Unmet system planning reserve costs: $m,208853.89761238493
Zambia,Zambia,DiscountedWeightedCostsCumulated,2025.0,Unmet system spinning reserve costs: $m,208853.89761238493
Zambia,Zambia,DiscountedWeightedCostsCumulated,2025.0,VRE curtailment: $m,208854.27541518287
Zambia,Zambia,DiscountedWeightedCostsCumulated,2025.0,Variable O&M: $m,208869.88950997725
Zambia,Zambia,DiscountedWeightedCostsCumulated,2027.0,Carbon costs: $m,259679.40901538465
Zambia,Zambia,DiscountedWeightedCostsCumulated,2027.0,Excess generation: $m,260738.3123375419
Zambia,Zambia,DiscountedWeightedCostsCumulated,2027.0,Export revenues with external zones: $m,260738.3123375419
Zambia,Zambia,DiscountedWeightedCostsCumulated,2027.0,Export revenues with internal zones: $m,260692.72207275947
Zambia,Zambia,DiscountedWeightedCostsCumulated,2027.0,Fixed O&M: $m,255553.9348863024
Zambia,Zambia,DiscountedWeightedCostsCumulated,2027.0,Fuel costs: $m,257580.9406132792
Zambia,Zambia,DiscountedWeightedCostsCumulated,2027.0,Generation costs: $m,258264.34441836944
Zambia,Zambia,DiscountedWeightedCostsCumulated,2027.0,Import costs with external zones: $m,258264.34441836944
Zambia,Zambia,DiscountedWeightedCostsCumulated,2027.0,Import costs with internal zones: $m,258270.5504258632
Zambia,Zambia,DiscountedWeightedCostsCumulated,2027.0,NPV of system cost: $m,262276.0853138637
Zambia,Zambia,DiscountedWeightedCostsCumulated,2027.0,Spinning reserve costs: $m,262276.0853138637
Zambia,Zambia,DiscountedWeightedCostsCumulated,2027.0,Startup costs: $m,262276.0853138637
Zambia,Zambia,DiscountedWeightedCostsCumulated,2027.0,Trade shared benefits: $m,249115.63217821915
Zambia,Zambia,DiscountedWeightedCostsCumulated,2027.0,Transmission costs: $m,208637.72779359904
Zambia,Zambia,DiscountedWeightedCostsCumulated,2027.0,Unmet country CO2 backstop cost: $m,208853.89761238493
Zambia,Zambia,DiscountedWeightedCostsCumulated,2027.0,Unmet country planning reserve costs: $m,208853.89761238493
Zambia,Zambia,DiscountedWeightedCostsCumulated,2027.0,Unmet country spinning reserve costs: $m,208853.89761238493
Zambia,Zambia,DiscountedWeightedCostsCumulated,2027.0,Unmet demand costs: $m,208853.89761238493
Zambia,Zambia,DiscountedWeightedCostsCumulated,2027.0,Unmet system CO2 backstop cost: $m,208853.89761238493
Zambia,Zambia,DiscountedWeightedCostsCumulated,2027.0,Unmet system planning reserve costs: $m,208853.89761238493
Zambia,Zambia,DiscountedWeightedCostsCumulated,2027.0,Unmet system spinning reserve costs: $m,208853.89761238493
Zambia,Zambia,DiscountedWeightedCostsCumulated,2027.0,VRE curtailment: $m,208854.27541518287
Zambia,Zambia,DiscountedWeightedCostsCumulated,2027.0,Variable O&M: $m,208899.03091883543
Zambia,Zambia,DiscountedWeightedCostsCumulated,2030.0,Carbon costs: $m,259936.1433924074
Zambia,Zambia,DiscountedWeightedCostsCumulated,2030.0,Excess generation: $m,260738.3123375419
Zambia,Zambia,DiscountedWeightedCostsCumulated,2030.0,Export revenues with external zones: $m,260738.3123375419
Zambia,Zambia,DiscountedWeightedCostsCumulated,2030.0,Export revenues with internal zones: $m,259127.8518059877
Zambia,Zambia,DiscountedWeightedCostsCumulated,2030.0,Fixed O&M: $m,255956.05301256647
Zambia,Zambia,DiscountedWeightedCostsCumulated,2030.0,Fuel costs: $m,257786.1950475524
Zambia,Zambia,DiscountedWeightedCostsCumulated,2030.0,Generation costs: $m,258264.34441836944
Zambia,Zambia,DiscountedWeightedCostsCumulated,2030.0,Import costs with external zones: $m,258264.34441836944
Zambia,Zambia,DiscountedWeightedCostsCumulated,2030.0,Import costs with internal zones: $m,259378.84522729908
Zambia,Zambia,DiscountedWeightedCostsCumulated,2030.0,NPV of system cost: $m,262276.0853138637
Zambia,Zambia,DiscountedWeightedCostsCumulated,2030.0,Spinning reserve costs: $m,262276.0853138637
Zambia,Zambia,DiscountedWeightedCostsCumulated,2030.0,Startup costs: $m,262276.0853138637
Zambia,Zambia,DiscountedWeightedCostsCumulated,2030.0,Trade shared benefits: $m,244330.9177653085
Zambia,Zambia,DiscountedWeightedCostsCumulated,2030.0,Transmission costs: $m,208682.80053697343
Zambia,Zambia,DiscountedWeightedCostsCumulated,2030.0,Unmet country CO2 backstop cost: $m,208853.89761238493
Zambia,Zambia,DiscountedWeightedCostsCumulated,2030.0,Unmet country planning reserve costs: $m,208853.89761238493
Zambia,Zambia,DiscountedWeightedCostsCumulated,2030.0,Unmet country spinning reserve costs: $m,208853.89761238493
Zambia,Zambia,DiscountedWeightedCostsCumulated,2030.0,Unmet demand costs: $m,208853.89761238493
Zambia,Zambia,DiscountedWeightedCostsCumulated,2030.0,Unmet system CO2 backstop cost: $m,208853.89761238493
Zambia,Zambia,DiscountedWeightedCostsCumulated,2030.0,Unmet system planning reserve costs: $m,208853.89761238493
Zambia,Zambia,DiscountedWeightedCostsCumulated,2030.0,Unmet system spinning reserve costs: $m,208853.89761238493
Zambia,Zambia,DiscountedWeightedCostsCumulated,2030.0,VRE curtailment: $m,208854.27541518287
Zambia,Zambia,DiscountedWeightedCostsCumulated,2030.0,Variable O&M: $m,208933.5284803355
Zambia,Zambia,DiscountedWeightedCostsCumulated,2032.0,Carbon costs: $m,260076.28036285323
Zambia,Zambia,DiscountedWeightedCostsCumulated,2032.0,Excess generation: $m,260738.3123375419
Zambia,Zambia,DiscountedWeightedCostsCumulated,2032.0,Export revenues with external zones: $m,260738.3123375419
Zambia,Zambia,DiscountedWeightedCostsCumulated,2032.0,Export revenues with internal zones: $m,258032.53072744905
Zambia,Zambia,DiscountedWeightedCostsCumulated,2032.0,Fixed O&M: $m,256169.9030803881
Zambia,Zambia,DiscountedWeightedCostsCumulated,2032.0,Fuel costs: $m,257892.29487431084
Zambia,Zambia,DiscountedWeightedCostsCumulated,2032.0,Generation costs: $m,258264.34441836944
Zambia,Zambia,DiscountedWeightedCostsCumulated,2032.0,Import costs with external zones: $m,258264.34441836944
Zambia,Zambia,DiscountedWeightedCostsCumulated,2032.0,Import costs with internal zones: $m,260205.1351867769
Zambia,Zambia,DiscountedWeightedCostsCumulated,2032.0,NPV of system cost: $m,262276.0853138637
Zambia,Zambia,DiscountedWeightedCostsCumulated,2032.0,Spinning reserve costs: $m,262276.0853138637
Zambia,Zambia,DiscountedWeightedCostsCumulated,2032.0,Startup costs: $m,262276.0853138637
Zambia,Zambia,DiscountedWeightedCostsCumulated,2032.0,Trade shared benefits: $m,240616.3057401556
Zambia,Zambia,DiscountedWeightedCostsCumulated,2032.0,Transmission costs: $m,208706.4783191234
Zambia,Zambia,DiscountedWeightedCostsCumulated,2032.0,Unmet country CO2 backstop cost: $m,208853.89761238493
Zambia,Zambia,DiscountedWeightedCostsCumulated,2032.0,Unmet country planning reserve costs: $m,208853.89761238493
Zambia,Zambia,DiscountedWeightedCostsCumulated,2032.0,Unmet country spinning reserve costs: $m,208853.89761238493
Zambia,Zambia,DiscountedWeightedCostsCumulated,2032.0,Unmet demand costs: $m,208853.89761238493
Zambia,Zambia,DiscountedWeightedCostsCumulated,2032.0,Unmet system CO2 backstop cost: $m,208853.89761238493
Zambia,Zambia,DiscountedWeightedCostsCumulated,2032.0,Unmet system planning reserve costs: $m,208853.89761238493
Zambia,Zambia,DiscountedWeightedCostsCumulated,2032.0,Unmet system spinning reserve costs: $m,208853.89761238493
Zambia,Zambia,DiscountedWeightedCostsCumulated,2032.0,VRE curtailment: $m,208854.27541518287
Zambia,Zambia,DiscountedWeightedCostsCumulated,2032.0,Variable O&M: $m,208951.65086838536
Zambia,Zambia,DiscountedWeightedCostsCumulated,2035.0,Carbon costs: $m,260254.6223689844
Zambia,Zambia,DiscountedWeightedCostsCumulated,2035.0,Excess generation: $m,260738.3123375419
Zambia,Zambia,DiscountedWeightedCostsCumulated,2035.0,Export revenues with external zones: $m,260738.3123375419
Zambia,Zambia,DiscountedWeightedCostsCumulated,2035.0,Export revenues with internal zones: $m,257211.36943676084
Zambia,Zambia,DiscountedWeightedCostsCumulated,2035.0,Fixed O&M: $m,256488.7216490967
Zambia,Zambia,DiscountedWeightedCostsCumulated,2035.0,Fuel costs: $m,258014.6438550078
Zambia,Zambia,DiscountedWeightedCostsCumulated,2035.0,Generation costs: $m,258264.34441836944
Zambia,Zambia,DiscountedWeightedCostsCumulated,2035.0,Import costs with external zones: $m,258264.34441836944
Zambia,Zambia,DiscountedWeightedCostsCumulated,2035.0,Import costs with internal zones: $m,260658.2134425127
Zambia,Zambia,DiscountedWeightedCostsCumulated,2035.0,NPV of system cost: $m,262276.0853138637
Zambia,Zambia,DiscountedWeightedCostsCumulated,2035.0,Spinning reserve costs: $m,262276.0853138637
Zambia,Zambia,DiscountedWeightedCostsCumulated,2035.0,Startup costs: $m,262276.0853138637
Zambia,Zambia,DiscountedWeightedCostsCumulated,2035.0,Trade shared benefits: $m,234500.763109433
Zambia,Zambia,DiscountedWeightedCostsCumulated,2035.0,Transmission costs: $m,208741.5075731753
Zambia,Zambia,DiscountedWeightedCostsCumulated,2035.0,Unmet country CO2 backstop cost: $m,208853.89761238493
Zambia,Zambia,DiscountedWeightedCostsCumulated,2035.0,Unmet country planning reserve costs: $m,208853.89761238493
Zambia,Zambia,DiscountedWeightedCostsCumulated,2035.0,Unmet country spinning reserve costs: $m,208853.89761238493
Zambia,Zambia,DiscountedWeightedCostsCumulated,2035.0,Unmet demand costs: $m,208853.89761238493
Zambia,Zambia,DiscountedWeightedCostsCumulated,2035.0,Unmet system CO2 backstop cost: $m,208853.89761238493
Zambia,Zambia,DiscountedWeightedCostsCumulated,2035.0,Unmet system planning reserve costs: $m,208853.89761238493
Zambia,Zambia,DiscountedWeightedCostsCumulated,2035.0,Unmet system spinning reserve costs: $m,208853.89761238493
Zambia,Zambia,DiscountedWeightedCostsCumulated,2035.0,VRE curtailment: $m,208854.27541518287
Zambia,Zambia,DiscountedWeightedCostsCumulated,2035.0,Variable O&M: $m,208976.3196499945
Zambia,Zambia,DiscountedWeightedCostsCumulated,2038.0,Carbon costs: $m,260398.344546946
Zambia,Zambia,DiscountedWeightedCostsCumulated,2038.0,Excess generation: $m,260738.3123375419
Zambia,Zambia,DiscountedWeightedCostsCumulated,2038.0,Export revenues with external zones: $m,260738.3123375419
Zambia,Zambia,DiscountedWeightedCostsCumulated,2038.0,Export revenues with internal zones: $m,256485.7345343
Zambia,Zambia,DiscountedWeightedCostsCumulated,2038.0,Fixed O&M: $m,256731.7285889932
Zambia,Zambia,DiscountedWeightedCostsCumulated,2038.0,Fuel costs: $m,258103.119357578
Zambia,Zambia,DiscountedWeightedCostsCumulated,2038.0,Generation costs: $m,258264.34441836944
Zambia,Zambia,DiscountedWeightedCostsCumulated,2038.0,Import costs with external zones: $m,258264.34441836944
Zambia,Zambia,DiscountedWeightedCostsCumulated,2038.0,Import costs with internal zones: $m,261168.00279695977
Zambia,Zambia,DiscountedWeightedCostsCumulated,2038.0,NPV of system cost: $m,262276.0853138637
Zambia,Zambia,DiscountedWeightedCostsCumulated,2038.0,Spinning reserve costs: $m,262276.0853138637
Zambia,Zambia,DiscountedWeightedCostsCumulated,2038.0,Startup costs: $m,262276.0853138637
Zambia,Zambia,DiscountedWeightedCostsCumulated,2038.0,Trade shared benefits: $m,228202.61699150625
Zambia,Zambia,DiscountedWeightedCostsCumulated,2038.0,Transmission costs: $m,208777.56310286155
Zambia,Zambia,DiscountedWeightedCostsCumulated,2038.0,Unmet country CO2 backstop cost: $m,208853.89761238493
Zambia,Zambia,DiscountedWeightedCostsCumulated,2038.0,Unmet country planning reserve costs: $m,208853.89761238493
Zambia,Zambia,DiscountedWeightedCostsCumulated,2038.0,Unmet country spinning reserve costs: $m,208853.89761238493
Zambia,Zambia,DiscountedWeightedCostsCumulated,2038.0,Unmet demand costs: $m,208853.89761238493
Zambia,Zambia,DiscountedWeightedCostsCumulated,2038.0,Unmet system CO2 backstop cost: $m,208853.89761238493
Zambia,Zambia,DiscountedWeightedCostsCumulated,2038.0,Unmet system planning reserve costs: $m,208853.89761238493
Zambia,Zambia,DiscountedWeightedCostsCumulated,2038.0,Unmet system spinning reserve costs: $m,208853.90910760543
Zambia,Zambia,DiscountedWeightedCostsCumulated,2038.0,VRE curtailment: $m,208854.27541518287
Zambia,Zambia,DiscountedWeightedCostsCumulated,2038.0,Variable O&M: $m,208994.8536707376
Zambia,Zambia,DiscountedWeightedCostsCumulated,2040.0,Carbon costs: $m,260477.5809294246
Zambia,Zambia,DiscountedWeightedCostsCumulated,2040.0,Excess generation: $m,260738.3123375419
Zambia,Zambia,DiscountedWeightedCostsCumulated,2040.0,Export revenues with external zones: $m,260738.3123375419
Zambia,Zambia,DiscountedWeightedCostsCumulated,2040.0,Export revenues with internal zones: $m,256179.1811853768
Zambia,Zambia,DiscountedWeightedCostsCumulated,2040.0,Fixed O&M: $m,256860.6024940538
Zambia,Zambia,DiscountedWeightedCostsCumulated,2040.0,Fuel costs: $m,258148.3904114393
Zambia,Zambia,DiscountedWeightedCostsCumulated,2040.0,Generation costs: $m,258264.34441836944
Zambia,Zambia,DiscountedWeightedCostsCumulated,2040.0,Import costs with external zones: $m,258264.34441836944
Zambia,Zambia,DiscountedWeightedCostsCumulated,2040.0,Import costs with internal zones: $m,261408.7792636797
Zambia,Zambia,DiscountedWeightedCostsCumulated,2040.0,NPV of system cost: $m,262276.0853138637
Zambia,Zambia,DiscountedWeightedCostsCumulated,2040.0,Spinning reserve costs: $m,262276.0853138637
Zambia,Zambia,DiscountedWeightedCostsCumulated,2040.0,Startup costs: $m,262276.0853138637
Zambia,Zambia,DiscountedWeightedCostsCumulated,2040.0,Trade shared benefits: $m,224059.84808493243
Zambia,Zambia,DiscountedWeightedCostsCumulated,2040.0,Transmission costs: $m,208796.82512128283
Zambia,Zambia,DiscountedWeightedCostsCumulated,2040.0,Unmet country CO2 backstop cost: $m,208853.89761238493
Zambia,Zambia,DiscountedWeightedCostsCumulated,2040.0,Unmet country planning reserve costs: $m,208853.89761238493
Zambia,Zambia,DiscountedWeightedCostsCumulated,2040.0,Unmet country spinning reserve costs: $m,208853.89761238493
Zambia,Zambia,DiscountedWeightedCostsCumulated,2040.0,Unmet demand costs: $m,208853.89761238493
Zambia,Zambia,DiscountedWeightedCostsCumulated,2040.0,Unmet system CO2 backstop cost: $m,208853.89761238493
Zambia,Zambia,DiscountedWeightedCostsCumulated,2040.0,Unmet system planning reserve costs: $m,208853.89761238493
Zambia,Zambia,DiscountedWeightedCostsCumulated,2040.0,Unmet system spinning reserve costs: $m,208854.0522477142
Zambia,Zambia,DiscountedWeightedCostsCumulated,2040.0,VRE curtailment: $m,208854.27541518287
Zambia,Zambia,DiscountedWeightedCostsCumulated,2040.0,Variable O&M: $m,209004.5900318433
Zambia,Zambia,DiscountedWeightedCostsCumulated,2042.0,Carbon costs: $m,260545.17794993424
Zambia,Zambia,DiscountedWeightedCostsCumulated,2042.0,Excess generation: $m,260738.3123375419
Zambia,Zambia,DiscountedWeightedCostsCumulated,2042.0,Export revenues with external zones: $m,260738.3123375419
Zambia,Zambia,DiscountedWeightedCostsCumulated,2042.0,Export revenues with internal zones: $m,255907.0614216027
Zambia,Zambia,DiscountedWeightedCostsCumulated,2042.0,Fixed O&M: $m,256968.1153002154
Zambia,Zambia,DiscountedWeightedCostsCumulated,2042.0,Fuel costs: $m,258184.1416569129
Zambia,Zambia,DiscountedWeightedCostsCumulated,2042.0,Generation costs: $m,258264.34441836944
Zambia,Zambia,DiscountedWeightedCostsCumulated,2042.0,Import costs with external zones: $m,258264.34441836944
Zambia,Zambia,DiscountedWeightedCostsCumulated,2042.0,Import costs with internal zones: $m,261639.17805561304
Zambia,Zambia,DiscountedWeightedCostsCumulated,2042.0,NPV of system cost: $m,262276.0853138637
Zambia,Zambia,DiscountedWeightedCostsCumulated,2042.0,Spinning reserve costs: $m,262276.0853138637
Zambia,Zambia,DiscountedWeightedCostsCumulated,2042.0,Startup costs: $m,262276.0853138637
Zambia,Zambia,DiscountedWeightedCostsCumulated,2042.0,Trade shared benefits: $m,220566.7834112739
Zambia,Zambia,DiscountedWeightedCostsCumulated,2042.0,Transmission costs: $m,208812.82527916605
Zambia,Zambia,DiscountedWeightedCostsCumulated,2042.0,Unmet country CO2 backstop cost: $m,208853.89761238493
Zambia,Zambia,DiscountedWeightedCostsCumulated,2042.0,Unmet country planning reserve costs: $m,208853.89761238493
Zambia,Zambia,DiscountedWeightedCostsCumulated,2042.0,Unmet country spinning reserve costs: $m,208853.89761238493
Zambia,Zambia,DiscountedWeightedCostsCumulated,2042.0,Unmet demand costs: $m,208853.89761238493
Zambia,Zambia,DiscountedWeightedCostsCumulated,2042.0,Unmet system CO2 backstop cost: $m,208853.89761238493
Zambia,Zambia,DiscountedWeightedCostsCumulated,2042.0,Unmet system planning reserve costs: $m,208853.89761238493
Zambia,Zambia,DiscountedWeightedCostsCumulated,2042.0,Unmet system spinning reserve costs: $m,208854.27541518287
Zambia,Zambia,DiscountedWeightedCostsCumulated,2042.0,VRE curtailment: $m,208854.27541518287
Zambia,Zambia,DiscountedWeightedCostsCumulated,2042.0,Variable O&M: $m,209012.63661126955
Zambia,Zambia,DiscountedWeightedCostsCumulated,2045.0,Carbon costs: $m,260631.22218605684
Zambia,Zambia,DiscountedWeightedCostsCumulated,2045.0,Excess generation: $m,260738.3123375419
Zambia,Zambia,DiscountedWeightedCostsCumulated,2045.0,Export revenues with external zones: $m,260738.3123375419
Zambia,Zambia,DiscountedWeightedCostsCumulated,2045.0,Export revenues with internal zones: $m,255519.6036363933
Zambia,Zambia,DiscountedWeightedCostsCumulated,2045.0,Fixed O&M: $m,257108.9262711556
Zambia,Zambia,DiscountedWeightedCostsCumulated,2045.0,Fuel costs: $m,258223.4506806432
Zambia,Zambia,DiscountedWeightedCostsCumulated,2045.0,Generation costs: $m,258264.34441836944
Zambia,Zambia,DiscountedWeightedCostsCumulated,2045.0,Import costs with external zones: $m,258264.34441836944
Zambia,Zambia,DiscountedWeightedCostsCumulated,2045.0,Import costs with internal zones: $m,261959.45633724105
Zambia,Zambia,DiscountedWeightedCostsCumulated,2045.0,NPV of system cost: $m,262276.0853138637
Zambia,Zambia,DiscountedWeightedCostsCumulated,2045.0,Spinning reserve costs: $m,262276.0853138637
Zambia,Zambia,DiscountedWeightedCostsCumulated,2045.0,Startup costs: $m,262276.0853138637
Zambia,Zambia,DiscountedWeightedCostsCumulated,2045.0,Trade shared benefits: $m,215229.96345507057
Zambia,Zambia,DiscountedWeightedCostsCumulated,2045.0,Transmission costs: $m,208831.8644346656
Zambia,Zambia,DiscountedWeightedCostsCumulated,2045.0,Unmet country CO2 backstop cost: $m,208853.89761238493
Zambia,Zambia,DiscountedWeightedCostsCumulated,2045.0,Unmet country planning reserve costs: $m,208853.89761238493
Zambia,Zambia,DiscountedWeightedCostsCumulated,2045.0,Unmet country spinning reserve costs: $m,208853.89761238493
Zambia,Zambia,DiscountedWeightedCostsCumulated,2045.0,Unmet demand costs: $m,208853.89761238493
Zambia,Zambia,DiscountedWeightedCostsCumulated,2045.0,Unmet system CO2 backstop cost: $m,208853.89761238493
Zambia,Zambia,DiscountedWeightedCostsCumulated,2045.0,Unmet system planning reserve costs: $m,208853.89761238493
Zambia,Zambia,DiscountedWeightedCostsCumulated,2045.0,Unmet system spinning reserve costs: $m,208854.27541518287
Zambia,Zambia,DiscountedWeightedCostsCumulated,2045.0,VRE curtailment: $m,208854.27541518287
Zambia,Zambia,DiscountedWeightedCostsCumulated,2045.0,Variable O&M: $m,209022.82519087024
Zambia,Zambia,DiscountedWeightedCostsCumulated,2048.0,Carbon costs: $m,260700.486087626
Zambia,Zambia,DiscountedWeightedCostsCumulated,2048.0,Excess generation: $m,260738.3123375419
Zambia,Zambia,DiscountedWeightedCostsCumulated,2048.0,Export revenues with external zones: $m,260738.3123375419
Zambia,Zambia,DiscountedWeightedCostsCumulated,2048.0,Export revenues with internal zones: $m,255212.18544092344
Zambia,Zambia,DiscountedWeightedCostsCumulated,2048.0,Fixed O&M: $m,257231.3462696852
Zambia,Zambia,DiscountedWeightedCostsCumulated,2048.0,Fuel costs: $m,258250.7691231304
Zambia,Zambia,DiscountedWeightedCostsCumulated,2048.0,Generation costs: $m,258264.34441836944
Zambia,Zambia,DiscountedWeightedCostsCumulated,2048.0,Import costs with external zones: $m,258264.34441836944
Zambia,Zambia,DiscountedWeightedCostsCumulated,2048.0,Import costs with internal zones: $m,262174.65971422766
Zambia,Zambia,DiscountedWeightedCostsCumulated,2048.0,NPV of system cost: $m,262276.0853138637
Zambia,Zambia,DiscountedWeightedCostsCumulated,2048.0,Spinning reserve costs: $m,262276.0853138637
Zambia,Zambia,DiscountedWeightedCostsCumulated,2048.0,Startup costs: $m,262276.0853138637
Zambia,Zambia,DiscountedWeightedCostsCumulated,2048.0,Trade shared benefits: $m,210919.7226699665
Zambia,Zambia,DiscountedWeightedCostsCumulated,2048.0,Transmission costs: $m,208846.28441646017
Zambia,Zambia,DiscountedWeightedCostsCumulated,2048.0,Unmet country CO2 backstop cost: $m,208853.89761238493
Zambia,Zambia,DiscountedWeightedCostsCumulated,2048.0,Unmet country planning reserve costs: $m,208853.89761238493
Zambia,Zambia,DiscountedWeightedCostsCumulated,2048.0,Unmet country spinning reserve costs: $m,208853.89761238493
Zambia,Zambia,DiscountedWeightedCostsCumulated,2048.0,Unmet demand costs: $m,208853.89761238493
Zambia,Zambia,DiscountedWeightedCostsCumulated,2048.0,Unmet system CO2 backstop cost: $m,208853.89761238493
Zambia,Zambia,DiscountedWeightedCostsCumulated,2048.0,Unmet system planning reserve costs: $m,208853.89761238493
Zambia,Zambia,DiscountedWeightedCostsCumulated,2048.0,Unmet system spinning reserve costs: $m,208854.27541518287
Zambia,Zambia,DiscountedWeightedCostsCumulated,2048.0,VRE curtailment: $m,208854.27541518287
Zambia,Zambia,DiscountedWeightedCostsCumulated,2048.0,Variable O&M: $m,209031.2848408122
Zambia,Zambia,DiscountedWeightedCostsCumulated,2050.0,Carbon costs: $m,260738.3123375419
Zambia,Zambia,DiscountedWeightedCostsCumulated,2050.0,Excess generation: $m,260738.3123375419
Zambia,Zambia,DiscountedWeightedCostsCumulated,2050.0,Export revenues with external zones: $m,260738.3123375419
Zambia,Zambia,DiscountedWeightedCostsCumulated,2050.0,Export revenues with internal zones: $m,255040.9753435751
Zambia,Zambia,DiscountedWeightedCostsCumulated,2050.0,Fixed O&M: $m,257303.78997114467
Zambia,Zambia,DiscountedWeightedCostsCumulated,2050.0,Fuel costs: $m,258264.34441836944
Zambia,Zambia,DiscountedWeightedCostsCumulated,2050.0,Generation costs: $m,258264.34441836944
Zambia,Zambia,DiscountedWeightedCostsCumulated,2050.0,Import costs with external zones: $m,258264.34441836944
Zambia,Zambia,DiscountedWeightedCostsCumulated,2050.0,Import costs with internal zones: $m,262276.0853138637
Zambia,Zambia,DiscountedWeightedCostsCumulated,2050.0,NPV of system cost: $m,262276.0853138637
Zambia,Zambia,DiscountedWeightedCostsCumulated,2050.0,Spinning reserve costs: $m,262276.0853138637
Zambia,Zambia,DiscountedWeightedCostsCumulated,2050.0,Startup costs: $m,262276.0853138637
Zambia,Zambia,DiscountedWeightedCostsCumulated,2050.0,Trade shared benefits: $m,208637.72779359904
Zambia,Zambia,DiscountedWeightedCostsCumulated,2050.0,Transmission costs: $m,208853.89761238493
Zambia,Zambia,DiscountedWeightedCostsCumulated,2050.0,Unmet country CO2 backstop cost: $m,208853.89761238493
Zambia,Zambia,DiscountedWeightedCostsCumulated,2050.0,Unmet country planning reserve costs: $m,208853.89761238493
Zambia,Zambia,DiscountedWeightedCostsCumulated,2050.0,Unmet country spinning reserve costs: $m,208853.89761238493
Zambia,Zambia,DiscountedWeightedCostsCumulated,2050.0,Unmet demand costs: $m,208853.89761238493
Zambia,Zambia,DiscountedWeightedCostsCumulated,2050.0,Unmet system CO2 backstop cost: $m,208853.89761238493
Zambia,Zambia,DiscountedWeightedCostsCumulated,2050.0,Unmet system planning reserve costs: $m,208853.89761238493
Zambia,Zambia,DiscountedWeightedCostsCumulated,2050.0,Unmet system spinning reserve costs: $m,208854.27541518287
Zambia,Zambia,DiscountedWeightedCostsCumulated,2050.0,VRE curtailment: $m,208854.27541518287
Zambia,Zambia,DiscountedWeightedCostsCumulated,2050.0,Variable O&M: $m,209036.1767651113
Zambia,Zambia,GenCostsPerMWh,2025.0,Fixed O&M: $m,9.404599984984037
Zambia,Zambia,GenCostsPerMWh,2025.0,Variable Cost: $m,6.009266782562096
Zambia,Zambia,GenCostsPerMWh,2027.0,Fixed O&M: $m,9.047046850306678
Zambia,Zambia,GenCostsPerMWh,2027.0,Investment costs: $m,0.555888183907011
Zambia,Zambia,GenCostsPerMWh,2027.0,Variable Cost: $m,5.621624571471256
Zambia,Zambia,GenCostsPerMWh,2030.0,Fixed O&M: $m,9.047922917521902
Zambia,Zambia,GenCostsPerMWh,2030.0,Investment costs: $m,1.0615835133407527
Zambia,Zambia,GenCostsPerMWh,2030.0,Variable Cost: $m,5.3945779495980535
Zambia,Zambia,GenCostsPerMWh,2032.0,Fixed O&M: $m,9.04675901188566
Zambia,Zambia,GenCostsPerMWh,2032.0,Investment costs: $m,1.337224674440986
Zambia,Zambia,GenCostsPerMWh,2032.0,Variable Cost: $m,5.255123146517604
Zambia,Zambia,GenCostsPerMWh,2035.0,Fixed O&M: $m,9.278025156988903
Zambia,Zambia,GenCostsPerMWh,2035.0,Investment costs: $m,6.756697195978755
Zambia,Zambia,GenCostsPerMWh,2035.0,Variable Cost: $m,4.278403553233295
Zambia,Zambia,GenCostsPerMWh,2038.0,Fixed O&M: $m,9.273219808704026
Zambia,Zambia,GenCostsPerMWh,2038.0,Investment costs: $m,6.974670492428256
Zambia,Zambia,GenCostsPerMWh,2038.0,Variable Cost: $m,4.08351642850648
Zambia,Zambia,GenCostsPerMWh,2040.0,Fixed O&M: $m,9.270094522321164
Zambia,Zambia,GenCostsPerMWh,2040.0,Investment costs: $m,7.110328032126615
Zambia,Zambia,GenCostsPerMWh,2040.0,Variable Cost: $m,3.956766390632886
Zambia,Zambia,GenCostsPerMWh,2042.0,Fixed O&M: $m,9.26702973770525
Zambia,Zambia,GenCostsPerMWh,2042.0,Investment costs: $m,7.236933308658504
Zambia,Zambia,GenCostsPerMWh,2042.0,Variable Cost: $m,3.7751386117076775
Zambia,Zambia,GenCostsPerMWh,2045.0,Fixed O&M: $m,9.298031442528996
Zambia,Zambia,GenCostsPerMWh,2045.0,Investment costs: $m,9.510158125488704
Zambia,Zambia,GenCostsPerMWh,2045.0,Variable Cost: $m,3.268426238581648
Zambia,Zambia,GenCostsPerMWh,2048.0,Fixed O&M: $m,9.206430087861811
Zambia,Zambia,GenCostsPerMWh,2048.0,Investment costs: $m,12.811487517836609
Zambia,Zambia,GenCostsPerMWh,2048.0,Variable Cost: $m,2.690642955255066
Zambia,Zambia,GenCostsPerMWh,2050.0,Fixed O&M: $m,9.169165262377996
Zambia,Zambia,GenCostsPerMWh,2050.0,Investment costs: $m,15.381355660226596
Zambia,Zambia,GenCostsPerMWh,2050.0,Variable Cost: $m,2.337387301733391
Zambia,Zambia,NetPresentCostPerMWh,,Carbon costs: $m,6.960538710756368
Zambia,Zambia,NetPresentCostPerMWh,,Excess generation: $m,0.0
Zambia,Zambia,NetPresentCostPerMWh,,Export revenues with external zones: $m,0.0
Zambia,Zambia,NetPresentCostPerMWh,,Export revenues with internal zones: $m,-28.938091154725623
Zambia,Zambia,NetPresentCostPerMWh,,Fixed O&M: $m,11.493358393262865
Zambia,Zambia,NetPresentCostPerMWh,,Fuel costs: $m,4.878878006040831
Zambia,Zambia,NetPresentCostPerMWh,,Generation costs: $m,0.0
Zambia,Zambia,NetPresentCostPerMWh,,Import costs with external zones: $m,0.0
Zambia,Zambia,NetPresentCostPerMWh,,Import costs with internal zones: $m,20.37655905660683
Zambia,Zambia,NetPresentCostPerMWh,,NPV of system cost: $m,0.0
Zambia,Zambia,NetPresentCostPerMWh,,Spinning reserve costs: $m,0.0
Zambia,Zambia,NetPresentCostPerMWh,,Startup costs: $m,0.0
Zambia,Zambia,NetPresentCostPerMWh,,Trade shared benefits: $m,-272.441612801716
Zambia,Zambia,NetPresentCostPerMWh,,Transmission costs: $m,1.0979764629598263
Zambia,Zambia,NetPresentCostPerMWh,,Unmet country CO2 backstop cost: $m,0.0
Zambia,Zambia,NetPresentCostPerMWh,,Unmet country planning reserve costs: $m,0.0
Zambia,Zambia,NetPresentCostPerMWh,,Unmet country spinning reserve costs: $m,0.0
Zambia,Zambia,NetPresentCostPerMWh,,Unmet demand costs: $m,0.0
Zambia,Zambia,NetPresentCostPerMWh,,Unmet system CO2 backstop cost: $m,0.0
Zambia,Zambia,NetPresentCostPerMWh,,Unmet system planning reserve costs: $m,0.0
Zambia,Zambia,NetPresentCostPerMWh,,Unmet system spinning reserve costs: $m,0.0019189477148051
Zambia,Zambia,NetPresentCostPerMWh,,VRE curtailment: $m,0.0
Zambia,Zambia,NetPresentCostPerMWh,,Variable O&M: $m,0.9239189907441996
Zimbabwe,Zimbabwe,Costs,2025.0,Carbon costs: $m,340.92878190252014
Zimbabwe,Zimbabwe,Costs,2025.0,Excess generation: $m,0.0
Zimbabwe,Zimbabwe,Costs,2025.0,Export revenues with external zones: $m,0.0
Zimbabwe,Zimbabwe,Costs,2025.0,Export revenues with internal zones: $m,-27.240829701822
Zimbabwe,Zimbabwe,Costs,2025.0,Fixed O&M: $m,131.40269999999998
Zimbabwe,Zimbabwe,Costs,2025.0,Fuel costs: $m,285.7802149828989
Zimbabwe,Zimbabwe,Costs,2025.0,Generation costs: $m,0.0
Zimbabwe,Zimbabwe,Costs,2025.0,Import costs with external zones: $m,0.0
Zimbabwe,Zimbabwe,Costs,2025.0,Import costs with internal zones: $m,115.19607900729304
Zimbabwe,Zimbabwe,Costs,2025.0,NPV of system cost: $m,0.0
Zimbabwe,Zimbabwe,Costs,2025.0,Spinning reserve costs: $m,0.0
Zimbabwe,Zimbabwe,Costs,2025.0,Startup costs: $m,0.0
Zimbabwe,Zimbabwe,Costs,2025.0,Trade shared benefits: $m,-43.90934277260093
Zimbabwe,Zimbabwe,Costs,2025.0,Transmission costs: $m,0.0
Zimbabwe,Zimbabwe,Costs,2025.0,Unmet country CO2 backstop cost: $m,0.0
Zimbabwe,Zimbabwe,Costs,2025.0,Unmet country planning reserve costs: $m,0.0
Zimbabwe,Zimbabwe,Costs,2025.0,Unmet country spinning reserve costs: $m,0.0
Zimbabwe,Zimbabwe,Costs,2025.0,Unmet demand costs: $m,0.0
Zimbabwe,Zimbabwe,Costs,2025.0,Unmet system CO2 backstop cost: $m,0.0
Zimbabwe,Zimbabwe,Costs,2025.0,Unmet system planning reserve costs: $m,0.0
Zimbabwe,Zimbabwe,Costs,2025.0,Unmet system spinning reserve costs: $m,0.0
Zimbabwe,Zimbabwe,Costs,2025.0,VRE curtailment: $m,0.0
Zimbabwe,Zimbabwe,Costs,2025.0,Variable O&M: $m,20.745570961045747
Zimbabwe,Zimbabwe,Costs,2027.0,Carbon costs: $m,284.412961689952
Zimbabwe,Zimbabwe,Costs,2027.0,Excess generation: $m,0.0
Zimbabwe,Zimbabwe,Costs,2027.0,Export revenues with external zones: $m,0.0
Zimbabwe,Zimbabwe,Costs,2027.0,Export revenues with internal zones: $m,-65.83263797612359
Zimbabwe,Zimbabwe,Costs,2027.0,Fixed O&M: $m,147.4077
Zimbabwe,Zimbabwe,Costs,2027.0,Fuel costs: $m,306.29282605498787
Zimbabwe,Zimbabwe,Costs,2027.0,Generation costs: $m,0.0
Zimbabwe,Zimbabwe,Costs,2027.0,Import costs with external zones: $m,0.0
Zimbabwe,Zimbabwe,Costs,2027.0,Import costs with internal zones: $m,162.755249844415
Zimbabwe,Zimbabwe,Costs,2027.0,NPV of system cost: $m,0.0
Zimbabwe,Zimbabwe,Costs,2027.0,Spinning reserve costs: $m,0.0
Zimbabwe,Zimbabwe,Costs,2027.0,Startup costs: $m,0.0
Zimbabwe,Zimbabwe,Costs,2027.0,Trade shared benefits: $m,-49.03180035251783
Zimbabwe,Zimbabwe,Costs,2027.0,Transmission costs: $m,0.0
Zimbabwe,Zimbabwe,Costs,2027.0,Unmet country CO2 backstop cost: $m,0.0
Zimbabwe,Zimbabwe,Costs,2027.0,Unmet country planning reserve costs: $m,0.0
Zimbabwe,Zimbabwe,Costs,2027.0,Unmet country spinning reserve costs: $m,0.0
Zimbabwe,Zimbabwe,Costs,2027.0,Unmet demand costs: $m,0.0
Zimbabwe,Zimbabwe,Costs,2027.0,Unmet system CO2 backstop cost: $m,0.0
Zimbabwe,Zimbabwe,Costs,2027.0,Unmet system planning reserve costs: $m,0.0
Zimbabwe,Zimbabwe,Costs,2027.0,Unmet system spinning reserve costs: $m,0.0
Zimbabwe,Zimbabwe,Costs,2027.0,VRE curtailment: $m,0.0
Zimbabwe,Zimbabwe,Costs,2027.0,Variable O&M: $m,19.61156538002984
Zimbabwe,Zimbabwe,Costs,2030.0,Carbon costs: $m,356.0140984994868
Zimbabwe,Zimbabwe,Costs,2030.0,Excess generation: $m,0.0
Zimbabwe,Zimbabwe,Costs,2030.0,Export revenues with external zones: $m,0.0
Zimbabwe,Zimbabwe,Costs,2030.0,Export revenues with internal zones: $m,-348.62968195049376
Zimbabwe,Zimbabwe,Costs,2030.0,Fixed O&M: $m,156.26119865543922
Zimbabwe,Zimbabwe,Costs,2030.0,Fuel costs: $m,368.437949560104
Zimbabwe,Zimbabwe,Costs,2030.0,Generation costs: $m,0.0
Zimbabwe,Zimbabwe,Costs,2030.0,Import costs with external zones: $m,0.0
Zimbabwe,Zimbabwe,Costs,2030.0,Import costs with internal zones: $m,427.9928512149576
Zimbabwe,Zimbabwe,Costs,2030.0,NPV of system cost: $m,0.0
Zimbabwe,Zimbabwe,Costs,2030.0,Spinning reserve costs: $m,0.0
Zimbabwe,Zimbabwe,Costs,2030.0,Startup costs: $m,0.0
Zimbabwe,Zimbabwe,Costs,2030.0,Trade shared benefits: $m,-162.13612889521116
Zimbabwe,Zimbabwe,Costs,2030.0,Transmission costs: $m,0.0
Zimbabwe,Zimbabwe,Costs,2030.0,Unmet country CO2 backstop cost: $m,0.0
Zimbabwe,Zimbabwe,Costs,2030.0,Unmet country planning reserve costs: $m,0.0
Zimbabwe,Zimbabwe,Costs,2030.0,Unmet country spinning reserve costs: $m,0.0
Zimbabwe,Zimbabwe,Costs,2030.0,Unmet demand costs: $m,0.0
Zimbabwe,Zimbabwe,Costs,2030.0,Unmet system CO2 backstop cost: $m,0.0
Zimbabwe,Zimbabwe,Costs,2030.0,Unmet system planning reserve costs: $m,0.0
Zimbabwe,Zimbabwe,Costs,2030.0,Unmet system spinning reserve costs: $m,0.0
Zimbabwe,Zimbabwe,Costs,2030.0,VRE curtailment: $m,0.0
Zimbabwe,Zimbabwe,Costs,2030.0,Variable O&M: $m,22.875343516826227
Zimbabwe,Zimbabwe,Costs,2032.0,Carbon costs: $m,427.4161471205511
Zimbabwe,Zimbabwe,Costs,2032.0,Excess generation: $m,0.0
Zimbabwe,Zimbabwe,Costs,2032.0,Export revenues with external zones: $m,0.0
Zimbabwe,Zimbabwe,Costs,2032.0,Export revenues with internal zones: $m,-347.4426293789114
Zimbabwe,Zimbabwe,Costs,2032.0,Fixed O&M: $m,157.91119865543922
Zimbabwe,Zimbabwe,Costs,2032.0,Fuel costs: $m,409.2360757335625
Zimbabwe,Zimbabwe,Costs,2032.0,Generation costs: $m,0.0
Zimbabwe,Zimbabwe,Costs,2032.0,Import costs with external zones: $m,0.0
Zimbabwe,Zimbabwe,Costs,2032.0,Import costs with internal zones: $m,434.3419781474888
Zimbabwe,Zimbabwe,Costs,2032.0,NPV of system cost: $m,0.0
Zimbabwe,Zimbabwe,Costs,2032.0,Spinning reserve costs: $m,0.0
Zimbabwe,Zimbabwe,Costs,2032.0,Startup costs: $m,0.0
Zimbabwe,Zimbabwe,Costs,2032.0,Trade shared benefits: $m,-90.94198373594088
Zimbabwe,Zimbabwe,Costs,2032.0,Transmission costs: $m,0.0
Zimbabwe,Zimbabwe,Costs,2032.0,Unmet country CO2 backstop cost: $m,0.0
Zimbabwe,Zimbabwe,Costs,2032.0,Unmet country planning reserve costs: $m,0.0
Zimbabwe,Zimbabwe,Costs,2032.0,Unmet country spinning reserve costs: $m,0.0
Zimbabwe,Zimbabwe,Costs,2032.0,Unmet demand costs: $m,0.0
Zimbabwe,Zimbabwe,Costs,2032.0,Unmet system CO2 backstop cost: $m,0.0
Zimbabwe,Zimbabwe,Costs,2032.0,Unmet system planning reserve costs: $m,0.0
Zimbabwe,Zimbabwe,Costs,2032.0,Unmet system spinning reserve costs: $m,0.0
Zimbabwe,Zimbabwe,Costs,2032.0,VRE curtailment: $m,0.0
Zimbabwe,Zimbabwe,Costs,2032.0,Variable O&M: $m,25.52353442180756
Zimbabwe,Zimbabwe,Costs,2035.0,Carbon costs: $m,161.15174938236788
Zimbabwe,Zimbabwe,Costs,2035.0,Excess generation: $m,0.0
Zimbabwe,Zimbabwe,Costs,2035.0,Export revenues with external zones: $m,0.0
Zimbabwe,Zimbabwe,Costs,2035.0,Export revenues with internal zones: $m,-476.00785360123433
Zimbabwe,Zimbabwe,Costs,2035.0,Fixed O&M: $m,213.18619865543923
Zimbabwe,Zimbabwe,Costs,2035.0,Fuel costs: $m,209.1519862172667
Zimbabwe,Zimbabwe,Costs,2035.0,Generation costs: $m,0.0
Zimbabwe,Zimbabwe,Costs,2035.0,Import costs with external zones: $m,0.0
Zimbabwe,Zimbabwe,Costs,2035.0,Import costs with internal zones: $m,551.9062677806334
Zimbabwe,Zimbabwe,Costs,2035.0,NPV of system cost: $m,0.0
Zimbabwe,Zimbabwe,Costs,2035.0,Spinning reserve costs: $m,0.0
Zimbabwe,Zimbabwe,Costs,2035.0,Startup costs: $m,0.0
Zimbabwe,Zimbabwe,Costs,2035.0,Trade shared benefits: $m,-168.4870718708226
Zimbabwe,Zimbabwe,Costs,2035.0,Transmission costs: $m,9.410961999516507
Zimbabwe,Zimbabwe,Costs,2035.0,Unmet country CO2 backstop cost: $m,0.0
Zimbabwe,Zimbabwe,Costs,2035.0,Unmet country planning reserve costs: $m,0.0
Zimbabwe,Zimbabwe,Costs,2035.0,Unmet country spinning reserve costs: $m,0.0
Zimbabwe,Zimbabwe,Costs,2035.0,Unmet demand costs: $m,0.0
Zimbabwe,Zimbabwe,Costs,2035.0,Unmet system CO2 backstop cost: $m,0.0
Zimbabwe,Zimbabwe,Costs,2035.0,Unmet system planning reserve costs: $m,0.0
Zimbabwe,Zimbabwe,Costs,2035.0,Unmet system spinning reserve costs: $m,0.0
Zimbabwe,Zimbabwe,Costs,2035.0,VRE curtailment: $m,0.0
Zimbabwe,Zimbabwe,Costs,2035.0,Variable O&M: $m,15.678993688648212
Zimbabwe,Zimbabwe,Costs,2038.0,Carbon costs: $m,77.93844252433314
Zimbabwe,Zimbabwe,Costs,2038.0,Excess generation: $m,0.0
Zimbabwe,Zimbabwe,Costs,2038.0,Export revenues with external zones: $m,0.0
Zimbabwe,Zimbabwe,Costs,2038.0,Export revenues with internal zones: $m,-248.8817588096971
Zimbabwe,Zimbabwe,Costs,2038.0,Fixed O&M: $m,214.8911986554392
Zimbabwe,Zimbabwe,Costs,2038.0,Fuel costs: $m,137.1544181435916
Zimbabwe,Zimbabwe,Costs,2038.0,Generation costs: $m,0.0
Zimbabwe,Zimbabwe,Costs,2038.0,Import costs with external zones: $m,0.0
Zimbabwe,Zimbabwe,Costs,2038.0,Import costs with internal zones: $m,319.16153441090063
Zimbabwe,Zimbabwe,Costs,2038.0,NPV of system cost: $m,0.0
Zimbabwe,Zimbabwe,Costs,2038.0,Spinning reserve costs: $m,0.0
Zimbabwe,Zimbabwe,Costs,2038.0,Startup costs: $m,0.0
Zimbabwe,Zimbabwe,Costs,2038.0,Trade shared benefits: $m,-104.82334088149987
Zimbabwe,Zimbabwe,Costs,2038.0,Transmission costs: $m,9.410961999516507
Zimbabwe,Zimbabwe,Costs,2038.0,Unmet country CO2 backstop cost: $m,0.0
Zimbabwe,Zimbabwe,Costs,2038.0,Unmet country planning reserve costs: $m,0.0
Zimbabwe,Zimbabwe,Costs,2038.0,Unmet country spinning reserve costs: $m,0.0
Zimbabwe,Zimbabwe,Costs,2038.0,Unmet demand costs: $m,0.0
Zimbabwe,Zimbabwe,Costs,2038.0,Unmet system CO2 backstop cost: $m,0.0
Zimbabwe,Zimbabwe,Costs,2038.0,Unmet system planning reserve costs: $m,0.0
Zimbabwe,Zimbabwe,Costs,2038.0,Unmet system spinning reserve costs: $m,0.0106256603182691
Zimbabwe,Zimbabwe,Costs,2038.0,VRE curtailment: $m,0.0
Zimbabwe,Zimbabwe,Costs,2038.0,Variable O&M: $m,13.20604006963324
Zimbabwe,Zimbabwe,Costs,2040.0,Carbon costs: $m,30.23484020613995
Zimbabwe,Zimbabwe,Costs,2040.0,Excess generation: $m,0.0
Zimbabwe,Zimbabwe,Costs,2040.0,Export revenues with external zones: $m,0.0
Zimbabwe,Zimbabwe,Costs,2040.0,Export revenues with internal zones: $m,-217.63620683835416
Zimbabwe,Zimbabwe,Costs,2040.0,Fixed O&M: $m,244.0411986554392
Zimbabwe,Zimbabwe,Costs,2040.0,Fuel costs: $m,51.71177504341387
Zimbabwe,Zimbabwe,Costs,2040.0,Generation costs: $m,0.0
Zimbabwe,Zimbabwe,Costs,2040.0,Import costs with external zones: $m,0.0
Zimbabwe,Zimbabwe,Costs,2040.0,Import costs with internal zones: $m,312.1664280504383
Zimbabwe,Zimbabwe,Costs,2040.0,NPV of system cost: $m,0.0
Zimbabwe,Zimbabwe,Costs,2040.0,Spinning reserve costs: $m,0.0
Zimbabwe,Zimbabwe,Costs,2040.0,Startup costs: $m,0.0
Zimbabwe,Zimbabwe,Costs,2040.0,Trade shared benefits: $m,-103.63457212882729
Zimbabwe,Zimbabwe,Costs,2040.0,Transmission costs: $m,9.410961999516507
Zimbabwe,Zimbabwe,Costs,2040.0,Unmet country CO2 backstop cost: $m,0.0
Zimbabwe,Zimbabwe,Costs,2040.0,Unmet country planning reserve costs: $m,0.0
Zimbabwe,Zimbabwe,Costs,2040.0,Unmet country spinning reserve costs: $m,0.0
Zimbabwe,Zimbabwe,Costs,2040.0,Unmet demand costs: $m,0.0
Zimbabwe,Zimbabwe,Costs,2040.0,Unmet system CO2 backstop cost: $m,0.0
Zimbabwe,Zimbabwe,Costs,2040.0,Unmet system planning reserve costs: $m,0.0
Zimbabwe,Zimbabwe,Costs,2040.0,Unmet system spinning reserve costs: $m,0.2566679492779684
Zimbabwe,Zimbabwe,Costs,2040.0,VRE curtailment: $m,0.0
Zimbabwe,Zimbabwe,Costs,2040.0,Variable O&M: $m,11.45220440331088
Zimbabwe,Zimbabwe,Costs,2042.0,Carbon costs: $m,75.44717268586727
Zimbabwe,Zimbabwe,Costs,2042.0,Excess generation: $m,0.0
Zimbabwe,Zimbabwe,Costs,2042.0,Export revenues with external zones: $m,0.0
Zimbabwe,Zimbabwe,Costs,2042.0,Export revenues with internal zones: $m,-257.69580131891564
Zimbabwe,Zimbabwe,Costs,2042.0,Fixed O&M: $m,246.7911986554392
Zimbabwe,Zimbabwe,Costs,2042.0,Fuel costs: $m,122.84345899586036
Zimbabwe,Zimbabwe,Costs,2042.0,Generation costs: $m,0.0
Zimbabwe,Zimbabwe,Costs,2042.0,Import costs with external zones: $m,0.0
Zimbabwe,Zimbabwe,Costs,2042.0,Import costs with internal zones: $m,361.2060022996853
Zimbabwe,Zimbabwe,Costs,2042.0,NPV of system cost: $m,0.0
Zimbabwe,Zimbabwe,Costs,2042.0,Spinning reserve costs: $m,0.0
Zimbabwe,Zimbabwe,Costs,2042.0,Startup costs: $m,0.0
Zimbabwe,Zimbabwe,Costs,2042.0,Trade shared benefits: $m,-76.952505407321
Zimbabwe,Zimbabwe,Costs,2042.0,Transmission costs: $m,9.410961999516507
Zimbabwe,Zimbabwe,Costs,2042.0,Unmet country CO2 backstop cost: $m,0.0
Zimbabwe,Zimbabwe,Costs,2042.0,Unmet country planning reserve costs: $m,0.0
Zimbabwe,Zimbabwe,Costs,2042.0,Unmet country spinning reserve costs: $m,0.0
Zimbabwe,Zimbabwe,Costs,2042.0,Unmet demand costs: $m,0.0
Zimbabwe,Zimbabwe,Costs,2042.0,Unmet system CO2 backstop cost: $m,0.0
Zimbabwe,Zimbabwe,Costs,2042.0,Unmet system planning reserve costs: $m,0.0
Zimbabwe,Zimbabwe,Costs,2042.0,Unmet system spinning reserve costs: $m,0.4934296712411687
Zimbabwe,Zimbabwe,Costs,2042.0,VRE curtailment: $m,0.0
Zimbabwe,Zimbabwe,Costs,2042.0,Variable O&M: $m,14.258870854285489
Zimbabwe,Zimbabwe,Costs,2045.0,Carbon costs: $m,212.02686598398805
Zimbabwe,Zimbabwe,Costs,2045.0,Excess generation: $m,0.0
Zimbabwe,Zimbabwe,Costs,2045.0,Export revenues with external zones: $m,0.0
Zimbabwe,Zimbabwe,Costs,2045.0,Export revenues with internal zones: $m,-245.1686360046152
Zimbabwe,Zimbabwe,Costs,2045.0,Fixed O&M: $m,250.9161986554392
Zimbabwe,Zimbabwe,Costs,2045.0,Fuel costs: $m,224.5054722523577
Zimbabwe,Zimbabwe,Costs,2045.0,Generation costs: $m,0.0
Zimbabwe,Zimbabwe,Costs,2045.0,Import costs with external zones: $m,0.0
Zimbabwe,Zimbabwe,Costs,2045.0,Import costs with internal zones: $m,416.3717834952898
Zimbabwe,Zimbabwe,Costs,2045.0,NPV of system cost: $m,0.0
Zimbabwe,Zimbabwe,Costs,2045.0,Spinning reserve costs: $m,0.0
Zimbabwe,Zimbabwe,Costs,2045.0,Startup costs: $m,0.0
Zimbabwe,Zimbabwe,Costs,2045.0,Trade shared benefits: $m,-93.04611864451392
Zimbabwe,Zimbabwe,Costs,2045.0,Transmission costs: $m,10.080554696892644
Zimbabwe,Zimbabwe,Costs,2045.0,Unmet country CO2 backstop cost: $m,0.0
Zimbabwe,Zimbabwe,Costs,2045.0,Unmet country planning reserve costs: $m,0.0
Zimbabwe,Zimbabwe,Costs,2045.0,Unmet country spinning reserve costs: $m,0.0
Zimbabwe,Zimbabwe,Costs,2045.0,Unmet demand costs: $m,0.0
Zimbabwe,Zimbabwe,Costs,2045.0,Unmet system CO2 backstop cost: $m,0.0
Zimbabwe,Zimbabwe,Costs,2045.0,Unmet system planning reserve costs: $m,0.0
Zimbabwe,Zimbabwe,Costs,2045.0,Unmet system spinning reserve costs: $m,0.0
Zimbabwe,Zimbabwe,Costs,2045.0,VRE curtailment: $m,0.0
Zimbabwe,Zimbabwe,Costs,2045.0,Variable O&M: $m,19.845605907887265
Zimbabwe,Zimbabwe,Costs,2048.0,Carbon costs: $m,395.918416257806
Zimbabwe,Zimbabwe,Costs,2048.0,Excess generation: $m,0.0
Zimbabwe,Zimbabwe,Costs,2048.0,Export revenues with external zones: $m,0.0
Zimbabwe,Zimbabwe,Costs,2048.0,Export revenues with internal zones: $m,-319.5534093253021
Zimbabwe,Zimbabwe,Costs,2048.0,Fixed O&M: $m,262.2351986554392
Zimbabwe,Zimbabwe,Costs,2048.0,Fuel costs: $m,271.68526932398964
Zimbabwe,Zimbabwe,Costs,2048.0,Generation costs: $m,0.0
Zimbabwe,Zimbabwe,Costs,2048.0,Import costs with external zones: $m,0.0
Zimbabwe,Zimbabwe,Costs,2048.0,Import costs with internal zones: $m,495.96151289229294
Zimbabwe,Zimbabwe,Costs,2048.0,NPV of system cost: $m,0.0
Zimbabwe,Zimbabwe,Costs,2048.0,Spinning reserve costs: $m,0.0
Zimbabwe,Zimbabwe,Costs,2048.0,Startup costs: $m,0.0
Zimbabwe,Zimbabwe,Costs,2048.0,Trade shared benefits: $m,-109.70929620745
Zimbabwe,Zimbabwe,Costs,2048.0,Transmission costs: $m,10.681796066605369
Zimbabwe,Zimbabwe,Costs,2048.0,Unmet country CO2 backstop cost: $m,0.0
Zimbabwe,Zimbabwe,Costs,2048.0,Unmet country planning reserve costs: $m,0.0
Zimbabwe,Zimbabwe,Costs,2048.0,Unmet country spinning reserve costs: $m,0.0
Zimbabwe,Zimbabwe,Costs,2048.0,Unmet demand costs: $m,0.0
Zimbabwe,Zimbabwe,Costs,2048.0,Unmet system CO2 backstop cost: $m,0.0
Zimbabwe,Zimbabwe,Costs,2048.0,Unmet system planning reserve costs: $m,0.0
Zimbabwe,Zimbabwe,Costs,2048.0,Unmet system spinning reserve costs: $m,0.0
Zimbabwe,Zimbabwe,Costs,2048.0,VRE curtailment: $m,0.0
Zimbabwe,Zimbabwe,Costs,2048.0,Variable O&M: $m,25.22958333565618
Zimbabwe,Zimbabwe,Costs,2050.0,Carbon costs: $m,571.9082503824822
Zimbabwe,Zimbabwe,Costs,2050.0,Excess generation: $m,0.0
Zimbabwe,Zimbabwe,Costs,2050.0,Export revenues with external zones: $m,0.0
Zimbabwe,Zimbabwe,Costs,2050.0,Export revenues with internal zones: $m,-420.3378310837337
Zimbabwe,Zimbabwe,Costs,2050.0,Fixed O&M: $m,267.5426986554392
Zimbabwe,Zimbabwe,Costs,2050.0,Fuel costs: $m,310.4829147303942
Zimbabwe,Zimbabwe,Costs,2050.0,Generation costs: $m,0.0
Zimbabwe,Zimbabwe,Costs,2050.0,Import costs with external zones: $m,0.0
Zimbabwe,Zimbabwe,Costs,2050.0,Import costs with internal zones: $m,614.1461356855683
Zimbabwe,Zimbabwe,Costs,2050.0,NPV of system cost: $m,0.0
Zimbabwe,Zimbabwe,Costs,2050.0,Spinning reserve costs: $m,0.0
Zimbabwe,Zimbabwe,Costs,2050.0,Startup costs: $m,0.0
Zimbabwe,Zimbabwe,Costs,2050.0,Trade shared benefits: $m,-119.24028150250751
Zimbabwe,Zimbabwe,Costs,2050.0,Transmission costs: $m,10.681796066605369
Zimbabwe,Zimbabwe,Costs,2050.0,Unmet country CO2 backstop cost: $m,0.0
Zimbabwe,Zimbabwe,Costs,2050.0,Unmet country planning reserve costs: $m,0.0
Zimbabwe,Zimbabwe,Costs,2050.0,Unmet country spinning reserve costs: $m,0.0
Zimbabwe,Zimbabwe,Costs,2050.0,Unmet demand costs: $m,0.0
Zimbabwe,Zimbabwe,Costs,2050.0,Unmet system CO2 backstop cost: $m,0.0
Zimbabwe,Zimbabwe,Costs,2050.0,Unmet system planning reserve costs: $m,0.0
Zimbabwe,Zimbabwe,Costs,2050.0,Unmet system spinning reserve costs: $m,0.0
Zimbabwe,Zimbabwe,Costs,2050.0,VRE curtailment: $m,0.0
Zimbabwe,Zimbabwe,Costs,2050.0,Variable O&M: $m,30.14987560679208
Zimbabwe,Zimbabwe,DiscountedWeightedCostsCumulated,2025.0,Carbon costs: $m,209377.10554701384
Zimbabwe,Zimbabwe,DiscountedWeightedCostsCumulated,2025.0,Excess generation: $m,211862.022431639
Zimbabwe,Zimbabwe,DiscountedWeightedCostsCumulated,2025.0,Export revenues with external zones: $m,211862.022431639
Zimbabwe,Zimbabwe,DiscountedWeightedCostsCumulated,2025.0,Export revenues with internal zones: $m,211834.7816019372
Zimbabwe,Zimbabwe,DiscountedWeightedCostsCumulated,2025.0,Fixed O&M: $m,209258.5419811366
Zimbabwe,Zimbabwe,DiscountedWeightedCostsCumulated,2025.0,Fuel costs: $m,211347.0545223304
Zimbabwe,Zimbabwe,DiscountedWeightedCostsCumulated,2025.0,Generation costs: $m,213938.6046328679
Zimbabwe,Zimbabwe,DiscountedWeightedCostsCumulated,2025.0,Import costs with external zones: $m,213938.6046328679
Zimbabwe,Zimbabwe,DiscountedWeightedCostsCumulated,2025.0,Import costs with internal zones: $m,214053.8007118752
Zimbabwe,Zimbabwe,DiscountedWeightedCostsCumulated,2025.0,NPV of system cost: $m,217668.520136364
Zimbabwe,Zimbabwe,DiscountedWeightedCostsCumulated,2025.0,Spinning reserve costs: $m,217668.520136364
Zimbabwe,Zimbabwe,DiscountedWeightedCostsCumulated,2025.0,Startup costs: $m,217668.520136364
Zimbabwe,Zimbabwe,DiscountedWeightedCostsCumulated,2025.0,Trade shared benefits: $m,217624.6107935914
Zimbabwe,Zimbabwe,DiscountedWeightedCostsCumulated,2025.0,Transmission costs: $m,216551.8750385
Zimbabwe,Zimbabwe,DiscountedWeightedCostsCumulated,2025.0,Unmet country CO2 backstop cost: $m,216594.40433938472
Zimbabwe,Zimbabwe,DiscountedWeightedCostsCumulated,2025.0,Unmet country planning reserve costs: $m,216594.40433938472
Zimbabwe,Zimbabwe,DiscountedWeightedCostsCumulated,2025.0,Unmet country spinning reserve costs: $m,216594.40433938472
Zimbabwe,Zimbabwe,DiscountedWeightedCostsCumulated,2025.0,Unmet demand costs: $m,216594.40433938472
Zimbabwe,Zimbabwe,DiscountedWeightedCostsCumulated,2025.0,Unmet system CO2 backstop cost: $m,216594.40433938472
Zimbabwe,Zimbabwe,DiscountedWeightedCostsCumulated,2025.0,Unmet system planning reserve costs: $m,216594.40433938472
Zimbabwe,Zimbabwe,DiscountedWeightedCostsCumulated,2025.0,Unmet system spinning reserve costs: $m,216594.40433938472
Zimbabwe,Zimbabwe,DiscountedWeightedCostsCumulated,2025.0,VRE curtailment: $m,216594.76493885604
Zimbabwe,Zimbabwe,DiscountedWeightedCostsCumulated,2025.0,Variable O&M: $m,216615.51050981708
Zimbabwe,Zimbabwe,DiscountedWeightedCostsCumulated,2027.0,Carbon costs: $m,209894.2200228137
Zimbabwe,Zimbabwe,DiscountedWeightedCostsCumulated,2027.0,Excess generation: $m,211862.022431639
Zimbabwe,Zimbabwe,DiscountedWeightedCostsCumulated,2027.0,Export revenues with external zones: $m,211862.022431639
Zimbabwe,Zimbabwe,DiscountedWeightedCostsCumulated,2027.0,Export revenues with internal zones: $m,211715.08589652603
Zimbabwe,Zimbabwe,DiscountedWeightedCostsCumulated,2027.0,Fixed O&M: $m,209526.5559811366
Zimbabwe,Zimbabwe,DiscountedWeightedCostsCumulated,2027.0,Fuel costs: $m,211903.95056970307
Zimbabwe,Zimbabwe,DiscountedWeightedCostsCumulated,2027.0,Generation costs: $m,213938.6046328679
Zimbabwe,Zimbabwe,DiscountedWeightedCostsCumulated,2027.0,Import costs with external zones: $m,213938.6046328679
Zimbabwe,Zimbabwe,DiscountedWeightedCostsCumulated,2027.0,Import costs with internal zones: $m,214349.71934795595
Zimbabwe,Zimbabwe,DiscountedWeightedCostsCumulated,2027.0,NPV of system cost: $m,217668.520136364
Zimbabwe,Zimbabwe,DiscountedWeightedCostsCumulated,2027.0,Spinning reserve costs: $m,217668.520136364
Zimbabwe,Zimbabwe,DiscountedWeightedCostsCumulated,2027.0,Startup costs: $m,217668.520136364
Zimbabwe,Zimbabwe,DiscountedWeightedCostsCumulated,2027.0,Trade shared benefits: $m,217535.4620656777
Zimbabwe,Zimbabwe,DiscountedWeightedCostsCumulated,2027.0,Transmission costs: $m,216551.8750385
Zimbabwe,Zimbabwe,DiscountedWeightedCostsCumulated,2027.0,Unmet country CO2 backstop cost: $m,216594.40433938472
Zimbabwe,Zimbabwe,DiscountedWeightedCostsCumulated,2027.0,Unmet country planning reserve costs: $m,216594.40433938472
Zimbabwe,Zimbabwe,DiscountedWeightedCostsCumulated,2027.0,Unmet country spinning reserve costs: $m,216594.40433938472
Zimbabwe,Zimbabwe,DiscountedWeightedCostsCumulated,2027.0,Unmet demand costs: $m,216594.40433938472
Zimbabwe,Zimbabwe,DiscountedWeightedCostsCumulated,2027.0,Unmet system CO2 backstop cost: $m,216594.40433938472
Zimbabwe,Zimbabwe,DiscountedWeightedCostsCumulated,2027.0,Unmet system planning reserve costs: $m,216594.40433938472
Zimbabwe,Zimbabwe,DiscountedWeightedCostsCumulated,2027.0,Unmet system spinning reserve costs: $m,216594.40433938472
Zimbabwe,Zimbabwe,DiscountedWeightedCostsCumulated,2027.0,VRE curtailment: $m,216594.76493885604
Zimbabwe,Zimbabwe,DiscountedWeightedCostsCumulated,2027.0,Variable O&M: $m,216651.16790141712
Zimbabwe,Zimbabwe,DiscountedWeightedCostsCumulated,2030.0,Carbon costs: $m,210659.31271439133
Zimbabwe,Zimbabwe,DiscountedWeightedCostsCumulated,2030.0,Excess generation: $m,211862.022431639
Zimbabwe,Zimbabwe,DiscountedWeightedCostsCumulated,2030.0,Export revenues with external zones: $m,211862.022431639
Zimbabwe,Zimbabwe,DiscountedWeightedCostsCumulated,2030.0,Export revenues with internal zones: $m,210965.86269763712
Zimbabwe,Zimbabwe,DiscountedWeightedCostsCumulated,2030.0,Fixed O&M: $m,209862.3693704724
Zimbabwe,Zimbabwe,DiscountedWeightedCostsCumulated,2030.0,Fuel costs: $m,212695.74275910333
Zimbabwe,Zimbabwe,DiscountedWeightedCostsCumulated,2030.0,Generation costs: $m,213938.6046328679
Zimbabwe,Zimbabwe,DiscountedWeightedCostsCumulated,2030.0,Import costs with external zones: $m,213938.6046328679
Zimbabwe,Zimbabwe,DiscountedWeightedCostsCumulated,2030.0,Import costs with internal zones: $m,215269.49809798904
Zimbabwe,Zimbabwe,DiscountedWeightedCostsCumulated,2030.0,NPV of system cost: $m,217668.520136364
Zimbabwe,Zimbabwe,DiscountedWeightedCostsCumulated,2030.0,Spinning reserve costs: $m,217668.520136364
Zimbabwe,Zimbabwe,DiscountedWeightedCostsCumulated,2030.0,Startup costs: $m,217668.520136364
Zimbabwe,Zimbabwe,DiscountedWeightedCostsCumulated,2030.0,Trade shared benefits: $m,217187.02314772125
Zimbabwe,Zimbabwe,DiscountedWeightedCostsCumulated,2030.0,Transmission costs: $m,216551.8750385
Zimbabwe,Zimbabwe,DiscountedWeightedCostsCumulated,2030.0,Unmet country CO2 backstop cost: $m,216594.40433938472
Zimbabwe,Zimbabwe,DiscountedWeightedCostsCumulated,2030.0,Unmet country planning reserve costs: $m,216594.40433938472
Zimbabwe,Zimbabwe,DiscountedWeightedCostsCumulated,2030.0,Unmet country spinning reserve costs: $m,216594.40433938472
Zimbabwe,Zimbabwe,DiscountedWeightedCostsCumulated,2030.0,Unmet demand costs: $m,216594.40433938472
Zimbabwe,Zimbabwe,DiscountedWeightedCostsCumulated,2030.0,Unmet system CO2 backstop cost: $m,216594.40433938472
Zimbabwe,Zimbabwe,DiscountedWeightedCostsCumulated,2030.0,Unmet system planning reserve costs: $m,216594.40433938472
Zimbabwe,Zimbabwe,DiscountedWeightedCostsCumulated,2030.0,Unmet system spinning reserve costs: $m,216594.40433938472
Zimbabwe,Zimbabwe,DiscountedWeightedCostsCumulated,2030.0,VRE curtailment: $m,216594.76493885604
Zimbabwe,Zimbabwe,DiscountedWeightedCostsCumulated,2030.0,Variable O&M: $m,216700.32819651728
Zimbabwe,Zimbabwe,DiscountedWeightedCostsCumulated,2032.0,Carbon costs: $m,211141.84325905849
Zimbabwe,Zimbabwe,DiscountedWeightedCostsCumulated,2032.0,Excess generation: $m,211862.022431639
Zimbabwe,Zimbabwe,DiscountedWeightedCostsCumulated,2032.0,Export revenues with external zones: $m,211862.022431639
Zimbabwe,Zimbabwe,DiscountedWeightedCostsCumulated,2032.0,Export revenues with internal zones: $m,210573.6180846897
Zimbabwe,Zimbabwe,DiscountedWeightedCostsCumulated,2032.0,Fixed O&M: $m,210040.64288028143
Zimbabwe,Zimbabwe,DiscountedWeightedCostsCumulated,2032.0,Fuel costs: $m,213157.7489510816
Zimbabwe,Zimbabwe,DiscountedWeightedCostsCumulated,2032.0,Generation costs: $m,213938.6046328679
Zimbabwe,Zimbabwe,DiscountedWeightedCostsCumulated,2032.0,Import costs with external zones: $m,213938.6046328679
Zimbabwe,Zimbabwe,DiscountedWeightedCostsCumulated,2032.0,Import costs with internal zones: $m,215759.8475447736
Zimbabwe,Zimbabwe,DiscountedWeightedCostsCumulated,2032.0,NPV of system cost: $m,217668.520136364
Zimbabwe,Zimbabwe,DiscountedWeightedCostsCumulated,2032.0,Spinning reserve costs: $m,217668.520136364
Zimbabwe,Zimbabwe,DiscountedWeightedCostsCumulated,2032.0,Startup costs: $m,217668.520136364
Zimbabwe,Zimbabwe,DiscountedWeightedCostsCumulated,2032.0,Trade shared benefits: $m,217084.3543897886
Zimbabwe,Zimbabwe,DiscountedWeightedCostsCumulated,2032.0,Transmission costs: $m,216551.8750385
Zimbabwe,Zimbabwe,DiscountedWeightedCostsCumulated,2032.0,Unmet country CO2 backstop cost: $m,216594.40433938472
Zimbabwe,Zimbabwe,DiscountedWeightedCostsCumulated,2032.0,Unmet country planning reserve costs: $m,216594.40433938472
Zimbabwe,Zimbabwe,DiscountedWeightedCostsCumulated,2032.0,Unmet country spinning reserve costs: $m,216594.40433938472
Zimbabwe,Zimbabwe,DiscountedWeightedCostsCumulated,2032.0,Unmet demand costs: $m,216594.40433938472
Zimbabwe,Zimbabwe,DiscountedWeightedCostsCumulated,2032.0,Unmet system CO2 backstop cost: $m,216594.40433938472
Zimbabwe,Zimbabwe,DiscountedWeightedCostsCumulated,2032.0,Unmet system planning reserve costs: $m,216594.40433938472
Zimbabwe,Zimbabwe,DiscountedWeightedCostsCumulated,2032.0,Unmet system spinning reserve costs: $m,216594.40433938472
Zimbabwe,Zimbabwe,DiscountedWeightedCostsCumulated,2032.0,VRE curtailment: $m,216594.76493885604
Zimbabwe,Zimbabwe,DiscountedWeightedCostsCumulated,2032.0,Variable O&M: $m,216729.14293608515
Zimbabwe,Zimbabwe,DiscountedWeightedCostsCumulated,2035.0,Carbon costs: $m,211356.88286485057
Zimbabwe,Zimbabwe,DiscountedWeightedCostsCumulated,2035.0,Excess generation: $m,211862.022431639
Zimbabwe,Zimbabwe,DiscountedWeightedCostsCumulated,2035.0,Export revenues with external zones: $m,211862.022431639
Zimbabwe,Zimbabwe,DiscountedWeightedCostsCumulated,2035.0,Export revenues with internal zones: $m,209938.4370110454
Zimbabwe,Zimbabwe,DiscountedWeightedCostsCumulated,2035.0,Fixed O&M: $m,210325.1168391114
Zimbabwe,Zimbabwe,DiscountedWeightedCostsCumulated,2035.0,Fuel costs: $m,213436.83968909195
Zimbabwe,Zimbabwe,DiscountedWeightedCostsCumulated,2035.0,Generation costs: $m,213938.6046328679
Zimbabwe,Zimbabwe,DiscountedWeightedCostsCumulated,2035.0,Import costs with external zones: $m,213938.6046328679
Zimbabwe,Zimbabwe,DiscountedWeightedCostsCumulated,2035.0,Import costs with internal zones: $m,216496.3068554083
Zimbabwe,Zimbabwe,DiscountedWeightedCostsCumulated,2035.0,NPV of system cost: $m,217668.520136364
Zimbabwe,Zimbabwe,DiscountedWeightedCostsCumulated,2035.0,Spinning reserve costs: $m,217668.520136364
Zimbabwe,Zimbabwe,DiscountedWeightedCostsCumulated,2035.0,Startup costs: $m,217668.520136364
Zimbabwe,Zimbabwe,DiscountedWeightedCostsCumulated,2035.0,Trade shared benefits: $m,216859.52658832184
Zimbabwe,Zimbabwe,DiscountedWeightedCostsCumulated,2035.0,Transmission costs: $m,216564.4329509412
Zimbabwe,Zimbabwe,DiscountedWeightedCostsCumulated,2035.0,Unmet country CO2 backstop cost: $m,216594.40433938472
Zimbabwe,Zimbabwe,DiscountedWeightedCostsCumulated,2035.0,Unmet country planning reserve costs: $m,216594.40433938472
Zimbabwe,Zimbabwe,DiscountedWeightedCostsCumulated,2035.0,Unmet country spinning reserve costs: $m,216594.40433938472
Zimbabwe,Zimbabwe,DiscountedWeightedCostsCumulated,2035.0,Unmet demand costs: $m,216594.40433938472
Zimbabwe,Zimbabwe,DiscountedWeightedCostsCumulated,2035.0,Unmet system CO2 backstop cost: $m,216594.40433938472
Zimbabwe,Zimbabwe,DiscountedWeightedCostsCumulated,2035.0,Unmet system planning reserve costs: $m,216594.40433938472
Zimbabwe,Zimbabwe,DiscountedWeightedCostsCumulated,2035.0,Unmet system spinning reserve costs: $m,216594.40433938472
Zimbabwe,Zimbabwe,DiscountedWeightedCostsCumulated,2035.0,VRE curtailment: $m,216594.76493885604
Zimbabwe,Zimbabwe,DiscountedWeightedCostsCumulated,2035.0,Variable O&M: $m,216750.06485989265
Zimbabwe,Zimbabwe,DiscountedWeightedCostsCumulated,2038.0,Carbon costs: $m,211435.01993059192
Zimbabwe,Zimbabwe,DiscountedWeightedCostsCumulated,2038.0,Excess generation: $m,211862.022431639
Zimbabwe,Zimbabwe,DiscountedWeightedCostsCumulated,2038.0,Export revenues with external zones: $m,211862.022431639
Zimbabwe,Zimbabwe,DiscountedWeightedCostsCumulated,2038.0,Export revenues with internal zones: $m,209688.920986346
Zimbabwe,Zimbabwe,DiscountedWeightedCostsCumulated,2038.0,Fixed O&M: $m,210540.5556799804
Zimbabwe,Zimbabwe,DiscountedWeightedCostsCumulated,2038.0,Fuel costs: $m,213574.34364016025
Zimbabwe,Zimbabwe,DiscountedWeightedCostsCumulated,2038.0,Generation costs: $m,213938.6046328679
Zimbabwe,Zimbabwe,DiscountedWeightedCostsCumulated,2038.0,Import costs with external zones: $m,213938.6046328679
Zimbabwe,Zimbabwe,DiscountedWeightedCostsCumulated,2038.0,Import costs with internal zones: $m,216816.28176109865
Zimbabwe,Zimbabwe,DiscountedWeightedCostsCumulated,2038.0,NPV of system cost: $m,217668.520136364
Zimbabwe,Zimbabwe,DiscountedWeightedCostsCumulated,2038.0,Spinning reserve costs: $m,217668.520136364
Zimbabwe,Zimbabwe,DiscountedWeightedCostsCumulated,2038.0,Startup costs: $m,217668.520136364
Zimbabwe,Zimbabwe,DiscountedWeightedCostsCumulated,2038.0,Trade shared benefits: $m,216754.4361090615
Zimbabwe,Zimbabwe,DiscountedWeightedCostsCumulated,2038.0,Transmission costs: $m,216573.8678964268
Zimbabwe,Zimbabwe,DiscountedWeightedCostsCumulated,2038.0,Unmet country CO2 backstop cost: $m,216594.40433938472
Zimbabwe,Zimbabwe,DiscountedWeightedCostsCumulated,2038.0,Unmet country planning reserve costs: $m,216594.40433938472
Zimbabwe,Zimbabwe,DiscountedWeightedCostsCumulated,2038.0,Unmet country spinning reserve costs: $m,216594.40433938472
Zimbabwe,Zimbabwe,DiscountedWeightedCostsCumulated,2038.0,Unmet demand costs: $m,216594.40433938472
Zimbabwe,Zimbabwe,DiscountedWeightedCostsCumulated,2038.0,Unmet system CO2 backstop cost: $m,216594.40433938472
Zimbabwe,Zimbabwe,DiscountedWeightedCostsCumulated,2038.0,Unmet system planning reserve costs: $m,216594.40433938472
Zimbabwe,Zimbabwe,DiscountedWeightedCostsCumulated,2038.0,Unmet system spinning reserve costs: $m,216594.41499212413
Zimbabwe,Zimbabwe,DiscountedWeightedCostsCumulated,2038.0,VRE curtailment: $m,216594.76493885604
Zimbabwe,Zimbabwe,DiscountedWeightedCostsCumulated,2038.0,Variable O&M: $m,216763.30455506337
Zimbabwe,Zimbabwe,DiscountedWeightedCostsCumulated,2040.0,Carbon costs: $m,211450.9434873824
Zimbabwe,Zimbabwe,DiscountedWeightedCostsCumulated,2040.0,Excess generation: $m,211862.022431639
Zimbabwe,Zimbabwe,DiscountedWeightedCostsCumulated,2040.0,Export revenues with external zones: $m,211862.022431639
Zimbabwe,Zimbabwe,DiscountedWeightedCostsCumulated,2040.0,Export revenues with internal zones: $m,209574.30015568764
Zimbabwe,Zimbabwe,DiscountedWeightedCostsCumulated,2040.0,Fixed O&M: $m,210669.08302986893
Zimbabwe,Zimbabwe,DiscountedWeightedCostsCumulated,2040.0,Fuel costs: $m,213601.57829332937
Zimbabwe,Zimbabwe,DiscountedWeightedCostsCumulated,2040.0,Generation costs: $m,213938.6046328679
Zimbabwe,Zimbabwe,DiscountedWeightedCostsCumulated,2040.0,Import costs with external zones: $m,213938.6046328679
Zimbabwe,Zimbabwe,DiscountedWeightedCostsCumulated,2040.0,Import costs with internal zones: $m,216980.68811520017
Zimbabwe,Zimbabwe,DiscountedWeightedCostsCumulated,2040.0,NPV of system cost: $m,217668.520136364
Zimbabwe,Zimbabwe,DiscountedWeightedCostsCumulated,2040.0,Spinning reserve costs: $m,217668.520136364
Zimbabwe,Zimbabwe,DiscountedWeightedCostsCumulated,2040.0,Startup costs: $m,217668.520136364
Zimbabwe,Zimbabwe,DiscountedWeightedCostsCumulated,2040.0,Trade shared benefits: $m,216699.8556653252
Zimbabwe,Zimbabwe,DiscountedWeightedCostsCumulated,2040.0,Transmission costs: $m,216578.82429728188
Zimbabwe,Zimbabwe,DiscountedWeightedCostsCumulated,2040.0,Unmet country CO2 backstop cost: $m,216594.40433938472
Zimbabwe,Zimbabwe,DiscountedWeightedCostsCumulated,2040.0,Unmet country planning reserve costs: $m,216594.40433938472
Zimbabwe,Zimbabwe,DiscountedWeightedCostsCumulated,2040.0,Unmet country spinning reserve costs: $m,216594.40433938472
Zimbabwe,Zimbabwe,DiscountedWeightedCostsCumulated,2040.0,Unmet demand costs: $m,216594.40433938472
Zimbabwe,Zimbabwe,DiscountedWeightedCostsCumulated,2040.0,Unmet system CO2 backstop cost: $m,216594.40433938472
Zimbabwe,Zimbabwe,DiscountedWeightedCostsCumulated,2040.0,Unmet system planning reserve costs: $m,216594.40433938472
Zimbabwe,Zimbabwe,DiscountedWeightedCostsCumulated,2040.0,Unmet system spinning reserve costs: $m,216594.55016951016
Zimbabwe,Zimbabwe,DiscountedWeightedCostsCumulated,2040.0,VRE curtailment: $m,216594.76493885604
Zimbabwe,Zimbabwe,DiscountedWeightedCostsCumulated,2040.0,Variable O&M: $m,216769.3360017636
Zimbabwe,Zimbabwe,DiscountedWeightedCostsCumulated,2042.0,Carbon costs: $m,211483.78249336124
Zimbabwe,Zimbabwe,DiscountedWeightedCostsCumulated,2042.0,Excess generation: $m,211862.022431639
Zimbabwe,Zimbabwe,DiscountedWeightedCostsCumulated,2042.0,Export revenues with external zones: $m,211862.022431639
Zimbabwe,Zimbabwe,DiscountedWeightedCostsCumulated,2042.0,Export revenues with internal zones: $m,209462.13592661207
Zimbabwe,Zimbabwe,DiscountedWeightedCostsCumulated,2042.0,Fixed O&M: $m,210776.500940437
Zimbabwe,Zimbabwe,DiscountedWeightedCostsCumulated,2042.0,Fuel costs: $m,213655.04692496685
Zimbabwe,Zimbabwe,DiscountedWeightedCostsCumulated,2042.0,Generation costs: $m,213938.6046328679
Zimbabwe,Zimbabwe,DiscountedWeightedCostsCumulated,2042.0,Import costs with external zones: $m,213938.6046328679
Zimbabwe,Zimbabwe,DiscountedWeightedCostsCumulated,2042.0,Import costs with internal zones: $m,217137.9060154456
Zimbabwe,Zimbabwe,DiscountedWeightedCostsCumulated,2042.0,NPV of system cost: $m,217668.520136364
Zimbabwe,Zimbabwe,DiscountedWeightedCostsCumulated,2042.0,Spinning reserve costs: $m,217668.520136364
Zimbabwe,Zimbabwe,DiscountedWeightedCostsCumulated,2042.0,Startup costs: $m,217668.520136364
Zimbabwe,Zimbabwe,DiscountedWeightedCostsCumulated,2042.0,Trade shared benefits: $m,216666.36145082783
Zimbabwe,Zimbabwe,DiscountedWeightedCostsCumulated,2042.0,Transmission costs: $m,216582.9204963357
Zimbabwe,Zimbabwe,DiscountedWeightedCostsCumulated,2042.0,Unmet country CO2 backstop cost: $m,216594.40433938472
Zimbabwe,Zimbabwe,DiscountedWeightedCostsCumulated,2042.0,Unmet country planning reserve costs: $m,216594.40433938472
Zimbabwe,Zimbabwe,DiscountedWeightedCostsCumulated,2042.0,Unmet country spinning reserve costs: $m,216594.40433938472
Zimbabwe,Zimbabwe,DiscountedWeightedCostsCumulated,2042.0,Unmet demand costs: $m,216594.40433938472
Zimbabwe,Zimbabwe,DiscountedWeightedCostsCumulated,2042.0,Unmet system CO2 backstop cost: $m,216594.40433938472
Zimbabwe,Zimbabwe,DiscountedWeightedCostsCumulated,2042.0,Unmet system planning reserve costs: $m,216594.40433938472
Zimbabwe,Zimbabwe,DiscountedWeightedCostsCumulated,2042.0,Unmet system spinning reserve costs: $m,216594.76493885604
Zimbabwe,Zimbabwe,DiscountedWeightedCostsCumulated,2042.0,VRE curtailment: $m,216594.76493885604
Zimbabwe,Zimbabwe,DiscountedWeightedCostsCumulated,2042.0,Variable O&M: $m,216775.54229324628
Zimbabwe,Zimbabwe,DiscountedWeightedCostsCumulated,2045.0,Carbon costs: $m,211592.8630820996
Zimbabwe,Zimbabwe,DiscountedWeightedCostsCumulated,2045.0,Excess generation: $m,211862.022431639
Zimbabwe,Zimbabwe,DiscountedWeightedCostsCumulated,2045.0,Export revenues with external zones: $m,211862.022431639
Zimbabwe,Zimbabwe,DiscountedWeightedCostsCumulated,2045.0,Export revenues with internal zones: $m,209336.00502791
Zimbabwe,Zimbabwe,DiscountedWeightedCostsCumulated,2045.0,Fixed O&M: $m,210905.5887640309
Zimbabwe,Zimbabwe,DiscountedWeightedCostsCumulated,2045.0,Fuel costs: $m,213770.54733089235
Zimbabwe,Zimbabwe,DiscountedWeightedCostsCumulated,2045.0,Generation costs: $m,213938.6046328679
Zimbabwe,Zimbabwe,DiscountedWeightedCostsCumulated,2045.0,Import costs with external zones: $m,213938.6046328679
Zimbabwe,Zimbabwe,DiscountedWeightedCostsCumulated,2045.0,Import costs with internal zones: $m,217352.11509252133
Zimbabwe,Zimbabwe,DiscountedWeightedCostsCumulated,2045.0,NPV of system cost: $m,217668.520136364
Zimbabwe,Zimbabwe,DiscountedWeightedCostsCumulated,2045.0,Spinning reserve costs: $m,217668.520136364
Zimbabwe,Zimbabwe,DiscountedWeightedCostsCumulated,2045.0,Startup costs: $m,217668.520136364
Zimbabwe,Zimbabwe,DiscountedWeightedCostsCumulated,2045.0,Trade shared benefits: $m,216618.49239727907
Zimbabwe,Zimbabwe,DiscountedWeightedCostsCumulated,2045.0,Transmission costs: $m,216588.1065978047
Zimbabwe,Zimbabwe,DiscountedWeightedCostsCumulated,2045.0,Unmet country CO2 backstop cost: $m,216594.40433938472
Zimbabwe,Zimbabwe,DiscountedWeightedCostsCumulated,2045.0,Unmet country planning reserve costs: $m,216594.40433938472
Zimbabwe,Zimbabwe,DiscountedWeightedCostsCumulated,2045.0,Unmet country spinning reserve costs: $m,216594.40433938472
Zimbabwe,Zimbabwe,DiscountedWeightedCostsCumulated,2045.0,Unmet demand costs: $m,216594.40433938472
Zimbabwe,Zimbabwe,DiscountedWeightedCostsCumulated,2045.0,Unmet system CO2 backstop cost: $m,216594.40433938472
Zimbabwe,Zimbabwe,DiscountedWeightedCostsCumulated,2045.0,Unmet system planning reserve costs: $m,216594.40433938472
Zimbabwe,Zimbabwe,DiscountedWeightedCostsCumulated,2045.0,Unmet system spinning reserve costs: $m,216594.76493885604
Zimbabwe,Zimbabwe,DiscountedWeightedCostsCumulated,2045.0,VRE curtailment: $m,216594.76493885604
Zimbabwe,Zimbabwe,DiscountedWeightedCostsCumulated,2045.0,Variable O&M: $m,216785.75218040493
Zimbabwe,Zimbabwe,DiscountedWeightedCostsCumulated,2048.0,Carbon costs: $m,211745.89577740253
Zimbabwe,Zimbabwe,DiscountedWeightedCostsCumulated,2048.0,Excess generation: $m,211862.022431639
Zimbabwe,Zimbabwe,DiscountedWeightedCostsCumulated,2048.0,Export revenues with external zones: $m,211862.022431639
Zimbabwe,Zimbabwe,DiscountedWeightedCostsCumulated,2048.0,Export revenues with internal zones: $m,209212.4893804578
Zimbabwe,Zimbabwe,DiscountedWeightedCostsCumulated,2048.0,Fixed O&M: $m,211006.94944240723
Zimbabwe,Zimbabwe,DiscountedWeightedCostsCumulated,2048.0,Fuel costs: $m,213875.5607056976
Zimbabwe,Zimbabwe,DiscountedWeightedCostsCumulated,2048.0,Generation costs: $m,213938.6046328679
Zimbabwe,Zimbabwe,DiscountedWeightedCostsCumulated,2048.0,Import costs with external zones: $m,213938.6046328679
Zimbabwe,Zimbabwe,DiscountedWeightedCostsCumulated,2048.0,Import costs with internal zones: $m,217543.81702900067
Zimbabwe,Zimbabwe,DiscountedWeightedCostsCumulated,2048.0,NPV of system cost: $m,217668.520136364
Zimbabwe,Zimbabwe,DiscountedWeightedCostsCumulated,2048.0,Spinning reserve costs: $m,217668.520136364
Zimbabwe,Zimbabwe,DiscountedWeightedCostsCumulated,2048.0,Startup costs: $m,217668.520136364
Zimbabwe,Zimbabwe,DiscountedWeightedCostsCumulated,2048.0,Trade shared benefits: $m,216576.08692026915
Zimbabwe,Zimbabwe,DiscountedWeightedCostsCumulated,2048.0,Transmission costs: $m,216592.23538791807
Zimbabwe,Zimbabwe,DiscountedWeightedCostsCumulated,2048.0,Unmet country CO2 backstop cost: $m,216594.40433938472
Zimbabwe,Zimbabwe,DiscountedWeightedCostsCumulated,2048.0,Unmet country planning reserve costs: $m,216594.40433938472
Zimbabwe,Zimbabwe,DiscountedWeightedCostsCumulated,2048.0,Unmet country spinning reserve costs: $m,216594.40433938472
Zimbabwe,Zimbabwe,DiscountedWeightedCostsCumulated,2048.0,Unmet demand costs: $m,216594.40433938472
Zimbabwe,Zimbabwe,DiscountedWeightedCostsCumulated,2048.0,Unmet system CO2 backstop cost: $m,216594.40433938472
Zimbabwe,Zimbabwe,DiscountedWeightedCostsCumulated,2048.0,Unmet system planning reserve costs: $m,216594.40433938472
Zimbabwe,Zimbabwe,DiscountedWeightedCostsCumulated,2048.0,Unmet system spinning reserve costs: $m,216594.76493885604
Zimbabwe,Zimbabwe,DiscountedWeightedCostsCumulated,2048.0,VRE curtailment: $m,216594.76493885604
Zimbabwe,Zimbabwe,DiscountedWeightedCostsCumulated,2048.0,Variable O&M: $m,216795.50406609825
Zimbabwe,Zimbabwe,DiscountedWeightedCostsCumulated,2050.0,Carbon costs: $m,211862.022431639
Zimbabwe,Zimbabwe,DiscountedWeightedCostsCumulated,2050.0,Excess generation: $m,211862.022431639
Zimbabwe,Zimbabwe,DiscountedWeightedCostsCumulated,2050.0,Export revenues with external zones: $m,211862.022431639
Zimbabwe,Zimbabwe,DiscountedWeightedCostsCumulated,2050.0,Export revenues with internal zones: $m,209127.1392811366
Zimbabwe,Zimbabwe,DiscountedWeightedCostsCumulated,2050.0,Fixed O&M: $m,211061.27430734748
Zimbabwe,Zimbabwe,DiscountedWeightedCostsCumulated,2050.0,Fuel costs: $m,213938.6046328679
Zimbabwe,Zimbabwe,DiscountedWeightedCostsCumulated,2050.0,Generation costs: $m,213938.6046328679
Zimbabwe,Zimbabwe,DiscountedWeightedCostsCumulated,2050.0,Import costs with external zones: $m,213938.6046328679
Zimbabwe,Zimbabwe,DiscountedWeightedCostsCumulated,2050.0,Import costs with internal zones: $m,217668.520136364
Zimbabwe,Zimbabwe,DiscountedWeightedCostsCumulated,2050.0,NPV of system cost: $m,217668.520136364
Zimbabwe,Zimbabwe,DiscountedWeightedCostsCumulated,2050.0,Spinning reserve costs: $m,217668.520136364
Zimbabwe,Zimbabwe,DiscountedWeightedCostsCumulated,2050.0,Startup costs: $m,217668.520136364
Zimbabwe,Zimbabwe,DiscountedWeightedCostsCumulated,2050.0,Trade shared benefits: $m,216551.8750385
Zimbabwe,Zimbabwe,DiscountedWeightedCostsCumulated,2050.0,Transmission costs: $m,216594.40433938472
Zimbabwe,Zimbabwe,DiscountedWeightedCostsCumulated,2050.0,Unmet country CO2 backstop cost: $m,216594.40433938472
Zimbabwe,Zimbabwe,DiscountedWeightedCostsCumulated,2050.0,Unmet country planning reserve costs: $m,216594.40433938472
Zimbabwe,Zimbabwe,DiscountedWeightedCostsCumulated,2050.0,Unmet country spinning reserve costs: $m,216594.40433938472
Zimbabwe,Zimbabwe,DiscountedWeightedCostsCumulated,2050.0,Unmet demand costs: $m,216594.40433938472
Zimbabwe,Zimbabwe,DiscountedWeightedCostsCumulated,2050.0,Unmet system CO2 backstop cost: $m,216594.40433938472
Zimbabwe,Zimbabwe,DiscountedWeightedCostsCumulated,2050.0,Unmet system planning reserve costs: $m,216594.40433938472
Zimbabwe,Zimbabwe,DiscountedWeightedCostsCumulated,2050.0,Unmet system spinning reserve costs: $m,216594.76493885604
Zimbabwe,Zimbabwe,DiscountedWeightedCostsCumulated,2050.0,VRE curtailment: $m,216594.76493885604
Zimbabwe,Zimbabwe,DiscountedWeightedCostsCumulated,2050.0,Variable O&M: $m,216801.6260343992
Zimbabwe,Zimbabwe,GenCostsPerMWh,2025.0,Fixed O&M: $m,11.940811366316533
Zimbabwe,Zimbabwe,GenCostsPerMWh,2025.0,Investment costs: $m,0.0467403454597342
Zimbabwe,Zimbabwe,GenCostsPerMWh,2025.0,Variable Cost: $m,27.854576723831112
Zimbabwe,Zimbabwe,GenCostsPerMWh,2027.0,Fixed O&M: $m,12.330731695995627
Zimbabwe,Zimbabwe,GenCostsPerMWh,2027.0,Investment costs: $m,3.4374498328207985
Zimbabwe,Zimbabwe,GenCostsPerMWh,2027.0,Variable Cost: $m,27.26207388984394
Zimbabwe,Zimbabwe,GenCostsPerMWh,2030.0,Fixed O&M: $m,11.367793632928022
Zimbabwe,Zimbabwe,GenCostsPerMWh,2030.0,Investment costs: $m,4.472112516492467
Zimbabwe,Zimbabwe,GenCostsPerMWh,2030.0,Variable Cost: $m,28.46751976687967
Zimbabwe,Zimbabwe,GenCostsPerMWh,2032.0,Fixed O&M: $m,10.651064313231302
Zimbabwe,Zimbabwe,GenCostsPerMWh,2032.0,Investment costs: $m,4.443954513538379
Zimbabwe,Zimbabwe,GenCostsPerMWh,2032.0,Variable Cost: $m,29.32440895888742
Zimbabwe,Zimbabwe,GenCostsPerMWh,2035.0,Fixed O&M: $m,12.769123817300263
Zimbabwe,Zimbabwe,GenCostsPerMWh,2035.0,Investment costs: $m,15.813943047026756
Zimbabwe,Zimbabwe,GenCostsPerMWh,2035.0,Variable Cost: $m,13.466606368002498
Zimbabwe,Zimbabwe,GenCostsPerMWh,2038.0,Fixed O&M: $m,11.54034736960299
Zimbabwe,Zimbabwe,GenCostsPerMWh,2038.0,Investment costs: $m,19.901797033118
Zimbabwe,Zimbabwe,GenCostsPerMWh,2038.0,Variable Cost: $m,8.074839403802503
Zimbabwe,Zimbabwe,GenCostsPerMWh,2040.0,Fixed O&M: $m,12.141455251148413
Zimbabwe,Zimbabwe,GenCostsPerMWh,2040.0,Investment costs: $m,23.44949936051353
Zimbabwe,Zimbabwe,GenCostsPerMWh,2040.0,Variable Cost: $m,3.1425129615907754
Zimbabwe,Zimbabwe,GenCostsPerMWh,2042.0,Fixed O&M: $m,11.362557396538737
Zimbabwe,Zimbabwe,GenCostsPerMWh,2042.0,Investment costs: $m,21.91742141503597
Zimbabwe,Zimbabwe,GenCostsPerMWh,2042.0,Variable Cost: $m,6.312352711963854
Zimbabwe,Zimbabwe,GenCostsPerMWh,2045.0,Fixed O&M: $m,10.304603442684748
Zimbabwe,Zimbabwe,GenCostsPerMWh,2045.0,Investment costs: $m,19.82718534760513
Zimbabwe,Zimbabwe,GenCostsPerMWh,2045.0,Variable Cost: $m,10.03498767607053
Zimbabwe,Zimbabwe,GenCostsPerMWh,2048.0,Fixed O&M: $m,9.595479211911671
Zimbabwe,Zimbabwe,GenCostsPerMWh,2048.0,Investment costs: $m,18.465660585498696
Zimbabwe,Zimbabwe,GenCostsPerMWh,2048.0,Variable Cost: $m,10.86444653887562
Zimbabwe,Zimbabwe,GenCostsPerMWh,2050.0,Fixed O&M: $m,9.07192659551409
Zimbabwe,Zimbabwe,GenCostsPerMWh,2050.0,Investment costs: $m,17.45405399479205
Zimbabwe,Zimbabwe,GenCostsPerMWh,2050.0,Variable Cost: $m,11.550289675233763
Zimbabwe,Zimbabwe,NetPresentCostPerMWh,,Carbon costs: $m,15.937524172943204
Zimbabwe,Zimbabwe,NetPresentCostPerMWh,,Excess generation: $m,0.0
Zimbabwe,Zimbabwe,NetPresentCostPerMWh,,Export revenues with external zones: $m,0.0
Zimbabwe,Zimbabwe,NetPresentCostPerMWh,,Export revenues with internal zones: $m,-15.424503481418146
Zimbabwe,Zimbabwe,NetPresentCostPerMWh,,Fixed O&M: $m,10.908353594500896
Zimbabwe,Zimbabwe,NetPresentCostPerMWh,,Fuel costs: $m,16.227893178919555
Zimbabwe,Zimbabwe,NetPresentCostPerMWh,,Generation costs: $m,0.0
Zimbabwe,Zimbabwe,NetPresentCostPerMWh,,Import costs with external zones: $m,0.0
Zimbabwe,Zimbabwe,NetPresentCostPerMWh,,Import costs with internal zones: $m,21.03639954727205
Zimbabwe,Zimbabwe,NetPresentCostPerMWh,,NPV of system cost: $m,0.0
Zimbabwe,Zimbabwe,NetPresentCostPerMWh,,Spinning reserve costs: $m,0.0
Zimbabwe,Zimbabwe,NetPresentCostPerMWh,,Startup costs: $m,0.0
Zimbabwe,Zimbabwe,NetPresentCostPerMWh,,Trade shared benefits: $m,-6.297781386509359
Zimbabwe,Zimbabwe,NetPresentCostPerMWh,,Transmission costs: $m,0.2398615638985434
Zimbabwe,Zimbabwe,NetPresentCostPerMWh,,Unmet country CO2 backstop cost: $m,0.0
Zimbabwe,Zimbabwe,NetPresentCostPerMWh,,Unmet country planning reserve costs: $m,0.0
Zimbabwe,Zimbabwe,NetPresentCostPerMWh,,Unmet country spinning reserve costs: $m,0.0
Zimbabwe,Zimbabwe,NetPresentCostPerMWh,,Unmet demand costs: $m,0.0
Zimbabwe,Zimbabwe,NetPresentCostPerMWh,,Unmet system CO2 backstop cost: $m,0.0
Zimbabwe,Zimbabwe,NetPresentCostPerMWh,,Unmet system planning reserve costs: $m,0.0
Zimbabwe,Zimbabwe,NetPresentCostPerMWh,,Unmet system spinning reserve costs: $m,0.0020337497050592
Zimbabwe,Zimbabwe,NetPresentCostPerMWh,,VRE curtailment: $m,0.0
Zimbabwe,Zimbabwe,NetPresentCostPerMWh,,Variable O&M: $m,1.1666786157899574
