{
"type": "FeatureCollection",
"name": "zones",
"crs": { "type": "name", "properties": { "name": "urn:ogc:def:crs:OGC:1.3:CRS84" } },
"features": [
{ "type": "Feature", "properties": { "z": "Benin", "ISO_A3": "BEN", "c": "Benin" }, "geometry": { "type": "Polygon", "coordinates": [ [ [ 3.5962, 11.6958 ], [ 3.5894, 11.7015 ], [ 3.58, 11.7174 ], [ 3.5717, 11.7218 ], [ 3.5537, 11.7696 ], [ 3.5368, 11.7829 ], [ 3.5033, 11.83 ], [ 3.4954, 11.8375 ], [ 3.4843, 11.8452 ], [ 3.4475, 11.8579 ], [ 3.4029, 11.8853 ], [ 3.3917, 11.8888 ], [ 3.3809, 11.895 ], [ 3.3691, 11.8973 ], [ 3.3417, 11.8828 ], [ 3.3277, 11.8864 ], [ 3.3154, 11.8946 ], [ 3.2927, 11.9186 ], [ 3.2701, 11.9565 ], [ 3.2625, 11.9747 ], [ 3.2575, 11.9975 ], [ 3.2553, 12.0188 ], [ 3.2521, 12.0241 ], [ 3.2384, 12.0342 ], [ 3.2355, 12.0395 ], [ 3.0634, 12.1938 ], [ 3.0227, 12.2525 ], [ 3.0094, 12.2764 ], [ 3.0011, 12.2789 ], [ 2.9677, 12.2825 ], [ 2.945, 12.2925 ], [ 2.9367, 12.3008 ], [ 2.9302, 12.3233 ], [ 2.9227, 12.3356 ], [ 2.9126, 12.3464 ], [ 2.8924, 12.3571 ], [ 2.8442, 12.3993 ], [ 2.8323, 12.384 ], [ 2.8085, 12.3833 ], [ 2.7985, 12.3813 ], [ 2.7783, 12.382 ], [ 2.7686, 12.3801 ], [ 2.7574, 12.373 ], [ 2.7416, 12.3541 ], [ 2.7322, 12.3468 ], [ 2.7218, 12.3442 ], [ 2.7113, 12.3512 ], [ 2.7005, 12.3471 ], [ 2.6951, 12.3412 ], [ 2.6869, 12.3184 ], [ 2.6728, 12.2967 ], [ 2.6638, 12.2915 ], [ 2.6285, 12.3008 ], [ 2.6217, 12.2996 ], [ 2.6037, 12.2878 ], [ 2.5987, 12.2884 ], [ 2.5861, 12.294 ], [ 2.5504, 12.2845 ], [ 2.5313, 12.2696 ], [ 2.5238, 12.2692 ], [ 2.5205, 12.2737 ], [ 2.5191, 12.2791 ], [ 2.5162, 12.2814 ], [ 2.495, 12.2832 ], [ 2.4881, 12.2804 ], [ 2.4777, 12.2576 ], [ 2.4727, 12.2592 ], [ 2.4669, 12.2651 ], [ 2.4593, 12.2668 ], [ 2.4543, 12.2631 ], [ 2.4439, 12.2492 ], [ 2.4309, 12.248 ], [ 2.4079, 12.2489 ], [ 2.3942, 12.2472 ], [ 2.3701, 12.2363 ], [ 2.3611, 12.2188 ], [ 2.3621, 12.1961 ], [ 2.3719, 12.1404 ], [ 2.4057, 12.0467 ], [ 2.4111, 12.0368 ], [ 2.4183, 12.0287 ], [ 2.4287, 12.0204 ], [ 2.4392, 12.0156 ], [ 2.4489, 12.0133 ], [ 2.4554, 12.0086 ], [ 2.4572, 11.9962 ], [ 2.4568, 11.979 ], [ 2.4493, 11.9776 ], [ 2.4388, 11.9813 ], [ 2.4291, 11.9803 ], [ 2.4219, 11.9731 ], [ 2.414, 11.9587 ], [ 2.4075, 11.9512 ], [ 2.3989, 11.9488 ], [ 2.3895, 11.9501 ], [ 2.3809, 11.9479 ], [ 2.3751, 11.9351 ], [ 2.3765, 11.924 ], [ 2.3881, 11.9067 ], [ 2.3902, 11.8966 ], [ 2.3542, 11.7998 ], [ 2.3402, 11.7739 ], [ 2.3017, 11.7316 ], [ 2.2909, 11.7032 ], [ 2.2912, 11.6748 ], [ 2.2873, 11.6653 ], [ 2.2736, 11.652 ], [ 2.2199, 11.6225 ], [ 2.1469, 11.5637 ], [ 2.0108, 11.4269 ], [ 1.9834, 11.414 ], [ 1.9481, 11.4167 ], [ 1.9057, 11.4329 ], [ 1.8797, 11.4449 ], [ 1.8675, 11.4466 ], [ 1.8581, 11.4403 ], [ 1.8405, 11.4455 ], [ 1.8214, 11.4416 ], [ 1.7822, 11.426 ], [ 1.7635, 11.4247 ], [ 1.7192, 11.4278 ], [ 1.7033, 11.4229 ], [ 1.6843, 11.4139 ], [ 1.6382, 11.4043 ], [ 1.6213, 11.3953 ], [ 1.6015, 11.3887 ], [ 1.5806, 11.427 ], [ 1.5633, 11.426 ], [ 1.5694, 11.4534 ], [ 1.4755, 11.4608 ], [ 1.456, 11.4647 ], [ 1.4395, 11.4738 ], [ 1.4337, 11.4594 ], [ 1.4236, 11.4539 ], [ 1.411, 11.4498 ], [ 1.3981, 11.4403 ], [ 1.3898, 11.4285 ], [ 1.3887, 11.42 ], [ 1.3981, 11.3987 ], [ 1.3815, 11.3887 ], [ 1.3592, 11.379 ], [ 1.339, 11.3661 ], [ 1.3304, 11.3472 ], [ 1.3361, 11.33 ], [ 1.3459, 11.3163 ], [ 1.348, 11.3035 ], [ 1.3304, 11.2888 ], [ 1.3235, 11.2971 ], [ 1.3163, 11.2998 ], [ 1.3091, 11.2971 ], [ 1.3027, 11.2888 ], [ 1.2962, 11.2997 ], [ 1.2847, 11.3127 ], [ 1.2735, 11.3183 ], [ 1.2685, 11.3063 ], [ 1.2706, 11.2982 ], [ 1.2803, 11.2887 ], [ 1.2825, 11.2789 ], [ 1.2811, 11.2711 ], [ 1.2685, 11.2479 ], [ 1.2353, 11.2635 ], [ 1.2191, 11.268 ], [ 1.2001, 11.269 ], [ 1.1914, 11.267 ], [ 1.181, 11.2613 ], [ 1.172, 11.2615 ], [ 1.1734, 11.2666 ], [ 1.1659, 11.2781 ], [ 1.1565, 11.2855 ], [ 1.1461, 11.2699 ], [ 1.1356, 11.2602 ], [ 1.1306, 11.2476 ], [ 1.1493, 11.2172 ], [ 1.1533, 11.1832 ], [ 1.1583, 11.1659 ], [ 1.1281, 11.1789 ], [ 1.1176, 11.179 ], [ 1.1129, 11.1739 ], [ 1.1061, 11.1557 ], [ 1.1003, 11.1516 ], [ 1.0622, 11.1421 ], [ 1.0633, 11.1269 ], [ 1.0672, 11.1284 ], [ 1.0733, 11.134 ], [ 1.0827, 11.1318 ], [ 1.0838, 11.1277 ], [ 1.082, 11.1154 ], [ 1.0827, 11.1106 ], [ 1.0971, 11.1045 ], [ 1.1011, 11.0704 ], [ 1.1072, 11.0598 ], [ 1.1187, 11.0482 ], [ 1.1176, 11.0322 ], [ 1.114, 11.0276 ], [ 1.1068, 11.0344 ], [ 1.0971, 11.0492 ], [ 1.087, 11.0528 ], [ 1.0561, 11.0561 ], [ 1.0413, 11.0495 ], [ 1.0352, 11.0492 ], [ 1.028, 11.0614 ], [ 1.0197, 11.0657 ], [ 1.0078, 11.075 ], [ 0.9815, 11.0801 ], [ 0.9769, 11.0784 ], [ 0.956, 11.0448 ], [ 0.9524, 11.0424 ], [ 0.9517, 11.021 ], [ 0.9553, 11.012 ], [ 0.9632, 11.0083 ], [ 0.9689, 11.0029 ], [ 0.97, 10.9911 ], [ 0.9675, 10.9795 ], [ 0.9632, 10.9741 ], [ 0.9319, 10.9761 ], [ 0.9016, 10.9927 ], [ 0.8757, 10.9312 ], [ 0.8728, 10.9113 ], [ 0.8753, 10.9005 ], [ 0.8836, 10.8802 ], [ 0.8851, 10.8694 ], [ 0.8696, 10.8399 ], [ 0.8674, 10.8293 ], [ 0.866, 10.8064 ], [ 0.8631, 10.7961 ], [ 0.8501, 10.7778 ], [ 0.7958, 10.7265 ], [ 0.7814, 10.693 ], [ 0.7893, 10.6029 ], [ 0.7886, 10.5638 ], [ 0.7738, 10.5082 ], [ 0.7598, 10.4051 ], [ 0.7609, 10.3822 ], [ 0.7688, 10.3671 ], [ 1.3311, 9.9965 ], [ 1.3437, 9.9625 ], [ 1.348, 9.6942 ], [ 1.3559, 9.6475 ], [ 1.3523, 9.6253 ], [ 1.3513, 9.5951 ], [ 1.3451, 9.5824 ], [ 1.3271, 9.5554 ], [ 1.3232, 9.5423 ], [ 1.3264, 9.522 ], [ 1.3365, 9.4975 ], [ 1.3513, 9.4825 ], [ 1.3685, 9.4908 ], [ 1.3801, 9.4625 ], [ 1.3865, 9.3612 ], [ 1.4013, 9.3212 ], [ 1.4254, 9.2845 ], [ 1.5673, 9.1368 ], [ 1.5878, 9.1008 ], [ 1.5957, 9.0768 ], [ 1.6011, 9.0496 ], [ 1.6076, 8.5588 ], [ 1.609, 8.547 ], [ 1.6141, 8.5359 ], [ 1.64, 8.5032 ], [ 1.6443, 8.4935 ], [ 1.6403, 8.4759 ], [ 1.6076, 8.422 ], [ 1.6061, 8.396 ], [ 1.6011, 8.3717 ], [ 1.604, 8.3674 ], [ 1.6097, 8.3656 ], [ 1.6148, 8.3563 ], [ 1.6256, 8.2705 ], [ 1.6213, 7.9966 ], [ 1.6256, 6.9968 ], [ 1.6076, 6.9915 ], [ 1.532, 6.9919 ], [ 1.5514, 6.9209 ], [ 1.5626, 6.9043 ], [ 1.5791, 6.892 ], [ 1.5881, 6.8813 ], [ 1.5899, 6.8674 ], [ 1.5827, 6.8253 ], [ 1.5831, 6.8083 ], [ 1.5874, 6.7911 ], [ 1.5953, 6.7706 ], [ 1.6011, 6.7465 ], [ 1.5971, 6.731 ], [ 1.5745, 6.7007 ], [ 1.5662, 6.6782 ], [ 1.5723, 6.6669 ], [ 1.5853, 6.6565 ], [ 1.5964, 6.6364 ], [ 1.5943, 6.6111 ], [ 1.5975, 6.6008 ], [ 1.6112, 6.5848 ], [ 1.6274, 6.5734 ], [ 1.6367, 6.5723 ], [ 1.6468, 6.5732 ], [ 1.654, 6.5707 ], [ 1.6551, 6.5593 ], [ 1.658, 6.5523 ], [ 1.6745, 6.5387 ], [ 1.6807, 6.5301 ], [ 1.6821, 6.5201 ], [ 1.6796, 6.4986 ], [ 1.6817, 6.4899 ], [ 1.6882, 6.4844 ], [ 1.7098, 6.4734 ], [ 1.7185, 6.467 ], [ 1.744, 6.4258 ], [ 1.7822, 6.2774 ], [ 1.7617, 6.2761 ], [ 1.6331, 6.2457 ], [ 1.6123, 6.2349 ], [ 1.6195, 6.214 ], [ 1.8844, 6.2748 ], [ 2.2268, 6.3137 ], [ 2.3071, 6.3315 ], [ 2.7038, 6.3684 ], [ 2.7041, 6.4293 ], [ 2.7153, 6.4945 ], [ 2.7373, 6.558 ], [ 2.7394, 6.5792 ], [ 2.7308, 6.6214 ], [ 2.7311, 6.6419 ], [ 2.7427, 6.6633 ], [ 2.7607, 6.6793 ], [ 2.7729, 6.6875 ], [ 2.7787, 6.6988 ], [ 2.7754, 6.7449 ], [ 2.7733, 6.7551 ], [ 2.7675, 6.7596 ], [ 2.7549, 6.7608 ], [ 2.7448, 6.7638 ], [ 2.7362, 6.7699 ], [ 2.7286, 6.7801 ], [ 2.7236, 6.7997 ], [ 2.7261, 6.8215 ], [ 2.7369, 6.8634 ], [ 2.7319, 6.9053 ], [ 2.7185, 6.9435 ], [ 2.7149, 6.9799 ], [ 2.7412, 7.0158 ], [ 2.7527, 7.0214 ], [ 2.7657, 7.0251 ], [ 2.7758, 7.0305 ], [ 2.7797, 7.0414 ], [ 2.774, 7.0509 ], [ 2.7477, 7.0723 ], [ 2.7391, 7.0831 ], [ 2.7351, 7.0961 ], [ 2.7362, 7.1029 ], [ 2.7499, 7.1286 ], [ 2.7578, 7.1389 ], [ 2.761, 7.1484 ], [ 2.7621, 7.1622 ], [ 2.7412, 7.4082 ], [ 2.7437, 7.4192 ], [ 2.7513, 7.4236 ], [ 2.7617, 7.4235 ], [ 2.7833, 7.4192 ], [ 2.7866, 7.4212 ], [ 2.7895, 7.4358 ], [ 2.7923, 7.4776 ], [ 2.77, 7.5142 ], [ 2.7405, 7.5494 ], [ 2.7207, 7.5866 ], [ 2.7153, 7.6259 ], [ 2.7272, 7.7933 ], [ 2.7243, 7.8077 ], [ 2.7157, 7.8221 ], [ 2.6915, 7.8487 ], [ 2.6804, 7.8774 ], [ 2.6721, 7.8896 ], [ 2.671, 7.8979 ], [ 2.6732, 7.9056 ], [ 2.6872, 7.9335 ], [ 2.6908, 7.9966 ], [ 2.7034, 8.0599 ], [ 2.7056, 8.1197 ], [ 2.7085, 8.138 ], [ 2.716, 8.1549 ], [ 2.7265, 8.1717 ], [ 2.7344, 8.19 ], [ 2.7351, 8.2119 ], [ 2.7283, 8.2332 ], [ 2.7085, 8.2748 ], [ 2.7009, 8.2969 ], [ 2.6973, 8.3208 ], [ 2.6984, 8.3398 ], [ 2.7059, 8.3813 ], [ 2.7038, 8.4179 ], [ 2.7092, 8.4304 ], [ 2.729, 8.4527 ], [ 2.7369, 8.4646 ], [ 2.7448, 8.4984 ], [ 2.7229, 8.7713 ], [ 2.7232, 8.783 ], [ 2.729, 8.7904 ], [ 2.7455, 8.7982 ], [ 2.7509, 8.8035 ], [ 2.7524, 8.8123 ], [ 2.747, 8.8277 ], [ 2.7459, 8.8365 ], [ 2.7495, 8.852 ], [ 2.7621, 8.8805 ], [ 2.7625, 8.8958 ], [ 2.7589, 8.9026 ], [ 2.7495, 8.9067 ], [ 2.7477, 8.9148 ], [ 2.7646, 8.9399 ], [ 2.77, 8.9672 ], [ 2.7725, 9.0306 ], [ 2.7693, 9.0571 ], [ 2.8463, 9.0508 ], [ 2.8597, 9.0526 ], [ 2.8694, 9.0598 ], [ 2.8777, 9.0685 ], [ 2.8885, 9.0754 ], [ 2.8993, 9.0774 ], [ 2.9299, 9.0784 ], [ 2.9407, 9.0771 ], [ 2.9713, 9.0605 ], [ 2.9831, 9.0606 ], [ 3.0515, 9.0782 ], [ 3.076, 9.0951 ], [ 3.0911, 9.1265 ], [ 3.1246, 9.2291 ], [ 3.1451, 9.2679 ], [ 3.1513, 9.2886 ], [ 3.1516, 9.3536 ], [ 3.148, 9.3703 ], [ 3.1354, 9.4017 ], [ 3.1286, 9.4296 ], [ 3.1325, 9.4573 ], [ 3.1516, 9.4882 ], [ 3.1592, 9.4935 ], [ 3.175, 9.4988 ], [ 3.1826, 9.5054 ], [ 3.2434, 9.5844 ], [ 3.2449, 9.5896 ], [ 3.238, 9.609 ], [ 3.2456, 9.6338 ], [ 3.2618, 9.6386 ], [ 3.2812, 9.6351 ], [ 3.2992, 9.6339 ], [ 3.3316, 9.6521 ], [ 3.3385, 9.6783 ], [ 3.3305, 9.7086 ], [ 3.3183, 9.7394 ], [ 3.3147, 9.7591 ], [ 3.3172, 9.7817 ], [ 3.3259, 9.8018 ], [ 3.3421, 9.8137 ], [ 3.4141, 9.8429 ], [ 3.4529, 9.8532 ], [ 3.5131, 9.8466 ], [ 3.5307, 9.863 ], [ 3.557, 9.9105 ], [ 3.5894, 9.9489 ], [ 3.5995, 9.9686 ], [ 3.6059, 10.0541 ], [ 3.6124, 10.0702 ], [ 3.6279, 10.085 ], [ 3.6423, 10.0919 ], [ 3.6549, 10.1012 ], [ 3.6639, 10.1231 ], [ 3.6675, 10.1465 ], [ 3.6646, 10.1623 ], [ 3.6556, 10.1749 ], [ 3.5876, 10.2441 ], [ 3.5732, 10.267 ], [ 3.5725, 10.2858 ], [ 3.593, 10.331 ], [ 3.6182, 10.3693 ], [ 3.6221, 10.3812 ], [ 3.6232, 10.401 ], [ 3.6261, 10.4073 ], [ 3.6326, 10.4167 ], [ 3.652, 10.4357 ], [ 3.6718, 10.442 ], [ 3.6927, 10.4385 ], [ 3.7568, 10.4053 ], [ 3.7726, 10.4077 ], [ 3.7877, 10.4264 ], [ 3.7942, 10.4449 ], [ 3.7953, 10.4966 ], [ 3.8043, 10.5232 ], [ 3.8299, 10.5731 ], [ 3.8374, 10.5999 ], [ 3.8371, 10.6548 ], [ 3.832, 10.6839 ], [ 3.823, 10.7032 ], [ 3.8101, 10.7105 ], [ 3.7834, 10.7169 ], [ 3.7737, 10.7281 ], [ 3.7643, 10.7609 ], [ 3.7597, 10.7716 ], [ 3.7352, 10.7958 ], [ 3.7301, 10.8077 ], [ 3.7312, 10.825 ], [ 3.7528, 10.8777 ], [ 3.7543, 10.9071 ], [ 3.7334, 10.9964 ], [ 3.7233, 11.0136 ], [ 3.7157, 11.0319 ], [ 3.7118, 11.0518 ], [ 3.7118, 11.0736 ], [ 3.7222, 11.1123 ], [ 3.7136, 11.1204 ], [ 3.7046, 11.1208 ], [ 3.6949, 11.1191 ], [ 3.6866, 11.1205 ], [ 3.6625, 11.1431 ], [ 3.4832, 11.3923 ], [ 3.4684, 11.4195 ], [ 3.4666, 11.4425 ], [ 3.4929, 11.5115 ], [ 3.5048, 11.5565 ], [ 3.5743, 11.673 ], [ 3.5962, 11.6958 ] ] ] } },
{ "type": "Feature", "properties": { "z": "Burkina", "ISO_A3": "BFA", "c": "Burkina" }, "geometry": { "type": "Polygon", "coordinates": [ [ [ 2.3902, 11.8966 ], [ 2.338, 11.9401 ], [ 2.0709, 12.3069 ], [ 2.0518, 12.3419 ], [ 2.0543, 12.371 ], [ 2.0691, 12.3833 ], [ 2.1271, 12.3952 ], [ 2.1386, 12.4083 ], [ 2.1451, 12.4118 ], [ 2.1638, 12.4047 ], [ 2.2232, 12.4097 ], [ 2.2379, 12.4135 ], [ 2.2448, 12.4242 ], [ 2.243, 12.4512 ], [ 2.2462, 12.4658 ], [ 2.2423, 12.4734 ], [ 2.2239, 12.4949 ], [ 2.2156, 12.5104 ], [ 2.2109, 12.5231 ], [ 2.2034, 12.5833 ], [ 2.2001, 12.5959 ], [ 2.1933, 12.6095 ], [ 2.1843, 12.6207 ], [ 2.1659, 12.6317 ], [ 2.1447, 12.6507 ], [ 2.1411, 12.6562 ], [ 2.1353, 12.6756 ], [ 2.1091, 12.7057 ], [ 2.0691, 12.7163 ], [ 1.9715, 12.7243 ], [ 1.9625, 12.7191 ], [ 1.9456, 12.7008 ], [ 1.9345, 12.6935 ], [ 1.9265, 12.695 ], [ 1.9197, 12.6984 ], [ 1.9114, 12.6967 ], [ 1.9071, 12.6918 ], [ 1.9003, 12.6785 ], [ 1.8607, 12.6171 ], [ 1.8437, 12.6061 ], [ 1.8261, 12.6042 ], [ 1.5971, 12.6237 ], [ 1.564, 12.6321 ], [ 1.5359, 12.6474 ], [ 1.114, 12.9962 ], [ 1.0838, 13.0109 ], [ 1.0121, 13.0169 ], [ 0.9837, 13.0324 ], [ 0.9747, 13.0483 ], [ 0.9718, 13.0673 ], [ 0.9704, 13.3283 ], [ 0.9837, 13.3684 ], [ 1.0046, 13.3648 ], [ 1.0849, 13.3336 ], [ 1.1385, 13.3203 ], [ 1.1608, 13.3113 ], [ 1.1677, 13.3135 ], [ 1.1777, 13.3477 ], [ 1.1824, 13.3587 ], [ 1.1878, 13.3641 ], [ 1.2058, 13.3588 ], [ 1.222, 13.3447 ], [ 1.2415, 13.3355 ], [ 1.2688, 13.3461 ], [ 1.2497, 13.3671 ], [ 1.2343, 13.3776 ], [ 1.2173, 13.3817 ], [ 1.1752, 13.3869 ], [ 1.1572, 13.3926 ], [ 1.0481, 13.442 ], [ 1.0154, 13.4657 ], [ 0.9967, 13.4961 ], [ 0.9913, 13.5411 ], [ 0.9509, 13.5832 ], [ 0.8969, 13.615 ], [ 0.8509, 13.6286 ], [ 0.8131, 13.625 ], [ 0.7954, 13.626 ], [ 0.7756, 13.6353 ], [ 0.7637, 13.6465 ], [ 0.763, 13.6531 ], [ 0.7663, 13.6572 ], [ 0.767, 13.6609 ], [ 0.7663, 13.6751 ], [ 0.7634, 13.682 ], [ 0.7533, 13.6841 ], [ 0.6208, 13.68 ], [ 0.5942, 13.6888 ], [ 0.5805, 13.7137 ], [ 0.5848, 13.729 ], [ 0.5945, 13.7498 ], [ 0.6007, 13.7687 ], [ 0.5938, 13.7781 ], [ 0.5744, 13.785 ], [ 0.5531, 13.81 ], [ 0.5193, 13.8316 ], [ 0.5042, 13.8454 ], [ 0.4919, 13.8618 ], [ 0.4837, 13.8803 ], [ 0.4757, 13.8889 ], [ 0.4549, 13.9023 ], [ 0.4487, 13.9096 ], [ 0.448, 13.9201 ], [ 0.4563, 13.9381 ], [ 0.4567, 13.9469 ], [ 0.4459, 13.9586 ], [ 0.4282, 13.9675 ], [ 0.412, 13.9785 ], [ 0.4041, 13.9961 ], [ 0.4019, 14.0138 ], [ 0.3915, 14.0226 ], [ 0.3782, 14.0288 ], [ 0.3692, 14.039 ], [ 0.3692, 14.0479 ], [ 0.3775, 14.0639 ], [ 0.3785, 14.0705 ], [ 0.3742, 14.0789 ], [ 0.3562, 14.0957 ], [ 0.3436, 14.1143 ], [ 0.3393, 14.1257 ], [ 0.3436, 14.1375 ], [ 0.3674, 14.1738 ], [ 0.3721, 14.1857 ], [ 0.3775, 14.2166 ], [ 0.3811, 14.2256 ], [ 0.3908, 14.2376 ], [ 0.3915, 14.2459 ], [ 0.3886, 14.2517 ], [ 0.3465, 14.3076 ], [ 0.1888, 14.4477 ], [ 0.1589, 14.4961 ], [ 0.1528, 14.5468 ], [ 0.2198, 14.7312 ], [ 0.2129, 14.7616 ], [ 0.1841, 14.8195 ], [ 0.1856, 14.8481 ], [ 0.1982, 14.8637 ], [ 0.2119, 14.8748 ], [ 0.2209, 14.8882 ], [ 0.2183, 14.911 ], [ -0.0333, 14.996 ], [ -0.1669, 15.0496 ], [ -0.2367, 15.0657 ], [ -0.2993, 15.0548 ], [ -0.3616, 15.0177 ], [ -0.3976, 15.0021 ], [ -0.4257, 15.0025 ], [ -0.4358, 15.0151 ], [ -0.4588, 15.0754 ], [ -0.4678, 15.0798 ], [ -0.7198, 15.0784 ], [ -0.7529, 15.0697 ], [ -0.7828, 15.0483 ], [ -0.8361, 14.9961 ], [ -1.0431, 14.8181 ], [ -1.0784, 14.7963 ], [ -1.1165, 14.7804 ], [ -1.3077, 14.7346 ], [ -1.3502, 14.7149 ], [ -1.6969, 14.4961 ], [ -1.7667, 14.4832 ], [ -1.8369, 14.4796 ], [ -1.919, 14.4858 ], [ -1.9669, 14.4838 ], [ -1.9971, 14.4706 ], [ -2.005, 14.4443 ], [ -2.0234, 14.1986 ], [ -2.0273, 14.1881 ], [ -2.036, 14.1813 ], [ -2.1044, 14.1512 ], [ -2.1199, 14.1488 ], [ -2.1519, 14.1561 ], [ -2.3855, 14.2647 ], [ -2.4615, 14.2809 ], [ -2.5162, 14.2678 ], [ -2.5972, 14.2223 ], [ -2.6199, 14.2036 ], [ -2.6933, 14.1232 ], [ -2.8409, 14.043 ], [ -2.8672, 14.0005 ], [ -2.8615, 14.0017 ], [ -2.8553, 13.9962 ], [ -2.8946, 13.8666 ], [ -2.9122, 13.8379 ], [ -2.9281, 13.7996 ], [ -2.9234, 13.7461 ], [ -2.8953, 13.6516 ], [ -2.9651, 13.6256 ], [ -2.9723, 13.6244 ], [ -2.9947, 13.635 ], [ -3.0191, 13.6375 ], [ -3.0386, 13.6296 ], [ -3.0559, 13.6108 ], [ -3.0674, 13.6067 ], [ -3.0746, 13.6221 ], [ -3.0775, 13.6367 ], [ -3.0821, 13.6462 ], [ -3.1001, 13.6628 ], [ -3.125, 13.6772 ], [ -3.1459, 13.6767 ], [ -3.1678, 13.6721 ], [ -3.1959, 13.6749 ], [ -3.2405, 13.708 ], [ -3.2672, 13.717 ], [ -3.287, 13.6977 ], [ -3.2661, 13.6824 ], [ -3.2596, 13.6583 ], [ -3.2639, 13.6027 ], [ -3.2693, 13.5791 ], [ -3.2841, 13.5421 ], [ -3.2485, 13.2927 ], [ -3.2625, 13.284 ], [ -3.4267, 13.2743 ], [ -3.4486, 13.2658 ], [ -3.4522, 13.2375 ], [ -3.4407, 13.2028 ], [ -3.4396, 13.1848 ], [ -3.4493, 13.1688 ], [ -3.4616, 13.1658 ], [ -3.5159, 13.1739 ], [ -3.5386, 13.1734 ], [ -3.5451, 13.1745 ], [ -3.5537, 13.1802 ], [ -3.5699, 13.1968 ], [ -3.5764, 13.1993 ], [ -3.5897, 13.1974 ], [ -3.5969, 13.1994 ], [ -3.6787, 13.2618 ], [ -3.7244, 13.2888 ], [ -3.7985, 13.3471 ], [ -3.8173, 13.3547 ], [ -3.8579, 13.3656 ], [ -3.8925, 13.3789 ], [ -3.9087, 13.382 ], [ -3.9289, 13.3803 ], [ -3.9483, 13.3809 ], [ -3.9717, 13.3867 ], [ -3.9839, 13.3965 ], [ -3.9429, 13.432 ], [ -3.9256, 13.4362 ], [ -3.9184, 13.4403 ], [ -3.9181, 13.451 ], [ -3.9235, 13.4537 ], [ -3.9476, 13.4581 ], [ -3.9562, 13.4617 ], [ -3.9595, 13.4679 ], [ -3.9645, 13.4878 ], [ -3.9703, 13.4962 ], [ -3.9742, 13.4989 ], [ -3.9778, 13.4999 ], [ -3.9814, 13.4989 ], [ -3.998, 13.4805 ], [ -3.9922, 13.4762 ], [ -3.9796, 13.4753 ], [ -3.9717, 13.4699 ], [ -3.9767, 13.4606 ], [ -3.9901, 13.4491 ], [ -4.0052, 13.4395 ], [ -4.0282, 13.4315 ], [ -4.0433, 13.4145 ], [ -4.0527, 13.4091 ], [ -4.0793, 13.4022 ], [ -4.0876, 13.398 ], [ -4.1042, 13.3827 ], [ -4.1146, 13.3646 ], [ -4.1315, 13.3238 ], [ -4.147, 13.2996 ], [ -4.1661, 13.2781 ], [ -4.1769, 13.2724 ], [ -4.196, 13.2747 ], [ -4.2053, 13.273 ], [ -4.2208, 13.2628 ], [ -4.2388, 13.2468 ], [ -4.2536, 13.229 ], [ -4.2583, 13.2141 ], [ -4.2511, 13.2047 ], [ -4.2302, 13.1931 ], [ -4.2277, 13.1844 ], [ -4.2349, 13.1757 ], [ -4.246, 13.1725 ], [ -4.3101, 13.1755 ], [ -4.327, 13.1685 ], [ -4.3396, 13.1353 ], [ -4.3511, 13.1183 ], [ -4.3511, 13.1061 ], [ -4.3454, 13.0971 ], [ -4.3162, 13.0709 ], [ -4.2896, 13.0135 ], [ -4.277, 12.9962 ], [ -4.2478, 12.972 ], [ -4.2295, 12.949 ], [ -4.2212, 12.9212 ], [ -4.2248, 12.8645 ], [ -4.2118, 12.8192 ], [ -4.2133, 12.8072 ], [ -4.2341, 12.7423 ], [ -4.2439, 12.7299 ], [ -4.2575, 12.7209 ], [ -4.2763, 12.7147 ], [ -4.2971, 12.7121 ], [ -4.3108, 12.716 ], [ -4.3396, 12.7327 ], [ -4.3688, 12.739 ], [ -4.4019, 12.7366 ], [ -4.4354, 12.7284 ], [ -4.4645, 12.7173 ], [ -4.475, 12.7157 ], [ -4.4818, 12.7174 ], [ -4.4854, 12.7147 ], [ -4.4912, 12.6628 ], [ -4.4825, 12.6463 ], [ -4.439, 12.6132 ], [ -4.4224, 12.5972 ], [ -4.4015, 12.5504 ], [ -4.3925, 12.5374 ], [ -4.3871, 12.534 ], [ -4.3868, 12.5302 ], [ -4.3936, 12.5165 ], [ -4.4077, 12.4979 ], [ -4.4267, 12.4796 ], [ -4.4437, 12.4594 ], [ -4.4516, 12.4354 ], [ -4.4152, 12.3504 ], [ -4.4062, 12.3074 ], [ -4.4357, 12.3017 ], [ -4.4447, 12.3094 ], [ -4.4527, 12.3203 ], [ -4.4624, 12.3282 ], [ -4.4771, 12.3273 ], [ -4.4883, 12.3207 ], [ -4.4908, 12.3139 ], [ -4.4905, 12.3057 ], [ -4.4941, 12.2901 ], [ -4.4923, 12.2788 ], [ -4.4937, 12.2728 ], [ -4.5855, 12.1972 ], [ -4.5603, 12.1494 ], [ -4.5704, 12.1388 ], [ -4.6003, 12.1376 ], [ -4.6363, 12.1175 ], [ -4.6467, 12.0981 ], [ -4.6485, 12.0819 ], [ -4.6535, 12.0692 ], [ -4.6737, 12.0597 ], [ -4.6838, 12.059 ], [ -4.7039, 12.0614 ], [ -4.7147, 12.059 ], [ -4.7252, 12.0501 ], [ -4.7389, 12.0252 ], [ -4.7468, 12.0151 ], [ -4.7612, 12.0066 ], [ -4.7896, 12.0018 ], [ -4.8069, 11.9963 ], [ -4.8263, 12.0128 ], [ -4.8472, 12.0131 ], [ -4.8901, 11.9979 ], [ -4.9106, 11.9982 ], [ -4.9322, 12.0032 ], [ -4.9538, 12.005 ], [ -4.9754, 11.9963 ], [ -4.9844, 11.9886 ], [ -4.9941, 11.9833 ], [ -5.0045, 11.9807 ], [ -5.0161, 11.9813 ], [ -5.0344, 11.9793 ], [ -5.0737, 11.9806 ], [ -5.0891, 11.9793 ], [ -5.1039, 11.9727 ], [ -5.137, 11.9531 ], [ -5.168, 11.9437 ], [ -5.1827, 11.9309 ], [ -5.2094, 11.9014 ], [ -5.2483, 11.8704 ], [ -5.2681, 11.843 ], [ -5.2753, 11.8375 ], [ -5.2825, 11.8365 ], [ -5.3001, 11.8463 ], [ -5.3066, 11.8461 ], [ -5.3192, 11.8375 ], [ -5.3537, 11.8317 ], [ -5.3645, 11.8217 ], [ -5.3699, 11.8201 ], [ -5.3923, 11.8323 ], [ -5.4124, 11.8286 ], [ -5.4121, 11.8236 ], [ -5.4059, 11.8123 ], [ -5.3746, 11.7952 ], [ -5.3707, 11.7911 ], [ -5.3534, 11.7945 ], [ -5.3447, 11.794 ], [ -5.3343, 11.7908 ], [ -5.3149, 11.7825 ], [ -5.299, 11.7726 ], [ -5.2871, 11.7589 ], [ -5.2796, 11.739 ], [ -5.2785, 11.7214 ], [ -5.2807, 11.6995 ], [ -5.2893, 11.6604 ], [ -5.3077, 11.629 ], [ -5.3077, 11.6177 ], [ -5.3001, 11.6065 ], [ -5.2911, 11.6045 ], [ -5.2807, 11.6058 ], [ -5.2695, 11.6041 ], [ -5.2339, 11.576 ], [ -5.2245, 11.5408 ], [ -5.2245, 11.4579 ], [ -5.2191, 11.4352 ], [ -5.2184, 11.4222 ], [ -5.2263, 11.4134 ], [ -5.2483, 11.4031 ], [ -5.2634, 11.3903 ], [ -5.2677, 11.3721 ], [ -5.2609, 11.2678 ], [ -5.263, 11.2516 ], [ -5.2753, 11.2307 ], [ -5.3066, 11.1994 ], [ -5.3163, 11.1763 ], [ -5.3224, 11.1355 ], [ -5.3325, 11.1215 ], [ -5.3563, 11.1069 ], [ -5.3732, 11.0998 ], [ -5.3901, 11.0947 ], [ -5.4898, 11.0822 ], [ -5.5042, 11.0727 ], [ -5.5075, 11.057 ], [ -5.4956, 10.9961 ], [ -5.5017, 10.9702 ], [ -5.479, 10.9755 ], [ -5.4657, 10.9479 ], [ -5.447, 10.8779 ], [ -5.4351, 10.8569 ], [ -5.4315, 10.8447 ], [ -5.4452, 10.7871 ], [ -5.4466, 10.7687 ], [ -5.461, 10.76 ], [ -5.4679, 10.7527 ], [ -5.4729, 10.7378 ], [ -5.4826, 10.6842 ], [ -5.4823, 10.6752 ], [ -5.4758, 10.6504 ], [ -5.4607, 10.6445 ], [ -5.4704, 10.6357 ], [ -5.4776, 10.6196 ], [ -5.4787, 10.6042 ], [ -5.4711, 10.5973 ], [ -5.4682, 10.5879 ], [ -5.4815, 10.5353 ], [ -5.5053, 10.4991 ], [ -5.5089, 10.491 ], [ -5.5172, 10.44 ], [ -5.5226, 10.4254 ], [ -5.5049, 10.4156 ], [ -5.4877, 10.393 ], [ -5.4754, 10.3678 ], [ -5.474, 10.3503 ], [ -5.4599, 10.3452 ], [ -5.4437, 10.3436 ], [ -5.438, 10.34 ], [ -5.4268, 10.3168 ], [ -5.4164, 10.3075 ], [ -5.4027, 10.3005 ], [ -5.3858, 10.2965 ], [ -5.3656, 10.2958 ], [ -5.3609, 10.2988 ], [ -5.3534, 10.3082 ], [ -5.3437, 10.3031 ], [ -5.3271, 10.3027 ], [ -5.3156, 10.3052 ], [ -5.3041, 10.3184 ], [ -5.2965, 10.3231 ], [ -5.2799, 10.3224 ], [ -5.2335, 10.3157 ], [ -5.2177, 10.32 ], [ -5.1683, 10.2913 ], [ -5.1593, 10.2923 ], [ -5.1521, 10.3057 ], [ -5.1356, 10.3042 ], [ -5.119, 10.2935 ], [ -5.1118, 10.2786 ], [ -5.1118, 10.2237 ], [ -5.1183, 10.2125 ], [ -5.1172, 10.2081 ], [ -5.105, 10.2069 ], [ -5.0978, 10.2093 ], [ -5.092, 10.2144 ], [ -5.0845, 10.2274 ], [ -5.0816, 10.2069 ], [ -5.0902, 10.1889 ], [ -5.0906, 10.178 ], [ -5.0639, 10.179 ], [ -5.0708, 10.161 ], [ -5.0647, 10.1508 ], [ -5.0395, 10.1344 ], [ -5.0377, 10.1265 ], [ -5.0611, 10.1185 ], [ -5.0701, 10.1102 ], [ -5.0618, 10.11 ], [ -5.0427, 10.1033 ], [ -5.0564, 10.0972 ], [ -5.0485, 10.0854 ], [ -5.0373, 10.0837 ], [ -5.0254, 10.0887 ], [ -5.0157, 10.0972 ], [ -5.0107, 10.0791 ], [ -4.9999, 10.0695 ], [ -4.9747, 10.0555 ], [ -4.9635, 10.0403 ], [ -4.9563, 10.022 ], [ -4.9603, 10.0086 ], [ -4.9815, 10.0077 ], [ -4.9768, 9.9976 ], [ -4.9657, 9.9831 ], [ -4.9531, 9.9533 ], [ -4.9675, 9.9124 ], [ -4.966, 9.9011 ], [ -4.9365, 9.874 ], [ -4.9279, 9.8709 ], [ -4.9171, 9.8865 ], [ -4.9095, 9.8911 ], [ -4.898, 9.8889 ], [ -4.8901, 9.8795 ], [ -4.8818, 9.8775 ], [ -4.8584, 9.8758 ], [ -4.8386, 9.8695 ], [ -4.8242, 9.857 ], [ -4.8177, 9.8364 ], [ -4.7986, 9.8426 ], [ -4.7903, 9.8275 ], [ -4.7853, 9.8048 ], [ -4.7759, 9.788 ], [ -4.7918, 9.7823 ], [ -4.8101, 9.7817 ], [ -4.8101, 9.7743 ], [ -4.8011, 9.7664 ], [ -4.7965, 9.7546 ], [ -4.7831, 9.7584 ], [ -4.7698, 9.7374 ], [ -4.7547, 9.7402 ], [ -4.7605, 9.7454 ], [ -4.7623, 9.75 ], [ -4.7587, 9.7533 ], [ -4.7486, 9.7546 ], [ -4.7385, 9.7531 ], [ -4.7335, 9.7497 ], [ -4.7245, 9.7371 ], [ -4.7129, 9.7268 ], [ -4.709, 9.7204 ], [ -4.7054, 9.7022 ], [ -4.7, 9.6979 ], [ -4.6867, 9.6924 ], [ -4.6816, 9.6867 ], [ -4.6809, 9.6821 ], [ -4.6647, 9.6909 ], [ -4.6546, 9.7036 ], [ -4.6557, 9.706 ], [ -4.6287, 9.7078 ], [ -4.6168, 9.7139 ], [ -4.6039, 9.7272 ], [ -4.5927, 9.7178 ], [ -4.5783, 9.6966 ], [ -4.5668, 9.6924 ], [ -4.552, 9.6965 ], [ -4.5484, 9.7068 ], [ -4.5481, 9.7202 ], [ -4.5391, 9.7447 ], [ -4.5358, 9.7467 ], [ -4.5178, 9.7467 ], [ -4.5099, 9.7451 ], [ -4.5038, 9.742 ], [ -4.5016, 9.7371 ], [ -4.5038, 9.7199 ], [ -4.5135, 9.694 ], [ -4.516, 9.6757 ], [ -4.5016, 9.6551 ], [ -4.4692, 9.6518 ], [ -4.4332, 9.6535 ], [ -4.4091, 9.6478 ], [ -4.4001, 9.6332 ], [ -4.3915, 9.6003 ], [ -4.385, 9.5894 ], [ -4.3713, 9.583 ], [ -4.3677, 9.592 ], [ -4.3681, 9.6084 ], [ -4.3652, 9.6242 ], [ -4.3497, 9.62 ], [ -4.3227, 9.6089 ], [ -4.3159, 9.6166 ], [ -4.3029, 9.6418 ], [ -4.3004, 9.6544 ], [ -4.3036, 9.678 ], [ -4.3033, 9.6867 ], [ -4.2979, 9.6959 ], [ -4.2676, 9.7272 ], [ -4.2835, 9.7321 ], [ -4.2705, 9.744 ], [ -4.2532, 9.7501 ], [ -4.2154, 9.7548 ], [ -4.1971, 9.765 ], [ -4.1683, 9.8048 ], [ -4.1503, 9.8182 ], [ -4.133, 9.8204 ], [ -4.0761, 9.8038 ], [ -4.0599, 9.7963 ], [ -4.0538, 9.7976 ], [ -4.0502, 9.8104 ], [ -4.0351, 9.8177 ], [ -4.0268, 9.8204 ], [ -3.9947, 9.8208 ], [ -3.9883, 9.8348 ], [ -3.9839, 9.8512 ], [ -3.9692, 9.859 ], [ -3.9476, 9.8643 ], [ -3.9101, 9.8885 ], [ -3.8896, 9.8945 ], [ -3.8234, 9.8957 ], [ -3.8043, 9.9014 ], [ -3.7957, 9.9077 ], [ -3.7798, 9.9247 ], [ -3.7697, 9.9313 ], [ -3.755, 9.9359 ], [ -3.7064, 9.9419 ], [ -3.6988, 9.9407 ], [ -3.6859, 9.9334 ], [ -3.6797, 9.9323 ], [ -3.6743, 9.9353 ], [ -3.6617, 9.9489 ], [ -3.6481, 9.9446 ], [ -3.634, 9.9293 ], [ -3.6232, 9.9217 ], [ -3.6063, 9.9181 ], [ -3.5465, 9.9261 ], [ -3.3892, 9.9133 ], [ -3.3766, 9.9085 ], [ -3.359, 9.8925 ], [ -3.3482, 9.8871 ], [ -3.3392, 9.8901 ], [ -3.3277, 9.8974 ], [ -3.3172, 9.9014 ], [ -3.3129, 9.8945 ], [ -3.3136, 9.8746 ], [ -3.3118, 9.8542 ], [ -3.3017, 9.8411 ], [ -3.278, 9.8434 ], [ -3.2639, 9.857 ], [ -3.2301, 9.9047 ], [ -3.2146, 9.9157 ], [ -3.2027, 9.9083 ], [ -3.2024, 9.8889 ], [ -3.2045, 9.8653 ], [ -3.1999, 9.8454 ], [ -3.1826, 9.8351 ], [ -3.1603, 9.8347 ], [ -3.1369, 9.8295 ], [ -3.1171, 9.8054 ], [ -3.1045, 9.7571 ], [ -3.0944, 9.7338 ], [ -3.0771, 9.7194 ], [ -3.0591, 9.7186 ], [ -3.0245, 9.7287 ], [ -3.0058, 9.7242 ], [ -2.99, 9.7085 ], [ -2.9777, 9.6851 ], [ -2.9597, 9.6386 ], [ -2.9101, 9.5428 ], [ -2.8103, 9.4111 ], [ -2.7877, 9.3938 ], [ -2.7635, 9.3919 ], [ -2.7448, 9.4081 ], [ -2.7203, 9.4592 ], [ -2.6894, 9.4888 ], [ -2.7254, 9.5339 ], [ -2.761, 9.5662 ], [ -2.7664, 9.5765 ], [ -2.7679, 9.5928 ], [ -2.7664, 9.6089 ], [ -2.7614, 9.6253 ], [ -2.7531, 9.6399 ], [ -2.7401, 9.6508 ], [ -2.7509, 9.6592 ], [ -2.7556, 9.6776 ], [ -2.7607, 9.6856 ], [ -2.7693, 9.6899 ], [ -2.7805, 9.6903 ], [ -2.7884, 9.6993 ], [ -2.7952, 9.7201 ], [ -2.7916, 9.741 ], [ -2.7747, 9.7743 ], [ -2.7401, 9.8127 ], [ -2.734, 9.8228 ], [ -2.7369, 9.8325 ], [ -2.7607, 9.8706 ], [ -2.765, 9.8958 ], [ -2.7556, 9.9412 ], [ -2.7545, 9.9668 ], [ -2.761, 9.9848 ], [ -2.7837, 10.0186 ], [ -2.7884, 10.0388 ], [ -2.7884, 10.1245 ], [ -2.7988, 10.1696 ], [ -2.7985, 10.1896 ], [ -2.7855, 10.2101 ], [ -2.765, 10.2258 ], [ -2.7578, 10.2347 ], [ -2.7545, 10.248 ], [ -2.7549, 10.2609 ], [ -2.7585, 10.2662 ], [ -2.7747, 10.2753 ], [ -2.7844, 10.2788 ], [ -2.7931, 10.2786 ], [ -2.7995, 10.2809 ], [ -2.8021, 10.2923 ], [ -2.8057, 10.2991 ], [ -2.8244, 10.3022 ], [ -2.833, 10.3059 ], [ -2.8413, 10.3223 ], [ -2.8413, 10.3433 ], [ -2.8363, 10.3636 ], [ -2.8294, 10.3784 ], [ -2.8222, 10.3877 ], [ -2.8147, 10.3937 ], [ -2.8049, 10.3971 ], [ -2.792, 10.3981 ], [ -2.7812, 10.4024 ], [ -2.7718, 10.4118 ], [ -2.7675, 10.4211 ], [ -2.7715, 10.4254 ], [ -2.7959, 10.4262 ], [ -2.8121, 10.4289 ], [ -2.8244, 10.435 ], [ -2.8597, 10.4657 ], [ -2.8672, 10.4782 ], [ -2.8705, 10.4978 ], [ -2.8917, 10.5216 ], [ -2.8982, 10.5627 ], [ -2.9284, 10.6152 ], [ -2.9324, 10.6344 ], [ -2.9295, 10.6442 ], [ -2.9162, 10.6681 ], [ -2.9101, 10.6845 ], [ -2.905, 10.6928 ], [ -2.905, 10.6992 ], [ -2.9079, 10.7036 ], [ -2.9191, 10.7066 ], [ -2.9223, 10.7212 ], [ -2.9194, 10.7272 ], [ -2.9086, 10.7377 ], [ -2.9032, 10.7471 ], [ -2.8996, 10.77 ], [ -2.8827, 10.7971 ], [ -2.8715, 10.8435 ], [ -2.8643, 10.8643 ], [ -2.8507, 10.8795 ], [ -2.8348, 10.8917 ], [ -2.8215, 10.9063 ], [ -2.8157, 10.9292 ], [ -2.8219, 10.9483 ], [ -2.8327, 10.9661 ], [ -2.8388, 10.9851 ], [ -2.8359, 10.9923 ], [ -2.8373, 10.998 ], [ -2.7509, 10.9964 ], [ -2.7506, 10.9858 ], [ -1.5986, 10.9971 ], [ -1.5871, 11.0037 ], [ -1.5799, 11.0212 ], [ -1.5626, 11.0266 ], [ -1.4362, 11.0228 ], [ -1.3804, 11.0013 ], [ -1.3552, 10.9967 ], [ -1.1075, 10.9943 ], [ -1.0985, 11.0096 ], [ -1.0705, 11.0139 ], [ -0.9326, 11.0032 ], [ -0.9239, 11.0014 ], [ -0.9164, 10.9961 ], [ -0.9095, 10.9827 ], [ -0.9045, 10.9795 ], [ -0.8941, 10.98 ], [ -0.9005, 10.9662 ], [ -0.8833, 10.9687 ], [ -0.8609, 10.993 ], [ -0.8393, 10.9964 ], [ -0.8336, 11.0034 ], [ -0.8278, 11.0059 ], [ -0.8221, 11.0036 ], [ -0.817, 10.9961 ], [ -0.6961, 10.994 ], [ -0.6946, 10.9827 ], [ -0.6903, 10.9818 ], [ -0.6831, 10.9844 ], [ -0.6741, 10.9836 ], [ -0.668, 10.9765 ], [ -0.6723, 10.9685 ], [ -0.6799, 10.9605 ], [ -0.6827, 10.9536 ], [ -0.6349, 10.908 ], [ -0.6172, 10.9186 ], [ -0.6071, 10.9412 ], [ -0.5999, 10.9658 ], [ -0.5906, 10.9824 ], [ -0.5762, 10.9877 ], [ -0.5553, 10.99 ], [ -0.5164, 10.9887 ], [ -0.5128, 10.9897 ], [ -0.5042, 10.9961 ], [ -0.4948, 11.0079 ], [ -0.4685, 11.0202 ], [ -0.4567, 11.0296 ], [ -0.4513, 11.0402 ], [ -0.4491, 11.0628 ], [ -0.4444, 11.0774 ], [ -0.4253, 11.1015 ], [ -0.4059, 11.1015 ], [ -0.3868, 11.0864 ], [ -0.3688, 11.0653 ], [ -0.3188, 11.1013 ], [ -0.3062, 11.1135 ], [ -0.2983, 11.1284 ], [ -0.3044, 11.1468 ], [ -0.3019, 11.163 ], [ -0.1661, 11.135 ], [ 0.4865, 11.0032 ], [ 0.4901, 10.9996 ], [ 0.4905, 10.9964 ], [ 0.4873, 10.9837 ], [ 0.4837, 10.9797 ], [ 0.4999, 10.9757 ], [ 0.4876, 10.9332 ], [ 0.6125, 10.9765 ], [ 0.6752, 10.9886 ], [ 0.9016, 10.9927 ], [ 0.9319, 10.9761 ], [ 0.9632, 10.9741 ], [ 0.9675, 10.9795 ], [ 0.97, 10.9911 ], [ 0.9689, 11.0029 ], [ 0.9632, 11.0083 ], [ 0.9553, 11.012 ], [ 0.9517, 11.021 ], [ 0.9524, 11.0424 ], [ 0.956, 11.0448 ], [ 0.9769, 11.0784 ], [ 0.9815, 11.0801 ], [ 1.0078, 11.075 ], [ 1.0197, 11.0657 ], [ 1.028, 11.0614 ], [ 1.0352, 11.0492 ], [ 1.0413, 11.0495 ], [ 1.0561, 11.0561 ], [ 1.087, 11.0528 ], [ 1.0971, 11.0492 ], [ 1.1068, 11.0344 ], [ 1.114, 11.0276 ], [ 1.1176, 11.0322 ], [ 1.1187, 11.0482 ], [ 1.1072, 11.0598 ], [ 1.1011, 11.0704 ], [ 1.0971, 11.1045 ], [ 1.0827, 11.1106 ], [ 1.082, 11.1154 ], [ 1.0838, 11.1277 ], [ 1.0827, 11.1318 ], [ 1.0733, 11.134 ], [ 1.0672, 11.1284 ], [ 1.0633, 11.1269 ], [ 1.0622, 11.1421 ], [ 1.1003, 11.1516 ], [ 1.1061, 11.1557 ], [ 1.1129, 11.1739 ], [ 1.1176, 11.179 ], [ 1.1281, 11.1789 ], [ 1.1583, 11.1659 ], [ 1.1533, 11.1832 ], [ 1.1493, 11.2172 ], [ 1.1306, 11.2476 ], [ 1.1356, 11.2602 ], [ 1.1461, 11.2699 ], [ 1.1565, 11.2855 ], [ 1.1659, 11.2781 ], [ 1.1734, 11.2666 ], [ 1.172, 11.2615 ], [ 1.181, 11.2613 ], [ 1.1914, 11.267 ], [ 1.2001, 11.269 ], [ 1.2191, 11.268 ], [ 1.2353, 11.2635 ], [ 1.2685, 11.2479 ], [ 1.2811, 11.2711 ], [ 1.2825, 11.2789 ], [ 1.2803, 11.2887 ], [ 1.2706, 11.2982 ], [ 1.2685, 11.3063 ], [ 1.2735, 11.3183 ], [ 1.2847, 11.3127 ], [ 1.2962, 11.2997 ], [ 1.3027, 11.2888 ], [ 1.3091, 11.2971 ], [ 1.3163, 11.2998 ], [ 1.3235, 11.2971 ], [ 1.3304, 11.2888 ], [ 1.348, 11.3035 ], [ 1.3459, 11.3163 ], [ 1.3361, 11.33 ], [ 1.3304, 11.3472 ], [ 1.339, 11.3661 ], [ 1.3592, 11.379 ], [ 1.3815, 11.3887 ], [ 1.3981, 11.3987 ], [ 1.3887, 11.42 ], [ 1.3898, 11.4285 ], [ 1.3981, 11.4403 ], [ 1.411, 11.4498 ], [ 1.4236, 11.4539 ], [ 1.4337, 11.4594 ], [ 1.4395, 11.4738 ], [ 1.456, 11.4647 ], [ 1.4755, 11.4608 ], [ 1.5694, 11.4534 ], [ 1.5633, 11.426 ], [ 1.5806, 11.427 ], [ 1.6015, 11.3887 ], [ 1.6213, 11.3953 ], [ 1.6382, 11.4043 ], [ 1.6843, 11.4139 ], [ 1.7033, 11.4229 ], [ 1.7192, 11.4278 ], [ 1.7635, 11.4247 ], [ 1.7822, 11.426 ], [ 1.8214, 11.4416 ], [ 1.8405, 11.4455 ], [ 1.8581, 11.4403 ], [ 1.8675, 11.4466 ], [ 1.8797, 11.4449 ], [ 1.9057, 11.4329 ], [ 1.9481, 11.4167 ], [ 1.9834, 11.414 ], [ 2.0108, 11.4269 ], [ 2.1469, 11.5637 ], [ 2.2199, 11.6225 ], [ 2.2736, 11.652 ], [ 2.2873, 11.6653 ], [ 2.2912, 11.6748 ], [ 2.2909, 11.7032 ], [ 2.3017, 11.7316 ], [ 2.3402, 11.7739 ], [ 2.3542, 11.7998 ], [ 2.3902, 11.8966 ] ] ] } },
{ "type": "Feature", "properties": { "z": "Gambia", "ISO_A3": "GMB", "c": "Gambia" }, "geometry": { "type": "Polygon", "coordinates": [ [ [ -16.7535, 13.065 ], [ -16.7521, 13.0881 ], [ -16.7485, 13.0992 ], [ -16.7265, 13.1227 ], [ -16.7233, 13.1323 ], [ -16.7085, 13.1566 ], [ -16.6736, 13.1643 ], [ -15.8334, 13.1569 ], [ -15.8265, 13.1616 ], [ -15.8226, 13.3195 ], [ -15.8186, 13.3335 ], [ -15.8071, 13.3398 ], [ -15.7372, 13.3464 ], [ -15.6926, 13.3604 ], [ -15.68, 13.3607 ], [ -15.6123, 13.3542 ], [ -15.5961, 13.3558 ], [ -15.5659, 13.3657 ], [ -15.5428, 13.378 ], [ -15.5194, 13.3866 ], [ -15.4885, 13.3853 ], [ -15.3794, 13.3625 ], [ -15.3423, 13.3625 ], [ -15.3099, 13.3684 ], [ -15.2772, 13.3803 ], [ -15.2484, 13.399 ], [ -15.2278, 13.4252 ], [ -15.2217, 13.4528 ], [ -15.2181, 13.5147 ], [ -15.2041, 13.5369 ], [ -15.1605, 13.5809 ], [ -15.1375, 13.5899 ], [ -15.1101, 13.5725 ], [ -15.0651, 13.5313 ], [ -15.0154, 13.4959 ], [ -14.9496, 13.463 ], [ -14.9161, 13.4544 ], [ -14.8776, 13.4514 ], [ -14.8624, 13.4471 ], [ -14.8293, 13.4269 ], [ -14.811, 13.4212 ], [ -14.7904, 13.4174 ], [ -14.7796, 13.4109 ], [ -14.7595, 13.3833 ], [ -14.7318, 13.359 ], [ -14.6983, 13.3452 ], [ -14.6616, 13.3409 ], [ -14.6245, 13.3452 ], [ -14.5921, 13.3531 ], [ -14.5806, 13.3491 ], [ -14.5428, 13.3146 ], [ -14.5294, 13.3073 ], [ -14.515, 13.3032 ], [ -14.4837, 13.3019 ], [ -14.4704, 13.2983 ], [ -14.4513, 13.2768 ], [ -14.4315, 13.2614 ], [ -14.3952, 13.2429 ], [ -14.3689, 13.2358 ], [ -14.3419, 13.2336 ], [ -14.285, 13.2385 ], [ -14.2306, 13.2286 ], [ -14.2018, 13.2296 ], [ -14.1799, 13.24 ], [ -14.1316, 13.2755 ], [ -14.1169, 13.2821 ], [ -14.0996, 13.282 ], [ -14.0568, 13.2971 ], [ -14.0164, 13.2976 ], [ -13.9761, 13.3082 ], [ -13.9005, 13.3146 ], [ -13.8512, 13.3358 ], [ -13.8224, 13.3781 ], [ -13.8188, 13.4294 ], [ -13.8426, 13.4766 ], [ -13.8526, 13.4848 ], [ -13.8753, 13.4979 ], [ -13.8847, 13.5055 ], [ -13.8897, 13.514 ], [ -13.8962, 13.5328 ], [ -13.9012, 13.5416 ], [ -13.9182, 13.555 ], [ -13.9419, 13.5669 ], [ -13.9675, 13.5756 ], [ -13.9884, 13.5791 ], [ -14.002, 13.5771 ], [ -14.0341, 13.5602 ], [ -14.0445, 13.5586 ], [ -14.0726, 13.5597 ], [ -14.0928, 13.5547 ], [ -14.1392, 13.5316 ], [ -14.1968, 13.5188 ], [ -14.2159, 13.5108 ], [ -14.2713, 13.4769 ], [ -14.33, 13.4564 ], [ -14.3473, 13.4524 ], [ -14.3656, 13.4549 ], [ -14.3898, 13.4659 ], [ -14.4704, 13.5224 ], [ -14.4805, 13.5331 ], [ -14.487, 13.5466 ], [ -14.5003, 13.5899 ], [ -14.5096, 13.6091 ], [ -14.5233, 13.6256 ], [ -14.5428, 13.6407 ], [ -14.5856, 13.6605 ], [ -14.6266, 13.6635 ], [ -14.6673, 13.6529 ], [ -14.7285, 13.6193 ], [ -14.7408, 13.6154 ], [ -14.7548, 13.6204 ], [ -14.7962, 13.6448 ], [ -14.803, 13.6523 ], [ -14.8225, 13.7172 ], [ -14.8315, 13.7356 ], [ -14.8441, 13.7527 ], [ -14.8794, 13.7806 ], [ -14.9157, 13.7924 ], [ -15.0169, 13.7969 ], [ -15.0763, 13.8189 ], [ -15.0979, 13.8199 ], [ -15.1706, 13.7937 ], [ -15.2458, 13.7468 ], [ -15.2671, 13.7418 ], [ -15.2757, 13.7481 ], [ -15.2952, 13.7731 ], [ -15.3045, 13.7818 ], [ -15.3477, 13.7886 ], [ -15.3942, 13.7715 ], [ -15.4363, 13.7412 ], [ -15.4676, 13.7083 ], [ -15.4788, 13.6913 ], [ -15.4888, 13.6704 ], [ -15.4968, 13.6483 ], [ -15.5004, 13.628 ], [ -15.5025, 13.5882 ], [ -15.5184, 13.5831 ], [ -16.5613, 13.5869 ], [ -16.5548, 13.5771 ], [ -16.549, 13.5639 ], [ -16.548, 13.548 ], [ -16.5566, 13.5061 ], [ -16.5566, 13.4856 ], [ -16.5544, 13.4819 ], [ -16.5444, 13.4759 ], [ -16.5382, 13.4649 ], [ -16.5199, 13.4513 ], [ -16.5037, 13.4169 ], [ -16.5012, 13.403 ], [ -16.5037, 13.3926 ], [ -16.5217, 13.359 ], [ -16.4896, 13.3571 ], [ -16.4119, 13.3385 ], [ -16.3906, 13.3368 ], [ -16.3561, 13.3379 ], [ -16.3219, 13.3428 ], [ -16.3021, 13.3528 ], [ -16.3165, 13.359 ], [ -16.3165, 13.3658 ], [ -16.3021, 13.372 ], [ -16.3082, 13.3833 ], [ -16.306, 13.3916 ], [ -16.2891, 13.4068 ], [ -16.2848, 13.3953 ], [ -16.2898, 13.3733 ], [ -16.2891, 13.3658 ], [ -16.2805, 13.3598 ], [ -16.2729, 13.3625 ], [ -16.2657, 13.3687 ], [ -16.2578, 13.372 ], [ -16.2484, 13.379 ], [ -16.2067, 13.4205 ], [ -16.1786, 13.441 ], [ -16.1602, 13.4506 ], [ -16.1415, 13.4546 ], [ -16.1221, 13.4516 ], [ -16.0904, 13.4405 ], [ -15.77, 13.465 ], [ -15.7344, 13.4757 ], [ -15.6901, 13.4989 ], [ -15.6721, 13.5029 ], [ -15.6548, 13.5009 ], [ -15.6278, 13.4885 ], [ -15.6105, 13.4893 ], [ -15.6008, 13.4955 ], [ -15.586, 13.5151 ], [ -15.576, 13.5228 ], [ -15.5562, 13.5283 ], [ -15.5432, 13.5255 ], [ -15.5317, 13.5198 ], [ -15.518, 13.5167 ], [ -15.5, 13.5051 ], [ -15.491, 13.5029 ], [ -15.4651, 13.5101 ], [ -15.4564, 13.5061 ], [ -15.4323, 13.4848 ], [ -15.4158, 13.4732 ], [ -15.4014, 13.4683 ], [ -15.3859, 13.4662 ], [ -15.3517, 13.4567 ], [ -15.333, 13.4546 ], [ -15.3218, 13.4583 ], [ -15.3114, 13.4679 ], [ -15.3042, 13.4812 ], [ -15.302, 13.4962 ], [ -15.2948, 13.4962 ], [ -15.3049, 13.4553 ], [ -15.3405, 13.4408 ], [ -15.3844, 13.4435 ], [ -15.419, 13.4546 ], [ -15.4294, 13.4647 ], [ -15.4388, 13.4786 ], [ -15.451, 13.4909 ], [ -15.4701, 13.4962 ], [ -15.4896, 13.4899 ], [ -15.5004, 13.4882 ], [ -15.5108, 13.4928 ], [ -15.531, 13.5058 ], [ -15.5436, 13.5097 ], [ -15.5554, 13.5092 ], [ -15.5652, 13.5025 ], [ -15.581, 13.4782 ], [ -15.5896, 13.4683 ], [ -15.6008, 13.4604 ], [ -15.6105, 13.4564 ], [ -15.621, 13.4549 ], [ -15.635, 13.4546 ], [ -15.6447, 13.4579 ], [ -15.6588, 13.4725 ], [ -15.6688, 13.4757 ], [ -15.6782, 13.473 ], [ -15.7063, 13.4546 ], [ -15.7646, 13.437 ], [ -15.7851, 13.4348 ], [ -15.8496, 13.4423 ], [ -15.8712, 13.4408 ], [ -15.8838, 13.4304 ], [ -15.8913, 13.4272 ], [ -15.9007, 13.4255 ], [ -15.9223, 13.4272 ], [ -15.9414, 13.4254 ], [ -15.995, 13.4131 ], [ -16.135, 13.4205 ], [ -16.1516, 13.4269 ], [ -16.1613, 13.4287 ], [ -16.1656, 13.4238 ], [ -16.1685, 13.4134 ], [ -16.1761, 13.4055 ], [ -16.2164, 13.3727 ], [ -16.2243, 13.3603 ], [ -16.2276, 13.3419 ], [ -16.2272, 13.3336 ], [ -16.2222, 13.3198 ], [ -16.2106, 13.3133 ], [ -16.2034, 13.2649 ], [ -16.1991, 13.2591 ], [ -16.1818, 13.2737 ], [ -16.1725, 13.2793 ], [ -16.1624, 13.2827 ], [ -16.1512, 13.2838 ], [ -16.1512, 13.2764 ], [ -16.1854, 13.2582 ], [ -16.2096, 13.2512 ], [ -16.2276, 13.2559 ], [ -16.2301, 13.2737 ], [ -16.2258, 13.2966 ], [ -16.2301, 13.3163 ], [ -16.2578, 13.3249 ], [ -16.278, 13.3195 ], [ -16.3147, 13.2956 ], [ -16.3334, 13.2901 ], [ -16.3496, 13.2821 ], [ -16.3633, 13.2682 ], [ -16.3748, 13.2638 ], [ -16.3845, 13.2838 ], [ -16.3968, 13.2778 ], [ -16.4104, 13.2758 ], [ -16.44, 13.2764 ], [ -16.44, 13.2695 ], [ -16.4259, 13.2707 ], [ -16.4151, 13.2671 ], [ -16.4083, 13.2588 ], [ -16.4058, 13.2461 ], [ -16.3838, 13.2252 ], [ -16.3777, 13.215 ], [ -16.391, 13.2247 ], [ -16.3996, 13.2243 ], [ -16.4194, 13.2081 ], [ -16.4133, 13.222 ], [ -16.414, 13.2399 ], [ -16.4198, 13.2555 ], [ -16.4295, 13.2622 ], [ -16.4497, 13.2641 ], [ -16.4601, 13.2688 ], [ -16.4677, 13.2758 ], [ -16.481, 13.2838 ], [ -16.495, 13.2878 ], [ -16.5458, 13.2901 ], [ -16.5537, 13.2959 ], [ -16.5908, 13.3385 ], [ -16.5883, 13.3552 ], [ -16.5955, 13.385 ], [ -16.6088, 13.4138 ], [ -16.6243, 13.4272 ], [ -16.6128, 13.4391 ], [ -16.5962, 13.4403 ], [ -16.5854, 13.4434 ], [ -16.5908, 13.4614 ], [ -16.6012, 13.4722 ], [ -16.6167, 13.4782 ], [ -16.6347, 13.4773 ], [ -16.6524, 13.4683 ], [ -16.6711, 13.4786 ], [ -16.6768, 13.4859 ], [ -16.679, 13.4962 ], [ -16.7046, 13.4755 ], [ -16.7629, 13.4049 ], [ -16.7744, 13.3962 ], [ -16.7874, 13.3892 ], [ -16.7996, 13.3863 ], [ -16.81, 13.3799 ], [ -16.8208, 13.3491 ], [ -16.8298, 13.3385 ], [ -16.8205, 13.3158 ], [ -16.8165, 13.3106 ], [ -16.8244, 13.2946 ], [ -16.8201, 13.2813 ], [ -16.8028, 13.2622 ], [ -16.7974, 13.2489 ], [ -16.7949, 13.2359 ], [ -16.7974, 13.1891 ], [ -16.7967, 13.1772 ], [ -16.7773, 13.1279 ], [ -16.7755, 13.1127 ], [ -16.7866, 13.0901 ], [ -16.7845, 13.0829 ], [ -16.769, 13.0778 ], [ -16.7535, 13.065 ] ] ] } },
{ "type": "Feature", "properties": { "z": "Ghana", "ISO_A3": "GHA", "c": "Ghana" }, "geometry": { "type": "Polygon", "coordinates": [ [ [ -0.1661, 11.135 ], [ -0.3019, 11.163 ], [ -0.3044, 11.1468 ], [ -0.2983, 11.1284 ], [ -0.3062, 11.1135 ], [ -0.3188, 11.1013 ], [ -0.3688, 11.0653 ], [ -0.3868, 11.0864 ], [ -0.4059, 11.1015 ], [ -0.4253, 11.1015 ], [ -0.4444, 11.0774 ], [ -0.4491, 11.0628 ], [ -0.4513, 11.0402 ], [ -0.4567, 11.0296 ], [ -0.4685, 11.0202 ], [ -0.4948, 11.0079 ], [ -0.5042, 10.9961 ], [ -0.5128, 10.9897 ], [ -0.5164, 10.9887 ], [ -0.5553, 10.99 ], [ -0.5762, 10.9877 ], [ -0.5906, 10.9824 ], [ -0.5999, 10.9658 ], [ -0.6071, 10.9412 ], [ -0.6172, 10.9186 ], [ -0.6349, 10.908 ], [ -0.6827, 10.9536 ], [ -0.6799, 10.9605 ], [ -0.6723, 10.9685 ], [ -0.668, 10.9765 ], [ -0.6741, 10.9836 ], [ -0.6831, 10.9844 ], [ -0.6903, 10.9818 ], [ -0.6946, 10.9827 ], [ -0.6961, 10.994 ], [ -0.817, 10.9961 ], [ -0.8221, 11.0036 ], [ -0.8278, 11.0059 ], [ -0.8336, 11.0034 ], [ -0.8393, 10.9964 ], [ -0.8609, 10.993 ], [ -0.8833, 10.9687 ], [ -0.9005, 10.9662 ], [ -0.8941, 10.98 ], [ -0.9045, 10.9795 ], [ -0.9095, 10.9827 ], [ -0.9164, 10.9961 ], [ -0.9239, 11.0014 ], [ -0.9326, 11.0032 ], [ -1.0705, 11.0139 ], [ -1.0985, 11.0096 ], [ -1.1075, 10.9943 ], [ -1.3552, 10.9967 ], [ -1.3804, 11.0013 ], [ -1.4362, 11.0228 ], [ -1.5626, 11.0266 ], [ -1.5799, 11.0212 ], [ -1.5871, 11.0037 ], [ -1.5986, 10.9971 ], [ -2.7506, 10.9858 ], [ -2.7509, 10.9964 ], [ -2.8373, 10.998 ], [ -2.8359, 10.9923 ], [ -2.8388, 10.9851 ], [ -2.8327, 10.9661 ], [ -2.8219, 10.9483 ], [ -2.8157, 10.9292 ], [ -2.8215, 10.9063 ], [ -2.8348, 10.8917 ], [ -2.8507, 10.8795 ], [ -2.8643, 10.8643 ], [ -2.8715, 10.8435 ], [ -2.8827, 10.7971 ], [ -2.8996, 10.77 ], [ -2.9032, 10.7471 ], [ -2.9086, 10.7377 ], [ -2.9194, 10.7272 ], [ -2.9223, 10.7212 ], [ -2.9191, 10.7066 ], [ -2.9079, 10.7036 ], [ -2.905, 10.6992 ], [ -2.905, 10.6928 ], [ -2.9101, 10.6845 ], [ -2.9162, 10.6681 ], [ -2.9295, 10.6442 ], [ -2.9324, 10.6344 ], [ -2.9284, 10.6152 ], [ -2.8982, 10.5627 ], [ -2.8917, 10.5216 ], [ -2.8705, 10.4978 ], [ -2.8672, 10.4782 ], [ -2.8597, 10.4657 ], [ -2.8244, 10.435 ], [ -2.8121, 10.4289 ], [ -2.7959, 10.4262 ], [ -2.7715, 10.4254 ], [ -2.7675, 10.4211 ], [ -2.7718, 10.4118 ], [ -2.7812, 10.4024 ], [ -2.792, 10.3981 ], [ -2.8049, 10.3971 ], [ -2.8147, 10.3937 ], [ -2.8222, 10.3877 ], [ -2.8294, 10.3784 ], [ -2.8363, 10.3636 ], [ -2.8413, 10.3433 ], [ -2.8413, 10.3223 ], [ -2.833, 10.3059 ], [ -2.8244, 10.3022 ], [ -2.8057, 10.2991 ], [ -2.8021, 10.2923 ], [ -2.7995, 10.2809 ], [ -2.7931, 10.2786 ], [ -2.7844, 10.2788 ], [ -2.7747, 10.2753 ], [ -2.7585, 10.2662 ], [ -2.7549, 10.2609 ], [ -2.7545, 10.248 ], [ -2.7578, 10.2347 ], [ -2.765, 10.2258 ], [ -2.7855, 10.2101 ], [ -2.7985, 10.1896 ], [ -2.7988, 10.1696 ], [ -2.7884, 10.1245 ], [ -2.7884, 10.0388 ], [ -2.7837, 10.0186 ], [ -2.761, 9.9848 ], [ -2.7545, 9.9668 ], [ -2.7556, 9.9412 ], [ -2.765, 9.8958 ], [ -2.7607, 9.8706 ], [ -2.7369, 9.8325 ], [ -2.734, 9.8228 ], [ -2.7401, 9.8127 ], [ -2.7747, 9.7743 ], [ -2.7916, 9.741 ], [ -2.7952, 9.7201 ], [ -2.7884, 9.6993 ], [ -2.7805, 9.6903 ], [ -2.7693, 9.6899 ], [ -2.7607, 9.6856 ], [ -2.7556, 9.6776 ], [ -2.7509, 9.6592 ], [ -2.7401, 9.6508 ], [ -2.7531, 9.6399 ], [ -2.7614, 9.6253 ], [ -2.7664, 9.6089 ], [ -2.7679, 9.5928 ], [ -2.7664, 9.5765 ], [ -2.761, 9.5662 ], [ -2.7254, 9.5339 ], [ -2.6894, 9.4888 ], [ -2.6757, 9.4718 ], [ -2.6746, 9.4575 ], [ -2.6786, 9.4256 ], [ -2.6725, 9.4011 ], [ -2.6725, 9.374 ], [ -2.6775, 9.357 ], [ -2.7031, 9.3433 ], [ -2.7135, 9.33 ], [ -2.7149, 9.3111 ], [ -2.707, 9.2956 ], [ -2.693, 9.2853 ], [ -2.6753, 9.2816 ], [ -2.6599, 9.2729 ], [ -2.6613, 9.254 ], [ -2.6732, 9.2349 ], [ -2.7049, 9.2185 ], [ -2.7164, 9.2003 ], [ -2.734, 9.1648 ], [ -2.7553, 9.1432 ], [ -2.7592, 9.1349 ], [ -2.7614, 9.0848 ], [ -2.7653, 9.0691 ], [ -2.7747, 9.0551 ], [ -2.765, 9.0495 ], [ -2.7509, 9.0375 ], [ -2.7369, 9.0352 ], [ -2.7113, 9.0339 ], [ -2.6861, 9.0283 ], [ -2.6609, 9.015 ], [ -2.6545, 8.9988 ], [ -2.6534, 8.9783 ], [ -2.6375, 8.9316 ], [ -2.6318, 8.927 ], [ -2.6195, 8.9237 ], [ -2.617, 8.9151 ], [ -2.6159, 8.8978 ], [ -2.5954, 8.8281 ], [ -2.5965, 8.8143 ], [ -2.6073, 8.8086 ], [ -2.6145, 8.8019 ], [ -2.6174, 8.7892 ], [ -2.612, 8.781 ], [ -2.603, 8.7852 ], [ -2.5983, 8.7696 ], [ -2.5065, 8.2093 ], [ -2.5133, 8.194 ], [ -2.558, 8.1677 ], [ -2.5717, 8.1631 ], [ -2.5832, 8.1644 ], [ -2.5961, 8.1704 ], [ -2.6044, 8.1708 ], [ -2.6105, 8.1649 ], [ -2.6177, 8.1515 ], [ -2.6217, 8.1357 ], [ -2.6195, 8.1231 ], [ -2.6062, 8.0944 ], [ -2.5997, 8.0703 ], [ -2.6008, 8.053 ], [ -2.6105, 8.04 ], [ -2.6311, 8.0296 ], [ -2.6908, 8.0098 ], [ -2.7092, 7.9968 ], [ -2.7549, 7.9444 ], [ -2.7711, 7.9308 ], [ -2.7776, 7.9397 ], [ -2.7844, 7.944 ], [ -2.7905, 7.9433 ], [ -2.7934, 7.936 ], [ -2.7977, 7.8613 ], [ -2.8013, 7.8502 ], [ -2.8093, 7.8417 ], [ -2.8312, 7.8283 ], [ -2.8399, 7.8203 ], [ -2.8409, 7.8153 ], [ -2.8381, 7.7969 ], [ -2.8561, 7.7715 ], [ -2.9281, 7.6177 ], [ -2.9414, 7.5772 ], [ -2.9903, 7.2707 ], [ -2.9896, 7.2589 ], [ -2.9831, 7.245 ], [ -2.972, 7.2286 ], [ -2.9727, 7.215 ], [ -2.9817, 7.1955 ], [ -3.0274, 7.1384 ], [ -3.0325, 7.1284 ], [ -3.0407, 7.0783 ], [ -3.0458, 7.0713 ], [ -3.0955, 7.0551 ], [ -3.1095, 7.0464 ], [ -3.2251, 6.8495 ], [ -3.2416, 6.811 ], [ -3.2431, 6.7748 ], [ -3.2387, 6.7646 ], [ -3.2261, 6.7486 ], [ -3.2103, 6.716 ], [ -3.2301, 6.6612 ], [ -3.2355, 6.6546 ], [ -3.2539, 6.6444 ], [ -3.2611, 6.634 ], [ -3.2625, 6.6172 ], [ -3.1837, 6.2639 ], [ -3.1689, 6.246 ], [ -3.1394, 6.2193 ], [ -3.1181, 6.1635 ], [ -3.0879, 5.9967 ], [ -3.0731, 5.961 ], [ -3.0346, 5.8907 ], [ -3.0224, 5.8545 ], [ -3.0199, 5.8184 ], [ -3.0296, 5.7042 ], [ -2.9648, 5.7098 ], [ -2.9749, 5.6473 ], [ -2.9695, 5.6215 ], [ -2.9457, 5.6083 ], [ -2.9263, 5.6108 ], [ -2.8939, 5.6304 ], [ -2.8777, 5.6368 ], [ -2.8064, 5.6185 ], [ -2.7934, 5.6082 ], [ -2.7855, 5.595 ], [ -2.7819, 5.5789 ], [ -2.7794, 5.5265 ], [ -2.7617, 5.4549 ], [ -2.7344, 5.3912 ], [ -2.7301, 5.3732 ], [ -2.7326, 5.3558 ], [ -2.7427, 5.3432 ], [ -2.756, 5.3407 ], [ -2.7895, 5.3469 ], [ -2.7963, 5.2851 ], [ -2.7934, 5.2712 ], [ -2.7794, 5.2511 ], [ -2.7751, 5.2396 ], [ -2.7797, 5.2102 ], [ -2.7787, 5.2011 ], [ -2.7571, 5.1799 ], [ -2.7668, 5.1611 ], [ -2.7808, 5.151 ], [ -2.8039, 5.1475 ], [ -2.8438, 5.1491 ], [ -2.8654, 5.1394 ], [ -2.9011, 5.1337 ], [ -2.9291, 5.1221 ], [ -2.9263, 5.0946 ], [ -2.9576, 5.0827 ], [ -2.9709, 5.0809 ], [ -2.9763, 5.0847 ], [ -2.9885, 5.1023 ], [ -2.9947, 5.1082 ], [ -3.0163, 5.1145 ], [ -3.0875, 5.1151 ], [ -3.0991, 5.1133 ], [ -3.1153, 5.1079 ], [ -3.1196, 5.0914 ], [ -2.9651, 5.0454 ], [ -2.8208, 5.0202 ], [ -2.6905, 5.0103 ], [ -2.5259, 4.9545 ], [ -2.3567, 4.9197 ], [ -2.2527, 4.8792 ], [ -2.243, 4.8655 ], [ -2.2372, 4.8492 ], [ -2.2275, 4.8434 ], [ -2.2063, 4.8346 ], [ -2.1638, 4.8005 ], [ -2.1544, 4.7908 ], [ -2.1555, 4.7861 ], [ -2.144, 4.7851 ], [ -2.108, 4.7756 ], [ -2.1055, 4.7666 ], [ -2.1065, 4.7554 ], [ -2.104, 4.7451 ], [ -2.0965, 4.7385 ], [ -2.0907, 4.7371 ], [ -2.0637, 4.7383 ], [ -2.0504, 4.7437 ], [ -1.9813, 4.7524 ], [ -1.9672, 4.7581 ], [ -1.9521, 4.7725 ], [ -1.928, 4.8068 ], [ -1.9121, 4.821 ], [ -1.8355, 4.8552 ], [ -1.7667, 4.8748 ], [ -1.7487, 4.8772 ], [ -1.748, 4.8819 ], [ -1.7498, 4.8887 ], [ -1.7476, 4.896 ], [ -1.7188, 4.9277 ], [ -1.7066, 4.9369 ], [ -1.6382, 4.9707 ], [ -1.6339, 4.9745 ], [ -1.6277, 4.9817 ], [ -1.6256, 4.9896 ], [ -1.6324, 5.0046 ], [ -1.631, 5.0127 ], [ -1.6184, 5.0225 ], [ -1.6015, 5.0268 ], [ -1.5838, 5.0255 ], [ -1.5694, 5.0189 ], [ -1.5518, 5.0315 ], [ -1.5295, 5.0399 ], [ -1.4596, 5.0498 ], [ -1.4236, 5.0675 ], [ -1.4049, 5.0734 ], [ -1.3639, 5.0734 ], [ -1.3531, 5.0778 ], [ -1.33, 5.0916 ], [ -1.3192, 5.0946 ], [ -1.2541, 5.0966 ], [ -1.2335, 5.1007 ], [ -1.1939, 5.1186 ], [ -1.1738, 5.1307 ], [ -1.1648, 5.1392 ], [ -1.154, 5.154 ], [ -1.0499, 5.1988 ], [ -1.0337, 5.2029 ], [ -1.0172, 5.2045 ], [ -1.0049, 5.2147 ], [ -0.997, 5.2168 ], [ -0.9884, 5.1988 ], [ -0.9765, 5.1983 ], [ -0.9524, 5.2045 ], [ -0.9279, 5.2062 ], [ -0.9182, 5.2095 ], [ -0.9113, 5.2181 ], [ -0.8969, 5.2051 ], [ -0.8739, 5.2041 ], [ -0.7994, 5.2148 ], [ -0.7846, 5.2242 ], [ -0.7609, 5.2523 ], [ -0.7022, 5.3001 ], [ -0.6896, 5.3048 ], [ -0.6377, 5.3409 ], [ -0.6295, 5.3267 ], [ -0.6129, 5.332 ], [ -0.5895, 5.3516 ], [ -0.5773, 5.3516 ], [ -0.5074, 5.3689 ], [ -0.4714, 5.3908 ], [ -0.4581, 5.4047 ], [ -0.4527, 5.4202 ], [ -0.4451, 5.4315 ], [ -0.3717, 5.4927 ], [ -0.353, 5.5017 ], [ -0.308, 5.5075 ], [ -0.0934, 5.5767 ], [ -0.0772, 5.5781 ], [ -0.0686, 5.5813 ], [ -0.0452, 5.6016 ], [ 0.0344, 5.6284 ], [ 0.0506, 5.6448 ], [ 0.0617, 5.6629 ], [ 0.0758, 5.6776 ], [ 0.1147, 5.6888 ], [ 0.142, 5.7142 ], [ 0.1575, 5.7245 ], [ 0.2245, 5.7427 ], [ 0.2432, 5.7562 ], [ 0.2518, 5.7592 ], [ 0.2759, 5.7602 ], [ 0.281, 5.763 ], [ 0.286, 5.7689 ], [ 0.2983, 5.7738 ], [ 0.322, 5.7792 ], [ 0.3649, 5.7815 ], [ 0.7234, 5.7555 ], [ 0.9142, 5.7771 ], [ 0.9549, 5.7911 ], [ 0.9866, 5.8209 ], [ 0.9952, 5.8393 ], [ 1.0057, 5.8861 ], [ 1.0071, 5.9067 ], [ 1.0118, 5.9263 ], [ 1.0363, 5.9753 ], [ 1.0481, 5.9927 ], [ 1.0989, 6.0471 ], [ 1.1331, 6.0737 ], [ 1.1853, 6.1005 ], [ 1.1878, 6.1357 ], [ 1.1763, 6.1516 ], [ 1.0935, 6.161 ], [ 1.0798, 6.1679 ], [ 1.069, 6.1803 ], [ 1.0557, 6.2007 ], [ 1.0481, 6.2094 ], [ 1.033, 6.2165 ], [ 1.0251, 6.2224 ], [ 1.0096, 6.2444 ], [ 0.9837, 6.3246 ], [ 0.9074, 6.325 ], [ 0.8869, 6.3305 ], [ 0.8739, 6.3402 ], [ 0.8415, 6.3793 ], [ 0.8163, 6.3951 ], [ 0.767, 6.4193 ], [ 0.7457, 6.4409 ], [ 0.7299, 6.4651 ], [ 0.718, 6.4889 ], [ 0.7115, 6.5133 ], [ 0.7133, 6.54 ], [ 0.7198, 6.5527 ], [ 0.7267, 6.5621 ], [ 0.7274, 6.5714 ], [ 0.7148, 6.5839 ], [ 0.7054, 6.5858 ], [ 0.6683, 6.5859 ], [ 0.6593, 6.6018 ], [ 0.6323, 6.624 ], [ 0.6266, 6.6449 ], [ 0.6352, 6.6954 ], [ 0.6341, 6.7117 ], [ 0.6259, 6.7277 ], [ 0.6111, 6.7416 ], [ 0.5938, 6.7512 ], [ 0.5765, 6.7548 ], [ 0.5701, 6.7635 ], [ 0.5413, 6.8172 ], [ 0.5193, 6.8323 ], [ 0.5161, 6.8418 ], [ 0.5229, 6.8628 ], [ 0.5438, 6.898 ], [ 0.5463, 6.9148 ], [ 0.5344, 6.9359 ], [ 0.506, 6.9578 ], [ 0.4945, 6.9731 ], [ 0.5092, 6.9776 ], [ 0.524, 6.9787 ], [ 0.5661, 6.9897 ], [ 0.5791, 6.9968 ], [ 0.5981, 7.0312 ], [ 0.5989, 7.0748 ], [ 0.5942, 7.1197 ], [ 0.5978, 7.1589 ], [ 0.6219, 7.2189 ], [ 0.6313, 7.2652 ], [ 0.6446, 7.302 ], [ 0.6457, 7.3236 ], [ 0.6298, 7.3892 ], [ 0.623, 7.3979 ], [ 0.5863, 7.3844 ], [ 0.5665, 7.3809 ], [ 0.5481, 7.3833 ], [ 0.5168, 7.411 ], [ 0.5006, 7.4551 ], [ 0.4955, 7.5044 ], [ 0.4995, 7.5625 ], [ 0.5031, 7.5748 ], [ 0.5092, 7.5854 ], [ 0.5193, 7.5952 ], [ 0.5326, 7.6011 ], [ 0.5485, 7.6054 ], [ 0.5621, 7.6123 ], [ 0.5679, 7.6257 ], [ 0.5675, 7.6529 ], [ 0.5704, 7.684 ], [ 0.5834, 7.7043 ], [ 0.6122, 7.6994 ], [ 0.6097, 7.719 ], [ 0.6118, 7.7712 ], [ 0.6025, 7.8285 ], [ 0.6035, 7.8883 ], [ 0.5927, 7.9593 ], [ 0.5931, 8.0158 ], [ 0.5841, 8.053 ], [ 0.5801, 8.1001 ], [ 0.5751, 8.1246 ], [ 0.5798, 8.1317 ], [ 0.5877, 8.1377 ], [ 0.5931, 8.1506 ], [ 0.5917, 8.1645 ], [ 0.5769, 8.1805 ], [ 0.5726, 8.191 ], [ 0.574, 8.204 ], [ 0.5791, 8.2079 ], [ 0.5866, 8.2087 ], [ 0.5949, 8.2127 ], [ 0.6284, 8.2425 ], [ 0.6449, 8.2535 ], [ 0.6892, 8.2728 ], [ 0.7051, 8.2827 ], [ 0.7126, 8.298 ], [ 0.7087, 8.3226 ], [ 0.7051, 8.3261 ], [ 0.6932, 8.3279 ], [ 0.6892, 8.3314 ], [ 0.6871, 8.3723 ], [ 0.6849, 8.3826 ], [ 0.6467, 8.4142 ], [ 0.6338, 8.452 ], [ 0.6165, 8.4888 ], [ 0.5506, 8.5194 ], [ 0.5247, 8.538 ], [ 0.5006, 8.5602 ], [ 0.4837, 8.5798 ], [ 0.4433, 8.6068 ], [ 0.4037, 8.6621 ], [ 0.3746, 8.7248 ], [ 0.3659, 8.7743 ], [ 0.3728, 8.7837 ], [ 0.3854, 8.7862 ], [ 0.3973, 8.7816 ], [ 0.4077, 8.7591 ], [ 0.4181, 8.7706 ], [ 0.425, 8.7873 ], [ 0.4196, 8.7913 ], [ 0.43, 8.7947 ], [ 0.4624, 8.7883 ], [ 0.4736, 8.7936 ], [ 0.4772, 8.8068 ], [ 0.4786, 8.8224 ], [ 0.4837, 8.835 ], [ 0.5056, 8.8663 ], [ 0.493, 8.9152 ], [ 0.4448, 8.9965 ], [ 0.4311, 9.0276 ], [ 0.4415, 9.0582 ], [ 0.4585, 9.0893 ], [ 0.4639, 9.1215 ], [ 0.4635, 9.1371 ], [ 0.47, 9.1468 ], [ 0.4927, 9.1668 ], [ 0.5045, 9.1871 ], [ 0.5045, 9.2032 ], [ 0.4919, 9.2389 ], [ 0.493, 9.2587 ], [ 0.5009, 9.2683 ], [ 0.5125, 9.2747 ], [ 0.5225, 9.285 ], [ 0.5265, 9.2976 ], [ 0.5283, 9.327 ], [ 0.5377, 9.3776 ], [ 0.5315, 9.4011 ], [ 0.5132, 9.4168 ], [ 0.4829, 9.4278 ], [ 0.4894, 9.441 ], [ 0.4916, 9.4513 ], [ 0.4898, 9.4612 ], [ 0.4837, 9.4701 ], [ 0.4304, 9.4892 ], [ 0.4117, 9.4922 ], [ 0.3713, 9.4901 ], [ 0.349, 9.4861 ], [ 0.3339, 9.4795 ], [ 0.3289, 9.4716 ], [ 0.3256, 9.4513 ], [ 0.3217, 9.4429 ], [ 0.3141, 9.4364 ], [ 0.2684, 9.4207 ], [ 0.25, 9.417 ], [ 0.2313, 9.419 ], [ 0.227, 9.4324 ], [ 0.2349, 9.4437 ], [ 0.2281, 9.4598 ], [ 0.2281, 9.4739 ], [ 0.2698, 9.4824 ], [ 0.2853, 9.4884 ], [ 0.2983, 9.4971 ], [ 0.3019, 9.5074 ], [ 0.2932, 9.5183 ], [ 0.2792, 9.519 ], [ 0.2536, 9.5143 ], [ 0.2432, 9.5187 ], [ 0.2259, 9.5319 ], [ 0.2234, 9.5347 ], [ 0.223, 9.5412 ], [ 0.2277, 9.5694 ], [ 0.2302, 9.5758 ], [ 0.2806, 9.5702 ], [ 0.3044, 9.5715 ], [ 0.3224, 9.5831 ], [ 0.3361, 9.5742 ], [ 0.3548, 9.5711 ], [ 0.371, 9.5757 ], [ 0.3778, 9.5894 ], [ 0.3692, 9.6102 ], [ 0.3494, 9.6139 ], [ 0.3087, 9.6037 ], [ 0.2777, 9.607 ], [ 0.2615, 9.6279 ], [ 0.2608, 9.6572 ], [ 0.2752, 9.6856 ], [ 0.3019, 9.6578 ], [ 0.3188, 9.6487 ], [ 0.3368, 9.6508 ], [ 0.3472, 9.6631 ], [ 0.3497, 9.6807 ], [ 0.3476, 9.6989 ], [ 0.3429, 9.7136 ], [ 0.3292, 9.7314 ], [ 0.3238, 9.7421 ], [ 0.3224, 9.7607 ], [ 0.344, 9.8384 ], [ 0.3443, 9.8497 ], [ 0.3397, 9.8898 ], [ 0.3418, 9.9038 ], [ 0.3497, 9.919 ], [ 0.3695, 9.9389 ], [ 0.3703, 9.947 ], [ 0.3634, 9.9668 ], [ 0.3515, 9.9904 ], [ 0.3497, 9.9971 ], [ 0.3519, 10.0064 ], [ 0.3551, 10.0126 ], [ 0.3559, 10.019 ], [ 0.3497, 10.0289 ], [ 0.3674, 10.0322 ], [ 0.3829, 10.0296 ], [ 0.394, 10.0325 ], [ 0.398, 10.0521 ], [ 0.3951, 10.0724 ], [ 0.3872, 10.079 ], [ 0.376, 10.0816 ], [ 0.3634, 10.0897 ], [ 0.3537, 10.1155 ], [ 0.3587, 10.1863 ], [ 0.3573, 10.2201 ], [ 0.3645, 10.2334 ], [ 0.3674, 10.2498 ], [ 0.3721, 10.2652 ], [ 0.3965, 10.2832 ], [ 0.376, 10.2999 ], [ 0.3667, 10.3045 ], [ 0.3227, 10.2972 ], [ 0.3087, 10.2971 ], [ 0.3177, 10.3174 ], [ 0.3069, 10.3333 ], [ 0.29, 10.3484 ], [ 0.2788, 10.3666 ], [ 0.2835, 10.3858 ], [ 0.2831, 10.3968 ], [ 0.2734, 10.4065 ], [ 0.263, 10.409 ], [ 0.2446, 10.4015 ], [ 0.2331, 10.3987 ], [ 0.2237, 10.4 ], [ 0.1971, 10.4103 ], [ 0.1874, 10.395 ], [ 0.1798, 10.3942 ], [ 0.1262, 10.4916 ], [ 0.1103, 10.5083 ], [ 0.0574, 10.5411 ], [ 0.0491, 10.5509 ], [ 0.0373, 10.5731 ], [ 0.0293, 10.5826 ], [ 0.0203, 10.588 ], [ -0.011, 10.5983 ], [ -0.0333, 10.6151 ], [ -0.0682, 10.6211 ], [ -0.0794, 10.6262 ], [ -0.088, 10.6335 ], [ -0.0985, 10.6541 ], [ -0.0977, 10.675 ], [ -0.088, 10.7144 ], [ -0.083, 10.7562 ], [ -0.0751, 10.7736 ], [ -0.061, 10.7914 ], [ -0.0409, 10.8051 ], [ -0.0322, 10.8131 ], [ -0.0301, 10.8238 ], [ -0.0355, 10.8435 ], [ -0.0362, 10.8532 ], [ -0.0146, 10.9536 ], [ -0.0095, 10.9629 ], [ -0.0016, 10.9712 ], [ 0.0142, 10.9837 ], [ 0.0167, 10.9961 ], [ 0.0193, 11.0316 ], [ 0.0164, 11.0625 ], [ 0.0013, 11.086 ], [ -0.0322, 11.0986 ], [ -0.0509, 11.0983 ], [ -0.0851, 11.0894 ], [ -0.1035, 11.0876 ], [ -0.1219, 11.0922 ], [ -0.142, 11.1033 ], [ -0.1586, 11.1185 ], [ -0.1661, 11.135 ] ] ] } },
{ "type": "Feature", "properties": { "z": "Guinea", "ISO_A3": "GIN", "c": "Guinea" }, "geometry": { "type": "Polygon", "coordinates": [ [ [ -13.3011, 9.0415 ], [ -13.2774, 9.0586 ], [ -13.2338, 9.0721 ], [ -13.2075, 9.0767 ], [ -13.1917, 9.0729 ], [ -13.1539, 9.0493 ], [ -13.1312, 9.0415 ], [ -13.1161, 9.044 ], [ -13.0855, 9.0661 ], [ -13.047, 9.0845 ], [ -13.029, 9.096 ], [ -13.0153, 9.1127 ], [ -13.002, 9.1442 ], [ -12.9843, 9.1723 ], [ -12.9786, 9.1753 ], [ -12.9591, 9.1778 ], [ -12.9602, 9.1861 ], [ -12.9739, 9.2029 ], [ -12.9782, 9.2129 ], [ -12.9739, 9.2417 ], [ -12.958, 9.2724 ], [ -12.9372, 9.287 ], [ -12.9174, 9.267 ], [ -12.8958, 9.2786 ], [ -12.876, 9.2799 ], [ -12.8569, 9.2786 ], [ -12.836, 9.282 ], [ -12.8191, 9.2958 ], [ -12.7953, 9.3351 ], [ -12.778, 9.3438 ], [ -12.764, 9.3477 ], [ -12.7636, 9.3554 ], [ -12.7676, 9.3644 ], [ -12.768, 9.3723 ], [ -12.7597, 9.3829 ], [ -12.7374, 9.3972 ], [ -12.723, 9.3921 ], [ -12.7165, 9.4044 ], [ -12.706, 9.414 ], [ -12.7017, 9.4203 ], [ -12.6675, 9.5287 ], [ -12.6672, 9.5337 ], [ -12.6693, 9.5382 ], [ -12.6686, 9.5423 ], [ -12.6553, 9.5478 ], [ -12.6499, 9.5521 ], [ -12.6474, 9.5566 ], [ -12.6387, 9.5894 ], [ -12.6337, 9.5979 ], [ -12.6247, 9.6013 ], [ -12.6067, 9.6007 ], [ -12.6027, 9.6094 ], [ -12.6016, 9.6517 ], [ -12.5822, 9.6834 ], [ -12.5732, 9.6926 ], [ -12.5419, 9.7113 ], [ -12.5386, 9.7119 ], [ -12.5376, 9.7279 ], [ -12.5358, 9.7328 ], [ -12.5257, 9.7321 ], [ -12.5224, 9.7345 ], [ -12.5271, 9.7537 ], [ -12.5138, 9.8278 ], [ -12.5142, 9.8513 ], [ -12.5084, 9.8605 ], [ -12.4724, 9.8812 ], [ -12.427, 9.8977 ], [ -12.2769, 9.9293 ], [ -12.2535, 9.9284 ], [ -12.2355, 9.9168 ], [ -12.2175, 9.9005 ], [ -12.1938, 9.8861 ], [ -12.1747, 9.8792 ], [ -12.1585, 9.8756 ], [ -12.1412, 9.8749 ], [ -11.922, 9.9223 ], [ -11.9151, 9.9314 ], [ -11.9101, 9.9925 ], [ -11.2725, 9.996 ], [ -11.2473, 9.9934 ], [ -11.2135, 9.9834 ], [ -11.1994, 9.9822 ], [ -11.1886, 9.9726 ], [ -11.1811, 9.9503 ], [ -11.1678, 9.8845 ], [ -11.1602, 9.8728 ], [ -11.086, 9.8263 ], [ -11.045, 9.7872 ], [ -11.0101, 9.7428 ], [ -10.9863, 9.6977 ], [ -10.9744, 9.6638 ], [ -10.9687, 9.6542 ], [ -10.9467, 9.6448 ], [ -10.9402, 9.6396 ], [ -10.9359, 9.6319 ], [ -10.9291, 9.6057 ], [ -10.9215, 9.5959 ], [ -10.896, 9.5782 ], [ -10.8862, 9.5684 ], [ -10.883, 9.5602 ], [ -10.8776, 9.5327 ], [ -10.8708, 9.5234 ], [ -10.8603, 9.5186 ], [ -10.8528, 9.5121 ], [ -10.8538, 9.4978 ], [ -10.8592, 9.4731 ], [ -10.8549, 9.4553 ], [ -10.8441, 9.4403 ], [ -10.829, 9.424 ], [ -10.8135, 9.414 ], [ -10.8114, 9.4082 ], [ -10.8319, 9.3922 ], [ -10.8193, 9.3881 ], [ -10.8016, 9.3873 ], [ -10.7952, 9.3885 ], [ -10.7746, 9.3873 ], [ -10.7656, 9.3852 ], [ -10.7534, 9.3676 ], [ -10.7415, 9.357 ], [ -10.7178, 9.3434 ], [ -10.6753, 9.3065 ], [ -10.6738, 9.294 ], [ -10.6882, 9.2593 ], [ -10.6879, 9.2507 ], [ -10.6839, 9.2338 ], [ -10.6854, 9.2245 ], [ -10.6933, 9.2129 ], [ -10.7246, 9.1946 ], [ -10.7426, 9.1632 ], [ -10.7534, 9.1202 ], [ -10.7462, 9.0838 ], [ -10.7106, 9.0729 ], [ -10.6692, 9.0745 ], [ -10.6292, 9.0704 ], [ -10.6062, 9.0638 ], [ -10.5943, 9.0541 ], [ -10.5918, 9.039 ], [ -10.6072, 8.9799 ], [ -10.6119, 8.9451 ], [ -10.6101, 8.8723 ], [ -10.5993, 8.8341 ], [ -10.5997, 8.8154 ], [ -10.5964, 8.8112 ], [ -10.5864, 8.804 ], [ -10.5453, 8.7501 ], [ -10.5302, 8.7392 ], [ -10.5248, 8.7296 ], [ -10.482, 8.6725 ], [ -10.4895, 8.6511 ], [ -10.5032, 8.6316 ], [ -10.5223, 8.6186 ], [ -10.5453, 8.6167 ], [ -10.5655, 8.6129 ], [ -10.5846, 8.5968 ], [ -10.6004, 8.5756 ], [ -10.6166, 8.5466 ], [ -10.6317, 8.532 ], [ -10.6389, 8.52 ], [ -10.6411, 8.5067 ], [ -10.6411, 8.4948 ], [ -10.644, 8.4869 ], [ -10.6548, 8.4855 ], [ -10.6692, 8.3991 ], [ -10.6839, 8.3749 ], [ -10.7019, 8.3535 ], [ -10.725, 8.3199 ], [ -10.7354, 8.2873 ], [ -10.7152, 8.2697 ], [ -10.708, 8.3032 ], [ -10.6882, 8.3241 ], [ -10.6598, 8.3332 ], [ -10.6267, 8.3315 ], [ -10.6119, 8.3252 ], [ -10.5831, 8.3069 ], [ -10.5727, 8.3046 ], [ -10.5543, 8.3119 ], [ -10.5194, 8.3348 ], [ -10.4604, 8.3922 ], [ -10.4481, 8.4076 ], [ -10.4236, 8.4566 ], [ -10.4139, 8.4702 ], [ -10.4024, 8.4811 ], [ -10.3898, 8.4891 ], [ -10.3747, 8.4948 ], [ -10.3444, 8.4991 ], [ -10.3376, 8.4985 ], [ -10.3102, 8.4904 ], [ -10.2937, 8.4831 ], [ -10.2822, 8.4846 ], [ -10.2714, 8.4841 ], [ -10.2609, 8.4859 ], [ -10.2404, 8.4938 ], [ -10.2325, 8.477 ], [ -10.2156, 8.4866 ], [ -10.1817, 8.5195 ], [ -10.1648, 8.5247 ], [ -10.1479, 8.5243 ], [ -10.091, 8.5101 ], [ -10.0762, 8.5015 ], [ -10.0694, 8.4869 ], [ -10.0795, 8.44 ], [ -10.0752, 8.4267 ], [ -10.0618, 8.4222 ], [ -10.0402, 8.4257 ], [ -10.0003, 8.4493 ], [ -9.961, 8.4796 ], [ -9.9441, 8.4884 ], [ -9.9283, 8.4935 ], [ -9.9113, 8.4957 ], [ -9.8919, 8.4959 ], [ -9.8728, 8.5004 ], [ -9.8681, 8.4981 ], [ -9.8588, 8.4871 ], [ -9.8498, 8.4896 ], [ -9.8318, 8.4991 ], [ -9.8069, 8.5062 ], [ -9.8055, 8.5128 ], [ -9.8087, 8.5206 ], [ -9.8087, 8.5286 ], [ -9.7947, 8.5446 ], [ -9.79, 8.553 ], [ -9.7907, 8.5655 ], [ -9.7735, 8.5631 ], [ -9.763, 8.55 ], [ -9.7573, 8.5327 ], [ -9.7508, 8.4859 ], [ -9.7465, 8.468 ], [ -9.736, 8.4506 ], [ -9.722, 8.4357 ], [ -9.718, 8.4383 ], [ -9.718, 8.4527 ], [ -9.7155, 8.4733 ], [ -9.7033, 8.4874 ], [ -9.6835, 8.4871 ], [ -9.6637, 8.4779 ], [ -9.6507, 8.4649 ], [ -9.6449, 8.4434 ], [ -9.6532, 8.4315 ], [ -9.6665, 8.4224 ], [ -9.6759, 8.4096 ], [ -9.6773, 8.3916 ], [ -9.6683, 8.3888 ], [ -9.6532, 8.3922 ], [ -9.6194, 8.3928 ], [ -9.6122, 8.3963 ], [ -9.6003, 8.4109 ], [ -9.592, 8.4051 ], [ -9.5791, 8.3873 ], [ -9.529, 8.3663 ], [ -9.4991, 8.3435 ], [ -9.5222, 8.3306 ], [ -9.5395, 8.3146 ], [ -9.5301, 8.306 ], [ -9.5211, 8.2844 ], [ -9.5157, 8.2744 ], [ -9.5107, 8.2701 ], [ -9.5092, 8.2657 ], [ -9.5107, 8.2611 ], [ -9.5157, 8.2567 ], [ -9.5254, 8.2408 ], [ -9.5319, 8.2123 ], [ -9.5301, 8.1855 ], [ -9.5157, 8.175 ], [ -9.4912, 8.1699 ], [ -9.4815, 8.1648 ], [ -9.4783, 8.1528 ], [ -9.4779, 8.1413 ], [ -9.4599, 8.0688 ], [ -9.4617, 8.0585 ], [ -9.4729, 8.0404 ], [ -9.4743, 8.0288 ], [ -9.4621, 8.0434 ], [ -9.4516, 8.0517 ], [ -9.4408, 8.0506 ], [ -9.4293, 8.037 ], [ -9.4243, 8.0263 ], [ -9.4225, 8.0158 ], [ -9.4246, 8.0058 ], [ -9.4333, 7.9935 ], [ -9.4459, 7.9501 ], [ -9.4484, 7.9079 ], [ -9.4387, 7.8663 ], [ -9.4156, 7.8245 ], [ -9.3897, 7.7914 ], [ -9.3811, 7.7744 ], [ -9.3555, 7.7419 ], [ -9.3663, 7.7162 ], [ -9.3764, 7.6807 ], [ -9.3746, 7.6469 ], [ -9.3533, 7.6224 ], [ -9.3645, 7.6143 ], [ -9.3731, 7.6014 ], [ -9.3789, 7.5864 ], [ -9.3836, 7.5596 ], [ -9.3908, 7.5483 ], [ -9.4088, 7.5275 ], [ -9.4048, 7.5137 ], [ -9.4135, 7.4923 ], [ -9.4361, 7.4586 ], [ -9.4567, 7.4431 ], [ -9.4664, 7.4335 ], [ -9.4703, 7.4211 ], [ -9.4707, 7.4073 ], [ -9.4736, 7.3956 ], [ -9.4797, 7.3854 ], [ -9.4909, 7.3761 ], [ -9.4865, 7.3728 ], [ -9.4783, 7.377 ], [ -9.4491, 7.405 ], [ -9.4379, 7.4216 ], [ -9.4189, 7.3879 ], [ -9.4073, 7.3781 ], [ -9.3922, 7.3999 ], [ -9.3814, 7.405 ], [ -9.3793, 7.4159 ], [ -9.3753, 7.4193 ], [ -9.3494, 7.4216 ], [ -9.335, 7.4196 ], [ -9.3195, 7.4119 ], [ -9.3123, 7.4033 ], [ -9.3055, 7.3836 ], [ -9.2993, 7.3767 ], [ -9.2839, 7.3741 ], [ -9.2497, 7.3831 ], [ -9.2342, 7.3813 ], [ -9.2198, 7.361 ], [ -9.2061, 7.2984 ], [ -9.1816, 7.2757 ], [ -9.1532, 7.2755 ], [ -9.1474, 7.2714 ], [ -9.1471, 7.2541 ], [ -9.1391, 7.2479 ], [ -9.1197, 7.238 ], [ -9.1161, 7.2247 ], [ -9.1255, 7.1902 ], [ -9.1139, 7.2004 ], [ -9.0733, 7.2114 ], [ -9.0466, 7.2327 ], [ -9.0329, 7.2403 ], [ -9.0157, 7.2389 ], [ -9.0077, 7.2435 ], [ -8.9811, 7.2506 ], [ -8.9779, 7.2662 ], [ -8.9732, 7.2677 ], [ -8.9627, 7.2629 ], [ -8.9573, 7.2865 ], [ -8.9444, 7.2787 ], [ -8.9253, 7.2486 ], [ -8.9123, 7.2502 ], [ -8.8688, 7.2667 ], [ -8.858, 7.2731 ], [ -8.8515, 7.293 ], [ -8.8558, 7.3119 ], [ -8.8634, 7.3299 ], [ -8.8655, 7.3469 ], [ -8.8515, 7.3716 ], [ -8.8335, 7.3939 ], [ -8.8241, 7.3999 ], [ -8.8076, 7.4046 ], [ -8.7993, 7.4122 ], [ -8.7953, 7.4211 ], [ -8.7939, 7.4415 ], [ -8.7903, 7.4508 ], [ -8.7845, 7.4557 ], [ -8.7565, 7.4724 ], [ -8.7395, 7.4906 ], [ -8.7295, 7.5086 ], [ -8.7259, 7.5285 ], [ -8.7269, 7.5519 ], [ -8.7295, 7.5564 ], [ -8.7381, 7.5595 ], [ -8.7392, 7.5657 ], [ -8.7302, 7.5875 ], [ -8.7277, 7.622 ], [ -8.7208, 7.6427 ], [ -8.6945, 7.6745 ], [ -8.6866, 7.6944 ], [ -8.5675, 7.6882 ], [ -8.5729, 7.6508 ], [ -8.5664, 7.6234 ], [ -8.5477, 7.6008 ], [ -8.5156, 7.5772 ], [ -8.4854, 7.558 ], [ -8.44, 7.5999 ], [ -8.4148, 7.613 ], [ -8.3907, 7.5858 ], [ -8.3723, 7.5874 ], [ -8.3367, 7.5978 ], [ -8.3032, 7.5894 ], [ -8.2654, 7.56 ], [ -8.2291, 7.5443 ], [ -8.2003, 7.5763 ], [ -8.2028, 7.6072 ], [ -8.1977, 7.6186 ], [ -8.1779, 7.6439 ], [ -8.1621, 7.6542 ], [ -8.1581, 7.6583 ], [ -8.1574, 7.6623 ], [ -8.1603, 7.6722 ], [ -8.1596, 7.6764 ], [ -8.1275, 7.713 ], [ -8.1225, 7.7275 ], [ -8.1189, 7.7608 ], [ -8.1153, 7.777 ], [ -8.0984, 7.7919 ], [ -8.0962, 7.8019 ], [ -8.1013, 7.8129 ], [ -8.1236, 7.8321 ], [ -8.1311, 7.8424 ], [ -8.129, 7.8826 ], [ -8.0789, 7.9577 ], [ -8.0689, 7.9966 ], [ -8.0671, 8.0208 ], [ -8.0692, 8.0293 ], [ -8.0537, 8.0288 ], [ -8.012, 8.0356 ], [ -8.0023, 8.0324 ], [ -7.9925, 8.0241 ], [ -7.9803, 8.0165 ], [ -7.9627, 8.0152 ], [ -7.9681, 8.037 ], [ -7.9803, 8.059 ], [ -7.9972, 8.0774 ], [ -8.0156, 8.0885 ], [ -8.0213, 8.1027 ], [ -8.0217, 8.1177 ], [ -8.0156, 8.1482 ], [ -8.0023, 8.1744 ], [ -8.0033, 8.1841 ], [ -8.0156, 8.184 ], [ -8.0761, 8.1634 ], [ -8.0854, 8.1621 ], [ -8.183, 8.1917 ], [ -8.2661, 8.2461 ], [ -8.2647, 8.2565 ], [ -8.2481, 8.2736 ], [ -8.2453, 8.2851 ], [ -8.2478, 8.3039 ], [ -8.2478, 8.3226 ], [ -8.2352, 8.3796 ], [ -8.237, 8.4001 ], [ -8.242, 8.4128 ], [ -8.2543, 8.4345 ], [ -8.2543, 8.4466 ], [ -8.2489, 8.4536 ], [ -8.2003, 8.4918 ], [ -8.1862, 8.4936 ], [ -8.1506, 8.4865 ], [ -8.1301, 8.4886 ], [ -8.0969, 8.5017 ], [ -8.0768, 8.5032 ], [ -8.0681, 8.5005 ], [ -8.0573, 8.4909 ], [ -8.0505, 8.4876 ], [ -8.0249, 8.4886 ], [ -8.0156, 8.4872 ], [ -7.9861, 8.4949 ], [ -7.9706, 8.4969 ], [ -7.9562, 8.4944 ], [ -7.9439, 8.4846 ], [ -7.9317, 8.457 ], [ -7.9238, 8.4438 ], [ -7.913, 8.4343 ], [ -7.8986, 8.4262 ], [ -7.8824, 8.4215 ], [ -7.8655, 8.4209 ], [ -7.8485, 8.4287 ], [ -7.8467, 8.4427 ], [ -7.8493, 8.4592 ], [ -7.8457, 8.4743 ], [ -7.8237, 8.4779 ], [ -7.8025, 8.4493 ], [ -7.7711, 8.3866 ], [ -7.7485, 8.3723 ], [ -7.7207, 8.3686 ], [ -7.6624, 8.3749 ], [ -7.6833, 8.4174 ], [ -7.6894, 8.4387 ], [ -7.6865, 8.4626 ], [ -7.6793, 8.4878 ], [ -7.6793, 8.5051 ], [ -7.6916, 8.5467 ], [ -7.6941, 8.5678 ], [ -7.6916, 8.6061 ], [ -7.697, 8.6249 ], [ -7.7038, 8.6335 ], [ -7.7319, 8.6521 ], [ -7.7413, 8.6629 ], [ -7.765, 8.7062 ], [ -7.7722, 8.7146 ], [ -7.7909, 8.7309 ], [ -7.8035, 8.7491 ], [ -7.81, 8.7534 ], [ -7.8161, 8.7535 ], [ -7.8266, 8.7482 ], [ -7.8309, 8.7477 ], [ -7.891, 8.7657 ], [ -7.913, 8.7683 ], [ -7.9591, 8.782 ], [ -7.9688, 8.8129 ], [ -7.9508, 8.8995 ], [ -7.9465, 8.9486 ], [ -7.9414, 8.9722 ], [ -7.9321, 8.9965 ], [ -7.9166, 9.0124 ], [ -7.8269, 9.0578 ], [ -7.8079, 9.0601 ], [ -7.7881, 9.0601 ], [ -7.7643, 9.0636 ], [ -7.7467, 9.0765 ], [ -7.7593, 9.0917 ], [ -7.801, 9.1149 ], [ -7.8233, 9.132 ], [ -7.8341, 9.1431 ], [ -7.8478, 9.1685 ], [ -7.8561, 9.1703 ], [ -7.8662, 9.1661 ], [ -7.8788, 9.164 ], [ -7.9295, 9.1838 ], [ -7.9306, 9.2203 ], [ -7.895, 9.3072 ], [ -7.8917, 9.3302 ], [ -7.8655, 9.41 ], [ -7.8705, 9.4187 ], [ -7.9119, 9.4187 ], [ -7.9331, 9.4142 ], [ -7.9709, 9.3929 ], [ -7.9915, 9.3853 ], [ -8.0098, 9.3836 ], [ -8.0321, 9.3846 ], [ -8.0541, 9.3891 ], [ -8.0703, 9.3975 ], [ -8.0872, 9.4154 ], [ -8.1452, 9.4971 ], [ -8.1527, 9.5131 ], [ -8.1578, 9.5309 ], [ -8.161, 9.5536 ], [ -8.1617, 9.5757 ], [ -8.1236, 9.8449 ], [ -8.1283, 9.8663 ], [ -8.147, 9.8647 ], [ -8.1509, 9.8662 ], [ -8.1549, 9.8752 ], [ -8.152, 9.8788 ], [ -8.1473, 9.8802 ], [ -8.1455, 9.8825 ], [ -8.1495, 9.9054 ], [ -8.1531, 9.911 ], [ -8.1646, 9.9127 ], [ -8.1679, 9.9147 ], [ -8.1747, 9.933 ], [ -8.174, 9.9419 ], [ -8.1524, 9.95 ], [ -8.1401, 9.9598 ], [ -8.1362, 9.9695 ], [ -8.1488, 9.9739 ], [ -8.1585, 9.985 ], [ -8.1477, 10.01 ], [ -8.1275, 10.0372 ], [ -8.1088, 10.0542 ], [ -8.0577, 10.0731 ], [ -8.035, 10.0858 ], [ -8.0156, 10.1103 ], [ -8.0123, 10.1249 ], [ -8.0073, 10.1384 ], [ -7.9997, 10.1507 ], [ -7.9897, 10.162 ], [ -7.9681, 10.2101 ], [ -7.9627, 10.2332 ], [ -7.9645, 10.259 ], [ -7.9713, 10.2818 ], [ -7.9814, 10.3071 ], [ -7.9961, 10.3283 ], [ -8.0156, 10.3393 ], [ -8.0699, 10.3419 ], [ -8.0962, 10.3467 ], [ -8.1157, 10.3603 ], [ -8.1211, 10.3731 ], [ -8.1221, 10.3995 ], [ -8.1254, 10.4117 ], [ -8.1355, 10.4273 ], [ -8.1419, 10.4296 ], [ -8.1661, 10.4181 ], [ -8.1891, 10.4137 ], [ -8.2107, 10.4141 ], [ -8.2287, 10.4234 ], [ -8.2539, 10.4698 ], [ -8.2845, 10.5113 ], [ -8.2957, 10.5375 ], [ -8.3111, 10.7353 ], [ -8.3155, 10.7532 ], [ -8.3421, 10.7633 ], [ -8.3399, 10.7839 ], [ -8.3191, 10.8396 ], [ -8.3057, 10.8563 ], [ -8.3036, 10.8749 ], [ -8.305, 10.9783 ], [ -8.3111, 11.0009 ], [ -8.3266, 11.0239 ], [ -8.3471, 11.0431 ], [ -8.3695, 11.0542 ], [ -8.3813, 11.054 ], [ -8.4008, 11.0434 ], [ -8.4105, 11.0419 ], [ -8.4382, 11.0498 ], [ -8.4487, 11.0471 ], [ -8.4692, 11.0464 ], [ -8.489, 11.0528 ], [ -8.5059, 11.0528 ], [ -8.5315, 10.999 ], [ -8.5415, 10.9838 ], [ -8.5595, 10.9717 ], [ -8.5757, 10.9668 ], [ -8.5934, 10.9647 ], [ -8.6114, 10.9651 ], [ -8.6283, 10.9678 ], [ -8.6481, 10.9658 ], [ -8.6654, 10.9569 ], [ -8.6809, 10.9524 ], [ -8.6963, 10.9628 ], [ -8.7007, 10.9784 ], [ -8.6971, 10.996 ], [ -8.6888, 11.0126 ], [ -8.6798, 11.0252 ], [ -8.6337, 11.0713 ], [ -8.6233, 11.0913 ], [ -8.6225, 11.1026 ], [ -8.6251, 11.1122 ], [ -8.6247, 11.1221 ], [ -8.6153, 11.1341 ], [ -8.6071, 11.1371 ], [ -8.5869, 11.1375 ], [ -8.5783, 11.1421 ], [ -8.5696, 11.1579 ], [ -8.5639, 11.1935 ], [ -8.5516, 11.2108 ], [ -8.5156, 11.2291 ], [ -8.5023, 11.2311 ], [ -8.4987, 11.2336 ], [ -8.4969, 11.2407 ], [ -8.503, 11.2555 ], [ -8.4926, 11.2778 ], [ -8.4832, 11.2849 ], [ -8.4447, 11.2762 ], [ -8.4271, 11.2742 ], [ -8.4065, 11.2753 ], [ -8.3885, 11.2814 ], [ -8.3767, 11.2947 ], [ -8.3709, 11.3206 ], [ -8.3813, 11.3251 ], [ -8.3997, 11.3221 ], [ -8.4181, 11.3256 ], [ -8.426, 11.3405 ], [ -8.4141, 11.3535 ], [ -8.3932, 11.3631 ], [ -8.3752, 11.3676 ], [ -8.3975, 11.386 ], [ -8.4278, 11.4001 ], [ -8.4883, 11.4182 ], [ -8.5156, 11.419 ], [ -8.5275, 11.4235 ], [ -8.5354, 11.4381 ], [ -8.5441, 11.4777 ], [ -8.5495, 11.4901 ], [ -8.575, 11.4703 ], [ -8.602, 11.4721 ], [ -8.6567, 11.4964 ], [ -8.6679, 11.5109 ], [ -8.6791, 11.5298 ], [ -8.6873, 11.55 ], [ -8.6906, 11.568 ], [ -8.7129, 11.6401 ], [ -8.7266, 11.6494 ], [ -8.7403, 11.6461 ], [ -8.7565, 11.6388 ], [ -8.7773, 11.636 ], [ -8.7953, 11.642 ], [ -8.8115, 11.6517 ], [ -8.8285, 11.6592 ], [ -8.8472, 11.658 ], [ -8.7971, 11.9132 ], [ -8.7979, 11.925 ], [ -8.8101, 11.9445 ], [ -8.8148, 11.9554 ], [ -8.8166, 11.9769 ], [ -8.8155, 11.9957 ], [ -8.8198, 12.0126 ], [ -8.8378, 12.0282 ], [ -8.8587, 12.0318 ], [ -8.8817, 12.0292 ], [ -8.9037, 12.0304 ], [ -8.9221, 12.0454 ], [ -8.9264, 12.0643 ], [ -8.9221, 12.086 ], [ -8.9069, 12.1254 ], [ -8.9059, 12.1477 ], [ -8.9138, 12.1699 ], [ -8.9271, 12.1874 ], [ -8.9419, 12.1958 ], [ -8.9617, 12.1879 ], [ -8.9739, 12.1876 ], [ -8.9944, 12.2249 ], [ -8.9977, 12.2349 ], [ -8.9959, 12.2611 ], [ -8.9854, 12.2821 ], [ -8.9721, 12.302 ], [ -8.9631, 12.3242 ], [ -8.9649, 12.3462 ], [ -8.9761, 12.3687 ], [ -8.9937, 12.3876 ], [ -9.1474, 12.4656 ], [ -9.1895, 12.4793 ], [ -9.2659, 12.4952 ], [ -9.2788, 12.4945 ], [ -9.2939, 12.4837 ], [ -9.3083, 12.4889 ], [ -9.3217, 12.4966 ], [ -9.3343, 12.4963 ], [ -9.3508, 12.4846 ], [ -9.398, 12.4733 ], [ -9.4127, 12.4554 ], [ -9.4073, 12.4451 ], [ -9.3929, 12.4281 ], [ -9.3746, 12.4112 ], [ -9.3472, 12.3964 ], [ -9.3443, 12.389 ], [ -9.344, 12.3801 ], [ -9.3393, 12.3707 ], [ -9.3317, 12.3664 ], [ -9.3148, 12.3627 ], [ -9.3091, 12.3578 ], [ -9.3083, 12.3451 ], [ -9.313, 12.326 ], [ -9.3217, 12.3101 ], [ -9.335, 12.3066 ], [ -9.3317, 12.2828 ], [ -9.3368, 12.2698 ], [ -9.3602, 12.2466 ], [ -9.4214, 12.2571 ], [ -9.439, 12.2548 ], [ -9.4797, 12.2359 ], [ -9.4959, 12.2247 ], [ -9.5157, 12.2071 ], [ -9.628, 12.1702 ], [ -9.6601, 12.1499 ], [ -9.6752, 12.134 ], [ -9.6824, 12.1185 ], [ -9.6838, 12.1015 ], [ -9.6817, 12.0807 ], [ -9.6863, 12.0682 ], [ -9.6989, 12.051 ], [ -9.7231, 12.0254 ], [ -9.7785, 12.0267 ], [ -9.7965, 12.0324 ], [ -9.8069, 12.0384 ], [ -9.8231, 12.0508 ], [ -9.8336, 12.0551 ], [ -9.8609, 12.0518 ], [ -9.8707, 12.0521 ], [ -9.8887, 12.0606 ], [ -9.9232, 12.0876 ], [ -9.9416, 12.0928 ], [ -9.9617, 12.0961 ], [ -9.9963, 12.1141 ], [ -10.0154, 12.1198 ], [ -10.0276, 12.1257 ], [ -10.0482, 12.1414 ], [ -10.06, 12.1476 ], [ -10.0705, 12.1499 ], [ -10.087, 12.1506 ], [ -10.0971, 12.1537 ], [ -10.1187, 12.1702 ], [ -10.1288, 12.1745 ], [ -10.136, 12.1755 ], [ -10.1601, 12.1745 ], [ -10.1799, 12.1782 ], [ -10.2148, 12.1947 ], [ -10.248, 12.2011 ], [ -10.2591, 12.2138 ], [ -10.267, 12.2178 ], [ -10.3048, 12.2028 ], [ -10.311, 12.1911 ], [ -10.3135, 12.1911 ], [ -10.3164, 12.1969 ], [ -10.3236, 12.202 ], [ -10.33, 12.1904 ], [ -10.3394, 12.1855 ], [ -10.3484, 12.1848 ], [ -10.3542, 12.1809 ], [ -10.3534, 12.1665 ], [ -10.3682, 12.1715 ], [ -10.3815, 12.1802 ], [ -10.3945, 12.1716 ], [ -10.429, 12.1434 ], [ -10.4456, 12.1207 ], [ -10.4935, 12.1244 ], [ -10.5115, 12.1181 ], [ -10.5126, 12.1085 ], [ -10.5043, 12.0883 ], [ -10.5079, 12.0846 ], [ -10.5172, 12.0803 ], [ -10.5176, 12.0707 ], [ -10.5147, 12.0601 ], [ -10.5151, 12.0528 ], [ -10.5352, 12.0387 ], [ -10.5554, 12.0294 ], [ -10.5666, 12.0172 ], [ -10.5594, 11.9952 ], [ -10.5748, 11.9903 ], [ -10.5957, 11.9799 ], [ -10.6137, 11.9677 ], [ -10.6216, 11.9577 ], [ -10.6252, 11.9439 ], [ -10.6342, 11.9255 ], [ -10.645, 11.9083 ], [ -10.6551, 11.899 ], [ -10.6699, 11.892 ], [ -10.7113, 11.8904 ], [ -10.7404, 11.9199 ], [ -10.7811, 11.9962 ], [ -10.8078, 12.0228 ], [ -10.8124, 12.0334 ], [ -10.811, 12.0415 ], [ -10.8013, 12.0593 ], [ -10.7984, 12.0682 ], [ -10.8049, 12.0959 ], [ -10.8229, 12.1105 ], [ -10.8463, 12.1214 ], [ -10.8697, 12.1384 ], [ -10.9096, 12.2001 ], [ -10.9276, 12.213 ], [ -10.9521, 12.2194 ], [ -10.9719, 12.2186 ], [ -11.0155, 12.2044 ], [ -11.0389, 12.2052 ], [ -11.0522, 12.2025 ], [ -11.0598, 12.1924 ], [ -11.0727, 12.1494 ], [ -11.0842, 12.1366 ], [ -11.1166, 12.1137 ], [ -11.1364, 12.085 ], [ -11.1444, 12.0813 ], [ -11.1526, 12.0809 ], [ -11.1595, 12.0775 ], [ -11.1656, 12.0487 ], [ -11.1764, 12.0295 ], [ -11.1912, 12.0143 ], [ -11.207, 12.0102 ], [ -11.2232, 12.0093 ], [ -11.2556, 11.9962 ], [ -11.275, 11.9963 ], [ -11.2948, 12.003 ], [ -11.315, 12.0133 ], [ -11.3348, 12.0262 ], [ -11.3514, 12.0404 ], [ -11.3917, 12.0938 ], [ -11.4097, 12.1079 ], [ -11.4709, 12.1346 ], [ -11.4896, 12.1512 ], [ -11.508, 12.1917 ], [ -11.4918, 12.2208 ], [ -11.4633, 12.2499 ], [ -11.4446, 12.2895 ], [ -11.445, 12.3126 ], [ -11.4514, 12.3521 ], [ -11.4471, 12.3745 ], [ -11.4316, 12.383 ], [ -11.4075, 12.382 ], [ -11.3888, 12.3844 ], [ -11.3884, 12.4039 ], [ -11.4162, 12.405 ], [ -11.4817, 12.4282 ], [ -11.5155, 12.4316 ], [ -11.6016, 12.4252 ], [ -11.643, 12.4176 ], [ -11.72, 12.3894 ], [ -11.7578, 12.3833 ], [ -11.8395, 12.3867 ], [ -11.86, 12.3911 ], [ -11.9205, 12.416 ], [ -11.9241, 12.4188 ], [ -11.931, 12.4188 ], [ -11.9353, 12.417 ], [ -11.9464, 12.4095 ], [ -11.9842, 12.389 ], [ -11.9976, 12.3864 ], [ -12.0188, 12.3884 ], [ -12.0793, 12.4082 ], [ -12.1041, 12.4073 ], [ -12.1218, 12.3987 ], [ -12.1549, 12.369 ], [ -12.192, 12.3488 ], [ -12.3608, 12.3056 ], [ -12.377, 12.3137 ], [ -12.4054, 12.3565 ], [ -12.4234, 12.3691 ], [ -12.4666, 12.3844 ], [ -12.4879, 12.3894 ], [ -12.5052, 12.3903 ], [ -12.5221, 12.3869 ], [ -12.5415, 12.3794 ], [ -12.5707, 12.3637 ], [ -12.5793, 12.3611 ], [ -12.5937, 12.3615 ], [ -12.5973, 12.3654 ], [ -12.598, 12.3724 ], [ -12.6034, 12.382 ], [ -12.6315, 12.4126 ], [ -12.6481, 12.4258 ], [ -12.6675, 12.4336 ], [ -12.688, 12.4359 ], [ -12.7528, 12.4324 ], [ -12.7734, 12.4351 ], [ -12.7791, 12.4432 ], [ -12.7834, 12.4531 ], [ -12.7993, 12.4607 ], [ -12.8292, 12.4627 ], [ -12.8385, 12.4664 ], [ -12.8493, 12.4759 ], [ -12.8511, 12.4843 ], [ -12.8493, 12.495 ], [ -12.8742, 12.5164 ], [ -12.913, 12.5364 ], [ -12.9494, 12.536 ], [ -12.9663, 12.496 ], [ -12.9696, 12.4769 ], [ -12.9811, 12.467 ], [ -12.9973, 12.4658 ], [ -13.0153, 12.4727 ], [ -13.0347, 12.4706 ], [ -13.052, 12.4723 ], [ -13.0668, 12.4802 ], [ -13.0783, 12.4962 ], [ -13.0826, 12.5156 ], [ -13.079, 12.5321 ], [ -13.0642, 12.5662 ], [ -13.0603, 12.5833 ], [ -13.0592, 12.6035 ], [ -13.0635, 12.6223 ], [ -13.0765, 12.6359 ], [ -13.0916, 12.6381 ], [ -13.1089, 12.6354 ], [ -13.1272, 12.6349 ], [ -13.1452, 12.6439 ], [ -13.1546, 12.6328 ], [ -13.1625, 12.6381 ], [ -13.1694, 12.6387 ], [ -13.1852, 12.6377 ], [ -13.2018, 12.6334 ], [ -13.2064, 12.6357 ], [ -13.2162, 12.6457 ], [ -13.2216, 12.6483 ], [ -13.2291, 12.6479 ], [ -13.2547, 12.6419 ], [ -13.2633, 12.6432 ], [ -13.2756, 12.651 ], [ -13.2842, 12.6533 ], [ -13.3227, 12.6464 ], [ -13.3278, 12.6449 ], [ -13.3328, 12.6396 ], [ -13.3386, 12.6393 ], [ -13.3566, 12.6489 ], [ -13.4048, 12.6618 ], [ -13.7284, 12.6733 ], [ -13.7364, 12.6077 ], [ -13.7346, 12.5853 ], [ -13.7252, 12.5581 ], [ -13.6748, 12.496 ], [ -13.6633, 12.4757 ], [ -13.6608, 12.4587 ], [ -13.6644, 12.4415 ], [ -13.682, 12.4003 ], [ -13.6842, 12.392 ], [ -13.6852, 12.3791 ], [ -13.682, 12.3504 ], [ -13.6831, 12.3386 ], [ -13.691, 12.3193 ], [ -13.695, 12.293 ], [ -13.7119, 12.2675 ], [ -13.7407, 12.2569 ], [ -13.8087, 12.2561 ], [ -13.7958, 12.2788 ], [ -13.8127, 12.2835 ], [ -13.84, 12.2771 ], [ -13.8591, 12.2659 ], [ -13.8832, 12.2465 ], [ -13.9441, 12.2187 ], [ -13.9657, 12.1942 ], [ -13.9682, 12.1839 ], [ -13.9682, 12.1626 ], [ -13.9725, 12.1516 ], [ -13.965, 12.1479 ], [ -13.9387, 12.1443 ], [ -13.9185, 12.1377 ], [ -13.8994, 12.1263 ], [ -13.8796, 12.1077 ], [ -13.8696, 12.1008 ], [ -13.8426, 12.0913 ], [ -13.8379, 12.0855 ], [ -13.8354, 12.0777 ], [ -13.8296, 12.0682 ], [ -13.8076, 12.0443 ], [ -13.7958, 12.0362 ], [ -13.7796, 12.0294 ], [ -13.7443, 12.0239 ], [ -13.7349, 12.0192 ], [ -13.7241, 12.0028 ], [ -13.7227, 11.9839 ], [ -13.7313, 11.9434 ], [ -13.7346, 11.9019 ], [ -13.7194, 11.7841 ], [ -13.7194, 11.7661 ], [ -13.7248, 11.7231 ], [ -13.7299, 11.7098 ], [ -13.7457, 11.6982 ], [ -13.7698, 11.6886 ], [ -13.7958, 11.6841 ], [ -13.8159, 11.6868 ], [ -13.8217, 11.6942 ], [ -13.8195, 11.7017 ], [ -13.8202, 11.7081 ], [ -13.8346, 11.7121 ], [ -13.8429, 11.7173 ], [ -13.8462, 11.7373 ], [ -13.8552, 11.7434 ], [ -13.8699, 11.7437 ], [ -13.8732, 11.7383 ], [ -13.8685, 11.727 ], [ -13.8706, 11.7041 ], [ -13.8735, 11.6945 ], [ -13.8865, 11.6756 ], [ -13.9038, 11.6655 ], [ -13.9239, 11.665 ], [ -13.9455, 11.6756 ], [ -13.9963, 11.6438 ], [ -14.015, 11.6371 ], [ -14.0589, 11.644 ], [ -14.0748, 11.6437 ], [ -14.1046, 11.6385 ], [ -14.1187, 11.638 ], [ -14.1349, 11.6418 ], [ -14.1446, 11.6474 ], [ -14.1619, 11.661 ], [ -14.172, 11.6627 ], [ -14.195, 11.6597 ], [ -14.2789, 11.665 ], [ -14.2846, 11.6682 ], [ -14.2897, 11.6689 ], [ -14.3005, 11.6632 ], [ -14.3084, 11.6546 ], [ -14.3199, 11.6305 ], [ -14.3264, 11.6205 ], [ -14.3394, 11.6106 ], [ -14.5208, 11.5129 ], [ -14.5622, 11.5056 ], [ -14.6454, 11.515 ], [ -14.6868, 11.5108 ], [ -14.7112, 11.4976 ], [ -14.7289, 11.478 ], [ -14.8282, 11.3347 ], [ -14.8434, 11.2972 ], [ -14.8632, 11.2187 ], [ -14.9589, 11.0358 ], [ -14.9928, 10.9961 ], [ -15.0208, 10.9675 ], [ -15.0194, 10.9597 ], [ -15.0147, 10.9601 ], [ -15.0147, 10.9538 ], [ -15.0237, 10.9436 ], [ -15.0277, 10.9293 ], [ -15.032, 10.9255 ], [ -15.059, 10.916 ], [ -15.0745, 10.8968 ], [ -15.081, 10.8782 ], [ -15.0795, 10.8588 ], [ -15.0694, 10.8372 ], [ -15.0525, 10.8144 ], [ -15.0316, 10.7928 ], [ -15.014, 10.7826 ], [ -14.9776, 10.777 ], [ -14.9596, 10.7683 ], [ -14.946, 10.7928 ], [ -14.9503, 10.8038 ], [ -14.969, 10.8144 ], [ -14.9733, 10.8201 ], [ -14.9733, 10.8542 ], [ -14.9802, 10.8749 ], [ -14.978, 10.8779 ], [ -14.9733, 10.8788 ], [ -14.9686, 10.8779 ], [ -14.9665, 10.8749 ], [ -14.9582, 10.8762 ], [ -14.9398, 10.8891 ], [ -14.9208, 10.9077 ], [ -14.911, 10.9259 ], [ -14.9143, 10.9423 ], [ -14.9265, 10.9555 ], [ -14.9596, 10.9805 ], [ -14.9438, 10.9801 ], [ -14.9319, 10.9757 ], [ -14.911, 10.9601 ], [ -14.9042, 10.9755 ], [ -14.8988, 10.9933 ], [ -14.9013, 11.0116 ], [ -14.9186, 11.0289 ], [ -14.8945, 11.0302 ], [ -14.8747, 10.9732 ], [ -14.8434, 10.9675 ], [ -14.8156, 11.0047 ], [ -14.8106, 11.0145 ], [ -14.8012, 11.0119 ], [ -14.7955, 10.9997 ], [ -14.8012, 10.9805 ], [ -14.7847, 10.9811 ], [ -14.7793, 10.9833 ], [ -14.7746, 10.988 ], [ -14.757, 10.9813 ], [ -14.7415, 10.9891 ], [ -14.7307, 11.0059 ], [ -14.7267, 11.0258 ], [ -14.708, 11.0345 ], [ -14.695, 11.0385 ], [ -14.69, 11.0452 ], [ -14.6853, 11.0637 ], [ -14.6774, 11.0477 ], [ -14.6724, 11.0415 ], [ -14.6648, 11.0358 ], [ -14.6806, 11.0275 ], [ -14.6994, 11.0056 ], [ -14.7163, 11.001 ], [ -14.7206, 10.9946 ], [ -14.7249, 10.9805 ], [ -14.7318, 10.9665 ], [ -14.7436, 10.9601 ], [ -14.7598, 10.9585 ], [ -14.7786, 10.9541 ], [ -14.7962, 10.9476 ], [ -14.8088, 10.9396 ], [ -14.8167, 10.9272 ], [ -14.8196, 10.912 ], [ -14.8138, 10.9004 ], [ -14.7951, 10.8985 ], [ -14.8038, 10.8908 ], [ -14.8081, 10.8825 ], [ -14.8074, 10.8736 ], [ -14.8012, 10.8645 ], [ -14.8066, 10.8555 ], [ -14.8092, 10.8456 ], [ -14.8088, 10.8234 ], [ -14.8012, 10.8234 ], [ -14.7724, 10.8364 ], [ -14.7678, 10.8409 ], [ -14.7652, 10.8503 ], [ -14.7588, 10.8585 ], [ -14.7404, 10.8719 ], [ -14.7465, 10.8509 ], [ -14.7451, 10.844 ], [ -14.7462, 10.8311 ], [ -14.7541, 10.803 ], [ -14.7699, 10.7769 ], [ -14.7814, 10.7677 ], [ -14.7951, 10.7683 ], [ -14.793, 10.745 ], [ -14.7829, 10.7313 ], [ -14.7699, 10.7188 ], [ -14.7602, 10.6993 ], [ -14.7465, 10.7108 ], [ -14.7346, 10.7481 ], [ -14.7231, 10.7652 ], [ -14.6781, 10.7997 ], [ -14.6648, 10.8167 ], [ -14.6515, 10.81 ], [ -14.6612, 10.7928 ], [ -14.6886, 10.7719 ], [ -14.699, 10.7563 ], [ -14.7069, 10.7393 ], [ -14.7195, 10.6993 ], [ -14.7058, 10.6863 ], [ -14.6918, 10.6945 ], [ -14.6785, 10.693 ], [ -14.6893, 10.6889 ], [ -14.6983, 10.6819 ], [ -14.7037, 10.6709 ], [ -14.7058, 10.6553 ], [ -14.6997, 10.6431 ], [ -14.686, 10.6483 ], [ -14.658, 10.6727 ], [ -14.6299, 10.7065 ], [ -14.6158, 10.728 ], [ -14.6043, 10.7604 ], [ -14.5903, 10.7872 ], [ -14.5734, 10.8124 ], [ -14.555, 10.8276 ], [ -14.5215, 10.8509 ], [ -14.519, 10.8665 ], [ -14.5226, 10.8777 ], [ -14.5201, 10.8854 ], [ -14.5003, 10.8911 ], [ -14.514, 10.8719 ], [ -14.5082, 10.8585 ], [ -14.5096, 10.8424 ], [ -14.5176, 10.829 ], [ -14.5312, 10.8234 ], [ -14.5554, 10.7758 ], [ -14.5687, 10.731 ], [ -14.5723, 10.7262 ], [ -14.5806, 10.7221 ], [ -14.5881, 10.7144 ], [ -14.5903, 10.6993 ], [ -14.5964, 10.6993 ], [ -14.6072, 10.7054 ], [ -14.6151, 10.6913 ], [ -14.6274, 10.6355 ], [ -14.6288, 10.6172 ], [ -14.6205, 10.6043 ], [ -14.5964, 10.6037 ], [ -14.6115, 10.593 ], [ -14.6259, 10.5774 ], [ -14.6392, 10.5667 ], [ -14.6504, 10.5703 ], [ -14.6612, 10.5426 ], [ -14.6637, 10.5292 ], [ -14.6648, 10.5116 ], [ -14.6626, 10.4941 ], [ -14.658, 10.4795 ], [ -14.6511, 10.4751 ], [ -14.6443, 10.4877 ], [ -14.6374, 10.4877 ], [ -14.6292, 10.4762 ], [ -14.6137, 10.4734 ], [ -14.5964, 10.476 ], [ -14.5827, 10.4808 ], [ -14.5716, 10.4894 ], [ -14.5626, 10.4993 ], [ -14.5514, 10.5067 ], [ -14.5352, 10.5082 ], [ -14.5456, 10.495 ], [ -14.5507, 10.4721 ], [ -14.551, 10.4466 ], [ -14.5482, 10.4256 ], [ -14.5374, 10.4037 ], [ -14.4754, 10.3403 ], [ -14.4686, 10.3363 ], [ -14.4632, 10.33 ], [ -14.4585, 10.317 ], [ -14.4582, 10.3042 ], [ -14.4661, 10.272 ], [ -14.4657, 10.2497 ], [ -14.4625, 10.2252 ], [ -14.4524, 10.2146 ], [ -14.4319, 10.2344 ], [ -14.4186, 10.228 ], [ -14.4056, 10.2294 ], [ -14.3919, 10.2334 ], [ -14.3768, 10.2344 ], [ -14.3628, 10.2312 ], [ -14.3523, 10.2262 ], [ -14.2922, 10.1719 ], [ -14.2702, 10.1597 ], [ -14.2591, 10.1796 ], [ -14.2548, 10.1829 ], [ -14.2494, 10.1843 ], [ -14.244, 10.1823 ], [ -14.24, 10.1751 ], [ -14.2504, 10.1626 ], [ -14.2537, 10.1554 ], [ -14.2504, 10.1405 ], [ -14.2364, 10.1209 ], [ -14.2335, 10.114 ], [ -14.2224, 10.1062 ], [ -14.2, 10.1128 ], [ -14.1824, 10.1295 ], [ -14.1849, 10.152 ], [ -14.1687, 10.1527 ], [ -14.1532, 10.1564 ], [ -14.1417, 10.1646 ], [ -14.1378, 10.1792 ], [ -14.1237, 10.1626 ], [ -14.1381, 10.1445 ], [ -14.1626, 10.1266 ], [ -14.1788, 10.1103 ], [ -14.1799, 10.0903 ], [ -14.1705, 10.0708 ], [ -14.1532, 10.0557 ], [ -14.1302, 10.0489 ], [ -14.1133, 10.0511 ], [ -14.1007, 10.0584 ], [ -14.0924, 10.0685 ], [ -14.0895, 10.08 ], [ -14.0913, 10.1261 ], [ -14.0895, 10.1382 ], [ -14.0445, 10.1621 ], [ -14.0146, 10.1927 ], [ -13.9999, 10.1998 ], [ -14.0269, 10.154 ], [ -14.0438, 10.1332 ], [ -14.0654, 10.1246 ], [ -14.0683, 10.1182 ], [ -14.0568, 10.1066 ], [ -14.0416, 10.1013 ], [ -14.0341, 10.114 ], [ -14.0283, 10.1166 ], [ -14.0146, 10.1049 ], [ -14.001, 10.0883 ], [ -13.9938, 10.0761 ], [ -14.0204, 10.0944 ], [ -14.046, 10.0795 ], [ -14.0618, 10.0501 ], [ -14.0582, 10.0253 ], [ -14.0431, 10.0129 ], [ -14.0218, 10.0073 ], [ -14.0067, 10.0011 ], [ -13.9794, 9.9744 ], [ -13.9711, 9.9718 ], [ -13.9542, 9.9709 ], [ -13.9455, 9.9669 ], [ -13.9333, 9.9433 ], [ -13.9275, 9.936 ], [ -13.9005, 9.9191 ], [ -13.8861, 9.9123 ], [ -13.8692, 9.8962 ], [ -13.8429, 9.8607 ], [ -13.8278, 9.8554 ], [ -13.8098, 9.8516 ], [ -13.7886, 9.85 ], [ -13.7846, 9.8503 ], [ -13.7497, 9.8635 ], [ -13.7454, 9.8665 ], [ -13.7468, 9.8708 ], [ -13.7324, 9.8768 ], [ -13.7126, 9.9052 ], [ -13.7022, 9.9117 ], [ -13.6939, 9.9538 ], [ -13.6852, 9.9465 ], [ -13.682, 9.9135 ], [ -13.6982, 9.8808 ], [ -13.74, 9.8291 ], [ -13.7497, 9.7999 ], [ -13.7472, 9.7677 ], [ -13.7288, 9.7441 ], [ -13.6921, 9.7404 ], [ -13.6611, 9.7546 ], [ -13.6507, 9.777 ], [ -13.6539, 9.8052 ], [ -13.6647, 9.8367 ], [ -13.651, 9.8429 ], [ -13.6478, 9.8315 ], [ -13.6042, 9.7802 ], [ -13.5942, 9.7743 ], [ -13.5819, 9.7772 ], [ -13.561, 9.7882 ], [ -13.5664, 9.771 ], [ -13.5956, 9.755 ], [ -13.605, 9.7374 ], [ -13.6186, 9.7321 ], [ -13.6233, 9.7274 ], [ -13.6244, 9.7204 ], [ -13.623, 9.663 ], [ -13.6258, 9.6474 ], [ -13.641, 9.6238 ], [ -13.6528, 9.5971 ], [ -13.6734, 9.5738 ], [ -13.7058, 9.528 ], [ -13.7122, 9.5237 ], [ -13.7241, 9.5196 ], [ -13.7263, 9.5111 ], [ -13.7223, 9.5058 ], [ -13.7144, 9.5077 ], [ -13.7058, 9.5144 ], [ -13.678, 9.5227 ], [ -13.619, 9.5564 ], [ -13.5884, 9.5691 ], [ -13.5855, 9.5492 ], [ -13.5754, 9.5273 ], [ -13.5614, 9.509 ], [ -13.5474, 9.5003 ], [ -13.529, 9.5057 ], [ -13.5157, 9.5244 ], [ -13.4934, 9.5691 ], [ -13.4865, 9.5691 ], [ -13.4883, 9.5506 ], [ -13.4934, 9.5349 ], [ -13.5006, 9.5219 ], [ -13.5103, 9.5111 ], [ -13.5207, 9.4951 ], [ -13.5207, 9.4795 ], [ -13.5139, 9.4496 ], [ -13.4991, 9.4288 ], [ -13.4653, 9.4181 ], [ -13.4286, 9.4207 ], [ -13.4041, 9.4394 ], [ -13.3965, 9.4394 ], [ -13.4034, 9.4181 ], [ -13.4253, 9.3899 ], [ -13.4322, 9.371 ], [ -13.4307, 9.352 ], [ -13.4239, 9.333 ], [ -13.4142, 9.3172 ], [ -13.4041, 9.3085 ], [ -13.412, 9.2935 ], [ -13.4077, 9.287 ], [ -13.3976, 9.2839 ], [ -13.3746, 9.2729 ], [ -13.3681, 9.2822 ], [ -13.358, 9.3284 ], [ -13.353, 9.3388 ], [ -13.3458, 9.3431 ], [ -13.3224, 9.3454 ], [ -13.3141, 9.3496 ], [ -13.308, 9.3569 ], [ -13.3011, 9.3569 ], [ -13.304, 9.3378 ], [ -13.3011, 9.3159 ], [ -13.3188, 9.3295 ], [ -13.3252, 9.3111 ], [ -13.3252, 9.2813 ], [ -13.3224, 9.2613 ], [ -13.3101, 9.2538 ], [ -13.308, 9.2504 ], [ -13.3112, 9.2379 ], [ -13.3148, 9.2334 ], [ -13.3116, 9.2072 ], [ -13.3137, 9.198 ], [ -13.3224, 9.193 ], [ -13.3152, 9.1821 ], [ -13.3051, 9.1755 ], [ -13.2806, 9.1651 ], [ -13.2705, 9.194 ], [ -13.2644, 9.2205 ], [ -13.255, 9.2448 ], [ -13.2327, 9.2674 ], [ -13.2378, 9.2467 ], [ -13.2457, 9.2265 ], [ -13.2457, 9.2135 ], [ -13.2489, 9.2083 ], [ -13.2576, 9.2003 ], [ -13.2594, 9.1964 ], [ -13.2475, 9.186 ], [ -13.2187, 9.1833 ], [ -13.1578, 9.1856 ], [ -13.1578, 9.1793 ], [ -13.1762, 9.1737 ], [ -13.2082, 9.1801 ], [ -13.2259, 9.1793 ], [ -13.2432, 9.1698 ], [ -13.255, 9.1549 ], [ -13.2738, 9.124 ], [ -13.3011, 9.0961 ], [ -13.3022, 9.0925 ], [ -13.3008, 9.0847 ], [ -13.3044, 9.0831 ], [ -13.3224, 9.0831 ], [ -13.326, 9.0678 ], [ -13.3216, 9.0566 ], [ -13.3123, 9.0483 ], [ -13.3011, 9.0415 ] ] ] } },
{ "type": "Feature", "properties": { "z": "GuineaBissau", "ISO_A3": "GNB", "c": "GuineaBissau" }, "geometry": { "type": "MultiPolygon", "coordinates": [ [ [ [ -16.076, 11.0361 ], [ -16.094, 11.0354 ], [ -16.1116, 11.0366 ], [ -16.1322, 11.0289 ], [ -16.1365, 11.0458 ], [ -16.1322, 11.0637 ], [ -16.1383, 11.0637 ], [ -16.1512, 11.0425 ], [ -16.1451, 11.0289 ], [ -16.1577, 11.0326 ], [ -16.1656, 11.0425 ], [ -16.1883, 11.0396 ], [ -16.2132, 11.0555 ], [ -16.2348, 11.0806 ], [ -16.2481, 11.1046 ], [ -16.2351, 11.1179 ], [ -16.2186, 11.1295 ], [ -16.2016, 11.1357 ], [ -16.1865, 11.132 ], [ -16.2002, 11.1262 ], [ -16.2067, 11.1251 ], [ -16.2045, 11.1176 ], [ -16.1998, 11.1108 ], [ -16.1908, 11.1196 ], [ -16.1793, 11.1247 ], [ -16.1696, 11.1322 ], [ -16.1617, 11.1662 ], [ -16.1534, 11.1722 ], [ -16.1444, 11.1757 ], [ -16.1383, 11.1866 ], [ -16.1332, 11.1813 ], [ -16.1178, 11.1729 ], [ -16.1152, 11.1975 ], [ -16.1001, 11.2082 ], [ -16.08, 11.2062 ], [ -16.063, 11.1928 ], [ -16.0566, 11.1852 ], [ -16.0594, 11.1795 ], [ -16.0659, 11.1729 ], [ -16.0695, 11.1627 ], [ -16.0677, 11.1478 ], [ -16.0634, 11.1387 ], [ -16.049, 11.1184 ], [ -16.063, 11.1184 ], [ -16.063, 11.1108 ], [ -16.0533, 11.0916 ], [ -16.0623, 11.0584 ], [ -16.0555, 11.0495 ], [ -16.076, 11.0361 ] ] ], [ [ [ -16.0314, 11.1086 ], [ -16.0324, 11.1215 ], [ -16.022, 11.1388 ], [ -16.045, 11.1387 ], [ -16.0562, 11.1486 ], [ -16.0569, 11.1636 ], [ -16.049, 11.1792 ], [ -16.0346, 11.1905 ], [ -15.9813, 11.2071 ], [ -15.977, 11.1988 ], [ -15.9748, 11.1853 ], [ -15.9716, 11.1298 ], [ -15.9745, 11.1162 ], [ -15.9842, 11.1013 ], [ -16.0054, 11.0759 ], [ -16.017, 11.0687 ], [ -16.022, 11.0804 ], [ -16.0256, 11.0963 ], [ -16.0314, 11.1086 ] ] ], [ [ [ -16.261, 11.2616 ], [ -16.2625, 11.2786 ], [ -16.2488, 11.2944 ], [ -16.2294, 11.3041 ], [ -16.2139, 11.3027 ], [ -16.2067, 11.3101 ], [ -16.1977, 11.2984 ], [ -16.1862, 11.2972 ], [ -16.1732, 11.2991 ], [ -16.1588, 11.2965 ], [ -16.1545, 11.2892 ], [ -16.1516, 11.2762 ], [ -16.1512, 11.2556 ], [ -16.1631, 11.2507 ], [ -16.1728, 11.2446 ], [ -16.1772, 11.2351 ], [ -16.1728, 11.2208 ], [ -16.2384, 11.2152 ], [ -16.2513, 11.2177 ], [ -16.2783, 11.2304 ], [ -16.283, 11.2307 ], [ -16.2816, 11.2426 ], [ -16.278, 11.2524 ], [ -16.2711, 11.2592 ], [ -16.261, 11.2616 ] ] ], [ [ [ -16.2553, 11.4827 ], [ -16.2481, 11.4982 ], [ -16.2366, 11.508 ], [ -16.211, 11.5153 ], [ -16.1829, 11.5185 ], [ -16.1656, 11.5156 ], [ -16.1606, 11.5056 ], [ -16.1642, 11.496 ], [ -16.1998, 11.4604 ], [ -16.2085, 11.4446 ], [ -16.2139, 11.4405 ], [ -16.2225, 11.4401 ], [ -16.2549, 11.4472 ], [ -16.2758, 11.4471 ], [ -16.2877, 11.4488 ], [ -16.3021, 11.4535 ], [ -16.2902, 11.4615 ], [ -16.2718, 11.4708 ], [ -16.2553, 11.4827 ] ] ], [ [ [ -15.9385, 11.589 ], [ -15.9309, 11.5787 ], [ -15.9223, 11.578 ], [ -15.9183, 11.5913 ], [ -15.9061, 11.5784 ], [ -15.9093, 11.5517 ], [ -15.8982, 11.5428 ], [ -15.9104, 11.5226 ], [ -15.9133, 11.4983 ], [ -15.909, 11.4738 ], [ -15.8982, 11.4535 ], [ -15.918, 11.4466 ], [ -15.9439, 11.4322 ], [ -15.9658, 11.4268 ], [ -15.9738, 11.4472 ], [ -15.9813, 11.4472 ], [ -15.9874, 11.433 ], [ -16.0011, 11.4472 ], [ -16.0069, 11.4363 ], [ -16.0159, 11.4283 ], [ -16.026, 11.4229 ], [ -16.0353, 11.42 ], [ -16.0447, 11.433 ], [ -16.0792, 11.4569 ], [ -16.0836, 11.4678 ], [ -16.049, 11.4883 ], [ -16.0263, 11.5123 ], [ -16.022, 11.5122 ], [ -16.0191, 11.5288 ], [ -16.0116, 11.5503 ], [ -16.0015, 11.569 ], [ -15.991, 11.577 ], [ -15.9748, 11.5835 ], [ -15.9522, 11.6068 ], [ -15.9396, 11.6049 ], [ -15.9385, 11.589 ] ] ], [ [ [ -16.4004, 11.494 ], [ -16.4086, 11.4893 ], [ -16.4194, 11.4883 ], [ -16.4119, 11.5019 ], [ -16.4184, 11.5143 ], [ -16.4119, 11.5223 ], [ -16.4263, 11.5292 ], [ -16.3892, 11.5477 ], [ -16.3478, 11.5485 ], [ -16.31, 11.5534 ], [ -16.283, 11.5839 ], [ -16.2772, 11.5819 ], [ -16.2754, 11.577 ], [ -16.2679, 11.5769 ], [ -16.2538, 11.5802 ], [ -16.2481, 11.5839 ], [ -16.2427, 11.5779 ], [ -16.2412, 11.5703 ], [ -16.2445, 11.5521 ], [ -16.252, 11.5374 ], [ -16.2686, 11.5156 ], [ -16.2754, 11.4956 ], [ -16.2816, 11.4932 ], [ -16.292, 11.4932 ], [ -16.3068, 11.4867 ], [ -16.314, 11.4806 ], [ -16.337, 11.5019 ], [ -16.3914, 11.5019 ], [ -16.4004, 11.494 ] ] ], [ [ [ -16.0353, 11.893 ], [ -16.0389, 11.897 ], [ -16.0371, 11.8993 ], [ -16.0094, 11.9003 ], [ -15.995, 11.8991 ], [ -15.9856, 11.8874 ], [ -15.9892, 11.8615 ], [ -15.9968, 11.8492 ], [ -16.0069, 11.838 ], [ -16.0148, 11.824 ], [ -16.0234, 11.7852 ], [ -16.0296, 11.7692 ], [ -16.0414, 11.7552 ], [ -16.0515, 11.7622 ], [ -16.0634, 11.7608 ], [ -16.0746, 11.7565 ], [ -16.0836, 11.7552 ], [ -16.0962, 11.7629 ], [ -16.121, 11.7998 ], [ -16.1329, 11.8056 ], [ -16.1451, 11.8056 ], [ -16.1548, 11.8077 ], [ -16.1588, 11.8203 ], [ -16.1592, 11.8481 ], [ -16.161, 11.8612 ], [ -16.1656, 11.8712 ], [ -16.148, 11.8772 ], [ -16.1286, 11.8767 ], [ -16.0933, 11.8712 ], [ -16.08, 11.8732 ], [ -16.0652, 11.8784 ], [ -16.0353, 11.893 ] ] ], [ [ [ -15.8946, 11.0544 ], [ -15.9082, 11.0534 ], [ -15.9183, 11.0562 ], [ -15.9262, 11.0514 ], [ -15.9633, 11.0562 ], [ -15.972, 11.0498 ], [ -15.9781, 11.0481 ], [ -15.9813, 11.053 ], [ -15.981, 11.0663 ], [ -15.9777, 11.069 ], [ -15.9601, 11.0726 ], [ -15.932, 11.0856 ], [ -15.9259, 11.0905 ], [ -15.9306, 11.1016 ], [ -15.9417, 11.1053 ], [ -15.9518, 11.0999 ], [ -15.9532, 11.0836 ], [ -15.9669, 11.0979 ], [ -15.9579, 11.1126 ], [ -15.9536, 11.1245 ], [ -15.9532, 11.1518 ], [ -15.9586, 11.1743 ], [ -15.9572, 11.1872 ], [ -15.9464, 11.2002 ], [ -15.927, 11.1859 ], [ -15.9118, 11.1663 ], [ -15.9018, 11.1423 ], [ -15.8949, 11.0989 ], [ -15.8809, 11.0822 ], [ -15.8776, 11.0737 ], [ -15.8827, 11.0607 ], [ -15.8946, 11.0544 ] ] ], [ [ [ -15.6858, 11.248 ], [ -15.6858, 11.2411 ], [ -15.6987, 11.2208 ], [ -15.7063, 11.2145 ], [ -15.7146, 11.225 ], [ -15.7268, 11.2208 ], [ -15.7214, 11.2101 ], [ -15.7203, 11.1956 ], [ -15.7225, 11.18 ], [ -15.7268, 11.1662 ], [ -15.7344, 11.1792 ], [ -15.7426, 11.1779 ], [ -15.7542, 11.1792 ], [ -15.7639, 11.1679 ], [ -15.7732, 11.173 ], [ -15.7801, 11.1866 ], [ -15.7819, 11.2002 ], [ -15.7635, 11.2145 ], [ -15.7596, 11.2218 ], [ -15.775, 11.2275 ], [ -15.775, 11.2338 ], [ -15.7542, 11.2556 ], [ -15.7531, 11.2599 ], [ -15.7542, 11.2759 ], [ -15.7491, 11.2771 ], [ -15.7365, 11.2755 ], [ -15.7236, 11.299 ], [ -15.6994, 11.3058 ], [ -15.6739, 11.305 ], [ -15.6584, 11.3027 ], [ -15.6616, 11.2846 ], [ -15.6566, 11.2517 ], [ -15.6584, 11.2338 ], [ -15.6634, 11.2298 ], [ -15.6789, 11.2542 ], [ -15.6933, 11.2556 ], [ -15.6933, 11.248 ], [ -15.6858, 11.248 ] ] ], [ [ [ -15.8964, 11.2487 ], [ -15.8809, 11.2806 ], [ -15.8571, 11.3027 ], [ -15.8312, 11.303 ], [ -15.8258, 11.2927 ], [ -15.8366, 11.2556 ], [ -15.8377, 11.214 ], [ -15.8467, 11.2009 ], [ -15.8712, 11.2002 ], [ -15.896, 11.2182 ], [ -15.8964, 11.2487 ] ] ], [ [ [ -15.6577, 11.4579 ], [ -15.6796, 11.4405 ], [ -15.6858, 11.4535 ], [ -15.6933, 11.4535 ], [ -15.7048, 11.4426 ], [ -15.7207, 11.4426 ], [ -15.7351, 11.4498 ], [ -15.7405, 11.4604 ], [ -15.7354, 11.4694 ], [ -15.7272, 11.4704 ], [ -15.7138, 11.4678 ], [ -15.7005, 11.4834 ], [ -15.6933, 11.5019 ], [ -15.6858, 11.4944 ], [ -15.6652, 11.5088 ], [ -15.6602, 11.5047 ], [ -15.6602, 11.5019 ], [ -15.6652, 11.4944 ], [ -15.658, 11.4877 ], [ -15.6516, 11.4883 ], [ -15.6534, 11.4806 ], [ -15.6584, 11.474 ], [ -15.6526, 11.4661 ], [ -15.6577, 11.4579 ] ] ], [ [ [ -15.5032, 11.5651 ], [ -15.5122, 11.5714 ], [ -15.5212, 11.5703 ], [ -15.5227, 11.5674 ], [ -15.5425, 11.5497 ], [ -15.5475, 11.5485 ], [ -15.5698, 11.5497 ], [ -15.5698, 11.5428 ], [ -15.5482, 11.5351 ], [ -15.5522, 11.5195 ], [ -15.5662, 11.5105 ], [ -15.576, 11.5223 ], [ -15.5871, 11.5193 ], [ -15.6008, 11.5208 ], [ -15.617, 11.5258 ], [ -15.6217, 11.5225 ], [ -15.6303, 11.5291 ], [ -15.6328, 11.5382 ], [ -15.6206, 11.5428 ], [ -15.6073, 11.5501 ], [ -15.5983, 11.5651 ], [ -15.5857, 11.5776 ], [ -15.5623, 11.577 ], [ -15.5601, 11.5922 ], [ -15.5504, 11.6032 ], [ -15.5378, 11.6131 ], [ -15.5288, 11.6248 ], [ -15.5119, 11.6204 ], [ -15.4968, 11.625 ], [ -15.4838, 11.6311 ], [ -15.4734, 11.6323 ], [ -15.4741, 11.6187 ], [ -15.4849, 11.6071 ], [ -15.4878, 11.5946 ], [ -15.482, 11.5836 ], [ -15.4726, 11.5734 ], [ -15.4716, 11.5661 ], [ -15.491, 11.5634 ], [ -15.5032, 11.5651 ] ] ], [ [ [ -15.0939, 10.9425 ], [ -15.0871, 10.9493 ], [ -15.0694, 10.9601 ], [ -15.0547, 10.9825 ], [ -15.0482, 10.988 ], [ -15.0482, 10.9949 ], [ -15.0558, 10.9949 ], [ -15.0651, 10.9774 ], [ -15.0723, 10.9711 ], [ -15.0831, 10.9675 ], [ -15.095, 10.967 ], [ -15.1058, 10.9694 ], [ -15.1141, 10.9751 ], [ -15.1173, 10.9843 ], [ -15.0993, 11.0577 ], [ -15.0932, 11.0698 ], [ -15.0828, 11.0754 ], [ -15.0658, 11.1146 ], [ -15.0601, 11.1174 ], [ -15.0475, 11.1166 ], [ -15.0421, 11.1184 ], [ -15.0421, 11.1388 ], [ -15.0007, 11.1423 ], [ -15.0025, 11.1506 ], [ -15.0075, 11.1574 ], [ -15.0208, 11.1662 ], [ -15.0075, 11.18 ], [ -14.9996, 11.1989 ], [ -15.001, 11.2168 ], [ -15.0147, 11.2275 ], [ -15.0237, 11.2015 ], [ -15.0388, 11.1826 ], [ -15.0586, 11.1709 ], [ -15.0831, 11.1662 ], [ -15.0774, 11.1501 ], [ -15.082, 11.1403 ], [ -15.0918, 11.1381 ], [ -15.1029, 11.1457 ], [ -15.1098, 11.132 ], [ -15.1105, 11.1251 ], [ -15.1245, 11.132 ], [ -15.1252, 11.1128 ], [ -15.131, 11.1036 ], [ -15.1548, 11.087 ], [ -15.1663, 11.0724 ], [ -15.181, 11.0442 ], [ -15.207, 11.0096 ], [ -15.2178, 10.9991 ], [ -15.23, 10.9949 ], [ -15.243, 11.0004 ], [ -15.2584, 11.0136 ], [ -15.27, 11.0285 ], [ -15.271, 11.0392 ], [ -15.2602, 11.0471 ], [ -15.2304, 11.0618 ], [ -15.2196, 11.0698 ], [ -15.2145, 11.0814 ], [ -15.2066, 11.1251 ], [ -15.2174, 11.2094 ], [ -15.2066, 11.2338 ], [ -15.2293, 11.2304 ], [ -15.235, 11.2155 ], [ -15.2318, 11.1964 ], [ -15.2264, 11.1792 ], [ -15.225, 11.164 ], [ -15.226, 11.1398 ], [ -15.2336, 11.1225 ], [ -15.2595, 11.1327 ], [ -15.2948, 11.132 ], [ -15.3052, 11.1351 ], [ -15.3225, 11.1457 ], [ -15.3459, 11.1423 ], [ -15.3582, 11.1443 ], [ -15.3636, 11.1556 ], [ -15.3664, 11.1664 ], [ -15.3736, 11.1737 ], [ -15.3834, 11.1779 ], [ -15.3945, 11.1792 ], [ -15.4096, 11.1896 ], [ -15.4132, 11.2138 ], [ -15.4122, 11.2616 ], [ -15.4096, 11.2725 ], [ -15.41, 11.2792 ], [ -15.4154, 11.2822 ], [ -15.4251, 11.2834 ], [ -15.4262, 11.2865 ], [ -15.4251, 11.3034 ], [ -15.4201, 11.3166 ], [ -15.419, 11.3271 ], [ -15.414, 11.3365 ], [ -15.3888, 11.3699 ], [ -15.378, 11.3784 ], [ -15.3715, 11.377 ], [ -15.3513, 11.3676 ], [ -15.3398, 11.3654 ], [ -15.3297, 11.3685 ], [ -15.3157, 11.3821 ], [ -15.3056, 11.3853 ], [ -15.2955, 11.3908 ], [ -15.2836, 11.4041 ], [ -15.2732, 11.42 ], [ -15.2682, 11.433 ], [ -15.3232, 11.3891 ], [ -15.343, 11.3784 ], [ -15.3585, 11.3874 ], [ -15.3618, 11.3991 ], [ -15.3567, 11.4296 ], [ -15.351, 11.4393 ], [ -15.3391, 11.4518 ], [ -15.3312, 11.4627 ], [ -15.3362, 11.4678 ], [ -15.3535, 11.4634 ], [ -15.3664, 11.4508 ], [ -15.3751, 11.4338 ], [ -15.378, 11.4163 ], [ -15.3841, 11.4047 ], [ -15.3985, 11.3974 ], [ -15.415, 11.3918 ], [ -15.4262, 11.3853 ], [ -15.4356, 11.3695 ], [ -15.4406, 11.3562 ], [ -15.4496, 11.347 ], [ -15.4701, 11.3436 ], [ -15.4831, 11.3396 ], [ -15.4942, 11.3339 ], [ -15.5025, 11.3366 ], [ -15.5072, 11.3579 ], [ -15.4888, 11.4047 ], [ -15.4809, 11.4195 ], [ -15.4532, 11.4604 ], [ -15.4705, 11.4611 ], [ -15.4766, 11.468 ], [ -15.4762, 11.4796 ], [ -15.4734, 11.4944 ], [ -15.4658, 11.4897 ], [ -15.4568, 11.4891 ], [ -15.4478, 11.4932 ], [ -15.4388, 11.5019 ], [ -15.4381, 11.4956 ], [ -15.4323, 11.4808 ], [ -15.428, 11.494 ], [ -15.4208, 11.5053 ], [ -15.4125, 11.5077 ], [ -15.4053, 11.4944 ], [ -15.3978, 11.4944 ], [ -15.4014, 11.5133 ], [ -15.4122, 11.5292 ], [ -15.4064, 11.5309 ], [ -15.4053, 11.5361 ], [ -15.396, 11.5321 ], [ -15.3711, 11.5292 ], [ -15.3542, 11.5251 ], [ -15.3488, 11.5282 ], [ -15.3567, 11.5428 ], [ -15.3499, 11.5634 ], [ -15.343, 11.5634 ], [ -15.3351, 11.5524 ], [ -15.3211, 11.5543 ], [ -15.3096, 11.5538 ], [ -15.3088, 11.5361 ], [ -15.2898, 11.5428 ], [ -15.2905, 11.5564 ], [ -15.302, 11.5717 ], [ -15.3164, 11.5839 ], [ -15.3207, 11.5812 ], [ -15.3362, 11.577 ], [ -15.3362, 11.5839 ], [ -15.3146, 11.5913 ], [ -15.3042, 11.5969 ], [ -15.2948, 11.6049 ], [ -15.2872, 11.5925 ], [ -15.2746, 11.5782 ], [ -15.2584, 11.5703 ], [ -15.2401, 11.577 ], [ -15.2523, 11.5789 ], [ -15.253, 11.5855 ], [ -15.2509, 11.5949 ], [ -15.2538, 11.6049 ], [ -15.2617, 11.6088 ], [ -15.27, 11.6088 ], [ -15.2772, 11.6116 ], [ -15.2811, 11.6248 ], [ -15.248, 11.6165 ], [ -15.2401, 11.6118 ], [ -15.2264, 11.6187 ], [ -15.234, 11.5913 ], [ -15.2091, 11.574 ], [ -15.2016, 11.5754 ], [ -15.1922, 11.5913 ], [ -15.2127, 11.6218 ], [ -15.2102, 11.6285 ], [ -15.203, 11.6364 ], [ -15.1944, 11.6428 ], [ -15.1861, 11.6458 ], [ -15.1764, 11.639 ], [ -15.1659, 11.6344 ], [ -15.1548, 11.6323 ], [ -15.1483, 11.6288 ], [ -15.145, 11.6202 ], [ -15.144, 11.598 ], [ -15.1245, 11.6049 ], [ -15.131, 11.6187 ], [ -15.1159, 11.6178 ], [ -15.1054, 11.6122 ], [ -15.09, 11.5913 ], [ -15.1296, 11.5836 ], [ -15.144, 11.5839 ], [ -15.1371, 11.5747 ], [ -15.1332, 11.5721 ], [ -15.1245, 11.5703 ], [ -15.1288, 11.5544 ], [ -15.1234, 11.5455 ], [ -15.1148, 11.5464 ], [ -15.1051, 11.5729 ], [ -15.0932, 11.574 ], [ -15.0817, 11.5717 ], [ -15.0763, 11.5736 ], [ -15.0446, 11.5754 ], [ -15.0352, 11.577 ], [ -15.0237, 11.5827 ], [ -15.0158, 11.5892 ], [ -15.0108, 11.5983 ], [ -15.0072, 11.6118 ], [ -15.0392, 11.5991 ], [ -15.0727, 11.5955 ], [ -15.0799, 11.5979 ], [ -15.0831, 11.6084 ], [ -15.081, 11.6129 ], [ -15.0759, 11.6162 ], [ -15.0619, 11.6187 ], [ -15.0658, 11.6277 ], [ -15.0662, 11.633 ], [ -15.0619, 11.6458 ], [ -15.0734, 11.6486 ], [ -15.0824, 11.6433 ], [ -15.0882, 11.6325 ], [ -15.09, 11.6187 ], [ -15.1036, 11.634 ], [ -15.1123, 11.6387 ], [ -15.1245, 11.6385 ], [ -15.1245, 11.6458 ], [ -15.1177, 11.6499 ], [ -15.1029, 11.6665 ], [ -15.1029, 11.6732 ], [ -15.1105, 11.6868 ], [ -15.1173, 11.6868 ], [ -15.131, 11.6527 ], [ -15.1429, 11.6499 ], [ -15.158, 11.6583 ], [ -15.172, 11.6596 ], [ -15.1616, 11.6749 ], [ -15.1472, 11.6816 ], [ -15.1353, 11.6895 ], [ -15.131, 11.708 ], [ -15.1393, 11.6992 ], [ -15.1486, 11.6945 ], [ -15.158, 11.6948 ], [ -15.1656, 11.7011 ], [ -15.172, 11.7011 ], [ -15.1728, 11.6908 ], [ -15.1756, 11.6845 ], [ -15.1821, 11.6811 ], [ -15.1922, 11.68 ], [ -15.1893, 11.6655 ], [ -15.1965, 11.6616 ], [ -15.207, 11.6669 ], [ -15.2127, 11.68 ], [ -15.2282, 11.6586 ], [ -15.2365, 11.6643 ], [ -15.2314, 11.6813 ], [ -15.2066, 11.6936 ], [ -15.2156, 11.7001 ], [ -15.2192, 11.7081 ], [ -15.2181, 11.7175 ], [ -15.2127, 11.7278 ], [ -15.2066, 11.7278 ], [ -15.1983, 11.7238 ], [ -15.1861, 11.7217 ], [ -15.1904, 11.7354 ], [ -15.1994, 11.7446 ], [ -15.2196, 11.7552 ], [ -15.2264, 11.7552 ], [ -15.2293, 11.7389 ], [ -15.2415, 11.7121 ], [ -15.2401, 11.6936 ], [ -15.2505, 11.6895 ], [ -15.2595, 11.6768 ], [ -15.2682, 11.6732 ], [ -15.2743, 11.6766 ], [ -15.2714, 11.6859 ], [ -15.2613, 11.7011 ], [ -15.2728, 11.7062 ], [ -15.275, 11.7185 ], [ -15.2682, 11.7483 ], [ -15.2779, 11.7426 ], [ -15.284, 11.7341 ], [ -15.2876, 11.7234 ], [ -15.2887, 11.7111 ], [ -15.3135, 11.7105 ], [ -15.3225, 11.708 ], [ -15.3088, 11.7011 ], [ -15.3088, 11.6936 ], [ -15.2858, 11.6788 ], [ -15.2811, 11.6699 ], [ -15.2851, 11.6564 ], [ -15.2941, 11.6531 ], [ -15.3034, 11.6573 ], [ -15.3088, 11.6665 ], [ -15.3175, 11.6501 ], [ -15.3225, 11.6323 ], [ -15.3301, 11.6709 ], [ -15.3366, 11.6843 ], [ -15.3499, 11.68 ], [ -15.343, 11.6665 ], [ -15.3567, 11.6665 ], [ -15.3528, 11.6401 ], [ -15.3481, 11.6288 ], [ -15.3362, 11.6187 ], [ -15.343, 11.6049 ], [ -15.3582, 11.6155 ], [ -15.3715, 11.6297 ], [ -15.3916, 11.6596 ], [ -15.3945, 11.642 ], [ -15.3877, 11.6254 ], [ -15.3776, 11.6088 ], [ -15.3711, 11.5913 ], [ -15.3916, 11.598 ], [ -15.396, 11.5846 ], [ -15.4046, 11.5845 ], [ -15.4114, 11.5946 ], [ -15.4122, 11.6118 ], [ -15.419, 11.6118 ], [ -15.4258, 11.5925 ], [ -15.4262, 11.5703 ], [ -15.4388, 11.577 ], [ -15.4388, 11.5571 ], [ -15.4492, 11.5638 ], [ -15.4557, 11.5833 ], [ -15.469, 11.6058 ], [ -15.4647, 11.6136 ], [ -15.4532, 11.6218 ], [ -15.4482, 11.6368 ], [ -15.4377, 11.6523 ], [ -15.4284, 11.6705 ], [ -15.4262, 11.6936 ], [ -15.459, 11.663 ], [ -15.4762, 11.6544 ], [ -15.4939, 11.6665 ], [ -15.4892, 11.675 ], [ -15.4878, 11.708 ], [ -15.5007, 11.7085 ], [ -15.509, 11.7045 ], [ -15.5212, 11.6936 ], [ -15.5216, 11.6904 ], [ -15.5292, 11.6816 ], [ -15.5382, 11.6762 ], [ -15.5425, 11.6835 ], [ -15.5457, 11.7001 ], [ -15.5511, 11.7164 ], [ -15.5515, 11.7331 ], [ -15.5328, 11.7603 ], [ -15.5248, 11.7825 ], [ -15.518, 11.7927 ], [ -15.4802, 11.8303 ], [ -15.4694, 11.8378 ], [ -15.4633, 11.84 ], [ -15.4604, 11.8435 ], [ -15.4575, 11.8647 ], [ -15.4514, 11.8734 ], [ -15.4388, 11.8854 ], [ -15.4323, 11.8854 ], [ -15.4298, 11.879 ], [ -15.419, 11.8712 ], [ -15.415, 11.8805 ], [ -15.41, 11.8841 ], [ -15.4042, 11.8833 ], [ -15.3978, 11.8854 ], [ -15.3747, 11.8847 ], [ -15.3348, 11.874 ], [ -15.3128, 11.8712 ], [ -15.1893, 11.8712 ], [ -15.162, 11.893 ], [ -15.1357, 11.8991 ], [ -15.1191, 11.9135 ], [ -15.1058, 11.9292 ], [ -15.09, 11.9401 ], [ -15.0669, 11.9401 ], [ -15.063, 11.925 ], [ -15.0698, 11.9047 ], [ -15.0799, 11.8893 ], [ -15.0871, 11.8704 ], [ -15.0864, 11.8453 ], [ -15.0799, 11.8209 ], [ -15.0694, 11.8035 ], [ -15.05, 11.795 ], [ -15.0248, 11.7908 ], [ -15.0025, 11.7835 ], [ -14.9931, 11.7656 ], [ -14.9823, 11.7542 ], [ -14.9593, 11.7489 ], [ -14.9359, 11.753 ], [ -14.9254, 11.7695 ], [ -14.9514, 11.7606 ], [ -14.9694, 11.7765 ], [ -14.9834, 11.799 ], [ -14.9967, 11.8104 ], [ -15.0262, 11.8139 ], [ -15.0352, 11.8166 ], [ -15.0468, 11.8234 ], [ -15.0658, 11.8479 ], [ -15.0702, 11.8608 ], [ -15.0612, 11.8728 ], [ -15.0486, 11.8844 ], [ -15.0421, 11.896 ], [ -15.0237, 11.9449 ], [ -15.023, 11.9511 ], [ -15.0187, 11.9538 ], [ -15.0039, 11.9544 ], [ -14.9938, 11.9572 ], [ -14.9938, 11.9637 ], [ -15.0003, 11.9706 ], [ -15.0072, 11.9748 ], [ -15.0072, 11.9783 ], [ -15.0176, 11.9816 ], [ -15.0288, 11.9821 ], [ -15.0468, 11.9764 ], [ -15.0687, 11.9853 ], [ -15.0799, 11.988 ], [ -15.0939, 11.9837 ], [ -15.1249, 11.9654 ], [ -15.1407, 11.9611 ], [ -15.1494, 11.9545 ], [ -15.1778, 11.9235 ], [ -15.1922, 11.9135 ], [ -15.2152, 11.9096 ], [ -15.234, 11.9132 ], [ -15.2743, 11.9265 ], [ -15.3132, 11.9328 ], [ -15.3254, 11.9386 ], [ -15.3398, 11.9509 ], [ -15.3585, 11.9633 ], [ -15.3808, 11.9683 ], [ -15.4042, 11.9673 ], [ -15.4262, 11.9611 ], [ -15.45, 11.9429 ], [ -15.4564, 11.9401 ], [ -15.4892, 11.9406 ], [ -15.4975, 11.9371 ], [ -15.5288, 11.906 ], [ -15.5554, 11.893 ], [ -15.585, 11.8512 ], [ -15.5932, 11.8446 ], [ -15.6134, 11.839 ], [ -15.6577, 11.8127 ], [ -15.6796, 11.8035 ], [ -15.7441, 11.792 ], [ -15.7542, 11.7862 ], [ -15.7635, 11.7776 ], [ -15.8114, 11.7532 ], [ -15.8305, 11.7483 ], [ -15.81, 11.8296 ], [ -15.7916, 11.8632 ], [ -15.7671, 11.8647 ], [ -15.7542, 11.8586 ], [ -15.7344, 11.8581 ], [ -15.7344, 11.8649 ], [ -15.7531, 11.8661 ], [ -15.7765, 11.8857 ], [ -15.7956, 11.8854 ], [ -15.8118, 11.8737 ], [ -15.8157, 11.8565 ], [ -15.8179, 11.8376 ], [ -15.8503, 11.7754 ], [ -15.8604, 11.7695 ], [ -15.8802, 11.7744 ], [ -15.8841, 11.7871 ], [ -15.8776, 11.824 ], [ -15.8942, 11.8163 ], [ -15.8982, 11.8 ], [ -15.8989, 11.7802 ], [ -15.9054, 11.7619 ], [ -15.9338, 11.7509 ], [ -15.9532, 11.7363 ], [ -15.959, 11.7349 ], [ -15.963, 11.7393 ], [ -15.9669, 11.7483 ], [ -15.9694, 11.7682 ], [ -15.9637, 11.7882 ], [ -15.9464, 11.824 ], [ -15.932, 11.8795 ], [ -15.9259, 11.893 ], [ -15.9219, 11.8969 ], [ -15.9086, 11.9046 ], [ -15.9018, 11.906 ], [ -15.8978, 11.9096 ], [ -15.8913, 11.9339 ], [ -15.8654, 11.9723 ], [ -15.8571, 11.9811 ], [ -15.8431, 11.9894 ], [ -15.8218, 11.9979 ], [ -15.7995, 12.0033 ], [ -15.7819, 12.0029 ], [ -15.7765, 11.997 ], [ -15.7675, 11.9787 ], [ -15.7578, 11.9748 ], [ -15.738, 11.9737 ], [ -15.7207, 11.9674 ], [ -15.7174, 11.9816 ], [ -15.7102, 11.996 ], [ -15.7063, 12.0083 ], [ -15.7138, 12.0158 ], [ -15.729, 12.0029 ], [ -15.7426, 11.9949 ], [ -15.7614, 11.9953 ], [ -15.7675, 11.9993 ], [ -15.7743, 12.0109 ], [ -15.7819, 12.0158 ], [ -15.7909, 12.0184 ], [ -15.837, 12.0139 ], [ -15.8499, 12.0175 ], [ -15.8571, 12.0295 ], [ -15.864, 12.0295 ], [ -15.8712, 12.0131 ], [ -15.8895, 12.0026 ], [ -15.9126, 11.997 ], [ -15.9327, 11.9953 ], [ -15.9259, 11.9811 ], [ -15.9331, 11.9793 ], [ -15.9327, 11.9748 ], [ -15.9464, 11.9836 ], [ -15.9428, 11.9655 ], [ -15.9446, 11.9531 ], [ -15.9532, 11.9401 ], [ -15.968, 11.9271 ], [ -15.9817, 11.9213 ], [ -16.0555, 11.9202 ], [ -16.0854, 11.9079 ], [ -16.0933, 11.906 ], [ -16.0987, 11.9027 ], [ -16.1048, 11.8953 ], [ -16.1134, 11.8883 ], [ -16.1246, 11.8854 ], [ -16.1343, 11.8888 ], [ -16.1588, 11.9135 ], [ -16.1833, 11.9079 ], [ -16.2153, 11.9137 ], [ -16.243, 11.9255 ], [ -16.2549, 11.9371 ], [ -16.2754, 11.9811 ], [ -16.2852, 11.9866 ], [ -16.3118, 11.9906 ], [ -16.3233, 11.9953 ], [ -16.332, 12.0046 ], [ -16.3381, 12.0171 ], [ -16.3417, 12.0312 ], [ -16.3453, 12.0619 ], [ -16.355, 12.0873 ], [ -16.3572, 12.1012 ], [ -16.3302, 12.1592 ], [ -16.3197, 12.1718 ], [ -16.3078, 12.1812 ], [ -16.283, 12.1939 ], [ -16.2823, 12.1821 ], [ -16.2776, 12.1733 ], [ -16.27, 12.1713 ], [ -16.261, 12.1803 ], [ -16.2603, 12.1886 ], [ -16.269, 12.2034 ], [ -16.2686, 12.2144 ], [ -16.2574, 12.2301 ], [ -16.2405, 12.2405 ], [ -16.2218, 12.2482 ], [ -16.1484, 12.2907 ], [ -16.1322, 12.3038 ], [ -16.1131, 12.3302 ], [ -16.1041, 12.3379 ], [ -16.0951, 12.3419 ], [ -16.063, 12.3511 ], [ -16.0897, 12.3519 ], [ -16.1077, 12.3446 ], [ -16.1214, 12.3312 ], [ -16.135, 12.3137 ], [ -16.1556, 12.3 ], [ -16.2067, 12.2895 ], [ -16.2276, 12.2827 ], [ -16.2621, 12.2609 ], [ -16.2718, 12.2523 ], [ -16.3057, 12.2144 ], [ -16.3244, 12.2221 ], [ -16.323, 12.2407 ], [ -16.3158, 12.2632 ], [ -16.3165, 12.2827 ], [ -16.3215, 12.2679 ], [ -16.3345, 12.2482 ], [ -16.3402, 12.2117 ], [ -16.3503, 12.1972 ], [ -16.3654, 12.1924 ], [ -16.3845, 12.2008 ], [ -16.3914, 12.1939 ], [ -16.3942, 12.1984 ], [ -16.4058, 12.2077 ], [ -16.4079, 12.1944 ], [ -16.4158, 12.1885 ], [ -16.4432, 12.1872 ], [ -16.4515, 12.1762 ], [ -16.4576, 12.1719 ], [ -16.4619, 12.1806 ], [ -16.4662, 12.1839 ], [ -16.4911, 12.1898 ], [ -16.5008, 12.1967 ], [ -16.5062, 12.2065 ], [ -16.508, 12.2178 ], [ -16.5145, 12.223 ], [ -16.5382, 12.2498 ], [ -16.539, 12.2561 ], [ -16.5458, 12.2598 ], [ -16.567, 12.2774 ], [ -16.5764, 12.2827 ], [ -16.5962, 12.2761 ], [ -16.6038, 12.2765 ], [ -16.6095, 12.2814 ], [ -16.6243, 12.3038 ], [ -16.6614, 12.3323 ], [ -16.6725, 12.3379 ], [ -16.6876, 12.3379 ], [ -16.7092, 12.3273 ], [ -16.7211, 12.3237 ], [ -16.7283, 12.3325 ], [ -16.7056, 12.3481 ], [ -16.6689, 12.3567 ], [ -16.5332, 12.3478 ], [ -16.5148, 12.3485 ], [ -16.4626, 12.3614 ], [ -16.4122, 12.3617 ], [ -16.382, 12.3738 ], [ -16.233, 12.4528 ], [ -16.2225, 12.4551 ], [ -16.2117, 12.4531 ], [ -16.1901, 12.4448 ], [ -16.1818, 12.4434 ], [ -16.166, 12.4514 ], [ -16.0904, 12.4643 ], [ -16.0551, 12.4613 ], [ -15.9925, 12.4407 ], [ -15.9734, 12.4372 ], [ -15.8938, 12.4428 ], [ -15.7117, 12.4322 ], [ -15.6771, 12.4392 ], [ -15.4248, 12.555 ], [ -15.3686, 12.5954 ], [ -15.3078, 12.6227 ], [ -15.2498, 12.6636 ], [ -15.2239, 12.6752 ], [ -15.1951, 12.6794 ], [ -13.7284, 12.6733 ], [ -13.7364, 12.6077 ], [ -13.7346, 12.5853 ], [ -13.7252, 12.5581 ], [ -13.6748, 12.496 ], [ -13.6633, 12.4757 ], [ -13.6608, 12.4587 ], [ -13.6644, 12.4415 ], [ -13.682, 12.4003 ], [ -13.6842, 12.392 ], [ -13.6852, 12.3791 ], [ -13.682, 12.3504 ], [ -13.6831, 12.3386 ], [ -13.691, 12.3193 ], [ -13.695, 12.293 ], [ -13.7119, 12.2675 ], [ -13.7407, 12.2569 ], [ -13.8087, 12.2561 ], [ -13.7958, 12.2788 ], [ -13.8127, 12.2835 ], [ -13.84, 12.2771 ], [ -13.8591, 12.2659 ], [ -13.8832, 12.2465 ], [ -13.9441, 12.2187 ], [ -13.9657, 12.1942 ], [ -13.9682, 12.1839 ], [ -13.9682, 12.1626 ], [ -13.9725, 12.1516 ], [ -13.965, 12.1479 ], [ -13.9387, 12.1443 ], [ -13.9185, 12.1377 ], [ -13.8994, 12.1263 ], [ -13.8796, 12.1077 ], [ -13.8696, 12.1008 ], [ -13.8426, 12.0913 ], [ -13.8379, 12.0855 ], [ -13.8354, 12.0777 ], [ -13.8296, 12.0682 ], [ -13.8076, 12.0443 ], [ -13.7958, 12.0362 ], [ -13.7796, 12.0294 ], [ -13.7443, 12.0239 ], [ -13.7349, 12.0192 ], [ -13.7241, 12.0028 ], [ -13.7227, 11.9839 ], [ -13.7313, 11.9434 ], [ -13.7346, 11.9019 ], [ -13.7194, 11.7841 ], [ -13.7194, 11.7661 ], [ -13.7248, 11.7231 ], [ -13.7299, 11.7098 ], [ -13.7457, 11.6982 ], [ -13.7698, 11.6886 ], [ -13.7958, 11.6841 ], [ -13.8159, 11.6868 ], [ -13.8217, 11.6942 ], [ -13.8195, 11.7017 ], [ -13.8202, 11.7081 ], [ -13.8346, 11.7121 ], [ -13.8429, 11.7173 ], [ -13.8462, 11.7373 ], [ -13.8552, 11.7434 ], [ -13.8699, 11.7437 ], [ -13.8732, 11.7383 ], [ -13.8685, 11.727 ], [ -13.8706, 11.7041 ], [ -13.8735, 11.6945 ], [ -13.8865, 11.6756 ], [ -13.9038, 11.6655 ], [ -13.9239, 11.665 ], [ -13.9455, 11.6756 ], [ -13.9963, 11.6438 ], [ -14.015, 11.6371 ], [ -14.0589, 11.644 ], [ -14.0748, 11.6437 ], [ -14.1046, 11.6385 ], [ -14.1187, 11.638 ], [ -14.1349, 11.6418 ], [ -14.1446, 11.6474 ], [ -14.1619, 11.661 ], [ -14.172, 11.6627 ], [ -14.195, 11.6597 ], [ -14.2789, 11.665 ], [ -14.2846, 11.6682 ], [ -14.2897, 11.6689 ], [ -14.3005, 11.6632 ], [ -14.3084, 11.6546 ], [ -14.3199, 11.6305 ], [ -14.3264, 11.6205 ], [ -14.3394, 11.6106 ], [ -14.5208, 11.5129 ], [ -14.5622, 11.5056 ], [ -14.6454, 11.515 ], [ -14.6868, 11.5108 ], [ -14.7112, 11.4976 ], [ -14.7289, 11.478 ], [ -14.8282, 11.3347 ], [ -14.8434, 11.2972 ], [ -14.8632, 11.2187 ], [ -14.9589, 11.0358 ], [ -14.9928, 10.9961 ], [ -15.0208, 10.9675 ], [ -15.0597, 10.9405 ], [ -15.0853, 10.9276 ], [ -15.0968, 10.9293 ], [ -15.0939, 10.9425 ] ] ] ] } },
{ "type": "Feature", "properties": { "z": "IvoryCoast", "ISO_A3": "CIV", "c": "IvoryCoast" }, "geometry": { "type": "MultiPolygon", "coordinates": [ [ [ [ -3.1639, 5.1016 ], [ -3.2621, 5.111 ], [ -3.2762, 5.1182 ], [ -3.2722, 5.1324 ], [ -3.2531, 5.1497 ], [ -3.2341, 5.1636 ], [ -3.2074, 5.1567 ], [ -3.2002, 5.1518 ], [ -3.193, 5.1362 ], [ -3.1851, 5.1324 ], [ -3.1635, 5.1255 ], [ -3.1592, 5.1256 ], [ -3.1552, 5.1279 ], [ -3.1318, 5.1082 ], [ -3.1153, 5.1079 ], [ -3.1196, 5.0914 ], [ -3.1639, 5.1016 ] ] ], [ [ [ -5.5049, 10.4156 ], [ -5.4877, 10.393 ], [ -5.4754, 10.3678 ], [ -5.474, 10.3503 ], [ -5.4599, 10.3452 ], [ -5.4437, 10.3436 ], [ -5.438, 10.34 ], [ -5.4268, 10.3168 ], [ -5.4164, 10.3075 ], [ -5.4027, 10.3005 ], [ -5.3858, 10.2965 ], [ -5.3656, 10.2958 ], [ -5.3609, 10.2988 ], [ -5.3534, 10.3082 ], [ -5.3437, 10.3031 ], [ -5.3271, 10.3027 ], [ -5.3156, 10.3052 ], [ -5.3041, 10.3184 ], [ -5.2965, 10.3231 ], [ -5.2799, 10.3224 ], [ -5.2335, 10.3157 ], [ -5.2177, 10.32 ], [ -5.1683, 10.2913 ], [ -5.1593, 10.2923 ], [ -5.1521, 10.3057 ], [ -5.1356, 10.3042 ], [ -5.119, 10.2935 ], [ -5.1118, 10.2786 ], [ -5.1118, 10.2237 ], [ -5.1183, 10.2125 ], [ -5.1172, 10.2081 ], [ -5.105, 10.2069 ], [ -5.0978, 10.2093 ], [ -5.092, 10.2144 ], [ -5.0845, 10.2274 ], [ -5.0816, 10.2069 ], [ -5.0902, 10.1889 ], [ -5.0906, 10.178 ], [ -5.0639, 10.179 ], [ -5.0708, 10.161 ], [ -5.0647, 10.1508 ], [ -5.0395, 10.1344 ], [ -5.0377, 10.1265 ], [ -5.0611, 10.1185 ], [ -5.0701, 10.1102 ], [ -5.0618, 10.11 ], [ -5.0427, 10.1033 ], [ -5.0564, 10.0972 ], [ -5.0485, 10.0854 ], [ -5.0373, 10.0837 ], [ -5.0254, 10.0887 ], [ -5.0157, 10.0972 ], [ -5.0107, 10.0791 ], [ -4.9999, 10.0695 ], [ -4.9747, 10.0555 ], [ -4.9635, 10.0403 ], [ -4.9563, 10.022 ], [ -4.9603, 10.0086 ], [ -4.9815, 10.0077 ], [ -4.9768, 9.9976 ], [ -4.9657, 9.9831 ], [ -4.9531, 9.9533 ], [ -4.9675, 9.9124 ], [ -4.966, 9.9011 ], [ -4.9365, 9.874 ], [ -4.9279, 9.8709 ], [ -4.9171, 9.8865 ], [ -4.9095, 9.8911 ], [ -4.898, 9.8889 ], [ -4.8901, 9.8795 ], [ -4.8818, 9.8775 ], [ -4.8584, 9.8758 ], [ -4.8386, 9.8695 ], [ -4.8242, 9.857 ], [ -4.8177, 9.8364 ], [ -4.7986, 9.8426 ], [ -4.7903, 9.8275 ], [ -4.7853, 9.8048 ], [ -4.7759, 9.788 ], [ -4.7918, 9.7823 ], [ -4.8101, 9.7817 ], [ -4.8101, 9.7743 ], [ -4.8011, 9.7664 ], [ -4.7965, 9.7546 ], [ -4.7831, 9.7584 ], [ -4.7698, 9.7374 ], [ -4.7547, 9.7402 ], [ -4.7605, 9.7454 ], [ -4.7623, 9.75 ], [ -4.7587, 9.7533 ], [ -4.7486, 9.7546 ], [ -4.7385, 9.7531 ], [ -4.7335, 9.7497 ], [ -4.7245, 9.7371 ], [ -4.7129, 9.7268 ], [ -4.709, 9.7204 ], [ -4.7054, 9.7022 ], [ -4.7, 9.6979 ], [ -4.6867, 9.6924 ], [ -4.6816, 9.6867 ], [ -4.6809, 9.6821 ], [ -4.6647, 9.6909 ], [ -4.6546, 9.7036 ], [ -4.6557, 9.706 ], [ -4.6287, 9.7078 ], [ -4.6168, 9.7139 ], [ -4.6039, 9.7272 ], [ -4.5927, 9.7178 ], [ -4.5783, 9.6966 ], [ -4.5668, 9.6924 ], [ -4.552, 9.6965 ], [ -4.5484, 9.7068 ], [ -4.5481, 9.7202 ], [ -4.5391, 9.7447 ], [ -4.5358, 9.7467 ], [ -4.5178, 9.7467 ], [ -4.5099, 9.7451 ], [ -4.5038, 9.742 ], [ -4.5016, 9.7371 ], [ -4.5038, 9.7199 ], [ -4.5135, 9.694 ], [ -4.516, 9.6757 ], [ -4.5016, 9.6551 ], [ -4.4692, 9.6518 ], [ -4.4332, 9.6535 ], [ -4.4091, 9.6478 ], [ -4.4001, 9.6332 ], [ -4.3915, 9.6003 ], [ -4.385, 9.5894 ], [ -4.3713, 9.583 ], [ -4.3677, 9.592 ], [ -4.3681, 9.6084 ], [ -4.3652, 9.6242 ], [ -4.3497, 9.62 ], [ -4.3227, 9.6089 ], [ -4.3159, 9.6166 ], [ -4.3029, 9.6418 ], [ -4.3004, 9.6544 ], [ -4.3036, 9.678 ], [ -4.3033, 9.6867 ], [ -4.2979, 9.6959 ], [ -4.2676, 9.7272 ], [ -4.2835, 9.7321 ], [ -4.2705, 9.744 ], [ -4.2532, 9.7501 ], [ -4.2154, 9.7548 ], [ -4.1971, 9.765 ], [ -4.1683, 9.8048 ], [ -4.1503, 9.8182 ], [ -4.133, 9.8204 ], [ -4.0761, 9.8038 ], [ -4.0599, 9.7963 ], [ -4.0538, 9.7976 ], [ -4.0502, 9.8104 ], [ -4.0351, 9.8177 ], [ -4.0268, 9.8204 ], [ -3.9947, 9.8208 ], [ -3.9883, 9.8348 ], [ -3.9839, 9.8512 ], [ -3.9692, 9.859 ], [ -3.9476, 9.8643 ], [ -3.9101, 9.8885 ], [ -3.8896, 9.8945 ], [ -3.8234, 9.8957 ], [ -3.8043, 9.9014 ], [ -3.7957, 9.9077 ], [ -3.7798, 9.9247 ], [ -3.7697, 9.9313 ], [ -3.755, 9.9359 ], [ -3.7064, 9.9419 ], [ -3.6988, 9.9407 ], [ -3.6859, 9.9334 ], [ -3.6797, 9.9323 ], [ -3.6743, 9.9353 ], [ -3.6617, 9.9489 ], [ -3.6481, 9.9446 ], [ -3.634, 9.9293 ], [ -3.6232, 9.9217 ], [ -3.6063, 9.9181 ], [ -3.5465, 9.9261 ], [ -3.3892, 9.9133 ], [ -3.3766, 9.9085 ], [ -3.359, 9.8925 ], [ -3.3482, 9.8871 ], [ -3.3392, 9.8901 ], [ -3.3277, 9.8974 ], [ -3.3172, 9.9014 ], [ -3.3129, 9.8945 ], [ -3.3136, 9.8746 ], [ -3.3118, 9.8542 ], [ -3.3017, 9.8411 ], [ -3.278, 9.8434 ], [ -3.2639, 9.857 ], [ -3.2301, 9.9047 ], [ -3.2146, 9.9157 ], [ -3.2027, 9.9083 ], [ -3.2024, 9.8889 ], [ -3.2045, 9.8653 ], [ -3.1999, 9.8454 ], [ -3.1826, 9.8351 ], [ -3.1603, 9.8347 ], [ -3.1369, 9.8295 ], [ -3.1171, 9.8054 ], [ -3.1045, 9.7571 ], [ -3.0944, 9.7338 ], [ -3.0771, 9.7194 ], [ -3.0591, 9.7186 ], [ -3.0245, 9.7287 ], [ -3.0058, 9.7242 ], [ -2.99, 9.7085 ], [ -2.9777, 9.6851 ], [ -2.9597, 9.6386 ], [ -2.9101, 9.5428 ], [ -2.8103, 9.4111 ], [ -2.7877, 9.3938 ], [ -2.7635, 9.3919 ], [ -2.7448, 9.4081 ], [ -2.7203, 9.4592 ], [ -2.6894, 9.4888 ], [ -2.6757, 9.4718 ], [ -2.6746, 9.4575 ], [ -2.6786, 9.4256 ], [ -2.6725, 9.4011 ], [ -2.6725, 9.374 ], [ -2.6775, 9.357 ], [ -2.7031, 9.3433 ], [ -2.7135, 9.33 ], [ -2.7149, 9.3111 ], [ -2.707, 9.2956 ], [ -2.693, 9.2853 ], [ -2.6753, 9.2816 ], [ -2.6599, 9.2729 ], [ -2.6613, 9.254 ], [ -2.6732, 9.2349 ], [ -2.7049, 9.2185 ], [ -2.7164, 9.2003 ], [ -2.734, 9.1648 ], [ -2.7553, 9.1432 ], [ -2.7592, 9.1349 ], [ -2.7614, 9.0848 ], [ -2.7653, 9.0691 ], [ -2.7747, 9.0551 ], [ -2.765, 9.0495 ], [ -2.7509, 9.0375 ], [ -2.7369, 9.0352 ], [ -2.7113, 9.0339 ], [ -2.6861, 9.0283 ], [ -2.6609, 9.015 ], [ -2.6545, 8.9988 ], [ -2.6534, 8.9783 ], [ -2.6375, 8.9316 ], [ -2.6318, 8.927 ], [ -2.6195, 8.9237 ], [ -2.617, 8.9151 ], [ -2.6159, 8.8978 ], [ -2.5954, 8.8281 ], [ -2.5965, 8.8143 ], [ -2.6073, 8.8086 ], [ -2.6145, 8.8019 ], [ -2.6174, 8.7892 ], [ -2.612, 8.781 ], [ -2.603, 8.7852 ], [ -2.5983, 8.7696 ], [ -2.5065, 8.2093 ], [ -2.5133, 8.194 ], [ -2.558, 8.1677 ], [ -2.5717, 8.1631 ], [ -2.5832, 8.1644 ], [ -2.5961, 8.1704 ], [ -2.6044, 8.1708 ], [ -2.6105, 8.1649 ], [ -2.6177, 8.1515 ], [ -2.6217, 8.1357 ], [ -2.6195, 8.1231 ], [ -2.6062, 8.0944 ], [ -2.5997, 8.0703 ], [ -2.6008, 8.053 ], [ -2.6105, 8.04 ], [ -2.6311, 8.0296 ], [ -2.6908, 8.0098 ], [ -2.7092, 7.9968 ], [ -2.7549, 7.9444 ], [ -2.7711, 7.9308 ], [ -2.7776, 7.9397 ], [ -2.7844, 7.944 ], [ -2.7905, 7.9433 ], [ -2.7934, 7.936 ], [ -2.7977, 7.8613 ], [ -2.8013, 7.8502 ], [ -2.8093, 7.8417 ], [ -2.8312, 7.8283 ], [ -2.8399, 7.8203 ], [ -2.8409, 7.8153 ], [ -2.8381, 7.7969 ], [ -2.8561, 7.7715 ], [ -2.9281, 7.6177 ], [ -2.9414, 7.5772 ], [ -2.9903, 7.2707 ], [ -2.9896, 7.2589 ], [ -2.9831, 7.245 ], [ -2.972, 7.2286 ], [ -2.9727, 7.215 ], [ -2.9817, 7.1955 ], [ -3.0274, 7.1384 ], [ -3.0325, 7.1284 ], [ -3.0407, 7.0783 ], [ -3.0458, 7.0713 ], [ -3.0955, 7.0551 ], [ -3.1095, 7.0464 ], [ -3.2251, 6.8495 ], [ -3.2416, 6.811 ], [ -3.2431, 6.7748 ], [ -3.2387, 6.7646 ], [ -3.2261, 6.7486 ], [ -3.2103, 6.716 ], [ -3.2301, 6.6612 ], [ -3.2355, 6.6546 ], [ -3.2539, 6.6444 ], [ -3.2611, 6.634 ], [ -3.2625, 6.6172 ], [ -3.1837, 6.2639 ], [ -3.1689, 6.246 ], [ -3.1394, 6.2193 ], [ -3.1181, 6.1635 ], [ -3.0879, 5.9967 ], [ -3.0731, 5.961 ], [ -3.0346, 5.8907 ], [ -3.0224, 5.8545 ], [ -3.0199, 5.8184 ], [ -3.0296, 5.7042 ], [ -2.9648, 5.7098 ], [ -2.9749, 5.6473 ], [ -2.9695, 5.6215 ], [ -2.9457, 5.6083 ], [ -2.9263, 5.6108 ], [ -2.8939, 5.6304 ], [ -2.8777, 5.6368 ], [ -2.8064, 5.6185 ], [ -2.7934, 5.6082 ], [ -2.7855, 5.595 ], [ -2.7819, 5.5789 ], [ -2.7794, 5.5265 ], [ -2.7617, 5.4549 ], [ -2.7344, 5.3912 ], [ -2.7301, 5.3732 ], [ -2.7326, 5.3558 ], [ -2.7427, 5.3432 ], [ -2.756, 5.3407 ], [ -2.7895, 5.3469 ], [ -2.7963, 5.2851 ], [ -2.7934, 5.2712 ], [ -2.7794, 5.2511 ], [ -2.7751, 5.2396 ], [ -2.7797, 5.2102 ], [ -2.7787, 5.2011 ], [ -2.7571, 5.1799 ], [ -2.7668, 5.1611 ], [ -2.7808, 5.151 ], [ -2.8039, 5.1475 ], [ -2.8438, 5.1491 ], [ -2.8463, 5.177 ], [ -2.8795, 5.1813 ], [ -2.9205, 5.1766 ], [ -2.9468, 5.1772 ], [ -2.9385, 5.157 ], [ -2.9435, 5.1368 ], [ -2.9579, 5.1212 ], [ -2.9777, 5.1151 ], [ -2.9932, 5.1196 ], [ -3.0461, 5.1441 ], [ -3.0627, 5.1567 ], [ -3.0829, 5.1511 ], [ -3.1225, 5.15 ], [ -3.139, 5.1424 ], [ -3.1469, 5.1614 ], [ -3.1624, 5.1842 ], [ -3.1808, 5.2032 ], [ -3.197, 5.2112 ], [ -3.2049, 5.2187 ], [ -3.1945, 5.2345 ], [ -3.179, 5.2489 ], [ -3.1729, 5.2523 ], [ -3.1678, 5.2663 ], [ -3.1649, 5.2959 ], [ -3.1592, 5.3075 ], [ -3.1455, 5.316 ], [ -3.1347, 5.3187 ], [ -3.1279, 5.325 ], [ -3.1253, 5.3447 ], [ -3.1279, 5.3596 ], [ -3.1343, 5.3668 ], [ -3.1462, 5.3689 ], [ -3.1628, 5.3689 ], [ -3.1808, 5.3569 ], [ -3.1898, 5.3546 ], [ -3.1981, 5.3559 ], [ -3.2117, 5.3615 ], [ -3.2204, 5.3621 ], [ -3.2301, 5.3586 ], [ -3.2495, 5.3455 ], [ -3.2621, 5.3409 ], [ -3.2521, 5.3181 ], [ -3.247, 5.2977 ], [ -3.2542, 5.2836 ], [ -3.2827, 5.2802 ], [ -3.2783, 5.2726 ], [ -3.2783, 5.2655 ], [ -3.2823, 5.2587 ], [ -3.2895, 5.2523 ], [ -3.2758, 5.2449 ], [ -3.2827, 5.2449 ], [ -3.2729, 5.2411 ], [ -3.2521, 5.2378 ], [ -3.2409, 5.2386 ], [ -3.2409, 5.2317 ], [ -3.2503, 5.2274 ], [ -3.2657, 5.2287 ], [ -3.2758, 5.2255 ], [ -3.2845, 5.2191 ], [ -3.292, 5.2105 ], [ -3.3032, 5.1902 ], [ -3.3136, 5.1973 ], [ -3.3208, 5.1936 ], [ -3.319, 5.1849 ], [ -3.3032, 5.1772 ], [ -3.3089, 5.1639 ], [ -3.3032, 5.1557 ], [ -3.2906, 5.1514 ], [ -3.2758, 5.1491 ], [ -3.3122, 5.1199 ], [ -3.3781, 5.1232 ], [ -3.6319, 5.1772 ], [ -3.6787, 5.1799 ], [ -3.71, 5.1862 ], [ -3.7179, 5.1888 ], [ -3.7215, 5.1939 ], [ -3.7172, 5.2102 ], [ -3.719, 5.2171 ], [ -3.7287, 5.2255 ], [ -3.7215, 5.2386 ], [ -3.7316, 5.2301 ], [ -3.7395, 5.2171 ], [ -3.7453, 5.2028 ], [ -3.7481, 5.1902 ], [ -3.7553, 5.1902 ], [ -3.7676, 5.1971 ], [ -3.787, 5.1991 ], [ -3.8273, 5.1976 ], [ -3.841, 5.2012 ], [ -3.886, 5.2255 ], [ -3.9559, 5.2345 ], [ -3.9872, 5.244 ], [ -4.0019, 5.2666 ], [ -3.9832, 5.2603 ], [ -3.9623, 5.2625 ], [ -3.944, 5.2719 ], [ -3.9328, 5.2869 ], [ -3.9112, 5.2619 ], [ -3.9029, 5.259 ], [ -3.8965, 5.2616 ], [ -3.8936, 5.2675 ], [ -3.895, 5.2745 ], [ -3.8997, 5.2802 ], [ -3.8997, 5.2869 ], [ -3.8857, 5.2839 ], [ -3.8511, 5.2698 ], [ -3.8443, 5.2696 ], [ -3.8342, 5.2729 ], [ -3.8115, 5.2642 ], [ -3.7755, 5.2449 ], [ -3.7795, 5.2612 ], [ -3.7823, 5.2666 ], [ -3.7399, 5.2625 ], [ -3.7287, 5.2666 ], [ -3.7157, 5.2823 ], [ -3.7219, 5.2911 ], [ -3.7348, 5.2985 ], [ -3.742, 5.3105 ], [ -3.7532, 5.3439 ], [ -3.7553, 5.3583 ], [ -3.7589, 5.3662 ], [ -3.7672, 5.3715 ], [ -3.778, 5.3728 ], [ -3.7888, 5.3689 ], [ -3.7957, 5.3732 ], [ -3.805, 5.3759 ], [ -3.8133, 5.3745 ], [ -3.8169, 5.3655 ], [ -3.814, 5.3599 ], [ -3.7928, 5.3447 ], [ -3.7676, 5.3107 ], [ -3.7525, 5.2947 ], [ -3.7352, 5.2869 ], [ -3.7438, 5.274 ], [ -3.7762, 5.2791 ], [ -3.7888, 5.2728 ], [ -3.7964, 5.2728 ], [ -3.809, 5.2878 ], [ -3.8183, 5.2918 ], [ -3.8288, 5.2912 ], [ -3.8443, 5.2932 ], [ -3.8551, 5.2969 ], [ -3.8666, 5.3037 ], [ -3.8759, 5.3134 ], [ -3.8785, 5.3267 ], [ -3.8893, 5.3178 ], [ -3.8921, 5.3137 ], [ -3.899, 5.3297 ], [ -3.8997, 5.3485 ], [ -3.9062, 5.3485 ], [ -3.9076, 5.3343 ], [ -3.9127, 5.3223 ], [ -3.9209, 5.3163 ], [ -3.9328, 5.3206 ], [ -3.9407, 5.3147 ], [ -3.9515, 5.313 ], [ -3.9634, 5.315 ], [ -3.9746, 5.3206 ], [ -4.0095, 5.3137 ], [ -3.9998, 5.3047 ], [ -3.9839, 5.3009 ], [ -3.9674, 5.302 ], [ -3.9548, 5.3075 ], [ -3.9404, 5.2932 ], [ -3.9537, 5.2829 ], [ -3.971, 5.273 ], [ -3.989, 5.2692 ], [ -4.0401, 5.2935 ], [ -4.061, 5.2995 ], [ -4.0703, 5.2967 ], [ -4.0786, 5.2878 ], [ -4.097, 5.2926 ], [ -4.1254, 5.3075 ], [ -4.1387, 5.3034 ], [ -4.1495, 5.2967 ], [ -4.16, 5.2935 ], [ -4.174, 5.3001 ], [ -4.1798, 5.2942 ], [ -4.1863, 5.2941 ], [ -4.1931, 5.2988 ], [ -4.2007, 5.3075 ], [ -4.2277, 5.2891 ], [ -4.241, 5.2839 ], [ -4.2557, 5.2869 ], [ -4.2489, 5.3075 ], [ -4.2745, 5.3124 ], [ -4.2856, 5.3105 ], [ -4.2975, 5.3001 ], [ -4.3047, 5.3068 ], [ -4.3137, 5.3113 ], [ -4.3213, 5.311 ], [ -4.3277, 5.2952 ], [ -4.3436, 5.2826 ], [ -4.3511, 5.2728 ], [ -4.3706, 5.2892 ], [ -4.3832, 5.2971 ], [ -4.3925, 5.3001 ], [ -4.403, 5.2944 ], [ -4.4134, 5.2851 ], [ -4.4239, 5.2816 ], [ -4.4339, 5.2932 ], [ -4.4285, 5.2964 ], [ -4.4264, 5.3001 ], [ -4.4635, 5.2982 ], [ -4.4779, 5.2914 ], [ -4.4818, 5.2728 ], [ -4.4721, 5.2775 ], [ -4.4638, 5.2762 ], [ -4.4573, 5.2696 ], [ -4.4537, 5.259 ], [ -4.4728, 5.2635 ], [ -4.5437, 5.2666 ], [ -4.5524, 5.2845 ], [ -4.5635, 5.3001 ], [ -4.5693, 5.2905 ], [ -4.5697, 5.2826 ], [ -4.5657, 5.2766 ], [ -4.5574, 5.2728 ], [ -4.5574, 5.2666 ], [ -4.5754, 5.263 ], [ -4.5891, 5.2566 ], [ -4.6121, 5.2386 ], [ -4.6305, 5.2506 ], [ -4.6521, 5.2491 ], [ -4.6705, 5.2407 ], [ -4.6802, 5.2317 ], [ -4.687, 5.2317 ], [ -4.7025, 5.24 ], [ -4.7101, 5.2461 ], [ -4.7144, 5.2523 ], [ -4.7029, 5.2574 ], [ -4.682, 5.253 ], [ -4.6672, 5.2523 ], [ -4.6694, 5.2619 ], [ -4.6726, 5.268 ], [ -4.678, 5.2715 ], [ -4.687, 5.2728 ], [ -4.687, 5.2802 ], [ -4.6769, 5.2849 ], [ -4.6705, 5.2919 ], [ -4.6672, 5.3015 ], [ -4.6672, 5.3137 ], [ -4.6733, 5.3137 ], [ -4.6859, 5.2906 ], [ -4.7025, 5.2783 ], [ -4.7237, 5.2736 ], [ -4.7493, 5.2728 ], [ -4.7223, 5.2523 ], [ -4.7421, 5.2345 ], [ -4.7795, 5.2189 ], [ -4.8037, 5.2045 ], [ -4.8101, 5.1899 ], [ -4.8087, 5.1806 ], [ -4.7997, 5.1746 ], [ -4.7835, 5.1703 ], [ -4.7655, 5.1694 ], [ -4.7475, 5.1724 ], [ -4.7374, 5.1795 ], [ -4.7425, 5.1902 ], [ -4.7425, 5.1976 ], [ -4.7173, 5.2045 ], [ -4.7047, 5.2114 ], [ -4.6953, 5.2002 ], [ -4.687, 5.1976 ], [ -4.6748, 5.2008 ], [ -4.6546, 5.2095 ], [ -4.6395, 5.2112 ], [ -4.6082, 5.2112 ], [ -4.5988, 5.2092 ], [ -4.5848, 5.1976 ], [ -4.57, 5.1955 ], [ -4.5596, 5.1971 ], [ -4.5365, 5.2045 ], [ -4.5466, 5.2032 ], [ -4.5589, 5.2042 ], [ -4.5682, 5.2088 ], [ -4.5711, 5.2181 ], [ -4.565, 5.2232 ], [ -4.5301, 5.2317 ], [ -4.5301, 5.2181 ], [ -4.5229, 5.2181 ], [ -4.5005, 5.2287 ], [ -4.4415, 5.2251 ], [ -4.4127, 5.2386 ], [ -4.408, 5.2237 ], [ -4.4005, 5.2297 ], [ -4.3857, 5.2523 ], [ -4.3673, 5.2517 ], [ -4.3515, 5.2444 ], [ -4.3378, 5.2408 ], [ -4.3249, 5.2523 ], [ -4.3058, 5.2446 ], [ -4.2863, 5.2479 ], [ -4.2662, 5.255 ], [ -4.2251, 5.2625 ], [ -4.1996, 5.2769 ], [ -4.1837, 5.2802 ], [ -4.0606, 5.2833 ], [ -4.0293, 5.2728 ], [ -4.0387, 5.2685 ], [ -4.0487, 5.2662 ], [ -4.0703, 5.2666 ], [ -3.9958, 5.2317 ], [ -4.6204, 5.1807 ], [ -4.7846, 5.144 ], [ -4.8753, 5.1362 ], [ -4.8926, 5.1286 ], [ -4.9034, 5.1344 ], [ -4.9153, 5.1364 ], [ -4.9693, 5.1374 ], [ -4.9819, 5.1362 ], [ -4.9819, 5.1424 ], [ -4.9689, 5.1424 ], [ -4.9689, 5.1491 ], [ -4.997, 5.1488 ], [ -5.0038, 5.1606 ], [ -5.0035, 5.1789 ], [ -5.0099, 5.1976 ], [ -4.997, 5.2128 ], [ -5.0096, 5.2161 ], [ -5.0643, 5.2092 ], [ -5.0823, 5.2036 ], [ -5.0989, 5.1948 ], [ -5.1122, 5.1833 ], [ -5.1291, 5.1978 ], [ -5.1579, 5.2122 ], [ -5.1914, 5.2192 ], [ -5.2216, 5.2112 ], [ -5.2357, 5.2255 ], [ -5.2421, 5.2255 ], [ -5.2529, 5.2141 ], [ -5.2709, 5.2194 ], [ -5.29, 5.2278 ], [ -5.3109, 5.2255 ], [ -5.3213, 5.2303 ], [ -5.3271, 5.2261 ], [ -5.3282, 5.2165 ], [ -5.3239, 5.2045 ], [ -5.3383, 5.2112 ], [ -5.3383, 5.1976 ], [ -5.33, 5.1999 ], [ -5.3239, 5.1902 ], [ -5.3116, 5.1958 ], [ -5.2972, 5.1976 ], [ -5.2972, 5.1902 ], [ -5.3051, 5.1816 ], [ -5.3285, 5.1702 ], [ -5.3383, 5.1636 ], [ -5.3383, 5.1833 ], [ -5.3527, 5.1418 ], [ -5.3595, 5.1286 ], [ -5.393, 5.1772 ], [ -5.4005, 5.1772 ], [ -5.4005, 5.1636 ], [ -5.4139, 5.1703 ], [ -5.3991, 5.1421 ], [ -5.3581, 5.1235 ], [ -5.3087, 5.1182 ], [ -5.2695, 5.1286 ], [ -5.2853, 5.1408 ], [ -5.3023, 5.1405 ], [ -5.3203, 5.1377 ], [ -5.3383, 5.1424 ], [ -5.3383, 5.1491 ], [ -5.3282, 5.1485 ], [ -5.3127, 5.1525 ], [ -5.2994, 5.161 ], [ -5.2832, 5.1772 ], [ -5.2681, 5.1737 ], [ -5.2515, 5.1654 ], [ -5.2353, 5.1614 ], [ -5.2216, 5.1703 ], [ -5.2094, 5.1629 ], [ -5.1971, 5.1601 ], [ -5.1871, 5.1643 ], [ -5.1806, 5.1772 ], [ -5.1989, 5.1744 ], [ -5.2069, 5.1825 ], [ -5.2137, 5.193 ], [ -5.2285, 5.1976 ], [ -5.2285, 5.2045 ], [ -5.2148, 5.1976 ], [ -5.1813, 5.2023 ], [ -5.1208, 5.167 ], [ -5.0949, 5.1737 ], [ -5.0809, 5.1847 ], [ -5.0679, 5.187 ], [ -5.0333, 5.1833 ], [ -5.029, 5.1757 ], [ -5.015, 5.1401 ], [ -5.0024, 5.1286 ], [ -5.2555, 5.1211 ], [ -5.2943, 5.106 ], [ -5.4956, 5.0953 ], [ -5.5247, 5.0999 ], [ -5.5507, 5.1151 ], [ -5.5784, 5.0946 ], [ -5.5579, 5.0884 ], [ -5.5507, 5.0877 ], [ -5.6302, 5.0633 ], [ -5.8513, 5.03 ], [ -5.8588, 5.0278 ], [ -5.9715, 4.9927 ], [ -5.9884, 4.984 ], [ -5.9956, 4.9748 ], [ -6.0075, 4.9752 ], [ -6.0597, 4.9558 ], [ -6.1385, 4.9153 ], [ -6.4121, 4.824 ], [ -6.4208, 4.8171 ], [ -6.4265, 4.8021 ], [ -6.4417, 4.7939 ], [ -6.5471, 4.768 ], [ -6.568, 4.7656 ], [ -6.5839, 4.7604 ], [ -6.6109, 4.7348 ], [ -6.6267, 4.7247 ], [ -6.7534, 4.6873 ], [ -6.8535, 4.6806 ], [ -6.8794, 4.668 ], [ -6.9032, 4.6621 ], [ -6.9143, 4.6557 ], [ -6.9421, 4.6216 ], [ -6.9961, 4.5765 ], [ -7.0583, 4.5391 ], [ -7.099, 4.5266 ], [ -7.1735, 4.5189 ], [ -7.2329, 4.4934 ], [ -7.2452, 4.485 ], [ -7.2553, 4.4655 ], [ -7.2661, 4.4636 ], [ -7.2783, 4.4638 ], [ -7.288, 4.4606 ], [ -7.306, 4.4455 ], [ -7.36, 4.4161 ], [ -7.4389, 4.351 ], [ -7.4569, 4.3441 ], [ -7.481, 4.3461 ], [ -7.5242, 4.3547 ], [ -7.5407, 4.3529 ], [ -7.5739, 4.3755 ], [ -7.5793, 4.3872 ], [ -7.5778, 4.3974 ], [ -7.5674, 4.416 ], [ -7.5641, 4.4259 ], [ -7.5656, 4.4353 ], [ -7.5728, 4.4555 ], [ -7.571, 4.4808 ], [ -7.5767, 4.5094 ], [ -7.5724, 4.7234 ], [ -7.5767, 4.7753 ], [ -7.5796, 4.7843 ], [ -7.5854, 4.7916 ], [ -7.6009, 4.8047 ], [ -7.6059, 4.8162 ], [ -7.6059, 4.8251 ], [ -7.6001, 4.8459 ], [ -7.5987, 4.8572 ], [ -7.6059, 4.8881 ], [ -7.6055, 4.8975 ], [ -7.5749, 4.9216 ], [ -7.5616, 4.9201 ], [ -7.5533, 4.9143 ], [ -7.5494, 4.914 ], [ -7.5497, 4.9292 ], [ -7.5551, 4.9485 ], [ -7.5645, 4.9616 ], [ -7.5717, 4.9754 ], [ -7.5703, 4.997 ], [ -7.5782, 5.0548 ], [ -7.5757, 5.0721 ], [ -7.5631, 5.0902 ], [ -7.5469, 5.0977 ], [ -7.5299, 5.0975 ], [ -7.5159, 5.0919 ], [ -7.4889, 5.1407 ], [ -7.4831, 5.1583 ], [ -7.4824, 5.1752 ], [ -7.4903, 5.2222 ], [ -7.4799, 5.2552 ], [ -7.4756, 5.2643 ], [ -7.4684, 5.2735 ], [ -7.4425, 5.2874 ], [ -7.4399, 5.2902 ], [ -7.4284, 5.2882 ], [ -7.4353, 5.2793 ], [ -7.4309, 5.2676 ], [ -7.4309, 5.26 ], [ -7.4284, 5.2562 ], [ -7.4187, 5.2605 ], [ -7.4137, 5.2667 ], [ -7.4075, 5.2899 ], [ -7.3899, 5.3171 ], [ -7.3888, 5.3284 ], [ -7.3913, 5.3477 ], [ -7.3971, 5.3665 ], [ -7.4043, 5.3681 ], [ -7.4147, 5.3661 ], [ -7.4299, 5.3744 ], [ -7.4392, 5.3878 ], [ -7.4461, 5.405 ], [ -7.45, 5.4229 ], [ -7.4504, 5.4388 ], [ -7.4363, 5.4313 ], [ -7.4317, 5.4419 ], [ -7.4324, 5.4795 ], [ -7.4252, 5.4941 ], [ -7.4133, 5.5036 ], [ -7.4083, 5.5119 ], [ -7.4201, 5.5232 ], [ -7.3935, 5.5241 ], [ -7.4072, 5.5414 ], [ -7.4119, 5.5604 ], [ -7.405, 5.5724 ], [ -7.3841, 5.569 ], [ -7.3967, 5.5852 ], [ -7.4309, 5.654 ], [ -7.4497, 5.7324 ], [ -7.4486, 5.769 ], [ -7.4421, 5.8113 ], [ -7.4464, 5.846 ], [ -7.4785, 5.8599 ], [ -7.4817, 5.8303 ], [ -7.4867, 5.8138 ], [ -7.4943, 5.8063 ], [ -7.504, 5.8121 ], [ -7.5087, 5.8261 ], [ -7.5155, 5.8393 ], [ -7.531, 5.842 ], [ -7.5278, 5.8589 ], [ -7.5353, 5.8559 ], [ -7.5476, 5.8455 ], [ -7.5591, 5.8399 ], [ -7.5663, 5.8438 ], [ -7.5796, 5.8604 ], [ -7.5872, 5.8668 ], [ -7.5793, 5.8772 ], [ -7.5843, 5.8837 ], [ -7.6084, 5.8937 ], [ -7.6289, 5.905 ], [ -7.6307, 5.9086 ], [ -7.6484, 5.9113 ], [ -7.6631, 5.9232 ], [ -7.6739, 5.9358 ], [ -7.6804, 5.9409 ], [ -7.6916, 5.9278 ], [ -7.7031, 5.9079 ], [ -7.7171, 5.9009 ], [ -7.7348, 5.9256 ], [ -7.747, 5.9376 ], [ -7.7866, 5.9582 ], [ -7.7996, 5.9746 ], [ -7.8007, 5.9817 ], [ -7.7999, 6.0102 ], [ -7.7978, 6.0148 ], [ -7.7884, 6.0198 ], [ -7.7866, 6.0252 ], [ -7.7888, 6.0315 ], [ -7.7992, 6.0357 ], [ -7.8025, 6.0392 ], [ -7.8057, 6.0621 ], [ -7.8097, 6.0713 ], [ -7.8194, 6.0802 ], [ -7.8284, 6.0807 ], [ -7.841, 6.0774 ], [ -7.8503, 6.0723 ], [ -7.8511, 6.0676 ], [ -7.8619, 6.0816 ], [ -7.8644, 6.1018 ], [ -7.8619, 6.1244 ], [ -7.8575, 6.1454 ], [ -7.8442, 6.1841 ], [ -7.8467, 6.1975 ], [ -7.8622, 6.2164 ], [ -7.9065, 6.252 ], [ -7.9101, 6.2568 ], [ -7.9144, 6.2718 ], [ -7.9205, 6.2738 ], [ -7.9295, 6.2708 ], [ -7.9349, 6.2715 ], [ -7.9994, 6.2867 ], [ -8.0156, 6.2978 ], [ -8.0329, 6.3018 ], [ -8.0602, 6.3011 ], [ -8.1067, 6.2947 ], [ -8.1405, 6.2776 ], [ -8.1542, 6.2742 ], [ -8.1707, 6.2741 ], [ -8.179, 6.2769 ], [ -8.1967, 6.2882 ], [ -8.2085, 6.2925 ], [ -8.2859, 6.3101 ], [ -8.2949, 6.3134 ], [ -8.2967, 6.3176 ], [ -8.2978, 6.3326 ], [ -8.3029, 6.3406 ], [ -8.3101, 6.3446 ], [ -8.3176, 6.337 ], [ -8.3223, 6.3365 ], [ -8.3425, 6.3569 ], [ -8.3529, 6.3611 ], [ -8.3659, 6.3501 ], [ -8.3767, 6.3548 ], [ -8.3889, 6.3551 ], [ -8.4011, 6.3505 ], [ -8.4119, 6.34 ], [ -8.4238, 6.3521 ], [ -8.4202, 6.3581 ], [ -8.4109, 6.3632 ], [ -8.4058, 6.3722 ], [ -8.4173, 6.3983 ], [ -8.4191, 6.4077 ], [ -8.4137, 6.4242 ], [ -8.4065, 6.4306 ], [ -8.4051, 6.4364 ], [ -8.4184, 6.4512 ], [ -8.4497, 6.468 ], [ -8.4613, 6.4829 ], [ -8.4674, 6.4872 ], [ -8.4724, 6.4787 ], [ -8.4767, 6.4603 ], [ -8.4847, 6.4416 ], [ -8.4973, 6.4313 ], [ -8.5156, 6.4376 ], [ -8.5455, 6.4773 ], [ -8.5567, 6.487 ], [ -8.5682, 6.4904 ], [ -8.5919, 6.4897 ], [ -8.6186, 6.4929 ], [ -8.5941, 6.5239 ], [ -8.5772, 6.5281 ], [ -8.5729, 6.5309 ], [ -8.566, 6.5491 ], [ -8.5671, 6.5507 ], [ -8.5473, 6.5601 ], [ -8.5336, 6.5763 ], [ -8.4613, 6.6334 ], [ -8.3518, 6.7553 ], [ -8.3374, 6.7772 ], [ -8.3248, 6.8063 ], [ -8.3165, 6.8363 ], [ -8.3151, 6.8504 ], [ -8.3158, 6.8638 ], [ -8.3205, 6.8697 ], [ -8.3288, 6.8751 ], [ -8.3338, 6.8826 ], [ -8.3209, 6.9102 ], [ -8.3201, 6.96 ], [ -8.3144, 6.9686 ], [ -8.2942, 6.9845 ], [ -8.2867, 6.9938 ], [ -8.2841, 7.0179 ], [ -8.3011, 7.1132 ], [ -8.3025, 7.1376 ], [ -8.3054, 7.1469 ], [ -8.3115, 7.1573 ], [ -8.3263, 7.1721 ], [ -8.3299, 7.1784 ], [ -8.3291, 7.204 ], [ -8.3331, 7.2118 ], [ -8.3497, 7.2347 ], [ -8.3576, 7.2658 ], [ -8.3641, 7.279 ], [ -8.3878, 7.315 ], [ -8.3932, 7.3343 ], [ -8.4051, 7.4314 ], [ -8.4256, 7.5019 ], [ -8.4436, 7.5371 ], [ -8.4854, 7.558 ], [ -8.44, 7.5999 ], [ -8.4148, 7.613 ], [ -8.3907, 7.5858 ], [ -8.3723, 7.5874 ], [ -8.3367, 7.5978 ], [ -8.3032, 7.5894 ], [ -8.2654, 7.56 ], [ -8.2291, 7.5443 ], [ -8.2003, 7.5763 ], [ -8.2028, 7.6072 ], [ -8.1977, 7.6186 ], [ -8.1779, 7.6439 ], [ -8.1621, 7.6542 ], [ -8.1581, 7.6583 ], [ -8.1574, 7.6623 ], [ -8.1603, 7.6722 ], [ -8.1596, 7.6764 ], [ -8.1275, 7.713 ], [ -8.1225, 7.7275 ], [ -8.1189, 7.7608 ], [ -8.1153, 7.777 ], [ -8.0984, 7.7919 ], [ -8.0962, 7.8019 ], [ -8.1013, 7.8129 ], [ -8.1236, 7.8321 ], [ -8.1311, 7.8424 ], [ -8.129, 7.8826 ], [ -8.0789, 7.9577 ], [ -8.0689, 7.9966 ], [ -8.0671, 8.0208 ], [ -8.0692, 8.0293 ], [ -8.0537, 8.0288 ], [ -8.012, 8.0356 ], [ -8.0023, 8.0324 ], [ -7.9925, 8.0241 ], [ -7.9803, 8.0165 ], [ -7.9627, 8.0152 ], [ -7.9681, 8.037 ], [ -7.9803, 8.059 ], [ -7.9972, 8.0774 ], [ -8.0156, 8.0885 ], [ -8.0213, 8.1027 ], [ -8.0217, 8.1177 ], [ -8.0156, 8.1482 ], [ -8.0023, 8.1744 ], [ -8.0033, 8.1841 ], [ -8.0156, 8.184 ], [ -8.0761, 8.1634 ], [ -8.0854, 8.1621 ], [ -8.183, 8.1917 ], [ -8.2661, 8.2461 ], [ -8.2647, 8.2565 ], [ -8.2481, 8.2736 ], [ -8.2453, 8.2851 ], [ -8.2478, 8.3039 ], [ -8.2478, 8.3226 ], [ -8.2352, 8.3796 ], [ -8.237, 8.4001 ], [ -8.242, 8.4128 ], [ -8.2543, 8.4345 ], [ -8.2543, 8.4466 ], [ -8.2489, 8.4536 ], [ -8.2003, 8.4918 ], [ -8.1862, 8.4936 ], [ -8.1506, 8.4865 ], [ -8.1301, 8.4886 ], [ -8.0969, 8.5017 ], [ -8.0768, 8.5032 ], [ -8.0681, 8.5005 ], [ -8.0573, 8.4909 ], [ -8.0505, 8.4876 ], [ -8.0249, 8.4886 ], [ -8.0156, 8.4872 ], [ -7.9861, 8.4949 ], [ -7.9706, 8.4969 ], [ -7.9562, 8.4944 ], [ -7.9439, 8.4846 ], [ -7.9317, 8.457 ], [ -7.9238, 8.4438 ], [ -7.913, 8.4343 ], [ -7.8986, 8.4262 ], [ -7.8824, 8.4215 ], [ -7.8655, 8.4209 ], [ -7.8485, 8.4287 ], [ -7.8467, 8.4427 ], [ -7.8493, 8.4592 ], [ -7.8457, 8.4743 ], [ -7.8237, 8.4779 ], [ -7.8025, 8.4493 ], [ -7.7711, 8.3866 ], [ -7.7485, 8.3723 ], [ -7.7207, 8.3686 ], [ -7.6624, 8.3749 ], [ -7.6833, 8.4174 ], [ -7.6894, 8.4387 ], [ -7.6865, 8.4626 ], [ -7.6793, 8.4878 ], [ -7.6793, 8.5051 ], [ -7.6916, 8.5467 ], [ -7.6941, 8.5678 ], [ -7.6916, 8.6061 ], [ -7.697, 8.6249 ], [ -7.7038, 8.6335 ], [ -7.7319, 8.6521 ], [ -7.7413, 8.6629 ], [ -7.765, 8.7062 ], [ -7.7722, 8.7146 ], [ -7.7909, 8.7309 ], [ -7.8035, 8.7491 ], [ -7.81, 8.7534 ], [ -7.8161, 8.7535 ], [ -7.8266, 8.7482 ], [ -7.8309, 8.7477 ], [ -7.891, 8.7657 ], [ -7.913, 8.7683 ], [ -7.9591, 8.782 ], [ -7.9688, 8.8129 ], [ -7.9508, 8.8995 ], [ -7.9465, 8.9486 ], [ -7.9414, 8.9722 ], [ -7.9321, 8.9965 ], [ -7.9166, 9.0124 ], [ -7.8269, 9.0578 ], [ -7.8079, 9.0601 ], [ -7.7881, 9.0601 ], [ -7.7643, 9.0636 ], [ -7.7467, 9.0765 ], [ -7.7593, 9.0917 ], [ -7.801, 9.1149 ], [ -7.8233, 9.132 ], [ -7.8341, 9.1431 ], [ -7.8478, 9.1685 ], [ -7.8561, 9.1703 ], [ -7.8662, 9.1661 ], [ -7.8788, 9.164 ], [ -7.9295, 9.1838 ], [ -7.9306, 9.2203 ], [ -7.895, 9.3072 ], [ -7.8917, 9.3302 ], [ -7.8655, 9.41 ], [ -7.8705, 9.4187 ], [ -7.9119, 9.4187 ], [ -7.9331, 9.4142 ], [ -7.9709, 9.3929 ], [ -7.9915, 9.3853 ], [ -8.0098, 9.3836 ], [ -8.0321, 9.3846 ], [ -8.0541, 9.3891 ], [ -8.0703, 9.3975 ], [ -8.0872, 9.4154 ], [ -8.1452, 9.4971 ], [ -8.1527, 9.5131 ], [ -8.1578, 9.5309 ], [ -8.161, 9.5536 ], [ -8.1617, 9.5757 ], [ -8.1236, 9.8449 ], [ -8.1283, 9.8663 ], [ -8.147, 9.8647 ], [ -8.1509, 9.8662 ], [ -8.1549, 9.8752 ], [ -8.152, 9.8788 ], [ -8.1473, 9.8802 ], [ -8.1455, 9.8825 ], [ -8.1495, 9.9054 ], [ -8.1531, 9.911 ], [ -8.1646, 9.9127 ], [ -8.1679, 9.9147 ], [ -8.1747, 9.933 ], [ -8.174, 9.9419 ], [ -8.1524, 9.95 ], [ -8.1401, 9.9598 ], [ -8.1362, 9.9695 ], [ -8.1488, 9.9739 ], [ -8.1585, 9.985 ], [ -8.1477, 10.01 ], [ -8.1275, 10.0372 ], [ -8.1088, 10.0542 ], [ -8.0577, 10.0731 ], [ -8.035, 10.0858 ], [ -8.0156, 10.1103 ], [ -8.0123, 10.1249 ], [ -8.0073, 10.1384 ], [ -7.9997, 10.1507 ], [ -7.9897, 10.162 ], [ -7.9709, 10.1551 ], [ -7.9497, 10.1554 ], [ -7.9292, 10.161 ], [ -7.9108, 10.1694 ], [ -7.8827, 10.1909 ], [ -7.8572, 10.1945 ], [ -7.8475, 10.1979 ], [ -7.8291, 10.2116 ], [ -7.805, 10.2418 ], [ -7.7978, 10.2603 ], [ -7.7837, 10.2705 ], [ -7.7783, 10.2783 ], [ -7.7762, 10.2928 ], [ -7.7643, 10.313 ], [ -7.7776, 10.3298 ], [ -7.7575, 10.334 ], [ -7.7355, 10.3472 ], [ -7.724, 10.3636 ], [ -7.7359, 10.3784 ], [ -7.7222, 10.3845 ], [ -7.7222, 10.3914 ], [ -7.7085, 10.4025 ], [ -7.6999, 10.4045 ], [ -7.688, 10.4031 ], [ -7.679, 10.406 ], [ -7.67, 10.4287 ], [ -7.6646, 10.4372 ], [ -7.6437, 10.4405 ], [ -7.6077, 10.4187 ], [ -7.5843, 10.4166 ], [ -7.5562, 10.4173 ], [ -7.5476, 10.4206 ], [ -7.5397, 10.4276 ], [ -7.5159, 10.4578 ], [ -7.5015, 10.4586 ], [ -7.49, 10.4561 ], [ -7.4803, 10.4503 ], [ -7.4716, 10.441 ], [ -7.4662, 10.4294 ], [ -7.4655, 10.3987 ], [ -7.4615, 10.3887 ], [ -7.4446, 10.3609 ], [ -7.4432, 10.35 ], [ -7.4457, 10.3404 ], [ -7.4443, 10.3343 ], [ -7.4313, 10.3337 ], [ -7.3949, 10.3462 ], [ -7.3723, 10.3447 ], [ -7.3665, 10.3294 ], [ -7.3726, 10.2886 ], [ -7.3719, 10.2646 ], [ -7.3633, 10.2521 ], [ -7.3471, 10.2478 ], [ -7.2841, 10.2466 ], [ -7.2049, 10.2345 ], [ -7.1062, 10.2072 ], [ -7.0893, 10.1976 ], [ -7.0731, 10.1786 ], [ -7.0583, 10.156 ], [ -7.0403, 10.1401 ], [ -7.0159, 10.1409 ], [ -6.9925, 10.1491 ], [ -6.9716, 10.1644 ], [ -6.9593, 10.1854 ], [ -6.9615, 10.2111 ], [ -6.9712, 10.2221 ], [ -6.995, 10.2394 ], [ -6.9971, 10.2527 ], [ -6.973, 10.3323 ], [ -6.9611, 10.3449 ], [ -6.9388, 10.3483 ], [ -6.8819, 10.3413 ], [ -6.8629, 10.3439 ], [ -6.8038, 10.3709 ], [ -6.7822, 10.3731 ], [ -6.7603, 10.3662 ], [ -6.7225, 10.344 ], [ -6.7005, 10.3417 ], [ -6.6775, 10.349 ], [ -6.6688, 10.361 ], [ -6.6638, 10.398 ], [ -6.6479, 10.4219 ], [ -6.6479, 10.4327 ], [ -6.6541, 10.44 ], [ -6.6832, 10.4518 ], [ -6.6958, 10.4712 ], [ -6.6976, 10.4883 ], [ -6.6879, 10.5205 ], [ -6.6829, 10.566 ], [ -6.6893, 10.581 ], [ -6.6911, 10.5894 ], [ -6.689, 10.6079 ], [ -6.6843, 10.6265 ], [ -6.6818, 10.6274 ], [ -6.6677, 10.651 ], [ -6.6692, 10.6541 ], [ -6.6472, 10.6614 ], [ -6.6339, 10.653 ], [ -6.6137, 10.6185 ], [ -6.5986, 10.6049 ], [ -6.5781, 10.5912 ], [ -6.5374, 10.5697 ], [ -6.5212, 10.5643 ], [ -6.4669, 10.5535 ], [ -6.446, 10.5522 ], [ -6.4215, 10.5567 ], [ -6.4028, 10.5691 ], [ -6.3992, 10.5924 ], [ -6.4067, 10.6019 ], [ -6.4309, 10.6149 ], [ -6.4359, 10.6286 ], [ -6.4341, 10.668 ], [ -6.4269, 10.686 ], [ -6.41, 10.6943 ], [ -6.388, 10.6955 ], [ -6.3675, 10.6923 ], [ -6.3416, 10.6915 ], [ -6.3221, 10.7005 ], [ -6.3034, 10.7132 ], [ -6.28, 10.7232 ], [ -6.2559, 10.7265 ], [ -6.2458, 10.7208 ], [ -6.2444, 10.7069 ], [ -6.2494, 10.6656 ], [ -6.2465, 10.6577 ], [ -6.2278, 10.6508 ], [ -6.217, 10.6451 ], [ -6.2077, 10.6375 ], [ -6.2044, 10.6296 ], [ -6.2098, 10.6178 ], [ -6.2307, 10.6069 ], [ -6.2386, 10.598 ], [ -6.2329, 10.5841 ], [ -6.23, 10.5721 ], [ -6.2314, 10.5602 ], [ -6.2379, 10.5519 ], [ -6.2563, 10.5372 ], [ -6.2609, 10.5292 ], [ -6.2613, 10.5142 ], [ -6.2559, 10.5116 ], [ -6.2476, 10.5139 ], [ -6.2386, 10.5127 ], [ -6.2224, 10.4947 ], [ -6.2156, 10.4927 ], [ -6.1961, 10.4947 ], [ -6.1904, 10.4911 ], [ -6.1857, 10.4814 ], [ -6.1875, 10.4754 ], [ -6.1983, 10.4574 ], [ -6.2005, 10.4488 ], [ -6.1969, 10.4392 ], [ -6.1807, 10.4203 ], [ -6.1958, 10.3892 ], [ -6.1987, 10.3708 ], [ -6.1839, 10.3589 ], [ -6.2084, 10.332 ], [ -6.2041, 10.3161 ], [ -6.2062, 10.3108 ], [ -6.2145, 10.3078 ], [ -6.221, 10.3104 ], [ -6.2282, 10.3161 ], [ -6.2408, 10.3027 ], [ -6.2433, 10.2891 ], [ -6.2401, 10.252 ], [ -6.2249, 10.255 ], [ -6.2141, 10.2478 ], [ -6.1943, 10.2242 ], [ -6.181, 10.2158 ], [ -6.1054, 10.1893 ], [ -6.0158, 10.1899 ], [ -5.9971, 10.2082 ], [ -5.9852, 10.2272 ], [ -5.9783, 10.2487 ], [ -5.9747, 10.2736 ], [ -5.9629, 10.2828 ], [ -5.9164, 10.2666 ], [ -5.9045, 10.2753 ], [ -5.9089, 10.3301 ], [ -5.9049, 10.3483 ], [ -5.8934, 10.365 ], [ -5.8779, 10.3761 ], [ -5.8063, 10.4134 ], [ -5.6774, 10.4415 ], [ -5.6219, 10.4469 ], [ -5.5942, 10.4539 ], [ -5.5845, 10.4542 ], [ -5.5715, 10.4499 ], [ -5.5496, 10.4356 ], [ -5.5226, 10.4254 ], [ -5.5049, 10.4156 ] ] ] ] } },
{ "type": "Feature", "properties": { "z": "Liberia", "ISO_A3": "LBR", "c": "Liberia" }, "geometry": { "type": "Polygon", "coordinates": [ [ [ -11.4763, 6.9195 ], [ -11.4507, 6.8834 ], [ -11.441, 6.8733 ], [ -11.4241, 6.8594 ], [ -11.4043, 6.8471 ], [ -11.3856, 6.8418 ], [ -11.382, 6.8369 ], [ -11.3683, 6.8114 ], [ -11.3701, 6.789 ], [ -11.3758, 6.7666 ], [ -11.3748, 6.7269 ], [ -11.3532, 6.7012 ], [ -11.2329, 6.6482 ], [ -11.0536, 6.5842 ], [ -10.896, 6.499 ], [ -10.8574, 6.4728 ], [ -10.8243, 6.4378 ], [ -10.8002, 6.3898 ], [ -10.784, 6.4013 ], [ -10.7736, 6.4043 ], [ -10.7595, 6.4043 ], [ -10.7822, 6.3814 ], [ -10.7923, 6.3591 ], [ -10.789, 6.335 ], [ -10.7725, 6.3074 ], [ -10.7829, 6.31 ], [ -10.7905, 6.314 ], [ -10.8002, 6.3279 ], [ -10.8078, 6.3108 ], [ -10.7883, 6.293 ], [ -10.6594, 6.2276 ], [ -10.4568, 6.1775 ], [ -10.4247, 6.1646 ], [ -10.397, 6.1479 ], [ -10.3819, 6.1292 ], [ -10.3894, 6.1521 ], [ -10.4121, 6.171 ], [ -10.464, 6.1975 ], [ -10.464, 6.205 ], [ -10.4449, 6.2039 ], [ -10.4283, 6.1971 ], [ -10.3956, 6.177 ], [ -10.3804, 6.1655 ], [ -10.3678, 6.1519 ], [ -10.3538, 6.1407 ], [ -10.3336, 6.1361 ], [ -10.338, 6.1268 ], [ -10.3444, 6.1228 ], [ -10.3524, 6.1235 ], [ -10.3614, 6.1292 ], [ -10.3642, 6.1157 ], [ -10.3538, 6.1023 ], [ -10.3362, 6.0923 ], [ -10.298, 6.0849 ], [ -10.28, 6.077 ], [ -10.2267, 6.0437 ], [ -10.1857, 5.9992 ], [ -10.1151, 5.9434 ], [ -10.1043, 5.9375 ], [ -10.0892, 5.9341 ], [ -10.0712, 5.9249 ], [ -10.0557, 5.9119 ], [ -10.0464, 5.8964 ], [ -10.0449, 5.8845 ], [ -10.0492, 5.8718 ], [ -10.0464, 5.8618 ], [ -10.0399, 5.8543 ], [ -10.0226, 5.8443 ], [ -10.015, 5.8382 ], [ -9.9797, 5.7981 ], [ -9.8422, 5.6855 ], [ -9.6968, 5.5464 ], [ -9.5971, 5.4884 ], [ -9.5809, 5.4645 ], [ -9.583, 5.4549 ], [ -9.5949, 5.44 ], [ -9.5938, 5.4303 ], [ -9.5877, 5.4307 ], [ -9.5593, 5.425 ], [ -9.542, 5.4199 ], [ -9.5243, 5.4109 ], [ -9.5081, 5.3997 ], [ -9.4973, 5.3894 ], [ -9.4883, 5.3716 ], [ -9.4779, 5.3354 ], [ -9.4707, 5.3206 ], [ -9.3541, 5.2112 ], [ -9.3346, 5.2011 ], [ -9.3123, 5.1926 ], [ -9.2921, 5.1816 ], [ -9.2788, 5.1636 ], [ -9.2921, 5.1636 ], [ -9.2788, 5.1458 ], [ -9.2619, 5.1374 ], [ -9.2439, 5.1307 ], [ -9.2126, 5.1075 ], [ -9.178, 5.091 ], [ -9.1622, 5.0809 ], [ -9.1049, 5.0316 ], [ -9.0697, 5.011 ], [ -9.0257, 4.999 ], [ -9.0279, 4.9943 ], [ -9.0319, 4.9916 ], [ -9.0149, 4.9785 ], [ -8.9912, 4.9675 ], [ -8.9667, 4.9602 ], [ -8.9361, 4.9555 ], [ -8.9156, 4.9463 ], [ -8.9051, 4.9443 ], [ -8.8742, 4.9302 ], [ -8.8483, 4.9136 ], [ -8.7781, 4.8543 ], [ -8.7471, 4.8377 ], [ -8.6074, 4.7869 ], [ -8.5498, 4.7549 ], [ -8.4386, 4.6761 ], [ -8.3353, 4.6388 ], [ -8.3162, 4.6352 ], [ -8.3003, 4.6273 ], [ -8.2571, 4.58 ], [ -8.2219, 4.5681 ], [ -8.1002, 4.5534 ], [ -8.0375, 4.5287 ], [ -8.003, 4.5236 ], [ -7.9598, 4.512 ], [ -7.9421, 4.5049 ], [ -7.9245, 4.4917 ], [ -7.9144, 4.4865 ], [ -7.8979, 4.4845 ], [ -7.8867, 4.4802 ], [ -7.8629, 4.4613 ], [ -7.8327, 4.4523 ], [ -7.8237, 4.4407 ], [ -7.8122, 4.4161 ], [ -7.801, 4.4064 ], [ -7.7888, 4.399 ], [ -7.7495, 4.3834 ], [ -7.7333, 4.3821 ], [ -7.7287, 4.3789 ], [ -7.7211, 4.3647 ], [ -7.7128, 4.3616 ], [ -7.6444, 4.3616 ], [ -7.6318, 4.3593 ], [ -7.6081, 4.3494 ], [ -7.5933, 4.3473 ], [ -7.5407, 4.3529 ], [ -7.5739, 4.3755 ], [ -7.5793, 4.3872 ], [ -7.5778, 4.3974 ], [ -7.5674, 4.416 ], [ -7.5641, 4.4259 ], [ -7.5656, 4.4353 ], [ -7.5728, 4.4555 ], [ -7.571, 4.4808 ], [ -7.5767, 4.5094 ], [ -7.5724, 4.7234 ], [ -7.5767, 4.7753 ], [ -7.5796, 4.7843 ], [ -7.5854, 4.7916 ], [ -7.6009, 4.8047 ], [ -7.6059, 4.8162 ], [ -7.6059, 4.8251 ], [ -7.6001, 4.8459 ], [ -7.5987, 4.8572 ], [ -7.6059, 4.8881 ], [ -7.6055, 4.8975 ], [ -7.5749, 4.9216 ], [ -7.5616, 4.9201 ], [ -7.5533, 4.9143 ], [ -7.5494, 4.914 ], [ -7.5497, 4.9292 ], [ -7.5551, 4.9485 ], [ -7.5645, 4.9616 ], [ -7.5717, 4.9754 ], [ -7.5703, 4.997 ], [ -7.5782, 5.0548 ], [ -7.5757, 5.0721 ], [ -7.5631, 5.0902 ], [ -7.5469, 5.0977 ], [ -7.5299, 5.0975 ], [ -7.5159, 5.0919 ], [ -7.4889, 5.1407 ], [ -7.4831, 5.1583 ], [ -7.4824, 5.1752 ], [ -7.4903, 5.2222 ], [ -7.4799, 5.2552 ], [ -7.4756, 5.2643 ], [ -7.4684, 5.2735 ], [ -7.4425, 5.2874 ], [ -7.4399, 5.2902 ], [ -7.4284, 5.2882 ], [ -7.4353, 5.2793 ], [ -7.4309, 5.2676 ], [ -7.4309, 5.26 ], [ -7.4284, 5.2562 ], [ -7.4187, 5.2605 ], [ -7.4137, 5.2667 ], [ -7.4075, 5.2899 ], [ -7.3899, 5.3171 ], [ -7.3888, 5.3284 ], [ -7.3913, 5.3477 ], [ -7.3971, 5.3665 ], [ -7.4043, 5.3681 ], [ -7.4147, 5.3661 ], [ -7.4299, 5.3744 ], [ -7.4392, 5.3878 ], [ -7.4461, 5.405 ], [ -7.45, 5.4229 ], [ -7.4504, 5.4388 ], [ -7.4363, 5.4313 ], [ -7.4317, 5.4419 ], [ -7.4324, 5.4795 ], [ -7.4252, 5.4941 ], [ -7.4133, 5.5036 ], [ -7.4083, 5.5119 ], [ -7.4201, 5.5232 ], [ -7.3935, 5.5241 ], [ -7.4072, 5.5414 ], [ -7.4119, 5.5604 ], [ -7.405, 5.5724 ], [ -7.3841, 5.569 ], [ -7.3967, 5.5852 ], [ -7.4309, 5.654 ], [ -7.4497, 5.7324 ], [ -7.4486, 5.769 ], [ -7.4421, 5.8113 ], [ -7.4464, 5.846 ], [ -7.4785, 5.8599 ], [ -7.4817, 5.8303 ], [ -7.4867, 5.8138 ], [ -7.4943, 5.8063 ], [ -7.504, 5.8121 ], [ -7.5087, 5.8261 ], [ -7.5155, 5.8393 ], [ -7.531, 5.842 ], [ -7.5278, 5.8589 ], [ -7.5353, 5.8559 ], [ -7.5476, 5.8455 ], [ -7.5591, 5.8399 ], [ -7.5663, 5.8438 ], [ -7.5796, 5.8604 ], [ -7.5872, 5.8668 ], [ -7.5793, 5.8772 ], [ -7.5843, 5.8837 ], [ -7.6084, 5.8937 ], [ -7.6289, 5.905 ], [ -7.6307, 5.9086 ], [ -7.6484, 5.9113 ], [ -7.6631, 5.9232 ], [ -7.6739, 5.9358 ], [ -7.6804, 5.9409 ], [ -7.6916, 5.9278 ], [ -7.7031, 5.9079 ], [ -7.7171, 5.9009 ], [ -7.7348, 5.9256 ], [ -7.747, 5.9376 ], [ -7.7866, 5.9582 ], [ -7.7996, 5.9746 ], [ -7.8007, 5.9817 ], [ -7.7999, 6.0102 ], [ -7.7978, 6.0148 ], [ -7.7884, 6.0198 ], [ -7.7866, 6.0252 ], [ -7.7888, 6.0315 ], [ -7.7992, 6.0357 ], [ -7.8025, 6.0392 ], [ -7.8057, 6.0621 ], [ -7.8097, 6.0713 ], [ -7.8194, 6.0802 ], [ -7.8284, 6.0807 ], [ -7.841, 6.0774 ], [ -7.8503, 6.0723 ], [ -7.8511, 6.0676 ], [ -7.8619, 6.0816 ], [ -7.8644, 6.1018 ], [ -7.8619, 6.1244 ], [ -7.8575, 6.1454 ], [ -7.8442, 6.1841 ], [ -7.8467, 6.1975 ], [ -7.8622, 6.2164 ], [ -7.9065, 6.252 ], [ -7.9101, 6.2568 ], [ -7.9144, 6.2718 ], [ -7.9205, 6.2738 ], [ -7.9295, 6.2708 ], [ -7.9349, 6.2715 ], [ -7.9994, 6.2867 ], [ -8.0156, 6.2978 ], [ -8.0329, 6.3018 ], [ -8.0602, 6.3011 ], [ -8.1067, 6.2947 ], [ -8.1405, 6.2776 ], [ -8.1542, 6.2742 ], [ -8.1707, 6.2741 ], [ -8.179, 6.2769 ], [ -8.1967, 6.2882 ], [ -8.2085, 6.2925 ], [ -8.2859, 6.3101 ], [ -8.2949, 6.3134 ], [ -8.2967, 6.3176 ], [ -8.2978, 6.3326 ], [ -8.3029, 6.3406 ], [ -8.3101, 6.3446 ], [ -8.3176, 6.337 ], [ -8.3223, 6.3365 ], [ -8.3425, 6.3569 ], [ -8.3529, 6.3611 ], [ -8.3659, 6.3501 ], [ -8.3767, 6.3548 ], [ -8.3889, 6.3551 ], [ -8.4011, 6.3505 ], [ -8.4119, 6.34 ], [ -8.4238, 6.3521 ], [ -8.4202, 6.3581 ], [ -8.4109, 6.3632 ], [ -8.4058, 6.3722 ], [ -8.4173, 6.3983 ], [ -8.4191, 6.4077 ], [ -8.4137, 6.4242 ], [ -8.4065, 6.4306 ], [ -8.4051, 6.4364 ], [ -8.4184, 6.4512 ], [ -8.4497, 6.468 ], [ -8.4613, 6.4829 ], [ -8.4674, 6.4872 ], [ -8.4724, 6.4787 ], [ -8.4767, 6.4603 ], [ -8.4847, 6.4416 ], [ -8.4973, 6.4313 ], [ -8.5156, 6.4376 ], [ -8.5455, 6.4773 ], [ -8.5567, 6.487 ], [ -8.5682, 6.4904 ], [ -8.5919, 6.4897 ], [ -8.6186, 6.4929 ], [ -8.5941, 6.5239 ], [ -8.5772, 6.5281 ], [ -8.5729, 6.5309 ], [ -8.566, 6.5491 ], [ -8.5671, 6.5507 ], [ -8.5473, 6.5601 ], [ -8.5336, 6.5763 ], [ -8.4613, 6.6334 ], [ -8.3518, 6.7553 ], [ -8.3374, 6.7772 ], [ -8.3248, 6.8063 ], [ -8.3165, 6.8363 ], [ -8.3151, 6.8504 ], [ -8.3158, 6.8638 ], [ -8.3205, 6.8697 ], [ -8.3288, 6.8751 ], [ -8.3338, 6.8826 ], [ -8.3209, 6.9102 ], [ -8.3201, 6.96 ], [ -8.3144, 6.9686 ], [ -8.2942, 6.9845 ], [ -8.2867, 6.9938 ], [ -8.2841, 7.0179 ], [ -8.3011, 7.1132 ], [ -8.3025, 7.1376 ], [ -8.3054, 7.1469 ], [ -8.3115, 7.1573 ], [ -8.3263, 7.1721 ], [ -8.3299, 7.1784 ], [ -8.3291, 7.204 ], [ -8.3331, 7.2118 ], [ -8.3497, 7.2347 ], [ -8.3576, 7.2658 ], [ -8.3641, 7.279 ], [ -8.3878, 7.315 ], [ -8.3932, 7.3343 ], [ -8.4051, 7.4314 ], [ -8.4256, 7.5019 ], [ -8.4436, 7.5371 ], [ -8.4854, 7.558 ], [ -8.5156, 7.5772 ], [ -8.5477, 7.6008 ], [ -8.5664, 7.6234 ], [ -8.5729, 7.6508 ], [ -8.5675, 7.6882 ], [ -8.6866, 7.6944 ], [ -8.6945, 7.6745 ], [ -8.7208, 7.6427 ], [ -8.7277, 7.622 ], [ -8.7302, 7.5875 ], [ -8.7392, 7.5657 ], [ -8.7381, 7.5595 ], [ -8.7295, 7.5564 ], [ -8.7269, 7.5519 ], [ -8.7259, 7.5285 ], [ -8.7295, 7.5086 ], [ -8.7395, 7.4906 ], [ -8.7565, 7.4724 ], [ -8.7845, 7.4557 ], [ -8.7903, 7.4508 ], [ -8.7939, 7.4415 ], [ -8.7953, 7.4211 ], [ -8.7993, 7.4122 ], [ -8.8076, 7.4046 ], [ -8.8241, 7.3999 ], [ -8.8335, 7.3939 ], [ -8.8515, 7.3716 ], [ -8.8655, 7.3469 ], [ -8.8634, 7.3299 ], [ -8.8558, 7.3119 ], [ -8.8515, 7.293 ], [ -8.858, 7.2731 ], [ -8.8688, 7.2667 ], [ -8.9123, 7.2502 ], [ -8.9253, 7.2486 ], [ -8.9444, 7.2787 ], [ -8.9573, 7.2865 ], [ -8.9627, 7.2629 ], [ -8.9732, 7.2677 ], [ -8.9779, 7.2662 ], [ -8.9811, 7.2506 ], [ -9.0077, 7.2435 ], [ -9.0157, 7.2389 ], [ -9.0329, 7.2403 ], [ -9.0466, 7.2327 ], [ -9.0733, 7.2114 ], [ -9.1139, 7.2004 ], [ -9.1255, 7.1902 ], [ -9.1161, 7.2247 ], [ -9.1197, 7.238 ], [ -9.1391, 7.2479 ], [ -9.1471, 7.2541 ], [ -9.1474, 7.2714 ], [ -9.1532, 7.2755 ], [ -9.1816, 7.2757 ], [ -9.2061, 7.2984 ], [ -9.2198, 7.361 ], [ -9.2342, 7.3813 ], [ -9.2497, 7.3831 ], [ -9.2839, 7.3741 ], [ -9.2993, 7.3767 ], [ -9.3055, 7.3836 ], [ -9.3123, 7.4033 ], [ -9.3195, 7.4119 ], [ -9.335, 7.4196 ], [ -9.3494, 7.4216 ], [ -9.3753, 7.4193 ], [ -9.3793, 7.4159 ], [ -9.3814, 7.405 ], [ -9.3922, 7.3999 ], [ -9.4073, 7.3781 ], [ -9.4189, 7.3879 ], [ -9.4379, 7.4216 ], [ -9.4491, 7.405 ], [ -9.4783, 7.377 ], [ -9.4865, 7.3728 ], [ -9.4909, 7.3761 ], [ -9.4797, 7.3854 ], [ -9.4736, 7.3956 ], [ -9.4707, 7.4073 ], [ -9.4703, 7.4211 ], [ -9.4664, 7.4335 ], [ -9.4567, 7.4431 ], [ -9.4361, 7.4586 ], [ -9.4135, 7.4923 ], [ -9.4048, 7.5137 ], [ -9.4088, 7.5275 ], [ -9.3908, 7.5483 ], [ -9.3836, 7.5596 ], [ -9.3789, 7.5864 ], [ -9.3731, 7.6014 ], [ -9.3645, 7.6143 ], [ -9.3533, 7.6224 ], [ -9.3746, 7.6469 ], [ -9.3764, 7.6807 ], [ -9.3663, 7.7162 ], [ -9.3555, 7.7419 ], [ -9.3811, 7.7744 ], [ -9.3897, 7.7914 ], [ -9.4156, 7.8245 ], [ -9.4387, 7.8663 ], [ -9.4484, 7.9079 ], [ -9.4459, 7.9501 ], [ -9.4333, 7.9935 ], [ -9.4246, 8.0058 ], [ -9.4225, 8.0158 ], [ -9.4243, 8.0263 ], [ -9.4293, 8.037 ], [ -9.4408, 8.0506 ], [ -9.4516, 8.0517 ], [ -9.4621, 8.0434 ], [ -9.4743, 8.0288 ], [ -9.4729, 8.0404 ], [ -9.4617, 8.0585 ], [ -9.4599, 8.0688 ], [ -9.4779, 8.1413 ], [ -9.4783, 8.1528 ], [ -9.4815, 8.1648 ], [ -9.4912, 8.1699 ], [ -9.5157, 8.175 ], [ -9.5301, 8.1855 ], [ -9.5319, 8.2123 ], [ -9.5254, 8.2408 ], [ -9.5157, 8.2567 ], [ -9.5107, 8.2611 ], [ -9.5092, 8.2657 ], [ -9.5107, 8.2701 ], [ -9.5157, 8.2744 ], [ -9.5211, 8.2844 ], [ -9.5301, 8.306 ], [ -9.5395, 8.3146 ], [ -9.5222, 8.3306 ], [ -9.4991, 8.3435 ], [ -9.529, 8.3663 ], [ -9.5791, 8.3873 ], [ -9.592, 8.4051 ], [ -9.6003, 8.4109 ], [ -9.6122, 8.3963 ], [ -9.6194, 8.3928 ], [ -9.6532, 8.3922 ], [ -9.6683, 8.3888 ], [ -9.6773, 8.3916 ], [ -9.6759, 8.4096 ], [ -9.6665, 8.4224 ], [ -9.6532, 8.4315 ], [ -9.6449, 8.4434 ], [ -9.6507, 8.4649 ], [ -9.6637, 8.4779 ], [ -9.6835, 8.4871 ], [ -9.7033, 8.4874 ], [ -9.7155, 8.4733 ], [ -9.718, 8.4527 ], [ -9.718, 8.4383 ], [ -9.722, 8.4357 ], [ -9.736, 8.4506 ], [ -9.7465, 8.468 ], [ -9.7508, 8.4859 ], [ -9.7573, 8.5327 ], [ -9.763, 8.55 ], [ -9.7735, 8.5631 ], [ -9.7907, 8.5655 ], [ -9.79, 8.553 ], [ -9.7947, 8.5446 ], [ -9.8087, 8.5286 ], [ -9.8087, 8.5206 ], [ -9.8055, 8.5128 ], [ -9.8069, 8.5062 ], [ -9.8318, 8.4991 ], [ -9.8498, 8.4896 ], [ -9.8588, 8.4871 ], [ -9.8681, 8.4981 ], [ -9.8728, 8.5004 ], [ -9.8919, 8.4959 ], [ -9.9113, 8.4957 ], [ -9.9283, 8.4935 ], [ -9.9441, 8.4884 ], [ -9.961, 8.4796 ], [ -10.0003, 8.4493 ], [ -10.0402, 8.4257 ], [ -10.0618, 8.4222 ], [ -10.0752, 8.4267 ], [ -10.0795, 8.44 ], [ -10.0694, 8.4869 ], [ -10.0762, 8.5015 ], [ -10.091, 8.5101 ], [ -10.1479, 8.5243 ], [ -10.1648, 8.5247 ], [ -10.1817, 8.5195 ], [ -10.2156, 8.4866 ], [ -10.2325, 8.477 ], [ -10.2404, 8.4938 ], [ -10.2609, 8.4859 ], [ -10.2714, 8.4841 ], [ -10.2822, 8.4846 ], [ -10.2829, 8.433 ], [ -10.3138, 8.3103 ], [ -10.3311, 8.2723 ], [ -10.3333, 8.2498 ], [ -10.3261, 8.2216 ], [ -10.3182, 8.2017 ], [ -10.321, 8.1831 ], [ -10.3455, 8.1594 ], [ -10.365, 8.1482 ], [ -10.3844, 8.1422 ], [ -10.4049, 8.1393 ], [ -10.4859, 8.1389 ], [ -10.5057, 8.1359 ], [ -10.5291, 8.1243 ], [ -10.5439, 8.1061 ], [ -10.5673, 8.0632 ], [ -10.5777, 8.0532 ], [ -10.6033, 8.0393 ], [ -10.6123, 8.0318 ], [ -10.6162, 8.0225 ], [ -10.6177, 8.0108 ], [ -10.6152, 7.7691 ], [ -10.6454, 7.7631 ], [ -10.6926, 7.7376 ], [ -10.7307, 7.7056 ], [ -10.8747, 7.5308 ], [ -10.8859, 7.5222 ], [ -10.8988, 7.5165 ], [ -10.937, 7.5078 ], [ -10.978, 7.4849 ], [ -11.1264, 7.3681 ], [ -11.2092, 7.2622 ], [ -11.2178, 7.2541 ], [ -11.3002, 7.2171 ], [ -11.3172, 7.2136 ], [ -11.3521, 7.1593 ], [ -11.3733, 7.1389 ], [ -11.3704, 7.1284 ], [ -11.3564, 7.1054 ], [ -11.3532, 7.0928 ], [ -11.3553, 7.0841 ], [ -11.3604, 7.0786 ], [ -11.3679, 7.076 ], [ -11.3899, 7.0736 ], [ -11.3928, 7.0669 ], [ -11.3892, 7.0467 ], [ -11.3917, 7.0318 ], [ -11.3978, 7.0128 ], [ -11.4072, 6.9965 ], [ -11.4345, 6.9809 ], [ -11.4388, 6.9638 ], [ -11.4367, 6.9385 ], [ -11.4763, 6.9195 ] ] ] } },
{ "type": "Feature", "properties": { "z": "Mali", "ISO_A3": "MLI", "c": "Mali" }, "geometry": { "type": "Polygon", "coordinates": [ [ [ -12.264, 14.7749 ], [ -12.2564, 14.7458 ], [ -12.2366, 14.7285 ], [ -12.2305, 14.7145 ], [ -12.2229, 14.7033 ], [ -12.2078, 14.6966 ], [ -12.1804, 14.6929 ], [ -12.1923, 14.6668 ], [ -12.1898, 14.6559 ], [ -12.183, 14.6502 ], [ -12.1725, 14.6479 ], [ -12.165, 14.6419 ], [ -12.166, 14.6252 ], [ -12.1714, 14.6164 ], [ -12.1909, 14.598 ], [ -12.1984, 14.5875 ], [ -12.2042, 14.5542 ], [ -12.2114, 14.5479 ], [ -12.2305, 14.5367 ], [ -12.2366, 14.5194 ], [ -12.2341, 14.4985 ], [ -12.2226, 14.4549 ], [ -12.22, 14.4346 ], [ -12.2218, 14.3912 ], [ -12.2089, 14.3888 ], [ -12.1156, 14.3551 ], [ -12.1088, 14.342 ], [ -12.1131, 14.3295 ], [ -12.1279, 14.3242 ], [ -12.1196, 14.3106 ], [ -12.1099, 14.2982 ], [ -12.0976, 14.288 ], [ -12.0584, 14.2741 ], [ -12.0444, 14.265 ], [ -12.0346, 14.2502 ], [ -11.9976, 14.1661 ], [ -11.9954, 14.1441 ], [ -12.0026, 14.1034 ], [ -12.0253, 14.0267 ], [ -12.0253, 13.9852 ], [ -12.0152, 13.9593 ], [ -11.999, 13.9436 ], [ -11.9803, 13.9297 ], [ -11.963, 13.9091 ], [ -11.9569, 13.8903 ], [ -11.9569, 13.87 ], [ -11.963, 13.8295 ], [ -11.9788, 13.7849 ], [ -12.0123, 13.7512 ], [ -12.0976, 13.7044 ], [ -12.084, 13.693 ], [ -12.0703, 13.6732 ], [ -12.0498, 13.6343 ], [ -12.0372, 13.5982 ], [ -12.0152, 13.5645 ], [ -11.9968, 13.5441 ], [ -11.9389, 13.5029 ], [ -11.918, 13.4747 ], [ -11.9076, 13.4696 ], [ -11.8986, 13.4684 ], [ -11.8903, 13.4652 ], [ -11.8834, 13.4536 ], [ -11.8856, 13.4358 ], [ -11.9, 13.3822 ], [ -11.8975, 13.3711 ], [ -11.8888, 13.3688 ], [ -11.8622, 13.3561 ], [ -11.8546, 13.3505 ], [ -11.8507, 13.3431 ], [ -11.8446, 13.3238 ], [ -11.8399, 13.3169 ], [ -11.828, 13.3073 ], [ -11.8226, 13.3067 ], [ -11.8172, 13.3123 ], [ -11.7751, 13.3434 ], [ -11.7726, 13.3627 ], [ -11.7664, 13.3832 ], [ -11.7564, 13.3998 ], [ -11.7412, 13.4078 ], [ -11.7268, 13.4058 ], [ -11.7196, 13.3979 ], [ -11.7139, 13.388 ], [ -11.7042, 13.3804 ], [ -11.6944, 13.3791 ], [ -11.675, 13.3832 ], [ -11.6498, 13.3842 ], [ -11.6451, 13.3797 ], [ -11.6466, 13.3656 ], [ -11.644, 13.3555 ], [ -11.6329, 13.3544 ], [ -11.6131, 13.3608 ], [ -11.6131, 13.3391 ], [ -11.6059, 13.3196 ], [ -11.581, 13.2861 ], [ -11.5587, 13.2665 ], [ -11.5544, 13.2568 ], [ -11.5558, 13.2459 ], [ -11.5684, 13.2279 ], [ -11.5724, 13.2172 ], [ -11.5695, 13.1991 ], [ -11.5598, 13.187 ], [ -11.5479, 13.1762 ], [ -11.5386, 13.1629 ], [ -11.5382, 13.128 ], [ -11.5332, 13.1118 ], [ -11.5155, 13.1078 ], [ -11.477, 13.0833 ], [ -11.4504, 13.075 ], [ -11.4514, 13.068 ], [ -11.459, 13.0547 ], [ -11.4453, 13.0353 ], [ -11.4356, 13.0167 ], [ -11.423, 13.0094 ], [ -11.4244, 13.0052 ], [ -11.4334, 12.9969 ], [ -11.436, 12.9689 ], [ -11.4388, 12.9588 ], [ -11.423, 12.956 ], [ -11.4115, 12.9607 ], [ -11.4043, 12.9722 ], [ -11.4018, 12.9895 ], [ -11.3935, 12.9807 ], [ -11.3888, 12.9706 ], [ -11.3845, 12.9331 ], [ -11.3877, 12.9271 ], [ -11.4028, 12.9163 ], [ -11.4072, 12.9163 ], [ -11.4208, 12.9221 ], [ -11.4273, 12.9186 ], [ -11.428, 12.9125 ], [ -11.4172, 12.9019 ], [ -11.4151, 12.8966 ], [ -11.4288, 12.8658 ], [ -11.4255, 12.8495 ], [ -11.4324, 12.8355 ], [ -11.432, 12.8293 ], [ -11.4208, 12.8256 ], [ -11.4162, 12.82 ], [ -11.4086, 12.8044 ], [ -11.4054, 12.7824 ], [ -11.4075, 12.7715 ], [ -11.4147, 12.7642 ], [ -11.4147, 12.7596 ], [ -11.4039, 12.7412 ], [ -11.4021, 12.7317 ], [ -11.4104, 12.7189 ], [ -11.4374, 12.7123 ], [ -11.4478, 12.6859 ], [ -11.4558, 12.6806 ], [ -11.4619, 12.6731 ], [ -11.4612, 12.6585 ], [ -11.4417, 12.6477 ], [ -11.4367, 12.6374 ], [ -11.4367, 12.6271 ], [ -11.4417, 12.5955 ], [ -11.441, 12.5849 ], [ -11.4374, 12.5707 ], [ -11.4399, 12.5593 ], [ -11.4608, 12.5498 ], [ -11.4676, 12.5436 ], [ -11.4568, 12.5397 ], [ -11.4496, 12.5353 ], [ -11.4378, 12.5154 ], [ -11.4298, 12.5083 ], [ -11.4306, 12.5158 ], [ -11.4248, 12.5264 ], [ -11.4169, 12.5292 ], [ -11.4025, 12.4886 ], [ -11.4007, 12.4796 ], [ -11.3906, 12.4975 ], [ -11.3776, 12.4802 ], [ -11.3798, 12.4568 ], [ -11.3866, 12.4305 ], [ -11.3884, 12.4039 ], [ -11.3888, 12.3844 ], [ -11.4075, 12.382 ], [ -11.4316, 12.383 ], [ -11.4471, 12.3745 ], [ -11.4514, 12.3521 ], [ -11.445, 12.3126 ], [ -11.4446, 12.2895 ], [ -11.4633, 12.2499 ], [ -11.4918, 12.2208 ], [ -11.508, 12.1917 ], [ -11.4896, 12.1512 ], [ -11.4709, 12.1346 ], [ -11.4097, 12.1079 ], [ -11.3917, 12.0938 ], [ -11.3514, 12.0404 ], [ -11.3348, 12.0262 ], [ -11.315, 12.0133 ], [ -11.2948, 12.003 ], [ -11.275, 11.9963 ], [ -11.2556, 11.9962 ], [ -11.2232, 12.0093 ], [ -11.207, 12.0102 ], [ -11.1912, 12.0143 ], [ -11.1764, 12.0295 ], [ -11.1656, 12.0487 ], [ -11.1595, 12.0775 ], [ -11.1526, 12.0809 ], [ -11.1444, 12.0813 ], [ -11.1364, 12.085 ], [ -11.1166, 12.1137 ], [ -11.0842, 12.1366 ], [ -11.0727, 12.1494 ], [ -11.0598, 12.1924 ], [ -11.0522, 12.2025 ], [ -11.0389, 12.2052 ], [ -11.0155, 12.2044 ], [ -10.9719, 12.2186 ], [ -10.9521, 12.2194 ], [ -10.9276, 12.213 ], [ -10.9096, 12.2001 ], [ -10.8697, 12.1384 ], [ -10.8463, 12.1214 ], [ -10.8229, 12.1105 ], [ -10.8049, 12.0959 ], [ -10.7984, 12.0682 ], [ -10.8013, 12.0593 ], [ -10.811, 12.0415 ], [ -10.8124, 12.0334 ], [ -10.8078, 12.0228 ], [ -10.7811, 11.9962 ], [ -10.7404, 11.9199 ], [ -10.7113, 11.8904 ], [ -10.6699, 11.892 ], [ -10.6551, 11.899 ], [ -10.645, 11.9083 ], [ -10.6342, 11.9255 ], [ -10.6252, 11.9439 ], [ -10.6216, 11.9577 ], [ -10.6137, 11.9677 ], [ -10.5957, 11.9799 ], [ -10.5748, 11.9903 ], [ -10.5594, 11.9952 ], [ -10.5666, 12.0172 ], [ -10.5554, 12.0294 ], [ -10.5352, 12.0387 ], [ -10.5151, 12.0528 ], [ -10.5147, 12.0601 ], [ -10.5176, 12.0707 ], [ -10.5172, 12.0803 ], [ -10.5079, 12.0846 ], [ -10.5043, 12.0883 ], [ -10.5126, 12.1085 ], [ -10.5115, 12.1181 ], [ -10.4935, 12.1244 ], [ -10.4456, 12.1207 ], [ -10.429, 12.1434 ], [ -10.3945, 12.1716 ], [ -10.3815, 12.1802 ], [ -10.3682, 12.1715 ], [ -10.3534, 12.1665 ], [ -10.3542, 12.1809 ], [ -10.3484, 12.1848 ], [ -10.3394, 12.1855 ], [ -10.33, 12.1904 ], [ -10.3236, 12.202 ], [ -10.3164, 12.1969 ], [ -10.3135, 12.1911 ], [ -10.311, 12.1911 ], [ -10.3048, 12.2028 ], [ -10.267, 12.2178 ], [ -10.2591, 12.2138 ], [ -10.248, 12.2011 ], [ -10.2148, 12.1947 ], [ -10.1799, 12.1782 ], [ -10.1601, 12.1745 ], [ -10.136, 12.1755 ], [ -10.1288, 12.1745 ], [ -10.1187, 12.1702 ], [ -10.0971, 12.1537 ], [ -10.087, 12.1506 ], [ -10.0705, 12.1499 ], [ -10.06, 12.1476 ], [ -10.0482, 12.1414 ], [ -10.0276, 12.1257 ], [ -10.0154, 12.1198 ], [ -9.9963, 12.1141 ], [ -9.9617, 12.0961 ], [ -9.9416, 12.0928 ], [ -9.9232, 12.0876 ], [ -9.8887, 12.0606 ], [ -9.8707, 12.0521 ], [ -9.8609, 12.0518 ], [ -9.8336, 12.0551 ], [ -9.8231, 12.0508 ], [ -9.8069, 12.0384 ], [ -9.7965, 12.0324 ], [ -9.7785, 12.0267 ], [ -9.7231, 12.0254 ], [ -9.6989, 12.051 ], [ -9.6863, 12.0682 ], [ -9.6817, 12.0807 ], [ -9.6838, 12.1015 ], [ -9.6824, 12.1185 ], [ -9.6752, 12.134 ], [ -9.6601, 12.1499 ], [ -9.628, 12.1702 ], [ -9.5157, 12.2071 ], [ -9.4959, 12.2247 ], [ -9.4797, 12.2359 ], [ -9.439, 12.2548 ], [ -9.4214, 12.2571 ], [ -9.3602, 12.2466 ], [ -9.3368, 12.2698 ], [ -9.3317, 12.2828 ], [ -9.335, 12.3066 ], [ -9.3217, 12.3101 ], [ -9.313, 12.326 ], [ -9.3083, 12.3451 ], [ -9.3091, 12.3578 ], [ -9.3148, 12.3627 ], [ -9.3317, 12.3664 ], [ -9.3393, 12.3707 ], [ -9.344, 12.3801 ], [ -9.3443, 12.389 ], [ -9.3472, 12.3964 ], [ -9.3746, 12.4112 ], [ -9.3929, 12.4281 ], [ -9.4073, 12.4451 ], [ -9.4127, 12.4554 ], [ -9.398, 12.4733 ], [ -9.3508, 12.4846 ], [ -9.3343, 12.4963 ], [ -9.3217, 12.4966 ], [ -9.3083, 12.4889 ], [ -9.2939, 12.4837 ], [ -9.2788, 12.4945 ], [ -9.2659, 12.4952 ], [ -9.1895, 12.4793 ], [ -9.1474, 12.4656 ], [ -8.9937, 12.3876 ], [ -8.9761, 12.3687 ], [ -8.9649, 12.3462 ], [ -8.9631, 12.3242 ], [ -8.9721, 12.302 ], [ -8.9854, 12.2821 ], [ -8.9959, 12.2611 ], [ -8.9977, 12.2349 ], [ -8.9944, 12.2249 ], [ -8.9739, 12.1876 ], [ -8.9617, 12.1879 ], [ -8.9419, 12.1958 ], [ -8.9271, 12.1874 ], [ -8.9138, 12.1699 ], [ -8.9059, 12.1477 ], [ -8.9069, 12.1254 ], [ -8.9221, 12.086 ], [ -8.9264, 12.0643 ], [ -8.9221, 12.0454 ], [ -8.9037, 12.0304 ], [ -8.8817, 12.0292 ], [ -8.8587, 12.0318 ], [ -8.8378, 12.0282 ], [ -8.8198, 12.0126 ], [ -8.8155, 11.9957 ], [ -8.8166, 11.9769 ], [ -8.8148, 11.9554 ], [ -8.8101, 11.9445 ], [ -8.7979, 11.925 ], [ -8.7971, 11.9132 ], [ -8.8472, 11.658 ], [ -8.8285, 11.6592 ], [ -8.8115, 11.6517 ], [ -8.7953, 11.642 ], [ -8.7773, 11.636 ], [ -8.7565, 11.6388 ], [ -8.7403, 11.6461 ], [ -8.7266, 11.6494 ], [ -8.7129, 11.6401 ], [ -8.6906, 11.568 ], [ -8.6873, 11.55 ], [ -8.6791, 11.5298 ], [ -8.6679, 11.5109 ], [ -8.6567, 11.4964 ], [ -8.602, 11.4721 ], [ -8.575, 11.4703 ], [ -8.5495, 11.4901 ], [ -8.5441, 11.4777 ], [ -8.5354, 11.4381 ], [ -8.5275, 11.4235 ], [ -8.5156, 11.419 ], [ -8.4883, 11.4182 ], [ -8.4278, 11.4001 ], [ -8.3975, 11.386 ], [ -8.3752, 11.3676 ], [ -8.3932, 11.3631 ], [ -8.4141, 11.3535 ], [ -8.426, 11.3405 ], [ -8.4181, 11.3256 ], [ -8.3997, 11.3221 ], [ -8.3813, 11.3251 ], [ -8.3709, 11.3206 ], [ -8.3767, 11.2947 ], [ -8.3885, 11.2814 ], [ -8.4065, 11.2753 ], [ -8.4271, 11.2742 ], [ -8.4447, 11.2762 ], [ -8.4832, 11.2849 ], [ -8.4926, 11.2778 ], [ -8.503, 11.2555 ], [ -8.4969, 11.2407 ], [ -8.4987, 11.2336 ], [ -8.5023, 11.2311 ], [ -8.5156, 11.2291 ], [ -8.5516, 11.2108 ], [ -8.5639, 11.1935 ], [ -8.5696, 11.1579 ], [ -8.5783, 11.1421 ], [ -8.5869, 11.1375 ], [ -8.6071, 11.1371 ], [ -8.6153, 11.1341 ], [ -8.6247, 11.1221 ], [ -8.6251, 11.1122 ], [ -8.6225, 11.1026 ], [ -8.6233, 11.0913 ], [ -8.6337, 11.0713 ], [ -8.6798, 11.0252 ], [ -8.6888, 11.0126 ], [ -8.6971, 10.996 ], [ -8.7007, 10.9784 ], [ -8.6963, 10.9628 ], [ -8.6809, 10.9524 ], [ -8.6654, 10.9569 ], [ -8.6481, 10.9658 ], [ -8.6283, 10.9678 ], [ -8.6114, 10.9651 ], [ -8.5934, 10.9647 ], [ -8.5757, 10.9668 ], [ -8.5595, 10.9717 ], [ -8.5415, 10.9838 ], [ -8.5315, 10.999 ], [ -8.5059, 11.0528 ], [ -8.489, 11.0528 ], [ -8.4692, 11.0464 ], [ -8.4487, 11.0471 ], [ -8.4382, 11.0498 ], [ -8.4105, 11.0419 ], [ -8.4008, 11.0434 ], [ -8.3813, 11.054 ], [ -8.3695, 11.0542 ], [ -8.3471, 11.0431 ], [ -8.3266, 11.0239 ], [ -8.3111, 11.0009 ], [ -8.305, 10.9783 ], [ -8.3036, 10.8749 ], [ -8.3057, 10.8563 ], [ -8.3191, 10.8396 ], [ -8.3399, 10.7839 ], [ -8.3421, 10.7633 ], [ -8.3155, 10.7532 ], [ -8.3111, 10.7353 ], [ -8.2957, 10.5375 ], [ -8.2845, 10.5113 ], [ -8.2539, 10.4698 ], [ -8.2287, 10.4234 ], [ -8.2107, 10.4141 ], [ -8.1891, 10.4137 ], [ -8.1661, 10.4181 ], [ -8.1419, 10.4296 ], [ -8.1355, 10.4273 ], [ -8.1254, 10.4117 ], [ -8.1221, 10.3995 ], [ -8.1211, 10.3731 ], [ -8.1157, 10.3603 ], [ -8.0962, 10.3467 ], [ -8.0699, 10.3419 ], [ -8.0156, 10.3393 ], [ -7.9961, 10.3283 ], [ -7.9814, 10.3071 ], [ -7.9713, 10.2818 ], [ -7.9645, 10.259 ], [ -7.9627, 10.2332 ], [ -7.9681, 10.2101 ], [ -7.9897, 10.162 ], [ -7.9709, 10.1551 ], [ -7.9497, 10.1554 ], [ -7.9292, 10.161 ], [ -7.9108, 10.1694 ], [ -7.8827, 10.1909 ], [ -7.8572, 10.1945 ], [ -7.8475, 10.1979 ], [ -7.8291, 10.2116 ], [ -7.805, 10.2418 ], [ -7.7978, 10.2603 ], [ -7.7837, 10.2705 ], [ -7.7783, 10.2783 ], [ -7.7762, 10.2928 ], [ -7.7643, 10.313 ], [ -7.7776, 10.3298 ], [ -7.7575, 10.334 ], [ -7.7355, 10.3472 ], [ -7.724, 10.3636 ], [ -7.7359, 10.3784 ], [ -7.7222, 10.3845 ], [ -7.7222, 10.3914 ], [ -7.7085, 10.4025 ], [ -7.6999, 10.4045 ], [ -7.688, 10.4031 ], [ -7.679, 10.406 ], [ -7.67, 10.4287 ], [ -7.6646, 10.4372 ], [ -7.6437, 10.4405 ], [ -7.6077, 10.4187 ], [ -7.5843, 10.4166 ], [ -7.5562, 10.4173 ], [ -7.5476, 10.4206 ], [ -7.5397, 10.4276 ], [ -7.5159, 10.4578 ], [ -7.5015, 10.4586 ], [ -7.49, 10.4561 ], [ -7.4803, 10.4503 ], [ -7.4716, 10.441 ], [ -7.4662, 10.4294 ], [ -7.4655, 10.3987 ], [ -7.4615, 10.3887 ], [ -7.4446, 10.3609 ], [ -7.4432, 10.35 ], [ -7.4457, 10.3404 ], [ -7.4443, 10.3343 ], [ -7.4313, 10.3337 ], [ -7.3949, 10.3462 ], [ -7.3723, 10.3447 ], [ -7.3665, 10.3294 ], [ -7.3726, 10.2886 ], [ -7.3719, 10.2646 ], [ -7.3633, 10.2521 ], [ -7.3471, 10.2478 ], [ -7.2841, 10.2466 ], [ -7.2049, 10.2345 ], [ -7.1062, 10.2072 ], [ -7.0893, 10.1976 ], [ -7.0731, 10.1786 ], [ -7.0583, 10.156 ], [ -7.0403, 10.1401 ], [ -7.0159, 10.1409 ], [ -6.9925, 10.1491 ], [ -6.9716, 10.1644 ], [ -6.9593, 10.1854 ], [ -6.9615, 10.2111 ], [ -6.9712, 10.2221 ], [ -6.995, 10.2394 ], [ -6.9971, 10.2527 ], [ -6.973, 10.3323 ], [ -6.9611, 10.3449 ], [ -6.9388, 10.3483 ], [ -6.8819, 10.3413 ], [ -6.8629, 10.3439 ], [ -6.8038, 10.3709 ], [ -6.7822, 10.3731 ], [ -6.7603, 10.3662 ], [ -6.7225, 10.344 ], [ -6.7005, 10.3417 ], [ -6.6775, 10.349 ], [ -6.6688, 10.361 ], [ -6.6638, 10.398 ], [ -6.6479, 10.4219 ], [ -6.6479, 10.4327 ], [ -6.6541, 10.44 ], [ -6.6832, 10.4518 ], [ -6.6958, 10.4712 ], [ -6.6976, 10.4883 ], [ -6.6879, 10.5205 ], [ -6.6829, 10.566 ], [ -6.6893, 10.581 ], [ -6.6911, 10.5894 ], [ -6.689, 10.6079 ], [ -6.6843, 10.6265 ], [ -6.6818, 10.6274 ], [ -6.6677, 10.651 ], [ -6.6692, 10.6541 ], [ -6.6472, 10.6614 ], [ -6.6339, 10.653 ], [ -6.6137, 10.6185 ], [ -6.5986, 10.6049 ], [ -6.5781, 10.5912 ], [ -6.5374, 10.5697 ], [ -6.5212, 10.5643 ], [ -6.4669, 10.5535 ], [ -6.446, 10.5522 ], [ -6.4215, 10.5567 ], [ -6.4028, 10.5691 ], [ -6.3992, 10.5924 ], [ -6.4067, 10.6019 ], [ -6.4309, 10.6149 ], [ -6.4359, 10.6286 ], [ -6.4341, 10.668 ], [ -6.4269, 10.686 ], [ -6.41, 10.6943 ], [ -6.388, 10.6955 ], [ -6.3675, 10.6923 ], [ -6.3416, 10.6915 ], [ -6.3221, 10.7005 ], [ -6.3034, 10.7132 ], [ -6.28, 10.7232 ], [ -6.2559, 10.7265 ], [ -6.2458, 10.7208 ], [ -6.2444, 10.7069 ], [ -6.2494, 10.6656 ], [ -6.2465, 10.6577 ], [ -6.2278, 10.6508 ], [ -6.217, 10.6451 ], [ -6.2077, 10.6375 ], [ -6.2044, 10.6296 ], [ -6.2098, 10.6178 ], [ -6.2307, 10.6069 ], [ -6.2386, 10.598 ], [ -6.2329, 10.5841 ], [ -6.23, 10.5721 ], [ -6.2314, 10.5602 ], [ -6.2379, 10.5519 ], [ -6.2563, 10.5372 ], [ -6.2609, 10.5292 ], [ -6.2613, 10.5142 ], [ -6.2559, 10.5116 ], [ -6.2476, 10.5139 ], [ -6.2386, 10.5127 ], [ -6.2224, 10.4947 ], [ -6.2156, 10.4927 ], [ -6.1961, 10.4947 ], [ -6.1904, 10.4911 ], [ -6.1857, 10.4814 ], [ -6.1875, 10.4754 ], [ -6.1983, 10.4574 ], [ -6.2005, 10.4488 ], [ -6.1969, 10.4392 ], [ -6.1807, 10.4203 ], [ -6.1958, 10.3892 ], [ -6.1987, 10.3708 ], [ -6.1839, 10.3589 ], [ -6.2084, 10.332 ], [ -6.2041, 10.3161 ], [ -6.2062, 10.3108 ], [ -6.2145, 10.3078 ], [ -6.221, 10.3104 ], [ -6.2282, 10.3161 ], [ -6.2408, 10.3027 ], [ -6.2433, 10.2891 ], [ -6.2401, 10.252 ], [ -6.2249, 10.255 ], [ -6.2141, 10.2478 ], [ -6.1943, 10.2242 ], [ -6.181, 10.2158 ], [ -6.1054, 10.1893 ], [ -6.0158, 10.1899 ], [ -5.9971, 10.2082 ], [ -5.9852, 10.2272 ], [ -5.9783, 10.2487 ], [ -5.9747, 10.2736 ], [ -5.9629, 10.2828 ], [ -5.9164, 10.2666 ], [ -5.9045, 10.2753 ], [ -5.9089, 10.3301 ], [ -5.9049, 10.3483 ], [ -5.8934, 10.365 ], [ -5.8779, 10.3761 ], [ -5.8063, 10.4134 ], [ -5.6774, 10.4415 ], [ -5.6219, 10.4469 ], [ -5.5942, 10.4539 ], [ -5.5845, 10.4542 ], [ -5.5715, 10.4499 ], [ -5.5496, 10.4356 ], [ -5.5226, 10.4254 ], [ -5.5172, 10.44 ], [ -5.5089, 10.491 ], [ -5.5053, 10.4991 ], [ -5.4815, 10.5353 ], [ -5.4682, 10.5879 ], [ -5.4711, 10.5973 ], [ -5.4787, 10.6042 ], [ -5.4776, 10.6196 ], [ -5.4704, 10.6357 ], [ -5.4607, 10.6445 ], [ -5.4758, 10.6504 ], [ -5.4823, 10.6752 ], [ -5.4826, 10.6842 ], [ -5.4729, 10.7378 ], [ -5.4679, 10.7527 ], [ -5.461, 10.76 ], [ -5.4466, 10.7687 ], [ -5.4452, 10.7871 ], [ -5.4315, 10.8447 ], [ -5.4351, 10.8569 ], [ -5.447, 10.8779 ], [ -5.4657, 10.9479 ], [ -5.479, 10.9755 ], [ -5.5017, 10.9702 ], [ -5.4956, 10.9961 ], [ -5.5075, 11.057 ], [ -5.5042, 11.0727 ], [ -5.4898, 11.0822 ], [ -5.3901, 11.0947 ], [ -5.3732, 11.0998 ], [ -5.3563, 11.1069 ], [ -5.3325, 11.1215 ], [ -5.3224, 11.1355 ], [ -5.3163, 11.1763 ], [ -5.3066, 11.1994 ], [ -5.2753, 11.2307 ], [ -5.263, 11.2516 ], [ -5.2609, 11.2678 ], [ -5.2677, 11.3721 ], [ -5.2634, 11.3903 ], [ -5.2483, 11.4031 ], [ -5.2263, 11.4134 ], [ -5.2184, 11.4222 ], [ -5.2191, 11.4352 ], [ -5.2245, 11.4579 ], [ -5.2245, 11.5408 ], [ -5.2339, 11.576 ], [ -5.2695, 11.6041 ], [ -5.2807, 11.6058 ], [ -5.2911, 11.6045 ], [ -5.3001, 11.6065 ], [ -5.3077, 11.6177 ], [ -5.3077, 11.629 ], [ -5.2893, 11.6604 ], [ -5.2807, 11.6995 ], [ -5.2785, 11.7214 ], [ -5.2796, 11.739 ], [ -5.2871, 11.7589 ], [ -5.299, 11.7726 ], [ -5.3149, 11.7825 ], [ -5.3343, 11.7908 ], [ -5.3447, 11.794 ], [ -5.3534, 11.7945 ], [ -5.3707, 11.7911 ], [ -5.3746, 11.7952 ], [ -5.4059, 11.8123 ], [ -5.4121, 11.8236 ], [ -5.4124, 11.8286 ], [ -5.3923, 11.8323 ], [ -5.3699, 11.8201 ], [ -5.3645, 11.8217 ], [ -5.3537, 11.8317 ], [ -5.3192, 11.8375 ], [ -5.3066, 11.8461 ], [ -5.3001, 11.8463 ], [ -5.2825, 11.8365 ], [ -5.2753, 11.8375 ], [ -5.2681, 11.843 ], [ -5.2483, 11.8704 ], [ -5.2094, 11.9014 ], [ -5.1827, 11.9309 ], [ -5.168, 11.9437 ], [ -5.137, 11.9531 ], [ -5.1039, 11.9727 ], [ -5.0891, 11.9793 ], [ -5.0737, 11.9806 ], [ -5.0344, 11.9793 ], [ -5.0161, 11.9813 ], [ -5.0045, 11.9807 ], [ -4.9941, 11.9833 ], [ -4.9844, 11.9886 ], [ -4.9754, 11.9963 ], [ -4.9538, 12.005 ], [ -4.9322, 12.0032 ], [ -4.9106, 11.9982 ], [ -4.8901, 11.9979 ], [ -4.8472, 12.0131 ], [ -4.8263, 12.0128 ], [ -4.8069, 11.9963 ], [ -4.7896, 12.0018 ], [ -4.7612, 12.0066 ], [ -4.7468, 12.0151 ], [ -4.7389, 12.0252 ], [ -4.7252, 12.0501 ], [ -4.7147, 12.059 ], [ -4.7039, 12.0614 ], [ -4.6838, 12.059 ], [ -4.6737, 12.0597 ], [ -4.6535, 12.0692 ], [ -4.6485, 12.0819 ], [ -4.6467, 12.0981 ], [ -4.6363, 12.1175 ], [ -4.6003, 12.1376 ], [ -4.5704, 12.1388 ], [ -4.5603, 12.1494 ], [ -4.5855, 12.1972 ], [ -4.4937, 12.2728 ], [ -4.4923, 12.2788 ], [ -4.4941, 12.2901 ], [ -4.4905, 12.3057 ], [ -4.4908, 12.3139 ], [ -4.4883, 12.3207 ], [ -4.4771, 12.3273 ], [ -4.4624, 12.3282 ], [ -4.4527, 12.3203 ], [ -4.4447, 12.3094 ], [ -4.4357, 12.3017 ], [ -4.4062, 12.3074 ], [ -4.4152, 12.3504 ], [ -4.4516, 12.4354 ], [ -4.4437, 12.4594 ], [ -4.4267, 12.4796 ], [ -4.4077, 12.4979 ], [ -4.3936, 12.5165 ], [ -4.3868, 12.5302 ], [ -4.3871, 12.534 ], [ -4.3925, 12.5374 ], [ -4.4015, 12.5504 ], [ -4.4224, 12.5972 ], [ -4.439, 12.6132 ], [ -4.4825, 12.6463 ], [ -4.4912, 12.6628 ], [ -4.4854, 12.7147 ], [ -4.4818, 12.7174 ], [ -4.475, 12.7157 ], [ -4.4645, 12.7173 ], [ -4.4354, 12.7284 ], [ -4.4019, 12.7366 ], [ -4.3688, 12.739 ], [ -4.3396, 12.7327 ], [ -4.3108, 12.716 ], [ -4.2971, 12.7121 ], [ -4.2763, 12.7147 ], [ -4.2575, 12.7209 ], [ -4.2439, 12.7299 ], [ -4.2341, 12.7423 ], [ -4.2133, 12.8072 ], [ -4.2118, 12.8192 ], [ -4.2248, 12.8645 ], [ -4.2212, 12.9212 ], [ -4.2295, 12.949 ], [ -4.2478, 12.972 ], [ -4.277, 12.9962 ], [ -4.2896, 13.0135 ], [ -4.3162, 13.0709 ], [ -4.3454, 13.0971 ], [ -4.3511, 13.1061 ], [ -4.3511, 13.1183 ], [ -4.3396, 13.1353 ], [ -4.327, 13.1685 ], [ -4.3101, 13.1755 ], [ -4.246, 13.1725 ], [ -4.2349, 13.1757 ], [ -4.2277, 13.1844 ], [ -4.2302, 13.1931 ], [ -4.2511, 13.2047 ], [ -4.2583, 13.2141 ], [ -4.2536, 13.229 ], [ -4.2388, 13.2468 ], [ -4.2208, 13.2628 ], [ -4.2053, 13.273 ], [ -4.196, 13.2747 ], [ -4.1769, 13.2724 ], [ -4.1661, 13.2781 ], [ -4.147, 13.2996 ], [ -4.1315, 13.3238 ], [ -4.1146, 13.3646 ], [ -4.1042, 13.3827 ], [ -4.0876, 13.398 ], [ -4.0793, 13.4022 ], [ -4.0527, 13.4091 ], [ -4.0433, 13.4145 ], [ -4.0282, 13.4315 ], [ -4.0052, 13.4395 ], [ -3.9901, 13.4491 ], [ -3.9767, 13.4606 ], [ -3.9717, 13.4699 ], [ -3.9796, 13.4753 ], [ -3.9922, 13.4762 ], [ -3.998, 13.4805 ], [ -3.9814, 13.4989 ], [ -3.9778, 13.4999 ], [ -3.9742, 13.4989 ], [ -3.9703, 13.4962 ], [ -3.9645, 13.4878 ], [ -3.9595, 13.4679 ], [ -3.9562, 13.4617 ], [ -3.9476, 13.4581 ], [ -3.9235, 13.4537 ], [ -3.9181, 13.451 ], [ -3.9184, 13.4403 ], [ -3.9256, 13.4362 ], [ -3.9429, 13.432 ], [ -3.9839, 13.3965 ], [ -3.9717, 13.3867 ], [ -3.9483, 13.3809 ], [ -3.9289, 13.3803 ], [ -3.9087, 13.382 ], [ -3.8925, 13.3789 ], [ -3.8579, 13.3656 ], [ -3.8173, 13.3547 ], [ -3.7985, 13.3471 ], [ -3.7244, 13.2888 ], [ -3.6787, 13.2618 ], [ -3.5969, 13.1994 ], [ -3.5897, 13.1974 ], [ -3.5764, 13.1993 ], [ -3.5699, 13.1968 ], [ -3.5537, 13.1802 ], [ -3.5451, 13.1745 ], [ -3.5386, 13.1734 ], [ -3.5159, 13.1739 ], [ -3.4616, 13.1658 ], [ -3.4493, 13.1688 ], [ -3.4396, 13.1848 ], [ -3.4407, 13.2028 ], [ -3.4522, 13.2375 ], [ -3.4486, 13.2658 ], [ -3.4267, 13.2743 ], [ -3.2625, 13.284 ], [ -3.2485, 13.2927 ], [ -3.2841, 13.5421 ], [ -3.2693, 13.5791 ], [ -3.2639, 13.6027 ], [ -3.2596, 13.6583 ], [ -3.2661, 13.6824 ], [ -3.287, 13.6977 ], [ -3.2672, 13.717 ], [ -3.2405, 13.708 ], [ -3.1959, 13.6749 ], [ -3.1678, 13.6721 ], [ -3.1459, 13.6767 ], [ -3.125, 13.6772 ], [ -3.1001, 13.6628 ], [ -3.0821, 13.6462 ], [ -3.0775, 13.6367 ], [ -3.0746, 13.6221 ], [ -3.0674, 13.6067 ], [ -3.0559, 13.6108 ], [ -3.0386, 13.6296 ], [ -3.0191, 13.6375 ], [ -2.9947, 13.635 ], [ -2.9723, 13.6244 ], [ -2.9651, 13.6256 ], [ -2.8953, 13.6516 ], [ -2.9234, 13.7461 ], [ -2.9281, 13.7996 ], [ -2.9122, 13.8379 ], [ -2.8946, 13.8666 ], [ -2.8553, 13.9962 ], [ -2.8615, 14.0017 ], [ -2.8672, 14.0005 ], [ -2.8409, 14.043 ], [ -2.6933, 14.1232 ], [ -2.6199, 14.2036 ], [ -2.5972, 14.2223 ], [ -2.5162, 14.2678 ], [ -2.4615, 14.2809 ], [ -2.3855, 14.2647 ], [ -2.1519, 14.1561 ], [ -2.1199, 14.1488 ], [ -2.1044, 14.1512 ], [ -2.036, 14.1813 ], [ -2.0273, 14.1881 ], [ -2.0234, 14.1986 ], [ -2.005, 14.4443 ], [ -1.9971, 14.4706 ], [ -1.9669, 14.4838 ], [ -1.919, 14.4858 ], [ -1.8369, 14.4796 ], [ -1.7667, 14.4832 ], [ -1.6969, 14.4961 ], [ -1.3502, 14.7149 ], [ -1.3077, 14.7346 ], [ -1.1165, 14.7804 ], [ -1.0784, 14.7963 ], [ -1.0431, 14.8181 ], [ -0.8361, 14.9961 ], [ -0.7828, 15.0483 ], [ -0.7529, 15.0697 ], [ -0.7198, 15.0784 ], [ -0.4678, 15.0798 ], [ -0.4588, 15.0754 ], [ -0.4358, 15.0151 ], [ -0.4257, 15.0025 ], [ -0.3976, 15.0021 ], [ -0.3616, 15.0177 ], [ -0.2993, 15.0548 ], [ -0.2367, 15.0657 ], [ -0.1669, 15.0496 ], [ -0.0333, 14.996 ], [ 0.2183, 14.911 ], [ 0.2129, 14.9608 ], [ 0.2133, 14.9854 ], [ 0.2212, 14.996 ], [ 0.3533, 14.9635 ], [ 0.3872, 14.9632 ], [ 0.4189, 14.9699 ], [ 0.4837, 14.9921 ], [ 0.515, 14.9935 ], [ 0.6701, 14.9397 ], [ 0.6838, 14.9409 ], [ 0.7115, 14.9474 ], [ 0.7691, 14.9691 ], [ 0.9221, 14.9739 ], [ 0.9495, 14.9795 ], [ 0.9736, 14.9912 ], [ 1.271, 15.2598 ], [ 1.298, 15.2757 ], [ 1.3315, 15.2836 ], [ 3.0001, 15.3391 ], [ 3.0058, 15.3523 ], [ 3.0058, 15.3892 ], [ 3.0101, 15.4177 ], [ 3.0173, 15.4228 ], [ 3.0335, 15.4264 ], [ 3.0731, 15.4271 ], [ 3.4832, 15.3593 ], [ 3.5069, 15.354 ], [ 3.5167, 15.4692 ], [ 3.5264, 15.496 ], [ 3.6142, 15.5478 ], [ 3.6923, 15.6315 ], [ 3.7291, 15.6508 ], [ 3.8083, 15.6656 ], [ 3.8461, 15.6853 ], [ 3.8713, 15.7148 ], [ 3.8864, 15.7501 ], [ 3.8943, 15.7886 ], [ 3.9033, 15.8862 ], [ 3.9098, 15.9047 ], [ 3.9249, 15.9276 ], [ 3.9832, 15.984 ], [ 3.9843, 15.9868 ], [ 3.9847, 15.9987 ], [ 3.971, 16.0309 ], [ 3.967, 16.0585 ], [ 3.971, 16.0861 ], [ 4.0606, 16.2984 ], [ 4.0757, 16.321 ], [ 4.0948, 16.3407 ], [ 4.1182, 16.3583 ], [ 4.1618, 16.3799 ], [ 4.1758, 16.3927 ], [ 4.1841, 16.416 ], [ 4.1819, 16.8095 ], [ 4.1845, 16.8184 ], [ 4.1974, 16.8385 ], [ 4.2021, 16.8489 ], [ 4.1967, 16.9471 ], [ 4.1978, 16.9652 ], [ 4.2035, 16.9827 ], [ 4.2118, 16.986 ], [ 4.2223, 16.9866 ], [ 4.2356, 16.9959 ], [ 4.2287, 19.1422 ], [ 3.4396, 18.9956 ], [ 3.3586, 18.9767 ], [ 3.3331, 18.9755 ], [ 3.3183, 18.9776 ], [ 3.3082, 18.9816 ], [ 3.2848, 18.9956 ], [ 3.2261, 19.051 ], [ 3.1797, 19.0699 ], [ 3.1585, 19.0815 ], [ 3.1387, 19.096 ], [ 3.121, 19.1128 ], [ 3.1041, 19.1354 ], [ 3.1027, 19.1535 ], [ 3.1117, 19.1712 ], [ 3.1264, 19.1933 ], [ 3.1394, 19.2219 ], [ 3.1527, 19.2302 ], [ 3.1743, 19.2517 ], [ 3.179, 19.2687 ], [ 3.1837, 19.3075 ], [ 3.193, 19.3258 ], [ 3.2114, 19.3408 ], [ 3.2326, 19.3518 ], [ 3.251, 19.3654 ], [ 3.2607, 19.3883 ], [ 3.2582, 19.4104 ], [ 3.2474, 19.4264 ], [ 3.2348, 19.4413 ], [ 3.2261, 19.4596 ], [ 3.2261, 19.4692 ], [ 3.2323, 19.4955 ], [ 3.2279, 19.5041 ], [ 3.2175, 19.5111 ], [ 3.2121, 19.5171 ], [ 3.1995, 19.5537 ], [ 3.1984, 19.5924 ], [ 3.2168, 19.794 ], [ 3.2128, 19.8078 ], [ 3.1988, 19.8205 ], [ 3.1833, 19.8277 ], [ 3.1469, 19.838 ], [ 3.1304, 19.8451 ], [ 3.0728, 19.8889 ], [ 2.9461, 19.9416 ], [ 2.6717, 19.9962 ], [ 2.617, 19.9984 ], [ 2.5256, 20.0151 ], [ 2.5148, 20.0158 ], [ 2.4953, 20.02 ], [ 2.4593, 20.0387 ], [ 2.4399, 20.046 ], [ 2.4158, 20.0512 ], [ 2.4003, 20.0565 ], [ 2.3888, 20.0674 ], [ 2.3481, 20.1376 ], [ 2.3164, 20.1801 ], [ 2.2797, 20.2179 ], [ 2.2181, 20.264 ], [ 2.2009, 20.2739 ], [ 2.1825, 20.2784 ], [ 2.1613, 20.2749 ], [ 2.1382, 20.2607 ], [ 2.0975, 20.2242 ], [ 2.0713, 20.2132 ], [ 2.0565, 20.215 ], [ 1.9935, 20.2359 ], [ 1.9672, 20.2534 ], [ 1.9553, 20.2548 ], [ 1.9413, 20.2511 ], [ 1.9244, 20.2361 ], [ 1.9136, 20.2311 ], [ 1.8913, 20.2318 ], [ 1.8837, 20.2441 ], [ 1.8805, 20.263 ], [ 1.8707, 20.2834 ], [ 1.8549, 20.2948 ], [ 1.8391, 20.2959 ], [ 1.8211, 20.2936 ], [ 1.7991, 20.2949 ], [ 1.7782, 20.3042 ], [ 1.6591, 20.3975 ], [ 1.6493, 20.4121 ], [ 1.6501, 20.4869 ], [ 1.6439, 20.5226 ], [ 1.6238, 20.5512 ], [ 1.5597, 20.5974 ], [ 1.5205, 20.6169 ], [ 1.4834, 20.6226 ], [ 1.4657, 20.6335 ], [ 1.4474, 20.6386 ], [ 1.4071, 20.6449 ], [ 1.3639, 20.6577 ], [ 1.3469, 20.6691 ], [ 1.3315, 20.6879 ], [ 1.3106, 20.7226 ], [ 1.2965, 20.7334 ], [ 1.2735, 20.7394 ], [ 1.2523, 20.739 ], [ 1.2123, 20.7308 ], [ 1.1914, 20.7305 ], [ 1.1684, 20.7334 ], [ 1.1547, 20.7387 ], [ 1.1471, 20.7514 ], [ 1.1446, 20.7762 ], [ 1.1453, 20.7958 ], [ 1.1677, 20.8859 ], [ 1.1803, 20.9953 ], [ 1.1781, 21.0173 ], [ 1.1594, 21.0814 ], [ 1.1464, 21.1017 ], [ -4.516, 24.804 ], [ -4.8217, 24.9951 ], [ -6.5932, 24.9942 ], [ -6.5158, 24.3571 ], [ -5.992, 19.8706 ], [ -5.9146, 19.1828 ], [ -5.6234, 16.5278 ], [ -5.6057, 16.4959 ], [ -5.3649, 16.3349 ], [ -5.3552, 16.3247 ], [ -5.3541, 16.3184 ], [ -5.3534, 16.312 ], [ -5.3588, 16.2823 ], [ -5.5111, 15.494 ], [ -9.3494, 15.4957 ], [ -9.3429, 15.5868 ], [ -9.3292, 15.6553 ], [ -9.3325, 15.6876 ], [ -9.3566, 15.6979 ], [ -9.376, 15.6859 ], [ -9.4369, 15.6149 ], [ -9.4516, 15.5883 ], [ -9.452, 15.5592 ], [ -9.4358, 15.4958 ], [ -9.4239, 15.4404 ], [ -9.6719, 15.4306 ], [ -9.7209, 15.4208 ], [ -9.7407, 15.4125 ], [ -9.7972, 15.3803 ], [ -9.8357, 15.371 ], [ -9.9513, 15.3812 ], [ -10.0676, 15.3647 ], [ -10.1083, 15.3659 ], [ -10.1317, 15.3726 ], [ -10.168, 15.3952 ], [ -10.1886, 15.4047 ], [ -10.1961, 15.4052 ], [ -10.2145, 15.402 ], [ -10.2231, 15.402 ], [ -10.3088, 15.4352 ], [ -10.3225, 15.437 ], [ -10.3707, 15.4334 ], [ -10.3984, 15.4387 ], [ -10.5003, 15.4403 ], [ -10.5154, 15.4377 ], [ -10.5349, 15.4417 ], [ -10.5514, 15.4392 ], [ -10.5874, 15.4273 ], [ -10.6072, 15.4244 ], [ -10.649, 15.4249 ], [ -10.7091, 15.4339 ], [ -10.7253, 15.433 ], [ -10.7365, 15.4226 ], [ -10.7401, 15.4035 ], [ -10.739, 15.3622 ], [ -10.7469, 15.3411 ], [ -10.7545, 15.3335 ], [ -10.7707, 15.3247 ], [ -10.7818, 15.3084 ], [ -10.8002, 15.3068 ], [ -10.811, 15.3031 ], [ -10.8272, 15.2876 ], [ -10.8344, 15.2714 ], [ -10.8441, 15.2345 ], [ -10.8553, 15.2176 ], [ -10.8823, 15.1929 ], [ -10.8909, 15.1767 ], [ -10.9064, 15.1197 ], [ -10.915, 15.1029 ], [ -10.9482, 15.1519 ], [ -10.9852, 15.1874 ], [ -11.0126, 15.2395 ], [ -11.0454, 15.2702 ], [ -11.2981, 15.451 ], [ -11.3168, 15.4716 ], [ -11.4097, 15.6022 ], [ -11.4349, 15.6233 ], [ -11.4583, 15.6329 ], [ -11.5155, 15.6444 ], [ -11.5274, 15.6425 ], [ -11.5231, 15.6352 ], [ -11.5155, 15.6302 ], [ -11.5123, 15.6202 ], [ -11.5155, 15.61 ], [ -11.5242, 15.6003 ], [ -11.536, 15.5949 ], [ -11.5627, 15.5873 ], [ -11.5792, 15.578 ], [ -11.6149, 15.5412 ], [ -11.644, 15.5265 ], [ -11.6707, 15.5283 ], [ -11.6977, 15.5368 ], [ -11.7272, 15.5412 ], [ -11.7272, 15.507 ], [ -11.7294, 15.496 ], [ -11.7549, 15.4691 ], [ -11.7675, 15.4372 ], [ -11.7834, 15.3659 ], [ -11.8168, 15.2961 ], [ -11.8212, 15.28 ], [ -11.8269, 15.2325 ], [ -11.8456, 15.179 ], [ -11.8482, 15.1581 ], [ -11.8442, 15.1348 ], [ -11.8453, 15.1245 ], [ -11.8568, 15.0843 ], [ -11.8608, 15.0491 ], [ -11.851, 15.0419 ], [ -11.8446, 15.0443 ], [ -11.8392, 15.0491 ], [ -11.8327, 15.0491 ], [ -11.8212, 15.0398 ], [ -11.8136, 15.0286 ], [ -11.8111, 15.0143 ], [ -11.8132, 14.996 ], [ -11.8204, 14.9802 ], [ -11.8258, 14.9625 ], [ -11.8309, 14.9264 ], [ -11.8302, 14.9203 ], [ -11.8204, 14.9064 ], [ -11.8204, 14.8999 ], [ -11.837, 14.8931 ], [ -11.8507, 14.8765 ], [ -11.8626, 14.854 ], [ -11.8773, 14.8415 ], [ -11.8957, 14.8321 ], [ -11.936, 14.8237 ], [ -11.9504, 14.8115 ], [ -11.9738, 14.7799 ], [ -11.9914, 14.768 ], [ -12.0112, 14.7627 ], [ -12.031, 14.7628 ], [ -12.0498, 14.7671 ], [ -12.057, 14.762 ], [ -12.0624, 14.7462 ], [ -12.0703, 14.7344 ], [ -12.0814, 14.7399 ], [ -12.1236, 14.7766 ], [ -12.139, 14.7845 ], [ -12.1603, 14.781 ], [ -12.2031, 14.7661 ], [ -12.2247, 14.7634 ], [ -12.2467, 14.767 ], [ -12.264, 14.7749 ] ] ] } },
{ "type": "Feature", "properties": { "z": "Niger", "ISO_A3": "NER", "c": "Niger" }, "geometry": { "type": "Polygon", "coordinates": [ [ [ 3.5962, 11.6958 ], [ 3.6477, 11.726 ], [ 3.6599, 11.7382 ], [ 3.6671, 11.7598 ], [ 3.6621, 11.7795 ], [ 3.6499, 11.7978 ], [ 3.6261, 11.8226 ], [ 3.6185, 11.8283 ], [ 3.6128, 11.839 ], [ 3.6099, 11.8488 ], [ 3.6038, 11.9056 ], [ 3.6085, 11.9219 ], [ 3.6196, 11.9362 ], [ 3.6365, 11.9535 ], [ 3.6535, 11.9869 ], [ 3.6488, 12.0211 ], [ 3.6239, 12.0942 ], [ 3.6247, 12.1377 ], [ 3.6517, 12.2691 ], [ 3.6416, 12.5179 ], [ 3.6455, 12.5285 ], [ 3.8644, 12.6897 ], [ 3.9292, 12.7503 ], [ 4.0887, 12.9962 ], [ 4.1236, 13.2336 ], [ 4.1258, 13.473 ], [ 4.1906, 13.475 ], [ 4.2205, 13.4806 ], [ 4.2485, 13.4941 ], [ 4.4059, 13.6412 ], [ 4.4527, 13.6738 ], [ 4.5067, 13.6947 ], [ 4.8249, 13.7707 ], [ 4.8569, 13.7741 ], [ 4.88, 13.764 ], [ 4.9023, 13.7429 ], [ 4.925, 13.733 ], [ 4.9833, 13.7296 ], [ 5.0845, 13.7475 ], [ 5.2277, 13.7413 ], [ 5.2619, 13.7478 ], [ 5.2735, 13.7525 ], [ 5.3041, 13.774 ], [ 5.3181, 13.7899 ], [ 5.3347, 13.8266 ], [ 5.3462, 13.8415 ], [ 5.3739, 13.8553 ], [ 5.5219, 13.8803 ], [ 5.5543, 13.8734 ], [ 6.1205, 13.6541 ], [ 6.1357, 13.6436 ], [ 6.1425, 13.6407 ], [ 6.1529, 13.6436 ], [ 6.2105, 13.6752 ], [ 6.23, 13.6792 ], [ 6.3023, 13.6638 ], [ 6.3689, 13.6263 ], [ 6.5093, 13.4961 ], [ 6.6724, 13.3212 ], [ 6.7786, 13.1303 ], [ 6.838, 13.0635 ], [ 6.874, 13.0305 ], [ 6.9068, 13.0068 ], [ 6.937, 12.9953 ], [ 6.9705, 12.9919 ], [ 7.045, 12.9922 ], [ 7.0688, 12.9961 ], [ 7.09, 13.0064 ], [ 7.1375, 13.0473 ], [ 7.198, 13.1174 ], [ 7.2203, 13.1216 ], [ 7.3247, 13.1028 ], [ 7.3607, 13.1027 ], [ 7.3921, 13.1125 ], [ 7.7557, 13.3272 ], [ 7.7895, 13.3419 ], [ 7.8241, 13.3452 ], [ 8.0775, 13.31 ], [ 8.1052, 13.2996 ], [ 8.1167, 13.291 ], [ 8.1401, 13.2691 ], [ 8.1675, 13.2524 ], [ 8.2013, 13.2263 ], [ 8.2161, 13.2196 ], [ 8.2456, 13.2117 ], [ 8.2597, 13.2053 ], [ 8.273, 13.1938 ], [ 8.2978, 13.1646 ], [ 8.3979, 13.0753 ], [ 8.4051, 13.0709 ], [ 8.4191, 13.0667 ], [ 8.4346, 13.075 ], [ 8.4461, 13.0788 ], [ 8.4706, 13.0816 ], [ 8.4825, 13.0815 ], [ 8.5095, 13.0759 ], [ 8.5336, 13.0646 ], [ 8.5772, 13.0324 ], [ 8.5966, 13.0114 ], [ 8.6254, 12.9649 ], [ 8.6427, 12.9444 ], [ 8.6794, 12.9236 ], [ 8.9429, 12.8472 ], [ 9.2695, 12.8097 ], [ 9.3065, 12.8099 ], [ 9.3598, 12.8246 ], [ 9.3778, 12.8258 ], [ 9.5902, 12.8014 ], [ 9.6115, 12.803 ], [ 9.6183, 12.8057 ], [ 9.6406, 12.8225 ], [ 9.8192, 13.0293 ], [ 9.8527, 13.0605 ], [ 9.8721, 13.0726 ], [ 9.8825, 13.0762 ], [ 9.8919, 13.0762 ], [ 9.8998, 13.0843 ], [ 9.9045, 13.0944 ], [ 9.9081, 13.1188 ], [ 9.9124, 13.1291 ], [ 9.9301, 13.146 ], [ 10.1198, 13.2501 ], [ 10.1616, 13.2672 ], [ 10.6749, 13.3751 ], [ 10.7714, 13.3827 ], [ 10.9528, 13.3618 ], [ 11.4399, 13.3644 ], [ 11.7423, 13.2894 ], [ 11.8528, 13.2453 ], [ 11.9918, 13.1621 ], [ 12.0379, 13.1264 ], [ 12.0577, 13.1168 ], [ 12.1164, 13.1028 ], [ 12.1639, 13.108 ], [ 12.1848, 13.1221 ], [ 12.2013, 13.1254 ], [ 12.2517, 13.108 ], [ 12.2632, 13.1018 ], [ 12.2672, 13.0952 ], [ 12.2694, 13.0859 ], [ 12.2773, 13.0845 ], [ 12.2917, 13.0968 ], [ 12.301, 13.0981 ], [ 12.3111, 13.0926 ], [ 12.3183, 13.0838 ], [ 12.3259, 13.0788 ], [ 12.3352, 13.0845 ], [ 12.3514, 13.0798 ], [ 12.4144, 13.0776 ], [ 12.4371, 13.074 ], [ 12.4566, 13.0675 ], [ 12.4728, 13.0642 ], [ 12.4868, 13.0708 ], [ 12.4911, 13.0826 ], [ 12.4998, 13.136 ], [ 12.5044, 13.1396 ], [ 12.5347, 13.1459 ], [ 12.5426, 13.1548 ], [ 12.548, 13.1655 ], [ 12.5541, 13.1875 ], [ 12.5383, 13.1934 ], [ 12.5451, 13.2081 ], [ 12.5581, 13.2266 ], [ 12.561, 13.2428 ], [ 12.6027, 13.28 ], [ 12.6063, 13.2743 ], [ 12.6132, 13.2765 ], [ 12.6204, 13.2814 ], [ 12.6268, 13.2883 ], [ 12.6301, 13.3103 ], [ 12.6592, 13.2866 ], [ 12.6744, 13.2837 ], [ 12.683, 13.289 ], [ 12.6902, 13.312 ], [ 12.7017, 13.3172 ], [ 12.7244, 13.3223 ], [ 12.741, 13.3348 ], [ 12.7665, 13.3657 ], [ 12.7734, 13.3823 ], [ 12.7773, 13.3867 ], [ 12.7834, 13.3823 ], [ 12.791, 13.3718 ], [ 12.805, 13.373 ], [ 12.8047, 13.3769 ], [ 12.7986, 13.3843 ], [ 12.7946, 13.396 ], [ 12.7975, 13.3996 ], [ 12.8151, 13.4066 ], [ 12.8292, 13.4066 ], [ 12.8292, 13.4202 ], [ 12.8572, 13.4507 ], [ 12.8702, 13.4613 ], [ 12.8576, 13.4753 ], [ 12.8425, 13.4816 ], [ 12.8425, 13.4891 ], [ 12.858, 13.4849 ], [ 12.8706, 13.4789 ], [ 12.8796, 13.4798 ], [ 12.8839, 13.4959 ], [ 12.9116, 13.4899 ], [ 12.9393, 13.4951 ], [ 13.0293, 13.5391 ], [ 13.0549, 13.5483 ], [ 13.0826, 13.5506 ], [ 13.0826, 13.5444 ], [ 13.0768, 13.5347 ], [ 13.0884, 13.5306 ], [ 13.1071, 13.5316 ], [ 13.1236, 13.537 ], [ 13.1236, 13.5227 ], [ 13.1308, 13.5298 ], [ 13.1384, 13.5466 ], [ 13.1442, 13.5506 ], [ 13.1539, 13.5487 ], [ 13.156, 13.5407 ], [ 13.1503, 13.5227 ], [ 13.1769, 13.5344 ], [ 13.2039, 13.5394 ], [ 13.228, 13.548 ], [ 13.2464, 13.5711 ], [ 13.2324, 13.5729 ], [ 13.2302, 13.5778 ], [ 13.2396, 13.5915 ], [ 13.2439, 13.5932 ], [ 13.2572, 13.5942 ], [ 13.2601, 13.6021 ], [ 13.2586, 13.6078 ], [ 13.2536, 13.6148 ], [ 13.254, 13.6189 ], [ 13.2594, 13.629 ], [ 13.2662, 13.638 ], [ 13.3062, 13.6747 ], [ 13.3213, 13.6851 ], [ 13.3206, 13.7023 ], [ 13.3299, 13.7094 ], [ 13.3602, 13.7144 ], [ 13.6075, 13.7041 ], [ 13.4822, 14.2598 ], [ 13.4491, 14.3802 ], [ 13.4494, 14.439 ], [ 13.4822, 14.4836 ], [ 13.5078, 14.4959 ], [ 13.5438, 14.5105 ], [ 13.5844, 14.5138 ], [ 13.6244, 14.5213 ], [ 13.6579, 14.5488 ], [ 13.6654, 14.5669 ], [ 13.6669, 14.5855 ], [ 13.6604, 14.6237 ], [ 13.6572, 14.6296 ], [ 13.6464, 14.6391 ], [ 13.6446, 14.6442 ], [ 13.6485, 14.6494 ], [ 13.668, 14.6628 ], [ 13.7, 14.6977 ], [ 13.7101, 14.7052 ], [ 13.7299, 14.7096 ], [ 13.7493, 14.7112 ], [ 13.7644, 14.7191 ], [ 13.7731, 14.7425 ], [ 13.772, 14.7628 ], [ 13.758, 14.8055 ], [ 13.754, 14.826 ], [ 13.7551, 14.8471 ], [ 13.7605, 14.8663 ], [ 13.8339, 15.0196 ], [ 14.3689, 15.7496 ], [ 15.4525, 16.8762 ], [ 15.4654, 16.8947 ], [ 15.4719, 16.9167 ], [ 15.7362, 19.9035 ], [ 15.7671, 19.9819 ], [ 15.963, 20.3192 ], [ 15.9702, 20.3363 ], [ 15.968, 20.3527 ], [ 15.954, 20.3745 ], [ 15.6696, 20.6718 ], [ 15.5882, 20.7328 ], [ 15.5702, 20.7518 ], [ 15.5562, 20.7736 ], [ 15.5443, 20.7989 ], [ 15.536, 20.844 ], [ 15.5443, 20.8902 ], [ 15.5691, 20.9289 ], [ 15.6094, 20.9506 ], [ 15.3009, 21.4012 ], [ 15.2667, 21.4406 ], [ 15.2476, 21.4532 ], [ 15.2001, 21.4764 ], [ 15.1846, 21.4911 ], [ 15.1803, 21.5071 ], [ 15.172, 21.9933 ], [ 14.9798, 22.9956 ], [ 14.2317, 22.6179 ], [ 14.2162, 22.6162 ], [ 14.2015, 22.6231 ], [ 13.5996, 23.119 ], [ 13.4822, 23.1796 ], [ 11.9688, 23.5172 ], [ 7.4828, 20.8725 ], [ 6.9827, 20.4636 ], [ 5.8376, 19.4786 ], [ 5.7944, 19.4497 ], [ 5.7494, 19.4337 ], [ 4.2287, 19.1422 ], [ 4.2356, 16.9959 ], [ 4.2223, 16.9866 ], [ 4.2118, 16.986 ], [ 4.2035, 16.9827 ], [ 4.1978, 16.9652 ], [ 4.1967, 16.9471 ], [ 4.2021, 16.8489 ], [ 4.1974, 16.8385 ], [ 4.1845, 16.8184 ], [ 4.1819, 16.8095 ], [ 4.1841, 16.416 ], [ 4.1758, 16.3927 ], [ 4.1618, 16.3799 ], [ 4.1182, 16.3583 ], [ 4.0948, 16.3407 ], [ 4.0757, 16.321 ], [ 4.0606, 16.2984 ], [ 3.971, 16.0861 ], [ 3.967, 16.0585 ], [ 3.971, 16.0309 ], [ 3.9847, 15.9987 ], [ 3.9843, 15.9868 ], [ 3.9832, 15.984 ], [ 3.9249, 15.9276 ], [ 3.9098, 15.9047 ], [ 3.9033, 15.8862 ], [ 3.8943, 15.7886 ], [ 3.8864, 15.7501 ], [ 3.8713, 15.7148 ], [ 3.8461, 15.6853 ], [ 3.8083, 15.6656 ], [ 3.7291, 15.6508 ], [ 3.6923, 15.6315 ], [ 3.6142, 15.5478 ], [ 3.5264, 15.496 ], [ 3.5167, 15.4692 ], [ 3.5069, 15.354 ], [ 3.4832, 15.3593 ], [ 3.0731, 15.4271 ], [ 3.0335, 15.4264 ], [ 3.0173, 15.4228 ], [ 3.0101, 15.4177 ], [ 3.0058, 15.3892 ], [ 3.0058, 15.3523 ], [ 3.0001, 15.3391 ], [ 1.3315, 15.2836 ], [ 1.298, 15.2757 ], [ 1.271, 15.2598 ], [ 0.9736, 14.9912 ], [ 0.9495, 14.9795 ], [ 0.9221, 14.9739 ], [ 0.7691, 14.9691 ], [ 0.7115, 14.9474 ], [ 0.6838, 14.9409 ], [ 0.6701, 14.9397 ], [ 0.515, 14.9935 ], [ 0.4837, 14.9921 ], [ 0.4189, 14.9699 ], [ 0.3872, 14.9632 ], [ 0.3533, 14.9635 ], [ 0.2212, 14.996 ], [ 0.2133, 14.9854 ], [ 0.2129, 14.9608 ], [ 0.2183, 14.911 ], [ 0.2209, 14.8882 ], [ 0.2119, 14.8748 ], [ 0.1982, 14.8637 ], [ 0.1856, 14.8481 ], [ 0.1841, 14.8195 ], [ 0.2129, 14.7616 ], [ 0.2198, 14.7312 ], [ 0.1528, 14.5468 ], [ 0.1589, 14.4961 ], [ 0.1888, 14.4477 ], [ 0.3465, 14.3076 ], [ 0.3886, 14.2517 ], [ 0.3915, 14.2459 ], [ 0.3908, 14.2376 ], [ 0.3811, 14.2256 ], [ 0.3775, 14.2166 ], [ 0.3721, 14.1857 ], [ 0.3674, 14.1738 ], [ 0.3436, 14.1375 ], [ 0.3393, 14.1257 ], [ 0.3436, 14.1143 ], [ 0.3562, 14.0957 ], [ 0.3742, 14.0789 ], [ 0.3785, 14.0705 ], [ 0.3775, 14.0639 ], [ 0.3692, 14.0479 ], [ 0.3692, 14.039 ], [ 0.3782, 14.0288 ], [ 0.3915, 14.0226 ], [ 0.4019, 14.0138 ], [ 0.4041, 13.9961 ], [ 0.412, 13.9785 ], [ 0.4282, 13.9675 ], [ 0.4459, 13.9586 ], [ 0.4567, 13.9469 ], [ 0.4563, 13.9381 ], [ 0.448, 13.9201 ], [ 0.4487, 13.9096 ], [ 0.4549, 13.9023 ], [ 0.4757, 13.8889 ], [ 0.4837, 13.8803 ], [ 0.4919, 13.8618 ], [ 0.5042, 13.8454 ], [ 0.5193, 13.8316 ], [ 0.5531, 13.81 ], [ 0.5744, 13.785 ], [ 0.5938, 13.7781 ], [ 0.6007, 13.7687 ], [ 0.5945, 13.7498 ], [ 0.5848, 13.729 ], [ 0.5805, 13.7137 ], [ 0.5942, 13.6888 ], [ 0.6208, 13.68 ], [ 0.7533, 13.6841 ], [ 0.7634, 13.682 ], [ 0.7663, 13.6751 ], [ 0.767, 13.6609 ], [ 0.7663, 13.6572 ], [ 0.763, 13.6531 ], [ 0.7637, 13.6465 ], [ 0.7756, 13.6353 ], [ 0.7954, 13.626 ], [ 0.8131, 13.625 ], [ 0.8509, 13.6286 ], [ 0.8969, 13.615 ], [ 0.9509, 13.5832 ], [ 0.9913, 13.5411 ], [ 0.9967, 13.4961 ], [ 1.0154, 13.4657 ], [ 1.0481, 13.442 ], [ 1.1572, 13.3926 ], [ 1.1752, 13.3869 ], [ 1.2173, 13.3817 ], [ 1.2343, 13.3776 ], [ 1.2497, 13.3671 ], [ 1.2688, 13.3461 ], [ 1.2415, 13.3355 ], [ 1.222, 13.3447 ], [ 1.2058, 13.3588 ], [ 1.1878, 13.3641 ], [ 1.1824, 13.3587 ], [ 1.1777, 13.3477 ], [ 1.1677, 13.3135 ], [ 1.1608, 13.3113 ], [ 1.1385, 13.3203 ], [ 1.0849, 13.3336 ], [ 1.0046, 13.3648 ], [ 0.9837, 13.3684 ], [ 0.9704, 13.3283 ], [ 0.9718, 13.0673 ], [ 0.9747, 13.0483 ], [ 0.9837, 13.0324 ], [ 1.0121, 13.0169 ], [ 1.0838, 13.0109 ], [ 1.114, 12.9962 ], [ 1.5359, 12.6474 ], [ 1.564, 12.6321 ], [ 1.5971, 12.6237 ], [ 1.8261, 12.6042 ], [ 1.8437, 12.6061 ], [ 1.8607, 12.6171 ], [ 1.9003, 12.6785 ], [ 1.9071, 12.6918 ], [ 1.9114, 12.6967 ], [ 1.9197, 12.6984 ], [ 1.9265, 12.695 ], [ 1.9345, 12.6935 ], [ 1.9456, 12.7008 ], [ 1.9625, 12.7191 ], [ 1.9715, 12.7243 ], [ 2.0691, 12.7163 ], [ 2.1091, 12.7057 ], [ 2.1353, 12.6756 ], [ 2.1411, 12.6562 ], [ 2.1447, 12.6507 ], [ 2.1659, 12.6317 ], [ 2.1843, 12.6207 ], [ 2.1933, 12.6095 ], [ 2.2001, 12.5959 ], [ 2.2034, 12.5833 ], [ 2.2109, 12.5231 ], [ 2.2156, 12.5104 ], [ 2.2239, 12.4949 ], [ 2.2423, 12.4734 ], [ 2.2462, 12.4658 ], [ 2.243, 12.4512 ], [ 2.2448, 12.4242 ], [ 2.2379, 12.4135 ], [ 2.2232, 12.4097 ], [ 2.1638, 12.4047 ], [ 2.1451, 12.4118 ], [ 2.1386, 12.4083 ], [ 2.1271, 12.3952 ], [ 2.0691, 12.3833 ], [ 2.0543, 12.371 ], [ 2.0518, 12.3419 ], [ 2.0709, 12.3069 ], [ 2.338, 11.9401 ], [ 2.3902, 11.8966 ], [ 2.3881, 11.9067 ], [ 2.3765, 11.924 ], [ 2.3751, 11.9351 ], [ 2.3809, 11.9479 ], [ 2.3895, 11.9501 ], [ 2.3989, 11.9488 ], [ 2.4075, 11.9512 ], [ 2.414, 11.9587 ], [ 2.4219, 11.9731 ], [ 2.4291, 11.9803 ], [ 2.4388, 11.9813 ], [ 2.4493, 11.9776 ], [ 2.4568, 11.979 ], [ 2.4572, 11.9962 ], [ 2.4554, 12.0086 ], [ 2.4489, 12.0133 ], [ 2.4392, 12.0156 ], [ 2.4287, 12.0204 ], [ 2.4183, 12.0287 ], [ 2.4111, 12.0368 ], [ 2.4057, 12.0467 ], [ 2.3719, 12.1404 ], [ 2.3621, 12.1961 ], [ 2.3611, 12.2188 ], [ 2.3701, 12.2363 ], [ 2.3942, 12.2472 ], [ 2.4079, 12.2489 ], [ 2.4309, 12.248 ], [ 2.4439, 12.2492 ], [ 2.4543, 12.2631 ], [ 2.4593, 12.2668 ], [ 2.4669, 12.2651 ], [ 2.4727, 12.2592 ], [ 2.4777, 12.2576 ], [ 2.4881, 12.2804 ], [ 2.495, 12.2832 ], [ 2.5162, 12.2814 ], [ 2.5191, 12.2791 ], [ 2.5205, 12.2737 ], [ 2.5238, 12.2692 ], [ 2.5313, 12.2696 ], [ 2.5504, 12.2845 ], [ 2.5861, 12.294 ], [ 2.5987, 12.2884 ], [ 2.6037, 12.2878 ], [ 2.6217, 12.2996 ], [ 2.6285, 12.3008 ], [ 2.6638, 12.2915 ], [ 2.6728, 12.2967 ], [ 2.6869, 12.3184 ], [ 2.6951, 12.3412 ], [ 2.7005, 12.3471 ], [ 2.7113, 12.3512 ], [ 2.7218, 12.3442 ], [ 2.7322, 12.3468 ], [ 2.7416, 12.3541 ], [ 2.7574, 12.373 ], [ 2.7686, 12.3801 ], [ 2.7783, 12.382 ], [ 2.7985, 12.3813 ], [ 2.8085, 12.3833 ], [ 2.8323, 12.384 ], [ 2.8442, 12.3993 ], [ 2.8924, 12.3571 ], [ 2.9126, 12.3464 ], [ 2.9227, 12.3356 ], [ 2.9302, 12.3233 ], [ 2.9367, 12.3008 ], [ 2.945, 12.2925 ], [ 2.9677, 12.2825 ], [ 3.0011, 12.2789 ], [ 3.0094, 12.2764 ], [ 3.0227, 12.2525 ], [ 3.0634, 12.1938 ], [ 3.2355, 12.0395 ], [ 3.2384, 12.0342 ], [ 3.2521, 12.0241 ], [ 3.2553, 12.0188 ], [ 3.2575, 11.9975 ], [ 3.2625, 11.9747 ], [ 3.2701, 11.9565 ], [ 3.2927, 11.9186 ], [ 3.3154, 11.8946 ], [ 3.3277, 11.8864 ], [ 3.3417, 11.8828 ], [ 3.3691, 11.8973 ], [ 3.3809, 11.895 ], [ 3.3917, 11.8888 ], [ 3.4029, 11.8853 ], [ 3.4475, 11.8579 ], [ 3.4843, 11.8452 ], [ 3.4954, 11.8375 ], [ 3.5033, 11.83 ], [ 3.5368, 11.7829 ], [ 3.5537, 11.7696 ], [ 3.5717, 11.7218 ], [ 3.58, 11.7174 ], [ 3.5894, 11.7015 ], [ 3.5962, 11.6958 ] ] ] } },
{ "type": "Feature", "properties": { "z": "Nigeria", "ISO_A3": "NGA", "c": "Nigeria" }, "geometry": { "type": "MultiPolygon", "coordinates": [ [ [ [ 7.3327, 4.492 ], [ 7.3204, 4.4811 ], [ 7.3143, 4.4692 ], [ 7.3121, 4.4556 ], [ 7.3121, 4.44 ], [ 7.3078, 4.4246 ], [ 7.2985, 4.4148 ], [ 7.2848, 4.4063 ], [ 7.2707, 4.4004 ], [ 7.1818, 4.3821 ], [ 7.1476, 4.3851 ], [ 7.1379, 4.3971 ], [ 7.1476, 4.416 ], [ 7.1797, 4.4498 ], [ 7.202, 4.4845 ], [ 7.2214, 4.5067 ], [ 7.2257, 4.5162 ], [ 7.2293, 4.5329 ], [ 7.243, 4.5245 ], [ 7.2585, 4.4976 ], [ 7.2743, 4.492 ], [ 7.3197, 4.4966 ], [ 7.3327, 4.492 ] ] ], [ [ [ 7.5699, 4.4595 ], [ 7.5526, 4.4556 ], [ 7.5145, 4.4572 ], [ 7.499, 4.4545 ], [ 7.4493, 4.4366 ], [ 7.4317, 4.4349 ], [ 7.3582, 4.4393 ], [ 7.3427, 4.4472 ], [ 7.337, 4.4602 ], [ 7.3463, 4.4782 ], [ 7.3561, 4.4834 ], [ 7.4047, 4.4981 ], [ 7.4162, 4.4938 ], [ 7.4518, 4.4755 ], [ 7.4695, 4.4714 ], [ 7.4878, 4.4734 ], [ 7.5238, 4.4824 ], [ 7.5411, 4.4845 ], [ 7.5742, 4.488 ], [ 7.5843, 4.4847 ], [ 7.5789, 4.4714 ], [ 7.5699, 4.4595 ] ] ], [ [ [ 14.1774, 12.5456 ], [ 14.1788, 12.4683 ], [ 14.1853, 12.4471 ], [ 14.1853, 12.4279 ], [ 14.1792, 12.3973 ], [ 14.1799, 12.3856 ], [ 14.1889, 12.3704 ], [ 14.2022, 12.3625 ], [ 14.2177, 12.3592 ], [ 14.4232, 12.3531 ], [ 14.487, 12.3378 ], [ 14.5143, 12.3236 ], [ 14.5176, 12.3133 ], [ 14.5125, 12.2987 ], [ 14.5143, 12.2894 ], [ 14.5215, 12.2824 ], [ 14.551, 12.2605 ], [ 14.5622, 12.2559 ], [ 14.5622, 12.2485 ], [ 14.5485, 12.2416 ], [ 14.568, 12.2277 ], [ 14.5881, 12.2171 ], [ 14.604, 12.2044 ], [ 14.6104, 12.1835 ], [ 14.6162, 12.1789 ], [ 14.6515, 12.1938 ], [ 14.6634, 12.1876 ], [ 14.6684, 12.1781 ], [ 14.6698, 12.1675 ], [ 14.6508, 12.1481 ], [ 14.6371, 12.1243 ], [ 14.6198, 12.0526 ], [ 14.6223, 12.042 ], [ 14.6043, 12.0304 ], [ 14.6061, 12.0112 ], [ 14.6252, 11.9681 ], [ 14.627, 11.9501 ], [ 14.6234, 11.9166 ], [ 14.6122, 11.885 ], [ 14.5906, 11.7832 ], [ 14.5831, 11.7663 ], [ 14.5464, 11.7187 ], [ 14.542, 11.7098 ], [ 14.5435, 11.7011 ], [ 14.5525, 11.6891 ], [ 14.5564, 11.6875 ], [ 14.5734, 11.6878 ], [ 14.5809, 11.6833 ], [ 14.5885, 11.6697 ], [ 14.6101, 11.6468 ], [ 14.6212, 11.6298 ], [ 14.627, 11.6096 ], [ 14.6277, 11.5843 ], [ 14.6238, 11.5634 ], [ 14.6162, 11.5387 ], [ 14.6058, 11.5148 ], [ 14.5939, 11.4964 ], [ 14.5766, 11.4873 ], [ 14.5248, 11.4688 ], [ 14.5039, 11.4564 ], [ 14.4672, 11.4239 ], [ 14.4463, 11.4117 ], [ 14.3872, 11.3934 ], [ 14.3682, 11.383 ], [ 14.2792, 11.3018 ], [ 14.2713, 11.2987 ], [ 14.2443, 11.2954 ], [ 14.2321, 11.2902 ], [ 14.2047, 11.2622 ], [ 14.1867, 11.2493 ], [ 14.1655, 11.2383 ], [ 14.1432, 11.2327 ], [ 14.1226, 11.2357 ], [ 14.0524, 11.2652 ], [ 14.0132, 11.2763 ], [ 13.9822, 11.2762 ], [ 13.9437, 11.2457 ], [ 13.9063, 11.2081 ], [ 13.8732, 11.1664 ], [ 13.849, 11.1245 ], [ 13.8321, 11.0849 ], [ 13.8202, 11.0693 ], [ 13.7821, 11.0475 ], [ 13.7659, 11.0339 ], [ 13.7547, 11.0168 ], [ 13.7504, 10.9961 ], [ 13.7569, 10.9582 ], [ 13.7443, 10.9305 ], [ 13.5664, 10.679 ], [ 13.5387, 10.6215 ], [ 13.5013, 10.4964 ], [ 13.4671, 10.3077 ], [ 13.4448, 10.2456 ], [ 13.4444, 10.2325 ], [ 13.4512, 10.2121 ], [ 13.453, 10.2005 ], [ 13.4509, 10.1872 ], [ 13.435, 10.1534 ], [ 13.4232, 10.1385 ], [ 13.4019, 10.1223 ], [ 13.3785, 10.1086 ], [ 13.3598, 10.1006 ], [ 13.2813, 10.0921 ], [ 13.2478, 10.0794 ], [ 13.2302, 10.0453 ], [ 13.2306, 10.0253 ], [ 13.2424, 9.9927 ], [ 13.2464, 9.9735 ], [ 13.2424, 9.9498 ], [ 13.2187, 9.9131 ], [ 13.2111, 9.8928 ], [ 13.2126, 9.8702 ], [ 13.223, 9.8542 ], [ 13.2522, 9.8242 ], [ 13.263, 9.8018 ], [ 13.2604, 9.7858 ], [ 13.2511, 9.7693 ], [ 13.2414, 9.7454 ], [ 13.2284, 9.678 ], [ 13.2234, 9.6132 ], [ 13.1953, 9.5422 ], [ 13.1305, 9.5166 ], [ 13.0516, 9.5045 ], [ 12.9825, 9.4746 ], [ 12.9688, 9.4641 ], [ 12.94, 9.4271 ], [ 12.9289, 9.4161 ], [ 12.9206, 9.4105 ], [ 12.8619, 9.3829 ], [ 12.8554, 9.3782 ], [ 12.8482, 9.36 ], [ 12.8533, 9.3567 ], [ 12.8817, 9.3523 ], [ 12.8914, 9.332 ], [ 12.8994, 9.3021 ], [ 12.8983, 9.2624 ], [ 12.8947, 9.244 ], [ 12.8886, 9.2268 ], [ 12.8421, 9.1445 ], [ 12.8223, 9.0968 ], [ 12.8209, 9.0565 ], [ 12.8281, 9.02 ], [ 12.8058, 8.8315 ], [ 12.7946, 8.7886 ], [ 12.773, 8.7591 ], [ 12.7597, 8.7534 ], [ 12.7201, 8.7565 ], [ 12.7089, 8.751 ], [ 12.7017, 8.7392 ], [ 12.6927, 8.7109 ], [ 12.6783, 8.6787 ], [ 12.6603, 8.6594 ], [ 12.5581, 8.6057 ], [ 12.5426, 8.602 ], [ 12.5278, 8.6048 ], [ 12.4954, 8.6196 ], [ 12.4825, 8.6233 ], [ 12.4645, 8.6212 ], [ 12.4519, 8.6147 ], [ 12.4404, 8.6066 ], [ 12.4245, 8.5998 ], [ 12.4105, 8.5985 ], [ 12.3964, 8.6008 ], [ 12.3687, 8.6096 ], [ 12.377, 8.5951 ], [ 12.4004, 8.5384 ], [ 12.4033, 8.5243 ], [ 12.404, 8.4965 ], [ 12.3954, 8.4874 ], [ 12.3651, 8.4666 ], [ 12.3432, 8.4328 ], [ 12.3313, 8.4244 ], [ 12.3104, 8.4214 ], [ 12.2719, 8.4278 ], [ 12.2499, 8.4188 ], [ 12.2269, 8.3863 ], [ 12.2193, 8.3432 ], [ 12.2218, 8.2977 ], [ 12.2377, 8.2169 ], [ 12.2366, 8.197 ], [ 12.229, 8.1755 ], [ 12.1884, 8.1179 ], [ 12.1826, 8.0935 ], [ 12.1826, 8.0547 ], [ 12.1884, 8.0162 ], [ 12.1952, 7.9918 ], [ 12.1977, 7.9752 ], [ 12.192, 7.9607 ], [ 12.1542, 7.9214 ], [ 12.0548, 7.784 ], [ 12.0192, 7.7189 ], [ 12.0123, 7.6984 ], [ 12.0091, 7.6764 ], [ 12.0109, 7.6553 ], [ 12.0249, 7.5967 ], [ 12.021, 7.5762 ], [ 12.0087, 7.5649 ], [ 11.9929, 7.554 ], [ 11.9662, 7.5145 ], [ 11.8449, 7.3965 ], [ 11.7826, 7.3046 ], [ 11.7625, 7.2855 ], [ 11.7445, 7.2722 ], [ 11.7366, 7.2634 ], [ 11.7423, 7.2575 ], [ 11.7661, 7.2529 ], [ 11.7801, 7.241 ], [ 11.8298, 7.1693 ], [ 11.869, 7.1271 ], [ 11.8813, 7.1021 ], [ 11.8723, 7.0793 ], [ 11.8626, 7.0755 ], [ 11.8453, 7.0819 ], [ 11.8341, 7.0831 ], [ 11.8204, 7.0788 ], [ 11.8089, 7.0719 ], [ 11.7664, 7.0335 ], [ 11.7517, 7.0239 ], [ 11.747, 7.0053 ], [ 11.7412, 6.9975 ], [ 11.7344, 6.995 ], [ 11.6926, 6.9916 ], [ 11.6883, 6.9869 ], [ 11.6847, 6.9739 ], [ 11.6811, 6.9687 ], [ 11.6232, 6.9324 ], [ 11.5616, 6.8761 ], [ 11.5436, 6.8508 ], [ 11.5382, 6.8239 ], [ 11.5447, 6.809 ], [ 11.5666, 6.7842 ], [ 11.5713, 6.7662 ], [ 11.5688, 6.7392 ], [ 11.5623, 6.7125 ], [ 11.5335, 6.6451 ], [ 11.5098, 6.6124 ], [ 11.4828, 6.5972 ], [ 11.4432, 6.5933 ], [ 11.4169, 6.572 ], [ 11.4018, 6.5382 ], [ 11.3956, 6.4967 ], [ 11.3895, 6.474 ], [ 11.3697, 6.4558 ], [ 11.3442, 6.4432 ], [ 11.3197, 6.4374 ], [ 11.3085, 6.4379 ], [ 11.2869, 6.4432 ], [ 11.2758, 6.4442 ], [ 11.2614, 6.4326 ], [ 11.2556, 6.4301 ], [ 11.2484, 6.4311 ], [ 11.2318, 6.4398 ], [ 11.1404, 6.4303 ], [ 11.1134, 6.4341 ], [ 11.0972, 6.4491 ], [ 11.0774, 6.4967 ], [ 11.0605, 6.574 ], [ 11.0572, 6.6131 ], [ 11.059, 6.6527 ], [ 11.0558, 6.7004 ], [ 11.0367, 6.7406 ], [ 11.0025, 6.7674 ], [ 10.9093, 6.7842 ], [ 10.8776, 6.8162 ], [ 10.8574, 6.8598 ], [ 10.8481, 6.9053 ], [ 10.8319, 6.9452 ], [ 10.7991, 6.9674 ], [ 10.717, 6.9982 ], [ 10.6468, 7.0351 ], [ 10.6206, 7.0438 ], [ 10.6026, 7.0582 ], [ 10.5972, 7.1072 ], [ 10.5788, 7.1308 ], [ 10.564, 7.1027 ], [ 10.5518, 7.0663 ], [ 10.5432, 7.0288 ], [ 10.5374, 6.9521 ], [ 10.5212, 6.9428 ], [ 10.5007, 6.9129 ], [ 10.4967, 6.8972 ], [ 10.496, 6.8747 ], [ 10.2386, 6.871 ], [ 10.2109, 6.8793 ], [ 10.19, 6.8954 ], [ 10.1796, 6.9149 ], [ 10.1652, 6.9886 ], [ 10.1569, 7.0048 ], [ 10.1428, 7.0078 ], [ 10.1194, 6.9945 ], [ 9.8746, 6.7877 ], [ 9.8512, 6.7779 ], [ 9.8318, 6.7835 ], [ 9.8123, 6.7931 ], [ 9.7886, 6.7948 ], [ 9.7699, 6.7738 ], [ 9.6932, 6.5314 ], [ 9.6806, 6.5215 ], [ 9.6327, 6.5212 ], [ 9.6032, 6.5152 ], [ 9.5881, 6.5028 ], [ 9.5647, 6.4587 ], [ 9.5488, 6.4432 ], [ 9.5287, 6.4331 ], [ 9.4826, 6.416 ], [ 9.4531, 6.3977 ], [ 9.4228, 6.3393 ], [ 9.3951, 6.3226 ], [ 9.3548, 6.3216 ], [ 9.3411, 6.314 ], [ 9.3274, 6.2985 ], [ 9.299, 6.2384 ], [ 9.2734, 6.2028 ], [ 9.1363, 6.0926 ], [ 9.0437, 5.9969 ], [ 9.0225, 5.9658 ], [ 9.0099, 5.9524 ], [ 8.9937, 5.9441 ], [ 8.9883, 5.9373 ], [ 8.9861, 5.9089 ], [ 8.9825, 5.8958 ], [ 8.9649, 5.8937 ], [ 8.9433, 5.9014 ], [ 8.9217, 5.9046 ], [ 8.9048, 5.8881 ], [ 8.8911, 5.8711 ], [ 8.8558, 5.8475 ], [ 8.8454, 5.831 ], [ 8.8472, 5.8108 ], [ 8.858, 5.795 ], [ 8.8666, 5.7775 ], [ 8.8623, 5.7523 ], [ 8.8447, 5.7308 ], [ 8.827, 5.7178 ], [ 8.8191, 5.7035 ], [ 8.8324, 5.6782 ], [ 8.8526, 5.6587 ], [ 8.8749, 5.6415 ], [ 8.8936, 5.6218 ], [ 8.9041, 5.5952 ], [ 8.8994, 5.571 ], [ 8.8843, 5.5515 ], [ 8.8655, 5.5335 ], [ 8.8504, 5.514 ], [ 8.8443, 5.4924 ], [ 8.8457, 5.4728 ], [ 8.8493, 5.4535 ], [ 8.8497, 5.4325 ], [ 8.8432, 5.41 ], [ 8.8216, 5.3678 ], [ 8.8151, 5.3436 ], [ 8.8162, 5.3303 ], [ 8.8245, 5.3062 ], [ 8.8256, 5.2955 ], [ 8.7989, 5.1597 ], [ 8.7917, 5.1468 ], [ 8.7813, 5.142 ], [ 8.7694, 5.14 ], [ 8.7583, 5.1349 ], [ 8.7482, 5.1242 ], [ 8.7287, 5.0946 ], [ 8.7226, 5.0813 ], [ 8.7079, 5.0376 ], [ 8.6985, 5.0179 ], [ 8.6837, 4.9971 ], [ 8.6445, 4.9349 ], [ 8.6384, 4.9169 ], [ 8.611, 4.8967 ], [ 8.6024, 4.8814 ], [ 8.6053, 4.86 ], [ 8.6121, 4.832 ], [ 8.5941, 4.8154 ], [ 8.5923, 4.8203 ], [ 8.5858, 4.825 ], [ 8.5768, 4.8271 ], [ 8.5685, 4.8233 ], [ 8.5581, 4.8145 ], [ 8.5491, 4.8042 ], [ 8.5451, 4.7964 ], [ 8.5433, 4.7875 ], [ 8.5343, 4.7683 ], [ 8.5318, 4.7581 ], [ 8.5325, 4.7483 ], [ 8.539, 4.7338 ], [ 8.5387, 4.7247 ], [ 8.5297, 4.7089 ], [ 8.5181, 4.7041 ], [ 8.5048, 4.7062 ], [ 8.4901, 4.7111 ], [ 8.4757, 4.7089 ], [ 8.4688, 4.7116 ], [ 8.4821, 4.7384 ], [ 8.4843, 4.7483 ], [ 8.48, 4.7526 ], [ 8.4713, 4.7503 ], [ 8.4519, 4.7405 ], [ 8.4389, 4.7383 ], [ 8.4091, 4.7494 ], [ 8.4073, 4.7769 ], [ 8.4173, 4.8125 ], [ 8.422, 4.8476 ], [ 8.4155, 4.8476 ], [ 8.4091, 4.8134 ], [ 8.3871, 4.7958 ], [ 8.3583, 4.7974 ], [ 8.3324, 4.821 ], [ 8.3356, 4.8247 ], [ 8.3399, 4.8346 ], [ 8.332, 4.8364 ], [ 8.3119, 4.8476 ], [ 8.3165, 4.861 ], [ 8.3083, 4.8722 ], [ 8.2813, 4.8925 ], [ 8.2561, 4.9068 ], [ 8.2507, 4.9233 ], [ 8.2391, 4.9448 ], [ 8.2319, 4.9538 ], [ 8.2089, 4.9622 ], [ 8.1967, 4.973 ], [ 8.1815, 4.9916 ], [ 8.1754, 4.9916 ], [ 8.1754, 4.9854 ], [ 8.2301, 4.9337 ], [ 8.2438, 4.9164 ], [ 8.2697, 4.8688 ], [ 8.2737, 4.8454 ], [ 8.2575, 4.8346 ], [ 8.264, 4.8208 ], [ 8.2741, 4.8049 ], [ 8.2852, 4.7916 ], [ 8.2949, 4.7861 ], [ 8.305, 4.7773 ], [ 8.3201, 4.7344 ], [ 8.3324, 4.7178 ], [ 8.3209, 4.6892 ], [ 8.3194, 4.68 ], [ 8.3234, 4.6657 ], [ 8.3331, 4.66 ], [ 8.3446, 4.6565 ], [ 8.3536, 4.649 ], [ 8.3565, 4.6256 ], [ 8.341, 4.6116 ], [ 8.3216, 4.5999 ], [ 8.3119, 4.5837 ], [ 8.2982, 4.5534 ], [ 8.2885, 4.5486 ], [ 8.2791, 4.5469 ], [ 8.2355, 4.5469 ], [ 8.1787, 4.5534 ], [ 8.093, 4.5534 ], [ 8.0512, 4.5594 ], [ 8.0321, 4.5588 ], [ 7.9987, 4.5415 ], [ 7.9792, 4.5391 ], [ 7.9353, 4.5391 ], [ 7.7647, 4.5193 ], [ 7.7549, 4.5249 ], [ 7.7423, 4.5263 ], [ 7.7305, 4.5225 ], [ 7.7229, 4.5117 ], [ 7.7431, 4.5113 ], [ 7.7571, 4.5049 ], [ 7.7355, 4.4993 ], [ 7.7031, 4.4976 ], [ 7.6739, 4.5023 ], [ 7.661, 4.5154 ], [ 7.6469, 4.5192 ], [ 7.5584, 4.5253 ], [ 7.5663, 4.5358 ], [ 7.5721, 4.5391 ], [ 7.5595, 4.5429 ], [ 7.5476, 4.5412 ], [ 7.5393, 4.5419 ], [ 7.5375, 4.5534 ], [ 7.5407, 4.5592 ], [ 7.5544, 4.5695 ], [ 7.5584, 4.58 ], [ 7.5375, 4.6079 ], [ 7.5447, 4.6216 ], [ 7.5296, 4.6389 ], [ 7.5332, 4.6643 ], [ 7.5512, 4.7111 ], [ 7.5447, 4.7111 ], [ 7.5278, 4.6986 ], [ 7.5206, 4.6897 ], [ 7.5173, 4.68 ], [ 7.5227, 4.6541 ], [ 7.5227, 4.6441 ], [ 7.5145, 4.6322 ], [ 7.5141, 4.6259 ], [ 7.5278, 4.6096 ], [ 7.531, 4.6012 ], [ 7.5112, 4.58 ], [ 7.5019, 4.5727 ], [ 7.4903, 4.5664 ], [ 7.4792, 4.5652 ], [ 7.4695, 4.5738 ], [ 7.4626, 4.5738 ], [ 7.454, 4.5532 ], [ 7.4324, 4.5555 ], [ 7.3978, 4.5738 ], [ 7.3726, 4.5751 ], [ 7.3467, 4.5804 ], [ 7.3244, 4.5909 ], [ 7.3121, 4.6079 ], [ 7.2992, 4.602 ], [ 7.2812, 4.6012 ], [ 7.2779, 4.5982 ], [ 7.2733, 4.584 ], [ 7.2635, 4.58 ], [ 7.2635, 4.5738 ], [ 7.2772, 4.5664 ], [ 7.2711, 4.5601 ], [ 7.2841, 4.5555 ], [ 7.301, 4.5419 ], [ 7.3283, 4.5362 ], [ 7.3334, 4.5295 ], [ 7.3319, 4.5206 ], [ 7.3258, 4.5117 ], [ 7.2812, 4.5049 ], [ 7.2538, 4.5428 ], [ 7.1905, 4.6118 ], [ 7.1818, 4.6322 ], [ 7.1818, 4.6594 ], [ 7.1789, 4.6688 ], [ 7.1725, 4.669 ], [ 7.1581, 4.6621 ], [ 7.1365, 4.6618 ], [ 7.1332, 4.6633 ], [ 7.1249, 4.6724 ], [ 7.1069, 4.6872 ], [ 7.099, 4.6973 ], [ 7.0828, 4.7428 ], [ 7.0717, 4.7581 ], [ 7.0706, 4.7484 ], [ 7.0655, 4.7387 ], [ 7.0601, 4.732 ], [ 7.0576, 4.731 ], [ 7.0605, 4.7208 ], [ 7.0724, 4.7181 ], [ 7.0785, 4.7111 ], [ 7.0886, 4.6764 ], [ 7.0979, 4.6618 ], [ 7.1163, 4.6557 ], [ 7.1473, 4.6401 ], [ 7.1696, 4.606 ], [ 7.1732, 4.573 ], [ 7.1476, 4.5601 ], [ 7.1602, 4.5509 ], [ 7.1757, 4.5365 ], [ 7.1847, 4.519 ], [ 7.1782, 4.5016 ], [ 7.1505, 4.4706 ], [ 7.1336, 4.4631 ], [ 7.1127, 4.4714 ], [ 7.1127, 4.4509 ], [ 7.0943, 4.4595 ], [ 7.0807, 4.4705 ], [ 7.0745, 4.4852 ], [ 7.0785, 4.5049 ], [ 7.0652, 4.493 ], [ 7.0627, 4.4764 ], [ 7.0681, 4.4585 ], [ 7.0785, 4.4435 ], [ 7.0515, 4.4366 ], [ 7.0439, 4.4366 ], [ 7.0321, 4.4599 ], [ 7.0259, 4.485 ], [ 7.0234, 4.5359 ], [ 7.0069, 4.5632 ], [ 7.0022, 4.58 ], [ 7.0133, 4.5874 ], [ 7.0177, 4.5957 ], [ 7.0231, 4.6143 ], [ 7.0256, 4.6349 ], [ 7.0234, 4.649 ], [ 7.0439, 4.6427 ], [ 7.0375, 4.6538 ], [ 7.0173, 4.6763 ], [ 7.013, 4.6873 ], [ 7.0079, 4.7089 ], [ 7.0036, 4.7178 ], [ 6.9849, 4.6922 ], [ 6.9784, 4.6925 ], [ 6.9745, 4.7086 ], [ 6.9626, 4.731 ], [ 6.9579, 4.7155 ], [ 6.9601, 4.6917 ], [ 6.9557, 4.6837 ], [ 6.9669, 4.6676 ], [ 6.9892, 4.6079 ], [ 6.9719, 4.6092 ], [ 6.9665, 4.613 ], [ 6.9626, 4.6216 ], [ 6.9489, 4.6148 ], [ 6.9403, 4.6341 ], [ 6.9295, 4.6511 ], [ 6.9007, 4.6837 ], [ 6.9025, 4.667 ], [ 6.9075, 4.6537 ], [ 6.9215, 4.6291 ], [ 6.9334, 4.6126 ], [ 6.9352, 4.6046 ], [ 6.9316, 4.596 ], [ 6.9244, 4.5911 ], [ 6.9212, 4.5853 ], [ 6.9284, 4.5738 ], [ 6.9385, 4.5893 ], [ 6.9572, 4.5941 ], [ 6.9748, 4.5897 ], [ 6.9831, 4.5768 ], [ 6.9734, 4.508 ], [ 6.9755, 4.4845 ], [ 7.0108, 4.4141 ], [ 7.0238, 4.3982 ], [ 7.022, 4.3885 ], [ 7.0162, 4.3789 ], [ 7.0065, 4.3746 ], [ 6.9935, 4.3763 ], [ 6.964, 4.3896 ], [ 6.9662, 4.3805 ], [ 6.9694, 4.3746 ], [ 6.9475, 4.3815 ], [ 6.9255, 4.3917 ], [ 6.9032, 4.3967 ], [ 6.8801, 4.3882 ], [ 6.8686, 4.4 ], [ 6.8607, 4.4157 ], [ 6.8593, 4.4336 ], [ 6.8665, 4.4509 ], [ 6.8492, 4.4598 ], [ 6.8337, 4.486 ], [ 6.8229, 4.5176 ], [ 6.8186, 4.5428 ], [ 6.8204, 4.5609 ], [ 6.8254, 4.5708 ], [ 6.8398, 4.5874 ], [ 6.8441, 4.5976 ], [ 6.8485, 4.6136 ], [ 6.8456, 4.6286 ], [ 6.829, 4.6352 ], [ 6.8031, 4.6498 ], [ 6.7855, 4.6833 ], [ 6.7703, 4.7451 ], [ 6.7671, 4.7697 ], [ 6.7707, 4.7825 ], [ 6.7811, 4.7964 ], [ 6.788, 4.8085 ], [ 6.7855, 4.8171 ], [ 6.7761, 4.8178 ], [ 6.7639, 4.8065 ], [ 6.7545, 4.818 ], [ 6.7513, 4.8251 ], [ 6.7498, 4.8346 ], [ 6.7412, 4.8301 ], [ 6.7329, 4.8287 ], [ 6.7243, 4.8301 ], [ 6.7156, 4.8346 ], [ 6.7199, 4.8175 ], [ 6.7221, 4.7995 ], [ 6.7268, 4.7852 ], [ 6.7394, 4.7792 ], [ 6.7484, 4.7717 ], [ 6.7556, 4.7539 ], [ 6.7639, 4.7178 ], [ 6.7678, 4.6804 ], [ 6.7721, 4.6631 ], [ 6.7811, 4.6557 ], [ 6.7937, 4.6491 ], [ 6.8067, 4.6334 ], [ 6.8254, 4.6012 ], [ 6.8031, 4.582 ], [ 6.7981, 4.5738 ], [ 6.7963, 4.5598 ], [ 6.8161, 4.4613 ], [ 6.8261, 4.432 ], [ 6.8398, 4.4161 ], [ 6.8377, 4.3929 ], [ 6.8578, 4.3753 ], [ 6.8708, 4.3609 ], [ 6.8459, 4.3473 ], [ 6.8146, 4.3417 ], [ 6.7747, 4.339 ], [ 6.7376, 4.3423 ], [ 6.7156, 4.3547 ], [ 6.7127, 4.3692 ], [ 6.7163, 4.4281 ], [ 6.7225, 4.44 ], [ 6.7203, 4.4453 ], [ 6.7109, 4.453 ], [ 6.7088, 4.4572 ], [ 6.7088, 4.492 ], [ 6.7124, 4.508 ], [ 6.7347, 4.5678 ], [ 6.7372, 4.5785 ], [ 6.7361, 4.6079 ], [ 6.7171, 4.5847 ], [ 6.7019, 4.5426 ], [ 6.6951, 4.4973 ], [ 6.7019, 4.4639 ], [ 6.6976, 4.4556 ], [ 6.6951, 4.423 ], [ 6.6857, 4.4455 ], [ 6.6825, 4.4592 ], [ 6.68, 4.5206 ], [ 6.6746, 4.5329 ], [ 6.6663, 4.5203 ], [ 6.6541, 4.5117 ], [ 6.6595, 4.4976 ], [ 6.6602, 4.4509 ], [ 6.6641, 4.4347 ], [ 6.6764, 4.413 ], [ 6.6843, 4.3938 ], [ 6.6944, 4.3592 ], [ 6.6951, 4.3473 ], [ 6.6875, 4.3366 ], [ 6.6775, 4.3331 ], [ 6.6465, 4.3336 ], [ 6.6184, 4.3308 ], [ 6.6127, 4.3368 ], [ 6.6019, 4.369 ], [ 6.5986, 4.4 ], [ 6.6001, 4.4456 ], [ 6.5957, 4.4821 ], [ 6.581, 4.5079 ], [ 6.5504, 4.5049 ], [ 6.5785, 4.483 ], [ 6.5885, 4.4478 ], [ 6.5846, 4.407 ], [ 6.5716, 4.3685 ], [ 6.5695, 4.335 ], [ 6.5198, 4.3232 ], [ 6.4618, 4.3287 ], [ 6.4345, 4.3473 ], [ 6.4078, 4.341 ], [ 6.4154, 4.3222 ], [ 6.3988, 4.3161 ], [ 6.374, 4.3144 ], [ 6.3556, 4.3097 ], [ 6.3362, 4.3012 ], [ 6.2905, 4.3001 ], [ 6.2707, 4.2926 ], [ 6.2469, 4.3205 ], [ 6.2671, 4.363 ], [ 6.3326, 4.4366 ], [ 6.3052, 4.44 ], [ 6.2973, 4.4366 ], [ 6.2631, 4.3957 ], [ 6.2584, 4.4496 ], [ 6.2426, 4.4981 ], [ 6.2365, 4.4981 ], [ 6.235, 4.4782 ], [ 6.2368, 4.4529 ], [ 6.2419, 4.428 ], [ 6.2494, 4.41 ], [ 6.2311, 4.4306 ], [ 6.2199, 4.4395 ], [ 6.2015, 4.4435 ], [ 6.2123, 4.4201 ], [ 6.2231, 4.4047 ], [ 6.23, 4.3881 ], [ 6.2289, 4.3616 ], [ 6.2224, 4.342 ], [ 6.2152, 4.3274 ], [ 6.2091, 4.3228 ], [ 6.2008, 4.3201 ], [ 6.1947, 4.3142 ], [ 6.1947, 4.3001 ], [ 6.203, 4.3039 ], [ 6.2091, 4.3039 ], [ 6.2228, 4.3001 ], [ 6.217, 4.2906 ], [ 6.1886, 4.281 ], [ 6.1515, 4.279 ], [ 6.1263, 4.2859 ], [ 6.1231, 4.281 ], [ 6.1126, 4.2722 ], [ 6.0968, 4.2782 ], [ 6.0878, 4.2883 ], [ 6.0842, 4.3024 ], [ 6.0849, 4.3205 ], [ 6.0892, 4.3371 ], [ 6.1025, 4.3609 ], [ 6.1054, 4.3746 ], [ 6.0849, 4.3685 ], [ 6.0853, 4.3842 ], [ 6.0889, 4.4111 ], [ 6.0673, 4.415 ], [ 6.0554, 4.4198 ], [ 6.0431, 4.4161 ], [ 6.0403, 4.406 ], [ 6.0421, 4.3912 ], [ 6.0507, 4.3685 ], [ 6.0464, 4.3553 ], [ 6.0518, 4.3443 ], [ 6.0601, 4.3324 ], [ 6.0644, 4.3168 ], [ 6.0619, 4.2953 ], [ 6.0539, 4.2963 ], [ 6.0421, 4.3066 ], [ 6.0269, 4.3131 ], [ 6.005, 4.3141 ], [ 5.9971, 4.3194 ], [ 5.9956, 4.3547 ], [ 6.0014, 4.3563 ], [ 6.0032, 4.3593 ], [ 5.9888, 4.3821 ], [ 5.9873, 4.399 ], [ 5.9888, 4.4161 ], [ 5.9827, 4.4161 ], [ 5.9751, 4.3821 ], [ 5.9546, 4.3957 ], [ 5.9697, 4.3616 ], [ 5.9729, 4.3449 ], [ 5.9614, 4.3336 ], [ 5.9463, 4.3353 ], [ 5.9308, 4.3451 ], [ 5.9103, 4.3616 ], [ 5.8898, 4.3689 ], [ 5.8675, 4.3874 ], [ 5.8556, 4.4117 ], [ 5.866, 4.4366 ], [ 5.8545, 4.4376 ], [ 5.8477, 4.4344 ], [ 5.8444, 4.4273 ], [ 5.8455, 4.4161 ], [ 5.839, 4.4161 ], [ 5.8228, 4.4329 ], [ 5.7825, 4.4561 ], [ 5.7703, 4.4714 ], [ 5.7976, 4.4572 ], [ 5.7897, 4.4698 ], [ 5.7778, 4.4755 ], [ 5.7638, 4.4789 ], [ 5.7497, 4.4845 ], [ 5.7206, 4.5183 ], [ 5.6939, 4.5456 ], [ 5.5949, 4.6365 ], [ 5.5669, 4.6753 ], [ 5.5571, 4.7178 ], [ 5.5715, 4.7111 ], [ 5.5715, 4.7297 ], [ 5.5276, 4.7566 ], [ 5.5165, 4.7759 ], [ 5.5114, 4.7919 ], [ 5.4862, 4.8351 ], [ 5.4754, 4.8476 ], [ 5.5096, 4.8271 ], [ 5.501, 4.8509 ], [ 5.4689, 4.8868 ], [ 5.4412, 4.9642 ], [ 5.4322, 5.0109 ], [ 5.4272, 5.0263 ], [ 5.4142, 5.0525 ], [ 5.4088, 5.0675 ], [ 5.4067, 5.0843 ], [ 5.4034, 5.0919 ], [ 5.3894, 5.1098 ], [ 5.3861, 5.1256 ], [ 5.3908, 5.1377 ], [ 5.4027, 5.1424 ], [ 5.4185, 5.1412 ], [ 5.434, 5.1362 ], [ 5.4448, 5.1271 ], [ 5.4628, 5.1023 ], [ 5.4754, 5.0946 ], [ 5.4542, 5.1491 ], [ 5.4754, 5.1471 ], [ 5.4959, 5.1424 ], [ 5.4884, 5.1543 ], [ 5.461, 5.1842 ], [ 5.4509, 5.1902 ], [ 5.447, 5.186 ], [ 5.4481, 5.1677 ], [ 5.4445, 5.1636 ], [ 5.4279, 5.1621 ], [ 5.4135, 5.1567 ], [ 5.4002, 5.1624 ], [ 5.3761, 5.1583 ], [ 5.3656, 5.1636 ], [ 5.3635, 5.1716 ], [ 5.3656, 5.2078 ], [ 5.3609, 5.254 ], [ 5.3401, 5.344 ], [ 5.3458, 5.3572 ], [ 5.3689, 5.3621 ], [ 5.4355, 5.3633 ], [ 5.4542, 5.3689 ], [ 5.4596, 5.353 ], [ 5.4679, 5.3409 ], [ 5.4761, 5.3473 ], [ 5.4837, 5.3623 ], [ 5.4891, 5.3689 ], [ 5.4949, 5.3729 ], [ 5.5298, 5.3864 ], [ 5.546, 5.3895 ], [ 5.5615, 5.389 ], [ 5.5715, 5.3821 ], [ 5.578, 5.3821 ], [ 5.5705, 5.3947 ], [ 5.5463, 5.4156 ], [ 5.537, 5.4303 ], [ 5.5334, 5.4443 ], [ 5.5319, 5.4607 ], [ 5.5341, 5.4764 ], [ 5.5402, 5.4884 ], [ 5.5535, 5.4969 ], [ 5.5687, 5.5 ], [ 5.6021, 5.4993 ], [ 5.614, 5.505 ], [ 5.6259, 5.5179 ], [ 5.6399, 5.5402 ], [ 5.6237, 5.5336 ], [ 5.6104, 5.5219 ], [ 5.596, 5.5143 ], [ 5.578, 5.5198 ], [ 5.5751, 5.5149 ], [ 5.564, 5.5054 ], [ 5.5409, 5.5105 ], [ 5.5172, 5.4986 ], [ 5.5031, 5.4765 ], [ 5.5096, 5.4508 ], [ 5.4981, 5.4265 ], [ 5.4848, 5.4116 ], [ 5.4686, 5.4079 ], [ 5.4473, 5.4167 ], [ 5.4416, 5.4236 ], [ 5.4398, 5.4299 ], [ 5.4362, 5.4346 ], [ 5.4236, 5.4366 ], [ 5.4182, 5.4309 ], [ 5.4211, 5.4179 ], [ 5.4275, 5.404 ], [ 5.434, 5.3957 ], [ 5.3761, 5.3988 ], [ 5.263, 5.4366 ], [ 5.2583, 5.4419 ], [ 5.254, 5.4528 ], [ 5.2501, 5.4582 ], [ 5.2187, 5.4871 ], [ 5.1979, 5.5014 ], [ 5.1907, 5.5229 ], [ 5.1885, 5.5442 ], [ 5.191, 5.554 ], [ 5.1979, 5.5575 ], [ 5.2141, 5.5751 ], [ 5.2227, 5.5813 ], [ 5.2303, 5.5826 ], [ 5.3282, 5.5784 ], [ 5.3653, 5.5724 ], [ 5.3861, 5.5607 ], [ 5.393, 5.5607 ], [ 5.4027, 5.5749 ], [ 5.4193, 5.6106 ], [ 5.4272, 5.6222 ], [ 5.4398, 5.6277 ], [ 5.456, 5.6274 ], [ 5.4711, 5.6228 ], [ 5.4815, 5.6154 ], [ 5.4898, 5.5859 ], [ 5.4923, 5.5813 ], [ 5.5028, 5.5819 ], [ 5.5082, 5.5846 ], [ 5.5096, 5.5907 ], [ 5.5096, 5.6016 ], [ 5.5021, 5.6174 ], [ 5.4851, 5.6344 ], [ 5.465, 5.6487 ], [ 5.4473, 5.6563 ], [ 5.4286, 5.6559 ], [ 5.4189, 5.646 ], [ 5.4067, 5.6154 ], [ 5.3959, 5.6059 ], [ 5.3797, 5.598 ], [ 5.3617, 5.5937 ], [ 5.3451, 5.5949 ], [ 5.326, 5.6055 ], [ 5.3177, 5.6196 ], [ 5.3181, 5.6367 ], [ 5.3368, 5.6912 ], [ 5.3393, 5.7059 ], [ 5.3375, 5.7245 ], [ 5.3314, 5.7245 ], [ 5.3041, 5.6501 ], [ 5.2933, 5.6304 ], [ 5.2803, 5.6175 ], [ 5.263, 5.6106 ], [ 5.2393, 5.6085 ], [ 5.2281, 5.6056 ], [ 5.2051, 5.592 ], [ 5.1799, 5.5826 ], [ 5.1601, 5.5949 ], [ 5.1449, 5.6086 ], [ 5.1291, 5.6281 ], [ 5.1169, 5.6488 ], [ 5.1071, 5.677 ], [ 5.0978, 5.6909 ], [ 5.0888, 5.7088 ], [ 5.0848, 5.732 ], [ 5.0873, 5.7522 ], [ 5.0935, 5.7748 ], [ 5.1028, 5.7932 ], [ 5.1151, 5.801 ], [ 5.1266, 5.7971 ], [ 5.1464, 5.7811 ], [ 5.1539, 5.7792 ], [ 5.1593, 5.7857 ], [ 5.1532, 5.8047 ], [ 5.1539, 5.8146 ], [ 5.1853, 5.842 ], [ 5.2673, 5.8719 ], [ 5.2904, 5.9102 ], [ 5.2695, 5.9064 ], [ 5.2353, 5.876 ], [ 5.1957, 5.8641 ], [ 5.1201, 5.8241 ], [ 5.1053, 5.8137 ], [ 5.0549, 5.7666 ], [ 5.0449, 5.7675 ], [ 5.0074, 5.8492 ], [ 4.8857, 6.0066 ], [ 4.8656, 6.0256 ], [ 4.8263, 6.0425 ], [ 4.808, 6.0631 ], [ 4.7828, 6.1026 ], [ 4.7479, 6.1388 ], [ 4.7169, 6.1637 ], [ 4.6089, 6.2319 ], [ 4.5473, 6.2891 ], [ 4.5092, 6.3136 ], [ 4.4055, 6.3589 ], [ 4.1258, 6.4103 ], [ 3.8702, 6.4316 ], [ 3.4436, 6.4103 ], [ 3.4213, 6.414 ], [ 3.409, 6.4229 ], [ 3.3989, 6.4341 ], [ 3.3849, 6.4445 ], [ 3.4011, 6.4511 ], [ 3.4069, 6.4495 ], [ 3.413, 6.4445 ], [ 3.4285, 6.4588 ], [ 3.4342, 6.4534 ], [ 3.4403, 6.4235 ], [ 3.4753, 6.4555 ], [ 3.4814, 6.4548 ], [ 3.4846, 6.4469 ], [ 3.4925, 6.4465 ], [ 3.5055, 6.4514 ], [ 3.5246, 6.4518 ], [ 3.5415, 6.4548 ], [ 3.557, 6.463 ], [ 3.5707, 6.4787 ], [ 3.5725, 6.4896 ], [ 3.5703, 6.5008 ], [ 3.5707, 6.5093 ], [ 3.5807, 6.5129 ], [ 3.6214, 6.5129 ], [ 3.6427, 6.5171 ], [ 3.6869, 6.5311 ], [ 3.7003, 6.5271 ], [ 3.7226, 6.536 ], [ 3.7427, 6.5478 ], [ 3.7568, 6.5639 ], [ 3.7622, 6.5852 ], [ 3.7748, 6.59 ], [ 3.8579, 6.6022 ], [ 3.8504, 6.6081 ], [ 3.8439, 6.6108 ], [ 3.8378, 6.6111 ], [ 3.8306, 6.6091 ], [ 3.7737, 6.6224 ], [ 3.7175, 6.6012 ], [ 3.6639, 6.5703 ], [ 3.6153, 6.5544 ], [ 3.5865, 6.553 ], [ 3.5516, 6.5342 ], [ 3.5401, 6.5301 ], [ 3.5152, 6.5271 ], [ 3.5131, 6.5295 ], [ 3.5001, 6.534 ], [ 3.4882, 6.5332 ], [ 3.4785, 6.5415 ], [ 3.4745, 6.5544 ], [ 3.4735, 6.5667 ], [ 3.4803, 6.588 ], [ 3.4814, 6.6022 ], [ 3.4641, 6.5922 ], [ 3.4519, 6.5817 ], [ 3.4299, 6.5579 ], [ 3.422, 6.5548 ], [ 3.4112, 6.5544 ], [ 3.4022, 6.5521 ], [ 3.3986, 6.5438 ], [ 3.4058, 6.5222 ], [ 3.4061, 6.5129 ], [ 3.4022, 6.5022 ], [ 3.3878, 6.4807 ], [ 3.3849, 6.4687 ], [ 3.3809, 6.4617 ], [ 3.3737, 6.4561 ], [ 3.3698, 6.4501 ], [ 3.3799, 6.4359 ], [ 3.3842, 6.4248 ], [ 3.3896, 6.42 ], [ 3.3845, 6.3977 ], [ 3.3262, 6.3914 ], [ 3.2143, 6.3967 ], [ 3.0825, 6.3815 ], [ 2.9277, 6.3891 ], [ 2.7038, 6.3684 ], [ 2.7041, 6.4293 ], [ 2.7153, 6.4945 ], [ 2.7373, 6.558 ], [ 2.7394, 6.5792 ], [ 2.7308, 6.6214 ], [ 2.7311, 6.6419 ], [ 2.7427, 6.6633 ], [ 2.7607, 6.6793 ], [ 2.7729, 6.6875 ], [ 2.7787, 6.6988 ], [ 2.7754, 6.7449 ], [ 2.7733, 6.7551 ], [ 2.7675, 6.7596 ], [ 2.7549, 6.7608 ], [ 2.7448, 6.7638 ], [ 2.7362, 6.7699 ], [ 2.7286, 6.7801 ], [ 2.7236, 6.7997 ], [ 2.7261, 6.8215 ], [ 2.7369, 6.8634 ], [ 2.7319, 6.9053 ], [ 2.7185, 6.9435 ], [ 2.7149, 6.9799 ], [ 2.7412, 7.0158 ], [ 2.7527, 7.0214 ], [ 2.7657, 7.0251 ], [ 2.7758, 7.0305 ], [ 2.7797, 7.0414 ], [ 2.774, 7.0509 ], [ 2.7477, 7.0723 ], [ 2.7391, 7.0831 ], [ 2.7351, 7.0961 ], [ 2.7362, 7.1029 ], [ 2.7499, 7.1286 ], [ 2.7578, 7.1389 ], [ 2.761, 7.1484 ], [ 2.7621, 7.1622 ], [ 2.7412, 7.4082 ], [ 2.7437, 7.4192 ], [ 2.7513, 7.4236 ], [ 2.7617, 7.4235 ], [ 2.7833, 7.4192 ], [ 2.7866, 7.4212 ], [ 2.7895, 7.4358 ], [ 2.7923, 7.4776 ], [ 2.77, 7.5142 ], [ 2.7405, 7.5494 ], [ 2.7207, 7.5866 ], [ 2.7153, 7.6259 ], [ 2.7272, 7.7933 ], [ 2.7243, 7.8077 ], [ 2.7157, 7.8221 ], [ 2.6915, 7.8487 ], [ 2.6804, 7.8774 ], [ 2.6721, 7.8896 ], [ 2.671, 7.8979 ], [ 2.6732, 7.9056 ], [ 2.6872, 7.9335 ], [ 2.6908, 7.9966 ], [ 2.7034, 8.0599 ], [ 2.7056, 8.1197 ], [ 2.7085, 8.138 ], [ 2.716, 8.1549 ], [ 2.7265, 8.1717 ], [ 2.7344, 8.19 ], [ 2.7351, 8.2119 ], [ 2.7283, 8.2332 ], [ 2.7085, 8.2748 ], [ 2.7009, 8.2969 ], [ 2.6973, 8.3208 ], [ 2.6984, 8.3398 ], [ 2.7059, 8.3813 ], [ 2.7038, 8.4179 ], [ 2.7092, 8.4304 ], [ 2.729, 8.4527 ], [ 2.7369, 8.4646 ], [ 2.7448, 8.4984 ], [ 2.7229, 8.7713 ], [ 2.7232, 8.783 ], [ 2.729, 8.7904 ], [ 2.7455, 8.7982 ], [ 2.7509, 8.8035 ], [ 2.7524, 8.8123 ], [ 2.747, 8.8277 ], [ 2.7459, 8.8365 ], [ 2.7495, 8.852 ], [ 2.7621, 8.8805 ], [ 2.7625, 8.8958 ], [ 2.7589, 8.9026 ], [ 2.7495, 8.9067 ], [ 2.7477, 8.9148 ], [ 2.7646, 8.9399 ], [ 2.77, 8.9672 ], [ 2.7725, 9.0306 ], [ 2.7693, 9.0571 ], [ 2.8463, 9.0508 ], [ 2.8597, 9.0526 ], [ 2.8694, 9.0598 ], [ 2.8777, 9.0685 ], [ 2.8885, 9.0754 ], [ 2.8993, 9.0774 ], [ 2.9299, 9.0784 ], [ 2.9407, 9.0771 ], [ 2.9713, 9.0605 ], [ 2.9831, 9.0606 ], [ 3.0515, 9.0782 ], [ 3.076, 9.0951 ], [ 3.0911, 9.1265 ], [ 3.1246, 9.2291 ], [ 3.1451, 9.2679 ], [ 3.1513, 9.2886 ], [ 3.1516, 9.3536 ], [ 3.148, 9.3703 ], [ 3.1354, 9.4017 ], [ 3.1286, 9.4296 ], [ 3.1325, 9.4573 ], [ 3.1516, 9.4882 ], [ 3.1592, 9.4935 ], [ 3.175, 9.4988 ], [ 3.1826, 9.5054 ], [ 3.2434, 9.5844 ], [ 3.2449, 9.5896 ], [ 3.238, 9.609 ], [ 3.2456, 9.6338 ], [ 3.2618, 9.6386 ], [ 3.2812, 9.6351 ], [ 3.2992, 9.6339 ], [ 3.3316, 9.6521 ], [ 3.3385, 9.6783 ], [ 3.3305, 9.7086 ], [ 3.3183, 9.7394 ], [ 3.3147, 9.7591 ], [ 3.3172, 9.7817 ], [ 3.3259, 9.8018 ], [ 3.3421, 9.8137 ], [ 3.4141, 9.8429 ], [ 3.4529, 9.8532 ], [ 3.5131, 9.8466 ], [ 3.5307, 9.863 ], [ 3.557, 9.9105 ], [ 3.5894, 9.9489 ], [ 3.5995, 9.9686 ], [ 3.6059, 10.0541 ], [ 3.6124, 10.0702 ], [ 3.6279, 10.085 ], [ 3.6423, 10.0919 ], [ 3.6549, 10.1012 ], [ 3.6639, 10.1231 ], [ 3.6675, 10.1465 ], [ 3.6646, 10.1623 ], [ 3.6556, 10.1749 ], [ 3.5876, 10.2441 ], [ 3.5732, 10.267 ], [ 3.5725, 10.2858 ], [ 3.593, 10.331 ], [ 3.6182, 10.3693 ], [ 3.6221, 10.3812 ], [ 3.6232, 10.401 ], [ 3.6261, 10.4073 ], [ 3.6326, 10.4167 ], [ 3.652, 10.4357 ], [ 3.6718, 10.442 ], [ 3.6927, 10.4385 ], [ 3.7568, 10.4053 ], [ 3.7726, 10.4077 ], [ 3.7877, 10.4264 ], [ 3.7942, 10.4449 ], [ 3.7953, 10.4966 ], [ 3.8043, 10.5232 ], [ 3.8299, 10.5731 ], [ 3.8374, 10.5999 ], [ 3.8371, 10.6548 ], [ 3.832, 10.6839 ], [ 3.823, 10.7032 ], [ 3.8101, 10.7105 ], [ 3.7834, 10.7169 ], [ 3.7737, 10.7281 ], [ 3.7643, 10.7609 ], [ 3.7597, 10.7716 ], [ 3.7352, 10.7958 ], [ 3.7301, 10.8077 ], [ 3.7312, 10.825 ], [ 3.7528, 10.8777 ], [ 3.7543, 10.9071 ], [ 3.7334, 10.9964 ], [ 3.7233, 11.0136 ], [ 3.7157, 11.0319 ], [ 3.7118, 11.0518 ], [ 3.7118, 11.0736 ], [ 3.7222, 11.1123 ], [ 3.7136, 11.1204 ], [ 3.7046, 11.1208 ], [ 3.6949, 11.1191 ], [ 3.6866, 11.1205 ], [ 3.6625, 11.1431 ], [ 3.4832, 11.3923 ], [ 3.4684, 11.4195 ], [ 3.4666, 11.4425 ], [ 3.4929, 11.5115 ], [ 3.5048, 11.5565 ], [ 3.5743, 11.673 ], [ 3.5962, 11.6958 ], [ 3.6477, 11.726 ], [ 3.6599, 11.7382 ], [ 3.6671, 11.7598 ], [ 3.6621, 11.7795 ], [ 3.6499, 11.7978 ], [ 3.6261, 11.8226 ], [ 3.6185, 11.8283 ], [ 3.6128, 11.839 ], [ 3.6099, 11.8488 ], [ 3.6038, 11.9056 ], [ 3.6085, 11.9219 ], [ 3.6196, 11.9362 ], [ 3.6365, 11.9535 ], [ 3.6535, 11.9869 ], [ 3.6488, 12.0211 ], [ 3.6239, 12.0942 ], [ 3.6247, 12.1377 ], [ 3.6517, 12.2691 ], [ 3.6416, 12.5179 ], [ 3.6455, 12.5285 ], [ 3.8644, 12.6897 ], [ 3.9292, 12.7503 ], [ 4.0887, 12.9962 ], [ 4.1236, 13.2336 ], [ 4.1258, 13.473 ], [ 4.1906, 13.475 ], [ 4.2205, 13.4806 ], [ 4.2485, 13.4941 ], [ 4.4059, 13.6412 ], [ 4.4527, 13.6738 ], [ 4.5067, 13.6947 ], [ 4.8249, 13.7707 ], [ 4.8569, 13.7741 ], [ 4.88, 13.764 ], [ 4.9023, 13.7429 ], [ 4.925, 13.733 ], [ 4.9833, 13.7296 ], [ 5.0845, 13.7475 ], [ 5.2277, 13.7413 ], [ 5.2619, 13.7478 ], [ 5.2735, 13.7525 ], [ 5.3041, 13.774 ], [ 5.3181, 13.7899 ], [ 5.3347, 13.8266 ], [ 5.3462, 13.8415 ], [ 5.3739, 13.8553 ], [ 5.5219, 13.8803 ], [ 5.5543, 13.8734 ], [ 6.1205, 13.6541 ], [ 6.1357, 13.6436 ], [ 6.1425, 13.6407 ], [ 6.1529, 13.6436 ], [ 6.2105, 13.6752 ], [ 6.23, 13.6792 ], [ 6.3023, 13.6638 ], [ 6.3689, 13.6263 ], [ 6.5093, 13.4961 ], [ 6.6724, 13.3212 ], [ 6.7786, 13.1303 ], [ 6.838, 13.0635 ], [ 6.874, 13.0305 ], [ 6.9068, 13.0068 ], [ 6.937, 12.9953 ], [ 6.9705, 12.9919 ], [ 7.045, 12.9922 ], [ 7.0688, 12.9961 ], [ 7.09, 13.0064 ], [ 7.1375, 13.0473 ], [ 7.198, 13.1174 ], [ 7.2203, 13.1216 ], [ 7.3247, 13.1028 ], [ 7.3607, 13.1027 ], [ 7.3921, 13.1125 ], [ 7.7557, 13.3272 ], [ 7.7895, 13.3419 ], [ 7.8241, 13.3452 ], [ 8.0775, 13.31 ], [ 8.1052, 13.2996 ], [ 8.1167, 13.291 ], [ 8.1401, 13.2691 ], [ 8.1675, 13.2524 ], [ 8.2013, 13.2263 ], [ 8.2161, 13.2196 ], [ 8.2456, 13.2117 ], [ 8.2597, 13.2053 ], [ 8.273, 13.1938 ], [ 8.2978, 13.1646 ], [ 8.3979, 13.0753 ], [ 8.4051, 13.0709 ], [ 8.4191, 13.0667 ], [ 8.4346, 13.075 ], [ 8.4461, 13.0788 ], [ 8.4706, 13.0816 ], [ 8.4825, 13.0815 ], [ 8.5095, 13.0759 ], [ 8.5336, 13.0646 ], [ 8.5772, 13.0324 ], [ 8.5966, 13.0114 ], [ 8.6254, 12.9649 ], [ 8.6427, 12.9444 ], [ 8.6794, 12.9236 ], [ 8.9429, 12.8472 ], [ 9.2695, 12.8097 ], [ 9.3065, 12.8099 ], [ 9.3598, 12.8246 ], [ 9.3778, 12.8258 ], [ 9.5902, 12.8014 ], [ 9.6115, 12.803 ], [ 9.6183, 12.8057 ], [ 9.6406, 12.8225 ], [ 9.8192, 13.0293 ], [ 9.8527, 13.0605 ], [ 9.8721, 13.0726 ], [ 9.8825, 13.0762 ], [ 9.8919, 13.0762 ], [ 9.8998, 13.0843 ], [ 9.9045, 13.0944 ], [ 9.9081, 13.1188 ], [ 9.9124, 13.1291 ], [ 9.9301, 13.146 ], [ 10.1198, 13.2501 ], [ 10.1616, 13.2672 ], [ 10.6749, 13.3751 ], [ 10.7714, 13.3827 ], [ 10.9528, 13.3618 ], [ 11.4399, 13.3644 ], [ 11.7423, 13.2894 ], [ 11.8528, 13.2453 ], [ 11.9918, 13.1621 ], [ 12.0379, 13.1264 ], [ 12.0577, 13.1168 ], [ 12.1164, 13.1028 ], [ 12.1639, 13.108 ], [ 12.1848, 13.1221 ], [ 12.2013, 13.1254 ], [ 12.2517, 13.108 ], [ 12.2632, 13.1018 ], [ 12.2672, 13.0952 ], [ 12.2694, 13.0859 ], [ 12.2773, 13.0845 ], [ 12.2917, 13.0968 ], [ 12.301, 13.0981 ], [ 12.3111, 13.0926 ], [ 12.3183, 13.0838 ], [ 12.3259, 13.0788 ], [ 12.3352, 13.0845 ], [ 12.3514, 13.0798 ], [ 12.4144, 13.0776 ], [ 12.4371, 13.074 ], [ 12.4566, 13.0675 ], [ 12.4728, 13.0642 ], [ 12.4868, 13.0708 ], [ 12.4911, 13.0826 ], [ 12.4998, 13.136 ], [ 12.5044, 13.1396 ], [ 12.5347, 13.1459 ], [ 12.5426, 13.1548 ], [ 12.548, 13.1655 ], [ 12.5541, 13.1875 ], [ 12.5383, 13.1934 ], [ 12.5451, 13.2081 ], [ 12.5581, 13.2266 ], [ 12.561, 13.2428 ], [ 12.6027, 13.28 ], [ 12.6063, 13.2743 ], [ 12.6132, 13.2765 ], [ 12.6204, 13.2814 ], [ 12.6268, 13.2883 ], [ 12.6301, 13.3103 ], [ 12.6592, 13.2866 ], [ 12.6744, 13.2837 ], [ 12.683, 13.289 ], [ 12.6902, 13.312 ], [ 12.7017, 13.3172 ], [ 12.7244, 13.3223 ], [ 12.741, 13.3348 ], [ 12.7665, 13.3657 ], [ 12.7734, 13.3823 ], [ 12.7773, 13.3867 ], [ 12.7834, 13.3823 ], [ 12.791, 13.3718 ], [ 12.805, 13.373 ], [ 12.8047, 13.3769 ], [ 12.7986, 13.3843 ], [ 12.7946, 13.396 ], [ 12.7975, 13.3996 ], [ 12.8151, 13.4066 ], [ 12.8292, 13.4066 ], [ 12.8292, 13.4202 ], [ 12.8572, 13.4507 ], [ 12.8702, 13.4613 ], [ 12.8576, 13.4753 ], [ 12.8425, 13.4816 ], [ 12.8425, 13.4891 ], [ 12.858, 13.4849 ], [ 12.8706, 13.4789 ], [ 12.8796, 13.4798 ], [ 12.8839, 13.4959 ], [ 12.9116, 13.4899 ], [ 12.9393, 13.4951 ], [ 13.0293, 13.5391 ], [ 13.0549, 13.5483 ], [ 13.0826, 13.5506 ], [ 13.0826, 13.5444 ], [ 13.0768, 13.5347 ], [ 13.0884, 13.5306 ], [ 13.1071, 13.5316 ], [ 13.1236, 13.537 ], [ 13.1236, 13.5227 ], [ 13.1308, 13.5298 ], [ 13.1384, 13.5466 ], [ 13.1442, 13.5506 ], [ 13.1539, 13.5487 ], [ 13.156, 13.5407 ], [ 13.1503, 13.5227 ], [ 13.1769, 13.5344 ], [ 13.2039, 13.5394 ], [ 13.228, 13.548 ], [ 13.2464, 13.5711 ], [ 13.2324, 13.5729 ], [ 13.2302, 13.5778 ], [ 13.2396, 13.5915 ], [ 13.2439, 13.5932 ], [ 13.2572, 13.5942 ], [ 13.2601, 13.6021 ], [ 13.2586, 13.6078 ], [ 13.2536, 13.6148 ], [ 13.254, 13.6189 ], [ 13.2594, 13.629 ], [ 13.2662, 13.638 ], [ 13.3062, 13.6747 ], [ 13.3213, 13.6851 ], [ 13.3206, 13.7023 ], [ 13.3299, 13.7094 ], [ 13.3602, 13.7144 ], [ 13.6075, 13.7041 ], [ 14.065, 13.0781 ], [ 14.1774, 12.5456 ] ] ] ] } },
{ "type": "Feature", "properties": { "z": "Senegal", "ISO_A3": "SEN", "c": "Senegal" }, "geometry": { "type": "Polygon", "coordinates": [ [ [ -12.264, 14.7749 ], [ -12.3198, 14.8172 ], [ -12.3824, 14.846 ], [ -12.4, 14.8604 ], [ -12.4339, 14.8994 ], [ -12.4476, 14.9074 ], [ -12.4483, 14.9183 ], [ -12.4717, 14.998 ], [ -12.4764, 15.0077 ], [ -12.485, 15.0173 ], [ -12.4954, 15.023 ], [ -12.5188, 15.0283 ], [ -12.5296, 15.0343 ], [ -12.5469, 15.0472 ], [ -12.602, 15.0788 ], [ -12.6229, 15.1023 ], [ -12.6322, 15.1054 ], [ -12.6477, 15.1031 ], [ -12.6794, 15.0937 ], [ -12.6902, 15.0924 ], [ -12.7172, 15.1034 ], [ -12.7546, 15.1385 ], [ -12.7798, 15.1464 ], [ -12.7842, 15.1581 ], [ -12.7845, 15.166 ], [ -12.7791, 15.1914 ], [ -12.7795, 15.1996 ], [ -12.782, 15.2073 ], [ -12.7874, 15.2142 ], [ -12.7964, 15.2202 ], [ -12.8065, 15.2231 ], [ -12.8169, 15.2231 ], [ -12.8385, 15.2188 ], [ -12.8479, 15.2189 ], [ -12.8569, 15.2219 ], [ -12.8882, 15.2508 ], [ -12.8943, 15.2633 ], [ -12.8842, 15.2709 ], [ -12.85, 15.2674 ], [ -12.8335, 15.27 ], [ -12.8281, 15.2839 ], [ -12.8346, 15.3002 ], [ -12.8472, 15.3132 ], [ -12.9069, 15.3527 ], [ -12.9192, 15.3653 ], [ -12.9271, 15.3808 ], [ -12.931, 15.3971 ], [ -12.931, 15.4306 ], [ -12.9332, 15.4383 ], [ -12.9508, 15.4653 ], [ -12.9548, 15.493 ], [ -12.958, 15.5017 ], [ -12.9642, 15.5091 ], [ -12.9804, 15.5163 ], [ -12.9958, 15.5141 ], [ -13.0106, 15.5063 ], [ -13.039, 15.4868 ], [ -13.0531, 15.4851 ], [ -13.0837, 15.4927 ], [ -13.0894, 15.497 ], [ -13.0948, 15.5147 ], [ -13.0952, 15.5235 ], [ -13.0894, 15.5611 ], [ -13.092, 15.5751 ], [ -13.0992, 15.5868 ], [ -13.1096, 15.5964 ], [ -13.1222, 15.6034 ], [ -13.1524, 15.6123 ], [ -13.1712, 15.6253 ], [ -13.1784, 15.6282 ], [ -13.1928, 15.6289 ], [ -13.2226, 15.6238 ], [ -13.2378, 15.6235 ], [ -13.2475, 15.6482 ], [ -13.2489, 15.6567 ], [ -13.2478, 15.6656 ], [ -13.2439, 15.6737 ], [ -13.2288, 15.6966 ], [ -13.227, 15.7039 ], [ -13.2284, 15.7112 ], [ -13.2439, 15.7358 ], [ -13.2586, 15.7488 ], [ -13.281, 15.7627 ], [ -13.286, 15.7696 ], [ -13.2874, 15.7782 ], [ -13.2795, 15.8035 ], [ -13.2799, 15.8228 ], [ -13.2849, 15.8399 ], [ -13.2936, 15.8553 ], [ -13.3159, 15.8818 ], [ -13.318, 15.8885 ], [ -13.318, 15.8967 ], [ -13.3137, 15.9221 ], [ -13.3159, 15.9304 ], [ -13.3216, 15.9382 ], [ -13.3468, 15.9568 ], [ -13.3558, 15.9655 ], [ -13.3699, 15.9854 ], [ -13.3836, 16.0192 ], [ -13.3861, 16.0444 ], [ -13.3886, 16.0521 ], [ -13.3947, 16.0592 ], [ -13.4221, 16.0771 ], [ -13.4401, 16.1019 ], [ -13.4552, 16.1022 ], [ -13.4916, 16.0884 ], [ -13.5016, 16.0952 ], [ -13.4998, 16.1106 ], [ -13.4833, 16.141 ], [ -13.4851, 16.155 ], [ -13.4973, 16.156 ], [ -13.5164, 16.149 ], [ -13.569, 16.1382 ], [ -13.6071, 16.1232 ], [ -13.6352, 16.1216 ], [ -13.6626, 16.1075 ], [ -13.669, 16.1057 ], [ -13.6759, 16.1069 ], [ -13.6845, 16.1138 ], [ -13.696, 16.1189 ], [ -13.7, 16.1256 ], [ -13.7043, 16.1288 ], [ -13.7194, 16.1355 ], [ -13.7227, 16.1461 ], [ -13.7126, 16.176 ], [ -13.7104, 16.1889 ], [ -13.7295, 16.1895 ], [ -13.7382, 16.187 ], [ -13.7468, 16.1823 ], [ -13.7544, 16.1753 ], [ -13.772, 16.1504 ], [ -13.7788, 16.1432 ], [ -13.795, 16.1312 ], [ -13.8192, 16.1192 ], [ -13.8274, 16.1185 ], [ -13.8357, 16.1205 ], [ -13.8447, 16.1261 ], [ -13.8591, 16.1422 ], [ -13.8638, 16.1518 ], [ -13.8724, 16.1787 ], [ -13.8771, 16.1869 ], [ -13.884, 16.1938 ], [ -13.9077, 16.2099 ], [ -13.947, 16.2211 ], [ -13.9642, 16.2301 ], [ -13.9678, 16.246 ], [ -13.9628, 16.2639 ], [ -13.9632, 16.2723 ], [ -13.9675, 16.2813 ], [ -13.9772, 16.2938 ], [ -13.9794, 16.3004 ], [ -13.9776, 16.3088 ], [ -13.9711, 16.3241 ], [ -13.9718, 16.3311 ], [ -13.9779, 16.338 ], [ -14.0067, 16.3502 ], [ -14.0157, 16.3558 ], [ -14.0398, 16.3821 ], [ -14.073, 16.4007 ], [ -14.1324, 16.4526 ], [ -14.1666, 16.4908 ], [ -14.1972, 16.5135 ], [ -14.2141, 16.5349 ], [ -14.2224, 16.5396 ], [ -14.2576, 16.5431 ], [ -14.2681, 16.5478 ], [ -14.2731, 16.5557 ], [ -14.2746, 16.5734 ], [ -14.2778, 16.5813 ], [ -14.2875, 16.5857 ], [ -14.326, 16.5824 ], [ -14.3354, 16.5864 ], [ -14.3372, 16.5942 ], [ -14.3318, 16.6131 ], [ -14.3314, 16.6241 ], [ -14.3354, 16.6315 ], [ -14.3433, 16.6367 ], [ -14.4067, 16.6607 ], [ -14.4261, 16.6596 ], [ -14.4358, 16.656 ], [ -14.4718, 16.6364 ], [ -14.4931, 16.6324 ], [ -14.5039, 16.6327 ], [ -14.5446, 16.6408 ], [ -14.555, 16.6405 ], [ -14.5971, 16.6291 ], [ -14.6079, 16.6288 ], [ -14.6191, 16.6307 ], [ -14.6472, 16.6435 ], [ -14.6558, 16.6458 ], [ -14.6659, 16.6457 ], [ -14.6997, 16.6371 ], [ -14.7112, 16.6358 ], [ -14.8819, 16.6477 ], [ -14.9125, 16.6407 ], [ -14.9308, 16.6434 ], [ -14.9413, 16.656 ], [ -14.9499, 16.6723 ], [ -14.9629, 16.6858 ], [ -14.9744, 16.6913 ], [ -14.9967, 16.6825 ], [ -15.0068, 16.6757 ], [ -15.0133, 16.6666 ], [ -15.0187, 16.6461 ], [ -15.0298, 16.6354 ], [ -15.037, 16.6325 ], [ -15.0442, 16.6318 ], [ -15.0514, 16.6341 ], [ -15.0619, 16.6438 ], [ -15.0788, 16.665 ], [ -15.0932, 16.6692 ], [ -15.1076, 16.6653 ], [ -15.1162, 16.6556 ], [ -15.1184, 16.6425 ], [ -15.1123, 16.6292 ], [ -15.0961, 16.6139 ], [ -15.0928, 16.6076 ], [ -15.0932, 16.6002 ], [ -15.0975, 16.5945 ], [ -15.104, 16.5903 ], [ -15.1252, 16.5827 ], [ -15.2325, 16.5664 ], [ -15.2487, 16.5658 ], [ -15.2959, 16.573 ], [ -15.3279, 16.572 ], [ -15.3438, 16.5687 ], [ -15.3859, 16.5517 ], [ -15.3999, 16.5484 ], [ -15.4147, 16.5479 ], [ -15.4269, 16.5531 ], [ -15.4395, 16.5727 ], [ -15.4489, 16.5801 ], [ -15.464, 16.5814 ], [ -15.4784, 16.5751 ], [ -15.491, 16.5645 ], [ -15.5151, 16.5309 ], [ -15.5248, 16.5222 ], [ -15.5367, 16.5165 ], [ -15.5515, 16.515 ], [ -15.5943, 16.5236 ], [ -15.6098, 16.5213 ], [ -15.6217, 16.5142 ], [ -15.6436, 16.4946 ], [ -15.6573, 16.4861 ], [ -15.6721, 16.4814 ], [ -15.6876, 16.4805 ], [ -15.703, 16.4844 ], [ -15.7268, 16.4953 ], [ -15.7354, 16.4977 ], [ -15.7678, 16.4994 ], [ -15.8128, 16.5137 ], [ -15.829, 16.5145 ], [ -15.8535, 16.5102 ], [ -15.8622, 16.5102 ], [ -15.8971, 16.5185 ], [ -15.9111, 16.5169 ], [ -15.9507, 16.4999 ], [ -15.9579, 16.4984 ], [ -15.9644, 16.499 ], [ -15.9856, 16.5059 ], [ -15.9932, 16.5046 ], [ -16.0072, 16.4961 ], [ -16.0314, 16.4929 ], [ -16.0537, 16.4954 ], [ -16.0742, 16.5049 ], [ -16.0911, 16.5222 ], [ -16.103, 16.5395 ], [ -16.1106, 16.5469 ], [ -16.1196, 16.5524 ], [ -16.1322, 16.5547 ], [ -16.1444, 16.5527 ], [ -16.1559, 16.5475 ], [ -16.1851, 16.5273 ], [ -16.1955, 16.5226 ], [ -16.2067, 16.5208 ], [ -16.2178, 16.5215 ], [ -16.251, 16.5276 ], [ -16.2736, 16.5232 ], [ -16.2952, 16.5106 ], [ -16.3136, 16.4933 ], [ -16.3273, 16.4745 ], [ -16.3348, 16.4558 ], [ -16.3402, 16.4159 ], [ -16.3809, 16.2466 ], [ -16.3852, 16.2348 ], [ -16.3917, 16.2247 ], [ -16.4072, 16.2148 ], [ -16.4443, 16.2062 ], [ -16.4587, 16.1942 ], [ -16.4659, 16.174 ], [ -16.4706, 16.1063 ], [ -16.4878, 16.066 ], [ -16.5015, 16.0219 ], [ -16.5076, 16.0104 ], [ -16.5098, 15.9015 ], [ -16.5199, 15.8463 ], [ -16.5422, 15.8088 ], [ -16.5361, 15.7946 ], [ -16.5343, 15.7843 ], [ -16.539, 15.7743 ], [ -16.6696, 15.5618 ], [ -16.7391, 15.4724 ], [ -16.8781, 15.2331 ], [ -16.9479, 15.1578 ], [ -16.9796, 15.1119 ], [ -17.1387, 14.9277 ], [ -17.1729, 14.9008 ], [ -17.322, 14.839 ], [ -17.3709, 14.8002 ], [ -17.5362, 14.7574 ], [ -17.5203, 14.7431 ], [ -17.453, 14.6621 ], [ -17.4397, 14.6538 ], [ -17.4364, 14.6595 ], [ -17.4328, 14.6605 ], [ -17.4267, 14.6748 ], [ -17.4397, 14.6884 ], [ -17.4267, 14.6944 ], [ -17.4195, 14.7089 ], [ -17.4314, 14.7125 ], [ -17.4397, 14.7221 ], [ -17.4174, 14.7377 ], [ -17.3922, 14.7394 ], [ -17.3637, 14.7359 ], [ -17.3306, 14.7364 ], [ -17.3241, 14.7289 ], [ -17.2816, 14.7073 ], [ -17.2438, 14.6993 ], [ -17.224, 14.6904 ], [ -17.2071, 14.6788 ], [ -17.1783, 14.6531 ], [ -17.138, 14.599 ], [ -17.1114, 14.5302 ], [ -17.0761, 14.4786 ], [ -17.0703, 14.4653 ], [ -17.0595, 14.4539 ], [ -16.9879, 14.4211 ], [ -16.9566, 14.39 ], [ -16.9443, 14.3723 ], [ -16.9396, 14.3558 ], [ -16.9407, 14.3444 ], [ -16.9458, 14.3248 ], [ -16.9468, 14.3145 ], [ -16.9454, 14.3015 ], [ -16.9411, 14.2973 ], [ -16.9346, 14.2959 ], [ -16.926, 14.2912 ], [ -16.9069, 14.2726 ], [ -16.899, 14.26 ], [ -16.8925, 14.2428 ], [ -16.8838, 14.189 ], [ -16.8788, 14.1745 ], [ -16.8687, 14.1658 ], [ -16.8428, 14.1601 ], [ -16.8298, 14.1541 ], [ -16.8208, 14.1435 ], [ -16.8025, 14.1078 ], [ -16.7859, 14.0598 ], [ -16.7809, 14.0307 ], [ -16.7751, 13.8388 ], [ -16.769, 13.8388 ], [ -16.7733, 13.9335 ], [ -16.769, 13.9616 ], [ -16.7647, 13.9706 ], [ -16.7449, 13.9928 ], [ -16.7395, 14.0011 ], [ -16.7341, 14.0231 ], [ -16.7172, 14.0423 ], [ -16.7161, 14.0513 ], [ -16.728, 14.0646 ], [ -16.7204, 14.0689 ], [ -16.7118, 14.0709 ], [ -16.6898, 14.0715 ], [ -16.6786, 14.0761 ], [ -16.6657, 14.0957 ], [ -16.6524, 14.0995 ], [ -16.6801, 14.0693 ], [ -16.697, 14.0646 ], [ -16.6977, 14.0575 ], [ -16.7211, 14.0163 ], [ -16.697, 14.0143 ], [ -16.6754, 14.007 ], [ -16.6542, 14.0028 ], [ -16.6318, 14.0101 ], [ -16.6214, 14.02 ], [ -16.6092, 14.0432 ], [ -16.6002, 14.0542 ], [ -16.5883, 14.0619 ], [ -16.5667, 14.0669 ], [ -16.5566, 14.0715 ], [ -16.5476, 14.0818 ], [ -16.5217, 14.1262 ], [ -16.513, 14.1511 ], [ -16.5048, 14.1541 ], [ -16.4832, 14.1481 ], [ -16.4727, 14.1473 ], [ -16.4605, 14.1541 ], [ -16.4716, 14.1642 ], [ -16.4745, 14.1794 ], [ -16.4688, 14.1939 ], [ -16.4529, 14.2019 ], [ -16.4547, 14.1801 ], [ -16.4277, 14.1701 ], [ -16.3647, 14.1678 ], [ -16.4047, 14.1453 ], [ -16.413, 14.1498 ], [ -16.4209, 14.1571 ], [ -16.4295, 14.1609 ], [ -16.4414, 14.1565 ], [ -16.4569, 14.1373 ], [ -16.4893, 14.1282 ], [ -16.5033, 14.1163 ], [ -16.5292, 14.0852 ], [ -16.5454, 14.0709 ], [ -16.5908, 14.0436 ], [ -16.5811, 14.0327 ], [ -16.5685, 14.0303 ], [ -16.5422, 14.0373 ], [ -16.5562, 14.0268 ], [ -16.5688, 14.0208 ], [ -16.5768, 14.011 ], [ -16.5764, 13.9889 ], [ -16.5991, 13.9968 ], [ -16.6128, 13.9886 ], [ -16.6239, 13.9739 ], [ -16.638, 13.9616 ], [ -16.6369, 13.9749 ], [ -16.6462, 13.9829 ], [ -16.6603, 13.9872 ], [ -16.6898, 13.9905 ], [ -16.7024, 13.9899 ], [ -16.7143, 13.9856 ], [ -16.7373, 13.9676 ], [ -16.7434, 13.961 ], [ -16.7467, 13.9513 ], [ -16.7478, 13.9344 ], [ -16.7445, 13.9022 ], [ -16.7402, 13.8866 ], [ -16.7341, 13.873 ], [ -16.7409, 13.8604 ], [ -16.7424, 13.8394 ], [ -16.7373, 13.8196 ], [ -16.7154, 13.8063 ], [ -16.7132, 13.7833 ], [ -16.7103, 13.7735 ], [ -16.7002, 13.769 ], [ -16.6923, 13.7757 ], [ -16.6826, 13.794 ], [ -16.6588, 13.8109 ], [ -16.6538, 13.8201 ], [ -16.6524, 13.8285 ], [ -16.6488, 13.8368 ], [ -16.638, 13.8457 ], [ -16.6185, 13.8517 ], [ -16.598, 13.8543 ], [ -16.5804, 13.8596 ], [ -16.5703, 13.873 ], [ -16.5627, 13.873 ], [ -16.5494, 13.8693 ], [ -16.5361, 13.8857 ], [ -16.526, 13.9105 ], [ -16.5181, 13.9519 ], [ -16.5091, 13.9713 ], [ -16.4871, 14.0027 ], [ -16.4886, 13.9863 ], [ -16.5105, 13.8933 ], [ -16.5156, 13.8797 ], [ -16.5004, 13.8727 ], [ -16.4965, 13.8527 ], [ -16.4947, 13.8275 ], [ -16.4871, 13.8046 ], [ -16.5015, 13.802 ], [ -16.513, 13.8133 ], [ -16.5202, 13.8319 ], [ -16.5217, 13.8518 ], [ -16.5566, 13.8457 ], [ -16.549, 13.8245 ], [ -16.5764, 13.8388 ], [ -16.5825, 13.8246 ], [ -16.6182, 13.7836 ], [ -16.6272, 13.7704 ], [ -16.6297, 13.7605 ], [ -16.6318, 13.7358 ], [ -16.6401, 13.6964 ], [ -16.6354, 13.6781 ], [ -16.6182, 13.6601 ], [ -16.5987, 13.6542 ], [ -16.5793, 13.6595 ], [ -16.5638, 13.6738 ], [ -16.5566, 13.6947 ], [ -16.5422, 13.6937 ], [ -16.5314, 13.7073 ], [ -16.5267, 13.7266 ], [ -16.5292, 13.7426 ], [ -16.5091, 13.7402 ], [ -16.5073, 13.728 ], [ -16.5166, 13.7129 ], [ -16.5292, 13.701 ], [ -16.508, 13.688 ], [ -16.5336, 13.6687 ], [ -16.5588, 13.6559 ], [ -16.5757, 13.6403 ], [ -16.5764, 13.6123 ], [ -16.5714, 13.6018 ], [ -16.5613, 13.5869 ], [ -15.5184, 13.5831 ], [ -15.5025, 13.5882 ], [ -15.5004, 13.628 ], [ -15.4968, 13.6483 ], [ -15.4888, 13.6704 ], [ -15.4788, 13.6913 ], [ -15.4676, 13.7083 ], [ -15.4363, 13.7412 ], [ -15.3942, 13.7715 ], [ -15.3477, 13.7886 ], [ -15.3045, 13.7818 ], [ -15.2952, 13.7731 ], [ -15.2757, 13.7481 ], [ -15.2671, 13.7418 ], [ -15.2458, 13.7468 ], [ -15.1706, 13.7937 ], [ -15.0979, 13.8199 ], [ -15.0763, 13.8189 ], [ -15.0169, 13.7969 ], [ -14.9157, 13.7924 ], [ -14.8794, 13.7806 ], [ -14.8441, 13.7527 ], [ -14.8315, 13.7356 ], [ -14.8225, 13.7172 ], [ -14.803, 13.6523 ], [ -14.7962, 13.6448 ], [ -14.7548, 13.6204 ], [ -14.7408, 13.6154 ], [ -14.7285, 13.6193 ], [ -14.6673, 13.6529 ], [ -14.6266, 13.6635 ], [ -14.5856, 13.6605 ], [ -14.5428, 13.6407 ], [ -14.5233, 13.6256 ], [ -14.5096, 13.6091 ], [ -14.5003, 13.5899 ], [ -14.487, 13.5466 ], [ -14.4805, 13.5331 ], [ -14.4704, 13.5224 ], [ -14.3898, 13.4659 ], [ -14.3656, 13.4549 ], [ -14.3473, 13.4524 ], [ -14.33, 13.4564 ], [ -14.2713, 13.4769 ], [ -14.2159, 13.5108 ], [ -14.1968, 13.5188 ], [ -14.1392, 13.5316 ], [ -14.0928, 13.5547 ], [ -14.0726, 13.5597 ], [ -14.0445, 13.5586 ], [ -14.0341, 13.5602 ], [ -14.002, 13.5771 ], [ -13.9884, 13.5791 ], [ -13.9675, 13.5756 ], [ -13.9419, 13.5669 ], [ -13.9182, 13.555 ], [ -13.9012, 13.5416 ], [ -13.8962, 13.5328 ], [ -13.8897, 13.514 ], [ -13.8847, 13.5055 ], [ -13.8753, 13.4979 ], [ -13.8526, 13.4848 ], [ -13.8426, 13.4766 ], [ -13.8188, 13.4294 ], [ -13.8224, 13.3781 ], [ -13.8512, 13.3358 ], [ -13.9005, 13.3146 ], [ -13.9761, 13.3082 ], [ -14.0164, 13.2976 ], [ -14.0568, 13.2971 ], [ -14.0996, 13.282 ], [ -14.1169, 13.2821 ], [ -14.1316, 13.2755 ], [ -14.1799, 13.24 ], [ -14.2018, 13.2296 ], [ -14.2306, 13.2286 ], [ -14.285, 13.2385 ], [ -14.3419, 13.2336 ], [ -14.3689, 13.2358 ], [ -14.3952, 13.2429 ], [ -14.4315, 13.2614 ], [ -14.4513, 13.2768 ], [ -14.4704, 13.2983 ], [ -14.4837, 13.3019 ], [ -14.515, 13.3032 ], [ -14.5294, 13.3073 ], [ -14.5428, 13.3146 ], [ -14.5806, 13.3491 ], [ -14.5921, 13.3531 ], [ -14.6245, 13.3452 ], [ -14.6616, 13.3409 ], [ -14.6983, 13.3452 ], [ -14.7318, 13.359 ], [ -14.7595, 13.3833 ], [ -14.7796, 13.4109 ], [ -14.7904, 13.4174 ], [ -14.811, 13.4212 ], [ -14.8293, 13.4269 ], [ -14.8624, 13.4471 ], [ -14.8776, 13.4514 ], [ -14.9161, 13.4544 ], [ -14.9496, 13.463 ], [ -15.0154, 13.4959 ], [ -15.0651, 13.5313 ], [ -15.1101, 13.5725 ], [ -15.1375, 13.5899 ], [ -15.1605, 13.5809 ], [ -15.2041, 13.5369 ], [ -15.2181, 13.5147 ], [ -15.2217, 13.4528 ], [ -15.2278, 13.4252 ], [ -15.2484, 13.399 ], [ -15.2772, 13.3803 ], [ -15.3099, 13.3684 ], [ -15.3423, 13.3625 ], [ -15.3794, 13.3625 ], [ -15.4885, 13.3853 ], [ -15.5194, 13.3866 ], [ -15.5428, 13.378 ], [ -15.5659, 13.3657 ], [ -15.5961, 13.3558 ], [ -15.6123, 13.3542 ], [ -15.68, 13.3607 ], [ -15.6926, 13.3604 ], [ -15.7372, 13.3464 ], [ -15.8071, 13.3398 ], [ -15.8186, 13.3335 ], [ -15.8226, 13.3195 ], [ -15.8265, 13.1616 ], [ -15.8334, 13.1569 ], [ -16.6736, 13.1643 ], [ -16.7085, 13.1566 ], [ -16.7233, 13.1323 ], [ -16.7265, 13.1227 ], [ -16.7485, 13.0992 ], [ -16.7521, 13.0881 ], [ -16.7535, 13.065 ], [ -16.7492, 13.0566 ], [ -16.7478, 13.0403 ], [ -16.7499, 13.0137 ], [ -16.76, 12.972 ], [ -16.7622, 12.9511 ], [ -16.7553, 12.9035 ], [ -16.7589, 12.8907 ], [ -16.7946, 12.8388 ], [ -16.8007, 12.826 ], [ -16.8028, 12.814 ], [ -16.8003, 12.7989 ], [ -16.7942, 12.795 ], [ -16.7874, 12.7999 ], [ -16.7827, 12.8109 ], [ -16.7751, 12.8109 ], [ -16.7701, 12.7934 ], [ -16.7744, 12.7785 ], [ -16.7964, 12.7489 ], [ -16.7902, 12.7406 ], [ -16.7881, 12.732 ], [ -16.7902, 12.7234 ], [ -16.7964, 12.7153 ], [ -16.7834, 12.7126 ], [ -16.7722, 12.7206 ], [ -16.7514, 12.7455 ], [ -16.7341, 12.7513 ], [ -16.7132, 12.7473 ], [ -16.6988, 12.7365 ], [ -16.7006, 12.7216 ], [ -16.7355, 12.7329 ], [ -16.7611, 12.7131 ], [ -16.7769, 12.6781 ], [ -16.7827, 12.6427 ], [ -16.7809, 12.6088 ], [ -16.773, 12.5829 ], [ -16.7546, 12.5722 ], [ -16.7211, 12.5838 ], [ -16.6772, 12.6195 ], [ -16.6473, 12.6323 ], [ -16.6452, 12.6486 ], [ -16.6524, 12.6841 ], [ -16.6509, 12.7053 ], [ -16.647, 12.7181 ], [ -16.6383, 12.7284 ], [ -16.6092, 12.7538 ], [ -16.6038, 12.7625 ], [ -16.5969, 12.7973 ], [ -16.5908, 12.7621 ], [ -16.6038, 12.7393 ], [ -16.6239, 12.7197 ], [ -16.638, 12.6935 ], [ -16.6387, 12.6799 ], [ -16.6347, 12.6693 ], [ -16.6264, 12.6625 ], [ -16.6146, 12.66 ], [ -16.5987, 12.664 ], [ -16.5818, 12.6844 ], [ -16.5703, 12.6935 ], [ -16.5656, 12.6739 ], [ -16.5289, 12.6427 ], [ -16.5156, 12.6254 ], [ -16.508, 12.6254 ], [ -16.5012, 12.7078 ], [ -16.4979, 12.6938 ], [ -16.4922, 12.6816 ], [ -16.4824, 12.6742 ], [ -16.4673, 12.6738 ], [ -16.4673, 12.6663 ], [ -16.4774, 12.6642 ], [ -16.4864, 12.6578 ], [ -16.4929, 12.6489 ], [ -16.4943, 12.639 ], [ -16.4896, 12.6318 ], [ -16.4673, 12.6223 ], [ -16.4608, 12.6088 ], [ -16.4454, 12.5961 ], [ -16.4119, 12.5776 ], [ -16.3708, 12.5646 ], [ -16.3618, 12.5712 ], [ -16.3467, 12.5981 ], [ -16.3377, 12.6002 ], [ -16.3237, 12.6095 ], [ -16.3129, 12.6117 ], [ -16.2808, 12.6055 ], [ -16.2686, 12.6055 ], [ -16.2578, 12.6082 ], [ -16.2387, 12.6165 ], [ -16.2276, 12.6191 ], [ -16.1898, 12.6191 ], [ -16.1656, 12.6128 ], [ -16.1552, 12.6117 ], [ -16.1282, 12.6277 ], [ -16.1178, 12.6321 ], [ -16.0767, 12.639 ], [ -16.049, 12.6565 ], [ -16.045, 12.6905 ], [ -16.0299, 12.7174 ], [ -16.0285, 12.729 ], [ -16.022, 12.729 ], [ -16.017, 12.7176 ], [ -16.013, 12.6962 ], [ -16.0011, 12.6874 ], [ -15.9874, 12.6609 ], [ -15.9813, 12.6526 ], [ -15.9698, 12.6482 ], [ -15.9565, 12.6464 ], [ -15.9529, 12.6437 ], [ -15.9543, 12.6303 ], [ -15.9532, 12.6254 ], [ -15.9284, 12.6088 ], [ -15.9133, 12.6012 ], [ -15.9018, 12.5981 ], [ -15.8895, 12.6002 ], [ -15.8726, 12.6095 ], [ -15.8604, 12.6117 ], [ -15.8485, 12.6085 ], [ -15.8334, 12.5912 ], [ -15.8157, 12.5954 ], [ -15.7678, 12.6254 ], [ -15.6969, 12.6141 ], [ -15.6663, 12.6007 ], [ -15.6721, 12.5707 ], [ -15.6634, 12.5634 ], [ -15.653, 12.5589 ], [ -15.6411, 12.5594 ], [ -15.6278, 12.5676 ], [ -15.5774, 12.6125 ], [ -15.5698, 12.6223 ], [ -15.5454, 12.6427 ], [ -15.5425, 12.6494 ], [ -15.5425, 12.6738 ], [ -15.5443, 12.6841 ], [ -15.5554, 12.7216 ], [ -15.5554, 12.7795 ], [ -15.5493, 12.7943 ], [ -15.536, 12.8013 ], [ -15.5108, 12.8034 ], [ -15.4928, 12.8072 ], [ -15.468, 12.8249 ], [ -15.4532, 12.8315 ], [ -15.437, 12.8293 ], [ -15.4219, 12.8228 ], [ -15.4071, 12.8223 ], [ -15.3916, 12.8382 ], [ -15.3942, 12.8103 ], [ -15.4068, 12.7997 ], [ -15.4255, 12.805 ], [ -15.446, 12.8246 ], [ -15.4507, 12.8129 ], [ -15.4568, 12.8037 ], [ -15.4665, 12.7964 ], [ -15.4802, 12.7904 ], [ -15.4939, 12.789 ], [ -15.5234, 12.7898 ], [ -15.5349, 12.783 ], [ -15.5436, 12.7581 ], [ -15.5403, 12.7269 ], [ -15.531, 12.6964 ], [ -15.5212, 12.6738 ], [ -15.5299, 12.6658 ], [ -15.5238, 12.6603 ], [ -15.513, 12.6556 ], [ -15.5072, 12.6496 ], [ -15.5097, 12.6359 ], [ -15.5169, 12.6288 ], [ -15.5274, 12.6237 ], [ -15.5385, 12.6154 ], [ -15.5695, 12.5763 ], [ -15.5878, 12.558 ], [ -15.6336, 12.5395 ], [ -15.6447, 12.5373 ], [ -15.657, 12.5375 ], [ -15.666, 12.5401 ], [ -15.6732, 12.5444 ], [ -15.685, 12.5579 ], [ -15.6915, 12.5749 ], [ -15.6994, 12.5838 ], [ -15.7048, 12.5852 ], [ -15.716, 12.5818 ], [ -15.7297, 12.5915 ], [ -15.7362, 12.5913 ], [ -15.748, 12.5838 ], [ -15.7689, 12.5926 ], [ -15.783, 12.5846 ], [ -15.7941, 12.5715 ], [ -15.8056, 12.5646 ], [ -15.8398, 12.557 ], [ -15.8449, 12.5599 ], [ -15.864, 12.5776 ], [ -15.928, 12.5786 ], [ -15.9396, 12.5806 ], [ -15.9478, 12.5898 ], [ -15.9903, 12.6228 ], [ -16.008, 12.6321 ], [ -16.0299, 12.633 ], [ -16.0447, 12.6254 ], [ -16.0576, 12.6162 ], [ -16.0731, 12.6117 ], [ -16.0972, 12.6102 ], [ -16.1149, 12.6061 ], [ -16.193, 12.5776 ], [ -16.1988, 12.5849 ], [ -16.2045, 12.5976 ], [ -16.2121, 12.6064 ], [ -16.224, 12.6018 ], [ -16.2466, 12.5879 ], [ -16.2664, 12.5901 ], [ -16.2862, 12.5971 ], [ -16.3096, 12.5981 ], [ -16.3273, 12.5886 ], [ -16.3514, 12.5596 ], [ -16.3708, 12.5503 ], [ -16.3885, 12.5516 ], [ -16.4216, 12.5669 ], [ -16.4515, 12.575 ], [ -16.485, 12.5938 ], [ -16.5048, 12.5981 ], [ -16.5224, 12.5931 ], [ -16.5328, 12.5809 ], [ -16.5332, 12.5653 ], [ -16.5472, 12.5739 ], [ -16.5613, 12.6118 ], [ -16.5796, 12.6328 ], [ -16.6182, 12.6055 ], [ -16.6347, 12.5795 ], [ -16.6455, 12.5707 ], [ -16.679, 12.5503 ], [ -16.71, 12.5529 ], [ -16.7316, 12.5521 ], [ -16.7812, 12.5229 ], [ -16.7888, 12.5124 ], [ -16.791, 12.5032 ], [ -16.8007, 12.4945 ], [ -16.8028, 12.4855 ], [ -16.8028, 12.4438 ], [ -16.7989, 12.4309 ], [ -16.7884, 12.4179 ], [ -16.7654, 12.396 ], [ -16.7506, 12.3857 ], [ -16.7442, 12.3788 ], [ -16.7398, 12.3584 ], [ -16.7352, 12.3452 ], [ -16.7283, 12.3325 ], [ -16.7056, 12.3481 ], [ -16.6689, 12.3567 ], [ -16.5332, 12.3478 ], [ -16.5148, 12.3485 ], [ -16.4626, 12.3614 ], [ -16.4122, 12.3617 ], [ -16.382, 12.3738 ], [ -16.233, 12.4528 ], [ -16.2225, 12.4551 ], [ -16.2117, 12.4531 ], [ -16.1901, 12.4448 ], [ -16.1818, 12.4434 ], [ -16.166, 12.4514 ], [ -16.0904, 12.4643 ], [ -16.0551, 12.4613 ], [ -15.9925, 12.4407 ], [ -15.9734, 12.4372 ], [ -15.8938, 12.4428 ], [ -15.7117, 12.4322 ], [ -15.6771, 12.4392 ], [ -15.4248, 12.555 ], [ -15.3686, 12.5954 ], [ -15.3078, 12.6227 ], [ -15.2498, 12.6636 ], [ -15.2239, 12.6752 ], [ -15.1951, 12.6794 ], [ -13.7284, 12.6733 ], [ -13.4048, 12.6618 ], [ -13.3566, 12.6489 ], [ -13.3386, 12.6393 ], [ -13.3328, 12.6396 ], [ -13.3278, 12.6449 ], [ -13.3227, 12.6464 ], [ -13.2842, 12.6533 ], [ -13.2756, 12.651 ], [ -13.2633, 12.6432 ], [ -13.2547, 12.6419 ], [ -13.2291, 12.6479 ], [ -13.2216, 12.6483 ], [ -13.2162, 12.6457 ], [ -13.2064, 12.6357 ], [ -13.2018, 12.6334 ], [ -13.1852, 12.6377 ], [ -13.1694, 12.6387 ], [ -13.1625, 12.6381 ], [ -13.1546, 12.6328 ], [ -13.1452, 12.6439 ], [ -13.1272, 12.6349 ], [ -13.1089, 12.6354 ], [ -13.0916, 12.6381 ], [ -13.0765, 12.6359 ], [ -13.0635, 12.6223 ], [ -13.0592, 12.6035 ], [ -13.0603, 12.5833 ], [ -13.0642, 12.5662 ], [ -13.079, 12.5321 ], [ -13.0826, 12.5156 ], [ -13.0783, 12.4962 ], [ -13.0668, 12.4802 ], [ -13.052, 12.4723 ], [ -13.0347, 12.4706 ], [ -13.0153, 12.4727 ], [ -12.9973, 12.4658 ], [ -12.9811, 12.467 ], [ -12.9696, 12.4769 ], [ -12.9663, 12.496 ], [ -12.9494, 12.536 ], [ -12.913, 12.5364 ], [ -12.8742, 12.5164 ], [ -12.8493, 12.495 ], [ -12.8511, 12.4843 ], [ -12.8493, 12.4759 ], [ -12.8385, 12.4664 ], [ -12.8292, 12.4627 ], [ -12.7993, 12.4607 ], [ -12.7834, 12.4531 ], [ -12.7791, 12.4432 ], [ -12.7734, 12.4351 ], [ -12.7528, 12.4324 ], [ -12.688, 12.4359 ], [ -12.6675, 12.4336 ], [ -12.6481, 12.4258 ], [ -12.6315, 12.4126 ], [ -12.6034, 12.382 ], [ -12.598, 12.3724 ], [ -12.5973, 12.3654 ], [ -12.5937, 12.3615 ], [ -12.5793, 12.3611 ], [ -12.5707, 12.3637 ], [ -12.5415, 12.3794 ], [ -12.5221, 12.3869 ], [ -12.5052, 12.3903 ], [ -12.4879, 12.3894 ], [ -12.4666, 12.3844 ], [ -12.4234, 12.3691 ], [ -12.4054, 12.3565 ], [ -12.377, 12.3137 ], [ -12.3608, 12.3056 ], [ -12.192, 12.3488 ], [ -12.1549, 12.369 ], [ -12.1218, 12.3987 ], [ -12.1041, 12.4073 ], [ -12.0793, 12.4082 ], [ -12.0188, 12.3884 ], [ -11.9976, 12.3864 ], [ -11.9842, 12.389 ], [ -11.9464, 12.4095 ], [ -11.9353, 12.417 ], [ -11.931, 12.4188 ], [ -11.9241, 12.4188 ], [ -11.9205, 12.416 ], [ -11.86, 12.3911 ], [ -11.8395, 12.3867 ], [ -11.7578, 12.3833 ], [ -11.72, 12.3894 ], [ -11.643, 12.4176 ], [ -11.6016, 12.4252 ], [ -11.5155, 12.4316 ], [ -11.4817, 12.4282 ], [ -11.4162, 12.405 ], [ -11.3884, 12.4039 ], [ -11.3866, 12.4305 ], [ -11.3798, 12.4568 ], [ -11.3776, 12.4802 ], [ -11.3906, 12.4975 ], [ -11.4007, 12.4796 ], [ -11.4025, 12.4886 ], [ -11.4169, 12.5292 ], [ -11.4248, 12.5264 ], [ -11.4306, 12.5158 ], [ -11.4298, 12.5083 ], [ -11.4378, 12.5154 ], [ -11.4496, 12.5353 ], [ -11.4568, 12.5397 ], [ -11.4676, 12.5436 ], [ -11.4608, 12.5498 ], [ -11.4399, 12.5593 ], [ -11.4374, 12.5707 ], [ -11.441, 12.5849 ], [ -11.4417, 12.5955 ], [ -11.4367, 12.6271 ], [ -11.4367, 12.6374 ], [ -11.4417, 12.6477 ], [ -11.4612, 12.6585 ], [ -11.4619, 12.6731 ], [ -11.4558, 12.6806 ], [ -11.4478, 12.6859 ], [ -11.4374, 12.7123 ], [ -11.4104, 12.7189 ], [ -11.4021, 12.7317 ], [ -11.4039, 12.7412 ], [ -11.4147, 12.7596 ], [ -11.4147, 12.7642 ], [ -11.4075, 12.7715 ], [ -11.4054, 12.7824 ], [ -11.4086, 12.8044 ], [ -11.4162, 12.82 ], [ -11.4208, 12.8256 ], [ -11.432, 12.8293 ], [ -11.4324, 12.8355 ], [ -11.4255, 12.8495 ], [ -11.4288, 12.8658 ], [ -11.4151, 12.8966 ], [ -11.4172, 12.9019 ], [ -11.428, 12.9125 ], [ -11.4273, 12.9186 ], [ -11.4208, 12.9221 ], [ -11.4072, 12.9163 ], [ -11.4028, 12.9163 ], [ -11.3877, 12.9271 ], [ -11.3845, 12.9331 ], [ -11.3888, 12.9706 ], [ -11.3935, 12.9807 ], [ -11.4018, 12.9895 ], [ -11.4043, 12.9722 ], [ -11.4115, 12.9607 ], [ -11.423, 12.956 ], [ -11.4388, 12.9588 ], [ -11.436, 12.9689 ], [ -11.4334, 12.9969 ], [ -11.4244, 13.0052 ], [ -11.423, 13.0094 ], [ -11.4356, 13.0167 ], [ -11.4453, 13.0353 ], [ -11.459, 13.0547 ], [ -11.4514, 13.068 ], [ -11.4504, 13.075 ], [ -11.477, 13.0833 ], [ -11.5155, 13.1078 ], [ -11.5332, 13.1118 ], [ -11.5382, 13.128 ], [ -11.5386, 13.1629 ], [ -11.5479, 13.1762 ], [ -11.5598, 13.187 ], [ -11.5695, 13.1991 ], [ -11.5724, 13.2172 ], [ -11.5684, 13.2279 ], [ -11.5558, 13.2459 ], [ -11.5544, 13.2568 ], [ -11.5587, 13.2665 ], [ -11.581, 13.2861 ], [ -11.6059, 13.3196 ], [ -11.6131, 13.3391 ], [ -11.6131, 13.3608 ], [ -11.6329, 13.3544 ], [ -11.644, 13.3555 ], [ -11.6466, 13.3656 ], [ -11.6451, 13.3797 ], [ -11.6498, 13.3842 ], [ -11.675, 13.3832 ], [ -11.6944, 13.3791 ], [ -11.7042, 13.3804 ], [ -11.7139, 13.388 ], [ -11.7196, 13.3979 ], [ -11.7268, 13.4058 ], [ -11.7412, 13.4078 ], [ -11.7564, 13.3998 ], [ -11.7664, 13.3832 ], [ -11.7726, 13.3627 ], [ -11.7751, 13.3434 ], [ -11.8172, 13.3123 ], [ -11.8226, 13.3067 ], [ -11.828, 13.3073 ], [ -11.8399, 13.3169 ], [ -11.8446, 13.3238 ], [ -11.8507, 13.3431 ], [ -11.8546, 13.3505 ], [ -11.8622, 13.3561 ], [ -11.8888, 13.3688 ], [ -11.8975, 13.3711 ], [ -11.9, 13.3822 ], [ -11.8856, 13.4358 ], [ -11.8834, 13.4536 ], [ -11.8903, 13.4652 ], [ -11.8986, 13.4684 ], [ -11.9076, 13.4696 ], [ -11.918, 13.4747 ], [ -11.9389, 13.5029 ], [ -11.9968, 13.5441 ], [ -12.0152, 13.5645 ], [ -12.0372, 13.5982 ], [ -12.0498, 13.6343 ], [ -12.0703, 13.6732 ], [ -12.084, 13.693 ], [ -12.0976, 13.7044 ], [ -12.0123, 13.7512 ], [ -11.9788, 13.7849 ], [ -11.963, 13.8295 ], [ -11.9569, 13.87 ], [ -11.9569, 13.8903 ], [ -11.963, 13.9091 ], [ -11.9803, 13.9297 ], [ -11.999, 13.9436 ], [ -12.0152, 13.9593 ], [ -12.0253, 13.9852 ], [ -12.0253, 14.0267 ], [ -12.0026, 14.1034 ], [ -11.9954, 14.1441 ], [ -11.9976, 14.1661 ], [ -12.0346, 14.2502 ], [ -12.0444, 14.265 ], [ -12.0584, 14.2741 ], [ -12.0976, 14.288 ], [ -12.1099, 14.2982 ], [ -12.1196, 14.3106 ], [ -12.1279, 14.3242 ], [ -12.1131, 14.3295 ], [ -12.1088, 14.342 ], [ -12.1156, 14.3551 ], [ -12.2089, 14.3888 ], [ -12.2218, 14.3912 ], [ -12.22, 14.4346 ], [ -12.2226, 14.4549 ], [ -12.2341, 14.4985 ], [ -12.2366, 14.5194 ], [ -12.2305, 14.5367 ], [ -12.2114, 14.5479 ], [ -12.2042, 14.5542 ], [ -12.1984, 14.5875 ], [ -12.1909, 14.598 ], [ -12.1714, 14.6164 ], [ -12.166, 14.6252 ], [ -12.165, 14.6419 ], [ -12.1725, 14.6479 ], [ -12.183, 14.6502 ], [ -12.1898, 14.6559 ], [ -12.1923, 14.6668 ], [ -12.1804, 14.6929 ], [ -12.2078, 14.6966 ], [ -12.2229, 14.7033 ], [ -12.2305, 14.7145 ], [ -12.2366, 14.7285 ], [ -12.2564, 14.7458 ], [ -12.264, 14.7749 ] ] ] } },
{ "type": "Feature", "properties": { "z": "SierraLeone", "ISO_A3": "SLE", "c": "SierraLeone" }, "geometry": { "type": "MultiPolygon", "coordinates": [ [ [ [ -12.5055, 7.5496 ], [ -12.499, 7.5202 ], [ -12.5019, 7.5024 ], [ -12.5174, 7.4817 ], [ -12.5264, 7.4656 ], [ -12.5275, 7.4497 ], [ -12.5188, 7.4166 ], [ -12.5196, 7.4042 ], [ -12.5325, 7.3924 ], [ -12.5498, 7.3897 ], [ -12.5656, 7.3957 ], [ -12.575, 7.4103 ], [ -12.5545, 7.4103 ], [ -12.5682, 7.4354 ], [ -12.5854, 7.46 ], [ -12.6056, 7.4787 ], [ -12.6261, 7.486 ], [ -12.6405, 7.4873 ], [ -12.732, 7.5114 ], [ -12.7644, 7.528 ], [ -12.8493, 7.5407 ], [ -12.9516, 7.568 ], [ -12.9516, 7.5755 ], [ -12.9145, 7.5845 ], [ -12.9102, 7.5981 ], [ -12.8979, 7.6108 ], [ -12.8832, 7.6164 ], [ -12.8446, 7.6226 ], [ -12.7356, 7.6226 ], [ -12.719, 7.625 ], [ -12.6812, 7.6347 ], [ -12.6214, 7.6397 ], [ -12.6006, 7.6382 ], [ -12.5811, 7.6301 ], [ -12.5959, 7.6128 ], [ -12.5862, 7.6077 ], [ -12.5476, 7.609 ], [ -12.5296, 7.6038 ], [ -12.5152, 7.5949 ], [ -12.5034, 7.5826 ], [ -12.4929, 7.568 ], [ -12.5044, 7.561 ], [ -12.5055, 7.5496 ] ] ], [ [ [ -11.4928, 6.9328 ], [ -11.5339, 6.9421 ], [ -11.554, 6.9525 ], [ -11.5728, 6.9658 ], [ -11.5879, 6.979 ], [ -11.5742, 6.9826 ], [ -11.5674, 6.9926 ], [ -11.5954, 6.9933 ], [ -11.6077, 6.9915 ], [ -11.616, 6.9859 ], [ -11.6221, 6.9859 ], [ -11.6311, 7.0082 ], [ -11.6451, 7.0228 ], [ -11.698, 7.067 ], [ -11.8395, 7.149 ], [ -12.0739, 7.2336 ], [ -12.3147, 7.329 ], [ -12.5066, 7.3899 ], [ -12.4764, 7.4152 ], [ -12.4396, 7.4165 ], [ -12.4022, 7.4046 ], [ -12.3694, 7.3899 ], [ -12.3712, 7.3986 ], [ -12.3759, 7.405 ], [ -12.3835, 7.409 ], [ -12.4011, 7.4126 ], [ -12.409, 7.4248 ], [ -12.4173, 7.4308 ], [ -12.436, 7.4382 ], [ -12.4465, 7.4391 ], [ -12.4641, 7.4297 ], [ -12.4728, 7.4339 ], [ -12.481, 7.4412 ], [ -12.4893, 7.4451 ], [ -12.4926, 7.4537 ], [ -12.4836, 7.4724 ], [ -12.471, 7.4912 ], [ -12.4519, 7.5075 ], [ -12.4414, 7.5228 ], [ -12.4285, 7.5337 ], [ -12.4105, 7.5277 ], [ -12.3993, 7.5328 ], [ -12.3878, 7.5346 ], [ -12.3626, 7.5344 ], [ -12.3388, 7.5407 ], [ -12.3313, 7.5386 ], [ -12.3194, 7.5295 ], [ -12.3147, 7.5277 ], [ -12.2949, 7.5331 ], [ -12.278, 7.5434 ], [ -12.2589, 7.5524 ], [ -12.2323, 7.5537 ], [ -12.2384, 7.568 ], [ -12.22, 7.5735 ], [ -12.2017, 7.5761 ], [ -12.188, 7.5831 ], [ -12.1837, 7.6028 ], [ -12.2114, 7.5998 ], [ -12.2179, 7.5959 ], [ -12.2254, 7.609 ], [ -12.2564, 7.6052 ], [ -12.2629, 7.5906 ], [ -12.2694, 7.5864 ], [ -12.287, 7.5816 ], [ -12.2985, 7.5761 ], [ -12.318, 7.5755 ], [ -12.3277, 7.5732 ], [ -12.3482, 7.5635 ], [ -12.3702, 7.5593 ], [ -12.3914, 7.5506 ], [ -12.4036, 7.5476 ], [ -12.4411, 7.5537 ], [ -12.4638, 7.562 ], [ -12.471, 7.5812 ], [ -12.4764, 7.6022 ], [ -12.4929, 7.6164 ], [ -12.4929, 7.6226 ], [ -12.4879, 7.6271 ], [ -12.4854, 7.633 ], [ -12.4854, 7.6506 ], [ -12.5005, 7.6392 ], [ -12.507, 7.6386 ], [ -12.5127, 7.6443 ], [ -12.5196, 7.6443 ], [ -12.5196, 7.6301 ], [ -12.544, 7.6536 ], [ -12.5314, 7.6871 ], [ -12.4929, 7.7399 ], [ -12.4767, 7.7313 ], [ -12.4713, 7.7263 ], [ -12.4648, 7.7332 ], [ -12.471, 7.7462 ], [ -12.4717, 7.7599 ], [ -12.4659, 7.7705 ], [ -12.4519, 7.7741 ], [ -12.472, 7.7877 ], [ -12.49, 7.772 ], [ -12.5196, 7.7263 ], [ -12.5696, 7.6955 ], [ -12.602, 7.6838 ], [ -12.6164, 7.6953 ], [ -12.6243, 7.6948 ], [ -12.6884, 7.707 ], [ -12.7014, 7.7081 ], [ -12.7114, 7.712 ], [ -12.751, 7.7401 ], [ -12.7658, 7.7466 ], [ -12.778, 7.7558 ], [ -12.787, 7.7741 ], [ -12.7906, 7.7924 ], [ -12.7874, 7.8046 ], [ -12.7773, 7.8135 ], [ -12.7597, 7.8219 ], [ -12.778, 7.819 ], [ -12.8288, 7.7983 ], [ -12.876, 7.8288 ], [ -12.8893, 7.8548 ], [ -12.8986, 7.8657 ], [ -12.9246, 7.875 ], [ -12.9379, 7.8864 ], [ -12.9591, 7.9112 ], [ -12.9393, 7.9151 ], [ -12.9055, 7.9342 ], [ -12.8868, 7.9385 ], [ -12.8709, 7.9365 ], [ -12.8544, 7.9317 ], [ -12.8212, 7.9175 ], [ -12.8414, 7.938 ], [ -12.867, 7.9554 ], [ -12.8886, 7.9753 ], [ -12.9051, 8.0241 ], [ -12.912, 8.0307 ], [ -12.9102, 8.0383 ], [ -12.9037, 8.0516 ], [ -12.9015, 8.0656 ], [ -12.895, 8.0796 ], [ -12.8864, 8.0924 ], [ -12.876, 8.103 ], [ -12.908, 8.1074 ], [ -12.9217, 8.12 ], [ -12.9296, 8.1393 ], [ -12.9447, 8.1645 ], [ -12.9562, 8.1722 ], [ -12.9696, 8.1778 ], [ -12.9811, 8.1863 ], [ -12.9858, 8.2024 ], [ -12.985, 8.2167 ], [ -12.9789, 8.2421 ], [ -12.9721, 8.2539 ], [ -12.9811, 8.2521 ], [ -12.9994, 8.2402 ], [ -13.0063, 8.2388 ], [ -13.0236, 8.2402 ], [ -13.0678, 8.2333 ], [ -13.0905, 8.2246 ], [ -13.1179, 8.2089 ], [ -13.1427, 8.1898 ], [ -13.1578, 8.1714 ], [ -13.164, 8.1714 ], [ -13.1618, 8.1871 ], [ -13.164, 8.2296 ], [ -13.1683, 8.2508 ], [ -13.1686, 8.263 ], [ -13.164, 8.2744 ], [ -13.1755, 8.2837 ], [ -13.2104, 8.3391 ], [ -13.2144, 8.3431 ], [ -13.2237, 8.3457 ], [ -13.2309, 8.3639 ], [ -13.2565, 8.3972 ], [ -13.2637, 8.4016 ], [ -13.2741, 8.4209 ], [ -13.2867, 8.4245 ], [ -13.273, 8.4418 ], [ -13.2687, 8.4499 ], [ -13.2669, 8.4627 ], [ -13.2698, 8.4722 ], [ -13.2828, 8.4909 ], [ -13.2867, 8.5002 ], [ -13.2655, 8.4971 ], [ -13.2594, 8.4934 ], [ -13.2525, 8.4975 ], [ -13.2457, 8.4866 ], [ -13.2288, 8.4938 ], [ -13.2108, 8.4934 ], [ -13.1931, 8.4878 ], [ -13.1776, 8.4792 ], [ -13.165, 8.465 ], [ -13.1445, 8.4313 ], [ -13.11, 8.4132 ], [ -13.0858, 8.3905 ], [ -13.0603, 8.3727 ], [ -13.0336, 8.3767 ], [ -13.0336, 8.3836 ], [ -13.0459, 8.3862 ], [ -13.0563, 8.3912 ], [ -13.0639, 8.3992 ], [ -13.0678, 8.4109 ], [ -13.0542, 8.4109 ], [ -13.0542, 8.4177 ], [ -13.0833, 8.4244 ], [ -13.111, 8.4338 ], [ -13.1254, 8.449 ], [ -13.1161, 8.473 ], [ -13.1042, 8.4816 ], [ -13.0743, 8.4932 ], [ -13.0614, 8.5002 ], [ -13.048, 8.5211 ], [ -13.0401, 8.5268 ], [ -13.0268, 8.5207 ], [ -13.0272, 8.5323 ], [ -13.0243, 8.5432 ], [ -13.0131, 8.5618 ], [ -13.0034, 8.559 ], [ -12.9372, 8.5543 ], [ -12.9184, 8.5492 ], [ -12.9073, 8.548 ], [ -12.899, 8.551 ], [ -12.8788, 8.5649 ], [ -12.8698, 8.5692 ], [ -12.8882, 8.5731 ], [ -12.9094, 8.5705 ], [ -12.9282, 8.5722 ], [ -12.9303, 8.5835 ], [ -12.931, 8.5828 ], [ -12.912, 8.6068 ], [ -12.876, 8.6853 ], [ -12.9008, 8.6549 ], [ -12.917, 8.6276 ], [ -12.9364, 8.607 ], [ -12.9721, 8.5964 ], [ -13.0048, 8.6001 ], [ -13.0182, 8.6001 ], [ -13.0441, 8.5847 ], [ -13.0617, 8.5832 ], [ -13.0786, 8.5891 ], [ -13.0887, 8.6027 ], [ -13.0664, 8.6068 ], [ -13.0545, 8.619 ], [ -13.0444, 8.6333 ], [ -13.0268, 8.6442 ], [ -13.0268, 8.6511 ], [ -13.0412, 8.6544 ], [ -13.0448, 8.6581 ], [ -13.0477, 8.6648 ], [ -13.0542, 8.6648 ], [ -13.0635, 8.6339 ], [ -13.0707, 8.622 ], [ -13.0819, 8.617 ], [ -13.0981, 8.6219 ], [ -13.1121, 8.6339 ], [ -13.1305, 8.6579 ], [ -13.1406, 8.6522 ], [ -13.1485, 8.6534 ], [ -13.1539, 8.6601 ], [ -13.1578, 8.671 ], [ -13.1625, 8.6541 ], [ -13.1542, 8.6431 ], [ -13.1229, 8.6306 ], [ -13.1366, 8.6237 ], [ -13.1089, 8.6034 ], [ -13.1074, 8.5811 ], [ -13.1222, 8.5596 ], [ -13.1434, 8.5419 ], [ -13.1391, 8.5334 ], [ -13.1391, 8.5246 ], [ -13.1442, 8.5174 ], [ -13.1542, 8.5145 ], [ -13.1625, 8.5177 ], [ -13.1686, 8.5253 ], [ -13.1949, 8.5692 ], [ -13.2025, 8.5849 ], [ -13.209, 8.6143 ], [ -13.2169, 8.6326 ], [ -13.2273, 8.6496 ], [ -13.2367, 8.6614 ], [ -13.2414, 8.6722 ], [ -13.2421, 8.6887 ], [ -13.2403, 8.7195 ], [ -13.2352, 8.7199 ], [ -13.2403, 8.8258 ], [ -13.2122, 8.8571 ], [ -13.201, 8.8599 ], [ -13.1964, 8.8564 ], [ -13.1931, 8.8498 ], [ -13.1848, 8.8435 ], [ -13.1082, 8.8441 ], [ -13.0923, 8.8467 ], [ -13.0718, 8.8556 ], [ -13.043, 8.8584 ], [ -12.9858, 8.8571 ], [ -13.0268, 8.8697 ], [ -13.0412, 8.8613 ], [ -13.0581, 8.8611 ], [ -13.0768, 8.8647 ], [ -13.0887, 8.8702 ], [ -13.0999, 8.8654 ], [ -13.1157, 8.8624 ], [ -13.1305, 8.8641 ], [ -13.1398, 8.8815 ], [ -13.1578, 8.8845 ], [ -13.1586, 8.8923 ], [ -13.1524, 8.8972 ], [ -13.1427, 8.9168 ], [ -13.1226, 8.926 ], [ -13.0977, 8.9306 ], [ -13.075, 8.9317 ], [ -13.075, 8.9391 ], [ -13.0927, 8.9447 ], [ -13.115, 8.9406 ], [ -13.1578, 8.9254 ], [ -13.1809, 8.9231 ], [ -13.2061, 8.9284 ], [ -13.2259, 8.9426 ], [ -13.2327, 8.9663 ], [ -13.2399, 8.9597 ], [ -13.2403, 8.9522 ], [ -13.255, 8.9663 ], [ -13.2604, 8.9653 ], [ -13.2669, 8.9522 ], [ -13.2885, 8.9695 ], [ -13.2849, 9.017 ], [ -13.3011, 9.0353 ], [ -13.3011, 9.0415 ], [ -13.2774, 9.0586 ], [ -13.2338, 9.0721 ], [ -13.2075, 9.0767 ], [ -13.1917, 9.0729 ], [ -13.1539, 9.0493 ], [ -13.1312, 9.0415 ], [ -13.1161, 9.044 ], [ -13.0855, 9.0661 ], [ -13.047, 9.0845 ], [ -13.029, 9.096 ], [ -13.0153, 9.1127 ], [ -13.002, 9.1442 ], [ -12.9843, 9.1723 ], [ -12.9786, 9.1753 ], [ -12.9591, 9.1778 ], [ -12.9602, 9.1861 ], [ -12.9739, 9.2029 ], [ -12.9782, 9.2129 ], [ -12.9739, 9.2417 ], [ -12.958, 9.2724 ], [ -12.9372, 9.287 ], [ -12.9174, 9.267 ], [ -12.8958, 9.2786 ], [ -12.876, 9.2799 ], [ -12.8569, 9.2786 ], [ -12.836, 9.282 ], [ -12.8191, 9.2958 ], [ -12.7953, 9.3351 ], [ -12.778, 9.3438 ], [ -12.764, 9.3477 ], [ -12.7636, 9.3554 ], [ -12.7676, 9.3644 ], [ -12.768, 9.3723 ], [ -12.7597, 9.3829 ], [ -12.7374, 9.3972 ], [ -12.723, 9.3921 ], [ -12.7165, 9.4044 ], [ -12.706, 9.414 ], [ -12.7017, 9.4203 ], [ -12.6675, 9.5287 ], [ -12.6672, 9.5337 ], [ -12.6693, 9.5382 ], [ -12.6686, 9.5423 ], [ -12.6553, 9.5478 ], [ -12.6499, 9.5521 ], [ -12.6474, 9.5566 ], [ -12.6387, 9.5894 ], [ -12.6337, 9.5979 ], [ -12.6247, 9.6013 ], [ -12.6067, 9.6007 ], [ -12.6027, 9.6094 ], [ -12.6016, 9.6517 ], [ -12.5822, 9.6834 ], [ -12.5732, 9.6926 ], [ -12.5419, 9.7113 ], [ -12.5386, 9.7119 ], [ -12.5376, 9.7279 ], [ -12.5358, 9.7328 ], [ -12.5257, 9.7321 ], [ -12.5224, 9.7345 ], [ -12.5271, 9.7537 ], [ -12.5138, 9.8278 ], [ -12.5142, 9.8513 ], [ -12.5084, 9.8605 ], [ -12.4724, 9.8812 ], [ -12.427, 9.8977 ], [ -12.2769, 9.9293 ], [ -12.2535, 9.9284 ], [ -12.2355, 9.9168 ], [ -12.2175, 9.9005 ], [ -12.1938, 9.8861 ], [ -12.1747, 9.8792 ], [ -12.1585, 9.8756 ], [ -12.1412, 9.8749 ], [ -11.922, 9.9223 ], [ -11.9151, 9.9314 ], [ -11.9101, 9.9925 ], [ -11.2725, 9.996 ], [ -11.2473, 9.9934 ], [ -11.2135, 9.9834 ], [ -11.1994, 9.9822 ], [ -11.1886, 9.9726 ], [ -11.1811, 9.9503 ], [ -11.1678, 9.8845 ], [ -11.1602, 9.8728 ], [ -11.086, 9.8263 ], [ -11.045, 9.7872 ], [ -11.0101, 9.7428 ], [ -10.9863, 9.6977 ], [ -10.9744, 9.6638 ], [ -10.9687, 9.6542 ], [ -10.9467, 9.6448 ], [ -10.9402, 9.6396 ], [ -10.9359, 9.6319 ], [ -10.9291, 9.6057 ], [ -10.9215, 9.5959 ], [ -10.896, 9.5782 ], [ -10.8862, 9.5684 ], [ -10.883, 9.5602 ], [ -10.8776, 9.5327 ], [ -10.8708, 9.5234 ], [ -10.8603, 9.5186 ], [ -10.8528, 9.5121 ], [ -10.8538, 9.4978 ], [ -10.8592, 9.4731 ], [ -10.8549, 9.4553 ], [ -10.8441, 9.4403 ], [ -10.829, 9.424 ], [ -10.8135, 9.414 ], [ -10.8114, 9.4082 ], [ -10.8319, 9.3922 ], [ -10.8193, 9.3881 ], [ -10.8016, 9.3873 ], [ -10.7952, 9.3885 ], [ -10.7746, 9.3873 ], [ -10.7656, 9.3852 ], [ -10.7534, 9.3676 ], [ -10.7415, 9.357 ], [ -10.7178, 9.3434 ], [ -10.6753, 9.3065 ], [ -10.6738, 9.294 ], [ -10.6882, 9.2593 ], [ -10.6879, 9.2507 ], [ -10.6839, 9.2338 ], [ -10.6854, 9.2245 ], [ -10.6933, 9.2129 ], [ -10.7246, 9.1946 ], [ -10.7426, 9.1632 ], [ -10.7534, 9.1202 ], [ -10.7462, 9.0838 ], [ -10.7106, 9.0729 ], [ -10.6692, 9.0745 ], [ -10.6292, 9.0704 ], [ -10.6062, 9.0638 ], [ -10.5943, 9.0541 ], [ -10.5918, 9.039 ], [ -10.6072, 8.9799 ], [ -10.6119, 8.9451 ], [ -10.6101, 8.8723 ], [ -10.5993, 8.8341 ], [ -10.5997, 8.8154 ], [ -10.5964, 8.8112 ], [ -10.5864, 8.804 ], [ -10.5453, 8.7501 ], [ -10.5302, 8.7392 ], [ -10.5248, 8.7296 ], [ -10.482, 8.6725 ], [ -10.4895, 8.6511 ], [ -10.5032, 8.6316 ], [ -10.5223, 8.6186 ], [ -10.5453, 8.6167 ], [ -10.5655, 8.6129 ], [ -10.5846, 8.5968 ], [ -10.6004, 8.5756 ], [ -10.6166, 8.5466 ], [ -10.6317, 8.532 ], [ -10.6389, 8.52 ], [ -10.6411, 8.5067 ], [ -10.6411, 8.4948 ], [ -10.644, 8.4869 ], [ -10.6548, 8.4855 ], [ -10.6692, 8.3991 ], [ -10.6839, 8.3749 ], [ -10.7019, 8.3535 ], [ -10.725, 8.3199 ], [ -10.7354, 8.2873 ], [ -10.7152, 8.2697 ], [ -10.708, 8.3032 ], [ -10.6882, 8.3241 ], [ -10.6598, 8.3332 ], [ -10.6267, 8.3315 ], [ -10.6119, 8.3252 ], [ -10.5831, 8.3069 ], [ -10.5727, 8.3046 ], [ -10.5543, 8.3119 ], [ -10.5194, 8.3348 ], [ -10.4604, 8.3922 ], [ -10.4481, 8.4076 ], [ -10.4236, 8.4566 ], [ -10.4139, 8.4702 ], [ -10.4024, 8.4811 ], [ -10.3898, 8.4891 ], [ -10.3747, 8.4948 ], [ -10.3444, 8.4991 ], [ -10.3376, 8.4985 ], [ -10.3102, 8.4904 ], [ -10.2937, 8.4831 ], [ -10.2822, 8.4846 ], [ -10.2829, 8.433 ], [ -10.3138, 8.3103 ], [ -10.3311, 8.2723 ], [ -10.3333, 8.2498 ], [ -10.3261, 8.2216 ], [ -10.3182, 8.2017 ], [ -10.321, 8.1831 ], [ -10.3455, 8.1594 ], [ -10.365, 8.1482 ], [ -10.3844, 8.1422 ], [ -10.4049, 8.1393 ], [ -10.4859, 8.1389 ], [ -10.5057, 8.1359 ], [ -10.5291, 8.1243 ], [ -10.5439, 8.1061 ], [ -10.5673, 8.0632 ], [ -10.5777, 8.0532 ], [ -10.6033, 8.0393 ], [ -10.6123, 8.0318 ], [ -10.6162, 8.0225 ], [ -10.6177, 8.0108 ], [ -10.6152, 7.7691 ], [ -10.6454, 7.7631 ], [ -10.6926, 7.7376 ], [ -10.7307, 7.7056 ], [ -10.8747, 7.5308 ], [ -10.8859, 7.5222 ], [ -10.8988, 7.5165 ], [ -10.937, 7.5078 ], [ -10.978, 7.4849 ], [ -11.1264, 7.3681 ], [ -11.2092, 7.2622 ], [ -11.2178, 7.2541 ], [ -11.3002, 7.2171 ], [ -11.3172, 7.2136 ], [ -11.3521, 7.1593 ], [ -11.3733, 7.1389 ], [ -11.3704, 7.1284 ], [ -11.3564, 7.1054 ], [ -11.3532, 7.0928 ], [ -11.3553, 7.0841 ], [ -11.3604, 7.0786 ], [ -11.3679, 7.076 ], [ -11.3899, 7.0736 ], [ -11.3928, 7.0669 ], [ -11.3892, 7.0467 ], [ -11.3917, 7.0318 ], [ -11.3978, 7.0128 ], [ -11.4072, 6.9965 ], [ -11.4345, 6.9809 ], [ -11.4388, 6.9638 ], [ -11.4367, 6.9385 ], [ -11.4763, 6.9195 ], [ -11.4928, 6.9328 ] ] ] ] } },
{ "type": "Feature", "properties": { "z": "Togo", "ISO_A3": "TGO", "c": "Togo" }, "geometry": { "type": "Polygon", "coordinates": [ [ [ -0.1661, 11.135 ], [ -0.1586, 11.1185 ], [ -0.142, 11.1033 ], [ -0.1219, 11.0922 ], [ -0.1035, 11.0876 ], [ -0.0851, 11.0894 ], [ -0.0509, 11.0983 ], [ -0.0322, 11.0986 ], [ 0.0013, 11.086 ], [ 0.0164, 11.0625 ], [ 0.0193, 11.0316 ], [ 0.0167, 10.9961 ], [ 0.0142, 10.9837 ], [ -0.0016, 10.9712 ], [ -0.0095, 10.9629 ], [ -0.0146, 10.9536 ], [ -0.0362, 10.8532 ], [ -0.0355, 10.8435 ], [ -0.0301, 10.8238 ], [ -0.0322, 10.8131 ], [ -0.0409, 10.8051 ], [ -0.061, 10.7914 ], [ -0.0751, 10.7736 ], [ -0.083, 10.7562 ], [ -0.088, 10.7144 ], [ -0.0977, 10.675 ], [ -0.0985, 10.6541 ], [ -0.088, 10.6335 ], [ -0.0794, 10.6262 ], [ -0.0682, 10.6211 ], [ -0.0333, 10.6151 ], [ -0.011, 10.5983 ], [ 0.0203, 10.588 ], [ 0.0293, 10.5826 ], [ 0.0373, 10.5731 ], [ 0.0491, 10.5509 ], [ 0.0574, 10.5411 ], [ 0.1103, 10.5083 ], [ 0.1262, 10.4916 ], [ 0.1798, 10.3942 ], [ 0.1874, 10.395 ], [ 0.1971, 10.4103 ], [ 0.2237, 10.4 ], [ 0.2331, 10.3987 ], [ 0.2446, 10.4015 ], [ 0.263, 10.409 ], [ 0.2734, 10.4065 ], [ 0.2831, 10.3968 ], [ 0.2835, 10.3858 ], [ 0.2788, 10.3666 ], [ 0.29, 10.3484 ], [ 0.3069, 10.3333 ], [ 0.3177, 10.3174 ], [ 0.3087, 10.2971 ], [ 0.3227, 10.2972 ], [ 0.3667, 10.3045 ], [ 0.376, 10.2999 ], [ 0.3965, 10.2832 ], [ 0.3721, 10.2652 ], [ 0.3674, 10.2498 ], [ 0.3645, 10.2334 ], [ 0.3573, 10.2201 ], [ 0.3587, 10.1863 ], [ 0.3537, 10.1155 ], [ 0.3634, 10.0897 ], [ 0.376, 10.0816 ], [ 0.3872, 10.079 ], [ 0.3951, 10.0724 ], [ 0.398, 10.0521 ], [ 0.394, 10.0325 ], [ 0.3829, 10.0296 ], [ 0.3674, 10.0322 ], [ 0.3497, 10.0289 ], [ 0.3559, 10.019 ], [ 0.3551, 10.0126 ], [ 0.3519, 10.0064 ], [ 0.3497, 9.9971 ], [ 0.3515, 9.9904 ], [ 0.3634, 9.9668 ], [ 0.3703, 9.947 ], [ 0.3695, 9.9389 ], [ 0.3497, 9.919 ], [ 0.3418, 9.9038 ], [ 0.3397, 9.8898 ], [ 0.3443, 9.8497 ], [ 0.344, 9.8384 ], [ 0.3224, 9.7607 ], [ 0.3238, 9.7421 ], [ 0.3292, 9.7314 ], [ 0.3429, 9.7136 ], [ 0.3476, 9.6989 ], [ 0.3497, 9.6807 ], [ 0.3472, 9.6631 ], [ 0.3368, 9.6508 ], [ 0.3188, 9.6487 ], [ 0.3019, 9.6578 ], [ 0.2752, 9.6856 ], [ 0.2608, 9.6572 ], [ 0.2615, 9.6279 ], [ 0.2777, 9.607 ], [ 0.3087, 9.6037 ], [ 0.3494, 9.6139 ], [ 0.3692, 9.6102 ], [ 0.3778, 9.5894 ], [ 0.371, 9.5757 ], [ 0.3548, 9.5711 ], [ 0.3361, 9.5742 ], [ 0.3224, 9.5831 ], [ 0.3044, 9.5715 ], [ 0.2806, 9.5702 ], [ 0.2302, 9.5758 ], [ 0.2277, 9.5694 ], [ 0.223, 9.5412 ], [ 0.2234, 9.5347 ], [ 0.2259, 9.5319 ], [ 0.2432, 9.5187 ], [ 0.2536, 9.5143 ], [ 0.2792, 9.519 ], [ 0.2932, 9.5183 ], [ 0.3019, 9.5074 ], [ 0.2983, 9.4971 ], [ 0.2853, 9.4884 ], [ 0.2698, 9.4824 ], [ 0.2281, 9.4739 ], [ 0.2281, 9.4598 ], [ 0.2349, 9.4437 ], [ 0.227, 9.4324 ], [ 0.2313, 9.419 ], [ 0.25, 9.417 ], [ 0.2684, 9.4207 ], [ 0.3141, 9.4364 ], [ 0.3217, 9.4429 ], [ 0.3256, 9.4513 ], [ 0.3289, 9.4716 ], [ 0.3339, 9.4795 ], [ 0.349, 9.4861 ], [ 0.3713, 9.4901 ], [ 0.4117, 9.4922 ], [ 0.4304, 9.4892 ], [ 0.4837, 9.4701 ], [ 0.4898, 9.4612 ], [ 0.4916, 9.4513 ], [ 0.4894, 9.441 ], [ 0.4829, 9.4278 ], [ 0.5132, 9.4168 ], [ 0.5315, 9.4011 ], [ 0.5377, 9.3776 ], [ 0.5283, 9.327 ], [ 0.5265, 9.2976 ], [ 0.5225, 9.285 ], [ 0.5125, 9.2747 ], [ 0.5009, 9.2683 ], [ 0.493, 9.2587 ], [ 0.4919, 9.2389 ], [ 0.5045, 9.2032 ], [ 0.5045, 9.1871 ], [ 0.4927, 9.1668 ], [ 0.47, 9.1468 ], [ 0.4635, 9.1371 ], [ 0.4639, 9.1215 ], [ 0.4585, 9.0893 ], [ 0.4415, 9.0582 ], [ 0.4311, 9.0276 ], [ 0.4448, 8.9965 ], [ 0.493, 8.9152 ], [ 0.5056, 8.8663 ], [ 0.4837, 8.835 ], [ 0.4786, 8.8224 ], [ 0.4772, 8.8068 ], [ 0.4736, 8.7936 ], [ 0.4624, 8.7883 ], [ 0.43, 8.7947 ], [ 0.4196, 8.7913 ], [ 0.425, 8.7873 ], [ 0.4181, 8.7706 ], [ 0.4077, 8.7591 ], [ 0.3973, 8.7816 ], [ 0.3854, 8.7862 ], [ 0.3728, 8.7837 ], [ 0.3659, 8.7743 ], [ 0.3746, 8.7248 ], [ 0.4037, 8.6621 ], [ 0.4433, 8.6068 ], [ 0.4837, 8.5798 ], [ 0.5006, 8.5602 ], [ 0.5247, 8.538 ], [ 0.5506, 8.5194 ], [ 0.6165, 8.4888 ], [ 0.6338, 8.452 ], [ 0.6467, 8.4142 ], [ 0.6849, 8.3826 ], [ 0.6871, 8.3723 ], [ 0.6892, 8.3314 ], [ 0.6932, 8.3279 ], [ 0.7051, 8.3261 ], [ 0.7087, 8.3226 ], [ 0.7126, 8.298 ], [ 0.7051, 8.2827 ], [ 0.6892, 8.2728 ], [ 0.6449, 8.2535 ], [ 0.6284, 8.2425 ], [ 0.5949, 8.2127 ], [ 0.5866, 8.2087 ], [ 0.5791, 8.2079 ], [ 0.574, 8.204 ], [ 0.5726, 8.191 ], [ 0.5769, 8.1805 ], [ 0.5917, 8.1645 ], [ 0.5931, 8.1506 ], [ 0.5877, 8.1377 ], [ 0.5798, 8.1317 ], [ 0.5751, 8.1246 ], [ 0.5801, 8.1001 ], [ 0.5841, 8.053 ], [ 0.5931, 8.0158 ], [ 0.5927, 7.9593 ], [ 0.6035, 7.8883 ], [ 0.6025, 7.8285 ], [ 0.6118, 7.7712 ], [ 0.6097, 7.719 ], [ 0.6122, 7.6994 ], [ 0.5834, 7.7043 ], [ 0.5704, 7.684 ], [ 0.5675, 7.6529 ], [ 0.5679, 7.6257 ], [ 0.5621, 7.6123 ], [ 0.5485, 7.6054 ], [ 0.5326, 7.6011 ], [ 0.5193, 7.5952 ], [ 0.5092, 7.5854 ], [ 0.5031, 7.5748 ], [ 0.4995, 7.5625 ], [ 0.4955, 7.5044 ], [ 0.5006, 7.4551 ], [ 0.5168, 7.411 ], [ 0.5481, 7.3833 ], [ 0.5665, 7.3809 ], [ 0.5863, 7.3844 ], [ 0.623, 7.3979 ], [ 0.6298, 7.3892 ], [ 0.6457, 7.3236 ], [ 0.6446, 7.302 ], [ 0.6313, 7.2652 ], [ 0.6219, 7.2189 ], [ 0.5978, 7.1589 ], [ 0.5942, 7.1197 ], [ 0.5989, 7.0748 ], [ 0.5981, 7.0312 ], [ 0.5791, 6.9968 ], [ 0.5661, 6.9897 ], [ 0.524, 6.9787 ], [ 0.5092, 6.9776 ], [ 0.4945, 6.9731 ], [ 0.506, 6.9578 ], [ 0.5344, 6.9359 ], [ 0.5463, 6.9148 ], [ 0.5438, 6.898 ], [ 0.5229, 6.8628 ], [ 0.5161, 6.8418 ], [ 0.5193, 6.8323 ], [ 0.5413, 6.8172 ], [ 0.5701, 6.7635 ], [ 0.5765, 6.7548 ], [ 0.5938, 6.7512 ], [ 0.6111, 6.7416 ], [ 0.6259, 6.7277 ], [ 0.6341, 6.7117 ], [ 0.6352, 6.6954 ], [ 0.6266, 6.6449 ], [ 0.6323, 6.624 ], [ 0.6593, 6.6018 ], [ 0.6683, 6.5859 ], [ 0.7054, 6.5858 ], [ 0.7148, 6.5839 ], [ 0.7274, 6.5714 ], [ 0.7267, 6.5621 ], [ 0.7198, 6.5527 ], [ 0.7133, 6.54 ], [ 0.7115, 6.5133 ], [ 0.718, 6.4889 ], [ 0.7299, 6.4651 ], [ 0.7457, 6.4409 ], [ 0.767, 6.4193 ], [ 0.8163, 6.3951 ], [ 0.8415, 6.3793 ], [ 0.8739, 6.3402 ], [ 0.8869, 6.3305 ], [ 0.9074, 6.325 ], [ 0.9837, 6.3246 ], [ 1.0096, 6.2444 ], [ 1.0251, 6.2224 ], [ 1.033, 6.2165 ], [ 1.0481, 6.2094 ], [ 1.0557, 6.2007 ], [ 1.069, 6.1803 ], [ 1.0798, 6.1679 ], [ 1.0935, 6.161 ], [ 1.1763, 6.1516 ], [ 1.1878, 6.1357 ], [ 1.1853, 6.1005 ], [ 1.1997, 6.1026 ], [ 1.271, 6.1338 ], [ 1.4294, 6.1821 ], [ 1.6195, 6.214 ], [ 1.6123, 6.2349 ], [ 1.6331, 6.2457 ], [ 1.7617, 6.2761 ], [ 1.7822, 6.2774 ], [ 1.744, 6.4258 ], [ 1.7185, 6.467 ], [ 1.7098, 6.4734 ], [ 1.6882, 6.4844 ], [ 1.6817, 6.4899 ], [ 1.6796, 6.4986 ], [ 1.6821, 6.5201 ], [ 1.6807, 6.5301 ], [ 1.6745, 6.5387 ], [ 1.658, 6.5523 ], [ 1.6551, 6.5593 ], [ 1.654, 6.5707 ], [ 1.6468, 6.5732 ], [ 1.6367, 6.5723 ], [ 1.6274, 6.5734 ], [ 1.6112, 6.5848 ], [ 1.5975, 6.6008 ], [ 1.5943, 6.6111 ], [ 1.5964, 6.6364 ], [ 1.5853, 6.6565 ], [ 1.5723, 6.6669 ], [ 1.5662, 6.6782 ], [ 1.5745, 6.7007 ], [ 1.5971, 6.731 ], [ 1.6011, 6.7465 ], [ 1.5953, 6.7706 ], [ 1.5874, 6.7911 ], [ 1.5831, 6.8083 ], [ 1.5827, 6.8253 ], [ 1.5899, 6.8674 ], [ 1.5881, 6.8813 ], [ 1.5791, 6.892 ], [ 1.5626, 6.9043 ], [ 1.5514, 6.9209 ], [ 1.532, 6.9919 ], [ 1.6076, 6.9915 ], [ 1.6256, 6.9968 ], [ 1.6213, 7.9966 ], [ 1.6256, 8.2705 ], [ 1.6148, 8.3563 ], [ 1.6097, 8.3656 ], [ 1.604, 8.3674 ], [ 1.6011, 8.3717 ], [ 1.6061, 8.396 ], [ 1.6076, 8.422 ], [ 1.6403, 8.4759 ], [ 1.6443, 8.4935 ], [ 1.64, 8.5032 ], [ 1.6141, 8.5359 ], [ 1.609, 8.547 ], [ 1.6076, 8.5588 ], [ 1.6011, 9.0496 ], [ 1.5957, 9.0768 ], [ 1.5878, 9.1008 ], [ 1.5673, 9.1368 ], [ 1.4254, 9.2845 ], [ 1.4013, 9.3212 ], [ 1.3865, 9.3612 ], [ 1.3801, 9.4625 ], [ 1.3685, 9.4908 ], [ 1.3513, 9.4825 ], [ 1.3365, 9.4975 ], [ 1.3264, 9.522 ], [ 1.3232, 9.5423 ], [ 1.3271, 9.5554 ], [ 1.3451, 9.5824 ], [ 1.3513, 9.5951 ], [ 1.3523, 9.6253 ], [ 1.3559, 9.6475 ], [ 1.348, 9.6942 ], [ 1.3437, 9.9625 ], [ 1.3311, 9.9965 ], [ 0.7688, 10.3671 ], [ 0.7609, 10.3822 ], [ 0.7598, 10.4051 ], [ 0.7738, 10.5082 ], [ 0.7886, 10.5638 ], [ 0.7893, 10.6029 ], [ 0.7814, 10.693 ], [ 0.7958, 10.7265 ], [ 0.8501, 10.7778 ], [ 0.8631, 10.7961 ], [ 0.866, 10.8064 ], [ 0.8674, 10.8293 ], [ 0.8696, 10.8399 ], [ 0.8851, 10.8694 ], [ 0.8836, 10.8802 ], [ 0.8753, 10.9005 ], [ 0.8728, 10.9113 ], [ 0.8757, 10.9312 ], [ 0.9016, 10.9927 ], [ 0.6752, 10.9886 ], [ 0.6125, 10.9765 ], [ 0.4876, 10.9332 ], [ 0.4999, 10.9757 ], [ 0.4837, 10.9797 ], [ 0.4873, 10.9837 ], [ 0.4905, 10.9964 ], [ 0.4901, 10.9996 ], [ 0.4865, 11.0032 ], [ -0.1661, 11.135 ] ] ] } },
{ "type": "Feature", "properties": { "z": "Mauritania_grid", "ISO_A3": "MRT", "c": "Mauritania" }, "geometry": { "type": "MultiPolygon", "coordinates": [ [ [ [ -16.907062025316506, 21.146679746835503 ], [ -16.9177, 21.1591 ], [ -16.9314, 21.1515 ], [ -16.9573, 21.1059 ], [ -17.0001, 21.0509 ], [ -17.0102, 21.0429 ], [ -17.016, 21.0312 ], [ -17.0084, 21.0133 ], [ -16.9972, 21.0184 ], [ -16.9958, 21.0014 ], [ -17.0023, 20.9649 ], [ -17.0044, 20.9324 ], [ -17.0084, 20.924 ], [ -17.0181, 20.9178 ], [ -17.0412, 20.9113 ], [ -17.0494, 20.9035 ], [ -17.0502, 20.8947 ], [ -17.0455, 20.8872 ], [ -17.0358, 20.8768 ], [ -17.0286, 20.8607 ], [ -17.0278, 20.8542 ], [ -17.0289, 20.842 ], [ -17.0383, 20.7998 ], [ -17.0469, 20.7777 ], [ -17.057, 20.7669 ], [ -17.0811, 20.8748 ], [ -17.0775, 20.9045 ], [ -17.0473, 21.0273 ], [ -17.0048, 21.1418 ], [ -16.9684, 21.3245 ], [ -16.9587, 21.3328 ], [ -16.9479, 21.3328 ], [ -13.0153, 21.3334 ], [ -13.0261, 21.4953 ], [ -13.0934, 22.4954 ], [ -13.1064, 22.5601 ], [ -13.155, 22.6888 ], [ -13.1654, 22.7526 ], [ -13.1524, 22.82 ], [ -13.12, 22.8835 ], [ -13.0344, 22.9952 ], [ -13.0153, 23.0179 ], [ -12.6193, 23.2708 ], [ -12.5584, 23.2902 ], [ -12.39, 23.3124 ], [ -12.354, 23.3224 ], [ -12.1347, 23.4193 ], [ -12.0328, 23.4449 ], [ -12.0195, 23.461 ], [ -12.0152, 23.4952 ], [ -12.0152, 25.995 ], [ -12.0009, 25.995 ], [ -12.0008, 25.995 ], [ -8.7071, 25.9951 ], [ -8.6877, 26.0001 ], [ -8.6809, 26.0131 ], [ -8.6823, 27.2855 ], [ -5.5161, 25.4234 ], [ -4.8217, 24.9951 ], [ -6.5932, 24.9942 ], [ -6.5158, 24.3571 ], [ -5.992, 19.8706 ], [ -6.3759, 23.1587 ], [ -7.466, 20.6921 ], [ -7.8799, 19.7533 ], [ -9.1176, 17.2773 ], [ -8.5983, 17.3514 ], [ -8.2893, 17.0234 ], [ -8.749, 16.5327 ], [ -8.8943, 16.3925 ], [ -9.0229, 16.1533 ], [ -9.0675, 16.0624 ], [ -8.9673, 15.8592 ], [ -8.8561, 15.8162 ], [ -8.9105, 15.6668 ], [ -8.9403, 15.5875 ], [ -8.9549, 15.5445 ], [ -8.9968, 15.5005 ], [ -9.1356, 15.5016 ], [ -9.3313, 15.5016 ], [ -9.3317, 15.5655 ], [ -9.3096, 15.6935 ], [ -9.331, 15.7028 ], [ -9.343499017810371, 15.692300825039288 ], [ -9.3325, 15.6876 ], [ -9.3566, 15.6979 ], [ -9.376, 15.6859 ], [ -9.4369, 15.6149 ], [ -9.4516, 15.5883 ], [ -9.452, 15.5592 ], [ -9.4358, 15.4958 ], [ -9.4239, 15.4404 ], [ -9.6719, 15.4306 ], [ -9.7209, 15.4208 ], [ -9.7407, 15.4125 ], [ -9.7972, 15.3803 ], [ -9.8357, 15.371 ], [ -9.9513, 15.3812 ], [ -9.993206645898187, 15.375254517133962 ], [ -9.993206645898331, 15.375254517133943 ], [ -10.0676, 15.3647 ], [ -10.1083, 15.3659 ], [ -10.1317, 15.3726 ], [ -10.168, 15.3952 ], [ -10.1886, 15.4047 ], [ -10.1961, 15.4052 ], [ -10.2145, 15.402 ], [ -10.2231, 15.402 ], [ -10.3088, 15.4352 ], [ -10.3225, 15.437 ], [ -10.3707, 15.4334 ], [ -10.3984, 15.4387 ], [ -10.5003, 15.4403 ], [ -10.5154, 15.4377 ], [ -10.5349, 15.4417 ], [ -10.5514, 15.4392 ], [ -10.5874, 15.4273 ], [ -10.6072, 15.4244 ], [ -10.649, 15.4249 ], [ -10.7091, 15.4339 ], [ -10.7253, 15.433 ], [ -10.7365, 15.4226 ], [ -10.7401, 15.4035 ], [ -10.739, 15.3622 ], [ -10.7469, 15.3411 ], [ -10.7527, 15.3353 ], [ -10.7545, 15.3335 ], [ -10.7707, 15.3247 ], [ -10.7818, 15.3084 ], [ -10.8002, 15.3068 ], [ -10.811, 15.3031 ], [ -10.8272, 15.2876 ], [ -10.8344, 15.2714 ], [ -10.8441, 15.2345 ], [ -10.8553, 15.2176 ], [ -10.8823, 15.1929 ], [ -10.8909, 15.1767 ], [ -10.9064, 15.1197 ], [ -10.915, 15.1029 ], [ -10.9482, 15.1519 ], [ -10.9852, 15.1874 ], [ -11.0126, 15.2395 ], [ -11.0454, 15.2702 ], [ -11.2981, 15.451 ], [ -11.3168, 15.4716 ], [ -11.4097, 15.6022 ], [ -11.4349, 15.6233 ], [ -11.4583, 15.6329 ], [ -11.5155, 15.6444 ], [ -11.5274, 15.6425 ], [ -11.5231, 15.6352 ], [ -11.5155, 15.6302 ], [ -11.5123, 15.6202 ], [ -11.5155, 15.61 ], [ -11.5242, 15.6003 ], [ -11.536, 15.5949 ], [ -11.5627, 15.5873 ], [ -11.5792, 15.578 ], [ -11.6149, 15.5412 ], [ -11.644, 15.5265 ], [ -11.6707, 15.5283 ], [ -11.6977, 15.5368 ], [ -11.7272, 15.5412 ], [ -11.7272, 15.507 ], [ -11.7294, 15.496 ], [ -11.7549, 15.4691 ], [ -11.7675, 15.4372 ], [ -11.7834, 15.3659 ], [ -11.8168, 15.2961 ], [ -11.8212, 15.28 ], [ -11.8269, 15.2325 ], [ -11.8456, 15.179 ], [ -11.8482, 15.1581 ], [ -11.8442, 15.1348 ], [ -11.8453, 15.1245 ], [ -11.8568, 15.0843 ], [ -11.8608, 15.0491 ], [ -11.851, 15.0419 ], [ -11.8446, 15.0443 ], [ -11.8392, 15.0491 ], [ -11.8368, 15.0491 ], [ -11.8327, 15.0491 ], [ -11.8212, 15.0398 ], [ -11.8136, 15.0286 ], [ -11.8111, 15.0143 ], [ -11.8132, 14.996 ], [ -11.8204, 14.9802 ], [ -11.8258, 14.9625 ], [ -11.8309, 14.9264 ], [ -11.8302, 14.9203 ], [ -11.8204, 14.9064 ], [ -11.8204, 14.8999 ], [ -11.837, 14.8931 ], [ -11.8507, 14.8765 ], [ -11.8626, 14.854 ], [ -11.8773, 14.8415 ], [ -11.8957, 14.8321 ], [ -11.936, 14.8237 ], [ -11.9504, 14.8115 ], [ -11.9738, 14.7799 ], [ -11.9914, 14.768 ], [ -12.0112, 14.7627 ], [ -12.031, 14.7628 ], [ -12.0498, 14.7671 ], [ -12.057, 14.762 ], [ -12.0624, 14.7462 ], [ -12.0703, 14.7344 ], [ -12.0814, 14.7399 ], [ -12.1236, 14.7766 ], [ -12.139, 14.7845 ], [ -12.1603, 14.781 ], [ -12.2031, 14.7661 ], [ -12.2247, 14.7634 ], [ -12.2467, 14.767 ], [ -12.264, 14.7749 ], [ -12.3198, 14.8172 ], [ -12.3824, 14.846 ], [ -12.4, 14.8604 ], [ -12.4339, 14.8994 ], [ -12.4476, 14.9074 ], [ -12.4483, 14.9183 ], [ -12.4717, 14.998 ], [ -12.4764, 15.0077 ], [ -12.485, 15.0173 ], [ -12.4954, 15.023 ], [ -12.5188, 15.0283 ], [ -12.5296, 15.0343 ], [ -12.5469, 15.0472 ], [ -12.602, 15.0788 ], [ -12.6229, 15.1023 ], [ -12.6322, 15.1054 ], [ -12.6477, 15.1031 ], [ -12.6794, 15.0937 ], [ -12.6902, 15.0924 ], [ -12.7172, 15.1034 ], [ -12.7546, 15.1385 ], [ -12.7798, 15.1464 ], [ -12.7842, 15.1581 ], [ -12.7845, 15.166 ], [ -12.7791, 15.1914 ], [ -12.7795, 15.1996 ], [ -12.782, 15.2073 ], [ -12.7874, 15.2142 ], [ -12.7964, 15.2202 ], [ -12.8065, 15.2231 ], [ -12.8169, 15.2231 ], [ -12.8385, 15.2188 ], [ -12.8479, 15.2189 ], [ -12.8569, 15.2219 ], [ -12.86304188679245, 15.227570943396225 ], [ -12.863041886792454, 15.227570943396227 ], [ -12.8882, 15.2508 ], [ -12.8943, 15.2633 ], [ -12.8842, 15.2709 ], [ -12.85, 15.2674 ], [ -12.8335, 15.27 ], [ -12.8281, 15.2839 ], [ -12.8346, 15.3002 ], [ -12.8472, 15.3132 ], [ -12.9069, 15.3527 ], [ -12.9192, 15.3653 ], [ -12.9271, 15.3808 ], [ -12.931, 15.3971 ], [ -12.931, 15.4293 ], [ -12.931, 15.4306 ], [ -12.9332, 15.4383 ], [ -12.9508, 15.4653 ], [ -12.9548, 15.493 ], [ -12.958, 15.5017 ], [ -12.9642, 15.5091 ], [ -12.9804, 15.5163 ], [ -12.9958, 15.5141 ], [ -13.0106, 15.5063 ], [ -13.039, 15.4868 ], [ -13.0531, 15.4851 ], [ -13.0837, 15.4927 ], [ -13.0894, 15.497 ], [ -13.0948, 15.5147 ], [ -13.0952, 15.5235 ], [ -13.0894, 15.5611 ], [ -13.092, 15.5751 ], [ -13.0992, 15.5868 ], [ -13.1096, 15.5964 ], [ -13.1222, 15.6034 ], [ -13.1524, 15.6123 ], [ -13.1712, 15.6253 ], [ -13.1784, 15.6282 ], [ -13.1928, 15.6289 ], [ -13.2226, 15.6238 ], [ -13.2378, 15.6235 ], [ -13.2475, 15.6482 ], [ -13.2489, 15.6567 ], [ -13.2478, 15.6656 ], [ -13.2439, 15.6737 ], [ -13.2288, 15.6966 ], [ -13.227, 15.7039 ], [ -13.2284, 15.7112 ], [ -13.2439, 15.7358 ], [ -13.2586, 15.7488 ], [ -13.281, 15.7627 ], [ -13.286, 15.7696 ], [ -13.2874, 15.7782 ], [ -13.286167889908285, 15.782145871559543 ], [ -13.286167889908274, 15.782145871559578 ], [ -13.2795, 15.8035 ], [ -13.2799, 15.8228 ], [ -13.2849, 15.8399 ], [ -13.2936, 15.8553 ], [ -13.3159, 15.8818 ], [ -13.318, 15.8885 ], [ -13.318, 15.8967 ], [ -13.3137, 15.9221 ], [ -13.3159, 15.9304 ], [ -13.3216, 15.9382 ], [ -13.3468, 15.9568 ], [ -13.3558, 15.9655 ], [ -13.3699, 15.9854 ], [ -13.3836, 16.0192 ], [ -13.3861, 16.0444 ], [ -13.3886, 16.0521 ], [ -13.3947, 16.0592 ], [ -13.4221, 16.0771 ], [ -13.4401, 16.1019 ], [ -13.4552, 16.1022 ], [ -13.4916, 16.0884 ], [ -13.5016, 16.0952 ], [ -13.4998, 16.1106 ], [ -13.4833, 16.141 ], [ -13.4851, 16.155 ], [ -13.4973, 16.156 ], [ -13.5164, 16.149 ], [ -13.569, 16.1382 ], [ -13.6071, 16.1232 ], [ -13.6352, 16.1216 ], [ -13.6626, 16.1075 ], [ -13.669, 16.1057 ], [ -13.6759, 16.1069 ], [ -13.6845, 16.1138 ], [ -13.696, 16.1189 ], [ -13.7, 16.1256 ], [ -13.7043, 16.1288 ], [ -13.7194, 16.1355 ], [ -13.7227, 16.1461 ], [ -13.7126, 16.176 ], [ -13.7104, 16.1889 ], [ -13.7295, 16.1895 ], [ -13.7382, 16.187 ], [ -13.7468, 16.1823 ], [ -13.7544, 16.1753 ], [ -13.772, 16.1504 ], [ -13.7788, 16.1432 ], [ -13.795, 16.1312 ], [ -13.8192, 16.1192 ], [ -13.8274, 16.1185 ], [ -13.8357, 16.1205 ], [ -13.8447, 16.1261 ], [ -13.8591, 16.1422 ], [ -13.8638, 16.1518 ], [ -13.8724, 16.1787 ], [ -13.8771, 16.1869 ], [ -13.884, 16.1938 ], [ -13.9077, 16.2099 ], [ -13.947, 16.2211 ], [ -13.9642, 16.2301 ], [ -13.9678, 16.246 ], [ -13.9628, 16.2639 ], [ -13.9632, 16.2723 ], [ -13.9675, 16.2813 ], [ -13.9772, 16.2938 ], [ -13.9794, 16.3004 ], [ -13.9776, 16.3088 ], [ -13.9711, 16.3241 ], [ -13.9718, 16.3311 ], [ -13.9779, 16.338 ], [ -13.997579999997599, 16.346336666665653 ], [ -13.997579999998976, 16.346336666666232 ], [ -14.0067, 16.3502 ], [ -14.0157, 16.3558 ], [ -14.0398, 16.3821 ], [ -14.073, 16.4007 ], [ -14.1324, 16.4526 ], [ -14.1666, 16.4908 ], [ -14.1972, 16.5135 ], [ -14.2141, 16.5349 ], [ -14.2224, 16.5396 ], [ -14.2576, 16.5431 ], [ -14.2681, 16.5478 ], [ -14.2731, 16.5557 ], [ -14.2746, 16.5734 ], [ -14.2778, 16.5813 ], [ -14.2875, 16.5857 ], [ -14.326, 16.5824 ], [ -14.3354, 16.5864 ], [ -14.3372, 16.5942 ], [ -14.3318, 16.6131 ], [ -14.3314, 16.6241 ], [ -14.3354, 16.6315 ], [ -14.3433, 16.6367 ], [ -14.4067, 16.6607 ], [ -14.4261, 16.6596 ], [ -14.4358, 16.656 ], [ -14.4718, 16.6364 ], [ -14.4931, 16.6324 ], [ -14.5039, 16.6327 ], [ -14.5446, 16.6408 ], [ -14.555, 16.6405 ], [ -14.5971, 16.6291 ], [ -14.6079, 16.6288 ], [ -14.6191, 16.6307 ], [ -14.6472, 16.6435 ], [ -14.6558, 16.6458 ], [ -14.6659, 16.6457 ], [ -14.6997, 16.6371 ], [ -14.7112, 16.6358 ], [ -14.753360843373274, 16.638739156626489 ], [ -14.753360843375376, 16.638739156626638 ], [ -14.8819, 16.6477 ], [ -14.9125, 16.6407 ], [ -14.9308, 16.6434 ], [ -14.9413, 16.656 ], [ -14.9499, 16.6723 ], [ -14.9629, 16.6858 ], [ -14.9744, 16.6913 ], [ -14.9967, 16.6825 ], [ -15.0068, 16.6757 ], [ -15.0133, 16.6666 ], [ -15.0187, 16.6461 ], [ -15.0298, 16.6354 ], [ -15.037, 16.6325 ], [ -15.0442, 16.6318 ], [ -15.0514, 16.6341 ], [ -15.0619, 16.6438 ], [ -15.0788, 16.665 ], [ -15.0932, 16.6692 ], [ -15.1076, 16.6653 ], [ -15.1162, 16.6556 ], [ -15.1184, 16.6425 ], [ -15.1123, 16.6292 ], [ -15.0961, 16.6139 ], [ -15.0928, 16.6076 ], [ -15.0932, 16.6002 ], [ -15.0975, 16.5945 ], [ -15.104, 16.5903 ], [ -15.1252, 16.5827 ], [ -15.2325, 16.5664 ], [ -15.2487, 16.5658 ], [ -15.286508163265328, 16.571567346938778 ], [ -15.2959, 16.573 ], [ -15.3279, 16.572 ], [ -15.3438, 16.5687 ], [ -15.3859, 16.5517 ], [ -15.3999, 16.5484 ], [ -15.4147, 16.5479 ], [ -15.4269, 16.5531 ], [ -15.4395, 16.5727 ], [ -15.4489, 16.5801 ], [ -15.464, 16.5814 ], [ -15.4784, 16.5751 ], [ -15.491, 16.5645 ], [ -15.5151, 16.5309 ], [ -15.5248, 16.5222 ], [ -15.5367, 16.5165 ], [ -15.5515, 16.515 ], [ -15.5943, 16.5236 ], [ -15.6098, 16.5213 ], [ -15.6217, 16.5142 ], [ -15.6436, 16.4946 ], [ -15.6573, 16.4861 ], [ -15.6721, 16.4814 ], [ -15.6876, 16.4805 ], [ -15.703, 16.4844 ], [ -15.7268, 16.4953 ], [ -15.7354, 16.4977 ], [ -15.7678, 16.4994 ], [ -15.8128, 16.5137 ], [ -15.829, 16.5145 ], [ -15.8535, 16.5102 ], [ -15.8622, 16.5102 ], [ -15.8971, 16.5185 ], [ -15.9111, 16.5169 ], [ -15.9507, 16.4999 ], [ -15.9579, 16.4984 ], [ -15.9644, 16.499 ], [ -15.9856, 16.5059 ], [ -15.9932, 16.5046 ], [ -16.0072, 16.4961 ], [ -16.0314, 16.4929 ], [ -16.0537, 16.4954 ], [ -16.0742, 16.5049 ], [ -16.0911, 16.5222 ], [ -16.103, 16.5395 ], [ -16.1106, 16.5469 ], [ -16.1196, 16.5524 ], [ -16.1322, 16.5547 ], [ -16.1444, 16.5527 ], [ -16.1559, 16.5475 ], [ -16.1851, 16.5273 ], [ -16.1955, 16.5226 ], [ -16.2067, 16.5208 ], [ -16.2178, 16.5215 ], [ -16.244851851851912, 16.526470370370379 ], [ -16.251, 16.5276 ], [ -16.2736, 16.5232 ], [ -16.2952, 16.5106 ], [ -16.3136, 16.4933 ], [ -16.3273, 16.4745 ], [ -16.3348, 16.4558 ], [ -16.3402, 16.4159 ], [ -16.3809, 16.2466 ], [ -16.3852, 16.2348 ], [ -16.3917, 16.2247 ], [ -16.4072, 16.2148 ], [ -16.4443, 16.2062 ], [ -16.4587, 16.1942 ], [ -16.4659, 16.174 ], [ -16.4706, 16.1063 ], [ -16.4878, 16.066 ], [ -16.5015, 16.0219 ], [ -16.5076, 16.0104 ], [ -16.5098, 15.9015 ], [ -16.5199, 15.8463 ], [ -16.5422, 15.8088 ], [ -16.5274, 15.9774 ], [ -16.5292, 16.0658 ], [ -16.5393, 16.2672 ], [ -16.5292, 16.3327 ], [ -16.522, 16.3505 ], [ -16.4943, 16.4015 ], [ -16.486, 16.4516 ], [ -16.4778, 16.4665 ], [ -16.4673, 16.4929 ], [ -16.4673, 16.6002 ], [ -16.4594, 16.644 ], [ -16.3791, 16.841 ], [ -16.3579, 16.8747 ], [ -16.3431, 16.9422 ], [ -16.3258, 16.9753 ], [ -16.278, 17.0407 ], [ -16.1926, 17.2193 ], [ -16.1865, 17.2439 ], [ -16.1725, 17.2623 ], [ -16.0789, 17.5448 ], [ -16.049, 17.6672 ], [ -16.0414, 17.8 ], [ -16.0242, 17.9601 ], [ -16.0353, 18.1414 ], [ -16.0695, 18.484 ], [ -16.0807, 18.5197 ], [ -16.1322, 18.6286 ], [ -16.1556, 18.7525 ], [ -16.1728, 18.7931 ], [ -16.1638, 18.8168 ], [ -16.1656, 18.8441 ], [ -16.2045, 18.9828 ], [ -16.2391, 19.061 ], [ -16.2826, 19.1304 ], [ -16.342, 19.1957 ], [ -16.3647, 19.2146 ], [ -16.3683, 19.2215 ], [ -16.3863, 19.2246 ], [ -16.4119, 19.2392 ], [ -16.4508, 19.2501 ], [ -16.4673, 19.2592 ], [ -16.4745, 19.2708 ], [ -16.475945722713867, 19.274410029498529 ], [ -16.476, 19.2746 ], [ -16.475945722713874, 19.274410029498547 ], [ -16.4914, 19.313 ], [ -16.4943, 19.3309 ], [ -16.5048, 19.35 ], [ -16.5242, 19.3659 ], [ -16.5354, 19.3807 ], [ -16.5217, 19.3963 ], [ -16.4637, 19.3814 ], [ -16.4079, 19.3892 ], [ -16.3593, 19.4158 ], [ -16.3233, 19.4579 ], [ -16.2996, 19.4966 ], [ -16.2938, 19.5161 ], [ -16.2848, 19.5293 ], [ -16.283, 19.536 ], [ -16.2859, 19.5427 ], [ -16.2927, 19.5466 ], [ -16.2992, 19.547 ], [ -16.3021, 19.5432 ], [ -16.3071, 19.5436 ], [ -16.3629, 19.4858 ], [ -16.3914, 19.464 ], [ -16.3503, 19.5466 ], [ -16.3647, 19.5392 ], [ -16.405, 19.5071 ], [ -16.4263, 19.4825 ], [ -16.4324, 19.4713 ], [ -16.4342, 19.4594 ], [ -16.4295, 19.4479 ], [ -16.4288, 19.4417 ], [ -16.4374, 19.4228 ], [ -16.44, 19.4132 ], [ -16.4425, 19.4104 ], [ -16.4551, 19.4082 ], [ -16.4652, 19.4125 ], [ -16.4688, 19.4311 ], [ -16.4673, 19.464 ], [ -16.4576, 19.4796 ], [ -16.4317, 19.506 ], [ -16.4263, 19.523 ], [ -16.4227, 19.5439 ], [ -16.413, 19.5542 ], [ -16.3996, 19.5618 ], [ -16.3845, 19.5739 ], [ -16.2891, 19.711 ], [ -16.2708, 19.7259 ], [ -16.2686, 19.7354 ], [ -16.2675, 19.7552 ], [ -16.2643, 19.7628 ], [ -16.2578, 19.7657 ], [ -16.256, 19.7694 ], [ -16.2337, 19.7936 ], [ -16.2337, 19.8043 ], [ -16.2358, 19.8132 ], [ -16.2409, 19.8209 ], [ -16.2481, 19.8278 ], [ -16.2402, 19.8344 ], [ -16.2351, 19.8424 ], [ -16.233, 19.8516 ], [ -16.2337, 19.8619 ], [ -16.2495, 19.8534 ], [ -16.2549, 19.8483 ], [ -16.2578, 19.8641 ], [ -16.2434, 19.8888 ], [ -16.2481, 19.9028 ], [ -16.2664, 19.9137 ], [ -16.279, 19.9052 ], [ -16.2891, 19.8825 ], [ -16.3057, 19.873 ], [ -16.3129, 19.8776 ], [ -16.3132, 19.8896 ], [ -16.3096, 19.9028 ], [ -16.2981, 19.9225 ], [ -16.2391, 19.9792 ], [ -16.2225, 20.0035 ], [ -16.2139, 20.0332 ], [ -16.2182, 20.0579 ], [ -16.2484, 20.1084 ], [ -16.261, 20.1356 ], [ -16.2459, 20.1356 ], [ -16.2394, 20.1381 ], [ -16.2337, 20.1431 ], [ -16.2117, 20.1755 ], [ -16.2031, 20.1954 ], [ -16.1998, 20.215 ], [ -16.2024, 20.2332 ], [ -16.2088, 20.2482 ], [ -16.2376, 20.2899 ], [ -16.2438, 20.293 ], [ -16.2578, 20.2939 ], [ -16.2675, 20.2982 ], [ -16.2751, 20.3169 ], [ -16.279, 20.3212 ], [ -16.2952, 20.3305 ], [ -16.3233, 20.3964 ], [ -16.3478, 20.4175 ], [ -16.3503, 20.4274 ], [ -16.3478, 20.4308 ], [ -16.3381, 20.4354 ], [ -16.3399, 20.441 ], [ -16.3492, 20.4573 ], [ -16.3536, 20.4764 ], [ -16.3914, 20.5694 ], [ -16.4011, 20.5833 ], [ -16.4158, 20.5887 ], [ -16.4238, 20.6011 ], [ -16.4252, 20.626 ], [ -16.4295, 20.6442 ], [ -16.4468, 20.6365 ], [ -16.4673, 20.6495 ], [ -16.4673, 20.6564 ], [ -16.4673, 20.657 ], [ -16.422, 20.6691 ], [ -16.4086, 20.675 ], [ -16.4295, 20.6776 ], [ -16.4648, 20.6718 ], [ -16.481, 20.6751 ], [ -16.4943, 20.6912 ], [ -16.4871, 20.6979 ], [ -16.5012, 20.7259 ], [ -16.508, 20.7305 ], [ -16.5292, 20.739 ], [ -16.5364, 20.6953 ], [ -16.5285, 20.5986 ], [ -16.5422, 20.5608 ], [ -16.5526, 20.5764 ], [ -16.5656, 20.5873 ], [ -16.5908, 20.6024 ], [ -16.5991, 20.611 ], [ -16.6117, 20.6345 ], [ -16.621, 20.6464 ], [ -16.6336, 20.655 ], [ -16.645566775244372, 20.660907166123813 ], [ -16.6495, 20.6629 ], [ -16.645566775244507, 20.660907166123881 ], [ -16.665, 20.6705 ], [ -16.6725, 20.6776 ], [ -16.6736, 20.6889 ], [ -16.6686, 20.6936 ], [ -16.6588, 20.6979 ], [ -16.6592, 20.7065 ], [ -16.665, 20.7146 ], [ -16.6711, 20.7371 ], [ -16.6826, 20.7491 ], [ -16.7103, 20.77 ], [ -16.7139, 20.7776 ], [ -16.7136, 20.7962 ], [ -16.7175, 20.8041 ], [ -16.7341, 20.8215 ], [ -16.7456, 20.8686 ], [ -16.7514, 20.8798 ], [ -16.7622, 20.8919 ], [ -16.769, 20.9068 ], [ -16.7751, 20.9376 ], [ -16.7888, 20.924 ], [ -16.8032, 20.9374 ], [ -16.809, 20.9525 ], [ -16.8115, 20.9688 ], [ -16.8165, 20.986 ], [ -16.8403, 21.0094 ], [ -16.8439, 21.0239 ], [ -16.8493, 21.0336 ], [ -16.8734, 21.0645 ], [ -16.8788, 21.0784 ], [ -16.8806, 21.0926 ], [ -16.8856, 21.1086 ], [ -16.8986, 21.1368 ], [ -16.907062025316506, 21.146679746835503 ] ], [ [ -15.286508163265328, 16.571567346938778 ], [ -15.2693, 16.569 ], [ -15.286508163265369, 16.571567346938785 ], [ -15.286508163265328, 16.571567346938778 ] ], [ [ -16.244851851851912, 16.526470370370379 ], [ -16.244851851851905, 16.526470370370379 ], [ -16.245, 16.5265 ], [ -16.244851851851912, 16.526470370370379 ] ], [ [ -16.907062025316506, 21.146679746835503 ], [ -16.907062025316442, 21.146679746835428 ], [ -16.9122, 21.1527 ], [ -16.907062025316506, 21.146679746835503 ] ] ], [ [ [ -5.6077, 16.4993 ], [ -5.6092, 16.5022 ], [ -5.6234, 16.5278 ], [ -5.6057, 16.4959 ], [ -5.6077, 16.4993 ] ] ], [ [ [ -16.3298, 19.6898 ], [ -16.342, 19.6764 ], [ -16.3586, 19.6479 ], [ -16.3946, 19.5998 ], [ -16.3978, 19.5998 ], [ -16.3928, 19.6171 ], [ -16.3586, 19.6774 ], [ -16.3208, 19.7285 ], [ -16.3096, 19.7308 ], [ -16.3017, 19.7226 ], [ -16.3132, 19.7046 ], [ -16.3298, 19.6898 ] ] ], [ [ [ -16.4565, 19.6667 ], [ -16.4641, 19.6845 ], [ -16.4572, 19.7033 ], [ -16.4263, 19.7489 ], [ -16.4274, 19.778 ], [ -16.4263, 19.7869 ], [ -16.4184, 19.8056 ], [ -16.4054, 19.8211 ], [ -16.391, 19.8261 ], [ -16.3777, 19.8135 ], [ -16.3582, 19.8531 ], [ -16.346, 19.8683 ], [ -16.337, 19.8557 ], [ -16.3669, 19.721 ], [ -16.3924, 19.6584 ], [ -16.4324, 19.6013 ], [ -16.4497, 19.6227 ], [ -16.4529, 19.6292 ], [ -16.45, 19.6565 ], [ -16.4565, 19.6667 ] ] ], [ [ [ -16.4691, 20.609 ], [ -16.4594, 20.6146 ], [ -16.4508, 20.6124 ], [ -16.4464, 20.6073 ], [ -16.4482, 20.5745 ], [ -16.454, 20.5711 ], [ -16.4673, 20.5762 ], [ -16.4742, 20.5941 ], [ -16.4691, 20.609 ] ] ], [ [ [ -16.4691, 19.7196 ], [ -16.4716, 19.6996 ], [ -16.4778, 19.6855 ], [ -16.4842, 19.6777 ], [ -16.4918, 19.684 ], [ -16.4968, 19.7054 ], [ -16.4911, 19.725 ], [ -16.477, 19.7315 ], [ -16.4695, 19.7299 ], [ -16.4691, 19.7196 ] ] ] ] } },
{ "type": "Feature", "properties": { "z": "Mauritania_Nema", "ISO_A3": "MRT", "c": "Mauritania" }, "geometry": { "type": "Polygon", "coordinates": [ [ [ -9.3292, 15.6553 ], [ -9.3325, 15.6876 ], [ -9.343499017810371, 15.692300825039288 ], [ -9.331, 15.7028 ], [ -9.3096, 15.6935 ], [ -9.3317, 15.5655 ], [ -9.3313, 15.5016 ], [ -9.1356, 15.5016 ], [ -8.9968, 15.5005 ], [ -8.9549, 15.5445 ], [ -8.9403, 15.5875 ], [ -8.9105, 15.6668 ], [ -8.8561, 15.8162 ], [ -8.9673, 15.8592 ], [ -9.0675, 16.0624 ], [ -9.0229, 16.1533 ], [ -8.8943, 16.3925 ], [ -8.749, 16.5327 ], [ -8.2893, 17.0234 ], [ -8.5983, 17.3514 ], [ -9.1176, 17.2773 ], [ -7.8799, 19.7533 ], [ -7.466, 20.6921 ], [ -6.3759, 23.1587 ], [ -5.992, 19.8706 ], [ -5.9146, 19.1828 ], [ -5.6234, 16.5278 ], [ -5.6092, 16.5022 ], [ -5.6077, 16.4993 ], [ -5.6057, 16.4959 ], [ -5.3649, 16.3349 ], [ -5.3552, 16.3247 ], [ -5.3541, 16.3184 ], [ -5.3534, 16.312 ], [ -5.3588, 16.2823 ], [ -5.5111, 15.494 ], [ -9.3494, 15.4957 ], [ -9.3429, 15.5868 ], [ -9.3292, 15.6553 ] ] ] } }
]
}
