c,uni,y,value
Gambia,Emissions: mm tCO2eq,2025,0.10961237674837374
Gambia,Emissions: mm tCO2eq,2030,0.2672850862141517
