c,z,attribute,y,uni,value
AFG,NEPS_AFG,Costs,2026.0,Carbon costs: $m,0.0
AFG,NEPS_AFG,Costs,2026.0,Excess generation: $m,0.0
AFG,NEPS_AFG,Costs,2026.0,Export revenues with external zones: $m,0.0
AFG,NEPS_AFG,Costs,2026.0,Export revenues with internal zones: $m,-175.64132027286422
AFG,NEPS_AFG,Costs,2026.0,Fixed O&M: $m,23.549408806848188
AFG,NEPS_AFG,Costs,2026.0,Fuel costs: $m,23.51914028197756
AFG,NEPS_AFG,Costs,2026.0,Generation costs: $m,0.0
AFG,NEPS_AFG,Costs,2026.0,Import costs with external zones: $m,0.0
AFG,NEPS_AFG,Costs,2026.0,Import costs with internal zones: $m,166.2135234392879
AFG,NEPS_AFG,Costs,2026.0,NPV of system cost: $m,0.0
AFG,NEPS_AFG,Costs,2026.0,Spinning reserve costs: $m,0.0
AFG,NEPS_AFG,Costs,2026.0,Startup costs: $m,0.0
AFG,NEPS_AFG,Costs,2026.0,Trade shared benefits: $m,-25.245719314476823
AFG,NEPS_AFG,Costs,2026.0,Transmission costs: $m,0.0
AFG,NEPS_AFG,Costs,2026.0,Unmet country CO2 backstop cost: $m,0.0
AFG,NEPS_AFG,Costs,2026.0,Unmet country planning reserve costs: $m,0.0
AFG,NEPS_AFG,Costs,2026.0,Unmet country spinning reserve costs: $m,0.0
AFG,NEPS_AFG,Costs,2026.0,Unmet demand costs: $m,0.0
AFG,NEPS_AFG,Costs,2026.0,Unmet system CO2 backstop cost: $m,0.0
AFG,NEPS_AFG,Costs,2026.0,Unmet system planning reserve costs: $m,0.0
AFG,NEPS_AFG,Costs,2026.0,Unmet system spinning reserve costs: $m,0.0
AFG,NEPS_AFG,Costs,2026.0,VRE curtailment: $m,0.0
AFG,NEPS_AFG,Costs,2026.0,Variable O&M: $m,22.099153566392832
AFG,NEPS_AFG,Costs,2027.0,Carbon costs: $m,0.0
AFG,NEPS_AFG,Costs,2027.0,Excess generation: $m,0.0
AFG,NEPS_AFG,Costs,2027.0,Export revenues with external zones: $m,0.0
AFG,NEPS_AFG,Costs,2027.0,Export revenues with internal zones: $m,-191.8312375351397
AFG,NEPS_AFG,Costs,2027.0,Fixed O&M: $m,23.549408806848188
AFG,NEPS_AFG,Costs,2027.0,Fuel costs: $m,22.175435311007327
AFG,NEPS_AFG,Costs,2027.0,Generation costs: $m,0.0
AFG,NEPS_AFG,Costs,2027.0,Import costs with external zones: $m,0.0
AFG,NEPS_AFG,Costs,2027.0,Import costs with internal zones: $m,181.7177516752935
AFG,NEPS_AFG,Costs,2027.0,NPV of system cost: $m,0.0
AFG,NEPS_AFG,Costs,2027.0,Spinning reserve costs: $m,0.0
AFG,NEPS_AFG,Costs,2027.0,Startup costs: $m,0.0
AFG,NEPS_AFG,Costs,2027.0,Trade shared benefits: $m,-10.014247047258444
AFG,NEPS_AFG,Costs,2027.0,Transmission costs: $m,0.0
AFG,NEPS_AFG,Costs,2027.0,Unmet country CO2 backstop cost: $m,0.0
AFG,NEPS_AFG,Costs,2027.0,Unmet country planning reserve costs: $m,0.0
AFG,NEPS_AFG,Costs,2027.0,Unmet country spinning reserve costs: $m,0.0
AFG,NEPS_AFG,Costs,2027.0,Unmet demand costs: $m,0.0
AFG,NEPS_AFG,Costs,2027.0,Unmet system CO2 backstop cost: $m,0.0
AFG,NEPS_AFG,Costs,2027.0,Unmet system planning reserve costs: $m,0.0
AFG,NEPS_AFG,Costs,2027.0,Unmet system spinning reserve costs: $m,0.0
AFG,NEPS_AFG,Costs,2027.0,VRE curtailment: $m,0.0
AFG,NEPS_AFG,Costs,2027.0,Variable O&M: $m,22.399550654085346
AFG,NEPS_AFG,Costs,2028.0,Carbon costs: $m,0.0
AFG,NEPS_AFG,Costs,2028.0,Excess generation: $m,0.0
AFG,NEPS_AFG,Costs,2028.0,Export revenues with external zones: $m,0.0
AFG,NEPS_AFG,Costs,2028.0,Export revenues with internal zones: $m,-212.8896311217418
AFG,NEPS_AFG,Costs,2028.0,Fixed O&M: $m,28.31325842569308
AFG,NEPS_AFG,Costs,2028.0,Fuel costs: $m,51.623659904412726
AFG,NEPS_AFG,Costs,2028.0,Generation costs: $m,0.0
AFG,NEPS_AFG,Costs,2028.0,Import costs with external zones: $m,0.0
AFG,NEPS_AFG,Costs,2028.0,Import costs with internal zones: $m,179.65438276705706
AFG,NEPS_AFG,Costs,2028.0,NPV of system cost: $m,0.0
AFG,NEPS_AFG,Costs,2028.0,Spinning reserve costs: $m,0.0
AFG,NEPS_AFG,Costs,2028.0,Startup costs: $m,0.0
AFG,NEPS_AFG,Costs,2028.0,Trade shared benefits: $m,-18.018076172882505
AFG,NEPS_AFG,Costs,2028.0,Transmission costs: $m,0.0
AFG,NEPS_AFG,Costs,2028.0,Unmet country CO2 backstop cost: $m,0.0
AFG,NEPS_AFG,Costs,2028.0,Unmet country planning reserve costs: $m,0.0
AFG,NEPS_AFG,Costs,2028.0,Unmet country spinning reserve costs: $m,0.0
AFG,NEPS_AFG,Costs,2028.0,Unmet demand costs: $m,0.0
AFG,NEPS_AFG,Costs,2028.0,Unmet system CO2 backstop cost: $m,0.0
AFG,NEPS_AFG,Costs,2028.0,Unmet system planning reserve costs: $m,0.0
AFG,NEPS_AFG,Costs,2028.0,Unmet system spinning reserve costs: $m,0.0
AFG,NEPS_AFG,Costs,2028.0,VRE curtailment: $m,0.0
AFG,NEPS_AFG,Costs,2028.0,Variable O&M: $m,24.86017566795776
AFG,NEPS_AFG,Costs,2029.0,Carbon costs: $m,0.0
AFG,NEPS_AFG,Costs,2029.0,Excess generation: $m,0.0
AFG,NEPS_AFG,Costs,2029.0,Export revenues with external zones: $m,0.0
AFG,NEPS_AFG,Costs,2029.0,Export revenues with internal zones: $m,-171.45453275948518
AFG,NEPS_AFG,Costs,2029.0,Fixed O&M: $m,35.08198258504044
AFG,NEPS_AFG,Costs,2029.0,Fuel costs: $m,89.54631755272352
AFG,NEPS_AFG,Costs,2029.0,Generation costs: $m,0.0
AFG,NEPS_AFG,Costs,2029.0,Import costs with external zones: $m,0.0
AFG,NEPS_AFG,Costs,2029.0,Import costs with internal zones: $m,95.06398735043707
AFG,NEPS_AFG,Costs,2029.0,NPV of system cost: $m,0.0
AFG,NEPS_AFG,Costs,2029.0,Spinning reserve costs: $m,0.0
AFG,NEPS_AFG,Costs,2029.0,Startup costs: $m,0.0
AFG,NEPS_AFG,Costs,2029.0,Trade shared benefits: $m,-23.220949476064472
AFG,NEPS_AFG,Costs,2029.0,Transmission costs: $m,0.0
AFG,NEPS_AFG,Costs,2029.0,Unmet country CO2 backstop cost: $m,0.0
AFG,NEPS_AFG,Costs,2029.0,Unmet country planning reserve costs: $m,0.0
AFG,NEPS_AFG,Costs,2029.0,Unmet country spinning reserve costs: $m,0.0
AFG,NEPS_AFG,Costs,2029.0,Unmet demand costs: $m,0.0
AFG,NEPS_AFG,Costs,2029.0,Unmet system CO2 backstop cost: $m,0.0
AFG,NEPS_AFG,Costs,2029.0,Unmet system planning reserve costs: $m,0.0
AFG,NEPS_AFG,Costs,2029.0,Unmet system spinning reserve costs: $m,0.0
AFG,NEPS_AFG,Costs,2029.0,VRE curtailment: $m,0.0
AFG,NEPS_AFG,Costs,2029.0,Variable O&M: $m,28.02890455706224
AFG,NEPS_AFG,Costs,2030.0,Carbon costs: $m,0.0
AFG,NEPS_AFG,Costs,2030.0,Excess generation: $m,0.0
AFG,NEPS_AFG,Costs,2030.0,Export revenues with external zones: $m,0.0
AFG,NEPS_AFG,Costs,2030.0,Export revenues with internal zones: $m,-235.0070780117861
AFG,NEPS_AFG,Costs,2030.0,Fixed O&M: $m,43.51800424504044
AFG,NEPS_AFG,Costs,2030.0,Fuel costs: $m,145.04856893399605
AFG,NEPS_AFG,Costs,2030.0,Generation costs: $m,0.0
AFG,NEPS_AFG,Costs,2030.0,Import costs with external zones: $m,0.0
AFG,NEPS_AFG,Costs,2030.0,Import costs with internal zones: $m,80.60054468607959
AFG,NEPS_AFG,Costs,2030.0,NPV of system cost: $m,0.0
AFG,NEPS_AFG,Costs,2030.0,Spinning reserve costs: $m,0.0
AFG,NEPS_AFG,Costs,2030.0,Startup costs: $m,0.0
AFG,NEPS_AFG,Costs,2030.0,Trade shared benefits: $m,-22.18188333904881
AFG,NEPS_AFG,Costs,2030.0,Transmission costs: $m,0.0
AFG,NEPS_AFG,Costs,2030.0,Unmet country CO2 backstop cost: $m,0.0
AFG,NEPS_AFG,Costs,2030.0,Unmet country planning reserve costs: $m,0.0
AFG,NEPS_AFG,Costs,2030.0,Unmet country spinning reserve costs: $m,0.0
AFG,NEPS_AFG,Costs,2030.0,Unmet demand costs: $m,0.0
AFG,NEPS_AFG,Costs,2030.0,Unmet system CO2 backstop cost: $m,0.0
AFG,NEPS_AFG,Costs,2030.0,Unmet system planning reserve costs: $m,0.0
AFG,NEPS_AFG,Costs,2030.0,Unmet system spinning reserve costs: $m,0.0
AFG,NEPS_AFG,Costs,2030.0,VRE curtailment: $m,0.0
AFG,NEPS_AFG,Costs,2030.0,Variable O&M: $m,32.827282107779794
AFG,NEPS_AFG,Costs,2031.0,Carbon costs: $m,0.0
AFG,NEPS_AFG,Costs,2031.0,Excess generation: $m,0.0
AFG,NEPS_AFG,Costs,2031.0,Export revenues with external zones: $m,0.0
AFG,NEPS_AFG,Costs,2031.0,Export revenues with internal zones: $m,-290.0413259571186
AFG,NEPS_AFG,Costs,2031.0,Fixed O&M: $m,46.86141848147237
AFG,NEPS_AFG,Costs,2031.0,Fuel costs: $m,154.1833383193423
AFG,NEPS_AFG,Costs,2031.0,Generation costs: $m,0.0
AFG,NEPS_AFG,Costs,2031.0,Import costs with external zones: $m,0.0
AFG,NEPS_AFG,Costs,2031.0,Import costs with internal zones: $m,147.21743143217628
AFG,NEPS_AFG,Costs,2031.0,NPV of system cost: $m,0.0
AFG,NEPS_AFG,Costs,2031.0,Spinning reserve costs: $m,0.0
AFG,NEPS_AFG,Costs,2031.0,Startup costs: $m,0.0
AFG,NEPS_AFG,Costs,2031.0,Trade shared benefits: $m,-29.20595553593457
AFG,NEPS_AFG,Costs,2031.0,Transmission costs: $m,0.0
AFG,NEPS_AFG,Costs,2031.0,Unmet country CO2 backstop cost: $m,0.0
AFG,NEPS_AFG,Costs,2031.0,Unmet country planning reserve costs: $m,0.0
AFG,NEPS_AFG,Costs,2031.0,Unmet country spinning reserve costs: $m,0.0
AFG,NEPS_AFG,Costs,2031.0,Unmet demand costs: $m,0.0
AFG,NEPS_AFG,Costs,2031.0,Unmet system CO2 backstop cost: $m,0.0
AFG,NEPS_AFG,Costs,2031.0,Unmet system planning reserve costs: $m,0.0
AFG,NEPS_AFG,Costs,2031.0,Unmet system spinning reserve costs: $m,0.0
AFG,NEPS_AFG,Costs,2031.0,VRE curtailment: $m,0.0
AFG,NEPS_AFG,Costs,2031.0,Variable O&M: $m,33.60068504458545
AFG,NEPS_AFG,Costs,2032.0,Carbon costs: $m,0.0
AFG,NEPS_AFG,Costs,2032.0,Excess generation: $m,0.0
AFG,NEPS_AFG,Costs,2032.0,Export revenues with external zones: $m,0.0
AFG,NEPS_AFG,Costs,2032.0,Export revenues with internal zones: $m,-302.6027363197056
AFG,NEPS_AFG,Costs,2032.0,Fixed O&M: $m,52.13344001958472
AFG,NEPS_AFG,Costs,2032.0,Fuel costs: $m,174.8403317568391
AFG,NEPS_AFG,Costs,2032.0,Generation costs: $m,0.0
AFG,NEPS_AFG,Costs,2032.0,Import costs with external zones: $m,0.0
AFG,NEPS_AFG,Costs,2032.0,Import costs with internal zones: $m,133.86359680305048
AFG,NEPS_AFG,Costs,2032.0,NPV of system cost: $m,0.0
AFG,NEPS_AFG,Costs,2032.0,Spinning reserve costs: $m,0.0
AFG,NEPS_AFG,Costs,2032.0,Startup costs: $m,0.0
AFG,NEPS_AFG,Costs,2032.0,Trade shared benefits: $m,-26.115937243054017
AFG,NEPS_AFG,Costs,2032.0,Transmission costs: $m,0.0
AFG,NEPS_AFG,Costs,2032.0,Unmet country CO2 backstop cost: $m,0.0
AFG,NEPS_AFG,Costs,2032.0,Unmet country planning reserve costs: $m,0.0
AFG,NEPS_AFG,Costs,2032.0,Unmet country spinning reserve costs: $m,0.0
AFG,NEPS_AFG,Costs,2032.0,Unmet demand costs: $m,0.0
AFG,NEPS_AFG,Costs,2032.0,Unmet system CO2 backstop cost: $m,0.0
AFG,NEPS_AFG,Costs,2032.0,Unmet system planning reserve costs: $m,0.0
AFG,NEPS_AFG,Costs,2032.0,Unmet system spinning reserve costs: $m,0.0
AFG,NEPS_AFG,Costs,2032.0,VRE curtailment: $m,0.0
AFG,NEPS_AFG,Costs,2032.0,Variable O&M: $m,35.349626776575
AFG,NEPS_AFG,Costs,2033.0,Carbon costs: $m,0.0
AFG,NEPS_AFG,Costs,2033.0,Excess generation: $m,0.0
AFG,NEPS_AFG,Costs,2033.0,Export revenues with external zones: $m,0.0
AFG,NEPS_AFG,Costs,2033.0,Export revenues with internal zones: $m,-305.9032986492468
AFG,NEPS_AFG,Costs,2033.0,Fixed O&M: $m,57.58107885306968
AFG,NEPS_AFG,Costs,2033.0,Fuel costs: $m,198.82299189632096
AFG,NEPS_AFG,Costs,2033.0,Generation costs: $m,0.0
AFG,NEPS_AFG,Costs,2033.0,Import costs with external zones: $m,0.0
AFG,NEPS_AFG,Costs,2033.0,Import costs with internal zones: $m,114.1440905088337
AFG,NEPS_AFG,Costs,2033.0,NPV of system cost: $m,0.0
AFG,NEPS_AFG,Costs,2033.0,Spinning reserve costs: $m,0.0
AFG,NEPS_AFG,Costs,2033.0,Startup costs: $m,0.0
AFG,NEPS_AFG,Costs,2033.0,Trade shared benefits: $m,-26.080346270495056
AFG,NEPS_AFG,Costs,2033.0,Transmission costs: $m,0.0
AFG,NEPS_AFG,Costs,2033.0,Unmet country CO2 backstop cost: $m,0.0
AFG,NEPS_AFG,Costs,2033.0,Unmet country planning reserve costs: $m,0.0
AFG,NEPS_AFG,Costs,2033.0,Unmet country spinning reserve costs: $m,0.0
AFG,NEPS_AFG,Costs,2033.0,Unmet demand costs: $m,0.0
AFG,NEPS_AFG,Costs,2033.0,Unmet system CO2 backstop cost: $m,0.0
AFG,NEPS_AFG,Costs,2033.0,Unmet system planning reserve costs: $m,0.0
AFG,NEPS_AFG,Costs,2033.0,Unmet system spinning reserve costs: $m,0.0
AFG,NEPS_AFG,Costs,2033.0,VRE curtailment: $m,0.0
AFG,NEPS_AFG,Costs,2033.0,Variable O&M: $m,37.979850074790974
AFG,NEPS_AFG,Costs,2034.0,Carbon costs: $m,0.0
AFG,NEPS_AFG,Costs,2034.0,Excess generation: $m,0.0
AFG,NEPS_AFG,Costs,2034.0,Export revenues with external zones: $m,0.0
AFG,NEPS_AFG,Costs,2034.0,Export revenues with internal zones: $m,-320.15003941550503
AFG,NEPS_AFG,Costs,2034.0,Fixed O&M: $m,61.6797628716995
AFG,NEPS_AFG,Costs,2034.0,Fuel costs: $m,231.91596113821032
AFG,NEPS_AFG,Costs,2034.0,Generation costs: $m,0.0
AFG,NEPS_AFG,Costs,2034.0,Import costs with external zones: $m,0.0
AFG,NEPS_AFG,Costs,2034.0,Import costs with internal zones: $m,105.97843263002984
AFG,NEPS_AFG,Costs,2034.0,NPV of system cost: $m,0.0
AFG,NEPS_AFG,Costs,2034.0,Spinning reserve costs: $m,0.0
AFG,NEPS_AFG,Costs,2034.0,Startup costs: $m,0.0
AFG,NEPS_AFG,Costs,2034.0,Trade shared benefits: $m,-20.66244443678316
AFG,NEPS_AFG,Costs,2034.0,Transmission costs: $m,0.0
AFG,NEPS_AFG,Costs,2034.0,Unmet country CO2 backstop cost: $m,0.0
AFG,NEPS_AFG,Costs,2034.0,Unmet country planning reserve costs: $m,0.0
AFG,NEPS_AFG,Costs,2034.0,Unmet country spinning reserve costs: $m,0.0
AFG,NEPS_AFG,Costs,2034.0,Unmet demand costs: $m,0.0
AFG,NEPS_AFG,Costs,2034.0,Unmet system CO2 backstop cost: $m,0.0
AFG,NEPS_AFG,Costs,2034.0,Unmet system planning reserve costs: $m,0.0
AFG,NEPS_AFG,Costs,2034.0,Unmet system spinning reserve costs: $m,0.0
AFG,NEPS_AFG,Costs,2034.0,VRE curtailment: $m,0.0
AFG,NEPS_AFG,Costs,2034.0,Variable O&M: $m,40.78144471306823
AFG,NEPS_AFG,Costs,2035.0,Carbon costs: $m,0.0
AFG,NEPS_AFG,Costs,2035.0,Excess generation: $m,0.0
AFG,NEPS_AFG,Costs,2035.0,Export revenues with external zones: $m,0.0
AFG,NEPS_AFG,Costs,2035.0,Export revenues with internal zones: $m,-338.18427533531377
AFG,NEPS_AFG,Costs,2035.0,Fixed O&M: $m,65.04908971739727
AFG,NEPS_AFG,Costs,2035.0,Fuel costs: $m,245.9170224079343
AFG,NEPS_AFG,Costs,2035.0,Generation costs: $m,0.0
AFG,NEPS_AFG,Costs,2035.0,Import costs with external zones: $m,0.0
AFG,NEPS_AFG,Costs,2035.0,Import costs with internal zones: $m,111.93914895124924
AFG,NEPS_AFG,Costs,2035.0,NPV of system cost: $m,0.0
AFG,NEPS_AFG,Costs,2035.0,Spinning reserve costs: $m,0.0
AFG,NEPS_AFG,Costs,2035.0,Startup costs: $m,0.0
AFG,NEPS_AFG,Costs,2035.0,Trade shared benefits: $m,-15.873013883898263
AFG,NEPS_AFG,Costs,2035.0,Transmission costs: $m,0.0
AFG,NEPS_AFG,Costs,2035.0,Unmet country CO2 backstop cost: $m,0.0
AFG,NEPS_AFG,Costs,2035.0,Unmet country planning reserve costs: $m,0.0
AFG,NEPS_AFG,Costs,2035.0,Unmet country spinning reserve costs: $m,0.0
AFG,NEPS_AFG,Costs,2035.0,Unmet demand costs: $m,0.0
AFG,NEPS_AFG,Costs,2035.0,Unmet system CO2 backstop cost: $m,0.0
AFG,NEPS_AFG,Costs,2035.0,Unmet system planning reserve costs: $m,0.0
AFG,NEPS_AFG,Costs,2035.0,Unmet system spinning reserve costs: $m,0.0
AFG,NEPS_AFG,Costs,2035.0,VRE curtailment: $m,0.0
AFG,NEPS_AFG,Costs,2035.0,Variable O&M: $m,42.10652615318247
AFG,NEPS_AFG,Costs,2040.0,Carbon costs: $m,0.0
AFG,NEPS_AFG,Costs,2040.0,Excess generation: $m,0.0
AFG,NEPS_AFG,Costs,2040.0,Export revenues with external zones: $m,0.0
AFG,NEPS_AFG,Costs,2040.0,Export revenues with internal zones: $m,-296.76877869699376
AFG,NEPS_AFG,Costs,2040.0,Fixed O&M: $m,83.95668947886587
AFG,NEPS_AFG,Costs,2040.0,Fuel costs: $m,319.551221617724
AFG,NEPS_AFG,Costs,2040.0,Generation costs: $m,0.0
AFG,NEPS_AFG,Costs,2040.0,Import costs with external zones: $m,0.0
AFG,NEPS_AFG,Costs,2040.0,Import costs with internal zones: $m,113.40160905598148
AFG,NEPS_AFG,Costs,2040.0,NPV of system cost: $m,0.0
AFG,NEPS_AFG,Costs,2040.0,Spinning reserve costs: $m,0.0
AFG,NEPS_AFG,Costs,2040.0,Startup costs: $m,0.0
AFG,NEPS_AFG,Costs,2040.0,Trade shared benefits: $m,-21.148387783373835
AFG,NEPS_AFG,Costs,2040.0,Transmission costs: $m,0.0
AFG,NEPS_AFG,Costs,2040.0,Unmet country CO2 backstop cost: $m,0.0
AFG,NEPS_AFG,Costs,2040.0,Unmet country planning reserve costs: $m,0.0
AFG,NEPS_AFG,Costs,2040.0,Unmet country spinning reserve costs: $m,0.0
AFG,NEPS_AFG,Costs,2040.0,Unmet demand costs: $m,0.0
AFG,NEPS_AFG,Costs,2040.0,Unmet system CO2 backstop cost: $m,0.0
AFG,NEPS_AFG,Costs,2040.0,Unmet system planning reserve costs: $m,0.0
AFG,NEPS_AFG,Costs,2040.0,Unmet system spinning reserve costs: $m,0.0
AFG,NEPS_AFG,Costs,2040.0,VRE curtailment: $m,0.0
AFG,NEPS_AFG,Costs,2040.0,Variable O&M: $m,46.46268975357714
AFG,NEPS_AFG,Costs,2045.0,Carbon costs: $m,0.0
AFG,NEPS_AFG,Costs,2045.0,Excess generation: $m,0.0
AFG,NEPS_AFG,Costs,2045.0,Export revenues with external zones: $m,0.0
AFG,NEPS_AFG,Costs,2045.0,Export revenues with internal zones: $m,-253.83675319581792
AFG,NEPS_AFG,Costs,2045.0,Fixed O&M: $m,108.05403028179629
AFG,NEPS_AFG,Costs,2045.0,Fuel costs: $m,403.540105480746
AFG,NEPS_AFG,Costs,2045.0,Generation costs: $m,0.0
AFG,NEPS_AFG,Costs,2045.0,Import costs with external zones: $m,0.0
AFG,NEPS_AFG,Costs,2045.0,Import costs with internal zones: $m,117.48643206949892
AFG,NEPS_AFG,Costs,2045.0,NPV of system cost: $m,0.0
AFG,NEPS_AFG,Costs,2045.0,Spinning reserve costs: $m,0.0
AFG,NEPS_AFG,Costs,2045.0,Startup costs: $m,0.0
AFG,NEPS_AFG,Costs,2045.0,Trade shared benefits: $m,-5.261287363948244
AFG,NEPS_AFG,Costs,2045.0,Transmission costs: $m,0.0
AFG,NEPS_AFG,Costs,2045.0,Unmet country CO2 backstop cost: $m,0.0
AFG,NEPS_AFG,Costs,2045.0,Unmet country planning reserve costs: $m,0.0
AFG,NEPS_AFG,Costs,2045.0,Unmet country spinning reserve costs: $m,0.0
AFG,NEPS_AFG,Costs,2045.0,Unmet demand costs: $m,0.0027196362026961
AFG,NEPS_AFG,Costs,2045.0,Unmet system CO2 backstop cost: $m,0.0
AFG,NEPS_AFG,Costs,2045.0,Unmet system planning reserve costs: $m,0.0
AFG,NEPS_AFG,Costs,2045.0,Unmet system spinning reserve costs: $m,0.0
AFG,NEPS_AFG,Costs,2045.0,VRE curtailment: $m,0.0
AFG,NEPS_AFG,Costs,2045.0,Variable O&M: $m,53.29496641171322
AFG,NEPS_AFG,Costs,2050.0,Carbon costs: $m,0.0
AFG,NEPS_AFG,Costs,2050.0,Excess generation: $m,0.0
AFG,NEPS_AFG,Costs,2050.0,Export revenues with external zones: $m,0.0
AFG,NEPS_AFG,Costs,2050.0,Export revenues with internal zones: $m,-262.0165242673849
AFG,NEPS_AFG,Costs,2050.0,Fixed O&M: $m,135.12608017860111
AFG,NEPS_AFG,Costs,2050.0,Fuel costs: $m,588.3256871680496
AFG,NEPS_AFG,Costs,2050.0,Generation costs: $m,0.0
AFG,NEPS_AFG,Costs,2050.0,Import costs with external zones: $m,0.0
AFG,NEPS_AFG,Costs,2050.0,Import costs with internal zones: $m,114.86888015780048
AFG,NEPS_AFG,Costs,2050.0,NPV of system cost: $m,0.0
AFG,NEPS_AFG,Costs,2050.0,Spinning reserve costs: $m,0.0
AFG,NEPS_AFG,Costs,2050.0,Startup costs: $m,0.0
AFG,NEPS_AFG,Costs,2050.0,Trade shared benefits: $m,-1.7962388211577525
AFG,NEPS_AFG,Costs,2050.0,Transmission costs: $m,0.0
AFG,NEPS_AFG,Costs,2050.0,Unmet country CO2 backstop cost: $m,0.0
AFG,NEPS_AFG,Costs,2050.0,Unmet country planning reserve costs: $m,0.0
AFG,NEPS_AFG,Costs,2050.0,Unmet country spinning reserve costs: $m,0.0
AFG,NEPS_AFG,Costs,2050.0,Unmet demand costs: $m,9.04871762133726
AFG,NEPS_AFG,Costs,2050.0,Unmet system CO2 backstop cost: $m,0.0
AFG,NEPS_AFG,Costs,2050.0,Unmet system planning reserve costs: $m,0.0
AFG,NEPS_AFG,Costs,2050.0,Unmet system spinning reserve costs: $m,0.0
AFG,NEPS_AFG,Costs,2050.0,VRE curtailment: $m,0.0
AFG,NEPS_AFG,Costs,2050.0,Variable O&M: $m,68.93182907190929
AFG,NEPS_AFG,DiscountedWeightedCostsCumulated,2026.0,Carbon costs: $m,0.0
AFG,NEPS_AFG,DiscountedWeightedCostsCumulated,2026.0,Excess generation: $m,0.0
AFG,NEPS_AFG,DiscountedWeightedCostsCumulated,2026.0,Export revenues with external zones: $m,0.0
AFG,NEPS_AFG,DiscountedWeightedCostsCumulated,2026.0,Export revenues with internal zones: $m,-175.64132027286422
AFG,NEPS_AFG,DiscountedWeightedCostsCumulated,2026.0,Fixed O&M: $m,23.549408806848188
AFG,NEPS_AFG,DiscountedWeightedCostsCumulated,2026.0,Fuel costs: $m,23.51914028197756
AFG,NEPS_AFG,DiscountedWeightedCostsCumulated,2026.0,Generation costs: $m,0.0
AFG,NEPS_AFG,DiscountedWeightedCostsCumulated,2026.0,Import costs with external zones: $m,0.0
AFG,NEPS_AFG,DiscountedWeightedCostsCumulated,2026.0,Import costs with internal zones: $m,166.2135234392879
AFG,NEPS_AFG,DiscountedWeightedCostsCumulated,2026.0,NPV of system cost: $m,0.0
AFG,NEPS_AFG,DiscountedWeightedCostsCumulated,2026.0,Spinning reserve costs: $m,0.0
AFG,NEPS_AFG,DiscountedWeightedCostsCumulated,2026.0,Startup costs: $m,0.0
AFG,NEPS_AFG,DiscountedWeightedCostsCumulated,2026.0,Trade shared benefits: $m,-25.245719314476823
AFG,NEPS_AFG,DiscountedWeightedCostsCumulated,2026.0,Transmission costs: $m,0.0
AFG,NEPS_AFG,DiscountedWeightedCostsCumulated,2026.0,Unmet country CO2 backstop cost: $m,0.0
AFG,NEPS_AFG,DiscountedWeightedCostsCumulated,2026.0,Unmet country planning reserve costs: $m,0.0
AFG,NEPS_AFG,DiscountedWeightedCostsCumulated,2026.0,Unmet country spinning reserve costs: $m,0.0
AFG,NEPS_AFG,DiscountedWeightedCostsCumulated,2026.0,Unmet demand costs: $m,0.0
AFG,NEPS_AFG,DiscountedWeightedCostsCumulated,2026.0,Unmet system CO2 backstop cost: $m,0.0
AFG,NEPS_AFG,DiscountedWeightedCostsCumulated,2026.0,Unmet system planning reserve costs: $m,0.0
AFG,NEPS_AFG,DiscountedWeightedCostsCumulated,2026.0,Unmet system spinning reserve costs: $m,0.0
AFG,NEPS_AFG,DiscountedWeightedCostsCumulated,2026.0,VRE curtailment: $m,0.0
AFG,NEPS_AFG,DiscountedWeightedCostsCumulated,2026.0,Variable O&M: $m,22.099153566392832
AFG,NEPS_AFG,DiscountedWeightedCostsCumulated,2027.0,Carbon costs: $m,0.0
AFG,NEPS_AFG,DiscountedWeightedCostsCumulated,2027.0,Excess generation: $m,0.0
AFG,NEPS_AFG,DiscountedWeightedCostsCumulated,2027.0,Export revenues with external zones: $m,0.0
AFG,NEPS_AFG,DiscountedWeightedCostsCumulated,2027.0,Export revenues with internal zones: $m,-358.5452287113048
AFG,NEPS_AFG,DiscountedWeightedCostsCumulated,2027.0,Fixed O&M: $m,46.002889103028615
AFG,NEPS_AFG,DiscountedWeightedCostsCumulated,2027.0,Fuel costs: $m,44.66258825125874
AFG,NEPS_AFG,DiscountedWeightedCostsCumulated,2027.0,Generation costs: $m,0.0
AFG,NEPS_AFG,DiscountedWeightedCostsCumulated,2027.0,Import costs with external zones: $m,0.0
AFG,NEPS_AFG,DiscountedWeightedCostsCumulated,2027.0,Import costs with internal zones: $m,339.4746014635008
AFG,NEPS_AFG,DiscountedWeightedCostsCumulated,2027.0,NPV of system cost: $m,0.0
AFG,NEPS_AFG,DiscountedWeightedCostsCumulated,2027.0,Spinning reserve costs: $m,0.0
AFG,NEPS_AFG,DiscountedWeightedCostsCumulated,2027.0,Startup costs: $m,0.0
AFG,NEPS_AFG,DiscountedWeightedCostsCumulated,2027.0,Trade shared benefits: $m,-34.79392923350089
AFG,NEPS_AFG,DiscountedWeightedCostsCumulated,2027.0,Transmission costs: $m,0.0
AFG,NEPS_AFG,DiscountedWeightedCostsCumulated,2027.0,Unmet country CO2 backstop cost: $m,0.0
AFG,NEPS_AFG,DiscountedWeightedCostsCumulated,2027.0,Unmet country planning reserve costs: $m,0.0
AFG,NEPS_AFG,DiscountedWeightedCostsCumulated,2027.0,Unmet country spinning reserve costs: $m,0.0
AFG,NEPS_AFG,DiscountedWeightedCostsCumulated,2027.0,Unmet demand costs: $m,0.0
AFG,NEPS_AFG,DiscountedWeightedCostsCumulated,2027.0,Unmet system CO2 backstop cost: $m,0.0
AFG,NEPS_AFG,DiscountedWeightedCostsCumulated,2027.0,Unmet system planning reserve costs: $m,0.0
AFG,NEPS_AFG,DiscountedWeightedCostsCumulated,2027.0,Unmet system spinning reserve costs: $m,0.0
AFG,NEPS_AFG,DiscountedWeightedCostsCumulated,2027.0,VRE curtailment: $m,0.0
AFG,NEPS_AFG,DiscountedWeightedCostsCumulated,2027.0,Variable O&M: $m,43.45628713097484
AFG,NEPS_AFG,DiscountedWeightedCostsCumulated,2028.0,Carbon costs: $m,0.0
AFG,NEPS_AFG,DiscountedWeightedCostsCumulated,2028.0,Excess generation: $m,0.0
AFG,NEPS_AFG,DiscountedWeightedCostsCumulated,2028.0,Export revenues with external zones: $m,0.0
AFG,NEPS_AFG,DiscountedWeightedCostsCumulated,2028.0,Export revenues with internal zones: $m,-543.0745913593729
AFG,NEPS_AFG,DiscountedWeightedCostsCumulated,2028.0,Fixed O&M: $m,70.54437336533853
AFG,NEPS_AFG,DiscountedWeightedCostsCumulated,2028.0,Fuel costs: $m,89.40915955925439
AFG,NEPS_AFG,DiscountedWeightedCostsCumulated,2028.0,Generation costs: $m,0.0
AFG,NEPS_AFG,DiscountedWeightedCostsCumulated,2028.0,Import costs with external zones: $m,0.0
AFG,NEPS_AFG,DiscountedWeightedCostsCumulated,2028.0,Import costs with internal zones: $m,495.19617688386165
AFG,NEPS_AFG,DiscountedWeightedCostsCumulated,2028.0,NPV of system cost: $m,0.0
AFG,NEPS_AFG,DiscountedWeightedCostsCumulated,2028.0,Spinning reserve costs: $m,0.0
AFG,NEPS_AFG,DiscountedWeightedCostsCumulated,2028.0,Startup costs: $m,0.0
AFG,NEPS_AFG,DiscountedWeightedCostsCumulated,2028.0,Trade shared benefits: $m,-50.41171247079258
AFG,NEPS_AFG,DiscountedWeightedCostsCumulated,2028.0,Transmission costs: $m,0.0
AFG,NEPS_AFG,DiscountedWeightedCostsCumulated,2028.0,Unmet country CO2 backstop cost: $m,0.0
AFG,NEPS_AFG,DiscountedWeightedCostsCumulated,2028.0,Unmet country planning reserve costs: $m,0.0
AFG,NEPS_AFG,DiscountedWeightedCostsCumulated,2028.0,Unmet country spinning reserve costs: $m,0.0
AFG,NEPS_AFG,DiscountedWeightedCostsCumulated,2028.0,Unmet demand costs: $m,0.0
AFG,NEPS_AFG,DiscountedWeightedCostsCumulated,2028.0,Unmet system CO2 backstop cost: $m,0.0
AFG,NEPS_AFG,DiscountedWeightedCostsCumulated,2028.0,Unmet system planning reserve costs: $m,0.0
AFG,NEPS_AFG,DiscountedWeightedCostsCumulated,2028.0,Unmet system spinning reserve costs: $m,0.0
AFG,NEPS_AFG,DiscountedWeightedCostsCumulated,2028.0,VRE curtailment: $m,0.0
AFG,NEPS_AFG,DiscountedWeightedCostsCumulated,2028.0,Variable O&M: $m,65.00469391413054
AFG,NEPS_AFG,DiscountedWeightedCostsCumulated,2029.0,Carbon costs: $m,0.0
AFG,NEPS_AFG,DiscountedWeightedCostsCumulated,2029.0,Excess generation: $m,0.0
AFG,NEPS_AFG,DiscountedWeightedCostsCumulated,2029.0,Export revenues with external zones: $m,0.0
AFG,NEPS_AFG,DiscountedWeightedCostsCumulated,2029.0,Export revenues with internal zones: $m,-678.1782961054489
AFG,NEPS_AFG,DiscountedWeightedCostsCumulated,2029.0,Fixed O&M: $m,98.18847084583558
AFG,NEPS_AFG,DiscountedWeightedCostsCumulated,2029.0,Fuel costs: $m,159.97036930407074
AFG,NEPS_AFG,DiscountedWeightedCostsCumulated,2029.0,Generation costs: $m,0.0
AFG,NEPS_AFG,DiscountedWeightedCostsCumulated,2029.0,Import costs with external zones: $m,0.0
AFG,NEPS_AFG,DiscountedWeightedCostsCumulated,2029.0,Import costs with internal zones: $m,570.1052310352319
AFG,NEPS_AFG,DiscountedWeightedCostsCumulated,2029.0,NPV of system cost: $m,0.0
AFG,NEPS_AFG,DiscountedWeightedCostsCumulated,2029.0,Spinning reserve costs: $m,0.0
AFG,NEPS_AFG,DiscountedWeightedCostsCumulated,2029.0,Startup costs: $m,0.0
AFG,NEPS_AFG,DiscountedWeightedCostsCumulated,2029.0,Trade shared benefits: $m,-68.70948653045333
AFG,NEPS_AFG,DiscountedWeightedCostsCumulated,2029.0,Transmission costs: $m,0.0
AFG,NEPS_AFG,DiscountedWeightedCostsCumulated,2029.0,Unmet country CO2 backstop cost: $m,0.0
AFG,NEPS_AFG,DiscountedWeightedCostsCumulated,2029.0,Unmet country planning reserve costs: $m,0.0
AFG,NEPS_AFG,DiscountedWeightedCostsCumulated,2029.0,Unmet country spinning reserve costs: $m,0.0
AFG,NEPS_AFG,DiscountedWeightedCostsCumulated,2029.0,Unmet demand costs: $m,0.0
AFG,NEPS_AFG,DiscountedWeightedCostsCumulated,2029.0,Unmet system CO2 backstop cost: $m,0.0
AFG,NEPS_AFG,DiscountedWeightedCostsCumulated,2029.0,Unmet system planning reserve costs: $m,0.0
AFG,NEPS_AFG,DiscountedWeightedCostsCumulated,2029.0,Unmet system spinning reserve costs: $m,0.0
AFG,NEPS_AFG,DiscountedWeightedCostsCumulated,2029.0,VRE curtailment: $m,0.0
AFG,NEPS_AFG,DiscountedWeightedCostsCumulated,2029.0,Variable O&M: $m,87.09106739569594
AFG,NEPS_AFG,DiscountedWeightedCostsCumulated,2030.0,Carbon costs: $m,0.0
AFG,NEPS_AFG,DiscountedWeightedCostsCumulated,2030.0,Excess generation: $m,0.0
AFG,NEPS_AFG,DiscountedWeightedCostsCumulated,2030.0,Export revenues with external zones: $m,0.0
AFG,NEPS_AFG,DiscountedWeightedCostsCumulated,2030.0,Export revenues with internal zones: $m,-846.5257469635694
AFG,NEPS_AFG,DiscountedWeightedCostsCumulated,2030.0,Fixed O&M: $m,129.3626173569377
AFG,NEPS_AFG,DiscountedWeightedCostsCumulated,2030.0,Fuel costs: $m,263.8759922208068
AFG,NEPS_AFG,DiscountedWeightedCostsCumulated,2030.0,Generation costs: $m,0.0
AFG,NEPS_AFG,DiscountedWeightedCostsCumulated,2030.0,Import costs with external zones: $m,0.0
AFG,NEPS_AFG,DiscountedWeightedCostsCumulated,2030.0,Import costs with internal zones: $m,627.8434759871436
AFG,NEPS_AFG,DiscountedWeightedCostsCumulated,2030.0,NPV of system cost: $m,0.0
AFG,NEPS_AFG,DiscountedWeightedCostsCumulated,2030.0,Spinning reserve costs: $m,0.0
AFG,NEPS_AFG,DiscountedWeightedCostsCumulated,2030.0,Startup costs: $m,0.0
AFG,NEPS_AFG,DiscountedWeightedCostsCumulated,2030.0,Trade shared benefits: $m,-84.59949098033547
AFG,NEPS_AFG,DiscountedWeightedCostsCumulated,2030.0,Transmission costs: $m,0.0
AFG,NEPS_AFG,DiscountedWeightedCostsCumulated,2030.0,Unmet country CO2 backstop cost: $m,0.0
AFG,NEPS_AFG,DiscountedWeightedCostsCumulated,2030.0,Unmet country planning reserve costs: $m,0.0
AFG,NEPS_AFG,DiscountedWeightedCostsCumulated,2030.0,Unmet country spinning reserve costs: $m,0.0
AFG,NEPS_AFG,DiscountedWeightedCostsCumulated,2030.0,Unmet demand costs: $m,0.0
AFG,NEPS_AFG,DiscountedWeightedCostsCumulated,2030.0,Unmet system CO2 backstop cost: $m,0.0
AFG,NEPS_AFG,DiscountedWeightedCostsCumulated,2030.0,Unmet system planning reserve costs: $m,0.0
AFG,NEPS_AFG,DiscountedWeightedCostsCumulated,2030.0,Unmet system spinning reserve costs: $m,0.0
AFG,NEPS_AFG,DiscountedWeightedCostsCumulated,2030.0,VRE curtailment: $m,0.0
AFG,NEPS_AFG,DiscountedWeightedCostsCumulated,2030.0,Variable O&M: $m,110.60690916607854
AFG,NEPS_AFG,DiscountedWeightedCostsCumulated,2031.0,Carbon costs: $m,0.0
AFG,NEPS_AFG,DiscountedWeightedCostsCumulated,2031.0,Excess generation: $m,0.0
AFG,NEPS_AFG,DiscountedWeightedCostsCumulated,2031.0,Export revenues with external zones: $m,0.0
AFG,NEPS_AFG,DiscountedWeightedCostsCumulated,2031.0,Export revenues with internal zones: $m,-1035.4087150909506
AFG,NEPS_AFG,DiscountedWeightedCostsCumulated,2031.0,Fixed O&M: $m,159.88007477177678
AFG,NEPS_AFG,DiscountedWeightedCostsCumulated,2031.0,Fuel costs: $m,364.2844649839303
AFG,NEPS_AFG,DiscountedWeightedCostsCumulated,2031.0,Generation costs: $m,0.0
AFG,NEPS_AFG,DiscountedWeightedCostsCumulated,2031.0,Import costs with external zones: $m,0.0
AFG,NEPS_AFG,DiscountedWeightedCostsCumulated,2031.0,Import costs with internal zones: $m,723.7155566888772
AFG,NEPS_AFG,DiscountedWeightedCostsCumulated,2031.0,NPV of system cost: $m,0.0
AFG,NEPS_AFG,DiscountedWeightedCostsCumulated,2031.0,Spinning reserve costs: $m,0.0
AFG,NEPS_AFG,DiscountedWeightedCostsCumulated,2031.0,Startup costs: $m,0.0
AFG,NEPS_AFG,DiscountedWeightedCostsCumulated,2031.0,Trade shared benefits: $m,-103.619220497912
AFG,NEPS_AFG,DiscountedWeightedCostsCumulated,2031.0,Transmission costs: $m,0.0
AFG,NEPS_AFG,DiscountedWeightedCostsCumulated,2031.0,Unmet country CO2 backstop cost: $m,0.0
AFG,NEPS_AFG,DiscountedWeightedCostsCumulated,2031.0,Unmet country planning reserve costs: $m,0.0
AFG,NEPS_AFG,DiscountedWeightedCostsCumulated,2031.0,Unmet country spinning reserve costs: $m,0.0
AFG,NEPS_AFG,DiscountedWeightedCostsCumulated,2031.0,Unmet demand costs: $m,0.0
AFG,NEPS_AFG,DiscountedWeightedCostsCumulated,2031.0,Unmet system CO2 backstop cost: $m,0.0
AFG,NEPS_AFG,DiscountedWeightedCostsCumulated,2031.0,Unmet system planning reserve costs: $m,0.0
AFG,NEPS_AFG,DiscountedWeightedCostsCumulated,2031.0,Unmet system spinning reserve costs: $m,0.0
AFG,NEPS_AFG,DiscountedWeightedCostsCumulated,2031.0,VRE curtailment: $m,0.0
AFG,NEPS_AFG,DiscountedWeightedCostsCumulated,2031.0,Variable O&M: $m,132.4886086149113
AFG,NEPS_AFG,DiscountedWeightedCostsCumulated,2032.0,Carbon costs: $m,0.0
AFG,NEPS_AFG,DiscountedWeightedCostsCumulated,2032.0,Excess generation: $m,0.0
AFG,NEPS_AFG,DiscountedWeightedCostsCumulated,2032.0,Export revenues with external zones: $m,0.0
AFG,NEPS_AFG,DiscountedWeightedCostsCumulated,2032.0,Export revenues with internal zones: $m,-1214.5571764380938
AFG,NEPS_AFG,DiscountedWeightedCostsCumulated,2032.0,Fixed O&M: $m,190.7443877579445
AFG,NEPS_AFG,DiscountedWeightedCostsCumulated,2032.0,Fuel costs: $m,467.7943565222841
AFG,NEPS_AFG,DiscountedWeightedCostsCumulated,2032.0,Generation costs: $m,0.0
AFG,NEPS_AFG,DiscountedWeightedCostsCumulated,2032.0,Import costs with external zones: $m,0.0
AFG,NEPS_AFG,DiscountedWeightedCostsCumulated,2032.0,Import costs with internal zones: $m,802.9661863736134
AFG,NEPS_AFG,DiscountedWeightedCostsCumulated,2032.0,NPV of system cost: $m,0.0
AFG,NEPS_AFG,DiscountedWeightedCostsCumulated,2032.0,Spinning reserve costs: $m,0.0
AFG,NEPS_AFG,DiscountedWeightedCostsCumulated,2032.0,Startup costs: $m,0.0
AFG,NEPS_AFG,DiscountedWeightedCostsCumulated,2032.0,Trade shared benefits: $m,-119.08051483594014
AFG,NEPS_AFG,DiscountedWeightedCostsCumulated,2032.0,Transmission costs: $m,0.0
AFG,NEPS_AFG,DiscountedWeightedCostsCumulated,2032.0,Unmet country CO2 backstop cost: $m,0.0
AFG,NEPS_AFG,DiscountedWeightedCostsCumulated,2032.0,Unmet country planning reserve costs: $m,0.0
AFG,NEPS_AFG,DiscountedWeightedCostsCumulated,2032.0,Unmet country spinning reserve costs: $m,0.0
AFG,NEPS_AFG,DiscountedWeightedCostsCumulated,2032.0,Unmet demand costs: $m,0.0
AFG,NEPS_AFG,DiscountedWeightedCostsCumulated,2032.0,Unmet system CO2 backstop cost: $m,0.0
AFG,NEPS_AFG,DiscountedWeightedCostsCumulated,2032.0,Unmet system planning reserve costs: $m,0.0
AFG,NEPS_AFG,DiscountedWeightedCostsCumulated,2032.0,Unmet system spinning reserve costs: $m,0.0
AFG,NEPS_AFG,DiscountedWeightedCostsCumulated,2032.0,VRE curtailment: $m,0.0
AFG,NEPS_AFG,DiscountedWeightedCostsCumulated,2032.0,Variable O&M: $m,153.4164803296219
AFG,NEPS_AFG,DiscountedWeightedCostsCumulated,2033.0,Carbon costs: $m,0.0
AFG,NEPS_AFG,DiscountedWeightedCostsCumulated,2033.0,Excess generation: $m,0.0
AFG,NEPS_AFG,DiscountedWeightedCostsCumulated,2033.0,Export revenues with external zones: $m,0.0
AFG,NEPS_AFG,DiscountedWeightedCostsCumulated,2033.0,Export revenues with internal zones: $m,-1379.1957924320554
AFG,NEPS_AFG,DiscountedWeightedCostsCumulated,2033.0,Fixed O&M: $m,221.7347993411767
AFG,NEPS_AFG,DiscountedWeightedCostsCumulated,2033.0,Fuel costs: $m,574.8018401229174
AFG,NEPS_AFG,DiscountedWeightedCostsCumulated,2033.0,Generation costs: $m,0.0
AFG,NEPS_AFG,DiscountedWeightedCostsCumulated,2033.0,Import costs with external zones: $m,0.0
AFG,NEPS_AFG,DiscountedWeightedCostsCumulated,2033.0,Import costs with internal zones: $m,864.3990809133079
AFG,NEPS_AFG,DiscountedWeightedCostsCumulated,2033.0,NPV of system cost: $m,0.0
AFG,NEPS_AFG,DiscountedWeightedCostsCumulated,2033.0,Spinning reserve costs: $m,0.0
AFG,NEPS_AFG,DiscountedWeightedCostsCumulated,2033.0,Startup costs: $m,0.0
AFG,NEPS_AFG,DiscountedWeightedCostsCumulated,2033.0,Trade shared benefits: $m,-133.1170817300453
AFG,NEPS_AFG,DiscountedWeightedCostsCumulated,2033.0,Transmission costs: $m,0.0
AFG,NEPS_AFG,DiscountedWeightedCostsCumulated,2033.0,Unmet country CO2 backstop cost: $m,0.0
AFG,NEPS_AFG,DiscountedWeightedCostsCumulated,2033.0,Unmet country planning reserve costs: $m,0.0
AFG,NEPS_AFG,DiscountedWeightedCostsCumulated,2033.0,Unmet country spinning reserve costs: $m,0.0
AFG,NEPS_AFG,DiscountedWeightedCostsCumulated,2033.0,Unmet demand costs: $m,0.0
AFG,NEPS_AFG,DiscountedWeightedCostsCumulated,2033.0,Unmet system CO2 backstop cost: $m,0.0
AFG,NEPS_AFG,DiscountedWeightedCostsCumulated,2033.0,Unmet system planning reserve costs: $m,0.0
AFG,NEPS_AFG,DiscountedWeightedCostsCumulated,2033.0,Unmet system spinning reserve costs: $m,0.0
AFG,NEPS_AFG,DiscountedWeightedCostsCumulated,2033.0,VRE curtailment: $m,0.0
AFG,NEPS_AFG,DiscountedWeightedCostsCumulated,2033.0,Variable O&M: $m,173.85741699026727
AFG,NEPS_AFG,DiscountedWeightedCostsCumulated,2034.0,Carbon costs: $m,0.0
AFG,NEPS_AFG,DiscountedWeightedCostsCumulated,2034.0,Excess generation: $m,0.0
AFG,NEPS_AFG,DiscountedWeightedCostsCumulated,2034.0,Export revenues with external zones: $m,0.0
AFG,NEPS_AFG,DiscountedWeightedCostsCumulated,2034.0,Export revenues with internal zones: $m,-1535.8378650695795
AFG,NEPS_AFG,DiscountedWeightedCostsCumulated,2034.0,Fixed O&M: $m,251.91329288018488
AFG,NEPS_AFG,DiscountedWeightedCostsCumulated,2034.0,Fuel costs: $m,688.2730016343642
AFG,NEPS_AFG,DiscountedWeightedCostsCumulated,2034.0,Generation costs: $m,0.0
AFG,NEPS_AFG,DiscountedWeightedCostsCumulated,2034.0,Import costs with external zones: $m,0.0
AFG,NEPS_AFG,DiscountedWeightedCostsCumulated,2034.0,Import costs with internal zones: $m,916.2518977124306
AFG,NEPS_AFG,DiscountedWeightedCostsCumulated,2034.0,NPV of system cost: $m,0.0
AFG,NEPS_AFG,DiscountedWeightedCostsCumulated,2034.0,Spinning reserve costs: $m,0.0
AFG,NEPS_AFG,DiscountedWeightedCostsCumulated,2034.0,Startup costs: $m,0.0
AFG,NEPS_AFG,DiscountedWeightedCostsCumulated,2034.0,Trade shared benefits: $m,-143.22674196386706
AFG,NEPS_AFG,DiscountedWeightedCostsCumulated,2034.0,Transmission costs: $m,0.0
AFG,NEPS_AFG,DiscountedWeightedCostsCumulated,2034.0,Unmet country CO2 backstop cost: $m,0.0
AFG,NEPS_AFG,DiscountedWeightedCostsCumulated,2034.0,Unmet country planning reserve costs: $m,0.0
AFG,NEPS_AFG,DiscountedWeightedCostsCumulated,2034.0,Unmet country spinning reserve costs: $m,0.0
AFG,NEPS_AFG,DiscountedWeightedCostsCumulated,2034.0,Unmet demand costs: $m,0.0
AFG,NEPS_AFG,DiscountedWeightedCostsCumulated,2034.0,Unmet system CO2 backstop cost: $m,0.0
AFG,NEPS_AFG,DiscountedWeightedCostsCumulated,2034.0,Unmet system planning reserve costs: $m,0.0
AFG,NEPS_AFG,DiscountedWeightedCostsCumulated,2034.0,Unmet system spinning reserve costs: $m,0.0
AFG,NEPS_AFG,DiscountedWeightedCostsCumulated,2034.0,VRE curtailment: $m,0.0
AFG,NEPS_AFG,DiscountedWeightedCostsCumulated,2034.0,Variable O&M: $m,193.81084269238585
AFG,NEPS_AFG,DiscountedWeightedCostsCumulated,2035.0,Carbon costs: $m,0.0
AFG,NEPS_AFG,DiscountedWeightedCostsCumulated,2035.0,Excess generation: $m,0.0
AFG,NEPS_AFG,DiscountedWeightedCostsCumulated,2035.0,Export revenues with external zones: $m,0.0
AFG,NEPS_AFG,DiscountedWeightedCostsCumulated,2035.0,Export revenues with internal zones: $m,-1686.2613293548557
AFG,NEPS_AFG,DiscountedWeightedCostsCumulated,2035.0,Fixed O&M: $m,280.846954607043
AFG,NEPS_AFG,DiscountedWeightedCostsCumulated,2035.0,Fuel costs: $m,797.6562377432684
AFG,NEPS_AFG,DiscountedWeightedCostsCumulated,2035.0,Generation costs: $m,0.0
AFG,NEPS_AFG,DiscountedWeightedCostsCumulated,2035.0,Import costs with external zones: $m,0.0
AFG,NEPS_AFG,DiscountedWeightedCostsCumulated,2035.0,Import costs with internal zones: $m,966.0421328074748
AFG,NEPS_AFG,DiscountedWeightedCostsCumulated,2035.0,NPV of system cost: $m,0.0
AFG,NEPS_AFG,DiscountedWeightedCostsCumulated,2035.0,Spinning reserve costs: $m,0.0
AFG,NEPS_AFG,DiscountedWeightedCostsCumulated,2035.0,Startup costs: $m,0.0
AFG,NEPS_AFG,DiscountedWeightedCostsCumulated,2035.0,Trade shared benefits: $m,-150.2870162320803
AFG,NEPS_AFG,DiscountedWeightedCostsCumulated,2035.0,Transmission costs: $m,0.0
AFG,NEPS_AFG,DiscountedWeightedCostsCumulated,2035.0,Unmet country CO2 backstop cost: $m,0.0
AFG,NEPS_AFG,DiscountedWeightedCostsCumulated,2035.0,Unmet country planning reserve costs: $m,0.0
AFG,NEPS_AFG,DiscountedWeightedCostsCumulated,2035.0,Unmet country spinning reserve costs: $m,0.0
AFG,NEPS_AFG,DiscountedWeightedCostsCumulated,2035.0,Unmet demand costs: $m,0.0
AFG,NEPS_AFG,DiscountedWeightedCostsCumulated,2035.0,Unmet system CO2 backstop cost: $m,0.0
AFG,NEPS_AFG,DiscountedWeightedCostsCumulated,2035.0,Unmet system planning reserve costs: $m,0.0
AFG,NEPS_AFG,DiscountedWeightedCostsCumulated,2035.0,Unmet system spinning reserve costs: $m,0.0
AFG,NEPS_AFG,DiscountedWeightedCostsCumulated,2035.0,VRE curtailment: $m,0.0
AFG,NEPS_AFG,DiscountedWeightedCostsCumulated,2035.0,Variable O&M: $m,212.5397132961424
AFG,NEPS_AFG,DiscountedWeightedCostsCumulated,2040.0,Carbon costs: $m,0.0
AFG,NEPS_AFG,DiscountedWeightedCostsCumulated,2040.0,Excess generation: $m,0.0
AFG,NEPS_AFG,DiscountedWeightedCostsCumulated,2040.0,Export revenues with external zones: $m,0.0
AFG,NEPS_AFG,DiscountedWeightedCostsCumulated,2040.0,Export revenues with internal zones: $m,-2182.1364674761394
AFG,NEPS_AFG,DiscountedWeightedCostsCumulated,2040.0,Fixed O&M: $m,421.1313712304149
AFG,NEPS_AFG,DiscountedWeightedCostsCumulated,2040.0,Fuel costs: $m,1331.5988810773968
AFG,NEPS_AFG,DiscountedWeightedCostsCumulated,2040.0,Generation costs: $m,0.0
AFG,NEPS_AFG,DiscountedWeightedCostsCumulated,2040.0,Import costs with external zones: $m,0.0
AFG,NEPS_AFG,DiscountedWeightedCostsCumulated,2040.0,Import costs with internal zones: $m,1155.5264808602246
AFG,NEPS_AFG,DiscountedWeightedCostsCumulated,2040.0,NPV of system cost: $m,0.0
AFG,NEPS_AFG,DiscountedWeightedCostsCumulated,2040.0,Spinning reserve costs: $m,0.0
AFG,NEPS_AFG,DiscountedWeightedCostsCumulated,2040.0,Startup costs: $m,0.0
AFG,NEPS_AFG,DiscountedWeightedCostsCumulated,2040.0,Trade shared benefits: $m,-185.62415566826857
AFG,NEPS_AFG,DiscountedWeightedCostsCumulated,2040.0,Transmission costs: $m,0.0
AFG,NEPS_AFG,DiscountedWeightedCostsCumulated,2040.0,Unmet country CO2 backstop cost: $m,0.0
AFG,NEPS_AFG,DiscountedWeightedCostsCumulated,2040.0,Unmet country planning reserve costs: $m,0.0
AFG,NEPS_AFG,DiscountedWeightedCostsCumulated,2040.0,Unmet country spinning reserve costs: $m,0.0
AFG,NEPS_AFG,DiscountedWeightedCostsCumulated,2040.0,Unmet demand costs: $m,0.0
AFG,NEPS_AFG,DiscountedWeightedCostsCumulated,2040.0,Unmet system CO2 backstop cost: $m,0.0
AFG,NEPS_AFG,DiscountedWeightedCostsCumulated,2040.0,Unmet system planning reserve costs: $m,0.0
AFG,NEPS_AFG,DiscountedWeightedCostsCumulated,2040.0,Unmet system spinning reserve costs: $m,0.0
AFG,NEPS_AFG,DiscountedWeightedCostsCumulated,2040.0,VRE curtailment: $m,0.0
AFG,NEPS_AFG,DiscountedWeightedCostsCumulated,2040.0,Variable O&M: $m,290.1748769417271
AFG,NEPS_AFG,DiscountedWeightedCostsCumulated,2045.0,Carbon costs: $m,0.0
AFG,NEPS_AFG,DiscountedWeightedCostsCumulated,2045.0,Excess generation: $m,0.0
AFG,NEPS_AFG,DiscountedWeightedCostsCumulated,2045.0,Export revenues with external zones: $m,0.0
AFG,NEPS_AFG,DiscountedWeightedCostsCumulated,2045.0,Export revenues with internal zones: $m,-2445.4936718235467
AFG,NEPS_AFG,DiscountedWeightedCostsCumulated,2045.0,Fixed O&M: $m,533.2380972076868
AFG,NEPS_AFG,DiscountedWeightedCostsCumulated,2045.0,Fuel costs: $m,1750.2742410615474
AFG,NEPS_AFG,DiscountedWeightedCostsCumulated,2045.0,Generation costs: $m,0.0
AFG,NEPS_AFG,DiscountedWeightedCostsCumulated,2045.0,Import costs with external zones: $m,0.0
AFG,NEPS_AFG,DiscountedWeightedCostsCumulated,2045.0,Import costs with internal zones: $m,1277.419382140387
AFG,NEPS_AFG,DiscountedWeightedCostsCumulated,2045.0,NPV of system cost: $m,0.0
AFG,NEPS_AFG,DiscountedWeightedCostsCumulated,2045.0,Spinning reserve costs: $m,0.0
AFG,NEPS_AFG,DiscountedWeightedCostsCumulated,2045.0,Startup costs: $m,0.0
AFG,NEPS_AFG,DiscountedWeightedCostsCumulated,2045.0,Trade shared benefits: $m,-191.08277391008343
AFG,NEPS_AFG,DiscountedWeightedCostsCumulated,2045.0,Transmission costs: $m,0.0
AFG,NEPS_AFG,DiscountedWeightedCostsCumulated,2045.0,Unmet country CO2 backstop cost: $m,0.0
AFG,NEPS_AFG,DiscountedWeightedCostsCumulated,2045.0,Unmet country planning reserve costs: $m,0.0
AFG,NEPS_AFG,DiscountedWeightedCostsCumulated,2045.0,Unmet country spinning reserve costs: $m,0.0
AFG,NEPS_AFG,DiscountedWeightedCostsCumulated,2045.0,Unmet demand costs: $m,0.0028216394126012
AFG,NEPS_AFG,DiscountedWeightedCostsCumulated,2045.0,Unmet system CO2 backstop cost: $m,0.0
AFG,NEPS_AFG,DiscountedWeightedCostsCumulated,2045.0,Unmet system planning reserve costs: $m,0.0
AFG,NEPS_AFG,DiscountedWeightedCostsCumulated,2045.0,Unmet system spinning reserve costs: $m,0.0
AFG,NEPS_AFG,DiscountedWeightedCostsCumulated,2045.0,VRE curtailment: $m,0.0
AFG,NEPS_AFG,DiscountedWeightedCostsCumulated,2045.0,Variable O&M: $m,345.4687348376727
AFG,NEPS_AFG,DiscountedWeightedCostsCumulated,2050.0,Carbon costs: $m,0.0
AFG,NEPS_AFG,DiscountedWeightedCostsCumulated,2050.0,Excess generation: $m,0.0
AFG,NEPS_AFG,DiscountedWeightedCostsCumulated,2050.0,Export revenues with external zones: $m,0.0
AFG,NEPS_AFG,DiscountedWeightedCostsCumulated,2050.0,Export revenues with internal zones: $m,-2614.2872636176644
AFG,NEPS_AFG,DiscountedWeightedCostsCumulated,2050.0,Fixed O&M: $m,620.2876315154173
AFG,NEPS_AFG,DiscountedWeightedCostsCumulated,2050.0,Fuel costs: $m,2129.279367396623
AFG,NEPS_AFG,DiscountedWeightedCostsCumulated,2050.0,Generation costs: $m,0.0
AFG,NEPS_AFG,DiscountedWeightedCostsCumulated,2050.0,Import costs with external zones: $m,0.0
AFG,NEPS_AFG,DiscountedWeightedCostsCumulated,2050.0,Import costs with internal zones: $m,1351.4190312900598
AFG,NEPS_AFG,DiscountedWeightedCostsCumulated,2050.0,NPV of system cost: $m,0.0
AFG,NEPS_AFG,DiscountedWeightedCostsCumulated,2050.0,Spinning reserve costs: $m,0.0
AFG,NEPS_AFG,DiscountedWeightedCostsCumulated,2050.0,Startup costs: $m,0.0
AFG,NEPS_AFG,DiscountedWeightedCostsCumulated,2050.0,Trade shared benefits: $m,-192.23992841852905
AFG,NEPS_AFG,DiscountedWeightedCostsCumulated,2050.0,Transmission costs: $m,0.0
AFG,NEPS_AFG,DiscountedWeightedCostsCumulated,2050.0,Unmet country CO2 backstop cost: $m,0.0
AFG,NEPS_AFG,DiscountedWeightedCostsCumulated,2050.0,Unmet country planning reserve costs: $m,0.0
AFG,NEPS_AFG,DiscountedWeightedCostsCumulated,2050.0,Unmet country spinning reserve costs: $m,0.0
AFG,NEPS_AFG,DiscountedWeightedCostsCumulated,2050.0,Unmet demand costs: $m,5.832093486701067
AFG,NEPS_AFG,DiscountedWeightedCostsCumulated,2050.0,Unmet system CO2 backstop cost: $m,0.0
AFG,NEPS_AFG,DiscountedWeightedCostsCumulated,2050.0,Unmet system planning reserve costs: $m,0.0
AFG,NEPS_AFG,DiscountedWeightedCostsCumulated,2050.0,Unmet system spinning reserve costs: $m,0.0
AFG,NEPS_AFG,DiscountedWeightedCostsCumulated,2050.0,VRE curtailment: $m,0.0
AFG,NEPS_AFG,DiscountedWeightedCostsCumulated,2050.0,Variable O&M: $m,389.8752891590792
AFG,NEPS_AFG,GenCostsPerMWh,2026.0,Fixed O&M: $m,2.984556717819125
AFG,NEPS_AFG,GenCostsPerMWh,2026.0,Investment costs: $m,34.17522316185036
AFG,NEPS_AFG,GenCostsPerMWh,2026.0,Variable Cost: $m,5.7814778484378895
AFG,NEPS_AFG,GenCostsPerMWh,2027.0,Fixed O&M: $m,2.9416748507854504
AFG,NEPS_AFG,GenCostsPerMWh,2027.0,Investment costs: $m,33.68419634814534
AFG,NEPS_AFG,GenCostsPerMWh,2027.0,Variable Cost: $m,5.568085222992771
AFG,NEPS_AFG,GenCostsPerMWh,2028.0,Fixed O&M: $m,3.1382822492076405
AFG,NEPS_AFG,GenCostsPerMWh,2028.0,Investment costs: $m,33.81158501818653
AFG,NEPS_AFG,GenCostsPerMWh,2028.0,Variable Cost: $m,8.47757823982108
AFG,NEPS_AFG,GenCostsPerMWh,2029.0,Fixed O&M: $m,3.411563549238041
AFG,NEPS_AFG,GenCostsPerMWh,2029.0,Investment costs: $m,34.79238296531855
AFG,NEPS_AFG,GenCostsPerMWh,2029.0,Variable Cost: $m,11.433656609086617
AFG,NEPS_AFG,GenCostsPerMWh,2030.0,Fixed O&M: $m,3.621993068506128
AFG,NEPS_AFG,GenCostsPerMWh,2030.0,Investment costs: $m,35.45478719072635
AFG,NEPS_AFG,GenCostsPerMWh,2030.0,Variable Cost: $m,14.804564471758033
AFG,NEPS_AFG,GenCostsPerMWh,2031.0,Fixed O&M: $m,3.723592776644629
AFG,NEPS_AFG,GenCostsPerMWh,2031.0,Investment costs: $m,35.34469626315653
AFG,NEPS_AFG,GenCostsPerMWh,2031.0,Variable Cost: $m,14.921256240752616
AFG,NEPS_AFG,GenCostsPerMWh,2032.0,Fixed O&M: $m,3.8799549735361154
AFG,NEPS_AFG,GenCostsPerMWh,2032.0,Investment costs: $m,35.843844796074805
AFG,NEPS_AFG,GenCostsPerMWh,2032.0,Variable Cost: $m,15.643080040233338
AFG,NEPS_AFG,GenCostsPerMWh,2033.0,Fixed O&M: $m,3.996053705991186
AFG,NEPS_AFG,GenCostsPerMWh,2033.0,Investment costs: $m,36.019559718778446
AFG,NEPS_AFG,GenCostsPerMWh,2033.0,Variable Cost: $m,16.43381633509388
AFG,NEPS_AFG,GenCostsPerMWh,2034.0,Fixed O&M: $m,3.962735561310765
AFG,NEPS_AFG,GenCostsPerMWh,2034.0,Investment costs: $m,34.919974545393025
AFG,NEPS_AFG,GenCostsPerMWh,2034.0,Variable Cost: $m,17.519971824338455
AFG,NEPS_AFG,GenCostsPerMWh,2035.0,Fixed O&M: $m,3.999625371244595
AFG,NEPS_AFG,GenCostsPerMWh,2035.0,Investment costs: $m,34.45701553652652
AFG,NEPS_AFG,GenCostsPerMWh,2035.0,Variable Cost: $m,17.709491360228
AFG,NEPS_AFG,GenCostsPerMWh,2040.0,Fixed O&M: $m,4.390267865405495
AFG,NEPS_AFG,GenCostsPerMWh,2040.0,Investment costs: $m,35.81235388903482
AFG,NEPS_AFG,GenCostsPerMWh,2040.0,Variable Cost: $m,19.13961976537084
AFG,NEPS_AFG,GenCostsPerMWh,2045.0,Fixed O&M: $m,4.749773312608397
AFG,NEPS_AFG,GenCostsPerMWh,2045.0,Investment costs: $m,35.746200157306305
AFG,NEPS_AFG,GenCostsPerMWh,2045.0,Variable Cost: $m,20.081278107623625
AFG,NEPS_AFG,GenCostsPerMWh,2050.0,Fixed O&M: $m,4.68932226135213
AFG,NEPS_AFG,GenCostsPerMWh,2050.0,Investment costs: $m,33.62962924025002
AFG,NEPS_AFG,GenCostsPerMWh,2050.0,Variable Cost: $m,22.80901139344327
AFG,NEPS_AFG,NetPresentCostPerMWh,,Carbon costs: $m,0.0
AFG,NEPS_AFG,NetPresentCostPerMWh,,Excess generation: $m,0.0
AFG,NEPS_AFG,NetPresentCostPerMWh,,Export revenues with external zones: $m,0.0
AFG,NEPS_AFG,NetPresentCostPerMWh,,Export revenues with internal zones: $m,-21.2275275122099
AFG,NEPS_AFG,NetPresentCostPerMWh,,Fixed O&M: $m,5.036620476533338
AFG,NEPS_AFG,NetPresentCostPerMWh,,Fuel costs: $m,17.28935338576589
AFG,NEPS_AFG,NetPresentCostPerMWh,,Generation costs: $m,0.0
AFG,NEPS_AFG,NetPresentCostPerMWh,,Import costs with external zones: $m,0.0
AFG,NEPS_AFG,NetPresentCostPerMWh,,Import costs with internal zones: $m,10.973271784806151
AFG,NEPS_AFG,NetPresentCostPerMWh,,NPV of system cost: $m,0.0
AFG,NEPS_AFG,NetPresentCostPerMWh,,Spinning reserve costs: $m,0.0
AFG,NEPS_AFG,NetPresentCostPerMWh,,Startup costs: $m,0.0
AFG,NEPS_AFG,NetPresentCostPerMWh,,Trade shared benefits: $m,-1.5609525495689345
AFG,NEPS_AFG,NetPresentCostPerMWh,,Transmission costs: $m,0.0
AFG,NEPS_AFG,NetPresentCostPerMWh,,Unmet country CO2 backstop cost: $m,0.0
AFG,NEPS_AFG,NetPresentCostPerMWh,,Unmet country planning reserve costs: $m,0.0
AFG,NEPS_AFG,NetPresentCostPerMWh,,Unmet country spinning reserve costs: $m,0.0
AFG,NEPS_AFG,NetPresentCostPerMWh,,Unmet demand costs: $m,0.0473555169952558
AFG,NEPS_AFG,NetPresentCostPerMWh,,Unmet system CO2 backstop cost: $m,0.0
AFG,NEPS_AFG,NetPresentCostPerMWh,,Unmet system planning reserve costs: $m,0.0
AFG,NEPS_AFG,NetPresentCostPerMWh,,Unmet system spinning reserve costs: $m,0.0
AFG,NEPS_AFG,NetPresentCostPerMWh,,VRE curtailment: $m,0.0
AFG,NEPS_AFG,NetPresentCostPerMWh,,Variable O&M: $m,3.1657150084962926
AFG,NEPS_HERAT,Costs,2026.0,Carbon costs: $m,0.0
AFG,NEPS_HERAT,Costs,2026.0,Excess generation: $m,0.0
AFG,NEPS_HERAT,Costs,2026.0,Export revenues with external zones: $m,0.0
AFG,NEPS_HERAT,Costs,2026.0,Export revenues with internal zones: $m,0.0
AFG,NEPS_HERAT,Costs,2026.0,Fixed O&M: $m,5.134838535069436
AFG,NEPS_HERAT,Costs,2026.0,Fuel costs: $m,72.45987654859543
AFG,NEPS_HERAT,Costs,2026.0,Generation costs: $m,0.0
AFG,NEPS_HERAT,Costs,2026.0,Import costs with external zones: $m,0.0
AFG,NEPS_HERAT,Costs,2026.0,Import costs with internal zones: $m,4.449625295316173e-10
AFG,NEPS_HERAT,Costs,2026.0,NPV of system cost: $m,0.0
AFG,NEPS_HERAT,Costs,2026.0,Spinning reserve costs: $m,0.0
AFG,NEPS_HERAT,Costs,2026.0,Startup costs: $m,0.0
AFG,NEPS_HERAT,Costs,2026.0,Trade shared benefits: $m,-4.8482493212597426e-11
AFG,NEPS_HERAT,Costs,2026.0,Transmission costs: $m,0.0
AFG,NEPS_HERAT,Costs,2026.0,Unmet country CO2 backstop cost: $m,0.0
AFG,NEPS_HERAT,Costs,2026.0,Unmet country planning reserve costs: $m,0.0
AFG,NEPS_HERAT,Costs,2026.0,Unmet country spinning reserve costs: $m,0.0
AFG,NEPS_HERAT,Costs,2026.0,Unmet demand costs: $m,0.6059428658323252
AFG,NEPS_HERAT,Costs,2026.0,Unmet system CO2 backstop cost: $m,0.0
AFG,NEPS_HERAT,Costs,2026.0,Unmet system planning reserve costs: $m,0.0
AFG,NEPS_HERAT,Costs,2026.0,Unmet system spinning reserve costs: $m,0.0
AFG,NEPS_HERAT,Costs,2026.0,VRE curtailment: $m,0.0
AFG,NEPS_HERAT,Costs,2026.0,Variable O&M: $m,6.113480579966267
AFG,NEPS_HERAT,Costs,2027.0,Carbon costs: $m,0.0
AFG,NEPS_HERAT,Costs,2027.0,Excess generation: $m,0.0
AFG,NEPS_HERAT,Costs,2027.0,Export revenues with external zones: $m,0.0
AFG,NEPS_HERAT,Costs,2027.0,Export revenues with internal zones: $m,-3.5582732391262443e-10
AFG,NEPS_HERAT,Costs,2027.0,Fixed O&M: $m,5.36200831938409
AFG,NEPS_HERAT,Costs,2027.0,Fuel costs: $m,77.04909682126247
AFG,NEPS_HERAT,Costs,2027.0,Generation costs: $m,0.0
AFG,NEPS_HERAT,Costs,2027.0,Import costs with external zones: $m,0.0
AFG,NEPS_HERAT,Costs,2027.0,Import costs with internal zones: $m,8.913520561899159e-11
AFG,NEPS_HERAT,Costs,2027.0,NPV of system cost: $m,0.0
AFG,NEPS_HERAT,Costs,2027.0,Spinning reserve costs: $m,0.0
AFG,NEPS_HERAT,Costs,2027.0,Startup costs: $m,0.0
AFG,NEPS_HERAT,Costs,2027.0,Trade shared benefits: $m,-3.1485398079143477e-11
AFG,NEPS_HERAT,Costs,2027.0,Transmission costs: $m,0.0
AFG,NEPS_HERAT,Costs,2027.0,Unmet country CO2 backstop cost: $m,0.0
AFG,NEPS_HERAT,Costs,2027.0,Unmet country planning reserve costs: $m,0.0
AFG,NEPS_HERAT,Costs,2027.0,Unmet country spinning reserve costs: $m,0.0
AFG,NEPS_HERAT,Costs,2027.0,Unmet demand costs: $m,0.6544520108990215
AFG,NEPS_HERAT,Costs,2027.0,Unmet system CO2 backstop cost: $m,0.0
AFG,NEPS_HERAT,Costs,2027.0,Unmet system planning reserve costs: $m,0.0
AFG,NEPS_HERAT,Costs,2027.0,Unmet system spinning reserve costs: $m,0.0
AFG,NEPS_HERAT,Costs,2027.0,VRE curtailment: $m,0.0
AFG,NEPS_HERAT,Costs,2027.0,Variable O&M: $m,6.49683487422374
AFG,NEPS_HERAT,Costs,2028.0,Carbon costs: $m,0.0
AFG,NEPS_HERAT,Costs,2028.0,Excess generation: $m,0.0
AFG,NEPS_HERAT,Costs,2028.0,Export revenues with external zones: $m,0.0
AFG,NEPS_HERAT,Costs,2028.0,Export revenues with internal zones: $m,-3.3879757826760807e-10
AFG,NEPS_HERAT,Costs,2028.0,Fixed O&M: $m,5.602329782746392
AFG,NEPS_HERAT,Costs,2028.0,Fuel costs: $m,81.89881484906354
AFG,NEPS_HERAT,Costs,2028.0,Generation costs: $m,0.0
AFG,NEPS_HERAT,Costs,2028.0,Import costs with external zones: $m,0.0
AFG,NEPS_HERAT,Costs,2028.0,Import costs with internal zones: $m,8.913520561899149e-11
AFG,NEPS_HERAT,Costs,2028.0,NPV of system cost: $m,0.0
AFG,NEPS_HERAT,Costs,2028.0,Spinning reserve costs: $m,0.0
AFG,NEPS_HERAT,Costs,2028.0,Startup costs: $m,0.0
AFG,NEPS_HERAT,Costs,2028.0,Trade shared benefits: $m,-3.991932331106751e-11
AFG,NEPS_HERAT,Costs,2028.0,Transmission costs: $m,0.0
AFG,NEPS_HERAT,Costs,2028.0,Unmet country CO2 backstop cost: $m,0.0
AFG,NEPS_HERAT,Costs,2028.0,Unmet country planning reserve costs: $m,0.0
AFG,NEPS_HERAT,Costs,2028.0,Unmet country spinning reserve costs: $m,0.0
AFG,NEPS_HERAT,Costs,2028.0,Unmet demand costs: $m,0.709018388354386
AFG,NEPS_HERAT,Costs,2028.0,Unmet system CO2 backstop cost: $m,0.0
AFG,NEPS_HERAT,Costs,2028.0,Unmet system planning reserve costs: $m,0.0
AFG,NEPS_HERAT,Costs,2028.0,Unmet system spinning reserve costs: $m,0.0
AFG,NEPS_HERAT,Costs,2028.0,VRE curtailment: $m,0.0
AFG,NEPS_HERAT,Costs,2028.0,Variable O&M: $m,6.901936719201166
AFG,NEPS_HERAT,Costs,2029.0,Carbon costs: $m,0.0
AFG,NEPS_HERAT,Costs,2029.0,Excess generation: $m,0.0
AFG,NEPS_HERAT,Costs,2029.0,Export revenues with external zones: $m,0.0
AFG,NEPS_HERAT,Costs,2029.0,Export revenues with internal zones: $m,-2.5122244828835486e-10
AFG,NEPS_HERAT,Costs,2029.0,Fixed O&M: $m,6.706944338989449
AFG,NEPS_HERAT,Costs,2029.0,Fuel costs: $m,83.25006485812314
AFG,NEPS_HERAT,Costs,2029.0,Generation costs: $m,0.0
AFG,NEPS_HERAT,Costs,2029.0,Import costs with external zones: $m,0.0
AFG,NEPS_HERAT,Costs,2029.0,Import costs with internal zones: $m,1.8533754183529823e-10
AFG,NEPS_HERAT,Costs,2029.0,NPV of system cost: $m,0.0
AFG,NEPS_HERAT,Costs,2029.0,Spinning reserve costs: $m,0.0
AFG,NEPS_HERAT,Costs,2029.0,Startup costs: $m,0.0
AFG,NEPS_HERAT,Costs,2029.0,Trade shared benefits: $m,-4.9022013766263214e-11
AFG,NEPS_HERAT,Costs,2029.0,Transmission costs: $m,0.0
AFG,NEPS_HERAT,Costs,2029.0,Unmet country CO2 backstop cost: $m,0.0
AFG,NEPS_HERAT,Costs,2029.0,Unmet country planning reserve costs: $m,0.0
AFG,NEPS_HERAT,Costs,2029.0,Unmet country spinning reserve costs: $m,0.0
AFG,NEPS_HERAT,Costs,2029.0,Unmet demand costs: $m,0.7072624477730506
AFG,NEPS_HERAT,Costs,2029.0,Unmet system CO2 backstop cost: $m,0.0
AFG,NEPS_HERAT,Costs,2029.0,Unmet system planning reserve costs: $m,0.0
AFG,NEPS_HERAT,Costs,2029.0,Unmet system spinning reserve costs: $m,0.0
AFG,NEPS_HERAT,Costs,2029.0,VRE curtailment: $m,0.0
AFG,NEPS_HERAT,Costs,2029.0,Variable O&M: $m,7.015377832855601
AFG,NEPS_HERAT,Costs,2030.0,Carbon costs: $m,0.0
AFG,NEPS_HERAT,Costs,2030.0,Excess generation: $m,0.0
AFG,NEPS_HERAT,Costs,2030.0,Export revenues with external zones: $m,0.0
AFG,NEPS_HERAT,Costs,2030.0,Export revenues with internal zones: $m,-5.836989243759399
AFG,NEPS_HERAT,Costs,2030.0,Fixed O&M: $m,8.21572755759408
AFG,NEPS_HERAT,Costs,2030.0,Fuel costs: $m,64.58250750718608
AFG,NEPS_HERAT,Costs,2030.0,Generation costs: $m,0.0
AFG,NEPS_HERAT,Costs,2030.0,Import costs with external zones: $m,0.0
AFG,NEPS_HERAT,Costs,2030.0,Import costs with internal zones: $m,23.77293889239289
AFG,NEPS_HERAT,Costs,2030.0,NPV of system cost: $m,0.0
AFG,NEPS_HERAT,Costs,2030.0,Spinning reserve costs: $m,0.0
AFG,NEPS_HERAT,Costs,2030.0,Startup costs: $m,0.0
AFG,NEPS_HERAT,Costs,2030.0,Trade shared benefits: $m,-0.0740981493509796
AFG,NEPS_HERAT,Costs,2030.0,Transmission costs: $m,0.0
AFG,NEPS_HERAT,Costs,2030.0,Unmet country CO2 backstop cost: $m,0.0
AFG,NEPS_HERAT,Costs,2030.0,Unmet country planning reserve costs: $m,0.0
AFG,NEPS_HERAT,Costs,2030.0,Unmet country spinning reserve costs: $m,0.0
AFG,NEPS_HERAT,Costs,2030.0,Unmet demand costs: $m,0.0
AFG,NEPS_HERAT,Costs,2030.0,Unmet system CO2 backstop cost: $m,0.0
AFG,NEPS_HERAT,Costs,2030.0,Unmet system planning reserve costs: $m,0.0
AFG,NEPS_HERAT,Costs,2030.0,Unmet system spinning reserve costs: $m,0.0
AFG,NEPS_HERAT,Costs,2030.0,VRE curtailment: $m,0.0
AFG,NEPS_HERAT,Costs,2030.0,Variable O&M: $m,5.508959465316117
AFG,NEPS_HERAT,Costs,2031.0,Carbon costs: $m,0.0
AFG,NEPS_HERAT,Costs,2031.0,Excess generation: $m,0.0
AFG,NEPS_HERAT,Costs,2031.0,Export revenues with external zones: $m,0.0
AFG,NEPS_HERAT,Costs,2031.0,Export revenues with internal zones: $m,-21.11625122755209
AFG,NEPS_HERAT,Costs,2031.0,Fixed O&M: $m,9.538571689800904
AFG,NEPS_HERAT,Costs,2031.0,Fuel costs: $m,57.77465558815853
AFG,NEPS_HERAT,Costs,2031.0,Generation costs: $m,0.0
AFG,NEPS_HERAT,Costs,2031.0,Import costs with external zones: $m,0.0
AFG,NEPS_HERAT,Costs,2031.0,Import costs with internal zones: $m,43.6744783267642
AFG,NEPS_HERAT,Costs,2031.0,NPV of system cost: $m,0.0
AFG,NEPS_HERAT,Costs,2031.0,Spinning reserve costs: $m,0.0
AFG,NEPS_HERAT,Costs,2031.0,Startup costs: $m,0.0
AFG,NEPS_HERAT,Costs,2031.0,Trade shared benefits: $m,-1.2389733683448867e-14
AFG,NEPS_HERAT,Costs,2031.0,Transmission costs: $m,0.0
AFG,NEPS_HERAT,Costs,2031.0,Unmet country CO2 backstop cost: $m,0.0
AFG,NEPS_HERAT,Costs,2031.0,Unmet country planning reserve costs: $m,0.0
AFG,NEPS_HERAT,Costs,2031.0,Unmet country spinning reserve costs: $m,0.0
AFG,NEPS_HERAT,Costs,2031.0,Unmet demand costs: $m,0.0
AFG,NEPS_HERAT,Costs,2031.0,Unmet system CO2 backstop cost: $m,0.0
AFG,NEPS_HERAT,Costs,2031.0,Unmet system planning reserve costs: $m,0.0
AFG,NEPS_HERAT,Costs,2031.0,Unmet system spinning reserve costs: $m,0.0
AFG,NEPS_HERAT,Costs,2031.0,VRE curtailment: $m,0.0
AFG,NEPS_HERAT,Costs,2031.0,Variable O&M: $m,4.932566953868661
AFG,NEPS_HERAT,Costs,2032.0,Carbon costs: $m,0.0
AFG,NEPS_HERAT,Costs,2032.0,Excess generation: $m,0.0
AFG,NEPS_HERAT,Costs,2032.0,Export revenues with external zones: $m,0.0
AFG,NEPS_HERAT,Costs,2032.0,Export revenues with internal zones: $m,-24.28368588055612
AFG,NEPS_HERAT,Costs,2032.0,Fixed O&M: $m,10.91957141268655
AFG,NEPS_HERAT,Costs,2032.0,Fuel costs: $m,58.60702239094725
AFG,NEPS_HERAT,Costs,2032.0,Generation costs: $m,0.0
AFG,NEPS_HERAT,Costs,2032.0,Import costs with external zones: $m,0.0
AFG,NEPS_HERAT,Costs,2032.0,Import costs with internal zones: $m,49.17045165515947
AFG,NEPS_HERAT,Costs,2032.0,NPV of system cost: $m,0.0
AFG,NEPS_HERAT,Costs,2032.0,Spinning reserve costs: $m,0.0
AFG,NEPS_HERAT,Costs,2032.0,Startup costs: $m,0.0
AFG,NEPS_HERAT,Costs,2032.0,Trade shared benefits: $m,-3.270272941335861e-16
AFG,NEPS_HERAT,Costs,2032.0,Transmission costs: $m,0.0
AFG,NEPS_HERAT,Costs,2032.0,Unmet country CO2 backstop cost: $m,0.0
AFG,NEPS_HERAT,Costs,2032.0,Unmet country planning reserve costs: $m,0.0
AFG,NEPS_HERAT,Costs,2032.0,Unmet country spinning reserve costs: $m,0.0
AFG,NEPS_HERAT,Costs,2032.0,Unmet demand costs: $m,0.0
AFG,NEPS_HERAT,Costs,2032.0,Unmet system CO2 backstop cost: $m,0.0
AFG,NEPS_HERAT,Costs,2032.0,Unmet system planning reserve costs: $m,0.0
AFG,NEPS_HERAT,Costs,2032.0,Unmet system spinning reserve costs: $m,0.0
AFG,NEPS_HERAT,Costs,2032.0,VRE curtailment: $m,0.0
AFG,NEPS_HERAT,Costs,2032.0,Variable O&M: $m,5.003039989653106
AFG,NEPS_HERAT,Costs,2033.0,Carbon costs: $m,0.0
AFG,NEPS_HERAT,Costs,2033.0,Excess generation: $m,0.0
AFG,NEPS_HERAT,Costs,2033.0,Export revenues with external zones: $m,0.0
AFG,NEPS_HERAT,Costs,2033.0,Export revenues with internal zones: $m,-24.517504796112668
AFG,NEPS_HERAT,Costs,2033.0,Fixed O&M: $m,12.042866216725868
AFG,NEPS_HERAT,Costs,2033.0,Fuel costs: $m,58.50157543550631
AFG,NEPS_HERAT,Costs,2033.0,Generation costs: $m,0.0
AFG,NEPS_HERAT,Costs,2033.0,Import costs with external zones: $m,0.0
AFG,NEPS_HERAT,Costs,2033.0,Import costs with internal zones: $m,52.95706747475731
AFG,NEPS_HERAT,Costs,2033.0,NPV of system cost: $m,0.0
AFG,NEPS_HERAT,Costs,2033.0,Spinning reserve costs: $m,0.0
AFG,NEPS_HERAT,Costs,2033.0,Startup costs: $m,0.0
AFG,NEPS_HERAT,Costs,2033.0,Trade shared benefits: $m,6.24211793365248e-16
AFG,NEPS_HERAT,Costs,2033.0,Transmission costs: $m,0.0
AFG,NEPS_HERAT,Costs,2033.0,Unmet country CO2 backstop cost: $m,0.0
AFG,NEPS_HERAT,Costs,2033.0,Unmet country planning reserve costs: $m,0.0
AFG,NEPS_HERAT,Costs,2033.0,Unmet country spinning reserve costs: $m,0.0
AFG,NEPS_HERAT,Costs,2033.0,Unmet demand costs: $m,0.0
AFG,NEPS_HERAT,Costs,2033.0,Unmet system CO2 backstop cost: $m,0.0
AFG,NEPS_HERAT,Costs,2033.0,Unmet system planning reserve costs: $m,0.0
AFG,NEPS_HERAT,Costs,2033.0,Unmet system spinning reserve costs: $m,0.0
AFG,NEPS_HERAT,Costs,2033.0,VRE curtailment: $m,0.0
AFG,NEPS_HERAT,Costs,2033.0,Variable O&M: $m,4.994309659014157
AFG,NEPS_HERAT,Costs,2034.0,Carbon costs: $m,0.0
AFG,NEPS_HERAT,Costs,2034.0,Excess generation: $m,0.0
AFG,NEPS_HERAT,Costs,2034.0,Export revenues with external zones: $m,0.0
AFG,NEPS_HERAT,Costs,2034.0,Export revenues with internal zones: $m,-24.249666427207767
AFG,NEPS_HERAT,Costs,2034.0,Fixed O&M: $m,13.170665527078375
AFG,NEPS_HERAT,Costs,2034.0,Fuel costs: $m,59.02606490088706
AFG,NEPS_HERAT,Costs,2034.0,Generation costs: $m,0.0
AFG,NEPS_HERAT,Costs,2034.0,Import costs with external zones: $m,0.0
AFG,NEPS_HERAT,Costs,2034.0,Import costs with internal zones: $m,54.86243439044664
AFG,NEPS_HERAT,Costs,2034.0,NPV of system cost: $m,0.0
AFG,NEPS_HERAT,Costs,2034.0,Spinning reserve costs: $m,0.0
AFG,NEPS_HERAT,Costs,2034.0,Startup costs: $m,0.0
AFG,NEPS_HERAT,Costs,2034.0,Trade shared benefits: $m,1.2434497875801753e-18
AFG,NEPS_HERAT,Costs,2034.0,Transmission costs: $m,0.0
AFG,NEPS_HERAT,Costs,2034.0,Unmet country CO2 backstop cost: $m,0.0
AFG,NEPS_HERAT,Costs,2034.0,Unmet country planning reserve costs: $m,0.0
AFG,NEPS_HERAT,Costs,2034.0,Unmet country spinning reserve costs: $m,0.0
AFG,NEPS_HERAT,Costs,2034.0,Unmet demand costs: $m,0.0
AFG,NEPS_HERAT,Costs,2034.0,Unmet system CO2 backstop cost: $m,0.0
AFG,NEPS_HERAT,Costs,2034.0,Unmet system planning reserve costs: $m,0.0
AFG,NEPS_HERAT,Costs,2034.0,Unmet system spinning reserve costs: $m,0.0
AFG,NEPS_HERAT,Costs,2034.0,VRE curtailment: $m,0.0
AFG,NEPS_HERAT,Costs,2034.0,Variable O&M: $m,5.038716000952009
AFG,NEPS_HERAT,Costs,2035.0,Carbon costs: $m,0.0
AFG,NEPS_HERAT,Costs,2035.0,Excess generation: $m,0.0
AFG,NEPS_HERAT,Costs,2035.0,Export revenues with external zones: $m,0.0
AFG,NEPS_HERAT,Costs,2035.0,Export revenues with internal zones: $m,-24.99769966362092
AFG,NEPS_HERAT,Costs,2035.0,Fixed O&M: $m,14.035062445078374
AFG,NEPS_HERAT,Costs,2035.0,Fuel costs: $m,67.23680538420636
AFG,NEPS_HERAT,Costs,2035.0,Generation costs: $m,0.0
AFG,NEPS_HERAT,Costs,2035.0,Import costs with external zones: $m,0.0
AFG,NEPS_HERAT,Costs,2035.0,Import costs with internal zones: $m,52.96336536833535
AFG,NEPS_HERAT,Costs,2035.0,NPV of system cost: $m,0.0
AFG,NEPS_HERAT,Costs,2035.0,Spinning reserve costs: $m,0.0
AFG,NEPS_HERAT,Costs,2035.0,Startup costs: $m,0.0
AFG,NEPS_HERAT,Costs,2035.0,Trade shared benefits: $m,1.2434497875801753e-18
AFG,NEPS_HERAT,Costs,2035.0,Transmission costs: $m,0.0
AFG,NEPS_HERAT,Costs,2035.0,Unmet country CO2 backstop cost: $m,0.0
AFG,NEPS_HERAT,Costs,2035.0,Unmet country planning reserve costs: $m,0.0
AFG,NEPS_HERAT,Costs,2035.0,Unmet country spinning reserve costs: $m,0.0
AFG,NEPS_HERAT,Costs,2035.0,Unmet demand costs: $m,0.0
AFG,NEPS_HERAT,Costs,2035.0,Unmet system CO2 backstop cost: $m,0.0
AFG,NEPS_HERAT,Costs,2035.0,Unmet system planning reserve costs: $m,0.0
AFG,NEPS_HERAT,Costs,2035.0,Unmet system spinning reserve costs: $m,0.0
AFG,NEPS_HERAT,Costs,2035.0,VRE curtailment: $m,0.0
AFG,NEPS_HERAT,Costs,2035.0,Variable O&M: $m,5.733885253208552
AFG,NEPS_HERAT,Costs,2040.0,Carbon costs: $m,0.0
AFG,NEPS_HERAT,Costs,2040.0,Excess generation: $m,0.0
AFG,NEPS_HERAT,Costs,2040.0,Export revenues with external zones: $m,0.0
AFG,NEPS_HERAT,Costs,2040.0,Export revenues with internal zones: $m,-26.055155489946323
AFG,NEPS_HERAT,Costs,2040.0,Fixed O&M: $m,19.974907987393987
AFG,NEPS_HERAT,Costs,2040.0,Fuel costs: $m,90.53947886765272
AFG,NEPS_HERAT,Costs,2040.0,Generation costs: $m,0.0
AFG,NEPS_HERAT,Costs,2040.0,Import costs with external zones: $m,0.0
AFG,NEPS_HERAT,Costs,2040.0,Import costs with internal zones: $m,57.535008407624446
AFG,NEPS_HERAT,Costs,2040.0,NPV of system cost: $m,0.0
AFG,NEPS_HERAT,Costs,2040.0,Spinning reserve costs: $m,0.0
AFG,NEPS_HERAT,Costs,2040.0,Startup costs: $m,0.0
AFG,NEPS_HERAT,Costs,2040.0,Trade shared benefits: $m,1.7458035017625662e-15
AFG,NEPS_HERAT,Costs,2040.0,Transmission costs: $m,0.0
AFG,NEPS_HERAT,Costs,2040.0,Unmet country CO2 backstop cost: $m,0.0
AFG,NEPS_HERAT,Costs,2040.0,Unmet country planning reserve costs: $m,0.0
AFG,NEPS_HERAT,Costs,2040.0,Unmet country spinning reserve costs: $m,0.0
AFG,NEPS_HERAT,Costs,2040.0,Unmet demand costs: $m,0.0
AFG,NEPS_HERAT,Costs,2040.0,Unmet system CO2 backstop cost: $m,0.0
AFG,NEPS_HERAT,Costs,2040.0,Unmet system planning reserve costs: $m,0.0
AFG,NEPS_HERAT,Costs,2040.0,Unmet system spinning reserve costs: $m,0.0
AFG,NEPS_HERAT,Costs,2040.0,VRE curtailment: $m,0.0
AFG,NEPS_HERAT,Costs,2040.0,Variable O&M: $m,7.706628288019597
AFG,NEPS_HERAT,Costs,2045.0,Carbon costs: $m,0.0
AFG,NEPS_HERAT,Costs,2045.0,Excess generation: $m,0.0
AFG,NEPS_HERAT,Costs,2045.0,Export revenues with external zones: $m,0.0
AFG,NEPS_HERAT,Costs,2045.0,Export revenues with internal zones: $m,-29.04780551431431
AFG,NEPS_HERAT,Costs,2045.0,Fixed O&M: $m,27.147880958823624
AFG,NEPS_HERAT,Costs,2045.0,Fuel costs: $m,125.14149960088946
AFG,NEPS_HERAT,Costs,2045.0,Generation costs: $m,0.0
AFG,NEPS_HERAT,Costs,2045.0,Import costs with external zones: $m,0.0
AFG,NEPS_HERAT,Costs,2045.0,Import costs with internal zones: $m,66.95744431058176
AFG,NEPS_HERAT,Costs,2045.0,NPV of system cost: $m,0.0
AFG,NEPS_HERAT,Costs,2045.0,Spinning reserve costs: $m,0.0
AFG,NEPS_HERAT,Costs,2045.0,Startup costs: $m,0.0
AFG,NEPS_HERAT,Costs,2045.0,Trade shared benefits: $m,-0.0015062214431273
AFG,NEPS_HERAT,Costs,2045.0,Transmission costs: $m,0.0
AFG,NEPS_HERAT,Costs,2045.0,Unmet country CO2 backstop cost: $m,0.0
AFG,NEPS_HERAT,Costs,2045.0,Unmet country planning reserve costs: $m,0.0
AFG,NEPS_HERAT,Costs,2045.0,Unmet country spinning reserve costs: $m,0.0
AFG,NEPS_HERAT,Costs,2045.0,Unmet demand costs: $m,0.0
AFG,NEPS_HERAT,Costs,2045.0,Unmet system CO2 backstop cost: $m,0.0
AFG,NEPS_HERAT,Costs,2045.0,Unmet system planning reserve costs: $m,0.0
AFG,NEPS_HERAT,Costs,2045.0,Unmet system spinning reserve costs: $m,0.0
AFG,NEPS_HERAT,Costs,2045.0,VRE curtailment: $m,0.0
AFG,NEPS_HERAT,Costs,2045.0,Variable O&M: $m,10.636406711635413
AFG,NEPS_HERAT,Costs,2050.0,Carbon costs: $m,0.0
AFG,NEPS_HERAT,Costs,2050.0,Excess generation: $m,0.0
AFG,NEPS_HERAT,Costs,2050.0,Export revenues with external zones: $m,0.0
AFG,NEPS_HERAT,Costs,2050.0,Export revenues with internal zones: $m,-23.01130515502459
AFG,NEPS_HERAT,Costs,2050.0,Fixed O&M: $m,33.15417492265812
AFG,NEPS_HERAT,Costs,2050.0,Fuel costs: $m,172.12505353482825
AFG,NEPS_HERAT,Costs,2050.0,Generation costs: $m,0.0
AFG,NEPS_HERAT,Costs,2050.0,Import costs with external zones: $m,0.0
AFG,NEPS_HERAT,Costs,2050.0,Import costs with internal zones: $m,82.5421466902923
AFG,NEPS_HERAT,Costs,2050.0,NPV of system cost: $m,0.0
AFG,NEPS_HERAT,Costs,2050.0,Spinning reserve costs: $m,0.0
AFG,NEPS_HERAT,Costs,2050.0,Startup costs: $m,0.0
AFG,NEPS_HERAT,Costs,2050.0,Trade shared benefits: $m,-0.6735716561411879
AFG,NEPS_HERAT,Costs,2050.0,Transmission costs: $m,0.0
AFG,NEPS_HERAT,Costs,2050.0,Unmet country CO2 backstop cost: $m,0.0
AFG,NEPS_HERAT,Costs,2050.0,Unmet country planning reserve costs: $m,0.0
AFG,NEPS_HERAT,Costs,2050.0,Unmet country spinning reserve costs: $m,0.0
AFG,NEPS_HERAT,Costs,2050.0,Unmet demand costs: $m,1.1035129700570707
AFG,NEPS_HERAT,Costs,2050.0,Unmet system CO2 backstop cost: $m,0.0
AFG,NEPS_HERAT,Costs,2050.0,Unmet system planning reserve costs: $m,0.0
AFG,NEPS_HERAT,Costs,2050.0,Unmet system spinning reserve costs: $m,0.0
AFG,NEPS_HERAT,Costs,2050.0,VRE curtailment: $m,0.0
AFG,NEPS_HERAT,Costs,2050.0,Variable O&M: $m,14.614590876638706
AFG,NEPS_HERAT,DiscountedWeightedCostsCumulated,2026.0,Carbon costs: $m,0.0
AFG,NEPS_HERAT,DiscountedWeightedCostsCumulated,2026.0,Excess generation: $m,0.0
AFG,NEPS_HERAT,DiscountedWeightedCostsCumulated,2026.0,Export revenues with external zones: $m,0.0
AFG,NEPS_HERAT,DiscountedWeightedCostsCumulated,2026.0,Export revenues with internal zones: $m,0.0
AFG,NEPS_HERAT,DiscountedWeightedCostsCumulated,2026.0,Fixed O&M: $m,5.134838535069436
AFG,NEPS_HERAT,DiscountedWeightedCostsCumulated,2026.0,Fuel costs: $m,72.45987654859543
AFG,NEPS_HERAT,DiscountedWeightedCostsCumulated,2026.0,Generation costs: $m,0.0
AFG,NEPS_HERAT,DiscountedWeightedCostsCumulated,2026.0,Import costs with external zones: $m,0.0
AFG,NEPS_HERAT,DiscountedWeightedCostsCumulated,2026.0,Import costs with internal zones: $m,4.449625295316173e-10
AFG,NEPS_HERAT,DiscountedWeightedCostsCumulated,2026.0,NPV of system cost: $m,0.0
AFG,NEPS_HERAT,DiscountedWeightedCostsCumulated,2026.0,Spinning reserve costs: $m,0.0
AFG,NEPS_HERAT,DiscountedWeightedCostsCumulated,2026.0,Startup costs: $m,0.0
AFG,NEPS_HERAT,DiscountedWeightedCostsCumulated,2026.0,Trade shared benefits: $m,-4.848249321259743e-11
AFG,NEPS_HERAT,DiscountedWeightedCostsCumulated,2026.0,Transmission costs: $m,0.0
AFG,NEPS_HERAT,DiscountedWeightedCostsCumulated,2026.0,Unmet country CO2 backstop cost: $m,0.0
AFG,NEPS_HERAT,DiscountedWeightedCostsCumulated,2026.0,Unmet country planning reserve costs: $m,0.0
AFG,NEPS_HERAT,DiscountedWeightedCostsCumulated,2026.0,Unmet country spinning reserve costs: $m,0.0
AFG,NEPS_HERAT,DiscountedWeightedCostsCumulated,2026.0,Unmet demand costs: $m,0.6059428658323252
AFG,NEPS_HERAT,DiscountedWeightedCostsCumulated,2026.0,Unmet system CO2 backstop cost: $m,0.0
AFG,NEPS_HERAT,DiscountedWeightedCostsCumulated,2026.0,Unmet system planning reserve costs: $m,0.0
AFG,NEPS_HERAT,DiscountedWeightedCostsCumulated,2026.0,Unmet system spinning reserve costs: $m,0.0
AFG,NEPS_HERAT,DiscountedWeightedCostsCumulated,2026.0,VRE curtailment: $m,0.0
AFG,NEPS_HERAT,DiscountedWeightedCostsCumulated,2026.0,Variable O&M: $m,6.113480579966267
AFG,NEPS_HERAT,DiscountedWeightedCostsCumulated,2027.0,Carbon costs: $m,0.0
AFG,NEPS_HERAT,DiscountedWeightedCostsCumulated,2027.0,Excess generation: $m,0.0
AFG,NEPS_HERAT,DiscountedWeightedCostsCumulated,2027.0,Export revenues with external zones: $m,0.0
AFG,NEPS_HERAT,DiscountedWeightedCostsCumulated,2027.0,Export revenues with internal zones: $m,-3.3926804158206085e-10
AFG,NEPS_HERAT,DiscountedWeightedCostsCumulated,2027.0,Fixed O&M: $m,10.247312870825798
AFG,NEPS_HERAT,DiscountedWeightedCostsCumulated,2027.0,Fuel costs: $m,145.9233079028307
AFG,NEPS_HERAT,DiscountedWeightedCostsCumulated,2027.0,Generation costs: $m,0.0
AFG,NEPS_HERAT,DiscountedWeightedCostsCumulated,2027.0,Import costs with external zones: $m,0.0
AFG,NEPS_HERAT,DiscountedWeightedCostsCumulated,2027.0,Import costs with internal zones: $m,5.299496134740393e-10
AFG,NEPS_HERAT,DiscountedWeightedCostsCumulated,2027.0,NPV of system cost: $m,0.0
AFG,NEPS_HERAT,DiscountedWeightedCostsCumulated,2027.0,Spinning reserve costs: $m,0.0
AFG,NEPS_HERAT,DiscountedWeightedCostsCumulated,2027.0,Startup costs: $m,0.0
AFG,NEPS_HERAT,DiscountedWeightedCostsCumulated,2027.0,Trade shared benefits: $m,-7.850264238856577e-11
AFG,NEPS_HERAT,DiscountedWeightedCostsCumulated,2027.0,Transmission costs: $m,0.0
AFG,NEPS_HERAT,DiscountedWeightedCostsCumulated,2027.0,Unmet country CO2 backstop cost: $m,0.0
AFG,NEPS_HERAT,DiscountedWeightedCostsCumulated,2027.0,Unmet country planning reserve costs: $m,0.0
AFG,NEPS_HERAT,DiscountedWeightedCostsCumulated,2027.0,Unmet country spinning reserve costs: $m,0.0
AFG,NEPS_HERAT,DiscountedWeightedCostsCumulated,2027.0,Unmet demand costs: $m,1.2299383746810908
AFG,NEPS_HERAT,DiscountedWeightedCostsCumulated,2027.0,Unmet system CO2 backstop cost: $m,0.0
AFG,NEPS_HERAT,DiscountedWeightedCostsCumulated,2027.0,Unmet system planning reserve costs: $m,0.0
AFG,NEPS_HERAT,DiscountedWeightedCostsCumulated,2027.0,Unmet system spinning reserve costs: $m,0.0
AFG,NEPS_HERAT,DiscountedWeightedCostsCumulated,2027.0,VRE curtailment: $m,0.0
AFG,NEPS_HERAT,DiscountedWeightedCostsCumulated,2027.0,Variable O&M: $m,12.307969581044697
AFG,NEPS_HERAT,DiscountedWeightedCostsCumulated,2028.0,Carbon costs: $m,0.0
AFG,NEPS_HERAT,DiscountedWeightedCostsCumulated,2028.0,Excess generation: $m,0.0
AFG,NEPS_HERAT,DiscountedWeightedCostsCumulated,2028.0,Export revenues with external zones: $m,0.0
AFG,NEPS_HERAT,DiscountedWeightedCostsCumulated,2028.0,Export revenues with internal zones: $m,-6.32932419950397e-10
AFG,NEPS_HERAT,DiscountedWeightedCostsCumulated,2028.0,Fixed O&M: $m,15.10332365306677
AFG,NEPS_HERAT,DiscountedWeightedCostsCumulated,2028.0,Fuel costs: $m,216.911904322952
AFG,NEPS_HERAT,DiscountedWeightedCostsCumulated,2028.0,Generation costs: $m,0.0
AFG,NEPS_HERAT,DiscountedWeightedCostsCumulated,2028.0,Import costs with external zones: $m,0.0
AFG,NEPS_HERAT,DiscountedWeightedCostsCumulated,2028.0,Import costs with internal zones: $m,6.07210598876241e-10
AFG,NEPS_HERAT,DiscountedWeightedCostsCumulated,2028.0,NPV of system cost: $m,0.0
AFG,NEPS_HERAT,DiscountedWeightedCostsCumulated,2028.0,Spinning reserve costs: $m,0.0
AFG,NEPS_HERAT,DiscountedWeightedCostsCumulated,2028.0,Startup costs: $m,0.0
AFG,NEPS_HERAT,DiscountedWeightedCostsCumulated,2028.0,Trade shared benefits: $m,-1.1310407999320428e-10
AFG,NEPS_HERAT,DiscountedWeightedCostsCumulated,2028.0,Transmission costs: $m,0.0
AFG,NEPS_HERAT,DiscountedWeightedCostsCumulated,2028.0,Unmet country CO2 backstop cost: $m,0.0
AFG,NEPS_HERAT,DiscountedWeightedCostsCumulated,2028.0,Unmet country planning reserve costs: $m,0.0
AFG,NEPS_HERAT,DiscountedWeightedCostsCumulated,2028.0,Unmet country spinning reserve costs: $m,0.0
AFG,NEPS_HERAT,DiscountedWeightedCostsCumulated,2028.0,Unmet demand costs: $m,1.8445042913930083
AFG,NEPS_HERAT,DiscountedWeightedCostsCumulated,2028.0,Unmet system CO2 backstop cost: $m,0.0
AFG,NEPS_HERAT,DiscountedWeightedCostsCumulated,2028.0,Unmet system planning reserve costs: $m,0.0
AFG,NEPS_HERAT,DiscountedWeightedCostsCumulated,2028.0,Unmet system spinning reserve costs: $m,0.0
AFG,NEPS_HERAT,DiscountedWeightedCostsCumulated,2028.0,VRE curtailment: $m,0.0
AFG,NEPS_HERAT,DiscountedWeightedCostsCumulated,2028.0,Variable O&M: $m,18.29045908567994
AFG,NEPS_HERAT,DiscountedWeightedCostsCumulated,2029.0,Carbon costs: $m,0.0
AFG,NEPS_HERAT,DiscountedWeightedCostsCumulated,2029.0,Excess generation: $m,0.0
AFG,NEPS_HERAT,DiscountedWeightedCostsCumulated,2029.0,Export revenues with external zones: $m,0.0
AFG,NEPS_HERAT,DiscountedWeightedCostsCumulated,2029.0,Export revenues with internal zones: $m,-8.308920943484396e-10
AFG,NEPS_HERAT,DiscountedWeightedCostsCumulated,2029.0,Fixed O&M: $m,20.38829928561136
AFG,NEPS_HERAT,DiscountedWeightedCostsCumulated,2029.0,Fuel costs: $m,282.51175754153843
AFG,NEPS_HERAT,DiscountedWeightedCostsCumulated,2029.0,Generation costs: $m,0.0
AFG,NEPS_HERAT,DiscountedWeightedCostsCumulated,2029.0,Import costs with external zones: $m,0.0
AFG,NEPS_HERAT,DiscountedWeightedCostsCumulated,2029.0,Import costs with internal zones: $m,7.532539150107011e-10
AFG,NEPS_HERAT,DiscountedWeightedCostsCumulated,2029.0,NPV of system cost: $m,0.0
AFG,NEPS_HERAT,DiscountedWeightedCostsCumulated,2029.0,Spinning reserve costs: $m,0.0
AFG,NEPS_HERAT,DiscountedWeightedCostsCumulated,2029.0,Startup costs: $m,0.0
AFG,NEPS_HERAT,DiscountedWeightedCostsCumulated,2029.0,Trade shared benefits: $m,-1.5173272146065418e-10
AFG,NEPS_HERAT,DiscountedWeightedCostsCumulated,2029.0,Transmission costs: $m,0.0
AFG,NEPS_HERAT,DiscountedWeightedCostsCumulated,2029.0,Unmet country CO2 backstop cost: $m,0.0
AFG,NEPS_HERAT,DiscountedWeightedCostsCumulated,2029.0,Unmet country planning reserve costs: $m,0.0
AFG,NEPS_HERAT,DiscountedWeightedCostsCumulated,2029.0,Unmet country spinning reserve costs: $m,0.0
AFG,NEPS_HERAT,DiscountedWeightedCostsCumulated,2029.0,Unmet demand costs: $m,2.401816923401164
AFG,NEPS_HERAT,DiscountedWeightedCostsCumulated,2029.0,Unmet system CO2 backstop cost: $m,0.0
AFG,NEPS_HERAT,DiscountedWeightedCostsCumulated,2029.0,Unmet system planning reserve costs: $m,0.0
AFG,NEPS_HERAT,DiscountedWeightedCostsCumulated,2029.0,Unmet system spinning reserve costs: $m,0.0
AFG,NEPS_HERAT,DiscountedWeightedCostsCumulated,2029.0,VRE curtailment: $m,0.0
AFG,NEPS_HERAT,DiscountedWeightedCostsCumulated,2029.0,Variable O&M: $m,23.81847587332509
AFG,NEPS_HERAT,DiscountedWeightedCostsCumulated,2030.0,Carbon costs: $m,0.0
AFG,NEPS_HERAT,DiscountedWeightedCostsCumulated,2030.0,Excess generation: $m,0.0
AFG,NEPS_HERAT,DiscountedWeightedCostsCumulated,2030.0,Export revenues with external zones: $m,0.0
AFG,NEPS_HERAT,DiscountedWeightedCostsCumulated,2030.0,Export revenues with internal zones: $m,-4.181330487497689
AFG,NEPS_HERAT,DiscountedWeightedCostsCumulated,2030.0,Fixed O&M: $m,26.273640284559526
AFG,NEPS_HERAT,DiscountedWeightedCostsCumulated,2030.0,Fuel costs: $m,328.77547266383334
AFG,NEPS_HERAT,DiscountedWeightedCostsCumulated,2030.0,Generation costs: $m,0.0
AFG,NEPS_HERAT,DiscountedWeightedCostsCumulated,2030.0,Import costs with external zones: $m,0.0
AFG,NEPS_HERAT,DiscountedWeightedCostsCumulated,2030.0,Import costs with internal zones: $m,17.02975797995548
AFG,NEPS_HERAT,DiscountedWeightedCostsCumulated,2030.0,NPV of system cost: $m,0.0
AFG,NEPS_HERAT,DiscountedWeightedCostsCumulated,2030.0,Spinning reserve costs: $m,0.0
AFG,NEPS_HERAT,DiscountedWeightedCostsCumulated,2030.0,Startup costs: $m,0.0
AFG,NEPS_HERAT,DiscountedWeightedCostsCumulated,2030.0,Trade shared benefits: $m,-0.0530802505938751
AFG,NEPS_HERAT,DiscountedWeightedCostsCumulated,2030.0,Transmission costs: $m,0.0
AFG,NEPS_HERAT,DiscountedWeightedCostsCumulated,2030.0,Unmet country CO2 backstop cost: $m,0.0
AFG,NEPS_HERAT,DiscountedWeightedCostsCumulated,2030.0,Unmet country planning reserve costs: $m,0.0
AFG,NEPS_HERAT,DiscountedWeightedCostsCumulated,2030.0,Unmet country spinning reserve costs: $m,0.0
AFG,NEPS_HERAT,DiscountedWeightedCostsCumulated,2030.0,Unmet demand costs: $m,2.401816923401164
AFG,NEPS_HERAT,DiscountedWeightedCostsCumulated,2030.0,Unmet system CO2 backstop cost: $m,0.0
AFG,NEPS_HERAT,DiscountedWeightedCostsCumulated,2030.0,Unmet system planning reserve costs: $m,0.0
AFG,NEPS_HERAT,DiscountedWeightedCostsCumulated,2030.0,Unmet system spinning reserve costs: $m,0.0
AFG,NEPS_HERAT,DiscountedWeightedCostsCumulated,2030.0,VRE curtailment: $m,0.0
AFG,NEPS_HERAT,DiscountedWeightedCostsCumulated,2030.0,Variable O&M: $m,27.764822046014288
AFG,NEPS_HERAT,DiscountedWeightedCostsCumulated,2031.0,Carbon costs: $m,0.0
AFG,NEPS_HERAT,DiscountedWeightedCostsCumulated,2031.0,Excess generation: $m,0.0
AFG,NEPS_HERAT,DiscountedWeightedCostsCumulated,2031.0,Export revenues with external zones: $m,0.0
AFG,NEPS_HERAT,DiscountedWeightedCostsCumulated,2031.0,Export revenues with internal zones: $m,-17.932819846545726
AFG,NEPS_HERAT,DiscountedWeightedCostsCumulated,2031.0,Fixed O&M: $m,32.48542312798708
AFG,NEPS_HERAT,DiscountedWeightedCostsCumulated,2031.0,Fuel costs: $m,366.3999332265394
AFG,NEPS_HERAT,DiscountedWeightedCostsCumulated,2031.0,Generation costs: $m,0.0
AFG,NEPS_HERAT,DiscountedWeightedCostsCumulated,2031.0,Import costs with external zones: $m,0.0
AFG,NEPS_HERAT,DiscountedWeightedCostsCumulated,2031.0,Import costs with internal zones: $m,45.471791440366026
AFG,NEPS_HERAT,DiscountedWeightedCostsCumulated,2031.0,NPV of system cost: $m,0.0
AFG,NEPS_HERAT,DiscountedWeightedCostsCumulated,2031.0,Spinning reserve costs: $m,0.0
AFG,NEPS_HERAT,DiscountedWeightedCostsCumulated,2031.0,Startup costs: $m,0.0
AFG,NEPS_HERAT,DiscountedWeightedCostsCumulated,2031.0,Trade shared benefits: $m,-0.0530802505938831
AFG,NEPS_HERAT,DiscountedWeightedCostsCumulated,2031.0,Transmission costs: $m,0.0
AFG,NEPS_HERAT,DiscountedWeightedCostsCumulated,2031.0,Unmet country CO2 backstop cost: $m,0.0
AFG,NEPS_HERAT,DiscountedWeightedCostsCumulated,2031.0,Unmet country planning reserve costs: $m,0.0
AFG,NEPS_HERAT,DiscountedWeightedCostsCumulated,2031.0,Unmet country spinning reserve costs: $m,0.0
AFG,NEPS_HERAT,DiscountedWeightedCostsCumulated,2031.0,Unmet demand costs: $m,2.401816923401164
AFG,NEPS_HERAT,DiscountedWeightedCostsCumulated,2031.0,Unmet system CO2 backstop cost: $m,0.0
AFG,NEPS_HERAT,DiscountedWeightedCostsCumulated,2031.0,Unmet system planning reserve costs: $m,0.0
AFG,NEPS_HERAT,DiscountedWeightedCostsCumulated,2031.0,Unmet system spinning reserve costs: $m,0.0
AFG,NEPS_HERAT,DiscountedWeightedCostsCumulated,2031.0,VRE curtailment: $m,0.0
AFG,NEPS_HERAT,DiscountedWeightedCostsCumulated,2031.0,Variable O&M: $m,30.97704666145234
AFG,NEPS_HERAT,DiscountedWeightedCostsCumulated,2032.0,Carbon costs: $m,0.0
AFG,NEPS_HERAT,DiscountedWeightedCostsCumulated,2032.0,Excess generation: $m,0.0
AFG,NEPS_HERAT,DiscountedWeightedCostsCumulated,2032.0,Export revenues with external zones: $m,0.0
AFG,NEPS_HERAT,DiscountedWeightedCostsCumulated,2032.0,Export revenues with internal zones: $m,-32.30937510922752
AFG,NEPS_HERAT,DiscountedWeightedCostsCumulated,2032.0,Fixed O&M: $m,38.9500851497021
AFG,NEPS_HERAT,DiscountedWeightedCostsCumulated,2032.0,Fuel costs: $m,401.0967704500568
AFG,NEPS_HERAT,DiscountedWeightedCostsCumulated,2032.0,Generation costs: $m,0.0
AFG,NEPS_HERAT,DiscountedWeightedCostsCumulated,2032.0,Import costs with external zones: $m,0.0
AFG,NEPS_HERAT,DiscountedWeightedCostsCumulated,2032.0,Import costs with internal zones: $m,74.58194049222138
AFG,NEPS_HERAT,DiscountedWeightedCostsCumulated,2032.0,NPV of system cost: $m,0.0
AFG,NEPS_HERAT,DiscountedWeightedCostsCumulated,2032.0,Spinning reserve costs: $m,0.0
AFG,NEPS_HERAT,DiscountedWeightedCostsCumulated,2032.0,Startup costs: $m,0.0
AFG,NEPS_HERAT,DiscountedWeightedCostsCumulated,2032.0,Trade shared benefits: $m,-0.0530802505938833
AFG,NEPS_HERAT,DiscountedWeightedCostsCumulated,2032.0,Transmission costs: $m,0.0
AFG,NEPS_HERAT,DiscountedWeightedCostsCumulated,2032.0,Unmet country CO2 backstop cost: $m,0.0
AFG,NEPS_HERAT,DiscountedWeightedCostsCumulated,2032.0,Unmet country planning reserve costs: $m,0.0
AFG,NEPS_HERAT,DiscountedWeightedCostsCumulated,2032.0,Unmet country spinning reserve costs: $m,0.0
AFG,NEPS_HERAT,DiscountedWeightedCostsCumulated,2032.0,Unmet demand costs: $m,2.401816923401164
AFG,NEPS_HERAT,DiscountedWeightedCostsCumulated,2032.0,Unmet system CO2 backstop cost: $m,0.0
AFG,NEPS_HERAT,DiscountedWeightedCostsCumulated,2032.0,Unmet system planning reserve costs: $m,0.0
AFG,NEPS_HERAT,DiscountedWeightedCostsCumulated,2032.0,Unmet system spinning reserve costs: $m,0.0
AFG,NEPS_HERAT,DiscountedWeightedCostsCumulated,2032.0,VRE curtailment: $m,0.0
AFG,NEPS_HERAT,DiscountedWeightedCostsCumulated,2032.0,Variable O&M: $m,33.93897267410293
AFG,NEPS_HERAT,DiscountedWeightedCostsCumulated,2033.0,Carbon costs: $m,0.0
AFG,NEPS_HERAT,DiscountedWeightedCostsCumulated,2033.0,Excess generation: $m,0.0
AFG,NEPS_HERAT,DiscountedWeightedCostsCumulated,2033.0,Export revenues with external zones: $m,0.0
AFG,NEPS_HERAT,DiscountedWeightedCostsCumulated,2033.0,Export revenues with internal zones: $m,-45.50481325939158
AFG,NEPS_HERAT,DiscountedWeightedCostsCumulated,2033.0,Fixed O&M: $m,45.43161325115484
AFG,NEPS_HERAT,DiscountedWeightedCostsCumulated,2033.0,Fuel costs: $m,432.58259768924535
AFG,NEPS_HERAT,DiscountedWeightedCostsCumulated,2033.0,Generation costs: $m,0.0
AFG,NEPS_HERAT,DiscountedWeightedCostsCumulated,2033.0,Import costs with external zones: $m,0.0
AFG,NEPS_HERAT,DiscountedWeightedCostsCumulated,2033.0,Import costs with internal zones: $m,103.0836870724044
AFG,NEPS_HERAT,DiscountedWeightedCostsCumulated,2033.0,NPV of system cost: $m,0.0
AFG,NEPS_HERAT,DiscountedWeightedCostsCumulated,2033.0,Spinning reserve costs: $m,0.0
AFG,NEPS_HERAT,DiscountedWeightedCostsCumulated,2033.0,Startup costs: $m,0.0
AFG,NEPS_HERAT,DiscountedWeightedCostsCumulated,2033.0,Trade shared benefits: $m,-0.053080250593883
AFG,NEPS_HERAT,DiscountedWeightedCostsCumulated,2033.0,Transmission costs: $m,0.0
AFG,NEPS_HERAT,DiscountedWeightedCostsCumulated,2033.0,Unmet country CO2 backstop cost: $m,0.0
AFG,NEPS_HERAT,DiscountedWeightedCostsCumulated,2033.0,Unmet country planning reserve costs: $m,0.0
AFG,NEPS_HERAT,DiscountedWeightedCostsCumulated,2033.0,Unmet country spinning reserve costs: $m,0.0
AFG,NEPS_HERAT,DiscountedWeightedCostsCumulated,2033.0,Unmet demand costs: $m,2.401816923401164
AFG,NEPS_HERAT,DiscountedWeightedCostsCumulated,2033.0,Unmet system CO2 backstop cost: $m,0.0
AFG,NEPS_HERAT,DiscountedWeightedCostsCumulated,2033.0,Unmet system planning reserve costs: $m,0.0
AFG,NEPS_HERAT,DiscountedWeightedCostsCumulated,2033.0,Unmet system spinning reserve costs: $m,0.0
AFG,NEPS_HERAT,DiscountedWeightedCostsCumulated,2033.0,VRE curtailment: $m,0.0
AFG,NEPS_HERAT,DiscountedWeightedCostsCumulated,2033.0,Variable O&M: $m,36.62693397996703
AFG,NEPS_HERAT,DiscountedWeightedCostsCumulated,2034.0,Carbon costs: $m,0.0
AFG,NEPS_HERAT,DiscountedWeightedCostsCumulated,2034.0,Excess generation: $m,0.0
AFG,NEPS_HERAT,DiscountedWeightedCostsCumulated,2034.0,Export revenues with external zones: $m,0.0
AFG,NEPS_HERAT,DiscountedWeightedCostsCumulated,2034.0,Export revenues with internal zones: $m,-57.36961895131445
AFG,NEPS_HERAT,DiscountedWeightedCostsCumulated,2034.0,Fixed O&M: $m,51.87571786517798
AFG,NEPS_HERAT,DiscountedWeightedCostsCumulated,2034.0,Fuel costs: $m,461.46269766546976
AFG,NEPS_HERAT,DiscountedWeightedCostsCumulated,2034.0,Generation costs: $m,0.0
AFG,NEPS_HERAT,DiscountedWeightedCostsCumulated,2034.0,Import costs with external zones: $m,0.0
AFG,NEPS_HERAT,DiscountedWeightedCostsCumulated,2034.0,Import costs with internal zones: $m,129.92661811982614
AFG,NEPS_HERAT,DiscountedWeightedCostsCumulated,2034.0,NPV of system cost: $m,0.0
AFG,NEPS_HERAT,DiscountedWeightedCostsCumulated,2034.0,Spinning reserve costs: $m,0.0
AFG,NEPS_HERAT,DiscountedWeightedCostsCumulated,2034.0,Startup costs: $m,0.0
AFG,NEPS_HERAT,DiscountedWeightedCostsCumulated,2034.0,Trade shared benefits: $m,-0.053080250593883
AFG,NEPS_HERAT,DiscountedWeightedCostsCumulated,2034.0,Transmission costs: $m,0.0
AFG,NEPS_HERAT,DiscountedWeightedCostsCumulated,2034.0,Unmet country CO2 backstop cost: $m,0.0
AFG,NEPS_HERAT,DiscountedWeightedCostsCumulated,2034.0,Unmet country planning reserve costs: $m,0.0
AFG,NEPS_HERAT,DiscountedWeightedCostsCumulated,2034.0,Unmet country spinning reserve costs: $m,0.0
AFG,NEPS_HERAT,DiscountedWeightedCostsCumulated,2034.0,Unmet demand costs: $m,2.401816923401164
AFG,NEPS_HERAT,DiscountedWeightedCostsCumulated,2034.0,Unmet system CO2 backstop cost: $m,0.0
AFG,NEPS_HERAT,DiscountedWeightedCostsCumulated,2034.0,Unmet system planning reserve costs: $m,0.0
AFG,NEPS_HERAT,DiscountedWeightedCostsCumulated,2034.0,Unmet system spinning reserve costs: $m,0.0
AFG,NEPS_HERAT,DiscountedWeightedCostsCumulated,2034.0,VRE curtailment: $m,0.0
AFG,NEPS_HERAT,DiscountedWeightedCostsCumulated,2034.0,Variable O&M: $m,39.09226217190463
AFG,NEPS_HERAT,DiscountedWeightedCostsCumulated,2035.0,Carbon costs: $m,0.0
AFG,NEPS_HERAT,DiscountedWeightedCostsCumulated,2035.0,Excess generation: $m,0.0
AFG,NEPS_HERAT,DiscountedWeightedCostsCumulated,2035.0,Export revenues with external zones: $m,0.0
AFG,NEPS_HERAT,DiscountedWeightedCostsCumulated,2035.0,Export revenues with internal zones: $m,-68.48852913374802
AFG,NEPS_HERAT,DiscountedWeightedCostsCumulated,2035.0,Fixed O&M: $m,58.118476232212
AFG,NEPS_HERAT,DiscountedWeightedCostsCumulated,2035.0,Fuel costs: $m,491.3694494898681
AFG,NEPS_HERAT,DiscountedWeightedCostsCumulated,2035.0,Generation costs: $m,0.0
AFG,NEPS_HERAT,DiscountedWeightedCostsCumulated,2035.0,Import costs with external zones: $m,0.0
AFG,NEPS_HERAT,DiscountedWeightedCostsCumulated,2035.0,Import costs with internal zones: $m,153.48458186906464
AFG,NEPS_HERAT,DiscountedWeightedCostsCumulated,2035.0,NPV of system cost: $m,0.0
AFG,NEPS_HERAT,DiscountedWeightedCostsCumulated,2035.0,Spinning reserve costs: $m,0.0
AFG,NEPS_HERAT,DiscountedWeightedCostsCumulated,2035.0,Startup costs: $m,0.0
AFG,NEPS_HERAT,DiscountedWeightedCostsCumulated,2035.0,Trade shared benefits: $m,-0.053080250593883
AFG,NEPS_HERAT,DiscountedWeightedCostsCumulated,2035.0,Transmission costs: $m,0.0
AFG,NEPS_HERAT,DiscountedWeightedCostsCumulated,2035.0,Unmet country CO2 backstop cost: $m,0.0
AFG,NEPS_HERAT,DiscountedWeightedCostsCumulated,2035.0,Unmet country planning reserve costs: $m,0.0
AFG,NEPS_HERAT,DiscountedWeightedCostsCumulated,2035.0,Unmet country spinning reserve costs: $m,0.0
AFG,NEPS_HERAT,DiscountedWeightedCostsCumulated,2035.0,Unmet demand costs: $m,2.401816923401164
AFG,NEPS_HERAT,DiscountedWeightedCostsCumulated,2035.0,Unmet system CO2 backstop cost: $m,0.0
AFG,NEPS_HERAT,DiscountedWeightedCostsCumulated,2035.0,Unmet system planning reserve costs: $m,0.0
AFG,NEPS_HERAT,DiscountedWeightedCostsCumulated,2035.0,Unmet system spinning reserve costs: $m,0.0
AFG,NEPS_HERAT,DiscountedWeightedCostsCumulated,2035.0,VRE curtailment: $m,0.0
AFG,NEPS_HERAT,DiscountedWeightedCostsCumulated,2035.0,Variable O&M: $m,41.64267904964591
AFG,NEPS_HERAT,DiscountedWeightedCostsCumulated,2040.0,Carbon costs: $m,0.0
AFG,NEPS_HERAT,DiscountedWeightedCostsCumulated,2040.0,Excess generation: $m,0.0
AFG,NEPS_HERAT,DiscountedWeightedCostsCumulated,2040.0,Export revenues with external zones: $m,0.0
AFG,NEPS_HERAT,DiscountedWeightedCostsCumulated,2040.0,Export revenues with internal zones: $m,-112.0244559387045
AFG,NEPS_HERAT,DiscountedWeightedCostsCumulated,2040.0,Fixed O&M: $m,91.49483172586778
AFG,NEPS_HERAT,DiscountedWeightedCostsCumulated,2040.0,Fuel costs: $m,642.6531417503879
AFG,NEPS_HERAT,DiscountedWeightedCostsCumulated,2040.0,Generation costs: $m,0.0
AFG,NEPS_HERAT,DiscountedWeightedCostsCumulated,2040.0,Import costs with external zones: $m,0.0
AFG,NEPS_HERAT,DiscountedWeightedCostsCumulated,2040.0,Import costs with internal zones: $m,249.6206389240077
AFG,NEPS_HERAT,DiscountedWeightedCostsCumulated,2040.0,NPV of system cost: $m,0.0
AFG,NEPS_HERAT,DiscountedWeightedCostsCumulated,2040.0,Spinning reserve costs: $m,0.0
AFG,NEPS_HERAT,DiscountedWeightedCostsCumulated,2040.0,Startup costs: $m,0.0
AFG,NEPS_HERAT,DiscountedWeightedCostsCumulated,2040.0,Trade shared benefits: $m,-0.0530802505938801
AFG,NEPS_HERAT,DiscountedWeightedCostsCumulated,2040.0,Transmission costs: $m,0.0
AFG,NEPS_HERAT,DiscountedWeightedCostsCumulated,2040.0,Unmet country CO2 backstop cost: $m,0.0
AFG,NEPS_HERAT,DiscountedWeightedCostsCumulated,2040.0,Unmet country planning reserve costs: $m,0.0
AFG,NEPS_HERAT,DiscountedWeightedCostsCumulated,2040.0,Unmet country spinning reserve costs: $m,0.0
AFG,NEPS_HERAT,DiscountedWeightedCostsCumulated,2040.0,Unmet demand costs: $m,2.401816923401164
AFG,NEPS_HERAT,DiscountedWeightedCostsCumulated,2040.0,Unmet system CO2 backstop cost: $m,0.0
AFG,NEPS_HERAT,DiscountedWeightedCostsCumulated,2040.0,Unmet system planning reserve costs: $m,0.0
AFG,NEPS_HERAT,DiscountedWeightedCostsCumulated,2040.0,Unmet system spinning reserve costs: $m,0.0
AFG,NEPS_HERAT,DiscountedWeightedCostsCumulated,2040.0,VRE curtailment: $m,0.0
AFG,NEPS_HERAT,DiscountedWeightedCostsCumulated,2040.0,Variable O&M: $m,54.519792954788045
AFG,NEPS_HERAT,DiscountedWeightedCostsCumulated,2045.0,Carbon costs: $m,0.0
AFG,NEPS_HERAT,DiscountedWeightedCostsCumulated,2045.0,Excess generation: $m,0.0
AFG,NEPS_HERAT,DiscountedWeightedCostsCumulated,2045.0,Export revenues with external zones: $m,0.0
AFG,NEPS_HERAT,DiscountedWeightedCostsCumulated,2045.0,Export revenues with internal zones: $m,-142.1617341553684
AFG,NEPS_HERAT,DiscountedWeightedCostsCumulated,2045.0,Fixed O&M: $m,119.66092644327291
AFG,NEPS_HERAT,DiscountedWeightedCostsCumulated,2045.0,Fuel costs: $m,772.4882230292144
AFG,NEPS_HERAT,DiscountedWeightedCostsCumulated,2045.0,Generation costs: $m,0.0
AFG,NEPS_HERAT,DiscountedWeightedCostsCumulated,2045.0,Import costs with external zones: $m,0.0
AFG,NEPS_HERAT,DiscountedWeightedCostsCumulated,2045.0,Import costs with internal zones: $m,319.08940229996693
AFG,NEPS_HERAT,DiscountedWeightedCostsCumulated,2045.0,NPV of system cost: $m,0.0
AFG,NEPS_HERAT,DiscountedWeightedCostsCumulated,2045.0,Spinning reserve costs: $m,0.0
AFG,NEPS_HERAT,DiscountedWeightedCostsCumulated,2045.0,Startup costs: $m,0.0
AFG,NEPS_HERAT,DiscountedWeightedCostsCumulated,2045.0,Trade shared benefits: $m,-0.0546429646744692
AFG,NEPS_HERAT,DiscountedWeightedCostsCumulated,2045.0,Transmission costs: $m,0.0
AFG,NEPS_HERAT,DiscountedWeightedCostsCumulated,2045.0,Unmet country CO2 backstop cost: $m,0.0
AFG,NEPS_HERAT,DiscountedWeightedCostsCumulated,2045.0,Unmet country planning reserve costs: $m,0.0
AFG,NEPS_HERAT,DiscountedWeightedCostsCumulated,2045.0,Unmet country spinning reserve costs: $m,0.0
AFG,NEPS_HERAT,DiscountedWeightedCostsCumulated,2045.0,Unmet demand costs: $m,2.401816923401164
AFG,NEPS_HERAT,DiscountedWeightedCostsCumulated,2045.0,Unmet system CO2 backstop cost: $m,0.0
AFG,NEPS_HERAT,DiscountedWeightedCostsCumulated,2045.0,Unmet system planning reserve costs: $m,0.0
AFG,NEPS_HERAT,DiscountedWeightedCostsCumulated,2045.0,Unmet system spinning reserve costs: $m,0.0
AFG,NEPS_HERAT,DiscountedWeightedCostsCumulated,2045.0,VRE curtailment: $m,0.0
AFG,NEPS_HERAT,DiscountedWeightedCostsCumulated,2045.0,Variable O&M: $m,65.55513082691007
AFG,NEPS_HERAT,DiscountedWeightedCostsCumulated,2050.0,Carbon costs: $m,0.0
AFG,NEPS_HERAT,DiscountedWeightedCostsCumulated,2050.0,Excess generation: $m,0.0
AFG,NEPS_HERAT,DiscountedWeightedCostsCumulated,2050.0,Export revenues with external zones: $m,0.0
AFG,NEPS_HERAT,DiscountedWeightedCostsCumulated,2050.0,Export revenues with internal zones: $m,-156.98584061143055
AFG,NEPS_HERAT,DiscountedWeightedCostsCumulated,2050.0,Fixed O&M: $m,141.01916819467883
AFG,NEPS_HERAT,DiscountedWeightedCostsCumulated,2050.0,Fuel costs: $m,883.3728556115839
AFG,NEPS_HERAT,DiscountedWeightedCostsCumulated,2050.0,Generation costs: $m,0.0
AFG,NEPS_HERAT,DiscountedWeightedCostsCumulated,2050.0,Import costs with external zones: $m,0.0
AFG,NEPS_HERAT,DiscountedWeightedCostsCumulated,2050.0,Import costs with internal zones: $m,372.2638555265633
AFG,NEPS_HERAT,DiscountedWeightedCostsCumulated,2050.0,NPV of system cost: $m,0.0
AFG,NEPS_HERAT,DiscountedWeightedCostsCumulated,2050.0,Spinning reserve costs: $m,0.0
AFG,NEPS_HERAT,DiscountedWeightedCostsCumulated,2050.0,Startup costs: $m,0.0
AFG,NEPS_HERAT,DiscountedWeightedCostsCumulated,2050.0,Trade shared benefits: $m,-0.4885643728325269
AFG,NEPS_HERAT,DiscountedWeightedCostsCumulated,2050.0,Transmission costs: $m,0.0
AFG,NEPS_HERAT,DiscountedWeightedCostsCumulated,2050.0,Unmet country CO2 backstop cost: $m,0.0
AFG,NEPS_HERAT,DiscountedWeightedCostsCumulated,2050.0,Unmet country planning reserve costs: $m,0.0
AFG,NEPS_HERAT,DiscountedWeightedCostsCumulated,2050.0,Unmet country spinning reserve costs: $m,0.0
AFG,NEPS_HERAT,DiscountedWeightedCostsCumulated,2050.0,Unmet demand costs: $m,3.112710705112601
AFG,NEPS_HERAT,DiscountedWeightedCostsCumulated,2050.0,Unmet system CO2 backstop cost: $m,0.0
AFG,NEPS_HERAT,DiscountedWeightedCostsCumulated,2050.0,Unmet system planning reserve costs: $m,0.0
AFG,NEPS_HERAT,DiscountedWeightedCostsCumulated,2050.0,Unmet system spinning reserve costs: $m,0.0
AFG,NEPS_HERAT,DiscountedWeightedCostsCumulated,2050.0,VRE curtailment: $m,0.0
AFG,NEPS_HERAT,DiscountedWeightedCostsCumulated,2050.0,Variable O&M: $m,74.96999232683594
AFG,NEPS_HERAT,GenCostsPerMWh,2026.0,Fixed O&M: $m,2.7938798315467537
AFG,NEPS_HERAT,GenCostsPerMWh,2026.0,Investment costs: $m,19.31907916012471
AFG,NEPS_HERAT,GenCostsPerMWh,2026.0,Variable Cost: $m,42.75198066679621
AFG,NEPS_HERAT,GenCostsPerMWh,2027.0,Fixed O&M: $m,2.751736026317434
AFG,NEPS_HERAT,GenCostsPerMWh,2027.0,Investment costs: $m,19.340024088927777
AFG,NEPS_HERAT,GenCostsPerMWh,2027.0,Variable Cost: $m,42.87504539439665
AFG,NEPS_HERAT,GenCostsPerMWh,2028.0,Fixed O&M: $m,2.7122282642253017
AFG,NEPS_HERAT,GenCostsPerMWh,2028.0,Investment costs: $m,19.360873072349065
AFG,NEPS_HERAT,GenCostsPerMWh,2028.0,Variable Cost: $m,42.99066952995901
AFG,NEPS_HERAT,GenCostsPerMWh,2029.0,Fixed O&M: $m,3.0636711303145314
AFG,NEPS_HERAT,GenCostsPerMWh,2029.0,Investment costs: $m,21.642989890185543
AFG,NEPS_HERAT,GenCostsPerMWh,2029.0,Variable Cost: $m,41.2324326638262
AFG,NEPS_HERAT,GenCostsPerMWh,2030.0,Fixed O&M: $m,4.425069812471137
AFG,NEPS_HERAT,GenCostsPerMWh,2030.0,Investment costs: $m,31.513936578708822
AFG,NEPS_HERAT,GenCostsPerMWh,2030.0,Variable Cost: $m,37.75193766316483
AFG,NEPS_HERAT,GenCostsPerMWh,2031.0,Fixed O&M: $m,5.354316828678813
AFG,NEPS_HERAT,GenCostsPerMWh,2031.0,Investment costs: $m,38.012209038843736
AFG,NEPS_HERAT,GenCostsPerMWh,2031.0,Variable Cost: $m,35.19964496314338
AFG,NEPS_HERAT,GenCostsPerMWh,2032.0,Fixed O&M: $m,5.768396082107591
AFG,NEPS_HERAT,GenCostsPerMWh,2032.0,Investment costs: $m,40.859070191087056
AFG,NEPS_HERAT,GenCostsPerMWh,2032.0,Variable Cost: $m,33.602787211279235
AFG,NEPS_HERAT,GenCostsPerMWh,2033.0,Fixed O&M: $m,6.077503370223112
AFG,NEPS_HERAT,GenCostsPerMWh,2033.0,Investment costs: $m,42.57519848458057
AFG,NEPS_HERAT,GenCostsPerMWh,2033.0,Variable Cost: $m,32.04357241146556
AFG,NEPS_HERAT,GenCostsPerMWh,2034.0,Fixed O&M: $m,6.315194516205821
AFG,NEPS_HERAT,GenCostsPerMWh,2034.0,Investment costs: $m,43.7722128581441
AFG,NEPS_HERAT,GenCostsPerMWh,2034.0,Variable Cost: $m,30.718383380203303
AFG,NEPS_HERAT,GenCostsPerMWh,2035.0,Fixed O&M: $m,5.903619274741075
AFG,NEPS_HERAT,GenCostsPerMWh,2035.0,Investment costs: $m,40.19116463386089
AFG,NEPS_HERAT,GenCostsPerMWh,2035.0,Variable Cost: $m,30.69392654460713
AFG,NEPS_HERAT,GenCostsPerMWh,2040.0,Fixed O&M: $m,5.88680434325386
AFG,NEPS_HERAT,GenCostsPerMWh,2040.0,Investment costs: $m,37.99844546859697
AFG,NEPS_HERAT,GenCostsPerMWh,2040.0,Variable Cost: $m,28.95410635567347
AFG,NEPS_HERAT,GenCostsPerMWh,2045.0,Fixed O&M: $m,5.936895049564465
AFG,NEPS_HERAT,GenCostsPerMWh,2045.0,Investment costs: $m,37.333495762642194
AFG,NEPS_HERAT,GenCostsPerMWh,2045.0,Variable Cost: $m,29.692895038463643
AFG,NEPS_HERAT,GenCostsPerMWh,2050.0,Fixed O&M: $m,5.58735386007653
AFG,NEPS_HERAT,GenCostsPerMWh,2050.0,Investment costs: $m,35.01250689332181
AFG,NEPS_HERAT,GenCostsPerMWh,2050.0,Variable Cost: $m,31.470560659878327
AFG,NEPS_HERAT,NetPresentCostPerMWh,,Carbon costs: $m,0.0
AFG,NEPS_HERAT,NetPresentCostPerMWh,,Excess generation: $m,0.0
AFG,NEPS_HERAT,NetPresentCostPerMWh,,Export revenues with external zones: $m,0.0
AFG,NEPS_HERAT,NetPresentCostPerMWh,,Export revenues with internal zones: $m,-4.627221619377104
AFG,NEPS_HERAT,NetPresentCostPerMWh,,Fixed O&M: $m,4.156597443919295
AFG,NEPS_HERAT,NetPresentCostPerMWh,,Fuel costs: $m,26.03777486897237
AFG,NEPS_HERAT,NetPresentCostPerMWh,,Generation costs: $m,0.0
AFG,NEPS_HERAT,NetPresentCostPerMWh,,Import costs with external zones: $m,0.0
AFG,NEPS_HERAT,NetPresentCostPerMWh,,Import costs with internal zones: $m,10.972628828792375
AFG,NEPS_HERAT,NetPresentCostPerMWh,,NPV of system cost: $m,0.0
AFG,NEPS_HERAT,NetPresentCostPerMWh,,Spinning reserve costs: $m,0.0
AFG,NEPS_HERAT,NetPresentCostPerMWh,,Startup costs: $m,0.0
AFG,NEPS_HERAT,NetPresentCostPerMWh,,Trade shared benefits: $m,-0.0144006339656054
AFG,NEPS_HERAT,NetPresentCostPerMWh,,Transmission costs: $m,0.0
AFG,NEPS_HERAT,NetPresentCostPerMWh,,Unmet country CO2 backstop cost: $m,0.0
AFG,NEPS_HERAT,NetPresentCostPerMWh,,Unmet country planning reserve costs: $m,0.0
AFG,NEPS_HERAT,NetPresentCostPerMWh,,Unmet country spinning reserve costs: $m,0.0
AFG,NEPS_HERAT,NetPresentCostPerMWh,,Unmet demand costs: $m,0.0917484163760616
AFG,NEPS_HERAT,NetPresentCostPerMWh,,Unmet system CO2 backstop cost: $m,0.0
AFG,NEPS_HERAT,NetPresentCostPerMWh,,Unmet system planning reserve costs: $m,0.0
AFG,NEPS_HERAT,NetPresentCostPerMWh,,Unmet system spinning reserve costs: $m,0.0
AFG,NEPS_HERAT,NetPresentCostPerMWh,,VRE curtailment: $m,0.0
AFG,NEPS_HERAT,NetPresentCostPerMWh,,Variable O&M: $m,2.209771072016108
AFG,NEPS_TAJ,Costs,2026.0,Carbon costs: $m,0.0
AFG,NEPS_TAJ,Costs,2026.0,Excess generation: $m,0.0
AFG,NEPS_TAJ,Costs,2026.0,Export revenues with external zones: $m,0.0
AFG,NEPS_TAJ,Costs,2026.0,Export revenues with internal zones: $m,-122.20598715013884
AFG,NEPS_TAJ,Costs,2026.0,Fixed O&M: $m,4.55677558840799
AFG,NEPS_TAJ,Costs,2026.0,Fuel costs: $m,62.97379996201909
AFG,NEPS_TAJ,Costs,2026.0,Generation costs: $m,0.0
AFG,NEPS_TAJ,Costs,2026.0,Import costs with external zones: $m,0.0
AFG,NEPS_TAJ,Costs,2026.0,Import costs with internal zones: $m,131.67774303251883
AFG,NEPS_TAJ,Costs,2026.0,NPV of system cost: $m,0.0
AFG,NEPS_TAJ,Costs,2026.0,Spinning reserve costs: $m,0.0
AFG,NEPS_TAJ,Costs,2026.0,Startup costs: $m,0.0
AFG,NEPS_TAJ,Costs,2026.0,Trade shared benefits: $m,-6.010000798351694
AFG,NEPS_TAJ,Costs,2026.0,Transmission costs: $m,0.0
AFG,NEPS_TAJ,Costs,2026.0,Unmet country CO2 backstop cost: $m,0.0
AFG,NEPS_TAJ,Costs,2026.0,Unmet country planning reserve costs: $m,0.0
AFG,NEPS_TAJ,Costs,2026.0,Unmet country spinning reserve costs: $m,0.0
AFG,NEPS_TAJ,Costs,2026.0,Unmet demand costs: $m,0.0
AFG,NEPS_TAJ,Costs,2026.0,Unmet system CO2 backstop cost: $m,0.0
AFG,NEPS_TAJ,Costs,2026.0,Unmet system planning reserve costs: $m,0.0
AFG,NEPS_TAJ,Costs,2026.0,Unmet system spinning reserve costs: $m,0.0
AFG,NEPS_TAJ,Costs,2026.0,VRE curtailment: $m,0.0
AFG,NEPS_TAJ,Costs,2026.0,Variable O&M: $m,5.261943955692578
AFG,NEPS_TAJ,Costs,2027.0,Carbon costs: $m,0.0
AFG,NEPS_TAJ,Costs,2027.0,Excess generation: $m,0.0
AFG,NEPS_TAJ,Costs,2027.0,Export revenues with external zones: $m,0.0
AFG,NEPS_TAJ,Costs,2027.0,Export revenues with internal zones: $m,-103.84917161900356
AFG,NEPS_TAJ,Costs,2027.0,Fixed O&M: $m,4.55677558840799
AFG,NEPS_TAJ,Costs,2027.0,Fuel costs: $m,109.32488950105092
AFG,NEPS_TAJ,Costs,2027.0,Generation costs: $m,0.0
AFG,NEPS_TAJ,Costs,2027.0,Import costs with external zones: $m,0.0
AFG,NEPS_TAJ,Costs,2027.0,Import costs with internal zones: $m,74.60772670752979
AFG,NEPS_TAJ,Costs,2027.0,NPV of system cost: $m,0.0
AFG,NEPS_TAJ,Costs,2027.0,Spinning reserve costs: $m,0.0
AFG,NEPS_TAJ,Costs,2027.0,Startup costs: $m,0.0
AFG,NEPS_TAJ,Costs,2027.0,Trade shared benefits: $m,-11.159896026184832
AFG,NEPS_TAJ,Costs,2027.0,Transmission costs: $m,0.0
AFG,NEPS_TAJ,Costs,2027.0,Unmet country CO2 backstop cost: $m,0.0
AFG,NEPS_TAJ,Costs,2027.0,Unmet country planning reserve costs: $m,0.0
AFG,NEPS_TAJ,Costs,2027.0,Unmet country spinning reserve costs: $m,0.0
AFG,NEPS_TAJ,Costs,2027.0,Unmet demand costs: $m,0.0
AFG,NEPS_TAJ,Costs,2027.0,Unmet system CO2 backstop cost: $m,0.0
AFG,NEPS_TAJ,Costs,2027.0,Unmet system planning reserve costs: $m,0.0
AFG,NEPS_TAJ,Costs,2027.0,Unmet system spinning reserve costs: $m,0.0
AFG,NEPS_TAJ,Costs,2027.0,VRE curtailment: $m,0.0
AFG,NEPS_TAJ,Costs,2027.0,Variable O&M: $m,9.134932969961582
AFG,NEPS_TAJ,Costs,2028.0,Carbon costs: $m,0.0
AFG,NEPS_TAJ,Costs,2028.0,Excess generation: $m,0.0
AFG,NEPS_TAJ,Costs,2028.0,Export revenues with external zones: $m,0.0
AFG,NEPS_TAJ,Costs,2028.0,Export revenues with internal zones: $m,-93.6623451263384
AFG,NEPS_TAJ,Costs,2028.0,Fixed O&M: $m,5.45343027040799
AFG,NEPS_TAJ,Costs,2028.0,Fuel costs: $m,74.34186839179283
AFG,NEPS_TAJ,Costs,2028.0,Generation costs: $m,0.0
AFG,NEPS_TAJ,Costs,2028.0,Import costs with external zones: $m,0.0
AFG,NEPS_TAJ,Costs,2028.0,Import costs with internal zones: $m,104.438032866624
AFG,NEPS_TAJ,Costs,2028.0,NPV of system cost: $m,0.0
AFG,NEPS_TAJ,Costs,2028.0,Spinning reserve costs: $m,0.0
AFG,NEPS_TAJ,Costs,2028.0,Startup costs: $m,0.0
AFG,NEPS_TAJ,Costs,2028.0,Trade shared benefits: $m,-4.959729450853906
AFG,NEPS_TAJ,Costs,2028.0,Transmission costs: $m,0.0
AFG,NEPS_TAJ,Costs,2028.0,Unmet country CO2 backstop cost: $m,0.0
AFG,NEPS_TAJ,Costs,2028.0,Unmet country planning reserve costs: $m,0.0
AFG,NEPS_TAJ,Costs,2028.0,Unmet country spinning reserve costs: $m,0.0
AFG,NEPS_TAJ,Costs,2028.0,Unmet demand costs: $m,0.0
AFG,NEPS_TAJ,Costs,2028.0,Unmet system CO2 backstop cost: $m,0.0
AFG,NEPS_TAJ,Costs,2028.0,Unmet system planning reserve costs: $m,0.0
AFG,NEPS_TAJ,Costs,2028.0,Unmet system spinning reserve costs: $m,0.0
AFG,NEPS_TAJ,Costs,2028.0,VRE curtailment: $m,0.0
AFG,NEPS_TAJ,Costs,2028.0,Variable O&M: $m,6.211833258831711
AFG,NEPS_TAJ,Costs,2029.0,Carbon costs: $m,0.0
AFG,NEPS_TAJ,Costs,2029.0,Excess generation: $m,0.0
AFG,NEPS_TAJ,Costs,2029.0,Export revenues with external zones: $m,0.0
AFG,NEPS_TAJ,Costs,2029.0,Export revenues with internal zones: $m,-77.54987237832009
AFG,NEPS_TAJ,Costs,2029.0,Fixed O&M: $m,6.350084952407991
AFG,NEPS_TAJ,Costs,2029.0,Fuel costs: $m,63.92880299418759
AFG,NEPS_TAJ,Costs,2029.0,Generation costs: $m,0.0
AFG,NEPS_TAJ,Costs,2029.0,Import costs with external zones: $m,0.0
AFG,NEPS_TAJ,Costs,2029.0,Import costs with internal zones: $m,98.4825093836651
AFG,NEPS_TAJ,Costs,2029.0,NPV of system cost: $m,0.0
AFG,NEPS_TAJ,Costs,2029.0,Spinning reserve costs: $m,0.0
AFG,NEPS_TAJ,Costs,2029.0,Startup costs: $m,0.0
AFG,NEPS_TAJ,Costs,2029.0,Trade shared benefits: $m,-10.538585368395744
AFG,NEPS_TAJ,Costs,2029.0,Transmission costs: $m,0.0
AFG,NEPS_TAJ,Costs,2029.0,Unmet country CO2 backstop cost: $m,0.0
AFG,NEPS_TAJ,Costs,2029.0,Unmet country planning reserve costs: $m,0.0
AFG,NEPS_TAJ,Costs,2029.0,Unmet country spinning reserve costs: $m,0.0
AFG,NEPS_TAJ,Costs,2029.0,Unmet demand costs: $m,0.0
AFG,NEPS_TAJ,Costs,2029.0,Unmet system CO2 backstop cost: $m,0.0
AFG,NEPS_TAJ,Costs,2029.0,Unmet system planning reserve costs: $m,0.0
AFG,NEPS_TAJ,Costs,2029.0,Unmet system spinning reserve costs: $m,0.0
AFG,NEPS_TAJ,Costs,2029.0,VRE curtailment: $m,0.0
AFG,NEPS_TAJ,Costs,2029.0,Variable O&M: $m,5.341741783294174
AFG,NEPS_TAJ,Costs,2030.0,Carbon costs: $m,0.0
AFG,NEPS_TAJ,Costs,2030.0,Excess generation: $m,0.0
AFG,NEPS_TAJ,Costs,2030.0,Export revenues with external zones: $m,0.0
AFG,NEPS_TAJ,Costs,2030.0,Export revenues with internal zones: $m,-101.89211790261751
AFG,NEPS_TAJ,Costs,2030.0,Fixed O&M: $m,12.394739634407989
AFG,NEPS_TAJ,Costs,2030.0,Fuel costs: $m,112.12288439430884
AFG,NEPS_TAJ,Costs,2030.0,Generation costs: $m,0.0
AFG,NEPS_TAJ,Costs,2030.0,Import costs with external zones: $m,0.0
AFG,NEPS_TAJ,Costs,2030.0,Import costs with internal zones: $m,50.32627256533853
AFG,NEPS_TAJ,Costs,2030.0,NPV of system cost: $m,0.0
AFG,NEPS_TAJ,Costs,2030.0,Spinning reserve costs: $m,0.0
AFG,NEPS_TAJ,Costs,2030.0,Startup costs: $m,0.0
AFG,NEPS_TAJ,Costs,2030.0,Trade shared benefits: $m,-13.13949620538411
AFG,NEPS_TAJ,Costs,2030.0,Transmission costs: $m,0.0
AFG,NEPS_TAJ,Costs,2030.0,Unmet country CO2 backstop cost: $m,0.0
AFG,NEPS_TAJ,Costs,2030.0,Unmet country planning reserve costs: $m,0.0
AFG,NEPS_TAJ,Costs,2030.0,Unmet country spinning reserve costs: $m,0.0
AFG,NEPS_TAJ,Costs,2030.0,Unmet demand costs: $m,0.0
AFG,NEPS_TAJ,Costs,2030.0,Unmet system CO2 backstop cost: $m,0.0
AFG,NEPS_TAJ,Costs,2030.0,Unmet system planning reserve costs: $m,0.0
AFG,NEPS_TAJ,Costs,2030.0,Unmet system spinning reserve costs: $m,0.0
AFG,NEPS_TAJ,Costs,2030.0,VRE curtailment: $m,0.0
AFG,NEPS_TAJ,Costs,2030.0,Variable O&M: $m,9.492978357261226
AFG,NEPS_TAJ,Costs,2031.0,Carbon costs: $m,0.0
AFG,NEPS_TAJ,Costs,2031.0,Excess generation: $m,0.0
AFG,NEPS_TAJ,Costs,2031.0,Export revenues with external zones: $m,0.0
AFG,NEPS_TAJ,Costs,2031.0,Export revenues with internal zones: $m,-133.03118676353645
AFG,NEPS_TAJ,Costs,2031.0,Fixed O&M: $m,13.29139431640799
AFG,NEPS_TAJ,Costs,2031.0,Fuel costs: $m,108.43117965122885
AFG,NEPS_TAJ,Costs,2031.0,Generation costs: $m,0.0
AFG,NEPS_TAJ,Costs,2031.0,Import costs with external zones: $m,0.0
AFG,NEPS_TAJ,Costs,2031.0,Import costs with internal zones: $m,83.73850462205692
AFG,NEPS_TAJ,Costs,2031.0,NPV of system cost: $m,0.0
AFG,NEPS_TAJ,Costs,2031.0,Spinning reserve costs: $m,0.0
AFG,NEPS_TAJ,Costs,2031.0,Startup costs: $m,0.0
AFG,NEPS_TAJ,Costs,2031.0,Trade shared benefits: $m,-13.94053715923505
AFG,NEPS_TAJ,Costs,2031.0,Transmission costs: $m,0.0
AFG,NEPS_TAJ,Costs,2031.0,Unmet country CO2 backstop cost: $m,0.0
AFG,NEPS_TAJ,Costs,2031.0,Unmet country planning reserve costs: $m,0.0
AFG,NEPS_TAJ,Costs,2031.0,Unmet country spinning reserve costs: $m,0.0
AFG,NEPS_TAJ,Costs,2031.0,Unmet demand costs: $m,0.0
AFG,NEPS_TAJ,Costs,2031.0,Unmet system CO2 backstop cost: $m,0.0
AFG,NEPS_TAJ,Costs,2031.0,Unmet system planning reserve costs: $m,0.0
AFG,NEPS_TAJ,Costs,2031.0,Unmet system spinning reserve costs: $m,0.0
AFG,NEPS_TAJ,Costs,2031.0,VRE curtailment: $m,0.0
AFG,NEPS_TAJ,Costs,2031.0,Variable O&M: $m,9.18041706866458
AFG,NEPS_TAJ,Costs,2032.0,Carbon costs: $m,0.0
AFG,NEPS_TAJ,Costs,2032.0,Excess generation: $m,0.0
AFG,NEPS_TAJ,Costs,2032.0,Export revenues with external zones: $m,0.0
AFG,NEPS_TAJ,Costs,2032.0,Export revenues with internal zones: $m,-131.43843240864857
AFG,NEPS_TAJ,Costs,2032.0,Fixed O&M: $m,14.18804899840799
AFG,NEPS_TAJ,Costs,2032.0,Fuel costs: $m,96.23318571868496
AFG,NEPS_TAJ,Costs,2032.0,Generation costs: $m,0.0
AFG,NEPS_TAJ,Costs,2032.0,Import costs with external zones: $m,0.0
AFG,NEPS_TAJ,Costs,2032.0,Import costs with internal zones: $m,101.5946813803996
AFG,NEPS_TAJ,Costs,2032.0,NPV of system cost: $m,0.0
AFG,NEPS_TAJ,Costs,2032.0,Spinning reserve costs: $m,0.0
AFG,NEPS_TAJ,Costs,2032.0,Startup costs: $m,0.0
AFG,NEPS_TAJ,Costs,2032.0,Trade shared benefits: $m,-13.532051376016824
AFG,NEPS_TAJ,Costs,2032.0,Transmission costs: $m,0.0
AFG,NEPS_TAJ,Costs,2032.0,Unmet country CO2 backstop cost: $m,0.0
AFG,NEPS_TAJ,Costs,2032.0,Unmet country planning reserve costs: $m,0.0
AFG,NEPS_TAJ,Costs,2032.0,Unmet country spinning reserve costs: $m,0.0
AFG,NEPS_TAJ,Costs,2032.0,Unmet demand costs: $m,0.0
AFG,NEPS_TAJ,Costs,2032.0,Unmet system CO2 backstop cost: $m,0.0
AFG,NEPS_TAJ,Costs,2032.0,Unmet system planning reserve costs: $m,0.0
AFG,NEPS_TAJ,Costs,2032.0,Unmet system spinning reserve costs: $m,0.0
AFG,NEPS_TAJ,Costs,2032.0,VRE curtailment: $m,0.0
AFG,NEPS_TAJ,Costs,2032.0,Variable O&M: $m,8.147663647905103
AFG,NEPS_TAJ,Costs,2033.0,Carbon costs: $m,0.0
AFG,NEPS_TAJ,Costs,2033.0,Excess generation: $m,0.0
AFG,NEPS_TAJ,Costs,2033.0,Export revenues with external zones: $m,0.0
AFG,NEPS_TAJ,Costs,2033.0,Export revenues with internal zones: $m,-131.6681150626222
AFG,NEPS_TAJ,Costs,2033.0,Fixed O&M: $m,15.887262421528924
AFG,NEPS_TAJ,Costs,2033.0,Fuel costs: $m,93.15354002564168
AFG,NEPS_TAJ,Costs,2033.0,Generation costs: $m,0.0
AFG,NEPS_TAJ,Costs,2033.0,Import costs with external zones: $m,0.0
AFG,NEPS_TAJ,Costs,2033.0,Import costs with internal zones: $m,102.58016173952797
AFG,NEPS_TAJ,Costs,2033.0,NPV of system cost: $m,0.0
AFG,NEPS_TAJ,Costs,2033.0,Spinning reserve costs: $m,0.0
AFG,NEPS_TAJ,Costs,2033.0,Startup costs: $m,0.0
AFG,NEPS_TAJ,Costs,2033.0,Trade shared benefits: $m,-16.323054023992988
AFG,NEPS_TAJ,Costs,2033.0,Transmission costs: $m,0.0
AFG,NEPS_TAJ,Costs,2033.0,Unmet country CO2 backstop cost: $m,0.0
AFG,NEPS_TAJ,Costs,2033.0,Unmet country planning reserve costs: $m,0.0
AFG,NEPS_TAJ,Costs,2033.0,Unmet country spinning reserve costs: $m,0.0
AFG,NEPS_TAJ,Costs,2033.0,Unmet demand costs: $m,0.0
AFG,NEPS_TAJ,Costs,2033.0,Unmet system CO2 backstop cost: $m,0.0
AFG,NEPS_TAJ,Costs,2033.0,Unmet system planning reserve costs: $m,0.0
AFG,NEPS_TAJ,Costs,2033.0,Unmet system spinning reserve costs: $m,0.0
AFG,NEPS_TAJ,Costs,2033.0,VRE curtailment: $m,0.0
AFG,NEPS_TAJ,Costs,2033.0,Variable O&M: $m,9.661349885637142
AFG,NEPS_TAJ,Costs,2034.0,Carbon costs: $m,0.0
AFG,NEPS_TAJ,Costs,2034.0,Excess generation: $m,0.0
AFG,NEPS_TAJ,Costs,2034.0,Export revenues with external zones: $m,0.0
AFG,NEPS_TAJ,Costs,2034.0,Export revenues with internal zones: $m,-139.09025730198698
AFG,NEPS_TAJ,Costs,2034.0,Fixed O&M: $m,16.78391710352893
AFG,NEPS_TAJ,Costs,2034.0,Fuel costs: $m,98.4174810936539
AFG,NEPS_TAJ,Costs,2034.0,Generation costs: $m,0.0
AFG,NEPS_TAJ,Costs,2034.0,Import costs with external zones: $m,0.0
AFG,NEPS_TAJ,Costs,2034.0,Import costs with internal zones: $m,107.45555023740356
AFG,NEPS_TAJ,Costs,2034.0,NPV of system cost: $m,0.0
AFG,NEPS_TAJ,Costs,2034.0,Spinning reserve costs: $m,0.0
AFG,NEPS_TAJ,Costs,2034.0,Startup costs: $m,0.0
AFG,NEPS_TAJ,Costs,2034.0,Trade shared benefits: $m,-12.3873363675993
AFG,NEPS_TAJ,Costs,2034.0,Transmission costs: $m,0.0
AFG,NEPS_TAJ,Costs,2034.0,Unmet country CO2 backstop cost: $m,0.0
AFG,NEPS_TAJ,Costs,2034.0,Unmet country planning reserve costs: $m,0.0
AFG,NEPS_TAJ,Costs,2034.0,Unmet country spinning reserve costs: $m,0.0
AFG,NEPS_TAJ,Costs,2034.0,Unmet demand costs: $m,0.0
AFG,NEPS_TAJ,Costs,2034.0,Unmet system CO2 backstop cost: $m,0.0
AFG,NEPS_TAJ,Costs,2034.0,Unmet system planning reserve costs: $m,0.0
AFG,NEPS_TAJ,Costs,2034.0,Unmet system spinning reserve costs: $m,0.0
AFG,NEPS_TAJ,Costs,2034.0,VRE curtailment: $m,0.0
AFG,NEPS_TAJ,Costs,2034.0,Variable O&M: $m,10.10567218385389
AFG,NEPS_TAJ,Costs,2035.0,Carbon costs: $m,0.0
AFG,NEPS_TAJ,Costs,2035.0,Excess generation: $m,0.0
AFG,NEPS_TAJ,Costs,2035.0,Export revenues with external zones: $m,0.0
AFG,NEPS_TAJ,Costs,2035.0,Export revenues with internal zones: $m,-178.28999672412033
AFG,NEPS_TAJ,Costs,2035.0,Fixed O&M: $m,21.460560550058307
AFG,NEPS_TAJ,Costs,2035.0,Fuel costs: $m,122.59817539234383
AFG,NEPS_TAJ,Costs,2035.0,Generation costs: $m,0.0
AFG,NEPS_TAJ,Costs,2035.0,Import costs with external zones: $m,0.0
AFG,NEPS_TAJ,Costs,2035.0,Import costs with internal zones: $m,93.95194164391704
AFG,NEPS_TAJ,Costs,2035.0,NPV of system cost: $m,0.0
AFG,NEPS_TAJ,Costs,2035.0,Spinning reserve costs: $m,0.0
AFG,NEPS_TAJ,Costs,2035.0,Startup costs: $m,0.0
AFG,NEPS_TAJ,Costs,2035.0,Trade shared benefits: $m,-5.79132822008804
AFG,NEPS_TAJ,Costs,2035.0,Transmission costs: $m,0.0
AFG,NEPS_TAJ,Costs,2035.0,Unmet country CO2 backstop cost: $m,0.0
AFG,NEPS_TAJ,Costs,2035.0,Unmet country planning reserve costs: $m,0.0
AFG,NEPS_TAJ,Costs,2035.0,Unmet country spinning reserve costs: $m,0.0
AFG,NEPS_TAJ,Costs,2035.0,Unmet demand costs: $m,0.0
AFG,NEPS_TAJ,Costs,2035.0,Unmet system CO2 backstop cost: $m,0.0
AFG,NEPS_TAJ,Costs,2035.0,Unmet system planning reserve costs: $m,0.0
AFG,NEPS_TAJ,Costs,2035.0,Unmet system spinning reserve costs: $m,0.0
AFG,NEPS_TAJ,Costs,2035.0,VRE curtailment: $m,0.0
AFG,NEPS_TAJ,Costs,2035.0,Variable O&M: $m,20.81700936226505
AFG,NEPS_TAJ,Costs,2040.0,Carbon costs: $m,0.0
AFG,NEPS_TAJ,Costs,2040.0,Excess generation: $m,0.0
AFG,NEPS_TAJ,Costs,2040.0,Export revenues with external zones: $m,0.0
AFG,NEPS_TAJ,Costs,2040.0,Export revenues with internal zones: $m,-147.87538371871327
AFG,NEPS_TAJ,Costs,2040.0,Fixed O&M: $m,26.465793389148192
AFG,NEPS_TAJ,Costs,2040.0,Fuel costs: $m,114.0457067830011
AFG,NEPS_TAJ,Costs,2040.0,Generation costs: $m,0.0
AFG,NEPS_TAJ,Costs,2040.0,Import costs with external zones: $m,0.0
AFG,NEPS_TAJ,Costs,2040.0,Import costs with internal zones: $m,103.31875564273604
AFG,NEPS_TAJ,Costs,2040.0,NPV of system cost: $m,0.0
AFG,NEPS_TAJ,Costs,2040.0,Spinning reserve costs: $m,0.0
AFG,NEPS_TAJ,Costs,2040.0,Startup costs: $m,0.0
AFG,NEPS_TAJ,Costs,2040.0,Trade shared benefits: $m,-16.763803603290594
AFG,NEPS_TAJ,Costs,2040.0,Transmission costs: $m,0.0
AFG,NEPS_TAJ,Costs,2040.0,Unmet country CO2 backstop cost: $m,0.0
AFG,NEPS_TAJ,Costs,2040.0,Unmet country planning reserve costs: $m,0.0
AFG,NEPS_TAJ,Costs,2040.0,Unmet country spinning reserve costs: $m,0.0
AFG,NEPS_TAJ,Costs,2040.0,Unmet demand costs: $m,0.0
AFG,NEPS_TAJ,Costs,2040.0,Unmet system CO2 backstop cost: $m,0.0
AFG,NEPS_TAJ,Costs,2040.0,Unmet system planning reserve costs: $m,0.0
AFG,NEPS_TAJ,Costs,2040.0,Unmet system spinning reserve costs: $m,0.0
AFG,NEPS_TAJ,Costs,2040.0,VRE curtailment: $m,0.0
AFG,NEPS_TAJ,Costs,2040.0,Variable O&M: $m,19.58331197737666
AFG,NEPS_TAJ,Costs,2045.0,Carbon costs: $m,0.0
AFG,NEPS_TAJ,Costs,2045.0,Excess generation: $m,0.0
AFG,NEPS_TAJ,Costs,2045.0,Export revenues with external zones: $m,0.0
AFG,NEPS_TAJ,Costs,2045.0,Export revenues with internal zones: $m,-98.5312910856049
AFG,NEPS_TAJ,Costs,2045.0,Fixed O&M: $m,31.025138061558568
AFG,NEPS_TAJ,Costs,2045.0,Fuel costs: $m,104.07849671144044
AFG,NEPS_TAJ,Costs,2045.0,Generation costs: $m,0.0
AFG,NEPS_TAJ,Costs,2045.0,Import costs with external zones: $m,0.0
AFG,NEPS_TAJ,Costs,2045.0,Import costs with internal zones: $m,111.40635815061778
AFG,NEPS_TAJ,Costs,2045.0,NPV of system cost: $m,0.0
AFG,NEPS_TAJ,Costs,2045.0,Spinning reserve costs: $m,0.0
AFG,NEPS_TAJ,Costs,2045.0,Startup costs: $m,0.0
AFG,NEPS_TAJ,Costs,2045.0,Trade shared benefits: $m,-21.466637267616303
AFG,NEPS_TAJ,Costs,2045.0,Transmission costs: $m,0.0
AFG,NEPS_TAJ,Costs,2045.0,Unmet country CO2 backstop cost: $m,0.0
AFG,NEPS_TAJ,Costs,2045.0,Unmet country planning reserve costs: $m,0.0
AFG,NEPS_TAJ,Costs,2045.0,Unmet country spinning reserve costs: $m,0.0
AFG,NEPS_TAJ,Costs,2045.0,Unmet demand costs: $m,0.0
AFG,NEPS_TAJ,Costs,2045.0,Unmet system CO2 backstop cost: $m,0.0
AFG,NEPS_TAJ,Costs,2045.0,Unmet system planning reserve costs: $m,0.0
AFG,NEPS_TAJ,Costs,2045.0,Unmet system spinning reserve costs: $m,0.0
AFG,NEPS_TAJ,Costs,2045.0,VRE curtailment: $m,0.0
AFG,NEPS_TAJ,Costs,2045.0,Variable O&M: $m,18.73431731910225
AFG,NEPS_TAJ,Costs,2050.0,Carbon costs: $m,0.0
AFG,NEPS_TAJ,Costs,2050.0,Excess generation: $m,0.0
AFG,NEPS_TAJ,Costs,2050.0,Export revenues with external zones: $m,0.0
AFG,NEPS_TAJ,Costs,2050.0,Export revenues with internal zones: $m,-86.01998876346438
AFG,NEPS_TAJ,Costs,2050.0,Fixed O&M: $m,35.722648047366576
AFG,NEPS_TAJ,Costs,2050.0,Fuel costs: $m,122.64896934462357
AFG,NEPS_TAJ,Costs,2050.0,Generation costs: $m,0.0
AFG,NEPS_TAJ,Costs,2050.0,Import costs with external zones: $m,0.0
AFG,NEPS_TAJ,Costs,2050.0,Import costs with internal zones: $m,147.03231909039124
AFG,NEPS_TAJ,Costs,2050.0,NPV of system cost: $m,0.0
AFG,NEPS_TAJ,Costs,2050.0,Spinning reserve costs: $m,0.0
AFG,NEPS_TAJ,Costs,2050.0,Startup costs: $m,0.0
AFG,NEPS_TAJ,Costs,2050.0,Trade shared benefits: $m,-21.61383759087928
AFG,NEPS_TAJ,Costs,2050.0,Transmission costs: $m,0.0
AFG,NEPS_TAJ,Costs,2050.0,Unmet country CO2 backstop cost: $m,0.0
AFG,NEPS_TAJ,Costs,2050.0,Unmet country planning reserve costs: $m,0.0
AFG,NEPS_TAJ,Costs,2050.0,Unmet country spinning reserve costs: $m,0.0
AFG,NEPS_TAJ,Costs,2050.0,Unmet demand costs: $m,0.0
AFG,NEPS_TAJ,Costs,2050.0,Unmet system CO2 backstop cost: $m,0.0
AFG,NEPS_TAJ,Costs,2050.0,Unmet system planning reserve costs: $m,0.0
AFG,NEPS_TAJ,Costs,2050.0,Unmet system spinning reserve costs: $m,0.0
AFG,NEPS_TAJ,Costs,2050.0,VRE curtailment: $m,0.0
AFG,NEPS_TAJ,Costs,2050.0,Variable O&M: $m,20.07052764216209
AFG,NEPS_TAJ,DiscountedWeightedCostsCumulated,2026.0,Carbon costs: $m,0.0
AFG,NEPS_TAJ,DiscountedWeightedCostsCumulated,2026.0,Excess generation: $m,0.0
AFG,NEPS_TAJ,DiscountedWeightedCostsCumulated,2026.0,Export revenues with external zones: $m,0.0
AFG,NEPS_TAJ,DiscountedWeightedCostsCumulated,2026.0,Export revenues with internal zones: $m,-122.20598715013884
AFG,NEPS_TAJ,DiscountedWeightedCostsCumulated,2026.0,Fixed O&M: $m,4.55677558840799
AFG,NEPS_TAJ,DiscountedWeightedCostsCumulated,2026.0,Fuel costs: $m,62.97379996201909
AFG,NEPS_TAJ,DiscountedWeightedCostsCumulated,2026.0,Generation costs: $m,0.0
AFG,NEPS_TAJ,DiscountedWeightedCostsCumulated,2026.0,Import costs with external zones: $m,0.0
AFG,NEPS_TAJ,DiscountedWeightedCostsCumulated,2026.0,Import costs with internal zones: $m,131.67774303251883
AFG,NEPS_TAJ,DiscountedWeightedCostsCumulated,2026.0,NPV of system cost: $m,0.0
AFG,NEPS_TAJ,DiscountedWeightedCostsCumulated,2026.0,Spinning reserve costs: $m,0.0
AFG,NEPS_TAJ,DiscountedWeightedCostsCumulated,2026.0,Startup costs: $m,0.0
AFG,NEPS_TAJ,DiscountedWeightedCostsCumulated,2026.0,Trade shared benefits: $m,-6.010000798351694
AFG,NEPS_TAJ,DiscountedWeightedCostsCumulated,2026.0,Transmission costs: $m,0.0
AFG,NEPS_TAJ,DiscountedWeightedCostsCumulated,2026.0,Unmet country CO2 backstop cost: $m,0.0
AFG,NEPS_TAJ,DiscountedWeightedCostsCumulated,2026.0,Unmet country planning reserve costs: $m,0.0
AFG,NEPS_TAJ,DiscountedWeightedCostsCumulated,2026.0,Unmet country spinning reserve costs: $m,0.0
AFG,NEPS_TAJ,DiscountedWeightedCostsCumulated,2026.0,Unmet demand costs: $m,0.0
AFG,NEPS_TAJ,DiscountedWeightedCostsCumulated,2026.0,Unmet system CO2 backstop cost: $m,0.0
AFG,NEPS_TAJ,DiscountedWeightedCostsCumulated,2026.0,Unmet system planning reserve costs: $m,0.0
AFG,NEPS_TAJ,DiscountedWeightedCostsCumulated,2026.0,Unmet system spinning reserve costs: $m,0.0
AFG,NEPS_TAJ,DiscountedWeightedCostsCumulated,2026.0,VRE curtailment: $m,0.0
AFG,NEPS_TAJ,DiscountedWeightedCostsCumulated,2026.0,Variable O&M: $m,5.261943955692578
AFG,NEPS_TAJ,DiscountedWeightedCostsCumulated,2027.0,Carbon costs: $m,0.0
AFG,NEPS_TAJ,DiscountedWeightedCostsCumulated,2027.0,Excess generation: $m,0.0
AFG,NEPS_TAJ,DiscountedWeightedCostsCumulated,2027.0,Export revenues with external zones: $m,0.0
AFG,NEPS_TAJ,DiscountedWeightedCostsCumulated,2027.0,Export revenues with internal zones: $m,-221.22228721300385
AFG,NEPS_TAJ,DiscountedWeightedCostsCumulated,2027.0,Fixed O&M: $m,8.90149063954258
AFG,NEPS_TAJ,DiscountedWeightedCostsCumulated,2027.0,Fuel costs: $m,167.21099217467938
AFG,NEPS_TAJ,DiscountedWeightedCostsCumulated,2027.0,Generation costs: $m,0.0
AFG,NEPS_TAJ,DiscountedWeightedCostsCumulated,2027.0,Import costs with external zones: $m,0.0
AFG,NEPS_TAJ,DiscountedWeightedCostsCumulated,2027.0,Import costs with internal zones: $m,202.8134193168077
AFG,NEPS_TAJ,DiscountedWeightedCostsCumulated,2027.0,NPV of system cost: $m,0.0
AFG,NEPS_TAJ,DiscountedWeightedCostsCumulated,2027.0,Spinning reserve costs: $m,0.0
AFG,NEPS_TAJ,DiscountedWeightedCostsCumulated,2027.0,Startup costs: $m,0.0
AFG,NEPS_TAJ,DiscountedWeightedCostsCumulated,2027.0,Trade shared benefits: $m,-16.65054415918948
AFG,NEPS_TAJ,DiscountedWeightedCostsCumulated,2027.0,Transmission costs: $m,0.0
AFG,NEPS_TAJ,DiscountedWeightedCostsCumulated,2027.0,Unmet country CO2 backstop cost: $m,0.0
AFG,NEPS_TAJ,DiscountedWeightedCostsCumulated,2027.0,Unmet country planning reserve costs: $m,0.0
AFG,NEPS_TAJ,DiscountedWeightedCostsCumulated,2027.0,Unmet country spinning reserve costs: $m,0.0
AFG,NEPS_TAJ,DiscountedWeightedCostsCumulated,2027.0,Unmet demand costs: $m,0.0
AFG,NEPS_TAJ,DiscountedWeightedCostsCumulated,2027.0,Unmet system CO2 backstop cost: $m,0.0
AFG,NEPS_TAJ,DiscountedWeightedCostsCumulated,2027.0,Unmet system planning reserve costs: $m,0.0
AFG,NEPS_TAJ,DiscountedWeightedCostsCumulated,2027.0,Unmet system spinning reserve costs: $m,0.0
AFG,NEPS_TAJ,DiscountedWeightedCostsCumulated,2027.0,VRE curtailment: $m,0.0
AFG,NEPS_TAJ,DiscountedWeightedCostsCumulated,2027.0,Variable O&M: $m,13.971760797817076
AFG,NEPS_TAJ,DiscountedWeightedCostsCumulated,2028.0,Carbon costs: $m,0.0
AFG,NEPS_TAJ,DiscountedWeightedCostsCumulated,2028.0,Excess generation: $m,0.0
AFG,NEPS_TAJ,DiscountedWeightedCostsCumulated,2028.0,Export revenues with external zones: $m,0.0
AFG,NEPS_TAJ,DiscountedWeightedCostsCumulated,2028.0,Export revenues with internal zones: $m,-302.4073254847973
AFG,NEPS_TAJ,DiscountedWeightedCostsCumulated,2028.0,Fixed O&M: $m,13.628437681263936
AFG,NEPS_TAJ,DiscountedWeightedCostsCumulated,2028.0,Fuel costs: $m,231.6493470166737
AFG,NEPS_TAJ,DiscountedWeightedCostsCumulated,2028.0,Generation costs: $m,0.0
AFG,NEPS_TAJ,DiscountedWeightedCostsCumulated,2028.0,Import costs with external zones: $m,0.0
AFG,NEPS_TAJ,DiscountedWeightedCostsCumulated,2028.0,Import costs with internal zones: $m,293.33865316474186
AFG,NEPS_TAJ,DiscountedWeightedCostsCumulated,2028.0,NPV of system cost: $m,0.0
AFG,NEPS_TAJ,DiscountedWeightedCostsCumulated,2028.0,Spinning reserve costs: $m,0.0
AFG,NEPS_TAJ,DiscountedWeightedCostsCumulated,2028.0,Startup costs: $m,0.0
AFG,NEPS_TAJ,DiscountedWeightedCostsCumulated,2028.0,Trade shared benefits: $m,-20.949559144797465
AFG,NEPS_TAJ,DiscountedWeightedCostsCumulated,2028.0,Transmission costs: $m,0.0
AFG,NEPS_TAJ,DiscountedWeightedCostsCumulated,2028.0,Unmet country CO2 backstop cost: $m,0.0
AFG,NEPS_TAJ,DiscountedWeightedCostsCumulated,2028.0,Unmet country planning reserve costs: $m,0.0
AFG,NEPS_TAJ,DiscountedWeightedCostsCumulated,2028.0,Unmet country spinning reserve costs: $m,0.0
AFG,NEPS_TAJ,DiscountedWeightedCostsCumulated,2028.0,Unmet demand costs: $m,0.0
AFG,NEPS_TAJ,DiscountedWeightedCostsCumulated,2028.0,Unmet system CO2 backstop cost: $m,0.0
AFG,NEPS_TAJ,DiscountedWeightedCostsCumulated,2028.0,Unmet system planning reserve costs: $m,0.0
AFG,NEPS_TAJ,DiscountedWeightedCostsCumulated,2028.0,Unmet system spinning reserve costs: $m,0.0
AFG,NEPS_TAJ,DiscountedWeightedCostsCumulated,2028.0,VRE curtailment: $m,0.0
AFG,NEPS_TAJ,DiscountedWeightedCostsCumulated,2028.0,Variable O&M: $m,19.35607954593305
AFG,NEPS_TAJ,DiscountedWeightedCostsCumulated,2029.0,Carbon costs: $m,0.0
AFG,NEPS_TAJ,DiscountedWeightedCostsCumulated,2029.0,Excess generation: $m,0.0
AFG,NEPS_TAJ,DiscountedWeightedCostsCumulated,2029.0,Export revenues with external zones: $m,0.0
AFG,NEPS_TAJ,DiscountedWeightedCostsCumulated,2029.0,Export revenues with internal zones: $m,-363.515509049672
AFG,NEPS_TAJ,DiscountedWeightedCostsCumulated,2029.0,Fixed O&M: $m,18.63221325205104
AFG,NEPS_TAJ,DiscountedWeightedCostsCumulated,2029.0,Fuel costs: $m,282.0243239011444
AFG,NEPS_TAJ,DiscountedWeightedCostsCumulated,2029.0,Generation costs: $m,0.0
AFG,NEPS_TAJ,DiscountedWeightedCostsCumulated,2029.0,Import costs with external zones: $m,0.0
AFG,NEPS_TAJ,DiscountedWeightedCostsCumulated,2029.0,Import costs with internal zones: $m,370.94145348900025
AFG,NEPS_TAJ,DiscountedWeightedCostsCumulated,2029.0,NPV of system cost: $m,0.0
AFG,NEPS_TAJ,DiscountedWeightedCostsCumulated,2029.0,Spinning reserve costs: $m,0.0
AFG,NEPS_TAJ,DiscountedWeightedCostsCumulated,2029.0,Startup costs: $m,0.0
AFG,NEPS_TAJ,DiscountedWeightedCostsCumulated,2029.0,Trade shared benefits: $m,-29.25381277482748
AFG,NEPS_TAJ,DiscountedWeightedCostsCumulated,2029.0,Transmission costs: $m,0.0
AFG,NEPS_TAJ,DiscountedWeightedCostsCumulated,2029.0,Unmet country CO2 backstop cost: $m,0.0
AFG,NEPS_TAJ,DiscountedWeightedCostsCumulated,2029.0,Unmet country planning reserve costs: $m,0.0
AFG,NEPS_TAJ,DiscountedWeightedCostsCumulated,2029.0,Unmet country spinning reserve costs: $m,0.0
AFG,NEPS_TAJ,DiscountedWeightedCostsCumulated,2029.0,Unmet demand costs: $m,0.0
AFG,NEPS_TAJ,DiscountedWeightedCostsCumulated,2029.0,Unmet system CO2 backstop cost: $m,0.0
AFG,NEPS_TAJ,DiscountedWeightedCostsCumulated,2029.0,Unmet system planning reserve costs: $m,0.0
AFG,NEPS_TAJ,DiscountedWeightedCostsCumulated,2029.0,Unmet system spinning reserve costs: $m,0.0
AFG,NEPS_TAJ,DiscountedWeightedCostsCumulated,2029.0,VRE curtailment: $m,0.0
AFG,NEPS_TAJ,DiscountedWeightedCostsCumulated,2029.0,Variable O&M: $m,23.565295208562
AFG,NEPS_TAJ,DiscountedWeightedCostsCumulated,2030.0,Carbon costs: $m,0.0
AFG,NEPS_TAJ,DiscountedWeightedCostsCumulated,2030.0,Excess generation: $m,0.0
AFG,NEPS_TAJ,DiscountedWeightedCostsCumulated,2030.0,Export revenues with external zones: $m,0.0
AFG,NEPS_TAJ,DiscountedWeightedCostsCumulated,2030.0,Export revenues with internal zones: $m,-436.5059843007215
AFG,NEPS_TAJ,DiscountedWeightedCostsCumulated,2030.0,Fixed O&M: $m,27.51119187327388
AFG,NEPS_TAJ,DiscountedWeightedCostsCumulated,2030.0,Fuel costs: $m,362.3436144107477
AFG,NEPS_TAJ,DiscountedWeightedCostsCumulated,2030.0,Generation costs: $m,0.0
AFG,NEPS_TAJ,DiscountedWeightedCostsCumulated,2030.0,Import costs with external zones: $m,0.0
AFG,NEPS_TAJ,DiscountedWeightedCostsCumulated,2030.0,Import costs with internal zones: $m,406.99270679270205
AFG,NEPS_TAJ,DiscountedWeightedCostsCumulated,2030.0,NPV of system cost: $m,0.0
AFG,NEPS_TAJ,DiscountedWeightedCostsCumulated,2030.0,Spinning reserve costs: $m,0.0
AFG,NEPS_TAJ,DiscountedWeightedCostsCumulated,2030.0,Startup costs: $m,0.0
AFG,NEPS_TAJ,DiscountedWeightedCostsCumulated,2030.0,Trade shared benefits: $m,-38.666298179311454
AFG,NEPS_TAJ,DiscountedWeightedCostsCumulated,2030.0,Transmission costs: $m,0.0
AFG,NEPS_TAJ,DiscountedWeightedCostsCumulated,2030.0,Unmet country CO2 backstop cost: $m,0.0
AFG,NEPS_TAJ,DiscountedWeightedCostsCumulated,2030.0,Unmet country planning reserve costs: $m,0.0
AFG,NEPS_TAJ,DiscountedWeightedCostsCumulated,2030.0,Unmet country spinning reserve costs: $m,0.0
AFG,NEPS_TAJ,DiscountedWeightedCostsCumulated,2030.0,Unmet demand costs: $m,0.0
AFG,NEPS_TAJ,DiscountedWeightedCostsCumulated,2030.0,Unmet system CO2 backstop cost: $m,0.0
AFG,NEPS_TAJ,DiscountedWeightedCostsCumulated,2030.0,Unmet system planning reserve costs: $m,0.0
AFG,NEPS_TAJ,DiscountedWeightedCostsCumulated,2030.0,Unmet system spinning reserve costs: $m,0.0
AFG,NEPS_TAJ,DiscountedWeightedCostsCumulated,2030.0,VRE curtailment: $m,0.0
AFG,NEPS_TAJ,DiscountedWeightedCostsCumulated,2030.0,Variable O&M: $m,30.36559552724469
AFG,NEPS_TAJ,DiscountedWeightedCostsCumulated,2031.0,Carbon costs: $m,0.0
AFG,NEPS_TAJ,DiscountedWeightedCostsCumulated,2031.0,Excess generation: $m,0.0
AFG,NEPS_TAJ,DiscountedWeightedCostsCumulated,2031.0,Export revenues with external zones: $m,0.0
AFG,NEPS_TAJ,DiscountedWeightedCostsCumulated,2031.0,Export revenues with internal zones: $m,-523.1395884138117
AFG,NEPS_TAJ,DiscountedWeightedCostsCumulated,2031.0,Fixed O&M: $m,36.16691705571122
AFG,NEPS_TAJ,DiscountedWeightedCostsCumulated,2031.0,Fuel costs: $m,432.9570105621134
AFG,NEPS_TAJ,DiscountedWeightedCostsCumulated,2031.0,Generation costs: $m,0.0
AFG,NEPS_TAJ,DiscountedWeightedCostsCumulated,2031.0,Import costs with external zones: $m,0.0
AFG,NEPS_TAJ,DiscountedWeightedCostsCumulated,2031.0,Import costs with internal zones: $m,461.5255470607851
AFG,NEPS_TAJ,DiscountedWeightedCostsCumulated,2031.0,NPV of system cost: $m,0.0
AFG,NEPS_TAJ,DiscountedWeightedCostsCumulated,2031.0,Spinning reserve costs: $m,0.0
AFG,NEPS_TAJ,DiscountedWeightedCostsCumulated,2031.0,Startup costs: $m,0.0
AFG,NEPS_TAJ,DiscountedWeightedCostsCumulated,2031.0,Trade shared benefits: $m,-47.74476321265524
AFG,NEPS_TAJ,DiscountedWeightedCostsCumulated,2031.0,Transmission costs: $m,0.0
AFG,NEPS_TAJ,DiscountedWeightedCostsCumulated,2031.0,Unmet country CO2 backstop cost: $m,0.0
AFG,NEPS_TAJ,DiscountedWeightedCostsCumulated,2031.0,Unmet country planning reserve costs: $m,0.0
AFG,NEPS_TAJ,DiscountedWeightedCostsCumulated,2031.0,Unmet country spinning reserve costs: $m,0.0
AFG,NEPS_TAJ,DiscountedWeightedCostsCumulated,2031.0,Unmet demand costs: $m,0.0
AFG,NEPS_TAJ,DiscountedWeightedCostsCumulated,2031.0,Unmet system CO2 backstop cost: $m,0.0
AFG,NEPS_TAJ,DiscountedWeightedCostsCumulated,2031.0,Unmet system planning reserve costs: $m,0.0
AFG,NEPS_TAJ,DiscountedWeightedCostsCumulated,2031.0,Unmet system spinning reserve costs: $m,0.0
AFG,NEPS_TAJ,DiscountedWeightedCostsCumulated,2031.0,VRE curtailment: $m,0.0
AFG,NEPS_TAJ,DiscountedWeightedCostsCumulated,2031.0,Variable O&M: $m,36.344138132697424
AFG,NEPS_TAJ,DiscountedWeightedCostsCumulated,2032.0,Carbon costs: $m,0.0
AFG,NEPS_TAJ,DiscountedWeightedCostsCumulated,2032.0,Excess generation: $m,0.0
AFG,NEPS_TAJ,DiscountedWeightedCostsCumulated,2032.0,Export revenues with external zones: $m,0.0
AFG,NEPS_TAJ,DiscountedWeightedCostsCumulated,2032.0,Export revenues with internal zones: $m,-600.9544595358362
AFG,NEPS_TAJ,DiscountedWeightedCostsCumulated,2032.0,Fixed O&M: $m,44.56660034508254
AFG,NEPS_TAJ,DiscountedWeightedCostsCumulated,2032.0,Fuel costs: $m,489.92948662664526
AFG,NEPS_TAJ,DiscountedWeightedCostsCumulated,2032.0,Generation costs: $m,0.0
AFG,NEPS_TAJ,DiscountedWeightedCostsCumulated,2032.0,Import costs with external zones: $m,0.0
AFG,NEPS_TAJ,DiscountedWeightedCostsCumulated,2032.0,Import costs with internal zones: $m,521.6721639476947
AFG,NEPS_TAJ,DiscountedWeightedCostsCumulated,2032.0,NPV of system cost: $m,0.0
AFG,NEPS_TAJ,DiscountedWeightedCostsCumulated,2032.0,Spinning reserve costs: $m,0.0
AFG,NEPS_TAJ,DiscountedWeightedCostsCumulated,2032.0,Startup costs: $m,0.0
AFG,NEPS_TAJ,DiscountedWeightedCostsCumulated,2032.0,Trade shared benefits: $m,-55.756079344055465
AFG,NEPS_TAJ,DiscountedWeightedCostsCumulated,2032.0,Transmission costs: $m,0.0
AFG,NEPS_TAJ,DiscountedWeightedCostsCumulated,2032.0,Unmet country CO2 backstop cost: $m,0.0
AFG,NEPS_TAJ,DiscountedWeightedCostsCumulated,2032.0,Unmet country planning reserve costs: $m,0.0
AFG,NEPS_TAJ,DiscountedWeightedCostsCumulated,2032.0,Unmet country spinning reserve costs: $m,0.0
AFG,NEPS_TAJ,DiscountedWeightedCostsCumulated,2032.0,Unmet demand costs: $m,0.0
AFG,NEPS_TAJ,DiscountedWeightedCostsCumulated,2032.0,Unmet system CO2 backstop cost: $m,0.0
AFG,NEPS_TAJ,DiscountedWeightedCostsCumulated,2032.0,Unmet system planning reserve costs: $m,0.0
AFG,NEPS_TAJ,DiscountedWeightedCostsCumulated,2032.0,Unmet system spinning reserve costs: $m,0.0
AFG,NEPS_TAJ,DiscountedWeightedCostsCumulated,2032.0,VRE curtailment: $m,0.0
AFG,NEPS_TAJ,DiscountedWeightedCostsCumulated,2032.0,Variable O&M: $m,41.16776076033326
AFG,NEPS_TAJ,DiscountedWeightedCostsCumulated,2033.0,Carbon costs: $m,0.0
AFG,NEPS_TAJ,DiscountedWeightedCostsCumulated,2033.0,Excess generation: $m,0.0
AFG,NEPS_TAJ,DiscountedWeightedCostsCumulated,2033.0,Export revenues with external zones: $m,0.0
AFG,NEPS_TAJ,DiscountedWeightedCostsCumulated,2033.0,Export revenues with internal zones: $m,-671.8188677660323
AFG,NEPS_TAJ,DiscountedWeightedCostsCumulated,2033.0,Fixed O&M: $m,53.117200840608895
AFG,NEPS_TAJ,DiscountedWeightedCostsCumulated,2033.0,Fuel costs: $m,540.0651666682816
AFG,NEPS_TAJ,DiscountedWeightedCostsCumulated,2033.0,Generation costs: $m,0.0
AFG,NEPS_TAJ,DiscountedWeightedCostsCumulated,2033.0,Import costs with external zones: $m,0.0
AFG,NEPS_TAJ,DiscountedWeightedCostsCumulated,2033.0,Import costs with internal zones: $m,576.8812968070215
AFG,NEPS_TAJ,DiscountedWeightedCostsCumulated,2033.0,NPV of system cost: $m,0.0
AFG,NEPS_TAJ,DiscountedWeightedCostsCumulated,2033.0,Spinning reserve costs: $m,0.0
AFG,NEPS_TAJ,DiscountedWeightedCostsCumulated,2033.0,Startup costs: $m,0.0
AFG,NEPS_TAJ,DiscountedWeightedCostsCumulated,2033.0,Trade shared benefits: $m,-64.54122496089397
AFG,NEPS_TAJ,DiscountedWeightedCostsCumulated,2033.0,Transmission costs: $m,0.0
AFG,NEPS_TAJ,DiscountedWeightedCostsCumulated,2033.0,Unmet country CO2 backstop cost: $m,0.0
AFG,NEPS_TAJ,DiscountedWeightedCostsCumulated,2033.0,Unmet country planning reserve costs: $m,0.0
AFG,NEPS_TAJ,DiscountedWeightedCostsCumulated,2033.0,Unmet country spinning reserve costs: $m,0.0
AFG,NEPS_TAJ,DiscountedWeightedCostsCumulated,2033.0,Unmet demand costs: $m,0.0
AFG,NEPS_TAJ,DiscountedWeightedCostsCumulated,2033.0,Unmet system CO2 backstop cost: $m,0.0
AFG,NEPS_TAJ,DiscountedWeightedCostsCumulated,2033.0,Unmet system planning reserve costs: $m,0.0
AFG,NEPS_TAJ,DiscountedWeightedCostsCumulated,2033.0,Unmet system spinning reserve costs: $m,0.0
AFG,NEPS_TAJ,DiscountedWeightedCostsCumulated,2033.0,VRE curtailment: $m,0.0
AFG,NEPS_TAJ,DiscountedWeightedCostsCumulated,2033.0,Variable O&M: $m,46.367545400866206
AFG,NEPS_TAJ,DiscountedWeightedCostsCumulated,2034.0,Carbon costs: $m,0.0
AFG,NEPS_TAJ,DiscountedWeightedCostsCumulated,2034.0,Excess generation: $m,0.0
AFG,NEPS_TAJ,DiscountedWeightedCostsCumulated,2034.0,Export revenues with external zones: $m,0.0
AFG,NEPS_TAJ,DiscountedWeightedCostsCumulated,2034.0,Export revenues with internal zones: $m,-739.8725410601128
AFG,NEPS_TAJ,DiscountedWeightedCostsCumulated,2034.0,Fixed O&M: $m,61.3291865922678
AFG,NEPS_TAJ,DiscountedWeightedCostsCumulated,2034.0,Fuel costs: $m,588.2185832676353
AFG,NEPS_TAJ,DiscountedWeightedCostsCumulated,2034.0,Generation costs: $m,0.0
AFG,NEPS_TAJ,DiscountedWeightedCostsCumulated,2034.0,Import costs with external zones: $m,0.0
AFG,NEPS_TAJ,DiscountedWeightedCostsCumulated,2034.0,Import costs with internal zones: $m,629.4568333783199
AFG,NEPS_TAJ,DiscountedWeightedCostsCumulated,2034.0,NPV of system cost: $m,0.0
AFG,NEPS_TAJ,DiscountedWeightedCostsCumulated,2034.0,Spinning reserve costs: $m,0.0
AFG,NEPS_TAJ,DiscountedWeightedCostsCumulated,2034.0,Startup costs: $m,0.0
AFG,NEPS_TAJ,DiscountedWeightedCostsCumulated,2034.0,Trade shared benefits: $m,-70.60206458040945
AFG,NEPS_TAJ,DiscountedWeightedCostsCumulated,2034.0,Transmission costs: $m,0.0
AFG,NEPS_TAJ,DiscountedWeightedCostsCumulated,2034.0,Unmet country CO2 backstop cost: $m,0.0
AFG,NEPS_TAJ,DiscountedWeightedCostsCumulated,2034.0,Unmet country planning reserve costs: $m,0.0
AFG,NEPS_TAJ,DiscountedWeightedCostsCumulated,2034.0,Unmet country spinning reserve costs: $m,0.0
AFG,NEPS_TAJ,DiscountedWeightedCostsCumulated,2034.0,Unmet demand costs: $m,0.0
AFG,NEPS_TAJ,DiscountedWeightedCostsCumulated,2034.0,Unmet system CO2 backstop cost: $m,0.0
AFG,NEPS_TAJ,DiscountedWeightedCostsCumulated,2034.0,Unmet system planning reserve costs: $m,0.0
AFG,NEPS_TAJ,DiscountedWeightedCostsCumulated,2034.0,Unmet system spinning reserve costs: $m,0.0
AFG,NEPS_TAJ,DiscountedWeightedCostsCumulated,2034.0,VRE curtailment: $m,0.0
AFG,NEPS_TAJ,DiscountedWeightedCostsCumulated,2034.0,Variable O&M: $m,51.31201905816848
AFG,NEPS_TAJ,DiscountedWeightedCostsCumulated,2035.0,Carbon costs: $m,0.0
AFG,NEPS_TAJ,DiscountedWeightedCostsCumulated,2035.0,Excess generation: $m,0.0
AFG,NEPS_TAJ,DiscountedWeightedCostsCumulated,2035.0,Export revenues with external zones: $m,0.0
AFG,NEPS_TAJ,DiscountedWeightedCostsCumulated,2035.0,Export revenues with internal zones: $m,-819.1754563954321
AFG,NEPS_TAJ,DiscountedWeightedCostsCumulated,2035.0,Fixed O&M: $m,70.87478672474862
AFG,NEPS_TAJ,DiscountedWeightedCostsCumulated,2035.0,Fuel costs: $m,642.749924913503
AFG,NEPS_TAJ,DiscountedWeightedCostsCumulated,2035.0,Generation costs: $m,0.0
AFG,NEPS_TAJ,DiscountedWeightedCostsCumulated,2035.0,Import costs with external zones: $m,0.0
AFG,NEPS_TAJ,DiscountedWeightedCostsCumulated,2035.0,Import costs with internal zones: $m,671.2464066055005
AFG,NEPS_TAJ,DiscountedWeightedCostsCumulated,2035.0,NPV of system cost: $m,0.0
AFG,NEPS_TAJ,DiscountedWeightedCostsCumulated,2035.0,Spinning reserve costs: $m,0.0
AFG,NEPS_TAJ,DiscountedWeightedCostsCumulated,2035.0,Startup costs: $m,0.0
AFG,NEPS_TAJ,DiscountedWeightedCostsCumulated,2035.0,Trade shared benefits: $m,-73.17803193671236
AFG,NEPS_TAJ,DiscountedWeightedCostsCumulated,2035.0,Transmission costs: $m,0.0
AFG,NEPS_TAJ,DiscountedWeightedCostsCumulated,2035.0,Unmet country CO2 backstop cost: $m,0.0
AFG,NEPS_TAJ,DiscountedWeightedCostsCumulated,2035.0,Unmet country planning reserve costs: $m,0.0
AFG,NEPS_TAJ,DiscountedWeightedCostsCumulated,2035.0,Unmet country spinning reserve costs: $m,0.0
AFG,NEPS_TAJ,DiscountedWeightedCostsCumulated,2035.0,Unmet demand costs: $m,0.0
AFG,NEPS_TAJ,DiscountedWeightedCostsCumulated,2035.0,Unmet system CO2 backstop cost: $m,0.0
AFG,NEPS_TAJ,DiscountedWeightedCostsCumulated,2035.0,Unmet system planning reserve costs: $m,0.0
AFG,NEPS_TAJ,DiscountedWeightedCostsCumulated,2035.0,Unmet system spinning reserve costs: $m,0.0
AFG,NEPS_TAJ,DiscountedWeightedCostsCumulated,2035.0,VRE curtailment: $m,0.0
AFG,NEPS_TAJ,DiscountedWeightedCostsCumulated,2035.0,Variable O&M: $m,60.57136933761642
AFG,NEPS_TAJ,DiscountedWeightedCostsCumulated,2040.0,Carbon costs: $m,0.0
AFG,NEPS_TAJ,DiscountedWeightedCostsCumulated,2040.0,Excess generation: $m,0.0
AFG,NEPS_TAJ,DiscountedWeightedCostsCumulated,2040.0,Export revenues with external zones: $m,0.0
AFG,NEPS_TAJ,DiscountedWeightedCostsCumulated,2040.0,Export revenues with internal zones: $m,-1066.262520769962
AFG,NEPS_TAJ,DiscountedWeightedCostsCumulated,2040.0,Fixed O&M: $m,115.09685418735316
AFG,NEPS_TAJ,DiscountedWeightedCostsCumulated,2040.0,Fuel costs: $m,833.3105049430524
AFG,NEPS_TAJ,DiscountedWeightedCostsCumulated,2040.0,Generation costs: $m,0.0
AFG,NEPS_TAJ,DiscountedWeightedCostsCumulated,2040.0,Import costs with external zones: $m,0.0
AFG,NEPS_TAJ,DiscountedWeightedCostsCumulated,2040.0,Import costs with internal zones: $m,843.8831726757309
AFG,NEPS_TAJ,DiscountedWeightedCostsCumulated,2040.0,NPV of system cost: $m,0.0
AFG,NEPS_TAJ,DiscountedWeightedCostsCumulated,2040.0,Spinning reserve costs: $m,0.0
AFG,NEPS_TAJ,DiscountedWeightedCostsCumulated,2040.0,Startup costs: $m,0.0
AFG,NEPS_TAJ,DiscountedWeightedCostsCumulated,2040.0,Trade shared benefits: $m,-101.1889078237182
AFG,NEPS_TAJ,DiscountedWeightedCostsCumulated,2040.0,Transmission costs: $m,0.0
AFG,NEPS_TAJ,DiscountedWeightedCostsCumulated,2040.0,Unmet country CO2 backstop cost: $m,0.0
AFG,NEPS_TAJ,DiscountedWeightedCostsCumulated,2040.0,Unmet country planning reserve costs: $m,0.0
AFG,NEPS_TAJ,DiscountedWeightedCostsCumulated,2040.0,Unmet country spinning reserve costs: $m,0.0
AFG,NEPS_TAJ,DiscountedWeightedCostsCumulated,2040.0,Unmet demand costs: $m,0.0
AFG,NEPS_TAJ,DiscountedWeightedCostsCumulated,2040.0,Unmet system CO2 backstop cost: $m,0.0
AFG,NEPS_TAJ,DiscountedWeightedCostsCumulated,2040.0,Unmet system planning reserve costs: $m,0.0
AFG,NEPS_TAJ,DiscountedWeightedCostsCumulated,2040.0,Unmet system spinning reserve costs: $m,0.0
AFG,NEPS_TAJ,DiscountedWeightedCostsCumulated,2040.0,VRE curtailment: $m,0.0
AFG,NEPS_TAJ,DiscountedWeightedCostsCumulated,2040.0,Variable O&M: $m,93.29340153484029
AFG,NEPS_TAJ,DiscountedWeightedCostsCumulated,2045.0,Carbon costs: $m,0.0
AFG,NEPS_TAJ,DiscountedWeightedCostsCumulated,2045.0,Excess generation: $m,0.0
AFG,NEPS_TAJ,DiscountedWeightedCostsCumulated,2045.0,Export revenues with external zones: $m,0.0
AFG,NEPS_TAJ,DiscountedWeightedCostsCumulated,2045.0,Export revenues with internal zones: $m,-1168.489345823258
AFG,NEPS_TAJ,DiscountedWeightedCostsCumulated,2045.0,Fixed O&M: $m,147.285627174381
AFG,NEPS_TAJ,DiscountedWeightedCostsCumulated,2045.0,Fuel costs: $m,941.2925902065718
AFG,NEPS_TAJ,DiscountedWeightedCostsCumulated,2045.0,Generation costs: $m,0.0
AFG,NEPS_TAJ,DiscountedWeightedCostsCumulated,2045.0,Import costs with external zones: $m,0.0
AFG,NEPS_TAJ,DiscountedWeightedCostsCumulated,2045.0,Import costs with internal zones: $m,959.4679595897012
AFG,NEPS_TAJ,DiscountedWeightedCostsCumulated,2045.0,NPV of system cost: $m,0.0
AFG,NEPS_TAJ,DiscountedWeightedCostsCumulated,2045.0,Spinning reserve costs: $m,0.0
AFG,NEPS_TAJ,DiscountedWeightedCostsCumulated,2045.0,Startup costs: $m,0.0
AFG,NEPS_TAJ,DiscountedWeightedCostsCumulated,2045.0,Trade shared benefits: $m,-123.46067700750572
AFG,NEPS_TAJ,DiscountedWeightedCostsCumulated,2045.0,Transmission costs: $m,0.0
AFG,NEPS_TAJ,DiscountedWeightedCostsCumulated,2045.0,Unmet country CO2 backstop cost: $m,0.0
AFG,NEPS_TAJ,DiscountedWeightedCostsCumulated,2045.0,Unmet country planning reserve costs: $m,0.0
AFG,NEPS_TAJ,DiscountedWeightedCostsCumulated,2045.0,Unmet country spinning reserve costs: $m,0.0
AFG,NEPS_TAJ,DiscountedWeightedCostsCumulated,2045.0,Unmet demand costs: $m,0.0
AFG,NEPS_TAJ,DiscountedWeightedCostsCumulated,2045.0,Unmet system CO2 backstop cost: $m,0.0
AFG,NEPS_TAJ,DiscountedWeightedCostsCumulated,2045.0,Unmet system planning reserve costs: $m,0.0
AFG,NEPS_TAJ,DiscountedWeightedCostsCumulated,2045.0,Unmet system spinning reserve costs: $m,0.0
AFG,NEPS_TAJ,DiscountedWeightedCostsCumulated,2045.0,VRE curtailment: $m,0.0
AFG,NEPS_TAJ,DiscountedWeightedCostsCumulated,2045.0,Variable O&M: $m,112.73037184114528
AFG,NEPS_TAJ,DiscountedWeightedCostsCumulated,2050.0,Carbon costs: $m,0.0
AFG,NEPS_TAJ,DiscountedWeightedCostsCumulated,2050.0,Excess generation: $m,0.0
AFG,NEPS_TAJ,DiscountedWeightedCostsCumulated,2050.0,Export revenues with external zones: $m,0.0
AFG,NEPS_TAJ,DiscountedWeightedCostsCumulated,2050.0,Export revenues with internal zones: $m,-1223.9042587188192
AFG,NEPS_TAJ,DiscountedWeightedCostsCumulated,2050.0,Fixed O&M: $m,170.29850427887553
AFG,NEPS_TAJ,DiscountedWeightedCostsCumulated,2050.0,Fuel costs: $m,1020.304248434658
AFG,NEPS_TAJ,DiscountedWeightedCostsCumulated,2050.0,Generation costs: $m,0.0
AFG,NEPS_TAJ,DiscountedWeightedCostsCumulated,2050.0,Import costs with external zones: $m,0.0
AFG,NEPS_TAJ,DiscountedWeightedCostsCumulated,2050.0,Import costs with internal zones: $m,1054.1876087357962
AFG,NEPS_TAJ,DiscountedWeightedCostsCumulated,2050.0,NPV of system cost: $m,0.0
AFG,NEPS_TAJ,DiscountedWeightedCostsCumulated,2050.0,Spinning reserve costs: $m,0.0
AFG,NEPS_TAJ,DiscountedWeightedCostsCumulated,2050.0,Startup costs: $m,0.0
AFG,NEPS_TAJ,DiscountedWeightedCostsCumulated,2050.0,Trade shared benefits: $m,-137.38452127503828
AFG,NEPS_TAJ,DiscountedWeightedCostsCumulated,2050.0,Transmission costs: $m,0.0
AFG,NEPS_TAJ,DiscountedWeightedCostsCumulated,2050.0,Unmet country CO2 backstop cost: $m,0.0
AFG,NEPS_TAJ,DiscountedWeightedCostsCumulated,2050.0,Unmet country planning reserve costs: $m,0.0
AFG,NEPS_TAJ,DiscountedWeightedCostsCumulated,2050.0,Unmet country spinning reserve costs: $m,0.0
AFG,NEPS_TAJ,DiscountedWeightedCostsCumulated,2050.0,Unmet demand costs: $m,0.0
AFG,NEPS_TAJ,DiscountedWeightedCostsCumulated,2050.0,Unmet system CO2 backstop cost: $m,0.0
AFG,NEPS_TAJ,DiscountedWeightedCostsCumulated,2050.0,Unmet system planning reserve costs: $m,0.0
AFG,NEPS_TAJ,DiscountedWeightedCostsCumulated,2050.0,Unmet system spinning reserve costs: $m,0.0
AFG,NEPS_TAJ,DiscountedWeightedCostsCumulated,2050.0,VRE curtailment: $m,0.0
AFG,NEPS_TAJ,DiscountedWeightedCostsCumulated,2050.0,Variable O&M: $m,125.66000083838546
AFG,NEPS_TAJ,GenCostsPerMWh,2026.0,Fixed O&M: $m,3.000645302721686
AFG,NEPS_TAJ,GenCostsPerMWh,2026.0,Investment costs: $m,28.7885325916968
AFG,NEPS_TAJ,GenCostsPerMWh,2026.0,Variable Cost: $m,44.93336581798532
AFG,NEPS_TAJ,GenCostsPerMWh,2027.0,Fixed O&M: $m,1.728444802578565
AFG,NEPS_TAJ,GenCostsPerMWh,2027.0,Investment costs: $m,16.582896181314236
AFG,NEPS_TAJ,GenCostsPerMWh,2027.0,Variable Cost: $m,44.933365817985326
AFG,NEPS_TAJ,GenCostsPerMWh,2028.0,Fixed O&M: $m,2.889498288602174
AFG,NEPS_TAJ,GenCostsPerMWh,2028.0,Investment costs: $m,26.03410083081581
AFG,NEPS_TAJ,GenCostsPerMWh,2028.0,Variable Cost: $m,42.68135311513516
AFG,NEPS_TAJ,GenCostsPerMWh,2029.0,Fixed O&M: $m,3.668851646472989
AFG,NEPS_TAJ,GenCostsPerMWh,2029.0,Investment costs: $m,31.43556798395594
AFG,NEPS_TAJ,GenCostsPerMWh,2029.0,Variable Cost: $m,40.02203973075551
AFG,NEPS_TAJ,GenCostsPerMWh,2030.0,Fixed O&M: $m,4.099536675963337
AFG,NEPS_TAJ,GenCostsPerMWh,2030.0,Investment costs: $m,36.028742509193165
AFG,NEPS_TAJ,GenCostsPerMWh,2030.0,Variable Cost: $m,40.22421643653976
AFG,NEPS_TAJ,GenCostsPerMWh,2031.0,Fixed O&M: $m,4.389736091708082
AFG,NEPS_TAJ,GenCostsPerMWh,2031.0,Investment costs: $m,37.62427849713127
AFG,NEPS_TAJ,GenCostsPerMWh,2031.0,Variable Cost: $m,38.84346958899479
AFG,NEPS_TAJ,GenCostsPerMWh,2032.0,Fixed O&M: $m,5.023434202785272
AFG,NEPS_TAJ,GenCostsPerMWh,2032.0,Investment costs: $m,42.05060555728914
AFG,NEPS_TAJ,GenCostsPerMWh,2032.0,Variable Cost: $m,36.95718339306149
AFG,NEPS_TAJ,GenCostsPerMWh,2033.0,Fixed O&M: $m,5.361112925873962
AFG,NEPS_TAJ,GenCostsPerMWh,2033.0,Investment costs: $m,43.69987409279103
AFG,NEPS_TAJ,GenCostsPerMWh,2033.0,Variable Cost: $m,34.69460128818224
AFG,NEPS_TAJ,GenCostsPerMWh,2034.0,Fixed O&M: $m,5.267115822691868
AFG,NEPS_TAJ,GenCostsPerMWh,2034.0,Investment costs: $m,42.07146691829064
AFG,NEPS_TAJ,GenCostsPerMWh,2034.0,Variable Cost: $m,34.056651628492226
AFG,NEPS_TAJ,GenCostsPerMWh,2035.0,Fixed O&M: $m,4.815553215668904
AFG,NEPS_TAJ,GenCostsPerMWh,2035.0,Investment costs: $m,37.44777733714165
AFG,NEPS_TAJ,GenCostsPerMWh,2035.0,Variable Cost: $m,32.1810538224236
AFG,NEPS_TAJ,GenCostsPerMWh,2040.0,Fixed O&M: $m,5.696413844279239
AFG,NEPS_TAJ,GenCostsPerMWh,2040.0,Investment costs: $m,40.98643232019755
AFG,NEPS_TAJ,GenCostsPerMWh,2040.0,Variable Cost: $m,28.7618882710761
AFG,NEPS_TAJ,GenCostsPerMWh,2045.0,Fixed O&M: $m,6.437612110486713
AFG,NEPS_TAJ,GenCostsPerMWh,2045.0,Investment costs: $m,42.7695639911813
AFG,NEPS_TAJ,GenCostsPerMWh,2045.0,Variable Cost: $m,25.48324708039216
AFG,NEPS_TAJ,GenCostsPerMWh,2050.0,Fixed O&M: $m,6.402959825157325
AFG,NEPS_TAJ,GenCostsPerMWh,2050.0,Investment costs: $m,39.68632454960337
AFG,NEPS_TAJ,GenCostsPerMWh,2050.0,Variable Cost: $m,25.581172041371563
AFG,NEPS_TAJ,NetPresentCostPerMWh,,Carbon costs: $m,0.0
AFG,NEPS_TAJ,NetPresentCostPerMWh,,Excess generation: $m,0.0
AFG,NEPS_TAJ,NetPresentCostPerMWh,,Export revenues with external zones: $m,0.0
AFG,NEPS_TAJ,NetPresentCostPerMWh,,Export revenues with internal zones: $m,-36.43884000051565
AFG,NEPS_TAJ,NetPresentCostPerMWh,,Fixed O&M: $m,5.070233153891434
AFG,NEPS_TAJ,NetPresentCostPerMWh,,Fuel costs: $m,30.37713366523905
AFG,NEPS_TAJ,NetPresentCostPerMWh,,Generation costs: $m,0.0
AFG,NEPS_TAJ,NetPresentCostPerMWh,,Import costs with external zones: $m,0.0
AFG,NEPS_TAJ,NetPresentCostPerMWh,,Import costs with internal zones: $m,31.385930175176384
AFG,NEPS_TAJ,NetPresentCostPerMWh,,NPV of system cost: $m,0.0
AFG,NEPS_TAJ,NetPresentCostPerMWh,,Spinning reserve costs: $m,0.0
AFG,NEPS_TAJ,NetPresentCostPerMWh,,Startup costs: $m,0.0
AFG,NEPS_TAJ,NetPresentCostPerMWh,,Trade shared benefits: $m,-4.090297548706113
AFG,NEPS_TAJ,NetPresentCostPerMWh,,Transmission costs: $m,0.0
AFG,NEPS_TAJ,NetPresentCostPerMWh,,Unmet country CO2 backstop cost: $m,0.0
AFG,NEPS_TAJ,NetPresentCostPerMWh,,Unmet country planning reserve costs: $m,0.0
AFG,NEPS_TAJ,NetPresentCostPerMWh,,Unmet country spinning reserve costs: $m,0.0
AFG,NEPS_TAJ,NetPresentCostPerMWh,,Unmet demand costs: $m,0.0
AFG,NEPS_TAJ,NetPresentCostPerMWh,,Unmet system CO2 backstop cost: $m,0.0
AFG,NEPS_TAJ,NetPresentCostPerMWh,,Unmet system planning reserve costs: $m,0.0
AFG,NEPS_TAJ,NetPresentCostPerMWh,,Unmet system spinning reserve costs: $m,0.0
AFG,NEPS_TAJ,NetPresentCostPerMWh,,VRE curtailment: $m,0.0
AFG,NEPS_TAJ,NetPresentCostPerMWh,,Variable O&M: $m,3.741227822679349
AFG,NEPS_TKM,Costs,2026.0,Carbon costs: $m,0.0
AFG,NEPS_TKM,Costs,2026.0,Excess generation: $m,0.0
AFG,NEPS_TKM,Costs,2026.0,Export revenues with external zones: $m,0.0
AFG,NEPS_TKM,Costs,2026.0,Export revenues with internal zones: $m,-91.4518403248336
AFG,NEPS_TKM,Costs,2026.0,Fixed O&M: $m,0.0
AFG,NEPS_TKM,Costs,2026.0,Fuel costs: $m,0.0
AFG,NEPS_TKM,Costs,2026.0,Generation costs: $m,0.0
AFG,NEPS_TKM,Costs,2026.0,Import costs with external zones: $m,0.0
AFG,NEPS_TKM,Costs,2026.0,Import costs with internal zones: $m,123.5092185638018
AFG,NEPS_TKM,Costs,2026.0,NPV of system cost: $m,0.0
AFG,NEPS_TKM,Costs,2026.0,Spinning reserve costs: $m,0.0
AFG,NEPS_TKM,Costs,2026.0,Startup costs: $m,0.0
AFG,NEPS_TKM,Costs,2026.0,Trade shared benefits: $m,-19.90785951042025
AFG,NEPS_TKM,Costs,2026.0,Transmission costs: $m,0.0
AFG,NEPS_TKM,Costs,2026.0,Unmet country CO2 backstop cost: $m,0.0
AFG,NEPS_TKM,Costs,2026.0,Unmet country planning reserve costs: $m,0.0
AFG,NEPS_TKM,Costs,2026.0,Unmet country spinning reserve costs: $m,0.0
AFG,NEPS_TKM,Costs,2026.0,Unmet demand costs: $m,0.0
AFG,NEPS_TKM,Costs,2026.0,Unmet system CO2 backstop cost: $m,0.0
AFG,NEPS_TKM,Costs,2026.0,Unmet system planning reserve costs: $m,0.0
AFG,NEPS_TKM,Costs,2026.0,Unmet system spinning reserve costs: $m,0.0
AFG,NEPS_TKM,Costs,2026.0,VRE curtailment: $m,0.0
AFG,NEPS_TKM,Costs,2026.0,Variable O&M: $m,0.0
AFG,NEPS_TKM,Costs,2027.0,Carbon costs: $m,0.0
AFG,NEPS_TKM,Costs,2027.0,Excess generation: $m,0.0
AFG,NEPS_TKM,Costs,2027.0,Export revenues with external zones: $m,0.0
AFG,NEPS_TKM,Costs,2027.0,Export revenues with internal zones: $m,-55.26419410235076
AFG,NEPS_TKM,Costs,2027.0,Fixed O&M: $m,0.0
AFG,NEPS_TKM,Costs,2027.0,Fuel costs: $m,0.0
AFG,NEPS_TKM,Costs,2027.0,Generation costs: $m,0.0
AFG,NEPS_TKM,Costs,2027.0,Import costs with external zones: $m,0.0
AFG,NEPS_TKM,Costs,2027.0,Import costs with internal zones: $m,95.12139895868329
AFG,NEPS_TKM,Costs,2027.0,NPV of system cost: $m,0.0
AFG,NEPS_TKM,Costs,2027.0,Spinning reserve costs: $m,0.0
AFG,NEPS_TKM,Costs,2027.0,Startup costs: $m,0.0
AFG,NEPS_TKM,Costs,2027.0,Trade shared benefits: $m,-6.542210003819162
AFG,NEPS_TKM,Costs,2027.0,Transmission costs: $m,0.0
AFG,NEPS_TKM,Costs,2027.0,Unmet country CO2 backstop cost: $m,0.0
AFG,NEPS_TKM,Costs,2027.0,Unmet country planning reserve costs: $m,0.0
AFG,NEPS_TKM,Costs,2027.0,Unmet country spinning reserve costs: $m,0.0
AFG,NEPS_TKM,Costs,2027.0,Unmet demand costs: $m,0.0
AFG,NEPS_TKM,Costs,2027.0,Unmet system CO2 backstop cost: $m,0.0
AFG,NEPS_TKM,Costs,2027.0,Unmet system planning reserve costs: $m,0.0
AFG,NEPS_TKM,Costs,2027.0,Unmet system spinning reserve costs: $m,0.0
AFG,NEPS_TKM,Costs,2027.0,VRE curtailment: $m,0.0
AFG,NEPS_TKM,Costs,2027.0,Variable O&M: $m,0.0
AFG,NEPS_TKM,Costs,2028.0,Carbon costs: $m,0.0
AFG,NEPS_TKM,Costs,2028.0,Excess generation: $m,0.0
AFG,NEPS_TKM,Costs,2028.0,Export revenues with external zones: $m,0.0
AFG,NEPS_TKM,Costs,2028.0,Export revenues with internal zones: $m,-74.43172560127485
AFG,NEPS_TKM,Costs,2028.0,Fixed O&M: $m,0.0
AFG,NEPS_TKM,Costs,2028.0,Fuel costs: $m,0.0
AFG,NEPS_TKM,Costs,2028.0,Generation costs: $m,0.0
AFG,NEPS_TKM,Costs,2028.0,Import costs with external zones: $m,0.0
AFG,NEPS_TKM,Costs,2028.0,Import costs with internal zones: $m,120.48389067156748
AFG,NEPS_TKM,Costs,2028.0,NPV of system cost: $m,0.0
AFG,NEPS_TKM,Costs,2028.0,Spinning reserve costs: $m,0.0
AFG,NEPS_TKM,Costs,2028.0,Startup costs: $m,0.0
AFG,NEPS_TKM,Costs,2028.0,Trade shared benefits: $m,-5.580069233383752
AFG,NEPS_TKM,Costs,2028.0,Transmission costs: $m,0.0
AFG,NEPS_TKM,Costs,2028.0,Unmet country CO2 backstop cost: $m,0.0
AFG,NEPS_TKM,Costs,2028.0,Unmet country planning reserve costs: $m,0.0
AFG,NEPS_TKM,Costs,2028.0,Unmet country spinning reserve costs: $m,0.0
AFG,NEPS_TKM,Costs,2028.0,Unmet demand costs: $m,0.0
AFG,NEPS_TKM,Costs,2028.0,Unmet system CO2 backstop cost: $m,0.0
AFG,NEPS_TKM,Costs,2028.0,Unmet system planning reserve costs: $m,0.0
AFG,NEPS_TKM,Costs,2028.0,Unmet system spinning reserve costs: $m,0.0
AFG,NEPS_TKM,Costs,2028.0,VRE curtailment: $m,0.0
AFG,NEPS_TKM,Costs,2028.0,Variable O&M: $m,0.0
AFG,NEPS_TKM,Costs,2029.0,Carbon costs: $m,0.0
AFG,NEPS_TKM,Costs,2029.0,Excess generation: $m,0.0
AFG,NEPS_TKM,Costs,2029.0,Export revenues with external zones: $m,0.0
AFG,NEPS_TKM,Costs,2029.0,Export revenues with internal zones: $m,-19.03160262699059
AFG,NEPS_TKM,Costs,2029.0,Fixed O&M: $m,1.5821062533923715
AFG,NEPS_TKM,Costs,2029.0,Fuel costs: $m,21.93994364122725
AFG,NEPS_TKM,Costs,2029.0,Generation costs: $m,0.0
AFG,NEPS_TKM,Costs,2029.0,Import costs with external zones: $m,0.0
AFG,NEPS_TKM,Costs,2029.0,Import costs with internal zones: $m,37.17186625077058
AFG,NEPS_TKM,Costs,2029.0,NPV of system cost: $m,0.0
AFG,NEPS_TKM,Costs,2029.0,Spinning reserve costs: $m,0.0
AFG,NEPS_TKM,Costs,2029.0,Startup costs: $m,0.0
AFG,NEPS_TKM,Costs,2029.0,Trade shared benefits: $m,-3.7290099936931673
AFG,NEPS_TKM,Costs,2029.0,Transmission costs: $m,0.0
AFG,NEPS_TKM,Costs,2029.0,Unmet country CO2 backstop cost: $m,0.0
AFG,NEPS_TKM,Costs,2029.0,Unmet country planning reserve costs: $m,0.0
AFG,NEPS_TKM,Costs,2029.0,Unmet country spinning reserve costs: $m,0.0
AFG,NEPS_TKM,Costs,2029.0,Unmet demand costs: $m,0.0
AFG,NEPS_TKM,Costs,2029.0,Unmet system CO2 backstop cost: $m,0.0
AFG,NEPS_TKM,Costs,2029.0,Unmet system planning reserve costs: $m,0.0
AFG,NEPS_TKM,Costs,2029.0,Unmet system spinning reserve costs: $m,0.0
AFG,NEPS_TKM,Costs,2029.0,VRE curtailment: $m,0.0
AFG,NEPS_TKM,Costs,2029.0,Variable O&M: $m,1.833250556593692
AFG,NEPS_TKM,Costs,2030.0,Carbon costs: $m,0.0
AFG,NEPS_TKM,Costs,2030.0,Excess generation: $m,0.0
AFG,NEPS_TKM,Costs,2030.0,Export revenues with external zones: $m,0.0
AFG,NEPS_TKM,Costs,2030.0,Export revenues with internal zones: $m,-99.2422468037605
AFG,NEPS_TKM,Costs,2030.0,Fixed O&M: $m,7.101713643392372
AFG,NEPS_TKM,Costs,2030.0,Fuel costs: $m,61.285085104467065
AFG,NEPS_TKM,Costs,2030.0,Generation costs: $m,0.0
AFG,NEPS_TKM,Costs,2030.0,Import costs with external zones: $m,0.0
AFG,NEPS_TKM,Costs,2030.0,Import costs with internal zones: $m,54.78718624598796
AFG,NEPS_TKM,Costs,2030.0,NPV of system cost: $m,0.0
AFG,NEPS_TKM,Costs,2030.0,Spinning reserve costs: $m,0.0
AFG,NEPS_TKM,Costs,2030.0,Startup costs: $m,0.0
AFG,NEPS_TKM,Costs,2030.0,Trade shared benefits: $m,-3.9778804496604647
AFG,NEPS_TKM,Costs,2030.0,Transmission costs: $m,0.0
AFG,NEPS_TKM,Costs,2030.0,Unmet country CO2 backstop cost: $m,0.0
AFG,NEPS_TKM,Costs,2030.0,Unmet country planning reserve costs: $m,0.0
AFG,NEPS_TKM,Costs,2030.0,Unmet country spinning reserve costs: $m,0.0
AFG,NEPS_TKM,Costs,2030.0,Unmet demand costs: $m,0.0
AFG,NEPS_TKM,Costs,2030.0,Unmet system CO2 backstop cost: $m,0.0
AFG,NEPS_TKM,Costs,2030.0,Unmet system planning reserve costs: $m,0.0
AFG,NEPS_TKM,Costs,2030.0,Unmet system spinning reserve costs: $m,0.0
AFG,NEPS_TKM,Costs,2030.0,VRE curtailment: $m,0.0
AFG,NEPS_TKM,Costs,2030.0,Variable O&M: $m,5.188753301008976
AFG,NEPS_TKM,Costs,2031.0,Carbon costs: $m,0.0
AFG,NEPS_TKM,Costs,2031.0,Excess generation: $m,0.0
AFG,NEPS_TKM,Costs,2031.0,Export revenues with external zones: $m,0.0
AFG,NEPS_TKM,Costs,2031.0,Export revenues with internal zones: $m,-142.55444893685885
AFG,NEPS_TKM,Costs,2031.0,Fixed O&M: $m,7.479642697562422
AFG,NEPS_TKM,Costs,2031.0,Fuel costs: $m,94.1374923504132
AFG,NEPS_TKM,Costs,2031.0,Generation costs: $m,0.0
AFG,NEPS_TKM,Costs,2031.0,Import costs with external zones: $m,0.0
AFG,NEPS_TKM,Costs,2031.0,Import costs with internal zones: $m,61.711839127031126
AFG,NEPS_TKM,Costs,2031.0,NPV of system cost: $m,0.0
AFG,NEPS_TKM,Costs,2031.0,Spinning reserve costs: $m,0.0
AFG,NEPS_TKM,Costs,2031.0,Startup costs: $m,0.0
AFG,NEPS_TKM,Costs,2031.0,Trade shared benefits: $m,-5.504721824293067
AFG,NEPS_TKM,Costs,2031.0,Transmission costs: $m,0.0
AFG,NEPS_TKM,Costs,2031.0,Unmet country CO2 backstop cost: $m,0.0
AFG,NEPS_TKM,Costs,2031.0,Unmet country planning reserve costs: $m,0.0
AFG,NEPS_TKM,Costs,2031.0,Unmet country spinning reserve costs: $m,0.0
AFG,NEPS_TKM,Costs,2031.0,Unmet demand costs: $m,0.0
AFG,NEPS_TKM,Costs,2031.0,Unmet system CO2 backstop cost: $m,0.0
AFG,NEPS_TKM,Costs,2031.0,Unmet system planning reserve costs: $m,0.0
AFG,NEPS_TKM,Costs,2031.0,Unmet system spinning reserve costs: $m,0.0
AFG,NEPS_TKM,Costs,2031.0,VRE curtailment: $m,0.0
AFG,NEPS_TKM,Costs,2031.0,Variable O&M: $m,7.970230005380365
AFG,NEPS_TKM,Costs,2032.0,Carbon costs: $m,0.0
AFG,NEPS_TKM,Costs,2032.0,Excess generation: $m,0.0
AFG,NEPS_TKM,Costs,2032.0,Export revenues with external zones: $m,0.0
AFG,NEPS_TKM,Costs,2032.0,Export revenues with internal zones: $m,-147.2761721571278
AFG,NEPS_TKM,Costs,2032.0,Fixed O&M: $m,8.02788213192355
AFG,NEPS_TKM,Costs,2032.0,Fuel costs: $m,88.37331997601656
AFG,NEPS_TKM,Costs,2032.0,Generation costs: $m,0.0
AFG,NEPS_TKM,Costs,2032.0,Import costs with external zones: $m,0.0
AFG,NEPS_TKM,Costs,2032.0,Import costs with internal zones: $m,73.21932396589335
AFG,NEPS_TKM,Costs,2032.0,NPV of system cost: $m,0.0
AFG,NEPS_TKM,Costs,2032.0,Spinning reserve costs: $m,0.0
AFG,NEPS_TKM,Costs,2032.0,Startup costs: $m,0.0
AFG,NEPS_TKM,Costs,2032.0,Trade shared benefits: $m,-4.211871968745305
AFG,NEPS_TKM,Costs,2032.0,Transmission costs: $m,0.0
AFG,NEPS_TKM,Costs,2032.0,Unmet country CO2 backstop cost: $m,0.0
AFG,NEPS_TKM,Costs,2032.0,Unmet country planning reserve costs: $m,0.0
AFG,NEPS_TKM,Costs,2032.0,Unmet country spinning reserve costs: $m,0.0
AFG,NEPS_TKM,Costs,2032.0,Unmet demand costs: $m,0.0
AFG,NEPS_TKM,Costs,2032.0,Unmet system CO2 backstop cost: $m,0.0
AFG,NEPS_TKM,Costs,2032.0,Unmet system planning reserve costs: $m,0.0
AFG,NEPS_TKM,Costs,2032.0,Unmet system spinning reserve costs: $m,0.0
AFG,NEPS_TKM,Costs,2032.0,VRE curtailment: $m,0.0
AFG,NEPS_TKM,Costs,2032.0,Variable O&M: $m,7.8844956185043635
AFG,NEPS_TKM,Costs,2033.0,Carbon costs: $m,0.0
AFG,NEPS_TKM,Costs,2033.0,Excess generation: $m,0.0
AFG,NEPS_TKM,Costs,2033.0,Export revenues with external zones: $m,0.0
AFG,NEPS_TKM,Costs,2033.0,Export revenues with internal zones: $m,-154.56537985754994
AFG,NEPS_TKM,Costs,2033.0,Fixed O&M: $m,8.455364683723912
AFG,NEPS_TKM,Costs,2033.0,Fuel costs: $m,93.40102555986174
AFG,NEPS_TKM,Costs,2033.0,Generation costs: $m,0.0
AFG,NEPS_TKM,Costs,2033.0,Import costs with external zones: $m,0.0
AFG,NEPS_TKM,Costs,2033.0,Import costs with internal zones: $m,76.38904948339889
AFG,NEPS_TKM,Costs,2033.0,NPV of system cost: $m,0.0
AFG,NEPS_TKM,Costs,2033.0,Spinning reserve costs: $m,0.0
AFG,NEPS_TKM,Costs,2033.0,Startup costs: $m,0.0
AFG,NEPS_TKM,Costs,2033.0,Trade shared benefits: $m,-4.172855403279276
AFG,NEPS_TKM,Costs,2033.0,Transmission costs: $m,0.0
AFG,NEPS_TKM,Costs,2033.0,Unmet country CO2 backstop cost: $m,0.0
AFG,NEPS_TKM,Costs,2033.0,Unmet country planning reserve costs: $m,0.0
AFG,NEPS_TKM,Costs,2033.0,Unmet country spinning reserve costs: $m,0.0
AFG,NEPS_TKM,Costs,2033.0,Unmet demand costs: $m,0.0
AFG,NEPS_TKM,Costs,2033.0,Unmet system CO2 backstop cost: $m,0.0
AFG,NEPS_TKM,Costs,2033.0,Unmet system planning reserve costs: $m,0.0
AFG,NEPS_TKM,Costs,2033.0,Unmet system spinning reserve costs: $m,0.0
AFG,NEPS_TKM,Costs,2033.0,VRE curtailment: $m,0.0
AFG,NEPS_TKM,Costs,2033.0,Variable O&M: $m,8.298403196443399
AFG,NEPS_TKM,Costs,2034.0,Carbon costs: $m,0.0
AFG,NEPS_TKM,Costs,2034.0,Excess generation: $m,0.0
AFG,NEPS_TKM,Costs,2034.0,Export revenues with external zones: $m,0.0
AFG,NEPS_TKM,Costs,2034.0,Export revenues with internal zones: $m,-151.9227073571823
AFG,NEPS_TKM,Costs,2034.0,Fixed O&M: $m,8.829808199015956
AFG,NEPS_TKM,Costs,2034.0,Fuel costs: $m,95.82356541624311
AFG,NEPS_TKM,Costs,2034.0,Generation costs: $m,0.0
AFG,NEPS_TKM,Costs,2034.0,Import costs with external zones: $m,0.0
AFG,NEPS_TKM,Costs,2034.0,Import costs with internal zones: $m,72.3717301183215
AFG,NEPS_TKM,Costs,2034.0,NPV of system cost: $m,0.0
AFG,NEPS_TKM,Costs,2034.0,Spinning reserve costs: $m,0.0
AFG,NEPS_TKM,Costs,2034.0,Startup costs: $m,0.0
AFG,NEPS_TKM,Costs,2034.0,Trade shared benefits: $m,-3.296888577411794
AFG,NEPS_TKM,Costs,2034.0,Transmission costs: $m,0.0
AFG,NEPS_TKM,Costs,2034.0,Unmet country CO2 backstop cost: $m,0.0
AFG,NEPS_TKM,Costs,2034.0,Unmet country planning reserve costs: $m,0.0
AFG,NEPS_TKM,Costs,2034.0,Unmet country spinning reserve costs: $m,0.0
AFG,NEPS_TKM,Costs,2034.0,Unmet demand costs: $m,0.0
AFG,NEPS_TKM,Costs,2034.0,Unmet system CO2 backstop cost: $m,0.0
AFG,NEPS_TKM,Costs,2034.0,Unmet system planning reserve costs: $m,0.0
AFG,NEPS_TKM,Costs,2034.0,Unmet system spinning reserve costs: $m,0.0
AFG,NEPS_TKM,Costs,2034.0,VRE curtailment: $m,0.0
AFG,NEPS_TKM,Costs,2034.0,Variable O&M: $m,8.50334748726457
AFG,NEPS_TKM,Costs,2035.0,Carbon costs: $m,0.0
AFG,NEPS_TKM,Costs,2035.0,Excess generation: $m,0.0
AFG,NEPS_TKM,Costs,2035.0,Export revenues with external zones: $m,0.0
AFG,NEPS_TKM,Costs,2035.0,Export revenues with internal zones: $m,-146.21115074849638
AFG,NEPS_TKM,Costs,2035.0,Fixed O&M: $m,9.201415589015957
AFG,NEPS_TKM,Costs,2035.0,Fuel costs: $m,98.653747051831
AFG,NEPS_TKM,Costs,2035.0,Generation costs: $m,0.0
AFG,NEPS_TKM,Costs,2035.0,Import costs with external zones: $m,0.0
AFG,NEPS_TKM,Costs,2035.0,Import costs with internal zones: $m,65.84695488750282
AFG,NEPS_TKM,Costs,2035.0,NPV of system cost: $m,0.0
AFG,NEPS_TKM,Costs,2035.0,Spinning reserve costs: $m,0.0
AFG,NEPS_TKM,Costs,2035.0,Startup costs: $m,0.0
AFG,NEPS_TKM,Costs,2035.0,Trade shared benefits: $m,-2.5392967603478054
AFG,NEPS_TKM,Costs,2035.0,Transmission costs: $m,0.0
AFG,NEPS_TKM,Costs,2035.0,Unmet country CO2 backstop cost: $m,0.0
AFG,NEPS_TKM,Costs,2035.0,Unmet country planning reserve costs: $m,0.0
AFG,NEPS_TKM,Costs,2035.0,Unmet country spinning reserve costs: $m,0.0
AFG,NEPS_TKM,Costs,2035.0,Unmet demand costs: $m,0.0
AFG,NEPS_TKM,Costs,2035.0,Unmet system CO2 backstop cost: $m,0.0
AFG,NEPS_TKM,Costs,2035.0,Unmet system planning reserve costs: $m,0.0
AFG,NEPS_TKM,Costs,2035.0,Unmet system spinning reserve costs: $m,0.0
AFG,NEPS_TKM,Costs,2035.0,VRE curtailment: $m,0.0
AFG,NEPS_TKM,Costs,2035.0,Variable O&M: $m,8.754896627730167
AFG,NEPS_TKM,Costs,2040.0,Carbon costs: $m,0.0
AFG,NEPS_TKM,Costs,2040.0,Excess generation: $m,0.0
AFG,NEPS_TKM,Costs,2040.0,Export revenues with external zones: $m,0.0
AFG,NEPS_TKM,Costs,2040.0,Export revenues with internal zones: $m,-138.02576037039034
AFG,NEPS_TKM,Costs,2040.0,Fixed O&M: $m,11.059452539015956
AFG,NEPS_TKM,Costs,2040.0,Fuel costs: $m,88.83595019706826
AFG,NEPS_TKM,Costs,2040.0,Generation costs: $m,0.0
AFG,NEPS_TKM,Costs,2040.0,Import costs with external zones: $m,0.0
AFG,NEPS_TKM,Costs,2040.0,Import costs with internal zones: $m,80.65334252135207
AFG,NEPS_TKM,Costs,2040.0,NPV of system cost: $m,0.0
AFG,NEPS_TKM,Costs,2040.0,Spinning reserve costs: $m,0.0
AFG,NEPS_TKM,Costs,2040.0,Startup costs: $m,0.0
AFG,NEPS_TKM,Costs,2040.0,Trade shared benefits: $m,-3.3782855180172744
AFG,NEPS_TKM,Costs,2040.0,Transmission costs: $m,0.0
AFG,NEPS_TKM,Costs,2040.0,Unmet country CO2 backstop cost: $m,0.0
AFG,NEPS_TKM,Costs,2040.0,Unmet country planning reserve costs: $m,0.0
AFG,NEPS_TKM,Costs,2040.0,Unmet country spinning reserve costs: $m,0.0
AFG,NEPS_TKM,Costs,2040.0,Unmet demand costs: $m,0.0
AFG,NEPS_TKM,Costs,2040.0,Unmet system CO2 backstop cost: $m,0.0
AFG,NEPS_TKM,Costs,2040.0,Unmet system planning reserve costs: $m,0.0
AFG,NEPS_TKM,Costs,2040.0,Unmet system spinning reserve costs: $m,0.0
AFG,NEPS_TKM,Costs,2040.0,VRE curtailment: $m,0.0
AFG,NEPS_TKM,Costs,2040.0,Variable O&M: $m,7.903825433499452
AFG,NEPS_TKM,Costs,2045.0,Carbon costs: $m,0.0
AFG,NEPS_TKM,Costs,2045.0,Excess generation: $m,0.0
AFG,NEPS_TKM,Costs,2045.0,Export revenues with external zones: $m,0.0
AFG,NEPS_TKM,Costs,2045.0,Export revenues with internal zones: $m,-160.83245952152782
AFG,NEPS_TKM,Costs,2045.0,Fixed O&M: $m,13.104632879851318
AFG,NEPS_TKM,Costs,2045.0,Fuel costs: $m,118.6303901879744
AFG,NEPS_TKM,Costs,2045.0,Generation costs: $m,0.0
AFG,NEPS_TKM,Costs,2045.0,Import costs with external zones: $m,0.0
AFG,NEPS_TKM,Costs,2045.0,Import costs with internal zones: $m,89.74430109570592
AFG,NEPS_TKM,Costs,2045.0,NPV of system cost: $m,0.0
AFG,NEPS_TKM,Costs,2045.0,Spinning reserve costs: $m,0.0
AFG,NEPS_TKM,Costs,2045.0,Startup costs: $m,0.0
AFG,NEPS_TKM,Costs,2045.0,Trade shared benefits: $m,-0.8418331997480113
AFG,NEPS_TKM,Costs,2045.0,Transmission costs: $m,0.0
AFG,NEPS_TKM,Costs,2045.0,Unmet country CO2 backstop cost: $m,0.0
AFG,NEPS_TKM,Costs,2045.0,Unmet country planning reserve costs: $m,0.0
AFG,NEPS_TKM,Costs,2045.0,Unmet country spinning reserve costs: $m,0.0
AFG,NEPS_TKM,Costs,2045.0,Unmet demand costs: $m,0.1244899654929533
AFG,NEPS_TKM,Costs,2045.0,Unmet system CO2 backstop cost: $m,0.0
AFG,NEPS_TKM,Costs,2045.0,Unmet system planning reserve costs: $m,0.0
AFG,NEPS_TKM,Costs,2045.0,Unmet system spinning reserve costs: $m,0.0
AFG,NEPS_TKM,Costs,2045.0,VRE curtailment: $m,0.0
AFG,NEPS_TKM,Costs,2045.0,Variable O&M: $m,10.426396766981394
AFG,NEPS_TKM,Costs,2050.0,Carbon costs: $m,0.0
AFG,NEPS_TKM,Costs,2050.0,Excess generation: $m,0.0
AFG,NEPS_TKM,Costs,2050.0,Export revenues with external zones: $m,0.0
AFG,NEPS_TKM,Costs,2050.0,Export revenues with internal zones: $m,-188.1592786878226
AFG,NEPS_TKM,Costs,2050.0,Fixed O&M: $m,16.166170095433547
AFG,NEPS_TKM,Costs,2050.0,Fuel costs: $m,144.6012458563338
AFG,NEPS_TKM,Costs,2050.0,Generation costs: $m,0.0
AFG,NEPS_TKM,Costs,2050.0,Import costs with external zones: $m,0.0
AFG,NEPS_TKM,Costs,2050.0,Import costs with internal zones: $m,107.40540565877814
AFG,NEPS_TKM,Costs,2050.0,NPV of system cost: $m,0.0
AFG,NEPS_TKM,Costs,2050.0,Spinning reserve costs: $m,0.0
AFG,NEPS_TKM,Costs,2050.0,Startup costs: $m,0.0
AFG,NEPS_TKM,Costs,2050.0,Trade shared benefits: $m,-0.9547458911012122
AFG,NEPS_TKM,Costs,2050.0,Transmission costs: $m,0.0
AFG,NEPS_TKM,Costs,2050.0,Unmet country CO2 backstop cost: $m,0.0
AFG,NEPS_TKM,Costs,2050.0,Unmet country planning reserve costs: $m,0.0
AFG,NEPS_TKM,Costs,2050.0,Unmet country spinning reserve costs: $m,0.0
AFG,NEPS_TKM,Costs,2050.0,Unmet demand costs: $m,5.011466713983431
AFG,NEPS_TKM,Costs,2050.0,Unmet system CO2 backstop cost: $m,0.0
AFG,NEPS_TKM,Costs,2050.0,Unmet system planning reserve costs: $m,0.0
AFG,NEPS_TKM,Costs,2050.0,Unmet system spinning reserve costs: $m,0.0
AFG,NEPS_TKM,Costs,2050.0,VRE curtailment: $m,0.0
AFG,NEPS_TKM,Costs,2050.0,Variable O&M: $m,12.625241116296037
AFG,NEPS_TKM,DiscountedWeightedCostsCumulated,2026.0,Carbon costs: $m,0.0
AFG,NEPS_TKM,DiscountedWeightedCostsCumulated,2026.0,Excess generation: $m,0.0
AFG,NEPS_TKM,DiscountedWeightedCostsCumulated,2026.0,Export revenues with external zones: $m,0.0
AFG,NEPS_TKM,DiscountedWeightedCostsCumulated,2026.0,Export revenues with internal zones: $m,-91.4518403248336
AFG,NEPS_TKM,DiscountedWeightedCostsCumulated,2026.0,Fixed O&M: $m,0.0
AFG,NEPS_TKM,DiscountedWeightedCostsCumulated,2026.0,Fuel costs: $m,0.0
AFG,NEPS_TKM,DiscountedWeightedCostsCumulated,2026.0,Generation costs: $m,0.0
AFG,NEPS_TKM,DiscountedWeightedCostsCumulated,2026.0,Import costs with external zones: $m,0.0
AFG,NEPS_TKM,DiscountedWeightedCostsCumulated,2026.0,Import costs with internal zones: $m,123.5092185638018
AFG,NEPS_TKM,DiscountedWeightedCostsCumulated,2026.0,NPV of system cost: $m,0.0
AFG,NEPS_TKM,DiscountedWeightedCostsCumulated,2026.0,Spinning reserve costs: $m,0.0
AFG,NEPS_TKM,DiscountedWeightedCostsCumulated,2026.0,Startup costs: $m,0.0
AFG,NEPS_TKM,DiscountedWeightedCostsCumulated,2026.0,Trade shared benefits: $m,-19.90785951042025
AFG,NEPS_TKM,DiscountedWeightedCostsCumulated,2026.0,Transmission costs: $m,0.0
AFG,NEPS_TKM,DiscountedWeightedCostsCumulated,2026.0,Unmet country CO2 backstop cost: $m,0.0
AFG,NEPS_TKM,DiscountedWeightedCostsCumulated,2026.0,Unmet country planning reserve costs: $m,0.0
AFG,NEPS_TKM,DiscountedWeightedCostsCumulated,2026.0,Unmet country spinning reserve costs: $m,0.0
AFG,NEPS_TKM,DiscountedWeightedCostsCumulated,2026.0,Unmet demand costs: $m,0.0
AFG,NEPS_TKM,DiscountedWeightedCostsCumulated,2026.0,Unmet system CO2 backstop cost: $m,0.0
AFG,NEPS_TKM,DiscountedWeightedCostsCumulated,2026.0,Unmet system planning reserve costs: $m,0.0
AFG,NEPS_TKM,DiscountedWeightedCostsCumulated,2026.0,Unmet system spinning reserve costs: $m,0.0
AFG,NEPS_TKM,DiscountedWeightedCostsCumulated,2026.0,VRE curtailment: $m,0.0
AFG,NEPS_TKM,DiscountedWeightedCostsCumulated,2026.0,Variable O&M: $m,0.0
AFG,NEPS_TKM,DiscountedWeightedCostsCumulated,2027.0,Carbon costs: $m,0.0
AFG,NEPS_TKM,DiscountedWeightedCostsCumulated,2027.0,Excess generation: $m,0.0
AFG,NEPS_TKM,DiscountedWeightedCostsCumulated,2027.0,Export revenues with external zones: $m,0.0
AFG,NEPS_TKM,DiscountedWeightedCostsCumulated,2027.0,Export revenues with internal zones: $m,-144.14418192623194
AFG,NEPS_TKM,DiscountedWeightedCostsCumulated,2027.0,Fixed O&M: $m,0.0
AFG,NEPS_TKM,DiscountedWeightedCostsCumulated,2027.0,Fuel costs: $m,0.0
AFG,NEPS_TKM,DiscountedWeightedCostsCumulated,2027.0,Generation costs: $m,0.0
AFG,NEPS_TKM,DiscountedWeightedCostsCumulated,2027.0,Import costs with external zones: $m,0.0
AFG,NEPS_TKM,DiscountedWeightedCostsCumulated,2027.0,Import costs with internal zones: $m,214.2039139076109
AFG,NEPS_TKM,DiscountedWeightedCostsCumulated,2027.0,NPV of system cost: $m,0.0
AFG,NEPS_TKM,DiscountedWeightedCostsCumulated,2027.0,Spinning reserve costs: $m,0.0
AFG,NEPS_TKM,DiscountedWeightedCostsCumulated,2027.0,Startup costs: $m,0.0
AFG,NEPS_TKM,DiscountedWeightedCostsCumulated,2027.0,Trade shared benefits: $m,-26.14561200005008
AFG,NEPS_TKM,DiscountedWeightedCostsCumulated,2027.0,Transmission costs: $m,0.0
AFG,NEPS_TKM,DiscountedWeightedCostsCumulated,2027.0,Unmet country CO2 backstop cost: $m,0.0
AFG,NEPS_TKM,DiscountedWeightedCostsCumulated,2027.0,Unmet country planning reserve costs: $m,0.0
AFG,NEPS_TKM,DiscountedWeightedCostsCumulated,2027.0,Unmet country spinning reserve costs: $m,0.0
AFG,NEPS_TKM,DiscountedWeightedCostsCumulated,2027.0,Unmet demand costs: $m,0.0
AFG,NEPS_TKM,DiscountedWeightedCostsCumulated,2027.0,Unmet system CO2 backstop cost: $m,0.0
AFG,NEPS_TKM,DiscountedWeightedCostsCumulated,2027.0,Unmet system planning reserve costs: $m,0.0
AFG,NEPS_TKM,DiscountedWeightedCostsCumulated,2027.0,Unmet system spinning reserve costs: $m,0.0
AFG,NEPS_TKM,DiscountedWeightedCostsCumulated,2027.0,VRE curtailment: $m,0.0
AFG,NEPS_TKM,DiscountedWeightedCostsCumulated,2027.0,Variable O&M: $m,0.0
AFG,NEPS_TKM,DiscountedWeightedCostsCumulated,2028.0,Carbon costs: $m,0.0
AFG,NEPS_TKM,DiscountedWeightedCostsCumulated,2028.0,Excess generation: $m,0.0
AFG,NEPS_TKM,DiscountedWeightedCostsCumulated,2028.0,Export revenues with external zones: $m,0.0
AFG,NEPS_TKM,DiscountedWeightedCostsCumulated,2028.0,Export revenues with internal zones: $m,-208.6604235751492
AFG,NEPS_TKM,DiscountedWeightedCostsCumulated,2028.0,Fixed O&M: $m,0.0
AFG,NEPS_TKM,DiscountedWeightedCostsCumulated,2028.0,Fuel costs: $m,0.0
AFG,NEPS_TKM,DiscountedWeightedCostsCumulated,2028.0,Generation costs: $m,0.0
AFG,NEPS_TKM,DiscountedWeightedCostsCumulated,2028.0,Import costs with external zones: $m,0.0
AFG,NEPS_TKM,DiscountedWeightedCostsCumulated,2028.0,Import costs with internal zones: $m,318.63744332769784
AFG,NEPS_TKM,DiscountedWeightedCostsCumulated,2028.0,NPV of system cost: $m,0.0
AFG,NEPS_TKM,DiscountedWeightedCostsCumulated,2028.0,Spinning reserve costs: $m,0.0
AFG,NEPS_TKM,DiscountedWeightedCostsCumulated,2028.0,Startup costs: $m,0.0
AFG,NEPS_TKM,DiscountedWeightedCostsCumulated,2028.0,Trade shared benefits: $m,-30.98232769044257
AFG,NEPS_TKM,DiscountedWeightedCostsCumulated,2028.0,Transmission costs: $m,0.0
AFG,NEPS_TKM,DiscountedWeightedCostsCumulated,2028.0,Unmet country CO2 backstop cost: $m,0.0
AFG,NEPS_TKM,DiscountedWeightedCostsCumulated,2028.0,Unmet country planning reserve costs: $m,0.0
AFG,NEPS_TKM,DiscountedWeightedCostsCumulated,2028.0,Unmet country spinning reserve costs: $m,0.0
AFG,NEPS_TKM,DiscountedWeightedCostsCumulated,2028.0,Unmet demand costs: $m,0.0
AFG,NEPS_TKM,DiscountedWeightedCostsCumulated,2028.0,Unmet system CO2 backstop cost: $m,0.0
AFG,NEPS_TKM,DiscountedWeightedCostsCumulated,2028.0,Unmet system planning reserve costs: $m,0.0
AFG,NEPS_TKM,DiscountedWeightedCostsCumulated,2028.0,Unmet system spinning reserve costs: $m,0.0
AFG,NEPS_TKM,DiscountedWeightedCostsCumulated,2028.0,VRE curtailment: $m,0.0
AFG,NEPS_TKM,DiscountedWeightedCostsCumulated,2028.0,Variable O&M: $m,0.0
AFG,NEPS_TKM,DiscountedWeightedCostsCumulated,2029.0,Carbon costs: $m,0.0
AFG,NEPS_TKM,DiscountedWeightedCostsCumulated,2029.0,Excess generation: $m,0.0
AFG,NEPS_TKM,DiscountedWeightedCostsCumulated,2029.0,Export revenues with external zones: $m,0.0
AFG,NEPS_TKM,DiscountedWeightedCostsCumulated,2029.0,Export revenues with internal zones: $m,-223.6570525984745
AFG,NEPS_TKM,DiscountedWeightedCostsCumulated,2029.0,Fixed O&M: $m,1.2466769626620935
AFG,NEPS_TKM,DiscountedWeightedCostsCumulated,2029.0,Fuel costs: $m,17.28835989427016
AFG,NEPS_TKM,DiscountedWeightedCostsCumulated,2029.0,Generation costs: $m,0.0
AFG,NEPS_TKM,DiscountedWeightedCostsCumulated,2029.0,Import costs with external zones: $m,0.0
AFG,NEPS_TKM,DiscountedWeightedCostsCumulated,2029.0,Import costs with internal zones: $m,347.9283390653429
AFG,NEPS_TKM,DiscountedWeightedCostsCumulated,2029.0,NPV of system cost: $m,0.0
AFG,NEPS_TKM,DiscountedWeightedCostsCumulated,2029.0,Spinning reserve costs: $m,0.0
AFG,NEPS_TKM,DiscountedWeightedCostsCumulated,2029.0,Startup costs: $m,0.0
AFG,NEPS_TKM,DiscountedWeightedCostsCumulated,2029.0,Trade shared benefits: $m,-33.920733908549494
AFG,NEPS_TKM,DiscountedWeightedCostsCumulated,2029.0,Transmission costs: $m,0.0
AFG,NEPS_TKM,DiscountedWeightedCostsCumulated,2029.0,Unmet country CO2 backstop cost: $m,0.0
AFG,NEPS_TKM,DiscountedWeightedCostsCumulated,2029.0,Unmet country planning reserve costs: $m,0.0
AFG,NEPS_TKM,DiscountedWeightedCostsCumulated,2029.0,Unmet country spinning reserve costs: $m,0.0
AFG,NEPS_TKM,DiscountedWeightedCostsCumulated,2029.0,Unmet demand costs: $m,0.0
AFG,NEPS_TKM,DiscountedWeightedCostsCumulated,2029.0,Unmet system CO2 backstop cost: $m,0.0
AFG,NEPS_TKM,DiscountedWeightedCostsCumulated,2029.0,Unmet system planning reserve costs: $m,0.0
AFG,NEPS_TKM,DiscountedWeightedCostsCumulated,2029.0,Unmet system spinning reserve costs: $m,0.0
AFG,NEPS_TKM,DiscountedWeightedCostsCumulated,2029.0,VRE curtailment: $m,0.0
AFG,NEPS_TKM,DiscountedWeightedCostsCumulated,2029.0,Variable O&M: $m,1.4445750598559868
AFG,NEPS_TKM,DiscountedWeightedCostsCumulated,2030.0,Carbon costs: $m,0.0
AFG,NEPS_TKM,DiscountedWeightedCostsCumulated,2030.0,Excess generation: $m,0.0
AFG,NEPS_TKM,DiscountedWeightedCostsCumulated,2030.0,Export revenues with external zones: $m,0.0
AFG,NEPS_TKM,DiscountedWeightedCostsCumulated,2030.0,Export revenues with internal zones: $m,-294.749291216103
AFG,NEPS_TKM,DiscountedWeightedCostsCumulated,2030.0,Fixed O&M: $m,6.333993475441687
AFG,NEPS_TKM,DiscountedWeightedCostsCumulated,2030.0,Fuel costs: $m,61.189964646968605
AFG,NEPS_TKM,DiscountedWeightedCostsCumulated,2030.0,Generation costs: $m,0.0
AFG,NEPS_TKM,DiscountedWeightedCostsCumulated,2030.0,Import costs with external zones: $m,0.0
AFG,NEPS_TKM,DiscountedWeightedCostsCumulated,2030.0,Import costs with internal zones: $m,387.17517036179686
AFG,NEPS_TKM,DiscountedWeightedCostsCumulated,2030.0,NPV of system cost: $m,0.0
AFG,NEPS_TKM,DiscountedWeightedCostsCumulated,2030.0,Spinning reserve costs: $m,0.0
AFG,NEPS_TKM,DiscountedWeightedCostsCumulated,2030.0,Startup costs: $m,0.0
AFG,NEPS_TKM,DiscountedWeightedCostsCumulated,2030.0,Trade shared benefits: $m,-36.77029077800305
AFG,NEPS_TKM,DiscountedWeightedCostsCumulated,2030.0,Transmission costs: $m,0.0
AFG,NEPS_TKM,DiscountedWeightedCostsCumulated,2030.0,Unmet country CO2 backstop cost: $m,0.0
AFG,NEPS_TKM,DiscountedWeightedCostsCumulated,2030.0,Unmet country planning reserve costs: $m,0.0
AFG,NEPS_TKM,DiscountedWeightedCostsCumulated,2030.0,Unmet country spinning reserve costs: $m,0.0
AFG,NEPS_TKM,DiscountedWeightedCostsCumulated,2030.0,Unmet demand costs: $m,0.0
AFG,NEPS_TKM,DiscountedWeightedCostsCumulated,2030.0,Unmet system CO2 backstop cost: $m,0.0
AFG,NEPS_TKM,DiscountedWeightedCostsCumulated,2030.0,Unmet system planning reserve costs: $m,0.0
AFG,NEPS_TKM,DiscountedWeightedCostsCumulated,2030.0,Unmet system spinning reserve costs: $m,0.0
AFG,NEPS_TKM,DiscountedWeightedCostsCumulated,2030.0,VRE curtailment: $m,0.0
AFG,NEPS_TKM,DiscountedWeightedCostsCumulated,2030.0,Variable O&M: $m,5.161541368899287
AFG,NEPS_TKM,DiscountedWeightedCostsCumulated,2031.0,Carbon costs: $m,0.0
AFG,NEPS_TKM,DiscountedWeightedCostsCumulated,2031.0,Excess generation: $m,0.0
AFG,NEPS_TKM,DiscountedWeightedCostsCumulated,2031.0,Export revenues with external zones: $m,0.0
AFG,NEPS_TKM,DiscountedWeightedCostsCumulated,2031.0,Export revenues with internal zones: $m,-387.5847081902277
AFG,NEPS_TKM,DiscountedWeightedCostsCumulated,2031.0,Fixed O&M: $m,11.204944566931168
AFG,NEPS_TKM,DiscountedWeightedCostsCumulated,2031.0,Fuel costs: $m,122.4949145831151
AFG,NEPS_TKM,DiscountedWeightedCostsCumulated,2031.0,Generation costs: $m,0.0
AFG,NEPS_TKM,DiscountedWeightedCostsCumulated,2031.0,Import costs with external zones: $m,0.0
AFG,NEPS_TKM,DiscountedWeightedCostsCumulated,2031.0,Import costs with internal zones: $m,427.3636342106914
AFG,NEPS_TKM,DiscountedWeightedCostsCumulated,2031.0,NPV of system cost: $m,0.0
AFG,NEPS_TKM,DiscountedWeightedCostsCumulated,2031.0,Spinning reserve costs: $m,0.0
AFG,NEPS_TKM,DiscountedWeightedCostsCumulated,2031.0,Startup costs: $m,0.0
AFG,NEPS_TKM,DiscountedWeightedCostsCumulated,2031.0,Trade shared benefits: $m,-40.355118538174615
AFG,NEPS_TKM,DiscountedWeightedCostsCumulated,2031.0,Transmission costs: $m,0.0
AFG,NEPS_TKM,DiscountedWeightedCostsCumulated,2031.0,Unmet country CO2 backstop cost: $m,0.0
AFG,NEPS_TKM,DiscountedWeightedCostsCumulated,2031.0,Unmet country planning reserve costs: $m,0.0
AFG,NEPS_TKM,DiscountedWeightedCostsCumulated,2031.0,Unmet country spinning reserve costs: $m,0.0
AFG,NEPS_TKM,DiscountedWeightedCostsCumulated,2031.0,Unmet demand costs: $m,0.0
AFG,NEPS_TKM,DiscountedWeightedCostsCumulated,2031.0,Unmet system CO2 backstop cost: $m,0.0
AFG,NEPS_TKM,DiscountedWeightedCostsCumulated,2031.0,Unmet system planning reserve costs: $m,0.0
AFG,NEPS_TKM,DiscountedWeightedCostsCumulated,2031.0,Unmet system spinning reserve costs: $m,0.0
AFG,NEPS_TKM,DiscountedWeightedCostsCumulated,2031.0,VRE curtailment: $m,0.0
AFG,NEPS_TKM,DiscountedWeightedCostsCumulated,2031.0,Variable O&M: $m,10.3519765425984
AFG,NEPS_TKM,DiscountedWeightedCostsCumulated,2032.0,Carbon costs: $m,0.0
AFG,NEPS_TKM,DiscountedWeightedCostsCumulated,2032.0,Excess generation: $m,0.0
AFG,NEPS_TKM,DiscountedWeightedCostsCumulated,2032.0,Export revenues with external zones: $m,0.0
AFG,NEPS_TKM,DiscountedWeightedCostsCumulated,2032.0,Export revenues with internal zones: $m,-474.7759211843194
AFG,NEPS_TKM,DiscountedWeightedCostsCumulated,2032.0,Fixed O&M: $m,15.957653512334954
AFG,NEPS_TKM,DiscountedWeightedCostsCumulated,2032.0,Fuel costs: $m,174.81415164749964
AFG,NEPS_TKM,DiscountedWeightedCostsCumulated,2032.0,Generation costs: $m,0.0
AFG,NEPS_TKM,DiscountedWeightedCostsCumulated,2032.0,Import costs with external zones: $m,0.0
AFG,NEPS_TKM,DiscountedWeightedCostsCumulated,2032.0,Import costs with internal zones: $m,470.7113229622872
AFG,NEPS_TKM,DiscountedWeightedCostsCumulated,2032.0,NPV of system cost: $m,0.0
AFG,NEPS_TKM,DiscountedWeightedCostsCumulated,2032.0,Spinning reserve costs: $m,0.0
AFG,NEPS_TKM,DiscountedWeightedCostsCumulated,2032.0,Startup costs: $m,0.0
AFG,NEPS_TKM,DiscountedWeightedCostsCumulated,2032.0,Trade shared benefits: $m,-42.84865310355504
AFG,NEPS_TKM,DiscountedWeightedCostsCumulated,2032.0,Transmission costs: $m,0.0
AFG,NEPS_TKM,DiscountedWeightedCostsCumulated,2032.0,Unmet country CO2 backstop cost: $m,0.0
AFG,NEPS_TKM,DiscountedWeightedCostsCumulated,2032.0,Unmet country planning reserve costs: $m,0.0
AFG,NEPS_TKM,DiscountedWeightedCostsCumulated,2032.0,Unmet country spinning reserve costs: $m,0.0
AFG,NEPS_TKM,DiscountedWeightedCostsCumulated,2032.0,Unmet demand costs: $m,0.0
AFG,NEPS_TKM,DiscountedWeightedCostsCumulated,2032.0,Unmet system CO2 backstop cost: $m,0.0
AFG,NEPS_TKM,DiscountedWeightedCostsCumulated,2032.0,Unmet system planning reserve costs: $m,0.0
AFG,NEPS_TKM,DiscountedWeightedCostsCumulated,2032.0,Unmet system spinning reserve costs: $m,0.0
AFG,NEPS_TKM,DiscountedWeightedCostsCumulated,2032.0,VRE curtailment: $m,0.0
AFG,NEPS_TKM,DiscountedWeightedCostsCumulated,2032.0,Variable O&M: $m,15.01979705120418
AFG,NEPS_TKM,DiscountedWeightedCostsCumulated,2033.0,Carbon costs: $m,0.0
AFG,NEPS_TKM,DiscountedWeightedCostsCumulated,2033.0,Excess generation: $m,0.0
AFG,NEPS_TKM,DiscountedWeightedCostsCumulated,2033.0,Export revenues with external zones: $m,0.0
AFG,NEPS_TKM,DiscountedWeightedCostsCumulated,2033.0,Export revenues with internal zones: $m,-557.9637466595404
AFG,NEPS_TKM,DiscountedWeightedCostsCumulated,2033.0,Fixed O&M: $m,20.508371158726547
AFG,NEPS_TKM,DiscountedWeightedCostsCumulated,2033.0,Fuel costs: $m,225.08302958537448
AFG,NEPS_TKM,DiscountedWeightedCostsCumulated,2033.0,Generation costs: $m,0.0
AFG,NEPS_TKM,DiscountedWeightedCostsCumulated,2033.0,Import costs with external zones: $m,0.0
AFG,NEPS_TKM,DiscountedWeightedCostsCumulated,2033.0,Import costs with internal zones: $m,511.8242741451429
AFG,NEPS_TKM,DiscountedWeightedCostsCumulated,2033.0,NPV of system cost: $m,0.0
AFG,NEPS_TKM,DiscountedWeightedCostsCumulated,2033.0,Spinning reserve costs: $m,0.0
AFG,NEPS_TKM,DiscountedWeightedCostsCumulated,2033.0,Startup costs: $m,0.0
AFG,NEPS_TKM,DiscountedWeightedCostsCumulated,2033.0,Trade shared benefits: $m,-45.094503806611904
AFG,NEPS_TKM,DiscountedWeightedCostsCumulated,2033.0,Transmission costs: $m,0.0
AFG,NEPS_TKM,DiscountedWeightedCostsCumulated,2033.0,Unmet country CO2 backstop cost: $m,0.0
AFG,NEPS_TKM,DiscountedWeightedCostsCumulated,2033.0,Unmet country planning reserve costs: $m,0.0
AFG,NEPS_TKM,DiscountedWeightedCostsCumulated,2033.0,Unmet country spinning reserve costs: $m,0.0
AFG,NEPS_TKM,DiscountedWeightedCostsCumulated,2033.0,Unmet demand costs: $m,0.0
AFG,NEPS_TKM,DiscountedWeightedCostsCumulated,2033.0,Unmet system CO2 backstop cost: $m,0.0
AFG,NEPS_TKM,DiscountedWeightedCostsCumulated,2033.0,Unmet system planning reserve costs: $m,0.0
AFG,NEPS_TKM,DiscountedWeightedCostsCumulated,2033.0,Unmet system spinning reserve costs: $m,0.0
AFG,NEPS_TKM,DiscountedWeightedCostsCumulated,2033.0,VRE curtailment: $m,0.0
AFG,NEPS_TKM,DiscountedWeightedCostsCumulated,2033.0,Variable O&M: $m,19.48603727566432
AFG,NEPS_TKM,DiscountedWeightedCostsCumulated,2034.0,Carbon costs: $m,0.0
AFG,NEPS_TKM,DiscountedWeightedCostsCumulated,2034.0,Excess generation: $m,0.0
AFG,NEPS_TKM,DiscountedWeightedCostsCumulated,2034.0,Export revenues with external zones: $m,0.0
AFG,NEPS_TKM,DiscountedWeightedCostsCumulated,2034.0,Export revenues with internal zones: $m,-632.2960434931749
AFG,NEPS_TKM,DiscountedWeightedCostsCumulated,2034.0,Fixed O&M: $m,24.82859382623211
AFG,NEPS_TKM,DiscountedWeightedCostsCumulated,2034.0,Fuel costs: $m,271.9673027271843
AFG,NEPS_TKM,DiscountedWeightedCostsCumulated,2034.0,Generation costs: $m,0.0
AFG,NEPS_TKM,DiscountedWeightedCostsCumulated,2034.0,Import costs with external zones: $m,0.0
AFG,NEPS_TKM,DiscountedWeightedCostsCumulated,2034.0,Import costs with internal zones: $m,547.2341020708064
AFG,NEPS_TKM,DiscountedWeightedCostsCumulated,2034.0,NPV of system cost: $m,0.0
AFG,NEPS_TKM,DiscountedWeightedCostsCumulated,2034.0,Spinning reserve costs: $m,0.0
AFG,NEPS_TKM,DiscountedWeightedCostsCumulated,2034.0,Startup costs: $m,0.0
AFG,NEPS_TKM,DiscountedWeightedCostsCumulated,2034.0,Trade shared benefits: $m,-46.70759578362245
AFG,NEPS_TKM,DiscountedWeightedCostsCumulated,2034.0,Transmission costs: $m,0.0
AFG,NEPS_TKM,DiscountedWeightedCostsCumulated,2034.0,Unmet country CO2 backstop cost: $m,0.0
AFG,NEPS_TKM,DiscountedWeightedCostsCumulated,2034.0,Unmet country planning reserve costs: $m,0.0
AFG,NEPS_TKM,DiscountedWeightedCostsCumulated,2034.0,Unmet country spinning reserve costs: $m,0.0
AFG,NEPS_TKM,DiscountedWeightedCostsCumulated,2034.0,Unmet demand costs: $m,0.0
AFG,NEPS_TKM,DiscountedWeightedCostsCumulated,2034.0,Unmet system CO2 backstop cost: $m,0.0
AFG,NEPS_TKM,DiscountedWeightedCostsCumulated,2034.0,Unmet system planning reserve costs: $m,0.0
AFG,NEPS_TKM,DiscountedWeightedCostsCumulated,2034.0,Unmet system spinning reserve costs: $m,0.0
AFG,NEPS_TKM,DiscountedWeightedCostsCumulated,2034.0,VRE curtailment: $m,0.0
AFG,NEPS_TKM,DiscountedWeightedCostsCumulated,2034.0,Variable O&M: $m,23.64653020327411
AFG,NEPS_TKM,DiscountedWeightedCostsCumulated,2035.0,Carbon costs: $m,0.0
AFG,NEPS_TKM,DiscountedWeightedCostsCumulated,2035.0,Excess generation: $m,0.0
AFG,NEPS_TKM,DiscountedWeightedCostsCumulated,2035.0,Export revenues with external zones: $m,0.0
AFG,NEPS_TKM,DiscountedWeightedCostsCumulated,2035.0,Export revenues with internal zones: $m,-697.3303736403075
AFG,NEPS_TKM,DiscountedWeightedCostsCumulated,2035.0,Fixed O&M: $m,28.92135895511329
AFG,NEPS_TKM,DiscountedWeightedCostsCumulated,2035.0,Fuel costs: $m,315.8482264677866
AFG,NEPS_TKM,DiscountedWeightedCostsCumulated,2035.0,Generation costs: $m,0.0
AFG,NEPS_TKM,DiscountedWeightedCostsCumulated,2035.0,Import costs with external zones: $m,0.0
AFG,NEPS_TKM,DiscountedWeightedCostsCumulated,2035.0,Import costs with internal zones: $m,576.5226520987272
AFG,NEPS_TKM,DiscountedWeightedCostsCumulated,2035.0,NPV of system cost: $m,0.0
AFG,NEPS_TKM,DiscountedWeightedCostsCumulated,2035.0,Spinning reserve costs: $m,0.0
AFG,NEPS_TKM,DiscountedWeightedCostsCumulated,2035.0,Startup costs: $m,0.0
AFG,NEPS_TKM,DiscountedWeightedCostsCumulated,2035.0,Trade shared benefits: $m,-47.8370682144774
AFG,NEPS_TKM,DiscountedWeightedCostsCumulated,2035.0,Transmission costs: $m,0.0
AFG,NEPS_TKM,DiscountedWeightedCostsCumulated,2035.0,Unmet country CO2 backstop cost: $m,0.0
AFG,NEPS_TKM,DiscountedWeightedCostsCumulated,2035.0,Unmet country planning reserve costs: $m,0.0
AFG,NEPS_TKM,DiscountedWeightedCostsCumulated,2035.0,Unmet country spinning reserve costs: $m,0.0
AFG,NEPS_TKM,DiscountedWeightedCostsCumulated,2035.0,Unmet demand costs: $m,0.0
AFG,NEPS_TKM,DiscountedWeightedCostsCumulated,2035.0,Unmet system CO2 backstop cost: $m,0.0
AFG,NEPS_TKM,DiscountedWeightedCostsCumulated,2035.0,Unmet system planning reserve costs: $m,0.0
AFG,NEPS_TKM,DiscountedWeightedCostsCumulated,2035.0,Unmet system spinning reserve costs: $m,0.0
AFG,NEPS_TKM,DiscountedWeightedCostsCumulated,2035.0,VRE curtailment: $m,0.0
AFG,NEPS_TKM,DiscountedWeightedCostsCumulated,2035.0,Variable O&M: $m,27.540684888310512
AFG,NEPS_TKM,DiscountedWeightedCostsCumulated,2040.0,Carbon costs: $m,0.0
AFG,NEPS_TKM,DiscountedWeightedCostsCumulated,2040.0,Excess generation: $m,0.0
AFG,NEPS_TKM,DiscountedWeightedCostsCumulated,2040.0,Export revenues with external zones: $m,0.0
AFG,NEPS_TKM,DiscountedWeightedCostsCumulated,2040.0,Export revenues with internal zones: $m,-927.9595634374072
AFG,NEPS_TKM,DiscountedWeightedCostsCumulated,2040.0,Fixed O&M: $m,47.40075419139483
AFG,NEPS_TKM,DiscountedWeightedCostsCumulated,2040.0,Fuel costs: $m,464.2854686450849
AFG,NEPS_TKM,DiscountedWeightedCostsCumulated,2040.0,Generation costs: $m,0.0
AFG,NEPS_TKM,DiscountedWeightedCostsCumulated,2040.0,Import costs with external zones: $m,0.0
AFG,NEPS_TKM,DiscountedWeightedCostsCumulated,2040.0,Import costs with internal zones: $m,711.2874596984957
AFG,NEPS_TKM,DiscountedWeightedCostsCumulated,2040.0,NPV of system cost: $m,0.0
AFG,NEPS_TKM,DiscountedWeightedCostsCumulated,2040.0,Spinning reserve costs: $m,0.0
AFG,NEPS_TKM,DiscountedWeightedCostsCumulated,2040.0,Startup costs: $m,0.0
AFG,NEPS_TKM,DiscountedWeightedCostsCumulated,2040.0,Trade shared benefits: $m,-53.48189313580231
AFG,NEPS_TKM,DiscountedWeightedCostsCumulated,2040.0,Transmission costs: $m,0.0
AFG,NEPS_TKM,DiscountedWeightedCostsCumulated,2040.0,Unmet country CO2 backstop cost: $m,0.0
AFG,NEPS_TKM,DiscountedWeightedCostsCumulated,2040.0,Unmet country planning reserve costs: $m,0.0
AFG,NEPS_TKM,DiscountedWeightedCostsCumulated,2040.0,Unmet country spinning reserve costs: $m,0.0
AFG,NEPS_TKM,DiscountedWeightedCostsCumulated,2040.0,Unmet demand costs: $m,0.0
AFG,NEPS_TKM,DiscountedWeightedCostsCumulated,2040.0,Unmet system CO2 backstop cost: $m,0.0
AFG,NEPS_TKM,DiscountedWeightedCostsCumulated,2040.0,Unmet system planning reserve costs: $m,0.0
AFG,NEPS_TKM,DiscountedWeightedCostsCumulated,2040.0,Unmet system spinning reserve costs: $m,0.0
AFG,NEPS_TKM,DiscountedWeightedCostsCumulated,2040.0,VRE curtailment: $m,0.0
AFG,NEPS_TKM,DiscountedWeightedCostsCumulated,2040.0,Variable O&M: $m,40.74729828521619
AFG,NEPS_TKM,DiscountedWeightedCostsCumulated,2045.0,Carbon costs: $m,0.0
AFG,NEPS_TKM,DiscountedWeightedCostsCumulated,2045.0,Excess generation: $m,0.0
AFG,NEPS_TKM,DiscountedWeightedCostsCumulated,2045.0,Export revenues with external zones: $m,0.0
AFG,NEPS_TKM,DiscountedWeightedCostsCumulated,2045.0,Export revenues with internal zones: $m,-1094.8242367939563
AFG,NEPS_TKM,DiscountedWeightedCostsCumulated,2045.0,Fixed O&M: $m,60.99689200747534
AFG,NEPS_TKM,DiscountedWeightedCostsCumulated,2045.0,Fuel costs: $m,587.3652335617351
AFG,NEPS_TKM,DiscountedWeightedCostsCumulated,2045.0,Generation costs: $m,0.0
AFG,NEPS_TKM,DiscountedWeightedCostsCumulated,2045.0,Import costs with external zones: $m,0.0
AFG,NEPS_TKM,DiscountedWeightedCostsCumulated,2045.0,Import costs with internal zones: $m,804.397728188435
AFG,NEPS_TKM,DiscountedWeightedCostsCumulated,2045.0,NPV of system cost: $m,0.0
AFG,NEPS_TKM,DiscountedWeightedCostsCumulated,2045.0,Spinning reserve costs: $m,0.0
AFG,NEPS_TKM,DiscountedWeightedCostsCumulated,2045.0,Startup costs: $m,0.0
AFG,NEPS_TKM,DiscountedWeightedCostsCumulated,2045.0,Trade shared benefits: $m,-54.35530029698452
AFG,NEPS_TKM,DiscountedWeightedCostsCumulated,2045.0,Transmission costs: $m,0.0
AFG,NEPS_TKM,DiscountedWeightedCostsCumulated,2045.0,Unmet country CO2 backstop cost: $m,0.0
AFG,NEPS_TKM,DiscountedWeightedCostsCumulated,2045.0,Unmet country planning reserve costs: $m,0.0
AFG,NEPS_TKM,DiscountedWeightedCostsCumulated,2045.0,Unmet country spinning reserve costs: $m,0.0
AFG,NEPS_TKM,DiscountedWeightedCostsCumulated,2045.0,Unmet demand costs: $m,0.1291591106045928
AFG,NEPS_TKM,DiscountedWeightedCostsCumulated,2045.0,Unmet system CO2 backstop cost: $m,0.0
AFG,NEPS_TKM,DiscountedWeightedCostsCumulated,2045.0,Unmet system planning reserve costs: $m,0.0
AFG,NEPS_TKM,DiscountedWeightedCostsCumulated,2045.0,Unmet system spinning reserve costs: $m,0.0
AFG,NEPS_TKM,DiscountedWeightedCostsCumulated,2045.0,VRE curtailment: $m,0.0
AFG,NEPS_TKM,DiscountedWeightedCostsCumulated,2045.0,Variable O&M: $m,51.564749538427
AFG,NEPS_TKM,DiscountedWeightedCostsCumulated,2050.0,Carbon costs: $m,0.0
AFG,NEPS_TKM,DiscountedWeightedCostsCumulated,2050.0,Excess generation: $m,0.0
AFG,NEPS_TKM,DiscountedWeightedCostsCumulated,2050.0,Export revenues with external zones: $m,0.0
AFG,NEPS_TKM,DiscountedWeightedCostsCumulated,2050.0,Export revenues with internal zones: $m,-1216.0382730762526
AFG,NEPS_TKM,DiscountedWeightedCostsCumulated,2050.0,Fixed O&M: $m,71.41129592185682
AFG,NEPS_TKM,DiscountedWeightedCostsCumulated,2050.0,Fuel costs: $m,680.5187616998575
AFG,NEPS_TKM,DiscountedWeightedCostsCumulated,2050.0,Generation costs: $m,0.0
AFG,NEPS_TKM,DiscountedWeightedCostsCumulated,2050.0,Import costs with external zones: $m,0.0
AFG,NEPS_TKM,DiscountedWeightedCostsCumulated,2050.0,Import costs with internal zones: $m,873.5893345191436
AFG,NEPS_TKM,DiscountedWeightedCostsCumulated,2050.0,NPV of system cost: $m,0.0
AFG,NEPS_TKM,DiscountedWeightedCostsCumulated,2050.0,Spinning reserve costs: $m,0.0
AFG,NEPS_TKM,DiscountedWeightedCostsCumulated,2050.0,Startup costs: $m,0.0
AFG,NEPS_TKM,DiscountedWeightedCostsCumulated,2050.0,Trade shared benefits: $m,-54.97035688038226
AFG,NEPS_TKM,DiscountedWeightedCostsCumulated,2050.0,Transmission costs: $m,0.0
AFG,NEPS_TKM,DiscountedWeightedCostsCumulated,2050.0,Unmet country CO2 backstop cost: $m,0.0
AFG,NEPS_TKM,DiscountedWeightedCostsCumulated,2050.0,Unmet country planning reserve costs: $m,0.0
AFG,NEPS_TKM,DiscountedWeightedCostsCumulated,2050.0,Unmet country spinning reserve costs: $m,0.0
AFG,NEPS_TKM,DiscountedWeightedCostsCumulated,2050.0,Unmet demand costs: $m,3.357594680365427
AFG,NEPS_TKM,DiscountedWeightedCostsCumulated,2050.0,Unmet system CO2 backstop cost: $m,0.0
AFG,NEPS_TKM,DiscountedWeightedCostsCumulated,2050.0,Unmet system planning reserve costs: $m,0.0
AFG,NEPS_TKM,DiscountedWeightedCostsCumulated,2050.0,Unmet system spinning reserve costs: $m,0.0
AFG,NEPS_TKM,DiscountedWeightedCostsCumulated,2050.0,VRE curtailment: $m,0.0
AFG,NEPS_TKM,DiscountedWeightedCostsCumulated,2050.0,Variable O&M: $m,59.69805258580146
AFG,NEPS_TKM,GenCostsPerMWh,2029.0,Fixed O&M: $m,2.784032544222954
AFG,NEPS_TKM,GenCostsPerMWh,2029.0,Investment costs: $m,24.282901782210864
AFG,NEPS_TKM,GenCostsPerMWh,2029.0,Variable Cost: $m,41.83369238630493
AFG,NEPS_TKM,GenCostsPerMWh,2030.0,Fixed O&M: $m,4.506507417879243
AFG,NEPS_TKM,GenCostsPerMWh,2030.0,Investment costs: $m,41.44774955424474
AFG,NEPS_TKM,GenCostsPerMWh,2030.0,Variable Cost: $m,42.18205082767692
AFG,NEPS_TKM,GenCostsPerMWh,2031.0,Fixed O&M: $m,3.09355240727976
AFG,NEPS_TKM,GenCostsPerMWh,2031.0,Investment costs: $m,27.89498407768281
AFG,NEPS_TKM,GenCostsPerMWh,2031.0,Variable Cost: $m,42.23137428724495
AFG,NEPS_TKM,GenCostsPerMWh,2032.0,Fixed O&M: $m,3.4258661924213305
AFG,NEPS_TKM,GenCostsPerMWh,2032.0,Investment costs: $m,30.20543158080159
AFG,NEPS_TKM,GenCostsPerMWh,2032.0,Variable Cost: $m,41.07763302730243
AFG,NEPS_TKM,GenCostsPerMWh,2033.0,Fixed O&M: $m,3.375971107348516
AFG,NEPS_TKM,GenCostsPerMWh,2033.0,Investment costs: $m,29.253050908101148
AFG,NEPS_TKM,GenCostsPerMWh,2033.0,Variable Cost: $m,40.60550265514074
AFG,NEPS_TKM,GenCostsPerMWh,2034.0,Fixed O&M: $m,3.3922215307562404
AFG,NEPS_TKM,GenCostsPerMWh,2034.0,Investment costs: $m,28.88407336950229
AFG,NEPS_TKM,GenCostsPerMWh,2034.0,Variable Cost: $m,40.08014582106679
AFG,NEPS_TKM,GenCostsPerMWh,2035.0,Fixed O&M: $m,3.392704023217271
AFG,NEPS_TKM,GenCostsPerMWh,2035.0,Investment costs: $m,28.39674933512004
AFG,NEPS_TKM,GenCostsPerMWh,2035.0,Variable Cost: $m,39.60322561399818
AFG,NEPS_TKM,GenCostsPerMWh,2040.0,Fixed O&M: $m,4.146937515828721
AFG,NEPS_TKM,GenCostsPerMWh,2040.0,Investment costs: $m,31.75794830866592
AFG,NEPS_TKM,GenCostsPerMWh,2040.0,Variable Cost: $m,36.27429146424547
AFG,NEPS_TKM,GenCostsPerMWh,2045.0,Fixed O&M: $m,3.7305844320069386
AFG,NEPS_TKM,GenCostsPerMWh,2045.0,Investment costs: $m,26.387699846355183
AFG,NEPS_TKM,GenCostsPerMWh,2045.0,Variable Cost: $m,36.73946799373871
AFG,NEPS_TKM,GenCostsPerMWh,2050.0,Fixed O&M: $m,3.657921456616192
AFG,NEPS_TKM,GenCostsPerMWh,2050.0,Investment costs: $m,24.827637032334565
AFG,NEPS_TKM,GenCostsPerMWh,2050.0,Variable Cost: $m,35.5756581089062
AFG,NEPS_TKM,NetPresentCostPerMWh,,Carbon costs: $m,0.0
AFG,NEPS_TKM,NetPresentCostPerMWh,,Excess generation: $m,0.0
AFG,NEPS_TKM,NetPresentCostPerMWh,,Export revenues with external zones: $m,0.0
AFG,NEPS_TKM,NetPresentCostPerMWh,,Export revenues with internal zones: $m,-87.39147568543045
AFG,NEPS_TKM,NetPresentCostPerMWh,,Fixed O&M: $m,5.132024763852723
AFG,NEPS_TKM,NetPresentCostPerMWh,,Fuel costs: $m,48.905976179619074
AFG,NEPS_TKM,NetPresentCostPerMWh,,Generation costs: $m,0.0
AFG,NEPS_TKM,NetPresentCostPerMWh,,Import costs with external zones: $m,0.0
AFG,NEPS_TKM,NetPresentCostPerMWh,,Import costs with internal zones: $m,62.78113343714955
AFG,NEPS_TKM,NetPresentCostPerMWh,,NPV of system cost: $m,0.0
AFG,NEPS_TKM,NetPresentCostPerMWh,,Spinning reserve costs: $m,0.0
AFG,NEPS_TKM,NetPresentCostPerMWh,,Startup costs: $m,0.0
AFG,NEPS_TKM,NetPresentCostPerMWh,,Trade shared benefits: $m,-3.950484711783512
AFG,NEPS_TKM,NetPresentCostPerMWh,,Transmission costs: $m,0.0
AFG,NEPS_TKM,NetPresentCostPerMWh,,Unmet country CO2 backstop cost: $m,0.0
AFG,NEPS_TKM,NetPresentCostPerMWh,,Unmet country planning reserve costs: $m,0.0
AFG,NEPS_TKM,NetPresentCostPerMWh,,Unmet country spinning reserve costs: $m,0.0
AFG,NEPS_TKM,NetPresentCostPerMWh,,Unmet demand costs: $m,0.2412959857985377
AFG,NEPS_TKM,NetPresentCostPerMWh,,Unmet system CO2 backstop cost: $m,0.0
AFG,NEPS_TKM,NetPresentCostPerMWh,,Unmet system planning reserve costs: $m,0.0
AFG,NEPS_TKM,NetPresentCostPerMWh,,Unmet system spinning reserve costs: $m,0.0
AFG,NEPS_TKM,NetPresentCostPerMWh,,VRE curtailment: $m,0.0
AFG,NEPS_TKM,NetPresentCostPerMWh,,Variable O&M: $m,4.290244005085253
AFG,NEPS_UZB,Costs,2026.0,Carbon costs: $m,0.0
AFG,NEPS_UZB,Costs,2026.0,Excess generation: $m,0.0
AFG,NEPS_UZB,Costs,2026.0,Export revenues with external zones: $m,0.0
AFG,NEPS_UZB,Costs,2026.0,Export revenues with internal zones: $m,-182.2086116857872
AFG,NEPS_UZB,Costs,2026.0,Fixed O&M: $m,6.9441335090327225
AFG,NEPS_UZB,Costs,2026.0,Fuel costs: $m,38.13279266687513
AFG,NEPS_UZB,Costs,2026.0,Generation costs: $m,0.0
AFG,NEPS_UZB,Costs,2026.0,Import costs with external zones: $m,0.0
AFG,NEPS_UZB,Costs,2026.0,Import costs with internal zones: $m,192.1290889550127
AFG,NEPS_UZB,Costs,2026.0,NPV of system cost: $m,0.0
AFG,NEPS_UZB,Costs,2026.0,Spinning reserve costs: $m,0.0
AFG,NEPS_UZB,Costs,2026.0,Startup costs: $m,0.0
AFG,NEPS_UZB,Costs,2026.0,Trade shared benefits: $m,-30.15838843181905
AFG,NEPS_UZB,Costs,2026.0,Transmission costs: $m,0.0
AFG,NEPS_UZB,Costs,2026.0,Unmet country CO2 backstop cost: $m,0.0
AFG,NEPS_UZB,Costs,2026.0,Unmet country planning reserve costs: $m,0.0
AFG,NEPS_UZB,Costs,2026.0,Unmet country spinning reserve costs: $m,0.0
AFG,NEPS_UZB,Costs,2026.0,Unmet demand costs: $m,0.0
AFG,NEPS_UZB,Costs,2026.0,Unmet system CO2 backstop cost: $m,0.0
AFG,NEPS_UZB,Costs,2026.0,Unmet system planning reserve costs: $m,0.0
AFG,NEPS_UZB,Costs,2026.0,Unmet system spinning reserve costs: $m,0.0
AFG,NEPS_UZB,Costs,2026.0,VRE curtailment: $m,0.0
AFG,NEPS_UZB,Costs,2026.0,Variable O&M: $m,14.03758671174426
AFG,NEPS_UZB,Costs,2027.0,Carbon costs: $m,0.0
AFG,NEPS_UZB,Costs,2027.0,Excess generation: $m,0.0
AFG,NEPS_UZB,Costs,2027.0,Export revenues with external zones: $m,0.0
AFG,NEPS_UZB,Costs,2027.0,Export revenues with internal zones: $m,-157.9612307797098
AFG,NEPS_UZB,Costs,2027.0,Fixed O&M: $m,6.9441335090327225
AFG,NEPS_UZB,Costs,2027.0,Fuel costs: $m,68.51072370570057
AFG,NEPS_UZB,Costs,2027.0,Generation costs: $m,0.0
AFG,NEPS_UZB,Costs,2027.0,Import costs with external zones: $m,0.0
AFG,NEPS_UZB,Costs,2027.0,Import costs with internal zones: $m,142.2433512571664
AFG,NEPS_UZB,Costs,2027.0,NPV of system cost: $m,0.0
AFG,NEPS_UZB,Costs,2027.0,Spinning reserve costs: $m,0.0
AFG,NEPS_UZB,Costs,2027.0,Startup costs: $m,0.0
AFG,NEPS_UZB,Costs,2027.0,Trade shared benefits: $m,-7.396717866045972
AFG,NEPS_UZB,Costs,2027.0,Transmission costs: $m,0.0
AFG,NEPS_UZB,Costs,2027.0,Unmet country CO2 backstop cost: $m,0.0
AFG,NEPS_UZB,Costs,2027.0,Unmet country planning reserve costs: $m,0.0
AFG,NEPS_UZB,Costs,2027.0,Unmet country spinning reserve costs: $m,0.0
AFG,NEPS_UZB,Costs,2027.0,Unmet demand costs: $m,0.0
AFG,NEPS_UZB,Costs,2027.0,Unmet system CO2 backstop cost: $m,0.0
AFG,NEPS_UZB,Costs,2027.0,Unmet system planning reserve costs: $m,0.0
AFG,NEPS_UZB,Costs,2027.0,Unmet system spinning reserve costs: $m,0.0
AFG,NEPS_UZB,Costs,2027.0,VRE curtailment: $m,0.0
AFG,NEPS_UZB,Costs,2027.0,Variable O&M: $m,16.57589582938687
AFG,NEPS_UZB,Costs,2028.0,Carbon costs: $m,0.0
AFG,NEPS_UZB,Costs,2028.0,Excess generation: $m,0.0
AFG,NEPS_UZB,Costs,2028.0,Export revenues with external zones: $m,0.0
AFG,NEPS_UZB,Costs,2028.0,Export revenues with internal zones: $m,-187.8364026320769
AFG,NEPS_UZB,Costs,2028.0,Fixed O&M: $m,8.054238888993462
AFG,NEPS_UZB,Costs,2028.0,Fuel costs: $m,94.42747504955844
AFG,NEPS_UZB,Costs,2028.0,Generation costs: $m,0.0
AFG,NEPS_UZB,Costs,2028.0,Import costs with external zones: $m,0.0
AFG,NEPS_UZB,Costs,2028.0,Import costs with internal zones: $m,146.69279417506104
AFG,NEPS_UZB,Costs,2028.0,NPV of system cost: $m,0.0
AFG,NEPS_UZB,Costs,2028.0,Spinning reserve costs: $m,0.0
AFG,NEPS_UZB,Costs,2028.0,Startup costs: $m,0.0
AFG,NEPS_UZB,Costs,2028.0,Trade shared benefits: $m,-6.3598193947710815
AFG,NEPS_UZB,Costs,2028.0,Transmission costs: $m,0.0
AFG,NEPS_UZB,Costs,2028.0,Unmet country CO2 backstop cost: $m,0.0
AFG,NEPS_UZB,Costs,2028.0,Unmet country planning reserve costs: $m,0.0
AFG,NEPS_UZB,Costs,2028.0,Unmet country spinning reserve costs: $m,0.0
AFG,NEPS_UZB,Costs,2028.0,Unmet demand costs: $m,0.0
AFG,NEPS_UZB,Costs,2028.0,Unmet system CO2 backstop cost: $m,0.0
AFG,NEPS_UZB,Costs,2028.0,Unmet system planning reserve costs: $m,0.0
AFG,NEPS_UZB,Costs,2028.0,Unmet system spinning reserve costs: $m,0.0
AFG,NEPS_UZB,Costs,2028.0,VRE curtailment: $m,0.0
AFG,NEPS_UZB,Costs,2028.0,Variable O&M: $m,18.741439169113125
AFG,NEPS_UZB,Costs,2029.0,Carbon costs: $m,0.0
AFG,NEPS_UZB,Costs,2029.0,Excess generation: $m,0.0
AFG,NEPS_UZB,Costs,2029.0,Export revenues with external zones: $m,0.0
AFG,NEPS_UZB,Costs,2029.0,Export revenues with internal zones: $m,-65.780510418795
AFG,NEPS_UZB,Costs,2029.0,Fixed O&M: $m,8.950893570993463
AFG,NEPS_UZB,Costs,2029.0,Fuel costs: $m,73.1585934239031
AFG,NEPS_UZB,Costs,2029.0,Generation costs: $m,0.0
AFG,NEPS_UZB,Costs,2029.0,Import costs with external zones: $m,0.0
AFG,NEPS_UZB,Costs,2029.0,Import costs with internal zones: $m,48.02797021206466
AFG,NEPS_UZB,Costs,2029.0,NPV of system cost: $m,0.0
AFG,NEPS_UZB,Costs,2029.0,Spinning reserve costs: $m,0.0
AFG,NEPS_UZB,Costs,2029.0,Startup costs: $m,0.0
AFG,NEPS_UZB,Costs,2029.0,Trade shared benefits: $m,-1.1981739895276948
AFG,NEPS_UZB,Costs,2029.0,Transmission costs: $m,0.0
AFG,NEPS_UZB,Costs,2029.0,Unmet country CO2 backstop cost: $m,0.0
AFG,NEPS_UZB,Costs,2029.0,Unmet country planning reserve costs: $m,0.0
AFG,NEPS_UZB,Costs,2029.0,Unmet country spinning reserve costs: $m,0.0
AFG,NEPS_UZB,Costs,2029.0,Unmet demand costs: $m,0.0
AFG,NEPS_UZB,Costs,2029.0,Unmet system CO2 backstop cost: $m,0.0
AFG,NEPS_UZB,Costs,2029.0,Unmet system planning reserve costs: $m,0.0
AFG,NEPS_UZB,Costs,2029.0,Unmet system spinning reserve costs: $m,0.0
AFG,NEPS_UZB,Costs,2029.0,VRE curtailment: $m,0.0
AFG,NEPS_UZB,Costs,2029.0,Variable O&M: $m,16.964260990537927
AFG,NEPS_UZB,Costs,2030.0,Carbon costs: $m,0.0
AFG,NEPS_UZB,Costs,2030.0,Excess generation: $m,0.0
AFG,NEPS_UZB,Costs,2030.0,Export revenues with external zones: $m,0.0
AFG,NEPS_UZB,Costs,2030.0,Export revenues with internal zones: $m,-205.49233343516755
AFG,NEPS_UZB,Costs,2030.0,Fixed O&M: $m,14.99554825299346
AFG,NEPS_UZB,Costs,2030.0,Fuel costs: $m,130.86614009086847
AFG,NEPS_UZB,Costs,2030.0,Generation costs: $m,0.0
AFG,NEPS_UZB,Costs,2030.0,Import costs with external zones: $m,0.0
AFG,NEPS_UZB,Costs,2030.0,Import costs with internal zones: $m,104.10237835786316
AFG,NEPS_UZB,Costs,2030.0,NPV of system cost: $m,0.0
AFG,NEPS_UZB,Costs,2030.0,Spinning reserve costs: $m,0.0
AFG,NEPS_UZB,Costs,2030.0,Startup costs: $m,0.0
AFG,NEPS_UZB,Costs,2030.0,Trade shared benefits: $m,-15.129937644018652
AFG,NEPS_UZB,Costs,2030.0,Transmission costs: $m,0.0
AFG,NEPS_UZB,Costs,2030.0,Unmet country CO2 backstop cost: $m,0.0
AFG,NEPS_UZB,Costs,2030.0,Unmet country planning reserve costs: $m,0.0
AFG,NEPS_UZB,Costs,2030.0,Unmet country spinning reserve costs: $m,0.0
AFG,NEPS_UZB,Costs,2030.0,Unmet demand costs: $m,0.0
AFG,NEPS_UZB,Costs,2030.0,Unmet system CO2 backstop cost: $m,0.0
AFG,NEPS_UZB,Costs,2030.0,Unmet system planning reserve costs: $m,0.0
AFG,NEPS_UZB,Costs,2030.0,Unmet system spinning reserve costs: $m,0.0
AFG,NEPS_UZB,Costs,2030.0,VRE curtailment: $m,0.0
AFG,NEPS_UZB,Costs,2030.0,Variable O&M: $m,21.978088653454563
AFG,NEPS_UZB,Costs,2031.0,Carbon costs: $m,0.0
AFG,NEPS_UZB,Costs,2031.0,Excess generation: $m,0.0
AFG,NEPS_UZB,Costs,2031.0,Export revenues with external zones: $m,0.0
AFG,NEPS_UZB,Costs,2031.0,Export revenues with internal zones: $m,-224.57619588640185
AFG,NEPS_UZB,Costs,2031.0,Fixed O&M: $m,15.96008447817784
AFG,NEPS_UZB,Costs,2031.0,Fuel costs: $m,101.37457565596829
AFG,NEPS_UZB,Costs,2031.0,Generation costs: $m,0.0
AFG,NEPS_UZB,Costs,2031.0,Import costs with external zones: $m,0.0
AFG,NEPS_UZB,Costs,2031.0,Import costs with internal zones: $m,155.48820493328463
AFG,NEPS_UZB,Costs,2031.0,NPV of system cost: $m,0.0
AFG,NEPS_UZB,Costs,2031.0,Spinning reserve costs: $m,0.0
AFG,NEPS_UZB,Costs,2031.0,Startup costs: $m,0.0
AFG,NEPS_UZB,Costs,2031.0,Trade shared benefits: $m,-8.049697008231993
AFG,NEPS_UZB,Costs,2031.0,Transmission costs: $m,0.0
AFG,NEPS_UZB,Costs,2031.0,Unmet country CO2 backstop cost: $m,0.0
AFG,NEPS_UZB,Costs,2031.0,Unmet country planning reserve costs: $m,0.0
AFG,NEPS_UZB,Costs,2031.0,Unmet country spinning reserve costs: $m,0.0
AFG,NEPS_UZB,Costs,2031.0,Unmet demand costs: $m,0.0
AFG,NEPS_UZB,Costs,2031.0,Unmet system CO2 backstop cost: $m,0.0
AFG,NEPS_UZB,Costs,2031.0,Unmet system planning reserve costs: $m,0.0
AFG,NEPS_UZB,Costs,2031.0,Unmet system spinning reserve costs: $m,0.0
AFG,NEPS_UZB,Costs,2031.0,VRE curtailment: $m,0.0
AFG,NEPS_UZB,Costs,2031.0,Variable O&M: $m,19.48116053378786
AFG,NEPS_UZB,Costs,2032.0,Carbon costs: $m,0.0
AFG,NEPS_UZB,Costs,2032.0,Excess generation: $m,0.0
AFG,NEPS_UZB,Costs,2032.0,Export revenues with external zones: $m,0.0
AFG,NEPS_UZB,Costs,2032.0,Export revenues with internal zones: $m,-230.4333484010154
AFG,NEPS_UZB,Costs,2032.0,Fixed O&M: $m,17.205198909473648
AFG,NEPS_UZB,Costs,2032.0,Fuel costs: $m,101.0894296896015
AFG,NEPS_UZB,Costs,2032.0,Generation costs: $m,0.0
AFG,NEPS_UZB,Costs,2032.0,Import costs with external zones: $m,0.0
AFG,NEPS_UZB,Costs,2032.0,Import costs with internal zones: $m,164.08936556522957
AFG,NEPS_UZB,Costs,2032.0,NPV of system cost: $m,0.0
AFG,NEPS_UZB,Costs,2032.0,Spinning reserve costs: $m,0.0
AFG,NEPS_UZB,Costs,2032.0,Startup costs: $m,0.0
AFG,NEPS_UZB,Costs,2032.0,Trade shared benefits: $m,-12.217989633902564
AFG,NEPS_UZB,Costs,2032.0,Transmission costs: $m,0.0
AFG,NEPS_UZB,Costs,2032.0,Unmet country CO2 backstop cost: $m,0.0
AFG,NEPS_UZB,Costs,2032.0,Unmet country planning reserve costs: $m,0.0
AFG,NEPS_UZB,Costs,2032.0,Unmet country spinning reserve costs: $m,0.0
AFG,NEPS_UZB,Costs,2032.0,Unmet demand costs: $m,0.0
AFG,NEPS_UZB,Costs,2032.0,Unmet system CO2 backstop cost: $m,0.0
AFG,NEPS_UZB,Costs,2032.0,Unmet system planning reserve costs: $m,0.0
AFG,NEPS_UZB,Costs,2032.0,Unmet system spinning reserve costs: $m,0.0
AFG,NEPS_UZB,Costs,2032.0,VRE curtailment: $m,0.0
AFG,NEPS_UZB,Costs,2032.0,Variable O&M: $m,19.457018410598657
AFG,NEPS_UZB,Costs,2033.0,Carbon costs: $m,0.0
AFG,NEPS_UZB,Costs,2033.0,Excess generation: $m,0.0
AFG,NEPS_UZB,Costs,2033.0,Export revenues with external zones: $m,0.0
AFG,NEPS_UZB,Costs,2033.0,Export revenues with internal zones: $m,-234.0096907127883
AFG,NEPS_UZB,Costs,2033.0,Fixed O&M: $m,18.5713603667334
AFG,NEPS_UZB,Costs,2033.0,Fuel costs: $m,102.9061096840832
AFG,NEPS_UZB,Costs,2033.0,Generation costs: $m,0.0
AFG,NEPS_UZB,Costs,2033.0,Import costs with external zones: $m,0.0
AFG,NEPS_UZB,Costs,2033.0,Import costs with internal zones: $m,166.41876470370704
AFG,NEPS_UZB,Costs,2033.0,NPV of system cost: $m,0.0
AFG,NEPS_UZB,Costs,2033.0,Spinning reserve costs: $m,0.0
AFG,NEPS_UZB,Costs,2033.0,Startup costs: $m,0.0
AFG,NEPS_UZB,Costs,2033.0,Trade shared benefits: $m,-12.837042003283972
AFG,NEPS_UZB,Costs,2033.0,Transmission costs: $m,0.0
AFG,NEPS_UZB,Costs,2033.0,Unmet country CO2 backstop cost: $m,0.0
AFG,NEPS_UZB,Costs,2033.0,Unmet country planning reserve costs: $m,0.0
AFG,NEPS_UZB,Costs,2033.0,Unmet country spinning reserve costs: $m,0.0
AFG,NEPS_UZB,Costs,2033.0,Unmet demand costs: $m,0.0
AFG,NEPS_UZB,Costs,2033.0,Unmet system CO2 backstop cost: $m,0.0
AFG,NEPS_UZB,Costs,2033.0,Unmet system planning reserve costs: $m,0.0
AFG,NEPS_UZB,Costs,2033.0,Unmet system spinning reserve costs: $m,0.0
AFG,NEPS_UZB,Costs,2033.0,VRE curtailment: $m,0.0
AFG,NEPS_UZB,Costs,2033.0,Variable O&M: $m,19.911009844662885
AFG,NEPS_UZB,Costs,2034.0,Carbon costs: $m,0.0
AFG,NEPS_UZB,Costs,2034.0,Excess generation: $m,0.0
AFG,NEPS_UZB,Costs,2034.0,Export revenues with external zones: $m,0.0
AFG,NEPS_UZB,Costs,2034.0,Export revenues with internal zones: $m,-232.5003937941413
AFG,NEPS_UZB,Costs,2034.0,Fixed O&M: $m,19.85401666166296
AFG,NEPS_UZB,Costs,2034.0,Fuel costs: $m,105.48269962487886
AFG,NEPS_UZB,Costs,2034.0,Generation costs: $m,0.0
AFG,NEPS_UZB,Costs,2034.0,Import costs with external zones: $m,0.0
AFG,NEPS_UZB,Costs,2034.0,Import costs with internal zones: $m,164.3443603815059
AFG,NEPS_UZB,Costs,2034.0,NPV of system cost: $m,0.0
AFG,NEPS_UZB,Costs,2034.0,Spinning reserve costs: $m,0.0
AFG,NEPS_UZB,Costs,2034.0,Startup costs: $m,0.0
AFG,NEPS_UZB,Costs,2034.0,Trade shared benefits: $m,-10.634533561265837
AFG,NEPS_UZB,Costs,2034.0,Transmission costs: $m,0.0
AFG,NEPS_UZB,Costs,2034.0,Unmet country CO2 backstop cost: $m,0.0
AFG,NEPS_UZB,Costs,2034.0,Unmet country planning reserve costs: $m,0.0
AFG,NEPS_UZB,Costs,2034.0,Unmet country spinning reserve costs: $m,0.0
AFG,NEPS_UZB,Costs,2034.0,Unmet demand costs: $m,0.0
AFG,NEPS_UZB,Costs,2034.0,Unmet system CO2 backstop cost: $m,0.0
AFG,NEPS_UZB,Costs,2034.0,Unmet system planning reserve costs: $m,0.0
AFG,NEPS_UZB,Costs,2034.0,Unmet system spinning reserve costs: $m,0.0
AFG,NEPS_UZB,Costs,2034.0,VRE curtailment: $m,0.0
AFG,NEPS_UZB,Costs,2034.0,Variable O&M: $m,20.12485145577906
AFG,NEPS_UZB,Costs,2035.0,Carbon costs: $m,0.0
AFG,NEPS_UZB,Costs,2035.0,Excess generation: $m,0.0
AFG,NEPS_UZB,Costs,2035.0,Export revenues with external zones: $m,0.0
AFG,NEPS_UZB,Costs,2035.0,Export revenues with internal zones: $m,-233.0653185571261
AFG,NEPS_UZB,Costs,2035.0,Fixed O&M: $m,20.75067134366296
AFG,NEPS_UZB,Costs,2035.0,Fuel costs: $m,111.12031243440217
AFG,NEPS_UZB,Costs,2035.0,Generation costs: $m,0.0
AFG,NEPS_UZB,Costs,2035.0,Import costs with external zones: $m,0.0
AFG,NEPS_UZB,Costs,2035.0,Import costs with internal zones: $m,162.7542967266916
AFG,NEPS_UZB,Costs,2035.0,NPV of system cost: $m,0.0
AFG,NEPS_UZB,Costs,2035.0,Spinning reserve costs: $m,0.0
AFG,NEPS_UZB,Costs,2035.0,Startup costs: $m,0.0
AFG,NEPS_UZB,Costs,2035.0,Trade shared benefits: $m,-13.916209871656182
AFG,NEPS_UZB,Costs,2035.0,Transmission costs: $m,0.0
AFG,NEPS_UZB,Costs,2035.0,Unmet country CO2 backstop cost: $m,0.0
AFG,NEPS_UZB,Costs,2035.0,Unmet country planning reserve costs: $m,0.0
AFG,NEPS_UZB,Costs,2035.0,Unmet country spinning reserve costs: $m,0.0
AFG,NEPS_UZB,Costs,2035.0,Unmet demand costs: $m,0.0
AFG,NEPS_UZB,Costs,2035.0,Unmet system CO2 backstop cost: $m,0.0
AFG,NEPS_UZB,Costs,2035.0,Unmet system planning reserve costs: $m,0.0
AFG,NEPS_UZB,Costs,2035.0,Unmet system spinning reserve costs: $m,0.0
AFG,NEPS_UZB,Costs,2035.0,VRE curtailment: $m,0.0
AFG,NEPS_UZB,Costs,2035.0,Variable O&M: $m,20.94312465675305
AFG,NEPS_UZB,Costs,2040.0,Carbon costs: $m,0.0
AFG,NEPS_UZB,Costs,2040.0,Excess generation: $m,0.0
AFG,NEPS_UZB,Costs,2040.0,Export revenues with external zones: $m,0.0
AFG,NEPS_UZB,Costs,2040.0,Export revenues with internal zones: $m,-219.7910205450944
AFG,NEPS_UZB,Costs,2040.0,Fixed O&M: $m,27.2182803939063
AFG,NEPS_UZB,Costs,2040.0,Fuel costs: $m,132.95417759471576
AFG,NEPS_UZB,Costs,2040.0,Generation costs: $m,0.0
AFG,NEPS_UZB,Costs,2040.0,Import costs with external zones: $m,0.0
AFG,NEPS_UZB,Costs,2040.0,Import costs with internal zones: $m,149.22301264973103
AFG,NEPS_UZB,Costs,2040.0,NPV of system cost: $m,0.0
AFG,NEPS_UZB,Costs,2040.0,Spinning reserve costs: $m,0.0
AFG,NEPS_UZB,Costs,2040.0,Startup costs: $m,0.0
AFG,NEPS_UZB,Costs,2040.0,Trade shared benefits: $m,-16.29736973540462
AFG,NEPS_UZB,Costs,2040.0,Transmission costs: $m,0.0
AFG,NEPS_UZB,Costs,2040.0,Unmet country CO2 backstop cost: $m,0.0
AFG,NEPS_UZB,Costs,2040.0,Unmet country planning reserve costs: $m,0.0
AFG,NEPS_UZB,Costs,2040.0,Unmet country spinning reserve costs: $m,0.0
AFG,NEPS_UZB,Costs,2040.0,Unmet demand costs: $m,0.0
AFG,NEPS_UZB,Costs,2040.0,Unmet system CO2 backstop cost: $m,0.0
AFG,NEPS_UZB,Costs,2040.0,Unmet system planning reserve costs: $m,0.0
AFG,NEPS_UZB,Costs,2040.0,Unmet system spinning reserve costs: $m,0.0
AFG,NEPS_UZB,Costs,2040.0,VRE curtailment: $m,0.0
AFG,NEPS_UZB,Costs,2040.0,Variable O&M: $m,22.22285643398099
AFG,NEPS_UZB,Costs,2045.0,Carbon costs: $m,0.0
AFG,NEPS_UZB,Costs,2045.0,Excess generation: $m,0.0
AFG,NEPS_UZB,Costs,2045.0,Export revenues with external zones: $m,0.0
AFG,NEPS_UZB,Costs,2045.0,Export revenues with internal zones: $m,-216.17017638277068
AFG,NEPS_UZB,Costs,2045.0,Fixed O&M: $m,32.52937412039513
AFG,NEPS_UZB,Costs,2045.0,Fuel costs: $m,153.70139687930438
AFG,NEPS_UZB,Costs,2045.0,Generation costs: $m,0.0
AFG,NEPS_UZB,Costs,2045.0,Import costs with external zones: $m,0.0
AFG,NEPS_UZB,Costs,2045.0,Import costs with internal zones: $m,166.3822665132687
AFG,NEPS_UZB,Costs,2045.0,NPV of system cost: $m,0.0
AFG,NEPS_UZB,Costs,2045.0,Spinning reserve costs: $m,0.0
AFG,NEPS_UZB,Costs,2045.0,Startup costs: $m,0.0
AFG,NEPS_UZB,Costs,2045.0,Trade shared benefits: $m,-20.85207195603532
AFG,NEPS_UZB,Costs,2045.0,Transmission costs: $m,0.0
AFG,NEPS_UZB,Costs,2045.0,Unmet country CO2 backstop cost: $m,0.0
AFG,NEPS_UZB,Costs,2045.0,Unmet country planning reserve costs: $m,0.0
AFG,NEPS_UZB,Costs,2045.0,Unmet country spinning reserve costs: $m,0.0
AFG,NEPS_UZB,Costs,2045.0,Unmet demand costs: $m,0.0
AFG,NEPS_UZB,Costs,2045.0,Unmet system CO2 backstop cost: $m,0.0
AFG,NEPS_UZB,Costs,2045.0,Unmet system planning reserve costs: $m,0.0
AFG,NEPS_UZB,Costs,2045.0,Unmet system spinning reserve costs: $m,0.0
AFG,NEPS_UZB,Costs,2045.0,VRE curtailment: $m,0.0
AFG,NEPS_UZB,Costs,2045.0,Variable O&M: $m,23.979437213238423
AFG,NEPS_UZB,Costs,2050.0,Carbon costs: $m,0.0
AFG,NEPS_UZB,Costs,2050.0,Excess generation: $m,0.0
AFG,NEPS_UZB,Costs,2050.0,Export revenues with external zones: $m,0.0
AFG,NEPS_UZB,Costs,2050.0,Export revenues with internal zones: $m,-203.1678151310359
AFG,NEPS_UZB,Costs,2050.0,Fixed O&M: $m,39.77941633434551
AFG,NEPS_UZB,Costs,2050.0,Fuel costs: $m,179.2335297614915
AFG,NEPS_UZB,Costs,2050.0,Generation costs: $m,0.0
AFG,NEPS_UZB,Costs,2050.0,Import costs with external zones: $m,0.0
AFG,NEPS_UZB,Costs,2050.0,Import costs with internal zones: $m,183.59956937101887
AFG,NEPS_UZB,Costs,2050.0,NPV of system cost: $m,0.0
AFG,NEPS_UZB,Costs,2050.0,Spinning reserve costs: $m,0.0
AFG,NEPS_UZB,Costs,2050.0,Startup costs: $m,0.0
AFG,NEPS_UZB,Costs,2050.0,Trade shared benefits: $m,-29.39786755948987
AFG,NEPS_UZB,Costs,2050.0,Transmission costs: $m,0.0
AFG,NEPS_UZB,Costs,2050.0,Unmet country CO2 backstop cost: $m,0.0
AFG,NEPS_UZB,Costs,2050.0,Unmet country planning reserve costs: $m,0.0
AFG,NEPS_UZB,Costs,2050.0,Unmet country spinning reserve costs: $m,0.0
AFG,NEPS_UZB,Costs,2050.0,Unmet demand costs: $m,0.0
AFG,NEPS_UZB,Costs,2050.0,Unmet system CO2 backstop cost: $m,0.0
AFG,NEPS_UZB,Costs,2050.0,Unmet system planning reserve costs: $m,0.0
AFG,NEPS_UZB,Costs,2050.0,Unmet system spinning reserve costs: $m,0.0
AFG,NEPS_UZB,Costs,2050.0,VRE curtailment: $m,0.0
AFG,NEPS_UZB,Costs,2050.0,Variable O&M: $m,25.91898748245699
AFG,NEPS_UZB,DiscountedWeightedCostsCumulated,2026.0,Carbon costs: $m,0.0
AFG,NEPS_UZB,DiscountedWeightedCostsCumulated,2026.0,Excess generation: $m,0.0
AFG,NEPS_UZB,DiscountedWeightedCostsCumulated,2026.0,Export revenues with external zones: $m,0.0
AFG,NEPS_UZB,DiscountedWeightedCostsCumulated,2026.0,Export revenues with internal zones: $m,-182.2086116857872
AFG,NEPS_UZB,DiscountedWeightedCostsCumulated,2026.0,Fixed O&M: $m,6.9441335090327225
AFG,NEPS_UZB,DiscountedWeightedCostsCumulated,2026.0,Fuel costs: $m,38.13279266687513
AFG,NEPS_UZB,DiscountedWeightedCostsCumulated,2026.0,Generation costs: $m,0.0
AFG,NEPS_UZB,DiscountedWeightedCostsCumulated,2026.0,Import costs with external zones: $m,0.0
AFG,NEPS_UZB,DiscountedWeightedCostsCumulated,2026.0,Import costs with internal zones: $m,192.1290889550127
AFG,NEPS_UZB,DiscountedWeightedCostsCumulated,2026.0,NPV of system cost: $m,0.0
AFG,NEPS_UZB,DiscountedWeightedCostsCumulated,2026.0,Spinning reserve costs: $m,0.0
AFG,NEPS_UZB,DiscountedWeightedCostsCumulated,2026.0,Startup costs: $m,0.0
AFG,NEPS_UZB,DiscountedWeightedCostsCumulated,2026.0,Trade shared benefits: $m,-30.15838843181905
AFG,NEPS_UZB,DiscountedWeightedCostsCumulated,2026.0,Transmission costs: $m,0.0
AFG,NEPS_UZB,DiscountedWeightedCostsCumulated,2026.0,Unmet country CO2 backstop cost: $m,0.0
AFG,NEPS_UZB,DiscountedWeightedCostsCumulated,2026.0,Unmet country planning reserve costs: $m,0.0
AFG,NEPS_UZB,DiscountedWeightedCostsCumulated,2026.0,Unmet country spinning reserve costs: $m,0.0
AFG,NEPS_UZB,DiscountedWeightedCostsCumulated,2026.0,Unmet demand costs: $m,0.0
AFG,NEPS_UZB,DiscountedWeightedCostsCumulated,2026.0,Unmet system CO2 backstop cost: $m,0.0
AFG,NEPS_UZB,DiscountedWeightedCostsCumulated,2026.0,Unmet system planning reserve costs: $m,0.0
AFG,NEPS_UZB,DiscountedWeightedCostsCumulated,2026.0,Unmet system spinning reserve costs: $m,0.0
AFG,NEPS_UZB,DiscountedWeightedCostsCumulated,2026.0,VRE curtailment: $m,0.0
AFG,NEPS_UZB,DiscountedWeightedCostsCumulated,2026.0,Variable O&M: $m,14.03758671174426
AFG,NEPS_UZB,DiscountedWeightedCostsCumulated,2027.0,Carbon costs: $m,0.0
AFG,NEPS_UZB,DiscountedWeightedCostsCumulated,2027.0,Excess generation: $m,0.0
AFG,NEPS_UZB,DiscountedWeightedCostsCumulated,2027.0,Export revenues with external zones: $m,0.0
AFG,NEPS_UZB,DiscountedWeightedCostsCumulated,2027.0,Export revenues with internal zones: $m,-332.81873578542985
AFG,NEPS_UZB,DiscountedWeightedCostsCumulated,2027.0,Fixed O&M: $m,13.565105024622142
AFG,NEPS_UZB,DiscountedWeightedCostsCumulated,2027.0,Fuel costs: $m,103.45520468240176
AFG,NEPS_UZB,DiscountedWeightedCostsCumulated,2027.0,Generation costs: $m,0.0
AFG,NEPS_UZB,DiscountedWeightedCostsCumulated,2027.0,Import costs with external zones: $m,0.0
AFG,NEPS_UZB,DiscountedWeightedCostsCumulated,2027.0,Import costs with internal zones: $m,327.7528029476408
AFG,NEPS_UZB,DiscountedWeightedCostsCumulated,2027.0,NPV of system cost: $m,0.0
AFG,NEPS_UZB,DiscountedWeightedCostsCumulated,2027.0,Spinning reserve costs: $m,0.0
AFG,NEPS_UZB,DiscountedWeightedCostsCumulated,2027.0,Startup costs: $m,0.0
AFG,NEPS_UZB,DiscountedWeightedCostsCumulated,2027.0,Trade shared benefits: $m,-37.21088220029837
AFG,NEPS_UZB,DiscountedWeightedCostsCumulated,2027.0,Transmission costs: $m,0.0
AFG,NEPS_UZB,DiscountedWeightedCostsCumulated,2027.0,Unmet country CO2 backstop cost: $m,0.0
AFG,NEPS_UZB,DiscountedWeightedCostsCumulated,2027.0,Unmet country planning reserve costs: $m,0.0
AFG,NEPS_UZB,DiscountedWeightedCostsCumulated,2027.0,Unmet country spinning reserve costs: $m,0.0
AFG,NEPS_UZB,DiscountedWeightedCostsCumulated,2027.0,Unmet demand costs: $m,0.0
AFG,NEPS_UZB,DiscountedWeightedCostsCumulated,2027.0,Unmet system CO2 backstop cost: $m,0.0
AFG,NEPS_UZB,DiscountedWeightedCostsCumulated,2027.0,Unmet system planning reserve costs: $m,0.0
AFG,NEPS_UZB,DiscountedWeightedCostsCumulated,2027.0,Unmet system spinning reserve costs: $m,0.0
AFG,NEPS_UZB,DiscountedWeightedCostsCumulated,2027.0,VRE curtailment: $m,0.0
AFG,NEPS_UZB,DiscountedWeightedCostsCumulated,2027.0,Variable O&M: $m,29.84208326829668
AFG,NEPS_UZB,DiscountedWeightedCostsCumulated,2028.0,Carbon costs: $m,0.0
AFG,NEPS_UZB,DiscountedWeightedCostsCumulated,2028.0,Excess generation: $m,0.0
AFG,NEPS_UZB,DiscountedWeightedCostsCumulated,2028.0,Export revenues with external zones: $m,0.0
AFG,NEPS_UZB,DiscountedWeightedCostsCumulated,2028.0,Export revenues with internal zones: $m,-495.6323565201186
AFG,NEPS_UZB,DiscountedWeightedCostsCumulated,2028.0,Fixed O&M: $m,20.54639181144237
AFG,NEPS_UZB,DiscountedWeightedCostsCumulated,2028.0,Fuel costs: $m,185.30344546119773
AFG,NEPS_UZB,DiscountedWeightedCostsCumulated,2028.0,Generation costs: $m,0.0
AFG,NEPS_UZB,DiscountedWeightedCostsCumulated,2028.0,Import costs with external zones: $m,0.0
AFG,NEPS_UZB,DiscountedWeightedCostsCumulated,2028.0,Import costs with internal zones: $m,454.9037950911176
AFG,NEPS_UZB,DiscountedWeightedCostsCumulated,2028.0,NPV of system cost: $m,0.0
AFG,NEPS_UZB,DiscountedWeightedCostsCumulated,2028.0,Spinning reserve costs: $m,0.0
AFG,NEPS_UZB,DiscountedWeightedCostsCumulated,2028.0,Startup costs: $m,0.0
AFG,NEPS_UZB,DiscountedWeightedCostsCumulated,2028.0,Trade shared benefits: $m,-42.72347298872816
AFG,NEPS_UZB,DiscountedWeightedCostsCumulated,2028.0,Transmission costs: $m,0.0
AFG,NEPS_UZB,DiscountedWeightedCostsCumulated,2028.0,Unmet country CO2 backstop cost: $m,0.0
AFG,NEPS_UZB,DiscountedWeightedCostsCumulated,2028.0,Unmet country planning reserve costs: $m,0.0
AFG,NEPS_UZB,DiscountedWeightedCostsCumulated,2028.0,Unmet country spinning reserve costs: $m,0.0
AFG,NEPS_UZB,DiscountedWeightedCostsCumulated,2028.0,Unmet demand costs: $m,0.0
AFG,NEPS_UZB,DiscountedWeightedCostsCumulated,2028.0,Unmet system CO2 backstop cost: $m,0.0
AFG,NEPS_UZB,DiscountedWeightedCostsCumulated,2028.0,Unmet system planning reserve costs: $m,0.0
AFG,NEPS_UZB,DiscountedWeightedCostsCumulated,2028.0,Unmet system spinning reserve costs: $m,0.0
AFG,NEPS_UZB,DiscountedWeightedCostsCumulated,2028.0,VRE curtailment: $m,0.0
AFG,NEPS_UZB,DiscountedWeightedCostsCumulated,2028.0,Variable O&M: $m,46.08686610136155
AFG,NEPS_UZB,DiscountedWeightedCostsCumulated,2029.0,Carbon costs: $m,0.0
AFG,NEPS_UZB,DiscountedWeightedCostsCumulated,2029.0,Excess generation: $m,0.0
AFG,NEPS_UZB,DiscountedWeightedCostsCumulated,2029.0,Export revenues with external zones: $m,0.0
AFG,NEPS_UZB,DiscountedWeightedCostsCumulated,2029.0,Export revenues with internal zones: $m,-547.4664522108632
AFG,NEPS_UZB,DiscountedWeightedCostsCumulated,2029.0,Fixed O&M: $m,27.59956715050117
AFG,NEPS_UZB,DiscountedWeightedCostsCumulated,2029.0,Fuel costs: $m,242.9513643963384
AFG,NEPS_UZB,DiscountedWeightedCostsCumulated,2029.0,Generation costs: $m,0.0
AFG,NEPS_UZB,DiscountedWeightedCostsCumulated,2029.0,Import costs with external zones: $m,0.0
AFG,NEPS_UZB,DiscountedWeightedCostsCumulated,2029.0,Import costs with internal zones: $m,492.7491445412047
AFG,NEPS_UZB,DiscountedWeightedCostsCumulated,2029.0,NPV of system cost: $m,0.0
AFG,NEPS_UZB,DiscountedWeightedCostsCumulated,2029.0,Spinning reserve costs: $m,0.0
AFG,NEPS_UZB,DiscountedWeightedCostsCumulated,2029.0,Startup costs: $m,0.0
AFG,NEPS_UZB,DiscountedWeightedCostsCumulated,2029.0,Trade shared benefits: $m,-43.66761685188667
AFG,NEPS_UZB,DiscountedWeightedCostsCumulated,2029.0,Transmission costs: $m,0.0
AFG,NEPS_UZB,DiscountedWeightedCostsCumulated,2029.0,Unmet country CO2 backstop cost: $m,0.0
AFG,NEPS_UZB,DiscountedWeightedCostsCumulated,2029.0,Unmet country planning reserve costs: $m,0.0
AFG,NEPS_UZB,DiscountedWeightedCostsCumulated,2029.0,Unmet country spinning reserve costs: $m,0.0
AFG,NEPS_UZB,DiscountedWeightedCostsCumulated,2029.0,Unmet demand costs: $m,0.0
AFG,NEPS_UZB,DiscountedWeightedCostsCumulated,2029.0,Unmet system CO2 backstop cost: $m,0.0
AFG,NEPS_UZB,DiscountedWeightedCostsCumulated,2029.0,Unmet system planning reserve costs: $m,0.0
AFG,NEPS_UZB,DiscountedWeightedCostsCumulated,2029.0,Unmet system spinning reserve costs: $m,0.0
AFG,NEPS_UZB,DiscountedWeightedCostsCumulated,2029.0,VRE curtailment: $m,0.0
AFG,NEPS_UZB,DiscountedWeightedCostsCumulated,2029.0,Variable O&M: $m,59.45445966225104
AFG,NEPS_UZB,DiscountedWeightedCostsCumulated,2030.0,Carbon costs: $m,0.0
AFG,NEPS_UZB,DiscountedWeightedCostsCumulated,2030.0,Excess generation: $m,0.0
AFG,NEPS_UZB,DiscountedWeightedCostsCumulated,2030.0,Export revenues with external zones: $m,0.0
AFG,NEPS_UZB,DiscountedWeightedCostsCumulated,2030.0,Export revenues with internal zones: $m,-694.6709993988522
AFG,NEPS_UZB,DiscountedWeightedCostsCumulated,2030.0,Fixed O&M: $m,38.34163647015284
AFG,NEPS_UZB,DiscountedWeightedCostsCumulated,2030.0,Fuel costs: $m,336.69739653429167
AFG,NEPS_UZB,DiscountedWeightedCostsCumulated,2030.0,Generation costs: $m,0.0
AFG,NEPS_UZB,DiscountedWeightedCostsCumulated,2030.0,Import costs with external zones: $m,0.0
AFG,NEPS_UZB,DiscountedWeightedCostsCumulated,2030.0,Import costs with internal zones: $m,567.3229410969616
AFG,NEPS_UZB,DiscountedWeightedCostsCumulated,2030.0,NPV of system cost: $m,0.0
AFG,NEPS_UZB,DiscountedWeightedCostsCumulated,2030.0,Spinning reserve costs: $m,0.0
AFG,NEPS_UZB,DiscountedWeightedCostsCumulated,2030.0,Startup costs: $m,0.0
AFG,NEPS_UZB,DiscountedWeightedCostsCumulated,2030.0,Trade shared benefits: $m,-54.50595608643992
AFG,NEPS_UZB,DiscountedWeightedCostsCumulated,2030.0,Transmission costs: $m,0.0
AFG,NEPS_UZB,DiscountedWeightedCostsCumulated,2030.0,Unmet country CO2 backstop cost: $m,0.0
AFG,NEPS_UZB,DiscountedWeightedCostsCumulated,2030.0,Unmet country planning reserve costs: $m,0.0
AFG,NEPS_UZB,DiscountedWeightedCostsCumulated,2030.0,Unmet country spinning reserve costs: $m,0.0
AFG,NEPS_UZB,DiscountedWeightedCostsCumulated,2030.0,Unmet demand costs: $m,0.0
AFG,NEPS_UZB,DiscountedWeightedCostsCumulated,2030.0,Unmet system CO2 backstop cost: $m,0.0
AFG,NEPS_UZB,DiscountedWeightedCostsCumulated,2030.0,Unmet system planning reserve costs: $m,0.0
AFG,NEPS_UZB,DiscountedWeightedCostsCumulated,2030.0,Unmet system spinning reserve costs: $m,0.0
AFG,NEPS_UZB,DiscountedWeightedCostsCumulated,2030.0,VRE curtailment: $m,0.0
AFG,NEPS_UZB,DiscountedWeightedCostsCumulated,2030.0,Variable O&M: $m,75.19847567591893
AFG,NEPS_UZB,DiscountedWeightedCostsCumulated,2031.0,Carbon costs: $m,0.0
AFG,NEPS_UZB,DiscountedWeightedCostsCumulated,2031.0,Excess generation: $m,0.0
AFG,NEPS_UZB,DiscountedWeightedCostsCumulated,2031.0,Export revenues with external zones: $m,0.0
AFG,NEPS_UZB,DiscountedWeightedCostsCumulated,2031.0,Export revenues with internal zones: $m,-840.9212563572389
AFG,NEPS_UZB,DiscountedWeightedCostsCumulated,2031.0,Fixed O&M: $m,48.73528681585451
AFG,NEPS_UZB,DiscountedWeightedCostsCumulated,2031.0,Fuel costs: $m,402.71533614812455
AFG,NEPS_UZB,DiscountedWeightedCostsCumulated,2031.0,Generation costs: $m,0.0
AFG,NEPS_UZB,DiscountedWeightedCostsCumulated,2031.0,Import costs with external zones: $m,0.0
AFG,NEPS_UZB,DiscountedWeightedCostsCumulated,2031.0,Import costs with internal zones: $m,668.581179245202
AFG,NEPS_UZB,DiscountedWeightedCostsCumulated,2031.0,NPV of system cost: $m,0.0
AFG,NEPS_UZB,DiscountedWeightedCostsCumulated,2031.0,Spinning reserve costs: $m,0.0
AFG,NEPS_UZB,DiscountedWeightedCostsCumulated,2031.0,Startup costs: $m,0.0
AFG,NEPS_UZB,DiscountedWeightedCostsCumulated,2031.0,Trade shared benefits: $m,-59.74814237980197
AFG,NEPS_UZB,DiscountedWeightedCostsCumulated,2031.0,Transmission costs: $m,0.0
AFG,NEPS_UZB,DiscountedWeightedCostsCumulated,2031.0,Unmet country CO2 backstop cost: $m,0.0
AFG,NEPS_UZB,DiscountedWeightedCostsCumulated,2031.0,Unmet country planning reserve costs: $m,0.0
AFG,NEPS_UZB,DiscountedWeightedCostsCumulated,2031.0,Unmet country spinning reserve costs: $m,0.0
AFG,NEPS_UZB,DiscountedWeightedCostsCumulated,2031.0,Unmet demand costs: $m,0.0
AFG,NEPS_UZB,DiscountedWeightedCostsCumulated,2031.0,Unmet system CO2 backstop cost: $m,0.0
AFG,NEPS_UZB,DiscountedWeightedCostsCumulated,2031.0,Unmet system planning reserve costs: $m,0.0
AFG,NEPS_UZB,DiscountedWeightedCostsCumulated,2031.0,Unmet system spinning reserve costs: $m,0.0
AFG,NEPS_UZB,DiscountedWeightedCostsCumulated,2031.0,VRE curtailment: $m,0.0
AFG,NEPS_UZB,DiscountedWeightedCostsCumulated,2031.0,Variable O&M: $m,87.88514855622384
AFG,NEPS_UZB,DiscountedWeightedCostsCumulated,2032.0,Carbon costs: $m,0.0
AFG,NEPS_UZB,DiscountedWeightedCostsCumulated,2032.0,Excess generation: $m,0.0
AFG,NEPS_UZB,DiscountedWeightedCostsCumulated,2032.0,Export revenues with external zones: $m,0.0
AFG,NEPS_UZB,DiscountedWeightedCostsCumulated,2032.0,Export revenues with internal zones: $m,-977.3436176061376
AFG,NEPS_UZB,DiscountedWeightedCostsCumulated,2032.0,Fixed O&M: $m,58.92119904285849
AFG,NEPS_UZB,DiscountedWeightedCostsCumulated,2032.0,Fuel costs: $m,462.56283127526297
AFG,NEPS_UZB,DiscountedWeightedCostsCumulated,2032.0,Generation costs: $m,0.0
AFG,NEPS_UZB,DiscountedWeightedCostsCumulated,2032.0,Import costs with external zones: $m,0.0
AFG,NEPS_UZB,DiscountedWeightedCostsCumulated,2032.0,Import costs with internal zones: $m,765.7262273104051
AFG,NEPS_UZB,DiscountedWeightedCostsCumulated,2032.0,NPV of system cost: $m,0.0
AFG,NEPS_UZB,DiscountedWeightedCostsCumulated,2032.0,Spinning reserve costs: $m,0.0
AFG,NEPS_UZB,DiscountedWeightedCostsCumulated,2032.0,Startup costs: $m,0.0
AFG,NEPS_UZB,DiscountedWeightedCostsCumulated,2032.0,Trade shared benefits: $m,-66.98150077665548
AFG,NEPS_UZB,DiscountedWeightedCostsCumulated,2032.0,Transmission costs: $m,0.0
AFG,NEPS_UZB,DiscountedWeightedCostsCumulated,2032.0,Unmet country CO2 backstop cost: $m,0.0
AFG,NEPS_UZB,DiscountedWeightedCostsCumulated,2032.0,Unmet country planning reserve costs: $m,0.0
AFG,NEPS_UZB,DiscountedWeightedCostsCumulated,2032.0,Unmet country spinning reserve costs: $m,0.0
AFG,NEPS_UZB,DiscountedWeightedCostsCumulated,2032.0,Unmet demand costs: $m,0.0
AFG,NEPS_UZB,DiscountedWeightedCostsCumulated,2032.0,Unmet system CO2 backstop cost: $m,0.0
AFG,NEPS_UZB,DiscountedWeightedCostsCumulated,2032.0,Unmet system planning reserve costs: $m,0.0
AFG,NEPS_UZB,DiscountedWeightedCostsCumulated,2032.0,Unmet system spinning reserve costs: $m,0.0
AFG,NEPS_UZB,DiscountedWeightedCostsCumulated,2032.0,VRE curtailment: $m,0.0
AFG,NEPS_UZB,DiscountedWeightedCostsCumulated,2032.0,Variable O&M: $m,99.4041947917446
AFG,NEPS_UZB,DiscountedWeightedCostsCumulated,2033.0,Carbon costs: $m,0.0
AFG,NEPS_UZB,DiscountedWeightedCostsCumulated,2033.0,Excess generation: $m,0.0
AFG,NEPS_UZB,DiscountedWeightedCostsCumulated,2033.0,Export revenues with external zones: $m,0.0
AFG,NEPS_UZB,DiscountedWeightedCostsCumulated,2033.0,Export revenues with internal zones: $m,-1103.2887505231386
AFG,NEPS_UZB,DiscountedWeightedCostsCumulated,2033.0,Fixed O&M: $m,68.91639386882191
AFG,NEPS_UZB,DiscountedWeightedCostsCumulated,2033.0,Fuel costs: $m,517.9473908747217
AFG,NEPS_UZB,DiscountedWeightedCostsCumulated,2033.0,Generation costs: $m,0.0
AFG,NEPS_UZB,DiscountedWeightedCostsCumulated,2033.0,Import costs with external zones: $m,0.0
AFG,NEPS_UZB,DiscountedWeightedCostsCumulated,2033.0,Import costs with internal zones: $m,855.2936011086821
AFG,NEPS_UZB,DiscountedWeightedCostsCumulated,2033.0,NPV of system cost: $m,0.0
AFG,NEPS_UZB,DiscountedWeightedCostsCumulated,2033.0,Spinning reserve costs: $m,0.0
AFG,NEPS_UZB,DiscountedWeightedCostsCumulated,2033.0,Startup costs: $m,0.0
AFG,NEPS_UZB,DiscountedWeightedCostsCumulated,2033.0,Trade shared benefits: $m,-73.89045807855226
AFG,NEPS_UZB,DiscountedWeightedCostsCumulated,2033.0,Transmission costs: $m,0.0
AFG,NEPS_UZB,DiscountedWeightedCostsCumulated,2033.0,Unmet country CO2 backstop cost: $m,0.0
AFG,NEPS_UZB,DiscountedWeightedCostsCumulated,2033.0,Unmet country planning reserve costs: $m,0.0
AFG,NEPS_UZB,DiscountedWeightedCostsCumulated,2033.0,Unmet country spinning reserve costs: $m,0.0
AFG,NEPS_UZB,DiscountedWeightedCostsCumulated,2033.0,Unmet demand costs: $m,0.0
AFG,NEPS_UZB,DiscountedWeightedCostsCumulated,2033.0,Unmet system CO2 backstop cost: $m,0.0
AFG,NEPS_UZB,DiscountedWeightedCostsCumulated,2033.0,Unmet system planning reserve costs: $m,0.0
AFG,NEPS_UZB,DiscountedWeightedCostsCumulated,2033.0,Unmet system spinning reserve costs: $m,0.0
AFG,NEPS_UZB,DiscountedWeightedCostsCumulated,2033.0,VRE curtailment: $m,0.0
AFG,NEPS_UZB,DiscountedWeightedCostsCumulated,2033.0,Variable O&M: $m,110.12039536343632
AFG,NEPS_UZB,DiscountedWeightedCostsCumulated,2034.0,Carbon costs: $m,0.0
AFG,NEPS_UZB,DiscountedWeightedCostsCumulated,2034.0,Excess generation: $m,0.0
AFG,NEPS_UZB,DiscountedWeightedCostsCumulated,2034.0,Export revenues with external zones: $m,0.0
AFG,NEPS_UZB,DiscountedWeightedCostsCumulated,2034.0,Export revenues with internal zones: $m,-1217.0458615309817
AFG,NEPS_UZB,DiscountedWeightedCostsCumulated,2034.0,Fixed O&M: $m,78.63050893106173
AFG,NEPS_UZB,DiscountedWeightedCostsCumulated,2034.0,Fuel costs: $m,569.5576568825235
AFG,NEPS_UZB,DiscountedWeightedCostsCumulated,2034.0,Generation costs: $m,0.0
AFG,NEPS_UZB,DiscountedWeightedCostsCumulated,2034.0,Import costs with external zones: $m,0.0
AFG,NEPS_UZB,DiscountedWeightedCostsCumulated,2034.0,Import costs with internal zones: $m,935.7035279150213
AFG,NEPS_UZB,DiscountedWeightedCostsCumulated,2034.0,NPV of system cost: $m,0.0
AFG,NEPS_UZB,DiscountedWeightedCostsCumulated,2034.0,Spinning reserve costs: $m,0.0
AFG,NEPS_UZB,DiscountedWeightedCostsCumulated,2034.0,Startup costs: $m,0.0
AFG,NEPS_UZB,DiscountedWeightedCostsCumulated,2034.0,Trade shared benefits: $m,-79.09369148002632
AFG,NEPS_UZB,DiscountedWeightedCostsCumulated,2034.0,Transmission costs: $m,0.0
AFG,NEPS_UZB,DiscountedWeightedCostsCumulated,2034.0,Unmet country CO2 backstop cost: $m,0.0
AFG,NEPS_UZB,DiscountedWeightedCostsCumulated,2034.0,Unmet country planning reserve costs: $m,0.0
AFG,NEPS_UZB,DiscountedWeightedCostsCumulated,2034.0,Unmet country spinning reserve costs: $m,0.0
AFG,NEPS_UZB,DiscountedWeightedCostsCumulated,2034.0,Unmet demand costs: $m,0.0
AFG,NEPS_UZB,DiscountedWeightedCostsCumulated,2034.0,Unmet system CO2 backstop cost: $m,0.0
AFG,NEPS_UZB,DiscountedWeightedCostsCumulated,2034.0,Unmet system planning reserve costs: $m,0.0
AFG,NEPS_UZB,DiscountedWeightedCostsCumulated,2034.0,Unmet system spinning reserve costs: $m,0.0
AFG,NEPS_UZB,DiscountedWeightedCostsCumulated,2034.0,VRE curtailment: $m,0.0
AFG,NEPS_UZB,DiscountedWeightedCostsCumulated,2034.0,Variable O&M: $m,119.96702367968088
AFG,NEPS_UZB,DiscountedWeightedCostsCumulated,2035.0,Carbon costs: $m,0.0
AFG,NEPS_UZB,DiscountedWeightedCostsCumulated,2035.0,Excess generation: $m,0.0
AFG,NEPS_UZB,DiscountedWeightedCostsCumulated,2035.0,Export revenues with external zones: $m,0.0
AFG,NEPS_UZB,DiscountedWeightedCostsCumulated,2035.0,Export revenues with internal zones: $m,-1320.7126940215028
AFG,NEPS_UZB,DiscountedWeightedCostsCumulated,2035.0,Fixed O&M: $m,87.86035223665034
AFG,NEPS_UZB,DiscountedWeightedCostsCumulated,2035.0,Fuel costs: $m,618.9836756773707
AFG,NEPS_UZB,DiscountedWeightedCostsCumulated,2035.0,Generation costs: $m,0.0
AFG,NEPS_UZB,DiscountedWeightedCostsCumulated,2035.0,Import costs with external zones: $m,0.0
AFG,NEPS_UZB,DiscountedWeightedCostsCumulated,2035.0,Import costs with internal zones: $m,1008.0962052997648
AFG,NEPS_UZB,DiscountedWeightedCostsCumulated,2035.0,NPV of system cost: $m,0.0
AFG,NEPS_UZB,DiscountedWeightedCostsCumulated,2035.0,Spinning reserve costs: $m,0.0
AFG,NEPS_UZB,DiscountedWeightedCostsCumulated,2035.0,Startup costs: $m,0.0
AFG,NEPS_UZB,DiscountedWeightedCostsCumulated,2035.0,Trade shared benefits: $m,-85.2835845391874
AFG,NEPS_UZB,DiscountedWeightedCostsCumulated,2035.0,Transmission costs: $m,0.0
AFG,NEPS_UZB,DiscountedWeightedCostsCumulated,2035.0,Unmet country CO2 backstop cost: $m,0.0
AFG,NEPS_UZB,DiscountedWeightedCostsCumulated,2035.0,Unmet country planning reserve costs: $m,0.0
AFG,NEPS_UZB,DiscountedWeightedCostsCumulated,2035.0,Unmet country spinning reserve costs: $m,0.0
AFG,NEPS_UZB,DiscountedWeightedCostsCumulated,2035.0,Unmet demand costs: $m,0.0
AFG,NEPS_UZB,DiscountedWeightedCostsCumulated,2035.0,Unmet system CO2 backstop cost: $m,0.0
AFG,NEPS_UZB,DiscountedWeightedCostsCumulated,2035.0,Unmet system planning reserve costs: $m,0.0
AFG,NEPS_UZB,DiscountedWeightedCostsCumulated,2035.0,Unmet system spinning reserve costs: $m,0.0
AFG,NEPS_UZB,DiscountedWeightedCostsCumulated,2035.0,VRE curtailment: $m,0.0
AFG,NEPS_UZB,DiscountedWeightedCostsCumulated,2035.0,Variable O&M: $m,129.28246970597405
AFG,NEPS_UZB,DiscountedWeightedCostsCumulated,2040.0,Carbon costs: $m,0.0
AFG,NEPS_UZB,DiscountedWeightedCostsCumulated,2040.0,Excess generation: $m,0.0
AFG,NEPS_UZB,DiscountedWeightedCostsCumulated,2040.0,Export revenues with external zones: $m,0.0
AFG,NEPS_UZB,DiscountedWeightedCostsCumulated,2040.0,Export revenues with internal zones: $m,-1687.9646103084792
AFG,NEPS_UZB,DiscountedWeightedCostsCumulated,2040.0,Fixed O&M: $m,133.339760849012
AFG,NEPS_UZB,DiscountedWeightedCostsCumulated,2040.0,Fuel costs: $m,841.1386862820937
AFG,NEPS_UZB,DiscountedWeightedCostsCumulated,2040.0,Generation costs: $m,0.0
AFG,NEPS_UZB,DiscountedWeightedCostsCumulated,2040.0,Import costs with external zones: $m,0.0
AFG,NEPS_UZB,DiscountedWeightedCostsCumulated,2040.0,Import costs with internal zones: $m,1257.4350418628612
AFG,NEPS_UZB,DiscountedWeightedCostsCumulated,2040.0,NPV of system cost: $m,0.0
AFG,NEPS_UZB,DiscountedWeightedCostsCumulated,2040.0,Spinning reserve costs: $m,0.0
AFG,NEPS_UZB,DiscountedWeightedCostsCumulated,2040.0,Startup costs: $m,0.0
AFG,NEPS_UZB,DiscountedWeightedCostsCumulated,2040.0,Trade shared benefits: $m,-112.51508949749268
AFG,NEPS_UZB,DiscountedWeightedCostsCumulated,2040.0,Transmission costs: $m,0.0
AFG,NEPS_UZB,DiscountedWeightedCostsCumulated,2040.0,Unmet country CO2 backstop cost: $m,0.0
AFG,NEPS_UZB,DiscountedWeightedCostsCumulated,2040.0,Unmet country planning reserve costs: $m,0.0
AFG,NEPS_UZB,DiscountedWeightedCostsCumulated,2040.0,Unmet country spinning reserve costs: $m,0.0
AFG,NEPS_UZB,DiscountedWeightedCostsCumulated,2040.0,Unmet demand costs: $m,0.0
AFG,NEPS_UZB,DiscountedWeightedCostsCumulated,2040.0,Unmet system CO2 backstop cost: $m,0.0
AFG,NEPS_UZB,DiscountedWeightedCostsCumulated,2040.0,Unmet system planning reserve costs: $m,0.0
AFG,NEPS_UZB,DiscountedWeightedCostsCumulated,2040.0,Unmet system spinning reserve costs: $m,0.0
AFG,NEPS_UZB,DiscountedWeightedCostsCumulated,2040.0,VRE curtailment: $m,0.0
AFG,NEPS_UZB,DiscountedWeightedCostsCumulated,2040.0,Variable O&M: $m,166.41495396538176
AFG,NEPS_UZB,DiscountedWeightedCostsCumulated,2045.0,Carbon costs: $m,0.0
AFG,NEPS_UZB,DiscountedWeightedCostsCumulated,2045.0,Excess generation: $m,0.0
AFG,NEPS_UZB,DiscountedWeightedCostsCumulated,2045.0,Export revenues with external zones: $m,0.0
AFG,NEPS_UZB,DiscountedWeightedCostsCumulated,2045.0,Export revenues with internal zones: $m,-1912.2425078103224
AFG,NEPS_UZB,DiscountedWeightedCostsCumulated,2045.0,Fixed O&M: $m,167.08918806812483
AFG,NEPS_UZB,DiscountedWeightedCostsCumulated,2045.0,Fuel costs: $m,1000.6048379595009
AFG,NEPS_UZB,DiscountedWeightedCostsCumulated,2045.0,Generation costs: $m,0.0
AFG,NEPS_UZB,DiscountedWeightedCostsCumulated,2045.0,Import costs with external zones: $m,0.0
AFG,NEPS_UZB,DiscountedWeightedCostsCumulated,2045.0,Import costs with internal zones: $m,1430.05767436288
AFG,NEPS_UZB,DiscountedWeightedCostsCumulated,2045.0,NPV of system cost: $m,0.0
AFG,NEPS_UZB,DiscountedWeightedCostsCumulated,2045.0,Spinning reserve costs: $m,0.0
AFG,NEPS_UZB,DiscountedWeightedCostsCumulated,2045.0,Startup costs: $m,0.0
AFG,NEPS_UZB,DiscountedWeightedCostsCumulated,2045.0,Trade shared benefits: $m,-134.1492433623433
AFG,NEPS_UZB,DiscountedWeightedCostsCumulated,2045.0,Transmission costs: $m,0.0
AFG,NEPS_UZB,DiscountedWeightedCostsCumulated,2045.0,Unmet country CO2 backstop cost: $m,0.0
AFG,NEPS_UZB,DiscountedWeightedCostsCumulated,2045.0,Unmet country planning reserve costs: $m,0.0
AFG,NEPS_UZB,DiscountedWeightedCostsCumulated,2045.0,Unmet country spinning reserve costs: $m,0.0
AFG,NEPS_UZB,DiscountedWeightedCostsCumulated,2045.0,Unmet demand costs: $m,0.0
AFG,NEPS_UZB,DiscountedWeightedCostsCumulated,2045.0,Unmet system CO2 backstop cost: $m,0.0
AFG,NEPS_UZB,DiscountedWeightedCostsCumulated,2045.0,Unmet system planning reserve costs: $m,0.0
AFG,NEPS_UZB,DiscountedWeightedCostsCumulated,2045.0,Unmet system spinning reserve costs: $m,0.0
AFG,NEPS_UZB,DiscountedWeightedCostsCumulated,2045.0,VRE curtailment: $m,0.0
AFG,NEPS_UZB,DiscountedWeightedCostsCumulated,2045.0,Variable O&M: $m,191.2937686633894
AFG,NEPS_UZB,DiscountedWeightedCostsCumulated,2050.0,Carbon costs: $m,0.0
AFG,NEPS_UZB,DiscountedWeightedCostsCumulated,2050.0,Excess generation: $m,0.0
AFG,NEPS_UZB,DiscountedWeightedCostsCumulated,2050.0,Export revenues with external zones: $m,0.0
AFG,NEPS_UZB,DiscountedWeightedCostsCumulated,2050.0,Export revenues with internal zones: $m,-2043.125189155774
AFG,NEPS_UZB,DiscountedWeightedCostsCumulated,2050.0,Fixed O&M: $m,192.7154747358149
AFG,NEPS_UZB,DiscountedWeightedCostsCumulated,2050.0,Fuel costs: $m,1116.068820023116
AFG,NEPS_UZB,DiscountedWeightedCostsCumulated,2050.0,Generation costs: $m,0.0
AFG,NEPS_UZB,DiscountedWeightedCostsCumulated,2050.0,Import costs with external zones: $m,0.0
AFG,NEPS_UZB,DiscountedWeightedCostsCumulated,2050.0,Import costs with internal zones: $m,1548.3343015818648
AFG,NEPS_UZB,DiscountedWeightedCostsCumulated,2050.0,NPV of system cost: $m,0.0
AFG,NEPS_UZB,DiscountedWeightedCostsCumulated,2050.0,Spinning reserve costs: $m,0.0
AFG,NEPS_UZB,DiscountedWeightedCostsCumulated,2050.0,Startup costs: $m,0.0
AFG,NEPS_UZB,DiscountedWeightedCostsCumulated,2050.0,Trade shared benefits: $m,-153.08763539822203
AFG,NEPS_UZB,DiscountedWeightedCostsCumulated,2050.0,Transmission costs: $m,0.0
AFG,NEPS_UZB,DiscountedWeightedCostsCumulated,2050.0,Unmet country CO2 backstop cost: $m,0.0
AFG,NEPS_UZB,DiscountedWeightedCostsCumulated,2050.0,Unmet country planning reserve costs: $m,0.0
AFG,NEPS_UZB,DiscountedWeightedCostsCumulated,2050.0,Unmet country spinning reserve costs: $m,0.0
AFG,NEPS_UZB,DiscountedWeightedCostsCumulated,2050.0,Unmet demand costs: $m,0.0
AFG,NEPS_UZB,DiscountedWeightedCostsCumulated,2050.0,Unmet system CO2 backstop cost: $m,0.0
AFG,NEPS_UZB,DiscountedWeightedCostsCumulated,2050.0,Unmet system planning reserve costs: $m,0.0
AFG,NEPS_UZB,DiscountedWeightedCostsCumulated,2050.0,Unmet system spinning reserve costs: $m,0.0
AFG,NEPS_UZB,DiscountedWeightedCostsCumulated,2050.0,VRE curtailment: $m,0.0
AFG,NEPS_UZB,DiscountedWeightedCostsCumulated,2050.0,Variable O&M: $m,207.9910323381266
AFG,NEPS_UZB,GenCostsPerMWh,2026.0,Fixed O&M: $m,4.230920071733494
AFG,NEPS_UZB,GenCostsPerMWh,2026.0,Investment costs: $m,34.52908685915817
AFG,NEPS_UZB,GenCostsPerMWh,2026.0,Variable Cost: $m,31.78635678243148
AFG,NEPS_UZB,GenCostsPerMWh,2027.0,Fixed O&M: $m,2.9252758407855453
AFG,NEPS_UZB,GenCostsPerMWh,2027.0,Investment costs: $m,23.87355513244105
AFG,NEPS_UZB,GenCostsPerMWh,2027.0,Variable Cost: $m,35.843468760549825
AFG,NEPS_UZB,GenCostsPerMWh,2028.0,Fixed O&M: $m,2.685806915067944
AFG,NEPS_UZB,GenCostsPerMWh,2028.0,Investment costs: $m,22.449682198737985
AFG,NEPS_UZB,GenCostsPerMWh,2028.0,Variable Cost: $m,37.73787400254571
AFG,NEPS_UZB,GenCostsPerMWh,2029.0,Fixed O&M: $m,3.468650188432988
AFG,NEPS_UZB,GenCostsPerMWh,2029.0,Investment costs: $m,28.13261975637585
AFG,NEPS_UZB,GenCostsPerMWh,2029.0,Variable Cost: $m,34.92440765465075
AFG,NEPS_UZB,GenCostsPerMWh,2030.0,Fixed O&M: $m,3.63784633573486
AFG,NEPS_UZB,GenCostsPerMWh,2030.0,Investment costs: $m,30.838355542821933
AFG,NEPS_UZB,GenCostsPerMWh,2030.0,Variable Cost: $m,37.079258997066894
AFG,NEPS_UZB,GenCostsPerMWh,2031.0,Fixed O&M: $m,4.565147917430151
AFG,NEPS_UZB,GenCostsPerMWh,2031.0,Investment costs: $m,37.973740870583626
AFG,NEPS_UZB,GenCostsPerMWh,2031.0,Variable Cost: $m,34.56900952689339
AFG,NEPS_UZB,GenCostsPerMWh,2032.0,Fixed O&M: $m,4.800966092445858
AFG,NEPS_UZB,GenCostsPerMWh,2032.0,Investment costs: $m,39.33051227501576
AFG,NEPS_UZB,GenCostsPerMWh,2032.0,Variable Cost: $m,33.63747277430064
AFG,NEPS_UZB,GenCostsPerMWh,2033.0,Fixed O&M: $m,4.961720289556693
AFG,NEPS_UZB,GenCostsPerMWh,2033.0,Investment costs: $m,39.96217502602238
AFG,NEPS_UZB,GenCostsPerMWh,2033.0,Variable Cost: $m,32.81311556272798
AFG,NEPS_UZB,GenCostsPerMWh,2034.0,Fixed O&M: $m,5.090530884881277
AFG,NEPS_UZB,GenCostsPerMWh,2034.0,Investment costs: $m,40.46993554766662
AFG,NEPS_UZB,GenCostsPerMWh,2034.0,Variable Cost: $m,32.20552944256651
AFG,NEPS_UZB,GenCostsPerMWh,2035.0,Fixed O&M: $m,4.99350471014194
AFG,NEPS_UZB,GenCostsPerMWh,2035.0,Investment costs: $m,39.04652916789951
AFG,NEPS_UZB,GenCostsPerMWh,2035.0,Variable Cost: $m,31.780147457909177
AFG,NEPS_UZB,GenCostsPerMWh,2040.0,Fixed O&M: $m,5.371990006729216
AFG,NEPS_UZB,GenCostsPerMWh,2040.0,Investment costs: $m,39.43939775117944
AFG,NEPS_UZB,GenCostsPerMWh,2040.0,Variable Cost: $m,30.62682373801493
AFG,NEPS_UZB,GenCostsPerMWh,2045.0,Fixed O&M: $m,5.569725804509455
AFG,NEPS_UZB,GenCostsPerMWh,2045.0,Investment costs: $m,38.137349050058575
AFG,NEPS_UZB,GenCostsPerMWh,2045.0,Variable Cost: $m,30.422765680927142
AFG,NEPS_UZB,GenCostsPerMWh,2050.0,Fixed O&M: $m,6.015631662713711
AFG,NEPS_UZB,GenCostsPerMWh,2050.0,Investment costs: $m,39.699201007722046
AFG,NEPS_UZB,GenCostsPerMWh,2050.0,Variable Cost: $m,31.02413489542773
AFG,NEPS_UZB,NetPresentCostPerMWh,,Carbon costs: $m,0.0
AFG,NEPS_UZB,NetPresentCostPerMWh,,Excess generation: $m,0.0
AFG,NEPS_UZB,NetPresentCostPerMWh,,Export revenues with external zones: $m,0.0
AFG,NEPS_UZB,NetPresentCostPerMWh,,Export revenues with internal zones: $m,-60.82919586096035
AFG,NEPS_UZB,NetPresentCostPerMWh,,Fixed O&M: $m,5.737645162598533
AFG,NEPS_UZB,NetPresentCostPerMWh,,Fuel costs: $m,33.2282961454502
AFG,NEPS_UZB,NetPresentCostPerMWh,,Generation costs: $m,0.0
AFG,NEPS_UZB,NetPresentCostPerMWh,,Import costs with external zones: $m,0.0
AFG,NEPS_UZB,NetPresentCostPerMWh,,Import costs with internal zones: $m,46.097973334704776
AFG,NEPS_UZB,NetPresentCostPerMWh,,NPV of system cost: $m,0.0
AFG,NEPS_UZB,NetPresentCostPerMWh,,Spinning reserve costs: $m,0.0
AFG,NEPS_UZB,NetPresentCostPerMWh,,Startup costs: $m,0.0
AFG,NEPS_UZB,NetPresentCostPerMWh,,Trade shared benefits: $m,-4.5578204443642365
AFG,NEPS_UZB,NetPresentCostPerMWh,,Transmission costs: $m,0.0
AFG,NEPS_UZB,NetPresentCostPerMWh,,Unmet country CO2 backstop cost: $m,0.0
AFG,NEPS_UZB,NetPresentCostPerMWh,,Unmet country planning reserve costs: $m,0.0
AFG,NEPS_UZB,NetPresentCostPerMWh,,Unmet country spinning reserve costs: $m,0.0
AFG,NEPS_UZB,NetPresentCostPerMWh,,Unmet demand costs: $m,0.0
AFG,NEPS_UZB,NetPresentCostPerMWh,,Unmet system CO2 backstop cost: $m,0.0
AFG,NEPS_UZB,NetPresentCostPerMWh,,Unmet system planning reserve costs: $m,0.0
AFG,NEPS_UZB,NetPresentCostPerMWh,,Unmet system spinning reserve costs: $m,0.0
AFG,NEPS_UZB,NetPresentCostPerMWh,,VRE curtailment: $m,0.0
AFG,NEPS_UZB,NetPresentCostPerMWh,,Variable O&M: $m,6.192438579178331
KAZ,KAZ_N,Costs,2026.0,Carbon costs: $m,0.0
KAZ,KAZ_N,Costs,2026.0,Excess generation: $m,0.0
KAZ,KAZ_N,Costs,2026.0,Export revenues with external zones: $m,0.0
KAZ,KAZ_N,Costs,2026.0,Export revenues with internal zones: $m,-546.4251677428672
KAZ,KAZ_N,Costs,2026.0,Fixed O&M: $m,424.2837990837609
KAZ,KAZ_N,Costs,2026.0,Fuel costs: $m,724.1539182995006
KAZ,KAZ_N,Costs,2026.0,Generation costs: $m,0.0
KAZ,KAZ_N,Costs,2026.0,Import costs with external zones: $m,0.0
KAZ,KAZ_N,Costs,2026.0,Import costs with internal zones: $m,0.0
KAZ,KAZ_N,Costs,2026.0,NPV of system cost: $m,0.0
KAZ,KAZ_N,Costs,2026.0,Spinning reserve costs: $m,0.0
KAZ,KAZ_N,Costs,2026.0,Startup costs: $m,0.0
KAZ,KAZ_N,Costs,2026.0,Trade shared benefits: $m,-98.57762944118478
KAZ,KAZ_N,Costs,2026.0,Transmission costs: $m,0.0
KAZ,KAZ_N,Costs,2026.0,Unmet country CO2 backstop cost: $m,0.0
KAZ,KAZ_N,Costs,2026.0,Unmet country planning reserve costs: $m,0.0
KAZ,KAZ_N,Costs,2026.0,Unmet country spinning reserve costs: $m,0.0
KAZ,KAZ_N,Costs,2026.0,Unmet demand costs: $m,0.0
KAZ,KAZ_N,Costs,2026.0,Unmet system CO2 backstop cost: $m,0.0
KAZ,KAZ_N,Costs,2026.0,Unmet system planning reserve costs: $m,0.0
KAZ,KAZ_N,Costs,2026.0,Unmet system spinning reserve costs: $m,0.0
KAZ,KAZ_N,Costs,2026.0,VRE curtailment: $m,0.0
KAZ,KAZ_N,Costs,2026.0,Variable O&M: $m,950.1720302797352
KAZ,KAZ_N,Costs,2027.0,Carbon costs: $m,0.0
KAZ,KAZ_N,Costs,2027.0,Excess generation: $m,0.0
KAZ,KAZ_N,Costs,2027.0,Export revenues with external zones: $m,0.0
KAZ,KAZ_N,Costs,2027.0,Export revenues with internal zones: $m,-696.2131462394358
KAZ,KAZ_N,Costs,2027.0,Fixed O&M: $m,473.0881062837609
KAZ,KAZ_N,Costs,2027.0,Fuel costs: $m,700.6579916364933
KAZ,KAZ_N,Costs,2027.0,Generation costs: $m,0.0
KAZ,KAZ_N,Costs,2027.0,Import costs with external zones: $m,0.0
KAZ,KAZ_N,Costs,2027.0,Import costs with internal zones: $m,0.0
KAZ,KAZ_N,Costs,2027.0,NPV of system cost: $m,0.0
KAZ,KAZ_N,Costs,2027.0,Spinning reserve costs: $m,0.0
KAZ,KAZ_N,Costs,2027.0,Startup costs: $m,0.0
KAZ,KAZ_N,Costs,2027.0,Trade shared benefits: $m,-61.81603032800237
KAZ,KAZ_N,Costs,2027.0,Transmission costs: $m,0.0
KAZ,KAZ_N,Costs,2027.0,Unmet country CO2 backstop cost: $m,0.0
KAZ,KAZ_N,Costs,2027.0,Unmet country planning reserve costs: $m,0.0
KAZ,KAZ_N,Costs,2027.0,Unmet country spinning reserve costs: $m,0.0
KAZ,KAZ_N,Costs,2027.0,Unmet demand costs: $m,0.0
KAZ,KAZ_N,Costs,2027.0,Unmet system CO2 backstop cost: $m,0.0
KAZ,KAZ_N,Costs,2027.0,Unmet system planning reserve costs: $m,0.0
KAZ,KAZ_N,Costs,2027.0,Unmet system spinning reserve costs: $m,0.0
KAZ,KAZ_N,Costs,2027.0,VRE curtailment: $m,0.0
KAZ,KAZ_N,Costs,2027.0,Variable O&M: $m,918.6971357152188
KAZ,KAZ_N,Costs,2028.0,Carbon costs: $m,0.0
KAZ,KAZ_N,Costs,2028.0,Excess generation: $m,0.0
KAZ,KAZ_N,Costs,2028.0,Export revenues with external zones: $m,0.0
KAZ,KAZ_N,Costs,2028.0,Export revenues with internal zones: $m,-672.9654741515562
KAZ,KAZ_N,Costs,2028.0,Fixed O&M: $m,495.1427398645841
KAZ,KAZ_N,Costs,2028.0,Fuel costs: $m,692.0765462282358
KAZ,KAZ_N,Costs,2028.0,Generation costs: $m,0.0
KAZ,KAZ_N,Costs,2028.0,Import costs with external zones: $m,0.0
KAZ,KAZ_N,Costs,2028.0,Import costs with internal zones: $m,0.0
KAZ,KAZ_N,Costs,2028.0,NPV of system cost: $m,0.0
KAZ,KAZ_N,Costs,2028.0,Spinning reserve costs: $m,0.0
KAZ,KAZ_N,Costs,2028.0,Startup costs: $m,0.0
KAZ,KAZ_N,Costs,2028.0,Trade shared benefits: $m,-87.60782973796242
KAZ,KAZ_N,Costs,2028.0,Transmission costs: $m,0.0
KAZ,KAZ_N,Costs,2028.0,Unmet country CO2 backstop cost: $m,0.0
KAZ,KAZ_N,Costs,2028.0,Unmet country planning reserve costs: $m,0.0
KAZ,KAZ_N,Costs,2028.0,Unmet country spinning reserve costs: $m,0.0
KAZ,KAZ_N,Costs,2028.0,Unmet demand costs: $m,0.0
KAZ,KAZ_N,Costs,2028.0,Unmet system CO2 backstop cost: $m,0.0
KAZ,KAZ_N,Costs,2028.0,Unmet system planning reserve costs: $m,0.0
KAZ,KAZ_N,Costs,2028.0,Unmet system spinning reserve costs: $m,0.0
KAZ,KAZ_N,Costs,2028.0,VRE curtailment: $m,0.0
KAZ,KAZ_N,Costs,2028.0,Variable O&M: $m,907.3060651907398
KAZ,KAZ_N,Costs,2029.0,Carbon costs: $m,0.0
KAZ,KAZ_N,Costs,2029.0,Excess generation: $m,0.0
KAZ,KAZ_N,Costs,2029.0,Export revenues with external zones: $m,0.0
KAZ,KAZ_N,Costs,2029.0,Export revenues with internal zones: $m,-583.9275699532473
KAZ,KAZ_N,Costs,2029.0,Fixed O&M: $m,531.840229944272
KAZ,KAZ_N,Costs,2029.0,Fuel costs: $m,666.0724159129936
KAZ,KAZ_N,Costs,2029.0,Generation costs: $m,0.0
KAZ,KAZ_N,Costs,2029.0,Import costs with external zones: $m,0.0
KAZ,KAZ_N,Costs,2029.0,Import costs with internal zones: $m,0.0
KAZ,KAZ_N,Costs,2029.0,NPV of system cost: $m,0.0
KAZ,KAZ_N,Costs,2029.0,Spinning reserve costs: $m,0.0
KAZ,KAZ_N,Costs,2029.0,Startup costs: $m,0.0
KAZ,KAZ_N,Costs,2029.0,Trade shared benefits: $m,-164.40157346484082
KAZ,KAZ_N,Costs,2029.0,Transmission costs: $m,0.0
KAZ,KAZ_N,Costs,2029.0,Unmet country CO2 backstop cost: $m,0.0
KAZ,KAZ_N,Costs,2029.0,Unmet country planning reserve costs: $m,0.0
KAZ,KAZ_N,Costs,2029.0,Unmet country spinning reserve costs: $m,0.0
KAZ,KAZ_N,Costs,2029.0,Unmet demand costs: $m,0.0
KAZ,KAZ_N,Costs,2029.0,Unmet system CO2 backstop cost: $m,0.0
KAZ,KAZ_N,Costs,2029.0,Unmet system planning reserve costs: $m,0.0
KAZ,KAZ_N,Costs,2029.0,Unmet system spinning reserve costs: $m,0.0
KAZ,KAZ_N,Costs,2029.0,VRE curtailment: $m,0.0
KAZ,KAZ_N,Costs,2029.0,Variable O&M: $m,872.7109319409967
KAZ,KAZ_N,Costs,2030.0,Carbon costs: $m,0.0
KAZ,KAZ_N,Costs,2030.0,Excess generation: $m,0.0
KAZ,KAZ_N,Costs,2030.0,Export revenues with external zones: $m,0.0
KAZ,KAZ_N,Costs,2030.0,Export revenues with internal zones: $m,-671.1994359304576
KAZ,KAZ_N,Costs,2030.0,Fixed O&M: $m,517.5854971442719
KAZ,KAZ_N,Costs,2030.0,Fuel costs: $m,572.058948718489
KAZ,KAZ_N,Costs,2030.0,Generation costs: $m,0.0
KAZ,KAZ_N,Costs,2030.0,Import costs with external zones: $m,0.0
KAZ,KAZ_N,Costs,2030.0,Import costs with internal zones: $m,0.0
KAZ,KAZ_N,Costs,2030.0,NPV of system cost: $m,0.0
KAZ,KAZ_N,Costs,2030.0,Spinning reserve costs: $m,0.0
KAZ,KAZ_N,Costs,2030.0,Startup costs: $m,0.0
KAZ,KAZ_N,Costs,2030.0,Trade shared benefits: $m,-20.09372679114216
KAZ,KAZ_N,Costs,2030.0,Transmission costs: $m,0.0
KAZ,KAZ_N,Costs,2030.0,Unmet country CO2 backstop cost: $m,0.0
KAZ,KAZ_N,Costs,2030.0,Unmet country planning reserve costs: $m,0.0
KAZ,KAZ_N,Costs,2030.0,Unmet country spinning reserve costs: $m,0.0
KAZ,KAZ_N,Costs,2030.0,Unmet demand costs: $m,0.0
KAZ,KAZ_N,Costs,2030.0,Unmet system CO2 backstop cost: $m,0.0
KAZ,KAZ_N,Costs,2030.0,Unmet system planning reserve costs: $m,0.0
KAZ,KAZ_N,Costs,2030.0,Unmet system spinning reserve costs: $m,0.0
KAZ,KAZ_N,Costs,2030.0,VRE curtailment: $m,0.0
KAZ,KAZ_N,Costs,2030.0,Variable O&M: $m,746.681084395337
KAZ,KAZ_N,Costs,2031.0,Carbon costs: $m,0.0
KAZ,KAZ_N,Costs,2031.0,Excess generation: $m,0.0
KAZ,KAZ_N,Costs,2031.0,Export revenues with external zones: $m,0.0
KAZ,KAZ_N,Costs,2031.0,Export revenues with internal zones: $m,-686.3038706821112
KAZ,KAZ_N,Costs,2031.0,Fixed O&M: $m,558.7975529148151
KAZ,KAZ_N,Costs,2031.0,Fuel costs: $m,553.459765602524
KAZ,KAZ_N,Costs,2031.0,Generation costs: $m,0.0
KAZ,KAZ_N,Costs,2031.0,Import costs with external zones: $m,0.0
KAZ,KAZ_N,Costs,2031.0,Import costs with internal zones: $m,0.0
KAZ,KAZ_N,Costs,2031.0,NPV of system cost: $m,0.0
KAZ,KAZ_N,Costs,2031.0,Spinning reserve costs: $m,0.0
KAZ,KAZ_N,Costs,2031.0,Startup costs: $m,0.0
KAZ,KAZ_N,Costs,2031.0,Trade shared benefits: $m,-52.71739489224101
KAZ,KAZ_N,Costs,2031.0,Transmission costs: $m,0.0
KAZ,KAZ_N,Costs,2031.0,Unmet country CO2 backstop cost: $m,0.0
KAZ,KAZ_N,Costs,2031.0,Unmet country planning reserve costs: $m,0.0
KAZ,KAZ_N,Costs,2031.0,Unmet country spinning reserve costs: $m,0.0
KAZ,KAZ_N,Costs,2031.0,Unmet demand costs: $m,0.0
KAZ,KAZ_N,Costs,2031.0,Unmet system CO2 backstop cost: $m,0.0
KAZ,KAZ_N,Costs,2031.0,Unmet system planning reserve costs: $m,0.0
KAZ,KAZ_N,Costs,2031.0,Unmet system spinning reserve costs: $m,0.0
KAZ,KAZ_N,Costs,2031.0,VRE curtailment: $m,0.0
KAZ,KAZ_N,Costs,2031.0,Variable O&M: $m,722.079162342008
KAZ,KAZ_N,Costs,2032.0,Carbon costs: $m,0.0
KAZ,KAZ_N,Costs,2032.0,Excess generation: $m,0.0
KAZ,KAZ_N,Costs,2032.0,Export revenues with external zones: $m,0.0
KAZ,KAZ_N,Costs,2032.0,Export revenues with internal zones: $m,-601.0610444106173
KAZ,KAZ_N,Costs,2032.0,Fixed O&M: $m,558.7975529148151
KAZ,KAZ_N,Costs,2032.0,Fuel costs: $m,560.466652952462
KAZ,KAZ_N,Costs,2032.0,Generation costs: $m,0.0
KAZ,KAZ_N,Costs,2032.0,Import costs with external zones: $m,0.0
KAZ,KAZ_N,Costs,2032.0,Import costs with internal zones: $m,0.0
KAZ,KAZ_N,Costs,2032.0,NPV of system cost: $m,0.0
KAZ,KAZ_N,Costs,2032.0,Spinning reserve costs: $m,0.0
KAZ,KAZ_N,Costs,2032.0,Startup costs: $m,0.0
KAZ,KAZ_N,Costs,2032.0,Trade shared benefits: $m,-10.472724997979578
KAZ,KAZ_N,Costs,2032.0,Transmission costs: $m,0.0
KAZ,KAZ_N,Costs,2032.0,Unmet country CO2 backstop cost: $m,0.0
KAZ,KAZ_N,Costs,2032.0,Unmet country planning reserve costs: $m,0.0
KAZ,KAZ_N,Costs,2032.0,Unmet country spinning reserve costs: $m,0.0
KAZ,KAZ_N,Costs,2032.0,Unmet demand costs: $m,0.0
KAZ,KAZ_N,Costs,2032.0,Unmet system CO2 backstop cost: $m,0.0
KAZ,KAZ_N,Costs,2032.0,Unmet system planning reserve costs: $m,0.0
KAZ,KAZ_N,Costs,2032.0,Unmet system spinning reserve costs: $m,0.0
KAZ,KAZ_N,Costs,2032.0,VRE curtailment: $m,0.0
KAZ,KAZ_N,Costs,2032.0,Variable O&M: $m,731.2121561187433
KAZ,KAZ_N,Costs,2033.0,Carbon costs: $m,0.0
KAZ,KAZ_N,Costs,2033.0,Excess generation: $m,0.0
KAZ,KAZ_N,Costs,2033.0,Export revenues with external zones: $m,0.0
KAZ,KAZ_N,Costs,2033.0,Export revenues with internal zones: $m,-437.8578431117515
KAZ,KAZ_N,Costs,2033.0,Fixed O&M: $m,558.6169802397429
KAZ,KAZ_N,Costs,2033.0,Fuel costs: $m,456.2347317832293
KAZ,KAZ_N,Costs,2033.0,Generation costs: $m,0.0
KAZ,KAZ_N,Costs,2033.0,Import costs with external zones: $m,0.0
KAZ,KAZ_N,Costs,2033.0,Import costs with internal zones: $m,2.109306943287281
KAZ,KAZ_N,Costs,2033.0,NPV of system cost: $m,0.0
KAZ,KAZ_N,Costs,2033.0,Spinning reserve costs: $m,0.0
KAZ,KAZ_N,Costs,2033.0,Startup costs: $m,0.0
KAZ,KAZ_N,Costs,2033.0,Trade shared benefits: $m,-4.9303462268756855
KAZ,KAZ_N,Costs,2033.0,Transmission costs: $m,0.0
KAZ,KAZ_N,Costs,2033.0,Unmet country CO2 backstop cost: $m,0.0
KAZ,KAZ_N,Costs,2033.0,Unmet country planning reserve costs: $m,0.0
KAZ,KAZ_N,Costs,2033.0,Unmet country spinning reserve costs: $m,0.0
KAZ,KAZ_N,Costs,2033.0,Unmet demand costs: $m,0.0
KAZ,KAZ_N,Costs,2033.0,Unmet system CO2 backstop cost: $m,0.0
KAZ,KAZ_N,Costs,2033.0,Unmet system planning reserve costs: $m,0.0
KAZ,KAZ_N,Costs,2033.0,Unmet system spinning reserve costs: $m,0.0
KAZ,KAZ_N,Costs,2033.0,VRE curtailment: $m,0.0
KAZ,KAZ_N,Costs,2033.0,Variable O&M: $m,605.4374256468167
KAZ,KAZ_N,Costs,2034.0,Carbon costs: $m,0.0
KAZ,KAZ_N,Costs,2034.0,Excess generation: $m,0.0
KAZ,KAZ_N,Costs,2034.0,Export revenues with external zones: $m,0.0
KAZ,KAZ_N,Costs,2034.0,Export revenues with internal zones: $m,-339.5096468316372
KAZ,KAZ_N,Costs,2034.0,Fixed O&M: $m,552.201780239743
KAZ,KAZ_N,Costs,2034.0,Fuel costs: $m,447.21967927086285
KAZ,KAZ_N,Costs,2034.0,Generation costs: $m,0.0
KAZ,KAZ_N,Costs,2034.0,Import costs with external zones: $m,0.0
KAZ,KAZ_N,Costs,2034.0,Import costs with internal zones: $m,13.343370562640455
KAZ,KAZ_N,Costs,2034.0,NPV of system cost: $m,0.0
KAZ,KAZ_N,Costs,2034.0,Spinning reserve costs: $m,0.0
KAZ,KAZ_N,Costs,2034.0,Startup costs: $m,0.0
KAZ,KAZ_N,Costs,2034.0,Trade shared benefits: $m,-0.0363456671310672
KAZ,KAZ_N,Costs,2034.0,Transmission costs: $m,0.0
KAZ,KAZ_N,Costs,2034.0,Unmet country CO2 backstop cost: $m,0.0
KAZ,KAZ_N,Costs,2034.0,Unmet country planning reserve costs: $m,0.0
KAZ,KAZ_N,Costs,2034.0,Unmet country spinning reserve costs: $m,0.0
KAZ,KAZ_N,Costs,2034.0,Unmet demand costs: $m,0.0
KAZ,KAZ_N,Costs,2034.0,Unmet system CO2 backstop cost: $m,0.0
KAZ,KAZ_N,Costs,2034.0,Unmet system planning reserve costs: $m,0.0
KAZ,KAZ_N,Costs,2034.0,Unmet system spinning reserve costs: $m,0.0
KAZ,KAZ_N,Costs,2034.0,VRE curtailment: $m,0.0
KAZ,KAZ_N,Costs,2034.0,Variable O&M: $m,593.3993853546009
KAZ,KAZ_N,Costs,2035.0,Carbon costs: $m,0.0
KAZ,KAZ_N,Costs,2035.0,Excess generation: $m,0.0
KAZ,KAZ_N,Costs,2035.0,Export revenues with external zones: $m,0.0
KAZ,KAZ_N,Costs,2035.0,Export revenues with internal zones: $m,-300.8306623633497
KAZ,KAZ_N,Costs,2035.0,Fixed O&M: $m,552.201780239743
KAZ,KAZ_N,Costs,2035.0,Fuel costs: $m,448.8201913785695
KAZ,KAZ_N,Costs,2035.0,Generation costs: $m,0.0
KAZ,KAZ_N,Costs,2035.0,Import costs with external zones: $m,0.0
KAZ,KAZ_N,Costs,2035.0,Import costs with internal zones: $m,34.071116507659454
KAZ,KAZ_N,Costs,2035.0,NPV of system cost: $m,0.0
KAZ,KAZ_N,Costs,2035.0,Spinning reserve costs: $m,0.0
KAZ,KAZ_N,Costs,2035.0,Startup costs: $m,0.0
KAZ,KAZ_N,Costs,2035.0,Trade shared benefits: $m,-0.0212016391597878
KAZ,KAZ_N,Costs,2035.0,Transmission costs: $m,0.0
KAZ,KAZ_N,Costs,2035.0,Unmet country CO2 backstop cost: $m,0.0
KAZ,KAZ_N,Costs,2035.0,Unmet country planning reserve costs: $m,0.0
KAZ,KAZ_N,Costs,2035.0,Unmet country spinning reserve costs: $m,0.0
KAZ,KAZ_N,Costs,2035.0,Unmet demand costs: $m,0.0
KAZ,KAZ_N,Costs,2035.0,Unmet system CO2 backstop cost: $m,0.0
KAZ,KAZ_N,Costs,2035.0,Unmet system planning reserve costs: $m,0.0
KAZ,KAZ_N,Costs,2035.0,Unmet system spinning reserve costs: $m,0.0
KAZ,KAZ_N,Costs,2035.0,VRE curtailment: $m,0.0
KAZ,KAZ_N,Costs,2035.0,Variable O&M: $m,595.5455209042899
KAZ,KAZ_N,Costs,2040.0,Carbon costs: $m,0.0
KAZ,KAZ_N,Costs,2040.0,Excess generation: $m,0.0
KAZ,KAZ_N,Costs,2040.0,Export revenues with external zones: $m,0.0
KAZ,KAZ_N,Costs,2040.0,Export revenues with internal zones: $m,-145.63158997918205
KAZ,KAZ_N,Costs,2040.0,Fixed O&M: $m,600.129361162198
KAZ,KAZ_N,Costs,2040.0,Fuel costs: $m,372.0419598540767
KAZ,KAZ_N,Costs,2040.0,Generation costs: $m,0.0
KAZ,KAZ_N,Costs,2040.0,Import costs with external zones: $m,0.0
KAZ,KAZ_N,Costs,2040.0,Import costs with internal zones: $m,97.08829844363724
KAZ,KAZ_N,Costs,2040.0,NPV of system cost: $m,0.0
KAZ,KAZ_N,Costs,2040.0,Spinning reserve costs: $m,0.0
KAZ,KAZ_N,Costs,2040.0,Startup costs: $m,0.0
KAZ,KAZ_N,Costs,2040.0,Trade shared benefits: $m,-0.5866348227111176
KAZ,KAZ_N,Costs,2040.0,Transmission costs: $m,0.0
KAZ,KAZ_N,Costs,2040.0,Unmet country CO2 backstop cost: $m,0.0
KAZ,KAZ_N,Costs,2040.0,Unmet country planning reserve costs: $m,0.0
KAZ,KAZ_N,Costs,2040.0,Unmet country spinning reserve costs: $m,0.0
KAZ,KAZ_N,Costs,2040.0,Unmet demand costs: $m,0.0
KAZ,KAZ_N,Costs,2040.0,Unmet system CO2 backstop cost: $m,0.0
KAZ,KAZ_N,Costs,2040.0,Unmet system planning reserve costs: $m,0.0
KAZ,KAZ_N,Costs,2040.0,Unmet system spinning reserve costs: $m,0.0
KAZ,KAZ_N,Costs,2040.0,VRE curtailment: $m,0.0
KAZ,KAZ_N,Costs,2040.0,Variable O&M: $m,493.8081186276361
KAZ,KAZ_N,Costs,2045.0,Carbon costs: $m,0.0
KAZ,KAZ_N,Costs,2045.0,Excess generation: $m,0.0
KAZ,KAZ_N,Costs,2045.0,Export revenues with external zones: $m,0.0
KAZ,KAZ_N,Costs,2045.0,Export revenues with internal zones: $m,-103.38451851154734
KAZ,KAZ_N,Costs,2045.0,Fixed O&M: $m,733.9443111719311
KAZ,KAZ_N,Costs,2045.0,Fuel costs: $m,120.03942389249858
KAZ,KAZ_N,Costs,2045.0,Generation costs: $m,0.0
KAZ,KAZ_N,Costs,2045.0,Import costs with external zones: $m,0.0
KAZ,KAZ_N,Costs,2045.0,Import costs with internal zones: $m,64.45435219087373
KAZ,KAZ_N,Costs,2045.0,NPV of system cost: $m,0.0
KAZ,KAZ_N,Costs,2045.0,Spinning reserve costs: $m,0.0
KAZ,KAZ_N,Costs,2045.0,Startup costs: $m,0.0
KAZ,KAZ_N,Costs,2045.0,Trade shared benefits: $m,-0.0813966044409513
KAZ,KAZ_N,Costs,2045.0,Transmission costs: $m,0.0
KAZ,KAZ_N,Costs,2045.0,Unmet country CO2 backstop cost: $m,0.0
KAZ,KAZ_N,Costs,2045.0,Unmet country planning reserve costs: $m,0.0
KAZ,KAZ_N,Costs,2045.0,Unmet country spinning reserve costs: $m,0.0
KAZ,KAZ_N,Costs,2045.0,Unmet demand costs: $m,0.9597146636323214
KAZ,KAZ_N,Costs,2045.0,Unmet system CO2 backstop cost: $m,0.0
KAZ,KAZ_N,Costs,2045.0,Unmet system planning reserve costs: $m,0.0
KAZ,KAZ_N,Costs,2045.0,Unmet system spinning reserve costs: $m,0.0
KAZ,KAZ_N,Costs,2045.0,VRE curtailment: $m,0.0
KAZ,KAZ_N,Costs,2045.0,Variable O&M: $m,180.8544968940725
KAZ,KAZ_N,Costs,2050.0,Carbon costs: $m,0.0
KAZ,KAZ_N,Costs,2050.0,Excess generation: $m,0.0
KAZ,KAZ_N,Costs,2050.0,Export revenues with external zones: $m,0.0
KAZ,KAZ_N,Costs,2050.0,Export revenues with internal zones: $m,-94.37444102581038
KAZ,KAZ_N,Costs,2050.0,Fixed O&M: $m,858.2812329138083
KAZ,KAZ_N,Costs,2050.0,Fuel costs: $m,81.36505967225494
KAZ,KAZ_N,Costs,2050.0,Generation costs: $m,0.0
KAZ,KAZ_N,Costs,2050.0,Import costs with external zones: $m,0.0
KAZ,KAZ_N,Costs,2050.0,Import costs with internal zones: $m,37.881665557927306
KAZ,KAZ_N,Costs,2050.0,NPV of system cost: $m,0.0
KAZ,KAZ_N,Costs,2050.0,Spinning reserve costs: $m,0.0
KAZ,KAZ_N,Costs,2050.0,Startup costs: $m,0.0
KAZ,KAZ_N,Costs,2050.0,Trade shared benefits: $m,-1.8280586158655745e-13
KAZ,KAZ_N,Costs,2050.0,Transmission costs: $m,0.0
KAZ,KAZ_N,Costs,2050.0,Unmet country CO2 backstop cost: $m,0.0
KAZ,KAZ_N,Costs,2050.0,Unmet country planning reserve costs: $m,0.0
KAZ,KAZ_N,Costs,2050.0,Unmet country spinning reserve costs: $m,0.0
KAZ,KAZ_N,Costs,2050.0,Unmet demand costs: $m,5.419433033427727
KAZ,KAZ_N,Costs,2050.0,Unmet system CO2 backstop cost: $m,0.0
KAZ,KAZ_N,Costs,2050.0,Unmet system planning reserve costs: $m,0.0
KAZ,KAZ_N,Costs,2050.0,Unmet system spinning reserve costs: $m,0.0
KAZ,KAZ_N,Costs,2050.0,VRE curtailment: $m,0.0
KAZ,KAZ_N,Costs,2050.0,Variable O&M: $m,131.2604000210394
KAZ,KAZ_N,DiscountedWeightedCostsCumulated,2026.0,Carbon costs: $m,0.0
KAZ,KAZ_N,DiscountedWeightedCostsCumulated,2026.0,Excess generation: $m,0.0
KAZ,KAZ_N,DiscountedWeightedCostsCumulated,2026.0,Export revenues with external zones: $m,0.0
KAZ,KAZ_N,DiscountedWeightedCostsCumulated,2026.0,Export revenues with internal zones: $m,-546.4251677428672
KAZ,KAZ_N,DiscountedWeightedCostsCumulated,2026.0,Fixed O&M: $m,424.2837990837609
KAZ,KAZ_N,DiscountedWeightedCostsCumulated,2026.0,Fuel costs: $m,724.1539182995006
KAZ,KAZ_N,DiscountedWeightedCostsCumulated,2026.0,Generation costs: $m,0.0
KAZ,KAZ_N,DiscountedWeightedCostsCumulated,2026.0,Import costs with external zones: $m,0.0
KAZ,KAZ_N,DiscountedWeightedCostsCumulated,2026.0,Import costs with internal zones: $m,0.0
KAZ,KAZ_N,DiscountedWeightedCostsCumulated,2026.0,NPV of system cost: $m,0.0
KAZ,KAZ_N,DiscountedWeightedCostsCumulated,2026.0,Spinning reserve costs: $m,0.0
KAZ,KAZ_N,DiscountedWeightedCostsCumulated,2026.0,Startup costs: $m,0.0
KAZ,KAZ_N,DiscountedWeightedCostsCumulated,2026.0,Trade shared benefits: $m,-98.57762944118478
KAZ,KAZ_N,DiscountedWeightedCostsCumulated,2026.0,Transmission costs: $m,0.0
KAZ,KAZ_N,DiscountedWeightedCostsCumulated,2026.0,Unmet country CO2 backstop cost: $m,0.0
KAZ,KAZ_N,DiscountedWeightedCostsCumulated,2026.0,Unmet country planning reserve costs: $m,0.0
KAZ,KAZ_N,DiscountedWeightedCostsCumulated,2026.0,Unmet country spinning reserve costs: $m,0.0
KAZ,KAZ_N,DiscountedWeightedCostsCumulated,2026.0,Unmet demand costs: $m,0.0
KAZ,KAZ_N,DiscountedWeightedCostsCumulated,2026.0,Unmet system CO2 backstop cost: $m,0.0
KAZ,KAZ_N,DiscountedWeightedCostsCumulated,2026.0,Unmet system planning reserve costs: $m,0.0
KAZ,KAZ_N,DiscountedWeightedCostsCumulated,2026.0,Unmet system spinning reserve costs: $m,0.0
KAZ,KAZ_N,DiscountedWeightedCostsCumulated,2026.0,VRE curtailment: $m,0.0
KAZ,KAZ_N,DiscountedWeightedCostsCumulated,2026.0,Variable O&M: $m,950.1720302797352
KAZ,KAZ_N,DiscountedWeightedCostsCumulated,2027.0,Carbon costs: $m,0.0
KAZ,KAZ_N,DiscountedWeightedCostsCumulated,2027.0,Excess generation: $m,0.0
KAZ,KAZ_N,DiscountedWeightedCostsCumulated,2027.0,Export revenues with external zones: $m,0.0
KAZ,KAZ_N,DiscountedWeightedCostsCumulated,2027.0,Export revenues with internal zones: $m,-1210.2383568231398
KAZ,KAZ_N,DiscountedWeightedCostsCumulated,2027.0,Fixed O&M: $m,875.3556098423695
KAZ,KAZ_N,DiscountedWeightedCostsCumulated,2027.0,Fuel costs: $m,1392.205101180848
KAZ,KAZ_N,DiscountedWeightedCostsCumulated,2027.0,Generation costs: $m,0.0
KAZ,KAZ_N,DiscountedWeightedCostsCumulated,2027.0,Import costs with external zones: $m,0.0
KAZ,KAZ_N,DiscountedWeightedCostsCumulated,2027.0,Import costs with internal zones: $m,0.0
KAZ,KAZ_N,DiscountedWeightedCostsCumulated,2027.0,NPV of system cost: $m,0.0
KAZ,KAZ_N,DiscountedWeightedCostsCumulated,2027.0,Spinning reserve costs: $m,0.0
KAZ,KAZ_N,DiscountedWeightedCostsCumulated,2027.0,Startup costs: $m,0.0
KAZ,KAZ_N,DiscountedWeightedCostsCumulated,2027.0,Trade shared benefits: $m,-157.51690177460597
KAZ,KAZ_N,DiscountedWeightedCostsCumulated,2027.0,Transmission costs: $m,0.0
KAZ,KAZ_N,DiscountedWeightedCostsCumulated,2027.0,Unmet country CO2 backstop cost: $m,0.0
KAZ,KAZ_N,DiscountedWeightedCostsCumulated,2027.0,Unmet country planning reserve costs: $m,0.0
KAZ,KAZ_N,DiscountedWeightedCostsCumulated,2027.0,Unmet country spinning reserve costs: $m,0.0
KAZ,KAZ_N,DiscountedWeightedCostsCumulated,2027.0,Unmet demand costs: $m,0.0
KAZ,KAZ_N,DiscountedWeightedCostsCumulated,2027.0,Unmet system CO2 backstop cost: $m,0.0
KAZ,KAZ_N,DiscountedWeightedCostsCumulated,2027.0,Unmet system planning reserve costs: $m,0.0
KAZ,KAZ_N,DiscountedWeightedCostsCumulated,2027.0,Unmet system spinning reserve costs: $m,0.0
KAZ,KAZ_N,DiscountedWeightedCostsCumulated,2027.0,VRE curtailment: $m,0.0
KAZ,KAZ_N,DiscountedWeightedCostsCumulated,2027.0,Variable O&M: $m,1826.1153800312768
KAZ,KAZ_N,DiscountedWeightedCostsCumulated,2028.0,Carbon costs: $m,0.0
KAZ,KAZ_N,DiscountedWeightedCostsCumulated,2028.0,Excess generation: $m,0.0
KAZ,KAZ_N,DiscountedWeightedCostsCumulated,2028.0,Export revenues with external zones: $m,0.0
KAZ,KAZ_N,DiscountedWeightedCostsCumulated,2028.0,Export revenues with internal zones: $m,-1793.5541781480763
KAZ,KAZ_N,DiscountedWeightedCostsCumulated,2028.0,Fixed O&M: $m,1304.5374996582268
KAZ,KAZ_N,DiscountedWeightedCostsCumulated,2028.0,Fuel costs: $m,1992.0860972925936
KAZ,KAZ_N,DiscountedWeightedCostsCumulated,2028.0,Generation costs: $m,0.0
KAZ,KAZ_N,DiscountedWeightedCostsCumulated,2028.0,Import costs with external zones: $m,0.0
KAZ,KAZ_N,DiscountedWeightedCostsCumulated,2028.0,Import costs with internal zones: $m,0.0
KAZ,KAZ_N,DiscountedWeightedCostsCumulated,2028.0,NPV of system cost: $m,0.0
KAZ,KAZ_N,DiscountedWeightedCostsCumulated,2028.0,Spinning reserve costs: $m,0.0
KAZ,KAZ_N,DiscountedWeightedCostsCumulated,2028.0,Startup costs: $m,0.0
KAZ,KAZ_N,DiscountedWeightedCostsCumulated,2028.0,Trade shared benefits: $m,-233.45398193837383
KAZ,KAZ_N,DiscountedWeightedCostsCumulated,2028.0,Transmission costs: $m,0.0
KAZ,KAZ_N,DiscountedWeightedCostsCumulated,2028.0,Unmet country CO2 backstop cost: $m,0.0
KAZ,KAZ_N,DiscountedWeightedCostsCumulated,2028.0,Unmet country planning reserve costs: $m,0.0
KAZ,KAZ_N,DiscountedWeightedCostsCumulated,2028.0,Unmet country spinning reserve costs: $m,0.0
KAZ,KAZ_N,DiscountedWeightedCostsCumulated,2028.0,Unmet demand costs: $m,0.0
KAZ,KAZ_N,DiscountedWeightedCostsCumulated,2028.0,Unmet system CO2 backstop cost: $m,0.0
KAZ,KAZ_N,DiscountedWeightedCostsCumulated,2028.0,Unmet system planning reserve costs: $m,0.0
KAZ,KAZ_N,DiscountedWeightedCostsCumulated,2028.0,Unmet system spinning reserve costs: $m,0.0
KAZ,KAZ_N,DiscountedWeightedCostsCumulated,2028.0,VRE curtailment: $m,0.0
KAZ,KAZ_N,DiscountedWeightedCostsCumulated,2028.0,Variable O&M: $m,2612.553916535816
KAZ,KAZ_N,DiscountedWeightedCostsCumulated,2029.0,Carbon costs: $m,0.0
KAZ,KAZ_N,DiscountedWeightedCostsCumulated,2029.0,Excess generation: $m,0.0
KAZ,KAZ_N,DiscountedWeightedCostsCumulated,2029.0,Export revenues with external zones: $m,0.0
KAZ,KAZ_N,DiscountedWeightedCostsCumulated,2029.0,Export revenues with internal zones: $m,-2253.6807011063493
KAZ,KAZ_N,DiscountedWeightedCostsCumulated,2029.0,Fixed O&M: $m,1723.619948176935
KAZ,KAZ_N,DiscountedWeightedCostsCumulated,2029.0,Fuel costs: $m,2516.9415768805857
KAZ,KAZ_N,DiscountedWeightedCostsCumulated,2029.0,Generation costs: $m,0.0
KAZ,KAZ_N,DiscountedWeightedCostsCumulated,2029.0,Import costs with external zones: $m,0.0
KAZ,KAZ_N,DiscountedWeightedCostsCumulated,2029.0,Import costs with internal zones: $m,0.0
KAZ,KAZ_N,DiscountedWeightedCostsCumulated,2029.0,NPV of system cost: $m,0.0
KAZ,KAZ_N,DiscountedWeightedCostsCumulated,2029.0,Spinning reserve costs: $m,0.0
KAZ,KAZ_N,DiscountedWeightedCostsCumulated,2029.0,Startup costs: $m,0.0
KAZ,KAZ_N,DiscountedWeightedCostsCumulated,2029.0,Trade shared benefits: $m,-363.0000562456768
KAZ,KAZ_N,DiscountedWeightedCostsCumulated,2029.0,Transmission costs: $m,0.0
KAZ,KAZ_N,DiscountedWeightedCostsCumulated,2029.0,Unmet country CO2 backstop cost: $m,0.0
KAZ,KAZ_N,DiscountedWeightedCostsCumulated,2029.0,Unmet country planning reserve costs: $m,0.0
KAZ,KAZ_N,DiscountedWeightedCostsCumulated,2029.0,Unmet country spinning reserve costs: $m,0.0
KAZ,KAZ_N,DiscountedWeightedCostsCumulated,2029.0,Unmet demand costs: $m,0.0
KAZ,KAZ_N,DiscountedWeightedCostsCumulated,2029.0,Unmet system CO2 backstop cost: $m,0.0
KAZ,KAZ_N,DiscountedWeightedCostsCumulated,2029.0,Unmet system planning reserve costs: $m,0.0
KAZ,KAZ_N,DiscountedWeightedCostsCumulated,2029.0,Unmet system spinning reserve costs: $m,0.0
KAZ,KAZ_N,DiscountedWeightedCostsCumulated,2029.0,VRE curtailment: $m,0.0
KAZ,KAZ_N,DiscountedWeightedCostsCumulated,2029.0,Variable O&M: $m,3300.237573421268
KAZ,KAZ_N,DiscountedWeightedCostsCumulated,2030.0,Carbon costs: $m,0.0
KAZ,KAZ_N,DiscountedWeightedCostsCumulated,2030.0,Excess generation: $m,0.0
KAZ,KAZ_N,DiscountedWeightedCostsCumulated,2030.0,Export revenues with external zones: $m,0.0
KAZ,KAZ_N,DiscountedWeightedCostsCumulated,2030.0,Export revenues with internal zones: $m,-2734.4947898234304
KAZ,KAZ_N,DiscountedWeightedCostsCumulated,2030.0,Fixed O&M: $m,2094.392606526405
KAZ,KAZ_N,DiscountedWeightedCostsCumulated,2030.0,Fuel costs: $m,2926.736322520136
KAZ,KAZ_N,DiscountedWeightedCostsCumulated,2030.0,Generation costs: $m,0.0
KAZ,KAZ_N,DiscountedWeightedCostsCumulated,2030.0,Import costs with external zones: $m,0.0
KAZ,KAZ_N,DiscountedWeightedCostsCumulated,2030.0,Import costs with internal zones: $m,0.0
KAZ,KAZ_N,DiscountedWeightedCostsCumulated,2030.0,NPV of system cost: $m,0.0
KAZ,KAZ_N,DiscountedWeightedCostsCumulated,2030.0,Spinning reserve costs: $m,0.0
KAZ,KAZ_N,DiscountedWeightedCostsCumulated,2030.0,Startup costs: $m,0.0
KAZ,KAZ_N,DiscountedWeightedCostsCumulated,2030.0,Trade shared benefits: $m,-377.394208592691
KAZ,KAZ_N,DiscountedWeightedCostsCumulated,2030.0,Transmission costs: $m,0.0
KAZ,KAZ_N,DiscountedWeightedCostsCumulated,2030.0,Unmet country CO2 backstop cost: $m,0.0
KAZ,KAZ_N,DiscountedWeightedCostsCumulated,2030.0,Unmet country planning reserve costs: $m,0.0
KAZ,KAZ_N,DiscountedWeightedCostsCumulated,2030.0,Unmet country spinning reserve costs: $m,0.0
KAZ,KAZ_N,DiscountedWeightedCostsCumulated,2030.0,Unmet demand costs: $m,0.0
KAZ,KAZ_N,DiscountedWeightedCostsCumulated,2030.0,Unmet system CO2 backstop cost: $m,0.0
KAZ,KAZ_N,DiscountedWeightedCostsCumulated,2030.0,Unmet system planning reserve costs: $m,0.0
KAZ,KAZ_N,DiscountedWeightedCostsCumulated,2030.0,Unmet system spinning reserve costs: $m,0.0
KAZ,KAZ_N,DiscountedWeightedCostsCumulated,2030.0,VRE curtailment: $m,0.0
KAZ,KAZ_N,DiscountedWeightedCostsCumulated,2030.0,Variable O&M: $m,3835.122982939137
KAZ,KAZ_N,DiscountedWeightedCostsCumulated,2031.0,Carbon costs: $m,0.0
KAZ,KAZ_N,DiscountedWeightedCostsCumulated,2031.0,Excess generation: $m,0.0
KAZ,KAZ_N,DiscountedWeightedCostsCumulated,2031.0,Export revenues with external zones: $m,0.0
KAZ,KAZ_N,DiscountedWeightedCostsCumulated,2031.0,Export revenues with internal zones: $m,-3181.434934314816
KAZ,KAZ_N,DiscountedWeightedCostsCumulated,2031.0,Fixed O&M: $m,2458.297095062885
KAZ,KAZ_N,DiscountedWeightedCostsCumulated,2031.0,Fuel costs: $m,3287.1646956877075
KAZ,KAZ_N,DiscountedWeightedCostsCumulated,2031.0,Generation costs: $m,0.0
KAZ,KAZ_N,DiscountedWeightedCostsCumulated,2031.0,Import costs with external zones: $m,0.0
KAZ,KAZ_N,DiscountedWeightedCostsCumulated,2031.0,Import costs with internal zones: $m,0.0
KAZ,KAZ_N,DiscountedWeightedCostsCumulated,2031.0,NPV of system cost: $m,0.0
KAZ,KAZ_N,DiscountedWeightedCostsCumulated,2031.0,Spinning reserve costs: $m,0.0
KAZ,KAZ_N,DiscountedWeightedCostsCumulated,2031.0,Startup costs: $m,0.0
KAZ,KAZ_N,DiscountedWeightedCostsCumulated,2031.0,Trade shared benefits: $m,-411.7252405114386
KAZ,KAZ_N,DiscountedWeightedCostsCumulated,2031.0,Transmission costs: $m,0.0
KAZ,KAZ_N,DiscountedWeightedCostsCumulated,2031.0,Unmet country CO2 backstop cost: $m,0.0
KAZ,KAZ_N,DiscountedWeightedCostsCumulated,2031.0,Unmet country planning reserve costs: $m,0.0
KAZ,KAZ_N,DiscountedWeightedCostsCumulated,2031.0,Unmet country spinning reserve costs: $m,0.0
KAZ,KAZ_N,DiscountedWeightedCostsCumulated,2031.0,Unmet demand costs: $m,0.0
KAZ,KAZ_N,DiscountedWeightedCostsCumulated,2031.0,Unmet system CO2 backstop cost: $m,0.0
KAZ,KAZ_N,DiscountedWeightedCostsCumulated,2031.0,Unmet system planning reserve costs: $m,0.0
KAZ,KAZ_N,DiscountedWeightedCostsCumulated,2031.0,Unmet system spinning reserve costs: $m,0.0
KAZ,KAZ_N,DiscountedWeightedCostsCumulated,2031.0,VRE curtailment: $m,0.0
KAZ,KAZ_N,DiscountedWeightedCostsCumulated,2031.0,Variable O&M: $m,4305.36099111269
KAZ,KAZ_N,DiscountedWeightedCostsCumulated,2032.0,Carbon costs: $m,0.0
KAZ,KAZ_N,DiscountedWeightedCostsCumulated,2032.0,Excess generation: $m,0.0
KAZ,KAZ_N,DiscountedWeightedCostsCumulated,2032.0,Export revenues with external zones: $m,0.0
KAZ,KAZ_N,DiscountedWeightedCostsCumulated,2032.0,Export revenues with internal zones: $m,-3537.278250840889
KAZ,KAZ_N,DiscountedWeightedCostsCumulated,2032.0,Fixed O&M: $m,2789.119357368776
KAZ,KAZ_N,DiscountedWeightedCostsCumulated,2032.0,Fuel costs: $m,3618.97510736467
KAZ,KAZ_N,DiscountedWeightedCostsCumulated,2032.0,Generation costs: $m,0.0
KAZ,KAZ_N,DiscountedWeightedCostsCumulated,2032.0,Import costs with external zones: $m,0.0
KAZ,KAZ_N,DiscountedWeightedCostsCumulated,2032.0,Import costs with internal zones: $m,0.0
KAZ,KAZ_N,DiscountedWeightedCostsCumulated,2032.0,NPV of system cost: $m,0.0
KAZ,KAZ_N,DiscountedWeightedCostsCumulated,2032.0,Spinning reserve costs: $m,0.0
KAZ,KAZ_N,DiscountedWeightedCostsCumulated,2032.0,Startup costs: $m,0.0
KAZ,KAZ_N,DiscountedWeightedCostsCumulated,2032.0,Trade shared benefits: $m,-417.92535817170193
KAZ,KAZ_N,DiscountedWeightedCostsCumulated,2032.0,Transmission costs: $m,0.0
KAZ,KAZ_N,DiscountedWeightedCostsCumulated,2032.0,Unmet country CO2 backstop cost: $m,0.0
KAZ,KAZ_N,DiscountedWeightedCostsCumulated,2032.0,Unmet country planning reserve costs: $m,0.0
KAZ,KAZ_N,DiscountedWeightedCostsCumulated,2032.0,Unmet country spinning reserve costs: $m,0.0
KAZ,KAZ_N,DiscountedWeightedCostsCumulated,2032.0,Unmet demand costs: $m,0.0
KAZ,KAZ_N,DiscountedWeightedCostsCumulated,2032.0,Unmet system CO2 backstop cost: $m,0.0
KAZ,KAZ_N,DiscountedWeightedCostsCumulated,2032.0,Unmet system planning reserve costs: $m,0.0
KAZ,KAZ_N,DiscountedWeightedCostsCumulated,2032.0,Unmet system spinning reserve costs: $m,0.0
KAZ,KAZ_N,DiscountedWeightedCostsCumulated,2032.0,VRE curtailment: $m,0.0
KAZ,KAZ_N,DiscountedWeightedCostsCumulated,2032.0,Variable O&M: $m,4738.257052398139
KAZ,KAZ_N,DiscountedWeightedCostsCumulated,2033.0,Carbon costs: $m,0.0
KAZ,KAZ_N,DiscountedWeightedCostsCumulated,2033.0,Excess generation: $m,0.0
KAZ,KAZ_N,DiscountedWeightedCostsCumulated,2033.0,Export revenues with external zones: $m,0.0
KAZ,KAZ_N,DiscountedWeightedCostsCumulated,2033.0,Export revenues with internal zones: $m,-3772.935432735738
KAZ,KAZ_N,DiscountedWeightedCostsCumulated,2033.0,Fixed O&M: $m,3089.769683480007
KAZ,KAZ_N,DiscountedWeightedCostsCumulated,2033.0,Fuel costs: $m,3864.522818490511
KAZ,KAZ_N,DiscountedWeightedCostsCumulated,2033.0,Generation costs: $m,0.0
KAZ,KAZ_N,DiscountedWeightedCostsCumulated,2033.0,Import costs with external zones: $m,0.0
KAZ,KAZ_N,DiscountedWeightedCostsCumulated,2033.0,Import costs with internal zones: $m,1.1352390686295282
KAZ,KAZ_N,DiscountedWeightedCostsCumulated,2033.0,NPV of system cost: $m,0.0
KAZ,KAZ_N,DiscountedWeightedCostsCumulated,2033.0,Spinning reserve costs: $m,0.0
KAZ,KAZ_N,DiscountedWeightedCostsCumulated,2033.0,Startup costs: $m,0.0
KAZ,KAZ_N,DiscountedWeightedCostsCumulated,2033.0,Trade shared benefits: $m,-420.5788940529695
KAZ,KAZ_N,DiscountedWeightedCostsCumulated,2033.0,Transmission costs: $m,0.0
KAZ,KAZ_N,DiscountedWeightedCostsCumulated,2033.0,Unmet country CO2 backstop cost: $m,0.0
KAZ,KAZ_N,DiscountedWeightedCostsCumulated,2033.0,Unmet country planning reserve costs: $m,0.0
KAZ,KAZ_N,DiscountedWeightedCostsCumulated,2033.0,Unmet country spinning reserve costs: $m,0.0
KAZ,KAZ_N,DiscountedWeightedCostsCumulated,2033.0,Unmet demand costs: $m,0.0
KAZ,KAZ_N,DiscountedWeightedCostsCumulated,2033.0,Unmet system CO2 backstop cost: $m,0.0
KAZ,KAZ_N,DiscountedWeightedCostsCumulated,2033.0,Unmet system planning reserve costs: $m,0.0
KAZ,KAZ_N,DiscountedWeightedCostsCumulated,2033.0,Unmet system spinning reserve costs: $m,0.0
KAZ,KAZ_N,DiscountedWeightedCostsCumulated,2033.0,VRE curtailment: $m,0.0
KAZ,KAZ_N,DiscountedWeightedCostsCumulated,2033.0,Variable O&M: $m,5064.106365790904
KAZ,KAZ_N,DiscountedWeightedCostsCumulated,2034.0,Carbon costs: $m,0.0
KAZ,KAZ_N,DiscountedWeightedCostsCumulated,2034.0,Excess generation: $m,0.0
KAZ,KAZ_N,DiscountedWeightedCostsCumulated,2034.0,Export revenues with external zones: $m,0.0
KAZ,KAZ_N,DiscountedWeightedCostsCumulated,2034.0,Export revenues with internal zones: $m,-3939.049717329408
KAZ,KAZ_N,DiscountedWeightedCostsCumulated,2034.0,Fixed O&M: $m,3359.949351515665
KAZ,KAZ_N,DiscountedWeightedCostsCumulated,2034.0,Fuel costs: $m,4083.3371519610696
KAZ,KAZ_N,DiscountedWeightedCostsCumulated,2034.0,Generation costs: $m,0.0
KAZ,KAZ_N,DiscountedWeightedCostsCumulated,2034.0,Import costs with external zones: $m,0.0
KAZ,KAZ_N,DiscountedWeightedCostsCumulated,2034.0,Import costs with internal zones: $m,7.663844296098706
KAZ,KAZ_N,DiscountedWeightedCostsCumulated,2034.0,NPV of system cost: $m,0.0
KAZ,KAZ_N,DiscountedWeightedCostsCumulated,2034.0,Spinning reserve costs: $m,0.0
KAZ,KAZ_N,DiscountedWeightedCostsCumulated,2034.0,Startup costs: $m,0.0
KAZ,KAZ_N,DiscountedWeightedCostsCumulated,2034.0,Trade shared benefits: $m,-420.5966771544215
KAZ,KAZ_N,DiscountedWeightedCostsCumulated,2034.0,Transmission costs: $m,0.0
KAZ,KAZ_N,DiscountedWeightedCostsCumulated,2034.0,Unmet country CO2 backstop cost: $m,0.0
KAZ,KAZ_N,DiscountedWeightedCostsCumulated,2034.0,Unmet country planning reserve costs: $m,0.0
KAZ,KAZ_N,DiscountedWeightedCostsCumulated,2034.0,Unmet country spinning reserve costs: $m,0.0
KAZ,KAZ_N,DiscountedWeightedCostsCumulated,2034.0,Unmet demand costs: $m,0.0
KAZ,KAZ_N,DiscountedWeightedCostsCumulated,2034.0,Unmet system CO2 backstop cost: $m,0.0
KAZ,KAZ_N,DiscountedWeightedCostsCumulated,2034.0,Unmet system planning reserve costs: $m,0.0
KAZ,KAZ_N,DiscountedWeightedCostsCumulated,2034.0,Unmet system spinning reserve costs: $m,0.0
KAZ,KAZ_N,DiscountedWeightedCostsCumulated,2034.0,VRE curtailment: $m,0.0
KAZ,KAZ_N,DiscountedWeightedCostsCumulated,2034.0,Variable O&M: $m,5354.443077269928
KAZ,KAZ_N,DiscountedWeightedCostsCumulated,2035.0,Carbon costs: $m,0.0
KAZ,KAZ_N,DiscountedWeightedCostsCumulated,2035.0,Excess generation: $m,0.0
KAZ,KAZ_N,DiscountedWeightedCostsCumulated,2035.0,Export revenues with external zones: $m,0.0
KAZ,KAZ_N,DiscountedWeightedCostsCumulated,2035.0,Export revenues with internal zones: $m,-4072.858394125694
KAZ,KAZ_N,DiscountedWeightedCostsCumulated,2035.0,Fixed O&M: $m,3605.5672315480815
KAZ,KAZ_N,DiscountedWeightedCostsCumulated,2035.0,Fuel costs: $m,4282.971176817503
KAZ,KAZ_N,DiscountedWeightedCostsCumulated,2035.0,Generation costs: $m,0.0
KAZ,KAZ_N,DiscountedWeightedCostsCumulated,2035.0,Import costs with external zones: $m,0.0
KAZ,KAZ_N,DiscountedWeightedCostsCumulated,2035.0,Import costs with internal zones: $m,22.81858610681062
KAZ,KAZ_N,DiscountedWeightedCostsCumulated,2035.0,NPV of system cost: $m,0.0
KAZ,KAZ_N,DiscountedWeightedCostsCumulated,2035.0,Spinning reserve costs: $m,0.0
KAZ,KAZ_N,DiscountedWeightedCostsCumulated,2035.0,Startup costs: $m,0.0
KAZ,KAZ_N,DiscountedWeightedCostsCumulated,2035.0,Trade shared benefits: $m,-420.6061075870097
KAZ,KAZ_N,DiscountedWeightedCostsCumulated,2035.0,Transmission costs: $m,0.0
KAZ,KAZ_N,DiscountedWeightedCostsCumulated,2035.0,Unmet country CO2 backstop cost: $m,0.0
KAZ,KAZ_N,DiscountedWeightedCostsCumulated,2035.0,Unmet country planning reserve costs: $m,0.0
KAZ,KAZ_N,DiscountedWeightedCostsCumulated,2035.0,Unmet country spinning reserve costs: $m,0.0
KAZ,KAZ_N,DiscountedWeightedCostsCumulated,2035.0,Unmet demand costs: $m,0.0
KAZ,KAZ_N,DiscountedWeightedCostsCumulated,2035.0,Unmet system CO2 backstop cost: $m,0.0
KAZ,KAZ_N,DiscountedWeightedCostsCumulated,2035.0,Unmet system planning reserve costs: $m,0.0
KAZ,KAZ_N,DiscountedWeightedCostsCumulated,2035.0,Unmet system spinning reserve costs: $m,0.0
KAZ,KAZ_N,DiscountedWeightedCostsCumulated,2035.0,VRE curtailment: $m,0.0
KAZ,KAZ_N,DiscountedWeightedCostsCumulated,2035.0,Variable O&M: $m,5619.34013762313
KAZ,KAZ_N,DiscountedWeightedCostsCumulated,2040.0,Carbon costs: $m,0.0
KAZ,KAZ_N,DiscountedWeightedCostsCumulated,2040.0,Excess generation: $m,0.0
KAZ,KAZ_N,DiscountedWeightedCostsCumulated,2040.0,Export revenues with external zones: $m,0.0
KAZ,KAZ_N,DiscountedWeightedCostsCumulated,2040.0,Export revenues with internal zones: $m,-4316.196271893092
KAZ,KAZ_N,DiscountedWeightedCostsCumulated,2040.0,Fixed O&M: $m,4608.33184568152
KAZ,KAZ_N,DiscountedWeightedCostsCumulated,2040.0,Fuel costs: $m,4904.621335030127
KAZ,KAZ_N,DiscountedWeightedCostsCumulated,2040.0,Generation costs: $m,0.0
KAZ,KAZ_N,DiscountedWeightedCostsCumulated,2040.0,Import costs with external zones: $m,0.0
KAZ,KAZ_N,DiscountedWeightedCostsCumulated,2040.0,Import costs with internal zones: $m,185.0447933651374
KAZ,KAZ_N,DiscountedWeightedCostsCumulated,2040.0,NPV of system cost: $m,0.0
KAZ,KAZ_N,DiscountedWeightedCostsCumulated,2040.0,Spinning reserve costs: $m,0.0
KAZ,KAZ_N,DiscountedWeightedCostsCumulated,2040.0,Startup costs: $m,0.0
KAZ,KAZ_N,DiscountedWeightedCostsCumulated,2040.0,Trade shared benefits: $m,-421.58632398651054
KAZ,KAZ_N,DiscountedWeightedCostsCumulated,2040.0,Transmission costs: $m,0.0
KAZ,KAZ_N,DiscountedWeightedCostsCumulated,2040.0,Unmet country CO2 backstop cost: $m,0.0
KAZ,KAZ_N,DiscountedWeightedCostsCumulated,2040.0,Unmet country planning reserve costs: $m,0.0
KAZ,KAZ_N,DiscountedWeightedCostsCumulated,2040.0,Unmet country spinning reserve costs: $m,0.0
KAZ,KAZ_N,DiscountedWeightedCostsCumulated,2040.0,Unmet demand costs: $m,0.0
KAZ,KAZ_N,DiscountedWeightedCostsCumulated,2040.0,Unmet system CO2 backstop cost: $m,0.0
KAZ,KAZ_N,DiscountedWeightedCostsCumulated,2040.0,Unmet system planning reserve costs: $m,0.0
KAZ,KAZ_N,DiscountedWeightedCostsCumulated,2040.0,Unmet system spinning reserve costs: $m,0.0
KAZ,KAZ_N,DiscountedWeightedCostsCumulated,2040.0,VRE curtailment: $m,0.0
KAZ,KAZ_N,DiscountedWeightedCostsCumulated,2040.0,Variable O&M: $m,6444.451087989994
KAZ,KAZ_N,DiscountedWeightedCostsCumulated,2045.0,Carbon costs: $m,0.0
KAZ,KAZ_N,DiscountedWeightedCostsCumulated,2045.0,Excess generation: $m,0.0
KAZ,KAZ_N,DiscountedWeightedCostsCumulated,2045.0,Export revenues with external zones: $m,0.0
KAZ,KAZ_N,DiscountedWeightedCostsCumulated,2045.0,Export revenues with internal zones: $m,-4423.458350473967
KAZ,KAZ_N,DiscountedWeightedCostsCumulated,2045.0,Fixed O&M: $m,5369.803616429444
KAZ,KAZ_N,DiscountedWeightedCostsCumulated,2045.0,Fuel costs: $m,5029.162981146339
KAZ,KAZ_N,DiscountedWeightedCostsCumulated,2045.0,Generation costs: $m,0.0
KAZ,KAZ_N,DiscountedWeightedCostsCumulated,2045.0,Import costs with external zones: $m,0.0
KAZ,KAZ_N,DiscountedWeightedCostsCumulated,2045.0,Import costs with internal zones: $m,251.91658315641712
KAZ,KAZ_N,DiscountedWeightedCostsCumulated,2045.0,NPV of system cost: $m,0.0
KAZ,KAZ_N,DiscountedWeightedCostsCumulated,2045.0,Spinning reserve costs: $m,0.0
KAZ,KAZ_N,DiscountedWeightedCostsCumulated,2045.0,Startup costs: $m,0.0
KAZ,KAZ_N,DiscountedWeightedCostsCumulated,2045.0,Trade shared benefits: $m,-421.6707734679944
KAZ,KAZ_N,DiscountedWeightedCostsCumulated,2045.0,Transmission costs: $m,0.0
KAZ,KAZ_N,DiscountedWeightedCostsCumulated,2045.0,Unmet country CO2 backstop cost: $m,0.0
KAZ,KAZ_N,DiscountedWeightedCostsCumulated,2045.0,Unmet country planning reserve costs: $m,0.0
KAZ,KAZ_N,DiscountedWeightedCostsCumulated,2045.0,Unmet country spinning reserve costs: $m,0.0
KAZ,KAZ_N,DiscountedWeightedCostsCumulated,2045.0,Unmet demand costs: $m,0.9957099104180654
KAZ,KAZ_N,DiscountedWeightedCostsCumulated,2045.0,Unmet system CO2 backstop cost: $m,0.0
KAZ,KAZ_N,DiscountedWeightedCostsCumulated,2045.0,Unmet system planning reserve costs: $m,0.0
KAZ,KAZ_N,DiscountedWeightedCostsCumulated,2045.0,Unmet system spinning reserve costs: $m,0.0
KAZ,KAZ_N,DiscountedWeightedCostsCumulated,2045.0,VRE curtailment: $m,0.0
KAZ,KAZ_N,DiscountedWeightedCostsCumulated,2045.0,Variable O&M: $m,6632.088749187689
KAZ,KAZ_N,DiscountedWeightedCostsCumulated,2050.0,Carbon costs: $m,0.0
KAZ,KAZ_N,DiscountedWeightedCostsCumulated,2050.0,Excess generation: $m,0.0
KAZ,KAZ_N,DiscountedWeightedCostsCumulated,2050.0,Export revenues with external zones: $m,0.0
KAZ,KAZ_N,DiscountedWeightedCostsCumulated,2050.0,Export revenues with internal zones: $m,-4484.255282724134
KAZ,KAZ_N,DiscountedWeightedCostsCumulated,2050.0,Fixed O&M: $m,5922.716729364126
KAZ,KAZ_N,DiscountedWeightedCostsCumulated,2050.0,Fuel costs: $m,5081.579143474358
KAZ,KAZ_N,DiscountedWeightedCostsCumulated,2050.0,Generation costs: $m,0.0
KAZ,KAZ_N,DiscountedWeightedCostsCumulated,2050.0,Import costs with external zones: $m,0.0
KAZ,KAZ_N,DiscountedWeightedCostsCumulated,2050.0,Import costs with internal zones: $m,276.3203203273632
KAZ,KAZ_N,DiscountedWeightedCostsCumulated,2050.0,NPV of system cost: $m,0.0
KAZ,KAZ_N,DiscountedWeightedCostsCumulated,2050.0,Spinning reserve costs: $m,0.0
KAZ,KAZ_N,DiscountedWeightedCostsCumulated,2050.0,Startup costs: $m,0.0
KAZ,KAZ_N,DiscountedWeightedCostsCumulated,2050.0,Trade shared benefits: $m,-421.67077346799454
KAZ,KAZ_N,DiscountedWeightedCostsCumulated,2050.0,Transmission costs: $m,0.0
KAZ,KAZ_N,DiscountedWeightedCostsCumulated,2050.0,Unmet country CO2 backstop cost: $m,0.0
KAZ,KAZ_N,DiscountedWeightedCostsCumulated,2050.0,Unmet country planning reserve costs: $m,0.0
KAZ,KAZ_N,DiscountedWeightedCostsCumulated,2050.0,Unmet country spinning reserve costs: $m,0.0
KAZ,KAZ_N,DiscountedWeightedCostsCumulated,2050.0,Unmet demand costs: $m,4.486961348691667
KAZ,KAZ_N,DiscountedWeightedCostsCumulated,2050.0,Unmet system CO2 backstop cost: $m,0.0
KAZ,KAZ_N,DiscountedWeightedCostsCumulated,2050.0,Unmet system planning reserve costs: $m,0.0
KAZ,KAZ_N,DiscountedWeightedCostsCumulated,2050.0,Unmet system spinning reserve costs: $m,0.0
KAZ,KAZ_N,DiscountedWeightedCostsCumulated,2050.0,VRE curtailment: $m,0.0
KAZ,KAZ_N,DiscountedWeightedCostsCumulated,2050.0,Variable O&M: $m,6716.647974762615
KAZ,KAZ_N,GenCostsPerMWh,2026.0,Fixed O&M: $m,4.450119058721295
KAZ,KAZ_N,GenCostsPerMWh,2026.0,Investment costs: $m,3.5515767871225625
KAZ,KAZ_N,GenCostsPerMWh,2026.0,Variable Cost: $m,17.561240448903288
KAZ,KAZ_N,GenCostsPerMWh,2027.0,Fixed O&M: $m,4.697988969448573
KAZ,KAZ_N,GenCostsPerMWh,2027.0,Investment costs: $m,6.703072012487681
KAZ,KAZ_N,GenCostsPerMWh,2027.0,Variable Cost: $m,16.08096340801941
KAZ,KAZ_N,GenCostsPerMWh,2028.0,Fixed O&M: $m,4.791488571683685
KAZ,KAZ_N,GenCostsPerMWh,2028.0,Investment costs: $m,7.995322049090638
KAZ,KAZ_N,GenCostsPerMWh,2028.0,Variable Cost: $m,15.47720058757096
KAZ,KAZ_N,GenCostsPerMWh,2029.0,Fixed O&M: $m,4.993139224106003
KAZ,KAZ_N,GenCostsPerMWh,2029.0,Investment costs: $m,10.106851895274067
KAZ,KAZ_N,GenCostsPerMWh,2029.0,Variable Cost: $m,14.44674370040795
KAZ,KAZ_N,GenCostsPerMWh,2030.0,Fixed O&M: $m,4.951440527995778
KAZ,KAZ_N,GenCostsPerMWh,2030.0,Investment costs: $m,13.466173989002868
KAZ,KAZ_N,GenCostsPerMWh,2030.0,Variable Cost: $m,12.615621731824149
KAZ,KAZ_N,GenCostsPerMWh,2031.0,Fixed O&M: $m,5.116872157526265
KAZ,KAZ_N,GenCostsPerMWh,2031.0,Investment costs: $m,15.43662552819931
KAZ,KAZ_N,GenCostsPerMWh,2031.0,Variable Cost: $m,11.680025426373312
KAZ,KAZ_N,GenCostsPerMWh,2032.0,Fixed O&M: $m,5.083674549565509
KAZ,KAZ_N,GenCostsPerMWh,2032.0,Investment costs: $m,15.336474688634478
KAZ,KAZ_N,GenCostsPerMWh,2032.0,Variable Cost: $m,11.751079892236724
KAZ,KAZ_N,GenCostsPerMWh,2033.0,Fixed O&M: $m,5.187257705871191
KAZ,KAZ_N,GenCostsPerMWh,2033.0,Investment costs: $m,19.43773185347928
KAZ,KAZ_N,GenCostsPerMWh,2033.0,Variable Cost: $m,9.858574433907068
KAZ,KAZ_N,GenCostsPerMWh,2034.0,Fixed O&M: $m,5.172610386442042
KAZ,KAZ_N,GenCostsPerMWh,2034.0,Investment costs: $m,19.60802536434252
KAZ,KAZ_N,GenCostsPerMWh,2034.0,Variable Cost: $m,9.747735655025055
KAZ,KAZ_N,GenCostsPerMWh,2035.0,Fixed O&M: $m,5.16454701038431
KAZ,KAZ_N,GenCostsPerMWh,2035.0,Investment costs: $m,19.57745919553216
KAZ,KAZ_N,GenCostsPerMWh,2035.0,Variable Cost: $m,9.767581362697904
KAZ,KAZ_N,GenCostsPerMWh,2040.0,Fixed O&M: $m,5.426447660487249
KAZ,KAZ_N,GenCostsPerMWh,2040.0,Investment costs: $m,23.19387708266925
KAZ,KAZ_N,GenCostsPerMWh,2040.0,Variable Cost: $m,7.829128912491109
KAZ,KAZ_N,GenCostsPerMWh,2045.0,Fixed O&M: $m,6.08977598722972
KAZ,KAZ_N,GenCostsPerMWh,2045.0,Investment costs: $m,33.910817785521004
KAZ,KAZ_N,GenCostsPerMWh,2045.0,Variable Cost: $m,2.4966152685121155
KAZ,KAZ_N,GenCostsPerMWh,2050.0,Fixed O&M: $m,6.483558094525933
KAZ,KAZ_N,GenCostsPerMWh,2050.0,Investment costs: $m,36.047753702495314
KAZ,KAZ_N,GenCostsPerMWh,2050.0,Variable Cost: $m,1.6061979074348327
KAZ,KAZ_N,NetPresentCostPerMWh,,Carbon costs: $m,0.0
KAZ,KAZ_N,NetPresentCostPerMWh,,Excess generation: $m,0.0
KAZ,KAZ_N,NetPresentCostPerMWh,,Export revenues with external zones: $m,0.0
KAZ,KAZ_N,NetPresentCostPerMWh,,Export revenues with internal zones: $m,-4.440542840011243
KAZ,KAZ_N,NetPresentCostPerMWh,,Fixed O&M: $m,5.864982189420687
KAZ,KAZ_N,NetPresentCostPerMWh,,Fuel costs: $m,5.032043998127948
KAZ,KAZ_N,NetPresentCostPerMWh,,Generation costs: $m,0.0
KAZ,KAZ_N,NetPresentCostPerMWh,,Import costs with external zones: $m,0.0
KAZ,KAZ_N,NetPresentCostPerMWh,,Import costs with internal zones: $m,0.2736267546378156
KAZ,KAZ_N,NetPresentCostPerMWh,,NPV of system cost: $m,0.0
KAZ,KAZ_N,NetPresentCostPerMWh,,Spinning reserve costs: $m,0.0
KAZ,KAZ_N,NetPresentCostPerMWh,,Startup costs: $m,0.0
KAZ,KAZ_N,NetPresentCostPerMWh,,Trade shared benefits: $m,-0.4175603340824554
KAZ,KAZ_N,NetPresentCostPerMWh,,Transmission costs: $m,0.0
KAZ,KAZ_N,NetPresentCostPerMWh,,Unmet country CO2 backstop cost: $m,0.0
KAZ,KAZ_N,NetPresentCostPerMWh,,Unmet country planning reserve costs: $m,0.0
KAZ,KAZ_N,NetPresentCostPerMWh,,Unmet country spinning reserve costs: $m,0.0
KAZ,KAZ_N,NetPresentCostPerMWh,,Unmet demand costs: $m,0.0044432225272946
KAZ,KAZ_N,NetPresentCostPerMWh,,Unmet system CO2 backstop cost: $m,0.0
KAZ,KAZ_N,NetPresentCostPerMWh,,Unmet system planning reserve costs: $m,0.0
KAZ,KAZ_N,NetPresentCostPerMWh,,Unmet system spinning reserve costs: $m,0.0
KAZ,KAZ_N,NetPresentCostPerMWh,,VRE curtailment: $m,0.0
KAZ,KAZ_N,NetPresentCostPerMWh,,Variable O&M: $m,6.651174206810424
KAZ,KAZ_S,Costs,2026.0,Carbon costs: $m,0.0
KAZ,KAZ_S,Costs,2026.0,Excess generation: $m,0.0
KAZ,KAZ_S,Costs,2026.0,Export revenues with external zones: $m,0.0
KAZ,KAZ_S,Costs,2026.0,Export revenues with internal zones: $m,-964.0449467316936
KAZ,KAZ_S,Costs,2026.0,Fixed O&M: $m,126.61083294
KAZ,KAZ_S,Costs,2026.0,Fuel costs: $m,496.6132673689255
KAZ,KAZ_S,Costs,2026.0,Generation costs: $m,0.0
KAZ,KAZ_S,Costs,2026.0,Import costs with external zones: $m,0.0
KAZ,KAZ_S,Costs,2026.0,Import costs with internal zones: $m,743.5804266252375
KAZ,KAZ_S,Costs,2026.0,NPV of system cost: $m,0.0
KAZ,KAZ_S,Costs,2026.0,Spinning reserve costs: $m,0.0
KAZ,KAZ_S,Costs,2026.0,Startup costs: $m,0.0
KAZ,KAZ_S,Costs,2026.0,Trade shared benefits: $m,-105.41874969234772
KAZ,KAZ_S,Costs,2026.0,Transmission costs: $m,0.0
KAZ,KAZ_S,Costs,2026.0,Unmet country CO2 backstop cost: $m,0.0
KAZ,KAZ_S,Costs,2026.0,Unmet country planning reserve costs: $m,0.0
KAZ,KAZ_S,Costs,2026.0,Unmet country spinning reserve costs: $m,0.0
KAZ,KAZ_S,Costs,2026.0,Unmet demand costs: $m,0.0
KAZ,KAZ_S,Costs,2026.0,Unmet system CO2 backstop cost: $m,0.0
KAZ,KAZ_S,Costs,2026.0,Unmet system planning reserve costs: $m,0.0
KAZ,KAZ_S,Costs,2026.0,Unmet system spinning reserve costs: $m,0.0
KAZ,KAZ_S,Costs,2026.0,VRE curtailment: $m,0.0
KAZ,KAZ_S,Costs,2026.0,Variable O&M: $m,309.9847043530432
KAZ,KAZ_S,Costs,2027.0,Carbon costs: $m,0.0
KAZ,KAZ_S,Costs,2027.0,Excess generation: $m,0.0
KAZ,KAZ_S,Costs,2027.0,Export revenues with external zones: $m,0.0
KAZ,KAZ_S,Costs,2027.0,Export revenues with internal zones: $m,-1101.993360577824
KAZ,KAZ_S,Costs,2027.0,Fixed O&M: $m,151.26457127999998
KAZ,KAZ_S,Costs,2027.0,Fuel costs: $m,494.8683076487861
KAZ,KAZ_S,Costs,2027.0,Generation costs: $m,0.0
KAZ,KAZ_S,Costs,2027.0,Import costs with external zones: $m,0.0
KAZ,KAZ_S,Costs,2027.0,Import costs with internal zones: $m,819.8452068954393
KAZ,KAZ_S,Costs,2027.0,NPV of system cost: $m,0.0
KAZ,KAZ_S,Costs,2027.0,Spinning reserve costs: $m,0.0
KAZ,KAZ_S,Costs,2027.0,Startup costs: $m,0.0
KAZ,KAZ_S,Costs,2027.0,Trade shared benefits: $m,-81.65723573461665
KAZ,KAZ_S,Costs,2027.0,Transmission costs: $m,0.0
KAZ,KAZ_S,Costs,2027.0,Unmet country CO2 backstop cost: $m,0.0
KAZ,KAZ_S,Costs,2027.0,Unmet country planning reserve costs: $m,0.0
KAZ,KAZ_S,Costs,2027.0,Unmet country spinning reserve costs: $m,0.0
KAZ,KAZ_S,Costs,2027.0,Unmet demand costs: $m,0.0
KAZ,KAZ_S,Costs,2027.0,Unmet system CO2 backstop cost: $m,0.0
KAZ,KAZ_S,Costs,2027.0,Unmet system planning reserve costs: $m,0.0
KAZ,KAZ_S,Costs,2027.0,Unmet system spinning reserve costs: $m,0.0
KAZ,KAZ_S,Costs,2027.0,VRE curtailment: $m,0.0
KAZ,KAZ_S,Costs,2027.0,Variable O&M: $m,284.81701714231383
KAZ,KAZ_S,Costs,2028.0,Carbon costs: $m,0.0
KAZ,KAZ_S,Costs,2028.0,Excess generation: $m,0.0
KAZ,KAZ_S,Costs,2028.0,Export revenues with external zones: $m,0.0
KAZ,KAZ_S,Costs,2028.0,Export revenues with internal zones: $m,-1050.270177575485
KAZ,KAZ_S,Costs,2028.0,Fixed O&M: $m,170.77030962
KAZ,KAZ_S,Costs,2028.0,Fuel costs: $m,390.08820248521306
KAZ,KAZ_S,Costs,2028.0,Generation costs: $m,0.0
KAZ,KAZ_S,Costs,2028.0,Import costs with external zones: $m,0.0
KAZ,KAZ_S,Costs,2028.0,Import costs with internal zones: $m,848.1811336274785
KAZ,KAZ_S,Costs,2028.0,NPV of system cost: $m,0.0
KAZ,KAZ_S,Costs,2028.0,Spinning reserve costs: $m,0.0
KAZ,KAZ_S,Costs,2028.0,Startup costs: $m,0.0
KAZ,KAZ_S,Costs,2028.0,Trade shared benefits: $m,-114.73080627167712
KAZ,KAZ_S,Costs,2028.0,Transmission costs: $m,0.0
KAZ,KAZ_S,Costs,2028.0,Unmet country CO2 backstop cost: $m,0.0
KAZ,KAZ_S,Costs,2028.0,Unmet country planning reserve costs: $m,0.0
KAZ,KAZ_S,Costs,2028.0,Unmet country spinning reserve costs: $m,0.0
KAZ,KAZ_S,Costs,2028.0,Unmet demand costs: $m,0.0
KAZ,KAZ_S,Costs,2028.0,Unmet system CO2 backstop cost: $m,0.0
KAZ,KAZ_S,Costs,2028.0,Unmet system planning reserve costs: $m,0.0
KAZ,KAZ_S,Costs,2028.0,Unmet system spinning reserve costs: $m,0.0
KAZ,KAZ_S,Costs,2028.0,VRE curtailment: $m,0.0
KAZ,KAZ_S,Costs,2028.0,Variable O&M: $m,241.52021014697152
KAZ,KAZ_S,Costs,2029.0,Carbon costs: $m,0.0
KAZ,KAZ_S,Costs,2029.0,Excess generation: $m,0.0
KAZ,KAZ_S,Costs,2029.0,Export revenues with external zones: $m,0.0
KAZ,KAZ_S,Costs,2029.0,Export revenues with internal zones: $m,-1155.151960595836
KAZ,KAZ_S,Costs,2029.0,Fixed O&M: $m,190.27604796
KAZ,KAZ_S,Costs,2029.0,Fuel costs: $m,360.7304963879199
KAZ,KAZ_S,Costs,2029.0,Generation costs: $m,0.0
KAZ,KAZ_S,Costs,2029.0,Import costs with external zones: $m,0.0
KAZ,KAZ_S,Costs,2029.0,Import costs with internal zones: $m,912.7307168829268
KAZ,KAZ_S,Costs,2029.0,NPV of system cost: $m,0.0
KAZ,KAZ_S,Costs,2029.0,Spinning reserve costs: $m,0.0
KAZ,KAZ_S,Costs,2029.0,Startup costs: $m,0.0
KAZ,KAZ_S,Costs,2029.0,Trade shared benefits: $m,-184.46380367864435
KAZ,KAZ_S,Costs,2029.0,Transmission costs: $m,0.0
KAZ,KAZ_S,Costs,2029.0,Unmet country CO2 backstop cost: $m,0.0
KAZ,KAZ_S,Costs,2029.0,Unmet country planning reserve costs: $m,0.0
KAZ,KAZ_S,Costs,2029.0,Unmet country spinning reserve costs: $m,0.0
KAZ,KAZ_S,Costs,2029.0,Unmet demand costs: $m,0.0
KAZ,KAZ_S,Costs,2029.0,Unmet system CO2 backstop cost: $m,0.0
KAZ,KAZ_S,Costs,2029.0,Unmet system planning reserve costs: $m,0.0
KAZ,KAZ_S,Costs,2029.0,Unmet system spinning reserve costs: $m,0.0
KAZ,KAZ_S,Costs,2029.0,VRE curtailment: $m,0.0
KAZ,KAZ_S,Costs,2029.0,Variable O&M: $m,228.9725085513321
KAZ,KAZ_S,Costs,2030.0,Carbon costs: $m,0.0
KAZ,KAZ_S,Costs,2030.0,Excess generation: $m,0.0
KAZ,KAZ_S,Costs,2030.0,Export revenues with external zones: $m,0.0
KAZ,KAZ_S,Costs,2030.0,Export revenues with internal zones: $m,-907.0593638504558
KAZ,KAZ_S,Costs,2030.0,Fixed O&M: $m,181.0767063
KAZ,KAZ_S,Costs,2030.0,Fuel costs: $m,311.8732287371073
KAZ,KAZ_S,Costs,2030.0,Generation costs: $m,0.0
KAZ,KAZ_S,Costs,2030.0,Import costs with external zones: $m,0.0
KAZ,KAZ_S,Costs,2030.0,Import costs with internal zones: $m,711.8075817474366
KAZ,KAZ_S,Costs,2030.0,NPV of system cost: $m,0.0
KAZ,KAZ_S,Costs,2030.0,Spinning reserve costs: $m,0.0
KAZ,KAZ_S,Costs,2030.0,Startup costs: $m,0.0
KAZ,KAZ_S,Costs,2030.0,Trade shared benefits: $m,-34.39112867631295
KAZ,KAZ_S,Costs,2030.0,Transmission costs: $m,0.0
KAZ,KAZ_S,Costs,2030.0,Unmet country CO2 backstop cost: $m,0.0
KAZ,KAZ_S,Costs,2030.0,Unmet country planning reserve costs: $m,0.0
KAZ,KAZ_S,Costs,2030.0,Unmet country spinning reserve costs: $m,0.0
KAZ,KAZ_S,Costs,2030.0,Unmet demand costs: $m,0.0
KAZ,KAZ_S,Costs,2030.0,Unmet system CO2 backstop cost: $m,0.0
KAZ,KAZ_S,Costs,2030.0,Unmet system planning reserve costs: $m,0.0
KAZ,KAZ_S,Costs,2030.0,Unmet system spinning reserve costs: $m,0.0
KAZ,KAZ_S,Costs,2030.0,VRE curtailment: $m,0.0
KAZ,KAZ_S,Costs,2030.0,Variable O&M: $m,174.82499892109774
KAZ,KAZ_S,Costs,2031.0,Carbon costs: $m,0.0
KAZ,KAZ_S,Costs,2031.0,Excess generation: $m,0.0
KAZ,KAZ_S,Costs,2031.0,Export revenues with external zones: $m,0.0
KAZ,KAZ_S,Costs,2031.0,Export revenues with internal zones: $m,-1188.169509984185
KAZ,KAZ_S,Costs,2031.0,Fixed O&M: $m,220.08818298
KAZ,KAZ_S,Costs,2031.0,Fuel costs: $m,295.7240431705517
KAZ,KAZ_S,Costs,2031.0,Generation costs: $m,0.0
KAZ,KAZ_S,Costs,2031.0,Import costs with external zones: $m,0.0
KAZ,KAZ_S,Costs,2031.0,Import costs with internal zones: $m,792.1391885893298
KAZ,KAZ_S,Costs,2031.0,NPV of system cost: $m,0.0
KAZ,KAZ_S,Costs,2031.0,Spinning reserve costs: $m,0.0
KAZ,KAZ_S,Costs,2031.0,Startup costs: $m,0.0
KAZ,KAZ_S,Costs,2031.0,Trade shared benefits: $m,-103.00816899413536
KAZ,KAZ_S,Costs,2031.0,Transmission costs: $m,0.0
KAZ,KAZ_S,Costs,2031.0,Unmet country CO2 backstop cost: $m,0.0
KAZ,KAZ_S,Costs,2031.0,Unmet country planning reserve costs: $m,0.0
KAZ,KAZ_S,Costs,2031.0,Unmet country spinning reserve costs: $m,0.0
KAZ,KAZ_S,Costs,2031.0,Unmet demand costs: $m,0.0
KAZ,KAZ_S,Costs,2031.0,Unmet system CO2 backstop cost: $m,0.0
KAZ,KAZ_S,Costs,2031.0,Unmet system planning reserve costs: $m,0.0
KAZ,KAZ_S,Costs,2031.0,Unmet system spinning reserve costs: $m,0.0
KAZ,KAZ_S,Costs,2031.0,VRE curtailment: $m,0.0
KAZ,KAZ_S,Costs,2031.0,Variable O&M: $m,167.6010777359648
KAZ,KAZ_S,Costs,2032.0,Carbon costs: $m,0.0
KAZ,KAZ_S,Costs,2032.0,Excess generation: $m,0.0
KAZ,KAZ_S,Costs,2032.0,Export revenues with external zones: $m,0.0
KAZ,KAZ_S,Costs,2032.0,Export revenues with internal zones: $m,-988.7674490200084
KAZ,KAZ_S,Costs,2032.0,Fixed O&M: $m,247.0686988102027
KAZ,KAZ_S,Costs,2032.0,Fuel costs: $m,226.3444557153603
KAZ,KAZ_S,Costs,2032.0,Generation costs: $m,0.0
KAZ,KAZ_S,Costs,2032.0,Import costs with external zones: $m,0.0
KAZ,KAZ_S,Costs,2032.0,Import costs with internal zones: $m,623.2987712403608
KAZ,KAZ_S,Costs,2032.0,NPV of system cost: $m,0.0
KAZ,KAZ_S,Costs,2032.0,Spinning reserve costs: $m,0.0
KAZ,KAZ_S,Costs,2032.0,Startup costs: $m,0.0
KAZ,KAZ_S,Costs,2032.0,Trade shared benefits: $m,-159.92499711575917
KAZ,KAZ_S,Costs,2032.0,Transmission costs: $m,0.0
KAZ,KAZ_S,Costs,2032.0,Unmet country CO2 backstop cost: $m,0.0
KAZ,KAZ_S,Costs,2032.0,Unmet country planning reserve costs: $m,0.0
KAZ,KAZ_S,Costs,2032.0,Unmet country spinning reserve costs: $m,0.0
KAZ,KAZ_S,Costs,2032.0,Unmet demand costs: $m,0.0
KAZ,KAZ_S,Costs,2032.0,Unmet system CO2 backstop cost: $m,0.0
KAZ,KAZ_S,Costs,2032.0,Unmet system planning reserve costs: $m,0.0
KAZ,KAZ_S,Costs,2032.0,Unmet system spinning reserve costs: $m,0.0
KAZ,KAZ_S,Costs,2032.0,VRE curtailment: $m,0.0
KAZ,KAZ_S,Costs,2032.0,Variable O&M: $m,137.03709228239185
KAZ,KAZ_S,Costs,2033.0,Carbon costs: $m,0.0
KAZ,KAZ_S,Costs,2033.0,Excess generation: $m,0.0
KAZ,KAZ_S,Costs,2033.0,Export revenues with external zones: $m,0.0
KAZ,KAZ_S,Costs,2033.0,Export revenues with internal zones: $m,-1004.6845857056786
KAZ,KAZ_S,Costs,2033.0,Fixed O&M: $m,286.0801754902027
KAZ,KAZ_S,Costs,2033.0,Fuel costs: $m,218.3998176240657
KAZ,KAZ_S,Costs,2033.0,Generation costs: $m,0.0
KAZ,KAZ_S,Costs,2033.0,Import costs with external zones: $m,0.0
KAZ,KAZ_S,Costs,2033.0,Import costs with internal zones: $m,450.46303081636063
KAZ,KAZ_S,Costs,2033.0,NPV of system cost: $m,0.0
KAZ,KAZ_S,Costs,2033.0,Spinning reserve costs: $m,0.0
KAZ,KAZ_S,Costs,2033.0,Startup costs: $m,0.0
KAZ,KAZ_S,Costs,2033.0,Trade shared benefits: $m,-141.53464877868578
KAZ,KAZ_S,Costs,2033.0,Transmission costs: $m,0.0
KAZ,KAZ_S,Costs,2033.0,Unmet country CO2 backstop cost: $m,0.0
KAZ,KAZ_S,Costs,2033.0,Unmet country planning reserve costs: $m,0.0
KAZ,KAZ_S,Costs,2033.0,Unmet country spinning reserve costs: $m,0.0
KAZ,KAZ_S,Costs,2033.0,Unmet demand costs: $m,0.0
KAZ,KAZ_S,Costs,2033.0,Unmet system CO2 backstop cost: $m,0.0
KAZ,KAZ_S,Costs,2033.0,Unmet system planning reserve costs: $m,0.0
KAZ,KAZ_S,Costs,2033.0,Unmet system spinning reserve costs: $m,0.0
KAZ,KAZ_S,Costs,2033.0,VRE curtailment: $m,0.0
KAZ,KAZ_S,Costs,2033.0,Variable O&M: $m,112.5373747600578
KAZ,KAZ_S,Costs,2034.0,Carbon costs: $m,0.0
KAZ,KAZ_S,Costs,2034.0,Excess generation: $m,0.0
KAZ,KAZ_S,Costs,2034.0,Export revenues with external zones: $m,0.0
KAZ,KAZ_S,Costs,2034.0,Export revenues with internal zones: $m,-1008.6574290894456
KAZ,KAZ_S,Costs,2034.0,Fixed O&M: $m,312.711386458011
KAZ,KAZ_S,Costs,2034.0,Fuel costs: $m,218.88699820046824
KAZ,KAZ_S,Costs,2034.0,Generation costs: $m,0.0
KAZ,KAZ_S,Costs,2034.0,Import costs with external zones: $m,0.0
KAZ,KAZ_S,Costs,2034.0,Import costs with internal zones: $m,340.8422468309919
KAZ,KAZ_S,Costs,2034.0,NPV of system cost: $m,0.0
KAZ,KAZ_S,Costs,2034.0,Spinning reserve costs: $m,0.0
KAZ,KAZ_S,Costs,2034.0,Startup costs: $m,0.0
KAZ,KAZ_S,Costs,2034.0,Trade shared benefits: $m,-148.95026146438644
KAZ,KAZ_S,Costs,2034.0,Transmission costs: $m,0.0
KAZ,KAZ_S,Costs,2034.0,Unmet country CO2 backstop cost: $m,0.0
KAZ,KAZ_S,Costs,2034.0,Unmet country planning reserve costs: $m,0.0
KAZ,KAZ_S,Costs,2034.0,Unmet country spinning reserve costs: $m,0.0
KAZ,KAZ_S,Costs,2034.0,Unmet demand costs: $m,0.0
KAZ,KAZ_S,Costs,2034.0,Unmet system CO2 backstop cost: $m,0.0
KAZ,KAZ_S,Costs,2034.0,Unmet system planning reserve costs: $m,0.0
KAZ,KAZ_S,Costs,2034.0,Unmet system spinning reserve costs: $m,0.0
KAZ,KAZ_S,Costs,2034.0,VRE curtailment: $m,0.0
KAZ,KAZ_S,Costs,2034.0,Variable O&M: $m,112.41946116770733
KAZ,KAZ_S,Costs,2035.0,Carbon costs: $m,0.0
KAZ,KAZ_S,Costs,2035.0,Excess generation: $m,0.0
KAZ,KAZ_S,Costs,2035.0,Export revenues with external zones: $m,0.0
KAZ,KAZ_S,Costs,2035.0,Export revenues with internal zones: $m,-1235.1823130879172
KAZ,KAZ_S,Costs,2035.0,Fixed O&M: $m,330.79558051447424
KAZ,KAZ_S,Costs,2035.0,Fuel costs: $m,233.37426663917367
KAZ,KAZ_S,Costs,2035.0,Generation costs: $m,0.0
KAZ,KAZ_S,Costs,2035.0,Import costs with external zones: $m,0.0
KAZ,KAZ_S,Costs,2035.0,Import costs with internal zones: $m,300.9548989230183
KAZ,KAZ_S,Costs,2035.0,NPV of system cost: $m,0.0
KAZ,KAZ_S,Costs,2035.0,Spinning reserve costs: $m,0.0
KAZ,KAZ_S,Costs,2035.0,Startup costs: $m,0.0
KAZ,KAZ_S,Costs,2035.0,Trade shared benefits: $m,-134.8144842736161
KAZ,KAZ_S,Costs,2035.0,Transmission costs: $m,0.0
KAZ,KAZ_S,Costs,2035.0,Unmet country CO2 backstop cost: $m,0.0
KAZ,KAZ_S,Costs,2035.0,Unmet country planning reserve costs: $m,0.0
KAZ,KAZ_S,Costs,2035.0,Unmet country spinning reserve costs: $m,0.0
KAZ,KAZ_S,Costs,2035.0,Unmet demand costs: $m,0.0
KAZ,KAZ_S,Costs,2035.0,Unmet system CO2 backstop cost: $m,0.0
KAZ,KAZ_S,Costs,2035.0,Unmet system planning reserve costs: $m,0.0
KAZ,KAZ_S,Costs,2035.0,Unmet system spinning reserve costs: $m,0.0
KAZ,KAZ_S,Costs,2035.0,VRE curtailment: $m,0.0
KAZ,KAZ_S,Costs,2035.0,Variable O&M: $m,128.09390976432266
KAZ,KAZ_S,Costs,2040.0,Carbon costs: $m,0.0
KAZ,KAZ_S,Costs,2040.0,Excess generation: $m,0.0
KAZ,KAZ_S,Costs,2040.0,Export revenues with external zones: $m,0.0
KAZ,KAZ_S,Costs,2040.0,Export revenues with internal zones: $m,-1011.6688018207172
KAZ,KAZ_S,Costs,2040.0,Fixed O&M: $m,374.612196075728
KAZ,KAZ_S,Costs,2040.0,Fuel costs: $m,185.19809797156947
KAZ,KAZ_S,Costs,2040.0,Generation costs: $m,0.0
KAZ,KAZ_S,Costs,2040.0,Import costs with external zones: $m,0.0
KAZ,KAZ_S,Costs,2040.0,Import costs with internal zones: $m,203.83906464024057
KAZ,KAZ_S,Costs,2040.0,NPV of system cost: $m,0.0
KAZ,KAZ_S,Costs,2040.0,Spinning reserve costs: $m,0.0
KAZ,KAZ_S,Costs,2040.0,Startup costs: $m,0.0
KAZ,KAZ_S,Costs,2040.0,Trade shared benefits: $m,-207.42470465390025
KAZ,KAZ_S,Costs,2040.0,Transmission costs: $m,0.0
KAZ,KAZ_S,Costs,2040.0,Unmet country CO2 backstop cost: $m,0.0
KAZ,KAZ_S,Costs,2040.0,Unmet country planning reserve costs: $m,0.0
KAZ,KAZ_S,Costs,2040.0,Unmet country spinning reserve costs: $m,0.0
KAZ,KAZ_S,Costs,2040.0,Unmet demand costs: $m,0.0
KAZ,KAZ_S,Costs,2040.0,Unmet system CO2 backstop cost: $m,0.0
KAZ,KAZ_S,Costs,2040.0,Unmet system planning reserve costs: $m,0.0
KAZ,KAZ_S,Costs,2040.0,Unmet system spinning reserve costs: $m,0.0
KAZ,KAZ_S,Costs,2040.0,VRE curtailment: $m,0.0
KAZ,KAZ_S,Costs,2040.0,Variable O&M: $m,109.74924348698488
KAZ,KAZ_S,Costs,2045.0,Carbon costs: $m,0.0
KAZ,KAZ_S,Costs,2045.0,Excess generation: $m,0.0
KAZ,KAZ_S,Costs,2045.0,Export revenues with external zones: $m,0.0
KAZ,KAZ_S,Costs,2045.0,Export revenues with internal zones: $m,-954.2838338383336
KAZ,KAZ_S,Costs,2045.0,Fixed O&M: $m,396.5719070519311
KAZ,KAZ_S,Costs,2045.0,Fuel costs: $m,181.9361547217689
KAZ,KAZ_S,Costs,2045.0,Generation costs: $m,0.0
KAZ,KAZ_S,Costs,2045.0,Import costs with external zones: $m,0.0
KAZ,KAZ_S,Costs,2045.0,Import costs with internal zones: $m,139.57324948392153
KAZ,KAZ_S,Costs,2045.0,NPV of system cost: $m,0.0
KAZ,KAZ_S,Costs,2045.0,Spinning reserve costs: $m,0.0
KAZ,KAZ_S,Costs,2045.0,Startup costs: $m,0.0
KAZ,KAZ_S,Costs,2045.0,Trade shared benefits: $m,-173.04510343352746
KAZ,KAZ_S,Costs,2045.0,Transmission costs: $m,0.0
KAZ,KAZ_S,Costs,2045.0,Unmet country CO2 backstop cost: $m,0.0
KAZ,KAZ_S,Costs,2045.0,Unmet country planning reserve costs: $m,0.0
KAZ,KAZ_S,Costs,2045.0,Unmet country spinning reserve costs: $m,0.0
KAZ,KAZ_S,Costs,2045.0,Unmet demand costs: $m,0.0
KAZ,KAZ_S,Costs,2045.0,Unmet system CO2 backstop cost: $m,0.0
KAZ,KAZ_S,Costs,2045.0,Unmet system planning reserve costs: $m,0.0
KAZ,KAZ_S,Costs,2045.0,Unmet system spinning reserve costs: $m,0.0
KAZ,KAZ_S,Costs,2045.0,VRE curtailment: $m,0.0
KAZ,KAZ_S,Costs,2045.0,Variable O&M: $m,111.7845158234336
KAZ,KAZ_S,Costs,2050.0,Carbon costs: $m,0.0
KAZ,KAZ_S,Costs,2050.0,Excess generation: $m,0.0
KAZ,KAZ_S,Costs,2050.0,Export revenues with external zones: $m,0.0
KAZ,KAZ_S,Costs,2050.0,Export revenues with internal zones: $m,-866.4633422329741
KAZ,KAZ_S,Costs,2050.0,Fixed O&M: $m,446.5281012126413
KAZ,KAZ_S,Costs,2050.0,Fuel costs: $m,188.21021764701416
KAZ,KAZ_S,Costs,2050.0,Generation costs: $m,0.0
KAZ,KAZ_S,Costs,2050.0,Import costs with external zones: $m,0.0
KAZ,KAZ_S,Costs,2050.0,Import costs with internal zones: $m,105.9128830053818
KAZ,KAZ_S,Costs,2050.0,NPV of system cost: $m,0.0
KAZ,KAZ_S,Costs,2050.0,Spinning reserve costs: $m,0.0
KAZ,KAZ_S,Costs,2050.0,Startup costs: $m,0.0
KAZ,KAZ_S,Costs,2050.0,Trade shared benefits: $m,-174.61226418930968
KAZ,KAZ_S,Costs,2050.0,Transmission costs: $m,0.0
KAZ,KAZ_S,Costs,2050.0,Unmet country CO2 backstop cost: $m,0.0
KAZ,KAZ_S,Costs,2050.0,Unmet country planning reserve costs: $m,0.0
KAZ,KAZ_S,Costs,2050.0,Unmet country spinning reserve costs: $m,0.0
KAZ,KAZ_S,Costs,2050.0,Unmet demand costs: $m,0.0
KAZ,KAZ_S,Costs,2050.0,Unmet system CO2 backstop cost: $m,0.0
KAZ,KAZ_S,Costs,2050.0,Unmet system planning reserve costs: $m,0.0
KAZ,KAZ_S,Costs,2050.0,Unmet system spinning reserve costs: $m,0.0
KAZ,KAZ_S,Costs,2050.0,VRE curtailment: $m,0.0
KAZ,KAZ_S,Costs,2050.0,Variable O&M: $m,88.90274678979958
KAZ,KAZ_S,DiscountedWeightedCostsCumulated,2026.0,Carbon costs: $m,0.0
KAZ,KAZ_S,DiscountedWeightedCostsCumulated,2026.0,Excess generation: $m,0.0
KAZ,KAZ_S,DiscountedWeightedCostsCumulated,2026.0,Export revenues with external zones: $m,0.0
KAZ,KAZ_S,DiscountedWeightedCostsCumulated,2026.0,Export revenues with internal zones: $m,-964.0449467316936
KAZ,KAZ_S,DiscountedWeightedCostsCumulated,2026.0,Fixed O&M: $m,126.61083294
KAZ,KAZ_S,DiscountedWeightedCostsCumulated,2026.0,Fuel costs: $m,496.6132673689255
KAZ,KAZ_S,DiscountedWeightedCostsCumulated,2026.0,Generation costs: $m,0.0
KAZ,KAZ_S,DiscountedWeightedCostsCumulated,2026.0,Import costs with external zones: $m,0.0
KAZ,KAZ_S,DiscountedWeightedCostsCumulated,2026.0,Import costs with internal zones: $m,743.5804266252375
KAZ,KAZ_S,DiscountedWeightedCostsCumulated,2026.0,NPV of system cost: $m,0.0
KAZ,KAZ_S,DiscountedWeightedCostsCumulated,2026.0,Spinning reserve costs: $m,0.0
KAZ,KAZ_S,DiscountedWeightedCostsCumulated,2026.0,Startup costs: $m,0.0
KAZ,KAZ_S,DiscountedWeightedCostsCumulated,2026.0,Trade shared benefits: $m,-105.41874969234772
KAZ,KAZ_S,DiscountedWeightedCostsCumulated,2026.0,Transmission costs: $m,0.0
KAZ,KAZ_S,DiscountedWeightedCostsCumulated,2026.0,Unmet country CO2 backstop cost: $m,0.0
KAZ,KAZ_S,DiscountedWeightedCostsCumulated,2026.0,Unmet country planning reserve costs: $m,0.0
KAZ,KAZ_S,DiscountedWeightedCostsCumulated,2026.0,Unmet country spinning reserve costs: $m,0.0
KAZ,KAZ_S,DiscountedWeightedCostsCumulated,2026.0,Unmet demand costs: $m,0.0
KAZ,KAZ_S,DiscountedWeightedCostsCumulated,2026.0,Unmet system CO2 backstop cost: $m,0.0
KAZ,KAZ_S,DiscountedWeightedCostsCumulated,2026.0,Unmet system planning reserve costs: $m,0.0
KAZ,KAZ_S,DiscountedWeightedCostsCumulated,2026.0,Unmet system spinning reserve costs: $m,0.0
KAZ,KAZ_S,DiscountedWeightedCostsCumulated,2026.0,VRE curtailment: $m,0.0
KAZ,KAZ_S,DiscountedWeightedCostsCumulated,2026.0,Variable O&M: $m,309.9847043530432
KAZ,KAZ_S,DiscountedWeightedCostsCumulated,2027.0,Carbon costs: $m,0.0
KAZ,KAZ_S,DiscountedWeightedCostsCumulated,2027.0,Excess generation: $m,0.0
KAZ,KAZ_S,DiscountedWeightedCostsCumulated,2027.0,Export revenues with external zones: $m,0.0
KAZ,KAZ_S,DiscountedWeightedCostsCumulated,2027.0,Export revenues with internal zones: $m,-2014.754389639677
KAZ,KAZ_S,DiscountedWeightedCostsCumulated,2027.0,Fixed O&M: $m,270.8359427337532
KAZ,KAZ_S,DiscountedWeightedCostsCumulated,2027.0,Fuel costs: $m,968.4516853153216
KAZ,KAZ_S,DiscountedWeightedCostsCumulated,2027.0,Generation costs: $m,0.0
KAZ,KAZ_S,DiscountedWeightedCostsCumulated,2027.0,Import costs with external zones: $m,0.0
KAZ,KAZ_S,DiscountedWeightedCostsCumulated,2027.0,Import costs with internal zones: $m,1525.2721603723512
KAZ,KAZ_S,DiscountedWeightedCostsCumulated,2027.0,NPV of system cost: $m,0.0
KAZ,KAZ_S,DiscountedWeightedCostsCumulated,2027.0,Spinning reserve costs: $m,0.0
KAZ,KAZ_S,DiscountedWeightedCostsCumulated,2027.0,Startup costs: $m,0.0
KAZ,KAZ_S,DiscountedWeightedCostsCumulated,2027.0,Trade shared benefits: $m,-183.27586910651303
KAZ,KAZ_S,DiscountedWeightedCostsCumulated,2027.0,Transmission costs: $m,0.0
KAZ,KAZ_S,DiscountedWeightedCostsCumulated,2027.0,Unmet country CO2 backstop cost: $m,0.0
KAZ,KAZ_S,DiscountedWeightedCostsCumulated,2027.0,Unmet country planning reserve costs: $m,0.0
KAZ,KAZ_S,DiscountedWeightedCostsCumulated,2027.0,Unmet country spinning reserve costs: $m,0.0
KAZ,KAZ_S,DiscountedWeightedCostsCumulated,2027.0,Unmet demand costs: $m,0.0
KAZ,KAZ_S,DiscountedWeightedCostsCumulated,2027.0,Unmet system CO2 backstop cost: $m,0.0
KAZ,KAZ_S,DiscountedWeightedCostsCumulated,2027.0,Unmet system planning reserve costs: $m,0.0
KAZ,KAZ_S,DiscountedWeightedCostsCumulated,2027.0,Unmet system spinning reserve costs: $m,0.0
KAZ,KAZ_S,DiscountedWeightedCostsCumulated,2027.0,VRE curtailment: $m,0.0
KAZ,KAZ_S,DiscountedWeightedCostsCumulated,2027.0,Variable O&M: $m,581.5470749787601
KAZ,KAZ_S,DiscountedWeightedCostsCumulated,2028.0,Carbon costs: $m,0.0
KAZ,KAZ_S,DiscountedWeightedCostsCumulated,2028.0,Excess generation: $m,0.0
KAZ,KAZ_S,DiscountedWeightedCostsCumulated,2028.0,Export revenues with external zones: $m,0.0
KAZ,KAZ_S,DiscountedWeightedCostsCumulated,2028.0,Export revenues with internal zones: $m,-2925.111955929268
KAZ,KAZ_S,DiscountedWeightedCostsCumulated,2028.0,Fixed O&M: $m,418.8569441669865
KAZ,KAZ_S,DiscountedWeightedCostsCumulated,2028.0,Fuel costs: $m,1306.573964929603
KAZ,KAZ_S,DiscountedWeightedCostsCumulated,2028.0,Generation costs: $m,0.0
KAZ,KAZ_S,DiscountedWeightedCostsCumulated,2028.0,Import costs with external zones: $m,0.0
KAZ,KAZ_S,DiscountedWeightedCostsCumulated,2028.0,Import costs with internal zones: $m,2260.4621420248213
KAZ,KAZ_S,DiscountedWeightedCostsCumulated,2028.0,NPV of system cost: $m,0.0
KAZ,KAZ_S,DiscountedWeightedCostsCumulated,2028.0,Spinning reserve costs: $m,0.0
KAZ,KAZ_S,DiscountedWeightedCostsCumulated,2028.0,Startup costs: $m,0.0
KAZ,KAZ_S,DiscountedWeightedCostsCumulated,2028.0,Trade shared benefits: $m,-282.7227160283564
KAZ,KAZ_S,DiscountedWeightedCostsCumulated,2028.0,Transmission costs: $m,0.0
KAZ,KAZ_S,DiscountedWeightedCostsCumulated,2028.0,Unmet country CO2 backstop cost: $m,0.0
KAZ,KAZ_S,DiscountedWeightedCostsCumulated,2028.0,Unmet country planning reserve costs: $m,0.0
KAZ,KAZ_S,DiscountedWeightedCostsCumulated,2028.0,Unmet country spinning reserve costs: $m,0.0
KAZ,KAZ_S,DiscountedWeightedCostsCumulated,2028.0,Unmet demand costs: $m,0.0
KAZ,KAZ_S,DiscountedWeightedCostsCumulated,2028.0,Unmet system CO2 backstop cost: $m,0.0
KAZ,KAZ_S,DiscountedWeightedCostsCumulated,2028.0,Unmet system planning reserve costs: $m,0.0
KAZ,KAZ_S,DiscountedWeightedCostsCumulated,2028.0,Unmet system spinning reserve costs: $m,0.0
KAZ,KAZ_S,DiscountedWeightedCostsCumulated,2028.0,VRE curtailment: $m,0.0
KAZ,KAZ_S,DiscountedWeightedCostsCumulated,2028.0,Variable O&M: $m,790.8929703622791
KAZ,KAZ_S,DiscountedWeightedCostsCumulated,2029.0,Carbon costs: $m,0.0
KAZ,KAZ_S,DiscountedWeightedCostsCumulated,2029.0,Excess generation: $m,0.0
KAZ,KAZ_S,DiscountedWeightedCostsCumulated,2029.0,Export revenues with external zones: $m,0.0
KAZ,KAZ_S,DiscountedWeightedCostsCumulated,2029.0,Export revenues with internal zones: $m,-3835.355079335737
KAZ,KAZ_S,DiscountedWeightedCostsCumulated,2029.0,Fixed O&M: $m,568.7917320672841
KAZ,KAZ_S,DiscountedWeightedCostsCumulated,2029.0,Fuel costs: $m,1590.8244055129703
KAZ,KAZ_S,DiscountedWeightedCostsCumulated,2029.0,Generation costs: $m,0.0
KAZ,KAZ_S,DiscountedWeightedCostsCumulated,2029.0,Import costs with external zones: $m,0.0
KAZ,KAZ_S,DiscountedWeightedCostsCumulated,2029.0,Import costs with internal zones: $m,2979.6808135976985
KAZ,KAZ_S,DiscountedWeightedCostsCumulated,2029.0,NPV of system cost: $m,0.0
KAZ,KAZ_S,DiscountedWeightedCostsCumulated,2029.0,Spinning reserve costs: $m,0.0
KAZ,KAZ_S,DiscountedWeightedCostsCumulated,2029.0,Startup costs: $m,0.0
KAZ,KAZ_S,DiscountedWeightedCostsCumulated,2029.0,Trade shared benefits: $m,-428.0775390676381
KAZ,KAZ_S,DiscountedWeightedCostsCumulated,2029.0,Transmission costs: $m,0.0
KAZ,KAZ_S,DiscountedWeightedCostsCumulated,2029.0,Unmet country CO2 backstop cost: $m,0.0
KAZ,KAZ_S,DiscountedWeightedCostsCumulated,2029.0,Unmet country planning reserve costs: $m,0.0
KAZ,KAZ_S,DiscountedWeightedCostsCumulated,2029.0,Unmet country spinning reserve costs: $m,0.0
KAZ,KAZ_S,DiscountedWeightedCostsCumulated,2029.0,Unmet demand costs: $m,0.0
KAZ,KAZ_S,DiscountedWeightedCostsCumulated,2029.0,Unmet system CO2 backstop cost: $m,0.0
KAZ,KAZ_S,DiscountedWeightedCostsCumulated,2029.0,Unmet system planning reserve costs: $m,0.0
KAZ,KAZ_S,DiscountedWeightedCostsCumulated,2029.0,Unmet system spinning reserve costs: $m,0.0
KAZ,KAZ_S,DiscountedWeightedCostsCumulated,2029.0,VRE curtailment: $m,0.0
KAZ,KAZ_S,DiscountedWeightedCostsCumulated,2029.0,Variable O&M: $m,971.3200124031152
KAZ,KAZ_S,DiscountedWeightedCostsCumulated,2030.0,Carbon costs: $m,0.0
KAZ,KAZ_S,DiscountedWeightedCostsCumulated,2030.0,Excess generation: $m,0.0
KAZ,KAZ_S,DiscountedWeightedCostsCumulated,2030.0,Export revenues with external zones: $m,0.0
KAZ,KAZ_S,DiscountedWeightedCostsCumulated,2030.0,Export revenues with internal zones: $m,-4485.127558416365
KAZ,KAZ_S,DiscountedWeightedCostsCumulated,2030.0,Fixed O&M: $m,698.5061311964064
KAZ,KAZ_S,DiscountedWeightedCostsCumulated,2030.0,Fuel costs: $m,1814.234966135108
KAZ,KAZ_S,DiscountedWeightedCostsCumulated,2030.0,Generation costs: $m,0.0
KAZ,KAZ_S,DiscountedWeightedCostsCumulated,2030.0,Import costs with external zones: $m,0.0
KAZ,KAZ_S,DiscountedWeightedCostsCumulated,2030.0,Import costs with internal zones: $m,3489.5845701247868
KAZ,KAZ_S,DiscountedWeightedCostsCumulated,2030.0,NPV of system cost: $m,0.0
KAZ,KAZ_S,DiscountedWeightedCostsCumulated,2030.0,Spinning reserve costs: $m,0.0
KAZ,KAZ_S,DiscountedWeightedCostsCumulated,2030.0,Startup costs: $m,0.0
KAZ,KAZ_S,DiscountedWeightedCostsCumulated,2030.0,Trade shared benefits: $m,-452.7136431959594
KAZ,KAZ_S,DiscountedWeightedCostsCumulated,2030.0,Transmission costs: $m,0.0
KAZ,KAZ_S,DiscountedWeightedCostsCumulated,2030.0,Unmet country CO2 backstop cost: $m,0.0
KAZ,KAZ_S,DiscountedWeightedCostsCumulated,2030.0,Unmet country planning reserve costs: $m,0.0
KAZ,KAZ_S,DiscountedWeightedCostsCumulated,2030.0,Unmet country spinning reserve costs: $m,0.0
KAZ,KAZ_S,DiscountedWeightedCostsCumulated,2030.0,Unmet demand costs: $m,0.0
KAZ,KAZ_S,DiscountedWeightedCostsCumulated,2030.0,Unmet system CO2 backstop cost: $m,0.0
KAZ,KAZ_S,DiscountedWeightedCostsCumulated,2030.0,Unmet system planning reserve costs: $m,0.0
KAZ,KAZ_S,DiscountedWeightedCostsCumulated,2030.0,Unmet system spinning reserve costs: $m,0.0
KAZ,KAZ_S,DiscountedWeightedCostsCumulated,2030.0,VRE curtailment: $m,0.0
KAZ,KAZ_S,DiscountedWeightedCostsCumulated,2030.0,Variable O&M: $m,1096.555997479124
KAZ,KAZ_S,DiscountedWeightedCostsCumulated,2031.0,Carbon costs: $m,0.0
KAZ,KAZ_S,DiscountedWeightedCostsCumulated,2031.0,Excess generation: $m,0.0
KAZ,KAZ_S,DiscountedWeightedCostsCumulated,2031.0,Export revenues with external zones: $m,0.0
KAZ,KAZ_S,DiscountedWeightedCostsCumulated,2031.0,Export revenues with internal zones: $m,-5258.896547865301
KAZ,KAZ_S,DiscountedWeightedCostsCumulated,2031.0,Fixed O&M: $m,841.8336694837285
KAZ,KAZ_S,DiscountedWeightedCostsCumulated,2031.0,Fuel costs: $m,2006.818677564361
KAZ,KAZ_S,DiscountedWeightedCostsCumulated,2031.0,Generation costs: $m,0.0
KAZ,KAZ_S,DiscountedWeightedCostsCumulated,2031.0,Import costs with external zones: $m,0.0
KAZ,KAZ_S,DiscountedWeightedCostsCumulated,2031.0,Import costs with internal zones: $m,4005.447613492921
KAZ,KAZ_S,DiscountedWeightedCostsCumulated,2031.0,NPV of system cost: $m,0.0
KAZ,KAZ_S,DiscountedWeightedCostsCumulated,2031.0,Spinning reserve costs: $m,0.0
KAZ,KAZ_S,DiscountedWeightedCostsCumulated,2031.0,Startup costs: $m,0.0
KAZ,KAZ_S,DiscountedWeightedCostsCumulated,2031.0,Trade shared benefits: $m,-519.7954241689774
KAZ,KAZ_S,DiscountedWeightedCostsCumulated,2031.0,Transmission costs: $m,0.0
KAZ,KAZ_S,DiscountedWeightedCostsCumulated,2031.0,Unmet country CO2 backstop cost: $m,0.0
KAZ,KAZ_S,DiscountedWeightedCostsCumulated,2031.0,Unmet country planning reserve costs: $m,0.0
KAZ,KAZ_S,DiscountedWeightedCostsCumulated,2031.0,Unmet country spinning reserve costs: $m,0.0
KAZ,KAZ_S,DiscountedWeightedCostsCumulated,2031.0,Unmet demand costs: $m,0.0
KAZ,KAZ_S,DiscountedWeightedCostsCumulated,2031.0,Unmet system CO2 backstop cost: $m,0.0
KAZ,KAZ_S,DiscountedWeightedCostsCumulated,2031.0,Unmet system planning reserve costs: $m,0.0
KAZ,KAZ_S,DiscountedWeightedCostsCumulated,2031.0,Unmet system spinning reserve costs: $m,0.0
KAZ,KAZ_S,DiscountedWeightedCostsCumulated,2031.0,VRE curtailment: $m,0.0
KAZ,KAZ_S,DiscountedWeightedCostsCumulated,2031.0,Variable O&M: $m,1205.7024748635135
KAZ,KAZ_S,DiscountedWeightedCostsCumulated,2032.0,Carbon costs: $m,0.0
KAZ,KAZ_S,DiscountedWeightedCostsCumulated,2032.0,Excess generation: $m,0.0
KAZ,KAZ_S,DiscountedWeightedCostsCumulated,2032.0,Export revenues with external zones: $m,0.0
KAZ,KAZ_S,DiscountedWeightedCostsCumulated,2032.0,Export revenues with internal zones: $m,-5844.271846438036
KAZ,KAZ_S,DiscountedWeightedCostsCumulated,2032.0,Fixed O&M: $m,988.1045782574184
KAZ,KAZ_S,DiscountedWeightedCostsCumulated,2032.0,Fuel costs: $m,2140.820311088991
KAZ,KAZ_S,DiscountedWeightedCostsCumulated,2032.0,Generation costs: $m,0.0
KAZ,KAZ_S,DiscountedWeightedCostsCumulated,2032.0,Import costs with external zones: $m,0.0
KAZ,KAZ_S,DiscountedWeightedCostsCumulated,2032.0,Import costs with internal zones: $m,4374.456225858215
KAZ,KAZ_S,DiscountedWeightedCostsCumulated,2032.0,NPV of system cost: $m,0.0
KAZ,KAZ_S,DiscountedWeightedCostsCumulated,2032.0,Spinning reserve costs: $m,0.0
KAZ,KAZ_S,DiscountedWeightedCostsCumulated,2032.0,Startup costs: $m,0.0
KAZ,KAZ_S,DiscountedWeightedCostsCumulated,2032.0,Trade shared benefits: $m,-614.4750609517889
KAZ,KAZ_S,DiscountedWeightedCostsCumulated,2032.0,Transmission costs: $m,0.0
KAZ,KAZ_S,DiscountedWeightedCostsCumulated,2032.0,Unmet country CO2 backstop cost: $m,0.0
KAZ,KAZ_S,DiscountedWeightedCostsCumulated,2032.0,Unmet country planning reserve costs: $m,0.0
KAZ,KAZ_S,DiscountedWeightedCostsCumulated,2032.0,Unmet country spinning reserve costs: $m,0.0
KAZ,KAZ_S,DiscountedWeightedCostsCumulated,2032.0,Unmet demand costs: $m,0.0
KAZ,KAZ_S,DiscountedWeightedCostsCumulated,2032.0,Unmet system CO2 backstop cost: $m,0.0
KAZ,KAZ_S,DiscountedWeightedCostsCumulated,2032.0,Unmet system planning reserve costs: $m,0.0
KAZ,KAZ_S,DiscountedWeightedCostsCumulated,2032.0,Unmet system spinning reserve costs: $m,0.0
KAZ,KAZ_S,DiscountedWeightedCostsCumulated,2032.0,VRE curtailment: $m,0.0
KAZ,KAZ_S,DiscountedWeightedCostsCumulated,2032.0,Variable O&M: $m,1286.8318940104027
KAZ,KAZ_S,DiscountedWeightedCostsCumulated,2033.0,Carbon costs: $m,0.0
KAZ,KAZ_S,DiscountedWeightedCostsCumulated,2033.0,Excess generation: $m,0.0
KAZ,KAZ_S,DiscountedWeightedCostsCumulated,2033.0,Export revenues with external zones: $m,0.0
KAZ,KAZ_S,DiscountedWeightedCostsCumulated,2033.0,Export revenues with internal zones: $m,-6384.997887744021
KAZ,KAZ_S,DiscountedWeightedCostsCumulated,2033.0,Fixed O&M: $m,1142.0742947135393
KAZ,KAZ_S,DiscountedWeightedCostsCumulated,2033.0,Fuel costs: $m,2258.364135773891
KAZ,KAZ_S,DiscountedWeightedCostsCumulated,2033.0,Generation costs: $m,0.0
KAZ,KAZ_S,DiscountedWeightedCostsCumulated,2033.0,Import costs with external zones: $m,0.0
KAZ,KAZ_S,DiscountedWeightedCostsCumulated,2033.0,Import costs with internal zones: $m,4616.89757996433
KAZ,KAZ_S,DiscountedWeightedCostsCumulated,2033.0,NPV of system cost: $m,0.0
KAZ,KAZ_S,DiscountedWeightedCostsCumulated,2033.0,Spinning reserve costs: $m,0.0
KAZ,KAZ_S,DiscountedWeightedCostsCumulated,2033.0,Startup costs: $m,0.0
KAZ,KAZ_S,DiscountedWeightedCostsCumulated,2033.0,Trade shared benefits: $m,-690.6496847397879
KAZ,KAZ_S,DiscountedWeightedCostsCumulated,2033.0,Transmission costs: $m,0.0
KAZ,KAZ_S,DiscountedWeightedCostsCumulated,2033.0,Unmet country CO2 backstop cost: $m,0.0
KAZ,KAZ_S,DiscountedWeightedCostsCumulated,2033.0,Unmet country planning reserve costs: $m,0.0
KAZ,KAZ_S,DiscountedWeightedCostsCumulated,2033.0,Unmet country spinning reserve costs: $m,0.0
KAZ,KAZ_S,DiscountedWeightedCostsCumulated,2033.0,Unmet demand costs: $m,0.0
KAZ,KAZ_S,DiscountedWeightedCostsCumulated,2033.0,Unmet system CO2 backstop cost: $m,0.0
KAZ,KAZ_S,DiscountedWeightedCostsCumulated,2033.0,Unmet system planning reserve costs: $m,0.0
KAZ,KAZ_S,DiscountedWeightedCostsCumulated,2033.0,Unmet system spinning reserve costs: $m,0.0
KAZ,KAZ_S,DiscountedWeightedCostsCumulated,2033.0,VRE curtailment: $m,0.0
KAZ,KAZ_S,DiscountedWeightedCostsCumulated,2033.0,Variable O&M: $m,1347.4000464621818
KAZ,KAZ_S,DiscountedWeightedCostsCumulated,2034.0,Carbon costs: $m,0.0
KAZ,KAZ_S,DiscountedWeightedCostsCumulated,2034.0,Excess generation: $m,0.0
KAZ,KAZ_S,DiscountedWeightedCostsCumulated,2034.0,Export revenues with external zones: $m,0.0
KAZ,KAZ_S,DiscountedWeightedCostsCumulated,2034.0,Export revenues with internal zones: $m,-6878.510837366839
KAZ,KAZ_S,DiscountedWeightedCostsCumulated,2034.0,Fixed O&M: $m,1295.0768050414026
KAZ,KAZ_S,DiscountedWeightedCostsCumulated,2034.0,Fuel costs: $m,2365.4605244987674
KAZ,KAZ_S,DiscountedWeightedCostsCumulated,2034.0,Generation costs: $m,0.0
KAZ,KAZ_S,DiscountedWeightedCostsCumulated,2034.0,Import costs with external zones: $m,0.0
KAZ,KAZ_S,DiscountedWeightedCostsCumulated,2034.0,Import costs with internal zones: $m,4783.663875178634
KAZ,KAZ_S,DiscountedWeightedCostsCumulated,2034.0,NPV of system cost: $m,0.0
KAZ,KAZ_S,DiscountedWeightedCostsCumulated,2034.0,Spinning reserve costs: $m,0.0
KAZ,KAZ_S,DiscountedWeightedCostsCumulated,2034.0,Startup costs: $m,0.0
KAZ,KAZ_S,DiscountedWeightedCostsCumulated,2034.0,Trade shared benefits: $m,-763.5276319619073
KAZ,KAZ_S,DiscountedWeightedCostsCumulated,2034.0,Transmission costs: $m,0.0
KAZ,KAZ_S,DiscountedWeightedCostsCumulated,2034.0,Unmet country CO2 backstop cost: $m,0.0
KAZ,KAZ_S,DiscountedWeightedCostsCumulated,2034.0,Unmet country planning reserve costs: $m,0.0
KAZ,KAZ_S,DiscountedWeightedCostsCumulated,2034.0,Unmet country spinning reserve costs: $m,0.0
KAZ,KAZ_S,DiscountedWeightedCostsCumulated,2034.0,Unmet demand costs: $m,0.0
KAZ,KAZ_S,DiscountedWeightedCostsCumulated,2034.0,Unmet system CO2 backstop cost: $m,0.0
KAZ,KAZ_S,DiscountedWeightedCostsCumulated,2034.0,Unmet system planning reserve costs: $m,0.0
KAZ,KAZ_S,DiscountedWeightedCostsCumulated,2034.0,Unmet system spinning reserve costs: $m,0.0
KAZ,KAZ_S,DiscountedWeightedCostsCumulated,2034.0,VRE curtailment: $m,0.0
KAZ,KAZ_S,DiscountedWeightedCostsCumulated,2034.0,Variable O&M: $m,1402.404310819772
KAZ,KAZ_S,DiscountedWeightedCostsCumulated,2035.0,Carbon costs: $m,0.0
KAZ,KAZ_S,DiscountedWeightedCostsCumulated,2035.0,Excess generation: $m,0.0
KAZ,KAZ_S,DiscountedWeightedCostsCumulated,2035.0,Export revenues with external zones: $m,0.0
KAZ,KAZ_S,DiscountedWeightedCostsCumulated,2035.0,Export revenues with internal zones: $m,-7427.916638019047
KAZ,KAZ_S,DiscountedWeightedCostsCumulated,2035.0,Fixed O&M: $m,1442.2137975639234
KAZ,KAZ_S,DiscountedWeightedCostsCumulated,2035.0,Fuel costs: $m,2469.2647762727247
KAZ,KAZ_S,DiscountedWeightedCostsCumulated,2035.0,Generation costs: $m,0.0
KAZ,KAZ_S,DiscountedWeightedCostsCumulated,2035.0,Import costs with external zones: $m,0.0
KAZ,KAZ_S,DiscountedWeightedCostsCumulated,2035.0,Import costs with internal zones: $m,4917.527812065526
KAZ,KAZ_S,DiscountedWeightedCostsCumulated,2035.0,NPV of system cost: $m,0.0
KAZ,KAZ_S,DiscountedWeightedCostsCumulated,2035.0,Spinning reserve costs: $m,0.0
KAZ,KAZ_S,DiscountedWeightedCostsCumulated,2035.0,Startup costs: $m,0.0
KAZ,KAZ_S,DiscountedWeightedCostsCumulated,2035.0,Trade shared benefits: $m,-823.4927552372668
KAZ,KAZ_S,DiscountedWeightedCostsCumulated,2035.0,Transmission costs: $m,0.0
KAZ,KAZ_S,DiscountedWeightedCostsCumulated,2035.0,Unmet country CO2 backstop cost: $m,0.0
KAZ,KAZ_S,DiscountedWeightedCostsCumulated,2035.0,Unmet country planning reserve costs: $m,0.0
KAZ,KAZ_S,DiscountedWeightedCostsCumulated,2035.0,Unmet country spinning reserve costs: $m,0.0
KAZ,KAZ_S,DiscountedWeightedCostsCumulated,2035.0,Unmet demand costs: $m,0.0
KAZ,KAZ_S,DiscountedWeightedCostsCumulated,2035.0,Unmet system CO2 backstop cost: $m,0.0
KAZ,KAZ_S,DiscountedWeightedCostsCumulated,2035.0,Unmet system planning reserve costs: $m,0.0
KAZ,KAZ_S,DiscountedWeightedCostsCumulated,2035.0,Unmet system spinning reserve costs: $m,0.0
KAZ,KAZ_S,DiscountedWeightedCostsCumulated,2035.0,VRE curtailment: $m,0.0
KAZ,KAZ_S,DiscountedWeightedCostsCumulated,2035.0,Variable O&M: $m,1459.3801404661688
KAZ,KAZ_S,DiscountedWeightedCostsCumulated,2040.0,Carbon costs: $m,0.0
KAZ,KAZ_S,DiscountedWeightedCostsCumulated,2040.0,Excess generation: $m,0.0
KAZ,KAZ_S,DiscountedWeightedCostsCumulated,2040.0,Export revenues with external zones: $m,0.0
KAZ,KAZ_S,DiscountedWeightedCostsCumulated,2040.0,Export revenues with internal zones: $m,-9118.328308136295
KAZ,KAZ_S,DiscountedWeightedCostsCumulated,2040.0,Fixed O&M: $m,2068.158599731385
KAZ,KAZ_S,DiscountedWeightedCostsCumulated,2040.0,Fuel costs: $m,2778.7148903132465
KAZ,KAZ_S,DiscountedWeightedCostsCumulated,2040.0,Generation costs: $m,0.0
KAZ,KAZ_S,DiscountedWeightedCostsCumulated,2040.0,Import costs with external zones: $m,0.0
KAZ,KAZ_S,DiscountedWeightedCostsCumulated,2040.0,Import costs with internal zones: $m,5258.125380235578
KAZ,KAZ_S,DiscountedWeightedCostsCumulated,2040.0,NPV of system cost: $m,0.0
KAZ,KAZ_S,DiscountedWeightedCostsCumulated,2040.0,Spinning reserve costs: $m,0.0
KAZ,KAZ_S,DiscountedWeightedCostsCumulated,2040.0,Startup costs: $m,0.0
KAZ,KAZ_S,DiscountedWeightedCostsCumulated,2040.0,Trade shared benefits: $m,-1170.0816198800594
KAZ,KAZ_S,DiscountedWeightedCostsCumulated,2040.0,Transmission costs: $m,0.0
KAZ,KAZ_S,DiscountedWeightedCostsCumulated,2040.0,Unmet country CO2 backstop cost: $m,0.0
KAZ,KAZ_S,DiscountedWeightedCostsCumulated,2040.0,Unmet country planning reserve costs: $m,0.0
KAZ,KAZ_S,DiscountedWeightedCostsCumulated,2040.0,Unmet country spinning reserve costs: $m,0.0
KAZ,KAZ_S,DiscountedWeightedCostsCumulated,2040.0,Unmet demand costs: $m,0.0
KAZ,KAZ_S,DiscountedWeightedCostsCumulated,2040.0,Unmet system CO2 backstop cost: $m,0.0
KAZ,KAZ_S,DiscountedWeightedCostsCumulated,2040.0,Unmet system planning reserve costs: $m,0.0
KAZ,KAZ_S,DiscountedWeightedCostsCumulated,2040.0,Unmet system spinning reserve costs: $m,0.0
KAZ,KAZ_S,DiscountedWeightedCostsCumulated,2040.0,VRE curtailment: $m,0.0
KAZ,KAZ_S,DiscountedWeightedCostsCumulated,2040.0,Variable O&M: $m,1642.7616993746303
KAZ,KAZ_S,DiscountedWeightedCostsCumulated,2045.0,Carbon costs: $m,0.0
KAZ,KAZ_S,DiscountedWeightedCostsCumulated,2045.0,Excess generation: $m,0.0
KAZ,KAZ_S,DiscountedWeightedCostsCumulated,2045.0,Export revenues with external zones: $m,0.0
KAZ,KAZ_S,DiscountedWeightedCostsCumulated,2045.0,Export revenues with internal zones: $m,-10108.403698990807
KAZ,KAZ_S,DiscountedWeightedCostsCumulated,2045.0,Fixed O&M: $m,2479.6044106669983
KAZ,KAZ_S,DiscountedWeightedCostsCumulated,2045.0,Fuel costs: $m,2967.4747782097
KAZ,KAZ_S,DiscountedWeightedCostsCumulated,2045.0,Generation costs: $m,0.0
KAZ,KAZ_S,DiscountedWeightedCostsCumulated,2045.0,Import costs with external zones: $m,0.0
KAZ,KAZ_S,DiscountedWeightedCostsCumulated,2045.0,Import costs with internal zones: $m,5402.933491444804
KAZ,KAZ_S,DiscountedWeightedCostsCumulated,2045.0,NPV of system cost: $m,0.0
KAZ,KAZ_S,DiscountedWeightedCostsCumulated,2045.0,Spinning reserve costs: $m,0.0
KAZ,KAZ_S,DiscountedWeightedCostsCumulated,2045.0,Startup costs: $m,0.0
KAZ,KAZ_S,DiscountedWeightedCostsCumulated,2045.0,Trade shared benefits: $m,-1349.6169869713074
KAZ,KAZ_S,DiscountedWeightedCostsCumulated,2045.0,Transmission costs: $m,0.0
KAZ,KAZ_S,DiscountedWeightedCostsCumulated,2045.0,Unmet country CO2 backstop cost: $m,0.0
KAZ,KAZ_S,DiscountedWeightedCostsCumulated,2045.0,Unmet country planning reserve costs: $m,0.0
KAZ,KAZ_S,DiscountedWeightedCostsCumulated,2045.0,Unmet country spinning reserve costs: $m,0.0
KAZ,KAZ_S,DiscountedWeightedCostsCumulated,2045.0,Unmet demand costs: $m,0.0
KAZ,KAZ_S,DiscountedWeightedCostsCumulated,2045.0,Unmet system CO2 backstop cost: $m,0.0
KAZ,KAZ_S,DiscountedWeightedCostsCumulated,2045.0,Unmet system planning reserve costs: $m,0.0
KAZ,KAZ_S,DiscountedWeightedCostsCumulated,2045.0,Unmet system spinning reserve costs: $m,0.0
KAZ,KAZ_S,DiscountedWeightedCostsCumulated,2045.0,VRE curtailment: $m,0.0
KAZ,KAZ_S,DiscountedWeightedCostsCumulated,2045.0,Variable O&M: $m,1758.738827217412
KAZ,KAZ_S,DiscountedWeightedCostsCumulated,2050.0,Carbon costs: $m,0.0
KAZ,KAZ_S,DiscountedWeightedCostsCumulated,2050.0,Excess generation: $m,0.0
KAZ,KAZ_S,DiscountedWeightedCostsCumulated,2050.0,Export revenues with external zones: $m,0.0
KAZ,KAZ_S,DiscountedWeightedCostsCumulated,2050.0,Export revenues with internal zones: $m,-10666.587806280886
KAZ,KAZ_S,DiscountedWeightedCostsCumulated,2050.0,Fixed O&M: $m,2767.262153824349
KAZ,KAZ_S,DiscountedWeightedCostsCumulated,2050.0,Fuel costs: $m,3088.7216298646463
KAZ,KAZ_S,DiscountedWeightedCostsCumulated,2050.0,Generation costs: $m,0.0
KAZ,KAZ_S,DiscountedWeightedCostsCumulated,2050.0,Import costs with external zones: $m,0.0
KAZ,KAZ_S,DiscountedWeightedCostsCumulated,2050.0,Import costs with internal zones: $m,5471.16360017453
KAZ,KAZ_S,DiscountedWeightedCostsCumulated,2050.0,NPV of system cost: $m,0.0
KAZ,KAZ_S,DiscountedWeightedCostsCumulated,2050.0,Spinning reserve costs: $m,0.0
KAZ,KAZ_S,DiscountedWeightedCostsCumulated,2050.0,Startup costs: $m,0.0
KAZ,KAZ_S,DiscountedWeightedCostsCumulated,2050.0,Trade shared benefits: $m,-1462.1039048335551
KAZ,KAZ_S,DiscountedWeightedCostsCumulated,2050.0,Transmission costs: $m,0.0
KAZ,KAZ_S,DiscountedWeightedCostsCumulated,2050.0,Unmet country CO2 backstop cost: $m,0.0
KAZ,KAZ_S,DiscountedWeightedCostsCumulated,2050.0,Unmet country planning reserve costs: $m,0.0
KAZ,KAZ_S,DiscountedWeightedCostsCumulated,2050.0,Unmet country spinning reserve costs: $m,0.0
KAZ,KAZ_S,DiscountedWeightedCostsCumulated,2050.0,Unmet demand costs: $m,0.0
KAZ,KAZ_S,DiscountedWeightedCostsCumulated,2050.0,Unmet system CO2 backstop cost: $m,0.0
KAZ,KAZ_S,DiscountedWeightedCostsCumulated,2050.0,Unmet system planning reserve costs: $m,0.0
KAZ,KAZ_S,DiscountedWeightedCostsCumulated,2050.0,Unmet system spinning reserve costs: $m,0.0
KAZ,KAZ_S,DiscountedWeightedCostsCumulated,2050.0,VRE curtailment: $m,0.0
KAZ,KAZ_S,DiscountedWeightedCostsCumulated,2050.0,Variable O&M: $m,1816.010840854612
KAZ,KAZ_S,GenCostsPerMWh,2026.0,Fixed O&M: $m,3.9576499469910953
KAZ,KAZ_S,GenCostsPerMWh,2026.0,Investment costs: $m,6.35890828472047
KAZ,KAZ_S,GenCostsPerMWh,2026.0,Variable Cost: $m,25.21294857558781
KAZ,KAZ_S,GenCostsPerMWh,2027.0,Fixed O&M: $m,4.379429394093017
KAZ,KAZ_S,GenCostsPerMWh,2027.0,Investment costs: $m,11.212139992553784
KAZ,KAZ_S,GenCostsPerMWh,2027.0,Variable Cost: $m,22.57353986223598
KAZ,KAZ_S,GenCostsPerMWh,2028.0,Fixed O&M: $m,4.983133603397469
KAZ,KAZ_S,GenCostsPerMWh,2028.0,Investment costs: $m,15.203194166052295
KAZ,KAZ_S,GenCostsPerMWh,2028.0,Variable Cost: $m,18.430540485518684
KAZ,KAZ_S,GenCostsPerMWh,2029.0,Fixed O&M: $m,5.338904063402654
KAZ,KAZ_S,GenCostsPerMWh,2029.0,Investment costs: $m,18.351847325295456
KAZ,KAZ_S,GenCostsPerMWh,2029.0,Variable Cost: $m,16.546316801433555
KAZ,KAZ_S,GenCostsPerMWh,2030.0,Fixed O&M: $m,5.285271343702574
KAZ,KAZ_S,GenCostsPerMWh,2030.0,Investment costs: $m,22.95327594811981
KAZ,KAZ_S,GenCostsPerMWh,2030.0,Variable Cost: $m,14.205759803312358
KAZ,KAZ_S,GenCostsPerMWh,2031.0,Fixed O&M: $m,5.526128585037219
KAZ,KAZ_S,GenCostsPerMWh,2031.0,Investment costs: $m,26.35603648144699
KAZ,KAZ_S,GenCostsPerMWh,2031.0,Variable Cost: $m,11.63349235810629
KAZ,KAZ_S,GenCostsPerMWh,2032.0,Fixed O&M: $m,5.987337234780702
KAZ,KAZ_S,GenCostsPerMWh,2032.0,Investment costs: $m,29.826503144742496
KAZ,KAZ_S,GenCostsPerMWh,2032.0,Variable Cost: $m,8.806003687381503
KAZ,KAZ_S,GenCostsPerMWh,2033.0,Fixed O&M: $m,6.227165588257542
KAZ,KAZ_S,GenCostsPerMWh,2033.0,Investment costs: $m,32.46096262298063
KAZ,KAZ_S,GenCostsPerMWh,2033.0,Variable Cost: $m,7.20357743334633
KAZ,KAZ_S,GenCostsPerMWh,2034.0,Fixed O&M: $m,6.227118854719083
KAZ,KAZ_S,GenCostsPerMWh,2034.0,Investment costs: $m,33.21819185575883
KAZ,KAZ_S,GenCostsPerMWh,2034.0,Variable Cost: $m,6.597408310550329
KAZ,KAZ_S,GenCostsPerMWh,2035.0,Fixed O&M: $m,6.088344176154338
KAZ,KAZ_S,GenCostsPerMWh,2035.0,Investment costs: $m,32.90087798769502
KAZ,KAZ_S,GenCostsPerMWh,2035.0,Variable Cost: $m,6.652878080319635
KAZ,KAZ_S,GenCostsPerMWh,2040.0,Fixed O&M: $m,6.316179849592673
KAZ,KAZ_S,GenCostsPerMWh,2040.0,Investment costs: $m,34.88692306109952
KAZ,KAZ_S,GenCostsPerMWh,2040.0,Variable Cost: $m,4.9729839933851565
KAZ,KAZ_S,GenCostsPerMWh,2045.0,Fixed O&M: $m,6.2958281705422525
KAZ,KAZ_S,GenCostsPerMWh,2045.0,Investment costs: $m,35.23064594125065
KAZ,KAZ_S,GenCostsPerMWh,2045.0,Variable Cost: $m,4.663000174762493
KAZ,KAZ_S,GenCostsPerMWh,2050.0,Fixed O&M: $m,6.717284229465473
KAZ,KAZ_S,GenCostsPerMWh,2050.0,Investment costs: $m,37.17624295071755
KAZ,KAZ_S,GenCostsPerMWh,2050.0,Variable Cost: $m,4.168710862175714
KAZ,KAZ_S,NetPresentCostPerMWh,,Carbon costs: $m,0.0
KAZ,KAZ_S,NetPresentCostPerMWh,,Excess generation: $m,0.0
KAZ,KAZ_S,NetPresentCostPerMWh,,Export revenues with external zones: $m,0.0
KAZ,KAZ_S,NetPresentCostPerMWh,,Export revenues with internal zones: $m,-29.91355386134636
KAZ,KAZ_S,NetPresentCostPerMWh,,Fixed O&M: $m,7.7605553894326755
KAZ,KAZ_S,NetPresentCostPerMWh,,Fuel costs: $m,8.662061618548359
KAZ,KAZ_S,NetPresentCostPerMWh,,Generation costs: $m,0.0
KAZ,KAZ_S,NetPresentCostPerMWh,,Import costs with external zones: $m,0.0
KAZ,KAZ_S,NetPresentCostPerMWh,,Import costs with internal zones: $m,15.343420971202075
KAZ,KAZ_S,NetPresentCostPerMWh,,NPV of system cost: $m,0.0
KAZ,KAZ_S,NetPresentCostPerMWh,,Spinning reserve costs: $m,0.0
KAZ,KAZ_S,NetPresentCostPerMWh,,Startup costs: $m,0.0
KAZ,KAZ_S,NetPresentCostPerMWh,,Trade shared benefits: $m,-4.10034818092151
KAZ,KAZ_S,NetPresentCostPerMWh,,Transmission costs: $m,0.0
KAZ,KAZ_S,NetPresentCostPerMWh,,Unmet country CO2 backstop cost: $m,0.0
KAZ,KAZ_S,NetPresentCostPerMWh,,Unmet country planning reserve costs: $m,0.0
KAZ,KAZ_S,NetPresentCostPerMWh,,Unmet country spinning reserve costs: $m,0.0
KAZ,KAZ_S,NetPresentCostPerMWh,,Unmet demand costs: $m,0.0
KAZ,KAZ_S,NetPresentCostPerMWh,,Unmet system CO2 backstop cost: $m,0.0
KAZ,KAZ_S,NetPresentCostPerMWh,,Unmet system planning reserve costs: $m,0.0
KAZ,KAZ_S,NetPresentCostPerMWh,,Unmet system spinning reserve costs: $m,0.0
KAZ,KAZ_S,NetPresentCostPerMWh,,VRE curtailment: $m,0.0
KAZ,KAZ_S,NetPresentCostPerMWh,,Variable O&M: $m,5.092850599205276
KGZ,KGZ_N,Costs,2026.0,Carbon costs: $m,0.0
KGZ,KGZ_N,Costs,2026.0,Excess generation: $m,0.0
KGZ,KGZ_N,Costs,2026.0,Export revenues with external zones: $m,0.0
KGZ,KGZ_N,Costs,2026.0,Export revenues with internal zones: $m,-148.00404831646873
KGZ,KGZ_N,Costs,2026.0,Fixed O&M: $m,24.70248
KGZ,KGZ_N,Costs,2026.0,Fuel costs: $m,45.87773902355495
KGZ,KGZ_N,Costs,2026.0,Generation costs: $m,0.0
KGZ,KGZ_N,Costs,2026.0,Import costs with external zones: $m,0.0
KGZ,KGZ_N,Costs,2026.0,Import costs with internal zones: $m,686.5534005108844
KGZ,KGZ_N,Costs,2026.0,NPV of system cost: $m,0.0
KGZ,KGZ_N,Costs,2026.0,Spinning reserve costs: $m,0.0
KGZ,KGZ_N,Costs,2026.0,Startup costs: $m,0.0
KGZ,KGZ_N,Costs,2026.0,Trade shared benefits: $m,-5.607965509954137
KGZ,KGZ_N,Costs,2026.0,Transmission costs: $m,0.0
KGZ,KGZ_N,Costs,2026.0,Unmet country CO2 backstop cost: $m,0.0
KGZ,KGZ_N,Costs,2026.0,Unmet country planning reserve costs: $m,0.0
KGZ,KGZ_N,Costs,2026.0,Unmet country spinning reserve costs: $m,0.0
KGZ,KGZ_N,Costs,2026.0,Unmet demand costs: $m,0.0
KGZ,KGZ_N,Costs,2026.0,Unmet system CO2 backstop cost: $m,0.0
KGZ,KGZ_N,Costs,2026.0,Unmet system planning reserve costs: $m,0.0
KGZ,KGZ_N,Costs,2026.0,Unmet system spinning reserve costs: $m,0.0
KGZ,KGZ_N,Costs,2026.0,VRE curtailment: $m,0.0
KGZ,KGZ_N,Costs,2026.0,Variable O&M: $m,23.04825054355292
KGZ,KGZ_N,Costs,2027.0,Carbon costs: $m,0.0
KGZ,KGZ_N,Costs,2027.0,Excess generation: $m,0.0
KGZ,KGZ_N,Costs,2027.0,Export revenues with external zones: $m,0.0
KGZ,KGZ_N,Costs,2027.0,Export revenues with internal zones: $m,-223.59293969028093
KGZ,KGZ_N,Costs,2027.0,Fixed O&M: $m,24.70248
KGZ,KGZ_N,Costs,2027.0,Fuel costs: $m,41.89795897531531
KGZ,KGZ_N,Costs,2027.0,Generation costs: $m,0.0
KGZ,KGZ_N,Costs,2027.0,Import costs with external zones: $m,0.0
KGZ,KGZ_N,Costs,2027.0,Import costs with internal zones: $m,695.9603518487511
KGZ,KGZ_N,Costs,2027.0,NPV of system cost: $m,0.0
KGZ,KGZ_N,Costs,2027.0,Spinning reserve costs: $m,0.0
KGZ,KGZ_N,Costs,2027.0,Startup costs: $m,0.0
KGZ,KGZ_N,Costs,2027.0,Trade shared benefits: $m,-17.106486145969992
KGZ,KGZ_N,Costs,2027.0,Transmission costs: $m,0.0
KGZ,KGZ_N,Costs,2027.0,Unmet country CO2 backstop cost: $m,0.0
KGZ,KGZ_N,Costs,2027.0,Unmet country planning reserve costs: $m,0.0
KGZ,KGZ_N,Costs,2027.0,Unmet country spinning reserve costs: $m,0.0
KGZ,KGZ_N,Costs,2027.0,Unmet demand costs: $m,0.0
KGZ,KGZ_N,Costs,2027.0,Unmet system CO2 backstop cost: $m,0.0
KGZ,KGZ_N,Costs,2027.0,Unmet system planning reserve costs: $m,0.0
KGZ,KGZ_N,Costs,2027.0,Unmet system spinning reserve costs: $m,0.0
KGZ,KGZ_N,Costs,2027.0,VRE curtailment: $m,0.0
KGZ,KGZ_N,Costs,2027.0,Variable O&M: $m,21.34792421213593
KGZ,KGZ_N,Costs,2028.0,Carbon costs: $m,0.0
KGZ,KGZ_N,Costs,2028.0,Excess generation: $m,0.0
KGZ,KGZ_N,Costs,2028.0,Export revenues with external zones: $m,0.0
KGZ,KGZ_N,Costs,2028.0,Export revenues with internal zones: $m,-179.98173195129
KGZ,KGZ_N,Costs,2028.0,Fixed O&M: $m,24.70248
KGZ,KGZ_N,Costs,2028.0,Fuel costs: $m,31.49352352808913
KGZ,KGZ_N,Costs,2028.0,Generation costs: $m,0.0
KGZ,KGZ_N,Costs,2028.0,Import costs with external zones: $m,0.0
KGZ,KGZ_N,Costs,2028.0,Import costs with internal zones: $m,684.8367863945867
KGZ,KGZ_N,Costs,2028.0,NPV of system cost: $m,0.0
KGZ,KGZ_N,Costs,2028.0,Spinning reserve costs: $m,0.0
KGZ,KGZ_N,Costs,2028.0,Startup costs: $m,0.0
KGZ,KGZ_N,Costs,2028.0,Trade shared benefits: $m,-25.120557466793297
KGZ,KGZ_N,Costs,2028.0,Transmission costs: $m,0.0
KGZ,KGZ_N,Costs,2028.0,Unmet country CO2 backstop cost: $m,0.0
KGZ,KGZ_N,Costs,2028.0,Unmet country planning reserve costs: $m,0.0
KGZ,KGZ_N,Costs,2028.0,Unmet country spinning reserve costs: $m,0.0
KGZ,KGZ_N,Costs,2028.0,Unmet demand costs: $m,0.0
KGZ,KGZ_N,Costs,2028.0,Unmet system CO2 backstop cost: $m,0.0
KGZ,KGZ_N,Costs,2028.0,Unmet system planning reserve costs: $m,0.0
KGZ,KGZ_N,Costs,2028.0,Unmet system spinning reserve costs: $m,0.0
KGZ,KGZ_N,Costs,2028.0,VRE curtailment: $m,0.0
KGZ,KGZ_N,Costs,2028.0,Variable O&M: $m,16.902719869178974
KGZ,KGZ_N,Costs,2029.0,Carbon costs: $m,0.0
KGZ,KGZ_N,Costs,2029.0,Excess generation: $m,0.0
KGZ,KGZ_N,Costs,2029.0,Export revenues with external zones: $m,0.0
KGZ,KGZ_N,Costs,2029.0,Export revenues with internal zones: $m,-258.6126506936054
KGZ,KGZ_N,Costs,2029.0,Fixed O&M: $m,24.70248
KGZ,KGZ_N,Costs,2029.0,Fuel costs: $m,31.26943176128448
KGZ,KGZ_N,Costs,2029.0,Generation costs: $m,0.0
KGZ,KGZ_N,Costs,2029.0,Import costs with external zones: $m,0.0
KGZ,KGZ_N,Costs,2029.0,Import costs with internal zones: $m,772.0209588063485
KGZ,KGZ_N,Costs,2029.0,NPV of system cost: $m,0.0
KGZ,KGZ_N,Costs,2029.0,Spinning reserve costs: $m,0.0
KGZ,KGZ_N,Costs,2029.0,Startup costs: $m,0.0
KGZ,KGZ_N,Costs,2029.0,Trade shared benefits: $m,-15.650551647109031
KGZ,KGZ_N,Costs,2029.0,Transmission costs: $m,0.0
KGZ,KGZ_N,Costs,2029.0,Unmet country CO2 backstop cost: $m,0.0
KGZ,KGZ_N,Costs,2029.0,Unmet country planning reserve costs: $m,0.0
KGZ,KGZ_N,Costs,2029.0,Unmet country spinning reserve costs: $m,0.0
KGZ,KGZ_N,Costs,2029.0,Unmet demand costs: $m,0.0
KGZ,KGZ_N,Costs,2029.0,Unmet system CO2 backstop cost: $m,0.0
KGZ,KGZ_N,Costs,2029.0,Unmet system planning reserve costs: $m,0.0
KGZ,KGZ_N,Costs,2029.0,Unmet system spinning reserve costs: $m,0.0
KGZ,KGZ_N,Costs,2029.0,VRE curtailment: $m,0.0
KGZ,KGZ_N,Costs,2029.0,Variable O&M: $m,16.806978615357576
KGZ,KGZ_N,Costs,2030.0,Carbon costs: $m,0.0
KGZ,KGZ_N,Costs,2030.0,Excess generation: $m,0.0
KGZ,KGZ_N,Costs,2030.0,Export revenues with external zones: $m,0.0
KGZ,KGZ_N,Costs,2030.0,Export revenues with internal zones: $m,-62.89852140782877
KGZ,KGZ_N,Costs,2030.0,Fixed O&M: $m,24.70248
KGZ,KGZ_N,Costs,2030.0,Fuel costs: $m,31.493523528089145
KGZ,KGZ_N,Costs,2030.0,Generation costs: $m,0.0
KGZ,KGZ_N,Costs,2030.0,Import costs with external zones: $m,0.0
KGZ,KGZ_N,Costs,2030.0,Import costs with internal zones: $m,652.1737286137825
KGZ,KGZ_N,Costs,2030.0,NPV of system cost: $m,0.0
KGZ,KGZ_N,Costs,2030.0,Spinning reserve costs: $m,0.0
KGZ,KGZ_N,Costs,2030.0,Startup costs: $m,0.0
KGZ,KGZ_N,Costs,2030.0,Trade shared benefits: $m,-11.910140168392743
KGZ,KGZ_N,Costs,2030.0,Transmission costs: $m,0.0
KGZ,KGZ_N,Costs,2030.0,Unmet country CO2 backstop cost: $m,0.0
KGZ,KGZ_N,Costs,2030.0,Unmet country planning reserve costs: $m,0.0
KGZ,KGZ_N,Costs,2030.0,Unmet country spinning reserve costs: $m,0.0
KGZ,KGZ_N,Costs,2030.0,Unmet demand costs: $m,0.0
KGZ,KGZ_N,Costs,2030.0,Unmet system CO2 backstop cost: $m,0.0
KGZ,KGZ_N,Costs,2030.0,Unmet system planning reserve costs: $m,0.0
KGZ,KGZ_N,Costs,2030.0,Unmet system spinning reserve costs: $m,0.0
KGZ,KGZ_N,Costs,2030.0,VRE curtailment: $m,0.0
KGZ,KGZ_N,Costs,2030.0,Variable O&M: $m,16.90271986917895
KGZ,KGZ_N,Costs,2031.0,Carbon costs: $m,0.0
KGZ,KGZ_N,Costs,2031.0,Excess generation: $m,0.0
KGZ,KGZ_N,Costs,2031.0,Export revenues with external zones: $m,0.0
KGZ,KGZ_N,Costs,2031.0,Export revenues with internal zones: $m,-280.13756748229514
KGZ,KGZ_N,Costs,2031.0,Fixed O&M: $m,24.70248
KGZ,KGZ_N,Costs,2031.0,Fuel costs: $m,27.237144194108183
KGZ,KGZ_N,Costs,2031.0,Generation costs: $m,0.0
KGZ,KGZ_N,Costs,2031.0,Import costs with external zones: $m,0.0
KGZ,KGZ_N,Costs,2031.0,Import costs with internal zones: $m,863.7450273227246
KGZ,KGZ_N,Costs,2031.0,NPV of system cost: $m,0.0
KGZ,KGZ_N,Costs,2031.0,Spinning reserve costs: $m,0.0
KGZ,KGZ_N,Costs,2031.0,Startup costs: $m,0.0
KGZ,KGZ_N,Costs,2031.0,Trade shared benefits: $m,-34.26824789977283
KGZ,KGZ_N,Costs,2031.0,Transmission costs: $m,0.0
KGZ,KGZ_N,Costs,2031.0,Unmet country CO2 backstop cost: $m,0.0
KGZ,KGZ_N,Costs,2031.0,Unmet country planning reserve costs: $m,0.0
KGZ,KGZ_N,Costs,2031.0,Unmet country spinning reserve costs: $m,0.0
KGZ,KGZ_N,Costs,2031.0,Unmet demand costs: $m,0.0
KGZ,KGZ_N,Costs,2031.0,Unmet system CO2 backstop cost: $m,0.0
KGZ,KGZ_N,Costs,2031.0,Unmet system planning reserve costs: $m,0.0
KGZ,KGZ_N,Costs,2031.0,Unmet system spinning reserve costs: $m,0.0
KGZ,KGZ_N,Costs,2031.0,VRE curtailment: $m,0.0
KGZ,KGZ_N,Costs,2031.0,Variable O&M: $m,15.084218904215184
KGZ,KGZ_N,Costs,2032.0,Carbon costs: $m,0.0
KGZ,KGZ_N,Costs,2032.0,Excess generation: $m,0.0
KGZ,KGZ_N,Costs,2032.0,Export revenues with external zones: $m,0.0
KGZ,KGZ_N,Costs,2032.0,Export revenues with internal zones: $m,-248.72087224992248
KGZ,KGZ_N,Costs,2032.0,Fixed O&M: $m,24.70248
KGZ,KGZ_N,Costs,2032.0,Fuel costs: $m,29.103063304806952
KGZ,KGZ_N,Costs,2032.0,Generation costs: $m,0.0
KGZ,KGZ_N,Costs,2032.0,Import costs with external zones: $m,0.0
KGZ,KGZ_N,Costs,2032.0,Import costs with internal zones: $m,871.8655111149275
KGZ,KGZ_N,Costs,2032.0,NPV of system cost: $m,0.0
KGZ,KGZ_N,Costs,2032.0,Spinning reserve costs: $m,0.0
KGZ,KGZ_N,Costs,2032.0,Startup costs: $m,0.0
KGZ,KGZ_N,Costs,2032.0,Trade shared benefits: $m,-104.12012509657065
KGZ,KGZ_N,Costs,2032.0,Transmission costs: $m,0.0
KGZ,KGZ_N,Costs,2032.0,Unmet country CO2 backstop cost: $m,0.0
KGZ,KGZ_N,Costs,2032.0,Unmet country planning reserve costs: $m,0.0
KGZ,KGZ_N,Costs,2032.0,Unmet country spinning reserve costs: $m,0.0
KGZ,KGZ_N,Costs,2032.0,Unmet demand costs: $m,0.0
KGZ,KGZ_N,Costs,2032.0,Unmet system CO2 backstop cost: $m,0.0
KGZ,KGZ_N,Costs,2032.0,Unmet system planning reserve costs: $m,0.0
KGZ,KGZ_N,Costs,2032.0,Unmet system spinning reserve costs: $m,0.0
KGZ,KGZ_N,Costs,2032.0,VRE curtailment: $m,0.0
KGZ,KGZ_N,Costs,2032.0,Variable O&M: $m,15.881416577895338
KGZ,KGZ_N,Costs,2033.0,Carbon costs: $m,0.0
KGZ,KGZ_N,Costs,2033.0,Excess generation: $m,0.0
KGZ,KGZ_N,Costs,2033.0,Export revenues with external zones: $m,0.0
KGZ,KGZ_N,Costs,2033.0,Export revenues with internal zones: $m,-223.79718224078044
KGZ,KGZ_N,Costs,2033.0,Fixed O&M: $m,24.98807331851548
KGZ,KGZ_N,Costs,2033.0,Fuel costs: $m,32.550767891670354
KGZ,KGZ_N,Costs,2033.0,Generation costs: $m,0.0
KGZ,KGZ_N,Costs,2033.0,Import costs with external zones: $m,0.0
KGZ,KGZ_N,Costs,2033.0,Import costs with internal zones: $m,862.6573741396189
KGZ,KGZ_N,Costs,2033.0,NPV of system cost: $m,0.0
KGZ,KGZ_N,Costs,2033.0,Spinning reserve costs: $m,0.0
KGZ,KGZ_N,Costs,2033.0,Startup costs: $m,0.0
KGZ,KGZ_N,Costs,2033.0,Trade shared benefits: $m,-95.24835486372972
KGZ,KGZ_N,Costs,2033.0,Transmission costs: $m,0.0
KGZ,KGZ_N,Costs,2033.0,Unmet country CO2 backstop cost: $m,0.0
KGZ,KGZ_N,Costs,2033.0,Unmet country planning reserve costs: $m,0.0
KGZ,KGZ_N,Costs,2033.0,Unmet country spinning reserve costs: $m,0.0
KGZ,KGZ_N,Costs,2033.0,Unmet demand costs: $m,0.0
KGZ,KGZ_N,Costs,2033.0,Unmet system CO2 backstop cost: $m,0.0
KGZ,KGZ_N,Costs,2033.0,Unmet system planning reserve costs: $m,0.0
KGZ,KGZ_N,Costs,2033.0,Unmet system spinning reserve costs: $m,0.0
KGZ,KGZ_N,Costs,2033.0,VRE curtailment: $m,0.0
KGZ,KGZ_N,Costs,2033.0,Variable O&M: $m,16.650673235133837
KGZ,KGZ_N,Costs,2034.0,Carbon costs: $m,0.0
KGZ,KGZ_N,Costs,2034.0,Excess generation: $m,0.0
KGZ,KGZ_N,Costs,2034.0,Export revenues with external zones: $m,0.0
KGZ,KGZ_N,Costs,2034.0,Export revenues with internal zones: $m,-223.6701691800233
KGZ,KGZ_N,Costs,2034.0,Fixed O&M: $m,24.98807331851548
KGZ,KGZ_N,Costs,2034.0,Fuel costs: $m,34.87146423687148
KGZ,KGZ_N,Costs,2034.0,Generation costs: $m,0.0
KGZ,KGZ_N,Costs,2034.0,Import costs with external zones: $m,0.0
KGZ,KGZ_N,Costs,2034.0,Import costs with internal zones: $m,888.9192619479128
KGZ,KGZ_N,Costs,2034.0,NPV of system cost: $m,0.0
KGZ,KGZ_N,Costs,2034.0,Spinning reserve costs: $m,0.0
KGZ,KGZ_N,Costs,2034.0,Startup costs: $m,0.0
KGZ,KGZ_N,Costs,2034.0,Trade shared benefits: $m,-106.34575822518892
KGZ,KGZ_N,Costs,2034.0,Transmission costs: $m,0.0
KGZ,KGZ_N,Costs,2034.0,Unmet country CO2 backstop cost: $m,0.0
KGZ,KGZ_N,Costs,2034.0,Unmet country planning reserve costs: $m,0.0
KGZ,KGZ_N,Costs,2034.0,Unmet country spinning reserve costs: $m,0.0
KGZ,KGZ_N,Costs,2034.0,Unmet demand costs: $m,0.0
KGZ,KGZ_N,Costs,2034.0,Unmet system CO2 backstop cost: $m,0.0
KGZ,KGZ_N,Costs,2034.0,Unmet system planning reserve costs: $m,0.0
KGZ,KGZ_N,Costs,2034.0,Unmet system spinning reserve costs: $m,0.0
KGZ,KGZ_N,Costs,2034.0,VRE curtailment: $m,0.0
KGZ,KGZ_N,Costs,2034.0,Variable O&M: $m,17.17130660185548
KGZ,KGZ_N,Costs,2035.0,Carbon costs: $m,0.0
KGZ,KGZ_N,Costs,2035.0,Excess generation: $m,0.0
KGZ,KGZ_N,Costs,2035.0,Export revenues with external zones: $m,0.0
KGZ,KGZ_N,Costs,2035.0,Export revenues with internal zones: $m,-278.9079682634704
KGZ,KGZ_N,Costs,2035.0,Fixed O&M: $m,27.86634120426064
KGZ,KGZ_N,Costs,2035.0,Fuel costs: $m,68.11562946379415
KGZ,KGZ_N,Costs,2035.0,Generation costs: $m,0.0
KGZ,KGZ_N,Costs,2035.0,Import costs with external zones: $m,0.0
KGZ,KGZ_N,Costs,2035.0,Import costs with internal zones: $m,986.2273974714424
KGZ,KGZ_N,Costs,2035.0,NPV of system cost: $m,0.0
KGZ,KGZ_N,Costs,2035.0,Spinning reserve costs: $m,0.0
KGZ,KGZ_N,Costs,2035.0,Startup costs: $m,0.0
KGZ,KGZ_N,Costs,2035.0,Trade shared benefits: $m,-99.81460789470856
KGZ,KGZ_N,Costs,2035.0,Transmission costs: $m,0.0
KGZ,KGZ_N,Costs,2035.0,Unmet country CO2 backstop cost: $m,0.0
KGZ,KGZ_N,Costs,2035.0,Unmet country planning reserve costs: $m,0.0
KGZ,KGZ_N,Costs,2035.0,Unmet country spinning reserve costs: $m,0.0
KGZ,KGZ_N,Costs,2035.0,Unmet demand costs: $m,0.0
KGZ,KGZ_N,Costs,2035.0,Unmet system CO2 backstop cost: $m,0.0
KGZ,KGZ_N,Costs,2035.0,Unmet system planning reserve costs: $m,0.0
KGZ,KGZ_N,Costs,2035.0,Unmet system spinning reserve costs: $m,0.0
KGZ,KGZ_N,Costs,2035.0,VRE curtailment: $m,0.0
KGZ,KGZ_N,Costs,2035.0,Variable O&M: $m,19.60442265497132
KGZ,KGZ_N,Costs,2040.0,Carbon costs: $m,0.0
KGZ,KGZ_N,Costs,2040.0,Excess generation: $m,0.0
KGZ,KGZ_N,Costs,2040.0,Export revenues with external zones: $m,0.0
KGZ,KGZ_N,Costs,2040.0,Export revenues with internal zones: $m,-151.6561327315549
KGZ,KGZ_N,Costs,2040.0,Fixed O&M: $m,27.86634120426064
KGZ,KGZ_N,Costs,2040.0,Fuel costs: $m,67.23401656231098
KGZ,KGZ_N,Costs,2040.0,Generation costs: $m,0.0
KGZ,KGZ_N,Costs,2040.0,Import costs with external zones: $m,0.0
KGZ,KGZ_N,Costs,2040.0,Import costs with internal zones: $m,930.693964517201
KGZ,KGZ_N,Costs,2040.0,NPV of system cost: $m,0.0
KGZ,KGZ_N,Costs,2040.0,Spinning reserve costs: $m,0.0
KGZ,KGZ_N,Costs,2040.0,Startup costs: $m,0.0
KGZ,KGZ_N,Costs,2040.0,Trade shared benefits: $m,-116.50727212229884
KGZ,KGZ_N,Costs,2040.0,Transmission costs: $m,0.0
KGZ,KGZ_N,Costs,2040.0,Unmet country CO2 backstop cost: $m,0.0
KGZ,KGZ_N,Costs,2040.0,Unmet country planning reserve costs: $m,0.0
KGZ,KGZ_N,Costs,2040.0,Unmet country spinning reserve costs: $m,0.0
KGZ,KGZ_N,Costs,2040.0,Unmet demand costs: $m,0.2986463802497305
KGZ,KGZ_N,Costs,2040.0,Unmet system CO2 backstop cost: $m,0.0
KGZ,KGZ_N,Costs,2040.0,Unmet system planning reserve costs: $m,0.0
KGZ,KGZ_N,Costs,2040.0,Unmet system spinning reserve costs: $m,0.0
KGZ,KGZ_N,Costs,2040.0,VRE curtailment: $m,0.0
KGZ,KGZ_N,Costs,2040.0,Variable O&M: $m,20.35872096490724
KGZ,KGZ_N,Costs,2045.0,Carbon costs: $m,0.0
KGZ,KGZ_N,Costs,2045.0,Excess generation: $m,0.0
KGZ,KGZ_N,Costs,2045.0,Export revenues with external zones: $m,0.0
KGZ,KGZ_N,Costs,2045.0,Export revenues with internal zones: $m,-120.25777634530222
KGZ,KGZ_N,Costs,2045.0,Fixed O&M: $m,49.10537112759731
KGZ,KGZ_N,Costs,2045.0,Fuel costs: $m,115.13896305213378
KGZ,KGZ_N,Costs,2045.0,Generation costs: $m,0.0
KGZ,KGZ_N,Costs,2045.0,Import costs with external zones: $m,0.0
KGZ,KGZ_N,Costs,2045.0,Import costs with internal zones: $m,879.9941374421451
KGZ,KGZ_N,Costs,2045.0,NPV of system cost: $m,0.0
KGZ,KGZ_N,Costs,2045.0,Spinning reserve costs: $m,0.0
KGZ,KGZ_N,Costs,2045.0,Startup costs: $m,0.0
KGZ,KGZ_N,Costs,2045.0,Trade shared benefits: $m,-96.19667316865736
KGZ,KGZ_N,Costs,2045.0,Transmission costs: $m,0.0
KGZ,KGZ_N,Costs,2045.0,Unmet country CO2 backstop cost: $m,0.0
KGZ,KGZ_N,Costs,2045.0,Unmet country planning reserve costs: $m,0.0
KGZ,KGZ_N,Costs,2045.0,Unmet country spinning reserve costs: $m,0.0
KGZ,KGZ_N,Costs,2045.0,Unmet demand costs: $m,2.27098305124955
KGZ,KGZ_N,Costs,2045.0,Unmet system CO2 backstop cost: $m,0.0
KGZ,KGZ_N,Costs,2045.0,Unmet system planning reserve costs: $m,0.0
KGZ,KGZ_N,Costs,2045.0,Unmet system spinning reserve costs: $m,0.0
KGZ,KGZ_N,Costs,2045.0,VRE curtailment: $m,0.0
KGZ,KGZ_N,Costs,2045.0,Variable O&M: $m,24.087204675641715
KGZ,KGZ_N,Costs,2050.0,Carbon costs: $m,0.0
KGZ,KGZ_N,Costs,2050.0,Excess generation: $m,0.0
KGZ,KGZ_N,Costs,2050.0,Export revenues with external zones: $m,0.0
KGZ,KGZ_N,Costs,2050.0,Export revenues with internal zones: $m,-120.31305222845825
KGZ,KGZ_N,Costs,2050.0,Fixed O&M: $m,65.86504242718561
KGZ,KGZ_N,Costs,2050.0,Fuel costs: $m,247.4785590259648
KGZ,KGZ_N,Costs,2050.0,Generation costs: $m,0.0
KGZ,KGZ_N,Costs,2050.0,Import costs with external zones: $m,0.0
KGZ,KGZ_N,Costs,2050.0,Import costs with internal zones: $m,822.8991872028002
KGZ,KGZ_N,Costs,2050.0,NPV of system cost: $m,0.0
KGZ,KGZ_N,Costs,2050.0,Spinning reserve costs: $m,0.0
KGZ,KGZ_N,Costs,2050.0,Startup costs: $m,0.0
KGZ,KGZ_N,Costs,2050.0,Trade shared benefits: $m,-99.01391918058852
KGZ,KGZ_N,Costs,2050.0,Transmission costs: $m,0.0
KGZ,KGZ_N,Costs,2050.0,Unmet country CO2 backstop cost: $m,0.0
KGZ,KGZ_N,Costs,2050.0,Unmet country planning reserve costs: $m,0.0
KGZ,KGZ_N,Costs,2050.0,Unmet country spinning reserve costs: $m,0.0
KGZ,KGZ_N,Costs,2050.0,Unmet demand costs: $m,3.1979081103671403
KGZ,KGZ_N,Costs,2050.0,Unmet system CO2 backstop cost: $m,0.0
KGZ,KGZ_N,Costs,2050.0,Unmet system planning reserve costs: $m,0.0
KGZ,KGZ_N,Costs,2050.0,Unmet system spinning reserve costs: $m,0.0
KGZ,KGZ_N,Costs,2050.0,VRE curtailment: $m,0.0
KGZ,KGZ_N,Costs,2050.0,Variable O&M: $m,22.52905768435467
KGZ,KGZ_N,DiscountedWeightedCostsCumulated,2026.0,Carbon costs: $m,0.0
KGZ,KGZ_N,DiscountedWeightedCostsCumulated,2026.0,Excess generation: $m,0.0
KGZ,KGZ_N,DiscountedWeightedCostsCumulated,2026.0,Export revenues with external zones: $m,0.0
KGZ,KGZ_N,DiscountedWeightedCostsCumulated,2026.0,Export revenues with internal zones: $m,-148.00404831646873
KGZ,KGZ_N,DiscountedWeightedCostsCumulated,2026.0,Fixed O&M: $m,24.70248
KGZ,KGZ_N,DiscountedWeightedCostsCumulated,2026.0,Fuel costs: $m,45.87773902355495
KGZ,KGZ_N,DiscountedWeightedCostsCumulated,2026.0,Generation costs: $m,0.0
KGZ,KGZ_N,DiscountedWeightedCostsCumulated,2026.0,Import costs with external zones: $m,0.0
KGZ,KGZ_N,DiscountedWeightedCostsCumulated,2026.0,Import costs with internal zones: $m,686.5534005108844
KGZ,KGZ_N,DiscountedWeightedCostsCumulated,2026.0,NPV of system cost: $m,0.0
KGZ,KGZ_N,DiscountedWeightedCostsCumulated,2026.0,Spinning reserve costs: $m,0.0
KGZ,KGZ_N,DiscountedWeightedCostsCumulated,2026.0,Startup costs: $m,0.0
KGZ,KGZ_N,DiscountedWeightedCostsCumulated,2026.0,Trade shared benefits: $m,-5.607965509954137
KGZ,KGZ_N,DiscountedWeightedCostsCumulated,2026.0,Transmission costs: $m,0.0
KGZ,KGZ_N,DiscountedWeightedCostsCumulated,2026.0,Unmet country CO2 backstop cost: $m,0.0
KGZ,KGZ_N,DiscountedWeightedCostsCumulated,2026.0,Unmet country planning reserve costs: $m,0.0
KGZ,KGZ_N,DiscountedWeightedCostsCumulated,2026.0,Unmet country spinning reserve costs: $m,0.0
KGZ,KGZ_N,DiscountedWeightedCostsCumulated,2026.0,Unmet demand costs: $m,0.0
KGZ,KGZ_N,DiscountedWeightedCostsCumulated,2026.0,Unmet system CO2 backstop cost: $m,0.0
KGZ,KGZ_N,DiscountedWeightedCostsCumulated,2026.0,Unmet system planning reserve costs: $m,0.0
KGZ,KGZ_N,DiscountedWeightedCostsCumulated,2026.0,Unmet system spinning reserve costs: $m,0.0
KGZ,KGZ_N,DiscountedWeightedCostsCumulated,2026.0,VRE curtailment: $m,0.0
KGZ,KGZ_N,DiscountedWeightedCostsCumulated,2026.0,Variable O&M: $m,23.04825054355292
KGZ,KGZ_N,DiscountedWeightedCostsCumulated,2027.0,Carbon costs: $m,0.0
KGZ,KGZ_N,DiscountedWeightedCostsCumulated,2027.0,Excess generation: $m,0.0
KGZ,KGZ_N,DiscountedWeightedCostsCumulated,2027.0,Export revenues with external zones: $m,0.0
KGZ,KGZ_N,DiscountedWeightedCostsCumulated,2027.0,Export revenues with internal zones: $m,-361.1915515305975
KGZ,KGZ_N,DiscountedWeightedCostsCumulated,2027.0,Fixed O&M: $m,48.25537054158745
KGZ,KGZ_N,DiscountedWeightedCostsCumulated,2027.0,Fuel costs: $m,85.8258754722647
KGZ,KGZ_N,DiscountedWeightedCostsCumulated,2027.0,Generation costs: $m,0.0
KGZ,KGZ_N,DiscountedWeightedCostsCumulated,2027.0,Import costs with external zones: $m,0.0
KGZ,KGZ_N,DiscountedWeightedCostsCumulated,2027.0,Import costs with internal zones: $m,1350.125559596868
KGZ,KGZ_N,DiscountedWeightedCostsCumulated,2027.0,NPV of system cost: $m,0.0
KGZ,KGZ_N,DiscountedWeightedCostsCumulated,2027.0,Spinning reserve costs: $m,0.0
KGZ,KGZ_N,DiscountedWeightedCostsCumulated,2027.0,Startup costs: $m,0.0
KGZ,KGZ_N,DiscountedWeightedCostsCumulated,2027.0,Trade shared benefits: $m,-21.91836008358454
KGZ,KGZ_N,DiscountedWeightedCostsCumulated,2027.0,Transmission costs: $m,0.0
KGZ,KGZ_N,DiscountedWeightedCostsCumulated,2027.0,Unmet country CO2 backstop cost: $m,0.0
KGZ,KGZ_N,DiscountedWeightedCostsCumulated,2027.0,Unmet country planning reserve costs: $m,0.0
KGZ,KGZ_N,DiscountedWeightedCostsCumulated,2027.0,Unmet country spinning reserve costs: $m,0.0
KGZ,KGZ_N,DiscountedWeightedCostsCumulated,2027.0,Unmet demand costs: $m,0.0
KGZ,KGZ_N,DiscountedWeightedCostsCumulated,2027.0,Unmet system CO2 backstop cost: $m,0.0
KGZ,KGZ_N,DiscountedWeightedCostsCumulated,2027.0,Unmet system planning reserve costs: $m,0.0
KGZ,KGZ_N,DiscountedWeightedCostsCumulated,2027.0,Unmet system spinning reserve costs: $m,0.0
KGZ,KGZ_N,DiscountedWeightedCostsCumulated,2027.0,VRE curtailment: $m,0.0
KGZ,KGZ_N,DiscountedWeightedCostsCumulated,2027.0,Variable O&M: $m,43.40269763787471
KGZ,KGZ_N,DiscountedWeightedCostsCumulated,2028.0,Carbon costs: $m,0.0
KGZ,KGZ_N,DiscountedWeightedCostsCumulated,2028.0,Excess generation: $m,0.0
KGZ,KGZ_N,DiscountedWeightedCostsCumulated,2028.0,Export revenues with external zones: $m,0.0
KGZ,KGZ_N,DiscountedWeightedCostsCumulated,2028.0,Export revenues with internal zones: $m,-517.1968680425821
KGZ,KGZ_N,DiscountedWeightedCostsCumulated,2028.0,Fixed O&M: $m,69.66708921575785
KGZ,KGZ_N,DiscountedWeightedCostsCumulated,2028.0,Fuel costs: $m,113.12396318822726
KGZ,KGZ_N,DiscountedWeightedCostsCumulated,2028.0,Generation costs: $m,0.0
KGZ,KGZ_N,DiscountedWeightedCostsCumulated,2028.0,Import costs with external zones: $m,0.0
KGZ,KGZ_N,DiscountedWeightedCostsCumulated,2028.0,Import costs with internal zones: $m,1943.7312464754248
KGZ,KGZ_N,DiscountedWeightedCostsCumulated,2028.0,NPV of system cost: $m,0.0
KGZ,KGZ_N,DiscountedWeightedCostsCumulated,2028.0,Spinning reserve costs: $m,0.0
KGZ,KGZ_N,DiscountedWeightedCostsCumulated,2028.0,Startup costs: $m,0.0
KGZ,KGZ_N,DiscountedWeightedCostsCumulated,2028.0,Trade shared benefits: $m,-43.69246168865856
KGZ,KGZ_N,DiscountedWeightedCostsCumulated,2028.0,Transmission costs: $m,0.0
KGZ,KGZ_N,DiscountedWeightedCostsCumulated,2028.0,Unmet country CO2 backstop cost: $m,0.0
KGZ,KGZ_N,DiscountedWeightedCostsCumulated,2028.0,Unmet country planning reserve costs: $m,0.0
KGZ,KGZ_N,DiscountedWeightedCostsCumulated,2028.0,Unmet country spinning reserve costs: $m,0.0
KGZ,KGZ_N,DiscountedWeightedCostsCumulated,2028.0,Unmet demand costs: $m,0.0
KGZ,KGZ_N,DiscountedWeightedCostsCumulated,2028.0,Unmet system CO2 backstop cost: $m,0.0
KGZ,KGZ_N,DiscountedWeightedCostsCumulated,2028.0,Unmet system planning reserve costs: $m,0.0
KGZ,KGZ_N,DiscountedWeightedCostsCumulated,2028.0,Unmet system spinning reserve costs: $m,0.0
KGZ,KGZ_N,DiscountedWeightedCostsCumulated,2028.0,VRE curtailment: $m,0.0
KGZ,KGZ_N,DiscountedWeightedCostsCumulated,2028.0,Variable O&M: $m,58.05370768492953
KGZ,KGZ_N,DiscountedWeightedCostsCumulated,2029.0,Carbon costs: $m,0.0
KGZ,KGZ_N,DiscountedWeightedCostsCumulated,2029.0,Excess generation: $m,0.0
KGZ,KGZ_N,DiscountedWeightedCostsCumulated,2029.0,Export revenues with external zones: $m,0.0
KGZ,KGZ_N,DiscountedWeightedCostsCumulated,2029.0,Export revenues with internal zones: $m,-720.9799155979465
KGZ,KGZ_N,DiscountedWeightedCostsCumulated,2029.0,Fixed O&M: $m,89.13228801045823
KGZ,KGZ_N,DiscountedWeightedCostsCumulated,2029.0,Fuel costs: $m,137.76382547860138
KGZ,KGZ_N,DiscountedWeightedCostsCumulated,2029.0,Generation costs: $m,0.0
KGZ,KGZ_N,DiscountedWeightedCostsCumulated,2029.0,Import costs with external zones: $m,0.0
KGZ,KGZ_N,DiscountedWeightedCostsCumulated,2029.0,Import costs with internal zones: $m,2552.0726533641573
KGZ,KGZ_N,DiscountedWeightedCostsCumulated,2029.0,NPV of system cost: $m,0.0
KGZ,KGZ_N,DiscountedWeightedCostsCumulated,2029.0,Spinning reserve costs: $m,0.0
KGZ,KGZ_N,DiscountedWeightedCostsCumulated,2029.0,Startup costs: $m,0.0
KGZ,KGZ_N,DiscountedWeightedCostsCumulated,2029.0,Trade shared benefits: $m,-56.02487118995976
KGZ,KGZ_N,DiscountedWeightedCostsCumulated,2029.0,Transmission costs: $m,0.0
KGZ,KGZ_N,DiscountedWeightedCostsCumulated,2029.0,Unmet country CO2 backstop cost: $m,0.0
KGZ,KGZ_N,DiscountedWeightedCostsCumulated,2029.0,Unmet country planning reserve costs: $m,0.0
KGZ,KGZ_N,DiscountedWeightedCostsCumulated,2029.0,Unmet country spinning reserve costs: $m,0.0
KGZ,KGZ_N,DiscountedWeightedCostsCumulated,2029.0,Unmet demand costs: $m,0.0
KGZ,KGZ_N,DiscountedWeightedCostsCumulated,2029.0,Unmet system CO2 backstop cost: $m,0.0
KGZ,KGZ_N,DiscountedWeightedCostsCumulated,2029.0,Unmet system planning reserve costs: $m,0.0
KGZ,KGZ_N,DiscountedWeightedCostsCumulated,2029.0,Unmet system spinning reserve costs: $m,0.0
KGZ,KGZ_N,DiscountedWeightedCostsCumulated,2029.0,VRE curtailment: $m,0.0
KGZ,KGZ_N,DiscountedWeightedCostsCumulated,2029.0,Variable O&M: $m,71.29736499732137
KGZ,KGZ_N,DiscountedWeightedCostsCumulated,2030.0,Carbon costs: $m,0.0
KGZ,KGZ_N,DiscountedWeightedCostsCumulated,2030.0,Excess generation: $m,0.0
KGZ,KGZ_N,DiscountedWeightedCostsCumulated,2030.0,Export revenues with external zones: $m,0.0
KGZ,KGZ_N,DiscountedWeightedCostsCumulated,2030.0,Export revenues with internal zones: $m,-766.0373063426706
KGZ,KGZ_N,DiscountedWeightedCostsCumulated,2030.0,Fixed O&M: $m,106.82792327836766
KGZ,KGZ_N,DiscountedWeightedCostsCumulated,2030.0,Fuel costs: $m,160.32422854964483
KGZ,KGZ_N,DiscountedWeightedCostsCumulated,2030.0,Generation costs: $m,0.0
KGZ,KGZ_N,DiscountedWeightedCostsCumulated,2030.0,Import costs with external zones: $m,0.0
KGZ,KGZ_N,DiscountedWeightedCostsCumulated,2030.0,Import costs with internal zones: $m,3019.257666077943
KGZ,KGZ_N,DiscountedWeightedCostsCumulated,2030.0,NPV of system cost: $m,0.0
KGZ,KGZ_N,DiscountedWeightedCostsCumulated,2030.0,Spinning reserve costs: $m,0.0
KGZ,KGZ_N,DiscountedWeightedCostsCumulated,2030.0,Startup costs: $m,0.0
KGZ,KGZ_N,DiscountedWeightedCostsCumulated,2030.0,Trade shared benefits: $m,-64.55670671455306
KGZ,KGZ_N,DiscountedWeightedCostsCumulated,2030.0,Transmission costs: $m,0.0
KGZ,KGZ_N,DiscountedWeightedCostsCumulated,2030.0,Unmet country CO2 backstop cost: $m,0.0
KGZ,KGZ_N,DiscountedWeightedCostsCumulated,2030.0,Unmet country planning reserve costs: $m,0.0
KGZ,KGZ_N,DiscountedWeightedCostsCumulated,2030.0,Unmet country spinning reserve costs: $m,0.0
KGZ,KGZ_N,DiscountedWeightedCostsCumulated,2030.0,Unmet demand costs: $m,0.0
KGZ,KGZ_N,DiscountedWeightedCostsCumulated,2030.0,Unmet system CO2 backstop cost: $m,0.0
KGZ,KGZ_N,DiscountedWeightedCostsCumulated,2030.0,Unmet system planning reserve costs: $m,0.0
KGZ,KGZ_N,DiscountedWeightedCostsCumulated,2030.0,Unmet system spinning reserve costs: $m,0.0
KGZ,KGZ_N,DiscountedWeightedCostsCumulated,2030.0,VRE curtailment: $m,0.0
KGZ,KGZ_N,DiscountedWeightedCostsCumulated,2030.0,Variable O&M: $m,83.40563776348236
KGZ,KGZ_N,DiscountedWeightedCostsCumulated,2031.0,Carbon costs: $m,0.0
KGZ,KGZ_N,DiscountedWeightedCostsCumulated,2031.0,Excess generation: $m,0.0
KGZ,KGZ_N,DiscountedWeightedCostsCumulated,2031.0,Export revenues with external zones: $m,0.0
KGZ,KGZ_N,DiscountedWeightedCostsCumulated,2031.0,Export revenues with internal zones: $m,-948.47067184819
KGZ,KGZ_N,DiscountedWeightedCostsCumulated,2031.0,Fixed O&M: $m,122.9148644310126
KGZ,KGZ_N,DiscountedWeightedCostsCumulated,2031.0,Fuel costs: $m,178.0618134324875
KGZ,KGZ_N,DiscountedWeightedCostsCumulated,2031.0,Generation costs: $m,0.0
KGZ,KGZ_N,DiscountedWeightedCostsCumulated,2031.0,Import costs with external zones: $m,0.0
KGZ,KGZ_N,DiscountedWeightedCostsCumulated,2031.0,Import costs with internal zones: $m,3581.7524206706144
KGZ,KGZ_N,DiscountedWeightedCostsCumulated,2031.0,NPV of system cost: $m,0.0
KGZ,KGZ_N,DiscountedWeightedCostsCumulated,2031.0,Spinning reserve costs: $m,0.0
KGZ,KGZ_N,DiscountedWeightedCostsCumulated,2031.0,Startup costs: $m,0.0
KGZ,KGZ_N,DiscountedWeightedCostsCumulated,2031.0,Trade shared benefits: $m,-86.87314163800583
KGZ,KGZ_N,DiscountedWeightedCostsCumulated,2031.0,Transmission costs: $m,0.0
KGZ,KGZ_N,DiscountedWeightedCostsCumulated,2031.0,Unmet country CO2 backstop cost: $m,0.0
KGZ,KGZ_N,DiscountedWeightedCostsCumulated,2031.0,Unmet country planning reserve costs: $m,0.0
KGZ,KGZ_N,DiscountedWeightedCostsCumulated,2031.0,Unmet country spinning reserve costs: $m,0.0
KGZ,KGZ_N,DiscountedWeightedCostsCumulated,2031.0,Unmet demand costs: $m,0.0
KGZ,KGZ_N,DiscountedWeightedCostsCumulated,2031.0,Unmet system CO2 backstop cost: $m,0.0
KGZ,KGZ_N,DiscountedWeightedCostsCumulated,2031.0,Unmet system planning reserve costs: $m,0.0
KGZ,KGZ_N,DiscountedWeightedCostsCumulated,2031.0,Unmet system spinning reserve costs: $m,0.0
KGZ,KGZ_N,DiscountedWeightedCostsCumulated,2031.0,VRE curtailment: $m,0.0
KGZ,KGZ_N,DiscountedWeightedCostsCumulated,2031.0,Variable O&M: $m,93.22890011793923
KGZ,KGZ_N,DiscountedWeightedCostsCumulated,2032.0,Carbon costs: $m,0.0
KGZ,KGZ_N,DiscountedWeightedCostsCumulated,2032.0,Excess generation: $m,0.0
KGZ,KGZ_N,DiscountedWeightedCostsCumulated,2032.0,Export revenues with external zones: $m,0.0
KGZ,KGZ_N,DiscountedWeightedCostsCumulated,2032.0,Export revenues with internal zones: $m,-1095.7197090195414
KGZ,KGZ_N,DiscountedWeightedCostsCumulated,2032.0,Fixed O&M: $m,137.53935638796253
KGZ,KGZ_N,DiscountedWeightedCostsCumulated,2032.0,Fuel costs: $m,195.2915618311808
KGZ,KGZ_N,DiscountedWeightedCostsCumulated,2032.0,Generation costs: $m,0.0
KGZ,KGZ_N,DiscountedWeightedCostsCumulated,2032.0,Import costs with external zones: $m,0.0
KGZ,KGZ_N,DiscountedWeightedCostsCumulated,2032.0,Import costs with internal zones: $m,4097.918819948837
KGZ,KGZ_N,DiscountedWeightedCostsCumulated,2032.0,NPV of system cost: $m,0.0
KGZ,KGZ_N,DiscountedWeightedCostsCumulated,2032.0,Spinning reserve costs: $m,0.0
KGZ,KGZ_N,DiscountedWeightedCostsCumulated,2032.0,Startup costs: $m,0.0
KGZ,KGZ_N,DiscountedWeightedCostsCumulated,2032.0,Trade shared benefits: $m,-148.51488497840808
KGZ,KGZ_N,DiscountedWeightedCostsCumulated,2032.0,Transmission costs: $m,0.0
KGZ,KGZ_N,DiscountedWeightedCostsCumulated,2032.0,Unmet country CO2 backstop cost: $m,0.0
KGZ,KGZ_N,DiscountedWeightedCostsCumulated,2032.0,Unmet country planning reserve costs: $m,0.0
KGZ,KGZ_N,DiscountedWeightedCostsCumulated,2032.0,Unmet country spinning reserve costs: $m,0.0
KGZ,KGZ_N,DiscountedWeightedCostsCumulated,2032.0,Unmet demand costs: $m,0.0
KGZ,KGZ_N,DiscountedWeightedCostsCumulated,2032.0,Unmet system CO2 backstop cost: $m,0.0
KGZ,KGZ_N,DiscountedWeightedCostsCumulated,2032.0,Unmet system planning reserve costs: $m,0.0
KGZ,KGZ_N,DiscountedWeightedCostsCumulated,2032.0,Unmet system spinning reserve costs: $m,0.0
KGZ,KGZ_N,DiscountedWeightedCostsCumulated,2032.0,VRE curtailment: $m,0.0
KGZ,KGZ_N,DiscountedWeightedCostsCumulated,2032.0,Variable O&M: $m,102.63109977596557
KGZ,KGZ_N,DiscountedWeightedCostsCumulated,2033.0,Carbon costs: $m,0.0
KGZ,KGZ_N,DiscountedWeightedCostsCumulated,2033.0,Excess generation: $m,0.0
KGZ,KGZ_N,DiscountedWeightedCostsCumulated,2033.0,Export revenues with external zones: $m,0.0
KGZ,KGZ_N,DiscountedWeightedCostsCumulated,2033.0,Export revenues with internal zones: $m,-1216.1684211130917
KGZ,KGZ_N,DiscountedWeightedCostsCumulated,2033.0,Fixed O&M: $m,150.98805676380647
KGZ,KGZ_N,DiscountedWeightedCostsCumulated,2033.0,Fuel costs: $m,212.81054053748804
KGZ,KGZ_N,DiscountedWeightedCostsCumulated,2033.0,Generation costs: $m,0.0
KGZ,KGZ_N,DiscountedWeightedCostsCumulated,2033.0,Import costs with external zones: $m,0.0
KGZ,KGZ_N,DiscountedWeightedCostsCumulated,2033.0,Import costs with internal zones: $m,4562.205137822714
KGZ,KGZ_N,DiscountedWeightedCostsCumulated,2033.0,NPV of system cost: $m,0.0
KGZ,KGZ_N,DiscountedWeightedCostsCumulated,2033.0,Spinning reserve costs: $m,0.0
KGZ,KGZ_N,DiscountedWeightedCostsCumulated,2033.0,Startup costs: $m,0.0
KGZ,KGZ_N,DiscountedWeightedCostsCumulated,2033.0,Trade shared benefits: $m,-199.77800436845712
KGZ,KGZ_N,DiscountedWeightedCostsCumulated,2033.0,Transmission costs: $m,0.0
KGZ,KGZ_N,DiscountedWeightedCostsCumulated,2033.0,Unmet country CO2 backstop cost: $m,0.0
KGZ,KGZ_N,DiscountedWeightedCostsCumulated,2033.0,Unmet country planning reserve costs: $m,0.0
KGZ,KGZ_N,DiscountedWeightedCostsCumulated,2033.0,Unmet country spinning reserve costs: $m,0.0
KGZ,KGZ_N,DiscountedWeightedCostsCumulated,2033.0,Unmet demand costs: $m,0.0
KGZ,KGZ_N,DiscountedWeightedCostsCumulated,2033.0,Unmet system CO2 backstop cost: $m,0.0
KGZ,KGZ_N,DiscountedWeightedCostsCumulated,2033.0,Unmet system planning reserve costs: $m,0.0
KGZ,KGZ_N,DiscountedWeightedCostsCumulated,2033.0,Unmet system spinning reserve costs: $m,0.0
KGZ,KGZ_N,DiscountedWeightedCostsCumulated,2033.0,VRE curtailment: $m,0.0
KGZ,KGZ_N,DiscountedWeightedCostsCumulated,2033.0,Variable O&M: $m,111.59257161659254
KGZ,KGZ_N,DiscountedWeightedCostsCumulated,2034.0,Carbon costs: $m,0.0
KGZ,KGZ_N,DiscountedWeightedCostsCumulated,2034.0,Excess generation: $m,0.0
KGZ,KGZ_N,DiscountedWeightedCostsCumulated,2034.0,Export revenues with external zones: $m,0.0
KGZ,KGZ_N,DiscountedWeightedCostsCumulated,2034.0,Export revenues with internal zones: $m,-1325.6051057110687
KGZ,KGZ_N,DiscountedWeightedCostsCumulated,2034.0,Fixed O&M: $m,163.21414801457368
KGZ,KGZ_N,DiscountedWeightedCostsCumulated,2034.0,Fuel costs: $m,229.872348319681
KGZ,KGZ_N,DiscountedWeightedCostsCumulated,2034.0,Generation costs: $m,0.0
KGZ,KGZ_N,DiscountedWeightedCostsCumulated,2034.0,Import costs with external zones: $m,0.0
KGZ,KGZ_N,DiscountedWeightedCostsCumulated,2034.0,Import costs with internal zones: $m,4997.132948086779
KGZ,KGZ_N,DiscountedWeightedCostsCumulated,2034.0,NPV of system cost: $m,0.0
KGZ,KGZ_N,DiscountedWeightedCostsCumulated,2034.0,Spinning reserve costs: $m,0.0
KGZ,KGZ_N,DiscountedWeightedCostsCumulated,2034.0,Startup costs: $m,0.0
KGZ,KGZ_N,DiscountedWeightedCostsCumulated,2034.0,Trade shared benefits: $m,-251.81054515781764
KGZ,KGZ_N,DiscountedWeightedCostsCumulated,2034.0,Transmission costs: $m,0.0
KGZ,KGZ_N,DiscountedWeightedCostsCumulated,2034.0,Unmet country CO2 backstop cost: $m,0.0
KGZ,KGZ_N,DiscountedWeightedCostsCumulated,2034.0,Unmet country planning reserve costs: $m,0.0
KGZ,KGZ_N,DiscountedWeightedCostsCumulated,2034.0,Unmet country spinning reserve costs: $m,0.0
KGZ,KGZ_N,DiscountedWeightedCostsCumulated,2034.0,Unmet demand costs: $m,0.0
KGZ,KGZ_N,DiscountedWeightedCostsCumulated,2034.0,Unmet system CO2 backstop cost: $m,0.0
KGZ,KGZ_N,DiscountedWeightedCostsCumulated,2034.0,Unmet system planning reserve costs: $m,0.0
KGZ,KGZ_N,DiscountedWeightedCostsCumulated,2034.0,Unmet system spinning reserve costs: $m,0.0
KGZ,KGZ_N,DiscountedWeightedCostsCumulated,2034.0,VRE curtailment: $m,0.0
KGZ,KGZ_N,DiscountedWeightedCostsCumulated,2034.0,Variable O&M: $m,119.99409816620565
KGZ,KGZ_N,DiscountedWeightedCostsCumulated,2035.0,Carbon costs: $m,0.0
KGZ,KGZ_N,DiscountedWeightedCostsCumulated,2035.0,Excess generation: $m,0.0
KGZ,KGZ_N,DiscountedWeightedCostsCumulated,2035.0,Export revenues with external zones: $m,0.0
KGZ,KGZ_N,DiscountedWeightedCostsCumulated,2035.0,Export revenues with internal zones: $m,-1449.6626266036674
KGZ,KGZ_N,DiscountedWeightedCostsCumulated,2035.0,Fixed O&M: $m,175.60902230831263
KGZ,KGZ_N,DiscountedWeightedCostsCumulated,2035.0,Fuel costs: $m,260.1699987522948
KGZ,KGZ_N,DiscountedWeightedCostsCumulated,2035.0,Generation costs: $m,0.0
KGZ,KGZ_N,DiscountedWeightedCostsCumulated,2035.0,Import costs with external zones: $m,0.0
KGZ,KGZ_N,DiscountedWeightedCostsCumulated,2035.0,Import costs with internal zones: $m,5435.804265828012
KGZ,KGZ_N,DiscountedWeightedCostsCumulated,2035.0,NPV of system cost: $m,0.0
KGZ,KGZ_N,DiscountedWeightedCostsCumulated,2035.0,Spinning reserve costs: $m,0.0
KGZ,KGZ_N,DiscountedWeightedCostsCumulated,2035.0,Startup costs: $m,0.0
KGZ,KGZ_N,DiscountedWeightedCostsCumulated,2035.0,Trade shared benefits: $m,-296.2078167072163
KGZ,KGZ_N,DiscountedWeightedCostsCumulated,2035.0,Transmission costs: $m,0.0
KGZ,KGZ_N,DiscountedWeightedCostsCumulated,2035.0,Unmet country CO2 backstop cost: $m,0.0
KGZ,KGZ_N,DiscountedWeightedCostsCumulated,2035.0,Unmet country planning reserve costs: $m,0.0
KGZ,KGZ_N,DiscountedWeightedCostsCumulated,2035.0,Unmet country spinning reserve costs: $m,0.0
KGZ,KGZ_N,DiscountedWeightedCostsCumulated,2035.0,Unmet demand costs: $m,0.0
KGZ,KGZ_N,DiscountedWeightedCostsCumulated,2035.0,Unmet system CO2 backstop cost: $m,0.0
KGZ,KGZ_N,DiscountedWeightedCostsCumulated,2035.0,Unmet system planning reserve costs: $m,0.0
KGZ,KGZ_N,DiscountedWeightedCostsCumulated,2035.0,Unmet system spinning reserve costs: $m,0.0
KGZ,KGZ_N,DiscountedWeightedCostsCumulated,2035.0,VRE curtailment: $m,0.0
KGZ,KGZ_N,DiscountedWeightedCostsCumulated,2035.0,Variable O&M: $m,128.71409311023314
KGZ,KGZ_N,DiscountedWeightedCostsCumulated,2040.0,Carbon costs: $m,0.0
KGZ,KGZ_N,DiscountedWeightedCostsCumulated,2040.0,Excess generation: $m,0.0
KGZ,KGZ_N,DiscountedWeightedCostsCumulated,2040.0,Export revenues with external zones: $m,0.0
KGZ,KGZ_N,DiscountedWeightedCostsCumulated,2040.0,Export revenues with internal zones: $m,-1703.0669978295996
KGZ,KGZ_N,DiscountedWeightedCostsCumulated,2040.0,Fixed O&M: $m,222.17128486931543
KGZ,KGZ_N,DiscountedWeightedCostsCumulated,2040.0,Fuel costs: $m,372.5122653332583
KGZ,KGZ_N,DiscountedWeightedCostsCumulated,2040.0,Generation costs: $m,0.0
KGZ,KGZ_N,DiscountedWeightedCostsCumulated,2040.0,Import costs with external zones: $m,0.0
KGZ,KGZ_N,DiscountedWeightedCostsCumulated,2040.0,Import costs with internal zones: $m,6990.913938179428
KGZ,KGZ_N,DiscountedWeightedCostsCumulated,2040.0,NPV of system cost: $m,0.0
KGZ,KGZ_N,DiscountedWeightedCostsCumulated,2040.0,Spinning reserve costs: $m,0.0
KGZ,KGZ_N,DiscountedWeightedCostsCumulated,2040.0,Startup costs: $m,0.0
KGZ,KGZ_N,DiscountedWeightedCostsCumulated,2040.0,Trade shared benefits: $m,-490.88146098152265
KGZ,KGZ_N,DiscountedWeightedCostsCumulated,2040.0,Transmission costs: $m,0.0
KGZ,KGZ_N,DiscountedWeightedCostsCumulated,2040.0,Unmet country CO2 backstop cost: $m,0.0
KGZ,KGZ_N,DiscountedWeightedCostsCumulated,2040.0,Unmet country planning reserve costs: $m,0.0
KGZ,KGZ_N,DiscountedWeightedCostsCumulated,2040.0,Unmet country spinning reserve costs: $m,0.0
KGZ,KGZ_N,DiscountedWeightedCostsCumulated,2040.0,Unmet demand costs: $m,0.4990124490385168
KGZ,KGZ_N,DiscountedWeightedCostsCumulated,2040.0,Unmet system CO2 backstop cost: $m,0.0
KGZ,KGZ_N,DiscountedWeightedCostsCumulated,2040.0,Unmet system planning reserve costs: $m,0.0
KGZ,KGZ_N,DiscountedWeightedCostsCumulated,2040.0,Unmet system spinning reserve costs: $m,0.0
KGZ,KGZ_N,DiscountedWeightedCostsCumulated,2040.0,VRE curtailment: $m,0.0
KGZ,KGZ_N,DiscountedWeightedCostsCumulated,2040.0,Variable O&M: $m,162.7317671215334
KGZ,KGZ_N,DiscountedWeightedCostsCumulated,2045.0,Carbon costs: $m,0.0
KGZ,KGZ_N,DiscountedWeightedCostsCumulated,2045.0,Excess generation: $m,0.0
KGZ,KGZ_N,DiscountedWeightedCostsCumulated,2045.0,Export revenues with external zones: $m,0.0
KGZ,KGZ_N,DiscountedWeightedCostsCumulated,2045.0,Export revenues with internal zones: $m,-1827.8351859686225
KGZ,KGZ_N,DiscountedWeightedCostsCumulated,2045.0,Fixed O&M: $m,273.118411697043
KGZ,KGZ_N,DiscountedWeightedCostsCumulated,2045.0,Fuel costs: $m,491.96965296174506
KGZ,KGZ_N,DiscountedWeightedCostsCumulated,2045.0,Generation costs: $m,0.0
KGZ,KGZ_N,DiscountedWeightedCostsCumulated,2045.0,Import costs with external zones: $m,0.0
KGZ,KGZ_N,DiscountedWeightedCostsCumulated,2045.0,Import costs with internal zones: $m,7903.913308684651
KGZ,KGZ_N,DiscountedWeightedCostsCumulated,2045.0,NPV of system cost: $m,0.0
KGZ,KGZ_N,DiscountedWeightedCostsCumulated,2045.0,Spinning reserve costs: $m,0.0
KGZ,KGZ_N,DiscountedWeightedCostsCumulated,2045.0,Startup costs: $m,0.0
KGZ,KGZ_N,DiscountedWeightedCostsCumulated,2045.0,Trade shared benefits: $m,-590.6861054794583
KGZ,KGZ_N,DiscountedWeightedCostsCumulated,2045.0,Transmission costs: $m,0.0
KGZ,KGZ_N,DiscountedWeightedCostsCumulated,2045.0,Unmet country CO2 backstop cost: $m,0.0
KGZ,KGZ_N,DiscountedWeightedCostsCumulated,2045.0,Unmet country planning reserve costs: $m,0.0
KGZ,KGZ_N,DiscountedWeightedCostsCumulated,2045.0,Unmet country spinning reserve costs: $m,0.0
KGZ,KGZ_N,DiscountedWeightedCostsCumulated,2045.0,Unmet demand costs: $m,2.855171436921757
KGZ,KGZ_N,DiscountedWeightedCostsCumulated,2045.0,Unmet system CO2 backstop cost: $m,0.0
KGZ,KGZ_N,DiscountedWeightedCostsCumulated,2045.0,Unmet system planning reserve costs: $m,0.0
KGZ,KGZ_N,DiscountedWeightedCostsCumulated,2045.0,Unmet system spinning reserve costs: $m,0.0
KGZ,KGZ_N,DiscountedWeightedCostsCumulated,2045.0,VRE curtailment: $m,0.0
KGZ,KGZ_N,DiscountedWeightedCostsCumulated,2045.0,Variable O&M: $m,187.72239122956864
KGZ,KGZ_N,DiscountedWeightedCostsCumulated,2050.0,Carbon costs: $m,0.0
KGZ,KGZ_N,DiscountedWeightedCostsCumulated,2050.0,Excess generation: $m,0.0
KGZ,KGZ_N,DiscountedWeightedCostsCumulated,2050.0,Export revenues with external zones: $m,0.0
KGZ,KGZ_N,DiscountedWeightedCostsCumulated,2050.0,Export revenues with internal zones: $m,-1905.3420236848217
KGZ,KGZ_N,DiscountedWeightedCostsCumulated,2050.0,Fixed O&M: $m,315.5493122520448
KGZ,KGZ_N,DiscountedWeightedCostsCumulated,2050.0,Fuel costs: $m,651.3977462349637
KGZ,KGZ_N,DiscountedWeightedCostsCumulated,2050.0,Generation costs: $m,0.0
KGZ,KGZ_N,DiscountedWeightedCostsCumulated,2050.0,Import costs with external zones: $m,0.0
KGZ,KGZ_N,DiscountedWeightedCostsCumulated,2050.0,Import costs with internal zones: $m,8434.032963850654
KGZ,KGZ_N,DiscountedWeightedCostsCumulated,2050.0,NPV of system cost: $m,0.0
KGZ,KGZ_N,DiscountedWeightedCostsCumulated,2050.0,Spinning reserve costs: $m,0.0
KGZ,KGZ_N,DiscountedWeightedCostsCumulated,2050.0,Startup costs: $m,0.0
KGZ,KGZ_N,DiscountedWeightedCostsCumulated,2050.0,Trade shared benefits: $m,-654.4718346537325
KGZ,KGZ_N,DiscountedWeightedCostsCumulated,2050.0,Transmission costs: $m,0.0
KGZ,KGZ_N,DiscountedWeightedCostsCumulated,2050.0,Unmet country CO2 backstop cost: $m,0.0
KGZ,KGZ_N,DiscountedWeightedCostsCumulated,2050.0,Unmet country planning reserve costs: $m,0.0
KGZ,KGZ_N,DiscountedWeightedCostsCumulated,2050.0,Unmet country spinning reserve costs: $m,0.0
KGZ,KGZ_N,DiscountedWeightedCostsCumulated,2050.0,Unmet demand costs: $m,4.9152949260249255
KGZ,KGZ_N,DiscountedWeightedCostsCumulated,2050.0,Unmet system CO2 backstop cost: $m,0.0
KGZ,KGZ_N,DiscountedWeightedCostsCumulated,2050.0,Unmet system planning reserve costs: $m,0.0
KGZ,KGZ_N,DiscountedWeightedCostsCumulated,2050.0,Unmet system spinning reserve costs: $m,0.0
KGZ,KGZ_N,DiscountedWeightedCostsCumulated,2050.0,VRE curtailment: $m,0.0
KGZ,KGZ_N,DiscountedWeightedCostsCumulated,2050.0,Variable O&M: $m,202.23582917746853
KGZ,KGZ_N,GenCostsPerMWh,2026.0,Fixed O&M: $m,8.928710780668206
KGZ,KGZ_N,GenCostsPerMWh,2026.0,Variable Cost: $m,24.91329721210417
KGZ,KGZ_N,GenCostsPerMWh,2027.0,Fixed O&M: $m,9.376466496782076
KGZ,KGZ_N,GenCostsPerMWh,2027.0,Variable Cost: $m,24.00661410378747
KGZ,KGZ_N,GenCostsPerMWh,2028.0,Fixed O&M: $m,10.791226004063828
KGZ,KGZ_N,GenCostsPerMWh,2028.0,Variable Cost: $m,21.14179629930279
KGZ,KGZ_N,GenCostsPerMWh,2029.0,Fixed O&M: $m,10.82640919565685
KGZ,KGZ_N,GenCostsPerMWh,2029.0,Variable Cost: $m,21.07055208205207
KGZ,KGZ_N,GenCostsPerMWh,2030.0,Fixed O&M: $m,10.791226004063825
KGZ,KGZ_N,GenCostsPerMWh,2030.0,Variable Cost: $m,21.141796299302783
KGZ,KGZ_N,GenCostsPerMWh,2031.0,Fixed O&M: $m,11.50114064887363
KGZ,KGZ_N,GenCostsPerMWh,2031.0,Variable Cost: $m,19.70425436821997
KGZ,KGZ_N,GenCostsPerMWh,2032.0,Fixed O&M: $m,11.17875098027185
KGZ,KGZ_N,GenCostsPerMWh,2032.0,Variable Cost: $m,20.35707745075706
KGZ,KGZ_N,GenCostsPerMWh,2033.0,Fixed O&M: $m,10.867614878261277
KGZ,KGZ_N,GenCostsPerMWh,2033.0,Investment costs: $m,1.1916655316539226
KGZ,KGZ_N,GenCostsPerMWh,2033.0,Variable Cost: $m,21.39830097366302
KGZ,KGZ_N,GenCostsPerMWh,2034.0,Fixed O&M: $m,10.588399797836166
KGZ,KGZ_N,GenCostsPerMWh,2034.0,Investment costs: $m,1.1610487872267574
KGZ,KGZ_N,GenCostsPerMWh,2034.0,Variable Cost: $m,22.052507098228244
KGZ,KGZ_N,GenCostsPerMWh,2035.0,Fixed O&M: $m,9.12922457978977
KGZ,KGZ_N,GenCostsPerMWh,2035.0,Investment costs: $m,9.944346086708244
KGZ,KGZ_N,GenCostsPerMWh,2035.0,Variable Cost: $m,28.73775391154081
KGZ,KGZ_N,GenCostsPerMWh,2040.0,Fixed O&M: $m,9.05847718124191
KGZ,KGZ_N,GenCostsPerMWh,2040.0,Investment costs: $m,9.867281861839498
KGZ,KGZ_N,GenCostsPerMWh,2040.0,Variable Cost: $m,28.473663202383435
KGZ,KGZ_N,GenCostsPerMWh,2045.0,Fixed O&M: $m,8.905362428294298
KGZ,KGZ_N,GenCostsPerMWh,2045.0,Investment costs: $m,23.58026949378385
KGZ,KGZ_N,GenCostsPerMWh,2045.0,Variable Cost: $m,25.24895860977474
KGZ,KGZ_N,GenCostsPerMWh,2050.0,Fixed O&M: $m,6.886734320253625
KGZ,KGZ_N,GenCostsPerMWh,2050.0,Investment costs: $m,36.95419695049935
KGZ,KGZ_N,GenCostsPerMWh,2050.0,Variable Cost: $m,28.231526955812782
KGZ,KGZ_N,NetPresentCostPerMWh,,Carbon costs: $m,0.0
KGZ,KGZ_N,NetPresentCostPerMWh,,Excess generation: $m,0.0
KGZ,KGZ_N,NetPresentCostPerMWh,,Export revenues with external zones: $m,0.0
KGZ,KGZ_N,NetPresentCostPerMWh,,Export revenues with internal zones: $m,-11.669113545222716
KGZ,KGZ_N,NetPresentCostPerMWh,,Fixed O&M: $m,1.9325563116825208
KGZ,KGZ_N,NetPresentCostPerMWh,,Fuel costs: $m,3.989432957143104
KGZ,KGZ_N,NetPresentCostPerMWh,,Generation costs: $m,0.0
KGZ,KGZ_N,NetPresentCostPerMWh,,Import costs with external zones: $m,0.0
KGZ,KGZ_N,NetPresentCostPerMWh,,Import costs with internal zones: $m,51.65355462479666
KGZ,KGZ_N,NetPresentCostPerMWh,,NPV of system cost: $m,0.0
KGZ,KGZ_N,NetPresentCostPerMWh,,Spinning reserve costs: $m,0.0
KGZ,KGZ_N,NetPresentCostPerMWh,,Startup costs: $m,0.0
KGZ,KGZ_N,NetPresentCostPerMWh,,Trade shared benefits: $m,-4.008259963717647
KGZ,KGZ_N,NetPresentCostPerMWh,,Transmission costs: $m,0.0
KGZ,KGZ_N,NetPresentCostPerMWh,,Unmet country CO2 backstop cost: $m,0.0
KGZ,KGZ_N,NetPresentCostPerMWh,,Unmet country planning reserve costs: $m,0.0
KGZ,KGZ_N,NetPresentCostPerMWh,,Unmet country spinning reserve costs: $m,0.0
KGZ,KGZ_N,NetPresentCostPerMWh,,Unmet demand costs: $m,0.0301033273223652
KGZ,KGZ_N,NetPresentCostPerMWh,,Unmet system CO2 backstop cost: $m,0.0
KGZ,KGZ_N,NetPresentCostPerMWh,,Unmet system planning reserve costs: $m,0.0
KGZ,KGZ_N,NetPresentCostPerMWh,,Unmet system spinning reserve costs: $m,0.0
KGZ,KGZ_N,NetPresentCostPerMWh,,VRE curtailment: $m,0.0
KGZ,KGZ_N,NetPresentCostPerMWh,,Variable O&M: $m,1.2385770240978626
KGZ,KGZ_S,Costs,2026.0,Carbon costs: $m,0.0
KGZ,KGZ_S,Costs,2026.0,Excess generation: $m,0.0
KGZ,KGZ_S,Costs,2026.0,Export revenues with external zones: $m,0.0
KGZ,KGZ_S,Costs,2026.0,Export revenues with internal zones: $m,-492.751881915916
KGZ,KGZ_S,Costs,2026.0,Fixed O&M: $m,38.9961
KGZ,KGZ_S,Costs,2026.0,Fuel costs: $m,0.0
KGZ,KGZ_S,Costs,2026.0,Generation costs: $m,0.0
KGZ,KGZ_S,Costs,2026.0,Import costs with external zones: $m,0.0
KGZ,KGZ_S,Costs,2026.0,Import costs with internal zones: $m,281.89580999874846
KGZ,KGZ_S,Costs,2026.0,NPV of system cost: $m,0.0
KGZ,KGZ_S,Costs,2026.0,Spinning reserve costs: $m,0.0
KGZ,KGZ_S,Costs,2026.0,Startup costs: $m,0.0
KGZ,KGZ_S,Costs,2026.0,Trade shared benefits: $m,6.88261882668377
KGZ,KGZ_S,Costs,2026.0,Transmission costs: $m,0.0
KGZ,KGZ_S,Costs,2026.0,Unmet country CO2 backstop cost: $m,0.0
KGZ,KGZ_S,Costs,2026.0,Unmet country planning reserve costs: $m,0.0
KGZ,KGZ_S,Costs,2026.0,Unmet country spinning reserve costs: $m,0.0
KGZ,KGZ_S,Costs,2026.0,Unmet demand costs: $m,0.0
KGZ,KGZ_S,Costs,2026.0,Unmet system CO2 backstop cost: $m,0.0
KGZ,KGZ_S,Costs,2026.0,Unmet system planning reserve costs: $m,0.0
KGZ,KGZ_S,Costs,2026.0,Unmet system spinning reserve costs: $m,0.0
KGZ,KGZ_S,Costs,2026.0,VRE curtailment: $m,0.0
KGZ,KGZ_S,Costs,2026.0,Variable O&M: $m,27.865682012044765
KGZ,KGZ_S,Costs,2027.0,Carbon costs: $m,0.0
KGZ,KGZ_S,Costs,2027.0,Excess generation: $m,0.0
KGZ,KGZ_S,Costs,2027.0,Export revenues with external zones: $m,0.0
KGZ,KGZ_S,Costs,2027.0,Export revenues with internal zones: $m,-560.0866326504149
KGZ,KGZ_S,Costs,2027.0,Fixed O&M: $m,38.9961
KGZ,KGZ_S,Costs,2027.0,Fuel costs: $m,0.0
KGZ,KGZ_S,Costs,2027.0,Generation costs: $m,0.0
KGZ,KGZ_S,Costs,2027.0,Import costs with external zones: $m,0.0
KGZ,KGZ_S,Costs,2027.0,Import costs with internal zones: $m,387.3880061164488
KGZ,KGZ_S,Costs,2027.0,NPV of system cost: $m,0.0
KGZ,KGZ_S,Costs,2027.0,Spinning reserve costs: $m,0.0
KGZ,KGZ_S,Costs,2027.0,Startup costs: $m,0.0
KGZ,KGZ_S,Costs,2027.0,Trade shared benefits: $m,1.9461950020014176
KGZ,KGZ_S,Costs,2027.0,Transmission costs: $m,0.0
KGZ,KGZ_S,Costs,2027.0,Unmet country CO2 backstop cost: $m,0.0
KGZ,KGZ_S,Costs,2027.0,Unmet country planning reserve costs: $m,0.0
KGZ,KGZ_S,Costs,2027.0,Unmet country spinning reserve costs: $m,0.0
KGZ,KGZ_S,Costs,2027.0,Unmet demand costs: $m,0.0
KGZ,KGZ_S,Costs,2027.0,Unmet system CO2 backstop cost: $m,0.0
KGZ,KGZ_S,Costs,2027.0,Unmet system planning reserve costs: $m,0.0
KGZ,KGZ_S,Costs,2027.0,Unmet system spinning reserve costs: $m,0.0
KGZ,KGZ_S,Costs,2027.0,VRE curtailment: $m,0.0
KGZ,KGZ_S,Costs,2027.0,Variable O&M: $m,27.86568201204486
KGZ,KGZ_S,Costs,2028.0,Carbon costs: $m,0.0
KGZ,KGZ_S,Costs,2028.0,Excess generation: $m,0.0
KGZ,KGZ_S,Costs,2028.0,Export revenues with external zones: $m,0.0
KGZ,KGZ_S,Costs,2028.0,Export revenues with internal zones: $m,-540.669933888052
KGZ,KGZ_S,Costs,2028.0,Fixed O&M: $m,38.9961
KGZ,KGZ_S,Costs,2028.0,Fuel costs: $m,0.0
KGZ,KGZ_S,Costs,2028.0,Generation costs: $m,0.0
KGZ,KGZ_S,Costs,2028.0,Import costs with external zones: $m,0.0
KGZ,KGZ_S,Costs,2028.0,Import costs with internal zones: $m,371.1704344883769
KGZ,KGZ_S,Costs,2028.0,NPV of system cost: $m,0.0
KGZ,KGZ_S,Costs,2028.0,Spinning reserve costs: $m,0.0
KGZ,KGZ_S,Costs,2028.0,Startup costs: $m,0.0
KGZ,KGZ_S,Costs,2028.0,Trade shared benefits: $m,-21.267815047910343
KGZ,KGZ_S,Costs,2028.0,Transmission costs: $m,0.0
KGZ,KGZ_S,Costs,2028.0,Unmet country CO2 backstop cost: $m,0.0
KGZ,KGZ_S,Costs,2028.0,Unmet country planning reserve costs: $m,0.0
KGZ,KGZ_S,Costs,2028.0,Unmet country spinning reserve costs: $m,0.0
KGZ,KGZ_S,Costs,2028.0,Unmet demand costs: $m,0.0
KGZ,KGZ_S,Costs,2028.0,Unmet system CO2 backstop cost: $m,0.0
KGZ,KGZ_S,Costs,2028.0,Unmet system planning reserve costs: $m,0.0
KGZ,KGZ_S,Costs,2028.0,Unmet system spinning reserve costs: $m,0.0
KGZ,KGZ_S,Costs,2028.0,VRE curtailment: $m,0.0
KGZ,KGZ_S,Costs,2028.0,Variable O&M: $m,27.865682012044875
KGZ,KGZ_S,Costs,2029.0,Carbon costs: $m,0.0
KGZ,KGZ_S,Costs,2029.0,Excess generation: $m,0.0
KGZ,KGZ_S,Costs,2029.0,Export revenues with external zones: $m,0.0
KGZ,KGZ_S,Costs,2029.0,Export revenues with internal zones: $m,-541.139270798022
KGZ,KGZ_S,Costs,2029.0,Fixed O&M: $m,38.9961
KGZ,KGZ_S,Costs,2029.0,Fuel costs: $m,0.0
KGZ,KGZ_S,Costs,2029.0,Generation costs: $m,0.0
KGZ,KGZ_S,Costs,2029.0,Import costs with external zones: $m,0.0
KGZ,KGZ_S,Costs,2029.0,Import costs with internal zones: $m,390.1447749251449
KGZ,KGZ_S,Costs,2029.0,NPV of system cost: $m,0.0
KGZ,KGZ_S,Costs,2029.0,Spinning reserve costs: $m,0.0
KGZ,KGZ_S,Costs,2029.0,Startup costs: $m,0.0
KGZ,KGZ_S,Costs,2029.0,Trade shared benefits: $m,-8.756669121747557
KGZ,KGZ_S,Costs,2029.0,Transmission costs: $m,0.0
KGZ,KGZ_S,Costs,2029.0,Unmet country CO2 backstop cost: $m,0.0
KGZ,KGZ_S,Costs,2029.0,Unmet country planning reserve costs: $m,0.0
KGZ,KGZ_S,Costs,2029.0,Unmet country spinning reserve costs: $m,0.0
KGZ,KGZ_S,Costs,2029.0,Unmet demand costs: $m,0.0
KGZ,KGZ_S,Costs,2029.0,Unmet system CO2 backstop cost: $m,0.0
KGZ,KGZ_S,Costs,2029.0,Unmet system planning reserve costs: $m,0.0
KGZ,KGZ_S,Costs,2029.0,Unmet system spinning reserve costs: $m,0.0
KGZ,KGZ_S,Costs,2029.0,VRE curtailment: $m,0.0
KGZ,KGZ_S,Costs,2029.0,Variable O&M: $m,27.865682012044783
KGZ,KGZ_S,Costs,2030.0,Carbon costs: $m,0.0
KGZ,KGZ_S,Costs,2030.0,Excess generation: $m,0.0
KGZ,KGZ_S,Costs,2030.0,Export revenues with external zones: $m,0.0
KGZ,KGZ_S,Costs,2030.0,Export revenues with internal zones: $m,-451.0096768710079
KGZ,KGZ_S,Costs,2030.0,Fixed O&M: $m,38.9961
KGZ,KGZ_S,Costs,2030.0,Fuel costs: $m,0.0
KGZ,KGZ_S,Costs,2030.0,Generation costs: $m,0.0
KGZ,KGZ_S,Costs,2030.0,Import costs with external zones: $m,0.0
KGZ,KGZ_S,Costs,2030.0,Import costs with internal zones: $m,297.4864626974718
KGZ,KGZ_S,Costs,2030.0,NPV of system cost: $m,0.0
KGZ,KGZ_S,Costs,2030.0,Spinning reserve costs: $m,0.0
KGZ,KGZ_S,Costs,2030.0,Startup costs: $m,0.0
KGZ,KGZ_S,Costs,2030.0,Trade shared benefits: $m,-8.389909892406891
KGZ,KGZ_S,Costs,2030.0,Transmission costs: $m,0.0
KGZ,KGZ_S,Costs,2030.0,Unmet country CO2 backstop cost: $m,0.0
KGZ,KGZ_S,Costs,2030.0,Unmet country planning reserve costs: $m,0.0
KGZ,KGZ_S,Costs,2030.0,Unmet country spinning reserve costs: $m,0.0
KGZ,KGZ_S,Costs,2030.0,Unmet demand costs: $m,0.0
KGZ,KGZ_S,Costs,2030.0,Unmet system CO2 backstop cost: $m,0.0
KGZ,KGZ_S,Costs,2030.0,Unmet system planning reserve costs: $m,0.0
KGZ,KGZ_S,Costs,2030.0,Unmet system spinning reserve costs: $m,0.0
KGZ,KGZ_S,Costs,2030.0,VRE curtailment: $m,0.0
KGZ,KGZ_S,Costs,2030.0,Variable O&M: $m,27.86568201204475
KGZ,KGZ_S,Costs,2031.0,Carbon costs: $m,0.0
KGZ,KGZ_S,Costs,2031.0,Excess generation: $m,0.0
KGZ,KGZ_S,Costs,2031.0,Export revenues with external zones: $m,0.0
KGZ,KGZ_S,Costs,2031.0,Export revenues with internal zones: $m,-623.2902466259028
KGZ,KGZ_S,Costs,2031.0,Fixed O&M: $m,38.9961
KGZ,KGZ_S,Costs,2031.0,Fuel costs: $m,0.0
KGZ,KGZ_S,Costs,2031.0,Generation costs: $m,0.0
KGZ,KGZ_S,Costs,2031.0,Import costs with external zones: $m,0.0
KGZ,KGZ_S,Costs,2031.0,Import costs with internal zones: $m,493.8403250088094
KGZ,KGZ_S,Costs,2031.0,NPV of system cost: $m,0.0
KGZ,KGZ_S,Costs,2031.0,Spinning reserve costs: $m,0.0
KGZ,KGZ_S,Costs,2031.0,Startup costs: $m,0.0
KGZ,KGZ_S,Costs,2031.0,Trade shared benefits: $m,-10.143659522115655
KGZ,KGZ_S,Costs,2031.0,Transmission costs: $m,0.0
KGZ,KGZ_S,Costs,2031.0,Unmet country CO2 backstop cost: $m,0.0
KGZ,KGZ_S,Costs,2031.0,Unmet country planning reserve costs: $m,0.0
KGZ,KGZ_S,Costs,2031.0,Unmet country spinning reserve costs: $m,0.0
KGZ,KGZ_S,Costs,2031.0,Unmet demand costs: $m,0.0
KGZ,KGZ_S,Costs,2031.0,Unmet system CO2 backstop cost: $m,0.0
KGZ,KGZ_S,Costs,2031.0,Unmet system planning reserve costs: $m,0.0
KGZ,KGZ_S,Costs,2031.0,Unmet system spinning reserve costs: $m,0.0
KGZ,KGZ_S,Costs,2031.0,VRE curtailment: $m,0.0
KGZ,KGZ_S,Costs,2031.0,Variable O&M: $m,27.865682012044807
KGZ,KGZ_S,Costs,2032.0,Carbon costs: $m,0.0
KGZ,KGZ_S,Costs,2032.0,Excess generation: $m,0.0
KGZ,KGZ_S,Costs,2032.0,Export revenues with external zones: $m,0.0
KGZ,KGZ_S,Costs,2032.0,Export revenues with internal zones: $m,-590.3679046640783
KGZ,KGZ_S,Costs,2032.0,Fixed O&M: $m,38.9961
KGZ,KGZ_S,Costs,2032.0,Fuel costs: $m,0.0
KGZ,KGZ_S,Costs,2032.0,Generation costs: $m,0.0
KGZ,KGZ_S,Costs,2032.0,Import costs with external zones: $m,0.0
KGZ,KGZ_S,Costs,2032.0,Import costs with internal zones: $m,477.3022065561685
KGZ,KGZ_S,Costs,2032.0,NPV of system cost: $m,0.0
KGZ,KGZ_S,Costs,2032.0,Spinning reserve costs: $m,0.0
KGZ,KGZ_S,Costs,2032.0,Startup costs: $m,0.0
KGZ,KGZ_S,Costs,2032.0,Trade shared benefits: $m,-17.231751928159216
KGZ,KGZ_S,Costs,2032.0,Transmission costs: $m,0.0
KGZ,KGZ_S,Costs,2032.0,Unmet country CO2 backstop cost: $m,0.0
KGZ,KGZ_S,Costs,2032.0,Unmet country planning reserve costs: $m,0.0
KGZ,KGZ_S,Costs,2032.0,Unmet country spinning reserve costs: $m,0.0
KGZ,KGZ_S,Costs,2032.0,Unmet demand costs: $m,0.0
KGZ,KGZ_S,Costs,2032.0,Unmet system CO2 backstop cost: $m,0.0
KGZ,KGZ_S,Costs,2032.0,Unmet system planning reserve costs: $m,0.0
KGZ,KGZ_S,Costs,2032.0,Unmet system spinning reserve costs: $m,0.0
KGZ,KGZ_S,Costs,2032.0,VRE curtailment: $m,0.0
KGZ,KGZ_S,Costs,2032.0,Variable O&M: $m,27.865682012044847
KGZ,KGZ_S,Costs,2033.0,Carbon costs: $m,0.0
KGZ,KGZ_S,Costs,2033.0,Excess generation: $m,0.0
KGZ,KGZ_S,Costs,2033.0,Export revenues with external zones: $m,0.0
KGZ,KGZ_S,Costs,2033.0,Export revenues with internal zones: $m,-568.561774824253
KGZ,KGZ_S,Costs,2033.0,Fixed O&M: $m,39.329661225098114
KGZ,KGZ_S,Costs,2033.0,Fuel costs: $m,2.30976536807682
KGZ,KGZ_S,Costs,2033.0,Generation costs: $m,0.0
KGZ,KGZ_S,Costs,2033.0,Import costs with external zones: $m,0.0
KGZ,KGZ_S,Costs,2033.0,Import costs with internal zones: $m,465.0936120014695
KGZ,KGZ_S,Costs,2033.0,NPV of system cost: $m,0.0
KGZ,KGZ_S,Costs,2033.0,Spinning reserve costs: $m,0.0
KGZ,KGZ_S,Costs,2033.0,Startup costs: $m,0.0
KGZ,KGZ_S,Costs,2033.0,Trade shared benefits: $m,-15.051223325086973
KGZ,KGZ_S,Costs,2033.0,Transmission costs: $m,0.0
KGZ,KGZ_S,Costs,2033.0,Unmet country CO2 backstop cost: $m,0.0
KGZ,KGZ_S,Costs,2033.0,Unmet country planning reserve costs: $m,0.0
KGZ,KGZ_S,Costs,2033.0,Unmet country spinning reserve costs: $m,0.0
KGZ,KGZ_S,Costs,2033.0,Unmet demand costs: $m,0.0
KGZ,KGZ_S,Costs,2033.0,Unmet system CO2 backstop cost: $m,0.0
KGZ,KGZ_S,Costs,2033.0,Unmet system planning reserve costs: $m,0.0
KGZ,KGZ_S,Costs,2033.0,Unmet system spinning reserve costs: $m,0.0
KGZ,KGZ_S,Costs,2033.0,VRE curtailment: $m,0.0
KGZ,KGZ_S,Costs,2033.0,Variable O&M: $m,28.03056389146641
KGZ,KGZ_S,Costs,2034.0,Carbon costs: $m,0.0
KGZ,KGZ_S,Costs,2034.0,Excess generation: $m,0.0
KGZ,KGZ_S,Costs,2034.0,Export revenues with external zones: $m,0.0
KGZ,KGZ_S,Costs,2034.0,Export revenues with internal zones: $m,-553.336531135386
KGZ,KGZ_S,Costs,2034.0,Fixed O&M: $m,39.329661225098114
KGZ,KGZ_S,Costs,2034.0,Fuel costs: $m,3.858545759415188
KGZ,KGZ_S,Costs,2034.0,Generation costs: $m,0.0
KGZ,KGZ_S,Costs,2034.0,Import costs with external zones: $m,0.0
KGZ,KGZ_S,Costs,2034.0,Import costs with internal zones: $m,463.9481232937178
KGZ,KGZ_S,Costs,2034.0,NPV of system cost: $m,0.0
KGZ,KGZ_S,Costs,2034.0,Spinning reserve costs: $m,0.0
KGZ,KGZ_S,Costs,2034.0,Startup costs: $m,0.0
KGZ,KGZ_S,Costs,2034.0,Trade shared benefits: $m,-15.56368573800622
KGZ,KGZ_S,Costs,2034.0,Transmission costs: $m,0.0
KGZ,KGZ_S,Costs,2034.0,Unmet country CO2 backstop cost: $m,0.0
KGZ,KGZ_S,Costs,2034.0,Unmet country planning reserve costs: $m,0.0
KGZ,KGZ_S,Costs,2034.0,Unmet country spinning reserve costs: $m,0.0
KGZ,KGZ_S,Costs,2034.0,Unmet demand costs: $m,0.0
KGZ,KGZ_S,Costs,2034.0,Unmet system CO2 backstop cost: $m,0.0
KGZ,KGZ_S,Costs,2034.0,Unmet system planning reserve costs: $m,0.0
KGZ,KGZ_S,Costs,2034.0,Unmet system spinning reserve costs: $m,0.0
KGZ,KGZ_S,Costs,2034.0,VRE curtailment: $m,0.0
KGZ,KGZ_S,Costs,2034.0,Variable O&M: $m,28.142317165296525
KGZ,KGZ_S,Costs,2035.0,Carbon costs: $m,0.0
KGZ,KGZ_S,Costs,2035.0,Excess generation: $m,0.0
KGZ,KGZ_S,Costs,2035.0,Export revenues with external zones: $m,0.0
KGZ,KGZ_S,Costs,2035.0,Export revenues with internal zones: $m,-674.848640581052
KGZ,KGZ_S,Costs,2035.0,Fixed O&M: $m,41.13470886263399
KGZ,KGZ_S,Costs,2035.0,Fuel costs: $m,24.63160134039121
KGZ,KGZ_S,Costs,2035.0,Generation costs: $m,0.0
KGZ,KGZ_S,Costs,2035.0,Import costs with external zones: $m,0.0
KGZ,KGZ_S,Costs,2035.0,Import costs with internal zones: $m,561.693891930789
KGZ,KGZ_S,Costs,2035.0,NPV of system cost: $m,0.0
KGZ,KGZ_S,Costs,2035.0,Spinning reserve costs: $m,0.0
KGZ,KGZ_S,Costs,2035.0,Startup costs: $m,0.0
KGZ,KGZ_S,Costs,2035.0,Trade shared benefits: $m,-44.471279938945344
KGZ,KGZ_S,Costs,2035.0,Transmission costs: $m,0.0
KGZ,KGZ_S,Costs,2035.0,Unmet country CO2 backstop cost: $m,0.0
KGZ,KGZ_S,Costs,2035.0,Unmet country planning reserve costs: $m,0.0
KGZ,KGZ_S,Costs,2035.0,Unmet country spinning reserve costs: $m,0.0
KGZ,KGZ_S,Costs,2035.0,Unmet demand costs: $m,0.0
KGZ,KGZ_S,Costs,2035.0,Unmet system CO2 backstop cost: $m,0.0
KGZ,KGZ_S,Costs,2035.0,Unmet system planning reserve costs: $m,0.0
KGZ,KGZ_S,Costs,2035.0,Unmet system spinning reserve costs: $m,0.0
KGZ,KGZ_S,Costs,2035.0,VRE curtailment: $m,0.0
KGZ,KGZ_S,Costs,2035.0,Variable O&M: $m,29.63931259601421
KGZ,KGZ_S,Costs,2040.0,Carbon costs: $m,0.0
KGZ,KGZ_S,Costs,2040.0,Excess generation: $m,0.0
KGZ,KGZ_S,Costs,2040.0,Export revenues with external zones: $m,0.0
KGZ,KGZ_S,Costs,2040.0,Export revenues with internal zones: $m,-529.3043971307195
KGZ,KGZ_S,Costs,2040.0,Fixed O&M: $m,54.62087180788703
KGZ,KGZ_S,Costs,2040.0,Fuel costs: $m,22.62182383251588
KGZ,KGZ_S,Costs,2040.0,Generation costs: $m,0.0
KGZ,KGZ_S,Costs,2040.0,Import costs with external zones: $m,0.0
KGZ,KGZ_S,Costs,2040.0,Import costs with internal zones: $m,450.1084755550593
KGZ,KGZ_S,Costs,2040.0,NPV of system cost: $m,0.0
KGZ,KGZ_S,Costs,2040.0,Spinning reserve costs: $m,0.0
KGZ,KGZ_S,Costs,2040.0,Startup costs: $m,0.0
KGZ,KGZ_S,Costs,2040.0,Trade shared benefits: $m,-57.5378765641519
KGZ,KGZ_S,Costs,2040.0,Transmission costs: $m,0.0
KGZ,KGZ_S,Costs,2040.0,Unmet country CO2 backstop cost: $m,0.0
KGZ,KGZ_S,Costs,2040.0,Unmet country planning reserve costs: $m,0.0
KGZ,KGZ_S,Costs,2040.0,Unmet country spinning reserve costs: $m,0.0
KGZ,KGZ_S,Costs,2040.0,Unmet demand costs: $m,0.0
KGZ,KGZ_S,Costs,2040.0,Unmet system CO2 backstop cost: $m,0.0
KGZ,KGZ_S,Costs,2040.0,Unmet system planning reserve costs: $m,0.0
KGZ,KGZ_S,Costs,2040.0,Unmet system spinning reserve costs: $m,0.0
KGZ,KGZ_S,Costs,2040.0,VRE curtailment: $m,0.0
KGZ,KGZ_S,Costs,2040.0,Variable O&M: $m,29.53084650941305
KGZ,KGZ_S,Costs,2045.0,Carbon costs: $m,0.0
KGZ,KGZ_S,Costs,2045.0,Excess generation: $m,0.0
KGZ,KGZ_S,Costs,2045.0,Export revenues with external zones: $m,0.0
KGZ,KGZ_S,Costs,2045.0,Export revenues with internal zones: $m,-538.3000681099516
KGZ,KGZ_S,Costs,2045.0,Fixed O&M: $m,94.51637294427412
KGZ,KGZ_S,Costs,2045.0,Fuel costs: $m,30.49198705946544
KGZ,KGZ_S,Costs,2045.0,Generation costs: $m,0.0
KGZ,KGZ_S,Costs,2045.0,Import costs with external zones: $m,0.0
KGZ,KGZ_S,Costs,2045.0,Import costs with internal zones: $m,411.72758456027657
KGZ,KGZ_S,Costs,2045.0,NPV of system cost: $m,0.0
KGZ,KGZ_S,Costs,2045.0,Spinning reserve costs: $m,0.0
KGZ,KGZ_S,Costs,2045.0,Startup costs: $m,0.0
KGZ,KGZ_S,Costs,2045.0,Trade shared benefits: $m,-64.07548761774056
KGZ,KGZ_S,Costs,2045.0,Transmission costs: $m,0.0
KGZ,KGZ_S,Costs,2045.0,Unmet country CO2 backstop cost: $m,0.0
KGZ,KGZ_S,Costs,2045.0,Unmet country planning reserve costs: $m,0.0
KGZ,KGZ_S,Costs,2045.0,Unmet country spinning reserve costs: $m,0.0
KGZ,KGZ_S,Costs,2045.0,Unmet demand costs: $m,0.0
KGZ,KGZ_S,Costs,2045.0,Unmet system CO2 backstop cost: $m,0.0
KGZ,KGZ_S,Costs,2045.0,Unmet system planning reserve costs: $m,0.0
KGZ,KGZ_S,Costs,2045.0,Unmet system spinning reserve costs: $m,0.0
KGZ,KGZ_S,Costs,2045.0,VRE curtailment: $m,0.0
KGZ,KGZ_S,Costs,2045.0,Variable O&M: $m,30.161245985500504
KGZ,KGZ_S,Costs,2050.0,Carbon costs: $m,0.0
KGZ,KGZ_S,Costs,2050.0,Excess generation: $m,0.0
KGZ,KGZ_S,Costs,2050.0,Export revenues with external zones: $m,0.0
KGZ,KGZ_S,Costs,2050.0,Export revenues with internal zones: $m,-488.130817869136
KGZ,KGZ_S,Costs,2050.0,Fixed O&M: $m,125.1231665313218
KGZ,KGZ_S,Costs,2050.0,Fuel costs: $m,32.0716912140349
KGZ,KGZ_S,Costs,2050.0,Generation costs: $m,0.0
KGZ,KGZ_S,Costs,2050.0,Import costs with external zones: $m,0.0
KGZ,KGZ_S,Costs,2050.0,Import costs with internal zones: $m,405.0219038115704
KGZ,KGZ_S,Costs,2050.0,NPV of system cost: $m,0.0
KGZ,KGZ_S,Costs,2050.0,Spinning reserve costs: $m,0.0
KGZ,KGZ_S,Costs,2050.0,Startup costs: $m,0.0
KGZ,KGZ_S,Costs,2050.0,Trade shared benefits: $m,-79.31985670089641
KGZ,KGZ_S,Costs,2050.0,Transmission costs: $m,0.0
KGZ,KGZ_S,Costs,2050.0,Unmet country CO2 backstop cost: $m,0.0
KGZ,KGZ_S,Costs,2050.0,Unmet country planning reserve costs: $m,0.0
KGZ,KGZ_S,Costs,2050.0,Unmet country spinning reserve costs: $m,0.0
KGZ,KGZ_S,Costs,2050.0,Unmet demand costs: $m,0.0
KGZ,KGZ_S,Costs,2050.0,Unmet system CO2 backstop cost: $m,0.0
KGZ,KGZ_S,Costs,2050.0,Unmet system planning reserve costs: $m,0.0
KGZ,KGZ_S,Costs,2050.0,Unmet system spinning reserve costs: $m,0.0
KGZ,KGZ_S,Costs,2050.0,VRE curtailment: $m,0.0
KGZ,KGZ_S,Costs,2050.0,Variable O&M: $m,30.336408844753773
KGZ,KGZ_S,DiscountedWeightedCostsCumulated,2026.0,Carbon costs: $m,0.0
KGZ,KGZ_S,DiscountedWeightedCostsCumulated,2026.0,Excess generation: $m,0.0
KGZ,KGZ_S,DiscountedWeightedCostsCumulated,2026.0,Export revenues with external zones: $m,0.0
KGZ,KGZ_S,DiscountedWeightedCostsCumulated,2026.0,Export revenues with internal zones: $m,-492.751881915916
KGZ,KGZ_S,DiscountedWeightedCostsCumulated,2026.0,Fixed O&M: $m,38.9961
KGZ,KGZ_S,DiscountedWeightedCostsCumulated,2026.0,Fuel costs: $m,0.0
KGZ,KGZ_S,DiscountedWeightedCostsCumulated,2026.0,Generation costs: $m,0.0
KGZ,KGZ_S,DiscountedWeightedCostsCumulated,2026.0,Import costs with external zones: $m,0.0
KGZ,KGZ_S,DiscountedWeightedCostsCumulated,2026.0,Import costs with internal zones: $m,281.89580999874846
KGZ,KGZ_S,DiscountedWeightedCostsCumulated,2026.0,NPV of system cost: $m,0.0
KGZ,KGZ_S,DiscountedWeightedCostsCumulated,2026.0,Spinning reserve costs: $m,0.0
KGZ,KGZ_S,DiscountedWeightedCostsCumulated,2026.0,Startup costs: $m,0.0
KGZ,KGZ_S,DiscountedWeightedCostsCumulated,2026.0,Trade shared benefits: $m,6.88261882668377
KGZ,KGZ_S,DiscountedWeightedCostsCumulated,2026.0,Transmission costs: $m,0.0
KGZ,KGZ_S,DiscountedWeightedCostsCumulated,2026.0,Unmet country CO2 backstop cost: $m,0.0
KGZ,KGZ_S,DiscountedWeightedCostsCumulated,2026.0,Unmet country planning reserve costs: $m,0.0
KGZ,KGZ_S,DiscountedWeightedCostsCumulated,2026.0,Unmet country spinning reserve costs: $m,0.0
KGZ,KGZ_S,DiscountedWeightedCostsCumulated,2026.0,Unmet demand costs: $m,0.0
KGZ,KGZ_S,DiscountedWeightedCostsCumulated,2026.0,Unmet system CO2 backstop cost: $m,0.0
KGZ,KGZ_S,DiscountedWeightedCostsCumulated,2026.0,Unmet system planning reserve costs: $m,0.0
KGZ,KGZ_S,DiscountedWeightedCostsCumulated,2026.0,Unmet system spinning reserve costs: $m,0.0
KGZ,KGZ_S,DiscountedWeightedCostsCumulated,2026.0,VRE curtailment: $m,0.0
KGZ,KGZ_S,DiscountedWeightedCostsCumulated,2026.0,Variable O&M: $m,27.865682012044765
KGZ,KGZ_S,DiscountedWeightedCostsCumulated,2027.0,Carbon costs: $m,0.0
KGZ,KGZ_S,DiscountedWeightedCostsCumulated,2027.0,Excess generation: $m,0.0
KGZ,KGZ_S,DiscountedWeightedCostsCumulated,2027.0,Export revenues with external zones: $m,0.0
KGZ,KGZ_S,DiscountedWeightedCostsCumulated,2027.0,Export revenues with internal zones: $m,-1026.7735328846254
KGZ,KGZ_S,DiscountedWeightedCostsCumulated,2027.0,Fixed O&M: $m,76.17742247648005
KGZ,KGZ_S,DiscountedWeightedCostsCumulated,2027.0,Fuel costs: $m,0.0
KGZ,KGZ_S,DiscountedWeightedCostsCumulated,2027.0,Generation costs: $m,0.0
KGZ,KGZ_S,DiscountedWeightedCostsCumulated,2027.0,Import costs with external zones: $m,0.0
KGZ,KGZ_S,DiscountedWeightedCostsCumulated,2027.0,Import costs with internal zones: $m,651.2557813532251
KGZ,KGZ_S,DiscountedWeightedCostsCumulated,2027.0,NPV of system cost: $m,0.0
KGZ,KGZ_S,DiscountedWeightedCostsCumulated,2027.0,Spinning reserve costs: $m,0.0
KGZ,KGZ_S,DiscountedWeightedCostsCumulated,2027.0,Startup costs: $m,0.0
KGZ,KGZ_S,DiscountedWeightedCostsCumulated,2027.0,Trade shared benefits: $m,8.738242952468873
KGZ,KGZ_S,DiscountedWeightedCostsCumulated,2027.0,Transmission costs: $m,0.0
KGZ,KGZ_S,DiscountedWeightedCostsCumulated,2027.0,Unmet country CO2 backstop cost: $m,0.0
KGZ,KGZ_S,DiscountedWeightedCostsCumulated,2027.0,Unmet country planning reserve costs: $m,0.0
KGZ,KGZ_S,DiscountedWeightedCostsCumulated,2027.0,Unmet country spinning reserve costs: $m,0.0
KGZ,KGZ_S,DiscountedWeightedCostsCumulated,2027.0,Unmet demand costs: $m,0.0
KGZ,KGZ_S,DiscountedWeightedCostsCumulated,2027.0,Unmet system CO2 backstop cost: $m,0.0
KGZ,KGZ_S,DiscountedWeightedCostsCumulated,2027.0,Unmet system planning reserve costs: $m,0.0
KGZ,KGZ_S,DiscountedWeightedCostsCumulated,2027.0,Unmet system spinning reserve costs: $m,0.0
KGZ,KGZ_S,DiscountedWeightedCostsCumulated,2027.0,VRE curtailment: $m,0.0
KGZ,KGZ_S,DiscountedWeightedCostsCumulated,2027.0,Variable O&M: $m,54.43456733434338
KGZ,KGZ_S,DiscountedWeightedCostsCumulated,2028.0,Carbon costs: $m,0.0
KGZ,KGZ_S,DiscountedWeightedCostsCumulated,2028.0,Excess generation: $m,0.0
KGZ,KGZ_S,DiscountedWeightedCostsCumulated,2028.0,Export revenues with external zones: $m,0.0
KGZ,KGZ_S,DiscountedWeightedCostsCumulated,2028.0,Export revenues with internal zones: $m,-1495.4176738774847
KGZ,KGZ_S,DiscountedWeightedCostsCumulated,2028.0,Fixed O&M: $m,109.97862472782552
KGZ,KGZ_S,DiscountedWeightedCostsCumulated,2028.0,Fuel costs: $m,0.0
KGZ,KGZ_S,DiscountedWeightedCostsCumulated,2028.0,Generation costs: $m,0.0
KGZ,KGZ_S,DiscountedWeightedCostsCumulated,2028.0,Import costs with external zones: $m,0.0
KGZ,KGZ_S,DiscountedWeightedCostsCumulated,2028.0,Import costs with internal zones: $m,972.9804390974972
KGZ,KGZ_S,DiscountedWeightedCostsCumulated,2028.0,NPV of system cost: $m,0.0
KGZ,KGZ_S,DiscountedWeightedCostsCumulated,2028.0,Spinning reserve costs: $m,0.0
KGZ,KGZ_S,DiscountedWeightedCostsCumulated,2028.0,Startup costs: $m,0.0
KGZ,KGZ_S,DiscountedWeightedCostsCumulated,2028.0,Trade shared benefits: $m,-9.696362504964732
KGZ,KGZ_S,DiscountedWeightedCostsCumulated,2028.0,Transmission costs: $m,0.0
KGZ,KGZ_S,DiscountedWeightedCostsCumulated,2028.0,Unmet country CO2 backstop cost: $m,0.0
KGZ,KGZ_S,DiscountedWeightedCostsCumulated,2028.0,Unmet country planning reserve costs: $m,0.0
KGZ,KGZ_S,DiscountedWeightedCostsCumulated,2028.0,Unmet country spinning reserve costs: $m,0.0
KGZ,KGZ_S,DiscountedWeightedCostsCumulated,2028.0,Unmet demand costs: $m,0.0
KGZ,KGZ_S,DiscountedWeightedCostsCumulated,2028.0,Unmet system CO2 backstop cost: $m,0.0
KGZ,KGZ_S,DiscountedWeightedCostsCumulated,2028.0,Unmet system planning reserve costs: $m,0.0
KGZ,KGZ_S,DiscountedWeightedCostsCumulated,2028.0,Unmet system spinning reserve costs: $m,0.0
KGZ,KGZ_S,DiscountedWeightedCostsCumulated,2028.0,VRE curtailment: $m,0.0
KGZ,KGZ_S,DiscountedWeightedCostsCumulated,2028.0,Variable O&M: $m,78.58809944552395
KGZ,KGZ_S,DiscountedWeightedCostsCumulated,2029.0,Carbon costs: $m,0.0
KGZ,KGZ_S,DiscountedWeightedCostsCumulated,2029.0,Excess generation: $m,0.0
KGZ,KGZ_S,DiscountedWeightedCostsCumulated,2029.0,Export revenues with external zones: $m,0.0
KGZ,KGZ_S,DiscountedWeightedCostsCumulated,2029.0,Export revenues with internal zones: $m,-1921.827632784553
KGZ,KGZ_S,DiscountedWeightedCostsCumulated,2029.0,Fixed O&M: $m,140.7069904108669
KGZ,KGZ_S,DiscountedWeightedCostsCumulated,2029.0,Fuel costs: $m,0.0
KGZ,KGZ_S,DiscountedWeightedCostsCumulated,2029.0,Generation costs: $m,0.0
KGZ,KGZ_S,DiscountedWeightedCostsCumulated,2029.0,Import costs with external zones: $m,0.0
KGZ,KGZ_S,DiscountedWeightedCostsCumulated,2029.0,Import costs with internal zones: $m,1280.4089079245778
KGZ,KGZ_S,DiscountedWeightedCostsCumulated,2029.0,NPV of system cost: $m,0.0
KGZ,KGZ_S,DiscountedWeightedCostsCumulated,2029.0,Spinning reserve costs: $m,0.0
KGZ,KGZ_S,DiscountedWeightedCostsCumulated,2029.0,Startup costs: $m,0.0
KGZ,KGZ_S,DiscountedWeightedCostsCumulated,2029.0,Trade shared benefits: $m,-16.5964917727237
KGZ,KGZ_S,DiscountedWeightedCostsCumulated,2029.0,Transmission costs: $m,0.0
KGZ,KGZ_S,DiscountedWeightedCostsCumulated,2029.0,Unmet country CO2 backstop cost: $m,0.0
KGZ,KGZ_S,DiscountedWeightedCostsCumulated,2029.0,Unmet country planning reserve costs: $m,0.0
KGZ,KGZ_S,DiscountedWeightedCostsCumulated,2029.0,Unmet country spinning reserve costs: $m,0.0
KGZ,KGZ_S,DiscountedWeightedCostsCumulated,2029.0,Unmet demand costs: $m,0.0
KGZ,KGZ_S,DiscountedWeightedCostsCumulated,2029.0,Unmet system CO2 backstop cost: $m,0.0
KGZ,KGZ_S,DiscountedWeightedCostsCumulated,2029.0,Unmet system planning reserve costs: $m,0.0
KGZ,KGZ_S,DiscountedWeightedCostsCumulated,2029.0,Unmet system spinning reserve costs: $m,0.0
KGZ,KGZ_S,DiscountedWeightedCostsCumulated,2029.0,VRE curtailment: $m,0.0
KGZ,KGZ_S,DiscountedWeightedCostsCumulated,2029.0,Variable O&M: $m,100.54585591023348
KGZ,KGZ_S,DiscountedWeightedCostsCumulated,2030.0,Carbon costs: $m,0.0
KGZ,KGZ_S,DiscountedWeightedCostsCumulated,2030.0,Excess generation: $m,0.0
KGZ,KGZ_S,DiscountedWeightedCostsCumulated,2030.0,Export revenues with external zones: $m,0.0
KGZ,KGZ_S,DiscountedWeightedCostsCumulated,2030.0,Export revenues with internal zones: $m,-2244.90866530465
KGZ,KGZ_S,DiscountedWeightedCostsCumulated,2030.0,Fixed O&M: $m,168.64186830454082
KGZ,KGZ_S,DiscountedWeightedCostsCumulated,2030.0,Fuel costs: $m,0.0
KGZ,KGZ_S,DiscountedWeightedCostsCumulated,2030.0,Generation costs: $m,0.0
KGZ,KGZ_S,DiscountedWeightedCostsCumulated,2030.0,Import costs with external zones: $m,0.0
KGZ,KGZ_S,DiscountedWeightedCostsCumulated,2030.0,Import costs with internal zones: $m,1493.5135007037238
KGZ,KGZ_S,DiscountedWeightedCostsCumulated,2030.0,NPV of system cost: $m,0.0
KGZ,KGZ_S,DiscountedWeightedCostsCumulated,2030.0,Spinning reserve costs: $m,0.0
KGZ,KGZ_S,DiscountedWeightedCostsCumulated,2030.0,Startup costs: $m,0.0
KGZ,KGZ_S,DiscountedWeightedCostsCumulated,2030.0,Trade shared benefits: $m,-22.606608383956967
KGZ,KGZ_S,DiscountedWeightedCostsCumulated,2030.0,Transmission costs: $m,0.0
KGZ,KGZ_S,DiscountedWeightedCostsCumulated,2030.0,Unmet country CO2 backstop cost: $m,0.0
KGZ,KGZ_S,DiscountedWeightedCostsCumulated,2030.0,Unmet country planning reserve costs: $m,0.0
KGZ,KGZ_S,DiscountedWeightedCostsCumulated,2030.0,Unmet country spinning reserve costs: $m,0.0
KGZ,KGZ_S,DiscountedWeightedCostsCumulated,2030.0,Unmet demand costs: $m,0.0
KGZ,KGZ_S,DiscountedWeightedCostsCumulated,2030.0,Unmet system CO2 backstop cost: $m,0.0
KGZ,KGZ_S,DiscountedWeightedCostsCumulated,2030.0,Unmet system planning reserve costs: $m,0.0
KGZ,KGZ_S,DiscountedWeightedCostsCumulated,2030.0,Unmet system spinning reserve costs: $m,0.0
KGZ,KGZ_S,DiscountedWeightedCostsCumulated,2030.0,VRE curtailment: $m,0.0
KGZ,KGZ_S,DiscountedWeightedCostsCumulated,2030.0,Variable O&M: $m,120.50745269633305
KGZ,KGZ_S,DiscountedWeightedCostsCumulated,2031.0,Carbon costs: $m,0.0
KGZ,KGZ_S,DiscountedWeightedCostsCumulated,2031.0,Excess generation: $m,0.0
KGZ,KGZ_S,DiscountedWeightedCostsCumulated,2031.0,Export revenues with external zones: $m,0.0
KGZ,KGZ_S,DiscountedWeightedCostsCumulated,2031.0,Export revenues with internal zones: $m,-2650.812587440746
KGZ,KGZ_S,DiscountedWeightedCostsCumulated,2031.0,Fixed O&M: $m,194.03721184424444
KGZ,KGZ_S,DiscountedWeightedCostsCumulated,2031.0,Fuel costs: $m,0.0
KGZ,KGZ_S,DiscountedWeightedCostsCumulated,2031.0,Generation costs: $m,0.0
KGZ,KGZ_S,DiscountedWeightedCostsCumulated,2031.0,Import costs with external zones: $m,0.0
KGZ,KGZ_S,DiscountedWeightedCostsCumulated,2031.0,Import costs with internal zones: $m,1815.1160380691936
KGZ,KGZ_S,DiscountedWeightedCostsCumulated,2031.0,NPV of system cost: $m,0.0
KGZ,KGZ_S,DiscountedWeightedCostsCumulated,2031.0,Spinning reserve costs: $m,0.0
KGZ,KGZ_S,DiscountedWeightedCostsCumulated,2031.0,Startup costs: $m,0.0
KGZ,KGZ_S,DiscountedWeightedCostsCumulated,2031.0,Trade shared benefits: $m,-29.21244123170104
KGZ,KGZ_S,DiscountedWeightedCostsCumulated,2031.0,Transmission costs: $m,0.0
KGZ,KGZ_S,DiscountedWeightedCostsCumulated,2031.0,Unmet country CO2 backstop cost: $m,0.0
KGZ,KGZ_S,DiscountedWeightedCostsCumulated,2031.0,Unmet country planning reserve costs: $m,0.0
KGZ,KGZ_S,DiscountedWeightedCostsCumulated,2031.0,Unmet country spinning reserve costs: $m,0.0
KGZ,KGZ_S,DiscountedWeightedCostsCumulated,2031.0,Unmet demand costs: $m,0.0
KGZ,KGZ_S,DiscountedWeightedCostsCumulated,2031.0,Unmet system CO2 backstop cost: $m,0.0
KGZ,KGZ_S,DiscountedWeightedCostsCumulated,2031.0,Unmet system planning reserve costs: $m,0.0
KGZ,KGZ_S,DiscountedWeightedCostsCumulated,2031.0,Unmet system spinning reserve costs: $m,0.0
KGZ,KGZ_S,DiscountedWeightedCostsCumulated,2031.0,VRE curtailment: $m,0.0
KGZ,KGZ_S,DiscountedWeightedCostsCumulated,2031.0,Variable O&M: $m,138.6543588655145
KGZ,KGZ_S,DiscountedWeightedCostsCumulated,2032.0,Carbon costs: $m,0.0
KGZ,KGZ_S,DiscountedWeightedCostsCumulated,2032.0,Excess generation: $m,0.0
KGZ,KGZ_S,DiscountedWeightedCostsCumulated,2032.0,Export revenues with external zones: $m,0.0
KGZ,KGZ_S,DiscountedWeightedCostsCumulated,2032.0,Export revenues with internal zones: $m,-3000.325295209408
KGZ,KGZ_S,DiscountedWeightedCostsCumulated,2032.0,Fixed O&M: $m,217.12388778942952
KGZ,KGZ_S,DiscountedWeightedCostsCumulated,2032.0,Fuel costs: $m,0.0
KGZ,KGZ_S,DiscountedWeightedCostsCumulated,2032.0,Generation costs: $m,0.0
KGZ,KGZ_S,DiscountedWeightedCostsCumulated,2032.0,Import costs with external zones: $m,0.0
KGZ,KGZ_S,DiscountedWeightedCostsCumulated,2032.0,Import costs with internal zones: $m,2097.690997377536
KGZ,KGZ_S,DiscountedWeightedCostsCumulated,2032.0,NPV of system cost: $m,0.0
KGZ,KGZ_S,DiscountedWeightedCostsCumulated,2032.0,Spinning reserve costs: $m,0.0
KGZ,KGZ_S,DiscountedWeightedCostsCumulated,2032.0,Startup costs: $m,0.0
KGZ,KGZ_S,DiscountedWeightedCostsCumulated,2032.0,Trade shared benefits: $m,-39.41407351629438
KGZ,KGZ_S,DiscountedWeightedCostsCumulated,2032.0,Transmission costs: $m,0.0
KGZ,KGZ_S,DiscountedWeightedCostsCumulated,2032.0,Unmet country CO2 backstop cost: $m,0.0
KGZ,KGZ_S,DiscountedWeightedCostsCumulated,2032.0,Unmet country planning reserve costs: $m,0.0
KGZ,KGZ_S,DiscountedWeightedCostsCumulated,2032.0,Unmet country spinning reserve costs: $m,0.0
KGZ,KGZ_S,DiscountedWeightedCostsCumulated,2032.0,Unmet demand costs: $m,0.0
KGZ,KGZ_S,DiscountedWeightedCostsCumulated,2032.0,Unmet system CO2 backstop cost: $m,0.0
KGZ,KGZ_S,DiscountedWeightedCostsCumulated,2032.0,Unmet system planning reserve costs: $m,0.0
KGZ,KGZ_S,DiscountedWeightedCostsCumulated,2032.0,Unmet system spinning reserve costs: $m,0.0
KGZ,KGZ_S,DiscountedWeightedCostsCumulated,2032.0,VRE curtailment: $m,0.0
KGZ,KGZ_S,DiscountedWeightedCostsCumulated,2032.0,Variable O&M: $m,155.15154629204312
KGZ,KGZ_S,DiscountedWeightedCostsCumulated,2033.0,Carbon costs: $m,0.0
KGZ,KGZ_S,DiscountedWeightedCostsCumulated,2033.0,Excess generation: $m,0.0
KGZ,KGZ_S,DiscountedWeightedCostsCumulated,2033.0,Export revenues with external zones: $m,0.0
KGZ,KGZ_S,DiscountedWeightedCostsCumulated,2033.0,Export revenues with internal zones: $m,-3306.327957251528
KGZ,KGZ_S,DiscountedWeightedCostsCumulated,2033.0,Fixed O&M: $m,238.2912992563979
KGZ,KGZ_S,DiscountedWeightedCostsCumulated,2033.0,Fuel costs: $m,1.2431267500223373
KGZ,KGZ_S,DiscountedWeightedCostsCumulated,2033.0,Generation costs: $m,0.0
KGZ,KGZ_S,DiscountedWeightedCostsCumulated,2033.0,Import costs with external zones: $m,0.0
KGZ,KGZ_S,DiscountedWeightedCostsCumulated,2033.0,Import costs with internal zones: $m,2348.006600137196
KGZ,KGZ_S,DiscountedWeightedCostsCumulated,2033.0,NPV of system cost: $m,0.0
KGZ,KGZ_S,DiscountedWeightedCostsCumulated,2033.0,Spinning reserve costs: $m,0.0
KGZ,KGZ_S,DiscountedWeightedCostsCumulated,2033.0,Startup costs: $m,0.0
KGZ,KGZ_S,DiscountedWeightedCostsCumulated,2033.0,Trade shared benefits: $m,-47.51471377810363
KGZ,KGZ_S,DiscountedWeightedCostsCumulated,2033.0,Transmission costs: $m,0.0
KGZ,KGZ_S,DiscountedWeightedCostsCumulated,2033.0,Unmet country CO2 backstop cost: $m,0.0
KGZ,KGZ_S,DiscountedWeightedCostsCumulated,2033.0,Unmet country planning reserve costs: $m,0.0
KGZ,KGZ_S,DiscountedWeightedCostsCumulated,2033.0,Unmet country spinning reserve costs: $m,0.0
KGZ,KGZ_S,DiscountedWeightedCostsCumulated,2033.0,Unmet demand costs: $m,0.0
KGZ,KGZ_S,DiscountedWeightedCostsCumulated,2033.0,Unmet system CO2 backstop cost: $m,0.0
KGZ,KGZ_S,DiscountedWeightedCostsCumulated,2033.0,Unmet system planning reserve costs: $m,0.0
KGZ,KGZ_S,DiscountedWeightedCostsCumulated,2033.0,Unmet system spinning reserve costs: $m,0.0
KGZ,KGZ_S,DiscountedWeightedCostsCumulated,2033.0,VRE curtailment: $m,0.0
KGZ,KGZ_S,DiscountedWeightedCostsCumulated,2033.0,Variable O&M: $m,170.23772962187007
KGZ,KGZ_S,DiscountedWeightedCostsCumulated,2034.0,Carbon costs: $m,0.0
KGZ,KGZ_S,DiscountedWeightedCostsCumulated,2034.0,Excess generation: $m,0.0
KGZ,KGZ_S,DiscountedWeightedCostsCumulated,2034.0,Export revenues with external zones: $m,0.0
KGZ,KGZ_S,DiscountedWeightedCostsCumulated,2034.0,Export revenues with internal zones: $m,-3577.0628328784314
KGZ,KGZ_S,DiscountedWeightedCostsCumulated,2034.0,Fixed O&M: $m,257.53440059000553
KGZ,KGZ_S,DiscountedWeightedCostsCumulated,2034.0,Fuel costs: $m,3.1310247063211776
KGZ,KGZ_S,DiscountedWeightedCostsCumulated,2034.0,Generation costs: $m,0.0
KGZ,KGZ_S,DiscountedWeightedCostsCumulated,2034.0,Import costs with external zones: $m,0.0
KGZ,KGZ_S,DiscountedWeightedCostsCumulated,2034.0,Import costs with internal zones: $m,2575.005777653143
KGZ,KGZ_S,DiscountedWeightedCostsCumulated,2034.0,NPV of system cost: $m,0.0
KGZ,KGZ_S,DiscountedWeightedCostsCumulated,2034.0,Spinning reserve costs: $m,0.0
KGZ,KGZ_S,DiscountedWeightedCostsCumulated,2034.0,Startup costs: $m,0.0
KGZ,KGZ_S,DiscountedWeightedCostsCumulated,2034.0,Trade shared benefits: $m,-55.12966830483514
KGZ,KGZ_S,DiscountedWeightedCostsCumulated,2034.0,Transmission costs: $m,0.0
KGZ,KGZ_S,DiscountedWeightedCostsCumulated,2034.0,Unmet country CO2 backstop cost: $m,0.0
KGZ,KGZ_S,DiscountedWeightedCostsCumulated,2034.0,Unmet country planning reserve costs: $m,0.0
KGZ,KGZ_S,DiscountedWeightedCostsCumulated,2034.0,Unmet country spinning reserve costs: $m,0.0
KGZ,KGZ_S,DiscountedWeightedCostsCumulated,2034.0,Unmet demand costs: $m,0.0
KGZ,KGZ_S,DiscountedWeightedCostsCumulated,2034.0,Unmet system CO2 backstop cost: $m,0.0
KGZ,KGZ_S,DiscountedWeightedCostsCumulated,2034.0,Unmet system planning reserve costs: $m,0.0
KGZ,KGZ_S,DiscountedWeightedCostsCumulated,2034.0,Unmet system spinning reserve costs: $m,0.0
KGZ,KGZ_S,DiscountedWeightedCostsCumulated,2034.0,VRE curtailment: $m,0.0
KGZ,KGZ_S,DiscountedWeightedCostsCumulated,2034.0,Variable O&M: $m,184.0071200540648
KGZ,KGZ_S,DiscountedWeightedCostsCumulated,2035.0,Carbon costs: $m,0.0
KGZ,KGZ_S,DiscountedWeightedCostsCumulated,2035.0,Excess generation: $m,0.0
KGZ,KGZ_S,DiscountedWeightedCostsCumulated,2035.0,Export revenues with external zones: $m,0.0
KGZ,KGZ_S,DiscountedWeightedCostsCumulated,2035.0,Export revenues with internal zones: $m,-3877.233709492252
KGZ,KGZ_S,DiscountedWeightedCostsCumulated,2035.0,Fixed O&M: $m,275.8310094531721
KGZ,KGZ_S,DiscountedWeightedCostsCumulated,2035.0,Fuel costs: $m,14.087095330367111
KGZ,KGZ_S,DiscountedWeightedCostsCumulated,2035.0,Generation costs: $m,0.0
KGZ,KGZ_S,DiscountedWeightedCostsCumulated,2035.0,Import costs with external zones: $m,0.0
KGZ,KGZ_S,DiscountedWeightedCostsCumulated,2035.0,Import costs with internal zones: $m,2824.845723665813
KGZ,KGZ_S,DiscountedWeightedCostsCumulated,2035.0,NPV of system cost: $m,0.0
KGZ,KGZ_S,DiscountedWeightedCostsCumulated,2035.0,Spinning reserve costs: $m,0.0
KGZ,KGZ_S,DiscountedWeightedCostsCumulated,2035.0,Startup costs: $m,0.0
KGZ,KGZ_S,DiscountedWeightedCostsCumulated,2035.0,Trade shared benefits: $m,-74.9103750895717
KGZ,KGZ_S,DiscountedWeightedCostsCumulated,2035.0,Transmission costs: $m,0.0
KGZ,KGZ_S,DiscountedWeightedCostsCumulated,2035.0,Unmet country CO2 backstop cost: $m,0.0
KGZ,KGZ_S,DiscountedWeightedCostsCumulated,2035.0,Unmet country planning reserve costs: $m,0.0
KGZ,KGZ_S,DiscountedWeightedCostsCumulated,2035.0,Unmet country spinning reserve costs: $m,0.0
KGZ,KGZ_S,DiscountedWeightedCostsCumulated,2035.0,Unmet demand costs: $m,0.0
KGZ,KGZ_S,DiscountedWeightedCostsCumulated,2035.0,Unmet system CO2 backstop cost: $m,0.0
KGZ,KGZ_S,DiscountedWeightedCostsCumulated,2035.0,Unmet system planning reserve costs: $m,0.0
KGZ,KGZ_S,DiscountedWeightedCostsCumulated,2035.0,Unmet system spinning reserve costs: $m,0.0
KGZ,KGZ_S,DiscountedWeightedCostsCumulated,2035.0,VRE curtailment: $m,0.0
KGZ,KGZ_S,DiscountedWeightedCostsCumulated,2035.0,Variable O&M: $m,197.1906072972433
KGZ,KGZ_S,DiscountedWeightedCostsCumulated,2040.0,Carbon costs: $m,0.0
KGZ,KGZ_S,DiscountedWeightedCostsCumulated,2040.0,Excess generation: $m,0.0
KGZ,KGZ_S,DiscountedWeightedCostsCumulated,2040.0,Export revenues with external zones: $m,0.0
KGZ,KGZ_S,DiscountedWeightedCostsCumulated,2040.0,Export revenues with internal zones: $m,-4761.65589226972
KGZ,KGZ_S,DiscountedWeightedCostsCumulated,2040.0,Fixed O&M: $m,367.0977945609657
KGZ,KGZ_S,DiscountedWeightedCostsCumulated,2040.0,Fuel costs: $m,51.88621984325101
KGZ,KGZ_S,DiscountedWeightedCostsCumulated,2040.0,Generation costs: $m,0.0
KGZ,KGZ_S,DiscountedWeightedCostsCumulated,2040.0,Import costs with external zones: $m,0.0
KGZ,KGZ_S,DiscountedWeightedCostsCumulated,2040.0,Import costs with internal zones: $m,3576.938324057966
KGZ,KGZ_S,DiscountedWeightedCostsCumulated,2040.0,NPV of system cost: $m,0.0
KGZ,KGZ_S,DiscountedWeightedCostsCumulated,2040.0,Spinning reserve costs: $m,0.0
KGZ,KGZ_S,DiscountedWeightedCostsCumulated,2040.0,Startup costs: $m,0.0
KGZ,KGZ_S,DiscountedWeightedCostsCumulated,2040.0,Trade shared benefits: $m,-171.0512245877107
KGZ,KGZ_S,DiscountedWeightedCostsCumulated,2040.0,Transmission costs: $m,0.0
KGZ,KGZ_S,DiscountedWeightedCostsCumulated,2040.0,Unmet country CO2 backstop cost: $m,0.0
KGZ,KGZ_S,DiscountedWeightedCostsCumulated,2040.0,Unmet country planning reserve costs: $m,0.0
KGZ,KGZ_S,DiscountedWeightedCostsCumulated,2040.0,Unmet country spinning reserve costs: $m,0.0
KGZ,KGZ_S,DiscountedWeightedCostsCumulated,2040.0,Unmet demand costs: $m,0.0
KGZ,KGZ_S,DiscountedWeightedCostsCumulated,2040.0,Unmet system CO2 backstop cost: $m,0.0
KGZ,KGZ_S,DiscountedWeightedCostsCumulated,2040.0,Unmet system planning reserve costs: $m,0.0
KGZ,KGZ_S,DiscountedWeightedCostsCumulated,2040.0,Unmet system spinning reserve costs: $m,0.0
KGZ,KGZ_S,DiscountedWeightedCostsCumulated,2040.0,VRE curtailment: $m,0.0
KGZ,KGZ_S,DiscountedWeightedCostsCumulated,2040.0,Variable O&M: $m,246.53411524975948
KGZ,KGZ_S,DiscountedWeightedCostsCumulated,2045.0,Carbon costs: $m,0.0
KGZ,KGZ_S,DiscountedWeightedCostsCumulated,2045.0,Excess generation: $m,0.0
KGZ,KGZ_S,DiscountedWeightedCostsCumulated,2045.0,Export revenues with external zones: $m,0.0
KGZ,KGZ_S,DiscountedWeightedCostsCumulated,2045.0,Export revenues with internal zones: $m,-5320.145548525657
KGZ,KGZ_S,DiscountedWeightedCostsCumulated,2045.0,Fixed O&M: $m,465.1591171640751
KGZ,KGZ_S,DiscountedWeightedCostsCumulated,2045.0,Fuel costs: $m,83.52184536192172
KGZ,KGZ_S,DiscountedWeightedCostsCumulated,2045.0,Generation costs: $m,0.0
KGZ,KGZ_S,DiscountedWeightedCostsCumulated,2045.0,Import costs with external zones: $m,0.0
KGZ,KGZ_S,DiscountedWeightedCostsCumulated,2045.0,Import costs with internal zones: $m,4004.10824432108
KGZ,KGZ_S,DiscountedWeightedCostsCumulated,2045.0,NPV of system cost: $m,0.0
KGZ,KGZ_S,DiscountedWeightedCostsCumulated,2045.0,Spinning reserve costs: $m,0.0
KGZ,KGZ_S,DiscountedWeightedCostsCumulated,2045.0,Startup costs: $m,0.0
KGZ,KGZ_S,DiscountedWeightedCostsCumulated,2045.0,Trade shared benefits: $m,-237.5299400367195
KGZ,KGZ_S,DiscountedWeightedCostsCumulated,2045.0,Transmission costs: $m,0.0
KGZ,KGZ_S,DiscountedWeightedCostsCumulated,2045.0,Unmet country CO2 backstop cost: $m,0.0
KGZ,KGZ_S,DiscountedWeightedCostsCumulated,2045.0,Unmet country planning reserve costs: $m,0.0
KGZ,KGZ_S,DiscountedWeightedCostsCumulated,2045.0,Unmet country spinning reserve costs: $m,0.0
KGZ,KGZ_S,DiscountedWeightedCostsCumulated,2045.0,Unmet demand costs: $m,0.0
KGZ,KGZ_S,DiscountedWeightedCostsCumulated,2045.0,Unmet system CO2 backstop cost: $m,0.0
KGZ,KGZ_S,DiscountedWeightedCostsCumulated,2045.0,Unmet system planning reserve costs: $m,0.0
KGZ,KGZ_S,DiscountedWeightedCostsCumulated,2045.0,Unmet system spinning reserve costs: $m,0.0
KGZ,KGZ_S,DiscountedWeightedCostsCumulated,2045.0,VRE curtailment: $m,0.0
KGZ,KGZ_S,DiscountedWeightedCostsCumulated,2045.0,Variable O&M: $m,277.826594854745
KGZ,KGZ_S,DiscountedWeightedCostsCumulated,2050.0,Carbon costs: $m,0.0
KGZ,KGZ_S,DiscountedWeightedCostsCumulated,2050.0,Excess generation: $m,0.0
KGZ,KGZ_S,DiscountedWeightedCostsCumulated,2050.0,Export revenues with external zones: $m,0.0
KGZ,KGZ_S,DiscountedWeightedCostsCumulated,2050.0,Export revenues with internal zones: $m,-5634.604166141126
KGZ,KGZ_S,DiscountedWeightedCostsCumulated,2050.0,Fixed O&M: $m,545.7646772695997
KGZ,KGZ_S,DiscountedWeightedCostsCumulated,2050.0,Fuel costs: $m,104.1827405862412
KGZ,KGZ_S,DiscountedWeightedCostsCumulated,2050.0,Generation costs: $m,0.0
KGZ,KGZ_S,DiscountedWeightedCostsCumulated,2050.0,Import costs with external zones: $m,0.0
KGZ,KGZ_S,DiscountedWeightedCostsCumulated,2050.0,Import costs with internal zones: $m,4265.027291662845
KGZ,KGZ_S,DiscountedWeightedCostsCumulated,2050.0,NPV of system cost: $m,0.0
KGZ,KGZ_S,DiscountedWeightedCostsCumulated,2050.0,Spinning reserve costs: $m,0.0
KGZ,KGZ_S,DiscountedWeightedCostsCumulated,2050.0,Startup costs: $m,0.0
KGZ,KGZ_S,DiscountedWeightedCostsCumulated,2050.0,Trade shared benefits: $m,-288.6285627307448
KGZ,KGZ_S,DiscountedWeightedCostsCumulated,2050.0,Transmission costs: $m,0.0
KGZ,KGZ_S,DiscountedWeightedCostsCumulated,2050.0,Unmet country CO2 backstop cost: $m,0.0
KGZ,KGZ_S,DiscountedWeightedCostsCumulated,2050.0,Unmet country planning reserve costs: $m,0.0
KGZ,KGZ_S,DiscountedWeightedCostsCumulated,2050.0,Unmet country spinning reserve costs: $m,0.0
KGZ,KGZ_S,DiscountedWeightedCostsCumulated,2050.0,Unmet demand costs: $m,0.0
KGZ,KGZ_S,DiscountedWeightedCostsCumulated,2050.0,Unmet system CO2 backstop cost: $m,0.0
KGZ,KGZ_S,DiscountedWeightedCostsCumulated,2050.0,Unmet system planning reserve costs: $m,0.0
KGZ,KGZ_S,DiscountedWeightedCostsCumulated,2050.0,Unmet system spinning reserve costs: $m,0.0
KGZ,KGZ_S,DiscountedWeightedCostsCumulated,2050.0,VRE curtailment: $m,0.0
KGZ,KGZ_S,DiscountedWeightedCostsCumulated,2050.0,Variable O&M: $m,297.3696043094285
KGZ,KGZ_S,GenCostsPerMWh,2026.0,Fixed O&M: $m,3.8792228072248713
KGZ,KGZ_S,GenCostsPerMWh,2026.0,Variable Cost: $m,2.772
KGZ,KGZ_S,GenCostsPerMWh,2027.0,Fixed O&M: $m,3.8792228072248713
KGZ,KGZ_S,GenCostsPerMWh,2027.0,Variable Cost: $m,2.772
KGZ,KGZ_S,GenCostsPerMWh,2028.0,Fixed O&M: $m,3.879222807224872
KGZ,KGZ_S,GenCostsPerMWh,2028.0,Variable Cost: $m,2.772
KGZ,KGZ_S,GenCostsPerMWh,2029.0,Fixed O&M: $m,3.8792228072248713
KGZ,KGZ_S,GenCostsPerMWh,2029.0,Variable Cost: $m,2.771999999999999
KGZ,KGZ_S,GenCostsPerMWh,2030.0,Fixed O&M: $m,3.879222807224872
KGZ,KGZ_S,GenCostsPerMWh,2030.0,Variable Cost: $m,2.7720000000000007
KGZ,KGZ_S,GenCostsPerMWh,2031.0,Fixed O&M: $m,3.879222807224872
KGZ,KGZ_S,GenCostsPerMWh,2031.0,Variable Cost: $m,2.772
KGZ,KGZ_S,GenCostsPerMWh,2032.0,Fixed O&M: $m,3.879222807224872
KGZ,KGZ_S,GenCostsPerMWh,2032.0,Variable Cost: $m,2.7720000000000007
KGZ,KGZ_S,GenCostsPerMWh,2033.0,Fixed O&M: $m,3.893971966523753
KGZ,KGZ_S,GenCostsPerMWh,2033.0,Investment costs: $m,0.3168495116608144
KGZ,KGZ_S,GenCostsPerMWh,2033.0,Variable Cost: $m,3.00395141762289
KGZ,KGZ_S,GenCostsPerMWh,2034.0,Fixed O&M: $m,3.881577213981717
KGZ,KGZ_S,GenCostsPerMWh,2034.0,Investment costs: $m,0.3158409601550863
KGZ,KGZ_S,GenCostsPerMWh,2034.0,Variable Cost: $m,3.158273335877264
KGZ,KGZ_S,GenCostsPerMWh,2035.0,Fixed O&M: $m,3.893700634910155
KGZ,KGZ_S,GenCostsPerMWh,2035.0,Investment costs: $m,1.9421839424230816
KGZ,KGZ_S,GenCostsPerMWh,2035.0,Variable Cost: $m,5.137138389796418
KGZ,KGZ_S,GenCostsPerMWh,2040.0,Fixed O&M: $m,4.564157500909794
KGZ,KGZ_S,GenCostsPerMWh,2040.0,Investment costs: $m,6.372361077547863
KGZ,KGZ_S,GenCostsPerMWh,2040.0,Variable Cost: $m,4.357912894008757
KGZ,KGZ_S,GenCostsPerMWh,2045.0,Fixed O&M: $m,5.97110129573909
KGZ,KGZ_S,GenCostsPerMWh,2045.0,Investment costs: $m,13.53292661975603
KGZ,KGZ_S,GenCostsPerMWh,2045.0,Variable Cost: $m,3.83178688669201
KGZ,KGZ_S,GenCostsPerMWh,2050.0,Fixed O&M: $m,7.031670976057287
KGZ,KGZ_S,GenCostsPerMWh,2050.0,Investment costs: $m,17.11646391884354
KGZ,KGZ_S,GenCostsPerMWh,2050.0,Variable Cost: $m,3.507210039672486
KGZ,KGZ_S,NetPresentCostPerMWh,,Carbon costs: $m,0.0
KGZ,KGZ_S,NetPresentCostPerMWh,,Excess generation: $m,0.0
KGZ,KGZ_S,NetPresentCostPerMWh,,Export revenues with external zones: $m,0.0
KGZ,KGZ_S,NetPresentCostPerMWh,,Export revenues with internal zones: $m,-61.16373831716087
KGZ,KGZ_S,NetPresentCostPerMWh,,Fixed O&M: $m,5.92428623537696
KGZ,KGZ_S,NetPresentCostPerMWh,,Fuel costs: $m,1.1309056846748355
KGZ,KGZ_S,NetPresentCostPerMWh,,Generation costs: $m,0.0
KGZ,KGZ_S,NetPresentCostPerMWh,,Import costs with external zones: $m,0.0
KGZ,KGZ_S,NetPresentCostPerMWh,,Import costs with internal zones: $m,46.29695458473877
KGZ,KGZ_S,NetPresentCostPerMWh,,NPV of system cost: $m,0.0
KGZ,KGZ_S,NetPresentCostPerMWh,,Spinning reserve costs: $m,0.0
KGZ,KGZ_S,NetPresentCostPerMWh,,Startup costs: $m,0.0
KGZ,KGZ_S,NetPresentCostPerMWh,,Trade shared benefits: $m,-3.1330686879131115
KGZ,KGZ_S,NetPresentCostPerMWh,,Transmission costs: $m,0.0
KGZ,KGZ_S,NetPresentCostPerMWh,,Unmet country CO2 backstop cost: $m,0.0
KGZ,KGZ_S,NetPresentCostPerMWh,,Unmet country planning reserve costs: $m,0.0
KGZ,KGZ_S,NetPresentCostPerMWh,,Unmet country spinning reserve costs: $m,0.0
KGZ,KGZ_S,NetPresentCostPerMWh,,Unmet demand costs: $m,0.0
KGZ,KGZ_S,NetPresentCostPerMWh,,Unmet system CO2 backstop cost: $m,0.0
KGZ,KGZ_S,NetPresentCostPerMWh,,Unmet system planning reserve costs: $m,0.0
KGZ,KGZ_S,NetPresentCostPerMWh,,Unmet system spinning reserve costs: $m,0.0
KGZ,KGZ_S,NetPresentCostPerMWh,,VRE curtailment: $m,0.0
KGZ,KGZ_S,NetPresentCostPerMWh,,Variable O&M: $m,3.2279528650396445
PAK,PAK_KAR,Costs,2026.0,Carbon costs: $m,0.0
PAK,PAK_KAR,Costs,2026.0,Excess generation: $m,0.0
PAK,PAK_KAR,Costs,2026.0,Export revenues with external zones: $m,0.0
PAK,PAK_KAR,Costs,2026.0,Export revenues with internal zones: $m,0.0
PAK,PAK_KAR,Costs,2026.0,Fixed O&M: $m,113.86399699
PAK,PAK_KAR,Costs,2026.0,Fuel costs: $m,640.5523765108809
PAK,PAK_KAR,Costs,2026.0,Generation costs: $m,0.0
PAK,PAK_KAR,Costs,2026.0,Import costs with external zones: $m,0.0
PAK,PAK_KAR,Costs,2026.0,Import costs with internal zones: $m,381.4720617642361
PAK,PAK_KAR,Costs,2026.0,NPV of system cost: $m,0.0
PAK,PAK_KAR,Costs,2026.0,Spinning reserve costs: $m,0.0
PAK,PAK_KAR,Costs,2026.0,Startup costs: $m,0.0
PAK,PAK_KAR,Costs,2026.0,Trade shared benefits: $m,-75.14185364336731
PAK,PAK_KAR,Costs,2026.0,Transmission costs: $m,0.0
PAK,PAK_KAR,Costs,2026.0,Unmet country CO2 backstop cost: $m,0.0
PAK,PAK_KAR,Costs,2026.0,Unmet country planning reserve costs: $m,0.0
PAK,PAK_KAR,Costs,2026.0,Unmet country spinning reserve costs: $m,0.0
PAK,PAK_KAR,Costs,2026.0,Unmet demand costs: $m,0.0
PAK,PAK_KAR,Costs,2026.0,Unmet system CO2 backstop cost: $m,0.0
PAK,PAK_KAR,Costs,2026.0,Unmet system planning reserve costs: $m,0.0
PAK,PAK_KAR,Costs,2026.0,Unmet system spinning reserve costs: $m,0.0
PAK,PAK_KAR,Costs,2026.0,VRE curtailment: $m,0.0
PAK,PAK_KAR,Costs,2026.0,Variable O&M: $m,127.57678906924204
PAK,PAK_KAR,Costs,2027.0,Carbon costs: $m,0.0
PAK,PAK_KAR,Costs,2027.0,Excess generation: $m,0.0
PAK,PAK_KAR,Costs,2027.0,Export revenues with external zones: $m,0.0
PAK,PAK_KAR,Costs,2027.0,Export revenues with internal zones: $m,-0.7728443489496786
PAK,PAK_KAR,Costs,2027.0,Fixed O&M: $m,136.74618918151688
PAK,PAK_KAR,Costs,2027.0,Fuel costs: $m,561.5172823643258
PAK,PAK_KAR,Costs,2027.0,Generation costs: $m,0.0
PAK,PAK_KAR,Costs,2027.0,Import costs with external zones: $m,0.0
PAK,PAK_KAR,Costs,2027.0,Import costs with internal zones: $m,337.65446469001944
PAK,PAK_KAR,Costs,2027.0,NPV of system cost: $m,0.0
PAK,PAK_KAR,Costs,2027.0,Spinning reserve costs: $m,0.0
PAK,PAK_KAR,Costs,2027.0,Startup costs: $m,0.0
PAK,PAK_KAR,Costs,2027.0,Trade shared benefits: $m,-59.91426955062333
PAK,PAK_KAR,Costs,2027.0,Transmission costs: $m,0.0
PAK,PAK_KAR,Costs,2027.0,Unmet country CO2 backstop cost: $m,0.0
PAK,PAK_KAR,Costs,2027.0,Unmet country planning reserve costs: $m,0.0
PAK,PAK_KAR,Costs,2027.0,Unmet country spinning reserve costs: $m,0.0
PAK,PAK_KAR,Costs,2027.0,Unmet demand costs: $m,0.0
PAK,PAK_KAR,Costs,2027.0,Unmet system CO2 backstop cost: $m,0.0
PAK,PAK_KAR,Costs,2027.0,Unmet system planning reserve costs: $m,0.0
PAK,PAK_KAR,Costs,2027.0,Unmet system spinning reserve costs: $m,0.0
PAK,PAK_KAR,Costs,2027.0,VRE curtailment: $m,0.0
PAK,PAK_KAR,Costs,2027.0,Variable O&M: $m,125.6618853177344
PAK,PAK_KAR,Costs,2028.0,Carbon costs: $m,0.0
PAK,PAK_KAR,Costs,2028.0,Excess generation: $m,0.0
PAK,PAK_KAR,Costs,2028.0,Export revenues with external zones: $m,0.0
PAK,PAK_KAR,Costs,2028.0,Export revenues with internal zones: $m,-1.4386948548149672
PAK,PAK_KAR,Costs,2028.0,Fixed O&M: $m,150.64779096151685
PAK,PAK_KAR,Costs,2028.0,Fuel costs: $m,548.9704257905722
PAK,PAK_KAR,Costs,2028.0,Generation costs: $m,0.0
PAK,PAK_KAR,Costs,2028.0,Import costs with external zones: $m,0.0
PAK,PAK_KAR,Costs,2028.0,Import costs with internal zones: $m,293.16832075438305
PAK,PAK_KAR,Costs,2028.0,NPV of system cost: $m,0.0
PAK,PAK_KAR,Costs,2028.0,Spinning reserve costs: $m,0.0
PAK,PAK_KAR,Costs,2028.0,Startup costs: $m,0.0
PAK,PAK_KAR,Costs,2028.0,Trade shared benefits: $m,-30.71481844514674
PAK,PAK_KAR,Costs,2028.0,Transmission costs: $m,0.0
PAK,PAK_KAR,Costs,2028.0,Unmet country CO2 backstop cost: $m,0.0
PAK,PAK_KAR,Costs,2028.0,Unmet country planning reserve costs: $m,0.0
PAK,PAK_KAR,Costs,2028.0,Unmet country spinning reserve costs: $m,0.0
PAK,PAK_KAR,Costs,2028.0,Unmet demand costs: $m,0.0
PAK,PAK_KAR,Costs,2028.0,Unmet system CO2 backstop cost: $m,0.0
PAK,PAK_KAR,Costs,2028.0,Unmet system planning reserve costs: $m,0.0
PAK,PAK_KAR,Costs,2028.0,Unmet system spinning reserve costs: $m,0.0
PAK,PAK_KAR,Costs,2028.0,VRE curtailment: $m,0.0
PAK,PAK_KAR,Costs,2028.0,Variable O&M: $m,127.628403283426
PAK,PAK_KAR,Costs,2029.0,Carbon costs: $m,0.0
PAK,PAK_KAR,Costs,2029.0,Excess generation: $m,0.0
PAK,PAK_KAR,Costs,2029.0,Export revenues with external zones: $m,0.0
PAK,PAK_KAR,Costs,2029.0,Export revenues with internal zones: $m,-1.546082779967167
PAK,PAK_KAR,Costs,2029.0,Fixed O&M: $m,156.32486885005727
PAK,PAK_KAR,Costs,2029.0,Fuel costs: $m,581.7234541939259
PAK,PAK_KAR,Costs,2029.0,Generation costs: $m,0.0
PAK,PAK_KAR,Costs,2029.0,Import costs with external zones: $m,0.0
PAK,PAK_KAR,Costs,2029.0,Import costs with internal zones: $m,313.6369835742634
PAK,PAK_KAR,Costs,2029.0,NPV of system cost: $m,0.0
PAK,PAK_KAR,Costs,2029.0,Spinning reserve costs: $m,0.0
PAK,PAK_KAR,Costs,2029.0,Startup costs: $m,0.0
PAK,PAK_KAR,Costs,2029.0,Trade shared benefits: $m,-37.31235707276739
PAK,PAK_KAR,Costs,2029.0,Transmission costs: $m,0.0
PAK,PAK_KAR,Costs,2029.0,Unmet country CO2 backstop cost: $m,0.0
PAK,PAK_KAR,Costs,2029.0,Unmet country planning reserve costs: $m,0.0
PAK,PAK_KAR,Costs,2029.0,Unmet country spinning reserve costs: $m,0.0
PAK,PAK_KAR,Costs,2029.0,Unmet demand costs: $m,0.0
PAK,PAK_KAR,Costs,2029.0,Unmet system CO2 backstop cost: $m,0.0
PAK,PAK_KAR,Costs,2029.0,Unmet system planning reserve costs: $m,0.0
PAK,PAK_KAR,Costs,2029.0,Unmet system spinning reserve costs: $m,0.0
PAK,PAK_KAR,Costs,2029.0,VRE curtailment: $m,0.0
PAK,PAK_KAR,Costs,2029.0,Variable O&M: $m,129.40880447077103
PAK,PAK_KAR,Costs,2030.0,Carbon costs: $m,0.0
PAK,PAK_KAR,Costs,2030.0,Excess generation: $m,0.0
PAK,PAK_KAR,Costs,2030.0,Export revenues with external zones: $m,0.0
PAK,PAK_KAR,Costs,2030.0,Export revenues with internal zones: $m,-1.7200316126276796
PAK,PAK_KAR,Costs,2030.0,Fixed O&M: $m,158.81310899372994
PAK,PAK_KAR,Costs,2030.0,Fuel costs: $m,597.7162561899687
PAK,PAK_KAR,Costs,2030.0,Generation costs: $m,0.0
PAK,PAK_KAR,Costs,2030.0,Import costs with external zones: $m,0.0
PAK,PAK_KAR,Costs,2030.0,Import costs with internal zones: $m,291.0707542682049
PAK,PAK_KAR,Costs,2030.0,NPV of system cost: $m,0.0
PAK,PAK_KAR,Costs,2030.0,Spinning reserve costs: $m,0.0
PAK,PAK_KAR,Costs,2030.0,Startup costs: $m,0.0
PAK,PAK_KAR,Costs,2030.0,Trade shared benefits: $m,-33.16574163482276
PAK,PAK_KAR,Costs,2030.0,Transmission costs: $m,0.0
PAK,PAK_KAR,Costs,2030.0,Unmet country CO2 backstop cost: $m,0.0
PAK,PAK_KAR,Costs,2030.0,Unmet country planning reserve costs: $m,0.0
PAK,PAK_KAR,Costs,2030.0,Unmet country spinning reserve costs: $m,0.0
PAK,PAK_KAR,Costs,2030.0,Unmet demand costs: $m,0.0
PAK,PAK_KAR,Costs,2030.0,Unmet system CO2 backstop cost: $m,0.0
PAK,PAK_KAR,Costs,2030.0,Unmet system planning reserve costs: $m,0.0
PAK,PAK_KAR,Costs,2030.0,Unmet system spinning reserve costs: $m,0.0
PAK,PAK_KAR,Costs,2030.0,VRE curtailment: $m,0.0
PAK,PAK_KAR,Costs,2030.0,Variable O&M: $m,130.9284930401755
PAK,PAK_KAR,Costs,2031.0,Carbon costs: $m,0.0
PAK,PAK_KAR,Costs,2031.0,Excess generation: $m,0.0
PAK,PAK_KAR,Costs,2031.0,Export revenues with external zones: $m,0.0
PAK,PAK_KAR,Costs,2031.0,Export revenues with internal zones: $m,-1.6185453284567788
PAK,PAK_KAR,Costs,2031.0,Fixed O&M: $m,164.9987993264823
PAK,PAK_KAR,Costs,2031.0,Fuel costs: $m,620.603525464352
PAK,PAK_KAR,Costs,2031.0,Generation costs: $m,0.0
PAK,PAK_KAR,Costs,2031.0,Import costs with external zones: $m,0.0
PAK,PAK_KAR,Costs,2031.0,Import costs with internal zones: $m,321.7324562997041
PAK,PAK_KAR,Costs,2031.0,NPV of system cost: $m,0.0
PAK,PAK_KAR,Costs,2031.0,Spinning reserve costs: $m,0.0
PAK,PAK_KAR,Costs,2031.0,Startup costs: $m,0.0
PAK,PAK_KAR,Costs,2031.0,Trade shared benefits: $m,-39.963751441610285
PAK,PAK_KAR,Costs,2031.0,Transmission costs: $m,0.0
PAK,PAK_KAR,Costs,2031.0,Unmet country CO2 backstop cost: $m,0.0
PAK,PAK_KAR,Costs,2031.0,Unmet country planning reserve costs: $m,0.0
PAK,PAK_KAR,Costs,2031.0,Unmet country spinning reserve costs: $m,0.0
PAK,PAK_KAR,Costs,2031.0,Unmet demand costs: $m,0.0
PAK,PAK_KAR,Costs,2031.0,Unmet system CO2 backstop cost: $m,0.0
PAK,PAK_KAR,Costs,2031.0,Unmet system planning reserve costs: $m,0.0
PAK,PAK_KAR,Costs,2031.0,Unmet system spinning reserve costs: $m,0.0
PAK,PAK_KAR,Costs,2031.0,VRE curtailment: $m,0.0
PAK,PAK_KAR,Costs,2031.0,Variable O&M: $m,129.4490512923281
PAK,PAK_KAR,Costs,2032.0,Carbon costs: $m,0.0
PAK,PAK_KAR,Costs,2032.0,Excess generation: $m,0.0
PAK,PAK_KAR,Costs,2032.0,Export revenues with external zones: $m,0.0
PAK,PAK_KAR,Costs,2032.0,Export revenues with internal zones: $m,-1.609192034604245
PAK,PAK_KAR,Costs,2032.0,Fixed O&M: $m,169.87523336698004
PAK,PAK_KAR,Costs,2032.0,Fuel costs: $m,666.6794636097495
PAK,PAK_KAR,Costs,2032.0,Generation costs: $m,0.0
PAK,PAK_KAR,Costs,2032.0,Import costs with external zones: $m,0.0
PAK,PAK_KAR,Costs,2032.0,Import costs with internal zones: $m,329.2292086694822
PAK,PAK_KAR,Costs,2032.0,NPV of system cost: $m,0.0
PAK,PAK_KAR,Costs,2032.0,Spinning reserve costs: $m,0.0
PAK,PAK_KAR,Costs,2032.0,Startup costs: $m,0.0
PAK,PAK_KAR,Costs,2032.0,Trade shared benefits: $m,-44.546414579061086
PAK,PAK_KAR,Costs,2032.0,Transmission costs: $m,0.0
PAK,PAK_KAR,Costs,2032.0,Unmet country CO2 backstop cost: $m,0.0
PAK,PAK_KAR,Costs,2032.0,Unmet country planning reserve costs: $m,0.0
PAK,PAK_KAR,Costs,2032.0,Unmet country spinning reserve costs: $m,0.0
PAK,PAK_KAR,Costs,2032.0,Unmet demand costs: $m,0.0
PAK,PAK_KAR,Costs,2032.0,Unmet system CO2 backstop cost: $m,0.0
PAK,PAK_KAR,Costs,2032.0,Unmet system planning reserve costs: $m,0.0
PAK,PAK_KAR,Costs,2032.0,Unmet system spinning reserve costs: $m,0.0
PAK,PAK_KAR,Costs,2032.0,VRE curtailment: $m,0.0
PAK,PAK_KAR,Costs,2032.0,Variable O&M: $m,134.48277786746314
PAK,PAK_KAR,Costs,2033.0,Carbon costs: $m,0.0
PAK,PAK_KAR,Costs,2033.0,Excess generation: $m,0.0
PAK,PAK_KAR,Costs,2033.0,Export revenues with external zones: $m,0.0
PAK,PAK_KAR,Costs,2033.0,Export revenues with internal zones: $m,-1.6049100679172483
PAK,PAK_KAR,Costs,2033.0,Fixed O&M: $m,182.332398773319
PAK,PAK_KAR,Costs,2033.0,Fuel costs: $m,671.9190143863445
PAK,PAK_KAR,Costs,2033.0,Generation costs: $m,0.0
PAK,PAK_KAR,Costs,2033.0,Import costs with external zones: $m,0.0
PAK,PAK_KAR,Costs,2033.0,Import costs with internal zones: $m,313.8167869130352
PAK,PAK_KAR,Costs,2033.0,NPV of system cost: $m,0.0
PAK,PAK_KAR,Costs,2033.0,Spinning reserve costs: $m,0.0
PAK,PAK_KAR,Costs,2033.0,Startup costs: $m,0.0
PAK,PAK_KAR,Costs,2033.0,Trade shared benefits: $m,-40.011601508288365
PAK,PAK_KAR,Costs,2033.0,Transmission costs: $m,0.0
PAK,PAK_KAR,Costs,2033.0,Unmet country CO2 backstop cost: $m,0.0
PAK,PAK_KAR,Costs,2033.0,Unmet country planning reserve costs: $m,0.0
PAK,PAK_KAR,Costs,2033.0,Unmet country spinning reserve costs: $m,0.0
PAK,PAK_KAR,Costs,2033.0,Unmet demand costs: $m,0.0
PAK,PAK_KAR,Costs,2033.0,Unmet system CO2 backstop cost: $m,0.0
PAK,PAK_KAR,Costs,2033.0,Unmet system planning reserve costs: $m,0.0
PAK,PAK_KAR,Costs,2033.0,Unmet system spinning reserve costs: $m,0.0
PAK,PAK_KAR,Costs,2033.0,VRE curtailment: $m,0.0
PAK,PAK_KAR,Costs,2033.0,Variable O&M: $m,135.05834310690616
PAK,PAK_KAR,Costs,2034.0,Carbon costs: $m,0.0
PAK,PAK_KAR,Costs,2034.0,Excess generation: $m,0.0
PAK,PAK_KAR,Costs,2034.0,Export revenues with external zones: $m,0.0
PAK,PAK_KAR,Costs,2034.0,Export revenues with internal zones: $m,-3.431284859084227
PAK,PAK_KAR,Costs,2034.0,Fixed O&M: $m,192.66014543858284
PAK,PAK_KAR,Costs,2034.0,Fuel costs: $m,672.7605503778423
PAK,PAK_KAR,Costs,2034.0,Generation costs: $m,0.0
PAK,PAK_KAR,Costs,2034.0,Import costs with external zones: $m,0.0
PAK,PAK_KAR,Costs,2034.0,Import costs with internal zones: $m,291.9164271496728
PAK,PAK_KAR,Costs,2034.0,NPV of system cost: $m,0.0
PAK,PAK_KAR,Costs,2034.0,Spinning reserve costs: $m,0.0
PAK,PAK_KAR,Costs,2034.0,Startup costs: $m,0.0
PAK,PAK_KAR,Costs,2034.0,Trade shared benefits: $m,-37.825875944344034
PAK,PAK_KAR,Costs,2034.0,Transmission costs: $m,0.0
PAK,PAK_KAR,Costs,2034.0,Unmet country CO2 backstop cost: $m,0.0
PAK,PAK_KAR,Costs,2034.0,Unmet country planning reserve costs: $m,0.0
PAK,PAK_KAR,Costs,2034.0,Unmet country spinning reserve costs: $m,0.0
PAK,PAK_KAR,Costs,2034.0,Unmet demand costs: $m,0.0
PAK,PAK_KAR,Costs,2034.0,Unmet system CO2 backstop cost: $m,0.0
PAK,PAK_KAR,Costs,2034.0,Unmet system planning reserve costs: $m,0.0
PAK,PAK_KAR,Costs,2034.0,Unmet system spinning reserve costs: $m,0.0
PAK,PAK_KAR,Costs,2034.0,VRE curtailment: $m,0.0
PAK,PAK_KAR,Costs,2034.0,Variable O&M: $m,135.30384498786782
PAK,PAK_KAR,Costs,2035.0,Carbon costs: $m,0.0
PAK,PAK_KAR,Costs,2035.0,Excess generation: $m,0.0
PAK,PAK_KAR,Costs,2035.0,Export revenues with external zones: $m,0.0
PAK,PAK_KAR,Costs,2035.0,Export revenues with internal zones: $m,-25.23415357504441
PAK,PAK_KAR,Costs,2035.0,Fixed O&M: $m,192.66014543858284
PAK,PAK_KAR,Costs,2035.0,Fuel costs: $m,795.0132525699692
PAK,PAK_KAR,Costs,2035.0,Generation costs: $m,0.0
PAK,PAK_KAR,Costs,2035.0,Import costs with external zones: $m,0.0
PAK,PAK_KAR,Costs,2035.0,Import costs with internal zones: $m,279.4031001586503
PAK,PAK_KAR,Costs,2035.0,NPV of system cost: $m,0.0
PAK,PAK_KAR,Costs,2035.0,Spinning reserve costs: $m,0.0
PAK,PAK_KAR,Costs,2035.0,Startup costs: $m,0.0
PAK,PAK_KAR,Costs,2035.0,Trade shared benefits: $m,-39.14196732976232
PAK,PAK_KAR,Costs,2035.0,Transmission costs: $m,0.0
PAK,PAK_KAR,Costs,2035.0,Unmet country CO2 backstop cost: $m,0.0
PAK,PAK_KAR,Costs,2035.0,Unmet country planning reserve costs: $m,0.0
PAK,PAK_KAR,Costs,2035.0,Unmet country spinning reserve costs: $m,0.0
PAK,PAK_KAR,Costs,2035.0,Unmet demand costs: $m,0.0
PAK,PAK_KAR,Costs,2035.0,Unmet system CO2 backstop cost: $m,0.0
PAK,PAK_KAR,Costs,2035.0,Unmet system planning reserve costs: $m,0.0
PAK,PAK_KAR,Costs,2035.0,Unmet system spinning reserve costs: $m,0.0
PAK,PAK_KAR,Costs,2035.0,VRE curtailment: $m,0.0
PAK,PAK_KAR,Costs,2035.0,Variable O&M: $m,146.07112739841193
PAK,PAK_KAR,Costs,2040.0,Carbon costs: $m,0.0
PAK,PAK_KAR,Costs,2040.0,Excess generation: $m,0.0
PAK,PAK_KAR,Costs,2040.0,Export revenues with external zones: $m,0.0
PAK,PAK_KAR,Costs,2040.0,Export revenues with internal zones: $m,-94.31550775330112
PAK,PAK_KAR,Costs,2040.0,Fixed O&M: $m,297.8184890096366
PAK,PAK_KAR,Costs,2040.0,Fuel costs: $m,733.7317182737922
PAK,PAK_KAR,Costs,2040.0,Generation costs: $m,0.0
PAK,PAK_KAR,Costs,2040.0,Import costs with external zones: $m,0.0
PAK,PAK_KAR,Costs,2040.0,Import costs with internal zones: $m,213.9745200601921
PAK,PAK_KAR,Costs,2040.0,NPV of system cost: $m,0.0
PAK,PAK_KAR,Costs,2040.0,Spinning reserve costs: $m,0.0
PAK,PAK_KAR,Costs,2040.0,Startup costs: $m,0.0
PAK,PAK_KAR,Costs,2040.0,Trade shared benefits: $m,-48.80058577725337
PAK,PAK_KAR,Costs,2040.0,Transmission costs: $m,0.0
PAK,PAK_KAR,Costs,2040.0,Unmet country CO2 backstop cost: $m,0.0
PAK,PAK_KAR,Costs,2040.0,Unmet country planning reserve costs: $m,0.0
PAK,PAK_KAR,Costs,2040.0,Unmet country spinning reserve costs: $m,0.0
PAK,PAK_KAR,Costs,2040.0,Unmet demand costs: $m,0.4730558159612587
PAK,PAK_KAR,Costs,2040.0,Unmet system CO2 backstop cost: $m,0.0
PAK,PAK_KAR,Costs,2040.0,Unmet system planning reserve costs: $m,0.0
PAK,PAK_KAR,Costs,2040.0,Unmet system spinning reserve costs: $m,0.0
PAK,PAK_KAR,Costs,2040.0,VRE curtailment: $m,0.0
PAK,PAK_KAR,Costs,2040.0,Variable O&M: $m,138.4370878962333
PAK,PAK_KAR,Costs,2045.0,Carbon costs: $m,0.0
PAK,PAK_KAR,Costs,2045.0,Excess generation: $m,0.0
PAK,PAK_KAR,Costs,2045.0,Export revenues with external zones: $m,0.0
PAK,PAK_KAR,Costs,2045.0,Export revenues with internal zones: $m,-77.81294355009628
PAK,PAK_KAR,Costs,2045.0,Fixed O&M: $m,388.2414960950956
PAK,PAK_KAR,Costs,2045.0,Fuel costs: $m,773.9645210067563
PAK,PAK_KAR,Costs,2045.0,Generation costs: $m,0.0
PAK,PAK_KAR,Costs,2045.0,Import costs with external zones: $m,0.0
PAK,PAK_KAR,Costs,2045.0,Import costs with internal zones: $m,206.04171146882933
PAK,PAK_KAR,Costs,2045.0,NPV of system cost: $m,0.0
PAK,PAK_KAR,Costs,2045.0,Spinning reserve costs: $m,0.0
PAK,PAK_KAR,Costs,2045.0,Startup costs: $m,0.0
PAK,PAK_KAR,Costs,2045.0,Trade shared benefits: $m,-84.12922590156192
PAK,PAK_KAR,Costs,2045.0,Transmission costs: $m,0.0
PAK,PAK_KAR,Costs,2045.0,Unmet country CO2 backstop cost: $m,0.0
PAK,PAK_KAR,Costs,2045.0,Unmet country planning reserve costs: $m,0.0
PAK,PAK_KAR,Costs,2045.0,Unmet country spinning reserve costs: $m,0.0
PAK,PAK_KAR,Costs,2045.0,Unmet demand costs: $m,1.8430531811328403
PAK,PAK_KAR,Costs,2045.0,Unmet system CO2 backstop cost: $m,0.0
PAK,PAK_KAR,Costs,2045.0,Unmet system planning reserve costs: $m,0.0
PAK,PAK_KAR,Costs,2045.0,Unmet system spinning reserve costs: $m,0.0
PAK,PAK_KAR,Costs,2045.0,VRE curtailment: $m,0.0
PAK,PAK_KAR,Costs,2045.0,Variable O&M: $m,141.0703578732012
PAK,PAK_KAR,Costs,2050.0,Carbon costs: $m,0.0
PAK,PAK_KAR,Costs,2050.0,Excess generation: $m,0.0
PAK,PAK_KAR,Costs,2050.0,Export revenues with external zones: $m,0.0
PAK,PAK_KAR,Costs,2050.0,Export revenues with internal zones: $m,-71.52771992126912
PAK,PAK_KAR,Costs,2050.0,Fixed O&M: $m,482.35860878823325
PAK,PAK_KAR,Costs,2050.0,Fuel costs: $m,939.3601603472096
PAK,PAK_KAR,Costs,2050.0,Generation costs: $m,0.0
PAK,PAK_KAR,Costs,2050.0,Import costs with external zones: $m,0.0
PAK,PAK_KAR,Costs,2050.0,Import costs with internal zones: $m,282.8424987901
PAK,PAK_KAR,Costs,2050.0,NPV of system cost: $m,0.0
PAK,PAK_KAR,Costs,2050.0,Spinning reserve costs: $m,0.0
PAK,PAK_KAR,Costs,2050.0,Startup costs: $m,0.0
PAK,PAK_KAR,Costs,2050.0,Trade shared benefits: $m,-100.06776929134402
PAK,PAK_KAR,Costs,2050.0,Transmission costs: $m,0.0
PAK,PAK_KAR,Costs,2050.0,Unmet country CO2 backstop cost: $m,0.0
PAK,PAK_KAR,Costs,2050.0,Unmet country planning reserve costs: $m,0.0
PAK,PAK_KAR,Costs,2050.0,Unmet country spinning reserve costs: $m,0.0
PAK,PAK_KAR,Costs,2050.0,Unmet demand costs: $m,1.2920439115549645
PAK,PAK_KAR,Costs,2050.0,Unmet system CO2 backstop cost: $m,0.0
PAK,PAK_KAR,Costs,2050.0,Unmet system planning reserve costs: $m,0.0
PAK,PAK_KAR,Costs,2050.0,Unmet system spinning reserve costs: $m,0.0
PAK,PAK_KAR,Costs,2050.0,VRE curtailment: $m,0.0
PAK,PAK_KAR,Costs,2050.0,Variable O&M: $m,159.1584555040208
PAK,PAK_KAR,DiscountedWeightedCostsCumulated,2026.0,Carbon costs: $m,0.0
PAK,PAK_KAR,DiscountedWeightedCostsCumulated,2026.0,Excess generation: $m,0.0
PAK,PAK_KAR,DiscountedWeightedCostsCumulated,2026.0,Export revenues with external zones: $m,0.0
PAK,PAK_KAR,DiscountedWeightedCostsCumulated,2026.0,Export revenues with internal zones: $m,0.0
PAK,PAK_KAR,DiscountedWeightedCostsCumulated,2026.0,Fixed O&M: $m,113.86399699
PAK,PAK_KAR,DiscountedWeightedCostsCumulated,2026.0,Fuel costs: $m,640.5523765108809
PAK,PAK_KAR,DiscountedWeightedCostsCumulated,2026.0,Generation costs: $m,0.0
PAK,PAK_KAR,DiscountedWeightedCostsCumulated,2026.0,Import costs with external zones: $m,0.0
PAK,PAK_KAR,DiscountedWeightedCostsCumulated,2026.0,Import costs with internal zones: $m,381.4720617642361
PAK,PAK_KAR,DiscountedWeightedCostsCumulated,2026.0,NPV of system cost: $m,0.0
PAK,PAK_KAR,DiscountedWeightedCostsCumulated,2026.0,Spinning reserve costs: $m,0.0
PAK,PAK_KAR,DiscountedWeightedCostsCumulated,2026.0,Startup costs: $m,0.0
PAK,PAK_KAR,DiscountedWeightedCostsCumulated,2026.0,Trade shared benefits: $m,-75.14185364336731
PAK,PAK_KAR,DiscountedWeightedCostsCumulated,2026.0,Transmission costs: $m,0.0
PAK,PAK_KAR,DiscountedWeightedCostsCumulated,2026.0,Unmet country CO2 backstop cost: $m,0.0
PAK,PAK_KAR,DiscountedWeightedCostsCumulated,2026.0,Unmet country planning reserve costs: $m,0.0
PAK,PAK_KAR,DiscountedWeightedCostsCumulated,2026.0,Unmet country spinning reserve costs: $m,0.0
PAK,PAK_KAR,DiscountedWeightedCostsCumulated,2026.0,Unmet demand costs: $m,0.0
PAK,PAK_KAR,DiscountedWeightedCostsCumulated,2026.0,Unmet system CO2 backstop cost: $m,0.0
PAK,PAK_KAR,DiscountedWeightedCostsCumulated,2026.0,Unmet system planning reserve costs: $m,0.0
PAK,PAK_KAR,DiscountedWeightedCostsCumulated,2026.0,Unmet system spinning reserve costs: $m,0.0
PAK,PAK_KAR,DiscountedWeightedCostsCumulated,2026.0,VRE curtailment: $m,0.0
PAK,PAK_KAR,DiscountedWeightedCostsCumulated,2026.0,Variable O&M: $m,127.57678906924204
PAK,PAK_KAR,DiscountedWeightedCostsCumulated,2027.0,Carbon costs: $m,0.0
PAK,PAK_KAR,DiscountedWeightedCostsCumulated,2027.0,Excess generation: $m,0.0
PAK,PAK_KAR,DiscountedWeightedCostsCumulated,2027.0,Export revenues with external zones: $m,0.0
PAK,PAK_KAR,DiscountedWeightedCostsCumulated,2027.0,Export revenues with internal zones: $m,-0.7368781740333845
PAK,PAK_KAR,DiscountedWeightedCostsCumulated,2027.0,Fixed O&M: $m,244.24637259647668
PAK,PAK_KAR,DiscountedWeightedCostsCumulated,2027.0,Fuel costs: $m,1175.9380984601194
PAK,PAK_KAR,DiscountedWeightedCostsCumulated,2027.0,Generation costs: $m,0.0
PAK,PAK_KAR,DiscountedWeightedCostsCumulated,2027.0,Import costs with external zones: $m,0.0
PAK,PAK_KAR,DiscountedWeightedCostsCumulated,2027.0,Import costs with internal zones: $m,703.4129619379164
PAK,PAK_KAR,DiscountedWeightedCostsCumulated,2027.0,NPV of system cost: $m,0.0
PAK,PAK_KAR,DiscountedWeightedCostsCumulated,2027.0,Spinning reserve costs: $m,0.0
PAK,PAK_KAR,DiscountedWeightedCostsCumulated,2027.0,Startup costs: $m,0.0
PAK,PAK_KAR,DiscountedWeightedCostsCumulated,2027.0,Trade shared benefits: $m,-132.26786822186298
PAK,PAK_KAR,DiscountedWeightedCostsCumulated,2027.0,Transmission costs: $m,0.0
PAK,PAK_KAR,DiscountedWeightedCostsCumulated,2027.0,Unmet country CO2 backstop cost: $m,0.0
PAK,PAK_KAR,DiscountedWeightedCostsCumulated,2027.0,Unmet country planning reserve costs: $m,0.0
PAK,PAK_KAR,DiscountedWeightedCostsCumulated,2027.0,Unmet country spinning reserve costs: $m,0.0
PAK,PAK_KAR,DiscountedWeightedCostsCumulated,2027.0,Unmet demand costs: $m,0.0
PAK,PAK_KAR,DiscountedWeightedCostsCumulated,2027.0,Unmet system CO2 backstop cost: $m,0.0
PAK,PAK_KAR,DiscountedWeightedCostsCumulated,2027.0,Unmet system planning reserve costs: $m,0.0
PAK,PAK_KAR,DiscountedWeightedCostsCumulated,2027.0,Unmet system spinning reserve costs: $m,0.0
PAK,PAK_KAR,DiscountedWeightedCostsCumulated,2027.0,VRE curtailment: $m,0.0
PAK,PAK_KAR,DiscountedWeightedCostsCumulated,2027.0,Variable O&M: $m,247.39069561377173
PAK,PAK_KAR,DiscountedWeightedCostsCumulated,2028.0,Carbon costs: $m,0.0
PAK,PAK_KAR,DiscountedWeightedCostsCumulated,2028.0,Excess generation: $m,0.0
PAK,PAK_KAR,DiscountedWeightedCostsCumulated,2028.0,Export revenues with external zones: $m,0.0
PAK,PAK_KAR,DiscountedWeightedCostsCumulated,2028.0,Export revenues with internal zones: $m,-1.9839161025844665
PAK,PAK_KAR,DiscountedWeightedCostsCumulated,2028.0,Fixed O&M: $m,374.8254933549281
PAK,PAK_KAR,DiscountedWeightedCostsCumulated,2028.0,Fuel costs: $m,1651.776974454241
PAK,PAK_KAR,DiscountedWeightedCostsCumulated,2028.0,Generation costs: $m,0.0
PAK,PAK_KAR,DiscountedWeightedCostsCumulated,2028.0,Import costs with external zones: $m,0.0
PAK,PAK_KAR,DiscountedWeightedCostsCumulated,2028.0,Import costs with internal zones: $m,957.526622111786
PAK,PAK_KAR,DiscountedWeightedCostsCumulated,2028.0,NPV of system cost: $m,0.0
PAK,PAK_KAR,DiscountedWeightedCostsCumulated,2028.0,Spinning reserve costs: $m,0.0
PAK,PAK_KAR,DiscountedWeightedCostsCumulated,2028.0,Startup costs: $m,0.0
PAK,PAK_KAR,DiscountedWeightedCostsCumulated,2028.0,Trade shared benefits: $m,-158.89098669724288
PAK,PAK_KAR,DiscountedWeightedCostsCumulated,2028.0,Transmission costs: $m,0.0
PAK,PAK_KAR,DiscountedWeightedCostsCumulated,2028.0,Unmet country CO2 backstop cost: $m,0.0
PAK,PAK_KAR,DiscountedWeightedCostsCumulated,2028.0,Unmet country planning reserve costs: $m,0.0
PAK,PAK_KAR,DiscountedWeightedCostsCumulated,2028.0,Unmet country spinning reserve costs: $m,0.0
PAK,PAK_KAR,DiscountedWeightedCostsCumulated,2028.0,Unmet demand costs: $m,0.0
PAK,PAK_KAR,DiscountedWeightedCostsCumulated,2028.0,Unmet system CO2 backstop cost: $m,0.0
PAK,PAK_KAR,DiscountedWeightedCostsCumulated,2028.0,Unmet system planning reserve costs: $m,0.0
PAK,PAK_KAR,DiscountedWeightedCostsCumulated,2028.0,Unmet system spinning reserve costs: $m,0.0
PAK,PAK_KAR,DiscountedWeightedCostsCumulated,2028.0,VRE curtailment: $m,0.0
PAK,PAK_KAR,DiscountedWeightedCostsCumulated,2028.0,Variable O&M: $m,358.0169754827681
PAK,PAK_KAR,DiscountedWeightedCostsCumulated,2029.0,Carbon costs: $m,0.0
PAK,PAK_KAR,DiscountedWeightedCostsCumulated,2029.0,Excess generation: $m,0.0
PAK,PAK_KAR,DiscountedWeightedCostsCumulated,2029.0,Export revenues with external zones: $m,0.0
PAK,PAK_KAR,DiscountedWeightedCostsCumulated,2029.0,Export revenues with internal zones: $m,-3.202207086531176
PAK,PAK_KAR,DiscountedWeightedCostsCumulated,2029.0,Fixed O&M: $m,498.0072406419142
PAK,PAK_KAR,DiscountedWeightedCostsCumulated,2029.0,Fuel costs: $m,2110.1666859093075
PAK,PAK_KAR,DiscountedWeightedCostsCumulated,2029.0,Generation costs: $m,0.0
PAK,PAK_KAR,DiscountedWeightedCostsCumulated,2029.0,Import costs with external zones: $m,0.0
PAK,PAK_KAR,DiscountedWeightedCostsCumulated,2029.0,Import costs with internal zones: $m,1204.668052229054
PAK,PAK_KAR,DiscountedWeightedCostsCumulated,2029.0,NPV of system cost: $m,0.0
PAK,PAK_KAR,DiscountedWeightedCostsCumulated,2029.0,Spinning reserve costs: $m,0.0
PAK,PAK_KAR,DiscountedWeightedCostsCumulated,2029.0,Startup costs: $m,0.0
PAK,PAK_KAR,DiscountedWeightedCostsCumulated,2029.0,Trade shared benefits: $m,-188.2925871810916
PAK,PAK_KAR,DiscountedWeightedCostsCumulated,2029.0,Transmission costs: $m,0.0
PAK,PAK_KAR,DiscountedWeightedCostsCumulated,2029.0,Unmet country CO2 backstop cost: $m,0.0
PAK,PAK_KAR,DiscountedWeightedCostsCumulated,2029.0,Unmet country planning reserve costs: $m,0.0
PAK,PAK_KAR,DiscountedWeightedCostsCumulated,2029.0,Unmet country spinning reserve costs: $m,0.0
PAK,PAK_KAR,DiscountedWeightedCostsCumulated,2029.0,Unmet demand costs: $m,0.0
PAK,PAK_KAR,DiscountedWeightedCostsCumulated,2029.0,Unmet system CO2 backstop cost: $m,0.0
PAK,PAK_KAR,DiscountedWeightedCostsCumulated,2029.0,Unmet system planning reserve costs: $m,0.0
PAK,PAK_KAR,DiscountedWeightedCostsCumulated,2029.0,Unmet system spinning reserve costs: $m,0.0
PAK,PAK_KAR,DiscountedWeightedCostsCumulated,2029.0,VRE curtailment: $m,0.0
PAK,PAK_KAR,DiscountedWeightedCostsCumulated,2029.0,Variable O&M: $m,459.9892513355597
PAK,PAK_KAR,DiscountedWeightedCostsCumulated,2030.0,Carbon costs: $m,0.0
PAK,PAK_KAR,DiscountedWeightedCostsCumulated,2030.0,Excess generation: $m,0.0
PAK,PAK_KAR,DiscountedWeightedCostsCumulated,2030.0,Export revenues with external zones: $m,0.0
PAK,PAK_KAR,DiscountedWeightedCostsCumulated,2030.0,Export revenues with internal zones: $m,-4.434352687553158
PAK,PAK_KAR,DiscountedWeightedCostsCumulated,2030.0,Fixed O&M: $m,611.7730994753508
PAK,PAK_KAR,DiscountedWeightedCostsCumulated,2030.0,Fuel costs: $m,2538.341058006279
PAK,PAK_KAR,DiscountedWeightedCostsCumulated,2030.0,Generation costs: $m,0.0
PAK,PAK_KAR,DiscountedWeightedCostsCumulated,2030.0,Import costs with external zones: $m,0.0
PAK,PAK_KAR,DiscountedWeightedCostsCumulated,2030.0,Import costs with internal zones: $m,1413.176748711571
PAK,PAK_KAR,DiscountedWeightedCostsCumulated,2030.0,NPV of system cost: $m,0.0
PAK,PAK_KAR,DiscountedWeightedCostsCumulated,2030.0,Spinning reserve costs: $m,0.0
PAK,PAK_KAR,DiscountedWeightedCostsCumulated,2030.0,Startup costs: $m,0.0
PAK,PAK_KAR,DiscountedWeightedCostsCumulated,2030.0,Trade shared benefits: $m,-212.05088462165384
PAK,PAK_KAR,DiscountedWeightedCostsCumulated,2030.0,Transmission costs: $m,0.0
PAK,PAK_KAR,DiscountedWeightedCostsCumulated,2030.0,Unmet country CO2 backstop cost: $m,0.0
PAK,PAK_KAR,DiscountedWeightedCostsCumulated,2030.0,Unmet country planning reserve costs: $m,0.0
PAK,PAK_KAR,DiscountedWeightedCostsCumulated,2030.0,Unmet country spinning reserve costs: $m,0.0
PAK,PAK_KAR,DiscountedWeightedCostsCumulated,2030.0,Unmet demand costs: $m,0.0
PAK,PAK_KAR,DiscountedWeightedCostsCumulated,2030.0,Unmet system CO2 backstop cost: $m,0.0
PAK,PAK_KAR,DiscountedWeightedCostsCumulated,2030.0,Unmet system planning reserve costs: $m,0.0
PAK,PAK_KAR,DiscountedWeightedCostsCumulated,2030.0,Unmet system spinning reserve costs: $m,0.0
PAK,PAK_KAR,DiscountedWeightedCostsCumulated,2030.0,VRE curtailment: $m,0.0
PAK,PAK_KAR,DiscountedWeightedCostsCumulated,2030.0,Variable O&M: $m,553.7799500433804
PAK,PAK_KAR,DiscountedWeightedCostsCumulated,2031.0,Carbon costs: $m,0.0
PAK,PAK_KAR,DiscountedWeightedCostsCumulated,2031.0,Excess generation: $m,0.0
PAK,PAK_KAR,DiscountedWeightedCostsCumulated,2031.0,Export revenues with external zones: $m,0.0
PAK,PAK_KAR,DiscountedWeightedCostsCumulated,2031.0,Export revenues with internal zones: $m,-5.48839436481684
PAK,PAK_KAR,DiscountedWeightedCostsCumulated,2031.0,Fixed O&M: $m,719.2249008743274
PAK,PAK_KAR,DiscountedWeightedCostsCumulated,2031.0,Fuel costs: $m,2942.495312691194
PAK,PAK_KAR,DiscountedWeightedCostsCumulated,2031.0,Generation costs: $m,0.0
PAK,PAK_KAR,DiscountedWeightedCostsCumulated,2031.0,Import costs with external zones: $m,0.0
PAK,PAK_KAR,DiscountedWeightedCostsCumulated,2031.0,Import costs with internal zones: $m,1622.697861222916
PAK,PAK_KAR,DiscountedWeightedCostsCumulated,2031.0,NPV of system cost: $m,0.0
PAK,PAK_KAR,DiscountedWeightedCostsCumulated,2031.0,Spinning reserve costs: $m,0.0
PAK,PAK_KAR,DiscountedWeightedCostsCumulated,2031.0,Startup costs: $m,0.0
PAK,PAK_KAR,DiscountedWeightedCostsCumulated,2031.0,Trade shared benefits: $m,-238.07638965920933
PAK,PAK_KAR,DiscountedWeightedCostsCumulated,2031.0,Transmission costs: $m,0.0
PAK,PAK_KAR,DiscountedWeightedCostsCumulated,2031.0,Unmet country CO2 backstop cost: $m,0.0
PAK,PAK_KAR,DiscountedWeightedCostsCumulated,2031.0,Unmet country planning reserve costs: $m,0.0
PAK,PAK_KAR,DiscountedWeightedCostsCumulated,2031.0,Unmet country spinning reserve costs: $m,0.0
PAK,PAK_KAR,DiscountedWeightedCostsCumulated,2031.0,Unmet demand costs: $m,0.0
PAK,PAK_KAR,DiscountedWeightedCostsCumulated,2031.0,Unmet system CO2 backstop cost: $m,0.0
PAK,PAK_KAR,DiscountedWeightedCostsCumulated,2031.0,Unmet system planning reserve costs: $m,0.0
PAK,PAK_KAR,DiscountedWeightedCostsCumulated,2031.0,Unmet system spinning reserve costs: $m,0.0
PAK,PAK_KAR,DiscountedWeightedCostsCumulated,2031.0,VRE curtailment: $m,0.0
PAK,PAK_KAR,DiscountedWeightedCostsCumulated,2031.0,Variable O&M: $m,638.0807680343431
PAK,PAK_KAR,DiscountedWeightedCostsCumulated,2032.0,Carbon costs: $m,0.0
PAK,PAK_KAR,DiscountedWeightedCostsCumulated,2032.0,Excess generation: $m,0.0
PAK,PAK_KAR,DiscountedWeightedCostsCumulated,2032.0,Export revenues with external zones: $m,0.0
PAK,PAK_KAR,DiscountedWeightedCostsCumulated,2032.0,Export revenues with internal zones: $m,-6.441076685266354
PAK,PAK_KAR,DiscountedWeightedCostsCumulated,2032.0,Fixed O&M: $m,819.7953287852253
PAK,PAK_KAR,DiscountedWeightedCostsCumulated,2032.0,Fuel costs: $m,3337.18639040584
PAK,PAK_KAR,DiscountedWeightedCostsCumulated,2032.0,Generation costs: $m,0.0
PAK,PAK_KAR,DiscountedWeightedCostsCumulated,2032.0,Import costs with external zones: $m,0.0
PAK,PAK_KAR,DiscountedWeightedCostsCumulated,2032.0,Import costs with internal zones: $m,1817.6098665835048
PAK,PAK_KAR,DiscountedWeightedCostsCumulated,2032.0,NPV of system cost: $m,0.0
PAK,PAK_KAR,DiscountedWeightedCostsCumulated,2032.0,Spinning reserve costs: $m,0.0
PAK,PAK_KAR,DiscountedWeightedCostsCumulated,2032.0,Startup costs: $m,0.0
PAK,PAK_KAR,DiscountedWeightedCostsCumulated,2032.0,Trade shared benefits: $m,-264.4489919939724
PAK,PAK_KAR,DiscountedWeightedCostsCumulated,2032.0,Transmission costs: $m,0.0
PAK,PAK_KAR,DiscountedWeightedCostsCumulated,2032.0,Unmet country CO2 backstop cost: $m,0.0
PAK,PAK_KAR,DiscountedWeightedCostsCumulated,2032.0,Unmet country planning reserve costs: $m,0.0
PAK,PAK_KAR,DiscountedWeightedCostsCumulated,2032.0,Unmet country spinning reserve costs: $m,0.0
PAK,PAK_KAR,DiscountedWeightedCostsCumulated,2032.0,Unmet demand costs: $m,0.0
PAK,PAK_KAR,DiscountedWeightedCostsCumulated,2032.0,Unmet system CO2 backstop cost: $m,0.0
PAK,PAK_KAR,DiscountedWeightedCostsCumulated,2032.0,Unmet system planning reserve costs: $m,0.0
PAK,PAK_KAR,DiscountedWeightedCostsCumulated,2032.0,Unmet system spinning reserve costs: $m,0.0
PAK,PAK_KAR,DiscountedWeightedCostsCumulated,2032.0,VRE curtailment: $m,0.0
PAK,PAK_KAR,DiscountedWeightedCostsCumulated,2032.0,Variable O&M: $m,717.6979685450206
PAK,PAK_KAR,DiscountedWeightedCostsCumulated,2033.0,Carbon costs: $m,0.0
PAK,PAK_KAR,DiscountedWeightedCostsCumulated,2033.0,Excess generation: $m,0.0
PAK,PAK_KAR,DiscountedWeightedCostsCumulated,2033.0,Export revenues with external zones: $m,0.0
PAK,PAK_KAR,DiscountedWeightedCostsCumulated,2033.0,Export revenues with internal zones: $m,-7.304846947121688
PAK,PAK_KAR,DiscountedWeightedCostsCumulated,2033.0,Fixed O&M: $m,917.9274964259492
PAK,PAK_KAR,DiscountedWeightedCostsCumulated,2033.0,Fuel costs: $m,3698.816412301868
PAK,PAK_KAR,DiscountedWeightedCostsCumulated,2033.0,Generation costs: $m,0.0
PAK,PAK_KAR,DiscountedWeightedCostsCumulated,2033.0,Import costs with external zones: $m,0.0
PAK,PAK_KAR,DiscountedWeightedCostsCumulated,2033.0,Import costs with internal zones: $m,1986.5075597472369
PAK,PAK_KAR,DiscountedWeightedCostsCumulated,2033.0,NPV of system cost: $m,0.0
PAK,PAK_KAR,DiscountedWeightedCostsCumulated,2033.0,Spinning reserve costs: $m,0.0
PAK,PAK_KAR,DiscountedWeightedCostsCumulated,2033.0,Startup costs: $m,0.0
PAK,PAK_KAR,DiscountedWeightedCostsCumulated,2033.0,Trade shared benefits: $m,-285.9834269775577
PAK,PAK_KAR,DiscountedWeightedCostsCumulated,2033.0,Transmission costs: $m,0.0
PAK,PAK_KAR,DiscountedWeightedCostsCumulated,2033.0,Unmet country CO2 backstop cost: $m,0.0
PAK,PAK_KAR,DiscountedWeightedCostsCumulated,2033.0,Unmet country planning reserve costs: $m,0.0
PAK,PAK_KAR,DiscountedWeightedCostsCumulated,2033.0,Unmet country spinning reserve costs: $m,0.0
PAK,PAK_KAR,DiscountedWeightedCostsCumulated,2033.0,Unmet demand costs: $m,0.0
PAK,PAK_KAR,DiscountedWeightedCostsCumulated,2033.0,Unmet system CO2 backstop cost: $m,0.0
PAK,PAK_KAR,DiscountedWeightedCostsCumulated,2033.0,Unmet system planning reserve costs: $m,0.0
PAK,PAK_KAR,DiscountedWeightedCostsCumulated,2033.0,Unmet system spinning reserve costs: $m,0.0
PAK,PAK_KAR,DiscountedWeightedCostsCumulated,2033.0,VRE curtailment: $m,0.0
PAK,PAK_KAR,DiscountedWeightedCostsCumulated,2033.0,Variable O&M: $m,790.3870136966865
PAK,PAK_KAR,DiscountedWeightedCostsCumulated,2034.0,Carbon costs: $m,0.0
PAK,PAK_KAR,DiscountedWeightedCostsCumulated,2034.0,Excess generation: $m,0.0
PAK,PAK_KAR,DiscountedWeightedCostsCumulated,2034.0,Export revenues with external zones: $m,0.0
PAK,PAK_KAR,DiscountedWeightedCostsCumulated,2034.0,Export revenues with internal zones: $m,-8.983695942792554
PAK,PAK_KAR,DiscountedWeightedCostsCumulated,2034.0,Fixed O&M: $m,1012.1916875259828
PAK,PAK_KAR,DiscountedWeightedCostsCumulated,2034.0,Fuel costs: $m,4027.9827219245153
PAK,PAK_KAR,DiscountedWeightedCostsCumulated,2034.0,Generation costs: $m,0.0
PAK,PAK_KAR,DiscountedWeightedCostsCumulated,2034.0,Import costs with external zones: $m,0.0
PAK,PAK_KAR,DiscountedWeightedCostsCumulated,2034.0,Import costs with internal zones: $m,2129.3355733534445
PAK,PAK_KAR,DiscountedWeightedCostsCumulated,2034.0,NPV of system cost: $m,0.0
PAK,PAK_KAR,DiscountedWeightedCostsCumulated,2034.0,Spinning reserve costs: $m,0.0
PAK,PAK_KAR,DiscountedWeightedCostsCumulated,2034.0,Startup costs: $m,0.0
PAK,PAK_KAR,DiscountedWeightedCostsCumulated,2034.0,Trade shared benefits: $m,-304.4907606579451
PAK,PAK_KAR,DiscountedWeightedCostsCumulated,2034.0,Transmission costs: $m,0.0
PAK,PAK_KAR,DiscountedWeightedCostsCumulated,2034.0,Unmet country CO2 backstop cost: $m,0.0
PAK,PAK_KAR,DiscountedWeightedCostsCumulated,2034.0,Unmet country planning reserve costs: $m,0.0
PAK,PAK_KAR,DiscountedWeightedCostsCumulated,2034.0,Unmet country spinning reserve costs: $m,0.0
PAK,PAK_KAR,DiscountedWeightedCostsCumulated,2034.0,Unmet demand costs: $m,0.0
PAK,PAK_KAR,DiscountedWeightedCostsCumulated,2034.0,Unmet system CO2 backstop cost: $m,0.0
PAK,PAK_KAR,DiscountedWeightedCostsCumulated,2034.0,Unmet system planning reserve costs: $m,0.0
PAK,PAK_KAR,DiscountedWeightedCostsCumulated,2034.0,Unmet system spinning reserve costs: $m,0.0
PAK,PAK_KAR,DiscountedWeightedCostsCumulated,2034.0,VRE curtailment: $m,0.0
PAK,PAK_KAR,DiscountedWeightedCostsCumulated,2034.0,Variable O&M: $m,856.5880822750946
PAK,PAK_KAR,DiscountedWeightedCostsCumulated,2035.0,Carbon costs: $m,0.0
PAK,PAK_KAR,DiscountedWeightedCostsCumulated,2035.0,Excess generation: $m,0.0
PAK,PAK_KAR,DiscountedWeightedCostsCumulated,2035.0,Export revenues with external zones: $m,0.0
PAK,PAK_KAR,DiscountedWeightedCostsCumulated,2035.0,Export revenues with internal zones: $m,-20.207780194791773
PAK,PAK_KAR,DiscountedWeightedCostsCumulated,2035.0,Fixed O&M: $m,1097.8864067078316
PAK,PAK_KAR,DiscountedWeightedCostsCumulated,2035.0,Fuel costs: $m,4381.60249766869
PAK,PAK_KAR,DiscountedWeightedCostsCumulated,2035.0,Generation costs: $m,0.0
PAK,PAK_KAR,DiscountedWeightedCostsCumulated,2035.0,Import costs with external zones: $m,0.0
PAK,PAK_KAR,DiscountedWeightedCostsCumulated,2035.0,Import costs with internal zones: $m,2253.613327593313
PAK,PAK_KAR,DiscountedWeightedCostsCumulated,2035.0,NPV of system cost: $m,0.0
PAK,PAK_KAR,DiscountedWeightedCostsCumulated,2035.0,Spinning reserve costs: $m,0.0
PAK,PAK_KAR,DiscountedWeightedCostsCumulated,2035.0,Startup costs: $m,0.0
PAK,PAK_KAR,DiscountedWeightedCostsCumulated,2035.0,Trade shared benefits: $m,-321.90100339867
PAK,PAK_KAR,DiscountedWeightedCostsCumulated,2035.0,Transmission costs: $m,0.0
PAK,PAK_KAR,DiscountedWeightedCostsCumulated,2035.0,Unmet country CO2 backstop cost: $m,0.0
PAK,PAK_KAR,DiscountedWeightedCostsCumulated,2035.0,Unmet country planning reserve costs: $m,0.0
PAK,PAK_KAR,DiscountedWeightedCostsCumulated,2035.0,Unmet country spinning reserve costs: $m,0.0
PAK,PAK_KAR,DiscountedWeightedCostsCumulated,2035.0,Unmet demand costs: $m,0.0
PAK,PAK_KAR,DiscountedWeightedCostsCumulated,2035.0,Unmet system CO2 backstop cost: $m,0.0
PAK,PAK_KAR,DiscountedWeightedCostsCumulated,2035.0,Unmet system planning reserve costs: $m,0.0
PAK,PAK_KAR,DiscountedWeightedCostsCumulated,2035.0,Unmet system spinning reserve costs: $m,0.0
PAK,PAK_KAR,DiscountedWeightedCostsCumulated,2035.0,VRE curtailment: $m,0.0
PAK,PAK_KAR,DiscountedWeightedCostsCumulated,2035.0,Variable O&M: $m,921.5601304093226
PAK,PAK_KAR,DiscountedWeightedCostsCumulated,2040.0,Carbon costs: $m,0.0
PAK,PAK_KAR,DiscountedWeightedCostsCumulated,2040.0,Excess generation: $m,0.0
PAK,PAK_KAR,DiscountedWeightedCostsCumulated,2040.0,Export revenues with external zones: $m,0.0
PAK,PAK_KAR,DiscountedWeightedCostsCumulated,2040.0,Export revenues with internal zones: $m,-177.80089237961118
PAK,PAK_KAR,DiscountedWeightedCostsCumulated,2040.0,Fixed O&M: $m,1595.5155205962244
PAK,PAK_KAR,DiscountedWeightedCostsCumulated,2040.0,Fuel costs: $m,5607.605174703898
PAK,PAK_KAR,DiscountedWeightedCostsCumulated,2040.0,Generation costs: $m,0.0
PAK,PAK_KAR,DiscountedWeightedCostsCumulated,2040.0,Import costs with external zones: $m,0.0
PAK,PAK_KAR,DiscountedWeightedCostsCumulated,2040.0,Import costs with internal zones: $m,2611.1463711808187
PAK,PAK_KAR,DiscountedWeightedCostsCumulated,2040.0,NPV of system cost: $m,0.0
PAK,PAK_KAR,DiscountedWeightedCostsCumulated,2040.0,Spinning reserve costs: $m,0.0
PAK,PAK_KAR,DiscountedWeightedCostsCumulated,2040.0,Startup costs: $m,0.0
PAK,PAK_KAR,DiscountedWeightedCostsCumulated,2040.0,Trade shared benefits: $m,-403.44259048523696
PAK,PAK_KAR,DiscountedWeightedCostsCumulated,2040.0,Transmission costs: $m,0.0
PAK,PAK_KAR,DiscountedWeightedCostsCumulated,2040.0,Unmet country CO2 backstop cost: $m,0.0
PAK,PAK_KAR,DiscountedWeightedCostsCumulated,2040.0,Unmet country planning reserve costs: $m,0.0
PAK,PAK_KAR,DiscountedWeightedCostsCumulated,2040.0,Unmet country spinning reserve costs: $m,0.0
PAK,PAK_KAR,DiscountedWeightedCostsCumulated,2040.0,Unmet demand costs: $m,0.7904356351392765
PAK,PAK_KAR,DiscountedWeightedCostsCumulated,2040.0,Unmet system CO2 backstop cost: $m,0.0
PAK,PAK_KAR,DiscountedWeightedCostsCumulated,2040.0,Unmet system planning reserve costs: $m,0.0
PAK,PAK_KAR,DiscountedWeightedCostsCumulated,2040.0,Unmet system spinning reserve costs: $m,0.0
PAK,PAK_KAR,DiscountedWeightedCostsCumulated,2040.0,VRE curtailment: $m,0.0
PAK,PAK_KAR,DiscountedWeightedCostsCumulated,2040.0,Variable O&M: $m,1152.876613170952
PAK,PAK_KAR,DiscountedWeightedCostsCumulated,2045.0,Carbon costs: $m,0.0
PAK,PAK_KAR,DiscountedWeightedCostsCumulated,2045.0,Excess generation: $m,0.0
PAK,PAK_KAR,DiscountedWeightedCostsCumulated,2045.0,Export revenues with external zones: $m,0.0
PAK,PAK_KAR,DiscountedWeightedCostsCumulated,2045.0,Export revenues with internal zones: $m,-258.53230348298007
PAK,PAK_KAR,DiscountedWeightedCostsCumulated,2045.0,Fixed O&M: $m,1998.3184785444887
PAK,PAK_KAR,DiscountedWeightedCostsCumulated,2045.0,Fuel costs: $m,6410.598161141836
PAK,PAK_KAR,DiscountedWeightedCostsCumulated,2045.0,Generation costs: $m,0.0
PAK,PAK_KAR,DiscountedWeightedCostsCumulated,2045.0,Import costs with external zones: $m,0.0
PAK,PAK_KAR,DiscountedWeightedCostsCumulated,2045.0,Import costs with internal zones: $m,2824.915923573124
PAK,PAK_KAR,DiscountedWeightedCostsCumulated,2045.0,NPV of system cost: $m,0.0
PAK,PAK_KAR,DiscountedWeightedCostsCumulated,2045.0,Spinning reserve costs: $m,0.0
PAK,PAK_KAR,DiscountedWeightedCostsCumulated,2045.0,Startup costs: $m,0.0
PAK,PAK_KAR,DiscountedWeightedCostsCumulated,2045.0,Trade shared benefits: $m,-490.7271836672769
PAK,PAK_KAR,DiscountedWeightedCostsCumulated,2045.0,Transmission costs: $m,0.0
PAK,PAK_KAR,DiscountedWeightedCostsCumulated,2045.0,Unmet country CO2 backstop cost: $m,0.0
PAK,PAK_KAR,DiscountedWeightedCostsCumulated,2045.0,Unmet country planning reserve costs: $m,0.0
PAK,PAK_KAR,DiscountedWeightedCostsCumulated,2045.0,Unmet country spinning reserve costs: $m,0.0
PAK,PAK_KAR,DiscountedWeightedCostsCumulated,2045.0,Unmet demand costs: $m,2.702614731096675
PAK,PAK_KAR,DiscountedWeightedCostsCumulated,2045.0,Unmet system CO2 backstop cost: $m,0.0
PAK,PAK_KAR,DiscountedWeightedCostsCumulated,2045.0,Unmet system planning reserve costs: $m,0.0
PAK,PAK_KAR,DiscountedWeightedCostsCumulated,2045.0,Unmet system spinning reserve costs: $m,0.0
PAK,PAK_KAR,DiscountedWeightedCostsCumulated,2045.0,VRE curtailment: $m,0.0
PAK,PAK_KAR,DiscountedWeightedCostsCumulated,2045.0,Variable O&M: $m,1299.2379836109303
PAK,PAK_KAR,DiscountedWeightedCostsCumulated,2050.0,Carbon costs: $m,0.0
PAK,PAK_KAR,DiscountedWeightedCostsCumulated,2050.0,Excess generation: $m,0.0
PAK,PAK_KAR,DiscountedWeightedCostsCumulated,2050.0,Export revenues with external zones: $m,0.0
PAK,PAK_KAR,DiscountedWeightedCostsCumulated,2050.0,Export revenues with internal zones: $m,-304.6111559222022
PAK,PAK_KAR,DiscountedWeightedCostsCumulated,2050.0,Fixed O&M: $m,2309.0585829628367
PAK,PAK_KAR,DiscountedWeightedCostsCumulated,2050.0,Fuel costs: $m,7015.743107234996
PAK,PAK_KAR,DiscountedWeightedCostsCumulated,2050.0,Generation costs: $m,0.0
PAK,PAK_KAR,DiscountedWeightedCostsCumulated,2050.0,Import costs with external zones: $m,0.0
PAK,PAK_KAR,DiscountedWeightedCostsCumulated,2050.0,Import costs with internal zones: $m,3007.125810588052
PAK,PAK_KAR,DiscountedWeightedCostsCumulated,2050.0,NPV of system cost: $m,0.0
PAK,PAK_KAR,DiscountedWeightedCostsCumulated,2050.0,Spinning reserve costs: $m,0.0
PAK,PAK_KAR,DiscountedWeightedCostsCumulated,2050.0,Startup costs: $m,0.0
PAK,PAK_KAR,DiscountedWeightedCostsCumulated,2050.0,Trade shared benefits: $m,-555.1918133265658
PAK,PAK_KAR,DiscountedWeightedCostsCumulated,2050.0,Transmission costs: $m,0.0
PAK,PAK_KAR,DiscountedWeightedCostsCumulated,2050.0,Unmet country CO2 backstop cost: $m,0.0
PAK,PAK_KAR,DiscountedWeightedCostsCumulated,2050.0,Unmet country planning reserve costs: $m,0.0
PAK,PAK_KAR,DiscountedWeightedCostsCumulated,2050.0,Unmet country spinning reserve costs: $m,0.0
PAK,PAK_KAR,DiscountedWeightedCostsCumulated,2050.0,Unmet demand costs: $m,3.5349619778853043
PAK,PAK_KAR,DiscountedWeightedCostsCumulated,2050.0,Unmet system CO2 backstop cost: $m,0.0
PAK,PAK_KAR,DiscountedWeightedCostsCumulated,2050.0,Unmet system planning reserve costs: $m,0.0
PAK,PAK_KAR,DiscountedWeightedCostsCumulated,2050.0,Unmet system spinning reserve costs: $m,0.0
PAK,PAK_KAR,DiscountedWeightedCostsCumulated,2050.0,VRE curtailment: $m,0.0
PAK,PAK_KAR,DiscountedWeightedCostsCumulated,2050.0,Variable O&M: $m,1401.7694077035292
PAK,PAK_KAR,GenCostsPerMWh,2026.0,Fixed O&M: $m,5.526982153762841
PAK,PAK_KAR,GenCostsPerMWh,2026.0,Investment costs: $m,9.935754856075247
PAK,PAK_KAR,GenCostsPerMWh,2026.0,Variable Cost: $m,37.28514984696125
PAK,PAK_KAR,GenCostsPerMWh,2027.0,Fixed O&M: $m,6.170157501426481
PAK,PAK_KAR,GenCostsPerMWh,2027.0,Investment costs: $m,16.70625217803087
PAK,PAK_KAR,GenCostsPerMWh,2027.0,Variable Cost: $m,31.006375546372983
PAK,PAK_KAR,GenCostsPerMWh,2028.0,Fixed O&M: $m,6.404204246468415
PAK,PAK_KAR,GenCostsPerMWh,2028.0,Investment costs: $m,20.08748343485573
PAK,PAK_KAR,GenCostsPerMWh,2028.0,Variable Cost: $m,28.762964704992854
PAK,PAK_KAR,GenCostsPerMWh,2029.0,Fixed O&M: $m,6.347893308490091
PAK,PAK_KAR,GenCostsPerMWh,2029.0,Investment costs: $m,20.60108718034273
PAK,PAK_KAR,GenCostsPerMWh,2029.0,Variable Cost: $m,28.876990202748708
PAK,PAK_KAR,GenCostsPerMWh,2030.0,Fixed O&M: $m,6.10750204996793
PAK,PAK_KAR,GenCostsPerMWh,2030.0,Investment costs: $m,22.06033225768946
PAK,PAK_KAR,GenCostsPerMWh,2030.0,Variable Cost: $m,28.02161186704788
PAK,PAK_KAR,GenCostsPerMWh,2031.0,Fixed O&M: $m,6.1406642994113545
PAK,PAK_KAR,GenCostsPerMWh,2031.0,Investment costs: $m,22.6498379896038
PAK,PAK_KAR,GenCostsPerMWh,2031.0,Variable Cost: $m,27.91427028300802
PAK,PAK_KAR,GenCostsPerMWh,2032.0,Fixed O&M: $m,6.005971781142668
PAK,PAK_KAR,GenCostsPerMWh,2032.0,Investment costs: $m,22.77347494518281
PAK,PAK_KAR,GenCostsPerMWh,2032.0,Variable Cost: $m,28.32524623547885
PAK,PAK_KAR,GenCostsPerMWh,2033.0,Fixed O&M: $m,6.092201480624696
PAK,PAK_KAR,GenCostsPerMWh,2033.0,Investment costs: $m,24.43516250703375
PAK,PAK_KAR,GenCostsPerMWh,2033.0,Variable Cost: $m,26.96322038884063
PAK,PAK_KAR,GenCostsPerMWh,2034.0,Fixed O&M: $m,6.034711596130962
PAK,PAK_KAR,GenCostsPerMWh,2034.0,Investment costs: $m,26.2582679384486
PAK,PAK_KAR,GenCostsPerMWh,2034.0,Variable Cost: $m,25.31107596764756
PAK,PAK_KAR,GenCostsPerMWh,2035.0,Fixed O&M: $m,5.579937888447679
PAK,PAK_KAR,GenCostsPerMWh,2035.0,Investment costs: $m,24.27945425738296
PAK,PAK_KAR,GenCostsPerMWh,2035.0,Variable Cost: $m,27.25624636095712
PAK,PAK_KAR,GenCostsPerMWh,2040.0,Fixed O&M: $m,6.3976770635365305
PAK,PAK_KAR,GenCostsPerMWh,2040.0,Investment costs: $m,31.513577107420904
PAK,PAK_KAR,GenCostsPerMWh,2040.0,Variable Cost: $m,18.73575541035489
PAK,PAK_KAR,GenCostsPerMWh,2045.0,Fixed O&M: $m,6.682797689789361
PAK,PAK_KAR,GenCostsPerMWh,2045.0,Investment costs: $m,35.30017856615258
PAK,PAK_KAR,GenCostsPerMWh,2045.0,Variable Cost: $m,15.750487869431335
PAK,PAK_KAR,GenCostsPerMWh,2050.0,Fixed O&M: $m,6.760557344798956
PAK,PAK_KAR,GenCostsPerMWh,2050.0,Investment costs: $m,38.75482870017231
PAK,PAK_KAR,GenCostsPerMWh,2050.0,Variable Cost: $m,15.39642490355529
PAK,PAK_KAR,NetPresentCostPerMWh,,Carbon costs: $m,0.0
PAK,PAK_KAR,NetPresentCostPerMWh,,Excess generation: $m,0.0
PAK,PAK_KAR,NetPresentCostPerMWh,,Export revenues with external zones: $m,0.0
PAK,PAK_KAR,NetPresentCostPerMWh,,Export revenues with internal zones: $m,-0.7416518967702551
PAK,PAK_KAR,NetPresentCostPerMWh,,Fixed O&M: $m,5.621979512284844
PAK,PAK_KAR,NetPresentCostPerMWh,,Fuel costs: $m,17.081577879119397
PAK,PAK_KAR,NetPresentCostPerMWh,,Generation costs: $m,0.0
PAK,PAK_KAR,NetPresentCostPerMWh,,Import costs with external zones: $m,0.0
PAK,PAK_KAR,NetPresentCostPerMWh,,Import costs with internal zones: $m,7.32159843094855
PAK,PAK_KAR,NetPresentCostPerMWh,,NPV of system cost: $m,0.0
PAK,PAK_KAR,NetPresentCostPerMWh,,Spinning reserve costs: $m,0.0
PAK,PAK_KAR,NetPresentCostPerMWh,,Startup costs: $m,0.0
PAK,PAK_KAR,NetPresentCostPerMWh,,Trade shared benefits: $m,-1.3517530576921102
PAK,PAK_KAR,NetPresentCostPerMWh,,Transmission costs: $m,0.0
PAK,PAK_KAR,NetPresentCostPerMWh,,Unmet country CO2 backstop cost: $m,0.0
PAK,PAK_KAR,NetPresentCostPerMWh,,Unmet country planning reserve costs: $m,0.0
PAK,PAK_KAR,NetPresentCostPerMWh,,Unmet country spinning reserve costs: $m,0.0
PAK,PAK_KAR,NetPresentCostPerMWh,,Unmet demand costs: $m,0.0086067473398083
PAK,PAK_KAR,NetPresentCostPerMWh,,Unmet system CO2 backstop cost: $m,0.0
PAK,PAK_KAR,NetPresentCostPerMWh,,Unmet system planning reserve costs: $m,0.0
PAK,PAK_KAR,NetPresentCostPerMWh,,Unmet system spinning reserve costs: $m,0.0
PAK,PAK_KAR,NetPresentCostPerMWh,,VRE curtailment: $m,0.0
PAK,PAK_KAR,NetPresentCostPerMWh,,Variable O&M: $m,3.4129575356831645
PAK,PAK_N,Costs,2026.0,Carbon costs: $m,0.0
PAK,PAK_N,Costs,2026.0,Excess generation: $m,0.0
PAK,PAK_N,Costs,2026.0,Export revenues with external zones: $m,0.0
PAK,PAK_N,Costs,2026.0,Export revenues with internal zones: $m,-15.268176
PAK,PAK_N,Costs,2026.0,Fixed O&M: $m,588.312895
PAK,PAK_N,Costs,2026.0,Fuel costs: $m,1447.7092441168656
PAK,PAK_N,Costs,2026.0,Generation costs: $m,0.0
PAK,PAK_N,Costs,2026.0,Import costs with external zones: $m,0.0
PAK,PAK_N,Costs,2026.0,Import costs with internal zones: $m,866.4496176026282
PAK,PAK_N,Costs,2026.0,NPV of system cost: $m,0.0
PAK,PAK_N,Costs,2026.0,Spinning reserve costs: $m,0.0
PAK,PAK_N,Costs,2026.0,Startup costs: $m,0.0
PAK,PAK_N,Costs,2026.0,Trade shared benefits: $m,-186.7171649446244
PAK,PAK_N,Costs,2026.0,Transmission costs: $m,0.0
PAK,PAK_N,Costs,2026.0,Unmet country CO2 backstop cost: $m,0.0
PAK,PAK_N,Costs,2026.0,Unmet country planning reserve costs: $m,0.0
PAK,PAK_N,Costs,2026.0,Unmet country spinning reserve costs: $m,0.0
PAK,PAK_N,Costs,2026.0,Unmet demand costs: $m,0.0
PAK,PAK_N,Costs,2026.0,Unmet system CO2 backstop cost: $m,0.0
PAK,PAK_N,Costs,2026.0,Unmet system planning reserve costs: $m,0.0
PAK,PAK_N,Costs,2026.0,Unmet system spinning reserve costs: $m,0.0
PAK,PAK_N,Costs,2026.0,VRE curtailment: $m,0.0
PAK,PAK_N,Costs,2026.0,Variable O&M: $m,425.8508124102036
PAK,PAK_N,Costs,2027.0,Carbon costs: $m,0.0
PAK,PAK_N,Costs,2027.0,Excess generation: $m,0.0
PAK,PAK_N,Costs,2027.0,Export revenues with external zones: $m,0.0
PAK,PAK_N,Costs,2027.0,Export revenues with internal zones: $m,-15.287522327585725
PAK,PAK_N,Costs,2027.0,Fixed O&M: $m,611.6824983999999
PAK,PAK_N,Costs,2027.0,Fuel costs: $m,1539.4077759634538
PAK,PAK_N,Costs,2027.0,Generation costs: $m,0.0
PAK,PAK_N,Costs,2027.0,Import costs with external zones: $m,0.0
PAK,PAK_N,Costs,2027.0,Import costs with internal zones: $m,832.5581366191086
PAK,PAK_N,Costs,2027.0,NPV of system cost: $m,0.0
PAK,PAK_N,Costs,2027.0,Spinning reserve costs: $m,0.0
PAK,PAK_N,Costs,2027.0,Startup costs: $m,0.0
PAK,PAK_N,Costs,2027.0,Trade shared benefits: $m,-209.57844918080983
PAK,PAK_N,Costs,2027.0,Transmission costs: $m,0.0
PAK,PAK_N,Costs,2027.0,Unmet country CO2 backstop cost: $m,0.0
PAK,PAK_N,Costs,2027.0,Unmet country planning reserve costs: $m,0.0
PAK,PAK_N,Costs,2027.0,Unmet country spinning reserve costs: $m,0.0
PAK,PAK_N,Costs,2027.0,Unmet demand costs: $m,0.0
PAK,PAK_N,Costs,2027.0,Unmet system CO2 backstop cost: $m,0.0
PAK,PAK_N,Costs,2027.0,Unmet system planning reserve costs: $m,0.0
PAK,PAK_N,Costs,2027.0,Unmet system spinning reserve costs: $m,0.0
PAK,PAK_N,Costs,2027.0,VRE curtailment: $m,0.0
PAK,PAK_N,Costs,2027.0,Variable O&M: $m,431.44033023973367
PAK,PAK_N,Costs,2028.0,Carbon costs: $m,0.0
PAK,PAK_N,Costs,2028.0,Excess generation: $m,0.0
PAK,PAK_N,Costs,2028.0,Export revenues with external zones: $m,0.0
PAK,PAK_N,Costs,2028.0,Export revenues with internal zones: $m,-15.416341728180672
PAK,PAK_N,Costs,2028.0,Fixed O&M: $m,663.3856542106439
PAK,PAK_N,Costs,2028.0,Fuel costs: $m,1552.628841189803
PAK,PAK_N,Costs,2028.0,Generation costs: $m,0.0
PAK,PAK_N,Costs,2028.0,Import costs with external zones: $m,0.0
PAK,PAK_N,Costs,2028.0,Import costs with internal zones: $m,789.0230071870488
PAK,PAK_N,Costs,2028.0,NPV of system cost: $m,0.0
PAK,PAK_N,Costs,2028.0,Spinning reserve costs: $m,0.0
PAK,PAK_N,Costs,2028.0,Startup costs: $m,0.0
PAK,PAK_N,Costs,2028.0,Trade shared benefits: $m,-150.88537308442363
PAK,PAK_N,Costs,2028.0,Transmission costs: $m,0.0
PAK,PAK_N,Costs,2028.0,Unmet country CO2 backstop cost: $m,0.0
PAK,PAK_N,Costs,2028.0,Unmet country planning reserve costs: $m,0.0
PAK,PAK_N,Costs,2028.0,Unmet country spinning reserve costs: $m,0.0
PAK,PAK_N,Costs,2028.0,Unmet demand costs: $m,0.0
PAK,PAK_N,Costs,2028.0,Unmet system CO2 backstop cost: $m,0.0
PAK,PAK_N,Costs,2028.0,Unmet system planning reserve costs: $m,0.0
PAK,PAK_N,Costs,2028.0,Unmet system spinning reserve costs: $m,0.0
PAK,PAK_N,Costs,2028.0,VRE curtailment: $m,0.0
PAK,PAK_N,Costs,2028.0,Variable O&M: $m,434.0690300282091
PAK,PAK_N,Costs,2029.0,Carbon costs: $m,0.0
PAK,PAK_N,Costs,2029.0,Excess generation: $m,0.0
PAK,PAK_N,Costs,2029.0,Export revenues with external zones: $m,0.0
PAK,PAK_N,Costs,2029.0,Export revenues with internal zones: $m,-32.20806299724147
PAK,PAK_N,Costs,2029.0,Fixed O&M: $m,714.646577110644
PAK,PAK_N,Costs,2029.0,Fuel costs: $m,1587.0972485419063
PAK,PAK_N,Costs,2029.0,Generation costs: $m,0.0
PAK,PAK_N,Costs,2029.0,Import costs with external zones: $m,0.0
PAK,PAK_N,Costs,2029.0,Import costs with internal zones: $m,737.8968452500313
PAK,PAK_N,Costs,2029.0,NPV of system cost: $m,0.0
PAK,PAK_N,Costs,2029.0,Spinning reserve costs: $m,0.0
PAK,PAK_N,Costs,2029.0,Startup costs: $m,0.0
PAK,PAK_N,Costs,2029.0,Trade shared benefits: $m,-161.18519740960735
PAK,PAK_N,Costs,2029.0,Transmission costs: $m,0.0
PAK,PAK_N,Costs,2029.0,Unmet country CO2 backstop cost: $m,0.0
PAK,PAK_N,Costs,2029.0,Unmet country planning reserve costs: $m,0.0
PAK,PAK_N,Costs,2029.0,Unmet country spinning reserve costs: $m,0.0
PAK,PAK_N,Costs,2029.0,Unmet demand costs: $m,0.0
PAK,PAK_N,Costs,2029.0,Unmet system CO2 backstop cost: $m,0.0
PAK,PAK_N,Costs,2029.0,Unmet system planning reserve costs: $m,0.0
PAK,PAK_N,Costs,2029.0,Unmet system spinning reserve costs: $m,0.0
PAK,PAK_N,Costs,2029.0,VRE curtailment: $m,0.0
PAK,PAK_N,Costs,2029.0,Variable O&M: $m,438.368051678937
PAK,PAK_N,Costs,2030.0,Carbon costs: $m,0.0
PAK,PAK_N,Costs,2030.0,Excess generation: $m,0.0
PAK,PAK_N,Costs,2030.0,Export revenues with external zones: $m,0.0
PAK,PAK_N,Costs,2030.0,Export revenues with internal zones: $m,-16.300606007615926
PAK,PAK_N,Costs,2030.0,Fixed O&M: $m,667.2984232906439
PAK,PAK_N,Costs,2030.0,Fuel costs: $m,1649.4054803364
PAK,PAK_N,Costs,2030.0,Generation costs: $m,0.0
PAK,PAK_N,Costs,2030.0,Import costs with external zones: $m,0.0
PAK,PAK_N,Costs,2030.0,Import costs with internal zones: $m,831.5859482426376
PAK,PAK_N,Costs,2030.0,NPV of system cost: $m,0.0
PAK,PAK_N,Costs,2030.0,Spinning reserve costs: $m,0.0
PAK,PAK_N,Costs,2030.0,Startup costs: $m,0.0
PAK,PAK_N,Costs,2030.0,Trade shared benefits: $m,-221.0826153983473
PAK,PAK_N,Costs,2030.0,Transmission costs: $m,0.0
PAK,PAK_N,Costs,2030.0,Unmet country CO2 backstop cost: $m,0.0
PAK,PAK_N,Costs,2030.0,Unmet country planning reserve costs: $m,0.0
PAK,PAK_N,Costs,2030.0,Unmet country spinning reserve costs: $m,0.0
PAK,PAK_N,Costs,2030.0,Unmet demand costs: $m,0.0
PAK,PAK_N,Costs,2030.0,Unmet system CO2 backstop cost: $m,0.0
PAK,PAK_N,Costs,2030.0,Unmet system planning reserve costs: $m,0.0
PAK,PAK_N,Costs,2030.0,Unmet system spinning reserve costs: $m,0.0
PAK,PAK_N,Costs,2030.0,VRE curtailment: $m,0.0
PAK,PAK_N,Costs,2030.0,Variable O&M: $m,436.0899769729633
PAK,PAK_N,Costs,2031.0,Carbon costs: $m,0.0
PAK,PAK_N,Costs,2031.0,Excess generation: $m,0.0
PAK,PAK_N,Costs,2031.0,Export revenues with external zones: $m,0.0
PAK,PAK_N,Costs,2031.0,Export revenues with internal zones: $m,-48.14267079291015
PAK,PAK_N,Costs,2031.0,Fixed O&M: $m,716.706066190644
PAK,PAK_N,Costs,2031.0,Fuel costs: $m,1676.3669056538306
PAK,PAK_N,Costs,2031.0,Generation costs: $m,0.0
PAK,PAK_N,Costs,2031.0,Import costs with external zones: $m,0.0
PAK,PAK_N,Costs,2031.0,Import costs with internal zones: $m,855.0795805671011
PAK,PAK_N,Costs,2031.0,NPV of system cost: $m,0.0
PAK,PAK_N,Costs,2031.0,Spinning reserve costs: $m,0.0
PAK,PAK_N,Costs,2031.0,Startup costs: $m,0.0
PAK,PAK_N,Costs,2031.0,Trade shared benefits: $m,-236.2572472409104
PAK,PAK_N,Costs,2031.0,Transmission costs: $m,0.0
PAK,PAK_N,Costs,2031.0,Unmet country CO2 backstop cost: $m,0.0
PAK,PAK_N,Costs,2031.0,Unmet country planning reserve costs: $m,0.0
PAK,PAK_N,Costs,2031.0,Unmet country spinning reserve costs: $m,0.0
PAK,PAK_N,Costs,2031.0,Unmet demand costs: $m,0.0
PAK,PAK_N,Costs,2031.0,Unmet system CO2 backstop cost: $m,0.0
PAK,PAK_N,Costs,2031.0,Unmet system planning reserve costs: $m,0.0
PAK,PAK_N,Costs,2031.0,Unmet system spinning reserve costs: $m,0.0
PAK,PAK_N,Costs,2031.0,VRE curtailment: $m,0.0
PAK,PAK_N,Costs,2031.0,Variable O&M: $m,443.6836048931304
PAK,PAK_N,Costs,2032.0,Carbon costs: $m,0.0
PAK,PAK_N,Costs,2032.0,Excess generation: $m,0.0
PAK,PAK_N,Costs,2032.0,Export revenues with external zones: $m,0.0
PAK,PAK_N,Costs,2032.0,Export revenues with internal zones: $m,-47.24323147828036
PAK,PAK_N,Costs,2032.0,Fixed O&M: $m,767.966989090644
PAK,PAK_N,Costs,2032.0,Fuel costs: $m,1712.754654897482
PAK,PAK_N,Costs,2032.0,Generation costs: $m,0.0
PAK,PAK_N,Costs,2032.0,Import costs with external zones: $m,0.0
PAK,PAK_N,Costs,2032.0,Import costs with internal zones: $m,771.4637362064163
PAK,PAK_N,Costs,2032.0,NPV of system cost: $m,0.0
PAK,PAK_N,Costs,2032.0,Spinning reserve costs: $m,0.0
PAK,PAK_N,Costs,2032.0,Startup costs: $m,0.0
PAK,PAK_N,Costs,2032.0,Trade shared benefits: $m,-191.398151734894
PAK,PAK_N,Costs,2032.0,Transmission costs: $m,0.0
PAK,PAK_N,Costs,2032.0,Unmet country CO2 backstop cost: $m,0.0
PAK,PAK_N,Costs,2032.0,Unmet country planning reserve costs: $m,0.0
PAK,PAK_N,Costs,2032.0,Unmet country spinning reserve costs: $m,0.0
PAK,PAK_N,Costs,2032.0,Unmet demand costs: $m,0.0
PAK,PAK_N,Costs,2032.0,Unmet system CO2 backstop cost: $m,0.0
PAK,PAK_N,Costs,2032.0,Unmet system planning reserve costs: $m,0.0
PAK,PAK_N,Costs,2032.0,Unmet system spinning reserve costs: $m,0.0
PAK,PAK_N,Costs,2032.0,VRE curtailment: $m,0.0
PAK,PAK_N,Costs,2032.0,Variable O&M: $m,453.9187825546729
PAK,PAK_N,Costs,2033.0,Carbon costs: $m,0.0
PAK,PAK_N,Costs,2033.0,Excess generation: $m,0.0
PAK,PAK_N,Costs,2033.0,Export revenues with external zones: $m,0.0
PAK,PAK_N,Costs,2033.0,Export revenues with internal zones: $m,-48.75713652267872
PAK,PAK_N,Costs,2033.0,Fixed O&M: $m,819.227911990644
PAK,PAK_N,Costs,2033.0,Fuel costs: $m,1772.2491148398697
PAK,PAK_N,Costs,2033.0,Generation costs: $m,0.0
PAK,PAK_N,Costs,2033.0,Import costs with external zones: $m,0.0
PAK,PAK_N,Costs,2033.0,Import costs with internal zones: $m,736.3846825712067
PAK,PAK_N,Costs,2033.0,NPV of system cost: $m,0.0
PAK,PAK_N,Costs,2033.0,Spinning reserve costs: $m,0.0
PAK,PAK_N,Costs,2033.0,Startup costs: $m,0.0
PAK,PAK_N,Costs,2033.0,Trade shared benefits: $m,-174.44061403717566
PAK,PAK_N,Costs,2033.0,Transmission costs: $m,0.0
PAK,PAK_N,Costs,2033.0,Unmet country CO2 backstop cost: $m,0.0
PAK,PAK_N,Costs,2033.0,Unmet country planning reserve costs: $m,0.0
PAK,PAK_N,Costs,2033.0,Unmet country spinning reserve costs: $m,0.0
PAK,PAK_N,Costs,2033.0,Unmet demand costs: $m,0.0
PAK,PAK_N,Costs,2033.0,Unmet system CO2 backstop cost: $m,0.0
PAK,PAK_N,Costs,2033.0,Unmet system planning reserve costs: $m,0.0
PAK,PAK_N,Costs,2033.0,Unmet system spinning reserve costs: $m,0.0
PAK,PAK_N,Costs,2033.0,VRE curtailment: $m,0.0
PAK,PAK_N,Costs,2033.0,Variable O&M: $m,459.6950240267004
PAK,PAK_N,Costs,2034.0,Carbon costs: $m,0.0
PAK,PAK_N,Costs,2034.0,Excess generation: $m,0.0
PAK,PAK_N,Costs,2034.0,Export revenues with external zones: $m,0.0
PAK,PAK_N,Costs,2034.0,Export revenues with internal zones: $m,-53.10558297828868
PAK,PAK_N,Costs,2034.0,Fixed O&M: $m,870.488834890644
PAK,PAK_N,Costs,2034.0,Fuel costs: $m,1855.4997378761657
PAK,PAK_N,Costs,2034.0,Generation costs: $m,0.0
PAK,PAK_N,Costs,2034.0,Import costs with external zones: $m,0.0
PAK,PAK_N,Costs,2034.0,Import costs with internal zones: $m,706.9999234467548
PAK,PAK_N,Costs,2034.0,NPV of system cost: $m,0.0
PAK,PAK_N,Costs,2034.0,Spinning reserve costs: $m,0.0
PAK,PAK_N,Costs,2034.0,Startup costs: $m,0.0
PAK,PAK_N,Costs,2034.0,Trade shared benefits: $m,-151.8179190809819
PAK,PAK_N,Costs,2034.0,Transmission costs: $m,0.0
PAK,PAK_N,Costs,2034.0,Unmet country CO2 backstop cost: $m,0.0
PAK,PAK_N,Costs,2034.0,Unmet country planning reserve costs: $m,0.0
PAK,PAK_N,Costs,2034.0,Unmet country spinning reserve costs: $m,0.0
PAK,PAK_N,Costs,2034.0,Unmet demand costs: $m,0.0
PAK,PAK_N,Costs,2034.0,Unmet system CO2 backstop cost: $m,0.0
PAK,PAK_N,Costs,2034.0,Unmet system planning reserve costs: $m,0.0
PAK,PAK_N,Costs,2034.0,Unmet system spinning reserve costs: $m,0.0
PAK,PAK_N,Costs,2034.0,VRE curtailment: $m,0.0
PAK,PAK_N,Costs,2034.0,Variable O&M: $m,467.9511735354304
PAK,PAK_N,Costs,2035.0,Carbon costs: $m,0.0
PAK,PAK_N,Costs,2035.0,Excess generation: $m,0.0
PAK,PAK_N,Costs,2035.0,Export revenues with external zones: $m,0.0
PAK,PAK_N,Costs,2035.0,Export revenues with internal zones: $m,-50.196816322683546
PAK,PAK_N,Costs,2035.0,Fixed O&M: $m,882.1736365906438
PAK,PAK_N,Costs,2035.0,Fuel costs: $m,2090.495204645859
PAK,PAK_N,Costs,2035.0,Generation costs: $m,0.0
PAK,PAK_N,Costs,2035.0,Import costs with external zones: $m,0.0
PAK,PAK_N,Costs,2035.0,Import costs with internal zones: $m,703.5820087255829
PAK,PAK_N,Costs,2035.0,NPV of system cost: $m,0.0
PAK,PAK_N,Costs,2035.0,Spinning reserve costs: $m,0.0
PAK,PAK_N,Costs,2035.0,Startup costs: $m,0.0
PAK,PAK_N,Costs,2035.0,Trade shared benefits: $m,-148.29012619371252
PAK,PAK_N,Costs,2035.0,Transmission costs: $m,0.0
PAK,PAK_N,Costs,2035.0,Unmet country CO2 backstop cost: $m,0.0
PAK,PAK_N,Costs,2035.0,Unmet country planning reserve costs: $m,0.0
PAK,PAK_N,Costs,2035.0,Unmet country spinning reserve costs: $m,0.0
PAK,PAK_N,Costs,2035.0,Unmet demand costs: $m,0.0
PAK,PAK_N,Costs,2035.0,Unmet system CO2 backstop cost: $m,0.0
PAK,PAK_N,Costs,2035.0,Unmet system planning reserve costs: $m,0.0
PAK,PAK_N,Costs,2035.0,Unmet system spinning reserve costs: $m,0.0
PAK,PAK_N,Costs,2035.0,VRE curtailment: $m,0.0
PAK,PAK_N,Costs,2035.0,Variable O&M: $m,494.8979540207306
PAK,PAK_N,Costs,2040.0,Carbon costs: $m,0.0
PAK,PAK_N,Costs,2040.0,Excess generation: $m,0.0
PAK,PAK_N,Costs,2040.0,Export revenues with external zones: $m,0.0
PAK,PAK_N,Costs,2040.0,Export revenues with internal zones: $m,-172.84407973829977
PAK,PAK_N,Costs,2040.0,Fixed O&M: $m,1108.672976750522
PAK,PAK_N,Costs,2040.0,Fuel costs: $m,2601.4778818460063
PAK,PAK_N,Costs,2040.0,Generation costs: $m,0.0
PAK,PAK_N,Costs,2040.0,Import costs with external zones: $m,0.0
PAK,PAK_N,Costs,2040.0,Import costs with internal zones: $m,905.3927770908832
PAK,PAK_N,Costs,2040.0,NPV of system cost: $m,0.0
PAK,PAK_N,Costs,2040.0,Spinning reserve costs: $m,0.0
PAK,PAK_N,Costs,2040.0,Startup costs: $m,0.0
PAK,PAK_N,Costs,2040.0,Trade shared benefits: $m,-262.4368274143518
PAK,PAK_N,Costs,2040.0,Transmission costs: $m,0.0
PAK,PAK_N,Costs,2040.0,Unmet country CO2 backstop cost: $m,0.0
PAK,PAK_N,Costs,2040.0,Unmet country planning reserve costs: $m,0.0
PAK,PAK_N,Costs,2040.0,Unmet country spinning reserve costs: $m,0.0
PAK,PAK_N,Costs,2040.0,Unmet demand costs: $m,0.0
PAK,PAK_N,Costs,2040.0,Unmet system CO2 backstop cost: $m,0.0
PAK,PAK_N,Costs,2040.0,Unmet system planning reserve costs: $m,0.0
PAK,PAK_N,Costs,2040.0,Unmet system spinning reserve costs: $m,0.0
PAK,PAK_N,Costs,2040.0,VRE curtailment: $m,0.0
PAK,PAK_N,Costs,2040.0,Variable O&M: $m,560.1876318226126
PAK,PAK_N,Costs,2045.0,Carbon costs: $m,0.0
PAK,PAK_N,Costs,2045.0,Excess generation: $m,0.0
PAK,PAK_N,Costs,2045.0,Export revenues with external zones: $m,0.0
PAK,PAK_N,Costs,2045.0,Export revenues with internal zones: $m,-227.0584459018062
PAK,PAK_N,Costs,2045.0,Fixed O&M: $m,1401.6992475968852
PAK,PAK_N,Costs,2045.0,Fuel costs: $m,3250.5746007115067
PAK,PAK_N,Costs,2045.0,Generation costs: $m,0.0
PAK,PAK_N,Costs,2045.0,Import costs with external zones: $m,0.0
PAK,PAK_N,Costs,2045.0,Import costs with internal zones: $m,994.5224477303562
PAK,PAK_N,Costs,2045.0,NPV of system cost: $m,0.0
PAK,PAK_N,Costs,2045.0,Spinning reserve costs: $m,0.0
PAK,PAK_N,Costs,2045.0,Startup costs: $m,0.0
PAK,PAK_N,Costs,2045.0,Trade shared benefits: $m,-383.34535260474166
PAK,PAK_N,Costs,2045.0,Transmission costs: $m,0.0
PAK,PAK_N,Costs,2045.0,Unmet country CO2 backstop cost: $m,0.0
PAK,PAK_N,Costs,2045.0,Unmet country planning reserve costs: $m,0.0
PAK,PAK_N,Costs,2045.0,Unmet country spinning reserve costs: $m,0.0
PAK,PAK_N,Costs,2045.0,Unmet demand costs: $m,0.0
PAK,PAK_N,Costs,2045.0,Unmet system CO2 backstop cost: $m,0.0
PAK,PAK_N,Costs,2045.0,Unmet system planning reserve costs: $m,0.0
PAK,PAK_N,Costs,2045.0,Unmet system spinning reserve costs: $m,0.0
PAK,PAK_N,Costs,2045.0,VRE curtailment: $m,0.0
PAK,PAK_N,Costs,2045.0,Variable O&M: $m,675.8230773526719
PAK,PAK_N,Costs,2050.0,Carbon costs: $m,0.0
PAK,PAK_N,Costs,2050.0,Excess generation: $m,0.0
PAK,PAK_N,Costs,2050.0,Export revenues with external zones: $m,0.0
PAK,PAK_N,Costs,2050.0,Export revenues with internal zones: $m,-108.6420595903626
PAK,PAK_N,Costs,2050.0,Fixed O&M: $m,1920.6164987282389
PAK,PAK_N,Costs,2050.0,Fuel costs: $m,3511.300801473973
PAK,PAK_N,Costs,2050.0,Generation costs: $m,0.0
PAK,PAK_N,Costs,2050.0,Import costs with external zones: $m,0.0
PAK,PAK_N,Costs,2050.0,Import costs with internal zones: $m,1081.4854990646256
PAK,PAK_N,Costs,2050.0,NPV of system cost: $m,0.0
PAK,PAK_N,Costs,2050.0,Spinning reserve costs: $m,0.0
PAK,PAK_N,Costs,2050.0,Startup costs: $m,0.0
PAK,PAK_N,Costs,2050.0,Trade shared benefits: $m,-396.4724306289241
PAK,PAK_N,Costs,2050.0,Transmission costs: $m,0.0
PAK,PAK_N,Costs,2050.0,Unmet country CO2 backstop cost: $m,0.0
PAK,PAK_N,Costs,2050.0,Unmet country planning reserve costs: $m,0.0
PAK,PAK_N,Costs,2050.0,Unmet country spinning reserve costs: $m,0.0
PAK,PAK_N,Costs,2050.0,Unmet demand costs: $m,0.0
PAK,PAK_N,Costs,2050.0,Unmet system CO2 backstop cost: $m,0.0
PAK,PAK_N,Costs,2050.0,Unmet system planning reserve costs: $m,0.0
PAK,PAK_N,Costs,2050.0,Unmet system spinning reserve costs: $m,0.0
PAK,PAK_N,Costs,2050.0,VRE curtailment: $m,0.0
PAK,PAK_N,Costs,2050.0,Variable O&M: $m,674.7748774991206
PAK,PAK_N,DiscountedWeightedCostsCumulated,2026.0,Carbon costs: $m,0.0
PAK,PAK_N,DiscountedWeightedCostsCumulated,2026.0,Excess generation: $m,0.0
PAK,PAK_N,DiscountedWeightedCostsCumulated,2026.0,Export revenues with external zones: $m,0.0
PAK,PAK_N,DiscountedWeightedCostsCumulated,2026.0,Export revenues with internal zones: $m,-15.268176
PAK,PAK_N,DiscountedWeightedCostsCumulated,2026.0,Fixed O&M: $m,588.312895
PAK,PAK_N,DiscountedWeightedCostsCumulated,2026.0,Fuel costs: $m,1447.7092441168656
PAK,PAK_N,DiscountedWeightedCostsCumulated,2026.0,Generation costs: $m,0.0
PAK,PAK_N,DiscountedWeightedCostsCumulated,2026.0,Import costs with external zones: $m,0.0
PAK,PAK_N,DiscountedWeightedCostsCumulated,2026.0,Import costs with internal zones: $m,866.4496176026282
PAK,PAK_N,DiscountedWeightedCostsCumulated,2026.0,NPV of system cost: $m,0.0
PAK,PAK_N,DiscountedWeightedCostsCumulated,2026.0,Spinning reserve costs: $m,0.0
PAK,PAK_N,DiscountedWeightedCostsCumulated,2026.0,Startup costs: $m,0.0
PAK,PAK_N,DiscountedWeightedCostsCumulated,2026.0,Trade shared benefits: $m,-186.7171649446244
PAK,PAK_N,DiscountedWeightedCostsCumulated,2026.0,Transmission costs: $m,0.0
PAK,PAK_N,DiscountedWeightedCostsCumulated,2026.0,Unmet country CO2 backstop cost: $m,0.0
PAK,PAK_N,DiscountedWeightedCostsCumulated,2026.0,Unmet country planning reserve costs: $m,0.0
PAK,PAK_N,DiscountedWeightedCostsCumulated,2026.0,Unmet country spinning reserve costs: $m,0.0
PAK,PAK_N,DiscountedWeightedCostsCumulated,2026.0,Unmet demand costs: $m,0.0
PAK,PAK_N,DiscountedWeightedCostsCumulated,2026.0,Unmet system CO2 backstop cost: $m,0.0
PAK,PAK_N,DiscountedWeightedCostsCumulated,2026.0,Unmet system planning reserve costs: $m,0.0
PAK,PAK_N,DiscountedWeightedCostsCumulated,2026.0,Unmet system spinning reserve costs: $m,0.0
PAK,PAK_N,DiscountedWeightedCostsCumulated,2026.0,VRE curtailment: $m,0.0
PAK,PAK_N,DiscountedWeightedCostsCumulated,2026.0,Variable O&M: $m,425.8508124102036
PAK,PAK_N,DiscountedWeightedCostsCumulated,2027.0,Carbon costs: $m,0.0
PAK,PAK_N,DiscountedWeightedCostsCumulated,2027.0,Excess generation: $m,0.0
PAK,PAK_N,DiscountedWeightedCostsCumulated,2027.0,Export revenues with external zones: $m,0.0
PAK,PAK_N,DiscountedWeightedCostsCumulated,2027.0,Export revenues with internal zones: $m,-29.844256621609688
PAK,PAK_N,DiscountedWeightedCostsCumulated,2027.0,Fixed O&M: $m,1171.5292737206769
PAK,PAK_N,DiscountedWeightedCostsCumulated,2027.0,Fuel costs: $m,2915.476968091779
PAK,PAK_N,DiscountedWeightedCostsCumulated,2027.0,Generation costs: $m,0.0
PAK,PAK_N,DiscountedWeightedCostsCumulated,2027.0,Import costs with external zones: $m,0.0
PAK,PAK_N,DiscountedWeightedCostsCumulated,2027.0,Import costs with internal zones: $m,1660.262654240969
PAK,PAK_N,DiscountedWeightedCostsCumulated,2027.0,NPV of system cost: $m,0.0
PAK,PAK_N,DiscountedWeightedCostsCumulated,2027.0,Spinning reserve costs: $m,0.0
PAK,PAK_N,DiscountedWeightedCostsCumulated,2027.0,Startup costs: $m,0.0
PAK,PAK_N,DiscountedWeightedCostsCumulated,2027.0,Trade shared benefits: $m,-386.5423757506352
PAK,PAK_N,DiscountedWeightedCostsCumulated,2027.0,Transmission costs: $m,0.0
PAK,PAK_N,DiscountedWeightedCostsCumulated,2027.0,Unmet country CO2 backstop cost: $m,0.0
PAK,PAK_N,DiscountedWeightedCostsCumulated,2027.0,Unmet country planning reserve costs: $m,0.0
PAK,PAK_N,DiscountedWeightedCostsCumulated,2027.0,Unmet country spinning reserve costs: $m,0.0
PAK,PAK_N,DiscountedWeightedCostsCumulated,2027.0,Unmet demand costs: $m,0.0
PAK,PAK_N,DiscountedWeightedCostsCumulated,2027.0,Unmet system CO2 backstop cost: $m,0.0
PAK,PAK_N,DiscountedWeightedCostsCumulated,2027.0,Unmet system planning reserve costs: $m,0.0
PAK,PAK_N,DiscountedWeightedCostsCumulated,2027.0,Unmet system spinning reserve costs: $m,0.0
PAK,PAK_N,DiscountedWeightedCostsCumulated,2027.0,VRE curtailment: $m,0.0
PAK,PAK_N,DiscountedWeightedCostsCumulated,2027.0,Variable O&M: $m,837.2130267855534
PAK,PAK_N,DiscountedWeightedCostsCumulated,2028.0,Carbon costs: $m,0.0
PAK,PAK_N,DiscountedWeightedCostsCumulated,2028.0,Excess generation: $m,0.0
PAK,PAK_N,DiscountedWeightedCostsCumulated,2028.0,Export revenues with external zones: $m,0.0
PAK,PAK_N,DiscountedWeightedCostsCumulated,2028.0,Export revenues with internal zones: $m,-43.20689762237879
PAK,PAK_N,DiscountedWeightedCostsCumulated,2028.0,Fixed O&M: $m,1746.5414587498235
PAK,PAK_N,DiscountedWeightedCostsCumulated,2028.0,Fuel costs: $m,4261.271072690154
PAK,PAK_N,DiscountedWeightedCostsCumulated,2028.0,Generation costs: $m,0.0
PAK,PAK_N,DiscountedWeightedCostsCumulated,2028.0,Import costs with external zones: $m,0.0
PAK,PAK_N,DiscountedWeightedCostsCumulated,2028.0,Import costs with internal zones: $m,2344.1753082472483
PAK,PAK_N,DiscountedWeightedCostsCumulated,2028.0,NPV of system cost: $m,0.0
PAK,PAK_N,DiscountedWeightedCostsCumulated,2028.0,Spinning reserve costs: $m,0.0
PAK,PAK_N,DiscountedWeightedCostsCumulated,2028.0,Startup costs: $m,0.0
PAK,PAK_N,DiscountedWeightedCostsCumulated,2028.0,Trade shared benefits: $m,-517.3274289327823
PAK,PAK_N,DiscountedWeightedCostsCumulated,2028.0,Transmission costs: $m,0.0
PAK,PAK_N,DiscountedWeightedCostsCumulated,2028.0,Unmet country CO2 backstop cost: $m,0.0
PAK,PAK_N,DiscountedWeightedCostsCumulated,2028.0,Unmet country planning reserve costs: $m,0.0
PAK,PAK_N,DiscountedWeightedCostsCumulated,2028.0,Unmet country spinning reserve costs: $m,0.0
PAK,PAK_N,DiscountedWeightedCostsCumulated,2028.0,Unmet demand costs: $m,0.0
PAK,PAK_N,DiscountedWeightedCostsCumulated,2028.0,Unmet system CO2 backstop cost: $m,0.0
PAK,PAK_N,DiscountedWeightedCostsCumulated,2028.0,Unmet system planning reserve costs: $m,0.0
PAK,PAK_N,DiscountedWeightedCostsCumulated,2028.0,Unmet system spinning reserve costs: $m,0.0
PAK,PAK_N,DiscountedWeightedCostsCumulated,2028.0,VRE curtailment: $m,0.0
PAK,PAK_N,DiscountedWeightedCostsCumulated,2028.0,Variable O&M: $m,1213.457191587389
PAK,PAK_N,DiscountedWeightedCostsCumulated,2029.0,Carbon costs: $m,0.0
PAK,PAK_N,DiscountedWeightedCostsCumulated,2029.0,Excess generation: $m,0.0
PAK,PAK_N,DiscountedWeightedCostsCumulated,2029.0,Export revenues with external zones: $m,0.0
PAK,PAK_N,DiscountedWeightedCostsCumulated,2029.0,Export revenues with internal zones: $m,-68.58638782067217
PAK,PAK_N,DiscountedWeightedCostsCumulated,2029.0,Fixed O&M: $m,2309.672678425373
PAK,PAK_N,DiscountedWeightedCostsCumulated,2029.0,Fuel costs: $m,5511.880867714387
PAK,PAK_N,DiscountedWeightedCostsCumulated,2029.0,Generation costs: $m,0.0
PAK,PAK_N,DiscountedWeightedCostsCumulated,2029.0,Import costs with external zones: $m,0.0
PAK,PAK_N,DiscountedWeightedCostsCumulated,2029.0,Import costs with internal zones: $m,2925.6274046672884
PAK,PAK_N,DiscountedWeightedCostsCumulated,2029.0,NPV of system cost: $m,0.0
PAK,PAK_N,DiscountedWeightedCostsCumulated,2029.0,Spinning reserve costs: $m,0.0
PAK,PAK_N,DiscountedWeightedCostsCumulated,2029.0,Startup costs: $m,0.0
PAK,PAK_N,DiscountedWeightedCostsCumulated,2029.0,Trade shared benefits: $m,-644.3390451891675
PAK,PAK_N,DiscountedWeightedCostsCumulated,2029.0,Transmission costs: $m,0.0
PAK,PAK_N,DiscountedWeightedCostsCumulated,2029.0,Unmet country CO2 backstop cost: $m,0.0
PAK,PAK_N,DiscountedWeightedCostsCumulated,2029.0,Unmet country planning reserve costs: $m,0.0
PAK,PAK_N,DiscountedWeightedCostsCumulated,2029.0,Unmet country spinning reserve costs: $m,0.0
PAK,PAK_N,DiscountedWeightedCostsCumulated,2029.0,Unmet demand costs: $m,0.0
PAK,PAK_N,DiscountedWeightedCostsCumulated,2029.0,Unmet system CO2 backstop cost: $m,0.0
PAK,PAK_N,DiscountedWeightedCostsCumulated,2029.0,Unmet system planning reserve costs: $m,0.0
PAK,PAK_N,DiscountedWeightedCostsCumulated,2029.0,Unmet system spinning reserve costs: $m,0.0
PAK,PAK_N,DiscountedWeightedCostsCumulated,2029.0,VRE curtailment: $m,0.0
PAK,PAK_N,DiscountedWeightedCostsCumulated,2029.0,Variable O&M: $m,1558.8849086091614
PAK,PAK_N,DiscountedWeightedCostsCumulated,2030.0,Carbon costs: $m,0.0
PAK,PAK_N,DiscountedWeightedCostsCumulated,2030.0,Excess generation: $m,0.0
PAK,PAK_N,DiscountedWeightedCostsCumulated,2030.0,Export revenues with external zones: $m,0.0
PAK,PAK_N,DiscountedWeightedCostsCumulated,2030.0,Export revenues with internal zones: $m,-80.26333598768474
PAK,PAK_N,DiscountedWeightedCostsCumulated,2030.0,Fixed O&M: $m,2787.692274571277
PAK,PAK_N,DiscountedWeightedCostsCumulated,2030.0,Fuel costs: $m,6693.433399643323
PAK,PAK_N,DiscountedWeightedCostsCumulated,2030.0,Generation costs: $m,0.0
PAK,PAK_N,DiscountedWeightedCostsCumulated,2030.0,Import costs with external zones: $m,0.0
PAK,PAK_N,DiscountedWeightedCostsCumulated,2030.0,Import costs with internal zones: $m,3521.334460558856
PAK,PAK_N,DiscountedWeightedCostsCumulated,2030.0,NPV of system cost: $m,0.0
PAK,PAK_N,DiscountedWeightedCostsCumulated,2030.0,Spinning reserve costs: $m,0.0
PAK,PAK_N,DiscountedWeightedCostsCumulated,2030.0,Startup costs: $m,0.0
PAK,PAK_N,DiscountedWeightedCostsCumulated,2030.0,Trade shared benefits: $m,-802.711699520419
PAK,PAK_N,DiscountedWeightedCostsCumulated,2030.0,Transmission costs: $m,0.0
PAK,PAK_N,DiscountedWeightedCostsCumulated,2030.0,Unmet country CO2 backstop cost: $m,0.0
PAK,PAK_N,DiscountedWeightedCostsCumulated,2030.0,Unmet country planning reserve costs: $m,0.0
PAK,PAK_N,DiscountedWeightedCostsCumulated,2030.0,Unmet country spinning reserve costs: $m,0.0
PAK,PAK_N,DiscountedWeightedCostsCumulated,2030.0,Unmet demand costs: $m,0.0
PAK,PAK_N,DiscountedWeightedCostsCumulated,2030.0,Unmet system CO2 backstop cost: $m,0.0
PAK,PAK_N,DiscountedWeightedCostsCumulated,2030.0,Unmet system planning reserve costs: $m,0.0
PAK,PAK_N,DiscountedWeightedCostsCumulated,2030.0,Unmet system spinning reserve costs: $m,0.0
PAK,PAK_N,DiscountedWeightedCostsCumulated,2030.0,VRE curtailment: $m,0.0
PAK,PAK_N,DiscountedWeightedCostsCumulated,2030.0,Variable O&M: $m,1871.278205820801
PAK,PAK_N,DiscountedWeightedCostsCumulated,2031.0,Carbon costs: $m,0.0
PAK,PAK_N,DiscountedWeightedCostsCumulated,2031.0,Excess generation: $m,0.0
PAK,PAK_N,DiscountedWeightedCostsCumulated,2031.0,Export revenues with external zones: $m,0.0
PAK,PAK_N,DiscountedWeightedCostsCumulated,2031.0,Export revenues with internal zones: $m,-111.61518049790008
PAK,PAK_N,DiscountedWeightedCostsCumulated,2031.0,Fixed O&M: $m,3254.4311732791207
PAK,PAK_N,DiscountedWeightedCostsCumulated,2031.0,Fuel costs: $m,7785.130094124795
PAK,PAK_N,DiscountedWeightedCostsCumulated,2031.0,Generation costs: $m,0.0
PAK,PAK_N,DiscountedWeightedCostsCumulated,2031.0,Import costs with external zones: $m,0.0
PAK,PAK_N,DiscountedWeightedCostsCumulated,2031.0,Import costs with internal zones: $m,4078.1860355185872
PAK,PAK_N,DiscountedWeightedCostsCumulated,2031.0,NPV of system cost: $m,0.0
PAK,PAK_N,DiscountedWeightedCostsCumulated,2031.0,Spinning reserve costs: $m,0.0
PAK,PAK_N,DiscountedWeightedCostsCumulated,2031.0,Startup costs: $m,0.0
PAK,PAK_N,DiscountedWeightedCostsCumulated,2031.0,Trade shared benefits: $m,-956.5689815929238
PAK,PAK_N,DiscountedWeightedCostsCumulated,2031.0,Transmission costs: $m,0.0
PAK,PAK_N,DiscountedWeightedCostsCumulated,2031.0,Unmet country CO2 backstop cost: $m,0.0
PAK,PAK_N,DiscountedWeightedCostsCumulated,2031.0,Unmet country planning reserve costs: $m,0.0
PAK,PAK_N,DiscountedWeightedCostsCumulated,2031.0,Unmet country spinning reserve costs: $m,0.0
PAK,PAK_N,DiscountedWeightedCostsCumulated,2031.0,Unmet demand costs: $m,0.0
PAK,PAK_N,DiscountedWeightedCostsCumulated,2031.0,Unmet system CO2 backstop cost: $m,0.0
PAK,PAK_N,DiscountedWeightedCostsCumulated,2031.0,Unmet system planning reserve costs: $m,0.0
PAK,PAK_N,DiscountedWeightedCostsCumulated,2031.0,Unmet system spinning reserve costs: $m,0.0
PAK,PAK_N,DiscountedWeightedCostsCumulated,2031.0,VRE curtailment: $m,0.0
PAK,PAK_N,DiscountedWeightedCostsCumulated,2031.0,Variable O&M: $m,2160.217293811528
PAK,PAK_N,DiscountedWeightedCostsCumulated,2032.0,Carbon costs: $m,0.0
PAK,PAK_N,DiscountedWeightedCostsCumulated,2032.0,Excess generation: $m,0.0
PAK,PAK_N,DiscountedWeightedCostsCumulated,2032.0,Export revenues with external zones: $m,0.0
PAK,PAK_N,DiscountedWeightedCostsCumulated,2032.0,Export revenues with internal zones: $m,-139.58436653810475
PAK,PAK_N,DiscountedWeightedCostsCumulated,2032.0,Fixed O&M: $m,3709.087023831745
PAK,PAK_N,DiscountedWeightedCostsCumulated,2032.0,Fuel costs: $m,8799.124100992802
PAK,PAK_N,DiscountedWeightedCostsCumulated,2032.0,Generation costs: $m,0.0
PAK,PAK_N,DiscountedWeightedCostsCumulated,2032.0,Import costs with external zones: $m,0.0
PAK,PAK_N,DiscountedWeightedCostsCumulated,2032.0,Import costs with internal zones: $m,4534.912048665012
PAK,PAK_N,DiscountedWeightedCostsCumulated,2032.0,NPV of system cost: $m,0.0
PAK,PAK_N,DiscountedWeightedCostsCumulated,2032.0,Spinning reserve costs: $m,0.0
PAK,PAK_N,DiscountedWeightedCostsCumulated,2032.0,Startup costs: $m,0.0
PAK,PAK_N,DiscountedWeightedCostsCumulated,2032.0,Trade shared benefits: $m,-1069.8815206830086
PAK,PAK_N,DiscountedWeightedCostsCumulated,2032.0,Transmission costs: $m,0.0
PAK,PAK_N,DiscountedWeightedCostsCumulated,2032.0,Unmet country CO2 backstop cost: $m,0.0
PAK,PAK_N,DiscountedWeightedCostsCumulated,2032.0,Unmet country planning reserve costs: $m,0.0
PAK,PAK_N,DiscountedWeightedCostsCumulated,2032.0,Unmet country spinning reserve costs: $m,0.0
PAK,PAK_N,DiscountedWeightedCostsCumulated,2032.0,Unmet demand costs: $m,0.0
PAK,PAK_N,DiscountedWeightedCostsCumulated,2032.0,Unmet system CO2 backstop cost: $m,0.0
PAK,PAK_N,DiscountedWeightedCostsCumulated,2032.0,Unmet system planning reserve costs: $m,0.0
PAK,PAK_N,DiscountedWeightedCostsCumulated,2032.0,Unmet system spinning reserve costs: $m,0.0
PAK,PAK_N,DiscountedWeightedCostsCumulated,2032.0,VRE curtailment: $m,0.0
PAK,PAK_N,DiscountedWeightedCostsCumulated,2032.0,Variable O&M: $m,2428.9486756233664
PAK,PAK_N,DiscountedWeightedCostsCumulated,2033.0,Carbon costs: $m,0.0
PAK,PAK_N,DiscountedWeightedCostsCumulated,2033.0,Excess generation: $m,0.0
PAK,PAK_N,DiscountedWeightedCostsCumulated,2033.0,Export revenues with external zones: $m,0.0
PAK,PAK_N,DiscountedWeightedCostsCumulated,2033.0,Export revenues with internal zones: $m,-165.8256902255838
PAK,PAK_N,DiscountedWeightedCostsCumulated,2033.0,Fixed O&M: $m,4149.99939780524
PAK,PAK_N,DiscountedWeightedCostsCumulated,2033.0,Fuel costs: $m,9752.9570369309
PAK,PAK_N,DiscountedWeightedCostsCumulated,2033.0,Generation costs: $m,0.0
PAK,PAK_N,DiscountedWeightedCostsCumulated,2033.0,Import costs with external zones: $m,0.0
PAK,PAK_N,DiscountedWeightedCostsCumulated,2033.0,Import costs with internal zones: $m,4931.237800995943
PAK,PAK_N,DiscountedWeightedCostsCumulated,2033.0,NPV of system cost: $m,0.0
PAK,PAK_N,DiscountedWeightedCostsCumulated,2033.0,Spinning reserve costs: $m,0.0
PAK,PAK_N,DiscountedWeightedCostsCumulated,2033.0,Startup costs: $m,0.0
PAK,PAK_N,DiscountedWeightedCostsCumulated,2033.0,Trade shared benefits: $m,-1163.7662920961727
PAK,PAK_N,DiscountedWeightedCostsCumulated,2033.0,Transmission costs: $m,0.0
PAK,PAK_N,DiscountedWeightedCostsCumulated,2033.0,Unmet country CO2 backstop cost: $m,0.0
PAK,PAK_N,DiscountedWeightedCostsCumulated,2033.0,Unmet country planning reserve costs: $m,0.0
PAK,PAK_N,DiscountedWeightedCostsCumulated,2033.0,Unmet country spinning reserve costs: $m,0.0
PAK,PAK_N,DiscountedWeightedCostsCumulated,2033.0,Unmet demand costs: $m,0.0
PAK,PAK_N,DiscountedWeightedCostsCumulated,2033.0,Unmet system CO2 backstop cost: $m,0.0
PAK,PAK_N,DiscountedWeightedCostsCumulated,2033.0,Unmet system planning reserve costs: $m,0.0
PAK,PAK_N,DiscountedWeightedCostsCumulated,2033.0,Unmet system spinning reserve costs: $m,0.0
PAK,PAK_N,DiscountedWeightedCostsCumulated,2033.0,VRE curtailment: $m,0.0
PAK,PAK_N,DiscountedWeightedCostsCumulated,2033.0,Variable O&M: $m,2676.3587325572303
PAK,PAK_N,DiscountedWeightedCostsCumulated,2034.0,Carbon costs: $m,0.0
PAK,PAK_N,DiscountedWeightedCostsCumulated,2034.0,Excess generation: $m,0.0
PAK,PAK_N,DiscountedWeightedCostsCumulated,2034.0,Export revenues with external zones: $m,0.0
PAK,PAK_N,DiscountedWeightedCostsCumulated,2034.0,Export revenues with internal zones: $m,-191.8090341649764
PAK,PAK_N,DiscountedWeightedCostsCumulated,2034.0,Fixed O&M: $m,4575.909622754881
PAK,PAK_N,DiscountedWeightedCostsCumulated,2034.0,Fuel costs: $m,10660.810508540464
PAK,PAK_N,DiscountedWeightedCostsCumulated,2034.0,Generation costs: $m,0.0
PAK,PAK_N,DiscountedWeightedCostsCumulated,2034.0,Import costs with external zones: $m,0.0
PAK,PAK_N,DiscountedWeightedCostsCumulated,2034.0,Import costs with internal zones: $m,5277.156650687351
PAK,PAK_N,DiscountedWeightedCostsCumulated,2034.0,NPV of system cost: $m,0.0
PAK,PAK_N,DiscountedWeightedCostsCumulated,2034.0,Spinning reserve costs: $m,0.0
PAK,PAK_N,DiscountedWeightedCostsCumulated,2034.0,Startup costs: $m,0.0
PAK,PAK_N,DiscountedWeightedCostsCumulated,2034.0,Trade shared benefits: $m,-1238.0473184292566
PAK,PAK_N,DiscountedWeightedCostsCumulated,2034.0,Transmission costs: $m,0.0
PAK,PAK_N,DiscountedWeightedCostsCumulated,2034.0,Unmet country CO2 backstop cost: $m,0.0
PAK,PAK_N,DiscountedWeightedCostsCumulated,2034.0,Unmet country planning reserve costs: $m,0.0
PAK,PAK_N,DiscountedWeightedCostsCumulated,2034.0,Unmet country spinning reserve costs: $m,0.0
PAK,PAK_N,DiscountedWeightedCostsCumulated,2034.0,Unmet demand costs: $m,0.0
PAK,PAK_N,DiscountedWeightedCostsCumulated,2034.0,Unmet system CO2 backstop cost: $m,0.0
PAK,PAK_N,DiscountedWeightedCostsCumulated,2034.0,Unmet system planning reserve costs: $m,0.0
PAK,PAK_N,DiscountedWeightedCostsCumulated,2034.0,Unmet system spinning reserve costs: $m,0.0
PAK,PAK_N,DiscountedWeightedCostsCumulated,2034.0,VRE curtailment: $m,0.0
PAK,PAK_N,DiscountedWeightedCostsCumulated,2034.0,Variable O&M: $m,2905.3165107589016
PAK,PAK_N,DiscountedWeightedCostsCumulated,2035.0,Carbon costs: $m,0.0
PAK,PAK_N,DiscountedWeightedCostsCumulated,2035.0,Excess generation: $m,0.0
PAK,PAK_N,DiscountedWeightedCostsCumulated,2035.0,Export revenues with external zones: $m,0.0
PAK,PAK_N,DiscountedWeightedCostsCumulated,2035.0,Export revenues with internal zones: $m,-214.13644427256665
PAK,PAK_N,DiscountedWeightedCostsCumulated,2035.0,Fixed O&M: $m,4968.298104997385
PAK,PAK_N,DiscountedWeightedCostsCumulated,2035.0,Fuel costs: $m,11590.657203638268
PAK,PAK_N,DiscountedWeightedCostsCumulated,2035.0,Generation costs: $m,0.0
PAK,PAK_N,DiscountedWeightedCostsCumulated,2035.0,Import costs with external zones: $m,0.0
PAK,PAK_N,DiscountedWeightedCostsCumulated,2035.0,Import costs with internal zones: $m,5590.108052867002
PAK,PAK_N,DiscountedWeightedCostsCumulated,2035.0,NPV of system cost: $m,0.0
PAK,PAK_N,DiscountedWeightedCostsCumulated,2035.0,Spinning reserve costs: $m,0.0
PAK,PAK_N,DiscountedWeightedCostsCumulated,2035.0,Startup costs: $m,0.0
PAK,PAK_N,DiscountedWeightedCostsCumulated,2035.0,Trade shared benefits: $m,-1304.006371313197
PAK,PAK_N,DiscountedWeightedCostsCumulated,2035.0,Transmission costs: $m,0.0
PAK,PAK_N,DiscountedWeightedCostsCumulated,2035.0,Unmet country CO2 backstop cost: $m,0.0
PAK,PAK_N,DiscountedWeightedCostsCumulated,2035.0,Unmet country planning reserve costs: $m,0.0
PAK,PAK_N,DiscountedWeightedCostsCumulated,2035.0,Unmet country spinning reserve costs: $m,0.0
PAK,PAK_N,DiscountedWeightedCostsCumulated,2035.0,Unmet demand costs: $m,0.0
PAK,PAK_N,DiscountedWeightedCostsCumulated,2035.0,Unmet system CO2 backstop cost: $m,0.0
PAK,PAK_N,DiscountedWeightedCostsCumulated,2035.0,Unmet system planning reserve costs: $m,0.0
PAK,PAK_N,DiscountedWeightedCostsCumulated,2035.0,Unmet system spinning reserve costs: $m,0.0
PAK,PAK_N,DiscountedWeightedCostsCumulated,2035.0,VRE curtailment: $m,0.0
PAK,PAK_N,DiscountedWeightedCostsCumulated,2035.0,Variable O&M: $m,3125.4458016246026
PAK,PAK_N,DiscountedWeightedCostsCumulated,2040.0,Carbon costs: $m,0.0
PAK,PAK_N,DiscountedWeightedCostsCumulated,2040.0,Excess generation: $m,0.0
PAK,PAK_N,DiscountedWeightedCostsCumulated,2040.0,Export revenues with external zones: $m,0.0
PAK,PAK_N,DiscountedWeightedCostsCumulated,2040.0,Export revenues with internal zones: $m,-502.9440549989835
PAK,PAK_N,DiscountedWeightedCostsCumulated,2040.0,Fixed O&M: $m,6820.795419207172
PAK,PAK_N,DiscountedWeightedCostsCumulated,2040.0,Fuel costs: $m,15937.503289145712
PAK,PAK_N,DiscountedWeightedCostsCumulated,2040.0,Generation costs: $m,0.0
PAK,PAK_N,DiscountedWeightedCostsCumulated,2040.0,Import costs with external zones: $m,0.0
PAK,PAK_N,DiscountedWeightedCostsCumulated,2040.0,Import costs with internal zones: $m,7102.941614285375
PAK,PAK_N,DiscountedWeightedCostsCumulated,2040.0,NPV of system cost: $m,0.0
PAK,PAK_N,DiscountedWeightedCostsCumulated,2040.0,Spinning reserve costs: $m,0.0
PAK,PAK_N,DiscountedWeightedCostsCumulated,2040.0,Startup costs: $m,0.0
PAK,PAK_N,DiscountedWeightedCostsCumulated,2040.0,Trade shared benefits: $m,-1742.5157677988502
PAK,PAK_N,DiscountedWeightedCostsCumulated,2040.0,Transmission costs: $m,0.0
PAK,PAK_N,DiscountedWeightedCostsCumulated,2040.0,Unmet country CO2 backstop cost: $m,0.0
PAK,PAK_N,DiscountedWeightedCostsCumulated,2040.0,Unmet country planning reserve costs: $m,0.0
PAK,PAK_N,DiscountedWeightedCostsCumulated,2040.0,Unmet country spinning reserve costs: $m,0.0
PAK,PAK_N,DiscountedWeightedCostsCumulated,2040.0,Unmet demand costs: $m,0.0
PAK,PAK_N,DiscountedWeightedCostsCumulated,2040.0,Unmet system CO2 backstop cost: $m,0.0
PAK,PAK_N,DiscountedWeightedCostsCumulated,2040.0,Unmet system planning reserve costs: $m,0.0
PAK,PAK_N,DiscountedWeightedCostsCumulated,2040.0,Unmet system spinning reserve costs: $m,0.0
PAK,PAK_N,DiscountedWeightedCostsCumulated,2040.0,VRE curtailment: $m,0.0
PAK,PAK_N,DiscountedWeightedCostsCumulated,2040.0,Variable O&M: $m,4061.471216843548
PAK,PAK_N,DiscountedWeightedCostsCumulated,2045.0,Carbon costs: $m,0.0
PAK,PAK_N,DiscountedWeightedCostsCumulated,2045.0,Excess generation: $m,0.0
PAK,PAK_N,DiscountedWeightedCostsCumulated,2045.0,Export revenues with external zones: $m,0.0
PAK,PAK_N,DiscountedWeightedCostsCumulated,2045.0,Export revenues with internal zones: $m,-738.5185995963018
PAK,PAK_N,DiscountedWeightedCostsCumulated,2045.0,Fixed O&M: $m,8275.067074258666
PAK,PAK_N,DiscountedWeightedCostsCumulated,2045.0,Fuel costs: $m,19309.99457966296
PAK,PAK_N,DiscountedWeightedCostsCumulated,2045.0,Generation costs: $m,0.0
PAK,PAK_N,DiscountedWeightedCostsCumulated,2045.0,Import costs with external zones: $m,0.0
PAK,PAK_N,DiscountedWeightedCostsCumulated,2045.0,Import costs with internal zones: $m,8134.764816392588
PAK,PAK_N,DiscountedWeightedCostsCumulated,2045.0,NPV of system cost: $m,0.0
PAK,PAK_N,DiscountedWeightedCostsCumulated,2045.0,Spinning reserve costs: $m,0.0
PAK,PAK_N,DiscountedWeightedCostsCumulated,2045.0,Startup costs: $m,0.0
PAK,PAK_N,DiscountedWeightedCostsCumulated,2045.0,Trade shared benefits: $m,-2140.238946536779
PAK,PAK_N,DiscountedWeightedCostsCumulated,2045.0,Transmission costs: $m,0.0
PAK,PAK_N,DiscountedWeightedCostsCumulated,2045.0,Unmet country CO2 backstop cost: $m,0.0
PAK,PAK_N,DiscountedWeightedCostsCumulated,2045.0,Unmet country planning reserve costs: $m,0.0
PAK,PAK_N,DiscountedWeightedCostsCumulated,2045.0,Unmet country spinning reserve costs: $m,0.0
PAK,PAK_N,DiscountedWeightedCostsCumulated,2045.0,Unmet demand costs: $m,0.0
PAK,PAK_N,DiscountedWeightedCostsCumulated,2045.0,Unmet system CO2 backstop cost: $m,0.0
PAK,PAK_N,DiscountedWeightedCostsCumulated,2045.0,Unmet system planning reserve costs: $m,0.0
PAK,PAK_N,DiscountedWeightedCostsCumulated,2045.0,Unmet system spinning reserve costs: $m,0.0
PAK,PAK_N,DiscountedWeightedCostsCumulated,2045.0,VRE curtailment: $m,0.0
PAK,PAK_N,DiscountedWeightedCostsCumulated,2045.0,Variable O&M: $m,4762.6418473540925
PAK,PAK_N,DiscountedWeightedCostsCumulated,2050.0,Carbon costs: $m,0.0
PAK,PAK_N,DiscountedWeightedCostsCumulated,2050.0,Excess generation: $m,0.0
PAK,PAK_N,DiscountedWeightedCostsCumulated,2050.0,Export revenues with external zones: $m,0.0
PAK,PAK_N,DiscountedWeightedCostsCumulated,2050.0,Export revenues with internal zones: $m,-808.5068704102986
PAK,PAK_N,DiscountedWeightedCostsCumulated,2050.0,Fixed O&M: $m,9512.34689157489
PAK,PAK_N,DiscountedWeightedCostsCumulated,2050.0,Fuel costs: $m,21572.00868662641
PAK,PAK_N,DiscountedWeightedCostsCumulated,2050.0,Generation costs: $m,0.0
PAK,PAK_N,DiscountedWeightedCostsCumulated,2050.0,Import costs with external zones: $m,0.0
PAK,PAK_N,DiscountedWeightedCostsCumulated,2050.0,Import costs with internal zones: $m,8831.468287178592
PAK,PAK_N,DiscountedWeightedCostsCumulated,2050.0,NPV of system cost: $m,0.0
PAK,PAK_N,DiscountedWeightedCostsCumulated,2050.0,Spinning reserve costs: $m,0.0
PAK,PAK_N,DiscountedWeightedCostsCumulated,2050.0,Startup costs: $m,0.0
PAK,PAK_N,DiscountedWeightedCostsCumulated,2050.0,Trade shared benefits: $m,-2395.650340151432
PAK,PAK_N,DiscountedWeightedCostsCumulated,2050.0,Transmission costs: $m,0.0
PAK,PAK_N,DiscountedWeightedCostsCumulated,2050.0,Unmet country CO2 backstop cost: $m,0.0
PAK,PAK_N,DiscountedWeightedCostsCumulated,2050.0,Unmet country planning reserve costs: $m,0.0
PAK,PAK_N,DiscountedWeightedCostsCumulated,2050.0,Unmet country spinning reserve costs: $m,0.0
PAK,PAK_N,DiscountedWeightedCostsCumulated,2050.0,Unmet demand costs: $m,0.0
PAK,PAK_N,DiscountedWeightedCostsCumulated,2050.0,Unmet system CO2 backstop cost: $m,0.0
PAK,PAK_N,DiscountedWeightedCostsCumulated,2050.0,Unmet system planning reserve costs: $m,0.0
PAK,PAK_N,DiscountedWeightedCostsCumulated,2050.0,Unmet system spinning reserve costs: $m,0.0
PAK,PAK_N,DiscountedWeightedCostsCumulated,2050.0,VRE curtailment: $m,0.0
PAK,PAK_N,DiscountedWeightedCostsCumulated,2050.0,Variable O&M: $m,5197.33838240652
PAK,PAK_N,GenCostsPerMWh,2026.0,Fixed O&M: $m,5.31431608299751
PAK,PAK_N,GenCostsPerMWh,2026.0,Investment costs: $m,3.4692254955239585
PAK,PAK_N,GenCostsPerMWh,2026.0,Variable Cost: $m,16.924140921411436
PAK,PAK_N,GenCostsPerMWh,2027.0,Fixed O&M: $m,5.2707349876766845
PAK,PAK_N,GenCostsPerMWh,2027.0,Investment costs: $m,5.241293319942344
PAK,PAK_N,GenCostsPerMWh,2027.0,Variable Cost: $m,16.982369278070227
PAK,PAK_N,GenCostsPerMWh,2028.0,Fixed O&M: $m,5.437661233145134
PAK,PAK_N,GenCostsPerMWh,2028.0,Investment costs: $m,7.899219780468641
PAK,PAK_N,GenCostsPerMWh,2028.0,Variable Cost: $m,16.28463010576928
PAK,PAK_N,GenCostsPerMWh,2029.0,Fixed O&M: $m,5.571849250201148
PAK,PAK_N,GenCostsPerMWh,2029.0,Investment costs: $m,10.202566475899124
PAK,PAK_N,GenCostsPerMWh,2029.0,Variable Cost: $m,15.791844074832316
PAK,PAK_N,GenCostsPerMWh,2030.0,Fixed O&M: $m,4.987839951289167
PAK,PAK_N,GenCostsPerMWh,2030.0,Investment costs: $m,12.31216392347083
PAK,PAK_N,GenCostsPerMWh,2030.0,Variable Cost: $m,15.588404223861072
PAK,PAK_N,GenCostsPerMWh,2031.0,Fixed O&M: $m,5.117996393098656
PAK,PAK_N,GenCostsPerMWh,2031.0,Investment costs: $m,14.135548455076313
PAK,PAK_N,GenCostsPerMWh,2031.0,Variable Cost: $m,15.139275887306512
PAK,PAK_N,GenCostsPerMWh,2032.0,Fixed O&M: $m,5.237198166790784
PAK,PAK_N,GenCostsPerMWh,2032.0,Investment costs: $m,15.722561650119662
PAK,PAK_N,GenCostsPerMWh,2032.0,Variable Cost: $m,14.77576291149584
PAK,PAK_N,GenCostsPerMWh,2033.0,Fixed O&M: $m,5.340088415867764
PAK,PAK_N,GenCostsPerMWh,2033.0,Investment costs: $m,17.112436316884015
PAK,PAK_N,GenCostsPerMWh,2033.0,Variable Cost: $m,14.548795111074584
PAK,PAK_N,GenCostsPerMWh,2034.0,Fixed O&M: $m,5.416328517412317
PAK,PAK_N,GenCostsPerMWh,2034.0,Investment costs: $m,18.284893134969177
PAK,PAK_N,GenCostsPerMWh,2034.0,Variable Cost: $m,14.456903897988736
PAK,PAK_N,GenCostsPerMWh,2035.0,Fixed O&M: $m,5.240784880561595
PAK,PAK_N,GenCostsPerMWh,2035.0,Investment costs: $m,18.12392698275552
PAK,PAK_N,GenCostsPerMWh,2035.0,Variable Cost: $m,15.359209133263429
PAK,PAK_N,GenCostsPerMWh,2040.0,Fixed O&M: $m,5.271668792244963
PAK,PAK_N,GenCostsPerMWh,2040.0,Investment costs: $m,21.643686074447167
PAK,PAK_N,GenCostsPerMWh,2040.0,Variable Cost: $m,15.033516437619925
PAK,PAK_N,GenCostsPerMWh,2045.0,Fixed O&M: $m,5.350122126676938
PAK,PAK_N,GenCostsPerMWh,2045.0,Investment costs: $m,24.72086558094203
PAK,PAK_N,GenCostsPerMWh,2045.0,Variable Cost: $m,14.98660082150905
PAK,PAK_N,GenCostsPerMWh,2050.0,Fixed O&M: $m,5.9667715689486975
PAK,PAK_N,GenCostsPerMWh,2050.0,Investment costs: $m,28.47189033119494
PAK,PAK_N,GenCostsPerMWh,2050.0,Variable Cost: $m,13.004864512672588
PAK,PAK_N,NetPresentCostPerMWh,,Carbon costs: $m,0.0
PAK,PAK_N,NetPresentCostPerMWh,,Excess generation: $m,0.0
PAK,PAK_N,NetPresentCostPerMWh,,Export revenues with external zones: $m,0.0
PAK,PAK_N,NetPresentCostPerMWh,,Export revenues with internal zones: $m,-0.4353988226368752
PAK,PAK_N,NetPresentCostPerMWh,,Fixed O&M: $m,5.122609081854119
PAK,PAK_N,NetPresentCostPerMWh,,Fuel costs: $m,11.617003550388068
PAK,PAK_N,NetPresentCostPerMWh,,Generation costs: $m,0.0
PAK,PAK_N,NetPresentCostPerMWh,,Import costs with external zones: $m,0.0
PAK,PAK_N,NetPresentCostPerMWh,,Import costs with internal zones: $m,4.755940901826973
PAK,PAK_N,NetPresentCostPerMWh,,NPV of system cost: $m,0.0
PAK,PAK_N,NetPresentCostPerMWh,,Spinning reserve costs: $m,0.0
PAK,PAK_N,NetPresentCostPerMWh,,Startup costs: $m,0.0
PAK,PAK_N,NetPresentCostPerMWh,,Trade shared benefits: $m,-1.2901106666196076
PAK,PAK_N,NetPresentCostPerMWh,,Transmission costs: $m,0.0
PAK,PAK_N,NetPresentCostPerMWh,,Unmet country CO2 backstop cost: $m,0.0
PAK,PAK_N,NetPresentCostPerMWh,,Unmet country planning reserve costs: $m,0.0
PAK,PAK_N,NetPresentCostPerMWh,,Unmet country spinning reserve costs: $m,0.0
PAK,PAK_N,NetPresentCostPerMWh,,Unmet demand costs: $m,0.0
PAK,PAK_N,NetPresentCostPerMWh,,Unmet system CO2 backstop cost: $m,0.0
PAK,PAK_N,NetPresentCostPerMWh,,Unmet system planning reserve costs: $m,0.0
PAK,PAK_N,NetPresentCostPerMWh,,Unmet system spinning reserve costs: $m,0.0
PAK,PAK_N,NetPresentCostPerMWh,,VRE curtailment: $m,0.0
PAK,PAK_N,NetPresentCostPerMWh,,Variable O&M: $m,2.798881611725653
PAK,PAK_S,Costs,2026.0,Carbon costs: $m,0.0
PAK,PAK_S,Costs,2026.0,Excess generation: $m,0.0
PAK,PAK_S,Costs,2026.0,Export revenues with external zones: $m,0.0
PAK,PAK_S,Costs,2026.0,Export revenues with internal zones: $m,-519.5625306201745
PAK,PAK_S,Costs,2026.0,Fixed O&M: $m,651.1582529999968
PAK,PAK_S,Costs,2026.0,Fuel costs: $m,1118.1633321504212
PAK,PAK_S,Costs,2026.0,Generation costs: $m,0.0
PAK,PAK_S,Costs,2026.0,Import costs with external zones: $m,0.0
PAK,PAK_S,Costs,2026.0,Import costs with internal zones: $m,208.89592981709689
PAK,PAK_S,Costs,2026.0,NPV of system cost: $m,0.0
PAK,PAK_S,Costs,2026.0,Spinning reserve costs: $m,0.0
PAK,PAK_S,Costs,2026.0,Startup costs: $m,0.0
PAK,PAK_S,Costs,2026.0,Trade shared benefits: $m,-292.7090860044581
PAK,PAK_S,Costs,2026.0,Transmission costs: $m,0.0
PAK,PAK_S,Costs,2026.0,Unmet country CO2 backstop cost: $m,0.0
PAK,PAK_S,Costs,2026.0,Unmet country planning reserve costs: $m,0.0
PAK,PAK_S,Costs,2026.0,Unmet country spinning reserve costs: $m,0.0
PAK,PAK_S,Costs,2026.0,Unmet demand costs: $m,0.0
PAK,PAK_S,Costs,2026.0,Unmet system CO2 backstop cost: $m,0.0
PAK,PAK_S,Costs,2026.0,Unmet system planning reserve costs: $m,0.0
PAK,PAK_S,Costs,2026.0,Unmet system spinning reserve costs: $m,0.0
PAK,PAK_S,Costs,2026.0,VRE curtailment: $m,0.0
PAK,PAK_S,Costs,2026.0,Variable O&M: $m,768.9392260014798
PAK,PAK_S,Costs,2027.0,Carbon costs: $m,0.0
PAK,PAK_S,Costs,2027.0,Excess generation: $m,0.0
PAK,PAK_S,Costs,2027.0,Export revenues with external zones: $m,0.0
PAK,PAK_S,Costs,2027.0,Export revenues with internal zones: $m,-507.33271423341273
PAK,PAK_S,Costs,2027.0,Fixed O&M: $m,651.1582529999968
PAK,PAK_S,Costs,2027.0,Fuel costs: $m,1178.6508441823637
PAK,PAK_S,Costs,2027.0,Generation costs: $m,0.0
PAK,PAK_S,Costs,2027.0,Import costs with external zones: $m,0.0
PAK,PAK_S,Costs,2027.0,Import costs with internal zones: $m,211.47148054087072
PAK,PAK_S,Costs,2027.0,NPV of system cost: $m,0.0
PAK,PAK_S,Costs,2027.0,Spinning reserve costs: $m,0.0
PAK,PAK_S,Costs,2027.0,Startup costs: $m,0.0
PAK,PAK_S,Costs,2027.0,Trade shared benefits: $m,-269.22116774532606
PAK,PAK_S,Costs,2027.0,Transmission costs: $m,0.0
PAK,PAK_S,Costs,2027.0,Unmet country CO2 backstop cost: $m,0.0
PAK,PAK_S,Costs,2027.0,Unmet country planning reserve costs: $m,0.0
PAK,PAK_S,Costs,2027.0,Unmet country spinning reserve costs: $m,0.0
PAK,PAK_S,Costs,2027.0,Unmet demand costs: $m,0.0
PAK,PAK_S,Costs,2027.0,Unmet system CO2 backstop cost: $m,0.0
PAK,PAK_S,Costs,2027.0,Unmet system planning reserve costs: $m,0.0
PAK,PAK_S,Costs,2027.0,Unmet system spinning reserve costs: $m,0.0
PAK,PAK_S,Costs,2027.0,VRE curtailment: $m,0.0
PAK,PAK_S,Costs,2027.0,Variable O&M: $m,789.0743891087812
PAK,PAK_S,Costs,2028.0,Carbon costs: $m,0.0
PAK,PAK_S,Costs,2028.0,Excess generation: $m,0.0
PAK,PAK_S,Costs,2028.0,Export revenues with external zones: $m,0.0
PAK,PAK_S,Costs,2028.0,Export revenues with internal zones: $m,-567.8948265850863
PAK,PAK_S,Costs,2028.0,Fixed O&M: $m,651.6802743731854
PAK,PAK_S,Costs,2028.0,Fuel costs: $m,1254.663489972341
PAK,PAK_S,Costs,2028.0,Generation costs: $m,0.0
PAK,PAK_S,Costs,2028.0,Import costs with external zones: $m,0.0
PAK,PAK_S,Costs,2028.0,Import costs with internal zones: $m,214.7196352733725
PAK,PAK_S,Costs,2028.0,NPV of system cost: $m,0.0
PAK,PAK_S,Costs,2028.0,Spinning reserve costs: $m,0.0
PAK,PAK_S,Costs,2028.0,Startup costs: $m,0.0
PAK,PAK_S,Costs,2028.0,Trade shared benefits: $m,-211.49149484461813
PAK,PAK_S,Costs,2028.0,Transmission costs: $m,0.0
PAK,PAK_S,Costs,2028.0,Unmet country CO2 backstop cost: $m,0.0
PAK,PAK_S,Costs,2028.0,Unmet country planning reserve costs: $m,0.0
PAK,PAK_S,Costs,2028.0,Unmet country spinning reserve costs: $m,0.0
PAK,PAK_S,Costs,2028.0,Unmet demand costs: $m,0.0
PAK,PAK_S,Costs,2028.0,Unmet system CO2 backstop cost: $m,0.0
PAK,PAK_S,Costs,2028.0,Unmet system planning reserve costs: $m,0.0
PAK,PAK_S,Costs,2028.0,Unmet system spinning reserve costs: $m,0.0
PAK,PAK_S,Costs,2028.0,VRE curtailment: $m,0.0
PAK,PAK_S,Costs,2028.0,Variable O&M: $m,810.9112056562552
PAK,PAK_S,Costs,2029.0,Carbon costs: $m,0.0
PAK,PAK_S,Costs,2029.0,Excess generation: $m,0.0
PAK,PAK_S,Costs,2029.0,Export revenues with external zones: $m,0.0
PAK,PAK_S,Costs,2029.0,Export revenues with internal zones: $m,-573.7430824588926
PAK,PAK_S,Costs,2029.0,Fixed O&M: $m,676.9837833731854
PAK,PAK_S,Costs,2029.0,Fuel costs: $m,1264.7862410254063
PAK,PAK_S,Costs,2029.0,Generation costs: $m,0.0
PAK,PAK_S,Costs,2029.0,Import costs with external zones: $m,0.0
PAK,PAK_S,Costs,2029.0,Import costs with internal zones: $m,217.2215965319354
PAK,PAK_S,Costs,2029.0,NPV of system cost: $m,0.0
PAK,PAK_S,Costs,2029.0,Spinning reserve costs: $m,0.0
PAK,PAK_S,Costs,2029.0,Startup costs: $m,0.0
PAK,PAK_S,Costs,2029.0,Trade shared benefits: $m,-207.720712895706
PAK,PAK_S,Costs,2029.0,Transmission costs: $m,0.0
PAK,PAK_S,Costs,2029.0,Unmet country CO2 backstop cost: $m,0.0
PAK,PAK_S,Costs,2029.0,Unmet country planning reserve costs: $m,0.0
PAK,PAK_S,Costs,2029.0,Unmet country spinning reserve costs: $m,0.0
PAK,PAK_S,Costs,2029.0,Unmet demand costs: $m,0.0
PAK,PAK_S,Costs,2029.0,Unmet system CO2 backstop cost: $m,0.0
PAK,PAK_S,Costs,2029.0,Unmet system planning reserve costs: $m,0.0
PAK,PAK_S,Costs,2029.0,Unmet system spinning reserve costs: $m,0.0
PAK,PAK_S,Costs,2029.0,VRE curtailment: $m,0.0
PAK,PAK_S,Costs,2029.0,Variable O&M: $m,810.6386061202743
PAK,PAK_S,Costs,2030.0,Carbon costs: $m,0.0
PAK,PAK_S,Costs,2030.0,Excess generation: $m,0.0
PAK,PAK_S,Costs,2030.0,Export revenues with external zones: $m,0.0
PAK,PAK_S,Costs,2030.0,Export revenues with internal zones: $m,-532.7707258772434
PAK,PAK_S,Costs,2030.0,Fixed O&M: $m,660.3578143731854
PAK,PAK_S,Costs,2030.0,Fuel costs: $m,1267.7805659130252
PAK,PAK_S,Costs,2030.0,Generation costs: $m,0.0
PAK,PAK_S,Costs,2030.0,Import costs with external zones: $m,0.0
PAK,PAK_S,Costs,2030.0,Import costs with internal zones: $m,219.6826455147497
PAK,PAK_S,Costs,2030.0,NPV of system cost: $m,0.0
PAK,PAK_S,Costs,2030.0,Spinning reserve costs: $m,0.0
PAK,PAK_S,Costs,2030.0,Startup costs: $m,0.0
PAK,PAK_S,Costs,2030.0,Trade shared benefits: $m,-245.5846676725215
PAK,PAK_S,Costs,2030.0,Transmission costs: $m,0.0
PAK,PAK_S,Costs,2030.0,Unmet country CO2 backstop cost: $m,0.0
PAK,PAK_S,Costs,2030.0,Unmet country planning reserve costs: $m,0.0
PAK,PAK_S,Costs,2030.0,Unmet country spinning reserve costs: $m,0.0
PAK,PAK_S,Costs,2030.0,Unmet demand costs: $m,0.0
PAK,PAK_S,Costs,2030.0,Unmet system CO2 backstop cost: $m,0.0
PAK,PAK_S,Costs,2030.0,Unmet system planning reserve costs: $m,0.0
PAK,PAK_S,Costs,2030.0,Unmet system spinning reserve costs: $m,0.0
PAK,PAK_S,Costs,2030.0,VRE curtailment: $m,0.0
PAK,PAK_S,Costs,2030.0,Variable O&M: $m,809.9116287045543
PAK,PAK_S,Costs,2031.0,Carbon costs: $m,0.0
PAK,PAK_S,Costs,2031.0,Excess generation: $m,0.0
PAK,PAK_S,Costs,2031.0,Export revenues with external zones: $m,0.0
PAK,PAK_S,Costs,2031.0,Export revenues with internal zones: $m,-546.7827094896165
PAK,PAK_S,Costs,2031.0,Fixed O&M: $m,681.0087233731854
PAK,PAK_S,Costs,2031.0,Fuel costs: $m,1281.0867523018862
PAK,PAK_S,Costs,2031.0,Generation costs: $m,0.0
PAK,PAK_S,Costs,2031.0,Import costs with external zones: $m,0.0
PAK,PAK_S,Costs,2031.0,Import costs with internal zones: $m,220.48766074672704
PAK,PAK_S,Costs,2031.0,NPV of system cost: $m,0.0
PAK,PAK_S,Costs,2031.0,Spinning reserve costs: $m,0.0
PAK,PAK_S,Costs,2031.0,Startup costs: $m,0.0
PAK,PAK_S,Costs,2031.0,Trade shared benefits: $m,-253.9319724565789
PAK,PAK_S,Costs,2031.0,Transmission costs: $m,0.0
PAK,PAK_S,Costs,2031.0,Unmet country CO2 backstop cost: $m,0.0
PAK,PAK_S,Costs,2031.0,Unmet country planning reserve costs: $m,0.0
PAK,PAK_S,Costs,2031.0,Unmet country spinning reserve costs: $m,0.0
PAK,PAK_S,Costs,2031.0,Unmet demand costs: $m,0.0
PAK,PAK_S,Costs,2031.0,Unmet system CO2 backstop cost: $m,0.0
PAK,PAK_S,Costs,2031.0,Unmet system planning reserve costs: $m,0.0
PAK,PAK_S,Costs,2031.0,Unmet system spinning reserve costs: $m,0.0
PAK,PAK_S,Costs,2031.0,VRE curtailment: $m,0.0
PAK,PAK_S,Costs,2031.0,Variable O&M: $m,814.6027770043246
PAK,PAK_S,Costs,2032.0,Carbon costs: $m,0.0
PAK,PAK_S,Costs,2032.0,Excess generation: $m,0.0
PAK,PAK_S,Costs,2032.0,Export revenues with external zones: $m,0.0
PAK,PAK_S,Costs,2032.0,Export revenues with internal zones: $m,-538.0851646316546
PAK,PAK_S,Costs,2032.0,Fixed O&M: $m,706.3122323731853
PAK,PAK_S,Costs,2032.0,Fuel costs: $m,1283.8662034888266
PAK,PAK_S,Costs,2032.0,Generation costs: $m,0.0
PAK,PAK_S,Costs,2032.0,Import costs with external zones: $m,0.0
PAK,PAK_S,Costs,2032.0,Import costs with internal zones: $m,221.80210247330348
PAK,PAK_S,Costs,2032.0,NPV of system cost: $m,0.0
PAK,PAK_S,Costs,2032.0,Spinning reserve costs: $m,0.0
PAK,PAK_S,Costs,2032.0,Startup costs: $m,0.0
PAK,PAK_S,Costs,2032.0,Trade shared benefits: $m,-238.48665140196223
PAK,PAK_S,Costs,2032.0,Transmission costs: $m,0.0
PAK,PAK_S,Costs,2032.0,Unmet country CO2 backstop cost: $m,0.0
PAK,PAK_S,Costs,2032.0,Unmet country planning reserve costs: $m,0.0
PAK,PAK_S,Costs,2032.0,Unmet country spinning reserve costs: $m,0.0
PAK,PAK_S,Costs,2032.0,Unmet demand costs: $m,0.0
PAK,PAK_S,Costs,2032.0,Unmet system CO2 backstop cost: $m,0.0
PAK,PAK_S,Costs,2032.0,Unmet system planning reserve costs: $m,0.0
PAK,PAK_S,Costs,2032.0,Unmet system spinning reserve costs: $m,0.0
PAK,PAK_S,Costs,2032.0,VRE curtailment: $m,0.0
PAK,PAK_S,Costs,2032.0,Variable O&M: $m,815.0233507002932
PAK,PAK_S,Costs,2033.0,Carbon costs: $m,0.0
PAK,PAK_S,Costs,2033.0,Excess generation: $m,0.0
PAK,PAK_S,Costs,2033.0,Export revenues with external zones: $m,0.0
PAK,PAK_S,Costs,2033.0,Export revenues with internal zones: $m,-531.1284329243267
PAK,PAK_S,Costs,2033.0,Fixed O&M: $m,731.6157413731854
PAK,PAK_S,Costs,2033.0,Fuel costs: $m,1284.6529141122503
PAK,PAK_S,Costs,2033.0,Generation costs: $m,0.0
PAK,PAK_S,Costs,2033.0,Import costs with external zones: $m,0.0
PAK,PAK_S,Costs,2033.0,Import costs with internal zones: $m,231.99858988067183
PAK,PAK_S,Costs,2033.0,NPV of system cost: $m,0.0
PAK,PAK_S,Costs,2033.0,Spinning reserve costs: $m,0.0
PAK,PAK_S,Costs,2033.0,Startup costs: $m,0.0
PAK,PAK_S,Costs,2033.0,Trade shared benefits: $m,-226.9644456926724
PAK,PAK_S,Costs,2033.0,Transmission costs: $m,0.0
PAK,PAK_S,Costs,2033.0,Unmet country CO2 backstop cost: $m,0.0
PAK,PAK_S,Costs,2033.0,Unmet country planning reserve costs: $m,0.0
PAK,PAK_S,Costs,2033.0,Unmet country spinning reserve costs: $m,0.0
PAK,PAK_S,Costs,2033.0,Unmet demand costs: $m,0.8711758852327821
PAK,PAK_S,Costs,2033.0,Unmet system CO2 backstop cost: $m,0.0
PAK,PAK_S,Costs,2033.0,Unmet system planning reserve costs: $m,0.0
PAK,PAK_S,Costs,2033.0,Unmet system spinning reserve costs: $m,0.0
PAK,PAK_S,Costs,2033.0,VRE curtailment: $m,0.0
PAK,PAK_S,Costs,2033.0,Variable O&M: $m,814.5611609723579
PAK,PAK_S,Costs,2034.0,Carbon costs: $m,0.0
PAK,PAK_S,Costs,2034.0,Excess generation: $m,0.0
PAK,PAK_S,Costs,2034.0,Export revenues with external zones: $m,0.0
PAK,PAK_S,Costs,2034.0,Export revenues with internal zones: $m,-515.9139820288761
PAK,PAK_S,Costs,2034.0,Fixed O&M: $m,744.1342554795632
PAK,PAK_S,Costs,2034.0,Fuel costs: $m,1307.9640608507118
PAK,PAK_S,Costs,2034.0,Generation costs: $m,0.0
PAK,PAK_S,Costs,2034.0,Import costs with external zones: $m,0.0
PAK,PAK_S,Costs,2034.0,Import costs with internal zones: $m,243.59757225898508
PAK,PAK_S,Costs,2034.0,NPV of system cost: $m,0.0
PAK,PAK_S,Costs,2034.0,Spinning reserve costs: $m,0.0
PAK,PAK_S,Costs,2034.0,Startup costs: $m,0.0
PAK,PAK_S,Costs,2034.0,Trade shared benefits: $m,-219.1411681933073
PAK,PAK_S,Costs,2034.0,Transmission costs: $m,0.0
PAK,PAK_S,Costs,2034.0,Unmet country CO2 backstop cost: $m,0.0
PAK,PAK_S,Costs,2034.0,Unmet country planning reserve costs: $m,0.0
PAK,PAK_S,Costs,2034.0,Unmet country spinning reserve costs: $m,0.0
PAK,PAK_S,Costs,2034.0,Unmet demand costs: $m,4.274161115261593
PAK,PAK_S,Costs,2034.0,Unmet system CO2 backstop cost: $m,0.0
PAK,PAK_S,Costs,2034.0,Unmet system planning reserve costs: $m,0.0
PAK,PAK_S,Costs,2034.0,Unmet system spinning reserve costs: $m,0.0
PAK,PAK_S,Costs,2034.0,VRE curtailment: $m,0.0
PAK,PAK_S,Costs,2034.0,Variable O&M: $m,822.7404130381523
PAK,PAK_S,Costs,2035.0,Carbon costs: $m,0.0
PAK,PAK_S,Costs,2035.0,Excess generation: $m,0.0
PAK,PAK_S,Costs,2035.0,Export revenues with external zones: $m,0.0
PAK,PAK_S,Costs,2035.0,Export revenues with internal zones: $m,-482.04263077673113
PAK,PAK_S,Costs,2035.0,Fixed O&M: $m,732.714787279563
PAK,PAK_S,Costs,2035.0,Fuel costs: $m,1355.5342386209584
PAK,PAK_S,Costs,2035.0,Generation costs: $m,0.0
PAK,PAK_S,Costs,2035.0,Import costs with external zones: $m,0.0
PAK,PAK_S,Costs,2035.0,Import costs with internal zones: $m,308.71802650989395
PAK,PAK_S,Costs,2035.0,NPV of system cost: $m,0.0
PAK,PAK_S,Costs,2035.0,Spinning reserve costs: $m,0.0
PAK,PAK_S,Costs,2035.0,Startup costs: $m,0.0
PAK,PAK_S,Costs,2035.0,Trade shared benefits: $m,-243.9133010284191
PAK,PAK_S,Costs,2035.0,Transmission costs: $m,0.0
PAK,PAK_S,Costs,2035.0,Unmet country CO2 backstop cost: $m,0.0
PAK,PAK_S,Costs,2035.0,Unmet country planning reserve costs: $m,0.0
PAK,PAK_S,Costs,2035.0,Unmet country spinning reserve costs: $m,0.0
PAK,PAK_S,Costs,2035.0,Unmet demand costs: $m,18.450554409262526
PAK,PAK_S,Costs,2035.0,Unmet system CO2 backstop cost: $m,0.0
PAK,PAK_S,Costs,2035.0,Unmet system planning reserve costs: $m,0.0
PAK,PAK_S,Costs,2035.0,Unmet system spinning reserve costs: $m,0.0
PAK,PAK_S,Costs,2035.0,VRE curtailment: $m,0.0
PAK,PAK_S,Costs,2035.0,Variable O&M: $m,841.0433764946994
PAK,PAK_S,Costs,2040.0,Carbon costs: $m,0.0
PAK,PAK_S,Costs,2040.0,Excess generation: $m,0.0
PAK,PAK_S,Costs,2040.0,Export revenues with external zones: $m,0.0
PAK,PAK_S,Costs,2040.0,Export revenues with internal zones: $m,-378.4481257008733
PAK,PAK_S,Costs,2040.0,Fixed O&M: $m,852.7285310539968
PAK,PAK_S,Costs,2040.0,Fuel costs: $m,1613.563116610285
PAK,PAK_S,Costs,2040.0,Generation costs: $m,0.0
PAK,PAK_S,Costs,2040.0,Import costs with external zones: $m,0.0
PAK,PAK_S,Costs,2040.0,Import costs with internal zones: $m,438.4183590612161
PAK,PAK_S,Costs,2040.0,NPV of system cost: $m,0.0
PAK,PAK_S,Costs,2040.0,Spinning reserve costs: $m,0.0
PAK,PAK_S,Costs,2040.0,Startup costs: $m,0.0
PAK,PAK_S,Costs,2040.0,Trade shared benefits: $m,-268.6646575753685
PAK,PAK_S,Costs,2040.0,Transmission costs: $m,0.0
PAK,PAK_S,Costs,2040.0,Unmet country CO2 backstop cost: $m,0.0
PAK,PAK_S,Costs,2040.0,Unmet country planning reserve costs: $m,0.0
PAK,PAK_S,Costs,2040.0,Unmet country spinning reserve costs: $m,0.0
PAK,PAK_S,Costs,2040.0,Unmet demand costs: $m,48.4184732791157
PAK,PAK_S,Costs,2040.0,Unmet system CO2 backstop cost: $m,0.0
PAK,PAK_S,Costs,2040.0,Unmet system planning reserve costs: $m,0.0
PAK,PAK_S,Costs,2040.0,Unmet system spinning reserve costs: $m,0.0
PAK,PAK_S,Costs,2040.0,VRE curtailment: $m,0.0
PAK,PAK_S,Costs,2040.0,Variable O&M: $m,835.7712700591463
PAK,PAK_S,Costs,2045.0,Carbon costs: $m,0.0
PAK,PAK_S,Costs,2045.0,Excess generation: $m,0.0
PAK,PAK_S,Costs,2045.0,Export revenues with external zones: $m,0.0
PAK,PAK_S,Costs,2045.0,Export revenues with internal zones: $m,-305.26893341683285
PAK,PAK_S,Costs,2045.0,Fixed O&M: $m,991.1754435603716
PAK,PAK_S,Costs,2045.0,Fuel costs: $m,2103.6628308307613
PAK,PAK_S,Costs,2045.0,Generation costs: $m,0.0
PAK,PAK_S,Costs,2045.0,Import costs with external zones: $m,0.0
PAK,PAK_S,Costs,2045.0,Import costs with internal zones: $m,570.4707820846824
PAK,PAK_S,Costs,2045.0,NPV of system cost: $m,0.0
PAK,PAK_S,Costs,2045.0,Spinning reserve costs: $m,0.0
PAK,PAK_S,Costs,2045.0,Startup costs: $m,0.0
PAK,PAK_S,Costs,2045.0,Trade shared benefits: $m,-367.9265858168014
PAK,PAK_S,Costs,2045.0,Transmission costs: $m,0.0
PAK,PAK_S,Costs,2045.0,Unmet country CO2 backstop cost: $m,0.0
PAK,PAK_S,Costs,2045.0,Unmet country planning reserve costs: $m,0.0
PAK,PAK_S,Costs,2045.0,Unmet country spinning reserve costs: $m,0.0
PAK,PAK_S,Costs,2045.0,Unmet demand costs: $m,105.09429347930129
PAK,PAK_S,Costs,2045.0,Unmet system CO2 backstop cost: $m,0.0
PAK,PAK_S,Costs,2045.0,Unmet system planning reserve costs: $m,0.0
PAK,PAK_S,Costs,2045.0,Unmet system spinning reserve costs: $m,0.0
PAK,PAK_S,Costs,2045.0,VRE curtailment: $m,0.0
PAK,PAK_S,Costs,2045.0,Variable O&M: $m,863.1095883654472
PAK,PAK_S,Costs,2050.0,Carbon costs: $m,0.0
PAK,PAK_S,Costs,2050.0,Excess generation: $m,0.0
PAK,PAK_S,Costs,2050.0,Export revenues with external zones: $m,0.0
PAK,PAK_S,Costs,2050.0,Export revenues with internal zones: $m,-391.7532361671592
PAK,PAK_S,Costs,2050.0,Fixed O&M: $m,1292.4445478587031
PAK,PAK_S,Costs,2050.0,Fuel costs: $m,2102.9417799206203
PAK,PAK_S,Costs,2050.0,Generation costs: $m,0.0
PAK,PAK_S,Costs,2050.0,Import costs with external zones: $m,0.0
PAK,PAK_S,Costs,2050.0,Import costs with internal zones: $m,502.7887783449248
PAK,PAK_S,Costs,2050.0,NPV of system cost: $m,0.0
PAK,PAK_S,Costs,2050.0,Spinning reserve costs: $m,0.0
PAK,PAK_S,Costs,2050.0,Startup costs: $m,0.0
PAK,PAK_S,Costs,2050.0,Trade shared benefits: $m,-405.6386689352847
PAK,PAK_S,Costs,2050.0,Transmission costs: $m,0.0
PAK,PAK_S,Costs,2050.0,Unmet country CO2 backstop cost: $m,0.0
PAK,PAK_S,Costs,2050.0,Unmet country planning reserve costs: $m,0.0
PAK,PAK_S,Costs,2050.0,Unmet country spinning reserve costs: $m,0.0
PAK,PAK_S,Costs,2050.0,Unmet demand costs: $m,129.8301359909918
PAK,PAK_S,Costs,2050.0,Unmet system CO2 backstop cost: $m,0.0
PAK,PAK_S,Costs,2050.0,Unmet system planning reserve costs: $m,0.0
PAK,PAK_S,Costs,2050.0,Unmet system spinning reserve costs: $m,0.0
PAK,PAK_S,Costs,2050.0,VRE curtailment: $m,0.0
PAK,PAK_S,Costs,2050.0,Variable O&M: $m,839.2926366666707
PAK,PAK_S,DiscountedWeightedCostsCumulated,2026.0,Carbon costs: $m,0.0
PAK,PAK_S,DiscountedWeightedCostsCumulated,2026.0,Excess generation: $m,0.0
PAK,PAK_S,DiscountedWeightedCostsCumulated,2026.0,Export revenues with external zones: $m,0.0
PAK,PAK_S,DiscountedWeightedCostsCumulated,2026.0,Export revenues with internal zones: $m,-519.5625306201745
PAK,PAK_S,DiscountedWeightedCostsCumulated,2026.0,Fixed O&M: $m,651.1582529999968
PAK,PAK_S,DiscountedWeightedCostsCumulated,2026.0,Fuel costs: $m,1118.1633321504212
PAK,PAK_S,DiscountedWeightedCostsCumulated,2026.0,Generation costs: $m,0.0
PAK,PAK_S,DiscountedWeightedCostsCumulated,2026.0,Import costs with external zones: $m,0.0
PAK,PAK_S,DiscountedWeightedCostsCumulated,2026.0,Import costs with internal zones: $m,208.89592981709689
PAK,PAK_S,DiscountedWeightedCostsCumulated,2026.0,NPV of system cost: $m,0.0
PAK,PAK_S,DiscountedWeightedCostsCumulated,2026.0,Spinning reserve costs: $m,0.0
PAK,PAK_S,DiscountedWeightedCostsCumulated,2026.0,Startup costs: $m,0.0
PAK,PAK_S,DiscountedWeightedCostsCumulated,2026.0,Trade shared benefits: $m,-292.7090860044581
PAK,PAK_S,DiscountedWeightedCostsCumulated,2026.0,Transmission costs: $m,0.0
PAK,PAK_S,DiscountedWeightedCostsCumulated,2026.0,Unmet country CO2 backstop cost: $m,0.0
PAK,PAK_S,DiscountedWeightedCostsCumulated,2026.0,Unmet country planning reserve costs: $m,0.0
PAK,PAK_S,DiscountedWeightedCostsCumulated,2026.0,Unmet country spinning reserve costs: $m,0.0
PAK,PAK_S,DiscountedWeightedCostsCumulated,2026.0,Unmet demand costs: $m,0.0
PAK,PAK_S,DiscountedWeightedCostsCumulated,2026.0,Unmet system CO2 backstop cost: $m,0.0
PAK,PAK_S,DiscountedWeightedCostsCumulated,2026.0,Unmet system planning reserve costs: $m,0.0
PAK,PAK_S,DiscountedWeightedCostsCumulated,2026.0,Unmet system spinning reserve costs: $m,0.0
PAK,PAK_S,DiscountedWeightedCostsCumulated,2026.0,VRE curtailment: $m,0.0
PAK,PAK_S,DiscountedWeightedCostsCumulated,2026.0,Variable O&M: $m,768.9392260014798
PAK,PAK_S,DiscountedWeightedCostsCumulated,2027.0,Carbon costs: $m,0.0
PAK,PAK_S,DiscountedWeightedCostsCumulated,2027.0,Excess generation: $m,0.0
PAK,PAK_S,DiscountedWeightedCostsCumulated,2027.0,Export revenues with external zones: $m,0.0
PAK,PAK_S,DiscountedWeightedCostsCumulated,2027.0,Export revenues with internal zones: $m,-1003.2852939421584
PAK,PAK_S,DiscountedWeightedCostsCumulated,2027.0,Fixed O&M: $m,1272.0132869140102
PAK,PAK_S,DiscountedWeightedCostsCumulated,2027.0,Fuel costs: $m,2241.9628178610405
PAK,PAK_S,DiscountedWeightedCostsCumulated,2027.0,Generation costs: $m,0.0
PAK,PAK_S,DiscountedWeightedCostsCumulated,2027.0,Import costs with external zones: $m,0.0
PAK,PAK_S,DiscountedWeightedCostsCumulated,2027.0,Import costs with internal zones: $m,410.5260752051944
PAK,PAK_S,DiscountedWeightedCostsCumulated,2027.0,NPV of system cost: $m,0.0
PAK,PAK_S,DiscountedWeightedCostsCumulated,2027.0,Spinning reserve costs: $m,0.0
PAK,PAK_S,DiscountedWeightedCostsCumulated,2027.0,Startup costs: $m,0.0
PAK,PAK_S,DiscountedWeightedCostsCumulated,2027.0,Trade shared benefits: $m,-549.4013976826386
PAK,PAK_S,DiscountedWeightedCostsCumulated,2027.0,Transmission costs: $m,0.0
PAK,PAK_S,DiscountedWeightedCostsCumulated,2027.0,Unmet country CO2 backstop cost: $m,0.0
PAK,PAK_S,DiscountedWeightedCostsCumulated,2027.0,Unmet country planning reserve costs: $m,0.0
PAK,PAK_S,DiscountedWeightedCostsCumulated,2027.0,Unmet country spinning reserve costs: $m,0.0
PAK,PAK_S,DiscountedWeightedCostsCumulated,2027.0,Unmet demand costs: $m,0.0
PAK,PAK_S,DiscountedWeightedCostsCumulated,2027.0,Unmet system CO2 backstop cost: $m,0.0
PAK,PAK_S,DiscountedWeightedCostsCumulated,2027.0,Unmet system planning reserve costs: $m,0.0
PAK,PAK_S,DiscountedWeightedCostsCumulated,2027.0,Unmet system spinning reserve costs: $m,0.0
PAK,PAK_S,DiscountedWeightedCostsCumulated,2027.0,VRE curtailment: $m,0.0
PAK,PAK_S,DiscountedWeightedCostsCumulated,2027.0,Variable O&M: $m,1521.2921361485223
PAK,PAK_S,DiscountedWeightedCostsCumulated,2028.0,Carbon costs: $m,0.0
PAK,PAK_S,DiscountedWeightedCostsCumulated,2028.0,Excess generation: $m,0.0
PAK,PAK_S,DiscountedWeightedCostsCumulated,2028.0,Export revenues with external zones: $m,0.0
PAK,PAK_S,DiscountedWeightedCostsCumulated,2028.0,Export revenues with internal zones: $m,-1495.5275410103338
PAK,PAK_S,DiscountedWeightedCostsCumulated,2028.0,Fixed O&M: $m,1836.879433972315
PAK,PAK_S,DiscountedWeightedCostsCumulated,2028.0,Fuel costs: $m,3329.485272207349
PAK,PAK_S,DiscountedWeightedCostsCumulated,2028.0,Generation costs: $m,0.0
PAK,PAK_S,DiscountedWeightedCostsCumulated,2028.0,Import costs with external zones: $m,0.0
PAK,PAK_S,DiscountedWeightedCostsCumulated,2028.0,Import costs with internal zones: $m,596.6416564866662
PAK,PAK_S,DiscountedWeightedCostsCumulated,2028.0,NPV of system cost: $m,0.0
PAK,PAK_S,DiscountedWeightedCostsCumulated,2028.0,Spinning reserve costs: $m,0.0
PAK,PAK_S,DiscountedWeightedCostsCumulated,2028.0,Startup costs: $m,0.0
PAK,PAK_S,DiscountedWeightedCostsCumulated,2028.0,Trade shared benefits: $m,-732.7188779353389
PAK,PAK_S,DiscountedWeightedCostsCumulated,2028.0,Transmission costs: $m,0.0
PAK,PAK_S,DiscountedWeightedCostsCumulated,2028.0,Unmet country CO2 backstop cost: $m,0.0
PAK,PAK_S,DiscountedWeightedCostsCumulated,2028.0,Unmet country planning reserve costs: $m,0.0
PAK,PAK_S,DiscountedWeightedCostsCumulated,2028.0,Unmet country spinning reserve costs: $m,0.0
PAK,PAK_S,DiscountedWeightedCostsCumulated,2028.0,Unmet demand costs: $m,0.0
PAK,PAK_S,DiscountedWeightedCostsCumulated,2028.0,Unmet system CO2 backstop cost: $m,0.0
PAK,PAK_S,DiscountedWeightedCostsCumulated,2028.0,Unmet system planning reserve costs: $m,0.0
PAK,PAK_S,DiscountedWeightedCostsCumulated,2028.0,Unmet system spinning reserve costs: $m,0.0
PAK,PAK_S,DiscountedWeightedCostsCumulated,2028.0,VRE curtailment: $m,0.0
PAK,PAK_S,DiscountedWeightedCostsCumulated,2028.0,Variable O&M: $m,2224.1771341424114
PAK,PAK_S,DiscountedWeightedCostsCumulated,2029.0,Carbon costs: $m,0.0
PAK,PAK_S,DiscountedWeightedCostsCumulated,2029.0,Excess generation: $m,0.0
PAK,PAK_S,DiscountedWeightedCostsCumulated,2029.0,Export revenues with external zones: $m,0.0
PAK,PAK_S,DiscountedWeightedCostsCumulated,2029.0,Export revenues with internal zones: $m,-1947.628834368188
PAK,PAK_S,DiscountedWeightedCostsCumulated,2029.0,Fixed O&M: $m,2370.3329141146905
PAK,PAK_S,DiscountedWeightedCostsCumulated,2029.0,Fuel costs: $m,4326.118631058823
PAK,PAK_S,DiscountedWeightedCostsCumulated,2029.0,Generation costs: $m,0.0
PAK,PAK_S,DiscountedWeightedCostsCumulated,2029.0,Import costs with external zones: $m,0.0
PAK,PAK_S,DiscountedWeightedCostsCumulated,2029.0,Import costs with internal zones: $m,767.8091489407161
PAK,PAK_S,DiscountedWeightedCostsCumulated,2029.0,NPV of system cost: $m,0.0
PAK,PAK_S,DiscountedWeightedCostsCumulated,2029.0,Spinning reserve costs: $m,0.0
PAK,PAK_S,DiscountedWeightedCostsCumulated,2029.0,Startup costs: $m,0.0
PAK,PAK_S,DiscountedWeightedCostsCumulated,2029.0,Trade shared benefits: $m,-896.3998107927605
PAK,PAK_S,DiscountedWeightedCostsCumulated,2029.0,Transmission costs: $m,0.0
PAK,PAK_S,DiscountedWeightedCostsCumulated,2029.0,Unmet country CO2 backstop cost: $m,0.0
PAK,PAK_S,DiscountedWeightedCostsCumulated,2029.0,Unmet country planning reserve costs: $m,0.0
PAK,PAK_S,DiscountedWeightedCostsCumulated,2029.0,Unmet country spinning reserve costs: $m,0.0
PAK,PAK_S,DiscountedWeightedCostsCumulated,2029.0,Unmet demand costs: $m,0.0
PAK,PAK_S,DiscountedWeightedCostsCumulated,2029.0,Unmet system CO2 backstop cost: $m,0.0
PAK,PAK_S,DiscountedWeightedCostsCumulated,2029.0,Unmet system planning reserve costs: $m,0.0
PAK,PAK_S,DiscountedWeightedCostsCumulated,2029.0,Unmet system spinning reserve costs: $m,0.0
PAK,PAK_S,DiscountedWeightedCostsCumulated,2029.0,VRE curtailment: $m,0.0
PAK,PAK_S,DiscountedWeightedCostsCumulated,2029.0,Variable O&M: $m,2862.948691443134
PAK,PAK_S,DiscountedWeightedCostsCumulated,2030.0,Carbon costs: $m,0.0
PAK,PAK_S,DiscountedWeightedCostsCumulated,2030.0,Excess generation: $m,0.0
PAK,PAK_S,DiscountedWeightedCostsCumulated,2030.0,Export revenues with external zones: $m,0.0
PAK,PAK_S,DiscountedWeightedCostsCumulated,2030.0,Export revenues with internal zones: $m,-2329.2794397544912
PAK,PAK_S,DiscountedWeightedCostsCumulated,2030.0,Fixed O&M: $m,2843.380601207716
PAK,PAK_S,DiscountedWeightedCostsCumulated,2030.0,Fuel costs: $m,5234.293943583748
PAK,PAK_S,DiscountedWeightedCostsCumulated,2030.0,Generation costs: $m,0.0
PAK,PAK_S,DiscountedWeightedCostsCumulated,2030.0,Import costs with external zones: $m,0.0
PAK,PAK_S,DiscountedWeightedCostsCumulated,2030.0,Import costs with internal zones: $m,925.1789340683006
PAK,PAK_S,DiscountedWeightedCostsCumulated,2030.0,NPV of system cost: $m,0.0
PAK,PAK_S,DiscountedWeightedCostsCumulated,2030.0,Spinning reserve costs: $m,0.0
PAK,PAK_S,DiscountedWeightedCostsCumulated,2030.0,Startup costs: $m,0.0
PAK,PAK_S,DiscountedWeightedCostsCumulated,2030.0,Trade shared benefits: $m,-1072.3245238792074
PAK,PAK_S,DiscountedWeightedCostsCumulated,2030.0,Transmission costs: $m,0.0
PAK,PAK_S,DiscountedWeightedCostsCumulated,2030.0,Unmet country CO2 backstop cost: $m,0.0
PAK,PAK_S,DiscountedWeightedCostsCumulated,2030.0,Unmet country planning reserve costs: $m,0.0
PAK,PAK_S,DiscountedWeightedCostsCumulated,2030.0,Unmet country spinning reserve costs: $m,0.0
PAK,PAK_S,DiscountedWeightedCostsCumulated,2030.0,Unmet demand costs: $m,0.0
PAK,PAK_S,DiscountedWeightedCostsCumulated,2030.0,Unmet system CO2 backstop cost: $m,0.0
PAK,PAK_S,DiscountedWeightedCostsCumulated,2030.0,Unmet system planning reserve costs: $m,0.0
PAK,PAK_S,DiscountedWeightedCostsCumulated,2030.0,Unmet system spinning reserve costs: $m,0.0
PAK,PAK_S,DiscountedWeightedCostsCumulated,2030.0,VRE curtailment: $m,0.0
PAK,PAK_S,DiscountedWeightedCostsCumulated,2030.0,Variable O&M: $m,3443.129336495545
PAK,PAK_S,DiscountedWeightedCostsCumulated,2031.0,Carbon costs: $m,0.0
PAK,PAK_S,DiscountedWeightedCostsCumulated,2031.0,Excess generation: $m,0.0
PAK,PAK_S,DiscountedWeightedCostsCumulated,2031.0,Export revenues with external zones: $m,0.0
PAK,PAK_S,DiscountedWeightedCostsCumulated,2031.0,Export revenues with internal zones: $m,-2685.359528508463
PAK,PAK_S,DiscountedWeightedCostsCumulated,2031.0,Fixed O&M: $m,3286.872398684824
PAK,PAK_S,DiscountedWeightedCostsCumulated,2031.0,Fuel costs: $m,6068.57322225186
PAK,PAK_S,DiscountedWeightedCostsCumulated,2031.0,Generation costs: $m,0.0
PAK,PAK_S,DiscountedWeightedCostsCumulated,2031.0,Import costs with external zones: $m,0.0
PAK,PAK_S,DiscountedWeightedCostsCumulated,2031.0,Import costs with internal zones: $m,1068.7666233738655
PAK,PAK_S,DiscountedWeightedCostsCumulated,2031.0,NPV of system cost: $m,0.0
PAK,PAK_S,DiscountedWeightedCostsCumulated,2031.0,Spinning reserve costs: $m,0.0
PAK,PAK_S,DiscountedWeightedCostsCumulated,2031.0,Startup costs: $m,0.0
PAK,PAK_S,DiscountedWeightedCostsCumulated,2031.0,Trade shared benefits: $m,-1237.6920779743443
PAK,PAK_S,DiscountedWeightedCostsCumulated,2031.0,Transmission costs: $m,0.0
PAK,PAK_S,DiscountedWeightedCostsCumulated,2031.0,Unmet country CO2 backstop cost: $m,0.0
PAK,PAK_S,DiscountedWeightedCostsCumulated,2031.0,Unmet country planning reserve costs: $m,0.0
PAK,PAK_S,DiscountedWeightedCostsCumulated,2031.0,Unmet country spinning reserve costs: $m,0.0
PAK,PAK_S,DiscountedWeightedCostsCumulated,2031.0,Unmet demand costs: $m,0.0
PAK,PAK_S,DiscountedWeightedCostsCumulated,2031.0,Unmet system CO2 backstop cost: $m,0.0
PAK,PAK_S,DiscountedWeightedCostsCumulated,2031.0,Unmet system planning reserve costs: $m,0.0
PAK,PAK_S,DiscountedWeightedCostsCumulated,2031.0,Unmet system spinning reserve costs: $m,0.0
PAK,PAK_S,DiscountedWeightedCostsCumulated,2031.0,VRE curtailment: $m,0.0
PAK,PAK_S,DiscountedWeightedCostsCumulated,2031.0,Variable O&M: $m,3973.62129262504
PAK,PAK_S,DiscountedWeightedCostsCumulated,2032.0,Carbon costs: $m,0.0
PAK,PAK_S,DiscountedWeightedCostsCumulated,2032.0,Excess generation: $m,0.0
PAK,PAK_S,DiscountedWeightedCostsCumulated,2032.0,Export revenues with external zones: $m,0.0
PAK,PAK_S,DiscountedWeightedCostsCumulated,2032.0,Export revenues with internal zones: $m,-3003.919533913172
PAK,PAK_S,DiscountedWeightedCostsCumulated,2032.0,Fixed O&M: $m,3705.027076330024
PAK,PAK_S,DiscountedWeightedCostsCumulated,2032.0,Fuel costs: $m,6828.654435422449
PAK,PAK_S,DiscountedWeightedCostsCumulated,2032.0,Generation costs: $m,0.0
PAK,PAK_S,DiscountedWeightedCostsCumulated,2032.0,Import costs with external zones: $m,0.0
PAK,PAK_S,DiscountedWeightedCostsCumulated,2032.0,Import costs with internal zones: $m,1200.0790690738688
PAK,PAK_S,DiscountedWeightedCostsCumulated,2032.0,NPV of system cost: $m,0.0
PAK,PAK_S,DiscountedWeightedCostsCumulated,2032.0,Spinning reserve costs: $m,0.0
PAK,PAK_S,DiscountedWeightedCostsCumulated,2032.0,Startup costs: $m,0.0
PAK,PAK_S,DiscountedWeightedCostsCumulated,2032.0,Trade shared benefits: $m,-1378.8821979650463
PAK,PAK_S,DiscountedWeightedCostsCumulated,2032.0,Transmission costs: $m,0.0
PAK,PAK_S,DiscountedWeightedCostsCumulated,2032.0,Unmet country CO2 backstop cost: $m,0.0
PAK,PAK_S,DiscountedWeightedCostsCumulated,2032.0,Unmet country planning reserve costs: $m,0.0
PAK,PAK_S,DiscountedWeightedCostsCumulated,2032.0,Unmet country spinning reserve costs: $m,0.0
PAK,PAK_S,DiscountedWeightedCostsCumulated,2032.0,Unmet demand costs: $m,0.0
PAK,PAK_S,DiscountedWeightedCostsCumulated,2032.0,Unmet system CO2 backstop cost: $m,0.0
PAK,PAK_S,DiscountedWeightedCostsCumulated,2032.0,Unmet system planning reserve costs: $m,0.0
PAK,PAK_S,DiscountedWeightedCostsCumulated,2032.0,Unmet system spinning reserve costs: $m,0.0
PAK,PAK_S,DiscountedWeightedCostsCumulated,2032.0,VRE curtailment: $m,0.0
PAK,PAK_S,DiscountedWeightedCostsCumulated,2032.0,Variable O&M: $m,4456.135697536726
PAK,PAK_S,DiscountedWeightedCostsCumulated,2033.0,Carbon costs: $m,0.0
PAK,PAK_S,DiscountedWeightedCostsCumulated,2033.0,Excess generation: $m,0.0
PAK,PAK_S,DiscountedWeightedCostsCumulated,2033.0,Export revenues with external zones: $m,0.0
PAK,PAK_S,DiscountedWeightedCostsCumulated,2033.0,Export revenues with internal zones: $m,-3289.775392603887
PAK,PAK_S,DiscountedWeightedCostsCumulated,2033.0,Fixed O&M: $m,4098.786161736911
PAK,PAK_S,DiscountedWeightedCostsCumulated,2033.0,Fuel costs: $m,7520.06076790062
PAK,PAK_S,DiscountedWeightedCostsCumulated,2033.0,Generation costs: $m,0.0
PAK,PAK_S,DiscountedWeightedCostsCumulated,2033.0,Import costs with external zones: $m,0.0
PAK,PAK_S,DiscountedWeightedCostsCumulated,2033.0,Import costs with internal zones: $m,1324.941817920198
PAK,PAK_S,DiscountedWeightedCostsCumulated,2033.0,NPV of system cost: $m,0.0
PAK,PAK_S,DiscountedWeightedCostsCumulated,2033.0,Spinning reserve costs: $m,0.0
PAK,PAK_S,DiscountedWeightedCostsCumulated,2033.0,Startup costs: $m,0.0
PAK,PAK_S,DiscountedWeightedCostsCumulated,2033.0,Trade shared benefits: $m,-1501.0355463718051
PAK,PAK_S,DiscountedWeightedCostsCumulated,2033.0,Transmission costs: $m,0.0
PAK,PAK_S,DiscountedWeightedCostsCumulated,2033.0,Unmet country CO2 backstop cost: $m,0.0
PAK,PAK_S,DiscountedWeightedCostsCumulated,2033.0,Unmet country planning reserve costs: $m,0.0
PAK,PAK_S,DiscountedWeightedCostsCumulated,2033.0,Unmet country spinning reserve costs: $m,0.0
PAK,PAK_S,DiscountedWeightedCostsCumulated,2033.0,Unmet demand costs: $m,0.4688710212193477
PAK,PAK_S,DiscountedWeightedCostsCumulated,2033.0,Unmet system CO2 backstop cost: $m,0.0
PAK,PAK_S,DiscountedWeightedCostsCumulated,2033.0,Unmet system planning reserve costs: $m,0.0
PAK,PAK_S,DiscountedWeightedCostsCumulated,2033.0,Unmet system spinning reserve costs: $m,0.0
PAK,PAK_S,DiscountedWeightedCostsCumulated,2033.0,VRE curtailment: $m,0.0
PAK,PAK_S,DiscountedWeightedCostsCumulated,2033.0,Variable O&M: $m,4894.53640382886
PAK,PAK_S,DiscountedWeightedCostsCumulated,2034.0,Carbon costs: $m,0.0
PAK,PAK_S,DiscountedWeightedCostsCumulated,2034.0,Excess generation: $m,0.0
PAK,PAK_S,DiscountedWeightedCostsCumulated,2034.0,Export revenues with external zones: $m,0.0
PAK,PAK_S,DiscountedWeightedCostsCumulated,2034.0,Export revenues with internal zones: $m,-3542.2002731231046
PAK,PAK_S,DiscountedWeightedCostsCumulated,2034.0,Fixed O&M: $m,4462.873988531208
PAK,PAK_S,DiscountedWeightedCostsCumulated,2034.0,Fuel costs: $m,8160.01758877467
PAK,PAK_S,DiscountedWeightedCostsCumulated,2034.0,Generation costs: $m,0.0
PAK,PAK_S,DiscountedWeightedCostsCumulated,2034.0,Import costs with external zones: $m,0.0
PAK,PAK_S,DiscountedWeightedCostsCumulated,2034.0,Import costs with internal zones: $m,1444.1285238715093
PAK,PAK_S,DiscountedWeightedCostsCumulated,2034.0,NPV of system cost: $m,0.0
PAK,PAK_S,DiscountedWeightedCostsCumulated,2034.0,Spinning reserve costs: $m,0.0
PAK,PAK_S,DiscountedWeightedCostsCumulated,2034.0,Startup costs: $m,0.0
PAK,PAK_S,DiscountedWeightedCostsCumulated,2034.0,Trade shared benefits: $m,-1608.2562946455769
PAK,PAK_S,DiscountedWeightedCostsCumulated,2034.0,Transmission costs: $m,0.0
PAK,PAK_S,DiscountedWeightedCostsCumulated,2034.0,Unmet country CO2 backstop cost: $m,0.0
PAK,PAK_S,DiscountedWeightedCostsCumulated,2034.0,Unmet country planning reserve costs: $m,0.0
PAK,PAK_S,DiscountedWeightedCostsCumulated,2034.0,Unmet country spinning reserve costs: $m,0.0
PAK,PAK_S,DiscountedWeightedCostsCumulated,2034.0,Unmet demand costs: $m,2.560120040284324
PAK,PAK_S,DiscountedWeightedCostsCumulated,2034.0,Unmet system CO2 backstop cost: $m,0.0
PAK,PAK_S,DiscountedWeightedCostsCumulated,2034.0,Unmet system planning reserve costs: $m,0.0
PAK,PAK_S,DiscountedWeightedCostsCumulated,2034.0,Unmet system spinning reserve costs: $m,0.0
PAK,PAK_S,DiscountedWeightedCostsCumulated,2034.0,VRE curtailment: $m,0.0
PAK,PAK_S,DiscountedWeightedCostsCumulated,2034.0,Variable O&M: $m,5297.084420928081
PAK,PAK_S,DiscountedWeightedCostsCumulated,2035.0,Carbon costs: $m,0.0
PAK,PAK_S,DiscountedWeightedCostsCumulated,2035.0,Excess generation: $m,0.0
PAK,PAK_S,DiscountedWeightedCostsCumulated,2035.0,Export revenues with external zones: $m,0.0
PAK,PAK_S,DiscountedWeightedCostsCumulated,2035.0,Export revenues with internal zones: $m,-3756.611550473978
PAK,PAK_S,DiscountedWeightedCostsCumulated,2035.0,Fixed O&M: $m,4788.7835729622375
PAK,PAK_S,DiscountedWeightedCostsCumulated,2035.0,Fuel costs: $m,8762.955605122399
PAK,PAK_S,DiscountedWeightedCostsCumulated,2035.0,Generation costs: $m,0.0
PAK,PAK_S,DiscountedWeightedCostsCumulated,2035.0,Import costs with external zones: $m,0.0
PAK,PAK_S,DiscountedWeightedCostsCumulated,2035.0,Import costs with internal zones: $m,1581.4454792174893
PAK,PAK_S,DiscountedWeightedCostsCumulated,2035.0,NPV of system cost: $m,0.0
PAK,PAK_S,DiscountedWeightedCostsCumulated,2035.0,Spinning reserve costs: $m,0.0
PAK,PAK_S,DiscountedWeightedCostsCumulated,2035.0,Startup costs: $m,0.0
PAK,PAK_S,DiscountedWeightedCostsCumulated,2035.0,Trade shared benefits: $m,-1716.748280825518
PAK,PAK_S,DiscountedWeightedCostsCumulated,2035.0,Transmission costs: $m,0.0
PAK,PAK_S,DiscountedWeightedCostsCumulated,2035.0,Unmet country CO2 backstop cost: $m,0.0
PAK,PAK_S,DiscountedWeightedCostsCumulated,2035.0,Unmet country planning reserve costs: $m,0.0
PAK,PAK_S,DiscountedWeightedCostsCumulated,2035.0,Unmet country spinning reserve costs: $m,0.0
PAK,PAK_S,DiscountedWeightedCostsCumulated,2035.0,Unmet demand costs: $m,10.766877464098322
PAK,PAK_S,DiscountedWeightedCostsCumulated,2035.0,Unmet system CO2 backstop cost: $m,0.0
PAK,PAK_S,DiscountedWeightedCostsCumulated,2035.0,Unmet system planning reserve costs: $m,0.0
PAK,PAK_S,DiscountedWeightedCostsCumulated,2035.0,Unmet system spinning reserve costs: $m,0.0
PAK,PAK_S,DiscountedWeightedCostsCumulated,2035.0,VRE curtailment: $m,0.0
PAK,PAK_S,DiscountedWeightedCostsCumulated,2035.0,Variable O&M: $m,5671.178273106984
PAK,PAK_S,DiscountedWeightedCostsCumulated,2040.0,Carbon costs: $m,0.0
PAK,PAK_S,DiscountedWeightedCostsCumulated,2040.0,Excess generation: $m,0.0
PAK,PAK_S,DiscountedWeightedCostsCumulated,2040.0,Export revenues with external zones: $m,0.0
PAK,PAK_S,DiscountedWeightedCostsCumulated,2040.0,Export revenues with internal zones: $m,-4388.965861556238
PAK,PAK_S,DiscountedWeightedCostsCumulated,2040.0,Fixed O&M: $m,6213.61970287095
PAK,PAK_S,DiscountedWeightedCostsCumulated,2040.0,Fuel costs: $m,11459.080975282974
PAK,PAK_S,DiscountedWeightedCostsCumulated,2040.0,Generation costs: $m,0.0
PAK,PAK_S,DiscountedWeightedCostsCumulated,2040.0,Import costs with external zones: $m,0.0
PAK,PAK_S,DiscountedWeightedCostsCumulated,2040.0,Import costs with internal zones: $m,2314.004899075995
PAK,PAK_S,DiscountedWeightedCostsCumulated,2040.0,NPV of system cost: $m,0.0
PAK,PAK_S,DiscountedWeightedCostsCumulated,2040.0,Spinning reserve costs: $m,0.0
PAK,PAK_S,DiscountedWeightedCostsCumulated,2040.0,Startup costs: $m,0.0
PAK,PAK_S,DiscountedWeightedCostsCumulated,2040.0,Trade shared benefits: $m,-2165.6638465680903
PAK,PAK_S,DiscountedWeightedCostsCumulated,2040.0,Transmission costs: $m,0.0
PAK,PAK_S,DiscountedWeightedCostsCumulated,2040.0,Unmet country CO2 backstop cost: $m,0.0
PAK,PAK_S,DiscountedWeightedCostsCumulated,2040.0,Unmet country planning reserve costs: $m,0.0
PAK,PAK_S,DiscountedWeightedCostsCumulated,2040.0,Unmet country spinning reserve costs: $m,0.0
PAK,PAK_S,DiscountedWeightedCostsCumulated,2040.0,Unmet demand costs: $m,91.66998738799408
PAK,PAK_S,DiscountedWeightedCostsCumulated,2040.0,Unmet system CO2 backstop cost: $m,0.0
PAK,PAK_S,DiscountedWeightedCostsCumulated,2040.0,Unmet system planning reserve costs: $m,0.0
PAK,PAK_S,DiscountedWeightedCostsCumulated,2040.0,Unmet system spinning reserve costs: $m,0.0
PAK,PAK_S,DiscountedWeightedCostsCumulated,2040.0,VRE curtailment: $m,0.0
PAK,PAK_S,DiscountedWeightedCostsCumulated,2040.0,Variable O&M: $m,7067.6802764445
PAK,PAK_S,DiscountedWeightedCostsCumulated,2045.0,Carbon costs: $m,0.0
PAK,PAK_S,DiscountedWeightedCostsCumulated,2045.0,Excess generation: $m,0.0
PAK,PAK_S,DiscountedWeightedCostsCumulated,2045.0,Export revenues with external zones: $m,0.0
PAK,PAK_S,DiscountedWeightedCostsCumulated,2045.0,Export revenues with internal zones: $m,-4705.684271583934
PAK,PAK_S,DiscountedWeightedCostsCumulated,2045.0,Fixed O&M: $m,7241.9703674119955
PAK,PAK_S,DiscountedWeightedCostsCumulated,2045.0,Fuel costs: $m,13641.64419767716
PAK,PAK_S,DiscountedWeightedCostsCumulated,2045.0,Generation costs: $m,0.0
PAK,PAK_S,DiscountedWeightedCostsCumulated,2045.0,Import costs with external zones: $m,0.0
PAK,PAK_S,DiscountedWeightedCostsCumulated,2045.0,Import costs with internal zones: $m,2905.871870427471
PAK,PAK_S,DiscountedWeightedCostsCumulated,2045.0,NPV of system cost: $m,0.0
PAK,PAK_S,DiscountedWeightedCostsCumulated,2045.0,Spinning reserve costs: $m,0.0
PAK,PAK_S,DiscountedWeightedCostsCumulated,2045.0,Startup costs: $m,0.0
PAK,PAK_S,DiscountedWeightedCostsCumulated,2045.0,Trade shared benefits: $m,-2547.389959220699
PAK,PAK_S,DiscountedWeightedCostsCumulated,2045.0,Transmission costs: $m,0.0
PAK,PAK_S,DiscountedWeightedCostsCumulated,2045.0,Unmet country CO2 backstop cost: $m,0.0
PAK,PAK_S,DiscountedWeightedCostsCumulated,2045.0,Unmet country planning reserve costs: $m,0.0
PAK,PAK_S,DiscountedWeightedCostsCumulated,2045.0,Unmet country spinning reserve costs: $m,0.0
PAK,PAK_S,DiscountedWeightedCostsCumulated,2045.0,Unmet demand costs: $m,200.70596809258308
PAK,PAK_S,DiscountedWeightedCostsCumulated,2045.0,Unmet system CO2 backstop cost: $m,0.0
PAK,PAK_S,DiscountedWeightedCostsCumulated,2045.0,Unmet system planning reserve costs: $m,0.0
PAK,PAK_S,DiscountedWeightedCostsCumulated,2045.0,Unmet system spinning reserve costs: $m,0.0
PAK,PAK_S,DiscountedWeightedCostsCumulated,2045.0,VRE curtailment: $m,0.0
PAK,PAK_S,DiscountedWeightedCostsCumulated,2045.0,Variable O&M: $m,7963.1618226570545
PAK,PAK_S,DiscountedWeightedCostsCumulated,2050.0,Carbon costs: $m,0.0
PAK,PAK_S,DiscountedWeightedCostsCumulated,2050.0,Excess generation: $m,0.0
PAK,PAK_S,DiscountedWeightedCostsCumulated,2050.0,Export revenues with external zones: $m,0.0
PAK,PAK_S,DiscountedWeightedCostsCumulated,2050.0,Export revenues with internal zones: $m,-4958.055514254659
PAK,PAK_S,DiscountedWeightedCostsCumulated,2050.0,Fixed O&M: $m,8074.575708001771
PAK,PAK_S,DiscountedWeightedCostsCumulated,2050.0,Fuel costs: $m,14996.379733381316
PAK,PAK_S,DiscountedWeightedCostsCumulated,2050.0,Generation costs: $m,0.0
PAK,PAK_S,DiscountedWeightedCostsCumulated,2050.0,Import costs with external zones: $m,0.0
PAK,PAK_S,DiscountedWeightedCostsCumulated,2050.0,Import costs with internal zones: $m,3229.7732886602007
PAK,PAK_S,DiscountedWeightedCostsCumulated,2050.0,NPV of system cost: $m,0.0
PAK,PAK_S,DiscountedWeightedCostsCumulated,2050.0,Spinning reserve costs: $m,0.0
PAK,PAK_S,DiscountedWeightedCostsCumulated,2050.0,Startup costs: $m,0.0
PAK,PAK_S,DiscountedWeightedCostsCumulated,2050.0,Trade shared benefits: $m,-2808.7063326502607
PAK,PAK_S,DiscountedWeightedCostsCumulated,2050.0,Transmission costs: $m,0.0
PAK,PAK_S,DiscountedWeightedCostsCumulated,2050.0,Unmet country CO2 backstop cost: $m,0.0
PAK,PAK_S,DiscountedWeightedCostsCumulated,2050.0,Unmet country planning reserve costs: $m,0.0
PAK,PAK_S,DiscountedWeightedCostsCumulated,2050.0,Unmet country spinning reserve costs: $m,0.0
PAK,PAK_S,DiscountedWeightedCostsCumulated,2050.0,Unmet demand costs: $m,284.34380367685634
PAK,PAK_S,DiscountedWeightedCostsCumulated,2050.0,Unmet system CO2 backstop cost: $m,0.0
PAK,PAK_S,DiscountedWeightedCostsCumulated,2050.0,Unmet system planning reserve costs: $m,0.0
PAK,PAK_S,DiscountedWeightedCostsCumulated,2050.0,Unmet system spinning reserve costs: $m,0.0
PAK,PAK_S,DiscountedWeightedCostsCumulated,2050.0,VRE curtailment: $m,0.0
PAK,PAK_S,DiscountedWeightedCostsCumulated,2050.0,Variable O&M: $m,8503.842297315794
PAK,PAK_S,GenCostsPerMWh,2026.0,Fixed O&M: $m,10.61757503669074
PAK,PAK_S,GenCostsPerMWh,2026.0,Variable Cost: $m,30.770481554671928
PAK,PAK_S,GenCostsPerMWh,2027.0,Fixed O&M: $m,10.308286496706312
PAK,PAK_S,GenCostsPerMWh,2027.0,Variable Cost: $m,31.15045437589406
PAK,PAK_S,GenCostsPerMWh,2028.0,Fixed O&M: $m,9.967700819011707
PAK,PAK_S,GenCostsPerMWh,2028.0,Investment costs: $m,0.0482341706056785
PAK,PAK_S,GenCostsPerMWh,2028.0,Variable Cost: $m,31.59376061390009
PAK,PAK_S,GenCostsPerMWh,2029.0,Fixed O&M: $m,9.955985652024204
PAK,PAK_S,GenCostsPerMWh,2029.0,Investment costs: $m,2.2352014920844105
PAK,PAK_S,GenCostsPerMWh,2029.0,Variable Cost: $m,30.52200142384625
PAK,PAK_S,GenCostsPerMWh,2030.0,Fixed O&M: $m,9.366897299241854
PAK,PAK_S,GenCostsPerMWh,2030.0,Investment costs: $m,4.209995530957514
PAK,PAK_S,GenCostsPerMWh,2030.0,Variable Cost: $m,29.47118816923833
PAK,PAK_S,GenCostsPerMWh,2031.0,Fixed O&M: $m,9.25057254451472
PAK,PAK_S,GenCostsPerMWh,2031.0,Investment costs: $m,5.944071836613393
PAK,PAK_S,GenCostsPerMWh,2031.0,Variable Cost: $m,28.46707737545865
PAK,PAK_S,GenCostsPerMWh,2032.0,Fixed O&M: $m,9.25100772314629
PAK,PAK_S,GenCostsPerMWh,2032.0,Investment costs: $m,7.522721606799728
PAK,PAK_S,GenCostsPerMWh,2032.0,Variable Cost: $m,27.49045335176259
PAK,PAK_S,GenCostsPerMWh,2033.0,Fixed O&M: $m,9.260749224461058
PAK,PAK_S,GenCostsPerMWh,2033.0,Investment costs: $m,8.950464642733266
PAK,PAK_S,GenCostsPerMWh,2033.0,Variable Cost: $m,26.57172887140093
PAK,PAK_S,GenCostsPerMWh,2034.0,Fixed O&M: $m,9.140361516228088
PAK,PAK_S,GenCostsPerMWh,2034.0,Investment costs: $m,10.179134693176325
PAK,PAK_S,GenCostsPerMWh,2034.0,Variable Cost: $m,26.17190249229608
PAK,PAK_S,GenCostsPerMWh,2035.0,Fixed O&M: $m,8.817588533282441
PAK,PAK_S,GenCostsPerMWh,2035.0,Investment costs: $m,10.54776070356088
PAK,PAK_S,GenCostsPerMWh,2035.0,Variable Cost: $m,26.433911158556263
PAK,PAK_S,GenCostsPerMWh,2040.0,Fixed O&M: $m,8.737292758194567
PAK,PAK_S,GenCostsPerMWh,2040.0,Investment costs: $m,16.889276228919464
PAK,PAK_S,GenCostsPerMWh,2040.0,Variable Cost: $m,25.096558658113544
PAK,PAK_S,GenCostsPerMWh,2045.0,Fixed O&M: $m,8.343760854783849
PAK,PAK_S,GenCostsPerMWh,2045.0,Investment costs: $m,19.672794378869902
PAK,PAK_S,GenCostsPerMWh,2045.0,Variable Cost: $m,24.97442782422397
PAK,PAK_S,GenCostsPerMWh,2050.0,Fixed O&M: $m,8.682454961064787
PAK,PAK_S,GenCostsPerMWh,2050.0,Investment costs: $m,27.01944827271994
PAK,PAK_S,GenCostsPerMWh,2050.0,Variable Cost: $m,19.76550394308015
PAK,PAK_S,NetPresentCostPerMWh,,Carbon costs: $m,0.0
PAK,PAK_S,NetPresentCostPerMWh,,Excess generation: $m,0.0
PAK,PAK_S,NetPresentCostPerMWh,,Export revenues with external zones: $m,0.0
PAK,PAK_S,NetPresentCostPerMWh,,Export revenues with internal zones: $m,-6.067721799742025
PAK,PAK_S,NetPresentCostPerMWh,,Fixed O&M: $m,9.88175281746014
PAK,PAK_S,NetPresentCostPerMWh,,Fuel costs: $m,18.352731219695983
PAK,PAK_S,NetPresentCostPerMWh,,Generation costs: $m,0.0
PAK,PAK_S,NetPresentCostPerMWh,,Import costs with external zones: $m,0.0
PAK,PAK_S,NetPresentCostPerMWh,,Import costs with internal zones: $m,3.952631376450825
PAK,PAK_S,NetPresentCostPerMWh,,NPV of system cost: $m,0.0
PAK,PAK_S,NetPresentCostPerMWh,,Spinning reserve costs: $m,0.0
PAK,PAK_S,NetPresentCostPerMWh,,Startup costs: $m,0.0
PAK,PAK_S,NetPresentCostPerMWh,,Trade shared benefits: $m,-3.437325095432588
PAK,PAK_S,NetPresentCostPerMWh,,Transmission costs: $m,0.0
PAK,PAK_S,NetPresentCostPerMWh,,Unmet country CO2 backstop cost: $m,0.0
PAK,PAK_S,NetPresentCostPerMWh,,Unmet country planning reserve costs: $m,0.0
PAK,PAK_S,NetPresentCostPerMWh,,Unmet country spinning reserve costs: $m,0.0
PAK,PAK_S,NetPresentCostPerMWh,,Unmet demand costs: $m,0.3479830129435317
PAK,PAK_S,NetPresentCostPerMWh,,Unmet system CO2 backstop cost: $m,0.0
PAK,PAK_S,NetPresentCostPerMWh,,Unmet system planning reserve costs: $m,0.0
PAK,PAK_S,NetPresentCostPerMWh,,Unmet system spinning reserve costs: $m,0.0
PAK,PAK_S,NetPresentCostPerMWh,,VRE curtailment: $m,0.0
PAK,PAK_S,NetPresentCostPerMWh,,Variable O&M: $m,10.407093898130384
TAJ,TAJ_N,Costs,2026.0,Carbon costs: $m,0.0
TAJ,TAJ_N,Costs,2026.0,Excess generation: $m,0.0
TAJ,TAJ_N,Costs,2026.0,Export revenues with external zones: $m,0.0
TAJ,TAJ_N,Costs,2026.0,Export revenues with internal zones: $m,-300.5083508406277
TAJ,TAJ_N,Costs,2026.0,Fixed O&M: $m,6.76962
TAJ,TAJ_N,Costs,2026.0,Fuel costs: $m,85.23862441687058
TAJ,TAJ_N,Costs,2026.0,Generation costs: $m,0.0
TAJ,TAJ_N,Costs,2026.0,Import costs with external zones: $m,0.0
TAJ,TAJ_N,Costs,2026.0,Import costs with internal zones: $m,401.2404494058745
TAJ,TAJ_N,Costs,2026.0,NPV of system cost: $m,0.0
TAJ,TAJ_N,Costs,2026.0,Spinning reserve costs: $m,0.0
TAJ,TAJ_N,Costs,2026.0,Startup costs: $m,0.0
TAJ,TAJ_N,Costs,2026.0,Trade shared benefits: $m,-1.053224232192574
TAJ,TAJ_N,Costs,2026.0,Transmission costs: $m,0.0
TAJ,TAJ_N,Costs,2026.0,Unmet country CO2 backstop cost: $m,0.0
TAJ,TAJ_N,Costs,2026.0,Unmet country planning reserve costs: $m,0.0
TAJ,TAJ_N,Costs,2026.0,Unmet country spinning reserve costs: $m,0.0
TAJ,TAJ_N,Costs,2026.0,Unmet demand costs: $m,0.0
TAJ,TAJ_N,Costs,2026.0,Unmet system CO2 backstop cost: $m,0.0
TAJ,TAJ_N,Costs,2026.0,Unmet system planning reserve costs: $m,0.0
TAJ,TAJ_N,Costs,2026.0,Unmet system spinning reserve costs: $m,0.0
TAJ,TAJ_N,Costs,2026.0,VRE curtailment: $m,0.0
TAJ,TAJ_N,Costs,2026.0,Variable O&M: $m,12.134849598628222
TAJ,TAJ_N,Costs,2027.0,Carbon costs: $m,0.0
TAJ,TAJ_N,Costs,2027.0,Excess generation: $m,0.0
TAJ,TAJ_N,Costs,2027.0,Export revenues with external zones: $m,0.0
TAJ,TAJ_N,Costs,2027.0,Export revenues with internal zones: $m,-276.6830429015596
TAJ,TAJ_N,Costs,2027.0,Fixed O&M: $m,8.954150662586576
TAJ,TAJ_N,Costs,2027.0,Fuel costs: $m,96.23370204095576
TAJ,TAJ_N,Costs,2027.0,Generation costs: $m,0.0
TAJ,TAJ_N,Costs,2027.0,Import costs with external zones: $m,0.0
TAJ,TAJ_N,Costs,2027.0,Import costs with internal zones: $m,334.0158313171024
TAJ,TAJ_N,Costs,2027.0,NPV of system cost: $m,0.0
TAJ,TAJ_N,Costs,2027.0,Spinning reserve costs: $m,0.0
TAJ,TAJ_N,Costs,2027.0,Startup costs: $m,0.0
TAJ,TAJ_N,Costs,2027.0,Trade shared benefits: $m,1.0508358883888125
TAJ,TAJ_N,Costs,2027.0,Transmission costs: $m,0.0
TAJ,TAJ_N,Costs,2027.0,Unmet country CO2 backstop cost: $m,0.0
TAJ,TAJ_N,Costs,2027.0,Unmet country planning reserve costs: $m,0.0
TAJ,TAJ_N,Costs,2027.0,Unmet country spinning reserve costs: $m,0.0
TAJ,TAJ_N,Costs,2027.0,Unmet demand costs: $m,0.0
TAJ,TAJ_N,Costs,2027.0,Unmet system CO2 backstop cost: $m,0.0
TAJ,TAJ_N,Costs,2027.0,Unmet system planning reserve costs: $m,0.0
TAJ,TAJ_N,Costs,2027.0,Unmet system spinning reserve costs: $m,0.0
TAJ,TAJ_N,Costs,2027.0,VRE curtailment: $m,0.0
TAJ,TAJ_N,Costs,2027.0,Variable O&M: $m,11.977582976304529
TAJ,TAJ_N,Costs,2028.0,Carbon costs: $m,0.0
TAJ,TAJ_N,Costs,2028.0,Excess generation: $m,0.0
TAJ,TAJ_N,Costs,2028.0,Export revenues with external zones: $m,0.0
TAJ,TAJ_N,Costs,2028.0,Export revenues with internal zones: $m,-295.05603759198533
TAJ,TAJ_N,Costs,2028.0,Fixed O&M: $m,8.954150662586576
TAJ,TAJ_N,Costs,2028.0,Fuel costs: $m,113.7752646903675
TAJ,TAJ_N,Costs,2028.0,Generation costs: $m,0.0
TAJ,TAJ_N,Costs,2028.0,Import costs with external zones: $m,0.0
TAJ,TAJ_N,Costs,2028.0,Import costs with internal zones: $m,396.3383633601032
TAJ,TAJ_N,Costs,2028.0,NPV of system cost: $m,0.0
TAJ,TAJ_N,Costs,2028.0,Spinning reserve costs: $m,0.0
TAJ,TAJ_N,Costs,2028.0,Startup costs: $m,0.0
TAJ,TAJ_N,Costs,2028.0,Trade shared benefits: $m,-4.638036669654
TAJ,TAJ_N,Costs,2028.0,Transmission costs: $m,0.0
TAJ,TAJ_N,Costs,2028.0,Unmet country CO2 backstop cost: $m,0.0
TAJ,TAJ_N,Costs,2028.0,Unmet country planning reserve costs: $m,0.0
TAJ,TAJ_N,Costs,2028.0,Unmet country spinning reserve costs: $m,0.0
TAJ,TAJ_N,Costs,2028.0,Unmet demand costs: $m,0.0
TAJ,TAJ_N,Costs,2028.0,Unmet system CO2 backstop cost: $m,0.0
TAJ,TAJ_N,Costs,2028.0,Unmet system planning reserve costs: $m,0.0
TAJ,TAJ_N,Costs,2028.0,Unmet system spinning reserve costs: $m,0.0
TAJ,TAJ_N,Costs,2028.0,VRE curtailment: $m,0.0
TAJ,TAJ_N,Costs,2028.0,Variable O&M: $m,12.457213486253462
TAJ,TAJ_N,Costs,2029.0,Carbon costs: $m,0.0
TAJ,TAJ_N,Costs,2029.0,Excess generation: $m,0.0
TAJ,TAJ_N,Costs,2029.0,Export revenues with external zones: $m,0.0
TAJ,TAJ_N,Costs,2029.0,Export revenues with internal zones: $m,-224.4605431384352
TAJ,TAJ_N,Costs,2029.0,Fixed O&M: $m,8.954150662586576
TAJ,TAJ_N,Costs,2029.0,Fuel costs: $m,86.90116429149666
TAJ,TAJ_N,Costs,2029.0,Generation costs: $m,0.0
TAJ,TAJ_N,Costs,2029.0,Import costs with external zones: $m,0.0
TAJ,TAJ_N,Costs,2029.0,Import costs with internal zones: $m,334.1383109830827
TAJ,TAJ_N,Costs,2029.0,NPV of system cost: $m,0.0
TAJ,TAJ_N,Costs,2029.0,Spinning reserve costs: $m,0.0
TAJ,TAJ_N,Costs,2029.0,Startup costs: $m,0.0
TAJ,TAJ_N,Costs,2029.0,Trade shared benefits: $m,-6.37781311520466
TAJ,TAJ_N,Costs,2029.0,Transmission costs: $m,0.0
TAJ,TAJ_N,Costs,2029.0,Unmet country CO2 backstop cost: $m,0.0
TAJ,TAJ_N,Costs,2029.0,Unmet country planning reserve costs: $m,0.0
TAJ,TAJ_N,Costs,2029.0,Unmet country spinning reserve costs: $m,0.0
TAJ,TAJ_N,Costs,2029.0,Unmet demand costs: $m,0.0
TAJ,TAJ_N,Costs,2029.0,Unmet system CO2 backstop cost: $m,0.0
TAJ,TAJ_N,Costs,2029.0,Unmet system planning reserve costs: $m,0.0
TAJ,TAJ_N,Costs,2029.0,Unmet system spinning reserve costs: $m,0.0
TAJ,TAJ_N,Costs,2029.0,VRE curtailment: $m,0.0
TAJ,TAJ_N,Costs,2029.0,Variable O&M: $m,9.175920819375737
TAJ,TAJ_N,Costs,2030.0,Carbon costs: $m,0.0
TAJ,TAJ_N,Costs,2030.0,Excess generation: $m,0.0
TAJ,TAJ_N,Costs,2030.0,Export revenues with external zones: $m,0.0
TAJ,TAJ_N,Costs,2030.0,Export revenues with internal zones: $m,-320.2512304704111
TAJ,TAJ_N,Costs,2030.0,Fixed O&M: $m,8.954150662586576
TAJ,TAJ_N,Costs,2030.0,Fuel costs: $m,65.69067321792603
TAJ,TAJ_N,Costs,2030.0,Generation costs: $m,0.0
TAJ,TAJ_N,Costs,2030.0,Import costs with external zones: $m,0.0
TAJ,TAJ_N,Costs,2030.0,Import costs with internal zones: $m,456.2549971327393
TAJ,TAJ_N,Costs,2030.0,NPV of system cost: $m,0.0
TAJ,TAJ_N,Costs,2030.0,Spinning reserve costs: $m,0.0
TAJ,TAJ_N,Costs,2030.0,Startup costs: $m,0.0
TAJ,TAJ_N,Costs,2030.0,Trade shared benefits: $m,-18.95662285160414
TAJ,TAJ_N,Costs,2030.0,Transmission costs: $m,0.0
TAJ,TAJ_N,Costs,2030.0,Unmet country CO2 backstop cost: $m,0.0
TAJ,TAJ_N,Costs,2030.0,Unmet country planning reserve costs: $m,0.0
TAJ,TAJ_N,Costs,2030.0,Unmet country spinning reserve costs: $m,0.0
TAJ,TAJ_N,Costs,2030.0,Unmet demand costs: $m,0.0
TAJ,TAJ_N,Costs,2030.0,Unmet system CO2 backstop cost: $m,0.0
TAJ,TAJ_N,Costs,2030.0,Unmet system planning reserve costs: $m,0.0
TAJ,TAJ_N,Costs,2030.0,Unmet system spinning reserve costs: $m,0.0
TAJ,TAJ_N,Costs,2030.0,VRE curtailment: $m,0.0
TAJ,TAJ_N,Costs,2030.0,Variable O&M: $m,6.925513745151557
TAJ,TAJ_N,Costs,2031.0,Carbon costs: $m,0.0
TAJ,TAJ_N,Costs,2031.0,Excess generation: $m,0.0
TAJ,TAJ_N,Costs,2031.0,Export revenues with external zones: $m,0.0
TAJ,TAJ_N,Costs,2031.0,Export revenues with internal zones: $m,-295.53730401922746
TAJ,TAJ_N,Costs,2031.0,Fixed O&M: $m,8.954150662586576
TAJ,TAJ_N,Costs,2031.0,Fuel costs: $m,52.59121223538624
TAJ,TAJ_N,Costs,2031.0,Generation costs: $m,0.0
TAJ,TAJ_N,Costs,2031.0,Import costs with external zones: $m,0.0
TAJ,TAJ_N,Costs,2031.0,Import costs with internal zones: $m,429.4946653687426
TAJ,TAJ_N,Costs,2031.0,NPV of system cost: $m,0.0
TAJ,TAJ_N,Costs,2031.0,Spinning reserve costs: $m,0.0
TAJ,TAJ_N,Costs,2031.0,Startup costs: $m,0.0
TAJ,TAJ_N,Costs,2031.0,Trade shared benefits: $m,-9.984256393654938
TAJ,TAJ_N,Costs,2031.0,Transmission costs: $m,0.0
TAJ,TAJ_N,Costs,2031.0,Unmet country CO2 backstop cost: $m,0.0
TAJ,TAJ_N,Costs,2031.0,Unmet country planning reserve costs: $m,0.0
TAJ,TAJ_N,Costs,2031.0,Unmet country spinning reserve costs: $m,0.0
TAJ,TAJ_N,Costs,2031.0,Unmet demand costs: $m,0.0
TAJ,TAJ_N,Costs,2031.0,Unmet system CO2 backstop cost: $m,0.0
TAJ,TAJ_N,Costs,2031.0,Unmet system planning reserve costs: $m,0.0
TAJ,TAJ_N,Costs,2031.0,Unmet system spinning reserve costs: $m,0.0
TAJ,TAJ_N,Costs,2031.0,VRE curtailment: $m,0.0
TAJ,TAJ_N,Costs,2031.0,Variable O&M: $m,5.962965332255978
TAJ,TAJ_N,Costs,2032.0,Carbon costs: $m,0.0
TAJ,TAJ_N,Costs,2032.0,Excess generation: $m,0.0
TAJ,TAJ_N,Costs,2032.0,Export revenues with external zones: $m,0.0
TAJ,TAJ_N,Costs,2032.0,Export revenues with internal zones: $m,-306.8324305973594
TAJ,TAJ_N,Costs,2032.0,Fixed O&M: $m,8.954150662586576
TAJ,TAJ_N,Costs,2032.0,Fuel costs: $m,59.57981004636704
TAJ,TAJ_N,Costs,2032.0,Generation costs: $m,0.0
TAJ,TAJ_N,Costs,2032.0,Import costs with external zones: $m,0.0
TAJ,TAJ_N,Costs,2032.0,Import costs with internal zones: $m,462.7831277489496
TAJ,TAJ_N,Costs,2032.0,NPV of system cost: $m,0.0
TAJ,TAJ_N,Costs,2032.0,Spinning reserve costs: $m,0.0
TAJ,TAJ_N,Costs,2032.0,Startup costs: $m,0.0
TAJ,TAJ_N,Costs,2032.0,Trade shared benefits: $m,-14.941928557150502
TAJ,TAJ_N,Costs,2032.0,Transmission costs: $m,0.0
TAJ,TAJ_N,Costs,2032.0,Unmet country CO2 backstop cost: $m,0.0
TAJ,TAJ_N,Costs,2032.0,Unmet country planning reserve costs: $m,0.0
TAJ,TAJ_N,Costs,2032.0,Unmet country spinning reserve costs: $m,0.0
TAJ,TAJ_N,Costs,2032.0,Unmet demand costs: $m,0.0
TAJ,TAJ_N,Costs,2032.0,Unmet system CO2 backstop cost: $m,0.0
TAJ,TAJ_N,Costs,2032.0,Unmet system planning reserve costs: $m,0.0
TAJ,TAJ_N,Costs,2032.0,Unmet system spinning reserve costs: $m,0.0
TAJ,TAJ_N,Costs,2032.0,VRE curtailment: $m,0.0
TAJ,TAJ_N,Costs,2032.0,Variable O&M: $m,6.508871202309865
TAJ,TAJ_N,Costs,2033.0,Carbon costs: $m,0.0
TAJ,TAJ_N,Costs,2033.0,Excess generation: $m,0.0
TAJ,TAJ_N,Costs,2033.0,Export revenues with external zones: $m,0.0
TAJ,TAJ_N,Costs,2033.0,Export revenues with internal zones: $m,-322.9488823731615
TAJ,TAJ_N,Costs,2033.0,Fixed O&M: $m,9.057555285139689
TAJ,TAJ_N,Costs,2033.0,Fuel costs: $m,69.62182286772972
TAJ,TAJ_N,Costs,2033.0,Generation costs: $m,0.0
TAJ,TAJ_N,Costs,2033.0,Import costs with external zones: $m,0.0
TAJ,TAJ_N,Costs,2033.0,Import costs with internal zones: $m,478.2165847759241
TAJ,TAJ_N,Costs,2033.0,NPV of system cost: $m,0.0
TAJ,TAJ_N,Costs,2033.0,Spinning reserve costs: $m,0.0
TAJ,TAJ_N,Costs,2033.0,Startup costs: $m,0.0
TAJ,TAJ_N,Costs,2033.0,Trade shared benefits: $m,-10.631206908554905
TAJ,TAJ_N,Costs,2033.0,Transmission costs: $m,0.0
TAJ,TAJ_N,Costs,2033.0,Unmet country CO2 backstop cost: $m,0.0
TAJ,TAJ_N,Costs,2033.0,Unmet country planning reserve costs: $m,0.0
TAJ,TAJ_N,Costs,2033.0,Unmet country spinning reserve costs: $m,0.0
TAJ,TAJ_N,Costs,2033.0,Unmet demand costs: $m,0.0
TAJ,TAJ_N,Costs,2033.0,Unmet system CO2 backstop cost: $m,0.0
TAJ,TAJ_N,Costs,2033.0,Unmet system planning reserve costs: $m,0.0
TAJ,TAJ_N,Costs,2033.0,Unmet system spinning reserve costs: $m,0.0
TAJ,TAJ_N,Costs,2033.0,VRE curtailment: $m,0.0
TAJ,TAJ_N,Costs,2033.0,Variable O&M: $m,7.29146811010582
TAJ,TAJ_N,Costs,2034.0,Carbon costs: $m,0.0
TAJ,TAJ_N,Costs,2034.0,Excess generation: $m,0.0
TAJ,TAJ_N,Costs,2034.0,Export revenues with external zones: $m,0.0
TAJ,TAJ_N,Costs,2034.0,Export revenues with internal zones: $m,-336.44255049184
TAJ,TAJ_N,Costs,2034.0,Fixed O&M: $m,10.284396525080602
TAJ,TAJ_N,Costs,2034.0,Fuel costs: $m,79.53962763181848
TAJ,TAJ_N,Costs,2034.0,Generation costs: $m,0.0
TAJ,TAJ_N,Costs,2034.0,Import costs with external zones: $m,0.0
TAJ,TAJ_N,Costs,2034.0,Import costs with internal zones: $m,516.6269362893864
TAJ,TAJ_N,Costs,2034.0,NPV of system cost: $m,0.0
TAJ,TAJ_N,Costs,2034.0,Spinning reserve costs: $m,0.0
TAJ,TAJ_N,Costs,2034.0,Startup costs: $m,0.0
TAJ,TAJ_N,Costs,2034.0,Trade shared benefits: $m,-11.05675396912858
TAJ,TAJ_N,Costs,2034.0,Transmission costs: $m,0.0
TAJ,TAJ_N,Costs,2034.0,Unmet country CO2 backstop cost: $m,0.0
TAJ,TAJ_N,Costs,2034.0,Unmet country planning reserve costs: $m,0.0
TAJ,TAJ_N,Costs,2034.0,Unmet country spinning reserve costs: $m,0.0
TAJ,TAJ_N,Costs,2034.0,Unmet demand costs: $m,0.0
TAJ,TAJ_N,Costs,2034.0,Unmet system CO2 backstop cost: $m,0.0
TAJ,TAJ_N,Costs,2034.0,Unmet system planning reserve costs: $m,0.0
TAJ,TAJ_N,Costs,2034.0,Unmet system spinning reserve costs: $m,0.0
TAJ,TAJ_N,Costs,2034.0,VRE curtailment: $m,0.0
TAJ,TAJ_N,Costs,2034.0,Variable O&M: $m,8.071811337017769
TAJ,TAJ_N,Costs,2035.0,Carbon costs: $m,0.0
TAJ,TAJ_N,Costs,2035.0,Excess generation: $m,0.0
TAJ,TAJ_N,Costs,2035.0,Export revenues with external zones: $m,0.0
TAJ,TAJ_N,Costs,2035.0,Export revenues with internal zones: $m,-368.937488389672
TAJ,TAJ_N,Costs,2035.0,Fixed O&M: $m,13.055755849216276
TAJ,TAJ_N,Costs,2035.0,Fuel costs: $m,110.61349197936316
TAJ,TAJ_N,Costs,2035.0,Generation costs: $m,0.0
TAJ,TAJ_N,Costs,2035.0,Import costs with external zones: $m,0.0
TAJ,TAJ_N,Costs,2035.0,Import costs with internal zones: $m,582.0866593211608
TAJ,TAJ_N,Costs,2035.0,NPV of system cost: $m,0.0
TAJ,TAJ_N,Costs,2035.0,Spinning reserve costs: $m,0.0
TAJ,TAJ_N,Costs,2035.0,Startup costs: $m,0.0
TAJ,TAJ_N,Costs,2035.0,Trade shared benefits: $m,-24.67589032471322
TAJ,TAJ_N,Costs,2035.0,Transmission costs: $m,0.0
TAJ,TAJ_N,Costs,2035.0,Unmet country CO2 backstop cost: $m,0.0
TAJ,TAJ_N,Costs,2035.0,Unmet country planning reserve costs: $m,0.0
TAJ,TAJ_N,Costs,2035.0,Unmet country spinning reserve costs: $m,0.0
TAJ,TAJ_N,Costs,2035.0,Unmet demand costs: $m,0.0
TAJ,TAJ_N,Costs,2035.0,Unmet system CO2 backstop cost: $m,0.0
TAJ,TAJ_N,Costs,2035.0,Unmet system planning reserve costs: $m,0.0
TAJ,TAJ_N,Costs,2035.0,Unmet system spinning reserve costs: $m,0.0
TAJ,TAJ_N,Costs,2035.0,VRE curtailment: $m,0.0
TAJ,TAJ_N,Costs,2035.0,Variable O&M: $m,10.479490767079184
TAJ,TAJ_N,Costs,2040.0,Carbon costs: $m,0.0
TAJ,TAJ_N,Costs,2040.0,Excess generation: $m,0.0
TAJ,TAJ_N,Costs,2040.0,Export revenues with external zones: $m,0.0
TAJ,TAJ_N,Costs,2040.0,Export revenues with internal zones: $m,-300.4333769297697
TAJ,TAJ_N,Costs,2040.0,Fixed O&M: $m,21.994159063751045
TAJ,TAJ_N,Costs,2040.0,Fuel costs: $m,106.90330035598834
TAJ,TAJ_N,Costs,2040.0,Generation costs: $m,0.0
TAJ,TAJ_N,Costs,2040.0,Import costs with external zones: $m,0.0
TAJ,TAJ_N,Costs,2040.0,Import costs with internal zones: $m,471.0398259908468
TAJ,TAJ_N,Costs,2040.0,NPV of system cost: $m,0.0
TAJ,TAJ_N,Costs,2040.0,Spinning reserve costs: $m,0.0
TAJ,TAJ_N,Costs,2040.0,Startup costs: $m,0.0
TAJ,TAJ_N,Costs,2040.0,Trade shared benefits: $m,-31.35189284980512
TAJ,TAJ_N,Costs,2040.0,Transmission costs: $m,0.0
TAJ,TAJ_N,Costs,2040.0,Unmet country CO2 backstop cost: $m,0.0
TAJ,TAJ_N,Costs,2040.0,Unmet country planning reserve costs: $m,0.0
TAJ,TAJ_N,Costs,2040.0,Unmet country spinning reserve costs: $m,0.0
TAJ,TAJ_N,Costs,2040.0,Unmet demand costs: $m,0.0
TAJ,TAJ_N,Costs,2040.0,Unmet system CO2 backstop cost: $m,0.0
TAJ,TAJ_N,Costs,2040.0,Unmet system planning reserve costs: $m,0.0
TAJ,TAJ_N,Costs,2040.0,Unmet system spinning reserve costs: $m,0.0
TAJ,TAJ_N,Costs,2040.0,VRE curtailment: $m,0.0
TAJ,TAJ_N,Costs,2040.0,Variable O&M: $m,10.389398833919902
TAJ,TAJ_N,Costs,2045.0,Carbon costs: $m,0.0
TAJ,TAJ_N,Costs,2045.0,Excess generation: $m,0.0
TAJ,TAJ_N,Costs,2045.0,Export revenues with external zones: $m,0.0
TAJ,TAJ_N,Costs,2045.0,Export revenues with internal zones: $m,-309.5557823000959
TAJ,TAJ_N,Costs,2045.0,Fixed O&M: $m,38.73458653995573
TAJ,TAJ_N,Costs,2045.0,Fuel costs: $m,130.4235254932333
TAJ,TAJ_N,Costs,2045.0,Generation costs: $m,0.0
TAJ,TAJ_N,Costs,2045.0,Import costs with external zones: $m,0.0
TAJ,TAJ_N,Costs,2045.0,Import costs with internal zones: $m,381.62482387443015
TAJ,TAJ_N,Costs,2045.0,NPV of system cost: $m,0.0
TAJ,TAJ_N,Costs,2045.0,Spinning reserve costs: $m,0.0
TAJ,TAJ_N,Costs,2045.0,Startup costs: $m,0.0
TAJ,TAJ_N,Costs,2045.0,Trade shared benefits: $m,-39.377351297811416
TAJ,TAJ_N,Costs,2045.0,Transmission costs: $m,0.0
TAJ,TAJ_N,Costs,2045.0,Unmet country CO2 backstop cost: $m,0.0
TAJ,TAJ_N,Costs,2045.0,Unmet country planning reserve costs: $m,0.0
TAJ,TAJ_N,Costs,2045.0,Unmet country spinning reserve costs: $m,0.0
TAJ,TAJ_N,Costs,2045.0,Unmet demand costs: $m,0.0
TAJ,TAJ_N,Costs,2045.0,Unmet system CO2 backstop cost: $m,0.0
TAJ,TAJ_N,Costs,2045.0,Unmet system planning reserve costs: $m,0.0
TAJ,TAJ_N,Costs,2045.0,Unmet system spinning reserve costs: $m,0.0
TAJ,TAJ_N,Costs,2045.0,VRE curtailment: $m,0.0
TAJ,TAJ_N,Costs,2045.0,Variable O&M: $m,12.465951465888926
TAJ,TAJ_N,Costs,2050.0,Carbon costs: $m,0.0
TAJ,TAJ_N,Costs,2050.0,Excess generation: $m,0.0
TAJ,TAJ_N,Costs,2050.0,Export revenues with external zones: $m,0.0
TAJ,TAJ_N,Costs,2050.0,Export revenues with internal zones: $m,-306.3438346032369
TAJ,TAJ_N,Costs,2050.0,Fixed O&M: $m,53.82702195210843
TAJ,TAJ_N,Costs,2050.0,Fuel costs: $m,215.14835175457733
TAJ,TAJ_N,Costs,2050.0,Generation costs: $m,0.0
TAJ,TAJ_N,Costs,2050.0,Import costs with external zones: $m,0.0
TAJ,TAJ_N,Costs,2050.0,Import costs with internal zones: $m,342.4787363634389
TAJ,TAJ_N,Costs,2050.0,NPV of system cost: $m,0.0
TAJ,TAJ_N,Costs,2050.0,Spinning reserve costs: $m,0.0
TAJ,TAJ_N,Costs,2050.0,Startup costs: $m,0.0
TAJ,TAJ_N,Costs,2050.0,Trade shared benefits: $m,-55.26134107130502
TAJ,TAJ_N,Costs,2050.0,Transmission costs: $m,0.0
TAJ,TAJ_N,Costs,2050.0,Unmet country CO2 backstop cost: $m,0.0
TAJ,TAJ_N,Costs,2050.0,Unmet country planning reserve costs: $m,0.0
TAJ,TAJ_N,Costs,2050.0,Unmet country spinning reserve costs: $m,0.0
TAJ,TAJ_N,Costs,2050.0,Unmet demand costs: $m,0.0
TAJ,TAJ_N,Costs,2050.0,Unmet system CO2 backstop cost: $m,0.0
TAJ,TAJ_N,Costs,2050.0,Unmet system planning reserve costs: $m,0.0
TAJ,TAJ_N,Costs,2050.0,Unmet system spinning reserve costs: $m,0.0
TAJ,TAJ_N,Costs,2050.0,VRE curtailment: $m,0.0
TAJ,TAJ_N,Costs,2050.0,Variable O&M: $m,19.714448839035832
TAJ,TAJ_N,DiscountedWeightedCostsCumulated,2026.0,Carbon costs: $m,0.0
TAJ,TAJ_N,DiscountedWeightedCostsCumulated,2026.0,Excess generation: $m,0.0
TAJ,TAJ_N,DiscountedWeightedCostsCumulated,2026.0,Export revenues with external zones: $m,0.0
TAJ,TAJ_N,DiscountedWeightedCostsCumulated,2026.0,Export revenues with internal zones: $m,-300.5083508406277
TAJ,TAJ_N,DiscountedWeightedCostsCumulated,2026.0,Fixed O&M: $m,6.76962
TAJ,TAJ_N,DiscountedWeightedCostsCumulated,2026.0,Fuel costs: $m,85.23862441687058
TAJ,TAJ_N,DiscountedWeightedCostsCumulated,2026.0,Generation costs: $m,0.0
TAJ,TAJ_N,DiscountedWeightedCostsCumulated,2026.0,Import costs with external zones: $m,0.0
TAJ,TAJ_N,DiscountedWeightedCostsCumulated,2026.0,Import costs with internal zones: $m,401.2404494058745
TAJ,TAJ_N,DiscountedWeightedCostsCumulated,2026.0,NPV of system cost: $m,0.0
TAJ,TAJ_N,DiscountedWeightedCostsCumulated,2026.0,Spinning reserve costs: $m,0.0
TAJ,TAJ_N,DiscountedWeightedCostsCumulated,2026.0,Startup costs: $m,0.0
TAJ,TAJ_N,DiscountedWeightedCostsCumulated,2026.0,Trade shared benefits: $m,-1.053224232192574
TAJ,TAJ_N,DiscountedWeightedCostsCumulated,2026.0,Transmission costs: $m,0.0
TAJ,TAJ_N,DiscountedWeightedCostsCumulated,2026.0,Unmet country CO2 backstop cost: $m,0.0
TAJ,TAJ_N,DiscountedWeightedCostsCumulated,2026.0,Unmet country planning reserve costs: $m,0.0
TAJ,TAJ_N,DiscountedWeightedCostsCumulated,2026.0,Unmet country spinning reserve costs: $m,0.0
TAJ,TAJ_N,DiscountedWeightedCostsCumulated,2026.0,Unmet demand costs: $m,0.0
TAJ,TAJ_N,DiscountedWeightedCostsCumulated,2026.0,Unmet system CO2 backstop cost: $m,0.0
TAJ,TAJ_N,DiscountedWeightedCostsCumulated,2026.0,Unmet system planning reserve costs: $m,0.0
TAJ,TAJ_N,DiscountedWeightedCostsCumulated,2026.0,Unmet system spinning reserve costs: $m,0.0
TAJ,TAJ_N,DiscountedWeightedCostsCumulated,2026.0,VRE curtailment: $m,0.0
TAJ,TAJ_N,DiscountedWeightedCostsCumulated,2026.0,Variable O&M: $m,12.134849598628222
TAJ,TAJ_N,DiscountedWeightedCostsCumulated,2027.0,Carbon costs: $m,0.0
TAJ,TAJ_N,DiscountedWeightedCostsCumulated,2027.0,Excess generation: $m,0.0
TAJ,TAJ_N,DiscountedWeightedCostsCumulated,2027.0,Export revenues with external zones: $m,0.0
TAJ,TAJ_N,DiscountedWeightedCostsCumulated,2027.0,Export revenues with internal zones: $m,-564.315281325898
TAJ,TAJ_N,DiscountedWeightedCostsCumulated,2027.0,Fixed O&M: $m,15.307067675244932
TAJ,TAJ_N,DiscountedWeightedCostsCumulated,2027.0,Fuel costs: $m,176.9938591375291
TAJ,TAJ_N,DiscountedWeightedCostsCumulated,2027.0,Generation costs: $m,0.0
TAJ,TAJ_N,DiscountedWeightedCostsCumulated,2027.0,Import costs with external zones: $m,0.0
TAJ,TAJ_N,DiscountedWeightedCostsCumulated,2027.0,Import costs with internal zones: $m,719.7120487824978
TAJ,TAJ_N,DiscountedWeightedCostsCumulated,2027.0,NPV of system cost: $m,0.0
TAJ,TAJ_N,DiscountedWeightedCostsCumulated,2027.0,Spinning reserve costs: $m,0.0
TAJ,TAJ_N,DiscountedWeightedCostsCumulated,2027.0,Startup costs: $m,0.0
TAJ,TAJ_N,DiscountedWeightedCostsCumulated,2027.0,Trade shared benefits: $m,-0.0512915251771846
TAJ,TAJ_N,DiscountedWeightedCostsCumulated,2027.0,Transmission costs: $m,0.0
TAJ,TAJ_N,DiscountedWeightedCostsCumulated,2027.0,Unmet country CO2 backstop cost: $m,0.0
TAJ,TAJ_N,DiscountedWeightedCostsCumulated,2027.0,Unmet country planning reserve costs: $m,0.0
TAJ,TAJ_N,DiscountedWeightedCostsCumulated,2027.0,Unmet country spinning reserve costs: $m,0.0
TAJ,TAJ_N,DiscountedWeightedCostsCumulated,2027.0,Unmet demand costs: $m,0.0
TAJ,TAJ_N,DiscountedWeightedCostsCumulated,2027.0,Unmet system CO2 backstop cost: $m,0.0
TAJ,TAJ_N,DiscountedWeightedCostsCumulated,2027.0,Unmet system planning reserve costs: $m,0.0
TAJ,TAJ_N,DiscountedWeightedCostsCumulated,2027.0,Unmet system spinning reserve costs: $m,0.0
TAJ,TAJ_N,DiscountedWeightedCostsCumulated,2027.0,VRE curtailment: $m,0.0
TAJ,TAJ_N,DiscountedWeightedCostsCumulated,2027.0,Variable O&M: $m,23.555026876119463
TAJ,TAJ_N,DiscountedWeightedCostsCumulated,2028.0,Carbon costs: $m,0.0
TAJ,TAJ_N,DiscountedWeightedCostsCumulated,2028.0,Excess generation: $m,0.0
TAJ,TAJ_N,DiscountedWeightedCostsCumulated,2028.0,Export revenues with external zones: $m,0.0
TAJ,TAJ_N,DiscountedWeightedCostsCumulated,2028.0,Export revenues with internal zones: $m,-820.0651845758972
TAJ,TAJ_N,DiscountedWeightedCostsCumulated,2028.0,Fixed O&M: $m,23.068383743649413
TAJ,TAJ_N,DiscountedWeightedCostsCumulated,2028.0,Fuel costs: $m,275.61245774096585
TAJ,TAJ_N,DiscountedWeightedCostsCumulated,2028.0,Generation costs: $m,0.0
TAJ,TAJ_N,DiscountedWeightedCostsCumulated,2028.0,Import costs with external zones: $m,0.0
TAJ,TAJ_N,DiscountedWeightedCostsCumulated,2028.0,Import costs with internal zones: $m,1063.2518689158474
TAJ,TAJ_N,DiscountedWeightedCostsCumulated,2028.0,NPV of system cost: $m,0.0
TAJ,TAJ_N,DiscountedWeightedCostsCumulated,2028.0,Spinning reserve costs: $m,0.0
TAJ,TAJ_N,DiscountedWeightedCostsCumulated,2028.0,Startup costs: $m,0.0
TAJ,TAJ_N,DiscountedWeightedCostsCumulated,2028.0,Trade shared benefits: $m,-4.071468299781099
TAJ,TAJ_N,DiscountedWeightedCostsCumulated,2028.0,Transmission costs: $m,0.0
TAJ,TAJ_N,DiscountedWeightedCostsCumulated,2028.0,Unmet country CO2 backstop cost: $m,0.0
TAJ,TAJ_N,DiscountedWeightedCostsCumulated,2028.0,Unmet country planning reserve costs: $m,0.0
TAJ,TAJ_N,DiscountedWeightedCostsCumulated,2028.0,Unmet country spinning reserve costs: $m,0.0
TAJ,TAJ_N,DiscountedWeightedCostsCumulated,2028.0,Unmet demand costs: $m,0.0
TAJ,TAJ_N,DiscountedWeightedCostsCumulated,2028.0,Unmet system CO2 backstop cost: $m,0.0
TAJ,TAJ_N,DiscountedWeightedCostsCumulated,2028.0,Unmet system planning reserve costs: $m,0.0
TAJ,TAJ_N,DiscountedWeightedCostsCumulated,2028.0,Unmet system spinning reserve costs: $m,0.0
TAJ,TAJ_N,DiscountedWeightedCostsCumulated,2028.0,VRE curtailment: $m,0.0
TAJ,TAJ_N,DiscountedWeightedCostsCumulated,2028.0,Variable O&M: $m,34.35274235374522
TAJ,TAJ_N,DiscountedWeightedCostsCumulated,2029.0,Carbon costs: $m,0.0
TAJ,TAJ_N,DiscountedWeightedCostsCumulated,2029.0,Excess generation: $m,0.0
TAJ,TAJ_N,DiscountedWeightedCostsCumulated,2029.0,Export revenues with external zones: $m,0.0
TAJ,TAJ_N,DiscountedWeightedCostsCumulated,2029.0,Export revenues with internal zones: $m,-996.936862794281
TAJ,TAJ_N,DiscountedWeightedCostsCumulated,2029.0,Fixed O&M: $m,30.124125624017125
TAJ,TAJ_N,DiscountedWeightedCostsCumulated,2029.0,Fuel costs: $m,344.08932477718645
TAJ,TAJ_N,DiscountedWeightedCostsCumulated,2029.0,Generation costs: $m,0.0
TAJ,TAJ_N,DiscountedWeightedCostsCumulated,2029.0,Import costs with external zones: $m,0.0
TAJ,TAJ_N,DiscountedWeightedCostsCumulated,2029.0,Import costs with internal zones: $m,1326.5480500365736
TAJ,TAJ_N,DiscountedWeightedCostsCumulated,2029.0,NPV of system cost: $m,0.0
TAJ,TAJ_N,DiscountedWeightedCostsCumulated,2029.0,Spinning reserve costs: $m,0.0
TAJ,TAJ_N,DiscountedWeightedCostsCumulated,2029.0,Startup costs: $m,0.0
TAJ,TAJ_N,DiscountedWeightedCostsCumulated,2029.0,Trade shared benefits: $m,-9.097093263869969
TAJ,TAJ_N,DiscountedWeightedCostsCumulated,2029.0,Transmission costs: $m,0.0
TAJ,TAJ_N,DiscountedWeightedCostsCumulated,2029.0,Unmet country CO2 backstop cost: $m,0.0
TAJ,TAJ_N,DiscountedWeightedCostsCumulated,2029.0,Unmet country planning reserve costs: $m,0.0
TAJ,TAJ_N,DiscountedWeightedCostsCumulated,2029.0,Unmet country spinning reserve costs: $m,0.0
TAJ,TAJ_N,DiscountedWeightedCostsCumulated,2029.0,Unmet demand costs: $m,0.0
TAJ,TAJ_N,DiscountedWeightedCostsCumulated,2029.0,Unmet system CO2 backstop cost: $m,0.0
TAJ,TAJ_N,DiscountedWeightedCostsCumulated,2029.0,Unmet system planning reserve costs: $m,0.0
TAJ,TAJ_N,DiscountedWeightedCostsCumulated,2029.0,Unmet system spinning reserve costs: $m,0.0
TAJ,TAJ_N,DiscountedWeightedCostsCumulated,2029.0,VRE curtailment: $m,0.0
TAJ,TAJ_N,DiscountedWeightedCostsCumulated,2029.0,Variable O&M: $m,41.5832359266002
TAJ,TAJ_N,DiscountedWeightedCostsCumulated,2030.0,Carbon costs: $m,0.0
TAJ,TAJ_N,DiscountedWeightedCostsCumulated,2030.0,Excess generation: $m,0.0
TAJ,TAJ_N,DiscountedWeightedCostsCumulated,2030.0,Export revenues with external zones: $m,0.0
TAJ,TAJ_N,DiscountedWeightedCostsCumulated,2030.0,Export revenues with internal zones: $m,-1226.3490096112646
TAJ,TAJ_N,DiscountedWeightedCostsCumulated,2030.0,Fixed O&M: $m,36.53843642435141
TAJ,TAJ_N,DiscountedWeightedCostsCumulated,2030.0,Fuel costs: $m,391.146875021852
TAJ,TAJ_N,DiscountedWeightedCostsCumulated,2030.0,Generation costs: $m,0.0
TAJ,TAJ_N,DiscountedWeightedCostsCumulated,2030.0,Import costs with external zones: $m,0.0
TAJ,TAJ_N,DiscountedWeightedCostsCumulated,2030.0,Import costs with internal zones: $m,1653.386570639445
TAJ,TAJ_N,DiscountedWeightedCostsCumulated,2030.0,NPV of system cost: $m,0.0
TAJ,TAJ_N,DiscountedWeightedCostsCumulated,2030.0,Spinning reserve costs: $m,0.0
TAJ,TAJ_N,DiscountedWeightedCostsCumulated,2030.0,Startup costs: $m,0.0
TAJ,TAJ_N,DiscountedWeightedCostsCumulated,2030.0,Trade shared benefits: $m,-22.6766805722416
TAJ,TAJ_N,DiscountedWeightedCostsCumulated,2030.0,Transmission costs: $m,0.0
TAJ,TAJ_N,DiscountedWeightedCostsCumulated,2030.0,Unmet country CO2 backstop cost: $m,0.0
TAJ,TAJ_N,DiscountedWeightedCostsCumulated,2030.0,Unmet country planning reserve costs: $m,0.0
TAJ,TAJ_N,DiscountedWeightedCostsCumulated,2030.0,Unmet country spinning reserve costs: $m,0.0
TAJ,TAJ_N,DiscountedWeightedCostsCumulated,2030.0,Unmet demand costs: $m,0.0
TAJ,TAJ_N,DiscountedWeightedCostsCumulated,2030.0,Unmet system CO2 backstop cost: $m,0.0
TAJ,TAJ_N,DiscountedWeightedCostsCumulated,2030.0,Unmet system planning reserve costs: $m,0.0
TAJ,TAJ_N,DiscountedWeightedCostsCumulated,2030.0,Unmet system spinning reserve costs: $m,0.0
TAJ,TAJ_N,DiscountedWeightedCostsCumulated,2030.0,VRE curtailment: $m,0.0
TAJ,TAJ_N,DiscountedWeightedCostsCumulated,2030.0,Variable O&M: $m,46.54433154441248
TAJ,TAJ_N,DiscountedWeightedCostsCumulated,2031.0,Carbon costs: $m,0.0
TAJ,TAJ_N,DiscountedWeightedCostsCumulated,2031.0,Excess generation: $m,0.0
TAJ,TAJ_N,DiscountedWeightedCostsCumulated,2031.0,Export revenues with external zones: $m,0.0
TAJ,TAJ_N,DiscountedWeightedCostsCumulated,2031.0,Export revenues with internal zones: $m,-1418.8111113180018
TAJ,TAJ_N,DiscountedWeightedCostsCumulated,2031.0,Fixed O&M: $m,42.369628061018936
TAJ,TAJ_N,DiscountedWeightedCostsCumulated,2031.0,Fuel costs: $m,425.3957332893992
TAJ,TAJ_N,DiscountedWeightedCostsCumulated,2031.0,Generation costs: $m,0.0
TAJ,TAJ_N,DiscountedWeightedCostsCumulated,2031.0,Import costs with external zones: $m,0.0
TAJ,TAJ_N,DiscountedWeightedCostsCumulated,2031.0,Import costs with internal zones: $m,1933.085427076608
TAJ,TAJ_N,DiscountedWeightedCostsCumulated,2031.0,NPV of system cost: $m,0.0
TAJ,TAJ_N,DiscountedWeightedCostsCumulated,2031.0,Spinning reserve costs: $m,0.0
TAJ,TAJ_N,DiscountedWeightedCostsCumulated,2031.0,Startup costs: $m,0.0
TAJ,TAJ_N,DiscountedWeightedCostsCumulated,2031.0,Trade shared benefits: $m,-29.178705674889024
TAJ,TAJ_N,DiscountedWeightedCostsCumulated,2031.0,Transmission costs: $m,0.0
TAJ,TAJ_N,DiscountedWeightedCostsCumulated,2031.0,Unmet country CO2 backstop cost: $m,0.0
TAJ,TAJ_N,DiscountedWeightedCostsCumulated,2031.0,Unmet country planning reserve costs: $m,0.0
TAJ,TAJ_N,DiscountedWeightedCostsCumulated,2031.0,Unmet country spinning reserve costs: $m,0.0
TAJ,TAJ_N,DiscountedWeightedCostsCumulated,2031.0,Unmet demand costs: $m,0.0
TAJ,TAJ_N,DiscountedWeightedCostsCumulated,2031.0,Unmet system CO2 backstop cost: $m,0.0
TAJ,TAJ_N,DiscountedWeightedCostsCumulated,2031.0,Unmet system planning reserve costs: $m,0.0
TAJ,TAJ_N,DiscountedWeightedCostsCumulated,2031.0,Unmet system spinning reserve costs: $m,0.0
TAJ,TAJ_N,DiscountedWeightedCostsCumulated,2031.0,VRE curtailment: $m,0.0
TAJ,TAJ_N,DiscountedWeightedCostsCumulated,2031.0,Variable O&M: $m,50.427580205893584
TAJ,TAJ_N,DiscountedWeightedCostsCumulated,2032.0,Carbon costs: $m,0.0
TAJ,TAJ_N,DiscountedWeightedCostsCumulated,2032.0,Excess generation: $m,0.0
TAJ,TAJ_N,DiscountedWeightedCostsCumulated,2032.0,Export revenues with external zones: $m,0.0
TAJ,TAJ_N,DiscountedWeightedCostsCumulated,2032.0,Export revenues with internal zones: $m,-1600.4636584874556
TAJ,TAJ_N,DiscountedWeightedCostsCumulated,2032.0,Fixed O&M: $m,47.67071136708033
TAJ,TAJ_N,DiscountedWeightedCostsCumulated,2032.0,Fuel costs: $m,460.66848537014977
TAJ,TAJ_N,DiscountedWeightedCostsCumulated,2032.0,Generation costs: $m,0.0
TAJ,TAJ_N,DiscountedWeightedCostsCumulated,2032.0,Import costs with external zones: $m,0.0
TAJ,TAJ_N,DiscountedWeightedCostsCumulated,2032.0,Import costs with internal zones: $m,2207.0647250894654
TAJ,TAJ_N,DiscountedWeightedCostsCumulated,2032.0,NPV of system cost: $m,0.0
TAJ,TAJ_N,DiscountedWeightedCostsCumulated,2032.0,Spinning reserve costs: $m,0.0
TAJ,TAJ_N,DiscountedWeightedCostsCumulated,2032.0,Startup costs: $m,0.0
TAJ,TAJ_N,DiscountedWeightedCostsCumulated,2032.0,Trade shared benefits: $m,-38.02470470030543
TAJ,TAJ_N,DiscountedWeightedCostsCumulated,2032.0,Transmission costs: $m,0.0
TAJ,TAJ_N,DiscountedWeightedCostsCumulated,2032.0,Unmet country CO2 backstop cost: $m,0.0
TAJ,TAJ_N,DiscountedWeightedCostsCumulated,2032.0,Unmet country planning reserve costs: $m,0.0
TAJ,TAJ_N,DiscountedWeightedCostsCumulated,2032.0,Unmet country spinning reserve costs: $m,0.0
TAJ,TAJ_N,DiscountedWeightedCostsCumulated,2032.0,Unmet demand costs: $m,0.0
TAJ,TAJ_N,DiscountedWeightedCostsCumulated,2032.0,Unmet system CO2 backstop cost: $m,0.0
TAJ,TAJ_N,DiscountedWeightedCostsCumulated,2032.0,Unmet system planning reserve costs: $m,0.0
TAJ,TAJ_N,DiscountedWeightedCostsCumulated,2032.0,Unmet system spinning reserve costs: $m,0.0
TAJ,TAJ_N,DiscountedWeightedCostsCumulated,2032.0,VRE curtailment: $m,0.0
TAJ,TAJ_N,DiscountedWeightedCostsCumulated,2032.0,Variable O&M: $m,54.28099632229176
TAJ,TAJ_N,DiscountedWeightedCostsCumulated,2033.0,Carbon costs: $m,0.0
TAJ,TAJ_N,DiscountedWeightedCostsCumulated,2033.0,Excess generation: $m,0.0
TAJ,TAJ_N,DiscountedWeightedCostsCumulated,2033.0,Export revenues with external zones: $m,0.0
TAJ,TAJ_N,DiscountedWeightedCostsCumulated,2033.0,Export revenues with internal zones: $m,-1774.276289032768
TAJ,TAJ_N,DiscountedWeightedCostsCumulated,2033.0,Fixed O&M: $m,52.54553087056024
TAJ,TAJ_N,DiscountedWeightedCostsCumulated,2033.0,Fuel costs: $m,498.1392828755496
TAJ,TAJ_N,DiscountedWeightedCostsCumulated,2033.0,Generation costs: $m,0.0
TAJ,TAJ_N,DiscountedWeightedCostsCumulated,2033.0,Import costs with external zones: $m,0.0
TAJ,TAJ_N,DiscountedWeightedCostsCumulated,2033.0,Import costs with internal zones: $m,2464.44317445736
TAJ,TAJ_N,DiscountedWeightedCostsCumulated,2033.0,NPV of system cost: $m,0.0
TAJ,TAJ_N,DiscountedWeightedCostsCumulated,2033.0,Spinning reserve costs: $m,0.0
TAJ,TAJ_N,DiscountedWeightedCostsCumulated,2033.0,Startup costs: $m,0.0
TAJ,TAJ_N,DiscountedWeightedCostsCumulated,2033.0,Trade shared benefits: $m,-43.74647102155341
TAJ,TAJ_N,DiscountedWeightedCostsCumulated,2033.0,Transmission costs: $m,0.0
TAJ,TAJ_N,DiscountedWeightedCostsCumulated,2033.0,Unmet country CO2 backstop cost: $m,0.0
TAJ,TAJ_N,DiscountedWeightedCostsCumulated,2033.0,Unmet country planning reserve costs: $m,0.0
TAJ,TAJ_N,DiscountedWeightedCostsCumulated,2033.0,Unmet country spinning reserve costs: $m,0.0
TAJ,TAJ_N,DiscountedWeightedCostsCumulated,2033.0,Unmet demand costs: $m,0.0
TAJ,TAJ_N,DiscountedWeightedCostsCumulated,2033.0,Unmet system CO2 backstop cost: $m,0.0
TAJ,TAJ_N,DiscountedWeightedCostsCumulated,2033.0,Unmet system planning reserve costs: $m,0.0
TAJ,TAJ_N,DiscountedWeightedCostsCumulated,2033.0,Unmet system spinning reserve costs: $m,0.0
TAJ,TAJ_N,DiscountedWeightedCostsCumulated,2033.0,VRE curtailment: $m,0.0
TAJ,TAJ_N,DiscountedWeightedCostsCumulated,2033.0,Variable O&M: $m,58.20529927525988
TAJ,TAJ_N,DiscountedWeightedCostsCumulated,2034.0,Carbon costs: $m,0.0
TAJ,TAJ_N,DiscountedWeightedCostsCumulated,2034.0,Excess generation: $m,0.0
TAJ,TAJ_N,DiscountedWeightedCostsCumulated,2034.0,Export revenues with external zones: $m,0.0
TAJ,TAJ_N,DiscountedWeightedCostsCumulated,2034.0,Export revenues with internal zones: $m,-1938.889913721719
TAJ,TAJ_N,DiscountedWeightedCostsCumulated,2034.0,Fixed O&M: $m,57.57745024953614
TAJ,TAJ_N,DiscountedWeightedCostsCumulated,2034.0,Fuel costs: $m,537.0561986810628
TAJ,TAJ_N,DiscountedWeightedCostsCumulated,2034.0,Generation costs: $m,0.0
TAJ,TAJ_N,DiscountedWeightedCostsCumulated,2034.0,Import costs with external zones: $m,0.0
TAJ,TAJ_N,DiscountedWeightedCostsCumulated,2034.0,Import costs with internal zones: $m,2717.21688714685
TAJ,TAJ_N,DiscountedWeightedCostsCumulated,2034.0,NPV of system cost: $m,0.0
TAJ,TAJ_N,DiscountedWeightedCostsCumulated,2034.0,Spinning reserve costs: $m,0.0
TAJ,TAJ_N,DiscountedWeightedCostsCumulated,2034.0,Startup costs: $m,0.0
TAJ,TAJ_N,DiscountedWeightedCostsCumulated,2034.0,Trade shared benefits: $m,-49.1562871862788
TAJ,TAJ_N,DiscountedWeightedCostsCumulated,2034.0,Transmission costs: $m,0.0
TAJ,TAJ_N,DiscountedWeightedCostsCumulated,2034.0,Unmet country CO2 backstop cost: $m,0.0
TAJ,TAJ_N,DiscountedWeightedCostsCumulated,2034.0,Unmet country planning reserve costs: $m,0.0
TAJ,TAJ_N,DiscountedWeightedCostsCumulated,2034.0,Unmet country spinning reserve costs: $m,0.0
TAJ,TAJ_N,DiscountedWeightedCostsCumulated,2034.0,Unmet demand costs: $m,0.0
TAJ,TAJ_N,DiscountedWeightedCostsCumulated,2034.0,Unmet system CO2 backstop cost: $m,0.0
TAJ,TAJ_N,DiscountedWeightedCostsCumulated,2034.0,Unmet system planning reserve costs: $m,0.0
TAJ,TAJ_N,DiscountedWeightedCostsCumulated,2034.0,Unmet system spinning reserve costs: $m,0.0
TAJ,TAJ_N,DiscountedWeightedCostsCumulated,2034.0,VRE curtailment: $m,0.0
TAJ,TAJ_N,DiscountedWeightedCostsCumulated,2034.0,Variable O&M: $m,62.15465146049748
TAJ,TAJ_N,DiscountedWeightedCostsCumulated,2035.0,Carbon costs: $m,0.0
TAJ,TAJ_N,DiscountedWeightedCostsCumulated,2035.0,Excess generation: $m,0.0
TAJ,TAJ_N,DiscountedWeightedCostsCumulated,2035.0,Export revenues with external zones: $m,0.0
TAJ,TAJ_N,DiscountedWeightedCostsCumulated,2035.0,Export revenues with internal zones: $m,-2102.992325205096
TAJ,TAJ_N,DiscountedWeightedCostsCumulated,2035.0,Fixed O&M: $m,63.38461565293832
TAJ,TAJ_N,DiscountedWeightedCostsCumulated,2035.0,Fuel costs: $m,586.2567850883692
TAJ,TAJ_N,DiscountedWeightedCostsCumulated,2035.0,Generation costs: $m,0.0
TAJ,TAJ_N,DiscountedWeightedCostsCumulated,2035.0,Import costs with external zones: $m,0.0
TAJ,TAJ_N,DiscountedWeightedCostsCumulated,2035.0,Import costs with internal zones: $m,2976.1274817406284
TAJ,TAJ_N,DiscountedWeightedCostsCumulated,2035.0,NPV of system cost: $m,0.0
TAJ,TAJ_N,DiscountedWeightedCostsCumulated,2035.0,Spinning reserve costs: $m,0.0
TAJ,TAJ_N,DiscountedWeightedCostsCumulated,2035.0,Startup costs: $m,0.0
TAJ,TAJ_N,DiscountedWeightedCostsCumulated,2035.0,Trade shared benefits: $m,-60.13205743250495
TAJ,TAJ_N,DiscountedWeightedCostsCumulated,2035.0,Transmission costs: $m,0.0
TAJ,TAJ_N,DiscountedWeightedCostsCumulated,2035.0,Unmet country CO2 backstop cost: $m,0.0
TAJ,TAJ_N,DiscountedWeightedCostsCumulated,2035.0,Unmet country planning reserve costs: $m,0.0
TAJ,TAJ_N,DiscountedWeightedCostsCumulated,2035.0,Unmet country spinning reserve costs: $m,0.0
TAJ,TAJ_N,DiscountedWeightedCostsCumulated,2035.0,Unmet demand costs: $m,0.0
TAJ,TAJ_N,DiscountedWeightedCostsCumulated,2035.0,Unmet system CO2 backstop cost: $m,0.0
TAJ,TAJ_N,DiscountedWeightedCostsCumulated,2035.0,Unmet system planning reserve costs: $m,0.0
TAJ,TAJ_N,DiscountedWeightedCostsCumulated,2035.0,Unmet system spinning reserve costs: $m,0.0
TAJ,TAJ_N,DiscountedWeightedCostsCumulated,2035.0,VRE curtailment: $m,0.0
TAJ,TAJ_N,DiscountedWeightedCostsCumulated,2035.0,Variable O&M: $m,66.81590102204683
TAJ,TAJ_N,DiscountedWeightedCostsCumulated,2040.0,Carbon costs: $m,0.0
TAJ,TAJ_N,DiscountedWeightedCostsCumulated,2040.0,Excess generation: $m,0.0
TAJ,TAJ_N,DiscountedWeightedCostsCumulated,2040.0,Export revenues with external zones: $m,0.0
TAJ,TAJ_N,DiscountedWeightedCostsCumulated,2040.0,Export revenues with internal zones: $m,-2604.9906922011123
TAJ,TAJ_N,DiscountedWeightedCostsCumulated,2040.0,Fixed O&M: $m,100.1349662507504
TAJ,TAJ_N,DiscountedWeightedCostsCumulated,2040.0,Fuel costs: $m,764.8830174784403
TAJ,TAJ_N,DiscountedWeightedCostsCumulated,2040.0,Generation costs: $m,0.0
TAJ,TAJ_N,DiscountedWeightedCostsCumulated,2040.0,Import costs with external zones: $m,0.0
TAJ,TAJ_N,DiscountedWeightedCostsCumulated,2040.0,Import costs with internal zones: $m,3763.194570803669
TAJ,TAJ_N,DiscountedWeightedCostsCumulated,2040.0,NPV of system cost: $m,0.0
TAJ,TAJ_N,DiscountedWeightedCostsCumulated,2040.0,Spinning reserve costs: $m,0.0
TAJ,TAJ_N,DiscountedWeightedCostsCumulated,2040.0,Startup costs: $m,0.0
TAJ,TAJ_N,DiscountedWeightedCostsCumulated,2040.0,Trade shared benefits: $m,-112.51837740026065
TAJ,TAJ_N,DiscountedWeightedCostsCumulated,2040.0,Transmission costs: $m,0.0
TAJ,TAJ_N,DiscountedWeightedCostsCumulated,2040.0,Unmet country CO2 backstop cost: $m,0.0
TAJ,TAJ_N,DiscountedWeightedCostsCumulated,2040.0,Unmet country planning reserve costs: $m,0.0
TAJ,TAJ_N,DiscountedWeightedCostsCumulated,2040.0,Unmet country spinning reserve costs: $m,0.0
TAJ,TAJ_N,DiscountedWeightedCostsCumulated,2040.0,Unmet demand costs: $m,0.0
TAJ,TAJ_N,DiscountedWeightedCostsCumulated,2040.0,Unmet system CO2 backstop cost: $m,0.0
TAJ,TAJ_N,DiscountedWeightedCostsCumulated,2040.0,Unmet system planning reserve costs: $m,0.0
TAJ,TAJ_N,DiscountedWeightedCostsCumulated,2040.0,Unmet system spinning reserve costs: $m,0.0
TAJ,TAJ_N,DiscountedWeightedCostsCumulated,2040.0,VRE curtailment: $m,0.0
TAJ,TAJ_N,DiscountedWeightedCostsCumulated,2040.0,Variable O&M: $m,84.17569407166295
TAJ,TAJ_N,DiscountedWeightedCostsCumulated,2045.0,Carbon costs: $m,0.0
TAJ,TAJ_N,DiscountedWeightedCostsCumulated,2045.0,Excess generation: $m,0.0
TAJ,TAJ_N,DiscountedWeightedCostsCumulated,2045.0,Export revenues with external zones: $m,0.0
TAJ,TAJ_N,DiscountedWeightedCostsCumulated,2045.0,Export revenues with internal zones: $m,-2926.156734508776
TAJ,TAJ_N,DiscountedWeightedCostsCumulated,2045.0,Fixed O&M: $m,140.3223398059347
TAJ,TAJ_N,DiscountedWeightedCostsCumulated,2045.0,Fuel costs: $m,900.1982333507988
TAJ,TAJ_N,DiscountedWeightedCostsCumulated,2045.0,Generation costs: $m,0.0
TAJ,TAJ_N,DiscountedWeightedCostsCumulated,2045.0,Import costs with external zones: $m,0.0
TAJ,TAJ_N,DiscountedWeightedCostsCumulated,2045.0,Import costs with internal zones: $m,4159.132690322594
TAJ,TAJ_N,DiscountedWeightedCostsCumulated,2045.0,NPV of system cost: $m,0.0
TAJ,TAJ_N,DiscountedWeightedCostsCumulated,2045.0,Spinning reserve costs: $m,0.0
TAJ,TAJ_N,DiscountedWeightedCostsCumulated,2045.0,Startup costs: $m,0.0
TAJ,TAJ_N,DiscountedWeightedCostsCumulated,2045.0,Trade shared benefits: $m,-153.3726233746305
TAJ,TAJ_N,DiscountedWeightedCostsCumulated,2045.0,Transmission costs: $m,0.0
TAJ,TAJ_N,DiscountedWeightedCostsCumulated,2045.0,Unmet country CO2 backstop cost: $m,0.0
TAJ,TAJ_N,DiscountedWeightedCostsCumulated,2045.0,Unmet country planning reserve costs: $m,0.0
TAJ,TAJ_N,DiscountedWeightedCostsCumulated,2045.0,Unmet country spinning reserve costs: $m,0.0
TAJ,TAJ_N,DiscountedWeightedCostsCumulated,2045.0,Unmet demand costs: $m,0.0
TAJ,TAJ_N,DiscountedWeightedCostsCumulated,2045.0,Unmet system CO2 backstop cost: $m,0.0
TAJ,TAJ_N,DiscountedWeightedCostsCumulated,2045.0,Unmet system planning reserve costs: $m,0.0
TAJ,TAJ_N,DiscountedWeightedCostsCumulated,2045.0,Unmet system spinning reserve costs: $m,0.0
TAJ,TAJ_N,DiscountedWeightedCostsCumulated,2045.0,VRE curtailment: $m,0.0
TAJ,TAJ_N,DiscountedWeightedCostsCumulated,2045.0,Variable O&M: $m,97.10919596314972
TAJ,TAJ_N,DiscountedWeightedCostsCumulated,2050.0,Carbon costs: $m,0.0
TAJ,TAJ_N,DiscountedWeightedCostsCumulated,2050.0,Excess generation: $m,0.0
TAJ,TAJ_N,DiscountedWeightedCostsCumulated,2050.0,Export revenues with external zones: $m,0.0
TAJ,TAJ_N,DiscountedWeightedCostsCumulated,2050.0,Export revenues with internal zones: $m,-3123.506410492933
TAJ,TAJ_N,DiscountedWeightedCostsCumulated,2050.0,Fixed O&M: $m,174.9982305585553
TAJ,TAJ_N,DiscountedWeightedCostsCumulated,2050.0,Fuel costs: $m,1038.7988928427158
TAJ,TAJ_N,DiscountedWeightedCostsCumulated,2050.0,Generation costs: $m,0.0
TAJ,TAJ_N,DiscountedWeightedCostsCumulated,2050.0,Import costs with external zones: $m,0.0
TAJ,TAJ_N,DiscountedWeightedCostsCumulated,2050.0,Import costs with internal zones: $m,4379.760821260255
TAJ,TAJ_N,DiscountedWeightedCostsCumulated,2050.0,NPV of system cost: $m,0.0
TAJ,TAJ_N,DiscountedWeightedCostsCumulated,2050.0,Spinning reserve costs: $m,0.0
TAJ,TAJ_N,DiscountedWeightedCostsCumulated,2050.0,Startup costs: $m,0.0
TAJ,TAJ_N,DiscountedWeightedCostsCumulated,2050.0,Trade shared benefits: $m,-188.9725164457504
TAJ,TAJ_N,DiscountedWeightedCostsCumulated,2050.0,Transmission costs: $m,0.0
TAJ,TAJ_N,DiscountedWeightedCostsCumulated,2050.0,Unmet country CO2 backstop cost: $m,0.0
TAJ,TAJ_N,DiscountedWeightedCostsCumulated,2050.0,Unmet country planning reserve costs: $m,0.0
TAJ,TAJ_N,DiscountedWeightedCostsCumulated,2050.0,Unmet country spinning reserve costs: $m,0.0
TAJ,TAJ_N,DiscountedWeightedCostsCumulated,2050.0,Unmet demand costs: $m,0.0
TAJ,TAJ_N,DiscountedWeightedCostsCumulated,2050.0,Unmet system CO2 backstop cost: $m,0.0
TAJ,TAJ_N,DiscountedWeightedCostsCumulated,2050.0,Unmet system planning reserve costs: $m,0.0
TAJ,TAJ_N,DiscountedWeightedCostsCumulated,2050.0,Unmet system spinning reserve costs: $m,0.0
TAJ,TAJ_N,DiscountedWeightedCostsCumulated,2050.0,VRE curtailment: $m,0.0
TAJ,TAJ_N,DiscountedWeightedCostsCumulated,2050.0,Variable O&M: $m,109.80943553424784
TAJ,TAJ_N,GenCostsPerMWh,2026.0,Fixed O&M: $m,1.8561866624878376
TAJ,TAJ_N,GenCostsPerMWh,2026.0,Investment costs: $m,13.54255979154472
TAJ,TAJ_N,GenCostsPerMWh,2026.0,Variable Cost: $m,26.6991860322551
TAJ,TAJ_N,GenCostsPerMWh,2027.0,Fixed O&M: $m,2.4861103914803286
TAJ,TAJ_N,GenCostsPerMWh,2027.0,Investment costs: $m,19.53236205441909
TAJ,TAJ_N,GenCostsPerMWh,2027.0,Variable Cost: $m,30.044747993902643
TAJ,TAJ_N,GenCostsPerMWh,2028.0,Fixed O&M: $m,2.3940989835959123
TAJ,TAJ_N,GenCostsPerMWh,2028.0,Investment costs: $m,18.8094657027148
TAJ,TAJ_N,GenCostsPerMWh,2028.0,Variable Cost: $m,33.75116849018278
TAJ,TAJ_N,GenCostsPerMWh,2029.0,Fixed O&M: $m,3.2057994206277987
TAJ,TAJ_N,GenCostsPerMWh,2029.0,Investment costs: $m,25.18666716173636
TAJ,TAJ_N,GenCostsPerMWh,2029.0,Variable Cost: $m,34.3978871241228
TAJ,TAJ_N,GenCostsPerMWh,2030.0,Fixed O&M: $m,4.177073827507488
TAJ,TAJ_N,GenCostsPerMWh,2030.0,Investment costs: $m,32.81757664764579
TAJ,TAJ_N,GenCostsPerMWh,2030.0,Variable Cost: $m,33.87514745359903
TAJ,TAJ_N,GenCostsPerMWh,2031.0,Fixed O&M: $m,4.798965472699626
TAJ,TAJ_N,GenCostsPerMWh,2031.0,Investment costs: $m,37.70352733355976
TAJ,TAJ_N,GenCostsPerMWh,2031.0,Variable Cost: $m,31.382035775157
TAJ,TAJ_N,GenCostsPerMWh,2032.0,Fixed O&M: $m,4.425301983027173
TAJ,TAJ_N,GenCostsPerMWh,2032.0,Investment costs: $m,34.76780469155182
TAJ,TAJ_N,GenCostsPerMWh,2032.0,Variable Cost: $m,32.66221255438839
TAJ,TAJ_N,GenCostsPerMWh,2033.0,Fixed O&M: $m,4.026910832835886
TAJ,TAJ_N,GenCostsPerMWh,2033.0,Investment costs: $m,31.717685456258423
TAJ,TAJ_N,GenCostsPerMWh,2033.0,Variable Cost: $m,34.194984725718754
TAJ,TAJ_N,GenCostsPerMWh,2034.0,Fixed O&M: $m,4.15621222233044
TAJ,TAJ_N,GenCostsPerMWh,2034.0,Investment costs: $m,33.58774752528424
TAJ,TAJ_N,GenCostsPerMWh,2034.0,Variable Cost: $m,35.40623239975482
TAJ,TAJ_N,GenCostsPerMWh,2035.0,Fixed O&M: $m,4.119417668621041
TAJ,TAJ_N,GenCostsPerMWh,2035.0,Investment costs: $m,34.613221538804545
TAJ,TAJ_N,GenCostsPerMWh,2035.0,Variable Cost: $m,38.207866203446365
TAJ,TAJ_N,GenCostsPerMWh,2040.0,Fixed O&M: $m,5.429748135246362
TAJ,TAJ_N,GenCostsPerMWh,2040.0,Investment costs: $m,36.83456494610851
TAJ,TAJ_N,GenCostsPerMWh,2040.0,Variable Cost: $m,28.95631575903501
TAJ,TAJ_N,GenCostsPerMWh,2045.0,Fixed O&M: $m,6.158194251746072
TAJ,TAJ_N,GenCostsPerMWh,2045.0,Investment costs: $m,33.86704407735035
TAJ,TAJ_N,GenCostsPerMWh,2045.0,Variable Cost: $m,22.71719499928021
TAJ,TAJ_N,GenCostsPerMWh,2050.0,Fixed O&M: $m,6.310513995438996
TAJ,TAJ_N,GenCostsPerMWh,2050.0,Investment costs: $m,35.5515628094356
TAJ,TAJ_N,GenCostsPerMWh,2050.0,Variable Cost: $m,27.534590181724493
TAJ,TAJ_N,NetPresentCostPerMWh,,Carbon costs: $m,0.0
TAJ,TAJ_N,NetPresentCostPerMWh,,Excess generation: $m,0.0
TAJ,TAJ_N,NetPresentCostPerMWh,,Export revenues with external zones: $m,0.0
TAJ,TAJ_N,NetPresentCostPerMWh,,Export revenues with internal zones: $m,-37.55137104997453
TAJ,TAJ_N,NetPresentCostPerMWh,,Fixed O&M: $m,2.103861053948098
TAJ,TAJ_N,NetPresentCostPerMWh,,Fuel costs: $m,12.488632179654624
TAJ,TAJ_N,NetPresentCostPerMWh,,Generation costs: $m,0.0
TAJ,TAJ_N,NetPresentCostPerMWh,,Import costs with external zones: $m,0.0
TAJ,TAJ_N,NetPresentCostPerMWh,,Import costs with internal zones: $m,52.654293635123366
TAJ,TAJ_N,NetPresentCostPerMWh,,NPV of system cost: $m,0.0
TAJ,TAJ_N,NetPresentCostPerMWh,,Spinning reserve costs: $m,0.0
TAJ,TAJ_N,NetPresentCostPerMWh,,Startup costs: $m,0.0
TAJ,TAJ_N,NetPresentCostPerMWh,,Trade shared benefits: $m,-2.271862500253972
TAJ,TAJ_N,NetPresentCostPerMWh,,Transmission costs: $m,0.0
TAJ,TAJ_N,NetPresentCostPerMWh,,Unmet country CO2 backstop cost: $m,0.0
TAJ,TAJ_N,NetPresentCostPerMWh,,Unmet country planning reserve costs: $m,0.0
TAJ,TAJ_N,NetPresentCostPerMWh,,Unmet country spinning reserve costs: $m,0.0
TAJ,TAJ_N,NetPresentCostPerMWh,,Unmet demand costs: $m,0.0
TAJ,TAJ_N,NetPresentCostPerMWh,,Unmet system CO2 backstop cost: $m,0.0
TAJ,TAJ_N,NetPresentCostPerMWh,,Unmet system planning reserve costs: $m,0.0
TAJ,TAJ_N,NetPresentCostPerMWh,,Unmet system spinning reserve costs: $m,0.0
TAJ,TAJ_N,NetPresentCostPerMWh,,VRE curtailment: $m,0.0
TAJ,TAJ_N,NetPresentCostPerMWh,,Variable O&M: $m,1.320149318305402
TAJ,TAJ_S,Costs,2026.0,Carbon costs: $m,0.0
TAJ,TAJ_S,Costs,2026.0,Excess generation: $m,0.0
TAJ,TAJ_S,Costs,2026.0,Export revenues with external zones: $m,0.0
TAJ,TAJ_S,Costs,2026.0,Export revenues with internal zones: $m,-1126.533417981322
TAJ,TAJ_S,Costs,2026.0,Fixed O&M: $m,115.79033030560204
TAJ,TAJ_S,Costs,2026.0,Fuel costs: $m,89.11409231064921
TAJ,TAJ_S,Costs,2026.0,Generation costs: $m,0.0
TAJ,TAJ_S,Costs,2026.0,Import costs with external zones: $m,0.0
TAJ,TAJ_S,Costs,2026.0,Import costs with internal zones: $m,116.51882731214896
TAJ,TAJ_S,Costs,2026.0,NPV of system cost: $m,0.0
TAJ,TAJ_S,Costs,2026.0,Spinning reserve costs: $m,0.0
TAJ,TAJ_S,Costs,2026.0,Startup costs: $m,0.0
TAJ,TAJ_S,Costs,2026.0,Trade shared benefits: $m,-0.9371008260442544
TAJ,TAJ_S,Costs,2026.0,Transmission costs: $m,0.0
TAJ,TAJ_S,Costs,2026.0,Unmet country CO2 backstop cost: $m,0.0
TAJ,TAJ_S,Costs,2026.0,Unmet country planning reserve costs: $m,0.0
TAJ,TAJ_S,Costs,2026.0,Unmet country spinning reserve costs: $m,0.0
TAJ,TAJ_S,Costs,2026.0,Unmet demand costs: $m,0.0
TAJ,TAJ_S,Costs,2026.0,Unmet system CO2 backstop cost: $m,0.0
TAJ,TAJ_S,Costs,2026.0,Unmet system planning reserve costs: $m,0.0
TAJ,TAJ_S,Costs,2026.0,Unmet system spinning reserve costs: $m,0.0
TAJ,TAJ_S,Costs,2026.0,VRE curtailment: $m,0.0
TAJ,TAJ_S,Costs,2026.0,Variable O&M: $m,108.05363031356752
TAJ,TAJ_S,Costs,2027.0,Carbon costs: $m,0.0
TAJ,TAJ_S,Costs,2027.0,Excess generation: $m,0.0
TAJ,TAJ_S,Costs,2027.0,Export revenues with external zones: $m,0.0
TAJ,TAJ_S,Costs,2027.0,Export revenues with internal zones: $m,-934.9198332562536
TAJ,TAJ_S,Costs,2027.0,Fixed O&M: $m,123.93704030560204
TAJ,TAJ_S,Costs,2027.0,Fuel costs: $m,84.90003428013053
TAJ,TAJ_S,Costs,2027.0,Generation costs: $m,0.0
TAJ,TAJ_S,Costs,2027.0,Import costs with external zones: $m,0.0
TAJ,TAJ_S,Costs,2027.0,Import costs with internal zones: $m,24.406196056883
TAJ,TAJ_S,Costs,2027.0,NPV of system cost: $m,0.0
TAJ,TAJ_S,Costs,2027.0,Spinning reserve costs: $m,0.0
TAJ,TAJ_S,Costs,2027.0,Startup costs: $m,0.0
TAJ,TAJ_S,Costs,2027.0,Trade shared benefits: $m,-46.76571226066049
TAJ,TAJ_S,Costs,2027.0,Transmission costs: $m,0.0
TAJ,TAJ_S,Costs,2027.0,Unmet country CO2 backstop cost: $m,0.0
TAJ,TAJ_S,Costs,2027.0,Unmet country planning reserve costs: $m,0.0
TAJ,TAJ_S,Costs,2027.0,Unmet country spinning reserve costs: $m,0.0
TAJ,TAJ_S,Costs,2027.0,Unmet demand costs: $m,0.0
TAJ,TAJ_S,Costs,2027.0,Unmet system CO2 backstop cost: $m,0.0
TAJ,TAJ_S,Costs,2027.0,Unmet system planning reserve costs: $m,0.0
TAJ,TAJ_S,Costs,2027.0,Unmet system spinning reserve costs: $m,0.0
TAJ,TAJ_S,Costs,2027.0,VRE curtailment: $m,0.0
TAJ,TAJ_S,Costs,2027.0,Variable O&M: $m,114.25262146549166
TAJ,TAJ_S,Costs,2028.0,Carbon costs: $m,0.0
TAJ,TAJ_S,Costs,2028.0,Excess generation: $m,0.0
TAJ,TAJ_S,Costs,2028.0,Export revenues with external zones: $m,0.0
TAJ,TAJ_S,Costs,2028.0,Export revenues with internal zones: $m,-1071.6745614799224
TAJ,TAJ_S,Costs,2028.0,Fixed O&M: $m,124.36175030560204
TAJ,TAJ_S,Costs,2028.0,Fuel costs: $m,92.30723988454866
TAJ,TAJ_S,Costs,2028.0,Generation costs: $m,0.0
TAJ,TAJ_S,Costs,2028.0,Import costs with external zones: $m,0.0
TAJ,TAJ_S,Costs,2028.0,Import costs with internal zones: $m,34.37392147304098
TAJ,TAJ_S,Costs,2028.0,NPV of system cost: $m,0.0
TAJ,TAJ_S,Costs,2028.0,Spinning reserve costs: $m,0.0
TAJ,TAJ_S,Costs,2028.0,Startup costs: $m,0.0
TAJ,TAJ_S,Costs,2028.0,Trade shared benefits: $m,8.20653344579117
TAJ,TAJ_S,Costs,2028.0,Transmission costs: $m,0.0
TAJ,TAJ_S,Costs,2028.0,Unmet country CO2 backstop cost: $m,0.0
TAJ,TAJ_S,Costs,2028.0,Unmet country planning reserve costs: $m,0.0
TAJ,TAJ_S,Costs,2028.0,Unmet country spinning reserve costs: $m,0.0
TAJ,TAJ_S,Costs,2028.0,Unmet demand costs: $m,0.0
TAJ,TAJ_S,Costs,2028.0,Unmet system CO2 backstop cost: $m,0.0
TAJ,TAJ_S,Costs,2028.0,Unmet system planning reserve costs: $m,0.0
TAJ,TAJ_S,Costs,2028.0,Unmet system spinning reserve costs: $m,0.0
TAJ,TAJ_S,Costs,2028.0,VRE curtailment: $m,0.0
TAJ,TAJ_S,Costs,2028.0,Variable O&M: $m,114.74223666634532
TAJ,TAJ_S,Costs,2029.0,Carbon costs: $m,0.0
TAJ,TAJ_S,Costs,2029.0,Excess generation: $m,0.0
TAJ,TAJ_S,Costs,2029.0,Export revenues with external zones: $m,0.0
TAJ,TAJ_S,Costs,2029.0,Export revenues with internal zones: $m,-929.765137093616
TAJ,TAJ_S,Costs,2029.0,Fixed O&M: $m,132.50846030560203
TAJ,TAJ_S,Costs,2029.0,Fuel costs: $m,57.88959682361112
TAJ,TAJ_S,Costs,2029.0,Generation costs: $m,0.0
TAJ,TAJ_S,Costs,2029.0,Import costs with external zones: $m,0.0
TAJ,TAJ_S,Costs,2029.0,Import costs with internal zones: $m,16.543557448248585
TAJ,TAJ_S,Costs,2029.0,NPV of system cost: $m,0.0
TAJ,TAJ_S,Costs,2029.0,Spinning reserve costs: $m,0.0
TAJ,TAJ_S,Costs,2029.0,Startup costs: $m,0.0
TAJ,TAJ_S,Costs,2029.0,Trade shared benefits: $m,-33.723022757954006
TAJ,TAJ_S,Costs,2029.0,Transmission costs: $m,0.0
TAJ,TAJ_S,Costs,2029.0,Unmet country CO2 backstop cost: $m,0.0
TAJ,TAJ_S,Costs,2029.0,Unmet country planning reserve costs: $m,0.0
TAJ,TAJ_S,Costs,2029.0,Unmet country spinning reserve costs: $m,0.0
TAJ,TAJ_S,Costs,2029.0,Unmet demand costs: $m,0.0
TAJ,TAJ_S,Costs,2029.0,Unmet system CO2 backstop cost: $m,0.0
TAJ,TAJ_S,Costs,2029.0,Unmet system planning reserve costs: $m,0.0
TAJ,TAJ_S,Costs,2029.0,Unmet system spinning reserve costs: $m,0.0
TAJ,TAJ_S,Costs,2029.0,VRE curtailment: $m,0.0
TAJ,TAJ_S,Costs,2029.0,Variable O&M: $m,118.16731887490656
TAJ,TAJ_S,Costs,2030.0,Carbon costs: $m,0.0
TAJ,TAJ_S,Costs,2030.0,Excess generation: $m,0.0
TAJ,TAJ_S,Costs,2030.0,Export revenues with external zones: $m,0.0
TAJ,TAJ_S,Costs,2030.0,Export revenues with internal zones: $m,-994.840863302374
TAJ,TAJ_S,Costs,2030.0,Fixed O&M: $m,136.794170305602
TAJ,TAJ_S,Costs,2030.0,Fuel costs: $m,61.03416524058115
TAJ,TAJ_S,Costs,2030.0,Generation costs: $m,0.0
TAJ,TAJ_S,Costs,2030.0,Import costs with external zones: $m,0.0
TAJ,TAJ_S,Costs,2030.0,Import costs with internal zones: $m,61.254953230065134
TAJ,TAJ_S,Costs,2030.0,NPV of system cost: $m,0.0
TAJ,TAJ_S,Costs,2030.0,Spinning reserve costs: $m,0.0
TAJ,TAJ_S,Costs,2030.0,Startup costs: $m,0.0
TAJ,TAJ_S,Costs,2030.0,Trade shared benefits: $m,-66.64550908937554
TAJ,TAJ_S,Costs,2030.0,Transmission costs: $m,0.0
TAJ,TAJ_S,Costs,2030.0,Unmet country CO2 backstop cost: $m,0.0
TAJ,TAJ_S,Costs,2030.0,Unmet country planning reserve costs: $m,0.0
TAJ,TAJ_S,Costs,2030.0,Unmet country spinning reserve costs: $m,0.0
TAJ,TAJ_S,Costs,2030.0,Unmet demand costs: $m,0.0
TAJ,TAJ_S,Costs,2030.0,Unmet system CO2 backstop cost: $m,0.0
TAJ,TAJ_S,Costs,2030.0,Unmet system planning reserve costs: $m,0.0
TAJ,TAJ_S,Costs,2030.0,Unmet system spinning reserve costs: $m,0.0
TAJ,TAJ_S,Costs,2030.0,VRE curtailment: $m,0.0
TAJ,TAJ_S,Costs,2030.0,Variable O&M: $m,121.51347732847448
TAJ,TAJ_S,Costs,2031.0,Carbon costs: $m,0.0
TAJ,TAJ_S,Costs,2031.0,Excess generation: $m,0.0
TAJ,TAJ_S,Costs,2031.0,Export revenues with external zones: $m,0.0
TAJ,TAJ_S,Costs,2031.0,Export revenues with internal zones: $m,-960.1400751608348
TAJ,TAJ_S,Costs,2031.0,Fixed O&M: $m,141.07988030560202
TAJ,TAJ_S,Costs,2031.0,Fuel costs: $m,60.8802955747245
TAJ,TAJ_S,Costs,2031.0,Generation costs: $m,0.0
TAJ,TAJ_S,Costs,2031.0,Import costs with external zones: $m,0.0
TAJ,TAJ_S,Costs,2031.0,Import costs with internal zones: $m,85.88317308869622
TAJ,TAJ_S,Costs,2031.0,NPV of system cost: $m,0.0
TAJ,TAJ_S,Costs,2031.0,Spinning reserve costs: $m,0.0
TAJ,TAJ_S,Costs,2031.0,Startup costs: $m,0.0
TAJ,TAJ_S,Costs,2031.0,Trade shared benefits: $m,-87.24955144286776
TAJ,TAJ_S,Costs,2031.0,Transmission costs: $m,0.0
TAJ,TAJ_S,Costs,2031.0,Unmet country CO2 backstop cost: $m,0.0
TAJ,TAJ_S,Costs,2031.0,Unmet country planning reserve costs: $m,0.0
TAJ,TAJ_S,Costs,2031.0,Unmet country spinning reserve costs: $m,0.0
TAJ,TAJ_S,Costs,2031.0,Unmet demand costs: $m,0.0
TAJ,TAJ_S,Costs,2031.0,Unmet system CO2 backstop cost: $m,0.0
TAJ,TAJ_S,Costs,2031.0,Unmet system planning reserve costs: $m,0.0
TAJ,TAJ_S,Costs,2031.0,Unmet system spinning reserve costs: $m,0.0
TAJ,TAJ_S,Costs,2031.0,VRE curtailment: $m,0.0
TAJ,TAJ_S,Costs,2031.0,Variable O&M: $m,124.85191614581416
TAJ,TAJ_S,Costs,2032.0,Carbon costs: $m,0.0
TAJ,TAJ_S,Costs,2032.0,Excess generation: $m,0.0
TAJ,TAJ_S,Costs,2032.0,Export revenues with external zones: $m,0.0
TAJ,TAJ_S,Costs,2032.0,Export revenues with internal zones: $m,-1013.396999131051
TAJ,TAJ_S,Costs,2032.0,Fixed O&M: $m,141.07988030560202
TAJ,TAJ_S,Costs,2032.0,Fuel costs: $m,60.72642590886786
TAJ,TAJ_S,Costs,2032.0,Generation costs: $m,0.0
TAJ,TAJ_S,Costs,2032.0,Import costs with external zones: $m,0.0
TAJ,TAJ_S,Costs,2032.0,Import costs with internal zones: $m,105.68876464205384
TAJ,TAJ_S,Costs,2032.0,NPV of system cost: $m,0.0
TAJ,TAJ_S,Costs,2032.0,Spinning reserve costs: $m,0.0
TAJ,TAJ_S,Costs,2032.0,Startup costs: $m,0.0
TAJ,TAJ_S,Costs,2032.0,Trade shared benefits: $m,-54.49366185368237
TAJ,TAJ_S,Costs,2032.0,Transmission costs: $m,0.0
TAJ,TAJ_S,Costs,2032.0,Unmet country CO2 backstop cost: $m,0.0
TAJ,TAJ_S,Costs,2032.0,Unmet country planning reserve costs: $m,0.0
TAJ,TAJ_S,Costs,2032.0,Unmet country spinning reserve costs: $m,0.0
TAJ,TAJ_S,Costs,2032.0,Unmet demand costs: $m,0.0
TAJ,TAJ_S,Costs,2032.0,Unmet system CO2 backstop cost: $m,0.0
TAJ,TAJ_S,Costs,2032.0,Unmet system planning reserve costs: $m,0.0
TAJ,TAJ_S,Costs,2032.0,Unmet system spinning reserve costs: $m,0.0
TAJ,TAJ_S,Costs,2032.0,VRE curtailment: $m,0.0
TAJ,TAJ_S,Costs,2032.0,Variable O&M: $m,125.33270147196608
TAJ,TAJ_S,Costs,2033.0,Carbon costs: $m,0.0
TAJ,TAJ_S,Costs,2033.0,Excess generation: $m,0.0
TAJ,TAJ_S,Costs,2033.0,Export revenues with external zones: $m,0.0
TAJ,TAJ_S,Costs,2033.0,Export revenues with internal zones: $m,-1029.9724721078303
TAJ,TAJ_S,Costs,2033.0,Fixed O&M: $m,141.07988030560202
TAJ,TAJ_S,Costs,2033.0,Fuel costs: $m,60.57255624301118
TAJ,TAJ_S,Costs,2033.0,Generation costs: $m,0.0
TAJ,TAJ_S,Costs,2033.0,Import costs with external zones: $m,0.0
TAJ,TAJ_S,Costs,2033.0,Import costs with internal zones: $m,132.23756441551674
TAJ,TAJ_S,Costs,2033.0,NPV of system cost: $m,0.0
TAJ,TAJ_S,Costs,2033.0,Spinning reserve costs: $m,0.0
TAJ,TAJ_S,Costs,2033.0,Startup costs: $m,0.0
TAJ,TAJ_S,Costs,2033.0,Trade shared benefits: $m,-43.13804501442176
TAJ,TAJ_S,Costs,2033.0,Transmission costs: $m,0.0
TAJ,TAJ_S,Costs,2033.0,Unmet country CO2 backstop cost: $m,0.0
TAJ,TAJ_S,Costs,2033.0,Unmet country planning reserve costs: $m,0.0
TAJ,TAJ_S,Costs,2033.0,Unmet country spinning reserve costs: $m,0.0
TAJ,TAJ_S,Costs,2033.0,Unmet demand costs: $m,0.0
TAJ,TAJ_S,Costs,2033.0,Unmet system CO2 backstop cost: $m,0.0
TAJ,TAJ_S,Costs,2033.0,Unmet system planning reserve costs: $m,0.0
TAJ,TAJ_S,Costs,2033.0,Unmet system spinning reserve costs: $m,0.0
TAJ,TAJ_S,Costs,2033.0,VRE curtailment: $m,0.0
TAJ,TAJ_S,Costs,2033.0,Variable O&M: $m,125.82494532384924
TAJ,TAJ_S,Costs,2034.0,Carbon costs: $m,0.0
TAJ,TAJ_S,Costs,2034.0,Excess generation: $m,0.0
TAJ,TAJ_S,Costs,2034.0,Export revenues with external zones: $m,0.0
TAJ,TAJ_S,Costs,2034.0,Export revenues with internal zones: $m,-1095.146465466465
TAJ,TAJ_S,Costs,2034.0,Fixed O&M: $m,141.07988030560202
TAJ,TAJ_S,Costs,2034.0,Fuel costs: $m,60.41868657715455
TAJ,TAJ_S,Costs,2034.0,Generation costs: $m,0.0
TAJ,TAJ_S,Costs,2034.0,Import costs with external zones: $m,0.0
TAJ,TAJ_S,Costs,2034.0,Import costs with internal zones: $m,143.68986199691372
TAJ,TAJ_S,Costs,2034.0,NPV of system cost: $m,0.0
TAJ,TAJ_S,Costs,2034.0,Spinning reserve costs: $m,0.0
TAJ,TAJ_S,Costs,2034.0,Startup costs: $m,0.0
TAJ,TAJ_S,Costs,2034.0,Trade shared benefits: $m,-7.794965811528114
TAJ,TAJ_S,Costs,2034.0,Transmission costs: $m,0.0
TAJ,TAJ_S,Costs,2034.0,Unmet country CO2 backstop cost: $m,0.0
TAJ,TAJ_S,Costs,2034.0,Unmet country planning reserve costs: $m,0.0
TAJ,TAJ_S,Costs,2034.0,Unmet country spinning reserve costs: $m,0.0
TAJ,TAJ_S,Costs,2034.0,Unmet demand costs: $m,0.0
TAJ,TAJ_S,Costs,2034.0,Unmet system CO2 backstop cost: $m,0.0
TAJ,TAJ_S,Costs,2034.0,Unmet system planning reserve costs: $m,0.0
TAJ,TAJ_S,Costs,2034.0,Unmet system spinning reserve costs: $m,0.0
TAJ,TAJ_S,Costs,2034.0,VRE curtailment: $m,0.0
TAJ,TAJ_S,Costs,2034.0,Variable O&M: $m,125.91766292532004
TAJ,TAJ_S,Costs,2035.0,Carbon costs: $m,0.0
TAJ,TAJ_S,Costs,2035.0,Excess generation: $m,0.0
TAJ,TAJ_S,Costs,2035.0,Export revenues with external zones: $m,0.0
TAJ,TAJ_S,Costs,2035.0,Export revenues with internal zones: $m,-1260.1495760880484
TAJ,TAJ_S,Costs,2035.0,Fixed O&M: $m,141.07988030560202
TAJ,TAJ_S,Costs,2035.0,Fuel costs: $m,63.48978352516579
TAJ,TAJ_S,Costs,2035.0,Generation costs: $m,0.0
TAJ,TAJ_S,Costs,2035.0,Import costs with external zones: $m,0.0
TAJ,TAJ_S,Costs,2035.0,Import costs with internal zones: $m,172.432830496174
TAJ,TAJ_S,Costs,2035.0,NPV of system cost: $m,0.0
TAJ,TAJ_S,Costs,2035.0,Spinning reserve costs: $m,0.0
TAJ,TAJ_S,Costs,2035.0,Startup costs: $m,0.0
TAJ,TAJ_S,Costs,2035.0,Trade shared benefits: $m,27.339346661718547
TAJ,TAJ_S,Costs,2035.0,Transmission costs: $m,0.0
TAJ,TAJ_S,Costs,2035.0,Unmet country CO2 backstop cost: $m,0.0
TAJ,TAJ_S,Costs,2035.0,Unmet country planning reserve costs: $m,0.0
TAJ,TAJ_S,Costs,2035.0,Unmet country spinning reserve costs: $m,0.0
TAJ,TAJ_S,Costs,2035.0,Unmet demand costs: $m,0.0
TAJ,TAJ_S,Costs,2035.0,Unmet system CO2 backstop cost: $m,0.0
TAJ,TAJ_S,Costs,2035.0,Unmet system planning reserve costs: $m,0.0
TAJ,TAJ_S,Costs,2035.0,Unmet system spinning reserve costs: $m,0.0
TAJ,TAJ_S,Costs,2035.0,VRE curtailment: $m,0.0
TAJ,TAJ_S,Costs,2035.0,Variable O&M: $m,126.16462757928026
TAJ,TAJ_S,Costs,2040.0,Carbon costs: $m,0.0
TAJ,TAJ_S,Costs,2040.0,Excess generation: $m,0.0
TAJ,TAJ_S,Costs,2040.0,Export revenues with external zones: $m,0.0
TAJ,TAJ_S,Costs,2040.0,Export revenues with internal zones: $m,-929.7833190201516
TAJ,TAJ_S,Costs,2040.0,Fixed O&M: $m,141.07988030560202
TAJ,TAJ_S,Costs,2040.0,Fuel costs: $m,59.49546858201453
TAJ,TAJ_S,Costs,2040.0,Generation costs: $m,0.0
TAJ,TAJ_S,Costs,2040.0,Import costs with external zones: $m,0.0
TAJ,TAJ_S,Costs,2040.0,Import costs with internal zones: $m,206.19604284143955
TAJ,TAJ_S,Costs,2040.0,NPV of system cost: $m,0.0
TAJ,TAJ_S,Costs,2040.0,Spinning reserve costs: $m,0.0
TAJ,TAJ_S,Costs,2040.0,Startup costs: $m,0.0
TAJ,TAJ_S,Costs,2040.0,Trade shared benefits: $m,-101.41161239678011
TAJ,TAJ_S,Costs,2040.0,Transmission costs: $m,0.0
TAJ,TAJ_S,Costs,2040.0,Unmet country CO2 backstop cost: $m,0.0
TAJ,TAJ_S,Costs,2040.0,Unmet country planning reserve costs: $m,0.0
TAJ,TAJ_S,Costs,2040.0,Unmet country spinning reserve costs: $m,0.0
TAJ,TAJ_S,Costs,2040.0,Unmet demand costs: $m,0.0
TAJ,TAJ_S,Costs,2040.0,Unmet system CO2 backstop cost: $m,0.0
TAJ,TAJ_S,Costs,2040.0,Unmet system planning reserve costs: $m,0.0
TAJ,TAJ_S,Costs,2040.0,Unmet system spinning reserve costs: $m,0.0
TAJ,TAJ_S,Costs,2040.0,VRE curtailment: $m,0.0
TAJ,TAJ_S,Costs,2040.0,Variable O&M: $m,125.91766292532022
TAJ,TAJ_S,Costs,2045.0,Carbon costs: $m,0.0
TAJ,TAJ_S,Costs,2045.0,Excess generation: $m,0.0
TAJ,TAJ_S,Costs,2045.0,Export revenues with external zones: $m,0.0
TAJ,TAJ_S,Costs,2045.0,Export revenues with internal zones: $m,-735.0230280689278
TAJ,TAJ_S,Costs,2045.0,Fixed O&M: $m,179.2287758203476
TAJ,TAJ_S,Costs,2045.0,Fuel costs: $m,58.72612025273123
TAJ,TAJ_S,Costs,2045.0,Generation costs: $m,0.0
TAJ,TAJ_S,Costs,2045.0,Import costs with external zones: $m,0.0
TAJ,TAJ_S,Costs,2045.0,Import costs with internal zones: $m,170.65925369928124
TAJ,TAJ_S,Costs,2045.0,NPV of system cost: $m,0.0
TAJ,TAJ_S,Costs,2045.0,Spinning reserve costs: $m,0.0
TAJ,TAJ_S,Costs,2045.0,Startup costs: $m,0.0
TAJ,TAJ_S,Costs,2045.0,Trade shared benefits: $m,-192.12875941529344
TAJ,TAJ_S,Costs,2045.0,Transmission costs: $m,0.0
TAJ,TAJ_S,Costs,2045.0,Unmet country CO2 backstop cost: $m,0.0
TAJ,TAJ_S,Costs,2045.0,Unmet country planning reserve costs: $m,0.0
TAJ,TAJ_S,Costs,2045.0,Unmet country spinning reserve costs: $m,0.0
TAJ,TAJ_S,Costs,2045.0,Unmet demand costs: $m,0.0
TAJ,TAJ_S,Costs,2045.0,Unmet system CO2 backstop cost: $m,0.0
TAJ,TAJ_S,Costs,2045.0,Unmet system planning reserve costs: $m,0.0
TAJ,TAJ_S,Costs,2045.0,Unmet system spinning reserve costs: $m,0.0
TAJ,TAJ_S,Costs,2045.0,VRE curtailment: $m,0.0
TAJ,TAJ_S,Costs,2045.0,Variable O&M: $m,124.12382989964384
TAJ,TAJ_S,Costs,2050.0,Carbon costs: $m,0.0
TAJ,TAJ_S,Costs,2050.0,Excess generation: $m,0.0
TAJ,TAJ_S,Costs,2050.0,Export revenues with external zones: $m,0.0
TAJ,TAJ_S,Costs,2050.0,Export revenues with internal zones: $m,-764.623073054357
TAJ,TAJ_S,Costs,2050.0,Fixed O&M: $m,217.1464716070952
TAJ,TAJ_S,Costs,2050.0,Fuel costs: $m,85.09797271758137
TAJ,TAJ_S,Costs,2050.0,Generation costs: $m,0.0
TAJ,TAJ_S,Costs,2050.0,Import costs with external zones: $m,0.0
TAJ,TAJ_S,Costs,2050.0,Import costs with internal zones: $m,123.57886197574553
TAJ,TAJ_S,Costs,2050.0,NPV of system cost: $m,0.0
TAJ,TAJ_S,Costs,2050.0,Spinning reserve costs: $m,0.0
TAJ,TAJ_S,Costs,2050.0,Startup costs: $m,0.0
TAJ,TAJ_S,Costs,2050.0,Trade shared benefits: $m,-185.29550004497784
TAJ,TAJ_S,Costs,2050.0,Transmission costs: $m,0.0
TAJ,TAJ_S,Costs,2050.0,Unmet country CO2 backstop cost: $m,0.0
TAJ,TAJ_S,Costs,2050.0,Unmet country planning reserve costs: $m,0.0
TAJ,TAJ_S,Costs,2050.0,Unmet country spinning reserve costs: $m,0.0
TAJ,TAJ_S,Costs,2050.0,Unmet demand costs: $m,0.0
TAJ,TAJ_S,Costs,2050.0,Unmet system CO2 backstop cost: $m,0.0
TAJ,TAJ_S,Costs,2050.0,Unmet system planning reserve costs: $m,0.0
TAJ,TAJ_S,Costs,2050.0,Unmet system spinning reserve costs: $m,0.0
TAJ,TAJ_S,Costs,2050.0,VRE curtailment: $m,0.0
TAJ,TAJ_S,Costs,2050.0,Variable O&M: $m,124.84535483862584
TAJ,TAJ_S,DiscountedWeightedCostsCumulated,2026.0,Carbon costs: $m,0.0
TAJ,TAJ_S,DiscountedWeightedCostsCumulated,2026.0,Excess generation: $m,0.0
TAJ,TAJ_S,DiscountedWeightedCostsCumulated,2026.0,Export revenues with external zones: $m,0.0
TAJ,TAJ_S,DiscountedWeightedCostsCumulated,2026.0,Export revenues with internal zones: $m,-1126.533417981322
TAJ,TAJ_S,DiscountedWeightedCostsCumulated,2026.0,Fixed O&M: $m,115.79033030560204
TAJ,TAJ_S,DiscountedWeightedCostsCumulated,2026.0,Fuel costs: $m,89.11409231064921
TAJ,TAJ_S,DiscountedWeightedCostsCumulated,2026.0,Generation costs: $m,0.0
TAJ,TAJ_S,DiscountedWeightedCostsCumulated,2026.0,Import costs with external zones: $m,0.0
TAJ,TAJ_S,DiscountedWeightedCostsCumulated,2026.0,Import costs with internal zones: $m,116.51882731214896
TAJ,TAJ_S,DiscountedWeightedCostsCumulated,2026.0,NPV of system cost: $m,0.0
TAJ,TAJ_S,DiscountedWeightedCostsCumulated,2026.0,Spinning reserve costs: $m,0.0
TAJ,TAJ_S,DiscountedWeightedCostsCumulated,2026.0,Startup costs: $m,0.0
TAJ,TAJ_S,DiscountedWeightedCostsCumulated,2026.0,Trade shared benefits: $m,-0.9371008260442544
TAJ,TAJ_S,DiscountedWeightedCostsCumulated,2026.0,Transmission costs: $m,0.0
TAJ,TAJ_S,DiscountedWeightedCostsCumulated,2026.0,Unmet country CO2 backstop cost: $m,0.0
TAJ,TAJ_S,DiscountedWeightedCostsCumulated,2026.0,Unmet country planning reserve costs: $m,0.0
TAJ,TAJ_S,DiscountedWeightedCostsCumulated,2026.0,Unmet country spinning reserve costs: $m,0.0
TAJ,TAJ_S,DiscountedWeightedCostsCumulated,2026.0,Unmet demand costs: $m,0.0
TAJ,TAJ_S,DiscountedWeightedCostsCumulated,2026.0,Unmet system CO2 backstop cost: $m,0.0
TAJ,TAJ_S,DiscountedWeightedCostsCumulated,2026.0,Unmet system planning reserve costs: $m,0.0
TAJ,TAJ_S,DiscountedWeightedCostsCumulated,2026.0,Unmet system spinning reserve costs: $m,0.0
TAJ,TAJ_S,DiscountedWeightedCostsCumulated,2026.0,VRE curtailment: $m,0.0
TAJ,TAJ_S,DiscountedWeightedCostsCumulated,2026.0,Variable O&M: $m,108.05363031356752
TAJ,TAJ_S,DiscountedWeightedCostsCumulated,2027.0,Carbon costs: $m,0.0
TAJ,TAJ_S,DiscountedWeightedCostsCumulated,2027.0,Excess generation: $m,0.0
TAJ,TAJ_S,DiscountedWeightedCostsCumulated,2027.0,Export revenues with external zones: $m,0.0
TAJ,TAJ_S,DiscountedWeightedCostsCumulated,2027.0,Export revenues with internal zones: $m,-2017.9445029348867
TAJ,TAJ_S,DiscountedWeightedCostsCumulated,2027.0,Fixed O&M: $m,233.95966165881669
TAJ,TAJ_S,DiscountedWeightedCostsCumulated,2027.0,Fuel costs: $m,170.063098822422
TAJ,TAJ_S,DiscountedWeightedCostsCumulated,2027.0,Generation costs: $m,0.0
TAJ,TAJ_S,DiscountedWeightedCostsCumulated,2027.0,Import costs with external zones: $m,0.0
TAJ,TAJ_S,DiscountedWeightedCostsCumulated,2027.0,Import costs with internal zones: $m,139.78922219818017
TAJ,TAJ_S,DiscountedWeightedCostsCumulated,2027.0,NPV of system cost: $m,0.0
TAJ,TAJ_S,DiscountedWeightedCostsCumulated,2027.0,Spinning reserve costs: $m,0.0
TAJ,TAJ_S,DiscountedWeightedCostsCumulated,2027.0,Startup costs: $m,0.0
TAJ,TAJ_S,DiscountedWeightedCostsCumulated,2027.0,Trade shared benefits: $m,-45.52645792600795
TAJ,TAJ_S,DiscountedWeightedCostsCumulated,2027.0,Transmission costs: $m,0.0
TAJ,TAJ_S,DiscountedWeightedCostsCumulated,2027.0,Unmet country CO2 backstop cost: $m,0.0
TAJ,TAJ_S,DiscountedWeightedCostsCumulated,2027.0,Unmet country planning reserve costs: $m,0.0
TAJ,TAJ_S,DiscountedWeightedCostsCumulated,2027.0,Unmet country spinning reserve costs: $m,0.0
TAJ,TAJ_S,DiscountedWeightedCostsCumulated,2027.0,Unmet demand costs: $m,0.0
TAJ,TAJ_S,DiscountedWeightedCostsCumulated,2027.0,Unmet system CO2 backstop cost: $m,0.0
TAJ,TAJ_S,DiscountedWeightedCostsCumulated,2027.0,Unmet system planning reserve costs: $m,0.0
TAJ,TAJ_S,DiscountedWeightedCostsCumulated,2027.0,Unmet system spinning reserve costs: $m,0.0
TAJ,TAJ_S,DiscountedWeightedCostsCumulated,2027.0,VRE curtailment: $m,0.0
TAJ,TAJ_S,DiscountedWeightedCostsCumulated,2027.0,Variable O&M: $m,216.9892306041517
TAJ,TAJ_S,DiscountedWeightedCostsCumulated,2028.0,Carbon costs: $m,0.0
TAJ,TAJ_S,DiscountedWeightedCostsCumulated,2028.0,Excess generation: $m,0.0
TAJ,TAJ_S,DiscountedWeightedCostsCumulated,2028.0,Export revenues with external zones: $m,0.0
TAJ,TAJ_S,DiscountedWeightedCostsCumulated,2028.0,Export revenues with internal zones: $m,-2946.8550504051427
TAJ,TAJ_S,DiscountedWeightedCostsCumulated,2028.0,Fixed O&M: $m,341.75445843108315
TAJ,TAJ_S,DiscountedWeightedCostsCumulated,2028.0,Fuel costs: $m,250.0735533191818
TAJ,TAJ_S,DiscountedWeightedCostsCumulated,2028.0,Generation costs: $m,0.0
TAJ,TAJ_S,DiscountedWeightedCostsCumulated,2028.0,Import costs with external zones: $m,0.0
TAJ,TAJ_S,DiscountedWeightedCostsCumulated,2028.0,Import costs with internal zones: $m,169.58399326200774
TAJ,TAJ_S,DiscountedWeightedCostsCumulated,2028.0,NPV of system cost: $m,0.0
TAJ,TAJ_S,DiscountedWeightedCostsCumulated,2028.0,Spinning reserve costs: $m,0.0
TAJ,TAJ_S,DiscountedWeightedCostsCumulated,2028.0,Startup costs: $m,0.0
TAJ,TAJ_S,DiscountedWeightedCostsCumulated,2028.0,Trade shared benefits: $m,-38.4131646278674
TAJ,TAJ_S,DiscountedWeightedCostsCumulated,2028.0,Transmission costs: $m,0.0
TAJ,TAJ_S,DiscountedWeightedCostsCumulated,2028.0,Unmet country CO2 backstop cost: $m,0.0
TAJ,TAJ_S,DiscountedWeightedCostsCumulated,2028.0,Unmet country planning reserve costs: $m,0.0
TAJ,TAJ_S,DiscountedWeightedCostsCumulated,2028.0,Unmet country spinning reserve costs: $m,0.0
TAJ,TAJ_S,DiscountedWeightedCostsCumulated,2028.0,Unmet demand costs: $m,0.0
TAJ,TAJ_S,DiscountedWeightedCostsCumulated,2028.0,Unmet system CO2 backstop cost: $m,0.0
TAJ,TAJ_S,DiscountedWeightedCostsCumulated,2028.0,Unmet system planning reserve costs: $m,0.0
TAJ,TAJ_S,DiscountedWeightedCostsCumulated,2028.0,Unmet system spinning reserve costs: $m,0.0
TAJ,TAJ_S,DiscountedWeightedCostsCumulated,2028.0,VRE curtailment: $m,0.0
TAJ,TAJ_S,DiscountedWeightedCostsCumulated,2028.0,Variable O&M: $m,316.44598521117365
TAJ,TAJ_S,DiscountedWeightedCostsCumulated,2029.0,Carbon costs: $m,0.0
TAJ,TAJ_S,DiscountedWeightedCostsCumulated,2029.0,Excess generation: $m,0.0
TAJ,TAJ_S,DiscountedWeightedCostsCumulated,2029.0,Export revenues with external zones: $m,0.0
TAJ,TAJ_S,DiscountedWeightedCostsCumulated,2029.0,Export revenues with internal zones: $m,-3679.496599994864
TAJ,TAJ_S,DiscountedWeightedCostsCumulated,2029.0,Fixed O&M: $m,446.1692184806088
TAJ,TAJ_S,DiscountedWeightedCostsCumulated,2029.0,Fuel costs: $m,295.6897226396972
TAJ,TAJ_S,DiscountedWeightedCostsCumulated,2029.0,Generation costs: $m,0.0
TAJ,TAJ_S,DiscountedWeightedCostsCumulated,2029.0,Import costs with external zones: $m,0.0
TAJ,TAJ_S,DiscountedWeightedCostsCumulated,2029.0,Import costs with internal zones: $m,182.6200784850989
TAJ,TAJ_S,DiscountedWeightedCostsCumulated,2029.0,NPV of system cost: $m,0.0
TAJ,TAJ_S,DiscountedWeightedCostsCumulated,2029.0,Spinning reserve costs: $m,0.0
TAJ,TAJ_S,DiscountedWeightedCostsCumulated,2029.0,Startup costs: $m,0.0
TAJ,TAJ_S,DiscountedWeightedCostsCumulated,2029.0,Trade shared benefits: $m,-64.98642131876562
TAJ,TAJ_S,DiscountedWeightedCostsCumulated,2029.0,Transmission costs: $m,0.0
TAJ,TAJ_S,DiscountedWeightedCostsCumulated,2029.0,Unmet country CO2 backstop cost: $m,0.0
TAJ,TAJ_S,DiscountedWeightedCostsCumulated,2029.0,Unmet country planning reserve costs: $m,0.0
TAJ,TAJ_S,DiscountedWeightedCostsCumulated,2029.0,Unmet country spinning reserve costs: $m,0.0
TAJ,TAJ_S,DiscountedWeightedCostsCumulated,2029.0,Unmet demand costs: $m,0.0
TAJ,TAJ_S,DiscountedWeightedCostsCumulated,2029.0,Unmet system CO2 backstop cost: $m,0.0
TAJ,TAJ_S,DiscountedWeightedCostsCumulated,2029.0,Unmet system planning reserve costs: $m,0.0
TAJ,TAJ_S,DiscountedWeightedCostsCumulated,2029.0,Unmet system spinning reserve costs: $m,0.0
TAJ,TAJ_S,DiscountedWeightedCostsCumulated,2029.0,VRE curtailment: $m,0.0
TAJ,TAJ_S,DiscountedWeightedCostsCumulated,2029.0,Variable O&M: $m,409.56013216875874
TAJ,TAJ_S,DiscountedWeightedCostsCumulated,2030.0,Carbon costs: $m,0.0
TAJ,TAJ_S,DiscountedWeightedCostsCumulated,2030.0,Excess generation: $m,0.0
TAJ,TAJ_S,DiscountedWeightedCostsCumulated,2030.0,Export revenues with external zones: $m,0.0
TAJ,TAJ_S,DiscountedWeightedCostsCumulated,2030.0,Export revenues with internal zones: $m,-4392.151404962257
TAJ,TAJ_S,DiscountedWeightedCostsCumulated,2030.0,Fixed O&M: $m,544.1617983553509
TAJ,TAJ_S,DiscountedWeightedCostsCumulated,2030.0,Fuel costs: $m,339.4115808085386
TAJ,TAJ_S,DiscountedWeightedCostsCumulated,2030.0,Generation costs: $m,0.0
TAJ,TAJ_S,DiscountedWeightedCostsCumulated,2030.0,Import costs with external zones: $m,0.0
TAJ,TAJ_S,DiscountedWeightedCostsCumulated,2030.0,Import costs with internal zones: $m,226.5000982528341
TAJ,TAJ_S,DiscountedWeightedCostsCumulated,2030.0,NPV of system cost: $m,0.0
TAJ,TAJ_S,DiscountedWeightedCostsCumulated,2030.0,Spinning reserve costs: $m,0.0
TAJ,TAJ_S,DiscountedWeightedCostsCumulated,2030.0,Startup costs: $m,0.0
TAJ,TAJ_S,DiscountedWeightedCostsCumulated,2030.0,Trade shared benefits: $m,-112.72796877026572
TAJ,TAJ_S,DiscountedWeightedCostsCumulated,2030.0,Transmission costs: $m,0.0
TAJ,TAJ_S,DiscountedWeightedCostsCumulated,2030.0,Unmet country CO2 backstop cost: $m,0.0
TAJ,TAJ_S,DiscountedWeightedCostsCumulated,2030.0,Unmet country planning reserve costs: $m,0.0
TAJ,TAJ_S,DiscountedWeightedCostsCumulated,2030.0,Unmet country spinning reserve costs: $m,0.0
TAJ,TAJ_S,DiscountedWeightedCostsCumulated,2030.0,Unmet demand costs: $m,0.0
TAJ,TAJ_S,DiscountedWeightedCostsCumulated,2030.0,Unmet system CO2 backstop cost: $m,0.0
TAJ,TAJ_S,DiscountedWeightedCostsCumulated,2030.0,Unmet system planning reserve costs: $m,0.0
TAJ,TAJ_S,DiscountedWeightedCostsCumulated,2030.0,Unmet system spinning reserve costs: $m,0.0
TAJ,TAJ_S,DiscountedWeightedCostsCumulated,2030.0,VRE curtailment: $m,0.0
TAJ,TAJ_S,DiscountedWeightedCostsCumulated,2030.0,Variable O&M: $m,496.6063791423446
TAJ,TAJ_S,DiscountedWeightedCostsCumulated,2031.0,Carbon costs: $m,0.0
TAJ,TAJ_S,DiscountedWeightedCostsCumulated,2031.0,Excess generation: $m,0.0
TAJ,TAJ_S,DiscountedWeightedCostsCumulated,2031.0,Export revenues with external zones: $m,0.0
TAJ,TAJ_S,DiscountedWeightedCostsCumulated,2031.0,Export revenues with internal zones: $m,-5017.421292334231
TAJ,TAJ_S,DiscountedWeightedCostsCumulated,2031.0,Fixed O&M: $m,636.0369352767617
TAJ,TAJ_S,DiscountedWeightedCostsCumulated,2031.0,Fuel costs: $m,379.058520397852
TAJ,TAJ_S,DiscountedWeightedCostsCumulated,2031.0,Generation costs: $m,0.0
TAJ,TAJ_S,DiscountedWeightedCostsCumulated,2031.0,Import costs with external zones: $m,0.0
TAJ,TAJ_S,DiscountedWeightedCostsCumulated,2031.0,Import costs with internal zones: $m,282.4296062002254
TAJ,TAJ_S,DiscountedWeightedCostsCumulated,2031.0,NPV of system cost: $m,0.0
TAJ,TAJ_S,DiscountedWeightedCostsCumulated,2031.0,Spinning reserve costs: $m,0.0
TAJ,TAJ_S,DiscountedWeightedCostsCumulated,2031.0,Startup costs: $m,0.0
TAJ,TAJ_S,DiscountedWeightedCostsCumulated,2031.0,Trade shared benefits: $m,-169.54730025666225
TAJ,TAJ_S,DiscountedWeightedCostsCumulated,2031.0,Transmission costs: $m,0.0
TAJ,TAJ_S,DiscountedWeightedCostsCumulated,2031.0,Unmet country CO2 backstop cost: $m,0.0
TAJ,TAJ_S,DiscountedWeightedCostsCumulated,2031.0,Unmet country planning reserve costs: $m,0.0
TAJ,TAJ_S,DiscountedWeightedCostsCumulated,2031.0,Unmet country spinning reserve costs: $m,0.0
TAJ,TAJ_S,DiscountedWeightedCostsCumulated,2031.0,Unmet demand costs: $m,0.0
TAJ,TAJ_S,DiscountedWeightedCostsCumulated,2031.0,Unmet system CO2 backstop cost: $m,0.0
TAJ,TAJ_S,DiscountedWeightedCostsCumulated,2031.0,Unmet system planning reserve costs: $m,0.0
TAJ,TAJ_S,DiscountedWeightedCostsCumulated,2031.0,Unmet system spinning reserve costs: $m,0.0
TAJ,TAJ_S,DiscountedWeightedCostsCumulated,2031.0,VRE curtailment: $m,0.0
TAJ,TAJ_S,DiscountedWeightedCostsCumulated,2031.0,Variable O&M: $m,577.9134150283234
TAJ,TAJ_S,DiscountedWeightedCostsCumulated,2032.0,Carbon costs: $m,0.0
TAJ,TAJ_S,DiscountedWeightedCostsCumulated,2032.0,Excess generation: $m,0.0
TAJ,TAJ_S,DiscountedWeightedCostsCumulated,2032.0,Export revenues with external zones: $m,0.0
TAJ,TAJ_S,DiscountedWeightedCostsCumulated,2032.0,Export revenues with internal zones: $m,-5617.377906528
TAJ,TAJ_S,DiscountedWeightedCostsCumulated,2032.0,Fixed O&M: $m,719.5597870234988
TAJ,TAJ_S,DiscountedWeightedCostsCumulated,2032.0,Fuel costs: $m,415.0100980240076
TAJ,TAJ_S,DiscountedWeightedCostsCumulated,2032.0,Generation costs: $m,0.0
TAJ,TAJ_S,DiscountedWeightedCostsCumulated,2032.0,Import costs with external zones: $m,0.0
TAJ,TAJ_S,DiscountedWeightedCostsCumulated,2032.0,Import costs with internal zones: $m,345.00002376346976
TAJ,TAJ_S,DiscountedWeightedCostsCumulated,2032.0,NPV of system cost: $m,0.0
TAJ,TAJ_S,DiscountedWeightedCostsCumulated,2032.0,Spinning reserve costs: $m,0.0
TAJ,TAJ_S,DiscountedWeightedCostsCumulated,2032.0,Startup costs: $m,0.0
TAJ,TAJ_S,DiscountedWeightedCostsCumulated,2032.0,Trade shared benefits: $m,-201.80892416988587
TAJ,TAJ_S,DiscountedWeightedCostsCumulated,2032.0,Transmission costs: $m,0.0
TAJ,TAJ_S,DiscountedWeightedCostsCumulated,2032.0,Unmet country CO2 backstop cost: $m,0.0
TAJ,TAJ_S,DiscountedWeightedCostsCumulated,2032.0,Unmet country planning reserve costs: $m,0.0
TAJ,TAJ_S,DiscountedWeightedCostsCumulated,2032.0,Unmet country spinning reserve costs: $m,0.0
TAJ,TAJ_S,DiscountedWeightedCostsCumulated,2032.0,Unmet demand costs: $m,0.0
TAJ,TAJ_S,DiscountedWeightedCostsCumulated,2032.0,Unmet system CO2 backstop cost: $m,0.0
TAJ,TAJ_S,DiscountedWeightedCostsCumulated,2032.0,Unmet system planning reserve costs: $m,0.0
TAJ,TAJ_S,DiscountedWeightedCostsCumulated,2032.0,Unmet system spinning reserve costs: $m,0.0
TAJ,TAJ_S,DiscountedWeightedCostsCumulated,2032.0,VRE curtailment: $m,0.0
TAJ,TAJ_S,DiscountedWeightedCostsCumulated,2032.0,Variable O&M: $m,652.1135392514611
TAJ,TAJ_S,DiscountedWeightedCostsCumulated,2033.0,Carbon costs: $m,0.0
TAJ,TAJ_S,DiscountedWeightedCostsCumulated,2033.0,Excess generation: $m,0.0
TAJ,TAJ_S,DiscountedWeightedCostsCumulated,2033.0,Export revenues with external zones: $m,0.0
TAJ,TAJ_S,DiscountedWeightedCostsCumulated,2033.0,Export revenues with internal zones: $m,-6171.714009043021
TAJ,TAJ_S,DiscountedWeightedCostsCumulated,2033.0,Fixed O&M: $m,795.4896522478052
TAJ,TAJ_S,DiscountedWeightedCostsCumulated,2033.0,Fuel costs: $m,447.61053702254367
TAJ,TAJ_S,DiscountedWeightedCostsCumulated,2033.0,Generation costs: $m,0.0
TAJ,TAJ_S,DiscountedWeightedCostsCumulated,2033.0,Import costs with external zones: $m,0.0
TAJ,TAJ_S,DiscountedWeightedCostsCumulated,2033.0,Import costs with internal zones: $m,416.1709123544634
TAJ,TAJ_S,DiscountedWeightedCostsCumulated,2033.0,NPV of system cost: $m,0.0
TAJ,TAJ_S,DiscountedWeightedCostsCumulated,2033.0,Spinning reserve costs: $m,0.0
TAJ,TAJ_S,DiscountedWeightedCostsCumulated,2033.0,Startup costs: $m,0.0
TAJ,TAJ_S,DiscountedWeightedCostsCumulated,2033.0,Trade shared benefits: $m,-225.0260259769608
TAJ,TAJ_S,DiscountedWeightedCostsCumulated,2033.0,Transmission costs: $m,0.0
TAJ,TAJ_S,DiscountedWeightedCostsCumulated,2033.0,Unmet country CO2 backstop cost: $m,0.0
TAJ,TAJ_S,DiscountedWeightedCostsCumulated,2033.0,Unmet country planning reserve costs: $m,0.0
TAJ,TAJ_S,DiscountedWeightedCostsCumulated,2033.0,Unmet country spinning reserve costs: $m,0.0
TAJ,TAJ_S,DiscountedWeightedCostsCumulated,2033.0,Unmet demand costs: $m,0.0
TAJ,TAJ_S,DiscountedWeightedCostsCumulated,2033.0,Unmet system CO2 backstop cost: $m,0.0
TAJ,TAJ_S,DiscountedWeightedCostsCumulated,2033.0,Unmet system planning reserve costs: $m,0.0
TAJ,TAJ_S,DiscountedWeightedCostsCumulated,2033.0,Unmet system spinning reserve costs: $m,0.0
TAJ,TAJ_S,DiscountedWeightedCostsCumulated,2033.0,VRE curtailment: $m,0.0
TAJ,TAJ_S,DiscountedWeightedCostsCumulated,2033.0,Variable O&M: $m,719.8331256276358
TAJ,TAJ_S,DiscountedWeightedCostsCumulated,2034.0,Carbon costs: $m,0.0
TAJ,TAJ_S,DiscountedWeightedCostsCumulated,2034.0,Excess generation: $m,0.0
TAJ,TAJ_S,DiscountedWeightedCostsCumulated,2034.0,Export revenues with external zones: $m,0.0
TAJ,TAJ_S,DiscountedWeightedCostsCumulated,2034.0,Export revenues with internal zones: $m,-6707.544060807238
TAJ,TAJ_S,DiscountedWeightedCostsCumulated,2034.0,Fixed O&M: $m,864.5168024517201
TAJ,TAJ_S,DiscountedWeightedCostsCumulated,2034.0,Fuel costs: $m,477.1720148495057
TAJ,TAJ_S,DiscountedWeightedCostsCumulated,2034.0,Generation costs: $m,0.0
TAJ,TAJ_S,DiscountedWeightedCostsCumulated,2034.0,Import costs with external zones: $m,0.0
TAJ,TAJ_S,DiscountedWeightedCostsCumulated,2034.0,Import costs with internal zones: $m,486.47506674809966
TAJ,TAJ_S,DiscountedWeightedCostsCumulated,2034.0,NPV of system cost: $m,0.0
TAJ,TAJ_S,DiscountedWeightedCostsCumulated,2034.0,Spinning reserve costs: $m,0.0
TAJ,TAJ_S,DiscountedWeightedCostsCumulated,2034.0,Startup costs: $m,0.0
TAJ,TAJ_S,DiscountedWeightedCostsCumulated,2034.0,Trade shared benefits: $m,-228.83992399517004
TAJ,TAJ_S,DiscountedWeightedCostsCumulated,2034.0,Transmission costs: $m,0.0
TAJ,TAJ_S,DiscountedWeightedCostsCumulated,2034.0,Unmet country CO2 backstop cost: $m,0.0
TAJ,TAJ_S,DiscountedWeightedCostsCumulated,2034.0,Unmet country planning reserve costs: $m,0.0
TAJ,TAJ_S,DiscountedWeightedCostsCumulated,2034.0,Unmet country spinning reserve costs: $m,0.0
TAJ,TAJ_S,DiscountedWeightedCostsCumulated,2034.0,Unmet demand costs: $m,0.0
TAJ,TAJ_S,DiscountedWeightedCostsCumulated,2034.0,Unmet system CO2 backstop cost: $m,0.0
TAJ,TAJ_S,DiscountedWeightedCostsCumulated,2034.0,Unmet system planning reserve costs: $m,0.0
TAJ,TAJ_S,DiscountedWeightedCostsCumulated,2034.0,Unmet system spinning reserve costs: $m,0.0
TAJ,TAJ_S,DiscountedWeightedCostsCumulated,2034.0,VRE curtailment: $m,0.0
TAJ,TAJ_S,DiscountedWeightedCostsCumulated,2034.0,Variable O&M: $m,781.4417505658216
TAJ,TAJ_S,DiscountedWeightedCostsCumulated,2035.0,Carbon costs: $m,0.0
TAJ,TAJ_S,DiscountedWeightedCostsCumulated,2035.0,Excess generation: $m,0.0
TAJ,TAJ_S,DiscountedWeightedCostsCumulated,2035.0,Export revenues with external zones: $m,0.0
TAJ,TAJ_S,DiscountedWeightedCostsCumulated,2035.0,Export revenues with internal zones: $m,-7268.055233495084
TAJ,TAJ_S,DiscountedWeightedCostsCumulated,2035.0,Fixed O&M: $m,927.2687571825518
TAJ,TAJ_S,DiscountedWeightedCostsCumulated,2035.0,Fuel costs: $m,505.41210133817634
TAJ,TAJ_S,DiscountedWeightedCostsCumulated,2035.0,Generation costs: $m,0.0
TAJ,TAJ_S,DiscountedWeightedCostsCumulated,2035.0,Import costs with external zones: $m,0.0
TAJ,TAJ_S,DiscountedWeightedCostsCumulated,2035.0,Import costs with internal zones: $m,563.1727301567029
TAJ,TAJ_S,DiscountedWeightedCostsCumulated,2035.0,NPV of system cost: $m,0.0
TAJ,TAJ_S,DiscountedWeightedCostsCumulated,2035.0,Spinning reserve costs: $m,0.0
TAJ,TAJ_S,DiscountedWeightedCostsCumulated,2035.0,Startup costs: $m,0.0
TAJ,TAJ_S,DiscountedWeightedCostsCumulated,2035.0,Trade shared benefits: $m,-216.679455469322
TAJ,TAJ_S,DiscountedWeightedCostsCumulated,2035.0,Transmission costs: $m,0.0
TAJ,TAJ_S,DiscountedWeightedCostsCumulated,2035.0,Unmet country CO2 backstop cost: $m,0.0
TAJ,TAJ_S,DiscountedWeightedCostsCumulated,2035.0,Unmet country planning reserve costs: $m,0.0
TAJ,TAJ_S,DiscountedWeightedCostsCumulated,2035.0,Unmet country spinning reserve costs: $m,0.0
TAJ,TAJ_S,DiscountedWeightedCostsCumulated,2035.0,Unmet demand costs: $m,0.0
TAJ,TAJ_S,DiscountedWeightedCostsCumulated,2035.0,Unmet system CO2 backstop cost: $m,0.0
TAJ,TAJ_S,DiscountedWeightedCostsCumulated,2035.0,Unmet system planning reserve costs: $m,0.0
TAJ,TAJ_S,DiscountedWeightedCostsCumulated,2035.0,Unmet system spinning reserve costs: $m,0.0
TAJ,TAJ_S,DiscountedWeightedCostsCumulated,2035.0,VRE curtailment: $m,0.0
TAJ,TAJ_S,DiscountedWeightedCostsCumulated,2035.0,Variable O&M: $m,837.559440638549
TAJ,TAJ_S,DiscountedWeightedCostsCumulated,2040.0,Carbon costs: $m,0.0
TAJ,TAJ_S,DiscountedWeightedCostsCumulated,2040.0,Excess generation: $m,0.0
TAJ,TAJ_S,DiscountedWeightedCostsCumulated,2040.0,Export revenues with external zones: $m,0.0
TAJ,TAJ_S,DiscountedWeightedCostsCumulated,2040.0,Export revenues with internal zones: $m,-8821.643295441216
TAJ,TAJ_S,DiscountedWeightedCostsCumulated,2040.0,Fixed O&M: $m,1163.00111905645
TAJ,TAJ_S,DiscountedWeightedCostsCumulated,2040.0,Fuel costs: $m,604.8239189499586
TAJ,TAJ_S,DiscountedWeightedCostsCumulated,2040.0,Generation costs: $m,0.0
TAJ,TAJ_S,DiscountedWeightedCostsCumulated,2040.0,Import costs with external zones: $m,0.0
TAJ,TAJ_S,DiscountedWeightedCostsCumulated,2040.0,Import costs with internal zones: $m,907.7086064473064
TAJ,TAJ_S,DiscountedWeightedCostsCumulated,2040.0,NPV of system cost: $m,0.0
TAJ,TAJ_S,DiscountedWeightedCostsCumulated,2040.0,Spinning reserve costs: $m,0.0
TAJ,TAJ_S,DiscountedWeightedCostsCumulated,2040.0,Startup costs: $m,0.0
TAJ,TAJ_S,DiscountedWeightedCostsCumulated,2040.0,Trade shared benefits: $m,-386.1295489904462
TAJ,TAJ_S,DiscountedWeightedCostsCumulated,2040.0,Transmission costs: $m,0.0
TAJ,TAJ_S,DiscountedWeightedCostsCumulated,2040.0,Unmet country CO2 backstop cost: $m,0.0
TAJ,TAJ_S,DiscountedWeightedCostsCumulated,2040.0,Unmet country planning reserve costs: $m,0.0
TAJ,TAJ_S,DiscountedWeightedCostsCumulated,2040.0,Unmet country spinning reserve costs: $m,0.0
TAJ,TAJ_S,DiscountedWeightedCostsCumulated,2040.0,Unmet demand costs: $m,0.0
TAJ,TAJ_S,DiscountedWeightedCostsCumulated,2040.0,Unmet system CO2 backstop cost: $m,0.0
TAJ,TAJ_S,DiscountedWeightedCostsCumulated,2040.0,Unmet system planning reserve costs: $m,0.0
TAJ,TAJ_S,DiscountedWeightedCostsCumulated,2040.0,Unmet system spinning reserve costs: $m,0.0
TAJ,TAJ_S,DiscountedWeightedCostsCumulated,2040.0,VRE curtailment: $m,0.0
TAJ,TAJ_S,DiscountedWeightedCostsCumulated,2040.0,Variable O&M: $m,1047.9570396351542
TAJ,TAJ_S,DiscountedWeightedCostsCumulated,2045.0,Carbon costs: $m,0.0
TAJ,TAJ_S,DiscountedWeightedCostsCumulated,2045.0,Excess generation: $m,0.0
TAJ,TAJ_S,DiscountedWeightedCostsCumulated,2045.0,Export revenues with external zones: $m,0.0
TAJ,TAJ_S,DiscountedWeightedCostsCumulated,2045.0,Export revenues with internal zones: $m,-9584.234241654074
TAJ,TAJ_S,DiscountedWeightedCostsCumulated,2045.0,Fixed O&M: $m,1348.9520845663278
TAJ,TAJ_S,DiscountedWeightedCostsCumulated,2045.0,Fuel costs: $m,665.7526326102615
TAJ,TAJ_S,DiscountedWeightedCostsCumulated,2045.0,Generation costs: $m,0.0
TAJ,TAJ_S,DiscountedWeightedCostsCumulated,2045.0,Import costs with external zones: $m,0.0
TAJ,TAJ_S,DiscountedWeightedCostsCumulated,2045.0,Import costs with internal zones: $m,1084.7686396552874
TAJ,TAJ_S,DiscountedWeightedCostsCumulated,2045.0,NPV of system cost: $m,0.0
TAJ,TAJ_S,DiscountedWeightedCostsCumulated,2045.0,Spinning reserve costs: $m,0.0
TAJ,TAJ_S,DiscountedWeightedCostsCumulated,2045.0,Startup costs: $m,0.0
TAJ,TAJ_S,DiscountedWeightedCostsCumulated,2045.0,Trade shared benefits: $m,-585.4643274151999
TAJ,TAJ_S,DiscountedWeightedCostsCumulated,2045.0,Transmission costs: $m,0.0
TAJ,TAJ_S,DiscountedWeightedCostsCumulated,2045.0,Unmet country CO2 backstop cost: $m,0.0
TAJ,TAJ_S,DiscountedWeightedCostsCumulated,2045.0,Unmet country planning reserve costs: $m,0.0
TAJ,TAJ_S,DiscountedWeightedCostsCumulated,2045.0,Unmet country spinning reserve costs: $m,0.0
TAJ,TAJ_S,DiscountedWeightedCostsCumulated,2045.0,Unmet demand costs: $m,0.0
TAJ,TAJ_S,DiscountedWeightedCostsCumulated,2045.0,Unmet system CO2 backstop cost: $m,0.0
TAJ,TAJ_S,DiscountedWeightedCostsCumulated,2045.0,Unmet system planning reserve costs: $m,0.0
TAJ,TAJ_S,DiscountedWeightedCostsCumulated,2045.0,Unmet system spinning reserve costs: $m,0.0
TAJ,TAJ_S,DiscountedWeightedCostsCumulated,2045.0,VRE curtailment: $m,0.0
TAJ,TAJ_S,DiscountedWeightedCostsCumulated,2045.0,Variable O&M: $m,1176.7362822929188
TAJ,TAJ_S,DiscountedWeightedCostsCumulated,2050.0,Carbon costs: $m,0.0
TAJ,TAJ_S,DiscountedWeightedCostsCumulated,2050.0,Excess generation: $m,0.0
TAJ,TAJ_S,DiscountedWeightedCostsCumulated,2050.0,Export revenues with external zones: $m,0.0
TAJ,TAJ_S,DiscountedWeightedCostsCumulated,2050.0,Export revenues with internal zones: $m,-10076.811857628376
TAJ,TAJ_S,DiscountedWeightedCostsCumulated,2050.0,Fixed O&M: $m,1488.8399522894229
TAJ,TAJ_S,DiscountedWeightedCostsCumulated,2050.0,Fuel costs: $m,720.5735738068561
TAJ,TAJ_S,DiscountedWeightedCostsCumulated,2050.0,Generation costs: $m,0.0
TAJ,TAJ_S,DiscountedWeightedCostsCumulated,2050.0,Import costs with external zones: $m,0.0
TAJ,TAJ_S,DiscountedWeightedCostsCumulated,2050.0,Import costs with internal zones: $m,1164.3793437551133
TAJ,TAJ_S,DiscountedWeightedCostsCumulated,2050.0,NPV of system cost: $m,0.0
TAJ,TAJ_S,DiscountedWeightedCostsCumulated,2050.0,Spinning reserve costs: $m,0.0
TAJ,TAJ_S,DiscountedWeightedCostsCumulated,2050.0,Startup costs: $m,0.0
TAJ,TAJ_S,DiscountedWeightedCostsCumulated,2050.0,Trade shared benefits: $m,-704.8334896591866
TAJ,TAJ_S,DiscountedWeightedCostsCumulated,2050.0,Transmission costs: $m,0.0
TAJ,TAJ_S,DiscountedWeightedCostsCumulated,2050.0,Unmet country CO2 backstop cost: $m,0.0
TAJ,TAJ_S,DiscountedWeightedCostsCumulated,2050.0,Unmet country planning reserve costs: $m,0.0
TAJ,TAJ_S,DiscountedWeightedCostsCumulated,2050.0,Unmet country spinning reserve costs: $m,0.0
TAJ,TAJ_S,DiscountedWeightedCostsCumulated,2050.0,Unmet demand costs: $m,0.0
TAJ,TAJ_S,DiscountedWeightedCostsCumulated,2050.0,Unmet system CO2 backstop cost: $m,0.0
TAJ,TAJ_S,DiscountedWeightedCostsCumulated,2050.0,Unmet system planning reserve costs: $m,0.0
TAJ,TAJ_S,DiscountedWeightedCostsCumulated,2050.0,Unmet system spinning reserve costs: $m,0.0
TAJ,TAJ_S,DiscountedWeightedCostsCumulated,2050.0,VRE curtailment: $m,0.0
TAJ,TAJ_S,DiscountedWeightedCostsCumulated,2050.0,Variable O&M: $m,1257.1628734056148
TAJ,TAJ_S,GenCostsPerMWh,2026.0,Fixed O&M: $m,3.2368094498338458
TAJ,TAJ_S,GenCostsPerMWh,2026.0,Investment costs: $m,8.256004787311097
TAJ,TAJ_S,GenCostsPerMWh,2026.0,Variable Cost: $m,5.511637682593261
TAJ,TAJ_S,GenCostsPerMWh,2027.0,Fixed O&M: $m,3.252182690760397
TAJ,TAJ_S,GenCostsPerMWh,2027.0,Investment costs: $m,7.749950147821934
TAJ,TAJ_S,GenCostsPerMWh,2027.0,Variable Cost: $m,5.22588580651779
TAJ,TAJ_S,GenCostsPerMWh,2028.0,Fixed O&M: $m,3.24827209047729
TAJ,TAJ_S,GenCostsPerMWh,2028.0,Investment costs: $m,7.714196023126536
TAJ,TAJ_S,GenCostsPerMWh,2028.0,Variable Cost: $m,5.4080377155796295
TAJ,TAJ_S,GenCostsPerMWh,2029.0,Fixed O&M: $m,3.3318707115397053
TAJ,TAJ_S,GenCostsPerMWh,2029.0,Investment costs: $m,7.426251084025549
TAJ,TAJ_S,GenCostsPerMWh,2029.0,Variable Cost: $m,4.4268787036468025
TAJ,TAJ_S,GenCostsPerMWh,2030.0,Fixed O&M: $m,3.3383064012587984
TAJ,TAJ_S,GenCostsPerMWh,2030.0,Investment costs: $m,7.207484235256574
TAJ,TAJ_S,GenCostsPerMWh,2030.0,Variable Cost: $m,4.45486794036291
TAJ,TAJ_S,GenCostsPerMWh,2031.0,Fixed O&M: $m,3.344594567462836
TAJ,TAJ_S,GenCostsPerMWh,2031.0,Investment costs: $m,7.001699908591783
TAJ,TAJ_S,GenCostsPerMWh,2031.0,Variable Cost: $m,4.403171770331356
TAJ,TAJ_S,GenCostsPerMWh,2032.0,Fixed O&M: $m,3.3308984406956688
TAJ,TAJ_S,GenCostsPerMWh,2032.0,Investment costs: $m,6.973027922316781
TAJ,TAJ_S,GenCostsPerMWh,2032.0,Variable Cost: $m,4.392859250571688
TAJ,TAJ_S,GenCostsPerMWh,2033.0,Fixed O&M: $m,3.3169916231129744
TAJ,TAJ_S,GenCostsPerMWh,2033.0,Investment costs: $m,6.94391486797387
TAJ,TAJ_S,GenCostsPerMWh,2033.0,Variable Cost: $m,4.382474311199896
TAJ,TAJ_S,GenCostsPerMWh,2034.0,Fixed O&M: $m,3.3143851621159515
TAJ,TAJ_S,GenCostsPerMWh,2034.0,Investment costs: $m,6.938458404609928
TAJ,TAJ_S,GenCostsPerMWh,2034.0,Variable Cost: $m,4.377593960358066
TAJ,TAJ_S,GenCostsPerMWh,2035.0,Fixed O&M: $m,3.308844701914267
TAJ,TAJ_S,GenCostsPerMWh,2035.0,Investment costs: $m,6.926859797094063
TAJ,TAJ_S,GenCostsPerMWh,2035.0,Variable Cost: $m,4.44809700730011
TAJ,TAJ_S,GenCostsPerMWh,2040.0,Fixed O&M: $m,3.314385162115951
TAJ,TAJ_S,GenCostsPerMWh,2040.0,Investment costs: $m,6.938458404609927
TAJ,TAJ_S,GenCostsPerMWh,2040.0,Variable Cost: $m,4.355904829222838
TAJ,TAJ_S,GenCostsPerMWh,2045.0,Fixed O&M: $m,3.895795942563872
TAJ,TAJ_S,GenCostsPerMWh,2045.0,Investment costs: $m,9.187976815579196
TAJ,TAJ_S,GenCostsPerMWh,2045.0,Variable Cost: $m,3.974507389458789
TAJ,TAJ_S,GenCostsPerMWh,2050.0,Fixed O&M: $m,4.379646967456781
TAJ,TAJ_S,GenCostsPerMWh,2050.0,Investment costs: $m,11.014024746564344
TAJ,TAJ_S,GenCostsPerMWh,2050.0,Variable Cost: $m,4.234366098902199
TAJ,TAJ_S,NetPresentCostPerMWh,,Carbon costs: $m,0.0
TAJ,TAJ_S,NetPresentCostPerMWh,,Excess generation: $m,0.0
TAJ,TAJ_S,NetPresentCostPerMWh,,Export revenues with external zones: $m,0.0
TAJ,TAJ_S,NetPresentCostPerMWh,,Export revenues with internal zones: $m,-46.36812858808587
TAJ,TAJ_S,NetPresentCostPerMWh,,Fixed O&M: $m,6.850849587171235
TAJ,TAJ_S,NetPresentCostPerMWh,,Fuel costs: $m,3.3156963332762333
TAJ,TAJ_S,NetPresentCostPerMWh,,Generation costs: $m,0.0
TAJ,TAJ_S,NetPresentCostPerMWh,,Import costs with external zones: $m,0.0
TAJ,TAJ_S,NetPresentCostPerMWh,,Import costs with internal zones: $m,5.3578544384230415
TAJ,TAJ_S,NetPresentCostPerMWh,,NPV of system cost: $m,0.0
TAJ,TAJ_S,NetPresentCostPerMWh,,Spinning reserve costs: $m,0.0
TAJ,TAJ_S,NetPresentCostPerMWh,,Startup costs: $m,0.0
TAJ,TAJ_S,NetPresentCostPerMWh,,Trade shared benefits: $m,-3.243268837749072
TAJ,TAJ_S,NetPresentCostPerMWh,,Transmission costs: $m,0.0
TAJ,TAJ_S,NetPresentCostPerMWh,,Unmet country CO2 backstop cost: $m,0.0
TAJ,TAJ_S,NetPresentCostPerMWh,,Unmet country planning reserve costs: $m,0.0
TAJ,TAJ_S,NetPresentCostPerMWh,,Unmet country spinning reserve costs: $m,0.0
TAJ,TAJ_S,NetPresentCostPerMWh,,Unmet demand costs: $m,0.0
TAJ,TAJ_S,NetPresentCostPerMWh,,Unmet system CO2 backstop cost: $m,0.0
TAJ,TAJ_S,NetPresentCostPerMWh,,Unmet system planning reserve costs: $m,0.0
TAJ,TAJ_S,NetPresentCostPerMWh,,Unmet system spinning reserve costs: $m,0.0
TAJ,TAJ_S,NetPresentCostPerMWh,,VRE curtailment: $m,0.0
TAJ,TAJ_S,NetPresentCostPerMWh,,Variable O&M: $m,5.784794892851996
TUR,TUR,Costs,2026.0,Carbon costs: $m,0.0
TUR,TUR,Costs,2026.0,Excess generation: $m,0.0
TUR,TUR,Costs,2026.0,Export revenues with external zones: $m,0.0
TUR,TUR,Costs,2026.0,Export revenues with internal zones: $m,-328.4872254428654
TUR,TUR,Costs,2026.0,Fixed O&M: $m,76.169118
TUR,TUR,Costs,2026.0,Fuel costs: $m,870.4686904290816
TUR,TUR,Costs,2026.0,Generation costs: $m,0.0
TUR,TUR,Costs,2026.0,Import costs with external zones: $m,0.0
TUR,TUR,Costs,2026.0,Import costs with internal zones: $m,22.257427326485352
TUR,TUR,Costs,2026.0,NPV of system cost: $m,0.0
TUR,TUR,Costs,2026.0,Spinning reserve costs: $m,0.0
TUR,TUR,Costs,2026.0,Startup costs: $m,0.0
TUR,TUR,Costs,2026.0,Trade shared benefits: $m,-47.90480715292238
TUR,TUR,Costs,2026.0,Transmission costs: $m,0.0
TUR,TUR,Costs,2026.0,Unmet country CO2 backstop cost: $m,0.0
TUR,TUR,Costs,2026.0,Unmet country planning reserve costs: $m,0.0
TUR,TUR,Costs,2026.0,Unmet country spinning reserve costs: $m,0.0
TUR,TUR,Costs,2026.0,Unmet demand costs: $m,0.0
TUR,TUR,Costs,2026.0,Unmet system CO2 backstop cost: $m,0.0
TUR,TUR,Costs,2026.0,Unmet system planning reserve costs: $m,0.0
TUR,TUR,Costs,2026.0,Unmet system spinning reserve costs: $m,0.0
TUR,TUR,Costs,2026.0,VRE curtailment: $m,0.0
TUR,TUR,Costs,2026.0,Variable O&M: $m,208.5204011341224
TUR,TUR,Costs,2027.0,Carbon costs: $m,0.0
TUR,TUR,Costs,2027.0,Excess generation: $m,0.0
TUR,TUR,Costs,2027.0,Export revenues with external zones: $m,0.0
TUR,TUR,Costs,2027.0,Export revenues with internal zones: $m,-212.4957524362244
TUR,TUR,Costs,2027.0,Fixed O&M: $m,65.85509999999998
TUR,TUR,Costs,2027.0,Fuel costs: $m,809.0037670827096
TUR,TUR,Costs,2027.0,Generation costs: $m,0.0
TUR,TUR,Costs,2027.0,Import costs with external zones: $m,0.0
TUR,TUR,Costs,2027.0,Import costs with internal zones: $m,157.37253399460616
TUR,TUR,Costs,2027.0,NPV of system cost: $m,0.0
TUR,TUR,Costs,2027.0,Spinning reserve costs: $m,0.0
TUR,TUR,Costs,2027.0,Startup costs: $m,0.0
TUR,TUR,Costs,2027.0,Trade shared benefits: $m,-16.480557497820016
TUR,TUR,Costs,2027.0,Transmission costs: $m,0.0
TUR,TUR,Costs,2027.0,Unmet country CO2 backstop cost: $m,0.0
TUR,TUR,Costs,2027.0,Unmet country planning reserve costs: $m,0.0
TUR,TUR,Costs,2027.0,Unmet country spinning reserve costs: $m,0.0
TUR,TUR,Costs,2027.0,Unmet demand costs: $m,0.0
TUR,TUR,Costs,2027.0,Unmet system CO2 backstop cost: $m,0.0
TUR,TUR,Costs,2027.0,Unmet system planning reserve costs: $m,0.0
TUR,TUR,Costs,2027.0,Unmet system spinning reserve costs: $m,0.0
TUR,TUR,Costs,2027.0,VRE curtailment: $m,0.0
TUR,TUR,Costs,2027.0,Variable O&M: $m,145.3081700736491
TUR,TUR,Costs,2028.0,Carbon costs: $m,0.0
TUR,TUR,Costs,2028.0,Excess generation: $m,0.0
TUR,TUR,Costs,2028.0,Export revenues with external zones: $m,0.0
TUR,TUR,Costs,2028.0,Export revenues with internal zones: $m,-161.24714687012155
TUR,TUR,Costs,2028.0,Fixed O&M: $m,65.71231870588234
TUR,TUR,Costs,2028.0,Fuel costs: $m,746.4842951849226
TUR,TUR,Costs,2028.0,Generation costs: $m,0.0
TUR,TUR,Costs,2028.0,Import costs with external zones: $m,0.0
TUR,TUR,Costs,2028.0,Import costs with internal zones: $m,322.04741874146765
TUR,TUR,Costs,2028.0,NPV of system cost: $m,0.0
TUR,TUR,Costs,2028.0,Spinning reserve costs: $m,0.0
TUR,TUR,Costs,2028.0,Startup costs: $m,0.0
TUR,TUR,Costs,2028.0,Trade shared benefits: $m,-30.82481426774948
TUR,TUR,Costs,2028.0,Transmission costs: $m,0.0
TUR,TUR,Costs,2028.0,Unmet country CO2 backstop cost: $m,0.0
TUR,TUR,Costs,2028.0,Unmet country planning reserve costs: $m,0.0
TUR,TUR,Costs,2028.0,Unmet country spinning reserve costs: $m,0.0
TUR,TUR,Costs,2028.0,Unmet demand costs: $m,0.0
TUR,TUR,Costs,2028.0,Unmet system CO2 backstop cost: $m,0.0
TUR,TUR,Costs,2028.0,Unmet system planning reserve costs: $m,0.0
TUR,TUR,Costs,2028.0,Unmet system spinning reserve costs: $m,0.0
TUR,TUR,Costs,2028.0,VRE curtailment: $m,0.0
TUR,TUR,Costs,2028.0,Variable O&M: $m,104.02894679185756
TUR,TUR,Costs,2029.0,Carbon costs: $m,0.0
TUR,TUR,Costs,2029.0,Excess generation: $m,0.0
TUR,TUR,Costs,2029.0,Export revenues with external zones: $m,0.0
TUR,TUR,Costs,2029.0,Export revenues with internal zones: $m,-0.8656471564103771
TUR,TUR,Costs,2029.0,Fixed O&M: $m,81.03560498052481
TUR,TUR,Costs,2029.0,Fuel costs: $m,585.9353269268512
TUR,TUR,Costs,2029.0,Generation costs: $m,0.0
TUR,TUR,Costs,2029.0,Import costs with external zones: $m,0.0
TUR,TUR,Costs,2029.0,Import costs with internal zones: $m,343.6841297444507
TUR,TUR,Costs,2029.0,NPV of system cost: $m,0.0
TUR,TUR,Costs,2029.0,Spinning reserve costs: $m,0.0
TUR,TUR,Costs,2029.0,Startup costs: $m,0.0
TUR,TUR,Costs,2029.0,Trade shared benefits: $m,-41.18051569917539
TUR,TUR,Costs,2029.0,Transmission costs: $m,0.0
TUR,TUR,Costs,2029.0,Unmet country CO2 backstop cost: $m,0.0
TUR,TUR,Costs,2029.0,Unmet country planning reserve costs: $m,0.0
TUR,TUR,Costs,2029.0,Unmet country spinning reserve costs: $m,0.0
TUR,TUR,Costs,2029.0,Unmet demand costs: $m,0.0
TUR,TUR,Costs,2029.0,Unmet system CO2 backstop cost: $m,0.0
TUR,TUR,Costs,2029.0,Unmet system planning reserve costs: $m,0.0
TUR,TUR,Costs,2029.0,Unmet system spinning reserve costs: $m,0.0
TUR,TUR,Costs,2029.0,VRE curtailment: $m,0.0
TUR,TUR,Costs,2029.0,Variable O&M: $m,78.80325242037087
TUR,TUR,Costs,2030.0,Carbon costs: $m,0.0
TUR,TUR,Costs,2030.0,Excess generation: $m,0.0
TUR,TUR,Costs,2030.0,Export revenues with external zones: $m,0.0
TUR,TUR,Costs,2030.0,Export revenues with internal zones: $m,-49.99951159238492
TUR,TUR,Costs,2030.0,Fixed O&M: $m,85.25171361507859
TUR,TUR,Costs,2030.0,Fuel costs: $m,654.0867439349607
TUR,TUR,Costs,2030.0,Generation costs: $m,0.0
TUR,TUR,Costs,2030.0,Import costs with external zones: $m,0.0
TUR,TUR,Costs,2030.0,Import costs with internal zones: $m,411.57875835590784
TUR,TUR,Costs,2030.0,NPV of system cost: $m,0.0
TUR,TUR,Costs,2030.0,Spinning reserve costs: $m,0.0
TUR,TUR,Costs,2030.0,Startup costs: $m,0.0
TUR,TUR,Costs,2030.0,Trade shared benefits: $m,-41.37274591530769
TUR,TUR,Costs,2030.0,Transmission costs: $m,0.0
TUR,TUR,Costs,2030.0,Unmet country CO2 backstop cost: $m,0.0
TUR,TUR,Costs,2030.0,Unmet country planning reserve costs: $m,0.0
TUR,TUR,Costs,2030.0,Unmet country spinning reserve costs: $m,0.0
TUR,TUR,Costs,2030.0,Unmet demand costs: $m,0.0
TUR,TUR,Costs,2030.0,Unmet system CO2 backstop cost: $m,0.0
TUR,TUR,Costs,2030.0,Unmet system planning reserve costs: $m,0.0
TUR,TUR,Costs,2030.0,Unmet system spinning reserve costs: $m,0.0
TUR,TUR,Costs,2030.0,VRE curtailment: $m,0.0
TUR,TUR,Costs,2030.0,Variable O&M: $m,82.34659763647586
TUR,TUR,Costs,2031.0,Carbon costs: $m,0.0
TUR,TUR,Costs,2031.0,Excess generation: $m,0.0
TUR,TUR,Costs,2031.0,Export revenues with external zones: $m,0.0
TUR,TUR,Costs,2031.0,Export revenues with internal zones: $m,-29.36699645073369
TUR,TUR,Costs,2031.0,Fixed O&M: $m,86.45336934143153
TUR,TUR,Costs,2031.0,Fuel costs: $m,625.1250477480006
TUR,TUR,Costs,2031.0,Generation costs: $m,0.0
TUR,TUR,Costs,2031.0,Import costs with external zones: $m,0.0
TUR,TUR,Costs,2031.0,Import costs with internal zones: $m,422.81192046055065
TUR,TUR,Costs,2031.0,NPV of system cost: $m,0.0
TUR,TUR,Costs,2031.0,Spinning reserve costs: $m,0.0
TUR,TUR,Costs,2031.0,Startup costs: $m,0.0
TUR,TUR,Costs,2031.0,Trade shared benefits: $m,-48.15793495823778
TUR,TUR,Costs,2031.0,Transmission costs: $m,0.0
TUR,TUR,Costs,2031.0,Unmet country CO2 backstop cost: $m,0.0
TUR,TUR,Costs,2031.0,Unmet country planning reserve costs: $m,0.0
TUR,TUR,Costs,2031.0,Unmet country spinning reserve costs: $m,0.0
TUR,TUR,Costs,2031.0,Unmet demand costs: $m,0.0
TUR,TUR,Costs,2031.0,Unmet system CO2 backstop cost: $m,0.0
TUR,TUR,Costs,2031.0,Unmet system planning reserve costs: $m,0.0
TUR,TUR,Costs,2031.0,Unmet system spinning reserve costs: $m,0.0
TUR,TUR,Costs,2031.0,VRE curtailment: $m,0.0
TUR,TUR,Costs,2031.0,Variable O&M: $m,82.06472178738983
TUR,TUR,Costs,2032.0,Carbon costs: $m,0.0
TUR,TUR,Costs,2032.0,Excess generation: $m,0.0
TUR,TUR,Costs,2032.0,Export revenues with external zones: $m,0.0
TUR,TUR,Costs,2032.0,Export revenues with internal zones: $m,-50.23388942063445
TUR,TUR,Costs,2032.0,Fixed O&M: $m,87.74113742774614
TUR,TUR,Costs,2032.0,Fuel costs: $m,656.3182854681313
TUR,TUR,Costs,2032.0,Generation costs: $m,0.0
TUR,TUR,Costs,2032.0,Import costs with external zones: $m,0.0
TUR,TUR,Costs,2032.0,Import costs with internal zones: $m,410.4006630243136
TUR,TUR,Costs,2032.0,NPV of system cost: $m,0.0
TUR,TUR,Costs,2032.0,Spinning reserve costs: $m,0.0
TUR,TUR,Costs,2032.0,Startup costs: $m,0.0
TUR,TUR,Costs,2032.0,Trade shared benefits: $m,-47.27733761737559
TUR,TUR,Costs,2032.0,Transmission costs: $m,0.0
TUR,TUR,Costs,2032.0,Unmet country CO2 backstop cost: $m,0.0
TUR,TUR,Costs,2032.0,Unmet country planning reserve costs: $m,0.0
TUR,TUR,Costs,2032.0,Unmet country spinning reserve costs: $m,0.0
TUR,TUR,Costs,2032.0,Unmet demand costs: $m,0.0
TUR,TUR,Costs,2032.0,Unmet system CO2 backstop cost: $m,0.0
TUR,TUR,Costs,2032.0,Unmet system planning reserve costs: $m,0.0
TUR,TUR,Costs,2032.0,Unmet system spinning reserve costs: $m,0.0
TUR,TUR,Costs,2032.0,VRE curtailment: $m,0.0
TUR,TUR,Costs,2032.0,Variable O&M: $m,88.70893931496133
TUR,TUR,Costs,2033.0,Carbon costs: $m,0.0
TUR,TUR,Costs,2033.0,Excess generation: $m,0.0
TUR,TUR,Costs,2033.0,Export revenues with external zones: $m,0.0
TUR,TUR,Costs,2033.0,Export revenues with internal zones: $m,-50.36985429066903
TUR,TUR,Costs,2033.0,Fixed O&M: $m,91.3422906065364
TUR,TUR,Costs,2033.0,Fuel costs: $m,631.8251895782068
TUR,TUR,Costs,2033.0,Generation costs: $m,0.0
TUR,TUR,Costs,2033.0,Import costs with external zones: $m,0.0
TUR,TUR,Costs,2033.0,Import costs with internal zones: $m,410.7147568911696
TUR,TUR,Costs,2033.0,NPV of system cost: $m,0.0
TUR,TUR,Costs,2033.0,Spinning reserve costs: $m,0.0
TUR,TUR,Costs,2033.0,Startup costs: $m,0.0
TUR,TUR,Costs,2033.0,Trade shared benefits: $m,-47.95257326006653
TUR,TUR,Costs,2033.0,Transmission costs: $m,0.0
TUR,TUR,Costs,2033.0,Unmet country CO2 backstop cost: $m,0.0
TUR,TUR,Costs,2033.0,Unmet country planning reserve costs: $m,0.0
TUR,TUR,Costs,2033.0,Unmet country spinning reserve costs: $m,0.0
TUR,TUR,Costs,2033.0,Unmet demand costs: $m,0.0
TUR,TUR,Costs,2033.0,Unmet system CO2 backstop cost: $m,0.0
TUR,TUR,Costs,2033.0,Unmet system planning reserve costs: $m,0.0
TUR,TUR,Costs,2033.0,Unmet system spinning reserve costs: $m,0.0
TUR,TUR,Costs,2033.0,VRE curtailment: $m,0.0
TUR,TUR,Costs,2033.0,Variable O&M: $m,98.76245042608544
TUR,TUR,Costs,2034.0,Carbon costs: $m,0.0
TUR,TUR,Costs,2034.0,Excess generation: $m,0.0
TUR,TUR,Costs,2034.0,Export revenues with external zones: $m,0.0
TUR,TUR,Costs,2034.0,Export revenues with internal zones: $m,-50.84618438742976
TUR,TUR,Costs,2034.0,Fixed O&M: $m,92.67194165650304
TUR,TUR,Costs,2034.0,Fuel costs: $m,632.8604827058917
TUR,TUR,Costs,2034.0,Generation costs: $m,0.0
TUR,TUR,Costs,2034.0,Import costs with external zones: $m,0.0
TUR,TUR,Costs,2034.0,Import costs with internal zones: $m,387.1737901882064
TUR,TUR,Costs,2034.0,NPV of system cost: $m,0.0
TUR,TUR,Costs,2034.0,Spinning reserve costs: $m,0.0
TUR,TUR,Costs,2034.0,Startup costs: $m,0.0
TUR,TUR,Costs,2034.0,Trade shared benefits: $m,-36.12991436237366
TUR,TUR,Costs,2034.0,Transmission costs: $m,0.0
TUR,TUR,Costs,2034.0,Unmet country CO2 backstop cost: $m,0.0
TUR,TUR,Costs,2034.0,Unmet country planning reserve costs: $m,0.0
TUR,TUR,Costs,2034.0,Unmet country spinning reserve costs: $m,0.0
TUR,TUR,Costs,2034.0,Unmet demand costs: $m,0.0
TUR,TUR,Costs,2034.0,Unmet system CO2 backstop cost: $m,0.0
TUR,TUR,Costs,2034.0,Unmet system planning reserve costs: $m,0.0
TUR,TUR,Costs,2034.0,Unmet system spinning reserve costs: $m,0.0
TUR,TUR,Costs,2034.0,VRE curtailment: $m,0.0
TUR,TUR,Costs,2034.0,Variable O&M: $m,102.08146419109045
TUR,TUR,Costs,2035.0,Carbon costs: $m,0.0
TUR,TUR,Costs,2035.0,Excess generation: $m,0.0
TUR,TUR,Costs,2035.0,Export revenues with external zones: $m,0.0
TUR,TUR,Costs,2035.0,Export revenues with internal zones: $m,-55.66924036807468
TUR,TUR,Costs,2035.0,Fixed O&M: $m,93.4763923623854
TUR,TUR,Costs,2035.0,Fuel costs: $m,652.9861983819208
TUR,TUR,Costs,2035.0,Generation costs: $m,0.0
TUR,TUR,Costs,2035.0,Import costs with external zones: $m,0.0
TUR,TUR,Costs,2035.0,Import costs with internal zones: $m,374.5358247286091
TUR,TUR,Costs,2035.0,NPV of system cost: $m,0.0
TUR,TUR,Costs,2035.0,Spinning reserve costs: $m,0.0
TUR,TUR,Costs,2035.0,Startup costs: $m,0.0
TUR,TUR,Costs,2035.0,Trade shared benefits: $m,-28.17188685087736
TUR,TUR,Costs,2035.0,Transmission costs: $m,0.0
TUR,TUR,Costs,2035.0,Unmet country CO2 backstop cost: $m,0.0
TUR,TUR,Costs,2035.0,Unmet country planning reserve costs: $m,0.0
TUR,TUR,Costs,2035.0,Unmet country spinning reserve costs: $m,0.0
TUR,TUR,Costs,2035.0,Unmet demand costs: $m,0.0
TUR,TUR,Costs,2035.0,Unmet system CO2 backstop cost: $m,0.0
TUR,TUR,Costs,2035.0,Unmet system planning reserve costs: $m,0.0
TUR,TUR,Costs,2035.0,Unmet system spinning reserve costs: $m,0.0
TUR,TUR,Costs,2035.0,VRE curtailment: $m,0.0
TUR,TUR,Costs,2035.0,Variable O&M: $m,103.91930596539608
TUR,TUR,Costs,2040.0,Carbon costs: $m,0.0
TUR,TUR,Costs,2040.0,Excess generation: $m,0.0
TUR,TUR,Costs,2040.0,Export revenues with external zones: $m,0.0
TUR,TUR,Costs,2040.0,Export revenues with internal zones: $m,-82.44652694942143
TUR,TUR,Costs,2040.0,Fixed O&M: $m,118.08685077060004
TUR,TUR,Costs,2040.0,Fuel costs: $m,628.672719722372
TUR,TUR,Costs,2040.0,Generation costs: $m,0.0
TUR,TUR,Costs,2040.0,Import costs with external zones: $m,0.0
TUR,TUR,Costs,2040.0,Import costs with internal zones: $m,337.0372670796606
TUR,TUR,Costs,2040.0,NPV of system cost: $m,0.0
TUR,TUR,Costs,2040.0,Spinning reserve costs: $m,0.0
TUR,TUR,Costs,2040.0,Startup costs: $m,0.0
TUR,TUR,Costs,2040.0,Trade shared benefits: $m,-41.54398453690317
TUR,TUR,Costs,2040.0,Transmission costs: $m,0.0
TUR,TUR,Costs,2040.0,Unmet country CO2 backstop cost: $m,0.0
TUR,TUR,Costs,2040.0,Unmet country planning reserve costs: $m,0.0
TUR,TUR,Costs,2040.0,Unmet country spinning reserve costs: $m,0.0
TUR,TUR,Costs,2040.0,Unmet demand costs: $m,0.0
TUR,TUR,Costs,2040.0,Unmet system CO2 backstop cost: $m,0.0
TUR,TUR,Costs,2040.0,Unmet system planning reserve costs: $m,0.0
TUR,TUR,Costs,2040.0,Unmet system spinning reserve costs: $m,0.0
TUR,TUR,Costs,2040.0,VRE curtailment: $m,0.0
TUR,TUR,Costs,2040.0,Variable O&M: $m,103.45920166220384
TUR,TUR,Costs,2045.0,Carbon costs: $m,0.0
TUR,TUR,Costs,2045.0,Excess generation: $m,0.0
TUR,TUR,Costs,2045.0,Export revenues with external zones: $m,0.0
TUR,TUR,Costs,2045.0,Export revenues with internal zones: $m,-128.78499387193187
TUR,TUR,Costs,2045.0,Fixed O&M: $m,144.7329028606912
TUR,TUR,Costs,2045.0,Fuel costs: $m,645.9511351961647
TUR,TUR,Costs,2045.0,Generation costs: $m,0.0
TUR,TUR,Costs,2045.0,Import costs with external zones: $m,0.0
TUR,TUR,Costs,2045.0,Import costs with internal zones: $m,220.72916420382336
TUR,TUR,Costs,2045.0,NPV of system cost: $m,0.0
TUR,TUR,Costs,2045.0,Spinning reserve costs: $m,0.0
TUR,TUR,Costs,2045.0,Startup costs: $m,0.0
TUR,TUR,Costs,2045.0,Trade shared benefits: $m,-21.275114162710263
TUR,TUR,Costs,2045.0,Transmission costs: $m,0.0
TUR,TUR,Costs,2045.0,Unmet country CO2 backstop cost: $m,0.0
TUR,TUR,Costs,2045.0,Unmet country planning reserve costs: $m,0.0
TUR,TUR,Costs,2045.0,Unmet country spinning reserve costs: $m,0.0
TUR,TUR,Costs,2045.0,Unmet demand costs: $m,0.0
TUR,TUR,Costs,2045.0,Unmet system CO2 backstop cost: $m,0.0
TUR,TUR,Costs,2045.0,Unmet system planning reserve costs: $m,0.0
TUR,TUR,Costs,2045.0,Unmet system spinning reserve costs: $m,0.0
TUR,TUR,Costs,2045.0,VRE curtailment: $m,0.0
TUR,TUR,Costs,2045.0,Variable O&M: $m,103.17192529619366
TUR,TUR,Costs,2050.0,Carbon costs: $m,0.0
TUR,TUR,Costs,2050.0,Excess generation: $m,0.0
TUR,TUR,Costs,2050.0,Export revenues with external zones: $m,0.0
TUR,TUR,Costs,2050.0,Export revenues with internal zones: $m,-181.1152452123199
TUR,TUR,Costs,2050.0,Fixed O&M: $m,168.79622514949986
TUR,TUR,Costs,2050.0,Fuel costs: $m,684.4414376423963
TUR,TUR,Costs,2050.0,Generation costs: $m,0.0
TUR,TUR,Costs,2050.0,Import costs with external zones: $m,0.0
TUR,TUR,Costs,2050.0,Import costs with internal zones: $m,171.5759893699356
TUR,TUR,Costs,2050.0,NPV of system cost: $m,0.0
TUR,TUR,Costs,2050.0,Spinning reserve costs: $m,0.0
TUR,TUR,Costs,2050.0,Startup costs: $m,0.0
TUR,TUR,Costs,2050.0,Trade shared benefits: $m,-23.28811633949509
TUR,TUR,Costs,2050.0,Transmission costs: $m,0.0
TUR,TUR,Costs,2050.0,Unmet country CO2 backstop cost: $m,0.0
TUR,TUR,Costs,2050.0,Unmet country planning reserve costs: $m,0.0
TUR,TUR,Costs,2050.0,Unmet country spinning reserve costs: $m,0.0
TUR,TUR,Costs,2050.0,Unmet demand costs: $m,0.0
TUR,TUR,Costs,2050.0,Unmet system CO2 backstop cost: $m,0.0
TUR,TUR,Costs,2050.0,Unmet system planning reserve costs: $m,0.0
TUR,TUR,Costs,2050.0,Unmet system spinning reserve costs: $m,0.0
TUR,TUR,Costs,2050.0,VRE curtailment: $m,0.0
TUR,TUR,Costs,2050.0,Variable O&M: $m,106.74760196941656
TUR,TUR,DiscountedWeightedCostsCumulated,2026.0,Carbon costs: $m,0.0
TUR,TUR,DiscountedWeightedCostsCumulated,2026.0,Excess generation: $m,0.0
TUR,TUR,DiscountedWeightedCostsCumulated,2026.0,Export revenues with external zones: $m,0.0
TUR,TUR,DiscountedWeightedCostsCumulated,2026.0,Export revenues with internal zones: $m,-328.4872254428654
TUR,TUR,DiscountedWeightedCostsCumulated,2026.0,Fixed O&M: $m,76.169118
TUR,TUR,DiscountedWeightedCostsCumulated,2026.0,Fuel costs: $m,870.4686904290816
TUR,TUR,DiscountedWeightedCostsCumulated,2026.0,Generation costs: $m,0.0
TUR,TUR,DiscountedWeightedCostsCumulated,2026.0,Import costs with external zones: $m,0.0
TUR,TUR,DiscountedWeightedCostsCumulated,2026.0,Import costs with internal zones: $m,22.257427326485352
TUR,TUR,DiscountedWeightedCostsCumulated,2026.0,NPV of system cost: $m,0.0
TUR,TUR,DiscountedWeightedCostsCumulated,2026.0,Spinning reserve costs: $m,0.0
TUR,TUR,DiscountedWeightedCostsCumulated,2026.0,Startup costs: $m,0.0
TUR,TUR,DiscountedWeightedCostsCumulated,2026.0,Trade shared benefits: $m,-47.90480715292238
TUR,TUR,DiscountedWeightedCostsCumulated,2026.0,Transmission costs: $m,0.0
TUR,TUR,DiscountedWeightedCostsCumulated,2026.0,Unmet country CO2 backstop cost: $m,0.0
TUR,TUR,DiscountedWeightedCostsCumulated,2026.0,Unmet country planning reserve costs: $m,0.0
TUR,TUR,DiscountedWeightedCostsCumulated,2026.0,Unmet country spinning reserve costs: $m,0.0
TUR,TUR,DiscountedWeightedCostsCumulated,2026.0,Unmet demand costs: $m,0.0
TUR,TUR,DiscountedWeightedCostsCumulated,2026.0,Unmet system CO2 backstop cost: $m,0.0
TUR,TUR,DiscountedWeightedCostsCumulated,2026.0,Unmet system planning reserve costs: $m,0.0
TUR,TUR,DiscountedWeightedCostsCumulated,2026.0,Unmet system spinning reserve costs: $m,0.0
TUR,TUR,DiscountedWeightedCostsCumulated,2026.0,VRE curtailment: $m,0.0
TUR,TUR,DiscountedWeightedCostsCumulated,2026.0,Variable O&M: $m,208.5204011341224
TUR,TUR,DiscountedWeightedCostsCumulated,2027.0,Carbon costs: $m,0.0
TUR,TUR,DiscountedWeightedCostsCumulated,2027.0,Excess generation: $m,0.0
TUR,TUR,DiscountedWeightedCostsCumulated,2027.0,Export revenues with external zones: $m,0.0
TUR,TUR,DiscountedWeightedCostsCumulated,2027.0,Export revenues with internal zones: $m,-531.0939757643982
TUR,TUR,DiscountedWeightedCostsCumulated,2027.0,Fixed O&M: $m,138.95949216102738
TUR,TUR,DiscountedWeightedCostsCumulated,2027.0,Fuel costs: $m,1641.8235169012
TUR,TUR,DiscountedWeightedCostsCumulated,2027.0,Generation costs: $m,0.0
TUR,TUR,DiscountedWeightedCostsCumulated,2027.0,Import costs with external zones: $m,0.0
TUR,TUR,DiscountedWeightedCostsCumulated,2027.0,Import costs with internal zones: $m,172.30625106512252
TUR,TUR,DiscountedWeightedCostsCumulated,2027.0,NPV of system cost: $m,0.0
TUR,TUR,DiscountedWeightedCostsCumulated,2027.0,Spinning reserve costs: $m,0.0
TUR,TUR,DiscountedWeightedCostsCumulated,2027.0,Startup costs: $m,0.0
TUR,TUR,DiscountedWeightedCostsCumulated,2027.0,Trade shared benefits: $m,-63.61840217700471
TUR,TUR,DiscountedWeightedCostsCumulated,2027.0,Transmission costs: $m,0.0
TUR,TUR,DiscountedWeightedCostsCumulated,2027.0,Unmet country CO2 backstop cost: $m,0.0
TUR,TUR,DiscountedWeightedCostsCumulated,2027.0,Unmet country planning reserve costs: $m,0.0
TUR,TUR,DiscountedWeightedCostsCumulated,2027.0,Unmet country spinning reserve costs: $m,0.0
TUR,TUR,DiscountedWeightedCostsCumulated,2027.0,Unmet demand costs: $m,0.0
TUR,TUR,DiscountedWeightedCostsCumulated,2027.0,Unmet system CO2 backstop cost: $m,0.0
TUR,TUR,DiscountedWeightedCostsCumulated,2027.0,Unmet system planning reserve costs: $m,0.0
TUR,TUR,DiscountedWeightedCostsCumulated,2027.0,Unmet system spinning reserve costs: $m,0.0
TUR,TUR,DiscountedWeightedCostsCumulated,2027.0,VRE curtailment: $m,0.0
TUR,TUR,DiscountedWeightedCostsCumulated,2027.0,Variable O&M: $m,347.06630521108275
TUR,TUR,DiscountedWeightedCostsCumulated,2028.0,Carbon costs: $m,0.0
TUR,TUR,DiscountedWeightedCostsCumulated,2028.0,Excess generation: $m,0.0
TUR,TUR,DiscountedWeightedCostsCumulated,2028.0,Export revenues with external zones: $m,0.0
TUR,TUR,DiscountedWeightedCostsCumulated,2028.0,Export revenues with internal zones: $m,-670.8604504582622
TUR,TUR,DiscountedWeightedCostsCumulated,2028.0,Fixed O&M: $m,195.9178899234293
TUR,TUR,DiscountedWeightedCostsCumulated,2028.0,Fuel costs: $m,2288.8642886450066
TUR,TUR,DiscountedWeightedCostsCumulated,2028.0,Generation costs: $m,0.0
TUR,TUR,DiscountedWeightedCostsCumulated,2028.0,Import costs with external zones: $m,0.0
TUR,TUR,DiscountedWeightedCostsCumulated,2028.0,Import costs with internal zones: $m,451.45185627703086
TUR,TUR,DiscountedWeightedCostsCumulated,2028.0,NPV of system cost: $m,0.0
TUR,TUR,DiscountedWeightedCostsCumulated,2028.0,Spinning reserve costs: $m,0.0
TUR,TUR,DiscountedWeightedCostsCumulated,2028.0,Startup costs: $m,0.0
TUR,TUR,DiscountedWeightedCostsCumulated,2028.0,Trade shared benefits: $m,-90.33686329040734
TUR,TUR,DiscountedWeightedCostsCumulated,2028.0,Transmission costs: $m,0.0
TUR,TUR,DiscountedWeightedCostsCumulated,2028.0,Unmet country CO2 backstop cost: $m,0.0
TUR,TUR,DiscountedWeightedCostsCumulated,2028.0,Unmet country planning reserve costs: $m,0.0
TUR,TUR,DiscountedWeightedCostsCumulated,2028.0,Unmet country spinning reserve costs: $m,0.0
TUR,TUR,DiscountedWeightedCostsCumulated,2028.0,Unmet demand costs: $m,0.0
TUR,TUR,DiscountedWeightedCostsCumulated,2028.0,Unmet system CO2 backstop cost: $m,0.0
TUR,TUR,DiscountedWeightedCostsCumulated,2028.0,Unmet system planning reserve costs: $m,0.0
TUR,TUR,DiscountedWeightedCostsCumulated,2028.0,Unmet system spinning reserve costs: $m,0.0
TUR,TUR,DiscountedWeightedCostsCumulated,2028.0,VRE curtailment: $m,0.0
TUR,TUR,DiscountedWeightedCostsCumulated,2028.0,Variable O&M: $m,437.2369497244068
TUR,TUR,DiscountedWeightedCostsCumulated,2029.0,Carbon costs: $m,0.0
TUR,TUR,DiscountedWeightedCostsCumulated,2029.0,Excess generation: $m,0.0
TUR,TUR,DiscountedWeightedCostsCumulated,2029.0,Export revenues with external zones: $m,0.0
TUR,TUR,DiscountedWeightedCostsCumulated,2029.0,Export revenues with internal zones: $m,-671.5425679616707
TUR,TUR,DiscountedWeightedCostsCumulated,2029.0,Fixed O&M: $m,259.7727806224493
TUR,TUR,DiscountedWeightedCostsCumulated,2029.0,Fuel costs: $m,2750.572895208757
TUR,TUR,DiscountedWeightedCostsCumulated,2029.0,Generation costs: $m,0.0
TUR,TUR,DiscountedWeightedCostsCumulated,2029.0,Import costs with external zones: $m,0.0
TUR,TUR,DiscountedWeightedCostsCumulated,2029.0,Import costs with internal zones: $m,722.2700052264208
TUR,TUR,DiscountedWeightedCostsCumulated,2029.0,NPV of system cost: $m,0.0
TUR,TUR,DiscountedWeightedCostsCumulated,2029.0,Spinning reserve costs: $m,0.0
TUR,TUR,DiscountedWeightedCostsCumulated,2029.0,Startup costs: $m,0.0
TUR,TUR,DiscountedWeightedCostsCumulated,2029.0,Trade shared benefits: $m,-122.78651711272512
TUR,TUR,DiscountedWeightedCostsCumulated,2029.0,Transmission costs: $m,0.0
TUR,TUR,DiscountedWeightedCostsCumulated,2029.0,Unmet country CO2 backstop cost: $m,0.0
TUR,TUR,DiscountedWeightedCostsCumulated,2029.0,Unmet country planning reserve costs: $m,0.0
TUR,TUR,DiscountedWeightedCostsCumulated,2029.0,Unmet country spinning reserve costs: $m,0.0
TUR,TUR,DiscountedWeightedCostsCumulated,2029.0,Unmet demand costs: $m,0.0
TUR,TUR,DiscountedWeightedCostsCumulated,2029.0,Unmet system CO2 backstop cost: $m,0.0
TUR,TUR,DiscountedWeightedCostsCumulated,2029.0,Unmet system planning reserve costs: $m,0.0
TUR,TUR,DiscountedWeightedCostsCumulated,2029.0,Unmet system spinning reserve costs: $m,0.0
TUR,TUR,DiscountedWeightedCostsCumulated,2029.0,VRE curtailment: $m,0.0
TUR,TUR,DiscountedWeightedCostsCumulated,2029.0,Variable O&M: $m,499.3327787274653
TUR,TUR,DiscountedWeightedCostsCumulated,2030.0,Carbon costs: $m,0.0
TUR,TUR,DiscountedWeightedCostsCumulated,2030.0,Excess generation: $m,0.0
TUR,TUR,DiscountedWeightedCostsCumulated,2030.0,Export revenues with external zones: $m,0.0
TUR,TUR,DiscountedWeightedCostsCumulated,2030.0,Export revenues with internal zones: $m,-707.359745860912
TUR,TUR,DiscountedWeightedCostsCumulated,2030.0,Fixed O&M: $m,320.8428930199373
TUR,TUR,DiscountedWeightedCostsCumulated,2030.0,Fuel costs: $m,3219.128297510369
TUR,TUR,DiscountedWeightedCostsCumulated,2030.0,Generation costs: $m,0.0
TUR,TUR,DiscountedWeightedCostsCumulated,2030.0,Import costs with external zones: $m,0.0
TUR,TUR,DiscountedWeightedCostsCumulated,2030.0,Import costs with internal zones: $m,1017.1046773680512
TUR,TUR,DiscountedWeightedCostsCumulated,2030.0,NPV of system cost: $m,0.0
TUR,TUR,DiscountedWeightedCostsCumulated,2030.0,Spinning reserve costs: $m,0.0
TUR,TUR,DiscountedWeightedCostsCumulated,2030.0,Startup costs: $m,0.0
TUR,TUR,DiscountedWeightedCostsCumulated,2030.0,Trade shared benefits: $m,-152.4239066278335
TUR,TUR,DiscountedWeightedCostsCumulated,2030.0,Transmission costs: $m,0.0
TUR,TUR,DiscountedWeightedCostsCumulated,2030.0,Unmet country CO2 backstop cost: $m,0.0
TUR,TUR,DiscountedWeightedCostsCumulated,2030.0,Unmet country planning reserve costs: $m,0.0
TUR,TUR,DiscountedWeightedCostsCumulated,2030.0,Unmet country spinning reserve costs: $m,0.0
TUR,TUR,DiscountedWeightedCostsCumulated,2030.0,Unmet demand costs: $m,0.0
TUR,TUR,DiscountedWeightedCostsCumulated,2030.0,Unmet system CO2 backstop cost: $m,0.0
TUR,TUR,DiscountedWeightedCostsCumulated,2030.0,Unmet system planning reserve costs: $m,0.0
TUR,TUR,DiscountedWeightedCostsCumulated,2030.0,Unmet system spinning reserve costs: $m,0.0
TUR,TUR,DiscountedWeightedCostsCumulated,2030.0,VRE curtailment: $m,0.0
TUR,TUR,DiscountedWeightedCostsCumulated,2030.0,Variable O&M: $m,558.321809680162
TUR,TUR,DiscountedWeightedCostsCumulated,2031.0,Carbon costs: $m,0.0
TUR,TUR,DiscountedWeightedCostsCumulated,2031.0,Excess generation: $m,0.0
TUR,TUR,DiscountedWeightedCostsCumulated,2031.0,Export revenues with external zones: $m,0.0
TUR,TUR,DiscountedWeightedCostsCumulated,2031.0,Export revenues with internal zones: $m,-726.4843496955426
TUR,TUR,DiscountedWeightedCostsCumulated,2031.0,Fixed O&M: $m,377.1437286058172
TUR,TUR,DiscountedWeightedCostsCumulated,2031.0,Fuel costs: $m,3626.2270931036232
TUR,TUR,DiscountedWeightedCostsCumulated,2031.0,Generation costs: $m,0.0
TUR,TUR,DiscountedWeightedCostsCumulated,2031.0,Import costs with external zones: $m,0.0
TUR,TUR,DiscountedWeightedCostsCumulated,2031.0,Import costs with internal zones: $m,1292.451544690104
TUR,TUR,DiscountedWeightedCostsCumulated,2031.0,NPV of system cost: $m,0.0
TUR,TUR,DiscountedWeightedCostsCumulated,2031.0,Spinning reserve costs: $m,0.0
TUR,TUR,DiscountedWeightedCostsCumulated,2031.0,Startup costs: $m,0.0
TUR,TUR,DiscountedWeightedCostsCumulated,2031.0,Trade shared benefits: $m,-183.7856915865127
TUR,TUR,DiscountedWeightedCostsCumulated,2031.0,Transmission costs: $m,0.0
TUR,TUR,DiscountedWeightedCostsCumulated,2031.0,Unmet country CO2 backstop cost: $m,0.0
TUR,TUR,DiscountedWeightedCostsCumulated,2031.0,Unmet country planning reserve costs: $m,0.0
TUR,TUR,DiscountedWeightedCostsCumulated,2031.0,Unmet country spinning reserve costs: $m,0.0
TUR,TUR,DiscountedWeightedCostsCumulated,2031.0,Unmet demand costs: $m,0.0
TUR,TUR,DiscountedWeightedCostsCumulated,2031.0,Unmet system CO2 backstop cost: $m,0.0
TUR,TUR,DiscountedWeightedCostsCumulated,2031.0,Unmet system planning reserve costs: $m,0.0
TUR,TUR,DiscountedWeightedCostsCumulated,2031.0,Unmet system spinning reserve costs: $m,0.0
TUR,TUR,DiscountedWeightedCostsCumulated,2031.0,VRE curtailment: $m,0.0
TUR,TUR,DiscountedWeightedCostsCumulated,2031.0,Variable O&M: $m,611.7646360725695
TUR,TUR,DiscountedWeightedCostsCumulated,2032.0,Carbon costs: $m,0.0
TUR,TUR,DiscountedWeightedCostsCumulated,2032.0,Excess generation: $m,0.0
TUR,TUR,DiscountedWeightedCostsCumulated,2032.0,Export revenues with external zones: $m,0.0
TUR,TUR,DiscountedWeightedCostsCumulated,2032.0,Export revenues with internal zones: $m,-756.2240807589169
TUR,TUR,DiscountedWeightedCostsCumulated,2032.0,Fixed O&M: $m,429.08869763749794
TUR,TUR,DiscountedWeightedCostsCumulated,2032.0,Fuel costs: $m,4014.784091713798
TUR,TUR,DiscountedWeightedCostsCumulated,2032.0,Generation costs: $m,0.0
TUR,TUR,DiscountedWeightedCostsCumulated,2032.0,Import costs with external zones: $m,0.0
TUR,TUR,DiscountedWeightedCostsCumulated,2032.0,Import costs with internal zones: $m,1535.4191008029316
TUR,TUR,DiscountedWeightedCostsCumulated,2032.0,NPV of system cost: $m,0.0
TUR,TUR,DiscountedWeightedCostsCumulated,2032.0,Spinning reserve costs: $m,0.0
TUR,TUR,DiscountedWeightedCostsCumulated,2032.0,Startup costs: $m,0.0
TUR,TUR,DiscountedWeightedCostsCumulated,2032.0,Trade shared benefits: $m,-211.7750693223237
TUR,TUR,DiscountedWeightedCostsCumulated,2032.0,Transmission costs: $m,0.0
TUR,TUR,DiscountedWeightedCostsCumulated,2032.0,Unmet country CO2 backstop cost: $m,0.0
TUR,TUR,DiscountedWeightedCostsCumulated,2032.0,Unmet country planning reserve costs: $m,0.0
TUR,TUR,DiscountedWeightedCostsCumulated,2032.0,Unmet country spinning reserve costs: $m,0.0
TUR,TUR,DiscountedWeightedCostsCumulated,2032.0,Unmet demand costs: $m,0.0
TUR,TUR,DiscountedWeightedCostsCumulated,2032.0,Unmet system CO2 backstop cost: $m,0.0
TUR,TUR,DiscountedWeightedCostsCumulated,2032.0,Unmet system planning reserve costs: $m,0.0
TUR,TUR,DiscountedWeightedCostsCumulated,2032.0,Unmet system spinning reserve costs: $m,0.0
TUR,TUR,DiscountedWeightedCostsCumulated,2032.0,VRE curtailment: $m,0.0
TUR,TUR,DiscountedWeightedCostsCumulated,2032.0,Variable O&M: $m,664.2825682608037
TUR,TUR,DiscountedWeightedCostsCumulated,2033.0,Carbon costs: $m,0.0
TUR,TUR,DiscountedWeightedCostsCumulated,2033.0,Excess generation: $m,0.0
TUR,TUR,DiscountedWeightedCostsCumulated,2033.0,Export revenues with external zones: $m,0.0
TUR,TUR,DiscountedWeightedCostsCumulated,2033.0,Export revenues with internal zones: $m,-783.3333768497116
TUR,TUR,DiscountedWeightedCostsCumulated,2033.0,Fixed O&M: $m,478.2495545932175
TUR,TUR,DiscountedWeightedCostsCumulated,2033.0,Fuel costs: $m,4354.835425653653
TUR,TUR,DiscountedWeightedCostsCumulated,2033.0,Generation costs: $m,0.0
TUR,TUR,DiscountedWeightedCostsCumulated,2033.0,Import costs with external zones: $m,0.0
TUR,TUR,DiscountedWeightedCostsCumulated,2033.0,Import costs with internal zones: $m,1756.4677440880505
TUR,TUR,DiscountedWeightedCostsCumulated,2033.0,NPV of system cost: $m,0.0
TUR,TUR,DiscountedWeightedCostsCumulated,2033.0,Spinning reserve costs: $m,0.0
TUR,TUR,DiscountedWeightedCostsCumulated,2033.0,Startup costs: $m,0.0
TUR,TUR,DiscountedWeightedCostsCumulated,2033.0,Trade shared benefits: $m,-237.5833732201472
TUR,TUR,DiscountedWeightedCostsCumulated,2033.0,Transmission costs: $m,0.0
TUR,TUR,DiscountedWeightedCostsCumulated,2033.0,Unmet country CO2 backstop cost: $m,0.0
TUR,TUR,DiscountedWeightedCostsCumulated,2033.0,Unmet country planning reserve costs: $m,0.0
TUR,TUR,DiscountedWeightedCostsCumulated,2033.0,Unmet country spinning reserve costs: $m,0.0
TUR,TUR,DiscountedWeightedCostsCumulated,2033.0,Unmet demand costs: $m,0.0
TUR,TUR,DiscountedWeightedCostsCumulated,2033.0,Unmet system CO2 backstop cost: $m,0.0
TUR,TUR,DiscountedWeightedCostsCumulated,2033.0,Unmet system planning reserve costs: $m,0.0
TUR,TUR,DiscountedWeightedCostsCumulated,2033.0,Unmet system spinning reserve costs: $m,0.0
TUR,TUR,DiscountedWeightedCostsCumulated,2033.0,VRE curtailment: $m,0.0
TUR,TUR,DiscountedWeightedCostsCumulated,2033.0,Variable O&M: $m,717.4369906620052
TUR,TUR,DiscountedWeightedCostsCumulated,2034.0,Carbon costs: $m,0.0
TUR,TUR,DiscountedWeightedCostsCumulated,2034.0,Excess generation: $m,0.0
TUR,TUR,DiscountedWeightedCostsCumulated,2034.0,Export revenues with external zones: $m,0.0
TUR,TUR,DiscountedWeightedCostsCumulated,2034.0,Export revenues with internal zones: $m,-808.2112488708981
TUR,TUR,DiscountedWeightedCostsCumulated,2034.0,Fixed O&M: $m,523.5918105021053
TUR,TUR,DiscountedWeightedCostsCumulated,2034.0,Fuel costs: $m,4664.479547148751
TUR,TUR,DiscountedWeightedCostsCumulated,2034.0,Generation costs: $m,0.0
TUR,TUR,DiscountedWeightedCostsCumulated,2034.0,Import costs with external zones: $m,0.0
TUR,TUR,DiscountedWeightedCostsCumulated,2034.0,Import costs with internal zones: $m,1945.9030009967505
TUR,TUR,DiscountedWeightedCostsCumulated,2034.0,NPV of system cost: $m,0.0
TUR,TUR,DiscountedWeightedCostsCumulated,2034.0,Spinning reserve costs: $m,0.0
TUR,TUR,DiscountedWeightedCostsCumulated,2034.0,Startup costs: $m,0.0
TUR,TUR,DiscountedWeightedCostsCumulated,2034.0,Trade shared benefits: $m,-255.2609117900967
TUR,TUR,DiscountedWeightedCostsCumulated,2034.0,Transmission costs: $m,0.0
TUR,TUR,DiscountedWeightedCostsCumulated,2034.0,Unmet country CO2 backstop cost: $m,0.0
TUR,TUR,DiscountedWeightedCostsCumulated,2034.0,Unmet country planning reserve costs: $m,0.0
TUR,TUR,DiscountedWeightedCostsCumulated,2034.0,Unmet country spinning reserve costs: $m,0.0
TUR,TUR,DiscountedWeightedCostsCumulated,2034.0,Unmet demand costs: $m,0.0
TUR,TUR,DiscountedWeightedCostsCumulated,2034.0,Unmet system CO2 backstop cost: $m,0.0
TUR,TUR,DiscountedWeightedCostsCumulated,2034.0,Unmet system planning reserve costs: $m,0.0
TUR,TUR,DiscountedWeightedCostsCumulated,2034.0,Unmet system spinning reserve costs: $m,0.0
TUR,TUR,DiscountedWeightedCostsCumulated,2034.0,VRE curtailment: $m,0.0
TUR,TUR,DiscountedWeightedCostsCumulated,2034.0,Variable O&M: $m,767.3831101688429
TUR,TUR,DiscountedWeightedCostsCumulated,2035.0,Carbon costs: $m,0.0
TUR,TUR,DiscountedWeightedCostsCumulated,2035.0,Excess generation: $m,0.0
TUR,TUR,DiscountedWeightedCostsCumulated,2035.0,Export revenues with external zones: $m,0.0
TUR,TUR,DiscountedWeightedCostsCumulated,2035.0,Export revenues with internal zones: $m,-832.9727786078814
TUR,TUR,DiscountedWeightedCostsCumulated,2035.0,Fixed O&M: $m,565.1698606763722
TUR,TUR,DiscountedWeightedCostsCumulated,2035.0,Fuel costs: $m,4954.926067743744
TUR,TUR,DiscountedWeightedCostsCumulated,2035.0,Generation costs: $m,0.0
TUR,TUR,DiscountedWeightedCostsCumulated,2035.0,Import costs with external zones: $m,0.0
TUR,TUR,DiscountedWeightedCostsCumulated,2035.0,Import costs with internal zones: $m,2112.4955375620875
TUR,TUR,DiscountedWeightedCostsCumulated,2035.0,NPV of system cost: $m,0.0
TUR,TUR,DiscountedWeightedCostsCumulated,2035.0,Spinning reserve costs: $m,0.0
TUR,TUR,DiscountedWeightedCostsCumulated,2035.0,Startup costs: $m,0.0
TUR,TUR,DiscountedWeightedCostsCumulated,2035.0,Trade shared benefits: $m,-267.79169197306067
TUR,TUR,DiscountedWeightedCostsCumulated,2035.0,Transmission costs: $m,0.0
TUR,TUR,DiscountedWeightedCostsCumulated,2035.0,Unmet country CO2 backstop cost: $m,0.0
TUR,TUR,DiscountedWeightedCostsCumulated,2035.0,Unmet country planning reserve costs: $m,0.0
TUR,TUR,DiscountedWeightedCostsCumulated,2035.0,Unmet country spinning reserve costs: $m,0.0
TUR,TUR,DiscountedWeightedCostsCumulated,2035.0,Unmet demand costs: $m,0.0
TUR,TUR,DiscountedWeightedCostsCumulated,2035.0,Unmet system CO2 backstop cost: $m,0.0
TUR,TUR,DiscountedWeightedCostsCumulated,2035.0,Unmet system planning reserve costs: $m,0.0
TUR,TUR,DiscountedWeightedCostsCumulated,2035.0,Unmet system spinning reserve costs: $m,0.0
TUR,TUR,DiscountedWeightedCostsCumulated,2035.0,VRE curtailment: $m,0.0
TUR,TUR,DiscountedWeightedCostsCumulated,2035.0,Variable O&M: $m,813.6061404795728
TUR,TUR,DiscountedWeightedCostsCumulated,2040.0,Carbon costs: $m,0.0
TUR,TUR,DiscountedWeightedCostsCumulated,2040.0,Excess generation: $m,0.0
TUR,TUR,DiscountedWeightedCostsCumulated,2040.0,Export revenues with external zones: $m,0.0
TUR,TUR,DiscountedWeightedCostsCumulated,2040.0,Export revenues with internal zones: $m,-970.7338433606092
TUR,TUR,DiscountedWeightedCostsCumulated,2040.0,Fixed O&M: $m,762.4828451934051
TUR,TUR,DiscountedWeightedCostsCumulated,2040.0,Fuel costs: $m,6005.38418228722
TUR,TUR,DiscountedWeightedCostsCumulated,2040.0,Generation costs: $m,0.0
TUR,TUR,DiscountedWeightedCostsCumulated,2040.0,Import costs with external zones: $m,0.0
TUR,TUR,DiscountedWeightedCostsCumulated,2040.0,Import costs with internal zones: $m,2675.6558608917453
TUR,TUR,DiscountedWeightedCostsCumulated,2040.0,NPV of system cost: $m,0.0
TUR,TUR,DiscountedWeightedCostsCumulated,2040.0,Spinning reserve costs: $m,0.0
TUR,TUR,DiscountedWeightedCostsCumulated,2040.0,Startup costs: $m,0.0
TUR,TUR,DiscountedWeightedCostsCumulated,2040.0,Trade shared benefits: $m,-337.2081216958751
TUR,TUR,DiscountedWeightedCostsCumulated,2040.0,Transmission costs: $m,0.0
TUR,TUR,DiscountedWeightedCostsCumulated,2040.0,Unmet country CO2 backstop cost: $m,0.0
TUR,TUR,DiscountedWeightedCostsCumulated,2040.0,Unmet country planning reserve costs: $m,0.0
TUR,TUR,DiscountedWeightedCostsCumulated,2040.0,Unmet country spinning reserve costs: $m,0.0
TUR,TUR,DiscountedWeightedCostsCumulated,2040.0,Unmet demand costs: $m,0.0
TUR,TUR,DiscountedWeightedCostsCumulated,2040.0,Unmet system CO2 backstop cost: $m,0.0
TUR,TUR,DiscountedWeightedCostsCumulated,2040.0,Unmet system planning reserve costs: $m,0.0
TUR,TUR,DiscountedWeightedCostsCumulated,2040.0,Unmet system spinning reserve costs: $m,0.0
TUR,TUR,DiscountedWeightedCostsCumulated,2040.0,VRE curtailment: $m,0.0
TUR,TUR,DiscountedWeightedCostsCumulated,2040.0,Variable O&M: $m,986.4775797846628
TUR,TUR,DiscountedWeightedCostsCumulated,2045.0,Carbon costs: $m,0.0
TUR,TUR,DiscountedWeightedCostsCumulated,2045.0,Excess generation: $m,0.0
TUR,TUR,DiscountedWeightedCostsCumulated,2045.0,Export revenues with external zones: $m,0.0
TUR,TUR,DiscountedWeightedCostsCumulated,2045.0,Export revenues with internal zones: $m,-1104.349072522659
TUR,TUR,DiscountedWeightedCostsCumulated,2045.0,Fixed O&M: $m,912.64412875297
TUR,TUR,DiscountedWeightedCostsCumulated,2045.0,Fuel costs: $m,6675.562487708039
TUR,TUR,DiscountedWeightedCostsCumulated,2045.0,Generation costs: $m,0.0
TUR,TUR,DiscountedWeightedCostsCumulated,2045.0,Import costs with external zones: $m,0.0
TUR,TUR,DiscountedWeightedCostsCumulated,2045.0,Import costs with internal zones: $m,2904.66373650783
TUR,TUR,DiscountedWeightedCostsCumulated,2045.0,NPV of system cost: $m,0.0
TUR,TUR,DiscountedWeightedCostsCumulated,2045.0,Spinning reserve costs: $m,0.0
TUR,TUR,DiscountedWeightedCostsCumulated,2045.0,Startup costs: $m,0.0
TUR,TUR,DiscountedWeightedCostsCumulated,2045.0,Trade shared benefits: $m,-359.2811844715442
TUR,TUR,DiscountedWeightedCostsCumulated,2045.0,Transmission costs: $m,0.0
TUR,TUR,DiscountedWeightedCostsCumulated,2045.0,Unmet country CO2 backstop cost: $m,0.0
TUR,TUR,DiscountedWeightedCostsCumulated,2045.0,Unmet country planning reserve costs: $m,0.0
TUR,TUR,DiscountedWeightedCostsCumulated,2045.0,Unmet country spinning reserve costs: $m,0.0
TUR,TUR,DiscountedWeightedCostsCumulated,2045.0,Unmet demand costs: $m,0.0
TUR,TUR,DiscountedWeightedCostsCumulated,2045.0,Unmet system CO2 backstop cost: $m,0.0
TUR,TUR,DiscountedWeightedCostsCumulated,2045.0,Unmet system planning reserve costs: $m,0.0
TUR,TUR,DiscountedWeightedCostsCumulated,2045.0,Unmet system spinning reserve costs: $m,0.0
TUR,TUR,DiscountedWeightedCostsCumulated,2045.0,VRE curtailment: $m,0.0
TUR,TUR,DiscountedWeightedCostsCumulated,2045.0,Variable O&M: $m,1093.519091587268
TUR,TUR,DiscountedWeightedCostsCumulated,2050.0,Carbon costs: $m,0.0
TUR,TUR,DiscountedWeightedCostsCumulated,2050.0,Excess generation: $m,0.0
TUR,TUR,DiscountedWeightedCostsCumulated,2050.0,Export revenues with external zones: $m,0.0
TUR,TUR,DiscountedWeightedCostsCumulated,2050.0,Export revenues with internal zones: $m,-1221.025273970406
TUR,TUR,DiscountedWeightedCostsCumulated,2050.0,Fixed O&M: $m,1021.384297732531
TUR,TUR,DiscountedWeightedCostsCumulated,2050.0,Fuel costs: $m,7116.48631476596
TUR,TUR,DiscountedWeightedCostsCumulated,2050.0,Generation costs: $m,0.0
TUR,TUR,DiscountedWeightedCostsCumulated,2050.0,Import costs with external zones: $m,0.0
TUR,TUR,DiscountedWeightedCostsCumulated,2050.0,Import costs with internal zones: $m,3015.194656618145
TUR,TUR,DiscountedWeightedCostsCumulated,2050.0,NPV of system cost: $m,0.0
TUR,TUR,DiscountedWeightedCostsCumulated,2050.0,Spinning reserve costs: $m,0.0
TUR,TUR,DiscountedWeightedCostsCumulated,2050.0,Startup costs: $m,0.0
TUR,TUR,DiscountedWeightedCostsCumulated,2050.0,Trade shared benefits: $m,-374.2836153833108
TUR,TUR,DiscountedWeightedCostsCumulated,2050.0,Transmission costs: $m,0.0
TUR,TUR,DiscountedWeightedCostsCumulated,2050.0,Unmet country CO2 backstop cost: $m,0.0
TUR,TUR,DiscountedWeightedCostsCumulated,2050.0,Unmet country planning reserve costs: $m,0.0
TUR,TUR,DiscountedWeightedCostsCumulated,2050.0,Unmet country spinning reserve costs: $m,0.0
TUR,TUR,DiscountedWeightedCostsCumulated,2050.0,Unmet demand costs: $m,0.0
TUR,TUR,DiscountedWeightedCostsCumulated,2050.0,Unmet system CO2 backstop cost: $m,0.0
TUR,TUR,DiscountedWeightedCostsCumulated,2050.0,Unmet system planning reserve costs: $m,0.0
TUR,TUR,DiscountedWeightedCostsCumulated,2050.0,Unmet system spinning reserve costs: $m,0.0
TUR,TUR,DiscountedWeightedCostsCumulated,2050.0,VRE curtailment: $m,0.0
TUR,TUR,DiscountedWeightedCostsCumulated,2050.0,Variable O&M: $m,1162.286934387286
TUR,TUR,GenCostsPerMWh,2026.0,Fixed O&M: $m,2.507045385052828
TUR,TUR,GenCostsPerMWh,2026.0,Investment costs: $m,1.625648600031461
TUR,TUR,GenCostsPerMWh,2026.0,Variable Cost: $m,35.514059943898815
TUR,TUR,GenCostsPerMWh,2027.0,Fixed O&M: $m,2.727675007920326
TUR,TUR,GenCostsPerMWh,2027.0,Investment costs: $m,4.091444003161922
TUR,TUR,GenCostsPerMWh,2027.0,Variable Cost: $m,39.526973928236615
TUR,TUR,GenCostsPerMWh,2028.0,Fixed O&M: $m,3.2143829701896176
TUR,TUR,GenCostsPerMWh,2028.0,Investment costs: $m,7.247954968413332
TUR,TUR,GenCostsPerMWh,2028.0,Variable Cost: $m,41.60369523965968
TUR,TUR,GenCostsPerMWh,2029.0,Fixed O&M: $m,4.498863164602613
TUR,TUR,GenCostsPerMWh,2029.0,Investment costs: $m,15.441968734421158
TUR,TUR,GenCostsPerMWh,2029.0,Variable Cost: $m,36.9043694982497
TUR,TUR,GenCostsPerMWh,2030.0,Fixed O&M: $m,4.764060035361447
TUR,TUR,GenCostsPerMWh,2030.0,Investment costs: $m,17.442099521806387
TUR,TUR,GenCostsPerMWh,2030.0,Variable Cost: $m,41.15357337131144
TUR,TUR,GenCostsPerMWh,2031.0,Fixed O&M: $m,4.870008095551406
TUR,TUR,GenCostsPerMWh,2031.0,Investment costs: $m,18.090828992803303
TUR,TUR,GenCostsPerMWh,2031.0,Variable Cost: $m,39.83673428767069
TUR,TUR,GenCostsPerMWh,2032.0,Fixed O&M: $m,4.746677596082902
TUR,TUR,GenCostsPerMWh,2032.0,Investment costs: $m,17.897404943867436
TUR,TUR,GenCostsPerMWh,2032.0,Variable Cost: $m,40.304971419613885
TUR,TUR,GenCostsPerMWh,2033.0,Fixed O&M: $m,4.864975695609332
TUR,TUR,GenCostsPerMWh,2033.0,Investment costs: $m,19.695120985606167
TUR,TUR,GenCostsPerMWh,2033.0,Variable Cost: $m,38.91177994915656
TUR,TUR,GenCostsPerMWh,2034.0,Fixed O&M: $m,4.855110684804742
TUR,TUR,GenCostsPerMWh,2034.0,Investment costs: $m,19.89664008374885
TUR,TUR,GenCostsPerMWh,2034.0,Variable Cost: $m,38.503827968951775
TUR,TUR,GenCostsPerMWh,2035.0,Fixed O&M: $m,4.751649856118711
TUR,TUR,GenCostsPerMWh,2035.0,Investment costs: $m,19.69739475453221
TUR,TUR,GenCostsPerMWh,2035.0,Variable Cost: $m,38.47548926454545
TUR,TUR,GenCostsPerMWh,2040.0,Fixed O&M: $m,5.289563316288782
TUR,TUR,GenCostsPerMWh,2040.0,Investment costs: $m,22.760415552738586
TUR,TUR,GenCostsPerMWh,2040.0,Variable Cost: $m,32.794999009356786
TUR,TUR,GenCostsPerMWh,2045.0,Fixed O&M: $m,5.395080925638641
TUR,TUR,GenCostsPerMWh,2045.0,Investment costs: $m,27.185825612309184
TUR,TUR,GenCostsPerMWh,2045.0,Variable Cost: $m,27.924400428204606
TUR,TUR,GenCostsPerMWh,2050.0,Fixed O&M: $m,5.43470338403664
TUR,TUR,GenCostsPerMWh,2050.0,Investment costs: $m,28.194779114720795
TUR,TUR,GenCostsPerMWh,2050.0,Variable Cost: $m,25.473779091817377
TUR,TUR,NetPresentCostPerMWh,,Carbon costs: $m,0.0
TUR,TUR,NetPresentCostPerMWh,,Excess generation: $m,0.0
TUR,TUR,NetPresentCostPerMWh,,Export revenues with external zones: $m,0.0
TUR,TUR,NetPresentCostPerMWh,,Export revenues with internal zones: $m,-4.625049708498803
TUR,TUR,NetPresentCostPerMWh,,Fixed O&M: $m,3.8688414148318353
TUR,TUR,NetPresentCostPerMWh,,Fuel costs: $m,26.95611930178748
TUR,TUR,NetPresentCostPerMWh,,Generation costs: $m,0.0
TUR,TUR,NetPresentCostPerMWh,,Import costs with external zones: $m,0.0
TUR,TUR,NetPresentCostPerMWh,,Import costs with internal zones: $m,11.42107822413256
TUR,TUR,NetPresentCostPerMWh,,NPV of system cost: $m,0.0
TUR,TUR,NetPresentCostPerMWh,,Spinning reserve costs: $m,0.0
TUR,TUR,NetPresentCostPerMWh,,Startup costs: $m,0.0
TUR,TUR,NetPresentCostPerMWh,,Trade shared benefits: $m,-1.417726858835205
TUR,TUR,NetPresentCostPerMWh,,Transmission costs: $m,0.0
TUR,TUR,NetPresentCostPerMWh,,Unmet country CO2 backstop cost: $m,0.0
TUR,TUR,NetPresentCostPerMWh,,Unmet country planning reserve costs: $m,0.0
TUR,TUR,NetPresentCostPerMWh,,Unmet country spinning reserve costs: $m,0.0
TUR,TUR,NetPresentCostPerMWh,,Unmet demand costs: $m,0.0
TUR,TUR,NetPresentCostPerMWh,,Unmet system CO2 backstop cost: $m,0.0
TUR,TUR,NetPresentCostPerMWh,,Unmet system planning reserve costs: $m,0.0
TUR,TUR,NetPresentCostPerMWh,,Unmet system spinning reserve costs: $m,0.0
TUR,TUR,NetPresentCostPerMWh,,VRE curtailment: $m,0.0
TUR,TUR,NetPresentCostPerMWh,,Variable O&M: $m,4.4025582120834725
UZB,UZB,Costs,2026.0,Carbon costs: $m,0.0
UZB,UZB,Costs,2026.0,Excess generation: $m,0.0
UZB,UZB,Costs,2026.0,Export revenues with external zones: $m,0.0
UZB,UZB,Costs,2026.0,Export revenues with internal zones: $m,0.0
UZB,UZB,Costs,2026.0,Fixed O&M: $m,327.87913906
UZB,UZB,Costs,2026.0,Fuel costs: $m,1440.408820754081
UZB,UZB,Costs,2026.0,Generation costs: $m,0.0
UZB,UZB,Costs,2026.0,Import costs with external zones: $m,0.0
UZB,UZB,Costs,2026.0,Import costs with internal zones: $m,1655.4711869160417
UZB,UZB,Costs,2026.0,NPV of system cost: $m,0.0
UZB,UZB,Costs,2026.0,Spinning reserve costs: $m,0.0
UZB,UZB,Costs,2026.0,Startup costs: $m,0.0
UZB,UZB,Costs,2026.0,Trade shared benefits: $m,-76.26427556934968
UZB,UZB,Costs,2026.0,Transmission costs: $m,0.0
UZB,UZB,Costs,2026.0,Unmet country CO2 backstop cost: $m,0.0
UZB,UZB,Costs,2026.0,Unmet country planning reserve costs: $m,0.0
UZB,UZB,Costs,2026.0,Unmet country spinning reserve costs: $m,0.0
UZB,UZB,Costs,2026.0,Unmet demand costs: $m,0.0
UZB,UZB,Costs,2026.0,Unmet system CO2 backstop cost: $m,0.0
UZB,UZB,Costs,2026.0,Unmet system planning reserve costs: $m,0.0
UZB,UZB,Costs,2026.0,Unmet system spinning reserve costs: $m,0.0
UZB,UZB,Costs,2026.0,VRE curtailment: $m,0.0
UZB,UZB,Costs,2026.0,Variable O&M: $m,286.3954128360472
UZB,UZB,Costs,2027.0,Carbon costs: $m,0.0
UZB,UZB,Costs,2027.0,Excess generation: $m,0.0
UZB,UZB,Costs,2027.0,Export revenues with external zones: $m,0.0
UZB,UZB,Costs,2027.0,Export revenues with internal zones: $m,-49.85624255917877
UZB,UZB,Costs,2027.0,Fixed O&M: $m,437.76913906
UZB,UZB,Costs,2027.0,Fuel costs: $m,853.1274346270784
UZB,UZB,Costs,2027.0,Generation costs: $m,0.0
UZB,UZB,Costs,2027.0,Import costs with external zones: $m,0.0
UZB,UZB,Costs,2027.0,Import costs with internal zones: $m,1666.818057140002
UZB,UZB,Costs,2027.0,NPV of system cost: $m,0.0
UZB,UZB,Costs,2027.0,Spinning reserve costs: $m,0.0
UZB,UZB,Costs,2027.0,Startup costs: $m,0.0
UZB,UZB,Costs,2027.0,Trade shared benefits: $m,-78.38468006353867
UZB,UZB,Costs,2027.0,Transmission costs: $m,0.0
UZB,UZB,Costs,2027.0,Unmet country CO2 backstop cost: $m,0.0
UZB,UZB,Costs,2027.0,Unmet country planning reserve costs: $m,0.0
UZB,UZB,Costs,2027.0,Unmet country spinning reserve costs: $m,0.0
UZB,UZB,Costs,2027.0,Unmet demand costs: $m,0.0
UZB,UZB,Costs,2027.0,Unmet system CO2 backstop cost: $m,0.0
UZB,UZB,Costs,2027.0,Unmet system planning reserve costs: $m,0.0
UZB,UZB,Costs,2027.0,Unmet system spinning reserve costs: $m,0.0
UZB,UZB,Costs,2027.0,VRE curtailment: $m,0.0
UZB,UZB,Costs,2027.0,Variable O&M: $m,146.5242485694387
UZB,UZB,Costs,2028.0,Carbon costs: $m,0.0
UZB,UZB,Costs,2028.0,Excess generation: $m,0.0
UZB,UZB,Costs,2028.0,Export revenues with external zones: $m,0.0
UZB,UZB,Costs,2028.0,Export revenues with internal zones: $m,-164.2768978862361
UZB,UZB,Costs,2028.0,Fixed O&M: $m,526.5541801938354
UZB,UZB,Costs,2028.0,Fuel costs: $m,701.2030097125279
UZB,UZB,Costs,2028.0,Generation costs: $m,0.0
UZB,UZB,Costs,2028.0,Import costs with external zones: $m,0.0
UZB,UZB,Costs,2028.0,Import costs with internal zones: $m,1552.6101905695311
UZB,UZB,Costs,2028.0,NPV of system cost: $m,0.0
UZB,UZB,Costs,2028.0,Spinning reserve costs: $m,0.0
UZB,UZB,Costs,2028.0,Startup costs: $m,0.0
UZB,UZB,Costs,2028.0,Trade shared benefits: $m,-64.03367666321552
UZB,UZB,Costs,2028.0,Transmission costs: $m,0.0
UZB,UZB,Costs,2028.0,Unmet country CO2 backstop cost: $m,0.0
UZB,UZB,Costs,2028.0,Unmet country planning reserve costs: $m,0.0
UZB,UZB,Costs,2028.0,Unmet country spinning reserve costs: $m,0.0
UZB,UZB,Costs,2028.0,Unmet demand costs: $m,0.0
UZB,UZB,Costs,2028.0,Unmet system CO2 backstop cost: $m,0.0
UZB,UZB,Costs,2028.0,Unmet system planning reserve costs: $m,0.0
UZB,UZB,Costs,2028.0,Unmet system spinning reserve costs: $m,0.0
UZB,UZB,Costs,2028.0,VRE curtailment: $m,0.0
UZB,UZB,Costs,2028.0,Variable O&M: $m,158.5580129048409
UZB,UZB,Costs,2029.0,Carbon costs: $m,0.0
UZB,UZB,Costs,2029.0,Excess generation: $m,0.0
UZB,UZB,Costs,2029.0,Export revenues with external zones: $m,0.0
UZB,UZB,Costs,2029.0,Export revenues with internal zones: $m,-130.92122256237244
UZB,UZB,Costs,2029.0,Fixed O&M: $m,582.3746286268207
UZB,UZB,Costs,2029.0,Fuel costs: $m,558.86838406575
UZB,UZB,Costs,2029.0,Generation costs: $m,0.0
UZB,UZB,Costs,2029.0,Import costs with external zones: $m,0.0
UZB,UZB,Costs,2029.0,Import costs with internal zones: $m,1434.261646241438
UZB,UZB,Costs,2029.0,NPV of system cost: $m,0.0
UZB,UZB,Costs,2029.0,Spinning reserve costs: $m,0.0
UZB,UZB,Costs,2029.0,Startup costs: $m,0.0
UZB,UZB,Costs,2029.0,Trade shared benefits: $m,-85.4091694830241
UZB,UZB,Costs,2029.0,Transmission costs: $m,0.0
UZB,UZB,Costs,2029.0,Unmet country CO2 backstop cost: $m,0.0
UZB,UZB,Costs,2029.0,Unmet country planning reserve costs: $m,0.0
UZB,UZB,Costs,2029.0,Unmet country spinning reserve costs: $m,0.0
UZB,UZB,Costs,2029.0,Unmet demand costs: $m,0.0
UZB,UZB,Costs,2029.0,Unmet system CO2 backstop cost: $m,0.0
UZB,UZB,Costs,2029.0,Unmet system planning reserve costs: $m,0.0
UZB,UZB,Costs,2029.0,Unmet system spinning reserve costs: $m,0.0
UZB,UZB,Costs,2029.0,VRE curtailment: $m,0.0
UZB,UZB,Costs,2029.0,Variable O&M: $m,130.82301316658646
UZB,UZB,Costs,2030.0,Carbon costs: $m,0.0
UZB,UZB,Costs,2030.0,Excess generation: $m,0.0
UZB,UZB,Costs,2030.0,Export revenues with external zones: $m,0.0
UZB,UZB,Costs,2030.0,Export revenues with internal zones: $m,-137.29110943005398
UZB,UZB,Costs,2030.0,Fixed O&M: $m,605.9854286268205
UZB,UZB,Costs,2030.0,Fuel costs: $m,527.4512965769947
UZB,UZB,Costs,2030.0,Generation costs: $m,0.0
UZB,UZB,Costs,2030.0,Import costs with external zones: $m,0.0
UZB,UZB,Costs,2030.0,Import costs with internal zones: $m,1403.1927186763353
UZB,UZB,Costs,2030.0,NPV of system cost: $m,0.0
UZB,UZB,Costs,2030.0,Spinning reserve costs: $m,0.0
UZB,UZB,Costs,2030.0,Startup costs: $m,0.0
UZB,UZB,Costs,2030.0,Trade shared benefits: $m,-100.76992359975507
UZB,UZB,Costs,2030.0,Transmission costs: $m,0.0
UZB,UZB,Costs,2030.0,Unmet country CO2 backstop cost: $m,0.0
UZB,UZB,Costs,2030.0,Unmet country planning reserve costs: $m,0.0
UZB,UZB,Costs,2030.0,Unmet country spinning reserve costs: $m,0.0
UZB,UZB,Costs,2030.0,Unmet demand costs: $m,0.0
UZB,UZB,Costs,2030.0,Unmet system CO2 backstop cost: $m,0.0
UZB,UZB,Costs,2030.0,Unmet system planning reserve costs: $m,0.0
UZB,UZB,Costs,2030.0,Unmet system spinning reserve costs: $m,0.0
UZB,UZB,Costs,2030.0,VRE curtailment: $m,0.0
UZB,UZB,Costs,2030.0,Variable O&M: $m,112.42722940830704
UZB,UZB,Costs,2031.0,Carbon costs: $m,0.0
UZB,UZB,Costs,2031.0,Excess generation: $m,0.0
UZB,UZB,Costs,2031.0,Export revenues with external zones: $m,0.0
UZB,UZB,Costs,2031.0,Export revenues with internal zones: $m,-129.0872310814539
UZB,UZB,Costs,2031.0,Fixed O&M: $m,605.9854286268205
UZB,UZB,Costs,2031.0,Fuel costs: $m,546.8483508842169
UZB,UZB,Costs,2031.0,Generation costs: $m,0.0
UZB,UZB,Costs,2031.0,Import costs with external zones: $m,0.0
UZB,UZB,Costs,2031.0,Import costs with internal zones: $m,1686.3520554885154
UZB,UZB,Costs,2031.0,NPV of system cost: $m,0.0
UZB,UZB,Costs,2031.0,Spinning reserve costs: $m,0.0
UZB,UZB,Costs,2031.0,Startup costs: $m,0.0
UZB,UZB,Costs,2031.0,Trade shared benefits: $m,-131.11727874322324
UZB,UZB,Costs,2031.0,Transmission costs: $m,0.0
UZB,UZB,Costs,2031.0,Unmet country CO2 backstop cost: $m,0.0
UZB,UZB,Costs,2031.0,Unmet country planning reserve costs: $m,0.0
UZB,UZB,Costs,2031.0,Unmet country spinning reserve costs: $m,0.0
UZB,UZB,Costs,2031.0,Unmet demand costs: $m,0.0
UZB,UZB,Costs,2031.0,Unmet system CO2 backstop cost: $m,0.0
UZB,UZB,Costs,2031.0,Unmet system planning reserve costs: $m,0.0
UZB,UZB,Costs,2031.0,Unmet system spinning reserve costs: $m,0.0
UZB,UZB,Costs,2031.0,VRE curtailment: $m,0.0
UZB,UZB,Costs,2031.0,Variable O&M: $m,118.64616227766612
UZB,UZB,Costs,2032.0,Carbon costs: $m,0.0
UZB,UZB,Costs,2032.0,Excess generation: $m,0.0
UZB,UZB,Costs,2032.0,Export revenues with external zones: $m,0.0
UZB,UZB,Costs,2032.0,Export revenues with internal zones: $m,-135.84938096701674
UZB,UZB,Costs,2032.0,Fixed O&M: $m,669.6474657800297
UZB,UZB,Costs,2032.0,Fuel costs: $m,543.1466335391748
UZB,UZB,Costs,2032.0,Generation costs: $m,0.0
UZB,UZB,Costs,2032.0,Import costs with external zones: $m,0.0
UZB,UZB,Costs,2032.0,Import costs with internal zones: $m,1655.2631263457724
UZB,UZB,Costs,2032.0,NPV of system cost: $m,0.0
UZB,UZB,Costs,2032.0,Spinning reserve costs: $m,0.0
UZB,UZB,Costs,2032.0,Startup costs: $m,0.0
UZB,UZB,Costs,2032.0,Trade shared benefits: $m,-153.86110851487206
UZB,UZB,Costs,2032.0,Transmission costs: $m,0.0
UZB,UZB,Costs,2032.0,Unmet country CO2 backstop cost: $m,0.0
UZB,UZB,Costs,2032.0,Unmet country planning reserve costs: $m,0.0
UZB,UZB,Costs,2032.0,Unmet country spinning reserve costs: $m,0.0
UZB,UZB,Costs,2032.0,Unmet demand costs: $m,0.0
UZB,UZB,Costs,2032.0,Unmet system CO2 backstop cost: $m,0.0
UZB,UZB,Costs,2032.0,Unmet system planning reserve costs: $m,0.0
UZB,UZB,Costs,2032.0,Unmet system spinning reserve costs: $m,0.0
UZB,UZB,Costs,2032.0,VRE curtailment: $m,0.0
UZB,UZB,Costs,2032.0,Variable O&M: $m,117.87478435247093
UZB,UZB,Costs,2033.0,Carbon costs: $m,0.0
UZB,UZB,Costs,2033.0,Excess generation: $m,0.0
UZB,UZB,Costs,2033.0,Export revenues with external zones: $m,0.0
UZB,UZB,Costs,2033.0,Export revenues with internal zones: $m,-143.8000887894112
UZB,UZB,Costs,2033.0,Fixed O&M: $m,695.8973890983366
UZB,UZB,Costs,2033.0,Fuel costs: $m,577.1205837156454
UZB,UZB,Costs,2033.0,Generation costs: $m,0.0
UZB,UZB,Costs,2033.0,Import costs with external zones: $m,0.0
UZB,UZB,Costs,2033.0,Import costs with internal zones: $m,1623.0388210893384
UZB,UZB,Costs,2033.0,NPV of system cost: $m,0.0
UZB,UZB,Costs,2033.0,Spinning reserve costs: $m,0.0
UZB,UZB,Costs,2033.0,Startup costs: $m,0.0
UZB,UZB,Costs,2033.0,Trade shared benefits: $m,-145.75673499441965
UZB,UZB,Costs,2033.0,Transmission costs: $m,0.0
UZB,UZB,Costs,2033.0,Unmet country CO2 backstop cost: $m,0.0
UZB,UZB,Costs,2033.0,Unmet country planning reserve costs: $m,0.0
UZB,UZB,Costs,2033.0,Unmet country spinning reserve costs: $m,0.0
UZB,UZB,Costs,2033.0,Unmet demand costs: $m,0.0
UZB,UZB,Costs,2033.0,Unmet system CO2 backstop cost: $m,0.0
UZB,UZB,Costs,2033.0,Unmet system planning reserve costs: $m,0.0
UZB,UZB,Costs,2033.0,Unmet system spinning reserve costs: $m,0.0
UZB,UZB,Costs,2033.0,VRE curtailment: $m,0.0
UZB,UZB,Costs,2033.0,Variable O&M: $m,119.255023191612
UZB,UZB,Costs,2034.0,Carbon costs: $m,0.0
UZB,UZB,Costs,2034.0,Excess generation: $m,0.0
UZB,UZB,Costs,2034.0,Export revenues with external zones: $m,0.0
UZB,UZB,Costs,2034.0,Export revenues with internal zones: $m,-137.4679969731453
UZB,UZB,Costs,2034.0,Fixed O&M: $m,744.8345580589352
UZB,UZB,Costs,2034.0,Fuel costs: $m,675.8342092884875
UZB,UZB,Costs,2034.0,Generation costs: $m,0.0
UZB,UZB,Costs,2034.0,Import costs with external zones: $m,0.0
UZB,UZB,Costs,2034.0,Import costs with internal zones: $m,1576.8181364435566
UZB,UZB,Costs,2034.0,NPV of system cost: $m,0.0
UZB,UZB,Costs,2034.0,Spinning reserve costs: $m,0.0
UZB,UZB,Costs,2034.0,Startup costs: $m,0.0
UZB,UZB,Costs,2034.0,Trade shared benefits: $m,-111.8034190493587
UZB,UZB,Costs,2034.0,Transmission costs: $m,0.0
UZB,UZB,Costs,2034.0,Unmet country CO2 backstop cost: $m,0.0
UZB,UZB,Costs,2034.0,Unmet country planning reserve costs: $m,0.0
UZB,UZB,Costs,2034.0,Unmet country spinning reserve costs: $m,0.0
UZB,UZB,Costs,2034.0,Unmet demand costs: $m,0.0
UZB,UZB,Costs,2034.0,Unmet system CO2 backstop cost: $m,0.0
UZB,UZB,Costs,2034.0,Unmet system planning reserve costs: $m,0.0
UZB,UZB,Costs,2034.0,Unmet system spinning reserve costs: $m,0.0
UZB,UZB,Costs,2034.0,VRE curtailment: $m,0.0
UZB,UZB,Costs,2034.0,Variable O&M: $m,127.2105948174036
UZB,UZB,Costs,2035.0,Carbon costs: $m,0.0
UZB,UZB,Costs,2035.0,Excess generation: $m,0.0
UZB,UZB,Costs,2035.0,Export revenues with external zones: $m,0.0
UZB,UZB,Costs,2035.0,Export revenues with internal zones: $m,-131.0016507550036
UZB,UZB,Costs,2035.0,Fixed O&M: $m,769.7661107716877
UZB,UZB,Costs,2035.0,Fuel costs: $m,785.591245033636
UZB,UZB,Costs,2035.0,Generation costs: $m,0.0
UZB,UZB,Costs,2035.0,Import costs with external zones: $m,0.0
UZB,UZB,Costs,2035.0,Import costs with internal zones: $m,1884.870403246665
UZB,UZB,Costs,2035.0,NPV of system cost: $m,0.0
UZB,UZB,Costs,2035.0,Spinning reserve costs: $m,0.0
UZB,UZB,Costs,2035.0,Startup costs: $m,0.0
UZB,UZB,Costs,2035.0,Trade shared benefits: $m,-118.18703644944436
UZB,UZB,Costs,2035.0,Transmission costs: $m,0.0
UZB,UZB,Costs,2035.0,Unmet country CO2 backstop cost: $m,0.0
UZB,UZB,Costs,2035.0,Unmet country planning reserve costs: $m,0.0
UZB,UZB,Costs,2035.0,Unmet country spinning reserve costs: $m,0.0
UZB,UZB,Costs,2035.0,Unmet demand costs: $m,0.0
UZB,UZB,Costs,2035.0,Unmet system CO2 backstop cost: $m,0.0
UZB,UZB,Costs,2035.0,Unmet system planning reserve costs: $m,0.0
UZB,UZB,Costs,2035.0,Unmet system spinning reserve costs: $m,0.0
UZB,UZB,Costs,2035.0,VRE curtailment: $m,0.0
UZB,UZB,Costs,2035.0,Variable O&M: $m,136.58837986498227
UZB,UZB,Costs,2040.0,Carbon costs: $m,0.0
UZB,UZB,Costs,2040.0,Excess generation: $m,0.0
UZB,UZB,Costs,2040.0,Export revenues with external zones: $m,0.0
UZB,UZB,Costs,2040.0,Export revenues with internal zones: $m,-195.1488393823719
UZB,UZB,Costs,2040.0,Fixed O&M: $m,1213.7481622226694
UZB,UZB,Costs,2040.0,Fuel costs: $m,1258.8837615696152
UZB,UZB,Costs,2040.0,Generation costs: $m,0.0
UZB,UZB,Costs,2040.0,Import costs with external zones: $m,0.0
UZB,UZB,Costs,2040.0,Import costs with internal zones: $m,1506.4234294032983
UZB,UZB,Costs,2040.0,NPV of system cost: $m,0.0
UZB,UZB,Costs,2040.0,Spinning reserve costs: $m,0.0
UZB,UZB,Costs,2040.0,Startup costs: $m,0.0
UZB,UZB,Costs,2040.0,Trade shared benefits: $m,-250.29306164996967
UZB,UZB,Costs,2040.0,Transmission costs: $m,0.0
UZB,UZB,Costs,2040.0,Unmet country CO2 backstop cost: $m,0.0
UZB,UZB,Costs,2040.0,Unmet country planning reserve costs: $m,0.0
UZB,UZB,Costs,2040.0,Unmet country spinning reserve costs: $m,0.0
UZB,UZB,Costs,2040.0,Unmet demand costs: $m,0.0
UZB,UZB,Costs,2040.0,Unmet system CO2 backstop cost: $m,0.0
UZB,UZB,Costs,2040.0,Unmet system planning reserve costs: $m,0.0
UZB,UZB,Costs,2040.0,Unmet system spinning reserve costs: $m,0.0
UZB,UZB,Costs,2040.0,VRE curtailment: $m,0.0
UZB,UZB,Costs,2040.0,Variable O&M: $m,174.93921277828164
UZB,UZB,Costs,2045.0,Carbon costs: $m,0.0
UZB,UZB,Costs,2045.0,Excess generation: $m,0.0
UZB,UZB,Costs,2045.0,Export revenues with external zones: $m,0.0
UZB,UZB,Costs,2045.0,Export revenues with internal zones: $m,-176.50877732579522
UZB,UZB,Costs,2045.0,Fixed O&M: $m,1559.6133712074973
UZB,UZB,Costs,2045.0,Fuel costs: $m,1840.0241386141872
UZB,UZB,Costs,2045.0,Generation costs: $m,0.0
UZB,UZB,Costs,2045.0,Import costs with external zones: $m,0.0
UZB,UZB,Costs,2045.0,Import costs with internal zones: $m,1598.1406580077646
UZB,UZB,Costs,2045.0,NPV of system cost: $m,0.0
UZB,UZB,Costs,2045.0,Spinning reserve costs: $m,0.0
UZB,UZB,Costs,2045.0,Startup costs: $m,0.0
UZB,UZB,Costs,2045.0,Trade shared benefits: $m,-285.252993913319
UZB,UZB,Costs,2045.0,Transmission costs: $m,0.0
UZB,UZB,Costs,2045.0,Unmet country CO2 backstop cost: $m,0.0
UZB,UZB,Costs,2045.0,Unmet country planning reserve costs: $m,0.0
UZB,UZB,Costs,2045.0,Unmet country spinning reserve costs: $m,0.0
UZB,UZB,Costs,2045.0,Unmet demand costs: $m,2.6475321565136523
UZB,UZB,Costs,2045.0,Unmet system CO2 backstop cost: $m,0.0
UZB,UZB,Costs,2045.0,Unmet system planning reserve costs: $m,0.0
UZB,UZB,Costs,2045.0,Unmet system spinning reserve costs: $m,0.0
UZB,UZB,Costs,2045.0,VRE curtailment: $m,0.0
UZB,UZB,Costs,2045.0,Variable O&M: $m,225.24612995287072
UZB,UZB,Costs,2050.0,Carbon costs: $m,0.0
UZB,UZB,Costs,2050.0,Excess generation: $m,0.0
UZB,UZB,Costs,2050.0,Export revenues with external zones: $m,0.0
UZB,UZB,Costs,2050.0,Export revenues with internal zones: $m,-152.1618573565713
UZB,UZB,Costs,2050.0,Fixed O&M: $m,1933.1451404007248
UZB,UZB,Costs,2050.0,Fuel costs: $m,2113.1179532206315
UZB,UZB,Costs,2050.0,Generation costs: $m,0.0
UZB,UZB,Costs,2050.0,Import costs with external zones: $m,0.0
UZB,UZB,Costs,2050.0,Import costs with internal zones: $m,1636.7025219073328
UZB,UZB,Costs,2050.0,NPV of system cost: $m,0.0
UZB,UZB,Costs,2050.0,Spinning reserve costs: $m,0.0
UZB,UZB,Costs,2050.0,Startup costs: $m,0.0
UZB,UZB,Costs,2050.0,Trade shared benefits: $m,-267.38712719479486
UZB,UZB,Costs,2050.0,Transmission costs: $m,0.0
UZB,UZB,Costs,2050.0,Unmet country CO2 backstop cost: $m,0.0
UZB,UZB,Costs,2050.0,Unmet country planning reserve costs: $m,0.0
UZB,UZB,Costs,2050.0,Unmet country spinning reserve costs: $m,0.0
UZB,UZB,Costs,2050.0,Unmet demand costs: $m,15.692435800144777
UZB,UZB,Costs,2050.0,Unmet system CO2 backstop cost: $m,0.0
UZB,UZB,Costs,2050.0,Unmet system planning reserve costs: $m,0.0
UZB,UZB,Costs,2050.0,Unmet system spinning reserve costs: $m,0.0
UZB,UZB,Costs,2050.0,VRE curtailment: $m,0.0
UZB,UZB,Costs,2050.0,Variable O&M: $m,194.9365902240092
UZB,UZB,DiscountedWeightedCostsCumulated,2026.0,Carbon costs: $m,0.0
UZB,UZB,DiscountedWeightedCostsCumulated,2026.0,Excess generation: $m,0.0
UZB,UZB,DiscountedWeightedCostsCumulated,2026.0,Export revenues with external zones: $m,0.0
UZB,UZB,DiscountedWeightedCostsCumulated,2026.0,Export revenues with internal zones: $m,0.0
UZB,UZB,DiscountedWeightedCostsCumulated,2026.0,Fixed O&M: $m,327.87913906
UZB,UZB,DiscountedWeightedCostsCumulated,2026.0,Fuel costs: $m,1440.408820754081
UZB,UZB,DiscountedWeightedCostsCumulated,2026.0,Generation costs: $m,0.0
UZB,UZB,DiscountedWeightedCostsCumulated,2026.0,Import costs with external zones: $m,0.0
UZB,UZB,DiscountedWeightedCostsCumulated,2026.0,Import costs with internal zones: $m,1655.4711869160417
UZB,UZB,DiscountedWeightedCostsCumulated,2026.0,NPV of system cost: $m,0.0
UZB,UZB,DiscountedWeightedCostsCumulated,2026.0,Spinning reserve costs: $m,0.0
UZB,UZB,DiscountedWeightedCostsCumulated,2026.0,Startup costs: $m,0.0
UZB,UZB,DiscountedWeightedCostsCumulated,2026.0,Trade shared benefits: $m,-76.26427556934968
UZB,UZB,DiscountedWeightedCostsCumulated,2026.0,Transmission costs: $m,0.0
UZB,UZB,DiscountedWeightedCostsCumulated,2026.0,Unmet country CO2 backstop cost: $m,0.0
UZB,UZB,DiscountedWeightedCostsCumulated,2026.0,Unmet country planning reserve costs: $m,0.0
UZB,UZB,DiscountedWeightedCostsCumulated,2026.0,Unmet country spinning reserve costs: $m,0.0
UZB,UZB,DiscountedWeightedCostsCumulated,2026.0,Unmet demand costs: $m,0.0
UZB,UZB,DiscountedWeightedCostsCumulated,2026.0,Unmet system CO2 backstop cost: $m,0.0
UZB,UZB,DiscountedWeightedCostsCumulated,2026.0,Unmet system planning reserve costs: $m,0.0
UZB,UZB,DiscountedWeightedCostsCumulated,2026.0,Unmet system spinning reserve costs: $m,0.0
UZB,UZB,DiscountedWeightedCostsCumulated,2026.0,VRE curtailment: $m,0.0
UZB,UZB,DiscountedWeightedCostsCumulated,2026.0,Variable O&M: $m,286.3954128360472
UZB,UZB,DiscountedWeightedCostsCumulated,2027.0,Carbon costs: $m,0.0
UZB,UZB,DiscountedWeightedCostsCumulated,2027.0,Excess generation: $m,0.0
UZB,UZB,DiscountedWeightedCostsCumulated,2027.0,Export revenues with external zones: $m,0.0
UZB,UZB,DiscountedWeightedCostsCumulated,2027.0,Export revenues with internal zones: $m,-47.53606212053088
UZB,UZB,DiscountedWeightedCostsCumulated,2027.0,Fixed O&M: $m,745.2756358799613
UZB,UZB,DiscountedWeightedCostsCumulated,2027.0,Fuel costs: $m,2253.833913530065
UZB,UZB,DiscountedWeightedCostsCumulated,2027.0,Generation costs: $m,0.0
UZB,UZB,DiscountedWeightedCostsCumulated,2027.0,Import costs with external zones: $m,0.0
UZB,UZB,DiscountedWeightedCostsCumulated,2027.0,Import costs with internal zones: $m,3244.719847478056
UZB,UZB,DiscountedWeightedCostsCumulated,2027.0,NPV of system cost: $m,0.0
UZB,UZB,DiscountedWeightedCostsCumulated,2027.0,Spinning reserve costs: $m,0.0
UZB,UZB,DiscountedWeightedCostsCumulated,2027.0,Startup costs: $m,0.0
UZB,UZB,DiscountedWeightedCostsCumulated,2027.0,Trade shared benefits: $m,-151.0011355799186
UZB,UZB,DiscountedWeightedCostsCumulated,2027.0,Transmission costs: $m,0.0
UZB,UZB,DiscountedWeightedCostsCumulated,2027.0,Unmet country CO2 backstop cost: $m,0.0
UZB,UZB,DiscountedWeightedCostsCumulated,2027.0,Unmet country planning reserve costs: $m,0.0
UZB,UZB,DiscountedWeightedCostsCumulated,2027.0,Unmet country spinning reserve costs: $m,0.0
UZB,UZB,DiscountedWeightedCostsCumulated,2027.0,Unmet demand costs: $m,0.0
UZB,UZB,DiscountedWeightedCostsCumulated,2027.0,Unmet system CO2 backstop cost: $m,0.0
UZB,UZB,DiscountedWeightedCostsCumulated,2027.0,Unmet system planning reserve costs: $m,0.0
UZB,UZB,DiscountedWeightedCostsCumulated,2027.0,Unmet system spinning reserve costs: $m,0.0
UZB,UZB,DiscountedWeightedCostsCumulated,2027.0,VRE curtailment: $m,0.0
UZB,UZB,DiscountedWeightedCostsCumulated,2027.0,Variable O&M: $m,426.100802264329
UZB,UZB,DiscountedWeightedCostsCumulated,2028.0,Carbon costs: $m,0.0
UZB,UZB,DiscountedWeightedCostsCumulated,2028.0,Excess generation: $m,0.0
UZB,UZB,DiscountedWeightedCostsCumulated,2028.0,Export revenues with external zones: $m,0.0
UZB,UZB,DiscountedWeightedCostsCumulated,2028.0,Export revenues with internal zones: $m,-189.92867704038943
UZB,UZB,DiscountedWeightedCostsCumulated,2028.0,Fixed O&M: $m,1201.6844649942382
UZB,UZB,DiscountedWeightedCostsCumulated,2028.0,Fuel costs: $m,2861.6255837367094
UZB,UZB,DiscountedWeightedCostsCumulated,2028.0,Generation costs: $m,0.0
UZB,UZB,DiscountedWeightedCostsCumulated,2028.0,Import costs with external zones: $m,0.0
UZB,UZB,DiscountedWeightedCostsCumulated,2028.0,Import costs with internal zones: $m,4590.497786013981
UZB,UZB,DiscountedWeightedCostsCumulated,2028.0,NPV of system cost: $m,0.0
UZB,UZB,DiscountedWeightedCostsCumulated,2028.0,Spinning reserve costs: $m,0.0
UZB,UZB,DiscountedWeightedCostsCumulated,2028.0,Startup costs: $m,0.0
UZB,UZB,DiscountedWeightedCostsCumulated,2028.0,Trade shared benefits: $m,-206.5045129892136
UZB,UZB,DiscountedWeightedCostsCumulated,2028.0,Transmission costs: $m,0.0
UZB,UZB,DiscountedWeightedCostsCumulated,2028.0,Unmet country CO2 backstop cost: $m,0.0
UZB,UZB,DiscountedWeightedCostsCumulated,2028.0,Unmet country planning reserve costs: $m,0.0
UZB,UZB,DiscountedWeightedCostsCumulated,2028.0,Unmet country spinning reserve costs: $m,0.0
UZB,UZB,DiscountedWeightedCostsCumulated,2028.0,Unmet demand costs: $m,0.0
UZB,UZB,DiscountedWeightedCostsCumulated,2028.0,Unmet system CO2 backstop cost: $m,0.0
UZB,UZB,DiscountedWeightedCostsCumulated,2028.0,Unmet system planning reserve costs: $m,0.0
UZB,UZB,DiscountedWeightedCostsCumulated,2028.0,Unmet system spinning reserve costs: $m,0.0
UZB,UZB,DiscountedWeightedCostsCumulated,2028.0,VRE curtailment: $m,0.0
UZB,UZB,DiscountedWeightedCostsCumulated,2028.0,Variable O&M: $m,563.5363782005886
UZB,UZB,DiscountedWeightedCostsCumulated,2029.0,Carbon costs: $m,0.0
UZB,UZB,DiscountedWeightedCostsCumulated,2029.0,Excess generation: $m,0.0
UZB,UZB,DiscountedWeightedCostsCumulated,2029.0,Export revenues with external zones: $m,0.0
UZB,UZB,DiscountedWeightedCostsCumulated,2029.0,Export revenues with internal zones: $m,-293.0927165870986
UZB,UZB,DiscountedWeightedCostsCumulated,2029.0,Fixed O&M: $m,1660.587292532642
UZB,UZB,DiscountedWeightedCostsCumulated,2029.0,Fuel costs: $m,3302.005828793593
UZB,UZB,DiscountedWeightedCostsCumulated,2029.0,Generation costs: $m,0.0
UZB,UZB,DiscountedWeightedCostsCumulated,2029.0,Import costs with external zones: $m,0.0
UZB,UZB,DiscountedWeightedCostsCumulated,2029.0,Import costs with internal zones: $m,5720.675325585061
UZB,UZB,DiscountedWeightedCostsCumulated,2029.0,NPV of system cost: $m,0.0
UZB,UZB,DiscountedWeightedCostsCumulated,2029.0,Spinning reserve costs: $m,0.0
UZB,UZB,DiscountedWeightedCostsCumulated,2029.0,Startup costs: $m,0.0
UZB,UZB,DiscountedWeightedCostsCumulated,2029.0,Trade shared benefits: $m,-273.8057095847506
UZB,UZB,DiscountedWeightedCostsCumulated,2029.0,Transmission costs: $m,0.0
UZB,UZB,DiscountedWeightedCostsCumulated,2029.0,Unmet country CO2 backstop cost: $m,0.0
UZB,UZB,DiscountedWeightedCostsCumulated,2029.0,Unmet country planning reserve costs: $m,0.0
UZB,UZB,DiscountedWeightedCostsCumulated,2029.0,Unmet country spinning reserve costs: $m,0.0
UZB,UZB,DiscountedWeightedCostsCumulated,2029.0,Unmet demand costs: $m,0.0
UZB,UZB,DiscountedWeightedCostsCumulated,2029.0,Unmet system CO2 backstop cost: $m,0.0
UZB,UZB,DiscountedWeightedCostsCumulated,2029.0,Unmet system planning reserve costs: $m,0.0
UZB,UZB,DiscountedWeightedCostsCumulated,2029.0,Unmet system spinning reserve costs: $m,0.0
UZB,UZB,DiscountedWeightedCostsCumulated,2029.0,VRE curtailment: $m,0.0
UZB,UZB,DiscountedWeightedCostsCumulated,2029.0,Variable O&M: $m,666.6230301565587
UZB,UZB,DiscountedWeightedCostsCumulated,2030.0,Carbon costs: $m,0.0
UZB,UZB,DiscountedWeightedCostsCumulated,2030.0,Excess generation: $m,0.0
UZB,UZB,DiscountedWeightedCostsCumulated,2030.0,Export revenues with external zones: $m,0.0
UZB,UZB,DiscountedWeightedCostsCumulated,2030.0,Export revenues with internal zones: $m,-391.4412790796449
UZB,UZB,DiscountedWeightedCostsCumulated,2030.0,Fixed O&M: $m,2094.685290897501
UZB,UZB,DiscountedWeightedCostsCumulated,2030.0,Fuel costs: $m,3679.84585804622
UZB,UZB,DiscountedWeightedCostsCumulated,2030.0,Generation costs: $m,0.0
UZB,UZB,DiscountedWeightedCostsCumulated,2030.0,Import costs with external zones: $m,0.0
UZB,UZB,DiscountedWeightedCostsCumulated,2030.0,Import costs with internal zones: $m,6725.853208950726
UZB,UZB,DiscountedWeightedCostsCumulated,2030.0,NPV of system cost: $m,0.0
UZB,UZB,DiscountedWeightedCostsCumulated,2030.0,Spinning reserve costs: $m,0.0
UZB,UZB,DiscountedWeightedCostsCumulated,2030.0,Startup costs: $m,0.0
UZB,UZB,DiscountedWeightedCostsCumulated,2030.0,Trade shared benefits: $m,-345.992300323671
UZB,UZB,DiscountedWeightedCostsCumulated,2030.0,Transmission costs: $m,0.0
UZB,UZB,DiscountedWeightedCostsCumulated,2030.0,Unmet country CO2 backstop cost: $m,0.0
UZB,UZB,DiscountedWeightedCostsCumulated,2030.0,Unmet country planning reserve costs: $m,0.0
UZB,UZB,DiscountedWeightedCostsCumulated,2030.0,Unmet country spinning reserve costs: $m,0.0
UZB,UZB,DiscountedWeightedCostsCumulated,2030.0,Unmet demand costs: $m,0.0
UZB,UZB,DiscountedWeightedCostsCumulated,2030.0,Unmet system CO2 backstop cost: $m,0.0
UZB,UZB,DiscountedWeightedCostsCumulated,2030.0,Unmet system planning reserve costs: $m,0.0
UZB,UZB,DiscountedWeightedCostsCumulated,2030.0,Unmet system spinning reserve costs: $m,0.0
UZB,UZB,DiscountedWeightedCostsCumulated,2030.0,VRE curtailment: $m,0.0
UZB,UZB,DiscountedWeightedCostsCumulated,2030.0,Variable O&M: $m,747.1603383859746
UZB,UZB,DiscountedWeightedCostsCumulated,2031.0,Carbon costs: $m,0.0
UZB,UZB,DiscountedWeightedCostsCumulated,2031.0,Excess generation: $m,0.0
UZB,UZB,DiscountedWeightedCostsCumulated,2031.0,Export revenues with external zones: $m,0.0
UZB,UZB,DiscountedWeightedCostsCumulated,2031.0,Export revenues with internal zones: $m,-475.5064696987741
UZB,UZB,DiscountedWeightedCostsCumulated,2031.0,Fixed O&M: $m,2489.3198348655555
UZB,UZB,DiscountedWeightedCostsCumulated,2031.0,Fuel costs: $m,4035.968694299719
UZB,UZB,DiscountedWeightedCostsCumulated,2031.0,Generation costs: $m,0.0
UZB,UZB,DiscountedWeightedCostsCumulated,2031.0,Import costs with external zones: $m,0.0
UZB,UZB,DiscountedWeightedCostsCumulated,2031.0,Import costs with internal zones: $m,7824.052510368461
UZB,UZB,DiscountedWeightedCostsCumulated,2031.0,NPV of system cost: $m,0.0
UZB,UZB,DiscountedWeightedCostsCumulated,2031.0,Spinning reserve costs: $m,0.0
UZB,UZB,DiscountedWeightedCostsCumulated,2031.0,Startup costs: $m,0.0
UZB,UZB,DiscountedWeightedCostsCumulated,2031.0,Trade shared benefits: $m,-431.3795143700815
UZB,UZB,DiscountedWeightedCostsCumulated,2031.0,Transmission costs: $m,0.0
UZB,UZB,DiscountedWeightedCostsCumulated,2031.0,Unmet country CO2 backstop cost: $m,0.0
UZB,UZB,DiscountedWeightedCostsCumulated,2031.0,Unmet country planning reserve costs: $m,0.0
UZB,UZB,DiscountedWeightedCostsCumulated,2031.0,Unmet country spinning reserve costs: $m,0.0
UZB,UZB,DiscountedWeightedCostsCumulated,2031.0,Unmet demand costs: $m,0.0
UZB,UZB,DiscountedWeightedCostsCumulated,2031.0,Unmet system CO2 backstop cost: $m,0.0
UZB,UZB,DiscountedWeightedCostsCumulated,2031.0,Unmet system planning reserve costs: $m,0.0
UZB,UZB,DiscountedWeightedCostsCumulated,2031.0,Unmet system spinning reserve costs: $m,0.0
UZB,UZB,DiscountedWeightedCostsCumulated,2031.0,VRE curtailment: $m,0.0
UZB,UZB,DiscountedWeightedCostsCumulated,2031.0,Variable O&M: $m,824.4260149718064
UZB,UZB,DiscountedWeightedCostsCumulated,2032.0,Carbon costs: $m,0.0
UZB,UZB,DiscountedWeightedCostsCumulated,2032.0,Excess generation: $m,0.0
UZB,UZB,DiscountedWeightedCostsCumulated,2032.0,Export revenues with external zones: $m,0.0
UZB,UZB,DiscountedWeightedCostsCumulated,2032.0,Export revenues with internal zones: $m,-555.9327337543979
UZB,UZB,DiscountedWeightedCostsCumulated,2032.0,Fixed O&M: $m,2885.768044814191
UZB,UZB,DiscountedWeightedCostsCumulated,2032.0,Fuel costs: $m,4357.525217111926
UZB,UZB,DiscountedWeightedCostsCumulated,2032.0,Generation costs: $m,0.0
UZB,UZB,DiscountedWeightedCostsCumulated,2032.0,Import costs with external zones: $m,0.0
UZB,UZB,DiscountedWeightedCostsCumulated,2032.0,Import costs with internal zones: $m,8804.010080534677
UZB,UZB,DiscountedWeightedCostsCumulated,2032.0,NPV of system cost: $m,0.0
UZB,UZB,DiscountedWeightedCostsCumulated,2032.0,Spinning reserve costs: $m,0.0
UZB,UZB,DiscountedWeightedCostsCumulated,2032.0,Startup costs: $m,0.0
UZB,UZB,DiscountedWeightedCostsCumulated,2032.0,Trade shared benefits: $m,-522.4691759734164
UZB,UZB,DiscountedWeightedCostsCumulated,2032.0,Transmission costs: $m,0.0
UZB,UZB,DiscountedWeightedCostsCumulated,2032.0,Unmet country CO2 backstop cost: $m,0.0
UZB,UZB,DiscountedWeightedCostsCumulated,2032.0,Unmet country planning reserve costs: $m,0.0
UZB,UZB,DiscountedWeightedCostsCumulated,2032.0,Unmet country spinning reserve costs: $m,0.0
UZB,UZB,DiscountedWeightedCostsCumulated,2032.0,Unmet demand costs: $m,0.0
UZB,UZB,DiscountedWeightedCostsCumulated,2032.0,Unmet system CO2 backstop cost: $m,0.0
UZB,UZB,DiscountedWeightedCostsCumulated,2032.0,Unmet system planning reserve costs: $m,0.0
UZB,UZB,DiscountedWeightedCostsCumulated,2032.0,Unmet system spinning reserve costs: $m,0.0
UZB,UZB,DiscountedWeightedCostsCumulated,2032.0,VRE curtailment: $m,0.0
UZB,UZB,DiscountedWeightedCostsCumulated,2032.0,Variable O&M: $m,894.2108639298834
UZB,UZB,DiscountedWeightedCostsCumulated,2033.0,Carbon costs: $m,0.0
UZB,UZB,DiscountedWeightedCostsCumulated,2033.0,Excess generation: $m,0.0
UZB,UZB,DiscountedWeightedCostsCumulated,2033.0,Export revenues with external zones: $m,0.0
UZB,UZB,DiscountedWeightedCostsCumulated,2033.0,Export revenues with internal zones: $m,-633.326628173443
UZB,UZB,DiscountedWeightedCostsCumulated,2033.0,Fixed O&M: $m,3260.3033424748114
UZB,UZB,DiscountedWeightedCostsCumulated,2033.0,Fuel costs: $m,4668.134270966943
UZB,UZB,DiscountedWeightedCostsCumulated,2033.0,Generation costs: $m,0.0
UZB,UZB,DiscountedWeightedCostsCumulated,2033.0,Import costs with external zones: $m,0.0
UZB,UZB,DiscountedWeightedCostsCumulated,2033.0,Import costs with internal zones: $m,9677.537323910408
UZB,UZB,DiscountedWeightedCostsCumulated,2033.0,NPV of system cost: $m,0.0
UZB,UZB,DiscountedWeightedCostsCumulated,2033.0,Spinning reserve costs: $m,0.0
UZB,UZB,DiscountedWeightedCostsCumulated,2033.0,Startup costs: $m,0.0
UZB,UZB,DiscountedWeightedCostsCumulated,2033.0,Trade shared benefits: $m,-600.916146722808
UZB,UZB,DiscountedWeightedCostsCumulated,2033.0,Transmission costs: $m,0.0
UZB,UZB,DiscountedWeightedCostsCumulated,2033.0,Unmet country CO2 backstop cost: $m,0.0
UZB,UZB,DiscountedWeightedCostsCumulated,2033.0,Unmet country planning reserve costs: $m,0.0
UZB,UZB,DiscountedWeightedCostsCumulated,2033.0,Unmet country spinning reserve costs: $m,0.0
UZB,UZB,DiscountedWeightedCostsCumulated,2033.0,Unmet demand costs: $m,0.0
UZB,UZB,DiscountedWeightedCostsCumulated,2033.0,Unmet system CO2 backstop cost: $m,0.0
UZB,UZB,DiscountedWeightedCostsCumulated,2033.0,Unmet system planning reserve costs: $m,0.0
UZB,UZB,DiscountedWeightedCostsCumulated,2033.0,Unmet system spinning reserve costs: $m,0.0
UZB,UZB,DiscountedWeightedCostsCumulated,2033.0,VRE curtailment: $m,0.0
UZB,UZB,DiscountedWeightedCostsCumulated,2033.0,Variable O&M: $m,958.3944868436964
UZB,UZB,DiscountedWeightedCostsCumulated,2034.0,Carbon costs: $m,0.0
UZB,UZB,DiscountedWeightedCostsCumulated,2034.0,Excess generation: $m,0.0
UZB,UZB,DiscountedWeightedCostsCumulated,2034.0,Export revenues with external zones: $m,0.0
UZB,UZB,DiscountedWeightedCostsCumulated,2034.0,Export revenues with internal zones: $m,-700.5865666901319
UZB,UZB,DiscountedWeightedCostsCumulated,2034.0,Fixed O&M: $m,3624.7338112619273
UZB,UZB,DiscountedWeightedCostsCumulated,2034.0,Fuel costs: $m,4998.804451409732
UZB,UZB,DiscountedWeightedCostsCumulated,2034.0,Generation costs: $m,0.0
UZB,UZB,DiscountedWeightedCostsCumulated,2034.0,Import costs with external zones: $m,0.0
UZB,UZB,DiscountedWeightedCostsCumulated,2034.0,Import costs with internal zones: $m,10449.038278637436
UZB,UZB,DiscountedWeightedCostsCumulated,2034.0,NPV of system cost: $m,0.0
UZB,UZB,DiscountedWeightedCostsCumulated,2034.0,Spinning reserve costs: $m,0.0
UZB,UZB,DiscountedWeightedCostsCumulated,2034.0,Startup costs: $m,0.0
UZB,UZB,DiscountedWeightedCostsCumulated,2034.0,Trade shared benefits: $m,-655.618995798906
UZB,UZB,DiscountedWeightedCostsCumulated,2034.0,Transmission costs: $m,0.0
UZB,UZB,DiscountedWeightedCostsCumulated,2034.0,Unmet country CO2 backstop cost: $m,0.0
UZB,UZB,DiscountedWeightedCostsCumulated,2034.0,Unmet country planning reserve costs: $m,0.0
UZB,UZB,DiscountedWeightedCostsCumulated,2034.0,Unmet country spinning reserve costs: $m,0.0
UZB,UZB,DiscountedWeightedCostsCumulated,2034.0,Unmet demand costs: $m,0.0
UZB,UZB,DiscountedWeightedCostsCumulated,2034.0,Unmet system CO2 backstop cost: $m,0.0
UZB,UZB,DiscountedWeightedCostsCumulated,2034.0,Unmet system planning reserve costs: $m,0.0
UZB,UZB,DiscountedWeightedCostsCumulated,2034.0,Unmet system spinning reserve costs: $m,0.0
UZB,UZB,DiscountedWeightedCostsCumulated,2034.0,VRE curtailment: $m,0.0
UZB,UZB,DiscountedWeightedCostsCumulated,2034.0,Variable O&M: $m,1020.6357137072948
UZB,UZB,DiscountedWeightedCostsCumulated,2035.0,Carbon costs: $m,0.0
UZB,UZB,DiscountedWeightedCostsCumulated,2035.0,Excess generation: $m,0.0
UZB,UZB,DiscountedWeightedCostsCumulated,2035.0,Export revenues with external zones: $m,0.0
UZB,UZB,DiscountedWeightedCostsCumulated,2035.0,Export revenues with internal zones: $m,-758.8557517789982
UZB,UZB,DiscountedWeightedCostsCumulated,2035.0,Fixed O&M: $m,3967.123725627025
UZB,UZB,DiscountedWeightedCostsCumulated,2035.0,Fuel costs: $m,5348.233343314816
UZB,UZB,DiscountedWeightedCostsCumulated,2035.0,Generation costs: $m,0.0
UZB,UZB,DiscountedWeightedCostsCumulated,2035.0,Import costs with external zones: $m,0.0
UZB,UZB,DiscountedWeightedCostsCumulated,2035.0,Import costs with internal zones: $m,11287.423610137625
UZB,UZB,DiscountedWeightedCostsCumulated,2035.0,NPV of system cost: $m,0.0
UZB,UZB,DiscountedWeightedCostsCumulated,2035.0,Spinning reserve costs: $m,0.0
UZB,UZB,DiscountedWeightedCostsCumulated,2035.0,Startup costs: $m,0.0
UZB,UZB,DiscountedWeightedCostsCumulated,2035.0,Trade shared benefits: $m,-708.188274600259
UZB,UZB,DiscountedWeightedCostsCumulated,2035.0,Transmission costs: $m,0.0
UZB,UZB,DiscountedWeightedCostsCumulated,2035.0,Unmet country CO2 backstop cost: $m,0.0
UZB,UZB,DiscountedWeightedCostsCumulated,2035.0,Unmet country planning reserve costs: $m,0.0
UZB,UZB,DiscountedWeightedCostsCumulated,2035.0,Unmet country spinning reserve costs: $m,0.0
UZB,UZB,DiscountedWeightedCostsCumulated,2035.0,Unmet demand costs: $m,0.0
UZB,UZB,DiscountedWeightedCostsCumulated,2035.0,Unmet system CO2 backstop cost: $m,0.0
UZB,UZB,DiscountedWeightedCostsCumulated,2035.0,Unmet system planning reserve costs: $m,0.0
UZB,UZB,DiscountedWeightedCostsCumulated,2035.0,Unmet system spinning reserve costs: $m,0.0
UZB,UZB,DiscountedWeightedCostsCumulated,2035.0,VRE curtailment: $m,0.0
UZB,UZB,DiscountedWeightedCostsCumulated,2035.0,Variable O&M: $m,1081.3898610136182
UZB,UZB,DiscountedWeightedCostsCumulated,2040.0,Carbon costs: $m,0.0
UZB,UZB,DiscountedWeightedCostsCumulated,2040.0,Excess generation: $m,0.0
UZB,UZB,DiscountedWeightedCostsCumulated,2040.0,Export revenues with external zones: $m,0.0
UZB,UZB,DiscountedWeightedCostsCumulated,2040.0,Export revenues with internal zones: $m,-1084.932699993774
UZB,UZB,DiscountedWeightedCostsCumulated,2040.0,Fixed O&M: $m,5995.192649282697
UZB,UZB,DiscountedWeightedCostsCumulated,2040.0,Fuel costs: $m,7451.719976537591
UZB,UZB,DiscountedWeightedCostsCumulated,2040.0,Generation costs: $m,0.0
UZB,UZB,DiscountedWeightedCostsCumulated,2040.0,Import costs with external zones: $m,0.0
UZB,UZB,DiscountedWeightedCostsCumulated,2040.0,Import costs with internal zones: $m,13804.52776578466
UZB,UZB,DiscountedWeightedCostsCumulated,2040.0,NPV of system cost: $m,0.0
UZB,UZB,DiscountedWeightedCostsCumulated,2040.0,Spinning reserve costs: $m,0.0
UZB,UZB,DiscountedWeightedCostsCumulated,2040.0,Startup costs: $m,0.0
UZB,UZB,DiscountedWeightedCostsCumulated,2040.0,Trade shared benefits: $m,-1126.406481587593
UZB,UZB,DiscountedWeightedCostsCumulated,2040.0,Transmission costs: $m,0.0
UZB,UZB,DiscountedWeightedCostsCumulated,2040.0,Unmet country CO2 backstop cost: $m,0.0
UZB,UZB,DiscountedWeightedCostsCumulated,2040.0,Unmet country planning reserve costs: $m,0.0
UZB,UZB,DiscountedWeightedCostsCumulated,2040.0,Unmet country spinning reserve costs: $m,0.0
UZB,UZB,DiscountedWeightedCostsCumulated,2040.0,Unmet demand costs: $m,0.0
UZB,UZB,DiscountedWeightedCostsCumulated,2040.0,Unmet system CO2 backstop cost: $m,0.0
UZB,UZB,DiscountedWeightedCostsCumulated,2040.0,Unmet system planning reserve costs: $m,0.0
UZB,UZB,DiscountedWeightedCostsCumulated,2040.0,Unmet system spinning reserve costs: $m,0.0
UZB,UZB,DiscountedWeightedCostsCumulated,2040.0,VRE curtailment: $m,0.0
UZB,UZB,DiscountedWeightedCostsCumulated,2040.0,Variable O&M: $m,1373.6982590874948
UZB,UZB,DiscountedWeightedCostsCumulated,2045.0,Carbon costs: $m,0.0
UZB,UZB,DiscountedWeightedCostsCumulated,2045.0,Excess generation: $m,0.0
UZB,UZB,DiscountedWeightedCostsCumulated,2045.0,Export revenues with external zones: $m,0.0
UZB,UZB,DiscountedWeightedCostsCumulated,2045.0,Export revenues with internal zones: $m,-1268.0616502110047
UZB,UZB,DiscountedWeightedCostsCumulated,2045.0,Fixed O&M: $m,7613.301186099613
UZB,UZB,DiscountedWeightedCostsCumulated,2045.0,Fuel costs: $m,9360.756422112338
UZB,UZB,DiscountedWeightedCostsCumulated,2045.0,Generation costs: $m,0.0
UZB,UZB,DiscountedWeightedCostsCumulated,2045.0,Import costs with external zones: $m,0.0
UZB,UZB,DiscountedWeightedCostsCumulated,2045.0,Import costs with internal zones: $m,15462.608601392294
UZB,UZB,DiscountedWeightedCostsCumulated,2045.0,NPV of system cost: $m,0.0
UZB,UZB,DiscountedWeightedCostsCumulated,2045.0,Spinning reserve costs: $m,0.0
UZB,UZB,DiscountedWeightedCostsCumulated,2045.0,Startup costs: $m,0.0
UZB,UZB,DiscountedWeightedCostsCumulated,2045.0,Trade shared benefits: $m,-1422.3582303510473
UZB,UZB,DiscountedWeightedCostsCumulated,2045.0,Transmission costs: $m,0.0
UZB,UZB,DiscountedWeightedCostsCumulated,2045.0,Unmet country CO2 backstop cost: $m,0.0
UZB,UZB,DiscountedWeightedCostsCumulated,2045.0,Unmet country planning reserve costs: $m,0.0
UZB,UZB,DiscountedWeightedCostsCumulated,2045.0,Unmet country spinning reserve costs: $m,0.0
UZB,UZB,DiscountedWeightedCostsCumulated,2045.0,Unmet demand costs: $m,2.746831017892113
UZB,UZB,DiscountedWeightedCostsCumulated,2045.0,Unmet system CO2 backstop cost: $m,0.0
UZB,UZB,DiscountedWeightedCostsCumulated,2045.0,Unmet system planning reserve costs: $m,0.0
UZB,UZB,DiscountedWeightedCostsCumulated,2045.0,Unmet system spinning reserve costs: $m,0.0
UZB,UZB,DiscountedWeightedCostsCumulated,2045.0,VRE curtailment: $m,0.0
UZB,UZB,DiscountedWeightedCostsCumulated,2045.0,Variable O&M: $m,1607.3925146577244
UZB,UZB,DiscountedWeightedCostsCumulated,2050.0,Carbon costs: $m,0.0
UZB,UZB,DiscountedWeightedCostsCumulated,2050.0,Excess generation: $m,0.0
UZB,UZB,DiscountedWeightedCostsCumulated,2050.0,Export revenues with external zones: $m,0.0
UZB,UZB,DiscountedWeightedCostsCumulated,2050.0,Export revenues with internal zones: $m,-1366.0857977684682
UZB,UZB,DiscountedWeightedCostsCumulated,2050.0,Fixed O&M: $m,8858.652076162542
UZB,UZB,DiscountedWeightedCostsCumulated,2050.0,Fuel costs: $m,10722.047547571114
UZB,UZB,DiscountedWeightedCostsCumulated,2050.0,Generation costs: $m,0.0
UZB,UZB,DiscountedWeightedCostsCumulated,2050.0,Import costs with external zones: $m,0.0
UZB,UZB,DiscountedWeightedCostsCumulated,2050.0,Import costs with internal zones: $m,16516.98827513113
UZB,UZB,DiscountedWeightedCostsCumulated,2050.0,NPV of system cost: $m,0.0
UZB,UZB,DiscountedWeightedCostsCumulated,2050.0,Spinning reserve costs: $m,0.0
UZB,UZB,DiscountedWeightedCostsCumulated,2050.0,Startup costs: $m,0.0
UZB,UZB,DiscountedWeightedCostsCumulated,2050.0,Trade shared benefits: $m,-1594.6116167545022
UZB,UZB,DiscountedWeightedCostsCumulated,2050.0,Transmission costs: $m,0.0
UZB,UZB,DiscountedWeightedCostsCumulated,2050.0,Unmet country CO2 backstop cost: $m,0.0
UZB,UZB,DiscountedWeightedCostsCumulated,2050.0,Unmet country planning reserve costs: $m,0.0
UZB,UZB,DiscountedWeightedCostsCumulated,2050.0,Unmet country spinning reserve costs: $m,0.0
UZB,UZB,DiscountedWeightedCostsCumulated,2050.0,Unmet demand costs: $m,12.85605069444192
UZB,UZB,DiscountedWeightedCostsCumulated,2050.0,Unmet system CO2 backstop cost: $m,0.0
UZB,UZB,DiscountedWeightedCostsCumulated,2050.0,Unmet system planning reserve costs: $m,0.0
UZB,UZB,DiscountedWeightedCostsCumulated,2050.0,Unmet system spinning reserve costs: $m,0.0
UZB,UZB,DiscountedWeightedCostsCumulated,2050.0,VRE curtailment: $m,0.0
UZB,UZB,DiscountedWeightedCostsCumulated,2050.0,Variable O&M: $m,1732.972560908664
UZB,UZB,GenCostsPerMWh,2026.0,Fixed O&M: $m,5.704204714480304
UZB,UZB,GenCostsPerMWh,2026.0,Investment costs: $m,14.218062037856347
UZB,UZB,GenCostsPerMWh,2026.0,Variable Cost: $m,30.04169426108833
UZB,UZB,GenCostsPerMWh,2027.0,Fixed O&M: $m,7.454723061260123
UZB,UZB,GenCostsPerMWh,2027.0,Investment costs: $m,26.324624644436383
UZB,UZB,GenCostsPerMWh,2027.0,Variable Cost: $m,17.02295980012255
UZB,UZB,GenCostsPerMWh,2028.0,Fixed O&M: $m,7.900147524810928
UZB,UZB,GenCostsPerMWh,2028.0,Investment costs: $m,32.07661888381492
UZB,UZB,GenCostsPerMWh,2028.0,Variable Cost: $m,12.89941124816288
UZB,UZB,GenCostsPerMWh,2029.0,Fixed O&M: $m,8.2696260772878
UZB,UZB,GenCostsPerMWh,2029.0,Investment costs: $m,35.76484433364556
UZB,UZB,GenCostsPerMWh,2029.0,Variable Cost: $m,9.79350693432823
UZB,UZB,GenCostsPerMWh,2030.0,Fixed O&M: $m,7.728434508863319
UZB,UZB,GenCostsPerMWh,2030.0,Investment costs: $m,38.03282818311551
UZB,UZB,GenCostsPerMWh,2030.0,Variable Cost: $m,8.160690089383007
UZB,UZB,GenCostsPerMWh,2031.0,Fixed O&M: $m,7.67244085942904
UZB,UZB,GenCostsPerMWh,2031.0,Investment costs: $m,37.75727472583549
UZB,UZB,GenCostsPerMWh,2031.0,Variable Cost: $m,8.425891206789133
UZB,UZB,GenCostsPerMWh,2032.0,Fixed O&M: $m,7.627904524811048
UZB,UZB,GenCostsPerMWh,2032.0,Investment costs: $m,38.83747361781134
UZB,UZB,GenCostsPerMWh,2032.0,Variable Cost: $m,7.529645854269549
UZB,UZB,GenCostsPerMWh,2033.0,Fixed O&M: $m,7.245815372698594
UZB,UZB,GenCostsPerMWh,2033.0,Investment costs: $m,39.704458241272974
UZB,UZB,GenCostsPerMWh,2033.0,Variable Cost: $m,7.250794667068247
UZB,UZB,GenCostsPerMWh,2034.0,Fixed O&M: $m,7.185568705631783
UZB,UZB,GenCostsPerMWh,2034.0,Investment costs: $m,40.15895671505387
UZB,UZB,GenCostsPerMWh,2034.0,Variable Cost: $m,7.747134650466815
UZB,UZB,GenCostsPerMWh,2035.0,Fixed O&M: $m,7.1163497779579705
UZB,UZB,GenCostsPerMWh,2035.0,Investment costs: $m,40.23554342251008
UZB,UZB,GenCostsPerMWh,2035.0,Variable Cost: $m,8.525385408699973
UZB,UZB,GenCostsPerMWh,2040.0,Fixed O&M: $m,7.520160723021731
UZB,UZB,GenCostsPerMWh,2040.0,Investment costs: $m,41.27323610077968
UZB,UZB,GenCostsPerMWh,2040.0,Variable Cost: $m,8.883703844883069
UZB,UZB,GenCostsPerMWh,2045.0,Fixed O&M: $m,7.656463961058229
UZB,UZB,GenCostsPerMWh,2045.0,Investment costs: $m,41.41104786661508
UZB,UZB,GenCostsPerMWh,2045.0,Variable Cost: $m,10.13883804348642
UZB,UZB,GenCostsPerMWh,2050.0,Fixed O&M: $m,7.646526250072723
UZB,UZB,GenCostsPerMWh,2050.0,Investment costs: $m,43.29242149543985
UZB,UZB,GenCostsPerMWh,2050.0,Variable Cost: $m,9.129474701206693
UZB,UZB,NetPresentCostPerMWh,,Carbon costs: $m,0.0
UZB,UZB,NetPresentCostPerMWh,,Excess generation: $m,0.0
UZB,UZB,NetPresentCostPerMWh,,Export revenues with external zones: $m,0.0
UZB,UZB,NetPresentCostPerMWh,,Export revenues with internal zones: $m,-0.961073802926176
UZB,UZB,NetPresentCostPerMWh,,Fixed O&M: $m,6.232272126351735
UZB,UZB,NetPresentCostPerMWh,,Fuel costs: $m,7.543215095664103
UZB,UZB,NetPresentCostPerMWh,,Generation costs: $m,0.0
UZB,UZB,NetPresentCostPerMWh,,Import costs with external zones: $m,0.0
UZB,UZB,NetPresentCostPerMWh,,Import costs with internal zones: $m,11.620093525895625
UZB,UZB,NetPresentCostPerMWh,,NPV of system cost: $m,0.0
UZB,UZB,NetPresentCostPerMWh,,Spinning reserve costs: $m,0.0
UZB,UZB,NetPresentCostPerMWh,,Startup costs: $m,0.0
UZB,UZB,NetPresentCostPerMWh,,Trade shared benefits: $m,-1.1218471440139008
UZB,UZB,NetPresentCostPerMWh,,Transmission costs: $m,0.0
UZB,UZB,NetPresentCostPerMWh,,Unmet country CO2 backstop cost: $m,0.0
UZB,UZB,NetPresentCostPerMWh,,Unmet country planning reserve costs: $m,0.0
UZB,UZB,NetPresentCostPerMWh,,Unmet country spinning reserve costs: $m,0.0
UZB,UZB,NetPresentCostPerMWh,,Unmet demand costs: $m,0.0090445369915287
UZB,UZB,NetPresentCostPerMWh,,Unmet system CO2 backstop cost: $m,0.0
UZB,UZB,NetPresentCostPerMWh,,Unmet system planning reserve costs: $m,0.0
UZB,UZB,NetPresentCostPerMWh,,Unmet system spinning reserve costs: $m,0.0
UZB,UZB,NetPresentCostPerMWh,,VRE curtailment: $m,0.0
UZB,UZB,NetPresentCostPerMWh,,Variable O&M: $m,1.2191873542641751
