{
"type": "FeatureCollection",
"name": "zones",
"crs": {"type": "name", "properties": {"name": "urn:ogc:def:crs:OGC:1.3:CRS84"}},
"epm_source": {"generator": "epm/postprocessing/create_geojson.py", "generated_at": "2026-08-25T17:13:07+00:00", "zones": ["KAZ_N", "KAZ_S", "KGZ_N", "KGZ_S", "NEPS_AFG", "NEPS_HERAT", "NEPS_TAJ", "NEPS_TKM", "NEPS_UZB", "PAK_KAR", "PAK_N", "PAK_S", "TAJ_N", "TAJ_S", "TUR", "UZB"], "inputs": {"zcmap": {"path": "epm/input/data_casa/zcmap.csv", "sha256": "15510b9817dc3f7c29fbfa60c76a144f9f8519900309ef5198a69708cef5e4b6"}, "geojson_to_epm": {"path": "epm/resources/postprocess/geojson_to_epm.csv", "sha256": "c4512c2f02246caf5142ab8a57d5dd6772e2a6f8b4cbdba0132553ad38cb9dd3"}, "zone_map": {"path": "epm/resources/postprocess/zones.geojson", "sha256": "ebd573b6eb0a683aeaa15730ab6e3857c3392ba59260aafc54cdfd8af3d7caeb"}, "zones_custom": {"path": "epm/resources/postprocess/zones_custom.geojson", "sha256": "d61c3bc1bfc1d5ca4ce8ba42dde5fc51562ecc1d4d5f41638c9b69d732496e43"}}},
"features": [
{"type": "Feature", "properties": {"z": "PAK_KAR", "ISO_A3": "PAK", "c": "PAK"}, "geometry": {"type": "Polygon", "coordinates": [[[67.1111, 24.79789998630739], [67.1002, 24.797199986307255], [67.0999, 24.797199986307255], [67.0812, 24.803299986308755], [67.0792, 24.801299986308255], [67.0736, 24.795899986306924], [67.0826, 24.774299986301678], [67.0636, 24.781699986303483], [67.0229, 24.810199986310376], [67.0049, 24.813599986311235], [67.0027, 24.814699986311506], [66.9875, 24.82219998631333], [66.9872, 24.82229998631335], [66.9728, 24.83319998631605], [66.9649, 24.843699986318583], [66.9577, 24.843699986318583], [66.9577, 24.82549998631412], [66.9649, 24.810199986310376], [66.9412, 24.812599986311], [66.9217, 24.824299986313854], [66.9034, 24.839199986317485], [66.8821, 24.8510999863204], [66.8537, 24.852299986320705], [66.8274, 24.844199986318742], [66.8186, 24.842599986318323], [66.808, 24.84069998631787], [66.8026, 24.83969998631761], [66.791, 24.84539998631901], [66.7795, 24.8510999863204], [66.7694, 24.847199986319445], [66.764, 24.846699986319344], [66.7354, 24.843699986318583], [66.7162, 24.841699986318126], [66.6913, 24.832599986315866], [66.6798, 24.830599986315416], [66.6574, 24.83819998631726], [66.6542, 24.839199986317485], [66.6568, 24.858799986322314], [66.6769, 24.879599986327424], [66.7043, 24.891999986330493], [66.7043, 24.89789998633199], [66.7084, 24.899999986332492], [66.7185, 24.915499986336346], [66.7243, 24.9191999863373], [66.7381, 24.92619998633904], [66.7703, 24.951799986345442], [66.7757, 24.964399986348603], [66.7917, 24.97259998635065], [66.8219, 24.973799986350965], [66.8488, 25.002899986358322], [66.8902, 25.014999986361403], [66.9381, 25.015599986361572], [66.9436, 25.03029998636532], [66.9669, 25.042799986368514], [66.9882, 25.063299986373742], [67.0017, 25.08919998638042], [67.0276, 25.110299986385893], [67.031, 25.12149998638876], [67.0188, 25.1373999863929], [67.0252, 25.155099986397502], [67.023, 25.172299986402027], [67.0383, 25.185999986405648], [67.043, 25.20999998641195], [67.1029, 25.245699986421442], [67.135, 25.279299986430406], [67.13, 25.28999998643329], [67.15, 25.3202999864414], [67.1682, 25.327499986443375], [67.1693, 25.339599986446647], [67.1564, 25.358199986451687], [67.1821, 25.39279998646111], [67.1741, 25.426299986470294], [67.1776, 25.45389998647793], [67.1878, 25.46779998648174], [67.2151, 25.488799986487592], [67.221, 25.520199986496337], [67.2491, 25.52129998649667], [67.2763, 25.544199986503035], [67.2756, 25.574799986511685], [67.3104, 25.585099986514578], [67.3217, 25.592499986516675], [67.3484, 25.64259998653094], [67.3874, 25.65139998653344], [67.4208, 25.647999986532483], [67.4618, 25.657899986535327], [67.4658, 25.631399986527754], [67.4639, 25.5217999864968], [67.4694, 25.492499986488617], [67.4639, 25.477599986484464], [67.4503, 25.468099986481825], [67.4406, 25.42679998647041], [67.4264, 25.40909998646559], [67.4353, 25.38569998645918], [67.4212, 25.35309998645029], [67.4075, 25.353899986450504], [67.3628, 25.26769998642727], [67.3502, 25.221799986415107], [67.3666, 25.19899998640908], [67.3696, 25.17609998640302], [67.3917, 25.17309998640223], [67.4041, 25.159199986398615], [67.442, 25.147899986395643], [67.4903, 25.128699986390647], [67.5057, 25.127999986390485], [67.5194, 25.11289998638654], [67.5295, 25.086999986379848], [67.5474, 25.06569998637438], [67.5469, 25.027999986364726], [67.5501, 24.990299986355133], [67.5279, 24.978599986352197], [67.542, 24.90889998633468], [67.5474, 24.891499986330412], [67.5738, 24.840599986317827], [67.5768, 24.792299986306066], [67.5614, 24.785199986304313], [67.5151, 24.799099986307695], [67.4969, 24.753599986296678], [67.4789, 24.761099986298486], [67.4814, 24.778399986302674], [67.4484, 24.783399986303912], [67.4327, 24.778699986302758], [67.4224, 24.790599986305654], [67.3972, 24.781799986303497], [67.372, 24.781799986303497], [67.3557, 24.773999986301643], [67.311, 24.808899986310077], [67.2941, 24.814299986311415], [67.2817, 24.80799998630989], [67.2595, 24.813799986311267], [67.1999, 24.813899986311277], [67.1705, 24.803799986308835], [67.1546, 24.793099986306267], [67.1482, 24.799899986307906], [67.1441, 24.801499986308293], [67.1416, 24.802499986308522], [67.1395, 24.803299986308755], [67.1219, 24.801299986308255], [67.1111, 24.79789998630739]]]}},
{"type": "Feature", "properties": {"z": "NEPS_TAJ", "ISO_A3": "AFG", "c": "AFG"}, "geometry": {"type": "MultiPolygon", "coordinates": [[[[69.4277, 37.20419999177048], [69.4421, 37.22359999178039], [69.4453, 37.236399991786904], [69.4412, 37.237099991787304], [69.427, 37.239499991788485], [69.4139, 37.24419999179093], [69.4097, 37.24569999179169], [69.416, 37.26239999180025], [69.418, 37.26769999180291], [69.4097, 37.27669999180753], [69.409, 37.28049999180946], [69.406, 37.29649999181763], [69.4032, 37.311199991825156], [69.3895, 37.3329999918363], [69.3866, 37.34079999184031], [69.3863, 37.34159999184067], [69.3845, 37.360199991850166], [69.3846, 37.360399991850315], [69.3859, 37.363199991851694], [69.391, 37.36529999185281], [69.3913, 37.370699991855524], [69.3884, 37.37499999185775], [69.3791, 37.37699999185875], [69.3769, 37.3805999918606], [69.3763, 37.41149999187634], [69.3762, 37.41879999188009], [69.3784, 37.437399991889606], [69.3845, 37.453299991897644], [69.3895, 37.4587999919005], [69.4118, 37.47249999190746], [69.4255, 37.494199991918535], [69.4698, 37.52019999193178], [69.4914, 37.53699999194033], [69.5087, 37.578999991961666], [69.5285, 37.585999991965245], [69.5304, 37.58579999196515], [69.5472, 37.58459999196457], [69.5861, 37.581799991963145], [69.5945, 37.58119999196283], [69.6649, 37.57609999196025], [69.6872, 37.57949999196194], [69.7297, 37.59409999196935], [69.7542, 37.59669999197074], [69.7844, 37.59039999196751], [69.8021, 37.58149999196295], [69.8125, 37.58579999196515], [69.823, 37.59299999196884], [69.8321, 37.5954999919701], [69.8532, 37.60109999197295], [69.8782, 37.61119999197808], [69.8953, 37.618199991981655], [69.9087, 37.61759999198134], [69.9187, 37.61719999198112], [69.9353, 37.60559999197525], [69.9446, 37.58969999196718], [69.9507, 37.581799991963145], [69.9554, 37.575499991959916], [69.9767, 37.56939999195683], [69.9896, 37.56739999195578], [69.9903, 37.56649999195531], [69.9986, 37.5555999919498], [70.0077, 37.54879999194634], [70.017, 37.54589999194488], [70.0449, 37.541899991942806], [70.025, 37.522799991933134], [70.0228, 37.49769999192029], [70.0072, 37.477599991910026], [69.9913, 37.443499991892715], [69.9955, 37.41569999187849], [70.0151, 37.400899991870986], [70.0073, 37.387499991864104], [70.007, 37.3486999918443], [70.0206, 37.30859999182385], [70.0071, 37.2941999918165], [70.0165, 37.26989999180404], [70.0201, 37.23189999178464], [70.0381, 37.21659999177679], [70.0493, 37.182799991759474], [70.0484, 37.16039999174806], [70.0233, 37.13709999173613], [70.0596, 37.10969999172208], [70.0889, 37.09259999171331], [70.0956, 37.075199991704395], [70.1215, 37.06079999169697], [70.1317, 37.04759999169023], [70.1147, 37.03199999168221], [70.1078, 37.01419999167315], [70.0981, 36.99149999166148], [70.0617, 36.98489999165805], [70.0424, 36.96479999164777], [70.047, 36.94799999163914], [70.0385, 36.937699991633835], [70.0118, 36.934999991632466], [70.0123, 36.911999991620675], [70.0337, 36.899499991614235], [70.0303, 36.88759999160814], [70.0101, 36.87479999160156], [69.9964, 36.80549999156593], [70.0071, 36.79299999155956], [69.9855, 36.782299991553984], [69.992, 36.75299999153893], [70.0219, 36.73839999153143], [70.0167, 36.72559999152486], [70.0382, 36.69859999151096], [70.0434, 36.67549999149908], [70.0214, 36.657699991489906], [70.0575, 36.64139999148153], [70.1022, 36.60909999146487], [70.0999, 36.591799991455936], [70.1151, 36.56939999144439], [70.1049, 36.52349999142075], [70.114, 36.51789999141787], [70.1138, 36.4785999913976], [70.0974, 36.474999991395734], [70.0799, 36.452299991384066], [70.0884, 36.429799991372434], [70.1005, 36.42589999137046], [70.1125, 36.40319999135871], [70.1433, 36.39639999135519], [70.17, 36.36509999133906], [70.1802, 36.33769999132493], [70.2331, 36.32209999131688], [70.2966, 36.329899991320914], [70.3695, 36.3182999913149], [70.3903, 36.32589999131879], [70.4192, 36.32379999131773], [70.452, 36.30949999131037], [70.4729, 36.29009999130032], [70.4848, 36.26419999128692], [70.4707, 36.25479999128212], [70.478, 36.23599999127235], [70.4671, 36.19909999125332], [70.4838, 36.18689999124703], [70.4807, 36.15989999123303], [70.4634, 36.13449999121997], [70.4496, 36.08459999119413], [70.4233, 36.037999991170054], [70.4447, 36.0026999911518], [70.4485, 35.98959999114504], [70.4328, 35.95569999112747], [70.4135, 35.95289999112602], [70.3895, 35.940999991119845], [70.3666, 35.91099999110436], [70.3488, 35.90489999110121], [70.3278, 35.88459999109069], [70.3167, 35.88219999108943], [70.3047, 35.86109999107854], [70.2893, 35.85799999107691], [70.2738, 35.85699999107642], [70.2213, 35.87919999108791], [70.2048, 35.87699999108676], [70.193, 35.88969999109331], [70.1802, 35.85069999107316], [70.1696, 35.85299999107431], [70.1397, 35.820499991057524], [70.1051, 35.81989999105722], [70.0631, 35.81229999105328], [70.0171, 35.80969999105191], [69.9878, 35.78639999103989], [69.9699, 35.810099991052155], [69.9586, 35.8900999910935], [69.96, 35.9087999911032], [69.942, 35.92789999111306], [69.9225, 35.93679999111771], [69.9276, 35.94739999112315], [69.9044, 35.96409999113183], [69.8904, 35.99989999115036], [69.8691, 36.04009999117113], [69.8358, 36.07039999118678], [69.8173, 36.07859999119106], [69.7906, 36.08169999119265], [69.772, 36.09769999120088], [69.7837, 36.12139999121317], [69.7782, 36.163699991235056], [69.7831, 36.19809999125279], [69.7754, 36.22109999126466], [69.7591, 36.23859999127374], [69.7316, 36.22649999126749], [69.717, 36.23519999127194], [69.6995, 36.25769999128359], [69.7028, 36.284199991297285], [69.7001, 36.32339999131753], [69.6803, 36.368399991340745], [69.6701, 36.366399991339705], [69.6636, 36.35109999133185], [69.6369, 36.32819999131998], [69.6002, 36.31999999131577], [69.5521, 36.29469999130268], [69.5215, 36.297499991304164], [69.4921, 36.2808999912956], [69.4927, 36.274299991292175], [69.4425, 36.24109999127502], [69.4232, 36.243899991276436], [69.4083, 36.237099991272956], [69.3654, 36.246199991277635], [69.3475, 36.235299991272036], [69.3309, 36.24429999127667], [69.3106, 36.240399991274664], [69.2949, 36.22799999126823], [69.2833, 36.248699991278926], [69.2596, 36.274399991292206], [69.2416, 36.28229999129629], [69.2216, 36.28229999129629], [69.214, 36.29159999130112], [69.2346, 36.324699991318155], [69.208, 36.33029999132109], [69.1823, 36.35219999133239], [69.1214, 36.34449999132843], [69.111, 36.350599991331585], [69.0633, 36.36259999133776], [69.0707, 36.384199991348936], [69.0707, 36.40619999136023], [69.0327, 36.41829999136652], [68.9976, 36.42039999136757], [68.975, 36.427499991371256], [68.9576, 36.42189999136836], [68.9334, 36.45089999138331], [68.9019, 36.433999991374584], [68.8669, 36.43319999137418], [68.8566, 36.405399991359836], [68.8338, 36.41209999136329], [68.8312, 36.43019999137263], [68.8177, 36.43699999137615], [68.7599, 36.48229999139952], [68.7286, 36.52249999142024], [68.7305, 36.53929999142892], [68.6899, 36.53219999142522], [68.6735, 36.532999991425676], [68.644, 36.521699991419844], [68.6236, 36.52069999141932], [68.6047, 36.53109999142469], [68.5779, 36.528099991423126], [68.534, 36.54439999143153], [68.5203, 36.53989999142919], [68.4737, 36.535899991427144], [68.4361, 36.555499991437216], [68.3846, 36.55469999143688], [68.3799, 36.54789999143335], [68.3166, 36.54659999143263], [68.2952, 36.5634999914414], [68.2584, 36.574599991447094], [68.2376, 36.567999991443685], [68.2277, 36.555499991437216], [68.1885, 36.56629999144285], [68.1724, 36.57839999144903], [68.2007, 36.59159999145587], [68.2006, 36.59929999145985], [68.1752, 36.64689999148434], [68.1446, 36.6596999914909], [68.1205, 36.6751999914989], [68.1104, 36.6936999915084], [68.1129, 36.706199991514836], [68.089, 36.72499999152454], [68.0832, 36.75669999154084], [68.0661, 36.7878999915569], [68.0629, 36.8176999915722], [68.0555, 36.83719999158224], [68.0531, 36.89749999161321], [68.0261, 36.925199991627416], [68.0269, 36.925499991627596], [68.0327, 36.92529999162752], [68.0423, 36.92929999162957], [68.0538, 36.9341999916321], [68.055, 36.93469999163235], [68.0714, 36.94599999163811], [68.1212, 36.980199991655674], [68.1335, 36.98649999165892], [68.1461, 36.99079999166112], [68.1518, 36.99279999166214], [68.168, 37.00609999166895], [68.1864, 37.01829999167525], [68.2127, 37.02129999167677], [68.2413, 37.01359999167282], [68.2537, 37.01029999167113], [68.2593, 37.01019999167105], [68.2778, 37.010099991671005], [68.2883, 37.02439999167836], [68.2863, 37.036499991684515], [68.2814, 37.06649999169996], [68.2807, 37.08669999171026], [68.2883, 37.10309999171866], [68.3074, 37.11419999172437], [68.3268, 37.11299999172374], [68.3446, 37.107399991720875], [68.3462, 37.10689999172063], [68.351, 37.10599999172019], [68.3657, 37.10309999171866], [68.392, 37.10539999171989], [68.4114, 37.11329999172391], [68.415, 37.121699991728185], [68.4179, 37.12829999173164], [68.4139, 37.13499999173503], [68.4038, 37.15169999174357], [68.4658, 37.155399991745455], [68.4917, 37.159499991747595], [68.5014, 37.1610999917484], [68.5237, 37.164699991750226], [68.5327, 37.168999991752464], [68.5464, 37.18809999176222], [68.5514, 37.192599991764475], [68.5712, 37.19469999176562], [68.6087, 37.20399999177033], [68.627, 37.20629999177155], [68.6364, 37.2298999917836], [68.6486, 37.24439999179104], [68.6564, 37.24539999179152], [68.6609, 37.24589999179179], [68.6713, 37.247199991792435], [68.6656, 37.259399991798695], [68.6576, 37.26769999180291], [68.6688, 37.27829999180834], [68.6853, 37.278999991808696], [68.6868, 37.278999991808696], [68.6929, 37.27829999180834], [68.726, 37.274599991806426], [68.7466, 37.27619999180725], [68.7495, 37.27599999180715], [68.7595, 37.27529999180679], [68.7714, 37.270699991804456], [68.8027, 37.25469999179627], [68.8085, 37.25169999179472], [68.8204, 37.2509999917944], [68.8247, 37.260599991799324], [68.8236, 37.26969999180393], [68.8222, 37.28199999181025], [68.8137, 37.30339999182117], [68.8103, 37.31209999182563], [68.8139, 37.323399991831366], [68.8358, 37.32909999183431], [68.8567, 37.32499999183219], [68.8679, 37.31209999182563], [68.8769, 37.2959999918174], [68.8902, 37.28199999181025], [68.9046, 37.27669999180753], [68.9158, 37.278999991808696], [68.9212, 37.28789999181325], [68.9201, 37.29209999181536], [68.9176, 37.3024999918207], [68.8999, 37.31429999182676], [68.8967, 37.31649999182785], [68.8902, 37.3229999918312], [68.8852, 37.33479999183722], [68.8877, 37.3380999918389], [68.897, 37.335999991837824], [68.9654, 37.32909999183431], [68.9852, 37.32039999182989], [69.0054, 37.30549999182222], [69.0209, 37.28789999181325], [69.0341, 37.25539999179665], [69.0356, 37.251499991794645], [69.0554, 37.237099991787304], [69.0785, 37.2251999917812], [69.092, 37.21609999177653], [69.0965, 37.21299999177498], [69.1145, 37.17739999175676], [69.1184, 37.17389999175494], [69.1235, 37.1692999917526], [69.2222, 37.11629999172544], [69.2455, 37.1038999917191], [69.2657, 37.10539999171989], [69.2855, 37.1128999917237], [69.3121, 37.11749999172608], [69.3166, 37.11879999172671], [69.324, 37.12099999172788], [69.351, 37.14409999173971], [69.3905, 37.164199991749975], [69.3913, 37.164699991750226], [69.4079, 37.17739999175676], [69.4161, 37.1884999917624], [69.4277, 37.20419999177048]]], [[[70.0461, 37.54379999194377], [70.0466, 37.5435999919437], [70.0464, 37.54339999194356], [70.0461, 37.54379999194377]]]]}},
{"type": "Feature", "properties": {"z": "TAJ_N", "ISO_A3": "TJK", "c": "TAJ"}, "geometry": {"type": "MultiPolygon", "coordinates": [[[[70.633, 39.79839999306465], [70.615, 39.787199993059225], [70.5815, 39.766499993049244], [70.5757, 39.770099993050955], [70.5473, 39.80759999306903], [70.5372, 39.81729999307376], [70.5034, 39.83549999308252], [70.4901, 39.850199993089596], [70.4825, 39.86679999309761], [70.4836, 39.88229999310509], [70.4987, 39.881799993104806], [70.5261, 39.874799993101455], [70.62, 39.85059999308983], [70.6549, 39.849799993089405], [70.6866, 39.86079999309469], [70.6989, 39.85839999309357], [70.7064, 39.8399999930847], [70.7057, 39.83139999308053], [70.705, 39.82199999307601], [70.6945, 39.81489999307262], [70.6618, 39.80979999307014], [70.6599, 39.80909999306979], [70.633, 39.79839999306465]]], [[[68.0035, 38.98209999266593], [67.988, 38.99369999267165], [67.9801, 38.99739999267347], [67.9632, 39.001899992675746], [67.9488, 39.00199999267576], [67.9348, 38.998999992674285], [67.9211, 38.99369999267165], [67.8451, 38.973799992661874], [67.8185, 38.973399992661655], [67.6907, 38.98959999266966], [67.6723, 39.00369999267662], [67.6673, 39.028299992688765], [67.6739, 39.07429999271148], [67.6784, 39.105899992727004], [67.6767, 39.1190999927335], [67.6766, 39.119799992733874], [67.6676, 39.131799992739765], [67.6612, 39.13339999274056], [67.6446, 39.13049999273911], [67.6378, 39.13149999273959], [67.632, 39.13619999274192], [67.6198, 39.151299992749344], [67.5805, 39.16359999275542], [67.4992, 39.16599999275659], [67.3782, 39.19949999277304], [67.3501, 39.21979999278299], [67.3426, 39.25959999280252], [67.3444, 39.273799992809494], [67.3465, 39.2807999928129], [67.3566, 39.28869999281678], [67.3606, 39.29179999281831], [67.3714, 39.29449999281961], [67.3804, 39.292399992818616], [67.3868, 39.29419999281949], [67.391, 39.312499992828435], [67.3944, 39.32729999283569], [67.407, 39.360899992852104], [67.4081, 39.397799992870155], [67.4149, 39.43809999288982], [67.4272, 39.47659999290862], [67.4365, 39.485699992913034], [67.449, 39.4868999929136], [67.4516, 39.48709999291371], [67.4776, 39.484399992912394], [67.4869, 39.48709999291371], [67.4912, 39.48999999291511], [67.4945, 39.49369999291692], [67.4876, 39.53789999293842], [67.5074, 39.55299999294578], [67.5874, 39.56259999295044], [67.6806, 39.61409999297545], [67.7177, 39.623399992979984], [67.7645, 39.622499992979556], [68.1061, 39.55409999294628], [68.2559, 39.55049999294456], [68.3376, 39.52789999293358], [68.3866, 39.52519999293224], [68.4362, 39.52879999293401], [68.4743, 39.536599992937774], [68.4834, 39.538399992938686], [68.4938, 39.540599992939754], [68.4978, 39.54139999294011], [68.5176, 39.54839999294358], [68.5068, 39.56759999295287], [68.5201, 39.58249999296011], [68.551, 39.59759999296748], [68.556, 39.60009999296867], [68.563, 39.6034999929703], [68.5775, 39.61529999297601], [68.5868, 39.62289999297972], [68.5871, 39.6230999929798], [68.6004, 39.64279999298938], [68.6058, 39.66689999300107], [68.6082, 39.704799993019414], [68.6105, 39.742499993037654], [68.6159, 39.82799999307891], [68.6263, 39.84959999308935], [68.6378, 39.84889999308896], [68.6441, 39.84689999308798], [68.6512, 39.844599993086916], [68.6573, 39.848799993088896], [68.685, 39.86799999309818], [68.7016, 39.85839999309357], [68.7096, 39.84819999308864], [68.7282, 39.824899993077395], [68.7415, 39.81959999307487], [68.7484, 39.82619999307803], [68.7505, 39.842499993085895], [68.7519, 39.84539999308728], [68.7574, 39.857499993093136], [68.7754, 39.86249999309554], [68.7872, 39.88169999310478], [68.7876, 39.895699993111556], [68.7653, 39.932499993129156], [68.7556, 39.95399999313954], [68.752, 39.97269999314852], [68.7588, 39.98059999315228], [68.7797, 39.96939999314696], [68.8002, 39.935099993130436], [68.8153, 39.89179999310964], [68.8384, 39.86469999309657], [68.8808, 39.87829999310312], [68.8772, 39.90059999311387], [68.7894, 39.99399999315872], [68.7844, 40.003999993163504], [68.7829, 40.01329999316802], [68.7851, 40.033999993177886], [68.7815, 40.041499993181475], [68.7638, 40.05239999318672], [68.7617, 40.061399993190996], [68.7746, 40.07989999319985], [68.7905, 40.07019999319523], [68.8132, 40.038799993180206], [68.8261, 40.041999993181726], [68.8548, 40.061399993190996], [68.8614, 40.065899993193156], [68.8712, 40.06829999319431], [68.8819, 40.070899993195546], [68.9455, 40.063099993191855], [68.9546, 40.061999993191264], [68.9773, 40.06489999319271], [68.9856, 40.07719999319857], [68.987, 40.09159999320547], [68.9867, 40.09339999320633], [68.9838, 40.10689999321277], [68.9773, 40.12099999321948], [68.9305, 40.14669999323175], [68.9041, 40.14279999322993], [68.6872, 40.11019999321436], [68.6515, 40.12069999321934], [68.6069, 40.142299993229656], [68.591, 40.155699993236055], [68.581, 40.164199993240096], [68.6018, 40.1752999932454], [68.6983, 40.194899993254786], [68.7206, 40.196499993255514], [68.7409, 40.193799993254245], [68.7786, 40.18879999325184], [68.7875, 40.189699993252276], [68.802, 40.19109999325295], [68.8366, 40.206399993260256], [68.8567, 40.21269999326326], [69.0191, 40.23199999327238], [69.0421, 40.22919999327107], [69.0483, 40.22669999326987], [69.108, 40.203699993258944], [69.198, 40.18289999324903], [69.2477, 40.181599993248426], [69.2851, 40.194899993254786], [69.2851, 40.20069999325751], [69.2851, 40.218599993266054], [69.2124, 40.2687999932899], [69.2084, 40.298299993303935], [69.2347, 40.30079999330512], [69.2512, 40.295999993302814], [69.2732, 40.28949999329972], [69.2833, 40.29089999330038], [69.3053, 40.293799993301754], [69.3128, 40.34279999332503], [69.3064, 40.36499999333554], [69.3057, 40.366199993336124], [69.3034, 40.37019999333799], [69.2956, 40.38379999334444], [69.2693, 40.419799993361494], [69.2596, 40.43769999336991], [69.2383, 40.49389999339642], [69.198, 40.54579999342087], [69.1984, 40.56649999343065], [69.2344, 40.5851999934394], [69.2948, 40.58909999344125], [69.3092, 40.59579999344438], [69.3136, 40.609399993450765], [69.3067, 40.66249999347567], [69.3071, 40.69929999349291], [69.3143, 40.729299993506906], [69.3298, 40.75539999351913], [69.3482, 40.77369999352767], [69.3539, 40.77929999353026], [69.355, 40.78039999353079], [69.3694, 40.789399993535014], [69.3852, 40.796099993538114], [69.4176, 40.804199993541886], [69.436, 40.80269999354119], [69.4493, 40.794399993537304], [69.4595, 40.78599999353338], [69.4615, 40.78429999353263], [69.4774, 40.77699999352917], [69.509, 40.77469999352815], [69.5317, 40.75849999352059], [69.571, 40.71239999349904], [69.5825, 40.7043999934953], [69.6077, 40.6917999934894], [69.6188, 40.68169999348465], [69.6372, 40.65789999347349], [69.6476, 40.64739999346861], [69.6602, 40.63869999346449], [69.6695, 40.636099993463304], [69.6908, 40.62999999346044], [69.7178, 40.63629999346339], [69.7416, 40.65249999347101], [69.7834, 40.69299999348998], [69.8032, 40.70559999349586], [69.8255, 40.71399999349979], [70.0098, 40.75809999352039], [70.1041, 40.813299993546124], [70.1272, 40.82019999354935], [70.1729, 40.83389999355571], [70.2082, 40.84449999356066], [70.2805, 40.87769999357607], [70.336, 40.92689999359893], [70.3637, 41.03239999364778], [70.4011, 41.039999993651264], [70.4213, 41.0335999936483], [70.4458, 41.02579999364472], [70.4829, 40.99349999362978], [70.5145, 40.97259999362009], [70.6967, 40.816199993547514], [70.705, 40.8073999935434], [70.7032, 40.78879999353473], [70.6834, 40.794399993537304], [70.6488, 40.8174999935481], [70.6287, 40.81589999354733], [70.6193, 40.80309999354136], [70.6218, 40.78599999353338], [70.6373, 40.77049999352619], [70.7287, 40.75449999351868], [70.7673, 40.73759999351081], [70.7565, 40.695499993491126], [70.7406, 40.68769999348748], [70.7386, 40.68469999348609], [70.7332, 40.6766999934823], [70.732, 40.6748999934815], [70.7158, 40.67209999348019], [70.7071, 40.66889999347866], [70.6171, 40.611999993451974], [70.5822, 40.578799993436405], [70.5693, 40.57049999343248], [70.5253, 40.55719999342623], [70.5166, 40.550299993422996], [70.512, 40.54669999342128], [70.5109, 40.54529999342065], [70.4879, 40.515499993406586], [70.4778, 40.50549999340192], [70.4681, 40.502499993400505], [70.4489, 40.499099993398886], [70.447, 40.4986999933987], [70.3993, 40.4901999933947], [70.3698, 40.475399993387704], [70.3666, 40.471499993385876], [70.354, 40.45609999337861], [70.3569, 40.43039999336649], [70.3849, 40.399699993351994], [70.3807, 40.38899999334691], [70.3713, 40.36499999333554], [70.4213, 40.34789999332743], [70.4422, 40.34329999332529], [70.4641, 40.344799993325985], [70.4829, 40.34919999332807], [70.5019, 40.35079999332881], [70.5239, 40.34379999332549], [70.5505, 40.31039999330965], [70.5639, 40.264199993287725], [70.5729, 40.24289999327758], [70.5738, 40.24079999327659], [70.5819, 40.2216999932675], [70.5934, 40.2153999932645], [70.6222, 40.199499993256964], [70.6643, 40.19749999325597], [70.7071, 40.20009999325722], [70.8497, 40.23369999327319], [70.9383, 40.239899993276175], [70.9591, 40.23829999327539], [70.9727, 40.22239999326783], [70.9758, 40.218699993266064], [70.9797, 40.2140999932639], [70.9627, 40.189699993252276], [70.9293, 40.17059999324316], [70.8987, 40.16259999323937], [70.8575, 40.169599993242684], [70.845, 40.17179999324372], [70.8317, 40.16819999324202], [70.8311, 40.16779999324185], [70.8249, 40.16349999323978], [70.8069, 40.15619999323625], [70.8025, 40.16019999323824], [70.8011, 40.16069999323843], [70.7979, 40.16189999323903], [70.7921, 40.16129999323872], [70.7824, 40.15259999323461], [70.7435, 40.12709999322244], [70.7298, 40.12069999321934], [70.6661, 40.10409999321143], [70.6395, 40.084899993202264], [70.6348, 40.05929999319001], [70.6359, 40.02849999317529], [70.6276, 39.9938999931587], [70.6139, 39.97569999314994], [70.5966, 39.96199999314337], [70.5893, 39.95839999314162], [70.5765, 39.95219999313867], [70.5552, 39.946199993135814], [70.5127, 39.945099993135244], [70.5009, 39.940499993133066], [70.494, 39.931599993128756], [70.4861, 39.90959999311822], [70.4771, 39.900899993114024], [70.4555, 39.906699993116796], [70.4479, 39.91989999312313], [70.4508, 39.93739999313154], [70.4602, 39.956099993140505], [70.4731, 39.970099993147265], [70.521, 39.993699993158565], [70.5358, 40.015899993169256], [70.5253, 40.03369999317776], [70.5023, 40.04599999318367], [70.4771, 40.05199999318651], [70.4495, 40.05519999318801], [70.4367, 40.056599993188726], [70.3975, 40.06109999319088], [70.3594, 40.07399999319707], [70.3241, 40.07749999319873], [70.3065, 40.08479999320223], [70.2903, 40.09819999320864], [70.2777, 40.112099993215246], [70.2637, 40.12419999322103], [70.2636, 40.12429999322105], [70.2417, 40.132699993225096], [70.2186, 40.13409999322574], [70.1974, 40.13309999322527], [70.1689, 40.131699993224615], [70.1473, 40.13699999322716], [70.0048, 40.20869999326132], [69.9809, 40.21059999326225], [69.9695, 40.21149999326269], [69.5756, 40.10349999321114], [69.5587, 40.101599993210236], [69.5429, 40.10309999321093], [69.5368, 40.10779999321319], [69.526, 40.12309999322053], [69.518, 40.12509999322145], [69.5134, 40.12069999321934], [69.5062, 40.096899993208005], [69.4856, 40.07369999319688], [69.4698, 40.05099999318607], [69.463, 40.02539999317381], [69.4712, 39.99359999315855], [69.4774, 39.98159999315276], [69.4774, 39.968099993146296], [69.5004, 39.93559999313071], [69.5015, 39.92249999312437], [69.4954, 39.92079999312357], [69.4054, 39.89609999311173], [69.3571, 39.959399993142156], [69.3553, 39.96099999314289], [69.328, 39.98469999315427], [69.3139, 39.986899993155326], [69.3103, 39.98469999315427], [69.31, 39.978599993151335], [69.3056, 39.96859999314654], [69.2866, 39.935799993130786], [69.2576, 39.86809999309824], [69.2555, 39.86329999309596], [69.2408, 39.82889999307937], [69.2297, 39.790499993060834], [69.2264, 39.750999993041745], [69.2333, 39.73259999303284], [69.2484, 39.71939999302644], [69.266, 39.70769999302081], [69.2801, 39.69419999301429], [69.2876, 39.677799993006325], [69.2912, 39.65889999299719], [69.2862, 39.53969999293931], [69.3002, 39.51559999292759], [69.3398, 39.528099992933704], [69.346, 39.53539999293722], [69.3461, 39.53579999293741], [69.3521, 39.54949999294409], [69.3618, 39.55279999294568], [69.3839, 39.53609999293755], [69.3913, 39.53049999293485], [69.4122, 39.525099992932184], [69.4436, 39.52889999293406], [69.4507, 39.52979999293446], [69.4554, 39.53039999293482], [69.4774, 39.53039999293482], [69.4961, 39.532499992935854], [69.5096, 39.5361999929376], [69.5144, 39.53749999293823], [69.5314, 39.545699992942225], [69.5648, 39.568099992953144], [69.5821, 39.57359999295582], [69.5835, 39.57359999295582], [69.6692, 39.57769999295778], [69.7103, 39.573999992955976], [69.7499, 39.563899992951065], [69.7916, 39.545399992942116], [69.8305, 39.5361999929376], [69.8557, 39.54019999293957], [69.8913, 39.54589999294232], [69.9079, 39.54849999294359], [69.9486, 39.545099992941914], [69.9788, 39.534399992936706], [69.9871, 39.53949999293921], [69.9919, 39.54489999294185], [70.0026, 39.556799992947624], [70.0195, 39.56859999295336], [70.0404, 39.57359999295582], [70.0624, 39.5733999929557], [70.0777, 39.57069999295439], [70.0829, 39.56969999295389], [70.1164, 39.554499992946496], [70.1326, 39.54999999294433], [70.1491, 39.55429999294641], [70.1532, 39.55889999294865], [70.1574, 39.563899992951065], [70.1851, 39.610399992973655], [70.2006, 39.61949999297809], [70.2103, 39.60959999297326], [70.2147, 39.59099999296426], [70.215, 39.57419999295608], [70.215, 39.573999992955976], [70.2042, 39.53809999293851], [70.206, 39.52409999293172], [70.2233, 39.519099992929284], [70.2409, 39.52229999293084], [70.2586, 39.53239999293575], [70.3302, 39.57299999295551], [70.3432, 39.57689999295739], [70.3569, 39.574299992956135], [70.3741, 39.57099999295452], [70.3842, 39.57089999295445], [70.3903, 39.573999992955976], [70.3984, 39.58179999295979], [70.4015, 39.58469999296116], [70.4278, 39.58999999296377], [70.4279, 39.59009999296382], [70.4422, 39.59429999296586], [70.4598, 39.59949999296836], [70.4771, 39.60119999296921], [70.4815, 39.59989999296853], [70.4911, 39.5968999929671], [70.5135, 39.58149999295961], [70.5261, 39.57559999295674], [70.5437, 39.574299992956135], [70.5804, 39.57959999295873], [70.5977, 39.57769999295778], [70.6222, 39.56359999295091], [70.6359, 39.54249999294063], [70.656, 39.49369999291692], [70.6465, 39.479899992910205], [70.6203, 39.47179999290628], [70.6025, 39.47439999290754], [70.589, 39.46209999290154], [70.5821, 39.439199992890394], [70.5184, 39.430599992886165], [70.5052, 39.42399999288293], [70.5106, 39.403699992873044], [70.4954, 39.39469999286861], [70.4561, 39.40489999287361], [70.4379, 39.40409999287325], [70.4123, 39.39219999286744], [70.3962, 39.39639999286945], [70.3274, 39.38859999286566], [70.3074, 39.393399992867984], [70.2872, 39.38999999286637], [70.2478, 39.3581999928508], [70.2176, 39.36019999285176], [70.1968, 39.35459999284901], [70.16, 39.335299992839595], [70.1424, 39.34389999284377], [70.1162, 39.37149999285733], [70.0989, 39.375699992859374], [70.0797, 39.36689999285504], [70.0597, 39.33829999284109], [70.043, 39.326599992835334], [70.0083, 39.32689999283547], [70.0114, 39.3471999928454], [69.9878, 39.351499992847515], [69.9456, 39.33019999283711], [69.929, 39.32559999283484], [69.8902, 39.345199992844414], [69.8684, 39.34109999284247], [69.8636, 39.32209999283313], [69.8692, 39.309099992826795], [69.8379, 39.30179999282321], [69.8334, 39.29349999281914], [69.7973, 39.269899992807574], [69.7739, 39.277799992811424], [69.7734, 39.295199992819974], [69.7612, 39.30379999282414], [69.7572, 39.320699992832466], [69.7117, 39.30479999282468], [69.7004, 39.28959999281722], [69.6672, 39.27809999281157], [69.6757, 39.25339999279947], [69.691, 39.24179999279378], [69.6792, 39.21389999278013], [69.681, 39.17639999276167], [69.6658, 39.15409999275072], [69.6521, 39.1497999927486], [69.6479, 39.11269999273038], [69.6253, 39.1082999927282], [69.5964, 39.120499992734224], [69.5639, 39.09799999272314], [69.5416, 39.09469999272147], [69.5338, 39.12749999273762], [69.5405, 39.15009999274879], [69.5315, 39.168699992757915], [69.509, 39.18219999276451], [69.483, 39.20639999277639], [69.4564, 39.19769999277216], [69.3803, 39.19009999276838], [69.359, 39.18289999276487], [69.3429, 39.14909999274824], [69.3504, 39.12409999273597], [69.3366, 39.10289999272555], [69.3138, 39.1003999927243], [69.3043, 39.10749999272779], [69.2527, 39.103799992725996], [69.2329, 39.11539999273171], [69.2062, 39.1155999927318], [69.1719, 39.09489999272162], [69.1541, 39.09499999272166], [69.1382, 39.072599992710586], [69.1216, 39.05969999270425], [69.0952, 39.05019999269954], [69.0732, 39.05139999270016], [69.0495, 39.043799992696435], [69.0158, 39.073599992711095], [68.9367, 39.0768999927127], [68.912, 39.08919999271878], [68.8323, 39.08549999271697], [68.8134, 39.08099999271476], [68.7823, 39.09289999272063], [68.7467, 39.093499992720915], [68.6721, 39.073999992711286], [68.6601, 39.076299992712435], [68.6301, 39.068499992708574], [68.6028, 39.07969999271409], [68.5794, 39.078699992713645], [68.5664, 39.06829999270848], [68.5703, 39.049399992699165], [68.5602, 39.022499992685894], [68.5659, 39.004699992677104], [68.5378, 39.003199992676365], [68.5266, 38.979899992664855], [68.497, 38.97449999266218], [68.4871, 38.954299992652246], [68.467, 38.9489999926496], [68.4469, 38.95339999265176], [68.4093, 38.95579999265298], [68.3889, 38.94629999264829], [68.3367, 38.94219999264625], [68.3144, 38.957999992654024], [68.2965, 38.95499999265255], [68.2732, 38.93959999264496], [68.2538, 38.939199992644724], [68.2336, 38.92839999263946], [68.2045, 38.92339999263692], [68.1817, 38.893899992622316], [68.1814, 38.87609999261351], [68.2008, 38.86709999260905], [68.2013, 38.85669999260389], [68.1734, 38.84459999259792], [68.1709, 38.831399992591386], [68.1639, 38.82899999259017], [68.1727, 38.845299992598264], [68.1738, 38.86739999260923], [68.1637, 38.88739999261914], [68.1346, 38.920999992635736], [68.1011, 38.97929999266453], [68.0852, 38.993999992671846], [68.069, 38.99609999267286], [68.0532, 38.993999992671846], [68.0363, 38.9843999926671], [68.0197, 38.97969999266474], [68.0035, 38.98209999266593]]], [[[70.5498, 41.01519999363983], [70.566, 41.018399993641324], [70.5934, 41.00939999363713], [70.6168, 40.99349999362978], [70.6305, 40.97649999362196], [70.6434, 40.95229999361068], [70.6452, 40.93509999360274], [70.6251, 40.93869999360444], [70.6085, 40.95099999361008], [70.579, 40.98089999362394], [70.5613, 40.99459999363029], [70.5498, 41.01519999363983]]]]}},
{"type": "Feature", "properties": {"z": "NEPS_UZB", "ISO_A3": "AFG", "c": "AFG"}, "geometry": {"type": "Polygon", "coordinates": [[[66.8111, 35.377799990828294], [66.7867, 35.35649999081728], [66.7806, 35.33219999080469], [66.7588, 35.32179999079928], [66.7285, 35.29099999078332], [66.7142, 35.25609999076526], [66.6785, 35.20219999073734], [66.6421, 35.20489999073877], [66.5877, 35.186599990729285], [66.576, 35.17189999072169], [66.5462, 35.1688999907201], [66.5199, 35.17489999072324], [66.5106, 35.182799990727304], [66.4711, 35.1894999907308], [66.4498, 35.181599990726696], [66.429, 35.19309999073265], [66.418, 35.18689999072944], [66.3844, 35.187699990729875], [66.3764, 35.1778999907248], [66.3536, 35.17989999072583], [66.3263, 35.20099999073672], [66.3014, 35.15399999071241], [66.2967, 35.13259999070133], [66.3204, 35.10309999068603], [66.3525, 35.0830999906757], [66.391, 35.04049999065366], [66.3922, 35.030999990648745], [66.4296, 35.01409999064001], [66.4398, 35.00179999063363], [66.4434, 34.96979999061705], [66.4316, 34.94929999060647], [66.4169, 34.93979999060153], [66.4134, 34.91839999059051], [66.4229, 34.91269999058753], [66.3913, 34.91109999058672], [66.38, 34.92539999059414], [66.3649, 34.9102999905863], [66.3498, 34.91399999058821], [66.328, 34.90039999058114], [66.3032, 34.907799990585], [66.2864, 34.90349999058277], [66.2679, 34.90949999058586], [66.2561, 34.92279999059274], [66.2426, 34.92249999059259], [66.232, 34.90069999058134], [66.2359, 34.88319999057228], [66.2095, 34.87989999057055], [66.1984, 34.85879999055967], [66.1852, 34.85719999055886], [66.1667, 34.87429999056762], [66.1419, 34.88139999057135], [66.1258, 34.90089999058144], [66.122, 34.93689999060006], [66.1238, 34.95529999060958], [66.1356, 34.96379999061398], [66.1433, 34.9891999906271], [66.1226, 35.01339999063965], [66.1271, 35.02539999064586], [66.1072, 35.05219999065972], [66.108, 35.082799990675554], [66.1166, 35.09079999067969], [66.1082, 35.110699990690016], [66.0863, 35.09979999068436], [66.0519, 35.09219999068043], [66.0328, 35.095999990682365], [65.997, 35.06579999066678], [65.9887, 35.078199990673184], [65.9541, 35.08289999067561], [65.9333, 35.07439999067118], [65.9007, 35.08569999067706], [65.8741, 35.090399990679494], [65.861, 35.101999990685464], [65.8324, 35.10269999068585], [65.8278, 35.110999990690146], [65.788, 35.12849999069925], [65.7683, 35.157499990714214], [65.7531, 35.16639999071882], [65.7465, 35.18369999072779], [65.7321, 35.19669999073453], [65.6997, 35.20229999073743], [65.679, 35.23129999075242], [65.6443, 35.25479999076464], [65.6515, 35.26979999077234], [65.6337, 35.28059999077797], [65.6257, 35.26959999077227], [65.593, 35.26009999076731], [65.586, 35.24429999075914], [65.5517, 35.24509999075959], [65.5413, 35.25309999076369], [65.498, 35.24179999075784], [65.4841, 35.23169999075263], [65.4447, 35.25099999076264], [65.4588, 35.25639999076544], [65.4614, 35.27329999077418], [65.4527, 35.28739999078146], [65.4268, 35.30169999078888], [65.4127, 35.31729999079695], [65.4103, 35.33829999080784], [65.3856, 35.348399990813064], [65.3877, 35.36359999082095], [65.4133, 35.368299990823374], [65.4075, 35.38089999082985], [65.3867, 35.39179999083556], [65.398, 35.41579999084797], [65.4155, 35.41289999084648], [65.4136, 35.45579999086866], [65.4258, 35.47249999087734], [65.4442, 35.47729999087979], [65.4609, 35.52109999090251], [65.4675, 35.551499990918195], [65.4819, 35.558699990921994], [65.4925, 35.57779999093186], [65.4743, 35.612199990949684], [65.4712, 35.62919999095847], [65.4858, 35.65869999097373], [65.502, 35.652999990970805], [65.5169, 35.663899990976425], [65.5199, 35.687599990988744], [65.5382, 35.705799990998145], [65.5625, 35.711299991000985], [65.5701, 35.691999990991015], [65.5836, 35.68119999098537], [65.6212, 35.680199990984875], [65.641, 35.695499990992815], [65.6673, 35.72639999100881], [65.6762, 35.744899991018386], [65.6895, 35.74979999102092], [65.6903, 35.76469999102864], [65.6811, 35.779899991036494], [65.6846, 35.7953999910445], [65.7416, 35.785899991039614], [65.7835, 35.80119999104752], [65.8104, 35.82149999105804], [65.8108, 35.8410999910682], [65.7932, 35.891999991094515], [65.7743, 35.915599991106696], [65.7706, 35.9423999911206], [65.7565, 35.96129999113038], [65.748, 36.002599991151726], [65.7392, 36.012799991156996], [65.7025, 36.01899999116023], [65.6858, 36.003499991152204], [65.6647, 35.99639999114852], [65.6634, 35.978899991139464], [65.6125, 35.979399991139736], [65.6039, 35.9864999911434], [65.5639, 35.98889999114462], [65.532, 35.979399991139736], [65.5141, 35.97609999113805], [65.5165, 36.00029999115056], [65.5308, 36.00899999115503], [65.5435, 36.02969999116578], [65.5431, 36.051299991176926], [65.5677, 36.066799991184965], [65.5591, 36.08299999119331], [65.5605, 36.11679999121078], [65.5359, 36.11709999121093], [65.5305, 36.10379999120408], [65.5035, 36.0943999911992], [65.4845, 36.103999991204205], [65.4792, 36.113199991208916], [65.4957, 36.14069999122311], [65.4913, 36.15619999123118], [65.5115, 36.20239999125506], [65.5094, 36.22299999126563], [65.5182, 36.30179999130634], [65.5382, 36.31919999131535], [65.5653, 36.323999991317805], [65.5768, 36.33199999132196], [65.6051, 36.332299991322145], [65.6455, 36.340499991326354], [65.666, 36.33409999132303], [65.6854, 36.34069999132646], [65.7001, 36.35749999133513], [65.7045, 36.37639999134489], [65.7186, 36.38529999134949], [65.7382, 36.43169999137344], [65.7637, 36.428899991371985], [65.7864, 36.445999991380816], [65.8477, 36.46519999139071], [65.8705, 36.47829999139747], [65.8922, 36.478699991397654], [65.914, 36.46589999139105], [65.9283, 36.472199991394305], [65.9625, 36.47169999139404], [66.0013, 36.49969999140848], [66.0341, 36.5020999914097], [66.0874, 36.52029999141907], [66.1125, 36.52099999141948], [66.1275, 36.51379999141576], [66.2543, 36.49179999140444], [66.2903, 36.50099999140913], [66.3148, 36.51369999141569], [66.3888, 36.54489999143182], [66.4046, 36.55979999143946], [66.4191, 36.56769999144353], [66.4415, 36.56719999144326], [66.4968, 36.572599991446076], [66.5182, 36.581699991450726], [66.5213, 36.590699991455374], [66.4913, 36.60299999146173], [66.474, 36.62549999147334], [66.4466, 36.64159999148161], [66.419, 36.644199991482914], [66.4134, 36.65429999148816], [66.4248, 36.69039999150671], [66.4587, 36.73319999152878], [66.4643, 36.748799991536785], [66.4873, 36.77429999154991], [66.511, 36.76599999154565], [66.5201, 36.775599991550564], [66.5053, 36.78679999155633], [66.5307, 36.80529999156588], [66.5751, 36.804799991565595], [66.565, 36.83469999158093], [66.5533, 36.84959999158858], [66.5266, 36.90319999161616], [66.5111, 36.9117999916206], [66.4971, 36.94609999163817], [66.4759, 36.96449999164765], [66.4635, 36.97819999165467], [66.4628, 36.9930999916623], [66.4643, 37.03399999168325], [66.4878, 37.07959999170662], [66.504, 37.12489999172985], [66.5115, 37.13189999173344], [66.4809, 37.15289999174417], [66.4437, 37.18689999176157], [66.4388, 37.19749999176702], [66.4396, 37.207299991772054], [66.4371, 37.225999991781606], [66.4168, 37.26239999180025], [66.3796, 37.282399991810415], [66.3337, 37.29019999181442], [66.2801, 37.3024999918207], [66.2547, 37.313699991826425], [66.2596, 37.335299991837445], [66.256, 37.35109999184556], [66.25, 37.35959999184989], [66.2579, 37.35689999184852], [66.2744, 37.34329999184158], [66.2946, 37.331299991835465], [66.3205, 37.32909999183431], [66.3896, 37.3470999918435], [66.4134, 37.34959999184477], [66.4235, 37.345699991842764], [66.4269, 37.34169999184072], [66.4386, 37.32799999183372], [66.4512, 37.3229999918312], [66.4613, 37.3243999918319], [66.4699, 37.329799991834655], [66.4702, 37.33009999183484], [66.485, 37.34339999184161], [66.503, 37.35559999184785], [66.5196, 37.36419999185223], [66.539, 37.36899999185468], [66.5646, 37.370699991855524], [66.5887, 37.368499991854435], [66.5895, 37.36819999185428], [66.5978, 37.36539999185282], [66.6546, 37.346099991843], [66.6668, 37.34429999184207], [66.6769, 37.343999991841926], [66.6942, 37.34339999184161], [66.7046, 37.34659999184323], [66.7244, 37.360199991850166], [66.7325, 37.36259999185138], [66.7349, 37.36329999185178], [66.8659, 37.36789999185412], [66.9017, 37.37459999185753], [66.9577, 37.38519999186295], [66.9832, 37.384699991862696], [67.006, 37.38429999186247], [67.024, 37.37749999185902], [67.0257, 37.376499991858495], [67.0639, 37.3545999918473], [67.0767, 37.35159999184581], [67.0852, 37.34959999184477], [67.0974, 37.3405999918402], [67.0996, 37.33479999183722], [67.1106, 37.30589999182242], [67.114, 37.29719999181803], [67.1233, 37.28199999181025], [67.1435, 37.27189999180508], [67.1822, 37.25999999179901], [67.1878, 37.258299991798104], [67.2079, 37.24349999179052], [67.218, 37.226199991781655], [67.2252, 37.2077999917723], [67.2367, 37.1923999917644], [67.259, 37.185099991760666], [67.2605, 37.185399991760846], [67.2814, 37.18869999176248], [67.3195, 37.20849999177267], [67.3451, 37.21299999177498], [67.3686, 37.214599991775785], [67.3696, 37.214599991775785], [67.3881, 37.21889999177799], [67.3912, 37.21959999177834], [67.4113, 37.227899991782586], [67.4311, 37.23979999178869], [67.4639, 37.2662999918022], [67.4822, 37.2772999918078], [67.4992, 37.281099991809775], [67.5008, 37.281499991809966], [67.5031, 37.28199999181025], [67.5262, 37.27289999180556], [67.5264, 37.27229999180531], [67.5449, 37.23149999178446], [67.5614, 37.21989999177849], [67.5722, 37.223199991780184], [67.5732, 37.224599991780856], [67.5859, 37.24269999179014], [67.5924, 37.247199991792435], [67.6331, 37.25409999179598], [67.6446, 37.25129999179455], [67.6666, 37.237899991787685], [67.6774, 37.233499991785415], [67.6903, 37.23219999178477], [67.726, 37.233499991785415], [67.7465, 37.229399991783346], [67.7641, 37.220899991778985], [67.776, 37.20759999177218], [67.7807, 37.188899991762625], [67.7792, 37.17779999175696], [67.772, 37.12489999172985], [67.7731, 37.10999999172223], [67.7854, 37.096599991715365], [67.7959, 37.09039999171219], [67.808, 37.08319999170849], [67.8329, 37.0730999917033], [67.8737, 37.06519999169929], [67.8782, 37.06439999169884], [67.8919, 37.05209999169256], [67.8959, 37.04529999168906], [67.9024, 37.03429999168344], [67.9186, 37.01379999167292], [67.9294, 37.00629999166909], [67.9528, 36.9961999916639], [67.9618, 36.98989999166066], [67.9963, 36.95569999164309], [68.0111, 36.9307999916303], [68.0171, 36.9273999916286], [68.0201, 36.925699991627674], [68.0249, 36.925499991627596], [68.0269, 36.925499991627596], [68.0261, 36.925199991627416], [68.0531, 36.89749999161321], [68.0555, 36.83719999158224], [68.0629, 36.8176999915722], [68.0661, 36.7878999915569], [68.0832, 36.75669999154084], [68.089, 36.72499999152454], [68.1129, 36.706199991514836], [68.1104, 36.6936999915084], [68.1205, 36.6751999914989], [68.1446, 36.6596999914909], [68.1752, 36.64689999148434], [68.2006, 36.59929999145985], [68.2007, 36.59159999145587], [68.1724, 36.57839999144903], [68.1885, 36.56629999144285], [68.1843, 36.54339999143102], [68.1706, 36.54439999143153], [68.1632, 36.50649999141201], [68.1829, 36.45459999138523], [68.207, 36.467699991391996], [68.2156, 36.463399991389764], [68.2462, 36.42129999136803], [68.2715, 36.39449999135425], [68.2885, 36.370399991341806], [68.3216, 36.33429999132315], [68.3699, 36.28779999129913], [68.3708, 36.27149999129073], [68.3823, 36.25719999128334], [68.3972, 36.24799999127857], [68.4265, 36.24119999127508], [68.4513, 36.217899991263046], [68.4905, 36.19799999125275], [68.5322, 36.1591999912327], [68.5119, 36.12919999121722], [68.4592, 36.096199991200116], [68.4458, 36.07209999118773], [68.4138, 36.05369999117818], [68.4078, 36.03789999117001], [68.3794, 36.022199991161884], [68.3394, 35.98659999114344], [68.3396, 35.97109999113546], [68.3252, 35.9607999911301], [68.3255, 35.937199991117936], [68.3323, 35.92369999111089], [68.317, 35.88779999109233], [68.3205, 35.852199991073945], [68.3037, 35.82539999106007], [68.2849, 35.81119999105269], [68.2734, 35.790799991042135], [68.2588, 35.790799991042135], [68.2402, 35.779899991036494], [68.2316, 35.75749999102492], [68.1937, 35.73289999101218], [68.172, 35.708899990999754], [68.1575, 35.704699990997554], [68.1447, 35.67819999098386], [68.142, 35.652099990970356], [68.1481, 35.64119999096466], [68.1781, 35.62929999095856], [68.1997, 35.61329999095023], [68.21, 35.5928999909397], [68.2055, 35.584699990935434], [68.1762, 35.568399990926984], [68.1546, 35.5469999909159], [68.1485, 35.53269999090849], [68.1597, 35.51599999089987], [68.1307, 35.4917999908873], [68.1211, 35.49009999088642], [68.1015, 35.467999990874986], [68.0667, 35.464999990873444], [68.0521, 35.45579999086866], [67.9999, 35.452799990867156], [67.9578, 35.457199990869405], [67.8998, 35.44809999086467], [67.8892, 35.478699990880536], [67.866, 35.46809999087502], [67.8443, 35.47799999088019], [67.8147, 35.48169999088207], [67.7979, 35.46489999087337], [67.7716, 35.451699990866544], [67.7213, 35.447299990864266], [67.6925, 35.45819999086993], [67.6598, 35.458499990870095], [67.6091, 35.47349999087788], [67.597, 35.46859999087533], [67.5398, 35.47379999087799], [67.5002, 35.447799990864546], [67.4785, 35.45739999086955], [67.4532, 35.45519999086837], [67.436, 35.43399999085738], [67.4197, 35.42619999085338], [67.3843, 35.420299990850275], [67.3504, 35.4322999908565], [67.3225, 35.45129999086635], [67.2305, 35.410399990845164], [67.1381, 35.396299990837875], [67.1291, 35.388099990833645], [67.0789, 35.377599990828145], [67.0187, 35.35839999081824], [66.9891, 35.35969999081888], [66.9629, 35.34569999081166], [66.9286, 35.35699999081754], [66.9146, 35.3526999908153], [66.8692, 35.36179999081999], [66.8767, 35.38869999083394], [66.8923, 35.40299999084134], [66.8111, 35.377799990828294]]]}},
{"type": "Feature", "properties": {"z": "NEPS_TKM", "ISO_A3": "AFG", "c": "AFG"}, "geometry": {"type": "Polygon", "coordinates": [[[64.7394, 35.17799999072484], [64.7976, 35.14279999070662], [64.8112, 35.12719999069851], [64.8727, 35.105399990687246], [64.9036, 35.12089999069525], [64.9274, 35.09799999068339], [64.9265, 35.08229999067531], [64.9513, 35.066599990667136], [64.9708, 35.067099990667415], [64.9857, 35.04819999065768], [64.982, 35.02679999064657], [64.9923, 34.99629999063078], [65.0357, 34.96339999061378], [65.0552, 34.957699990610784], [65.0426, 34.91129999058682], [65.0327, 34.90269999058236], [65.0336, 34.8824999905719], [65.044, 34.844799990552396], [65.0217, 34.803099990530846], [64.9986, 34.78979999052396], [64.9915, 34.76919999051335], [64.9587, 34.7586999905079], [64.934, 34.775199990516434], [64.8981, 34.7514999905042], [64.8756, 34.748999990502895], [64.8613, 34.757999990507585], [64.8521, 34.74479999050072], [64.8161, 34.742299990499454], [64.7869, 34.73439999049536], [64.7794, 34.7208999904884], [64.7445, 34.7079999904817], [64.7435, 34.701399990478286], [64.7035, 34.69479999047488], [64.694, 34.704599990479956], [64.647, 34.686999990470866], [64.6022, 34.70959999048254], [64.552, 34.72069999048829], [64.5232, 34.709899990482704], [64.496, 34.70869999048209], [64.4784, 34.677899990466166], [64.4677, 34.67139999046279], [64.4308, 34.66689999046046], [64.4094, 34.67279999046348], [64.3852, 34.66149999045767], [64.3685, 34.659899990456836], [64.3434, 34.679499990466965], [64.2906, 34.67969999046708], [64.2708, 34.68719999047099], [64.2572, 34.681199990467825], [64.2372, 34.69559999047528], [64.2142, 34.69479999047488], [64.1906, 34.680099990467326], [64.1458, 34.64619999044978], [64.1255, 34.62039999043647], [64.0982, 34.606699990429384], [64.0891, 34.609599990430866], [64.0596, 34.59409999042288], [64.0301, 34.586599990418975], [64.0045, 34.55739999040395], [63.9695, 34.55469999040255], [63.9618, 34.54939999039982], [63.9002, 34.54269999039635], [63.8814, 34.53419999039196], [63.8395, 34.528799990389146], [63.819, 34.51349999038129], [63.7721, 34.5146999903819], [63.7516, 34.53719999039351], [63.7332, 34.53769999039374], [63.7, 34.55389999040211], [63.6533, 34.56289999040679], [63.6268, 34.55019999040021], [63.5989, 34.55019999040021], [63.5771, 34.55789999040422], [63.5547, 34.55139999040084], [63.5304, 34.55699999040372], [63.4822, 34.57879999041497], [63.463, 34.60769999042989], [63.4663, 34.61859999043551], [63.4388, 34.62209999043734], [63.4193, 34.61329999043283], [63.3789, 34.62679999043976], [63.3707, 34.634199990443584], [63.3225, 34.63379999044336], [63.2962, 34.62139999043696], [63.2318, 34.6438999904486], [63.2003, 34.6244999904386], [63.1594, 34.62269999043764], [63.0805, 34.637799990445465], [63.0649, 34.64379999044854], [63.0552, 34.609599990430866], [63.0265, 34.60849999043031], [63.0148, 34.5937999904227], [62.9762, 34.56809999040947], [62.9598, 34.56439999040752], [62.9425, 34.5702999904106], [62.9024, 34.5693999904101], [62.8631, 34.589399990420475], [62.8501, 34.602299990427106], [62.8239, 34.600899990426406], [62.7998, 34.644699990449], [62.8056, 34.657599990455665], [62.827, 34.67249999046336], [62.8397, 34.696499990475786], [62.864, 34.72309999048954], [62.8688, 34.758999990508066], [62.8435, 34.759599990508356], [62.8177, 34.769899990513714], [62.7786, 34.79229999052525], [62.7554, 34.8193999905393], [62.7728, 34.862199990561415], [62.7862, 34.87209999056655], [62.7932, 34.89729999057958], [62.7783, 34.92089999059176], [62.7461, 34.93039999059672], [62.7331, 34.91089999058662], [62.7122, 34.944199990603856], [62.6882, 34.949899990606816], [62.6775, 34.96369999061395], [62.6668, 34.99409999062962], [62.6732, 35.00449999063505], [62.6736, 35.03319999064988], [62.6942, 35.06289999066524], [62.689, 35.10369999068636], [62.698, 35.123699990696714], [62.7336, 35.16169999071641], [62.7474, 35.16939999072041], [62.7565, 35.19009999073109], [62.733, 35.21709999074509], [62.7324, 35.250399990762325], [62.6994, 35.23589999075484], [62.6664, 35.23329999075348], [62.6231, 35.20999999074141], [62.6177, 35.22199999074758], [62.6212, 35.22269999074795], [62.6935, 35.248299990761254], [62.7086, 35.25609999076526], [62.7216, 35.266399990770616], [62.7342, 35.28069999077801], [62.7605, 35.30239999078924], [62.8274, 35.3292999908032], [62.9182, 35.38819999083368], [62.9851, 35.414599990847314], [63.0056, 35.41839999084932], [63.047, 35.42139999085086], [63.0668, 35.4256999908531], [63.0802, 35.43709999085899], [63.0863, 35.45569999086865], [63.0906, 35.49349999088818], [63.1007, 35.52499999090452], [63.0971, 35.53539999090993], [63.0805, 35.54659999091568], [63.0773, 35.558699990921994], [63.0748, 35.60979999094845], [63.0766, 35.62469999095615], [63.1032, 35.645999990967184], [63.1799, 35.66649999097779], [63.2076, 35.68319999098641], [63.2137, 35.69229999099118], [63.2144, 35.699299990994795], [63.2094, 35.70439999099744], [63.1838, 35.71229999100152], [63.1774, 35.7168999910039], [63.1633, 35.73229999101186], [63.1122, 35.76999999103139], [63.1057, 35.78279999103804], [63.1014, 35.80059999104723], [63.0913, 35.81329999105379], [63.0845, 35.82609999106044], [63.0888, 35.84339999106937], [63.1039, 35.856399991076096], [63.1202, 35.859399991077645], [63.1252, 35.860299991078094], [63.343, 35.85629999107606], [63.4301, 35.87099999108363], [63.494, 35.8953999910963], [63.5111, 35.90189999109965], [63.5258, 35.91259999110516], [63.5496, 35.939099991118894], [63.5633, 35.950599991124804], [63.582, 35.95899999112918], [63.6022, 35.96269999113107], [63.7042, 35.967799991133724], [63.7256, 35.96889999113429], [63.766, 35.97729999113864], [63.7845, 35.98619999114326], [63.8599, 36.0220999911618], [63.8898, 36.02969999116578], [63.9218, 36.03369999116783], [63.9499, 36.02879999116527], [63.9546, 36.02739999116456], [63.9563, 36.026799991164246], [64.045, 35.99879999114976], [64.0455, 36.00859999115487], [64.0457, 36.0111999911562], [64.0363, 36.05859999118071], [64.0363, 36.07639999118993], [64.0446, 36.09239999119818], [64.0572, 36.10529999120483], [64.091, 36.12609999121558], [64.0954, 36.128799991217], [64.1234, 36.145999991225864], [64.1587, 36.16019999123324], [64.1958, 36.16589999123616], [64.2064, 36.164499991235466], [64.2198, 36.16269999123453], [64.2372, 36.1603999912333], [64.2486, 36.156499991231314], [64.2538, 36.154799991230426], [64.266, 36.152499991229256], [64.2714, 36.15609999123112], [64.2761, 36.1591999912327], [64.2919, 36.19939999125347], [64.3038, 36.21159999125978], [64.3189, 36.21969999126395], [64.3373, 36.22589999126717], [64.4107, 36.23989999127439], [64.4446, 36.24989999127959], [64.4777, 36.27169999129083], [64.4982, 36.29139999130099], [64.5767, 36.389599991351666], [64.5943, 36.424199991369555], [64.6058, 36.46099999138854], [64.6105, 36.500899991409085], [64.6076, 36.521699991419844], [64.5936, 36.55979999143946], [64.5889, 36.580199991449966], [64.5889, 36.60039999146036], [64.5922, 36.62099999147101], [64.6048, 36.66049999149136], [64.6213, 36.69259999150787], [64.7653, 36.90469999161691], [64.7786, 36.93839999163423], [64.7747, 36.97759999165436], [64.7556, 37.05359999169334], [64.7603, 37.09259999171331], [64.7786, 37.117999991726315], [64.8078, 37.13549999173527], [64.9892, 37.21359999177528], [65.0545, 37.2308999917841], [65.063, 37.23319999178527], [65.0666, 37.23329999178534], [65.2584, 37.23719999178735], [65.5015, 37.24219999178988], [65.5368, 37.257099991797524], [65.5832, 37.30809999182355], [65.6113, 37.331099991835316], [65.6239, 37.34509999184251], [65.6293, 37.36549999185291], [65.629, 37.387499991864104], [65.621, 37.43039999188602], [65.6257, 37.4526999918974], [65.6358, 37.474099991908275], [65.6588, 37.51029999192674], [65.6689, 37.520599991931995], [65.6812, 37.526399991934916], [65.6979, 37.52939999193645], [65.6984, 37.52949999193652], [65.7395, 37.528999991936274], [65.7523, 37.53759999194061], [65.7528, 37.53789999194082], [65.7614, 37.578399991961405], [65.7766, 37.57299999195864], [65.7964, 37.56939999195683], [65.8043, 37.56519999195467], [65.8212, 37.5351999919394], [65.8291, 37.52559999193453], [65.836, 37.519099991931206], [65.855, 37.507999991925594], [66.0387, 37.453099991897595], [66.0797, 37.44089999189135], [66.0871, 37.43569999188875], [66.0977, 37.42839999188498], [66.121, 37.40369999187238], [66.1258, 37.398699991869826], [66.143, 37.385099991862894], [66.1629, 37.37699999185875], [66.1632, 37.37689999185873], [66.1747, 37.37549999185798], [66.2078, 37.37689999185873], [66.2186, 37.37479999185761], [66.2327, 37.36549999185291], [66.2328, 37.36539999185282], [66.25, 37.35959999184989], [66.256, 37.35109999184556], [66.2596, 37.335299991837445], [66.2547, 37.313699991826425], [66.2801, 37.3024999918207], [66.3337, 37.29019999181442], [66.3796, 37.282399991810415], [66.4168, 37.26239999180025], [66.4371, 37.225999991781606], [66.4396, 37.207299991772054], [66.4388, 37.19749999176702], [66.4437, 37.18689999176157], [66.4809, 37.15289999174417], [66.5115, 37.13189999173344], [66.504, 37.12489999172985], [66.4878, 37.07959999170662], [66.4643, 37.03399999168325], [66.4628, 36.9930999916623], [66.4635, 36.97819999165467], [66.4759, 36.96449999164765], [66.4971, 36.94609999163817], [66.5111, 36.9117999916206], [66.5266, 36.90319999161616], [66.5533, 36.84959999158858], [66.565, 36.83469999158093], [66.5751, 36.804799991565595], [66.5307, 36.80529999156588], [66.5053, 36.78679999155633], [66.5201, 36.775599991550564], [66.511, 36.76599999154565], [66.4873, 36.77429999154991], [66.4643, 36.748799991536785], [66.4587, 36.73319999152878], [66.4248, 36.69039999150671], [66.4134, 36.65429999148816], [66.419, 36.644199991482914], [66.4466, 36.64159999148161], [66.474, 36.62549999147334], [66.4913, 36.60299999146173], [66.5213, 36.590699991455374], [66.5182, 36.581699991450726], [66.4968, 36.572599991446076], [66.4415, 36.56719999144326], [66.4191, 36.56769999144353], [66.4046, 36.55979999143946], [66.3888, 36.54489999143182], [66.3148, 36.51369999141569], [66.2903, 36.50099999140913], [66.2543, 36.49179999140444], [66.1275, 36.51379999141576], [66.1125, 36.52099999141948], [66.0874, 36.52029999141907], [66.0341, 36.5020999914097], [66.0013, 36.49969999140848], [65.9625, 36.47169999139404], [65.9283, 36.472199991394305], [65.914, 36.46589999139105], [65.8922, 36.478699991397654], [65.8705, 36.47829999139747], [65.8477, 36.46519999139071], [65.7864, 36.445999991380816], [65.7637, 36.428899991371985], [65.7382, 36.43169999137344], [65.7186, 36.38529999134949], [65.7045, 36.37639999134489], [65.7001, 36.35749999133513], [65.6854, 36.34069999132646], [65.666, 36.33409999132303], [65.6455, 36.340499991326354], [65.6051, 36.332299991322145], [65.5768, 36.33199999132196], [65.5653, 36.323999991317805], [65.5382, 36.31919999131535], [65.5182, 36.30179999130634], [65.5094, 36.22299999126563], [65.5115, 36.20239999125506], [65.4913, 36.15619999123118], [65.4957, 36.14069999122311], [65.4792, 36.113199991208916], [65.4845, 36.103999991204205], [65.5035, 36.0943999911992], [65.5305, 36.10379999120408], [65.5359, 36.11709999121093], [65.5605, 36.11679999121078], [65.5591, 36.08299999119331], [65.5677, 36.066799991184965], [65.5431, 36.051299991176926], [65.5435, 36.02969999116578], [65.5308, 36.00899999115503], [65.5165, 36.00029999115056], [65.5141, 35.97609999113805], [65.532, 35.979399991139736], [65.5639, 35.98889999114462], [65.6039, 35.9864999911434], [65.6125, 35.979399991139736], [65.6634, 35.978899991139464], [65.6647, 35.99639999114852], [65.6858, 36.003499991152204], [65.7025, 36.01899999116023], [65.7392, 36.012799991156996], [65.748, 36.002599991151726], [65.7565, 35.96129999113038], [65.7706, 35.9423999911206], [65.7743, 35.915599991106696], [65.7932, 35.891999991094515], [65.8108, 35.8410999910682], [65.8104, 35.82149999105804], [65.7835, 35.80119999104752], [65.7416, 35.785899991039614], [65.6846, 35.7953999910445], [65.6811, 35.779899991036494], [65.6903, 35.76469999102864], [65.6895, 35.74979999102092], [65.6762, 35.744899991018386], [65.6673, 35.72639999100881], [65.641, 35.695499990992815], [65.6212, 35.680199990984875], [65.5836, 35.68119999098537], [65.5701, 35.691999990991015], [65.5625, 35.711299991000985], [65.5382, 35.705799990998145], [65.5199, 35.687599990988744], [65.5169, 35.663899990976425], [65.502, 35.652999990970805], [65.4858, 35.65869999097373], [65.4712, 35.62919999095847], [65.4743, 35.612199990949684], [65.4925, 35.57779999093186], [65.4819, 35.558699990921994], [65.4675, 35.551499990918195], [65.4609, 35.52109999090251], [65.4442, 35.47729999087979], [65.4258, 35.47249999087734], [65.4136, 35.45579999086866], [65.4155, 35.41289999084648], [65.398, 35.41579999084797], [65.3867, 35.39179999083556], [65.4075, 35.38089999082985], [65.4133, 35.368299990823374], [65.3877, 35.36359999082095], [65.3856, 35.348399990813064], [65.4103, 35.33829999080784], [65.4127, 35.31729999079695], [65.4268, 35.30169999078888], [65.4527, 35.28739999078146], [65.4614, 35.27329999077418], [65.4588, 35.25639999076544], [65.4447, 35.25099999076264], [65.4253, 35.242399990758166], [65.389, 35.20549999073908], [65.3637, 35.19249999073235], [65.3272, 35.1939999907331], [65.3142, 35.1842999907281], [65.2932, 35.197799990735106], [65.2841, 35.19429999073325], [65.2752, 35.16709999071919], [65.2539, 35.17879999072524], [65.2579, 35.198299990735315], [65.2691, 35.20759999074016], [65.2599, 35.233699990753664], [65.2308, 35.24399999075904], [65.2151, 35.22599999074968], [65.1936, 35.22269999074795], [65.1665, 35.2480999907611], [65.1502, 35.24609999076008], [65.138, 35.2609999907678], [65.1214, 35.26259999076865], [65.0597, 35.22699999075022], [65.0438, 35.232799990753215], [65.017, 35.22019999074669], [65.014, 35.238599990756185], [64.9655, 35.23309999075333], [64.9556, 35.22609999074973], [64.9171, 35.218899990745996], [64.9132, 35.229099990751315], [64.872, 35.237699990755736], [64.8627, 35.24479999075938], [64.8197, 35.21799999074555], [64.8128, 35.22719999075027], [64.7479, 35.21759999074533], [64.7369, 35.218999990746035], [64.7021, 35.20799999074036], [64.7394, 35.17799999072484]]]}},
{"type": "Feature", "properties": {"z": "NEPS_HERAT", "ISO_A3": "AFG", "c": "AFG"}, "geometry": {"type": "Polygon", "coordinates": [[[60.9122, 33.50159998986203], [60.9209, 33.514199989868416], [60.9119, 33.528499989875705], [60.8963, 33.54009998988164], [60.895, 33.541099989882156], [60.8795, 33.54869998988601], [60.846, 33.55579998988965], [60.8075, 33.5580999898908], [60.734, 33.55479998988912], [60.6556, 33.559999989891786], [60.6409, 33.56509998989441], [60.5749, 33.58789998990601], [60.5119, 33.63839998993179], [60.4867, 33.711399989969095], [60.495, 33.744199989985866], [60.526, 33.80209999001552], [60.5281, 33.84149999003567], [60.4993, 33.99429999011402], [60.4867, 34.094299990165375], [60.4928, 34.138999990188346], [60.5209, 34.18619999021261], [60.5522, 34.22009999023006], [60.5875, 34.25029999024564], [60.635, 34.271199990256385], [60.6505, 34.28539999026366], [60.6437, 34.306699990274645], [60.6828, 34.30859999027563], [60.7026, 34.3095999902762], [60.8906, 34.318899990280954], [60.8791, 34.337599990290556], [60.8514, 34.36749999030596], [60.8495, 34.36959999030708], [60.805, 34.417499990331756], [60.7891, 34.443499990345174], [60.7794, 34.45509999035115], [60.7672, 34.46409999035581], [60.7427, 34.47339999036061], [60.734, 34.48039999036419], [60.7254, 34.504299990376566], [60.7189, 34.51119999038008], [60.7103, 34.51519999038213], [60.6998, 34.516399990382766], [60.7142, 34.5373999903936], [60.7394, 34.547999990399035], [60.7942, 34.554099990402214], [60.819, 34.5598999904052], [60.8384, 34.5708999904109], [60.8838, 34.613699990432984], [60.8953, 34.62839999044057], [60.909, 34.63469999044383], [60.9227, 34.63659999044484], [60.936, 34.63569999044436], [60.9475, 34.637999990445536], [60.958, 34.649399990451435], [60.9619, 34.673799990464026], [60.9587, 34.699499990477314], [60.9598, 34.72309999048954], [60.9781, 34.740599990498566], [61.0098, 34.760899990509024], [61.0292, 34.78969999052393], [61.0346, 34.80629999053247], [61.0656, 34.814699990536845], [61.0735, 34.8475999905539], [61.0739, 34.850399990555296], [61.0778, 34.88299999057216], [61.0717, 34.92059999059164], [61.0728, 34.925499990594155], [61.0746, 34.9330999905981], [61.089, 34.951999990607845], [61.0955, 34.980999990622884], [61.109, 35.016199990641056], [61.1099, 35.01849999064229], [61.1123, 35.0349999906508], [61.1143, 35.04819999065768], [61.1156, 35.05689999066214], [61.116, 35.05989999066369], [61.1232, 35.074199990671076], [61.1344, 35.0870999906778], [61.1473, 35.10209999068554], [61.1369, 35.11119999069026], [61.1351, 35.11939999069447], [61.1398, 35.13969999070501], [61.1016, 35.183199990727516], [61.099, 35.18799999073003], [61.0962, 35.1931999907327], [61.1023, 35.197699990735], [61.1123, 35.20189999073722], [61.1124, 35.20199999073724], [61.1124, 35.202099990737324], [61.1128, 35.2116999907423], [61.1121, 35.213099990743], [61.1081, 35.22129999074724], [61.1023, 35.225599990749465], [61.1023, 35.25659999076552], [61.1084, 35.2779999907766], [61.1144, 35.28199999077868], [61.1228, 35.28769999078164], [61.1441, 35.288099990781824], [61.1678, 35.29139999078356], [61.1869, 35.30039999078822], [61.1896, 35.30619999079124], [61.1952, 35.318199990797424], [61.1905, 35.36959999082404], [61.192, 35.37599999082734], [61.1934, 35.38209999083049], [61.1952, 35.390199990834724], [61.201, 35.40119999084041], [61.2218, 35.424199990852316], [61.2224, 35.42519999085283], [61.2272, 35.434499990857624], [61.2359, 35.46589999087394], [61.247, 35.48499999088383], [61.2612, 35.49909999089109], [61.2704, 35.50839999089591], [61.2838, 35.52729999090571], [61.2899, 35.547999990916416], [61.2877, 35.56829999092695], [61.2774, 35.60749999094724], [61.2769, 35.60929999094818], [61.2697, 35.61859999095298], [61.2834, 35.62259999095508], [61.3356, 35.63089999095934], [61.3442, 35.63089999095934], [61.3514, 35.6278999909578], [61.3563, 35.62429999095594], [61.3608, 35.620999990954246], [61.3514, 35.60709999094701], [61.364, 35.59819999094243], [61.3676, 35.59789999094227], [61.3749, 35.592699990939614], [61.377, 35.5911999909388], [61.3835, 35.58649999093639], [61.3838, 35.58209999093408], [61.3799, 35.571299990928495], [61.3802, 35.567299990926415], [61.3932, 35.55359999091932], [61.4011, 35.54989999091741], [61.4126, 35.548299990916554], [61.4173, 35.54659999091568], [61.4278, 35.542899990913796], [61.439, 35.534399990909364], [61.4476, 35.52789999090604], [61.4892, 35.49669999088989], [61.4926, 35.49419999088856], [61.5386, 35.45229999086685], [61.6049, 35.430699990855686], [61.7395, 35.41379999084696], [61.7534, 35.414599990847314], [61.7989, 35.41749999084884], [61.9195, 35.45179999086665], [61.9547, 35.45129999086635], [61.9778, 35.45099999086621], [62.0074, 35.43899999085999], [62.0336, 35.42389999085213], [62.1362, 35.341399990809464], [62.164, 35.326199990801555], [62.219, 35.30629999079126], [62.2338, 35.29369999078474], [62.2442, 35.27809999077665], [62.2511, 35.26039999076751], [62.2525, 35.24279999075839], [62.2511, 35.20239999073746], [62.2568, 35.187099990729514], [62.2756, 35.150999990710886], [62.2864, 35.140599990705475], [62.2991, 35.146299990708414], [62.3018, 35.14759999070912], [62.3994, 35.25589999076518], [62.4318, 35.28069999077801], [62.4588, 35.281799990778595], [62.4707, 35.272799990773905], [62.5247, 35.232199990752896], [62.5355, 35.22729999075036], [62.5661, 35.23069999075211], [62.5956, 35.22059999074687], [62.6046, 35.21939999074626], [62.6177, 35.22199999074758], [62.6231, 35.20999999074141], [62.6664, 35.23329999075348], [62.6994, 35.23589999075484], [62.7324, 35.250399990762325], [62.733, 35.21709999074509], [62.7565, 35.19009999073109], [62.7474, 35.16939999072041], [62.7336, 35.16169999071641], [62.698, 35.123699990696714], [62.689, 35.10369999068636], [62.6942, 35.06289999066524], [62.6736, 35.03319999064988], [62.6732, 35.00449999063505], [62.6668, 34.99409999062962], [62.6775, 34.96369999061395], [62.6882, 34.949899990606816], [62.7122, 34.944199990603856], [62.7331, 34.91089999058662], [62.7461, 34.93039999059672], [62.7783, 34.92089999059176], [62.7932, 34.89729999057958], [62.7862, 34.87209999056655], [62.7728, 34.862199990561415], [62.7554, 34.8193999905393], [62.7786, 34.79229999052525], [62.8177, 34.769899990513714], [62.8435, 34.759599990508356], [62.8688, 34.758999990508066], [62.864, 34.72309999048954], [62.8397, 34.696499990475786], [62.827, 34.67249999046336], [62.8056, 34.657599990455665], [62.7998, 34.644699990449], [62.8239, 34.600899990426406], [62.8501, 34.602299990427106], [62.8631, 34.589399990420475], [62.9024, 34.5693999904101], [62.9425, 34.5702999904106], [62.9598, 34.56439999040752], [62.9762, 34.56809999040947], [63.0148, 34.5937999904227], [63.0265, 34.60849999043031], [63.0552, 34.609599990430866], [63.0649, 34.64379999044854], [63.0805, 34.637799990445465], [63.1594, 34.62269999043764], [63.2003, 34.6244999904386], [63.2318, 34.6438999904486], [63.2962, 34.62139999043696], [63.3225, 34.63379999044336], [63.3707, 34.634199990443584], [63.3789, 34.62679999043976], [63.4193, 34.61329999043283], [63.4388, 34.62209999043734], [63.4663, 34.61859999043551], [63.463, 34.60769999042989], [63.4822, 34.57879999041497], [63.5304, 34.55699999040372], [63.5547, 34.55139999040084], [63.5771, 34.55789999040422], [63.5989, 34.55019999040021], [63.6268, 34.55019999040021], [63.6533, 34.56289999040679], [63.7, 34.55389999040211], [63.7332, 34.53769999039374], [63.7516, 34.53719999039351], [63.7721, 34.5146999903819], [63.819, 34.51349999038129], [63.8395, 34.528799990389146], [63.8814, 34.53419999039196], [63.9002, 34.54269999039635], [63.9618, 34.54939999039982], [63.9695, 34.55469999040255], [64.0045, 34.55739999040395], [64.0301, 34.586599990418975], [64.0596, 34.59409999042288], [64.0891, 34.609599990430866], [64.0982, 34.606699990429384], [64.1255, 34.62039999043647], [64.1458, 34.64619999044978], [64.1906, 34.680099990467326], [64.2142, 34.69479999047488], [64.2372, 34.69559999047528], [64.2572, 34.681199990467825], [64.2708, 34.68719999047099], [64.2906, 34.67969999046708], [64.3434, 34.679499990466965], [64.3685, 34.659899990456836], [64.3852, 34.66149999045767], [64.4094, 34.67279999046348], [64.4308, 34.66689999046046], [64.4677, 34.67139999046279], [64.4753, 34.64579999044959], [64.4594, 34.62429999043845], [64.4514, 34.59619999042395], [64.4559, 34.5640999904074], [64.4423, 34.54339999039671], [64.4701, 34.51729999038325], [64.4783, 34.50239999037557], [64.4551, 34.5078999903784], [64.4492, 34.524499990386964], [64.4048, 34.52899999038929], [64.3854, 34.518099990383625], [64.3777, 34.49129999036981], [64.3585, 34.48819999036821], [64.3363, 34.502799990375756], [64.3201, 34.495999990372226], [64.3032, 34.47269999036024], [64.2859, 34.47789999036289], [64.2729, 34.47059999035912], [64.2388, 34.47679999036233], [64.2282, 34.48649999036736], [64.1868, 34.469599990358596], [64.1896, 34.44199999034441], [64.2018, 34.42359999033492], [64.1905, 34.40009999032281], [64.1941, 34.36309999030371], [64.1639, 34.357699990300944], [64.136, 34.35789999030105], [64.132, 34.328799990286036], [64.1394, 34.315499990279235], [64.1426, 34.28209999026201], [64.125, 34.27469999025817], [64.0935, 34.290099990266114], [64.0693, 34.28729999026467], [64.0695, 34.27259999025709], [64.0258, 34.266199990253796], [64.006, 34.244599990242676], [63.99, 34.2435999902422], [63.9843, 34.22399999023208], [63.9736, 34.226999990233594], [63.9398, 34.217899990228936], [63.9126, 34.226799990233495], [63.8852, 34.24589999024338], [63.861, 34.24309999024189], [63.8461, 34.228899990234595], [63.8266, 34.23939999024], [63.8152, 34.2329999902367], [63.7939, 34.25869999024994], [63.7802, 34.26749999025447], [63.7291, 34.27459999025817], [63.7092, 34.28379999026288], [63.6666, 34.28429999026313], [63.6366, 34.27649999025911], [63.6168, 34.278799990260296], [63.5766, 34.27449999025807], [63.5644, 34.27859999026017], [63.5391, 34.27099999025628], [63.4836, 34.27399999025782], [63.4812, 34.26109999025115], [63.5089, 34.24509999024293], [63.506, 34.223699990231914], [63.4921, 34.20969999022472], [63.483, 34.1833999902112], [63.4862, 34.16699999020275], [63.4732, 34.15049999019425], [63.4777, 34.11979999017849], [63.4329, 34.10669999017174], [63.4134, 34.11269999017484], [63.4102, 34.09019999016331], [63.3922, 34.081899990159016], [63.3701, 34.058599990147016], [63.3613, 34.03509999013496], [63.4055, 34.00649999012032], [63.4389, 34.007899990121], [63.4585, 33.990599990112116], [63.4618, 33.959499990096155], [63.5298, 33.90319999006731], [63.5743, 33.89599999006359], [63.5798, 33.887999990059505], [63.5426, 33.853199990041674], [63.5585, 33.84039999003515], [63.5597, 33.826199990027845], [63.549, 33.81569999002247], [63.5031, 33.80079999001485], [63.5161, 33.77779999000308], [63.4906, 33.76229998999513], [63.5196, 33.70499998996585], [63.5016, 33.670799989948314], [63.486, 33.6565999899411], [63.4665, 33.658499989942065], [63.4539, 33.64729998993632], [63.43, 33.655299989940445], [63.4038, 33.651699989938614], [63.3756, 33.65339998993945], [63.3456, 33.63669998993093], [63.3244, 33.638499989931866], [63.2906, 33.627999989926465], [63.2314, 33.61479998991975], [63.2238, 33.59339998990881], [63.2018, 33.588199989906165], [63.1986, 33.571199989897494], [63.2214, 33.55409998988876], [63.2244, 33.54379998988356], [63.2458, 33.52459998987372], [63.2618, 33.52339998987309], [63.2845, 33.49729998985982], [63.2987, 33.49199998985713], [63.3004, 33.474999989848484], [63.2837, 33.45869998984015], [63.2842, 33.448599989835024], [63.2212, 33.46899998984542], [63.1946, 33.464699989843204], [63.1682, 33.47609998984901], [63.1506, 33.46599998984386], [63.1158, 33.469199989845514], [63.1011, 33.450199989835845], [63.1183, 33.4317999898265], [63.1393, 33.3960999898083], [63.1233, 33.37729998979876], [63.1246, 33.3603999897901], [63.1507, 33.3269999897732], [63.1415, 33.309499989764284], [63.0777, 33.29459998975674], [63.05, 33.2791999897489], [63.0448, 33.247699989732915], [63.0556, 33.22889998972341], [63.0898, 33.20989998971376], [63.0904, 33.16359998969031], [63.1003, 33.1548999896859], [63.0954, 33.140099989678404], [63.0739, 33.132999989674815], [63.0434, 33.15069998968379], [63.0239, 33.149699989683256], [63.0093, 33.15859998968777], [62.9821, 33.13469998967565], [62.9305, 33.12969998967314], [62.925, 33.12059998966851], [62.9041, 33.12299998966976], [62.9072, 33.15199998968448], [62.8425, 33.13919998967796], [62.8203, 33.14039998967859], [62.7919, 33.129399989673], [62.7854, 33.11129998966383], [62.7659, 33.11799998966724], [62.7528, 33.112199989664326], [62.7311, 33.12389998967023], [62.7123, 33.11499998966567], [62.7155, 33.08729998965169], [62.7046, 33.073299989644624], [62.6469, 33.05639998963608], [62.6205, 33.056999989636374], [62.5842, 33.03869998962712], [62.5491, 33.008799989612044], [62.5294, 33.00309998960919], [62.506, 33.02999998962276], [62.4955, 33.051999989633856], [62.4708, 33.042999989629315], [62.4529, 33.04249998962909], [62.4088, 33.014199989614795], [62.4004, 32.99409998960463], [62.3792, 32.98639998960078], [62.3528, 32.98709998960109], [62.3146, 32.98379998959943], [62.2745, 32.9961999896057], [62.1955, 32.972299989593644], [62.1747, 32.963199989589036], [62.162, 32.9429999895789], [62.1416, 32.93089998957277], [62.1058, 32.90179998955813], [62.0941, 32.90359998955901], [62.0817, 32.88379998954909], [62.0407, 32.87219998954319], [62.016, 32.8869999895507], [62.0241, 32.9083999895614], [62.0129, 32.911099989562786], [61.9807, 32.897499989555946], [61.9702, 32.90349998955897], [61.9543, 32.893599989553984], [61.9129, 32.9207999895677], [61.9222, 32.961099989587986], [61.9227, 32.99399998960459], [61.9083, 32.99379998960447], [61.8802, 32.967699989591324], [61.8395, 32.94559998958022], [61.8352, 32.92269998956862], [61.807, 32.90709998956079], [61.7882, 32.88529998954983], [61.79, 32.87369998954399], [61.7366, 32.88589998955014], [61.732, 32.86879998954152], [61.7119, 32.8512999895327], [61.6458, 32.85529998953469], [61.5831, 32.8534999895338], [61.583, 32.8647999895395], [61.6513, 32.952599989583724], [61.6688, 32.97929998959719], [61.679, 33.014099989614756], [61.7021, 33.0330999896243], [61.7276, 33.041399989628545], [61.7285, 33.057999989636926], [61.7393, 33.0708999896434], [61.7525, 33.068199989642025], [61.7674, 33.092499989654335], [61.7896, 33.098999989657614], [61.798, 33.12589998967121], [61.8138, 33.13069998967364], [61.8213, 33.14399998968038], [61.858, 33.15029998968356], [61.8719, 33.16479998969091], [61.8475, 33.17609998969663], [61.8226, 33.193399989705405], [61.8164, 33.224199989720994], [61.8063, 33.23509998972652], [61.7706, 33.253599989735925], [61.7573, 33.27819998974837], [61.7611, 33.28929998975401], [61.812, 33.33009998977474], [61.8413, 33.378999989799595], [61.8353, 33.40459998981264], [61.8418, 33.424199989822576], [61.8679, 33.43969998983048], [61.8584, 33.478799989850415], [61.8403, 33.48559998985385], [61.778, 33.48489998985352], [61.7334, 33.49729998985982], [61.7034, 33.490799989856484], [61.6938, 33.494099989858164], [61.6546, 33.490299989856254], [61.6526, 33.50409998986326], [61.6143, 33.513799989868225], [61.5639, 33.51619998986943], [61.5358, 33.512199989867426], [61.5128, 33.49599998985915], [61.4991, 33.47689998984943], [61.4605, 33.45879998984022], [61.4259, 33.457399989839466], [61.3892, 33.45129998983641], [61.3633, 33.45489998983823], [61.2557, 33.440599989830936], [61.2097, 33.44019998983075], [61.1965, 33.43289998982703], [61.1366, 33.44709998983427], [61.1184, 33.461899989841804], [61.0861, 33.47979998985088], [61.0448, 33.47979998985088], [61.011, 33.48519998985365], [60.9627, 33.49879998986059], [60.9285, 33.49719998985976], [60.909, 33.50059998986153], [60.9122, 33.50159998986203]]]}},
{"type": "Feature", "properties": {"z": "KGZ_S", "ISO_A3": "KGZ", "c": "KGZ"}, "geometry": {"type": "Polygon", "coordinates": [[[70.7053, 39.458499992899796], [70.6996, 39.47209999290641], [70.6902, 39.4790999929098], [70.6668, 39.4868999929136], [70.656, 39.493599992916856], [70.6359, 39.54249999294063], [70.6222, 39.56359999295091], [70.5977, 39.57769999295778], [70.5804, 39.57959999295873], [70.5437, 39.574299992956135], [70.5261, 39.57559999295674], [70.5135, 39.58149999295961], [70.4911, 39.5968999929671], [70.4815, 39.59989999296853], [70.4771, 39.60119999296921], [70.4598, 39.59949999296836], [70.4422, 39.59429999296586], [70.4279, 39.59009999296382], [70.4278, 39.58999999296377], [70.4015, 39.58469999296116], [70.3984, 39.58179999295979], [70.3903, 39.573999992955976], [70.3842, 39.57089999295445], [70.3741, 39.57099999295452], [70.3569, 39.574299992956135], [70.3432, 39.57689999295739], [70.3302, 39.57299999295551], [70.2586, 39.53239999293575], [70.2409, 39.52229999293084], [70.2233, 39.519099992929284], [70.206, 39.52409999293172], [70.2042, 39.53809999293851], [70.215, 39.573999992955976], [70.215, 39.57419999295608], [70.2147, 39.59099999296426], [70.2103, 39.60959999297326], [70.2006, 39.61949999297809], [70.1851, 39.610399992973655], [70.1574, 39.563899992951065], [70.1532, 39.55889999294865], [70.1491, 39.55429999294641], [70.1326, 39.54999999294433], [70.1164, 39.554499992946496], [70.0829, 39.56969999295389], [70.0777, 39.57069999295439], [70.0624, 39.5733999929557], [70.0404, 39.57359999295582], [70.0195, 39.56859999295336], [70.0026, 39.556799992947624], [69.9919, 39.54489999294185], [69.9871, 39.53949999293921], [69.9788, 39.534399992936706], [69.9486, 39.545099992941914], [69.9079, 39.54849999294359], [69.8913, 39.54589999294232], [69.8557, 39.54019999293957], [69.8305, 39.5361999929376], [69.7916, 39.545399992942116], [69.7499, 39.563899992951065], [69.7103, 39.573999992955976], [69.6692, 39.57769999295778], [69.5835, 39.57359999295582], [69.5821, 39.57359999295582], [69.5648, 39.568099992953144], [69.5314, 39.545699992942225], [69.5144, 39.53749999293823], [69.5096, 39.5361999929376], [69.4961, 39.532499992935854], [69.4774, 39.53039999293482], [69.4554, 39.53039999293482], [69.4507, 39.52979999293446], [69.4436, 39.52889999293406], [69.4122, 39.525099992932184], [69.3913, 39.53049999293485], [69.3839, 39.53609999293755], [69.3618, 39.55279999294568], [69.3521, 39.54949999294409], [69.3461, 39.53579999293741], [69.346, 39.53539999293722], [69.3398, 39.528099992933704], [69.3002, 39.51559999292759], [69.2862, 39.53969999293931], [69.2912, 39.65889999299719], [69.2876, 39.677799993006325], [69.2801, 39.69419999301429], [69.266, 39.70769999302081], [69.2484, 39.71939999302644], [69.2333, 39.73259999303284], [69.2264, 39.750999993041745], [69.2297, 39.790499993060834], [69.2408, 39.82889999307937], [69.2555, 39.86329999309596], [69.2576, 39.86809999309824], [69.2866, 39.935799993130786], [69.3056, 39.96859999314654], [69.31, 39.978599993151335], [69.3103, 39.98469999315427], [69.3139, 39.986899993155326], [69.328, 39.98469999315427], [69.3553, 39.96099999314289], [69.3571, 39.959399993142156], [69.4054, 39.89609999311173], [69.4954, 39.92079999312357], [69.5015, 39.92249999312437], [69.5004, 39.93559999313071], [69.4774, 39.968099993146296], [69.4774, 39.98159999315276], [69.4712, 39.99359999315855], [69.463, 40.02539999317381], [69.4698, 40.05099999318607], [69.4856, 40.07369999319688], [69.5062, 40.096899993208005], [69.5134, 40.12069999321934], [69.518, 40.12509999322145], [69.526, 40.12309999322053], [69.5368, 40.10779999321319], [69.5429, 40.10309999321093], [69.5587, 40.101599993210236], [69.5756, 40.10349999321114], [69.9695, 40.21149999326269], [69.9809, 40.21059999326225], [70.0048, 40.20869999326132], [70.1473, 40.13699999322716], [70.1689, 40.131699993224615], [70.1974, 40.13309999322527], [70.2186, 40.13409999322574], [70.2417, 40.132699993225096], [70.2636, 40.12429999322105], [70.2637, 40.12419999322103], [70.2777, 40.112099993215246], [70.2903, 40.09819999320864], [70.3065, 40.08479999320223], [70.3241, 40.07749999319873], [70.3594, 40.07399999319707], [70.3975, 40.06109999319088], [70.4367, 40.056599993188726], [70.4495, 40.05519999318801], [70.4771, 40.05199999318651], [70.5023, 40.04599999318367], [70.5253, 40.03369999317776], [70.5358, 40.015899993169256], [70.521, 39.993699993158565], [70.4731, 39.970099993147265], [70.4602, 39.956099993140505], [70.4508, 39.93739999313154], [70.4479, 39.91989999312313], [70.4555, 39.906699993116796], [70.4771, 39.900899993114024], [70.4861, 39.90959999311822], [70.494, 39.931599993128756], [70.5009, 39.940499993133066], [70.5127, 39.945099993135244], [70.5552, 39.946199993135814], [70.5765, 39.95219999313867], [70.5893, 39.95839999314162], [70.5966, 39.96199999314337], [70.6139, 39.97569999314994], [70.6276, 39.9938999931587], [70.6359, 40.02849999317529], [70.6348, 40.05929999319001], [70.6395, 40.084899993202264], [70.6661, 40.10409999321143], [70.7298, 40.12069999321934], [70.7435, 40.12709999322244], [70.7824, 40.15259999323461], [70.7921, 40.16129999323872], [70.7979, 40.16189999323903], [70.8011, 40.16069999323843], [70.8025, 40.16019999323824], [70.8069, 40.15619999323625], [70.8249, 40.16349999323978], [70.8311, 40.16779999324185], [70.8317, 40.16819999324202], [70.845, 40.17179999324372], [70.8575, 40.169599993242684], [70.8987, 40.16259999323937], [70.9293, 40.17059999324316], [70.9627, 40.189699993252276], [70.9797, 40.2140999932639], [70.9758, 40.218699993266064], [70.9591, 40.23829999327539], [70.9776, 40.25279999328233], [70.9951, 40.26649999328881], [71.0531, 40.27419999329246], [71.1694, 40.261299993286315], [71.2011, 40.26379999328753], [71.2151, 40.28069999329552], [71.2241, 40.302899993306106], [71.2396, 40.320999993314665], [71.254, 40.324299993316224], [71.2641, 40.31819999331334], [71.2727, 40.30769999330836], [71.2831, 40.29839999330397], [71.2972, 40.293799993301754], [71.3137, 40.292699993301284], [71.3451, 40.29509999330238], [71.3652, 40.29409999330192], [71.3965, 40.27149999329121], [71.4415, 40.26089999328614], [71.4509, 40.24889999328045], [71.4588, 40.23419999327344], [71.4772, 40.22069999326704], [71.4984, 40.2104999932622], [71.5211, 40.203699993258944], [71.5683, 40.196499993255514], [71.5931, 40.19839999325644], [71.6017, 40.20999999326195], [71.6018, 40.210099993261984], [71.6039, 40.22729999327014], [71.61, 40.24629999327923], [71.6199, 40.253099993282405], [71.6284, 40.25889999328519], [71.646, 40.24699999327952], [71.6601, 40.2243999932688], [71.6673, 40.20409999325912], [71.6669, 40.162999993239545], [71.673, 40.14789999323236], [71.6932, 40.141099993229105], [71.7072, 40.144299993230625], [71.7598, 40.16799999324192], [71.7737, 40.17829999324681], [71.776, 40.179899993247616], [71.7868, 40.19349999325406], [71.8055, 40.22529999326926], [71.8365, 40.249199993280584], [71.8402, 40.24929999328064], [71.8728, 40.25079999328135], [71.9124, 40.243499993277844], [71.9367, 40.24189999327714], [71.9517, 40.24089999327667], [71.9613, 40.242799993277565], [71.9693, 40.24449999327835], [71.9891, 40.239299993275864], [72.0049, 40.23729999327497], [72.019, 40.23999999327622], [72.0255, 40.250899993281415], [72.0197, 40.25879999328516], [72.006, 40.26579999328849], [71.9961, 40.26929999329015], [71.9772, 40.27609999329333], [71.9581, 40.286499993298285], [71.9509, 40.30159999330551], [71.9567, 40.315599993312155], [71.9629, 40.31799999331326], [72.0431, 40.34939999332818], [72.0697, 40.36939999333758], [72.0841, 40.39729999335084], [72.0863, 40.40379999335387], [72.0903, 40.41599999335967], [72.0993, 40.42639999336456], [72.1016, 40.427299993365004], [72.1659, 40.454399993377805], [72.1828, 40.45779999337941], [72.2361, 40.45979999338034], [72.2482, 40.45879999337989], [72.2541, 40.45829999337967], [72.2594, 40.45509999337816], [72.2638, 40.45249999337688], [72.2595, 40.44239999337214], [72.2451, 40.4386999933704], [72.2281, 40.437499993369805], [72.2166, 40.43489999336862], [72.2116, 40.42559999336422], [72.2245, 40.422499993362756], [72.2695, 40.42409999336352], [72.2843, 40.419799993361494], [72.3433, 40.39339999334898], [72.3703, 40.385599993345316], [72.3941, 40.389399993347084], [72.4044, 40.400299993352284], [72.412, 40.408399993356106], [72.4143, 40.41079999335721], [72.4251, 40.435899993369084], [72.4258, 40.45219999337676], [72.4261, 40.459599993380245], [72.4157, 40.47929999338955], [72.3721, 40.50319999340081], [72.3635, 40.51219999340509], [72.3631, 40.52349999341041], [72.37, 40.53979999341805], [72.37, 40.557899993426574], [72.3484, 40.58529999343947], [72.3508, 40.596499993444766], [72.352, 40.60189999344723], [72.3815, 40.612099993452006], [72.3847, 40.60999999345106], [72.415, 40.58979999344158], [72.4477, 40.56039999342775], [72.4769, 40.54959999342266], [72.5154, 40.545599993420794], [72.5856, 40.508799993403436], [72.6256, 40.51049999340428], [72.6309, 40.51379999340579], [72.6407, 40.51979999340861], [72.6504, 40.53209999341441], [72.6551, 40.546299993421144], [72.6565, 40.56119999342813], [72.6641, 40.57779999343591], [72.6717, 40.577699993435914], [72.6825, 40.57759999343584], [72.7192, 40.564899993429854], [72.7483, 40.574999993434595], [72.7562, 40.61919999345537], [72.7602, 40.64169999346594], [72.784, 40.669599993478975], [72.8189, 40.681099993484374], [72.8577, 40.68859999348789], [72.8909, 40.695099993490956], [72.9769, 40.735999993510035], [73.0705, 40.76249999352246], [73.0857, 40.7690999935255], [73.1181, 40.78299999353202], [73.1399, 40.80479999354219], [73.1487, 40.813599993546255], [73.1459, 40.82399999355112], [73.1437, 40.831999993554845], [73.1433, 40.83379999355563], [73.1357, 40.835099993556256], [73.1123, 40.83909999355813], [73.0536, 40.83639999355688], [73.0392, 40.844099993560455], [73.0335, 40.847199993561894], [73.0194, 40.86179999356872], [73.0036, 40.87009999357255], [72.9294, 40.844099993560455], [72.8945, 40.82569999355191], [72.883, 40.819599993549076], [72.8704, 40.81819999354838], [72.8729, 40.83479999355613], [72.8716, 40.84379999356034], [72.8686, 40.864099993569766], [72.8301, 40.871999993573425], [72.7012, 40.86329999356937], [72.6583, 40.867099993571145], [72.6195, 40.87999999357715], [72.5917, 40.90309999358789], [72.5885, 40.90579999358914], [72.5457, 40.9565999936127], [72.5262, 40.962099993615276], [72.5014, 40.96339999361586], [72.4834, 40.97059999361922], [72.4837, 40.99349999362978], [72.4852, 40.99949999363255], [72.4849, 41.003199993634254], [72.4848, 41.00459999363494], [72.4819, 41.008799993636885], [72.4769, 41.01179999363826], [72.4722, 41.01209999363837], [72.4236, 41.01569999364008], [72.3952, 41.02199999364296], [72.3743, 41.03199999364759], [72.3676, 41.03989999365121], [72.3459, 41.06589999366326], [72.3325, 41.07279999366641], [72.3142, 41.06159999366126], [72.3088, 41.054399993657924], [72.2981, 41.02989999364663], [72.2973, 41.02809999364578], [72.2897, 41.02349999364364], [72.2858, 41.02309999364349], [72.253, 41.01949999364183], [72.1651, 40.99929999363246], [72.1689, 41.00589999363551], [72.1788, 41.02309999364349], [72.1857, 41.04099999365172], [72.1857, 41.06059999366078], [72.1763, 41.11279999368485], [72.176, 41.11739999368697], [72.1745, 41.141499993698055], [72.1725, 41.15309999370339], [72.171, 41.161499993707245], [72.1698, 41.1685999937105], [72.1583, 41.18779999371931], [72.1327, 41.19929999372462], [72.1086, 41.19639999372328], [72.0852, 41.184799993717945], [72.0636, 41.170199993711236], [72.0337, 41.15659999370498], [72.0165, 41.16349999370817], [72.0013, 41.179899993715686], [71.9772, 41.195099993722714], [71.8977, 41.18499999371805], [71.89, 41.18769999371928], [71.8717, 41.19439999372238], [71.8663, 41.23659999374172], [71.8689, 41.2792999937613], [71.8631, 41.31219999377627], [71.8469, 41.34179999378983], [71.7648, 41.43429999383195], [71.7533, 41.44729999383784], [71.7454, 41.45289999384035], [71.7367, 41.45539999384153], [71.7306, 41.45109999383958], [71.7296, 41.43119999383051], [71.7295, 41.430099993830034], [71.7216, 41.42469999382759], [71.7189, 41.42559999382798], [71.7123, 41.42799999382905], [71.7069, 41.444099993836424], [71.698, 41.44679999383763], [71.6961, 41.447399993837905], [71.6914, 41.44179999383537], [71.6874, 41.43099999383046], [71.6813, 41.422799993826715], [71.68, 41.423199993826906], [71.6719, 41.42549999382797], [71.6712, 41.43739999383333], [71.6712, 41.43749999383338], [71.6896, 41.49379999385897], [71.6896, 41.514499993868355], [71.6872, 41.52309999387222], [71.6842, 41.53399999387714], [71.6716, 41.547299993883215], [71.6496, 41.54989999388438], [71.6273, 41.543199993881345], [71.6154, 41.5320999938763], [71.5956, 41.49379999385897], [71.6047, 41.47849999385201], [71.6057, 41.47679999385121], [71.6089, 41.47369999384985], [71.6338, 41.44959999383888], [71.6374, 41.43119999383051], [71.6331, 41.41139999382155], [71.6187, 41.37769999380618], [71.5855, 41.323499993781475], [71.5578, 41.30169999377155], [71.5545, 41.30119999377129], [71.5425, 41.299399993770464], [71.5274, 41.29709999376944], [71.524, 41.296599993769185], [71.5061, 41.30239999377185], [71.4808, 41.310699993775614], [71.4325, 41.344799993791185], [71.4189, 41.347399993792365], [71.4127, 41.33459999378651], [71.4214, 41.16209999370752], [71.416, 41.12729999369152], [71.3937, 41.11269999368478], [71.39, 41.115099993685895], [71.3711, 41.12739999369159], [71.3253, 41.15729999370532], [71.3001, 41.13299999369414], [71.2919, 41.11799999368724], [71.2896, 41.11379999368531], [71.2763, 41.11309999368501], [71.2633, 41.12339999368974], [71.254, 41.13739999369619], [71.2414, 41.17509999371348], [71.2355, 41.181499993716436], [71.2302, 41.18719999371905], [71.2106, 41.188399993719614], [71.2065, 41.188699993719744], [71.1856, 41.180199993715846], [71.1831, 41.1663999937095], [71.1877, 41.14849999370126], [71.1899, 41.12739999369159], [71.1802, 41.108099993682686], [71.1643, 41.116099993686376], [71.1391, 41.148299993701194], [71.1358, 41.15039999370215], [71.1229, 41.1581999937057], [71.0917, 41.161499993707245], [71.0859, 41.16209999370752], [71.0675, 41.169599993710996], [71.047, 41.181999993716666], [71.0304, 41.18779999371931], [71.0247, 41.18979999372027], [70.9771, 41.19629999372326], [70.9343, 41.19139999372099], [70.9324, 41.19149999372101], [70.9141, 41.19299999372177], [70.8961, 41.206099993727705], [70.8821, 41.2203999937343], [70.8659, 41.23319999374017], [70.8479, 41.24309999374469], [70.8304, 41.248499993747146], [70.8285, 41.24909999374742], [70.8061, 41.247499993746736], [70.7867, 41.240299993743385], [70.7752, 41.238999993742816], [70.7705, 41.23849999374259], [70.7579, 41.25209999374881], [70.7565, 41.26949999375677], [70.7712, 41.33089999378486], [70.7691, 41.35209999379452], [70.7597, 41.37239999380379], [70.7035, 41.445399993837], [70.6866, 41.46239999384473], [70.6694, 41.47059999384841], [70.6679, 41.47129999384875], [70.6337, 41.467399993846975], [70.5797, 41.444099993836424], [70.5689, 41.43939999383427], [70.5113, 41.41449999382292], [70.4807, 41.40569999381896], [70.4771, 41.404599993818465], [70.4533, 41.40549999381887], [70.4382, 41.41609999382366], [70.4137, 41.45069999383936], [70.399, 41.464899993845826], [70.3943, 41.4680999938473], [70.3824, 41.4764999938511], [70.3705, 41.481899993853574], [70.345, 41.49349999385882], [70.2704, 41.49989999386172], [70.2066, 41.50539999386419], [70.2035, 41.505699993864354], [70.1875, 41.511899993867154], [70.1733, 41.51739999386963], [70.1664, 41.52009999387087], [70.1484, 41.55249999388551], [70.1693, 41.57839999389724], [70.215, 41.5984999939063], [70.2476, 41.61279999391279], [70.3313, 41.649599993929364], [70.3907, 41.684999993945254], [70.4235, 41.696799993950584], [70.4537, 41.71199999395741], [70.4771, 41.73829999396926], [70.5066, 41.78559999399044], [70.5502, 41.82409999400765], [70.6488, 41.88729999403584], [70.6574, 41.89109999403755], [70.6798, 41.901099994042], [70.7795, 41.90959999404579], [70.8141, 41.919499994050184], [70.8175, 41.92469999405251], [70.8252, 41.936299994057684], [70.8281, 41.99359999408311], [70.8454, 42.03029999409936], [70.8578, 42.03269999410041], [70.8868, 42.038399994102946], [70.9266, 42.03719999410244], [70.9357, 42.03689999410232], [70.9771, 42.04419999410552], [71.1183, 42.122899994140276], [71.1525, 42.13029999414355], [71.1996, 42.14039999414803], [71.2101, 42.133599994145], [71.2208, 42.148399994151525], [71.2383, 42.15339999415374], [71.268, 42.20419999417606], [71.2915, 42.214199994180476], [71.3236, 42.208199994177846], [71.3707, 42.208199994177846], [71.4199, 42.18919999416948], [71.4822, 42.1832999941669], [71.4951, 42.19869999417367], [71.5097, 42.201099994174726], [71.5599, 42.19709999417296], [71.6073, 42.214799994180744], [71.6282, 42.207299994177475], [71.6486, 42.20889999417817], [71.6759, 42.18979999416977], [71.6954, 42.18439999416738], [71.7095, 42.167499994159925], [71.7282, 42.16709999415974], [71.7894, 42.1460999941505], [71.8249, 42.14709999415096], [71.8451, 42.1366999941464], [71.8903, 42.134799994145524], [71.9142, 42.120699994139336], [71.9682, 42.10699999413328], [71.9812, 42.09919999412984], [72.0182, 42.094199994127635], [72.072, 42.06869999411634], [72.0968, 42.0757999941195], [72.1066, 42.06159999411326], [72.1335, 42.055399994110495], [72.1781, 42.07419999411875], [72.1932, 42.109199994134244], [72.186, 42.11739999413787], [72.1827, 42.15279999415346], [72.2231, 42.1832999941669], [72.2174, 42.214399994180575], [72.2557, 42.21989999418294], [72.2833, 42.21099999417904], [72.3258, 42.2126999941798], [72.3389, 42.20929999417831], [72.369, 42.19999999417423], [72.3963, 42.1832999941669], [72.3944, 42.16259999415776], [72.4399, 42.157199994155434], [72.4761, 42.16579999415916], [72.5081, 42.15279999415346], [72.5488, 42.155799994154826], [72.5719, 42.14649999415067], [72.5774, 42.13529999414578], [72.6063, 42.137999994146966], [72.6497, 42.12409999414081], [72.6687, 42.129999994143425], [72.7017, 42.118899994138516], [72.7463, 42.08609999412402], [72.7724, 42.07759999412026], [72.7881, 42.06029999411263], [72.8154, 42.04959999410789], [72.8339, 42.04839999410739], [72.8617, 42.06359999411408], [72.8883, 42.065599994115], [72.8832, 42.09589999412836], [72.9277, 42.10289999413146], [72.9713, 42.140499994148044], [73.0, 42.1183999941383], [73.0287, 42.13239999414445], [73.0394, 42.116199994137325], [73.0876, 42.112599994135735], [73.1107, 42.12109999413951], [73.1397, 42.113799994136286], [73.1664, 42.11869999413846], [73.2334, 42.1058999941328], [73.2594, 42.10509999413244], [73.2852, 42.09359999412736], [73.3028, 42.09329999412727], [73.3184, 42.07939999412109], [73.3319, 42.05499999411029], [73.3287, 42.03719999410244], [73.3493, 42.023199994096224], [73.383, 42.03299999410061], [73.4175, 42.0140999940922], [73.441, 42.02139999409541], [73.4556, 42.01159999409108], [73.4949, 42.00889999408992], [73.5201, 41.995199994083784], [73.5478, 41.995199994083784], [73.5673, 42.00179999408673], [73.5998, 41.99469999408357], [73.6099, 42.0006999940863], [73.6416, 42.00149999408664], [73.6847, 42.01559999409289], [73.735, 42.003599994087516], [73.7628, 42.00699999408903], [73.7857, 41.94849999406309], [73.7618, 41.92189999405125], [73.7606, 41.910499994046184], [73.7415, 41.902299994042544], [73.7334, 41.880399994032786], [73.7151, 41.86869999402756], [73.749, 41.86129999402423], [73.7781, 41.84789999401826], [73.7999, 41.849799994019136], [73.8019, 41.87309999402951], [73.8505, 41.8436999940164], [73.8633, 41.84719999401794], [73.8898, 41.83689999401337], [73.9013, 41.84589999401737], [73.9448, 41.846499994017655], [73.9661, 41.82499999400807], [73.9594, 41.81439999400329], [73.9705, 41.76819999398259], [73.9832, 41.75599999397716], [73.9784, 41.74019999397005], [74.0163, 41.73149999396616], [74.0513, 41.73499999396775], [74.087, 41.725399993963414], [74.0767, 41.69889999395151], [74.0789, 41.62539999391844], [74.0825, 41.6134999939131], [74.0661, 41.60269999390823], [74.0505, 41.60579999390963], [74.0307, 41.62719999391926], [74.0431, 41.645299993927416], [74.0427, 41.6594999939338], [74.0203, 41.679399993942745], [73.9812, 41.68409999394489], [73.9726, 41.69359999394915], [73.9383, 41.69469999394962], [73.9201, 41.70589999395465], [73.8857, 41.70439999395402], [73.9093, 41.66339999393558], [73.9143, 41.64349999392658], [73.931, 41.633399993922076], [73.9321, 41.61909999391562], [73.9413, 41.625599993918556], [73.9622, 41.6159999939142], [73.9778, 41.59419999390436], [73.9888, 41.5951999939048], [74.0139, 41.575899993896094], [74.077, 41.565299993891294], [74.0913, 41.57619999389626], [74.1189, 41.57949999389774], [74.1547, 41.569699993893295], [74.1777, 41.551899993885264], [74.2003, 41.55039999388457], [74.2102, 41.56219999388989], [74.245, 41.56069999388921], [74.2964, 41.57199999389432], [74.3215, 41.57089999389385], [74.3336, 41.56189999388982], [74.3728, 41.55249999388551], [74.3844, 41.54079999388022], [74.4268, 41.562599993890096], [74.434, 41.57849999389729], [74.4762, 41.58079999389832], [74.5051, 41.56829999389269], [74.5242, 41.56839999389269], [74.557, 41.58589999390059], [74.5963, 41.59219999390349], [74.657, 41.62099999391644], [74.6653, 41.63329999392202], [74.6928, 41.64089999392542], [74.7284, 41.63969999392488], [74.7373, 41.62339999391751], [74.7329, 41.60519999390931], [74.7168, 41.5993999939067], [74.7051, 41.54879999388384], [74.7131, 41.52549999387327], [74.6951, 41.51179999386714], [74.7004, 41.481099993853206], [74.6863, 41.47389999384992], [74.6837, 41.4493999938388], [74.6708, 41.44019999383462], [74.6873, 41.42839999382926], [74.6637, 41.413099993822286], [74.64, 41.407799993819864], [74.612, 41.37789999380631], [74.5476, 41.36989999380262], [74.5473, 41.35849999379742], [74.4961, 41.350499993793804], [74.4616, 41.350399993793765], [74.4233, 41.339999993789], [74.4051, 41.32109999378038], [74.3791, 41.31129999377589], [74.3405, 41.30909999377493], [74.2927, 41.29079999376652], [74.3148, 41.24799999374695], [74.3518, 41.205399993727426], [74.333, 41.193499993721936], [74.2985, 41.20719999372823], [74.2641, 41.20729999372826], [74.1865, 41.19289999372166], [74.1481, 41.196899993723484], [74.1413, 41.186699993718804], [74.1064, 41.16909999371075], [74.0812, 41.16249999370774], [74.0856, 41.151499993702686], [74.0282, 41.14499999369967], [74.0262, 41.12629999369106], [74.0139, 41.11539999368605], [74.1017, 41.053999993657776], [74.0624, 41.02939999364637], [74.0409, 41.00789999363645], [74.0155, 40.975299993621384], [74.0249, 40.96079999361465], [74.0508, 40.95739999361307], [74.0851, 40.9082999935903], [74.1193, 40.907399993589856], [74.126, 40.887399993580594], [74.1591, 40.87649999357554], [74.1901, 40.84879999356262], [74.1972, 40.80939999354429], [74.2054, 40.80359999354161], [74.2411, 40.80069999354027], [74.243, 40.78889999353471], [74.2609, 40.76749999352476], [74.2833, 40.76149999352197], [74.3088, 40.73509999350967], [74.3172, 40.71839999350185], [74.3414, 40.70099999349368], [74.3541, 40.70519999349567], [74.3638, 40.68739999348732], [74.4475, 40.65169999347061], [74.4997, 40.64379999346691], [74.5355, 40.62739999345924], [74.5555, 40.625699993458426], [74.5835, 40.597699993445275], [74.5691, 40.57969999343682], [74.5582, 40.545499993420755], [74.5832, 40.55289999342424], [74.605, 40.5393999934179], [74.6561, 40.53389999341528], [74.6857, 40.51579999340673], [74.7275, 40.52119999340929], [74.7385, 40.51289999340541], [74.7749, 40.5085999934034], [74.7905, 40.526299993411676], [74.8187, 40.506999993402616], [74.8194, 40.492099993395584], [74.8072, 40.46169999338128], [74.8028, 40.454399993377805], [74.7946, 40.44069999337132], [74.7945, 40.440399993371166], [74.7874, 40.42079999336192], [74.7946, 40.405499993354695], [74.8417, 40.37199999333887], [74.854, 40.358799993332596], [74.8623, 40.32619999331715], [74.8562, 40.32499999331659], [74.8309, 40.31989999331418], [74.7467, 40.33649999332206], [74.7247, 40.33749999332251], [74.7057, 40.331299993319575], [74.6977, 40.32519999331665], [74.6545, 40.29149999330068], [74.6376, 40.28199999329618], [74.6337, 40.280399993295426], [74.5987, 40.26619999328868], [74.5653, 40.2468999932795], [74.5443, 40.22929999327116], [74.5176, 40.20669999326038], [74.4767, 40.17229999324397], [74.4565, 40.15979999323801], [74.4448, 40.15249999323453], [74.3698, 40.10579999321227], [74.3583, 40.101999993210434], [74.3395, 40.09569999320741], [74.3338, 40.09379999320648], [74.3028, 40.09009999320471], [74.2722, 40.09379999320648], [74.238, 40.10389999321133], [74.2031, 40.109799993214146], [74.1675, 40.10639999321252], [74.1329, 40.09529999320722], [74.1012, 40.0788999931994], [74.0695, 40.067699993194054], [74.0043, 40.06089999319079], [74.004, 40.06089999319079], [73.9833, 40.0477999931845], [73.9767, 40.04349999318244], [73.9662, 40.03319999317753], [73.9579, 40.02139999317185], [73.9562, 40.01739999316998], [73.9522, 40.008199993165526], [73.9439, 39.9699999931472], [73.9273, 39.95319999313915], [73.9075, 39.937799993131804], [73.8931, 39.91799999312225], [73.8856, 39.876499993102264], [73.8805, 39.8648999930967], [73.873, 39.8567999930928], [73.8442, 39.83799999308374], [73.8319, 39.82369999307684], [73.8229, 39.80569999306817], [73.8186, 39.78609999305869], [73.8197, 39.7665999930493], [73.8294, 39.746999993039815], [73.8431, 39.740299993036565], [73.86, 39.73719999303509], [73.8795, 39.72779999303056], [73.8935, 39.7103999930221], [73.8996, 39.68949999301197], [73.9043, 39.64639999299112], [73.9261, 39.5939999929657], [73.9266, 39.592899992965165], [73.9216, 39.58219999295996], [73.9125, 39.57789999295784], [73.8993, 39.57159999295482], [73.8831, 39.561099992949735], [73.8705, 39.54679999294277], [73.8593, 39.52419999293177], [73.8481, 39.48969999291495], [73.8384, 39.47569999290814], [73.829, 39.4715999929062], [73.8208, 39.46809999290442], [73.6325, 39.44839999289488], [73.6044, 39.459499992900255], [73.6024, 39.45969999290034], [73.5986, 39.459999992900535], [73.5786, 39.461699992901345], [73.5333, 39.46559999290321], [73.5123, 39.4673999929041], [73.477, 39.46479999290282], [73.4446, 39.45859999289979], [73.4102, 39.45199999289662], [73.3987, 39.44979999289552], [73.3675, 39.44379999289261], [73.3431, 39.430599992886165], [73.3355, 39.41519999287866], [73.3333, 39.40109999287176], [73.3265, 39.39079999286672], [73.2693, 39.38249999286269], [73.264, 39.381099992861984], [73.2508, 39.37759999286031], [73.1677, 39.35529999284939], [73.1558, 39.35459999284901], [73.1361, 39.35349999284851], [73.1011, 39.36119999285227], [73.0769, 39.36889999285605], [73.0713, 39.37069999285693], [73.0583, 39.36879999285597], [73.0319, 39.357899992850676], [73.0093, 39.34859999284609], [72.9942, 39.347799992845715], [72.9769, 39.352199992847886], [72.9672, 39.353799992848636], [72.9506, 39.35659999285001], [72.9143, 39.36259999285294], [72.9004, 39.363499992853384], [72.8938, 39.36389999285356], [72.8506, 39.35659999285001], [72.8401, 39.35629999284989], [72.8355, 39.35619999284984], [72.815, 39.36039999285189], [72.7399, 39.37559999285928], [72.6747, 39.38879999286578], [72.6504, 39.39369999286813], [72.6339, 39.39439999286848], [72.6267, 39.39279999286769], [72.6162, 39.39039999286655], [72.6093, 39.385699992864225], [72.6061, 39.38349999286316], [72.5871, 39.36489999285409], [72.5759, 39.359399992851415], [72.5613, 39.35949999285144], [72.5593, 39.35949999285144], [72.5341, 39.37239999285775], [72.519, 39.375699992859374], [72.5082, 39.37189999285749], [72.4769, 39.34599999284484], [72.4603, 39.343999992843855], [72.4434, 39.34479999284422], [72.4333, 39.34679999284526], [72.4107, 39.35129999284742], [72.3934, 39.350799992847186], [72.3559, 39.33599999283996], [72.334, 39.3336999928388], [72.3163, 39.32869999283636], [72.3041, 39.313599992829], [72.2814, 39.25969999280255], [72.2547, 39.2142999927803], [72.2448, 39.19749999277208], [72.2404, 39.189899992768304], [72.2289, 39.18919999276798], [72.2184, 39.20089999277371], [72.2119, 39.21219999277926], [72.2091, 39.217199992781715], [72.2065, 39.22679999278642], [72.2065, 39.23459999279025], [72.2062, 39.23509999279051], [72.2033, 39.24089999279333], [72.1829, 39.24909999279737], [72.1824, 39.249299992797475], [72.1587, 39.262599992804006], [72.1167, 39.267999992806644], [72.1155, 39.26819999280675], [72.0946, 39.27509999281012], [72.0859, 39.29009999281747], [72.0841, 39.31129999282788], [72.0816, 39.321699992832926], [72.0816, 39.32179999283297], [72.078, 39.336599992840235], [72.0669, 39.35849999285097], [72.0499, 39.36879999285597], [72.0427, 39.367899992855534], [72.0392, 39.367499992855336], [72.0316, 39.36669999285496], [71.9963, 39.35189999284769], [71.9592, 39.34589999284477], [71.9423, 39.3389999928414], [71.853, 39.290199992817506], [71.8437, 39.28509999281502], [71.8069, 39.272799992808984], [71.7706, 39.269499992807376], [71.7511, 39.274199992809656], [71.7328, 39.28509999281502], [71.7184, 39.301099992822856], [71.7108, 39.32099999283256], [71.713, 39.34149999284265], [71.7231, 39.35389999284868], [71.7367, 39.36449999285386], [71.7483, 39.3794999928612], [71.7519, 39.39969999287107], [71.7493, 39.425499992883665], [71.7403, 39.44839999289488], [71.7303, 39.45539999289826], [71.7245, 39.4593999929002], [71.7047, 39.458999992900026], [71.648, 39.44969999289547], [71.6028, 39.442399992891914], [71.5542, 39.44409999289273], [71.5128, 39.458799992899905], [71.4919, 39.493599992916856], [71.5006, 39.50919999292447], [71.5261, 39.53809999293851], [71.5315, 39.55309999294583], [71.5254, 39.56909999295357], [71.511, 39.58419999296093], [71.493, 39.5961999929668], [71.4739, 39.60519999297114], [71.4595, 39.612099992974464], [71.4412, 39.610599992973754], [71.4066, 39.59819999296774], [71.3685, 39.59149999296448], [71.343, 39.5733999929557], [71.3407, 39.57169999295488], [71.3386, 39.57079999295441], [71.3058, 39.55709999294774], [71.2921, 39.548999992943834], [71.2739, 39.53279999293592], [71.2601, 39.52059999293], [71.2493, 39.51429999292698], [71.2371, 39.51449999292707], [71.2157, 39.51759999292855], [71.1798, 39.52289999293114], [71.1373, 39.52109999293024], [71.1247, 39.518399992928984], [71.097, 39.51259999292612], [71.0959, 39.51229999292599], [71.0628, 39.49559999291786], [71.0423, 39.467799992904276], [71.0275, 39.435199992888414], [71.013, 39.41329999287772], [71.0092, 39.407599992874964], [70.9771, 39.39479999286868], [70.9498, 39.40069999287157], [70.9341, 39.408499992875385], [70.9253, 39.41289999287751], [70.9033, 39.42089999288144], [70.8851, 39.414099992878114], [70.8846, 39.413899992878015], [70.8724, 39.402999992872694], [70.8641, 39.40059999287153], [70.8574, 39.4007999928716], [70.84, 39.401399992871895], [70.8281, 39.39859999287052], [70.8136, 39.39229999286742], [70.7975, 39.38539999286406], [70.7701, 39.38209999286248], [70.7399, 39.38629999286455], [70.7133, 39.398399992870445], [70.6981, 39.418999992880494], [70.6985, 39.431299992886515], [70.7032, 39.444599992893025], [70.7053, 39.458499992899796]], [[72.0475, 40.29359999330169], [72.0539, 40.302999993306145], [72.0444, 40.289099993299565], [72.0475, 40.29359999330169]], [[72.1199, 40.2659999932886], [72.1018, 40.27249999329167], [72.0963, 40.27439999329257], [72.1199, 40.2659999932886]], [[72.1683, 40.25399999328292], [72.1889, 40.252599993282196], [72.162, 40.254499993283105], [72.1683, 40.25399999328292]], [[72.1962, 40.24709999327962], [72.2068, 40.239199993275825], [72.1889, 40.252599993282196], [72.1962, 40.24709999327962]], [[72.1892, 40.19029999325258], [72.1945, 40.18429999324973], [72.1712, 40.2109999932624], [72.1892, 40.19029999325258]], [[72.2208, 40.1886999932518], [72.2213, 40.189899993252354], [72.2136, 40.17229999324397], [72.2208, 40.1886999932518]], [[72.2936, 40.042899993182125], [72.2798, 40.05189999318646], [72.2731, 40.05619999318852], [72.2936, 40.042899993182125]], [[72.2832, 39.98479999315432], [72.2862, 39.974599993149454], [72.2765, 40.0078999931654], [72.2832, 39.98479999315432]], [[72.3394, 39.966599993145564], [72.3409, 39.96669999314566], [72.3068, 39.965599993145126], [72.3394, 39.966599993145564]], [[72.4295, 39.8704999930994], [72.4469, 39.87699999310254], [72.4115, 39.86379999309618], [72.4295, 39.8704999930994]], [[72.505, 39.83909999308427], [72.5166, 39.832299993081016], [72.5004, 39.84179999308557], [72.505, 39.83909999308427]], [[72.5302, 39.77229999305206], [72.5273, 39.7688999930504], [72.5422, 39.78609999305869], [72.5302, 39.77229999305206]], [[72.2409, 39.65959999299748], [72.2237, 39.66149999299843], [72.2597, 39.657499992996506], [72.2409, 39.65959999299748]], [[72.2101, 39.666799993000986], [72.1896, 39.67469999300483], [72.2237, 39.66149999299843], [72.2101, 39.666799993000986]], [[72.1295, 39.67179999300344], [72.1784, 39.67409999300453], [72.1896, 39.67469999300483], [72.1295, 39.67179999300344]], [[71.6576, 39.73369999303337], [71.658, 39.73409999303356], [71.6784, 39.75919999304572], [71.6576, 39.73369999303337]], [[71.6314, 39.72809999303066], [71.6371, 39.72929999303126], [71.6576, 39.73369999303337], [71.6314, 39.72809999303066]], [[71.5841, 39.72579999302954], [71.6102, 39.72699999303017], [71.6314, 39.72809999303066], [71.5841, 39.72579999302954]], [[71.5563, 39.695899993015104], [71.5574, 39.70589999301993], [71.5585, 39.716099993024855], [71.5563, 39.695899993015104]], [[70.6945, 39.81489999307262], [70.705, 39.82199999307601], [70.7057, 39.83139999308053], [70.7064, 39.8399999930847], [70.6989, 39.85839999309357], [70.6866, 39.86079999309469], [70.6549, 39.849799993089405], [70.62, 39.85059999308983], [70.5261, 39.874799993101455], [70.4987, 39.881799993104806], [70.4836, 39.88229999310509], [70.4825, 39.86679999309761], [70.4901, 39.850199993089596], [70.5034, 39.83549999308252], [70.5372, 39.81729999307376], [70.5473, 39.80759999306903], [70.5757, 39.770099993050955], [70.5815, 39.766499993049244], [70.615, 39.787199993059225], [70.633, 39.79839999306465], [70.6599, 39.80909999306979], [70.6618, 39.80979999307014], [70.6945, 39.81489999307262]], [[71.2191, 39.900899993114024], [71.2212, 39.931599993128756], [71.1983, 39.95049999313784], [71.1949, 39.95329999313917], [71.1769, 39.968099993146296], [71.1748, 39.993099993158324], [71.1748, 39.99399999315872], [71.1806, 39.998399993160824], [71.191, 40.00619999316461], [71.2374, 40.0310999931765], [71.2439, 40.04669999318399], [71.2363, 40.05599999318843], [71.2237, 40.05789999318934], [71.1928, 40.05029999318569], [71.182, 40.043399993182376], [71.1769, 40.041999993181726], [71.1694, 40.042799993182115], [71.1622, 40.04679999318402], [71.106, 40.06489999319271], [71.1045, 40.065599993193025], [71.079, 40.07859999319926], [71.0617, 40.09519999320717], [71.0481, 40.12249999322022], [71.0311, 40.14689999323185], [71.0111, 40.15649999323647], [71.0085, 40.157699993236996], [70.9771, 40.144599993230756], [70.9599, 40.11339999321588], [70.9541, 40.09579999320748], [70.953, 40.07919999319952], [70.9584, 40.06299999319178], [70.9833, 40.02139999317185], [70.9944, 40.00889999316586], [71.0077, 40.003499993163274], [71.0344, 39.9989999931611], [71.0459, 39.99199999315777], [71.0502, 39.96279999314379], [71.0077, 39.91119999311897], [71.0092, 39.885699993106705], [71.0218, 39.880799993104375], [71.0362, 39.88759999310762], [71.0499, 39.89799999311263], [71.0539, 39.90019999311371], [71.061, 39.90419999311559], [71.0801, 39.90339999311521], [71.0835, 39.89719999311224], [71.0848, 39.89489999311112], [71.0873, 39.883799993105804], [71.0988, 39.875499993101805], [71.1136, 39.87439999310126], [71.1611, 39.88429999310603], [71.1946, 39.88479999310626], [71.2086, 39.88869999310815], [71.2191, 39.900899993114024]], [[71.6968, 39.91389999312024], [71.7162, 39.906699993116796], [71.7418, 39.90069999311395], [71.7573, 39.90299999311502], [71.767, 39.91549999312102], [71.7833, 39.96129999314305], [71.7897, 39.97929999315167], [71.7857, 39.98969999315664], [71.7745, 39.98709999315539], [71.7605, 39.983699993153806], [71.7482, 39.9765999931504], [71.7256, 39.963499993144104], [71.7241, 39.96269999314368], [71.7069, 39.956099993140505], [71.6817, 39.95509999314006], [71.6655, 39.940199993132914], [71.6752, 39.92579999312595], [71.6968, 39.91389999312024]]]}},
{"type": "Feature", "properties": {"z": "TAJ_S", "ISO_A3": "TJK", "c": "TAJ"}, "geometry": {"type": "Polygon", "coordinates": [[[67.9963, 36.95569999164309], [67.9618, 36.98989999166066], [67.9528, 36.9961999916639], [67.9294, 37.00629999166909], [67.9186, 37.01379999167292], [67.9024, 37.03429999168344], [67.8959, 37.04529999168906], [67.8919, 37.05209999169256], [67.8782, 37.06439999169884], [67.8737, 37.06519999169929], [67.8329, 37.0730999917033], [67.808, 37.08319999170849], [67.7959, 37.09039999171219], [67.7854, 37.096599991715365], [67.7731, 37.10999999172223], [67.772, 37.12489999172985], [67.7807, 37.188899991762625], [67.785, 37.20359999177013], [67.8041, 37.2333999917854], [67.8152, 37.26729999180275], [67.8206, 37.30329999182113], [67.817, 37.345399991842626], [67.7972, 37.424399991882915], [67.8012, 37.46649999190442], [67.8293, 37.52789999193567], [67.8718, 37.58679999196566], [67.9232, 37.6387999919921], [67.9558, 37.66339999200459], [67.9736, 37.67699999201152], [67.9772, 37.679699992012914], [68.0415, 37.75069999204898], [68.0503, 37.76039999205385], [68.0723, 37.79489999207133], [68.0795, 37.806199992077104], [68.1223, 37.9082999921288], [68.133, 37.916999992133185], [68.14, 37.922699992136046], [68.1713, 37.93099999214028], [68.1999, 37.934099992141824], [68.2177, 37.93599999214277], [68.2328, 37.93969999214466], [68.2487, 37.94889999214935], [68.2562, 37.9614999921557], [68.2681, 37.99379999217201], [68.2807, 38.013299992181885], [68.3196, 38.06019999220552], [68.3444, 38.11549999223344], [68.3606, 38.17399999226287], [68.3563, 38.212599992282286], [68.3384, 38.23519999229366], [68.3322, 38.24299999229758], [68.2993, 38.2660999923092], [68.2526, 38.29879999232558], [68.2008, 38.32169999233706], [68.1839, 38.33539999234396], [68.1468, 38.388699992370704], [68.1198, 38.409099992380895], [68.1076, 38.41829999238549], [68.0982, 38.4324999923926], [68.096, 38.44149999239714], [68.0946, 38.44689999239982], [68.0924, 38.478799992415766], [68.087, 38.49399999242339], [68.0626, 38.52299999243787], [68.055, 38.53629999244451], [68.0525, 38.558199992455464], [68.0557, 38.61579999248419], [68.0536, 38.63599999249426], [68.0402, 38.67329999251282], [68.0377, 38.691599992521915], [68.0456, 38.7065999925294], [68.0701, 38.720299992536184], [68.0708, 38.72069999253641], [68.0712, 38.72099999253657], [68.0759, 38.726799992539476], [68.0766, 38.738099992545045], [68.0662, 38.756199992554066], [68.0633, 38.76629999255908], [68.0669, 38.78789999256979], [68.078, 38.793399992572525], [68.0871, 38.793099992572365], [68.0957, 38.79289999257228], [68.1191, 38.796699992574155], [68.136, 38.80449999257804], [68.1511, 38.81509999258329], [68.1637, 38.82859999259], [68.1639, 38.82899999259017], [68.1709, 38.831399992591386], [68.1734, 38.84459999259792], [68.2013, 38.85669999260389], [68.2008, 38.86709999260905], [68.1814, 38.87609999261351], [68.1817, 38.893899992622316], [68.2045, 38.92339999263692], [68.2336, 38.92839999263946], [68.2538, 38.939199992644724], [68.2732, 38.93959999264496], [68.2965, 38.95499999265255], [68.3144, 38.957999992654024], [68.3367, 38.94219999264625], [68.3889, 38.94629999264829], [68.4093, 38.95579999265298], [68.4469, 38.95339999265176], [68.467, 38.9489999926496], [68.4871, 38.954299992652246], [68.497, 38.97449999266218], [68.5266, 38.979899992664855], [68.5378, 39.003199992676365], [68.5659, 39.004699992677104], [68.5602, 39.022499992685894], [68.5703, 39.049399992699165], [68.5664, 39.06829999270848], [68.5794, 39.078699992713645], [68.6028, 39.07969999271409], [68.6301, 39.068499992708574], [68.6601, 39.076299992712435], [68.6721, 39.073999992711286], [68.7467, 39.093499992720915], [68.7823, 39.09289999272063], [68.8134, 39.08099999271476], [68.8323, 39.08549999271697], [68.912, 39.08919999271878], [68.9367, 39.0768999927127], [69.0158, 39.073599992711095], [69.0495, 39.043799992696435], [69.0732, 39.05139999270016], [69.0952, 39.05019999269954], [69.1216, 39.05969999270425], [69.1382, 39.072599992710586], [69.1541, 39.09499999272166], [69.1719, 39.09489999272162], [69.2062, 39.1155999927318], [69.2329, 39.11539999273171], [69.2527, 39.103799992725996], [69.3043, 39.10749999272779], [69.3138, 39.1003999927243], [69.3366, 39.10289999272555], [69.3504, 39.12409999273597], [69.3429, 39.14909999274824], [69.359, 39.18289999276487], [69.3803, 39.19009999276838], [69.4564, 39.19769999277216], [69.483, 39.20639999277639], [69.509, 39.18219999276451], [69.5315, 39.168699992757915], [69.5405, 39.15009999274879], [69.5338, 39.12749999273762], [69.5416, 39.09469999272147], [69.5639, 39.09799999272314], [69.5964, 39.120499992734224], [69.6253, 39.1082999927282], [69.6479, 39.11269999273038], [69.6521, 39.1497999927486], [69.6658, 39.15409999275072], [69.681, 39.17639999276167], [69.6792, 39.21389999278013], [69.691, 39.24179999279378], [69.6757, 39.25339999279947], [69.6672, 39.27809999281157], [69.7004, 39.28959999281722], [69.7117, 39.30479999282468], [69.7572, 39.320699992832466], [69.7612, 39.30379999282414], [69.7734, 39.295199992819974], [69.7739, 39.277799992811424], [69.7973, 39.269899992807574], [69.8334, 39.29349999281914], [69.8379, 39.30179999282321], [69.8692, 39.309099992826795], [69.8636, 39.32209999283313], [69.8684, 39.34109999284247], [69.8902, 39.345199992844414], [69.929, 39.32559999283484], [69.9456, 39.33019999283711], [69.9878, 39.351499992847515], [70.0114, 39.3471999928454], [70.0083, 39.32689999283547], [70.043, 39.326599992835334], [70.0597, 39.33829999284109], [70.0797, 39.36689999285504], [70.0989, 39.375699992859374], [70.1162, 39.37149999285733], [70.1424, 39.34389999284377], [70.16, 39.335299992839595], [70.1968, 39.35459999284901], [70.2176, 39.36019999285176], [70.2478, 39.3581999928508], [70.2872, 39.38999999286637], [70.3074, 39.393399992867984], [70.3274, 39.38859999286566], [70.3962, 39.39639999286945], [70.4123, 39.39219999286744], [70.4379, 39.40409999287325], [70.4561, 39.40489999287361], [70.4954, 39.39469999286861], [70.5106, 39.403699992873044], [70.5052, 39.42399999288293], [70.5184, 39.430599992886165], [70.5821, 39.439199992890394], [70.589, 39.46209999290154], [70.6025, 39.47439999290754], [70.6203, 39.47179999290628], [70.6465, 39.479899992910205], [70.656, 39.49369999291692], [70.656, 39.493599992916856], [70.6668, 39.4868999929136], [70.6902, 39.4790999929098], [70.6996, 39.47209999290641], [70.7053, 39.458499992899796], [70.7032, 39.444599992893025], [70.6985, 39.431299992886515], [70.6981, 39.418999992880494], [70.7133, 39.398399992870445], [70.7399, 39.38629999286455], [70.7701, 39.38209999286248], [70.7975, 39.38539999286406], [70.8136, 39.39229999286742], [70.8281, 39.39859999287052], [70.84, 39.401399992871895], [70.8574, 39.4007999928716], [70.8641, 39.40059999287153], [70.8724, 39.402999992872694], [70.8846, 39.413899992878015], [70.8851, 39.414099992878114], [70.9033, 39.42089999288144], [70.9253, 39.41289999287751], [70.9341, 39.408499992875385], [70.9498, 39.40069999287157], [70.9771, 39.39479999286868], [71.0092, 39.407599992874964], [71.013, 39.41329999287772], [71.0275, 39.435199992888414], [71.0423, 39.467799992904276], [71.0628, 39.49559999291786], [71.0959, 39.51229999292599], [71.097, 39.51259999292612], [71.1247, 39.518399992928984], [71.1373, 39.52109999293024], [71.1798, 39.52289999293114], [71.2157, 39.51759999292855], [71.2371, 39.51449999292707], [71.2493, 39.51429999292698], [71.2601, 39.52059999293], [71.2739, 39.53279999293592], [71.2921, 39.548999992943834], [71.3058, 39.55709999294774], [71.3386, 39.57079999295441], [71.3407, 39.57169999295488], [71.343, 39.5733999929557], [71.3685, 39.59149999296448], [71.4066, 39.59819999296774], [71.4412, 39.610599992973754], [71.4595, 39.612099992974464], [71.4739, 39.60519999297114], [71.493, 39.5961999929668], [71.511, 39.58419999296093], [71.5254, 39.56909999295357], [71.5315, 39.55309999294583], [71.5261, 39.53809999293851], [71.5006, 39.50919999292447], [71.4919, 39.493599992916856], [71.5128, 39.458799992899905], [71.5542, 39.44409999289273], [71.6028, 39.442399992891914], [71.648, 39.44969999289547], [71.7047, 39.458999992900026], [71.7245, 39.4593999929002], [71.7303, 39.45539999289826], [71.7403, 39.44839999289488], [71.7493, 39.425499992883665], [71.7519, 39.39969999287107], [71.7483, 39.3794999928612], [71.7367, 39.36449999285386], [71.7231, 39.35389999284868], [71.713, 39.34149999284265], [71.7108, 39.32099999283256], [71.7184, 39.301099992822856], [71.7328, 39.28509999281502], [71.7511, 39.274199992809656], [71.7706, 39.269499992807376], [71.8069, 39.272799992808984], [71.8437, 39.28509999281502], [71.853, 39.290199992817506], [71.9423, 39.3389999928414], [71.9592, 39.34589999284477], [71.9963, 39.35189999284769], [72.0316, 39.36669999285496], [72.0392, 39.367499992855336], [72.0427, 39.367899992855534], [72.0499, 39.36879999285597], [72.0669, 39.35849999285097], [72.078, 39.336599992840235], [72.0816, 39.32179999283297], [72.0816, 39.321699992832926], [72.0841, 39.31129999282788], [72.0859, 39.29009999281747], [72.0946, 39.27509999281012], [72.1155, 39.26819999280675], [72.1167, 39.267999992806644], [72.1587, 39.262599992804006], [72.1824, 39.249299992797475], [72.1829, 39.24909999279737], [72.2033, 39.24089999279333], [72.2062, 39.23509999279051], [72.2065, 39.23459999279025], [72.2065, 39.22679999278642], [72.2091, 39.217199992781715], [72.2119, 39.21219999277926], [72.2184, 39.20089999277371], [72.2289, 39.18919999276798], [72.2404, 39.189899992768304], [72.2448, 39.19749999277208], [72.2547, 39.2142999927803], [72.2814, 39.25969999280255], [72.3041, 39.313599992829], [72.3163, 39.32869999283636], [72.334, 39.3336999928388], [72.3559, 39.33599999283996], [72.3934, 39.350799992847186], [72.4107, 39.35129999284742], [72.4333, 39.34679999284526], [72.4434, 39.34479999284422], [72.4603, 39.343999992843855], [72.4769, 39.34599999284484], [72.5082, 39.37189999285749], [72.519, 39.375699992859374], [72.5341, 39.37239999285775], [72.5593, 39.35949999285144], [72.5613, 39.35949999285144], [72.5759, 39.359399992851415], [72.5871, 39.36489999285409], [72.6061, 39.38349999286316], [72.6093, 39.385699992864225], [72.6162, 39.39039999286655], [72.6267, 39.39279999286769], [72.6339, 39.39439999286848], [72.6504, 39.39369999286813], [72.6747, 39.38879999286578], [72.7399, 39.37559999285928], [72.815, 39.36039999285189], [72.8355, 39.35619999284984], [72.8401, 39.35629999284989], [72.8506, 39.35659999285001], [72.8938, 39.36389999285356], [72.9004, 39.363499992853384], [72.9143, 39.36259999285294], [72.9506, 39.35659999285001], [72.9672, 39.353799992848636], [72.9769, 39.352199992847886], [72.9942, 39.347799992845715], [73.0093, 39.34859999284609], [73.0319, 39.357899992850676], [73.0583, 39.36879999285597], [73.0713, 39.37069999285693], [73.0769, 39.36889999285605], [73.1011, 39.36119999285227], [73.1361, 39.35349999284851], [73.1558, 39.35459999284901], [73.1677, 39.35529999284939], [73.2508, 39.37759999286031], [73.264, 39.381099992861984], [73.2693, 39.38249999286269], [73.3265, 39.39079999286672], [73.3333, 39.40109999287176], [73.3355, 39.41519999287866], [73.3431, 39.430599992886165], [73.3675, 39.44379999289261], [73.3987, 39.44979999289552], [73.4102, 39.45199999289662], [73.4446, 39.45859999289979], [73.477, 39.46479999290282], [73.5123, 39.4673999929041], [73.5333, 39.46559999290321], [73.5786, 39.461699992901345], [73.5986, 39.459999992900535], [73.6044, 39.459499992900255], [73.6325, 39.44839999289488], [73.6318, 39.428799992885274], [73.6426, 39.37179999285743], [73.6437, 39.35129999284742], [73.6415, 39.335299992839595], [73.6102, 39.26549999280544], [73.6049, 39.245499992795594], [73.6023, 39.23569999279082], [73.608, 39.2073999927769], [73.6314, 39.174999992760974], [73.6739, 39.142499992745016], [73.6829, 39.12869999273828], [73.6919, 39.09449999272137], [73.698, 39.078399992713436], [73.7092, 39.06539999270709], [73.7387, 39.04769999269832], [73.7686, 39.02989999268955], [73.7698, 39.02889999268904], [73.8017, 39.00139999267546], [73.8161, 38.99369999267165], [73.8262, 38.97679999266332], [73.8291, 38.960099992655095], [73.824, 38.94489999264755], [73.8099, 38.93279999264159], [73.8096, 38.93259999264149], [73.788, 38.92699999263871], [73.7434, 38.9268999926387], [73.7398, 38.9268999926387], [73.7171, 38.91859999263453], [73.7031, 38.906999992628805], [73.689, 38.89109999262095], [73.6807, 38.872899992611934], [73.6836, 38.854899992602995], [73.6959, 38.84019999259572], [73.725, 38.814499992582974], [73.7358, 38.800399992576], [73.7391, 38.7810999925664], [73.7326, 38.73709999254454], [73.7365, 38.72169999253689], [73.7722, 38.67459999251349], [73.779, 38.66009999250627], [73.7887, 38.61849999248552], [73.7974, 38.602899992477745], [73.8165, 38.58659999246964], [73.8337, 38.57799999246533], [73.8697, 38.56679999245972], [73.887, 38.55899999245587], [73.9173, 38.53709999244492], [73.9327, 38.5295999924412], [73.9779, 38.52849999244061], [74.0029, 38.52779999244029], [74.0289, 38.52719999243998], [74.0454, 38.53029999244151], [74.0532, 38.540199992446475], [74.0587, 38.54709999244992], [74.0508, 38.56269999245768], [74.0382, 38.57909999246586], [74.0371, 38.59849999247554], [74.0451, 38.603499992478014], [74.0843, 38.61409999248331], [74.0915, 38.620399992486476], [74.0926, 38.63769999249509], [74.0951, 38.64569999249905], [74.1091, 38.662299992507364], [74.1235, 38.66939999251091], [74.1405, 38.66919999251081], [74.202, 38.6522999925024], [74.2215, 38.64969999250105], [74.2438, 38.65009999250126], [74.3133, 38.66919999251081], [74.3341, 38.66699999250969], [74.4767, 38.612099992482335], [74.6463, 38.561099992456874], [74.6643, 38.548899992450835], [74.6797, 38.53489999244382], [74.6963, 38.52389999243835], [74.719, 38.52149999243713], [74.742, 38.52299999243787], [74.7604, 38.5198999924363], [74.7762, 38.51059999243169], [74.8014, 38.48279999241776], [74.8086, 38.47769999241526], [74.8263, 38.469699992411215], [74.8327, 38.46369999240824], [74.8443, 38.41729999238502], [74.8443, 38.39769999237524], [74.8381, 38.37939999236601], [74.8266, 38.36319999235793], [74.7841, 38.32569999233908], [74.7748, 38.30969999233108], [74.7712, 38.29149999232192], [74.7712, 38.19729999227464], [74.7712, 38.196299992274106], [74.7906, 38.081399992216205], [74.8101, 38.053199992202025], [74.8672, 38.02749999218904], [74.8699, 38.026199992188346], [74.8803, 38.02159999218605], [74.8929, 37.99399999217211], [74.8889, 37.930899992140255], [74.8907, 37.89769999212343], [74.8939, 37.89219999212063], [74.9051, 37.886899992117975], [74.9137, 37.88079999211485], [74.9116, 37.873799992111365], [74.8947, 37.85219999210038], [74.8875, 37.84889999209875], [74.8831, 37.84389999209619], [74.886, 37.83049999208937], [74.8911, 37.822999992085585], [74.8983, 37.81749999208281], [74.9494, 37.79529999207157], [74.9616, 37.785499992066576], [74.9652, 37.76739999205742], [74.9616, 37.75809999205269], [74.9544, 37.747699992047416], [74.9317, 37.72149999203413], [74.9282, 37.7103999920285], [74.9254, 37.701299992023856], [74.9235, 37.695299992020814], [74.914, 37.684099992015135], [74.9109, 37.6802999920132], [74.8999, 37.670099992008055], [74.8972, 37.667599992006764], [74.886, 37.65339999199953], [74.8821, 37.63439999198986], [74.8918, 37.59909999197191], [74.9152, 37.57069999195748], [74.9451, 37.54849999194619], [75.0218, 37.51289999192803], [75.0358, 37.50639999192473], [75.0373, 37.50529999192417], [75.0534, 37.49379999191832], [75.1038, 37.4405999918912], [75.1326, 37.41849999187994], [75.1506, 37.40839999187478], [75.1643, 37.40069999187088], [75.1285, 37.391199991866], [75.1153, 37.38779999186428], [75.0919, 37.37849999185949], [75.0797, 37.361199991850675], [75.0772, 37.3241999918318], [75.0685, 37.31209999182563], [75.0333, 37.30159999182023], [75.0287, 37.30019999181952], [74.9789, 37.28539999181195], [74.9753, 37.28429999181144], [74.9515, 37.28129999180985], [74.9328, 37.27239999180532], [74.9238, 37.25509999179648], [74.9127, 37.23889999178822], [74.9098, 37.237899991787685], [74.8996, 37.23389999178561], [74.8921, 37.231099991784205], [74.8626, 37.24449999179106], [74.8169, 37.306899991822995], [74.7885, 37.331099991835316], [74.6708, 37.388799991864765], [74.6603, 37.39389999186736], [74.6365, 37.38329999186196], [74.6315, 37.381099991860864], [74.5983, 37.37939999185999], [74.564, 37.37769999185912], [74.5213, 37.375599991858024], [74.4767, 37.38609999186342], [74.4547, 37.39359999186721], [74.4184, 37.38919999186497], [74.4182, 37.38919999186497], [74.4146, 37.38959999186521], [74.3781, 37.39379999186735], [74.3683, 37.39639999186867], [74.3536, 37.41599999187867], [74.3473, 37.419199991880284], [74.3439, 37.4209999918812], [74.3323, 37.42039999188088], [74.3208, 37.41379999187753], [74.3158, 37.42679999188418], [74.3041, 37.40059999187081], [74.3039, 37.40019999187061], [74.2794, 37.39749999186925], [74.2503, 37.40369999187238], [74.2361, 37.40349999187227], [74.224, 37.40339999187221], [74.2078, 37.38989999186533], [74.206, 37.35559999184785], [74.1876, 37.33839999183903], [74.1849, 37.337499991838584], [74.1631, 37.33009999183484], [74.1305, 37.3247999918321], [74.0523, 37.31219999182565], [74.0288, 37.30539999182219], [74.0239, 37.303999991821506], [73.9911, 37.29449999181663], [73.9767, 37.290299991814514], [73.9576, 37.28709999181285], [73.9558, 37.286699991812625], [73.9421, 37.28159999181007], [73.8993, 37.26539999180178], [73.8787, 37.26359999180084], [73.8564, 37.26159999179982], [73.8363, 37.25669999179733], [73.8035, 37.2324999917849], [73.7981, 37.228499991782876], [73.7841, 37.225899991781546], [73.7686, 37.22889999178308], [73.7629, 37.22929999178328], [73.7463, 37.23049999178394], [73.7383, 37.22819999178274], [73.7362, 37.22759999178242], [73.72, 37.217499991777224], [73.7092, 37.21709999177707], [73.7023, 37.221199991779116], [73.6879, 37.23689999178717], [73.6804, 37.24239999179], [73.6599, 37.24369999179067], [73.6177, 37.23319999178527], [73.6015, 37.240799991789196], [73.5972, 37.261799991799904], [73.6098, 37.281499991809966], [73.6311, 37.2959999918174], [73.6473, 37.30069999181979], [73.6519, 37.302099991820505], [73.6905, 37.305199991822086], [73.7049, 37.31089999182499], [73.7087, 37.31349999182635], [73.7221, 37.32239999183087], [73.7391, 37.33829999183899], [73.7455, 37.35289999184646], [73.7459, 37.394899991867895], [73.7535, 37.42839999188498], [73.7178, 37.43189999188677], [73.6746, 37.43099999188631], [73.6513, 37.43589999188881], [73.6051, 37.445699991893825], [73.5534, 37.46089999190158], [73.5122, 37.47299999190773], [73.4853, 37.48089999191176], [73.4406, 37.47989999191121], [73.3783, 37.45259999189733], [73.37, 37.45449999189827], [73.3618, 37.456299991899186], [73.3449, 37.46449999190338], [73.3446, 37.46449999190338], [73.3211, 37.46709999190474], [73.2963, 37.464899991903614], [73.2761, 37.459499991900856], [73.2603, 37.44999999189603], [73.2117, 37.40819999187468], [73.2063, 37.40629999187369], [73.2005, 37.40419999187264], [73.1904, 37.407199991874165], [73.1789, 37.410699991875966], [73.1707, 37.40839999187478], [73.1703, 37.40819999187468], [73.1401, 37.389399991865105], [73.1321, 37.38429999186247], [73.1163, 37.36899999185468], [73.1142, 37.36549999185291], [73.1072, 37.35339999184672], [73.0993, 37.339799991839776], [73.0878, 37.32609999183279], [73.0677, 37.31509999182713], [72.9957, 37.30939999182423], [72.961, 37.29259999181566], [72.9414, 37.28309999181078], [72.9244, 37.27489999180661], [72.9024, 37.253799991795795], [72.8776, 37.24679999179226], [72.8304, 37.23979999178869], [72.7908, 37.220199991778614], [72.7609, 37.187399991761865], [72.7145, 37.10999999172223], [72.6727, 37.05759999169536], [72.6666, 37.03829999168545], [72.6576, 37.028899991680646], [72.6393, 37.026699991679486], [72.607, 37.02279999167751], [72.5086, 37.01109999167148], [72.4751, 36.99749999166456], [72.4576, 37.00009999166584], [72.4212, 37.00539999166863], [72.406, 37.007699991669774], [72.361, 37.00019999166591], [72.2598, 36.96729999164905], [72.2202, 36.94559999163789], [72.2105, 36.93659999163329], [72.1961, 36.91899999162427], [72.1867, 36.911399991620335], [72.1529, 36.8955999916122], [72.1266, 36.87269999160051], [72.0705, 36.83909999158324], [72.0538, 36.82919999157812], [72.0286, 36.81409999157039], [72.0157, 36.80639999156641], [71.8365, 36.699199991511286], [71.7976, 36.686099991504534], [71.7486, 36.67869999150073], [71.7, 36.67869999150073], [71.6529, 36.686999991504976], [71.6491, 36.688599991505804], [71.6456, 36.690099991506564], [71.63, 36.696799991510055], [71.6111, 36.70489999151421], [71.5773, 36.73319999152878], [71.5639, 36.75069999153776], [71.5528, 36.76959999154747], [71.5452, 36.78999999155794], [71.5384, 36.836099991581676], [71.5287, 36.85609999159195], [71.4718, 36.92999999162992], [71.4631, 36.94799999163914], [71.4599, 36.969799991650326], [71.4599, 37.01069999167132], [71.4563, 37.022599991677396], [71.439, 37.043999991688366], [71.4333, 37.054799991693926], [71.4332, 37.0550999916941], [71.4311, 37.06689999170014], [71.4314, 37.07629999170496], [71.4333, 37.12729999173111], [71.4412, 37.16839999175217], [71.4469, 37.183599991759884], [71.4538, 37.192599991764475], [71.4502, 37.21659999177679], [71.4869, 37.26699999180257], [71.488, 37.29499999181686], [71.4937, 37.30749999182326], [71.4959, 37.323499991831454], [71.4966, 37.32849999183399], [71.495, 37.36629999185331], [71.4948, 37.369899991855135], [71.4948, 37.370699991855524], [71.4879, 37.405799991873444], [71.4873, 37.40909999187512], [71.4901, 37.42339999188246], [71.5017, 37.445699991893825], [71.5114, 37.485799991914234], [71.5078, 37.506299991924735], [71.5044, 37.52579999193463], [71.5043, 37.526599991935015], [71.4999, 37.55159999194776], [71.4973, 37.56649999195531], [71.5017, 37.6102999919776], [71.5171, 37.62919999198725], [71.5222, 37.63759999199148], [71.5292, 37.67779999201192], [71.5293, 37.67829999201222], [71.5294, 37.67859999201236], [71.5409, 37.70979999202822], [71.5427, 37.719499992033136], [71.5402, 37.73049999203869], [71.5312, 37.751699992049446], [71.5294, 37.76109999205419], [71.5377, 37.77899999206331], [71.5747, 37.798099992072984], [71.5902, 37.81569999208189], [71.5911, 37.81969999208393], [71.5942, 37.83369999209103], [71.5949, 37.85749999210312], [71.5942, 37.86819999210849], [71.5935, 37.879299992114156], [71.5923, 37.88369999211635], [71.5902, 37.891399992120256], [71.5978, 37.89839999212376], [71.5895, 37.90629999212782], [71.5672, 37.927999992138766], [71.5386, 37.943599992146666], [71.5369, 37.9444999921471], [71.5339, 37.94459999214714], [71.5013, 37.94619999214796], [71.4941, 37.94419999214694], [71.3793, 37.91299999213118], [71.3609, 37.90199999212558], [71.3411, 37.89319999212116], [71.326, 37.89839999212376], [71.3199, 37.90049999212484], [71.2854, 37.92259999213606], [71.2817, 37.924999992137245], [71.2713, 37.926099992137765], [71.2637, 37.924299992136895], [71.2625, 37.92479999213712], [71.2583, 37.926399992137945], [71.2547, 37.93929999214449], [71.2558, 37.94989999214983], [71.2659, 37.97249999216127], [71.2693, 37.985199992167665], [71.2727, 37.9979999921741], [71.2797, 38.008399992179385], [71.2975, 38.03479999219271], [71.3026, 38.04229999219649], [71.3044, 38.047799992199295], [71.3159, 38.083299992217185], [71.3185, 38.08729999221922], [71.3346, 38.11159999223142], [71.335, 38.11349999223242], [71.3411, 38.14089999224618], [71.3591, 38.1839999922679], [71.3645, 38.206799992279386], [71.358, 38.251299992301774], [71.3418, 38.27129999231178], [71.3343, 38.28059999231648], [71.3333, 38.28109999231674], [71.3001, 38.298599992325485], [71.2628, 38.31099999233176], [71.2215, 38.324599992338534], [71.2176, 38.32579999233914], [71.1957, 38.34379999234819], [71.1807, 38.35599999235433], [71.1561, 38.37619999236445], [71.1175, 38.39869999237572], [71.0895, 38.40979999238126], [71.0784, 38.411799992382235], [71.0769, 38.41209999238242], [71.065, 38.411799992382235], [71.0571, 38.40899999238084], [71.0524, 38.40879999238076], [71.0499, 38.408699992380704], [71.0394, 38.41529999238403], [71.0329, 38.42359999238816], [71.0247, 38.44189999239735], [71.0185, 38.449799992401275], [71.0085, 38.45849999240562], [70.9984, 38.46569999240923], [70.9869, 38.470899992411866], [70.9739, 38.473699992413245], [70.9577, 38.47329999241303], [70.9509, 38.47309999241292], [70.9433, 38.465899992409334], [70.9469, 38.44319999239796], [70.9375, 38.4343999923936], [70.9361, 38.43299999239287], [70.9339, 38.43349999239316], [70.9123, 38.43759999239518], [70.9066, 38.43969999239623], [70.8709, 38.45319999240301], [70.8599, 38.451699992402226], [70.8594, 38.45159999240217], [70.8497, 38.44279999239775], [70.8457, 38.44119999239696], [70.8432, 38.44019999239646], [70.8342, 38.44059999239667], [70.8151, 38.444999992398884], [70.8102, 38.44609999239943], [70.809, 38.4462999923995], [70.7773, 38.446499992399644], [70.7656, 38.44429999239854], [70.7611, 38.4434999923981], [70.7423, 38.42019999238648], [70.7417, 38.41939999238603], [70.7405, 38.41929999238603], [70.7234, 38.4178999923853], [70.6901, 38.415099992383865], [70.6834, 38.41459999238367], [70.665, 38.40539999237903], [70.665, 38.39869999237572], [70.6743, 38.39299999237284], [70.6815, 38.388599992370644], [70.6848, 38.386699992369664], [70.6765, 38.37489999236375], [70.6413, 38.354199992353394], [70.6373, 38.3523999923525], [70.6323, 38.35019999235142], [70.6263, 38.3503999923515], [70.6092, 38.351199992351894], [70.5999, 38.34699999234979], [70.5959, 38.3380999923453], [70.5966, 38.30919999233085], [70.5831, 38.27529999231378], [70.5829, 38.27499999231364], [70.5732, 38.27099999231168], [70.5721, 38.27079999231156], [70.5595, 38.268199992310215], [70.5473, 38.26259999230745], [70.5379, 38.23799999229505], [70.5084, 38.19249999227219], [70.4825, 38.13739999224445], [70.4703, 38.120499992235914], [70.4602, 38.112199992231744], [70.426, 38.100599992225895], [70.4155, 38.09459999222286], [70.3713, 38.05819999220451], [70.3706, 38.057499992204164], [70.3649, 38.051599992201176], [70.3263, 38.01129999218083], [70.3216, 38.008499992179416], [70.318, 38.006299992178306], [70.2939, 37.996099992173185], [70.2888, 37.990799992170494], [70.2838, 37.98179999216594], [70.2726, 37.97809999216406], [70.2607, 37.976499992163276], [70.2539, 37.97339999216167], [70.2503, 37.96409999215703], [70.2503, 37.95559999215271], [70.2535, 37.94729999214851], [70.2544, 37.94639999214802], [70.2615, 37.93929999214449], [70.2381, 37.932299992140905], [70.2147, 37.929299992139434], [70.2035, 37.931099992140346], [70.1965, 37.932199992140895], [70.1923, 37.93289999214123], [70.1804, 37.94069999214519], [70.1722, 37.94599999214785], [70.1607, 37.92069999213507], [70.1653, 37.88989999211946], [70.179, 37.8606999921047], [70.1839, 37.854699992101665], [70.1929, 37.84359999209605], [70.1959, 37.839899992094175], [70.2075, 37.83559999209198], [70.2402, 37.82749999208786], [70.2471, 37.819099992083636], [70.2499, 37.804899992076464], [70.2564, 37.7917999920698], [70.2654, 37.78119999206442], [70.2751, 37.77419999206089], [70.2697, 37.76259999205495], [70.2719, 37.74869999204792], [70.282, 37.719499992033136], [70.2831, 37.704799992025634], [70.2769, 37.6879999920171], [70.2751, 37.67539999201072], [70.2625, 37.66079999200327], [70.2535, 37.65449999200009], [70.2553, 37.637499991991426], [70.2539, 37.630799991988034], [70.2409, 37.61719999198112], [70.2377, 37.618199991981655], [70.2165, 37.61719999198112], [70.2021, 37.587999991966264], [70.1995, 37.57929999196187], [70.1927, 37.57599999196021], [70.1856, 37.56889999195656], [70.1806, 37.56399999195405], [70.1578, 37.5414999919426], [70.129, 37.5322999919379], [70.0991, 37.53659999194013], [70.0692, 37.545199991944514], [70.0579, 37.54669999194526], [70.052, 37.547399991945625], [70.0419, 37.54879999194634], [70.0461, 37.54379999194377], [70.048, 37.5414999919426], [70.017, 37.54589999194488], [70.0077, 37.54879999194634], [69.9986, 37.5555999919498], [69.9903, 37.56649999195531], [69.9896, 37.56739999195578], [69.9767, 37.56939999195683], [69.9554, 37.575499991959916], [69.9507, 37.581799991963145], [69.9446, 37.58969999196718], [69.9353, 37.60559999197525], [69.9187, 37.61719999198112], [69.9087, 37.61759999198134], [69.8953, 37.618199991981655], [69.8782, 37.61119999197808], [69.8532, 37.60109999197295], [69.8321, 37.5954999919701], [69.823, 37.59299999196884], [69.8125, 37.58579999196515], [69.8021, 37.58149999196295], [69.7844, 37.59039999196751], [69.7542, 37.59669999197074], [69.7297, 37.59409999196935], [69.6872, 37.57949999196194], [69.6649, 37.57609999196025], [69.5945, 37.58119999196283], [69.5861, 37.581799991963145], [69.5472, 37.58459999196457], [69.5304, 37.58579999196515], [69.5285, 37.585999991965245], [69.5087, 37.578999991961666], [69.4914, 37.53699999194033], [69.4698, 37.52019999193178], [69.4255, 37.494199991918535], [69.4118, 37.47249999190746], [69.3895, 37.4587999919005], [69.3845, 37.453299991897644], [69.3784, 37.437399991889606], [69.3762, 37.41879999188009], [69.3763, 37.41149999187634], [69.3769, 37.3805999918606], [69.3791, 37.37699999185875], [69.3884, 37.37499999185775], [69.3913, 37.370699991855524], [69.391, 37.36529999185281], [69.3859, 37.363199991851694], [69.3846, 37.360399991850315], [69.3845, 37.360199991850166], [69.3863, 37.34159999184067], [69.3866, 37.34079999184031], [69.3895, 37.3329999918363], [69.4032, 37.311199991825156], [69.406, 37.29649999181763], [69.409, 37.28049999180946], [69.4097, 37.27669999180753], [69.418, 37.26769999180291], [69.416, 37.26239999180025], [69.4097, 37.24569999179169], [69.4139, 37.24419999179093], [69.427, 37.239499991788485], [69.4412, 37.237099991787304], [69.4453, 37.236399991786904], [69.4421, 37.22359999178039], [69.4277, 37.20419999177048], [69.4161, 37.1884999917624], [69.4079, 37.17739999175676], [69.3913, 37.164699991750226], [69.3905, 37.164199991749975], [69.351, 37.14409999173971], [69.324, 37.12099999172788], [69.3166, 37.11879999172671], [69.3121, 37.11749999172608], [69.2855, 37.1128999917237], [69.2657, 37.10539999171989], [69.2455, 37.1038999917191], [69.2222, 37.11629999172544], [69.1235, 37.1692999917526], [69.1184, 37.17389999175494], [69.1145, 37.17739999175676], [69.0965, 37.21299999177498], [69.092, 37.21609999177653], [69.0785, 37.2251999917812], [69.0554, 37.237099991787304], [69.0356, 37.251499991794645], [69.0341, 37.25539999179665], [69.0209, 37.28789999181325], [69.0054, 37.30549999182222], [68.9852, 37.32039999182989], [68.9654, 37.32909999183431], [68.897, 37.335999991837824], [68.8877, 37.3380999918389], [68.8852, 37.33479999183722], [68.8902, 37.3229999918312], [68.8967, 37.31649999182785], [68.8999, 37.31429999182676], [68.9176, 37.3024999918207], [68.9201, 37.29209999181536], [68.9212, 37.28789999181325], [68.9158, 37.278999991808696], [68.9046, 37.27669999180753], [68.8902, 37.28199999181025], [68.8769, 37.2959999918174], [68.8679, 37.31209999182563], [68.8567, 37.32499999183219], [68.8358, 37.32909999183431], [68.8139, 37.323399991831366], [68.8103, 37.31209999182563], [68.8137, 37.30339999182117], [68.8222, 37.28199999181025], [68.8236, 37.26969999180393], [68.8247, 37.260599991799324], [68.8204, 37.2509999917944], [68.8085, 37.25169999179472], [68.8027, 37.25469999179627], [68.7714, 37.270699991804456], [68.7595, 37.27529999180679], [68.7495, 37.27599999180715], [68.7466, 37.27619999180725], [68.726, 37.274599991806426], [68.6929, 37.27829999180834], [68.6868, 37.278999991808696], [68.6853, 37.278999991808696], [68.6688, 37.27829999180834], [68.6576, 37.26769999180291], [68.6656, 37.259399991798695], [68.6713, 37.247199991792435], [68.6609, 37.24589999179179], [68.6564, 37.24539999179152], [68.6486, 37.24439999179104], [68.6364, 37.2298999917836], [68.627, 37.20629999177155], [68.6087, 37.20399999177033], [68.5712, 37.19469999176562], [68.5514, 37.192599991764475], [68.5464, 37.18809999176222], [68.5327, 37.168999991752464], [68.5237, 37.164699991750226], [68.5014, 37.1610999917484], [68.4917, 37.159499991747595], [68.4658, 37.155399991745455], [68.4038, 37.15169999174357], [68.4139, 37.13499999173503], [68.4179, 37.12829999173164], [68.415, 37.121699991728185], [68.4114, 37.11329999172391], [68.392, 37.10539999171989], [68.3657, 37.10309999171866], [68.351, 37.10599999172019], [68.3462, 37.10689999172063], [68.3446, 37.107399991720875], [68.3268, 37.11299999172374], [68.3074, 37.11419999172437], [68.2883, 37.10309999171866], [68.2807, 37.08669999171026], [68.2814, 37.06649999169996], [68.2863, 37.036499991684515], [68.2883, 37.02439999167836], [68.2778, 37.010099991671005], [68.2593, 37.01019999167105], [68.2537, 37.01029999167113], [68.2413, 37.01359999167282], [68.2127, 37.02129999167677], [68.1864, 37.01829999167525], [68.168, 37.00609999166895], [68.1518, 36.99279999166214], [68.1461, 36.99079999166112], [68.1335, 36.98649999165892], [68.1212, 36.980199991655674], [68.0714, 36.94599999163811], [68.055, 36.93469999163235], [68.0538, 36.9341999916321], [68.0423, 36.92929999162957], [68.0327, 36.92529999162752], [68.0269, 36.925499991627596], [68.0249, 36.925499991627596], [68.0201, 36.925699991627674], [68.0171, 36.9273999916286], [68.0111, 36.9307999916303], [67.9963, 36.95569999164309]]]}},
{"type": "Feature", "properties": {"z": "KGZ_N", "ISO_A3": "KGZ", "c": "KGZ"}, "geometry": {"type": "Polygon", "coordinates": [[[75.7947, 40.30869999330888], [75.7936, 40.30889999330893], [75.772, 40.31009999330952], [75.7504, 40.30829999330869], [75.7043, 40.29309999330145], [75.6952, 40.29249999330118], [75.682, 40.2916999933008], [75.6647, 40.305699993307435], [75.6564, 40.322999993315655], [75.6402, 40.36719999333655], [75.6384, 40.386099993345525], [75.6463, 40.405299993354625], [75.6597, 40.419099993361115], [75.6694, 40.43239999336745], [75.6669, 40.4501999933758], [75.6571, 40.461099993381], [75.6291, 40.4812999933905], [75.6179, 40.49389999339642], [75.6107, 40.51279999340531], [75.6057, 40.56929999343194], [75.5877, 40.611999993451974], [75.5599, 40.632899993461834], [75.5239, 40.63309999346187], [75.4848, 40.61549999345363], [75.4818, 40.61409999345299], [75.4646, 40.603599993448064], [75.461, 40.60139999344704], [75.3751, 40.54869999342223], [75.3014, 40.50349999340097], [75.2633, 40.480199993389974], [75.2532, 40.475999993388], [75.2291, 40.47029999338532], [75.2201, 40.452999993377155], [75.2161, 40.448599993375076], [75.2125, 40.4446999933732], [75.1938, 40.441199993371576], [75.1755, 40.448099993374846], [75.1589, 40.45689999337899], [75.1567, 40.45809999337958], [75.138, 40.46379999338225], [75.1132, 40.46069999338079], [75.0642, 40.44379999337279], [75.0638, 40.44379999337279], [75.039, 40.44109999337154], [75.0023, 40.44719999337442], [74.9659, 40.4592999933801], [74.9405, 40.47269999338642], [74.928, 40.47929999338955], [74.8792, 40.50509999340174], [74.8565, 40.5131999934055], [74.8353, 40.51159999340481], [74.8201, 40.49389999339642], [74.8194, 40.492099993395584], [74.8187, 40.506999993402616], [74.7905, 40.526299993411676], [74.7749, 40.5085999934034], [74.7385, 40.51289999340541], [74.7275, 40.52119999340929], [74.6857, 40.51579999340673], [74.6561, 40.53389999341528], [74.605, 40.5393999934179], [74.5832, 40.55289999342424], [74.5582, 40.545499993420755], [74.5691, 40.57969999343682], [74.5835, 40.597699993445275], [74.5555, 40.625699993458426], [74.5355, 40.62739999345924], [74.4997, 40.64379999346691], [74.4475, 40.65169999347061], [74.3638, 40.68739999348732], [74.3541, 40.70519999349567], [74.3414, 40.70099999349368], [74.3172, 40.71839999350185], [74.3088, 40.73509999350967], [74.2833, 40.76149999352197], [74.2609, 40.76749999352476], [74.243, 40.78889999353471], [74.2411, 40.80069999354027], [74.2054, 40.80359999354161], [74.1972, 40.80939999354429], [74.1901, 40.84879999356262], [74.1591, 40.87649999357554], [74.126, 40.887399993580594], [74.1193, 40.907399993589856], [74.0851, 40.9082999935903], [74.0508, 40.95739999361307], [74.0249, 40.96079999361465], [74.0155, 40.975299993621384], [74.0409, 41.00789999363645], [74.0624, 41.02939999364637], [74.1017, 41.053999993657776], [74.0139, 41.11539999368605], [74.0262, 41.12629999369106], [74.0282, 41.14499999369967], [74.0856, 41.151499993702686], [74.0812, 41.16249999370774], [74.1064, 41.16909999371075], [74.1413, 41.186699993718804], [74.1481, 41.196899993723484], [74.1865, 41.19289999372166], [74.2641, 41.20729999372826], [74.2985, 41.20719999372823], [74.333, 41.193499993721936], [74.3518, 41.205399993727426], [74.3148, 41.24799999374695], [74.2927, 41.29079999376652], [74.3405, 41.30909999377493], [74.3791, 41.31129999377589], [74.4051, 41.32109999378038], [74.4233, 41.339999993789], [74.4616, 41.350399993793765], [74.4961, 41.350499993793804], [74.5473, 41.35849999379742], [74.5476, 41.36989999380262], [74.612, 41.37789999380631], [74.64, 41.407799993819864], [74.6637, 41.413099993822286], [74.6873, 41.42839999382926], [74.6708, 41.44019999383462], [74.6837, 41.4493999938388], [74.6863, 41.47389999384992], [74.7004, 41.481099993853206], [74.6951, 41.51179999386714], [74.7131, 41.52549999387327], [74.7051, 41.54879999388384], [74.7168, 41.5993999939067], [74.7329, 41.60519999390931], [74.7373, 41.62339999391751], [74.7284, 41.63969999392488], [74.6928, 41.64089999392542], [74.6653, 41.63329999392202], [74.657, 41.62099999391644], [74.5963, 41.59219999390349], [74.557, 41.58589999390059], [74.5242, 41.56839999389269], [74.5051, 41.56829999389269], [74.4762, 41.58079999389832], [74.434, 41.57849999389729], [74.4268, 41.562599993890096], [74.3844, 41.54079999388022], [74.3728, 41.55249999388551], [74.3336, 41.56189999388982], [74.3215, 41.57089999389385], [74.2964, 41.57199999389432], [74.245, 41.56069999388921], [74.2102, 41.56219999388989], [74.2003, 41.55039999388457], [74.1777, 41.551899993885264], [74.1547, 41.569699993893295], [74.1189, 41.57949999389774], [74.0913, 41.57619999389626], [74.077, 41.565299993891294], [74.0139, 41.575899993896094], [73.9888, 41.5951999939048], [73.9778, 41.59419999390436], [73.9622, 41.6159999939142], [73.9413, 41.625599993918556], [73.9321, 41.61909999391562], [73.931, 41.633399993922076], [73.9143, 41.64349999392658], [73.9093, 41.66339999393558], [73.8857, 41.70439999395402], [73.9201, 41.70589999395465], [73.9383, 41.69469999394962], [73.9726, 41.69359999394915], [73.9812, 41.68409999394489], [74.0203, 41.679399993942745], [74.0427, 41.6594999939338], [74.0431, 41.645299993927416], [74.0307, 41.62719999391926], [74.0505, 41.60579999390963], [74.0661, 41.60269999390823], [74.0825, 41.6134999939131], [74.0789, 41.62539999391844], [74.0767, 41.69889999395151], [74.087, 41.725399993963414], [74.0513, 41.73499999396775], [74.0163, 41.73149999396616], [73.9784, 41.74019999397005], [73.9832, 41.75599999397716], [73.9705, 41.76819999398259], [73.9594, 41.81439999400329], [73.9661, 41.82499999400807], [73.9448, 41.846499994017655], [73.9013, 41.84589999401737], [73.8898, 41.83689999401337], [73.8633, 41.84719999401794], [73.8505, 41.8436999940164], [73.8019, 41.87309999402951], [73.7999, 41.849799994019136], [73.7781, 41.84789999401826], [73.749, 41.86129999402423], [73.7151, 41.86869999402756], [73.7334, 41.880399994032786], [73.7415, 41.902299994042544], [73.7606, 41.910499994046184], [73.7618, 41.92189999405125], [73.7857, 41.94849999406309], [73.7628, 42.00699999408903], [73.735, 42.003599994087516], [73.6847, 42.01559999409289], [73.6416, 42.00149999408664], [73.6099, 42.0006999940863], [73.5998, 41.99469999408357], [73.5673, 42.00179999408673], [73.5478, 41.995199994083784], [73.5201, 41.995199994083784], [73.4949, 42.00889999408992], [73.4556, 42.01159999409108], [73.441, 42.02139999409541], [73.4175, 42.0140999940922], [73.383, 42.03299999410061], [73.3493, 42.023199994096224], [73.3287, 42.03719999410244], [73.3319, 42.05499999411029], [73.3184, 42.07939999412109], [73.3028, 42.09329999412727], [73.2852, 42.09359999412736], [73.2594, 42.10509999413244], [73.2334, 42.1058999941328], [73.1664, 42.11869999413846], [73.1397, 42.113799994136286], [73.1107, 42.12109999413951], [73.0876, 42.112599994135735], [73.0394, 42.116199994137325], [73.0287, 42.13239999414445], [73.0, 42.1183999941383], [72.9713, 42.140499994148044], [72.9277, 42.10289999413146], [72.8832, 42.09589999412836], [72.8883, 42.065599994115], [72.8617, 42.06359999411408], [72.8339, 42.04839999410739], [72.8154, 42.04959999410789], [72.7881, 42.06029999411263], [72.7724, 42.07759999412026], [72.7463, 42.08609999412402], [72.7017, 42.118899994138516], [72.6687, 42.129999994143425], [72.6497, 42.12409999414081], [72.6063, 42.137999994146966], [72.5774, 42.13529999414578], [72.5719, 42.14649999415067], [72.5488, 42.155799994154826], [72.5081, 42.15279999415346], [72.4761, 42.16579999415916], [72.4399, 42.157199994155434], [72.3944, 42.16259999415776], [72.3963, 42.1832999941669], [72.369, 42.19999999417423], [72.3389, 42.20929999417831], [72.3258, 42.2126999941798], [72.2833, 42.21099999417904], [72.2557, 42.21989999418294], [72.2174, 42.214399994180575], [72.2231, 42.1832999941669], [72.1827, 42.15279999415346], [72.186, 42.11739999413787], [72.1932, 42.109199994134244], [72.1781, 42.07419999411875], [72.1335, 42.055399994110495], [72.1066, 42.06159999411326], [72.0968, 42.0757999941195], [72.072, 42.06869999411634], [72.0182, 42.094199994127635], [71.9812, 42.09919999412984], [71.9682, 42.10699999413328], [71.9142, 42.120699994139336], [71.8903, 42.134799994145524], [71.8451, 42.1366999941464], [71.8249, 42.14709999415096], [71.7894, 42.1460999941505], [71.7282, 42.16709999415974], [71.7095, 42.167499994159925], [71.6954, 42.18439999416738], [71.6759, 42.18979999416977], [71.6486, 42.20889999417817], [71.6282, 42.207299994177475], [71.6073, 42.214799994180744], [71.5599, 42.19709999417296], [71.5097, 42.201099994174726], [71.4951, 42.19869999417367], [71.4822, 42.1832999941669], [71.4199, 42.18919999416948], [71.3707, 42.208199994177846], [71.3236, 42.208199994177846], [71.2915, 42.214199994180476], [71.268, 42.20419999417606], [71.2383, 42.15339999415374], [71.2208, 42.148399994151525], [71.2101, 42.133599994145], [71.1996, 42.14039999414803], [71.2011, 42.14079999414815], [71.2381, 42.16019999415673], [71.2533, 42.19759999417319], [71.218, 42.206299994176995], [71.0776, 42.28109999420976], [71.0459, 42.290899994214065], [71.0206, 42.28839999421299], [71.0142, 42.28769999421269], [70.9696, 42.26339999420203], [70.9606, 42.25699999419927], [70.948, 42.24809999419533], [70.9188, 42.25339999419767], [70.8979, 42.26149999420123], [70.8956, 42.26329999420203], [70.8917, 42.2661999942033], [70.858, 42.29099999421411], [70.8526, 42.3060999942207], [70.8648, 42.32149999422747], [70.8816, 42.333399994232664], [70.9005, 42.34669999423845], [70.9329, 42.37619999425132], [70.9397, 42.387799994256405], [70.9394, 42.388599994256744], [70.9375, 42.3947999942594], [70.9318, 42.401499994262345], [70.93, 42.41219999426701], [70.9324, 42.41989999427038], [70.9331, 42.42199999427124], [70.9361, 42.431599994275416], [70.9476, 42.45129999428403], [70.962, 42.46799999429125], [70.9662, 42.470999994292576], [70.9771, 42.478799994295954], [71.0247, 42.455899994285986], [71.0409, 42.454699994285484], [71.0549, 42.46029999428791], [71.0643, 42.47029999429222], [71.0651, 42.47499999429429], [71.0664, 42.4820999942974], [71.0578, 42.49339999430222], [71.0229, 42.516399994312195], [71.0128, 42.52599999431638], [71.0047, 42.55709999432984], [71.0031, 42.563499994332595], [71.0405, 42.58049999433993], [71.1269, 42.59049999434426], [71.1427, 42.602599994349454], [71.1433, 42.60409999435009], [71.1481, 42.6172999943558], [71.1463, 42.65679999437278], [71.1489, 42.67779999438177], [71.1575, 42.68789999438614], [71.1953, 42.69719999439016], [71.2115, 42.70519999439355], [71.2237, 42.71789999439904], [71.2453, 42.74709999441151], [71.2626, 42.75349999441427], [71.2719, 42.75139999441335], [71.2846, 42.748399994412075], [71.3083, 42.740099994408524], [71.3299, 42.736899994407146], [71.3476, 42.74279999440965], [71.3631, 42.754099994414545], [71.3764, 42.76829999442059], [71.3868, 42.782999994426866], [71.4045, 42.79489999443196], [71.4255, 42.79539999443217], [71.4289, 42.79549999443218], [71.4681, 42.78569999442801], [71.4772, 42.78349999442708], [71.4937, 42.78889999442941], [71.5042, 42.78959999442968], [71.5143, 42.78559999442802], [71.5539, 42.7607999944174], [71.5665, 42.75729999441589], [71.5837, 42.75959999441688], [71.6935, 42.81179999443913], [71.6991, 42.81309999443972], [71.7263, 42.819699994442566], [71.7825, 42.821699994443385], [71.7969, 42.82219999444363], [71.8314, 42.831499994447555], [71.8476, 42.83399999444863], [71.8955, 42.815899994440905], [71.9571, 42.80449999443604], [71.9913, 42.790399994430025], [72.0087, 42.78329999442699], [72.0726, 42.75709999441577], [72.0833, 42.754899994414835], [72.105, 42.7502999944129], [72.1201, 42.751799994413545], [72.1489, 42.76199999441786], [72.1641, 42.76499999441919], [72.2922, 42.760999994417496], [72.348, 42.744499994410404], [72.3585, 42.74139999440906], [72.4769, 42.682599994383835], [72.4914, 42.680499994382934], [72.5073, 42.678199994381956], [72.5118, 42.67759999438172], [72.5838, 42.67829999438201], [72.6571, 42.66509999437636], [72.7257, 42.652799994371044], [72.757, 42.64019999436566], [72.7807, 42.620499994357175], [72.8153, 42.57289999433663], [72.8396, 42.55649999432956], [72.8409, 42.55559999432917], [72.8747, 42.54389999432413], [72.9082, 42.53689999432107], [72.9084, 42.53689999432107], [72.9216, 42.53649999432093], [72.9424, 42.53599999432073], [72.9437, 42.53619999432078], [73.0705, 42.55189999432757], [73.1152, 42.5507999943271], [73.1526, 42.53919999432208], [73.1683, 42.531199994318655], [73.189, 42.520699994314064], [73.207, 42.51709999431254], [73.26, 42.51439999431138], [73.2783, 42.51339999431093], [73.2914, 42.509699994309315], [73.3013, 42.50699999430814], [73.3068, 42.502099994306015], [73.3164, 42.49369999430236], [73.3135, 42.463199994289155], [73.3141, 42.44499999428124], [73.3143, 42.441599994279755], [73.3261, 42.42869999427417], [73.4176, 42.41699999426911], [73.477, 42.39909999426131], [73.5051, 42.40289999426293], [73.5051, 42.41739999426929], [73.5051, 42.421499994271045], [73.4487, 42.5024999943062], [73.4331, 42.52489999431589], [73.428, 42.53499999432031], [73.4176, 42.55609999432941], [73.41, 42.58949999434381], [73.4125, 42.627299994360065], [73.4237, 42.662699994375316], [73.5036, 42.7939999944316], [73.5072, 42.80939999443812], [73.5043, 42.82749999444586], [73.4921, 42.860999994460094], [73.4896, 42.87779999446724], [73.4932, 42.89489999447454], [73.4946, 42.897599994475705], [73.5011, 42.909199994480595], [73.5216, 42.936099994492004], [73.5217, 42.93629999449212], [73.5395, 42.97409999450812], [73.5598, 43.01729999452638], [73.5709, 43.03189999453249], [73.5818, 43.038999994535516], [73.5868, 43.04219999453687], [73.6339, 43.06239999454539], [73.7375, 43.09389999455865], [73.8057, 43.114699994567395], [73.8229, 43.11729999456846], [73.8499, 43.11649999456812], [73.8643, 43.115999994567886], [73.9018, 43.130899994574186], [73.9349, 43.19959999460297], [73.957, 43.2120999946082], [73.9655, 43.21689999461023], [73.9853, 43.21159999460797], [74.0213, 43.186299994597405], [74.0234, 43.18579999459716], [74.04, 43.18189999459553], [74.0624, 43.18379999459636], [74.1973, 43.19569999460134], [74.1987, 43.19629999460159], [74.2139, 43.20259999460422], [74.2162, 43.215499994609594], [74.2164, 43.21689999461023], [74.206, 43.23409999461735], [74.2044, 43.23569999461804], [74.1786, 43.26169999462888], [74.1931, 43.255699994626404], [74.2078, 43.249699994623846], [74.2585, 43.215799994609746], [74.287, 43.20719999460617], [74.3201, 43.2015999946038], [74.3489, 43.19099999459939], [74.4004, 43.15949999458615], [74.4205, 43.15179999458293], [74.4627, 43.14869999458161], [74.4983, 43.131099994574285], [74.5393, 43.1228999945708], [74.5581, 43.11499999456751], [74.5721, 43.102099994562124], [74.5969, 43.07019999454867], [74.6113, 43.05809999454355], [74.7139, 42.999799994518995], [74.7489, 42.98999999451486], [74.7507, 42.98969999451473], [74.863, 42.975799994508826], [74.9487, 42.944899994495785], [74.9767, 42.926399994487895], [75.0055, 42.9163999944837], [75.066, 42.90249999447775], [75.0941, 42.89019999447254], [75.1182, 42.87649999446671], [75.1787, 42.84959999445524], [75.2046, 42.84509999445332], [75.2712, 42.84569999445359], [75.4966, 42.82399999444437], [75.5358, 42.826999994445636], [75.556, 42.82519999444489], [75.6204, 42.80519999443637], [75.6463, 42.80609999443675], [75.6527, 42.808099994437605], [75.6751, 42.81539999444069], [75.7039, 42.83039999444707], [75.7277, 42.84859999445483], [75.7381, 42.861599994460356], [75.7705, 42.925599994487584], [75.7821, 42.933299994490845], [75.7972, 42.936099994492004], [75.831, 42.93809999449289], [75.8591, 42.93969999449352], [75.898, 42.93569999449185], [75.9765, 42.91869999448466], [75.9991, 42.91749999448415], [76.0184, 42.92229999448614], [76.0647, 42.93389999449107], [76.0906, 42.934299994491276], [76.1361, 42.92609999448777], [76.1637, 42.92109999448565], [76.2325, 42.92109999448565], [76.2544, 42.92109999448565], [76.2781, 42.9156999944834], [76.3025, 42.910199994481], [76.3404, 42.901699994477404], [76.3512, 42.90279999447789], [76.371, 42.90949999448074], [76.3829, 42.90999999448095], [76.3933, 42.90519999447891], [76.4045, 42.88919999447211], [76.4142, 42.88549999447057], [76.4322, 42.88949999447226], [76.4621, 42.91099999448137], [76.4805, 42.91699999448392], [76.5038, 42.91469999448295], [76.5067, 42.91439999448282], [76.5589, 42.898199994475924], [76.5849, 42.8947999944745], [76.6057, 42.89849999447607], [76.6443, 42.91109999448141], [76.6669, 42.91069999448123], [76.6889, 42.910199994481], [76.708, 42.91369999448257], [76.7461, 42.928799994488905], [76.7505, 42.932599994490545], [76.7529, 42.93809999449289], [76.7541, 42.94069999449402], [76.7613, 42.941999994494516], [76.7854, 42.939599994493506], [76.7929, 42.94299999449492], [76.7992, 42.94839999449723], [76.8142, 42.96149999450277], [76.8336, 42.97159999450706], [76.8353, 42.97179999450714], [76.8534, 42.97409999450812], [76.8651, 42.97419999450819], [76.8773, 42.974299994508215], [76.8878, 42.97439999450823], [76.8977, 42.97449999450826], [76.9373, 42.985899994513126], [76.9567, 42.98849999451419], [76.967, 42.98529999451287], [76.9765, 42.98219999451157], [77.0077, 42.978299994509904], [77.0594, 42.9718999945072], [77.0899, 42.96809999450559], [77.1241, 42.95889999450168], [77.1349, 42.95169999449862], [77.1637, 42.921999994486036], [77.1789, 42.91309999448225], [77.1951, 42.90999999448095], [77.2162, 42.9098999944809], [77.2296, 42.90979999448085], [77.3283, 42.897499994475645], [77.3469, 42.901499994477355], [77.361, 42.90449999447863], [77.3997, 42.91849999448458], [77.4031, 42.919699994485036], [77.4186, 42.92229999448614], [77.4341, 42.92139999448576], [77.4618, 42.91439999448282], [77.5014, 42.91449999448284], [77.5209, 42.90679999447956], [77.5385, 42.89619999447511], [77.5579, 42.888099994471645], [77.5745, 42.88779999447152], [77.6271, 42.906499994479475], [77.6479, 42.90949999448074], [77.6898, 42.90829999448021], [77.7138, 42.9074999944799], [77.7265, 42.905299994478916], [77.7811, 42.895599994474836], [77.7981, 42.8774999944671], [77.8099, 42.87119999446446], [77.8355, 42.87979999446812], [77.841, 42.88219999446914], [77.8611, 42.89079999447279], [77.8837, 42.893199994473804], [77.9071, 42.89119999447294], [77.9295, 42.884899994470295], [77.9863, 42.860199994459755], [77.9917, 42.85949999445951], [78.0306, 42.85459999445743], [78.046, 42.85559999445784], [78.1028, 42.85949999445951], [78.1232, 42.86089999446008], [78.1379, 42.86189999446051], [78.1623, 42.860999994460094], [78.1836, 42.860199994459755], [78.2297, 42.8649999944618], [78.2491, 42.862299994460685], [78.2902, 42.85139999445605], [78.3111, 42.85039999445563], [78.3283, 42.855299994457695], [78.3302, 42.856199994458095], [78.3647, 42.87249999446504], [78.3651, 42.872599994465055], [78.3856, 42.878199994467444], [78.402, 42.87909999446779], [78.4268, 42.88049999446843], [78.4295, 42.88059999446845], [78.4961, 42.87559999446634], [78.5893, 42.85139999445605], [78.5944, 42.85009999445554], [78.5978, 42.84869999445488], [78.6354, 42.83239999444791], [78.67, 42.811099994438855], [78.6873, 42.80449999443604], [78.8079, 42.79549999443218], [78.8881, 42.77109999442182], [78.9544, 42.76839999442062], [78.9929, 42.75709999441577], [79.0307, 42.75609999441536], [79.0944, 42.77989999442556], [79.1088, 42.78529999442787], [79.1331, 42.788699994429265], [79.1484, 42.79089999443025], [79.1733, 42.78559999442802], [79.1808, 42.775399994423594], [79.1804, 42.772499994422354], [79.1751, 42.736899994407146], [79.176, 42.71649999439844], [79.1761, 42.71389999439731], [79.1819, 42.69359999438858], [79.1923, 42.67479999438049], [79.2064, 42.656399994372634], [79.242, 42.62979999436114], [79.3181, 42.603199994349694], [79.3205, 42.602399994349355], [79.3212, 42.60209999434923], [79.3529, 42.577199994338486], [79.3983, 42.496999994303835], [79.4256, 42.46959999429193], [79.4764, 42.453899994285166], [79.5718, 42.44939999428318], [79.6228, 42.456799994286385], [79.6418, 42.45949999428756], [79.6524, 42.460999994288194], [79.6963, 42.45969999428762], [79.9181, 42.42439999427232], [79.9602, 42.40349999426323], [79.9738, 42.39159999425806], [79.9739, 42.39149999425796], [79.9849, 42.379399994252694], [80.0121, 42.34939999423962], [80.0769, 42.305799994220635], [80.11, 42.27329999420637], [80.1366, 42.23879999419129], [80.1665, 42.20869999417805], [80.1718, 42.206399994177026], [80.2104, 42.189399994169555], [80.2165, 42.17439999416293], [80.2198, 42.14189999414863], [80.2245, 42.12559999414149], [80.2353, 42.11089999413498], [80.2475, 42.09839999412947], [80.2565, 42.084399994123316], [80.2576, 42.06519999411482], [80.2313, 42.0336999941009], [80.182, 42.020999994095234], [79.9307, 42.02329999409626], [79.8796, 42.013099994091746], [79.8473, 42.00319999408738], [79.8429, 42.00179999408673], [79.8267, 41.99219999408251], [79.813, 41.977599994075995], [79.804, 41.959999994068184], [79.7925, 41.922799994051644], [79.7831, 41.90509999404377], [79.7665, 41.89329999403852], [79.7475, 41.879699994032414], [79.7028, 41.87489999403034], [79.6557, 41.87589999403074], [79.6168, 41.86869999402756], [79.611, 41.867599994027074], [79.5671, 41.844199994016606], [79.5545, 41.83749999401362], [79.4897, 41.81919999400547], [79.4109, 41.77859999398728], [79.3907, 41.772699993984645], [79.3673, 41.77239999398455], [79.3043, 41.78759999399133], [79.2902, 41.78489999399013], [79.2823, 41.78339999398942], [79.2647, 41.774399993985426], [79.2175, 41.741199993970525], [79.1959, 41.729499993965256], [79.1884, 41.72699999396414], [79.1747, 41.72259999396219], [79.1279, 41.714299993958456], [79.1188, 41.71159999395721], [79.0887, 41.70259999395318], [79.064, 41.68919999394717], [79.0284, 41.66989999393849], [79.0078, 41.65879999393349], [78.9763, 41.64179999392586], [78.9254, 41.63449999392252], [78.9159, 41.63319999392199], [78.8975, 41.62629999391885], [78.8071, 41.57839999389724], [78.7282, 41.55499999388668], [78.7092, 41.54939999388416], [78.6721, 41.53839999387917], [78.6581, 41.53239999387642], [78.6451, 41.5236999938725], [78.6376, 41.51279999386757], [78.6293, 41.48789999385625], [78.6192, 41.477999993851796], [78.6061, 41.47359999384977], [78.5839, 41.46599999384634], [78.5395, 41.45899999384316], [78.5105, 41.45439999384108], [78.4382, 41.41239999382198], [78.4176, 41.40049999381656], [78.3777, 41.38659999381027], [78.36, 41.377399993806065], [78.3435, 41.36199999379906], [78.3395, 41.34389999379078], [78.3568, 41.30549999377326], [78.3597, 41.287399993764964], [78.3496, 41.27039999375717], [78.3316, 41.25869999375181], [78.2916, 41.24079999374367], [78.2754, 41.228899993738175], [78.2502, 41.200599993725234], [78.2045, 41.13369999369446], [78.1905, 41.11769999368712], [78.1761, 41.1054999936815], [78.0749, 41.03939999365098], [78.0573, 41.03429999364866], [78.0364, 41.036099993649444], [77.9975, 41.049699993655736], [77.8668, 41.06399999366234], [77.8312, 41.06289999366185], [77.823, 41.0608999936609], [77.7977, 41.05469999365806], [77.734, 41.02889999364616], [77.7235, 41.02469999364421], [77.6707, 41.003299993634315], [77.6656, 41.001199993633314], [77.6505, 40.99709999363149], [77.6317, 40.995799993630854], [77.5905, 40.99729999363157], [77.5806, 40.9975999936317], [77.5746, 40.996299993631105], [77.5036, 40.980999993624], [77.4748, 40.981999993624456], [77.4453, 40.99359999362983], [77.3887, 41.0116999936382], [77.3329, 41.0206999936424], [77.3192, 41.020099993642106], [77.3013, 41.0191999936417], [77.2624, 41.01009999363745], [77.2433, 41.005599993635414], [77.1187, 41.0116999936382], [77.0885, 41.01949999364183], [77.0349, 41.04029999365143], [77.0079, 41.04409999365319], [76.9384, 41.032199993647666], [76.9002, 41.02569999364464], [76.8884, 41.021899993642926], [76.8694, 41.01589999364016], [76.861, 41.013199993638914], [76.8351, 40.99349999362978], [76.821, 40.9776999936225], [76.82, 40.977199993622236], [76.7839, 40.957099993612914], [76.7667, 40.9446999936072], [76.7573, 40.92579999359846], [76.7609, 40.906599993589516], [76.7685, 40.886999993580396], [76.771, 40.867099993571145], [76.7623, 40.84689999356173], [76.7469, 40.834499993556], [76.7208, 40.823399993550844], [76.7073, 40.81759999354816], [76.6741, 40.79539999353777], [76.6508, 40.768199993525116], [76.6479, 40.76479999352353], [76.64, 40.7480999935157], [76.6309, 40.72889999350676], [76.6241, 40.627599993459306], [76.6209, 40.61159999345182], [76.6209, 40.61119999345163], [76.6093, 40.59709999344497], [76.6034, 40.59359999344336], [76.5564, 40.56559999343022], [76.5312, 40.534999993415795], [76.4988, 40.464599993382606], [76.4765, 40.43609999336915], [76.4491, 40.415499993359454], [76.3759, 40.37879999334208], [76.362, 40.37179999333874], [76.3533, 40.365399993335764], [76.3303, 40.34829999332764], [76.33, 40.34809999332755], [76.3134, 40.34329999332529], [76.2994, 40.35569999333114], [76.2844, 40.41239999335799], [76.2832, 40.41719999336023], [76.282, 40.41919999336114], [76.2773, 40.42739999336506], [76.2735, 40.43409999336823], [76.2443, 40.441199993371576], [76.2155, 40.41649999335991], [76.1849, 40.38409999334459], [76.1514, 40.368099993337], [76.1374, 40.37069999333825], [76.1327, 40.37149999333863], [76.1235, 40.37539999334046], [76.0953, 40.38729999334607], [76.0762, 40.39189999334827], [76.0517, 40.39009999334739], [76.0001, 40.37119999333848], [75.9624, 40.35739999333196], [75.9495, 40.34309999332515], [75.9379, 40.32619999331715], [75.9258, 40.313699993311204], [75.9214, 40.30909999330905], [75.9113, 40.30379999330656], [75.9019, 40.29879999330416], [75.8803, 40.29529999330248], [75.8584, 40.29629999330296], [75.7947, 40.30869999330888]]]}},
{"type": "Feature", "properties": {"z": "NEPS_AFG", "ISO_A3": "AFG", "c": "AFG"}, "geometry": {"type": "Polygon", "coordinates": [[[67.591, 31.464799988849034], [67.5971, 31.425699988830196], [67.6115, 31.410799988823037], [67.6313, 31.400099988817903], [67.6359, 31.398999988817415], [67.6511, 31.395399988815655], [67.6743, 31.397999988816913], [67.7342, 31.404799988820162], [67.7702, 31.39459998881526], [67.7749, 31.35279998879518], [67.7648, 31.334099988786235], [67.7494, 31.32809998878335], [67.709, 31.32939998878395], [67.6928, 31.32519998878196], [67.6788, 31.316599988777867], [67.6658, 31.30629998877289], [67.6021, 31.271099988756095], [67.5838, 31.265299988753295], [67.5817, 31.264899988753122], [67.5333, 31.25719998874944], [67.5301, 31.2566999887492], [67.4934, 31.2428999887426], [67.434, 31.236099988739355], [67.3645, 31.210699988727235], [67.3623, 31.21039998872707], [67.3462, 31.2076999887258], [67.3369, 31.208499988726203], [67.2821, 31.21269998872818], [67.255, 31.211599988727684], [67.2302, 31.21059998872719], [67.2137, 31.212299988728017], [67.1975, 31.21719998873032], [67.1969, 31.21739998873044], [67.1932, 31.218499988730986], [67.1897, 31.22009998873172], [67.1803, 31.22469998873391], [67.1568, 31.235899988739252], [67.1462, 31.238599988740564], [67.1366, 31.241099988741755], [67.1168, 31.24039998874139], [67.0783, 31.232099988737463], [67.0582, 31.232399988737594], [67.0523, 31.233299988737997], [67.0351, 31.235899988739252], [67.0229, 31.239399988740917], [67.0153, 31.244699988743456], [67.0139, 31.25269998874731], [67.0236, 31.26479998875307], [67.0261, 31.272999988756993], [67.024, 31.295299988767663], [67.0189, 31.305199988772358], [67.0168, 31.309199988774292], [67.002, 31.315899988777517], [66.9433, 31.314799988777008], [66.9059, 31.305599988772563], [66.8386, 31.276999988758906], [66.8087, 31.254799988748285], [66.7853, 31.23179998873733], [66.7594, 31.214799988729222], [66.7212, 31.21029998872704], [66.6971, 31.195899988720203], [66.6632, 31.083099988666557], [66.6438, 31.060199988655697], [66.5498, 30.97709998861643], [66.5293, 30.968999988612595], [66.5275, 30.968299988612255], [66.4145, 30.94859998860297], [66.3922, 30.944699988601165], [66.3752, 30.93669998859737], [66.3662, 30.922999988590888], [66.268, 30.601399988440644], [66.2651, 30.557899988420502], [66.282, 30.518099988402085], [66.3061, 30.491199988389663], [66.3137, 30.478299988383743], [66.3194, 30.45789998837434], [66.322, 30.437399988364884], [66.3029, 30.305299988304345], [66.3054, 30.2447999882768], [66.3007, 30.22559998826805], [66.2363, 30.111699988216436], [66.2219, 30.073799988199365], [66.2194, 30.057899988192194], [66.2251, 30.044399988186118], [66.2604, 30.023099988176508], [66.3014, 29.986799988160243], [66.3324, 29.96619998815103], [66.3407, 29.956599988146714], [66.3367, 29.952099988144695], [66.3223, 29.946499988142183], [66.3018, 29.915799988128477], [66.2752, 29.885199988114785], [66.1956, 29.83539998809265], [65.0364, 29.540299987962687], [64.9867, 29.541599987963238], [64.8204, 29.567899987974766], [64.7277, 29.568599987975027], [64.4996, 29.570299987975787], [64.4777, 29.570499987975865], [64.3871, 29.546799987965507], [64.3787, 29.544699987964606], [64.3057, 29.525599987956266], [64.2976, 29.523499987955372], [64.2889, 29.521199987954375], [64.25, 29.511099987949994], [64.2077, 29.500099987945163], [64.1728, 29.48429998793833], [64.1497, 29.45859998792714], [64.1134, 29.39629998790015], [64.0861, 29.386699987896044], [64.086, 29.386699987896044], [64.0147, 29.413499987907613], [63.9719, 29.429599987914596], [63.5687, 29.49749998794403], [62.5661, 29.415199987908323], [62.6246, 29.534599987960206], [62.6264, 29.661499988015755], [62.6284, 29.673099988020883], [62.6811, 29.902799988122638], [62.7253, 29.996199988164435], [62.7473, 30.026199988177936], [62.7806, 30.10959998821553], [62.836, 30.219199988265174], [62.8498, 30.24029998827474], [62.8674, 30.265399988286166], [62.923, 30.32309998831247], [62.967, 30.39619998834598], [62.9925, 30.520599988403212], [63.015, 30.62259998845045], [63.0879, 30.823399988544125], [63.1339, 30.94879998860309], [63.1538, 30.983099988619237], [63.1815, 31.041499988646855], [63.2096, 31.07569998866308], [63.2372, 31.119799988683997], [63.2666, 31.153099988699804], [63.2824, 31.21419998872891], [63.2899, 31.281399988761034], [63.2912, 31.30239998877105], [63.3007, 31.31689998877796], [63.297, 31.34489998879144], [63.3009, 31.38309998880976], [63.3071, 31.404299988819936], [63.3117, 31.584799988906976], [63.3042, 31.69299998895943], [63.3076, 31.75529998898975], [63.3357, 31.791399989007324], [63.3434, 31.816799989019717], [63.3625, 31.861599989041583], [63.3646, 31.880799989050995], [63.3783, 31.9020999890614], [63.4114, 31.966399989092903], [63.4568, 32.03689998912754], [63.46, 32.05719998913754], [63.4694, 32.073899989145765], [63.4898, 32.080499989148976], [63.5062, 32.0942999891558], [63.5256, 32.12079998916882], [63.5508, 32.14579998918118], [63.552, 32.17509998919564], [63.534, 32.20249998920915], [63.5492, 32.21179998921374], [63.582, 32.21209998921392], [63.615, 32.22329998921944], [63.6456, 32.25459998923494], [63.7048, 32.29919998925702], [63.7238, 32.323599989269134], [63.7395, 32.31769998926615], [63.7723, 32.32779998927121], [63.8045, 32.3214999892681], [63.8285, 32.312399989263554], [63.8394, 32.336799989275676], [63.8343, 32.34399998927921], [63.8575, 32.35829998928632], [63.8646, 32.368899989291585], [63.8971, 32.38499998929957], [63.9225, 32.412899989313466], [63.9464, 32.39639998930525], [63.9593, 32.40139998930773], [63.9792, 32.43599998932495], [63.9961, 32.43679998932534], [64.0132, 32.4495999893317], [64.0078, 32.4632999893385], [64.0222, 32.47549998934463], [64.0006, 32.502199989357905], [63.9935, 32.522899989368234], [63.9845, 32.5388999893762], [63.993, 32.560199989386845], [64.0344, 32.57879998939614], [64.064, 32.55389998938368], [64.0812, 32.5660999893898], [64.1132, 32.5696999893916], [64.1592, 32.580999989397206], [64.1899, 32.5801999893968], [64.1831, 32.594299989403844], [64.2208, 32.59989998940667], [64.2275, 32.60799998941074], [64.2635, 32.62489998941919], [64.2895, 32.625299989419375], [64.2884, 32.64519998942932], [64.3052, 32.65629998943489], [64.3019, 32.67009998944179], [64.2829, 32.67259998944304], [64.2647, 32.68749998945053], [64.26, 32.70719998946035], [64.2748, 32.730799989472196], [64.2997, 32.746299989479965], [64.334, 32.76039998948706], [64.3292, 32.779199989496504], [64.3449, 32.7913999895026], [64.3601, 32.81369998951382], [64.3777, 32.82169998951783], [64.3858, 32.8412999895277], [64.4051, 32.85169998953294], [64.4294, 32.853599989533876], [64.4753, 32.87119998954272], [64.5105, 32.87879998954653], [64.5369, 32.89169998955301], [64.5761, 32.898899989556675], [64.5815, 32.911999989563284], [64.5703, 32.93249998957357], [64.5462, 32.93429998957448], [64.5528, 32.97079998959288], [64.569, 32.98389998959952], [64.5683, 33.0021999896087], [64.5597, 33.01479998961511], [64.586, 33.034499989625], [64.5914, 33.04699998963135], [64.6099, 33.054899989635345], [64.6118, 33.06809998964199], [64.6371, 33.07389998964494], [64.6786, 33.113099989664754], [64.7247, 33.13489998967577], [64.7293, 33.15169998968429], [64.7071, 33.156999989686945], [64.6951, 33.17809998969767], [64.7228, 33.20049998970902], [64.7262, 33.21989998971882], [64.7088, 33.23229998972513], [64.7243, 33.241299989729654], [64.7524, 33.23749998972776], [64.7761, 33.255899989737074], [64.7907, 33.252699989735454], [64.8116, 33.202399989709924], [64.8476, 33.20439998971099], [64.8629, 33.236799989727416], [64.8823, 33.252699989735454], [64.9076, 33.257199989737735], [64.9153, 33.24689998973249], [64.9515, 33.24029998972918], [64.9547, 33.25529998973679], [64.9842, 33.26799998974322], [65.0081, 33.29119998975498], [65.0224, 33.2915999897552], [65.0527, 33.30629998976266], [65.0632, 33.2998999897594], [65.0937, 33.31409998976665], [65.1179, 33.31589998976755], [65.121, 33.32859998977401], [65.1376, 33.33909998977934], [65.1524, 33.3612999897906], [65.1793, 33.37209998979615], [65.1964, 33.36469998979232], [65.229, 33.36079998979033], [65.2525, 33.37159998979584], [65.2706, 33.39549998980798], [65.2934, 33.40269998981169], [65.3205, 33.40309998981184], [65.3558, 33.41169998981624], [65.3723, 33.41979998982033], [65.3808, 33.433299989827205], [65.3801, 33.45429998983795], [65.387, 33.46639998984406], [65.4229, 33.47289998984738], [65.4231, 33.49179998985701], [65.4354, 33.506899989864735], [65.4776, 33.532899989877954], [65.4836, 33.55149998988743], [65.5085, 33.567099989895425], [65.5142, 33.57709998990051], [65.5515, 33.586999989905536], [65.566, 33.60439998991441], [65.5931, 33.623299989924085], [65.6203, 33.63059998992782], [65.6201, 33.643499989934405], [65.6075, 33.655399989940484], [65.6239, 33.67169998994882], [65.6447, 33.67569998995084], [65.6586, 33.69789998996218], [65.6363, 33.71319998997], [65.6114, 33.71259998996969], [65.6058, 33.730999989979125], [65.5838, 33.751899989989795], [65.5537, 33.73649998998192], [65.5283, 33.73609998998175], [65.5051, 33.74389998998572], [65.5035, 33.76229998999513], [65.4757, 33.79379999001125], [65.4456, 33.80279999001584], [65.4406, 33.82049999002492], [65.4132, 33.83669999003321], [65.4207, 33.85599999004314], [65.4138, 33.86349999004697], [65.425, 33.886099990058526], [65.4527, 33.91269999007218], [65.4825, 33.92049999007616], [65.4852, 33.93749999008492], [65.4741, 33.950299990091466], [65.4909, 33.966999990099964], [65.522, 33.960699990096785], [65.5569, 33.96669999009985], [65.5642, 33.9733999901033], [65.5706, 33.99269999011321], [65.5707, 34.01699999012568], [65.5548, 34.02789999013127], [65.5583, 34.05199999014365], [65.5391, 34.07059999015318], [65.4934, 34.082299990159186], [65.4737, 34.09349999016495], [65.4666, 34.1135999901753], [65.4806, 34.130099990183766], [65.4903, 34.15699999019759], [65.5144, 34.14909999019357], [65.5343, 34.131699990184615], [65.5684, 34.12889999018317], [65.5886, 34.14149999018964], [65.6173, 34.14519999019156], [65.6429, 34.16429999020136], [65.6583, 34.160699990199504], [65.6898, 34.17039999020452], [65.7203, 34.18939999021428], [65.7288, 34.202599990221074], [65.7012, 34.224499990232346], [65.6763, 34.22469999023247], [65.667, 34.24239999024155], [65.6518, 34.24339999024211], [65.6514, 34.26389999025264], [65.66, 34.291299990266715], [65.6474, 34.300799990271635], [65.6556, 34.325799990284544], [65.645, 34.353399990298705], [65.6575, 34.361899990303115], [65.673, 34.346199990295005], [65.7081, 34.34599999029492], [65.7295, 34.33939999029153], [65.7516, 34.34779999029583], [65.7597, 34.33929999029147], [65.8151, 34.34859999029625], [65.8251, 34.34259999029317], [65.8465, 34.35399999029901], [65.8739, 34.33469999028911], [65.9001, 34.32749999028536], [65.9193, 34.32959999028646], [65.9361, 34.31299999027791], [65.9637, 34.31789999028043], [65.9923, 34.332199990287805], [66.0183, 34.36379999030409], [66.0347, 34.35739999030076], [66.0596, 34.35949999030183], [66.0972, 34.349599990296745], [66.1199, 34.36779999030612], [66.1397, 34.36309999030371], [66.1552, 34.33229999028788], [66.1776, 34.33539999028944], [66.2021, 34.328899990286075], [66.2248, 34.33309999028826], [66.2437, 34.34449999029413], [66.2623, 34.34349999029362], [66.2867, 34.355399990299745], [66.303, 34.352299990298135], [66.3295, 34.33549999028949], [66.324, 34.32499999028408], [66.332, 34.3061999902744], [66.3822, 34.30939999027602], [66.3876, 34.29379999026802], [66.4327, 34.29449999026839], [66.4478, 34.291499990266836], [66.461, 34.30689999027478], [66.4881, 34.3201999902816], [66.5214, 34.32969999028653], [66.5327, 34.326199990284735], [66.5408, 34.353799990298924], [66.5333, 34.36199999030316], [66.5514, 34.37619999031047], [66.5652, 34.398299990321874], [66.5447, 34.419999990333025], [66.6016, 34.452799990349966], [66.5952, 34.46759999035758], [66.6278, 34.49019999036927], [66.633, 34.518099990383625], [66.6593, 34.54639999039822], [66.6585, 34.57099999041095], [66.6826, 34.56849999040965], [66.7153, 34.601799990426855], [66.7279, 34.64019999044671], [66.7137, 34.652799990453175], [66.7006, 34.679599990467], [66.6504, 34.68489999046978], [66.6403, 34.682099990468316], [66.6086, 34.71599999048586], [66.5935, 34.713799990484716], [66.5679, 34.746999990501855], [66.5806, 34.75949999050828], [66.5844, 34.7946999905265], [66.5722, 34.80399999053132], [66.5316, 34.81909999053913], [66.52, 34.85349999055689], [66.4978, 34.858099990559275], [66.4749, 34.87269999056682], [66.4229, 34.91269999058753], [66.4134, 34.91839999059051], [66.4169, 34.93979999060153], [66.4316, 34.94929999060647], [66.4434, 34.96979999061705], [66.4398, 35.00179999063363], [66.4296, 35.01409999064001], [66.3922, 35.030999990648745], [66.391, 35.04049999065366], [66.3525, 35.0830999906757], [66.3204, 35.10309999068603], [66.2967, 35.13259999070133], [66.3014, 35.15399999071241], [66.3263, 35.20099999073672], [66.3536, 35.17989999072583], [66.3764, 35.1778999907248], [66.3844, 35.187699990729875], [66.418, 35.18689999072944], [66.429, 35.19309999073265], [66.4498, 35.181599990726696], [66.4711, 35.1894999907308], [66.5106, 35.182799990727304], [66.5199, 35.17489999072324], [66.5462, 35.1688999907201], [66.576, 35.17189999072169], [66.5877, 35.186599990729285], [66.6421, 35.20489999073877], [66.6785, 35.20219999073734], [66.7142, 35.25609999076526], [66.7285, 35.29099999078332], [66.7588, 35.32179999079928], [66.7806, 35.33219999080469], [66.7867, 35.35649999081728], [66.8111, 35.377799990828294], [66.8923, 35.40299999084134], [66.8767, 35.38869999083394], [66.8692, 35.36179999081999], [66.9146, 35.3526999908153], [66.9286, 35.35699999081754], [66.9629, 35.34569999081166], [66.9891, 35.35969999081888], [67.0187, 35.35839999081824], [67.0789, 35.377599990828145], [67.1291, 35.388099990833645], [67.1381, 35.396299990837875], [67.2305, 35.410399990845164], [67.3225, 35.45129999086635], [67.3504, 35.4322999908565], [67.3843, 35.420299990850275], [67.4197, 35.42619999085338], [67.436, 35.43399999085738], [67.4532, 35.45519999086837], [67.4785, 35.45739999086955], [67.5002, 35.447799990864546], [67.5398, 35.47379999087799], [67.597, 35.46859999087533], [67.6091, 35.47349999087788], [67.6598, 35.458499990870095], [67.6925, 35.45819999086993], [67.7213, 35.447299990864266], [67.7716, 35.451699990866544], [67.7979, 35.46489999087337], [67.8147, 35.48169999088207], [67.8443, 35.47799999088019], [67.866, 35.46809999087502], [67.8892, 35.478699990880536], [67.8998, 35.44809999086467], [67.9578, 35.457199990869405], [67.9999, 35.452799990867156], [68.0521, 35.45579999086866], [68.0667, 35.464999990873444], [68.1015, 35.467999990874986], [68.1211, 35.49009999088642], [68.1307, 35.4917999908873], [68.1597, 35.51599999089987], [68.1485, 35.53269999090849], [68.1546, 35.5469999909159], [68.1762, 35.568399990926984], [68.2055, 35.584699990935434], [68.21, 35.5928999909397], [68.1997, 35.61329999095023], [68.1781, 35.62929999095856], [68.1481, 35.64119999096466], [68.142, 35.652099990970356], [68.1447, 35.67819999098386], [68.1575, 35.704699990997554], [68.172, 35.708899990999754], [68.1937, 35.73289999101218], [68.2316, 35.75749999102492], [68.2402, 35.779899991036494], [68.2588, 35.790799991042135], [68.2734, 35.790799991042135], [68.2849, 35.81119999105269], [68.3037, 35.82539999106007], [68.3205, 35.852199991073945], [68.317, 35.88779999109233], [68.3323, 35.92369999111089], [68.3255, 35.937199991117936], [68.3252, 35.9607999911301], [68.3396, 35.97109999113546], [68.3394, 35.98659999114344], [68.3794, 36.022199991161884], [68.4078, 36.03789999117001], [68.4138, 36.05369999117818], [68.4458, 36.07209999118773], [68.4592, 36.096199991200116], [68.5119, 36.12919999121722], [68.5322, 36.1591999912327], [68.4905, 36.19799999125275], [68.4513, 36.217899991263046], [68.4265, 36.24119999127508], [68.3972, 36.24799999127857], [68.3823, 36.25719999128334], [68.3708, 36.27149999129073], [68.3699, 36.28779999129913], [68.3216, 36.33429999132315], [68.2885, 36.370399991341806], [68.2715, 36.39449999135425], [68.2462, 36.42129999136803], [68.2156, 36.463399991389764], [68.207, 36.467699991391996], [68.1829, 36.45459999138523], [68.1632, 36.50649999141201], [68.1706, 36.54439999143153], [68.1843, 36.54339999143102], [68.1885, 36.56629999144285], [68.2277, 36.555499991437216], [68.2376, 36.567999991443685], [68.2584, 36.574599991447094], [68.2952, 36.5634999914414], [68.3166, 36.54659999143263], [68.3799, 36.54789999143335], [68.3846, 36.55469999143688], [68.4361, 36.555499991437216], [68.4737, 36.535899991427144], [68.5203, 36.53989999142919], [68.534, 36.54439999143153], [68.5779, 36.528099991423126], [68.6047, 36.53109999142469], [68.6236, 36.52069999141932], [68.644, 36.521699991419844], [68.6735, 36.532999991425676], [68.6899, 36.53219999142522], [68.7305, 36.53929999142892], [68.7286, 36.52249999142024], [68.7599, 36.48229999139952], [68.8177, 36.43699999137615], [68.8312, 36.43019999137263], [68.8338, 36.41209999136329], [68.8566, 36.405399991359836], [68.8669, 36.43319999137418], [68.9019, 36.433999991374584], [68.9334, 36.45089999138331], [68.9576, 36.42189999136836], [68.975, 36.427499991371256], [68.9976, 36.42039999136757], [69.0327, 36.41829999136652], [69.0707, 36.40619999136023], [69.0707, 36.384199991348936], [69.0633, 36.36259999133776], [69.111, 36.350599991331585], [69.1214, 36.34449999132843], [69.1823, 36.35219999133239], [69.208, 36.33029999132109], [69.2346, 36.324699991318155], [69.214, 36.29159999130112], [69.2216, 36.28229999129629], [69.2416, 36.28229999129629], [69.2596, 36.274399991292206], [69.2833, 36.248699991278926], [69.2949, 36.22799999126823], [69.3106, 36.240399991274664], [69.3309, 36.24429999127667], [69.3475, 36.235299991272036], [69.3654, 36.246199991277635], [69.4083, 36.237099991272956], [69.4232, 36.243899991276436], [69.4425, 36.24109999127502], [69.4927, 36.274299991292175], [69.4921, 36.2808999912956], [69.5215, 36.297499991304164], [69.5521, 36.29469999130268], [69.6002, 36.31999999131577], [69.6369, 36.32819999131998], [69.6636, 36.35109999133185], [69.6701, 36.366399991339705], [69.6803, 36.368399991340745], [69.7001, 36.32339999131753], [69.7028, 36.284199991297285], [69.6995, 36.25769999128359], [69.717, 36.23519999127194], [69.7316, 36.22649999126749], [69.7591, 36.23859999127374], [69.7754, 36.22109999126466], [69.7831, 36.19809999125279], [69.7782, 36.163699991235056], [69.7837, 36.12139999121317], [69.772, 36.09769999120088], [69.7906, 36.08169999119265], [69.8173, 36.07859999119106], [69.8358, 36.07039999118678], [69.8691, 36.04009999117113], [69.8904, 35.99989999115036], [69.9044, 35.96409999113183], [69.9276, 35.94739999112315], [69.9225, 35.93679999111771], [69.942, 35.92789999111306], [69.96, 35.9087999911032], [69.9586, 35.8900999910935], [69.9699, 35.810099991052155], [69.9878, 35.78639999103989], [70.0171, 35.80969999105191], [70.0631, 35.81229999105328], [70.1051, 35.81989999105722], [70.1397, 35.820499991057524], [70.1696, 35.85299999107431], [70.1802, 35.85069999107316], [70.193, 35.88969999109331], [70.2048, 35.87699999108676], [70.2213, 35.87919999108791], [70.2738, 35.85699999107642], [70.2893, 35.85799999107691], [70.2927, 35.84629999107085], [70.2694, 35.831699991063296], [70.278, 35.815999991055186], [70.2659, 35.790899991042224], [70.2757, 35.781799991037474], [70.2788, 35.75039999102124], [70.26, 35.734799991013126], [70.264, 35.70999999100032], [70.2547, 35.702299990996295], [70.2623, 35.673499990981405], [70.2505, 35.66379999097637], [70.2856, 35.6504999909695], [70.3073, 35.65799999097338], [70.3412, 35.688799990989324], [70.3417, 35.70099999099565], [70.374, 35.71599999100339], [70.3975, 35.698799990994544], [70.4739, 35.6753999909824], [70.4981, 35.68289999098624], [70.4958, 35.65089999096971], [70.5024, 35.627299990957496], [70.5532, 35.592699990939614], [70.5616, 35.571299990928495], [70.5412, 35.50719999089527], [70.5336, 35.497399990890244], [70.5453, 35.48049999088146], [70.5402, 35.4523999908669], [70.5637, 35.44069999086087], [70.5952, 35.448699990865], [70.6049, 35.460999990871365], [70.6352, 35.46079999087127], [70.6478, 35.483599990883086], [70.6533, 35.505399990894354], [70.6432, 35.520699990902266], [70.6625, 35.52509999090456], [70.6864, 35.54569999091523], [70.7276, 35.51229999089795], [70.7376, 35.4939999908885], [70.7486, 35.490899990886845], [70.7779, 35.50379999089353], [70.7954, 35.500899990892066], [70.8238, 35.47759999087998], [70.8692, 35.47729999087979], [70.8903, 35.50739999089543], [70.8945, 35.52219999090309], [70.8842, 35.535499990909955], [70.8846, 35.55209999091856], [70.8728, 35.5751999909305], [70.8819, 35.59329999093991], [70.8722, 35.61079999094895], [70.8829, 35.61789999095262], [70.8796, 35.637099990962525], [70.9054, 35.636199990962105], [70.9338, 35.62219999095482], [70.9511, 35.6203999909539], [70.9655, 35.64399999096614], [70.9749, 35.64869999096856], [70.9819, 35.67729999098341], [71.0046, 35.679099990984334], [71.0171, 35.6902999909901], [71.0082, 35.71619999100351], [71.0132, 35.7423999910171], [70.984, 35.760199991026305], [70.9904, 35.78639999103989], [71.0198, 35.79439999104398], [71.0301, 35.818999991056735], [71.0589, 35.84219999106874], [71.0672, 35.855499991075604], [71.066, 35.89649999109684], [71.0776, 35.920099991109055], [71.1016, 35.94919999112414], [71.1224, 35.96129999113038], [71.1301, 35.982899991141515], [71.1229, 36.00579999115338], [71.1509, 36.02349999116251], [71.1699, 36.02479999116324], [71.1721, 36.02599999116381], [71.182, 36.01879999116012], [71.218, 36.0026999911518], [71.232, 35.99389999114725], [71.2576, 35.971599991135704], [71.2842, 35.962399991130965], [71.3127, 35.95739999112836], [71.3415, 35.94729999112316], [71.3566, 35.9330999911158], [71.3605, 35.90029999109879], [71.3713, 35.885199991091], [71.4167, 35.85879999107733], [71.4311, 35.84369999106953], [71.4646, 35.79469999104414], [71.4711, 35.779999991036576], [71.4721, 35.76999999103139], [71.4711, 35.75239999102227], [71.4757, 35.74109999101641], [71.4815, 35.73399999101272], [71.5027, 35.71899999100498], [71.5153, 35.701599990995994], [71.5197, 35.68379999098677], [71.5139, 35.66559999097731], [71.4959, 35.646599990967474], [71.4833, 35.62659999095713], [71.4927, 35.609499990948265], [71.5128, 35.596199990941415], [71.5679, 35.57419999092997], [71.5841, 35.564199990924855], [71.5935, 35.54929999091709], [71.5927, 35.53009999090716], [71.5859, 35.512099990897816], [71.5816, 35.49319999088804], [71.5877, 35.47089999087651], [71.592, 35.46569999087381], [71.6007, 35.45539999086849], [71.614, 35.44329999086223], [71.6223, 35.42969999085517], [71.6208, 35.410199990845065], [71.6111, 35.395499990837436], [71.5621, 35.36049999081935], [71.5315, 35.32789999080243], [71.5297, 35.300899990788444], [71.5477, 35.275699990775415], [71.6032, 35.223399990748355], [71.6338, 35.20309999073779], [71.6381, 35.18969999073089], [71.6291, 35.17009999072073], [71.6061, 35.14049999070541], [71.6043, 35.13809999070418], [71.5806, 35.12469999069726], [71.5351, 35.09869999068376], [71.5089, 35.071999990669944], [71.5074, 35.02819999064729], [71.5128, 35.018099990642064], [71.5114, 35.00879999063725], [71.5099, 35.00709999063637], [71.5071, 35.003999990634746], [71.5042, 35.000599990633006], [71.4934, 34.99419999062968], [71.4855, 34.98349999062416], [71.4768, 34.96029999061216], [71.4696, 34.94969999060665], [71.4682, 34.94869999060616], [71.4599, 34.942699990603046], [71.3368, 34.90159999058181], [71.3249, 34.89759999057974], [71.2896, 34.87499999056804], [71.2709, 34.844399990552205], [71.2558, 34.81029999053455], [71.2058, 34.75119999050402], [71.2032, 34.74819999050248], [71.1895, 34.73699999049668], [71.1513, 34.720399990488104], [71.151, 34.72029999048806], [71.1375, 34.711199990483365], [71.0916, 34.68039999046745], [71.0805, 34.672899990463556], [71.07, 34.66129999045757], [71.0689, 34.64599999044964], [71.0761, 34.62369999043814], [71.0797, 34.602899990427446], [71.0775, 34.58619999041881], [71.0765, 34.57849999041481], [71.0657, 34.558399990404425], [71.0477, 34.55109999040068], [71.0226, 34.55429999040232], [71.007, 34.556299990403346], [70.9876, 34.556099990403254], [70.9858, 34.556099990403254], [70.9805, 34.554199990402296], [70.9685, 34.549699990399944], [70.957, 34.53199999039084], [70.9555, 34.510099990379544], [70.9613, 34.4875999903679], [70.971, 34.46879999035823], [70.9915, 34.44309999034499], [71.02, 34.41449999033022], [71.0509, 34.38979999031749], [71.1222, 34.35679999030046], [71.1265, 34.332199990287805], [71.097, 34.262499990251946], [71.097, 34.24429999024254], [71.1064, 34.20939999022456], [71.1096, 34.189199990214156], [71.1082, 34.16519999020185], [71.1017, 34.15189999019501], [71.074, 34.12519999018127], [71.0628, 34.10539999017106], [71.0639, 34.08889999016258], [71.0671, 34.07299999015444], [71.0625, 34.05429999014482], [71.057, 34.04999999014264], [71.0466, 34.04199999013852], [71.0118, 34.03589999013538], [70.9977, 34.03339999013409], [70.9807, 34.028399990131554], [70.9771, 34.027399990131], [70.9656, 34.01379999012405], [70.9541, 34.004899990119455], [70.9397, 34.00089999011738], [70.9213, 34.002299990118125], [70.9179, 34.003199990118596], [70.8943, 34.00929999012171], [70.8843, 34.006999990120526], [70.8799, 33.99429999011402], [70.8707, 33.9788999901061], [70.8623, 33.96479999009889], [70.7914, 33.953499990093064], [70.657, 33.95479999009375], [70.656, 33.95479999009375], [70.6451, 33.953499990093064], [70.5221, 33.938799990085535], [70.4915, 33.93959999008599], [70.462, 33.94489999008868], [70.4546, 33.94619999008936], [70.4091, 33.954399990093584], [70.3281, 33.957199990094985], [70.3101, 33.96169999009727], [70.2755, 33.97609999010467], [70.219, 33.98069999010706], [70.207, 33.98419999010885], [70.1843, 33.990799990112244], [70.1187, 34.00999999012207], [70.0601, 34.02709999013085], [70.003, 34.043799990139455], [69.9977, 34.044099990139614], [69.9691, 34.04569999014044], [69.916, 34.03899999013698], [69.9158, 34.03899999013698], [69.9018, 34.034899990134896], [69.894, 34.03259999013368], [69.8892, 34.031199990132976], [69.8726, 34.017199990125775], [69.8705, 34.00129999011764], [69.8737, 33.98629999010993], [69.8724, 33.975299990104254], [69.8719, 33.97149999010233], [69.8605, 33.96169999009727], [69.8543, 33.95639999009459], [69.841, 33.94179999008711], [69.8471, 33.92689999007943], [69.8766, 33.90259999006697], [69.8852, 33.889399990060234], [69.8989, 33.85149999004081], [69.9076, 33.83559999003268], [69.9313, 33.80639999001768], [69.94, 33.79149999001007], [69.9472, 33.77189999000006], [69.9576, 33.75269998999022], [69.9727, 33.74489998998623], [69.9931, 33.742499989984985], [70.012, 33.74029998998387], [70.0252, 33.73549998998142], [70.0656, 33.720999989974004], [70.0789, 33.722899989974955], [70.1081, 33.727299989977205], [70.1135, 33.72149998997424], [70.1182, 33.7164999899717], [70.1265, 33.676999989951476], [70.1326, 33.66139998994352], [70.1369, 33.656299989940926], [70.1459, 33.649799989937634], [70.1704, 33.63869998993195], [70.174, 33.63209998992859], [70.1736, 33.607899989916206], [70.1531, 33.54479998988403], [70.1513, 33.52589998987439], [70.1549, 33.50659998986455], [70.1639, 33.488699989855455], [70.1776, 33.47339998984767], [70.1855, 33.46899998984542], [70.2132, 33.46139998984154], [70.2204, 33.45609998983885], [70.233, 33.43259998982688], [70.2856, 33.38299998980162], [70.3014, 33.35179998978578], [70.2965, 33.3279999897737], [70.2946, 33.318999989769125], [70.2642, 33.297599989758275], [70.1862, 33.24249998973029], [70.1684, 33.22999998972394], [70.1506, 33.21729998971752], [70.1247, 33.199099989708266], [70.1052, 33.189799989703566], [70.0836, 33.19129998970431], [70.0608, 33.19779998970761], [70.0599, 33.19809998970778], [70.048, 33.19409998970578], [70.0146, 33.14099998967889], [70.0145, 33.14079998967877], [70.0069, 33.13179998967422], [69.9947, 33.12739998967197], [69.9659, 33.129399989673], [69.9558, 33.1276999896721], [69.9313, 33.11509998966574], [69.9071, 33.10269998965949], [69.8809, 33.08929998965271], [69.8388, 33.086699989651365], [69.7718, 33.11479998966562], [69.7359, 33.10969998966304], [69.733, 33.109299989662844], [69.7027, 33.09089998965352], [69.6862, 33.08089998964846], [69.6678, 33.07699998964648], [69.6408, 33.08429998965018], [69.6084, 33.07909998964753], [69.5879, 33.07959998964781], [69.562, 33.07659998964631], [69.5476, 33.07499998964551], [69.5141, 33.056699989636265], [69.4878, 33.0282999896219], [69.4812, 33.01669998961603], [69.4684, 32.994299989604734], [69.4871, 32.88589998955014], [69.4774, 32.85699998953558], [69.4774, 32.85689998953555], [69.4692, 32.851399989532766], [69.4457, 32.83569998952487], [69.4212, 32.80679998951038], [69.4151, 32.80299998950843], [69.4085, 32.79879998950632], [69.387, 32.78529998949955], [69.3762, 32.771899989492795], [69.378, 32.75229998948296], [69.3834, 32.744399989479014], [69.3902, 32.737999989475824], [69.4147, 32.72549998946955], [69.4172, 32.71809998946584], [69.419, 32.70049998945703], [69.4291, 32.667399989440455], [69.4259, 32.65509998943425], [69.414, 32.63549998942448], [69.3611, 32.56849998939097], [69.3434, 32.55609998938483], [69.3058, 32.54489998937922], [69.3027, 32.54399998937875], [69.302, 32.54379998937866], [69.2819, 32.53279998937318], [69.279, 32.5296999893716], [69.2779, 32.52849998937101], [69.2516, 32.500599989357134], [69.2329, 32.46259998933817], [69.2279, 32.4212999893176], [69.2387, 32.37829998929625], [69.2646, 32.32239998926853], [69.2682, 32.3013999892581], [69.2671, 32.27959998924731], [69.2599, 32.23679998922615], [69.2596, 32.19459998920524], [69.252, 32.152199989184325], [69.2509, 32.13059998917368], [69.2707, 32.035999989127085], [69.302, 31.9598999890897], [69.3049, 31.946999989083395], [69.2988, 31.937699989078865], [69.2509, 31.907099989063855], [69.2239, 31.881899989051533], [69.2034, 31.85489998903831], [69.1936, 31.84189998903199], [69.1145, 31.737799988981223], [69.1001, 31.724099988974547], [69.0846, 31.715799988970517], [69.0716, 31.69789998896181], [69.04, 31.673099988949794], [69.004, 31.651099988939087], [68.9784, 31.641899988934643], [68.9773, 31.641499988934456], [68.9568, 31.642699988934996], [68.941, 31.64359998893547], [68.9071, 31.634299988930923], [68.8434, 31.606599988917534], [68.8261, 31.604799988916643], [68.8038, 31.602599988915603], [68.7772, 31.61859998892332], [68.7311, 31.675599988950978], [68.7055, 31.70129998896347], [68.698, 31.715899988970545], [68.6947, 31.756399988990253], [68.6882, 31.768599988996247], [68.6766, 31.774299988999005], [68.6756, 31.774699988999224], [68.64, 31.7802999890019], [68.6195, 31.783499989003516], [68.5612, 31.811799989017295], [68.5452, 31.81709998901988], [68.5273, 31.822999989022765], [68.505, 31.822699989022595], [68.4816, 31.815699989019198], [68.438, 31.795999989009573], [68.4186, 31.782999989003233], [68.4222, 31.773199988998456], [68.4395, 31.76659998899521], [68.4554, 31.764399988994164], [68.4614, 31.763599988993786], [68.5212, 31.76489998899439], [68.5406, 31.76259998899328], [68.5478, 31.75539998898981], [68.5496, 31.753499988988843], [68.5367, 31.741099988982853], [68.5244, 31.73469998897971], [68.5151, 31.729899988977373], [68.4982, 31.725199988975103], [68.4611, 31.730499988977652], [68.3694, 31.758499988991325], [68.356, 31.76259998899328], [68.3164, 31.765299988994588], [68.2771, 31.763599988993786], [68.2728, 31.764099988994015], [68.2552, 31.76639998899515], [68.2426, 31.77699998900034], [68.2321, 31.790199989006716], [68.2069, 31.80789998901536], [68.1914, 31.8150999890189], [68.1846, 31.818199989020414], [68.1779, 31.82029998902146], [68.1627, 31.82489998902368], [68.159, 31.825999989024233], [68.1385, 31.82469998902357], [68.1256, 31.811499989017147], [68.1043, 31.768699988996268], [68.0977, 31.758099988991084], [68.0935, 31.751499988987913], [68.0604, 31.725599988975286], [68.0557, 31.71659998897091], [68.0521, 31.69539998896061], [68.0467, 31.68839998895722], [67.9942, 31.663499988945098], [67.9772, 31.651899988939483], [67.9661, 31.63819998893285], [67.9655, 31.637899988932688], [67.9553, 31.633199988930397], [67.9146, 31.631299988929506], [67.9133, 31.631499988929583], [67.8844, 31.635599988931567], [67.8707, 31.635199988931397], [67.8426, 31.623499988925698], [67.781, 31.564199988897016], [67.7737, 31.559799988894852], [67.7643, 31.554099988892123], [67.7267, 31.53139998888113], [67.6964, 31.5208999888761], [67.6847, 31.51979998887558], [67.6762, 31.519099988875187], [67.6655, 31.518099988874724], [67.6567, 31.51979998887558], [67.6239, 31.52599998887854], [67.6003, 31.530399988880657], [67.569, 31.529899988880427], [67.556, 31.512299988871924], [67.5608, 31.50229998886714], [67.5632, 31.497199988864622], [67.578, 31.48209998885735], [67.591, 31.464799988849034]]]}},
{"type": "Feature", "properties": {"z": "PAK_N", "ISO_A3": "PAK", "c": "PAK"}, "geometry": {"type": "MultiPolygon", "coordinates": [[[[69.5248, 28.13779998738145], [69.5208, 28.177799987397112], [69.4887, 28.20369998740731], [69.4776, 28.204999987407792], [69.4657, 28.2173999874127], [69.476, 28.231699987418338], [69.4755, 28.268199987432745], [69.515, 28.24249998742261], [69.5258, 28.221699987414414], [69.5527, 28.2138999874113], [69.5783, 28.200899987406196], [69.5605, 28.169999987394064], [69.5606, 28.144099987383925], [69.5513, 28.129999987378405], [69.5248, 28.13779998738145]]], [[[69.5582, 28.34929998746495], [69.532, 28.389399987480953], [69.5566, 28.399099987484806], [69.5803, 28.365199987471307], [69.5823, 28.355499987467415], [69.6049, 28.35749998746822], [69.6373, 28.353899987466747], [69.6686, 28.335499987459457], [69.6948, 28.300499987445537], [69.7127, 28.293399987442736], [69.7379, 28.314399987451036], [69.7476, 28.313899987450842], [69.7419, 28.253399987426892], [69.7253, 28.241799987422322], [69.7087, 28.24829998742488], [69.6933, 28.263899987431028], [69.669, 28.252299987426454], [69.6626, 28.23809998742085], [69.6422, 28.230199987417734], [69.6038, 28.23179998741833], [69.5941, 28.256399987428065], [69.5926, 28.28819998744067], [69.5767, 28.312299987450228], [69.5582, 28.34929998746495]]], [[[70.5599, 27.998399987327318], [70.5351, 28.015999987334105], [70.5066, 28.029099987339155], [70.4912, 28.03339998734084], [70.4771, 28.037399987342397], [70.4562, 28.039799987343308], [70.4368, 28.035399987341616], [70.3983, 28.02179998733636], [70.3594, 28.01629998733422], [70.3421, 28.01149998733239], [70.3237, 28.000399987328066], [70.2676, 27.94529998730687], [70.1992, 27.90099998728992], [70.1625, 27.867299987277015], [70.1456, 27.87789998728107], [70.0745, 27.89499998728763], [70.0561, 27.90419998729111], [70.0285, 27.934299987302644], [69.9942, 27.939799987304777], [69.9629, 27.987599987323147], [69.9053, 28.045799987345625], [69.882, 28.07579998735729], [69.8422, 28.140199987382392], [69.844, 28.160999987390554], [69.8373, 28.181899987398737], [69.8557, 28.19469998740376], [69.8281, 28.24559998742382], [69.8305, 28.271299987433977], [69.8146, 28.274999987435447], [69.8097, 28.311799987450037], [69.8121, 28.32249998745429], [69.8158, 28.33879998746076], [69.8115, 28.361399987469788], [69.7999, 28.365699987471494], [69.7508, 28.405099987487226], [69.7251, 28.426999987496018], [69.6553, 28.43309998749847], [69.6222, 28.43309998749847], [69.597, 28.44779998750431], [69.6167, 28.469899987513237], [69.6019, 28.4747999875152], [69.4763, 28.487699987520397], [69.4377, 28.476699987515982], [69.4242, 28.46869998751277], [69.4187, 28.45339998750657], [69.3911, 28.44779998750431], [69.3608, 28.45119998750573], [69.355, 28.46189998751003], [69.3323, 28.52629998753599], [69.3219, 28.535499987539712], [69.3188, 28.551999987546413], [69.3494, 28.57039998755385], [69.377, 28.578999987557385], [69.4162, 28.59739998756484], [69.4806, 28.697899987605933], [69.518, 28.751199987627786], [69.5388, 28.79289998764503], [69.5339, 28.813699987653642], [69.5229, 28.832099987661255], [69.4812, 28.850499987668865], [69.4935, 28.89949998768926], [69.5407, 28.93199998770286], [69.5554, 28.95469998771235], [69.5774, 28.958999987714098], [69.5909, 28.99509998772929], [69.6142, 29.02759998774294], [69.6307, 29.041699987748885], [69.6528, 29.07109998776128], [69.6976, 29.088299987768533], [69.7264, 29.147099987793453], [69.7454, 29.172899987804374], [69.749, 29.18759998781065], [69.7386, 29.22429998782629], [69.7441, 29.244599987834977], [69.7625, 29.27889998784966], [69.765, 29.29479998785649], [69.746, 29.2978999878578], [69.7, 29.259899987841507], [69.6841, 29.258099987840726], [69.6804, 29.288099987853606], [69.6632, 29.308299987862295], [69.6363, 29.311999987863878], [69.6369, 29.32549998786967], [69.6651, 29.352399987881228], [69.67, 29.36529998788682], [69.6571, 29.387999987896574], [69.6295, 29.41619998790876], [69.6124, 29.422899987911673], [69.5817, 29.403299987903218], [69.567, 29.407599987905055], [69.5639, 29.451699987924144], [69.5738, 29.478099987935625], [69.5934, 29.4957999879433], [69.6007, 29.525899987956382], [69.6062, 29.599999987988774], [69.5928, 29.62759998800089], [69.6228, 29.639299988005984], [69.632, 29.665699988017618], [69.6514, 29.68459998802595], [69.6828, 29.696299988031114], [69.7049, 29.70909998803672], [69.738, 29.720199988041603], [69.7509, 29.738499988049714], [69.7895, 29.765499988061634], [69.8036, 29.785699988070583], [69.833, 29.851299988099694], [69.8459, 29.866599988106522], [69.8788, 29.895299988119312], [69.8888, 29.90459998812348], [69.9127, 29.960399988148406], [69.9219, 29.997199988164915], [69.9335, 30.02539998817754], [69.9721, 30.060299988193243], [69.9887, 30.104999988213404], [69.9881, 30.13939998822898], [69.9966, 30.152199988234738], [70.0052, 30.183499988248936], [70.0175, 30.183499988248936], [70.015, 30.204899988258642], [70.0218, 30.2177999882645], [70.0518, 30.225799988268164], [70.0739, 30.25519998828152], [70.0732, 30.274199988290196], [70.015, 30.27849998829217], [69.9923, 30.25269998828036], [69.9752, 30.261899988284593], [69.9868, 30.292599988298555], [69.9611, 30.291999988298326], [69.965, 30.321999988311987], [69.9985, 30.383899988340342], [69.9991, 30.434099988363382], [70.0046, 30.453099988372102], [70.0438, 30.497899988392746], [70.0518, 30.519899988402898], [70.0879, 30.587399988434147], [70.0959, 30.62659998845233], [70.0886, 30.68909998848138], [70.102, 30.70929998849079], [70.1112, 30.735699988503114], [70.1548, 30.73319998850193], [70.1682, 30.77429998852115], [70.2026, 30.77549998852171], [70.2179, 30.784699988526025], [70.2228, 30.826399988545504], [70.2295, 30.837999988550948], [70.2694, 30.840499988552153], [70.273, 30.860699988561638], [70.2534, 30.876599988569076], [70.2687, 30.941599988599677], [70.2687, 31.035399988643995], [70.2877, 31.06109998865612], [70.2945, 31.08619998866804], [70.2957, 31.149999988698326], [70.2891, 31.16249998870428], [70.2691, 31.18459998871479], [70.2595, 31.234599988738598], [70.2733, 31.241199988741812], [70.2673, 31.317599988778323], [70.2715, 31.36689998880195], [70.2782, 31.373499988805133], [70.2794, 31.421699988828287], [70.2673, 31.461999988847694], [70.2661, 31.48849998886045], [70.2559, 31.505299988868565], [70.2228, 31.480599988856653], [70.2035, 31.476399988854613], [70.1723, 31.43909998883666], [70.1536, 31.43189998883318], [70.1169, 31.42529998883002], [70.1169, 31.44269998883841], [70.094, 31.442099988838084], [70.0964, 31.420499988827725], [70.0718, 31.384399988810358], [70.0561, 31.38519998881076], [70.0459, 31.430099988832296], [70.023, 31.492099988862215], [70.011, 31.51069998887118], [69.9707, 31.509499988870598], [69.955, 31.522199988876743], [69.9448, 31.54019998888543], [69.9442, 31.56969998889966], [69.9496, 31.65569998894133], [69.952, 31.727899988976386], [69.9466, 31.766499988995214], [69.9575, 31.782699989003078], [69.9412, 31.798899989010987], [69.9442, 31.80919998901603], [69.9388, 31.85069998903629], [69.9568, 31.872999989047187], [69.9596, 31.896199989058506], [69.9629, 31.93189998907601], [69.9388, 31.93129998907569], [69.9238, 31.92109998907069], [69.9075, 31.89279998905686], [69.881, 31.880199989050702], [69.866, 31.8891999890551], [69.854, 31.884399989052767], [69.851, 31.92049998907043], [69.8738, 31.946399989083126], [69.8798, 31.97889998909904], [69.8443, 31.99209998910553], [69.8058, 32.01129998911496], [69.8022, 32.021599989120034], [69.8203, 32.03539998912677], [69.851, 32.09139998915435], [69.8491, 32.09859998915791], [69.7619, 32.08479998915108], [69.7445, 32.0762999891469], [69.6909, 32.06849998914307], [69.6578, 32.05649998913715], [69.6283, 32.00109998910992], [69.6031, 31.990299989104646], [69.5874, 31.97219998909576], [69.5724, 31.970399989094897], [69.5533, 31.95449998908707], [69.5357, 31.957799989088688], [69.523, 31.97219998909576], [69.4923, 31.963799989091655], [69.4225, 31.958399989089006], [69.375, 31.96199998909076], [69.357, 31.953599989086655], [69.3241, 31.947299989083568], [69.3263, 31.929999989075075], [69.2847, 31.91239998906646], [69.2641, 31.886599989053813], [69.2354, 31.87339998904737], [69.2034, 31.85489998903831], [69.2239, 31.881899989051533], [69.2509, 31.907099989063855], [69.2988, 31.937699989078865], [69.3049, 31.946999989083395], [69.302, 31.9598999890897], [69.2707, 32.035999989127085], [69.2509, 32.13059998917368], [69.252, 32.152199989184325], [69.2596, 32.19459998920524], [69.2599, 32.23679998922615], [69.2671, 32.27959998924731], [69.2682, 32.3013999892581], [69.2646, 32.32239998926853], [69.2387, 32.37829998929625], [69.2279, 32.4212999893176], [69.2329, 32.46259998933817], [69.2516, 32.500599989357134], [69.2779, 32.52849998937101], [69.279, 32.5296999893716], [69.2819, 32.53279998937318], [69.302, 32.54379998937866], [69.3027, 32.54399998937875], [69.3058, 32.54489998937922], [69.3434, 32.55609998938483], [69.3611, 32.56849998939097], [69.414, 32.63549998942448], [69.4259, 32.65509998943425], [69.4291, 32.667399989440455], [69.419, 32.70049998945703], [69.4172, 32.71809998946584], [69.4147, 32.72549998946955], [69.3902, 32.737999989475824], [69.3834, 32.744399989479014], [69.378, 32.75229998948296], [69.3762, 32.771899989492795], [69.387, 32.78529998949955], [69.4085, 32.79879998950632], [69.4151, 32.80299998950843], [69.4212, 32.80679998951038], [69.4457, 32.83569998952487], [69.4692, 32.851399989532766], [69.4774, 32.85689998953555], [69.4774, 32.85699998953558], [69.4871, 32.88589998955014], [69.4684, 32.994299989604734], [69.4878, 33.0282999896219], [69.5141, 33.056699989636265], [69.5476, 33.07499998964551], [69.562, 33.07659998964631], [69.5879, 33.07959998964781], [69.6084, 33.07909998964753], [69.6408, 33.08429998965018], [69.6678, 33.07699998964648], [69.6862, 33.08089998964846], [69.7027, 33.09089998965352], [69.733, 33.109299989662844], [69.7359, 33.10969998966304], [69.7718, 33.11479998966562], [69.8388, 33.086699989651365], [69.8809, 33.08929998965271], [69.9071, 33.10269998965949], [69.9313, 33.11509998966574], [69.9558, 33.1276999896721], [69.9659, 33.129399989673], [69.9947, 33.12739998967197], [70.0069, 33.13179998967422], [70.0145, 33.14079998967877], [70.0146, 33.14099998967889], [70.048, 33.19409998970578], [70.0599, 33.19809998970778], [70.0608, 33.19779998970761], [70.0836, 33.19129998970431], [70.1052, 33.189799989703566], [70.1247, 33.199099989708266], [70.1506, 33.21729998971752], [70.1684, 33.22999998972394], [70.1862, 33.24249998973029], [70.2642, 33.297599989758275], [70.2946, 33.318999989769125], [70.2965, 33.3279999897737], [70.3014, 33.35179998978578], [70.2856, 33.38299998980162], [70.233, 33.43259998982688], [70.2204, 33.45609998983885], [70.2132, 33.46139998984154], [70.1855, 33.46899998984542], [70.1776, 33.47339998984767], [70.1639, 33.488699989855455], [70.1549, 33.50659998986455], [70.1513, 33.52589998987439], [70.1531, 33.54479998988403], [70.1736, 33.607899989916206], [70.174, 33.63209998992859], [70.1704, 33.63869998993195], [70.1459, 33.649799989937634], [70.1369, 33.656299989940926], [70.1326, 33.66139998994352], [70.1265, 33.676999989951476], [70.1182, 33.7164999899717], [70.1135, 33.72149998997424], [70.1081, 33.727299989977205], [70.0789, 33.722899989974955], [70.0656, 33.720999989974004], [70.0252, 33.73549998998142], [70.012, 33.74029998998387], [69.9931, 33.742499989984985], [69.9727, 33.74489998998623], [69.9576, 33.75269998999022], [69.9472, 33.77189999000006], [69.94, 33.79149999001007], [69.9313, 33.80639999001768], [69.9076, 33.83559999003268], [69.8989, 33.85149999004081], [69.8852, 33.889399990060234], [69.8766, 33.90259999006697], [69.8471, 33.92689999007943], [69.841, 33.94179999008711], [69.8543, 33.95639999009459], [69.8605, 33.96169999009727], [69.8719, 33.97149999010233], [69.8724, 33.975299990104254], [69.8737, 33.98629999010993], [69.8705, 34.00129999011764], [69.8726, 34.017199990125775], [69.8892, 34.031199990132976], [69.9018, 34.034899990134896], [69.9158, 34.03899999013698], [69.916, 34.03899999013698], [69.9691, 34.04569999014044], [69.9977, 34.044099990139614], [70.003, 34.043799990139455], [70.0601, 34.02709999013085], [70.1187, 34.00999999012207], [70.1843, 33.990799990112244], [70.207, 33.98419999010885], [70.219, 33.98069999010706], [70.2755, 33.97609999010467], [70.3101, 33.96169999009727], [70.3281, 33.957199990094985], [70.4091, 33.954399990093584], [70.4546, 33.94619999008936], [70.462, 33.94489999008868], [70.4915, 33.93959999008599], [70.5221, 33.938799990085535], [70.6451, 33.953499990093064], [70.656, 33.95479999009375], [70.657, 33.95479999009375], [70.7914, 33.953499990093064], [70.8623, 33.96479999009889], [70.8707, 33.9788999901061], [70.8799, 33.99429999011402], [70.8843, 34.006999990120526], [70.8943, 34.00929999012171], [70.9179, 34.003199990118596], [70.9213, 34.002299990118125], [70.9397, 34.00089999011738], [70.9541, 34.004899990119455], [70.9656, 34.01379999012405], [70.9771, 34.027399990131], [70.9807, 34.028399990131554], [70.9977, 34.03339999013409], [71.0118, 34.03589999013538], [71.0466, 34.04199999013852], [71.057, 34.04999999014264], [71.0625, 34.05429999014482], [71.0671, 34.07299999015444], [71.0639, 34.08889999016258], [71.0628, 34.10539999017106], [71.074, 34.12519999018127], [71.1017, 34.15189999019501], [71.1082, 34.16519999020185], [71.1096, 34.189199990214156], [71.1064, 34.20939999022456], [71.097, 34.24429999024254], [71.097, 34.262499990251946], [71.1265, 34.332199990287805], [71.1222, 34.35679999030046], [71.0509, 34.38979999031749], [71.02, 34.41449999033022], [70.9915, 34.44309999034499], [70.971, 34.46879999035823], [70.9613, 34.4875999903679], [70.9555, 34.510099990379544], [70.957, 34.53199999039084], [70.9685, 34.549699990399944], [70.9858, 34.556099990403254], [71.007, 34.556299990403346], [71.0226, 34.55429999040232], [71.0477, 34.55109999040068], [71.0657, 34.558399990404425], [71.0765, 34.57849999041481], [71.0775, 34.58619999041881], [71.0797, 34.602899990427446], [71.0761, 34.62369999043814], [71.0689, 34.64599999044964], [71.07, 34.66129999045757], [71.0805, 34.672899990463556], [71.0916, 34.68039999046745], [71.1375, 34.711199990483365], [71.151, 34.72029999048806], [71.1513, 34.720399990488104], [71.1895, 34.73699999049668], [71.2032, 34.74819999050248], [71.2058, 34.75119999050402], [71.2558, 34.81029999053455], [71.2709, 34.844399990552205], [71.2896, 34.87499999056804], [71.3249, 34.89759999057974], [71.3368, 34.90159999058181], [71.4599, 34.942699990603046], [71.4682, 34.94869999060616], [71.4696, 34.94969999060665], [71.4768, 34.96029999061216], [71.4855, 34.98349999062416], [71.4934, 34.99419999062968], [71.5042, 35.000599990633006], [71.5071, 35.003999990634746], [71.5099, 35.00709999063637], [71.5114, 35.00879999063725], [71.5128, 35.018099990642064], [71.5074, 35.02819999064729], [71.5089, 35.071999990669944], [71.5351, 35.09869999068376], [71.5806, 35.12469999069726], [71.6043, 35.13809999070418], [71.6061, 35.14049999070541], [71.6291, 35.17009999072073], [71.6381, 35.18969999073089], [71.6338, 35.20309999073779], [71.6032, 35.223399990748355], [71.5477, 35.275699990775415], [71.5297, 35.300899990788444], [71.5315, 35.32789999080243], [71.5621, 35.36049999081935], [71.6111, 35.395499990837436], [71.6208, 35.410199990845065], [71.6223, 35.42969999085517], [71.614, 35.44329999086223], [71.6007, 35.45539999086849], [71.5877, 35.47089999087651], [71.5816, 35.49319999088804], [71.5859, 35.512099990897816], [71.5927, 35.53009999090716], [71.5935, 35.54929999091709], [71.5841, 35.564199990924855], [71.5679, 35.57419999092997], [71.5128, 35.596199990941415], [71.4927, 35.609499990948265], [71.4833, 35.62659999095713], [71.4959, 35.646599990967474], [71.5139, 35.66559999097731], [71.5197, 35.68379999098677], [71.5153, 35.701599990995994], [71.5027, 35.71899999100498], [71.4815, 35.73399999101272], [71.4757, 35.74109999101641], [71.4711, 35.75239999102227], [71.4721, 35.76999999103139], [71.4711, 35.779999991036576], [71.4646, 35.79469999104414], [71.4311, 35.84369999106953], [71.4167, 35.85879999107733], [71.3713, 35.885199991091], [71.3605, 35.90029999109879], [71.3566, 35.9330999911158], [71.3415, 35.94729999112316], [71.3127, 35.95739999112836], [71.2842, 35.962399991130965], [71.2576, 35.971599991135704], [71.232, 35.99389999114725], [71.218, 36.0026999911518], [71.182, 36.01879999116012], [71.1708, 36.026999991164345], [71.1658, 36.04569999117401], [71.1755, 36.061199991182036], [71.2075, 36.08769999119576], [71.2126, 36.09679999120047], [71.2176, 36.11799999121141], [71.223, 36.12539999121523], [71.2623, 36.145999991225864], [71.2929, 36.157899991232064], [71.3022, 36.16339999123488], [71.3091, 36.17269999123965], [71.3141, 36.1939999912507], [71.3191, 36.200599991254066], [71.3825, 36.218599991263424], [71.4027, 36.23129999126997], [71.479, 36.30049999130569], [71.4959, 36.30959999131042], [71.5146, 36.31519999131327], [71.5228, 36.316599991314], [71.5391, 36.31929999131544], [71.557, 36.327299991319535], [71.5582, 36.32779999131981], [71.5528, 36.3409999913266], [71.5423, 36.35639999133457], [71.547, 36.37159999134242], [71.5722, 36.39159999135275], [71.5805, 36.40229999135827], [71.5888, 36.41839999136658], [71.6007, 36.449299991382496], [71.6104, 36.4578999913869], [71.6291, 36.45959999138782], [71.6389, 36.45629999138612], [71.6493, 36.45269999138425], [71.7069, 36.421399991368105], [71.7364, 36.39589999135492], [71.7511, 36.39099999135242], [71.767, 36.391899991352865], [71.7825, 36.39649999135527], [71.7902, 36.403799991359016], [71.7943, 36.40759999136096], [71.7915, 36.421199991368006], [71.7745, 36.44839999138202], [71.7731, 36.48009999139838], [71.7936, 36.49079999140389], [71.8003, 36.49109999140404], [71.8584, 36.49419999140566], [71.8746, 36.49909999140815], [71.8787, 36.5020999914097], [71.9135, 36.52759999142288], [71.9246, 36.53269999142551], [71.961, 36.54959999143417], [71.9687, 36.555999991437524], [71.9772, 36.56309999144116], [71.9977, 36.57249999144597], [72.0287, 36.57859999144915], [72.0388, 36.580499991450125], [72.052, 36.590599991455356], [72.055, 36.59279999145646], [72.0564, 36.601799991461114], [72.0521, 36.61039999146551], [72.0503, 36.61859999146978], [72.0589, 36.62719999147421], [72.0708, 36.632299991476835], [72.0923, 36.637899991479735], [72.096, 36.63889999148021], [72.1543, 36.6454999914836], [72.1716, 36.65359999148781], [72.1694, 36.65899999149055], [72.1648, 36.670099991496265], [72.1497, 36.689299991506154], [72.1536, 36.702199991512785], [72.1698, 36.7112999915175], [72.2137, 36.72649999152536], [72.2173, 36.72709999152565], [72.2941, 36.74119999153286], [72.3019, 36.74269999153368], [72.3065, 36.74289999153374], [72.3462, 36.74489999153479], [72.3873, 36.75579999154038], [72.433, 36.75339999153911], [72.4542, 36.75799999154151], [72.4831, 36.77759999155162], [72.5169, 36.80059999156342], [72.5369, 36.8088999915677], [72.5651, 36.820599991573694], [72.6295, 36.83299999158007], [72.6958, 36.83669999158198], [72.7793, 36.8267999915769], [72.8679, 36.83039999157874], [72.897, 36.836999991582154], [72.9181, 36.84609999158679], [72.9211, 36.84739999158748], [72.9336, 36.849899991588764], [72.946, 36.852299991589966], [72.9769, 36.84209999158477], [72.9906, 36.84149999158443], [73.0021, 36.84609999158679], [73.0263, 36.859399991593634], [73.0325, 36.86129999159462], [73.0425, 36.864299991596155], [73.049, 36.86489999159646], [73.1919, 36.87699999160271], [73.2235, 36.87429999160129], [73.2527, 36.86799999159808], [73.2675, 36.866599991597326], [73.2819, 36.86799999159808], [73.3018, 36.873599991600976], [73.3162, 36.877599991603], [73.3319, 36.88199999160526], [73.3506, 36.880899991604664], [73.3718, 36.87969999160407], [73.3798, 36.87919999160379], [73.446, 36.88649999160755], [73.4472, 36.88629999160748], [73.4496, 36.885999991607285], [73.5094, 36.87859999160352], [73.5275, 36.881099991604806], [73.5485, 36.883999991606274], [73.6401, 36.89659999161273], [73.6712, 36.8955999916122], [73.7729, 36.89209999161042], [73.8341, 36.88289999160573], [73.8651, 36.87259999160042], [73.9468, 36.830799991578964], [73.9767, 36.82479999157588], [74.0065, 36.815799991571204], [74.0353, 36.81559999157116], [74.0944, 36.83119999157914], [74.1038, 36.84099999158419], [74.1041, 36.84129999158435], [74.1088, 36.87559999160197], [74.1153, 36.88949999160912], [74.1297, 36.89839999161372], [74.1459, 36.901599991615306], [74.1607, 36.90019999161459], [74.2117, 36.89509999161199], [74.2211, 36.8978999916134], [74.2359, 36.902199991615625], [74.2845, 36.934299991632116], [74.368, 36.97679999165391], [74.3939, 36.99399999166277], [74.418, 36.999299991665445], [74.4357, 37.00329999166751], [74.4533, 37.00419999166797], [74.4569, 37.00439999166806], [74.4767, 36.99919999166542], [74.4803, 36.99699999166431], [74.4887, 36.98739999165936], [74.5019, 36.97249999165171], [74.5028, 36.97179999165134], [74.5144, 36.96339999164706], [74.5213, 36.95849999164451], [74.5265, 36.9595999916451], [74.5375, 36.962199991646415], [74.5408, 36.97719999165414], [74.5444, 36.99399999166277], [74.5494, 37.00899999167042], [74.5473, 37.01569999167388], [74.5422, 37.021699991676975], [74.5617, 37.02969999168105], [74.5821, 37.033899991683235], [74.6081, 37.0390999916859], [74.6261, 37.042699991687755], [74.6625, 37.054499991693774], [74.6779, 37.05159999169231], [74.6923, 37.03589999168425], [74.7193, 37.01639999167422], [74.7924, 37.01509999167359], [74.8245, 36.994099991662814], [74.8533, 36.95899999164478], [74.8608, 36.94689999163856], [74.8669, 36.916499991623], [74.8723, 36.907099991618125], [74.8857, 36.911399991620335], [74.8921, 36.92099999162528], [74.8955, 36.93229999163105], [74.9008, 36.94989999164011], [74.9105, 36.96259999164665], [74.9235, 36.970099991650486], [74.9249, 36.970899991650896], [74.9422, 36.97689999165398], [74.9767, 36.984199991657725], [75.0145, 36.98449999165786], [75.1002, 36.994099991662814], [75.1186, 36.991199991661304], [75.133, 36.98459999165793], [75.1611, 36.96419999164751], [75.1953, 36.94889999163962], [75.3133, 36.92869999162921], [75.3511, 36.915799991622606], [75.3781, 36.89429999161158], [75.3943, 36.864299991596155], [75.4015, 36.82579999157638], [75.4033, 36.78469999155525], [75.4105, 36.747399991536064], [75.4318, 36.722899991523455], [75.4529, 36.72219999152308], [75.4762, 36.721299991522635], [75.4926, 36.72079999152235], [75.4987, 36.72759999152586], [75.5016, 36.73659999153049], [75.502, 36.7378999915312], [75.5081, 36.747699991536216], [75.5327, 36.75519999154006], [75.5704, 36.76669999154598], [75.6499, 36.75399999153948], [75.7288, 36.7231999915236], [75.7907, 36.68779999150541], [75.8497, 36.64479999148323], [75.8749, 36.619399991470175], [75.9765, 36.46259999138938], [75.9873, 36.421199991368006], [75.9685, 36.341799991327036], [75.9689, 36.30199999130645], [75.9765, 36.28699999129874], [76.0017, 36.261399991285515], [76.0121, 36.24809999127867], [76.0143, 36.23029999126943], [76.0017, 36.222199991265285], [75.9833, 36.215499991261815], [75.97, 36.202299991254996], [75.9693, 36.191699991249486], [75.9775, 36.17379999124025], [75.9765, 36.16279999123457], [75.9714, 36.15509999123061], [75.9642, 36.149799991227816], [75.9521, 36.14349999122457], [75.9348, 36.1343999912199], [75.9145, 36.12389999121444], [75.9016, 36.113599991209156], [75.8944, 36.097399991200746], [75.9001, 36.06349999118324], [75.9225, 36.0316999911668], [75.9531, 36.00719999115408], [75.9844, 35.99559999114812], [76.0614, 35.99159999114604], [76.0899, 35.97819999113913], [76.1147, 35.94179999112029], [76.1237, 35.90349999110051], [76.1277, 35.86209999107904], [76.1381, 35.82659999106068], [76.1662, 35.80619999105008], [76.1899, 35.80499999104952], [76.2371, 35.815499991054914], [76.2605, 35.817799991056084], [76.2807, 35.81419999105425], [76.2965, 35.80949999105184], [76.312, 35.80959999105188], [76.3487, 35.83089999106291], [76.3535, 35.83089999106291], [76.3574, 35.83089999106291], [76.3663, 35.83089999106291], [76.384, 35.82819999106148], [76.4031, 35.83089999106291], [76.4103, 35.836799991065945], [76.4225, 35.85429999107503], [76.4322, 35.86049999107819], [76.4538, 35.86479999108042], [76.4765, 35.86529999108069], [76.5003, 35.87159999108396], [76.5155, 35.88429999109053], [76.5371, 35.90229999109986], [76.5373, 35.90249999109998], [76.5553, 35.897899991097574], [76.5654, 35.86539999108072], [76.551, 35.783999991038584], [76.5708, 35.751199991021615], [76.6043, 35.735799991013685], [76.6767, 35.71369999100223], [76.7091, 35.69409999099208], [76.7328, 35.666599990977836], [76.7454, 35.65499999097182], [76.7634, 35.646999990967714], [76.7775, 35.64619999096729], [76.7794, 35.642399990965295], [76.9059, 35.392599990835954], [76.9767, 35.25279999076356], [76.9784, 35.249499990761855], [76.9945, 35.217899990745494], [77.0009, 35.2049999907388], [77.0489, 35.11039999068985], [77.0424, 35.10699999068808], [77.023, 35.08629999067736], [77.0269, 35.06219999066489], [77.0344, 35.03739999065204], [77.0352, 35.03449999065055], [77.0287, 35.00329999063439], [77.0133, 34.98649999062569], [77.009, 34.98369999062427], [76.9558, 34.948499990606074], [76.9528, 34.94649999060503], [76.9337, 34.928899990595866], [76.9211, 34.92079999059172], [76.906, 34.92319999059296], [76.8797, 34.93709999060018], [76.8527, 34.943399990603396], [76.8171, 34.94079999060208], [76.7821, 34.930899990596956], [76.7577, 34.91519999058883], [76.7537, 34.903599990582805], [76.7497, 34.89219999057693], [76.752, 34.858099990559275], [76.7533, 34.83829999054905], [76.744, 34.81929999053924], [76.6984, 34.783299990520625], [76.6596, 34.752599990504756], [76.6525, 34.746999990501855], [76.6396, 34.74119999049886], [76.5532, 34.725899990490966], [76.5359, 34.72609999049105], [76.5201, 34.731199990493714], [76.4765, 34.75779999050745], [76.438, 34.76289999051007], [76.4297, 34.760299990508734], [76.3998, 34.75079999050379], [76.3633, 34.73329999049474], [76.2619, 34.68459999046962], [76.2499, 34.682099990468316], [76.155, 34.66159999045773], [76.1219, 34.66089999045735], [76.0787, 34.6760999904652], [76.0582, 34.68339999046903], [76.0233, 34.67719999046579], [76.0181, 34.673299990463754], [76.0074, 34.66519999045962], [75.9869, 34.63659999044484], [75.9865, 34.63599999044449], [75.9732, 34.6223999904375], [75.9664, 34.61909999043579], [75.9394, 34.61209999043218], [75.9132, 34.59579999042374], [75.8929, 34.58329999041732], [75.8739, 34.571399990411166], [75.8163, 34.521599990385454], [75.7957, 34.5078999903784], [75.777, 34.50379999037629], [75.7349, 34.50859999037875], [75.7137, 34.508499990378674], [75.6557, 34.49699999037276], [75.6118, 34.49829999037345], [75.4274, 34.53959999039473], [75.3489, 34.557099990403785], [75.3483, 34.55729999040388], [75.3069, 34.57399999041251], [75.2676, 34.598399990425065], [75.2667, 34.59919999042553], [75.2514, 34.613099990432694], [75.2499, 34.6150999904337], [75.237, 34.63179999044236], [75.2132, 34.64489999044915], [75.2129, 34.64499999044917], [75.2124, 34.64499999044917], [75.1762, 34.645399990449356], [75.111, 34.6336999904433], [75.0264, 34.630099990441494], [75.0244, 34.62999999044143], [75.0178, 34.62969999044126], [74.665, 34.68839999047158], [74.4123, 34.764499990510906], [74.3489, 34.7733999905155], [74.2942, 34.76949999051348], [74.2859, 34.768899990513155], [74.2218, 34.747799990502266], [74.1469, 34.701799990478506], [74.121, 34.69079999047285], [74.036, 34.67869999046654], [73.9623, 34.668199990461126], [73.9517, 34.66399999045898], [73.9486, 34.66279999045836], [73.9194, 34.64259999044793], [73.9176, 34.61919999043586], [73.9255, 34.59329999042244], [73.9259, 34.56499999040782], [73.9111, 34.544999990397535], [73.8633, 34.51709999038315], [73.8471, 34.49429999037136], [73.8456, 34.45649999035187], [73.8402, 34.44439999034563], [73.8316, 34.43639999034154], [73.8121, 34.42759999033698], [73.8067, 34.42519999033572], [73.8036, 34.42319999033473], [73.7963, 34.4185999903323], [73.7892, 34.40899999032737], [73.7797, 34.39609999032073], [73.7747, 34.370999990307794], [73.7826, 34.34679999029531], [73.7935, 34.336999990290266], [73.8042, 34.32749999028536], [73.8291, 34.315299990279094], [73.8532, 34.30739999027502], [73.8791, 34.30429999027339], [73.9075, 34.306799990274726], [73.9367, 34.3043999902735], [73.9378, 34.30429999027339], [73.9387, 34.30329999027293], [73.9422, 34.29969999027102], [73.9543, 34.28719999026462], [73.959, 34.2767999902593], [73.9767, 34.23759999023909], [73.9907, 34.21849999022927], [73.9983, 34.19679999021808], [73.996, 34.18069999020981], [73.9954, 34.17649999020767], [73.9767, 34.161599990199996], [73.9643, 34.15619999019721], [73.9169, 34.135299990186475], [73.8931, 34.114799990175904], [73.8845, 34.08419999016018], [73.8939, 34.05429999014482], [73.9162, 34.02789999013127], [73.9457, 34.00979999012197], [73.9767, 34.00459999011934], [74.0451, 34.019499990126945], [74.0652, 34.01829999012634], [74.1185, 34.00259999011826], [74.1541, 34.004199990119126], [74.1919, 34.011899990123084], [74.2283, 34.01289999012356], [74.255, 33.99719999011551], [74.2596, 33.994399990114054], [74.2677, 33.97369999010346], [74.2722, 33.96209999009748], [74.2625, 33.92989999008098], [74.2395, 33.9009999900662], [74.2125, 33.87839999005461], [74.1775, 33.85749999004388], [74.1423, 33.84419999003708], [74.0346, 33.82859999002905], [74.0112, 33.810399990019754], [73.9767, 33.75889998999339], [73.9662, 33.73459998998095], [73.9638, 33.72479998997594], [73.963, 33.72149998997424], [73.9629, 33.72029998997366], [73.9608, 33.69229998995934], [73.963, 33.67679998995139], [73.9684, 33.66219998994395], [73.9767, 33.6483999899369], [73.9834, 33.643599989934444], [74.0242, 33.61419998991941], [74.0883, 33.58529998990466], [74.1047, 33.57419998989904], [74.1415, 33.54939998988636], [74.1577, 33.49429998985829], [74.1361, 33.41799998981944], [74.1055, 33.345199989782415], [74.0958, 33.32839998977389], [74.085, 33.314399989766756], [74.0721, 33.302199989760574], [74.0555, 33.29209998975544], [74.0177, 33.27949998974906], [74.0019, 33.27019998974438], [73.9918, 33.25259998973545], [73.9885, 33.20859998971313], [74.0022, 33.17769998969744], [74.0296, 33.154099989685484], [74.0659, 33.132699989674656], [74.0983, 33.10489998966059], [74.1538, 33.04019998962793], [74.1909, 33.02219998961879], [74.2841, 33.008899989612075], [74.3111, 32.994299989604734], [74.3219, 32.97209998959355], [74.3234, 32.94279998957876], [74.3244, 32.922399989568476], [74.3244, 32.921399989567995], [74.3367, 32.870199989542186], [74.3338, 32.84929998953168], [74.323, 32.83059998952229], [74.3064, 32.809999989511965], [74.3165, 32.791099989502484], [74.3204, 32.786699989500235], [74.3295, 32.77649998949514], [74.346, 32.76689998949031], [74.3676, 32.76359998948863], [74.3863, 32.76769998949069], [74.4191, 32.78459998949918], [74.4385, 32.786099989499924], [74.4555, 32.77859998949614], [74.4846, 32.75359998948364], [74.5008, 32.745999989479834], [74.521, 32.74529998947952], [74.5281, 32.746199989479955], [74.539, 32.74779998948071], [74.5739, 32.75259998948317], [74.5809, 32.75449998948405], [74.5933, 32.7578999894858], [74.6142, 32.770499989492116], [74.6221, 32.78549998949964], [74.6265, 32.802699989508305], [74.6358, 32.822099989518], [74.6535, 32.8373999895257], [74.6718, 32.84059998952732], [74.6795, 32.83519998952461], [74.6851, 32.83129998952263], [74.6891, 32.80879998951135], [74.6823, 32.78729998950057], [74.6571, 32.745399989479516], [74.6499, 32.72319998946839], [74.6502, 32.701199989457365], [74.6574, 32.66059998943702], [74.656, 32.64069998942709], [74.6481, 32.62359998941851], [74.6427, 32.615299989414396], [74.6397, 32.610699989412055], [74.6369, 32.60629998940986], [74.6297, 32.58809998940075], [74.6326, 32.56819998939081], [74.6625, 32.49839998935604], [74.6895, 32.47139998934258], [74.7251, 32.4607999893373], [74.7636, 32.46259998933817], [74.7993, 32.47269998934323], [74.8381, 32.47489998934433], [74.9069, 32.44519998932952], [74.9483, 32.44879998933129], [74.9725, 32.45709998933545], [74.9908, 32.46339998933857], [75.0139, 32.46539998933955], [75.0235, 32.46619998933998], [75.0549, 32.455599989334715], [75.0923, 32.429299989321585], [75.1261, 32.41179998931293], [75.1963, 32.397399989305775], [75.2302, 32.380199989297225], [75.327, 32.31249998926361], [75.3296, 32.3096999892622], [75.3467, 32.29119998925307], [75.3529, 32.284499989249746], [75.3591, 32.261699989238416], [75.3486, 32.24199998922867], [75.3166, 32.21079998921325], [75.3083, 32.19389998920491], [75.2959, 32.15319998918481], [75.2946, 32.14889998918267], [75.2857, 32.149499989183], [75.2633, 32.150999989183745], [75.25, 32.14889998918267], [75.2266, 32.14209998917934], [75.1956, 32.12859998917268], [75.1733, 32.10969998916335], [75.174, 32.08679998915209], [75.1614, 32.08799998915268], [75.1384, 32.09359998915545], [75.1297, 32.09029998915384], [75.1189, 32.08109998914928], [75.1103, 32.07769998914761], [75.102, 32.0780999891478], [75.0408, 32.09799998915763], [75.0225, 32.09469998915597], [75.03, 32.06639998914204], [74.9955, 32.06739998914256], [74.9861, 32.06319998914044], [74.9774, 32.04989998913395], [74.9742, 32.04509998913161], [74.9677, 32.037899989128036], [74.9555, 32.03219998912521], [74.9314, 32.02989998912407], [74.9087, 32.03189998912505], [74.8893, 32.02889998912359], [74.8731, 32.01169998911517], [74.857, 32.016699989117654], [74.8288, 32.02539998912185], [74.8111, 32.00369998911124], [74.8025, 31.96889998909413], [74.7938, 31.956799989088207], [74.7838, 31.94289998908138], [74.7629, 31.9389999890795], [74.7474, 31.941699989080796], [74.6985, 31.950299989085043], [74.6804, 31.92109998907069], [74.67, 31.90419998906245], [74.6571, 31.895699989058265], [74.6419, 31.890899989055924], [74.6412, 31.89059998905579], [74.6329, 31.885099989053106], [74.5851, 31.853499989037655], [74.5656, 31.840599989031322], [74.5505, 31.826999989024706], [74.5408, 31.810899989016814], [74.5368, 31.77569998899966], [74.535, 31.77109998899745], [74.5231, 31.75859998899134], [74.5177, 31.741599988983044], [74.5163, 31.737399988981046], [74.5033, 31.730599988977733], [74.4902, 31.712499988968926], [74.4893, 31.711199988968257], [74.4976, 31.701899988963756], [74.4994, 31.69989998896278], [74.5022, 31.695499988960663], [74.5538, 31.614899988921554], [74.5555, 31.61229998892029], [74.557, 31.607599988917993], [74.5847, 31.51759998887447], [74.5849, 31.517299988874353], [74.5962, 31.502199988867055], [74.6146, 31.477799988855296], [74.6171, 31.458899988846166], [74.6121, 31.440299988837232], [74.6002, 31.424099988829454], [74.5836, 31.406699988821067], [74.5717, 31.38929998881273], [74.5631, 31.370599988803736], [74.5352, 31.309899988774617], [74.5321, 31.303199988771414], [74.5253, 31.280299988760458], [74.5253, 31.277999988759397], [74.5251, 31.261599988751534], [74.525, 31.24039998874139], [74.5249, 31.235499988739072], [74.5213, 31.22639998873474], [74.5091, 31.195699988720104], [74.5062, 31.175399988710435], [74.5095, 31.156099988701264], [74.5136, 31.145299988696074], [74.5149, 31.14189998869448], [74.5235, 31.129299988688512], [74.5245, 31.128299988688024], [74.5368, 31.1151999886818], [74.5495, 31.110299988679465], [74.553, 31.10899998867885], [74.5969, 31.115899988682138], [74.6058, 31.115599988681957], [74.6171, 31.11529998868187], [74.6319, 31.107599988678185], [74.6502, 31.0930999886713], [74.6589, 31.083799988666897], [74.6009, 31.056599988654018], [74.5904, 31.04989998865082], [74.5793, 31.042699988647403], [74.5642, 31.024999988639042], [74.5642, 31.00439998862928], [74.5487, 30.992199988623533], [74.5347, 30.97629998861606], [74.5192, 30.962499988609537], [74.4994, 30.95659998860673], [74.4774, 30.956199988606556], [74.4587, 30.95339998860524], [74.4414, 30.94609998860179], [74.4347, 30.940699988599228], [74.4245, 30.932399988595368], [74.4133, 30.9150999885872], [74.4113, 30.908499988584126], [74.409, 30.901099988580572], [74.4015, 30.8931999885769], [74.3799, 30.89449998857749], [74.3786, 30.894799988577645], [74.3536, 30.901199988580643], [74.3424, 30.901899988581], [74.3298, 30.8995999885799], [74.3194, 30.893499988577027], [74.3107, 30.884499988572777], [74.3039, 30.87399998856789], [74.3115, 30.855999988559404], [74.3003, 30.838199988551068], [74.2798, 30.824599988544684], [74.2603, 30.819499988542297], [74.2567, 30.81529998854035], [74.2657, 30.795499988531027], [74.2668, 30.788399988527722], [74.2593, 30.780999988524275], [74.2359, 30.764099988516346], [74.215, 30.737499988503945], [74.1988, 30.724999988498134], [74.1912, 30.716999988494393], [74.1847, 30.696899988484997], [74.17, 30.687299988480536], [74.1635, 30.66489998847014], [74.1556, 30.65959998846765], [74.1325, 30.65549998846573], [74.1117, 30.646299988461465], [74.0958, 30.637199988457265], [74.0821, 30.625899988452023], [74.0674, 30.610599988444882], [74.0569, 30.59169998843615], [74.0616, 30.55559998841945], [74.0577, 30.531399988408232], [74.0496, 30.523899988404757], [74.044, 30.518699988402346], [74.0044, 30.508999988397903], [73.9961, 30.50109998839428], [73.99, 30.487799988388122], [73.9487, 30.43769998836502], [73.9392, 30.426099988359738], [73.9291, 30.419099988356468], [73.9165, 30.41719998835564], [73.9, 30.422099988357886], [73.9061, 30.394899988345422], [73.8877, 30.39659998834617], [73.8676, 30.387499988341983], [73.8517, 30.372699988335217], [73.8424, 30.35299998832616], [73.8917, 30.32979998831557], [73.9119, 30.30389998830372], [73.9345, 30.261099988284204], [73.9489, 30.21729998826431], [73.9443, 30.188299988251135], [73.7783, 30.06729998819644], [73.7548, 30.055799988191247], [73.7398, 30.04839998818793], [73.6331, 30.02739998817842], [73.558, 30.012499988171754], [73.3852, 29.942399988140348], [73.3704, 29.927399988133633], [73.2329, 29.53669998796109], [73.0507, 29.228299987828027], [72.9888, 29.154699987796647], [72.9629, 29.11679998778057], [72.9305, 29.047699987751386], [72.9183, 29.032999987745214], [72.9017, 29.022699987740868], [72.766, 28.960299987714688], [72.6956, 28.927999987701163], [72.3822, 28.78409998764139], [72.3545, 28.767199987634406], [72.2803, 28.687199987601506], [72.2566, 28.645599987584482], [72.1979, 28.444899987503177], [72.1777, 28.397099987483998], [72.15, 28.35379998746674], [72.1111, 28.317699987452364], [71.9884, 28.228099987416908], [71.9085, 28.135699987380626], [71.8969, 28.115599987372818], [71.8915, 28.09719998736563], [71.88, 27.974999987318284], [71.8743, 27.95979998731247], [71.8609, 27.950199987308743], [71.5906, 27.876799987280652], [71.5607, 27.868599987277545], [71.4772, 27.8624999872752], [71.3976, 27.86839998727748], [71.3449, 27.864299987275896], [71.3116, 27.86179998727497], [71.2263, 27.845499987268735], [71.1507, 27.822399987259974], [70.9138, 27.717799987220488], [70.8604, 27.707199987216512], [70.8317, 27.701499987214373], [70.7619, 27.709799987217494], [70.7104, 27.74109998722927], [70.6719, 27.791099987248092], [70.6409, 27.854899987272297], [70.6377, 27.874199987279653], [70.6416, 27.91129998729383], [70.6333, 27.931599987301617], [70.6211, 27.94419998730648], [70.593, 27.96449998731425], [70.5599, 27.998399987327318]]]]}},
{"type": "Feature", "properties": {"z": "PAK_S", "ISO_A3": "PAK", "c": "PAK"}, "geometry": {"type": "MultiPolygon", "coordinates": [[[[67.3904, 24.04929998614041], [67.4131, 24.048899986140334], [67.4581, 24.062699986143144], [67.4779, 24.05129998614082], [67.4855, 24.048599986140253], [67.4653, 24.040699986138694], [67.4606, 24.02679998613588], [67.4538, 24.01349998613322], [67.4268, 24.007599986132032], [67.4095, 24.01349998613322], [67.3933, 24.02809998613615], [67.3814, 24.046299986139836], [67.3753, 24.062699986143144], [67.3904, 24.04929998614041]]], [[[67.531, 24.06099998614281], [67.533, 24.07029998614468], [67.5096, 24.052099986140966], [67.4891, 24.054199986141438], [67.4671, 24.064199986143432], [67.4408, 24.07029998614468], [67.3836, 24.066899986144], [67.3541, 24.07089998614482], [67.3415, 24.08649998614802], [67.3372, 24.118999986154684], [67.3264, 24.14389998615982], [67.3004, 24.186399986168723], [67.2954, 24.199299986171436], [67.2932, 24.212299986174184], [67.2922, 24.26189998618477], [67.2886, 24.27009998618651], [67.2792, 24.28129998618891], [67.2883, 24.295799986192048], [67.2929, 24.302999986193633], [67.2868, 24.326599986198723], [67.286, 24.3295999861994], [67.3058, 24.342899986202315], [67.3364, 24.346499986203085], [67.3624, 24.34389998620253], [67.3426, 24.353999986204748], [67.3253, 24.35769998620554], [67.2828, 24.35769998620554], [67.2716, 24.369099986208056], [67.2734, 24.39519998621381], [67.2868, 24.439499986223705], [67.2806, 24.43239998622211], [67.2787, 24.43089998622178], [67.2734, 24.427099986220945], [67.2713, 24.42589998622063], [67.2587, 24.41919998621916], [67.2569, 24.444999986224943], [67.2468, 24.467999986230108], [67.2306, 24.48889998623485], [67.2108, 24.508499986239293], [67.231, 24.525099986243067], [67.2266, 24.532399986244734], [67.204, 24.535099986245367], [67.1946, 24.54729998624815], [67.1885, 24.5614999862514], [67.1834, 24.590399986258106], [67.1996, 24.5847999862568], [67.218, 24.58249998625629], [67.2367, 24.584099986256646], [67.2526, 24.590399986258106], [67.2238, 24.607299986262035], [67.209, 24.61379998626356], [67.1903, 24.617699986264462], [67.1726, 24.615999986264075], [67.16, 24.61229998626321], [67.1521, 24.615799986264037], [67.1496, 24.635199986268567], [67.1572, 24.66289998627508], [67.1755, 24.688799986281193], [67.2, 24.710699986286404], [67.2245, 24.72699998629031], [67.2529, 24.740499986293557], [67.2554, 24.748099986295376], [67.245, 24.761699986298648], [67.2328, 24.77079998630085], [67.2238, 24.769799986300608], [67.2126, 24.764799986299394], [67.1759, 24.75779998629771], [67.1672, 24.760199986298307], [67.1615, 24.78139998630341], [67.1561, 24.791599986305872], [67.1546, 24.793099986306267], [67.1705, 24.803799986308835], [67.1999, 24.813899986311277], [67.2595, 24.813799986311267], [67.2817, 24.80799998630989], [67.2941, 24.814299986311415], [67.311, 24.808899986310077], [67.3557, 24.773999986301643], [67.372, 24.781799986303497], [67.3972, 24.781799986303497], [67.4224, 24.790599986305654], [67.4327, 24.778699986302758], [67.4484, 24.783399986303912], [67.4814, 24.778399986302674], [67.4789, 24.761099986298486], [67.4969, 24.753599986296678], [67.5151, 24.799099986307695], [67.5614, 24.785199986304313], [67.5768, 24.792299986306066], [67.5738, 24.840599986317827], [67.5474, 24.891499986330412], [67.542, 24.90889998633468], [67.5279, 24.978599986352197], [67.5501, 24.990299986355133], [67.5469, 25.027999986364726], [67.5474, 25.06569998637438], [67.5295, 25.086999986379848], [67.5194, 25.11289998638654], [67.5057, 25.127999986390485], [67.4903, 25.128699986390647], [67.442, 25.147899986395643], [67.4041, 25.159199986398615], [67.3917, 25.17309998640223], [67.3696, 25.17609998640302], [67.3666, 25.19899998640908], [67.3502, 25.221799986415107], [67.3628, 25.26769998642727], [67.4075, 25.353899986450504], [67.4212, 25.35309998645029], [67.4353, 25.38569998645918], [67.4264, 25.40909998646559], [67.4406, 25.42679998647041], [67.4503, 25.468099986481825], [67.4639, 25.477599986484464], [67.4694, 25.492499986488617], [67.4639, 25.5217999864968], [67.4658, 25.631399986527754], [67.4618, 25.657899986535327], [67.4208, 25.647999986532483], [67.3874, 25.65139998653344], [67.3484, 25.64259998653094], [67.3217, 25.592499986516675], [67.3104, 25.585099986514578], [67.2756, 25.574799986511685], [67.2763, 25.544199986503035], [67.2491, 25.52129998649667], [67.221, 25.520199986496337], [67.2151, 25.488799986487592], [67.1878, 25.46779998648174], [67.1776, 25.45389998647793], [67.1741, 25.426299986470294], [67.1821, 25.39279998646111], [67.1564, 25.358199986451687], [67.1693, 25.339599986446647], [67.1682, 25.327499986443375], [67.15, 25.3202999864414], [67.13, 25.28999998643329], [67.135, 25.279299986430406], [67.1029, 25.245699986421442], [67.043, 25.20999998641195], [67.0383, 25.185999986405648], [67.023, 25.172299986402027], [67.0252, 25.155099986397502], [67.0188, 25.1373999863929], [67.031, 25.12149998638876], [67.0276, 25.110299986385893], [67.0017, 25.08919998638042], [66.9882, 25.063299986373742], [66.9669, 25.042799986368514], [66.9436, 25.03029998636532], [66.9381, 25.015599986361572], [66.8902, 25.014999986361403], [66.8488, 25.002899986358322], [66.8219, 24.973799986350965], [66.7917, 24.97259998635065], [66.7757, 24.964399986348603], [66.7703, 24.951799986345442], [66.7381, 24.92619998633904], [66.7243, 24.9191999863373], [66.7185, 24.915499986336346], [66.7084, 24.899999986332492], [66.7043, 24.89789998633199], [66.7043, 24.898899986332225], [66.6862, 24.908099986334523], [66.6812, 24.910599986335136], [66.6812, 24.922799986338173], [66.6812, 24.942899986343225], [66.6812, 24.94899998634472], [66.6971, 25.02559998636409], [66.6996, 25.085399986379457], [66.7043, 25.10439998638433], [66.7136, 25.120899986388615], [66.7324, 25.143299986394453], [66.7381, 25.159499986398675], [66.737, 25.181099986404362], [66.7216, 25.21259998641266], [66.7204, 25.218099986414096], [66.7176, 25.23119998641757], [66.71, 25.239399986419766], [66.674, 25.269099986427694], [66.6685, 25.27159998642833], [66.6596, 25.275699986429448], [66.6481, 25.283299986431462], [66.6121, 25.315199986440025], [66.5952, 25.330199986444118], [66.5606, 25.349699986449355], [66.5477, 25.365699986453723], [66.553, 25.382899986458376], [66.5538, 25.385499986459102], [66.5794, 25.379499986457493], [66.5845, 25.388099986459828], [66.5912, 25.399599986462963], [66.5881, 25.41909998646832], [66.5869, 25.426299986470294], [66.5642, 25.439599986473937], [66.5506, 25.457199986478827], [66.5416, 25.492199986488533], [66.5311, 25.51809998649575], [66.5128, 25.50839998649305], [66.5059, 25.522099986496844], [66.493, 25.51809998649575], [66.4865, 25.52569998649789], [66.4778, 25.54929998650449], [66.4588, 25.567999986509733], [66.444, 25.582499986513877], [66.4372, 25.59779998651815], [66.412, 25.590699986516167], [66.3878, 25.592499986516675], [66.3727, 25.60399998651993], [66.3756, 25.625699986526108], [66.3587, 25.61459998652295], [66.3508, 25.612099986522217], [66.3385, 25.6080999865211], [66.3032, 25.60459998652009], [66.2914, 25.605999986520516], [66.2719, 25.61129998652199], [66.2705, 25.611699986522098], [66.2582, 25.61199998652221], [66.2399, 25.599999986518807], [66.2039, 25.593299986516932], [66.1834, 25.581699986513616], [66.1702, 25.568999986510033], [66.1672, 25.56609998650922], [66.1556, 25.54929998650449], [66.1373, 25.513799986494526], [66.1315, 25.50839998649305], [66.1207, 25.504699986491996], [66.1197, 25.503799986491735], [66.1096, 25.495499986489467], [66.0998, 25.48439998648638], [66.0985, 25.482099986485686], [66.0948, 25.475499986483875], [66.0944, 25.4748999864837], [66.0951, 25.4748999864837], [66.1211, 25.475199986483815], [66.1514, 25.480099986485175], [66.1726, 25.483499986486095], [66.1931, 25.486799986487036], [66.2003, 25.487899986487317], [66.2129, 25.491399986488293], [66.2145, 25.492599986488635], [66.2237, 25.49949998649057], [66.2417, 25.518599986495893], [66.255, 25.522099986496844], [66.259, 25.52489998649767], [66.2568, 25.5385999865015], [66.2582, 25.543199986502774], [66.2791, 25.54999998650469], [66.3094, 25.55399998650579], [66.3364, 25.5534999865057], [66.3482, 25.54629998650365], [66.3526, 25.535599986500635], [66.3634, 25.530399986499177], [66.377, 25.527099986498254], [66.3792, 25.52619998649802], [66.3834, 25.524399986497535], [66.3886, 25.522099986496844], [66.3972, 25.512999986494304], [66.4099, 25.49419998648909], [66.412, 25.491199986488223], [66.4231, 25.48109998648545], [66.4307, 25.48659998648696], [66.4372, 25.491399986488293], [66.4562, 25.496099986489618], [66.4723, 25.49379998648895], [66.4757, 25.49339998648886], [66.4922, 25.48109998648545], [66.4577, 25.45389998647793], [66.498, 25.430499986471442], [66.5117, 25.414199986466986], [66.5016, 25.402399986463713], [66.4984, 25.39859998646268], [66.484, 25.400599986463227], [66.4656, 25.41169998646627], [66.4529, 25.421299986468938], [66.4372, 25.433299986472196], [66.3594, 25.465299986481057], [66.3119, 25.47509998648378], [66.2788, 25.467499986481666], [66.2518, 25.47289998648313], [66.2194, 25.46499998648099], [66.1939, 25.455599986478376], [66.187, 25.452999986477675], [66.1592, 25.446999986476026], [66.1165, 25.446699986475938], [66.0689, 25.446299986475807], [66.0048, 25.429699986471245], [65.9245, 25.41869998646821], [65.8817, 25.419699986468487], [65.8583, 25.417699986467948], [65.856, 25.41659998646762], [65.8241, 25.402399986463713], [65.8003, 25.395899986461956], [65.7654, 25.377999986457056], [65.7244, 25.371199986455235], [65.6718, 25.34739998644873], [65.652, 25.34449998644797], [65.6297, 25.346999986448655], [65.519, 25.375299986456312], [65.4882, 25.383199986458468], [65.4827, 25.38379998645866], [65.4677, 25.385499986459102], [65.4461, 25.380999986457915], [65.4227, 25.372399986455537], [65.4007, 25.366699986453966], [65.3824, 25.371199986455235], [65.387, 25.376499986456665], [65.3891, 25.38039998645773], [65.3953, 25.392299986460955], [65.3629, 25.390599986460522], [65.3363, 25.385299986459078], [65.3184, 25.37879998645728], [65.3132, 25.376899986456767], [65.2924, 25.3649999864535], [65.2677, 25.376599986456686], [65.2596, 25.380499986457774], [65.2322, 25.370699986455094], [65.211, 25.347999986448905], [65.188, 25.311099986438933], [65.18, 25.303799986436992], [65.1798, 25.303599986436925], [65.1703, 25.299499986435816], [65.1552, 25.296199986434914], [65.1433, 25.295899986434847], [65.1181, 25.301999986436485], [65.0897, 25.305599986437475], [65.0729, 25.310499986438785], [65.0587, 25.314599986439887], [65.0422, 25.3165999864404], [65.0402, 25.3165999864404], [64.9806, 25.3165999864404], [64.9304, 25.325399986442786], [64.9205, 25.327099986443255], [64.8895, 25.328399986443614], [64.8846, 25.32629998644305], [64.8611, 25.3165999864404], [64.8415, 25.324399986442522], [64.8391, 25.325399986442786], [64.8074, 25.328499986443635], [64.7444, 25.32409998644243], [64.7185, 25.314499986439834], [64.7117, 25.30939998643847], [64.6958, 25.297599986435294], [64.6786, 25.276799986429726], [64.6685, 25.255199986423953], [64.6627, 25.229199986417033], [64.6634, 25.216999986413818], [64.6685, 25.2066999864111], [64.68, 25.201599986409747], [64.6962, 25.19709998640857], [64.7092, 25.190699986406887], [64.7102, 25.179399986403904], [64.7023, 25.17879998640377], [64.6552, 25.165799986400355], [64.6408, 25.166699986400562], [64.6303, 25.16939998640126], [64.6152, 25.17319998640228], [64.6004, 25.17319998640228], [64.6271, 25.21169998641242], [64.6278, 25.22849998641687], [64.6105, 25.251799986423038], [64.5929, 25.26139998642561], [64.5655, 25.270299986427982], [64.5371, 25.275999986429518], [64.5184, 25.275699986429448], [64.5166, 25.274399986429067], [64.5065, 25.26699998642713], [64.4921, 25.24579998642146], [64.4802, 25.24149998642031], [64.4676, 25.240499986420048], [64.4392, 25.2345999864185], [64.4239, 25.239099986419664], [64.4176, 25.240899986420143], [64.3826, 25.27159998642833], [64.3607, 25.283099986431445], [64.3182, 25.29229998643388], [64.275, 25.296199986434914], [64.2656, 25.29869998643562], [64.2527, 25.311599986439084], [64.2448, 25.3165999864404], [64.1885, 25.31859998644099], [64.1839, 25.31879998644101], [64.177, 25.32009998644139], [64.097, 25.33549998644553], [64.0946, 25.335999986445643], [64.0946, 25.349999986449458], [64.1036, 25.367899986454322], [64.1042, 25.37079998645511], [64.1069, 25.385499986459102], [64.1028, 25.389899986460282], [64.1018, 25.390899986460585], [64.0921, 25.39609998646201], [64.0835, 25.403599986464087], [64.0795, 25.41619998646751], [64.0838, 25.42679998647041], [64.0939, 25.431799986471813], [64.1173, 25.433299986472196], [64.1407, 25.428999986471002], [64.1508, 25.432099986471865], [64.1551, 25.446999986476026], [64.1508, 25.4513999864772], [64.1274, 25.45389998647793], [64.0817, 25.44389998647511], [64.0565, 25.44189998647459], [64.0453, 25.450399986476928], [63.9895, 25.425499986470076], [63.9766, 25.412799986466602], [63.9913, 25.41669998646765], [63.9971, 25.419699986468487], [64.0043, 25.40209998646364], [64.0118, 25.397299986462354], [64.0216, 25.402799986463837], [64.0352, 25.41619998646751], [64.0489, 25.416499986467617], [64.0615, 25.39919998646285], [64.0795, 25.3649999864535], [64.0666, 25.346299986448464], [64.0597, 25.344699986448003], [64.0464, 25.344599986447996], [64.0421, 25.34449998644797], [64.005, 25.339099986446488], [63.987, 25.33839998644629], [63.9697, 25.34449998644797], [63.9488, 25.33669998644583], [63.9442, 25.33499998644539], [63.9206, 25.33889998644647], [63.9067, 25.341199986447084], [63.8048, 25.37499998645627], [63.7379, 25.385299986459078], [63.6994, 25.384399986458785], [63.6698, 25.383599986458602], [63.6047, 25.37439998645608], [63.5781, 25.36659998645397], [63.5726, 25.3649999864535], [63.5543, 25.35629998645117], [63.546, 25.35039998644957], [63.5377, 25.34449998644797], [63.5104, 25.3165999864404], [63.4956, 25.291399986433618], [63.4852, 25.28439998643176], [63.475, 25.28759998643262], [63.4693, 25.289299986433075], [63.472, 25.280199986430627], [63.474, 25.273299986428775], [63.4816, 25.260199986425285], [63.5186, 25.220899986414857], [63.5179, 25.21429998641312], [63.5118, 25.200299986409423], [63.5068, 25.195599986408155], [63.5006, 25.193699986407676], [63.4686, 25.199099986409095], [63.4292, 25.21519998641337], [63.411, 25.222599986415315], [63.3768, 25.22779998641668], [63.3614, 25.226099986416223], [63.308, 25.22049998641476], [63.2915, 25.222899986415374], [63.2512, 25.238799986419593], [63.2443, 25.24149998642031], [63.1784, 25.258099986424725], [63.1439, 25.26099998642551], [63.1231, 25.25709998642447], [63.1133, 25.255199986423953], [63.0776, 25.23739998641923], [63.0575, 25.227399986416604], [63.051, 25.22419998641574], [63.028, 25.22049998641476], [63.023, 25.220899986414857], [62.9423, 25.22779998641668], [62.7706, 25.261999986425767], [62.6378, 25.265299986426633], [62.605, 25.266099986426855], [62.5276, 25.264299986426366], [62.4921, 25.260599986425394], [62.4772, 25.259099986424992], [62.4765, 25.25799998642471], [62.4649, 25.23739998641923], [62.4674, 25.22359998641558], [62.4894, 25.21429998641312], [62.4696, 25.2066999864111], [62.4444, 25.213999986413015], [62.4138, 25.206599986411057], [62.3854, 25.192599986407362], [62.3659, 25.179399986403904], [62.3548, 25.16949998640131], [62.3432, 25.155499986397658], [62.336, 25.139899986393566], [62.3393, 25.12489998638966], [62.3519, 25.112799986386523], [62.3731, 25.10839998638538], [62.3872, 25.101699986383643], [62.381, 25.08769998638006], [62.3396, 25.087499986379967], [62.29, 25.090099986380636], [62.2561, 25.09869998638287], [62.2907, 25.12489998638966], [62.2993, 25.128899986390714], [62.3083, 25.128199986390506], [62.3152, 25.130299986391087], [62.318, 25.141899986394062], [62.304, 25.16689998640063], [62.2999, 25.178499986403654], [62.2975, 25.18529998640546], [62.2543, 25.212199986412525], [62.2392, 25.213199986412793], [62.2259, 25.214199986413092], [62.1999, 25.218699986414272], [62.1917, 25.220199986414677], [62.186, 25.219999986414642], [62.1786, 25.21969998641454], [62.1452, 25.218499986414194], [62.1349, 25.21509998641333], [62.0947, 25.201999986409856], [62.0801, 25.197299986408623], [62.0786, 25.194799986407983], [62.0588, 25.161599986399235], [62.0732, 25.150599986396358], [62.0779, 25.12769998639042], [62.0887, 25.11839998638798], [62.097, 25.107099986385034], [62.0754, 25.100799986383393], [62.0358, 25.103099986384006], [61.989, 25.10809998638532], [61.9296, 25.109599986385703], [61.9041, 25.106199986384787], [61.881, 25.103099986384006], [61.8791, 25.099599986383094], [61.8681, 25.078999986377777], [61.8662, 25.075499986376894], [61.8576, 25.06689998637467], [61.8472, 25.03799998636728], [61.8353, 25.038399986367356], [61.822, 25.03059998636539], [61.8148, 25.02629998636426], [61.7906, 25.01779998636211], [61.7809, 25.016699986361807], [61.7777, 25.01629998636172], [61.755, 25.013499986361012], [61.7294, 25.02179998636312], [61.7201, 25.037399986367106], [61.7258, 25.058999986372648], [61.7359, 25.069599986375362], [61.7284, 25.083099986378866], [61.7323, 25.091699986381048], [61.7496, 25.10439998638433], [61.76, 25.11539998638718], [61.7603, 25.115999986387326], [61.7613, 25.11869998638809], [61.7626, 25.121999986388897], [61.7669, 25.14579998639511], [61.7703, 25.150099986396217], [61.7802, 25.16269998639951], [61.7838, 25.17319998640228], [61.7831, 25.187999986406144], [61.7795, 25.191099986406982], [61.7669, 25.186299986405732], [61.755, 25.17569998640295], [61.7496, 25.17319998640228], [61.7442, 25.174999986402767], [61.7312, 25.18409998640516], [61.7136, 25.188099986406204], [61.7024, 25.19709998640857], [61.6942, 25.2005999864095], [61.6826, 25.20169998640977], [61.6502, 25.2005999864095], [61.634, 25.203999986410405], [61.6249, 25.204399986410493], [61.6243, 25.204399986410493], [61.6124, 25.2005999864095], [61.5883, 25.202099986409866], [61.62, 25.285599986432093], [61.643, 25.613399986522612], [61.6466, 25.627699986526665], [61.6524, 25.63729998652943], [61.6672, 25.650499986533205], [61.6736, 25.658399986535446], [61.6765, 25.69289998654536], [61.6654, 25.732499986556775], [61.6603, 25.7692999865675], [61.6816, 25.795599986575176], [61.7024, 25.800199986576548], [61.7219, 25.79979998657642], [61.7392, 25.803299986577468], [61.7546, 25.820099986582388], [61.76, 25.83769998658754], [61.8097, 26.16749998668737], [61.8184, 26.198499986697044], [61.8331, 26.225499986705465], [61.8572, 26.242399986710772], [61.8896, 26.250699986713347], [61.9104, 26.25599998671503], [61.974, 26.27229998672014], [61.9778, 26.273299986720506], [61.9988, 26.28589998672446], [62.0057, 26.289899986725707], [62.0135, 26.294599986727167], [62.0322, 26.302899986729845], [62.0527, 26.30859998673161], [62.0879, 26.313999986733332], [62.0941, 26.31489998673365], [62.1031, 26.325099986736863], [62.1067, 26.34969998674468], [62.124, 26.373999986752455], [62.1614, 26.36959998675104], [62.2057, 26.355399986746477], [62.2435, 26.35069998674502], [62.2533, 26.355399986746477], [62.2651, 26.36099998674828], [62.2646, 26.370499986751316], [62.2644, 26.375199986752854], [62.2543, 26.393599986758705], [62.2489, 26.416499986766066], [62.2561, 26.428999986770105], [62.2646, 26.436499986772485], [62.2675, 26.438999986773325], [62.2874, 26.45659998677899], [62.2979, 26.474099986784637], [62.2968, 26.4803999867867], [62.29, 26.492499986790634], [62.2921, 26.50129998679351], [62.2982, 26.50879998679595], [62.3069, 26.513699986797537], [62.3138, 26.516199986798366], [62.3255, 26.520299986799674], [62.3267, 26.52069998679984], [62.3476, 26.53329998680394], [62.3558, 26.536599986805], [62.3652, 26.537599986805354], [62.3686, 26.53749998680531], [62.3864, 26.536599986805], [62.39, 26.53749998680531], [62.3965, 26.538999986805816], [62.4026, 26.543899986807393], [62.4106, 26.556899986811658], [62.4185, 26.562399986813457], [62.4278, 26.56479998681424], [62.4981, 26.571499986816455], [62.5208, 26.57359998681716], [62.5532, 26.576699986818134], [62.5576, 26.57709998681829], [62.5952, 26.580699986819482], [62.6158, 26.5870999868216], [62.632, 26.600399986825987], [62.6406, 26.605199986827557], [62.643, 26.604699986827356], [62.6514, 26.603299986826904], [62.6626, 26.598299986825257], [62.6712, 26.59769998682505], [62.689, 26.60139998682629], [62.6985, 26.603299986826904], [62.7018, 26.603999986827148], [62.718, 26.61059998682931], [62.7198, 26.611799986829723], [62.7248, 26.61519998683085], [62.7349, 26.632399986836525], [62.7428, 26.64139998683952], [62.7536, 26.644199986840462], [62.7537, 26.644199986840462], [62.7599, 26.644099986840388], [62.7817, 26.643599986840226], [62.8213, 26.64269998683996], [62.8685, 26.641699986839622], [62.9278, 26.64029998683915], [62.934, 26.6401999868391], [62.9905, 26.638899986838684], [63.0294, 26.633599986836927], [63.0313, 26.633599986836927], [63.0547, 26.63299998683672], [63.069, 26.632599986836603], [63.0982, 26.63839998683853], [63.1075, 26.637599986838225], [63.1313, 26.62589998683438], [63.1414, 26.625499986834242], [63.1637, 26.64509998684076], [63.1645, 26.64819998684176], [63.1745, 26.685199986854062], [63.1824, 26.830299986902887], [63.1896, 26.84599998690824], [63.2062, 26.85369998691087], [63.2462, 26.859599986912887], [63.2465, 26.859599986912887], [63.2616, 26.871799986917054], [63.2648, 26.890099986923275], [63.2566, 26.90629998692882], [63.2531, 26.910699986930332], [63.244, 26.92239998693437], [63.235, 26.941199986940823], [63.2299, 27.05409998697997], [63.2314, 27.065999986984124], [63.2357, 27.075999986987625], [63.2461, 27.089599986992376], [63.2501, 27.099599986995912], [63.2609, 27.115599987001527], [63.2807, 27.123199987004174], [63.3005, 27.123299987004234], [63.3023, 27.123299987004234], [63.3196, 27.117299987002113], [63.3087, 27.138999987009758], [63.2857, 27.184699987025915], [63.2713, 27.20349998703255], [63.2605, 27.213799987036253], [63.2515, 27.218899987038032], [63.2305, 27.225699987040464], [63.2267, 27.226999987040912], [63.2155, 27.233299987043196], [63.211, 27.23699998704448], [63.1896, 27.25459998705073], [63.1804, 27.257399987051762], [63.177, 27.258399987052133], [63.1669, 27.25869998705223], [63.1122, 27.24329998704671], [63.087, 27.24419998704707], [63.0857, 27.24429998704709], [63.0827, 27.244399987047114], [63.056, 27.24329998704671], [63.0038, 27.22879998704158], [62.9196, 27.21489998703663], [62.9113, 27.214499987036465], [62.8985, 27.213799987036253], [62.8922, 27.213499987036094], [62.8897, 27.213999987036317], [62.8609, 27.219699987038346], [62.8595, 27.220399987038586], [62.8375, 27.23119998704243], [62.8292, 27.233699987043344], [62.8224, 27.23249998704291], [62.8093, 27.225699987040464], [62.8087, 27.225399987040348], [62.8008, 27.225199987040295], [62.7857, 27.23249998704291], [62.7425, 27.266899987055172], [62.7583, 27.26769998705546], [62.768, 27.274499987057904], [62.7742, 27.285599987061858], [62.7788, 27.299899987066997], [62.7806, 27.316099987072803], [62.7756, 27.326999987076746], [62.7562, 27.348199987084385], [62.8087, 27.453399987122562], [62.8148, 27.49499998713782], [62.7803, 27.829699987262735], [62.7356, 27.994999987326015], [62.7662, 28.211499987410356], [62.7616, 28.246399987424127], [62.7392, 28.258299987428803], [62.5758, 28.229099987417293], [62.5553, 28.24039998742177], [62.4923, 28.300699987445604], [62.4779, 28.322299987454194], [62.471, 28.339699987461135], [62.4642, 28.349899987465164], [62.4538, 28.355799987467513], [62.4372, 28.360499987469407], [62.421, 28.36869998747268], [62.4109, 28.380699987477474], [62.4023, 28.394099987482843], [62.3904, 28.406199987487685], [62.3627, 28.41889998749275], [62.2306, 28.44249998750222], [62.1474, 28.475299987515413], [62.1157, 28.48139998751789], [62.0491, 28.486399987519878], [62.0189, 28.494699987523212], [61.971, 28.519099987533103], [61.9112, 28.533799987539005], [61.8929, 28.542699987542623], [61.8612, 28.574899987555668], [61.7978, 28.626699987576757], [61.7561, 28.673999987596098], [61.6531, 28.756299987629898], [61.624, 28.787699987642878], [61.5952, 28.842799987665728], [61.5664, 28.870999987677425], [61.5613, 28.88599998768364], [61.5588, 28.90269998769059], [61.553, 28.92219998769872], [61.5109, 29.007499987734455], [61.5023, 29.017799987738826], [61.502, 29.01799998773886], [61.4911, 29.02549998774206], [61.4827, 29.028899987743447], [61.4782, 29.03069998774425], [61.4702, 29.035999987746486], [61.4681, 29.041799987748885], [61.471, 29.047799987751418], [61.4872, 29.062999987757852], [61.4902, 29.070599987761064], [61.4908, 29.071999987761664], [61.4879, 29.080799987765378], [61.4782, 29.087499987768194], [61.4744, 29.088899987768777], [61.4609, 29.093899987770932], [61.4533, 29.108399987777027], [61.4479, 29.125399987784238], [61.4444, 29.130399987786383], [61.4378, 29.13969998779032], [61.427, 29.144699987792443], [61.4164, 29.14699998779339], [61.4087, 29.148599987794068], [61.3979, 29.15919998779857], [61.3928, 29.170499987803378], [61.39, 29.195499987814024], [61.3871, 29.20669998781877], [61.3741, 29.22389998782613], [61.3424, 29.254599987839285], [61.3327, 29.274899987847945], [61.3327, 29.294599987856362], [61.3446, 29.32959998787141], [61.3464, 29.349099987879825], [61.3374, 29.374399987890737], [61.3198, 29.38539998789546], [61.2989, 29.392699987898613], [61.2791, 29.40659998790463], [60.9781, 29.720699988041822], [60.8442, 29.8581999881028], [60.8759, 29.84549998809711], [60.8876, 29.842199988095654], [61.9543, 29.542899987963846], [62.3746, 29.42489998791255], [62.4775, 29.40789998790518], [63.5687, 29.49749998794403], [63.9719, 29.429599987914596], [64.0147, 29.413499987907613], [64.086, 29.386699987896044], [64.0861, 29.386699987896044], [64.1134, 29.39629998790015], [64.1497, 29.45859998792714], [64.1728, 29.48429998793833], [64.2077, 29.500099987945163], [64.25, 29.511099987949994], [64.2889, 29.521199987954375], [64.2976, 29.523499987955372], [64.3057, 29.525599987956266], [64.3787, 29.544699987964606], [64.3871, 29.546799987965507], [64.4777, 29.570499987975865], [64.4996, 29.570299987975787], [64.7277, 29.568599987975027], [64.8204, 29.567899987974766], [64.9867, 29.541599987963238], [65.0364, 29.540299987962687], [66.1956, 29.83539998809265], [66.2752, 29.885199988114785], [66.3018, 29.915799988128477], [66.3223, 29.946499988142183], [66.3367, 29.952099988144695], [66.3407, 29.956599988146714], [66.3324, 29.96619998815103], [66.3014, 29.986799988160243], [66.2604, 30.023099988176508], [66.2251, 30.044399988186118], [66.2194, 30.057899988192194], [66.2219, 30.073799988199365], [66.2363, 30.111699988216436], [66.3007, 30.22559998826805], [66.3054, 30.2447999882768], [66.3029, 30.305299988304345], [66.322, 30.437399988364884], [66.3194, 30.45789998837434], [66.3137, 30.478299988383743], [66.3061, 30.491199988389663], [66.282, 30.518099988402085], [66.2651, 30.557899988420502], [66.268, 30.601399988440644], [66.3662, 30.922999988590888], [66.3752, 30.93669998859737], [66.3922, 30.944699988601165], [66.4145, 30.94859998860297], [66.5275, 30.968299988612255], [66.5293, 30.968999988612595], [66.5498, 30.97709998861643], [66.6438, 31.060199988655697], [66.6632, 31.083099988666557], [66.6971, 31.195899988720203], [66.7212, 31.21029998872704], [66.7594, 31.214799988729222], [66.7853, 31.23179998873733], [66.8087, 31.254799988748285], [66.8386, 31.276999988758906], [66.9059, 31.305599988772563], [66.9433, 31.314799988777008], [67.002, 31.315899988777517], [67.0168, 31.309199988774292], [67.0189, 31.305199988772358], [67.024, 31.295299988767663], [67.0261, 31.272999988756993], [67.0236, 31.26479998875307], [67.0139, 31.25269998874731], [67.0153, 31.244699988743456], [67.0229, 31.239399988740917], [67.0351, 31.235899988739252], [67.0523, 31.233299988737997], [67.0582, 31.232399988737594], [67.0783, 31.232099988737463], [67.1168, 31.24039998874139], [67.1366, 31.241099988741755], [67.1462, 31.238599988740564], [67.1568, 31.235899988739252], [67.1803, 31.22469998873391], [67.1897, 31.22009998873172], [67.1932, 31.218499988730986], [67.1969, 31.21739998873044], [67.1975, 31.21719998873032], [67.2137, 31.212299988728017], [67.2302, 31.21059998872719], [67.255, 31.211599988727684], [67.2821, 31.21269998872818], [67.3369, 31.208499988726203], [67.3462, 31.2076999887258], [67.3623, 31.21039998872707], [67.3645, 31.210699988727235], [67.434, 31.236099988739355], [67.4934, 31.2428999887426], [67.5301, 31.2566999887492], [67.5333, 31.25719998874944], [67.5817, 31.264899988753122], [67.5838, 31.265299988753295], [67.6021, 31.271099988756095], [67.6658, 31.30629998877289], [67.6788, 31.316599988777867], [67.6928, 31.32519998878196], [67.709, 31.32939998878395], [67.7494, 31.32809998878335], [67.7648, 31.334099988786235], [67.7749, 31.35279998879518], [67.7702, 31.39459998881526], [67.7342, 31.404799988820162], [67.6743, 31.397999988816913], [67.6511, 31.395399988815655], [67.6359, 31.398999988817415], [67.6313, 31.400099988817903], [67.6115, 31.410799988823037], [67.5971, 31.425699988830196], [67.591, 31.464799988849034], [67.578, 31.48209998885735], [67.5632, 31.497199988864622], [67.556, 31.512299988871924], [67.569, 31.529899988880427], [67.6003, 31.530399988880657], [67.6239, 31.52599998887854], [67.6567, 31.51979998887558], [67.6655, 31.518099988874724], [67.6762, 31.519099988875187], [67.6847, 31.51979998887558], [67.6964, 31.5208999888761], [67.7267, 31.53139998888113], [67.7643, 31.554099988892123], [67.7737, 31.559799988894852], [67.781, 31.564199988897016], [67.8426, 31.623499988925698], [67.8707, 31.635199988931397], [67.8844, 31.635599988931567], [67.9133, 31.631499988929583], [67.9146, 31.631299988929506], [67.9553, 31.633199988930397], [67.9655, 31.637899988932688], [67.9661, 31.63819998893285], [67.9772, 31.651899988939483], [67.9942, 31.663499988945098], [68.0467, 31.68839998895722], [68.0521, 31.69539998896061], [68.0557, 31.71659998897091], [68.0604, 31.725599988975286], [68.0935, 31.751499988987913], [68.1043, 31.768699988996268], [68.1256, 31.811499989017147], [68.1385, 31.82469998902357], [68.159, 31.825999989024233], [68.1627, 31.82489998902368], [68.1779, 31.82029998902146], [68.1846, 31.818199989020414], [68.1914, 31.8150999890189], [68.2069, 31.80789998901536], [68.2321, 31.790199989006716], [68.2426, 31.77699998900034], [68.2552, 31.76639998899515], [68.2728, 31.764099988994015], [68.2771, 31.763599988993786], [68.3164, 31.765299988994588], [68.356, 31.76259998899328], [68.3694, 31.758499988991325], [68.4611, 31.730499988977652], [68.4982, 31.725199988975103], [68.5151, 31.729899988977373], [68.5244, 31.73469998897971], [68.5367, 31.741099988982853], [68.5496, 31.753499988988843], [68.5478, 31.75539998898981], [68.5406, 31.76259998899328], [68.5212, 31.76489998899439], [68.4614, 31.763599988993786], [68.4554, 31.764399988994164], [68.4395, 31.76659998899521], [68.4222, 31.773199988998456], [68.4186, 31.782999989003233], [68.438, 31.795999989009573], [68.4816, 31.815699989019198], [68.505, 31.822699989022595], [68.5273, 31.822999989022765], [68.5452, 31.81709998901988], [68.5612, 31.811799989017295], [68.6195, 31.783499989003516], [68.64, 31.7802999890019], [68.6756, 31.774699988999224], [68.6766, 31.774299988999005], [68.6882, 31.768599988996247], [68.6947, 31.756399988990253], [68.698, 31.715899988970545], [68.7055, 31.70129998896347], [68.7311, 31.675599988950978], [68.7772, 31.61859998892332], [68.8038, 31.602599988915603], [68.8261, 31.604799988916643], [68.8434, 31.606599988917534], [68.9071, 31.634299988930923], [68.941, 31.64359998893547], [68.9568, 31.642699988934996], [68.9773, 31.641499988934456], [68.9784, 31.641899988934643], [69.004, 31.651099988939087], [69.04, 31.673099988949794], [69.0716, 31.69789998896181], [69.0846, 31.715799988970517], [69.1001, 31.724099988974547], [69.1145, 31.737799988981223], [69.1936, 31.84189998903199], [69.2034, 31.85489998903831], [69.2354, 31.87339998904737], [69.2641, 31.886599989053813], [69.2847, 31.91239998906646], [69.3263, 31.929999989075075], [69.3241, 31.947299989083568], [69.357, 31.953599989086655], [69.375, 31.96199998909076], [69.4225, 31.958399989089006], [69.4923, 31.963799989091655], [69.523, 31.97219998909576], [69.5357, 31.957799989088688], [69.5533, 31.95449998908707], [69.5724, 31.970399989094897], [69.5874, 31.97219998909576], [69.6031, 31.990299989104646], [69.6283, 32.00109998910992], [69.6578, 32.05649998913715], [69.6909, 32.06849998914307], [69.7445, 32.0762999891469], [69.7619, 32.08479998915108], [69.8491, 32.09859998915791], [69.851, 32.09139998915435], [69.8203, 32.03539998912677], [69.8022, 32.021599989120034], [69.8058, 32.01129998911496], [69.8443, 31.99209998910553], [69.8798, 31.97889998909904], [69.8738, 31.946399989083126], [69.851, 31.92049998907043], [69.854, 31.884399989052767], [69.866, 31.8891999890551], [69.881, 31.880199989050702], [69.9075, 31.89279998905686], [69.9238, 31.92109998907069], [69.9388, 31.93129998907569], [69.9629, 31.93189998907601], [69.9596, 31.896199989058506], [69.9568, 31.872999989047187], [69.9388, 31.85069998903629], [69.9442, 31.80919998901603], [69.9412, 31.798899989010987], [69.9575, 31.782699989003078], [69.9466, 31.766499988995214], [69.952, 31.727899988976386], [69.9496, 31.65569998894133], [69.9442, 31.56969998889966], [69.9448, 31.54019998888543], [69.955, 31.522199988876743], [69.9707, 31.509499988870598], [70.011, 31.51069998887118], [70.023, 31.492099988862215], [70.0459, 31.430099988832296], [70.0561, 31.38519998881076], [70.0718, 31.384399988810358], [70.0964, 31.420499988827725], [70.094, 31.442099988838084], [70.1169, 31.44269998883841], [70.1169, 31.42529998883002], [70.1536, 31.43189998883318], [70.1723, 31.43909998883666], [70.2035, 31.476399988854613], [70.2228, 31.480599988856653], [70.2559, 31.505299988868565], [70.2661, 31.48849998886045], [70.2673, 31.461999988847694], [70.2794, 31.421699988828287], [70.2782, 31.373499988805133], [70.2715, 31.36689998880195], [70.2673, 31.317599988778323], [70.2733, 31.241199988741812], [70.2595, 31.234599988738598], [70.2691, 31.18459998871479], [70.2891, 31.16249998870428], [70.2957, 31.149999988698326], [70.2945, 31.08619998866804], [70.2877, 31.06109998865612], [70.2687, 31.035399988643995], [70.2687, 30.941599988599677], [70.2534, 30.876599988569076], [70.273, 30.860699988561638], [70.2694, 30.840499988552153], [70.2295, 30.837999988550948], [70.2228, 30.826399988545504], [70.2179, 30.784699988526025], [70.2026, 30.77549998852171], [70.1682, 30.77429998852115], [70.1548, 30.73319998850193], [70.1112, 30.735699988503114], [70.102, 30.70929998849079], [70.0886, 30.68909998848138], [70.0959, 30.62659998845233], [70.0879, 30.587399988434147], [70.0518, 30.519899988402898], [70.0438, 30.497899988392746], [70.0046, 30.453099988372102], [69.9991, 30.434099988363382], [69.9985, 30.383899988340342], [69.965, 30.321999988311987], [69.9611, 30.291999988298326], [69.9868, 30.292599988298555], [69.9752, 30.261899988284593], [69.9923, 30.25269998828036], [70.015, 30.27849998829217], [70.0732, 30.274199988290196], [70.0739, 30.25519998828152], [70.0518, 30.225799988268164], [70.0218, 30.2177999882645], [70.015, 30.204899988258642], [70.0175, 30.183499988248936], [70.0052, 30.183499988248936], [69.9966, 30.152199988234738], [69.9881, 30.13939998822898], [69.9887, 30.104999988213404], [69.9721, 30.060299988193243], [69.9335, 30.02539998817754], [69.9219, 29.997199988164915], [69.9127, 29.960399988148406], [69.8888, 29.90459998812348], [69.8788, 29.895299988119312], [69.8459, 29.866599988106522], [69.833, 29.851299988099694], [69.8036, 29.785699988070583], [69.7895, 29.765499988061634], [69.7509, 29.738499988049714], [69.738, 29.720199988041603], [69.7049, 29.70909998803672], [69.6828, 29.696299988031114], [69.6514, 29.68459998802595], [69.632, 29.665699988017618], [69.6228, 29.639299988005984], [69.5928, 29.62759998800089], [69.6062, 29.599999987988774], [69.6007, 29.525899987956382], [69.5934, 29.4957999879433], [69.5738, 29.478099987935625], [69.5639, 29.451699987924144], [69.567, 29.407599987905055], [69.5817, 29.403299987903218], [69.6124, 29.422899987911673], [69.6295, 29.41619998790876], [69.6571, 29.387999987896574], [69.67, 29.36529998788682], [69.6651, 29.352399987881228], [69.6369, 29.32549998786967], [69.6363, 29.311999987863878], [69.6632, 29.308299987862295], [69.6804, 29.288099987853606], [69.6841, 29.258099987840726], [69.7, 29.259899987841507], [69.746, 29.2978999878578], [69.765, 29.29479998785649], [69.7625, 29.27889998784966], [69.7441, 29.244599987834977], [69.7386, 29.22429998782629], [69.749, 29.18759998781065], [69.7454, 29.172899987804374], [69.7264, 29.147099987793453], [69.6976, 29.088299987768533], [69.6528, 29.07109998776128], [69.6307, 29.041699987748885], [69.6142, 29.02759998774294], [69.5909, 28.99509998772929], [69.5774, 28.958999987714098], [69.5554, 28.95469998771235], [69.5407, 28.93199998770286], [69.4935, 28.89949998768926], [69.4812, 28.850499987668865], [69.5229, 28.832099987661255], [69.5339, 28.813699987653642], [69.5388, 28.79289998764503], [69.518, 28.751199987627786], [69.4806, 28.697899987605933], [69.4162, 28.59739998756484], [69.377, 28.578999987557385], [69.3494, 28.57039998755385], [69.3188, 28.551999987546413], [69.3219, 28.535499987539712], [69.3323, 28.52629998753599], [69.355, 28.46189998751003], [69.3608, 28.45119998750573], [69.3911, 28.44779998750431], [69.4187, 28.45339998750657], [69.4242, 28.46869998751277], [69.4377, 28.476699987515982], [69.4763, 28.487699987520397], [69.6019, 28.4747999875152], [69.6167, 28.469899987513237], [69.597, 28.44779998750431], [69.6222, 28.43309998749847], [69.6553, 28.43309998749847], [69.7251, 28.426999987496018], [69.7508, 28.405099987487226], [69.7999, 28.365699987471494], [69.8115, 28.361399987469788], [69.8158, 28.33879998746076], [69.8121, 28.32249998745429], [69.8097, 28.311799987450037], [69.8146, 28.274999987435447], [69.8305, 28.271299987433977], [69.8281, 28.24559998742382], [69.8557, 28.19469998740376], [69.8373, 28.181899987398737], [69.844, 28.160999987390554], [69.8422, 28.140199987382392], [69.882, 28.07579998735729], [69.9053, 28.045799987345625], [69.9629, 27.987599987323147], [69.9942, 27.939799987304777], [70.0285, 27.934299987302644], [70.0561, 27.90419998729111], [70.0745, 27.89499998728763], [70.1456, 27.87789998728107], [70.1625, 27.867299987277015], [70.102, 27.811799987255963], [70.0908, 27.793699987249095], [70.017, 27.60059998717674], [69.9936, 27.571099987165812], [69.9079, 27.497299987138664], [69.8482, 27.410399987106935], [69.7598, 27.335399987079768], [69.7304, 27.31039998707075], [69.666, 27.26999998705627], [69.5756, 27.188499987027242], [69.5346, 27.12559998700504], [69.5151, 27.071099986985914], [69.5076, 27.05009998697857], [69.4651, 26.807799986895304], [69.4727, 26.76659998688137], [69.504, 26.735199986870793], [69.6595, 26.677699986851568], [69.7002, 26.653099986843387], [69.7722, 26.595099986824223], [69.8154, 26.580399986819366], [69.8686, 26.582299986820008], [69.9618, 26.585699986821105], [70.0559, 26.589099986822237], [70.0937, 26.580399986819366], [70.1297, 26.562499986813496], [70.1581, 26.53019998680293], [70.1628, 26.493399986790923], [70.1571, 26.410999986764327], [70.1607, 26.371299986751612], [70.1571, 26.35399998674608], [70.1481, 26.333299986739437], [70.1423, 26.31379998673328], [70.1441, 26.294299986727125], [70.1517, 26.25409998671442], [70.147, 26.21749998670295], [70.1319, 26.180599986691444], [70.1094, 26.146699986680964], [70.0782, 26.099699986666437], [70.0739, 26.083099986661356], [70.0728, 26.047499986650486], [70.0642, 25.99549998663467], [70.0645, 25.980399986630168], [70.0833, 25.929999986614995], [70.1149, 25.881799986600615], [70.1542, 25.839399986588077], [70.1956, 25.80709998657858], [70.2113, 25.789399986573393], [70.2139, 25.786499986572505], [70.2345, 25.73109998655641], [70.2477, 25.71009998655033], [70.2492, 25.707699986549613], [70.2647, 25.697299986546618], [70.3036, 25.684699986543013], [70.3601, 25.67349998653977], [70.3857, 25.67419998653996], [70.3907, 25.67429998653999], [70.4771, 25.67639998654058], [70.5107, 25.682799986542463], [70.5167, 25.683999986542787], [70.5545, 25.698899986547076], [70.5923, 25.708899986549948], [70.5936, 25.708599986549903], [70.6323, 25.70139998654781], [70.6539, 25.674499986540066], [70.6575, 25.633799986528395], [70.6467, 25.43139998647171], [70.6546, 25.39659998646212], [70.6704, 25.375599986456425], [70.7104, 25.335999986445643], [70.7187, 25.310899986438873], [70.723, 25.287299986432572], [70.7349, 25.267399986427215], [70.7683, 25.233199986418118], [70.8313, 25.183399986404975], [70.8486, 25.163399986399703], [70.8598, 25.139499986393485], [70.8933, 25.001899986358094], [70.9152, 24.946699986344196], [70.9429, 24.894199986331063], [71.0031, 24.808299986309947], [71.0369, 24.72069998628882], [71.0639, 24.682699986279733], [71.0434, 24.669099986276525], [70.9771, 24.639699986269637], [70.9627, 24.615799986264037], [70.9548, 24.58459998625676], [70.9577, 24.555999986250143], [70.9771, 24.540399986246587], [70.9807, 24.534799986245275], [70.9818, 24.52849998624385], [70.9771, 24.515099986240777], [70.9732, 24.487299986234486], [70.9743, 24.472299986231064], [70.9771, 24.46499998622942], [70.9975, 24.45439998622704], [71.0002, 24.45299998622674], [71.0401, 24.446799986225315], [71.0746, 24.436699986223044], [71.0751, 24.43649998622302], [71.0826, 24.41159998621747], [71.0729, 24.402199986215393], [71.025, 24.38629998621184], [71.0142, 24.375299986209445], [71.007, 24.363999986206945], [70.9966, 24.3566999862053], [70.9964, 24.3566999862053], [70.9771, 24.357199986205455], [70.972, 24.35929998620593], [70.9552, 24.36599998620739], [70.9365, 24.36729998620764], [70.9177, 24.36179998620643], [70.8565, 24.323899986198146], [70.8411, 24.305899986194255], [70.8447, 24.288399986190456], [70.8576, 24.271699986186853], [70.8515, 24.26489998618542], [70.8342, 24.26139998618466], [70.8137, 24.25449998618316], [70.7759, 24.2367999861794], [70.7554, 24.231499986178264], [70.6215, 24.241199986180344], [70.5847, 24.25789998618389], [70.5794, 24.262599986184902], [70.5678, 24.272799986187092], [70.5603, 24.28729998619021], [70.5552, 24.32709998619887], [70.5455, 24.36229998620657], [70.5466, 24.37329998620897], [70.552, 24.37939998621031], [70.5693, 24.38999998621268], [70.5754, 24.3999999862149], [70.5628, 24.424199986220273], [70.556, 24.42429998622031], [70.521, 24.424899986220417], [70.5129, 24.423199986220055], [70.4923, 24.418699986219025], [70.4163, 24.40199998621536], [70.3709, 24.372399986208773], [70.3533, 24.366299986207462], [70.2985, 24.363499986206843], [70.2791, 24.355099986204962], [70.2427, 24.330599986199633], [70.2258, 24.327299986198877], [70.2242, 24.32699998619884], [70.2229, 24.32679998619881], [70.2021, 24.325599986198547], [70.1445, 24.307999986194673], [70.1095, 24.304999986194062], [70.098, 24.29889998619274], [70.0872, 24.282699986189215], [70.0631, 24.220399986175924], [70.0523, 24.20209998617205], [70.0159, 24.174099986166137], [70.0006, 24.17099998616551], [69.972, 24.16529998616431], [69.769, 24.162599986163748], [69.7146, 24.168599986164985], [69.6707, 24.188799986169244], [69.5922, 24.26469998618533], [69.563, 24.276799986187953], [69.5445, 24.27729998618805], [69.4465, 24.27969998618857], [69.4418, 24.2797999861886], [69.2808, 24.283799986189454], [69.2063, 24.258599986184027], [69.1667, 24.25319998618291], [69.1483, 24.256799986183683], [69.0918, 24.281999986189092], [69.0741, 24.28679998619009], [69.0677, 24.288599986190512], [69.0486, 24.28529998618977], [69.0079, 24.26469998618533], [68.9809, 24.255499986183402], [68.9747, 24.25609998618351], [68.9626, 24.25739998618381], [68.9485, 24.2703999861866], [68.9335, 24.29559998619201], [68.9294, 24.302399986193475], [68.9132, 24.317299986196733], [68.9042, 24.32059998619746], [68.8902, 24.319599986197222], [68.8886, 24.31769998619681], [68.8852, 24.31359998619593], [68.8801, 24.29739998619239], [68.8488, 24.244099986180963], [68.8387, 24.23649998617935], [68.8196, 24.250299986182284], [68.8139, 24.308399986194768], [68.7991, 24.329199986199324], [68.7473, 24.331199986199724], [68.726, 24.289299986190674], [68.7246, 23.96509998612357], [68.4316, 23.96709998612394], [68.3855, 23.960399986122628], [68.3538, 23.939199986118453], [68.3524, 23.956399986121845], [68.3488, 23.96459998612347], [68.3426, 23.968399986124233], [68.3304, 23.96659998612386], [68.3297, 23.958099986122168], [68.3351, 23.940999986118797], [68.3261, 23.927799986116234], [68.3142, 23.91579998611386], [68.3005, 23.91049998611282], [68.2861, 23.91629998611397], [68.28, 23.92559998611577], [68.2778, 23.933399986117315], [68.2739, 23.93769998611815], [68.2638, 23.93579998611778], [68.2548, 23.929099986116462], [68.2526, 23.92009998611471], [68.2519, 23.904699986111726], [68.258, 23.899499986110683], [68.2602, 23.895399986109908], [68.257, 23.891899986109216], [68.24, 23.89299998610944], [68.2073, 23.87699998610633], [68.1832, 23.842099986099644], [68.1576, 23.904999986111747], [68.1565, 23.87399998610578], [68.1576, 23.86409998610386], [68.1706, 23.839799986099187], [68.1666, 23.81989998609541], [68.1486, 23.780799986088027], [68.1432, 23.761099986084357], [68.1443, 23.742999986080996], [68.1547, 23.714299986075684], [68.1576, 23.696099986072333], [68.149, 23.69449998607206], [68.1302, 23.708099986074544], [68.1022, 23.733699986079284], [68.0989, 23.70929998607475], [68.0816, 23.708499986074617], [68.0629, 23.722999986077273], [68.0539, 23.74359998608108], [68.0568, 23.75089998608247], [68.0712, 23.76059998608427], [68.0744, 23.764799986085045], [68.0734, 23.783399986088515], [68.0816, 23.805599986092723], [68.0881, 23.80939998609344], [68.1022, 23.80939998609344], [68.1022, 23.815699986094597], [68.0885, 23.825999986096576], [68.0726, 23.84179998609959], [68.0593, 23.861799986103378], [68.0539, 23.88459998610783], [68.0618, 23.911199986112965], [68.0636, 23.923099986115314], [68.0478, 23.92119998611492], [68.024, 23.935199986117667], [68.0136, 23.939199986118453], [68.0417, 23.85219998610159], [68.0539, 23.829299986097183], [68.0356, 23.792399986090235], [68.0244, 23.77449998608687], [68.0136, 23.768499986085704], [68.0078, 23.774199986086803], [68.0035, 23.78529998608886], [67.9992, 23.805699986092723], [67.9942, 23.811199986093772], [67.983, 23.80959998609345], [67.9733, 23.805099986092614], [67.9718, 23.801999986092017], [67.951, 23.808899986093312], [67.9416, 23.815699986094597], [67.9344, 23.832899986097853], [67.9168, 23.83359998609802], [67.9099, 23.836199986098496], [67.9045, 23.846199986100416], [67.906, 23.859199986102915], [67.8998, 23.86749998610451], [67.8919, 23.869499986104895], [67.8836, 23.864699986103954], [67.8689, 23.85039998610123], [67.8646, 23.865699986104158], [67.8631, 23.902699986111312], [67.8552, 23.911899986113127], [67.8491, 23.88939998610873], [67.839, 23.82329998609606], [67.8318, 23.80939998609344], [67.8026, 23.81269998609405], [67.7731, 23.820999986095632], [67.7188, 23.843599986099914], [67.7306, 23.835499986098384], [67.7411, 23.82299998609601], [67.7436, 23.808699986093288], [67.7324, 23.795099986090726], [67.7155, 23.791699986090066], [67.6936, 23.79339998609038], [67.6565, 23.801999986092017], [67.6464, 23.802899986092186], [67.6378, 23.801699986091958], [67.6316, 23.803399986092266], [67.6291, 23.812599986094025], [67.6306, 23.82479998609637], [67.6428, 23.85039998610123], [67.6511, 23.906999986112176], [67.6565, 23.919299986114563], [67.6565, 23.92549998611576], [67.6522, 23.925199986115707], [67.6504, 23.932899986117214], [67.6381, 23.915899986113896], [67.6374, 23.874099986105776], [67.6291, 23.85669998610243], [67.6144, 23.850099986101174], [67.5996, 23.85419998610193], [67.5895, 23.866399986104305], [67.5884, 23.88459998610783], [67.5744, 23.871699986105316], [67.5661, 23.87639998610621], [67.5582, 23.88859998610858], [67.5467, 23.89819998611046], [67.5326, 23.89899998611061], [67.5301, 23.891199986109086], [67.5359, 23.87999998610693], [67.5467, 23.87099998610516], [67.4909, 23.882999986107524], [67.4786, 23.891399986109114], [67.488, 23.89299998610944], [67.5028, 23.892899986109416], [67.5125, 23.89819998611046], [67.5204, 23.906999986112176], [67.5323, 23.929099986116462], [67.5406, 23.939199986118453], [67.5305, 23.93539998611769], [67.5089, 23.923199986115293], [67.4988, 23.92549998611576], [67.497, 23.935499986117716], [67.5064, 23.9739999861253], [67.4635, 23.981899986126894], [67.4513, 23.98759998612802], [67.4682, 24.02209998613495], [67.4783, 24.032499986137022], [67.4923, 24.02809998613615], [67.5179, 24.04399998613934], [67.5197, 24.045099986139594], [67.5298, 24.054999986141585], [67.531, 24.06099998614281]], [[69.5513, 28.129999987378405], [69.5606, 28.144099987383925], [69.5605, 28.169999987394064], [69.5783, 28.200899987406196], [69.5527, 28.2138999874113], [69.5258, 28.221699987414414], [69.515, 28.24249998742261], [69.4755, 28.268199987432745], [69.476, 28.231699987418338], [69.4657, 28.2173999874127], [69.4776, 28.204999987407792], [69.4887, 28.20369998740731], [69.5208, 28.177799987397112], [69.5248, 28.13779998738145], [69.5513, 28.129999987378405]], [[69.669, 28.252299987426454], [69.6933, 28.263899987431028], [69.7087, 28.24829998742488], [69.7253, 28.241799987422322], [69.7419, 28.253399987426892], [69.7476, 28.313899987450842], [69.7379, 28.314399987451036], [69.7127, 28.293399987442736], [69.6948, 28.300499987445537], [69.6686, 28.335499987459457], [69.6373, 28.353899987466747], [69.6049, 28.35749998746822], [69.5823, 28.355499987467415], [69.5803, 28.365199987471307], [69.5566, 28.399099987484806], [69.532, 28.389399987480953], [69.5582, 28.34929998746495], [69.5767, 28.312299987450228], [69.5926, 28.28819998744067], [69.5941, 28.256399987428065], [69.6038, 28.23179998741833], [69.6422, 28.230199987417734], [69.6626, 28.23809998742085], [69.669, 28.252299987426454]]]]}},
{"type": "Feature", "properties": {"z": "UZB", "ISO_A3": "UZB", "c": "UZB"}, "geometry": {"type": "MultiPolygon", "coordinates": [[[[67.2605, 37.185399991760846], [67.259, 37.185099991760666], [67.2367, 37.1923999917644], [67.2252, 37.2077999917723], [67.218, 37.226199991781655], [67.2079, 37.24349999179052], [67.1878, 37.258299991798104], [67.1822, 37.25999999179901], [67.1435, 37.27189999180508], [67.1233, 37.28199999181025], [67.114, 37.29719999181803], [67.1106, 37.30589999182242], [67.0996, 37.33479999183722], [67.0974, 37.3405999918402], [67.0852, 37.34959999184477], [67.0767, 37.35159999184581], [67.0639, 37.3545999918473], [67.0257, 37.376499991858495], [67.024, 37.37749999185902], [67.006, 37.38429999186247], [66.9832, 37.384699991862696], [66.9577, 37.38519999186295], [66.9017, 37.37459999185753], [66.8659, 37.36789999185412], [66.7349, 37.36329999185178], [66.7325, 37.36259999185138], [66.7244, 37.360199991850166], [66.7046, 37.34659999184323], [66.6942, 37.34339999184161], [66.6769, 37.343999991841926], [66.6668, 37.34429999184207], [66.6546, 37.346099991843], [66.5978, 37.36539999185282], [66.5895, 37.36819999185428], [66.5887, 37.368499991854435], [66.5646, 37.370699991855524], [66.539, 37.36899999185468], [66.5196, 37.36419999185223], [66.5157, 37.366599991853434], [66.4948, 37.37949999186005], [66.4956, 37.38649999186358], [66.4964, 37.39289999186687], [66.4969, 37.3977999918694], [66.512, 37.41479999187806], [66.5308, 37.43009999188583], [66.5466, 37.45069999189635], [66.5426, 37.46679999190454], [66.5268, 37.48039999191149], [66.507, 37.49379999191832], [66.4933, 37.522199991932766], [66.4973, 37.55789999195092], [66.5192, 37.625199991985184], [66.5228, 37.66499999200545], [66.5149, 37.74349999204529], [66.5189, 37.78279999206521], [66.5538, 37.831999992090175], [66.6089, 37.8891999921191], [66.6456, 37.9458999921478], [66.6244, 37.99379999217201], [66.5905, 38.01299999218169], [66.5839, 38.015599992183034], [66.5542, 38.026899992188724], [66.5165, 38.03489999219274], [66.516, 38.0349999921928], [66.483, 38.03519999219291], [66.4393, 38.03549999219309], [66.4084, 38.04279999219677], [66.3115, 38.078699992214865], [66.3068, 38.08039999221573], [66.2837, 38.103499992227334], [66.2635, 38.123699992237555], [66.2604, 38.12679999223915], [66.2312, 38.14879999225014], [66.1988, 38.16059999225614], [66.1985, 38.1606999922562], [66.1337, 38.17529999226353], [66.1002, 38.19649999227421], [66.0932, 38.200999992276465], [66.0718, 38.21449999228322], [66.0433, 38.22619999228914], [66.0279, 38.22819999229013], [66.0013, 38.23149999229177], [65.9774, 38.234499992293316], [65.9703, 38.237299992294695], [65.8766, 38.272899992312595], [65.8507, 38.27479999231355], [65.8428, 38.27529999231378], [65.8144, 38.26619999230925], [65.8014, 38.25789999230504], [65.7661, 38.2354999922938], [65.7402, 38.22409999228807], [65.6718, 38.219699992285875], [65.6041, 38.237399992294776], [65.2052, 38.449599992401204], [64.9777, 38.612199992482395], [64.9104, 38.645399992498916], [64.7635, 38.68599999251914], [64.635, 38.744099992548016], [64.4244, 38.882999992616966], [64.3373, 38.97099999266048], [64.3135, 38.98239999266609], [64.2833, 38.97969999266474], [64.2059, 38.94949999264985], [64.18, 38.945099992647656], [64.1504, 38.94949999264985], [64.1206, 38.9616999926559], [63.7094, 39.19089999276881], [63.6486, 39.23939999279261], [63.5504, 39.34579999284472], [63.541, 39.356099992849806], [63.4776, 39.40289999287266], [62.5931, 39.890299993108925], [62.5355, 39.93489999313036], [62.5247, 39.939599993132624], [62.4527, 40.00919999316604], [62.4419, 40.03599999317885], [62.4242, 40.092099993205665], [62.4217, 40.11509999321672], [62.4257, 40.13669999322699], [62.434, 40.15469999323556], [62.4397, 40.172899993244286], [62.4358, 40.194199993254436], [62.4052, 40.24519999327866], [62.4008, 40.26559999328839], [62.4001, 40.29209999330094], [62.3965, 40.311999993310415], [62.3882, 40.33019999331902], [62.3627, 40.369699993337775], [62.3562, 40.38809999334649], [62.3533, 40.43039999336649], [62.3436, 40.439399993370735], [62.2962, 40.460199993380556], [62.2608, 40.47569999338784], [62.2182, 40.48549999339249], [62.2137, 40.48649999339296], [62.2133, 40.486599993392986], [62.1917, 40.498999993398854], [62.1852, 40.50779999340299], [62.1847, 40.50919999340366], [62.1773, 40.53069999341381], [62.1715, 40.539999993418135], [62.1458, 40.56589999343035], [62.1341, 40.57779999343591], [62.1208, 40.59889999344586], [62.1002, 40.660299993474666], [62.0887, 40.674399993481245], [62.0556, 40.701699993494046], [62.0448, 40.714999993500285], [62.0369, 40.73629999351022], [62.0342, 40.746999993515175], [62.0263, 40.778299993529814], [62.0254, 40.78199999353156], [61.994, 40.86579999357056], [61.9905, 40.8721999935735], [61.9829, 40.885599993579795], [61.9901, 40.89319999358327], [61.9854, 40.90789999359012], [61.9829, 40.978499993622876], [61.9819, 40.98399999362542], [61.9793, 40.99879999363223], [61.9706, 41.0153999936399], [61.8976, 41.108799993682986], [61.8778, 41.12499999369044], [61.6542, 41.24939999374759], [61.5674, 41.277699993760564], [61.4702, 41.29719999376947], [61.4332, 41.300299993770864], [61.4108, 41.29199999376711], [61.3972, 41.270999993757464], [61.3874, 41.23579999374138], [61.363, 41.22519999373649], [61.3439, 41.19379999372207], [61.3158, 41.17039999371133], [61.2812, 41.1571999937053], [61.2431, 41.156299993704884], [61.2028, 41.16879999371059], [61.0998, 41.22399999373596], [61.0818, 41.224499993736146], [61.0769, 41.22379999373586], [61.0228, 41.216899993732696], [61.0169, 41.2290999937383], [61.0141, 41.234899993740946], [61.0102, 41.23719999374198], [61.0076, 41.233899993740465], [60.9911, 41.21239999373061], [60.9781, 41.20279999372622], [60.9302, 41.24019999374333], [60.8604, 41.252899993749146], [60.6588, 41.24379999374503], [60.5844, 41.22489999373635], [60.5781, 41.223299993735615], [60.5382, 41.21309999373091], [60.4781, 41.21209999373047], [60.4432, 41.21959999373394], [60.4144, 41.23519999374109], [60.3604, 41.27629999375987], [60.2999, 41.309699993775176], [60.2467, 41.330399993784624], [60.2378, 41.33379999378616], [60.0943, 41.38949999381157], [60.0662, 41.41049999382111], [60.059, 41.434099993831836], [60.0716, 41.51439999386826], [60.0796, 41.53139999387595], [60.0925, 41.54539999388233], [60.1098, 41.55669999388746], [60.1479, 41.57119999389398], [60.1508, 41.57229999389448], [60.1621, 41.582399993899045], [60.1649, 41.584899993900194], [60.1555, 41.603299993908465], [60.0889, 41.67409999394037], [60.0583, 41.71859999396037], [60.0522, 41.7424999939711], [60.0493, 41.75349999397603], [60.0594, 41.7643999939809], [60.0749, 41.78099999398831], [60.0795, 41.78339999398942], [60.1022, 41.79529999399475], [60.1336, 41.79729999399564], [60.1714, 41.7883999939917], [60.2059, 41.7719999939843], [60.2254, 41.7653999939814], [60.2271, 41.76559999398149], [60.2412, 41.766999993982076], [60.2527, 41.77999999398789], [60.2509, 41.7942999939943], [60.2412, 41.807999994000475], [60.229, 41.81959999400561], [60.2224, 41.82379999400753], [60.2149, 41.82849999400956], [60.1674, 41.84949999401897], [60.1526, 41.86109999402416], [60.1331, 41.88329999403406], [60.1181, 41.900299994041646], [60.1081, 41.90689999404455], [60.0889, 41.91939999405018], [60.0311, 41.93569999405738], [59.9845, 41.94879999406326], [59.9838, 41.94899999406332], [59.9656, 41.94849999406309], [59.9316, 41.9475999940627], [59.9176, 41.95239999406481], [59.9064, 41.96659999407113], [59.9078, 41.979799994076956], [59.9194, 41.98959999408136], [59.9262, 41.99099999408194], [59.9377, 41.99339999408302], [59.9709, 42.002999994087276], [59.9971, 42.01049999409062], [59.9942, 42.04999999410812], [59.9744, 42.09929999412987], [59.9806, 42.129999994143425], [59.9838, 42.14559999415031], [60.0, 42.15449999415423], [60.0158, 42.15929999415634], [60.0205, 42.160799994157], [60.0371, 42.169699994160894], [60.0397, 42.1832999941669], [60.0403, 42.18639999416824], [60.0281, 42.19939999417398], [60.0206, 42.202799994175486], [60.005, 42.20969999417849], [59.9608, 42.22259999418418], [59.9258, 42.24619999419449], [59.8978, 42.27839999420859], [59.8664, 42.304199994219886], [59.8384, 42.306499994220935], [59.8211, 42.30789999422152], [59.7764, 42.30389999421979], [59.6897, 42.309799994222395], [59.5447, 42.29319999421509], [59.5213, 42.29049999421396], [59.5151, 42.28979999421362], [59.478, 42.28559999421177], [59.4265, 42.28669999421226], [59.4013, 42.29389999421538], [59.3617, 42.32579999422934], [59.338, 42.33179999423194], [59.2872, 42.335999994233745], [59.2584, 42.34759999423887], [59.2451, 42.36529999424659], [59.2332, 42.44169999427982], [59.2238, 42.460899994288134], [59.2098, 42.47759999429538], [59.1461, 42.52669999431667], [59.143, 42.52809999431729], [59.122, 42.53799999432156], [59.0964, 42.535899994320665], [59.0676, 42.525599994316224], [59.0648, 42.524999994315934], [59.0384, 42.51969999431369], [59.0093, 42.51839999431311], [58.9646, 42.524299994315655], [58.8944, 42.54779999432583], [58.8275, 42.593699994345606], [58.6255, 42.76929999442105], [58.6122, 42.780899994425965], [58.5877, 42.79119999443036], [58.5694, 42.76839999442062], [58.5557, 42.68359999438433], [58.5344, 42.6544999943718], [58.5123, 42.649599994369716], [58.493, 42.64539999436789], [58.4906, 42.645499994367924], [58.4757, 42.64619999436824], [58.4419, 42.64779999436891], [58.3904, 42.656699994372744], [58.2909, 42.68639999438551], [58.2828, 42.688899994386595], [58.2583, 42.68939999438679], [58.2396, 42.685099994384935], [58.1867, 42.6610999943746], [58.1489, 42.64889999436941], [58.1305, 42.638799994365066], [58.1215, 42.62419999435876], [58.1269, 42.604999994350486], [58.1456, 42.59249999434511], [58.2709, 42.54899999432634], [58.3062, 42.52859999431752], [58.335, 42.49609999430342], [58.3372, 42.49369999430236], [58.3414, 42.48619999429914], [58.3638, 42.44699999428212], [58.4095, 42.391899994258154], [58.4264, 42.37159999424936], [58.438, 42.357699994243255], [58.4783, 42.32219999422779], [58.4894, 42.31449999422441], [58.4941, 42.30559999422052], [58.4905, 42.29759999421702], [58.4783, 42.29199999421459], [58.4732, 42.291499994214334], [58.4138, 42.284699994211365], [58.3976, 42.28789999421278], [58.3858, 42.30129999421862], [58.3861, 42.316799994225384], [58.3915, 42.333999994232954], [58.3948, 42.35229999424092], [58.3885, 42.37419999425045], [58.3847, 42.387799994256405], [58.3824, 42.389999994257344], [58.3591, 42.41339999426753], [58.3249, 42.43179999427556], [58.2256, 42.46649999429061], [58.204, 42.469499994291915], [58.1938, 42.46819999429133], [58.1856, 42.4671999942909], [58.1496, 42.45559999428588], [58.1396, 42.4549999942856], [58.1334, 42.454599994285445], [58.1172, 42.46149999428841], [58.0945, 42.48669999429935], [58.0798, 42.49719999430392], [58.061, 42.5021999943061], [58.0384, 42.50269999430627], [58.0332, 42.50199999430596], [58.016, 42.499699994305], [57.9977, 42.49339999430222], [57.9915, 42.487499994299725], [57.9872, 42.483399994297926], [57.9814, 42.47579999429464], [57.9782, 42.47179999429292], [57.9527, 42.44999999428343], [57.9257, 42.44099999427956], [57.9088, 42.43039999427493], [57.9142, 42.40389999426338], [57.9358, 42.3696999942485], [57.9376, 42.354099994241686], [57.9289, 42.33099999423162], [57.8882, 42.26149999420123], [57.8738, 42.24969999419603], [57.8353, 42.24039999419198], [57.8274, 42.22729999418625], [57.8346, 42.21159999417931], [57.8472, 42.20089999417467], [57.8504, 42.19139999417047], [57.8285, 42.179499994165226], [57.809, 42.17639999416383], [57.741, 42.17869999416486], [57.7216, 42.17529999416339], [57.6661, 42.15509999415447], [57.6197, 42.14819999415145], [57.4782, 42.16649999415946], [57.3824, 42.163699994158286], [57.3354, 42.14649999415067], [57.2881, 42.12929999414313], [57.2709, 42.116699994137534], [57.2078, 42.070499994117206], [57.1528, 41.99349999408305], [57.1157, 41.95199999406466], [57.0743, 41.928699994054284], [57.0611, 41.92399999405219], [56.9877, 41.89829999404077], [56.9785, 41.89499999403926], [56.9501, 41.86599999402634], [56.9497, 41.82749999400913], [56.972, 41.7484999939738], [56.9695, 41.710899993956936], [56.9616, 41.678699993942416], [56.9605, 41.647199993928275], [56.9785, 41.61139999391216], [57.0005, 41.58389999389974], [57.012, 41.55769999388787], [57.0156, 41.52899999387492], [57.0149, 41.49359999385887], [57.0196, 41.46589999384628], [57.0329, 41.43829999383376], [57.0523, 41.413499993822505], [57.0743, 41.39489999381402], [57.0823, 41.390599993812046], [57.0883, 41.3872999938106], [57.1038, 41.38159999380795], [57.1538, 41.37229999380373], [57.1545, 41.371899993803524], [57.1614, 41.36799999380174], [57.1592, 41.36109999379862], [57.1481, 41.35109999379405], [57.1268, 41.33949999378879], [57.1244, 41.33859999378836], [57.08, 41.3220999937808], [57.065, 41.308999993774826], [57.0602, 41.304899993772985], [57.0296, 41.26249999375358], [57.0102, 41.2540999937497], [56.7935, 41.288299993765385], [56.1965, 41.31269999377654], [56.1414, 41.31499999377759], [55.9986, 41.32079999378023], [55.9784, 41.32159999378062], [55.9759, 44.994699995317035], [55.9982, 44.99979999531898], [57.4782, 45.33689999544462], [57.9782, 45.44489999548433], [58.5316, 45.55869999552584], [58.555, 45.55709999552525], [58.5823, 45.5486999955222], [61.0364, 44.38279999508202], [61.062, 44.36189999507384], [61.0804, 44.335399995063455], [61.0865, 44.311099995053894], [61.0933, 44.259299995033494], [61.103, 44.235999995024315], [61.1617, 44.16799999499742], [61.386, 43.993399994927884], [61.9858, 43.493299994724794], [62.0027, 43.487899994722625], [62.0261, 43.48049999471954], [62.3274, 43.52089999473616], [62.4779, 43.54109999474449], [62.8212, 43.581699994761124], [63.208, 43.62749999477988], [64.4266, 43.54689999474687], [64.4615, 43.554199994749844], [64.5076, 43.572799994757446], [64.855, 43.712899994814705], [64.891, 43.72279999481871], [64.8999, 43.72179999481827], [64.923, 43.71909999481721], [64.9565, 43.69729999480832], [65.1718, 43.49369999472502], [65.2715, 43.416999994693356], [65.4774, 43.322799994654304], [65.517, 43.29719999464368], [65.7953, 42.87719999446698], [65.8126, 42.8757999944664], [65.8277, 42.88179999446898], [66.1013, 42.99019999451494], [66.0967, 42.937499994492626], [66.053, 42.44089999427946], [66.0433, 42.42369999427205], [66.0196, 42.41679999426901], [66.0138, 42.40289999426293], [66.013, 42.35999999424432], [66.0066, 42.01339999409185], [66.0088, 42.002699994087166], [66.0174, 41.99749999408481], [66.4847, 41.996899994084565], [66.4922, 41.9967999940845], [66.5041, 41.99349999408305], [66.5198, 41.87899999403217], [66.5387, 41.740799993970356], [66.6028, 41.49379999385897], [66.6428, 41.355499993796066], [66.6464, 41.34299999379036], [66.6881, 41.19909999372452], [66.693, 41.19459999372244], [66.7331, 41.158099993705655], [66.8152, 41.14189999369822], [67.7483, 41.18409999371763], [67.771, 41.17919999371539], [67.8131, 41.1625999937078], [67.835, 41.15689999370516], [67.8541, 41.15889999370606], [67.9373, 41.20039999372513], [67.9495, 41.171899993712074], [67.952, 41.17049999371138], [67.9589, 41.15949999370636], [68.0032, 41.11559999368611], [68.0132, 41.09779999367796], [68.0212, 41.059199993660144], [68.0345, 41.04269999365254], [68.0464, 41.050199993656], [68.0579, 41.054399993657924], [68.059, 41.05469999365806], [68.0712, 41.05329999365741], [68.082, 41.04269999365254], [68.096, 41.0651999936629], [68.108, 41.0660999936633], [68.1173, 41.06679999366368], [68.1213, 41.04479999365352], [68.1216, 41.04329999365282], [68.1191, 41.03399999364849], [68.1258, 41.03229999364772], [68.1284, 41.031699993647436], [68.1313, 41.02949999364643], [68.1083, 41.01679999364057], [68.0996, 41.01369999363916], [68.1079, 41.010199993637485], [68.1209, 40.9937999936299], [68.1205, 40.96529999361673], [68.1108, 40.931699993601185], [68.096, 40.89889999358592], [68.0806, 40.87299999357388], [68.0694, 40.85979999356779], [68.0546, 40.847199993561894], [68.0381, 40.83719999355725], [68.0032, 40.82519999355167], [67.9951, 40.81949999354903], [67.9942, 40.81889999354875], [67.9909, 40.81099999354503], [67.9974, 40.8073999935434], [68.0182, 40.80409999354184], [68.037, 40.8009999935404], [68.0509, 40.79509999353768], [68.0676, 40.78799999353434], [68.159, 40.71909999350214], [68.226, 40.678799993483295], [68.2435, 40.671799993480015], [68.345, 40.63129999346105], [68.3815, 40.61669999345418], [68.4618, 40.584599993439156], [68.465, 40.58949999344143], [68.465, 40.589599993441446], [68.4773, 40.59919999344599], [68.4924, 40.598699993445756], [68.5, 40.605699993449015], [68.5054, 40.614199993453], [68.5147, 40.619099993455315], [68.5262, 40.61749999345458], [68.5662, 40.602499993447545], [68.5928, 40.59949999344611], [68.6141, 40.609099993450656], [68.6206, 40.622299993456814], [68.6011, 40.62999999346044], [68.6256, 40.660299993474666], [68.6274, 40.66709999347784], [68.6188, 40.678199993483034], [68.6123, 40.690499993488764], [68.6083, 40.70329999349473], [68.6087, 40.7077999934969], [68.6094, 40.71569999350057], [68.5842, 40.72029999350273], [68.5745, 40.724399993504655], [68.5662, 40.73249999350846], [68.5597, 40.75129999351721], [68.5496, 40.835099993556256], [68.5532, 40.85039999356338], [68.5655, 40.85909999356743], [68.572, 40.870399993572704], [68.573, 40.88009999357721], [68.5705, 40.90249999358763], [68.5709, 40.91349999359273], [68.5797, 40.9101999935912], [68.5892, 40.906599993589516], [68.6, 40.93009999360042], [68.6061, 40.93319999360184], [68.6278, 40.94449999360711], [68.6426, 40.94939999360933], [68.6657, 40.957099993612914], [68.6852, 40.963499993615905], [68.6893, 40.964899993616555], [68.7095, 40.98369999362525], [68.7264, 41.02049999364226], [68.7462, 41.06369999366219], [68.7739, 41.08719999367308], [68.8423, 41.110099993683576], [68.8675, 41.14249999369852], [68.8801, 41.155499993704495], [68.901, 41.16059999370682], [68.9438, 41.16479999370877], [68.9798, 41.17819999371491], [69.014, 41.19599999372306], [69.0313, 41.208699993728956], [69.0392, 41.220299993734244], [69.0547, 41.31529999377777], [69.054, 41.331899993785306], [69.0511, 41.34369999379071], [69.047, 41.347299993792326], [69.0465, 41.34769999379253], [69.0342, 41.35869999379752], [69.034, 41.35949999379792], [69.0317, 41.3669999938013], [69.036, 41.37399999380451], [69.0443, 41.37919999380686], [69.0907, 41.396299993814644], [69.1094, 41.40059999381661], [69.1282, 41.39519999381413], [69.1382, 41.41589999382359], [69.1573, 41.42999999382997], [69.1627, 41.4339999938318], [69.2098, 41.456499993842], [69.2171, 41.45999999384362], [69.2333, 41.462599993844805], [69.234, 41.46239999384473], [69.26, 41.45529999384152], [69.2628, 41.454599993841114], [69.2776, 41.45609999384184], [69.3161, 41.474699993850265], [69.3312, 41.47789999385173], [69.3906, 41.469699993848046], [69.4025, 41.474699993850265], [69.401, 41.48519999385503], [69.3845, 41.50819999386548], [69.3809, 41.51879999387027], [69.3938, 41.544899993882076], [69.4205, 41.559499993888686], [69.4774, 41.57309999389482], [69.5789, 41.63329999392202], [69.6077, 41.65819999393324], [69.6246, 41.66819999393773], [69.7252, 41.68919999394717], [69.7596, 41.696399993950415], [69.8708, 41.699599993951836], [69.9122, 41.712899993957826], [69.9147, 41.714999993958784], [69.9428, 41.739599993969776], [69.9565, 41.75509999397677], [69.972, 41.76449999398097], [69.9745, 41.765199993981284], [70.0278, 41.77999999398789], [70.032, 41.782299993988964], [70.0527, 41.79369999399404], [70.111, 41.82589999400844], [70.1323, 41.844399994016726], [70.1365, 41.84809999401839], [70.2042, 41.93579999405741], [70.2186, 41.94689999406237], [70.2359, 41.95429999406568], [70.2539, 41.958999994067774], [70.2705, 41.96549999407062], [70.2831, 41.97619999407537], [70.2903, 41.993799994083226], [70.3151, 42.03459999410128], [70.3579, 42.062199994113456], [70.422, 42.08289999412265], [70.4347, 42.086999994124454], [70.4555, 42.09369999412739], [70.4648, 42.0922999941268], [70.4703, 42.09149999412642], [70.4886, 42.08179999412214], [70.5045, 42.06849999411628], [70.512, 42.05529999411047], [70.5189, 42.036599994102204], [70.5343, 42.02499999409703], [70.5552, 42.01869999409419], [70.579, 42.016299994093146], [70.5817, 42.01719999409361], [70.6103, 42.02739999409809], [70.6315, 42.05679999411111], [70.6499, 42.09339999412726], [70.6614, 42.10969999413445], [70.6733, 42.1258999941416], [70.701, 42.15089999415262], [70.7118, 42.16419999415848], [70.7197, 42.182799994166636], [70.7341, 42.19729999417307], [70.7583, 42.19799999417335], [70.7617, 42.19729999417307], [70.8047, 42.18839999416913], [70.8425, 42.192599994170976], [70.8799, 42.206899994177206], [70.948, 42.24809999419533], [70.9606, 42.25699999419927], [70.9696, 42.26339999420203], [71.0142, 42.28769999421269], [71.0206, 42.28839999421299], [71.0459, 42.290899994214065], [71.0776, 42.28109999420976], [71.218, 42.206299994176995], [71.2533, 42.19759999417319], [71.2381, 42.16019999415673], [71.2011, 42.14079999414815], [71.1996, 42.14039999414803], [71.1525, 42.13029999414355], [71.1183, 42.122899994140276], [70.9771, 42.04419999410552], [70.9357, 42.03689999410232], [70.9266, 42.03719999410244], [70.8868, 42.038399994102946], [70.8578, 42.03269999410041], [70.8454, 42.03029999409936], [70.8281, 41.99359999408311], [70.8252, 41.936299994057684], [70.8175, 41.92469999405251], [70.8141, 41.919499994050184], [70.7795, 41.90959999404579], [70.6798, 41.901099994042], [70.6574, 41.89109999403755], [70.6488, 41.88729999403584], [70.5502, 41.82409999400765], [70.5066, 41.78559999399044], [70.4771, 41.73829999396926], [70.4537, 41.71199999395741], [70.4235, 41.696799993950584], [70.3907, 41.684999993945254], [70.3313, 41.649599993929364], [70.2476, 41.61279999391279], [70.215, 41.5984999939063], [70.1693, 41.57839999389724], [70.1484, 41.55249999388551], [70.1664, 41.52009999387087], [70.1733, 41.51739999386963], [70.1875, 41.511899993867154], [70.2035, 41.505699993864354], [70.2066, 41.50539999386419], [70.2704, 41.49989999386172], [70.345, 41.49349999385882], [70.3705, 41.481899993853574], [70.3824, 41.4764999938511], [70.3943, 41.4680999938473], [70.399, 41.464899993845826], [70.4137, 41.45069999383936], [70.4382, 41.41609999382366], [70.4533, 41.40549999381887], [70.4771, 41.404599993818465], [70.4807, 41.40569999381896], [70.5113, 41.41449999382292], [70.5689, 41.43939999383427], [70.5797, 41.444099993836424], [70.6337, 41.467399993846975], [70.6679, 41.47129999384875], [70.6694, 41.47059999384841], [70.6866, 41.46239999384473], [70.7035, 41.445399993837], [70.7597, 41.37239999380379], [70.7691, 41.35209999379452], [70.7712, 41.33089999378486], [70.7565, 41.26949999375677], [70.7579, 41.25209999374881], [70.7705, 41.23849999374259], [70.7752, 41.238999993742816], [70.7867, 41.240299993743385], [70.8061, 41.247499993746736], [70.8285, 41.24909999374742], [70.8304, 41.248499993747146], [70.8479, 41.24309999374469], [70.8659, 41.23319999374017], [70.8821, 41.2203999937343], [70.8961, 41.206099993727705], [70.9141, 41.19299999372177], [70.9324, 41.19149999372101], [70.9343, 41.19139999372099], [70.9771, 41.19629999372326], [71.0247, 41.18979999372027], [71.0304, 41.18779999371931], [71.047, 41.181999993716666], [71.0675, 41.169599993710996], [71.0859, 41.16209999370752], [71.0917, 41.161499993707245], [71.1229, 41.1581999937057], [71.1358, 41.15039999370215], [71.1391, 41.148299993701194], [71.1643, 41.116099993686376], [71.1802, 41.108099993682686], [71.1899, 41.12739999369159], [71.1877, 41.14849999370126], [71.1831, 41.1663999937095], [71.1856, 41.180199993715846], [71.2065, 41.188699993719744], [71.2106, 41.188399993719614], [71.2302, 41.18719999371905], [71.2355, 41.181499993716436], [71.2414, 41.17509999371348], [71.254, 41.13739999369619], [71.2633, 41.12339999368974], [71.2763, 41.11309999368501], [71.2896, 41.11379999368531], [71.2919, 41.11799999368724], [71.3001, 41.13299999369414], [71.3253, 41.15729999370532], [71.3711, 41.12739999369159], [71.39, 41.115099993685895], [71.3937, 41.11269999368478], [71.416, 41.12729999369152], [71.4214, 41.16209999370752], [71.4127, 41.33459999378651], [71.4189, 41.347399993792365], [71.4325, 41.344799993791185], [71.4808, 41.310699993775614], [71.5061, 41.30239999377185], [71.524, 41.296599993769185], [71.5274, 41.29709999376944], [71.5425, 41.299399993770464], [71.5545, 41.30119999377129], [71.5578, 41.30169999377155], [71.5855, 41.323499993781475], [71.6187, 41.37769999380618], [71.6331, 41.41139999382155], [71.6374, 41.43119999383051], [71.6338, 41.44959999383888], [71.6089, 41.47369999384985], [71.6057, 41.47679999385121], [71.6047, 41.47849999385201], [71.5956, 41.49379999385897], [71.6154, 41.5320999938763], [71.6273, 41.543199993881345], [71.6496, 41.54989999388438], [71.6716, 41.547299993883215], [71.6842, 41.53399999387714], [71.6872, 41.52309999387222], [71.6896, 41.514499993868355], [71.6896, 41.49379999385897], [71.6712, 41.43749999383338], [71.6712, 41.43739999383333], [71.6719, 41.42549999382797], [71.68, 41.423199993826906], [71.6813, 41.422799993826715], [71.6874, 41.43099999383046], [71.6914, 41.44179999383537], [71.6961, 41.447399993837905], [71.698, 41.44679999383763], [71.7069, 41.444099993836424], [71.7123, 41.42799999382905], [71.7189, 41.42559999382798], [71.7216, 41.42469999382759], [71.7295, 41.430099993830034], [71.7296, 41.43119999383051], [71.7306, 41.45109999383958], [71.7367, 41.45539999384153], [71.7454, 41.45289999384035], [71.7533, 41.44729999383784], [71.7648, 41.43429999383195], [71.8469, 41.34179999378983], [71.8631, 41.31219999377627], [71.8689, 41.2792999937613], [71.8663, 41.23659999374172], [71.8717, 41.19439999372238], [71.89, 41.18769999371928], [71.8977, 41.18499999371805], [71.9772, 41.195099993722714], [72.0013, 41.179899993715686], [72.0165, 41.16349999370817], [72.0337, 41.15659999370498], [72.0636, 41.170199993711236], [72.0852, 41.184799993717945], [72.1086, 41.19639999372328], [72.1327, 41.19929999372462], [72.1583, 41.18779999371931], [72.1698, 41.1685999937105], [72.171, 41.161499993707245], [72.1725, 41.15309999370339], [72.1745, 41.141499993698055], [72.176, 41.11739999368697], [72.1763, 41.11279999368485], [72.1857, 41.06059999366078], [72.1857, 41.04099999365172], [72.1788, 41.02309999364349], [72.1689, 41.00589999363551], [72.1651, 40.99929999363246], [72.253, 41.01949999364183], [72.2858, 41.02309999364349], [72.2897, 41.02349999364364], [72.2973, 41.02809999364578], [72.2981, 41.02989999364663], [72.3088, 41.054399993657924], [72.3142, 41.06159999366126], [72.3325, 41.07279999366641], [72.3459, 41.06589999366326], [72.3676, 41.03989999365121], [72.3743, 41.03199999364759], [72.3952, 41.02199999364296], [72.4236, 41.01569999364008], [72.4722, 41.01209999363837], [72.4769, 41.01179999363826], [72.4819, 41.008799993636885], [72.4848, 41.00459999363494], [72.4849, 41.003199993634254], [72.4852, 40.99949999363255], [72.4837, 40.99349999362978], [72.4834, 40.97059999361922], [72.5014, 40.96339999361586], [72.5262, 40.962099993615276], [72.5457, 40.9565999936127], [72.5885, 40.90579999358914], [72.5917, 40.90309999358789], [72.6195, 40.87999999357715], [72.6583, 40.867099993571145], [72.7012, 40.86329999356937], [72.8301, 40.871999993573425], [72.8686, 40.864099993569766], [72.8716, 40.84379999356034], [72.8729, 40.83479999355613], [72.8704, 40.81819999354838], [72.883, 40.819599993549076], [72.8945, 40.82569999355191], [72.9294, 40.844099993560455], [73.0036, 40.87009999357255], [73.0194, 40.86179999356872], [73.0335, 40.847199993561894], [73.0392, 40.844099993560455], [73.0536, 40.83639999355688], [73.1123, 40.83909999355813], [73.1357, 40.835099993556256], [73.1433, 40.83379999355563], [73.1437, 40.831999993554845], [73.1459, 40.82399999355112], [73.1487, 40.813599993546255], [73.1399, 40.80479999354219], [73.1181, 40.78299999353202], [73.0857, 40.7690999935255], [73.0705, 40.76249999352246], [72.9769, 40.735999993510035], [72.8909, 40.695099993490956], [72.8577, 40.68859999348789], [72.8189, 40.681099993484374], [72.784, 40.669599993478975], [72.7602, 40.64169999346594], [72.7562, 40.61919999345537], [72.7483, 40.574999993434595], [72.7192, 40.564899993429854], [72.6825, 40.57759999343584], [72.6717, 40.577699993435914], [72.6641, 40.57779999343591], [72.6565, 40.56119999342813], [72.6551, 40.546299993421144], [72.6504, 40.53209999341441], [72.6407, 40.51979999340861], [72.6309, 40.51379999340579], [72.6256, 40.51049999340428], [72.5856, 40.508799993403436], [72.5154, 40.545599993420794], [72.4769, 40.54959999342266], [72.4477, 40.56039999342775], [72.415, 40.58979999344158], [72.3847, 40.60999999345106], [72.3815, 40.612099993452006], [72.352, 40.60189999344723], [72.3508, 40.596499993444766], [72.3484, 40.58529999343947], [72.37, 40.557899993426574], [72.37, 40.53979999341805], [72.3631, 40.52349999341041], [72.3635, 40.51219999340509], [72.3721, 40.50319999340081], [72.4157, 40.47929999338955], [72.4261, 40.459599993380245], [72.4258, 40.45219999337676], [72.4251, 40.435899993369084], [72.4143, 40.41079999335721], [72.412, 40.408399993356106], [72.4044, 40.400299993352284], [72.3941, 40.389399993347084], [72.3703, 40.385599993345316], [72.3433, 40.39339999334898], [72.2843, 40.419799993361494], [72.2695, 40.42409999336352], [72.2245, 40.422499993362756], [72.2116, 40.42559999336422], [72.2166, 40.43489999336862], [72.2281, 40.437499993369805], [72.2451, 40.4386999933704], [72.2595, 40.44239999337214], [72.2638, 40.45249999337688], [72.2594, 40.45509999337816], [72.2541, 40.45829999337967], [72.2482, 40.45879999337989], [72.2361, 40.45979999338034], [72.1828, 40.45779999337941], [72.1659, 40.454399993377805], [72.1016, 40.427299993365004], [72.0993, 40.42639999336456], [72.0903, 40.41599999335967], [72.0863, 40.40379999335387], [72.0841, 40.39729999335084], [72.0697, 40.36939999333758], [72.0431, 40.34939999332818], [71.9629, 40.31799999331326], [71.9567, 40.315599993312155], [71.9509, 40.30159999330551], [71.9581, 40.286499993298285], [71.9772, 40.27609999329333], [71.9961, 40.26929999329015], [72.006, 40.26579999328849], [72.0197, 40.25879999328516], [72.0255, 40.250899993281415], [72.019, 40.23999999327622], [72.0049, 40.23729999327497], [71.9891, 40.239299993275864], [71.9693, 40.24449999327835], [71.9613, 40.242799993277565], [71.9517, 40.24089999327667], [71.9367, 40.24189999327714], [71.9124, 40.243499993277844], [71.8728, 40.25079999328135], [71.8402, 40.24929999328064], [71.8365, 40.249199993280584], [71.8055, 40.22529999326926], [71.7868, 40.19349999325406], [71.776, 40.179899993247616], [71.7737, 40.17829999324681], [71.7598, 40.16799999324192], [71.7072, 40.144299993230625], [71.6932, 40.141099993229105], [71.673, 40.14789999323236], [71.6669, 40.162999993239545], [71.6673, 40.20409999325912], [71.6601, 40.2243999932688], [71.646, 40.24699999327952], [71.6284, 40.25889999328519], [71.6199, 40.253099993282405], [71.61, 40.24629999327923], [71.6039, 40.22729999327014], [71.6018, 40.210099993261984], [71.6017, 40.20999999326195], [71.5931, 40.19839999325644], [71.5683, 40.196499993255514], [71.5211, 40.203699993258944], [71.4984, 40.2104999932622], [71.4772, 40.22069999326704], [71.4588, 40.23419999327344], [71.4509, 40.24889999328045], [71.4415, 40.26089999328614], [71.3965, 40.27149999329121], [71.3652, 40.29409999330192], [71.3451, 40.29509999330238], [71.3137, 40.292699993301284], [71.2972, 40.293799993301754], [71.2831, 40.29839999330397], [71.2727, 40.30769999330836], [71.2641, 40.31819999331334], [71.254, 40.324299993316224], [71.2396, 40.320999993314665], [71.2241, 40.302899993306106], [71.2151, 40.28069999329552], [71.2011, 40.26379999328753], [71.1694, 40.261299993286315], [71.0531, 40.27419999329246], [70.9951, 40.26649999328881], [70.9776, 40.25279999328233], [70.9591, 40.23829999327539], [70.9383, 40.239899993276175], [70.8497, 40.23369999327319], [70.7071, 40.20009999325722], [70.6643, 40.19749999325597], [70.6222, 40.199499993256964], [70.5934, 40.2153999932645], [70.5819, 40.2216999932675], [70.5738, 40.24079999327659], [70.5729, 40.24289999327758], [70.5639, 40.264199993287725], [70.5505, 40.31039999330965], [70.5239, 40.34379999332549], [70.5019, 40.35079999332881], [70.4829, 40.34919999332807], [70.4641, 40.344799993325985], [70.4422, 40.34329999332529], [70.4213, 40.34789999332743], [70.3713, 40.36499999333554], [70.3807, 40.38899999334691], [70.3849, 40.399699993351994], [70.3569, 40.43039999336649], [70.354, 40.45609999337861], [70.3666, 40.471499993385876], [70.3698, 40.475399993387704], [70.3993, 40.4901999933947], [70.447, 40.4986999933987], [70.4489, 40.499099993398886], [70.4681, 40.502499993400505], [70.4778, 40.50549999340192], [70.4879, 40.515499993406586], [70.5109, 40.54529999342065], [70.512, 40.54669999342128], [70.5166, 40.550299993422996], [70.5253, 40.55719999342623], [70.5693, 40.57049999343248], [70.5822, 40.578799993436405], [70.6171, 40.611999993451974], [70.7071, 40.66889999347866], [70.7158, 40.67209999348019], [70.732, 40.6748999934815], [70.7332, 40.6766999934823], [70.7386, 40.68469999348609], [70.7406, 40.68769999348748], [70.7565, 40.695499993491126], [70.7673, 40.73759999351081], [70.7287, 40.75449999351868], [70.6373, 40.77049999352619], [70.6218, 40.78599999353338], [70.6193, 40.80309999354136], [70.6287, 40.81589999354733], [70.6488, 40.8174999935481], [70.6834, 40.794399993537304], [70.7032, 40.78879999353473], [70.705, 40.8073999935434], [70.6967, 40.816199993547514], [70.5145, 40.97259999362009], [70.4829, 40.99349999362978], [70.4458, 41.02579999364472], [70.4213, 41.0335999936483], [70.4011, 41.039999993651264], [70.3637, 41.03239999364778], [70.336, 40.92689999359893], [70.2805, 40.87769999357607], [70.2082, 40.84449999356066], [70.1729, 40.83389999355571], [70.1272, 40.82019999354935], [70.1041, 40.813299993546124], [70.0098, 40.75809999352039], [69.8255, 40.71399999349979], [69.8032, 40.70559999349586], [69.7834, 40.69299999348998], [69.7416, 40.65249999347101], [69.7178, 40.63629999346339], [69.6908, 40.62999999346044], [69.6695, 40.636099993463304], [69.6602, 40.63869999346449], [69.6476, 40.64739999346861], [69.6372, 40.65789999347349], [69.6188, 40.68169999348465], [69.6077, 40.6917999934894], [69.5825, 40.7043999934953], [69.571, 40.71239999349904], [69.5317, 40.75849999352059], [69.509, 40.77469999352815], [69.4774, 40.77699999352917], [69.4615, 40.78429999353263], [69.4595, 40.78599999353338], [69.4493, 40.794399993537304], [69.436, 40.80269999354119], [69.4176, 40.804199993541886], [69.3852, 40.796099993538114], [69.3694, 40.789399993535014], [69.355, 40.78039999353079], [69.3539, 40.77929999353026], [69.3482, 40.77369999352767], [69.3298, 40.75539999351913], [69.3143, 40.729299993506906], [69.3071, 40.69929999349291], [69.3067, 40.66249999347567], [69.3136, 40.609399993450765], [69.3092, 40.59579999344438], [69.2948, 40.58909999344125], [69.2344, 40.5851999934394], [69.1984, 40.56649999343065], [69.198, 40.54579999342087], [69.2383, 40.49389999339642], [69.2596, 40.43769999336991], [69.2693, 40.419799993361494], [69.2956, 40.38379999334444], [69.3034, 40.37019999333799], [69.3057, 40.366199993336124], [69.3064, 40.36499999333554], [69.3128, 40.34279999332503], [69.3053, 40.293799993301754], [69.2833, 40.29089999330038], [69.2732, 40.28949999329972], [69.2512, 40.295999993302814], [69.2347, 40.30079999330512], [69.2084, 40.298299993303935], [69.2124, 40.2687999932899], [69.2851, 40.218599993266054], [69.2851, 40.20069999325751], [69.2851, 40.194899993254786], [69.2477, 40.181599993248426], [69.198, 40.18289999324903], [69.108, 40.203699993258944], [69.0483, 40.22669999326987], [69.0421, 40.22919999327107], [69.0191, 40.23199999327238], [68.8567, 40.21269999326326], [68.8366, 40.206399993260256], [68.802, 40.19109999325295], [68.7875, 40.189699993252276], [68.7786, 40.18879999325184], [68.7409, 40.193799993254245], [68.7206, 40.196499993255514], [68.6983, 40.194899993254786], [68.6018, 40.1752999932454], [68.5838, 40.165699993240814], [68.581, 40.164199993240096], [68.5855, 40.160299993238276], [68.591, 40.155699993236055], [68.6069, 40.142299993229656], [68.6515, 40.12069999321934], [68.6872, 40.11019999321436], [68.9041, 40.14279999322993], [68.9305, 40.14669999323175], [68.9773, 40.12099999321948], [68.9838, 40.10689999321277], [68.9867, 40.09339999320633], [68.987, 40.09159999320547], [68.9856, 40.07719999319857], [68.9773, 40.06489999319271], [68.9546, 40.061999993191264], [68.9455, 40.063099993191855], [68.8819, 40.070899993195546], [68.8712, 40.06829999319431], [68.8614, 40.065899993193156], [68.8548, 40.061399993190996], [68.8261, 40.041999993181726], [68.8132, 40.038799993180206], [68.7905, 40.07019999319523], [68.7746, 40.07989999319985], [68.7617, 40.061399993190996], [68.7638, 40.05239999318672], [68.7815, 40.041499993181475], [68.7851, 40.033999993177886], [68.7829, 40.01329999316802], [68.7844, 40.003999993163504], [68.7894, 39.99399999315872], [68.8772, 39.90059999311387], [68.8808, 39.87829999310312], [68.8384, 39.86469999309657], [68.8153, 39.89179999310964], [68.8002, 39.935099993130436], [68.7797, 39.96939999314696], [68.7588, 39.98059999315228], [68.752, 39.97269999314852], [68.7556, 39.95399999313954], [68.7653, 39.932499993129156], [68.7876, 39.895699993111556], [68.7872, 39.88169999310478], [68.7754, 39.86249999309554], [68.7574, 39.857499993093136], [68.7519, 39.84539999308728], [68.7505, 39.842499993085895], [68.7484, 39.82619999307803], [68.7415, 39.81959999307487], [68.7282, 39.824899993077395], [68.7096, 39.84819999308864], [68.7016, 39.85839999309357], [68.685, 39.86799999309818], [68.6573, 39.848799993088896], [68.6512, 39.844599993086916], [68.6441, 39.84689999308798], [68.6378, 39.84889999308896], [68.6263, 39.84959999308935], [68.6159, 39.82799999307891], [68.6105, 39.742499993037654], [68.6082, 39.704799993019414], [68.6058, 39.66689999300107], [68.6004, 39.64279999298938], [68.5871, 39.6230999929798], [68.5868, 39.62289999297972], [68.5775, 39.61529999297601], [68.563, 39.6034999929703], [68.556, 39.60009999296867], [68.551, 39.59759999296748], [68.5201, 39.58249999296011], [68.5068, 39.56759999295287], [68.5176, 39.54839999294358], [68.4978, 39.54139999294011], [68.4938, 39.540599992939754], [68.4834, 39.538399992938686], [68.4743, 39.536599992937774], [68.4362, 39.52879999293401], [68.3866, 39.52519999293224], [68.3376, 39.52789999293358], [68.2559, 39.55049999294456], [68.1061, 39.55409999294628], [67.7645, 39.622499992979556], [67.7177, 39.623399992979984], [67.6806, 39.61409999297545], [67.5874, 39.56259999295044], [67.5074, 39.55299999294578], [67.4876, 39.53789999293842], [67.4945, 39.49369999291692], [67.4912, 39.48999999291511], [67.4869, 39.48709999291371], [67.4776, 39.484399992912394], [67.4516, 39.48709999291371], [67.449, 39.4868999929136], [67.4365, 39.485699992913034], [67.4272, 39.47659999290862], [67.4149, 39.43809999288982], [67.4081, 39.397799992870155], [67.407, 39.360899992852104], [67.3944, 39.32729999283569], [67.391, 39.312499992828435], [67.3868, 39.29419999281949], [67.3804, 39.292399992818616], [67.3714, 39.29449999281961], [67.3606, 39.29179999281831], [67.3566, 39.28869999281678], [67.3465, 39.2807999928129], [67.3451, 39.27629999281068], [67.3444, 39.273799992809494], [67.3426, 39.25959999280252], [67.3501, 39.21979999278299], [67.3782, 39.19949999277304], [67.4992, 39.16599999275659], [67.5805, 39.16359999275542], [67.6198, 39.151299992749344], [67.632, 39.13619999274192], [67.6378, 39.13149999273959], [67.6446, 39.13049999273911], [67.6612, 39.13339999274056], [67.6676, 39.131799992739765], [67.6766, 39.119799992733874], [67.6767, 39.1190999927335], [67.6784, 39.105899992727004], [67.6739, 39.07429999271148], [67.6673, 39.028299992688765], [67.6723, 39.00369999267662], [67.6871, 38.99229999267102], [67.6907, 38.98959999266966], [67.8185, 38.973399992661655], [67.8451, 38.973799992661874], [67.9211, 38.99369999267165], [67.9348, 38.998999992674285], [67.9488, 39.00199999267576], [67.9632, 39.001899992675746], [67.9801, 38.99739999267347], [67.988, 38.99369999267165], [68.0035, 38.98209999266593], [68.0197, 38.97969999266474], [68.0363, 38.9843999926671], [68.0532, 38.993999992671846], [68.069, 38.99609999267286], [68.0852, 38.993999992671846], [68.1011, 38.97929999266453], [68.1346, 38.920999992635736], [68.1637, 38.88739999261914], [68.1738, 38.86739999260923], [68.1727, 38.845299992598264], [68.1639, 38.82899999259017], [68.1637, 38.82859999259], [68.1511, 38.81509999258329], [68.136, 38.80449999257804], [68.1191, 38.796699992574155], [68.0957, 38.79289999257228], [68.0871, 38.793099992572365], [68.078, 38.793399992572525], [68.0669, 38.78789999256979], [68.0633, 38.76629999255908], [68.0662, 38.756199992554066], [68.0766, 38.738099992545045], [68.0759, 38.726799992539476], [68.0712, 38.72099999253657], [68.0708, 38.72069999253641], [68.0701, 38.720299992536184], [68.0456, 38.7065999925294], [68.0377, 38.691599992521915], [68.0402, 38.67329999251282], [68.0536, 38.63599999249426], [68.0557, 38.61579999248419], [68.0525, 38.558199992455464], [68.055, 38.53629999244451], [68.0626, 38.52299999243787], [68.087, 38.49399999242339], [68.0924, 38.478799992415766], [68.0946, 38.44689999239982], [68.096, 38.44149999239714], [68.0982, 38.4324999923926], [68.1076, 38.41829999238549], [68.1198, 38.409099992380895], [68.1468, 38.388699992370704], [68.1839, 38.33539999234396], [68.2008, 38.32169999233706], [68.2526, 38.29879999232558], [68.2993, 38.2660999923092], [68.3322, 38.24299999229758], [68.3384, 38.23519999229366], [68.3563, 38.212599992282286], [68.3606, 38.17399999226287], [68.3444, 38.11549999223344], [68.3196, 38.06019999220552], [68.2807, 38.013299992181885], [68.2681, 37.99379999217201], [68.2562, 37.9614999921557], [68.2487, 37.94889999214935], [68.2328, 37.93969999214466], [68.2177, 37.93599999214277], [68.1999, 37.934099992141824], [68.1713, 37.93099999214028], [68.14, 37.922699992136046], [68.133, 37.916999992133185], [68.1223, 37.9082999921288], [68.0795, 37.806199992077104], [68.0723, 37.79489999207133], [68.0503, 37.76039999205385], [68.0415, 37.75069999204898], [67.9772, 37.679699992012914], [67.9736, 37.67699999201152], [67.9558, 37.66339999200459], [67.9232, 37.6387999919921], [67.8718, 37.58679999196566], [67.8293, 37.52789999193567], [67.8012, 37.46649999190442], [67.7972, 37.424399991882915], [67.817, 37.345399991842626], [67.8206, 37.30329999182113], [67.8152, 37.26729999180275], [67.8041, 37.2333999917854], [67.785, 37.20359999177013], [67.7807, 37.188899991762625], [67.776, 37.20759999177218], [67.7641, 37.220899991778985], [67.7465, 37.229399991783346], [67.726, 37.233499991785415], [67.6903, 37.23219999178477], [67.6774, 37.233499991785415], [67.6666, 37.237899991787685], [67.6446, 37.25129999179455], [67.6331, 37.25409999179598], [67.5924, 37.247199991792435], [67.5859, 37.24269999179014], [67.5732, 37.224599991780856], [67.5722, 37.223199991780184], [67.5614, 37.21989999177849], [67.5449, 37.23149999178446], [67.5264, 37.27229999180531], [67.5262, 37.27289999180556], [67.5031, 37.28199999181025], [67.5008, 37.281499991809966], [67.4992, 37.281099991809775], [67.4822, 37.2772999918078], [67.4639, 37.2662999918022], [67.4311, 37.23979999178869], [67.4113, 37.227899991782586], [67.3912, 37.21959999177834], [67.3881, 37.21889999177799], [67.3696, 37.214599991775785], [67.3686, 37.214599991775785], [67.3451, 37.21299999177498], [67.3195, 37.20849999177267], [67.2814, 37.18869999176248], [67.2605, 37.185399991760846]], [[70.5498, 41.01519999363983], [70.5613, 40.99459999363029], [70.579, 40.98089999362394], [70.6085, 40.95099999361008], [70.6251, 40.93869999360444], [70.6452, 40.93509999360274], [70.6434, 40.95229999361068], [70.6305, 40.97649999362196], [70.6168, 40.99349999362978], [70.5934, 41.00939999363713], [70.566, 41.018399993641324], [70.5498, 41.01519999363983]]], [[[71.7256, 39.963499993144104], [71.7482, 39.9765999931504], [71.7605, 39.983699993153806], [71.7745, 39.98709999315539], [71.7857, 39.98969999315664], [71.7897, 39.97929999315167], [71.7833, 39.96129999314305], [71.767, 39.91549999312102], [71.7573, 39.90299999311502], [71.7418, 39.90069999311395], [71.7162, 39.906699993116796], [71.6968, 39.91389999312024], [71.6752, 39.92579999312595], [71.6655, 39.940199993132914], [71.6817, 39.95509999314006], [71.7069, 39.956099993140505], [71.7241, 39.96269999314368], [71.7256, 39.963499993144104]]], [[[71.061, 39.90419999311559], [71.0539, 39.90019999311371], [71.0499, 39.89799999311263], [71.0362, 39.88759999310762], [71.0218, 39.880799993104375], [71.0092, 39.885699993106705], [71.0077, 39.91119999311897], [71.0502, 39.96279999314379], [71.0459, 39.99199999315777], [71.0344, 39.9989999931611], [71.0077, 40.003499993163274], [70.9944, 40.00889999316586], [70.9833, 40.02139999317185], [70.9584, 40.06299999319178], [70.953, 40.07919999319952], [70.9541, 40.09579999320748], [70.9599, 40.11339999321588], [70.9771, 40.144599993230756], [71.0085, 40.157699993236996], [71.0111, 40.15649999323647], [71.0311, 40.14689999323185], [71.0481, 40.12249999322022], [71.0617, 40.09519999320717], [71.079, 40.07859999319926], [71.1045, 40.065599993193025], [71.106, 40.06489999319271], [71.1622, 40.04679999318402], [71.1694, 40.042799993182115], [71.1769, 40.041999993181726], [71.182, 40.043399993182376], [71.1928, 40.05029999318569], [71.2237, 40.05789999318934], [71.2363, 40.05599999318843], [71.2439, 40.04669999318399], [71.2374, 40.0310999931765], [71.191, 40.00619999316461], [71.1806, 39.998399993160824], [71.1748, 39.99399999315872], [71.1748, 39.993099993158324], [71.1769, 39.968099993146296], [71.1949, 39.95329999313917], [71.1983, 39.95049999313784], [71.2212, 39.931599993128756], [71.2191, 39.900899993114024], [71.2086, 39.88869999310815], [71.1946, 39.88479999310626], [71.1611, 39.88429999310603], [71.1136, 39.87439999310126], [71.0988, 39.875499993101805], [71.0873, 39.883799993105804], [71.0848, 39.89489999311112], [71.0835, 39.89719999311224], [71.0801, 39.90339999311521], [71.061, 39.90419999311559]]]]}},
{"type": "Feature", "properties": {"z": "TUR", "ISO_A3": "TKM", "c": "TUR"}, "geometry": {"type": "MultiPolygon", "coordinates": [[[[62.4588, 35.281799990778595], [62.4318, 35.28069999077801], [62.3994, 35.25589999076518], [62.3018, 35.14759999070912], [62.2991, 35.146299990708414], [62.2864, 35.140599990705475], [62.2756, 35.150999990710886], [62.2568, 35.187099990729514], [62.2511, 35.20239999073746], [62.2525, 35.24279999075839], [62.2511, 35.26039999076751], [62.2442, 35.27809999077665], [62.2338, 35.29369999078474], [62.219, 35.30629999079126], [62.164, 35.326199990801555], [62.1362, 35.341399990809464], [62.0336, 35.42389999085213], [62.0074, 35.43899999085999], [61.9778, 35.45099999086621], [61.9547, 35.45129999086635], [61.9195, 35.45179999086665], [61.7989, 35.41749999084884], [61.7534, 35.414599990847314], [61.7395, 35.41379999084696], [61.6049, 35.430699990855686], [61.5386, 35.45229999086685], [61.4926, 35.49419999088856], [61.4892, 35.49669999088989], [61.4476, 35.52789999090604], [61.439, 35.534399990909364], [61.4278, 35.542899990913796], [61.4173, 35.54659999091568], [61.4126, 35.548299990916554], [61.4011, 35.54989999091741], [61.3932, 35.55359999091932], [61.3802, 35.567299990926415], [61.3799, 35.571299990928495], [61.3838, 35.58209999093408], [61.3835, 35.58649999093639], [61.377, 35.5911999909388], [61.3749, 35.592699990939614], [61.3676, 35.59789999094227], [61.364, 35.59819999094243], [61.3514, 35.60709999094701], [61.3608, 35.620999990954246], [61.3563, 35.62429999095594], [61.3514, 35.6278999909578], [61.3442, 35.63089999095934], [61.3356, 35.63089999095934], [61.2834, 35.62259999095508], [61.2697, 35.61859999095298], [61.2452, 35.649299990968885], [61.2319, 35.67189999098057], [61.2293, 35.69659999099337], [61.229, 35.69859999099444], [61.233, 35.70459999099753], [61.241, 35.71089999100081], [61.2467, 35.71539999100311], [61.2496, 35.7224999910068], [61.2496, 35.74579999101887], [61.2512, 35.751399991021756], [61.2533, 35.75869999102553], [61.2564, 35.76949999103111], [61.256, 35.77939999103622], [61.2523, 35.7835999910384], [61.2496, 35.786699991039995], [61.256, 35.80919999105164], [61.2557, 35.82529999106], [61.2517, 35.8403999910678], [61.2501, 35.853999991074836], [61.2474, 35.87609999108627], [61.2409, 35.893899991095516], [61.2323, 35.910599991104185], [61.2218, 35.92449999111133], [61.2056, 35.94049999111962], [61.1884, 35.9535999911264], [61.1682, 35.96229999113091], [61.1437, 35.9653999911325], [61.1361, 35.96819999113391], [61.1297, 35.97049999113513], [61.1416, 35.98229999114123], [61.1617, 35.99589999114825], [61.1722, 36.00499999115298], [61.174, 36.00649999115373], [61.1747, 36.01579999115859], [61.1711, 36.035999991169035], [61.1719, 36.039299991170694], [61.174, 36.047999991175224], [61.1804, 36.05269999117767], [61.1812, 36.0529999911778], [61.1898, 36.05569999117919], [61.1981, 36.06079999118184], [61.202, 36.07159999118745], [61.2024, 36.080799991192194], [61.2044, 36.088899991196364], [61.2071, 36.099499991201824], [61.2135, 36.10679999120562], [61.2229, 36.11759999121121], [61.2247, 36.12369999121432], [61.2229, 36.12889999121703], [61.222, 36.139599991222546], [61.2204, 36.15889999123252], [61.2126, 36.19179999124957], [61.2056, 36.22099999126464], [61.1909, 36.24059999127475], [61.1903, 36.24249999127576], [61.1876, 36.25039999127981], [61.1875, 36.25839999128394], [61.1873, 36.27359999129181], [61.1855, 36.2839999912972], [61.1815, 36.294399991302576], [61.1711, 36.306499991308826], [61.1632, 36.311599991311404], [61.1604, 36.31249999131191], [61.1534, 36.31489999131313], [61.1597, 36.32629999131906], [61.161, 36.32859999132021], [61.1594, 36.331899991321905], [61.1505, 36.34949999133099], [61.1466, 36.35729999133502], [61.1493, 36.37999999134674], [61.1519, 36.402699991358475], [61.1524, 36.40639999136038], [61.1618, 36.4415999913785], [61.1664, 36.45869999138734], [61.1694, 36.469899991393106], [61.174, 36.486799991401845], [61.1678, 36.50179999140957], [61.1664, 36.51379999141576], [61.1685, 36.51909999141846], [61.1707, 36.52439999142122], [61.1774, 36.53439999142637], [61.1822, 36.54159999143008], [61.1847, 36.548399991433605], [61.1857, 36.55119999143503], [61.1862, 36.55279999143586], [61.1876, 36.56509999144219], [61.1858, 36.57769999144871], [61.174, 36.60229999146138], [61.1657, 36.63629999147885], [61.1467, 36.6386999914801], [61.1093, 36.64349999148255], [61.0753, 36.64779999148479], [60.3436, 36.63719999147934], [60.3424, 36.63719999147934], [60.3092, 36.65189999148692], [60.2887, 36.68109999150193], [60.2596, 36.74239999153349], [60.2387, 36.76969999154753], [60.1325, 36.87349999160085], [60.0864, 36.92999999162992], [60.049, 36.99399999166277], [60.0191, 37.02589999167911], [59.9816, 37.03889999168576], [59.9457, 37.043999991688366], [59.9169, 37.04809999169049], [59.8996, 37.050599991691804], [59.8628, 37.067799991700625], [59.7973, 37.11219999172336], [59.7646, 37.12069999172769], [59.6533, 37.149599991742484], [59.6425, 37.15019999174283], [59.6332, 37.14619999174076], [59.6216, 37.13149999173324], [59.6144, 37.12549999173018], [59.6134, 37.1252999917301], [59.6051, 37.12389999172936], [59.5915, 37.13229999173363], [59.5914, 37.13229999173363], [59.5846, 37.148899991742155], [59.5799, 37.16779999175178], [59.5727, 37.183399991759785], [59.5561, 37.197699991767124], [59.5414, 37.199899991768234], [59.5176, 37.19249999176448], [59.5093, 37.189899991763106], [59.501, 37.19009999176324], [59.4928, 37.19359999176501], [59.478, 37.20419999177048], [59.4618, 37.20759999177218], [59.4589, 37.21479999177586], [59.4632, 37.22959999178348], [59.4683, 37.23579999178659], [59.4694, 37.24069999178911], [59.4445, 37.264099991801075], [59.3819, 37.305599991822305], [59.3704, 37.31939999182936], [59.3506, 37.38839999186458], [59.3484, 37.409199991875184], [59.3516, 37.42039999188088], [59.3621, 37.43919999189048], [59.3531, 37.45849999190033], [59.3563, 37.48069999191163], [59.3516, 37.49379999191832], [59.3322, 37.51509999192917], [59.3154, 37.52799999193573], [59.3124, 37.53029999193691], [59.2894, 37.5351999919394], [59.2445, 37.51879999193105], [59.2332, 37.51469999192896], [59.2116, 37.5162999919298], [59.0784, 37.59269999196867], [59.0457, 37.61959999198233], [59.0456, 37.61959999198233], [59.0345, 37.62449999198486], [59.0137, 37.62709999198617], [59.0057, 37.62809999198667], [58.9924, 37.6314999919884], [58.978, 37.63949999199249], [58.9393, 37.653799991999755], [58.9387, 37.65399999199981], [58.879, 37.664799992005335], [58.861, 37.668099992006994], [58.8165, 37.68779999201703], [58.8012, 37.69459999202045], [58.7954, 37.68769999201698], [58.7933, 37.67279999200941], [58.78, 37.65969999200275], [58.7633, 37.656799992001254], [58.7591, 37.6560999920009], [58.7527, 37.65709999200142], [58.7378, 37.65939999200259], [58.7263, 37.65939999200259], [58.713, 37.648799991997194], [58.7044, 37.64469999199511], [58.6817, 37.6426999919941], [58.6682, 37.64429999199492], [58.659, 37.64539999199545], [58.6158, 37.659499992002644], [58.5658, 37.6948999920206], [58.5497, 37.701399992023894], [58.5492, 37.70159999202402], [58.5298, 37.700299992023375], [58.5143, 37.69139999201886], [58.5024, 37.67739999201173], [58.493, 37.66069999200325], [58.4797, 37.64409999199479], [58.4624, 37.637499991991426], [58.4254, 37.63459999198998], [58.4047, 37.63289999198911], [58.3798, 37.630999991988126], [58.3717, 37.63029999198781], [58.3577, 37.63329999198932], [58.3314, 37.648199991996876], [58.3188, 37.6530999919994], [58.241, 37.66229999200406], [58.2238, 37.66739999200668], [58.2068, 37.67869999201238], [58.2018, 37.690199992018215], [58.2018, 37.703899992025185], [58.1993, 37.72219999203448], [58.1798, 37.752999992050086], [58.1791, 37.76069999205401], [58.1813, 37.76789999205763], [58.1813, 37.77489999206121], [58.1734, 37.781599992064635], [58.1568, 37.78819999206796], [58.1477, 37.78979999206877], [58.1406, 37.791099992069434], [58.1271, 37.79199999206991], [58.1141, 37.79299999207039], [58.1068, 37.793499992070664], [58.092, 37.796199992072026], [58.0409, 37.80559999207676], [58.0403, 37.80589999207693], [58.004, 37.81969999208393], [57.8843, 37.86529999210704], [57.8499, 37.87259999211072], [57.8494, 37.872799992110814], [57.8191, 37.869599992109244], [57.8, 37.867599992108225], [57.7849, 37.87259999211072], [57.7792, 37.87879999211385], [57.7702, 37.8938999921215], [57.763, 37.89939999212426], [57.7547, 37.90099999212509], [57.7528, 37.900599992124896], [57.7385, 37.89799999212359], [57.7298, 37.89869999212394], [57.6935, 37.91899999213423], [57.6913, 37.92029999213486], [57.6762, 37.920399992134904], [57.6755, 37.92029999213486], [57.6611, 37.91739999213336], [57.6125, 37.916599992132994], [57.5614, 37.92809999213881], [57.5546, 37.92889999213921], [57.5448, 37.92999999213972], [57.5067, 37.92389999213668], [57.4962, 37.922299992135876], [57.3526, 37.96749999215872], [57.327, 37.99409999217216], [57.3468, 38.046899992198796], [57.3493, 38.063499992207156], [57.3443, 38.08099999221604], [57.323, 38.105199992228236], [57.3115, 38.13489999224319], [57.2788, 38.16299999225735], [57.2669, 38.17689999226434], [57.2489, 38.21149999228173], [57.2258, 38.24239999229727], [57.2215, 38.25109999230168], [57.2212, 38.258599992305456], [57.2183, 38.26499999230861], [57.2071, 38.270699992311485], [57.1907, 38.27519999231373], [57.1859, 38.27649999231442], [57.1751, 38.277599992314954], [57.1639, 38.27649999231442], [57.1466, 38.269699992311004], [57.1348, 38.25969999230599], [57.1146, 38.232099992292085], [57.1027, 38.221899992286964], [57.0703, 38.205099992278534], [57.0631, 38.19979999227583], [57.0566, 38.19519999227351], [57.0383, 38.18729999226957], [57.0181, 38.189699992270796], [56.9997, 38.19579999227386], [56.9785, 38.20279999227738], [56.828, 38.224899992288464], [56.8122, 38.22899999229051], [56.778, 38.244399992298284], [56.7391, 38.26959999231093], [56.7294, 38.27099999231168], [56.722, 38.26999999231115], [56.7082, 38.268199992310215], [56.6815, 38.26459999230846], [56.6435, 38.251499992301866], [56.6172, 38.24239999229727], [56.6012, 38.236799992294465], [56.585, 38.234499992293316], [56.5717, 38.239499992295805], [56.5451, 38.25409999230319], [56.5282, 38.25739999230477], [56.4364, 38.25499999230363], [56.4059, 38.24589999229906], [56.4, 38.24409999229811], [56.3665, 38.22549999228877], [56.3035, 38.17939999226558], [56.297, 38.16569999225871], [56.3244, 38.141099992246325], [56.3291, 38.12379999223757], [56.3255, 38.105199992228236], [56.3154, 38.0893999922203], [56.3052, 38.08339999221724], [56.2999, 38.080299992215686], [56.2142, 38.06879999220987], [56.1977, 38.07069999221081], [56.162, 38.08239999221674], [56.1214, 38.08639999221872], [55.9784, 38.06579999220837], [55.963, 38.06649999220871], [55.9489, 38.07009999221051], [55.9219, 38.081399992216205], [55.905, 38.08559999221833], [55.8542, 38.085999992218525], [55.8395, 38.08989999222049], [55.8002, 38.10769999222945], [55.7383, 38.11859999223499], [55.7358, 38.11859999223499], [55.7088, 38.11859999223499], [55.6396, 38.10719999222923], [55.5108, 38.085899992218486], [55.5081, 38.08579999221843], [55.4958, 38.08529999221821], [55.4509, 38.083799992217415], [55.4474, 38.08369999221739], [55.423, 38.07579999221338], [55.3488, 38.03049999219052], [55.3283, 38.022199992186344], [55.3074, 38.00869999217952], [55.2962, 38.007599992178974], [55.2505, 37.995399992172835], [55.2289, 37.98579999216795], [55.2236, 37.97689999216347], [55.2196, 37.969899992159945], [55.2148, 37.96849999215925], [55.2073, 37.966199992158096], [55.1497, 37.95749999215364], [55.1303, 37.952299992151055], [55.1216, 37.944699992147164], [55.1192, 37.940599992145124], [55.1108, 37.926399992137945], [55.1036, 37.91879999213408], [55.0928, 37.91559999213251], [55.0822, 37.91409999213173], [55.0788, 37.91369999213149], [55.0666, 37.9083999921288], [55.0638, 37.90099999212509], [55.0615, 37.89479999212195], [55.0536, 37.88439999211668], [55.0387, 37.871299992110046], [55.0068, 37.843099992095766], [54.8567, 37.76109999205419], [54.8268, 37.735199992041075], [54.8135, 37.718599992032665], [54.8081, 37.702799992024666], [54.8038, 37.68289999201455], [54.7872, 37.651799991998715], [54.7879, 37.63809999199176], [54.7883, 37.630799991988034], [54.7919, 37.625299991985244], [54.8038, 37.61689999198096], [54.8049, 37.6151999919801], [54.8081, 37.6102999919776], [54.8095, 37.60329999197409], [54.8081, 37.57929999196187], [54.8052, 37.56509999195464], [54.7987, 37.55309999194854], [54.7976, 37.55109999194752], [54.7915, 37.53989999194181], [54.7883, 37.52459999193401], [54.7845, 37.51879999193105], [54.7836, 37.51739999193034], [54.7721, 37.50979999192651], [54.7584, 37.500499991921735], [54.7453, 37.493699991918255], [54.722, 37.48149999191205], [54.7109, 37.47559999190906], [54.6983, 37.4662999919043], [54.6785, 37.45999999190107], [54.6541, 37.43889999189034], [54.654, 37.43889999189034], [54.6389, 37.43329999188749], [54.6169, 37.432999991887314], [54.5561, 37.44359999189273], [54.5479, 37.44259999189226], [54.5334, 37.44089999189135], [54.3642, 37.362699991851464], [54.3286, 37.353299991846676], [54.3062, 37.35309999184659], [54.2832, 37.35559999184785], [54.2616, 37.35489999184748], [54.2429, 37.34499999184241], [54.2245, 37.330699991835104], [54.2065, 37.32449999183193], [54.1962, 37.32409999183179], [54.1867, 37.32369999183155], [53.9138, 37.34269999184126], [53.8998, 37.46829999190535], [53.8897, 37.50809999192562], [53.871, 37.54779999194583], [53.8652, 37.5671999919557], [53.8606, 37.611299991978115], [53.8249, 37.74479999204597], [53.8218, 37.796199992072026], [53.8143, 37.91789999213364], [53.8073, 38.03189999219126], [53.8102, 38.048399992199556], [53.8238, 38.08159999221628], [53.8343, 38.13019999224083], [53.8588, 38.20649999227922], [53.8552, 38.2336999922929], [53.8663, 38.26499999230861], [53.8681, 38.30799999233019], [53.8616, 38.38939999237108], [53.8526, 38.40329999237801], [53.8454, 38.422299992387515], [53.8433, 38.442599992397675], [53.8282, 38.5035999924282], [53.8271, 38.525499992439116], [53.8361, 38.606199992479425], [53.8476, 38.64629999249938], [53.8631, 38.6792999925158], [53.9099, 38.73769999254486], [53.9268, 38.77359999256269], [53.9171, 38.80349999257751], [53.9318, 38.81299999258221], [53.9398, 38.83099999259118], [53.9455, 38.85129999260127], [53.9545, 38.86779999260943], [53.9657, 38.88189999261638], [53.9776, 38.90169999262617], [53.9826, 38.91599999263327], [53.9729, 38.91339999263201], [53.9714, 38.93419999264227], [53.9581, 38.94449999264735], [53.9232, 38.9543999926523], [53.9171, 38.96739999265868], [53.9065, 38.97089999266041], [53.8998, 38.973099992661496], [53.8966, 38.97409999266204], [53.8872, 38.988599992669116], [53.884, 38.9981999926739], [53.8825, 39.00899999267925], [53.871, 39.028299992688765], [53.862, 39.033899992691516], [53.8598, 39.03519999269216], [53.8565, 39.035299992692195], [53.821, 39.03619999269268], [53.7875, 39.04249999269576], [53.777, 39.0390999926941], [53.772, 39.03309999269113], [53.7673, 39.03089999269003], [53.7565, 39.03939999269427], [53.7479, 39.054399992701626], [53.7461, 39.05859999270369], [53.7326, 39.09059999271947], [53.7302, 39.09619999272221], [53.7281, 39.10129999272473], [53.722, 39.11129999272966], [53.7122, 39.104299992726254], [53.7138, 39.09599999272211], [53.7151, 39.08859999271849], [53.7241, 39.07209999271039], [53.732, 39.06299999270588], [53.732, 39.056699992702775], [53.7158, 39.063399992706096], [53.7014, 39.078399992713436], [53.6946, 39.096999992722644], [53.7023, 39.116399992732184], [53.7054, 39.124199992736024], [53.7002, 39.13559999274161], [53.6971, 39.14239999274497], [53.6978, 39.152299992749825], [53.704, 39.158599992752926], [53.731, 39.1721999927596], [53.732, 39.17269999275987], [53.7312, 39.17279999275995], [53.7025, 39.174999992760974], [53.7022, 39.19619999277141], [53.7138, 39.219999992783116], [53.7245, 39.24169999279371], [53.704, 39.23269999278933], [53.6966, 39.22829999278719], [53.6918, 39.22549999278581], [53.6762, 39.216199992781256], [53.66, 39.200399992773484], [53.6679, 39.19639999277152], [53.6741, 39.193299992770015], [53.6838, 39.083399992715954], [53.6723, 39.0985999927234], [53.6474, 39.1238999927359], [53.6359, 39.13869999274312], [53.6312, 39.156599992751914], [53.6305, 39.16939999275826], [53.6302, 39.17669999276184], [53.6233, 39.19159999276918], [53.6148, 39.19229999276953], [53.6017, 39.193299992770015], [53.6071, 39.20579999277611], [53.6104, 39.221799992784], [53.6091, 39.2311999927886], [53.6086, 39.23569999279082], [53.5985, 39.24169999279371], [53.5927, 39.234999992790456], [53.5922, 39.23389999278988], [53.5765, 39.203399992774976], [53.5675, 39.193299992770015], [53.5639, 39.21669999278149], [53.5686, 39.24629999279601], [53.5696, 39.24919999279745], [53.588, 39.30309999282385], [53.5731, 39.291899992818365], [53.5607, 39.28259999281382], [53.566, 39.29349999281914], [53.5772, 39.3166999928305], [53.5812, 39.3303999928372], [53.5538, 39.32369999283389], [53.565, 39.345199992844414], [53.5621, 39.3532999928484], [53.5499, 39.34829999284593], [53.5333, 39.3303999928372], [53.5328, 39.330999992837505], [53.5261, 39.337899992840875], [53.515, 39.332699992838336], [53.4957, 39.331699992837834], [53.4804, 39.330899992837395], [53.4714, 39.3303999928372], [53.4523, 39.31799999283112], [53.4433, 39.31869999283146], [53.444, 39.337899992840875], [53.4372, 39.337899992840875], [53.4296, 39.327899992836], [53.4188, 39.31799999283112], [53.4052, 39.31129999282788], [53.3893, 39.31059999282749], [53.3944, 39.316999992830624], [53.403, 39.337899992840875], [53.3753, 39.337899992840875], [53.3616, 39.3303999928372], [53.3515, 39.342199992842986], [53.3479, 39.34419999284394], [53.309, 39.33069999283734], [53.2932, 39.3303999928372], [53.2932, 39.337899992840875], [53.2993, 39.345199992844414], [53.2968, 39.348999992846295], [53.2648, 39.35279999284814], [53.2496, 39.361799992852575], [53.2385, 39.364599992853925], [53.2187, 39.363799992853515], [53.193, 39.35779999285064], [53.1701, 39.352499992848], [53.155, 39.34629999284498], [53.1499, 39.34419999284394], [53.1577, 39.34029999284203], [53.1859, 39.3262999928352], [53.1956, 39.324199992834146], [53.1978, 39.32369999283389], [53.1818, 39.30419999282438], [53.1794, 39.30129999282295], [53.173, 39.28819999281656], [53.1727, 39.286599992815766], [53.1704, 39.27219999280869], [53.1722, 39.255499992800495], [53.1841, 39.21379999278005], [53.1816, 39.18929999276805], [53.1719, 39.17749999276225], [53.1614, 39.179599992763286], [53.137, 39.32139999283278], [53.1305, 39.33339999283867], [53.0887, 39.383299992863094], [53.0851, 39.40039999287141], [53.0948, 39.41989999288092], [53.098, 39.42309999288251], [53.1042, 39.42929999288554], [53.133, 39.45049999289586], [53.1452, 39.483999992912196], [53.1654, 39.49669999291836], [53.1784, 39.51559999292759], [53.1966, 39.55479999294664], [53.2147, 39.59349999296547], [53.2417, 39.63629999298624], [53.2561, 39.64829999299203], [53.2759, 39.664899993000105], [53.2808, 39.664099992999695], [53.3137, 39.65889999299719], [53.2928, 39.64989999299281], [53.2774, 39.63929999298767], [53.2519, 39.611499992974196], [53.2486, 39.60789999297242], [53.2442, 39.599599992968415], [53.239, 39.58279999296026], [53.2352, 39.57069999295439], [53.2262, 39.562999992950665], [53.2111, 39.55009999294436], [53.2169, 39.525099992932184], [53.254, 39.521199992930306], [53.3634, 39.53809999293851], [53.4268, 39.53589999293748], [53.4469, 39.53049999293485], [53.4588, 39.51779999292864], [53.4674, 39.50229999292107], [53.4782, 39.4886999929145], [53.4917, 39.480999992910725], [53.4923, 39.480699992910566], [53.5092, 39.47659999290862], [53.5109, 39.476499992908565], [53.5506, 39.47459999290759], [53.5679, 39.46769999290426], [53.5772, 39.467799992904276], [53.5812, 39.47779999290917], [53.581, 39.48009999291028], [53.5805, 39.48799999291412], [53.5772, 39.49529999291769], [53.5715, 39.49969999291984], [53.5607, 39.50169999292083], [53.5736, 39.52719999293321], [53.5862, 39.52379999293159], [53.5996, 39.5077999929238], [53.6029, 39.50499999292244], [53.6154, 39.49489999291753], [53.6345, 39.49529999291769], [53.6481, 39.5055999929227], [53.6636, 39.517299992928386], [53.6781, 39.520799992930144], [53.6838, 39.5221999929308], [53.7158, 39.50919999292447], [53.7245, 39.508599992924154], [53.7364, 39.51789999292869], [53.7331, 39.52789999293358], [53.7227, 39.537099992938074], [53.7115, 39.54339999294106], [53.6992, 39.54729999294298], [53.6892, 39.55039999294455], [53.6471, 39.55829999294835], [53.6291, 39.57069999295439], [53.6453, 39.57489999295639], [53.6546, 39.58199999295988], [53.6547, 39.58249999296011], [53.6554, 39.592899992965165], [53.6464, 39.60789999297242], [53.6439, 39.609799992973365], [53.633, 39.618199992977445], [53.6197, 39.620499992978594], [53.5715, 39.61639999297657], [53.5682, 39.622699992979626], [53.5675, 39.64239999298919], [53.5646, 39.652599992994126], [53.5564, 39.66449999299987], [53.5456, 39.674899993004914], [53.5333, 39.68049999300768], [53.5398, 39.64629999299111], [53.5398, 39.63209999298421], [53.5333, 39.63209999298421], [53.497, 39.67649999300568], [53.471, 39.69639999301532], [53.4613, 39.698099993016186], [53.444, 39.70109999301761], [53.4482, 39.69239999301338], [53.4577, 39.67299999300399], [53.43, 39.68659999301058], [53.4304, 39.667699993001456], [53.4491, 39.64859999299217], [53.4509, 39.63209999298421], [53.4167, 39.64999999299286], [53.4127, 39.68559999301012], [53.43, 39.76249999304733], [53.4181, 39.75729999304479], [53.4059, 39.75579999304408], [53.3933, 39.7574999930449], [53.3821, 39.76249999304733], [53.3821, 39.769199993050556], [53.4152, 39.782099993056775], [53.4168, 39.78379999305758], [53.4447, 39.81399999307219], [53.4464, 39.81589999307307], [53.4674, 39.83859999308405], [53.4991, 39.865499993096975], [53.4937, 39.8706999930995], [53.4898, 39.877399993102735], [53.4851, 39.88539999310654], [53.5027, 39.89159999310954], [53.5102, 39.89199999310975], [53.5229, 39.892899993110156], [53.5373, 39.89629999311182], [53.5369, 39.903699993115374], [53.5315, 39.909899993118366], [53.5308, 39.91069999311873], [53.5261, 39.91259999311965], [53.5373, 39.92489999312559], [53.5528, 39.936199993131], [53.5672, 39.949499993137394], [53.5744, 39.96779999314617], [53.5607, 39.961099993142916], [53.5438, 39.97429999314926], [53.529, 39.97699999315056], [53.4919, 39.97469999314948], [53.475, 39.97909999315161], [53.452, 39.99549999315945], [53.4372, 40.00259999316283], [53.4196, 40.00649999316469], [53.4023, 40.00679999316486], [53.3854, 40.00299999316302], [53.3688, 39.99519999315927], [53.3267, 39.95869999314182], [53.3105, 39.95349999313931], [53.29, 39.94209999313382], [53.2828, 39.93989999313275], [53.2748, 39.94209999313382], [53.2572, 39.95149999313833], [53.2374, 39.95769999314131], [53.1722, 39.99749999316044], [53.1553, 39.99229999315793], [53.1406, 39.98099999315251], [53.1258, 39.97469999314948], [53.0534, 39.96779999314617], [53.065, 39.98399999315392], [53.0665, 39.98509999315447], [53.0819, 39.99519999315927], [53.067, 39.99149999315751], [53.0124, 39.97799999315108], [52.975, 39.97429999314926], [52.9436, 39.98159999315276], [52.9309, 40.004899993163946], [52.9274, 40.011199993166976], [52.9138, 40.02159999317195], [52.8961, 40.00879999316584], [52.8958, 39.99829999316078], [52.903, 39.984899993154336], [52.9044, 39.98309999315346], [52.9199, 39.96449999314458], [52.9235, 39.9524999931388], [52.9303, 39.89589999311156], [52.9361, 39.88759999310762], [52.9645, 39.85819999309346], [52.975, 39.85179999309037], [52.9827, 39.84049999308494], [52.9986, 39.817399993073835], [53.0018, 39.812599993071515], [53.0124, 39.797299993064094], [53.0161, 39.79469999306285], [53.0534, 39.769199993050556], [53.0534, 39.76249999304733], [53.0059, 39.782899993057164], [53.0192, 39.77539999305353], [53.047, 39.74819999304038], [53.0401, 39.741999993037375], [53.0081, 39.766299993049124], [52.9948, 39.780199993055845], [52.9663, 39.83289999308126], [52.9526, 39.8464999930878], [52.917, 39.85839999309357], [52.9051, 39.87449999310133], [52.8983, 39.89539999311138], [52.8939, 39.926699993126405], [52.8929, 39.934199993129994], [52.8842, 39.94479999313514], [52.8148, 39.987699993155715], [52.7954, 39.99959999316145], [52.7878, 40.004299993163684], [52.7637, 40.02359999317294], [52.7532, 40.03199999317694], [52.7384, 40.05359999318729], [52.7418, 40.072999993196575], [52.7458, 40.095999993207556], [52.746, 40.096899993208005], [52.7539, 40.12109999321951], [52.7618, 40.13579999322657], [52.7636, 40.14059999322884], [52.7683, 40.15369999323508], [52.7669, 40.1563999932364], [52.7582, 40.17249999324406], [52.7309, 40.20069999325751], [52.7401, 40.20719999326059], [52.7435, 40.209499993261666], [52.7399, 40.217099993265315], [52.7388, 40.21939999326641], [52.7179, 40.23539999327405], [52.6988, 40.2737999932923], [52.7021, 40.31239999331059], [52.7366, 40.48459999339203], [52.7465, 40.50829999340324], [52.7503, 40.517699993407646], [52.7726, 40.5506999934232], [52.8324, 40.61449999345313], [52.863, 40.657999993473595], [52.868, 40.694099993490454], [52.8661, 40.695399993491066], [52.8594, 40.699999993493236], [52.8331, 40.704799993495456], [52.8277, 40.71139999349852], [52.8299, 40.72059999350287], [52.8341, 40.730899993507656], [52.8353, 40.73389999350906], [52.8374, 40.73899999351143], [52.8371, 40.742499993513114], [52.8324, 40.745499993514514], [52.8454, 40.75159999351734], [52.8565, 40.75499999351896], [52.8616, 40.75649999351965], [52.868, 40.755499993519166], [52.8702, 40.76509999352368], [52.8688, 40.775799993528636], [52.8682, 40.77699999352917], [52.8619, 40.790299993535434], [52.8857, 40.865399993570385], [52.9235, 40.94109999360551], [52.9314, 40.975599993621486], [52.917, 41.04499999365356], [52.9168, 41.067999993664216], [52.9167, 41.07199999366606], [52.9166, 41.085099993672095], [52.9516, 41.06879999366458], [52.9613, 41.0608999936609], [52.9656, 41.04929999365559], [52.9643, 41.04489999365356], [52.9588, 41.02649999364503], [52.958, 41.01619999364027], [52.9582, 41.01589999364016], [52.9681, 40.997499993631614], [52.9685, 40.99689999363134], [52.9707, 40.99479999363041], [53.012, 40.95469999361183], [53.0166, 40.94509999360739], [53.02, 40.937999993604095], [53.0232, 40.927599993599266], [53.0307, 40.90329999358796], [53.0318, 40.89969999358631], [53.0401, 40.885899993579905], [53.0422, 40.884799993579406], [53.0424, 40.88469999357935], [53.0649, 40.87279999357385], [53.0722, 40.86899999357206], [53.0743, 40.865399993570385], [53.0999, 40.865099993570226], [53.1114, 40.867099993571145], [53.1218, 40.87229999357356], [53.1064, 40.858199993567005], [53.1018, 40.856999993566454], [53.0819, 40.851499993563934], [53.0698, 40.84619999356145], [53.0646, 40.84389999356036], [53.0707, 40.8278999935529], [53.0941, 40.812299993545665], [53.102, 40.80389999354174], [53.1042, 40.79479999353752], [53.1042, 40.783499993532246], [53.1074, 40.77379999352771], [53.119, 40.76979999352582], [53.1632, 40.7668999935245], [53.1823, 40.76839999352517], [53.2046, 40.77609999352878], [53.2448, 40.80869999354401], [53.2458, 40.80949999354438], [53.2496, 40.81259999354581], [53.2658, 40.816999993547846], [53.2622, 40.81109999354509], [53.2493, 40.790299993535434], [53.2467, 40.78119999353115], [53.245, 40.77499999352828], [53.2561, 40.7688999935254], [53.331, 40.77609999352878], [53.3361, 40.77889999353011], [53.3396, 40.780799993530955], [53.3403, 40.79169999353608], [53.3411, 40.80459999354207], [53.3443, 40.813899993546386], [53.3493, 40.81929999354889], [53.3549, 40.82529999355171], [53.3591, 40.82979999355378], [53.3699, 40.83519999355635], [53.3821, 40.83119999355446], [53.3832, 40.82559999355183], [53.376, 40.80699999354322], [53.3753, 40.79769999353887], [53.3839, 40.77819999352976], [53.3987, 40.762799993522606], [53.4185, 40.75229999351766], [53.4469, 40.74649999351493], [53.4613, 40.73689999351048], [53.4714, 40.73499999350958], [53.4829, 40.73699999351056], [53.5056, 40.74859999351593], [53.5416, 40.76159999352199], [53.5553, 40.77349999352757], [53.5607, 40.7939999935371], [53.5603, 40.805299993542384], [53.5592, 40.83679999355706], [53.5628, 40.852999993564616], [53.5699, 40.86399999356972], [53.5817, 40.88279999357848], [53.5873, 40.89159999358255], [53.5927, 40.89329999358334], [53.5994, 40.89329999358334], [53.6053, 40.89329999358334], [53.6147, 40.89139999358247], [53.6248, 40.886999993580396], [53.6327, 40.88129999357777], [53.6384, 40.87259999357372], [53.6388, 40.871999993573425], [53.6394, 40.87179999357336], [53.6572, 40.865399993570385], [53.6575, 40.85909999356743], [53.6567, 40.85759999356676], [53.6496, 40.84489999356081], [53.6504, 40.84179999355939], [53.655, 40.82389999355109], [53.6604, 40.816199993547514], [53.6708, 40.810699993544915], [53.6672, 40.80479999354219], [53.6622, 40.79659999353837], [53.6496, 40.783499993532246], [53.6529, 40.77849999352991], [53.6611, 40.766099993524094], [53.6766, 40.725899993505344], [53.691, 40.7077999934969], [53.7011, 40.70309999349471], [53.7112, 40.701699993494046], [53.7194, 40.698299993492434], [53.7238, 40.68919999348816], [53.7245, 40.687899993487534], [53.7236, 40.68529999348636], [53.722, 40.68069999348422], [53.718, 40.674599993481344], [53.7079, 40.658999993474005], [53.7047, 40.64999999346983], [53.7055, 40.64879999346928], [53.7204, 40.62639999345877], [53.7209, 40.625699993458426], [53.7213, 40.625699993458426], [53.7594, 40.625699993458426], [53.7695, 40.62719999345913], [53.8038, 40.632399993461554], [53.8048, 40.63259999346166], [53.8596, 40.626499993458786], [53.8627, 40.62609999345865], [53.8634, 40.626599993458825], [53.8752, 40.63489999346277], [53.8793, 40.637899993464124], [53.892, 40.65029999346997], [53.8948, 40.652999993471255], [53.9376, 40.67159999347993], [53.9477, 40.6735999934809], [53.9578, 40.67209999348019], [53.9855, 40.66059999347481], [54.0107, 40.65789999347349], [54.0305, 40.66279999347579], [54.0492, 40.66989999347914], [54.0802, 40.67609999348204], [54.0881, 40.682199993484886], [54.0912, 40.68709999348716], [54.0931, 40.6900999934886], [54.0953, 40.69779999349221], [54.0632, 40.70839999349717], [54.0593, 40.71139999349852], [54.0542, 40.71529999350038], [54.0832, 40.71439999349995], [54.1122, 40.7133999934995], [54.1194, 40.71429999349991], [54.1414, 40.71689999350114], [54.1712, 40.729599993507094], [54.2279, 40.72839999350653], [54.2318, 40.72829999350644], [54.2321, 40.72829999350644], [54.235, 40.725699993505266], [54.2339, 40.724199993504534], [54.2306, 40.71929999350223], [54.2227, 40.701599993493986], [54.2177, 40.69019999348863], [54.2216, 40.68709999348716], [54.2526, 40.67649999348226], [54.3584, 40.6744999934813], [54.4034, 40.6735999934809], [54.384, 40.68279999348517], [54.3629, 40.687899993487534], [54.3628, 40.687899993487534], [54.3629, 40.68809999348769], [54.3703, 40.6958999934913], [54.375, 40.700799993493604], [54.415, 40.70869999349727], [54.4255, 40.717399993501374], [54.4304, 40.721399993503205], [54.4003, 40.720999993503014], [54.3623, 40.72059999350287], [54.3311, 40.72009999350263], [54.3181, 40.72159999350332], [54.3106, 40.73059999350753], [54.308, 40.752099993517554], [54.3077, 40.753499993518226], [54.3065, 40.75859999352064], [54.3037, 40.770099993525974], [54.285, 40.79739999353872], [54.2785, 40.82359999355094], [54.2699, 40.837999993557595], [54.2688, 40.839899993558475], [54.2684, 40.84129999355915], [54.2667, 40.84689999356173], [54.2663, 40.84839999356245], [54.2684, 40.85499999356558], [54.269, 40.85589999356592], [54.2746, 40.86479999357011], [54.2731, 40.87229999357356], [54.267, 40.87409999357445], [54.2607, 40.87349999357412], [54.2569, 40.87309999357392], [54.2483, 40.87499999357484], [54.2475, 40.87909999357671], [54.2471, 40.88109999357765], [54.2461, 40.885899993579905], [54.2501, 40.89059999358211], [54.2663, 40.8912999935824], [54.2731, 40.89329999358334], [54.299, 40.91609999359392], [54.3001, 40.91669999359418], [54.3124, 40.923899993597566], [54.3241, 40.925699993598386], [54.3318, 40.92689999359893], [54.3606, 40.91709999359438], [54.3933, 40.896899993585], [54.4082, 40.88779999358078], [54.4211, 40.87989999357712], [54.438, 40.87969999357703], [54.4564, 40.87059999357282], [54.4578, 40.869899993572496], [54.4657, 40.86599999357067], [54.4663, 40.86329999356937], [54.4686, 40.85169999356398], [54.4564, 40.83559999355653], [54.438, 40.816999993547846], [54.4423, 40.816199993547514], [54.4751, 40.80989999354452], [54.5906, 40.82679999355243], [54.5992, 40.82919999355354], [54.61, 40.83229999355496], [54.6245, 40.83649999355691], [54.6394, 40.83869999355795], [54.64, 40.83879999355798], [54.6423, 40.84189999355948], [54.6576, 40.86199999356882], [54.6997, 40.87899999357666], [54.7091, 40.88499999357949], [54.7465, 40.932699993601595], [54.7508, 40.93989999360501], [54.7559, 40.948399993608945], [54.7602, 40.9649999936166], [54.7601, 40.9654999936168], [54.7568, 40.97919999362316], [54.7562, 40.9815999936243], [54.7469, 40.99559999363079], [54.722, 41.01999999364203], [54.6934, 41.054999993658214], [54.69, 41.059199993660144], [54.6781, 41.064599993662654], [54.6781, 41.070899993665584], [54.7004, 41.068299993664375], [54.7246, 41.05929999366022], [54.7351, 41.05369999365763], [54.7674, 41.03669999364975], [54.7609, 41.04539999365378], [54.7325, 41.064599993662654], [54.7238, 41.07479999366737], [54.7186, 41.08479999367195], [54.7184, 41.085099993672095], [54.7199, 41.091899993675206], [54.72, 41.09209999367533], [54.7202, 41.09229999367544], [54.7242, 41.09789999367801], [54.7292, 41.10099999367944], [54.7305, 41.09979999367883], [54.7325, 41.09809999367807], [54.7307, 41.09989999367889], [54.7262, 41.10449999368104], [54.7159, 41.115099993685895], [54.6886, 41.12129999368875], [54.6607, 41.124299993690165], [54.6594, 41.12439999369015], [54.6555, 41.1258999936909], [54.6382, 41.13219999369381], [54.6364, 41.13289999369408], [54.6351, 41.15879999370602], [54.6349, 41.1625999937078], [54.6004, 41.192299993721434], [54.5228, 41.237599993742165], [54.4849, 41.259699993752335], [54.4565, 41.27629999375987], [54.4387, 41.28669999376467], [54.4006, 41.308999993774826], [54.3116, 41.33819999378816], [54.2947, 41.347399993792365], [54.258, 41.37589999380536], [54.2116, 41.39579999381443], [54.196, 41.40429999381829], [54.1907, 41.40719999381959], [54.1771, 41.42619999382826], [54.1748, 41.42939999382968], [54.1529, 41.454299993841026], [54.145, 41.459699993843486], [54.1086, 41.46539999384608], [54.0895, 41.474699993850265], [54.074, 41.48789999385625], [54.0611, 41.50279999386299], [54.0413, 41.534599993877464], [54.0301, 41.5694999938932], [54.0258, 41.60869999391089], [54.0257, 41.62989999392049], [54.0256, 41.65099999392998], [54.0254, 41.69509999394981], [54.024, 41.70429999395396], [54.0208, 41.72419999396288], [54.0197, 41.73149999396616], [54.0085, 41.76479999398109], [53.9923, 41.79699999399555], [53.9906, 41.7991999939965], [53.9817, 41.81069999400163], [53.9623, 41.83539999401268], [53.9444, 41.85829999402292], [53.9376, 41.872799994029364], [53.9322, 41.88419999403444], [53.9102, 41.88929999403672], [53.9027, 41.89329999403852], [53.8987, 41.90539999404394], [53.9102, 41.93429999405678], [53.9031, 41.970099994072655], [53.9027, 41.97199999407355], [53.9141, 41.99399999408331], [53.9149, 41.99549999408397], [53.9171, 42.00679999408897], [53.9164, 42.0233999940963], [53.9139, 42.03849999410301], [53.9136, 42.040499994103875], [53.9131, 42.04329999410512], [53.907, 42.06289999411377], [53.8966, 42.07879999412083], [53.8656, 42.10169999413093], [53.8188, 42.12439999414095], [53.768, 42.13599999414606], [53.7263, 42.12639999414182], [53.7245, 42.12599999414167], [53.713, 42.13079999414381], [53.682, 42.14389999414954], [53.6683, 42.14219999414882], [53.6077, 42.134599994145454], [53.4041, 42.109199994134244], [53.3753, 42.10559999413265], [53.3166, 42.08219999412231], [53.3153, 42.081999994122235], [53.2968, 42.07879999412083], [53.2198, 42.08139999412198], [53.164, 42.10369999413186], [53.1218, 42.089999994125805], [53.1018, 42.07629999411972], [53.0844, 42.06449999411447], [53.0813, 42.06189999411334], [53.0603, 42.04419999410552], [52.9835, 41.99829999408518], [52.9602, 41.984299994078995], [52.9436, 41.963399994069704], [52.9372, 41.95529999406613], [52.8243, 41.76929999398315], [52.8216, 41.76479999398109], [52.804, 41.74479999397211], [52.7919, 41.737599993968885], [52.7896, 41.73619999396831], [52.7852, 41.729999993965514], [52.782, 41.72549999396349], [52.7763, 41.70889999395605], [52.7737, 41.70129999395259], [52.7694, 41.67549999394102], [52.7696, 41.67449999394056], [52.7712, 41.66719999393728], [52.7726, 41.66049999393425], [52.7845, 41.66309999393544], [52.7857, 41.6641999939359], [52.8103, 41.688399993946824], [52.8158, 41.69379999394924], [52.8207, 41.69629999395035], [52.831, 41.701399993952684], [52.8563, 41.699599993951836], [52.8762, 41.69819999395122], [52.8806, 41.69779999395105], [52.9037, 41.689699993947364], [52.9166, 41.67419999394043], [52.9165, 41.672299993939596], [52.9161, 41.667799993937564], [52.9156, 41.66079999393439], [52.9135, 41.65809999393317], [52.9001, 41.640299993925154], [52.8961, 41.62939999392021], [52.898, 41.61789999391506], [52.903, 41.5884999939018], [52.9027, 41.58699999390112], [52.9004, 41.57389999389522], [52.899, 41.56589999389157], [52.8795, 41.527999993874445], [52.8328, 41.43739999383333], [52.8277, 41.41729999382421], [52.8277, 41.41719999382418], [52.8192, 41.394699993813944], [52.8133, 41.37929999380694], [52.8155, 41.36959999380248], [52.8173, 41.36579999380077], [52.8277, 41.34469999379115], [52.8371, 41.30289999377206], [52.839, 41.2848999937638], [52.8393, 41.28269999376281], [52.8439, 41.24019999374333], [52.8506, 41.22549999373663], [52.8515, 41.22359999373577], [52.855, 41.21799999373322], [52.904, 41.140199993697436], [52.9098, 41.122699993689444], [52.9081, 41.116099993686376], [52.9044, 41.10199999367987], [52.8832, 41.07249999366628], [52.8831, 41.0701999936652], [52.8824, 41.05039999365609], [52.8756, 41.05039999365609], [52.8698, 41.05999999366053], [52.854, 41.070499993665386], [52.8482, 41.07759999366863], [52.8468, 41.088599993673746], [52.85, 41.10149999367964], [52.8544, 41.11929999368783], [52.8547, 41.14249999369852], [52.8541, 41.14599999370016], [52.8511, 41.16329999370805], [52.8439, 41.182499993716895], [52.8338, 41.20129999372552], [52.8133, 41.22169999373488], [52.8112, 41.233599993740334], [52.8137, 41.252599993749065], [52.8133, 41.26269999375369], [52.7914, 41.32119999378045], [52.7896, 41.33089999378486], [52.777, 41.33949999378879], [52.7611, 41.37759999380614], [52.7453, 41.38619999381005], [52.732, 41.38819999381094], [52.7233, 41.39419999381371], [52.719, 41.403899993818094], [52.7158, 41.4263999938283], [52.7104, 41.432199993831], [52.6938, 41.444599993836654], [52.6823, 41.450299993839224], [52.656, 41.45329999384056], [52.6463, 41.45809999384277], [52.6117, 41.49229999385828], [52.5941, 41.50269999386298], [52.5754, 41.508699993865726], [52.562, 41.51939999387053], [52.5603, 41.54349999388148], [52.5602, 41.54389999388166], [52.5635, 41.5461999938827], [52.584, 41.574599993895504], [52.5876, 41.582599993899166], [52.5887, 41.59409999390431], [52.5883, 41.60179999390781], [52.5876, 41.61609999391425], [52.589, 41.62309999391742], [52.5952, 41.63369999392218], [52.5955, 41.63999999392501], [52.5926, 41.645799993927625], [52.5808, 41.65359999393113], [52.5725, 41.673799993940236], [52.5671, 41.6816999939438], [52.5602, 41.68779999394657], [52.553, 41.689499993947315], [52.5365, 41.68779999394657], [52.5296, 41.69129999394813], [52.5145, 41.70689999395511], [52.4987, 41.71199999395741], [52.4836, 41.7261999939638], [52.4501, 41.73479999396765], [52.4378, 41.74879999397393], [52.4512, 41.758799993978414], [52.5593, 41.83979999401468], [52.7647, 41.993799994083226], [52.9786, 42.12659999414191], [53.1352, 42.16779999416004], [53.1917, 42.19299999417117], [53.4124, 42.258099994199725], [53.4786, 42.26859999420432], [53.5094, 42.27269999420611], [54.047, 42.34539999423788], [54.1226, 42.337499994234435], [54.1954, 42.31809999422598], [54.7382, 42.04819999410729], [54.9071, 41.9320999940558], [54.9308, 41.90919999404561], [54.9409, 41.889599994036864], [54.9406, 41.872699994029354], [54.9366, 41.85529999402159], [54.9348, 41.83369999401191], [54.9402, 41.813599994002935], [54.9506, 41.7955999939949], [55.0977, 41.64649999392792], [55.1, 41.6441999939269], [55.1487, 41.57919999389761], [55.2286, 41.4726999938494], [55.2592, 41.444599993836654], [55.2676, 41.438999993834074], [55.2941, 41.42149999382611], [55.3567, 41.388999993811346], [55.3726, 41.37559999380523], [55.3848, 41.35849999379742], [55.398, 41.33429999378639], [55.399, 41.33259999378565], [55.4074, 41.317199993778594], [55.4125, 41.30789999377435], [55.4132, 41.307199993774], [55.4243, 41.29589999376884], [55.4294, 41.290699993766516], [55.4492, 41.27949999376137], [55.4503, 41.278799993761005], [55.4645, 41.2727999937583], [55.4731, 41.26909999375662], [55.4784, 41.266799993755555], [55.5094, 41.25879999375193], [55.5235, 41.259399993752155], [55.6354, 41.264399993754445], [55.6944, 41.28159999376231], [55.7037, 41.282599993762794], [55.7125, 41.28349999376319], [55.7663, 41.28939999376589], [55.7873, 41.29169999376695], [55.8344, 41.308999993774826], [55.8766, 41.3244999937819], [55.8871, 41.32519999378227], [55.91, 41.3265999937829], [55.9784, 41.32159999378062], [56.1414, 41.31499999377759], [56.1965, 41.31269999377654], [56.7935, 41.288299993765385], [57.0102, 41.2540999937497], [57.0296, 41.26249999375358], [57.0602, 41.304899993772985], [57.065, 41.308999993774826], [57.08, 41.3220999937808], [57.1244, 41.33859999378836], [57.1268, 41.33949999378879], [57.1481, 41.35109999379405], [57.1592, 41.36109999379862], [57.1614, 41.36799999380174], [57.1545, 41.371899993803524], [57.1538, 41.37229999380373], [57.1038, 41.38159999380795], [57.0883, 41.3872999938106], [57.0823, 41.390599993812046], [57.0743, 41.39489999381402], [57.0523, 41.413499993822505], [57.0329, 41.43829999383376], [57.0196, 41.46589999384628], [57.0149, 41.49359999385887], [57.0156, 41.52899999387492], [57.012, 41.55769999388787], [57.0005, 41.58389999389974], [56.9785, 41.61139999391216], [56.9605, 41.647199993928275], [56.9616, 41.678699993942416], [56.9695, 41.710899993956936], [56.972, 41.7484999939738], [56.9497, 41.82749999400913], [56.9501, 41.86599999402634], [56.9785, 41.89499999403926], [56.9877, 41.89829999404077], [57.0611, 41.92399999405219], [57.0743, 41.928699994054284], [57.1157, 41.95199999406466], [57.1528, 41.99349999408305], [57.2078, 42.070499994117206], [57.2709, 42.116699994137534], [57.2881, 42.12929999414313], [57.3354, 42.14649999415067], [57.3824, 42.163699994158286], [57.4782, 42.16649999415946], [57.6197, 42.14819999415145], [57.6661, 42.15509999415447], [57.7216, 42.17529999416339], [57.741, 42.17869999416486], [57.809, 42.17639999416383], [57.8285, 42.179499994165226], [57.8504, 42.19139999417047], [57.8472, 42.20089999417467], [57.8346, 42.21159999417931], [57.8274, 42.22729999418625], [57.8353, 42.24039999419198], [57.8738, 42.24969999419603], [57.8882, 42.26149999420123], [57.9289, 42.33099999423162], [57.9376, 42.354099994241686], [57.9358, 42.3696999942485], [57.9142, 42.40389999426338], [57.9088, 42.43039999427493], [57.9257, 42.44099999427956], [57.9527, 42.44999999428343], [57.9782, 42.47179999429292], [57.9814, 42.47579999429464], [57.9872, 42.483399994297926], [57.9915, 42.487499994299725], [57.9977, 42.49339999430222], [58.016, 42.499699994305], [58.0332, 42.50199999430596], [58.0384, 42.50269999430627], [58.061, 42.5021999943061], [58.0798, 42.49719999430392], [58.0945, 42.48669999429935], [58.1172, 42.46149999428841], [58.1334, 42.454599994285445], [58.1396, 42.4549999942856], [58.1496, 42.45559999428588], [58.1856, 42.4671999942909], [58.1938, 42.46819999429133], [58.204, 42.469499994291915], [58.2256, 42.46649999429061], [58.3249, 42.43179999427556], [58.3591, 42.41339999426753], [58.3824, 42.389999994257344], [58.3847, 42.387799994256405], [58.3885, 42.37419999425045], [58.3948, 42.35229999424092], [58.3915, 42.333999994232954], [58.3861, 42.316799994225384], [58.3858, 42.30129999421862], [58.3976, 42.28789999421278], [58.4138, 42.284699994211365], [58.4732, 42.291499994214334], [58.4783, 42.29199999421459], [58.4905, 42.29759999421702], [58.4941, 42.30559999422052], [58.4894, 42.31449999422441], [58.4783, 42.32219999422779], [58.438, 42.357699994243255], [58.4264, 42.37159999424936], [58.4095, 42.391899994258154], [58.3638, 42.44699999428212], [58.3414, 42.48619999429914], [58.3372, 42.49369999430236], [58.335, 42.49609999430342], [58.3062, 42.52859999431752], [58.2709, 42.54899999432634], [58.1456, 42.59249999434511], [58.1269, 42.604999994350486], [58.1215, 42.62419999435876], [58.1305, 42.638799994365066], [58.1489, 42.64889999436941], [58.1867, 42.6610999943746], [58.2396, 42.685099994384935], [58.2583, 42.68939999438679], [58.2828, 42.688899994386595], [58.2909, 42.68639999438551], [58.3904, 42.656699994372744], [58.4419, 42.64779999436891], [58.4757, 42.64619999436824], [58.4906, 42.645499994367924], [58.493, 42.64539999436789], [58.5123, 42.649599994369716], [58.5344, 42.6544999943718], [58.5557, 42.68359999438433], [58.5694, 42.76839999442062], [58.5877, 42.79119999443036], [58.6122, 42.780899994425965], [58.6255, 42.76929999442105], [58.8275, 42.593699994345606], [58.8944, 42.54779999432583], [58.9646, 42.524299994315655], [59.0093, 42.51839999431311], [59.0384, 42.51969999431369], [59.0648, 42.524999994315934], [59.0676, 42.525599994316224], [59.0964, 42.535899994320665], [59.122, 42.53799999432156], [59.143, 42.52809999431729], [59.1461, 42.52669999431667], [59.2098, 42.47759999429538], [59.2238, 42.460899994288134], [59.2332, 42.44169999427982], [59.2451, 42.36529999424659], [59.2584, 42.34759999423887], [59.2872, 42.335999994233745], [59.338, 42.33179999423194], [59.3617, 42.32579999422934], [59.4013, 42.29389999421538], [59.4265, 42.28669999421226], [59.478, 42.28559999421177], [59.5151, 42.28979999421362], [59.5213, 42.29049999421396], [59.5447, 42.29319999421509], [59.6897, 42.309799994222395], [59.7764, 42.30389999421979], [59.8211, 42.30789999422152], [59.8384, 42.306499994220935], [59.8664, 42.304199994219886], [59.8978, 42.27839999420859], [59.9258, 42.24619999419449], [59.9608, 42.22259999418418], [60.005, 42.20969999417849], [60.0206, 42.202799994175486], [60.0281, 42.19939999417398], [60.0403, 42.18639999416824], [60.0397, 42.1832999941669], [60.0371, 42.169699994160894], [60.0205, 42.160799994157], [60.0158, 42.15929999415634], [60.0, 42.15449999415423], [59.9838, 42.14559999415031], [59.9806, 42.129999994143425], [59.9744, 42.09929999412987], [59.9942, 42.04999999410812], [59.9971, 42.01049999409062], [59.9709, 42.002999994087276], [59.9377, 41.99339999408302], [59.9262, 41.99099999408194], [59.9194, 41.98959999408136], [59.9078, 41.979799994076956], [59.9064, 41.96659999407113], [59.9176, 41.95239999406481], [59.9316, 41.9475999940627], [59.9656, 41.94849999406309], [59.9838, 41.94899999406332], [59.9845, 41.94879999406326], [60.0311, 41.93569999405738], [60.0889, 41.91939999405018], [60.1081, 41.90689999404455], [60.1181, 41.900299994041646], [60.1331, 41.88329999403406], [60.1526, 41.86109999402416], [60.1674, 41.84949999401897], [60.2149, 41.82849999400956], [60.2224, 41.82379999400753], [60.229, 41.81959999400561], [60.2412, 41.807999994000475], [60.2509, 41.7942999939943], [60.2527, 41.77999999398789], [60.2412, 41.766999993982076], [60.2271, 41.76559999398149], [60.2254, 41.7653999939814], [60.2059, 41.7719999939843], [60.1714, 41.7883999939917], [60.1336, 41.79729999399564], [60.1022, 41.79529999399475], [60.0795, 41.78339999398942], [60.0749, 41.78099999398831], [60.0594, 41.7643999939809], [60.0493, 41.75349999397603], [60.0522, 41.7424999939711], [60.0583, 41.71859999396037], [60.0889, 41.67409999394037], [60.1555, 41.603299993908465], [60.1649, 41.584899993900194], [60.1621, 41.582399993899045], [60.1508, 41.57229999389448], [60.1479, 41.57119999389398], [60.1098, 41.55669999388746], [60.0925, 41.54539999388233], [60.0796, 41.53139999387595], [60.0716, 41.51439999386826], [60.059, 41.434099993831836], [60.0662, 41.41049999382111], [60.0943, 41.38949999381157], [60.2378, 41.33379999378616], [60.2467, 41.330399993784624], [60.2999, 41.309699993775176], [60.3604, 41.27629999375987], [60.4144, 41.23519999374109], [60.4432, 41.21959999373394], [60.4781, 41.21209999373047], [60.5382, 41.21309999373091], [60.5781, 41.223299993735615], [60.5844, 41.22489999373635], [60.6588, 41.24379999374503], [60.8604, 41.252899993749146], [60.9302, 41.24019999374333], [60.9388, 41.233499993740274], [60.9781, 41.20279999372622], [60.9911, 41.21239999373061], [61.0076, 41.233899993740465], [61.0102, 41.23719999374198], [61.0141, 41.234899993740946], [61.0169, 41.2290999937383], [61.0228, 41.216899993732696], [61.0769, 41.22379999373586], [61.0818, 41.224499993736146], [61.0998, 41.22399999373596], [61.2028, 41.16879999371059], [61.2431, 41.156299993704884], [61.2812, 41.1571999937053], [61.3158, 41.17039999371133], [61.3439, 41.19379999372207], [61.363, 41.22519999373649], [61.3874, 41.23579999374138], [61.3972, 41.270999993757464], [61.4108, 41.29199999376711], [61.4332, 41.300299993770864], [61.4702, 41.29719999376947], [61.5674, 41.277699993760564], [61.6542, 41.24939999374759], [61.8778, 41.12499999369044], [61.8976, 41.108799993682986], [61.9706, 41.0153999936399], [61.9793, 40.99879999363223], [61.9819, 40.98399999362542], [61.9829, 40.978499993622876], [61.9854, 40.90789999359012], [61.9901, 40.89319999358327], [61.9829, 40.885599993579795], [61.9905, 40.8721999935735], [61.994, 40.86579999357056], [62.0254, 40.78199999353156], [62.0263, 40.778299993529814], [62.0342, 40.746999993515175], [62.0369, 40.73629999351022], [62.0448, 40.714999993500285], [62.0556, 40.701699993494046], [62.0887, 40.674399993481245], [62.1002, 40.660299993474666], [62.1208, 40.59889999344586], [62.1341, 40.57779999343591], [62.1715, 40.539999993418135], [62.1773, 40.53069999341381], [62.1847, 40.50919999340366], [62.1852, 40.50779999340299], [62.1917, 40.498999993398854], [62.2133, 40.486599993392986], [62.2137, 40.48649999339296], [62.2182, 40.48549999339249], [62.2608, 40.47569999338784], [62.2962, 40.460199993380556], [62.3436, 40.439399993370735], [62.3533, 40.43039999336649], [62.3562, 40.38809999334649], [62.3627, 40.369699993337775], [62.3882, 40.33019999331902], [62.3965, 40.311999993310415], [62.4001, 40.29209999330094], [62.4008, 40.26559999328839], [62.4052, 40.24519999327866], [62.4358, 40.194199993254436], [62.4397, 40.172899993244286], [62.434, 40.15469999323556], [62.4257, 40.13669999322699], [62.4217, 40.11509999321672], [62.4242, 40.092099993205665], [62.4419, 40.03599999317885], [62.4527, 40.00919999316604], [62.5247, 39.939599993132624], [62.5355, 39.93489999313036], [62.5931, 39.890299993108925], [63.4776, 39.40289999287266], [63.541, 39.356099992849806], [63.5504, 39.34579999284472], [63.6486, 39.23939999279261], [63.7094, 39.19089999276881], [64.1206, 38.9616999926559], [64.1504, 38.94949999264985], [64.18, 38.945099992647656], [64.2059, 38.94949999264985], [64.2833, 38.97969999266474], [64.3135, 38.98239999266609], [64.3373, 38.97099999266048], [64.4244, 38.882999992616966], [64.635, 38.744099992548016], [64.7635, 38.68599999251914], [64.9104, 38.645399992498916], [64.9777, 38.612199992482395], [65.2052, 38.449599992401204], [65.6041, 38.237399992294776], [65.6718, 38.219699992285875], [65.7402, 38.22409999228807], [65.7661, 38.2354999922938], [65.8014, 38.25789999230504], [65.8144, 38.26619999230925], [65.8428, 38.27529999231378], [65.8507, 38.27479999231355], [65.8766, 38.272899992312595], [65.9703, 38.237299992294695], [65.9774, 38.234499992293316], [66.0013, 38.23149999229177], [66.0279, 38.22819999229013], [66.0433, 38.22619999228914], [66.0718, 38.21449999228322], [66.0932, 38.200999992276465], [66.1002, 38.19649999227421], [66.1337, 38.17529999226353], [66.1985, 38.1606999922562], [66.1988, 38.16059999225614], [66.2312, 38.14879999225014], [66.2604, 38.12679999223915], [66.2635, 38.123699992237555], [66.2837, 38.103499992227334], [66.3068, 38.08039999221573], [66.3115, 38.078699992214865], [66.4084, 38.04279999219677], [66.4393, 38.03549999219309], [66.483, 38.03519999219291], [66.516, 38.0349999921928], [66.5165, 38.03489999219274], [66.5542, 38.026899992188724], [66.5839, 38.015599992183034], [66.5905, 38.01299999218169], [66.6244, 37.99379999217201], [66.6456, 37.9458999921478], [66.6089, 37.8891999921191], [66.5538, 37.831999992090175], [66.5189, 37.78279999206521], [66.5149, 37.74349999204529], [66.5228, 37.66499999200545], [66.5192, 37.625199991985184], [66.4973, 37.55789999195092], [66.4933, 37.522199991932766], [66.507, 37.49379999191832], [66.5268, 37.48039999191149], [66.5426, 37.46679999190454], [66.5466, 37.45069999189635], [66.5308, 37.43009999188583], [66.512, 37.41479999187806], [66.4969, 37.3977999918694], [66.4964, 37.39289999186687], [66.4956, 37.38649999186358], [66.4948, 37.37949999186005], [66.5157, 37.366599991853434], [66.5196, 37.36419999185223], [66.5182, 37.3633999918518], [66.503, 37.35559999184785], [66.485, 37.34339999184161], [66.4702, 37.33009999183484], [66.4699, 37.329799991834655], [66.4613, 37.3243999918319], [66.4512, 37.3229999918312], [66.4386, 37.32799999183372], [66.4269, 37.34169999184072], [66.4235, 37.345699991842764], [66.4134, 37.34959999184477], [66.3896, 37.3470999918435], [66.3205, 37.32909999183431], [66.2946, 37.331299991835465], [66.2744, 37.34329999184158], [66.2579, 37.35689999184852], [66.25, 37.35959999184989], [66.2328, 37.36539999185282], [66.2327, 37.36549999185291], [66.2186, 37.37479999185761], [66.2078, 37.37689999185873], [66.1747, 37.37549999185798], [66.1632, 37.37689999185873], [66.1629, 37.37699999185875], [66.143, 37.385099991862894], [66.1258, 37.398699991869826], [66.121, 37.40369999187238], [66.0977, 37.42839999188498], [66.0871, 37.43569999188875], [66.0797, 37.44089999189135], [66.0387, 37.453099991897595], [65.855, 37.507999991925594], [65.836, 37.519099991931206], [65.8291, 37.52559999193453], [65.8212, 37.5351999919394], [65.8043, 37.56519999195467], [65.7964, 37.56939999195683], [65.7766, 37.57299999195864], [65.7614, 37.578399991961405], [65.7528, 37.53789999194082], [65.7523, 37.53759999194061], [65.7395, 37.528999991936274], [65.6984, 37.52949999193652], [65.6979, 37.52939999193645], [65.6812, 37.526399991934916], [65.6689, 37.520599991931995], [65.6588, 37.51029999192674], [65.6358, 37.474099991908275], [65.6257, 37.4526999918974], [65.621, 37.43039999188602], [65.629, 37.387499991864104], [65.6293, 37.36549999185291], [65.6239, 37.34509999184251], [65.6113, 37.331099991835316], [65.5832, 37.30809999182355], [65.5368, 37.257099991797524], [65.5015, 37.24219999178988], [65.2584, 37.23719999178735], [65.0666, 37.23329999178534], [65.063, 37.23319999178527], [65.0545, 37.2308999917841], [64.9892, 37.21359999177528], [64.8078, 37.13549999173527], [64.7786, 37.117999991726315], [64.7603, 37.09259999171331], [64.7556, 37.05359999169334], [64.7747, 36.97759999165436], [64.7786, 36.93839999163423], [64.7653, 36.90469999161691], [64.7407, 36.86839999159828], [64.6213, 36.69259999150787], [64.6048, 36.66049999149136], [64.5922, 36.62099999147101], [64.5889, 36.60039999146036], [64.5889, 36.580199991449966], [64.5936, 36.55979999143946], [64.6076, 36.521699991419844], [64.6105, 36.500899991409085], [64.6058, 36.46099999138854], [64.5943, 36.424199991369555], [64.5767, 36.389599991351666], [64.4982, 36.29139999130099], [64.4777, 36.27169999129083], [64.4446, 36.24989999127959], [64.4107, 36.23989999127439], [64.3373, 36.22589999126717], [64.3189, 36.21969999126395], [64.3038, 36.21159999125978], [64.2919, 36.19939999125347], [64.2761, 36.1591999912327], [64.2714, 36.15609999123112], [64.266, 36.152499991229256], [64.2538, 36.154799991230426], [64.2486, 36.156499991231314], [64.2372, 36.1603999912333], [64.2198, 36.16269999123453], [64.2064, 36.164499991235466], [64.1958, 36.16589999123616], [64.1587, 36.16019999123324], [64.1234, 36.145999991225864], [64.0954, 36.128799991217], [64.091, 36.12609999121558], [64.0572, 36.10529999120483], [64.0446, 36.09239999119818], [64.0363, 36.07639999118993], [64.0363, 36.05859999118071], [64.0457, 36.0111999911562], [64.0455, 36.00859999115487], [64.045, 35.99879999114976], [63.9546, 36.02739999116456], [63.9499, 36.02879999116527], [63.9218, 36.03369999116783], [63.8898, 36.02969999116578], [63.8599, 36.0220999911618], [63.7845, 35.98619999114326], [63.766, 35.97729999113864], [63.7256, 35.96889999113429], [63.7042, 35.967799991133724], [63.6022, 35.96269999113107], [63.582, 35.95899999112918], [63.5633, 35.950599991124804], [63.5496, 35.939099991118894], [63.5258, 35.91259999110516], [63.5111, 35.90189999109965], [63.494, 35.8953999910963], [63.4301, 35.87099999108363], [63.343, 35.85629999107606], [63.1252, 35.860299991078094], [63.1202, 35.859399991077645], [63.1039, 35.856399991076096], [63.0888, 35.84339999106937], [63.0845, 35.82609999106044], [63.0913, 35.81329999105379], [63.1014, 35.80059999104723], [63.1057, 35.78279999103804], [63.1122, 35.76999999103139], [63.1633, 35.73229999101186], [63.1774, 35.7168999910039], [63.1838, 35.71229999100152], [63.2094, 35.70439999099744], [63.2144, 35.699299990994795], [63.2137, 35.69229999099118], [63.2076, 35.68319999098641], [63.1799, 35.66649999097779], [63.1032, 35.645999990967184], [63.0766, 35.62469999095615], [63.0748, 35.60979999094845], [63.0773, 35.558699990921994], [63.0805, 35.54659999091568], [63.0971, 35.53539999090993], [63.1007, 35.52499999090452], [63.0906, 35.49349999088818], [63.0863, 35.45569999086865], [63.0802, 35.43709999085899], [63.0668, 35.4256999908531], [63.047, 35.42139999085086], [63.0056, 35.41839999084932], [62.9851, 35.414599990847314], [62.9182, 35.38819999083368], [62.8274, 35.3292999908032], [62.7605, 35.30239999078924], [62.7342, 35.28069999077801], [62.7216, 35.266399990770616], [62.7086, 35.25609999076526], [62.6935, 35.248299990761254], [62.6212, 35.22269999074795], [62.6177, 35.22199999074758], [62.6046, 35.21939999074626], [62.5956, 35.22059999074687], [62.5661, 35.23069999075211], [62.5355, 35.22729999075036], [62.5247, 35.232199990752896], [62.4707, 35.272799990773905], [62.4588, 35.281799990778595]]], [[[53.102, 38.78179999256675], [53.0981, 38.76919999256052], [53.0984, 38.76389999255788], [53.102, 38.75499999255347], [53.0948, 38.75499999255347], [53.092, 38.77879999256527], [53.0665, 38.85459999260285], [53.0632, 38.8645999926078], [53.047, 38.891699992621206], [53.0401, 38.90669999262869], [53.0383, 38.916899992633745], [53.0401, 38.94329999264677], [53.038, 38.97009999266005], [53.0372, 38.97369999266181], [53.0286, 39.016299992682846], [53.0264, 39.03939999269427], [53.03, 39.061299992705], [53.0405, 39.08099999271476], [53.0558, 39.09299999272067], [53.0578, 39.09449999272137], [53.0705, 39.09619999272221], [53.0819, 39.097799992723054], [53.088, 39.08819999271831], [53.088, 39.083399992715954], [53.0588, 39.06709999270791], [53.0541, 39.02939999268929], [53.0538, 39.026799992688005], [53.0543, 39.023999992686626], [53.0675, 38.94679999264851], [53.0794, 38.86349999260725], [53.102, 38.78179999256675]]], [[[53.4919, 39.597899992967584], [53.5038, 39.5861999929619], [53.5085, 39.58549999296155], [53.5128, 39.59119999296438], [53.5193, 39.563899992951065], [53.5398, 39.53969999293931], [53.5344, 39.52759999293343], [53.5222, 39.516099992927856], [53.5063, 39.508599992924154], [53.5049, 39.508599992924154], [53.4919, 39.508599992924154], [53.491, 39.50999999292485], [53.4865, 39.51629999292791], [53.4805, 39.533499992936285], [53.4804, 39.5336999929364], [53.4754, 39.54809999294338], [53.4682, 39.56039999294936], [53.4628, 39.57369999295584], [53.4685, 39.58489999296129], [53.48, 39.593299992965385], [53.4919, 39.597899992967584]]]]}},
{"type": "Feature", "properties": {"z": "KAZ_S", "ISO_A3": "KAZ", "c": "KAZ"}, "geometry": {"type": "Polygon", "coordinates": [[[68.159, 40.71909999350214], [68.0676, 40.78799999353434], [68.0509, 40.79509999353768], [68.037, 40.8009999935404], [68.0182, 40.80409999354184], [67.9974, 40.8073999935434], [67.9909, 40.81099999354503], [67.9942, 40.81889999354875], [67.9951, 40.81949999354903], [68.0032, 40.82519999355167], [68.0381, 40.83719999355725], [68.0546, 40.847199993561894], [68.0694, 40.85979999356779], [68.0806, 40.87299999357388], [68.096, 40.89889999358592], [68.1108, 40.931699993601185], [68.1205, 40.96529999361673], [68.1209, 40.9937999936299], [68.1079, 41.010199993637485], [68.0996, 41.01369999363916], [68.1083, 41.01679999364057], [68.1313, 41.02949999364643], [68.1284, 41.031699993647436], [68.1258, 41.03229999364772], [68.1191, 41.03399999364849], [68.1216, 41.04329999365282], [68.1213, 41.04479999365352], [68.1173, 41.06679999366368], [68.108, 41.0660999936633], [68.096, 41.0651999936629], [68.082, 41.04269999365254], [68.0712, 41.05329999365741], [68.059, 41.05469999365806], [68.0579, 41.054399993657924], [68.0464, 41.050199993656], [68.0345, 41.04269999365254], [68.0212, 41.059199993660144], [68.0132, 41.09779999367796], [68.0032, 41.11559999368611], [67.9589, 41.15949999370636], [67.952, 41.17049999371138], [67.9495, 41.171899993712074], [67.9373, 41.20039999372513], [67.8541, 41.15889999370606], [67.835, 41.15689999370516], [67.8131, 41.1625999937078], [67.771, 41.17919999371539], [67.7483, 41.18409999371763], [66.8152, 41.14189999369822], [66.7331, 41.158099993705655], [66.693, 41.19459999372244], [66.6881, 41.19909999372452], [66.6464, 41.34299999379036], [66.6428, 41.355499993796066], [66.6028, 41.49379999385897], [66.5387, 41.740799993970356], [66.5198, 41.87899999403217], [66.5041, 41.99349999408305], [66.4922, 41.9967999940845], [66.4847, 41.996899994084565], [66.0174, 41.99749999408481], [66.0088, 42.002699994087166], [66.0066, 42.01339999409185], [66.013, 42.35999999424432], [66.0138, 42.40289999426293], [66.0196, 42.41679999426901], [66.0433, 42.42369999427205], [66.053, 42.44089999427946], [66.0967, 42.937499994492626], [66.1013, 42.99019999451494], [65.8277, 42.88179999446898], [65.8126, 42.8757999944664], [65.7953, 42.87719999446698], [65.517, 43.29719999464368], [65.4774, 43.322799994654304], [65.2715, 43.416999994693356], [65.1718, 43.49369999472502], [64.9565, 43.69729999480832], [64.923, 43.71909999481721], [64.8999, 43.72179999481827], [64.891, 43.72279999481871], [64.855, 43.712899994814705], [64.5076, 43.572799994757446], [64.4615, 43.554199994749844], [64.4266, 43.54689999474687], [63.208, 43.62749999477988], [62.8212, 43.581699994761124], [62.4779, 43.54109999474449], [62.3274, 43.52089999473616], [62.0261, 43.48049999471954], [61.9858, 43.493299994724794], [61.386, 43.993399994927884], [61.1617, 44.16799999499742], [61.103, 44.235999995024315], [61.0933, 44.259299995033494], [61.0865, 44.311099995053894], [61.0804, 44.335399995063455], [61.062, 44.36189999507384], [61.0364, 44.38279999508202], [58.5823, 45.5486999955222], [58.555, 45.55709999552525], [58.5316, 45.55869999552584], [57.9782, 45.44489999548433], [57.4782, 45.33689999544462], [55.9982, 44.99979999531898], [55.9982, 45.00039999531918], [56.2483, 45.060699995341864], [56.4041, 45.09659999535533], [56.6936, 45.16579999538118], [56.999, 45.23669999540756], [57.3118, 45.30779999543392], [57.4292, 45.33329999544332], [57.6905, 45.39139999546472], [57.9995, 45.45899999548949], [58.2574, 45.51669999551053], [58.5896, 45.59009999553723], [58.5909, 45.589499995537025], [58.8115, 45.50039999550458], [59.0282, 45.41039999547171], [59.0206, 45.899299995648235], [59.0147, 45.98869999567987], [59.2916, 46.22679999576317], [59.5134, 46.45649999584228], [59.6295, 46.54209999587146], [59.7137, 46.63279999590211], [60.1235, 46.8932999959892], [60.4475, 46.91429999599607], [60.4771, 47.1288999960664], [60.9112, 47.10609999605903], [61.3331, 47.826699996287324], [61.944, 47.845299996293065], [62.0125, 47.77209999627052], [62.0494, 47.748699996263255], [62.2104, 47.54549999619976], [62.5208, 47.325699996129934], [62.4828, 47.262299996109604], [62.7635, 47.23219999609991], [62.8067, 47.190999996086575], [62.88, 47.206899996091686], [62.6121, 47.05849999604353], [63.017, 47.11379999606157], [63.1306, 47.03989999603738], [63.281, 46.97069999601469], [63.4096, 46.97799999601711], [63.699, 46.86879999598103], [63.7881, 46.909599995994576], [63.8314, 46.87849999598429], [64.3151, 46.7473999959406], [64.4146, 46.74649999594035], [64.8932, 46.56569999587944], [65.0959, 46.55209999587483], [65.2733, 46.40949999582623], [65.4519, 46.3416999958029], [66.7216, 46.08969999571535], [67.0429, 46.10419999572044], [67.1143, 46.108999995722144], [67.1589, 46.094899995717206], [67.1725, 45.99819999568319], [69.0368, 45.99999999568383], [70.0, 45.99999999568383], [71.0, 45.99999999568383], [71.2789, 46.000899995684165], [71.4528, 46.0010999956842], [72.0, 45.99999999568383], [73.0, 45.99999999568383], [73.6167, 46.000999995684204], [74.0, 45.99999999568383], [74.1611, 46.13599999573159], [74.756, 46.52919999586708], [74.9803, 46.54799999587345], [75.3842, 46.66869999591428], [75.6101, 46.69629999592353], [76.0348, 46.658399995910784], [76.2074, 46.6347999959028], [76.7652, 46.54319999587183], [77.1493, 46.51289999586157], [77.576, 46.52849999586686], [77.4702, 47.16459999607802], [77.555, 47.23699999610144], [77.8139, 47.19479999608779], [77.9635, 47.306799996123885], [78.0917, 47.21079999609296], [78.252, 47.348999996137415], [78.4271, 47.24989999610557], [78.5479, 47.19409999608761], [78.5929, 47.15779999607581], [78.7198, 47.147599996072564], [78.7662, 47.05989999604392], [79.2181, 47.087699996053026], [79.5277, 46.778599995951055], [79.9992, 46.89129999598855], [80.2095, 46.829599995968046], [80.2002, 46.761799995945445], [80.5339, 46.656099995910004], [80.8278, 46.542999995871746], [81.1424, 46.532699995868235], [81.2066, 46.471899995847544], [81.2514, 46.4735999958481], [81.3086, 46.494199995855155], [81.3395, 46.44409999583807], [81.3714, 46.420199995829854], [81.4169, 46.46049999584367], [81.4504, 46.46009999584356], [81.4148, 46.41729999582889], [81.4832, 46.412499995827226], [81.5182, 46.396599995821795], [81.5521, 46.43639999583545], [81.5788, 46.43479999583489], [81.5571, 46.40039999582311], [81.5059, 46.37309999581374], [81.5224, 46.36379999581051], [81.5643, 46.3689999958123], [81.5299, 46.336899995801254], [81.891, 46.093499995716705], [81.9801, 45.885999995643495], [82.0283, 45.85309999563175], [82.1309, 45.759799995598435], [82.1421, 45.67389999556752], [82.1304, 45.64509999555712], [82.1601, 45.561299995526774], [82.2252, 45.544399995520614], [82.2759, 45.54169999551963], [82.28, 45.53489999551716], [82.2975, 45.52649999551415], [82.3276, 45.49329999550202], [82.3625, 45.481099995497566], [82.4005, 45.477199995496136], [82.513, 45.46569999549194], [82.6156, 45.43539999548086], [82.6321, 45.415699995473624], [82.6365, 45.37879999546009], [82.6339, 45.33929999544553], [82.6145, 45.248499995411954], [82.5853, 45.176799995385295], [82.5396, 45.123699995365484], [82.4759, 45.115699995362505], [82.4273, 45.13729999537055], [82.342, 45.204799995395696], [82.2945, 45.2280999954044], [82.2451, 45.23169999540571], [82.1919, 45.22209999540214], [82.0003, 45.15339999537658], [81.9499, 45.1443999953732], [81.91, 45.15799999537827], [81.8909, 45.1735999953841], [81.8754, 45.1810999953869], [81.8074, 45.188599995389694], [81.7937, 45.19559999539231], [81.7883, 45.20909999539731], [81.7872, 45.232299995405924], [81.7815, 45.26659999541867], [81.7653, 45.307699995433836], [81.7393, 45.33799999544506], [81.7048, 45.339799995445674], [81.6652, 45.3478999954487], [81.6227, 45.33429999544365], [81.5736, 45.309299995434465], [81.5694, 45.30719999543366], [81.5421, 45.29319999542852], [81.5257, 45.289599995427174], [81.4432, 45.271199995420375], [81.382, 45.25759999541534], [81.3722, 45.255399995414486], [81.1575, 45.207599995396755], [81.1526, 45.206499995396335], [81.1443, 45.2046999953957], [81.0725, 45.17609999538503], [81.0625, 45.17219999538356], [81.057, 45.170699995383025], [81.0219, 45.161599995379596], [81.011, 45.16149999537962], [80.9831, 45.16109999537946], [80.9761, 45.16099999537938], [80.9164, 45.144099995373075], [80.8537, 45.12639999536647], [80.8533, 45.12639999536647], [80.8275, 45.12569999536623], [80.7457, 45.14429999537318], [80.71, 45.14369999537295], [80.6971, 45.14359999537289], [80.5719, 45.11029999536049], [80.5369, 45.101099995357046], [80.4675, 45.10619999535895], [80.4502, 45.104599995358306], [80.4455, 45.104199995358144], [80.425, 45.091999995353596], [80.4063, 45.056599995340356], [80.3901, 45.04569999533622], [80.3652, 45.04309999533526], [80.3437, 45.04399999533563], [80.2907, 45.046199995336416], [80.2462, 45.03359999533168], [80.2336, 45.029999995330314], [80.2191, 45.02589999532881], [80.2179, 45.02609999532884], [80.2019, 45.02789999532954], [80.1474, 45.03439999533201], [80.1035, 45.03209999533117], [80.0617, 45.01889999532617], [80.0508, 45.0114999953234], [80.0239, 44.99319999531647], [80.0229, 44.99249999531623], [80.0182, 44.98959999531515], [80.0019, 44.9794999953113], [79.9863, 44.969799995307646], [79.9815, 44.96689999530658], [79.9415, 44.94209999529724], [79.9246, 44.93159999529326], [79.8781, 44.914699995286824], [79.8583, 44.903699995282665], [79.8429, 44.873399995271164], [79.8688, 44.84929999526203], [79.9919, 44.7936999952408], [79.998, 44.793199995240634], [80.0093, 44.792499995240334], [80.0394, 44.79039999523956], [80.1689, 44.810399995247245], [80.2183, 44.817999995250084], [80.2446, 44.81599999524933], [80.2633, 44.80929999524675], [80.3145, 44.78019999523567], [80.4761, 44.73539999521851], [80.4923, 44.727999995215676], [80.4973, 44.71499999521073], [80.4919, 44.701599995205584], [80.4761, 44.69359999520253], [80.4113, 44.68279999519834], [80.3764, 44.671199995193895], [80.3613, 44.657699995188715], [80.3559, 44.652799995186804], [80.3544, 44.64169999518251], [80.3591, 44.632499995178975], [80.3771, 44.61519999517231], [80.3836, 44.602799995167516], [80.38, 44.591299995163084], [80.3645, 44.56969999515473], [80.3379, 44.49399999512535], [80.3303, 44.4528999951094], [80.3328, 44.41729999509547], [80.3731, 44.270199995037814], [80.3731, 44.230999995022366], [80.3461, 44.1587999949938], [80.3389, 44.12149999497893], [80.3451, 44.10299999497159], [80.3598, 44.089299994966176], [80.3922, 44.06539999495666], [80.4037, 44.04889999495006], [80.4099, 44.03189999494324], [80.4124, 44.01359999493594], [80.4127, 43.993099994927746], [80.4232, 43.97209999491932], [80.4397, 43.948899994910015], [80.4761, 43.91009999489444], [80.7126, 43.45879999471063], [80.7101, 43.425899994697055], [80.6943, 43.3946999946841], [80.6428, 43.32609999465569], [80.6586, 43.3106999946493], [80.6961, 43.303199994646164], [80.7353, 43.28889999464022], [80.7486, 43.27519999463449], [80.7558, 43.25759999462718], [80.7591, 43.23819999461907], [80.7598, 43.21879999461098], [80.7652, 43.199899994603086], [80.7882, 43.16829999458986], [80.7915, 43.15669999458498], [80.7936, 43.14939999458192], [80.7879, 43.12809999457301], [80.7735, 43.11289999456661], [80.7533, 43.10399999456288], [80.7317, 43.10099999456164], [80.7108, 43.10469999456314], [80.6601, 43.132799994574995], [80.6183, 43.13419999457554], [80.5758, 43.119299994569324], [80.5684, 43.11519999456759], [80.5239, 43.09059999455728], [80.4977, 43.07609999455117], [80.4911, 43.07399999455026], [80.4811, 43.07089999454897], [80.4102, 43.048599994539536], [80.3829, 43.035499994534035], [80.3681, 43.028399994531036], [80.3551, 43.000499994519274], [80.3739, 42.975099994508504], [80.4077, 42.95459999449982], [80.4761, 42.930299994489545], [80.5218, 42.925399994487485], [80.5431, 42.916699994483785], [80.5546, 42.898899994476224], [80.5509, 42.886599994471], [80.5485, 42.878499994467596], [80.5269, 42.86829999446324], [80.4761, 42.863899994461356], [80.4642, 42.860599994459946], [80.4448, 42.855199994457635], [80.4178, 42.8477999944545], [80.4005, 42.842999994452455], [80.3926, 42.83809999445038], [80.3818, 42.8313999944475], [80.3339, 42.817099994441435], [80.3166, 42.81549999444074], [80.2817, 42.82269999444383], [80.2648, 42.82369999444424], [80.2611, 42.821999994443495], [80.2482, 42.81619999444102], [80.2273, 42.79089999443025], [80.2054, 42.73109999440464], [80.1888, 42.70159999439202], [80.1525, 42.660399994374345], [80.1438, 42.64479999436763], [80.1402, 42.622899994358214], [80.1453, 42.60709999435141], [80.1535, 42.59149999434464], [80.1625, 42.55229999432774], [80.1737, 42.53689999432107], [80.2, 42.50839999430878], [80.2104, 42.49079999430113], [80.2122, 42.478799994295954], [80.2082, 42.46969999429199], [80.2071, 42.46739999429098], [80.2065, 42.465899994290325], [80.1946, 42.44629999428181], [80.196, 42.43459999427675], [80.2187, 42.35479999424203], [80.2255, 42.33899999423512], [80.2356, 42.32449999422877], [80.2497, 42.30989999422241], [80.2684, 42.23789999419088], [80.2639, 42.22579999418556], [80.2605, 42.216499994181525], [80.2489, 42.20489999417638], [80.2104, 42.189399994169555], [80.1665, 42.20869999417805], [80.1366, 42.23879999419129], [80.11, 42.27329999420637], [80.0769, 42.305799994220635], [80.0121, 42.34939999423962], [79.9849, 42.379399994252694], [79.9739, 42.39149999425796], [79.9738, 42.39159999425806], [79.9602, 42.40349999426323], [79.9181, 42.42439999427232], [79.6963, 42.45969999428762], [79.6524, 42.460999994288194], [79.6418, 42.45949999428756], [79.6228, 42.456799994286385], [79.5718, 42.44939999428318], [79.4764, 42.453899994285166], [79.4256, 42.46959999429193], [79.3983, 42.496999994303835], [79.3529, 42.577199994338486], [79.3212, 42.60209999434923], [79.3205, 42.602399994349355], [79.3181, 42.603199994349694], [79.242, 42.62979999436114], [79.2064, 42.656399994372634], [79.1923, 42.67479999438049], [79.1819, 42.69359999438858], [79.1761, 42.71389999439731], [79.176, 42.71649999439844], [79.1751, 42.736899994407146], [79.1804, 42.772499994422354], [79.1808, 42.775399994423594], [79.1733, 42.78559999442802], [79.1484, 42.79089999443025], [79.1331, 42.788699994429265], [79.1088, 42.78529999442787], [79.0944, 42.77989999442556], [79.0307, 42.75609999441536], [78.9929, 42.75709999441577], [78.9544, 42.76839999442062], [78.8881, 42.77109999442182], [78.8079, 42.79549999443218], [78.6873, 42.80449999443604], [78.67, 42.811099994438855], [78.6354, 42.83239999444791], [78.5978, 42.84869999445488], [78.5944, 42.85009999445554], [78.5893, 42.85139999445605], [78.4961, 42.87559999446634], [78.4295, 42.88059999446845], [78.4268, 42.88049999446843], [78.402, 42.87909999446779], [78.3856, 42.878199994467444], [78.3651, 42.872599994465055], [78.3647, 42.87249999446504], [78.3302, 42.856199994458095], [78.3283, 42.855299994457695], [78.3111, 42.85039999445563], [78.2902, 42.85139999445605], [78.2491, 42.862299994460685], [78.2297, 42.8649999944618], [78.1836, 42.860199994459755], [78.1623, 42.860999994460094], [78.1379, 42.86189999446051], [78.1232, 42.86089999446008], [78.1028, 42.85949999445951], [78.046, 42.85559999445784], [78.0306, 42.85459999445743], [77.9917, 42.85949999445951], [77.9863, 42.860199994459755], [77.9295, 42.884899994470295], [77.9071, 42.89119999447294], [77.8837, 42.893199994473804], [77.8611, 42.89079999447279], [77.841, 42.88219999446914], [77.8355, 42.87979999446812], [77.8099, 42.87119999446446], [77.7981, 42.8774999944671], [77.7811, 42.895599994474836], [77.7265, 42.905299994478916], [77.7138, 42.9074999944799], [77.6898, 42.90829999448021], [77.6479, 42.90949999448074], [77.6271, 42.906499994479475], [77.5745, 42.88779999447152], [77.5579, 42.888099994471645], [77.5385, 42.89619999447511], [77.5209, 42.90679999447956], [77.5014, 42.91449999448284], [77.4618, 42.91439999448282], [77.4341, 42.92139999448576], [77.4186, 42.92229999448614], [77.4031, 42.919699994485036], [77.3997, 42.91849999448458], [77.361, 42.90449999447863], [77.3469, 42.901499994477355], [77.3283, 42.897499994475645], [77.2296, 42.90979999448085], [77.1951, 42.90999999448095], [77.1789, 42.91309999448225], [77.1637, 42.921999994486036], [77.1349, 42.95169999449862], [77.1241, 42.95889999450168], [77.0899, 42.96809999450559], [77.0594, 42.9718999945072], [77.0077, 42.978299994509904], [76.9765, 42.98219999451157], [76.967, 42.98529999451287], [76.9567, 42.98849999451419], [76.9373, 42.985899994513126], [76.8977, 42.97449999450826], [76.8878, 42.97439999450823], [76.8773, 42.974299994508215], [76.8651, 42.97419999450819], [76.8534, 42.97409999450812], [76.8353, 42.97179999450714], [76.8336, 42.97159999450706], [76.8142, 42.96149999450277], [76.7992, 42.94839999449723], [76.7929, 42.94299999449492], [76.7854, 42.939599994493506], [76.7613, 42.941999994494516], [76.7541, 42.94069999449402], [76.7529, 42.93809999449289], [76.7505, 42.932599994490545], [76.7461, 42.928799994488905], [76.708, 42.91369999448257], [76.6889, 42.910199994481], [76.6669, 42.91069999448123], [76.6443, 42.91109999448141], [76.6057, 42.89849999447607], [76.5849, 42.8947999944745], [76.5589, 42.898199994475924], [76.5067, 42.91439999448282], [76.5038, 42.91469999448295], [76.4805, 42.91699999448392], [76.4621, 42.91099999448137], [76.4322, 42.88949999447226], [76.4142, 42.88549999447057], [76.4045, 42.88919999447211], [76.3933, 42.90519999447891], [76.3829, 42.90999999448095], [76.371, 42.90949999448074], [76.3512, 42.90279999447789], [76.3404, 42.901699994477404], [76.3025, 42.910199994481], [76.2781, 42.9156999944834], [76.2544, 42.92109999448565], [76.2325, 42.92109999448565], [76.1637, 42.92109999448565], [76.1361, 42.92609999448777], [76.0906, 42.934299994491276], [76.0647, 42.93389999449107], [76.0184, 42.92229999448614], [75.9991, 42.91749999448415], [75.9765, 42.91869999448466], [75.898, 42.93569999449185], [75.8591, 42.93969999449352], [75.831, 42.93809999449289], [75.8004, 42.93629999449212], [75.7972, 42.936099994492004], [75.7821, 42.933299994490845], [75.7705, 42.925599994487584], [75.7381, 42.861599994460356], [75.7277, 42.84859999445483], [75.7039, 42.83039999444707], [75.6751, 42.81539999444069], [75.6527, 42.808099994437605], [75.6463, 42.80609999443675], [75.6204, 42.80519999443637], [75.556, 42.82519999444489], [75.5358, 42.826999994445636], [75.4966, 42.82399999444437], [75.2712, 42.84569999445359], [75.2046, 42.84509999445332], [75.1787, 42.84959999445524], [75.1182, 42.87649999446671], [75.0941, 42.89019999447254], [75.066, 42.90249999447775], [75.0055, 42.9163999944837], [74.9767, 42.926399994487895], [74.9487, 42.944899994495785], [74.863, 42.975799994508826], [74.7507, 42.98969999451473], [74.7489, 42.98999999451486], [74.7139, 42.999799994518995], [74.6113, 43.05809999454355], [74.5969, 43.07019999454867], [74.5721, 43.102099994562124], [74.5581, 43.11499999456751], [74.5393, 43.1228999945708], [74.4983, 43.131099994574285], [74.4627, 43.14869999458161], [74.4205, 43.15179999458293], [74.4004, 43.15949999458615], [74.3489, 43.19099999459939], [74.3201, 43.2015999946038], [74.287, 43.20719999460617], [74.2585, 43.215799994609746], [74.2078, 43.249699994623846], [74.1931, 43.255699994626404], [74.1786, 43.26169999462888], [74.2044, 43.23569999461804], [74.206, 43.23409999461735], [74.2164, 43.21689999461023], [74.2162, 43.215499994609594], [74.2139, 43.20259999460422], [74.1987, 43.19629999460159], [74.1973, 43.19569999460134], [74.0624, 43.18379999459636], [74.04, 43.18189999459553], [74.0234, 43.18579999459716], [74.0213, 43.186299994597405], [73.9853, 43.21159999460797], [73.9655, 43.21689999461023], [73.957, 43.2120999946082], [73.9349, 43.19959999460297], [73.9018, 43.130899994574186], [73.8643, 43.115999994567886], [73.8499, 43.11649999456812], [73.8229, 43.11729999456846], [73.8057, 43.114699994567395], [73.7375, 43.09389999455865], [73.6339, 43.06239999454539], [73.5868, 43.04219999453687], [73.5818, 43.038999994535516], [73.5709, 43.03189999453249], [73.5598, 43.01729999452638], [73.5395, 42.97409999450812], [73.5217, 42.93629999449212], [73.5216, 42.936099994492004], [73.5011, 42.909199994480595], [73.4946, 42.897599994475705], [73.4932, 42.89489999447454], [73.4896, 42.87779999446724], [73.4921, 42.860999994460094], [73.5043, 42.82749999444586], [73.5072, 42.80939999443812], [73.5036, 42.7939999944316], [73.4237, 42.662699994375316], [73.4125, 42.627299994360065], [73.41, 42.58949999434381], [73.4176, 42.55609999432941], [73.428, 42.53499999432031], [73.4331, 42.52489999431589], [73.4487, 42.5024999943062], [73.5051, 42.421499994271045], [73.5051, 42.41739999426929], [73.5051, 42.40289999426293], [73.477, 42.39909999426131], [73.4176, 42.41699999426911], [73.3261, 42.42869999427417], [73.3143, 42.441599994279755], [73.3141, 42.44499999428124], [73.3135, 42.463199994289155], [73.3164, 42.49369999430236], [73.3068, 42.502099994306015], [73.3013, 42.50699999430814], [73.2914, 42.509699994309315], [73.2783, 42.51339999431093], [73.26, 42.51439999431138], [73.207, 42.51709999431254], [73.189, 42.520699994314064], [73.1683, 42.531199994318655], [73.1526, 42.53919999432208], [73.1152, 42.5507999943271], [73.0705, 42.55189999432757], [72.9437, 42.53619999432078], [72.9424, 42.53599999432073], [72.9216, 42.53649999432093], [72.9084, 42.53689999432107], [72.9082, 42.53689999432107], [72.8747, 42.54389999432413], [72.8409, 42.55559999432917], [72.8396, 42.55649999432956], [72.8153, 42.57289999433663], [72.7807, 42.620499994357175], [72.757, 42.64019999436566], [72.7257, 42.652799994371044], [72.6571, 42.66509999437636], [72.5838, 42.67829999438201], [72.5118, 42.67759999438172], [72.5073, 42.678199994381956], [72.4914, 42.680499994382934], [72.4769, 42.682599994383835], [72.3585, 42.74139999440906], [72.348, 42.744499994410404], [72.2922, 42.760999994417496], [72.1641, 42.76499999441919], [72.1489, 42.76199999441786], [72.1201, 42.751799994413545], [72.105, 42.7502999944129], [72.0833, 42.754899994414835], [72.0726, 42.75709999441577], [72.0087, 42.78329999442699], [71.9913, 42.790399994430025], [71.9571, 42.80449999443604], [71.8955, 42.815899994440905], [71.8476, 42.83399999444863], [71.8314, 42.831499994447555], [71.7969, 42.82219999444363], [71.7825, 42.821699994443385], [71.7263, 42.819699994442566], [71.6991, 42.81309999443972], [71.6935, 42.81179999443913], [71.5837, 42.75959999441688], [71.5665, 42.75729999441589], [71.5539, 42.7607999944174], [71.5143, 42.78559999442802], [71.5042, 42.78959999442968], [71.4937, 42.78889999442941], [71.4772, 42.78349999442708], [71.4681, 42.78569999442801], [71.4289, 42.79549999443218], [71.4255, 42.79539999443217], [71.4045, 42.79489999443196], [71.3868, 42.782999994426866], [71.3764, 42.76829999442059], [71.3631, 42.754099994414545], [71.3476, 42.74279999440965], [71.3299, 42.736899994407146], [71.3083, 42.740099994408524], [71.2846, 42.748399994412075], [71.2719, 42.75139999441335], [71.2626, 42.75349999441427], [71.2453, 42.74709999441151], [71.2237, 42.71789999439904], [71.2115, 42.70519999439355], [71.1953, 42.69719999439016], [71.1575, 42.68789999438614], [71.1489, 42.67779999438177], [71.1463, 42.65679999437278], [71.1481, 42.6172999943558], [71.1433, 42.60409999435009], [71.1427, 42.602599994349454], [71.1269, 42.59049999434426], [71.0405, 42.58049999433993], [71.0031, 42.563499994332595], [71.0047, 42.55709999432984], [71.0128, 42.52599999431638], [71.0229, 42.516399994312195], [71.0578, 42.49339999430222], [71.0664, 42.4820999942974], [71.0651, 42.47499999429429], [71.0643, 42.47029999429222], [71.0549, 42.46029999428791], [71.0409, 42.454699994285484], [71.0247, 42.455899994285986], [70.9771, 42.478799994295954], [70.9662, 42.470999994292576], [70.962, 42.46799999429125], [70.9476, 42.45129999428403], [70.9361, 42.431599994275416], [70.9331, 42.42199999427124], [70.9324, 42.41989999427038], [70.93, 42.41219999426701], [70.9318, 42.401499994262345], [70.9375, 42.3947999942594], [70.9394, 42.388599994256744], [70.9397, 42.387799994256405], [70.9329, 42.37619999425132], [70.9005, 42.34669999423845], [70.8816, 42.333399994232664], [70.8648, 42.32149999422747], [70.8643, 42.32089999422723], [70.8526, 42.3060999942207], [70.858, 42.29099999421411], [70.8917, 42.2661999942033], [70.8956, 42.26329999420203], [70.8979, 42.26149999420123], [70.9188, 42.25339999419767], [70.9323, 42.25089999419655], [70.948, 42.24809999419533], [70.8799, 42.206899994177206], [70.8425, 42.192599994170976], [70.8047, 42.18839999416913], [70.7617, 42.19729999417307], [70.7583, 42.19799999417335], [70.7341, 42.19729999417307], [70.7197, 42.182799994166636], [70.7118, 42.16419999415848], [70.701, 42.15089999415262], [70.6733, 42.1258999941416], [70.6614, 42.10969999413445], [70.6499, 42.09339999412726], [70.6315, 42.05679999411111], [70.6103, 42.02739999409809], [70.5817, 42.01719999409361], [70.579, 42.016299994093146], [70.5552, 42.01869999409419], [70.5343, 42.02499999409703], [70.5189, 42.036599994102204], [70.512, 42.05529999411047], [70.5045, 42.06849999411628], [70.4886, 42.08179999412214], [70.4703, 42.09149999412642], [70.4648, 42.0922999941268], [70.4555, 42.09369999412739], [70.4347, 42.086999994124454], [70.422, 42.08289999412265], [70.3579, 42.062199994113456], [70.3151, 42.03459999410128], [70.2903, 41.993799994083226], [70.2831, 41.97619999407537], [70.2705, 41.96549999407062], [70.2539, 41.958999994067774], [70.2359, 41.95429999406568], [70.2186, 41.94689999406237], [70.2042, 41.93579999405741], [70.1365, 41.84809999401839], [70.1323, 41.844399994016726], [70.111, 41.82589999400844], [70.0527, 41.79369999399404], [70.032, 41.782299993988964], [70.0278, 41.77999999398789], [69.9745, 41.765199993981284], [69.972, 41.76449999398097], [69.9565, 41.75509999397677], [69.9428, 41.739599993969776], [69.9147, 41.714999993958784], [69.9122, 41.712899993957826], [69.8708, 41.699599993951836], [69.7596, 41.696399993950415], [69.7252, 41.68919999394717], [69.6246, 41.66819999393773], [69.6077, 41.65819999393324], [69.5789, 41.63329999392202], [69.4774, 41.57309999389482], [69.4205, 41.559499993888686], [69.3938, 41.544899993882076], [69.3809, 41.51879999387027], [69.3845, 41.50819999386548], [69.401, 41.48519999385503], [69.4025, 41.474699993850265], [69.3906, 41.469699993848046], [69.3312, 41.47789999385173], [69.3161, 41.474699993850265], [69.2776, 41.45609999384184], [69.2628, 41.454599993841114], [69.26, 41.45529999384152], [69.234, 41.46239999384473], [69.2333, 41.462599993844805], [69.2171, 41.45999999384362], [69.2098, 41.456499993842], [69.1627, 41.4339999938318], [69.1573, 41.42999999382997], [69.1382, 41.41589999382359], [69.1282, 41.39519999381413], [69.1094, 41.40059999381661], [69.0907, 41.396299993814644], [69.0443, 41.37919999380686], [69.036, 41.37399999380451], [69.0317, 41.3669999938013], [69.034, 41.35949999379792], [69.0342, 41.35869999379752], [69.0465, 41.34769999379253], [69.047, 41.347299993792326], [69.0511, 41.34369999379071], [69.054, 41.331899993785306], [69.0547, 41.31529999377777], [69.0392, 41.220299993734244], [69.0313, 41.208699993728956], [69.014, 41.19599999372306], [68.9798, 41.17819999371491], [68.9438, 41.16479999370877], [68.901, 41.16059999370682], [68.8801, 41.155499993704495], [68.8675, 41.14249999369852], [68.8423, 41.110099993683576], [68.7739, 41.08719999367308], [68.7462, 41.06369999366219], [68.7264, 41.02049999364226], [68.7095, 40.98369999362525], [68.6893, 40.964899993616555], [68.6852, 40.963499993615905], [68.6657, 40.957099993612914], [68.6426, 40.94939999360933], [68.6278, 40.94449999360711], [68.6, 40.93009999360042], [68.5892, 40.906599993589516], [68.5797, 40.9101999935912], [68.5709, 40.91349999359273], [68.5705, 40.90249999358763], [68.573, 40.88009999357721], [68.572, 40.870399993572704], [68.5655, 40.85909999356743], [68.5532, 40.85039999356338], [68.5496, 40.835099993556256], [68.5597, 40.75129999351721], [68.5662, 40.73249999350846], [68.5745, 40.724399993504655], [68.5842, 40.72029999350273], [68.6094, 40.71569999350057], [68.6087, 40.7077999934969], [68.6083, 40.70329999349473], [68.6123, 40.690499993488764], [68.6188, 40.678199993483034], [68.6274, 40.66709999347784], [68.6256, 40.660299993474666], [68.6011, 40.62999999346044], [68.6206, 40.622299993456814], [68.6141, 40.609099993450656], [68.5928, 40.59949999344611], [68.5662, 40.602499993447545], [68.5262, 40.61749999345458], [68.5147, 40.619099993455315], [68.5054, 40.614199993453], [68.5, 40.605699993449015], [68.4924, 40.598699993445756], [68.4773, 40.59919999344599], [68.465, 40.589599993441446], [68.465, 40.58949999344143], [68.4618, 40.584599993439156], [68.3815, 40.61669999345418], [68.345, 40.63129999346105], [68.226, 40.678799993483295], [68.159, 40.71909999350214]]]}},
{"type": "Feature", "properties": {"z": "KAZ_N", "ISO_A3": "KAZ", "c": "KAZ"}, "geometry": {"type": "Polygon", "coordinates": [[[54.5914, 50.54239999703531], [54.6034, 50.548999997036915], [54.6475, 50.57329999704283], [54.6763, 50.60259999704989], [54.6734, 50.63439999705766], [54.6392, 50.70709999707514], [54.6385, 50.7280999970802], [54.6511, 50.76559999708909], [54.6504, 50.78639999709409], [54.6454, 50.792699997095546], [54.6302, 50.80369999709818], [54.627, 50.81159999710005], [54.6299, 50.82029999710214], [54.6461, 50.83779999710628], [54.6518, 50.846299997108275], [54.6382, 50.885799997117665], [54.5838, 50.905699997122284], [54.5258, 50.91649999712487], [54.5028, 50.92829999712761], [54.5158, 50.93739999712977], [54.5348, 50.943699997131205], [54.546, 50.953399997133474], [54.5251, 50.99119999714231], [54.5338, 51.00329999714514], [54.5528, 51.01019999714677], [54.5783, 51.01539999714799], [54.6221, 51.0244999971501], [54.6382, 51.02779999715085], [54.6623, 51.02789999715088], [54.6857, 51.02359999714987], [54.6937, 51.02089999714924], [54.7069, 51.01629999714821], [54.7462, 50.99299999714274], [54.8117, 50.972399997137934], [54.8311, 50.95939999713487], [54.8614, 50.933899997128925], [54.8941, 50.91249999712387], [55.0478, 50.884299997117274], [55.0633, 50.86219999711205], [55.0616, 50.823699997102935], [55.0615, 50.822699997102696], [55.0665, 50.81699999710137], [55.0838, 50.796999997096584], [55.3052, 50.66499999706498], [55.3294, 50.65509999706264], [55.3477, 50.65139999706174], [55.3661, 50.652599997062], [55.3811, 50.65519999706268], [55.3853, 50.65599999706288], [55.4161, 50.6613999970641], [55.4424, 50.66169999706421], [55.4676, 50.65699999706313], [55.491, 50.645799997060394], [55.5058, 50.630199997056586], [55.5137, 50.61409999705273], [55.5241, 50.60079999704951], [55.5706, 50.5884999970466], [55.586, 50.578399997044116], [55.6166, 50.54999999703713], [55.6598, 50.53009999703229], [55.6944, 50.53879999703446], [55.715, 50.5528999970379], [55.7432, 50.57209999704257], [55.7607, 50.583999997045424], [55.765, 50.586899997046125], [55.783, 50.59329999704766], [55.8732, 50.62549999705551], [55.9147, 50.64029999705908], [55.9324, 50.646599997060584], [55.943, 50.65219999706193], [56.0789, 50.72479999707941], [56.1001, 50.74789999708489], [56.1376, 50.86879999711363], [56.1476, 50.892399997119185], [56.1584, 50.90559999712228], [56.175, 50.908699997123], [56.1761, 50.908399997122935], [56.2582, 50.88449999711733], [56.2888, 50.8803999971163], [56.3154, 50.883799997117166], [56.3356, 50.89589999711997], [56.3386, 50.901499997121306], [56.3438, 50.91149999712369], [56.3503, 50.948099997132246], [56.3651, 50.95799999713454], [56.3751, 50.958899997134786], [56.4158, 50.96269999713566], [56.4186, 50.9649999971362], [56.432, 50.976299997138845], [56.432, 50.98989999714208], [56.4205, 51.01859999714875], [56.4212, 51.03349999715217], [56.4306, 51.04549999715494], [56.4464, 51.056599997157555], [56.4785, 51.07299999716136], [56.4826, 51.072099997161146], [56.508, 51.0662999971598], [56.5966, 50.983999997140664], [56.6167, 50.97839999713934], [56.6884, 50.96909999713715], [56.7074, 50.97059999713754], [56.7086, 50.976299997138845], [56.7096, 50.98159999714013], [56.7028, 50.99819999714396], [56.6826, 51.0304999971515], [56.6804, 51.04979999715595], [56.6945, 51.06359999715914], [56.7038, 51.06739999716007], [56.7161, 51.07239999716124], [56.7355, 51.07759999716241], [56.76, 51.08029999716302], [56.7762, 51.075999997162036], [56.8136, 51.0570999971577], [56.8385, 51.051399997156324], [56.8651, 51.05179999715641], [56.8914, 51.056599997157555], [56.9159, 51.06429999715936], [56.9411, 51.06839999716027], [56.9796, 51.065799997159715], [57.0051, 51.06409999715931], [57.0253, 51.06269999715894], [57.0725, 51.069699997160555], [57.0877, 51.075799997162015], [57.138, 51.09589999716662], [57.1436, 51.09729999716699], [57.1546, 51.10009999716758], [57.1682, 51.09379999716618], [57.1812, 51.07359999716152], [57.1898, 51.0349999971525], [57.1974, 51.01729999714842], [57.2136, 51.01019999714677], [57.237, 51.00949999714663], [57.2564, 51.00599999714578], [57.273, 50.99749999714376], [57.2885, 50.981299997140006], [57.2975, 50.9649999971362], [57.3101, 50.92929999712785], [57.3191, 50.913299997124106], [57.3342, 50.89739999712035], [57.3526, 50.885999997117665], [57.4181, 50.86239999711209], [57.4429, 50.85779999711098], [57.4678, 50.858499997111146], [57.4915, 50.86689999711319], [57.5036, 50.87709999711554], [57.5088, 50.881399997116596], [57.52, 50.89659999712013], [57.5251, 50.90189999712138], [57.5329, 50.909999997123286], [57.556, 50.91869999712535], [57.5963, 50.91569999712467], [57.6892, 50.896899997120215], [57.7223, 50.908699997123], [57.7317, 50.92719999712733], [57.7374, 50.938399997129984], [57.7378, 50.97099999713759], [57.728, 51.03709999715301], [57.7345, 51.073899997161526], [57.7678, 51.11839999717182], [57.7687, 51.119699997172184], [57.7961, 51.12319999717294], [57.8418, 51.10579999716896], [57.8576, 51.10349999716836], [57.861, 51.10349999716836], [57.8754, 51.10349999716836], [57.9124, 51.10349999716836], [57.925, 51.09959999716748], [57.934, 51.09409999716622], [57.9502, 51.07929999716285], [57.9602, 51.07759999716241], [57.9883, 51.087499997164734], [58.0772, 51.09809999716717], [58.0841, 51.096599997166756], [58.086, 51.09469999716637], [58.0888, 51.09189999716574], [58.0906, 51.07819999716259], [58.0909, 51.07619999716208], [58.1012, 51.07119999716094], [58.1039, 51.06989999716062], [58.1136, 51.06529999715956], [58.1406, 51.056699997157594], [58.1676, 51.05529999715726], [58.1906, 51.06559999715961], [58.2025, 51.08349999716376], [58.2045, 51.08829999716488], [58.2115, 51.10489999716871], [58.2169, 51.112999997170576], [58.2238, 51.12319999717294], [58.2454, 51.130799997174734], [58.268, 51.13459999717554], [58.3084, 51.150199997179186], [58.3235, 51.14199999717729], [58.3537, 51.12209999717267], [58.366, 51.10889999716964], [58.371, 51.08199999716342], [58.3778, 51.07069999716082], [58.398, 51.06369999715915], [58.5204, 51.06199999715879], [58.5636, 51.04929999715589], [58.5949, 51.02339999714986], [58.6025, 50.981299997140006], [58.5999, 50.97329999713818], [58.597, 50.96449999713606], [58.5964, 50.96249999713558], [58.5852, 50.94779999713219], [58.5708, 50.936099997129475], [58.5542, 50.92549999712692], [58.5467, 50.91199999712383], [58.5503, 50.89329999711938], [58.56, 50.87519999711515], [58.5715, 50.863499997112356], [58.5906, 50.8610999971118], [58.641, 50.863499997112356], [58.6511, 50.85339999710995], [58.6439, 50.81469999710075], [58.6468, 50.80139999709766], [58.6644, 50.789999997094945], [58.69, 50.78839999709456], [58.7195, 50.7934999970958], [58.7479, 50.79509999709612], [58.7684, 50.78279999709322], [58.785, 50.749699997085315], [58.794, 50.737699997082416], [58.8116, 50.72559999707958], [58.8869, 50.68909999707084], [58.9261, 50.6781999970682], [59.1976, 50.66269999706445], [59.2195, 50.65839999706345], [59.2357, 50.64469999706012], [59.2469, 50.62969999705648], [59.2591, 50.620399997054236], [59.2732, 50.616099997053205], [59.2908, 50.61549999705308], [59.3866, 50.63039999705667], [59.4377, 50.63109999705684], [59.478, 50.614399997052836], [59.4982, 50.59979999704926], [59.5511, 50.585999997045896], [59.5633, 50.57989999704443], [59.5627, 50.574099997043035], [59.5604, 50.553799997038084], [59.5352, 50.546699997036356], [59.478, 50.552499997037785], [59.4605, 50.54239999703531], [59.4517, 50.53739999703411], [59.4506, 50.522299997030466], [59.4661, 50.50749999702684], [59.5226, 50.47469999701879], [59.555, 50.48439999702114], [59.5878, 50.506199997026485], [59.6224, 50.52419999703089], [59.6731, 50.52959999703222], [59.7253, 50.52779999703181], [59.7746, 50.53379999703322], [59.7833, 50.5398999970347], [59.8157, 50.56299999704033], [59.8592, 50.62269999705478], [59.8722, 50.63599999705801], [59.9039, 50.66029999706389], [59.915, 50.673899997067146], [59.9197, 50.690899997071256], [59.914, 50.72599999707968], [59.9147, 50.74599999708443], [59.9201, 50.7630999970885], [59.9622, 50.829599997104346], [59.969, 50.837499997106185], [59.978, 50.84379999710765], [60.0212, 50.85409999711013], [60.0832, 50.857199997110875], [60.1361, 50.84449999710786], [60.1404, 50.83459999710554], [60.1523, 50.807699997099085], [60.1548, 50.77089999709036], [60.1768, 50.74229999708358], [60.2095, 50.71979999707814], [60.2455, 50.702099997073915], [60.3006, 50.68479999706978], [60.3069, 50.68429999706968], [60.5918, 50.662399997064355], [60.7186, 50.65269999706206], [60.7842, 50.659499997063726], [60.8183, 50.66299999706454], [61.0085, 50.704099997074394], [61.372, 50.78249999709312], [61.3869, 50.791899997095385], [61.404, 50.802699997097925], [61.427, 50.8331999971052], [61.4418, 50.87509999711507], [61.4569, 50.965099997136285], [61.5131, 51.1595999971813], [61.5343, 51.206099997191984], [61.5666, 51.23319999719811], [61.5674, 51.23389999719832], [61.5867, 51.24069999719987], [61.611, 51.24929999720185], [61.6636, 51.25849999720389], [61.593, 51.27789999720833], [61.5631, 51.29549999721232], [61.5386, 51.323199997218566], [61.4983, 51.400599997235965], [61.4909, 51.408199997237745], [61.4738, 51.42589999724167], [61.4375, 51.432399997243124], [61.3936, 51.449799997247034], [61.3561, 51.45969999724921], [61.3421, 51.458499997248985], [61.3183, 51.45349999724779], [61.305, 51.45299999724771], [61.2913, 51.455099997248205], [61.2571, 51.46709999725088], [61.233, 51.47059999725165], [61.1639, 51.46709999725088], [61.1416, 51.469299997251376], [61.102, 51.47819999725336], [61.0814, 51.48029999725383], [61.0483, 51.47899999725353], [61.0292, 51.48269999725433], [61.0231, 51.48559999725502], [61.004, 51.50079999725836], [60.9709, 51.51559999726164], [60.959, 51.52489999726369], [60.9446, 51.54439999726802], [60.9374, 51.5568999972708], [60.9346, 51.5658999972728], [60.9335, 51.59849999728002], [60.9374, 51.611199997282746], [60.9345, 51.61129999728273], [60.5152, 51.617999997284244], [60.5058, 51.6197999972846], [60.5, 51.627099997286216], [60.4968, 51.64059999728917], [60.4954, 51.64629999729043], [60.4846, 51.650999997291514], [60.3963, 51.66039999729354], [60.3758, 51.662599997294], [60.355, 51.67149999729598], [60.3559, 51.68899999729979], [60.356, 51.69069999730014], [60.356, 51.69239999730051], [60.3715, 51.705299997303335], [60.4183, 51.71939999730637], [60.4374, 51.72839999730836], [60.4414, 51.73629999731005], [60.4403, 51.75409999731395], [60.4457, 51.76009999731523], [60.4658, 51.76919999731721], [60.4756, 51.77619999731872], [60.4799, 51.78429999732047], [60.4617, 51.79829999732348], [60.4522, 51.80559999732504], [60.3576, 51.82009999732815], [60.2743, 51.832899997330905], [60.1721, 51.88039999734109], [60.1554, 51.88459999734199], [60.1382, 51.88889999734292], [60.1264, 51.87909999734086], [60.1215, 51.87039999733898], [60.1177, 51.86349999733749], [60.0922, 51.85479999733562], [60.0608, 51.85869999733647], [60.04, 51.87129999733915], [59.9946, 51.93639999735307], [59.9856, 51.95229999735645], [59.9874, 51.96889999735997], [60.002, 51.9907999973646], [60.0032, 51.99259999736499], [60.0614, 51.992699997365], [60.2027, 51.99279999736505], [60.3478, 52.08959999738538], [60.4259, 52.129599997393726], [60.4964, 52.14899999739776], [60.5065, 52.15179999739836], [60.5623, 52.15029999739802], [60.6181, 52.142999997396515], [60.6721, 52.14449999739686], [60.6955, 52.15609999739929], [60.7229, 52.16959999740211], [60.7628, 52.210299997410544], [60.7779, 52.21879999741229], [60.7812, 52.22059999741265], [60.8182, 52.23039999741465], [60.8609, 52.24169999741699], [60.8766, 52.24589999741788], [60.8864, 52.25019999741877], [60.8968, 52.25479999741968], [60.9475, 52.28969999742683], [60.9659, 52.29959999742891], [60.9906, 52.308599997430726], [61.0084, 52.314999997432004], [61.0334, 52.330899997435296], [61.04, 52.33509999743622], [60.9612, 52.40199999744976], [60.9558, 52.419899997453435], [60.9515, 52.46109999746175], [60.9446, 52.47919999746537], [60.9364, 52.488599997467254], [60.9241, 52.49379999746832], [60.8312, 52.5131999974722], [60.815, 52.521999997473955], [60.81, 52.53839999747726], [60.8143, 52.58589999748674], [60.8136, 52.60549999749067], [60.8086, 52.621299997493715], [60.8032, 52.627699997494965], [60.795, 52.62859999749522], [60.7931, 52.628899997495296], [60.7623, 52.62679999749481], [60.7416, 52.6253999974946], [60.7243, 52.62629999749474], [60.7117, 52.63229999749591], [60.6998, 52.65279999749995], [60.6768, 52.66359999750212], [60.6725, 52.67219999750384], [60.6736, 52.693799997508115], [60.6962, 52.73489999751614], [60.7127, 52.7410999975174], [60.7387, 52.7508999975193], [60.7873, 52.757899997520674], [60.8291, 52.771699997523314], [60.8306, 52.77299999752361], [60.8431, 52.7840999975258], [60.8669, 52.81229999753123], [60.8849, 52.825399997533815], [60.8863, 52.82609999753395], [60.904, 52.835999997535886], [60.981, 52.87899999754414], [61.0066, 52.893299997546954], [61.0464, 52.91549999755118], [61.0542, 52.91989999755208], [61.0584, 52.9221999975525], [60.9745, 52.971299997561886], [61.0136, 52.97159999756196], [61.0523, 52.971899997562], [61.0765, 52.97599999756282], [61.0886, 52.97799999756319], [61.1228, 52.992599997565954], [61.1556, 53.009699997569186], [61.1881, 53.01299999756985], [61.1902, 53.013299997569916], [61.2251, 53.006399997568614], [61.2586, 52.992599997565954], [61.2874, 52.98519999756459], [61.3183, 52.982499997564055], [61.3493, 52.98489999756448], [61.3763, 52.99249999756594], [61.3766, 52.992599997565954], [61.4242, 53.0173999975707], [61.441, 53.02019999757122], [61.4483, 53.02139999757142], [61.4782, 53.01239999756977], [61.5145, 52.992599997565954], [61.5743, 52.95589999755899], [61.6056, 52.94839999755748], [61.6285, 52.95709999755922], [61.6366, 52.960199997559805], [61.656, 52.97089999756185], [61.6754, 52.97359999756233], [61.6779, 52.97339999756234], [61.7179, 52.96999999756166], [61.8198, 52.97829999756322], [61.8565, 52.97019999756171], [61.9224, 52.9382999975556], [61.9591, 52.93499999755493], [62.0274, 52.95099999755798], [62.0332, 52.952399997558295], [62.0347, 52.952699997558376], [62.0386, 52.954499997558656], [62.0725, 52.96959999756159], [62.0941, 52.99249999756594], [62.1136, 53.04189999757538], [62.1161, 53.0645999975796], [62.1082, 53.08869999758419], [62.0833, 53.113299997588875], [62.0506, 53.12489999759106], [61.8353, 53.15119999759594], [61.7644, 53.169499997599374], [61.705, 53.203599997605764], [61.6643, 53.23889999761238], [61.643, 53.243399997613174], [61.6368, 53.241299997612785], [61.5671, 53.21799999760843], [61.5473, 53.211499997607234], [61.5142, 53.208699997606715], [61.4782, 53.215199997607954], [61.3799, 53.26199999761664], [61.345, 53.27009999761813], [61.2496, 53.26969999761803], [61.2028, 53.2763999976193], [61.1628, 53.29919999762353], [61.1426, 53.323099997627885], [61.1336, 53.348099997632524], [61.1372, 53.37319999763715], [61.156, 53.39679999764139], [61.1565, 53.397299997641525], [61.1759, 53.41429999764461], [61.201, 53.43629999764864], [61.21, 53.44989999765111], [61.2143, 53.46189999765331], [61.2182, 53.4926999976589], [61.2352, 53.50309999766071], [61.2561, 53.50599999766124], [61.2611, 53.50669999766142], [61.2877, 53.50319999766076], [61.3072, 53.4926999976589], [61.3284, 53.4707999976549], [61.3536, 53.44989999765111], [61.3817, 53.436099997648576], [61.4123, 53.43579999764853], [61.4375, 53.4465999976505], [61.4798, 53.47369999765544], [61.4886, 53.47929999765642], [61.5149, 53.492499997658804], [61.5169, 53.49319999765896], [61.5552, 53.50579999766125], [61.5536, 53.509699997661954], [61.5282, 53.57169999767311], [61.5167, 53.58579999767558], [61.503, 53.5889999976762], [61.3903, 53.58849999767613], [61.3784, 53.58609999767567], [61.3612, 53.5826999976751], [61.3321, 53.55849999767076], [61.3162, 53.54519999766837], [61.2809, 53.54249999766785], [61.1405, 53.56279999767153], [61.1214, 53.56979999767274], [61.1146, 53.57619999767392], [61.1034, 53.59249999767685], [61.0962, 53.59929999767805], [61.0465, 53.60839999767967], [60.9072, 53.61369999768057], [60.8802, 53.63289999768402], [60.8985, 53.65089999768724], [60.9047, 53.657099997688384], [61.0076, 53.63579999768457], [61.0401, 53.652899997687584], [61.0426, 53.654199997687854], [61.0447, 53.66669999769004], [61.0447, 53.691399997694404], [61.0523, 53.70329999769654], [61.0537, 53.703799997696635], [61.0678, 53.708899997697465], [61.107, 53.71249999769821], [61.1139, 53.721399997699734], [61.1156, 53.72359999770013], [61.1275, 53.747199997704314], [61.1516, 53.765299997707494], [61.1786, 53.7808999977102], [61.1992, 53.79719999771305], [61.202, 53.81969999771695], [61.1772, 53.83279999771929], [61.1423, 53.84199999772084], [61.1149, 53.85239999772265], [61.0951, 53.870199997725734], [61.085, 53.875299997726685], [61.0652, 53.87849999772717], [60.9997, 53.87949999772743], [60.9781, 53.88259999772796], [60.9713, 53.893099997729756], [60.9695, 53.90419999773168], [60.9716, 53.915799997733664], [60.9781, 53.926699997735525], [60.9961, 53.94139999773807], [61.0174, 53.94899999773941], [61.0192, 53.94929999773942], [61.0589, 53.95469999774032], [61.0638, 53.95529999774051], [61.0877, 53.95609999774061], [61.0962, 53.95629999774065], [61.1452, 53.95019999773962], [61.152, 53.945399997738804], [61.1632, 53.92859999773589], [61.1761, 53.91649999773374], [61.193, 53.90709999773216], [61.2107, 53.907699997732266], [61.2224, 53.9205999977345], [61.2272, 53.92599999773542], [61.2305, 53.94319999773836], [61.2251, 53.960299997741295], [61.2013, 53.9983999977479], [61.1934, 54.01829999775128], [61.2487, 54.02069999775169], [61.2499, 54.02069999775169], [61.2748, 54.028599997753034], [61.2935, 54.04599999775597], [61.3115, 54.05989999775835], [61.3378, 54.06319999775896], [61.4177, 54.05609999775774], [61.4332, 54.047499997756276], [61.462, 54.011099997750065], [61.4785, 54.00299999774865], [61.5527, 53.99249999774685], [61.5563, 53.96099999774151], [61.5638, 53.951699997739844], [61.5818, 53.94769999773915], [61.6006, 53.950299997739606], [61.611, 53.95959999774118], [61.6164, 53.97419999774371], [61.62, 53.99269999774686], [61.7154, 53.99269999774686], [61.7287, 53.98539999774563], [61.742, 53.981699997745025], [61.755, 53.9833999977453], [61.766, 53.99169999774676], [61.777, 53.999999997748134], [61.7914, 54.00079999774824], [61.798, 53.99899999774793], [61.8205, 53.99269999774686], [61.8281, 53.9733999977436], [61.8299, 53.96049999774136], [61.836, 53.95119999773978], [61.8565, 53.94269999773834], [61.8918, 53.93629999773726], [62.0038, 53.93199999773646], [62.0036, 53.94869999773937], [62.0027, 54.01739999775111], [62.0118, 54.01759999775114], [62.4127, 54.02669999775273], [62.4336, 54.024699997752386], [62.4462, 54.01459999775065], [62.446, 54.01229999775029], [62.444, 53.99239999774685], [62.4112, 53.979199997744544], [62.3994, 53.97449999774377], [62.3864, 53.9612999977415], [62.39, 53.941599997738095], [62.408, 53.9246999977352], [62.4566, 53.90919999773258], [62.4779, 53.89519999773011], [62.4872, 53.88609999772856], [62.4988, 53.877899997727106], [62.5117, 53.8725999977262], [62.5254, 53.871899997726096], [62.5412, 53.876799997726906], [62.5452, 53.88379999772816], [62.5366, 53.91499999773355], [62.5319, 53.922499997734796], [62.5319, 53.92309999773492], [62.5319, 53.930399997736174], [62.5438, 53.942999997738355], [62.5851, 53.968999997742856], [62.5866, 53.969899997743], [62.5853, 53.971199997743184], [62.5632, 53.99249999774685], [62.5506, 54.026899997752736], [62.5751, 54.0485999977565], [62.5808, 54.05359999775726], [62.6291, 54.0711999977603], [62.6701, 54.0777999977614], [62.7572, 54.08109999776197], [62.812, 54.09499999776435], [62.8314, 54.09269999776392], [62.8753, 54.07949999776166], [62.9023, 54.078499997761554], [62.9855, 54.09279999776391], [63.0845, 54.08569999776275], [63.1122, 54.09369999776411], [63.1273, 54.11039999776692], [63.1261, 54.118899997768374], [63.1252, 54.124899997769376], [63.1162, 54.139799997771924], [63.11, 54.15799999777497], [63.1237, 54.17409999777767], [63.1512, 54.17909999777851], [63.1568, 54.18009999777866], [63.2162, 54.178699997778416], [63.3314, 54.16269999777579], [63.3682, 54.162799997775785], [63.3966, 54.17069999777707], [63.4489, 54.19589999778132], [63.4495, 54.1961999977814], [63.4646, 54.20039999778204], [63.4776, 54.203999997782724], [63.5449, 54.20649999778308], [63.7087, 54.250399997790396], [63.744, 54.24879999779012], [63.7735, 54.239699997788605], [63.856, 54.201899997782284], [63.8974, 54.19419999778105], [63.9068, 54.205899997782986], [63.9082, 54.207499997783266], [63.9402, 54.21529999778459], [63.9766, 54.218899997785165], [64.0079, 54.22869999778682], [64.0152, 54.23979999778868], [64.0255, 54.2552999977912], [63.9938, 54.280499997795424], [63.9818, 54.29359999779755], [63.9791, 54.29649999779805], [63.9805, 54.30379999779929], [63.9881, 54.307899997799986], [63.996, 54.315499997801204], [64.0046, 54.31979999780194], [64.0234, 54.30759999779989], [64.0352, 54.304099997799334], [64.0482, 54.30279999779913], [64.0594, 54.30379999779929], [64.068, 54.30779999779992], [64.0791, 54.31629999780139], [64.0808, 54.317599997801565], [64.0842, 54.32019999780201], [64.0936, 54.324199997802644], [64.108, 54.32479999780274], [64.1519, 54.31739999780158], [64.1767, 54.320499997802024], [64.2253, 54.33469999780439], [64.2559, 54.33869999780503], [64.2761, 54.344399997805965], [64.2941, 54.353399997807465], [64.3085, 54.351899997807216], [64.3337, 54.34469999780601], [64.4327, 54.35159999780718], [64.4446, 54.35469999780769], [64.4669, 54.37199999781052], [64.5115, 54.3651999978094], [64.5364, 54.368599997810044], [64.5785, 54.38559999781279], [64.5912, 54.37899999781167], [64.6526, 54.347099997806446], [64.6843, 54.336099997804595], [64.7203, 54.333799997804235], [64.7844, 54.353299997807426], [64.8474, 54.383899997812485], [64.8805, 54.393799997814114], [64.9092, 54.40229999781553], [64.9108, 54.402799997815556], [64.9777, 54.38659999781298], [65.0569, 54.323999997802666], [65.0713, 54.31489999780116], [65.0854, 54.308599997800115], [65.1001, 54.30549999779956], [65.1174, 54.30649999779972], [65.1246, 54.30889999780014], [65.1365, 54.316399997801355], [65.1437, 54.31769999780157], [65.1739, 54.31019999780036], [65.1844, 54.31049999780036], [65.2082, 54.337899997804925], [65.2128, 54.34309999780577], [65.1815, 54.449199997823136], [65.2024, 54.47249999782694], [65.198, 54.49229999783016], [65.198, 54.51619999783399], [65.2142, 54.52789999783594], [65.2143, 54.52789999783594], [65.3417, 54.56149999784137], [65.3705, 54.562499997841535], [65.4274, 54.55279999783995], [65.449, 54.55669999784052], [65.4539, 54.57129999784294], [65.4562, 54.57779999784398], [65.445, 54.614199997849795], [65.4497, 54.62749999785195], [65.4595, 54.62939999785223], [65.4774, 54.632799997852736], [65.5746, 54.625499997851605], [65.7128, 54.59709999784709], [65.7438, 54.60089999784767], [65.7565, 54.60879999784898], [65.7704, 54.61749999785032], [65.7982, 54.64819999785521], [65.827, 54.67269999785908], [65.8392, 54.6775999978599], [65.8594, 54.685699997861164], [65.9328, 54.702599997863864], [65.9519, 54.69369999786247], [65.9605, 54.62809999785205], [65.9774, 54.611699997849435], [66.0441, 54.62579999785167], [66.4465, 54.71089999786521], [66.5099, 54.716799997866104], [66.6377, 54.71359999786562], [66.7003, 54.719199997866475], [66.7223, 54.72719999786779], [66.7604, 54.75099999787148], [66.7817, 54.758299997872676], [66.9772, 54.763699997873516], [67.0081, 54.7679999978742], [67.0404, 54.778699997875876], [67.0506, 54.78199999787637], [67.0672, 54.78749999787723], [67.0985, 54.792099997877955], [67.1741, 54.79129999787782], [67.2133, 54.797199997878764], [67.2396, 54.812999997881256], [67.2443, 54.818499997882135], [67.2601, 54.836999997884966], [67.2839, 54.85329999788754], [67.29, 54.85479999788778], [67.3112, 54.85989999788855], [67.3778, 54.84899999788685], [67.443, 54.85699999788811], [67.5358, 54.85539999788786], [67.6007, 54.85429999788771], [67.6226, 54.85389999788761], [67.677, 54.86389999788916], [67.6942, 54.86709999788967], [67.6986, 54.8678999978898], [67.7062, 54.87169999789042], [67.758, 54.897799997894474], [67.7976, 54.937199997900535], [67.8047, 54.94259999790133], [67.8174, 54.952199997902866], [67.8469, 54.96389999790463], [67.8822, 54.97049999790564], [67.9132, 54.969199997905505], [68.0096, 54.94299999790138], [68.1659, 54.95619999790346], [68.1781, 54.96379999790458], [68.1835, 54.96719999790513], [68.1907, 54.99259999790902], [68.2078, 54.99699999790972], [68.213, 54.99839999790993], [68.2168, 55.00239999791056], [68.2217, 55.00769999791135], [68.226, 55.020899997913354], [68.2346, 55.03849999791609], [68.2376, 55.039599997916206], [68.2537, 55.0458999979172], [68.2814, 55.047199997917396], [68.3041, 55.05269999791824], [68.3068, 55.06599999792024], [68.3081, 55.0727999979213], [68.2802, 55.08289999792281], [68.2699, 55.08659999792335], [68.2282, 55.1015999979257], [68.1904, 55.125399997929236], [68.2012, 55.144199997932084], [68.2065, 55.15329999793346], [68.2069, 55.154099997933564], [68.177, 55.17059999793603], [68.199, 55.177699997937154], [68.2323, 55.1883999979387], [68.2408, 55.191199997939165], [68.2532, 55.192799997939346], [68.2624, 55.193999997939564], [68.2771, 55.19089999793911], [68.2897, 55.185299997938245], [68.3059, 55.18149999793766], [68.3257, 55.18199999793781], [68.3337, 55.18409999793812], [68.3549, 55.189499997938874], [68.3768, 55.19499999793968], [68.4013, 55.19479999793968], [68.4773, 55.18289999793785], [68.5442, 55.196899997940015], [68.5673, 55.19759999794014], [68.5936, 55.19359999793952], [68.6054, 55.19559999793984], [68.6115, 55.20129999794064], [68.6159, 55.20549999794127], [68.618, 55.21549999794273], [68.613, 55.234699997945654], [68.6137, 55.24309999794686], [68.6299, 55.25489999794866], [68.6354, 55.256999997949], [68.6764, 55.27319999795139], [68.6807, 55.282599997952765], [68.6836, 55.28859999795364], [68.6807, 55.30979999795677], [68.6825, 55.32709999795932], [68.689, 55.343299997961736], [68.7005, 55.360499997964254], [68.7171, 55.3546999979634], [68.7224, 55.35289999796314], [68.8225, 55.34359999796177], [68.8459, 55.336899997960785], [68.8668, 55.32569999795913], [68.9032, 55.29089999795396], [68.923, 55.276299997951796], [68.9456, 55.270499997950964], [68.9705, 55.27859999795216], [68.9788, 55.28879999795372], [68.9809, 55.291499997954084], [68.9831, 55.308499997956645], [68.9773, 55.34669999796222], [68.9525, 55.355899997963576], [68.9323, 55.36079999796431], [68.926, 55.36519999796496], [68.9186, 55.37049999796571], [68.9179, 55.370899997965836], [68.9064, 55.40509999797082], [68.9024, 55.4125999979719], [68.9024, 55.4195999979729], [68.9111, 55.42749999797403], [68.9273, 55.43369999797497], [68.9299, 55.43389999797499], [68.9431, 55.434599997975084], [68.9801, 55.42699999797403], [68.99, 55.42499999797373], [69.1224, 55.397799997969706], [69.148, 55.37819999796684], [69.1645, 55.34749999796232], [69.1861, 55.325799997959116], [69.2261, 55.33359999796029], [69.2299, 55.33569999796064], [69.3103, 55.381499997967346], [69.3344, 55.38519999796787], [69.3561, 55.379799997967105], [69.4161, 55.36479999796489], [69.4774, 55.34949999796266], [69.5433, 55.34429999796189], [69.6739, 55.33399999796038], [69.8024, 55.292099997954125], [69.8305, 55.27659999795186], [69.9115, 55.21159999794221], [69.9403, 55.20029999794053], [70.0199, 55.19529999793973], [70.0588, 55.18699999793852], [70.197, 55.1334999979305], [70.2136, 55.13209999793026], [70.2312, 55.141499997931696], [70.261, 55.17049999793603], [70.264, 55.17339999793644], [70.2676, 55.17519999793676], [70.2845, 55.183199997937926], [70.3727, 55.20059999794056], [70.3824, 55.20619999794141], [70.385, 55.21309999794241], [70.3853, 55.21389999794251], [70.3857, 55.222399997943796], [70.3882, 55.23029999794493], [70.4001, 55.24599999794732], [70.4411, 55.28329999795289], [70.4602, 55.28749999795347], [70.539, 55.269299997950824], [70.5613, 55.269599997950834], [70.5844, 55.27319999795139], [70.6067, 55.280499997952454], [70.6254, 55.29249999795419], [70.6657, 55.309199997956725], [70.7212, 55.313099997957316], [70.7777, 55.30709999795642], [70.8205, 55.294199997954465], [70.8047, 55.281599997952604], [70.7978, 55.27459999795153], [70.7889, 55.26549999795024], [70.782, 55.24839999794769], [70.7932, 55.233299997945444], [70.9226, 55.134399997930586], [70.9381, 55.122499997928834], [70.9602, 55.10559999792626], [70.9771, 55.07799999792202], [70.9775, 55.04789999791748], [70.9732, 55.018499997912976], [70.957, 54.97349999790616], [70.9746, 54.94689999790199], [70.9663, 54.9349999979002], [70.9552, 54.92329999789839], [70.9476, 54.90609999789576], [70.9458, 54.887899997892916], [70.9534, 54.87349999789065], [70.9901, 54.8486999978868], [70.9973, 54.834799997884645], [70.9941, 54.807499997880356], [71.0059, 54.774299997875204], [71.047, 54.749099997871205], [71.0678, 54.74249999787013], [71.0974, 54.733099997868706], [71.137, 54.72709999786774], [71.1802, 54.72739999786783], [71.2007, 54.72409999786731], [71.2187, 54.71419999786568], [71.2529, 54.682399997860664], [71.261, 54.668199997858366], [71.2648, 54.661699997857404], [71.2648, 54.63919999785375], [71.2522, 54.62529999785156], [71.2302, 54.61759999785036], [71.1791, 54.60869999784892], [71.1474, 54.59139999784613], [71.1413, 54.56379999784173], [71.1481, 54.49249999783025], [71.1453, 54.48069999782831], [71.1467, 54.47619999782753], [71.1669, 54.46279999782537], [71.1712, 54.45099999782346], [71.1658, 54.417099997817985], [71.1687, 54.410999997816916], [71.1762, 54.40769999781637], [71.1935, 54.40409999781577], [71.1982, 54.399499997815084], [71.1957, 54.37449999781096], [71.196, 54.360899997808765], [71.1906, 54.31819999780165], [71.1656, 54.31529999780117], [71.1345, 54.311699997800574], [71.1161, 54.31179999780063], [71.097, 54.31569999780127], [71.0599, 54.32799999780332], [71.0394, 54.332099997804015], [71.0034, 54.33309999780413], [70.9979, 54.33119999780382], [70.98, 54.32509999780283], [70.971, 54.305099997799516], [70.9771, 54.27019999779374], [71.0387, 54.267599997793255], [71.052, 54.26329999779255], [71.0574, 54.24709999778986], [71.0563, 54.22349999778593], [71.0517, 54.200299997782025], [71.0441, 54.185999997779675], [71.0823, 54.17429999777771], [71.0974, 54.16509999777615], [71.1129, 54.15019999777366], [71.1254, 54.13539999777117], [71.1389, 54.11949999776846], [71.1438, 54.11369999776746], [71.1611, 54.1019999977655], [71.1672, 54.10189999776547], [71.1823, 54.10159999776543], [71.218, 54.116299997767975], [71.2457, 54.13579999777123], [71.2965, 54.188999997780186], [71.3206, 54.200999997782205], [71.3497, 54.19769999778163], [71.3814, 54.18889999778017], [71.4131, 54.184399997779394], [71.4437, 54.18509999777952], [71.4531, 54.181399997778875], [71.4624, 54.17159999777723], [71.4672, 54.16049999777535], [71.4682, 54.15839999777503], [71.4772, 54.10969999776686], [71.4884, 54.11069999776698], [71.4991, 54.1115999977671], [71.5495, 54.12699999776976], [71.5737, 54.12919999777009], [71.5841, 54.125899997769565], [71.6014, 54.11569999776785], [71.6046, 54.11369999776746], [71.612, 54.11079999776702], [71.6151, 54.10959999776676], [71.6323, 54.10719999776638], [71.6471, 54.10859999776664], [71.6806, 54.11919999776843], [71.7087, 54.13219999777062], [71.7173, 54.14649999777303], [71.7123, 54.19069999778044], [71.7155, 54.210799997783866], [71.7252, 54.22909999778691], [71.7414, 54.242399997789065], [71.7478, 54.2439999977893], [71.7627, 54.247699997789994], [71.8046, 54.24519999778953], [71.9421, 54.236899997788136], [71.9581, 54.235999997788], [71.9832, 54.23169999778732], [71.9837, 54.23169999778732], [72.0024, 54.225599997786276], [72.0049, 54.22399999778598], [72.0186, 54.215099997784556], [72.0769, 54.14839999777334], [72.0996, 54.131899997770525], [72.1288, 54.12599999776958], [72.1551, 54.128499997769936], [72.1577, 54.12939999777017], [72.1777, 54.13609999777133], [72.1903, 54.15209999777394], [72.1875, 54.179399997778575], [72.1702, 54.19689999778153], [72.1425, 54.20329999778255], [72.1115, 54.206199997783095], [72.0852, 54.21319999778421], [72.0669, 54.22239999778577], [72.0654, 54.228099997786686], [72.0676, 54.25109999779057], [72.078, 54.27389999779434], [72.0985, 54.30049999779875], [72.1029, 54.311699997800574], [72.1024, 54.312099997800686], [72.0946, 54.32079999780208], [72.0912, 54.32259999780239], [72.074, 54.3317999978039], [72.0712, 54.33329999780415], [72.049, 54.341999997805594], [72.0384, 54.34609999780624], [72.0269, 54.35539999780784], [72.0247, 54.37099999781036], [72.0431, 54.378099997811525], [72.1518, 54.36829999780996], [72.1849, 54.356899997808064], [72.1886, 54.35449999780766], [72.222, 54.33329999780415], [72.2526, 54.303499997799236], [72.2674, 54.27359999779424], [72.2789, 54.26269999779245], [72.2931, 54.259899997792054], [72.3243, 54.25359999779092], [72.3293, 54.246899997789825], [72.3338, 54.24109999778885], [72.3372, 54.23649999778805], [72.3329, 54.22379999778598], [72.3043, 54.18589999777966], [72.2987, 54.178399997778335], [72.483, 54.13559999777119], [72.4845, 54.13249999777062], [72.4819, 54.12829999776997], [72.4724, 54.11679999776795], [72.4668, 54.10999999776688], [72.4542, 54.10719999776638], [72.4356, 54.10809999776656], [72.4233, 54.10869999776664], [72.4193, 54.10529999776609], [72.4184, 54.103699997765744], [72.4121, 54.09279999776391], [72.4078, 54.089599997763386], [72.3984, 54.08969999776344], [72.3737, 54.09519999776433], [72.3682, 54.09639999776457], [72.3585, 54.092999997764004], [72.357, 54.0817999977621], [72.3635, 54.05959999775832], [72.3819, 54.04299999775554], [72.4053, 54.03069999775336], [72.4186, 54.01599999775089], [72.4078, 53.99239999774685], [72.3928, 53.970799997743114], [72.3829, 53.95649999774064], [72.3753, 53.941299997738085], [72.3729, 53.93629999773726], [72.3729, 53.92009999773445], [72.3923, 53.90819999773239], [72.4233, 53.90349999773153], [72.4557, 53.905399997731884], [72.4585, 53.906499997732055], [72.4769, 53.91339999773331], [72.5179, 53.943299997738436], [72.5185, 53.94389999773854], [72.5439, 53.970799997743114], [72.5568, 53.97719999774424], [72.558, 53.97719999774424], [72.5723, 53.9764999977441], [72.586, 53.972999997743536], [72.6738, 53.9505999977397], [72.6859, 53.95379999774025], [72.7001, 53.957599997740886], [72.6947, 53.99269999774686], [72.6756, 54.02169999775185], [72.6562, 54.04259999775541], [72.6469, 54.046899997756164], [72.6317, 54.053899997757405], [72.5971, 54.054599997757435], [72.5725, 54.05149999775696], [72.5711, 54.05139999775691], [72.5338, 54.0466999977561], [72.5093, 54.043599997755564], [72.5032, 54.050899997756815], [72.5089, 54.06879999775991], [72.5273, 54.10009999776519], [72.573, 54.12879999777009], [72.6097, 54.13329999777078], [72.6239, 54.13499999777111], [72.6241, 54.13509999777112], [72.8211, 54.12169999776885], [72.8254, 54.12139999776879], [72.8855, 54.117299997768086], [72.942, 54.121799997768846], [72.9568, 54.117599997768124], [72.9683, 54.104099997765864], [72.9701, 54.098099997764905], [72.9737, 54.086499997762864], [72.9769, 54.04779999775632], [73.0237, 54.03399999775394], [73.0353, 54.02059999775167], [73.0443, 53.99239999774685], [73.0626, 53.97909999774456], [73.2775, 53.94969999773956], [73.322, 53.94369999773849], [73.3603, 53.93839999773754], [73.374, 53.94099999773801], [73.3768, 53.94499999773874], [73.3794, 53.94869999773937], [73.3845, 53.97029999774304], [73.3927, 53.974099997743714], [73.4029, 53.973599997743634], [73.4241, 53.97259999774345], [73.4315, 53.970999997743185], [73.4334, 53.97059999774308], [73.4338, 53.97039999774308], [73.446, 53.96389999774197], [73.4691, 53.94729999773911], [73.4817, 53.945399997738804], [73.4899, 53.94689999773901], [73.5058, 53.94969999773956], [73.518, 53.95599999774061], [73.521, 53.966499997742375], [73.5216, 53.968799997742835], [73.5198, 53.99239999774685], [73.5256, 54.005199997749024], [73.5281, 54.01069999774994], [73.5868, 54.01939999775145], [73.6044, 54.03469999775408], [73.6008, 54.046899997756164], [73.5918, 54.05779999775796], [73.5886, 54.066199997759405], [73.6015, 54.0711999977603], [73.6545, 54.078499997761554], [73.6703, 54.07599999776112], [73.6719, 54.06759999775966], [73.675, 54.05159999775695], [73.6851, 54.04849999775642], [73.6995, 54.050899997756815], [73.7405, 54.05789999775802], [73.7387, 54.05139999775691], [73.6973, 53.900899997731116], [73.6829, 53.87419999772645], [73.6617, 53.860899997724125], [73.655, 53.859999997723975], [73.6343, 53.85739999772353], [73.4984, 53.873399997726295], [73.4853, 53.874899997726565], [73.4778, 53.874599997726556], [73.4557, 53.87369999772635], [73.448, 53.87099999772593], [73.432, 53.86539999772497], [73.4111, 53.85029999772233], [73.3913, 53.82819999771847], [73.4377, 53.80849999771501], [73.3515, 53.7885999977116], [73.3474, 53.78759999771135], [73.3445, 53.78539999771101], [73.3312, 53.77509999770915], [73.3067, 53.685699997693376], [73.2639, 53.68099999769256], [73.2448, 53.6747999976915], [73.2297, 53.6623999976893], [73.2203, 53.64309999768581], [73.225, 53.62989999768355], [73.2575, 53.60719999767942], [73.2588, 53.606299997679315], [73.2538, 53.600199997678196], [73.2307, 53.57239999767323], [73.2397, 53.5694999976727], [73.2629, 53.56189999767138], [73.3455, 53.535099997666514], [73.3606, 53.53019999766564], [73.3913, 53.520299997663855], [73.347, 53.45949999765288], [73.4111, 53.43009999764757], [73.4241, 53.432599997648], [73.4344, 53.43889999764915], [73.5465, 53.506999997661445], [73.5551, 53.51479999766289], [73.5634, 53.52559999766481], [73.5727, 53.543199997667955], [73.576, 53.5531999976698], [73.5825, 53.55859999767074], [73.6005, 53.56289999767149], [73.6318, 53.560899997671136], [73.6408, 53.56339999767162], [73.6433, 53.57019999767281], [73.644, 53.579199997674486], [73.6512, 53.59479999767722], [73.653, 53.609299997679805], [73.6599, 53.61159999768025], [73.6659, 53.61139999768023], [73.6997, 53.61059999768004], [73.7365, 53.60969999767989], [73.7531, 53.60699999767938], [73.7877, 53.595099997677266], [73.8031, 53.59839999767784], [73.8726, 53.63219999768395], [73.8834, 53.63459999768434], [73.9043, 53.639199997685175], [73.9367, 53.639499997685235], [74.0436, 53.629999997683505], [74.058, 53.62459999768253], [74.0631, 53.608699997679736], [74.0624, 53.59999999767821], [74.0616, 53.5894999976763], [74.0627, 53.57319999767342], [74.0767, 53.566199997672086], [74.1077, 53.56519999767194], [74.1189, 53.56959999767269], [74.1372, 53.59399999767711], [74.148, 53.59809999767787], [74.1604, 53.59789999767775], [74.1859, 53.59759999767774], [74.2139, 53.597099997677624], [74.2233, 53.594699997677196], [74.2267, 53.590999997676576], [74.2351, 53.58199999767496], [74.2375, 53.57679999767402], [74.2416, 53.567899997672434], [74.2416, 53.56779999767243], [74.2506, 53.5567999976704], [74.2704, 53.5531999976698], [74.2632, 53.530299997665686], [74.2697, 53.51529999766302], [74.2954, 53.499099997660046], [74.3061, 53.49239999765884], [74.3495, 53.470899997654975], [74.359, 53.466199997654044], [74.3644, 53.46549999765397], [74.3885, 53.46229999765336], [74.4049, 53.4744999976556], [74.409, 53.477599997656164], [74.4128, 53.48489999765744], [74.4569, 53.56979999767274], [74.4555, 53.577399997674085], [74.4516, 53.58039999767467], [74.4447, 53.58579999767558], [74.4267, 53.59639999767751], [74.4231, 53.60059999767827], [74.4209, 53.603099997678775], [74.4295, 53.65369999768775], [74.4385, 53.67339999769126], [74.4533, 53.684999997693296], [74.4549, 53.68489999769331], [74.5176, 53.68329999769297], [74.6164, 53.68069999769252], [74.6268, 53.687399997693696], [74.6445, 53.734599997702034], [74.6545, 53.74839999770451], [74.6628, 53.75499999770564], [74.6675, 53.755799997705786], [74.668, 53.755899997705804], [74.6747, 53.757099997706], [74.7255, 53.75909999770637], [74.7348, 53.765299997707494], [74.7435, 53.77939999770992], [74.7543, 53.80849999771501], [74.7622, 53.8226999977175], [74.7719, 53.83099999771895], [74.8061, 53.83769999772014], [74.8885, 53.83639999771988], [74.9238, 53.83099999771895], [74.9489, 53.822999997717545], [75.0009, 53.80649999771468], [75.0032, 53.80659999771466], [75.0279, 53.807899997714955], [75.3122, 53.93299999773664], [75.3422, 53.94619999773891], [75.4339, 53.986499997745824], [75.3609, 54.05959999775832], [75.3786, 54.06749999775967], [75.3989, 54.07659999776123], [75.4293, 54.0900999977635], [75.4645, 54.10059999776527], [75.4837, 54.10159999776543], [75.4998, 54.1023999977656], [75.6031, 54.09459999776426], [75.6402, 54.09889999776498], [76.1838, 54.251499997790624], [76.1825, 54.25399999779098], [76.1719, 54.274699997794436], [76.1698, 54.2912999977972], [76.177, 54.30679999779982], [76.1939, 54.32569999780287], [76.2148, 54.34229999780561], [76.2342, 54.347399997806455], [76.2474, 54.345399997806126], [76.4329, 54.316699997801436], [76.4572, 54.32029999780205], [76.4765, 54.323199997802476], [76.5402, 54.3511999978071], [76.5618, 54.356299997807945], [76.5773, 54.356899997808064], [76.6079, 54.35459999780769], [76.623, 54.35589999780787], [76.641, 54.366499997809605], [76.6453, 54.383799997812474], [76.6457, 54.403699997815764], [76.6518, 54.422299997818726], [76.6727, 54.43639999782111], [76.7011, 54.4402999978217], [76.7573, 54.43719999782118], [76.7821, 54.43939999782157], [76.8523, 54.461199997825084], [76.8725, 54.464799997825736], [76.8959, 54.46389999782555], [76.9107, 54.45459999782405], [76.9106, 54.45449999782398], [76.9035, 54.43259999782043], [76.8858, 54.42279999781887], [76.8048, 54.410099997816786], [76.7868, 54.402799997815556], [76.7645, 54.39049999781356], [76.753, 54.3767999978113], [76.7659, 54.364599997809314], [76.7858, 54.36099999780872], [76.7901, 54.360199997808614], [76.816, 54.35559999780782], [76.8343, 54.34569999780623], [76.8433, 54.32239999780238], [76.8376, 54.29689999779813], [76.821, 54.27759999779492], [76.8001, 54.26069999779216], [76.7825, 54.242399997789065], [76.7703, 54.21319999778421], [76.7623, 54.202599997782464], [76.7512, 54.193999997781034], [76.7263, 54.18029999777868], [76.7163, 54.17079999777709], [76.6648, 54.13409999777093], [76.6347, 54.13469999777102], [76.6039, 54.13529999777115], [76.4967, 54.15949999777523], [76.4765, 54.16409999777596], [76.4543, 54.164699997776125], [76.4397, 54.16499999777612], [76.4128, 54.16569999777623], [76.3937, 54.161799997775574], [76.3768, 54.154199997774334], [76.3743, 54.14779999777323], [76.4765, 54.04199999775532], [76.4826, 54.0301999977533], [76.4952, 53.99239999774685], [76.5258, 53.9612999977415], [77.6127, 53.44289999764985], [77.8668, 53.272399997618585], [77.9763, 53.16849999759921], [78.4767, 52.637999997497076], [79.0429, 51.99259999736499], [79.2899, 51.703399997302895], [79.4699, 51.49259999725657], [79.9271, 50.87849999711592], [79.9552, 50.82599999710346], [79.9663, 50.81029999709976], [79.9901, 50.78819999709448], [80.0214, 50.766899997089396], [80.0549, 50.752899997086075], [80.0645, 50.752699997086054], [80.0675, 50.75259999708601], [80.0859, 50.75219999708591], [80.0663, 50.77239999709073], [80.0311, 50.80879999709937], [80.0153, 50.83949999710667], [80.0491, 50.85229999710969], [80.0671, 50.84659999710836], [80.0933, 50.827699997103906], [80.1017, 50.82159999710245], [80.1193, 50.81499999710085], [80.1427, 50.81709999710139], [80.1546, 50.82729999710381], [80.1546, 50.82739999710383], [80.1683, 50.859899997111526], [80.1813, 50.87569999711522], [80.192, 50.88079999711644], [80.1953, 50.882399997116806], [80.2349, 50.89329999711938], [80.2426, 50.89919999712077], [80.2451, 50.90109999712119], [80.2583, 50.911299997123585], [80.2673, 50.91569999712467], [80.2795, 50.91719999712499], [80.3202, 50.91419999712431], [80.3602, 50.91929999712547], [80.403, 50.933799997128865], [80.439, 50.95819999713463], [80.4418, 50.96289999713574], [80.4595, 50.99269999714269], [80.4631, 51.00789999714622], [80.4649, 51.02579999715041], [80.4646, 51.043799997154636], [80.461, 51.05899999715811], [80.4516, 51.07359999716152], [80.4239, 51.09219999716581], [80.4106, 51.10489999716871], [80.407, 51.11719999717153], [80.4077, 51.13579999717589], [80.4135, 51.168499997183396], [80.4221, 51.187599997187746], [80.4343, 51.20069999719074], [80.4455, 51.20529999719176], [80.4492, 51.20679999719213], [80.452, 51.20799999719243], [80.4761, 51.209699997192786], [80.5211, 51.20569999719191], [80.5614, 51.20209999719109], [80.5909, 51.207099997192195], [80.5992, 51.2084999971925], [80.6125, 51.23389999719832], [80.614, 51.24979999720193], [80.6215, 51.26459999720531], [80.6323, 51.27789999720833], [80.6449, 51.28929999721092], [80.6647, 51.30029999721341], [80.665, 51.30029999721341], [80.6827, 51.30209999721383], [80.8167, 51.26109999720452], [80.8426, 51.25759999720374], [80.8545, 51.26459999720531], [80.862, 51.27349999720731], [80.8642, 51.27589999720785], [80.8825, 51.284999997209916], [80.9056, 51.28369999720965], [80.9142, 51.270199997206596], [80.915, 51.25779999720376], [80.9164, 51.2353999971987], [80.9218, 51.222099997195656], [80.9236, 51.21789999719464], [80.9243, 51.21609999719423], [80.9362, 51.20569999719191], [80.9761, 51.1910999971885], [81.0222, 51.177499997185414], [81.0449, 51.173599997184574], [81.0701, 51.17199999718416], [81.0829, 51.18059999718616], [81.0982, 51.190899997188495], [81.1086, 51.19449999718925], [81.1129, 51.19589999718962], [81.1327, 51.19449999718925], [81.1522, 51.18659999718749], [81.1587, 51.17429999718468], [81.1558, 51.15749999718084], [81.1471, 51.13599999717591], [81.0805, 51.03089999715158], [81.0539, 50.969999997137336], [81.0514, 50.95579999713405], [81.0582, 50.947099997132035], [81.078, 50.940799997130576], [81.1043, 50.936799997129626], [81.159, 50.938399997129984], [81.2775, 50.96269999713566], [81.4009, 50.95909999713482], [81.4013, 50.92299999712639], [81.4161, 50.889699997118534], [81.4222, 50.88189999711673], [81.4374, 50.86239999711209], [81.4395, 50.859799997111494], [81.4661, 50.833699997105306], [81.4449, 50.81339999710048], [81.4261, 50.78819999709448], [81.4189, 50.76249999708836], [81.4312, 50.74069999708315], [81.4603, 50.730399997080696], [81.6742, 50.736099997082064], [81.6972, 50.74499999708419], [81.7096, 50.75789999708726], [81.7257, 50.77459999709128], [81.744, 50.78489999709369], [81.7575, 50.784499997093675], [81.7635, 50.78439999709356], [81.8009, 50.767899997089636], [81.8225, 50.76579999708919], [81.8949, 50.7741999970912], [81.9453, 50.769199997090006], [81.9903, 50.75979999708775], [82.0126, 50.75019999708542], [82.0731, 50.715699997077195], [82.0954, 50.70819999707539], [82.1472, 50.70169999707383], [82.1735, 50.703099997074155], [82.1987, 50.708799997075516], [82.2167, 50.71949999707809], [82.2361, 50.73459999708167], [82.2556, 50.745299997084246], [82.2732, 50.743199997083764], [82.2883, 50.737399997082385], [82.3013, 50.74099999708324], [82.3135, 50.74789999708489], [82.3283, 50.75219999708591], [82.3413, 50.75029999708543], [82.3625, 50.74219999708352], [82.4082, 50.748499997085034], [82.4302, 50.7411999970833], [82.4759, 50.71409999707678], [82.5548, 50.74799999708491], [82.584, 50.7604999970879], [82.6041, 50.769099997089945], [82.6728, 50.789799997094875], [82.698, 50.81099999709993], [82.698, 50.81199999710015], [82.6998, 50.880999997116454], [82.7171, 50.8937999971195], [82.7265, 50.90069999712112], [82.7646, 50.90669999712251], [82.8442, 50.891799997119016], [82.9759, 50.881999997116694], [83.0213, 50.891799997119016], [83.058, 50.91719999712499], [83.0809, 50.94609999713181], [83.0861, 50.95269999713335], [83.1077, 50.99269999714269], [83.1204, 50.99439999714309], [83.1275, 50.995299997143285], [83.1376, 50.99469999714314], [83.1631, 50.98859999714178], [83.1797, 50.98729999714139], [83.1959, 50.988899997141814], [83.2121, 50.99269999714269], [83.3237, 51.00249999714498], [83.4339, 50.99269999714269], [83.4347, 50.99189999714248], [83.4488, 50.97759999713915], [83.4619, 50.96439999713607], [83.4771, 50.953399997133474], [83.4983, 50.94549999713161], [83.6099, 50.93209999712849], [83.6326, 50.92489999712684], [83.6905, 50.891799997119016], [83.7129, 50.88229999711681], [83.7327, 50.87969999711616], [83.778, 50.87949999711608], [83.8003, 50.87569999711522], [83.8205, 50.86809999711344], [83.8381, 50.85639999711069], [83.8698, 50.82139999710242], [83.8828, 50.81199999710015], [83.922, 50.80079999709748], [83.9505, 50.78049999709263], [83.9502, 50.76179999708824], [83.9501, 50.74599999708443], [83.9497, 50.717999997077754], [83.9757, 50.686499997070186], [84.082, 50.637699997058476], [84.1017, 50.62869999705624], [84.1067, 50.62419999705514], [84.1117, 50.61979999705412], [84.1257, 50.6073999970511], [84.133, 50.60089999704951], [84.1423, 50.58159999704486], [84.1449, 50.566099997041086], [84.1513, 50.5526999970378], [84.1859, 50.52809999703186], [84.1956, 50.51149999702776], [84.1978, 50.49319999702329], [84.1769, 50.43919999701007], [84.1917, 50.40769999700233], [84.2183, 50.37779999699495], [84.2395, 50.344799996986765], [84.2417, 50.32199999698115], [84.2395, 50.29939999697551], [84.2395, 50.278299996970205], [84.25, 50.25999999696563], [84.2619, 50.25369999696406], [84.2917, 50.24819999696265], [84.3043, 50.24329999696145], [84.3123, 50.23639999695971], [84.3245, 50.219699996955526], [84.3313, 50.21349999695396], [84.3688, 50.2118999969536], [84.3742, 50.214799996954305], [84.4051, 50.23079999695831], [84.4408, 50.24469999696179], [84.4443, 50.24299999696138], [84.4757, 50.22709999695743], [84.5045, 50.20469999695176], [84.5358, 50.19109999694838], [84.5693, 50.18559999694701], [84.606, 50.18749999694748], [84.642, 50.18489999694681], [84.6669, 50.16999999694304], [84.6895, 50.15109999693831], [84.7201, 50.13669999693461], [84.7381, 50.135399996934304], [84.7731, 50.13839999693507], [84.7907, 50.132799996933684], [84.8015, 50.12379999693138], [84.826, 50.08669999692194], [84.8386, 50.08089999692048], [84.8559, 50.08489999692155], [84.8879, 50.096699996924514], [84.9102, 50.095199996924144], [84.9618, 50.07949999692016], [84.9757, 50.075299996919085], [84.9869, 50.06699999691696], [84.9911, 50.06269999691584], [85.02, 50.033099996908355], [85.0283, 50.02059999690515], [85.0254, 50.0041999969009], [85.0092, 49.99789999689932], [84.9549, 49.990599996897444], [84.9505, 49.93329999688272], [84.9545, 49.906999996875925], [84.9757, 49.8940999968726], [85.0326, 49.885099996870274], [85.0564, 49.873399996867285], [85.0708, 49.85029999686128], [85.0758, 49.813999996851834], [85.0816, 49.800099996848196], [85.0981, 49.78219999684357], [85.1633, 49.733999996830924], [85.1853, 49.70509999682335], [85.195, 49.62579999680238], [85.2238, 49.59569999679442], [85.263, 49.58159999679067], [85.3024, 49.59009999679294], [85.3026, 49.59019999679293], [85.3203, 49.59949999679543], [85.3422, 49.60819999679779], [85.352, 49.610899996798466], [85.3642, 49.61419999679938], [85.384, 49.615799996799815], [85.4074, 49.60979999679817], [85.4509, 49.58859999679258], [85.4758, 49.58309999679109], [85.5132, 49.58539999679172], [85.5312, 49.5891999967927], [85.5492, 49.5952999967943], [85.5503, 49.5958999967945], [85.5809, 49.613499996799185], [85.5971, 49.619299996800684], [85.6147, 49.61719999680016], [85.6284, 49.6065999967973], [85.6425, 49.57759999678962], [85.6561, 49.56499999678628], [85.6734, 49.56049999678512], [85.69, 49.56299999678578], [85.7256, 49.57309999678842], [85.7394, 49.57309999678842], [85.7476, 49.57309999678842], [85.7649, 49.56699999678682], [85.7796, 49.55609999678395], [85.7944, 49.541899996780124], [85.8091, 49.5365999967787], [85.8275, 49.541099996779884], [85.8333, 49.54389999678066], [85.8606, 49.557499996784266], [85.8781, 49.56259999678568], [85.8808, 49.56339999678587], [85.8999, 49.564099996786034], [85.9405, 49.55969999678488], [85.942, 49.55109999678256], [85.9399, 49.542799996780346], [85.9359, 49.526499996776046], [85.9319, 49.51019999677165], [85.9315, 49.492799996767005], [85.9463, 49.48139999676394], [85.9629, 49.478699996763204], [85.9801, 49.48299999676438], [85.9894, 49.489399996766096], [86.0277, 49.51569999677316], [86.0341, 49.51729999677359], [86.0557, 49.52269999677502], [86.0705, 49.52629999677596], [86.0876, 49.52379999677529], [86.1115, 49.52019999677432], [86.1367, 49.49309999676705], [86.1774, 49.46339999675908], [86.1879, 49.47269999676157], [86.2141, 49.49629999676794], [86.2465, 49.550099996782336], [86.2721, 49.58369999679125], [86.2876, 49.590899996793155], [86.2913, 49.592599996793616], [86.3293, 49.610299996798325], [86.392, 49.62509999680226], [86.4582, 49.66569999681292], [86.4755, 49.67089999681435], [86.4816, 49.676999996815915], [86.4831, 49.68629999681842], [86.4798, 49.6972999968213], [86.4726, 49.70839999682421], [86.5198, 49.7269999968291], [86.5374, 49.739599996832425], [86.5457, 49.742699996833196], [86.5583, 49.74159999683288], [86.5651, 49.742699996833196], [86.5849, 49.76019999683779], [86.5954, 49.78089999684322], [86.6017, 49.78719999684481], [86.6101, 49.79549999684703], [86.6425, 49.79389999684661], [86.685, 49.778199996842496], [86.7001, 49.77779999684241], [86.7307, 49.78259999684365], [86.7484, 49.78309999684377], [86.7588, 49.77859999684257], [86.7595, 49.767699996839724], [86.7376, 49.73509999683126], [86.7405, 49.72279999682803], [86.7516, 49.711799996825114], [86.7737, 49.69649999682111], [86.7757, 49.69499999682064], [86.769, 49.69059999681956], [86.7666, 49.68889999681903], [86.7556, 49.681599996817184], [86.7365, 49.671999996814606], [86.716, 49.66689999681328], [86.6677, 49.66429999681261], [86.6653, 49.66299999681222], [86.6472, 49.653699996809806], [86.6238, 49.631999996804026], [86.6112, 49.620299996800945], [86.6008, 49.60759999679758], [86.5961, 49.60189999679608], [86.5918, 49.587299996792225], [86.5993, 49.573599996788566], [86.6184, 49.55799999678439], [86.6425, 49.54749999678165], [86.6641, 49.54749999678165], [86.7095, 49.554499996783456], [86.7325, 49.550799996782516], [86.8024, 49.52229999677487], [86.8243, 49.509299996771425], [86.8229, 49.492799996767005], [86.8143, 49.472899996761655], [86.8139, 49.45009999675554], [86.829, 49.433299996750996], [86.8546, 49.421299996747756], [86.9053, 49.404699996743325], [86.9331, 49.390199996739405], [86.9309, 49.38059999673683], [86.9158, 49.370099996733934], [86.905, 49.35199999672903], [86.9129, 49.33869999672546], [86.9334, 49.32439999672149], [87.0, 49.28919999671199], [87.0126, 49.280799996709675], [87.0169, 49.27289999670749], [87.0173, 49.25869999670365], [87.0245, 49.24899999670095], [87.0367, 49.24279999669928], [87.0504, 49.2389999966982], [87.076, 49.23699999669772], [87.1606, 49.242099996699075], [87.1905, 49.23779999669786], [87.2178, 49.22979999669568], [87.2718, 49.205199996688954], [87.2877, 49.18439999668327], [87.2972, 49.15169999667421], [87.3082, 49.11389999666379], [87.3237, 49.08529999665585], [87.2005, 49.108699996662345], [87.162, 49.12289999666628], [87.1163, 49.12979999666818], [86.9755, 49.092399996657804], [86.9464, 49.09459999665841], [86.8873, 49.106899996661845], [86.8596, 49.10549999666146], [86.8446, 49.09739999665919], [86.838, 49.093899996658216], [86.8161, 49.05849999664843], [86.7988, 49.04229999664388], [86.7735, 49.02789999663985], [86.7689, 49.025299996639156], [86.7599, 49.02019999663772], [86.7433, 49.007699996634216], [86.7419, 49.006199996633825], [86.7415, 49.005699996633695], [86.7275, 48.99039999662935], [86.7138, 48.96989999662366], [86.7095, 48.95429999661925], [86.7117, 48.93719999661444], [86.7181, 48.9124999966075], [86.7419, 48.87879999659803], [86.7736, 48.8585999965923], [86.7894, 48.83929999658682], [86.7646, 48.80759999657783], [86.7462, 48.79289999657366], [86.739, 48.78359999657097], [86.7405, 48.771699996567584], [86.752, 48.729199996555465], [86.752, 48.71549999655154], [86.7444, 48.70359999654811], [86.7158, 48.67739999654061], [86.6972, 48.66029999653566], [86.6688, 48.63429999652817], [86.6659, 48.63249999652769], [86.6299, 48.60909999652091], [86.6209, 48.60329999651926], [86.6055, 48.590099996515384], [86.6017, 48.58509999651398], [86.6009, 48.58409999651365], [86.5936, 48.57419999651086], [86.5752, 48.539899996500885], [86.5724, 48.53639999649987], [86.5651, 48.52739999649722], [86.5464, 48.517299996494295], [86.4305, 48.48589999648513], [86.4283, 48.485999996485184], [86.3883, 48.48789999648574], [86.3419, 48.49009999648632], [86.3337, 48.49049999648648], [86.328, 48.48889999648598], [86.3074, 48.483199996484345], [86.2861, 48.469799996480425], [86.274, 48.4597999964775], [86.2645, 48.45209999647529], [86.2465, 48.437399996470916], [86.1922, 48.41829999646538], [86.0061, 48.429599996468646], [85.7836, 48.40769999646223], [85.7476, 48.390199996457056], [85.7188, 48.35889999644783], [85.689, 48.30989999643338], [85.6447, 48.23709999641172], [85.5863, 48.14129999638306], [85.5618, 48.03069999634973], [85.5471, 47.993099996338245], [85.5425, 47.98659999633633], [85.5287, 47.966599996330196], [85.5179, 47.944699996323514], [85.5154, 47.92039999631614], [85.5953, 47.6239999962244], [85.5957, 47.59079999621399], [85.5798, 47.52369999619289], [85.5845, 47.49289999618315], [85.6003, 47.46319999617374], [85.6702, 47.38429999614868], [85.6788, 47.3636999961421], [85.6741, 47.344199996135906], [85.6673, 47.32589999613], [85.6702, 47.30899999612456], [85.6788, 47.29059999611869], [85.6788, 47.27479999611362], [85.6684, 47.241799996102976], [85.6644, 47.22119999609633], [85.6614, 47.21169999609328], [85.6597, 47.20639999609158], [85.6471, 47.19779999608877], [85.6466, 47.19779999608877], [85.6018, 47.194399996087704], [85.5777, 47.189099996086], [85.5568, 47.17869999608257], [85.5471, 47.161899996077125], [85.5442, 47.143199996071075], [85.5388, 47.12789999606608], [85.5298, 47.114299996061696], [85.5168, 47.100199996057135], [85.5082, 47.082499996051354], [85.5057, 47.063899996045244], [85.5, 47.054399996042164], [85.4985, 47.05169999604127], [85.4322, 47.052999996041706], [85.3885, 47.04839999604021], [85.3766, 47.047099996039755], [85.3037, 47.03929999603722], [85.2461, 47.04429999603883], [85.2259, 47.041599996037974], [85.2083, 47.03489999603579], [85.2051, 47.03369999603538], [85.1914, 47.02329999603199], [85.1673, 46.99289999602199], [85.1591, 46.987199996020166], [85.146, 46.97799999601711], [85.0874, 46.948399996007375], [85.0773, 46.943299996005635], [85.0562, 46.92699999600031], [85.0481, 46.920699995998206], [85.0355, 46.914899995996265], [84.9905, 46.90759999599388], [84.9793, 46.90329999599245], [84.9757, 46.90189999599201], [84.9595, 46.89089999598839], [84.94, 46.86509999597982], [84.9369, 46.86099999597848], [84.916, 46.85049999597501], [84.84, 46.8390999959712], [84.7669, 46.81799999596414], [84.7396, 46.81479999596312], [84.7198, 46.821199995965266], [84.7155, 46.8350999959699], [84.7245, 46.850199995974855], [84.7385, 46.86609999598014], [84.7497, 46.88239999598553], [84.7515, 46.91789999599732], [84.7317, 46.94769999600714], [84.6993, 46.97019999601459], [84.6636, 46.983799996019], [84.6161, 46.98619999601976], [84.5211, 46.969699996014356], [84.4757, 46.97519999601617], [84.4217, 46.99309999602204], [84.4059, 46.9941999960224], [84.3886, 46.99289999602199], [84.3096, 46.99749999602349], [84.2937, 46.998399996023785], [84.2658, 47.000099996024346], [84.1754, 46.99429999602245], [84.1589, 46.99319999602213], [84.1017, 46.970299996014525], [84.0941, 46.967299996013566], [84.0696, 46.96429999601263], [83.9991, 46.9742999960159], [83.9169, 46.97389999601579], [83.9158, 46.97389999601579], [83.9055, 46.97389999601579], [83.7074, 47.022299996031656], [83.694, 47.02559999603269], [83.5246, 47.06699999604629], [83.4154, 47.11669999606244], [83.4117, 47.11829999606298], [83.3532, 47.144899996071665], [83.3143, 47.15789999607586], [83.2218, 47.17179999608037], [83.202, 47.18019999608311], [83.1502, 47.211399996093135], [83.1264, 47.21749999609514], [83.0991, 47.21959999609583], [83.0717, 47.218499996095495], [83.0469, 47.21459999609423], [83.0272, 47.207899996092024], [83.0213, 47.205899996091404], [83.0134, 47.19459999608776], [83.0152, 47.15429999607466], [83.0123, 47.142599996070906], [83.0011, 47.12129999606396], [82.9983, 47.110099996060306], [82.9993, 47.099999996057015], [83.0026, 47.09059999605399], [83.0062, 47.080499996050655], [83.0055, 47.069799996047166], [82.99, 47.032099996034866], [82.9857, 47.01249999602843], [82.9882, 46.99289999602199], [82.9932, 46.97559999601633], [82.9918, 46.958699996010715], [82.9857, 46.94239999600535], [82.8388, 46.732299995935584], [82.7473, 46.49329999585486], [82.7077, 46.434099995834636], [82.7013, 46.41679999582872], [82.6894, 46.362499995810055], [82.6743, 46.331099995799285], [82.608, 46.25519999577307], [82.5684, 46.19639999575263], [82.5418, 46.13139999572998], [82.5159, 45.99299999568136], [82.4889, 45.90159999564901], [82.4759, 45.873099995638896], [82.4475, 45.825299995621876], [82.3722, 45.73419999558926], [82.3359, 45.63509999555352], [82.3045, 45.58279999553458], [82.2916, 45.53309999551649], [82.2975, 45.52649999551415], [82.28, 45.53489999551716], [82.2759, 45.54169999551963], [82.2252, 45.544399995520614], [82.1601, 45.561299995526774], [82.1304, 45.64509999555712], [82.1421, 45.67389999556752], [82.1309, 45.759799995598435], [82.0283, 45.85309999563175], [81.9801, 45.885999995643495], [81.891, 46.093499995716705], [81.5299, 46.336899995801254], [81.5643, 46.3689999958123], [81.5224, 46.36379999581051], [81.5059, 46.37309999581374], [81.5571, 46.40039999582311], [81.5788, 46.43479999583489], [81.5521, 46.43639999583545], [81.5182, 46.396599995821795], [81.4832, 46.412499995827226], [81.4148, 46.41729999582889], [81.4504, 46.46009999584356], [81.4169, 46.46049999584367], [81.3714, 46.420199995829854], [81.3395, 46.44409999583807], [81.3086, 46.494199995855155], [81.2514, 46.4735999958481], [81.2066, 46.471899995847544], [81.1424, 46.532699995868235], [80.8278, 46.542999995871746], [80.5339, 46.656099995910004], [80.2002, 46.761799995945445], [80.2095, 46.829599995968046], [79.9992, 46.89129999598855], [79.5277, 46.778599995951055], [79.2181, 47.087699996053026], [78.7662, 47.05989999604392], [78.7198, 47.147599996072564], [78.5929, 47.15779999607581], [78.5479, 47.19409999608761], [78.4271, 47.24989999610557], [78.252, 47.348999996137415], [78.0917, 47.21079999609296], [77.9635, 47.306799996123885], [77.8139, 47.19479999608779], [77.555, 47.23699999610144], [77.4702, 47.16459999607802], [77.576, 46.52849999586686], [77.1493, 46.51289999586157], [76.7652, 46.54319999587183], [76.2074, 46.6347999959028], [76.0348, 46.658399995910784], [75.6101, 46.69629999592353], [75.3842, 46.66869999591428], [74.9803, 46.54799999587345], [74.756, 46.52919999586708], [74.1611, 46.13599999573159], [74.0, 45.99999999568383], [73.6167, 46.000999995684204], [73.0, 45.99999999568383], [72.0, 45.99999999568383], [71.4528, 46.0010999956842], [71.2789, 46.000899995684165], [71.0, 45.99999999568383], [70.0, 45.99999999568383], [69.0368, 45.99999999568383], [67.1725, 45.99819999568319], [67.1589, 46.094899995717206], [67.1143, 46.108999995722144], [67.0429, 46.10419999572044], [66.7216, 46.08969999571535], [65.4519, 46.3416999958029], [65.2733, 46.40949999582623], [65.0959, 46.55209999587483], [64.8932, 46.56569999587944], [64.4146, 46.74649999594035], [64.3151, 46.7473999959406], [63.8314, 46.87849999598429], [63.7881, 46.909599995994576], [63.699, 46.86879999598103], [63.4096, 46.97799999601711], [63.281, 46.97069999601469], [63.1306, 47.03989999603738], [63.017, 47.11379999606157], [62.6121, 47.05849999604353], [62.88, 47.206899996091686], [62.8067, 47.190999996086575], [62.7635, 47.23219999609991], [62.4828, 47.262299996109604], [62.5208, 47.325699996129934], [62.2104, 47.54549999619976], [62.0494, 47.748699996263255], [62.0125, 47.77209999627052], [61.944, 47.845299996293065], [61.3331, 47.826699996287324], [60.9112, 47.10609999605903], [60.4771, 47.1288999960664], [60.4475, 46.91429999599607], [60.1235, 46.8932999959892], [59.7137, 46.63279999590211], [59.6295, 46.54209999587146], [59.5134, 46.45649999584228], [59.2916, 46.22679999576317], [59.0147, 45.98869999567987], [59.0206, 45.899299995648235], [59.0282, 45.41039999547171], [58.8115, 45.50039999550458], [58.5909, 45.589499995537025], [58.5896, 45.59009999553723], [58.2574, 45.51669999551053], [57.9995, 45.45899999548949], [57.6905, 45.39139999546472], [57.4292, 45.33329999544332], [57.3118, 45.30779999543392], [56.999, 45.23669999540756], [56.6936, 45.16579999538118], [56.5673, 45.88349999564259], [56.4848, 46.057399995704024], [56.4024, 46.171899995744134], [56.4251, 46.21239999575821], [56.3086, 46.32019999579551], [56.299, 46.456799995842424], [55.7054, 46.5852999958861], [55.5053, 46.64659999590678], [55.2059, 46.85969999597799], [55.1435, 47.02729999603324], [54.9942, 47.16009999607655], [55.07, 47.57379999620868], [55.111, 47.72809999625688], [55.0446, 47.80939999628203], [55.021, 47.997099996339514], [54.8622, 48.11639999637554], [54.8977, 48.20699999640273], [54.8463, 48.3651999964497], [54.8046, 48.4106999964631], [54.8373, 48.56769999650894], [54.8681, 48.582799996513295], [54.8557, 48.742699996559324], [54.6767, 48.75559999656302], [54.6738, 48.798099996575104], [54.5981, 48.83459999658552], [54.5648, 48.79969999657554], [54.5018, 48.81069999657875], [54.5114, 48.74939999656121], [54.4818, 48.66459999653693], [54.3722, 48.67439999653977], [54.314, 48.694099996545425], [54.0765, 48.71369999655102], [54.1122, 48.78149999657039], [54.0689, 48.84339999658796], [54.0945, 48.900899996604245], [54.0242, 49.13059999666837], [53.9679, 49.13669999667008], [53.9289, 49.063399996649785], [53.8684, 49.087399996656465], [53.8809, 49.11169999666319], [53.7579, 49.146899996672936], [53.6801, 49.19529999668622], [53.6704, 49.28799999671165], [53.7327, 49.434899996751426], [53.6952, 49.4828999967643], [53.7569, 49.464699996759485], [53.7997, 49.531499996777356], [53.8747, 49.57609999678922], [53.9683, 49.57419999678871], [53.9869, 49.62129999680121], [54.1114, 49.621599996801294], [54.1915, 49.61249999679892], [54.2941, 49.65039999680896], [54.2634, 49.67649999681576], [54.3332, 49.7326999968306], [54.358, 49.768399996839946], [54.4647, 49.76869999684004], [54.4053, 49.81379999685177], [54.5009, 49.9201999968794], [54.49, 49.94869999688668], [54.5359, 50.00659999690154], [54.5174, 50.05669999691432], [54.4482, 50.075399996919096], [54.4441, 50.10459999692653], [54.3953, 50.11129999692818], [54.446, 50.21509999695436], [54.3994, 50.30309999697636], [54.3625, 50.317599996980036], [54.4586, 50.401399997000745], [54.4969, 50.46809999701715], [54.5612, 50.5140999970284], [54.5432, 50.527699997031746], [54.5395, 50.52959999703222], [54.547, 50.530799997032496], [54.5507, 50.53139999703267], [54.5914, 50.54239999703531]]]}}
]
}
