c,z,attribute,y,value
Benin,Benin,CapexInvestmentComponent,2026,42680000.0
Benin,Benin,CapexInvestmentComponent,2027,79205906.7525
Benin,Benin,CapexInvestmentComponent,2028,183330000.0
Benin,Benin,CapexInvestmentComponent,2029,119310000.0
Benin,Benin,CapexInvestmentComponent,2030,1928900000.0
Benin,Benin,CapexInvestmentComponent,2031,296664605.68037766
Benin,Benin,CapexInvestmentComponent,2032,187152207.23542973
Benin,Benin,CapexInvestmentComponent,2033,233768243.43724045
Benin,Benin,CapexInvestmentComponent,2034,368208974.3259515
Benin,Benin,CapexInvestmentComponent,2035,169750000.0
Benin,Benin,CapexInvestmentComponent,2040,1047984409.6798278
Benin,Benin,CapexInvestmentComponent,2045,999079821.4033948
Benin,Benin,CapexInvestmentComponent,2050,1801532384.8355248
Benin,Benin,CapexInvestmentComponentCumulated,2026,42680000.0
Benin,Benin,CapexInvestmentComponentCumulated,2027,121885906.7525
Benin,Benin,CapexInvestmentComponentCumulated,2028,303252000.0
Benin,Benin,CapexInvestmentComponentCumulated,2029,422562000.0
Benin,Benin,CapexInvestmentComponentCumulated,2030,2351462000.0
Benin,Benin,CapexInvestmentComponentCumulated,2031,2650090512.4328775
Benin,Benin,CapexInvestmentComponentCumulated,2032,2837242719.6683073
Benin,Benin,CapexInvestmentComponentCumulated,2033,3071010963.105548
Benin,Benin,CapexInvestmentComponentCumulated,2034,3439219937.4314995
Benin,Benin,CapexInvestmentComponentCumulated,2035,3248712000.0
Benin,Benin,CapexInvestmentComponentCumulated,2040,4656954347.111327
Benin,Benin,CapexInvestmentComponentCumulated,2045,5656034168.514722
Benin,Benin,CapexInvestmentComponentCumulated,2050,7457566553.350246
Benin,Benin,Costs,2026,000-5016.3752384700166.411110.17101599999994005936.339414476170004.677076503867283e-150751.9171841999984001398.83942199384700007.650764999999996
Benin,Benin,Costs,2027,000-4316.4495935344078.5903693123.18066719999999005936.74871484384950001.5074874681886285e-140870.405084360001300261.9079286905590600008.276228999999997
Benin,Benin,Costs,2028,000-4399.68365640351512.4153693123.18066719999993005882.235247086117000-6.478330760728568e-140870.405084360000700143.5514493173999700008.276228999999994
Benin,Benin,Costs,2029,000-3420.562112896377614.9653693123.18066719999997004928.2898660923940001.2021246220683679e-140870.405084360000600103.7815208039859100008.276228999999994
Benin,Benin,Costs,2030,000-1677.14775424234844.93336929999999590.4480511999999700647.875916198339000-113.204242489892520823.772192214998300000005.161806839999997
Benin,Benin,Costs,2031,000-1442.314003651517450.61022373879145490.4480511999999200502.0017964133499000-171.790243109247170823.77221248524900000005.161806839999999
Benin,Benin,Costs,2032,000-1330.354638449948755.0980328119233789.8816289365247200425.77080234243726000-166.440095750958680818.613433063539600000005.134575000409833
Benin,Benin,Costs,2033,000-1139.014909294728861.6108737744783267.2636315031046900504.1583125032338000-58.0873747427030760612.615692094025700000004.047171277649262
Benin,Benin,Costs,2034,000-1196.77689162987967.8501735702184465.6343458865794700520.4434478505755000-110.414381097209360597.776680287615600000003.9688402383932417
Benin,Benin,Costs,2035,000-1177.819508658118672.1001735702184465.6850386987846100517.1564576778588000-232.95639187290840598.238395093641800000003.97127739282618
Benin,Benin,Costs,2040,000-1315.2636169510079101.7442351507241242.88639250042858500632.2663312737483000-23.9460738540779160390.595441838326900000002.875188633289836
Benin,Benin,Costs,2045,000-1347.4396895481736132.0031257491375517.92781274410427600714.2463162187034000-21.3457592728957230163.280478331976600000001.6752569142357823
Benin,Benin,Costs,2050,000-915.9484259839816178.08507933501333.02505832573806940083.71466921276794000-107.08494359783526027.55087790364519400000001.3381082136297127
Benin,Benin,CostsPerMWh,2026,000-2186.33362940495272.794165952862446348.016861940331246002587.29020068081450002.0384538958101518e-150327.715082742760200609.66923825565300003.3345043014118922
Benin,Benin,CostsPerMWh,2027,000-1758.29740060741733.49927033390419350.177406743559345002418.3231165273560006.140721070239446e-150354.5578291005869600106.687688628376900003.371305889759309
Benin,Benin,CostsPerMWh,2028,000-1676.67221733987734.73136397955045846.94283010712151002241.6567155441226000-2.4688223175870295e-140331.702035134668450054.7059165217589900003.153982038787269
Benin,Benin,CostsPerMWh,2029,000-1215.1639468720355.31648794109662543.760265357770784001750.78831120518450004.2705802501792024e-150309.21376159218030036.8686661052233200002.940152748268908
Benin,Benin,CostsPerMWh,2030,000-550.044835754667814.73654761424851929.6637450938892200212.4802665795575000-37.12696678606820270.1679914724357400000001.6928891257930583
Benin,Benin,CostsPerMWh,2031,000-446.960327075443415.6836597983396428.0290494617259900155.56590766595858000-53.236273830861990255.27970788324200000001.5995981926721226
Benin,Benin,CostsPerMWh,2032,000-389.7398263573784316.1414837217933726.3316633339625100124.73353628948638000-48.760181790672650239.8204569179653700000001.5042217400093298
Benin,Benin,CostsPerMWh,2033,000-318.315327959946417.218111309504618.79786186025022200140.89483577310597000-16.2334150243957680171.204927478135700000001.131044591288707
Benin,Benin,CostsPerMWh,2034,000-320.1017294673667418.1478753946436117.55520830799178400139.20292822502995000-29.532517376025880159.8872359030345600000001.0615450826086412
Benin,Benin,CostsPerMWh,2035,000-301.395000455005818.4498827589972116.8082988293019600132.33638061803475000-59.6117582689079840153.084628023245700000001.0162194995236977
Benin,Benin,CostsPerMWh,2040,000-277.4436161096880421.462076616981959.04651787206056400133.37117748276373000-5.051219570040384082.3927693452067400000000.60649646286621
Benin,Benin,CostsPerMWh,2045,000-239.0909648747905323.4227586931424163.181127942371784600126.73653761843505000-3.7876115867219173028.9726415307687900000000.29725916131512126
Benin,Benin,CostsPerMWh,2050,000-139.1281037182865227.0502559811531530.45949162262604580012.71585042407149000-16.26568125114834404.18484413507276600000000.20325211884301173
Benin,Benin,DemandEnergyZone,2026,2294.423491000002
Benin,Benin,DemandEnergyZone,2027,2454.903017
Benin,Benin,DemandEnergyZone,2028,2624.0571120000004
Benin,Benin,DemandEnergyZone,2029,2814.8976290000032
Benin,Benin,DemandEnergyZone,2030,3049.110991000001
Benin,Benin,DemandEnergyZone,2031,3226.9396549999974
Benin,Benin,DemandEnergyZone,2032,3413.442888000001
Benin,Benin,DemandEnergyZone,2033,3578.2596980000003
Benin,Benin,DemandEnergyZone,2034,3738.739223999995
Benin,Benin,DemandEnergyZone,2035,3907.893318999998
Benin,Benin,DemandEnergyZone,2040,4740.651940000001
Benin,Benin,DemandEnergyZone,2045,5635.677994999995
Benin,Benin,DemandEnergyZone,2050,6583.489614999996
Benin,Benin,DemandPeakZone,2026,488.0499523898065
Benin,Benin,DemandPeakZone,2027,522.185771401198
Benin,Benin,DemandPeakZone,2028,558.1667698244503
Benin,Benin,DemandPeakZone,2029,598.7607166693167
Benin,Benin,DemandPeakZone,2030,648.5805605734878
Benin,Benin,DemandPeakZone,2031,686.406738408602
Benin,Benin,DemandPeakZone,2032,726.0780956608638
Benin,Benin,DemandPeakZone,2033,761.136504264859
Benin,Benin,DemandPeakZone,2034,795.2723232815373
Benin,Benin,DemandPeakZone,2035,831.2533217047896
Benin,Benin,DemandPeakZone,2040,1008.3905446005097
Benin,Benin,DemandPeakZone,2045,1198.772758357425
Benin,Benin,DemandPeakZone,2050,1400.383061717063
Benin,Benin,EmissionsIntensityZone,2026,6.624694395708508e-07
Benin,Benin,EmissionsIntensityZone,2027,5.749804310014933e-07
Benin,Benin,EmissionsIntensityZone,2028,4.806197662806559e-07
Benin,Benin,EmissionsIntensityZone,2029,4.332220692234338e-07
Benin,Benin,EmissionsIntensityZone,2030,1.7130760214783917e-07
Benin,Benin,EmissionsIntensityZone,2031,1.544537807205423e-07
Benin,Benin,EmissionsIntensityZone,2032,1.465114005985125e-07
Benin,Benin,EmissionsIntensityZone,2033,1.1450759307425e-07
Benin,Benin,EmissionsIntensityZone,2034,1.020457654639357e-07
Benin,Benin,EmissionsIntensityZone,2035,9.688135358175549e-08
Benin,Benin,EmissionsIntensityZone,2040,4.902375461389867e-08
Benin,Benin,EmissionsIntensityZone,2045,1.6543792398128943e-08
Benin,Benin,EmissionsIntensityZone,2050,2.186440841702381e-09
Benin,Benin,EmissionsZone,2026,0.7519171841999983
Benin,Benin,EmissionsZone,2027,0.8704050843600013
Benin,Benin,EmissionsZone,2028,0.8704050843600006
Benin,Benin,EmissionsZone,2029,0.8704050843600005
Benin,Benin,EmissionsZone,2030,0.8237730201599984
Benin,Benin,EmissionsZone,2031,0.823773020159999
Benin,Benin,EmissionsZone,2032,0.8186142204680396
Benin,Benin,EmissionsZone,2033,0.6126164592282758
Benin,Benin,EmissionsZone,2034,0.5977774271516156
Benin,Benin,EmissionsZone,2035,0.5982391216873917
Benin,Benin,EmissionsZone,2040,0.3905960670808269
Benin,Benin,EmissionsZone,2045,0.1632810022232266
Benin,Benin,EmissionsZone,2050,0.0275513004436451
Benin,Benin,GenCostsPerMWh,2026,113.59673143680331
Benin,Benin,GenCostsPerMWh,2027,101.2975876406658
Benin,Benin,GenCostsPerMWh,2028,97.93804622656396
Benin,Benin,GenCostsPerMWh,2029,96.09097154736173
Benin,Benin,GenCostsPerMWh,2030,79.98260095287452
Benin,Benin,GenCostsPerMWh,2031,79.45292512656452
Benin,Benin,GenCostsPerMWh,2032,80.2330398415005
Benin,Benin,GenCostsPerMWh,2033,85.46706605628344
Benin,Benin,GenCostsPerMWh,2034,85.99578558522003
Benin,Benin,GenCostsPerMWh,2035,85.30602490631313
Benin,Benin,GenCostsPerMWh,2040,81.6195284913727
Benin,Benin,GenCostsPerMWh,2045,77.72945232695763
Benin,Benin,GenCostsPerMWh,2050,78.72791067441578
Burkina,Burkina,CapexInvestmentComponent,2026,193849234.7295
Burkina,Burkina,CapexInvestmentComponent,2028,163328469.45075
Burkina,Burkina,CapexInvestmentComponent,2029,596193553.2494668
Burkina,Burkina,CapexInvestmentComponent,2030,1264641738.6504683
Burkina,Burkina,CapexInvestmentComponent,2031,610671723.7341071
Burkina,Burkina,CapexInvestmentComponent,2032,517178073.65821314
Burkina,Burkina,CapexInvestmentComponent,2033,560107842.1623266
Burkina,Burkina,CapexInvestmentComponent,2034,643242276.0289121
Burkina,Burkina,CapexInvestmentComponent,2035,500192645.9489994
Burkina,Burkina,CapexInvestmentComponent,2040,2310667480.135227
Burkina,Burkina,CapexInvestmentComponent,2045,2051814900.2703233
Burkina,Burkina,CapexInvestmentComponent,2050,1401983557.6579182
Burkina,Burkina,CapexInvestmentComponentCumulated,2026,193849234.7295
Burkina,Burkina,CapexInvestmentComponentCumulated,2028,357177704.18025
Burkina,Burkina,CapexInvestmentComponentCumulated,2029,953371257.4297168
Burkina,Burkina,CapexInvestmentComponentCumulated,2030,2218012996.080185
Burkina,Burkina,CapexInvestmentComponentCumulated,2031,2828684719.814292
Burkina,Burkina,CapexInvestmentComponentCumulated,2032,3345862793.472505
Burkina,Burkina,CapexInvestmentComponentCumulated,2033,3905970635.634832
Burkina,Burkina,CapexInvestmentComponentCumulated,2034,4549212911.663744
Burkina,Burkina,CapexInvestmentComponentCumulated,2035,5049405557.612743
Burkina,Burkina,CapexInvestmentComponentCumulated,2040,7360073037.747971
Burkina,Burkina,CapexInvestmentComponentCumulated,2045,9411887938.018295
Burkina,Burkina,CapexInvestmentComponentCumulated,2050,10813871495.676212
Burkina,Burkina,Costs,2026,000-192.5248555986971725.0471158129.2142679689167001914.699800662552000-148.532064869999770691.85938994476100000007.421513336545475
Burkina,Burkina,Costs,2027,000-1261.107104893655625.0471158421.304870406993001245.7379489804223000-249.5810988770521402430.71714145828630.1676510942947925800000025.02963971846535
Burkina,Burkina,Costs,2028,000-826.300184618871528.7314395349.1552430394391001314.6806335967474000-248.1620396248074802025.55855091902372.151059324142390800000020.99035790225375
Burkina,Burkina,Costs,2029,000-186.9665733684979637.422259935194866110.48709317669541001870.5927462071393000-235.37751645158310620.894418285727200000006.529530497263809
Burkina,Burkina,Costs,2030,000-157.4971959208495248.5497466372533547.145537150454764001828.5694174949488000-325.555426513197230246.6992529035292700000002.7958374614924963
Burkina,Burkina,Costs,2031,000-189.0846372503651860.23361014619640535.77768640021254001613.0269777073863000-313.82996733702680186.5031783511696800000002.14840458401498
Burkina,Burkina,Costs,2032,000-237.0522885985705872.8111747104597532.64836656178519001553.3088093827157000-316.839772677101730171.4280659641876200000001.9794391391614556
Burkina,Burkina,Costs,2033,000-245.9136254925665285.1685857694316430.33914962258423001424.692115086385000-292.04575021778130160.9219893152436800000001.8585822920484047
Burkina,Burkina,Costs,2034,000-279.784169055950397.3828522021817427.08775079496971001418.743410060792000-298.810563489476640147.709229179849700000001.698195499369063
Burkina,Burkina,Costs,2035,000-267.59799176835645108.78460253116531.76586370151464001327.5967130357344000-295.76782969709880170.6319786970700200000001.9531798511066119
Burkina,Burkina,Costs,2040,000-381.55969090409275167.551062603709030.0002061252040816326500581.5054626177614000-127.715426590268110000000000.12902741462202483
Burkina,Burkina,Costs,2045,000-294.43303727744046221.189255534016330.000209926071428571400362.2370368220636000-268.450830626018440000000000.12456037219139324
Burkina,Burkina,Costs,2050,000-108.19011289098032275.529568593886840.000213726938775510200238.29967249157897000-352.44157670044320000000000.12456057936076163
Burkina,Burkina,CostsPerMWh,2026,000-54.2577564682940557.05883043040576936.4154345779642400539.6046924496065000-41.859616403233060194.981256696391800000002.0915463719646894
Burkina,Burkina,CostsPerMWh,2027,000-328.15263325803226.517509078645596109.6277247919771700324.1534257646242000-64.943488534896760632.49681774034240.043624485063912210000006.512961628113937
Burkina,Burkina,CostsPerMWh,2028,000-198.565898625918866.90437229632857283.9045251164450900315.9272456615018000-59.635129363633660486.75634033431410.51691508200861240000005.044134513007686
Burkina,Burkina,CostsPerMWh,2029,000-41.518545128895438.31013672632473724.53520584760319400415.3913073975779000-52.268872788620910137.878298037090100000001.4499736596596555
Burkina,Burkina,CostsPerMWh,2030,000-32.271117604577329.9478252564611389.66010324830098300374.6732021169983000-66.7061873348878050.5485863215755200000000.5728660691105248
Burkina,Burkina,CostsPerMWh,2031,000-35.8030274831072311.4051867503946116.77447680623946400305.42539073326753000-59.423457711758196035.314230269021400000000.40679871979484855
Burkina,Burkina,CostsPerMWh,2032,000-41.59002633043629512.7744755862115675.728046048312100272.5228035698253000-55.58847191931127030.07647730117432500000000.3472859359591836
Burkina,Burkina,CostsPerMWh,2033,000-39.962588478897513.8404577526606624.93031221323554300231.52187923823803000-47.459363463847076026.15088620376188200000000.30203189897479527
Burkina,Burkina,CostsPerMWh,2034,000-42.11829072898553514.6598690515941784.07774952752488200213.57551292626266000-44.98249571592087022.23592663924868500000000.2556438128662584
Burkina,Burkina,CostsPerMWh,2035,000-37.33539855598779415.177679269624624.43198834914230700185.22692220244733000-41.265667686099945023.80665448553360600000000.27250857792578315
Burkina,Burkina,CostsPerMWh,2040,000-45.9108033831929920.1604207027662062.48018172320279e-050069.9690863498662000-15.3672360549748070000000000.015525099754948883
Burkina,Burkina,CostsPerMWh,2045,000-29.8010003609563522.387640819659952.1247639151723485e-050036.66377307691209000-27.1712148010299970000000000.012607361357817922
Burkina,Burkina,CostsPerMWh,2050,000-9.37393405215823.872754509658751.8517978914303082e-050020.6470383928506000-30.5366544959393560000000000.01079232311739011
Burkina,Burkina,DemandEnergyZone,2026,3548.3379360000004
Burkina,Burkina,DemandEnergyZone,2027,3843.050389000002
Burkina,Burkina,DemandEnergyZone,2028,4161.339839
Burkina,Burkina,DemandEnergyZone,2029,4503.206284999998
Burkina,Burkina,DemandEnergyZone,2030,4880.438224999999
Burkina,Burkina,DemandEnergyZone,2031,5281.247161000004
Burkina,Burkina,DemandEnergyZone,2032,5699.738844000001
Burkina,Burkina,DemandEnergyZone,2033,6153.596021999996
Burkina,Burkina,DemandEnergyZone,2034,6642.818695000001
Burkina,Burkina,DemandEnergyZone,2035,7167.406861000001
Burkina,Burkina,DemandEnergyZone,2040,8310.891179999999
Burkina,Burkina,DemandEnergyZone,2045,9879.971602
Burkina,Burkina,DemandEnergyZone,2050,11541.591
Burkina,Burkina,DemandPeakZone,2026,743.2207186729868
Burkina,Burkina,DemandPeakZone,2027,804.9500142116207
Burkina,Burkina,DemandPeakZone,2028,871.6176535602907
Burkina,Burkina,DemandPeakZone,2029,943.2236364952124
Burkina,Burkina,DemandPeakZone,2030,1022.2371348173376
Burkina,Burkina,DemandPeakZone,2031,1106.1889767335415
Burkina,Burkina,DemandPeakZone,2032,1193.8445763237794
Burkina,Burkina,DemandPeakZone,2033,1288.9076915484882
Burkina,Burkina,DemandPeakZone,2034,1391.3783223920138
Burkina,Burkina,DemandPeakZone,2035,1501.256468328515
Burkina,Burkina,DemandPeakZone,2040,1740.7661353118024
Burkina,Burkina,DemandPeakZone,2045,2069.4194654233165
Burkina,Burkina,DemandPeakZone,2050,2417.455640433436
Burkina,Burkina,EmissionsIntensityZone,2026,4.478210643471452e-07
Burkina,Burkina,EmissionsIntensityZone,2027,6.244728330684649e-07
Burkina,Burkina,EmissionsIntensityZone,2028,5.575693337744548e-07
Burkina,Burkina,EmissionsIntensityZone,2029,2.217742074781028e-07
Burkina,Burkina,EmissionsIntensityZone,2030,6.392783798708037e-08
Burkina,Burkina,EmissionsIntensityZone,2031,3.799446534020285e-08
Burkina,Burkina,EmissionsIntensityZone,2032,2.851213957537991e-08
Burkina,Burkina,EmissionsIntensityZone,2033,2.2596193475306865e-08
Burkina,Burkina,EmissionsIntensityZone,2034,1.7816551212719307e-08
Burkina,Burkina,EmissionsIntensityZone,2035,1.791007373992216e-08
Burkina,Burkina,EmissionsIntensityZone,2040,6.956908123035827e-14
Burkina,Burkina,EmissionsIntensityZone,2045,5.355381833416673e-14
Burkina,Burkina,EmissionsIntensityZone,2050,4.426491202243402e-14
Burkina,Burkina,EmissionsZone,2026,0.691859389944761
Burkina,Burkina,EmissionsZone,2027,2.4307171414582864
Burkina,Burkina,EmissionsZone,2028,2.025558550919024
Burkina,Burkina,EmissionsZone,2029,0.6208944182857271
Burkina,Burkina,EmissionsZone,2030,0.2467002256685293
Burkina,Burkina,EmissionsZone,2031,0.1865041548410196
Burkina,Burkina,EmissionsZone,2032,0.1714290461788876
Burkina,Burkina,EmissionsZone,2033,0.1609229732547936
Burkina,Burkina,EmissionsZone,2034,0.1477102168442496
Burkina,Burkina,EmissionsZone,2035,0.17063297008632
Burkina,Burkina,EmissionsZone,2040,1.0100135e-06
Burkina,Burkina,EmissionsZone,2045,1.02863775e-06
Burkina,Burkina,EmissionsZone,2050,1.047262e-06
Burkina,Burkina,GenCostsPerMWh,2026,118.32573130207098
Burkina,Burkina,GenCostsPerMWh,2027,126.52906543384546
Burkina,Burkina,GenCostsPerMWh,2028,120.59888695281377
Burkina,Burkina,GenCostsPerMWh,2029,93.15628149730699
Burkina,Burkina,GenCostsPerMWh,2030,88.87169029292615
Burkina,Burkina,GenCostsPerMWh,2031,83.85060538181833
Burkina,Burkina,GenCostsPerMWh,2032,79.65717365130152
Burkina,Burkina,GenCostsPerMWh,2033,77.51517646318953
Burkina,Burkina,GenCostsPerMWh,2034,76.45388494587954
Burkina,Burkina,GenCostsPerMWh,2035,74.15203501145974
Burkina,Burkina,GenCostsPerMWh,2040,68.35858317851998
Burkina,Burkina,GenCostsPerMWh,2045,66.53063423405554
Burkina,Burkina,GenCostsPerMWh,2050,62.93388130378556
Gambia,Gambia,CapexInvestmentComponent,2026,137854790.999
Gambia,Gambia,CapexInvestmentComponent,2027,4177765.2735
Gambia,Gambia,CapexInvestmentComponent,2028,45.48177553927554
Gambia,Gambia,CapexInvestmentComponent,2029,7120301.095285134
Gambia,Gambia,CapexInvestmentComponent,2030,365105280.23086464
Gambia,Gambia,CapexInvestmentComponent,2031,519067536.4523696
Gambia,Gambia,CapexInvestmentComponent,2032,263873902.3494693
Gambia,Gambia,CapexInvestmentComponent,2033,99777371.5572069
Gambia,Gambia,CapexInvestmentComponent,2040,2458765.446707212
Gambia,Gambia,CapexInvestmentComponent,2045,140614066.82240313
Gambia,Gambia,CapexInvestmentComponent,2050,510483367.44004977
Gambia,Gambia,CapexInvestmentComponentCumulated,2026,137854790.999
Gambia,Gambia,CapexInvestmentComponentCumulated,2027,13992556.2725
Gambia,Gambia,CapexInvestmentComponentCumulated,2028,128040045.48177554
Gambia,Gambia,CapexInvestmentComponentCumulated,2029,21112857.367785133
Gambia,Gambia,CapexInvestmentComponentCumulated,2030,514258183.08042526
Gambia,Gambia,CapexInvestmentComponentCumulated,2031,1033325719.5327948
Gambia,Gambia,CapexInvestmentComponentCumulated,2032,1297199621.8822641
Gambia,Gambia,CapexInvestmentComponentCumulated,2033,1396976993.439471
Gambia,Gambia,CapexInvestmentComponentCumulated,2040,258969088.5000636
Gambia,Gambia,CapexInvestmentComponentCumulated,2045,1540049825.7085814
Gambia,Gambia,CapexInvestmentComponentCumulated,2050,2050533193.148631
Gambia,Gambia,Costs,2026,000-188.07844412342124.55968631999999934.33797360000000500260.7584441301956400000234.3566698199995200199.3657477175716500002.3845815000000004
Gambia,Gambia,Costs,2027,000-36.277928471026864.62211868999999926.07343951210644300298.5529541643245000-1.45121999999999880177.951224670126550010.07603656959133600001.810655521674059
Gambia,Gambia,Costs,2028,000-3.5613505304774854.6221201571540497.48239480584974400406.8730644606311000-1.7916239999999997051.067344549924480.202174462240163140000000.5196107504062321
Gambia,Gambia,Costs,2029,000-92.8137258773884.7265358576473946.72369723851760300412.5150946033362000-1.8759839999999999045.889233652882610.50855309129332390163.4304577114844200000.4669234193415001
Gambia,Gambia,Costs,2030,000-108.2510131536021614.4639869420839130.34418210436629100120.27796740898663000-2.012131037257298702.34901855099993600000000.02390153502543687
Gambia,Gambia,Costs,2031,000-287.505938054403427.260307817719083.417155897435898e-060039.78351736330351000-6.9739771013683410000000002.3730249287749294e-07
Gambia,Gambia,Costs,2032,000-181.6834440114818735.229954278489913.2722165567765557e-060022.83662899220932000-80.905695245328050000000002.272372608872608e-07
Gambia,Gambia,Costs,2033,000-160.6158562902985839.142302399137893.1272772161172146e-060021.28133756499189000-75.159665796498560000000002.1717202889702896e-07
Gambia,Gambia,Costs,2034,000-103.9346189587271439.14230239913792.9823378754578743e-060024.21374553121224000-54.2055034733066140000000002.0710679690679698e-07
Gambia,Gambia,Costs,2035,000-134.0368179414264539.1406701803143662.837398534798534e-060027.714262912291893000-57.561022253160670000000001.97041564916565e-07
Gambia,Gambia,Costs,2040,000-44.4928563808614539.4202224466242.1127018315018315e-060029.30252845475385000-29.743757228184580000000001.4671540496540496e-07
Gambia,Gambia,Costs,2045,000-50.9235677302598142.208563367044871.388005128205128e-060053.719808074514454000-63.887975114240150000000009.638924501424498e-08
Gambia,Gambia,Costs,2050,000-63.5767324634913860.7794834101758646.633084249084249e-070027.749286097813215000-120.100835309512060000000004.6063085063085066e-08
Gambia,Gambia,CostsPerMWh,2026,000-252.254921782793646.11555099451421246.0548410266701800349.734927013224200000314.3242900070233600267.393700171520800003.198252849074319
Gambia,Gambia,CostsPerMWh,2027,000-46.0407965701454245.86599167312745533.0901453047301200378.89748415688797000-1.84176240525662950225.840241704783180012.78763064722393100002.297926757272925
Gambia,Gambia,CostsPerMWh,2028,000-4.2891569993132525.566708150198899.01151565353851500490.02265778914193000-2.1577647451365323061.503594335400340.243491339136314960000000.6257996981623967
Gambia,Gambia,CostsPerMWh,2029,000-105.841297381522285.3899644967874757.66745254754004200470.41676637308194000-2.1393019033551326052.330363636960750.57993490144955640186.3699739701293700000.5324619824680583
Gambia,Gambia,CostsPerMWh,2030,000-117.2165052823562515.6619134769206030.372687721613267500130.23954780119684000-2.17877839187332202.543567375216520400000000.025881091778699128
Gambia,Gambia,CostsPerMWh,2031,000-297.663281244782928.223391585149183.5378811437392217e-060041.189035600297395000-7.2203618518879720000000002.4568619053744597e-07
Gambia,Gambia,CostsPerMWh,2032,000-180.1987150788585834.942052798545683.245475790043027e-060022.650006573348882000-80.244528636568970000000002.2538026319743242e-07
Gambia,Gambia,CostsPerMWh,2033,000-152.8797730170599637.257008394797992.9766515087856905e-060020.256319217668093000-71.539590874757350000000002.0671191033233978e-07
Gambia,Gambia,CostsPerMWh,2034,000-94.7269942693135635.6746644399905862.718130933349935e-060022.068636582817458000-49.403408299598350000000001.8875909259374563e-07
Gambia,Gambia,CostsPerMWh,2035,000-116.7530168008761334.0935527517280762.4715212125438572e-060024.14055968440486000-50.138634305207620000000001.7163341753776797e-07
Gambia,Gambia,CostsPerMWh,2040,000-31.53982992548607527.9439715209239031.4976394385300321e-060020.77180111653148000-21.0845767305112160000000001.040027387868078e-07
Gambia,Gambia,CostsPerMWh,2045,000-30.36545421191644325.1687431851160968.276601197636273e-070032.032837545871715000-38.096061794011670000000005.747639720580744e-08
Gambia,Gambia,CostsPerMWh,2050,000-32.45257622478566631.024727787079943.3858404459909e-070014.16455025885133000-61.305156171411240000000002.351278087493681e-08
Gambia,Gambia,DemandEnergyZone,2026,745.5887988000004
Gambia,Gambia,DemandEnergyZone,2027,787.9517986999996
Gambia,Gambia,DemandEnergyZone,2028,830.3147987000015
Gambia,Gambia,DemandEnergyZone,2029,876.9140984999998
Gambia,Gambia,DemandEnergyZone,2030,923.513398500001
Gambia,Gambia,DemandEnergyZone,2031,965.8763984999996
Gambia,Gambia,DemandEnergyZone,2032,1008.239398
Gambia,Gambia,DemandEnergyZone,2033,1050.6023989999994
Gambia,Gambia,DemandEnergyZone,2034,1097.2016980000003
Gambia,Gambia,DemandEnergyZone,2035,1148.0372980000002
Gambia,Gambia,DemandEnergyZone,2040,1410.687898
Gambia,Gambia,DemandEnergyZone,2045,1677.023086
Gambia,Gambia,DemandEnergyZone,2050,1959.0658080000017
Gambia,Gambia,DemandPeakZone,2026,173.133263140223
Gambia,Gambia,DemandPeakZone,2027,182.9703803588317
Gambia,Gambia,DemandPeakZone,2028,192.80749759791823
Gambia,Gambia,DemandPeakZone,2029,203.62832651414328
Gambia,Gambia,DemandPeakZone,2030,214.4491554777845
Gambia,Gambia,DemandPeakZone,2031,224.2862727168708
Gambia,Gambia,DemandPeakZone,2032,234.12338984064783
Gambia,Gambia,DemandPeakZone,2033,243.9605073200441
Gambia,Gambia,DemandPeakZone,2034,254.78133604660576
Gambia,Gambia,DemandPeakZone,2035,266.5858767348014
Gambia,Gambia,DemandPeakZone,2040,327.57600362165965
Gambia,Gambia,DemandPeakZone,2045,389.4217291266617
Gambia,Gambia,DemandPeakZone,2050,454.91490294936
Gambia,Gambia,EmissionsIntensityZone,2026,4.01836087496246e-07
Gambia,Gambia,EmissionsIntensityZone,2027,3.4933410995262137e-07
Gambia,Gambia,EmissionsIntensityZone,2028,1.4962045045492753e-07
Gambia,Gambia,EmissionsIntensityZone,2029,1.353422112032586e-07
Gambia,Gambia,EmissionsIntensityZone,2030,2.290997727649924e-09
Gambia,Gambia,EmissionsIntensityZone,2031,1.143207203597422e-14
Gambia,Gambia,EmissionsIntensityZone,2032,9.006906633475026e-15
Gambia,Gambia,EmissionsIntensityZone,2033,8.355379998481502e-15
Gambia,Gambia,EmissionsIntensityZone,2034,7.819985794469222e-15
Gambia,Gambia,EmissionsIntensityZone,2035,7.374785089703706e-15
Gambia,Gambia,EmissionsIntensityZone,2040,5.446073671307902e-15
Gambia,Gambia,EmissionsIntensityZone,2045,3.152245186216279e-15
Gambia,Gambia,EmissionsIntensityZone,2050,1.1086333975245784e-15
Gambia,Gambia,EmissionsZone,2026,0.2343566698199995
Gambia,Gambia,EmissionsZone,2027,0.1779512246701265
Gambia,Gambia,EmissionsZone,2028,0.0510673445499244
Gambia,Gambia,EmissionsZone,2029,0.0458892336528826
Gambia,Gambia,EmissionsZone,2030,0.0023490428622999
Gambia,Gambia,EmissionsZone,2031,2.3322089e-08
Gambia,Gambia,EmissionsZone,2032,2.2332878e-08
Gambia,Gambia,EmissionsZone,2033,2.1343667e-08
Gambia,Gambia,EmissionsZone,2034,2.0354456e-08
Gambia,Gambia,EmissionsZone,2035,1.9365245e-08
Gambia,Gambia,EmissionsZone,2040,1.441919e-08
Gambia,Gambia,EmissionsZone,2045,9.473135e-09
Gambia,Gambia,EmissionsZone,2050,4.52708e-09
Gambia,Gambia,GenCostsPerMWh,2026,96.94716803514706
Gambia,Gambia,GenCostsPerMWh,2027,94.7302272212481
Gambia,Gambia,GenCostsPerMWh,2028,83.13086342950419
Gambia,Gambia,GenCostsPerMWh,2029,84.06454700437884
Gambia,Gambia,GenCostsPerMWh,2030,69.42084891623877
Gambia,Gambia,GenCostsPerMWh,2031,69.35561271012227
Gambia,Gambia,GenCostsPerMWh,2032,71.84604070521911
Gambia,Gambia,GenCostsPerMWh,2033,75.43258147656964
Gambia,Gambia,GenCostsPerMWh,2034,74.03008787114281
Gambia,Gambia,GenCostsPerMWh,2035,73.38114677963024
Gambia,Gambia,GenCostsPerMWh,2040,72.99277564213473
Gambia,Gambia,GenCostsPerMWh,2045,70.65601600512018
Gambia,Gambia,GenCostsPerMWh,2050,70.54187560200616
Ghana,Ghana,CapexInvestmentComponent,2026,67680000.0
Ghana,Ghana,CapexInvestmentComponent,2027,198000000.0
Ghana,Ghana,CapexInvestmentComponent,2028,684600000.0
Ghana,Ghana,CapexInvestmentComponent,2029,1055800000.0
Ghana,Ghana,CapexInvestmentComponent,2030,2426436859.430096
Ghana,Ghana,CapexInvestmentComponent,2031,2003516000.0
Ghana,Ghana,CapexInvestmentComponent,2032,1972208000.0
Ghana,Ghana,CapexInvestmentComponent,2033,1940900000.0
Ghana,Ghana,CapexInvestmentComponent,2034,1981200394.4445677
Ghana,Ghana,CapexInvestmentComponent,2035,1688011041.1430457
Ghana,Ghana,CapexInvestmentComponent,2040,9595881613.091793
Ghana,Ghana,CapexInvestmentComponent,2045,9686057614.568768
Ghana,Ghana,CapexInvestmentComponent,2050,8284535515.447405
Ghana,Ghana,CapexInvestmentComponentCumulated,2026,67680000.0
Ghana,Ghana,CapexInvestmentComponentCumulated,2027,265680000.0
Ghana,Ghana,CapexInvestmentComponentCumulated,2028,950280000.0
Ghana,Ghana,CapexInvestmentComponentCumulated,2029,2006080000.0
Ghana,Ghana,CapexInvestmentComponentCumulated,2030,4432516859.430096
Ghana,Ghana,CapexInvestmentComponentCumulated,2031,6436032859.430096
Ghana,Ghana,CapexInvestmentComponentCumulated,2032,8408240859.430096
Ghana,Ghana,CapexInvestmentComponentCumulated,2033,10349140859.430096
Ghana,Ghana,CapexInvestmentComponentCumulated,2034,12330341253.874662
Ghana,Ghana,CapexInvestmentComponentCumulated,2035,14018352295.01771
Ghana,Ghana,CapexInvestmentComponentCumulated,2040,23614233908.109505
Ghana,Ghana,CapexInvestmentComponentCumulated,2045,33300291522.678272
Ghana,Ghana,CapexInvestmentComponentCumulated,2050,41584827038.12568
Ghana,Ghana,Costs,2026,000-2447.8483305225536181.233999999999981156.721240313456001068.116067198699000-1140.6130458010184.077927209348000000069.28268406065678
Ghana,Ghana,Costs,2027,000-1942.226345979234165.795082310993931166.6027461367084002383.4724288701145000-1116.885520811759809989.968019402533000000063.16518822297228
Ghana,Ghana,Costs,2028,000-1883.6253017822823176.4141164.1314672000021001745.1934260188686000-1230.4144610684564010602.551208960009000000069.83116811999984
Ghana,Ghana,Costs,2029,000-1872.3673382500142191.71259721582221026.2538994204685003144.0457102136934000-1472.882969352906709346.804745491054000000060.53405452998104
Ghana,Ghana,Costs,2030,000-1435.0295221485292256.3943209938441824.2033553965626002900.10500771158000-473.228746439133607506.5798794194000000043.81736339447928
Ghana,Ghana,Costs,2031,000-1172.1106364150185311.4358493248971772.647824101482002075.9981401365635000-303.1819764618074407037.0283953212465000000041.20942653687899
Ghana,Ghana,Costs,2032,000-1073.3128886474992362.7292793023667696.7936070304532002156.3804042989022000-303.6788349793326306346.171957694388000000037.725609177695
Ghana,Ghana,Costs,2033,000-974.21465739129421.3692793023667664.0579802033529001637.4325286152205000-245.9129926508321406048.026372750771000000036.31014971335373
Ghana,Ghana,Costs,2034,000-1167.412121499733482.65630252200157645.748488855636001372.3901432465284000-232.5129891830387705881.26959094241000000035.586630826252005
Ghana,Ghana,Costs,2035,000-1257.6671085250941530.3623631875143638.5140627430494001210.61392702056000-235.3182885842950305815.381095583221000000035.38970789803142
Ghana,Ghana,Costs,2040,000-1619.9020736109276814.4896628254028549.3132301578498001441.0147981229754000-114.2274543307509705002.969517292252000000031.106325415876924
Ghana,Ghana,Costs,2045,000-1586.90126432181481104.7004358493034347.64340756203455001687.5319377958908000-214.5137468862817803166.2249838276766000000021.412265265059332
Ghana,Ghana,Costs,2050,000-500.108517726627161386.9353168626474163.5001558183597001146.763997228584000-317.8557586927454401489.1070648933644000000012.554057205844162
Ghana,Ghana,CostsPerMWh,2026,000-85.883625555250056.35865907205020540.583974356645680037.47523047935594000-40.018812647599170357.3119806565875400000002.430807505977264
Ghana,Ghana,CostsPerMWh,2027,000-63.9464423438613855.45868698251562138.409578470839570078.47416062831824000-36.772673642872310328.9127012885105600000002.07966958907818
Ghana,Ghana,CostsPerMWh,2028,000-58.9752676110621445.52342488205781436.448313126616720054.64104205605191000-38.523597047339030331.960021091647300000002.1863752963890026
Ghana,Ghana,CostsPerMWh,2029,000-55.5598984013219665.68880486535295430.4526580980917140093.29518661217955000-43.70575498863880277.353439908774300000001.7962639332564232
Ghana,Ghana,CostsPerMWh,2030,000-40.460764569007727.22905703224187323.238475170711460081.76867732082347000-13.342719854496940211.6485804172903300000001.2354338339216309
Ghana,Ghana,CostsPerMWh,2031,000-31.5230859247273658.37584672752090320.7798163347445670055.83250054897341000-8.1538646591124520189.255897752909100000001.1082983579127015
Ghana,Ghana,CostsPerMWh,2032,000-27.302198090603139.2268589537336717.724558503516890054.852527701453000-7.7247741979294430161.4295754189036800000000.9596382059252226
Ghana,Ghana,CostsPerMWh,2033,000-23.64825166083038310.22838928103175616.1194559269746520039.74731464009359000-5.969333650190680146.8108169272839800000000.8813987263988934
Ghana,Ghana,CostsPerMWh,2034,000-27.00955146221025811.16686215728239314.9402055368283230031.75197645937386000-5.3794811886172960136.070587887696200000000.8233415766092432
Ghana,Ghana,CostsPerMWh,2035,000-27.73921173837805311.69771697995509614.0831199800817990026.701402801600437000-5.1902000049977990128.2645355486175200000000.7805583799468954
Ghana,Ghana,CostsPerMWh,2040,000-27.69715455142058513.9261788964336569.392180972339610024.63853230678829000-1.9530658724090444085.5409855903247400000000.5318572749584962
Ghana,Ghana,CostsPerMWh,2045,000-22.8238129112523815.8884970588127975.0000263232615680024.27114660248061000-3.0852717405305166045.5386408030241400000000.3079646777045572
Ghana,Ghana,CostsPerMWh,2050,000-6.15733184310941817.0759358982154482.01301253645921860014.118948640916246000-3.91343741436608018.33387359636833500000000.15456544620584828
Ghana,Ghana,DemandEnergyZone,2026,28501.92123000001
Ghana,Ghana,DemandEnergyZone,2027,30372.70369999998
Ghana,Ghana,DemandEnergyZone,2028,31939.24127999999
Ghana,Ghana,DemandEnergyZone,2029,33699.97772000001
Ghana,Ghana,DemandEnergyZone,2030,35467.18746999996
Ghana,Ghana,DemandEnergyZone,2031,37182.61083999998
Ghana,Ghana,DemandEnergyZone,2032,39312.32514999999
Ghana,Ghana,DemandEnergyZone,2033,41196.05420999996
Ghana,Ghana,DemandEnergyZone,2034,43222.19579000001
Ghana,Ghana,DemandEnergyZone,2035,45338.9635
Ghana,Ghana,DemandEnergyZone,2040,58486.22719000003
Ghana,Ghana,DemandEnergyZone,2045,69528.31547000002
Ghana,Ghana,DemandEnergyZone,2050,81221.62821
Ghana,Ghana,DemandPeakZone,2026,3435.590535180388
Ghana,Ghana,DemandPeakZone,2027,3661.092615676525
Ghana,Ghana,DemandPeakZone,2028,3849.921349549109
Ghana,Ghana,DemandPeakZone,2029,4062.158601283132
Ghana,Ghana,DemandPeakZone,2030,4275.17614004782
Ghana,Ghana,DemandPeakZone,2031,4481.951403716844
Ghana,Ghana,DemandPeakZone,2032,4738.664847001492
Ghana,Ghana,DemandPeakZone,2033,4965.727495214052
Ghana,Ghana,DemandPeakZone,2034,5209.956394652285
Ghana,Ghana,DemandPeakZone,2035,5465.10926810552
Ghana,Ghana,DemandPeakZone,2040,7049.8661109041
Ghana,Ghana,DemandPeakZone,2045,8380.867402251857
Ghana,Ghana,DemandPeakZone,2050,9790.366583425992
Ghana,Ghana,EmissionsIntensityZone,2026,3.3811471277373145e-07
Ghana,Ghana,EmissionsIntensityZone,2027,3.336898552252436e-07
Ghana,Ghana,EmissionsIntensityZone,2028,3.3030706494123893e-07
Ghana,Ghana,EmissionsIntensityZone,2029,2.960432936977103e-07
Ghana,Ghana,EmissionsIntensityZone,2030,2.296579493152951e-07
Ghana,Ghana,EmissionsIntensityZone,2031,2.006813597415049e-07
Ghana,Ghana,EmissionsIntensityZone,2032,1.7263169798441697e-07
Ghana,Ghana,EmissionsIntensityZone,2033,1.531825709990238e-07
Ghana,Ghana,EmissionsIntensityZone,2034,1.380756475298425e-07
Ghana,Ghana,EmissionsIntensityZone,2035,1.2807384130676062e-07
Ghana,Ghana,EmissionsIntensityZone,2040,7.551225750770845e-08
Ghana,Ghana,EmissionsIntensityZone,2045,3.640317108381671e-08
Ghana,Ghana,EmissionsIntensityZone,2050,1.3859362329710815e-08
Ghana,Ghana,EmissionsZone,2026,10.18407792720935
Ghana,Ghana,EmissionsZone,2027,9.989968019402534
Ghana,Ghana,EmissionsZone,2028,10.602551208960008
Ghana,Ghana,EmissionsZone,2029,9.346804745491054
Ghana,Ghana,EmissionsZone,2030,7.5065905599194
Ghana,Ghana,EmissionsZone,2031,7.037038644124247
Ghana,Ghana,EmissionsZone,2032,6.346181774800388
Ghana,Ghana,EmissionsZone,2033,6.048035758159771
Ghana,Ghana,EmissionsZone,2034,5.8812785446544105
Ghana,Ghana,EmissionsZone,2035,5.815389617598221
Ghana,Ghana,EmissionsZone,2040,5.002975880822253
Ghana,Ghana,EmissionsZone,2045,3.166229188872677
Ghana,Ghana,EmissionsZone,2050,1.4891091114533643
Ghana,Ghana,GenCostsPerMWh,2026,46.95911848931914
Ghana,Ghana,GenCostsPerMWh,2027,47.5221495012401
Ghana,Ghana,GenCostsPerMWh,2028,47.01534568636306
Ghana,Ghana,GenCostsPerMWh,2029,47.22996163499302
Ghana,Ghana,GenCostsPerMWh,2030,48.825973510233496
Ghana,Ghana,GenCostsPerMWh,2031,51.63743240216896
Ghana,Ghana,GenCostsPerMWh,2032,54.21888392517269
Ghana,Ghana,GenCostsPerMWh,2033,56.347758713916775
Ghana,Ghana,GenCostsPerMWh,2034,58.202629591132236
Ghana,Ghana,GenCostsPerMWh,2035,59.47472149413527
Ghana,Ghana,GenCostsPerMWh,2040,59.85237430282028
Ghana,Ghana,GenCostsPerMWh,2045,59.0304021083966
Ghana,Ghana,GenCostsPerMWh,2050,57.267078549085134
Guinea,Guinea,CapexInvestmentComponent,2027,990000000.0
Guinea,Guinea,CapexInvestmentComponent,2030,1864202707.095173
Guinea,Guinea,CapexInvestmentComponent,2031,157299457.807657
Guinea,Guinea,CapexInvestmentComponent,2033,9134999.315949967
Guinea,Guinea,CapexInvestmentComponent,2034,62705021.364392646
Guinea,Guinea,CapexInvestmentComponent,2035,122665223.64472184
Guinea,Guinea,CapexInvestmentComponent,2040,77590796.94040206
Guinea,Guinea,CapexInvestmentComponent,2045,691318583.7235764
Guinea,Guinea,CapexInvestmentComponent,2050,645048004.1786252
Guinea,Guinea,CapexInvestmentComponentCumulated,2027,990000000.0
Guinea,Guinea,CapexInvestmentComponentCumulated,2030,2854202707.095173
Guinea,Guinea,CapexInvestmentComponentCumulated,2031,3011502164.90283
Guinea,Guinea,CapexInvestmentComponentCumulated,2033,3020637164.21878
Guinea,Guinea,CapexInvestmentComponentCumulated,2034,3083342185.5831723
Guinea,Guinea,CapexInvestmentComponentCumulated,2035,3206007409.2278943
Guinea,Guinea,CapexInvestmentComponentCumulated,2040,3283598206.1682963
Guinea,Guinea,CapexInvestmentComponentCumulated,2045,3974916789.891873
Guinea,Guinea,CapexInvestmentComponentCumulated,2050,4619964794.070498
Guinea,Guinea,Costs,2026,000-884.988846034897754.60858.35177909112023500827.9725883781161000-119.036207007352940318.600713837516700000005.143153361062234
Guinea,Guinea,Costs,2027,000-940.287403193670856.9000522.688178104689000-74.946732585294110000000002.535340656
Guinea,Guinea,Costs,2028,000-991.859263864711956.9000789.9497518307278000-154.955966780748950000000002.535340656000001
Guinea,Guinea,Costs,2029,000-788.447585003072256.9000732.6870686575596000-176.161492294617770000000002.535340655999999
Guinea,Guinea,Costs,2030,000-552.079647373058285.08488950144200077.69417238564651000-242.299974634469460000000003.405824196968353
Guinea,Guinea,Costs,2031,000-368.624255168550487.5048811600213400036.56907148627286000-295.865694893080000000003.412156511719126
Guinea,Guinea,Costs,2032,000-14.7368761109842687.504881160021360002.1171300020663457000-345.09483426050710000000003.369391718066225
Guinea,Guinea,Costs,2033,000-306.1632779028601687.6490480922010100066.4933395823635000-211.958018202816330000000003.402198969375783
Guinea,Guinea,Costs,2034,000-222.4687611381785688.5991241734797100043.284619440582986000-173.199118493040880000000003.449379004053465
Guinea,Guinea,Costs,2035,000-199.0889715752810590.4576881680967100029.010503936159342000-213.226368128079740000000003.5181094440000025
Guinea,Guinea,Costs,2040,000-147.3378809472127492.0095041069047400082.68872136210287000-142.536584315822240000000003.4663768181106924
Guinea,Guinea,Costs,2045,000-159.81301514473316105.7078262253763700089.67569166422581000-440.67816230450090000000003.601709107340744
Guinea,Guinea,Costs,2050,000-137.17239167350806122.9821527790846100084.54926137168943000-579.36210975068370000000003.6284406996787344
Guinea,Guinea,CostsPerMWh,2026,000-212.1984627528837313.09364937866407513.99131511940356500198.52737268107248000-28.541941801940286076.3925805519435200000001.2332011209062148
Guinea,Guinea,CostsPerMWh,2027,000-212.261337745281712.844658002101188000117.99210702102081000-16.9185439091921950000000000.5723301167863423
Guinea,Guinea,CostsPerMWh,2028,000-211.5225093609708212.134413843898807000168.4635712583341000-33.045691186274940000000000.5406831767164482
Guinea,Guinea,CostsPerMWh,2029,000-159.332922298550911.498599845102222000148.06459427371206000-35.5994816873790540000000000.5123526832049728
Guinea,Guinea,CostsPerMWh,2030,000-106.0118925604703416.3382406999895200014.91905433339792000-46.527125208433450000000000.6539959778754183
Guinea,Guinea,CostsPerMWh,2031,000-67.4271547774922616.0060144796087940006.689056426975094000-54.118473549127460000000000.6241369145270027
Guinea,Guinea,CostsPerMWh,2032,000-2.573548866930370815.2812635503121520000.3697213355753885000-60.265039415828790000000000.588407894113372
Guinea,Guinea,CostsPerMWh,2033,000-51.150217073595314.6433885439145700011.108937612907646000-35.41149257293680000000000.5684000282566474
Guinea,Guinea,CostsPerMWh,2034,000-35.6243155037659514.1875341812730480006.931242532761803000-27.7346806383206930000000000.5523551500165138
Guinea,Guinea,CostsPerMWh,2035,000-30.60956315881255613.90770316041610004.460311615839919000-32.783161873297050000000000.5409028555105738
Guinea,Guinea,CostsPerMWh,2040,000-18.88808817254825811.79522615033601300010.600341540966214000-18.272582414400740000000000.4443747294235171
Guinea,Guinea,CostsPerMWh,2045,000-17.56766133282765511.6200754342504520009.857721409720325000-48.4421416186106340000000000.3959227335759859
Guinea,Guinea,CostsPerMWh,2050,000-13.19799243816884611.8326836953558430008.13487684090462000-55.743117475495740000000000.34910911979055764
Guinea,Guinea,DemandEnergyZone,2026,4170.5714290000005
Guinea,Guinea,DemandEnergyZone,2027,4429.857142999996
Guinea,Guinea,DemandEnergyZone,2028,4689.142857
Guinea,Guinea,DemandEnergyZone,2029,4948.428571
Guinea,Guinea,DemandEnergyZone,2030,5207.714285999997
Guinea,Guinea,DemandEnergyZone,2031,5467.000000000004
Guinea,Guinea,DemandEnergyZone,2032,5726.285713999997
Guinea,Guinea,DemandEnergyZone,2033,5985.571429000003
Guinea,Guinea,DemandEnergyZone,2034,6244.857143000004
Guinea,Guinea,DemandEnergyZone,2035,6504.142857000001
Guinea,Guinea,DemandEnergyZone,2040,7800.571428999999
Guinea,Guinea,DemandEnergyZone,2045,9097.0
Guinea,Guinea,DemandEnergyZone,2050,10393.42857
Guinea,Guinea,DemandPeakZone,2026,486.66777143774
Guinea,Guinea,DemandPeakZone,2027,516.92405712452
Guinea,Guinea,DemandPeakZone,2028,547.18034287548
Guinea,Guinea,DemandPeakZone,2029,577.43662856226
Guinea,Guinea,DemandPeakZone,2030,607.6929143132201
Guinea,Guinea,DemandPeakZone,2031,637.9492
Guinea,Guinea,DemandPeakZone,2032,668.2054856226001
Guinea,Guinea,DemandPeakZone,2033,698.4617712452001
Guinea,Guinea,DemandPeakZone,2034,728.7180568678
Guinea,Guinea,DemandPeakZone,2035,758.9743431322001
Guinea,Guinea,DemandPeakZone,2040,910.2557712452
Guinea,Guinea,DemandPeakZone,2045,1061.5372
Guinea,Guinea,DemandPeakZone,2050,1212.8186287548
Guinea,Guinea,EmissionsIntensityZone,2026,7.523019547315395e-08
Guinea,Guinea,EmissionsZone,2026,0.3186007138375167
Guinea,Guinea,GenCostsPerMWh,2026,27.88727805193054
Guinea,Guinea,GenCostsPerMWh,2027,31.41312047844563
Guinea,Guinea,GenCostsPerMWh,2028,31.413120478445617
Guinea,Guinea,GenCostsPerMWh,2029,31.41312047844562
Guinea,Guinea,GenCostsPerMWh,2030,50.221187798141926
Guinea,Guinea,GenCostsPerMWh,2031,50.702284856825486
Guinea,Guinea,GenCostsPerMWh,2032,51.25273040275849
Guinea,Guinea,GenCostsPerMWh,2033,50.95277218409519
Guinea,Guinea,GenCostsPerMWh,2034,51.25016371488579
Guinea,Guinea,GenCostsPerMWh,2035,52.143948332110654
Guinea,Guinea,GenCostsPerMWh,2040,52.75077383217269
Guinea,Guinea,GenCostsPerMWh,2045,54.21786313416418
Guinea,Guinea,GenCostsPerMWh,2050,54.10614795663738
GuineaBissau,GuineaBissau,CapexInvestmentComponent,2027,16740000.0
GuineaBissau,GuineaBissau,CapexInvestmentComponent,2029,40689882.92
GuineaBissau,GuineaBissau,CapexInvestmentComponent,2030,112001915.7502016
GuineaBissau,GuineaBissau,CapexInvestmentComponent,2031,2179421.369354036
GuineaBissau,GuineaBissau,CapexInvestmentComponent,2032,80973117.68408543
GuineaBissau,GuineaBissau,CapexInvestmentComponent,2033,4919231.598293785
GuineaBissau,GuineaBissau,CapexInvestmentComponent,2034,4520120.040190603
GuineaBissau,GuineaBissau,CapexInvestmentComponent,2035,6167805.029231386
GuineaBissau,GuineaBissau,CapexInvestmentComponent,2040,64606501.81454927
GuineaBissau,GuineaBissau,CapexInvestmentComponent,2045,119448135.07916844
GuineaBissau,GuineaBissau,CapexInvestmentComponent,2050,156128338.04580748
GuineaBissau,GuineaBissau,CapexInvestmentComponentCumulated,2027,16740000.0
GuineaBissau,GuineaBissau,CapexInvestmentComponentCumulated,2029,57429882.92
GuineaBissau,GuineaBissau,CapexInvestmentComponentCumulated,2030,169431798.6702016
GuineaBissau,GuineaBissau,CapexInvestmentComponentCumulated,2031,39660037.30470663
GuineaBissau,GuineaBissau,CapexInvestmentComponentCumulated,2032,252584337.72364104
GuineaBissau,GuineaBissau,CapexInvestmentComponentCumulated,2033,55552386.58708584
GuineaBissau,GuineaBissau,CapexInvestmentComponentCumulated,2034,60072506.62727644
GuineaBissau,GuineaBissau,CapexInvestmentComponentCumulated,2035,66240311.65650782
GuineaBissau,GuineaBissau,CapexInvestmentComponentCumulated,2040,332797996.2059061
GuineaBissau,GuineaBissau,CapexInvestmentComponentCumulated,2045,452246131.28507453
GuineaBissau,GuineaBissau,CapexInvestmentComponentCumulated,2050,608374469.330882
GuineaBissau,GuineaBissau,Costs,2026,000-11.1338846191608930000185.19539121259567000-9.13561092348075e-050000000000
GuineaBissau,GuineaBissau,Costs,2027,000-15.0687730542542580.53999999999999996.973127999999988400161.9039439541382000-0.029198834732353615047.591598599999920.25104774204446330000000.4842449999999992
GuineaBissau,GuineaBissau,Costs,2028,000-7.6271179435602310.53999999999999990.3895580770891533500247.01247719553982000-13.64676602120103202.65873387613347132.05256430468306601.933239814843457500000.027052644242302314
GuineaBissau,GuineaBissau,Costs,2029,000-8.936325475718861.44408092499999970.3779752768064385500209.6174375627958000-16.62995565002052302.57968126420394262.15232008458404801.924040096291732800000.02624828311155823
GuineaBissau,GuineaBissau,Costs,2030,000-5.9723593565675413.803775104988733.295970695970696e-070060.75595234025662000-3.5553426190753720000000002.288868538868539e-08
GuineaBissau,GuineaBissau,Costs,2031,000-4.1337328838052623.97962742605354343.557435897435897e-070049.548028284170975000-4.8789643476520070000000002.470441595441595e-08
GuineaBissau,GuineaBissau,Costs,2032,000-0.145057956425338174.9796274260535430.0046073793211193430015.669391903797337000-6.28898520839996900.0314427574666395200000000.01408803589363976
GuineaBissau,GuineaBissau,Costs,2033,000-2.35164550528200475.1441678400516190.0046951450849643340055.90893765406554000-5.69081631100387500.0320415803548815800000000.015652787525920166
GuineaBissau,GuineaBissau,Costs,2034,000-3.06504068123322075.304033586474180.0046951450849643340042.0938483871638000-7.27942199654738200.0320414019048815800000000.023957552186119797
GuineaBissau,GuineaBissau,Costs,2035,000-2.4474660600883655.3415425478650170.117087433059921680046.26784379774551000-11.57179817768353300.799118588883965600000000.03214891129065514
GuineaBissau,GuineaBissau,Costs,2040,000-1.87386778765598177.0065840316701565.91062271062271e-070047.673270247095274000-9.8835495328502940000000000.023618666045991044
GuineaBissau,GuineaBissau,Costs,2045,000-3.554807895535446510.6243850490500747.217948717948719e-070043.16394870806225000-6.7163942856752430000000000.023645675124643873
GuineaBissau,GuineaBissau,Costs,2050,000-3.150275324284668615.6252869378580578.525274725274724e-070034.81303417869967000-5.5117953100145980000000000.022797373534673992
GuineaBissau,GuineaBissau,CostsPerMWh,2026,000-55.9491689405070000930.6301065959582000-0.00045907592580305280000000000
GuineaBissau,GuineaBissau,CostsPerMWh,2027,000-56.863294544355642.037735849056601526.3136905660376700610.9582790722192000-0.110184282008881470179.590938113207070.94734996997910590000001.8273396226415048
GuineaBissau,GuineaBissau,CostsPerMWh,2028,000-22.9732468179525361.62650602409638761.173367702075764700744.0134855287354000-41.1047169313284708.0082345666670946.18242260446707505.8230114904923500000.08148386819970588
GuineaBissau,GuineaBissau,CostsPerMWh,2029,000-24.4830834951201553.9563860958904091.035548703579283400574.2943494871116000-45.5615223288233407.0676199019286085.89676735502478705.27134272956638900000.07191310441522801
GuineaBissau,GuineaBissau,CostsPerMWh,2030,000-15.0059280315767379.5572238818812328.281333406961548e-0700152.65314658355933000-8.9330216559682720000000005.75092597705663e-08
GuineaBissau,GuineaBissau,CostsPerMWh,2031,000-9.5910275726340179.233474306388738.253911594978878e-0700114.96062246907418000-11.3201028947842360000000005.731883052068665e-08
GuineaBissau,GuineaBissau,CostsPerMWh,2032,000-0.3126249060890910510.731955659598160.009929696812757210033.770241171977034000-13.5538474318964900.0677645635056886600000000.0303621463224995
GuineaBissau,GuineaBissau,CostsPerMWh,2033,000-4.7221797294819410.3296542972924130.00942800217864324600112.26694308045296000-11.42734198996762600.0643405228009670700000000.031431300252851756
GuineaBissau,GuineaBissau,CostsPerMWh,2034,000-5.7722046727555879.9887638163355440.0088420811392925180079.27278415661722000-13.70889264886510600.0603416231730349200000000.04511780072715586
GuineaBissau,GuineaBissau,CostsPerMWh,2035,000-4.3394788299439149.4708201203280550.207601831666528010082.03518403855595000-20.51737265546727701.416876930645330600000000.057001615763573
GuineaBissau,GuineaBissau,CostsPerMWh,2040,000-2.5669421748712079.5980603173563768.096743439209188e-070065.30584965355514000-13.5391089491099860000000000.032354337049302795
GuineaBissau,GuineaBissau,CostsPerMWh,2045,000-3.967419526267237411.8575725993862388.055746336996334e-070048.17404989739087000-7.4959757652625440000000000.026390262415897165
GuineaBissau,GuineaBissau,CostsPerMWh,2050,000-2.96915676181401114.7269433910066378.035131692059111e-070032.811530799905405000-5.19490604148406550000000000.021486685706573017
GuineaBissau,GuineaBissau,DemandEnergyZone,2026,199.0
GuineaBissau,GuineaBissau,DemandEnergyZone,2027,265.0000000000002
GuineaBissau,GuineaBissau,DemandEnergyZone,2028,331.99999999999955
GuineaBissau,GuineaBissau,DemandEnergyZone,2029,365.0000000000001
GuineaBissau,GuineaBissau,DemandEnergyZone,2030,398.0
GuineaBissau,GuineaBissau,DemandEnergyZone,2031,431.00000000000006
GuineaBissau,GuineaBissau,DemandEnergyZone,2032,463.9999999999998
GuineaBissau,GuineaBissau,DemandEnergyZone,2033,497.9999999999997
GuineaBissau,GuineaBissau,DemandEnergyZone,2034,531.0000000000007
GuineaBissau,GuineaBissau,DemandEnergyZone,2035,563.9999999999994
GuineaBissau,GuineaBissau,DemandEnergyZone,2040,730.0000000000002
GuineaBissau,GuineaBissau,DemandEnergyZone,2045,896.0000000000005
GuineaBissau,GuineaBissau,DemandEnergyZone,2050,1061.000000000001
GuineaBissau,GuineaBissau,DemandPeakZone,2026,69.48752834081185
GuineaBissau,GuineaBissau,DemandPeakZone,2027,92.53313301356444
GuineaBissau,GuineaBissau,DemandPeakZone,2028,115.92945200887098
GuineaBissau,GuineaBissau,DemandPeakZone,2029,127.45225434524735
GuineaBissau,GuineaBissau,DemandPeakZone,2030,138.9750566816237
GuineaBissau,GuineaBissau,DemandPeakZone,2031,150.497859018
GuineaBissau,GuineaBissau,DemandPeakZone,2032,162.0206613543762
GuineaBissau,GuineaBissau,DemandPeakZone,2033,173.89417801330643
GuineaBissau,GuineaBissau,DemandPeakZone,2034,185.4169803496829
GuineaBissau,GuineaBissau,DemandPeakZone,2035,196.9397826860592
GuineaBissau,GuineaBissau,DemandPeakZone,2040,254.9045086904948
GuineaBissau,GuineaBissau,DemandPeakZone,2045,312.86923469493024
GuineaBissau,GuineaBissau,DemandPeakZone,2050,370.4832463768119
GuineaBissau,GuineaBissau,EmissionsIntensityZone,2027,7.370999999999998e-07
GuineaBissau,GuineaBissau,EmissionsIntensityZone,2028,7.370999999999999e-07
GuineaBissau,GuineaBissau,EmissionsIntensityZone,2029,3.7842363744316176e-08
GuineaBissau,GuineaBissau,EmissionsIntensityZone,2030,9.81672231359172e-15
GuineaBissau,GuineaBissau,EmissionsIntensityZone,2031,1.0313214313781276e-14
GuineaBissau,GuineaBissau,EmissionsIntensityZone,2032,1.1465440530282576e-10
GuineaBissau,GuineaBissau,EmissionsIntensityZone,2033,1.1115104844996351e-10
GuineaBissau,GuineaBissau,EmissionsIntensityZone,2034,1.0232968068340404e-10
GuineaBissau,GuineaBissau,EmissionsIntensityZone,2035,2.476327265458332e-09
GuineaBissau,GuineaBissau,EmissionsIntensityZone,2040,9.234390845742464e-15
GuineaBissau,GuineaBissau,EmissionsIntensityZone,2045,6.264813784805496e-15
GuineaBissau,GuineaBissau,EmissionsIntensityZone,2050,4.6494510469372346e-15
GuineaBissau,GuineaBissau,EmissionsZone,2027,0.0475915985999999
GuineaBissau,GuineaBissau,EmissionsZone,2028,0.0026587338761334
GuineaBissau,GuineaBissau,EmissionsZone,2029,0.0025796812642039
GuineaBissau,GuineaBissau,EmissionsZone,2030,2.2495e-09
GuineaBissau,GuineaBissau,EmissionsZone,2031,2.4279499999999997e-09
GuineaBissau,GuineaBissau,EmissionsZone,2032,3.144536386663952e-05
GuineaBissau,GuineaBissau,EmissionsZone,2033,3.2044365204881575e-05
GuineaBissau,GuineaBissau,EmissionsZone,2034,3.2044365204881575e-05
GuineaBissau,GuineaBissau,EmissionsZone,2035,0.0007991217306339
GuineaBissau,GuineaBissau,EmissionsZone,2040,4.034e-09
GuineaBissau,GuineaBissau,EmissionsZone,2045,4.92625e-09
GuineaBissau,GuineaBissau,EmissionsZone,2050,5.818499999999999e-09
GuineaBissau,GuineaBissau,GenCostsPerMWh,2027,151.36665761777238
GuineaBissau,GuineaBissau,GenCostsPerMWh,2028,757.5167087015986
GuineaBissau,GuineaBissau,GenCostsPerMWh,2029,119.53067096847549
GuineaBissau,GuineaBissau,GenCostsPerMWh,2030,98.9509683115929
GuineaBissau,GuineaBissau,GenCostsPerMWh,2031,98.14933684161547
GuineaBissau,GuineaBissau,GenCostsPerMWh,2032,118.40560848923931
GuineaBissau,GuineaBissau,GenCostsPerMWh,2033,115.22261766801803
GuineaBissau,GuineaBissau,GenCostsPerMWh,2034,108.31061010875678
GuineaBissau,GuineaBissau,GenCostsPerMWh,2035,107.8381410279307
GuineaBissau,GuineaBissau,GenCostsPerMWh,2040,100.14101013330311
GuineaBissau,GuineaBissau,GenCostsPerMWh,2045,77.31061829351242
GuineaBissau,GuineaBissau,GenCostsPerMWh,2050,66.64373835426667
IvoryCoast,IvoryCoast,CapexInvestmentComponent,2026,733810823.2774401
IvoryCoast,IvoryCoast,CapexInvestmentComponent,2027,1705216400.0
IvoryCoast,IvoryCoast,CapexInvestmentComponent,2028,1376017482.2718985
IvoryCoast,IvoryCoast,CapexInvestmentComponent,2029,1946221593.7933517
IvoryCoast,IvoryCoast,CapexInvestmentComponent,2030,2668536940.92176
IvoryCoast,IvoryCoast,CapexInvestmentComponent,2031,777149584.1702354
IvoryCoast,IvoryCoast,CapexInvestmentComponent,2032,1064474266.0426034
IvoryCoast,IvoryCoast,CapexInvestmentComponent,2033,1071129013.7970444
IvoryCoast,IvoryCoast,CapexInvestmentComponent,2034,1187111750.8176928
IvoryCoast,IvoryCoast,CapexInvestmentComponent,2035,793666251.2021737
IvoryCoast,IvoryCoast,CapexInvestmentComponent,2040,5227250262.990844
IvoryCoast,IvoryCoast,CapexInvestmentComponent,2045,4276128982.238442
IvoryCoast,IvoryCoast,CapexInvestmentComponent,2050,3697274752.977315
IvoryCoast,IvoryCoast,CapexInvestmentComponentCumulated,2026,733810823.2774401
IvoryCoast,IvoryCoast,CapexInvestmentComponentCumulated,2027,2439027223.27744
IvoryCoast,IvoryCoast,CapexInvestmentComponentCumulated,2028,3815044705.5493374
IvoryCoast,IvoryCoast,CapexInvestmentComponentCumulated,2029,5761266299.34269
IvoryCoast,IvoryCoast,CapexInvestmentComponentCumulated,2030,8429803240.26445
IvoryCoast,IvoryCoast,CapexInvestmentComponentCumulated,2031,9206952824.434685
IvoryCoast,IvoryCoast,CapexInvestmentComponentCumulated,2032,10271427090.47729
IvoryCoast,IvoryCoast,CapexInvestmentComponentCumulated,2033,11342556104.274334
IvoryCoast,IvoryCoast,CapexInvestmentComponentCumulated,2034,12529667855.092026
IvoryCoast,IvoryCoast,CapexInvestmentComponentCumulated,2035,13323334106.294199
IvoryCoast,IvoryCoast,CapexInvestmentComponentCumulated,2040,18550584369.28504
IvoryCoast,IvoryCoast,CapexInvestmentComponentCumulated,2045,22826713351.523483
IvoryCoast,IvoryCoast,CapexInvestmentComponentCumulated,2050,26523988104.5008
IvoryCoast,IvoryCoast,Costs,2026,000-2313.9205372393567118.47099999999999811.6556384800261000000-514.880511269999707066.178499708458000000048.074621194882695
IvoryCoast,IvoryCoast,Costs,2027,000-2218.69604833013148.36499999999998664.84510644708370017.258976907883305000-593.362796441761505788.063279656949000000035.18430855821967
IvoryCoast,IvoryCoast,Costs,2028,000-1637.4703820829209175.92118216028308593.03484697654650025.789720143855227000-623.065441887267305162.891608972274000000030.268145854098133
IvoryCoast,IvoryCoast,Costs,2029,000-3709.3624081568164211.4321711851344622.236996087840700446.1535247378553000-264.648358664802205417.122083588306000000032.18053484011884
IvoryCoast,IvoryCoast,Costs,2030,000-2644.022691915079265.7581711851344426.438605110884100613.6321504061901000-504.207900519397103712.515993367717000000027.437061976028208
IvoryCoast,IvoryCoast,Costs,2031,000-2122.5101196803153283.4442802959856365.93881424616800686.6149041754408000-245.937974594421203185.8121804749308000000024.65596419747166
IvoryCoast,IvoryCoast,Costs,2032,000-1994.780691891102309.21584776261506339.9660903115104700774.376518867827000-351.920196244174602959.696950267383000000023.462438897545148
IvoryCoast,IvoryCoast,Costs,2033,000-1327.7560273111628332.2482670087453254.1930960914200500903.8690205242035000-288.183700568884702212.967602280773000000019.520027162462323
IvoryCoast,IvoryCoast,Costs,2034,000-1084.2477315557794361.1700627940396200.58741639769255001123.6777080456975000-311.9003152781927501746.2831101707343000000017.05674363025273
IvoryCoast,IvoryCoast,Costs,2035,000-904.1218037828162378.1700627940396182.2606011974492001238.5042680404856000-285.305167430907201586.7322618863225000000016.21371291500628
IvoryCoast,IvoryCoast,Costs,2040,000-804.6855166578636508.5024662356956116.4928139708633001927.2651342182667000-277.574706830634601014.1668874433994000000013.191444513808026
IvoryCoast,IvoryCoast,Costs,2045,000-963.3306407984388624.761702324026122.28906710800227001999.3774650940654000-668.546171306735601064.6296291081978000000013.45825493066623
IvoryCoast,IvoryCoast,Costs,2050,000-471.3442454467029749.405132594612191.77627648185288001106.391093619348000-887.406055733150101669.5783427161439000000016.65143737118307
IvoryCoast,IvoryCoast,CostsPerMWh,2026,000-144.28610673972437.38734069578538250.61134563823354000000-32.1057284430084450440.6164208505034600000002.9977260729412554
IvoryCoast,IvoryCoast,CostsPerMWh,2027,000-129.56089602306088.66378355562890338.823672026937565001.0078390477639496000-34.649458014586420337.994321175690900000002.054589922844855
IvoryCoast,IvoryCoast,CostsPerMWh,2028,000-89.909439701093399.65939603711505332.562073426366794001.41604960526523000-34.210978952754930283.481580417780800000001.6619488598451644
IvoryCoast,IvoryCoast,CostsPerMWh,2029,000-192.3918210685449710.966256723078532.273284635201320023.140442926718016000-13.7263966320354780280.967419177049200000001.669093234793056
IvoryCoast,IvoryCoast,CostsPerMWh,2030,000-129.728378152796413.03936484135440620.9231141593215180030.107723317967896000-24.73884713100970182.153761447891700000001.3461932691847784
IvoryCoast,IvoryCoast,CostsPerMWh,2031,000-98.6509552317999113.1740474388883317.0082645293648580031.9127883279539000-11.4308129306672280148.071574254869300000001.1459707059526236
IvoryCoast,IvoryCoast,CostsPerMWh,2032,000-87.9430291629772713.63226465344538614.9879372285004480034.139600938966716000-15.5149526998889160130.4828727634128700000001.0343783437392662
IvoryCoast,IvoryCoast,CostsPerMWh,2033,000-55.62484395416511513.91916709565206710.649133585893130037.86657502393715000-12.073131693283099092.7097863014581500000000.8177695619969284
IvoryCoast,IvoryCoast,CostsPerMWh,2034,000-43.21400836594895614.3948708960789747.9946547620404540044.78553790141732000-12.431165352251913069.6002313271625300000000.6798172045755101
IvoryCoast,IvoryCoast,CostsPerMWh,2035,000-34.28569346613580414.3407921330701126.9116031462398570046.965992317487824000-10.819212050758587060.1713350084531400000000.6148490044438389
IvoryCoast,IvoryCoast,CostsPerMWh,2040,000-23.83172388404836515.0599086460745473.45007399730523770057.07826172988235000-8.220706889143578030.03576519468061800000000.39068040467600895
IvoryCoast,IvoryCoast,CostsPerMWh,2045,000-23.9991879787719815.5645143017402323.0465534728980710049.80993398646898000-16.65530458408382026.5228214640417600000000.33528175713334707
IvoryCoast,IvoryCoast,CostsPerMWh,2050,000-10.05192868101844415.9818795260586184.08983767708867950023.594993412586874000-18.924899305558924035.6055740374013300000000.35511001249829366
IvoryCoast,IvoryCoast,DemandEnergyZone,2026,16037.029409999992
IvoryCoast,IvoryCoast,DemandEnergyZone,2027,17124.735290000004
IvoryCoast,IvoryCoast,DemandEnergyZone,2028,18212.44118000001
IvoryCoast,IvoryCoast,DemandEnergyZone,2029,19280.25000000001
IvoryCoast,IvoryCoast,DemandEnergyZone,2030,20381.22059
IvoryCoast,IvoryCoast,DemandEnergyZone,2031,21515.352940000004
IvoryCoast,IvoryCoast,DemandEnergyZone,2032,22682.64706000001
IvoryCoast,IvoryCoast,DemandEnergyZone,2033,23869.83823999999
IvoryCoast,IvoryCoast,DemandEnergyZone,2034,25090.19118000002
IvoryCoast,IvoryCoast,DemandEnergyZone,2035,26370.235289999982
IvoryCoast,IvoryCoast,DemandEnergyZone,2040,33765.30882000003
IvoryCoast,IvoryCoast,DemandEnergyZone,2045,40140.13481
IvoryCoast,IvoryCoast,DemandEnergyZone,2050,46890.92615000002
IvoryCoast,IvoryCoast,DemandPeakZone,2026,2721.8405078115748
IvoryCoast,IvoryCoast,DemandPeakZone,2027,2906.448382944418
IvoryCoast,IvoryCoast,DemandPeakZone,2028,3091.05626031779
IvoryCoast,IvoryCoast,DemandPeakZone,2029,3272.2871618517984
IvoryCoast,IvoryCoast,DemandPeakZone,2030,3459.146353464038
IvoryCoast,IvoryCoast,DemandPeakZone,2031,3651.633832913991
IvoryCoast,IvoryCoast,DemandPeakZone,2032,3849.749602442176
IvoryCoast,IvoryCoast,DemandPeakZone,2033,4051.242345569194
IvoryCoast,IvoryCoast,DemandPeakZone,2034,4258.363376533927
IvoryCoast,IvoryCoast,DemandPeakZone,2035,4475.615326054636
IvoryCoast,IvoryCoast,DemandPeakZone,2040,5730.723749118928
IvoryCoast,IvoryCoast,DemandPeakZone,2045,6812.673477520515
IvoryCoast,IvoryCoast,DemandPeakZone,2050,7958.432886058862
IvoryCoast,IvoryCoast,EmissionsIntensityZone,2026,3.5496908439509695e-07
IvoryCoast,IvoryCoast,EmissionsIntensityZone,2027,2.781911136738022e-07
IvoryCoast,IvoryCoast,EmissionsIntensityZone,2028,2.357427159875966e-07
IvoryCoast,IvoryCoast,EmissionsIntensityZone,2029,2.150961787351203e-07
IvoryCoast,IvoryCoast,EmissionsIntensityZone,2030,1.4736926944986896e-07
IvoryCoast,IvoryCoast,EmissionsIntensityZone,2031,1.2645592553895385e-07
IvoryCoast,IvoryCoast,EmissionsIntensityZone,2032,1.1215241209226821e-07
IvoryCoast,IvoryCoast,EmissionsIntensityZone,2033,8.422878700512358e-08
IvoryCoast,IvoryCoast,EmissionsIntensityZone,2034,6.45486025302353e-08
IvoryCoast,IvoryCoast,EmissionsIntensityZone,2035,5.610641971142593e-08
IvoryCoast,IvoryCoast,EmissionsIntensityZone,2040,2.664225994220947e-08
IvoryCoast,IvoryCoast,EmissionsIntensityZone,2045,2.1932095214640956e-08
IvoryCoast,IvoryCoast,EmissionsIntensityZone,2050,2.755381676553952e-08
IvoryCoast,IvoryCoast,EmissionsZone,2026,7.066178499708458
IvoryCoast,IvoryCoast,EmissionsZone,2027,5.788063279656949
IvoryCoast,IvoryCoast,EmissionsZone,2028,5.1628916089722745
IvoryCoast,IvoryCoast,EmissionsZone,2029,5.417122083588307
IvoryCoast,IvoryCoast,EmissionsZone,2030,3.712524326847717
IvoryCoast,IvoryCoast,EmissionsZone,2031,3.1858202652019307
IvoryCoast,IvoryCoast,EmissionsZone,2032,2.9597047862413826
IvoryCoast,IvoryCoast,EmissionsZone,2033,2.212975189501773
IvoryCoast,IvoryCoast,EmissionsZone,2034,1.7462904486387345
IvoryCoast,IvoryCoast,EmissionsZone,2035,1.5867393516013224
IvoryCoast,IvoryCoast,EmissionsZone,2040,1.0141727333933994
IvoryCoast,IvoryCoast,EmissionsZone,2045,1.064634231293198
IvoryCoast,IvoryCoast,EmissionsZone,2050,1.6695817011361438
IvoryCoast,IvoryCoast,GenCostsPerMWh,2026,53.0269315222242
IvoryCoast,IvoryCoast,GenCostsPerMWh,2027,53.43727323952446
IvoryCoast,IvoryCoast,GenCostsPerMWh,2028,55.228610108777104
IvoryCoast,IvoryCoast,GenCostsPerMWh,2029,58.771165890275086
IvoryCoast,IvoryCoast,GenCostsPerMWh,2030,64.00499844433092
IvoryCoast,IvoryCoast,GenCostsPerMWh,2031,65.59666095743
IvoryCoast,IvoryCoast,GenCostsPerMWh,2032,67.10292563585935
IvoryCoast,IvoryCoast,GenCostsPerMWh,2033,69.4522408227071
IvoryCoast,IvoryCoast,GenCostsPerMWh,2034,71.41094401395164
IvoryCoast,IvoryCoast,GenCostsPerMWh,2035,71.3572501518623
IvoryCoast,IvoryCoast,GenCostsPerMWh,2040,70.20277541014212
IvoryCoast,IvoryCoast,GenCostsPerMWh,2045,67.54069391425365
IvoryCoast,IvoryCoast,GenCostsPerMWh,2050,64.16925813146173
Liberia,Liberia,CapexInvestmentComponent,2026,12672000.0
Liberia,Liberia,CapexInvestmentComponent,2028,619397826.997599
Liberia,Liberia,CapexInvestmentComponent,2029,265582701.4373803
Liberia,Liberia,CapexInvestmentComponent,2030,2444890.4024427207
Liberia,Liberia,CapexInvestmentComponent,2032,420000000.0
Liberia,Liberia,CapexInvestmentComponent,2033,11627533.619156005
Liberia,Liberia,CapexInvestmentComponent,2034,1059498.005954882
Liberia,Liberia,CapexInvestmentComponent,2045,5529096.105638444
Liberia,Liberia,CapexInvestmentComponent,2050,508200000.0
Liberia,Liberia,CapexInvestmentComponentCumulated,2026,12672000.0
Liberia,Liberia,CapexInvestmentComponentCumulated,2028,632069826.997599
Liberia,Liberia,CapexInvestmentComponentCumulated,2029,897652528.4349793
Liberia,Liberia,CapexInvestmentComponentCumulated,2030,195915418.837422
Liberia,Liberia,CapexInvestmentComponentCumulated,2032,1124182000.0
Liberia,Liberia,CapexInvestmentComponentCumulated,2033,207542952.456578
Liberia,Liberia,CapexInvestmentComponentCumulated,2034,208602450.46253288
Liberia,Liberia,CapexInvestmentComponentCumulated,2045,214131546.5681713
Liberia,Liberia,CapexInvestmentComponentCumulated,2050,1632382000.0
Liberia,Liberia,Costs,2026,000-601.35203481998454.68820.33692741520035300595.532015785546000-92.374292400000210138.7995296087423200000001.6185023060555834
Liberia,Liberia,Costs,2027,000-464.4316669607254.68811.4995540684227200567.9852408804088000-63.114682799999954078.4844565169850300000001.0047958236404664
Liberia,Liberia,Costs,2028,000-527.275279110984214.718482116407383000341.61773057643023000-86.18322596835970000000000.3358225480402305
Liberia,Liberia,Costs,2029,000-480.958866630169519.845931016401455000228.39309600487317000-43.134274476784750000000000.32340802518274514
Liberia,Liberia,Costs,2030,000-202.063654893079620.0370386416016448.501582417582418e-0700111.26098917724151000-78.959826032236530000000000.32440325752075233
Liberia,Liberia,Costs,2031,000-223.7597204165102220.0370386416016448.076504029304029e-0700142.89648516058529000-83.795586266844280000000000.32748629917841837
Liberia,Liberia,Costs,2032,000-6.41481446665646926.0370386416016440002.1852688914169747000-135.12306929571150000000000.6172219944534137
Liberia,Liberia,Costs,2033,000-182.7185162174786226.0370386416016447.226345787545788e-070074.78468420356798000-94.376735399830520000000000.6568517719766211
Liberia,Liberia,Costs,2034,000-174.4164284976061820.1170386416016426.801265934065934e-0700168.2724695985186000-90.912636330912420000000000.3605649529037078
Liberia,Liberia,Costs,2035,000-191.9987316276892420.1170386416016426.376187545787546e-0700211.30235123366413000-88.350836728650650000000000.35926855545122194
Liberia,Liberia,Costs,2040,000-92.0267156490486120.1170386416016424.250791208791209e-0700452.94240374366797000-140.679389181735620000000000.36187424256284617
Liberia,Liberia,Costs,2045,000-8.8718191306222220.875203618.777300020952616002615.022648355473000-1104.17595736081830128.1550711924183815.0515406013315080975.993901488863300001.6824831681217094
Liberia,Liberia,Costs,2050,000027.56720360003601.7279999999996000-1599.88868697964970043.02791886025596604417.93232793785200000.77848512
Liberia,Liberia,CostsPerMWh,2026,000-985.79876694832817.685056924829714533.3384054739643200976.2579867471223000-151.429542552232620227.5346173598063600000002.65321722589704
Liberia,Liberia,CostsPerMWh,2027,000-683.40381785487816.89831750506926516.92141107736581400835.7812563537344000-92.872252812741830115.4886306030216300000001.4785410877217406
Liberia,Liberia,CostsPerMWh,2028,000-698.695273628925219.503538847989713000452.6794697146253000-114.201850600152950000000000.44500024254758147
Liberia,Liberia,CostsPerMWh,2029,000-575.496892087101623.746878190513478000273.2863994085074000-51.612814787568130000000000.3869776113553034
Liberia,Liberia,CostsPerMWh,2030,000-218.6128675818966721.6780918746007929.197870405120438e-0700120.37337395933727000-85.426713684896880000000000.35097220436325494
Liberia,Liberia,CostsPerMWh,2031,000-219.2927275561907819.6370322937774167.9152699798152e-0700140.04379309523546000-82.122745932205330000000000.32094857667161775
Liberia,Liberia,CostsPerMWh,2032,000-5.6972918355903823.1246918280812570001.9408378337914458000-120.009014056430570000000000.548183248015139
Liberia,Liberia,CostsPerMWh,2033,000-147.1741845567973120.9720394499623275.820600837966757e-070060.236779188254275000-76.017578082072890000000000.5290740419557932
Liberia,Liberia,CostsPerMWh,2034,000-127.4430768887281314.6991732628577464.969567745665359e-0700122.95379205975716000-66.428295785430950000000000.2634585939644931
Liberia,Liberia,CostsPerMWh,2035,000-127.5365114718782413.3628847844161354.235427542599999e-0700140.35907692559263000-58.6876663531488560000000000.23864667154489652
Liberia,Liberia,CostsPerMWh,2040,000-37.956544728167558.2973001004423171.7532446475856923e-0700186.8167138827799000-58.023406465696690000000000.14925552625598265
Liberia,Liberia,CostsPerMWh,2045,000-2.27207153865269575.3461364873219434.80886369776081500669.7069050644592000-282.7792958182362032.820494365723423.85469727342855960249.951890680161400000.430883685100944
Liberia,Liberia,CostsPerMWh,2050,00004.383677639738156000572.739068028606000-254.4108704294813006.84220744798982050702.530131124997500000.12379303548267317
Liberia,Liberia,DemandEnergyZone,2026,610.0150000000002
Liberia,Liberia,DemandEnergyZone,2027,679.5859999999998
Liberia,Liberia,DemandEnergyZone,2028,754.6570000000006
Liberia,Liberia,DemandEnergyZone,2029,835.7280000000003
Liberia,Liberia,DemandEnergyZone,2030,924.2990000000004
Liberia,Liberia,DemandEnergyZone,2031,1020.3699999999992
Liberia,Liberia,DemandEnergyZone,2032,1125.9410000000005
Liberia,Liberia,DemandEnergyZone,2033,1241.5120000000006
Liberia,Liberia,DemandEnergyZone,2034,1368.583
Liberia,Liberia,DemandEnergyZone,2035,1505.4412999999995
Liberia,Liberia,DemandEnergyZone,2040,2424.528268
Liberia,Liberia,DemandEnergyZone,2045,3904.727020999997
Liberia,Liberia,DemandEnergyZone,2050,6288.601914999988
Liberia,Liberia,DemandPeakZone,2026,122.26858215632988
Liberia,Liberia,DemandPeakZone,2027,136.21239516815157
Liberia,Liberia,DemandPeakZone,2028,151.2596233726623
Liberia,Liberia,DemandPeakZone,2029,167.51202912180537
Liberia,Liberia,DemandPeakZone,2030,185.26691413206743
Liberia,Liberia,DemandPeakZone,2031,204.5322637427905
Liberia,Liberia,DemandPeakZone,2032,225.69915668306328
Liberia,Liberia,DemandPeakZone,2033,248.86935530482845
Liberia,Liberia,DemandPeakZone,2034,274.34814666391463
Liberia,Liberia,DemandPeakZone,2035,301.78296133030614
Liberia,Liberia,DemandPeakZone,2040,486.0244770392495
Liberia,Liberia,DemandPeakZone,2045,782.7472805367728
Liberia,Liberia,DemandPeakZone,2050,1260.622322860467
Liberia,Liberia,EmissionsIntensityZone,2026,2.2398234925086341e-07
Liberia,Liberia,EmissionsIntensityZone,2027,1.4591930323145245e-07
Liberia,Liberia,EmissionsIntensityZone,2030,3.4182036868111958e-15
Liberia,Liberia,EmissionsIntensityZone,2031,3.1530392290954544e-15
Liberia,Liberia,EmissionsIntensityZone,2033,2.05713767656788e-15
Liberia,Liberia,EmissionsIntensityZone,2034,2.564262062221805e-15
Liberia,Liberia,EmissionsIntensityZone,2035,2.396386688773653e-15
Liberia,Liberia,EmissionsIntensityZone,2040,1.5929294159769801e-15
Liberia,Liberia,EmissionsIntensityZone,2045,6.31727212071198e-08
Liberia,Liberia,EmissionsZone,2026,0.1387995296087423
Liberia,Liberia,EmissionsZone,2027,0.078484456516985
Liberia,Liberia,EmissionsZone,2030,5.80233e-09
Liberia,Liberia,EmissionsZone,2031,5.5122139999999996e-09
Liberia,Liberia,EmissionsZone,2033,4.931981e-09
Liberia,Liberia,EmissionsZone,2034,4.641864e-09
Liberia,Liberia,EmissionsZone,2035,4.351748e-09
Liberia,Liberia,EmissionsZone,2040,2.901165e-09
Liberia,Liberia,EmissionsZone,2045,0.1281550726430013
Liberia,Liberia,GenCostsPerMWh,2026,45.39672548161128
Liberia,Liberia,GenCostsPerMWh,2027,34.7315785375318
Liberia,Liberia,GenCostsPerMWh,2028,49.16435428424284
Liberia,Liberia,GenCostsPerMWh,2029,63.134124864437574
Liberia,Liberia,GenCostsPerMWh,2030,60.92452284886638
Liberia,Liberia,GenCostsPerMWh,2031,59.15791707896043
Liberia,Liberia,GenCostsPerMWh,2032,66.95185028674815
Liberia,Liberia,GenCostsPerMWh,2033,64.01559471999602
Liberia,Liberia,GenCostsPerMWh,2034,81.41872502795847
Liberia,Liberia,GenCostsPerMWh,2035,81.1602997310848
Liberia,Liberia,GenCostsPerMWh,2040,80.92491695089043
Liberia,Liberia,GenCostsPerMWh,2045,83.25365466504745
Liberia,Liberia,GenCostsPerMWh,2050,85.98488556013926
Mali,Mali,CapexInvestmentComponent,2026,279180000.0
Mali,Mali,CapexInvestmentComponent,2027,208550000.0
Mali,Mali,CapexInvestmentComponent,2028,234944999.16014063
Mali,Mali,CapexInvestmentComponent,2029,199264352.75856677
Mali,Mali,CapexInvestmentComponent,2030,732259687.2547939
Mali,Mali,CapexInvestmentComponent,2031,803235365.2490665
Mali,Mali,CapexInvestmentComponent,2032,653298813.246397
Mali,Mali,CapexInvestmentComponent,2033,476250000.0
Mali,Mali,CapexInvestmentComponent,2034,474300000.0
Mali,Mali,CapexInvestmentComponent,2035,142350000.0
Mali,Mali,CapexInvestmentComponent,2045,239973899.43598625
Mali,Mali,CapexInvestmentComponent,2050,369646515.3088168
Mali,Mali,CapexInvestmentComponentCumulated,2026,279180000.0
Mali,Mali,CapexInvestmentComponentCumulated,2027,487730000.0
Mali,Mali,CapexInvestmentComponentCumulated,2028,722674999.1601406
Mali,Mali,CapexInvestmentComponentCumulated,2029,921939351.9187074
Mali,Mali,CapexInvestmentComponentCumulated,2030,1654199039.1735013
Mali,Mali,CapexInvestmentComponentCumulated,2031,2457434404.422568
Mali,Mali,CapexInvestmentComponentCumulated,2032,3110733217.668965
Mali,Mali,CapexInvestmentComponentCumulated,2033,3327292333.891156
Mali,Mali,CapexInvestmentComponentCumulated,2034,3801592333.891156
Mali,Mali,CapexInvestmentComponentCumulated,2035,3943942333.891156
Mali,Mali,CapexInvestmentComponentCumulated,2045,4443607117.104952
Mali,Mali,CapexInvestmentComponentCumulated,2050,4813253632.413768
Mali,Mali,Costs,2026,000-1372.002437289044833.12952164.459950586912002067.596821312073000-283.982441227941140994.0513320444583000000010.561974938148621
Mali,Mali,Costs,2027,000-648.664425790055536.2768605234829349.54930702198746001893.3795909367582000-180.863094238235280299.2208294224726600000003.4979322239450967
Mali,Mali,Costs,2028,000-766.127105446247638.2276567317971125.905644294370692001842.6457319217393000-238.993901006917720157.1609087191822600000002.0559946693315214
Mali,Mali,Costs,2029,000-1149.593128085440231.334178099855980.7286575612613936002131.5382346569895000-215.228923486624604.4205225383191200000000.5018596858062588
Mali,Mali,Costs,2030,000-946.997521567128446.871304747882027.217218874401087e-07001200.8000124781363000-146.8129099846442204.378446117136658e-0600000000.6501977274801354
Mali,Mali,Costs,2031,000-974.055846557411564.381203345068541.3950263736263734e-0700803.5226919159236000-156.51356947096990000000000.8434532684671314
Mali,Mali,Costs,2032,000-1050.494308983893778.589165466812522.790052747252747e-0700582.424432287882000-217.339162925629580000000001.0310489205526834
Mali,Mali,Costs,2033,000-1068.217290174890489.589165466812524.1850791208791207e-0700416.6559778706058000-189.684349108272020000000001.2060239531847672
Mali,Mali,Costs,2034,000-605.5213819761857100.589165466812525.580105494505496e-0700217.66207809578597000-309.44887776024590000000001.4001134549520307
Mali,Mali,Costs,2035,000-576.9900382815566106.589165466812526.97513186813187e-0700205.05636278141387000-404.11763451858910000000001.3990864032467927
Mali,Mali,Costs,2040,000-136.75799793439447106.589165466812521.3950263712554186e-060052.85139165553904000-331.98520428533630000000001.199174136663739
Mali,Mali,Costs,2045,000-171.7623357149358117.31569098980442.0925395604395608e-0600131.11557719908518000-386.959950449048730000000001.1016858905933853
Mali,Mali,Costs,2050,000-176.10851402192333137.125000469821172.790052604633304e-0600195.85267515779637000-475.740201596396840000000001.0014388356588544
Mali,Mali,CostsPerMWh,2026,000-380.52465423814769.18846701758439945.61294071515073500573.4476442244961000-78.762484177133790275.699976283276700000002.9293620420619324
Mali,Mali,CostsPerMWh,2027,000-171.882953709790579.61263434556293313.12956423475726600501.7072983271256000-47.925062048680445079.2874681080074700000000.9268812942779344
Mali,Mali,CostsPerMWh,2028,000-194.122307889016249.6861746532817326.564006705970796500466.8920333971791000-60.556593423017866039.8216406828895100000000.5209506717370048
Mali,Mali,CostsPerMWh,2029,000-278.172912369203067.5820908857106740.1763169864050007600515.7791779325739000-52.0800403287666601.069656384190337700000000.12143754776432916
Mali,Mali,CostsPerMWh,2030,000-219.054080135610210.8420036087447671.6694460182462337e-0700277.7622286961621000-33.9599272609487101.0127972510693815e-0600000000.1504000399744754
Mali,Mali,CostsPerMWh,2031,000-215.382511792800614.2359242929574813.084672048638442e-0800177.67434616713606000-34.608165272510980000000000.18650376586142764
Mali,Mali,CostsPerMWh,2032,000-221.854540177729716.5972942627893155.89232958255712e-0800123.00257460555596000-45.899991690690360000000000.21774785661734342
Mali,Mali,CostsPerMWh,2033,000-215.7099219854925718.0911431328990638.451118503428708e-080084.13721562823862000-38.303813769308420000000000.24353784126779024
Mali,Mali,CostsPerMWh,2034,000-118.6668260162839919.712924023619191.0935590840870363e-070042.6562442228527000-60.6441279055503840000000000.2743867098790332
Mali,Mali,CostsPerMWh,2035,000-109.8337845071974620.289936834180031.327761451125507e-070039.03380451531000-76.926404687101310000000000.2663251431148151
Mali,Mali,CostsPerMWh,2040,000-22.4544467099009617.500992790019632.2905092049744917e-07008.67772836249557000-54.509017320338080000000000.19689372580991374
Mali,Mali,CostsPerMWh,2045,000-23.72299190465177416.203081869232832.890115510239575e-070018.1090561182743000-53.445056704180520000000000.15215958350375025
Mali,Mali,CostsPerMWh,2050,000-20.82149419110374616.212432525448773.298708436834255e-070023.155867055936504000-56.247262655232990000000000.11840116314206585
Mali,Mali,DemandEnergyZone,2026,3605.5546520000007
Mali,Mali,DemandEnergyZone,2027,3773.8729279999984
Mali,Mali,DemandEnergyZone,2028,3946.6206319999983
Mali,Mali,DemandEnergyZone,2029,4132.656621000001
Mali,Mali,DemandEnergyZone,2030,4323.122038999999
Mali,Mali,DemandEnergyZone,2031,4522.446313999994
Mali,Mali,DemandEnergyZone,2032,4735.058872999999
Mali,Mali,DemandEnergyZone,2033,4952.100859999999
Mali,Mali,DemandEnergyZone,2034,5102.701423
Mali,Mali,DemandEnergyZone,2035,5253.301986000001
Mali,Mali,DemandEnergyZone,2040,6090.463937999997
Mali,Mali,DemandEnergyZone,2045,7240.331928000001
Mali,Mali,DemandEnergyZone,2050,8458.015184000002
Mali,Mali,DemandPeakZone,2026,807.9890317074879
Mali,Mali,DemandPeakZone,2027,845.7084213617293
Mali,Mali,DemandPeakZone,2028,884.420426457612
Mali,Mali,DemandPeakZone,2029,926.1102781185192
Mali,Mali,DemandPeakZone,2030,968.7927454518356
Mali,Mali,DemandPeakZone,2031,1013.4604439178704
Mali,Mali,DemandPeakZone,2032,1061.1059887088272
Mali,Mali,DemandPeakZone,2033,1109.7441489320895
Mali,Mali,DemandPeakZone,2034,1143.4930765796664
Mali,Mali,DemandPeakZone,2035,1177.2420042272436
Mali,Mali,DemandPeakZone,2040,1364.846337094148
Mali,Mali,DemandPeakZone,2045,1622.5267256917218
Mali,Mali,DemandPeakZone,2050,1895.4042187917232
Mali,Mali,EmissionsIntensityZone,2026,3.543800400126761e-07
Mali,Mali,EmissionsIntensityZone,2027,1.328868464131419e-07
Mali,Mali,EmissionsIntensityZone,2028,6.316622004849862e-08
Mali,Mali,EmissionsIntensityZone,2029,1.6580252616091383e-09
Mali,Mali,EmissionsIntensityZone,2030,1.0803182311804849e-15
Mali,Mali,EmissionsIntensityZone,2031,1.5187825450220735e-16
Mali,Mali,EmissionsIntensityZone,2032,2.463643078470305e-16
Mali,Mali,EmissionsIntensityZone,2033,3.257632018594588e-16
Mali,Mali,EmissionsIntensityZone,2034,3.863542142272043e-16
Mali,Mali,EmissionsIntensityZone,2035,4.553560073660506e-16
Mali,Mali,EmissionsIntensityZone,2040,9.598347969463502e-16
Mali,Mali,EmissionsIntensityZone,2045,1.3778975255170997e-15
Mali,Mali,EmissionsIntensityZone,2050,1.6203947721163233e-15
Mali,Mali,EmissionsZone,2026,0.9940513320444582
Mali,Mali,EmissionsZone,2027,0.2992208294224726
Mali,Mali,EmissionsZone,2028,0.1571609087191822
Mali,Mali,EmissionsZone,2029,0.0044205225383191
Mali,Mali,EmissionsZone,2030,4.378446117136659e-09
Mali,Mali,EmissionsZone,2031,8.463159999999997e-10
Mali,Mali,EmissionsZone,2032,1.6926319999999994e-09
Mali,Mali,EmissionsZone,2033,2.538948e-09
Mali,Mali,EmissionsZone,2034,3.3852639999999996e-09
Mali,Mali,EmissionsZone,2035,4.23158e-09
Mali,Mali,EmissionsZone,2040,8.46316e-09
Mali,Mali,EmissionsZone,2045,1.269474e-08
Mali,Mali,EmissionsZone,2050,1.692632e-08
Mali,Mali,GenCostsPerMWh,2026,85.09427941387067
Mali,Mali,GenCostsPerMWh,2027,63.43721120750797
Mali,Mali,GenCostsPerMWh,2028,58.607188489579315
Mali,Mali,GenCostsPerMWh,2029,50.315788517031955
Mali,Mali,GenCostsPerMWh,2030,55.88931605591504
Mali,Mali,GenCostsPerMWh,2031,59.22114123579281
Mali,Mali,GenCostsPerMWh,2032,60.10566535719695
Mali,Mali,GenCostsPerMWh,2033,60.67931018034424
Mali,Mali,GenCostsPerMWh,2034,60.797254506424544
Mali,Mali,GenCostsPerMWh,2035,59.594860657514246
Mali,Mali,GenCostsPerMWh,2040,62.78666781412765
Mali,Mali,GenCostsPerMWh,2045,64.00968486169855
Mali,Mali,GenCostsPerMWh,2050,62.1100575634004
Mauritania,Mauritania_Nema,Costs,2026,000-9.9976016541008390.1443.35069999999999670083.705841772090510000069.240533285408650013.62814834917768700000.22337999999999975
Mauritania,Mauritania_Nema,Costs,2027,00000.1442.0587500123.571878213879270000062.23745489377204600000000.13724999999999998
Mauritania,Mauritania_Nema,Costs,2028,00000.1440.725129919110259500120.534050770852560000023.04441609162051200000000.048341994607350634
Mauritania,Mauritania_Nema,Costs,2029,00000.1440.2344500106.684449540643660000074.2461890417920600000000.015629999999999998
Mauritania,Mauritania_Nema,Costs,2030,0000000094.719224714993170000051.2722593798527100000000
Mauritania,Mauritania_Nema,Costs,2031,0000000086.021546580414120000038.0545752841569700000000
Mauritania,Mauritania_Nema,Costs,2032,0000000086.357680850724150000023.16107991145899800000000
Mauritania,Mauritania_Nema,Costs,2033,0000000079.0347783164682000EPS06.37604732231083700000000
Mauritania,Mauritania_Nema,Costs,2034,0000000056.37732562766419000EPS01.730057193241275400000000
Mauritania,Mauritania_Nema,Costs,2035,0000000070.94264469408000EPS03.575417428679317700000000
Mauritania,Mauritania_Nema,Costs,2040,0000000020.695308871443633000EPS00.52728870174696800000000
Mauritania,Mauritania_Nema,Costs,2045,0000000024.633252013133745000EPS01.099088370967990400000000
Mauritania,Mauritania_Nema,Costs,2050,000EPS000035.79706024980842000-0.894926506245210502.933644371684074300000000
Mauritania,Mauritania_Nema,CostsPerMWh,2026,000-79.346044873816271.142857142857144126.5928571428571500664.332077556274600000549.528041947688300108.1599075331563700001.772857142857143
Mauritania,Mauritania_Nema,CostsPerMWh,2027,00000.878048780487805212.55335365853658800753.48706227975200000379.49667618153700000000.8368902439024392
Mauritania,Mauritania_Nema,CostsPerMWh,2028,00000.82758620689655164.16741332821988100692.724429717543300000132.4391729403477600000000.2778275552146588
Mauritania,Mauritania_Nema,CostsPerMWh,2029,00000.77419354838709731.260483870967742600573.572309358299700000399.173059364473700000000.08403225806451617
Mauritania,Mauritania_Nema,CostsPerMWh,2030,00000000448.9062782701099600000242.9964899519086400000000
Mauritania,Mauritania_Nema,CostsPerMWh,2031,00000000385.7468456520813300000170.6483196598967400000000
Mauritania,Mauritania_Nema,CostsPerMWh,2032,00000000365.92237648611940000098.1401691163517300000000
Mauritania,Mauritania_Nema,CostsPerMWh,2033,00000000317.4087482589084000EPS025.60661575225235300000000
Mauritania,Mauritania_Nema,CostsPerMWh,2034,00000000215.18063216665726000EPS06.60327172992853300000000
Mauritania,Mauritania_Nema,CostsPerMWh,2035,00000000256.11063066454875000EPS012.90764414685674500000000
Mauritania,Mauritania_Nema,CostsPerMWh,2040,0000000059.12945391841035000EPS01.50653914784847900000000
Mauritania,Mauritania_Nema,CostsPerMWh,2045,0000000055.10794633810682000EPS02.458810673306466700000000
Mauritania,Mauritania_Nema,CostsPerMWh,2050,000EPS000062.69187434292192000-1.567296858573048205.13773094865862400000000
Mauritania,Mauritania_Nema,DemandEnergyZone,2026,125.99999999999986
Mauritania,Mauritania_Nema,DemandEnergyZone,2027,163.99999999999994
Mauritania,Mauritania_Nema,DemandEnergyZone,2028,174.00000000000003
Mauritania,Mauritania_Nema,DemandEnergyZone,2029,185.9999999999999
Mauritania,Mauritania_Nema,DemandEnergyZone,2030,211.0
Mauritania,Mauritania_Nema,DemandEnergyZone,2031,223.0
Mauritania,Mauritania_Nema,DemandEnergyZone,2032,235.99999999999991
Mauritania,Mauritania_Nema,DemandEnergyZone,2033,249.00000000000009
Mauritania,Mauritania_Nema,DemandEnergyZone,2034,261.99999999999994
Mauritania,Mauritania_Nema,DemandEnergyZone,2035,276.99999999999994
Mauritania,Mauritania_Nema,DemandEnergyZone,2040,350.00000000000017
Mauritania,Mauritania_Nema,DemandEnergyZone,2045,447.0
Mauritania,Mauritania_Nema,DemandEnergyZone,2050,571.0
Mauritania,Mauritania_Nema,DemandPeakZone,2026,24.44629030606268
Mauritania,Mauritania_Nema,DemandPeakZone,2027,32.84956708947589
Mauritania,Mauritania_Nema,DemandPeakZone,2028,34.81867224985384
Mauritania,Mauritania_Nema,DemandPeakZone,2029,37.21995999122308
Mauritania,Mauritania_Nema,DemandPeakZone,2030,42.238626764457166
Mauritania,Mauritania_Nema,DemandPeakZone,2031,44.63991450582639
Mauritania,Mauritania_Nema,DemandPeakZone,2032,47.25729353769128
Mauritania,Mauritania_Nema,DemandPeakZone,2033,49.87467256955618
Mauritania,Mauritania_Nema,DemandPeakZone,2034,52.49205160142103
Mauritania,Mauritania_Nema,DemandPeakZone,2035,55.54161321427717
Mauritania,Mauritania_Nema,DemandPeakZone,2040,70.16543095298825
Mauritania,Mauritania_Nema,DemandPeakZone,2045,89.5918241744377
Mauritania,Mauritania_Nema,DemandPeakZone,2050,114.46906675011265
Mauritania,Mauritania_Nema,EmissionsIntensityZone,2026,7.371000000000002e-07
Mauritania,Mauritania_Nema,EmissionsIntensityZone,2027,7.370999999999987e-07
Mauritania,Mauritania_Nema,EmissionsIntensityZone,2028,7.370999999999997e-07
Mauritania,Mauritania_Nema,EmissionsIntensityZone,2029,7.371e-07
Mauritania,Mauritania_Nema,EmissionsZone,2026,0.0219537863999999
Mauritania,Mauritania_Nema,EmissionsZone,2027,0.0134889299999999
Mauritania,Mauritania_Nema,EmissionsZone,2028,0.0047510512300104
Mauritania,Mauritania_Nema,EmissionsZone,2029,0.0015361164
Mauritania,Mauritania_Nema,GenCostsPerMWh,2026,124.83481063658336
Mauritania,Mauritania_Nema,GenCostsPerMWh,2027,127.86885245901635
Mauritania,Mauritania_Nema,GenCostsPerMWh,2028,142.34082413793865
Mauritania,Mauritania_Nema,GenCostsPerMWh,2029,189.0978886756238
Mauritania,Mauritania_grid,CapexInvestmentComponent,2026,142478400.0
Mauritania,Mauritania_grid,CapexInvestmentComponent,2027,85047067.525
Mauritania,Mauritania_grid,CapexInvestmentComponent,2028,233253810.7612
Mauritania,Mauritania_grid,CapexInvestmentComponent,2029,399978959.47092247
Mauritania,Mauritania_grid,CapexInvestmentComponent,2030,58902627.13634066
Mauritania,Mauritania_grid,CapexInvestmentComponent,2032,51857435.31486174
Mauritania,Mauritania_grid,CapexInvestmentComponent,2033,303250000.0
Mauritania,Mauritania_grid,CapexInvestmentComponent,2040,767023098.6027608
Mauritania,Mauritania_grid,CapexInvestmentComponent,2045,838930469.8407496
Mauritania,Mauritania_grid,CapexInvestmentComponent,2050,825086299.9985323
Mauritania,Mauritania_grid,CapexInvestmentComponentCumulated,2026,142478400.0
Mauritania,Mauritania_grid,CapexInvestmentComponentCumulated,2027,227525467.525
Mauritania,Mauritania_grid,CapexInvestmentComponentCumulated,2028,460779278.2862
Mauritania,Mauritania_grid,CapexInvestmentComponentCumulated,2029,832702771.4821224
Mauritania,Mauritania_grid,CapexInvestmentComponentCumulated,2030,919660864.8934631
Mauritania,Mauritania_grid,CapexInvestmentComponentCumulated,2032,106175528.7262024
Mauritania,Mauritania_grid,CapexInvestmentComponentCumulated,2033,1168592771.4821224
Mauritania,Mauritania_grid,CapexInvestmentComponentCumulated,2040,2041791398.8110852
Mauritania,Mauritania_grid,CapexInvestmentComponentCumulated,2045,2880721868.651835
Mauritania,Mauritania_grid,CapexInvestmentComponentCumulated,2050,3705808168.6503673
Mauritania,Mauritania_grid,Costs,2026,000-1186.508229183472427.068099999999998258.937533651760530061.895617783094565000001648.0345978011160013.109638714306556000017.44005221880826
Mauritania,Mauritania_grid,Costs,2027,000-715.133961604926529.58241177.9542925597717200127.56974495611078000001182.8911396578515000000012.193360573984814
Mauritania,Mauritania_grid,Costs,2028,000-440.7996792773238338.1613162.3200709432072100283.913068290382200000439.0358582972525600000005.01455520921678
Mauritania,Mauritania_grid,Costs,2029,000-1727.350727169796352.497473421896856155.29089992827986002.0116426414006185000-31.21024140420609801407.085034259769800000009.131541708983526
Mauritania,Mauritania_grid,Costs,2030,000-817.115769221477542.32387664501092104.102651658113320091.65099903308139000-0.26631679999999750975.873903646865100000006.194288913478886
Mauritania,Mauritania_grid,Costs,2031,000-521.042021321038342.3238766450109277.2933115432513200185.3401202829968000-6.8678837216654030724.572765275921500000004.77605687954433
Mauritania,Mauritania_grid,Costs,2032,000-304.058396717507743.2797929454583946.9580815944219800378.4747400569191000-21.6448300813693140440.1586584868377400000003.1940949813761397
Mauritania,Mauritania_grid,Costs,2033,000-196.474693877495447.6247929454583912.92442024792737800529.4137278840047000-25.8425902300000030121.1448991239059900000001.619849431912884
Mauritania,Mauritania_grid,Costs,2034,000-132.149360536089447.624792945458393.506872689002586500433.24220360555523000-99.71453265351487032.8710866715842500000001.1598464720315882
Mauritania,Mauritania_grid,Costs,2035,000-139.9497205672170747.624792945458397.235693896243037500572.8249020384632000-175.33235450736862067.8167623475853400000001.2705697322326046
Mauritania,Mauritania_grid,Costs,2040,000-46.69679808478680.76625061611841.069744588158085600158.93082724767405000-45.18363174798378010.02752456807947600000000.39048329626323025
Mauritania,Mauritania_grid,Costs,2045,000-67.90686623910287116.694031836771052.228380240612138700144.81378591749305000-72.7785992667819020.8875966697384500000000.413082845763573
Mauritania,Mauritania_grid,Costs,2050,000-57.52663445931679156.71523023792315.94241070129313200166.40665784944053000-133.99088728084612055.69814121440817400000000.5785895424040255
Mauritania,Mauritania_grid,CostsPerMWh,2026,000-395.63462126824729.0257085695231886.341291647802850020.63875217842434400000549.5280419476883004.3713366836634100005.815289169325866
Mauritania,Mauritania_grid,CostsPerMWh,2027,000-229.430209048741129.49066730830926657.0915279306293260040.927091740811900000379.49667618153700000003.911889821618481
Mauritania,Mauritania_grid,CostsPerMWh,2028,000-132.9712456341852411.51170739064857318.7994180824154570085.6449678100700900000132.4391729403477300000001.5126863376219555
Mauritania,Mauritania_grid,CostsPerMWh,2029,000-490.028575083630114.89290026153102244.054156008022645000.5706787635179059000-8.853969192682580399.1730593644736600000002.590508286236461
Mauritania,Mauritania_grid,CostsPerMWh,2030,000-203.4650819774595610.5388139056302125.921975014470450022.821463902659712000-0.066313944223106960242.9964899519086700000001.5424026178981292
Mauritania,Mauritania_grid,CostsPerMWh,2031,000-122.71361783349949.96794080193380318.203794522668710043.65052291168084000-1.617494988616440170.6483196598967400000001.1248367591955561
Mauritania,Mauritania_grid,CostsPerMWh,2032,000-67.794514318284859.64989809263285810.470029341008240084.38678708069541000-4.826049070539422098.1401691163517400000000.712172794063799
Mauritania,Mauritania_grid,CostsPerMWh,2033,000-41.52921028904993510.0665383524536782.731858010553237700111.9031341965767000-5.462394891143518025.60661575225235600000000.3423904950143485
Mauritania,Mauritania_grid,CostsPerMWh,2034,000-26.5466774881658029.5670536250418580.70447422438782350087.03137878777723000-20.0310431204328706.60327172992853400000000.232994470074646
Mauritania,Mauritania_grid,CostsPerMWh,2035,000-26.63679493095119.0644828598131681.377178130232782100109.02643738836375000-33.371213267485466012.90764414685674500000000.24182903163924718
Mauritania,Mauritania_grid,CostsPerMWh,2040,000-7.01574490456520412.1343525565081710.160718838365096980023.877828612931793000-6.788406212136985501.506539147848478900000000.05866636061647088
Mauritania,Mauritania_grid,CostsPerMWh,2045,000-7.993745290065076513.736790092615770.26231668518094610017.0469436041781000-8.56722769473594402.458810673306466700000000.04862658572849591
Mauritania,Mauritania_grid,CostsPerMWh,2050,000-5.30639557783569414.4557910006385950.54814230248991120015.349751669536063000-12.3596427710401305.13773094865862400000000.05337049556351122
Mauritania,Mauritania_grid,DemandEnergyZone,2026,2998.9999999999977
Mauritania,Mauritania_grid,DemandEnergyZone,2027,3117.000000000002
Mauritania,Mauritania_grid,DemandEnergyZone,2028,3314.999999999998
Mauritania,Mauritania_grid,DemandEnergyZone,2029,3525.0000000000005
Mauritania,Mauritania_grid,DemandEnergyZone,2030,4016.0
Mauritania,Mauritania_grid,DemandEnergyZone,2031,4245.999999999999
Mauritania,Mauritania_grid,DemandEnergyZone,2032,4485.000000000002
Mauritania,Mauritania_grid,DemandEnergyZone,2033,4731.000000000004
Mauritania,Mauritania_grid,DemandEnergyZone,2034,4978.000000000002
Mauritania,Mauritania_grid,DemandEnergyZone,2035,5254.0
Mauritania,Mauritania_grid,DemandEnergyZone,2040,6656.000000000001
Mauritania,Mauritania_grid,DemandEnergyZone,2045,8495.000000000005
Mauritania,Mauritania_grid,DemandEnergyZone,2050,10841.000000000004
Mauritania,Mauritania_grid,DemandPeakZone,2026,601.0648827747041
Mauritania,Mauritania_grid,DemandPeakZone,2027,624.4537698628271
Mauritania,Mauritania_grid,DemandPeakZone,2028,664.1709214677088
Mauritania,Mauritania_grid,DemandPeakZone,2029,706.0975530693806
Mauritania,Mauritania_grid,DemandPeakZone,2030,804.9096824087588
Mauritania,Mauritania_grid,DemandPeakZone,2031,850.9663320757655
Mauritania,Mauritania_grid,DemandPeakZone,2032,898.7759956126554
Mauritania,Mauritania_grid,DemandPeakZone,2033,947.9064904384344
Mauritania,Mauritania_grid,DemandPeakZone,2034,997.2530765547106
Mauritania,Mauritania_grid,DemandPeakZone,2035,1052.578598478493
Mauritania,Mauritania_grid,DemandPeakZone,2040,1333.7684087437256
Mauritania,Mauritania_grid,DemandPeakZone,2045,1702.293226406152
Mauritania,Mauritania_grid,DemandPeakZone,2050,2172.4163069498595
Mauritania,Mauritania_grid,EmissionsIntensityZone,2026,3.9487386852145613e-07
Mauritania,Mauritania_grid,EmissionsIntensityZone,2027,3.201629987035791e-07
Mauritania,Mauritania_grid,EmissionsIntensityZone,2028,1.2607488778137157e-07
Mauritania,Mauritania_grid,EmissionsIntensityZone,2029,2.2137956905346598e-07
Mauritania,Mauritania_grid,EmissionsIntensityZone,2030,1.7972448503075713e-07
Mauritania,Mauritania_grid,EmissionsIntensityZone,2031,1.516105164871682e-07
Mauritania,Mauritania_grid,EmissionsIntensityZone,2032,1.0724750745055296e-07
Mauritania,Mauritania_grid,EmissionsIntensityZone,2033,3.2912323516252014e-08
Mauritania,Mauritania_grid,EmissionsIntensityZone,2034,9.495470208656704e-09
Mauritania,Mauritania_grid,EmissionsIntensityZone,2035,1.9345720750635737e-08
Mauritania,Mauritania_grid,EmissionsIntensityZone,2040,1.451872178599732e-09
Mauritania,Mauritania_grid,EmissionsIntensityZone,2045,2.038443485195089e-09
Mauritania,Mauritania_grid,EmissionsIntensityZone,2050,3.999054866975482e-09
Mauritania,Mauritania_grid,EmissionsZone,2026,1.6953213446865247
Mauritania,Mauritania_grid,EmissionsZone,2027,1.2316396645516237
Mauritania,Mauritania_grid,EmissionsZone,2028,0.4573292231588626
Mauritania,Mauritania_grid,EmissionsZone,2029,1.479795106901562
Mauritania,Mauritania_grid,EmissionsZone,2030,1.0271461630267178
Mauritania,Mauritania_grid,EmissionsZone,2031,0.7626273405600783
Mauritania,Mauritania_grid,EmissionsZone,2032,0.4633197383982966
Mauritania,Mauritania_grid,EmissionsZone,2033,0.1275209464462168
Mauritania,Mauritania_grid,EmissionsZone,2034,0.0346011438648255
Mauritania,Mauritania_grid,EmissionsZone,2035,0.0713921797762646
Mauritania,Mauritania_grid,EmissionsZone,2040,0.0105548132698264
Mauritania,Mauritania_grid,EmissionsZone,2045,0.0219866850407064
Mauritania,Mauritania_grid,EmissionsZone,2050,0.0586317855860922
Mauritania,Mauritania_grid,GenCostsPerMWh,2026,74.20528764926561
Mauritania,Mauritania_grid,GenCostsPerMWh,2027,63.487833846712434
Mauritania,Mauritania_grid,GenCostsPerMWh,2028,42.77930202183407
Mauritania,Mauritania_grid,GenCostsPerMWh,2029,46.23177706353003
Mauritania,Mauritania_grid,GenCostsPerMWh,2030,43.991138137635936
Mauritania,Mauritania_grid,GenCostsPerMWh,2031,44.36960597960683
Mauritania,Mauritania_grid,GenCostsPerMWh,2032,45.90561087470003
Mauritania,Mauritania_grid,GenCostsPerMWh,2033,50.96797647778304
Mauritania,Mauritania_grid,GenCostsPerMWh,2034,51.48273808764432
Mauritania,Mauritania_grid,GenCostsPerMWh,2035,51.87625924859898
Mauritania,Mauritania_grid,GenCostsPerMWh,2040,41.21045344723599
Mauritania,Mauritania_grid,GenCostsPerMWh,2045,39.65691682551081
Mauritania,Mauritania_grid,GenCostsPerMWh,2050,38.28158286646743
Niger,Niger,CapexInvestmentComponent,2026,22560000.0
Niger,Niger,CapexInvestmentComponent,2027,355441704.3407391
Niger,Niger,CapexInvestmentComponent,2028,299448124.72821504
Niger,Niger,CapexInvestmentComponent,2029,627850000.0
Niger,Niger,CapexInvestmentComponent,2030,759014307.2131559
Niger,Niger,CapexInvestmentComponent,2031,504390763.46757746
Niger,Niger,CapexInvestmentComponent,2032,185153603.0624852
Niger,Niger,CapexInvestmentComponent,2033,54676361.94645933
Niger,Niger,CapexInvestmentComponent,2034,61955817.22799517
Niger,Niger,CapexInvestmentComponent,2035,61152544.43203215
Niger,Niger,CapexInvestmentComponent,2040,312403731.91187567
Niger,Niger,CapexInvestmentComponent,2045,706286611.9941856
Niger,Niger,CapexInvestmentComponent,2050,852978423.4939097
Niger,Niger,CapexInvestmentComponentCumulated,2026,22560000.0
Niger,Niger,CapexInvestmentComponentCumulated,2027,378001704.3407391
Niger,Niger,CapexInvestmentComponentCumulated,2028,677449829.0689541
Niger,Niger,CapexInvestmentComponentCumulated,2029,1187691992.268386
Niger,Niger,CapexInvestmentComponentCumulated,2030,2064314136.2821097
Niger,Niger,CapexInvestmentComponentCumulated,2031,2568704899.749687
Niger,Niger,CapexInvestmentComponentCumulated,2032,2753858502.8121724
Niger,Niger,CapexInvestmentComponentCumulated,2033,2436870017.316421
Niger,Niger,CapexInvestmentComponentCumulated,2034,2870490681.9866266
Niger,Niger,CapexInvestmentComponentCumulated,2035,2931643226.418659
Niger,Niger,CapexInvestmentComponentCumulated,2040,3244046958.3305345
Niger,Niger,CapexInvestmentComponentCumulated,2045,3950333570.324721
Niger,Niger,CapexInvestmentComponentCumulated,2050,4803311993.81863
Niger,Niger,Costs,2026,000-2906.36926388340212.330456288.41678915999876000.4781947913489006000-1.2040572983096353e-1401727.45462475901080.635202019287296502149.993523092057000014.720518620000007
Niger,Niger,Costs,2027,000-1649.231374428029819.75149421054003469.22103731591636000000-650.481799045727602394.63724712667040074.53969350692937000018.404512841929026
Niger,Niger,Costs,2028,000-1570.904528904487324.77109301531423439.9273418519687000000-695.381942986558602213.05630701953170021.13754326634509000016.124742697820686
Niger,Niger,Costs,2029,000-1387.03584401614832.52109301531423320.64374017942015000000-795.682077991926701571.1543268791613000000012.31170056642679
Niger,Niger,Costs,2030,000-445.9966000249162343.628812930102870.0001626014285714285700184.13910646376567000-39.338516932694160000000000.40529086272321424
Niger,Niger,Costs,2031,000-570.245802110097857.560527204996010.000157146846938775530010.060870148994926000-121.043403021716910000000000.40529056541680264
Niger,Niger,Costs,2032,000-91.4137148303990463.8584621924762740.00015169226530612246000000-369.57930290916880000000000.3271248851904207
Niger,Niger,Costs,2033,000-91.9148926299826966.101594990279740.00014623768367346942000000-278.426349539083450000000000.32402833316493246
Niger,Niger,Costs,2034,000-97.6261512796951268.736006291538770.00014078310204081635003.092951131656916000-295.14489934042160000000000.3201395816904138
Niger,Niger,Costs,2035,000-115.443395870536371.372989836372030.0001353285204081633002.549040813715127000-325.27469186473220000000000.3161576649412761
Niger,Niger,Costs,2040,000-79.1787921622955286.157420105996120.000108055612244897980016.457879667872778000-237.778778018696930000000000.34358607007347697
Niger,Niger,Costs,2045,000-70.9375023617072114.489943664538978.078270408163266e-050021.06948332215288000-238.45884435110370000000000.30101174830647826
Niger,Niger,Costs,2050,000-20.54799971583865149.780250456859055.350979591836735e-05000.04880174758710648000-238.808673145067810000000000.29497657572098385
Niger,Niger,CostsPerMWh,2026,000-1561.32634952403656.624026098019973154.93995830348496000.2568903192089841000-6.468298469670906e-150928.00335344848460.3412359407692658301154.994852383049900007.907988116195297
Niger,Niger,CostsPerMWh,2027,000-828.75948463719949.925373975145726235.78946598789724000000-326.875275902375101203.33530006365140037.4571324155423300009.248498915542207
Niger,Niger,CostsPerMWh,2028,000-732.813358654480711.555500373249393205.22229519021292000000-324.389654375133501032.3716020918475009.86048088200307800007.522052827786926
Niger,Niger,CostsPerMWh,2029,000-600.658922272713314.083330842517068138.85547676403104000000-344.571873538964950680.391836143753200000005.33160900309666
Niger,Niger,CostsPerMWh,2030,000-179.29511558790617.539221278433316.536740847092606e-050074.02577144271986000-15.8144791689222720000000000.16293100008973435
Niger,Niger,CostsPerMWh,2031,000-215.7273749031704421.7754894223296425.944958584345195e-05003.806086951369268000-45.7914385105459160000000000.15332382882409698
Niger,Niger,CostsPerMWh,2032,000-32.54323866418657522.7335819325724525.400237374147967e-05000000-131.570054692900160000000000.1164563023338193
Niger,Niger,CostsPerMWh,2033,000-30.79225883751514622.1445879364421254.8990848801832304e-05000000-93.275158974567320000000000.10855220541538776
Niger,Niger,CostsPerMWh,2034,000-30.66147967327104221.587941674478234.421579837965332e-05000.9714042498922462000-92.696262355659940000000000.10054635103342127
Niger,Niger,CostsPerMWh,2035,000-34.1245627758014121.0975435519869734.000251859537781e-05000.7534853129515587000-96.149775898531420000000000.09345482262526625
Niger,Niger,CostsPerMWh,2040,000-17.24410076902755418.7639542576240862.3533092831103976e-05003.5843099861337926000-51.785094176306140000000000.07482853240596123
Niger,Niger,CostsPerMWh,2045,000-11.38259412654795218.370995833203511.2962349989680743e-05003.3807981551038875000-38.26298009893680000000000.04830018599787633
Niger,Niger,CostsPerMWh,2050,000-2.42922971779365217.7073506219643246.326045758009983e-06000.005769449929838349000-28.2324865531171450000000000.034872779526178684
Niger,Niger,DemandEnergyZone,2026,1861.4745500000024
Niger,Niger,DemandEnergyZone,2027,1990.000000000004
Niger,Niger,DemandEnergyZone,2028,2143.662517
Niger,Niger,DemandEnergyZone,2029,2309.190445000001
Niger,Niger,DemandEnergyZone,2030,2487.5000000000005
Niger,Niger,DemandEnergyZone,2031,2643.363190999999
Niger,Niger,DemandEnergyZone,2032,2808.992545999999
Niger,Niger,DemandEnergyZone,2033,2984.9999999999995
Niger,Niger,DemandEnergyZone,2034,3184.000000000004
Niger,Niger,DemandEnergyZone,2035,3383.0000000000045
Niger,Niger,DemandEnergyZone,2040,4591.645178999997
Niger,Niger,DemandEnergyZone,2045,6232.103295000006
Niger,Niger,DemandEnergyZone,2050,8458.648256
Niger,Niger,DemandPeakZone,2026,429.7002859647701
Niger,Niger,DemandPeakZone,2027,459.3689282889261
Niger,Niger,DemandPeakZone,2028,494.840177415772
Niger,Niger,DemandPeakZone,2029,533.0504220786726
Niger,Niger,DemandPeakZone,2030,574.2111603611577
Niger,Niger,DemandPeakZone,2031,610.1904101158838
Niger,Niger,DemandPeakZone,2032,648.4240680533202
Niger,Niger,DemandPeakZone,2033,689.0533924333888
Niger,Niger,DemandPeakZone,2034,734.9902852622816
Niger,Niger,DemandPeakZone,2035,780.9271780911741
Niger,Niger,DemandPeakZone,2040,1059.9292085267648
Niger,Niger,DemandPeakZone,2045,1438.6103576149385
Niger,Niger,DemandPeakZone,2050,1952.5830071138696
Niger,Niger,EmissionsIntensityZone,2026,7.71383689281605e-07
Niger,Niger,EmissionsIntensityZone,2027,6.917022186418485e-07
Niger,Niger,EmissionsIntensityZone,2028,6.024502807169772e-07
Niger,Niger,EmissionsIntensityZone,2029,4.046426408943609e-07
Niger,Niger,EmissionsIntensityZone,2030,2.3978218441550854e-13
Niger,Niger,EmissionsIntensityZone,2031,1.647049323025524e-13
Niger,Niger,EmissionsIntensityZone,2032,1.4766530929052108e-13
Niger,Niger,EmissionsIntensityZone,2033,1.3701632241489128e-13
Niger,Niger,EmissionsIntensityZone,2034,1.2736328870675365e-13
Niger,Niger,EmissionsIntensityZone,2035,1.1863046370135441e-13
Niger,Niger,EmissionsIntensityZone,2040,7.900737488739449e-14
Niger,Niger,EmissionsIntensityZone,2045,4.401425662370634e-14
Niger,Niger,EmissionsIntensityZone,2050,2.205661718858254e-14
Niger,Niger,EmissionsZone,2026,1.7274546247590106
Niger,Niger,EmissionsZone,2027,2.3946372471266706
Niger,Niger,EmissionsZone,2028,2.2130563070195315
Niger,Niger,EmissionsZone,2029,1.5711543268791612
Niger,Niger,EmissionsZone,2030,7.96747e-07
Niger,Niger,EmissionsZone,2031,7.700195499999999e-07
Niger,Niger,EmissionsZone,2032,7.432921e-07
Niger,Niger,EmissionsZone,2033,7.1656465e-07
Niger,Niger,EmissionsZone,2034,6.898372e-07
Niger,Niger,EmissionsZone,2035,6.631097500000001e-07
Niger,Niger,EmissionsZone,2040,5.294725e-07
Niger,Niger,EmissionsZone,2045,3.9583525e-07
Niger,Niger,EmissionsZone,2050,2.62198e-07
Niger,Niger,GenCostsPerMWh,2026,141.93873411783676
Niger,Niger,GenCostsPerMWh,2027,158.51969998999084
Niger,Niger,GenCostsPerMWh,2028,151.18571880230652
Niger,Niger,GenCostsPerMWh,2029,130.11121473524733
Niger,Niger,GenCostsPerMWh,2030,79.61638037843993
Niger,Niger,GenCostsPerMWh,2031,71.4961430970521
Niger,Niger,GenCostsPerMWh,2032,71.60888045709916
Niger,Niger,GenCostsPerMWh,2033,70.46046920969515
Niger,Niger,GenCostsPerMWh,2034,69.73568863203543
Niger,Niger,GenCostsPerMWh,2035,69.20619852294018
Niger,Niger,GenCostsPerMWh,2040,64.90134703407139
Niger,Niger,GenCostsPerMWh,2045,60.155549098272516
Niger,Niger,GenCostsPerMWh,2050,56.429044399606745
Nigeria,Nigeria,CapexInvestmentComponent,2026,1227600000.0
Nigeria,Nigeria,CapexInvestmentComponent,2027,971226000.0
Nigeria,Nigeria,CapexInvestmentComponent,2028,1222854000.0
Nigeria,Nigeria,CapexInvestmentComponent,2029,1529010000.0
Nigeria,Nigeria,CapexInvestmentComponent,2030,2817000000.0
Nigeria,Nigeria,CapexInvestmentComponent,2031,2787900000.0
Nigeria,Nigeria,CapexInvestmentComponent,2032,2749800000.0
Nigeria,Nigeria,CapexInvestmentComponent,2033,2403060822.442049
Nigeria,Nigeria,CapexInvestmentComponent,2034,1902309401.4160323
Nigeria,Nigeria,CapexInvestmentComponent,2035,1843500000.0
Nigeria,Nigeria,CapexInvestmentComponent,2040,20227182539.043617
Nigeria,Nigeria,CapexInvestmentComponent,2045,17547450660.57293
Nigeria,Nigeria,CapexInvestmentComponent,2050,14420684190.470758
Nigeria,Nigeria,CapexInvestmentComponentCumulated,2026,1227600000.0
Nigeria,Nigeria,CapexInvestmentComponentCumulated,2027,2198826000.0
Nigeria,Nigeria,CapexInvestmentComponentCumulated,2028,3421680000.0
Nigeria,Nigeria,CapexInvestmentComponentCumulated,2029,4950690000.0
Nigeria,Nigeria,CapexInvestmentComponentCumulated,2030,7767690000.0
Nigeria,Nigeria,CapexInvestmentComponentCumulated,2031,10555590000.0
Nigeria,Nigeria,CapexInvestmentComponentCumulated,2032,13305390000.0
Nigeria,Nigeria,CapexInvestmentComponentCumulated,2033,15708450822.442047
Nigeria,Nigeria,CapexInvestmentComponentCumulated,2034,17610760223.85808
Nigeria,Nigeria,CapexInvestmentComponentCumulated,2035,19454260223.85808
Nigeria,Nigeria,CapexInvestmentComponentCumulated,2040,39681442762.901695
Nigeria,Nigeria,CapexInvestmentComponentCumulated,2045,57228893423.474625
Nigeria,Nigeria,CapexInvestmentComponentCumulated,2050,71649577613.94539
Nigeria,Nigeria,Costs,2026,000-0.4781947913489006159.01121271.9458539840018007922.744502353417000-1.2040572983096353e-14011584.49147013113475.14121567126583018457.11113643793000088.48039430400003
Nigeria,Nigeria,Costs,2027,000-434.4214310125877191.441199999999981591.3018155840007007143.728803145798000-650.4817990457276014493.08730501117735.65699433293062010325.6449118668570000103.88486390400008
Nigeria,Nigeria,Costs,2028,000-730.3199999999999215.64121800.0757419840018007187.558340367229000-695.3819429865586016394.53598853117719.4208841281532507681.7627236327850000117.78829790400013
Nigeria,Nigeria,Costs,2029,000-1391.5682906779793252.138099999999982159.3483916419973006046.639047214923000-795.6820779919267019666.680736185685001722.2666074630770000148.1332445040001
Nigeria,Nigeria,Costs,2030,000-184.13910646376567299.97691990.800346712309002363.604125198702000-152.54275942258667018131.5761652028560000000123.72454618778316
Nigeria,Nigeria,Costs,2031,000-10.660034236361549357.48586085707811793.2375910044702002491.589856860346000-292.8336461309641016332.2360047771530000000101.69787977439125
Nigeria,Nigeria,Costs,2032,000-14.722957444583754405.38749873216451658.802310959483002397.363578617118000-536.0193986601275015107.841468849954000000086.68884054054573
Nigeria,Nigeria,Costs,2033,000-205.89315528193887458.28176529091751672.7055152644443001549.8770485684634000-336.12465548178653015234.468205771442000000084.97831349171362
Nigeria,Nigeria,Costs,2034,000-222.43183567455048497.370021753043261679.2339847423436001716.9317629648133000-404.38111923763097015293.928127037347000000085.76303221661284
Nigeria,Nigeria,Costs,2035,000-202.13808131340681535.37002175304331690.7605001468862002036.7444485512983000-557.0405193376406015398.908712742808000000087.04444139232223
Nigeria,Nigeria,Costs,2040,000-229.007979743192861052.97298003885931142.0341069049348001406.7331599241227000-261.32624197093776010401.280712090347000000062.38453501289116
Nigeria,Nigeria,Costs,2045,000-261.020859765007971575.2991016111655828.0066624806893001397.0800137222009000-257.447475633258707541.2185222083535000000047.28706172326386
Nigeria,Nigeria,Costs,2050,000-4.8987979900326122099.770386952262557.6662586828949001367.081707407178000-334.236970141409705079.044456185747000000034.289926925293045
Nigeria,Nigeria,CostsPerMWh,2026,000-0.0121180675161801214.02954714749895532.2327344721274800200.77247709482882000-3.051235165717188e-160293.565827807682071.90417449379511020467.7267986840213300002.2422063381526973
Nigeria,Nigeria,CostsPerMWh,2027,000-10.2054585290420854.49735001055562637.3829731380386900167.82097483840622000-15.2811637505643820340.47261688798250.83765659554781020242.5707697892515600002.4404704618192143
Nigeria,Nigeria,CostsPerMWh,2028,000-15.9047669663802084.69619212721901139.2016995263576200156.529248084132000-15.1438927536284140357.03701722467170.422944238606842940167.291935056421300002.565170650577408
Nigeria,Nigeria,CostsPerMWh,2029,000-28.623787378802415.18634077309924144.416597915583400124.37600914254809000-16.3667387178449420404.53270716962340035.42606820799023400003.047018621234057
Nigeria,Nigeria,CostsPerMWh,2030,000-3.57748123509684975.82799466838782438.677557526809450045.92044334026221000-2.96362282767773650352.262888309966400000002.4037384062942957
Nigeria,Nigeria,CostsPerMWh,2031,000-0.19725252631692246.61489331207874433.1819426907239150046.104204068585645000-5.418573262447940302.210550258614500000001.8818104390460377
Nigeria,Nigeria,CostsPerMWh,2032,000-0.259473583849993647.14444414717204429.2343017456488570042.25051399330565000-9.4466668742989020266.256680080411500000001.5277816443822476
Nigeria,Nigeria,CostsPerMWh,2033,000-3.45597779867589557.6923956224509928.076859167856680026.0151468522363000-5.6419522316900380255.715076208744700000001.4263862457891272
Nigeria,Nigeria,CostsPerMWh,2034,000-3.55562143303933287.95056833538823226.84292169387990027.445528905294974000-6.464120436345720244.4767786002626600000001.3709407854638374
Nigeria,Nigeria,CostsPerMWh,2035,000-3.0772325075019148.15016163098013625.7391538479350930031.00621211912344000-8.4800606741874990234.4240242264718600000001.3251139167315007
Nigeria,Nigeria,CostsPerMWh,2040,000-2.829813451733166613.01141168341359314.1119251900379240017.382767287918984000-3.2291648336861830128.5268928503391800000000.7708753055573191
Nigeria,Nigeria,CostsPerMWh,2045,000-2.71315148791112816.374266429469358.6066205985693890014.521788493738748000-2.6760083550494023078.3863338455505700000000.49151995740463794
Nigeria,Nigeria,CostsPerMWh,2050,000-0.04358915225426645418.68360591355044.9620742692911120012.164194728878243000-2.9740165261237133045.19297234899751500000000.30510930407324655
Nigeria,Nigeria,DemandEnergyZone,2026,39461.30773
Nigeria,Nigeria,DemandEnergyZone,2027,42567.556350000064
Nigeria,Nigeria,DemandEnergyZone,2028,45918.308740000015
Nigeria,Nigeria,DemandEnergyZone,2029,48615.79889000003
Nigeria,Nigeria,DemandEnergyZone,2030,51471.71833000003
Nigeria,Nigeria,DemandEnergyZone,2031,54042.57393
Nigeria,Nigeria,DemandEnergyZone,2032,56741.64293
Nigeria,Nigeria,DemandEnergyZone,2033,59575.94847999998
Nigeria,Nigeria,DemandEnergyZone,2034,62557.79470999997
Nigeria,Nigeria,DemandEnergyZone,2035,65688.27049000005
Nigeria,Nigeria,DemandEnergyZone,2040,80926.88216000001
Nigeria,Nigeria,DemandEnergyZone,2045,96205.78169999992
Nigeria,Nigeria,DemandEnergyZone,2050,112385.71379999995
Nigeria,Nigeria,DemandPeakZone,2026,5739.1326710554
Nigeria,Nigeria,DemandPeakZone,2027,6190.896030297799
Nigeria,Nigeria,DemandPeakZone,2028,6678.2192743916
Nigeria,Nigeria,DemandPeakZone,2029,7070.5340433377005
Nigeria,Nigeria,DemandPeakZone,2030,7485.8902884411
Nigeria,Nigeria,DemandPeakZone,2031,7859.7877134624
Nigeria,Nigeria,DemandPeakZone,2032,8252.332105531
Nigeria,Nigeria,DemandPeakZone,2033,8664.5448910391
Nigeria,Nigeria,DemandPeakZone,2034,9098.2155461651
Nigeria,Nigeria,DemandPeakZone,2035,9553.502433581
Nigeria,Nigeria,DemandPeakZone,2040,11769.7598029
Nigeria,Nigeria,DemandPeakZone,2045,13991.876517699
Nigeria,Nigeria,DemandPeakZone,2050,16345.036674092002
Nigeria,Nigeria,EmissionsIntensityZone,2026,4.409508019510914e-07
Nigeria,Nigeria,EmissionsIntensityZone,2027,4.256403279075408e-07
Nigeria,Nigeria,EmissionsIntensityZone,2028,4.220087241995524e-07
Nigeria,Nigeria,EmissionsIntensityZone,2029,4.329280904634882e-07
Nigeria,Nigeria,EmissionsIntensityZone,2030,3.7682784392446825e-07
Nigeria,Nigeria,EmissionsIntensityZone,2031,3.273357150616859e-07
Nigeria,Nigeria,EmissionsIntensityZone,2032,2.877969006169144e-07
Nigeria,Nigeria,EmissionsIntensityZone,2033,2.693921353229649e-07
Nigeria,Nigeria,EmissionsIntensityZone,2034,2.5723303737635774e-07
Nigeria,Nigeria,EmissionsIntensityZone,2035,2.468081192230375e-07
Nigeria,Nigeria,EmissionsIntensityZone,2040,1.1888714206891454e-07
Nigeria,Nigeria,EmissionsIntensityZone,2045,6.242988408154836e-08
Nigeria,Nigeria,EmissionsIntensityZone,2050,3.281474000644499e-08
Nigeria,Nigeria,EmissionsZone,2026,11.584491470131134
Nigeria,Nigeria,EmissionsZone,2027,14.493087305011176
Nigeria,Nigeria,EmissionsZone,2028,16.394535988531178
Nigeria,Nigeria,EmissionsZone,2029,19.666680736185683
Nigeria,Nigeria,EmissionsZone,2030,18.13159700390285
Nigeria,Nigeria,EmissionsZone,2031,16.33225621345615
Nigeria,Nigeria,EmissionsZone,2032,15.107861047507956
Nigeria,Nigeria,EmissionsZone,2033,15.23448715440844
Nigeria,Nigeria,EmissionsZone,2034,15.293946445653347
Nigeria,Nigeria,EmissionsZone,2035,15.398926401337809
Nigeria,Nigeria,EmissionsZone,2040,10.401295250580343
Nigeria,Nigeria,EmissionsZone,2045,7.541229910593354
Nigeria,Nigeria,EmissionsZone,2050,5.079052694465747
Nigeria,Nigeria,GenCostsPerMWh,2026,62.54856885091962
Nigeria,Nigeria,GenCostsPerMWh,2027,62.054266106179426
Nigeria,Nigeria,GenCostsPerMWh,2028,63.97218048698235
Nigeria,Nigeria,GenCostsPerMWh,2029,67.5641873642771
Nigeria,Nigeria,GenCostsPerMWh,2030,66.99187113909402
Nigeria,Nigeria,GenCostsPerMWh,2031,67.28994349440407
Nigeria,Nigeria,GenCostsPerMWh,2032,67.5831341829561
Nigeria,Nigeria,GenCostsPerMWh,2033,68.3956446241842
Nigeria,Nigeria,GenCostsPerMWh,2034,69.22878534708232
Nigeria,Nigeria,GenCostsPerMWh,2035,69.91667794671655
Nigeria,Nigeria,GenCostsPerMWh,2040,74.63071524515763
Nigeria,Nigeria,GenCostsPerMWh,2045,72.03085012242569
Nigeria,Nigeria,GenCostsPerMWh,2050,68.25414618763895
Senegal,Senegal,CapexInvestmentComponent,2026,40969581.92
Senegal,Senegal,CapexInvestmentComponent,2027,545249563.35
Senegal,Senegal,CapexInvestmentComponent,2028,765084527.625
Senegal,Senegal,CapexInvestmentComponent,2029,59443740.0
Senegal,Senegal,CapexInvestmentComponent,2030,980381837.1099815
Senegal,Senegal,CapexInvestmentComponent,2031,882603850.1609919
Senegal,Senegal,CapexInvestmentComponent,2032,1336931059.6824627
Senegal,Senegal,CapexInvestmentComponent,2033,456400000.0
Senegal,Senegal,CapexInvestmentComponent,2034,580324039.3462416
Senegal,Senegal,CapexInvestmentComponent,2035,857880000.0
Senegal,Senegal,CapexInvestmentComponent,2040,2703834593.7692933
Senegal,Senegal,CapexInvestmentComponent,2045,1219031939.5679855
Senegal,Senegal,CapexInvestmentComponent,2050,837455310.0406398
Senegal,Senegal,CapexInvestmentComponentCumulated,2026,40969581.92
Senegal,Senegal,CapexInvestmentComponentCumulated,2027,586219145.27
Senegal,Senegal,CapexInvestmentComponentCumulated,2028,1351303672.895
Senegal,Senegal,CapexInvestmentComponentCumulated,2029,1041015740.0
Senegal,Senegal,CapexInvestmentComponentCumulated,2030,2391129250.0049815
Senegal,Senegal,CapexInvestmentComponentCumulated,2031,3273733100.1659737
Senegal,Senegal,CapexInvestmentComponentCumulated,2032,4610664159.848436
Senegal,Senegal,CapexInvestmentComponentCumulated,2033,4005241740.0
Senegal,Senegal,CapexInvestmentComponentCumulated,2034,5647388199.194677
Senegal,Senegal,CapexInvestmentComponentCumulated,2035,5443321740.0
Senegal,Senegal,CapexInvestmentComponentCumulated,2040,9209102792.96397
Senegal,Senegal,CapexInvestmentComponentCumulated,2045,10428134732.531958
Senegal,Senegal,CapexInvestmentComponentCumulated,2050,11265590042.572596
Senegal,Senegal,Costs,2026,000-436.9234483869634655.493392898.0013854070094002515.211649991104000-237.5664075414033503732.743997656638444.145195733366350487.25694947410466000034.334428600905056
Senegal,Senegal,Costs,2027,000-843.457599797027274.64419199999999910.0557484646022001181.2026135887395000-109.0414577582617303736.21507131993443.1299591517006125023.068768638603245000028.982894341064462
Senegal,Senegal,Costs,2028,000-1005.45300277013681.85799999999999704.306963196979600928.3042670194263000-145.7684830954963203574.5117376934810.152344772963534740125.78398666907194000027.207230206289246
Senegal,Senegal,Costs,2029,000-621.218751537875878.9588540.8485716862576001608.5351169216092000-250.0053505282322703263.554752486679315.4204955316514050187.69855782151836000023.582979584858048
Senegal,Senegal,Costs,2030,000-133.50549489919678104.0733322012303282.28287018269873001189.2282692167669000-161.871257085880301749.6634506309545000000010.784778913824695
Senegal,Senegal,Costs,2031,000-60.99074763358835122.65334640039511142.01103643446717001231.2671474771278000-174.522368774830540931.389250431796300000005.405667981267018
Senegal,Senegal,Costs,2032,000-78.48664914538178157.4404865038751847.18908067949335001125.2597781562317000-287.66830669320340378.474440730280100000002.3614220686113203
Senegal,Senegal,Costs,2033,000-88.18483132549606169.9404865038751830.31167223971135300960.2880003137109000-212.173910796939680256.3473142292304500000001.7062719535085442
Senegal,Senegal,Costs,2034,000-49.075958406897314155.453267276223322.96003776844151300741.3005921468188000-190.686018572159640194.1735955119055727.993761494042630000001.4662114745878383
Senegal,Senegal,Costs,2035,000-43.556452841482894182.210767276223333.7645417673910400863.1208694196038000-236.927505673361540285.548933571292700000001.9497734616156734
Senegal,Senegal,Costs,2040,000-43.5876162712952250.645339282088325.29927603915707500400.43300322527665000-131.91843572472766044.8146360395855600000000.637927204183228
Senegal,Senegal,Costs,2045,000-51.65363909852048289.6504387373630626.81174389065616700635.5589657867802000-236.135072895076320226.7491710679065300000001.6007139172114355
Senegal,Senegal,Costs,2050,000-22.627274658323447317.466362231491898.6277746243533500884.7039190065441000-364.0333758104410834.108123614246200000004.8196779465729165
Senegal,Senegal,CostsPerMWh,2026,000-42.2736280985076865.36914881541225386.8842739816049900243.3541213530583000-22.9852483270921760361.153955289944074.271177465200649047.1435422990592600003.321956903452684
Senegal,Senegal,CostsPerMWh,2027,000-79.284905438703287.01654440684698185.5451228115410300111.03289311148424000-10.2498829453224280351.20373412907040.2942157559897554702.16846127243280600002.724388324587034
Senegal,Senegal,CostsPerMWh,2028,000-92.003896536632887.49040973764685264.447552290834610084.94440764716259000-13.3385333775625640327.08541043456010.013940296255535924011.50985363172882700002.4895954222139385
Senegal,Senegal,CostsPerMWh,2029,000-54.4301039550551956.91823239644171947.3882089166641200140.93704256778528000-21.9050329451332150285.94697761636041.3511169338472153016.44582039603207600002.066299555826439
Senegal,Senegal,CostsPerMWh,2030,000-11.4156086814612978.89896281409251524.13706481458700600101.68693479291235000-13.8410702051166740149.6078741308678600000000.9221704012202321
Senegal,Senegal,CostsPerMWh,2031,000-5.07765960664827410.21125280147485111.82283758404759400102.50662112386743000-14.529501879667222077.5409018331081200000000.4500378011486357
Senegal,Senegal,CostsPerMWh,2032,000-6.34297844130019612.7237131735882713.81363358831091270090.93901436009000-23.248207019520688030.58679717219870800000000.1908407281379455
Senegal,Senegal,CostsPerMWh,2033,000-6.9227053094427613.3407059981474032.37953365899640530075.38474291376099000-16.656123697483824020.12383407216436700000000.1339461416930983
Senegal,Senegal,CostsPerMWh,2034,000-3.74036100978172611.8479874594042341.7499165139100930056.49878110183533000-14.533278047557793014.7990863420363822.13356554631707860000000.11174840817519638
Senegal,Senegal,CostsPerMWh,2035,000-3.22299781428269813.4828450518526552.4984367921924950063.86738345579329000-17.531657954511665021.12944302697030700000000.14427519219721158
Senegal,Senegal,CostsPerMWh,2040,000-2.78217537222141915.9985644953000930.338250093672942730025.559434883152885000-8.42028664130032402.86049541980829400000000.04071856890961619
Senegal,Senegal,CostsPerMWh,2045,000-2.844043163822852315.9481183623494761.47625139783372860034.9938003091052000-13.00156874765652012.48478212054278200000000.0881351159944059
Senegal,Senegal,CostsPerMWh,2050,000-1.074685488186259815.0781080633572864.6843395734319120042.01913299125933000-17.289814708419826039.61607880588301400000000.22891125975738902
Senegal,Senegal,DemandEnergyZone,2026,10335.603259999996
Senegal,Senegal,DemandEnergyZone,2027,10638.312490000017
Senegal,Senegal,DemandEnergyZone,2028,10928.374130000006
Senegal,Senegal,DemandEnergyZone,2029,11413.14651999999
Senegal,Senegal,DemandEnergyZone,2030,11694.995739999991
Senegal,Senegal,DemandEnergyZone,2031,12011.586510000006
Senegal,Senegal,DemandEnergyZone,2032,12373.784630000007
Senegal,Senegal,DemandEnergyZone,2033,12738.492740000002
Senegal,Senegal,DemandEnergyZone,2034,13120.647520000004
Senegal,Senegal,DemandEnergyZone,2035,13514.266949999996
Senegal,Senegal,DemandEnergyZone,2040,15666.739310000004
Senegal,Senegal,DemandEnergyZone,2045,18162.044709999995
Senegal,Senegal,DemandEnergyZone,2050,21054.787570000004
Senegal,Senegal,DemandPeakZone,2026,2137.6434121216407
Senegal,Senegal,DemandPeakZone,2027,2200.250729242865
Senegal,Senegal,DemandPeakZone,2028,2260.242230817708
Senegal,Senegal,DemandPeakZone,2029,2360.504448463005
Senegal,Senegal,DemandPeakZone,2030,2418.797429773185
Senegal,Senegal,DemandPeakZone,2031,2484.275772443555
Senegal,Senegal,DemandPeakZone,2032,2559.186777338021
Senegal,Senegal,DemandPeakZone,2033,2634.6169063846664
Senegal,Senegal,DemandPeakZone,2034,2713.655413169119
Senegal,Senegal,DemandPeakZone,2035,2795.0650766281474
Senegal,Senegal,DemandPeakZone,2040,3240.246479591429
Senegal,Senegal,DemandPeakZone,2045,3756.3337381382817
Senegal,Senegal,DemandPeakZone,2050,4354.620317407233
Senegal,Senegal,EmissionsIntensityZone,2026,4.498580316790017e-07
Senegal,Senegal,EmissionsIntensityZone,2027,3.532485781156347e-07
Senegal,Senegal,EmissionsIntensityZone,2028,3.0632513044098455e-07
Senegal,Senegal,EmissionsIntensityZone,2029,3.03702010838957e-07
Senegal,Senegal,EmissionsIntensityZone,2030,1.749530560171622e-07
Senegal,Senegal,EmissionsIntensityZone,2031,9.087268518998904e-08
Senegal,Senegal,EmissionsIntensityZone,2032,3.3119804191944335e-08
Senegal,Senegal,EmissionsIntensityZone,2033,2.045586346778556e-08
Senegal,Senegal,EmissionsIntensityZone,2034,1.4495482285425192e-08
Senegal,Senegal,EmissionsIntensityZone,2035,2.1001952268250583e-08
Senegal,Senegal,EmissionsIntensityZone,2040,2.236456418506263e-09
Senegal,Senegal,EmissionsIntensityZone,2045,9.80737182548585e-09
Senegal,Senegal,EmissionsIntensityZone,2050,3.2223442119915955e-08
Senegal,Senegal,EmissionsZone,2026,3.732743997656639
Senegal,Senegal,EmissionsZone,2027,3.736215071319936
Senegal,Senegal,EmissionsZone,2028,3.574511737693481
Senegal,Senegal,EmissionsZone,2029,3.26355475248668
Senegal,Senegal,EmissionsZone,2030,1.7496665914909544
Senegal,Senegal,EmissionsZone,2031,0.9313922870520964
Senegal,Senegal,EmissionsZone,2032,0.3784773731108801
Senegal,Senegal,EmissionsZone,2033,0.2563501423701304
Senegal,Senegal,EmissionsZone,2034,0.1941763194131055
Senegal,Senegal,EmissionsZone,2035,0.2855515532327926
Senegal,Senegal,EmissionsZone,2040,0.0448167345025855
Senegal,Senegal,EmissionsZone,2045,0.2267507483324065
Senegal,Senegal,EmissionsZone,2050,0.8341091796802462
Senegal,Senegal,GenCostsPerMWh,2026,119.61113404099221
Senegal,Senegal,GenCostsPerMWh,2027,101.317079925147
Senegal,Senegal,GenCostsPerMWh,2028,81.83086569997562
Senegal,Senegal,GenCostsPerMWh,2029,73.04206676393086
Senegal,Senegal,GenCostsPerMWh,2030,63.69259975245456
Senegal,Senegal,GenCostsPerMWh,2031,59.26179288033036
Senegal,Senegal,GenCostsPerMWh,2032,60.63178414133739
Senegal,Senegal,GenCostsPerMWh,2033,58.86758440845403
Senegal,Senegal,GenCostsPerMWh,2034,58.035694715180995
Senegal,Senegal,GenCostsPerMWh,2035,65.09012658639682
Senegal,Senegal,GenCostsPerMWh,2040,61.309895840868656
Senegal,Senegal,GenCostsPerMWh,2045,61.60978116603601
Senegal,Senegal,GenCostsPerMWh,2050,62.57271207254369
SierraLeone,SierraLeone,CapexInvestmentComponent,2026,51216000.0
SierraLeone,SierraLeone,CapexInvestmentComponent,2027,208550000.0
SierraLeone,SierraLeone,CapexInvestmentComponent,2028,396967619.6321223
SierraLeone,SierraLeone,CapexInvestmentComponent,2029,257312421.6382501
SierraLeone,SierraLeone,CapexInvestmentComponent,2030,33084988.214616
SierraLeone,SierraLeone,CapexInvestmentComponent,2033,17815729.221614935
SierraLeone,SierraLeone,CapexInvestmentComponent,2034,449477552.8783718
SierraLeone,SierraLeone,CapexInvestmentComponent,2035,177107185.55561683
SierraLeone,SierraLeone,CapexInvestmentComponent,2040,861862767.5535852
SierraLeone,SierraLeone,CapexInvestmentComponent,2045,689299184.3724692
SierraLeone,SierraLeone,CapexInvestmentComponent,2050,310229641.64106417
SierraLeone,SierraLeone,CapexInvestmentComponentCumulated,2026,51216000.0
SierraLeone,SierraLeone,CapexInvestmentComponentCumulated,2027,259766000.0
SierraLeone,SierraLeone,CapexInvestmentComponentCumulated,2028,656733619.6321223
SierraLeone,SierraLeone,CapexInvestmentComponentCumulated,2029,914046041.2703724
SierraLeone,SierraLeone,CapexInvestmentComponentCumulated,2030,733188198.4373789
SierraLeone,SierraLeone,CapexInvestmentComponentCumulated,2033,964946758.7066033
SierraLeone,SierraLeone,CapexInvestmentComponentCumulated,2034,1414424311.584975
SierraLeone,SierraLeone,CapexInvestmentComponentCumulated,2035,1301748473.2970502
SierraLeone,SierraLeone,CapexInvestmentComponentCumulated,2040,2453394264.694177
SierraLeone,SierraLeone,CapexInvestmentComponentCumulated,2045,3142693449.066646
SierraLeone,SierraLeone,CapexInvestmentComponentCumulated,2050,3452923090.7077107
SierraLeone,SierraLeone,Costs,2026,000-166.229010123228147.378.5980301245516700270.81647044161747000-1.88558759999999980536.431555600064500000005.516270536427202
SierraLeone,SierraLeone,Costs,2027,000-81.083072536233579.78139544975094424.5174849310157800404.78111542410636000-14.2405431999999890167.3318346541826700000001.7606771202094287
SierraLeone,SierraLeone,Costs,2028,000-88.5800257000245214.1997083410371181.0108547008547005e-0500390.9126954909247000-26.46961473532427806.899083333333333e-0500000000.05807470198243114
SierraLeone,SierraLeone,Costs,2029,000-78.5217283259049319.644252750220307000264.50474435580765000-9.4223830896996490000000000.0704499077936143
SierraLeone,SierraLeone,Costs,2030,000-39.56097755949427621.6978527502203061.6678095238095234e-0500100.14868136885583000-3.33880770373681420000000000.23095817990342632
SierraLeone,SierraLeone,Costs,2031,000-32.5910106168702821.6978527502203061.743633699633699e-0500128.68886869677317000-14.9672168351279350000000000.35153761865035005
SierraLeone,SierraLeone,Costs,2032,000-0.505389675604089121.6978527502203060003.2157135598659843000-0.13341341801965760000000000.21908461799777132
SierraLeone,SierraLeone,Costs,2033,000-18.30360514673854422.4476653349514271.8952820512820506e-0500103.8242615575233000-8.7454815796997090000000000.22755994346175373
SierraLeone,SierraLeone,Costs,2034,000-47.733967882186329.1290442755932061.9711062271062267e-0500108.32310642332376000-17.7905877630414260000000000.4551743855933531
SierraLeone,SierraLeone,Costs,2035,000-70.6182313627024631.8124864809813452.0469304029304025e-0500124.04842505236597000-28.8729679407402280000000000.511926020762343
SierraLeone,SierraLeone,Costs,2040,000-108.3733206999686655.103133437655412.4260512820512812e-050036.67489449797457000-67.106453162405840000000000.48623786888951
SierraLeone,SierraLeone,Costs,2045,000-119.3871501979767177.046490010653635.9772130102040784e-050039.54861414423268000-463.927627035981900.0001209559999999998600000000.31887553854276623
SierraLeone,SierraLeone,Costs,2050,000-90.9739542069705388.828899932517234.1580612244897946e-050029.152648500341662000-651.33478398486810000000000.38438995474806364
SierraLeone,SierraLeone,CostsPerMWh,2026,000-161.282277677096897.08276266681737276.2590675961043400262.75736800042995000-1.82947526825942020520.468136343411500000005.35211438568099
SierraLeone,SierraLeone,CostsPerMWh,2027,000-74.801134573451589.0235785900443122.61798464664683200373.4205641269952000-13.1372523879906030154.367745213364600000001.6242680758099
SierraLeone,SierraLeone,CostsPerMWh,2028,000-78.5000438760213112.5838496770475748.958242870475304e-0600346.42870675666165000-23.45749960765433406.114000759099397e-0500000000.051466079600679594
SierraLeone,SierraLeone,CostsPerMWh,2029,000-66.4470994284013216.62347026128696000223.8306953019003000-7.9734621150360970000000000.059616517971365544
SierraLeone,SierraLeone,CostsPerMWh,2030,000-32.03244084432030517.5687060216084671.3504218855734847e-050081.09017798562121000-2.70342561934097960000000000.18700635554676528
SierraLeone,SierraLeone,CostsPerMWh,2031,000-25.2969198056135916.841725082689241.3533965665724661e-050099.88742078505169000-11.6174514636091540000000000.27286109817812876
SierraLeone,SierraLeone,CostsPerMWh,2032,000-0.374214486886778816.0661193241892130002.3810668438007356000-0.098785622615583060000000000.16222064253850502
SierraLeone,SierraLeone,CostsPerMWh,2033,000-12.9561907295866115.8895600720158381.3415737252804473e-050073.49191180172772000-6.1904814084598950000000000.16107810490163332
SierraLeone,SierraLeone,CostsPerMWh,2034,000-32.7583114034986819.9903411679774661.352707819226105e-050074.33871957109636000-12.2091173193769540000000000.31237177481170053
SierraLeone,SierraLeone,CostsPerMWh,2035,000-47.0292388911372921.1859883427402381.3631830910422543e-050082.61185395444892000-19.228373191719320000000000.34092458364423417
SierraLeone,SierraLeone,CostsPerMWh,2040,000-62.2306200429757331.641571357120151.393098177327984e-050021.05962436030011000-38.5341720841320740000000000.27920971576704756
SierraLeone,SierraLeone,CostsPerMWh,2045,000-57.6675143486333137.2157268251512362.8871701557427994e-050019.103146945455375000-224.0907253792401305.842531506938922e-0500000000.15402628895864864
SierraLeone,SierraLeone,CostsPerMWh,2050,000-37.61670356995044536.729747830948581.7193113992988696e-050012.054291214180155000-269.319583913163460000000000.15894090906643996
SierraLeone,SierraLeone,DemandEnergyZone,2026,1030.6712709999986
SierraLeone,SierraLeone,DemandEnergyZone,2027,1083.9818540000006
SierraLeone,SierraLeone,DemandEnergyZone,2028,1128.4073400000002
SierraLeone,SierraLeone,DemandEnergyZone,2029,1181.7179230000006
SierraLeone,SierraLeone,DemandEnergyZone,2030,1235.028506
SierraLeone,SierraLeone,DemandEnergyZone,2031,1288.339089
SierraLeone,SierraLeone,DemandEnergyZone,2032,1350.5347689999994
SierraLeone,SierraLeone,DemandEnergyZone,2033,1412.7304490000013
SierraLeone,SierraLeone,DemandEnergyZone,2034,1457.1559350000005
SierraLeone,SierraLeone,DemandEnergyZone,2035,1501.5814210000012
SierraLeone,SierraLeone,DemandEnergyZone,2040,1741.4790440000008
SierraLeone,SierraLeone,DemandEnergyZone,2045,2070.266970000001
SierraLeone,SierraLeone,DemandEnergyZone,2050,2418.445679
SierraLeone,SierraLeone,DemandPeakZone,2026,172.10912724276193
SierraLeone,SierraLeone,DemandPeakZone,2027,181.0113234867125
SierraLeone,SierraLeone,DemandPeakZone,2028,188.4298203808824
SierraLeone,SierraLeone,DemandPeakZone,2029,197.3320166199982
SierraLeone,SierraLeone,DemandPeakZone,2030,206.23421285911405
SierraLeone,SierraLeone,DemandPeakZone,2031,215.13640909823
SierraLeone,SierraLeone,DemandPeakZone,2032,225.52230468229163
SierraLeone,SierraLeone,DemandPeakZone,2033,235.90820026635348
SierraLeone,SierraLeone,DemandPeakZone,2034,243.326697165358
SierraLeone,SierraLeone,DemandPeakZone,2035,250.74519405952788
SierraLeone,SierraLeone,DemandPeakZone,2040,290.8050770508291
SierraLeone,SierraLeone,DemandPeakZone,2045,345.7085216179755
SierraLeone,SierraLeone,DemandPeakZone,2050,403.84998283016847
SierraLeone,SierraLeone,EmissionsIntensityZone,2026,5.900886738327701e-07
SierraLeone,SierraLeone,EmissionsIntensityZone,2027,2.4623651474360776e-07
SierraLeone,SierraLeone,EmissionsIntensityZone,2028,7.25033268211743e-14
SierraLeone,SierraLeone,EmissionsIntensityZone,2030,8.507140183493658e-14
SierraLeone,SierraLeone,EmissionsIntensityZone,2031,8.306849455487576e-14
SierraLeone,SierraLeone,EmissionsIntensityZone,2033,9.498749028317685e-14
SierraLeone,SierraLeone,EmissionsIntensityZone,2034,7.424520550072087e-14
SierraLeone,SierraLeone,EmissionsIntensityZone,2035,7.382888391225992e-14
SierraLeone,SierraLeone,EmissionsIntensityZone,2040,5.047466481226744e-14
SierraLeone,SierraLeone,EmissionsIntensityZone,2045,7.502918066570594e-14
SierraLeone,SierraLeone,EmissionsIntensityZone,2050,4.54836327528169e-14
SierraLeone,SierraLeone,EmissionsZone,2026,0.5364315556000644
SierraLeone,SierraLeone,EmissionsZone,2027,0.1673318346541826
SierraLeone,SierraLeone,EmissionsZone,2028,6.899083333333331e-08
SierraLeone,SierraLeone,EmissionsZone,2030,1.13828e-07
SierraLeone,SierraLeone,EmissionsZone,2031,1.19003e-07
SierraLeone,SierraLeone,EmissionsZone,2033,1.2935299999999998e-07
SierraLeone,SierraLeone,EmissionsZone,2034,1.34528e-07
SierraLeone,SierraLeone,EmissionsZone,2035,1.39703e-07
SierraLeone,SierraLeone,EmissionsZone,2040,1.65578e-07
SierraLeone,SierraLeone,EmissionsZone,2045,3.1240899999999984e-07
SierraLeone,SierraLeone,EmissionsZone,2050,2.1732800000000005e-07
SierraLeone,SierraLeone,GenCostsPerMWh,2026,106.7648617800534
SierraLeone,SierraLeone,GenCostsPerMWh,2027,95.17589129047565
SierraLeone,SierraLeone,GenCostsPerMWh,2028,92.49930908437452
SierraLeone,SierraLeone,GenCostsPerMWh,2029,99.0261958209634
SierraLeone,SierraLeone,GenCostsPerMWh,2030,95.17384877814736
SierraLeone,SierraLeone,GenCostsPerMWh,2031,88.97594440641035
SierraLeone,SierraLeone,GenCostsPerMWh,2032,96.5934135404926
SierraLeone,SierraLeone,GenCostsPerMWh,2033,95.58396859658288
SierraLeone,SierraLeone,GenCostsPerMWh,2034,101.56167437919909
SierraLeone,SierraLeone,GenCostsPerMWh,2035,108.13925369386243
SierraLeone,SierraLeone,GenCostsPerMWh,2040,98.88227079069496
SierraLeone,SierraLeone,GenCostsPerMWh,2045,101.4743100294935
SierraLeone,SierraLeone,GenCostsPerMWh,2050,98.13790896727171
Togo,Togo,CapexInvestmentComponent,2026,146819200.0
Togo,Togo,CapexInvestmentComponent,2027,135751400.0
Togo,Togo,CapexInvestmentComponent,2029,119310000.0
Togo,Togo,CapexInvestmentComponent,2030,401000000.0
Togo,Togo,CapexInvestmentComponent,2031,231801246.15168154
Togo,Togo,CapexInvestmentComponent,2032,296722492.7318008
Togo,Togo,CapexInvestmentComponent,2033,409288361.0438709
Togo,Togo,CapexInvestmentComponent,2034,217053476.2812674
Togo,Togo,CapexInvestmentComponent,2035,232435058.80960056
Togo,Togo,CapexInvestmentComponent,2040,1486827598.5321739
Togo,Togo,CapexInvestmentComponent,2045,1080341210.5230207
Togo,Togo,CapexInvestmentComponent,2050,545625000.0
Togo,Togo,CapexInvestmentComponentCumulated,2026,146819200.0
Togo,Togo,CapexInvestmentComponentCumulated,2027,282570600.0
Togo,Togo,CapexInvestmentComponentCumulated,2029,401880600.0
Togo,Togo,CapexInvestmentComponentCumulated,2030,802880600.0
Togo,Togo,CapexInvestmentComponentCumulated,2031,1034681846.1516815
Togo,Togo,CapexInvestmentComponentCumulated,2032,1331404338.8834825
Togo,Togo,CapexInvestmentComponentCumulated,2033,1740692699.9273534
Togo,Togo,CapexInvestmentComponentCumulated,2034,1957746176.2086208
Togo,Togo,CapexInvestmentComponentCumulated,2035,2190181235.0182214
Togo,Togo,CapexInvestmentComponentCumulated,2040,3677008833.550395
Togo,Togo,CapexInvestmentComponentCumulated,2045,4757350044.073416
Togo,Togo,CapexInvestmentComponentCumulated,2050,3603289078.5
Togo,Togo,Costs,2026,000-5936.3394144761711.44939999999999974.83563999999991003504.0000-1005.12240000000010527.264038400002005068.30926136506300004.479128110222224
Togo,Togo,Costs,2027,000-5502.32728383126213.79839999999999983.19877452000026003626.9157629080933000-862.15393882353520603.4328943360041004238.99667452316500005.075339349600004
Togo,Togo,Costs,2028,000-5151.915247086114513.36639999999999969.79597452000026003677.793730913892000-993.29640000000020533.38092633600325.99016934691140304694.31424777222100004.405199349600001
Togo,Togo,Costs,2029,000-3536.721575414415415.916469.79597451999979003856.323065681454000-1228.1642588235310533.38092633599748.04327132045804802693.262801332959500004.405199349599997
Togo,Togo,Costs,2030,000-780.5159317147726.802496.0097011600154500833.0933316791994000-40.4659246086391350874.425715818908200000005.087691427549769
Togo,Togo,Costs,2031,000-613.705901439018229.6609340419802677.4384000000000300761.2397531198442000-57.832896307886760705.284062908799500000003.817858869599998
Togo,Togo,Costs,2032,000-595.979950010269236.5576579710225977.4384000000000400632.2854084001608000-45.2083213209370460705.284106717599800000003.8178588696000046
Togo,Togo,Costs,2033,000-627.395595634397344.2761229710225964.7127401553108100646.1801029953893000-16.349203137458130589.382756248614800000003.206048300143789
Togo,Togo,Costs,2034,000-647.785804801124250.8269760989183659.86046544641473600661.0293552117498000-20.2475791258790740545.189775016392600000002.972765862216095
Togo,Togo,Costs,2035,000-647.477053252958455.4507585789842461.1076902453083100618.4222453246454000-23.30051618614040556.549158532038300000003.0327285929321306
Togo,Togo,Costs,2040,000-913.958845482333592.5746818992398341.895261568719800636.9128957875777000-18.0387548765031770381.5684887061865400000002.1090541373269134
Togo,Togo,Costs,2045,000-984.6973049584929125.0175226833763422.33287727275799400651.5550785759634000-23.6935564428528240203.400530777734300000001.1685548923287492
Togo,Togo,Costs,2050,000-441.0885438829247144.3125226833763313.02688527477553700255.96768358660532000-77.0661667215660118.6446380862633400000000.7211514308872841
Togo,Togo,CostsPerMWh,2026,000-2165.68697801155534.17695397024961327.301432705134804001278.3243411667552000-366.687337263683730192.3557233186659001849.013441028498400001.634069203910193
Togo,Togo,CostsPerMWh,2027,000-1901.70121657823234.76897005816816928.75496177543527001253.5259650978999000-297.975585559281570208.5570359753421001465.071908154236300001.7541266663732846
Togo,Togo,CostsPerMWh,2028,000-1593.8739636547284.135230477606194621.593132111064353001137.817566915858000-307.30110924231770165.014743143888071.853208855740545701452.30363814106200001.3628587061884214
Togo,Togo,CostsPerMWh,2029,000-1057.2189035229374.75782970110129520.863848645960406001152.7561772097474000-367.13053130492170159.441557973054872.40434490101351670805.086938569854600001.3168297042546664
Togo,Togo,CostsPerMWh,2030,000-226.015179104370567.76121151443800727.80167440754797800241.24009635070456000-11.7177790054230350253.208777353311900000001.4732505032910042
Togo,Togo,CostsPerMWh,2031,000-172.557123822680358.33983420426163321.7735360636059400214.03956199515233000-16.2610107314014060198.3063696929592700000001.0734763086917256
Togo,Togo,CostsPerMWh,2032,000-162.413530718943589.96251351372978521.10313267587128300172.30731604069874000-12.3199498296601480192.2005630054967500000001.0404241598860617
Togo,Togo,CostsPerMWh,2033,000-166.2996769552283611.73598443812112917.1529858634630900171.2787643565949000-4.3335771228764890156.2238604305450200000000.8498064065586184
Togo,Togo,CostsPerMWh,2034,000-166.922736419805913.09719643668363215.42496396435614700170.33536086768794000-5.21743651762467750140.4855871174481200000000.766028228433994
Togo,Togo,CostsPerMWh,2035,000-162.5229464906430813.918671903692915.33861597412472700155.22991120776288000-5.84865290020555050139.6991733638733400000000.7612439457946147
Togo,Togo,CostsPerMWh,2040,000-197.929235304358820.048206861208169.07294362996904800137.93146490331418000-3.906518303529086082.6334353665547200000000.4567420892964914
Togo,Togo,CostsPerMWh,2045,000-179.3816255151777722.774355453090184.06836477305801600118.69333704792896000-4.31623875433853037.0533337075578800000000.2128748347681122
Togo,Togo,CostsPerMWh,2050,000-68.784565812851522.504493376205312.03144846980450340039.9163075572854000-12.01791089412366018.50177255783053800000000.1124583459416813
Togo,Togo,DemandEnergyZone,2026,2741.088382000002
Togo,Togo,DemandEnergyZone,2027,2893.37107
Togo,Togo,DemandEnergyZone,2028,3232.3228590000017
Togo,Togo,DemandEnergyZone,2029,3345.306788999999
Togo,Togo,DemandEnergyZone,2030,3453.378374
Togo,Togo,DemandEnergyZone,2031,3556.5376140000003
Togo,Togo,DemandEnergyZone,2032,3669.521544
Togo,Togo,DemandEnergyZone,2033,3772.680783999998
Togo,Togo,DemandEnergyZone,2034,3880.752369
Togo,Togo,DemandEnergyZone,2035,3983.911608999998
Togo,Togo,DemandEnergyZone,2040,4617.604085
Togo,Togo,DemandEnergyZone,2045,5489.398939999995
Togo,Togo,DemandEnergyZone,2050,6412.609263000001
Togo,Togo,DemandPeakZone,2026,646.8836240526542
Togo,Togo,DemandPeakZone,2027,682.8216031911504
Togo,Togo,DemandPeakZone,2028,762.8125889209273
Togo,Togo,DemandPeakZone,2029,789.4762509150395
Togo,Togo,DemandPeakZone,2030,814.9806231981022
Togo,Togo,DemandPeakZone,2031,839.3257057765965
Togo,Togo,DemandPeakZone,2032,865.9893677707091
Togo,Togo,DemandPeakZone,2033,890.3344503492037
Togo,Togo,DemandPeakZone,2034,915.838822638748
Togo,Togo,DemandPeakZone,2035,940.1839052172428
Togo,Togo,DemandPeakZone,2040,1089.7322700609554
Togo,Togo,DemandPeakZone,2045,1295.4716467793996
Togo,Togo,DemandPeakZone,2050,1513.3448257121524
Togo,Togo,EmissionsIntensityZone,2026,3.7050295621877883e-07
Togo,Togo,EmissionsIntensityZone,2027,3.5255928765955346e-07
Togo,Togo,EmissionsIntensityZone,2028,3.287955957887589e-07
Togo,Togo,EmissionsIntensityZone,2029,2.9005833992458056e-07
Togo,Togo,EmissionsIntensityZone,2030,2.5289306653499373e-07
Togo,Togo,EmissionsIntensityZone,2031,1.970354115279427e-07
Togo,Togo,EmissionsIntensityZone,2032,1.7225748435834148e-07
Togo,Togo,EmissionsIntensityZone,2033,1.3955376416369732e-07
Togo,Togo,EmissionsIntensityZone,2034,1.172404180305982e-07
Togo,Togo,EmissionsIntensityZone,2035,1.0621532317225733e-07
Togo,Togo,EmissionsIntensityZone,2040,4.720195796811541e-08
Togo,Togo,EmissionsIntensityZone,2045,2.00252693816381e-08
Togo,Togo,EmissionsIntensityZone,2050,9.950667250472194e-09
Togo,Togo,EmissionsZone,2026,0.527264038400002
Togo,Togo,EmissionsZone,2027,0.6034328943360041
Togo,Togo,EmissionsZone,2028,0.5333809263360032
Togo,Togo,EmissionsZone,2029,0.5333809263359974
Togo,Togo,EmissionsZone,2030,0.8744268167189081
Togo,Togo,EmissionsZone,2031,0.7052851199999995
Togo,Togo,EmissionsZone,2032,0.7052851199999999
Togo,Togo,EmissionsZone,2033,0.5893837257222148
Togo,Togo,EmissionsZone,2034,0.5451907006811926
Togo,Togo,EmissionsZone,2035,0.5565500403880383
Togo,Togo,EmissionsZone,2040,0.3815691515181865
Togo,Togo,EmissionsZone,2045,0.2034009745457342
Togo,Togo,EmissionsZone,2050,0.1186448628102633
Togo,Togo,GenCostsPerMWh,2026,75.14489244741625
Togo,Togo,GenCostsPerMWh,2027,77.39017757564653
Togo,Togo,GenCostsPerMWh,2028,72.7114395048061
Togo,Togo,GenCostsPerMWh,2029,72.6795470863758
Togo,Togo,GenCostsPerMWh,2030,62.1112830547227
Togo,Togo,GenCostsPerMWh,2031,62.47472833636137
Togo,Togo,GenCostsPerMWh,2032,64.486937533034
Togo,Togo,GenCostsPerMWh,2033,72.26036819272582
Togo,Togo,GenCostsPerMWh,2034,71.15137249870679
Togo,Togo,GenCostsPerMWh,2035,69.25086972435834
Togo,Togo,GenCostsPerMWh,2040,67.9372343424321
Togo,Togo,GenCostsPerMWh,2045,67.28523177624325
Togo,Togo,GenCostsPerMWh,2050,63.16055071973185
