c,z,attribute,uni,y,value
System,System,NetPresentCostSystem,Carbon costs: $m,,0.0
System,System,NetPresentCostSystem,Excess generation: $m,,0.0
System,System,NetPresentCostSystem,Export revenues with external zones: $m,,0.0
System,System,NetPresentCostSystem,Export revenues with internal zones: $m,,0.0
System,System,NetPresentCostSystem,Fixed O&M: $m,,10185.58380515026
System,System,NetPresentCostSystem,Fuel costs: $m,,109558.08605100802
System,System,NetPresentCostSystem,Generation costs: $m,,0.0
System,System,NetPresentCostSystem,Import costs with external zones: $m,,1402.0813942709638
System,System,NetPresentCostSystem,Import costs with internal zones: $m,,0.0
System,System,NetPresentCostSystem,NPV of system cost: $m,,137393.9751777273
System,System,NetPresentCostSystem,Spinning reserve costs: $m,,0.0
System,System,NetPresentCostSystem,Startup costs: $m,,0.0
System,System,NetPresentCostSystem,Trade shared benefits: $m,,0.0
System,System,NetPresentCostSystem,Transmission costs: $m,,0.0
System,System,NetPresentCostSystem,Unmet country CO2 backstop cost: $m,,0.0
System,System,NetPresentCostSystem,Unmet country planning reserve costs: $m,,190.10467394220257
System,System,NetPresentCostSystem,Unmet country spinning reserve costs: $m,,2.2220393990919187
System,System,NetPresentCostSystem,Unmet demand costs: $m,,0.0
System,System,NetPresentCostSystem,Unmet system CO2 backstop cost: $m,,0.0
System,System,NetPresentCostSystem,Unmet system planning reserve costs: $m,,190.10467394220257
System,System,NetPresentCostSystem,Unmet system spinning reserve costs: $m,,0.0
System,System,NetPresentCostSystem,VRE curtailment: $m,,0.0
System,System,NetPresentCostSystem,Variable O&M: $m,,2907.7041026791994
System,System,NetPresentCostSystemPerMWh,Carbon costs: $m,,0.0
System,System,NetPresentCostSystemPerMWh,Excess generation: $m,,0.0
System,System,NetPresentCostSystemPerMWh,Export revenues with external zones: $m,,0.0
System,System,NetPresentCostSystemPerMWh,Export revenues with internal zones: $m,,0.0
System,System,NetPresentCostSystemPerMWh,Fixed O&M: $m,,7.692331973083987
System,System,NetPresentCostSystemPerMWh,Fuel costs: $m,,82.74019284136884
System,System,NetPresentCostSystemPerMWh,Generation costs: $m,,0.0
System,System,NetPresentCostSystemPerMWh,Import costs with external zones: $m,,1.0588765204173394
System,System,NetPresentCostSystemPerMWh,Import costs with internal zones: $m,,0.0
System,System,NetPresentCostSystemPerMWh,NPV of system cost: $m,,103.76234572183644
System,System,NetPresentCostSystemPerMWh,Spinning reserve costs: $m,,0.0
System,System,NetPresentCostSystemPerMWh,Startup costs: $m,,0.0
System,System,NetPresentCostSystemPerMWh,Trade shared benefits: $m,,0.0
System,System,NetPresentCostSystemPerMWh,Transmission costs: $m,,0.0
System,System,NetPresentCostSystemPerMWh,Unmet country CO2 backstop cost: $m,,0.0
System,System,NetPresentCostSystemPerMWh,Unmet country planning reserve costs: $m,,0.1435703921908616
System,System,NetPresentCostSystemPerMWh,Unmet country spinning reserve costs: $m,,0.0016781232222
System,System,NetPresentCostSystemPerMWh,Unmet demand costs: $m,,0.0
System,System,NetPresentCostSystemPerMWh,Unmet system CO2 backstop cost: $m,,0.0
System,System,NetPresentCostSystemPerMWh,Unmet system planning reserve costs: $m,,0.1435703921908616
System,System,NetPresentCostSystemPerMWh,Unmet system spinning reserve costs: $m,,0.0
System,System,NetPresentCostSystemPerMWh,VRE curtailment: $m,,0.0
System,System,NetPresentCostSystemPerMWh,Variable O&M: $m,,2.195949261739615
Libya,Libya,NetImport,Egypt,2026,1314.0
Libya,Libya,NetImport,Tunisia,2026,100.71582633094988
Libya,Libya,NetImport,Egypt,2028,1314.0
Libya,Libya,NetImport,Tunisia,2028,876.0
Libya,Libya,NetImport,Egypt,2030,1314.0
Libya,Libya,NetImport,Tunisia,2030,876.0
Libya,Libya,NetImport,Egypt,2032,1314.0
Libya,Libya,NetImport,Tunisia,2032,876.0
Libya,Libya,NetImport,Egypt,2034,1314.0
Libya,Libya,NetImport,Tunisia,2034,876.0
Libya,Libya,NetImport,Egypt,2036,1314.0
Libya,Libya,NetImport,Tunisia,2036,876.0
Libya,Libya,NetImport,Egypt,2038,1314.0
Libya,Libya,NetImport,Tunisia,2038,843.2596091058847
Libya,Libya,NetImport,Egypt,2040,1303.3938861610634
Libya,Libya,NetImport,Tunisia,2040,640.471939418956
Libya,Libya,NetImport,Egypt,2042,1212.6830263297193
Libya,Libya,NetImport,Tunisia,2042,612.4
Libya,Libya,NetImport,Egypt,2044,1103.7595951202516
Libya,Libya,NetImport,Tunisia,2044,575.5
Libya,Libya,NetImport,Egypt,2046,1013.7
Libya,Libya,NetImport,Tunisia,2046,526.2
Libya,Libya,NetImport,Egypt,2048,932.5209427549308
Libya,Libya,NetImport,Tunisia,2048,434.4
Libya,Libya,NetImport,Egypt,2050,922.4071588129676
Libya,Libya,NetImport,Tunisia,2050,262.3927249570437
Libya,Libya,CapacityTechFuel,Nuclear,2026,0.0
Libya,Libya,CapacityTechFuel,Gas,2026,2271.0
Libya,Libya,CapacityTechFuel,Gas,2026,0.0
Libya,Libya,CapacityTechFuel,Gas,2026,0.0
Libya,Libya,CapacityTechFuel,Gas,2026,0.0
Libya,Libya,CapacityTechFuel,Gas,2026,0.0
Libya,Libya,CapacityTechFuel,Gas,2026,7851.0
Libya,Libya,CapacityTechFuel,Gas,2026,0.0
Libya,Libya,CapacityTechFuel,Gas,2026,1400.0
Libya,Libya,CapacityTechFuel,Gas,2026,0.0
Libya,Libya,CapacityTechFuel,Gas,2026,0.0
Libya,Libya,CapacityTechFuel,Gas,2026,0.0
Libya,Libya,CapacityTechFuel,Gas,2026,0.0
Libya,Libya,CapacityTechFuel,Gas,2026,0.0
Libya,Libya,CapacityTechFuel,Coal,2026,0.0
Libya,Libya,CapacityTechFuel,Coal,2026,0.0
Libya,Libya,CapacityTechFuel,Coal,2026,0.0
Libya,Libya,CapacityTechFuel,Coal,2026,0.0
Libya,Libya,CapacityTechFuel,Geothermal,2026,0.0
Libya,Libya,CapacityTechFuel,Geothermal,2026,0.0
Libya,Libya,CapacityTechFuel,Diesel,2026,0.0
Libya,Libya,CapacityTechFuel,Diesel,2026,0.0
Libya,Libya,CapacityTechFuel,Diesel,2026,0.0
Libya,Libya,CapacityTechFuel,Diesel,2026,0.0
Libya,Libya,CapacityTechFuel,Diesel,2026,0.0
Libya,Libya,CapacityTechFuel,Diesel,2026,640.0
Libya,Libya,CapacityTechFuel,Diesel,2026,0.0
Libya,Libya,CapacityTechFuel,Biomass,2026,0.0
Libya,Libya,CapacityTechFuel,Biomass,2026,0.0
Libya,Libya,CapacityTechFuel,Biomass,2026,0.0
Libya,Libya,CapacityTechFuel,Reservoir,2026,0.0
Libya,Libya,CapacityTechFuel,Reservoir,2026,0.0
Libya,Libya,CapacityTechFuel,ROR,2026,0.0
Libya,Libya,CapacityTechFuel,CSP,2026,0.0
Libya,Libya,CapacityTechFuel,CSP,2026,0.0
Libya,Libya,CapacityTechFuel,Offshore Wind,2026,0.0
Libya,Libya,CapacityTechFuel,Onshore Wind,2026,0.0
Libya,Libya,CapacityTechFuel,Onshore Wind,2026,0.0
Libya,Libya,CapacityTechFuel,PV,2026,0.0
Libya,Libya,CapacityTechFuel,PV,2026,0.0
Libya,Libya,CapacityTechFuel,PV+Storage,2026,0.0
Libya,Libya,CapacityTechFuel,Solar Thermal,2026,0.0
Libya,Libya,CapacityTechFuel,Battery,2026,0.0
Libya,Libya,CapacityTechFuel,PSH,2026,0.0
Libya,Libya,CapacityTechFuel,PSH,2026,0.0
Libya,Libya,CapacityTechFuel,Imports,2026,0.0
Libya,Libya,CapacityTechFuel,Peat,2026,0.0
Libya,Libya,CapacityTechFuel,Waste,2026,0.0
Libya,Libya,CapacityTechFuel,Methane,2026,0.0
Libya,Libya,CapacityTechFuel,Solar,2026,0.0
Libya,Libya,CapacityTechFuel,Solar,2026,0.0
Libya,Libya,CapacityTechFuel,Nuclear,2027,0.0
Libya,Libya,CapacityTechFuel,Gas,2027,2271.0
Libya,Libya,CapacityTechFuel,Gas,2027,0.0
Libya,Libya,CapacityTechFuel,Gas,2027,0.0
Libya,Libya,CapacityTechFuel,Gas,2027,0.0
Libya,Libya,CapacityTechFuel,Gas,2027,0.0
Libya,Libya,CapacityTechFuel,Gas,2027,7851.0
Libya,Libya,CapacityTechFuel,Gas,2027,0.0
Libya,Libya,CapacityTechFuel,Gas,2027,1400.0
Libya,Libya,CapacityTechFuel,Gas,2027,0.0
Libya,Libya,CapacityTechFuel,Gas,2027,0.0
Libya,Libya,CapacityTechFuel,Gas,2027,0.0
Libya,Libya,CapacityTechFuel,Gas,2027,0.0
Libya,Libya,CapacityTechFuel,Gas,2027,0.0
Libya,Libya,CapacityTechFuel,Coal,2027,0.0
Libya,Libya,CapacityTechFuel,Coal,2027,0.0
Libya,Libya,CapacityTechFuel,Coal,2027,0.0
Libya,Libya,CapacityTechFuel,Coal,2027,0.0
Libya,Libya,CapacityTechFuel,Geothermal,2027,0.0
Libya,Libya,CapacityTechFuel,Geothermal,2027,0.0
Libya,Libya,CapacityTechFuel,Diesel,2027,0.0
Libya,Libya,CapacityTechFuel,Diesel,2027,0.0
Libya,Libya,CapacityTechFuel,Diesel,2027,0.0
Libya,Libya,CapacityTechFuel,Diesel,2027,0.0
Libya,Libya,CapacityTechFuel,Diesel,2027,0.0
Libya,Libya,CapacityTechFuel,Diesel,2027,640.0
Libya,Libya,CapacityTechFuel,Diesel,2027,0.0
Libya,Libya,CapacityTechFuel,Biomass,2027,0.0
Libya,Libya,CapacityTechFuel,Biomass,2027,0.0
Libya,Libya,CapacityTechFuel,Biomass,2027,0.0
Libya,Libya,CapacityTechFuel,Reservoir,2027,0.0
Libya,Libya,CapacityTechFuel,Reservoir,2027,0.0
Libya,Libya,CapacityTechFuel,ROR,2027,0.0
Libya,Libya,CapacityTechFuel,CSP,2027,0.0
Libya,Libya,CapacityTechFuel,CSP,2027,0.0
Libya,Libya,CapacityTechFuel,Offshore Wind,2027,0.0
Libya,Libya,CapacityTechFuel,Onshore Wind,2027,0.0
Libya,Libya,CapacityTechFuel,Onshore Wind,2027,0.0
Libya,Libya,CapacityTechFuel,PV,2027,0.0
Libya,Libya,CapacityTechFuel,PV,2027,0.0
Libya,Libya,CapacityTechFuel,PV+Storage,2027,0.0
Libya,Libya,CapacityTechFuel,Solar Thermal,2027,0.0
Libya,Libya,CapacityTechFuel,Battery,2027,0.0
Libya,Libya,CapacityTechFuel,PSH,2027,0.0
Libya,Libya,CapacityTechFuel,PSH,2027,0.0
Libya,Libya,CapacityTechFuel,Imports,2027,0.0
Libya,Libya,CapacityTechFuel,Peat,2027,0.0
Libya,Libya,CapacityTechFuel,Waste,2027,0.0
Libya,Libya,CapacityTechFuel,Methane,2027,0.0
Libya,Libya,CapacityTechFuel,Solar,2027,0.0
Libya,Libya,CapacityTechFuel,Solar,2027,0.0
Libya,Libya,CapacityTechFuel,Nuclear,2028,0.0
Libya,Libya,CapacityTechFuel,Gas,2028,2271.0
Libya,Libya,CapacityTechFuel,Gas,2028,0.0
Libya,Libya,CapacityTechFuel,Gas,2028,0.0
Libya,Libya,CapacityTechFuel,Gas,2028,0.0
Libya,Libya,CapacityTechFuel,Gas,2028,0.0
Libya,Libya,CapacityTechFuel,Gas,2028,9171.0
Libya,Libya,CapacityTechFuel,Gas,2028,0.0
Libya,Libya,CapacityTechFuel,Gas,2028,1400.0
Libya,Libya,CapacityTechFuel,Gas,2028,0.0
Libya,Libya,CapacityTechFuel,Gas,2028,0.0
Libya,Libya,CapacityTechFuel,Gas,2028,0.0
Libya,Libya,CapacityTechFuel,Gas,2028,0.0
Libya,Libya,CapacityTechFuel,Gas,2028,0.0
Libya,Libya,CapacityTechFuel,Coal,2028,0.0
Libya,Libya,CapacityTechFuel,Coal,2028,0.0
Libya,Libya,CapacityTechFuel,Coal,2028,0.0
Libya,Libya,CapacityTechFuel,Coal,2028,0.0
Libya,Libya,CapacityTechFuel,Geothermal,2028,0.0
Libya,Libya,CapacityTechFuel,Geothermal,2028,0.0
Libya,Libya,CapacityTechFuel,Diesel,2028,0.0
Libya,Libya,CapacityTechFuel,Diesel,2028,0.0
Libya,Libya,CapacityTechFuel,Diesel,2028,0.0
Libya,Libya,CapacityTechFuel,Diesel,2028,0.0
Libya,Libya,CapacityTechFuel,Diesel,2028,0.0
Libya,Libya,CapacityTechFuel,Diesel,2028,640.0
Libya,Libya,CapacityTechFuel,Diesel,2028,0.0
Libya,Libya,CapacityTechFuel,Biomass,2028,0.0
Libya,Libya,CapacityTechFuel,Biomass,2028,0.0
Libya,Libya,CapacityTechFuel,Biomass,2028,0.0
Libya,Libya,CapacityTechFuel,Reservoir,2028,0.0
Libya,Libya,CapacityTechFuel,Reservoir,2028,0.0
Libya,Libya,CapacityTechFuel,ROR,2028,0.0
Libya,Libya,CapacityTechFuel,CSP,2028,0.0
Libya,Libya,CapacityTechFuel,CSP,2028,0.0
Libya,Libya,CapacityTechFuel,Offshore Wind,2028,0.0
Libya,Libya,CapacityTechFuel,Onshore Wind,2028,0.0
Libya,Libya,CapacityTechFuel,Onshore Wind,2028,0.0
Libya,Libya,CapacityTechFuel,PV,2028,500.0
Libya,Libya,CapacityTechFuel,PV,2028,0.0
Libya,Libya,CapacityTechFuel,PV+Storage,2028,0.0
Libya,Libya,CapacityTechFuel,Solar Thermal,2028,0.0
Libya,Libya,CapacityTechFuel,Battery,2028,0.0
Libya,Libya,CapacityTechFuel,PSH,2028,0.0
Libya,Libya,CapacityTechFuel,PSH,2028,0.0
Libya,Libya,CapacityTechFuel,Imports,2028,0.0
Libya,Libya,CapacityTechFuel,Peat,2028,0.0
Libya,Libya,CapacityTechFuel,Waste,2028,0.0
Libya,Libya,CapacityTechFuel,Methane,2028,0.0
Libya,Libya,CapacityTechFuel,Solar,2028,0.0
Libya,Libya,CapacityTechFuel,Solar,2028,0.0
Libya,Libya,CapacityTechFuel,Nuclear,2029,0.0
Libya,Libya,CapacityTechFuel,Gas,2029,2671.0
Libya,Libya,CapacityTechFuel,Gas,2029,0.0
Libya,Libya,CapacityTechFuel,Gas,2029,0.0
Libya,Libya,CapacityTechFuel,Gas,2029,0.0
Libya,Libya,CapacityTechFuel,Gas,2029,0.0
Libya,Libya,CapacityTechFuel,Gas,2029,9171.0
Libya,Libya,CapacityTechFuel,Gas,2029,0.0
Libya,Libya,CapacityTechFuel,Gas,2029,1400.0
Libya,Libya,CapacityTechFuel,Gas,2029,0.0
Libya,Libya,CapacityTechFuel,Gas,2029,0.0
Libya,Libya,CapacityTechFuel,Gas,2029,0.0
Libya,Libya,CapacityTechFuel,Gas,2029,0.0
Libya,Libya,CapacityTechFuel,Gas,2029,0.0
Libya,Libya,CapacityTechFuel,Coal,2029,0.0
Libya,Libya,CapacityTechFuel,Coal,2029,0.0
Libya,Libya,CapacityTechFuel,Coal,2029,0.0
Libya,Libya,CapacityTechFuel,Coal,2029,0.0
Libya,Libya,CapacityTechFuel,Geothermal,2029,0.0
Libya,Libya,CapacityTechFuel,Geothermal,2029,0.0
Libya,Libya,CapacityTechFuel,Diesel,2029,0.0
Libya,Libya,CapacityTechFuel,Diesel,2029,0.0
Libya,Libya,CapacityTechFuel,Diesel,2029,0.0
Libya,Libya,CapacityTechFuel,Diesel,2029,0.0
Libya,Libya,CapacityTechFuel,Diesel,2029,0.0
Libya,Libya,CapacityTechFuel,Diesel,2029,640.0
Libya,Libya,CapacityTechFuel,Diesel,2029,0.0
Libya,Libya,CapacityTechFuel,Biomass,2029,0.0
Libya,Libya,CapacityTechFuel,Biomass,2029,0.0
Libya,Libya,CapacityTechFuel,Biomass,2029,0.0
Libya,Libya,CapacityTechFuel,Reservoir,2029,0.0
Libya,Libya,CapacityTechFuel,Reservoir,2029,0.0
Libya,Libya,CapacityTechFuel,ROR,2029,0.0
Libya,Libya,CapacityTechFuel,CSP,2029,0.0
Libya,Libya,CapacityTechFuel,CSP,2029,0.0
Libya,Libya,CapacityTechFuel,Offshore Wind,2029,0.0
Libya,Libya,CapacityTechFuel,Onshore Wind,2029,0.0
Libya,Libya,CapacityTechFuel,Onshore Wind,2029,0.0
Libya,Libya,CapacityTechFuel,PV,2029,1000.0
Libya,Libya,CapacityTechFuel,PV,2029,0.0
Libya,Libya,CapacityTechFuel,PV+Storage,2029,0.0
Libya,Libya,CapacityTechFuel,Solar Thermal,2029,0.0
Libya,Libya,CapacityTechFuel,Battery,2029,0.0
Libya,Libya,CapacityTechFuel,PSH,2029,0.0
Libya,Libya,CapacityTechFuel,PSH,2029,0.0
Libya,Libya,CapacityTechFuel,Imports,2029,0.0
Libya,Libya,CapacityTechFuel,Peat,2029,0.0
Libya,Libya,CapacityTechFuel,Waste,2029,0.0
Libya,Libya,CapacityTechFuel,Methane,2029,0.0
Libya,Libya,CapacityTechFuel,Solar,2029,0.0
Libya,Libya,CapacityTechFuel,Solar,2029,0.0
Libya,Libya,CapacityTechFuel,Nuclear,2030,0.0
Libya,Libya,CapacityTechFuel,Gas,2030,3071.0
Libya,Libya,CapacityTechFuel,Gas,2030,0.0
Libya,Libya,CapacityTechFuel,Gas,2030,0.0
Libya,Libya,CapacityTechFuel,Gas,2030,0.0
Libya,Libya,CapacityTechFuel,Gas,2030,0.0
Libya,Libya,CapacityTechFuel,Gas,2030,9171.0
Libya,Libya,CapacityTechFuel,Gas,2030,0.0
Libya,Libya,CapacityTechFuel,Gas,2030,1400.0
Libya,Libya,CapacityTechFuel,Gas,2030,0.0
Libya,Libya,CapacityTechFuel,Gas,2030,0.0
Libya,Libya,CapacityTechFuel,Gas,2030,0.0
Libya,Libya,CapacityTechFuel,Gas,2030,0.0
Libya,Libya,CapacityTechFuel,Gas,2030,0.0
Libya,Libya,CapacityTechFuel,Coal,2030,0.0
Libya,Libya,CapacityTechFuel,Coal,2030,0.0
Libya,Libya,CapacityTechFuel,Coal,2030,0.0
Libya,Libya,CapacityTechFuel,Coal,2030,0.0
Libya,Libya,CapacityTechFuel,Geothermal,2030,0.0
Libya,Libya,CapacityTechFuel,Geothermal,2030,0.0
Libya,Libya,CapacityTechFuel,Diesel,2030,0.0
Libya,Libya,CapacityTechFuel,Diesel,2030,0.0
Libya,Libya,CapacityTechFuel,Diesel,2030,0.0
Libya,Libya,CapacityTechFuel,Diesel,2030,0.0
Libya,Libya,CapacityTechFuel,Diesel,2030,0.0
Libya,Libya,CapacityTechFuel,Diesel,2030,640.0
Libya,Libya,CapacityTechFuel,Diesel,2030,0.0
Libya,Libya,CapacityTechFuel,Biomass,2030,0.0
Libya,Libya,CapacityTechFuel,Biomass,2030,0.0
Libya,Libya,CapacityTechFuel,Biomass,2030,0.0
Libya,Libya,CapacityTechFuel,Reservoir,2030,0.0
Libya,Libya,CapacityTechFuel,Reservoir,2030,0.0
Libya,Libya,CapacityTechFuel,ROR,2030,0.0
Libya,Libya,CapacityTechFuel,CSP,2030,0.0
Libya,Libya,CapacityTechFuel,CSP,2030,0.0
Libya,Libya,CapacityTechFuel,Offshore Wind,2030,0.0
Libya,Libya,CapacityTechFuel,Onshore Wind,2030,0.0
Libya,Libya,CapacityTechFuel,Onshore Wind,2030,0.0
Libya,Libya,CapacityTechFuel,PV,2030,1500.0
Libya,Libya,CapacityTechFuel,PV,2030,0.0
Libya,Libya,CapacityTechFuel,PV+Storage,2030,0.0
Libya,Libya,CapacityTechFuel,Solar Thermal,2030,0.0
Libya,Libya,CapacityTechFuel,Battery,2030,0.0
Libya,Libya,CapacityTechFuel,PSH,2030,0.0
Libya,Libya,CapacityTechFuel,PSH,2030,0.0
Libya,Libya,CapacityTechFuel,Imports,2030,0.0
Libya,Libya,CapacityTechFuel,Peat,2030,0.0
Libya,Libya,CapacityTechFuel,Waste,2030,0.0
Libya,Libya,CapacityTechFuel,Methane,2030,0.0
Libya,Libya,CapacityTechFuel,Solar,2030,0.0
Libya,Libya,CapacityTechFuel,Solar,2030,0.0
Libya,Libya,CapacityTechFuel,Nuclear,2031,0.0
Libya,Libya,CapacityTechFuel,Gas,2031,3471.0
Libya,Libya,CapacityTechFuel,Gas,2031,0.0
Libya,Libya,CapacityTechFuel,Gas,2031,0.0
Libya,Libya,CapacityTechFuel,Gas,2031,0.0
Libya,Libya,CapacityTechFuel,Gas,2031,0.0
Libya,Libya,CapacityTechFuel,Gas,2031,9171.0
Libya,Libya,CapacityTechFuel,Gas,2031,0.0
Libya,Libya,CapacityTechFuel,Gas,2031,1400.0
Libya,Libya,CapacityTechFuel,Gas,2031,0.0
Libya,Libya,CapacityTechFuel,Gas,2031,0.0
Libya,Libya,CapacityTechFuel,Gas,2031,0.0
Libya,Libya,CapacityTechFuel,Gas,2031,0.0
Libya,Libya,CapacityTechFuel,Gas,2031,0.0
Libya,Libya,CapacityTechFuel,Coal,2031,0.0
Libya,Libya,CapacityTechFuel,Coal,2031,0.0
Libya,Libya,CapacityTechFuel,Coal,2031,0.0
Libya,Libya,CapacityTechFuel,Coal,2031,0.0
Libya,Libya,CapacityTechFuel,Geothermal,2031,0.0
Libya,Libya,CapacityTechFuel,Geothermal,2031,0.0
Libya,Libya,CapacityTechFuel,Diesel,2031,0.0
Libya,Libya,CapacityTechFuel,Diesel,2031,0.0
Libya,Libya,CapacityTechFuel,Diesel,2031,0.0
Libya,Libya,CapacityTechFuel,Diesel,2031,0.0
Libya,Libya,CapacityTechFuel,Diesel,2031,0.0
Libya,Libya,CapacityTechFuel,Diesel,2031,640.0
Libya,Libya,CapacityTechFuel,Diesel,2031,0.0
Libya,Libya,CapacityTechFuel,Biomass,2031,0.0
Libya,Libya,CapacityTechFuel,Biomass,2031,0.0
Libya,Libya,CapacityTechFuel,Biomass,2031,0.0
Libya,Libya,CapacityTechFuel,Reservoir,2031,0.0
Libya,Libya,CapacityTechFuel,Reservoir,2031,0.0
Libya,Libya,CapacityTechFuel,ROR,2031,0.0
Libya,Libya,CapacityTechFuel,CSP,2031,0.0
Libya,Libya,CapacityTechFuel,CSP,2031,0.0
Libya,Libya,CapacityTechFuel,Offshore Wind,2031,0.0
Libya,Libya,CapacityTechFuel,Onshore Wind,2031,0.0
Libya,Libya,CapacityTechFuel,Onshore Wind,2031,500.0
Libya,Libya,CapacityTechFuel,PV,2031,2000.0
Libya,Libya,CapacityTechFuel,PV,2031,0.0
Libya,Libya,CapacityTechFuel,PV+Storage,2031,0.0
Libya,Libya,CapacityTechFuel,Solar Thermal,2031,0.0
Libya,Libya,CapacityTechFuel,Battery,2031,0.0
Libya,Libya,CapacityTechFuel,PSH,2031,0.0
Libya,Libya,CapacityTechFuel,PSH,2031,0.0
Libya,Libya,CapacityTechFuel,Imports,2031,0.0
Libya,Libya,CapacityTechFuel,Peat,2031,0.0
Libya,Libya,CapacityTechFuel,Waste,2031,0.0
Libya,Libya,CapacityTechFuel,Methane,2031,0.0
Libya,Libya,CapacityTechFuel,Solar,2031,0.0
Libya,Libya,CapacityTechFuel,Solar,2031,0.0
Libya,Libya,CapacityTechFuel,Nuclear,2032,0.0
Libya,Libya,CapacityTechFuel,Gas,2032,3871.0
Libya,Libya,CapacityTechFuel,Gas,2032,0.0
Libya,Libya,CapacityTechFuel,Gas,2032,0.0
Libya,Libya,CapacityTechFuel,Gas,2032,0.0
Libya,Libya,CapacityTechFuel,Gas,2032,0.0
Libya,Libya,CapacityTechFuel,Gas,2032,9171.0
Libya,Libya,CapacityTechFuel,Gas,2032,0.0
Libya,Libya,CapacityTechFuel,Gas,2032,1400.0
Libya,Libya,CapacityTechFuel,Gas,2032,0.0
Libya,Libya,CapacityTechFuel,Gas,2032,0.0
Libya,Libya,CapacityTechFuel,Gas,2032,0.0
Libya,Libya,CapacityTechFuel,Gas,2032,0.0
Libya,Libya,CapacityTechFuel,Gas,2032,0.0
Libya,Libya,CapacityTechFuel,Coal,2032,0.0
Libya,Libya,CapacityTechFuel,Coal,2032,0.0
Libya,Libya,CapacityTechFuel,Coal,2032,0.0
Libya,Libya,CapacityTechFuel,Coal,2032,0.0
Libya,Libya,CapacityTechFuel,Geothermal,2032,0.0
Libya,Libya,CapacityTechFuel,Geothermal,2032,0.0
Libya,Libya,CapacityTechFuel,Diesel,2032,0.0
Libya,Libya,CapacityTechFuel,Diesel,2032,0.0
Libya,Libya,CapacityTechFuel,Diesel,2032,0.0
Libya,Libya,CapacityTechFuel,Diesel,2032,0.0
Libya,Libya,CapacityTechFuel,Diesel,2032,0.0
Libya,Libya,CapacityTechFuel,Diesel,2032,640.0
Libya,Libya,CapacityTechFuel,Diesel,2032,0.0
Libya,Libya,CapacityTechFuel,Biomass,2032,0.0
Libya,Libya,CapacityTechFuel,Biomass,2032,0.0
Libya,Libya,CapacityTechFuel,Biomass,2032,0.0
Libya,Libya,CapacityTechFuel,Reservoir,2032,0.0
Libya,Libya,CapacityTechFuel,Reservoir,2032,0.0
Libya,Libya,CapacityTechFuel,ROR,2032,0.0
Libya,Libya,CapacityTechFuel,CSP,2032,0.0
Libya,Libya,CapacityTechFuel,CSP,2032,0.0
Libya,Libya,CapacityTechFuel,Offshore Wind,2032,0.0
Libya,Libya,CapacityTechFuel,Onshore Wind,2032,0.0
Libya,Libya,CapacityTechFuel,Onshore Wind,2032,1000.0
Libya,Libya,CapacityTechFuel,PV,2032,2500.0
Libya,Libya,CapacityTechFuel,PV,2032,0.0
Libya,Libya,CapacityTechFuel,PV+Storage,2032,0.0
Libya,Libya,CapacityTechFuel,Solar Thermal,2032,0.0
Libya,Libya,CapacityTechFuel,Battery,2032,0.0
Libya,Libya,CapacityTechFuel,PSH,2032,0.0
Libya,Libya,CapacityTechFuel,PSH,2032,0.0
Libya,Libya,CapacityTechFuel,Imports,2032,0.0
Libya,Libya,CapacityTechFuel,Peat,2032,0.0
Libya,Libya,CapacityTechFuel,Waste,2032,0.0
Libya,Libya,CapacityTechFuel,Methane,2032,0.0
Libya,Libya,CapacityTechFuel,Solar,2032,0.0
Libya,Libya,CapacityTechFuel,Solar,2032,0.0
Libya,Libya,CapacityTechFuel,Nuclear,2033,0.0
Libya,Libya,CapacityTechFuel,Gas,2033,4271.0
Libya,Libya,CapacityTechFuel,Gas,2033,0.0
Libya,Libya,CapacityTechFuel,Gas,2033,0.0
Libya,Libya,CapacityTechFuel,Gas,2033,0.0
Libya,Libya,CapacityTechFuel,Gas,2033,0.0
Libya,Libya,CapacityTechFuel,Gas,2033,9171.0
Libya,Libya,CapacityTechFuel,Gas,2033,0.0
Libya,Libya,CapacityTechFuel,Gas,2033,1400.0
Libya,Libya,CapacityTechFuel,Gas,2033,0.0
Libya,Libya,CapacityTechFuel,Gas,2033,0.0
Libya,Libya,CapacityTechFuel,Gas,2033,0.0
Libya,Libya,CapacityTechFuel,Gas,2033,0.0
Libya,Libya,CapacityTechFuel,Gas,2033,0.0
Libya,Libya,CapacityTechFuel,Coal,2033,0.0
Libya,Libya,CapacityTechFuel,Coal,2033,0.0
Libya,Libya,CapacityTechFuel,Coal,2033,0.0
Libya,Libya,CapacityTechFuel,Coal,2033,0.0
Libya,Libya,CapacityTechFuel,Geothermal,2033,0.0
Libya,Libya,CapacityTechFuel,Geothermal,2033,0.0
Libya,Libya,CapacityTechFuel,Diesel,2033,0.0
Libya,Libya,CapacityTechFuel,Diesel,2033,0.0
Libya,Libya,CapacityTechFuel,Diesel,2033,0.0
Libya,Libya,CapacityTechFuel,Diesel,2033,0.0
Libya,Libya,CapacityTechFuel,Diesel,2033,0.0
Libya,Libya,CapacityTechFuel,Diesel,2033,640.0
Libya,Libya,CapacityTechFuel,Diesel,2033,0.0
Libya,Libya,CapacityTechFuel,Biomass,2033,0.0
Libya,Libya,CapacityTechFuel,Biomass,2033,0.0
Libya,Libya,CapacityTechFuel,Biomass,2033,0.0
Libya,Libya,CapacityTechFuel,Reservoir,2033,0.0
Libya,Libya,CapacityTechFuel,Reservoir,2033,0.0
Libya,Libya,CapacityTechFuel,ROR,2033,0.0
Libya,Libya,CapacityTechFuel,CSP,2033,0.0
Libya,Libya,CapacityTechFuel,CSP,2033,0.0
Libya,Libya,CapacityTechFuel,Offshore Wind,2033,0.0
Libya,Libya,CapacityTechFuel,Onshore Wind,2033,0.0
Libya,Libya,CapacityTechFuel,Onshore Wind,2033,1500.0
Libya,Libya,CapacityTechFuel,PV,2033,3000.0
Libya,Libya,CapacityTechFuel,PV,2033,0.0
Libya,Libya,CapacityTechFuel,PV+Storage,2033,0.0
Libya,Libya,CapacityTechFuel,Solar Thermal,2033,0.0
Libya,Libya,CapacityTechFuel,Battery,2033,0.0
Libya,Libya,CapacityTechFuel,PSH,2033,0.0
Libya,Libya,CapacityTechFuel,PSH,2033,0.0
Libya,Libya,CapacityTechFuel,Imports,2033,0.0
Libya,Libya,CapacityTechFuel,Peat,2033,0.0
Libya,Libya,CapacityTechFuel,Waste,2033,0.0
Libya,Libya,CapacityTechFuel,Methane,2033,0.0
Libya,Libya,CapacityTechFuel,Solar,2033,0.0
Libya,Libya,CapacityTechFuel,Solar,2033,0.0
Libya,Libya,CapacityTechFuel,Nuclear,2034,0.0
Libya,Libya,CapacityTechFuel,Gas,2034,4671.0
Libya,Libya,CapacityTechFuel,Gas,2034,0.0
Libya,Libya,CapacityTechFuel,Gas,2034,0.0
Libya,Libya,CapacityTechFuel,Gas,2034,0.0
Libya,Libya,CapacityTechFuel,Gas,2034,0.0
Libya,Libya,CapacityTechFuel,Gas,2034,9571.0
Libya,Libya,CapacityTechFuel,Gas,2034,0.0
Libya,Libya,CapacityTechFuel,Gas,2034,1400.0
Libya,Libya,CapacityTechFuel,Gas,2034,0.0
Libya,Libya,CapacityTechFuel,Gas,2034,0.0
Libya,Libya,CapacityTechFuel,Gas,2034,0.0
Libya,Libya,CapacityTechFuel,Gas,2034,0.0
Libya,Libya,CapacityTechFuel,Gas,2034,0.0
Libya,Libya,CapacityTechFuel,Coal,2034,0.0
Libya,Libya,CapacityTechFuel,Coal,2034,0.0
Libya,Libya,CapacityTechFuel,Coal,2034,0.0
Libya,Libya,CapacityTechFuel,Coal,2034,0.0
Libya,Libya,CapacityTechFuel,Geothermal,2034,0.0
Libya,Libya,CapacityTechFuel,Geothermal,2034,0.0
Libya,Libya,CapacityTechFuel,Diesel,2034,0.0
Libya,Libya,CapacityTechFuel,Diesel,2034,0.0
Libya,Libya,CapacityTechFuel,Diesel,2034,0.0
Libya,Libya,CapacityTechFuel,Diesel,2034,0.0
Libya,Libya,CapacityTechFuel,Diesel,2034,0.0
Libya,Libya,CapacityTechFuel,Diesel,2034,640.0
Libya,Libya,CapacityTechFuel,Diesel,2034,0.0
Libya,Libya,CapacityTechFuel,Biomass,2034,0.0
Libya,Libya,CapacityTechFuel,Biomass,2034,0.0
Libya,Libya,CapacityTechFuel,Biomass,2034,0.0
Libya,Libya,CapacityTechFuel,Reservoir,2034,0.0
Libya,Libya,CapacityTechFuel,Reservoir,2034,0.0
Libya,Libya,CapacityTechFuel,ROR,2034,0.0
Libya,Libya,CapacityTechFuel,CSP,2034,0.0
Libya,Libya,CapacityTechFuel,CSP,2034,0.0
Libya,Libya,CapacityTechFuel,Offshore Wind,2034,0.0
Libya,Libya,CapacityTechFuel,Onshore Wind,2034,0.0
Libya,Libya,CapacityTechFuel,Onshore Wind,2034,2000.0
Libya,Libya,CapacityTechFuel,PV,2034,3500.0
Libya,Libya,CapacityTechFuel,PV,2034,0.0
Libya,Libya,CapacityTechFuel,PV+Storage,2034,0.0
Libya,Libya,CapacityTechFuel,Solar Thermal,2034,0.0
Libya,Libya,CapacityTechFuel,Battery,2034,0.0
Libya,Libya,CapacityTechFuel,PSH,2034,0.0
Libya,Libya,CapacityTechFuel,PSH,2034,0.0
Libya,Libya,CapacityTechFuel,Imports,2034,0.0
Libya,Libya,CapacityTechFuel,Peat,2034,0.0
Libya,Libya,CapacityTechFuel,Waste,2034,0.0
Libya,Libya,CapacityTechFuel,Methane,2034,0.0
Libya,Libya,CapacityTechFuel,Solar,2034,0.0
Libya,Libya,CapacityTechFuel,Solar,2034,0.0
Libya,Libya,CapacityTechFuel,Nuclear,2035,0.0
Libya,Libya,CapacityTechFuel,Gas,2035,5071.0
Libya,Libya,CapacityTechFuel,Gas,2035,0.0
Libya,Libya,CapacityTechFuel,Gas,2035,0.0
Libya,Libya,CapacityTechFuel,Gas,2035,0.0
Libya,Libya,CapacityTechFuel,Gas,2035,0.0
Libya,Libya,CapacityTechFuel,Gas,2035,8875.0
Libya,Libya,CapacityTechFuel,Gas,2035,0.0
Libya,Libya,CapacityTechFuel,Gas,2035,1400.0
Libya,Libya,CapacityTechFuel,Gas,2035,0.0
Libya,Libya,CapacityTechFuel,Gas,2035,0.0
Libya,Libya,CapacityTechFuel,Gas,2035,0.0
Libya,Libya,CapacityTechFuel,Gas,2035,0.0
Libya,Libya,CapacityTechFuel,Gas,2035,0.0
Libya,Libya,CapacityTechFuel,Coal,2035,0.0
Libya,Libya,CapacityTechFuel,Coal,2035,0.0
Libya,Libya,CapacityTechFuel,Coal,2035,0.0
Libya,Libya,CapacityTechFuel,Coal,2035,0.0
Libya,Libya,CapacityTechFuel,Geothermal,2035,0.0
Libya,Libya,CapacityTechFuel,Geothermal,2035,0.0
Libya,Libya,CapacityTechFuel,Diesel,2035,0.0
Libya,Libya,CapacityTechFuel,Diesel,2035,0.0
Libya,Libya,CapacityTechFuel,Diesel,2035,0.0
Libya,Libya,CapacityTechFuel,Diesel,2035,0.0
Libya,Libya,CapacityTechFuel,Diesel,2035,0.0
Libya,Libya,CapacityTechFuel,Diesel,2035,640.0
Libya,Libya,CapacityTechFuel,Diesel,2035,0.0
Libya,Libya,CapacityTechFuel,Biomass,2035,0.0
Libya,Libya,CapacityTechFuel,Biomass,2035,0.0
Libya,Libya,CapacityTechFuel,Biomass,2035,0.0
Libya,Libya,CapacityTechFuel,Reservoir,2035,0.0
Libya,Libya,CapacityTechFuel,Reservoir,2035,0.0
Libya,Libya,CapacityTechFuel,ROR,2035,0.0
Libya,Libya,CapacityTechFuel,CSP,2035,0.0
Libya,Libya,CapacityTechFuel,CSP,2035,0.0
Libya,Libya,CapacityTechFuel,Offshore Wind,2035,0.0
Libya,Libya,CapacityTechFuel,Onshore Wind,2035,0.0
Libya,Libya,CapacityTechFuel,Onshore Wind,2035,2500.0
Libya,Libya,CapacityTechFuel,PV,2035,5500.0
Libya,Libya,CapacityTechFuel,PV,2035,0.0
Libya,Libya,CapacityTechFuel,PV+Storage,2035,0.0
Libya,Libya,CapacityTechFuel,Solar Thermal,2035,0.0
Libya,Libya,CapacityTechFuel,Battery,2035,0.0
Libya,Libya,CapacityTechFuel,PSH,2035,0.0
Libya,Libya,CapacityTechFuel,PSH,2035,0.0
Libya,Libya,CapacityTechFuel,Imports,2035,0.0
Libya,Libya,CapacityTechFuel,Peat,2035,0.0
Libya,Libya,CapacityTechFuel,Waste,2035,0.0
Libya,Libya,CapacityTechFuel,Methane,2035,0.0
Libya,Libya,CapacityTechFuel,Solar,2035,0.0
Libya,Libya,CapacityTechFuel,Solar,2035,0.0
Libya,Libya,CapacityTechFuel,Nuclear,2036,0.0
Libya,Libya,CapacityTechFuel,Gas,2036,4556.0
Libya,Libya,CapacityTechFuel,Gas,2036,0.0
Libya,Libya,CapacityTechFuel,Gas,2036,0.0
Libya,Libya,CapacityTechFuel,Gas,2036,0.0
Libya,Libya,CapacityTechFuel,Gas,2036,0.0
Libya,Libya,CapacityTechFuel,Gas,2036,8375.0
Libya,Libya,CapacityTechFuel,Gas,2036,0.0
Libya,Libya,CapacityTechFuel,Gas,2036,1400.0
Libya,Libya,CapacityTechFuel,Gas,2036,0.0
Libya,Libya,CapacityTechFuel,Gas,2036,0.0
Libya,Libya,CapacityTechFuel,Gas,2036,0.0
Libya,Libya,CapacityTechFuel,Gas,2036,0.0
Libya,Libya,CapacityTechFuel,Gas,2036,0.0
Libya,Libya,CapacityTechFuel,Coal,2036,0.0
Libya,Libya,CapacityTechFuel,Coal,2036,0.0
Libya,Libya,CapacityTechFuel,Coal,2036,0.0
Libya,Libya,CapacityTechFuel,Coal,2036,0.0
Libya,Libya,CapacityTechFuel,Geothermal,2036,0.0
Libya,Libya,CapacityTechFuel,Geothermal,2036,0.0
Libya,Libya,CapacityTechFuel,Diesel,2036,0.0
Libya,Libya,CapacityTechFuel,Diesel,2036,0.0
Libya,Libya,CapacityTechFuel,Diesel,2036,0.0
Libya,Libya,CapacityTechFuel,Diesel,2036,0.0
Libya,Libya,CapacityTechFuel,Diesel,2036,0.0
Libya,Libya,CapacityTechFuel,Diesel,2036,640.0
Libya,Libya,CapacityTechFuel,Diesel,2036,0.0
Libya,Libya,CapacityTechFuel,Biomass,2036,0.0
Libya,Libya,CapacityTechFuel,Biomass,2036,0.0
Libya,Libya,CapacityTechFuel,Biomass,2036,0.0
Libya,Libya,CapacityTechFuel,Reservoir,2036,0.0
Libya,Libya,CapacityTechFuel,Reservoir,2036,0.0
Libya,Libya,CapacityTechFuel,ROR,2036,0.0
Libya,Libya,CapacityTechFuel,CSP,2036,0.0
Libya,Libya,CapacityTechFuel,CSP,2036,0.0
Libya,Libya,CapacityTechFuel,Offshore Wind,2036,0.0
Libya,Libya,CapacityTechFuel,Onshore Wind,2036,0.0
Libya,Libya,CapacityTechFuel,Onshore Wind,2036,3000.0
Libya,Libya,CapacityTechFuel,PV,2036,7500.0
Libya,Libya,CapacityTechFuel,PV,2036,0.0
Libya,Libya,CapacityTechFuel,PV+Storage,2036,0.0
Libya,Libya,CapacityTechFuel,Solar Thermal,2036,0.0
Libya,Libya,CapacityTechFuel,Battery,2036,0.0
Libya,Libya,CapacityTechFuel,PSH,2036,0.0
Libya,Libya,CapacityTechFuel,PSH,2036,0.0
Libya,Libya,CapacityTechFuel,Imports,2036,0.0
Libya,Libya,CapacityTechFuel,Peat,2036,0.0
Libya,Libya,CapacityTechFuel,Waste,2036,0.0
Libya,Libya,CapacityTechFuel,Methane,2036,0.0
Libya,Libya,CapacityTechFuel,Solar,2036,0.0
Libya,Libya,CapacityTechFuel,Solar,2036,0.0
Libya,Libya,CapacityTechFuel,Nuclear,2037,0.0
Libya,Libya,CapacityTechFuel,Gas,2037,4956.0
Libya,Libya,CapacityTechFuel,Gas,2037,0.0
Libya,Libya,CapacityTechFuel,Gas,2037,0.0
Libya,Libya,CapacityTechFuel,Gas,2037,0.0
Libya,Libya,CapacityTechFuel,Gas,2037,0.0
Libya,Libya,CapacityTechFuel,Gas,2037,8775.0
Libya,Libya,CapacityTechFuel,Gas,2037,0.0
Libya,Libya,CapacityTechFuel,Gas,2037,1400.0
Libya,Libya,CapacityTechFuel,Gas,2037,0.0
Libya,Libya,CapacityTechFuel,Gas,2037,0.0
Libya,Libya,CapacityTechFuel,Gas,2037,0.0
Libya,Libya,CapacityTechFuel,Gas,2037,0.0
Libya,Libya,CapacityTechFuel,Gas,2037,0.0
Libya,Libya,CapacityTechFuel,Coal,2037,0.0
Libya,Libya,CapacityTechFuel,Coal,2037,0.0
Libya,Libya,CapacityTechFuel,Coal,2037,0.0
Libya,Libya,CapacityTechFuel,Coal,2037,0.0
Libya,Libya,CapacityTechFuel,Geothermal,2037,0.0
Libya,Libya,CapacityTechFuel,Geothermal,2037,0.0
Libya,Libya,CapacityTechFuel,Diesel,2037,0.0
Libya,Libya,CapacityTechFuel,Diesel,2037,0.0
Libya,Libya,CapacityTechFuel,Diesel,2037,0.0
Libya,Libya,CapacityTechFuel,Diesel,2037,0.0
Libya,Libya,CapacityTechFuel,Diesel,2037,0.0
Libya,Libya,CapacityTechFuel,Diesel,2037,640.0
Libya,Libya,CapacityTechFuel,Diesel,2037,0.0
Libya,Libya,CapacityTechFuel,Biomass,2037,0.0
Libya,Libya,CapacityTechFuel,Biomass,2037,0.0
Libya,Libya,CapacityTechFuel,Biomass,2037,0.0
Libya,Libya,CapacityTechFuel,Reservoir,2037,0.0
Libya,Libya,CapacityTechFuel,Reservoir,2037,0.0
Libya,Libya,CapacityTechFuel,ROR,2037,0.0
Libya,Libya,CapacityTechFuel,CSP,2037,0.0
Libya,Libya,CapacityTechFuel,CSP,2037,0.0
Libya,Libya,CapacityTechFuel,Offshore Wind,2037,0.0
Libya,Libya,CapacityTechFuel,Onshore Wind,2037,0.0
Libya,Libya,CapacityTechFuel,Onshore Wind,2037,3500.0
Libya,Libya,CapacityTechFuel,PV,2037,9500.0
Libya,Libya,CapacityTechFuel,PV,2037,0.0
Libya,Libya,CapacityTechFuel,PV+Storage,2037,0.0
Libya,Libya,CapacityTechFuel,Solar Thermal,2037,0.0
Libya,Libya,CapacityTechFuel,Battery,2037,0.0
Libya,Libya,CapacityTechFuel,PSH,2037,0.0
Libya,Libya,CapacityTechFuel,PSH,2037,0.0
Libya,Libya,CapacityTechFuel,Imports,2037,0.0
Libya,Libya,CapacityTechFuel,Peat,2037,0.0
Libya,Libya,CapacityTechFuel,Waste,2037,0.0
Libya,Libya,CapacityTechFuel,Methane,2037,0.0
Libya,Libya,CapacityTechFuel,Solar,2037,0.0
Libya,Libya,CapacityTechFuel,Solar,2037,0.0
Libya,Libya,CapacityTechFuel,Nuclear,2038,0.0
Libya,Libya,CapacityTechFuel,Gas,2038,5356.0
Libya,Libya,CapacityTechFuel,Gas,2038,0.0
Libya,Libya,CapacityTechFuel,Gas,2038,0.0
Libya,Libya,CapacityTechFuel,Gas,2038,0.0
Libya,Libya,CapacityTechFuel,Gas,2038,0.0
Libya,Libya,CapacityTechFuel,Gas,2038,9175.0
Libya,Libya,CapacityTechFuel,Gas,2038,0.0
Libya,Libya,CapacityTechFuel,Gas,2038,1400.0
Libya,Libya,CapacityTechFuel,Gas,2038,0.0
Libya,Libya,CapacityTechFuel,Gas,2038,0.0
Libya,Libya,CapacityTechFuel,Gas,2038,0.0
Libya,Libya,CapacityTechFuel,Gas,2038,0.0
Libya,Libya,CapacityTechFuel,Gas,2038,0.0
Libya,Libya,CapacityTechFuel,Coal,2038,0.0
Libya,Libya,CapacityTechFuel,Coal,2038,0.0
Libya,Libya,CapacityTechFuel,Coal,2038,0.0
Libya,Libya,CapacityTechFuel,Coal,2038,0.0
Libya,Libya,CapacityTechFuel,Geothermal,2038,0.0
Libya,Libya,CapacityTechFuel,Geothermal,2038,0.0
Libya,Libya,CapacityTechFuel,Diesel,2038,0.0
Libya,Libya,CapacityTechFuel,Diesel,2038,0.0
Libya,Libya,CapacityTechFuel,Diesel,2038,0.0
Libya,Libya,CapacityTechFuel,Diesel,2038,0.0
Libya,Libya,CapacityTechFuel,Diesel,2038,0.0
Libya,Libya,CapacityTechFuel,Diesel,2038,640.0
Libya,Libya,CapacityTechFuel,Diesel,2038,0.0
Libya,Libya,CapacityTechFuel,Biomass,2038,0.0
Libya,Libya,CapacityTechFuel,Biomass,2038,0.0
Libya,Libya,CapacityTechFuel,Biomass,2038,0.0
Libya,Libya,CapacityTechFuel,Reservoir,2038,0.0
Libya,Libya,CapacityTechFuel,Reservoir,2038,0.0
Libya,Libya,CapacityTechFuel,ROR,2038,0.0
Libya,Libya,CapacityTechFuel,CSP,2038,0.0
Libya,Libya,CapacityTechFuel,CSP,2038,0.0
Libya,Libya,CapacityTechFuel,Offshore Wind,2038,0.0
Libya,Libya,CapacityTechFuel,Onshore Wind,2038,0.0
Libya,Libya,CapacityTechFuel,Onshore Wind,2038,4000.0
Libya,Libya,CapacityTechFuel,PV,2038,11500.0
Libya,Libya,CapacityTechFuel,PV,2038,0.0
Libya,Libya,CapacityTechFuel,PV+Storage,2038,0.0
Libya,Libya,CapacityTechFuel,Solar Thermal,2038,0.0
Libya,Libya,CapacityTechFuel,Battery,2038,62.99222999999984
Libya,Libya,CapacityTechFuel,PSH,2038,0.0
Libya,Libya,CapacityTechFuel,PSH,2038,0.0
Libya,Libya,CapacityTechFuel,Imports,2038,0.0
Libya,Libya,CapacityTechFuel,Peat,2038,0.0
Libya,Libya,CapacityTechFuel,Waste,2038,0.0
Libya,Libya,CapacityTechFuel,Methane,2038,0.0
Libya,Libya,CapacityTechFuel,Solar,2038,0.0
Libya,Libya,CapacityTechFuel,Solar,2038,0.0
Libya,Libya,CapacityTechFuel,Nuclear,2039,0.0
Libya,Libya,CapacityTechFuel,Gas,2039,5756.0
Libya,Libya,CapacityTechFuel,Gas,2039,0.0
Libya,Libya,CapacityTechFuel,Gas,2039,0.0
Libya,Libya,CapacityTechFuel,Gas,2039,0.0
Libya,Libya,CapacityTechFuel,Gas,2039,0.0
Libya,Libya,CapacityTechFuel,Gas,2039,9575.0
Libya,Libya,CapacityTechFuel,Gas,2039,0.0
Libya,Libya,CapacityTechFuel,Gas,2039,1400.0
Libya,Libya,CapacityTechFuel,Gas,2039,0.0
Libya,Libya,CapacityTechFuel,Gas,2039,0.0
Libya,Libya,CapacityTechFuel,Gas,2039,0.0
Libya,Libya,CapacityTechFuel,Gas,2039,0.0
Libya,Libya,CapacityTechFuel,Gas,2039,0.0
Libya,Libya,CapacityTechFuel,Coal,2039,0.0
Libya,Libya,CapacityTechFuel,Coal,2039,0.0
Libya,Libya,CapacityTechFuel,Coal,2039,0.0
Libya,Libya,CapacityTechFuel,Coal,2039,0.0
Libya,Libya,CapacityTechFuel,Geothermal,2039,0.0
Libya,Libya,CapacityTechFuel,Geothermal,2039,0.0
Libya,Libya,CapacityTechFuel,Diesel,2039,0.0
Libya,Libya,CapacityTechFuel,Diesel,2039,0.0
Libya,Libya,CapacityTechFuel,Diesel,2039,0.0
Libya,Libya,CapacityTechFuel,Diesel,2039,0.0
Libya,Libya,CapacityTechFuel,Diesel,2039,0.0
Libya,Libya,CapacityTechFuel,Diesel,2039,640.0
Libya,Libya,CapacityTechFuel,Diesel,2039,0.0
Libya,Libya,CapacityTechFuel,Biomass,2039,0.0
Libya,Libya,CapacityTechFuel,Biomass,2039,0.0
Libya,Libya,CapacityTechFuel,Biomass,2039,0.0
Libya,Libya,CapacityTechFuel,Reservoir,2039,0.0
Libya,Libya,CapacityTechFuel,Reservoir,2039,0.0
Libya,Libya,CapacityTechFuel,ROR,2039,0.0
Libya,Libya,CapacityTechFuel,CSP,2039,0.0
Libya,Libya,CapacityTechFuel,CSP,2039,0.0
Libya,Libya,CapacityTechFuel,Offshore Wind,2039,0.0
Libya,Libya,CapacityTechFuel,Onshore Wind,2039,0.0
Libya,Libya,CapacityTechFuel,Onshore Wind,2039,4500.0
Libya,Libya,CapacityTechFuel,PV,2039,13500.0
Libya,Libya,CapacityTechFuel,PV,2039,0.0
Libya,Libya,CapacityTechFuel,PV+Storage,2039,0.0
Libya,Libya,CapacityTechFuel,Solar Thermal,2039,0.0
Libya,Libya,CapacityTechFuel,Battery,2039,562.9922299999998
Libya,Libya,CapacityTechFuel,PSH,2039,0.0
Libya,Libya,CapacityTechFuel,PSH,2039,0.0
Libya,Libya,CapacityTechFuel,Imports,2039,0.0
Libya,Libya,CapacityTechFuel,Peat,2039,0.0
Libya,Libya,CapacityTechFuel,Waste,2039,0.0
Libya,Libya,CapacityTechFuel,Methane,2039,0.0
Libya,Libya,CapacityTechFuel,Solar,2039,0.0
Libya,Libya,CapacityTechFuel,Solar,2039,0.0
Libya,Libya,CapacityTechFuel,Nuclear,2040,0.0
Libya,Libya,CapacityTechFuel,Gas,2040,6156.0
Libya,Libya,CapacityTechFuel,Gas,2040,0.0
Libya,Libya,CapacityTechFuel,Gas,2040,0.0
Libya,Libya,CapacityTechFuel,Gas,2040,0.0
Libya,Libya,CapacityTechFuel,Gas,2040,0.0
Libya,Libya,CapacityTechFuel,Gas,2040,9975.0
Libya,Libya,CapacityTechFuel,Gas,2040,0.0
Libya,Libya,CapacityTechFuel,Gas,2040,1400.0
Libya,Libya,CapacityTechFuel,Gas,2040,0.0
Libya,Libya,CapacityTechFuel,Gas,2040,0.0
Libya,Libya,CapacityTechFuel,Gas,2040,0.0
Libya,Libya,CapacityTechFuel,Gas,2040,0.0
Libya,Libya,CapacityTechFuel,Gas,2040,0.0
Libya,Libya,CapacityTechFuel,Coal,2040,0.0
Libya,Libya,CapacityTechFuel,Coal,2040,0.0
Libya,Libya,CapacityTechFuel,Coal,2040,0.0
Libya,Libya,CapacityTechFuel,Coal,2040,0.0
Libya,Libya,CapacityTechFuel,Geothermal,2040,0.0
Libya,Libya,CapacityTechFuel,Geothermal,2040,0.0
Libya,Libya,CapacityTechFuel,Diesel,2040,0.0
Libya,Libya,CapacityTechFuel,Diesel,2040,0.0
Libya,Libya,CapacityTechFuel,Diesel,2040,0.0
Libya,Libya,CapacityTechFuel,Diesel,2040,0.0
Libya,Libya,CapacityTechFuel,Diesel,2040,0.0
Libya,Libya,CapacityTechFuel,Diesel,2040,640.0
Libya,Libya,CapacityTechFuel,Diesel,2040,0.0
Libya,Libya,CapacityTechFuel,Biomass,2040,0.0
Libya,Libya,CapacityTechFuel,Biomass,2040,0.0
Libya,Libya,CapacityTechFuel,Biomass,2040,0.0
Libya,Libya,CapacityTechFuel,Reservoir,2040,0.0
Libya,Libya,CapacityTechFuel,Reservoir,2040,0.0
Libya,Libya,CapacityTechFuel,ROR,2040,0.0
Libya,Libya,CapacityTechFuel,CSP,2040,0.0
Libya,Libya,CapacityTechFuel,CSP,2040,0.0
Libya,Libya,CapacityTechFuel,Offshore Wind,2040,0.0
Libya,Libya,CapacityTechFuel,Onshore Wind,2040,0.0
Libya,Libya,CapacityTechFuel,Onshore Wind,2040,5000.0
Libya,Libya,CapacityTechFuel,PV,2040,15500.0
Libya,Libya,CapacityTechFuel,PV,2040,0.0
Libya,Libya,CapacityTechFuel,PV+Storage,2040,0.0
Libya,Libya,CapacityTechFuel,Solar Thermal,2040,0.0
Libya,Libya,CapacityTechFuel,Battery,2040,1062.9922299999998
Libya,Libya,CapacityTechFuel,PSH,2040,0.0
Libya,Libya,CapacityTechFuel,PSH,2040,0.0
Libya,Libya,CapacityTechFuel,Imports,2040,0.0
Libya,Libya,CapacityTechFuel,Peat,2040,0.0
Libya,Libya,CapacityTechFuel,Waste,2040,0.0
Libya,Libya,CapacityTechFuel,Methane,2040,0.0
Libya,Libya,CapacityTechFuel,Solar,2040,0.0
Libya,Libya,CapacityTechFuel,Solar,2040,0.0
Libya,Libya,CapacityTechFuel,Nuclear,2041,0.0
Libya,Libya,CapacityTechFuel,Gas,2041,5200.0
Libya,Libya,CapacityTechFuel,Gas,2041,0.0
Libya,Libya,CapacityTechFuel,Gas,2041,0.0
Libya,Libya,CapacityTechFuel,Gas,2041,0.0
Libya,Libya,CapacityTechFuel,Gas,2041,0.0
Libya,Libya,CapacityTechFuel,Gas,2041,8285.0
Libya,Libya,CapacityTechFuel,Gas,2041,0.0
Libya,Libya,CapacityTechFuel,Gas,2041,1400.0
Libya,Libya,CapacityTechFuel,Gas,2041,0.0
Libya,Libya,CapacityTechFuel,Gas,2041,0.0
Libya,Libya,CapacityTechFuel,Gas,2041,0.0
Libya,Libya,CapacityTechFuel,Gas,2041,0.0
Libya,Libya,CapacityTechFuel,Gas,2041,0.0
Libya,Libya,CapacityTechFuel,Coal,2041,0.0
Libya,Libya,CapacityTechFuel,Coal,2041,0.0
Libya,Libya,CapacityTechFuel,Coal,2041,0.0
Libya,Libya,CapacityTechFuel,Coal,2041,0.0
Libya,Libya,CapacityTechFuel,Geothermal,2041,0.0
Libya,Libya,CapacityTechFuel,Geothermal,2041,0.0
Libya,Libya,CapacityTechFuel,Diesel,2041,0.0
Libya,Libya,CapacityTechFuel,Diesel,2041,0.0
Libya,Libya,CapacityTechFuel,Diesel,2041,0.0
Libya,Libya,CapacityTechFuel,Diesel,2041,0.0
Libya,Libya,CapacityTechFuel,Diesel,2041,0.0
Libya,Libya,CapacityTechFuel,Diesel,2041,640.0
Libya,Libya,CapacityTechFuel,Diesel,2041,0.0
Libya,Libya,CapacityTechFuel,Biomass,2041,0.0
Libya,Libya,CapacityTechFuel,Biomass,2041,0.0
Libya,Libya,CapacityTechFuel,Biomass,2041,0.0
Libya,Libya,CapacityTechFuel,Reservoir,2041,0.0
Libya,Libya,CapacityTechFuel,Reservoir,2041,0.0
Libya,Libya,CapacityTechFuel,ROR,2041,0.0
Libya,Libya,CapacityTechFuel,CSP,2041,0.0
Libya,Libya,CapacityTechFuel,CSP,2041,0.0
Libya,Libya,CapacityTechFuel,Offshore Wind,2041,0.0
Libya,Libya,CapacityTechFuel,Onshore Wind,2041,0.0
Libya,Libya,CapacityTechFuel,Onshore Wind,2041,5500.0
Libya,Libya,CapacityTechFuel,PV,2041,17500.0
Libya,Libya,CapacityTechFuel,PV,2041,0.0
Libya,Libya,CapacityTechFuel,PV+Storage,2041,0.0
Libya,Libya,CapacityTechFuel,Solar Thermal,2041,0.0
Libya,Libya,CapacityTechFuel,Battery,2041,1562.9922299999998
Libya,Libya,CapacityTechFuel,PSH,2041,0.0
Libya,Libya,CapacityTechFuel,PSH,2041,0.0
Libya,Libya,CapacityTechFuel,Imports,2041,0.0
Libya,Libya,CapacityTechFuel,Peat,2041,0.0
Libya,Libya,CapacityTechFuel,Waste,2041,0.0
Libya,Libya,CapacityTechFuel,Methane,2041,0.0
Libya,Libya,CapacityTechFuel,Solar,2041,0.0
Libya,Libya,CapacityTechFuel,Solar,2041,0.0
Libya,Libya,CapacityTechFuel,Nuclear,2042,0.0
Libya,Libya,CapacityTechFuel,Gas,2042,5600.0
Libya,Libya,CapacityTechFuel,Gas,2042,0.0
Libya,Libya,CapacityTechFuel,Gas,2042,0.0
Libya,Libya,CapacityTechFuel,Gas,2042,0.0
Libya,Libya,CapacityTechFuel,Gas,2042,0.0
Libya,Libya,CapacityTechFuel,Gas,2042,8685.0
Libya,Libya,CapacityTechFuel,Gas,2042,0.0
Libya,Libya,CapacityTechFuel,Gas,2042,1400.0
Libya,Libya,CapacityTechFuel,Gas,2042,0.0
Libya,Libya,CapacityTechFuel,Gas,2042,0.0
Libya,Libya,CapacityTechFuel,Gas,2042,0.0
Libya,Libya,CapacityTechFuel,Gas,2042,0.0
Libya,Libya,CapacityTechFuel,Gas,2042,0.0
Libya,Libya,CapacityTechFuel,Coal,2042,0.0
Libya,Libya,CapacityTechFuel,Coal,2042,0.0
Libya,Libya,CapacityTechFuel,Coal,2042,0.0
Libya,Libya,CapacityTechFuel,Coal,2042,0.0
Libya,Libya,CapacityTechFuel,Geothermal,2042,0.0
Libya,Libya,CapacityTechFuel,Geothermal,2042,0.0
Libya,Libya,CapacityTechFuel,Diesel,2042,0.0
Libya,Libya,CapacityTechFuel,Diesel,2042,0.0
Libya,Libya,CapacityTechFuel,Diesel,2042,0.0
Libya,Libya,CapacityTechFuel,Diesel,2042,0.0
Libya,Libya,CapacityTechFuel,Diesel,2042,0.0
Libya,Libya,CapacityTechFuel,Diesel,2042,640.0
Libya,Libya,CapacityTechFuel,Diesel,2042,0.0
Libya,Libya,CapacityTechFuel,Biomass,2042,0.0
Libya,Libya,CapacityTechFuel,Biomass,2042,0.0
Libya,Libya,CapacityTechFuel,Biomass,2042,0.0
Libya,Libya,CapacityTechFuel,Reservoir,2042,0.0
Libya,Libya,CapacityTechFuel,Reservoir,2042,0.0
Libya,Libya,CapacityTechFuel,ROR,2042,0.0
Libya,Libya,CapacityTechFuel,CSP,2042,0.0
Libya,Libya,CapacityTechFuel,CSP,2042,0.0
Libya,Libya,CapacityTechFuel,Offshore Wind,2042,0.0
Libya,Libya,CapacityTechFuel,Onshore Wind,2042,0.0
Libya,Libya,CapacityTechFuel,Onshore Wind,2042,6000.0
Libya,Libya,CapacityTechFuel,PV,2042,19500.0
Libya,Libya,CapacityTechFuel,PV,2042,0.0
Libya,Libya,CapacityTechFuel,PV+Storage,2042,0.0
Libya,Libya,CapacityTechFuel,Solar Thermal,2042,0.0
Libya,Libya,CapacityTechFuel,Battery,2042,2062.99223
Libya,Libya,CapacityTechFuel,PSH,2042,0.0
Libya,Libya,CapacityTechFuel,PSH,2042,0.0
Libya,Libya,CapacityTechFuel,Imports,2042,0.0
Libya,Libya,CapacityTechFuel,Peat,2042,0.0
Libya,Libya,CapacityTechFuel,Waste,2042,0.0
Libya,Libya,CapacityTechFuel,Methane,2042,0.0
Libya,Libya,CapacityTechFuel,Solar,2042,0.0
Libya,Libya,CapacityTechFuel,Solar,2042,0.0
Libya,Libya,CapacityTechFuel,Nuclear,2043,0.0
Libya,Libya,CapacityTechFuel,Gas,2043,6000.0
Libya,Libya,CapacityTechFuel,Gas,2043,0.0
Libya,Libya,CapacityTechFuel,Gas,2043,0.0
Libya,Libya,CapacityTechFuel,Gas,2043,0.0
Libya,Libya,CapacityTechFuel,Gas,2043,0.0
Libya,Libya,CapacityTechFuel,Gas,2043,9085.0
Libya,Libya,CapacityTechFuel,Gas,2043,0.0
Libya,Libya,CapacityTechFuel,Gas,2043,1400.0
Libya,Libya,CapacityTechFuel,Gas,2043,0.0
Libya,Libya,CapacityTechFuel,Gas,2043,0.0
Libya,Libya,CapacityTechFuel,Gas,2043,0.0
Libya,Libya,CapacityTechFuel,Gas,2043,0.0
Libya,Libya,CapacityTechFuel,Gas,2043,0.0
Libya,Libya,CapacityTechFuel,Coal,2043,0.0
Libya,Libya,CapacityTechFuel,Coal,2043,0.0
Libya,Libya,CapacityTechFuel,Coal,2043,0.0
Libya,Libya,CapacityTechFuel,Coal,2043,0.0
Libya,Libya,CapacityTechFuel,Geothermal,2043,0.0
Libya,Libya,CapacityTechFuel,Geothermal,2043,0.0
Libya,Libya,CapacityTechFuel,Diesel,2043,0.0
Libya,Libya,CapacityTechFuel,Diesel,2043,0.0
Libya,Libya,CapacityTechFuel,Diesel,2043,0.0
Libya,Libya,CapacityTechFuel,Diesel,2043,0.0
Libya,Libya,CapacityTechFuel,Diesel,2043,0.0
Libya,Libya,CapacityTechFuel,Diesel,2043,640.0
Libya,Libya,CapacityTechFuel,Diesel,2043,0.0
Libya,Libya,CapacityTechFuel,Biomass,2043,0.0
Libya,Libya,CapacityTechFuel,Biomass,2043,0.0
Libya,Libya,CapacityTechFuel,Biomass,2043,0.0
Libya,Libya,CapacityTechFuel,Reservoir,2043,0.0
Libya,Libya,CapacityTechFuel,Reservoir,2043,0.0
Libya,Libya,CapacityTechFuel,ROR,2043,0.0
Libya,Libya,CapacityTechFuel,CSP,2043,0.0
Libya,Libya,CapacityTechFuel,CSP,2043,0.0
Libya,Libya,CapacityTechFuel,Offshore Wind,2043,0.0
Libya,Libya,CapacityTechFuel,Onshore Wind,2043,0.0
Libya,Libya,CapacityTechFuel,Onshore Wind,2043,6500.0
Libya,Libya,CapacityTechFuel,PV,2043,21500.0
Libya,Libya,CapacityTechFuel,PV,2043,0.0
Libya,Libya,CapacityTechFuel,PV+Storage,2043,0.0
Libya,Libya,CapacityTechFuel,Solar Thermal,2043,0.0
Libya,Libya,CapacityTechFuel,Battery,2043,2562.99223
Libya,Libya,CapacityTechFuel,PSH,2043,0.0
Libya,Libya,CapacityTechFuel,PSH,2043,0.0
Libya,Libya,CapacityTechFuel,Imports,2043,0.0
Libya,Libya,CapacityTechFuel,Peat,2043,0.0
Libya,Libya,CapacityTechFuel,Waste,2043,0.0
Libya,Libya,CapacityTechFuel,Methane,2043,0.0
Libya,Libya,CapacityTechFuel,Solar,2043,0.0
Libya,Libya,CapacityTechFuel,Solar,2043,0.0
Libya,Libya,CapacityTechFuel,Nuclear,2044,0.0
Libya,Libya,CapacityTechFuel,Gas,2044,6400.0
Libya,Libya,CapacityTechFuel,Gas,2044,0.0
Libya,Libya,CapacityTechFuel,Gas,2044,0.0
Libya,Libya,CapacityTechFuel,Gas,2044,0.0
Libya,Libya,CapacityTechFuel,Gas,2044,0.0
Libya,Libya,CapacityTechFuel,Gas,2044,9085.0
Libya,Libya,CapacityTechFuel,Gas,2044,0.0
Libya,Libya,CapacityTechFuel,Gas,2044,1400.0
Libya,Libya,CapacityTechFuel,Gas,2044,0.0
Libya,Libya,CapacityTechFuel,Gas,2044,0.0
Libya,Libya,CapacityTechFuel,Gas,2044,0.0
Libya,Libya,CapacityTechFuel,Gas,2044,0.0
Libya,Libya,CapacityTechFuel,Gas,2044,0.0
Libya,Libya,CapacityTechFuel,Coal,2044,0.0
Libya,Libya,CapacityTechFuel,Coal,2044,0.0
Libya,Libya,CapacityTechFuel,Coal,2044,0.0
Libya,Libya,CapacityTechFuel,Coal,2044,0.0
Libya,Libya,CapacityTechFuel,Geothermal,2044,0.0
Libya,Libya,CapacityTechFuel,Geothermal,2044,0.0
Libya,Libya,CapacityTechFuel,Diesel,2044,0.0
Libya,Libya,CapacityTechFuel,Diesel,2044,0.0
Libya,Libya,CapacityTechFuel,Diesel,2044,0.0
Libya,Libya,CapacityTechFuel,Diesel,2044,0.0
Libya,Libya,CapacityTechFuel,Diesel,2044,0.0
Libya,Libya,CapacityTechFuel,Diesel,2044,640.0
Libya,Libya,CapacityTechFuel,Diesel,2044,0.0
Libya,Libya,CapacityTechFuel,Biomass,2044,0.0
Libya,Libya,CapacityTechFuel,Biomass,2044,0.0
Libya,Libya,CapacityTechFuel,Biomass,2044,0.0
Libya,Libya,CapacityTechFuel,Reservoir,2044,0.0
Libya,Libya,CapacityTechFuel,Reservoir,2044,0.0
Libya,Libya,CapacityTechFuel,ROR,2044,0.0
Libya,Libya,CapacityTechFuel,CSP,2044,0.0
Libya,Libya,CapacityTechFuel,CSP,2044,0.0
Libya,Libya,CapacityTechFuel,Offshore Wind,2044,0.0
Libya,Libya,CapacityTechFuel,Onshore Wind,2044,0.0
Libya,Libya,CapacityTechFuel,Onshore Wind,2044,7000.0
Libya,Libya,CapacityTechFuel,PV,2044,23500.0
Libya,Libya,CapacityTechFuel,PV,2044,0.0
Libya,Libya,CapacityTechFuel,PV+Storage,2044,0.0
Libya,Libya,CapacityTechFuel,Solar Thermal,2044,0.0
Libya,Libya,CapacityTechFuel,Battery,2044,3062.99223
Libya,Libya,CapacityTechFuel,PSH,2044,0.0
Libya,Libya,CapacityTechFuel,PSH,2044,0.0
Libya,Libya,CapacityTechFuel,Imports,2044,0.0
Libya,Libya,CapacityTechFuel,Peat,2044,0.0
Libya,Libya,CapacityTechFuel,Waste,2044,0.0
Libya,Libya,CapacityTechFuel,Methane,2044,0.0
Libya,Libya,CapacityTechFuel,Solar,2044,0.0
Libya,Libya,CapacityTechFuel,Solar,2044,0.0
Libya,Libya,CapacityTechFuel,Nuclear,2045,0.0
Libya,Libya,CapacityTechFuel,Gas,2045,6800.0
Libya,Libya,CapacityTechFuel,Gas,2045,0.0
Libya,Libya,CapacityTechFuel,Gas,2045,0.0
Libya,Libya,CapacityTechFuel,Gas,2045,0.0
Libya,Libya,CapacityTechFuel,Gas,2045,0.0
Libya,Libya,CapacityTechFuel,Gas,2045,7685.0
Libya,Libya,CapacityTechFuel,Gas,2045,0.0
Libya,Libya,CapacityTechFuel,Gas,2045,1400.0
Libya,Libya,CapacityTechFuel,Gas,2045,0.0
Libya,Libya,CapacityTechFuel,Gas,2045,0.0
Libya,Libya,CapacityTechFuel,Gas,2045,0.0
Libya,Libya,CapacityTechFuel,Gas,2045,0.0
Libya,Libya,CapacityTechFuel,Gas,2045,0.0
Libya,Libya,CapacityTechFuel,Coal,2045,0.0
Libya,Libya,CapacityTechFuel,Coal,2045,0.0
Libya,Libya,CapacityTechFuel,Coal,2045,0.0
Libya,Libya,CapacityTechFuel,Coal,2045,0.0
Libya,Libya,CapacityTechFuel,Geothermal,2045,0.0
Libya,Libya,CapacityTechFuel,Geothermal,2045,0.0
Libya,Libya,CapacityTechFuel,Diesel,2045,0.0
Libya,Libya,CapacityTechFuel,Diesel,2045,0.0
Libya,Libya,CapacityTechFuel,Diesel,2045,0.0
Libya,Libya,CapacityTechFuel,Diesel,2045,0.0
Libya,Libya,CapacityTechFuel,Diesel,2045,0.0
Libya,Libya,CapacityTechFuel,Diesel,2045,640.0
Libya,Libya,CapacityTechFuel,Diesel,2045,0.0
Libya,Libya,CapacityTechFuel,Biomass,2045,0.0
Libya,Libya,CapacityTechFuel,Biomass,2045,0.0
Libya,Libya,CapacityTechFuel,Biomass,2045,0.0
Libya,Libya,CapacityTechFuel,Reservoir,2045,0.0
Libya,Libya,CapacityTechFuel,Reservoir,2045,0.0
Libya,Libya,CapacityTechFuel,ROR,2045,0.0
Libya,Libya,CapacityTechFuel,CSP,2045,0.0
Libya,Libya,CapacityTechFuel,CSP,2045,0.0
Libya,Libya,CapacityTechFuel,Offshore Wind,2045,0.0
Libya,Libya,CapacityTechFuel,Onshore Wind,2045,0.0
Libya,Libya,CapacityTechFuel,Onshore Wind,2045,7500.0
Libya,Libya,CapacityTechFuel,PV,2045,25500.0
Libya,Libya,CapacityTechFuel,PV,2045,0.0
Libya,Libya,CapacityTechFuel,PV+Storage,2045,0.0
Libya,Libya,CapacityTechFuel,Solar Thermal,2045,0.0
Libya,Libya,CapacityTechFuel,Battery,2045,3562.99223
Libya,Libya,CapacityTechFuel,PSH,2045,0.0
Libya,Libya,CapacityTechFuel,PSH,2045,0.0
Libya,Libya,CapacityTechFuel,Imports,2045,0.0
Libya,Libya,CapacityTechFuel,Peat,2045,0.0
Libya,Libya,CapacityTechFuel,Waste,2045,0.0
Libya,Libya,CapacityTechFuel,Methane,2045,0.0
Libya,Libya,CapacityTechFuel,Solar,2045,0.0
Libya,Libya,CapacityTechFuel,Solar,2045,0.0
Libya,Libya,CapacityTechFuel,Nuclear,2046,0.0
Libya,Libya,CapacityTechFuel,Gas,2046,7200.0
Libya,Libya,CapacityTechFuel,Gas,2046,0.0
Libya,Libya,CapacityTechFuel,Gas,2046,0.0
Libya,Libya,CapacityTechFuel,Gas,2046,0.0
Libya,Libya,CapacityTechFuel,Gas,2046,0.0
Libya,Libya,CapacityTechFuel,Gas,2046,7685.0
Libya,Libya,CapacityTechFuel,Gas,2046,0.0
Libya,Libya,CapacityTechFuel,Gas,2046,1400.0
Libya,Libya,CapacityTechFuel,Gas,2046,0.0
Libya,Libya,CapacityTechFuel,Gas,2046,0.0
Libya,Libya,CapacityTechFuel,Gas,2046,0.0
Libya,Libya,CapacityTechFuel,Gas,2046,0.0
Libya,Libya,CapacityTechFuel,Gas,2046,0.0
Libya,Libya,CapacityTechFuel,Coal,2046,0.0
Libya,Libya,CapacityTechFuel,Coal,2046,0.0
Libya,Libya,CapacityTechFuel,Coal,2046,0.0
Libya,Libya,CapacityTechFuel,Coal,2046,0.0
Libya,Libya,CapacityTechFuel,Geothermal,2046,0.0
Libya,Libya,CapacityTechFuel,Geothermal,2046,0.0
Libya,Libya,CapacityTechFuel,Diesel,2046,0.0
Libya,Libya,CapacityTechFuel,Diesel,2046,0.0
Libya,Libya,CapacityTechFuel,Diesel,2046,0.0
Libya,Libya,CapacityTechFuel,Diesel,2046,0.0
Libya,Libya,CapacityTechFuel,Diesel,2046,0.0
Libya,Libya,CapacityTechFuel,Diesel,2046,640.0
Libya,Libya,CapacityTechFuel,Diesel,2046,0.0
Libya,Libya,CapacityTechFuel,Biomass,2046,0.0
Libya,Libya,CapacityTechFuel,Biomass,2046,0.0
Libya,Libya,CapacityTechFuel,Biomass,2046,0.0
Libya,Libya,CapacityTechFuel,Reservoir,2046,0.0
Libya,Libya,CapacityTechFuel,Reservoir,2046,0.0
Libya,Libya,CapacityTechFuel,ROR,2046,0.0
Libya,Libya,CapacityTechFuel,CSP,2046,0.0
Libya,Libya,CapacityTechFuel,CSP,2046,0.0
Libya,Libya,CapacityTechFuel,Offshore Wind,2046,0.0
Libya,Libya,CapacityTechFuel,Onshore Wind,2046,0.0
Libya,Libya,CapacityTechFuel,Onshore Wind,2046,8000.0
Libya,Libya,CapacityTechFuel,PV,2046,27500.0
Libya,Libya,CapacityTechFuel,PV,2046,0.0
Libya,Libya,CapacityTechFuel,PV+Storage,2046,0.0
Libya,Libya,CapacityTechFuel,Solar Thermal,2046,0.0
Libya,Libya,CapacityTechFuel,Battery,2046,4062.99223
Libya,Libya,CapacityTechFuel,PSH,2046,0.0
Libya,Libya,CapacityTechFuel,PSH,2046,0.0
Libya,Libya,CapacityTechFuel,Imports,2046,0.0
Libya,Libya,CapacityTechFuel,Peat,2046,0.0
Libya,Libya,CapacityTechFuel,Waste,2046,0.0
Libya,Libya,CapacityTechFuel,Methane,2046,0.0
Libya,Libya,CapacityTechFuel,Solar,2046,0.0
Libya,Libya,CapacityTechFuel,Solar,2046,0.0
Libya,Libya,CapacityTechFuel,Nuclear,2047,0.0
Libya,Libya,CapacityTechFuel,Gas,2047,7600.0
Libya,Libya,CapacityTechFuel,Gas,2047,0.0
Libya,Libya,CapacityTechFuel,Gas,2047,0.0
Libya,Libya,CapacityTechFuel,Gas,2047,0.0
Libya,Libya,CapacityTechFuel,Gas,2047,0.0
Libya,Libya,CapacityTechFuel,Gas,2047,6080.0
Libya,Libya,CapacityTechFuel,Gas,2047,0.0
Libya,Libya,CapacityTechFuel,Gas,2047,1400.0
Libya,Libya,CapacityTechFuel,Gas,2047,0.0
Libya,Libya,CapacityTechFuel,Gas,2047,0.0
Libya,Libya,CapacityTechFuel,Gas,2047,0.0
Libya,Libya,CapacityTechFuel,Gas,2047,0.0
Libya,Libya,CapacityTechFuel,Gas,2047,0.0
Libya,Libya,CapacityTechFuel,Coal,2047,0.0
Libya,Libya,CapacityTechFuel,Coal,2047,0.0
Libya,Libya,CapacityTechFuel,Coal,2047,0.0
Libya,Libya,CapacityTechFuel,Coal,2047,0.0
Libya,Libya,CapacityTechFuel,Geothermal,2047,0.0
Libya,Libya,CapacityTechFuel,Geothermal,2047,0.0
Libya,Libya,CapacityTechFuel,Diesel,2047,0.0
Libya,Libya,CapacityTechFuel,Diesel,2047,0.0
Libya,Libya,CapacityTechFuel,Diesel,2047,0.0
Libya,Libya,CapacityTechFuel,Diesel,2047,0.0
Libya,Libya,CapacityTechFuel,Diesel,2047,0.0
Libya,Libya,CapacityTechFuel,Diesel,2047,640.0
Libya,Libya,CapacityTechFuel,Diesel,2047,0.0
Libya,Libya,CapacityTechFuel,Biomass,2047,0.0
Libya,Libya,CapacityTechFuel,Biomass,2047,0.0
Libya,Libya,CapacityTechFuel,Biomass,2047,0.0
Libya,Libya,CapacityTechFuel,Reservoir,2047,0.0
Libya,Libya,CapacityTechFuel,Reservoir,2047,0.0
Libya,Libya,CapacityTechFuel,ROR,2047,0.0
Libya,Libya,CapacityTechFuel,CSP,2047,0.0
Libya,Libya,CapacityTechFuel,CSP,2047,0.0
Libya,Libya,CapacityTechFuel,Offshore Wind,2047,0.0
Libya,Libya,CapacityTechFuel,Onshore Wind,2047,0.0
Libya,Libya,CapacityTechFuel,Onshore Wind,2047,8500.0
Libya,Libya,CapacityTechFuel,PV,2047,29500.0
Libya,Libya,CapacityTechFuel,PV,2047,0.0
Libya,Libya,CapacityTechFuel,PV+Storage,2047,0.0
Libya,Libya,CapacityTechFuel,Solar Thermal,2047,0.0
Libya,Libya,CapacityTechFuel,Battery,2047,4562.99223
Libya,Libya,CapacityTechFuel,PSH,2047,0.0
Libya,Libya,CapacityTechFuel,PSH,2047,0.0
Libya,Libya,CapacityTechFuel,Imports,2047,0.0
Libya,Libya,CapacityTechFuel,Peat,2047,0.0
Libya,Libya,CapacityTechFuel,Waste,2047,0.0
Libya,Libya,CapacityTechFuel,Methane,2047,0.0
Libya,Libya,CapacityTechFuel,Solar,2047,0.0
Libya,Libya,CapacityTechFuel,Solar,2047,0.0
Libya,Libya,CapacityTechFuel,Nuclear,2048,0.0
Libya,Libya,CapacityTechFuel,Gas,2048,8000.0
Libya,Libya,CapacityTechFuel,Gas,2048,0.0
Libya,Libya,CapacityTechFuel,Gas,2048,0.0
Libya,Libya,CapacityTechFuel,Gas,2048,0.0
Libya,Libya,CapacityTechFuel,Gas,2048,0.0
Libya,Libya,CapacityTechFuel,Gas,2048,6080.0
Libya,Libya,CapacityTechFuel,Gas,2048,0.0
Libya,Libya,CapacityTechFuel,Gas,2048,1400.0
Libya,Libya,CapacityTechFuel,Gas,2048,0.0
Libya,Libya,CapacityTechFuel,Gas,2048,0.0
Libya,Libya,CapacityTechFuel,Gas,2048,0.0
Libya,Libya,CapacityTechFuel,Gas,2048,0.0
Libya,Libya,CapacityTechFuel,Gas,2048,0.0
Libya,Libya,CapacityTechFuel,Coal,2048,0.0
Libya,Libya,CapacityTechFuel,Coal,2048,0.0
Libya,Libya,CapacityTechFuel,Coal,2048,0.0
Libya,Libya,CapacityTechFuel,Coal,2048,0.0
Libya,Libya,CapacityTechFuel,Geothermal,2048,0.0
Libya,Libya,CapacityTechFuel,Geothermal,2048,0.0
Libya,Libya,CapacityTechFuel,Diesel,2048,0.0
Libya,Libya,CapacityTechFuel,Diesel,2048,0.0
Libya,Libya,CapacityTechFuel,Diesel,2048,0.0
Libya,Libya,CapacityTechFuel,Diesel,2048,0.0
Libya,Libya,CapacityTechFuel,Diesel,2048,0.0
Libya,Libya,CapacityTechFuel,Diesel,2048,640.0
Libya,Libya,CapacityTechFuel,Diesel,2048,0.0
Libya,Libya,CapacityTechFuel,Biomass,2048,0.0
Libya,Libya,CapacityTechFuel,Biomass,2048,0.0
Libya,Libya,CapacityTechFuel,Biomass,2048,0.0
Libya,Libya,CapacityTechFuel,Reservoir,2048,0.0
Libya,Libya,CapacityTechFuel,Reservoir,2048,0.0
Libya,Libya,CapacityTechFuel,ROR,2048,0.0
Libya,Libya,CapacityTechFuel,CSP,2048,0.0
Libya,Libya,CapacityTechFuel,CSP,2048,0.0
Libya,Libya,CapacityTechFuel,Offshore Wind,2048,0.0
Libya,Libya,CapacityTechFuel,Onshore Wind,2048,0.0
Libya,Libya,CapacityTechFuel,Onshore Wind,2048,9000.0
Libya,Libya,CapacityTechFuel,PV,2048,31112.78559786538
Libya,Libya,CapacityTechFuel,PV,2048,0.0
Libya,Libya,CapacityTechFuel,PV+Storage,2048,0.0
Libya,Libya,CapacityTechFuel,Solar Thermal,2048,0.0
Libya,Libya,CapacityTechFuel,Battery,2048,5062.99223
Libya,Libya,CapacityTechFuel,PSH,2048,0.0
Libya,Libya,CapacityTechFuel,PSH,2048,0.0
Libya,Libya,CapacityTechFuel,Imports,2048,0.0
Libya,Libya,CapacityTechFuel,Peat,2048,0.0
Libya,Libya,CapacityTechFuel,Waste,2048,0.0
Libya,Libya,CapacityTechFuel,Methane,2048,0.0
Libya,Libya,CapacityTechFuel,Solar,2048,0.0
Libya,Libya,CapacityTechFuel,Solar,2048,0.0
Libya,Libya,CapacityTechFuel,Nuclear,2049,0.0
Libya,Libya,CapacityTechFuel,Gas,2049,8400.0
Libya,Libya,CapacityTechFuel,Gas,2049,0.0
Libya,Libya,CapacityTechFuel,Gas,2049,0.0
Libya,Libya,CapacityTechFuel,Gas,2049,0.0
Libya,Libya,CapacityTechFuel,Gas,2049,0.0
Libya,Libya,CapacityTechFuel,Gas,2049,6080.0
Libya,Libya,CapacityTechFuel,Gas,2049,0.0
Libya,Libya,CapacityTechFuel,Gas,2049,1400.0
Libya,Libya,CapacityTechFuel,Gas,2049,0.0
Libya,Libya,CapacityTechFuel,Gas,2049,0.0
Libya,Libya,CapacityTechFuel,Gas,2049,0.0
Libya,Libya,CapacityTechFuel,Gas,2049,0.0
Libya,Libya,CapacityTechFuel,Gas,2049,0.0
Libya,Libya,CapacityTechFuel,Coal,2049,0.0
Libya,Libya,CapacityTechFuel,Coal,2049,0.0
Libya,Libya,CapacityTechFuel,Coal,2049,0.0
Libya,Libya,CapacityTechFuel,Coal,2049,0.0
Libya,Libya,CapacityTechFuel,Geothermal,2049,0.0
Libya,Libya,CapacityTechFuel,Geothermal,2049,0.0
Libya,Libya,CapacityTechFuel,Diesel,2049,0.0
Libya,Libya,CapacityTechFuel,Diesel,2049,0.0
Libya,Libya,CapacityTechFuel,Diesel,2049,0.0
Libya,Libya,CapacityTechFuel,Diesel,2049,0.0
Libya,Libya,CapacityTechFuel,Diesel,2049,0.0
Libya,Libya,CapacityTechFuel,Diesel,2049,640.0
Libya,Libya,CapacityTechFuel,Diesel,2049,0.0
Libya,Libya,CapacityTechFuel,Biomass,2049,0.0
Libya,Libya,CapacityTechFuel,Biomass,2049,0.0
Libya,Libya,CapacityTechFuel,Biomass,2049,0.0
Libya,Libya,CapacityTechFuel,Reservoir,2049,0.0
Libya,Libya,CapacityTechFuel,Reservoir,2049,0.0
Libya,Libya,CapacityTechFuel,ROR,2049,0.0
Libya,Libya,CapacityTechFuel,CSP,2049,0.0
Libya,Libya,CapacityTechFuel,CSP,2049,0.0
Libya,Libya,CapacityTechFuel,Offshore Wind,2049,0.0
Libya,Libya,CapacityTechFuel,Onshore Wind,2049,0.0
Libya,Libya,CapacityTechFuel,Onshore Wind,2049,9500.0
Libya,Libya,CapacityTechFuel,PV,2049,31452.64437444735
Libya,Libya,CapacityTechFuel,PV,2049,0.0
Libya,Libya,CapacityTechFuel,PV+Storage,2049,0.0
Libya,Libya,CapacityTechFuel,Solar Thermal,2049,0.0
Libya,Libya,CapacityTechFuel,Battery,2049,5562.99223
Libya,Libya,CapacityTechFuel,PSH,2049,0.0
Libya,Libya,CapacityTechFuel,PSH,2049,0.0
Libya,Libya,CapacityTechFuel,Imports,2049,0.0
Libya,Libya,CapacityTechFuel,Peat,2049,0.0
Libya,Libya,CapacityTechFuel,Waste,2049,0.0
Libya,Libya,CapacityTechFuel,Methane,2049,0.0
Libya,Libya,CapacityTechFuel,Solar,2049,0.0
Libya,Libya,CapacityTechFuel,Solar,2049,0.0
Libya,Libya,CapacityTechFuel,Nuclear,2050,0.0
Libya,Libya,CapacityTechFuel,Gas,2050,8400.0
Libya,Libya,CapacityTechFuel,Gas,2050,0.0
Libya,Libya,CapacityTechFuel,Gas,2050,0.0
Libya,Libya,CapacityTechFuel,Gas,2050,0.0
Libya,Libya,CapacityTechFuel,Gas,2050,0.0
Libya,Libya,CapacityTechFuel,Gas,2050,6080.0
Libya,Libya,CapacityTechFuel,Gas,2050,0.0
Libya,Libya,CapacityTechFuel,Gas,2050,1400.0
Libya,Libya,CapacityTechFuel,Gas,2050,0.0
Libya,Libya,CapacityTechFuel,Gas,2050,0.0
Libya,Libya,CapacityTechFuel,Gas,2050,0.0
Libya,Libya,CapacityTechFuel,Gas,2050,0.0
Libya,Libya,CapacityTechFuel,Gas,2050,0.0
Libya,Libya,CapacityTechFuel,Coal,2050,0.0
Libya,Libya,CapacityTechFuel,Coal,2050,0.0
Libya,Libya,CapacityTechFuel,Coal,2050,0.0
Libya,Libya,CapacityTechFuel,Coal,2050,0.0
Libya,Libya,CapacityTechFuel,Geothermal,2050,0.0
Libya,Libya,CapacityTechFuel,Geothermal,2050,0.0
Libya,Libya,CapacityTechFuel,Diesel,2050,0.0
Libya,Libya,CapacityTechFuel,Diesel,2050,0.0
Libya,Libya,CapacityTechFuel,Diesel,2050,0.0
Libya,Libya,CapacityTechFuel,Diesel,2050,0.0
Libya,Libya,CapacityTechFuel,Diesel,2050,0.0
Libya,Libya,CapacityTechFuel,Diesel,2050,0.0
Libya,Libya,CapacityTechFuel,Diesel,2050,0.0
Libya,Libya,CapacityTechFuel,Biomass,2050,0.0
Libya,Libya,CapacityTechFuel,Biomass,2050,0.0
Libya,Libya,CapacityTechFuel,Biomass,2050,0.0
Libya,Libya,CapacityTechFuel,Reservoir,2050,0.0
Libya,Libya,CapacityTechFuel,Reservoir,2050,0.0
Libya,Libya,CapacityTechFuel,ROR,2050,0.0
Libya,Libya,CapacityTechFuel,CSP,2050,0.0
Libya,Libya,CapacityTechFuel,CSP,2050,0.0
Libya,Libya,CapacityTechFuel,Offshore Wind,2050,0.0
Libya,Libya,CapacityTechFuel,Onshore Wind,2050,0.0
Libya,Libya,CapacityTechFuel,Onshore Wind,2050,10000.0
Libya,Libya,CapacityTechFuel,PV,2050,31843.06709737114
Libya,Libya,CapacityTechFuel,PV,2050,0.0
Libya,Libya,CapacityTechFuel,PV+Storage,2050,0.0
Libya,Libya,CapacityTechFuel,Solar Thermal,2050,0.0
Libya,Libya,CapacityTechFuel,Battery,2050,6062.99223
Libya,Libya,CapacityTechFuel,PSH,2050,0.0
Libya,Libya,CapacityTechFuel,PSH,2050,0.0
Libya,Libya,CapacityTechFuel,Imports,2050,0.0
Libya,Libya,CapacityTechFuel,Peat,2050,0.0
Libya,Libya,CapacityTechFuel,Waste,2050,0.0
Libya,Libya,CapacityTechFuel,Methane,2050,0.0
Libya,Libya,CapacityTechFuel,Solar,2050,0.0
Libya,Libya,CapacityTechFuel,Solar,2050,0.0
Libya,Libya,EnergyTechFuelComplete,Nuclear,2026,0.0
Libya,Libya,EnergyTechFuelComplete,Gas,2026,16909.866000000013
Libya,Libya,EnergyTechFuelComplete,Gas,2026,0.0
Libya,Libya,EnergyTechFuelComplete,Gas,2026,0.0
Libya,Libya,EnergyTechFuelComplete,Gas,2026,0.0
Libya,Libya,EnergyTechFuelComplete,Gas,2026,0.0
Libya,Libya,EnergyTechFuelComplete,Gas,2026,34929.01817366904
Libya,Libya,EnergyTechFuelComplete,Gas,2026,0.0
Libya,Libya,EnergyTechFuelComplete,Gas,2026,10424.399999999996
Libya,Libya,EnergyTechFuelComplete,Gas,2026,0.0
Libya,Libya,EnergyTechFuelComplete,Gas,2026,0.0
Libya,Libya,EnergyTechFuelComplete,Gas,2026,0.0
Libya,Libya,EnergyTechFuelComplete,Gas,2026,0.0
Libya,Libya,EnergyTechFuelComplete,Gas,2026,0.0
Libya,Libya,EnergyTechFuelComplete,Coal,2026,0.0
Libya,Libya,EnergyTechFuelComplete,Coal,2026,0.0
Libya,Libya,EnergyTechFuelComplete,Coal,2026,0.0
Libya,Libya,EnergyTechFuelComplete,Coal,2026,0.0
Libya,Libya,EnergyTechFuelComplete,Geothermal,2026,0.0
Libya,Libya,EnergyTechFuelComplete,Geothermal,2026,0.0
Libya,Libya,EnergyTechFuelComplete,Diesel,2026,0.0
Libya,Libya,EnergyTechFuelComplete,Diesel,2026,0.0
Libya,Libya,EnergyTechFuelComplete,Diesel,2026,0.0
Libya,Libya,EnergyTechFuelComplete,Diesel,2026,0.0
Libya,Libya,EnergyTechFuelComplete,Diesel,2026,0.0
Libya,Libya,EnergyTechFuelComplete,Diesel,2026,0.0
Libya,Libya,EnergyTechFuelComplete,Diesel,2026,0.0
Libya,Libya,EnergyTechFuelComplete,Biomass,2026,0.0
Libya,Libya,EnergyTechFuelComplete,Biomass,2026,0.0
Libya,Libya,EnergyTechFuelComplete,Biomass,2026,0.0
Libya,Libya,EnergyTechFuelComplete,Reservoir,2026,0.0
Libya,Libya,EnergyTechFuelComplete,Reservoir,2026,0.0
Libya,Libya,EnergyTechFuelComplete,ROR,2026,0.0
Libya,Libya,EnergyTechFuelComplete,CSP,2026,0.0
Libya,Libya,EnergyTechFuelComplete,CSP,2026,0.0
Libya,Libya,EnergyTechFuelComplete,Offshore Wind,2026,0.0
Libya,Libya,EnergyTechFuelComplete,Onshore Wind,2026,0.0
Libya,Libya,EnergyTechFuelComplete,Onshore Wind,2026,0.0
Libya,Libya,EnergyTechFuelComplete,PV,2026,0.0
Libya,Libya,EnergyTechFuelComplete,PV,2026,0.0
Libya,Libya,EnergyTechFuelComplete,PV+Storage,2026,0.0
Libya,Libya,EnergyTechFuelComplete,Solar Thermal,2026,0.0
Libya,Libya,EnergyTechFuelComplete,Battery,2026,0.0
Libya,Libya,EnergyTechFuelComplete,PSH,2026,0.0
Libya,Libya,EnergyTechFuelComplete,PSH,2026,0.0
Libya,Libya,EnergyTechFuelComplete,Imports,2026,0.0
Libya,Libya,EnergyTechFuelComplete,Peat,2026,0.0
Libya,Libya,EnergyTechFuelComplete,Waste,2026,0.0
Libya,Libya,EnergyTechFuelComplete,Methane,2026,0.0
Libya,Libya,EnergyTechFuelComplete,Solar,2026,0.0
Libya,Libya,EnergyTechFuelComplete,Solar,2026,0.0
Libya,Libya,EnergyTechFuelComplete,Nuclear,2027,0.0
Libya,Libya,EnergyTechFuelComplete,Gas,2027,16909.865999999998
Libya,Libya,EnergyTechFuelComplete,Gas,2027,0.0
Libya,Libya,EnergyTechFuelComplete,Gas,2027,0.0
Libya,Libya,EnergyTechFuelComplete,Gas,2027,0.0
Libya,Libya,EnergyTechFuelComplete,Gas,2027,0.0
Libya,Libya,EnergyTechFuelComplete,Gas,2027,40055.73400000001
Libya,Libya,EnergyTechFuelComplete,Gas,2027,0.0
Libya,Libya,EnergyTechFuelComplete,Gas,2027,10424.400000000003
Libya,Libya,EnergyTechFuelComplete,Gas,2027,0.0
Libya,Libya,EnergyTechFuelComplete,Gas,2027,0.0
Libya,Libya,EnergyTechFuelComplete,Gas,2027,0.0
Libya,Libya,EnergyTechFuelComplete,Gas,2027,0.0
Libya,Libya,EnergyTechFuelComplete,Gas,2027,0.0
Libya,Libya,EnergyTechFuelComplete,Coal,2027,0.0
Libya,Libya,EnergyTechFuelComplete,Coal,2027,0.0
Libya,Libya,EnergyTechFuelComplete,Coal,2027,0.0
Libya,Libya,EnergyTechFuelComplete,Coal,2027,0.0
Libya,Libya,EnergyTechFuelComplete,Geothermal,2027,0.0
Libya,Libya,EnergyTechFuelComplete,Geothermal,2027,0.0
Libya,Libya,EnergyTechFuelComplete,Diesel,2027,0.0
Libya,Libya,EnergyTechFuelComplete,Diesel,2027,0.0
Libya,Libya,EnergyTechFuelComplete,Diesel,2027,0.0
Libya,Libya,EnergyTechFuelComplete,Diesel,2027,0.0
Libya,Libya,EnergyTechFuelComplete,Diesel,2027,0.0
Libya,Libya,EnergyTechFuelComplete,Diesel,2027,0.0
Libya,Libya,EnergyTechFuelComplete,Diesel,2027,0.0
Libya,Libya,EnergyTechFuelComplete,Biomass,2027,0.0
Libya,Libya,EnergyTechFuelComplete,Biomass,2027,0.0
Libya,Libya,EnergyTechFuelComplete,Biomass,2027,0.0
Libya,Libya,EnergyTechFuelComplete,Reservoir,2027,0.0
Libya,Libya,EnergyTechFuelComplete,Reservoir,2027,0.0
Libya,Libya,EnergyTechFuelComplete,ROR,2027,0.0
Libya,Libya,EnergyTechFuelComplete,CSP,2027,0.0
Libya,Libya,EnergyTechFuelComplete,CSP,2027,0.0
Libya,Libya,EnergyTechFuelComplete,Offshore Wind,2027,0.0
Libya,Libya,EnergyTechFuelComplete,Onshore Wind,2027,0.0
Libya,Libya,EnergyTechFuelComplete,Onshore Wind,2027,0.0
Libya,Libya,EnergyTechFuelComplete,PV,2027,0.0
Libya,Libya,EnergyTechFuelComplete,PV,2027,0.0
Libya,Libya,EnergyTechFuelComplete,PV+Storage,2027,0.0
Libya,Libya,EnergyTechFuelComplete,Solar Thermal,2027,0.0
Libya,Libya,EnergyTechFuelComplete,Battery,2027,0.0
Libya,Libya,EnergyTechFuelComplete,PSH,2027,0.0
Libya,Libya,EnergyTechFuelComplete,PSH,2027,0.0
Libya,Libya,EnergyTechFuelComplete,Imports,2027,0.0
Libya,Libya,EnergyTechFuelComplete,Peat,2027,0.0
Libya,Libya,EnergyTechFuelComplete,Waste,2027,0.0
Libya,Libya,EnergyTechFuelComplete,Methane,2027,0.0
Libya,Libya,EnergyTechFuelComplete,Solar,2027,0.0
Libya,Libya,EnergyTechFuelComplete,Solar,2027,0.0
Libya,Libya,EnergyTechFuelComplete,Nuclear,2028,0.0
Libya,Libya,EnergyTechFuelComplete,Gas,2028,16909.866000000024
Libya,Libya,EnergyTechFuelComplete,Gas,2028,0.0
Libya,Libya,EnergyTechFuelComplete,Gas,2028,0.0
Libya,Libya,EnergyTechFuelComplete,Gas,2028,0.0
Libya,Libya,EnergyTechFuelComplete,Gas,2028,0.0
Libya,Libya,EnergyTechFuelComplete,Gas,2028,40811.46757499999
Libya,Libya,EnergyTechFuelComplete,Gas,2028,0.0
Libya,Libya,EnergyTechFuelComplete,Gas,2028,10424.400000000003
Libya,Libya,EnergyTechFuelComplete,Gas,2028,0.0
Libya,Libya,EnergyTechFuelComplete,Gas,2028,0.0
Libya,Libya,EnergyTechFuelComplete,Gas,2028,0.0
Libya,Libya,EnergyTechFuelComplete,Gas,2028,0.0
Libya,Libya,EnergyTechFuelComplete,Gas,2028,0.0
Libya,Libya,EnergyTechFuelComplete,Coal,2028,0.0
Libya,Libya,EnergyTechFuelComplete,Coal,2028,0.0
Libya,Libya,EnergyTechFuelComplete,Coal,2028,0.0
Libya,Libya,EnergyTechFuelComplete,Coal,2028,0.0
Libya,Libya,EnergyTechFuelComplete,Geothermal,2028,0.0
Libya,Libya,EnergyTechFuelComplete,Geothermal,2028,0.0
Libya,Libya,EnergyTechFuelComplete,Diesel,2028,0.0
Libya,Libya,EnergyTechFuelComplete,Diesel,2028,0.0
Libya,Libya,EnergyTechFuelComplete,Diesel,2028,0.0
Libya,Libya,EnergyTechFuelComplete,Diesel,2028,0.0
Libya,Libya,EnergyTechFuelComplete,Diesel,2028,0.0
Libya,Libya,EnergyTechFuelComplete,Diesel,2028,0.0
Libya,Libya,EnergyTechFuelComplete,Diesel,2028,0.0
Libya,Libya,EnergyTechFuelComplete,Biomass,2028,0.0
Libya,Libya,EnergyTechFuelComplete,Biomass,2028,0.0
Libya,Libya,EnergyTechFuelComplete,Biomass,2028,0.0
Libya,Libya,EnergyTechFuelComplete,Reservoir,2028,0.0
Libya,Libya,EnergyTechFuelComplete,Reservoir,2028,0.0
Libya,Libya,EnergyTechFuelComplete,ROR,2028,0.0
Libya,Libya,EnergyTechFuelComplete,CSP,2028,0.0
Libya,Libya,EnergyTechFuelComplete,CSP,2028,0.0
Libya,Libya,EnergyTechFuelComplete,Offshore Wind,2028,0.0
Libya,Libya,EnergyTechFuelComplete,Onshore Wind,2028,0.0
Libya,Libya,EnergyTechFuelComplete,Onshore Wind,2028,0.0
Libya,Libya,EnergyTechFuelComplete,PV,2028,982.2664250000004
Libya,Libya,EnergyTechFuelComplete,PV,2028,0.0
Libya,Libya,EnergyTechFuelComplete,PV+Storage,2028,0.0
Libya,Libya,EnergyTechFuelComplete,Solar Thermal,2028,0.0
Libya,Libya,EnergyTechFuelComplete,Battery,2028,0.0
Libya,Libya,EnergyTechFuelComplete,PSH,2028,0.0
Libya,Libya,EnergyTechFuelComplete,PSH,2028,0.0
Libya,Libya,EnergyTechFuelComplete,Imports,2028,0.0
Libya,Libya,EnergyTechFuelComplete,Peat,2028,0.0
Libya,Libya,EnergyTechFuelComplete,Waste,2028,0.0
Libya,Libya,EnergyTechFuelComplete,Methane,2028,0.0
Libya,Libya,EnergyTechFuelComplete,Solar,2028,0.0
Libya,Libya,EnergyTechFuelComplete,Solar,2028,0.0
Libya,Libya,EnergyTechFuelComplete,Nuclear,2029,0.0
Libya,Libya,EnergyTechFuelComplete,Gas,2029,19888.266
Libya,Libya,EnergyTechFuelComplete,Gas,2029,0.0
Libya,Libya,EnergyTechFuelComplete,Gas,2029,0.0
Libya,Libya,EnergyTechFuelComplete,Gas,2029,0.0
Libya,Libya,EnergyTechFuelComplete,Gas,2029,0.0
Libya,Libya,EnergyTechFuelComplete,Gas,2029,43221.80115000001
Libya,Libya,EnergyTechFuelComplete,Gas,2029,0.0
Libya,Libya,EnergyTechFuelComplete,Gas,2029,10424.4
Libya,Libya,EnergyTechFuelComplete,Gas,2029,0.0
Libya,Libya,EnergyTechFuelComplete,Gas,2029,0.0
Libya,Libya,EnergyTechFuelComplete,Gas,2029,0.0
Libya,Libya,EnergyTechFuelComplete,Gas,2029,0.0
Libya,Libya,EnergyTechFuelComplete,Gas,2029,0.0
Libya,Libya,EnergyTechFuelComplete,Coal,2029,0.0
Libya,Libya,EnergyTechFuelComplete,Coal,2029,0.0
Libya,Libya,EnergyTechFuelComplete,Coal,2029,0.0
Libya,Libya,EnergyTechFuelComplete,Coal,2029,0.0
Libya,Libya,EnergyTechFuelComplete,Geothermal,2029,0.0
Libya,Libya,EnergyTechFuelComplete,Geothermal,2029,0.0
Libya,Libya,EnergyTechFuelComplete,Diesel,2029,0.0
Libya,Libya,EnergyTechFuelComplete,Diesel,2029,0.0
Libya,Libya,EnergyTechFuelComplete,Diesel,2029,0.0
Libya,Libya,EnergyTechFuelComplete,Diesel,2029,0.0
Libya,Libya,EnergyTechFuelComplete,Diesel,2029,0.0
Libya,Libya,EnergyTechFuelComplete,Diesel,2029,0.0
Libya,Libya,EnergyTechFuelComplete,Diesel,2029,0.0
Libya,Libya,EnergyTechFuelComplete,Biomass,2029,0.0
Libya,Libya,EnergyTechFuelComplete,Biomass,2029,0.0
Libya,Libya,EnergyTechFuelComplete,Biomass,2029,0.0
Libya,Libya,EnergyTechFuelComplete,Reservoir,2029,0.0
Libya,Libya,EnergyTechFuelComplete,Reservoir,2029,0.0
Libya,Libya,EnergyTechFuelComplete,ROR,2029,0.0
Libya,Libya,EnergyTechFuelComplete,CSP,2029,0.0
Libya,Libya,EnergyTechFuelComplete,CSP,2029,0.0
Libya,Libya,EnergyTechFuelComplete,Offshore Wind,2029,0.0
Libya,Libya,EnergyTechFuelComplete,Onshore Wind,2029,0.0
Libya,Libya,EnergyTechFuelComplete,Onshore Wind,2029,0.0
Libya,Libya,EnergyTechFuelComplete,PV,2029,1964.5328500000007
Libya,Libya,EnergyTechFuelComplete,PV,2029,0.0
Libya,Libya,EnergyTechFuelComplete,PV+Storage,2029,0.0
Libya,Libya,EnergyTechFuelComplete,Solar Thermal,2029,0.0
Libya,Libya,EnergyTechFuelComplete,Battery,2029,0.0
Libya,Libya,EnergyTechFuelComplete,PSH,2029,0.0
Libya,Libya,EnergyTechFuelComplete,PSH,2029,0.0
Libya,Libya,EnergyTechFuelComplete,Imports,2029,0.0
Libya,Libya,EnergyTechFuelComplete,Peat,2029,0.0
Libya,Libya,EnergyTechFuelComplete,Waste,2029,0.0
Libya,Libya,EnergyTechFuelComplete,Methane,2029,0.0
Libya,Libya,EnergyTechFuelComplete,Solar,2029,0.0
Libya,Libya,EnergyTechFuelComplete,Solar,2029,0.0
Libya,Libya,EnergyTechFuelComplete,Nuclear,2030,0.0
Libya,Libya,EnergyTechFuelComplete,Gas,2030,22866.66600000001
Libya,Libya,EnergyTechFuelComplete,Gas,2030,0.0
Libya,Libya,EnergyTechFuelComplete,Gas,2030,0.0
Libya,Libya,EnergyTechFuelComplete,Gas,2030,0.0
Libya,Libya,EnergyTechFuelComplete,Gas,2030,0.0
Libya,Libya,EnergyTechFuelComplete,Gas,2030,40959.134725
Libya,Libya,EnergyTechFuelComplete,Gas,2030,0.0
Libya,Libya,EnergyTechFuelComplete,Gas,2030,10424.399999999998
Libya,Libya,EnergyTechFuelComplete,Gas,2030,0.0
Libya,Libya,EnergyTechFuelComplete,Gas,2030,0.0
Libya,Libya,EnergyTechFuelComplete,Gas,2030,0.0
Libya,Libya,EnergyTechFuelComplete,Gas,2030,0.0
Libya,Libya,EnergyTechFuelComplete,Gas,2030,0.0
Libya,Libya,EnergyTechFuelComplete,Coal,2030,0.0
Libya,Libya,EnergyTechFuelComplete,Coal,2030,0.0
Libya,Libya,EnergyTechFuelComplete,Coal,2030,0.0
Libya,Libya,EnergyTechFuelComplete,Coal,2030,0.0
Libya,Libya,EnergyTechFuelComplete,Geothermal,2030,0.0
Libya,Libya,EnergyTechFuelComplete,Geothermal,2030,0.0
Libya,Libya,EnergyTechFuelComplete,Diesel,2030,0.0
Libya,Libya,EnergyTechFuelComplete,Diesel,2030,0.0
Libya,Libya,EnergyTechFuelComplete,Diesel,2030,0.0
Libya,Libya,EnergyTechFuelComplete,Diesel,2030,0.0
Libya,Libya,EnergyTechFuelComplete,Diesel,2030,0.0
Libya,Libya,EnergyTechFuelComplete,Diesel,2030,0.0
Libya,Libya,EnergyTechFuelComplete,Diesel,2030,0.0
Libya,Libya,EnergyTechFuelComplete,Biomass,2030,0.0
Libya,Libya,EnergyTechFuelComplete,Biomass,2030,0.0
Libya,Libya,EnergyTechFuelComplete,Biomass,2030,0.0
Libya,Libya,EnergyTechFuelComplete,Reservoir,2030,0.0
Libya,Libya,EnergyTechFuelComplete,Reservoir,2030,0.0
Libya,Libya,EnergyTechFuelComplete,ROR,2030,0.0
Libya,Libya,EnergyTechFuelComplete,CSP,2030,0.0
Libya,Libya,EnergyTechFuelComplete,CSP,2030,0.0
Libya,Libya,EnergyTechFuelComplete,Offshore Wind,2030,0.0
Libya,Libya,EnergyTechFuelComplete,Onshore Wind,2030,0.0
Libya,Libya,EnergyTechFuelComplete,Onshore Wind,2030,0.0
Libya,Libya,EnergyTechFuelComplete,PV,2030,2946.799274999999
Libya,Libya,EnergyTechFuelComplete,PV,2030,0.0
Libya,Libya,EnergyTechFuelComplete,PV+Storage,2030,0.0
Libya,Libya,EnergyTechFuelComplete,Solar Thermal,2030,0.0
Libya,Libya,EnergyTechFuelComplete,Battery,2030,0.0
Libya,Libya,EnergyTechFuelComplete,PSH,2030,0.0
Libya,Libya,EnergyTechFuelComplete,PSH,2030,0.0
Libya,Libya,EnergyTechFuelComplete,Imports,2030,0.0
Libya,Libya,EnergyTechFuelComplete,Peat,2030,0.0
Libya,Libya,EnergyTechFuelComplete,Waste,2030,0.0
Libya,Libya,EnergyTechFuelComplete,Methane,2030,0.0
Libya,Libya,EnergyTechFuelComplete,Solar,2030,0.0
Libya,Libya,EnergyTechFuelComplete,Solar,2030,0.0
Libya,Libya,EnergyTechFuelComplete,Nuclear,2031,0.0
Libya,Libya,EnergyTechFuelComplete,Gas,2031,25845.065999999995
Libya,Libya,EnergyTechFuelComplete,Gas,2031,0.0
Libya,Libya,EnergyTechFuelComplete,Gas,2031,0.0
Libya,Libya,EnergyTechFuelComplete,Gas,2031,0.0
Libya,Libya,EnergyTechFuelComplete,Gas,2031,0.0
Libya,Libya,EnergyTechFuelComplete,Gas,2031,41652.614851851
Libya,Libya,EnergyTechFuelComplete,Gas,2031,0.0
Libya,Libya,EnergyTechFuelComplete,Gas,2031,10424.4
Libya,Libya,EnergyTechFuelComplete,Gas,2031,0.0
Libya,Libya,EnergyTechFuelComplete,Gas,2031,0.0
Libya,Libya,EnergyTechFuelComplete,Gas,2031,0.0
Libya,Libya,EnergyTechFuelComplete,Gas,2031,0.0
Libya,Libya,EnergyTechFuelComplete,Gas,2031,0.0
Libya,Libya,EnergyTechFuelComplete,Coal,2031,0.0
Libya,Libya,EnergyTechFuelComplete,Coal,2031,0.0
Libya,Libya,EnergyTechFuelComplete,Coal,2031,0.0
Libya,Libya,EnergyTechFuelComplete,Coal,2031,0.0
Libya,Libya,EnergyTechFuelComplete,Geothermal,2031,0.0
Libya,Libya,EnergyTechFuelComplete,Geothermal,2031,0.0
Libya,Libya,EnergyTechFuelComplete,Diesel,2031,0.0
Libya,Libya,EnergyTechFuelComplete,Diesel,2031,0.0
Libya,Libya,EnergyTechFuelComplete,Diesel,2031,0.0
Libya,Libya,EnergyTechFuelComplete,Diesel,2031,0.0
Libya,Libya,EnergyTechFuelComplete,Diesel,2031,0.0
Libya,Libya,EnergyTechFuelComplete,Diesel,2031,0.0
Libya,Libya,EnergyTechFuelComplete,Diesel,2031,0.0
Libya,Libya,EnergyTechFuelComplete,Biomass,2031,0.0
Libya,Libya,EnergyTechFuelComplete,Biomass,2031,0.0
Libya,Libya,EnergyTechFuelComplete,Biomass,2031,0.0
Libya,Libya,EnergyTechFuelComplete,Reservoir,2031,0.0
Libya,Libya,EnergyTechFuelComplete,Reservoir,2031,0.0
Libya,Libya,EnergyTechFuelComplete,ROR,2031,0.0
Libya,Libya,EnergyTechFuelComplete,CSP,2031,0.0
Libya,Libya,EnergyTechFuelComplete,CSP,2031,0.0
Libya,Libya,EnergyTechFuelComplete,Offshore Wind,2031,0.0
Libya,Libya,EnergyTechFuelComplete,Onshore Wind,2031,0.0
Libya,Libya,EnergyTechFuelComplete,Onshore Wind,2031,1332.8534481490003
Libya,Libya,EnergyTechFuelComplete,PV,2031,3929.0657000000015
Libya,Libya,EnergyTechFuelComplete,PV,2031,0.0
Libya,Libya,EnergyTechFuelComplete,PV+Storage,2031,0.0
Libya,Libya,EnergyTechFuelComplete,Solar Thermal,2031,0.0
Libya,Libya,EnergyTechFuelComplete,Battery,2031,0.0
Libya,Libya,EnergyTechFuelComplete,PSH,2031,0.0
Libya,Libya,EnergyTechFuelComplete,PSH,2031,0.0
Libya,Libya,EnergyTechFuelComplete,Imports,2031,0.0
Libya,Libya,EnergyTechFuelComplete,Peat,2031,0.0
Libya,Libya,EnergyTechFuelComplete,Waste,2031,0.0
Libya,Libya,EnergyTechFuelComplete,Methane,2031,0.0
Libya,Libya,EnergyTechFuelComplete,Solar,2031,0.0
Libya,Libya,EnergyTechFuelComplete,Solar,2031,0.0
Libya,Libya,EnergyTechFuelComplete,Nuclear,2032,0.0
Libya,Libya,EnergyTechFuelComplete,Gas,2032,28823.466
Libya,Libya,EnergyTechFuelComplete,Gas,2032,0.0
Libya,Libya,EnergyTechFuelComplete,Gas,2032,0.0
Libya,Libya,EnergyTechFuelComplete,Gas,2032,0.0
Libya,Libya,EnergyTechFuelComplete,Gas,2032,0.0
Libya,Libya,EnergyTechFuelComplete,Gas,2032,37903.09497870202
Libya,Libya,EnergyTechFuelComplete,Gas,2032,0.0
Libya,Libya,EnergyTechFuelComplete,Gas,2032,10424.4
Libya,Libya,EnergyTechFuelComplete,Gas,2032,0.0
Libya,Libya,EnergyTechFuelComplete,Gas,2032,0.0
Libya,Libya,EnergyTechFuelComplete,Gas,2032,0.0
Libya,Libya,EnergyTechFuelComplete,Gas,2032,0.0
Libya,Libya,EnergyTechFuelComplete,Gas,2032,0.0
Libya,Libya,EnergyTechFuelComplete,Coal,2032,0.0
Libya,Libya,EnergyTechFuelComplete,Coal,2032,0.0
Libya,Libya,EnergyTechFuelComplete,Coal,2032,0.0
Libya,Libya,EnergyTechFuelComplete,Coal,2032,0.0
Libya,Libya,EnergyTechFuelComplete,Geothermal,2032,0.0
Libya,Libya,EnergyTechFuelComplete,Geothermal,2032,0.0
Libya,Libya,EnergyTechFuelComplete,Diesel,2032,0.0
Libya,Libya,EnergyTechFuelComplete,Diesel,2032,0.0
Libya,Libya,EnergyTechFuelComplete,Diesel,2032,0.0
Libya,Libya,EnergyTechFuelComplete,Diesel,2032,0.0
Libya,Libya,EnergyTechFuelComplete,Diesel,2032,0.0
Libya,Libya,EnergyTechFuelComplete,Diesel,2032,0.0
Libya,Libya,EnergyTechFuelComplete,Diesel,2032,0.0
Libya,Libya,EnergyTechFuelComplete,Biomass,2032,0.0
Libya,Libya,EnergyTechFuelComplete,Biomass,2032,0.0
Libya,Libya,EnergyTechFuelComplete,Biomass,2032,0.0
Libya,Libya,EnergyTechFuelComplete,Reservoir,2032,0.0
Libya,Libya,EnergyTechFuelComplete,Reservoir,2032,0.0
Libya,Libya,EnergyTechFuelComplete,ROR,2032,0.0
Libya,Libya,EnergyTechFuelComplete,CSP,2032,0.0
Libya,Libya,EnergyTechFuelComplete,CSP,2032,0.0
Libya,Libya,EnergyTechFuelComplete,Offshore Wind,2032,0.0
Libya,Libya,EnergyTechFuelComplete,Onshore Wind,2032,0.0
Libya,Libya,EnergyTechFuelComplete,Onshore Wind,2032,2665.7068962980006
Libya,Libya,EnergyTechFuelComplete,PV,2032,4911.332124999997
Libya,Libya,EnergyTechFuelComplete,PV,2032,0.0
Libya,Libya,EnergyTechFuelComplete,PV+Storage,2032,0.0
Libya,Libya,EnergyTechFuelComplete,Solar Thermal,2032,0.0
Libya,Libya,EnergyTechFuelComplete,Battery,2032,0.0
Libya,Libya,EnergyTechFuelComplete,PSH,2032,0.0
Libya,Libya,EnergyTechFuelComplete,PSH,2032,0.0
Libya,Libya,EnergyTechFuelComplete,Imports,2032,0.0
Libya,Libya,EnergyTechFuelComplete,Peat,2032,0.0
Libya,Libya,EnergyTechFuelComplete,Waste,2032,0.0
Libya,Libya,EnergyTechFuelComplete,Methane,2032,0.0
Libya,Libya,EnergyTechFuelComplete,Solar,2032,0.0
Libya,Libya,EnergyTechFuelComplete,Solar,2032,0.0
Libya,Libya,EnergyTechFuelComplete,Nuclear,2033,0.0
Libya,Libya,EnergyTechFuelComplete,Gas,2033,31801.86600000001
Libya,Libya,EnergyTechFuelComplete,Gas,2033,0.0
Libya,Libya,EnergyTechFuelComplete,Gas,2033,0.0
Libya,Libya,EnergyTechFuelComplete,Gas,2033,0.0
Libya,Libya,EnergyTechFuelComplete,Gas,2033,0.0
Libya,Libya,EnergyTechFuelComplete,Gas,2033,38443.57510555303
Libya,Libya,EnergyTechFuelComplete,Gas,2033,0.0
Libya,Libya,EnergyTechFuelComplete,Gas,2033,10424.4
Libya,Libya,EnergyTechFuelComplete,Gas,2033,0.0
Libya,Libya,EnergyTechFuelComplete,Gas,2033,0.0
Libya,Libya,EnergyTechFuelComplete,Gas,2033,0.0
Libya,Libya,EnergyTechFuelComplete,Gas,2033,0.0
Libya,Libya,EnergyTechFuelComplete,Gas,2033,0.0
Libya,Libya,EnergyTechFuelComplete,Coal,2033,0.0
Libya,Libya,EnergyTechFuelComplete,Coal,2033,0.0
Libya,Libya,EnergyTechFuelComplete,Coal,2033,0.0
Libya,Libya,EnergyTechFuelComplete,Coal,2033,0.0
Libya,Libya,EnergyTechFuelComplete,Geothermal,2033,0.0
Libya,Libya,EnergyTechFuelComplete,Geothermal,2033,0.0
Libya,Libya,EnergyTechFuelComplete,Diesel,2033,0.0
Libya,Libya,EnergyTechFuelComplete,Diesel,2033,0.0
Libya,Libya,EnergyTechFuelComplete,Diesel,2033,0.0
Libya,Libya,EnergyTechFuelComplete,Diesel,2033,0.0
Libya,Libya,EnergyTechFuelComplete,Diesel,2033,0.0
Libya,Libya,EnergyTechFuelComplete,Diesel,2033,0.0
Libya,Libya,EnergyTechFuelComplete,Diesel,2033,0.0
Libya,Libya,EnergyTechFuelComplete,Biomass,2033,0.0
Libya,Libya,EnergyTechFuelComplete,Biomass,2033,0.0
Libya,Libya,EnergyTechFuelComplete,Biomass,2033,0.0
Libya,Libya,EnergyTechFuelComplete,Reservoir,2033,0.0
Libya,Libya,EnergyTechFuelComplete,Reservoir,2033,0.0
Libya,Libya,EnergyTechFuelComplete,ROR,2033,0.0
Libya,Libya,EnergyTechFuelComplete,CSP,2033,0.0
Libya,Libya,EnergyTechFuelComplete,CSP,2033,0.0
Libya,Libya,EnergyTechFuelComplete,Offshore Wind,2033,0.0
Libya,Libya,EnergyTechFuelComplete,Onshore Wind,2033,0.0
Libya,Libya,EnergyTechFuelComplete,Onshore Wind,2033,3998.560344447
Libya,Libya,EnergyTechFuelComplete,PV,2033,5893.598549999998
Libya,Libya,EnergyTechFuelComplete,PV,2033,0.0
Libya,Libya,EnergyTechFuelComplete,PV+Storage,2033,0.0
Libya,Libya,EnergyTechFuelComplete,Solar Thermal,2033,0.0
Libya,Libya,EnergyTechFuelComplete,Battery,2033,0.0
Libya,Libya,EnergyTechFuelComplete,PSH,2033,0.0
Libya,Libya,EnergyTechFuelComplete,PSH,2033,0.0
Libya,Libya,EnergyTechFuelComplete,Imports,2033,0.0
Libya,Libya,EnergyTechFuelComplete,Peat,2033,0.0
Libya,Libya,EnergyTechFuelComplete,Waste,2033,0.0
Libya,Libya,EnergyTechFuelComplete,Methane,2033,0.0
Libya,Libya,EnergyTechFuelComplete,Solar,2033,0.0
Libya,Libya,EnergyTechFuelComplete,Solar,2033,0.0
Libya,Libya,EnergyTechFuelComplete,Nuclear,2034,0.0
Libya,Libya,EnergyTechFuelComplete,Gas,2034,34780.26600000002
Libya,Libya,EnergyTechFuelComplete,Gas,2034,0.0
Libya,Libya,EnergyTechFuelComplete,Gas,2034,0.0
Libya,Libya,EnergyTechFuelComplete,Gas,2034,0.0
Libya,Libya,EnergyTechFuelComplete,Gas,2034,0.0
Libya,Libya,EnergyTechFuelComplete,Gas,2034,34480.055232403975
Libya,Libya,EnergyTechFuelComplete,Gas,2034,0.0
Libya,Libya,EnergyTechFuelComplete,Gas,2034,10424.4
Libya,Libya,EnergyTechFuelComplete,Gas,2034,0.0
Libya,Libya,EnergyTechFuelComplete,Gas,2034,0.0
Libya,Libya,EnergyTechFuelComplete,Gas,2034,0.0
Libya,Libya,EnergyTechFuelComplete,Gas,2034,0.0
Libya,Libya,EnergyTechFuelComplete,Gas,2034,0.0
Libya,Libya,EnergyTechFuelComplete,Coal,2034,0.0
Libya,Libya,EnergyTechFuelComplete,Coal,2034,0.0
Libya,Libya,EnergyTechFuelComplete,Coal,2034,0.0
Libya,Libya,EnergyTechFuelComplete,Coal,2034,0.0
Libya,Libya,EnergyTechFuelComplete,Geothermal,2034,0.0
Libya,Libya,EnergyTechFuelComplete,Geothermal,2034,0.0
Libya,Libya,EnergyTechFuelComplete,Diesel,2034,0.0
Libya,Libya,EnergyTechFuelComplete,Diesel,2034,0.0
Libya,Libya,EnergyTechFuelComplete,Diesel,2034,0.0
Libya,Libya,EnergyTechFuelComplete,Diesel,2034,0.0
Libya,Libya,EnergyTechFuelComplete,Diesel,2034,0.0
Libya,Libya,EnergyTechFuelComplete,Diesel,2034,0.0
Libya,Libya,EnergyTechFuelComplete,Diesel,2034,0.0
Libya,Libya,EnergyTechFuelComplete,Biomass,2034,0.0
Libya,Libya,EnergyTechFuelComplete,Biomass,2034,0.0
Libya,Libya,EnergyTechFuelComplete,Biomass,2034,0.0
Libya,Libya,EnergyTechFuelComplete,Reservoir,2034,0.0
Libya,Libya,EnergyTechFuelComplete,Reservoir,2034,0.0
Libya,Libya,EnergyTechFuelComplete,ROR,2034,0.0
Libya,Libya,EnergyTechFuelComplete,CSP,2034,0.0
Libya,Libya,EnergyTechFuelComplete,CSP,2034,0.0
Libya,Libya,EnergyTechFuelComplete,Offshore Wind,2034,0.0
Libya,Libya,EnergyTechFuelComplete,Onshore Wind,2034,0.0
Libya,Libya,EnergyTechFuelComplete,Onshore Wind,2034,5331.413792596001
Libya,Libya,EnergyTechFuelComplete,PV,2034,6875.864975
Libya,Libya,EnergyTechFuelComplete,PV,2034,0.0
Libya,Libya,EnergyTechFuelComplete,PV+Storage,2034,0.0
Libya,Libya,EnergyTechFuelComplete,Solar Thermal,2034,0.0
Libya,Libya,EnergyTechFuelComplete,Battery,2034,0.0
Libya,Libya,EnergyTechFuelComplete,PSH,2034,0.0
Libya,Libya,EnergyTechFuelComplete,PSH,2034,0.0
Libya,Libya,EnergyTechFuelComplete,Imports,2034,0.0
Libya,Libya,EnergyTechFuelComplete,Peat,2034,0.0
Libya,Libya,EnergyTechFuelComplete,Waste,2034,0.0
Libya,Libya,EnergyTechFuelComplete,Methane,2034,0.0
Libya,Libya,EnergyTechFuelComplete,Solar,2034,0.0
Libya,Libya,EnergyTechFuelComplete,Solar,2034,0.0
Libya,Libya,EnergyTechFuelComplete,Nuclear,2035,0.0
Libya,Libya,EnergyTechFuelComplete,Gas,2035,37758.66600000003
Libya,Libya,EnergyTechFuelComplete,Gas,2035,0.0
Libya,Libya,EnergyTechFuelComplete,Gas,2035,0.0
Libya,Libya,EnergyTechFuelComplete,Gas,2035,0.0
Libya,Libya,EnergyTechFuelComplete,Gas,2035,0.0
Libya,Libya,EnergyTechFuelComplete,Gas,2035,31800.73608425503
Libya,Libya,EnergyTechFuelComplete,Gas,2035,0.0
Libya,Libya,EnergyTechFuelComplete,Gas,2035,10424.399999999998
Libya,Libya,EnergyTechFuelComplete,Gas,2035,0.0
Libya,Libya,EnergyTechFuelComplete,Gas,2035,0.0
Libya,Libya,EnergyTechFuelComplete,Gas,2035,0.0
Libya,Libya,EnergyTechFuelComplete,Gas,2035,0.0
Libya,Libya,EnergyTechFuelComplete,Gas,2035,0.0
Libya,Libya,EnergyTechFuelComplete,Coal,2035,0.0
Libya,Libya,EnergyTechFuelComplete,Coal,2035,0.0
Libya,Libya,EnergyTechFuelComplete,Coal,2035,0.0
Libya,Libya,EnergyTechFuelComplete,Coal,2035,0.0
Libya,Libya,EnergyTechFuelComplete,Geothermal,2035,0.0
Libya,Libya,EnergyTechFuelComplete,Geothermal,2035,0.0
Libya,Libya,EnergyTechFuelComplete,Diesel,2035,0.0
Libya,Libya,EnergyTechFuelComplete,Diesel,2035,0.0
Libya,Libya,EnergyTechFuelComplete,Diesel,2035,0.0
Libya,Libya,EnergyTechFuelComplete,Diesel,2035,0.0
Libya,Libya,EnergyTechFuelComplete,Diesel,2035,0.0
Libya,Libya,EnergyTechFuelComplete,Diesel,2035,0.0
Libya,Libya,EnergyTechFuelComplete,Diesel,2035,0.0
Libya,Libya,EnergyTechFuelComplete,Biomass,2035,0.0
Libya,Libya,EnergyTechFuelComplete,Biomass,2035,0.0
Libya,Libya,EnergyTechFuelComplete,Biomass,2035,0.0
Libya,Libya,EnergyTechFuelComplete,Reservoir,2035,0.0
Libya,Libya,EnergyTechFuelComplete,Reservoir,2035,0.0
Libya,Libya,EnergyTechFuelComplete,ROR,2035,0.0
Libya,Libya,EnergyTechFuelComplete,CSP,2035,0.0
Libya,Libya,EnergyTechFuelComplete,CSP,2035,0.0
Libya,Libya,EnergyTechFuelComplete,Offshore Wind,2035,0.0
Libya,Libya,EnergyTechFuelComplete,Onshore Wind,2035,0.0
Libya,Libya,EnergyTechFuelComplete,Onshore Wind,2035,6664.267240745003
Libya,Libya,EnergyTechFuelComplete,PV,2035,10804.930675000009
Libya,Libya,EnergyTechFuelComplete,PV,2035,0.0
Libya,Libya,EnergyTechFuelComplete,PV+Storage,2035,0.0
Libya,Libya,EnergyTechFuelComplete,Solar Thermal,2035,0.0
Libya,Libya,EnergyTechFuelComplete,Battery,2035,0.0
Libya,Libya,EnergyTechFuelComplete,PSH,2035,0.0
Libya,Libya,EnergyTechFuelComplete,PSH,2035,0.0
Libya,Libya,EnergyTechFuelComplete,Imports,2035,0.0
Libya,Libya,EnergyTechFuelComplete,Peat,2035,0.0
Libya,Libya,EnergyTechFuelComplete,Waste,2035,0.0
Libya,Libya,EnergyTechFuelComplete,Methane,2035,0.0
Libya,Libya,EnergyTechFuelComplete,Solar,2035,0.0
Libya,Libya,EnergyTechFuelComplete,Solar,2035,0.0
Libya,Libya,EnergyTechFuelComplete,Nuclear,2036,0.0
Libya,Libya,EnergyTechFuelComplete,Gas,2036,33923.97600000001
Libya,Libya,EnergyTechFuelComplete,Gas,2036,0.0
Libya,Libya,EnergyTechFuelComplete,Gas,2036,0.0
Libya,Libya,EnergyTechFuelComplete,Gas,2036,0.0
Libya,Libya,EnergyTechFuelComplete,Gas,2036,0.0
Libya,Libya,EnergyTechFuelComplete,Gas,2036,30889.506936105976
Libya,Libya,EnergyTechFuelComplete,Gas,2036,0.0
Libya,Libya,EnergyTechFuelComplete,Gas,2036,10424.4
Libya,Libya,EnergyTechFuelComplete,Gas,2036,0.0
Libya,Libya,EnergyTechFuelComplete,Gas,2036,0.0
Libya,Libya,EnergyTechFuelComplete,Gas,2036,0.0
Libya,Libya,EnergyTechFuelComplete,Gas,2036,0.0
Libya,Libya,EnergyTechFuelComplete,Gas,2036,0.0
Libya,Libya,EnergyTechFuelComplete,Coal,2036,0.0
Libya,Libya,EnergyTechFuelComplete,Coal,2036,0.0
Libya,Libya,EnergyTechFuelComplete,Coal,2036,0.0
Libya,Libya,EnergyTechFuelComplete,Coal,2036,0.0
Libya,Libya,EnergyTechFuelComplete,Geothermal,2036,0.0
Libya,Libya,EnergyTechFuelComplete,Geothermal,2036,0.0
Libya,Libya,EnergyTechFuelComplete,Diesel,2036,0.0
Libya,Libya,EnergyTechFuelComplete,Diesel,2036,0.0
Libya,Libya,EnergyTechFuelComplete,Diesel,2036,0.0
Libya,Libya,EnergyTechFuelComplete,Diesel,2036,0.0
Libya,Libya,EnergyTechFuelComplete,Diesel,2036,0.0
Libya,Libya,EnergyTechFuelComplete,Diesel,2036,0.0
Libya,Libya,EnergyTechFuelComplete,Diesel,2036,0.0
Libya,Libya,EnergyTechFuelComplete,Biomass,2036,0.0
Libya,Libya,EnergyTechFuelComplete,Biomass,2036,0.0
Libya,Libya,EnergyTechFuelComplete,Biomass,2036,0.0
Libya,Libya,EnergyTechFuelComplete,Reservoir,2036,0.0
Libya,Libya,EnergyTechFuelComplete,Reservoir,2036,0.0
Libya,Libya,EnergyTechFuelComplete,ROR,2036,0.0
Libya,Libya,EnergyTechFuelComplete,CSP,2036,0.0
Libya,Libya,EnergyTechFuelComplete,CSP,2036,0.0
Libya,Libya,EnergyTechFuelComplete,Offshore Wind,2036,0.0
Libya,Libya,EnergyTechFuelComplete,Onshore Wind,2036,0.0
Libya,Libya,EnergyTechFuelComplete,Onshore Wind,2036,7997.120688893999
Libya,Libya,EnergyTechFuelComplete,PV,2036,14733.996375000015
Libya,Libya,EnergyTechFuelComplete,PV,2036,0.0
Libya,Libya,EnergyTechFuelComplete,PV+Storage,2036,0.0
Libya,Libya,EnergyTechFuelComplete,Solar Thermal,2036,0.0
Libya,Libya,EnergyTechFuelComplete,Battery,2036,0.0
Libya,Libya,EnergyTechFuelComplete,PSH,2036,0.0
Libya,Libya,EnergyTechFuelComplete,PSH,2036,0.0
Libya,Libya,EnergyTechFuelComplete,Imports,2036,0.0
Libya,Libya,EnergyTechFuelComplete,Peat,2036,0.0
Libya,Libya,EnergyTechFuelComplete,Waste,2036,0.0
Libya,Libya,EnergyTechFuelComplete,Methane,2036,0.0
Libya,Libya,EnergyTechFuelComplete,Solar,2036,0.0
Libya,Libya,EnergyTechFuelComplete,Solar,2036,0.0
Libya,Libya,EnergyTechFuelComplete,Nuclear,2037,0.0
Libya,Libya,EnergyTechFuelComplete,Gas,2037,36902.376
Libya,Libya,EnergyTechFuelComplete,Gas,2037,0.0
Libya,Libya,EnergyTechFuelComplete,Gas,2037,0.0
Libya,Libya,EnergyTechFuelComplete,Gas,2037,0.0
Libya,Libya,EnergyTechFuelComplete,Gas,2037,0.0
Libya,Libya,EnergyTechFuelComplete,Gas,2037,27579.18778795697
Libya,Libya,EnergyTechFuelComplete,Gas,2037,0.0
Libya,Libya,EnergyTechFuelComplete,Gas,2037,10424.4
Libya,Libya,EnergyTechFuelComplete,Gas,2037,0.0
Libya,Libya,EnergyTechFuelComplete,Gas,2037,0.0
Libya,Libya,EnergyTechFuelComplete,Gas,2037,0.0
Libya,Libya,EnergyTechFuelComplete,Gas,2037,0.0
Libya,Libya,EnergyTechFuelComplete,Gas,2037,0.0
Libya,Libya,EnergyTechFuelComplete,Coal,2037,0.0
Libya,Libya,EnergyTechFuelComplete,Coal,2037,0.0
Libya,Libya,EnergyTechFuelComplete,Coal,2037,0.0
Libya,Libya,EnergyTechFuelComplete,Coal,2037,0.0
Libya,Libya,EnergyTechFuelComplete,Geothermal,2037,0.0
Libya,Libya,EnergyTechFuelComplete,Geothermal,2037,0.0
Libya,Libya,EnergyTechFuelComplete,Diesel,2037,0.0
Libya,Libya,EnergyTechFuelComplete,Diesel,2037,0.0
Libya,Libya,EnergyTechFuelComplete,Diesel,2037,0.0
Libya,Libya,EnergyTechFuelComplete,Diesel,2037,0.0
Libya,Libya,EnergyTechFuelComplete,Diesel,2037,0.0
Libya,Libya,EnergyTechFuelComplete,Diesel,2037,0.0
Libya,Libya,EnergyTechFuelComplete,Diesel,2037,0.0
Libya,Libya,EnergyTechFuelComplete,Biomass,2037,0.0
Libya,Libya,EnergyTechFuelComplete,Biomass,2037,0.0
Libya,Libya,EnergyTechFuelComplete,Biomass,2037,0.0
Libya,Libya,EnergyTechFuelComplete,Reservoir,2037,0.0
Libya,Libya,EnergyTechFuelComplete,Reservoir,2037,0.0
Libya,Libya,EnergyTechFuelComplete,ROR,2037,0.0
Libya,Libya,EnergyTechFuelComplete,CSP,2037,0.0
Libya,Libya,EnergyTechFuelComplete,CSP,2037,0.0
Libya,Libya,EnergyTechFuelComplete,Offshore Wind,2037,0.0
Libya,Libya,EnergyTechFuelComplete,Onshore Wind,2037,0.0
Libya,Libya,EnergyTechFuelComplete,Onshore Wind,2037,9329.974137043
Libya,Libya,EnergyTechFuelComplete,PV,2037,18663.062075
Libya,Libya,EnergyTechFuelComplete,PV,2037,0.0
Libya,Libya,EnergyTechFuelComplete,PV+Storage,2037,0.0
Libya,Libya,EnergyTechFuelComplete,Solar Thermal,2037,0.0
Libya,Libya,EnergyTechFuelComplete,Battery,2037,0.0
Libya,Libya,EnergyTechFuelComplete,PSH,2037,0.0
Libya,Libya,EnergyTechFuelComplete,PSH,2037,0.0
Libya,Libya,EnergyTechFuelComplete,Imports,2037,0.0
Libya,Libya,EnergyTechFuelComplete,Peat,2037,0.0
Libya,Libya,EnergyTechFuelComplete,Waste,2037,0.0
Libya,Libya,EnergyTechFuelComplete,Methane,2037,0.0
Libya,Libya,EnergyTechFuelComplete,Solar,2037,0.0
Libya,Libya,EnergyTechFuelComplete,Solar,2037,0.0
Libya,Libya,EnergyTechFuelComplete,Nuclear,2038,0.0
Libya,Libya,EnergyTechFuelComplete,Gas,2038,39833.7180583942
Libya,Libya,EnergyTechFuelComplete,Gas,2038,0.0
Libya,Libya,EnergyTechFuelComplete,Gas,2038,0.0
Libya,Libya,EnergyTechFuelComplete,Gas,2038,0.0
Libya,Libya,EnergyTechFuelComplete,Gas,2038,0.0
Libya,Libya,EnergyTechFuelComplete,Gas,2038,22671.614932061937
Libya,Libya,EnergyTechFuelComplete,Gas,2038,0.0
Libya,Libya,EnergyTechFuelComplete,Gas,2038,9481.433877908848
Libya,Libya,EnergyTechFuelComplete,Gas,2038,0.0
Libya,Libya,EnergyTechFuelComplete,Gas,2038,0.0
Libya,Libya,EnergyTechFuelComplete,Gas,2038,0.0
Libya,Libya,EnergyTechFuelComplete,Gas,2038,0.0
Libya,Libya,EnergyTechFuelComplete,Gas,2038,0.0
Libya,Libya,EnergyTechFuelComplete,Coal,2038,0.0
Libya,Libya,EnergyTechFuelComplete,Coal,2038,0.0
Libya,Libya,EnergyTechFuelComplete,Coal,2038,0.0
Libya,Libya,EnergyTechFuelComplete,Coal,2038,0.0
Libya,Libya,EnergyTechFuelComplete,Geothermal,2038,0.0
Libya,Libya,EnergyTechFuelComplete,Geothermal,2038,0.0
Libya,Libya,EnergyTechFuelComplete,Diesel,2038,0.0
Libya,Libya,EnergyTechFuelComplete,Diesel,2038,0.0
Libya,Libya,EnergyTechFuelComplete,Diesel,2038,0.0
Libya,Libya,EnergyTechFuelComplete,Diesel,2038,0.0
Libya,Libya,EnergyTechFuelComplete,Diesel,2038,0.0
Libya,Libya,EnergyTechFuelComplete,Diesel,2038,0.0
Libya,Libya,EnergyTechFuelComplete,Diesel,2038,0.0
Libya,Libya,EnergyTechFuelComplete,Biomass,2038,0.0
Libya,Libya,EnergyTechFuelComplete,Biomass,2038,0.0
Libya,Libya,EnergyTechFuelComplete,Biomass,2038,0.0
Libya,Libya,EnergyTechFuelComplete,Reservoir,2038,0.0
Libya,Libya,EnergyTechFuelComplete,Reservoir,2038,0.0
Libya,Libya,EnergyTechFuelComplete,ROR,2038,0.0
Libya,Libya,EnergyTechFuelComplete,CSP,2038,0.0
Libya,Libya,EnergyTechFuelComplete,CSP,2038,0.0
Libya,Libya,EnergyTechFuelComplete,Offshore Wind,2038,0.0
Libya,Libya,EnergyTechFuelComplete,Onshore Wind,2038,0.0
Libya,Libya,EnergyTechFuelComplete,Onshore Wind,2038,10662.827585192004
Libya,Libya,EnergyTechFuelComplete,PV,2038,22592.12777500001
Libya,Libya,EnergyTechFuelComplete,PV,2038,0.0
Libya,Libya,EnergyTechFuelComplete,PV+Storage,2038,0.0
Libya,Libya,EnergyTechFuelComplete,Solar Thermal,2038,0.0
Libya,Libya,EnergyTechFuelComplete,Battery,2038,11.23041342314058
Libya,Libya,EnergyTechFuelComplete,PSH,2038,0.0
Libya,Libya,EnergyTechFuelComplete,PSH,2038,0.0
Libya,Libya,EnergyTechFuelComplete,Imports,2038,0.0
Libya,Libya,EnergyTechFuelComplete,Peat,2038,0.0
Libya,Libya,EnergyTechFuelComplete,Waste,2038,0.0
Libya,Libya,EnergyTechFuelComplete,Methane,2038,0.0
Libya,Libya,EnergyTechFuelComplete,Solar,2038,0.0
Libya,Libya,EnergyTechFuelComplete,Solar,2038,0.0
Libya,Libya,EnergyTechFuelComplete,Nuclear,2039,0.0
Libya,Libya,EnergyTechFuelComplete,Gas,2039,42006.05950547593
Libya,Libya,EnergyTechFuelComplete,Gas,2039,0.0
Libya,Libya,EnergyTechFuelComplete,Gas,2039,0.0
Libya,Libya,EnergyTechFuelComplete,Gas,2039,0.0
Libya,Libya,EnergyTechFuelComplete,Gas,2039,0.0
Libya,Libya,EnergyTechFuelComplete,Gas,2039,21315.895970167643
Libya,Libya,EnergyTechFuelComplete,Gas,2039,0.0
Libya,Libya,EnergyTechFuelComplete,Gas,2039,8837.64468974551
Libya,Libya,EnergyTechFuelComplete,Gas,2039,0.0
Libya,Libya,EnergyTechFuelComplete,Gas,2039,0.0
Libya,Libya,EnergyTechFuelComplete,Gas,2039,0.0
Libya,Libya,EnergyTechFuelComplete,Gas,2039,0.0
Libya,Libya,EnergyTechFuelComplete,Gas,2039,0.0
Libya,Libya,EnergyTechFuelComplete,Coal,2039,0.0
Libya,Libya,EnergyTechFuelComplete,Coal,2039,0.0
Libya,Libya,EnergyTechFuelComplete,Coal,2039,0.0
Libya,Libya,EnergyTechFuelComplete,Coal,2039,0.0
Libya,Libya,EnergyTechFuelComplete,Geothermal,2039,0.0
Libya,Libya,EnergyTechFuelComplete,Geothermal,2039,0.0
Libya,Libya,EnergyTechFuelComplete,Diesel,2039,0.0
Libya,Libya,EnergyTechFuelComplete,Diesel,2039,0.0
Libya,Libya,EnergyTechFuelComplete,Diesel,2039,0.0
Libya,Libya,EnergyTechFuelComplete,Diesel,2039,0.0
Libya,Libya,EnergyTechFuelComplete,Diesel,2039,0.0
Libya,Libya,EnergyTechFuelComplete,Diesel,2039,0.0
Libya,Libya,EnergyTechFuelComplete,Diesel,2039,0.0
Libya,Libya,EnergyTechFuelComplete,Biomass,2039,0.0
Libya,Libya,EnergyTechFuelComplete,Biomass,2039,0.0
Libya,Libya,EnergyTechFuelComplete,Biomass,2039,0.0
Libya,Libya,EnergyTechFuelComplete,Reservoir,2039,0.0
Libya,Libya,EnergyTechFuelComplete,Reservoir,2039,0.0
Libya,Libya,EnergyTechFuelComplete,ROR,2039,0.0
Libya,Libya,EnergyTechFuelComplete,CSP,2039,0.0
Libya,Libya,EnergyTechFuelComplete,CSP,2039,0.0
Libya,Libya,EnergyTechFuelComplete,Offshore Wind,2039,0.0
Libya,Libya,EnergyTechFuelComplete,Onshore Wind,2039,0.0
Libya,Libya,EnergyTechFuelComplete,Onshore Wind,2039,11995.681033341005
Libya,Libya,EnergyTechFuelComplete,PV,2039,26521.19347499999
Libya,Libya,EnergyTechFuelComplete,PV,2039,0.0
Libya,Libya,EnergyTechFuelComplete,PV+Storage,2039,0.0
Libya,Libya,EnergyTechFuelComplete,Solar Thermal,2039,0.0
Libya,Libya,EnergyTechFuelComplete,Battery,2039,433.3564844706305
Libya,Libya,EnergyTechFuelComplete,PSH,2039,0.0
Libya,Libya,EnergyTechFuelComplete,PSH,2039,0.0
Libya,Libya,EnergyTechFuelComplete,Imports,2039,0.0
Libya,Libya,EnergyTechFuelComplete,Peat,2039,0.0
Libya,Libya,EnergyTechFuelComplete,Waste,2039,0.0
Libya,Libya,EnergyTechFuelComplete,Methane,2039,0.0
Libya,Libya,EnergyTechFuelComplete,Solar,2039,0.0
Libya,Libya,EnergyTechFuelComplete,Solar,2039,0.0
Libya,Libya,EnergyTechFuelComplete,Nuclear,2040,0.0
Libya,Libya,EnergyTechFuelComplete,Gas,2040,42988.73180316594
Libya,Libya,EnergyTechFuelComplete,Gas,2040,0.0
Libya,Libya,EnergyTechFuelComplete,Gas,2040,0.0
Libya,Libya,EnergyTechFuelComplete,Gas,2040,0.0
Libya,Libya,EnergyTechFuelComplete,Gas,2040,0.0
Libya,Libya,EnergyTechFuelComplete,Gas,2040,16802.625490530307
Libya,Libya,EnergyTechFuelComplete,Gas,2040,0.0
Libya,Libya,EnergyTechFuelComplete,Gas,2040,8153.782852976588
Libya,Libya,EnergyTechFuelComplete,Gas,2040,0.0
Libya,Libya,EnergyTechFuelComplete,Gas,2040,0.0
Libya,Libya,EnergyTechFuelComplete,Gas,2040,0.0
Libya,Libya,EnergyTechFuelComplete,Gas,2040,0.0
Libya,Libya,EnergyTechFuelComplete,Gas,2040,0.0
Libya,Libya,EnergyTechFuelComplete,Coal,2040,0.0
Libya,Libya,EnergyTechFuelComplete,Coal,2040,0.0
Libya,Libya,EnergyTechFuelComplete,Coal,2040,0.0
Libya,Libya,EnergyTechFuelComplete,Coal,2040,0.0
Libya,Libya,EnergyTechFuelComplete,Geothermal,2040,0.0
Libya,Libya,EnergyTechFuelComplete,Geothermal,2040,0.0
Libya,Libya,EnergyTechFuelComplete,Diesel,2040,0.0
Libya,Libya,EnergyTechFuelComplete,Diesel,2040,0.0
Libya,Libya,EnergyTechFuelComplete,Diesel,2040,0.0
Libya,Libya,EnergyTechFuelComplete,Diesel,2040,0.0
Libya,Libya,EnergyTechFuelComplete,Diesel,2040,0.0
Libya,Libya,EnergyTechFuelComplete,Diesel,2040,0.0
Libya,Libya,EnergyTechFuelComplete,Diesel,2040,0.0
Libya,Libya,EnergyTechFuelComplete,Biomass,2040,0.0
Libya,Libya,EnergyTechFuelComplete,Biomass,2040,0.0
Libya,Libya,EnergyTechFuelComplete,Biomass,2040,0.0
Libya,Libya,EnergyTechFuelComplete,Reservoir,2040,0.0
Libya,Libya,EnergyTechFuelComplete,Reservoir,2040,0.0
Libya,Libya,EnergyTechFuelComplete,ROR,2040,0.0
Libya,Libya,EnergyTechFuelComplete,CSP,2040,0.0
Libya,Libya,EnergyTechFuelComplete,CSP,2040,0.0
Libya,Libya,EnergyTechFuelComplete,Offshore Wind,2040,0.0
Libya,Libya,EnergyTechFuelComplete,Onshore Wind,2040,0.0
Libya,Libya,EnergyTechFuelComplete,Onshore Wind,2040,13328.534481490004
Libya,Libya,EnergyTechFuelComplete,PV,2040,30444.68649867937
Libya,Libya,EnergyTechFuelComplete,PV,2040,0.0
Libya,Libya,EnergyTechFuelComplete,PV+Storage,2040,0.0
Libya,Libya,EnergyTechFuelComplete,Solar Thermal,2040,0.0
Libya,Libya,EnergyTechFuelComplete,Battery,2040,1117.6193970593547
Libya,Libya,EnergyTechFuelComplete,PSH,2040,0.0
Libya,Libya,EnergyTechFuelComplete,PSH,2040,0.0
Libya,Libya,EnergyTechFuelComplete,Imports,2040,0.0
Libya,Libya,EnergyTechFuelComplete,Peat,2040,0.0
Libya,Libya,EnergyTechFuelComplete,Waste,2040,0.0
Libya,Libya,EnergyTechFuelComplete,Methane,2040,0.0
Libya,Libya,EnergyTechFuelComplete,Solar,2040,0.0
Libya,Libya,EnergyTechFuelComplete,Solar,2040,0.0
Libya,Libya,EnergyTechFuelComplete,Nuclear,2041,0.0
Libya,Libya,EnergyTechFuelComplete,Gas,2041,35953.42168696609
Libya,Libya,EnergyTechFuelComplete,Gas,2041,0.0
Libya,Libya,EnergyTechFuelComplete,Gas,2041,0.0
Libya,Libya,EnergyTechFuelComplete,Gas,2041,0.0
Libya,Libya,EnergyTechFuelComplete,Gas,2041,0.0
Libya,Libya,EnergyTechFuelComplete,Gas,2041,23468.328351055585
Libya,Libya,EnergyTechFuelComplete,Gas,2041,0.0
Libya,Libya,EnergyTechFuelComplete,Gas,2041,8382.9517412065
Libya,Libya,EnergyTechFuelComplete,Gas,2041,0.0
Libya,Libya,EnergyTechFuelComplete,Gas,2041,0.0
Libya,Libya,EnergyTechFuelComplete,Gas,2041,0.0
Libya,Libya,EnergyTechFuelComplete,Gas,2041,0.0
Libya,Libya,EnergyTechFuelComplete,Gas,2041,0.0
Libya,Libya,EnergyTechFuelComplete,Coal,2041,0.0
Libya,Libya,EnergyTechFuelComplete,Coal,2041,0.0
Libya,Libya,EnergyTechFuelComplete,Coal,2041,0.0
Libya,Libya,EnergyTechFuelComplete,Coal,2041,0.0
Libya,Libya,EnergyTechFuelComplete,Geothermal,2041,0.0
Libya,Libya,EnergyTechFuelComplete,Geothermal,2041,0.0
Libya,Libya,EnergyTechFuelComplete,Diesel,2041,0.0
Libya,Libya,EnergyTechFuelComplete,Diesel,2041,0.0
Libya,Libya,EnergyTechFuelComplete,Diesel,2041,0.0
Libya,Libya,EnergyTechFuelComplete,Diesel,2041,0.0
Libya,Libya,EnergyTechFuelComplete,Diesel,2041,0.0
Libya,Libya,EnergyTechFuelComplete,Diesel,2041,33.036474594265165
Libya,Libya,EnergyTechFuelComplete,Diesel,2041,0.0
Libya,Libya,EnergyTechFuelComplete,Biomass,2041,0.0
Libya,Libya,EnergyTechFuelComplete,Biomass,2041,0.0
Libya,Libya,EnergyTechFuelComplete,Biomass,2041,0.0
Libya,Libya,EnergyTechFuelComplete,Reservoir,2041,0.0
Libya,Libya,EnergyTechFuelComplete,Reservoir,2041,0.0
Libya,Libya,EnergyTechFuelComplete,ROR,2041,0.0
Libya,Libya,EnergyTechFuelComplete,CSP,2041,0.0
Libya,Libya,EnergyTechFuelComplete,CSP,2041,0.0
Libya,Libya,EnergyTechFuelComplete,Offshore Wind,2041,0.0
Libya,Libya,EnergyTechFuelComplete,Onshore Wind,2041,0.0
Libya,Libya,EnergyTechFuelComplete,Onshore Wind,2041,14661.387929638991
Libya,Libya,EnergyTechFuelComplete,PV,2041,34199.58950914784
Libya,Libya,EnergyTechFuelComplete,PV,2041,0.0
Libya,Libya,EnergyTechFuelComplete,PV+Storage,2041,0.0
Libya,Libya,EnergyTechFuelComplete,Solar Thermal,2041,0.0
Libya,Libya,EnergyTechFuelComplete,Battery,2041,2123.3889247859843
Libya,Libya,EnergyTechFuelComplete,PSH,2041,0.0
Libya,Libya,EnergyTechFuelComplete,PSH,2041,0.0
Libya,Libya,EnergyTechFuelComplete,Imports,2041,0.0
Libya,Libya,EnergyTechFuelComplete,Peat,2041,0.0
Libya,Libya,EnergyTechFuelComplete,Waste,2041,0.0
Libya,Libya,EnergyTechFuelComplete,Methane,2041,0.0
Libya,Libya,EnergyTechFuelComplete,Solar,2041,0.0
Libya,Libya,EnergyTechFuelComplete,Solar,2041,0.0
Libya,Libya,EnergyTechFuelComplete,Nuclear,2042,0.0
Libya,Libya,EnergyTechFuelComplete,Gas,2042,37149.79379601497
Libya,Libya,EnergyTechFuelComplete,Gas,2042,0.0
Libya,Libya,EnergyTechFuelComplete,Gas,2042,0.0
Libya,Libya,EnergyTechFuelComplete,Gas,2042,0.0
Libya,Libya,EnergyTechFuelComplete,Gas,2042,0.0
Libya,Libya,EnergyTechFuelComplete,Gas,2042,19771.37865000216
Libya,Libya,EnergyTechFuelComplete,Gas,2042,0.0
Libya,Libya,EnergyTechFuelComplete,Gas,2042,8122.0617191572765
Libya,Libya,EnergyTechFuelComplete,Gas,2042,0.0
Libya,Libya,EnergyTechFuelComplete,Gas,2042,0.0
Libya,Libya,EnergyTechFuelComplete,Gas,2042,0.0
Libya,Libya,EnergyTechFuelComplete,Gas,2042,0.0
Libya,Libya,EnergyTechFuelComplete,Gas,2042,0.0
Libya,Libya,EnergyTechFuelComplete,Coal,2042,0.0
Libya,Libya,EnergyTechFuelComplete,Coal,2042,0.0
Libya,Libya,EnergyTechFuelComplete,Coal,2042,0.0
Libya,Libya,EnergyTechFuelComplete,Coal,2042,0.0
Libya,Libya,EnergyTechFuelComplete,Geothermal,2042,0.0
Libya,Libya,EnergyTechFuelComplete,Geothermal,2042,0.0
Libya,Libya,EnergyTechFuelComplete,Diesel,2042,0.0
Libya,Libya,EnergyTechFuelComplete,Diesel,2042,0.0
Libya,Libya,EnergyTechFuelComplete,Diesel,2042,0.0
Libya,Libya,EnergyTechFuelComplete,Diesel,2042,0.0
Libya,Libya,EnergyTechFuelComplete,Diesel,2042,0.0
Libya,Libya,EnergyTechFuelComplete,Diesel,2042,4.676386574298306
Libya,Libya,EnergyTechFuelComplete,Diesel,2042,0.0
Libya,Libya,EnergyTechFuelComplete,Biomass,2042,0.0
Libya,Libya,EnergyTechFuelComplete,Biomass,2042,0.0
Libya,Libya,EnergyTechFuelComplete,Biomass,2042,0.0
Libya,Libya,EnergyTechFuelComplete,Reservoir,2042,0.0
Libya,Libya,EnergyTechFuelComplete,Reservoir,2042,0.0
Libya,Libya,EnergyTechFuelComplete,ROR,2042,0.0
Libya,Libya,EnergyTechFuelComplete,CSP,2042,0.0
Libya,Libya,EnergyTechFuelComplete,CSP,2042,0.0
Libya,Libya,EnergyTechFuelComplete,Offshore Wind,2042,0.0
Libya,Libya,EnergyTechFuelComplete,Onshore Wind,2042,0.0
Libya,Libya,EnergyTechFuelComplete,Onshore Wind,2042,15994.241377787996
Libya,Libya,EnergyTechFuelComplete,PV,2042,37733.64623606265
Libya,Libya,EnergyTechFuelComplete,PV,2042,0.0
Libya,Libya,EnergyTechFuelComplete,PV+Storage,2042,0.0
Libya,Libya,EnergyTechFuelComplete,Solar Thermal,2042,0.0
Libya,Libya,EnergyTechFuelComplete,Battery,2042,2996.993420931736
Libya,Libya,EnergyTechFuelComplete,PSH,2042,0.0
Libya,Libya,EnergyTechFuelComplete,PSH,2042,0.0
Libya,Libya,EnergyTechFuelComplete,Imports,2042,0.0
Libya,Libya,EnergyTechFuelComplete,Peat,2042,0.0
Libya,Libya,EnergyTechFuelComplete,Waste,2042,0.0
Libya,Libya,EnergyTechFuelComplete,Methane,2042,0.0
Libya,Libya,EnergyTechFuelComplete,Solar,2042,0.0
Libya,Libya,EnergyTechFuelComplete,Solar,2042,0.0
Libya,Libya,EnergyTechFuelComplete,Nuclear,2043,0.0
Libya,Libya,EnergyTechFuelComplete,Gas,2043,38706.05087185614
Libya,Libya,EnergyTechFuelComplete,Gas,2043,0.0
Libya,Libya,EnergyTechFuelComplete,Gas,2043,0.0
Libya,Libya,EnergyTechFuelComplete,Gas,2043,0.0
Libya,Libya,EnergyTechFuelComplete,Gas,2043,0.0
Libya,Libya,EnergyTechFuelComplete,Gas,2043,18681.034823109014
Libya,Libya,EnergyTechFuelComplete,Gas,2043,0.0
Libya,Libya,EnergyTechFuelComplete,Gas,2043,8060.714045698533
Libya,Libya,EnergyTechFuelComplete,Gas,2043,0.0
Libya,Libya,EnergyTechFuelComplete,Gas,2043,0.0
Libya,Libya,EnergyTechFuelComplete,Gas,2043,0.0
Libya,Libya,EnergyTechFuelComplete,Gas,2043,0.0
Libya,Libya,EnergyTechFuelComplete,Gas,2043,0.0
Libya,Libya,EnergyTechFuelComplete,Coal,2043,0.0
Libya,Libya,EnergyTechFuelComplete,Coal,2043,0.0
Libya,Libya,EnergyTechFuelComplete,Coal,2043,0.0
Libya,Libya,EnergyTechFuelComplete,Coal,2043,0.0
Libya,Libya,EnergyTechFuelComplete,Geothermal,2043,0.0
Libya,Libya,EnergyTechFuelComplete,Geothermal,2043,0.0
Libya,Libya,EnergyTechFuelComplete,Diesel,2043,0.0
Libya,Libya,EnergyTechFuelComplete,Diesel,2043,0.0
Libya,Libya,EnergyTechFuelComplete,Diesel,2043,0.0
Libya,Libya,EnergyTechFuelComplete,Diesel,2043,0.0
Libya,Libya,EnergyTechFuelComplete,Diesel,2043,0.0
Libya,Libya,EnergyTechFuelComplete,Diesel,2043,0.0
Libya,Libya,EnergyTechFuelComplete,Diesel,2043,0.0
Libya,Libya,EnergyTechFuelComplete,Biomass,2043,0.0
Libya,Libya,EnergyTechFuelComplete,Biomass,2043,0.0
Libya,Libya,EnergyTechFuelComplete,Biomass,2043,0.0
Libya,Libya,EnergyTechFuelComplete,Reservoir,2043,0.0
Libya,Libya,EnergyTechFuelComplete,Reservoir,2043,0.0
Libya,Libya,EnergyTechFuelComplete,ROR,2043,0.0
Libya,Libya,EnergyTechFuelComplete,CSP,2043,0.0
Libya,Libya,EnergyTechFuelComplete,CSP,2043,0.0
Libya,Libya,EnergyTechFuelComplete,Offshore Wind,2043,0.0
Libya,Libya,EnergyTechFuelComplete,Onshore Wind,2043,0.0
Libya,Libya,EnergyTechFuelComplete,Onshore Wind,2043,17243.466113542505
Libya,Libya,EnergyTechFuelComplete,PV,2043,41031.11136638743
Libya,Libya,EnergyTechFuelComplete,PV,2043,0.0
Libya,Libya,EnergyTechFuelComplete,PV+Storage,2043,0.0
Libya,Libya,EnergyTechFuelComplete,Solar Thermal,2043,0.0
Libya,Libya,EnergyTechFuelComplete,Battery,2043,3764.804250030201
Libya,Libya,EnergyTechFuelComplete,PSH,2043,0.0
Libya,Libya,EnergyTechFuelComplete,PSH,2043,0.0
Libya,Libya,EnergyTechFuelComplete,Imports,2043,0.0
Libya,Libya,EnergyTechFuelComplete,Peat,2043,0.0
Libya,Libya,EnergyTechFuelComplete,Waste,2043,0.0
Libya,Libya,EnergyTechFuelComplete,Methane,2043,0.0
Libya,Libya,EnergyTechFuelComplete,Solar,2043,0.0
Libya,Libya,EnergyTechFuelComplete,Solar,2043,0.0
Libya,Libya,EnergyTechFuelComplete,Nuclear,2044,0.0
Libya,Libya,EnergyTechFuelComplete,Gas,2044,39924.20607484966
Libya,Libya,EnergyTechFuelComplete,Gas,2044,0.0
Libya,Libya,EnergyTechFuelComplete,Gas,2044,0.0
Libya,Libya,EnergyTechFuelComplete,Gas,2044,0.0
Libya,Libya,EnergyTechFuelComplete,Gas,2044,0.0
Libya,Libya,EnergyTechFuelComplete,Gas,2044,15012.32913552803
Libya,Libya,EnergyTechFuelComplete,Gas,2044,0.0
Libya,Libya,EnergyTechFuelComplete,Gas,2044,7641.542811254269
Libya,Libya,EnergyTechFuelComplete,Gas,2044,0.0
Libya,Libya,EnergyTechFuelComplete,Gas,2044,0.0
Libya,Libya,EnergyTechFuelComplete,Gas,2044,0.0
Libya,Libya,EnergyTechFuelComplete,Gas,2044,0.0
Libya,Libya,EnergyTechFuelComplete,Gas,2044,0.0
Libya,Libya,EnergyTechFuelComplete,Coal,2044,0.0
Libya,Libya,EnergyTechFuelComplete,Coal,2044,0.0
Libya,Libya,EnergyTechFuelComplete,Coal,2044,0.0
Libya,Libya,EnergyTechFuelComplete,Coal,2044,0.0
Libya,Libya,EnergyTechFuelComplete,Geothermal,2044,0.0
Libya,Libya,EnergyTechFuelComplete,Geothermal,2044,0.0
Libya,Libya,EnergyTechFuelComplete,Diesel,2044,0.0
Libya,Libya,EnergyTechFuelComplete,Diesel,2044,0.0
Libya,Libya,EnergyTechFuelComplete,Diesel,2044,0.0
Libya,Libya,EnergyTechFuelComplete,Diesel,2044,0.0
Libya,Libya,EnergyTechFuelComplete,Diesel,2044,0.0
Libya,Libya,EnergyTechFuelComplete,Diesel,2044,0.0
Libya,Libya,EnergyTechFuelComplete,Diesel,2044,0.0
Libya,Libya,EnergyTechFuelComplete,Biomass,2044,0.0
Libya,Libya,EnergyTechFuelComplete,Biomass,2044,0.0
Libya,Libya,EnergyTechFuelComplete,Biomass,2044,0.0
Libya,Libya,EnergyTechFuelComplete,Reservoir,2044,0.0
Libya,Libya,EnergyTechFuelComplete,Reservoir,2044,0.0
Libya,Libya,EnergyTechFuelComplete,ROR,2044,0.0
Libya,Libya,EnergyTechFuelComplete,CSP,2044,0.0
Libya,Libya,EnergyTechFuelComplete,CSP,2044,0.0
Libya,Libya,EnergyTechFuelComplete,Offshore Wind,2044,0.0
Libya,Libya,EnergyTechFuelComplete,Onshore Wind,2044,0.0
Libya,Libya,EnergyTechFuelComplete,Onshore Wind,2044,18276.491909018
Libya,Libya,EnergyTechFuelComplete,PV,2044,44262.12522799086
Libya,Libya,EnergyTechFuelComplete,PV,2044,0.0
Libya,Libya,EnergyTechFuelComplete,PV+Storage,2044,0.0
Libya,Libya,EnergyTechFuelComplete,Solar Thermal,2044,0.0
Libya,Libya,EnergyTechFuelComplete,Battery,2044,4510.410271312897
Libya,Libya,EnergyTechFuelComplete,PSH,2044,0.0
Libya,Libya,EnergyTechFuelComplete,PSH,2044,0.0
Libya,Libya,EnergyTechFuelComplete,Imports,2044,0.0
Libya,Libya,EnergyTechFuelComplete,Peat,2044,0.0
Libya,Libya,EnergyTechFuelComplete,Waste,2044,0.0
Libya,Libya,EnergyTechFuelComplete,Methane,2044,0.0
Libya,Libya,EnergyTechFuelComplete,Solar,2044,0.0
Libya,Libya,EnergyTechFuelComplete,Solar,2044,0.0
Libya,Libya,EnergyTechFuelComplete,Nuclear,2045,0.0
Libya,Libya,EnergyTechFuelComplete,Gas,2045,41080.63532195381
Libya,Libya,EnergyTechFuelComplete,Gas,2045,0.0
Libya,Libya,EnergyTechFuelComplete,Gas,2045,0.0
Libya,Libya,EnergyTechFuelComplete,Gas,2045,0.0
Libya,Libya,EnergyTechFuelComplete,Gas,2045,0.0
Libya,Libya,EnergyTechFuelComplete,Gas,2045,12691.978256813694
Libya,Libya,EnergyTechFuelComplete,Gas,2045,0.0
Libya,Libya,EnergyTechFuelComplete,Gas,2045,7449.599124907022
Libya,Libya,EnergyTechFuelComplete,Gas,2045,0.0
Libya,Libya,EnergyTechFuelComplete,Gas,2045,0.0
Libya,Libya,EnergyTechFuelComplete,Gas,2045,0.0
Libya,Libya,EnergyTechFuelComplete,Gas,2045,0.0
Libya,Libya,EnergyTechFuelComplete,Gas,2045,0.0
Libya,Libya,EnergyTechFuelComplete,Coal,2045,0.0
Libya,Libya,EnergyTechFuelComplete,Coal,2045,0.0
Libya,Libya,EnergyTechFuelComplete,Coal,2045,0.0
Libya,Libya,EnergyTechFuelComplete,Coal,2045,0.0
Libya,Libya,EnergyTechFuelComplete,Geothermal,2045,0.0
Libya,Libya,EnergyTechFuelComplete,Geothermal,2045,0.0
Libya,Libya,EnergyTechFuelComplete,Diesel,2045,0.0
Libya,Libya,EnergyTechFuelComplete,Diesel,2045,0.0
Libya,Libya,EnergyTechFuelComplete,Diesel,2045,0.0
Libya,Libya,EnergyTechFuelComplete,Diesel,2045,0.0
Libya,Libya,EnergyTechFuelComplete,Diesel,2045,0.0
Libya,Libya,EnergyTechFuelComplete,Diesel,2045,31.744
Libya,Libya,EnergyTechFuelComplete,Diesel,2045,0.0
Libya,Libya,EnergyTechFuelComplete,Biomass,2045,0.0
Libya,Libya,EnergyTechFuelComplete,Biomass,2045,0.0
Libya,Libya,EnergyTechFuelComplete,Biomass,2045,0.0
Libya,Libya,EnergyTechFuelComplete,Reservoir,2045,0.0
Libya,Libya,EnergyTechFuelComplete,Reservoir,2045,0.0
Libya,Libya,EnergyTechFuelComplete,ROR,2045,0.0
Libya,Libya,EnergyTechFuelComplete,CSP,2045,0.0
Libya,Libya,EnergyTechFuelComplete,CSP,2045,0.0
Libya,Libya,EnergyTechFuelComplete,Offshore Wind,2045,0.0
Libya,Libya,EnergyTechFuelComplete,Onshore Wind,2045,0.0
Libya,Libya,EnergyTechFuelComplete,Onshore Wind,2045,19075.046972490007
Libya,Libya,EnergyTechFuelComplete,PV,2045,47020.14616517773
Libya,Libya,EnergyTechFuelComplete,PV,2045,0.0
Libya,Libya,EnergyTechFuelComplete,PV+Storage,2045,0.0
Libya,Libya,EnergyTechFuelComplete,Solar Thermal,2045,0.0
Libya,Libya,EnergyTechFuelComplete,Battery,2045,5372.849100939344
Libya,Libya,EnergyTechFuelComplete,PSH,2045,0.0
Libya,Libya,EnergyTechFuelComplete,PSH,2045,0.0
Libya,Libya,EnergyTechFuelComplete,Imports,2045,0.0
Libya,Libya,EnergyTechFuelComplete,Peat,2045,0.0
Libya,Libya,EnergyTechFuelComplete,Waste,2045,0.0
Libya,Libya,EnergyTechFuelComplete,Methane,2045,0.0
Libya,Libya,EnergyTechFuelComplete,Solar,2045,0.0
Libya,Libya,EnergyTechFuelComplete,Solar,2045,0.0
Libya,Libya,EnergyTechFuelComplete,Nuclear,2046,0.0
Libya,Libya,EnergyTechFuelComplete,Gas,2046,41869.14932022212
Libya,Libya,EnergyTechFuelComplete,Gas,2046,0.0
Libya,Libya,EnergyTechFuelComplete,Gas,2046,0.0
Libya,Libya,EnergyTechFuelComplete,Gas,2046,0.0
Libya,Libya,EnergyTechFuelComplete,Gas,2046,0.0
Libya,Libya,EnergyTechFuelComplete,Gas,2046,8201.29531757521
Libya,Libya,EnergyTechFuelComplete,Gas,2046,0.0
Libya,Libya,EnergyTechFuelComplete,Gas,2046,6916.092385761603
Libya,Libya,EnergyTechFuelComplete,Gas,2046,0.0
Libya,Libya,EnergyTechFuelComplete,Gas,2046,0.0
Libya,Libya,EnergyTechFuelComplete,Gas,2046,0.0
Libya,Libya,EnergyTechFuelComplete,Gas,2046,0.0
Libya,Libya,EnergyTechFuelComplete,Gas,2046,0.0
Libya,Libya,EnergyTechFuelComplete,Coal,2046,0.0
Libya,Libya,EnergyTechFuelComplete,Coal,2046,0.0
Libya,Libya,EnergyTechFuelComplete,Coal,2046,0.0
Libya,Libya,EnergyTechFuelComplete,Coal,2046,0.0
Libya,Libya,EnergyTechFuelComplete,Geothermal,2046,0.0
Libya,Libya,EnergyTechFuelComplete,Geothermal,2046,0.0
Libya,Libya,EnergyTechFuelComplete,Diesel,2046,0.0
Libya,Libya,EnergyTechFuelComplete,Diesel,2046,0.0
Libya,Libya,EnergyTechFuelComplete,Diesel,2046,0.0
Libya,Libya,EnergyTechFuelComplete,Diesel,2046,0.0
Libya,Libya,EnergyTechFuelComplete,Diesel,2046,0.0
Libya,Libya,EnergyTechFuelComplete,Diesel,2046,0.0
Libya,Libya,EnergyTechFuelComplete,Diesel,2046,0.0
Libya,Libya,EnergyTechFuelComplete,Biomass,2046,0.0
Libya,Libya,EnergyTechFuelComplete,Biomass,2046,0.0
Libya,Libya,EnergyTechFuelComplete,Biomass,2046,0.0
Libya,Libya,EnergyTechFuelComplete,Reservoir,2046,0.0
Libya,Libya,EnergyTechFuelComplete,Reservoir,2046,0.0
Libya,Libya,EnergyTechFuelComplete,ROR,2046,0.0
Libya,Libya,EnergyTechFuelComplete,CSP,2046,0.0
Libya,Libya,EnergyTechFuelComplete,CSP,2046,0.0
Libya,Libya,EnergyTechFuelComplete,Offshore Wind,2046,0.0
Libya,Libya,EnergyTechFuelComplete,Onshore Wind,2046,0.0
Libya,Libya,EnergyTechFuelComplete,Onshore Wind,2046,19596.666831920003
Libya,Libya,EnergyTechFuelComplete,PV,2046,49743.178418763215
Libya,Libya,EnergyTechFuelComplete,PV,2046,0.0
Libya,Libya,EnergyTechFuelComplete,PV+Storage,2046,0.0
Libya,Libya,EnergyTechFuelComplete,Solar Thermal,2046,0.0
Libya,Libya,EnergyTechFuelComplete,Battery,2046,6036.599554038903
Libya,Libya,EnergyTechFuelComplete,PSH,2046,0.0
Libya,Libya,EnergyTechFuelComplete,PSH,2046,0.0
Libya,Libya,EnergyTechFuelComplete,Imports,2046,0.0
Libya,Libya,EnergyTechFuelComplete,Peat,2046,0.0
Libya,Libya,EnergyTechFuelComplete,Waste,2046,0.0
Libya,Libya,EnergyTechFuelComplete,Methane,2046,0.0
Libya,Libya,EnergyTechFuelComplete,Solar,2046,0.0
Libya,Libya,EnergyTechFuelComplete,Solar,2046,0.0
Libya,Libya,EnergyTechFuelComplete,Nuclear,2047,0.0
Libya,Libya,EnergyTechFuelComplete,Gas,2047,43132.96161023366
Libya,Libya,EnergyTechFuelComplete,Gas,2047,0.0
Libya,Libya,EnergyTechFuelComplete,Gas,2047,0.0
Libya,Libya,EnergyTechFuelComplete,Gas,2047,0.0
Libya,Libya,EnergyTechFuelComplete,Gas,2047,0.0
Libya,Libya,EnergyTechFuelComplete,Gas,2047,6480.981974386547
Libya,Libya,EnergyTechFuelComplete,Gas,2047,0.0
Libya,Libya,EnergyTechFuelComplete,Gas,2047,6298.297088818
Libya,Libya,EnergyTechFuelComplete,Gas,2047,0.0
Libya,Libya,EnergyTechFuelComplete,Gas,2047,0.0
Libya,Libya,EnergyTechFuelComplete,Gas,2047,0.0
Libya,Libya,EnergyTechFuelComplete,Gas,2047,0.0
Libya,Libya,EnergyTechFuelComplete,Gas,2047,0.0
Libya,Libya,EnergyTechFuelComplete,Coal,2047,0.0
Libya,Libya,EnergyTechFuelComplete,Coal,2047,0.0
Libya,Libya,EnergyTechFuelComplete,Coal,2047,0.0
Libya,Libya,EnergyTechFuelComplete,Coal,2047,0.0
Libya,Libya,EnergyTechFuelComplete,Geothermal,2047,0.0
Libya,Libya,EnergyTechFuelComplete,Geothermal,2047,0.0
Libya,Libya,EnergyTechFuelComplete,Diesel,2047,0.0
Libya,Libya,EnergyTechFuelComplete,Diesel,2047,0.0
Libya,Libya,EnergyTechFuelComplete,Diesel,2047,0.0
Libya,Libya,EnergyTechFuelComplete,Diesel,2047,0.0
Libya,Libya,EnergyTechFuelComplete,Diesel,2047,0.0
Libya,Libya,EnergyTechFuelComplete,Diesel,2047,99.37768978489063
Libya,Libya,EnergyTechFuelComplete,Diesel,2047,0.0
Libya,Libya,EnergyTechFuelComplete,Biomass,2047,0.0
Libya,Libya,EnergyTechFuelComplete,Biomass,2047,0.0
Libya,Libya,EnergyTechFuelComplete,Biomass,2047,0.0
Libya,Libya,EnergyTechFuelComplete,Reservoir,2047,0.0
Libya,Libya,EnergyTechFuelComplete,Reservoir,2047,0.0
Libya,Libya,EnergyTechFuelComplete,ROR,2047,0.0
Libya,Libya,EnergyTechFuelComplete,CSP,2047,0.0
Libya,Libya,EnergyTechFuelComplete,CSP,2047,0.0
Libya,Libya,EnergyTechFuelComplete,Offshore Wind,2047,0.0
Libya,Libya,EnergyTechFuelComplete,Onshore Wind,2047,0.0
Libya,Libya,EnergyTechFuelComplete,Onshore Wind,2047,20710.01889943301
Libya,Libya,EnergyTechFuelComplete,PV,2047,51690.780102642726
Libya,Libya,EnergyTechFuelComplete,PV,2047,0.0
Libya,Libya,EnergyTechFuelComplete,PV+Storage,2047,0.0
Libya,Libya,EnergyTechFuelComplete,Solar Thermal,2047,0.0
Libya,Libya,EnergyTechFuelComplete,Battery,2047,6864.698403359422
Libya,Libya,EnergyTechFuelComplete,PSH,2047,0.0
Libya,Libya,EnergyTechFuelComplete,PSH,2047,0.0
Libya,Libya,EnergyTechFuelComplete,Imports,2047,0.0
Libya,Libya,EnergyTechFuelComplete,Peat,2047,0.0
Libya,Libya,EnergyTechFuelComplete,Waste,2047,0.0
Libya,Libya,EnergyTechFuelComplete,Methane,2047,0.0
Libya,Libya,EnergyTechFuelComplete,Solar,2047,0.0
Libya,Libya,EnergyTechFuelComplete,Solar,2047,0.0
Libya,Libya,EnergyTechFuelComplete,Nuclear,2048,0.0
Libya,Libya,EnergyTechFuelComplete,Gas,2048,43895.471357921975
Libya,Libya,EnergyTechFuelComplete,Gas,2048,0.0
Libya,Libya,EnergyTechFuelComplete,Gas,2048,0.0
Libya,Libya,EnergyTechFuelComplete,Gas,2048,0.0
Libya,Libya,EnergyTechFuelComplete,Gas,2048,0.0
Libya,Libya,EnergyTechFuelComplete,Gas,2048,3918.516248466947
Libya,Libya,EnergyTechFuelComplete,Gas,2048,0.0
Libya,Libya,EnergyTechFuelComplete,Gas,2048,4618.568170581909
Libya,Libya,EnergyTechFuelComplete,Gas,2048,0.0
Libya,Libya,EnergyTechFuelComplete,Gas,2048,0.0
Libya,Libya,EnergyTechFuelComplete,Gas,2048,0.0
Libya,Libya,EnergyTechFuelComplete,Gas,2048,0.0
Libya,Libya,EnergyTechFuelComplete,Gas,2048,0.0
Libya,Libya,EnergyTechFuelComplete,Coal,2048,0.0
Libya,Libya,EnergyTechFuelComplete,Coal,2048,0.0
Libya,Libya,EnergyTechFuelComplete,Coal,2048,0.0
Libya,Libya,EnergyTechFuelComplete,Coal,2048,0.0
Libya,Libya,EnergyTechFuelComplete,Geothermal,2048,0.0
Libya,Libya,EnergyTechFuelComplete,Geothermal,2048,0.0
Libya,Libya,EnergyTechFuelComplete,Diesel,2048,0.0
Libya,Libya,EnergyTechFuelComplete,Diesel,2048,0.0
Libya,Libya,EnergyTechFuelComplete,Diesel,2048,0.0
Libya,Libya,EnergyTechFuelComplete,Diesel,2048,0.0
Libya,Libya,EnergyTechFuelComplete,Diesel,2048,0.0
Libya,Libya,EnergyTechFuelComplete,Diesel,2048,31.744
Libya,Libya,EnergyTechFuelComplete,Diesel,2048,0.0
Libya,Libya,EnergyTechFuelComplete,Biomass,2048,0.0
Libya,Libya,EnergyTechFuelComplete,Biomass,2048,0.0
Libya,Libya,EnergyTechFuelComplete,Biomass,2048,0.0
Libya,Libya,EnergyTechFuelComplete,Reservoir,2048,0.0
Libya,Libya,EnergyTechFuelComplete,Reservoir,2048,0.0
Libya,Libya,EnergyTechFuelComplete,ROR,2048,0.0
Libya,Libya,EnergyTechFuelComplete,CSP,2048,0.0
Libya,Libya,EnergyTechFuelComplete,CSP,2048,0.0
Libya,Libya,EnergyTechFuelComplete,Offshore Wind,2048,0.0
Libya,Libya,EnergyTechFuelComplete,Onshore Wind,2048,0.0
Libya,Libya,EnergyTechFuelComplete,Onshore Wind,2048,21378.408479616523
Libya,Libya,EnergyTechFuelComplete,PV,2048,53756.94023579775
Libya,Libya,EnergyTechFuelComplete,PV,2048,0.0
Libya,Libya,EnergyTechFuelComplete,PV+Storage,2048,0.0
Libya,Libya,EnergyTechFuelComplete,Solar Thermal,2048,0.0
Libya,Libya,EnergyTechFuelComplete,Battery,2048,7732.560132460002
Libya,Libya,EnergyTechFuelComplete,PSH,2048,0.0
Libya,Libya,EnergyTechFuelComplete,PSH,2048,0.0
Libya,Libya,EnergyTechFuelComplete,Imports,2048,0.0
Libya,Libya,EnergyTechFuelComplete,Peat,2048,0.0
Libya,Libya,EnergyTechFuelComplete,Waste,2048,0.0
Libya,Libya,EnergyTechFuelComplete,Methane,2048,0.0
Libya,Libya,EnergyTechFuelComplete,Solar,2048,0.0
Libya,Libya,EnergyTechFuelComplete,Solar,2048,0.0
Libya,Libya,EnergyTechFuelComplete,Nuclear,2049,0.0
Libya,Libya,EnergyTechFuelComplete,Gas,2049,45255.535305847545
Libya,Libya,EnergyTechFuelComplete,Gas,2049,0.0
Libya,Libya,EnergyTechFuelComplete,Gas,2049,0.0
Libya,Libya,EnergyTechFuelComplete,Gas,2049,0.0
Libya,Libya,EnergyTechFuelComplete,Gas,2049,0.0
Libya,Libya,EnergyTechFuelComplete,Gas,2049,3296.26356738391
Libya,Libya,EnergyTechFuelComplete,Gas,2049,0.0
Libya,Libya,EnergyTechFuelComplete,Gas,2049,3692.1779264403226
Libya,Libya,EnergyTechFuelComplete,Gas,2049,0.0
Libya,Libya,EnergyTechFuelComplete,Gas,2049,0.0
Libya,Libya,EnergyTechFuelComplete,Gas,2049,0.0
Libya,Libya,EnergyTechFuelComplete,Gas,2049,0.0
Libya,Libya,EnergyTechFuelComplete,Gas,2049,0.0
Libya,Libya,EnergyTechFuelComplete,Coal,2049,0.0
Libya,Libya,EnergyTechFuelComplete,Coal,2049,0.0
Libya,Libya,EnergyTechFuelComplete,Coal,2049,0.0
Libya,Libya,EnergyTechFuelComplete,Coal,2049,0.0
Libya,Libya,EnergyTechFuelComplete,Geothermal,2049,0.0
Libya,Libya,EnergyTechFuelComplete,Geothermal,2049,0.0
Libya,Libya,EnergyTechFuelComplete,Diesel,2049,0.0
Libya,Libya,EnergyTechFuelComplete,Diesel,2049,0.0
Libya,Libya,EnergyTechFuelComplete,Diesel,2049,0.0
Libya,Libya,EnergyTechFuelComplete,Diesel,2049,0.0
Libya,Libya,EnergyTechFuelComplete,Diesel,2049,0.0
Libya,Libya,EnergyTechFuelComplete,Diesel,2049,23.098902921145
Libya,Libya,EnergyTechFuelComplete,Diesel,2049,0.0
Libya,Libya,EnergyTechFuelComplete,Biomass,2049,0.0
Libya,Libya,EnergyTechFuelComplete,Biomass,2049,0.0
Libya,Libya,EnergyTechFuelComplete,Biomass,2049,0.0
Libya,Libya,EnergyTechFuelComplete,Reservoir,2049,0.0
Libya,Libya,EnergyTechFuelComplete,Reservoir,2049,0.0
Libya,Libya,EnergyTechFuelComplete,ROR,2049,0.0
Libya,Libya,EnergyTechFuelComplete,CSP,2049,0.0
Libya,Libya,EnergyTechFuelComplete,CSP,2049,0.0
Libya,Libya,EnergyTechFuelComplete,Offshore Wind,2049,0.0
Libya,Libya,EnergyTechFuelComplete,Onshore Wind,2049,0.0
Libya,Libya,EnergyTechFuelComplete,Onshore Wind,2049,22655.45813549785
Libya,Libya,EnergyTechFuelComplete,PV,2049,54653.571621314935
Libya,Libya,EnergyTechFuelComplete,PV,2049,0.0
Libya,Libya,EnergyTechFuelComplete,PV+Storage,2049,0.0
Libya,Libya,EnergyTechFuelComplete,Solar Thermal,2049,0.0
Libya,Libya,EnergyTechFuelComplete,Battery,2049,8919.930936632923
Libya,Libya,EnergyTechFuelComplete,PSH,2049,0.0
Libya,Libya,EnergyTechFuelComplete,PSH,2049,0.0
Libya,Libya,EnergyTechFuelComplete,Imports,2049,0.0
Libya,Libya,EnergyTechFuelComplete,Peat,2049,0.0
Libya,Libya,EnergyTechFuelComplete,Waste,2049,0.0
Libya,Libya,EnergyTechFuelComplete,Methane,2049,0.0
Libya,Libya,EnergyTechFuelComplete,Solar,2049,0.0
Libya,Libya,EnergyTechFuelComplete,Solar,2049,0.0
Libya,Libya,EnergyTechFuelComplete,Nuclear,2050,0.0
Libya,Libya,EnergyTechFuelComplete,Gas,2050,43945.17746246039
Libya,Libya,EnergyTechFuelComplete,Gas,2050,0.0
Libya,Libya,EnergyTechFuelComplete,Gas,2050,0.0
Libya,Libya,EnergyTechFuelComplete,Gas,2050,0.0
Libya,Libya,EnergyTechFuelComplete,Gas,2050,0.0
Libya,Libya,EnergyTechFuelComplete,Gas,2050,2670.529700886122
Libya,Libya,EnergyTechFuelComplete,Gas,2050,0.0
Libya,Libya,EnergyTechFuelComplete,Gas,2050,2905.736022075692
Libya,Libya,EnergyTechFuelComplete,Gas,2050,0.0
Libya,Libya,EnergyTechFuelComplete,Gas,2050,0.0
Libya,Libya,EnergyTechFuelComplete,Gas,2050,0.0
Libya,Libya,EnergyTechFuelComplete,Gas,2050,0.0
Libya,Libya,EnergyTechFuelComplete,Gas,2050,0.0
Libya,Libya,EnergyTechFuelComplete,Coal,2050,0.0
Libya,Libya,EnergyTechFuelComplete,Coal,2050,0.0
Libya,Libya,EnergyTechFuelComplete,Coal,2050,0.0
Libya,Libya,EnergyTechFuelComplete,Coal,2050,0.0
Libya,Libya,EnergyTechFuelComplete,Geothermal,2050,0.0
Libya,Libya,EnergyTechFuelComplete,Geothermal,2050,0.0
Libya,Libya,EnergyTechFuelComplete,Diesel,2050,0.0
Libya,Libya,EnergyTechFuelComplete,Diesel,2050,0.0
Libya,Libya,EnergyTechFuelComplete,Diesel,2050,0.0
Libya,Libya,EnergyTechFuelComplete,Diesel,2050,0.0
Libya,Libya,EnergyTechFuelComplete,Diesel,2050,0.0
Libya,Libya,EnergyTechFuelComplete,Diesel,2050,0.0
Libya,Libya,EnergyTechFuelComplete,Diesel,2050,0.0
Libya,Libya,EnergyTechFuelComplete,Biomass,2050,0.0
Libya,Libya,EnergyTechFuelComplete,Biomass,2050,0.0
Libya,Libya,EnergyTechFuelComplete,Biomass,2050,0.0
Libya,Libya,EnergyTechFuelComplete,Reservoir,2050,0.0
Libya,Libya,EnergyTechFuelComplete,Reservoir,2050,0.0
Libya,Libya,EnergyTechFuelComplete,ROR,2050,0.0
Libya,Libya,EnergyTechFuelComplete,CSP,2050,0.0
Libya,Libya,EnergyTechFuelComplete,CSP,2050,0.0
Libya,Libya,EnergyTechFuelComplete,Offshore Wind,2050,0.0
Libya,Libya,EnergyTechFuelComplete,Onshore Wind,2050,0.0
Libya,Libya,EnergyTechFuelComplete,Onshore Wind,2050,23891.200931523465
Libya,Libya,EnergyTechFuelComplete,PV,2050,55450.00852306448
Libya,Libya,EnergyTechFuelComplete,PV,2050,0.0
Libya,Libya,EnergyTechFuelComplete,PV+Storage,2050,0.0
Libya,Libya,EnergyTechFuelComplete,Solar Thermal,2050,0.0
Libya,Libya,EnergyTechFuelComplete,Battery,2050,9324.230968087117
Libya,Libya,EnergyTechFuelComplete,PSH,2050,0.0
Libya,Libya,EnergyTechFuelComplete,PSH,2050,0.0
Libya,Libya,EnergyTechFuelComplete,Imports,2050,0.0
Libya,Libya,EnergyTechFuelComplete,Peat,2050,0.0
Libya,Libya,EnergyTechFuelComplete,Waste,2050,0.0
Libya,Libya,EnergyTechFuelComplete,Methane,2050,0.0
Libya,Libya,EnergyTechFuelComplete,Solar,2050,0.0
Libya,Libya,EnergyTechFuelComplete,Solar,2050,0.0
Libya,Libya,NewCapacityTechFuel,Nuclear,2028,0.0
Libya,Libya,NewCapacityTechFuel,Gas,2028,0.0
Libya,Libya,NewCapacityTechFuel,Gas,2028,0.0
Libya,Libya,NewCapacityTechFuel,Gas,2028,0.0
Libya,Libya,NewCapacityTechFuel,Gas,2028,0.0
Libya,Libya,NewCapacityTechFuel,Gas,2028,0.0
Libya,Libya,NewCapacityTechFuel,Gas,2028,1320.0
Libya,Libya,NewCapacityTechFuel,Gas,2028,0.0
Libya,Libya,NewCapacityTechFuel,Gas,2028,0.0
Libya,Libya,NewCapacityTechFuel,Gas,2028,0.0
Libya,Libya,NewCapacityTechFuel,Gas,2028,0.0
Libya,Libya,NewCapacityTechFuel,Gas,2028,0.0
Libya,Libya,NewCapacityTechFuel,Gas,2028,0.0
Libya,Libya,NewCapacityTechFuel,Gas,2028,0.0
Libya,Libya,NewCapacityTechFuel,Coal,2028,0.0
Libya,Libya,NewCapacityTechFuel,Coal,2028,0.0
Libya,Libya,NewCapacityTechFuel,Coal,2028,0.0
Libya,Libya,NewCapacityTechFuel,Coal,2028,0.0
Libya,Libya,NewCapacityTechFuel,Geothermal,2028,0.0
Libya,Libya,NewCapacityTechFuel,Geothermal,2028,0.0
Libya,Libya,NewCapacityTechFuel,Diesel,2028,0.0
Libya,Libya,NewCapacityTechFuel,Diesel,2028,0.0
Libya,Libya,NewCapacityTechFuel,Diesel,2028,0.0
Libya,Libya,NewCapacityTechFuel,Diesel,2028,0.0
Libya,Libya,NewCapacityTechFuel,Diesel,2028,0.0
Libya,Libya,NewCapacityTechFuel,Diesel,2028,0.0
Libya,Libya,NewCapacityTechFuel,Diesel,2028,0.0
Libya,Libya,NewCapacityTechFuel,Biomass,2028,0.0
Libya,Libya,NewCapacityTechFuel,Biomass,2028,0.0
Libya,Libya,NewCapacityTechFuel,Biomass,2028,0.0
Libya,Libya,NewCapacityTechFuel,Reservoir,2028,0.0
Libya,Libya,NewCapacityTechFuel,Reservoir,2028,0.0
Libya,Libya,NewCapacityTechFuel,ROR,2028,0.0
Libya,Libya,NewCapacityTechFuel,CSP,2028,0.0
Libya,Libya,NewCapacityTechFuel,CSP,2028,0.0
Libya,Libya,NewCapacityTechFuel,Offshore Wind,2028,0.0
Libya,Libya,NewCapacityTechFuel,Onshore Wind,2028,0.0
Libya,Libya,NewCapacityTechFuel,Onshore Wind,2028,0.0
Libya,Libya,NewCapacityTechFuel,PV,2028,500.0
Libya,Libya,NewCapacityTechFuel,PV,2028,0.0
Libya,Libya,NewCapacityTechFuel,PV+Storage,2028,0.0
Libya,Libya,NewCapacityTechFuel,Solar Thermal,2028,0.0
Libya,Libya,NewCapacityTechFuel,Battery,2028,0.0
Libya,Libya,NewCapacityTechFuel,PSH,2028,0.0
Libya,Libya,NewCapacityTechFuel,PSH,2028,0.0
Libya,Libya,NewCapacityTechFuel,Imports,2028,0.0
Libya,Libya,NewCapacityTechFuel,Peat,2028,0.0
Libya,Libya,NewCapacityTechFuel,Waste,2028,0.0
Libya,Libya,NewCapacityTechFuel,Methane,2028,0.0
Libya,Libya,NewCapacityTechFuel,Solar,2028,0.0
Libya,Libya,NewCapacityTechFuel,Solar,2028,0.0
Libya,Libya,NewCapacityTechFuel,Nuclear,2029,0.0
Libya,Libya,NewCapacityTechFuel,Gas,2029,400.0
Libya,Libya,NewCapacityTechFuel,Gas,2029,0.0
Libya,Libya,NewCapacityTechFuel,Gas,2029,0.0
Libya,Libya,NewCapacityTechFuel,Gas,2029,0.0
Libya,Libya,NewCapacityTechFuel,Gas,2029,0.0
Libya,Libya,NewCapacityTechFuel,Gas,2029,0.0
Libya,Libya,NewCapacityTechFuel,Gas,2029,0.0
Libya,Libya,NewCapacityTechFuel,Gas,2029,0.0
Libya,Libya,NewCapacityTechFuel,Gas,2029,0.0
Libya,Libya,NewCapacityTechFuel,Gas,2029,0.0
Libya,Libya,NewCapacityTechFuel,Gas,2029,0.0
Libya,Libya,NewCapacityTechFuel,Gas,2029,0.0
Libya,Libya,NewCapacityTechFuel,Gas,2029,0.0
Libya,Libya,NewCapacityTechFuel,Coal,2029,0.0
Libya,Libya,NewCapacityTechFuel,Coal,2029,0.0
Libya,Libya,NewCapacityTechFuel,Coal,2029,0.0
Libya,Libya,NewCapacityTechFuel,Coal,2029,0.0
Libya,Libya,NewCapacityTechFuel,Geothermal,2029,0.0
Libya,Libya,NewCapacityTechFuel,Geothermal,2029,0.0
Libya,Libya,NewCapacityTechFuel,Diesel,2029,0.0
Libya,Libya,NewCapacityTechFuel,Diesel,2029,0.0
Libya,Libya,NewCapacityTechFuel,Diesel,2029,0.0
Libya,Libya,NewCapacityTechFuel,Diesel,2029,0.0
Libya,Libya,NewCapacityTechFuel,Diesel,2029,0.0
Libya,Libya,NewCapacityTechFuel,Diesel,2029,0.0
Libya,Libya,NewCapacityTechFuel,Diesel,2029,0.0
Libya,Libya,NewCapacityTechFuel,Biomass,2029,0.0
Libya,Libya,NewCapacityTechFuel,Biomass,2029,0.0
Libya,Libya,NewCapacityTechFuel,Biomass,2029,0.0
Libya,Libya,NewCapacityTechFuel,Reservoir,2029,0.0
Libya,Libya,NewCapacityTechFuel,Reservoir,2029,0.0
Libya,Libya,NewCapacityTechFuel,ROR,2029,0.0
Libya,Libya,NewCapacityTechFuel,CSP,2029,0.0
Libya,Libya,NewCapacityTechFuel,CSP,2029,0.0
Libya,Libya,NewCapacityTechFuel,Offshore Wind,2029,0.0
Libya,Libya,NewCapacityTechFuel,Onshore Wind,2029,0.0
Libya,Libya,NewCapacityTechFuel,Onshore Wind,2029,0.0
Libya,Libya,NewCapacityTechFuel,PV,2029,500.0
Libya,Libya,NewCapacityTechFuel,PV,2029,0.0
Libya,Libya,NewCapacityTechFuel,PV+Storage,2029,0.0
Libya,Libya,NewCapacityTechFuel,Solar Thermal,2029,0.0
Libya,Libya,NewCapacityTechFuel,Battery,2029,0.0
Libya,Libya,NewCapacityTechFuel,PSH,2029,0.0
Libya,Libya,NewCapacityTechFuel,PSH,2029,0.0
Libya,Libya,NewCapacityTechFuel,Imports,2029,0.0
Libya,Libya,NewCapacityTechFuel,Peat,2029,0.0
Libya,Libya,NewCapacityTechFuel,Waste,2029,0.0
Libya,Libya,NewCapacityTechFuel,Methane,2029,0.0
Libya,Libya,NewCapacityTechFuel,Solar,2029,0.0
Libya,Libya,NewCapacityTechFuel,Solar,2029,0.0
Libya,Libya,NewCapacityTechFuel,Nuclear,2030,0.0
Libya,Libya,NewCapacityTechFuel,Gas,2030,400.0
Libya,Libya,NewCapacityTechFuel,Gas,2030,0.0
Libya,Libya,NewCapacityTechFuel,Gas,2030,0.0
Libya,Libya,NewCapacityTechFuel,Gas,2030,0.0
Libya,Libya,NewCapacityTechFuel,Gas,2030,0.0
Libya,Libya,NewCapacityTechFuel,Gas,2030,0.0
Libya,Libya,NewCapacityTechFuel,Gas,2030,0.0
Libya,Libya,NewCapacityTechFuel,Gas,2030,0.0
Libya,Libya,NewCapacityTechFuel,Gas,2030,0.0
Libya,Libya,NewCapacityTechFuel,Gas,2030,0.0
Libya,Libya,NewCapacityTechFuel,Gas,2030,0.0
Libya,Libya,NewCapacityTechFuel,Gas,2030,0.0
Libya,Libya,NewCapacityTechFuel,Gas,2030,0.0
Libya,Libya,NewCapacityTechFuel,Coal,2030,0.0
Libya,Libya,NewCapacityTechFuel,Coal,2030,0.0
Libya,Libya,NewCapacityTechFuel,Coal,2030,0.0
Libya,Libya,NewCapacityTechFuel,Coal,2030,0.0
Libya,Libya,NewCapacityTechFuel,Geothermal,2030,0.0
Libya,Libya,NewCapacityTechFuel,Geothermal,2030,0.0
Libya,Libya,NewCapacityTechFuel,Diesel,2030,0.0
Libya,Libya,NewCapacityTechFuel,Diesel,2030,0.0
Libya,Libya,NewCapacityTechFuel,Diesel,2030,0.0
Libya,Libya,NewCapacityTechFuel,Diesel,2030,0.0
Libya,Libya,NewCapacityTechFuel,Diesel,2030,0.0
Libya,Libya,NewCapacityTechFuel,Diesel,2030,0.0
Libya,Libya,NewCapacityTechFuel,Diesel,2030,0.0
Libya,Libya,NewCapacityTechFuel,Biomass,2030,0.0
Libya,Libya,NewCapacityTechFuel,Biomass,2030,0.0
Libya,Libya,NewCapacityTechFuel,Biomass,2030,0.0
Libya,Libya,NewCapacityTechFuel,Reservoir,2030,0.0
Libya,Libya,NewCapacityTechFuel,Reservoir,2030,0.0
Libya,Libya,NewCapacityTechFuel,ROR,2030,0.0
Libya,Libya,NewCapacityTechFuel,CSP,2030,0.0
Libya,Libya,NewCapacityTechFuel,CSP,2030,0.0
Libya,Libya,NewCapacityTechFuel,Offshore Wind,2030,0.0
Libya,Libya,NewCapacityTechFuel,Onshore Wind,2030,0.0
Libya,Libya,NewCapacityTechFuel,Onshore Wind,2030,0.0
Libya,Libya,NewCapacityTechFuel,PV,2030,500.0
Libya,Libya,NewCapacityTechFuel,PV,2030,0.0
Libya,Libya,NewCapacityTechFuel,PV+Storage,2030,0.0
Libya,Libya,NewCapacityTechFuel,Solar Thermal,2030,0.0
Libya,Libya,NewCapacityTechFuel,Battery,2030,0.0
Libya,Libya,NewCapacityTechFuel,PSH,2030,0.0
Libya,Libya,NewCapacityTechFuel,PSH,2030,0.0
Libya,Libya,NewCapacityTechFuel,Imports,2030,0.0
Libya,Libya,NewCapacityTechFuel,Peat,2030,0.0
Libya,Libya,NewCapacityTechFuel,Waste,2030,0.0
Libya,Libya,NewCapacityTechFuel,Methane,2030,0.0
Libya,Libya,NewCapacityTechFuel,Solar,2030,0.0
Libya,Libya,NewCapacityTechFuel,Solar,2030,0.0
Libya,Libya,NewCapacityTechFuel,Nuclear,2031,0.0
Libya,Libya,NewCapacityTechFuel,Gas,2031,400.0
Libya,Libya,NewCapacityTechFuel,Gas,2031,0.0
Libya,Libya,NewCapacityTechFuel,Gas,2031,0.0
Libya,Libya,NewCapacityTechFuel,Gas,2031,0.0
Libya,Libya,NewCapacityTechFuel,Gas,2031,0.0
Libya,Libya,NewCapacityTechFuel,Gas,2031,0.0
Libya,Libya,NewCapacityTechFuel,Gas,2031,0.0
Libya,Libya,NewCapacityTechFuel,Gas,2031,0.0
Libya,Libya,NewCapacityTechFuel,Gas,2031,0.0
Libya,Libya,NewCapacityTechFuel,Gas,2031,0.0
Libya,Libya,NewCapacityTechFuel,Gas,2031,0.0
Libya,Libya,NewCapacityTechFuel,Gas,2031,0.0
Libya,Libya,NewCapacityTechFuel,Gas,2031,0.0
Libya,Libya,NewCapacityTechFuel,Coal,2031,0.0
Libya,Libya,NewCapacityTechFuel,Coal,2031,0.0
Libya,Libya,NewCapacityTechFuel,Coal,2031,0.0
Libya,Libya,NewCapacityTechFuel,Coal,2031,0.0
Libya,Libya,NewCapacityTechFuel,Geothermal,2031,0.0
Libya,Libya,NewCapacityTechFuel,Geothermal,2031,0.0
Libya,Libya,NewCapacityTechFuel,Diesel,2031,0.0
Libya,Libya,NewCapacityTechFuel,Diesel,2031,0.0
Libya,Libya,NewCapacityTechFuel,Diesel,2031,0.0
Libya,Libya,NewCapacityTechFuel,Diesel,2031,0.0
Libya,Libya,NewCapacityTechFuel,Diesel,2031,0.0
Libya,Libya,NewCapacityTechFuel,Diesel,2031,0.0
Libya,Libya,NewCapacityTechFuel,Diesel,2031,0.0
Libya,Libya,NewCapacityTechFuel,Biomass,2031,0.0
Libya,Libya,NewCapacityTechFuel,Biomass,2031,0.0
Libya,Libya,NewCapacityTechFuel,Biomass,2031,0.0
Libya,Libya,NewCapacityTechFuel,Reservoir,2031,0.0
Libya,Libya,NewCapacityTechFuel,Reservoir,2031,0.0
Libya,Libya,NewCapacityTechFuel,ROR,2031,0.0
Libya,Libya,NewCapacityTechFuel,CSP,2031,0.0
Libya,Libya,NewCapacityTechFuel,CSP,2031,0.0
Libya,Libya,NewCapacityTechFuel,Offshore Wind,2031,0.0
Libya,Libya,NewCapacityTechFuel,Onshore Wind,2031,0.0
Libya,Libya,NewCapacityTechFuel,Onshore Wind,2031,500.0
Libya,Libya,NewCapacityTechFuel,PV,2031,500.0
Libya,Libya,NewCapacityTechFuel,PV,2031,0.0
Libya,Libya,NewCapacityTechFuel,PV+Storage,2031,0.0
Libya,Libya,NewCapacityTechFuel,Solar Thermal,2031,0.0
Libya,Libya,NewCapacityTechFuel,Battery,2031,0.0
Libya,Libya,NewCapacityTechFuel,PSH,2031,0.0
Libya,Libya,NewCapacityTechFuel,PSH,2031,0.0
Libya,Libya,NewCapacityTechFuel,Imports,2031,0.0
Libya,Libya,NewCapacityTechFuel,Peat,2031,0.0
Libya,Libya,NewCapacityTechFuel,Waste,2031,0.0
Libya,Libya,NewCapacityTechFuel,Methane,2031,0.0
Libya,Libya,NewCapacityTechFuel,Solar,2031,0.0
Libya,Libya,NewCapacityTechFuel,Solar,2031,0.0
Libya,Libya,NewCapacityTechFuel,Nuclear,2032,0.0
Libya,Libya,NewCapacityTechFuel,Gas,2032,400.0
Libya,Libya,NewCapacityTechFuel,Gas,2032,0.0
Libya,Libya,NewCapacityTechFuel,Gas,2032,0.0
Libya,Libya,NewCapacityTechFuel,Gas,2032,0.0
Libya,Libya,NewCapacityTechFuel,Gas,2032,0.0
Libya,Libya,NewCapacityTechFuel,Gas,2032,0.0
Libya,Libya,NewCapacityTechFuel,Gas,2032,0.0
Libya,Libya,NewCapacityTechFuel,Gas,2032,0.0
Libya,Libya,NewCapacityTechFuel,Gas,2032,0.0
Libya,Libya,NewCapacityTechFuel,Gas,2032,0.0
Libya,Libya,NewCapacityTechFuel,Gas,2032,0.0
Libya,Libya,NewCapacityTechFuel,Gas,2032,0.0
Libya,Libya,NewCapacityTechFuel,Gas,2032,0.0
Libya,Libya,NewCapacityTechFuel,Coal,2032,0.0
Libya,Libya,NewCapacityTechFuel,Coal,2032,0.0
Libya,Libya,NewCapacityTechFuel,Coal,2032,0.0
Libya,Libya,NewCapacityTechFuel,Coal,2032,0.0
Libya,Libya,NewCapacityTechFuel,Geothermal,2032,0.0
Libya,Libya,NewCapacityTechFuel,Geothermal,2032,0.0
Libya,Libya,NewCapacityTechFuel,Diesel,2032,0.0
Libya,Libya,NewCapacityTechFuel,Diesel,2032,0.0
Libya,Libya,NewCapacityTechFuel,Diesel,2032,0.0
Libya,Libya,NewCapacityTechFuel,Diesel,2032,0.0
Libya,Libya,NewCapacityTechFuel,Diesel,2032,0.0
Libya,Libya,NewCapacityTechFuel,Diesel,2032,0.0
Libya,Libya,NewCapacityTechFuel,Diesel,2032,0.0
Libya,Libya,NewCapacityTechFuel,Biomass,2032,0.0
Libya,Libya,NewCapacityTechFuel,Biomass,2032,0.0
Libya,Libya,NewCapacityTechFuel,Biomass,2032,0.0
Libya,Libya,NewCapacityTechFuel,Reservoir,2032,0.0
Libya,Libya,NewCapacityTechFuel,Reservoir,2032,0.0
Libya,Libya,NewCapacityTechFuel,ROR,2032,0.0
Libya,Libya,NewCapacityTechFuel,CSP,2032,0.0
Libya,Libya,NewCapacityTechFuel,CSP,2032,0.0
Libya,Libya,NewCapacityTechFuel,Offshore Wind,2032,0.0
Libya,Libya,NewCapacityTechFuel,Onshore Wind,2032,0.0
Libya,Libya,NewCapacityTechFuel,Onshore Wind,2032,500.0
Libya,Libya,NewCapacityTechFuel,PV,2032,500.0
Libya,Libya,NewCapacityTechFuel,PV,2032,0.0
Libya,Libya,NewCapacityTechFuel,PV+Storage,2032,0.0
Libya,Libya,NewCapacityTechFuel,Solar Thermal,2032,0.0
Libya,Libya,NewCapacityTechFuel,Battery,2032,0.0
Libya,Libya,NewCapacityTechFuel,PSH,2032,0.0
Libya,Libya,NewCapacityTechFuel,PSH,2032,0.0
Libya,Libya,NewCapacityTechFuel,Imports,2032,0.0
Libya,Libya,NewCapacityTechFuel,Peat,2032,0.0
Libya,Libya,NewCapacityTechFuel,Waste,2032,0.0
Libya,Libya,NewCapacityTechFuel,Methane,2032,0.0
Libya,Libya,NewCapacityTechFuel,Solar,2032,0.0
Libya,Libya,NewCapacityTechFuel,Solar,2032,0.0
Libya,Libya,NewCapacityTechFuel,Nuclear,2033,0.0
Libya,Libya,NewCapacityTechFuel,Gas,2033,400.0
Libya,Libya,NewCapacityTechFuel,Gas,2033,0.0
Libya,Libya,NewCapacityTechFuel,Gas,2033,0.0
Libya,Libya,NewCapacityTechFuel,Gas,2033,0.0
Libya,Libya,NewCapacityTechFuel,Gas,2033,0.0
Libya,Libya,NewCapacityTechFuel,Gas,2033,0.0
Libya,Libya,NewCapacityTechFuel,Gas,2033,0.0
Libya,Libya,NewCapacityTechFuel,Gas,2033,0.0
Libya,Libya,NewCapacityTechFuel,Gas,2033,0.0
Libya,Libya,NewCapacityTechFuel,Gas,2033,0.0
Libya,Libya,NewCapacityTechFuel,Gas,2033,0.0
Libya,Libya,NewCapacityTechFuel,Gas,2033,0.0
Libya,Libya,NewCapacityTechFuel,Gas,2033,0.0
Libya,Libya,NewCapacityTechFuel,Coal,2033,0.0
Libya,Libya,NewCapacityTechFuel,Coal,2033,0.0
Libya,Libya,NewCapacityTechFuel,Coal,2033,0.0
Libya,Libya,NewCapacityTechFuel,Coal,2033,0.0
Libya,Libya,NewCapacityTechFuel,Geothermal,2033,0.0
Libya,Libya,NewCapacityTechFuel,Geothermal,2033,0.0
Libya,Libya,NewCapacityTechFuel,Diesel,2033,0.0
Libya,Libya,NewCapacityTechFuel,Diesel,2033,0.0
Libya,Libya,NewCapacityTechFuel,Diesel,2033,0.0
Libya,Libya,NewCapacityTechFuel,Diesel,2033,0.0
Libya,Libya,NewCapacityTechFuel,Diesel,2033,0.0
Libya,Libya,NewCapacityTechFuel,Diesel,2033,0.0
Libya,Libya,NewCapacityTechFuel,Diesel,2033,0.0
Libya,Libya,NewCapacityTechFuel,Biomass,2033,0.0
Libya,Libya,NewCapacityTechFuel,Biomass,2033,0.0
Libya,Libya,NewCapacityTechFuel,Biomass,2033,0.0
Libya,Libya,NewCapacityTechFuel,Reservoir,2033,0.0
Libya,Libya,NewCapacityTechFuel,Reservoir,2033,0.0
Libya,Libya,NewCapacityTechFuel,ROR,2033,0.0
Libya,Libya,NewCapacityTechFuel,CSP,2033,0.0
Libya,Libya,NewCapacityTechFuel,CSP,2033,0.0
Libya,Libya,NewCapacityTechFuel,Offshore Wind,2033,0.0
Libya,Libya,NewCapacityTechFuel,Onshore Wind,2033,0.0
Libya,Libya,NewCapacityTechFuel,Onshore Wind,2033,500.0
Libya,Libya,NewCapacityTechFuel,PV,2033,500.0
Libya,Libya,NewCapacityTechFuel,PV,2033,0.0
Libya,Libya,NewCapacityTechFuel,PV+Storage,2033,0.0
Libya,Libya,NewCapacityTechFuel,Solar Thermal,2033,0.0
Libya,Libya,NewCapacityTechFuel,Battery,2033,0.0
Libya,Libya,NewCapacityTechFuel,PSH,2033,0.0
Libya,Libya,NewCapacityTechFuel,PSH,2033,0.0
Libya,Libya,NewCapacityTechFuel,Imports,2033,0.0
Libya,Libya,NewCapacityTechFuel,Peat,2033,0.0
Libya,Libya,NewCapacityTechFuel,Waste,2033,0.0
Libya,Libya,NewCapacityTechFuel,Methane,2033,0.0
Libya,Libya,NewCapacityTechFuel,Solar,2033,0.0
Libya,Libya,NewCapacityTechFuel,Solar,2033,0.0
Libya,Libya,NewCapacityTechFuel,Nuclear,2034,0.0
Libya,Libya,NewCapacityTechFuel,Gas,2034,400.0
Libya,Libya,NewCapacityTechFuel,Gas,2034,0.0
Libya,Libya,NewCapacityTechFuel,Gas,2034,0.0
Libya,Libya,NewCapacityTechFuel,Gas,2034,0.0
Libya,Libya,NewCapacityTechFuel,Gas,2034,0.0
Libya,Libya,NewCapacityTechFuel,Gas,2034,400.0
Libya,Libya,NewCapacityTechFuel,Gas,2034,0.0
Libya,Libya,NewCapacityTechFuel,Gas,2034,0.0
Libya,Libya,NewCapacityTechFuel,Gas,2034,0.0
Libya,Libya,NewCapacityTechFuel,Gas,2034,0.0
Libya,Libya,NewCapacityTechFuel,Gas,2034,0.0
Libya,Libya,NewCapacityTechFuel,Gas,2034,0.0
Libya,Libya,NewCapacityTechFuel,Gas,2034,0.0
Libya,Libya,NewCapacityTechFuel,Coal,2034,0.0
Libya,Libya,NewCapacityTechFuel,Coal,2034,0.0
Libya,Libya,NewCapacityTechFuel,Coal,2034,0.0
Libya,Libya,NewCapacityTechFuel,Coal,2034,0.0
Libya,Libya,NewCapacityTechFuel,Geothermal,2034,0.0
Libya,Libya,NewCapacityTechFuel,Geothermal,2034,0.0
Libya,Libya,NewCapacityTechFuel,Diesel,2034,0.0
Libya,Libya,NewCapacityTechFuel,Diesel,2034,0.0
Libya,Libya,NewCapacityTechFuel,Diesel,2034,0.0
Libya,Libya,NewCapacityTechFuel,Diesel,2034,0.0
Libya,Libya,NewCapacityTechFuel,Diesel,2034,0.0
Libya,Libya,NewCapacityTechFuel,Diesel,2034,0.0
Libya,Libya,NewCapacityTechFuel,Diesel,2034,0.0
Libya,Libya,NewCapacityTechFuel,Biomass,2034,0.0
Libya,Libya,NewCapacityTechFuel,Biomass,2034,0.0
Libya,Libya,NewCapacityTechFuel,Biomass,2034,0.0
Libya,Libya,NewCapacityTechFuel,Reservoir,2034,0.0
Libya,Libya,NewCapacityTechFuel,Reservoir,2034,0.0
Libya,Libya,NewCapacityTechFuel,ROR,2034,0.0
Libya,Libya,NewCapacityTechFuel,CSP,2034,0.0
Libya,Libya,NewCapacityTechFuel,CSP,2034,0.0
Libya,Libya,NewCapacityTechFuel,Offshore Wind,2034,0.0
Libya,Libya,NewCapacityTechFuel,Onshore Wind,2034,0.0
Libya,Libya,NewCapacityTechFuel,Onshore Wind,2034,500.0
Libya,Libya,NewCapacityTechFuel,PV,2034,500.0
Libya,Libya,NewCapacityTechFuel,PV,2034,0.0
Libya,Libya,NewCapacityTechFuel,PV+Storage,2034,0.0
Libya,Libya,NewCapacityTechFuel,Solar Thermal,2034,0.0
Libya,Libya,NewCapacityTechFuel,Battery,2034,0.0
Libya,Libya,NewCapacityTechFuel,PSH,2034,0.0
Libya,Libya,NewCapacityTechFuel,PSH,2034,0.0
Libya,Libya,NewCapacityTechFuel,Imports,2034,0.0
Libya,Libya,NewCapacityTechFuel,Peat,2034,0.0
Libya,Libya,NewCapacityTechFuel,Waste,2034,0.0
Libya,Libya,NewCapacityTechFuel,Methane,2034,0.0
Libya,Libya,NewCapacityTechFuel,Solar,2034,0.0
Libya,Libya,NewCapacityTechFuel,Solar,2034,0.0
Libya,Libya,NewCapacityTechFuel,Nuclear,2035,0.0
Libya,Libya,NewCapacityTechFuel,Gas,2035,400.0
Libya,Libya,NewCapacityTechFuel,Gas,2035,0.0
Libya,Libya,NewCapacityTechFuel,Gas,2035,0.0
Libya,Libya,NewCapacityTechFuel,Gas,2035,0.0
Libya,Libya,NewCapacityTechFuel,Gas,2035,0.0
Libya,Libya,NewCapacityTechFuel,Gas,2035,400.0
Libya,Libya,NewCapacityTechFuel,Gas,2035,0.0
Libya,Libya,NewCapacityTechFuel,Gas,2035,0.0
Libya,Libya,NewCapacityTechFuel,Gas,2035,0.0
Libya,Libya,NewCapacityTechFuel,Gas,2035,0.0
Libya,Libya,NewCapacityTechFuel,Gas,2035,0.0
Libya,Libya,NewCapacityTechFuel,Gas,2035,0.0
Libya,Libya,NewCapacityTechFuel,Gas,2035,0.0
Libya,Libya,NewCapacityTechFuel,Coal,2035,0.0
Libya,Libya,NewCapacityTechFuel,Coal,2035,0.0
Libya,Libya,NewCapacityTechFuel,Coal,2035,0.0
Libya,Libya,NewCapacityTechFuel,Coal,2035,0.0
Libya,Libya,NewCapacityTechFuel,Geothermal,2035,0.0
Libya,Libya,NewCapacityTechFuel,Geothermal,2035,0.0
Libya,Libya,NewCapacityTechFuel,Diesel,2035,0.0
Libya,Libya,NewCapacityTechFuel,Diesel,2035,0.0
Libya,Libya,NewCapacityTechFuel,Diesel,2035,0.0
Libya,Libya,NewCapacityTechFuel,Diesel,2035,0.0
Libya,Libya,NewCapacityTechFuel,Diesel,2035,0.0
Libya,Libya,NewCapacityTechFuel,Diesel,2035,0.0
Libya,Libya,NewCapacityTechFuel,Diesel,2035,0.0
Libya,Libya,NewCapacityTechFuel,Biomass,2035,0.0
Libya,Libya,NewCapacityTechFuel,Biomass,2035,0.0
Libya,Libya,NewCapacityTechFuel,Biomass,2035,0.0
Libya,Libya,NewCapacityTechFuel,Reservoir,2035,0.0
Libya,Libya,NewCapacityTechFuel,Reservoir,2035,0.0
Libya,Libya,NewCapacityTechFuel,ROR,2035,0.0
Libya,Libya,NewCapacityTechFuel,CSP,2035,0.0
Libya,Libya,NewCapacityTechFuel,CSP,2035,0.0
Libya,Libya,NewCapacityTechFuel,Offshore Wind,2035,0.0
Libya,Libya,NewCapacityTechFuel,Onshore Wind,2035,0.0
Libya,Libya,NewCapacityTechFuel,Onshore Wind,2035,500.0
Libya,Libya,NewCapacityTechFuel,PV,2035,2000.0
Libya,Libya,NewCapacityTechFuel,PV,2035,0.0
Libya,Libya,NewCapacityTechFuel,PV+Storage,2035,0.0
Libya,Libya,NewCapacityTechFuel,Solar Thermal,2035,0.0
Libya,Libya,NewCapacityTechFuel,Battery,2035,0.0
Libya,Libya,NewCapacityTechFuel,PSH,2035,0.0
Libya,Libya,NewCapacityTechFuel,PSH,2035,0.0
Libya,Libya,NewCapacityTechFuel,Imports,2035,0.0
Libya,Libya,NewCapacityTechFuel,Peat,2035,0.0
Libya,Libya,NewCapacityTechFuel,Waste,2035,0.0
Libya,Libya,NewCapacityTechFuel,Methane,2035,0.0
Libya,Libya,NewCapacityTechFuel,Solar,2035,0.0
Libya,Libya,NewCapacityTechFuel,Solar,2035,0.0
Libya,Libya,NewCapacityTechFuel,Nuclear,2036,0.0
Libya,Libya,NewCapacityTechFuel,Gas,2036,400.0
Libya,Libya,NewCapacityTechFuel,Gas,2036,0.0
Libya,Libya,NewCapacityTechFuel,Gas,2036,0.0
Libya,Libya,NewCapacityTechFuel,Gas,2036,0.0
Libya,Libya,NewCapacityTechFuel,Gas,2036,0.0
Libya,Libya,NewCapacityTechFuel,Gas,2036,400.0
Libya,Libya,NewCapacityTechFuel,Gas,2036,0.0
Libya,Libya,NewCapacityTechFuel,Gas,2036,0.0
Libya,Libya,NewCapacityTechFuel,Gas,2036,0.0
Libya,Libya,NewCapacityTechFuel,Gas,2036,0.0
Libya,Libya,NewCapacityTechFuel,Gas,2036,0.0
Libya,Libya,NewCapacityTechFuel,Gas,2036,0.0
Libya,Libya,NewCapacityTechFuel,Gas,2036,0.0
Libya,Libya,NewCapacityTechFuel,Coal,2036,0.0
Libya,Libya,NewCapacityTechFuel,Coal,2036,0.0
Libya,Libya,NewCapacityTechFuel,Coal,2036,0.0
Libya,Libya,NewCapacityTechFuel,Coal,2036,0.0
Libya,Libya,NewCapacityTechFuel,Geothermal,2036,0.0
Libya,Libya,NewCapacityTechFuel,Geothermal,2036,0.0
Libya,Libya,NewCapacityTechFuel,Diesel,2036,0.0
Libya,Libya,NewCapacityTechFuel,Diesel,2036,0.0
Libya,Libya,NewCapacityTechFuel,Diesel,2036,0.0
Libya,Libya,NewCapacityTechFuel,Diesel,2036,0.0
Libya,Libya,NewCapacityTechFuel,Diesel,2036,0.0
Libya,Libya,NewCapacityTechFuel,Diesel,2036,0.0
Libya,Libya,NewCapacityTechFuel,Diesel,2036,0.0
Libya,Libya,NewCapacityTechFuel,Biomass,2036,0.0
Libya,Libya,NewCapacityTechFuel,Biomass,2036,0.0
Libya,Libya,NewCapacityTechFuel,Biomass,2036,0.0
Libya,Libya,NewCapacityTechFuel,Reservoir,2036,0.0
Libya,Libya,NewCapacityTechFuel,Reservoir,2036,0.0
Libya,Libya,NewCapacityTechFuel,ROR,2036,0.0
Libya,Libya,NewCapacityTechFuel,CSP,2036,0.0
Libya,Libya,NewCapacityTechFuel,CSP,2036,0.0
Libya,Libya,NewCapacityTechFuel,Offshore Wind,2036,0.0
Libya,Libya,NewCapacityTechFuel,Onshore Wind,2036,0.0
Libya,Libya,NewCapacityTechFuel,Onshore Wind,2036,500.0
Libya,Libya,NewCapacityTechFuel,PV,2036,2000.0
Libya,Libya,NewCapacityTechFuel,PV,2036,0.0
Libya,Libya,NewCapacityTechFuel,PV+Storage,2036,0.0
Libya,Libya,NewCapacityTechFuel,Solar Thermal,2036,0.0
Libya,Libya,NewCapacityTechFuel,Battery,2036,0.0
Libya,Libya,NewCapacityTechFuel,PSH,2036,0.0
Libya,Libya,NewCapacityTechFuel,PSH,2036,0.0
Libya,Libya,NewCapacityTechFuel,Imports,2036,0.0
Libya,Libya,NewCapacityTechFuel,Peat,2036,0.0
Libya,Libya,NewCapacityTechFuel,Waste,2036,0.0
Libya,Libya,NewCapacityTechFuel,Methane,2036,0.0
Libya,Libya,NewCapacityTechFuel,Solar,2036,0.0
Libya,Libya,NewCapacityTechFuel,Solar,2036,0.0
Libya,Libya,NewCapacityTechFuel,Nuclear,2037,0.0
Libya,Libya,NewCapacityTechFuel,Gas,2037,400.0
Libya,Libya,NewCapacityTechFuel,Gas,2037,0.0
Libya,Libya,NewCapacityTechFuel,Gas,2037,0.0
Libya,Libya,NewCapacityTechFuel,Gas,2037,0.0
Libya,Libya,NewCapacityTechFuel,Gas,2037,0.0
Libya,Libya,NewCapacityTechFuel,Gas,2037,400.0
Libya,Libya,NewCapacityTechFuel,Gas,2037,0.0
Libya,Libya,NewCapacityTechFuel,Gas,2037,0.0
Libya,Libya,NewCapacityTechFuel,Gas,2037,0.0
Libya,Libya,NewCapacityTechFuel,Gas,2037,0.0
Libya,Libya,NewCapacityTechFuel,Gas,2037,0.0
Libya,Libya,NewCapacityTechFuel,Gas,2037,0.0
Libya,Libya,NewCapacityTechFuel,Gas,2037,0.0
Libya,Libya,NewCapacityTechFuel,Coal,2037,0.0
Libya,Libya,NewCapacityTechFuel,Coal,2037,0.0
Libya,Libya,NewCapacityTechFuel,Coal,2037,0.0
Libya,Libya,NewCapacityTechFuel,Coal,2037,0.0
Libya,Libya,NewCapacityTechFuel,Geothermal,2037,0.0
Libya,Libya,NewCapacityTechFuel,Geothermal,2037,0.0
Libya,Libya,NewCapacityTechFuel,Diesel,2037,0.0
Libya,Libya,NewCapacityTechFuel,Diesel,2037,0.0
Libya,Libya,NewCapacityTechFuel,Diesel,2037,0.0
Libya,Libya,NewCapacityTechFuel,Diesel,2037,0.0
Libya,Libya,NewCapacityTechFuel,Diesel,2037,0.0
Libya,Libya,NewCapacityTechFuel,Diesel,2037,0.0
Libya,Libya,NewCapacityTechFuel,Diesel,2037,0.0
Libya,Libya,NewCapacityTechFuel,Biomass,2037,0.0
Libya,Libya,NewCapacityTechFuel,Biomass,2037,0.0
Libya,Libya,NewCapacityTechFuel,Biomass,2037,0.0
Libya,Libya,NewCapacityTechFuel,Reservoir,2037,0.0
Libya,Libya,NewCapacityTechFuel,Reservoir,2037,0.0
Libya,Libya,NewCapacityTechFuel,ROR,2037,0.0
Libya,Libya,NewCapacityTechFuel,CSP,2037,0.0
Libya,Libya,NewCapacityTechFuel,CSP,2037,0.0
Libya,Libya,NewCapacityTechFuel,Offshore Wind,2037,0.0
Libya,Libya,NewCapacityTechFuel,Onshore Wind,2037,0.0
Libya,Libya,NewCapacityTechFuel,Onshore Wind,2037,500.0
Libya,Libya,NewCapacityTechFuel,PV,2037,2000.0
Libya,Libya,NewCapacityTechFuel,PV,2037,0.0
Libya,Libya,NewCapacityTechFuel,PV+Storage,2037,0.0
Libya,Libya,NewCapacityTechFuel,Solar Thermal,2037,0.0
Libya,Libya,NewCapacityTechFuel,Battery,2037,0.0
Libya,Libya,NewCapacityTechFuel,PSH,2037,0.0
Libya,Libya,NewCapacityTechFuel,PSH,2037,0.0
Libya,Libya,NewCapacityTechFuel,Imports,2037,0.0
Libya,Libya,NewCapacityTechFuel,Peat,2037,0.0
Libya,Libya,NewCapacityTechFuel,Waste,2037,0.0
Libya,Libya,NewCapacityTechFuel,Methane,2037,0.0
Libya,Libya,NewCapacityTechFuel,Solar,2037,0.0
Libya,Libya,NewCapacityTechFuel,Solar,2037,0.0
Libya,Libya,NewCapacityTechFuel,Nuclear,2038,0.0
Libya,Libya,NewCapacityTechFuel,Gas,2038,400.0
Libya,Libya,NewCapacityTechFuel,Gas,2038,0.0
Libya,Libya,NewCapacityTechFuel,Gas,2038,0.0
Libya,Libya,NewCapacityTechFuel,Gas,2038,0.0
Libya,Libya,NewCapacityTechFuel,Gas,2038,0.0
Libya,Libya,NewCapacityTechFuel,Gas,2038,400.0
Libya,Libya,NewCapacityTechFuel,Gas,2038,0.0
Libya,Libya,NewCapacityTechFuel,Gas,2038,0.0
Libya,Libya,NewCapacityTechFuel,Gas,2038,0.0
Libya,Libya,NewCapacityTechFuel,Gas,2038,0.0
Libya,Libya,NewCapacityTechFuel,Gas,2038,0.0
Libya,Libya,NewCapacityTechFuel,Gas,2038,0.0
Libya,Libya,NewCapacityTechFuel,Gas,2038,0.0
Libya,Libya,NewCapacityTechFuel,Coal,2038,0.0
Libya,Libya,NewCapacityTechFuel,Coal,2038,0.0
Libya,Libya,NewCapacityTechFuel,Coal,2038,0.0
Libya,Libya,NewCapacityTechFuel,Coal,2038,0.0
Libya,Libya,NewCapacityTechFuel,Geothermal,2038,0.0
Libya,Libya,NewCapacityTechFuel,Geothermal,2038,0.0
Libya,Libya,NewCapacityTechFuel,Diesel,2038,0.0
Libya,Libya,NewCapacityTechFuel,Diesel,2038,0.0
Libya,Libya,NewCapacityTechFuel,Diesel,2038,0.0
Libya,Libya,NewCapacityTechFuel,Diesel,2038,0.0
Libya,Libya,NewCapacityTechFuel,Diesel,2038,0.0
Libya,Libya,NewCapacityTechFuel,Diesel,2038,0.0
Libya,Libya,NewCapacityTechFuel,Diesel,2038,0.0
Libya,Libya,NewCapacityTechFuel,Biomass,2038,0.0
Libya,Libya,NewCapacityTechFuel,Biomass,2038,0.0
Libya,Libya,NewCapacityTechFuel,Biomass,2038,0.0
Libya,Libya,NewCapacityTechFuel,Reservoir,2038,0.0
Libya,Libya,NewCapacityTechFuel,Reservoir,2038,0.0
Libya,Libya,NewCapacityTechFuel,ROR,2038,0.0
Libya,Libya,NewCapacityTechFuel,CSP,2038,0.0
Libya,Libya,NewCapacityTechFuel,CSP,2038,0.0
Libya,Libya,NewCapacityTechFuel,Offshore Wind,2038,0.0
Libya,Libya,NewCapacityTechFuel,Onshore Wind,2038,0.0
Libya,Libya,NewCapacityTechFuel,Onshore Wind,2038,500.0
Libya,Libya,NewCapacityTechFuel,PV,2038,2000.0
Libya,Libya,NewCapacityTechFuel,PV,2038,0.0
Libya,Libya,NewCapacityTechFuel,PV+Storage,2038,0.0
Libya,Libya,NewCapacityTechFuel,Solar Thermal,2038,0.0
Libya,Libya,NewCapacityTechFuel,Battery,2038,62.99222999999984
Libya,Libya,NewCapacityTechFuel,PSH,2038,0.0
Libya,Libya,NewCapacityTechFuel,PSH,2038,0.0
Libya,Libya,NewCapacityTechFuel,Imports,2038,0.0
Libya,Libya,NewCapacityTechFuel,Peat,2038,0.0
Libya,Libya,NewCapacityTechFuel,Waste,2038,0.0
Libya,Libya,NewCapacityTechFuel,Methane,2038,0.0
Libya,Libya,NewCapacityTechFuel,Solar,2038,0.0
Libya,Libya,NewCapacityTechFuel,Solar,2038,0.0
Libya,Libya,NewCapacityTechFuel,Nuclear,2039,0.0
Libya,Libya,NewCapacityTechFuel,Gas,2039,400.0
Libya,Libya,NewCapacityTechFuel,Gas,2039,0.0
Libya,Libya,NewCapacityTechFuel,Gas,2039,0.0
Libya,Libya,NewCapacityTechFuel,Gas,2039,0.0
Libya,Libya,NewCapacityTechFuel,Gas,2039,0.0
Libya,Libya,NewCapacityTechFuel,Gas,2039,400.0
Libya,Libya,NewCapacityTechFuel,Gas,2039,0.0
Libya,Libya,NewCapacityTechFuel,Gas,2039,0.0
Libya,Libya,NewCapacityTechFuel,Gas,2039,0.0
Libya,Libya,NewCapacityTechFuel,Gas,2039,0.0
Libya,Libya,NewCapacityTechFuel,Gas,2039,0.0
Libya,Libya,NewCapacityTechFuel,Gas,2039,0.0
Libya,Libya,NewCapacityTechFuel,Gas,2039,0.0
Libya,Libya,NewCapacityTechFuel,Coal,2039,0.0
Libya,Libya,NewCapacityTechFuel,Coal,2039,0.0
Libya,Libya,NewCapacityTechFuel,Coal,2039,0.0
Libya,Libya,NewCapacityTechFuel,Coal,2039,0.0
Libya,Libya,NewCapacityTechFuel,Geothermal,2039,0.0
Libya,Libya,NewCapacityTechFuel,Geothermal,2039,0.0
Libya,Libya,NewCapacityTechFuel,Diesel,2039,0.0
Libya,Libya,NewCapacityTechFuel,Diesel,2039,0.0
Libya,Libya,NewCapacityTechFuel,Diesel,2039,0.0
Libya,Libya,NewCapacityTechFuel,Diesel,2039,0.0
Libya,Libya,NewCapacityTechFuel,Diesel,2039,0.0
Libya,Libya,NewCapacityTechFuel,Diesel,2039,0.0
Libya,Libya,NewCapacityTechFuel,Diesel,2039,0.0
Libya,Libya,NewCapacityTechFuel,Biomass,2039,0.0
Libya,Libya,NewCapacityTechFuel,Biomass,2039,0.0
Libya,Libya,NewCapacityTechFuel,Biomass,2039,0.0
Libya,Libya,NewCapacityTechFuel,Reservoir,2039,0.0
Libya,Libya,NewCapacityTechFuel,Reservoir,2039,0.0
Libya,Libya,NewCapacityTechFuel,ROR,2039,0.0
Libya,Libya,NewCapacityTechFuel,CSP,2039,0.0
Libya,Libya,NewCapacityTechFuel,CSP,2039,0.0
Libya,Libya,NewCapacityTechFuel,Offshore Wind,2039,0.0
Libya,Libya,NewCapacityTechFuel,Onshore Wind,2039,0.0
Libya,Libya,NewCapacityTechFuel,Onshore Wind,2039,500.0
Libya,Libya,NewCapacityTechFuel,PV,2039,2000.0
Libya,Libya,NewCapacityTechFuel,PV,2039,0.0
Libya,Libya,NewCapacityTechFuel,PV+Storage,2039,0.0
Libya,Libya,NewCapacityTechFuel,Solar Thermal,2039,0.0
Libya,Libya,NewCapacityTechFuel,Battery,2039,500.0
Libya,Libya,NewCapacityTechFuel,PSH,2039,0.0
Libya,Libya,NewCapacityTechFuel,PSH,2039,0.0
Libya,Libya,NewCapacityTechFuel,Imports,2039,0.0
Libya,Libya,NewCapacityTechFuel,Peat,2039,0.0
Libya,Libya,NewCapacityTechFuel,Waste,2039,0.0
Libya,Libya,NewCapacityTechFuel,Methane,2039,0.0
Libya,Libya,NewCapacityTechFuel,Solar,2039,0.0
Libya,Libya,NewCapacityTechFuel,Solar,2039,0.0
Libya,Libya,NewCapacityTechFuel,Nuclear,2040,0.0
Libya,Libya,NewCapacityTechFuel,Gas,2040,400.0
Libya,Libya,NewCapacityTechFuel,Gas,2040,0.0
Libya,Libya,NewCapacityTechFuel,Gas,2040,0.0
Libya,Libya,NewCapacityTechFuel,Gas,2040,0.0
Libya,Libya,NewCapacityTechFuel,Gas,2040,0.0
Libya,Libya,NewCapacityTechFuel,Gas,2040,400.0
Libya,Libya,NewCapacityTechFuel,Gas,2040,0.0
Libya,Libya,NewCapacityTechFuel,Gas,2040,0.0
Libya,Libya,NewCapacityTechFuel,Gas,2040,0.0
Libya,Libya,NewCapacityTechFuel,Gas,2040,0.0
Libya,Libya,NewCapacityTechFuel,Gas,2040,0.0
Libya,Libya,NewCapacityTechFuel,Gas,2040,0.0
Libya,Libya,NewCapacityTechFuel,Gas,2040,0.0
Libya,Libya,NewCapacityTechFuel,Coal,2040,0.0
Libya,Libya,NewCapacityTechFuel,Coal,2040,0.0
Libya,Libya,NewCapacityTechFuel,Coal,2040,0.0
Libya,Libya,NewCapacityTechFuel,Coal,2040,0.0
Libya,Libya,NewCapacityTechFuel,Geothermal,2040,0.0
Libya,Libya,NewCapacityTechFuel,Geothermal,2040,0.0
Libya,Libya,NewCapacityTechFuel,Diesel,2040,0.0
Libya,Libya,NewCapacityTechFuel,Diesel,2040,0.0
Libya,Libya,NewCapacityTechFuel,Diesel,2040,0.0
Libya,Libya,NewCapacityTechFuel,Diesel,2040,0.0
Libya,Libya,NewCapacityTechFuel,Diesel,2040,0.0
Libya,Libya,NewCapacityTechFuel,Diesel,2040,0.0
Libya,Libya,NewCapacityTechFuel,Diesel,2040,0.0
Libya,Libya,NewCapacityTechFuel,Biomass,2040,0.0
Libya,Libya,NewCapacityTechFuel,Biomass,2040,0.0
Libya,Libya,NewCapacityTechFuel,Biomass,2040,0.0
Libya,Libya,NewCapacityTechFuel,Reservoir,2040,0.0
Libya,Libya,NewCapacityTechFuel,Reservoir,2040,0.0
Libya,Libya,NewCapacityTechFuel,ROR,2040,0.0
Libya,Libya,NewCapacityTechFuel,CSP,2040,0.0
Libya,Libya,NewCapacityTechFuel,CSP,2040,0.0
Libya,Libya,NewCapacityTechFuel,Offshore Wind,2040,0.0
Libya,Libya,NewCapacityTechFuel,Onshore Wind,2040,0.0
Libya,Libya,NewCapacityTechFuel,Onshore Wind,2040,500.0
Libya,Libya,NewCapacityTechFuel,PV,2040,2000.0
Libya,Libya,NewCapacityTechFuel,PV,2040,0.0
Libya,Libya,NewCapacityTechFuel,PV+Storage,2040,0.0
Libya,Libya,NewCapacityTechFuel,Solar Thermal,2040,0.0
Libya,Libya,NewCapacityTechFuel,Battery,2040,500.0
Libya,Libya,NewCapacityTechFuel,PSH,2040,0.0
Libya,Libya,NewCapacityTechFuel,PSH,2040,0.0
Libya,Libya,NewCapacityTechFuel,Imports,2040,0.0
Libya,Libya,NewCapacityTechFuel,Peat,2040,0.0
Libya,Libya,NewCapacityTechFuel,Waste,2040,0.0
Libya,Libya,NewCapacityTechFuel,Methane,2040,0.0
Libya,Libya,NewCapacityTechFuel,Solar,2040,0.0
Libya,Libya,NewCapacityTechFuel,Solar,2040,0.0
Libya,Libya,NewCapacityTechFuel,Nuclear,2041,0.0
Libya,Libya,NewCapacityTechFuel,Gas,2041,400.0
Libya,Libya,NewCapacityTechFuel,Gas,2041,0.0
Libya,Libya,NewCapacityTechFuel,Gas,2041,0.0
Libya,Libya,NewCapacityTechFuel,Gas,2041,0.0
Libya,Libya,NewCapacityTechFuel,Gas,2041,0.0
Libya,Libya,NewCapacityTechFuel,Gas,2041,400.0
Libya,Libya,NewCapacityTechFuel,Gas,2041,0.0
Libya,Libya,NewCapacityTechFuel,Gas,2041,0.0
Libya,Libya,NewCapacityTechFuel,Gas,2041,0.0
Libya,Libya,NewCapacityTechFuel,Gas,2041,0.0
Libya,Libya,NewCapacityTechFuel,Gas,2041,0.0
Libya,Libya,NewCapacityTechFuel,Gas,2041,0.0
Libya,Libya,NewCapacityTechFuel,Gas,2041,0.0
Libya,Libya,NewCapacityTechFuel,Coal,2041,0.0
Libya,Libya,NewCapacityTechFuel,Coal,2041,0.0
Libya,Libya,NewCapacityTechFuel,Coal,2041,0.0
Libya,Libya,NewCapacityTechFuel,Coal,2041,0.0
Libya,Libya,NewCapacityTechFuel,Geothermal,2041,0.0
Libya,Libya,NewCapacityTechFuel,Geothermal,2041,0.0
Libya,Libya,NewCapacityTechFuel,Diesel,2041,0.0
Libya,Libya,NewCapacityTechFuel,Diesel,2041,0.0
Libya,Libya,NewCapacityTechFuel,Diesel,2041,0.0
Libya,Libya,NewCapacityTechFuel,Diesel,2041,0.0
Libya,Libya,NewCapacityTechFuel,Diesel,2041,0.0
Libya,Libya,NewCapacityTechFuel,Diesel,2041,0.0
Libya,Libya,NewCapacityTechFuel,Diesel,2041,0.0
Libya,Libya,NewCapacityTechFuel,Biomass,2041,0.0
Libya,Libya,NewCapacityTechFuel,Biomass,2041,0.0
Libya,Libya,NewCapacityTechFuel,Biomass,2041,0.0
Libya,Libya,NewCapacityTechFuel,Reservoir,2041,0.0
Libya,Libya,NewCapacityTechFuel,Reservoir,2041,0.0
Libya,Libya,NewCapacityTechFuel,ROR,2041,0.0
Libya,Libya,NewCapacityTechFuel,CSP,2041,0.0
Libya,Libya,NewCapacityTechFuel,CSP,2041,0.0
Libya,Libya,NewCapacityTechFuel,Offshore Wind,2041,0.0
Libya,Libya,NewCapacityTechFuel,Onshore Wind,2041,0.0
Libya,Libya,NewCapacityTechFuel,Onshore Wind,2041,500.0
Libya,Libya,NewCapacityTechFuel,PV,2041,2000.0
Libya,Libya,NewCapacityTechFuel,PV,2041,0.0
Libya,Libya,NewCapacityTechFuel,PV+Storage,2041,0.0
Libya,Libya,NewCapacityTechFuel,Solar Thermal,2041,0.0
Libya,Libya,NewCapacityTechFuel,Battery,2041,500.0
Libya,Libya,NewCapacityTechFuel,PSH,2041,0.0
Libya,Libya,NewCapacityTechFuel,PSH,2041,0.0
Libya,Libya,NewCapacityTechFuel,Imports,2041,0.0
Libya,Libya,NewCapacityTechFuel,Peat,2041,0.0
Libya,Libya,NewCapacityTechFuel,Waste,2041,0.0
Libya,Libya,NewCapacityTechFuel,Methane,2041,0.0
Libya,Libya,NewCapacityTechFuel,Solar,2041,0.0
Libya,Libya,NewCapacityTechFuel,Solar,2041,0.0
Libya,Libya,NewCapacityTechFuel,Nuclear,2042,0.0
Libya,Libya,NewCapacityTechFuel,Gas,2042,400.0
Libya,Libya,NewCapacityTechFuel,Gas,2042,0.0
Libya,Libya,NewCapacityTechFuel,Gas,2042,0.0
Libya,Libya,NewCapacityTechFuel,Gas,2042,0.0
Libya,Libya,NewCapacityTechFuel,Gas,2042,0.0
Libya,Libya,NewCapacityTechFuel,Gas,2042,400.0
Libya,Libya,NewCapacityTechFuel,Gas,2042,0.0
Libya,Libya,NewCapacityTechFuel,Gas,2042,0.0
Libya,Libya,NewCapacityTechFuel,Gas,2042,0.0
Libya,Libya,NewCapacityTechFuel,Gas,2042,0.0
Libya,Libya,NewCapacityTechFuel,Gas,2042,0.0
Libya,Libya,NewCapacityTechFuel,Gas,2042,0.0
Libya,Libya,NewCapacityTechFuel,Gas,2042,0.0
Libya,Libya,NewCapacityTechFuel,Coal,2042,0.0
Libya,Libya,NewCapacityTechFuel,Coal,2042,0.0
Libya,Libya,NewCapacityTechFuel,Coal,2042,0.0
Libya,Libya,NewCapacityTechFuel,Coal,2042,0.0
Libya,Libya,NewCapacityTechFuel,Geothermal,2042,0.0
Libya,Libya,NewCapacityTechFuel,Geothermal,2042,0.0
Libya,Libya,NewCapacityTechFuel,Diesel,2042,0.0
Libya,Libya,NewCapacityTechFuel,Diesel,2042,0.0
Libya,Libya,NewCapacityTechFuel,Diesel,2042,0.0
Libya,Libya,NewCapacityTechFuel,Diesel,2042,0.0
Libya,Libya,NewCapacityTechFuel,Diesel,2042,0.0
Libya,Libya,NewCapacityTechFuel,Diesel,2042,0.0
Libya,Libya,NewCapacityTechFuel,Diesel,2042,0.0
Libya,Libya,NewCapacityTechFuel,Biomass,2042,0.0
Libya,Libya,NewCapacityTechFuel,Biomass,2042,0.0
Libya,Libya,NewCapacityTechFuel,Biomass,2042,0.0
Libya,Libya,NewCapacityTechFuel,Reservoir,2042,0.0
Libya,Libya,NewCapacityTechFuel,Reservoir,2042,0.0
Libya,Libya,NewCapacityTechFuel,ROR,2042,0.0
Libya,Libya,NewCapacityTechFuel,CSP,2042,0.0
Libya,Libya,NewCapacityTechFuel,CSP,2042,0.0
Libya,Libya,NewCapacityTechFuel,Offshore Wind,2042,0.0
Libya,Libya,NewCapacityTechFuel,Onshore Wind,2042,0.0
Libya,Libya,NewCapacityTechFuel,Onshore Wind,2042,500.0
Libya,Libya,NewCapacityTechFuel,PV,2042,2000.0
Libya,Libya,NewCapacityTechFuel,PV,2042,0.0
Libya,Libya,NewCapacityTechFuel,PV+Storage,2042,0.0
Libya,Libya,NewCapacityTechFuel,Solar Thermal,2042,0.0
Libya,Libya,NewCapacityTechFuel,Battery,2042,500.0
Libya,Libya,NewCapacityTechFuel,PSH,2042,0.0
Libya,Libya,NewCapacityTechFuel,PSH,2042,0.0
Libya,Libya,NewCapacityTechFuel,Imports,2042,0.0
Libya,Libya,NewCapacityTechFuel,Peat,2042,0.0
Libya,Libya,NewCapacityTechFuel,Waste,2042,0.0
Libya,Libya,NewCapacityTechFuel,Methane,2042,0.0
Libya,Libya,NewCapacityTechFuel,Solar,2042,0.0
Libya,Libya,NewCapacityTechFuel,Solar,2042,0.0
Libya,Libya,NewCapacityTechFuel,Nuclear,2043,0.0
Libya,Libya,NewCapacityTechFuel,Gas,2043,400.0
Libya,Libya,NewCapacityTechFuel,Gas,2043,0.0
Libya,Libya,NewCapacityTechFuel,Gas,2043,0.0
Libya,Libya,NewCapacityTechFuel,Gas,2043,0.0
Libya,Libya,NewCapacityTechFuel,Gas,2043,0.0
Libya,Libya,NewCapacityTechFuel,Gas,2043,400.0
Libya,Libya,NewCapacityTechFuel,Gas,2043,0.0
Libya,Libya,NewCapacityTechFuel,Gas,2043,0.0
Libya,Libya,NewCapacityTechFuel,Gas,2043,0.0
Libya,Libya,NewCapacityTechFuel,Gas,2043,0.0
Libya,Libya,NewCapacityTechFuel,Gas,2043,0.0
Libya,Libya,NewCapacityTechFuel,Gas,2043,0.0
Libya,Libya,NewCapacityTechFuel,Gas,2043,0.0
Libya,Libya,NewCapacityTechFuel,Coal,2043,0.0
Libya,Libya,NewCapacityTechFuel,Coal,2043,0.0
Libya,Libya,NewCapacityTechFuel,Coal,2043,0.0
Libya,Libya,NewCapacityTechFuel,Coal,2043,0.0
Libya,Libya,NewCapacityTechFuel,Geothermal,2043,0.0
Libya,Libya,NewCapacityTechFuel,Geothermal,2043,0.0
Libya,Libya,NewCapacityTechFuel,Diesel,2043,0.0
Libya,Libya,NewCapacityTechFuel,Diesel,2043,0.0
Libya,Libya,NewCapacityTechFuel,Diesel,2043,0.0
Libya,Libya,NewCapacityTechFuel,Diesel,2043,0.0
Libya,Libya,NewCapacityTechFuel,Diesel,2043,0.0
Libya,Libya,NewCapacityTechFuel,Diesel,2043,0.0
Libya,Libya,NewCapacityTechFuel,Diesel,2043,0.0
Libya,Libya,NewCapacityTechFuel,Biomass,2043,0.0
Libya,Libya,NewCapacityTechFuel,Biomass,2043,0.0
Libya,Libya,NewCapacityTechFuel,Biomass,2043,0.0
Libya,Libya,NewCapacityTechFuel,Reservoir,2043,0.0
Libya,Libya,NewCapacityTechFuel,Reservoir,2043,0.0
Libya,Libya,NewCapacityTechFuel,ROR,2043,0.0
Libya,Libya,NewCapacityTechFuel,CSP,2043,0.0
Libya,Libya,NewCapacityTechFuel,CSP,2043,0.0
Libya,Libya,NewCapacityTechFuel,Offshore Wind,2043,0.0
Libya,Libya,NewCapacityTechFuel,Onshore Wind,2043,0.0
Libya,Libya,NewCapacityTechFuel,Onshore Wind,2043,500.0
Libya,Libya,NewCapacityTechFuel,PV,2043,2000.0
Libya,Libya,NewCapacityTechFuel,PV,2043,0.0
Libya,Libya,NewCapacityTechFuel,PV+Storage,2043,0.0
Libya,Libya,NewCapacityTechFuel,Solar Thermal,2043,0.0
Libya,Libya,NewCapacityTechFuel,Battery,2043,500.0
Libya,Libya,NewCapacityTechFuel,PSH,2043,0.0
Libya,Libya,NewCapacityTechFuel,PSH,2043,0.0
Libya,Libya,NewCapacityTechFuel,Imports,2043,0.0
Libya,Libya,NewCapacityTechFuel,Peat,2043,0.0
Libya,Libya,NewCapacityTechFuel,Waste,2043,0.0
Libya,Libya,NewCapacityTechFuel,Methane,2043,0.0
Libya,Libya,NewCapacityTechFuel,Solar,2043,0.0
Libya,Libya,NewCapacityTechFuel,Solar,2043,0.0
Libya,Libya,NewCapacityTechFuel,Nuclear,2044,0.0
Libya,Libya,NewCapacityTechFuel,Gas,2044,400.0
Libya,Libya,NewCapacityTechFuel,Gas,2044,0.0
Libya,Libya,NewCapacityTechFuel,Gas,2044,0.0
Libya,Libya,NewCapacityTechFuel,Gas,2044,0.0
Libya,Libya,NewCapacityTechFuel,Gas,2044,0.0
Libya,Libya,NewCapacityTechFuel,Gas,2044,0.0
Libya,Libya,NewCapacityTechFuel,Gas,2044,0.0
Libya,Libya,NewCapacityTechFuel,Gas,2044,0.0
Libya,Libya,NewCapacityTechFuel,Gas,2044,0.0
Libya,Libya,NewCapacityTechFuel,Gas,2044,0.0
Libya,Libya,NewCapacityTechFuel,Gas,2044,0.0
Libya,Libya,NewCapacityTechFuel,Gas,2044,0.0
Libya,Libya,NewCapacityTechFuel,Gas,2044,0.0
Libya,Libya,NewCapacityTechFuel,Coal,2044,0.0
Libya,Libya,NewCapacityTechFuel,Coal,2044,0.0
Libya,Libya,NewCapacityTechFuel,Coal,2044,0.0
Libya,Libya,NewCapacityTechFuel,Coal,2044,0.0
Libya,Libya,NewCapacityTechFuel,Geothermal,2044,0.0
Libya,Libya,NewCapacityTechFuel,Geothermal,2044,0.0
Libya,Libya,NewCapacityTechFuel,Diesel,2044,0.0
Libya,Libya,NewCapacityTechFuel,Diesel,2044,0.0
Libya,Libya,NewCapacityTechFuel,Diesel,2044,0.0
Libya,Libya,NewCapacityTechFuel,Diesel,2044,0.0
Libya,Libya,NewCapacityTechFuel,Diesel,2044,0.0
Libya,Libya,NewCapacityTechFuel,Diesel,2044,0.0
Libya,Libya,NewCapacityTechFuel,Diesel,2044,0.0
Libya,Libya,NewCapacityTechFuel,Biomass,2044,0.0
Libya,Libya,NewCapacityTechFuel,Biomass,2044,0.0
Libya,Libya,NewCapacityTechFuel,Biomass,2044,0.0
Libya,Libya,NewCapacityTechFuel,Reservoir,2044,0.0
Libya,Libya,NewCapacityTechFuel,Reservoir,2044,0.0
Libya,Libya,NewCapacityTechFuel,ROR,2044,0.0
Libya,Libya,NewCapacityTechFuel,CSP,2044,0.0
Libya,Libya,NewCapacityTechFuel,CSP,2044,0.0
Libya,Libya,NewCapacityTechFuel,Offshore Wind,2044,0.0
Libya,Libya,NewCapacityTechFuel,Onshore Wind,2044,0.0
Libya,Libya,NewCapacityTechFuel,Onshore Wind,2044,500.0
Libya,Libya,NewCapacityTechFuel,PV,2044,2000.0
Libya,Libya,NewCapacityTechFuel,PV,2044,0.0
Libya,Libya,NewCapacityTechFuel,PV+Storage,2044,0.0
Libya,Libya,NewCapacityTechFuel,Solar Thermal,2044,0.0
Libya,Libya,NewCapacityTechFuel,Battery,2044,500.0
Libya,Libya,NewCapacityTechFuel,PSH,2044,0.0
Libya,Libya,NewCapacityTechFuel,PSH,2044,0.0
Libya,Libya,NewCapacityTechFuel,Imports,2044,0.0
Libya,Libya,NewCapacityTechFuel,Peat,2044,0.0
Libya,Libya,NewCapacityTechFuel,Waste,2044,0.0
Libya,Libya,NewCapacityTechFuel,Methane,2044,0.0
Libya,Libya,NewCapacityTechFuel,Solar,2044,0.0
Libya,Libya,NewCapacityTechFuel,Solar,2044,0.0
Libya,Libya,NewCapacityTechFuel,Nuclear,2045,0.0
Libya,Libya,NewCapacityTechFuel,Gas,2045,400.0
Libya,Libya,NewCapacityTechFuel,Gas,2045,0.0
Libya,Libya,NewCapacityTechFuel,Gas,2045,0.0
Libya,Libya,NewCapacityTechFuel,Gas,2045,0.0
Libya,Libya,NewCapacityTechFuel,Gas,2045,0.0
Libya,Libya,NewCapacityTechFuel,Gas,2045,0.0
Libya,Libya,NewCapacityTechFuel,Gas,2045,0.0
Libya,Libya,NewCapacityTechFuel,Gas,2045,0.0
Libya,Libya,NewCapacityTechFuel,Gas,2045,0.0
Libya,Libya,NewCapacityTechFuel,Gas,2045,0.0
Libya,Libya,NewCapacityTechFuel,Gas,2045,0.0
Libya,Libya,NewCapacityTechFuel,Gas,2045,0.0
Libya,Libya,NewCapacityTechFuel,Gas,2045,0.0
Libya,Libya,NewCapacityTechFuel,Coal,2045,0.0
Libya,Libya,NewCapacityTechFuel,Coal,2045,0.0
Libya,Libya,NewCapacityTechFuel,Coal,2045,0.0
Libya,Libya,NewCapacityTechFuel,Coal,2045,0.0
Libya,Libya,NewCapacityTechFuel,Geothermal,2045,0.0
Libya,Libya,NewCapacityTechFuel,Geothermal,2045,0.0
Libya,Libya,NewCapacityTechFuel,Diesel,2045,0.0
Libya,Libya,NewCapacityTechFuel,Diesel,2045,0.0
Libya,Libya,NewCapacityTechFuel,Diesel,2045,0.0
Libya,Libya,NewCapacityTechFuel,Diesel,2045,0.0
Libya,Libya,NewCapacityTechFuel,Diesel,2045,0.0
Libya,Libya,NewCapacityTechFuel,Diesel,2045,0.0
Libya,Libya,NewCapacityTechFuel,Diesel,2045,0.0
Libya,Libya,NewCapacityTechFuel,Biomass,2045,0.0
Libya,Libya,NewCapacityTechFuel,Biomass,2045,0.0
Libya,Libya,NewCapacityTechFuel,Biomass,2045,0.0
Libya,Libya,NewCapacityTechFuel,Reservoir,2045,0.0
Libya,Libya,NewCapacityTechFuel,Reservoir,2045,0.0
Libya,Libya,NewCapacityTechFuel,ROR,2045,0.0
Libya,Libya,NewCapacityTechFuel,CSP,2045,0.0
Libya,Libya,NewCapacityTechFuel,CSP,2045,0.0
Libya,Libya,NewCapacityTechFuel,Offshore Wind,2045,0.0
Libya,Libya,NewCapacityTechFuel,Onshore Wind,2045,0.0
Libya,Libya,NewCapacityTechFuel,Onshore Wind,2045,500.0
Libya,Libya,NewCapacityTechFuel,PV,2045,2000.0
Libya,Libya,NewCapacityTechFuel,PV,2045,0.0
Libya,Libya,NewCapacityTechFuel,PV+Storage,2045,0.0
Libya,Libya,NewCapacityTechFuel,Solar Thermal,2045,0.0
Libya,Libya,NewCapacityTechFuel,Battery,2045,500.0
Libya,Libya,NewCapacityTechFuel,PSH,2045,0.0
Libya,Libya,NewCapacityTechFuel,PSH,2045,0.0
Libya,Libya,NewCapacityTechFuel,Imports,2045,0.0
Libya,Libya,NewCapacityTechFuel,Peat,2045,0.0
Libya,Libya,NewCapacityTechFuel,Waste,2045,0.0
Libya,Libya,NewCapacityTechFuel,Methane,2045,0.0
Libya,Libya,NewCapacityTechFuel,Solar,2045,0.0
Libya,Libya,NewCapacityTechFuel,Solar,2045,0.0
Libya,Libya,NewCapacityTechFuel,Nuclear,2046,0.0
Libya,Libya,NewCapacityTechFuel,Gas,2046,400.0
Libya,Libya,NewCapacityTechFuel,Gas,2046,0.0
Libya,Libya,NewCapacityTechFuel,Gas,2046,0.0
Libya,Libya,NewCapacityTechFuel,Gas,2046,0.0
Libya,Libya,NewCapacityTechFuel,Gas,2046,0.0
Libya,Libya,NewCapacityTechFuel,Gas,2046,0.0
Libya,Libya,NewCapacityTechFuel,Gas,2046,0.0
Libya,Libya,NewCapacityTechFuel,Gas,2046,0.0
Libya,Libya,NewCapacityTechFuel,Gas,2046,0.0
Libya,Libya,NewCapacityTechFuel,Gas,2046,0.0
Libya,Libya,NewCapacityTechFuel,Gas,2046,0.0
Libya,Libya,NewCapacityTechFuel,Gas,2046,0.0
Libya,Libya,NewCapacityTechFuel,Gas,2046,0.0
Libya,Libya,NewCapacityTechFuel,Coal,2046,0.0
Libya,Libya,NewCapacityTechFuel,Coal,2046,0.0
Libya,Libya,NewCapacityTechFuel,Coal,2046,0.0
Libya,Libya,NewCapacityTechFuel,Coal,2046,0.0
Libya,Libya,NewCapacityTechFuel,Geothermal,2046,0.0
Libya,Libya,NewCapacityTechFuel,Geothermal,2046,0.0
Libya,Libya,NewCapacityTechFuel,Diesel,2046,0.0
Libya,Libya,NewCapacityTechFuel,Diesel,2046,0.0
Libya,Libya,NewCapacityTechFuel,Diesel,2046,0.0
Libya,Libya,NewCapacityTechFuel,Diesel,2046,0.0
Libya,Libya,NewCapacityTechFuel,Diesel,2046,0.0
Libya,Libya,NewCapacityTechFuel,Diesel,2046,0.0
Libya,Libya,NewCapacityTechFuel,Diesel,2046,0.0
Libya,Libya,NewCapacityTechFuel,Biomass,2046,0.0
Libya,Libya,NewCapacityTechFuel,Biomass,2046,0.0
Libya,Libya,NewCapacityTechFuel,Biomass,2046,0.0
Libya,Libya,NewCapacityTechFuel,Reservoir,2046,0.0
Libya,Libya,NewCapacityTechFuel,Reservoir,2046,0.0
Libya,Libya,NewCapacityTechFuel,ROR,2046,0.0
Libya,Libya,NewCapacityTechFuel,CSP,2046,0.0
Libya,Libya,NewCapacityTechFuel,CSP,2046,0.0
Libya,Libya,NewCapacityTechFuel,Offshore Wind,2046,0.0
Libya,Libya,NewCapacityTechFuel,Onshore Wind,2046,0.0
Libya,Libya,NewCapacityTechFuel,Onshore Wind,2046,500.0
Libya,Libya,NewCapacityTechFuel,PV,2046,2000.0
Libya,Libya,NewCapacityTechFuel,PV,2046,0.0
Libya,Libya,NewCapacityTechFuel,PV+Storage,2046,0.0
Libya,Libya,NewCapacityTechFuel,Solar Thermal,2046,0.0
Libya,Libya,NewCapacityTechFuel,Battery,2046,500.0
Libya,Libya,NewCapacityTechFuel,PSH,2046,0.0
Libya,Libya,NewCapacityTechFuel,PSH,2046,0.0
Libya,Libya,NewCapacityTechFuel,Imports,2046,0.0
Libya,Libya,NewCapacityTechFuel,Peat,2046,0.0
Libya,Libya,NewCapacityTechFuel,Waste,2046,0.0
Libya,Libya,NewCapacityTechFuel,Methane,2046,0.0
Libya,Libya,NewCapacityTechFuel,Solar,2046,0.0
Libya,Libya,NewCapacityTechFuel,Solar,2046,0.0
Libya,Libya,NewCapacityTechFuel,Nuclear,2047,0.0
Libya,Libya,NewCapacityTechFuel,Gas,2047,400.0
Libya,Libya,NewCapacityTechFuel,Gas,2047,0.0
Libya,Libya,NewCapacityTechFuel,Gas,2047,0.0
Libya,Libya,NewCapacityTechFuel,Gas,2047,0.0
Libya,Libya,NewCapacityTechFuel,Gas,2047,0.0
Libya,Libya,NewCapacityTechFuel,Gas,2047,0.0
Libya,Libya,NewCapacityTechFuel,Gas,2047,0.0
Libya,Libya,NewCapacityTechFuel,Gas,2047,0.0
Libya,Libya,NewCapacityTechFuel,Gas,2047,0.0
Libya,Libya,NewCapacityTechFuel,Gas,2047,0.0
Libya,Libya,NewCapacityTechFuel,Gas,2047,0.0
Libya,Libya,NewCapacityTechFuel,Gas,2047,0.0
Libya,Libya,NewCapacityTechFuel,Gas,2047,0.0
Libya,Libya,NewCapacityTechFuel,Coal,2047,0.0
Libya,Libya,NewCapacityTechFuel,Coal,2047,0.0
Libya,Libya,NewCapacityTechFuel,Coal,2047,0.0
Libya,Libya,NewCapacityTechFuel,Coal,2047,0.0
Libya,Libya,NewCapacityTechFuel,Geothermal,2047,0.0
Libya,Libya,NewCapacityTechFuel,Geothermal,2047,0.0
Libya,Libya,NewCapacityTechFuel,Diesel,2047,0.0
Libya,Libya,NewCapacityTechFuel,Diesel,2047,0.0
Libya,Libya,NewCapacityTechFuel,Diesel,2047,0.0
Libya,Libya,NewCapacityTechFuel,Diesel,2047,0.0
Libya,Libya,NewCapacityTechFuel,Diesel,2047,0.0
Libya,Libya,NewCapacityTechFuel,Diesel,2047,0.0
Libya,Libya,NewCapacityTechFuel,Diesel,2047,0.0
Libya,Libya,NewCapacityTechFuel,Biomass,2047,0.0
Libya,Libya,NewCapacityTechFuel,Biomass,2047,0.0
Libya,Libya,NewCapacityTechFuel,Biomass,2047,0.0
Libya,Libya,NewCapacityTechFuel,Reservoir,2047,0.0
Libya,Libya,NewCapacityTechFuel,Reservoir,2047,0.0
Libya,Libya,NewCapacityTechFuel,ROR,2047,0.0
Libya,Libya,NewCapacityTechFuel,CSP,2047,0.0
Libya,Libya,NewCapacityTechFuel,CSP,2047,0.0
Libya,Libya,NewCapacityTechFuel,Offshore Wind,2047,0.0
Libya,Libya,NewCapacityTechFuel,Onshore Wind,2047,0.0
Libya,Libya,NewCapacityTechFuel,Onshore Wind,2047,500.0
Libya,Libya,NewCapacityTechFuel,PV,2047,2000.0
Libya,Libya,NewCapacityTechFuel,PV,2047,0.0
Libya,Libya,NewCapacityTechFuel,PV+Storage,2047,0.0
Libya,Libya,NewCapacityTechFuel,Solar Thermal,2047,0.0
Libya,Libya,NewCapacityTechFuel,Battery,2047,500.0
Libya,Libya,NewCapacityTechFuel,PSH,2047,0.0
Libya,Libya,NewCapacityTechFuel,PSH,2047,0.0
Libya,Libya,NewCapacityTechFuel,Imports,2047,0.0
Libya,Libya,NewCapacityTechFuel,Peat,2047,0.0
Libya,Libya,NewCapacityTechFuel,Waste,2047,0.0
Libya,Libya,NewCapacityTechFuel,Methane,2047,0.0
Libya,Libya,NewCapacityTechFuel,Solar,2047,0.0
Libya,Libya,NewCapacityTechFuel,Solar,2047,0.0
Libya,Libya,NewCapacityTechFuel,Nuclear,2048,0.0
Libya,Libya,NewCapacityTechFuel,Gas,2048,400.0
Libya,Libya,NewCapacityTechFuel,Gas,2048,0.0
Libya,Libya,NewCapacityTechFuel,Gas,2048,0.0
Libya,Libya,NewCapacityTechFuel,Gas,2048,0.0
Libya,Libya,NewCapacityTechFuel,Gas,2048,0.0
Libya,Libya,NewCapacityTechFuel,Gas,2048,0.0
Libya,Libya,NewCapacityTechFuel,Gas,2048,0.0
Libya,Libya,NewCapacityTechFuel,Gas,2048,0.0
Libya,Libya,NewCapacityTechFuel,Gas,2048,0.0
Libya,Libya,NewCapacityTechFuel,Gas,2048,0.0
Libya,Libya,NewCapacityTechFuel,Gas,2048,0.0
Libya,Libya,NewCapacityTechFuel,Gas,2048,0.0
Libya,Libya,NewCapacityTechFuel,Gas,2048,0.0
Libya,Libya,NewCapacityTechFuel,Coal,2048,0.0
Libya,Libya,NewCapacityTechFuel,Coal,2048,0.0
Libya,Libya,NewCapacityTechFuel,Coal,2048,0.0
Libya,Libya,NewCapacityTechFuel,Coal,2048,0.0
Libya,Libya,NewCapacityTechFuel,Geothermal,2048,0.0
Libya,Libya,NewCapacityTechFuel,Geothermal,2048,0.0
Libya,Libya,NewCapacityTechFuel,Diesel,2048,0.0
Libya,Libya,NewCapacityTechFuel,Diesel,2048,0.0
Libya,Libya,NewCapacityTechFuel,Diesel,2048,0.0
Libya,Libya,NewCapacityTechFuel,Diesel,2048,0.0
Libya,Libya,NewCapacityTechFuel,Diesel,2048,0.0
Libya,Libya,NewCapacityTechFuel,Diesel,2048,0.0
Libya,Libya,NewCapacityTechFuel,Diesel,2048,0.0
Libya,Libya,NewCapacityTechFuel,Biomass,2048,0.0
Libya,Libya,NewCapacityTechFuel,Biomass,2048,0.0
Libya,Libya,NewCapacityTechFuel,Biomass,2048,0.0
Libya,Libya,NewCapacityTechFuel,Reservoir,2048,0.0
Libya,Libya,NewCapacityTechFuel,Reservoir,2048,0.0
Libya,Libya,NewCapacityTechFuel,ROR,2048,0.0
Libya,Libya,NewCapacityTechFuel,CSP,2048,0.0
Libya,Libya,NewCapacityTechFuel,CSP,2048,0.0
Libya,Libya,NewCapacityTechFuel,Offshore Wind,2048,0.0
Libya,Libya,NewCapacityTechFuel,Onshore Wind,2048,0.0
Libya,Libya,NewCapacityTechFuel,Onshore Wind,2048,500.0
Libya,Libya,NewCapacityTechFuel,PV,2048,1612.7855978653788
Libya,Libya,NewCapacityTechFuel,PV,2048,0.0
Libya,Libya,NewCapacityTechFuel,PV+Storage,2048,0.0
Libya,Libya,NewCapacityTechFuel,Solar Thermal,2048,0.0
Libya,Libya,NewCapacityTechFuel,Battery,2048,500.0
Libya,Libya,NewCapacityTechFuel,PSH,2048,0.0
Libya,Libya,NewCapacityTechFuel,PSH,2048,0.0
Libya,Libya,NewCapacityTechFuel,Imports,2048,0.0
Libya,Libya,NewCapacityTechFuel,Peat,2048,0.0
Libya,Libya,NewCapacityTechFuel,Waste,2048,0.0
Libya,Libya,NewCapacityTechFuel,Methane,2048,0.0
Libya,Libya,NewCapacityTechFuel,Solar,2048,0.0
Libya,Libya,NewCapacityTechFuel,Solar,2048,0.0
Libya,Libya,NewCapacityTechFuel,Nuclear,2049,0.0
Libya,Libya,NewCapacityTechFuel,Gas,2049,400.0
Libya,Libya,NewCapacityTechFuel,Gas,2049,0.0
Libya,Libya,NewCapacityTechFuel,Gas,2049,0.0
Libya,Libya,NewCapacityTechFuel,Gas,2049,0.0
Libya,Libya,NewCapacityTechFuel,Gas,2049,0.0
Libya,Libya,NewCapacityTechFuel,Gas,2049,0.0
Libya,Libya,NewCapacityTechFuel,Gas,2049,0.0
Libya,Libya,NewCapacityTechFuel,Gas,2049,0.0
Libya,Libya,NewCapacityTechFuel,Gas,2049,0.0
Libya,Libya,NewCapacityTechFuel,Gas,2049,0.0
Libya,Libya,NewCapacityTechFuel,Gas,2049,0.0
Libya,Libya,NewCapacityTechFuel,Gas,2049,0.0
Libya,Libya,NewCapacityTechFuel,Gas,2049,0.0
Libya,Libya,NewCapacityTechFuel,Coal,2049,0.0
Libya,Libya,NewCapacityTechFuel,Coal,2049,0.0
Libya,Libya,NewCapacityTechFuel,Coal,2049,0.0
Libya,Libya,NewCapacityTechFuel,Coal,2049,0.0
Libya,Libya,NewCapacityTechFuel,Geothermal,2049,0.0
Libya,Libya,NewCapacityTechFuel,Geothermal,2049,0.0
Libya,Libya,NewCapacityTechFuel,Diesel,2049,0.0
Libya,Libya,NewCapacityTechFuel,Diesel,2049,0.0
Libya,Libya,NewCapacityTechFuel,Diesel,2049,0.0
Libya,Libya,NewCapacityTechFuel,Diesel,2049,0.0
Libya,Libya,NewCapacityTechFuel,Diesel,2049,0.0
Libya,Libya,NewCapacityTechFuel,Diesel,2049,0.0
Libya,Libya,NewCapacityTechFuel,Diesel,2049,0.0
Libya,Libya,NewCapacityTechFuel,Biomass,2049,0.0
Libya,Libya,NewCapacityTechFuel,Biomass,2049,0.0
Libya,Libya,NewCapacityTechFuel,Biomass,2049,0.0
Libya,Libya,NewCapacityTechFuel,Reservoir,2049,0.0
Libya,Libya,NewCapacityTechFuel,Reservoir,2049,0.0
Libya,Libya,NewCapacityTechFuel,ROR,2049,0.0
Libya,Libya,NewCapacityTechFuel,CSP,2049,0.0
Libya,Libya,NewCapacityTechFuel,CSP,2049,0.0
Libya,Libya,NewCapacityTechFuel,Offshore Wind,2049,0.0
Libya,Libya,NewCapacityTechFuel,Onshore Wind,2049,0.0
Libya,Libya,NewCapacityTechFuel,Onshore Wind,2049,500.0
Libya,Libya,NewCapacityTechFuel,PV,2049,339.85877658197023
Libya,Libya,NewCapacityTechFuel,PV,2049,0.0
Libya,Libya,NewCapacityTechFuel,PV+Storage,2049,0.0
Libya,Libya,NewCapacityTechFuel,Solar Thermal,2049,0.0
Libya,Libya,NewCapacityTechFuel,Battery,2049,500.0
Libya,Libya,NewCapacityTechFuel,PSH,2049,0.0
Libya,Libya,NewCapacityTechFuel,PSH,2049,0.0
Libya,Libya,NewCapacityTechFuel,Imports,2049,0.0
Libya,Libya,NewCapacityTechFuel,Peat,2049,0.0
Libya,Libya,NewCapacityTechFuel,Waste,2049,0.0
Libya,Libya,NewCapacityTechFuel,Methane,2049,0.0
Libya,Libya,NewCapacityTechFuel,Solar,2049,0.0
Libya,Libya,NewCapacityTechFuel,Solar,2049,0.0
Libya,Libya,NewCapacityTechFuel,Nuclear,2050,0.0
Libya,Libya,NewCapacityTechFuel,Gas,2050,0.0
Libya,Libya,NewCapacityTechFuel,Gas,2050,0.0
Libya,Libya,NewCapacityTechFuel,Gas,2050,0.0
Libya,Libya,NewCapacityTechFuel,Gas,2050,0.0
Libya,Libya,NewCapacityTechFuel,Gas,2050,0.0
Libya,Libya,NewCapacityTechFuel,Gas,2050,0.0
Libya,Libya,NewCapacityTechFuel,Gas,2050,0.0
Libya,Libya,NewCapacityTechFuel,Gas,2050,0.0
Libya,Libya,NewCapacityTechFuel,Gas,2050,0.0
Libya,Libya,NewCapacityTechFuel,Gas,2050,0.0
Libya,Libya,NewCapacityTechFuel,Gas,2050,0.0
Libya,Libya,NewCapacityTechFuel,Gas,2050,0.0
Libya,Libya,NewCapacityTechFuel,Gas,2050,0.0
Libya,Libya,NewCapacityTechFuel,Coal,2050,0.0
Libya,Libya,NewCapacityTechFuel,Coal,2050,0.0
Libya,Libya,NewCapacityTechFuel,Coal,2050,0.0
Libya,Libya,NewCapacityTechFuel,Coal,2050,0.0
Libya,Libya,NewCapacityTechFuel,Geothermal,2050,0.0
Libya,Libya,NewCapacityTechFuel,Geothermal,2050,0.0
Libya,Libya,NewCapacityTechFuel,Diesel,2050,0.0
Libya,Libya,NewCapacityTechFuel,Diesel,2050,0.0
Libya,Libya,NewCapacityTechFuel,Diesel,2050,0.0
Libya,Libya,NewCapacityTechFuel,Diesel,2050,0.0
Libya,Libya,NewCapacityTechFuel,Diesel,2050,0.0
Libya,Libya,NewCapacityTechFuel,Diesel,2050,0.0
Libya,Libya,NewCapacityTechFuel,Diesel,2050,0.0
Libya,Libya,NewCapacityTechFuel,Biomass,2050,0.0
Libya,Libya,NewCapacityTechFuel,Biomass,2050,0.0
Libya,Libya,NewCapacityTechFuel,Biomass,2050,0.0
Libya,Libya,NewCapacityTechFuel,Reservoir,2050,0.0
Libya,Libya,NewCapacityTechFuel,Reservoir,2050,0.0
Libya,Libya,NewCapacityTechFuel,ROR,2050,0.0
Libya,Libya,NewCapacityTechFuel,CSP,2050,0.0
Libya,Libya,NewCapacityTechFuel,CSP,2050,0.0
Libya,Libya,NewCapacityTechFuel,Offshore Wind,2050,0.0
Libya,Libya,NewCapacityTechFuel,Onshore Wind,2050,0.0
Libya,Libya,NewCapacityTechFuel,Onshore Wind,2050,500.0
Libya,Libya,NewCapacityTechFuel,PV,2050,390.42272292378766
Libya,Libya,NewCapacityTechFuel,PV,2050,0.0
Libya,Libya,NewCapacityTechFuel,PV+Storage,2050,0.0
Libya,Libya,NewCapacityTechFuel,Solar Thermal,2050,0.0
Libya,Libya,NewCapacityTechFuel,Battery,2050,500.0
Libya,Libya,NewCapacityTechFuel,PSH,2050,0.0
Libya,Libya,NewCapacityTechFuel,PSH,2050,0.0
Libya,Libya,NewCapacityTechFuel,Imports,2050,0.0
Libya,Libya,NewCapacityTechFuel,Peat,2050,0.0
Libya,Libya,NewCapacityTechFuel,Waste,2050,0.0
Libya,Libya,NewCapacityTechFuel,Methane,2050,0.0
Libya,Libya,NewCapacityTechFuel,Solar,2050,0.0
Libya,Libya,NewCapacityTechFuel,Solar,2050,0.0
Libya,Libya,NewCapacityTechFuelCumulated,Nuclear,2028,0.0
Libya,Libya,NewCapacityTechFuelCumulated,Gas,2028,0.0
Libya,Libya,NewCapacityTechFuelCumulated,Gas,2028,0.0
Libya,Libya,NewCapacityTechFuelCumulated,Gas,2028,0.0
Libya,Libya,NewCapacityTechFuelCumulated,Gas,2028,0.0
Libya,Libya,NewCapacityTechFuelCumulated,Gas,2028,0.0
Libya,Libya,NewCapacityTechFuelCumulated,Gas,2028,0.0
Libya,Libya,NewCapacityTechFuelCumulated,Gas,2028,0.0
Libya,Libya,NewCapacityTechFuelCumulated,Gas,2028,1320.0
Libya,Libya,NewCapacityTechFuelCumulated,Gas,2028,0.0
Libya,Libya,NewCapacityTechFuelCumulated,Gas,2028,0.0
Libya,Libya,NewCapacityTechFuelCumulated,Gas,2028,0.0
Libya,Libya,NewCapacityTechFuelCumulated,Gas,2028,0.0
Libya,Libya,NewCapacityTechFuelCumulated,Gas,2028,0.0
Libya,Libya,NewCapacityTechFuelCumulated,Coal,2028,0.0
Libya,Libya,NewCapacityTechFuelCumulated,Coal,2028,0.0
Libya,Libya,NewCapacityTechFuelCumulated,Coal,2028,0.0
Libya,Libya,NewCapacityTechFuelCumulated,Coal,2028,0.0
Libya,Libya,NewCapacityTechFuelCumulated,Geothermal,2028,0.0
Libya,Libya,NewCapacityTechFuelCumulated,Geothermal,2028,0.0
Libya,Libya,NewCapacityTechFuelCumulated,Diesel,2028,0.0
Libya,Libya,NewCapacityTechFuelCumulated,Diesel,2028,0.0
Libya,Libya,NewCapacityTechFuelCumulated,Diesel,2028,0.0
Libya,Libya,NewCapacityTechFuelCumulated,Diesel,2028,0.0
Libya,Libya,NewCapacityTechFuelCumulated,Diesel,2028,0.0
Libya,Libya,NewCapacityTechFuelCumulated,Diesel,2028,0.0
Libya,Libya,NewCapacityTechFuelCumulated,Diesel,2028,0.0
Libya,Libya,NewCapacityTechFuelCumulated,Biomass,2028,0.0
Libya,Libya,NewCapacityTechFuelCumulated,Biomass,2028,0.0
Libya,Libya,NewCapacityTechFuelCumulated,Biomass,2028,0.0
Libya,Libya,NewCapacityTechFuelCumulated,Reservoir,2028,0.0
Libya,Libya,NewCapacityTechFuelCumulated,Reservoir,2028,0.0
Libya,Libya,NewCapacityTechFuelCumulated,ROR,2028,0.0
Libya,Libya,NewCapacityTechFuelCumulated,CSP,2028,0.0
Libya,Libya,NewCapacityTechFuelCumulated,CSP,2028,0.0
Libya,Libya,NewCapacityTechFuelCumulated,Offshore Wind,2028,0.0
Libya,Libya,NewCapacityTechFuelCumulated,Onshore Wind,2028,0.0
Libya,Libya,NewCapacityTechFuelCumulated,Onshore Wind,2028,0.0
Libya,Libya,NewCapacityTechFuelCumulated,PV,2028,0.0
Libya,Libya,NewCapacityTechFuelCumulated,PV,2028,500.0
Libya,Libya,NewCapacityTechFuelCumulated,PV+Storage,2028,0.0
Libya,Libya,NewCapacityTechFuelCumulated,Solar Thermal,2028,0.0
Libya,Libya,NewCapacityTechFuelCumulated,Battery,2028,0.0
Libya,Libya,NewCapacityTechFuelCumulated,PSH,2028,0.0
Libya,Libya,NewCapacityTechFuelCumulated,PSH,2028,0.0
Libya,Libya,NewCapacityTechFuelCumulated,Imports,2028,0.0
Libya,Libya,NewCapacityTechFuelCumulated,Peat,2028,0.0
Libya,Libya,NewCapacityTechFuelCumulated,Waste,2028,0.0
Libya,Libya,NewCapacityTechFuelCumulated,Methane,2028,0.0
Libya,Libya,NewCapacityTechFuelCumulated,Solar,2028,0.0
Libya,Libya,NewCapacityTechFuelCumulated,Solar,2028,0.0
Libya,Libya,NewCapacityTechFuelCumulated,Nuclear,2029,0.0
Libya,Libya,NewCapacityTechFuelCumulated,Gas,2029,0.0
Libya,Libya,NewCapacityTechFuelCumulated,Gas,2029,400.0
Libya,Libya,NewCapacityTechFuelCumulated,Gas,2029,0.0
Libya,Libya,NewCapacityTechFuelCumulated,Gas,2029,0.0
Libya,Libya,NewCapacityTechFuelCumulated,Gas,2029,0.0
Libya,Libya,NewCapacityTechFuelCumulated,Gas,2029,0.0
Libya,Libya,NewCapacityTechFuelCumulated,Gas,2029,0.0
Libya,Libya,NewCapacityTechFuelCumulated,Gas,2029,1320.0
Libya,Libya,NewCapacityTechFuelCumulated,Gas,2029,0.0
Libya,Libya,NewCapacityTechFuelCumulated,Gas,2029,0.0
Libya,Libya,NewCapacityTechFuelCumulated,Gas,2029,0.0
Libya,Libya,NewCapacityTechFuelCumulated,Gas,2029,0.0
Libya,Libya,NewCapacityTechFuelCumulated,Gas,2029,0.0
Libya,Libya,NewCapacityTechFuelCumulated,Coal,2029,0.0
Libya,Libya,NewCapacityTechFuelCumulated,Coal,2029,0.0
Libya,Libya,NewCapacityTechFuelCumulated,Coal,2029,0.0
Libya,Libya,NewCapacityTechFuelCumulated,Coal,2029,0.0
Libya,Libya,NewCapacityTechFuelCumulated,Geothermal,2029,0.0
Libya,Libya,NewCapacityTechFuelCumulated,Geothermal,2029,0.0
Libya,Libya,NewCapacityTechFuelCumulated,Diesel,2029,0.0
Libya,Libya,NewCapacityTechFuelCumulated,Diesel,2029,0.0
Libya,Libya,NewCapacityTechFuelCumulated,Diesel,2029,0.0
Libya,Libya,NewCapacityTechFuelCumulated,Diesel,2029,0.0
Libya,Libya,NewCapacityTechFuelCumulated,Diesel,2029,0.0
Libya,Libya,NewCapacityTechFuelCumulated,Diesel,2029,0.0
Libya,Libya,NewCapacityTechFuelCumulated,Diesel,2029,0.0
Libya,Libya,NewCapacityTechFuelCumulated,Biomass,2029,0.0
Libya,Libya,NewCapacityTechFuelCumulated,Biomass,2029,0.0
Libya,Libya,NewCapacityTechFuelCumulated,Biomass,2029,0.0
Libya,Libya,NewCapacityTechFuelCumulated,Reservoir,2029,0.0
Libya,Libya,NewCapacityTechFuelCumulated,Reservoir,2029,0.0
Libya,Libya,NewCapacityTechFuelCumulated,ROR,2029,0.0
Libya,Libya,NewCapacityTechFuelCumulated,CSP,2029,0.0
Libya,Libya,NewCapacityTechFuelCumulated,CSP,2029,0.0
Libya,Libya,NewCapacityTechFuelCumulated,Offshore Wind,2029,0.0
Libya,Libya,NewCapacityTechFuelCumulated,Onshore Wind,2029,0.0
Libya,Libya,NewCapacityTechFuelCumulated,Onshore Wind,2029,0.0
Libya,Libya,NewCapacityTechFuelCumulated,PV,2029,0.0
Libya,Libya,NewCapacityTechFuelCumulated,PV,2029,1000.0
Libya,Libya,NewCapacityTechFuelCumulated,PV+Storage,2029,0.0
Libya,Libya,NewCapacityTechFuelCumulated,Solar Thermal,2029,0.0
Libya,Libya,NewCapacityTechFuelCumulated,Battery,2029,0.0
Libya,Libya,NewCapacityTechFuelCumulated,PSH,2029,0.0
Libya,Libya,NewCapacityTechFuelCumulated,PSH,2029,0.0
Libya,Libya,NewCapacityTechFuelCumulated,Imports,2029,0.0
Libya,Libya,NewCapacityTechFuelCumulated,Peat,2029,0.0
Libya,Libya,NewCapacityTechFuelCumulated,Waste,2029,0.0
Libya,Libya,NewCapacityTechFuelCumulated,Methane,2029,0.0
Libya,Libya,NewCapacityTechFuelCumulated,Solar,2029,0.0
Libya,Libya,NewCapacityTechFuelCumulated,Solar,2029,0.0
Libya,Libya,NewCapacityTechFuelCumulated,Nuclear,2030,0.0
Libya,Libya,NewCapacityTechFuelCumulated,Gas,2030,0.0
Libya,Libya,NewCapacityTechFuelCumulated,Gas,2030,800.0
Libya,Libya,NewCapacityTechFuelCumulated,Gas,2030,0.0
Libya,Libya,NewCapacityTechFuelCumulated,Gas,2030,0.0
Libya,Libya,NewCapacityTechFuelCumulated,Gas,2030,0.0
Libya,Libya,NewCapacityTechFuelCumulated,Gas,2030,0.0
Libya,Libya,NewCapacityTechFuelCumulated,Gas,2030,0.0
Libya,Libya,NewCapacityTechFuelCumulated,Gas,2030,1320.0
Libya,Libya,NewCapacityTechFuelCumulated,Gas,2030,0.0
Libya,Libya,NewCapacityTechFuelCumulated,Gas,2030,0.0
Libya,Libya,NewCapacityTechFuelCumulated,Gas,2030,0.0
Libya,Libya,NewCapacityTechFuelCumulated,Gas,2030,0.0
Libya,Libya,NewCapacityTechFuelCumulated,Gas,2030,0.0
Libya,Libya,NewCapacityTechFuelCumulated,Coal,2030,0.0
Libya,Libya,NewCapacityTechFuelCumulated,Coal,2030,0.0
Libya,Libya,NewCapacityTechFuelCumulated,Coal,2030,0.0
Libya,Libya,NewCapacityTechFuelCumulated,Coal,2030,0.0
Libya,Libya,NewCapacityTechFuelCumulated,Geothermal,2030,0.0
Libya,Libya,NewCapacityTechFuelCumulated,Geothermal,2030,0.0
Libya,Libya,NewCapacityTechFuelCumulated,Diesel,2030,0.0
Libya,Libya,NewCapacityTechFuelCumulated,Diesel,2030,0.0
Libya,Libya,NewCapacityTechFuelCumulated,Diesel,2030,0.0
Libya,Libya,NewCapacityTechFuelCumulated,Diesel,2030,0.0
Libya,Libya,NewCapacityTechFuelCumulated,Diesel,2030,0.0
Libya,Libya,NewCapacityTechFuelCumulated,Diesel,2030,0.0
Libya,Libya,NewCapacityTechFuelCumulated,Diesel,2030,0.0
Libya,Libya,NewCapacityTechFuelCumulated,Biomass,2030,0.0
Libya,Libya,NewCapacityTechFuelCumulated,Biomass,2030,0.0
Libya,Libya,NewCapacityTechFuelCumulated,Biomass,2030,0.0
Libya,Libya,NewCapacityTechFuelCumulated,Reservoir,2030,0.0
Libya,Libya,NewCapacityTechFuelCumulated,Reservoir,2030,0.0
Libya,Libya,NewCapacityTechFuelCumulated,ROR,2030,0.0
Libya,Libya,NewCapacityTechFuelCumulated,CSP,2030,0.0
Libya,Libya,NewCapacityTechFuelCumulated,CSP,2030,0.0
Libya,Libya,NewCapacityTechFuelCumulated,Offshore Wind,2030,0.0
Libya,Libya,NewCapacityTechFuelCumulated,Onshore Wind,2030,0.0
Libya,Libya,NewCapacityTechFuelCumulated,Onshore Wind,2030,0.0
Libya,Libya,NewCapacityTechFuelCumulated,PV,2030,0.0
Libya,Libya,NewCapacityTechFuelCumulated,PV,2030,1500.0
Libya,Libya,NewCapacityTechFuelCumulated,PV+Storage,2030,0.0
Libya,Libya,NewCapacityTechFuelCumulated,Solar Thermal,2030,0.0
Libya,Libya,NewCapacityTechFuelCumulated,Battery,2030,0.0
Libya,Libya,NewCapacityTechFuelCumulated,PSH,2030,0.0
Libya,Libya,NewCapacityTechFuelCumulated,PSH,2030,0.0
Libya,Libya,NewCapacityTechFuelCumulated,Imports,2030,0.0
Libya,Libya,NewCapacityTechFuelCumulated,Peat,2030,0.0
Libya,Libya,NewCapacityTechFuelCumulated,Waste,2030,0.0
Libya,Libya,NewCapacityTechFuelCumulated,Methane,2030,0.0
Libya,Libya,NewCapacityTechFuelCumulated,Solar,2030,0.0
Libya,Libya,NewCapacityTechFuelCumulated,Solar,2030,0.0
Libya,Libya,NewCapacityTechFuelCumulated,Nuclear,2031,0.0
Libya,Libya,NewCapacityTechFuelCumulated,Gas,2031,0.0
Libya,Libya,NewCapacityTechFuelCumulated,Gas,2031,1200.0
Libya,Libya,NewCapacityTechFuelCumulated,Gas,2031,0.0
Libya,Libya,NewCapacityTechFuelCumulated,Gas,2031,0.0
Libya,Libya,NewCapacityTechFuelCumulated,Gas,2031,0.0
Libya,Libya,NewCapacityTechFuelCumulated,Gas,2031,0.0
Libya,Libya,NewCapacityTechFuelCumulated,Gas,2031,0.0
Libya,Libya,NewCapacityTechFuelCumulated,Gas,2031,1320.0
Libya,Libya,NewCapacityTechFuelCumulated,Gas,2031,0.0
Libya,Libya,NewCapacityTechFuelCumulated,Gas,2031,0.0
Libya,Libya,NewCapacityTechFuelCumulated,Gas,2031,0.0
Libya,Libya,NewCapacityTechFuelCumulated,Gas,2031,0.0
Libya,Libya,NewCapacityTechFuelCumulated,Gas,2031,0.0
Libya,Libya,NewCapacityTechFuelCumulated,Coal,2031,0.0
Libya,Libya,NewCapacityTechFuelCumulated,Coal,2031,0.0
Libya,Libya,NewCapacityTechFuelCumulated,Coal,2031,0.0
Libya,Libya,NewCapacityTechFuelCumulated,Coal,2031,0.0
Libya,Libya,NewCapacityTechFuelCumulated,Geothermal,2031,0.0
Libya,Libya,NewCapacityTechFuelCumulated,Geothermal,2031,0.0
Libya,Libya,NewCapacityTechFuelCumulated,Diesel,2031,0.0
Libya,Libya,NewCapacityTechFuelCumulated,Diesel,2031,0.0
Libya,Libya,NewCapacityTechFuelCumulated,Diesel,2031,0.0
Libya,Libya,NewCapacityTechFuelCumulated,Diesel,2031,0.0
Libya,Libya,NewCapacityTechFuelCumulated,Diesel,2031,0.0
Libya,Libya,NewCapacityTechFuelCumulated,Diesel,2031,0.0
Libya,Libya,NewCapacityTechFuelCumulated,Diesel,2031,0.0
Libya,Libya,NewCapacityTechFuelCumulated,Biomass,2031,0.0
Libya,Libya,NewCapacityTechFuelCumulated,Biomass,2031,0.0
Libya,Libya,NewCapacityTechFuelCumulated,Biomass,2031,0.0
Libya,Libya,NewCapacityTechFuelCumulated,Reservoir,2031,0.0
Libya,Libya,NewCapacityTechFuelCumulated,Reservoir,2031,0.0
Libya,Libya,NewCapacityTechFuelCumulated,ROR,2031,0.0
Libya,Libya,NewCapacityTechFuelCumulated,CSP,2031,0.0
Libya,Libya,NewCapacityTechFuelCumulated,CSP,2031,0.0
Libya,Libya,NewCapacityTechFuelCumulated,Offshore Wind,2031,0.0
Libya,Libya,NewCapacityTechFuelCumulated,Onshore Wind,2031,500.0
Libya,Libya,NewCapacityTechFuelCumulated,Onshore Wind,2031,0.0
Libya,Libya,NewCapacityTechFuelCumulated,PV,2031,0.0
Libya,Libya,NewCapacityTechFuelCumulated,PV,2031,2000.0
Libya,Libya,NewCapacityTechFuelCumulated,PV+Storage,2031,0.0
Libya,Libya,NewCapacityTechFuelCumulated,Solar Thermal,2031,0.0
Libya,Libya,NewCapacityTechFuelCumulated,Battery,2031,0.0
Libya,Libya,NewCapacityTechFuelCumulated,PSH,2031,0.0
Libya,Libya,NewCapacityTechFuelCumulated,PSH,2031,0.0
Libya,Libya,NewCapacityTechFuelCumulated,Imports,2031,0.0
Libya,Libya,NewCapacityTechFuelCumulated,Peat,2031,0.0
Libya,Libya,NewCapacityTechFuelCumulated,Waste,2031,0.0
Libya,Libya,NewCapacityTechFuelCumulated,Methane,2031,0.0
Libya,Libya,NewCapacityTechFuelCumulated,Solar,2031,0.0
Libya,Libya,NewCapacityTechFuelCumulated,Solar,2031,0.0
Libya,Libya,NewCapacityTechFuelCumulated,Nuclear,2032,0.0
Libya,Libya,NewCapacityTechFuelCumulated,Gas,2032,0.0
Libya,Libya,NewCapacityTechFuelCumulated,Gas,2032,1600.0
Libya,Libya,NewCapacityTechFuelCumulated,Gas,2032,0.0
Libya,Libya,NewCapacityTechFuelCumulated,Gas,2032,0.0
Libya,Libya,NewCapacityTechFuelCumulated,Gas,2032,0.0
Libya,Libya,NewCapacityTechFuelCumulated,Gas,2032,0.0
Libya,Libya,NewCapacityTechFuelCumulated,Gas,2032,0.0
Libya,Libya,NewCapacityTechFuelCumulated,Gas,2032,1320.0
Libya,Libya,NewCapacityTechFuelCumulated,Gas,2032,0.0
Libya,Libya,NewCapacityTechFuelCumulated,Gas,2032,0.0
Libya,Libya,NewCapacityTechFuelCumulated,Gas,2032,0.0
Libya,Libya,NewCapacityTechFuelCumulated,Gas,2032,0.0
Libya,Libya,NewCapacityTechFuelCumulated,Gas,2032,0.0
Libya,Libya,NewCapacityTechFuelCumulated,Coal,2032,0.0
Libya,Libya,NewCapacityTechFuelCumulated,Coal,2032,0.0
Libya,Libya,NewCapacityTechFuelCumulated,Coal,2032,0.0
Libya,Libya,NewCapacityTechFuelCumulated,Coal,2032,0.0
Libya,Libya,NewCapacityTechFuelCumulated,Geothermal,2032,0.0
Libya,Libya,NewCapacityTechFuelCumulated,Geothermal,2032,0.0
Libya,Libya,NewCapacityTechFuelCumulated,Diesel,2032,0.0
Libya,Libya,NewCapacityTechFuelCumulated,Diesel,2032,0.0
Libya,Libya,NewCapacityTechFuelCumulated,Diesel,2032,0.0
Libya,Libya,NewCapacityTechFuelCumulated,Diesel,2032,0.0
Libya,Libya,NewCapacityTechFuelCumulated,Diesel,2032,0.0
Libya,Libya,NewCapacityTechFuelCumulated,Diesel,2032,0.0
Libya,Libya,NewCapacityTechFuelCumulated,Diesel,2032,0.0
Libya,Libya,NewCapacityTechFuelCumulated,Biomass,2032,0.0
Libya,Libya,NewCapacityTechFuelCumulated,Biomass,2032,0.0
Libya,Libya,NewCapacityTechFuelCumulated,Biomass,2032,0.0
Libya,Libya,NewCapacityTechFuelCumulated,Reservoir,2032,0.0
Libya,Libya,NewCapacityTechFuelCumulated,Reservoir,2032,0.0
Libya,Libya,NewCapacityTechFuelCumulated,ROR,2032,0.0
Libya,Libya,NewCapacityTechFuelCumulated,CSP,2032,0.0
Libya,Libya,NewCapacityTechFuelCumulated,CSP,2032,0.0
Libya,Libya,NewCapacityTechFuelCumulated,Offshore Wind,2032,0.0
Libya,Libya,NewCapacityTechFuelCumulated,Onshore Wind,2032,1000.0
Libya,Libya,NewCapacityTechFuelCumulated,Onshore Wind,2032,0.0
Libya,Libya,NewCapacityTechFuelCumulated,PV,2032,0.0
Libya,Libya,NewCapacityTechFuelCumulated,PV,2032,2500.0
Libya,Libya,NewCapacityTechFuelCumulated,PV+Storage,2032,0.0
Libya,Libya,NewCapacityTechFuelCumulated,Solar Thermal,2032,0.0
Libya,Libya,NewCapacityTechFuelCumulated,Battery,2032,0.0
Libya,Libya,NewCapacityTechFuelCumulated,PSH,2032,0.0
Libya,Libya,NewCapacityTechFuelCumulated,PSH,2032,0.0
Libya,Libya,NewCapacityTechFuelCumulated,Imports,2032,0.0
Libya,Libya,NewCapacityTechFuelCumulated,Peat,2032,0.0
Libya,Libya,NewCapacityTechFuelCumulated,Waste,2032,0.0
Libya,Libya,NewCapacityTechFuelCumulated,Methane,2032,0.0
Libya,Libya,NewCapacityTechFuelCumulated,Solar,2032,0.0
Libya,Libya,NewCapacityTechFuelCumulated,Solar,2032,0.0
Libya,Libya,NewCapacityTechFuelCumulated,Nuclear,2033,0.0
Libya,Libya,NewCapacityTechFuelCumulated,Gas,2033,0.0
Libya,Libya,NewCapacityTechFuelCumulated,Gas,2033,2000.0
Libya,Libya,NewCapacityTechFuelCumulated,Gas,2033,0.0
Libya,Libya,NewCapacityTechFuelCumulated,Gas,2033,0.0
Libya,Libya,NewCapacityTechFuelCumulated,Gas,2033,0.0
Libya,Libya,NewCapacityTechFuelCumulated,Gas,2033,0.0
Libya,Libya,NewCapacityTechFuelCumulated,Gas,2033,0.0
Libya,Libya,NewCapacityTechFuelCumulated,Gas,2033,1320.0
Libya,Libya,NewCapacityTechFuelCumulated,Gas,2033,0.0
Libya,Libya,NewCapacityTechFuelCumulated,Gas,2033,0.0
Libya,Libya,NewCapacityTechFuelCumulated,Gas,2033,0.0
Libya,Libya,NewCapacityTechFuelCumulated,Gas,2033,0.0
Libya,Libya,NewCapacityTechFuelCumulated,Gas,2033,0.0
Libya,Libya,NewCapacityTechFuelCumulated,Coal,2033,0.0
Libya,Libya,NewCapacityTechFuelCumulated,Coal,2033,0.0
Libya,Libya,NewCapacityTechFuelCumulated,Coal,2033,0.0
Libya,Libya,NewCapacityTechFuelCumulated,Coal,2033,0.0
Libya,Libya,NewCapacityTechFuelCumulated,Geothermal,2033,0.0
Libya,Libya,NewCapacityTechFuelCumulated,Geothermal,2033,0.0
Libya,Libya,NewCapacityTechFuelCumulated,Diesel,2033,0.0
Libya,Libya,NewCapacityTechFuelCumulated,Diesel,2033,0.0
Libya,Libya,NewCapacityTechFuelCumulated,Diesel,2033,0.0
Libya,Libya,NewCapacityTechFuelCumulated,Diesel,2033,0.0
Libya,Libya,NewCapacityTechFuelCumulated,Diesel,2033,0.0
Libya,Libya,NewCapacityTechFuelCumulated,Diesel,2033,0.0
Libya,Libya,NewCapacityTechFuelCumulated,Diesel,2033,0.0
Libya,Libya,NewCapacityTechFuelCumulated,Biomass,2033,0.0
Libya,Libya,NewCapacityTechFuelCumulated,Biomass,2033,0.0
Libya,Libya,NewCapacityTechFuelCumulated,Biomass,2033,0.0
Libya,Libya,NewCapacityTechFuelCumulated,Reservoir,2033,0.0
Libya,Libya,NewCapacityTechFuelCumulated,Reservoir,2033,0.0
Libya,Libya,NewCapacityTechFuelCumulated,ROR,2033,0.0
Libya,Libya,NewCapacityTechFuelCumulated,CSP,2033,0.0
Libya,Libya,NewCapacityTechFuelCumulated,CSP,2033,0.0
Libya,Libya,NewCapacityTechFuelCumulated,Offshore Wind,2033,0.0
Libya,Libya,NewCapacityTechFuelCumulated,Onshore Wind,2033,1500.0
Libya,Libya,NewCapacityTechFuelCumulated,Onshore Wind,2033,0.0
Libya,Libya,NewCapacityTechFuelCumulated,PV,2033,0.0
Libya,Libya,NewCapacityTechFuelCumulated,PV,2033,3000.0
Libya,Libya,NewCapacityTechFuelCumulated,PV+Storage,2033,0.0
Libya,Libya,NewCapacityTechFuelCumulated,Solar Thermal,2033,0.0
Libya,Libya,NewCapacityTechFuelCumulated,Battery,2033,0.0
Libya,Libya,NewCapacityTechFuelCumulated,PSH,2033,0.0
Libya,Libya,NewCapacityTechFuelCumulated,PSH,2033,0.0
Libya,Libya,NewCapacityTechFuelCumulated,Imports,2033,0.0
Libya,Libya,NewCapacityTechFuelCumulated,Peat,2033,0.0
Libya,Libya,NewCapacityTechFuelCumulated,Waste,2033,0.0
Libya,Libya,NewCapacityTechFuelCumulated,Methane,2033,0.0
Libya,Libya,NewCapacityTechFuelCumulated,Solar,2033,0.0
Libya,Libya,NewCapacityTechFuelCumulated,Solar,2033,0.0
Libya,Libya,NewCapacityTechFuelCumulated,Nuclear,2034,0.0
Libya,Libya,NewCapacityTechFuelCumulated,Gas,2034,0.0
Libya,Libya,NewCapacityTechFuelCumulated,Gas,2034,2400.0
Libya,Libya,NewCapacityTechFuelCumulated,Gas,2034,0.0
Libya,Libya,NewCapacityTechFuelCumulated,Gas,2034,0.0
Libya,Libya,NewCapacityTechFuelCumulated,Gas,2034,0.0
Libya,Libya,NewCapacityTechFuelCumulated,Gas,2034,0.0
Libya,Libya,NewCapacityTechFuelCumulated,Gas,2034,0.0
Libya,Libya,NewCapacityTechFuelCumulated,Gas,2034,1720.0
Libya,Libya,NewCapacityTechFuelCumulated,Gas,2034,0.0
Libya,Libya,NewCapacityTechFuelCumulated,Gas,2034,0.0
Libya,Libya,NewCapacityTechFuelCumulated,Gas,2034,0.0
Libya,Libya,NewCapacityTechFuelCumulated,Gas,2034,0.0
Libya,Libya,NewCapacityTechFuelCumulated,Gas,2034,0.0
Libya,Libya,NewCapacityTechFuelCumulated,Coal,2034,0.0
Libya,Libya,NewCapacityTechFuelCumulated,Coal,2034,0.0
Libya,Libya,NewCapacityTechFuelCumulated,Coal,2034,0.0
Libya,Libya,NewCapacityTechFuelCumulated,Coal,2034,0.0
Libya,Libya,NewCapacityTechFuelCumulated,Geothermal,2034,0.0
Libya,Libya,NewCapacityTechFuelCumulated,Geothermal,2034,0.0
Libya,Libya,NewCapacityTechFuelCumulated,Diesel,2034,0.0
Libya,Libya,NewCapacityTechFuelCumulated,Diesel,2034,0.0
Libya,Libya,NewCapacityTechFuelCumulated,Diesel,2034,0.0
Libya,Libya,NewCapacityTechFuelCumulated,Diesel,2034,0.0
Libya,Libya,NewCapacityTechFuelCumulated,Diesel,2034,0.0
Libya,Libya,NewCapacityTechFuelCumulated,Diesel,2034,0.0
Libya,Libya,NewCapacityTechFuelCumulated,Diesel,2034,0.0
Libya,Libya,NewCapacityTechFuelCumulated,Biomass,2034,0.0
Libya,Libya,NewCapacityTechFuelCumulated,Biomass,2034,0.0
Libya,Libya,NewCapacityTechFuelCumulated,Biomass,2034,0.0
Libya,Libya,NewCapacityTechFuelCumulated,Reservoir,2034,0.0
Libya,Libya,NewCapacityTechFuelCumulated,Reservoir,2034,0.0
Libya,Libya,NewCapacityTechFuelCumulated,ROR,2034,0.0
Libya,Libya,NewCapacityTechFuelCumulated,CSP,2034,0.0
Libya,Libya,NewCapacityTechFuelCumulated,CSP,2034,0.0
Libya,Libya,NewCapacityTechFuelCumulated,Offshore Wind,2034,0.0
Libya,Libya,NewCapacityTechFuelCumulated,Onshore Wind,2034,2000.0
Libya,Libya,NewCapacityTechFuelCumulated,Onshore Wind,2034,0.0
Libya,Libya,NewCapacityTechFuelCumulated,PV,2034,0.0
Libya,Libya,NewCapacityTechFuelCumulated,PV,2034,3500.0
Libya,Libya,NewCapacityTechFuelCumulated,PV+Storage,2034,0.0
Libya,Libya,NewCapacityTechFuelCumulated,Solar Thermal,2034,0.0
Libya,Libya,NewCapacityTechFuelCumulated,Battery,2034,0.0
Libya,Libya,NewCapacityTechFuelCumulated,PSH,2034,0.0
Libya,Libya,NewCapacityTechFuelCumulated,PSH,2034,0.0
Libya,Libya,NewCapacityTechFuelCumulated,Imports,2034,0.0
Libya,Libya,NewCapacityTechFuelCumulated,Peat,2034,0.0
Libya,Libya,NewCapacityTechFuelCumulated,Waste,2034,0.0
Libya,Libya,NewCapacityTechFuelCumulated,Methane,2034,0.0
Libya,Libya,NewCapacityTechFuelCumulated,Solar,2034,0.0
Libya,Libya,NewCapacityTechFuelCumulated,Solar,2034,0.0
Libya,Libya,NewCapacityTechFuelCumulated,Nuclear,2035,0.0
Libya,Libya,NewCapacityTechFuelCumulated,Gas,2035,0.0
Libya,Libya,NewCapacityTechFuelCumulated,Gas,2035,2800.0
Libya,Libya,NewCapacityTechFuelCumulated,Gas,2035,0.0
Libya,Libya,NewCapacityTechFuelCumulated,Gas,2035,0.0
Libya,Libya,NewCapacityTechFuelCumulated,Gas,2035,0.0
Libya,Libya,NewCapacityTechFuelCumulated,Gas,2035,0.0
Libya,Libya,NewCapacityTechFuelCumulated,Gas,2035,0.0
Libya,Libya,NewCapacityTechFuelCumulated,Gas,2035,2120.0
Libya,Libya,NewCapacityTechFuelCumulated,Gas,2035,0.0
Libya,Libya,NewCapacityTechFuelCumulated,Gas,2035,0.0
Libya,Libya,NewCapacityTechFuelCumulated,Gas,2035,0.0
Libya,Libya,NewCapacityTechFuelCumulated,Gas,2035,0.0
Libya,Libya,NewCapacityTechFuelCumulated,Gas,2035,0.0
Libya,Libya,NewCapacityTechFuelCumulated,Coal,2035,0.0
Libya,Libya,NewCapacityTechFuelCumulated,Coal,2035,0.0
Libya,Libya,NewCapacityTechFuelCumulated,Coal,2035,0.0
Libya,Libya,NewCapacityTechFuelCumulated,Coal,2035,0.0
Libya,Libya,NewCapacityTechFuelCumulated,Geothermal,2035,0.0
Libya,Libya,NewCapacityTechFuelCumulated,Geothermal,2035,0.0
Libya,Libya,NewCapacityTechFuelCumulated,Diesel,2035,0.0
Libya,Libya,NewCapacityTechFuelCumulated,Diesel,2035,0.0
Libya,Libya,NewCapacityTechFuelCumulated,Diesel,2035,0.0
Libya,Libya,NewCapacityTechFuelCumulated,Diesel,2035,0.0
Libya,Libya,NewCapacityTechFuelCumulated,Diesel,2035,0.0
Libya,Libya,NewCapacityTechFuelCumulated,Diesel,2035,0.0
Libya,Libya,NewCapacityTechFuelCumulated,Diesel,2035,0.0
Libya,Libya,NewCapacityTechFuelCumulated,Biomass,2035,0.0
Libya,Libya,NewCapacityTechFuelCumulated,Biomass,2035,0.0
Libya,Libya,NewCapacityTechFuelCumulated,Biomass,2035,0.0
Libya,Libya,NewCapacityTechFuelCumulated,Reservoir,2035,0.0
Libya,Libya,NewCapacityTechFuelCumulated,Reservoir,2035,0.0
Libya,Libya,NewCapacityTechFuelCumulated,ROR,2035,0.0
Libya,Libya,NewCapacityTechFuelCumulated,CSP,2035,0.0
Libya,Libya,NewCapacityTechFuelCumulated,CSP,2035,0.0
Libya,Libya,NewCapacityTechFuelCumulated,Offshore Wind,2035,0.0
Libya,Libya,NewCapacityTechFuelCumulated,Onshore Wind,2035,2500.0
Libya,Libya,NewCapacityTechFuelCumulated,Onshore Wind,2035,0.0
Libya,Libya,NewCapacityTechFuelCumulated,PV,2035,0.0
Libya,Libya,NewCapacityTechFuelCumulated,PV,2035,5500.0
Libya,Libya,NewCapacityTechFuelCumulated,PV+Storage,2035,0.0
Libya,Libya,NewCapacityTechFuelCumulated,Solar Thermal,2035,0.0
Libya,Libya,NewCapacityTechFuelCumulated,Battery,2035,0.0
Libya,Libya,NewCapacityTechFuelCumulated,PSH,2035,0.0
Libya,Libya,NewCapacityTechFuelCumulated,PSH,2035,0.0
Libya,Libya,NewCapacityTechFuelCumulated,Imports,2035,0.0
Libya,Libya,NewCapacityTechFuelCumulated,Peat,2035,0.0
Libya,Libya,NewCapacityTechFuelCumulated,Waste,2035,0.0
Libya,Libya,NewCapacityTechFuelCumulated,Methane,2035,0.0
Libya,Libya,NewCapacityTechFuelCumulated,Solar,2035,0.0
Libya,Libya,NewCapacityTechFuelCumulated,Solar,2035,0.0
Libya,Libya,NewCapacityTechFuelCumulated,Nuclear,2036,0.0
Libya,Libya,NewCapacityTechFuelCumulated,Gas,2036,0.0
Libya,Libya,NewCapacityTechFuelCumulated,Gas,2036,3200.0
Libya,Libya,NewCapacityTechFuelCumulated,Gas,2036,0.0
Libya,Libya,NewCapacityTechFuelCumulated,Gas,2036,0.0
Libya,Libya,NewCapacityTechFuelCumulated,Gas,2036,0.0
Libya,Libya,NewCapacityTechFuelCumulated,Gas,2036,0.0
Libya,Libya,NewCapacityTechFuelCumulated,Gas,2036,0.0
Libya,Libya,NewCapacityTechFuelCumulated,Gas,2036,2520.0
Libya,Libya,NewCapacityTechFuelCumulated,Gas,2036,0.0
Libya,Libya,NewCapacityTechFuelCumulated,Gas,2036,0.0
Libya,Libya,NewCapacityTechFuelCumulated,Gas,2036,0.0
Libya,Libya,NewCapacityTechFuelCumulated,Gas,2036,0.0
Libya,Libya,NewCapacityTechFuelCumulated,Gas,2036,0.0
Libya,Libya,NewCapacityTechFuelCumulated,Coal,2036,0.0
Libya,Libya,NewCapacityTechFuelCumulated,Coal,2036,0.0
Libya,Libya,NewCapacityTechFuelCumulated,Coal,2036,0.0
Libya,Libya,NewCapacityTechFuelCumulated,Coal,2036,0.0
Libya,Libya,NewCapacityTechFuelCumulated,Geothermal,2036,0.0
Libya,Libya,NewCapacityTechFuelCumulated,Geothermal,2036,0.0
Libya,Libya,NewCapacityTechFuelCumulated,Diesel,2036,0.0
Libya,Libya,NewCapacityTechFuelCumulated,Diesel,2036,0.0
Libya,Libya,NewCapacityTechFuelCumulated,Diesel,2036,0.0
Libya,Libya,NewCapacityTechFuelCumulated,Diesel,2036,0.0
Libya,Libya,NewCapacityTechFuelCumulated,Diesel,2036,0.0
Libya,Libya,NewCapacityTechFuelCumulated,Diesel,2036,0.0
Libya,Libya,NewCapacityTechFuelCumulated,Diesel,2036,0.0
Libya,Libya,NewCapacityTechFuelCumulated,Biomass,2036,0.0
Libya,Libya,NewCapacityTechFuelCumulated,Biomass,2036,0.0
Libya,Libya,NewCapacityTechFuelCumulated,Biomass,2036,0.0
Libya,Libya,NewCapacityTechFuelCumulated,Reservoir,2036,0.0
Libya,Libya,NewCapacityTechFuelCumulated,Reservoir,2036,0.0
Libya,Libya,NewCapacityTechFuelCumulated,ROR,2036,0.0
Libya,Libya,NewCapacityTechFuelCumulated,CSP,2036,0.0
Libya,Libya,NewCapacityTechFuelCumulated,CSP,2036,0.0
Libya,Libya,NewCapacityTechFuelCumulated,Offshore Wind,2036,0.0
Libya,Libya,NewCapacityTechFuelCumulated,Onshore Wind,2036,3000.0
Libya,Libya,NewCapacityTechFuelCumulated,Onshore Wind,2036,0.0
Libya,Libya,NewCapacityTechFuelCumulated,PV,2036,0.0
Libya,Libya,NewCapacityTechFuelCumulated,PV,2036,7500.0
Libya,Libya,NewCapacityTechFuelCumulated,PV+Storage,2036,0.0
Libya,Libya,NewCapacityTechFuelCumulated,Solar Thermal,2036,0.0
Libya,Libya,NewCapacityTechFuelCumulated,Battery,2036,0.0
Libya,Libya,NewCapacityTechFuelCumulated,PSH,2036,0.0
Libya,Libya,NewCapacityTechFuelCumulated,PSH,2036,0.0
Libya,Libya,NewCapacityTechFuelCumulated,Imports,2036,0.0
Libya,Libya,NewCapacityTechFuelCumulated,Peat,2036,0.0
Libya,Libya,NewCapacityTechFuelCumulated,Waste,2036,0.0
Libya,Libya,NewCapacityTechFuelCumulated,Methane,2036,0.0
Libya,Libya,NewCapacityTechFuelCumulated,Solar,2036,0.0
Libya,Libya,NewCapacityTechFuelCumulated,Solar,2036,0.0
Libya,Libya,NewCapacityTechFuelCumulated,Nuclear,2037,0.0
Libya,Libya,NewCapacityTechFuelCumulated,Gas,2037,0.0
Libya,Libya,NewCapacityTechFuelCumulated,Gas,2037,3600.0
Libya,Libya,NewCapacityTechFuelCumulated,Gas,2037,0.0
Libya,Libya,NewCapacityTechFuelCumulated,Gas,2037,0.0
Libya,Libya,NewCapacityTechFuelCumulated,Gas,2037,0.0
Libya,Libya,NewCapacityTechFuelCumulated,Gas,2037,0.0
Libya,Libya,NewCapacityTechFuelCumulated,Gas,2037,0.0
Libya,Libya,NewCapacityTechFuelCumulated,Gas,2037,2920.0
Libya,Libya,NewCapacityTechFuelCumulated,Gas,2037,0.0
Libya,Libya,NewCapacityTechFuelCumulated,Gas,2037,0.0
Libya,Libya,NewCapacityTechFuelCumulated,Gas,2037,0.0
Libya,Libya,NewCapacityTechFuelCumulated,Gas,2037,0.0
Libya,Libya,NewCapacityTechFuelCumulated,Gas,2037,0.0
Libya,Libya,NewCapacityTechFuelCumulated,Coal,2037,0.0
Libya,Libya,NewCapacityTechFuelCumulated,Coal,2037,0.0
Libya,Libya,NewCapacityTechFuelCumulated,Coal,2037,0.0
Libya,Libya,NewCapacityTechFuelCumulated,Coal,2037,0.0
Libya,Libya,NewCapacityTechFuelCumulated,Geothermal,2037,0.0
Libya,Libya,NewCapacityTechFuelCumulated,Geothermal,2037,0.0
Libya,Libya,NewCapacityTechFuelCumulated,Diesel,2037,0.0
Libya,Libya,NewCapacityTechFuelCumulated,Diesel,2037,0.0
Libya,Libya,NewCapacityTechFuelCumulated,Diesel,2037,0.0
Libya,Libya,NewCapacityTechFuelCumulated,Diesel,2037,0.0
Libya,Libya,NewCapacityTechFuelCumulated,Diesel,2037,0.0
Libya,Libya,NewCapacityTechFuelCumulated,Diesel,2037,0.0
Libya,Libya,NewCapacityTechFuelCumulated,Diesel,2037,0.0
Libya,Libya,NewCapacityTechFuelCumulated,Biomass,2037,0.0
Libya,Libya,NewCapacityTechFuelCumulated,Biomass,2037,0.0
Libya,Libya,NewCapacityTechFuelCumulated,Biomass,2037,0.0
Libya,Libya,NewCapacityTechFuelCumulated,Reservoir,2037,0.0
Libya,Libya,NewCapacityTechFuelCumulated,Reservoir,2037,0.0
Libya,Libya,NewCapacityTechFuelCumulated,ROR,2037,0.0
Libya,Libya,NewCapacityTechFuelCumulated,CSP,2037,0.0
Libya,Libya,NewCapacityTechFuelCumulated,CSP,2037,0.0
Libya,Libya,NewCapacityTechFuelCumulated,Offshore Wind,2037,0.0
Libya,Libya,NewCapacityTechFuelCumulated,Onshore Wind,2037,3500.0
Libya,Libya,NewCapacityTechFuelCumulated,Onshore Wind,2037,0.0
Libya,Libya,NewCapacityTechFuelCumulated,PV,2037,0.0
Libya,Libya,NewCapacityTechFuelCumulated,PV,2037,9500.0
Libya,Libya,NewCapacityTechFuelCumulated,PV+Storage,2037,0.0
Libya,Libya,NewCapacityTechFuelCumulated,Solar Thermal,2037,0.0
Libya,Libya,NewCapacityTechFuelCumulated,Battery,2037,0.0
Libya,Libya,NewCapacityTechFuelCumulated,PSH,2037,0.0
Libya,Libya,NewCapacityTechFuelCumulated,PSH,2037,0.0
Libya,Libya,NewCapacityTechFuelCumulated,Imports,2037,0.0
Libya,Libya,NewCapacityTechFuelCumulated,Peat,2037,0.0
Libya,Libya,NewCapacityTechFuelCumulated,Waste,2037,0.0
Libya,Libya,NewCapacityTechFuelCumulated,Methane,2037,0.0
Libya,Libya,NewCapacityTechFuelCumulated,Solar,2037,0.0
Libya,Libya,NewCapacityTechFuelCumulated,Solar,2037,0.0
Libya,Libya,NewCapacityTechFuelCumulated,Nuclear,2038,0.0
Libya,Libya,NewCapacityTechFuelCumulated,Gas,2038,0.0
Libya,Libya,NewCapacityTechFuelCumulated,Gas,2038,4000.0
Libya,Libya,NewCapacityTechFuelCumulated,Gas,2038,0.0
Libya,Libya,NewCapacityTechFuelCumulated,Gas,2038,0.0
Libya,Libya,NewCapacityTechFuelCumulated,Gas,2038,0.0
Libya,Libya,NewCapacityTechFuelCumulated,Gas,2038,0.0
Libya,Libya,NewCapacityTechFuelCumulated,Gas,2038,0.0
Libya,Libya,NewCapacityTechFuelCumulated,Gas,2038,3320.0
Libya,Libya,NewCapacityTechFuelCumulated,Gas,2038,0.0
Libya,Libya,NewCapacityTechFuelCumulated,Gas,2038,0.0
Libya,Libya,NewCapacityTechFuelCumulated,Gas,2038,0.0
Libya,Libya,NewCapacityTechFuelCumulated,Gas,2038,0.0
Libya,Libya,NewCapacityTechFuelCumulated,Gas,2038,0.0
Libya,Libya,NewCapacityTechFuelCumulated,Coal,2038,0.0
Libya,Libya,NewCapacityTechFuelCumulated,Coal,2038,0.0
Libya,Libya,NewCapacityTechFuelCumulated,Coal,2038,0.0
Libya,Libya,NewCapacityTechFuelCumulated,Coal,2038,0.0
Libya,Libya,NewCapacityTechFuelCumulated,Geothermal,2038,0.0
Libya,Libya,NewCapacityTechFuelCumulated,Geothermal,2038,0.0
Libya,Libya,NewCapacityTechFuelCumulated,Diesel,2038,0.0
Libya,Libya,NewCapacityTechFuelCumulated,Diesel,2038,0.0
Libya,Libya,NewCapacityTechFuelCumulated,Diesel,2038,0.0
Libya,Libya,NewCapacityTechFuelCumulated,Diesel,2038,0.0
Libya,Libya,NewCapacityTechFuelCumulated,Diesel,2038,0.0
Libya,Libya,NewCapacityTechFuelCumulated,Diesel,2038,0.0
Libya,Libya,NewCapacityTechFuelCumulated,Diesel,2038,0.0
Libya,Libya,NewCapacityTechFuelCumulated,Biomass,2038,0.0
Libya,Libya,NewCapacityTechFuelCumulated,Biomass,2038,0.0
Libya,Libya,NewCapacityTechFuelCumulated,Biomass,2038,0.0
Libya,Libya,NewCapacityTechFuelCumulated,Reservoir,2038,0.0
Libya,Libya,NewCapacityTechFuelCumulated,Reservoir,2038,0.0
Libya,Libya,NewCapacityTechFuelCumulated,ROR,2038,0.0
Libya,Libya,NewCapacityTechFuelCumulated,CSP,2038,0.0
Libya,Libya,NewCapacityTechFuelCumulated,CSP,2038,0.0
Libya,Libya,NewCapacityTechFuelCumulated,Offshore Wind,2038,0.0
Libya,Libya,NewCapacityTechFuelCumulated,Onshore Wind,2038,4000.0
Libya,Libya,NewCapacityTechFuelCumulated,Onshore Wind,2038,0.0
Libya,Libya,NewCapacityTechFuelCumulated,PV,2038,0.0
Libya,Libya,NewCapacityTechFuelCumulated,PV,2038,11500.0
Libya,Libya,NewCapacityTechFuelCumulated,PV+Storage,2038,0.0
Libya,Libya,NewCapacityTechFuelCumulated,Solar Thermal,2038,0.0
Libya,Libya,NewCapacityTechFuelCumulated,Battery,2038,62.99222999999984
Libya,Libya,NewCapacityTechFuelCumulated,PSH,2038,0.0
Libya,Libya,NewCapacityTechFuelCumulated,PSH,2038,0.0
Libya,Libya,NewCapacityTechFuelCumulated,Imports,2038,0.0
Libya,Libya,NewCapacityTechFuelCumulated,Peat,2038,0.0
Libya,Libya,NewCapacityTechFuelCumulated,Waste,2038,0.0
Libya,Libya,NewCapacityTechFuelCumulated,Methane,2038,0.0
Libya,Libya,NewCapacityTechFuelCumulated,Solar,2038,0.0
Libya,Libya,NewCapacityTechFuelCumulated,Solar,2038,0.0
Libya,Libya,NewCapacityTechFuelCumulated,Nuclear,2039,0.0
Libya,Libya,NewCapacityTechFuelCumulated,Gas,2039,0.0
Libya,Libya,NewCapacityTechFuelCumulated,Gas,2039,4400.0
Libya,Libya,NewCapacityTechFuelCumulated,Gas,2039,0.0
Libya,Libya,NewCapacityTechFuelCumulated,Gas,2039,0.0
Libya,Libya,NewCapacityTechFuelCumulated,Gas,2039,0.0
Libya,Libya,NewCapacityTechFuelCumulated,Gas,2039,0.0
Libya,Libya,NewCapacityTechFuelCumulated,Gas,2039,0.0
Libya,Libya,NewCapacityTechFuelCumulated,Gas,2039,3720.0
Libya,Libya,NewCapacityTechFuelCumulated,Gas,2039,0.0
Libya,Libya,NewCapacityTechFuelCumulated,Gas,2039,0.0
Libya,Libya,NewCapacityTechFuelCumulated,Gas,2039,0.0
Libya,Libya,NewCapacityTechFuelCumulated,Gas,2039,0.0
Libya,Libya,NewCapacityTechFuelCumulated,Gas,2039,0.0
Libya,Libya,NewCapacityTechFuelCumulated,Coal,2039,0.0
Libya,Libya,NewCapacityTechFuelCumulated,Coal,2039,0.0
Libya,Libya,NewCapacityTechFuelCumulated,Coal,2039,0.0
Libya,Libya,NewCapacityTechFuelCumulated,Coal,2039,0.0
Libya,Libya,NewCapacityTechFuelCumulated,Geothermal,2039,0.0
Libya,Libya,NewCapacityTechFuelCumulated,Geothermal,2039,0.0
Libya,Libya,NewCapacityTechFuelCumulated,Diesel,2039,0.0
Libya,Libya,NewCapacityTechFuelCumulated,Diesel,2039,0.0
Libya,Libya,NewCapacityTechFuelCumulated,Diesel,2039,0.0
Libya,Libya,NewCapacityTechFuelCumulated,Diesel,2039,0.0
Libya,Libya,NewCapacityTechFuelCumulated,Diesel,2039,0.0
Libya,Libya,NewCapacityTechFuelCumulated,Diesel,2039,0.0
Libya,Libya,NewCapacityTechFuelCumulated,Diesel,2039,0.0
Libya,Libya,NewCapacityTechFuelCumulated,Biomass,2039,0.0
Libya,Libya,NewCapacityTechFuelCumulated,Biomass,2039,0.0
Libya,Libya,NewCapacityTechFuelCumulated,Biomass,2039,0.0
Libya,Libya,NewCapacityTechFuelCumulated,Reservoir,2039,0.0
Libya,Libya,NewCapacityTechFuelCumulated,Reservoir,2039,0.0
Libya,Libya,NewCapacityTechFuelCumulated,ROR,2039,0.0
Libya,Libya,NewCapacityTechFuelCumulated,CSP,2039,0.0
Libya,Libya,NewCapacityTechFuelCumulated,CSP,2039,0.0
Libya,Libya,NewCapacityTechFuelCumulated,Offshore Wind,2039,0.0
Libya,Libya,NewCapacityTechFuelCumulated,Onshore Wind,2039,4500.0
Libya,Libya,NewCapacityTechFuelCumulated,Onshore Wind,2039,0.0
Libya,Libya,NewCapacityTechFuelCumulated,PV,2039,0.0
Libya,Libya,NewCapacityTechFuelCumulated,PV,2039,13500.0
Libya,Libya,NewCapacityTechFuelCumulated,PV+Storage,2039,0.0
Libya,Libya,NewCapacityTechFuelCumulated,Solar Thermal,2039,0.0
Libya,Libya,NewCapacityTechFuelCumulated,Battery,2039,562.9922299999998
Libya,Libya,NewCapacityTechFuelCumulated,PSH,2039,0.0
Libya,Libya,NewCapacityTechFuelCumulated,PSH,2039,0.0
Libya,Libya,NewCapacityTechFuelCumulated,Imports,2039,0.0
Libya,Libya,NewCapacityTechFuelCumulated,Peat,2039,0.0
Libya,Libya,NewCapacityTechFuelCumulated,Waste,2039,0.0
Libya,Libya,NewCapacityTechFuelCumulated,Methane,2039,0.0
Libya,Libya,NewCapacityTechFuelCumulated,Solar,2039,0.0
Libya,Libya,NewCapacityTechFuelCumulated,Solar,2039,0.0
Libya,Libya,NewCapacityTechFuelCumulated,Nuclear,2040,0.0
Libya,Libya,NewCapacityTechFuelCumulated,Gas,2040,0.0
Libya,Libya,NewCapacityTechFuelCumulated,Gas,2040,4800.0
Libya,Libya,NewCapacityTechFuelCumulated,Gas,2040,0.0
Libya,Libya,NewCapacityTechFuelCumulated,Gas,2040,0.0
Libya,Libya,NewCapacityTechFuelCumulated,Gas,2040,0.0
Libya,Libya,NewCapacityTechFuelCumulated,Gas,2040,0.0
Libya,Libya,NewCapacityTechFuelCumulated,Gas,2040,0.0
Libya,Libya,NewCapacityTechFuelCumulated,Gas,2040,4120.0
Libya,Libya,NewCapacityTechFuelCumulated,Gas,2040,0.0
Libya,Libya,NewCapacityTechFuelCumulated,Gas,2040,0.0
Libya,Libya,NewCapacityTechFuelCumulated,Gas,2040,0.0
Libya,Libya,NewCapacityTechFuelCumulated,Gas,2040,0.0
Libya,Libya,NewCapacityTechFuelCumulated,Gas,2040,0.0
Libya,Libya,NewCapacityTechFuelCumulated,Coal,2040,0.0
Libya,Libya,NewCapacityTechFuelCumulated,Coal,2040,0.0
Libya,Libya,NewCapacityTechFuelCumulated,Coal,2040,0.0
Libya,Libya,NewCapacityTechFuelCumulated,Coal,2040,0.0
Libya,Libya,NewCapacityTechFuelCumulated,Geothermal,2040,0.0
Libya,Libya,NewCapacityTechFuelCumulated,Geothermal,2040,0.0
Libya,Libya,NewCapacityTechFuelCumulated,Diesel,2040,0.0
Libya,Libya,NewCapacityTechFuelCumulated,Diesel,2040,0.0
Libya,Libya,NewCapacityTechFuelCumulated,Diesel,2040,0.0
Libya,Libya,NewCapacityTechFuelCumulated,Diesel,2040,0.0
Libya,Libya,NewCapacityTechFuelCumulated,Diesel,2040,0.0
Libya,Libya,NewCapacityTechFuelCumulated,Diesel,2040,0.0
Libya,Libya,NewCapacityTechFuelCumulated,Diesel,2040,0.0
Libya,Libya,NewCapacityTechFuelCumulated,Biomass,2040,0.0
Libya,Libya,NewCapacityTechFuelCumulated,Biomass,2040,0.0
Libya,Libya,NewCapacityTechFuelCumulated,Biomass,2040,0.0
Libya,Libya,NewCapacityTechFuelCumulated,Reservoir,2040,0.0
Libya,Libya,NewCapacityTechFuelCumulated,Reservoir,2040,0.0
Libya,Libya,NewCapacityTechFuelCumulated,ROR,2040,0.0
Libya,Libya,NewCapacityTechFuelCumulated,CSP,2040,0.0
Libya,Libya,NewCapacityTechFuelCumulated,CSP,2040,0.0
Libya,Libya,NewCapacityTechFuelCumulated,Offshore Wind,2040,0.0
Libya,Libya,NewCapacityTechFuelCumulated,Onshore Wind,2040,5000.0
Libya,Libya,NewCapacityTechFuelCumulated,Onshore Wind,2040,0.0
Libya,Libya,NewCapacityTechFuelCumulated,PV,2040,0.0
Libya,Libya,NewCapacityTechFuelCumulated,PV,2040,15500.0
Libya,Libya,NewCapacityTechFuelCumulated,PV+Storage,2040,0.0
Libya,Libya,NewCapacityTechFuelCumulated,Solar Thermal,2040,0.0
Libya,Libya,NewCapacityTechFuelCumulated,Battery,2040,1062.9922299999998
Libya,Libya,NewCapacityTechFuelCumulated,PSH,2040,0.0
Libya,Libya,NewCapacityTechFuelCumulated,PSH,2040,0.0
Libya,Libya,NewCapacityTechFuelCumulated,Imports,2040,0.0
Libya,Libya,NewCapacityTechFuelCumulated,Peat,2040,0.0
Libya,Libya,NewCapacityTechFuelCumulated,Waste,2040,0.0
Libya,Libya,NewCapacityTechFuelCumulated,Methane,2040,0.0
Libya,Libya,NewCapacityTechFuelCumulated,Solar,2040,0.0
Libya,Libya,NewCapacityTechFuelCumulated,Solar,2040,0.0
Libya,Libya,NewCapacityTechFuelCumulated,Nuclear,2041,0.0
Libya,Libya,NewCapacityTechFuelCumulated,Gas,2041,0.0
Libya,Libya,NewCapacityTechFuelCumulated,Gas,2041,5200.0
Libya,Libya,NewCapacityTechFuelCumulated,Gas,2041,0.0
Libya,Libya,NewCapacityTechFuelCumulated,Gas,2041,0.0
Libya,Libya,NewCapacityTechFuelCumulated,Gas,2041,0.0
Libya,Libya,NewCapacityTechFuelCumulated,Gas,2041,0.0
Libya,Libya,NewCapacityTechFuelCumulated,Gas,2041,0.0
Libya,Libya,NewCapacityTechFuelCumulated,Gas,2041,4520.0
Libya,Libya,NewCapacityTechFuelCumulated,Gas,2041,0.0
Libya,Libya,NewCapacityTechFuelCumulated,Gas,2041,0.0
Libya,Libya,NewCapacityTechFuelCumulated,Gas,2041,0.0
Libya,Libya,NewCapacityTechFuelCumulated,Gas,2041,0.0
Libya,Libya,NewCapacityTechFuelCumulated,Gas,2041,0.0
Libya,Libya,NewCapacityTechFuelCumulated,Coal,2041,0.0
Libya,Libya,NewCapacityTechFuelCumulated,Coal,2041,0.0
Libya,Libya,NewCapacityTechFuelCumulated,Coal,2041,0.0
Libya,Libya,NewCapacityTechFuelCumulated,Coal,2041,0.0
Libya,Libya,NewCapacityTechFuelCumulated,Geothermal,2041,0.0
Libya,Libya,NewCapacityTechFuelCumulated,Geothermal,2041,0.0
Libya,Libya,NewCapacityTechFuelCumulated,Diesel,2041,0.0
Libya,Libya,NewCapacityTechFuelCumulated,Diesel,2041,0.0
Libya,Libya,NewCapacityTechFuelCumulated,Diesel,2041,0.0
Libya,Libya,NewCapacityTechFuelCumulated,Diesel,2041,0.0
Libya,Libya,NewCapacityTechFuelCumulated,Diesel,2041,0.0
Libya,Libya,NewCapacityTechFuelCumulated,Diesel,2041,0.0
Libya,Libya,NewCapacityTechFuelCumulated,Diesel,2041,0.0
Libya,Libya,NewCapacityTechFuelCumulated,Biomass,2041,0.0
Libya,Libya,NewCapacityTechFuelCumulated,Biomass,2041,0.0
Libya,Libya,NewCapacityTechFuelCumulated,Biomass,2041,0.0
Libya,Libya,NewCapacityTechFuelCumulated,Reservoir,2041,0.0
Libya,Libya,NewCapacityTechFuelCumulated,Reservoir,2041,0.0
Libya,Libya,NewCapacityTechFuelCumulated,ROR,2041,0.0
Libya,Libya,NewCapacityTechFuelCumulated,CSP,2041,0.0
Libya,Libya,NewCapacityTechFuelCumulated,CSP,2041,0.0
Libya,Libya,NewCapacityTechFuelCumulated,Offshore Wind,2041,0.0
Libya,Libya,NewCapacityTechFuelCumulated,Onshore Wind,2041,5500.0
Libya,Libya,NewCapacityTechFuelCumulated,Onshore Wind,2041,0.0
Libya,Libya,NewCapacityTechFuelCumulated,PV,2041,0.0
Libya,Libya,NewCapacityTechFuelCumulated,PV,2041,17500.0
Libya,Libya,NewCapacityTechFuelCumulated,PV+Storage,2041,0.0
Libya,Libya,NewCapacityTechFuelCumulated,Solar Thermal,2041,0.0
Libya,Libya,NewCapacityTechFuelCumulated,Battery,2041,1562.9922299999998
Libya,Libya,NewCapacityTechFuelCumulated,PSH,2041,0.0
Libya,Libya,NewCapacityTechFuelCumulated,PSH,2041,0.0
Libya,Libya,NewCapacityTechFuelCumulated,Imports,2041,0.0
Libya,Libya,NewCapacityTechFuelCumulated,Peat,2041,0.0
Libya,Libya,NewCapacityTechFuelCumulated,Waste,2041,0.0
Libya,Libya,NewCapacityTechFuelCumulated,Methane,2041,0.0
Libya,Libya,NewCapacityTechFuelCumulated,Solar,2041,0.0
Libya,Libya,NewCapacityTechFuelCumulated,Solar,2041,0.0
Libya,Libya,NewCapacityTechFuelCumulated,Nuclear,2042,0.0
Libya,Libya,NewCapacityTechFuelCumulated,Gas,2042,0.0
Libya,Libya,NewCapacityTechFuelCumulated,Gas,2042,5600.0
Libya,Libya,NewCapacityTechFuelCumulated,Gas,2042,0.0
Libya,Libya,NewCapacityTechFuelCumulated,Gas,2042,0.0
Libya,Libya,NewCapacityTechFuelCumulated,Gas,2042,0.0
Libya,Libya,NewCapacityTechFuelCumulated,Gas,2042,0.0
Libya,Libya,NewCapacityTechFuelCumulated,Gas,2042,0.0
Libya,Libya,NewCapacityTechFuelCumulated,Gas,2042,4920.0
Libya,Libya,NewCapacityTechFuelCumulated,Gas,2042,0.0
Libya,Libya,NewCapacityTechFuelCumulated,Gas,2042,0.0
Libya,Libya,NewCapacityTechFuelCumulated,Gas,2042,0.0
Libya,Libya,NewCapacityTechFuelCumulated,Gas,2042,0.0
Libya,Libya,NewCapacityTechFuelCumulated,Gas,2042,0.0
Libya,Libya,NewCapacityTechFuelCumulated,Coal,2042,0.0
Libya,Libya,NewCapacityTechFuelCumulated,Coal,2042,0.0
Libya,Libya,NewCapacityTechFuelCumulated,Coal,2042,0.0
Libya,Libya,NewCapacityTechFuelCumulated,Coal,2042,0.0
Libya,Libya,NewCapacityTechFuelCumulated,Geothermal,2042,0.0
Libya,Libya,NewCapacityTechFuelCumulated,Geothermal,2042,0.0
Libya,Libya,NewCapacityTechFuelCumulated,Diesel,2042,0.0
Libya,Libya,NewCapacityTechFuelCumulated,Diesel,2042,0.0
Libya,Libya,NewCapacityTechFuelCumulated,Diesel,2042,0.0
Libya,Libya,NewCapacityTechFuelCumulated,Diesel,2042,0.0
Libya,Libya,NewCapacityTechFuelCumulated,Diesel,2042,0.0
Libya,Libya,NewCapacityTechFuelCumulated,Diesel,2042,0.0
Libya,Libya,NewCapacityTechFuelCumulated,Diesel,2042,0.0
Libya,Libya,NewCapacityTechFuelCumulated,Biomass,2042,0.0
Libya,Libya,NewCapacityTechFuelCumulated,Biomass,2042,0.0
Libya,Libya,NewCapacityTechFuelCumulated,Biomass,2042,0.0
Libya,Libya,NewCapacityTechFuelCumulated,Reservoir,2042,0.0
Libya,Libya,NewCapacityTechFuelCumulated,Reservoir,2042,0.0
Libya,Libya,NewCapacityTechFuelCumulated,ROR,2042,0.0
Libya,Libya,NewCapacityTechFuelCumulated,CSP,2042,0.0
Libya,Libya,NewCapacityTechFuelCumulated,CSP,2042,0.0
Libya,Libya,NewCapacityTechFuelCumulated,Offshore Wind,2042,0.0
Libya,Libya,NewCapacityTechFuelCumulated,Onshore Wind,2042,6000.0
Libya,Libya,NewCapacityTechFuelCumulated,Onshore Wind,2042,0.0
Libya,Libya,NewCapacityTechFuelCumulated,PV,2042,0.0
Libya,Libya,NewCapacityTechFuelCumulated,PV,2042,19500.0
Libya,Libya,NewCapacityTechFuelCumulated,PV+Storage,2042,0.0
Libya,Libya,NewCapacityTechFuelCumulated,Solar Thermal,2042,0.0
Libya,Libya,NewCapacityTechFuelCumulated,Battery,2042,2062.99223
Libya,Libya,NewCapacityTechFuelCumulated,PSH,2042,0.0
Libya,Libya,NewCapacityTechFuelCumulated,PSH,2042,0.0
Libya,Libya,NewCapacityTechFuelCumulated,Imports,2042,0.0
Libya,Libya,NewCapacityTechFuelCumulated,Peat,2042,0.0
Libya,Libya,NewCapacityTechFuelCumulated,Waste,2042,0.0
Libya,Libya,NewCapacityTechFuelCumulated,Methane,2042,0.0
Libya,Libya,NewCapacityTechFuelCumulated,Solar,2042,0.0
Libya,Libya,NewCapacityTechFuelCumulated,Solar,2042,0.0
Libya,Libya,NewCapacityTechFuelCumulated,Nuclear,2043,0.0
Libya,Libya,NewCapacityTechFuelCumulated,Gas,2043,0.0
Libya,Libya,NewCapacityTechFuelCumulated,Gas,2043,6000.0
Libya,Libya,NewCapacityTechFuelCumulated,Gas,2043,0.0
Libya,Libya,NewCapacityTechFuelCumulated,Gas,2043,0.0
Libya,Libya,NewCapacityTechFuelCumulated,Gas,2043,0.0
Libya,Libya,NewCapacityTechFuelCumulated,Gas,2043,0.0
Libya,Libya,NewCapacityTechFuelCumulated,Gas,2043,0.0
Libya,Libya,NewCapacityTechFuelCumulated,Gas,2043,5320.0
Libya,Libya,NewCapacityTechFuelCumulated,Gas,2043,0.0
Libya,Libya,NewCapacityTechFuelCumulated,Gas,2043,0.0
Libya,Libya,NewCapacityTechFuelCumulated,Gas,2043,0.0
Libya,Libya,NewCapacityTechFuelCumulated,Gas,2043,0.0
Libya,Libya,NewCapacityTechFuelCumulated,Gas,2043,0.0
Libya,Libya,NewCapacityTechFuelCumulated,Coal,2043,0.0
Libya,Libya,NewCapacityTechFuelCumulated,Coal,2043,0.0
Libya,Libya,NewCapacityTechFuelCumulated,Coal,2043,0.0
Libya,Libya,NewCapacityTechFuelCumulated,Coal,2043,0.0
Libya,Libya,NewCapacityTechFuelCumulated,Geothermal,2043,0.0
Libya,Libya,NewCapacityTechFuelCumulated,Geothermal,2043,0.0
Libya,Libya,NewCapacityTechFuelCumulated,Diesel,2043,0.0
Libya,Libya,NewCapacityTechFuelCumulated,Diesel,2043,0.0
Libya,Libya,NewCapacityTechFuelCumulated,Diesel,2043,0.0
Libya,Libya,NewCapacityTechFuelCumulated,Diesel,2043,0.0
Libya,Libya,NewCapacityTechFuelCumulated,Diesel,2043,0.0
Libya,Libya,NewCapacityTechFuelCumulated,Diesel,2043,0.0
Libya,Libya,NewCapacityTechFuelCumulated,Diesel,2043,0.0
Libya,Libya,NewCapacityTechFuelCumulated,Biomass,2043,0.0
Libya,Libya,NewCapacityTechFuelCumulated,Biomass,2043,0.0
Libya,Libya,NewCapacityTechFuelCumulated,Biomass,2043,0.0
Libya,Libya,NewCapacityTechFuelCumulated,Reservoir,2043,0.0
Libya,Libya,NewCapacityTechFuelCumulated,Reservoir,2043,0.0
Libya,Libya,NewCapacityTechFuelCumulated,ROR,2043,0.0
Libya,Libya,NewCapacityTechFuelCumulated,CSP,2043,0.0
Libya,Libya,NewCapacityTechFuelCumulated,CSP,2043,0.0
Libya,Libya,NewCapacityTechFuelCumulated,Offshore Wind,2043,0.0
Libya,Libya,NewCapacityTechFuelCumulated,Onshore Wind,2043,6500.0
Libya,Libya,NewCapacityTechFuelCumulated,Onshore Wind,2043,0.0
Libya,Libya,NewCapacityTechFuelCumulated,PV,2043,0.0
Libya,Libya,NewCapacityTechFuelCumulated,PV,2043,21500.0
Libya,Libya,NewCapacityTechFuelCumulated,PV+Storage,2043,0.0
Libya,Libya,NewCapacityTechFuelCumulated,Solar Thermal,2043,0.0
Libya,Libya,NewCapacityTechFuelCumulated,Battery,2043,2562.99223
Libya,Libya,NewCapacityTechFuelCumulated,PSH,2043,0.0
Libya,Libya,NewCapacityTechFuelCumulated,PSH,2043,0.0
Libya,Libya,NewCapacityTechFuelCumulated,Imports,2043,0.0
Libya,Libya,NewCapacityTechFuelCumulated,Peat,2043,0.0
Libya,Libya,NewCapacityTechFuelCumulated,Waste,2043,0.0
Libya,Libya,NewCapacityTechFuelCumulated,Methane,2043,0.0
Libya,Libya,NewCapacityTechFuelCumulated,Solar,2043,0.0
Libya,Libya,NewCapacityTechFuelCumulated,Solar,2043,0.0
Libya,Libya,NewCapacityTechFuelCumulated,Nuclear,2044,0.0
Libya,Libya,NewCapacityTechFuelCumulated,Gas,2044,0.0
Libya,Libya,NewCapacityTechFuelCumulated,Gas,2044,6400.0
Libya,Libya,NewCapacityTechFuelCumulated,Gas,2044,0.0
Libya,Libya,NewCapacityTechFuelCumulated,Gas,2044,0.0
Libya,Libya,NewCapacityTechFuelCumulated,Gas,2044,0.0
Libya,Libya,NewCapacityTechFuelCumulated,Gas,2044,0.0
Libya,Libya,NewCapacityTechFuelCumulated,Gas,2044,0.0
Libya,Libya,NewCapacityTechFuelCumulated,Gas,2044,5320.0
Libya,Libya,NewCapacityTechFuelCumulated,Gas,2044,0.0
Libya,Libya,NewCapacityTechFuelCumulated,Gas,2044,0.0
Libya,Libya,NewCapacityTechFuelCumulated,Gas,2044,0.0
Libya,Libya,NewCapacityTechFuelCumulated,Gas,2044,0.0
Libya,Libya,NewCapacityTechFuelCumulated,Gas,2044,0.0
Libya,Libya,NewCapacityTechFuelCumulated,Coal,2044,0.0
Libya,Libya,NewCapacityTechFuelCumulated,Coal,2044,0.0
Libya,Libya,NewCapacityTechFuelCumulated,Coal,2044,0.0
Libya,Libya,NewCapacityTechFuelCumulated,Coal,2044,0.0
Libya,Libya,NewCapacityTechFuelCumulated,Geothermal,2044,0.0
Libya,Libya,NewCapacityTechFuelCumulated,Geothermal,2044,0.0
Libya,Libya,NewCapacityTechFuelCumulated,Diesel,2044,0.0
Libya,Libya,NewCapacityTechFuelCumulated,Diesel,2044,0.0
Libya,Libya,NewCapacityTechFuelCumulated,Diesel,2044,0.0
Libya,Libya,NewCapacityTechFuelCumulated,Diesel,2044,0.0
Libya,Libya,NewCapacityTechFuelCumulated,Diesel,2044,0.0
Libya,Libya,NewCapacityTechFuelCumulated,Diesel,2044,0.0
Libya,Libya,NewCapacityTechFuelCumulated,Diesel,2044,0.0
Libya,Libya,NewCapacityTechFuelCumulated,Biomass,2044,0.0
Libya,Libya,NewCapacityTechFuelCumulated,Biomass,2044,0.0
Libya,Libya,NewCapacityTechFuelCumulated,Biomass,2044,0.0
Libya,Libya,NewCapacityTechFuelCumulated,Reservoir,2044,0.0
Libya,Libya,NewCapacityTechFuelCumulated,Reservoir,2044,0.0
Libya,Libya,NewCapacityTechFuelCumulated,ROR,2044,0.0
Libya,Libya,NewCapacityTechFuelCumulated,CSP,2044,0.0
Libya,Libya,NewCapacityTechFuelCumulated,CSP,2044,0.0
Libya,Libya,NewCapacityTechFuelCumulated,Offshore Wind,2044,0.0
Libya,Libya,NewCapacityTechFuelCumulated,Onshore Wind,2044,7000.0
Libya,Libya,NewCapacityTechFuelCumulated,Onshore Wind,2044,0.0
Libya,Libya,NewCapacityTechFuelCumulated,PV,2044,0.0
Libya,Libya,NewCapacityTechFuelCumulated,PV,2044,23500.0
Libya,Libya,NewCapacityTechFuelCumulated,PV+Storage,2044,0.0
Libya,Libya,NewCapacityTechFuelCumulated,Solar Thermal,2044,0.0
Libya,Libya,NewCapacityTechFuelCumulated,Battery,2044,3062.99223
Libya,Libya,NewCapacityTechFuelCumulated,PSH,2044,0.0
Libya,Libya,NewCapacityTechFuelCumulated,PSH,2044,0.0
Libya,Libya,NewCapacityTechFuelCumulated,Imports,2044,0.0
Libya,Libya,NewCapacityTechFuelCumulated,Peat,2044,0.0
Libya,Libya,NewCapacityTechFuelCumulated,Waste,2044,0.0
Libya,Libya,NewCapacityTechFuelCumulated,Methane,2044,0.0
Libya,Libya,NewCapacityTechFuelCumulated,Solar,2044,0.0
Libya,Libya,NewCapacityTechFuelCumulated,Solar,2044,0.0
Libya,Libya,NewCapacityTechFuelCumulated,Nuclear,2045,0.0
Libya,Libya,NewCapacityTechFuelCumulated,Gas,2045,0.0
Libya,Libya,NewCapacityTechFuelCumulated,Gas,2045,6800.0
Libya,Libya,NewCapacityTechFuelCumulated,Gas,2045,0.0
Libya,Libya,NewCapacityTechFuelCumulated,Gas,2045,0.0
Libya,Libya,NewCapacityTechFuelCumulated,Gas,2045,0.0
Libya,Libya,NewCapacityTechFuelCumulated,Gas,2045,0.0
Libya,Libya,NewCapacityTechFuelCumulated,Gas,2045,0.0
Libya,Libya,NewCapacityTechFuelCumulated,Gas,2045,5320.0
Libya,Libya,NewCapacityTechFuelCumulated,Gas,2045,0.0
Libya,Libya,NewCapacityTechFuelCumulated,Gas,2045,0.0
Libya,Libya,NewCapacityTechFuelCumulated,Gas,2045,0.0
Libya,Libya,NewCapacityTechFuelCumulated,Gas,2045,0.0
Libya,Libya,NewCapacityTechFuelCumulated,Gas,2045,0.0
Libya,Libya,NewCapacityTechFuelCumulated,Coal,2045,0.0
Libya,Libya,NewCapacityTechFuelCumulated,Coal,2045,0.0
Libya,Libya,NewCapacityTechFuelCumulated,Coal,2045,0.0
Libya,Libya,NewCapacityTechFuelCumulated,Coal,2045,0.0
Libya,Libya,NewCapacityTechFuelCumulated,Geothermal,2045,0.0
Libya,Libya,NewCapacityTechFuelCumulated,Geothermal,2045,0.0
Libya,Libya,NewCapacityTechFuelCumulated,Diesel,2045,0.0
Libya,Libya,NewCapacityTechFuelCumulated,Diesel,2045,0.0
Libya,Libya,NewCapacityTechFuelCumulated,Diesel,2045,0.0
Libya,Libya,NewCapacityTechFuelCumulated,Diesel,2045,0.0
Libya,Libya,NewCapacityTechFuelCumulated,Diesel,2045,0.0
Libya,Libya,NewCapacityTechFuelCumulated,Diesel,2045,0.0
Libya,Libya,NewCapacityTechFuelCumulated,Diesel,2045,0.0
Libya,Libya,NewCapacityTechFuelCumulated,Biomass,2045,0.0
Libya,Libya,NewCapacityTechFuelCumulated,Biomass,2045,0.0
Libya,Libya,NewCapacityTechFuelCumulated,Biomass,2045,0.0
Libya,Libya,NewCapacityTechFuelCumulated,Reservoir,2045,0.0
Libya,Libya,NewCapacityTechFuelCumulated,Reservoir,2045,0.0
Libya,Libya,NewCapacityTechFuelCumulated,ROR,2045,0.0
Libya,Libya,NewCapacityTechFuelCumulated,CSP,2045,0.0
Libya,Libya,NewCapacityTechFuelCumulated,CSP,2045,0.0
Libya,Libya,NewCapacityTechFuelCumulated,Offshore Wind,2045,0.0
Libya,Libya,NewCapacityTechFuelCumulated,Onshore Wind,2045,7500.0
Libya,Libya,NewCapacityTechFuelCumulated,Onshore Wind,2045,0.0
Libya,Libya,NewCapacityTechFuelCumulated,PV,2045,0.0
Libya,Libya,NewCapacityTechFuelCumulated,PV,2045,25500.0
Libya,Libya,NewCapacityTechFuelCumulated,PV+Storage,2045,0.0
Libya,Libya,NewCapacityTechFuelCumulated,Solar Thermal,2045,0.0
Libya,Libya,NewCapacityTechFuelCumulated,Battery,2045,3562.99223
Libya,Libya,NewCapacityTechFuelCumulated,PSH,2045,0.0
Libya,Libya,NewCapacityTechFuelCumulated,PSH,2045,0.0
Libya,Libya,NewCapacityTechFuelCumulated,Imports,2045,0.0
Libya,Libya,NewCapacityTechFuelCumulated,Peat,2045,0.0
Libya,Libya,NewCapacityTechFuelCumulated,Waste,2045,0.0
Libya,Libya,NewCapacityTechFuelCumulated,Methane,2045,0.0
Libya,Libya,NewCapacityTechFuelCumulated,Solar,2045,0.0
Libya,Libya,NewCapacityTechFuelCumulated,Solar,2045,0.0
Libya,Libya,NewCapacityTechFuelCumulated,Nuclear,2046,0.0
Libya,Libya,NewCapacityTechFuelCumulated,Gas,2046,0.0
Libya,Libya,NewCapacityTechFuelCumulated,Gas,2046,7200.0
Libya,Libya,NewCapacityTechFuelCumulated,Gas,2046,0.0
Libya,Libya,NewCapacityTechFuelCumulated,Gas,2046,0.0
Libya,Libya,NewCapacityTechFuelCumulated,Gas,2046,0.0
Libya,Libya,NewCapacityTechFuelCumulated,Gas,2046,0.0
Libya,Libya,NewCapacityTechFuelCumulated,Gas,2046,0.0
Libya,Libya,NewCapacityTechFuelCumulated,Gas,2046,5320.0
Libya,Libya,NewCapacityTechFuelCumulated,Gas,2046,0.0
Libya,Libya,NewCapacityTechFuelCumulated,Gas,2046,0.0
Libya,Libya,NewCapacityTechFuelCumulated,Gas,2046,0.0
Libya,Libya,NewCapacityTechFuelCumulated,Gas,2046,0.0
Libya,Libya,NewCapacityTechFuelCumulated,Gas,2046,0.0
Libya,Libya,NewCapacityTechFuelCumulated,Coal,2046,0.0
Libya,Libya,NewCapacityTechFuelCumulated,Coal,2046,0.0
Libya,Libya,NewCapacityTechFuelCumulated,Coal,2046,0.0
Libya,Libya,NewCapacityTechFuelCumulated,Coal,2046,0.0
Libya,Libya,NewCapacityTechFuelCumulated,Geothermal,2046,0.0
Libya,Libya,NewCapacityTechFuelCumulated,Geothermal,2046,0.0
Libya,Libya,NewCapacityTechFuelCumulated,Diesel,2046,0.0
Libya,Libya,NewCapacityTechFuelCumulated,Diesel,2046,0.0
Libya,Libya,NewCapacityTechFuelCumulated,Diesel,2046,0.0
Libya,Libya,NewCapacityTechFuelCumulated,Diesel,2046,0.0
Libya,Libya,NewCapacityTechFuelCumulated,Diesel,2046,0.0
Libya,Libya,NewCapacityTechFuelCumulated,Diesel,2046,0.0
Libya,Libya,NewCapacityTechFuelCumulated,Diesel,2046,0.0
Libya,Libya,NewCapacityTechFuelCumulated,Biomass,2046,0.0
Libya,Libya,NewCapacityTechFuelCumulated,Biomass,2046,0.0
Libya,Libya,NewCapacityTechFuelCumulated,Biomass,2046,0.0
Libya,Libya,NewCapacityTechFuelCumulated,Reservoir,2046,0.0
Libya,Libya,NewCapacityTechFuelCumulated,Reservoir,2046,0.0
Libya,Libya,NewCapacityTechFuelCumulated,ROR,2046,0.0
Libya,Libya,NewCapacityTechFuelCumulated,CSP,2046,0.0
Libya,Libya,NewCapacityTechFuelCumulated,CSP,2046,0.0
Libya,Libya,NewCapacityTechFuelCumulated,Offshore Wind,2046,0.0
Libya,Libya,NewCapacityTechFuelCumulated,Onshore Wind,2046,8000.0
Libya,Libya,NewCapacityTechFuelCumulated,Onshore Wind,2046,0.0
Libya,Libya,NewCapacityTechFuelCumulated,PV,2046,0.0
Libya,Libya,NewCapacityTechFuelCumulated,PV,2046,27500.0
Libya,Libya,NewCapacityTechFuelCumulated,PV+Storage,2046,0.0
Libya,Libya,NewCapacityTechFuelCumulated,Solar Thermal,2046,0.0
Libya,Libya,NewCapacityTechFuelCumulated,Battery,2046,4062.99223
Libya,Libya,NewCapacityTechFuelCumulated,PSH,2046,0.0
Libya,Libya,NewCapacityTechFuelCumulated,PSH,2046,0.0
Libya,Libya,NewCapacityTechFuelCumulated,Imports,2046,0.0
Libya,Libya,NewCapacityTechFuelCumulated,Peat,2046,0.0
Libya,Libya,NewCapacityTechFuelCumulated,Waste,2046,0.0
Libya,Libya,NewCapacityTechFuelCumulated,Methane,2046,0.0
Libya,Libya,NewCapacityTechFuelCumulated,Solar,2046,0.0
Libya,Libya,NewCapacityTechFuelCumulated,Solar,2046,0.0
Libya,Libya,NewCapacityTechFuelCumulated,Nuclear,2047,0.0
Libya,Libya,NewCapacityTechFuelCumulated,Gas,2047,0.0
Libya,Libya,NewCapacityTechFuelCumulated,Gas,2047,7600.0
Libya,Libya,NewCapacityTechFuelCumulated,Gas,2047,0.0
Libya,Libya,NewCapacityTechFuelCumulated,Gas,2047,0.0
Libya,Libya,NewCapacityTechFuelCumulated,Gas,2047,0.0
Libya,Libya,NewCapacityTechFuelCumulated,Gas,2047,0.0
Libya,Libya,NewCapacityTechFuelCumulated,Gas,2047,0.0
Libya,Libya,NewCapacityTechFuelCumulated,Gas,2047,5320.0
Libya,Libya,NewCapacityTechFuelCumulated,Gas,2047,0.0
Libya,Libya,NewCapacityTechFuelCumulated,Gas,2047,0.0
Libya,Libya,NewCapacityTechFuelCumulated,Gas,2047,0.0
Libya,Libya,NewCapacityTechFuelCumulated,Gas,2047,0.0
Libya,Libya,NewCapacityTechFuelCumulated,Gas,2047,0.0
Libya,Libya,NewCapacityTechFuelCumulated,Coal,2047,0.0
Libya,Libya,NewCapacityTechFuelCumulated,Coal,2047,0.0
Libya,Libya,NewCapacityTechFuelCumulated,Coal,2047,0.0
Libya,Libya,NewCapacityTechFuelCumulated,Coal,2047,0.0
Libya,Libya,NewCapacityTechFuelCumulated,Geothermal,2047,0.0
Libya,Libya,NewCapacityTechFuelCumulated,Geothermal,2047,0.0
Libya,Libya,NewCapacityTechFuelCumulated,Diesel,2047,0.0
Libya,Libya,NewCapacityTechFuelCumulated,Diesel,2047,0.0
Libya,Libya,NewCapacityTechFuelCumulated,Diesel,2047,0.0
Libya,Libya,NewCapacityTechFuelCumulated,Diesel,2047,0.0
Libya,Libya,NewCapacityTechFuelCumulated,Diesel,2047,0.0
Libya,Libya,NewCapacityTechFuelCumulated,Diesel,2047,0.0
Libya,Libya,NewCapacityTechFuelCumulated,Diesel,2047,0.0
Libya,Libya,NewCapacityTechFuelCumulated,Biomass,2047,0.0
Libya,Libya,NewCapacityTechFuelCumulated,Biomass,2047,0.0
Libya,Libya,NewCapacityTechFuelCumulated,Biomass,2047,0.0
Libya,Libya,NewCapacityTechFuelCumulated,Reservoir,2047,0.0
Libya,Libya,NewCapacityTechFuelCumulated,Reservoir,2047,0.0
Libya,Libya,NewCapacityTechFuelCumulated,ROR,2047,0.0
Libya,Libya,NewCapacityTechFuelCumulated,CSP,2047,0.0
Libya,Libya,NewCapacityTechFuelCumulated,CSP,2047,0.0
Libya,Libya,NewCapacityTechFuelCumulated,Offshore Wind,2047,0.0
Libya,Libya,NewCapacityTechFuelCumulated,Onshore Wind,2047,8500.0
Libya,Libya,NewCapacityTechFuelCumulated,Onshore Wind,2047,0.0
Libya,Libya,NewCapacityTechFuelCumulated,PV,2047,0.0
Libya,Libya,NewCapacityTechFuelCumulated,PV,2047,29500.0
Libya,Libya,NewCapacityTechFuelCumulated,PV+Storage,2047,0.0
Libya,Libya,NewCapacityTechFuelCumulated,Solar Thermal,2047,0.0
Libya,Libya,NewCapacityTechFuelCumulated,Battery,2047,4562.99223
Libya,Libya,NewCapacityTechFuelCumulated,PSH,2047,0.0
Libya,Libya,NewCapacityTechFuelCumulated,PSH,2047,0.0
Libya,Libya,NewCapacityTechFuelCumulated,Imports,2047,0.0
Libya,Libya,NewCapacityTechFuelCumulated,Peat,2047,0.0
Libya,Libya,NewCapacityTechFuelCumulated,Waste,2047,0.0
Libya,Libya,NewCapacityTechFuelCumulated,Methane,2047,0.0
Libya,Libya,NewCapacityTechFuelCumulated,Solar,2047,0.0
Libya,Libya,NewCapacityTechFuelCumulated,Solar,2047,0.0
Libya,Libya,NewCapacityTechFuelCumulated,Nuclear,2048,0.0
Libya,Libya,NewCapacityTechFuelCumulated,Gas,2048,0.0
Libya,Libya,NewCapacityTechFuelCumulated,Gas,2048,8000.0
Libya,Libya,NewCapacityTechFuelCumulated,Gas,2048,0.0
Libya,Libya,NewCapacityTechFuelCumulated,Gas,2048,0.0
Libya,Libya,NewCapacityTechFuelCumulated,Gas,2048,0.0
Libya,Libya,NewCapacityTechFuelCumulated,Gas,2048,0.0
Libya,Libya,NewCapacityTechFuelCumulated,Gas,2048,0.0
Libya,Libya,NewCapacityTechFuelCumulated,Gas,2048,5320.0
Libya,Libya,NewCapacityTechFuelCumulated,Gas,2048,0.0
Libya,Libya,NewCapacityTechFuelCumulated,Gas,2048,0.0
Libya,Libya,NewCapacityTechFuelCumulated,Gas,2048,0.0
Libya,Libya,NewCapacityTechFuelCumulated,Gas,2048,0.0
Libya,Libya,NewCapacityTechFuelCumulated,Gas,2048,0.0
Libya,Libya,NewCapacityTechFuelCumulated,Coal,2048,0.0
Libya,Libya,NewCapacityTechFuelCumulated,Coal,2048,0.0
Libya,Libya,NewCapacityTechFuelCumulated,Coal,2048,0.0
Libya,Libya,NewCapacityTechFuelCumulated,Coal,2048,0.0
Libya,Libya,NewCapacityTechFuelCumulated,Geothermal,2048,0.0
Libya,Libya,NewCapacityTechFuelCumulated,Geothermal,2048,0.0
Libya,Libya,NewCapacityTechFuelCumulated,Diesel,2048,0.0
Libya,Libya,NewCapacityTechFuelCumulated,Diesel,2048,0.0
Libya,Libya,NewCapacityTechFuelCumulated,Diesel,2048,0.0
Libya,Libya,NewCapacityTechFuelCumulated,Diesel,2048,0.0
Libya,Libya,NewCapacityTechFuelCumulated,Diesel,2048,0.0
Libya,Libya,NewCapacityTechFuelCumulated,Diesel,2048,0.0
Libya,Libya,NewCapacityTechFuelCumulated,Diesel,2048,0.0
Libya,Libya,NewCapacityTechFuelCumulated,Biomass,2048,0.0
Libya,Libya,NewCapacityTechFuelCumulated,Biomass,2048,0.0
Libya,Libya,NewCapacityTechFuelCumulated,Biomass,2048,0.0
Libya,Libya,NewCapacityTechFuelCumulated,Reservoir,2048,0.0
Libya,Libya,NewCapacityTechFuelCumulated,Reservoir,2048,0.0
Libya,Libya,NewCapacityTechFuelCumulated,ROR,2048,0.0
Libya,Libya,NewCapacityTechFuelCumulated,CSP,2048,0.0
Libya,Libya,NewCapacityTechFuelCumulated,CSP,2048,0.0
Libya,Libya,NewCapacityTechFuelCumulated,Offshore Wind,2048,0.0
Libya,Libya,NewCapacityTechFuelCumulated,Onshore Wind,2048,9000.0
Libya,Libya,NewCapacityTechFuelCumulated,Onshore Wind,2048,0.0
Libya,Libya,NewCapacityTechFuelCumulated,PV,2048,0.0
Libya,Libya,NewCapacityTechFuelCumulated,PV,2048,31112.78559786538
Libya,Libya,NewCapacityTechFuelCumulated,PV+Storage,2048,0.0
Libya,Libya,NewCapacityTechFuelCumulated,Solar Thermal,2048,0.0
Libya,Libya,NewCapacityTechFuelCumulated,Battery,2048,5062.99223
Libya,Libya,NewCapacityTechFuelCumulated,PSH,2048,0.0
Libya,Libya,NewCapacityTechFuelCumulated,PSH,2048,0.0
Libya,Libya,NewCapacityTechFuelCumulated,Imports,2048,0.0
Libya,Libya,NewCapacityTechFuelCumulated,Peat,2048,0.0
Libya,Libya,NewCapacityTechFuelCumulated,Waste,2048,0.0
Libya,Libya,NewCapacityTechFuelCumulated,Methane,2048,0.0
Libya,Libya,NewCapacityTechFuelCumulated,Solar,2048,0.0
Libya,Libya,NewCapacityTechFuelCumulated,Solar,2048,0.0
Libya,Libya,NewCapacityTechFuelCumulated,Nuclear,2049,0.0
Libya,Libya,NewCapacityTechFuelCumulated,Gas,2049,0.0
Libya,Libya,NewCapacityTechFuelCumulated,Gas,2049,8400.0
Libya,Libya,NewCapacityTechFuelCumulated,Gas,2049,0.0
Libya,Libya,NewCapacityTechFuelCumulated,Gas,2049,0.0
Libya,Libya,NewCapacityTechFuelCumulated,Gas,2049,0.0
Libya,Libya,NewCapacityTechFuelCumulated,Gas,2049,0.0
Libya,Libya,NewCapacityTechFuelCumulated,Gas,2049,0.0
Libya,Libya,NewCapacityTechFuelCumulated,Gas,2049,5320.0
Libya,Libya,NewCapacityTechFuelCumulated,Gas,2049,0.0
Libya,Libya,NewCapacityTechFuelCumulated,Gas,2049,0.0
Libya,Libya,NewCapacityTechFuelCumulated,Gas,2049,0.0
Libya,Libya,NewCapacityTechFuelCumulated,Gas,2049,0.0
Libya,Libya,NewCapacityTechFuelCumulated,Gas,2049,0.0
Libya,Libya,NewCapacityTechFuelCumulated,Coal,2049,0.0
Libya,Libya,NewCapacityTechFuelCumulated,Coal,2049,0.0
Libya,Libya,NewCapacityTechFuelCumulated,Coal,2049,0.0
Libya,Libya,NewCapacityTechFuelCumulated,Coal,2049,0.0
Libya,Libya,NewCapacityTechFuelCumulated,Geothermal,2049,0.0
Libya,Libya,NewCapacityTechFuelCumulated,Geothermal,2049,0.0
Libya,Libya,NewCapacityTechFuelCumulated,Diesel,2049,0.0
Libya,Libya,NewCapacityTechFuelCumulated,Diesel,2049,0.0
Libya,Libya,NewCapacityTechFuelCumulated,Diesel,2049,0.0
Libya,Libya,NewCapacityTechFuelCumulated,Diesel,2049,0.0
Libya,Libya,NewCapacityTechFuelCumulated,Diesel,2049,0.0
Libya,Libya,NewCapacityTechFuelCumulated,Diesel,2049,0.0
Libya,Libya,NewCapacityTechFuelCumulated,Diesel,2049,0.0
Libya,Libya,NewCapacityTechFuelCumulated,Biomass,2049,0.0
Libya,Libya,NewCapacityTechFuelCumulated,Biomass,2049,0.0
Libya,Libya,NewCapacityTechFuelCumulated,Biomass,2049,0.0
Libya,Libya,NewCapacityTechFuelCumulated,Reservoir,2049,0.0
Libya,Libya,NewCapacityTechFuelCumulated,Reservoir,2049,0.0
Libya,Libya,NewCapacityTechFuelCumulated,ROR,2049,0.0
Libya,Libya,NewCapacityTechFuelCumulated,CSP,2049,0.0
Libya,Libya,NewCapacityTechFuelCumulated,CSP,2049,0.0
Libya,Libya,NewCapacityTechFuelCumulated,Offshore Wind,2049,0.0
Libya,Libya,NewCapacityTechFuelCumulated,Onshore Wind,2049,9500.0
Libya,Libya,NewCapacityTechFuelCumulated,Onshore Wind,2049,0.0
Libya,Libya,NewCapacityTechFuelCumulated,PV,2049,0.0
Libya,Libya,NewCapacityTechFuelCumulated,PV,2049,31452.64437444735
Libya,Libya,NewCapacityTechFuelCumulated,PV+Storage,2049,0.0
Libya,Libya,NewCapacityTechFuelCumulated,Solar Thermal,2049,0.0
Libya,Libya,NewCapacityTechFuelCumulated,Battery,2049,5562.99223
Libya,Libya,NewCapacityTechFuelCumulated,PSH,2049,0.0
Libya,Libya,NewCapacityTechFuelCumulated,PSH,2049,0.0
Libya,Libya,NewCapacityTechFuelCumulated,Imports,2049,0.0
Libya,Libya,NewCapacityTechFuelCumulated,Peat,2049,0.0
Libya,Libya,NewCapacityTechFuelCumulated,Waste,2049,0.0
Libya,Libya,NewCapacityTechFuelCumulated,Methane,2049,0.0
Libya,Libya,NewCapacityTechFuelCumulated,Solar,2049,0.0
Libya,Libya,NewCapacityTechFuelCumulated,Solar,2049,0.0
Libya,Libya,NewCapacityTechFuelCumulated,Nuclear,2050,0.0
Libya,Libya,NewCapacityTechFuelCumulated,Gas,2050,0.0
Libya,Libya,NewCapacityTechFuelCumulated,Gas,2050,8400.0
Libya,Libya,NewCapacityTechFuelCumulated,Gas,2050,0.0
Libya,Libya,NewCapacityTechFuelCumulated,Gas,2050,0.0
Libya,Libya,NewCapacityTechFuelCumulated,Gas,2050,0.0
Libya,Libya,NewCapacityTechFuelCumulated,Gas,2050,0.0
Libya,Libya,NewCapacityTechFuelCumulated,Gas,2050,0.0
Libya,Libya,NewCapacityTechFuelCumulated,Gas,2050,5320.0
Libya,Libya,NewCapacityTechFuelCumulated,Gas,2050,0.0
Libya,Libya,NewCapacityTechFuelCumulated,Gas,2050,0.0
Libya,Libya,NewCapacityTechFuelCumulated,Gas,2050,0.0
Libya,Libya,NewCapacityTechFuelCumulated,Gas,2050,0.0
Libya,Libya,NewCapacityTechFuelCumulated,Gas,2050,0.0
Libya,Libya,NewCapacityTechFuelCumulated,Coal,2050,0.0
Libya,Libya,NewCapacityTechFuelCumulated,Coal,2050,0.0
Libya,Libya,NewCapacityTechFuelCumulated,Coal,2050,0.0
Libya,Libya,NewCapacityTechFuelCumulated,Coal,2050,0.0
Libya,Libya,NewCapacityTechFuelCumulated,Geothermal,2050,0.0
Libya,Libya,NewCapacityTechFuelCumulated,Geothermal,2050,0.0
Libya,Libya,NewCapacityTechFuelCumulated,Diesel,2050,0.0
Libya,Libya,NewCapacityTechFuelCumulated,Diesel,2050,0.0
Libya,Libya,NewCapacityTechFuelCumulated,Diesel,2050,0.0
Libya,Libya,NewCapacityTechFuelCumulated,Diesel,2050,0.0
Libya,Libya,NewCapacityTechFuelCumulated,Diesel,2050,0.0
Libya,Libya,NewCapacityTechFuelCumulated,Diesel,2050,0.0
Libya,Libya,NewCapacityTechFuelCumulated,Diesel,2050,0.0
Libya,Libya,NewCapacityTechFuelCumulated,Biomass,2050,0.0
Libya,Libya,NewCapacityTechFuelCumulated,Biomass,2050,0.0
Libya,Libya,NewCapacityTechFuelCumulated,Biomass,2050,0.0
Libya,Libya,NewCapacityTechFuelCumulated,Reservoir,2050,0.0
Libya,Libya,NewCapacityTechFuelCumulated,Reservoir,2050,0.0
Libya,Libya,NewCapacityTechFuelCumulated,ROR,2050,0.0
Libya,Libya,NewCapacityTechFuelCumulated,CSP,2050,0.0
Libya,Libya,NewCapacityTechFuelCumulated,CSP,2050,0.0
Libya,Libya,NewCapacityTechFuelCumulated,Offshore Wind,2050,0.0
Libya,Libya,NewCapacityTechFuelCumulated,Onshore Wind,2050,10000.0
Libya,Libya,NewCapacityTechFuelCumulated,Onshore Wind,2050,0.0
Libya,Libya,NewCapacityTechFuelCumulated,PV,2050,0.0
Libya,Libya,NewCapacityTechFuelCumulated,PV,2050,31843.06709737114
Libya,Libya,NewCapacityTechFuelCumulated,PV+Storage,2050,0.0
Libya,Libya,NewCapacityTechFuelCumulated,Solar Thermal,2050,0.0
Libya,Libya,NewCapacityTechFuelCumulated,Battery,2050,6062.99223
Libya,Libya,NewCapacityTechFuelCumulated,PSH,2050,0.0
Libya,Libya,NewCapacityTechFuelCumulated,PSH,2050,0.0
Libya,Libya,NewCapacityTechFuelCumulated,Imports,2050,0.0
Libya,Libya,NewCapacityTechFuelCumulated,Peat,2050,0.0
Libya,Libya,NewCapacityTechFuelCumulated,Waste,2050,0.0
Libya,Libya,NewCapacityTechFuelCumulated,Methane,2050,0.0
Libya,Libya,NewCapacityTechFuelCumulated,Solar,2050,0.0
Libya,Libya,NewCapacityTechFuelCumulated,Solar,2050,0.0
Libya,Libya,ReserveSpinningTechFuel,Nuclear,2026,0.0
Libya,Libya,ReserveSpinningTechFuel,Gas,2026,299.4442
Libya,Libya,ReserveSpinningTechFuel,Gas,2026,0.0
Libya,Libya,ReserveSpinningTechFuel,Gas,2026,0.0
Libya,Libya,ReserveSpinningTechFuel,Gas,2026,0.0
Libya,Libya,ReserveSpinningTechFuel,Gas,2026,0.0
Libya,Libya,ReserveSpinningTechFuel,Gas,2026,8564.245200000001
Libya,Libya,ReserveSpinningTechFuel,Gas,2026,0.0
Libya,Libya,ReserveSpinningTechFuel,Gas,2026,329.2716
Libya,Libya,ReserveSpinningTechFuel,Gas,2026,0.0
Libya,Libya,ReserveSpinningTechFuel,Gas,2026,0.0
Libya,Libya,ReserveSpinningTechFuel,Gas,2026,0.0
Libya,Libya,ReserveSpinningTechFuel,Gas,2026,0.0
Libya,Libya,ReserveSpinningTechFuel,Gas,2026,0.0
Libya,Libya,ReserveSpinningTechFuel,Coal,2026,0.0
Libya,Libya,ReserveSpinningTechFuel,Coal,2026,0.0
Libya,Libya,ReserveSpinningTechFuel,Coal,2026,0.0
Libya,Libya,ReserveSpinningTechFuel,Coal,2026,0.0
Libya,Libya,ReserveSpinningTechFuel,Geothermal,2026,0.0
Libya,Libya,ReserveSpinningTechFuel,Geothermal,2026,0.0
Libya,Libya,ReserveSpinningTechFuel,Diesel,2026,0.0
Libya,Libya,ReserveSpinningTechFuel,Diesel,2026,0.0
Libya,Libya,ReserveSpinningTechFuel,Diesel,2026,0.0
Libya,Libya,ReserveSpinningTechFuel,Diesel,2026,0.0
Libya,Libya,ReserveSpinningTechFuel,Diesel,2026,0.0
Libya,Libya,ReserveSpinningTechFuel,Diesel,2026,1121.28
Libya,Libya,ReserveSpinningTechFuel,Diesel,2026,0.0
Libya,Libya,ReserveSpinningTechFuel,Biomass,2026,0.0
Libya,Libya,ReserveSpinningTechFuel,Biomass,2026,0.0
Libya,Libya,ReserveSpinningTechFuel,Biomass,2026,0.0
Libya,Libya,ReserveSpinningTechFuel,Reservoir,2026,0.0
Libya,Libya,ReserveSpinningTechFuel,Reservoir,2026,0.0
Libya,Libya,ReserveSpinningTechFuel,ROR,2026,0.0
Libya,Libya,ReserveSpinningTechFuel,CSP,2026,0.0
Libya,Libya,ReserveSpinningTechFuel,CSP,2026,0.0
Libya,Libya,ReserveSpinningTechFuel,Offshore Wind,2026,0.0
Libya,Libya,ReserveSpinningTechFuel,Onshore Wind,2026,0.0
Libya,Libya,ReserveSpinningTechFuel,Onshore Wind,2026,0.0
Libya,Libya,ReserveSpinningTechFuel,PV,2026,0.0
Libya,Libya,ReserveSpinningTechFuel,PV,2026,0.0
Libya,Libya,ReserveSpinningTechFuel,PV+Storage,2026,0.0
Libya,Libya,ReserveSpinningTechFuel,Solar Thermal,2026,0.0
Libya,Libya,ReserveSpinningTechFuel,Battery,2026,0.0
Libya,Libya,ReserveSpinningTechFuel,PSH,2026,0.0
Libya,Libya,ReserveSpinningTechFuel,PSH,2026,0.0
Libya,Libya,ReserveSpinningTechFuel,Imports,2026,0.0
Libya,Libya,ReserveSpinningTechFuel,Peat,2026,0.0
Libya,Libya,ReserveSpinningTechFuel,Waste,2026,0.0
Libya,Libya,ReserveSpinningTechFuel,Methane,2026,0.0
Libya,Libya,ReserveSpinningTechFuel,Solar,2026,0.0
Libya,Libya,ReserveSpinningTechFuel,Solar,2026,0.0
Libya,Libya,ReserveSpinningTechFuel,Nuclear,2027,0.0
Libya,Libya,ReserveSpinningTechFuel,Gas,2027,559.8399999999997
Libya,Libya,ReserveSpinningTechFuel,Gas,2027,0.0
Libya,Libya,ReserveSpinningTechFuel,Gas,2027,0.0
Libya,Libya,ReserveSpinningTechFuel,Gas,2027,0.0
Libya,Libya,ReserveSpinningTechFuel,Gas,2027,0.0
Libya,Libya,ReserveSpinningTechFuel,Gas,2027,5664.573600000001
Libya,Libya,ReserveSpinningTechFuel,Gas,2027,0.0
Libya,Libya,ReserveSpinningTechFuel,Gas,2027,1157.4034000000004
Libya,Libya,ReserveSpinningTechFuel,Gas,2027,0.0
Libya,Libya,ReserveSpinningTechFuel,Gas,2027,0.0
Libya,Libya,ReserveSpinningTechFuel,Gas,2027,0.0
Libya,Libya,ReserveSpinningTechFuel,Gas,2027,0.0
Libya,Libya,ReserveSpinningTechFuel,Gas,2027,0.0
Libya,Libya,ReserveSpinningTechFuel,Coal,2027,0.0
Libya,Libya,ReserveSpinningTechFuel,Coal,2027,0.0
Libya,Libya,ReserveSpinningTechFuel,Coal,2027,0.0
Libya,Libya,ReserveSpinningTechFuel,Coal,2027,0.0
Libya,Libya,ReserveSpinningTechFuel,Geothermal,2027,0.0
Libya,Libya,ReserveSpinningTechFuel,Geothermal,2027,0.0
Libya,Libya,ReserveSpinningTechFuel,Diesel,2027,0.0
Libya,Libya,ReserveSpinningTechFuel,Diesel,2027,0.0
Libya,Libya,ReserveSpinningTechFuel,Diesel,2027,0.0
Libya,Libya,ReserveSpinningTechFuel,Diesel,2027,0.0
Libya,Libya,ReserveSpinningTechFuel,Diesel,2027,0.0
Libya,Libya,ReserveSpinningTechFuel,Diesel,2027,1121.28
Libya,Libya,ReserveSpinningTechFuel,Diesel,2027,0.0
Libya,Libya,ReserveSpinningTechFuel,Biomass,2027,0.0
Libya,Libya,ReserveSpinningTechFuel,Biomass,2027,0.0
Libya,Libya,ReserveSpinningTechFuel,Biomass,2027,0.0
Libya,Libya,ReserveSpinningTechFuel,Reservoir,2027,0.0
Libya,Libya,ReserveSpinningTechFuel,Reservoir,2027,0.0
Libya,Libya,ReserveSpinningTechFuel,ROR,2027,0.0
Libya,Libya,ReserveSpinningTechFuel,CSP,2027,0.0
Libya,Libya,ReserveSpinningTechFuel,CSP,2027,0.0
Libya,Libya,ReserveSpinningTechFuel,Offshore Wind,2027,0.0
Libya,Libya,ReserveSpinningTechFuel,Onshore Wind,2027,0.0
Libya,Libya,ReserveSpinningTechFuel,Onshore Wind,2027,0.0
Libya,Libya,ReserveSpinningTechFuel,PV,2027,0.0
Libya,Libya,ReserveSpinningTechFuel,PV,2027,0.0
Libya,Libya,ReserveSpinningTechFuel,PV+Storage,2027,0.0
Libya,Libya,ReserveSpinningTechFuel,Solar Thermal,2027,0.0
Libya,Libya,ReserveSpinningTechFuel,Battery,2027,0.0
Libya,Libya,ReserveSpinningTechFuel,PSH,2027,0.0
Libya,Libya,ReserveSpinningTechFuel,PSH,2027,0.0
Libya,Libya,ReserveSpinningTechFuel,Imports,2027,0.0
Libya,Libya,ReserveSpinningTechFuel,Peat,2027,0.0
Libya,Libya,ReserveSpinningTechFuel,Waste,2027,0.0
Libya,Libya,ReserveSpinningTechFuel,Methane,2027,0.0
Libya,Libya,ReserveSpinningTechFuel,Solar,2027,0.0
Libya,Libya,ReserveSpinningTechFuel,Solar,2027,0.0
Libya,Libya,ReserveSpinningTechFuel,Nuclear,2028,0.0
Libya,Libya,ReserveSpinningTechFuel,Gas,2028,952.9702057499998
Libya,Libya,ReserveSpinningTechFuel,Gas,2028,0.0
Libya,Libya,ReserveSpinningTechFuel,Gas,2028,0.0
Libya,Libya,ReserveSpinningTechFuel,Gas,2028,0.0
Libya,Libya,ReserveSpinningTechFuel,Gas,2028,0.0
Libya,Libya,ReserveSpinningTechFuel,Gas,2028,5951.75869425
Libya,Libya,ReserveSpinningTechFuel,Gas,2028,0.0
Libya,Libya,ReserveSpinningTechFuel,Gas,2028,199.24168875
Libya,Libya,ReserveSpinningTechFuel,Gas,2028,0.0
Libya,Libya,ReserveSpinningTechFuel,Gas,2028,0.0
Libya,Libya,ReserveSpinningTechFuel,Gas,2028,0.0
Libya,Libya,ReserveSpinningTechFuel,Gas,2028,0.0
Libya,Libya,ReserveSpinningTechFuel,Gas,2028,0.0
Libya,Libya,ReserveSpinningTechFuel,Coal,2028,0.0
Libya,Libya,ReserveSpinningTechFuel,Coal,2028,0.0
Libya,Libya,ReserveSpinningTechFuel,Coal,2028,0.0
Libya,Libya,ReserveSpinningTechFuel,Coal,2028,0.0
Libya,Libya,ReserveSpinningTechFuel,Geothermal,2028,0.0
Libya,Libya,ReserveSpinningTechFuel,Geothermal,2028,0.0
Libya,Libya,ReserveSpinningTechFuel,Diesel,2028,0.0
Libya,Libya,ReserveSpinningTechFuel,Diesel,2028,0.0
Libya,Libya,ReserveSpinningTechFuel,Diesel,2028,0.0
Libya,Libya,ReserveSpinningTechFuel,Diesel,2028,0.0
Libya,Libya,ReserveSpinningTechFuel,Diesel,2028,0.0
Libya,Libya,ReserveSpinningTechFuel,Diesel,2028,1121.28
Libya,Libya,ReserveSpinningTechFuel,Diesel,2028,0.0
Libya,Libya,ReserveSpinningTechFuel,Biomass,2028,0.0
Libya,Libya,ReserveSpinningTechFuel,Biomass,2028,0.0
Libya,Libya,ReserveSpinningTechFuel,Biomass,2028,0.0
Libya,Libya,ReserveSpinningTechFuel,Reservoir,2028,0.0
Libya,Libya,ReserveSpinningTechFuel,Reservoir,2028,0.0
Libya,Libya,ReserveSpinningTechFuel,ROR,2028,0.0
Libya,Libya,ReserveSpinningTechFuel,CSP,2028,0.0
Libya,Libya,ReserveSpinningTechFuel,CSP,2028,0.0
Libya,Libya,ReserveSpinningTechFuel,Offshore Wind,2028,0.0
Libya,Libya,ReserveSpinningTechFuel,Onshore Wind,2028,0.0
Libya,Libya,ReserveSpinningTechFuel,Onshore Wind,2028,0.0
Libya,Libya,ReserveSpinningTechFuel,PV,2028,0.0
Libya,Libya,ReserveSpinningTechFuel,PV,2028,0.0
Libya,Libya,ReserveSpinningTechFuel,PV+Storage,2028,0.0
Libya,Libya,ReserveSpinningTechFuel,Solar Thermal,2028,0.0
Libya,Libya,ReserveSpinningTechFuel,Battery,2028,0.0
Libya,Libya,ReserveSpinningTechFuel,PSH,2028,0.0
Libya,Libya,ReserveSpinningTechFuel,PSH,2028,0.0
Libya,Libya,ReserveSpinningTechFuel,Imports,2028,0.0
Libya,Libya,ReserveSpinningTechFuel,Peat,2028,0.0
Libya,Libya,ReserveSpinningTechFuel,Waste,2028,0.0
Libya,Libya,ReserveSpinningTechFuel,Methane,2028,0.0
Libya,Libya,ReserveSpinningTechFuel,Solar,2028,0.0
Libya,Libya,ReserveSpinningTechFuel,Solar,2028,0.0
Libya,Libya,ReserveSpinningTechFuel,Nuclear,2029,0.0
Libya,Libya,ReserveSpinningTechFuel,Gas,2029,790.4151415000001
Libya,Libya,ReserveSpinningTechFuel,Gas,2029,0.0
Libya,Libya,ReserveSpinningTechFuel,Gas,2029,0.0
Libya,Libya,ReserveSpinningTechFuel,Gas,2029,0.0
Libya,Libya,ReserveSpinningTechFuel,Gas,2029,0.0
Libya,Libya,ReserveSpinningTechFuel,Gas,2029,6305.7474765
Libya,Libya,ReserveSpinningTechFuel,Gas,2029,0.0
Libya,Libya,ReserveSpinningTechFuel,Gas,2029,143.21657449999998
Libya,Libya,ReserveSpinningTechFuel,Gas,2029,0.0
Libya,Libya,ReserveSpinningTechFuel,Gas,2029,0.0
Libya,Libya,ReserveSpinningTechFuel,Gas,2029,0.0
Libya,Libya,ReserveSpinningTechFuel,Gas,2029,0.0
Libya,Libya,ReserveSpinningTechFuel,Gas,2029,0.0
Libya,Libya,ReserveSpinningTechFuel,Coal,2029,0.0
Libya,Libya,ReserveSpinningTechFuel,Coal,2029,0.0
Libya,Libya,ReserveSpinningTechFuel,Coal,2029,0.0
Libya,Libya,ReserveSpinningTechFuel,Coal,2029,0.0
Libya,Libya,ReserveSpinningTechFuel,Geothermal,2029,0.0
Libya,Libya,ReserveSpinningTechFuel,Geothermal,2029,0.0
Libya,Libya,ReserveSpinningTechFuel,Diesel,2029,0.0
Libya,Libya,ReserveSpinningTechFuel,Diesel,2029,0.0
Libya,Libya,ReserveSpinningTechFuel,Diesel,2029,0.0
Libya,Libya,ReserveSpinningTechFuel,Diesel,2029,0.0
Libya,Libya,ReserveSpinningTechFuel,Diesel,2029,0.0
Libya,Libya,ReserveSpinningTechFuel,Diesel,2029,1121.28
Libya,Libya,ReserveSpinningTechFuel,Diesel,2029,0.0
Libya,Libya,ReserveSpinningTechFuel,Biomass,2029,0.0
Libya,Libya,ReserveSpinningTechFuel,Biomass,2029,0.0
Libya,Libya,ReserveSpinningTechFuel,Biomass,2029,0.0
Libya,Libya,ReserveSpinningTechFuel,Reservoir,2029,0.0
Libya,Libya,ReserveSpinningTechFuel,Reservoir,2029,0.0
Libya,Libya,ReserveSpinningTechFuel,ROR,2029,0.0
Libya,Libya,ReserveSpinningTechFuel,CSP,2029,0.0
Libya,Libya,ReserveSpinningTechFuel,CSP,2029,0.0
Libya,Libya,ReserveSpinningTechFuel,Offshore Wind,2029,0.0
Libya,Libya,ReserveSpinningTechFuel,Onshore Wind,2029,0.0
Libya,Libya,ReserveSpinningTechFuel,Onshore Wind,2029,0.0
Libya,Libya,ReserveSpinningTechFuel,PV,2029,0.0
Libya,Libya,ReserveSpinningTechFuel,PV,2029,0.0
Libya,Libya,ReserveSpinningTechFuel,PV+Storage,2029,0.0
Libya,Libya,ReserveSpinningTechFuel,Solar Thermal,2029,0.0
Libya,Libya,ReserveSpinningTechFuel,Battery,2029,0.0
Libya,Libya,ReserveSpinningTechFuel,PSH,2029,0.0
Libya,Libya,ReserveSpinningTechFuel,PSH,2029,0.0
Libya,Libya,ReserveSpinningTechFuel,Imports,2029,0.0
Libya,Libya,ReserveSpinningTechFuel,Peat,2029,0.0
Libya,Libya,ReserveSpinningTechFuel,Waste,2029,0.0
Libya,Libya,ReserveSpinningTechFuel,Methane,2029,0.0
Libya,Libya,ReserveSpinningTechFuel,Solar,2029,0.0
Libya,Libya,ReserveSpinningTechFuel,Solar,2029,0.0
Libya,Libya,ReserveSpinningTechFuel,Nuclear,2030,0.0
Libya,Libya,ReserveSpinningTechFuel,Gas,2030,764.70070925
Libya,Libya,ReserveSpinningTechFuel,Gas,2030,0.0
Libya,Libya,ReserveSpinningTechFuel,Gas,2030,0.0
Libya,Libya,ReserveSpinningTechFuel,Gas,2030,0.0
Libya,Libya,ReserveSpinningTechFuel,Gas,2030,0.0
Libya,Libya,ReserveSpinningTechFuel,Gas,2030,6756.923225500001
Libya,Libya,ReserveSpinningTechFuel,Gas,2030,0.0
Libya,Libya,ReserveSpinningTechFuel,Gas,2030,163.52005549999998
Libya,Libya,ReserveSpinningTechFuel,Gas,2030,0.0
Libya,Libya,ReserveSpinningTechFuel,Gas,2030,0.0
Libya,Libya,ReserveSpinningTechFuel,Gas,2030,0.0
Libya,Libya,ReserveSpinningTechFuel,Gas,2030,0.0
Libya,Libya,ReserveSpinningTechFuel,Gas,2030,0.0
Libya,Libya,ReserveSpinningTechFuel,Coal,2030,0.0
Libya,Libya,ReserveSpinningTechFuel,Coal,2030,0.0
Libya,Libya,ReserveSpinningTechFuel,Coal,2030,0.0
Libya,Libya,ReserveSpinningTechFuel,Coal,2030,0.0
Libya,Libya,ReserveSpinningTechFuel,Geothermal,2030,0.0
Libya,Libya,ReserveSpinningTechFuel,Geothermal,2030,0.0
Libya,Libya,ReserveSpinningTechFuel,Diesel,2030,0.0
Libya,Libya,ReserveSpinningTechFuel,Diesel,2030,0.0
Libya,Libya,ReserveSpinningTechFuel,Diesel,2030,0.0
Libya,Libya,ReserveSpinningTechFuel,Diesel,2030,0.0
Libya,Libya,ReserveSpinningTechFuel,Diesel,2030,0.0
Libya,Libya,ReserveSpinningTechFuel,Diesel,2030,1121.28
Libya,Libya,ReserveSpinningTechFuel,Diesel,2030,0.0
Libya,Libya,ReserveSpinningTechFuel,Biomass,2030,0.0
Libya,Libya,ReserveSpinningTechFuel,Biomass,2030,0.0
Libya,Libya,ReserveSpinningTechFuel,Biomass,2030,0.0
Libya,Libya,ReserveSpinningTechFuel,Reservoir,2030,0.0
Libya,Libya,ReserveSpinningTechFuel,Reservoir,2030,0.0
Libya,Libya,ReserveSpinningTechFuel,ROR,2030,0.0
Libya,Libya,ReserveSpinningTechFuel,CSP,2030,0.0
Libya,Libya,ReserveSpinningTechFuel,CSP,2030,0.0
Libya,Libya,ReserveSpinningTechFuel,Offshore Wind,2030,0.0
Libya,Libya,ReserveSpinningTechFuel,Onshore Wind,2030,0.0
Libya,Libya,ReserveSpinningTechFuel,Onshore Wind,2030,0.0
Libya,Libya,ReserveSpinningTechFuel,PV,2030,0.0
Libya,Libya,ReserveSpinningTechFuel,PV,2030,0.0
Libya,Libya,ReserveSpinningTechFuel,PV+Storage,2030,0.0
Libya,Libya,ReserveSpinningTechFuel,Solar Thermal,2030,0.0
Libya,Libya,ReserveSpinningTechFuel,Battery,2030,0.0
Libya,Libya,ReserveSpinningTechFuel,PSH,2030,0.0
Libya,Libya,ReserveSpinningTechFuel,PSH,2030,0.0
Libya,Libya,ReserveSpinningTechFuel,Imports,2030,0.0
Libya,Libya,ReserveSpinningTechFuel,Peat,2030,0.0
Libya,Libya,ReserveSpinningTechFuel,Waste,2030,0.0
Libya,Libya,ReserveSpinningTechFuel,Methane,2030,0.0
Libya,Libya,ReserveSpinningTechFuel,Solar,2030,0.0
Libya,Libya,ReserveSpinningTechFuel,Solar,2030,0.0
Libya,Libya,ReserveSpinningTechFuel,Nuclear,2031,0.0
Libya,Libya,ReserveSpinningTechFuel,Gas,2031,768.8607640721499
Libya,Libya,ReserveSpinningTechFuel,Gas,2031,0.0
Libya,Libya,ReserveSpinningTechFuel,Gas,2031,0.0
Libya,Libya,ReserveSpinningTechFuel,Gas,2031,0.0
Libya,Libya,ReserveSpinningTechFuel,Gas,2031,0.0
Libya,Libya,ReserveSpinningTechFuel,Gas,2031,7136.7072798276495
Libya,Libya,ReserveSpinningTechFuel,Gas,2031,0.0
Libya,Libya,ReserveSpinningTechFuel,Gas,2031,157.47140956695
Libya,Libya,ReserveSpinningTechFuel,Gas,2031,0.0
Libya,Libya,ReserveSpinningTechFuel,Gas,2031,0.0
Libya,Libya,ReserveSpinningTechFuel,Gas,2031,0.0
Libya,Libya,ReserveSpinningTechFuel,Gas,2031,0.0
Libya,Libya,ReserveSpinningTechFuel,Gas,2031,0.0
Libya,Libya,ReserveSpinningTechFuel,Coal,2031,0.0
Libya,Libya,ReserveSpinningTechFuel,Coal,2031,0.0
Libya,Libya,ReserveSpinningTechFuel,Coal,2031,0.0
Libya,Libya,ReserveSpinningTechFuel,Coal,2031,0.0
Libya,Libya,ReserveSpinningTechFuel,Geothermal,2031,0.0
Libya,Libya,ReserveSpinningTechFuel,Geothermal,2031,0.0
Libya,Libya,ReserveSpinningTechFuel,Diesel,2031,0.0
Libya,Libya,ReserveSpinningTechFuel,Diesel,2031,0.0
Libya,Libya,ReserveSpinningTechFuel,Diesel,2031,0.0
Libya,Libya,ReserveSpinningTechFuel,Diesel,2031,0.0
Libya,Libya,ReserveSpinningTechFuel,Diesel,2031,0.0
Libya,Libya,ReserveSpinningTechFuel,Diesel,2031,1121.28
Libya,Libya,ReserveSpinningTechFuel,Diesel,2031,0.0
Libya,Libya,ReserveSpinningTechFuel,Biomass,2031,0.0
Libya,Libya,ReserveSpinningTechFuel,Biomass,2031,0.0
Libya,Libya,ReserveSpinningTechFuel,Biomass,2031,0.0
Libya,Libya,ReserveSpinningTechFuel,Reservoir,2031,0.0
Libya,Libya,ReserveSpinningTechFuel,Reservoir,2031,0.0
Libya,Libya,ReserveSpinningTechFuel,ROR,2031,0.0
Libya,Libya,ReserveSpinningTechFuel,CSP,2031,0.0
Libya,Libya,ReserveSpinningTechFuel,CSP,2031,0.0
Libya,Libya,ReserveSpinningTechFuel,Offshore Wind,2031,0.0
Libya,Libya,ReserveSpinningTechFuel,Onshore Wind,2031,0.0
Libya,Libya,ReserveSpinningTechFuel,Onshore Wind,2031,0.0
Libya,Libya,ReserveSpinningTechFuel,PV,2031,0.0
Libya,Libya,ReserveSpinningTechFuel,PV,2031,0.0
Libya,Libya,ReserveSpinningTechFuel,PV+Storage,2031,0.0
Libya,Libya,ReserveSpinningTechFuel,Solar Thermal,2031,0.0
Libya,Libya,ReserveSpinningTechFuel,Battery,2031,0.0
Libya,Libya,ReserveSpinningTechFuel,PSH,2031,0.0
Libya,Libya,ReserveSpinningTechFuel,PSH,2031,0.0
Libya,Libya,ReserveSpinningTechFuel,Imports,2031,0.0
Libya,Libya,ReserveSpinningTechFuel,Peat,2031,0.0
Libya,Libya,ReserveSpinningTechFuel,Waste,2031,0.0
Libya,Libya,ReserveSpinningTechFuel,Methane,2031,0.0
Libya,Libya,ReserveSpinningTechFuel,Solar,2031,0.0
Libya,Libya,ReserveSpinningTechFuel,Solar,2031,0.0
Libya,Libya,ReserveSpinningTechFuel,Nuclear,2032,0.0
Libya,Libya,ReserveSpinningTechFuel,Gas,2032,795.138989635
Libya,Libya,ReserveSpinningTechFuel,Gas,2032,0.0
Libya,Libya,ReserveSpinningTechFuel,Gas,2032,0.0
Libya,Libya,ReserveSpinningTechFuel,Gas,2032,0.0
Libya,Libya,ReserveSpinningTechFuel,Gas,2032,0.0
Libya,Libya,ReserveSpinningTechFuel,Gas,2032,7984.991990391851
Libya,Libya,ReserveSpinningTechFuel,Gas,2032,0.0
Libya,Libya,ReserveSpinningTechFuel,Gas,2032,188.99401336145
Libya,Libya,ReserveSpinningTechFuel,Gas,2032,0.0
Libya,Libya,ReserveSpinningTechFuel,Gas,2032,0.0
Libya,Libya,ReserveSpinningTechFuel,Gas,2032,0.0
Libya,Libya,ReserveSpinningTechFuel,Gas,2032,0.0
Libya,Libya,ReserveSpinningTechFuel,Gas,2032,0.0
Libya,Libya,ReserveSpinningTechFuel,Coal,2032,0.0
Libya,Libya,ReserveSpinningTechFuel,Coal,2032,0.0
Libya,Libya,ReserveSpinningTechFuel,Coal,2032,0.0
Libya,Libya,ReserveSpinningTechFuel,Coal,2032,0.0
Libya,Libya,ReserveSpinningTechFuel,Geothermal,2032,0.0
Libya,Libya,ReserveSpinningTechFuel,Geothermal,2032,0.0
Libya,Libya,ReserveSpinningTechFuel,Diesel,2032,0.0
Libya,Libya,ReserveSpinningTechFuel,Diesel,2032,0.0
Libya,Libya,ReserveSpinningTechFuel,Diesel,2032,0.0
Libya,Libya,ReserveSpinningTechFuel,Diesel,2032,0.0
Libya,Libya,ReserveSpinningTechFuel,Diesel,2032,0.0
Libya,Libya,ReserveSpinningTechFuel,Diesel,2032,1121.28
Libya,Libya,ReserveSpinningTechFuel,Diesel,2032,0.0
Libya,Libya,ReserveSpinningTechFuel,Biomass,2032,0.0
Libya,Libya,ReserveSpinningTechFuel,Biomass,2032,0.0
Libya,Libya,ReserveSpinningTechFuel,Biomass,2032,0.0
Libya,Libya,ReserveSpinningTechFuel,Reservoir,2032,0.0
Libya,Libya,ReserveSpinningTechFuel,Reservoir,2032,0.0
Libya,Libya,ReserveSpinningTechFuel,ROR,2032,0.0
Libya,Libya,ReserveSpinningTechFuel,CSP,2032,0.0
Libya,Libya,ReserveSpinningTechFuel,CSP,2032,0.0
Libya,Libya,ReserveSpinningTechFuel,Offshore Wind,2032,0.0
Libya,Libya,ReserveSpinningTechFuel,Onshore Wind,2032,0.0
Libya,Libya,ReserveSpinningTechFuel,Onshore Wind,2032,0.0
Libya,Libya,ReserveSpinningTechFuel,PV,2032,0.0
Libya,Libya,ReserveSpinningTechFuel,PV,2032,0.0
Libya,Libya,ReserveSpinningTechFuel,PV+Storage,2032,0.0
Libya,Libya,ReserveSpinningTechFuel,Solar Thermal,2032,0.0
Libya,Libya,ReserveSpinningTechFuel,Battery,2032,0.0
Libya,Libya,ReserveSpinningTechFuel,PSH,2032,0.0
Libya,Libya,ReserveSpinningTechFuel,PSH,2032,0.0
Libya,Libya,ReserveSpinningTechFuel,Imports,2032,0.0
Libya,Libya,ReserveSpinningTechFuel,Peat,2032,0.0
Libya,Libya,ReserveSpinningTechFuel,Waste,2032,0.0
Libya,Libya,ReserveSpinningTechFuel,Methane,2032,0.0
Libya,Libya,ReserveSpinningTechFuel,Solar,2032,0.0
Libya,Libya,ReserveSpinningTechFuel,Solar,2032,0.0
Libya,Libya,ReserveSpinningTechFuel,Nuclear,2033,0.0
Libya,Libya,ReserveSpinningTechFuel,Gas,2033,988.8387711584749
Libya,Libya,ReserveSpinningTechFuel,Gas,2033,0.0
Libya,Libya,ReserveSpinningTechFuel,Gas,2033,0.0
Libya,Libya,ReserveSpinningTechFuel,Gas,2033,0.0
Libya,Libya,ReserveSpinningTechFuel,Gas,2033,0.0
Libya,Libya,ReserveSpinningTechFuel,Gas,2033,8111.9876408535
Libya,Libya,ReserveSpinningTechFuel,Gas,2033,0.0
Libya,Libya,ReserveSpinningTechFuel,Gas,2033,152.461920060375
Libya,Libya,ReserveSpinningTechFuel,Gas,2033,0.0
Libya,Libya,ReserveSpinningTechFuel,Gas,2033,0.0
Libya,Libya,ReserveSpinningTechFuel,Gas,2033,0.0
Libya,Libya,ReserveSpinningTechFuel,Gas,2033,0.0
Libya,Libya,ReserveSpinningTechFuel,Gas,2033,0.0
Libya,Libya,ReserveSpinningTechFuel,Coal,2033,0.0
Libya,Libya,ReserveSpinningTechFuel,Coal,2033,0.0
Libya,Libya,ReserveSpinningTechFuel,Coal,2033,0.0
Libya,Libya,ReserveSpinningTechFuel,Coal,2033,0.0
Libya,Libya,ReserveSpinningTechFuel,Geothermal,2033,0.0
Libya,Libya,ReserveSpinningTechFuel,Geothermal,2033,0.0
Libya,Libya,ReserveSpinningTechFuel,Diesel,2033,0.0
Libya,Libya,ReserveSpinningTechFuel,Diesel,2033,0.0
Libya,Libya,ReserveSpinningTechFuel,Diesel,2033,0.0
Libya,Libya,ReserveSpinningTechFuel,Diesel,2033,0.0
Libya,Libya,ReserveSpinningTechFuel,Diesel,2033,0.0
Libya,Libya,ReserveSpinningTechFuel,Diesel,2033,1121.28
Libya,Libya,ReserveSpinningTechFuel,Diesel,2033,0.0
Libya,Libya,ReserveSpinningTechFuel,Biomass,2033,0.0
Libya,Libya,ReserveSpinningTechFuel,Biomass,2033,0.0
Libya,Libya,ReserveSpinningTechFuel,Biomass,2033,0.0
Libya,Libya,ReserveSpinningTechFuel,Reservoir,2033,0.0
Libya,Libya,ReserveSpinningTechFuel,Reservoir,2033,0.0
Libya,Libya,ReserveSpinningTechFuel,ROR,2033,0.0
Libya,Libya,ReserveSpinningTechFuel,CSP,2033,0.0
Libya,Libya,ReserveSpinningTechFuel,CSP,2033,0.0
Libya,Libya,ReserveSpinningTechFuel,Offshore Wind,2033,0.0
Libya,Libya,ReserveSpinningTechFuel,Onshore Wind,2033,0.0
Libya,Libya,ReserveSpinningTechFuel,Onshore Wind,2033,0.0
Libya,Libya,ReserveSpinningTechFuel,PV,2033,0.0
Libya,Libya,ReserveSpinningTechFuel,PV,2033,0.0
Libya,Libya,ReserveSpinningTechFuel,PV+Storage,2033,0.0
Libya,Libya,ReserveSpinningTechFuel,Solar Thermal,2033,0.0
Libya,Libya,ReserveSpinningTechFuel,Battery,2033,0.0
Libya,Libya,ReserveSpinningTechFuel,PSH,2033,0.0
Libya,Libya,ReserveSpinningTechFuel,PSH,2033,0.0
Libya,Libya,ReserveSpinningTechFuel,Imports,2033,0.0
Libya,Libya,ReserveSpinningTechFuel,Peat,2033,0.0
Libya,Libya,ReserveSpinningTechFuel,Waste,2033,0.0
Libya,Libya,ReserveSpinningTechFuel,Methane,2033,0.0
Libya,Libya,ReserveSpinningTechFuel,Solar,2033,0.0
Libya,Libya,ReserveSpinningTechFuel,Solar,2033,0.0
Libya,Libya,ReserveSpinningTechFuel,Nuclear,2034,0.0
Libya,Libya,ReserveSpinningTechFuel,Gas,2034,893.6101535001003
Libya,Libya,ReserveSpinningTechFuel,Gas,2034,0.0
Libya,Libya,ReserveSpinningTechFuel,Gas,2034,0.0
Libya,Libya,ReserveSpinningTechFuel,Gas,2034,0.0
Libya,Libya,ReserveSpinningTechFuel,Gas,2034,0.0
Libya,Libya,ReserveSpinningTechFuel,Gas,2034,8938.9764257439
Libya,Libya,ReserveSpinningTechFuel,Gas,2034,0.0
Libya,Libya,ReserveSpinningTechFuel,Gas,2034,138.34010581340002
Libya,Libya,ReserveSpinningTechFuel,Gas,2034,0.0
Libya,Libya,ReserveSpinningTechFuel,Gas,2034,0.0
Libya,Libya,ReserveSpinningTechFuel,Gas,2034,0.0
Libya,Libya,ReserveSpinningTechFuel,Gas,2034,0.0
Libya,Libya,ReserveSpinningTechFuel,Gas,2034,0.0
Libya,Libya,ReserveSpinningTechFuel,Coal,2034,0.0
Libya,Libya,ReserveSpinningTechFuel,Coal,2034,0.0
Libya,Libya,ReserveSpinningTechFuel,Coal,2034,0.0
Libya,Libya,ReserveSpinningTechFuel,Coal,2034,0.0
Libya,Libya,ReserveSpinningTechFuel,Geothermal,2034,0.0
Libya,Libya,ReserveSpinningTechFuel,Geothermal,2034,0.0
Libya,Libya,ReserveSpinningTechFuel,Diesel,2034,0.0
Libya,Libya,ReserveSpinningTechFuel,Diesel,2034,0.0
Libya,Libya,ReserveSpinningTechFuel,Diesel,2034,0.0
Libya,Libya,ReserveSpinningTechFuel,Diesel,2034,0.0
Libya,Libya,ReserveSpinningTechFuel,Diesel,2034,0.0
Libya,Libya,ReserveSpinningTechFuel,Diesel,2034,1121.28
Libya,Libya,ReserveSpinningTechFuel,Diesel,2034,0.0
Libya,Libya,ReserveSpinningTechFuel,Biomass,2034,0.0
Libya,Libya,ReserveSpinningTechFuel,Biomass,2034,0.0
Libya,Libya,ReserveSpinningTechFuel,Biomass,2034,0.0
Libya,Libya,ReserveSpinningTechFuel,Reservoir,2034,0.0
Libya,Libya,ReserveSpinningTechFuel,Reservoir,2034,0.0
Libya,Libya,ReserveSpinningTechFuel,ROR,2034,0.0
Libya,Libya,ReserveSpinningTechFuel,CSP,2034,0.0
Libya,Libya,ReserveSpinningTechFuel,CSP,2034,0.0
Libya,Libya,ReserveSpinningTechFuel,Offshore Wind,2034,0.0
Libya,Libya,ReserveSpinningTechFuel,Onshore Wind,2034,0.0
Libya,Libya,ReserveSpinningTechFuel,Onshore Wind,2034,0.0
Libya,Libya,ReserveSpinningTechFuel,PV,2034,0.0
Libya,Libya,ReserveSpinningTechFuel,PV,2034,0.0
Libya,Libya,ReserveSpinningTechFuel,PV+Storage,2034,0.0
Libya,Libya,ReserveSpinningTechFuel,Solar Thermal,2034,0.0
Libya,Libya,ReserveSpinningTechFuel,Battery,2034,0.0
Libya,Libya,ReserveSpinningTechFuel,PSH,2034,0.0
Libya,Libya,ReserveSpinningTechFuel,PSH,2034,0.0
Libya,Libya,ReserveSpinningTechFuel,Imports,2034,0.0
Libya,Libya,ReserveSpinningTechFuel,Peat,2034,0.0
Libya,Libya,ReserveSpinningTechFuel,Waste,2034,0.0
Libya,Libya,ReserveSpinningTechFuel,Methane,2034,0.0
Libya,Libya,ReserveSpinningTechFuel,Solar,2034,0.0
Libya,Libya,ReserveSpinningTechFuel,Solar,2034,0.0
Libya,Libya,ReserveSpinningTechFuel,Nuclear,2035,0.0
Libya,Libya,ReserveSpinningTechFuel,Gas,2035,1715.4827875725002
Libya,Libya,ReserveSpinningTechFuel,Gas,2035,0.0
Libya,Libya,ReserveSpinningTechFuel,Gas,2035,0.0
Libya,Libya,ReserveSpinningTechFuel,Gas,2035,0.0
Libya,Libya,ReserveSpinningTechFuel,Gas,2035,0.0
Libya,Libya,ReserveSpinningTechFuel,Gas,2035,9235.18817291
Libya,Libya,ReserveSpinningTechFuel,Gas,2035,0.0
Libya,Libya,ReserveSpinningTechFuel,Gas,2035,230.144600554
Libya,Libya,ReserveSpinningTechFuel,Gas,2035,0.0
Libya,Libya,ReserveSpinningTechFuel,Gas,2035,0.0
Libya,Libya,ReserveSpinningTechFuel,Gas,2035,0.0
Libya,Libya,ReserveSpinningTechFuel,Gas,2035,0.0
Libya,Libya,ReserveSpinningTechFuel,Gas,2035,0.0
Libya,Libya,ReserveSpinningTechFuel,Coal,2035,0.0
Libya,Libya,ReserveSpinningTechFuel,Coal,2035,0.0
Libya,Libya,ReserveSpinningTechFuel,Coal,2035,0.0
Libya,Libya,ReserveSpinningTechFuel,Coal,2035,0.0
Libya,Libya,ReserveSpinningTechFuel,Geothermal,2035,0.0
Libya,Libya,ReserveSpinningTechFuel,Geothermal,2035,0.0
Libya,Libya,ReserveSpinningTechFuel,Diesel,2035,0.0
Libya,Libya,ReserveSpinningTechFuel,Diesel,2035,0.0
Libya,Libya,ReserveSpinningTechFuel,Diesel,2035,0.0
Libya,Libya,ReserveSpinningTechFuel,Diesel,2035,0.0
Libya,Libya,ReserveSpinningTechFuel,Diesel,2035,0.0
Libya,Libya,ReserveSpinningTechFuel,Diesel,2035,1121.28
Libya,Libya,ReserveSpinningTechFuel,Diesel,2035,0.0
Libya,Libya,ReserveSpinningTechFuel,Biomass,2035,0.0
Libya,Libya,ReserveSpinningTechFuel,Biomass,2035,0.0
Libya,Libya,ReserveSpinningTechFuel,Biomass,2035,0.0
Libya,Libya,ReserveSpinningTechFuel,Reservoir,2035,0.0
Libya,Libya,ReserveSpinningTechFuel,Reservoir,2035,0.0
Libya,Libya,ReserveSpinningTechFuel,ROR,2035,0.0
Libya,Libya,ReserveSpinningTechFuel,CSP,2035,0.0
Libya,Libya,ReserveSpinningTechFuel,CSP,2035,0.0
Libya,Libya,ReserveSpinningTechFuel,Offshore Wind,2035,0.0
Libya,Libya,ReserveSpinningTechFuel,Onshore Wind,2035,0.0
Libya,Libya,ReserveSpinningTechFuel,Onshore Wind,2035,0.0
Libya,Libya,ReserveSpinningTechFuel,PV,2035,0.0
Libya,Libya,ReserveSpinningTechFuel,PV,2035,0.0
Libya,Libya,ReserveSpinningTechFuel,PV+Storage,2035,0.0
Libya,Libya,ReserveSpinningTechFuel,Solar Thermal,2035,0.0
Libya,Libya,ReserveSpinningTechFuel,Battery,2035,0.0
Libya,Libya,ReserveSpinningTechFuel,PSH,2035,0.0
Libya,Libya,ReserveSpinningTechFuel,PSH,2035,0.0
Libya,Libya,ReserveSpinningTechFuel,Imports,2035,0.0
Libya,Libya,ReserveSpinningTechFuel,Peat,2035,0.0
Libya,Libya,ReserveSpinningTechFuel,Waste,2035,0.0
Libya,Libya,ReserveSpinningTechFuel,Methane,2035,0.0
Libya,Libya,ReserveSpinningTechFuel,Solar,2035,0.0
Libya,Libya,ReserveSpinningTechFuel,Solar,2035,0.0
Libya,Libya,ReserveSpinningTechFuel,Nuclear,2036,0.0
Libya,Libya,ReserveSpinningTechFuel,Gas,2036,2362.9966427904005
Libya,Libya,ReserveSpinningTechFuel,Gas,2036,0.0
Libya,Libya,ReserveSpinningTechFuel,Gas,2036,0.0
Libya,Libya,ReserveSpinningTechFuel,Gas,2036,0.0
Libya,Libya,ReserveSpinningTechFuel,Gas,2036,0.0
Libya,Libya,ReserveSpinningTechFuel,Gas,2036,9301.99827491655
Libya,Libya,ReserveSpinningTechFuel,Gas,2036,0.0
Libya,Libya,ReserveSpinningTechFuel,Gas,2036,694.7484457711
Libya,Libya,ReserveSpinningTechFuel,Gas,2036,0.0
Libya,Libya,ReserveSpinningTechFuel,Gas,2036,0.0
Libya,Libya,ReserveSpinningTechFuel,Gas,2036,0.0
Libya,Libya,ReserveSpinningTechFuel,Gas,2036,0.0
Libya,Libya,ReserveSpinningTechFuel,Gas,2036,0.0
Libya,Libya,ReserveSpinningTechFuel,Coal,2036,0.0
Libya,Libya,ReserveSpinningTechFuel,Coal,2036,0.0
Libya,Libya,ReserveSpinningTechFuel,Coal,2036,0.0
Libya,Libya,ReserveSpinningTechFuel,Coal,2036,0.0
Libya,Libya,ReserveSpinningTechFuel,Geothermal,2036,0.0
Libya,Libya,ReserveSpinningTechFuel,Geothermal,2036,0.0
Libya,Libya,ReserveSpinningTechFuel,Diesel,2036,0.0
Libya,Libya,ReserveSpinningTechFuel,Diesel,2036,0.0
Libya,Libya,ReserveSpinningTechFuel,Diesel,2036,0.0
Libya,Libya,ReserveSpinningTechFuel,Diesel,2036,0.0
Libya,Libya,ReserveSpinningTechFuel,Diesel,2036,0.0
Libya,Libya,ReserveSpinningTechFuel,Diesel,2036,1078.656
Libya,Libya,ReserveSpinningTechFuel,Diesel,2036,0.0
Libya,Libya,ReserveSpinningTechFuel,Biomass,2036,0.0
Libya,Libya,ReserveSpinningTechFuel,Biomass,2036,0.0
Libya,Libya,ReserveSpinningTechFuel,Biomass,2036,0.0
Libya,Libya,ReserveSpinningTechFuel,Reservoir,2036,0.0
Libya,Libya,ReserveSpinningTechFuel,Reservoir,2036,0.0
Libya,Libya,ReserveSpinningTechFuel,ROR,2036,0.0
Libya,Libya,ReserveSpinningTechFuel,CSP,2036,0.0
Libya,Libya,ReserveSpinningTechFuel,CSP,2036,0.0
Libya,Libya,ReserveSpinningTechFuel,Offshore Wind,2036,0.0
Libya,Libya,ReserveSpinningTechFuel,Onshore Wind,2036,0.0
Libya,Libya,ReserveSpinningTechFuel,Onshore Wind,2036,0.0
Libya,Libya,ReserveSpinningTechFuel,PV,2036,0.0
Libya,Libya,ReserveSpinningTechFuel,PV,2036,0.0
Libya,Libya,ReserveSpinningTechFuel,PV+Storage,2036,0.0
Libya,Libya,ReserveSpinningTechFuel,Solar Thermal,2036,0.0
Libya,Libya,ReserveSpinningTechFuel,Battery,2036,0.0
Libya,Libya,ReserveSpinningTechFuel,PSH,2036,0.0
Libya,Libya,ReserveSpinningTechFuel,PSH,2036,0.0
Libya,Libya,ReserveSpinningTechFuel,Imports,2036,0.0
Libya,Libya,ReserveSpinningTechFuel,Peat,2036,0.0
Libya,Libya,ReserveSpinningTechFuel,Waste,2036,0.0
Libya,Libya,ReserveSpinningTechFuel,Methane,2036,0.0
Libya,Libya,ReserveSpinningTechFuel,Solar,2036,0.0
Libya,Libya,ReserveSpinningTechFuel,Solar,2036,0.0
Libya,Libya,ReserveSpinningTechFuel,Nuclear,2037,0.0
Libya,Libya,ReserveSpinningTechFuel,Gas,2037,2367.1149638651755
Libya,Libya,ReserveSpinningTechFuel,Gas,2037,0.0
Libya,Libya,ReserveSpinningTechFuel,Gas,2037,0.0
Libya,Libya,ReserveSpinningTechFuel,Gas,2037,0.0
Libya,Libya,ReserveSpinningTechFuel,Gas,2037,0.0
Libya,Libya,ReserveSpinningTechFuel,Gas,2037,10480.082048638653
Libya,Libya,ReserveSpinningTechFuel,Gas,2037,0.0
Libya,Libya,ReserveSpinningTechFuel,Gas,2037,599.78575481375
Libya,Libya,ReserveSpinningTechFuel,Gas,2037,0.0
Libya,Libya,ReserveSpinningTechFuel,Gas,2037,0.0
Libya,Libya,ReserveSpinningTechFuel,Gas,2037,0.0
Libya,Libya,ReserveSpinningTechFuel,Gas,2037,0.0
Libya,Libya,ReserveSpinningTechFuel,Gas,2037,0.0
Libya,Libya,ReserveSpinningTechFuel,Coal,2037,0.0
Libya,Libya,ReserveSpinningTechFuel,Coal,2037,0.0
Libya,Libya,ReserveSpinningTechFuel,Coal,2037,0.0
Libya,Libya,ReserveSpinningTechFuel,Coal,2037,0.0
Libya,Libya,ReserveSpinningTechFuel,Geothermal,2037,0.0
Libya,Libya,ReserveSpinningTechFuel,Geothermal,2037,0.0
Libya,Libya,ReserveSpinningTechFuel,Diesel,2037,0.0
Libya,Libya,ReserveSpinningTechFuel,Diesel,2037,0.0
Libya,Libya,ReserveSpinningTechFuel,Diesel,2037,0.0
Libya,Libya,ReserveSpinningTechFuel,Diesel,2037,0.0
Libya,Libya,ReserveSpinningTechFuel,Diesel,2037,0.0
Libya,Libya,ReserveSpinningTechFuel,Diesel,2037,1098.624
Libya,Libya,ReserveSpinningTechFuel,Diesel,2037,0.0
Libya,Libya,ReserveSpinningTechFuel,Biomass,2037,0.0
Libya,Libya,ReserveSpinningTechFuel,Biomass,2037,0.0
Libya,Libya,ReserveSpinningTechFuel,Biomass,2037,0.0
Libya,Libya,ReserveSpinningTechFuel,Reservoir,2037,0.0
Libya,Libya,ReserveSpinningTechFuel,Reservoir,2037,0.0
Libya,Libya,ReserveSpinningTechFuel,ROR,2037,0.0
Libya,Libya,ReserveSpinningTechFuel,CSP,2037,0.0
Libya,Libya,ReserveSpinningTechFuel,CSP,2037,0.0
Libya,Libya,ReserveSpinningTechFuel,Offshore Wind,2037,0.0
Libya,Libya,ReserveSpinningTechFuel,Onshore Wind,2037,0.0
Libya,Libya,ReserveSpinningTechFuel,Onshore Wind,2037,0.0
Libya,Libya,ReserveSpinningTechFuel,PV,2037,0.0
Libya,Libya,ReserveSpinningTechFuel,PV,2037,0.0
Libya,Libya,ReserveSpinningTechFuel,PV+Storage,2037,0.0
Libya,Libya,ReserveSpinningTechFuel,Solar Thermal,2037,0.0
Libya,Libya,ReserveSpinningTechFuel,Battery,2037,0.0
Libya,Libya,ReserveSpinningTechFuel,PSH,2037,0.0
Libya,Libya,ReserveSpinningTechFuel,PSH,2037,0.0
Libya,Libya,ReserveSpinningTechFuel,Imports,2037,0.0
Libya,Libya,ReserveSpinningTechFuel,Peat,2037,0.0
Libya,Libya,ReserveSpinningTechFuel,Waste,2037,0.0
Libya,Libya,ReserveSpinningTechFuel,Methane,2037,0.0
Libya,Libya,ReserveSpinningTechFuel,Solar,2037,0.0
Libya,Libya,ReserveSpinningTechFuel,Solar,2037,0.0
Libya,Libya,ReserveSpinningTechFuel,Nuclear,2038,0.0
Libya,Libya,ReserveSpinningTechFuel,Gas,2038,2211.885922008919
Libya,Libya,ReserveSpinningTechFuel,Gas,2038,0.0
Libya,Libya,ReserveSpinningTechFuel,Gas,2038,0.0
Libya,Libya,ReserveSpinningTechFuel,Gas,2038,0.0
Libya,Libya,ReserveSpinningTechFuel,Gas,2038,0.0
Libya,Libya,ReserveSpinningTechFuel,Gas,2038,11534.526579649137
Libya,Libya,ReserveSpinningTechFuel,Gas,2038,0.0
Libya,Libya,ReserveSpinningTechFuel,Gas,2038,674.2547777822596
Libya,Libya,ReserveSpinningTechFuel,Gas,2038,0.0
Libya,Libya,ReserveSpinningTechFuel,Gas,2038,0.0
Libya,Libya,ReserveSpinningTechFuel,Gas,2038,0.0
Libya,Libya,ReserveSpinningTechFuel,Gas,2038,0.0
Libya,Libya,ReserveSpinningTechFuel,Gas,2038,0.0
Libya,Libya,ReserveSpinningTechFuel,Coal,2038,0.0
Libya,Libya,ReserveSpinningTechFuel,Coal,2038,0.0
Libya,Libya,ReserveSpinningTechFuel,Coal,2038,0.0
Libya,Libya,ReserveSpinningTechFuel,Coal,2038,0.0
Libya,Libya,ReserveSpinningTechFuel,Geothermal,2038,0.0
Libya,Libya,ReserveSpinningTechFuel,Geothermal,2038,0.0
Libya,Libya,ReserveSpinningTechFuel,Diesel,2038,0.0
Libya,Libya,ReserveSpinningTechFuel,Diesel,2038,0.0
Libya,Libya,ReserveSpinningTechFuel,Diesel,2038,0.0
Libya,Libya,ReserveSpinningTechFuel,Diesel,2038,0.0
Libya,Libya,ReserveSpinningTechFuel,Diesel,2038,0.0
Libya,Libya,ReserveSpinningTechFuel,Diesel,2038,1074.432
Libya,Libya,ReserveSpinningTechFuel,Diesel,2038,0.0
Libya,Libya,ReserveSpinningTechFuel,Biomass,2038,0.0
Libya,Libya,ReserveSpinningTechFuel,Biomass,2038,0.0
Libya,Libya,ReserveSpinningTechFuel,Biomass,2038,0.0
Libya,Libya,ReserveSpinningTechFuel,Reservoir,2038,0.0
Libya,Libya,ReserveSpinningTechFuel,Reservoir,2038,0.0
Libya,Libya,ReserveSpinningTechFuel,ROR,2038,0.0
Libya,Libya,ReserveSpinningTechFuel,CSP,2038,0.0
Libya,Libya,ReserveSpinningTechFuel,CSP,2038,0.0
Libya,Libya,ReserveSpinningTechFuel,Offshore Wind,2038,0.0
Libya,Libya,ReserveSpinningTechFuel,Onshore Wind,2038,0.0
Libya,Libya,ReserveSpinningTechFuel,Onshore Wind,2038,0.0
Libya,Libya,ReserveSpinningTechFuel,PV,2038,0.0
Libya,Libya,ReserveSpinningTechFuel,PV,2038,0.0
Libya,Libya,ReserveSpinningTechFuel,PV+Storage,2038,0.0
Libya,Libya,ReserveSpinningTechFuel,Solar Thermal,2038,0.0
Libya,Libya,ReserveSpinningTechFuel,Battery,2038,18.575792842687274
Libya,Libya,ReserveSpinningTechFuel,PSH,2038,0.0
Libya,Libya,ReserveSpinningTechFuel,PSH,2038,0.0
Libya,Libya,ReserveSpinningTechFuel,Imports,2038,0.0
Libya,Libya,ReserveSpinningTechFuel,Peat,2038,0.0
Libya,Libya,ReserveSpinningTechFuel,Waste,2038,0.0
Libya,Libya,ReserveSpinningTechFuel,Methane,2038,0.0
Libya,Libya,ReserveSpinningTechFuel,Solar,2038,0.0
Libya,Libya,ReserveSpinningTechFuel,Solar,2038,0.0
Libya,Libya,ReserveSpinningTechFuel,Nuclear,2039,0.0
Libya,Libya,ReserveSpinningTechFuel,Gas,2039,2274.9297723519494
Libya,Libya,ReserveSpinningTechFuel,Gas,2039,0.0
Libya,Libya,ReserveSpinningTechFuel,Gas,2039,0.0
Libya,Libya,ReserveSpinningTechFuel,Gas,2039,0.0
Libya,Libya,ReserveSpinningTechFuel,Gas,2039,0.0
Libya,Libya,ReserveSpinningTechFuel,Gas,2039,11990.448711544956
Libya,Libya,ReserveSpinningTechFuel,Gas,2039,0.0
Libya,Libya,ReserveSpinningTechFuel,Gas,2039,652.77926640235
Libya,Libya,ReserveSpinningTechFuel,Gas,2039,0.0
Libya,Libya,ReserveSpinningTechFuel,Gas,2039,0.0
Libya,Libya,ReserveSpinningTechFuel,Gas,2039,0.0
Libya,Libya,ReserveSpinningTechFuel,Gas,2039,0.0
Libya,Libya,ReserveSpinningTechFuel,Gas,2039,0.0
Libya,Libya,ReserveSpinningTechFuel,Coal,2039,0.0
Libya,Libya,ReserveSpinningTechFuel,Coal,2039,0.0
Libya,Libya,ReserveSpinningTechFuel,Coal,2039,0.0
Libya,Libya,ReserveSpinningTechFuel,Coal,2039,0.0
Libya,Libya,ReserveSpinningTechFuel,Geothermal,2039,0.0
Libya,Libya,ReserveSpinningTechFuel,Geothermal,2039,0.0
Libya,Libya,ReserveSpinningTechFuel,Diesel,2039,0.0
Libya,Libya,ReserveSpinningTechFuel,Diesel,2039,0.0
Libya,Libya,ReserveSpinningTechFuel,Diesel,2039,0.0
Libya,Libya,ReserveSpinningTechFuel,Diesel,2039,0.0
Libya,Libya,ReserveSpinningTechFuel,Diesel,2039,0.0
Libya,Libya,ReserveSpinningTechFuel,Diesel,2039,1093.632
Libya,Libya,ReserveSpinningTechFuel,Diesel,2039,0.0
Libya,Libya,ReserveSpinningTechFuel,Biomass,2039,0.0
Libya,Libya,ReserveSpinningTechFuel,Biomass,2039,0.0
Libya,Libya,ReserveSpinningTechFuel,Biomass,2039,0.0
Libya,Libya,ReserveSpinningTechFuel,Reservoir,2039,0.0
Libya,Libya,ReserveSpinningTechFuel,Reservoir,2039,0.0
Libya,Libya,ReserveSpinningTechFuel,ROR,2039,0.0
Libya,Libya,ReserveSpinningTechFuel,CSP,2039,0.0
Libya,Libya,ReserveSpinningTechFuel,CSP,2039,0.0
Libya,Libya,ReserveSpinningTechFuel,Offshore Wind,2039,0.0
Libya,Libya,ReserveSpinningTechFuel,Onshore Wind,2039,0.0
Libya,Libya,ReserveSpinningTechFuel,Onshore Wind,2039,0.0
Libya,Libya,ReserveSpinningTechFuel,PV,2039,0.0
Libya,Libya,ReserveSpinningTechFuel,PV,2039,0.0
Libya,Libya,ReserveSpinningTechFuel,PV+Storage,2039,0.0
Libya,Libya,ReserveSpinningTechFuel,Solar Thermal,2039,0.0
Libya,Libya,ReserveSpinningTechFuel,Battery,2039,159.68776295767762
Libya,Libya,ReserveSpinningTechFuel,PSH,2039,0.0
Libya,Libya,ReserveSpinningTechFuel,PSH,2039,0.0
Libya,Libya,ReserveSpinningTechFuel,Imports,2039,0.0
Libya,Libya,ReserveSpinningTechFuel,Peat,2039,0.0
Libya,Libya,ReserveSpinningTechFuel,Waste,2039,0.0
Libya,Libya,ReserveSpinningTechFuel,Methane,2039,0.0
Libya,Libya,ReserveSpinningTechFuel,Solar,2039,0.0
Libya,Libya,ReserveSpinningTechFuel,Solar,2039,0.0
Libya,Libya,ReserveSpinningTechFuel,Nuclear,2040,0.0
Libya,Libya,ReserveSpinningTechFuel,Gas,2040,1575.3356343557502
Libya,Libya,ReserveSpinningTechFuel,Gas,2040,0.0
Libya,Libya,ReserveSpinningTechFuel,Gas,2040,0.0
Libya,Libya,ReserveSpinningTechFuel,Gas,2040,0.0
Libya,Libya,ReserveSpinningTechFuel,Gas,2040,0.0
Libya,Libya,ReserveSpinningTechFuel,Gas,2040,13412.357216416658
Libya,Libya,ReserveSpinningTechFuel,Gas,2040,0.0
Libya,Libya,ReserveSpinningTechFuel,Gas,2040,842.52
Libya,Libya,ReserveSpinningTechFuel,Gas,2040,0.0
Libya,Libya,ReserveSpinningTechFuel,Gas,2040,0.0
Libya,Libya,ReserveSpinningTechFuel,Gas,2040,0.0
Libya,Libya,ReserveSpinningTechFuel,Gas,2040,0.0
Libya,Libya,ReserveSpinningTechFuel,Gas,2040,0.0
Libya,Libya,ReserveSpinningTechFuel,Coal,2040,0.0
Libya,Libya,ReserveSpinningTechFuel,Coal,2040,0.0
Libya,Libya,ReserveSpinningTechFuel,Coal,2040,0.0
Libya,Libya,ReserveSpinningTechFuel,Coal,2040,0.0
Libya,Libya,ReserveSpinningTechFuel,Geothermal,2040,0.0
Libya,Libya,ReserveSpinningTechFuel,Geothermal,2040,0.0
Libya,Libya,ReserveSpinningTechFuel,Diesel,2040,0.0
Libya,Libya,ReserveSpinningTechFuel,Diesel,2040,0.0
Libya,Libya,ReserveSpinningTechFuel,Diesel,2040,0.0
Libya,Libya,ReserveSpinningTechFuel,Diesel,2040,0.0
Libya,Libya,ReserveSpinningTechFuel,Diesel,2040,0.0
Libya,Libya,ReserveSpinningTechFuel,Diesel,2040,1109.504
Libya,Libya,ReserveSpinningTechFuel,Diesel,2040,0.0
Libya,Libya,ReserveSpinningTechFuel,Biomass,2040,0.0
Libya,Libya,ReserveSpinningTechFuel,Biomass,2040,0.0
Libya,Libya,ReserveSpinningTechFuel,Biomass,2040,0.0
Libya,Libya,ReserveSpinningTechFuel,Reservoir,2040,0.0
Libya,Libya,ReserveSpinningTechFuel,Reservoir,2040,0.0
Libya,Libya,ReserveSpinningTechFuel,ROR,2040,0.0
Libya,Libya,ReserveSpinningTechFuel,CSP,2040,0.0
Libya,Libya,ReserveSpinningTechFuel,CSP,2040,0.0
Libya,Libya,ReserveSpinningTechFuel,Offshore Wind,2040,0.0
Libya,Libya,ReserveSpinningTechFuel,Onshore Wind,2040,0.0
Libya,Libya,ReserveSpinningTechFuel,Onshore Wind,2040,0.0
Libya,Libya,ReserveSpinningTechFuel,PV,2040,0.0
Libya,Libya,ReserveSpinningTechFuel,PV,2040,0.0
Libya,Libya,ReserveSpinningTechFuel,PV+Storage,2040,0.0
Libya,Libya,ReserveSpinningTechFuel,Solar Thermal,2040,0.0
Libya,Libya,ReserveSpinningTechFuel,Battery,2040,0.0
Libya,Libya,ReserveSpinningTechFuel,PSH,2040,0.0
Libya,Libya,ReserveSpinningTechFuel,PSH,2040,0.0
Libya,Libya,ReserveSpinningTechFuel,Imports,2040,0.0
Libya,Libya,ReserveSpinningTechFuel,Peat,2040,0.0
Libya,Libya,ReserveSpinningTechFuel,Waste,2040,0.0
Libya,Libya,ReserveSpinningTechFuel,Methane,2040,0.0
Libya,Libya,ReserveSpinningTechFuel,Solar,2040,0.0
Libya,Libya,ReserveSpinningTechFuel,Solar,2040,0.0
Libya,Libya,ReserveSpinningTechFuel,Nuclear,2041,0.0
Libya,Libya,ReserveSpinningTechFuel,Gas,2041,2465.457339803295
Libya,Libya,ReserveSpinningTechFuel,Gas,2041,0.0
Libya,Libya,ReserveSpinningTechFuel,Gas,2041,0.0
Libya,Libya,ReserveSpinningTechFuel,Gas,2041,0.0
Libya,Libya,ReserveSpinningTechFuel,Gas,2041,0.0
Libya,Libya,ReserveSpinningTechFuel,Gas,2041,10016.69425155308
Libya,Libya,ReserveSpinningTechFuel,Gas,2041,0.0
Libya,Libya,ReserveSpinningTechFuel,Gas,2041,631.9433949182499
Libya,Libya,ReserveSpinningTechFuel,Gas,2041,0.0
Libya,Libya,ReserveSpinningTechFuel,Gas,2041,0.0
Libya,Libya,ReserveSpinningTechFuel,Gas,2041,0.0
Libya,Libya,ReserveSpinningTechFuel,Gas,2041,0.0
Libya,Libya,ReserveSpinningTechFuel,Gas,2041,0.0
Libya,Libya,ReserveSpinningTechFuel,Coal,2041,0.0
Libya,Libya,ReserveSpinningTechFuel,Coal,2041,0.0
Libya,Libya,ReserveSpinningTechFuel,Coal,2041,0.0
Libya,Libya,ReserveSpinningTechFuel,Coal,2041,0.0
Libya,Libya,ReserveSpinningTechFuel,Geothermal,2041,0.0
Libya,Libya,ReserveSpinningTechFuel,Geothermal,2041,0.0
Libya,Libya,ReserveSpinningTechFuel,Diesel,2041,0.0
Libya,Libya,ReserveSpinningTechFuel,Diesel,2041,0.0
Libya,Libya,ReserveSpinningTechFuel,Diesel,2041,0.0
Libya,Libya,ReserveSpinningTechFuel,Diesel,2041,0.0
Libya,Libya,ReserveSpinningTechFuel,Diesel,2041,0.0
Libya,Libya,ReserveSpinningTechFuel,Diesel,2041,1071.9981458814405
Libya,Libya,ReserveSpinningTechFuel,Diesel,2041,0.0
Libya,Libya,ReserveSpinningTechFuel,Biomass,2041,0.0
Libya,Libya,ReserveSpinningTechFuel,Biomass,2041,0.0
Libya,Libya,ReserveSpinningTechFuel,Biomass,2041,0.0
Libya,Libya,ReserveSpinningTechFuel,Reservoir,2041,0.0
Libya,Libya,ReserveSpinningTechFuel,Reservoir,2041,0.0
Libya,Libya,ReserveSpinningTechFuel,ROR,2041,0.0
Libya,Libya,ReserveSpinningTechFuel,CSP,2041,0.0
Libya,Libya,ReserveSpinningTechFuel,CSP,2041,0.0
Libya,Libya,ReserveSpinningTechFuel,Offshore Wind,2041,0.0
Libya,Libya,ReserveSpinningTechFuel,Onshore Wind,2041,0.0
Libya,Libya,ReserveSpinningTechFuel,Onshore Wind,2041,0.0
Libya,Libya,ReserveSpinningTechFuel,PV,2041,0.0
Libya,Libya,ReserveSpinningTechFuel,PV,2041,0.0
Libya,Libya,ReserveSpinningTechFuel,PV+Storage,2041,0.0
Libya,Libya,ReserveSpinningTechFuel,Solar Thermal,2041,0.0
Libya,Libya,ReserveSpinningTechFuel,Battery,2041,1593.072529308692
Libya,Libya,ReserveSpinningTechFuel,PSH,2041,0.0
Libya,Libya,ReserveSpinningTechFuel,PSH,2041,0.0
Libya,Libya,ReserveSpinningTechFuel,Imports,2041,0.0
Libya,Libya,ReserveSpinningTechFuel,Peat,2041,0.0
Libya,Libya,ReserveSpinningTechFuel,Waste,2041,0.0
Libya,Libya,ReserveSpinningTechFuel,Methane,2041,0.0
Libya,Libya,ReserveSpinningTechFuel,Solar,2041,0.0
Libya,Libya,ReserveSpinningTechFuel,Solar,2041,0.0
Libya,Libya,ReserveSpinningTechFuel,Nuclear,2042,0.0
Libya,Libya,ReserveSpinningTechFuel,Gas,2042,2770.3536598383007
Libya,Libya,ReserveSpinningTechFuel,Gas,2042,0.0
Libya,Libya,ReserveSpinningTechFuel,Gas,2042,0.0
Libya,Libya,ReserveSpinningTechFuel,Gas,2042,0.0
Libya,Libya,ReserveSpinningTechFuel,Gas,2042,0.0
Libya,Libya,ReserveSpinningTechFuel,Gas,2042,11262.07382810698
Libya,Libya,ReserveSpinningTechFuel,Gas,2042,0.0
Libya,Libya,ReserveSpinningTechFuel,Gas,2042,719.964091220403
Libya,Libya,ReserveSpinningTechFuel,Gas,2042,0.0
Libya,Libya,ReserveSpinningTechFuel,Gas,2042,0.0
Libya,Libya,ReserveSpinningTechFuel,Gas,2042,0.0
Libya,Libya,ReserveSpinningTechFuel,Gas,2042,0.0
Libya,Libya,ReserveSpinningTechFuel,Gas,2042,0.0
Libya,Libya,ReserveSpinningTechFuel,Coal,2042,0.0
Libya,Libya,ReserveSpinningTechFuel,Coal,2042,0.0
Libya,Libya,ReserveSpinningTechFuel,Coal,2042,0.0
Libya,Libya,ReserveSpinningTechFuel,Coal,2042,0.0
Libya,Libya,ReserveSpinningTechFuel,Geothermal,2042,0.0
Libya,Libya,ReserveSpinningTechFuel,Geothermal,2042,0.0
Libya,Libya,ReserveSpinningTechFuel,Diesel,2042,0.0
Libya,Libya,ReserveSpinningTechFuel,Diesel,2042,0.0
Libya,Libya,ReserveSpinningTechFuel,Diesel,2042,0.0
Libya,Libya,ReserveSpinningTechFuel,Diesel,2042,0.0
Libya,Libya,ReserveSpinningTechFuel,Diesel,2042,0.0
Libya,Libya,ReserveSpinningTechFuel,Diesel,2042,1067.136
Libya,Libya,ReserveSpinningTechFuel,Diesel,2042,0.0
Libya,Libya,ReserveSpinningTechFuel,Biomass,2042,0.0
Libya,Libya,ReserveSpinningTechFuel,Biomass,2042,0.0
Libya,Libya,ReserveSpinningTechFuel,Biomass,2042,0.0
Libya,Libya,ReserveSpinningTechFuel,Reservoir,2042,0.0
Libya,Libya,ReserveSpinningTechFuel,Reservoir,2042,0.0
Libya,Libya,ReserveSpinningTechFuel,ROR,2042,0.0
Libya,Libya,ReserveSpinningTechFuel,CSP,2042,0.0
Libya,Libya,ReserveSpinningTechFuel,CSP,2042,0.0
Libya,Libya,ReserveSpinningTechFuel,Offshore Wind,2042,0.0
Libya,Libya,ReserveSpinningTechFuel,Onshore Wind,2042,0.0
Libya,Libya,ReserveSpinningTechFuel,Onshore Wind,2042,0.0
Libya,Libya,ReserveSpinningTechFuel,PV,2042,0.0
Libya,Libya,ReserveSpinningTechFuel,PV,2042,0.0
Libya,Libya,ReserveSpinningTechFuel,PV+Storage,2042,0.0
Libya,Libya,ReserveSpinningTechFuel,Solar Thermal,2042,0.0
Libya,Libya,ReserveSpinningTechFuel,Battery,2042,926.1843063155578
Libya,Libya,ReserveSpinningTechFuel,PSH,2042,0.0
Libya,Libya,ReserveSpinningTechFuel,PSH,2042,0.0
Libya,Libya,ReserveSpinningTechFuel,Imports,2042,0.0
Libya,Libya,ReserveSpinningTechFuel,Peat,2042,0.0
Libya,Libya,ReserveSpinningTechFuel,Waste,2042,0.0
Libya,Libya,ReserveSpinningTechFuel,Methane,2042,0.0
Libya,Libya,ReserveSpinningTechFuel,Solar,2042,0.0
Libya,Libya,ReserveSpinningTechFuel,Solar,2042,0.0
Libya,Libya,ReserveSpinningTechFuel,Nuclear,2043,0.0
Libya,Libya,ReserveSpinningTechFuel,Gas,2043,3059.085713586225
Libya,Libya,ReserveSpinningTechFuel,Gas,2043,0.0
Libya,Libya,ReserveSpinningTechFuel,Gas,2043,0.0
Libya,Libya,ReserveSpinningTechFuel,Gas,2043,0.0
Libya,Libya,ReserveSpinningTechFuel,Gas,2043,0.0
Libya,Libya,ReserveSpinningTechFuel,Gas,2043,11937.594887547046
Libya,Libya,ReserveSpinningTechFuel,Gas,2043,0.0
Libya,Libya,ReserveSpinningTechFuel,Gas,2043,692.1609584382802
Libya,Libya,ReserveSpinningTechFuel,Gas,2043,0.0
Libya,Libya,ReserveSpinningTechFuel,Gas,2043,0.0
Libya,Libya,ReserveSpinningTechFuel,Gas,2043,0.0
Libya,Libya,ReserveSpinningTechFuel,Gas,2043,0.0
Libya,Libya,ReserveSpinningTechFuel,Gas,2043,0.0
Libya,Libya,ReserveSpinningTechFuel,Coal,2043,0.0
Libya,Libya,ReserveSpinningTechFuel,Coal,2043,0.0
Libya,Libya,ReserveSpinningTechFuel,Coal,2043,0.0
Libya,Libya,ReserveSpinningTechFuel,Coal,2043,0.0
Libya,Libya,ReserveSpinningTechFuel,Geothermal,2043,0.0
Libya,Libya,ReserveSpinningTechFuel,Geothermal,2043,0.0
Libya,Libya,ReserveSpinningTechFuel,Diesel,2043,0.0
Libya,Libya,ReserveSpinningTechFuel,Diesel,2043,0.0
Libya,Libya,ReserveSpinningTechFuel,Diesel,2043,0.0
Libya,Libya,ReserveSpinningTechFuel,Diesel,2043,0.0
Libya,Libya,ReserveSpinningTechFuel,Diesel,2043,0.0
Libya,Libya,ReserveSpinningTechFuel,Diesel,2043,1053.630045
Libya,Libya,ReserveSpinningTechFuel,Diesel,2043,0.0
Libya,Libya,ReserveSpinningTechFuel,Biomass,2043,0.0
Libya,Libya,ReserveSpinningTechFuel,Biomass,2043,0.0
Libya,Libya,ReserveSpinningTechFuel,Biomass,2043,0.0
Libya,Libya,ReserveSpinningTechFuel,Reservoir,2043,0.0
Libya,Libya,ReserveSpinningTechFuel,Reservoir,2043,0.0
Libya,Libya,ReserveSpinningTechFuel,ROR,2043,0.0
Libya,Libya,ReserveSpinningTechFuel,CSP,2043,0.0
Libya,Libya,ReserveSpinningTechFuel,CSP,2043,0.0
Libya,Libya,ReserveSpinningTechFuel,Offshore Wind,2043,0.0
Libya,Libya,ReserveSpinningTechFuel,Onshore Wind,2043,0.0
Libya,Libya,ReserveSpinningTechFuel,Onshore Wind,2043,0.0
Libya,Libya,ReserveSpinningTechFuel,PV,2043,0.0
Libya,Libya,ReserveSpinningTechFuel,PV,2043,0.0
Libya,Libya,ReserveSpinningTechFuel,PV+Storage,2043,0.0
Libya,Libya,ReserveSpinningTechFuel,Solar Thermal,2043,0.0
Libya,Libya,ReserveSpinningTechFuel,Battery,2043,665.5341274685962
Libya,Libya,ReserveSpinningTechFuel,PSH,2043,0.0
Libya,Libya,ReserveSpinningTechFuel,PSH,2043,0.0
Libya,Libya,ReserveSpinningTechFuel,Imports,2043,0.0
Libya,Libya,ReserveSpinningTechFuel,Peat,2043,0.0
Libya,Libya,ReserveSpinningTechFuel,Waste,2043,0.0
Libya,Libya,ReserveSpinningTechFuel,Methane,2043,0.0
Libya,Libya,ReserveSpinningTechFuel,Solar,2043,0.0
Libya,Libya,ReserveSpinningTechFuel,Solar,2043,0.0
Libya,Libya,ReserveSpinningTechFuel,Nuclear,2044,0.0
Libya,Libya,ReserveSpinningTechFuel,Gas,2044,3407.8316004270496
Libya,Libya,ReserveSpinningTechFuel,Gas,2044,0.0
Libya,Libya,ReserveSpinningTechFuel,Gas,2044,0.0
Libya,Libya,ReserveSpinningTechFuel,Gas,2044,0.0
Libya,Libya,ReserveSpinningTechFuel,Gas,2044,0.0
Libya,Libya,ReserveSpinningTechFuel,Gas,2044,12345.77369909254
Libya,Libya,ReserveSpinningTechFuel,Gas,2044,0.0
Libya,Libya,ReserveSpinningTechFuel,Gas,2044,848.959128931851
Libya,Libya,ReserveSpinningTechFuel,Gas,2044,0.0
Libya,Libya,ReserveSpinningTechFuel,Gas,2044,0.0
Libya,Libya,ReserveSpinningTechFuel,Gas,2044,0.0
Libya,Libya,ReserveSpinningTechFuel,Gas,2044,0.0
Libya,Libya,ReserveSpinningTechFuel,Gas,2044,0.0
Libya,Libya,ReserveSpinningTechFuel,Coal,2044,0.0
Libya,Libya,ReserveSpinningTechFuel,Coal,2044,0.0
Libya,Libya,ReserveSpinningTechFuel,Coal,2044,0.0
Libya,Libya,ReserveSpinningTechFuel,Coal,2044,0.0
Libya,Libya,ReserveSpinningTechFuel,Geothermal,2044,0.0
Libya,Libya,ReserveSpinningTechFuel,Geothermal,2044,0.0
Libya,Libya,ReserveSpinningTechFuel,Diesel,2044,0.0
Libya,Libya,ReserveSpinningTechFuel,Diesel,2044,0.0
Libya,Libya,ReserveSpinningTechFuel,Diesel,2044,0.0
Libya,Libya,ReserveSpinningTechFuel,Diesel,2044,0.0
Libya,Libya,ReserveSpinningTechFuel,Diesel,2044,0.0
Libya,Libya,ReserveSpinningTechFuel,Diesel,2044,983.6871613135
Libya,Libya,ReserveSpinningTechFuel,Diesel,2044,0.0
Libya,Libya,ReserveSpinningTechFuel,Biomass,2044,0.0
Libya,Libya,ReserveSpinningTechFuel,Biomass,2044,0.0
Libya,Libya,ReserveSpinningTechFuel,Biomass,2044,0.0
Libya,Libya,ReserveSpinningTechFuel,Reservoir,2044,0.0
Libya,Libya,ReserveSpinningTechFuel,Reservoir,2044,0.0
Libya,Libya,ReserveSpinningTechFuel,ROR,2044,0.0
Libya,Libya,ReserveSpinningTechFuel,CSP,2044,0.0
Libya,Libya,ReserveSpinningTechFuel,CSP,2044,0.0
Libya,Libya,ReserveSpinningTechFuel,Offshore Wind,2044,0.0
Libya,Libya,ReserveSpinningTechFuel,Onshore Wind,2044,0.0
Libya,Libya,ReserveSpinningTechFuel,Onshore Wind,2044,0.0
Libya,Libya,ReserveSpinningTechFuel,PV,2044,0.0
Libya,Libya,ReserveSpinningTechFuel,PV,2044,0.0
Libya,Libya,ReserveSpinningTechFuel,PV+Storage,2044,0.0
Libya,Libya,ReserveSpinningTechFuel,Solar Thermal,2044,0.0
Libya,Libya,ReserveSpinningTechFuel,Battery,2044,641.0534420783675
Libya,Libya,ReserveSpinningTechFuel,PSH,2044,0.0
Libya,Libya,ReserveSpinningTechFuel,PSH,2044,0.0
Libya,Libya,ReserveSpinningTechFuel,Imports,2044,0.0
Libya,Libya,ReserveSpinningTechFuel,Peat,2044,0.0
Libya,Libya,ReserveSpinningTechFuel,Waste,2044,0.0
Libya,Libya,ReserveSpinningTechFuel,Methane,2044,0.0
Libya,Libya,ReserveSpinningTechFuel,Solar,2044,0.0
Libya,Libya,ReserveSpinningTechFuel,Solar,2044,0.0
Libya,Libya,ReserveSpinningTechFuel,Nuclear,2045,0.0
Libya,Libya,ReserveSpinningTechFuel,Gas,2045,4032.453506031469
Libya,Libya,ReserveSpinningTechFuel,Gas,2045,0.0
Libya,Libya,ReserveSpinningTechFuel,Gas,2045,0.0
Libya,Libya,ReserveSpinningTechFuel,Gas,2045,0.0
Libya,Libya,ReserveSpinningTechFuel,Gas,2045,0.0
Libya,Libya,ReserveSpinningTechFuel,Gas,2045,11144.898536085246
Libya,Libya,ReserveSpinningTechFuel,Gas,2045,0.0
Libya,Libya,ReserveSpinningTechFuel,Gas,2045,921.9048334722823
Libya,Libya,ReserveSpinningTechFuel,Gas,2045,0.0
Libya,Libya,ReserveSpinningTechFuel,Gas,2045,0.0
Libya,Libya,ReserveSpinningTechFuel,Gas,2045,0.0
Libya,Libya,ReserveSpinningTechFuel,Gas,2045,0.0
Libya,Libya,ReserveSpinningTechFuel,Gas,2045,0.0
Libya,Libya,ReserveSpinningTechFuel,Coal,2045,0.0
Libya,Libya,ReserveSpinningTechFuel,Coal,2045,0.0
Libya,Libya,ReserveSpinningTechFuel,Coal,2045,0.0
Libya,Libya,ReserveSpinningTechFuel,Coal,2045,0.0
Libya,Libya,ReserveSpinningTechFuel,Geothermal,2045,0.0
Libya,Libya,ReserveSpinningTechFuel,Geothermal,2045,0.0
Libya,Libya,ReserveSpinningTechFuel,Diesel,2045,0.0
Libya,Libya,ReserveSpinningTechFuel,Diesel,2045,0.0
Libya,Libya,ReserveSpinningTechFuel,Diesel,2045,0.0
Libya,Libya,ReserveSpinningTechFuel,Diesel,2045,0.0
Libya,Libya,ReserveSpinningTechFuel,Diesel,2045,0.0
Libya,Libya,ReserveSpinningTechFuel,Diesel,2045,989.568
Libya,Libya,ReserveSpinningTechFuel,Diesel,2045,0.0
Libya,Libya,ReserveSpinningTechFuel,Biomass,2045,0.0
Libya,Libya,ReserveSpinningTechFuel,Biomass,2045,0.0
Libya,Libya,ReserveSpinningTechFuel,Biomass,2045,0.0
Libya,Libya,ReserveSpinningTechFuel,Reservoir,2045,0.0
Libya,Libya,ReserveSpinningTechFuel,Reservoir,2045,0.0
Libya,Libya,ReserveSpinningTechFuel,ROR,2045,0.0
Libya,Libya,ReserveSpinningTechFuel,CSP,2045,0.0
Libya,Libya,ReserveSpinningTechFuel,CSP,2045,0.0
Libya,Libya,ReserveSpinningTechFuel,Offshore Wind,2045,0.0
Libya,Libya,ReserveSpinningTechFuel,Onshore Wind,2045,0.0
Libya,Libya,ReserveSpinningTechFuel,Onshore Wind,2045,0.0
Libya,Libya,ReserveSpinningTechFuel,PV,2045,0.0
Libya,Libya,ReserveSpinningTechFuel,PV,2045,0.0
Libya,Libya,ReserveSpinningTechFuel,PV+Storage,2045,0.0
Libya,Libya,ReserveSpinningTechFuel,Solar Thermal,2045,0.0
Libya,Libya,ReserveSpinningTechFuel,Battery,2045,1307.2096993111363
Libya,Libya,ReserveSpinningTechFuel,PSH,2045,0.0
Libya,Libya,ReserveSpinningTechFuel,PSH,2045,0.0
Libya,Libya,ReserveSpinningTechFuel,Imports,2045,0.0
Libya,Libya,ReserveSpinningTechFuel,Peat,2045,0.0
Libya,Libya,ReserveSpinningTechFuel,Waste,2045,0.0
Libya,Libya,ReserveSpinningTechFuel,Methane,2045,0.0
Libya,Libya,ReserveSpinningTechFuel,Solar,2045,0.0
Libya,Libya,ReserveSpinningTechFuel,Solar,2045,0.0
Libya,Libya,ReserveSpinningTechFuel,Nuclear,2046,0.0
Libya,Libya,ReserveSpinningTechFuel,Gas,2046,4481.3334800564
Libya,Libya,ReserveSpinningTechFuel,Gas,2046,0.0
Libya,Libya,ReserveSpinningTechFuel,Gas,2046,0.0
Libya,Libya,ReserveSpinningTechFuel,Gas,2046,0.0
Libya,Libya,ReserveSpinningTechFuel,Gas,2046,0.0
Libya,Libya,ReserveSpinningTechFuel,Gas,2046,11743.131647190825
Libya,Libya,ReserveSpinningTechFuel,Gas,2046,0.0
Libya,Libya,ReserveSpinningTechFuel,Gas,2046,1008.8098140602712
Libya,Libya,ReserveSpinningTechFuel,Gas,2046,0.0
Libya,Libya,ReserveSpinningTechFuel,Gas,2046,0.0
Libya,Libya,ReserveSpinningTechFuel,Gas,2046,0.0
Libya,Libya,ReserveSpinningTechFuel,Gas,2046,0.0
Libya,Libya,ReserveSpinningTechFuel,Gas,2046,0.0
Libya,Libya,ReserveSpinningTechFuel,Coal,2046,0.0
Libya,Libya,ReserveSpinningTechFuel,Coal,2046,0.0
Libya,Libya,ReserveSpinningTechFuel,Coal,2046,0.0
Libya,Libya,ReserveSpinningTechFuel,Coal,2046,0.0
Libya,Libya,ReserveSpinningTechFuel,Geothermal,2046,0.0
Libya,Libya,ReserveSpinningTechFuel,Geothermal,2046,0.0
Libya,Libya,ReserveSpinningTechFuel,Diesel,2046,0.0
Libya,Libya,ReserveSpinningTechFuel,Diesel,2046,0.0
Libya,Libya,ReserveSpinningTechFuel,Diesel,2046,0.0
Libya,Libya,ReserveSpinningTechFuel,Diesel,2046,0.0
Libya,Libya,ReserveSpinningTechFuel,Diesel,2046,0.0
Libya,Libya,ReserveSpinningTechFuel,Diesel,2046,806.272
Libya,Libya,ReserveSpinningTechFuel,Diesel,2046,0.0
Libya,Libya,ReserveSpinningTechFuel,Biomass,2046,0.0
Libya,Libya,ReserveSpinningTechFuel,Biomass,2046,0.0
Libya,Libya,ReserveSpinningTechFuel,Biomass,2046,0.0
Libya,Libya,ReserveSpinningTechFuel,Reservoir,2046,0.0
Libya,Libya,ReserveSpinningTechFuel,Reservoir,2046,0.0
Libya,Libya,ReserveSpinningTechFuel,ROR,2046,0.0
Libya,Libya,ReserveSpinningTechFuel,CSP,2046,0.0
Libya,Libya,ReserveSpinningTechFuel,CSP,2046,0.0
Libya,Libya,ReserveSpinningTechFuel,Offshore Wind,2046,0.0
Libya,Libya,ReserveSpinningTechFuel,Onshore Wind,2046,0.0
Libya,Libya,ReserveSpinningTechFuel,Onshore Wind,2046,0.0
Libya,Libya,ReserveSpinningTechFuel,PV,2046,0.0
Libya,Libya,ReserveSpinningTechFuel,PV,2046,0.0
Libya,Libya,ReserveSpinningTechFuel,PV+Storage,2046,0.0
Libya,Libya,ReserveSpinningTechFuel,Solar Thermal,2046,0.0
Libya,Libya,ReserveSpinningTechFuel,Battery,2046,1056.2222705865277
Libya,Libya,ReserveSpinningTechFuel,PSH,2046,0.0
Libya,Libya,ReserveSpinningTechFuel,PSH,2046,0.0
Libya,Libya,ReserveSpinningTechFuel,Imports,2046,0.0
Libya,Libya,ReserveSpinningTechFuel,Peat,2046,0.0
Libya,Libya,ReserveSpinningTechFuel,Waste,2046,0.0
Libya,Libya,ReserveSpinningTechFuel,Methane,2046,0.0
Libya,Libya,ReserveSpinningTechFuel,Solar,2046,0.0
Libya,Libya,ReserveSpinningTechFuel,Solar,2046,0.0
Libya,Libya,ReserveSpinningTechFuel,Nuclear,2047,0.0
Libya,Libya,ReserveSpinningTechFuel,Gas,2047,4993.786454011276
Libya,Libya,ReserveSpinningTechFuel,Gas,2047,0.0
Libya,Libya,ReserveSpinningTechFuel,Gas,2047,0.0
Libya,Libya,ReserveSpinningTechFuel,Gas,2047,0.0
Libya,Libya,ReserveSpinningTechFuel,Gas,2047,0.0
Libya,Libya,ReserveSpinningTechFuel,Gas,2047,9657.85877960219
Libya,Libya,ReserveSpinningTechFuel,Gas,2047,0.0
Libya,Libya,ReserveSpinningTechFuel,Gas,2047,1213.1400627223495
Libya,Libya,ReserveSpinningTechFuel,Gas,2047,0.0
Libya,Libya,ReserveSpinningTechFuel,Gas,2047,0.0
Libya,Libya,ReserveSpinningTechFuel,Gas,2047,0.0
Libya,Libya,ReserveSpinningTechFuel,Gas,2047,0.0
Libya,Libya,ReserveSpinningTechFuel,Gas,2047,0.0
Libya,Libya,ReserveSpinningTechFuel,Coal,2047,0.0
Libya,Libya,ReserveSpinningTechFuel,Coal,2047,0.0
Libya,Libya,ReserveSpinningTechFuel,Coal,2047,0.0
Libya,Libya,ReserveSpinningTechFuel,Coal,2047,0.0
Libya,Libya,ReserveSpinningTechFuel,Geothermal,2047,0.0
Libya,Libya,ReserveSpinningTechFuel,Geothermal,2047,0.0
Libya,Libya,ReserveSpinningTechFuel,Diesel,2047,0.0
Libya,Libya,ReserveSpinningTechFuel,Diesel,2047,0.0
Libya,Libya,ReserveSpinningTechFuel,Diesel,2047,0.0
Libya,Libya,ReserveSpinningTechFuel,Diesel,2047,0.0
Libya,Libya,ReserveSpinningTechFuel,Diesel,2047,0.0
Libya,Libya,ReserveSpinningTechFuel,Diesel,2047,778.112
Libya,Libya,ReserveSpinningTechFuel,Diesel,2047,0.0
Libya,Libya,ReserveSpinningTechFuel,Biomass,2047,0.0
Libya,Libya,ReserveSpinningTechFuel,Biomass,2047,0.0
Libya,Libya,ReserveSpinningTechFuel,Biomass,2047,0.0
Libya,Libya,ReserveSpinningTechFuel,Reservoir,2047,0.0
Libya,Libya,ReserveSpinningTechFuel,Reservoir,2047,0.0
Libya,Libya,ReserveSpinningTechFuel,ROR,2047,0.0
Libya,Libya,ReserveSpinningTechFuel,CSP,2047,0.0
Libya,Libya,ReserveSpinningTechFuel,CSP,2047,0.0
Libya,Libya,ReserveSpinningTechFuel,Offshore Wind,2047,0.0
Libya,Libya,ReserveSpinningTechFuel,Onshore Wind,2047,0.0
Libya,Libya,ReserveSpinningTechFuel,Onshore Wind,2047,0.0
Libya,Libya,ReserveSpinningTechFuel,PV,2047,0.0
Libya,Libya,ReserveSpinningTechFuel,PV,2047,0.0
Libya,Libya,ReserveSpinningTechFuel,PV+Storage,2047,0.0
Libya,Libya,ReserveSpinningTechFuel,Solar Thermal,2047,0.0
Libya,Libya,ReserveSpinningTechFuel,Battery,2047,2584.4383020927826
Libya,Libya,ReserveSpinningTechFuel,PSH,2047,0.0
Libya,Libya,ReserveSpinningTechFuel,PSH,2047,0.0
Libya,Libya,ReserveSpinningTechFuel,Imports,2047,0.0
Libya,Libya,ReserveSpinningTechFuel,Peat,2047,0.0
Libya,Libya,ReserveSpinningTechFuel,Waste,2047,0.0
Libya,Libya,ReserveSpinningTechFuel,Methane,2047,0.0
Libya,Libya,ReserveSpinningTechFuel,Solar,2047,0.0
Libya,Libya,ReserveSpinningTechFuel,Solar,2047,0.0
Libya,Libya,ReserveSpinningTechFuel,Nuclear,2048,0.0
Libya,Libya,ReserveSpinningTechFuel,Gas,2048,5570.796960320078
Libya,Libya,ReserveSpinningTechFuel,Gas,2048,0.0
Libya,Libya,ReserveSpinningTechFuel,Gas,2048,0.0
Libya,Libya,ReserveSpinningTechFuel,Gas,2048,0.0
Libya,Libya,ReserveSpinningTechFuel,Gas,2048,0.0
Libya,Libya,ReserveSpinningTechFuel,Gas,2048,9750.725105166648
Libya,Libya,ReserveSpinningTechFuel,Gas,2048,0.0
Libya,Libya,ReserveSpinningTechFuel,Gas,2048,1471.6281373676848
Libya,Libya,ReserveSpinningTechFuel,Gas,2048,0.0
Libya,Libya,ReserveSpinningTechFuel,Gas,2048,0.0
Libya,Libya,ReserveSpinningTechFuel,Gas,2048,0.0
Libya,Libya,ReserveSpinningTechFuel,Gas,2048,0.0
Libya,Libya,ReserveSpinningTechFuel,Gas,2048,0.0
Libya,Libya,ReserveSpinningTechFuel,Coal,2048,0.0
Libya,Libya,ReserveSpinningTechFuel,Coal,2048,0.0
Libya,Libya,ReserveSpinningTechFuel,Coal,2048,0.0
Libya,Libya,ReserveSpinningTechFuel,Coal,2048,0.0
Libya,Libya,ReserveSpinningTechFuel,Geothermal,2048,0.0
Libya,Libya,ReserveSpinningTechFuel,Geothermal,2048,0.0
Libya,Libya,ReserveSpinningTechFuel,Diesel,2048,0.0
Libya,Libya,ReserveSpinningTechFuel,Diesel,2048,0.0
Libya,Libya,ReserveSpinningTechFuel,Diesel,2048,0.0
Libya,Libya,ReserveSpinningTechFuel,Diesel,2048,0.0
Libya,Libya,ReserveSpinningTechFuel,Diesel,2048,0.0
Libya,Libya,ReserveSpinningTechFuel,Diesel,2048,638.8480000000001
Libya,Libya,ReserveSpinningTechFuel,Diesel,2048,0.0
Libya,Libya,ReserveSpinningTechFuel,Biomass,2048,0.0
Libya,Libya,ReserveSpinningTechFuel,Biomass,2048,0.0
Libya,Libya,ReserveSpinningTechFuel,Biomass,2048,0.0
Libya,Libya,ReserveSpinningTechFuel,Reservoir,2048,0.0
Libya,Libya,ReserveSpinningTechFuel,Reservoir,2048,0.0
Libya,Libya,ReserveSpinningTechFuel,ROR,2048,0.0
Libya,Libya,ReserveSpinningTechFuel,CSP,2048,0.0
Libya,Libya,ReserveSpinningTechFuel,CSP,2048,0.0
Libya,Libya,ReserveSpinningTechFuel,Offshore Wind,2048,0.0
Libya,Libya,ReserveSpinningTechFuel,Onshore Wind,2048,0.0
Libya,Libya,ReserveSpinningTechFuel,Onshore Wind,2048,0.0
Libya,Libya,ReserveSpinningTechFuel,PV,2048,0.0
Libya,Libya,ReserveSpinningTechFuel,PV,2048,0.0
Libya,Libya,ReserveSpinningTechFuel,PV+Storage,2048,0.0
Libya,Libya,ReserveSpinningTechFuel,Solar Thermal,2048,0.0
Libya,Libya,ReserveSpinningTechFuel,Battery,2048,2247.214983511941
Libya,Libya,ReserveSpinningTechFuel,PSH,2048,0.0
Libya,Libya,ReserveSpinningTechFuel,PSH,2048,0.0
Libya,Libya,ReserveSpinningTechFuel,Imports,2048,0.0
Libya,Libya,ReserveSpinningTechFuel,Peat,2048,0.0
Libya,Libya,ReserveSpinningTechFuel,Waste,2048,0.0
Libya,Libya,ReserveSpinningTechFuel,Methane,2048,0.0
Libya,Libya,ReserveSpinningTechFuel,Solar,2048,0.0
Libya,Libya,ReserveSpinningTechFuel,Solar,2048,0.0
Libya,Libya,ReserveSpinningTechFuel,Nuclear,2049,0.0
Libya,Libya,ReserveSpinningTechFuel,Gas,2049,6181.824352116068
Libya,Libya,ReserveSpinningTechFuel,Gas,2049,0.0
Libya,Libya,ReserveSpinningTechFuel,Gas,2049,0.0
Libya,Libya,ReserveSpinningTechFuel,Gas,2049,0.0
Libya,Libya,ReserveSpinningTechFuel,Gas,2049,0.0
Libya,Libya,ReserveSpinningTechFuel,Gas,2049,9690.416540433896
Libya,Libya,ReserveSpinningTechFuel,Gas,2049,0.0
Libya,Libya,ReserveSpinningTechFuel,Gas,2049,1643.6151052289283
Libya,Libya,ReserveSpinningTechFuel,Gas,2049,0.0
Libya,Libya,ReserveSpinningTechFuel,Gas,2049,0.0
Libya,Libya,ReserveSpinningTechFuel,Gas,2049,0.0
Libya,Libya,ReserveSpinningTechFuel,Gas,2049,0.0
Libya,Libya,ReserveSpinningTechFuel,Gas,2049,0.0
Libya,Libya,ReserveSpinningTechFuel,Coal,2049,0.0
Libya,Libya,ReserveSpinningTechFuel,Coal,2049,0.0
Libya,Libya,ReserveSpinningTechFuel,Coal,2049,0.0
Libya,Libya,ReserveSpinningTechFuel,Coal,2049,0.0
Libya,Libya,ReserveSpinningTechFuel,Geothermal,2049,0.0
Libya,Libya,ReserveSpinningTechFuel,Geothermal,2049,0.0
Libya,Libya,ReserveSpinningTechFuel,Diesel,2049,0.0
Libya,Libya,ReserveSpinningTechFuel,Diesel,2049,0.0
Libya,Libya,ReserveSpinningTechFuel,Diesel,2049,0.0
Libya,Libya,ReserveSpinningTechFuel,Diesel,2049,0.0
Libya,Libya,ReserveSpinningTechFuel,Diesel,2049,0.0
Libya,Libya,ReserveSpinningTechFuel,Diesel,2049,500.751409745475
Libya,Libya,ReserveSpinningTechFuel,Diesel,2049,0.0
Libya,Libya,ReserveSpinningTechFuel,Biomass,2049,0.0
Libya,Libya,ReserveSpinningTechFuel,Biomass,2049,0.0
Libya,Libya,ReserveSpinningTechFuel,Biomass,2049,0.0
Libya,Libya,ReserveSpinningTechFuel,Reservoir,2049,0.0
Libya,Libya,ReserveSpinningTechFuel,Reservoir,2049,0.0
Libya,Libya,ReserveSpinningTechFuel,ROR,2049,0.0
Libya,Libya,ReserveSpinningTechFuel,CSP,2049,0.0
Libya,Libya,ReserveSpinningTechFuel,CSP,2049,0.0
Libya,Libya,ReserveSpinningTechFuel,Offshore Wind,2049,0.0
Libya,Libya,ReserveSpinningTechFuel,Onshore Wind,2049,0.0
Libya,Libya,ReserveSpinningTechFuel,Onshore Wind,2049,0.0
Libya,Libya,ReserveSpinningTechFuel,PV,2049,0.0
Libya,Libya,ReserveSpinningTechFuel,PV,2049,0.0
Libya,Libya,ReserveSpinningTechFuel,PV+Storage,2049,0.0
Libya,Libya,ReserveSpinningTechFuel,Solar Thermal,2049,0.0
Libya,Libya,ReserveSpinningTechFuel,Battery,2049,2118.589193311452
Libya,Libya,ReserveSpinningTechFuel,PSH,2049,0.0
Libya,Libya,ReserveSpinningTechFuel,PSH,2049,0.0
Libya,Libya,ReserveSpinningTechFuel,Imports,2049,0.0
Libya,Libya,ReserveSpinningTechFuel,Peat,2049,0.0
Libya,Libya,ReserveSpinningTechFuel,Waste,2049,0.0
Libya,Libya,ReserveSpinningTechFuel,Methane,2049,0.0
Libya,Libya,ReserveSpinningTechFuel,Solar,2049,0.0
Libya,Libya,ReserveSpinningTechFuel,Solar,2049,0.0
Libya,Libya,ReserveSpinningTechFuel,Nuclear,2050,0.0
Libya,Libya,ReserveSpinningTechFuel,Gas,2050,6567.225603575603
Libya,Libya,ReserveSpinningTechFuel,Gas,2050,0.0
Libya,Libya,ReserveSpinningTechFuel,Gas,2050,0.0
Libya,Libya,ReserveSpinningTechFuel,Gas,2050,0.0
Libya,Libya,ReserveSpinningTechFuel,Gas,2050,0.0
Libya,Libya,ReserveSpinningTechFuel,Gas,2050,9562.285439959856
Libya,Libya,ReserveSpinningTechFuel,Gas,2050,0.0
Libya,Libya,ReserveSpinningTechFuel,Gas,2050,1794.1020799796097
Libya,Libya,ReserveSpinningTechFuel,Gas,2050,0.0
Libya,Libya,ReserveSpinningTechFuel,Gas,2050,0.0
Libya,Libya,ReserveSpinningTechFuel,Gas,2050,0.0
Libya,Libya,ReserveSpinningTechFuel,Gas,2050,0.0
Libya,Libya,ReserveSpinningTechFuel,Gas,2050,0.0
Libya,Libya,ReserveSpinningTechFuel,Coal,2050,0.0
Libya,Libya,ReserveSpinningTechFuel,Coal,2050,0.0
Libya,Libya,ReserveSpinningTechFuel,Coal,2050,0.0
Libya,Libya,ReserveSpinningTechFuel,Coal,2050,0.0
Libya,Libya,ReserveSpinningTechFuel,Geothermal,2050,0.0
Libya,Libya,ReserveSpinningTechFuel,Geothermal,2050,0.0
Libya,Libya,ReserveSpinningTechFuel,Diesel,2050,0.0
Libya,Libya,ReserveSpinningTechFuel,Diesel,2050,0.0
Libya,Libya,ReserveSpinningTechFuel,Diesel,2050,0.0
Libya,Libya,ReserveSpinningTechFuel,Diesel,2050,0.0
Libya,Libya,ReserveSpinningTechFuel,Diesel,2050,0.0
Libya,Libya,ReserveSpinningTechFuel,Diesel,2050,0.0
Libya,Libya,ReserveSpinningTechFuel,Diesel,2050,0.0
Libya,Libya,ReserveSpinningTechFuel,Biomass,2050,0.0
Libya,Libya,ReserveSpinningTechFuel,Biomass,2050,0.0
Libya,Libya,ReserveSpinningTechFuel,Biomass,2050,0.0
Libya,Libya,ReserveSpinningTechFuel,Reservoir,2050,0.0
Libya,Libya,ReserveSpinningTechFuel,Reservoir,2050,0.0
Libya,Libya,ReserveSpinningTechFuel,ROR,2050,0.0
Libya,Libya,ReserveSpinningTechFuel,CSP,2050,0.0
Libya,Libya,ReserveSpinningTechFuel,CSP,2050,0.0
Libya,Libya,ReserveSpinningTechFuel,Offshore Wind,2050,0.0
Libya,Libya,ReserveSpinningTechFuel,Onshore Wind,2050,0.0
Libya,Libya,ReserveSpinningTechFuel,Onshore Wind,2050,0.0
Libya,Libya,ReserveSpinningTechFuel,PV,2050,0.0
Libya,Libya,ReserveSpinningTechFuel,PV,2050,0.0
Libya,Libya,ReserveSpinningTechFuel,PV+Storage,2050,0.0
Libya,Libya,ReserveSpinningTechFuel,Solar Thermal,2050,0.0
Libya,Libya,ReserveSpinningTechFuel,Battery,2050,2385.60638183653
Libya,Libya,ReserveSpinningTechFuel,PSH,2050,0.0
Libya,Libya,ReserveSpinningTechFuel,PSH,2050,0.0
Libya,Libya,ReserveSpinningTechFuel,Imports,2050,0.0
Libya,Libya,ReserveSpinningTechFuel,Peat,2050,0.0
Libya,Libya,ReserveSpinningTechFuel,Waste,2050,0.0
Libya,Libya,ReserveSpinningTechFuel,Methane,2050,0.0
Libya,Libya,ReserveSpinningTechFuel,Solar,2050,0.0
Libya,Libya,ReserveSpinningTechFuel,Solar,2050,0.0
Libya,Libya,UtilizationTechFuel,Nuclear,2026,0.0
Libya,Libya,UtilizationTechFuel,Gas,2026,0.8500000000000006
Libya,Libya,UtilizationTechFuel,Gas,2026,0.0
Libya,Libya,UtilizationTechFuel,Gas,2026,0.0
Libya,Libya,UtilizationTechFuel,Gas,2026,0.0
Libya,Libya,UtilizationTechFuel,Gas,2026,0.0
Libya,Libya,UtilizationTechFuel,Gas,2026,0.5078755370962987
Libya,Libya,UtilizationTechFuel,Gas,2026,0.0
Libya,Libya,UtilizationTechFuel,Gas,2026,0.8499999999999996
Libya,Libya,UtilizationTechFuel,Gas,2026,0.0
Libya,Libya,UtilizationTechFuel,Gas,2026,0.0
Libya,Libya,UtilizationTechFuel,Gas,2026,0.0
Libya,Libya,UtilizationTechFuel,Gas,2026,0.0
Libya,Libya,UtilizationTechFuel,Gas,2026,0.0
Libya,Libya,UtilizationTechFuel,Coal,2026,0.0
Libya,Libya,UtilizationTechFuel,Coal,2026,0.0
Libya,Libya,UtilizationTechFuel,Coal,2026,0.0
Libya,Libya,UtilizationTechFuel,Coal,2026,0.0
Libya,Libya,UtilizationTechFuel,Geothermal,2026,0.0
Libya,Libya,UtilizationTechFuel,Geothermal,2026,0.0
Libya,Libya,UtilizationTechFuel,Diesel,2026,0.0
Libya,Libya,UtilizationTechFuel,Diesel,2026,0.0
Libya,Libya,UtilizationTechFuel,Diesel,2026,0.0
Libya,Libya,UtilizationTechFuel,Diesel,2026,0.0
Libya,Libya,UtilizationTechFuel,Diesel,2026,0.0
Libya,Libya,UtilizationTechFuel,Diesel,2026,0.0
Libya,Libya,UtilizationTechFuel,Diesel,2026,0.0
Libya,Libya,UtilizationTechFuel,Biomass,2026,0.0
Libya,Libya,UtilizationTechFuel,Biomass,2026,0.0
Libya,Libya,UtilizationTechFuel,Biomass,2026,0.0
Libya,Libya,UtilizationTechFuel,Reservoir,2026,0.0
Libya,Libya,UtilizationTechFuel,Reservoir,2026,0.0
Libya,Libya,UtilizationTechFuel,ROR,2026,0.0
Libya,Libya,UtilizationTechFuel,CSP,2026,0.0
Libya,Libya,UtilizationTechFuel,CSP,2026,0.0
Libya,Libya,UtilizationTechFuel,Offshore Wind,2026,0.0
Libya,Libya,UtilizationTechFuel,Onshore Wind,2026,0.0
Libya,Libya,UtilizationTechFuel,Onshore Wind,2026,0.0
Libya,Libya,UtilizationTechFuel,PV,2026,0.0
Libya,Libya,UtilizationTechFuel,PV,2026,0.0
Libya,Libya,UtilizationTechFuel,PV+Storage,2026,0.0
Libya,Libya,UtilizationTechFuel,Solar Thermal,2026,0.0
Libya,Libya,UtilizationTechFuel,Battery,2026,0.0
Libya,Libya,UtilizationTechFuel,PSH,2026,0.0
Libya,Libya,UtilizationTechFuel,PSH,2026,0.0
Libya,Libya,UtilizationTechFuel,Imports,2026,0.0
Libya,Libya,UtilizationTechFuel,Peat,2026,0.0
Libya,Libya,UtilizationTechFuel,Waste,2026,0.0
Libya,Libya,UtilizationTechFuel,Methane,2026,0.0
Libya,Libya,UtilizationTechFuel,Solar,2026,0.0
Libya,Libya,UtilizationTechFuel,Solar,2026,0.0
Libya,Libya,UtilizationTechFuel,Nuclear,2027,0.0
Libya,Libya,UtilizationTechFuel,Gas,2027,0.85
Libya,Libya,UtilizationTechFuel,Gas,2027,0.0
Libya,Libya,UtilizationTechFuel,Gas,2027,0.0
Libya,Libya,UtilizationTechFuel,Gas,2027,0.0
Libya,Libya,UtilizationTechFuel,Gas,2027,0.0
Libya,Libya,UtilizationTechFuel,Gas,2027,0.5824191025893803
Libya,Libya,UtilizationTechFuel,Gas,2027,0.0
Libya,Libya,UtilizationTechFuel,Gas,2027,0.8500000000000003
Libya,Libya,UtilizationTechFuel,Gas,2027,0.0
Libya,Libya,UtilizationTechFuel,Gas,2027,0.0
Libya,Libya,UtilizationTechFuel,Gas,2027,0.0
Libya,Libya,UtilizationTechFuel,Gas,2027,0.0
Libya,Libya,UtilizationTechFuel,Gas,2027,0.0
Libya,Libya,UtilizationTechFuel,Coal,2027,0.0
Libya,Libya,UtilizationTechFuel,Coal,2027,0.0
Libya,Libya,UtilizationTechFuel,Coal,2027,0.0
Libya,Libya,UtilizationTechFuel,Coal,2027,0.0
Libya,Libya,UtilizationTechFuel,Geothermal,2027,0.0
Libya,Libya,UtilizationTechFuel,Geothermal,2027,0.0
Libya,Libya,UtilizationTechFuel,Diesel,2027,0.0
Libya,Libya,UtilizationTechFuel,Diesel,2027,0.0
Libya,Libya,UtilizationTechFuel,Diesel,2027,0.0
Libya,Libya,UtilizationTechFuel,Diesel,2027,0.0
Libya,Libya,UtilizationTechFuel,Diesel,2027,0.0
Libya,Libya,UtilizationTechFuel,Diesel,2027,0.0
Libya,Libya,UtilizationTechFuel,Diesel,2027,0.0
Libya,Libya,UtilizationTechFuel,Biomass,2027,0.0
Libya,Libya,UtilizationTechFuel,Biomass,2027,0.0
Libya,Libya,UtilizationTechFuel,Biomass,2027,0.0
Libya,Libya,UtilizationTechFuel,Reservoir,2027,0.0
Libya,Libya,UtilizationTechFuel,Reservoir,2027,0.0
Libya,Libya,UtilizationTechFuel,ROR,2027,0.0
Libya,Libya,UtilizationTechFuel,CSP,2027,0.0
Libya,Libya,UtilizationTechFuel,CSP,2027,0.0
Libya,Libya,UtilizationTechFuel,Offshore Wind,2027,0.0
Libya,Libya,UtilizationTechFuel,Onshore Wind,2027,0.0
Libya,Libya,UtilizationTechFuel,Onshore Wind,2027,0.0
Libya,Libya,UtilizationTechFuel,PV,2027,0.0
Libya,Libya,UtilizationTechFuel,PV,2027,0.0
Libya,Libya,UtilizationTechFuel,PV+Storage,2027,0.0
Libya,Libya,UtilizationTechFuel,Solar Thermal,2027,0.0
Libya,Libya,UtilizationTechFuel,Battery,2027,0.0
Libya,Libya,UtilizationTechFuel,PSH,2027,0.0
Libya,Libya,UtilizationTechFuel,PSH,2027,0.0
Libya,Libya,UtilizationTechFuel,Imports,2027,0.0
Libya,Libya,UtilizationTechFuel,Peat,2027,0.0
Libya,Libya,UtilizationTechFuel,Waste,2027,0.0
Libya,Libya,UtilizationTechFuel,Methane,2027,0.0
Libya,Libya,UtilizationTechFuel,Solar,2027,0.0
Libya,Libya,UtilizationTechFuel,Solar,2027,0.0
Libya,Libya,UtilizationTechFuel,Nuclear,2028,0.0
Libya,Libya,UtilizationTechFuel,Gas,2028,0.8500000000000012
Libya,Libya,UtilizationTechFuel,Gas,2028,0.0
Libya,Libya,UtilizationTechFuel,Gas,2028,0.0
Libya,Libya,UtilizationTechFuel,Gas,2028,0.0
Libya,Libya,UtilizationTechFuel,Gas,2028,0.0
Libya,Libya,UtilizationTechFuel,Gas,2028,0.5079973100511885
Libya,Libya,UtilizationTechFuel,Gas,2028,0.0
Libya,Libya,UtilizationTechFuel,Gas,2028,0.8500000000000003
Libya,Libya,UtilizationTechFuel,Gas,2028,0.0
Libya,Libya,UtilizationTechFuel,Gas,2028,0.0
Libya,Libya,UtilizationTechFuel,Gas,2028,0.0
Libya,Libya,UtilizationTechFuel,Gas,2028,0.0
Libya,Libya,UtilizationTechFuel,Gas,2028,0.0
Libya,Libya,UtilizationTechFuel,Coal,2028,0.0
Libya,Libya,UtilizationTechFuel,Coal,2028,0.0
Libya,Libya,UtilizationTechFuel,Coal,2028,0.0
Libya,Libya,UtilizationTechFuel,Coal,2028,0.0
Libya,Libya,UtilizationTechFuel,Geothermal,2028,0.0
Libya,Libya,UtilizationTechFuel,Geothermal,2028,0.0
Libya,Libya,UtilizationTechFuel,Diesel,2028,0.0
Libya,Libya,UtilizationTechFuel,Diesel,2028,0.0
Libya,Libya,UtilizationTechFuel,Diesel,2028,0.0
Libya,Libya,UtilizationTechFuel,Diesel,2028,0.0
Libya,Libya,UtilizationTechFuel,Diesel,2028,0.0
Libya,Libya,UtilizationTechFuel,Diesel,2028,0.0
Libya,Libya,UtilizationTechFuel,Diesel,2028,0.0
Libya,Libya,UtilizationTechFuel,Biomass,2028,0.0
Libya,Libya,UtilizationTechFuel,Biomass,2028,0.0
Libya,Libya,UtilizationTechFuel,Biomass,2028,0.0
Libya,Libya,UtilizationTechFuel,Reservoir,2028,0.0
Libya,Libya,UtilizationTechFuel,Reservoir,2028,0.0
Libya,Libya,UtilizationTechFuel,ROR,2028,0.0
Libya,Libya,UtilizationTechFuel,CSP,2028,0.0
Libya,Libya,UtilizationTechFuel,CSP,2028,0.0
Libya,Libya,UtilizationTechFuel,Offshore Wind,2028,0.0
Libya,Libya,UtilizationTechFuel,Onshore Wind,2028,0.0
Libya,Libya,UtilizationTechFuel,Onshore Wind,2028,0.0
Libya,Libya,UtilizationTechFuel,PV,2028,0.22426174086758
Libya,Libya,UtilizationTechFuel,PV,2028,0.0
Libya,Libya,UtilizationTechFuel,PV+Storage,2028,0.0
Libya,Libya,UtilizationTechFuel,Solar Thermal,2028,0.0
Libya,Libya,UtilizationTechFuel,Battery,2028,0.0
Libya,Libya,UtilizationTechFuel,PSH,2028,0.0
Libya,Libya,UtilizationTechFuel,PSH,2028,0.0
Libya,Libya,UtilizationTechFuel,Imports,2028,0.0
Libya,Libya,UtilizationTechFuel,Peat,2028,0.0
Libya,Libya,UtilizationTechFuel,Waste,2028,0.0
Libya,Libya,UtilizationTechFuel,Methane,2028,0.0
Libya,Libya,UtilizationTechFuel,Solar,2028,0.0
Libya,Libya,UtilizationTechFuel,Solar,2028,0.0
Libya,Libya,UtilizationTechFuel,Nuclear,2029,0.0
Libya,Libya,UtilizationTechFuel,Gas,2029,0.85
Libya,Libya,UtilizationTechFuel,Gas,2029,0.0
Libya,Libya,UtilizationTechFuel,Gas,2029,0.0
Libya,Libya,UtilizationTechFuel,Gas,2029,0.0
Libya,Libya,UtilizationTechFuel,Gas,2029,0.0
Libya,Libya,UtilizationTechFuel,Gas,2029,0.5379997344966191
Libya,Libya,UtilizationTechFuel,Gas,2029,0.0
Libya,Libya,UtilizationTechFuel,Gas,2029,0.85
Libya,Libya,UtilizationTechFuel,Gas,2029,0.0
Libya,Libya,UtilizationTechFuel,Gas,2029,0.0
Libya,Libya,UtilizationTechFuel,Gas,2029,0.0
Libya,Libya,UtilizationTechFuel,Gas,2029,0.0
Libya,Libya,UtilizationTechFuel,Gas,2029,0.0
Libya,Libya,UtilizationTechFuel,Coal,2029,0.0
Libya,Libya,UtilizationTechFuel,Coal,2029,0.0
Libya,Libya,UtilizationTechFuel,Coal,2029,0.0
Libya,Libya,UtilizationTechFuel,Coal,2029,0.0
Libya,Libya,UtilizationTechFuel,Geothermal,2029,0.0
Libya,Libya,UtilizationTechFuel,Geothermal,2029,0.0
Libya,Libya,UtilizationTechFuel,Diesel,2029,0.0
Libya,Libya,UtilizationTechFuel,Diesel,2029,0.0
Libya,Libya,UtilizationTechFuel,Diesel,2029,0.0
Libya,Libya,UtilizationTechFuel,Diesel,2029,0.0
Libya,Libya,UtilizationTechFuel,Diesel,2029,0.0
Libya,Libya,UtilizationTechFuel,Diesel,2029,0.0
Libya,Libya,UtilizationTechFuel,Diesel,2029,0.0
Libya,Libya,UtilizationTechFuel,Biomass,2029,0.0
Libya,Libya,UtilizationTechFuel,Biomass,2029,0.0
Libya,Libya,UtilizationTechFuel,Biomass,2029,0.0
Libya,Libya,UtilizationTechFuel,Reservoir,2029,0.0
Libya,Libya,UtilizationTechFuel,Reservoir,2029,0.0
Libya,Libya,UtilizationTechFuel,ROR,2029,0.0
Libya,Libya,UtilizationTechFuel,CSP,2029,0.0
Libya,Libya,UtilizationTechFuel,CSP,2029,0.0
Libya,Libya,UtilizationTechFuel,Offshore Wind,2029,0.0
Libya,Libya,UtilizationTechFuel,Onshore Wind,2029,0.0
Libya,Libya,UtilizationTechFuel,Onshore Wind,2029,0.0
Libya,Libya,UtilizationTechFuel,PV,2029,0.22426174086758
Libya,Libya,UtilizationTechFuel,PV,2029,0.0
Libya,Libya,UtilizationTechFuel,PV+Storage,2029,0.0
Libya,Libya,UtilizationTechFuel,Solar Thermal,2029,0.0
Libya,Libya,UtilizationTechFuel,Battery,2029,0.0
Libya,Libya,UtilizationTechFuel,PSH,2029,0.0
Libya,Libya,UtilizationTechFuel,PSH,2029,0.0
Libya,Libya,UtilizationTechFuel,Imports,2029,0.0
Libya,Libya,UtilizationTechFuel,Peat,2029,0.0
Libya,Libya,UtilizationTechFuel,Waste,2029,0.0
Libya,Libya,UtilizationTechFuel,Methane,2029,0.0
Libya,Libya,UtilizationTechFuel,Solar,2029,0.0
Libya,Libya,UtilizationTechFuel,Solar,2029,0.0
Libya,Libya,UtilizationTechFuel,Nuclear,2030,0.0
Libya,Libya,UtilizationTechFuel,Gas,2030,0.8500000000000003
Libya,Libya,UtilizationTechFuel,Gas,2030,0.0
Libya,Libya,UtilizationTechFuel,Gas,2030,0.0
Libya,Libya,UtilizationTechFuel,Gas,2030,0.0
Libya,Libya,UtilizationTechFuel,Gas,2030,0.0
Libya,Libya,UtilizationTechFuel,Gas,2030,0.509835384480761
Libya,Libya,UtilizationTechFuel,Gas,2030,0.0
Libya,Libya,UtilizationTechFuel,Gas,2030,0.8499999999999999
Libya,Libya,UtilizationTechFuel,Gas,2030,0.0
Libya,Libya,UtilizationTechFuel,Gas,2030,0.0
Libya,Libya,UtilizationTechFuel,Gas,2030,0.0
Libya,Libya,UtilizationTechFuel,Gas,2030,0.0
Libya,Libya,UtilizationTechFuel,Gas,2030,0.0
Libya,Libya,UtilizationTechFuel,Coal,2030,0.0
Libya,Libya,UtilizationTechFuel,Coal,2030,0.0
Libya,Libya,UtilizationTechFuel,Coal,2030,0.0
Libya,Libya,UtilizationTechFuel,Coal,2030,0.0
Libya,Libya,UtilizationTechFuel,Geothermal,2030,0.0
Libya,Libya,UtilizationTechFuel,Geothermal,2030,0.0
Libya,Libya,UtilizationTechFuel,Diesel,2030,0.0
Libya,Libya,UtilizationTechFuel,Diesel,2030,0.0
Libya,Libya,UtilizationTechFuel,Diesel,2030,0.0
Libya,Libya,UtilizationTechFuel,Diesel,2030,0.0
Libya,Libya,UtilizationTechFuel,Diesel,2030,0.0
Libya,Libya,UtilizationTechFuel,Diesel,2030,0.0
Libya,Libya,UtilizationTechFuel,Diesel,2030,0.0
Libya,Libya,UtilizationTechFuel,Biomass,2030,0.0
Libya,Libya,UtilizationTechFuel,Biomass,2030,0.0
Libya,Libya,UtilizationTechFuel,Biomass,2030,0.0
Libya,Libya,UtilizationTechFuel,Reservoir,2030,0.0
Libya,Libya,UtilizationTechFuel,Reservoir,2030,0.0
Libya,Libya,UtilizationTechFuel,ROR,2030,0.0
Libya,Libya,UtilizationTechFuel,CSP,2030,0.0
Libya,Libya,UtilizationTechFuel,CSP,2030,0.0
Libya,Libya,UtilizationTechFuel,Offshore Wind,2030,0.0
Libya,Libya,UtilizationTechFuel,Onshore Wind,2030,0.0
Libya,Libya,UtilizationTechFuel,Onshore Wind,2030,0.0
Libya,Libya,UtilizationTechFuel,PV,2030,0.2242617408675798
Libya,Libya,UtilizationTechFuel,PV,2030,0.0
Libya,Libya,UtilizationTechFuel,PV+Storage,2030,0.0
Libya,Libya,UtilizationTechFuel,Solar Thermal,2030,0.0
Libya,Libya,UtilizationTechFuel,Battery,2030,0.0
Libya,Libya,UtilizationTechFuel,PSH,2030,0.0
Libya,Libya,UtilizationTechFuel,PSH,2030,0.0
Libya,Libya,UtilizationTechFuel,Imports,2030,0.0
Libya,Libya,UtilizationTechFuel,Peat,2030,0.0
Libya,Libya,UtilizationTechFuel,Waste,2030,0.0
Libya,Libya,UtilizationTechFuel,Methane,2030,0.0
Libya,Libya,UtilizationTechFuel,Solar,2030,0.0
Libya,Libya,UtilizationTechFuel,Solar,2030,0.0
Libya,Libya,UtilizationTechFuel,Nuclear,2031,0.0
Libya,Libya,UtilizationTechFuel,Gas,2031,0.8499999999999999
Libya,Libya,UtilizationTechFuel,Gas,2031,0.0
Libya,Libya,UtilizationTechFuel,Gas,2031,0.0
Libya,Libya,UtilizationTechFuel,Gas,2031,0.0
Libya,Libya,UtilizationTechFuel,Gas,2031,0.0
Libya,Libya,UtilizationTechFuel,Gas,2031,0.5184674200322115
Libya,Libya,UtilizationTechFuel,Gas,2031,0.0
Libya,Libya,UtilizationTechFuel,Gas,2031,0.85
Libya,Libya,UtilizationTechFuel,Gas,2031,0.0
Libya,Libya,UtilizationTechFuel,Gas,2031,0.0
Libya,Libya,UtilizationTechFuel,Gas,2031,0.0
Libya,Libya,UtilizationTechFuel,Gas,2031,0.0
Libya,Libya,UtilizationTechFuel,Gas,2031,0.0
Libya,Libya,UtilizationTechFuel,Coal,2031,0.0
Libya,Libya,UtilizationTechFuel,Coal,2031,0.0
Libya,Libya,UtilizationTechFuel,Coal,2031,0.0
Libya,Libya,UtilizationTechFuel,Coal,2031,0.0
Libya,Libya,UtilizationTechFuel,Geothermal,2031,0.0
Libya,Libya,UtilizationTechFuel,Geothermal,2031,0.0
Libya,Libya,UtilizationTechFuel,Diesel,2031,0.0
Libya,Libya,UtilizationTechFuel,Diesel,2031,0.0
Libya,Libya,UtilizationTechFuel,Diesel,2031,0.0
Libya,Libya,UtilizationTechFuel,Diesel,2031,0.0
Libya,Libya,UtilizationTechFuel,Diesel,2031,0.0
Libya,Libya,UtilizationTechFuel,Diesel,2031,0.0
Libya,Libya,UtilizationTechFuel,Diesel,2031,0.0
Libya,Libya,UtilizationTechFuel,Biomass,2031,0.0
Libya,Libya,UtilizationTechFuel,Biomass,2031,0.0
Libya,Libya,UtilizationTechFuel,Biomass,2031,0.0
Libya,Libya,UtilizationTechFuel,Reservoir,2031,0.0
Libya,Libya,UtilizationTechFuel,Reservoir,2031,0.0
Libya,Libya,UtilizationTechFuel,ROR,2031,0.0
Libya,Libya,UtilizationTechFuel,CSP,2031,0.0
Libya,Libya,UtilizationTechFuel,CSP,2031,0.0
Libya,Libya,UtilizationTechFuel,Offshore Wind,2031,0.0
Libya,Libya,UtilizationTechFuel,Onshore Wind,2031,0.0
Libya,Libya,UtilizationTechFuel,Onshore Wind,2031,0.3043044402166667
Libya,Libya,UtilizationTechFuel,PV,2031,0.22426174086758
Libya,Libya,UtilizationTechFuel,PV,2031,0.0
Libya,Libya,UtilizationTechFuel,PV+Storage,2031,0.0
Libya,Libya,UtilizationTechFuel,Solar Thermal,2031,0.0
Libya,Libya,UtilizationTechFuel,Battery,2031,0.0
Libya,Libya,UtilizationTechFuel,PSH,2031,0.0
Libya,Libya,UtilizationTechFuel,PSH,2031,0.0
Libya,Libya,UtilizationTechFuel,Imports,2031,0.0
Libya,Libya,UtilizationTechFuel,Peat,2031,0.0
Libya,Libya,UtilizationTechFuel,Waste,2031,0.0
Libya,Libya,UtilizationTechFuel,Methane,2031,0.0
Libya,Libya,UtilizationTechFuel,Solar,2031,0.0
Libya,Libya,UtilizationTechFuel,Solar,2031,0.0
Libya,Libya,UtilizationTechFuel,Nuclear,2032,0.0
Libya,Libya,UtilizationTechFuel,Gas,2032,0.8500000000000001
Libya,Libya,UtilizationTechFuel,Gas,2032,0.0
Libya,Libya,UtilizationTechFuel,Gas,2032,0.0
Libya,Libya,UtilizationTechFuel,Gas,2032,0.0
Libya,Libya,UtilizationTechFuel,Gas,2032,0.0
Libya,Libya,UtilizationTechFuel,Gas,2032,0.471795586777434
Libya,Libya,UtilizationTechFuel,Gas,2032,0.0
Libya,Libya,UtilizationTechFuel,Gas,2032,0.85
Libya,Libya,UtilizationTechFuel,Gas,2032,0.0
Libya,Libya,UtilizationTechFuel,Gas,2032,0.0
Libya,Libya,UtilizationTechFuel,Gas,2032,0.0
Libya,Libya,UtilizationTechFuel,Gas,2032,0.0
Libya,Libya,UtilizationTechFuel,Gas,2032,0.0
Libya,Libya,UtilizationTechFuel,Coal,2032,0.0
Libya,Libya,UtilizationTechFuel,Coal,2032,0.0
Libya,Libya,UtilizationTechFuel,Coal,2032,0.0
Libya,Libya,UtilizationTechFuel,Coal,2032,0.0
Libya,Libya,UtilizationTechFuel,Geothermal,2032,0.0
Libya,Libya,UtilizationTechFuel,Geothermal,2032,0.0
Libya,Libya,UtilizationTechFuel,Diesel,2032,0.0
Libya,Libya,UtilizationTechFuel,Diesel,2032,0.0
Libya,Libya,UtilizationTechFuel,Diesel,2032,0.0
Libya,Libya,UtilizationTechFuel,Diesel,2032,0.0
Libya,Libya,UtilizationTechFuel,Diesel,2032,0.0
Libya,Libya,UtilizationTechFuel,Diesel,2032,0.0
Libya,Libya,UtilizationTechFuel,Diesel,2032,0.0
Libya,Libya,UtilizationTechFuel,Biomass,2032,0.0
Libya,Libya,UtilizationTechFuel,Biomass,2032,0.0
Libya,Libya,UtilizationTechFuel,Biomass,2032,0.0
Libya,Libya,UtilizationTechFuel,Reservoir,2032,0.0
Libya,Libya,UtilizationTechFuel,Reservoir,2032,0.0
Libya,Libya,UtilizationTechFuel,ROR,2032,0.0
Libya,Libya,UtilizationTechFuel,CSP,2032,0.0
Libya,Libya,UtilizationTechFuel,CSP,2032,0.0
Libya,Libya,UtilizationTechFuel,Offshore Wind,2032,0.0
Libya,Libya,UtilizationTechFuel,Onshore Wind,2032,0.0
Libya,Libya,UtilizationTechFuel,Onshore Wind,2032,0.3043044402166667
Libya,Libya,UtilizationTechFuel,PV,2032,0.2242617408675797
Libya,Libya,UtilizationTechFuel,PV,2032,0.0
Libya,Libya,UtilizationTechFuel,PV+Storage,2032,0.0
Libya,Libya,UtilizationTechFuel,Solar Thermal,2032,0.0
Libya,Libya,UtilizationTechFuel,Battery,2032,0.0
Libya,Libya,UtilizationTechFuel,PSH,2032,0.0
Libya,Libya,UtilizationTechFuel,PSH,2032,0.0
Libya,Libya,UtilizationTechFuel,Imports,2032,0.0
Libya,Libya,UtilizationTechFuel,Peat,2032,0.0
Libya,Libya,UtilizationTechFuel,Waste,2032,0.0
Libya,Libya,UtilizationTechFuel,Methane,2032,0.0
Libya,Libya,UtilizationTechFuel,Solar,2032,0.0
Libya,Libya,UtilizationTechFuel,Solar,2032,0.0
Libya,Libya,UtilizationTechFuel,Nuclear,2033,0.0
Libya,Libya,UtilizationTechFuel,Gas,2033,0.8500000000000003
Libya,Libya,UtilizationTechFuel,Gas,2033,0.0
Libya,Libya,UtilizationTechFuel,Gas,2033,0.0
Libya,Libya,UtilizationTechFuel,Gas,2033,0.0
Libya,Libya,UtilizationTechFuel,Gas,2033,0.0
Libya,Libya,UtilizationTechFuel,Gas,2033,0.4785231676974748
Libya,Libya,UtilizationTechFuel,Gas,2033,0.0
Libya,Libya,UtilizationTechFuel,Gas,2033,0.85
Libya,Libya,UtilizationTechFuel,Gas,2033,0.0
Libya,Libya,UtilizationTechFuel,Gas,2033,0.0
Libya,Libya,UtilizationTechFuel,Gas,2033,0.0
Libya,Libya,UtilizationTechFuel,Gas,2033,0.0
Libya,Libya,UtilizationTechFuel,Gas,2033,0.0
Libya,Libya,UtilizationTechFuel,Coal,2033,0.0
Libya,Libya,UtilizationTechFuel,Coal,2033,0.0
Libya,Libya,UtilizationTechFuel,Coal,2033,0.0
Libya,Libya,UtilizationTechFuel,Coal,2033,0.0
Libya,Libya,UtilizationTechFuel,Geothermal,2033,0.0
Libya,Libya,UtilizationTechFuel,Geothermal,2033,0.0
Libya,Libya,UtilizationTechFuel,Diesel,2033,0.0
Libya,Libya,UtilizationTechFuel,Diesel,2033,0.0
Libya,Libya,UtilizationTechFuel,Diesel,2033,0.0
Libya,Libya,UtilizationTechFuel,Diesel,2033,0.0
Libya,Libya,UtilizationTechFuel,Diesel,2033,0.0
Libya,Libya,UtilizationTechFuel,Diesel,2033,0.0
Libya,Libya,UtilizationTechFuel,Diesel,2033,0.0
Libya,Libya,UtilizationTechFuel,Biomass,2033,0.0
Libya,Libya,UtilizationTechFuel,Biomass,2033,0.0
Libya,Libya,UtilizationTechFuel,Biomass,2033,0.0
Libya,Libya,UtilizationTechFuel,Reservoir,2033,0.0
Libya,Libya,UtilizationTechFuel,Reservoir,2033,0.0
Libya,Libya,UtilizationTechFuel,ROR,2033,0.0
Libya,Libya,UtilizationTechFuel,CSP,2033,0.0
Libya,Libya,UtilizationTechFuel,CSP,2033,0.0
Libya,Libya,UtilizationTechFuel,Offshore Wind,2033,0.0
Libya,Libya,UtilizationTechFuel,Onshore Wind,2033,0.0
Libya,Libya,UtilizationTechFuel,Onshore Wind,2033,0.3043044402166666
Libya,Libya,UtilizationTechFuel,PV,2033,0.2242617408675798
Libya,Libya,UtilizationTechFuel,PV,2033,0.0
Libya,Libya,UtilizationTechFuel,PV+Storage,2033,0.0
Libya,Libya,UtilizationTechFuel,Solar Thermal,2033,0.0
Libya,Libya,UtilizationTechFuel,Battery,2033,0.0
Libya,Libya,UtilizationTechFuel,PSH,2033,0.0
Libya,Libya,UtilizationTechFuel,PSH,2033,0.0
Libya,Libya,UtilizationTechFuel,Imports,2033,0.0
Libya,Libya,UtilizationTechFuel,Peat,2033,0.0
Libya,Libya,UtilizationTechFuel,Waste,2033,0.0
Libya,Libya,UtilizationTechFuel,Methane,2033,0.0
Libya,Libya,UtilizationTechFuel,Solar,2033,0.0
Libya,Libya,UtilizationTechFuel,Solar,2033,0.0
Libya,Libya,UtilizationTechFuel,Nuclear,2034,0.0
Libya,Libya,UtilizationTechFuel,Gas,2034,0.8500000000000004
Libya,Libya,UtilizationTechFuel,Gas,2034,0.0
Libya,Libya,UtilizationTechFuel,Gas,2034,0.0
Libya,Libya,UtilizationTechFuel,Gas,2034,0.0
Libya,Libya,UtilizationTechFuel,Gas,2034,0.0
Libya,Libya,UtilizationTechFuel,Gas,2034,0.4112505866084711
Libya,Libya,UtilizationTechFuel,Gas,2034,0.0
Libya,Libya,UtilizationTechFuel,Gas,2034,0.85
Libya,Libya,UtilizationTechFuel,Gas,2034,0.0
Libya,Libya,UtilizationTechFuel,Gas,2034,0.0
Libya,Libya,UtilizationTechFuel,Gas,2034,0.0
Libya,Libya,UtilizationTechFuel,Gas,2034,0.0
Libya,Libya,UtilizationTechFuel,Gas,2034,0.0
Libya,Libya,UtilizationTechFuel,Coal,2034,0.0
Libya,Libya,UtilizationTechFuel,Coal,2034,0.0
Libya,Libya,UtilizationTechFuel,Coal,2034,0.0
Libya,Libya,UtilizationTechFuel,Coal,2034,0.0
Libya,Libya,UtilizationTechFuel,Geothermal,2034,0.0
Libya,Libya,UtilizationTechFuel,Geothermal,2034,0.0
Libya,Libya,UtilizationTechFuel,Diesel,2034,0.0
Libya,Libya,UtilizationTechFuel,Diesel,2034,0.0
Libya,Libya,UtilizationTechFuel,Diesel,2034,0.0
Libya,Libya,UtilizationTechFuel,Diesel,2034,0.0
Libya,Libya,UtilizationTechFuel,Diesel,2034,0.0
Libya,Libya,UtilizationTechFuel,Diesel,2034,0.0
Libya,Libya,UtilizationTechFuel,Diesel,2034,0.0
Libya,Libya,UtilizationTechFuel,Biomass,2034,0.0
Libya,Libya,UtilizationTechFuel,Biomass,2034,0.0
Libya,Libya,UtilizationTechFuel,Biomass,2034,0.0
Libya,Libya,UtilizationTechFuel,Reservoir,2034,0.0
Libya,Libya,UtilizationTechFuel,Reservoir,2034,0.0
Libya,Libya,UtilizationTechFuel,ROR,2034,0.0
Libya,Libya,UtilizationTechFuel,CSP,2034,0.0
Libya,Libya,UtilizationTechFuel,CSP,2034,0.0
Libya,Libya,UtilizationTechFuel,Offshore Wind,2034,0.0
Libya,Libya,UtilizationTechFuel,Onshore Wind,2034,0.0
Libya,Libya,UtilizationTechFuel,Onshore Wind,2034,0.3043044402166667
Libya,Libya,UtilizationTechFuel,PV,2034,0.2242617408675798
Libya,Libya,UtilizationTechFuel,PV,2034,0.0
Libya,Libya,UtilizationTechFuel,PV+Storage,2034,0.0
Libya,Libya,UtilizationTechFuel,Solar Thermal,2034,0.0
Libya,Libya,UtilizationTechFuel,Battery,2034,0.0
Libya,Libya,UtilizationTechFuel,PSH,2034,0.0
Libya,Libya,UtilizationTechFuel,PSH,2034,0.0
Libya,Libya,UtilizationTechFuel,Imports,2034,0.0
Libya,Libya,UtilizationTechFuel,Peat,2034,0.0
Libya,Libya,UtilizationTechFuel,Waste,2034,0.0
Libya,Libya,UtilizationTechFuel,Methane,2034,0.0
Libya,Libya,UtilizationTechFuel,Solar,2034,0.0
Libya,Libya,UtilizationTechFuel,Solar,2034,0.0
Libya,Libya,UtilizationTechFuel,Nuclear,2035,0.0
Libya,Libya,UtilizationTechFuel,Gas,2035,0.8500000000000006
Libya,Libya,UtilizationTechFuel,Gas,2035,0.0
Libya,Libya,UtilizationTechFuel,Gas,2035,0.0
Libya,Libya,UtilizationTechFuel,Gas,2035,0.0
Libya,Libya,UtilizationTechFuel,Gas,2035,0.0
Libya,Libya,UtilizationTechFuel,Gas,2035,0.4090389875137312
Libya,Libya,UtilizationTechFuel,Gas,2035,0.0
Libya,Libya,UtilizationTechFuel,Gas,2035,0.8499999999999999
Libya,Libya,UtilizationTechFuel,Gas,2035,0.0
Libya,Libya,UtilizationTechFuel,Gas,2035,0.0
Libya,Libya,UtilizationTechFuel,Gas,2035,0.0
Libya,Libya,UtilizationTechFuel,Gas,2035,0.0
Libya,Libya,UtilizationTechFuel,Gas,2035,0.0
Libya,Libya,UtilizationTechFuel,Coal,2035,0.0
Libya,Libya,UtilizationTechFuel,Coal,2035,0.0
Libya,Libya,UtilizationTechFuel,Coal,2035,0.0
Libya,Libya,UtilizationTechFuel,Coal,2035,0.0
Libya,Libya,UtilizationTechFuel,Geothermal,2035,0.0
Libya,Libya,UtilizationTechFuel,Geothermal,2035,0.0
Libya,Libya,UtilizationTechFuel,Diesel,2035,0.0
Libya,Libya,UtilizationTechFuel,Diesel,2035,0.0
Libya,Libya,UtilizationTechFuel,Diesel,2035,0.0
Libya,Libya,UtilizationTechFuel,Diesel,2035,0.0
Libya,Libya,UtilizationTechFuel,Diesel,2035,0.0
Libya,Libya,UtilizationTechFuel,Diesel,2035,0.0
Libya,Libya,UtilizationTechFuel,Diesel,2035,0.0
Libya,Libya,UtilizationTechFuel,Biomass,2035,0.0
Libya,Libya,UtilizationTechFuel,Biomass,2035,0.0
Libya,Libya,UtilizationTechFuel,Biomass,2035,0.0
Libya,Libya,UtilizationTechFuel,Reservoir,2035,0.0
Libya,Libya,UtilizationTechFuel,Reservoir,2035,0.0
Libya,Libya,UtilizationTechFuel,ROR,2035,0.0
Libya,Libya,UtilizationTechFuel,CSP,2035,0.0
Libya,Libya,UtilizationTechFuel,CSP,2035,0.0
Libya,Libya,UtilizationTechFuel,Offshore Wind,2035,0.0
Libya,Libya,UtilizationTechFuel,Onshore Wind,2035,0.0
Libya,Libya,UtilizationTechFuel,Onshore Wind,2035,0.3043044402166668
Libya,Libya,UtilizationTechFuel,PV,2035,0.22426174086758
Libya,Libya,UtilizationTechFuel,PV,2035,0.0
Libya,Libya,UtilizationTechFuel,PV+Storage,2035,0.0
Libya,Libya,UtilizationTechFuel,Solar Thermal,2035,0.0
Libya,Libya,UtilizationTechFuel,Battery,2035,0.0
Libya,Libya,UtilizationTechFuel,PSH,2035,0.0
Libya,Libya,UtilizationTechFuel,PSH,2035,0.0
Libya,Libya,UtilizationTechFuel,Imports,2035,0.0
Libya,Libya,UtilizationTechFuel,Peat,2035,0.0
Libya,Libya,UtilizationTechFuel,Waste,2035,0.0
Libya,Libya,UtilizationTechFuel,Methane,2035,0.0
Libya,Libya,UtilizationTechFuel,Solar,2035,0.0
Libya,Libya,UtilizationTechFuel,Solar,2035,0.0
Libya,Libya,UtilizationTechFuel,Nuclear,2036,0.0
Libya,Libya,UtilizationTechFuel,Gas,2036,0.8500000000000003
Libya,Libya,UtilizationTechFuel,Gas,2036,0.0
Libya,Libya,UtilizationTechFuel,Gas,2036,0.0
Libya,Libya,UtilizationTechFuel,Gas,2036,0.0
Libya,Libya,UtilizationTechFuel,Gas,2036,0.0
Libya,Libya,UtilizationTechFuel,Gas,2036,0.4210387369468544
Libya,Libya,UtilizationTechFuel,Gas,2036,0.0
Libya,Libya,UtilizationTechFuel,Gas,2036,0.85
Libya,Libya,UtilizationTechFuel,Gas,2036,0.0
Libya,Libya,UtilizationTechFuel,Gas,2036,0.0
Libya,Libya,UtilizationTechFuel,Gas,2036,0.0
Libya,Libya,UtilizationTechFuel,Gas,2036,0.0
Libya,Libya,UtilizationTechFuel,Gas,2036,0.0
Libya,Libya,UtilizationTechFuel,Coal,2036,0.0
Libya,Libya,UtilizationTechFuel,Coal,2036,0.0
Libya,Libya,UtilizationTechFuel,Coal,2036,0.0
Libya,Libya,UtilizationTechFuel,Coal,2036,0.0
Libya,Libya,UtilizationTechFuel,Geothermal,2036,0.0
Libya,Libya,UtilizationTechFuel,Geothermal,2036,0.0
Libya,Libya,UtilizationTechFuel,Diesel,2036,0.0
Libya,Libya,UtilizationTechFuel,Diesel,2036,0.0
Libya,Libya,UtilizationTechFuel,Diesel,2036,0.0
Libya,Libya,UtilizationTechFuel,Diesel,2036,0.0
Libya,Libya,UtilizationTechFuel,Diesel,2036,0.0
Libya,Libya,UtilizationTechFuel,Diesel,2036,0.0
Libya,Libya,UtilizationTechFuel,Diesel,2036,0.0
Libya,Libya,UtilizationTechFuel,Biomass,2036,0.0
Libya,Libya,UtilizationTechFuel,Biomass,2036,0.0
Libya,Libya,UtilizationTechFuel,Biomass,2036,0.0
Libya,Libya,UtilizationTechFuel,Reservoir,2036,0.0
Libya,Libya,UtilizationTechFuel,Reservoir,2036,0.0
Libya,Libya,UtilizationTechFuel,ROR,2036,0.0
Libya,Libya,UtilizationTechFuel,CSP,2036,0.0
Libya,Libya,UtilizationTechFuel,CSP,2036,0.0
Libya,Libya,UtilizationTechFuel,Offshore Wind,2036,0.0
Libya,Libya,UtilizationTechFuel,Onshore Wind,2036,0.0
Libya,Libya,UtilizationTechFuel,Onshore Wind,2036,0.3043044402166666
Libya,Libya,UtilizationTechFuel,PV,2036,0.2242617408675801
Libya,Libya,UtilizationTechFuel,PV,2036,0.0
Libya,Libya,UtilizationTechFuel,PV+Storage,2036,0.0
Libya,Libya,UtilizationTechFuel,Solar Thermal,2036,0.0
Libya,Libya,UtilizationTechFuel,Battery,2036,0.0
Libya,Libya,UtilizationTechFuel,PSH,2036,0.0
Libya,Libya,UtilizationTechFuel,PSH,2036,0.0
Libya,Libya,UtilizationTechFuel,Imports,2036,0.0
Libya,Libya,UtilizationTechFuel,Peat,2036,0.0
Libya,Libya,UtilizationTechFuel,Waste,2036,0.0
Libya,Libya,UtilizationTechFuel,Methane,2036,0.0
Libya,Libya,UtilizationTechFuel,Solar,2036,0.0
Libya,Libya,UtilizationTechFuel,Solar,2036,0.0
Libya,Libya,UtilizationTechFuel,Nuclear,2037,0.0
Libya,Libya,UtilizationTechFuel,Gas,2037,0.85
Libya,Libya,UtilizationTechFuel,Gas,2037,0.0
Libya,Libya,UtilizationTechFuel,Gas,2037,0.0
Libya,Libya,UtilizationTechFuel,Gas,2037,0.0
Libya,Libya,UtilizationTechFuel,Gas,2037,0.0
Libya,Libya,UtilizationTechFuel,Gas,2037,0.3587816647537625
Libya,Libya,UtilizationTechFuel,Gas,2037,0.0
Libya,Libya,UtilizationTechFuel,Gas,2037,0.85
Libya,Libya,UtilizationTechFuel,Gas,2037,0.0
Libya,Libya,UtilizationTechFuel,Gas,2037,0.0
Libya,Libya,UtilizationTechFuel,Gas,2037,0.0
Libya,Libya,UtilizationTechFuel,Gas,2037,0.0
Libya,Libya,UtilizationTechFuel,Gas,2037,0.0
Libya,Libya,UtilizationTechFuel,Coal,2037,0.0
Libya,Libya,UtilizationTechFuel,Coal,2037,0.0
Libya,Libya,UtilizationTechFuel,Coal,2037,0.0
Libya,Libya,UtilizationTechFuel,Coal,2037,0.0
Libya,Libya,UtilizationTechFuel,Geothermal,2037,0.0
Libya,Libya,UtilizationTechFuel,Geothermal,2037,0.0
Libya,Libya,UtilizationTechFuel,Diesel,2037,0.0
Libya,Libya,UtilizationTechFuel,Diesel,2037,0.0
Libya,Libya,UtilizationTechFuel,Diesel,2037,0.0
Libya,Libya,UtilizationTechFuel,Diesel,2037,0.0
Libya,Libya,UtilizationTechFuel,Diesel,2037,0.0
Libya,Libya,UtilizationTechFuel,Diesel,2037,0.0
Libya,Libya,UtilizationTechFuel,Diesel,2037,0.0
Libya,Libya,UtilizationTechFuel,Biomass,2037,0.0
Libya,Libya,UtilizationTechFuel,Biomass,2037,0.0
Libya,Libya,UtilizationTechFuel,Biomass,2037,0.0
Libya,Libya,UtilizationTechFuel,Reservoir,2037,0.0
Libya,Libya,UtilizationTechFuel,Reservoir,2037,0.0
Libya,Libya,UtilizationTechFuel,ROR,2037,0.0
Libya,Libya,UtilizationTechFuel,CSP,2037,0.0
Libya,Libya,UtilizationTechFuel,CSP,2037,0.0
Libya,Libya,UtilizationTechFuel,Offshore Wind,2037,0.0
Libya,Libya,UtilizationTechFuel,Onshore Wind,2037,0.0
Libya,Libya,UtilizationTechFuel,Onshore Wind,2037,0.3043044402166666
Libya,Libya,UtilizationTechFuel,PV,2037,0.2242617408675798
Libya,Libya,UtilizationTechFuel,PV,2037,0.0
Libya,Libya,UtilizationTechFuel,PV+Storage,2037,0.0
Libya,Libya,UtilizationTechFuel,Solar Thermal,2037,0.0
Libya,Libya,UtilizationTechFuel,Battery,2037,0.0
Libya,Libya,UtilizationTechFuel,PSH,2037,0.0
Libya,Libya,UtilizationTechFuel,PSH,2037,0.0
Libya,Libya,UtilizationTechFuel,Imports,2037,0.0
Libya,Libya,UtilizationTechFuel,Peat,2037,0.0
Libya,Libya,UtilizationTechFuel,Waste,2037,0.0
Libya,Libya,UtilizationTechFuel,Methane,2037,0.0
Libya,Libya,UtilizationTechFuel,Solar,2037,0.0
Libya,Libya,UtilizationTechFuel,Solar,2037,0.0
Libya,Libya,UtilizationTechFuel,Nuclear,2038,0.0
Libya,Libya,UtilizationTechFuel,Gas,2038,0.8489970292863678
Libya,Libya,UtilizationTechFuel,Gas,2038,0.0
Libya,Libya,UtilizationTechFuel,Gas,2038,0.0
Libya,Libya,UtilizationTechFuel,Gas,2038,0.0
Libya,Libya,UtilizationTechFuel,Gas,2038,0.0
Libya,Libya,UtilizationTechFuel,Gas,2038,0.2820799887034443
Libya,Libya,UtilizationTechFuel,Gas,2038,0.0
Libya,Libya,UtilizationTechFuel,Gas,2038,0.7731110467962203
Libya,Libya,UtilizationTechFuel,Gas,2038,0.0
Libya,Libya,UtilizationTechFuel,Gas,2038,0.0
Libya,Libya,UtilizationTechFuel,Gas,2038,0.0
Libya,Libya,UtilizationTechFuel,Gas,2038,0.0
Libya,Libya,UtilizationTechFuel,Gas,2038,0.0
Libya,Libya,UtilizationTechFuel,Coal,2038,0.0
Libya,Libya,UtilizationTechFuel,Coal,2038,0.0
Libya,Libya,UtilizationTechFuel,Coal,2038,0.0
Libya,Libya,UtilizationTechFuel,Coal,2038,0.0
Libya,Libya,UtilizationTechFuel,Geothermal,2038,0.0
Libya,Libya,UtilizationTechFuel,Geothermal,2038,0.0
Libya,Libya,UtilizationTechFuel,Diesel,2038,0.0
Libya,Libya,UtilizationTechFuel,Diesel,2038,0.0
Libya,Libya,UtilizationTechFuel,Diesel,2038,0.0
Libya,Libya,UtilizationTechFuel,Diesel,2038,0.0
Libya,Libya,UtilizationTechFuel,Diesel,2038,0.0
Libya,Libya,UtilizationTechFuel,Diesel,2038,0.0
Libya,Libya,UtilizationTechFuel,Diesel,2038,0.0
Libya,Libya,UtilizationTechFuel,Biomass,2038,0.0
Libya,Libya,UtilizationTechFuel,Biomass,2038,0.0
Libya,Libya,UtilizationTechFuel,Biomass,2038,0.0
Libya,Libya,UtilizationTechFuel,Reservoir,2038,0.0
Libya,Libya,UtilizationTechFuel,Reservoir,2038,0.0
Libya,Libya,UtilizationTechFuel,ROR,2038,0.0
Libya,Libya,UtilizationTechFuel,CSP,2038,0.0
Libya,Libya,UtilizationTechFuel,CSP,2038,0.0
Libya,Libya,UtilizationTechFuel,Offshore Wind,2038,0.0
Libya,Libya,UtilizationTechFuel,Onshore Wind,2038,0.0
Libya,Libya,UtilizationTechFuel,Onshore Wind,2038,0.3043044402166667
Libya,Libya,UtilizationTechFuel,PV,2038,0.22426174086758
Libya,Libya,UtilizationTechFuel,PV,2038,0.0
Libya,Libya,UtilizationTechFuel,PV+Storage,2038,0.0
Libya,Libya,UtilizationTechFuel,Solar Thermal,2038,0.0
Libya,Libya,UtilizationTechFuel,Battery,2038,0.0203518856967292
Libya,Libya,UtilizationTechFuel,PSH,2038,0.0
Libya,Libya,UtilizationTechFuel,PSH,2038,0.0
Libya,Libya,UtilizationTechFuel,Imports,2038,0.0
Libya,Libya,UtilizationTechFuel,Peat,2038,0.0
Libya,Libya,UtilizationTechFuel,Waste,2038,0.0
Libya,Libya,UtilizationTechFuel,Methane,2038,0.0
Libya,Libya,UtilizationTechFuel,Solar,2038,0.0
Libya,Libya,UtilizationTechFuel,Solar,2038,0.0
Libya,Libya,UtilizationTechFuel,Nuclear,2039,0.0
Libya,Libya,UtilizationTechFuel,Gas,2039,0.8330806588454838
Libya,Libya,UtilizationTechFuel,Gas,2039,0.0
Libya,Libya,UtilizationTechFuel,Gas,2039,0.0
Libya,Libya,UtilizationTechFuel,Gas,2039,0.0
Libya,Libya,UtilizationTechFuel,Gas,2039,0.0
Libya,Libya,UtilizationTechFuel,Gas,2039,0.2541327893244589
Libya,Libya,UtilizationTechFuel,Gas,2039,0.0
Libya,Libya,UtilizationTechFuel,Gas,2039,0.7206168207555047
Libya,Libya,UtilizationTechFuel,Gas,2039,0.0
Libya,Libya,UtilizationTechFuel,Gas,2039,0.0
Libya,Libya,UtilizationTechFuel,Gas,2039,0.0
Libya,Libya,UtilizationTechFuel,Gas,2039,0.0
Libya,Libya,UtilizationTechFuel,Gas,2039,0.0
Libya,Libya,UtilizationTechFuel,Coal,2039,0.0
Libya,Libya,UtilizationTechFuel,Coal,2039,0.0
Libya,Libya,UtilizationTechFuel,Coal,2039,0.0
Libya,Libya,UtilizationTechFuel,Coal,2039,0.0
Libya,Libya,UtilizationTechFuel,Geothermal,2039,0.0
Libya,Libya,UtilizationTechFuel,Geothermal,2039,0.0
Libya,Libya,UtilizationTechFuel,Diesel,2039,0.0
Libya,Libya,UtilizationTechFuel,Diesel,2039,0.0
Libya,Libya,UtilizationTechFuel,Diesel,2039,0.0
Libya,Libya,UtilizationTechFuel,Diesel,2039,0.0
Libya,Libya,UtilizationTechFuel,Diesel,2039,0.0
Libya,Libya,UtilizationTechFuel,Diesel,2039,0.0
Libya,Libya,UtilizationTechFuel,Diesel,2039,0.0
Libya,Libya,UtilizationTechFuel,Biomass,2039,0.0
Libya,Libya,UtilizationTechFuel,Biomass,2039,0.0
Libya,Libya,UtilizationTechFuel,Biomass,2039,0.0
Libya,Libya,UtilizationTechFuel,Reservoir,2039,0.0
Libya,Libya,UtilizationTechFuel,Reservoir,2039,0.0
Libya,Libya,UtilizationTechFuel,ROR,2039,0.0
Libya,Libya,UtilizationTechFuel,CSP,2039,0.0
Libya,Libya,UtilizationTechFuel,CSP,2039,0.0
Libya,Libya,UtilizationTechFuel,Offshore Wind,2039,0.0
Libya,Libya,UtilizationTechFuel,Onshore Wind,2039,0.0
Libya,Libya,UtilizationTechFuel,Onshore Wind,2039,0.3043044402166667
Libya,Libya,UtilizationTechFuel,PV,2039,0.2242617408675798
Libya,Libya,UtilizationTechFuel,PV,2039,0.0
Libya,Libya,UtilizationTechFuel,PV+Storage,2039,0.0
Libya,Libya,UtilizationTechFuel,Solar Thermal,2039,0.0
Libya,Libya,UtilizationTechFuel,Battery,2039,0.0878696288909087
Libya,Libya,UtilizationTechFuel,PSH,2039,0.0
Libya,Libya,UtilizationTechFuel,PSH,2039,0.0
Libya,Libya,UtilizationTechFuel,Imports,2039,0.0
Libya,Libya,UtilizationTechFuel,Peat,2039,0.0
Libya,Libya,UtilizationTechFuel,Waste,2039,0.0
Libya,Libya,UtilizationTechFuel,Methane,2039,0.0
Libya,Libya,UtilizationTechFuel,Solar,2039,0.0
Libya,Libya,UtilizationTechFuel,Solar,2039,0.0
Libya,Libya,UtilizationTechFuel,Nuclear,2040,0.0
Libya,Libya,UtilizationTechFuel,Gas,2040,0.797171779604817
Libya,Libya,UtilizationTechFuel,Gas,2040,0.0
Libya,Libya,UtilizationTechFuel,Gas,2040,0.0
Libya,Libya,UtilizationTechFuel,Gas,2040,0.0
Libya,Libya,UtilizationTechFuel,Gas,2040,0.0
Libya,Libya,UtilizationTechFuel,Gas,2040,0.1922915220760841
Libya,Libya,UtilizationTechFuel,Gas,2040,0.0
Libya,Libya,UtilizationTechFuel,Gas,2040,0.664855092382305
Libya,Libya,UtilizationTechFuel,Gas,2040,0.0
Libya,Libya,UtilizationTechFuel,Gas,2040,0.0
Libya,Libya,UtilizationTechFuel,Gas,2040,0.0
Libya,Libya,UtilizationTechFuel,Gas,2040,0.0
Libya,Libya,UtilizationTechFuel,Gas,2040,0.0
Libya,Libya,UtilizationTechFuel,Coal,2040,0.0
Libya,Libya,UtilizationTechFuel,Coal,2040,0.0
Libya,Libya,UtilizationTechFuel,Coal,2040,0.0
Libya,Libya,UtilizationTechFuel,Coal,2040,0.0
Libya,Libya,UtilizationTechFuel,Geothermal,2040,0.0
Libya,Libya,UtilizationTechFuel,Geothermal,2040,0.0
Libya,Libya,UtilizationTechFuel,Diesel,2040,0.0
Libya,Libya,UtilizationTechFuel,Diesel,2040,0.0
Libya,Libya,UtilizationTechFuel,Diesel,2040,0.0
Libya,Libya,UtilizationTechFuel,Diesel,2040,0.0
Libya,Libya,UtilizationTechFuel,Diesel,2040,0.0
Libya,Libya,UtilizationTechFuel,Diesel,2040,0.0
Libya,Libya,UtilizationTechFuel,Diesel,2040,0.0
Libya,Libya,UtilizationTechFuel,Biomass,2040,0.0
Libya,Libya,UtilizationTechFuel,Biomass,2040,0.0
Libya,Libya,UtilizationTechFuel,Biomass,2040,0.0
Libya,Libya,UtilizationTechFuel,Reservoir,2040,0.0
Libya,Libya,UtilizationTechFuel,Reservoir,2040,0.0
Libya,Libya,UtilizationTechFuel,ROR,2040,0.0
Libya,Libya,UtilizationTechFuel,CSP,2040,0.0
Libya,Libya,UtilizationTechFuel,CSP,2040,0.0
Libya,Libya,UtilizationTechFuel,Offshore Wind,2040,0.0
Libya,Libya,UtilizationTechFuel,Onshore Wind,2040,0.0
Libya,Libya,UtilizationTechFuel,Onshore Wind,2040,0.3043044402166668
Libya,Libya,UtilizationTechFuel,PV,2040,0.2242206989150049
Libya,Libya,UtilizationTechFuel,PV,2040,0.0
Libya,Libya,UtilizationTechFuel,PV+Storage,2040,0.0
Libya,Libya,UtilizationTechFuel,Solar Thermal,2040,0.0
Libya,Libya,UtilizationTechFuel,Battery,2040,0.1200216891067784
Libya,Libya,UtilizationTechFuel,PSH,2040,0.0
Libya,Libya,UtilizationTechFuel,PSH,2040,0.0
Libya,Libya,UtilizationTechFuel,Imports,2040,0.0
Libya,Libya,UtilizationTechFuel,Peat,2040,0.0
Libya,Libya,UtilizationTechFuel,Waste,2040,0.0
Libya,Libya,UtilizationTechFuel,Methane,2040,0.0
Libya,Libya,UtilizationTechFuel,Solar,2040,0.0
Libya,Libya,UtilizationTechFuel,Solar,2040,0.0
Libya,Libya,UtilizationTechFuel,Nuclear,2041,0.0
Libya,Libya,UtilizationTechFuel,Gas,2041,0.7892830542449528
Libya,Libya,UtilizationTechFuel,Gas,2041,0.0
Libya,Libya,UtilizationTechFuel,Gas,2041,0.0
Libya,Libya,UtilizationTechFuel,Gas,2041,0.0
Libya,Libya,UtilizationTechFuel,Gas,2041,0.0
Libya,Libya,UtilizationTechFuel,Gas,2041,0.3233594347359285
Libya,Libya,UtilizationTechFuel,Gas,2041,0.0
Libya,Libya,UtilizationTechFuel,Gas,2041,0.6835414009463878
Libya,Libya,UtilizationTechFuel,Gas,2041,0.0
Libya,Libya,UtilizationTechFuel,Gas,2041,0.0
Libya,Libya,UtilizationTechFuel,Gas,2041,0.0
Libya,Libya,UtilizationTechFuel,Gas,2041,0.0
Libya,Libya,UtilizationTechFuel,Gas,2041,0.0
Libya,Libya,UtilizationTechFuel,Coal,2041,0.0
Libya,Libya,UtilizationTechFuel,Coal,2041,0.0
Libya,Libya,UtilizationTechFuel,Coal,2041,0.0
Libya,Libya,UtilizationTechFuel,Coal,2041,0.0
Libya,Libya,UtilizationTechFuel,Geothermal,2041,0.0
Libya,Libya,UtilizationTechFuel,Geothermal,2041,0.0
Libya,Libya,UtilizationTechFuel,Diesel,2041,0.0
Libya,Libya,UtilizationTechFuel,Diesel,2041,0.0
Libya,Libya,UtilizationTechFuel,Diesel,2041,0.0
Libya,Libya,UtilizationTechFuel,Diesel,2041,0.0
Libya,Libya,UtilizationTechFuel,Diesel,2041,0.0
Libya,Libya,UtilizationTechFuel,Diesel,2041,0.0058926360220935
Libya,Libya,UtilizationTechFuel,Diesel,2041,0.0
Libya,Libya,UtilizationTechFuel,Biomass,2041,0.0
Libya,Libya,UtilizationTechFuel,Biomass,2041,0.0
Libya,Libya,UtilizationTechFuel,Biomass,2041,0.0
Libya,Libya,UtilizationTechFuel,Reservoir,2041,0.0
Libya,Libya,UtilizationTechFuel,Reservoir,2041,0.0
Libya,Libya,UtilizationTechFuel,ROR,2041,0.0
Libya,Libya,UtilizationTechFuel,CSP,2041,0.0
Libya,Libya,UtilizationTechFuel,CSP,2041,0.0
Libya,Libya,UtilizationTechFuel,Offshore Wind,2041,0.0
Libya,Libya,UtilizationTechFuel,Onshore Wind,2041,0.0
Libya,Libya,UtilizationTechFuel,Onshore Wind,2041,0.3043044402166665
Libya,Libya,UtilizationTechFuel,PV,2041,0.2230892988202729
Libya,Libya,UtilizationTechFuel,PV,2041,0.0
Libya,Libya,UtilizationTechFuel,PV+Storage,2041,0.0
Libya,Libya,UtilizationTechFuel,Solar Thermal,2041,0.0
Libya,Libya,UtilizationTechFuel,Battery,2041,0.1550845815657927
Libya,Libya,UtilizationTechFuel,PSH,2041,0.0
Libya,Libya,UtilizationTechFuel,PSH,2041,0.0
Libya,Libya,UtilizationTechFuel,Imports,2041,0.0
Libya,Libya,UtilizationTechFuel,Peat,2041,0.0
Libya,Libya,UtilizationTechFuel,Waste,2041,0.0
Libya,Libya,UtilizationTechFuel,Methane,2041,0.0
Libya,Libya,UtilizationTechFuel,Solar,2041,0.0
Libya,Libya,UtilizationTechFuel,Solar,2041,0.0
Libya,Libya,UtilizationTechFuel,Nuclear,2042,0.0
Libya,Libya,UtilizationTechFuel,Gas,2042,0.7572935786858891
Libya,Libya,UtilizationTechFuel,Gas,2042,0.0
Libya,Libya,UtilizationTechFuel,Gas,2042,0.0
Libya,Libya,UtilizationTechFuel,Gas,2042,0.0
Libya,Libya,UtilizationTechFuel,Gas,2042,0.0
Libya,Libya,UtilizationTechFuel,Gas,2042,0.2598741157404405
Libya,Libya,UtilizationTechFuel,Gas,2042,0.0
Libya,Libya,UtilizationTechFuel,Gas,2042,0.6622685680982775
Libya,Libya,UtilizationTechFuel,Gas,2042,0.0
Libya,Libya,UtilizationTechFuel,Gas,2042,0.0
Libya,Libya,UtilizationTechFuel,Gas,2042,0.0
Libya,Libya,UtilizationTechFuel,Gas,2042,0.0
Libya,Libya,UtilizationTechFuel,Gas,2042,0.0
Libya,Libya,UtilizationTechFuel,Coal,2042,0.0
Libya,Libya,UtilizationTechFuel,Coal,2042,0.0
Libya,Libya,UtilizationTechFuel,Coal,2042,0.0
Libya,Libya,UtilizationTechFuel,Coal,2042,0.0
Libya,Libya,UtilizationTechFuel,Geothermal,2042,0.0
Libya,Libya,UtilizationTechFuel,Geothermal,2042,0.0
Libya,Libya,UtilizationTechFuel,Diesel,2042,0.0
Libya,Libya,UtilizationTechFuel,Diesel,2042,0.0
Libya,Libya,UtilizationTechFuel,Diesel,2042,0.0
Libya,Libya,UtilizationTechFuel,Diesel,2042,0.0
Libya,Libya,UtilizationTechFuel,Diesel,2042,0.0
Libya,Libya,UtilizationTechFuel,Diesel,2042,0.000834115755975
Libya,Libya,UtilizationTechFuel,Diesel,2042,0.0
Libya,Libya,UtilizationTechFuel,Biomass,2042,0.0
Libya,Libya,UtilizationTechFuel,Biomass,2042,0.0
Libya,Libya,UtilizationTechFuel,Biomass,2042,0.0
Libya,Libya,UtilizationTechFuel,Reservoir,2042,0.0
Libya,Libya,UtilizationTechFuel,Reservoir,2042,0.0
Libya,Libya,UtilizationTechFuel,ROR,2042,0.0
Libya,Libya,UtilizationTechFuel,CSP,2042,0.0
Libya,Libya,UtilizationTechFuel,CSP,2042,0.0
Libya,Libya,UtilizationTechFuel,Offshore Wind,2042,0.0
Libya,Libya,UtilizationTechFuel,Onshore Wind,2042,0.0
Libya,Libya,UtilizationTechFuel,Onshore Wind,2042,0.3043044402166666
Libya,Libya,UtilizationTechFuel,PV,2042,0.2208971211571399
Libya,Libya,UtilizationTechFuel,PV,2042,0.0
Libya,Libya,UtilizationTechFuel,PV+Storage,2042,0.0
Libya,Libya,UtilizationTechFuel,Solar Thermal,2042,0.0
Libya,Libya,UtilizationTechFuel,Battery,2042,0.1658380151223559
Libya,Libya,UtilizationTechFuel,PSH,2042,0.0
Libya,Libya,UtilizationTechFuel,PSH,2042,0.0
Libya,Libya,UtilizationTechFuel,Imports,2042,0.0
Libya,Libya,UtilizationTechFuel,Peat,2042,0.0
Libya,Libya,UtilizationTechFuel,Waste,2042,0.0
Libya,Libya,UtilizationTechFuel,Methane,2042,0.0
Libya,Libya,UtilizationTechFuel,Solar,2042,0.0
Libya,Libya,UtilizationTechFuel,Solar,2042,0.0
Libya,Libya,UtilizationTechFuel,Nuclear,2043,0.0
Libya,Libya,UtilizationTechFuel,Gas,2043,0.7364164929957409
Libya,Libya,UtilizationTechFuel,Gas,2043,0.0
Libya,Libya,UtilizationTechFuel,Gas,2043,0.0
Libya,Libya,UtilizationTechFuel,Gas,2043,0.0
Libya,Libya,UtilizationTechFuel,Gas,2043,0.0
Libya,Libya,UtilizationTechFuel,Gas,2043,0.2347317800568076
Libya,Libya,UtilizationTechFuel,Gas,2043,0.0
Libya,Libya,UtilizationTechFuel,Gas,2043,0.6572663116192542
Libya,Libya,UtilizationTechFuel,Gas,2043,0.0
Libya,Libya,UtilizationTechFuel,Gas,2043,0.0
Libya,Libya,UtilizationTechFuel,Gas,2043,0.0
Libya,Libya,UtilizationTechFuel,Gas,2043,0.0
Libya,Libya,UtilizationTechFuel,Gas,2043,0.0
Libya,Libya,UtilizationTechFuel,Coal,2043,0.0
Libya,Libya,UtilizationTechFuel,Coal,2043,0.0
Libya,Libya,UtilizationTechFuel,Coal,2043,0.0
Libya,Libya,UtilizationTechFuel,Coal,2043,0.0
Libya,Libya,UtilizationTechFuel,Geothermal,2043,0.0
Libya,Libya,UtilizationTechFuel,Geothermal,2043,0.0
Libya,Libya,UtilizationTechFuel,Diesel,2043,0.0
Libya,Libya,UtilizationTechFuel,Diesel,2043,0.0
Libya,Libya,UtilizationTechFuel,Diesel,2043,0.0
Libya,Libya,UtilizationTechFuel,Diesel,2043,0.0
Libya,Libya,UtilizationTechFuel,Diesel,2043,0.0
Libya,Libya,UtilizationTechFuel,Diesel,2043,0.0
Libya,Libya,UtilizationTechFuel,Diesel,2043,0.0
Libya,Libya,UtilizationTechFuel,Biomass,2043,0.0
Libya,Libya,UtilizationTechFuel,Biomass,2043,0.0
Libya,Libya,UtilizationTechFuel,Biomass,2043,0.0
Libya,Libya,UtilizationTechFuel,Reservoir,2043,0.0
Libya,Libya,UtilizationTechFuel,Reservoir,2043,0.0
Libya,Libya,UtilizationTechFuel,ROR,2043,0.0
Libya,Libya,UtilizationTechFuel,CSP,2043,0.0
Libya,Libya,UtilizationTechFuel,CSP,2043,0.0
Libya,Libya,UtilizationTechFuel,Offshore Wind,2043,0.0
Libya,Libya,UtilizationTechFuel,Onshore Wind,2043,0.0
Libya,Libya,UtilizationTechFuel,Onshore Wind,2043,0.3028357238065069
Libya,Libya,UtilizationTechFuel,PV,2043,0.2178565964021845
Libya,Libya,UtilizationTechFuel,PV,2043,0.0
Libya,Libya,UtilizationTechFuel,PV+Storage,2043,0.0
Libya,Libya,UtilizationTechFuel,Solar Thermal,2043,0.0
Libya,Libya,UtilizationTechFuel,Battery,2043,0.1676837602667963
Libya,Libya,UtilizationTechFuel,PSH,2043,0.0
Libya,Libya,UtilizationTechFuel,PSH,2043,0.0
Libya,Libya,UtilizationTechFuel,Imports,2043,0.0
Libya,Libya,UtilizationTechFuel,Peat,2043,0.0
Libya,Libya,UtilizationTechFuel,Waste,2043,0.0
Libya,Libya,UtilizationTechFuel,Methane,2043,0.0
Libya,Libya,UtilizationTechFuel,Solar,2043,0.0
Libya,Libya,UtilizationTechFuel,Solar,2043,0.0
Libya,Libya,UtilizationTechFuel,Nuclear,2044,0.0
Libya,Libya,UtilizationTechFuel,Gas,2044,0.7121184017346186
Libya,Libya,UtilizationTechFuel,Gas,2044,0.0
Libya,Libya,UtilizationTechFuel,Gas,2044,0.0
Libya,Libya,UtilizationTechFuel,Gas,2044,0.0
Libya,Libya,UtilizationTechFuel,Gas,2044,0.0
Libya,Libya,UtilizationTechFuel,Gas,2044,0.1886335941316288
Libya,Libya,UtilizationTechFuel,Gas,2044,0.0
Libya,Libya,UtilizationTechFuel,Gas,2044,0.6230873133768974
Libya,Libya,UtilizationTechFuel,Gas,2044,0.0
Libya,Libya,UtilizationTechFuel,Gas,2044,0.0
Libya,Libya,UtilizationTechFuel,Gas,2044,0.0
Libya,Libya,UtilizationTechFuel,Gas,2044,0.0
Libya,Libya,UtilizationTechFuel,Gas,2044,0.0
Libya,Libya,UtilizationTechFuel,Coal,2044,0.0
Libya,Libya,UtilizationTechFuel,Coal,2044,0.0
Libya,Libya,UtilizationTechFuel,Coal,2044,0.0
Libya,Libya,UtilizationTechFuel,Coal,2044,0.0
Libya,Libya,UtilizationTechFuel,Geothermal,2044,0.0
Libya,Libya,UtilizationTechFuel,Geothermal,2044,0.0
Libya,Libya,UtilizationTechFuel,Diesel,2044,0.0
Libya,Libya,UtilizationTechFuel,Diesel,2044,0.0
Libya,Libya,UtilizationTechFuel,Diesel,2044,0.0
Libya,Libya,UtilizationTechFuel,Diesel,2044,0.0
Libya,Libya,UtilizationTechFuel,Diesel,2044,0.0
Libya,Libya,UtilizationTechFuel,Diesel,2044,0.0
Libya,Libya,UtilizationTechFuel,Diesel,2044,0.0
Libya,Libya,UtilizationTechFuel,Biomass,2044,0.0
Libya,Libya,UtilizationTechFuel,Biomass,2044,0.0
Libya,Libya,UtilizationTechFuel,Biomass,2044,0.0
Libya,Libya,UtilizationTechFuel,Reservoir,2044,0.0
Libya,Libya,UtilizationTechFuel,Reservoir,2044,0.0
Libya,Libya,UtilizationTechFuel,ROR,2044,0.0
Libya,Libya,UtilizationTechFuel,CSP,2044,0.0
Libya,Libya,UtilizationTechFuel,CSP,2044,0.0
Libya,Libya,UtilizationTechFuel,Offshore Wind,2044,0.0
Libya,Libya,UtilizationTechFuel,Onshore Wind,2044,0.0
Libya,Libya,UtilizationTechFuel,Onshore Wind,2044,0.2980510748372146
Libya,Libya,UtilizationTechFuel,PV,2044,0.2150108094238358
Libya,Libya,UtilizationTechFuel,PV,2044,0.0
Libya,Libya,UtilizationTechFuel,PV+Storage,2044,0.0
Libya,Libya,UtilizationTechFuel,Solar Thermal,2044,0.0
Libya,Libya,UtilizationTechFuel,Battery,2044,0.16809935468663
Libya,Libya,UtilizationTechFuel,PSH,2044,0.0
Libya,Libya,UtilizationTechFuel,PSH,2044,0.0
Libya,Libya,UtilizationTechFuel,Imports,2044,0.0
Libya,Libya,UtilizationTechFuel,Peat,2044,0.0
Libya,Libya,UtilizationTechFuel,Waste,2044,0.0
Libya,Libya,UtilizationTechFuel,Methane,2044,0.0
Libya,Libya,UtilizationTechFuel,Solar,2044,0.0
Libya,Libya,UtilizationTechFuel,Solar,2044,0.0
Libya,Libya,UtilizationTechFuel,Nuclear,2045,0.0
Libya,Libya,UtilizationTechFuel,Gas,2045,0.6896426826812014
Libya,Libya,UtilizationTechFuel,Gas,2045,0.0
Libya,Libya,UtilizationTechFuel,Gas,2045,0.0
Libya,Libya,UtilizationTechFuel,Gas,2045,0.0
Libya,Libya,UtilizationTechFuel,Gas,2045,0.0
Libya,Libya,UtilizationTechFuel,Gas,2045,0.1885303793610528
Libya,Libya,UtilizationTechFuel,Gas,2045,0.0
Libya,Libya,UtilizationTechFuel,Gas,2045,0.6074363278626078
Libya,Libya,UtilizationTechFuel,Gas,2045,0.0
Libya,Libya,UtilizationTechFuel,Gas,2045,0.0
Libya,Libya,UtilizationTechFuel,Gas,2045,0.0
Libya,Libya,UtilizationTechFuel,Gas,2045,0.0
Libya,Libya,UtilizationTechFuel,Gas,2045,0.0
Libya,Libya,UtilizationTechFuel,Coal,2045,0.0
Libya,Libya,UtilizationTechFuel,Coal,2045,0.0
Libya,Libya,UtilizationTechFuel,Coal,2045,0.0
Libya,Libya,UtilizationTechFuel,Coal,2045,0.0
Libya,Libya,UtilizationTechFuel,Geothermal,2045,0.0
Libya,Libya,UtilizationTechFuel,Geothermal,2045,0.0
Libya,Libya,UtilizationTechFuel,Diesel,2045,0.0
Libya,Libya,UtilizationTechFuel,Diesel,2045,0.0
Libya,Libya,UtilizationTechFuel,Diesel,2045,0.0
Libya,Libya,UtilizationTechFuel,Diesel,2045,0.0
Libya,Libya,UtilizationTechFuel,Diesel,2045,0.0
Libya,Libya,UtilizationTechFuel,Diesel,2045,0.005662100456621
Libya,Libya,UtilizationTechFuel,Diesel,2045,0.0
Libya,Libya,UtilizationTechFuel,Biomass,2045,0.0
Libya,Libya,UtilizationTechFuel,Biomass,2045,0.0
Libya,Libya,UtilizationTechFuel,Biomass,2045,0.0
Libya,Libya,UtilizationTechFuel,Reservoir,2045,0.0
Libya,Libya,UtilizationTechFuel,Reservoir,2045,0.0
Libya,Libya,UtilizationTechFuel,ROR,2045,0.0
Libya,Libya,UtilizationTechFuel,CSP,2045,0.0
Libya,Libya,UtilizationTechFuel,CSP,2045,0.0
Libya,Libya,UtilizationTechFuel,Offshore Wind,2045,0.0
Libya,Libya,UtilizationTechFuel,Onshore Wind,2045,0.0
Libya,Libya,UtilizationTechFuel,Onshore Wind,2045,0.2903355703575343
Libya,Libya,UtilizationTechFuel,PV,2045,0.2104939840862106
Libya,Libya,UtilizationTechFuel,PV,2045,0.0
Libya,Libya,UtilizationTechFuel,PV+Storage,2045,0.0
Libya,Libya,UtilizationTechFuel,Solar Thermal,2045,0.0
Libya,Libya,UtilizationTechFuel,Battery,2045,0.1721415312947217
Libya,Libya,UtilizationTechFuel,PSH,2045,0.0
Libya,Libya,UtilizationTechFuel,PSH,2045,0.0
Libya,Libya,UtilizationTechFuel,Imports,2045,0.0
Libya,Libya,UtilizationTechFuel,Peat,2045,0.0
Libya,Libya,UtilizationTechFuel,Waste,2045,0.0
Libya,Libya,UtilizationTechFuel,Methane,2045,0.0
Libya,Libya,UtilizationTechFuel,Solar,2045,0.0
Libya,Libya,UtilizationTechFuel,Solar,2045,0.0
Libya,Libya,UtilizationTechFuel,Nuclear,2046,0.0
Libya,Libya,UtilizationTechFuel,Gas,2046,0.6638310077407109
Libya,Libya,UtilizationTechFuel,Gas,2046,0.0
Libya,Libya,UtilizationTechFuel,Gas,2046,0.0
Libya,Libya,UtilizationTechFuel,Gas,2046,0.0
Libya,Libya,UtilizationTechFuel,Gas,2046,0.0
Libya,Libya,UtilizationTechFuel,Gas,2046,0.1218244536973112
Libya,Libya,UtilizationTechFuel,Gas,2046,0.0
Libya,Libya,UtilizationTechFuel,Gas,2046,0.5639344737248535
Libya,Libya,UtilizationTechFuel,Gas,2046,0.0
Libya,Libya,UtilizationTechFuel,Gas,2046,0.0
Libya,Libya,UtilizationTechFuel,Gas,2046,0.0
Libya,Libya,UtilizationTechFuel,Gas,2046,0.0
Libya,Libya,UtilizationTechFuel,Gas,2046,0.0
Libya,Libya,UtilizationTechFuel,Coal,2046,0.0
Libya,Libya,UtilizationTechFuel,Coal,2046,0.0
Libya,Libya,UtilizationTechFuel,Coal,2046,0.0
Libya,Libya,UtilizationTechFuel,Coal,2046,0.0
Libya,Libya,UtilizationTechFuel,Geothermal,2046,0.0
Libya,Libya,UtilizationTechFuel,Geothermal,2046,0.0
Libya,Libya,UtilizationTechFuel,Diesel,2046,0.0
Libya,Libya,UtilizationTechFuel,Diesel,2046,0.0
Libya,Libya,UtilizationTechFuel,Diesel,2046,0.0
Libya,Libya,UtilizationTechFuel,Diesel,2046,0.0
Libya,Libya,UtilizationTechFuel,Diesel,2046,0.0
Libya,Libya,UtilizationTechFuel,Diesel,2046,0.0
Libya,Libya,UtilizationTechFuel,Diesel,2046,0.0
Libya,Libya,UtilizationTechFuel,Biomass,2046,0.0
Libya,Libya,UtilizationTechFuel,Biomass,2046,0.0
Libya,Libya,UtilizationTechFuel,Biomass,2046,0.0
Libya,Libya,UtilizationTechFuel,Reservoir,2046,0.0
Libya,Libya,UtilizationTechFuel,Reservoir,2046,0.0
Libya,Libya,UtilizationTechFuel,ROR,2046,0.0
Libya,Libya,UtilizationTechFuel,CSP,2046,0.0
Libya,Libya,UtilizationTechFuel,CSP,2046,0.0
Libya,Libya,UtilizationTechFuel,Offshore Wind,2046,0.0
Libya,Libya,UtilizationTechFuel,Onshore Wind,2046,0.0
Libya,Libya,UtilizationTechFuel,Onshore Wind,2046,0.2796328029668951
Libya,Libya,UtilizationTechFuel,PV,2046,0.2064889099990171
Libya,Libya,UtilizationTechFuel,PV,2046,0.0
Libya,Libya,UtilizationTechFuel,PV+Storage,2046,0.0
Libya,Libya,UtilizationTechFuel,Solar Thermal,2046,0.0
Libya,Libya,UtilizationTechFuel,Battery,2046,0.1696064129889549
Libya,Libya,UtilizationTechFuel,PSH,2046,0.0
Libya,Libya,UtilizationTechFuel,PSH,2046,0.0
Libya,Libya,UtilizationTechFuel,Imports,2046,0.0
Libya,Libya,UtilizationTechFuel,Peat,2046,0.0
Libya,Libya,UtilizationTechFuel,Waste,2046,0.0
Libya,Libya,UtilizationTechFuel,Methane,2046,0.0
Libya,Libya,UtilizationTechFuel,Solar,2046,0.0
Libya,Libya,UtilizationTechFuel,Solar,2046,0.0
Libya,Libya,UtilizationTechFuel,Nuclear,2047,0.0
Libya,Libya,UtilizationTechFuel,Gas,2047,0.647875534880943
Libya,Libya,UtilizationTechFuel,Gas,2047,0.0
Libya,Libya,UtilizationTechFuel,Gas,2047,0.0
Libya,Libya,UtilizationTechFuel,Gas,2047,0.0
Libya,Libya,UtilizationTechFuel,Gas,2047,0.0
Libya,Libya,UtilizationTechFuel,Gas,2047,0.12168390212664
Libya,Libya,UtilizationTechFuel,Gas,2047,0.0
Libya,Libya,UtilizationTechFuel,Gas,2047,0.5135597756700914
Libya,Libya,UtilizationTechFuel,Gas,2047,0.0
Libya,Libya,UtilizationTechFuel,Gas,2047,0.0
Libya,Libya,UtilizationTechFuel,Gas,2047,0.0
Libya,Libya,UtilizationTechFuel,Gas,2047,0.0
Libya,Libya,UtilizationTechFuel,Gas,2047,0.0
Libya,Libya,UtilizationTechFuel,Coal,2047,0.0
Libya,Libya,UtilizationTechFuel,Coal,2047,0.0
Libya,Libya,UtilizationTechFuel,Coal,2047,0.0
Libya,Libya,UtilizationTechFuel,Coal,2047,0.0
Libya,Libya,UtilizationTechFuel,Geothermal,2047,0.0
Libya,Libya,UtilizationTechFuel,Geothermal,2047,0.0
Libya,Libya,UtilizationTechFuel,Diesel,2047,0.0
Libya,Libya,UtilizationTechFuel,Diesel,2047,0.0
Libya,Libya,UtilizationTechFuel,Diesel,2047,0.0
Libya,Libya,UtilizationTechFuel,Diesel,2047,0.0
Libya,Libya,UtilizationTechFuel,Diesel,2047,0.0
Libya,Libya,UtilizationTechFuel,Diesel,2047,0.017725758023846
Libya,Libya,UtilizationTechFuel,Diesel,2047,0.0
Libya,Libya,UtilizationTechFuel,Biomass,2047,0.0
Libya,Libya,UtilizationTechFuel,Biomass,2047,0.0
Libya,Libya,UtilizationTechFuel,Biomass,2047,0.0
Libya,Libya,UtilizationTechFuel,Reservoir,2047,0.0
Libya,Libya,UtilizationTechFuel,Reservoir,2047,0.0
Libya,Libya,UtilizationTechFuel,ROR,2047,0.0
Libya,Libya,UtilizationTechFuel,CSP,2047,0.0
Libya,Libya,UtilizationTechFuel,CSP,2047,0.0
Libya,Libya,UtilizationTechFuel,Offshore Wind,2047,0.0
Libya,Libya,UtilizationTechFuel,Onshore Wind,2047,0.0
Libya,Libya,UtilizationTechFuel,Onshore Wind,2047,0.2781361657189499
Libya,Libya,UtilizationTechFuel,PV,2047,0.2000262367566083
Libya,Libya,UtilizationTechFuel,PV,2047,0.0
Libya,Libya,UtilizationTechFuel,PV+Storage,2047,0.0
Libya,Libya,UtilizationTechFuel,Solar Thermal,2047,0.0
Libya,Libya,UtilizationTechFuel,Battery,2047,0.171738484473928
Libya,Libya,UtilizationTechFuel,PSH,2047,0.0
Libya,Libya,UtilizationTechFuel,PSH,2047,0.0
Libya,Libya,UtilizationTechFuel,Imports,2047,0.0
Libya,Libya,UtilizationTechFuel,Peat,2047,0.0
Libya,Libya,UtilizationTechFuel,Waste,2047,0.0
Libya,Libya,UtilizationTechFuel,Methane,2047,0.0
Libya,Libya,UtilizationTechFuel,Solar,2047,0.0
Libya,Libya,UtilizationTechFuel,Solar,2047,0.0
Libya,Libya,UtilizationTechFuel,Nuclear,2048,0.0
Libya,Libya,UtilizationTechFuel,Gas,2048,0.626362319605051
Libya,Libya,UtilizationTechFuel,Gas,2048,0.0
Libya,Libya,UtilizationTechFuel,Gas,2048,0.0
Libya,Libya,UtilizationTechFuel,Gas,2048,0.0
Libya,Libya,UtilizationTechFuel,Gas,2048,0.0
Libya,Libya,UtilizationTechFuel,Gas,2048,0.0735722379023024
Libya,Libya,UtilizationTechFuel,Gas,2048,0.0
Libya,Libya,UtilizationTechFuel,Gas,2048,0.3765955781622561
Libya,Libya,UtilizationTechFuel,Gas,2048,0.0
Libya,Libya,UtilizationTechFuel,Gas,2048,0.0
Libya,Libya,UtilizationTechFuel,Gas,2048,0.0
Libya,Libya,UtilizationTechFuel,Gas,2048,0.0
Libya,Libya,UtilizationTechFuel,Gas,2048,0.0
Libya,Libya,UtilizationTechFuel,Coal,2048,0.0
Libya,Libya,UtilizationTechFuel,Coal,2048,0.0
Libya,Libya,UtilizationTechFuel,Coal,2048,0.0
Libya,Libya,UtilizationTechFuel,Coal,2048,0.0
Libya,Libya,UtilizationTechFuel,Geothermal,2048,0.0
Libya,Libya,UtilizationTechFuel,Geothermal,2048,0.0
Libya,Libya,UtilizationTechFuel,Diesel,2048,0.0
Libya,Libya,UtilizationTechFuel,Diesel,2048,0.0
Libya,Libya,UtilizationTechFuel,Diesel,2048,0.0
Libya,Libya,UtilizationTechFuel,Diesel,2048,0.0
Libya,Libya,UtilizationTechFuel,Diesel,2048,0.0
Libya,Libya,UtilizationTechFuel,Diesel,2048,0.005662100456621
Libya,Libya,UtilizationTechFuel,Diesel,2048,0.0
Libya,Libya,UtilizationTechFuel,Biomass,2048,0.0
Libya,Libya,UtilizationTechFuel,Biomass,2048,0.0
Libya,Libya,UtilizationTechFuel,Biomass,2048,0.0
Libya,Libya,UtilizationTechFuel,Reservoir,2048,0.0
Libya,Libya,UtilizationTechFuel,Reservoir,2048,0.0
Libya,Libya,UtilizationTechFuel,ROR,2048,0.0
Libya,Libya,UtilizationTechFuel,CSP,2048,0.0
Libya,Libya,UtilizationTechFuel,CSP,2048,0.0
Libya,Libya,UtilizationTechFuel,Offshore Wind,2048,0.0
Libya,Libya,UtilizationTechFuel,Onshore Wind,2048,0.0
Libya,Libya,UtilizationTechFuel,Onshore Wind,2048,0.2711619543330356
Libya,Libya,UtilizationTechFuel,PV,2048,0.1972384309311073
Libya,Libya,UtilizationTechFuel,PV,2048,0.0
Libya,Libya,UtilizationTechFuel,PV+Storage,2048,0.0
Libya,Libya,UtilizationTechFuel,Solar Thermal,2048,0.0
Libya,Libya,UtilizationTechFuel,Battery,2048,0.1743459803587587
Libya,Libya,UtilizationTechFuel,PSH,2048,0.0
Libya,Libya,UtilizationTechFuel,PSH,2048,0.0
Libya,Libya,UtilizationTechFuel,Imports,2048,0.0
Libya,Libya,UtilizationTechFuel,Peat,2048,0.0
Libya,Libya,UtilizationTechFuel,Waste,2048,0.0
Libya,Libya,UtilizationTechFuel,Methane,2048,0.0
Libya,Libya,UtilizationTechFuel,Solar,2048,0.0
Libya,Libya,UtilizationTechFuel,Solar,2048,0.0
Libya,Libya,UtilizationTechFuel,Nuclear,2049,0.0
Libya,Libya,UtilizationTechFuel,Gas,2049,0.6150186902838598
Libya,Libya,UtilizationTechFuel,Gas,2049,0.0
Libya,Libya,UtilizationTechFuel,Gas,2049,0.0
Libya,Libya,UtilizationTechFuel,Gas,2049,0.0
Libya,Libya,UtilizationTechFuel,Gas,2049,0.0
Libya,Libya,UtilizationTechFuel,Gas,2049,0.0618891110795164
Libya,Libya,UtilizationTechFuel,Gas,2049,0.0
Libya,Libya,UtilizationTechFuel,Gas,2049,0.3010582131800654
Libya,Libya,UtilizationTechFuel,Gas,2049,0.0
Libya,Libya,UtilizationTechFuel,Gas,2049,0.0
Libya,Libya,UtilizationTechFuel,Gas,2049,0.0
Libya,Libya,UtilizationTechFuel,Gas,2049,0.0
Libya,Libya,UtilizationTechFuel,Gas,2049,0.0
Libya,Libya,UtilizationTechFuel,Coal,2049,0.0
Libya,Libya,UtilizationTechFuel,Coal,2049,0.0
Libya,Libya,UtilizationTechFuel,Coal,2049,0.0
Libya,Libya,UtilizationTechFuel,Coal,2049,0.0
Libya,Libya,UtilizationTechFuel,Geothermal,2049,0.0
Libya,Libya,UtilizationTechFuel,Geothermal,2049,0.0
Libya,Libya,UtilizationTechFuel,Diesel,2049,0.0
Libya,Libya,UtilizationTechFuel,Diesel,2049,0.0
Libya,Libya,UtilizationTechFuel,Diesel,2049,0.0
Libya,Libya,UtilizationTechFuel,Diesel,2049,0.0
Libya,Libya,UtilizationTechFuel,Diesel,2049,0.0
Libya,Libya,UtilizationTechFuel,Diesel,2049,0.00412009541259
Libya,Libya,UtilizationTechFuel,Diesel,2049,0.0
Libya,Libya,UtilizationTechFuel,Biomass,2049,0.0
Libya,Libya,UtilizationTechFuel,Biomass,2049,0.0
Libya,Libya,UtilizationTechFuel,Biomass,2049,0.0
Libya,Libya,UtilizationTechFuel,Reservoir,2049,0.0
Libya,Libya,UtilizationTechFuel,Reservoir,2049,0.0
Libya,Libya,UtilizationTechFuel,ROR,2049,0.0
Libya,Libya,UtilizationTechFuel,CSP,2049,0.0
Libya,Libya,UtilizationTechFuel,CSP,2049,0.0
Libya,Libya,UtilizationTechFuel,Offshore Wind,2049,0.0
Libya,Libya,UtilizationTechFuel,Onshore Wind,2049,0.0
Libya,Libya,UtilizationTechFuel,Onshore Wind,2049,0.272235738229967
Libya,Libya,UtilizationTechFuel,PV,2049,0.198361451582198
Libya,Libya,UtilizationTechFuel,PV,2049,0.0
Libya,Libya,UtilizationTechFuel,PV+Storage,2049,0.0
Libya,Libya,UtilizationTechFuel,Solar Thermal,2049,0.0
Libya,Libya,UtilizationTechFuel,Battery,2049,0.1830412328720141
Libya,Libya,UtilizationTechFuel,PSH,2049,0.0
Libya,Libya,UtilizationTechFuel,PSH,2049,0.0
Libya,Libya,UtilizationTechFuel,Imports,2049,0.0
Libya,Libya,UtilizationTechFuel,Peat,2049,0.0
Libya,Libya,UtilizationTechFuel,Waste,2049,0.0
Libya,Libya,UtilizationTechFuel,Methane,2049,0.0
Libya,Libya,UtilizationTechFuel,Solar,2049,0.0
Libya,Libya,UtilizationTechFuel,Solar,2049,0.0
Libya,Libya,UtilizationTechFuel,Nuclear,2050,0.0
Libya,Libya,UtilizationTechFuel,Gas,2050,0.5972110440103879
Libya,Libya,UtilizationTechFuel,Gas,2050,0.0
Libya,Libya,UtilizationTechFuel,Gas,2050,0.0
Libya,Libya,UtilizationTechFuel,Gas,2050,0.0
Libya,Libya,UtilizationTechFuel,Gas,2050,0.0
Libya,Libya,UtilizationTechFuel,Gas,2050,0.0501406231390839
Libya,Libya,UtilizationTechFuel,Gas,2050,0.0
Libya,Libya,UtilizationTechFuel,Gas,2050,0.236932160965076
Libya,Libya,UtilizationTechFuel,Gas,2050,0.0
Libya,Libya,UtilizationTechFuel,Gas,2050,0.0
Libya,Libya,UtilizationTechFuel,Gas,2050,0.0
Libya,Libya,UtilizationTechFuel,Gas,2050,0.0
Libya,Libya,UtilizationTechFuel,Gas,2050,0.0
Libya,Libya,UtilizationTechFuel,Coal,2050,0.0
Libya,Libya,UtilizationTechFuel,Coal,2050,0.0
Libya,Libya,UtilizationTechFuel,Coal,2050,0.0
Libya,Libya,UtilizationTechFuel,Coal,2050,0.0
Libya,Libya,UtilizationTechFuel,Geothermal,2050,0.0
Libya,Libya,UtilizationTechFuel,Geothermal,2050,0.0
Libya,Libya,UtilizationTechFuel,Diesel,2050,0.0
Libya,Libya,UtilizationTechFuel,Diesel,2050,0.0
Libya,Libya,UtilizationTechFuel,Diesel,2050,0.0
Libya,Libya,UtilizationTechFuel,Diesel,2050,0.0
Libya,Libya,UtilizationTechFuel,Diesel,2050,0.0
Libya,Libya,UtilizationTechFuel,Diesel,2050,0.0
Libya,Libya,UtilizationTechFuel,Diesel,2050,0.0
Libya,Libya,UtilizationTechFuel,Biomass,2050,0.0
Libya,Libya,UtilizationTechFuel,Biomass,2050,0.0
Libya,Libya,UtilizationTechFuel,Biomass,2050,0.0
Libya,Libya,UtilizationTechFuel,Reservoir,2050,0.0
Libya,Libya,UtilizationTechFuel,Reservoir,2050,0.0
Libya,Libya,UtilizationTechFuel,ROR,2050,0.0
Libya,Libya,UtilizationTechFuel,CSP,2050,0.0
Libya,Libya,UtilizationTechFuel,CSP,2050,0.0
Libya,Libya,UtilizationTechFuel,Offshore Wind,2050,0.0
Libya,Libya,UtilizationTechFuel,Onshore Wind,2050,0.0
Libya,Libya,UtilizationTechFuel,Onshore Wind,2050,0.2727306042411354
Libya,Libya,UtilizationTechFuel,PV,2050,0.1987845463942206
Libya,Libya,UtilizationTechFuel,PV,2050,0.0
Libya,Libya,UtilizationTechFuel,PV+Storage,2050,0.0
Libya,Libya,UtilizationTechFuel,Solar Thermal,2050,0.0
Libya,Libya,UtilizationTechFuel,Battery,2050,0.1755585175578933
Libya,Libya,UtilizationTechFuel,PSH,2050,0.0
Libya,Libya,UtilizationTechFuel,PSH,2050,0.0
Libya,Libya,UtilizationTechFuel,Imports,2050,0.0
Libya,Libya,UtilizationTechFuel,Peat,2050,0.0
Libya,Libya,UtilizationTechFuel,Waste,2050,0.0
Libya,Libya,UtilizationTechFuel,Methane,2050,0.0
Libya,Libya,UtilizationTechFuel,Solar,2050,0.0
Libya,Libya,UtilizationTechFuel,Solar,2050,0.0
Libya,Libya,CapexInvestmentComponent,,2028,1247931429.024
Libya,Libya,CapexInvestmentComponent,,2029,676882857.316
Libya,Libya,CapexInvestmentComponent,,2030,665131428.456
Libya,Libya,CapexInvestmentComponent,,2031,1161481428.456
Libya,Libya,CapexInvestmentComponent,,2032,1143180000.0
Libya,Libya,CapexInvestmentComponent,,2033,1128630000.0
Libya,Libya,CapexInvestmentComponent,,2034,1384480000.0
Libya,Libya,CapexInvestmentComponent,,2035,2203207143.064
Libya,Libya,CapexInvestmentComponent,,2036,2171207143.064
Libya,Libya,CapexInvestmentComponent,,2037,2132657143.064
Libya,Libya,CapexInvestmentComponent,,2038,2144511081.5822127
Libya,Libya,CapexInvestmentComponent,,2039,2435803739.604
Libya,Libya,CapexInvestmentComponent,,2040,2380428980.044
Libya,Libya,CapexInvestmentComponent,,2041,2332681431.175
Libya,Libya,CapexInvestmentComponent,,2042,2286266881.1990004
Libya,Libya,CapexInvestmentComponent,,2043,2241144355.374
Libya,Libya,CapexInvestmentComponent,,2044,1936301032.787
Libya,Libya,CapexInvestmentComponent,,2045,1893360216.457
Libya,Libya,CapexInvestmentComponent,,2046,1853890893.7820003
Libya,Libya,CapexInvestmentComponent,,2047,1814411098.493
Libya,Libya,CapexInvestmentComponent,,2048,1628381887.8793583
Libya,Libya,CapexInvestmentComponent,,2049,1123627491.50526
Libya,Libya,CapexInvestmentComponent,,2050,799552441.7075636
Libya,Libya,CapexInvestmentComponentCumulated,,2028,1247931429.024
Libya,Libya,CapexInvestmentComponentCumulated,,2029,1924814286.34
Libya,Libya,CapexInvestmentComponentCumulated,,2030,2589945714.796
Libya,Libya,CapexInvestmentComponentCumulated,,2031,3751427143.252
Libya,Libya,CapexInvestmentComponentCumulated,,2032,4894607143.252
Libya,Libya,CapexInvestmentComponentCumulated,,2033,6023237143.252
Libya,Libya,CapexInvestmentComponentCumulated,,2034,7407717143.252
Libya,Libya,CapexInvestmentComponentCumulated,,2035,9610924286.316
Libya,Libya,CapexInvestmentComponentCumulated,,2036,11782131429.38
Libya,Libya,CapexInvestmentComponentCumulated,,2037,13914788572.444
Libya,Libya,CapexInvestmentComponentCumulated,,2038,16059299654.026213
Libya,Libya,CapexInvestmentComponentCumulated,,2039,18495103393.63021
Libya,Libya,CapexInvestmentComponentCumulated,,2040,20875532373.674213
Libya,Libya,CapexInvestmentComponentCumulated,,2041,23208213804.849213
Libya,Libya,CapexInvestmentComponentCumulated,,2042,25494480686.04821
Libya,Libya,CapexInvestmentComponentCumulated,,2043,27735625041.42221
Libya,Libya,CapexInvestmentComponentCumulated,,2044,29671926074.209213
Libya,Libya,CapexInvestmentComponentCumulated,,2045,31565286290.66621
Libya,Libya,CapexInvestmentComponentCumulated,,2046,33419177184.44821
Libya,Libya,CapexInvestmentComponentCumulated,,2047,35233588282.941216
Libya,Libya,CapexInvestmentComponentCumulated,,2048,36861970170.82057
Libya,Libya,CapexInvestmentComponentCumulated,,2049,37985597662.32584
Libya,Libya,CapexInvestmentComponentCumulated,,2050,38785150104.033394
Libya,Libya,Costs,,2026,6735.584050152254
Libya,Libya,Costs,,2027,8327.475768668954
Libya,Libya,Costs,,2028,8679.501813386645
Libya,Libya,Costs,,2029,9110.66336545179
Libya,Libya,Costs,,2030,9383.753679925478
Libya,Libya,Costs,,2031,9614.32949539442
Libya,Libya,Costs,,2032,9716.384485167062
Libya,Libya,Costs,,2033,9927.281141781768
Libya,Libya,Costs,,2034,10009.869976924658
Libya,Libya,Costs,,2035,9815.808907479804
Libya,Libya,Costs,,2036,9806.410701235664
Libya,Libya,Costs,,2037,9510.29800704227
Libya,Libya,Costs,,2038,9352.254465924296
Libya,Libya,Costs,,2039,9131.827340041791
Libya,Libya,Costs,,2040,8877.124634007569
Libya,Libya,Costs,,2041,9280.033701536277
Libya,Libya,Costs,,2042,9094.607645099532
Libya,Libya,Costs,,2043,8944.265628608664
Libya,Libya,Costs,,2044,8780.963258975582
Libya,Libya,Costs,,2045,8570.686081956064
Libya,Libya,Costs,,2046,8193.246051729144
Libya,Libya,Costs,,2047,8042.411893545815
Libya,Libya,Costs,,2048,7736.665863563267
Libya,Libya,Costs,,2049,7623.032342060058
Libya,Libya,Costs,,2050,7464.972709512014
Libya,Libya,CostsPerMWh,,2026,105.77568469726208
Libya,Libya,CostsPerMWh,,2027,123.5713869812874
Libya,Libya,CostsPerMWh,,2028,121.70141918431035
Libya,Libya,CostsPerMWh,,2029,120.672636266067
Libya,Libya,CostsPerMWh,,2030,118.2026487954638
Libya,Libya,CostsPerMWh,,2031,115.57907164111384
Libya,Libya,CostsPerMWh,,2032,111.78794363845304
Libya,Libya,CostsPerMWh,,2033,109.6186164371565
Libya,Libya,CostsPerMWh,,2034,106.39516567382344
Libya,Libya,CostsPerMWh,,2035,100.72351705416769
Libya,Libya,CostsPerMWh,,2036,97.90843260451553
Libya,Libya,CostsPerMWh,,2037,92.42361934559396
Libya,Libya,CostsPerMWh,,2038,87.08115185642339
Libya,Libya,CostsPerMWh,,2039,82.56625081412112
Libya,Libya,CostsPerMWh,,2040,78.236677689222
Libya,Libya,CostsPerMWh,,2041,79.77746382119149
Libya,Libya,CostsPerMWh,,2042,75.74295127173309
Libya,Libya,CostsPerMWh,,2043,72.68333329493949
Libya,Libya,CostsPerMWh,,2044,69.69018459504433
Libya,Libya,CostsPerMWh,,2045,67.80552433885852
Libya,Libya,CostsPerMWh,,2046,64.61499555783584
Libya,Libya,CostsPerMWh,,2047,63.22601153721913
Libya,Libya,CostsPerMWh,,2048,60.63122728141618
Libya,Libya,CostsPerMWh,,2049,59.55400964094368
Libya,Libya,CostsPerMWh,,2050,58.13751117203787
Libya,Libya,DemandEnergyZone,,2026,63678.000000000015
Libya,Libya,DemandEnergyZone,,2027,67389.99999999997
Libya,Libya,DemandEnergyZone,,2028,71317.99999999999
Libya,Libya,DemandEnergyZone,,2029,75498.99999999999
Libya,Libya,DemandEnergyZone,,2030,79386.99999999994
Libya,Libya,DemandEnergyZone,,2031,83184.00000000004
Libya,Libya,DemandEnergyZone,,2032,86918.0
Libya,Libya,DemandEnergyZone,,2033,90562.00000000004
Libya,Libya,DemandEnergyZone,,2034,94082.0
Libya,Libya,DemandEnergyZone,,2035,97453.0
Libya,Libya,DemandEnergyZone,,2036,100158.99999999993
Libya,Libya,DemandEnergyZone,,2037,102898.99999999996
Libya,Libya,DemandEnergyZone,,2038,107396.99999999994
Libya,Libya,DemandEnergyZone,,2039,110600.0
Libya,Libya,DemandEnergyZone,,2040,113464.99999999993
Libya,Libya,DemandEnergyZone,,2041,116324.0
Libya,Libya,DemandEnergyZone,,2042,120071.99999999994
Libya,Libya,DemandEnergyZone,,2043,123058.0
Libya,Libya,DemandEnergyZone,,2044,125999.99999999996
Libya,Libya,DemandEnergyZone,,2045,126401.00000000012
Libya,Libya,DemandEnergyZone,,2046,126801.00000000004
Libya,Libya,DemandEnergyZone,,2047,127201.00000000006
Libya,Libya,DemandEnergyZone,,2048,127602.0
Libya,Libya,DemandEnergyZone,,2049,128001.99999999977
Libya,Libya,DemandEnergyZone,,2050,128402.00000000012
Libya,Libya,DemandPeakZone,,2026,9386.70412
Libya,Libya,DemandPeakZone,,2027,9934.0188
Libya,Libya,DemandPeakZone,,2028,10513.0743
Libya,Libya,DemandPeakZone,,2029,11129.01778
Libya,Libya,DemandPeakZone,,2030,11702.06826
Libya,Libya,DemandPeakZone,,2031,12262.25084
Libya,Libya,DemandPeakZone,,2032,12812.1391
Libya,Libya,DemandPeakZone,,2033,13349.15946
Libya,Libya,DemandPeakZone,,2034,13868.16476
Libya,Libya,DemandPeakZone,,2035,14365.72356
Libya,Libya,DemandPeakZone,,2036,14763.7706
Libya,Libya,DemandPeakZone,,2037,15167.82266
Libya,Libya,DemandPeakZone,,2038,15830.948439999998
Libya,Libya,DemandPeakZone,,2039,16303.6293
Libya,Libya,DemandPeakZone,,2040,16725.69642
Libya,Libya,DemandPeakZone,,2041,17146.90568
Libya,Libya,DemandPeakZone,,2042,17699.36752
Libya,Libya,DemandPeakZone,,2043,18139.4497
Libya,Libya,DemandPeakZone,,2044,18573.52686
Libya,Libya,DemandPeakZone,,2045,18632.7192
Libya,Libya,DemandPeakZone,,2046,18691.05368
Libya,Libya,DemandPeakZone,,2047,18750.24602
Libya,Libya,DemandPeakZone,,2048,18809.43836
Libya,Libya,DemandPeakZone,,2049,18868.6307
Libya,Libya,DemandPeakZone,,2050,18927.82304
Libya,Libya,EmissionsIntensityZone,,2026,4.909974094482359e-07
Libya,Libya,EmissionsIntensityZone,,2027,4.941775549084438e-07
Libya,Libya,EmissionsIntensityZone,,2028,4.875778306046748e-07
Libya,Libya,EmissionsIntensityZone,,2029,4.81425977281817e-07
Libya,Libya,EmissionsIntensityZone,,2030,4.728072987753377e-07
Libya,Libya,EmissionsIntensityZone,,2031,4.595410789472241e-07
Libya,Libya,EmissionsIntensityZone,,2032,4.43612439556373e-07
Libya,Libya,EmissionsIntensityZone,,2033,4.332063828793339e-07
Libya,Libya,EmissionsIntensityZone,,2034,4.187301061453092e-07
Libya,Libya,EmissionsIntensityZone,,2035,3.941190063699527e-07
Libya,Libya,EmissionsIntensityZone,,2036,3.747250338794623e-07
Libya,Libya,EmissionsIntensityZone,,2037,3.528249713618952e-07
Libya,Libya,EmissionsIntensityZone,,2038,3.279271762669728e-07
Libya,Libya,EmissionsIntensityZone,,2039,3.099475608227249e-07
Libya,Libya,EmissionsIntensityZone,,2040,2.846229530731352e-07
Libya,Libya,EmissionsIntensityZone,,2041,2.825269893632961e-07
Libya,Libya,EmissionsIntensityZone,,2042,2.622476216591962e-07
Libya,Libya,EmissionsIntensityZone,,2043,2.511590132745178e-07
Libya,Libya,EmissionsIntensityZone,,2044,2.3414199511507706e-07
Libya,Libya,EmissionsIntensityZone,,2045,2.235121807169827e-07
Libya,Libya,EmissionsIntensityZone,,2046,2.0576468570246217e-07
Libya,Libya,EmissionsIntensityZone,,2047,1.97926499299657e-07
Libya,Libya,EmissionsIntensityZone,,2048,1.826315638792524e-07
Libya,Libya,EmissionsIntensityZone,,2049,1.7682480478574434e-07
Libya,Libya,EmissionsIntensityZone,,2050,1.6721465936452834e-07
Libya,Libya,EmissionsZone,,2026,30.571111233010846
Libya,Libya,EmissionsZone,,2027,33.30262542528001
Libya,Libya,EmissionsZone,,2028,33.70528027403995
Libya,Libya,EmissionsZone,,2029,36.34717985879989
Libya,Libya,EmissionsZone,,2030,36.499305043559744
Libya,Libya,EmissionsZone,,2031,38.22646511114591
Libya,Libya,EmissionsZone,,2032,37.58639477873238
Libya,Libya,EmissionsZone,,2033,39.23203644631824
Libya,Libya,EmissionsZone,,2034,38.47794691390474
Libya,Libya,EmissionsZone,,2035,38.408079527771
Libya,Libya,EmissionsZone,,2036,36.71143684413703
Libya,Libya,EmissionsZone,,2037,36.30533672816764
Libya,Libya,EmissionsZone,,2038,34.51530355364594
Libya,Libya,EmissionsZone,,2039,34.43822115090911
Libya,Libya,EmissionsZone,,2040,32.115709989615624
Libya,Libya,EmissionsZone,,2041,33.570451487363286
Libya,Libya,EmissionsZone,,2042,31.93462497636876
Libya,Libya,EmissionsZone,,2043,32.01955470331127
Libya,Libya,EmissionsZone,,2044,30.351149086361808
Libya,Libya,EmissionsZone,,2045,29.66498341270644
Libya,Libya,EmissionsZone,,2046,27.23562735453697
Libya,Libya,EmissionsZone,,2047,26.774925959444943
Libya,Libya,EmissionsZone,,2048,24.71593290438871
Libya,Libya,EmissionsZone,,2049,24.489534599328863
Libya,Libya,EmissionsZone,,2050,23.106872671173704
Libya,Libya,GenCostsPerMWh,,2026,105.99626082760982
Libya,Libya,GenCostsPerMWh,,2027,123.57138698128736
Libya,Libya,GenCostsPerMWh,,2028,123.69585141155696
Libya,Libya,GenCostsPerMWh,,2029,122.57384457858294
Libya,Libya,GenCostsPerMWh,,2030,121.19912663365626
Libya,Libya,GenCostsPerMWh,,2031,118.94228976002452
Libya,Libya,GenCostsPerMWh,,2032,116.3689318413188
Libya,Libya,GenCostsPerMWh,,2033,114.56723885769765
Libya,Libya,GenCostsPerMWh,,2034,112.5127812419956
Libya,Libya,GenCostsPerMWh,,2035,108.07734157700776
Libya,Libya,GenCostsPerMWh,,2036,105.27186898444192
Libya,Libya,GenCostsPerMWh,,2037,101.47763875593688
Libya,Libya,GenCostsPerMWh,,2038,97.33303611864709
Libya,Libya,GenCostsPerMWh,,2039,94.7123527626126
Libya,Libya,GenCostsPerMWh,,2040,90.91219838439972
Libya,Libya,GenCostsPerMWh,,2041,91.07267940835744
Libya,Libya,GenCostsPerMWh,,2042,87.98017925301168
Libya,Libya,GenCostsPerMWh,,2043,86.41076556179252
Libya,Libya,GenCostsPerMWh,,2044,83.8306379829603
Libya,Libya,GenCostsPerMWh,,2045,82.29035944134813
Libya,Libya,GenCostsPerMWh,,2046,79.95523241710835
Libya,Libya,GenCostsPerMWh,,2047,78.95972637129685
Libya,Libya,GenCostsPerMWh,,2048,76.92193303379783
Libya,Libya,GenCostsPerMWh,,2049,75.9538334373045
Libya,Libya,GenCostsPerMWh,,2050,74.58302629509419
