country,zone,attribute,resolution,year,NoTransmission,TransmissionOptimal,baseline
Benin,Benin,Annual Energy Exchanges: GWh,Nigeria,2026,2445.4,2445.4,2445.4
Benin,Benin,Annual Energy Exchanges: GWh,Nigeria,2027,2127.8,2127.8,2127.8
Benin,Benin,Annual Energy Exchanges: GWh,Nigeria,2028,2053.5,2053.5,2053.5
Benin,Benin,Annual Energy Exchanges: GWh,Nigeria,2029,1505.4,1505.4,1505.4
Benin,Benin,Annual Energy Exchanges: GWh,Nigeria,2030,2835.8,2835.8,2835.8
Benin,Benin,Annual Energy Exchanges: GWh,Nigeria,2031,2888.3,2888.3,2888.3
Benin,Benin,Annual Energy Exchanges: GWh,Nigeria,2032,2806.2,2806.2,2806.2
Benin,Benin,Annual Energy Exchanges: GWh,Nigeria,2033,2104.9,2104.9,2104.9
Benin,Benin,Annual Energy Exchanges: GWh,Nigeria,2034,2202.9,2202.9,2202.9
Benin,Benin,Annual Energy Exchanges: GWh,Nigeria,2035,2309.0,2309.0,2309.0
Benin,Benin,Annual Energy Exchanges: GWh,Nigeria,2040,2360.0,2360.0,2360.0
Benin,Benin,Annual Energy Exchanges: GWh,Nigeria,2045,2476.2,2476.2,2476.2
Benin,Benin,Annual Energy Exchanges: GWh,Nigeria,2050,2300.1,2300.1,2300.1
Benin,Benin,Annual Energy Exchanges: GWh,Togo,2027,56.4,56.4,56.4
Benin,Benin,Annual Energy Exchanges: GWh,Togo,2028,86.5,86.5,86.5
Benin,Benin,Annual Energy Exchanges: GWh,Togo,2029,158.2,158.2,158.2
Benin,Benin,Annual Energy Exchanges: GWh,Togo,2030,72.3,72.3,72.3
Benin,Benin,Annual Energy Exchanges: GWh,Togo,2031,105.6,105.6,105.6
Benin,Benin,Annual Energy Exchanges: GWh,Togo,2032,192.2,192.2,192.2
Benin,Benin,Annual Energy Exchanges: GWh,Togo,2033,872.2,872.2,872.2
Benin,Benin,Annual Energy Exchanges: GWh,Togo,2034,901.3,901.3,901.3
Benin,Benin,Annual Energy Exchanges: GWh,Togo,2035,893.3,893.3,893.3
Benin,Benin,Annual Energy Exchanges: GWh,Togo,2040,1272.2,1272.2,1272.2
Benin,Benin,Annual Energy Exchanges: GWh,Togo,2045,1260.8,1260.8,1260.8
Benin,Benin,Annual Energy Exchanges: GWh,Togo,2050,621.3,621.3,621.3
Benin,Benin,Capacity: MW,Battery,2027,15.6,15.6,15.6
Benin,Benin,Capacity: MW,Battery,2028,22.1,22.1,22.1
Benin,Benin,Capacity: MW,Battery,2029,36.6,36.6,36.6
Benin,Benin,Capacity: MW,Battery,2030,60.4,60.4,60.4
Benin,Benin,Capacity: MW,Battery,2031,120.0,120.0,120.0
Benin,Benin,Capacity: MW,Battery,2032,193.6,193.6,193.6
Benin,Benin,Capacity: MW,Battery,2033,258.1,258.1,258.1
Benin,Benin,Capacity: MW,Battery,2034,404.0,404.0,404.0
Benin,Benin,Capacity: MW,Battery,2035,404.0,404.0,404.0
Benin,Benin,Capacity: MW,Battery,2040,1036.5,1036.5,1036.5
Benin,Benin,Capacity: MW,Battery,2045,1700.5,1700.5,1700.5
Benin,Benin,Capacity: MW,Battery,2050,2638.4,2638.4,2638.4
Benin,Benin,Capacity: MW,Diesel,2026,137.0,137.0,137.0
Benin,Benin,Capacity: MW,Diesel,2027,137.0,137.0,137.0
Benin,Benin,Capacity: MW,Diesel,2028,137.0,137.0,137.0
Benin,Benin,Capacity: MW,Diesel,2029,137.0,137.0,137.0
Benin,Benin,Capacity: MW,Diesel,2030,24.1,24.1,24.1
Benin,Benin,Capacity: MW,Gas,2027,42.0,42.0,42.0
Benin,Benin,Capacity: MW,Gas,2028,42.0,42.0,42.0
Benin,Benin,Capacity: MW,Gas,2029,42.0,42.0,42.0
Benin,Benin,Capacity: MW,Gas,2030,292.0,292.0,292.0
Benin,Benin,Capacity: MW,Gas,2031,292.0,292.0,292.0
Benin,Benin,Capacity: MW,Gas,2032,292.0,292.0,292.0
Benin,Benin,Capacity: MW,Gas,2033,292.0,292.0,292.0
Benin,Benin,Capacity: MW,Gas,2034,292.0,292.0,292.0
Benin,Benin,Capacity: MW,Gas,2035,292.0,292.0,292.0
Benin,Benin,Capacity: MW,Gas,2040,292.0,292.0,292.0
Benin,Benin,Capacity: MW,Gas,2045,292.0,292.0,292.0
Benin,Benin,Capacity: MW,Gas,2050,292.0,292.0,292.0
Benin,Benin,Capacity: MW,PV,2026,87.0,87.0,87.0
Benin,Benin,Capacity: MW,PV,2027,137.0,137.0,137.0
Benin,Benin,Capacity: MW,PV,2028,362.0,362.0,362.0
Benin,Benin,Capacity: MW,PV,2029,512.0,512.0,512.0
Benin,Benin,Capacity: MW,PV,2030,762.0,762.0,762.0
Benin,Benin,Capacity: MW,PV,2031,1012.0,1012.0,1012.0
Benin,Benin,Capacity: MW,PV,2032,1262.0,1262.0,1262.0
Benin,Benin,Capacity: MW,PV,2033,1512.0,1512.0,1512.0
Benin,Benin,Capacity: MW,PV,2034,1762.0,1762.0,1762.0
Benin,Benin,Capacity: MW,PV,2035,2012.0,2012.0,2012.0
Benin,Benin,Capacity: MW,PV,2040,3262.0,3262.0,3262.0
Benin,Benin,Capacity: MW,PV,2045,4500.0,4500.0,4500.0
Benin,Benin,Capacity: MW,PV,2050,5725.0,5725.0,5725.0
Benin,Benin,Capacity: MW,Reservoir,2030,463.0,463.0,463.0
Benin,Benin,Capacity: MW,Reservoir,2031,463.0,463.0,463.0
Benin,Benin,Capacity: MW,Reservoir,2032,463.0,463.0,463.0
Benin,Benin,Capacity: MW,Reservoir,2033,463.0,463.0,463.0
Benin,Benin,Capacity: MW,Reservoir,2034,463.0,463.0,463.0
Benin,Benin,Capacity: MW,Reservoir,2035,463.0,463.0,463.0
Benin,Benin,Capacity: MW,Reservoir,2040,463.0,463.0,463.0
Benin,Benin,Capacity: MW,Reservoir,2045,463.0,463.0,463.0
Benin,Benin,Capacity: MW,Reservoir,2050,707.9,707.9,707.9
Benin,Benin,Demand: GWh,,2026,2294.4,2294.4,2294.4
Benin,Benin,Demand: GWh,,2027,2454.9,2454.9,2454.9
Benin,Benin,Demand: GWh,,2028,2624.1,2624.1,2624.1
Benin,Benin,Demand: GWh,,2029,2814.9,2814.9,2814.9
Benin,Benin,Demand: GWh,,2030,3049.1,3049.1,3049.1
Benin,Benin,Demand: GWh,,2031,3226.9,3226.9,3226.9
Benin,Benin,Demand: GWh,,2032,3413.4,3413.4,3413.4
Benin,Benin,Demand: GWh,,2033,3578.3,3578.3,3578.3
Benin,Benin,Demand: GWh,,2034,3738.7,3738.7,3738.7
Benin,Benin,Demand: GWh,,2035,3907.9,3907.9,3907.9
Benin,Benin,Demand: GWh,,2040,4740.7,4740.7,4740.7
Benin,Benin,Demand: GWh,,2045,5635.7,5635.7,5635.7
Benin,Benin,Demand: GWh,,2050,6583.5,6583.5,6583.5
Benin,Benin,Emissions: MtCO2,,2026,0.8,0.8,0.8
Benin,Benin,Emissions: MtCO2,,2027,0.9,0.9,0.9
Benin,Benin,Emissions: MtCO2,,2028,0.9,0.9,0.9
Benin,Benin,Emissions: MtCO2,,2029,0.9,0.9,0.9
Benin,Benin,Emissions: MtCO2,,2030,0.8,0.8,0.8
Benin,Benin,Emissions: MtCO2,,2031,0.8,0.8,0.8
Benin,Benin,Emissions: MtCO2,,2032,0.8,0.8,0.8
Benin,Benin,Emissions: MtCO2,,2033,0.6,0.6,0.6
Benin,Benin,Emissions: MtCO2,,2034,0.6,0.6,0.6
Benin,Benin,Emissions: MtCO2,,2035,0.6,0.6,0.6
Benin,Benin,Emissions: MtCO2,,2040,0.5,0.5,0.5
Benin,Benin,Emissions: MtCO2,,2045,0.3,0.3,0.3
Benin,Benin,Emissions: MtCO2,,2050,0.0,0.0,0.0
Benin,Benin,Energy: GWh,Battery,2027,2.8,2.8,2.8
Benin,Benin,Energy: GWh,Battery,2028,4.0,4.0,4.0
Benin,Benin,Energy: GWh,Battery,2029,6.7,6.7,6.7
Benin,Benin,Energy: GWh,Battery,2030,19.3,19.3,19.3
Benin,Benin,Energy: GWh,Battery,2031,172.5,172.5,172.5
Benin,Benin,Energy: GWh,Battery,2032,217.8,217.8,217.8
Benin,Benin,Energy: GWh,Battery,2033,165.0,165.0,165.0
Benin,Benin,Energy: GWh,Battery,2034,349.9,349.9,349.9
Benin,Benin,Energy: GWh,Battery,2035,419.2,419.2,419.2
Benin,Benin,Energy: GWh,Battery,2040,1217.5,1217.5,1217.5
Benin,Benin,Energy: GWh,Battery,2045,2184.9,2184.9,2184.9
Benin,Benin,Energy: GWh,Battery,2050,3136.7,3136.7,3136.7
Benin,Benin,Energy: GWh,Diesel,2026,1020.1,1020.1,1020.1
Benin,Benin,Energy: GWh,Diesel,2027,1020.1,1020.1,1020.1
Benin,Benin,Energy: GWh,Diesel,2028,1020.1,1020.1,1020.1
Benin,Benin,Energy: GWh,Diesel,2029,1020.1,1020.1,1020.1
Benin,Benin,Energy: GWh,Gas,2027,312.7,312.7,312.7
Benin,Benin,Energy: GWh,Gas,2028,312.7,312.7,312.7
Benin,Benin,Energy: GWh,Gas,2029,312.7,312.7,312.7
Benin,Benin,Energy: GWh,Gas,2030,2174.2,2174.2,2174.2
Benin,Benin,Energy: GWh,Gas,2031,2174.2,2174.2,2174.2
Benin,Benin,Energy: GWh,Gas,2032,2130.8,2130.8,2130.8
Benin,Benin,Energy: GWh,Gas,2033,1610.4,1610.4,1610.4
Benin,Benin,Energy: GWh,Gas,2034,1629.9,1629.9,1629.9
Benin,Benin,Energy: GWh,Gas,2035,1686.5,1686.5,1686.5
Benin,Benin,Energy: GWh,Gas,2040,1237.5,1237.5,1237.5
Benin,Benin,Energy: GWh,Gas,2045,730.3,730.3,730.3
Benin,Benin,Energy: GWh,Gas,2050,75.1,75.1,75.1
Benin,Benin,Energy: GWh,PV,2026,114.9,114.9,114.9
Benin,Benin,Energy: GWh,PV,2027,181.0,181.0,181.0
Benin,Benin,Energy: GWh,PV,2028,478.2,478.2,478.2
Benin,Benin,Energy: GWh,PV,2029,676.3,676.3,676.3
Benin,Benin,Energy: GWh,PV,2030,1006.5,1006.5,1006.5
Benin,Benin,Energy: GWh,PV,2031,1336.8,1336.8,1336.8
Benin,Benin,Energy: GWh,PV,2032,1664.3,1664.3,1664.3
Benin,Benin,Energy: GWh,PV,2033,1988.7,1988.7,1988.7
Benin,Benin,Energy: GWh,PV,2034,2324.2,2324.2,2324.2
Benin,Benin,Energy: GWh,PV,2035,2631.4,2631.4,2631.4
Benin,Benin,Energy: GWh,PV,2040,4151.9,4151.9,4151.9
Benin,Benin,Energy: GWh,PV,2045,5734.8,5734.8,5734.8
Benin,Benin,Energy: GWh,PV,2050,7266.1,7266.1,7266.1
Benin,Benin,Energy: GWh,Reservoir,2030,1626.7,1626.7,1626.7
Benin,Benin,Energy: GWh,Reservoir,2031,1626.7,1626.7,1626.7
Benin,Benin,Energy: GWh,Reservoir,2032,1626.7,1626.7,1626.7
Benin,Benin,Energy: GWh,Reservoir,2033,1626.7,1626.7,1626.7
Benin,Benin,Energy: GWh,Reservoir,2034,1626.7,1626.7,1626.7
Benin,Benin,Energy: GWh,Reservoir,2035,1626.7,1626.7,1626.7
Benin,Benin,Energy: GWh,Reservoir,2040,1626.7,1626.7,1626.7
Benin,Benin,Energy: GWh,Reservoir,2045,1626.7,1626.7,1626.7
Benin,Benin,Energy: GWh,Reservoir,2050,2385.3,2385.3,2385.3
Benin,Benin,Export revenues with internal zones: $/MWh,,,-516.9,-516.9,-516.9
Benin,Benin,Exports exchange: GWh,,2026,2445.4,2445.4,2445.4
Benin,Benin,Exports exchange: GWh,,2027,2184.2,2184.2,2184.2
Benin,Benin,Exports exchange: GWh,,2028,2140.0,2140.0,2140.0
Benin,Benin,Exports exchange: GWh,,2029,1663.6,1663.6,1663.6
Benin,Benin,Exports exchange: GWh,,2030,2908.1,2908.1,2908.1
Benin,Benin,Exports exchange: GWh,,2031,2993.9,2993.9,2993.9
Benin,Benin,Exports exchange: GWh,,2032,2998.4,2998.4,2998.4
Benin,Benin,Exports exchange: GWh,,2033,2977.1,2977.1,2977.1
Benin,Benin,Exports exchange: GWh,,2034,3104.2,3104.2,3104.2
Benin,Benin,Exports exchange: GWh,,2035,3202.4,3202.4,3202.4
Benin,Benin,Exports exchange: GWh,,2040,3632.2,3632.2,3632.2
Benin,Benin,Exports exchange: GWh,,2045,3737.0,3737.0,3737.0
Benin,Benin,Exports exchange: GWh,,2050,2921.5,2921.5,2921.5
Benin,Benin,Fixed O&M: $/MWh,,,18.6,18.6,18.6
Benin,Benin,Fixed O&M: $m,,2026,6.4,6.4,6.4
Benin,Benin,Fixed O&M: $m,,2027,8.7,8.7,8.7
Benin,Benin,Fixed O&M: $m,,2028,12.7,12.7,12.7
Benin,Benin,Fixed O&M: $m,,2029,15.4,15.4,15.4
Benin,Benin,Fixed O&M: $m,,2030,46.6,46.6,46.6
Benin,Benin,Fixed O&M: $m,,2031,50.8,50.8,50.8
Benin,Benin,Fixed O&M: $m,,2032,56.1,56.1,56.1
Benin,Benin,Fixed O&M: $m,,2033,61.2,61.2,61.2
Benin,Benin,Fixed O&M: $m,,2034,67.5,67.5,67.5
Benin,Benin,Fixed O&M: $m,,2035,71.7,71.7,71.7
Benin,Benin,Fixed O&M: $m,,2040,101.7,101.7,101.7
Benin,Benin,Fixed O&M: $m,,2045,132.0,132.0,132.0
Benin,Benin,Fixed O&M: $m,,2050,178.1,178.1,178.1
Benin,Benin,Fuel costs: $/MWh,,,17.4,17.4,17.4
Benin,Benin,Fuel costs: $m,,2026,110.2,110.2,110.2
Benin,Benin,Fuel costs: $m,,2027,123.2,123.2,123.2
Benin,Benin,Fuel costs: $m,,2028,123.2,123.2,123.2
Benin,Benin,Fuel costs: $m,,2029,123.2,123.2,123.2
Benin,Benin,Fuel costs: $m,,2030,90.4,90.4,90.4
Benin,Benin,Fuel costs: $m,,2031,90.4,90.4,90.4
Benin,Benin,Fuel costs: $m,,2032,88.6,88.6,88.6
Benin,Benin,Fuel costs: $m,,2033,67.0,67.0,67.0
Benin,Benin,Fuel costs: $m,,2034,67.8,67.8,67.8
Benin,Benin,Fuel costs: $m,,2035,70.2,70.2,70.2
Benin,Benin,Fuel costs: $m,,2040,51.5,51.5,51.5
Benin,Benin,Fuel costs: $m,,2045,30.4,30.4,30.4
Benin,Benin,Fuel costs: $m,,2050,3.1,3.1,3.1
Benin,Benin,Generation: GWh,,2026,1135.0,1135.0,1135.0
Benin,Benin,Generation: GWh,,2027,1516.6,1516.6,1516.6
Benin,Benin,Generation: GWh,,2028,1815.0,1815.0,1815.0
Benin,Benin,Generation: GWh,,2029,2015.8,2015.8,2015.8
Benin,Benin,Generation: GWh,,2030,4826.7,4826.7,4826.7
Benin,Benin,Generation: GWh,,2031,5310.2,5310.2,5310.2
Benin,Benin,Generation: GWh,,2032,5639.6,5639.6,5639.6
Benin,Benin,Generation: GWh,,2033,5390.9,5390.9,5390.9
Benin,Benin,Generation: GWh,,2034,5930.7,5930.7,5930.7
Benin,Benin,Generation: GWh,,2035,6363.8,6363.8,6363.8
Benin,Benin,Generation: GWh,,2040,8233.5,8233.5,8233.5
Benin,Benin,Generation: GWh,,2045,10276.7,10276.7,10276.7
Benin,Benin,Generation: GWh,,2050,12863.3,12863.3,12863.3
Benin,Benin,Import costs with internal zones: $/MWh,,,466.0,466.0,466.0
Benin,Benin,Import costs with internal zones: $m,,2026,5940.8,5940.8,5940.8
Benin,Benin,Import costs with internal zones: $m,,2027,5897.2,5897.2,5897.2
Benin,Benin,Import costs with internal zones: $m,,2028,5761.6,5761.6,5761.6
Benin,Benin,Import costs with internal zones: $m,,2029,4863.3,4863.3,4863.3
Benin,Benin,Import costs with internal zones: $m,,2030,628.9,628.9,628.9
Benin,Benin,Import costs with internal zones: $m,,2031,508.0,508.0,508.0
Benin,Benin,Import costs with internal zones: $m,,2032,439.5,439.5,439.5
Benin,Benin,Import costs with internal zones: $m,,2033,553.6,553.6,553.6
Benin,Benin,Import costs with internal zones: $m,,2034,523.0,523.0,523.0
Benin,Benin,Import costs with internal zones: $m,,2035,482.2,482.2,482.2
Benin,Benin,Import costs with internal zones: $m,,2040,611.2,611.2,611.2
Benin,Benin,Import costs with internal zones: $m,,2045,658.2,658.2,658.2
Benin,Benin,Import costs with internal zones: $m,,2050,91.3,91.3,91.3
Benin,Benin,Imports exchange: GWh,,2026,2970.4,2970.4,2970.4
Benin,Benin,Imports exchange: GWh,,2027,2948.6,2948.6,2948.6
Benin,Benin,Imports exchange: GWh,,2028,2880.8,2880.8,2880.8
Benin,Benin,Imports exchange: GWh,,2029,2432.4,2432.4,2432.4
Benin,Benin,Imports exchange: GWh,,2030,1153.2,1153.2,1153.2
Benin,Benin,Imports exchange: GWh,,2031,1113.6,1113.6,1113.6
Benin,Benin,Imports exchange: GWh,,2032,1028.4,1028.4,1028.4
Benin,Benin,Imports exchange: GWh,,2033,1358.6,1358.6,1358.6
Benin,Benin,Imports exchange: GWh,,2034,1337.0,1337.0,1337.0
Benin,Benin,Imports exchange: GWh,,2035,1257.7,1257.7,1257.7
Benin,Benin,Imports exchange: GWh,,2040,1619.8,1619.8,1619.8
Benin,Benin,Imports exchange: GWh,,2045,1783.0,1783.0,1783.0
Benin,Benin,Imports exchange: GWh,,2050,549.1,549.1,549.1
Benin,Benin,Investment costs: $/MWh,,,88.5,88.5,88.5
Benin,Benin,Investment costs: $m,,2026,4.7,4.7,4.7
Benin,Benin,Investment costs: $m,,2027,13.8,13.8,13.8
Benin,Benin,Investment costs: $m,,2028,34.3,34.3,34.3
Benin,Benin,Investment costs: $m,,2029,48.0,48.0,48.0
Benin,Benin,Investment costs: $m,,2030,246.3,246.3,246.3
Benin,Benin,Investment costs: $m,,2031,276.6,276.6,276.6
Benin,Benin,Investment costs: $m,,2032,304.2,304.2,304.2
Benin,Benin,Investment costs: $m,,2033,327.2,327.2,327.2
Benin,Benin,Investment costs: $m,,2034,364.2,364.2,364.2
Benin,Benin,Investment costs: $m,,2035,383.2,383.2,383.2
Benin,Benin,Investment costs: $m,,2040,494.1,494.1,494.1
Benin,Benin,Investment costs: $m,,2045,610.8,610.8,610.8
Benin,Benin,Investment costs: $m,,2050,807.5,807.5,807.5
Benin,Benin,Net interchange Ratio: GWh,,2026,0.2,0.2,0.2
Benin,Benin,Net interchange Ratio: GWh,,2027,0.3,0.3,0.3
Benin,Benin,Net interchange Ratio: GWh,,2028,0.3,0.3,0.3
Benin,Benin,Net interchange Ratio: GWh,,2029,0.3,0.3,0.3
Benin,Benin,Net interchange: GWh,,2026,525.0,525.0,525.0
Benin,Benin,Net interchange: GWh,,2027,764.4,764.4,764.4
Benin,Benin,Net interchange: GWh,,2028,740.8,740.8,740.8
Benin,Benin,Net interchange: GWh,,2029,768.8,768.8,768.8
Benin,Benin,New Capacity: MW,Battery,2027,15.6,15.6,15.6
Benin,Benin,New Capacity: MW,Battery,2028,6.5,6.5,6.5
Benin,Benin,New Capacity: MW,Battery,2029,14.5,14.5,14.5
Benin,Benin,New Capacity: MW,Battery,2030,23.8,23.8,23.8
Benin,Benin,New Capacity: MW,Battery,2031,59.7,59.7,59.7
Benin,Benin,New Capacity: MW,Battery,2032,73.6,73.6,73.6
Benin,Benin,New Capacity: MW,Battery,2033,64.4,64.4,64.4
Benin,Benin,New Capacity: MW,Battery,2034,145.9,145.9,145.9
Benin,Benin,New Capacity: MW,Battery,2040,632.5,632.5,632.5
Benin,Benin,New Capacity: MW,Battery,2045,664.0,664.0,664.0
Benin,Benin,New Capacity: MW,Battery,2050,937.9,937.9,937.9
Benin,Benin,New Capacity: MW,Gas,2027,42.0,42.0,42.0
Benin,Benin,New Capacity: MW,Gas,2030,250.0,250.0,250.0
Benin,Benin,New Capacity: MW,PV,2026,50.0,50.0,50.0
Benin,Benin,New Capacity: MW,PV,2027,50.0,50.0,50.0
Benin,Benin,New Capacity: MW,PV,2028,225.0,225.0,225.0
Benin,Benin,New Capacity: MW,PV,2029,150.0,150.0,150.0
Benin,Benin,New Capacity: MW,PV,2030,250.0,250.0,250.0
Benin,Benin,New Capacity: MW,PV,2031,250.0,250.0,250.0
Benin,Benin,New Capacity: MW,PV,2032,250.0,250.0,250.0
Benin,Benin,New Capacity: MW,PV,2033,250.0,250.0,250.0
Benin,Benin,New Capacity: MW,PV,2034,250.0,250.0,250.0
Benin,Benin,New Capacity: MW,PV,2035,250.0,250.0,250.0
Benin,Benin,New Capacity: MW,PV,2040,1250.0,1250.0,1250.0
Benin,Benin,New Capacity: MW,PV,2045,1250.0,1250.0,1250.0
Benin,Benin,New Capacity: MW,PV,2050,1250.0,1250.0,1250.0
Benin,Benin,New Capacity: MW,Reservoir,2030,463.0,463.0,463.0
Benin,Benin,New Capacity: MW,Reservoir,2050,244.9,244.9,244.9
Benin,Benin,Price: $/MWh,,2026,2000.0,2000.0,2000.0
Benin,Benin,Price: $/MWh,,2027,2000.0,2000.0,2000.0
Benin,Benin,Price: $/MWh,,2028,2000.0,2000.0,2000.0
Benin,Benin,Price: $/MWh,,2029,1999.5,1999.5,1999.5
Benin,Benin,Price: $/MWh,,2030,577.5,577.5,577.5
Benin,Benin,Price: $/MWh,,2031,491.1,491.1,491.1
Benin,Benin,Price: $/MWh,,2032,451.6,451.6,451.6
Benin,Benin,Price: $/MWh,,2033,399.8,399.8,399.8
Benin,Benin,Price: $/MWh,,2034,390.4,390.4,390.4
Benin,Benin,Price: $/MWh,,2035,371.1,371.1,371.1
Benin,Benin,Price: $/MWh,,2040,377.5,377.5,377.5
Benin,Benin,Price: $/MWh,,2045,373.6,373.6,373.6
Benin,Benin,Price: $/MWh,,2050,317.1,317.1,317.1
Benin,Benin,Spinning Reserve: GWh,,2026,180.0,180.0,180.0
Benin,Benin,Spinning Reserve: GWh,,2027,270.8,270.8,270.8
Benin,Benin,Spinning Reserve: GWh,,2028,298.6,298.6,298.6
Benin,Benin,Spinning Reserve: GWh,,2029,331.9,331.9,331.9
Benin,Benin,Spinning Reserve: GWh,,2030,442.6,442.6,442.6
Benin,Benin,Spinning Reserve: GWh,,2031,500.2,500.2,500.2
Benin,Benin,Spinning Reserve: GWh,,2032,574.6,574.6,574.6
Benin,Benin,Spinning Reserve: GWh,,2033,636.0,636.0,636.0
Benin,Benin,Spinning Reserve: GWh,,2034,703.4,703.4,703.4
Benin,Benin,Spinning Reserve: GWh,,2035,764.4,764.4,764.4
Benin,Benin,Spinning Reserve: GWh,,2040,1061.6,1061.6,1061.6
Benin,Benin,Spinning Reserve: GWh,,2045,1378.4,1378.4,1378.4
Benin,Benin,Spinning Reserve: GWh,,2050,1709.3,1709.3,1709.3
Benin,Benin,Surplus generation: GWh,,2040,0.8,0.8,0.8
Benin,Benin,Surplus generation: GWh,,2045,45.1,45.1,45.1
Benin,Benin,Surplus generation: GWh,,2050,33.9,33.9,33.9
Benin,Benin,Total Demand: GWh,,2026,2294.4,2294.4,2294.4
Benin,Benin,Total Demand: GWh,,2027,2454.9,2454.9,2454.9
Benin,Benin,Total Demand: GWh,,2028,2624.1,2624.1,2624.1
Benin,Benin,Total Demand: GWh,,2029,2814.9,2814.9,2814.9
Benin,Benin,Total Demand: GWh,,2030,3049.1,3049.1,3049.1
Benin,Benin,Total Demand: GWh,,2031,3226.9,3226.9,3226.9
Benin,Benin,Total Demand: GWh,,2032,3413.4,3413.4,3413.4
Benin,Benin,Total Demand: GWh,,2033,3578.3,3578.3,3578.3
Benin,Benin,Total Demand: GWh,,2034,3738.7,3738.7,3738.7
Benin,Benin,Total Demand: GWh,,2035,3907.9,3907.9,3907.9
Benin,Benin,Total Demand: GWh,,2040,4740.7,4740.7,4740.7
Benin,Benin,Total Demand: GWh,,2045,5635.7,5635.7,5635.7
Benin,Benin,Total Demand: GWh,,2050,6583.5,6583.5,6583.5
Benin,Benin,Trade shared benefits: $/MWh,,,-16.7,-16.7,-16.7
Benin,Benin,Transmission Capacity: MW,Nigeria,2026,340.0,340.0,340.0
Benin,Benin,Transmission Capacity: MW,Nigeria,2027,340.0,340.0,340.0
Benin,Benin,Transmission Capacity: MW,Nigeria,2028,340.0,340.0,340.0
Benin,Benin,Transmission Capacity: MW,Nigeria,2029,340.0,340.0,340.0
Benin,Benin,Transmission Capacity: MW,Nigeria,2030,340.0,340.0,340.0
Benin,Benin,Transmission Capacity: MW,Nigeria,2031,340.0,340.0,340.0
Benin,Benin,Transmission Capacity: MW,Nigeria,2032,340.0,340.0,340.0
Benin,Benin,Transmission Capacity: MW,Nigeria,2033,340.0,340.0,340.0
Benin,Benin,Transmission Capacity: MW,Nigeria,2034,340.0,340.0,340.0
Benin,Benin,Transmission Capacity: MW,Nigeria,2035,340.0,340.0,340.0
Benin,Benin,Transmission Capacity: MW,Nigeria,2040,340.0,340.0,340.0
Benin,Benin,Transmission Capacity: MW,Nigeria,2045,340.0,340.0,340.0
Benin,Benin,Transmission Capacity: MW,Nigeria,2050,340.0,340.0,340.0
Benin,Benin,Transmission Capacity: MW,Togo,2026,340.0,340.0,340.0
Benin,Benin,Transmission Capacity: MW,Togo,2027,340.0,340.0,340.0
Benin,Benin,Transmission Capacity: MW,Togo,2028,340.0,340.0,340.0
Benin,Benin,Transmission Capacity: MW,Togo,2029,340.0,340.0,340.0
Benin,Benin,Transmission Capacity: MW,Togo,2030,340.0,340.0,340.0
Benin,Benin,Transmission Capacity: MW,Togo,2031,340.0,340.0,340.0
Benin,Benin,Transmission Capacity: MW,Togo,2032,340.0,340.0,340.0
Benin,Benin,Transmission Capacity: MW,Togo,2033,340.0,340.0,340.0
Benin,Benin,Transmission Capacity: MW,Togo,2034,340.0,340.0,340.0
Benin,Benin,Transmission Capacity: MW,Togo,2035,340.0,340.0,340.0
Benin,Benin,Transmission Capacity: MW,Togo,2040,340.0,340.0,340.0
Benin,Benin,Transmission Capacity: MW,Togo,2045,340.0,340.0,340.0
Benin,Benin,Transmission Capacity: MW,Togo,2050,340.0,340.0,340.0
Benin,Benin,Unmet country CO2 backstop cost: $/MWh,,,141.8,141.8,141.8
Benin,Benin,Unmet country CO2 backstop cost: $m,,2026,751.9,751.9,751.9
Benin,Benin,Unmet country CO2 backstop cost: $m,,2027,870.4,870.4,870.4
Benin,Benin,Unmet country CO2 backstop cost: $m,,2028,870.4,870.4,870.4
Benin,Benin,Unmet country CO2 backstop cost: $m,,2029,870.4,870.4,870.4
Benin,Benin,Unmet country CO2 backstop cost: $m,,2030,823.8,823.8,823.8
Benin,Benin,Unmet country CO2 backstop cost: $m,,2031,823.8,823.8,823.8
Benin,Benin,Unmet country CO2 backstop cost: $m,,2032,807.3,807.3,807.3
Benin,Benin,Unmet country CO2 backstop cost: $m,,2033,610.2,610.2,610.2
Benin,Benin,Unmet country CO2 backstop cost: $m,,2034,617.5,617.5,617.5
Benin,Benin,Unmet country CO2 backstop cost: $m,,2035,639.0,639.0,639.0
Benin,Benin,Unmet country CO2 backstop cost: $m,,2040,468.8,468.8,468.8
Benin,Benin,Unmet country CO2 backstop cost: $m,,2045,276.7,276.7,276.7
Benin,Benin,Unmet country CO2 backstop cost: $m,,2050,28.5,28.5,28.5
Benin,Benin,Unmet country spinning reserve costs: $/MWh,,,0.9,0.9,0.9
Benin,Benin,Unmet country spinning reserve costs: $m,,2026,6.8,6.8,6.8
Benin,Benin,Unmet country spinning reserve costs: $m,,2027,0.3,0.3,0.3
Benin,Benin,Unmet country spinning reserve costs: $m,,2028,3.7,3.7,3.7
Benin,Benin,Unmet country spinning reserve costs: $m,,2029,5.2,5.2,5.2
Benin,Benin,Unmet country spinning reserve costs: $m,,2030,1.6,1.6,1.6
Benin,Benin,Unmet country spinning reserve costs: $m,,2031,2.5,2.5,2.5
Benin,Benin,Unmet country spinning reserve costs: $m,,2032,1.8,1.8,1.8
Benin,Benin,Unmet country spinning reserve costs: $m,,2033,2.2,2.2,2.2
Benin,Benin,Unmet country spinning reserve costs: $m,,2034,2.1,2.1,2.1
Benin,Benin,Unmet country spinning reserve costs: $m,,2035,2.3,2.3,2.3
Benin,Benin,Unmet country spinning reserve costs: $m,,2040,3.7,3.7,3.7
Benin,Benin,Unmet country spinning reserve costs: $m,,2045,4.7,4.7,4.7
Benin,Benin,Unmet country spinning reserve costs: $m,,2050,4.1,4.1,4.1
Benin,Benin,Unmet demand costs: $/MWh,,,32.1,32.1,32.1
Benin,Benin,Unmet demand costs: $m,,2026,1268.7,1268.7,1268.7
Benin,Benin,Unmet demand costs: $m,,2027,354.4,354.4,354.4
Benin,Benin,Unmet demand costs: $m,,2028,145.9,145.9,145.9
Benin,Benin,Unmet demand costs: $m,,2029,76.3,76.3,76.3
Benin,Benin,Unmet demand: GWh,,2026,634.4,634.4,634.4
Benin,Benin,Unmet demand: GWh,,2027,177.2,177.2,177.2
Benin,Benin,Unmet demand: GWh,,2028,73.0,73.0,73.0
Benin,Benin,Unmet demand: GWh,,2029,38.1,38.1,38.1
Benin,Benin,Variable O&M: $/MWh,,,1.1,1.1,1.1
Benin,Benin,Variable O&M: $m,,2026,7.7,7.7,7.7
Benin,Benin,Variable O&M: $m,,2027,8.3,8.3,8.3
Benin,Benin,Variable O&M: $m,,2028,8.3,8.3,8.3
Benin,Benin,Variable O&M: $m,,2029,8.3,8.3,8.3
Benin,Benin,Variable O&M: $m,,2030,5.2,5.2,5.2
Benin,Benin,Variable O&M: $m,,2031,5.2,5.2,5.2
Benin,Benin,Variable O&M: $m,,2032,5.1,5.1,5.1
Benin,Benin,Variable O&M: $m,,2033,4.0,4.0,4.0
Benin,Benin,Variable O&M: $m,,2034,4.1,4.1,4.1
Benin,Benin,Variable O&M: $m,,2035,4.2,4.2,4.2
Benin,Benin,Variable O&M: $m,,2040,3.3,3.3,3.3
Benin,Benin,Variable O&M: $m,,2045,2.3,2.3,2.3
Benin,Benin,Variable O&M: $m,,2050,1.3,1.3,1.3
Burkina,Burkina,Annual Energy Exchanges: GWh,Ghana,2026,173.1,173.1,173.1
Burkina,Burkina,Annual Energy Exchanges: GWh,Ghana,2027,1288.6,1288.6,1288.6
Burkina,Burkina,Annual Energy Exchanges: GWh,Ghana,2028,823.8,823.8,823.8
Burkina,Burkina,Annual Energy Exchanges: GWh,Ghana,2029,300.8,300.8,300.8
Burkina,Burkina,Annual Energy Exchanges: GWh,Ghana,2030,282.5,282.5,282.5
Burkina,Burkina,Annual Energy Exchanges: GWh,Ghana,2031,335.1,335.1,335.1
Burkina,Burkina,Annual Energy Exchanges: GWh,Ghana,2032,437.7,437.7,437.7
Burkina,Burkina,Annual Energy Exchanges: GWh,Ghana,2033,559.8,559.8,559.8
Burkina,Burkina,Annual Energy Exchanges: GWh,Ghana,2034,618.2,618.2,618.2
Burkina,Burkina,Annual Energy Exchanges: GWh,Ghana,2035,665.0,665.0,665.0
Burkina,Burkina,Annual Energy Exchanges: GWh,Ghana,2040,988.7,988.7,988.7
Burkina,Burkina,Annual Energy Exchanges: GWh,Ghana,2045,1260.0,1260.0,1260.0
Burkina,Burkina,Annual Energy Exchanges: GWh,Ghana,2050,1240.5,1240.5,1240.5
Burkina,Burkina,Annual Energy Exchanges: GWh,IvoryCoast,2026,32.3,32.3,32.3
Burkina,Burkina,Annual Energy Exchanges: GWh,IvoryCoast,2029,39.7,39.7,39.7
Burkina,Burkina,Annual Energy Exchanges: GWh,IvoryCoast,2030,54.4,54.4,54.4
Burkina,Burkina,Annual Energy Exchanges: GWh,IvoryCoast,2031,128.0,128.0,128.0
Burkina,Burkina,Annual Energy Exchanges: GWh,IvoryCoast,2032,169.2,169.2,169.2
Burkina,Burkina,Annual Energy Exchanges: GWh,IvoryCoast,2033,170.8,170.8,170.8
Burkina,Burkina,Annual Energy Exchanges: GWh,IvoryCoast,2034,206.1,206.1,206.1
Burkina,Burkina,Annual Energy Exchanges: GWh,IvoryCoast,2035,243.3,243.3,243.3
Burkina,Burkina,Annual Energy Exchanges: GWh,IvoryCoast,2040,626.2,626.2,626.2
Burkina,Burkina,Annual Energy Exchanges: GWh,IvoryCoast,2045,890.2,890.2,890.2
Burkina,Burkina,Annual Energy Exchanges: GWh,IvoryCoast,2050,856.4,856.4,856.4
Burkina,Burkina,Capacity: MW,Battery,2026,30.0,30.0,30.0
Burkina,Burkina,Capacity: MW,Battery,2027,30.0,30.0,30.0
Burkina,Burkina,Capacity: MW,Battery,2028,75.0,75.0,75.0
Burkina,Burkina,Capacity: MW,Battery,2029,222.6,222.6,222.6
Burkina,Burkina,Capacity: MW,Battery,2030,585.6,585.6,585.6
Burkina,Burkina,Capacity: MW,Battery,2031,812.9,812.9,812.9
Burkina,Burkina,Capacity: MW,Battery,2032,1103.6,1103.6,1103.6
Burkina,Burkina,Capacity: MW,Battery,2033,1387.0,1387.0,1387.0
Burkina,Burkina,Capacity: MW,Battery,2034,1676.9,1676.9,1676.9
Burkina,Burkina,Capacity: MW,Battery,2035,1894.7,1894.7,1894.7
Burkina,Burkina,Capacity: MW,Battery,2040,3264.4,3264.4,3264.4
Burkina,Burkina,Capacity: MW,Battery,2045,4173.0,4173.0,4173.0
Burkina,Burkina,Capacity: MW,Battery,2050,5259.2,5259.2,5259.2
Burkina,Burkina,Capacity: MW,Diesel,2026,469.4,469.4,469.4
Burkina,Burkina,Capacity: MW,Diesel,2027,469.4,469.4,469.4
Burkina,Burkina,Capacity: MW,Diesel,2028,469.4,469.4,469.4
Burkina,Burkina,Capacity: MW,Diesel,2029,431.4,431.4,431.4
Burkina,Burkina,Capacity: MW,Diesel,2030,162.8,162.8,162.8
Burkina,Burkina,Capacity: MW,Diesel,2031,161.2,161.2,161.2
Burkina,Burkina,Capacity: MW,Diesel,2032,161.2,161.2,161.2
Burkina,Burkina,Capacity: MW,Diesel,2033,161.2,161.2,161.2
Burkina,Burkina,Capacity: MW,Diesel,2034,161.2,161.2,161.2
Burkina,Burkina,Capacity: MW,Diesel,2035,161.2,161.2,161.2
Burkina,Burkina,Capacity: MW,Diesel,2040,70.0,70.0,70.0
Burkina,Burkina,Capacity: MW,Diesel,2045,70.0,70.0,70.0
Burkina,Burkina,Capacity: MW,Diesel,2050,70.0,70.0,70.0
Burkina,Burkina,Capacity: MW,PV,2026,347.1,347.1,347.1
Burkina,Burkina,Capacity: MW,PV,2027,347.1,347.1,347.1
Burkina,Burkina,Capacity: MW,PV,2028,527.1,527.1,527.1
Burkina,Burkina,Capacity: MW,PV,2029,1027.1,1027.1,1027.1
Burkina,Burkina,Capacity: MW,PV,2030,1527.1,1527.1,1527.1
Burkina,Burkina,Capacity: MW,PV,2031,2027.1,2027.1,2027.1
Burkina,Burkina,Capacity: MW,PV,2032,2527.1,2527.1,2527.1
Burkina,Burkina,Capacity: MW,PV,2033,3027.1,3027.1,3027.1
Burkina,Burkina,Capacity: MW,PV,2034,3527.1,3527.1,3527.1
Burkina,Burkina,Capacity: MW,PV,2035,4027.1,4027.1,4027.1
Burkina,Burkina,Capacity: MW,PV,2040,6527.1,6527.1,6527.1
Burkina,Burkina,Capacity: MW,PV,2045,8990.0,8990.0,8990.0
Burkina,Burkina,Capacity: MW,PV,2050,11300.0,11300.0,11300.0
Burkina,Burkina,Capacity: MW,Reservoir,2026,36.6,36.6,36.6
Burkina,Burkina,Capacity: MW,Reservoir,2027,36.6,36.6,36.6
Burkina,Burkina,Capacity: MW,Reservoir,2028,36.6,36.6,36.6
Burkina,Burkina,Capacity: MW,Reservoir,2029,36.6,36.6,36.6
Burkina,Burkina,Capacity: MW,Reservoir,2030,175.6,175.6,175.6
Burkina,Burkina,Capacity: MW,Reservoir,2031,175.6,175.6,175.6
Burkina,Burkina,Capacity: MW,Reservoir,2032,175.6,175.6,175.6
Burkina,Burkina,Capacity: MW,Reservoir,2033,175.6,175.6,175.6
Burkina,Burkina,Capacity: MW,Reservoir,2034,175.6,175.6,175.6
Burkina,Burkina,Capacity: MW,Reservoir,2035,175.6,175.6,175.6
Burkina,Burkina,Capacity: MW,Reservoir,2040,175.6,175.6,175.6
Burkina,Burkina,Capacity: MW,Reservoir,2045,158.9,158.9,158.9
Burkina,Burkina,Capacity: MW,Reservoir,2050,158.9,158.9,158.9
Burkina,Burkina,Demand: GWh,,2026,3548.3,3548.3,3548.3
Burkina,Burkina,Demand: GWh,,2027,3843.1,3843.1,3843.1
Burkina,Burkina,Demand: GWh,,2028,4161.3,4161.3,4161.3
Burkina,Burkina,Demand: GWh,,2029,4503.2,4503.2,4503.2
Burkina,Burkina,Demand: GWh,,2030,4880.4,4880.4,4880.4
Burkina,Burkina,Demand: GWh,,2031,5281.2,5281.2,5281.2
Burkina,Burkina,Demand: GWh,,2032,5699.7,5699.7,5699.7
Burkina,Burkina,Demand: GWh,,2033,6153.6,6153.6,6153.6
Burkina,Burkina,Demand: GWh,,2034,6642.8,6642.8,6642.8
Burkina,Burkina,Demand: GWh,,2035,7167.4,7167.4,7167.4
Burkina,Burkina,Demand: GWh,,2040,8310.9,8310.9,8310.9
Burkina,Burkina,Demand: GWh,,2045,9880.0,9880.0,9880.0
Burkina,Burkina,Demand: GWh,,2050,11541.6,11541.6,11541.6
Burkina,Burkina,Emissions: MtCO2,,2026,0.7,0.7,0.7
Burkina,Burkina,Emissions: MtCO2,,2027,2.4,2.4,2.4
Burkina,Burkina,Emissions: MtCO2,,2028,1.8,1.8,1.8
Burkina,Burkina,Emissions: MtCO2,,2029,0.6,0.6,0.6
Burkina,Burkina,Emissions: MtCO2,,2030,0.2,0.2,0.2
Burkina,Burkina,Emissions: MtCO2,,2031,0.2,0.2,0.2
Burkina,Burkina,Emissions: MtCO2,,2032,0.2,0.2,0.2
Burkina,Burkina,Emissions: MtCO2,,2033,0.2,0.2,0.2
Burkina,Burkina,Emissions: MtCO2,,2034,0.1,0.1,0.1
Burkina,Burkina,Emissions: MtCO2,,2035,0.2,0.2,0.2
Burkina,Burkina,Energy: GWh,Battery,2027,5.5,5.5,5.5
Burkina,Burkina,Energy: GWh,Battery,2028,10.7,10.7,10.7
Burkina,Burkina,Energy: GWh,Battery,2029,326.1,326.1,326.1
Burkina,Burkina,Energy: GWh,Battery,2030,927.8,927.8,927.8
Burkina,Burkina,Energy: GWh,Battery,2031,1306.5,1306.5,1306.5
Burkina,Burkina,Energy: GWh,Battery,2032,1694.3,1694.3,1694.3
Burkina,Burkina,Energy: GWh,Battery,2033,2072.2,2072.2,2072.2
Burkina,Burkina,Energy: GWh,Battery,2034,2528.6,2528.6,2528.6
Burkina,Burkina,Energy: GWh,Battery,2035,3006.3,3006.3,3006.3
Burkina,Burkina,Energy: GWh,Battery,2040,4941.1,4941.1,4941.1
Burkina,Burkina,Energy: GWh,Battery,2045,6646.4,6646.4,6646.4
Burkina,Burkina,Energy: GWh,Battery,2050,8517.9,8517.9,8517.9
Burkina,Burkina,Energy: GWh,Diesel,2026,987.5,987.5,987.5
Burkina,Burkina,Energy: GWh,Diesel,2027,3284.7,3284.7,3284.7
Burkina,Burkina,Energy: GWh,Diesel,2028,2536.8,2536.8,2536.8
Burkina,Burkina,Energy: GWh,Diesel,2029,886.7,886.7,886.7
Burkina,Burkina,Energy: GWh,Diesel,2030,355.6,355.6,355.6
Burkina,Burkina,Energy: GWh,Diesel,2031,269.4,269.4,269.4
Burkina,Burkina,Energy: GWh,Diesel,2032,247.2,247.2,247.2
Burkina,Burkina,Energy: GWh,Diesel,2033,227.5,227.5,227.5
Burkina,Burkina,Energy: GWh,Diesel,2034,211.4,211.4,211.4
Burkina,Burkina,Energy: GWh,Diesel,2035,241.8,241.8,241.8
Burkina,Burkina,Energy: GWh,PV,2026,526.9,526.9,526.9
Burkina,Burkina,Energy: GWh,PV,2027,526.9,526.9,526.9
Burkina,Burkina,Energy: GWh,PV,2028,800.2,800.2,800.2
Burkina,Burkina,Energy: GWh,PV,2029,1559.2,1559.2,1559.2
Burkina,Burkina,Energy: GWh,PV,2030,2318.2,2318.2,2318.2
Burkina,Burkina,Energy: GWh,PV,2031,3077.2,3077.2,3077.2
Burkina,Burkina,Energy: GWh,PV,2032,3836.2,3836.2,3836.2
Burkina,Burkina,Energy: GWh,PV,2033,4594.9,4594.9,4594.9
Burkina,Burkina,Energy: GWh,PV,2034,5349.8,5349.8,5349.8
Burkina,Burkina,Energy: GWh,PV,2035,6088.1,6088.1,6088.1
Burkina,Burkina,Energy: GWh,PV,2040,9674.0,9674.0,9674.0
Burkina,Burkina,Energy: GWh,PV,2045,12591.9,12591.9,12591.9
Burkina,Burkina,Energy: GWh,PV,2050,15644.7,15644.7,15644.7
Burkina,Burkina,Energy: GWh,Reservoir,2026,30.3,30.3,30.3
Burkina,Burkina,Energy: GWh,Reservoir,2027,30.3,30.3,30.3
Burkina,Burkina,Energy: GWh,Reservoir,2028,30.3,30.3,30.3
Burkina,Burkina,Energy: GWh,Reservoir,2029,30.3,30.3,30.3
Burkina,Burkina,Energy: GWh,Reservoir,2030,258.0,258.0,258.0
Burkina,Burkina,Energy: GWh,Reservoir,2031,258.0,258.0,258.0
Burkina,Burkina,Energy: GWh,Reservoir,2032,258.0,258.0,258.0
Burkina,Burkina,Energy: GWh,Reservoir,2033,258.0,258.0,258.0
Burkina,Burkina,Energy: GWh,Reservoir,2034,258.0,258.0,258.0
Burkina,Burkina,Energy: GWh,Reservoir,2035,258.0,258.0,258.0
Burkina,Burkina,Energy: GWh,Reservoir,2040,258.0,258.0,258.0
Burkina,Burkina,Energy: GWh,Reservoir,2045,249.1,249.1,249.1
Burkina,Burkina,Energy: GWh,Reservoir,2050,249.1,249.1,249.1
Burkina,Burkina,Export revenues with internal zones: $/MWh,,,-49.5,-49.5,-49.5
Burkina,Burkina,Exports exchange: GWh,,2026,205.4,205.4,205.4
Burkina,Burkina,Exports exchange: GWh,,2027,1288.6,1288.6,1288.6
Burkina,Burkina,Exports exchange: GWh,,2028,823.8,823.8,823.8
Burkina,Burkina,Exports exchange: GWh,,2029,340.6,340.6,340.6
Burkina,Burkina,Exports exchange: GWh,,2030,336.9,336.9,336.9
Burkina,Burkina,Exports exchange: GWh,,2031,463.1,463.1,463.1
Burkina,Burkina,Exports exchange: GWh,,2032,606.9,606.9,606.9
Burkina,Burkina,Exports exchange: GWh,,2033,730.6,730.6,730.6
Burkina,Burkina,Exports exchange: GWh,,2034,824.3,824.3,824.3
Burkina,Burkina,Exports exchange: GWh,,2035,908.3,908.3,908.3
Burkina,Burkina,Exports exchange: GWh,,2040,1614.8,1614.8,1614.8
Burkina,Burkina,Exports exchange: GWh,,2045,2150.2,2150.2,2150.2
Burkina,Burkina,Exports exchange: GWh,,2050,2096.9,2096.9,2096.9
Burkina,Burkina,Fixed O&M: $/MWh,,,17.4,17.4,17.4
Burkina,Burkina,Fixed O&M: $m,,2026,25.0,25.0,25.0
Burkina,Burkina,Fixed O&M: $m,,2027,25.0,25.0,25.0
Burkina,Burkina,Fixed O&M: $m,,2028,28.7,28.7,28.7
Burkina,Burkina,Fixed O&M: $m,,2029,37.9,37.9,37.9
Burkina,Burkina,Fixed O&M: $m,,2030,48.7,48.7,48.7
Burkina,Burkina,Fixed O&M: $m,,2031,60.3,60.3,60.3
Burkina,Burkina,Fixed O&M: $m,,2032,72.9,72.9,72.9
Burkina,Burkina,Fixed O&M: $m,,2033,85.3,85.3,85.3
Burkina,Burkina,Fixed O&M: $m,,2034,97.8,97.8,97.8
Burkina,Burkina,Fixed O&M: $m,,2035,109.3,109.3,109.3
Burkina,Burkina,Fixed O&M: $m,,2040,167.6,167.6,167.6
Burkina,Burkina,Fixed O&M: $m,,2045,221.2,221.2,221.2
Burkina,Burkina,Fixed O&M: $m,,2050,275.5,275.5,275.5
Burkina,Burkina,Fuel costs: $/MWh,,,11.0,11.0,11.0
Burkina,Burkina,Fuel costs: $m,,2026,129.2,129.2,129.2
Burkina,Burkina,Fuel costs: $m,,2027,413.4,413.4,413.4
Burkina,Burkina,Fuel costs: $m,,2028,317.7,317.7,317.7
Burkina,Burkina,Fuel costs: $m,,2029,112.7,112.7,112.7
Burkina,Burkina,Fuel costs: $m,,2030,47.1,47.1,47.1
Burkina,Burkina,Fuel costs: $m,,2031,35.8,35.8,35.8
Burkina,Burkina,Fuel costs: $m,,2032,32.7,32.7,32.7
Burkina,Burkina,Fuel costs: $m,,2033,29.9,29.9,29.9
Burkina,Burkina,Fuel costs: $m,,2034,27.4,27.4,27.4
Burkina,Burkina,Fuel costs: $m,,2035,31.5,31.5,31.5
Burkina,Burkina,Generation: GWh,,2026,1544.7,1544.7,1544.7
Burkina,Burkina,Generation: GWh,,2027,3847.4,3847.4,3847.4
Burkina,Burkina,Generation: GWh,,2028,3377.9,3377.9,3377.9
Burkina,Burkina,Generation: GWh,,2029,2802.2,2802.2,2802.2
Burkina,Burkina,Generation: GWh,,2030,3859.6,3859.6,3859.6
Burkina,Burkina,Generation: GWh,,2031,4911.1,4911.1,4911.1
Burkina,Burkina,Generation: GWh,,2032,6035.8,6035.8,6035.8
Burkina,Burkina,Generation: GWh,,2033,7152.7,7152.7,7152.7
Burkina,Burkina,Generation: GWh,,2034,8347.9,8347.9,8347.9
Burkina,Burkina,Generation: GWh,,2035,9594.2,9594.2,9594.2
Burkina,Burkina,Generation: GWh,,2040,14873.2,14873.2,14873.2
Burkina,Burkina,Generation: GWh,,2045,19487.3,19487.3,19487.3
Burkina,Burkina,Generation: GWh,,2050,24411.6,24411.6,24411.6
Burkina,Burkina,Import costs with internal zones: $/MWh,,,156.2,156.2,156.2
Burkina,Burkina,Import costs with internal zones: $m,,2026,1896.5,1896.5,1896.5
Burkina,Burkina,Import costs with internal zones: $m,,2027,1250.6,1250.6,1250.6
Burkina,Burkina,Import costs with internal zones: $m,,2028,1404.0,1404.0,1404.0
Burkina,Burkina,Import costs with internal zones: $m,,2029,1849.1,1849.1,1849.1
Burkina,Burkina,Import costs with internal zones: $m,,2030,1839.6,1839.6,1839.6
Burkina,Burkina,Import costs with internal zones: $m,,2031,1597.5,1597.5,1597.5
Burkina,Burkina,Import costs with internal zones: $m,,2032,1548.2,1548.2,1548.2
Burkina,Burkina,Import costs with internal zones: $m,,2033,1423.1,1423.1,1423.1
Burkina,Burkina,Import costs with internal zones: $m,,2034,1388.3,1388.3,1388.3
Burkina,Burkina,Import costs with internal zones: $m,,2035,1379.1,1379.1,1379.1
Burkina,Burkina,Import costs with internal zones: $m,,2040,589.0,589.0,589.0
Burkina,Burkina,Import costs with internal zones: $m,,2045,363.0,363.0,363.0
Burkina,Burkina,Import costs with internal zones: $m,,2050,238.1,238.1,238.1
Burkina,Burkina,Imports exchange: GWh,,2026,2209.0,2209.0,2209.0
Burkina,Burkina,Imports exchange: GWh,,2027,1290.8,1290.8,1290.8
Burkina,Burkina,Imports exchange: GWh,,2028,1619.9,1619.9,1619.9
Burkina,Burkina,Imports exchange: GWh,,2029,2425.2,2425.2,2425.2
Burkina,Burkina,Imports exchange: GWh,,2030,2449.3,2449.3,2449.3
Burkina,Burkina,Imports exchange: GWh,,2031,2370.2,2370.2,2370.2
Burkina,Burkina,Imports exchange: GWh,,2032,2267.7,2267.7,2267.7
Burkina,Burkina,Imports exchange: GWh,,2033,2185.3,2185.3,2185.3
Burkina,Burkina,Imports exchange: GWh,,2034,2127.8,2127.8,2127.8
Burkina,Burkina,Imports exchange: GWh,,2035,2065.9,2065.9,2065.9
Burkina,Burkina,Imports exchange: GWh,,2040,1346.5,1346.5,1346.5
Burkina,Burkina,Imports exchange: GWh,,2045,840.1,840.1,840.1
Burkina,Burkina,Imports exchange: GWh,,2050,518.4,518.4,518.4
Burkina,Burkina,Investment costs: $/MWh,,,79.8,79.8,79.8
Burkina,Burkina,Investment costs: $m,,2026,21.1,21.1,21.1
Burkina,Burkina,Investment costs: $m,,2027,21.1,21.1,21.1
Burkina,Burkina,Investment costs: $m,,2028,39.2,39.2,39.2
Burkina,Burkina,Investment costs: $m,,2029,104.5,104.5,104.5
Burkina,Burkina,Investment costs: $m,,2030,244.3,244.3,244.3
Burkina,Burkina,Investment costs: $m,,2031,313.3,313.3,313.3
Burkina,Burkina,Investment costs: $m,,2032,371.3,371.3,371.3
Burkina,Burkina,Investment costs: $m,,2033,436.1,436.1,436.1
Burkina,Burkina,Investment costs: $m,,2034,507.0,507.0,507.0
Burkina,Burkina,Investment costs: $m,,2035,564.4,564.4,564.4
Burkina,Burkina,Investment costs: $m,,2040,824.8,824.8,824.8
Burkina,Burkina,Investment costs: $m,,2045,1056.6,1056.6,1056.6
Burkina,Burkina,Investment costs: $m,,2050,1213.3,1213.3,1213.3
Burkina,Burkina,Net interchange Ratio: GWh,,2026,0.6,0.6,0.6
Burkina,Burkina,Net interchange Ratio: GWh,,2028,0.2,0.2,0.2
Burkina,Burkina,Net interchange Ratio: GWh,,2029,0.5,0.5,0.5
Burkina,Burkina,Net interchange Ratio: GWh,,2030,0.4,0.4,0.4
Burkina,Burkina,Net interchange Ratio: GWh,,2031,0.4,0.4,0.4
Burkina,Burkina,Net interchange Ratio: GWh,,2032,0.3,0.3,0.3
Burkina,Burkina,Net interchange Ratio: GWh,,2033,0.2,0.2,0.2
Burkina,Burkina,Net interchange Ratio: GWh,,2034,0.2,0.2,0.2
Burkina,Burkina,Net interchange Ratio: GWh,,2035,0.2,0.2,0.2
Burkina,Burkina,Net interchange: GWh,,2026,2003.7,2003.7,2003.7
Burkina,Burkina,Net interchange: GWh,,2027,2.1,2.1,2.1
Burkina,Burkina,Net interchange: GWh,,2028,796.1,796.1,796.1
Burkina,Burkina,Net interchange: GWh,,2029,2084.6,2084.6,2084.6
Burkina,Burkina,Net interchange: GWh,,2030,2112.4,2112.4,2112.4
Burkina,Burkina,Net interchange: GWh,,2031,1907.1,1907.1,1907.1
Burkina,Burkina,Net interchange: GWh,,2032,1660.8,1660.8,1660.8
Burkina,Burkina,Net interchange: GWh,,2033,1454.7,1454.7,1454.7
Burkina,Burkina,Net interchange: GWh,,2034,1303.5,1303.5,1303.5
Burkina,Burkina,Net interchange: GWh,,2035,1157.7,1157.7,1157.7
Burkina,Burkina,New Capacity: MW,Battery,2026,30.0,30.0,30.0
Burkina,Burkina,New Capacity: MW,Battery,2028,45.0,45.0,45.0
Burkina,Burkina,New Capacity: MW,Battery,2029,147.6,147.6,147.6
Burkina,Burkina,New Capacity: MW,Battery,2030,363.0,363.0,363.0
Burkina,Burkina,New Capacity: MW,Battery,2031,227.4,227.4,227.4
Burkina,Burkina,New Capacity: MW,Battery,2032,290.7,290.7,290.7
Burkina,Burkina,New Capacity: MW,Battery,2033,283.4,283.4,283.4
Burkina,Burkina,New Capacity: MW,Battery,2034,289.9,289.9,289.9
Burkina,Burkina,New Capacity: MW,Battery,2035,217.8,217.8,217.8
Burkina,Burkina,New Capacity: MW,Battery,2040,1369.8,1369.8,1369.8
Burkina,Burkina,New Capacity: MW,Battery,2045,908.5,908.5,908.5
Burkina,Burkina,New Capacity: MW,Battery,2050,1086.2,1086.2,1086.2
Burkina,Burkina,New Capacity: MW,Diesel,2026,70.0,70.0,70.0
Burkina,Burkina,New Capacity: MW,PV,2026,120.0,120.0,120.0
Burkina,Burkina,New Capacity: MW,PV,2028,180.0,180.0,180.0
Burkina,Burkina,New Capacity: MW,PV,2029,500.0,500.0,500.0
Burkina,Burkina,New Capacity: MW,PV,2030,500.0,500.0,500.0
Burkina,Burkina,New Capacity: MW,PV,2031,500.0,500.0,500.0
Burkina,Burkina,New Capacity: MW,PV,2032,500.0,500.0,500.0
Burkina,Burkina,New Capacity: MW,PV,2033,500.0,500.0,500.0
Burkina,Burkina,New Capacity: MW,PV,2034,500.0,500.0,500.0
Burkina,Burkina,New Capacity: MW,PV,2035,500.0,500.0,500.0
Burkina,Burkina,New Capacity: MW,PV,2040,2500.0,2500.0,2500.0
Burkina,Burkina,New Capacity: MW,PV,2045,2500.0,2500.0,2500.0
Burkina,Burkina,New Capacity: MW,PV,2050,2500.0,2500.0,2500.0
Burkina,Burkina,New Capacity: MW,Reservoir,2030,139.0,139.0,139.0
Burkina,Burkina,Price: $/MWh,,2026,858.9,858.9,858.9
Burkina,Burkina,Price: $/MWh,,2027,982.4,982.4,982.4
Burkina,Burkina,Price: $/MWh,,2028,869.2,869.2,869.2
Burkina,Burkina,Price: $/MWh,,2029,764.9,764.9,764.9
Burkina,Burkina,Price: $/MWh,,2030,754.3,754.3,754.3
Burkina,Burkina,Price: $/MWh,,2031,671.6,671.6,671.6
Burkina,Burkina,Price: $/MWh,,2032,668.3,668.3,668.3
Burkina,Burkina,Price: $/MWh,,2033,620.9,620.9,620.9
Burkina,Burkina,Price: $/MWh,,2034,616.2,616.2,616.2
Burkina,Burkina,Price: $/MWh,,2035,613.5,613.5,613.5
Burkina,Burkina,Price: $/MWh,,2040,369.6,369.6,369.6
Burkina,Burkina,Price: $/MWh,,2045,274.0,274.0,274.0
Burkina,Burkina,Price: $/MWh,,2050,219.2,219.2,219.2
Burkina,Burkina,Spinning Reserve: GWh,,2026,721.1,721.1,721.1
Burkina,Burkina,Spinning Reserve: GWh,,2027,424.5,424.5,424.5
Burkina,Burkina,Spinning Reserve: GWh,,2028,586.1,586.1,586.1
Burkina,Burkina,Spinning Reserve: GWh,,2029,733.7,733.7,733.7
Burkina,Burkina,Spinning Reserve: GWh,,2030,869.2,869.2,869.2
Burkina,Burkina,Spinning Reserve: GWh,,2031,1018.2,1018.2,1018.2
Burkina,Burkina,Spinning Reserve: GWh,,2032,1167.0,1167.0,1167.0
Burkina,Burkina,Spinning Reserve: GWh,,2033,1327.7,1327.7,1327.7
Burkina,Burkina,Spinning Reserve: GWh,,2034,1494.1,1494.1,1494.1
Burkina,Burkina,Spinning Reserve: GWh,,2035,1656.8,1656.8,1656.8
Burkina,Burkina,Spinning Reserve: GWh,,2040,2310.4,2310.4,2310.4
Burkina,Burkina,Spinning Reserve: GWh,,2045,2978.4,2978.4,2978.4
Burkina,Burkina,Spinning Reserve: GWh,,2050,4030.4,4030.4,4030.4
Burkina,Burkina,Surplus generation: GWh,,2033,0.7,0.7,0.7
Burkina,Burkina,Surplus generation: GWh,,2034,2.6,2.6,2.6
Burkina,Burkina,Surplus generation: GWh,,2040,327.5,327.5,327.5
Burkina,Burkina,Surplus generation: GWh,,2045,180.5,180.5,180.5
Burkina,Burkina,Surplus generation: GWh,,2050,665.8,665.8,665.8
Burkina,Burkina,Total Demand: GWh,,2026,3548.3,3548.3,3548.3
Burkina,Burkina,Total Demand: GWh,,2027,3843.1,3843.1,3843.1
Burkina,Burkina,Total Demand: GWh,,2028,4161.3,4161.3,4161.3
Burkina,Burkina,Total Demand: GWh,,2029,4503.2,4503.2,4503.2
Burkina,Burkina,Total Demand: GWh,,2030,4880.4,4880.4,4880.4
Burkina,Burkina,Total Demand: GWh,,2031,5281.2,5281.2,5281.2
Burkina,Burkina,Total Demand: GWh,,2032,5699.7,5699.7,5699.7
Burkina,Burkina,Total Demand: GWh,,2033,6153.6,6153.6,6153.6
Burkina,Burkina,Total Demand: GWh,,2034,6642.8,6642.8,6642.8
Burkina,Burkina,Total Demand: GWh,,2035,7167.4,7167.4,7167.4
Burkina,Burkina,Total Demand: GWh,,2040,8310.9,8310.9,8310.9
Burkina,Burkina,Total Demand: GWh,,2045,9880.0,9880.0,9880.0
Burkina,Burkina,Total Demand: GWh,,2050,11541.6,11541.6,11541.6
Burkina,Burkina,Trade shared benefits: $/MWh,,,-36.1,-36.1,-36.1
Burkina,Burkina,Transmission Capacity: MW,Ghana,2026,220.0,220.0,220.0
Burkina,Burkina,Transmission Capacity: MW,Ghana,2027,220.0,220.0,220.0
Burkina,Burkina,Transmission Capacity: MW,Ghana,2028,220.0,220.0,220.0
Burkina,Burkina,Transmission Capacity: MW,Ghana,2029,220.0,220.0,220.0
Burkina,Burkina,Transmission Capacity: MW,Ghana,2030,220.0,220.0,220.0
Burkina,Burkina,Transmission Capacity: MW,Ghana,2031,220.0,220.0,220.0
Burkina,Burkina,Transmission Capacity: MW,Ghana,2032,220.0,220.0,220.0
Burkina,Burkina,Transmission Capacity: MW,Ghana,2033,220.0,220.0,220.0
Burkina,Burkina,Transmission Capacity: MW,Ghana,2034,220.0,220.0,220.0
Burkina,Burkina,Transmission Capacity: MW,Ghana,2035,220.0,220.0,220.0
Burkina,Burkina,Transmission Capacity: MW,Ghana,2040,220.0,220.0,220.0
Burkina,Burkina,Transmission Capacity: MW,Ghana,2045,220.0,220.0,220.0
Burkina,Burkina,Transmission Capacity: MW,Ghana,2050,220.0,220.0,220.0
Burkina,Burkina,Transmission Capacity: MW,IvoryCoast,2026,127.0,127.0,127.0
Burkina,Burkina,Transmission Capacity: MW,IvoryCoast,2027,127.0,127.0,127.0
Burkina,Burkina,Transmission Capacity: MW,IvoryCoast,2028,127.0,127.0,127.0
Burkina,Burkina,Transmission Capacity: MW,IvoryCoast,2029,127.0,127.0,127.0
Burkina,Burkina,Transmission Capacity: MW,IvoryCoast,2030,127.0,127.0,127.0
Burkina,Burkina,Transmission Capacity: MW,IvoryCoast,2031,127.0,127.0,127.0
Burkina,Burkina,Transmission Capacity: MW,IvoryCoast,2032,127.0,127.0,127.0
Burkina,Burkina,Transmission Capacity: MW,IvoryCoast,2033,127.0,127.0,127.0
Burkina,Burkina,Transmission Capacity: MW,IvoryCoast,2034,127.0,127.0,127.0
Burkina,Burkina,Transmission Capacity: MW,IvoryCoast,2035,127.0,127.0,127.0
Burkina,Burkina,Transmission Capacity: MW,IvoryCoast,2040,127.0,127.0,127.0
Burkina,Burkina,Transmission Capacity: MW,IvoryCoast,2045,127.0,127.0,127.0
Burkina,Burkina,Transmission Capacity: MW,IvoryCoast,2050,127.0,127.0,127.0
Burkina,Burkina,Unmet country CO2 backstop cost: $/MWh,,,62.3,62.3,62.3
Burkina,Burkina,Unmet country CO2 backstop cost: $m,,2026,691.9,691.9,691.9
Burkina,Burkina,Unmet country CO2 backstop cost: $m,,2027,2391.3,2391.3,2391.3
Burkina,Burkina,Unmet country CO2 backstop cost: $m,,2028,1834.1,1834.1,1834.1
Burkina,Burkina,Unmet country CO2 backstop cost: $m,,2029,634.4,634.4,634.4
Burkina,Burkina,Unmet country CO2 backstop cost: $m,,2030,246.9,246.9,246.9
Burkina,Burkina,Unmet country CO2 backstop cost: $m,,2031,186.8,186.8,186.8
Burkina,Burkina,Unmet country CO2 backstop cost: $m,,2032,172.0,172.0,172.0
Burkina,Burkina,Unmet country CO2 backstop cost: $m,,2033,159.0,159.0,159.0
Burkina,Burkina,Unmet country CO2 backstop cost: $m,,2034,149.3,149.3,149.3
Burkina,Burkina,Unmet country CO2 backstop cost: $m,,2035,169.7,169.7,169.7
Burkina,Burkina,Unmet country planning reserve costs: $/MWh,,,0.0,0.0,0.0
Burkina,Burkina,Unmet country planning reserve costs: $m,,2027,0.2,0.2,0.2
Burkina,Burkina,Unmet country planning reserve costs: $m,,2028,2.2,2.2,2.2
Burkina,Burkina,Unmet country spinning reserve costs: $/MWh,,,0.7,0.7,0.7
Burkina,Burkina,Unmet country spinning reserve costs: $m,,2027,8.6,8.6,8.6
Burkina,Burkina,Unmet country spinning reserve costs: $m,,2028,0.1,0.1,0.1
Burkina,Burkina,Unmet country spinning reserve costs: $m,,2029,0.6,0.6,0.6
Burkina,Burkina,Unmet country spinning reserve costs: $m,,2030,2.6,2.6,2.6
Burkina,Burkina,Unmet country spinning reserve costs: $m,,2031,3.6,3.6,3.6
Burkina,Burkina,Unmet country spinning reserve costs: $m,,2032,4.8,4.8,4.8
Burkina,Burkina,Unmet country spinning reserve costs: $m,,2033,5.2,5.2,5.2
Burkina,Burkina,Unmet country spinning reserve costs: $m,,2034,5.4,5.4,5.4
Burkina,Burkina,Unmet country spinning reserve costs: $m,,2035,6.1,6.1,6.1
Burkina,Burkina,Unmet country spinning reserve costs: $m,,2040,7.4,7.4,7.4
Burkina,Burkina,Unmet country spinning reserve costs: $m,,2045,7.4,7.4,7.4
Burkina,Burkina,Unmet country spinning reserve costs: $m,,2050,7.7,7.7,7.7
Burkina,Burkina,Variable O&M: $/MWh,,,0.7,0.7,0.7
Burkina,Burkina,Variable O&M: $m,,2026,7.4,7.4,7.4
Burkina,Burkina,Variable O&M: $m,,2027,24.7,24.7,24.7
Burkina,Burkina,Variable O&M: $m,,2028,19.0,19.0,19.0
Burkina,Burkina,Variable O&M: $m,,2029,6.7,6.7,6.7
Burkina,Burkina,Variable O&M: $m,,2030,2.8,2.8,2.8
Burkina,Burkina,Variable O&M: $m,,2031,2.1,2.1,2.1
Burkina,Burkina,Variable O&M: $m,,2032,2.0,2.0,2.0
Burkina,Burkina,Variable O&M: $m,,2033,1.8,1.8,1.8
Burkina,Burkina,Variable O&M: $m,,2034,1.7,1.7,1.7
Burkina,Burkina,Variable O&M: $m,,2035,1.9,1.9,1.9
Burkina,Burkina,Variable O&M: $m,,2040,0.1,0.1,0.1
Burkina,Burkina,Variable O&M: $m,,2045,0.1,0.1,0.1
Burkina,Burkina,Variable O&M: $m,,2050,0.1,0.1,0.1
Gambia,Gambia,Annual Energy Exchanges: GWh,Senegal,2026,127.1,127.1,127.1
Gambia,Gambia,Annual Energy Exchanges: GWh,Senegal,2027,41.2,41.2,41.2
Gambia,Gambia,Annual Energy Exchanges: GWh,Senegal,2028,4.9,4.9,4.9
Gambia,Gambia,Annual Energy Exchanges: GWh,Senegal,2029,44.4,44.4,44.4
Gambia,Gambia,Annual Energy Exchanges: GWh,Senegal,2030,263.4,263.4,263.4
Gambia,Gambia,Annual Energy Exchanges: GWh,Senegal,2031,728.1,728.1,728.1
Gambia,Gambia,Annual Energy Exchanges: GWh,Senegal,2032,992.6,992.6,992.6
Gambia,Gambia,Annual Energy Exchanges: GWh,Senegal,2033,1053.8,1053.8,1053.8
Gambia,Gambia,Annual Energy Exchanges: GWh,Senegal,2034,1027.3,1027.3,1027.3
Gambia,Gambia,Annual Energy Exchanges: GWh,Senegal,2035,1014.2,1014.2,1014.2
Gambia,Gambia,Annual Energy Exchanges: GWh,Senegal,2040,882.6,882.6,882.6
Gambia,Gambia,Annual Energy Exchanges: GWh,Senegal,2045,749.7,749.7,749.7
Gambia,Gambia,Annual Energy Exchanges: GWh,Senegal,2050,882.6,882.6,882.6
Gambia,Gambia,Capacity: MW,Battery,2026,12.0,12.0,12.0
Gambia,Gambia,Capacity: MW,Battery,2027,16.5,16.5,16.5
Gambia,Gambia,Capacity: MW,Battery,2028,16.5,16.5,16.5
Gambia,Gambia,Capacity: MW,Battery,2029,25.0,25.0,25.0
Gambia,Gambia,Capacity: MW,Battery,2030,91.8,91.8,91.8
Gambia,Gambia,Capacity: MW,Battery,2031,281.4,281.4,281.4
Gambia,Gambia,Capacity: MW,Battery,2032,292.6,292.6,292.6
Gambia,Gambia,Capacity: MW,Battery,2033,292.6,292.6,292.6
Gambia,Gambia,Capacity: MW,Battery,2034,292.6,292.6,292.6
Gambia,Gambia,Capacity: MW,Battery,2035,292.5,292.5,292.5
Gambia,Gambia,Capacity: MW,Battery,2040,305.6,305.6,305.6
Gambia,Gambia,Capacity: MW,Battery,2045,431.1,431.1,431.1
Gambia,Gambia,Capacity: MW,Battery,2050,702.2,702.2,702.2
Gambia,Gambia,Capacity: MW,Diesel,2026,42.7,42.7,42.7
Gambia,Gambia,Capacity: MW,Diesel,2027,42.7,42.7,42.7
Gambia,Gambia,Capacity: MW,Diesel,2028,49.0,49.0,49.0
Gambia,Gambia,Capacity: MW,Diesel,2029,49.0,49.0,49.0
Gambia,Gambia,Capacity: MW,Diesel,2030,33.0,33.0,33.0
Gambia,Gambia,Capacity: MW,Diesel,2031,6.3,6.3,6.3
Gambia,Gambia,Capacity: MW,Diesel,2032,6.3,6.3,6.3
Gambia,Gambia,Capacity: MW,Diesel,2033,6.3,6.3,6.3
Gambia,Gambia,Capacity: MW,Diesel,2034,6.3,6.3,6.3
Gambia,Gambia,Capacity: MW,Diesel,2035,6.3,6.3,6.3
Gambia,Gambia,Capacity: MW,Diesel,2040,6.3,6.3,6.3
Gambia,Gambia,Capacity: MW,Diesel,2045,6.3,6.3,6.3
Gambia,Gambia,Capacity: MW,Diesel,2050,6.3,6.3,6.3
Gambia,Gambia,Capacity: MW,Onshore Wind,2030,150.0,150.0,150.0
Gambia,Gambia,Capacity: MW,Onshore Wind,2031,300.0,300.0,300.0
Gambia,Gambia,Capacity: MW,Onshore Wind,2032,450.0,450.0,450.0
Gambia,Gambia,Capacity: MW,Onshore Wind,2033,554.6,554.6,554.6
Gambia,Gambia,Capacity: MW,Onshore Wind,2034,554.6,554.6,554.6
Gambia,Gambia,Capacity: MW,Onshore Wind,2035,554.6,554.6,554.6
Gambia,Gambia,Capacity: MW,Onshore Wind,2040,554.6,554.6,554.6
Gambia,Gambia,Capacity: MW,Onshore Wind,2045,554.6,554.6,554.6
Gambia,Gambia,Capacity: MW,Onshore Wind,2050,554.6,554.6,554.6
Gambia,Gambia,Capacity: MW,PV,2026,168.0,168.0,168.0
Gambia,Gambia,Capacity: MW,PV,2027,168.0,168.0,168.0
Gambia,Gambia,Capacity: MW,PV,2028,168.0,168.0,168.0
Gambia,Gambia,Capacity: MW,PV,2029,168.0,168.0,168.0
Gambia,Gambia,Capacity: MW,PV,2030,418.0,418.0,418.0
Gambia,Gambia,Capacity: MW,PV,2031,668.0,668.0,668.0
Gambia,Gambia,Capacity: MW,PV,2032,816.9,816.9,816.9
Gambia,Gambia,Capacity: MW,PV,2033,816.9,816.9,816.9
Gambia,Gambia,Capacity: MW,PV,2034,816.9,816.9,816.9
Gambia,Gambia,Capacity: MW,PV,2035,816.9,816.9,816.9
Gambia,Gambia,Capacity: MW,PV,2040,816.9,816.9,816.9
Gambia,Gambia,Capacity: MW,PV,2045,854.0,854.0,854.0
Gambia,Gambia,Capacity: MW,PV,2050,1701.9,1701.9,1701.9
Gambia,Gambia,Demand: GWh,,2026,745.6,745.6,745.6
Gambia,Gambia,Demand: GWh,,2027,788.0,788.0,788.0
Gambia,Gambia,Demand: GWh,,2028,830.3,830.3,830.3
Gambia,Gambia,Demand: GWh,,2029,876.9,876.9,876.9
Gambia,Gambia,Demand: GWh,,2030,923.5,923.5,923.5
Gambia,Gambia,Demand: GWh,,2031,965.9,965.9,965.9
Gambia,Gambia,Demand: GWh,,2032,1008.2,1008.2,1008.2
Gambia,Gambia,Demand: GWh,,2033,1050.6,1050.6,1050.6
Gambia,Gambia,Demand: GWh,,2034,1097.2,1097.2,1097.2
Gambia,Gambia,Demand: GWh,,2035,1148.0,1148.0,1148.0
Gambia,Gambia,Demand: GWh,,2040,1410.7,1410.7,1410.7
Gambia,Gambia,Demand: GWh,,2045,1677.0,1677.0,1677.0
Gambia,Gambia,Demand: GWh,,2050,1959.1,1959.1,1959.1
Gambia,Gambia,Emissions: MtCO2,,2026,0.2,0.2,0.2
Gambia,Gambia,Emissions: MtCO2,,2027,0.2,0.2,0.2
Gambia,Gambia,Emissions: MtCO2,,2028,0.1,0.1,0.1
Gambia,Gambia,Emissions: MtCO2,,2029,0.1,0.1,0.1
Gambia,Gambia,Emissions: MtCO2,,2030,0.0,0.0,0.0
Gambia,Gambia,Energy: GWh,Battery,2026,13.1,13.1,13.1
Gambia,Gambia,Energy: GWh,Battery,2027,15.1,15.1,15.1
Gambia,Gambia,Energy: GWh,Battery,2028,17.9,17.9,17.9
Gambia,Gambia,Energy: GWh,Battery,2029,26.3,26.3,26.3
Gambia,Gambia,Energy: GWh,Battery,2030,63.1,63.1,63.1
Gambia,Gambia,Energy: GWh,Battery,2031,373.7,373.7,373.7
Gambia,Gambia,Energy: GWh,Battery,2032,469.2,469.2,469.2
Gambia,Gambia,Energy: GWh,Battery,2033,473.3,473.3,473.3
Gambia,Gambia,Energy: GWh,Battery,2034,542.8,542.8,542.8
Gambia,Gambia,Energy: GWh,Battery,2035,540.4,540.4,540.4
Gambia,Gambia,Energy: GWh,Battery,2040,534.8,534.8,534.8
Gambia,Gambia,Energy: GWh,Battery,2045,773.9,773.9,773.9
Gambia,Gambia,Energy: GWh,Battery,2050,1255.8,1255.8,1255.8
Gambia,Gambia,Energy: GWh,Diesel,2026,317.9,317.9,317.9
Gambia,Gambia,Energy: GWh,Diesel,2027,237.9,237.9,237.9
Gambia,Gambia,Energy: GWh,Diesel,2028,77.4,77.4,77.4
Gambia,Gambia,Energy: GWh,Diesel,2029,76.9,76.9,76.9
Gambia,Gambia,Energy: GWh,Diesel,2030,13.7,13.7,13.7
Gambia,Gambia,Energy: GWh,Onshore Wind,2030,336.0,336.0,336.0
Gambia,Gambia,Energy: GWh,Onshore Wind,2031,669.6,669.6,669.6
Gambia,Gambia,Energy: GWh,Onshore Wind,2032,921.9,921.9,921.9
Gambia,Gambia,Energy: GWh,Onshore Wind,2033,1107.5,1107.5,1107.5
Gambia,Gambia,Energy: GWh,Onshore Wind,2034,1129.1,1129.1,1129.1
Gambia,Gambia,Energy: GWh,Onshore Wind,2035,1118.6,1118.6,1118.6
Gambia,Gambia,Energy: GWh,Onshore Wind,2040,1139.9,1139.9,1139.9
Gambia,Gambia,Energy: GWh,Onshore Wind,2045,1078.4,1078.4,1078.4
Gambia,Gambia,Energy: GWh,Onshore Wind,2050,946.5,946.5,946.5
Gambia,Gambia,Energy: GWh,PV,2026,252.7,252.7,252.7
Gambia,Gambia,Energy: GWh,PV,2027,252.7,252.7,252.7
Gambia,Gambia,Energy: GWh,PV,2028,252.7,252.7,252.7
Gambia,Gambia,Energy: GWh,PV,2029,252.7,252.7,252.7
Gambia,Gambia,Energy: GWh,PV,2030,628.6,628.6,628.6
Gambia,Gambia,Energy: GWh,PV,2031,1003.5,1003.5,1003.5
Gambia,Gambia,Energy: GWh,PV,2032,1151.9,1151.9,1151.9
Gambia,Gambia,Energy: GWh,PV,2033,1111.7,1111.7,1111.7
Gambia,Gambia,Energy: GWh,PV,2034,1113.8,1113.8,1113.8
Gambia,Gambia,Energy: GWh,PV,2035,1128.2,1128.2,1128.2
Gambia,Gambia,Energy: GWh,PV,2040,1148.7,1148.7,1148.7
Gambia,Gambia,Energy: GWh,PV,2045,1158.7,1158.7,1158.7
Gambia,Gambia,Energy: GWh,PV,2050,1999.7,1999.7,1999.7
Gambia,Gambia,Export revenues with internal zones: $/MWh,,,-77.4,-77.4,-77.4
Gambia,Gambia,Exports exchange: GWh,,2026,127.1,127.1,127.1
Gambia,Gambia,Exports exchange: GWh,,2027,41.2,41.2,41.2
Gambia,Gambia,Exports exchange: GWh,,2028,4.9,4.9,4.9
Gambia,Gambia,Exports exchange: GWh,,2029,44.4,44.4,44.4
Gambia,Gambia,Exports exchange: GWh,,2030,263.4,263.4,263.4
Gambia,Gambia,Exports exchange: GWh,,2031,728.1,728.1,728.1
Gambia,Gambia,Exports exchange: GWh,,2032,992.6,992.6,992.6
Gambia,Gambia,Exports exchange: GWh,,2033,1053.8,1053.8,1053.8
Gambia,Gambia,Exports exchange: GWh,,2034,1027.3,1027.3,1027.3
Gambia,Gambia,Exports exchange: GWh,,2035,1014.2,1014.2,1014.2
Gambia,Gambia,Exports exchange: GWh,,2040,882.6,882.6,882.6
Gambia,Gambia,Exports exchange: GWh,,2045,749.7,749.7,749.7
Gambia,Gambia,Exports exchange: GWh,,2050,882.6,882.6,882.6
Gambia,Gambia,Fixed O&M: $/MWh,,,25.2,25.2,25.2
Gambia,Gambia,Fixed O&M: $m,,2026,4.6,4.6,4.6
Gambia,Gambia,Fixed O&M: $m,,2027,4.6,4.6,4.6
Gambia,Gambia,Fixed O&M: $m,,2028,4.8,4.8,4.8
Gambia,Gambia,Fixed O&M: $m,,2029,5.0,5.0,5.0
Gambia,Gambia,Fixed O&M: $m,,2030,15.6,15.6,15.6
Gambia,Gambia,Fixed O&M: $m,,2031,27.5,27.5,27.5
Gambia,Gambia,Fixed O&M: $m,,2032,36.2,36.2,36.2
Gambia,Gambia,Fixed O&M: $m,,2033,40.4,40.4,40.4
Gambia,Gambia,Fixed O&M: $m,,2034,40.4,40.4,40.4
Gambia,Gambia,Fixed O&M: $m,,2035,40.4,40.4,40.4
Gambia,Gambia,Fixed O&M: $m,,2040,40.5,40.5,40.5
Gambia,Gambia,Fixed O&M: $m,,2045,42.9,42.9,42.9
Gambia,Gambia,Fixed O&M: $m,,2050,61.1,61.1,61.1
Gambia,Gambia,Fuel costs: $/MWh,,,4.4,4.4,4.4
Gambia,Gambia,Fuel costs: $m,,2026,34.3,34.3,34.3
Gambia,Gambia,Fuel costs: $m,,2027,25.7,25.7,25.7
Gambia,Gambia,Fuel costs: $m,,2028,8.4,8.4,8.4
Gambia,Gambia,Fuel costs: $m,,2029,8.3,8.3,8.3
Gambia,Gambia,Fuel costs: $m,,2030,1.5,1.5,1.5
Gambia,Gambia,Generation: GWh,,2026,583.7,583.7,583.7
Gambia,Gambia,Generation: GWh,,2027,505.7,505.7,505.7
Gambia,Gambia,Generation: GWh,,2028,347.9,347.9,347.9
Gambia,Gambia,Generation: GWh,,2029,355.9,355.9,355.9
Gambia,Gambia,Generation: GWh,,2030,1041.5,1041.5,1041.5
Gambia,Gambia,Generation: GWh,,2031,2046.8,2046.8,2046.8
Gambia,Gambia,Generation: GWh,,2032,2543.0,2543.0,2543.0
Gambia,Gambia,Generation: GWh,,2033,2692.5,2692.5,2692.5
Gambia,Gambia,Generation: GWh,,2034,2785.7,2785.7,2785.7
Gambia,Gambia,Generation: GWh,,2035,2787.2,2787.2,2787.2
Gambia,Gambia,Generation: GWh,,2040,2823.3,2823.3,2823.3
Gambia,Gambia,Generation: GWh,,2045,3011.0,3011.0,3011.0
Gambia,Gambia,Generation: GWh,,2050,4202.0,4202.0,4202.0
Gambia,Gambia,Import costs with internal zones: $/MWh,,,97.9,97.9,97.9
Gambia,Gambia,Import costs with internal zones: $m,,2026,257.0,257.0,257.0
Gambia,Gambia,Import costs with internal zones: $m,,2027,305.6,305.6,305.6
Gambia,Gambia,Import costs with internal zones: $m,,2028,393.3,393.3,393.3
Gambia,Gambia,Import costs with internal zones: $m,,2029,402.0,402.0,402.0
Gambia,Gambia,Import costs with internal zones: $m,,2030,112.2,112.2,112.2
Gambia,Gambia,Import costs with internal zones: $m,,2031,37.7,37.7,37.7
Gambia,Gambia,Import costs with internal zones: $m,,2032,18.6,18.6,18.6
Gambia,Gambia,Import costs with internal zones: $m,,2033,18.8,18.8,18.8
Gambia,Gambia,Import costs with internal zones: $m,,2034,20.4,20.4,20.4
Gambia,Gambia,Import costs with internal zones: $m,,2035,27.7,27.7,27.7
Gambia,Gambia,Import costs with internal zones: $m,,2040,33.6,33.6,33.6
Gambia,Gambia,Import costs with internal zones: $m,,2045,52.2,52.2,52.2
Gambia,Gambia,Import costs with internal zones: $m,,2050,28.2,28.2,28.2
Gambia,Gambia,Imports exchange: GWh,,2026,204.4,204.4,204.4
Gambia,Gambia,Imports exchange: GWh,,2027,341.2,341.2,341.2
Gambia,Gambia,Imports exchange: GWh,,2028,508.3,508.3,508.3
Gambia,Gambia,Imports exchange: GWh,,2029,525.5,525.5,525.5
Gambia,Gambia,Imports exchange: GWh,,2030,219.8,219.8,219.8
Gambia,Gambia,Imports exchange: GWh,,2031,86.9,86.9,86.9
Gambia,Gambia,Imports exchange: GWh,,2032,44.4,44.4,44.4
Gambia,Gambia,Imports exchange: GWh,,2033,47.7,47.7,47.7
Gambia,Gambia,Imports exchange: GWh,,2034,56.8,56.8,56.8
Gambia,Gambia,Imports exchange: GWh,,2035,79.8,79.8,79.8
Gambia,Gambia,Imports exchange: GWh,,2040,166.0,166.0,166.0
Gambia,Gambia,Imports exchange: GWh,,2045,397.9,397.9,397.9
Gambia,Gambia,Imports exchange: GWh,,2050,312.2,312.2,312.2
Gambia,Gambia,Investment costs: $/MWh,,,99.3,99.3,99.3
Gambia,Gambia,Investment costs: $m,,2026,15.3,15.3,15.3
Gambia,Gambia,Investment costs: $m,,2027,15.7,15.7,15.7
Gambia,Gambia,Investment costs: $m,,2028,16.5,16.5,16.5
Gambia,Gambia,Investment costs: $m,,2029,17.4,17.4,17.4
Gambia,Gambia,Investment costs: $m,,2030,57.9,57.9,57.9
Gambia,Gambia,Investment costs: $m,,2031,115.0,115.0,115.0
Gambia,Gambia,Investment costs: $m,,2032,148.2,148.2,148.2
Gambia,Gambia,Investment costs: $m,,2033,160.4,160.4,160.4
Gambia,Gambia,Investment costs: $m,,2034,160.4,160.4,160.4
Gambia,Gambia,Investment costs: $m,,2035,160.4,160.4,160.4
Gambia,Gambia,Investment costs: $m,,2040,160.6,160.6,160.6
Gambia,Gambia,Investment costs: $m,,2045,174.2,174.2,174.2
Gambia,Gambia,Investment costs: $m,,2050,230.1,230.1,230.1
Gambia,Gambia,Net interchange Ratio: GWh,,2026,0.1,0.1,0.1
Gambia,Gambia,Net interchange Ratio: GWh,,2027,0.4,0.4,0.4
Gambia,Gambia,Net interchange Ratio: GWh,,2028,0.6,0.6,0.6
Gambia,Gambia,Net interchange Ratio: GWh,,2029,0.5,0.5,0.5
Gambia,Gambia,Net interchange: GWh,,2026,77.3,77.3,77.3
Gambia,Gambia,Net interchange: GWh,,2027,300.1,300.1,300.1
Gambia,Gambia,Net interchange: GWh,,2028,503.4,503.4,503.4
Gambia,Gambia,Net interchange: GWh,,2029,481.1,481.1,481.1
Gambia,Gambia,New Capacity: MW,Battery,2026,10.0,10.0,10.0
Gambia,Gambia,New Capacity: MW,Battery,2027,4.5,4.5,4.5
Gambia,Gambia,New Capacity: MW,Battery,2029,8.5,8.5,8.5
Gambia,Gambia,New Capacity: MW,Battery,2030,66.8,66.8,66.8
Gambia,Gambia,New Capacity: MW,Battery,2031,189.6,189.6,189.6
Gambia,Gambia,New Capacity: MW,Battery,2032,11.2,11.2,11.2
Gambia,Gambia,New Capacity: MW,Battery,2040,13.1,13.1,13.1
Gambia,Gambia,New Capacity: MW,Battery,2045,127.4,127.4,127.4
Gambia,Gambia,New Capacity: MW,Battery,2050,271.1,271.1,271.1
Gambia,Gambia,New Capacity: MW,Diesel,2028,6.3,6.3,6.3
Gambia,Gambia,New Capacity: MW,Onshore Wind,2030,150.0,150.0,150.0
Gambia,Gambia,New Capacity: MW,Onshore Wind,2031,150.0,150.0,150.0
Gambia,Gambia,New Capacity: MW,Onshore Wind,2032,150.0,150.0,150.0
Gambia,Gambia,New Capacity: MW,Onshore Wind,2033,104.6,104.6,104.6
Gambia,Gambia,New Capacity: MW,PV,2026,150.0,150.0,150.0
Gambia,Gambia,New Capacity: MW,PV,2030,250.0,250.0,250.0
Gambia,Gambia,New Capacity: MW,PV,2031,250.0,250.0,250.0
Gambia,Gambia,New Capacity: MW,PV,2032,148.9,148.9,148.9
Gambia,Gambia,New Capacity: MW,PV,2045,37.1,37.1,37.1
Gambia,Gambia,New Capacity: MW,PV,2050,865.8,865.8,865.8
Gambia,Gambia,Price: $/MWh,,2026,1175.2,1175.2,1175.2
Gambia,Gambia,Price: $/MWh,,2027,888.5,888.5,888.5
Gambia,Gambia,Price: $/MWh,,2028,780.2,780.2,780.2
Gambia,Gambia,Price: $/MWh,,2029,859.1,859.1,859.1
Gambia,Gambia,Price: $/MWh,,2030,491.9,491.9,491.9
Gambia,Gambia,Price: $/MWh,,2031,405.3,405.3,405.3
Gambia,Gambia,Price: $/MWh,,2032,204.0,204.0,204.0
Gambia,Gambia,Price: $/MWh,,2033,173.0,173.0,173.0
Gambia,Gambia,Price: $/MWh,,2034,150.2,150.2,150.2
Gambia,Gambia,Price: $/MWh,,2035,155.4,155.4,155.4
Gambia,Gambia,Price: $/MWh,,2040,99.8,99.8,99.8
Gambia,Gambia,Price: $/MWh,,2045,106.8,106.8,106.8
Gambia,Gambia,Price: $/MWh,,2050,92.2,92.2,92.2
Gambia,Gambia,Spinning Reserve: GWh,,2026,76.7,76.7,76.7
Gambia,Gambia,Spinning Reserve: GWh,,2027,94.0,94.0,94.0
Gambia,Gambia,Spinning Reserve: GWh,,2028,99.8,99.8,99.8
Gambia,Gambia,Spinning Reserve: GWh,,2029,109.2,109.2,109.2
Gambia,Gambia,Spinning Reserve: GWh,,2030,216.4,216.4,216.4
Gambia,Gambia,Spinning Reserve: GWh,,2031,325.5,325.5,325.5
Gambia,Gambia,Spinning Reserve: GWh,,2032,388.4,388.4,388.4
Gambia,Gambia,Spinning Reserve: GWh,,2033,421.9,421.9,421.9
Gambia,Gambia,Spinning Reserve: GWh,,2034,430.9,430.9,430.9
Gambia,Gambia,Spinning Reserve: GWh,,2035,436.8,436.8,436.8
Gambia,Gambia,Spinning Reserve: GWh,,2040,466.0,466.0,466.0
Gambia,Gambia,Spinning Reserve: GWh,,2045,474.3,474.3,474.3
Gambia,Gambia,Spinning Reserve: GWh,,2050,607.5,607.5,607.5
Gambia,Gambia,Surplus generation: GWh,,2032,24.6,24.6,24.6
Gambia,Gambia,Surplus generation: GWh,,2033,60.1,60.1,60.1
Gambia,Gambia,Surplus generation: GWh,,2034,59.8,59.8,59.8
Gambia,Gambia,Surplus generation: GWh,,2035,50.0,50.0,50.0
Gambia,Gambia,Surplus generation: GWh,,2040,50.4,50.4,50.4
Gambia,Gambia,Surplus generation: GWh,,2045,50.7,50.7,50.7
Gambia,Gambia,Surplus generation: GWh,,2050,155.6,155.6,155.6
Gambia,Gambia,Total Demand: GWh,,2026,745.6,745.6,745.6
Gambia,Gambia,Total Demand: GWh,,2027,788.0,788.0,788.0
Gambia,Gambia,Total Demand: GWh,,2028,830.3,830.3,830.3
Gambia,Gambia,Total Demand: GWh,,2029,876.9,876.9,876.9
Gambia,Gambia,Total Demand: GWh,,2030,923.5,923.5,923.5
Gambia,Gambia,Total Demand: GWh,,2031,965.9,965.9,965.9
Gambia,Gambia,Total Demand: GWh,,2032,1008.2,1008.2,1008.2
Gambia,Gambia,Total Demand: GWh,,2033,1050.6,1050.6,1050.6
Gambia,Gambia,Total Demand: GWh,,2034,1097.2,1097.2,1097.2
Gambia,Gambia,Total Demand: GWh,,2035,1148.0,1148.0,1148.0
Gambia,Gambia,Total Demand: GWh,,2040,1410.7,1410.7,1410.7
Gambia,Gambia,Total Demand: GWh,,2045,1677.0,1677.0,1677.0
Gambia,Gambia,Total Demand: GWh,,2050,1959.1,1959.1,1959.1
Gambia,Gambia,Trade shared benefits: $/MWh,,,-33.3,-33.3,-33.3
Gambia,Gambia,Transmission Capacity: MW,Senegal,2026,150.0,150.0,150.0
Gambia,Gambia,Transmission Capacity: MW,Senegal,2027,150.0,150.0,150.0
Gambia,Gambia,Transmission Capacity: MW,Senegal,2028,150.0,150.0,150.0
Gambia,Gambia,Transmission Capacity: MW,Senegal,2029,150.0,150.0,150.0
Gambia,Gambia,Transmission Capacity: MW,Senegal,2030,150.0,150.0,150.0
Gambia,Gambia,Transmission Capacity: MW,Senegal,2031,150.0,150.0,150.0
Gambia,Gambia,Transmission Capacity: MW,Senegal,2032,150.0,150.0,150.0
Gambia,Gambia,Transmission Capacity: MW,Senegal,2033,150.0,150.0,150.0
Gambia,Gambia,Transmission Capacity: MW,Senegal,2034,150.0,150.0,150.0
Gambia,Gambia,Transmission Capacity: MW,Senegal,2035,150.0,150.0,150.0
Gambia,Gambia,Transmission Capacity: MW,Senegal,2040,150.0,150.0,150.0
Gambia,Gambia,Transmission Capacity: MW,Senegal,2045,150.0,150.0,150.0
Gambia,Gambia,Transmission Capacity: MW,Senegal,2050,150.0,150.0,150.0
Gambia,Gambia,Unmet country CO2 backstop cost: $/MWh,,,30.2,30.2,30.2
Gambia,Gambia,Unmet country CO2 backstop cost: $m,,2026,234.4,234.4,234.4
Gambia,Gambia,Unmet country CO2 backstop cost: $m,,2027,175.4,175.4,175.4
Gambia,Gambia,Unmet country CO2 backstop cost: $m,,2028,57.0,57.0,57.0
Gambia,Gambia,Unmet country CO2 backstop cost: $m,,2029,56.7,56.7,56.7
Gambia,Gambia,Unmet country CO2 backstop cost: $m,,2030,10.1,10.1,10.1
Gambia,Gambia,Unmet country spinning reserve costs: $/MWh,,,0.9,0.9,0.9
Gambia,Gambia,Unmet country spinning reserve costs: $m,,2026,2.8,2.8,2.8
Gambia,Gambia,Unmet country spinning reserve costs: $m,,2027,1.4,1.4,1.4
Gambia,Gambia,Unmet country spinning reserve costs: $m,,2028,1.2,1.2,1.2
Gambia,Gambia,Unmet country spinning reserve costs: $m,,2029,0.7,0.7,0.7
Gambia,Gambia,Unmet country spinning reserve costs: $m,,2030,1.0,1.0,1.0
Gambia,Gambia,Unmet country spinning reserve costs: $m,,2031,1.4,1.4,1.4
Gambia,Gambia,Unmet country spinning reserve costs: $m,,2032,1.2,1.2,1.2
Gambia,Gambia,Unmet country spinning reserve costs: $m,,2033,1.0,1.0,1.0
Gambia,Gambia,Unmet country spinning reserve costs: $m,,2034,1.0,1.0,1.0
Gambia,Gambia,Unmet country spinning reserve costs: $m,,2035,0.9,0.9,0.9
Gambia,Gambia,Unmet country spinning reserve costs: $m,,2040,0.8,0.8,0.8
Gambia,Gambia,Unmet country spinning reserve costs: $m,,2045,1.0,1.0,1.0
Gambia,Gambia,Unmet country spinning reserve costs: $m,,2050,0.8,0.8,0.8
Gambia,Gambia,Unmet demand costs: $/MWh,,,19.0,19.0,19.0
Gambia,Gambia,Unmet demand costs: $m,,2026,200.0,200.0,200.0
Gambia,Gambia,Unmet demand costs: $m,,2029,141.8,141.8,141.8
Gambia,Gambia,Unmet demand: GWh,,2026,100.0,100.0,100.0
Gambia,Gambia,Unmet demand: GWh,,2029,70.9,70.9,70.9
Gambia,Gambia,Variable O&M: $/MWh,,,0.3,0.3,0.3
Gambia,Gambia,Variable O&M: $m,,2026,2.4,2.4,2.4
Gambia,Gambia,Variable O&M: $m,,2027,1.8,1.8,1.8
Gambia,Gambia,Variable O&M: $m,,2028,0.6,0.6,0.6
Gambia,Gambia,Variable O&M: $m,,2029,0.6,0.6,0.6
Gambia,Gambia,Variable O&M: $m,,2030,0.1,0.1,0.1
Ghana,Ghana,Annual Energy Exchanges: GWh,Burkina,2026,1157.6,1157.6,1157.6
Ghana,Ghana,Annual Energy Exchanges: GWh,Burkina,2027,178.3,178.3,178.3
Ghana,Ghana,Annual Energy Exchanges: GWh,Burkina,2028,517.4,517.4,517.4
Ghana,Ghana,Annual Energy Exchanges: GWh,Burkina,2029,1367.0,1367.0,1367.0
Ghana,Ghana,Annual Energy Exchanges: GWh,Burkina,2030,1400.0,1400.0,1400.0
Ghana,Ghana,Annual Energy Exchanges: GWh,Burkina,2031,1423.0,1423.0,1423.0
Ghana,Ghana,Annual Energy Exchanges: GWh,Burkina,2032,1363.0,1363.0,1363.0
Ghana,Ghana,Annual Energy Exchanges: GWh,Burkina,2033,1269.6,1269.6,1269.6
Ghana,Ghana,Annual Energy Exchanges: GWh,Burkina,2034,1238.8,1238.8,1238.8
Ghana,Ghana,Annual Energy Exchanges: GWh,Burkina,2035,1231.0,1231.0,1231.0
Ghana,Ghana,Annual Energy Exchanges: GWh,Burkina,2040,891.1,891.1,891.1
Ghana,Ghana,Annual Energy Exchanges: GWh,Burkina,2045,625.4,625.4,625.4
Ghana,Ghana,Annual Energy Exchanges: GWh,Burkina,2050,446.8,446.8,446.8
Ghana,Ghana,Annual Energy Exchanges: GWh,IvoryCoast,2026,129.1,129.1,129.1
Ghana,Ghana,Annual Energy Exchanges: GWh,IvoryCoast,2031,75.2,75.2,75.2
Ghana,Ghana,Annual Energy Exchanges: GWh,IvoryCoast,2032,402.8,402.8,402.8
Ghana,Ghana,Annual Energy Exchanges: GWh,IvoryCoast,2033,531.5,531.5,531.5
Ghana,Ghana,Annual Energy Exchanges: GWh,IvoryCoast,2034,1092.1,1092.1,1092.1
Ghana,Ghana,Annual Energy Exchanges: GWh,IvoryCoast,2035,1505.2,1505.2,1505.2
Ghana,Ghana,Annual Energy Exchanges: GWh,IvoryCoast,2040,2866.8,2866.8,2866.8
Ghana,Ghana,Annual Energy Exchanges: GWh,IvoryCoast,2045,2998.4,2998.4,2998.4
Ghana,Ghana,Annual Energy Exchanges: GWh,IvoryCoast,2050,1073.8,1073.8,1073.8
Ghana,Ghana,Annual Energy Exchanges: GWh,Togo,2026,1752.0,1752.0,1752.0
Ghana,Ghana,Annual Energy Exchanges: GWh,Togo,2027,1752.0,1752.0,1752.0
Ghana,Ghana,Annual Energy Exchanges: GWh,Togo,2028,1752.0,1752.0,1752.0
Ghana,Ghana,Annual Energy Exchanges: GWh,Togo,2029,1752.0,1752.0,1752.0
Ghana,Ghana,Annual Energy Exchanges: GWh,Togo,2030,1356.7,1356.7,1356.7
Ghana,Ghana,Annual Energy Exchanges: GWh,Togo,2031,1291.8,1291.8,1291.8
Ghana,Ghana,Annual Energy Exchanges: GWh,Togo,2032,1151.2,1151.2,1151.2
Ghana,Ghana,Annual Energy Exchanges: GWh,Togo,2033,710.8,710.8,710.8
Ghana,Ghana,Annual Energy Exchanges: GWh,Togo,2034,643.6,643.6,643.6
Ghana,Ghana,Annual Energy Exchanges: GWh,Togo,2035,609.7,609.7,609.7
Ghana,Ghana,Annual Energy Exchanges: GWh,Togo,2040,402.7,402.7,402.7
Ghana,Ghana,Annual Energy Exchanges: GWh,Togo,2045,455.3,455.3,455.3
Ghana,Ghana,Annual Energy Exchanges: GWh,Togo,2050,41.3,41.3,41.3
Ghana,Ghana,Capacity: MW,Battery,2031,37.2,37.2,37.2
Ghana,Ghana,Capacity: MW,Battery,2032,230.3,230.3,230.3
Ghana,Ghana,Capacity: MW,Battery,2033,522.4,522.4,522.4
Ghana,Ghana,Capacity: MW,Battery,2034,758.9,758.9,758.9
Ghana,Ghana,Capacity: MW,Battery,2035,995.0,995.0,995.0
Ghana,Ghana,Capacity: MW,Battery,2040,5587.7,5587.7,5587.7
Ghana,Ghana,Capacity: MW,Battery,2045,11476.2,11476.2,11476.2
Ghana,Ghana,Capacity: MW,Battery,2050,17148.8,17148.8,17148.8
Ghana,Ghana,Capacity: MW,Diesel,2026,810.0,810.0,810.0
Ghana,Ghana,Capacity: MW,Diesel,2027,137.7,137.7,137.7
Ghana,Ghana,Capacity: MW,Gas,2026,2917.0,2917.0,2917.0
Ghana,Ghana,Capacity: MW,Gas,2027,2917.0,2917.0,2917.0
Ghana,Ghana,Capacity: MW,Gas,2028,3287.0,3287.0,3287.0
Ghana,Ghana,Capacity: MW,Gas,2029,3287.0,3287.0,3287.0
Ghana,Ghana,Capacity: MW,Gas,2030,3783.6,3783.6,3783.6
Ghana,Ghana,Capacity: MW,Gas,2031,3686.9,3686.9,3686.9
Ghana,Ghana,Capacity: MW,Gas,2032,3686.9,3686.9,3686.9
Ghana,Ghana,Capacity: MW,Gas,2033,3443.6,3443.6,3443.6
Ghana,Ghana,Capacity: MW,Gas,2034,3443.6,3443.6,3443.6
Ghana,Ghana,Capacity: MW,Gas,2035,3443.6,3443.6,3443.6
Ghana,Ghana,Capacity: MW,Gas,2040,2743.6,2743.6,2743.6
Ghana,Ghana,Capacity: MW,Gas,2045,2672.2,2672.2,2672.2
Ghana,Ghana,Capacity: MW,Gas,2050,2592.1,2592.1,2592.1
Ghana,Ghana,Capacity: MW,Onshore Wind,2030,916.0,916.0,916.0
Ghana,Ghana,Capacity: MW,Onshore Wind,2031,1832.0,1832.0,1832.0
Ghana,Ghana,Capacity: MW,Onshore Wind,2032,2748.0,2748.0,2748.0
Ghana,Ghana,Capacity: MW,Onshore Wind,2033,3664.0,3664.0,3664.0
Ghana,Ghana,Capacity: MW,Onshore Wind,2034,4580.0,4580.0,4580.0
Ghana,Ghana,Capacity: MW,Onshore Wind,2035,5200.0,5200.0,5200.0
Ghana,Ghana,Capacity: MW,Onshore Wind,2040,6200.0,6200.0,6200.0
Ghana,Ghana,Capacity: MW,Onshore Wind,2045,7200.0,7200.0,7200.0
Ghana,Ghana,Capacity: MW,Onshore Wind,2050,8200.0,8200.0,8200.0
Ghana,Ghana,Capacity: MW,PV,2026,112.0,112.0,112.0
Ghana,Ghana,Capacity: MW,PV,2027,112.0,112.0,112.0
Ghana,Ghana,Capacity: MW,PV,2028,262.0,262.0,262.0
Ghana,Ghana,Capacity: MW,PV,2029,1262.0,1262.0,1262.0
Ghana,Ghana,Capacity: MW,PV,2030,2262.0,2262.0,2262.0
Ghana,Ghana,Capacity: MW,PV,2031,3262.0,3262.0,3262.0
Ghana,Ghana,Capacity: MW,PV,2032,4262.0,4262.0,4262.0
Ghana,Ghana,Capacity: MW,PV,2033,5262.0,5262.0,5262.0
Ghana,Ghana,Capacity: MW,PV,2034,6262.0,6262.0,6262.0
Ghana,Ghana,Capacity: MW,PV,2035,7262.0,7262.0,7262.0
Ghana,Ghana,Capacity: MW,PV,2040,17259.5,17259.5,17259.5
Ghana,Ghana,Capacity: MW,PV,2045,27219.5,27219.5,27219.5
Ghana,Ghana,Capacity: MW,PV,2050,37150.0,37150.0,37150.0
Ghana,Ghana,Capacity: MW,ROR,2026,253.0,253.0,253.0
Ghana,Ghana,Capacity: MW,ROR,2027,253.0,253.0,253.0
Ghana,Ghana,Capacity: MW,ROR,2028,253.0,253.0,253.0
Ghana,Ghana,Capacity: MW,ROR,2029,253.0,253.0,253.0
Ghana,Ghana,Capacity: MW,ROR,2030,253.0,253.0,253.0
Ghana,Ghana,Capacity: MW,ROR,2031,253.0,253.0,253.0
Ghana,Ghana,Capacity: MW,ROR,2032,253.0,253.0,253.0
Ghana,Ghana,Capacity: MW,ROR,2033,253.0,253.0,253.0
Ghana,Ghana,Capacity: MW,ROR,2034,253.0,253.0,253.0
Ghana,Ghana,Capacity: MW,ROR,2035,253.0,253.0,253.0
Ghana,Ghana,Capacity: MW,ROR,2040,253.0,253.0,253.0
Ghana,Ghana,Capacity: MW,ROR,2045,253.0,253.0,253.0
Ghana,Ghana,Capacity: MW,ROR,2050,253.0,253.0,253.0
Ghana,Ghana,Capacity: MW,Reservoir,2026,1484.0,1484.0,1484.0
Ghana,Ghana,Capacity: MW,Reservoir,2027,1484.0,1484.0,1484.0
Ghana,Ghana,Capacity: MW,Reservoir,2028,1571.0,1571.0,1571.0
Ghana,Ghana,Capacity: MW,Reservoir,2029,1571.0,1571.0,1571.0
Ghana,Ghana,Capacity: MW,Reservoir,2030,1671.0,1671.0,1671.0
Ghana,Ghana,Capacity: MW,Reservoir,2031,1771.0,1771.0,1771.0
Ghana,Ghana,Capacity: MW,Reservoir,2032,1871.0,1871.0,1871.0
Ghana,Ghana,Capacity: MW,Reservoir,2033,1971.0,1971.0,1971.0
Ghana,Ghana,Capacity: MW,Reservoir,2034,2071.0,2071.0,2071.0
Ghana,Ghana,Capacity: MW,Reservoir,2035,2171.0,2171.0,2171.0
Ghana,Ghana,Capacity: MW,Reservoir,2040,2175.0,2175.0,2175.0
Ghana,Ghana,Capacity: MW,Reservoir,2045,2175.0,2175.0,2175.0
Ghana,Ghana,Capacity: MW,Reservoir,2050,2175.0,2175.0,2175.0
Ghana,Ghana,Demand: GWh,,2026,28501.9,28501.9,28501.9
Ghana,Ghana,Demand: GWh,,2027,30372.7,30372.7,30372.7
Ghana,Ghana,Demand: GWh,,2028,31939.2,31939.2,31939.2
Ghana,Ghana,Demand: GWh,,2029,33700.0,33700.0,33700.0
Ghana,Ghana,Demand: GWh,,2030,35467.2,35467.2,35467.2
Ghana,Ghana,Demand: GWh,,2031,37182.6,37182.6,37182.6
Ghana,Ghana,Demand: GWh,,2032,39312.3,39312.3,39312.3
Ghana,Ghana,Demand: GWh,,2033,41196.1,41196.1,41196.1
Ghana,Ghana,Demand: GWh,,2034,43222.2,43222.2,43222.2
Ghana,Ghana,Demand: GWh,,2035,45339.0,45339.0,45339.0
Ghana,Ghana,Demand: GWh,,2040,58486.2,58486.2,58486.2
Ghana,Ghana,Demand: GWh,,2045,69528.3,69528.3,69528.3
Ghana,Ghana,Demand: GWh,,2050,81221.6,81221.6,81221.6
Ghana,Ghana,Emissions: MtCO2,,2026,10.1,10.1,10.1
Ghana,Ghana,Emissions: MtCO2,,2027,9.8,9.8,9.8
Ghana,Ghana,Emissions: MtCO2,,2028,10.6,10.6,10.6
Ghana,Ghana,Emissions: MtCO2,,2029,9.4,9.4,9.4
Ghana,Ghana,Emissions: MtCO2,,2030,7.5,7.5,7.5
Ghana,Ghana,Emissions: MtCO2,,2031,7.1,7.1,7.1
Ghana,Ghana,Emissions: MtCO2,,2032,7.1,7.1,7.1
Ghana,Ghana,Emissions: MtCO2,,2033,6.2,6.2,6.2
Ghana,Ghana,Emissions: MtCO2,,2034,6.0,6.0,6.0
Ghana,Ghana,Emissions: MtCO2,,2035,5.9,5.9,5.9
Ghana,Ghana,Emissions: MtCO2,,2040,5.1,5.1,5.1
Ghana,Ghana,Emissions: MtCO2,,2045,3.2,3.2,3.2
Ghana,Ghana,Emissions: MtCO2,,2050,1.5,1.5,1.5
Ghana,Ghana,Energy: GWh,Battery,2031,6.1,6.1,6.1
Ghana,Ghana,Energy: GWh,Battery,2032,40.2,40.2,40.2
Ghana,Ghana,Energy: GWh,Battery,2033,116.7,116.7,116.7
Ghana,Ghana,Energy: GWh,Battery,2034,246.1,246.1,246.1
Ghana,Ghana,Energy: GWh,Battery,2035,553.0,553.0,553.0
Ghana,Ghana,Energy: GWh,Battery,2040,6358.2,6358.2,6358.2
Ghana,Ghana,Energy: GWh,Battery,2045,15200.8,15200.8,15200.8
Ghana,Ghana,Energy: GWh,Battery,2050,23400.5,23400.5,23400.5
Ghana,Ghana,Energy: GWh,Diesel,2026,1298.1,1298.1,1298.1
Ghana,Ghana,Energy: GWh,Diesel,2027,800.8,800.8,800.8
Ghana,Ghana,Energy: GWh,Gas,2026,21720.0,21720.0,21720.0
Ghana,Ghana,Energy: GWh,Gas,2027,21720.0,21720.0,21720.0
Ghana,Ghana,Energy: GWh,Gas,2028,24475.0,24475.0,24475.0
Ghana,Ghana,Energy: GWh,Gas,2029,22145.5,22145.5,22145.5
Ghana,Ghana,Energy: GWh,Gas,2030,19804.7,19804.7,19804.7
Ghana,Ghana,Energy: GWh,Gas,2031,18815.5,18815.5,18815.5
Ghana,Ghana,Energy: GWh,Gas,2032,18759.1,18759.1,18759.1
Ghana,Ghana,Energy: GWh,Gas,2033,16266.9,16266.9,16266.9
Ghana,Ghana,Energy: GWh,Gas,2034,15802.4,15802.4,15802.4
Ghana,Ghana,Energy: GWh,Gas,2035,15538.7,15538.7,15538.7
Ghana,Ghana,Energy: GWh,Gas,2040,13358.7,13358.7,13358.7
Ghana,Ghana,Energy: GWh,Gas,2045,8517.7,8517.7,8517.7
Ghana,Ghana,Energy: GWh,Gas,2050,4029.8,4029.8,4029.8
Ghana,Ghana,Energy: GWh,Onshore Wind,2030,1623.6,1623.6,1623.6
Ghana,Ghana,Energy: GWh,Onshore Wind,2031,3247.3,3247.3,3247.3
Ghana,Ghana,Energy: GWh,Onshore Wind,2032,4870.9,4870.9,4870.9
Ghana,Ghana,Energy: GWh,Onshore Wind,2033,6494.5,6494.5,6494.5
Ghana,Ghana,Energy: GWh,Onshore Wind,2034,8117.6,8117.6,8117.6
Ghana,Ghana,Energy: GWh,Onshore Wind,2035,9162.2,9162.2,9162.2
Ghana,Ghana,Energy: GWh,Onshore Wind,2040,10779.4,10779.4,10779.4
Ghana,Ghana,Energy: GWh,Onshore Wind,2045,12251.3,12251.3,12251.3
Ghana,Ghana,Energy: GWh,Onshore Wind,2050,13821.9,13821.9,13821.9
Ghana,Ghana,Energy: GWh,PV,2026,175.8,175.8,175.8
Ghana,Ghana,Energy: GWh,PV,2027,175.8,175.8,175.8
Ghana,Ghana,Energy: GWh,PV,2028,411.2,411.2,411.2
Ghana,Ghana,Energy: GWh,PV,2029,1980.6,1980.6,1980.6
Ghana,Ghana,Energy: GWh,PV,2030,3550.0,3550.0,3550.0
Ghana,Ghana,Energy: GWh,PV,2031,5119.4,5119.4,5119.4
Ghana,Ghana,Energy: GWh,PV,2032,6688.8,6688.8,6688.8
Ghana,Ghana,Energy: GWh,PV,2033,8257.5,8257.5,8257.5
Ghana,Ghana,Energy: GWh,PV,2034,9799.9,9799.9,9799.9
Ghana,Ghana,Energy: GWh,PV,2035,11307.0,11307.0,11307.0
Ghana,Ghana,Energy: GWh,PV,2040,27069.1,27069.1,27069.1
Ghana,Ghana,Energy: GWh,PV,2045,42656.7,42656.7,42656.7
Ghana,Ghana,Energy: GWh,PV,2050,58291.0,58291.0,58291.0
Ghana,Ghana,Energy: GWh,ROR,2026,957.2,957.2,957.2
Ghana,Ghana,Energy: GWh,ROR,2027,957.2,957.2,957.2
Ghana,Ghana,Energy: GWh,ROR,2028,957.2,957.2,957.2
Ghana,Ghana,Energy: GWh,ROR,2029,957.2,957.2,957.2
Ghana,Ghana,Energy: GWh,ROR,2030,957.2,957.2,957.2
Ghana,Ghana,Energy: GWh,ROR,2031,957.2,957.2,957.2
Ghana,Ghana,Energy: GWh,ROR,2032,957.2,957.2,957.2
Ghana,Ghana,Energy: GWh,ROR,2033,957.2,957.2,957.2
Ghana,Ghana,Energy: GWh,ROR,2034,957.2,957.2,957.2
Ghana,Ghana,Energy: GWh,ROR,2035,950.9,950.9,950.9
Ghana,Ghana,Energy: GWh,ROR,2040,922.1,922.1,922.1
Ghana,Ghana,Energy: GWh,ROR,2045,922.3,922.3,922.3
Ghana,Ghana,Energy: GWh,ROR,2050,916.6,916.6,916.6
Ghana,Ghana,Energy: GWh,Reservoir,2026,6335.6,6335.6,6335.6
Ghana,Ghana,Energy: GWh,Reservoir,2027,6335.6,6335.6,6335.6
Ghana,Ghana,Energy: GWh,Reservoir,2028,6516.5,6516.5,6516.5
Ghana,Ghana,Energy: GWh,Reservoir,2029,6516.5,6516.5,6516.5
Ghana,Ghana,Energy: GWh,Reservoir,2030,6842.5,6842.5,6842.5
Ghana,Ghana,Energy: GWh,Reservoir,2031,7168.5,7168.5,7168.5
Ghana,Ghana,Energy: GWh,Reservoir,2032,7494.6,7494.6,7494.6
Ghana,Ghana,Energy: GWh,Reservoir,2033,7820.6,7820.6,7820.6
Ghana,Ghana,Energy: GWh,Reservoir,2034,8146.7,8146.7,8146.7
Ghana,Ghana,Energy: GWh,Reservoir,2035,8472.7,8472.7,8472.7
Ghana,Ghana,Energy: GWh,Reservoir,2040,8485.7,8485.7,8485.7
Ghana,Ghana,Energy: GWh,Reservoir,2045,8485.7,8485.7,8485.7
Ghana,Ghana,Energy: GWh,Reservoir,2050,8485.7,8485.7,8485.7
Ghana,Ghana,Export revenues with internal zones: $/MWh,,,-31.2,-31.2,-31.2
Ghana,Ghana,Exports exchange: GWh,,2026,3038.7,3038.7,3038.7
Ghana,Ghana,Exports exchange: GWh,,2027,1930.3,1930.3,1930.3
Ghana,Ghana,Exports exchange: GWh,,2028,2269.4,2269.4,2269.4
Ghana,Ghana,Exports exchange: GWh,,2029,3119.0,3119.0,3119.0
Ghana,Ghana,Exports exchange: GWh,,2030,2756.7,2756.7,2756.7
Ghana,Ghana,Exports exchange: GWh,,2031,2790.0,2790.0,2790.0
Ghana,Ghana,Exports exchange: GWh,,2032,2917.0,2917.0,2917.0
Ghana,Ghana,Exports exchange: GWh,,2033,2511.9,2511.9,2511.9
Ghana,Ghana,Exports exchange: GWh,,2034,2974.5,2974.5,2974.5
Ghana,Ghana,Exports exchange: GWh,,2035,3345.9,3345.9,3345.9
Ghana,Ghana,Exports exchange: GWh,,2040,4160.6,4160.6,4160.6
Ghana,Ghana,Exports exchange: GWh,,2045,4079.2,4079.2,4079.2
Ghana,Ghana,Exports exchange: GWh,,2050,1561.9,1561.9,1561.9
Ghana,Ghana,Fixed O&M: $/MWh,,,12.5,12.5,12.5
Ghana,Ghana,Fixed O&M: $m,,2026,188.0,188.0,188.0
Ghana,Ghana,Fixed O&M: $m,,2027,168.6,168.6,168.6
Ghana,Ghana,Fixed O&M: $m,,2028,180.1,180.1,180.1
Ghana,Ghana,Fixed O&M: $m,,2029,197.1,197.1,197.1
Ghana,Ghana,Fixed O&M: $m,,2030,270.7,270.7,270.7
Ghana,Ghana,Fixed O&M: $m,,2031,326.9,326.9,326.9
Ghana,Ghana,Fixed O&M: $m,,2032,388.2,388.2,388.2
Ghana,Ghana,Fixed O&M: $m,,2033,443.6,443.6,443.6
Ghana,Ghana,Fixed O&M: $m,,2034,505.6,505.6,505.6
Ghana,Ghana,Fixed O&M: $m,,2035,555.6,555.6,555.6
Ghana,Ghana,Fixed O&M: $m,,2040,815.5,815.5,815.5
Ghana,Ghana,Fixed O&M: $m,,2045,1104.4,1104.4,1104.4
Ghana,Ghana,Fixed O&M: $m,,2050,1389.5,1389.5,1389.5
Ghana,Ghana,Fuel costs: $/MWh,,,14.1,14.1,14.1
Ghana,Ghana,Fuel costs: $m,,2026,1143.2,1143.2,1143.2
Ghana,Ghana,Fuel costs: $m,,2027,1132.7,1132.7,1132.7
Ghana,Ghana,Fuel costs: $m,,2028,1164.1,1164.1,1164.1
Ghana,Ghana,Fuel costs: $m,,2029,1027.9,1027.9,1027.9
Ghana,Ghana,Fuel costs: $m,,2030,828.4,828.4,828.4
Ghana,Ghana,Fuel costs: $m,,2031,782.7,782.7,782.7
Ghana,Ghana,Fuel costs: $m,,2032,780.4,780.4,780.4
Ghana,Ghana,Fuel costs: $m,,2033,676.7,676.7,676.7
Ghana,Ghana,Fuel costs: $m,,2034,657.4,657.4,657.4
Ghana,Ghana,Fuel costs: $m,,2035,646.4,646.4,646.4
Ghana,Ghana,Fuel costs: $m,,2040,555.7,555.7,555.7
Ghana,Ghana,Fuel costs: $m,,2045,354.3,354.3,354.3
Ghana,Ghana,Fuel costs: $m,,2050,167.6,167.6,167.6
Ghana,Ghana,Generation: GWh,,2026,30486.7,30486.7,30486.7
Ghana,Ghana,Generation: GWh,,2027,29989.4,29989.4,29989.4
Ghana,Ghana,Generation: GWh,,2028,32359.9,32359.9,32359.9
Ghana,Ghana,Generation: GWh,,2029,31599.8,31599.8,31599.8
Ghana,Ghana,Generation: GWh,,2030,32778.1,32778.1,32778.1
Ghana,Ghana,Generation: GWh,,2031,35314.0,35314.0,35314.0
Ghana,Ghana,Generation: GWh,,2032,38810.9,38810.9,38810.9
Ghana,Ghana,Generation: GWh,,2033,39913.5,39913.5,39913.5
Ghana,Ghana,Generation: GWh,,2034,43069.9,43069.9,43069.9
Ghana,Ghana,Generation: GWh,,2035,45984.4,45984.4,45984.4
Ghana,Ghana,Generation: GWh,,2040,66973.1,66973.1,66973.1
Ghana,Ghana,Generation: GWh,,2045,88034.5,88034.5,88034.5
Ghana,Ghana,Generation: GWh,,2050,108945.5,108945.5,108945.5
Ghana,Ghana,Import costs with internal zones: $/MWh,,,34.1,34.1,34.1
Ghana,Ghana,Import costs with internal zones: $m,,2026,898.6,898.6,898.6
Ghana,Ghana,Import costs with internal zones: $m,,2027,2349.8,2349.8,2349.8
Ghana,Ghana,Import costs with internal zones: $m,,2028,1601.2,1601.2,1601.2
Ghana,Ghana,Import costs with internal zones: $m,,2029,3107.0,3107.0,3107.0
Ghana,Ghana,Import costs with internal zones: $m,,2030,2856.5,2856.5,2856.5
Ghana,Ghana,Import costs with internal zones: $m,,2031,1980.7,1980.7,1980.7
Ghana,Ghana,Import costs with internal zones: $m,,2032,1469.4,1469.4,1469.4
Ghana,Ghana,Import costs with internal zones: $m,,2033,1613.7,1613.7,1613.7
Ghana,Ghana,Import costs with internal zones: $m,,2034,1356.4,1356.4,1356.4
Ghana,Ghana,Import costs with internal zones: $m,,2035,1196.0,1196.0,1196.0
Ghana,Ghana,Import costs with internal zones: $m,,2040,1412.4,1412.4,1412.4
Ghana,Ghana,Import costs with internal zones: $m,,2045,1655.6,1655.6,1655.6
Ghana,Ghana,Import costs with internal zones: $m,,2050,1142.0,1142.0,1142.0
Ghana,Ghana,Imports exchange: GWh,,2026,1054.0,1054.0,1054.0
Ghana,Ghana,Imports exchange: GWh,,2027,2313.6,2313.6,2313.6
Ghana,Ghana,Imports exchange: GWh,,2028,1848.8,1848.8,1848.8
Ghana,Ghana,Imports exchange: GWh,,2029,5219.2,5219.2,5219.2
Ghana,Ghana,Imports exchange: GWh,,2030,5445.8,5445.8,5445.8
Ghana,Ghana,Imports exchange: GWh,,2031,4665.7,4665.7,4665.7
Ghana,Ghana,Imports exchange: GWh,,2032,3465.8,3465.8,3465.8
Ghana,Ghana,Imports exchange: GWh,,2033,3931.7,3931.7,3931.7
Ghana,Ghana,Imports exchange: GWh,,2034,3416.5,3416.5,3416.5
Ghana,Ghana,Imports exchange: GWh,,2035,3351.0,3351.0,3351.0
Ghana,Ghana,Imports exchange: GWh,,2040,3642.3,3642.3,3642.3
Ghana,Ghana,Imports exchange: GWh,,2045,4141.4,4141.4,4141.4
Ghana,Ghana,Imports exchange: GWh,,2050,2991.2,2991.2,2991.2
Ghana,Ghana,Investment costs: $/MWh,,,36.1,36.1,36.1
Ghana,Ghana,Investment costs: $m,,2026,53.4,53.4,53.4
Ghana,Ghana,Investment costs: $m,,2027,53.4,53.4,53.4
Ghana,Ghana,Investment costs: $m,,2028,125.0,125.0,125.0
Ghana,Ghana,Investment costs: $m,,2029,212.7,212.7,212.7
Ghana,Ghana,Investment costs: $m,,2030,472.3,472.3,472.3
Ghana,Ghana,Investment costs: $m,,2031,687.6,687.6,687.6
Ghana,Ghana,Investment costs: $m,,2032,905.0,905.0,905.0
Ghana,Ghana,Investment costs: $m,,2033,1122.2,1122.2,1122.2
Ghana,Ghana,Investment costs: $m,,2034,1339.8,1339.8,1339.8
Ghana,Ghana,Investment costs: $m,,2035,1536.9,1536.9,1536.9
Ghana,Ghana,Investment costs: $m,,2040,2572.8,2572.8,2572.8
Ghana,Ghana,Investment costs: $m,,2045,3669.5,3669.5,3669.5
Ghana,Ghana,Investment costs: $m,,2050,4605.0,4605.0,4605.0
Ghana,Ghana,Net interchange Ratio: GWh,,2027,0.0,0.0,0.0
Ghana,Ghana,Net interchange Ratio: GWh,,2029,0.1,0.1,0.1
Ghana,Ghana,Net interchange Ratio: GWh,,2030,0.1,0.1,0.1
Ghana,Ghana,Net interchange Ratio: GWh,,2031,0.1,0.1,0.1
Ghana,Ghana,Net interchange Ratio: GWh,,2032,0.0,0.0,0.0
Ghana,Ghana,Net interchange Ratio: GWh,,2033,0.0,0.0,0.0
Ghana,Ghana,Net interchange Ratio: GWh,,2034,0.0,0.0,0.0
Ghana,Ghana,Net interchange Ratio: GWh,,2050,0.0,0.0,0.0
Ghana,Ghana,Net interchange: GWh,,2027,383.3,383.3,383.3
Ghana,Ghana,Net interchange: GWh,,2029,2100.2,2100.2,2100.2
Ghana,Ghana,Net interchange: GWh,,2030,2689.1,2689.1,2689.1
Ghana,Ghana,Net interchange: GWh,,2031,1875.7,1875.7,1875.7
Ghana,Ghana,Net interchange: GWh,,2032,548.7,548.7,548.7
Ghana,Ghana,Net interchange: GWh,,2033,1419.8,1419.8,1419.8
Ghana,Ghana,Net interchange: GWh,,2034,441.9,441.9,441.9
Ghana,Ghana,Net interchange: GWh,,2035,5.1,5.1,5.1
Ghana,Ghana,Net interchange: GWh,,2045,62.2,62.2,62.2
Ghana,Ghana,Net interchange: GWh,,2050,1429.3,1429.3,1429.3
Ghana,Ghana,New Capacity: MW,Battery,2031,37.2,37.2,37.2
Ghana,Ghana,New Capacity: MW,Battery,2032,193.1,193.1,193.1
Ghana,Ghana,New Capacity: MW,Battery,2033,292.1,292.1,292.1
Ghana,Ghana,New Capacity: MW,Battery,2034,236.5,236.5,236.5
Ghana,Ghana,New Capacity: MW,Battery,2035,236.0,236.0,236.0
Ghana,Ghana,New Capacity: MW,Battery,2040,4592.7,4592.7,4592.7
Ghana,Ghana,New Capacity: MW,Battery,2045,5888.6,5888.6,5888.6
Ghana,Ghana,New Capacity: MW,Battery,2050,5672.6,5672.6,5672.6
Ghana,Ghana,New Capacity: MW,Gas,2026,90.0,90.0,90.0
Ghana,Ghana,New Capacity: MW,Gas,2028,370.0,370.0,370.0
Ghana,Ghana,New Capacity: MW,Gas,2030,496.6,496.6,496.6
Ghana,Ghana,New Capacity: MW,Gas,2045,128.6,128.6,128.6
Ghana,Ghana,New Capacity: MW,Gas,2050,391.9,391.9,391.9
Ghana,Ghana,New Capacity: MW,Onshore Wind,2030,916.0,916.0,916.0
Ghana,Ghana,New Capacity: MW,Onshore Wind,2031,916.0,916.0,916.0
Ghana,Ghana,New Capacity: MW,Onshore Wind,2032,916.0,916.0,916.0
Ghana,Ghana,New Capacity: MW,Onshore Wind,2033,916.0,916.0,916.0
Ghana,Ghana,New Capacity: MW,Onshore Wind,2034,916.0,916.0,916.0
Ghana,Ghana,New Capacity: MW,Onshore Wind,2035,620.0,620.0,620.0
Ghana,Ghana,New Capacity: MW,Onshore Wind,2040,1000.0,1000.0,1000.0
Ghana,Ghana,New Capacity: MW,Onshore Wind,2045,1000.0,1000.0,1000.0
Ghana,Ghana,New Capacity: MW,Onshore Wind,2050,1000.0,1000.0,1000.0
Ghana,Ghana,New Capacity: MW,PV,2028,150.0,150.0,150.0
Ghana,Ghana,New Capacity: MW,PV,2029,1000.0,1000.0,1000.0
Ghana,Ghana,New Capacity: MW,PV,2030,1000.0,1000.0,1000.0
Ghana,Ghana,New Capacity: MW,PV,2031,1000.0,1000.0,1000.0
Ghana,Ghana,New Capacity: MW,PV,2032,1000.0,1000.0,1000.0
Ghana,Ghana,New Capacity: MW,PV,2033,1000.0,1000.0,1000.0
Ghana,Ghana,New Capacity: MW,PV,2034,1000.0,1000.0,1000.0
Ghana,Ghana,New Capacity: MW,PV,2035,1000.0,1000.0,1000.0
Ghana,Ghana,New Capacity: MW,PV,2040,10000.0,10000.0,10000.0
Ghana,Ghana,New Capacity: MW,PV,2045,10000.0,10000.0,10000.0
Ghana,Ghana,New Capacity: MW,PV,2050,10000.0,10000.0,10000.0
Ghana,Ghana,New Capacity: MW,ROR,2026,93.0,93.0,93.0
Ghana,Ghana,New Capacity: MW,Reservoir,2026,60.0,60.0,60.0
Ghana,Ghana,New Capacity: MW,Reservoir,2028,87.0,87.0,87.0
Ghana,Ghana,New Capacity: MW,Reservoir,2030,100.0,100.0,100.0
Ghana,Ghana,New Capacity: MW,Reservoir,2031,100.0,100.0,100.0
Ghana,Ghana,New Capacity: MW,Reservoir,2032,100.0,100.0,100.0
Ghana,Ghana,New Capacity: MW,Reservoir,2033,100.0,100.0,100.0
Ghana,Ghana,New Capacity: MW,Reservoir,2034,100.0,100.0,100.0
Ghana,Ghana,New Capacity: MW,Reservoir,2035,100.0,100.0,100.0
Ghana,Ghana,New Capacity: MW,Reservoir,2040,4.0,4.0,4.0
Ghana,Ghana,Price: $/MWh,,2026,852.6,852.6,852.6
Ghana,Ghana,Price: $/MWh,,2027,1015.8,1015.8,1015.8
Ghana,Ghana,Price: $/MWh,,2028,866.1,866.1,866.1
Ghana,Ghana,Price: $/MWh,,2029,595.3,595.3,595.3
Ghana,Ghana,Price: $/MWh,,2030,525.0,525.0,525.0
Ghana,Ghana,Price: $/MWh,,2031,424.9,424.9,424.9
Ghana,Ghana,Price: $/MWh,,2032,424.8,424.8,424.8
Ghana,Ghana,Price: $/MWh,,2033,417.8,417.8,417.8
Ghana,Ghana,Price: $/MWh,,2034,410.5,410.5,410.5
Ghana,Ghana,Price: $/MWh,,2035,392.2,392.2,392.2
Ghana,Ghana,Price: $/MWh,,2040,390.1,390.1,390.1
Ghana,Ghana,Price: $/MWh,,2045,396.4,396.4,396.4
Ghana,Ghana,Price: $/MWh,,2050,383.5,383.5,383.5
Ghana,Ghana,Spinning Reserve: GWh,,2026,4442.4,4442.4,4442.4
Ghana,Ghana,Spinning Reserve: GWh,,2027,2903.5,2903.5,2903.5
Ghana,Ghana,Spinning Reserve: GWh,,2028,3087.2,3087.2,3087.2
Ghana,Ghana,Spinning Reserve: GWh,,2029,3489.4,3489.4,3489.4
Ghana,Ghana,Spinning Reserve: GWh,,2030,4135.8,4135.8,4135.8
Ghana,Ghana,Spinning Reserve: GWh,,2031,4706.3,4706.3,4706.3
Ghana,Ghana,Spinning Reserve: GWh,,2032,5345.5,5345.5,5345.5
Ghana,Ghana,Spinning Reserve: GWh,,2033,5977.0,5977.0,5977.0
Ghana,Ghana,Spinning Reserve: GWh,,2034,6603.1,6603.1,6603.1
Ghana,Ghana,Spinning Reserve: GWh,,2035,7180.5,7180.5,7180.5
Ghana,Ghana,Spinning Reserve: GWh,,2040,10887.4,10887.4,10887.4
Ghana,Ghana,Spinning Reserve: GWh,,2045,14366.6,14366.6,14366.6
Ghana,Ghana,Spinning Reserve: GWh,,2050,18178.6,18178.6,18178.6
Ghana,Ghana,Surplus generation: GWh,,2040,249.8,249.8,249.8
Ghana,Ghana,Surplus generation: GWh,,2045,67.7,67.7,67.7
Ghana,Ghana,Surplus generation: GWh,,2050,151.8,151.8,151.8
Ghana,Ghana,Total Demand: GWh,,2026,28501.9,28501.9,28501.9
Ghana,Ghana,Total Demand: GWh,,2027,30372.7,30372.7,30372.7
Ghana,Ghana,Total Demand: GWh,,2028,31939.2,31939.2,31939.2
Ghana,Ghana,Total Demand: GWh,,2029,33700.0,33700.0,33700.0
Ghana,Ghana,Total Demand: GWh,,2030,35467.2,35467.2,35467.2
Ghana,Ghana,Total Demand: GWh,,2031,37182.6,37182.6,37182.6
Ghana,Ghana,Total Demand: GWh,,2032,39312.3,39312.3,39312.3
Ghana,Ghana,Total Demand: GWh,,2033,41196.1,41196.1,41196.1
Ghana,Ghana,Total Demand: GWh,,2034,43222.2,43222.2,43222.2
Ghana,Ghana,Total Demand: GWh,,2035,45339.0,45339.0,45339.0
Ghana,Ghana,Total Demand: GWh,,2040,58486.2,58486.2,58486.2
Ghana,Ghana,Total Demand: GWh,,2045,69528.3,69528.3,69528.3
Ghana,Ghana,Total Demand: GWh,,2050,81221.6,81221.6,81221.6
Ghana,Ghana,Trade shared benefits: $/MWh,,,-10.5,-10.5,-10.5
Ghana,Ghana,Transmission Capacity: MW,Burkina,2026,220.0,220.0,220.0
Ghana,Ghana,Transmission Capacity: MW,Burkina,2027,220.0,220.0,220.0
Ghana,Ghana,Transmission Capacity: MW,Burkina,2028,220.0,220.0,220.0
Ghana,Ghana,Transmission Capacity: MW,Burkina,2029,220.0,220.0,220.0
Ghana,Ghana,Transmission Capacity: MW,Burkina,2030,220.0,220.0,220.0
Ghana,Ghana,Transmission Capacity: MW,Burkina,2031,220.0,220.0,220.0
Ghana,Ghana,Transmission Capacity: MW,Burkina,2032,220.0,220.0,220.0
Ghana,Ghana,Transmission Capacity: MW,Burkina,2033,220.0,220.0,220.0
Ghana,Ghana,Transmission Capacity: MW,Burkina,2034,220.0,220.0,220.0
Ghana,Ghana,Transmission Capacity: MW,Burkina,2035,220.0,220.0,220.0
Ghana,Ghana,Transmission Capacity: MW,Burkina,2040,220.0,220.0,220.0
Ghana,Ghana,Transmission Capacity: MW,Burkina,2045,220.0,220.0,220.0
Ghana,Ghana,Transmission Capacity: MW,Burkina,2050,220.0,220.0,220.0
Ghana,Ghana,Transmission Capacity: MW,IvoryCoast,2026,117.0,117.0,117.0
Ghana,Ghana,Transmission Capacity: MW,IvoryCoast,2027,117.0,117.0,117.0
Ghana,Ghana,Transmission Capacity: MW,IvoryCoast,2028,117.0,117.0,117.0
Ghana,Ghana,Transmission Capacity: MW,IvoryCoast,2029,569.0,569.0,569.0
Ghana,Ghana,Transmission Capacity: MW,IvoryCoast,2030,569.0,569.0,569.0
Ghana,Ghana,Transmission Capacity: MW,IvoryCoast,2031,569.0,569.0,569.0
Ghana,Ghana,Transmission Capacity: MW,IvoryCoast,2032,569.0,569.0,569.0
Ghana,Ghana,Transmission Capacity: MW,IvoryCoast,2033,569.0,569.0,569.0
Ghana,Ghana,Transmission Capacity: MW,IvoryCoast,2034,569.0,569.0,569.0
Ghana,Ghana,Transmission Capacity: MW,IvoryCoast,2035,569.0,569.0,569.0
Ghana,Ghana,Transmission Capacity: MW,IvoryCoast,2040,569.0,569.0,569.0
Ghana,Ghana,Transmission Capacity: MW,IvoryCoast,2045,569.0,569.0,569.0
Ghana,Ghana,Transmission Capacity: MW,IvoryCoast,2050,569.0,569.0,569.0
Ghana,Ghana,Transmission Capacity: MW,Togo,2026,200.0,200.0,200.0
Ghana,Ghana,Transmission Capacity: MW,Togo,2027,200.0,200.0,200.0
Ghana,Ghana,Transmission Capacity: MW,Togo,2028,200.0,200.0,200.0
Ghana,Ghana,Transmission Capacity: MW,Togo,2029,200.0,200.0,200.0
Ghana,Ghana,Transmission Capacity: MW,Togo,2030,200.0,200.0,200.0
Ghana,Ghana,Transmission Capacity: MW,Togo,2031,200.0,200.0,200.0
Ghana,Ghana,Transmission Capacity: MW,Togo,2032,200.0,200.0,200.0
Ghana,Ghana,Transmission Capacity: MW,Togo,2033,200.0,200.0,200.0
Ghana,Ghana,Transmission Capacity: MW,Togo,2034,200.0,200.0,200.0
Ghana,Ghana,Transmission Capacity: MW,Togo,2035,200.0,200.0,200.0
Ghana,Ghana,Transmission Capacity: MW,Togo,2040,200.0,200.0,200.0
Ghana,Ghana,Transmission Capacity: MW,Togo,2045,200.0,200.0,200.0
Ghana,Ghana,Transmission Capacity: MW,Togo,2050,200.0,200.0,200.0
Ghana,Ghana,Unmet country CO2 backstop cost: $/MWh,,,127.3,127.3,127.3
Ghana,Ghana,Unmet country CO2 backstop cost: $m,,2026,10091.5,10091.5,10091.5
Ghana,Ghana,Unmet country CO2 backstop cost: $m,,2027,9812.7,9812.7,9812.7
Ghana,Ghana,Unmet country CO2 backstop cost: $m,,2028,10602.6,10602.6,10602.6
Ghana,Ghana,Unmet country CO2 backstop cost: $m,,2029,9361.4,9361.4,9361.4
Ghana,Ghana,Unmet country CO2 backstop cost: $m,,2030,7545.1,7545.1,7545.1
Ghana,Ghana,Unmet country CO2 backstop cost: $m,,2031,7128.8,7128.8,7128.8
Ghana,Ghana,Unmet country CO2 backstop cost: $m,,2032,7107.4,7107.4,7107.4
Ghana,Ghana,Unmet country CO2 backstop cost: $m,,2033,6163.2,6163.2,6163.2
Ghana,Ghana,Unmet country CO2 backstop cost: $m,,2034,5987.2,5987.2,5987.2
Ghana,Ghana,Unmet country CO2 backstop cost: $m,,2035,5887.3,5887.3,5887.3
Ghana,Ghana,Unmet country CO2 backstop cost: $m,,2040,5061.3,5061.3,5061.3
Ghana,Ghana,Unmet country CO2 backstop cost: $m,,2045,3227.2,3227.2,3227.2
Ghana,Ghana,Unmet country CO2 backstop cost: $m,,2050,1526.8,1526.8,1526.8
Ghana,Ghana,Unmet country spinning reserve costs: $/MWh,,,0.5,0.5,0.5
Ghana,Ghana,Unmet country spinning reserve costs: $m,,2031,7.1,7.1,7.1
Ghana,Ghana,Unmet country spinning reserve costs: $m,,2032,11.2,11.2,11.2
Ghana,Ghana,Unmet country spinning reserve costs: $m,,2033,13.8,13.8,13.8
Ghana,Ghana,Unmet country spinning reserve costs: $m,,2034,17.9,17.9,17.9
Ghana,Ghana,Unmet country spinning reserve costs: $m,,2035,18.5,18.5,18.5
Ghana,Ghana,Unmet country spinning reserve costs: $m,,2040,34.9,34.9,34.9
Ghana,Ghana,Unmet country spinning reserve costs: $m,,2045,53.3,53.3,53.3
Ghana,Ghana,Unmet country spinning reserve costs: $m,,2050,73.0,73.0,73.0
Ghana,Ghana,Variable O&M: $/MWh,,,0.8,0.8,0.8
Ghana,Ghana,Variable O&M: $m,,2026,68.6,68.6,68.6
Ghana,Ghana,Variable O&M: $m,,2027,62.4,62.4,62.4
Ghana,Ghana,Variable O&M: $m,,2028,70.0,70.0,70.0
Ghana,Ghana,Variable O&M: $m,,2029,60.6,60.6,60.6
Ghana,Ghana,Variable O&M: $m,,2030,44.0,44.0,44.0
Ghana,Ghana,Variable O&M: $m,,2031,41.7,41.7,41.7
Ghana,Ghana,Variable O&M: $m,,2032,41.7,41.7,41.7
Ghana,Ghana,Variable O&M: $m,,2033,36.9,36.9,36.9
Ghana,Ghana,Variable O&M: $m,,2034,36.2,36.2,36.2
Ghana,Ghana,Variable O&M: $m,,2035,35.8,35.8,35.8
Ghana,Ghana,Variable O&M: $m,,2040,31.4,31.4,31.4
Ghana,Ghana,Variable O&M: $m,,2045,21.7,21.7,21.7
Ghana,Ghana,Variable O&M: $m,,2050,12.8,12.8,12.8
Guinea,Guinea,Annual Energy Exchanges: GWh,GuineaBissau,2026,193.3,193.3,193.3
Guinea,Guinea,Annual Energy Exchanges: GWh,GuineaBissau,2027,193.7,193.7,193.7
Guinea,Guinea,Annual Energy Exchanges: GWh,GuineaBissau,2028,284.1,284.1,284.1
Guinea,Guinea,Annual Energy Exchanges: GWh,GuineaBissau,2029,271.4,271.4,271.4
Guinea,Guinea,Annual Energy Exchanges: GWh,GuineaBissau,2030,226.8,226.8,226.8
Guinea,Guinea,Annual Energy Exchanges: GWh,GuineaBissau,2031,259.5,259.5,259.5
Guinea,Guinea,Annual Energy Exchanges: GWh,GuineaBissau,2032,262.4,262.4,262.4
Guinea,Guinea,Annual Energy Exchanges: GWh,GuineaBissau,2033,283.8,283.8,283.8
Guinea,Guinea,Annual Energy Exchanges: GWh,GuineaBissau,2034,288.2,288.2,288.2
Guinea,Guinea,Annual Energy Exchanges: GWh,GuineaBissau,2035,294.5,294.5,294.5
Guinea,Guinea,Annual Energy Exchanges: GWh,GuineaBissau,2040,413.5,413.5,413.5
Guinea,Guinea,Annual Energy Exchanges: GWh,GuineaBissau,2045,405.1,405.1,405.1
Guinea,Guinea,Annual Energy Exchanges: GWh,GuineaBissau,2050,356.6,356.6,356.6
Guinea,Guinea,Annual Energy Exchanges: GWh,Liberia,2026,4.5,4.5,4.5
Guinea,Guinea,Annual Energy Exchanges: GWh,Liberia,2027,112.9,112.9,112.9
Guinea,Guinea,Annual Energy Exchanges: GWh,Liberia,2028,6.7,6.7,6.7
Guinea,Guinea,Annual Energy Exchanges: GWh,Liberia,2029,24.8,24.8,24.8
Guinea,Guinea,Annual Energy Exchanges: GWh,Liberia,2030,285.3,285.3,285.3
Guinea,Guinea,Annual Energy Exchanges: GWh,Liberia,2031,318.0,318.0,318.0
Guinea,Guinea,Annual Energy Exchanges: GWh,Liberia,2032,251.7,251.7,251.7
Guinea,Guinea,Annual Energy Exchanges: GWh,Liberia,2033,243.0,243.0,243.0
Guinea,Guinea,Annual Energy Exchanges: GWh,Liberia,2034,338.1,338.1,338.1
Guinea,Guinea,Annual Energy Exchanges: GWh,Liberia,2035,349.9,349.9,349.9
Guinea,Guinea,Annual Energy Exchanges: GWh,Liberia,2040,438.0,438.0,438.0
Guinea,Guinea,Annual Energy Exchanges: GWh,Liberia,2045,453.9,453.9,453.9
Guinea,Guinea,Annual Energy Exchanges: GWh,Liberia,2050,455.5,455.5,455.5
Guinea,Guinea,Annual Energy Exchanges: GWh,Mali,2026,44.6,44.6,44.6
Guinea,Guinea,Annual Energy Exchanges: GWh,Mali,2027,152.1,152.1,152.1
Guinea,Guinea,Annual Energy Exchanges: GWh,Mali,2028,572.4,572.4,572.4
Guinea,Guinea,Annual Energy Exchanges: GWh,Mali,2029,336.7,336.7,336.7
Guinea,Guinea,Annual Energy Exchanges: GWh,Mali,2030,791.6,791.6,791.6
Guinea,Guinea,Annual Energy Exchanges: GWh,Mali,2031,817.6,817.6,817.6
Guinea,Guinea,Annual Energy Exchanges: GWh,Mali,2032,813.1,813.1,813.1
Guinea,Guinea,Annual Energy Exchanges: GWh,Mali,2033,722.3,722.3,722.3
Guinea,Guinea,Annual Energy Exchanges: GWh,Mali,2034,625.0,625.0,625.0
Guinea,Guinea,Annual Energy Exchanges: GWh,Mali,2035,517.5,517.5,517.5
Guinea,Guinea,Annual Energy Exchanges: GWh,Mali,2040,188.7,188.7,188.7
Guinea,Guinea,Annual Energy Exchanges: GWh,Mali,2045,97.7,97.7,97.7
Guinea,Guinea,Annual Energy Exchanges: GWh,Mali,2050,151.2,151.2,151.2
Guinea,Guinea,Annual Energy Exchanges: GWh,Senegal,2026,783.7,783.7,783.7
Guinea,Guinea,Annual Energy Exchanges: GWh,Senegal,2027,773.7,773.7,773.7
Guinea,Guinea,Annual Energy Exchanges: GWh,Senegal,2028,690.0,690.0,690.0
Guinea,Guinea,Annual Energy Exchanges: GWh,Senegal,2029,768.6,768.6,768.6
Guinea,Guinea,Annual Energy Exchanges: GWh,Senegal,2030,1020.9,1020.9,1020.9
Guinea,Guinea,Annual Energy Exchanges: GWh,Senegal,2031,990.6,990.6,990.6
Guinea,Guinea,Annual Energy Exchanges: GWh,Senegal,2032,982.1,982.1,982.1
Guinea,Guinea,Annual Energy Exchanges: GWh,Senegal,2033,906.3,906.3,906.3
Guinea,Guinea,Annual Energy Exchanges: GWh,Senegal,2034,772.4,772.4,772.4
Guinea,Guinea,Annual Energy Exchanges: GWh,Senegal,2035,752.4,752.4,752.4
Guinea,Guinea,Annual Energy Exchanges: GWh,Senegal,2040,497.2,497.2,497.2
Guinea,Guinea,Annual Energy Exchanges: GWh,Senegal,2045,570.3,570.3,570.3
Guinea,Guinea,Annual Energy Exchanges: GWh,Senegal,2050,638.1,638.1,638.1
Guinea,Guinea,Annual Energy Exchanges: GWh,SierraLeone,2026,5.2,5.2,5.2
Guinea,Guinea,Annual Energy Exchanges: GWh,SierraLeone,2027,69.2,69.2,69.2
Guinea,Guinea,Annual Energy Exchanges: GWh,SierraLeone,2028,22.9,22.9,22.9
Guinea,Guinea,Annual Energy Exchanges: GWh,SierraLeone,2029,53.7,53.7,53.7
Guinea,Guinea,Annual Energy Exchanges: GWh,SierraLeone,2030,126.4,126.4,126.4
Guinea,Guinea,Annual Energy Exchanges: GWh,SierraLeone,2031,145.1,145.1,145.1
Guinea,Guinea,Annual Energy Exchanges: GWh,SierraLeone,2032,111.9,111.9,111.9
Guinea,Guinea,Annual Energy Exchanges: GWh,SierraLeone,2033,135.4,135.4,135.4
Guinea,Guinea,Annual Energy Exchanges: GWh,SierraLeone,2034,161.6,161.6,161.6
Guinea,Guinea,Annual Energy Exchanges: GWh,SierraLeone,2035,157.3,157.3,157.3
Guinea,Guinea,Annual Energy Exchanges: GWh,SierraLeone,2040,106.8,106.8,106.8
Guinea,Guinea,Annual Energy Exchanges: GWh,SierraLeone,2045,93.9,93.9,93.9
Guinea,Guinea,Annual Energy Exchanges: GWh,SierraLeone,2050,78.5,78.5,78.5
Guinea,Guinea,Capacity: MW,Battery,2045,57.3,57.3,57.3
Guinea,Guinea,Capacity: MW,Battery,2050,218.9,218.9,218.9
Guinea,Guinea,Capacity: MW,Diesel,2026,353.0,353.0,353.0
Guinea,Guinea,Capacity: MW,PV,2030,500.0,500.0,500.0
Guinea,Guinea,Capacity: MW,PV,2031,781.7,781.7,781.7
Guinea,Guinea,Capacity: MW,PV,2032,781.7,781.7,781.7
Guinea,Guinea,Capacity: MW,PV,2033,781.7,781.7,781.7
Guinea,Guinea,Capacity: MW,PV,2034,781.7,781.7,781.7
Guinea,Guinea,Capacity: MW,PV,2035,781.7,781.7,781.7
Guinea,Guinea,Capacity: MW,PV,2040,820.6,820.6,820.6
Guinea,Guinea,Capacity: MW,PV,2045,1619.4,1619.4,1619.4
Guinea,Guinea,Capacity: MW,PV,2050,2907.3,2907.3,2907.3
Guinea,Guinea,Capacity: MW,Reservoir,2026,838.0,838.0,838.0
Guinea,Guinea,Capacity: MW,Reservoir,2027,1138.0,1138.0,1138.0
Guinea,Guinea,Capacity: MW,Reservoir,2028,1138.0,1138.0,1138.0
Guinea,Guinea,Capacity: MW,Reservoir,2029,1138.0,1138.0,1138.0
Guinea,Guinea,Capacity: MW,Reservoir,2030,1532.7,1532.7,1532.7
Guinea,Guinea,Capacity: MW,Reservoir,2031,1532.7,1532.7,1532.7
Guinea,Guinea,Capacity: MW,Reservoir,2032,1532.7,1532.7,1532.7
Guinea,Guinea,Capacity: MW,Reservoir,2033,1532.7,1532.7,1532.7
Guinea,Guinea,Capacity: MW,Reservoir,2034,1532.7,1532.7,1532.7
Guinea,Guinea,Capacity: MW,Reservoir,2035,1532.7,1532.7,1532.7
Guinea,Guinea,Capacity: MW,Reservoir,2040,1613.4,1613.4,1613.4
Guinea,Guinea,Capacity: MW,Reservoir,2045,1716.3,1716.3,1716.3
Guinea,Guinea,Capacity: MW,Reservoir,2050,1716.3,1716.3,1716.3
Guinea,Guinea,Demand: GWh,,2026,4170.6,4170.6,4170.6
Guinea,Guinea,Demand: GWh,,2027,4429.9,4429.9,4429.9
Guinea,Guinea,Demand: GWh,,2028,4689.1,4689.1,4689.1
Guinea,Guinea,Demand: GWh,,2029,4948.4,4948.4,4948.4
Guinea,Guinea,Demand: GWh,,2030,5207.7,5207.7,5207.7
Guinea,Guinea,Demand: GWh,,2031,5467.0,5467.0,5467.0
Guinea,Guinea,Demand: GWh,,2032,5726.3,5726.3,5726.3
Guinea,Guinea,Demand: GWh,,2033,5985.6,5985.6,5985.6
Guinea,Guinea,Demand: GWh,,2034,6244.9,6244.9,6244.9
Guinea,Guinea,Demand: GWh,,2035,6504.1,6504.1,6504.1
Guinea,Guinea,Demand: GWh,,2040,7800.6,7800.6,7800.6
Guinea,Guinea,Demand: GWh,,2045,9097.0,9097.0,9097.0
Guinea,Guinea,Demand: GWh,,2050,10393.4,10393.4,10393.4
Guinea,Guinea,Emissions: MtCO2,,2026,0.3,0.3,0.3
Guinea,Guinea,Energy: GWh,Battery,2045,18.0,18.0,18.0
Guinea,Guinea,Energy: GWh,Battery,2050,311.4,311.4,311.4
Guinea,Guinea,Energy: GWh,Diesel,2026,405.5,405.5,405.5
Guinea,Guinea,Energy: GWh,PV,2030,756.6,756.6,756.6
Guinea,Guinea,Energy: GWh,PV,2031,1176.1,1176.1,1176.1
Guinea,Guinea,Energy: GWh,PV,2032,1172.7,1172.7,1172.7
Guinea,Guinea,Energy: GWh,PV,2033,1165.4,1165.4,1165.4
Guinea,Guinea,Energy: GWh,PV,2034,1154.7,1154.7,1154.7
Guinea,Guinea,Energy: GWh,PV,2035,1153.6,1153.6,1153.6
Guinea,Guinea,Energy: GWh,PV,2040,1134.4,1134.4,1134.4
Guinea,Guinea,Energy: GWh,PV,2045,2117.6,2117.6,2117.6
Guinea,Guinea,Energy: GWh,PV,2050,3838.3,3838.3,3838.3
Guinea,Guinea,Energy: GWh,Reservoir,2026,3802.8,3802.8,3802.8
Guinea,Guinea,Energy: GWh,Reservoir,2027,5070.7,5070.7,5070.7
Guinea,Guinea,Energy: GWh,Reservoir,2028,5070.7,5070.7,5070.7
Guinea,Guinea,Energy: GWh,Reservoir,2029,5070.7,5070.7,5070.7
Guinea,Guinea,Energy: GWh,Reservoir,2030,6534.6,6534.6,6534.6
Guinea,Guinea,Energy: GWh,Reservoir,2031,6522.1,6522.1,6522.1
Guinea,Guinea,Energy: GWh,Reservoir,2032,6545.4,6545.4,6545.4
Guinea,Guinea,Energy: GWh,Reservoir,2033,6573.0,6573.0,6573.0
Guinea,Guinea,Energy: GWh,Reservoir,2034,6626.8,6626.8,6626.8
Guinea,Guinea,Energy: GWh,Reservoir,2035,6641.1,6641.1,6641.1
Guinea,Guinea,Energy: GWh,Reservoir,2040,6938.7,6938.7,6938.7
Guinea,Guinea,Energy: GWh,Reservoir,2045,7212.5,7212.5,7212.5
Guinea,Guinea,Energy: GWh,Reservoir,2050,7212.5,7212.5,7212.5
Guinea,Guinea,Export revenues with internal zones: $/MWh,,,-56.1,-56.1,-56.1
Guinea,Guinea,Exports exchange: GWh,,2026,1031.2,1031.2,1031.2
Guinea,Guinea,Exports exchange: GWh,,2027,1301.6,1301.6,1301.6
Guinea,Guinea,Exports exchange: GWh,,2028,1576.1,1576.1,1576.1
Guinea,Guinea,Exports exchange: GWh,,2029,1455.2,1455.2,1455.2
Guinea,Guinea,Exports exchange: GWh,,2030,2450.9,2450.9,2450.9
Guinea,Guinea,Exports exchange: GWh,,2031,2530.7,2530.7,2530.7
Guinea,Guinea,Exports exchange: GWh,,2032,2421.2,2421.2,2421.2
Guinea,Guinea,Exports exchange: GWh,,2033,2290.8,2290.8,2290.8
Guinea,Guinea,Exports exchange: GWh,,2034,2185.2,2185.2,2185.2
Guinea,Guinea,Exports exchange: GWh,,2035,2071.7,2071.7,2071.7
Guinea,Guinea,Exports exchange: GWh,,2040,1644.2,1644.2,1644.2
Guinea,Guinea,Exports exchange: GWh,,2045,1620.9,1620.9,1620.9
Guinea,Guinea,Exports exchange: GWh,,2050,1679.9,1679.9,1679.9
Guinea,Guinea,Fixed O&M: $/MWh,,,12.6,12.6,12.6
Guinea,Guinea,Fixed O&M: $m,,2026,54.6,54.6,54.6
Guinea,Guinea,Fixed O&M: $m,,2027,56.9,56.9,56.9
Guinea,Guinea,Fixed O&M: $m,,2028,56.9,56.9,56.9
Guinea,Guinea,Fixed O&M: $m,,2029,56.9,56.9,56.9
Guinea,Guinea,Fixed O&M: $m,,2030,82.6,82.6,82.6
Guinea,Guinea,Fixed O&M: $m,,2031,86.0,86.0,86.0
Guinea,Guinea,Fixed O&M: $m,,2032,86.0,86.0,86.0
Guinea,Guinea,Fixed O&M: $m,,2033,86.0,86.0,86.0
Guinea,Guinea,Fixed O&M: $m,,2034,86.0,86.0,86.0
Guinea,Guinea,Fixed O&M: $m,,2035,86.0,86.0,86.0
Guinea,Guinea,Fixed O&M: $m,,2040,90.5,90.5,90.5
Guinea,Guinea,Fixed O&M: $m,,2045,106.0,106.0,106.0
Guinea,Guinea,Fixed O&M: $m,,2050,123.7,123.7,123.7
Guinea,Guinea,Fuel costs: $/MWh,,,0.6,0.6,0.6
Guinea,Guinea,Fuel costs: $m,,2026,54.7,54.7,54.7
Guinea,Guinea,Generation: GWh,,2026,4208.3,4208.3,4208.3
Guinea,Guinea,Generation: GWh,,2027,5070.7,5070.7,5070.7
Guinea,Guinea,Generation: GWh,,2028,5070.7,5070.7,5070.7
Guinea,Guinea,Generation: GWh,,2029,5070.7,5070.7,5070.7
Guinea,Guinea,Generation: GWh,,2030,7291.2,7291.2,7291.2
Guinea,Guinea,Generation: GWh,,2031,7698.2,7698.2,7698.2
Guinea,Guinea,Generation: GWh,,2032,7718.1,7718.1,7718.1
Guinea,Guinea,Generation: GWh,,2033,7738.4,7738.4,7738.4
Guinea,Guinea,Generation: GWh,,2034,7781.4,7781.4,7781.4
Guinea,Guinea,Generation: GWh,,2035,7794.7,7794.7,7794.7
Guinea,Guinea,Generation: GWh,,2040,8073.1,8073.1,8073.1
Guinea,Guinea,Generation: GWh,,2045,9348.1,9348.1,9348.1
Guinea,Guinea,Generation: GWh,,2050,11362.2,11362.2,11362.2
Guinea,Guinea,Import costs with internal zones: $/MWh,,,36.3,36.3,36.3
Guinea,Guinea,Import costs with internal zones: $m,,2026,867.9,867.9,867.9
Guinea,Guinea,Import costs with internal zones: $m,,2027,486.7,486.7,486.7
Guinea,Guinea,Import costs with internal zones: $m,,2028,796.2,796.2,796.2
Guinea,Guinea,Import costs with internal zones: $m,,2029,691.0,691.0,691.0
Guinea,Guinea,Import costs with internal zones: $m,,2030,98.0,98.0,98.0
Guinea,Guinea,Import costs with internal zones: $m,,2031,44.6,44.6,44.6
Guinea,Guinea,Import costs with internal zones: $m,,2032,12.6,12.6,12.6
Guinea,Guinea,Import costs with internal zones: $m,,2033,59.6,59.6,59.6
Guinea,Guinea,Import costs with internal zones: $m,,2034,39.8,39.8,39.8
Guinea,Guinea,Import costs with internal zones: $m,,2035,31.2,31.2,31.2
Guinea,Guinea,Import costs with internal zones: $m,,2040,88.8,88.8,88.8
Guinea,Guinea,Import costs with internal zones: $m,,2045,94.2,94.2,94.2
Guinea,Guinea,Import costs with internal zones: $m,,2050,85.8,85.8,85.8
Guinea,Guinea,Imports exchange: GWh,,2026,993.5,993.5,993.5
Guinea,Guinea,Imports exchange: GWh,,2027,660.8,660.8,660.8
Guinea,Guinea,Imports exchange: GWh,,2028,1194.6,1194.6,1194.6
Guinea,Guinea,Imports exchange: GWh,,2029,1332.9,1332.9,1332.9
Guinea,Guinea,Imports exchange: GWh,,2030,367.4,367.4,367.4
Guinea,Guinea,Imports exchange: GWh,,2031,299.6,299.6,299.6
Guinea,Guinea,Imports exchange: GWh,,2032,429.4,429.4,429.4
Guinea,Guinea,Imports exchange: GWh,,2033,538.0,538.0,538.0
Guinea,Guinea,Imports exchange: GWh,,2034,648.7,648.7,648.7
Guinea,Guinea,Imports exchange: GWh,,2035,781.2,781.2,781.2
Guinea,Guinea,Imports exchange: GWh,,2040,1371.6,1371.6,1371.6
Guinea,Guinea,Imports exchange: GWh,,2045,1391.8,1391.8,1391.8
Guinea,Guinea,Imports exchange: GWh,,2050,1153.8,1153.8,1153.8
Guinea,Guinea,Investment costs: $/MWh,,,40.9,40.9,40.9
Guinea,Guinea,Investment costs: $m,,2027,99.9,99.9,99.9
Guinea,Guinea,Investment costs: $m,,2028,99.9,99.9,99.9
Guinea,Guinea,Investment costs: $m,,2029,99.9,99.9,99.9
Guinea,Guinea,Investment costs: $m,,2030,275.3,275.3,275.3
Guinea,Guinea,Investment costs: $m,,2031,299.5,299.5,299.5
Guinea,Guinea,Investment costs: $m,,2032,299.5,299.5,299.5
Guinea,Guinea,Investment costs: $m,,2033,299.5,299.5,299.5
Guinea,Guinea,Investment costs: $m,,2034,299.5,299.5,299.5
Guinea,Guinea,Investment costs: $m,,2035,299.5,299.5,299.5
Guinea,Guinea,Investment costs: $m,,2040,328.9,328.9,328.9
Guinea,Guinea,Investment costs: $m,,2045,410.1,410.1,410.1
Guinea,Guinea,Investment costs: $m,,2050,485.4,485.4,485.4
Guinea,Guinea,New Capacity: MW,Battery,2045,57.3,57.3,57.3
Guinea,Guinea,New Capacity: MW,Battery,2050,161.7,161.7,161.7
Guinea,Guinea,New Capacity: MW,PV,2030,500.0,500.0,500.0
Guinea,Guinea,New Capacity: MW,PV,2031,281.7,281.7,281.7
Guinea,Guinea,New Capacity: MW,PV,2040,38.9,38.9,38.9
Guinea,Guinea,New Capacity: MW,PV,2045,798.8,798.8,798.8
Guinea,Guinea,New Capacity: MW,PV,2050,1287.8,1287.8,1287.8
Guinea,Guinea,New Capacity: MW,Reservoir,2027,300.0,300.0,300.0
Guinea,Guinea,New Capacity: MW,Reservoir,2030,394.7,394.7,394.7
Guinea,Guinea,New Capacity: MW,Reservoir,2040,80.6,80.6,80.6
Guinea,Guinea,New Capacity: MW,Reservoir,2045,102.9,102.9,102.9
Guinea,Guinea,Price: $/MWh,,2026,873.9,873.9,873.9
Guinea,Guinea,Price: $/MWh,,2027,675.1,675.1,675.1
Guinea,Guinea,Price: $/MWh,,2028,648.5,648.5,648.5
Guinea,Guinea,Price: $/MWh,,2029,506.4,506.4,506.4
Guinea,Guinea,Price: $/MWh,,2030,237.3,237.3,237.3
Guinea,Guinea,Price: $/MWh,,2031,152.4,152.4,152.4
Guinea,Guinea,Price: $/MWh,,2032,39.3,39.3,39.3
Guinea,Guinea,Price: $/MWh,,2033,123.4,123.4,123.4
Guinea,Guinea,Price: $/MWh,,2034,57.5,57.5,57.5
Guinea,Guinea,Price: $/MWh,,2035,49.1,49.1,49.1
Guinea,Guinea,Price: $/MWh,,2040,77.7,77.7,77.7
Guinea,Guinea,Price: $/MWh,,2045,84.8,84.8,84.8
Guinea,Guinea,Price: $/MWh,,2050,81.3,81.3,81.3
Guinea,Guinea,Spinning Reserve: GWh,,2026,1098.3,1098.3,1098.3
Guinea,Guinea,Spinning Reserve: GWh,,2027,493.9,493.9,493.9
Guinea,Guinea,Spinning Reserve: GWh,,2028,522.8,522.8,522.8
Guinea,Guinea,Spinning Reserve: GWh,,2029,551.7,551.7,551.7
Guinea,Guinea,Spinning Reserve: GWh,,2030,694.1,694.1,694.1
Guinea,Guinea,Spinning Reserve: GWh,,2031,785.7,785.7,785.7
Guinea,Guinea,Spinning Reserve: GWh,,2032,813.4,813.4,813.4
Guinea,Guinea,Spinning Reserve: GWh,,2033,840.2,840.2,840.2
Guinea,Guinea,Spinning Reserve: GWh,,2034,867.0,867.0,867.0
Guinea,Guinea,Spinning Reserve: GWh,,2035,894.3,894.3,894.3
Guinea,Guinea,Spinning Reserve: GWh,,2040,1033.9,1033.9,1033.9
Guinea,Guinea,Spinning Reserve: GWh,,2045,1322.4,1322.4,1322.4
Guinea,Guinea,Spinning Reserve: GWh,,2050,1730.5,1730.5,1730.5
Guinea,Guinea,Surplus generation: GWh,,2050,4.2,4.2,4.2
Guinea,Guinea,Total Demand: GWh,,2026,4170.6,4170.6,4170.6
Guinea,Guinea,Total Demand: GWh,,2027,4429.9,4429.9,4429.9
Guinea,Guinea,Total Demand: GWh,,2028,4689.1,4689.1,4689.1
Guinea,Guinea,Total Demand: GWh,,2029,4948.4,4948.4,4948.4
Guinea,Guinea,Total Demand: GWh,,2030,5207.7,5207.7,5207.7
Guinea,Guinea,Total Demand: GWh,,2031,5467.0,5467.0,5467.0
Guinea,Guinea,Total Demand: GWh,,2032,5726.3,5726.3,5726.3
Guinea,Guinea,Total Demand: GWh,,2033,5985.6,5985.6,5985.6
Guinea,Guinea,Total Demand: GWh,,2034,6244.9,6244.9,6244.9
Guinea,Guinea,Total Demand: GWh,,2035,6504.1,6504.1,6504.1
Guinea,Guinea,Total Demand: GWh,,2040,7800.6,7800.6,7800.6
Guinea,Guinea,Total Demand: GWh,,2045,9097.0,9097.0,9097.0
Guinea,Guinea,Total Demand: GWh,,2050,10393.4,10393.4,10393.4
Guinea,Guinea,Trade shared benefits: $/MWh,,,-40.1,-40.1,-40.1
Guinea,Guinea,Transmission Capacity: MW,GuineaBissau,2026,73.2,73.2,73.2
Guinea,Guinea,Transmission Capacity: MW,GuineaBissau,2027,73.2,73.2,73.2
Guinea,Guinea,Transmission Capacity: MW,GuineaBissau,2028,73.2,73.2,73.2
Guinea,Guinea,Transmission Capacity: MW,GuineaBissau,2029,73.2,73.2,73.2
Guinea,Guinea,Transmission Capacity: MW,GuineaBissau,2030,73.2,73.2,73.2
Guinea,Guinea,Transmission Capacity: MW,GuineaBissau,2031,73.2,73.2,73.2
Guinea,Guinea,Transmission Capacity: MW,GuineaBissau,2032,73.2,73.2,73.2
Guinea,Guinea,Transmission Capacity: MW,GuineaBissau,2033,73.2,73.2,73.2
Guinea,Guinea,Transmission Capacity: MW,GuineaBissau,2034,73.2,73.2,73.2
Guinea,Guinea,Transmission Capacity: MW,GuineaBissau,2035,73.2,73.2,73.2
Guinea,Guinea,Transmission Capacity: MW,GuineaBissau,2040,73.2,73.2,73.2
Guinea,Guinea,Transmission Capacity: MW,GuineaBissau,2045,73.2,73.2,73.2
Guinea,Guinea,Transmission Capacity: MW,GuineaBissau,2050,73.2,73.2,73.2
Guinea,Guinea,Transmission Capacity: MW,Liberia,2026,52.0,52.0,52.0
Guinea,Guinea,Transmission Capacity: MW,Liberia,2027,52.0,52.0,52.0
Guinea,Guinea,Transmission Capacity: MW,Liberia,2028,52.0,52.0,52.0
Guinea,Guinea,Transmission Capacity: MW,Liberia,2029,52.0,52.0,52.0
Guinea,Guinea,Transmission Capacity: MW,Liberia,2030,52.0,52.0,52.0
Guinea,Guinea,Transmission Capacity: MW,Liberia,2031,52.0,52.0,52.0
Guinea,Guinea,Transmission Capacity: MW,Liberia,2032,52.0,52.0,52.0
Guinea,Guinea,Transmission Capacity: MW,Liberia,2033,52.0,52.0,52.0
Guinea,Guinea,Transmission Capacity: MW,Liberia,2034,52.0,52.0,52.0
Guinea,Guinea,Transmission Capacity: MW,Liberia,2035,52.0,52.0,52.0
Guinea,Guinea,Transmission Capacity: MW,Liberia,2040,52.0,52.0,52.0
Guinea,Guinea,Transmission Capacity: MW,Liberia,2045,52.0,52.0,52.0
Guinea,Guinea,Transmission Capacity: MW,Liberia,2050,52.0,52.0,52.0
Guinea,Guinea,Transmission Capacity: MW,Mali,2026,25.0,25.0,25.0
Guinea,Guinea,Transmission Capacity: MW,Mali,2027,25.0,25.0,25.0
Guinea,Guinea,Transmission Capacity: MW,Mali,2028,100.0,100.0,100.0
Guinea,Guinea,Transmission Capacity: MW,Mali,2029,100.0,100.0,100.0
Guinea,Guinea,Transmission Capacity: MW,Mali,2030,100.0,100.0,100.0
Guinea,Guinea,Transmission Capacity: MW,Mali,2031,100.0,100.0,100.0
Guinea,Guinea,Transmission Capacity: MW,Mali,2032,100.0,100.0,100.0
Guinea,Guinea,Transmission Capacity: MW,Mali,2033,100.0,100.0,100.0
Guinea,Guinea,Transmission Capacity: MW,Mali,2034,100.0,100.0,100.0
Guinea,Guinea,Transmission Capacity: MW,Mali,2035,100.0,100.0,100.0
Guinea,Guinea,Transmission Capacity: MW,Mali,2040,100.0,100.0,100.0
Guinea,Guinea,Transmission Capacity: MW,Mali,2045,100.0,100.0,100.0
Guinea,Guinea,Transmission Capacity: MW,Mali,2050,100.0,100.0,100.0
Guinea,Guinea,Transmission Capacity: MW,Senegal,2026,120.0,120.0,120.0
Guinea,Guinea,Transmission Capacity: MW,Senegal,2027,120.0,120.0,120.0
Guinea,Guinea,Transmission Capacity: MW,Senegal,2028,120.0,120.0,120.0
Guinea,Guinea,Transmission Capacity: MW,Senegal,2029,120.0,120.0,120.0
Guinea,Guinea,Transmission Capacity: MW,Senegal,2030,120.0,120.0,120.0
Guinea,Guinea,Transmission Capacity: MW,Senegal,2031,120.0,120.0,120.0
Guinea,Guinea,Transmission Capacity: MW,Senegal,2032,120.0,120.0,120.0
Guinea,Guinea,Transmission Capacity: MW,Senegal,2033,120.0,120.0,120.0
Guinea,Guinea,Transmission Capacity: MW,Senegal,2034,120.0,120.0,120.0
Guinea,Guinea,Transmission Capacity: MW,Senegal,2035,120.0,120.0,120.0
Guinea,Guinea,Transmission Capacity: MW,Senegal,2040,120.0,120.0,120.0
Guinea,Guinea,Transmission Capacity: MW,Senegal,2045,120.0,120.0,120.0
Guinea,Guinea,Transmission Capacity: MW,Senegal,2050,120.0,120.0,120.0
Guinea,Guinea,Transmission Capacity: MW,SierraLeone,2026,26.0,26.0,26.0
Guinea,Guinea,Transmission Capacity: MW,SierraLeone,2027,26.0,26.0,26.0
Guinea,Guinea,Transmission Capacity: MW,SierraLeone,2028,26.0,26.0,26.0
Guinea,Guinea,Transmission Capacity: MW,SierraLeone,2029,26.0,26.0,26.0
Guinea,Guinea,Transmission Capacity: MW,SierraLeone,2030,26.0,26.0,26.0
Guinea,Guinea,Transmission Capacity: MW,SierraLeone,2031,26.0,26.0,26.0
Guinea,Guinea,Transmission Capacity: MW,SierraLeone,2032,26.0,26.0,26.0
Guinea,Guinea,Transmission Capacity: MW,SierraLeone,2033,26.0,26.0,26.0
Guinea,Guinea,Transmission Capacity: MW,SierraLeone,2034,26.0,26.0,26.0
Guinea,Guinea,Transmission Capacity: MW,SierraLeone,2035,26.0,26.0,26.0
Guinea,Guinea,Transmission Capacity: MW,SierraLeone,2040,26.0,26.0,26.0
Guinea,Guinea,Transmission Capacity: MW,SierraLeone,2045,26.0,26.0,26.0
Guinea,Guinea,Transmission Capacity: MW,SierraLeone,2050,26.0,26.0,26.0
Guinea,Guinea,Unmet country CO2 backstop cost: $/MWh,,,3.2,3.2,3.2
Guinea,Guinea,Unmet country CO2 backstop cost: $m,,2026,298.9,298.9,298.9
Guinea,Guinea,Unmet country spinning reserve costs: $/MWh,,,0.1,0.1,0.1
Guinea,Guinea,Unmet country spinning reserve costs: $m,,2031,0.0,0.0,0.0
Guinea,Guinea,Unmet country spinning reserve costs: $m,,2032,0.1,0.1,0.1
Guinea,Guinea,Unmet country spinning reserve costs: $m,,2033,0.2,0.2,0.2
Guinea,Guinea,Unmet country spinning reserve costs: $m,,2034,0.3,0.3,0.3
Guinea,Guinea,Unmet country spinning reserve costs: $m,,2035,0.4,0.4,0.4
Guinea,Guinea,Unmet country spinning reserve costs: $m,,2040,0.6,0.6,0.6
Guinea,Guinea,Unmet country spinning reserve costs: $m,,2045,1.0,1.0,1.0
Guinea,Guinea,Unmet country spinning reserve costs: $m,,2050,0.7,0.7,0.7
Guinea,Guinea,Variable O&M: $/MWh,,,0.5,0.5,0.5
Guinea,Guinea,Variable O&M: $m,,2026,4.9,4.9,4.9
Guinea,Guinea,Variable O&M: $m,,2027,2.5,2.5,2.5
Guinea,Guinea,Variable O&M: $m,,2028,2.5,2.5,2.5
Guinea,Guinea,Variable O&M: $m,,2029,2.5,2.5,2.5
Guinea,Guinea,Variable O&M: $m,,2030,3.3,3.3,3.3
Guinea,Guinea,Variable O&M: $m,,2031,3.3,3.3,3.3
Guinea,Guinea,Variable O&M: $m,,2032,3.3,3.3,3.3
Guinea,Guinea,Variable O&M: $m,,2033,3.3,3.3,3.3
Guinea,Guinea,Variable O&M: $m,,2034,3.3,3.3,3.3
Guinea,Guinea,Variable O&M: $m,,2035,3.3,3.3,3.3
Guinea,Guinea,Variable O&M: $m,,2040,3.5,3.5,3.5
Guinea,Guinea,Variable O&M: $m,,2045,3.6,3.6,3.6
Guinea,Guinea,Variable O&M: $m,,2050,3.6,3.6,3.6
GuineaBissau,GuineaBissau,Annual Energy Exchanges: GWh,Guinea,2026,9.6,9.6,9.6
GuineaBissau,GuineaBissau,Annual Energy Exchanges: GWh,Guinea,2027,16.8,16.8,16.8
GuineaBissau,GuineaBissau,Annual Energy Exchanges: GWh,Guinea,2028,10.4,10.4,10.4
GuineaBissau,GuineaBissau,Annual Energy Exchanges: GWh,Guinea,2029,15.0,15.0,15.0
GuineaBissau,GuineaBissau,Annual Energy Exchanges: GWh,Guinea,2030,52.7,52.7,52.7
GuineaBissau,GuineaBissau,Annual Energy Exchanges: GWh,Guinea,2031,47.8,47.8,47.8
GuineaBissau,GuineaBissau,Annual Energy Exchanges: GWh,Guinea,2032,45.7,45.7,45.7
GuineaBissau,GuineaBissau,Annual Energy Exchanges: GWh,Guinea,2033,43.2,43.2,43.2
GuineaBissau,GuineaBissau,Annual Energy Exchanges: GWh,Guinea,2034,40.8,40.8,40.8
GuineaBissau,GuineaBissau,Annual Energy Exchanges: GWh,Guinea,2035,38.2,38.2,38.2
GuineaBissau,GuineaBissau,Annual Energy Exchanges: GWh,Guinea,2040,29.0,29.0,29.0
GuineaBissau,GuineaBissau,Annual Energy Exchanges: GWh,Guinea,2045,48.4,48.4,48.4
GuineaBissau,GuineaBissau,Annual Energy Exchanges: GWh,Guinea,2050,38.2,38.2,38.2
GuineaBissau,GuineaBissau,Capacity: MW,Battery,2029,11.2,11.2,11.2
GuineaBissau,GuineaBissau,Capacity: MW,Battery,2030,54.7,54.7,54.7
GuineaBissau,GuineaBissau,Capacity: MW,Battery,2031,67.3,67.3,67.3
GuineaBissau,GuineaBissau,Capacity: MW,Battery,2032,67.3,67.3,67.3
GuineaBissau,GuineaBissau,Capacity: MW,Battery,2033,79.9,79.9,79.9
GuineaBissau,GuineaBissau,Capacity: MW,Battery,2034,91.5,91.5,91.5
GuineaBissau,GuineaBissau,Capacity: MW,Battery,2035,96.9,96.9,96.9
GuineaBissau,GuineaBissau,Capacity: MW,Battery,2040,161.0,161.0,161.0
GuineaBissau,GuineaBissau,Capacity: MW,Battery,2045,221.0,221.0,221.0
GuineaBissau,GuineaBissau,Capacity: MW,Battery,2050,300.2,300.2,300.2
GuineaBissau,GuineaBissau,Capacity: MW,Diesel,2027,15.0,15.0,15.0
GuineaBissau,GuineaBissau,Capacity: MW,Diesel,2028,15.0,15.0,15.0
GuineaBissau,GuineaBissau,Capacity: MW,Diesel,2029,15.0,15.0,15.0
GuineaBissau,GuineaBissau,Capacity: MW,Diesel,2030,15.0,15.0,15.0
GuineaBissau,GuineaBissau,Capacity: MW,Diesel,2031,15.0,15.0,15.0
GuineaBissau,GuineaBissau,Capacity: MW,Diesel,2032,15.0,15.0,15.0
GuineaBissau,GuineaBissau,Capacity: MW,Diesel,2033,15.0,15.0,15.0
GuineaBissau,GuineaBissau,Capacity: MW,Diesel,2034,15.0,15.0,15.0
GuineaBissau,GuineaBissau,Capacity: MW,Diesel,2035,15.0,15.0,15.0
GuineaBissau,GuineaBissau,Capacity: MW,Diesel,2040,15.0,15.0,15.0
GuineaBissau,GuineaBissau,Capacity: MW,Diesel,2045,15.0,15.0,15.0
GuineaBissau,GuineaBissau,Capacity: MW,Diesel,2050,15.0,15.0,15.0
GuineaBissau,GuineaBissau,Capacity: MW,PV,2029,44.0,44.0,44.0
GuineaBissau,GuineaBissau,Capacity: MW,PV,2030,167.2,167.2,167.2
GuineaBissau,GuineaBissau,Capacity: MW,PV,2031,167.2,167.2,167.2
GuineaBissau,GuineaBissau,Capacity: MW,PV,2032,167.2,167.2,167.2
GuineaBissau,GuineaBissau,Capacity: MW,PV,2033,167.2,167.2,167.2
GuineaBissau,GuineaBissau,Capacity: MW,PV,2034,167.2,167.2,167.2
GuineaBissau,GuineaBissau,Capacity: MW,PV,2035,167.2,167.2,167.2
GuineaBissau,GuineaBissau,Capacity: MW,PV,2040,190.2,190.2,190.2
GuineaBissau,GuineaBissau,Capacity: MW,PV,2045,354.1,354.1,354.1
GuineaBissau,GuineaBissau,Capacity: MW,PV,2050,583.6,583.6,583.6
GuineaBissau,GuineaBissau,Capacity: MW,ROR,2032,25.0,25.0,25.0
GuineaBissau,GuineaBissau,Capacity: MW,ROR,2033,25.0,25.0,25.0
GuineaBissau,GuineaBissau,Capacity: MW,ROR,2034,25.0,25.0,25.0
GuineaBissau,GuineaBissau,Capacity: MW,ROR,2035,25.0,25.0,25.0
GuineaBissau,GuineaBissau,Capacity: MW,ROR,2040,25.0,25.0,25.0
GuineaBissau,GuineaBissau,Capacity: MW,ROR,2045,25.0,25.0,25.0
GuineaBissau,GuineaBissau,Capacity: MW,ROR,2050,25.0,25.0,25.0
GuineaBissau,GuineaBissau,Demand: GWh,,2026,199.0,199.0,199.0
GuineaBissau,GuineaBissau,Demand: GWh,,2027,265.0,265.0,265.0
GuineaBissau,GuineaBissau,Demand: GWh,,2028,332.0,332.0,332.0
GuineaBissau,GuineaBissau,Demand: GWh,,2029,365.0,365.0,365.0
GuineaBissau,GuineaBissau,Demand: GWh,,2030,398.0,398.0,398.0
GuineaBissau,GuineaBissau,Demand: GWh,,2031,431.0,431.0,431.0
GuineaBissau,GuineaBissau,Demand: GWh,,2032,464.0,464.0,464.0
GuineaBissau,GuineaBissau,Demand: GWh,,2033,498.0,498.0,498.0
GuineaBissau,GuineaBissau,Demand: GWh,,2034,531.0,531.0,531.0
GuineaBissau,GuineaBissau,Demand: GWh,,2035,564.0,564.0,564.0
GuineaBissau,GuineaBissau,Demand: GWh,,2040,730.0,730.0,730.0
GuineaBissau,GuineaBissau,Demand: GWh,,2045,896.0,896.0,896.0
GuineaBissau,GuineaBissau,Demand: GWh,,2050,1061.0,1061.0,1061.0
GuineaBissau,GuineaBissau,Emissions: MtCO2,,2027,0.0,0.0,0.0
GuineaBissau,GuineaBissau,Energy: GWh,Battery,2029,5.9,5.9,5.9
GuineaBissau,GuineaBissau,Energy: GWh,Battery,2030,40.5,40.5,40.5
GuineaBissau,GuineaBissau,Energy: GWh,Battery,2031,44.0,44.0,44.0
GuineaBissau,GuineaBissau,Energy: GWh,Battery,2032,47.7,47.7,47.7
GuineaBissau,GuineaBissau,Energy: GWh,Battery,2033,65.4,65.4,65.4
GuineaBissau,GuineaBissau,Energy: GWh,Battery,2034,70.5,70.5,70.5
GuineaBissau,GuineaBissau,Energy: GWh,Battery,2035,81.4,81.4,81.4
GuineaBissau,GuineaBissau,Energy: GWh,Battery,2040,132.6,132.6,132.6
GuineaBissau,GuineaBissau,Energy: GWh,Battery,2045,250.0,250.0,250.0
GuineaBissau,GuineaBissau,Energy: GWh,Battery,2050,443.5,443.5,443.5
GuineaBissau,GuineaBissau,Energy: GWh,Diesel,2027,60.8,60.8,60.8
GuineaBissau,GuineaBissau,Energy: GWh,Diesel,2028,3.6,3.6,3.6
GuineaBissau,GuineaBissau,Energy: GWh,Diesel,2029,3.5,3.5,3.5
GuineaBissau,GuineaBissau,Energy: GWh,Diesel,2032,0.0,0.0,0.0
GuineaBissau,GuineaBissau,Energy: GWh,Diesel,2035,0.7,0.7,0.7
GuineaBissau,GuineaBissau,Energy: GWh,PV,2029,59.7,59.7,59.7
GuineaBissau,GuineaBissau,Energy: GWh,PV,2030,227.0,227.0,227.0
GuineaBissau,GuineaBissau,Energy: GWh,PV,2031,226.9,226.9,226.9
GuineaBissau,GuineaBissau,Energy: GWh,PV,2032,227.0,227.0,227.0
GuineaBissau,GuineaBissau,Energy: GWh,PV,2033,225.5,225.5,225.5
GuineaBissau,GuineaBissau,Energy: GWh,PV,2034,225.7,225.7,225.7
GuineaBissau,GuineaBissau,Energy: GWh,PV,2035,227.0,227.0,227.0
GuineaBissau,GuineaBissau,Energy: GWh,PV,2040,258.3,258.3,258.3
GuineaBissau,GuineaBissau,Energy: GWh,PV,2045,480.7,480.7,480.7
GuineaBissau,GuineaBissau,Energy: GWh,PV,2050,785.6,785.6,785.6
GuineaBissau,GuineaBissau,Energy: GWh,ROR,2032,23.2,23.2,23.2
GuineaBissau,GuineaBissau,Energy: GWh,ROR,2033,21.8,21.8,21.8
GuineaBissau,GuineaBissau,Energy: GWh,ROR,2034,33.2,33.2,33.2
GuineaBissau,GuineaBissau,Energy: GWh,ROR,2035,49.1,49.1,49.1
GuineaBissau,GuineaBissau,Energy: GWh,ROR,2040,47.1,47.1,47.1
GuineaBissau,GuineaBissau,Energy: GWh,ROR,2045,49.1,49.1,49.1
GuineaBissau,GuineaBissau,Energy: GWh,ROR,2050,45.5,45.5,45.5
GuineaBissau,GuineaBissau,Export revenues with internal zones: $/MWh,,,-8.7,-8.7,-8.7
GuineaBissau,GuineaBissau,Exports exchange: GWh,,2026,9.6,9.6,9.6
GuineaBissau,GuineaBissau,Exports exchange: GWh,,2027,16.8,16.8,16.8
GuineaBissau,GuineaBissau,Exports exchange: GWh,,2028,10.4,10.4,10.4
GuineaBissau,GuineaBissau,Exports exchange: GWh,,2029,15.0,15.0,15.0
GuineaBissau,GuineaBissau,Exports exchange: GWh,,2030,52.7,52.7,52.7
GuineaBissau,GuineaBissau,Exports exchange: GWh,,2031,47.8,47.8,47.8
GuineaBissau,GuineaBissau,Exports exchange: GWh,,2032,45.7,45.7,45.7
GuineaBissau,GuineaBissau,Exports exchange: GWh,,2033,43.2,43.2,43.2
GuineaBissau,GuineaBissau,Exports exchange: GWh,,2034,40.8,40.8,40.8
GuineaBissau,GuineaBissau,Exports exchange: GWh,,2035,38.2,38.2,38.2
GuineaBissau,GuineaBissau,Exports exchange: GWh,,2040,29.0,29.0,29.0
GuineaBissau,GuineaBissau,Exports exchange: GWh,,2045,48.4,48.4,48.4
GuineaBissau,GuineaBissau,Exports exchange: GWh,,2050,38.2,38.2,38.2
GuineaBissau,GuineaBissau,Fixed O&M: $/MWh,,,10.3,10.3,10.3
GuineaBissau,GuineaBissau,Fixed O&M: $m,,2027,0.5,0.5,0.5
GuineaBissau,GuineaBissau,Fixed O&M: $m,,2028,0.5,0.5,0.5
GuineaBissau,GuineaBissau,Fixed O&M: $m,,2029,1.4,1.4,1.4
GuineaBissau,GuineaBissau,Fixed O&M: $m,,2030,4.1,4.1,4.1
GuineaBissau,GuineaBissau,Fixed O&M: $m,,2031,4.3,4.3,4.3
GuineaBissau,GuineaBissau,Fixed O&M: $m,,2032,5.3,5.3,5.3
GuineaBissau,GuineaBissau,Fixed O&M: $m,,2033,5.5,5.5,5.5
GuineaBissau,GuineaBissau,Fixed O&M: $m,,2034,5.7,5.7,5.7
GuineaBissau,GuineaBissau,Fixed O&M: $m,,2035,5.7,5.7,5.7
GuineaBissau,GuineaBissau,Fixed O&M: $m,,2040,7.0,7.0,7.0
GuineaBissau,GuineaBissau,Fixed O&M: $m,,2045,10.6,10.6,10.6
GuineaBissau,GuineaBissau,Fixed O&M: $m,,2050,15.6,15.6,15.6
GuineaBissau,GuineaBissau,Fuel costs: $/MWh,,,0.9,0.9,0.9
GuineaBissau,GuineaBissau,Fuel costs: $m,,2027,6.6,6.6,6.6
GuineaBissau,GuineaBissau,Fuel costs: $m,,2028,0.4,0.4,0.4
GuineaBissau,GuineaBissau,Fuel costs: $m,,2029,0.4,0.4,0.4
GuineaBissau,GuineaBissau,Fuel costs: $m,,2035,0.1,0.1,0.1
GuineaBissau,GuineaBissau,Generation: GWh,,2027,60.8,60.8,60.8
GuineaBissau,GuineaBissau,Generation: GWh,,2028,3.6,3.6,3.6
GuineaBissau,GuineaBissau,Generation: GWh,,2029,69.1,69.1,69.1
GuineaBissau,GuineaBissau,Generation: GWh,,2030,267.5,267.5,267.5
GuineaBissau,GuineaBissau,Generation: GWh,,2031,270.9,270.9,270.9
GuineaBissau,GuineaBissau,Generation: GWh,,2032,297.9,297.9,297.9
GuineaBissau,GuineaBissau,Generation: GWh,,2033,312.7,312.7,312.7
GuineaBissau,GuineaBissau,Generation: GWh,,2034,329.3,329.3,329.3
GuineaBissau,GuineaBissau,Generation: GWh,,2035,358.2,358.2,358.2
GuineaBissau,GuineaBissau,Generation: GWh,,2040,438.0,438.0,438.0
GuineaBissau,GuineaBissau,Generation: GWh,,2045,779.8,779.8,779.8
GuineaBissau,GuineaBissau,Generation: GWh,,2050,1274.6,1274.6,1274.6
GuineaBissau,GuineaBissau,Import costs with internal zones: $/MWh,,,142.8,142.8,142.8
GuineaBissau,GuineaBissau,Import costs with internal zones: $m,,2026,182.5,182.5,182.5
GuineaBissau,GuineaBissau,Import costs with internal zones: $m,,2027,147.7,147.7,147.7
GuineaBissau,GuineaBissau,Import costs with internal zones: $m,,2028,245.7,245.7,245.7
GuineaBissau,GuineaBissau,Import costs with internal zones: $m,,2029,198.0,198.0,198.0
GuineaBissau,GuineaBissau,Import costs with internal zones: $m,,2030,60.2,60.2,60.2
GuineaBissau,GuineaBissau,Import costs with internal zones: $m,,2031,48.0,48.0,48.0
GuineaBissau,GuineaBissau,Import costs with internal zones: $m,,2032,25.4,25.4,25.4
GuineaBissau,GuineaBissau,Import costs with internal zones: $m,,2033,52.0,52.0,52.0
GuineaBissau,GuineaBissau,Import costs with internal zones: $m,,2034,32.2,32.2,32.2
GuineaBissau,GuineaBissau,Import costs with internal zones: $m,,2035,43.1,43.1,43.1
GuineaBissau,GuineaBissau,Import costs with internal zones: $m,,2040,48.0,48.0,48.0
GuineaBissau,GuineaBissau,Import costs with internal zones: $m,,2045,45.6,45.6,45.6
GuineaBissau,GuineaBissau,Import costs with internal zones: $m,,2050,35.5,35.5,35.5
GuineaBissau,GuineaBissau,Imports exchange: GWh,,2026,208.6,208.6,208.6
GuineaBissau,GuineaBissau,Imports exchange: GWh,,2027,221.0,221.0,221.0
GuineaBissau,GuineaBissau,Imports exchange: GWh,,2028,337.8,337.8,337.8
GuineaBissau,GuineaBissau,Imports exchange: GWh,,2029,316.8,316.8,316.8
GuineaBissau,GuineaBissau,Imports exchange: GWh,,2030,234.2,234.2,234.2
GuineaBissau,GuineaBissau,Imports exchange: GWh,,2031,262.3,262.3,262.3
GuineaBissau,GuineaBissau,Imports exchange: GWh,,2032,270.8,270.8,270.8
GuineaBissau,GuineaBissau,Imports exchange: GWh,,2033,308.2,308.2,308.2
GuineaBissau,GuineaBissau,Imports exchange: GWh,,2034,327.9,327.9,327.9
GuineaBissau,GuineaBissau,Imports exchange: GWh,,2035,341.1,341.1,341.1
GuineaBissau,GuineaBissau,Imports exchange: GWh,,2040,479.8,479.8,479.8
GuineaBissau,GuineaBissau,Imports exchange: GWh,,2045,462.6,462.6,462.6
GuineaBissau,GuineaBissau,Imports exchange: GWh,,2050,404.0,404.0,404.0
GuineaBissau,GuineaBissau,Investment costs: $/MWh,,,50.3,50.3,50.3
GuineaBissau,GuineaBissau,Investment costs: $m,,2027,1.8,1.8,1.8
GuineaBissau,GuineaBissau,Investment costs: $m,,2028,1.8,1.8,1.8
GuineaBissau,GuineaBissau,Investment costs: $m,,2029,6.3,6.3,6.3
GuineaBissau,GuineaBissau,Investment costs: $m,,2030,21.3,21.3,21.3
GuineaBissau,GuineaBissau,Investment costs: $m,,2031,21.6,21.6,21.6
GuineaBissau,GuineaBissau,Investment costs: $m,,2032,29.1,29.1,29.1
GuineaBissau,GuineaBissau,Investment costs: $m,,2033,30.1,30.1,30.1
GuineaBissau,GuineaBissau,Investment costs: $m,,2034,30.3,30.3,30.3
GuineaBissau,GuineaBissau,Investment costs: $m,,2035,31.1,31.1,31.1
GuineaBissau,GuineaBissau,Investment costs: $m,,2040,37.2,37.2,37.2
GuineaBissau,GuineaBissau,Investment costs: $m,,2045,50.6,50.6,50.6
GuineaBissau,GuineaBissau,Investment costs: $m,,2050,68.1,68.1,68.1
GuineaBissau,GuineaBissau,Net interchange Ratio: GWh,,2026,1.0,1.0,1.0
GuineaBissau,GuineaBissau,Net interchange Ratio: GWh,,2027,0.8,0.8,0.8
GuineaBissau,GuineaBissau,Net interchange Ratio: GWh,,2028,1.0,1.0,1.0
GuineaBissau,GuineaBissau,Net interchange Ratio: GWh,,2029,0.8,0.8,0.8
GuineaBissau,GuineaBissau,Net interchange Ratio: GWh,,2030,0.5,0.5,0.5
GuineaBissau,GuineaBissau,Net interchange Ratio: GWh,,2031,0.5,0.5,0.5
GuineaBissau,GuineaBissau,Net interchange Ratio: GWh,,2032,0.5,0.5,0.5
GuineaBissau,GuineaBissau,Net interchange Ratio: GWh,,2033,0.5,0.5,0.5
GuineaBissau,GuineaBissau,Net interchange Ratio: GWh,,2034,0.5,0.5,0.5
GuineaBissau,GuineaBissau,Net interchange Ratio: GWh,,2035,0.5,0.5,0.5
GuineaBissau,GuineaBissau,Net interchange Ratio: GWh,,2040,0.6,0.6,0.6
GuineaBissau,GuineaBissau,Net interchange Ratio: GWh,,2045,0.5,0.5,0.5
GuineaBissau,GuineaBissau,Net interchange Ratio: GWh,,2050,0.3,0.3,0.3
GuineaBissau,GuineaBissau,Net interchange: GWh,,2026,199.0,199.0,199.0
GuineaBissau,GuineaBissau,Net interchange: GWh,,2027,204.2,204.2,204.2
GuineaBissau,GuineaBissau,Net interchange: GWh,,2028,327.4,327.4,327.4
GuineaBissau,GuineaBissau,Net interchange: GWh,,2029,301.8,301.8,301.8
GuineaBissau,GuineaBissau,Net interchange: GWh,,2030,181.5,181.5,181.5
GuineaBissau,GuineaBissau,Net interchange: GWh,,2031,214.4,214.4,214.4
GuineaBissau,GuineaBissau,Net interchange: GWh,,2032,225.1,225.1,225.1
GuineaBissau,GuineaBissau,Net interchange: GWh,,2033,265.0,265.0,265.0
GuineaBissau,GuineaBissau,Net interchange: GWh,,2034,287.1,287.1,287.1
GuineaBissau,GuineaBissau,Net interchange: GWh,,2035,302.9,302.9,302.9
GuineaBissau,GuineaBissau,Net interchange: GWh,,2040,450.8,450.8,450.8
GuineaBissau,GuineaBissau,Net interchange: GWh,,2045,414.2,414.2,414.2
GuineaBissau,GuineaBissau,Net interchange: GWh,,2050,365.8,365.8,365.8
GuineaBissau,GuineaBissau,New Capacity: MW,Battery,2029,11.2,11.2,11.2
GuineaBissau,GuineaBissau,New Capacity: MW,Battery,2030,43.4,43.4,43.4
GuineaBissau,GuineaBissau,New Capacity: MW,Battery,2031,12.7,12.7,12.7
GuineaBissau,GuineaBissau,New Capacity: MW,Battery,2033,12.6,12.6,12.6
GuineaBissau,GuineaBissau,New Capacity: MW,Battery,2034,11.5,11.5,11.5
GuineaBissau,GuineaBissau,New Capacity: MW,Battery,2035,5.4,5.4,5.4
GuineaBissau,GuineaBissau,New Capacity: MW,Battery,2040,64.1,64.1,64.1
GuineaBissau,GuineaBissau,New Capacity: MW,Battery,2045,60.0,60.0,60.0
GuineaBissau,GuineaBissau,New Capacity: MW,Battery,2050,79.2,79.2,79.2
GuineaBissau,GuineaBissau,New Capacity: MW,Diesel,2027,15.0,15.0,15.0
GuineaBissau,GuineaBissau,New Capacity: MW,PV,2029,44.0,44.0,44.0
GuineaBissau,GuineaBissau,New Capacity: MW,PV,2030,123.2,123.2,123.2
GuineaBissau,GuineaBissau,New Capacity: MW,PV,2040,23.0,23.0,23.0
GuineaBissau,GuineaBissau,New Capacity: MW,PV,2045,163.8,163.8,163.8
GuineaBissau,GuineaBissau,New Capacity: MW,PV,2050,229.5,229.5,229.5
GuineaBissau,GuineaBissau,New Capacity: MW,ROR,2032,25.0,25.0,25.0
GuineaBissau,GuineaBissau,Price: $/MWh,,2026,874.7,874.7,874.7
GuineaBissau,GuineaBissau,Price: $/MWh,,2027,699.9,699.9,699.9
GuineaBissau,GuineaBissau,Price: $/MWh,,2028,741.6,741.6,741.6
GuineaBissau,GuineaBissau,Price: $/MWh,,2029,635.5,635.5,635.5
GuineaBissau,GuineaBissau,Price: $/MWh,,2030,254.0,254.0,254.0
GuineaBissau,GuineaBissau,Price: $/MWh,,2031,182.0,182.0,182.0
GuineaBissau,GuineaBissau,Price: $/MWh,,2032,88.9,88.9,88.9
GuineaBissau,GuineaBissau,Price: $/MWh,,2033,168.1,168.1,168.1
GuineaBissau,GuineaBissau,Price: $/MWh,,2034,96.7,96.7,96.7
GuineaBissau,GuineaBissau,Price: $/MWh,,2035,133.8,133.8,133.8
GuineaBissau,GuineaBissau,Price: $/MWh,,2040,119.6,119.6,119.6
GuineaBissau,GuineaBissau,Price: $/MWh,,2045,103.1,103.1,103.1
GuineaBissau,GuineaBissau,Price: $/MWh,,2050,92.0,92.0,92.0
GuineaBissau,GuineaBissau,Spinning Reserve: GWh,,2027,26.3,26.3,26.3
GuineaBissau,GuineaBissau,Spinning Reserve: GWh,,2028,25.7,25.7,25.7
GuineaBissau,GuineaBissau,Spinning Reserve: GWh,,2029,61.6,61.6,61.6
GuineaBissau,GuineaBissau,Spinning Reserve: GWh,,2030,102.9,102.9,102.9
GuineaBissau,GuineaBissau,Spinning Reserve: GWh,,2031,108.1,108.1,108.1
GuineaBissau,GuineaBissau,Spinning Reserve: GWh,,2032,118.2,118.2,118.2
GuineaBissau,GuineaBissau,Spinning Reserve: GWh,,2033,115.6,115.6,115.6
GuineaBissau,GuineaBissau,Spinning Reserve: GWh,,2034,123.3,123.3,123.3
GuineaBissau,GuineaBissau,Spinning Reserve: GWh,,2035,132.1,132.1,132.1
GuineaBissau,GuineaBissau,Spinning Reserve: GWh,,2040,161.7,161.7,161.7
GuineaBissau,GuineaBissau,Spinning Reserve: GWh,,2045,211.2,211.2,211.2
GuineaBissau,GuineaBissau,Spinning Reserve: GWh,,2050,278.2,278.2,278.2
GuineaBissau,GuineaBissau,Surplus generation: GWh,,2030,2.2,2.2,2.2
GuineaBissau,GuineaBissau,Surplus generation: GWh,,2031,1.3,1.3,1.3
GuineaBissau,GuineaBissau,Surplus generation: GWh,,2033,1.4,1.4,1.4
GuineaBissau,GuineaBissau,Surplus generation: GWh,,2034,0.8,0.8,0.8
GuineaBissau,GuineaBissau,Surplus generation: GWh,,2050,30.3,30.3,30.3
GuineaBissau,GuineaBissau,Total Demand: GWh,,2026,199.0,199.0,199.0
GuineaBissau,GuineaBissau,Total Demand: GWh,,2027,265.0,265.0,265.0
GuineaBissau,GuineaBissau,Total Demand: GWh,,2028,332.0,332.0,332.0
GuineaBissau,GuineaBissau,Total Demand: GWh,,2029,365.0,365.0,365.0
GuineaBissau,GuineaBissau,Total Demand: GWh,,2030,398.0,398.0,398.0
GuineaBissau,GuineaBissau,Total Demand: GWh,,2031,431.0,431.0,431.0
GuineaBissau,GuineaBissau,Total Demand: GWh,,2032,464.0,464.0,464.0
GuineaBissau,GuineaBissau,Total Demand: GWh,,2033,498.0,498.0,498.0
GuineaBissau,GuineaBissau,Total Demand: GWh,,2034,531.0,531.0,531.0
GuineaBissau,GuineaBissau,Total Demand: GWh,,2035,564.0,564.0,564.0
GuineaBissau,GuineaBissau,Total Demand: GWh,,2040,730.0,730.0,730.0
GuineaBissau,GuineaBissau,Total Demand: GWh,,2045,896.0,896.0,896.0
GuineaBissau,GuineaBissau,Total Demand: GWh,,2050,1061.0,1061.0,1061.0
GuineaBissau,GuineaBissau,Trade shared benefits: $/MWh,,,-12.3,-12.3,-12.3
GuineaBissau,GuineaBissau,Transmission Capacity: MW,Guinea,2026,25.0,25.0,25.0
GuineaBissau,GuineaBissau,Transmission Capacity: MW,Guinea,2027,25.0,25.0,25.0
GuineaBissau,GuineaBissau,Transmission Capacity: MW,Guinea,2028,25.0,25.0,25.0
GuineaBissau,GuineaBissau,Transmission Capacity: MW,Guinea,2029,25.0,25.0,25.0
GuineaBissau,GuineaBissau,Transmission Capacity: MW,Guinea,2030,25.0,25.0,25.0
GuineaBissau,GuineaBissau,Transmission Capacity: MW,Guinea,2031,25.0,25.0,25.0
GuineaBissau,GuineaBissau,Transmission Capacity: MW,Guinea,2032,25.0,25.0,25.0
GuineaBissau,GuineaBissau,Transmission Capacity: MW,Guinea,2033,25.0,25.0,25.0
GuineaBissau,GuineaBissau,Transmission Capacity: MW,Guinea,2034,25.0,25.0,25.0
GuineaBissau,GuineaBissau,Transmission Capacity: MW,Guinea,2035,25.0,25.0,25.0
GuineaBissau,GuineaBissau,Transmission Capacity: MW,Guinea,2040,25.0,25.0,25.0
GuineaBissau,GuineaBissau,Transmission Capacity: MW,Guinea,2045,25.0,25.0,25.0
GuineaBissau,GuineaBissau,Transmission Capacity: MW,Guinea,2050,25.0,25.0,25.0
GuineaBissau,GuineaBissau,Unmet country CO2 backstop cost: $/MWh,,,5.9,5.9,5.9
GuineaBissau,GuineaBissau,Unmet country CO2 backstop cost: $m,,2027,44.8,44.8,44.8
GuineaBissau,GuineaBissau,Unmet country CO2 backstop cost: $m,,2028,2.7,2.7,2.7
GuineaBissau,GuineaBissau,Unmet country CO2 backstop cost: $m,,2029,2.6,2.6,2.6
GuineaBissau,GuineaBissau,Unmet country CO2 backstop cost: $m,,2032,0.0,0.0,0.0
GuineaBissau,GuineaBissau,Unmet country CO2 backstop cost: $m,,2035,0.5,0.5,0.5
GuineaBissau,GuineaBissau,Unmet country planning reserve costs: $/MWh,,,0.5,0.5,0.5
GuineaBissau,GuineaBissau,Unmet country planning reserve costs: $m,,2027,0.3,0.3,0.3
GuineaBissau,GuineaBissau,Unmet country planning reserve costs: $m,,2028,2.1,2.1,2.1
GuineaBissau,GuineaBissau,Unmet country planning reserve costs: $m,,2029,2.2,2.2,2.2
GuineaBissau,GuineaBissau,Unmet country spinning reserve costs: $/MWh,,,1.6,1.6,1.6
GuineaBissau,GuineaBissau,Unmet country spinning reserve costs: $m,,2026,4.1,4.1,4.1
GuineaBissau,GuineaBissau,Unmet country spinning reserve costs: $m,,2027,1.9,1.9,1.9
GuineaBissau,GuineaBissau,Unmet country spinning reserve costs: $m,,2028,2.3,2.3,2.3
GuineaBissau,GuineaBissau,Unmet country spinning reserve costs: $m,,2029,0.5,0.5,0.5
GuineaBissau,GuineaBissau,Unmet country spinning reserve costs: $m,,2030,0.2,0.2,0.2
GuineaBissau,GuineaBissau,Unmet country spinning reserve costs: $m,,2031,0.3,0.3,0.3
GuineaBissau,GuineaBissau,Unmet country spinning reserve costs: $m,,2032,0.1,0.1,0.1
GuineaBissau,GuineaBissau,Unmet country spinning reserve costs: $m,,2033,0.4,0.4,0.4
GuineaBissau,GuineaBissau,Unmet country spinning reserve costs: $m,,2034,0.4,0.4,0.4
GuineaBissau,GuineaBissau,Unmet country spinning reserve costs: $m,,2035,0.4,0.4,0.4
GuineaBissau,GuineaBissau,Unmet country spinning reserve costs: $m,,2040,0.5,0.5,0.5
GuineaBissau,GuineaBissau,Unmet country spinning reserve costs: $m,,2045,0.6,0.6,0.6
GuineaBissau,GuineaBissau,Unmet country spinning reserve costs: $m,,2050,0.6,0.6,0.6
GuineaBissau,GuineaBissau,Unmet demand costs: $/MWh,,,0.4,0.4,0.4
GuineaBissau,GuineaBissau,Unmet demand costs: $m,,2028,1.9,1.9,1.9
GuineaBissau,GuineaBissau,Unmet demand costs: $m,,2029,1.9,1.9,1.9
GuineaBissau,GuineaBissau,Unmet demand: GWh,,2028,1.0,1.0,1.0
GuineaBissau,GuineaBissau,Unmet demand: GWh,,2029,1.0,1.0,1.0
GuineaBissau,GuineaBissau,Variable O&M: $/MWh,,,0.1,0.1,0.1
GuineaBissau,GuineaBissau,Variable O&M: $m,,2027,0.5,0.5,0.5
GuineaBissau,GuineaBissau,Variable O&M: $m,,2028,0.0,0.0,0.0
GuineaBissau,GuineaBissau,Variable O&M: $m,,2029,0.0,0.0,0.0
GuineaBissau,GuineaBissau,Variable O&M: $m,,2032,0.0,0.0,0.0
GuineaBissau,GuineaBissau,Variable O&M: $m,,2033,0.0,0.0,0.0
GuineaBissau,GuineaBissau,Variable O&M: $m,,2034,0.0,0.0,0.0
GuineaBissau,GuineaBissau,Variable O&M: $m,,2035,0.0,0.0,0.0
GuineaBissau,GuineaBissau,Variable O&M: $m,,2040,0.0,0.0,0.0
GuineaBissau,GuineaBissau,Variable O&M: $m,,2045,0.0,0.0,0.0
GuineaBissau,GuineaBissau,Variable O&M: $m,,2050,0.0,0.0,0.0
IvoryCoast,IvoryCoast,Annual Energy Exchanges: GWh,Burkina,2026,1051.4,1051.4,1051.4
IvoryCoast,IvoryCoast,Annual Energy Exchanges: GWh,Burkina,2027,1112.5,1112.5,1112.5
IvoryCoast,IvoryCoast,Annual Energy Exchanges: GWh,Burkina,2028,1102.5,1102.5,1102.5
IvoryCoast,IvoryCoast,Annual Energy Exchanges: GWh,Burkina,2029,1058.1,1058.1,1058.1
IvoryCoast,IvoryCoast,Annual Energy Exchanges: GWh,Burkina,2030,1049.3,1049.3,1049.3
IvoryCoast,IvoryCoast,Annual Energy Exchanges: GWh,Burkina,2031,947.3,947.3,947.3
IvoryCoast,IvoryCoast,Annual Energy Exchanges: GWh,Burkina,2032,904.8,904.8,904.8
IvoryCoast,IvoryCoast,Annual Energy Exchanges: GWh,Burkina,2033,915.7,915.7,915.7
IvoryCoast,IvoryCoast,Annual Energy Exchanges: GWh,Burkina,2034,889.0,889.0,889.0
IvoryCoast,IvoryCoast,Annual Energy Exchanges: GWh,Burkina,2035,835.0,835.0,835.0
IvoryCoast,IvoryCoast,Annual Energy Exchanges: GWh,Burkina,2040,455.4,455.4,455.4
IvoryCoast,IvoryCoast,Annual Energy Exchanges: GWh,Burkina,2045,214.6,214.6,214.6
IvoryCoast,IvoryCoast,Annual Energy Exchanges: GWh,Burkina,2050,71.6,71.6,71.6
IvoryCoast,IvoryCoast,Annual Energy Exchanges: GWh,Ghana,2026,880.9,880.9,880.9
IvoryCoast,IvoryCoast,Annual Energy Exchanges: GWh,Ghana,2027,1024.9,1024.9,1024.9
IvoryCoast,IvoryCoast,Annual Energy Exchanges: GWh,Ghana,2028,1024.9,1024.9,1024.9
IvoryCoast,IvoryCoast,Annual Energy Exchanges: GWh,Ghana,2029,4918.4,4918.4,4918.4
IvoryCoast,IvoryCoast,Annual Energy Exchanges: GWh,Ghana,2030,4969.3,4969.3,4969.3
IvoryCoast,IvoryCoast,Annual Energy Exchanges: GWh,Ghana,2031,4031.5,4031.5,4031.5
IvoryCoast,IvoryCoast,Annual Energy Exchanges: GWh,Ghana,2032,2594.7,2594.7,2594.7
IvoryCoast,IvoryCoast,Annual Energy Exchanges: GWh,Ghana,2033,2493.3,2493.3,2493.3
IvoryCoast,IvoryCoast,Annual Energy Exchanges: GWh,Ghana,2034,1866.7,1866.7,1866.7
IvoryCoast,IvoryCoast,Annual Energy Exchanges: GWh,Ghana,2035,1701.5,1701.5,1701.5
IvoryCoast,IvoryCoast,Annual Energy Exchanges: GWh,Ghana,2040,1368.2,1368.2,1368.2
IvoryCoast,IvoryCoast,Annual Energy Exchanges: GWh,Ghana,2045,1597.9,1597.9,1597.9
IvoryCoast,IvoryCoast,Annual Energy Exchanges: GWh,Ghana,2050,519.9,519.9,519.9
IvoryCoast,IvoryCoast,Annual Energy Exchanges: GWh,Liberia,2026,553.1,553.1,553.1
IvoryCoast,IvoryCoast,Annual Energy Exchanges: GWh,Liberia,2027,466.5,466.5,466.5
IvoryCoast,IvoryCoast,Annual Energy Exchanges: GWh,Liberia,2028,331.5,331.5,331.5
IvoryCoast,IvoryCoast,Annual Energy Exchanges: GWh,Liberia,2029,198.0,198.0,198.0
IvoryCoast,IvoryCoast,Annual Energy Exchanges: GWh,Liberia,2030,27.5,27.5,27.5
IvoryCoast,IvoryCoast,Annual Energy Exchanges: GWh,Liberia,2031,13.7,13.7,13.7
IvoryCoast,IvoryCoast,Annual Energy Exchanges: GWh,Liberia,2033,1.5,1.5,1.5
IvoryCoast,IvoryCoast,Annual Energy Exchanges: GWh,Liberia,2034,92.3,92.3,92.3
IvoryCoast,IvoryCoast,Annual Energy Exchanges: GWh,Liberia,2035,158.4,158.4,158.4
IvoryCoast,IvoryCoast,Annual Energy Exchanges: GWh,Liberia,2040,251.3,251.3,251.3
IvoryCoast,IvoryCoast,Annual Energy Exchanges: GWh,Liberia,2045,626.8,626.8,626.8
IvoryCoast,IvoryCoast,Annual Energy Exchanges: GWh,Liberia,2050,683.3,683.3,683.3
IvoryCoast,IvoryCoast,Annual Energy Exchanges: GWh,Mali,2026,1050.2,1050.2,1050.2
IvoryCoast,IvoryCoast,Annual Energy Exchanges: GWh,Mali,2027,1050.3,1050.3,1050.3
IvoryCoast,IvoryCoast,Annual Energy Exchanges: GWh,Mali,2028,1035.0,1035.0,1035.0
IvoryCoast,IvoryCoast,Annual Energy Exchanges: GWh,Mali,2029,549.6,549.6,549.6
IvoryCoast,IvoryCoast,Annual Energy Exchanges: GWh,Mali,2030,258.1,258.1,258.1
IvoryCoast,IvoryCoast,Annual Energy Exchanges: GWh,Mali,2031,152.8,152.8,152.8
IvoryCoast,IvoryCoast,Annual Energy Exchanges: GWh,Mali,2032,42.9,42.9,42.9
IvoryCoast,IvoryCoast,Annual Energy Exchanges: GWh,Mali,2033,47.0,47.0,47.0
IvoryCoast,IvoryCoast,Annual Energy Exchanges: GWh,Mali,2034,27.5,27.5,27.5
IvoryCoast,IvoryCoast,Annual Energy Exchanges: GWh,Mali,2035,57.0,57.0,57.0
IvoryCoast,IvoryCoast,Annual Energy Exchanges: GWh,Mali,2040,34.6,34.6,34.6
IvoryCoast,IvoryCoast,Annual Energy Exchanges: GWh,Mali,2045,29.7,29.7,29.7
IvoryCoast,IvoryCoast,Annual Energy Exchanges: GWh,Mali,2050,37.8,37.8,37.8
IvoryCoast,IvoryCoast,Capacity: MW,Battery,2030,38.8,38.8,38.8
IvoryCoast,IvoryCoast,Capacity: MW,Battery,2031,214.7,214.7,214.7
IvoryCoast,IvoryCoast,Capacity: MW,Battery,2032,719.1,719.1,719.1
IvoryCoast,IvoryCoast,Capacity: MW,Battery,2033,1078.9,1078.9,1078.9
IvoryCoast,IvoryCoast,Capacity: MW,Battery,2034,1678.7,1678.7,1678.7
IvoryCoast,IvoryCoast,Capacity: MW,Battery,2035,1779.2,1779.2,1779.2
IvoryCoast,IvoryCoast,Capacity: MW,Battery,2040,5243.3,5243.3,5243.3
IvoryCoast,IvoryCoast,Capacity: MW,Battery,2045,7496.4,7496.4,7496.4
IvoryCoast,IvoryCoast,Capacity: MW,Battery,2050,9939.7,9939.7,9939.7
IvoryCoast,IvoryCoast,Capacity: MW,Biomass,2026,46.0,46.0,46.0
IvoryCoast,IvoryCoast,Capacity: MW,Biomass,2027,46.0,46.0,46.0
IvoryCoast,IvoryCoast,Capacity: MW,Biomass,2028,46.0,46.0,46.0
IvoryCoast,IvoryCoast,Capacity: MW,Biomass,2029,46.0,46.0,46.0
IvoryCoast,IvoryCoast,Capacity: MW,Biomass,2030,232.0,232.0,232.0
IvoryCoast,IvoryCoast,Capacity: MW,Biomass,2031,232.0,232.0,232.0
IvoryCoast,IvoryCoast,Capacity: MW,Biomass,2032,232.0,232.0,232.0
IvoryCoast,IvoryCoast,Capacity: MW,Biomass,2033,232.0,232.0,232.0
IvoryCoast,IvoryCoast,Capacity: MW,Biomass,2034,232.0,232.0,232.0
IvoryCoast,IvoryCoast,Capacity: MW,Biomass,2035,232.0,232.0,232.0
IvoryCoast,IvoryCoast,Capacity: MW,Biomass,2040,232.0,232.0,232.0
IvoryCoast,IvoryCoast,Capacity: MW,Biomass,2045,232.0,232.0,232.0
IvoryCoast,IvoryCoast,Capacity: MW,Biomass,2050,232.0,232.0,232.0
IvoryCoast,IvoryCoast,Capacity: MW,Diesel,2026,100.0,100.0,100.0
IvoryCoast,IvoryCoast,Capacity: MW,Diesel,2027,2.9,2.9,2.9
IvoryCoast,IvoryCoast,Capacity: MW,Diesel,2028,2.9,2.9,2.9
IvoryCoast,IvoryCoast,Capacity: MW,Diesel,2029,2.9,2.9,2.9
IvoryCoast,IvoryCoast,Capacity: MW,Gas,2026,1992.9,1992.9,1992.9
IvoryCoast,IvoryCoast,Capacity: MW,Gas,2027,2501.5,2501.5,2501.5
IvoryCoast,IvoryCoast,Capacity: MW,Gas,2028,2501.5,2501.5,2501.5
IvoryCoast,IvoryCoast,Capacity: MW,Gas,2029,2501.5,2501.5,2501.5
IvoryCoast,IvoryCoast,Capacity: MW,Gas,2030,2152.5,2152.5,2152.5
IvoryCoast,IvoryCoast,Capacity: MW,Gas,2031,2152.5,2152.5,2152.5
IvoryCoast,IvoryCoast,Capacity: MW,Gas,2032,1765.2,1765.2,1765.2
IvoryCoast,IvoryCoast,Capacity: MW,Gas,2033,1677.5,1677.5,1677.5
IvoryCoast,IvoryCoast,Capacity: MW,Gas,2034,1677.5,1677.5,1677.5
IvoryCoast,IvoryCoast,Capacity: MW,Gas,2035,1677.5,1677.5,1677.5
IvoryCoast,IvoryCoast,Capacity: MW,Gas,2040,1677.5,1677.5,1677.5
IvoryCoast,IvoryCoast,Capacity: MW,Gas,2045,1677.5,1677.5,1677.5
IvoryCoast,IvoryCoast,Capacity: MW,Gas,2050,1776.6,1776.6,1776.6
IvoryCoast,IvoryCoast,Capacity: MW,PV,2026,484.0,484.0,484.0
IvoryCoast,IvoryCoast,Capacity: MW,PV,2027,1644.0,1644.0,1644.0
IvoryCoast,IvoryCoast,Capacity: MW,PV,2028,2644.0,2644.0,2644.0
IvoryCoast,IvoryCoast,Capacity: MW,PV,2029,3644.0,3644.0,3644.0
IvoryCoast,IvoryCoast,Capacity: MW,PV,2030,4644.0,4644.0,4644.0
IvoryCoast,IvoryCoast,Capacity: MW,PV,2031,5644.0,5644.0,5644.0
IvoryCoast,IvoryCoast,Capacity: MW,PV,2032,6644.0,6644.0,6644.0
IvoryCoast,IvoryCoast,Capacity: MW,PV,2033,7644.0,7644.0,7644.0
IvoryCoast,IvoryCoast,Capacity: MW,PV,2034,8644.0,8644.0,8644.0
IvoryCoast,IvoryCoast,Capacity: MW,PV,2035,9644.0,9644.0,9644.0
IvoryCoast,IvoryCoast,Capacity: MW,PV,2040,14644.0,14644.0,14644.0
IvoryCoast,IvoryCoast,Capacity: MW,PV,2045,19644.0,19644.0,19644.0
IvoryCoast,IvoryCoast,Capacity: MW,PV,2050,24606.0,24606.0,24606.0
IvoryCoast,IvoryCoast,Capacity: MW,ROR,2026,35.4,35.4,35.4
IvoryCoast,IvoryCoast,Capacity: MW,ROR,2027,30.4,30.4,30.4
IvoryCoast,IvoryCoast,Capacity: MW,ROR,2028,30.4,30.4,30.4
IvoryCoast,IvoryCoast,Capacity: MW,ROR,2029,30.4,30.4,30.4
IvoryCoast,IvoryCoast,Capacity: MW,ROR,2030,30.4,30.4,30.4
IvoryCoast,IvoryCoast,Capacity: MW,ROR,2031,30.4,30.4,30.4
IvoryCoast,IvoryCoast,Capacity: MW,ROR,2032,30.4,30.4,30.4
IvoryCoast,IvoryCoast,Capacity: MW,ROR,2033,30.4,30.4,30.4
IvoryCoast,IvoryCoast,Capacity: MW,ROR,2034,30.4,30.4,30.4
IvoryCoast,IvoryCoast,Capacity: MW,ROR,2035,30.4,30.4,30.4
IvoryCoast,IvoryCoast,Capacity: MW,ROR,2040,30.4,30.4,30.4
IvoryCoast,IvoryCoast,Capacity: MW,ROR,2045,30.4,30.4,30.4
IvoryCoast,IvoryCoast,Capacity: MW,ROR,2050,30.4,30.4,30.4
IvoryCoast,IvoryCoast,Capacity: MW,Reservoir,2026,999.7,999.7,999.7
IvoryCoast,IvoryCoast,Capacity: MW,Reservoir,2027,999.7,999.7,999.7
IvoryCoast,IvoryCoast,Capacity: MW,Reservoir,2028,1139.7,1139.7,1139.7
IvoryCoast,IvoryCoast,Capacity: MW,Reservoir,2029,1472.7,1472.7,1472.7
IvoryCoast,IvoryCoast,Capacity: MW,Reservoir,2030,1922.7,1922.7,1922.7
IvoryCoast,IvoryCoast,Capacity: MW,Reservoir,2031,1922.7,1922.7,1922.7
IvoryCoast,IvoryCoast,Capacity: MW,Reservoir,2032,1922.7,1922.7,1922.7
IvoryCoast,IvoryCoast,Capacity: MW,Reservoir,2033,1922.7,1922.7,1922.7
IvoryCoast,IvoryCoast,Capacity: MW,Reservoir,2034,1922.7,1922.7,1922.7
IvoryCoast,IvoryCoast,Capacity: MW,Reservoir,2035,1922.7,1922.7,1922.7
IvoryCoast,IvoryCoast,Capacity: MW,Reservoir,2040,1922.7,1922.7,1922.7
IvoryCoast,IvoryCoast,Capacity: MW,Reservoir,2045,1922.7,1922.7,1922.7
IvoryCoast,IvoryCoast,Capacity: MW,Reservoir,2050,1922.7,1922.7,1922.7
IvoryCoast,IvoryCoast,Demand: GWh,,2026,16037.0,16037.0,16037.0
IvoryCoast,IvoryCoast,Demand: GWh,,2027,17124.7,17124.7,17124.7
IvoryCoast,IvoryCoast,Demand: GWh,,2028,18212.4,18212.4,18212.4
IvoryCoast,IvoryCoast,Demand: GWh,,2029,19280.3,19280.3,19280.3
IvoryCoast,IvoryCoast,Demand: GWh,,2030,20381.2,20381.2,20381.2
IvoryCoast,IvoryCoast,Demand: GWh,,2031,21515.4,21515.4,21515.4
IvoryCoast,IvoryCoast,Demand: GWh,,2032,22682.6,22682.6,22682.6
IvoryCoast,IvoryCoast,Demand: GWh,,2033,23869.8,23869.8,23869.8
IvoryCoast,IvoryCoast,Demand: GWh,,2034,25090.2,25090.2,25090.2
IvoryCoast,IvoryCoast,Demand: GWh,,2035,26370.2,26370.2,26370.2
IvoryCoast,IvoryCoast,Demand: GWh,,2040,33765.3,33765.3,33765.3
IvoryCoast,IvoryCoast,Demand: GWh,,2045,40140.1,40140.1,40140.1
IvoryCoast,IvoryCoast,Demand: GWh,,2050,46890.9,46890.9,46890.9
IvoryCoast,IvoryCoast,Emissions: MtCO2,,2026,6.2,6.2,6.2
IvoryCoast,IvoryCoast,Emissions: MtCO2,,2027,5.5,5.5,5.5
IvoryCoast,IvoryCoast,Emissions: MtCO2,,2028,5.0,5.0,5.0
IvoryCoast,IvoryCoast,Emissions: MtCO2,,2029,5.4,5.4,5.4
IvoryCoast,IvoryCoast,Emissions: MtCO2,,2030,3.8,3.8,3.8
IvoryCoast,IvoryCoast,Emissions: MtCO2,,2031,3.1,3.1,3.1
IvoryCoast,IvoryCoast,Emissions: MtCO2,,2032,2.3,2.3,2.3
IvoryCoast,IvoryCoast,Emissions: MtCO2,,2033,2.1,2.1,2.1
IvoryCoast,IvoryCoast,Emissions: MtCO2,,2034,1.7,1.7,1.7
IvoryCoast,IvoryCoast,Emissions: MtCO2,,2035,1.5,1.5,1.5
IvoryCoast,IvoryCoast,Emissions: MtCO2,,2040,1.0,1.0,1.0
IvoryCoast,IvoryCoast,Emissions: MtCO2,,2045,1.1,1.1,1.1
IvoryCoast,IvoryCoast,Emissions: MtCO2,,2050,1.6,1.6,1.6
IvoryCoast,IvoryCoast,Energy: GWh,Battery,2030,9.2,9.2,9.2
IvoryCoast,IvoryCoast,Energy: GWh,Battery,2031,56.9,56.9,56.9
IvoryCoast,IvoryCoast,Energy: GWh,Battery,2032,419.2,419.2,419.2
IvoryCoast,IvoryCoast,Energy: GWh,Battery,2033,899.7,899.7,899.7
IvoryCoast,IvoryCoast,Energy: GWh,Battery,2034,1451.4,1451.4,1451.4
IvoryCoast,IvoryCoast,Energy: GWh,Battery,2035,1779.6,1779.6,1779.6
IvoryCoast,IvoryCoast,Energy: GWh,Battery,2040,5864.3,5864.3,5864.3
IvoryCoast,IvoryCoast,Energy: GWh,Battery,2045,9128.6,9128.6,9128.6
IvoryCoast,IvoryCoast,Energy: GWh,Battery,2050,12930.6,12930.6,12930.6
IvoryCoast,IvoryCoast,Energy: GWh,Biomass,2026,342.5,342.5,342.5
IvoryCoast,IvoryCoast,Energy: GWh,Biomass,2027,342.5,342.5,342.5
IvoryCoast,IvoryCoast,Energy: GWh,Biomass,2028,342.5,342.5,342.5
IvoryCoast,IvoryCoast,Energy: GWh,Biomass,2029,342.5,342.5,342.5
IvoryCoast,IvoryCoast,Energy: GWh,Biomass,2030,1727.5,1727.5,1727.5
IvoryCoast,IvoryCoast,Energy: GWh,Biomass,2031,1727.5,1727.5,1727.5
IvoryCoast,IvoryCoast,Energy: GWh,Biomass,2032,1727.5,1727.5,1727.5
IvoryCoast,IvoryCoast,Energy: GWh,Biomass,2033,1727.5,1727.5,1727.5
IvoryCoast,IvoryCoast,Energy: GWh,Biomass,2034,1727.5,1727.5,1727.5
IvoryCoast,IvoryCoast,Energy: GWh,Biomass,2035,1727.5,1727.5,1727.5
IvoryCoast,IvoryCoast,Energy: GWh,Biomass,2040,1727.5,1727.5,1727.5
IvoryCoast,IvoryCoast,Energy: GWh,Biomass,2045,1727.5,1727.5,1727.5
IvoryCoast,IvoryCoast,Energy: GWh,Biomass,2050,1727.5,1727.5,1727.5
IvoryCoast,IvoryCoast,Energy: GWh,Gas,2026,14839.2,14839.2,14839.2
IvoryCoast,IvoryCoast,Energy: GWh,Gas,2027,14431.9,14431.9,14431.9
IvoryCoast,IvoryCoast,Energy: GWh,Gas,2028,13146.0,13146.0,13146.0
IvoryCoast,IvoryCoast,Energy: GWh,Gas,2029,14270.6,14270.6,14270.6
IvoryCoast,IvoryCoast,Energy: GWh,Gas,2030,9901.8,9901.8,9901.8
IvoryCoast,IvoryCoast,Energy: GWh,Gas,2031,8244.6,8244.6,8244.6
IvoryCoast,IvoryCoast,Energy: GWh,Gas,2032,5960.9,5960.9,5960.9
IvoryCoast,IvoryCoast,Energy: GWh,Gas,2033,5574.1,5574.1,5574.1
IvoryCoast,IvoryCoast,Energy: GWh,Gas,2034,4411.8,4411.8,4411.8
IvoryCoast,IvoryCoast,Energy: GWh,Gas,2035,3916.9,3916.9,3916.9
IvoryCoast,IvoryCoast,Energy: GWh,Gas,2040,2646.8,2646.8,2646.8
IvoryCoast,IvoryCoast,Energy: GWh,Gas,2045,2870.3,2870.3,2870.3
IvoryCoast,IvoryCoast,Energy: GWh,Gas,2050,4343.9,4343.9,4343.9
IvoryCoast,IvoryCoast,Energy: GWh,PV,2026,690.5,690.5,690.5
IvoryCoast,IvoryCoast,Energy: GWh,PV,2027,2345.5,2345.5,2345.5
IvoryCoast,IvoryCoast,Energy: GWh,PV,2028,3772.3,3772.3,3772.3
IvoryCoast,IvoryCoast,Energy: GWh,PV,2029,5199.0,5199.0,5199.0
IvoryCoast,IvoryCoast,Energy: GWh,PV,2030,6624.5,6624.5,6624.5
IvoryCoast,IvoryCoast,Energy: GWh,PV,2031,7989.2,7989.2,7989.2
IvoryCoast,IvoryCoast,Energy: GWh,PV,2032,9361.0,9361.0,9361.0
IvoryCoast,IvoryCoast,Energy: GWh,PV,2033,10775.1,10775.1,10775.1
IvoryCoast,IvoryCoast,Energy: GWh,PV,2034,12204.8,12204.8,12204.8
IvoryCoast,IvoryCoast,Energy: GWh,PV,2035,13538.7,13538.7,13538.7
IvoryCoast,IvoryCoast,Energy: GWh,PV,2040,20783.7,20783.7,20783.7
IvoryCoast,IvoryCoast,Energy: GWh,PV,2045,27953.1,27953.1,27953.1
IvoryCoast,IvoryCoast,Energy: GWh,PV,2050,35028.1,35028.1,35028.1
IvoryCoast,IvoryCoast,Energy: GWh,ROR,2026,88.4,88.4,88.4
IvoryCoast,IvoryCoast,Energy: GWh,ROR,2027,88.3,88.3,88.3
IvoryCoast,IvoryCoast,Energy: GWh,ROR,2028,88.3,88.3,88.3
IvoryCoast,IvoryCoast,Energy: GWh,ROR,2029,88.3,88.3,88.3
IvoryCoast,IvoryCoast,Energy: GWh,ROR,2030,88.3,88.3,88.3
IvoryCoast,IvoryCoast,Energy: GWh,ROR,2031,88.3,88.3,88.3
IvoryCoast,IvoryCoast,Energy: GWh,ROR,2032,88.3,88.3,88.3
IvoryCoast,IvoryCoast,Energy: GWh,ROR,2033,86.2,86.2,86.2
IvoryCoast,IvoryCoast,Energy: GWh,ROR,2034,85.8,85.8,85.8
IvoryCoast,IvoryCoast,Energy: GWh,ROR,2035,83.7,83.7,83.7
IvoryCoast,IvoryCoast,Energy: GWh,ROR,2040,84.6,84.6,84.6
IvoryCoast,IvoryCoast,Energy: GWh,ROR,2045,86.0,86.0,86.0
IvoryCoast,IvoryCoast,Energy: GWh,ROR,2050,86.0,86.0,86.0
IvoryCoast,IvoryCoast,Energy: GWh,Reservoir,2026,3440.6,3440.6,3440.6
IvoryCoast,IvoryCoast,Energy: GWh,Reservoir,2027,3440.6,3440.6,3440.6
IvoryCoast,IvoryCoast,Energy: GWh,Reservoir,2028,4093.8,4093.8,4093.8
IvoryCoast,IvoryCoast,Energy: GWh,Reservoir,2029,5273.5,5273.5,5273.5
IvoryCoast,IvoryCoast,Energy: GWh,Reservoir,2030,6954.5,6954.5,6954.5
IvoryCoast,IvoryCoast,Energy: GWh,Reservoir,2031,6954.5,6954.5,6954.5
IvoryCoast,IvoryCoast,Energy: GWh,Reservoir,2032,6954.5,6954.5,6954.5
IvoryCoast,IvoryCoast,Energy: GWh,Reservoir,2033,6954.5,6954.5,6954.5
IvoryCoast,IvoryCoast,Energy: GWh,Reservoir,2034,6954.5,6954.5,6954.5
IvoryCoast,IvoryCoast,Energy: GWh,Reservoir,2035,6954.5,6954.5,6954.5
IvoryCoast,IvoryCoast,Energy: GWh,Reservoir,2040,6954.5,6954.5,6954.5
IvoryCoast,IvoryCoast,Energy: GWh,Reservoir,2045,6954.5,6954.5,6954.5
IvoryCoast,IvoryCoast,Energy: GWh,Reservoir,2050,6954.5,6954.5,6954.5
IvoryCoast,IvoryCoast,Export revenues with internal zones: $/MWh,,,-51.1,-51.1,-51.1
IvoryCoast,IvoryCoast,Exports exchange: GWh,,2026,3535.6,3535.6,3535.6
IvoryCoast,IvoryCoast,Exports exchange: GWh,,2027,3654.3,3654.3,3654.3
IvoryCoast,IvoryCoast,Exports exchange: GWh,,2028,3493.9,3493.9,3493.9
IvoryCoast,IvoryCoast,Exports exchange: GWh,,2029,6724.1,6724.1,6724.1
IvoryCoast,IvoryCoast,Exports exchange: GWh,,2030,6304.1,6304.1,6304.1
IvoryCoast,IvoryCoast,Exports exchange: GWh,,2031,5145.4,5145.4,5145.4
IvoryCoast,IvoryCoast,Exports exchange: GWh,,2032,3542.4,3542.4,3542.4
IvoryCoast,IvoryCoast,Exports exchange: GWh,,2033,3457.5,3457.5,3457.5
IvoryCoast,IvoryCoast,Exports exchange: GWh,,2034,2875.6,2875.6,2875.6
IvoryCoast,IvoryCoast,Exports exchange: GWh,,2035,2751.9,2751.9,2751.9
IvoryCoast,IvoryCoast,Exports exchange: GWh,,2040,2109.5,2109.5,2109.5
IvoryCoast,IvoryCoast,Exports exchange: GWh,,2045,2469.0,2469.0,2469.0
IvoryCoast,IvoryCoast,Exports exchange: GWh,,2050,1312.6,1312.6,1312.6
IvoryCoast,IvoryCoast,Fixed O&M: $/MWh,,,13.9,13.9,13.9
IvoryCoast,IvoryCoast,Fixed O&M: $m,,2026,122.3,122.3,122.3
IvoryCoast,IvoryCoast,Fixed O&M: $m,,2027,155.1,155.1,155.1
IvoryCoast,IvoryCoast,Fixed O&M: $m,,2028,179.1,179.1,179.1
IvoryCoast,IvoryCoast,Fixed O&M: $m,,2029,212.8,212.8,212.8
IvoryCoast,IvoryCoast,Fixed O&M: $m,,2030,267.6,267.6,267.6
IvoryCoast,IvoryCoast,Fixed O&M: $m,,2031,287.0,287.0,287.0
IvoryCoast,IvoryCoast,Fixed O&M: $m,,2032,303.3,303.3,303.3
IvoryCoast,IvoryCoast,Fixed O&M: $m,,2033,323.5,323.5,323.5
IvoryCoast,IvoryCoast,Fixed O&M: $m,,2034,348.8,348.8,348.8
IvoryCoast,IvoryCoast,Fixed O&M: $m,,2035,367.2,367.2,367.2
IvoryCoast,IvoryCoast,Fixed O&M: $m,,2040,500.3,500.3,500.3
IvoryCoast,IvoryCoast,Fixed O&M: $m,,2045,616.6,616.6,616.6
IvoryCoast,IvoryCoast,Fixed O&M: $m,,2050,737.8,737.8,737.8
IvoryCoast,IvoryCoast,Fuel costs: $/MWh,,,11.2,11.2,11.2
IvoryCoast,IvoryCoast,Fuel costs: $m,,2026,716.5,716.5,716.5
IvoryCoast,IvoryCoast,Fuel costs: $m,,2027,628.7,628.7,628.7
IvoryCoast,IvoryCoast,Fuel costs: $m,,2028,572.6,572.6,572.6
IvoryCoast,IvoryCoast,Fuel costs: $m,,2029,621.1,621.1,621.1
IvoryCoast,IvoryCoast,Fuel costs: $m,,2030,430.9,430.9,430.9
IvoryCoast,IvoryCoast,Fuel costs: $m,,2031,358.8,358.8,358.8
IvoryCoast,IvoryCoast,Fuel costs: $m,,2032,259.4,259.4,259.4
IvoryCoast,IvoryCoast,Fuel costs: $m,,2033,242.6,242.6,242.6
IvoryCoast,IvoryCoast,Fuel costs: $m,,2034,192.0,192.0,192.0
IvoryCoast,IvoryCoast,Fuel costs: $m,,2035,170.5,170.5,170.5
IvoryCoast,IvoryCoast,Fuel costs: $m,,2040,115.2,115.2,115.2
IvoryCoast,IvoryCoast,Fuel costs: $m,,2045,124.9,124.9,124.9
IvoryCoast,IvoryCoast,Fuel costs: $m,,2050,189.0,189.0,189.0
IvoryCoast,IvoryCoast,Generation: GWh,,2026,19401.3,19401.3,19401.3
IvoryCoast,IvoryCoast,Generation: GWh,,2027,20648.8,20648.8,20648.8
IvoryCoast,IvoryCoast,Generation: GWh,,2028,21442.9,21442.9,21442.9
IvoryCoast,IvoryCoast,Generation: GWh,,2029,25173.9,25173.9,25173.9
IvoryCoast,IvoryCoast,Generation: GWh,,2030,25305.8,25305.8,25305.8
IvoryCoast,IvoryCoast,Generation: GWh,,2031,25060.9,25060.9,25060.9
IvoryCoast,IvoryCoast,Generation: GWh,,2032,24511.3,24511.3,24511.3
IvoryCoast,IvoryCoast,Generation: GWh,,2033,26017.0,26017.0,26017.0
IvoryCoast,IvoryCoast,Generation: GWh,,2034,26835.8,26835.8,26835.8
IvoryCoast,IvoryCoast,Generation: GWh,,2035,28000.8,28000.8,28000.8
IvoryCoast,IvoryCoast,Generation: GWh,,2040,38061.3,38061.3,38061.3
IvoryCoast,IvoryCoast,Generation: GWh,,2045,48719.9,48719.9,48719.9
IvoryCoast,IvoryCoast,Generation: GWh,,2050,61070.6,61070.6,61070.6
IvoryCoast,IvoryCoast,Import costs with internal zones: $/MWh,,,38.0,38.0,38.0
IvoryCoast,IvoryCoast,Import costs with internal zones: $m,,2026,143.8,143.8,143.8
IvoryCoast,IvoryCoast,Import costs with internal zones: $m,,2027,56.2,56.2,56.2
IvoryCoast,IvoryCoast,Import costs with internal zones: $m,,2028,113.1,113.1,113.1
IvoryCoast,IvoryCoast,Import costs with internal zones: $m,,2029,418.0,418.0,418.0
IvoryCoast,IvoryCoast,Import costs with internal zones: $m,,2030,591.7,591.7,591.7
IvoryCoast,IvoryCoast,Import costs with internal zones: $m,,2031,697.8,697.8,697.8
IvoryCoast,IvoryCoast,Import costs with internal zones: $m,,2032,915.9,915.9,915.9
IvoryCoast,IvoryCoast,Import costs with internal zones: $m,,2033,981.1,981.1,981.1
IvoryCoast,IvoryCoast,Import costs with internal zones: $m,,2034,1183.4,1183.4,1183.4
IvoryCoast,IvoryCoast,Import costs with internal zones: $m,,2035,1335.3,1335.3,1335.3
IvoryCoast,IvoryCoast,Import costs with internal zones: $m,,2040,1931.3,1931.3,1931.3
IvoryCoast,IvoryCoast,Import costs with internal zones: $m,,2045,1987.4,1987.4,1987.4
IvoryCoast,IvoryCoast,Import costs with internal zones: $m,,2050,1155.6,1155.6,1155.6
IvoryCoast,IvoryCoast,Imports exchange: GWh,,2026,171.3,171.3,171.3
IvoryCoast,IvoryCoast,Imports exchange: GWh,,2027,130.2,130.2,130.2
IvoryCoast,IvoryCoast,Imports exchange: GWh,,2028,263.4,263.4,263.4
IvoryCoast,IvoryCoast,Imports exchange: GWh,,2029,830.4,830.4,830.4
IvoryCoast,IvoryCoast,Imports exchange: GWh,,2030,1390.4,1390.4,1390.4
IvoryCoast,IvoryCoast,Imports exchange: GWh,,2031,1666.7,1666.7,1666.7
IvoryCoast,IvoryCoast,Imports exchange: GWh,,2032,2206.9,2206.9,2206.9
IvoryCoast,IvoryCoast,Imports exchange: GWh,,2033,2368.9,2368.9,2368.9
IvoryCoast,IvoryCoast,Imports exchange: GWh,,2034,2837.6,2837.6,2837.6
IvoryCoast,IvoryCoast,Imports exchange: GWh,,2035,3216.8,3216.8,3216.8
IvoryCoast,IvoryCoast,Imports exchange: GWh,,2040,4815.9,4815.9,4815.9
IvoryCoast,IvoryCoast,Imports exchange: GWh,,2045,4927.5,4927.5,4927.5
IvoryCoast,IvoryCoast,Imports exchange: GWh,,2050,2943.6,2943.6,2943.6
IvoryCoast,IvoryCoast,Investment costs: $/MWh,,,50.4,50.4,50.4
IvoryCoast,IvoryCoast,Investment costs: $m,,2026,93.9,93.9,93.9
IvoryCoast,IvoryCoast,Investment costs: $m,,2027,246.1,246.1,246.1
IvoryCoast,IvoryCoast,Investment costs: $m,,2028,382.5,382.5,382.5
IvoryCoast,IvoryCoast,Investment costs: $m,,2029,580.9,580.9,580.9
IvoryCoast,IvoryCoast,Investment costs: $m,,2030,860.9,860.9,860.9
IvoryCoast,IvoryCoast,Investment costs: $m,,2031,950.9,950.9,950.9
IvoryCoast,IvoryCoast,Investment costs: $m,,2032,1065.5,1065.5,1065.5
IvoryCoast,IvoryCoast,Investment costs: $m,,2033,1184.7,1184.7,1184.7
IvoryCoast,IvoryCoast,Investment costs: $m,,2034,1307.4,1307.4,1307.4
IvoryCoast,IvoryCoast,Investment costs: $m,,2035,1399.4,1399.4,1399.4
IvoryCoast,IvoryCoast,Investment costs: $m,,2040,1997.5,1997.5,1997.5
IvoryCoast,IvoryCoast,Investment costs: $m,,2045,2480.9,2480.9,2480.9
IvoryCoast,IvoryCoast,Investment costs: $m,,2050,2885.3,2885.3,2885.3
IvoryCoast,IvoryCoast,Net interchange Ratio: GWh,,2035,0.0,0.0,0.0
IvoryCoast,IvoryCoast,Net interchange Ratio: GWh,,2040,0.1,0.1,0.1
IvoryCoast,IvoryCoast,Net interchange Ratio: GWh,,2045,0.1,0.1,0.1
IvoryCoast,IvoryCoast,Net interchange Ratio: GWh,,2050,0.0,0.0,0.0
IvoryCoast,IvoryCoast,Net interchange: GWh,,2035,464.9,464.9,464.9
IvoryCoast,IvoryCoast,Net interchange: GWh,,2040,2706.4,2706.4,2706.4
IvoryCoast,IvoryCoast,Net interchange: GWh,,2045,2458.5,2458.5,2458.5
IvoryCoast,IvoryCoast,Net interchange: GWh,,2050,1631.0,1631.0,1631.0
IvoryCoast,IvoryCoast,New Capacity: MW,Battery,2030,38.8,38.8,38.8
IvoryCoast,IvoryCoast,New Capacity: MW,Battery,2031,175.9,175.9,175.9
IvoryCoast,IvoryCoast,New Capacity: MW,Battery,2032,504.5,504.5,504.5
IvoryCoast,IvoryCoast,New Capacity: MW,Battery,2033,359.8,359.8,359.8
IvoryCoast,IvoryCoast,New Capacity: MW,Battery,2034,599.8,599.8,599.8
IvoryCoast,IvoryCoast,New Capacity: MW,Battery,2035,100.4,100.4,100.4
IvoryCoast,IvoryCoast,New Capacity: MW,Battery,2040,3464.1,3464.1,3464.1
IvoryCoast,IvoryCoast,New Capacity: MW,Battery,2045,2253.1,2253.1,2253.1
IvoryCoast,IvoryCoast,New Capacity: MW,Battery,2050,2443.4,2443.4,2443.4
IvoryCoast,IvoryCoast,New Capacity: MW,Biomass,2026,46.0,46.0,46.0
IvoryCoast,IvoryCoast,New Capacity: MW,Biomass,2030,186.0,186.0,186.0
IvoryCoast,IvoryCoast,New Capacity: MW,Gas,2026,309.9,309.9,309.9
IvoryCoast,IvoryCoast,New Capacity: MW,Gas,2027,508.6,508.6,508.6
IvoryCoast,IvoryCoast,New Capacity: MW,Gas,2050,570.1,570.1,570.1
IvoryCoast,IvoryCoast,New Capacity: MW,PV,2026,446.0,446.0,446.0
IvoryCoast,IvoryCoast,New Capacity: MW,PV,2027,1160.0,1160.0,1160.0
IvoryCoast,IvoryCoast,New Capacity: MW,PV,2028,1000.0,1000.0,1000.0
IvoryCoast,IvoryCoast,New Capacity: MW,PV,2029,1000.0,1000.0,1000.0
IvoryCoast,IvoryCoast,New Capacity: MW,PV,2030,1000.0,1000.0,1000.0
IvoryCoast,IvoryCoast,New Capacity: MW,PV,2031,1000.0,1000.0,1000.0
IvoryCoast,IvoryCoast,New Capacity: MW,PV,2032,1000.0,1000.0,1000.0
IvoryCoast,IvoryCoast,New Capacity: MW,PV,2033,1000.0,1000.0,1000.0
IvoryCoast,IvoryCoast,New Capacity: MW,PV,2034,1000.0,1000.0,1000.0
IvoryCoast,IvoryCoast,New Capacity: MW,PV,2035,1000.0,1000.0,1000.0
IvoryCoast,IvoryCoast,New Capacity: MW,PV,2040,5000.0,5000.0,5000.0
IvoryCoast,IvoryCoast,New Capacity: MW,PV,2045,5000.0,5000.0,5000.0
IvoryCoast,IvoryCoast,New Capacity: MW,PV,2050,5000.0,5000.0,5000.0
IvoryCoast,IvoryCoast,New Capacity: MW,Reservoir,2026,44.0,44.0,44.0
IvoryCoast,IvoryCoast,New Capacity: MW,Reservoir,2028,140.0,140.0,140.0
IvoryCoast,IvoryCoast,New Capacity: MW,Reservoir,2029,333.0,333.0,333.0
IvoryCoast,IvoryCoast,New Capacity: MW,Reservoir,2030,450.0,450.0,450.0
IvoryCoast,IvoryCoast,Price: $/MWh,,2026,754.1,754.1,754.1
IvoryCoast,IvoryCoast,Price: $/MWh,,2027,481.9,481.9,481.9
IvoryCoast,IvoryCoast,Price: $/MWh,,2028,431.6,431.6,431.6
IvoryCoast,IvoryCoast,Price: $/MWh,,2029,511.9,511.9,511.9
IvoryCoast,IvoryCoast,Price: $/MWh,,2030,424.5,424.5,424.5
IvoryCoast,IvoryCoast,Price: $/MWh,,2031,410.2,410.2,410.2
IvoryCoast,IvoryCoast,Price: $/MWh,,2032,399.7,399.7,399.7
IvoryCoast,IvoryCoast,Price: $/MWh,,2033,392.8,392.8,392.8
IvoryCoast,IvoryCoast,Price: $/MWh,,2034,391.8,391.8,391.8
IvoryCoast,IvoryCoast,Price: $/MWh,,2035,370.3,370.3,370.3
IvoryCoast,IvoryCoast,Price: $/MWh,,2040,386.1,386.1,386.1
IvoryCoast,IvoryCoast,Price: $/MWh,,2045,392.8,392.8,392.8
IvoryCoast,IvoryCoast,Price: $/MWh,,2050,395.3,395.3,395.3
IvoryCoast,IvoryCoast,Spinning Reserve: GWh,,2026,2405.3,2405.3,2405.3
IvoryCoast,IvoryCoast,Spinning Reserve: GWh,,2027,1929.1,1929.1,1929.1
IvoryCoast,IvoryCoast,Spinning Reserve: GWh,,2028,2198.2,2198.2,2198.2
IvoryCoast,IvoryCoast,Spinning Reserve: GWh,,2029,2485.3,2485.3,2485.3
IvoryCoast,IvoryCoast,Spinning Reserve: GWh,,2030,2803.1,2803.1,2803.1
IvoryCoast,IvoryCoast,Spinning Reserve: GWh,,2031,3107.1,3107.1,3107.1
IvoryCoast,IvoryCoast,Spinning Reserve: GWh,,2032,3432.1,3432.1,3432.1
IvoryCoast,IvoryCoast,Spinning Reserve: GWh,,2033,3765.9,3765.9,3765.9
IvoryCoast,IvoryCoast,Spinning Reserve: GWh,,2034,4079.5,4079.5,4079.5
IvoryCoast,IvoryCoast,Spinning Reserve: GWh,,2035,4385.0,4385.0,4385.0
IvoryCoast,IvoryCoast,Spinning Reserve: GWh,,2040,6135.3,6135.3,6135.3
IvoryCoast,IvoryCoast,Spinning Reserve: GWh,,2045,7756.7,7756.7,7756.7
IvoryCoast,IvoryCoast,Spinning Reserve: GWh,,2050,9501.9,9501.9,9501.9
IvoryCoast,IvoryCoast,Surplus generation: GWh,,2035,1.8,1.8,1.8
IvoryCoast,IvoryCoast,Surplus generation: GWh,,2040,24.8,24.8,24.8
IvoryCoast,IvoryCoast,Surplus generation: GWh,,2045,92.4,92.4,92.4
IvoryCoast,IvoryCoast,Surplus generation: GWh,,2050,120.9,120.9,120.9
IvoryCoast,IvoryCoast,Total Demand: GWh,,2026,16037.0,16037.0,16037.0
IvoryCoast,IvoryCoast,Total Demand: GWh,,2027,17124.7,17124.7,17124.7
IvoryCoast,IvoryCoast,Total Demand: GWh,,2028,18212.4,18212.4,18212.4
IvoryCoast,IvoryCoast,Total Demand: GWh,,2029,19280.3,19280.3,19280.3
IvoryCoast,IvoryCoast,Total Demand: GWh,,2030,20381.2,20381.2,20381.2
IvoryCoast,IvoryCoast,Total Demand: GWh,,2031,21515.4,21515.4,21515.4
IvoryCoast,IvoryCoast,Total Demand: GWh,,2032,22682.6,22682.6,22682.6
IvoryCoast,IvoryCoast,Total Demand: GWh,,2033,23869.8,23869.8,23869.8
IvoryCoast,IvoryCoast,Total Demand: GWh,,2034,25090.2,25090.2,25090.2
IvoryCoast,IvoryCoast,Total Demand: GWh,,2035,26370.2,26370.2,26370.2
IvoryCoast,IvoryCoast,Total Demand: GWh,,2040,33765.3,33765.3,33765.3
IvoryCoast,IvoryCoast,Total Demand: GWh,,2045,40140.1,40140.1,40140.1
IvoryCoast,IvoryCoast,Total Demand: GWh,,2050,46890.9,46890.9,46890.9
IvoryCoast,IvoryCoast,Trade shared benefits: $/MWh,,,-16.6,-16.6,-16.6
IvoryCoast,IvoryCoast,Transmission Capacity: MW,Burkina,2026,127.0,127.0,127.0
IvoryCoast,IvoryCoast,Transmission Capacity: MW,Burkina,2027,127.0,127.0,127.0
IvoryCoast,IvoryCoast,Transmission Capacity: MW,Burkina,2028,127.0,127.0,127.0
IvoryCoast,IvoryCoast,Transmission Capacity: MW,Burkina,2029,127.0,127.0,127.0
IvoryCoast,IvoryCoast,Transmission Capacity: MW,Burkina,2030,127.0,127.0,127.0
IvoryCoast,IvoryCoast,Transmission Capacity: MW,Burkina,2031,127.0,127.0,127.0
IvoryCoast,IvoryCoast,Transmission Capacity: MW,Burkina,2032,127.0,127.0,127.0
IvoryCoast,IvoryCoast,Transmission Capacity: MW,Burkina,2033,127.0,127.0,127.0
IvoryCoast,IvoryCoast,Transmission Capacity: MW,Burkina,2034,127.0,127.0,127.0
IvoryCoast,IvoryCoast,Transmission Capacity: MW,Burkina,2035,127.0,127.0,127.0
IvoryCoast,IvoryCoast,Transmission Capacity: MW,Burkina,2040,127.0,127.0,127.0
IvoryCoast,IvoryCoast,Transmission Capacity: MW,Burkina,2045,127.0,127.0,127.0
IvoryCoast,IvoryCoast,Transmission Capacity: MW,Burkina,2050,127.0,127.0,127.0
IvoryCoast,IvoryCoast,Transmission Capacity: MW,Ghana,2026,117.0,117.0,117.0
IvoryCoast,IvoryCoast,Transmission Capacity: MW,Ghana,2027,117.0,117.0,117.0
IvoryCoast,IvoryCoast,Transmission Capacity: MW,Ghana,2028,117.0,117.0,117.0
IvoryCoast,IvoryCoast,Transmission Capacity: MW,Ghana,2029,569.0,569.0,569.0
IvoryCoast,IvoryCoast,Transmission Capacity: MW,Ghana,2030,569.0,569.0,569.0
IvoryCoast,IvoryCoast,Transmission Capacity: MW,Ghana,2031,569.0,569.0,569.0
IvoryCoast,IvoryCoast,Transmission Capacity: MW,Ghana,2032,569.0,569.0,569.0
IvoryCoast,IvoryCoast,Transmission Capacity: MW,Ghana,2033,569.0,569.0,569.0
IvoryCoast,IvoryCoast,Transmission Capacity: MW,Ghana,2034,569.0,569.0,569.0
IvoryCoast,IvoryCoast,Transmission Capacity: MW,Ghana,2035,569.0,569.0,569.0
IvoryCoast,IvoryCoast,Transmission Capacity: MW,Ghana,2040,569.0,569.0,569.0
IvoryCoast,IvoryCoast,Transmission Capacity: MW,Ghana,2045,569.0,569.0,569.0
IvoryCoast,IvoryCoast,Transmission Capacity: MW,Ghana,2050,569.0,569.0,569.0
IvoryCoast,IvoryCoast,Transmission Capacity: MW,Liberia,2026,78.0,78.0,78.0
IvoryCoast,IvoryCoast,Transmission Capacity: MW,Liberia,2027,78.0,78.0,78.0
IvoryCoast,IvoryCoast,Transmission Capacity: MW,Liberia,2028,78.0,78.0,78.0
IvoryCoast,IvoryCoast,Transmission Capacity: MW,Liberia,2029,78.0,78.0,78.0
IvoryCoast,IvoryCoast,Transmission Capacity: MW,Liberia,2030,78.0,78.0,78.0
IvoryCoast,IvoryCoast,Transmission Capacity: MW,Liberia,2031,78.0,78.0,78.0
IvoryCoast,IvoryCoast,Transmission Capacity: MW,Liberia,2032,78.0,78.0,78.0
IvoryCoast,IvoryCoast,Transmission Capacity: MW,Liberia,2033,78.0,78.0,78.0
IvoryCoast,IvoryCoast,Transmission Capacity: MW,Liberia,2034,78.0,78.0,78.0
IvoryCoast,IvoryCoast,Transmission Capacity: MW,Liberia,2035,78.0,78.0,78.0
IvoryCoast,IvoryCoast,Transmission Capacity: MW,Liberia,2040,78.0,78.0,78.0
IvoryCoast,IvoryCoast,Transmission Capacity: MW,Liberia,2045,78.0,78.0,78.0
IvoryCoast,IvoryCoast,Transmission Capacity: MW,Liberia,2050,78.0,78.0,78.0
IvoryCoast,IvoryCoast,Transmission Capacity: MW,Mali,2026,120.0,120.0,120.0
IvoryCoast,IvoryCoast,Transmission Capacity: MW,Mali,2027,120.0,120.0,120.0
IvoryCoast,IvoryCoast,Transmission Capacity: MW,Mali,2028,120.0,120.0,120.0
IvoryCoast,IvoryCoast,Transmission Capacity: MW,Mali,2029,120.0,120.0,120.0
IvoryCoast,IvoryCoast,Transmission Capacity: MW,Mali,2030,120.0,120.0,120.0
IvoryCoast,IvoryCoast,Transmission Capacity: MW,Mali,2031,120.0,120.0,120.0
IvoryCoast,IvoryCoast,Transmission Capacity: MW,Mali,2032,120.0,120.0,120.0
IvoryCoast,IvoryCoast,Transmission Capacity: MW,Mali,2033,120.0,120.0,120.0
IvoryCoast,IvoryCoast,Transmission Capacity: MW,Mali,2034,120.0,120.0,120.0
IvoryCoast,IvoryCoast,Transmission Capacity: MW,Mali,2035,120.0,120.0,120.0
IvoryCoast,IvoryCoast,Transmission Capacity: MW,Mali,2040,120.0,120.0,120.0
IvoryCoast,IvoryCoast,Transmission Capacity: MW,Mali,2045,120.0,120.0,120.0
IvoryCoast,IvoryCoast,Transmission Capacity: MW,Mali,2050,120.0,120.0,120.0
IvoryCoast,IvoryCoast,Unmet country CO2 backstop cost: $/MWh,,,97.2,97.2,97.2
IvoryCoast,IvoryCoast,Unmet country CO2 backstop cost: $m,,2026,6237.6,6237.6,6237.6
IvoryCoast,IvoryCoast,Unmet country CO2 backstop cost: $m,,2027,5473.5,5473.5,5473.5
IvoryCoast,IvoryCoast,Unmet country CO2 backstop cost: $m,,2028,4985.1,4985.1,4985.1
IvoryCoast,IvoryCoast,Unmet country CO2 backstop cost: $m,,2029,5406.9,5406.9,5406.9
IvoryCoast,IvoryCoast,Unmet country CO2 backstop cost: $m,,2030,3751.6,3751.6,3751.6
IvoryCoast,IvoryCoast,Unmet country CO2 backstop cost: $m,,2031,3123.7,3123.7,3123.7
IvoryCoast,IvoryCoast,Unmet country CO2 backstop cost: $m,,2032,2258.5,2258.5,2258.5
IvoryCoast,IvoryCoast,Unmet country CO2 backstop cost: $m,,2033,2111.9,2111.9,2111.9
IvoryCoast,IvoryCoast,Unmet country CO2 backstop cost: $m,,2034,1671.5,1671.5,1671.5
IvoryCoast,IvoryCoast,Unmet country CO2 backstop cost: $m,,2035,1484.0,1484.0,1484.0
IvoryCoast,IvoryCoast,Unmet country CO2 backstop cost: $m,,2040,1002.8,1002.8,1002.8
IvoryCoast,IvoryCoast,Unmet country CO2 backstop cost: $m,,2045,1087.5,1087.5,1087.5
IvoryCoast,IvoryCoast,Unmet country CO2 backstop cost: $m,,2050,1645.8,1645.8,1645.8
IvoryCoast,IvoryCoast,Unmet country spinning reserve costs: $/MWh,,,0.4,0.4,0.4
IvoryCoast,IvoryCoast,Unmet country spinning reserve costs: $m,,2026,1.3,1.3,1.3
IvoryCoast,IvoryCoast,Unmet country spinning reserve costs: $m,,2027,0.6,0.6,0.6
IvoryCoast,IvoryCoast,Unmet country spinning reserve costs: $m,,2028,5.1,5.1,5.1
IvoryCoast,IvoryCoast,Unmet country spinning reserve costs: $m,,2029,7.7,7.7,7.7
IvoryCoast,IvoryCoast,Unmet country spinning reserve costs: $m,,2030,7.5,7.5,7.5
IvoryCoast,IvoryCoast,Unmet country spinning reserve costs: $m,,2031,8.0,8.0,8.0
IvoryCoast,IvoryCoast,Unmet country spinning reserve costs: $m,,2032,6.9,6.9,6.9
IvoryCoast,IvoryCoast,Unmet country spinning reserve costs: $m,,2033,5.7,5.7,5.7
IvoryCoast,IvoryCoast,Unmet country spinning reserve costs: $m,,2034,7.1,7.1,7.1
IvoryCoast,IvoryCoast,Unmet country spinning reserve costs: $m,,2035,8.4,8.4,8.4
IvoryCoast,IvoryCoast,Unmet country spinning reserve costs: $m,,2040,13.0,13.0,13.0
IvoryCoast,IvoryCoast,Unmet country spinning reserve costs: $m,,2045,19.0,19.0,19.0
IvoryCoast,IvoryCoast,Unmet country spinning reserve costs: $m,,2050,24.3,24.3,24.3
IvoryCoast,IvoryCoast,Variable O&M: $/MWh,,,0.8,0.8,0.8
IvoryCoast,IvoryCoast,Variable O&M: $m,,2026,40.3,40.3,40.3
IvoryCoast,IvoryCoast,Variable O&M: $m,,2027,31.6,31.6,31.6
IvoryCoast,IvoryCoast,Variable O&M: $m,,2028,29.3,29.3,29.3
IvoryCoast,IvoryCoast,Variable O&M: $m,,2029,32.1,32.1,32.1
IvoryCoast,IvoryCoast,Variable O&M: $m,,2030,27.6,27.6,27.6
IvoryCoast,IvoryCoast,Variable O&M: $m,,2031,24.3,24.3,24.3
IvoryCoast,IvoryCoast,Variable O&M: $m,,2032,19.8,19.8,19.8
IvoryCoast,IvoryCoast,Variable O&M: $m,,2033,19.0,19.0,19.0
IvoryCoast,IvoryCoast,Variable O&M: $m,,2034,16.7,16.7,16.7
IvoryCoast,IvoryCoast,Variable O&M: $m,,2035,15.7,15.7,15.7
IvoryCoast,IvoryCoast,Variable O&M: $m,,2040,13.1,13.1,13.1
IvoryCoast,IvoryCoast,Variable O&M: $m,,2045,13.6,13.6,13.6
IvoryCoast,IvoryCoast,Variable O&M: $m,,2050,16.5,16.5,16.5
Liberia,Liberia,Annual Energy Exchanges: GWh,Guinea,2026,433.2,433.2,433.2
Liberia,Liberia,Annual Energy Exchanges: GWh,Guinea,2027,193.7,193.7,193.7
Liberia,Liberia,Annual Energy Exchanges: GWh,Guinea,2028,408.8,408.8,408.8
Liberia,Liberia,Annual Energy Exchanges: GWh,Guinea,2029,410.5,410.5,410.5
Liberia,Liberia,Annual Energy Exchanges: GWh,Guinea,2030,136.4,136.4,136.4
Liberia,Liberia,Annual Energy Exchanges: GWh,Guinea,2031,91.2,91.2,91.2
Liberia,Liberia,Annual Energy Exchanges: GWh,Guinea,2032,174.2,174.2,174.2
Liberia,Liberia,Annual Energy Exchanges: GWh,Guinea,2033,167.0,167.0,167.0
Liberia,Liberia,Annual Energy Exchanges: GWh,Guinea,2034,86.9,86.9,86.9
Liberia,Liberia,Annual Energy Exchanges: GWh,Guinea,2035,72.0,72.0,72.0
Liberia,Liberia,Annual Energy Exchanges: GWh,Guinea,2040,15.0,15.0,15.0
Liberia,Liberia,Annual Energy Exchanges: GWh,Guinea,2045,0.5,0.5,0.5
Liberia,Liberia,Annual Energy Exchanges: GWh,IvoryCoast,2026,9.9,9.9,9.9
Liberia,Liberia,Annual Energy Exchanges: GWh,IvoryCoast,2027,130.2,130.2,130.2
Liberia,Liberia,Annual Energy Exchanges: GWh,IvoryCoast,2028,260.8,260.8,260.8
Liberia,Liberia,Annual Energy Exchanges: GWh,IvoryCoast,2029,447.8,447.8,447.8
Liberia,Liberia,Annual Energy Exchanges: GWh,IvoryCoast,2030,621.3,621.3,621.3
Liberia,Liberia,Annual Energy Exchanges: GWh,IvoryCoast,2031,631.2,631.2,631.2
Liberia,Liberia,Annual Energy Exchanges: GWh,IvoryCoast,2032,680.6,680.6,680.6
Liberia,Liberia,Annual Energy Exchanges: GWh,IvoryCoast,2033,675.4,675.4,675.4
Liberia,Liberia,Annual Energy Exchanges: GWh,IvoryCoast,2034,523.7,523.7,523.7
Liberia,Liberia,Annual Energy Exchanges: GWh,IvoryCoast,2035,479.0,479.0,479.0
Liberia,Liberia,Annual Energy Exchanges: GWh,IvoryCoast,2040,306.3,306.3,306.3
Liberia,Liberia,Annual Energy Exchanges: GWh,IvoryCoast,2045,26.2,26.2,26.2
Liberia,Liberia,Annual Energy Exchanges: GWh,SierraLeone,2026,181.8,181.8,181.8
Liberia,Liberia,Annual Energy Exchanges: GWh,SierraLeone,2027,312.7,312.7,312.7
Liberia,Liberia,Annual Energy Exchanges: GWh,SierraLeone,2028,307.1,307.1,307.1
Liberia,Liberia,Annual Energy Exchanges: GWh,SierraLeone,2029,215.9,215.9,215.9
Liberia,Liberia,Annual Energy Exchanges: GWh,SierraLeone,2030,147.8,147.8,147.8
Liberia,Liberia,Annual Energy Exchanges: GWh,SierraLeone,2031,143.3,143.3,143.3
Liberia,Liberia,Annual Energy Exchanges: GWh,SierraLeone,2032,240.4,240.4,240.4
Liberia,Liberia,Annual Energy Exchanges: GWh,SierraLeone,2033,215.0,215.0,215.0
Liberia,Liberia,Annual Energy Exchanges: GWh,SierraLeone,2034,193.6,193.6,193.6
Liberia,Liberia,Annual Energy Exchanges: GWh,SierraLeone,2035,204.3,204.3,204.3
Liberia,Liberia,Annual Energy Exchanges: GWh,SierraLeone,2040,25.8,25.8,25.8
Liberia,Liberia,Capacity: MW,Battery,2028,128.8,128.8,128.8
Liberia,Liberia,Capacity: MW,Battery,2029,186.7,186.7,186.7
Liberia,Liberia,Capacity: MW,Battery,2030,197.3,197.3,197.3
Liberia,Liberia,Capacity: MW,Battery,2031,216.6,216.6,216.6
Liberia,Liberia,Capacity: MW,Battery,2032,216.6,216.6,216.6
Liberia,Liberia,Capacity: MW,Battery,2033,216.6,216.6,216.6
Liberia,Liberia,Capacity: MW,Battery,2034,216.6,216.6,216.6
Liberia,Liberia,Capacity: MW,Battery,2035,216.6,216.6,216.6
Liberia,Liberia,Capacity: MW,Battery,2040,216.6,216.6,216.6
Liberia,Liberia,Capacity: MW,Battery,2045,260.0,260.0,260.0
Liberia,Liberia,Capacity: MW,Battery,2050,260.0,260.0,260.0
Liberia,Liberia,Capacity: MW,Diesel,2026,28.0,28.0,28.0
Liberia,Liberia,Capacity: MW,Diesel,2027,28.0,28.0,28.0
Liberia,Liberia,Capacity: MW,Diesel,2028,28.0,28.0,28.0
Liberia,Liberia,Capacity: MW,Diesel,2029,28.0,28.0,28.0
Liberia,Liberia,Capacity: MW,Diesel,2030,28.0,28.0,28.0
Liberia,Liberia,Capacity: MW,Diesel,2031,28.0,28.0,28.0
Liberia,Liberia,Capacity: MW,Diesel,2032,28.0,28.0,28.0
Liberia,Liberia,Capacity: MW,Diesel,2033,28.0,28.0,28.0
Liberia,Liberia,Capacity: MW,Diesel,2034,28.0,28.0,28.0
Liberia,Liberia,Capacity: MW,Diesel,2035,28.0,28.0,28.0
Liberia,Liberia,Capacity: MW,Diesel,2040,28.0,28.0,28.0
Liberia,Liberia,Capacity: MW,Diesel,2045,28.0,28.0,28.0
Liberia,Liberia,Capacity: MW,PV,2026,16.0,16.0,16.0
Liberia,Liberia,Capacity: MW,PV,2027,16.0,16.0,16.0
Liberia,Liberia,Capacity: MW,PV,2028,426.0,426.0,426.0
Liberia,Liberia,Capacity: MW,PV,2029,676.0,676.0,676.0
Liberia,Liberia,Capacity: MW,PV,2030,676.0,676.0,676.0
Liberia,Liberia,Capacity: MW,PV,2031,676.0,676.0,676.0
Liberia,Liberia,Capacity: MW,PV,2032,676.0,676.0,676.0
Liberia,Liberia,Capacity: MW,PV,2033,676.0,676.0,676.0
Liberia,Liberia,Capacity: MW,PV,2034,676.0,676.0,676.0
Liberia,Liberia,Capacity: MW,PV,2035,676.0,676.0,676.0
Liberia,Liberia,Capacity: MW,PV,2040,676.0,676.0,676.0
Liberia,Liberia,Capacity: MW,PV,2045,676.0,676.0,676.0
Liberia,Liberia,Capacity: MW,PV,2050,676.0,676.0,676.0
Liberia,Liberia,Capacity: MW,ROR,2026,88.0,88.0,88.0
Liberia,Liberia,Capacity: MW,ROR,2027,88.0,88.0,88.0
Liberia,Liberia,Capacity: MW,ROR,2028,148.0,148.0,148.0
Liberia,Liberia,Capacity: MW,ROR,2029,148.0,148.0,148.0
Liberia,Liberia,Capacity: MW,ROR,2030,148.0,148.0,148.0
Liberia,Liberia,Capacity: MW,ROR,2031,148.0,148.0,148.0
Liberia,Liberia,Capacity: MW,ROR,2032,298.0,298.0,298.0
Liberia,Liberia,Capacity: MW,ROR,2033,298.0,298.0,298.0
Liberia,Liberia,Capacity: MW,ROR,2034,150.0,150.0,150.0
Liberia,Liberia,Capacity: MW,ROR,2035,150.0,150.0,150.0
Liberia,Liberia,Capacity: MW,ROR,2040,150.0,150.0,150.0
Liberia,Liberia,Capacity: MW,ROR,2045,150.0,150.0,150.0
Liberia,Liberia,Capacity: MW,ROR,2050,150.0,150.0,150.0
Liberia,Liberia,Capacity: MW,Reservoir,2050,154.0,154.0,154.0
Liberia,Liberia,Demand: GWh,,2026,610.0,610.0,610.0
Liberia,Liberia,Demand: GWh,,2027,679.6,679.6,679.6
Liberia,Liberia,Demand: GWh,,2028,754.7,754.7,754.7
Liberia,Liberia,Demand: GWh,,2029,835.7,835.7,835.7
Liberia,Liberia,Demand: GWh,,2030,924.3,924.3,924.3
Liberia,Liberia,Demand: GWh,,2031,1020.4,1020.4,1020.4
Liberia,Liberia,Demand: GWh,,2032,1125.9,1125.9,1125.9
Liberia,Liberia,Demand: GWh,,2033,1241.5,1241.5,1241.5
Liberia,Liberia,Demand: GWh,,2034,1368.6,1368.6,1368.6
Liberia,Liberia,Demand: GWh,,2035,1505.4,1505.4,1505.4
Liberia,Liberia,Demand: GWh,,2040,2424.5,2424.5,2424.5
Liberia,Liberia,Demand: GWh,,2045,3904.7,3904.7,3904.7
Liberia,Liberia,Demand: GWh,,2050,6288.6,6288.6,6288.6
Liberia,Liberia,Emissions: MtCO2,,2026,0.1,0.1,0.1
Liberia,Liberia,Emissions: MtCO2,,2027,0.1,0.1,0.1
Liberia,Liberia,Emissions: MtCO2,,2045,0.1,0.1,0.1
Liberia,Liberia,Energy: GWh,Battery,2028,156.4,156.4,156.4
Liberia,Liberia,Energy: GWh,Battery,2029,260.2,260.2,260.2
Liberia,Liberia,Energy: GWh,Battery,2030,187.2,187.2,187.2
Liberia,Liberia,Energy: GWh,Battery,2031,235.1,235.1,235.1
Liberia,Liberia,Energy: GWh,Battery,2032,203.0,203.0,203.0
Liberia,Liberia,Energy: GWh,Battery,2033,222.2,222.2,222.2
Liberia,Liberia,Energy: GWh,Battery,2034,294.2,294.2,294.2
Liberia,Liberia,Energy: GWh,Battery,2035,317.1,317.1,317.1
Liberia,Liberia,Energy: GWh,Battery,2040,316.1,316.1,316.1
Liberia,Liberia,Energy: GWh,Battery,2045,305.4,305.4,305.4
Liberia,Liberia,Energy: GWh,Battery,2050,99.0,99.0,99.0
Liberia,Liberia,Energy: GWh,Diesel,2026,116.6,116.6,116.6
Liberia,Liberia,Energy: GWh,Diesel,2027,99.0,99.0,99.0
Liberia,Liberia,Energy: GWh,Diesel,2045,173.9,173.9,173.9
Liberia,Liberia,Energy: GWh,PV,2026,19.0,19.0,19.0
Liberia,Liberia,Energy: GWh,PV,2027,19.0,19.0,19.0
Liberia,Liberia,Energy: GWh,PV,2028,504.6,504.6,504.6
Liberia,Liberia,Energy: GWh,PV,2029,775.7,775.7,775.7
Liberia,Liberia,Energy: GWh,PV,2030,780.2,780.2,780.2
Liberia,Liberia,Energy: GWh,PV,2031,783.1,783.1,783.1
Liberia,Liberia,Energy: GWh,PV,2032,787.8,787.8,787.8
Liberia,Liberia,Energy: GWh,PV,2033,791.5,791.5,791.5
Liberia,Liberia,Energy: GWh,PV,2034,796.7,796.7,796.7
Liberia,Liberia,Energy: GWh,PV,2035,796.6,796.6,796.6
Liberia,Liberia,Energy: GWh,PV,2040,798.8,798.8,798.8
Liberia,Liberia,Energy: GWh,PV,2045,800.8,800.8,800.8
Liberia,Liberia,Energy: GWh,PV,2050,800.8,800.8,800.8
Liberia,Liberia,Energy: GWh,ROR,2026,412.4,412.4,412.4
Liberia,Liberia,Energy: GWh,ROR,2027,412.4,412.4,412.4
Liberia,Liberia,Energy: GWh,ROR,2028,666.7,666.7,666.7
Liberia,Liberia,Energy: GWh,ROR,2029,646.9,646.9,646.9
Liberia,Liberia,Energy: GWh,ROR,2030,453.0,453.0,453.0
Liberia,Liberia,Energy: GWh,ROR,2031,502.0,502.0,502.0
Liberia,Liberia,Energy: GWh,ROR,2032,1045.9,1045.9,1045.9
Liberia,Liberia,Energy: GWh,ROR,2033,1104.5,1104.5,1104.5
Liberia,Liberia,Energy: GWh,ROR,2034,717.7,717.7,717.7
Liberia,Liberia,Energy: GWh,ROR,2035,723.4,723.4,723.4
Liberia,Liberia,Energy: GWh,ROR,2040,726.9,726.9,726.9
Liberia,Liberia,Energy: GWh,ROR,2045,757.0,757.0,757.0
Liberia,Liberia,Energy: GWh,ROR,2050,757.0,757.0,757.0
Liberia,Liberia,Energy: GWh,Reservoir,2050,800.0,800.0,800.0
Liberia,Liberia,Export revenues with internal zones: $/MWh,,,-84.6,-84.6,-84.6
Liberia,Liberia,Exports exchange: GWh,,2026,624.9,624.9,624.9
Liberia,Liberia,Exports exchange: GWh,,2027,636.5,636.5,636.5
Liberia,Liberia,Exports exchange: GWh,,2028,976.7,976.7,976.7
Liberia,Liberia,Exports exchange: GWh,,2029,1074.2,1074.2,1074.2
Liberia,Liberia,Exports exchange: GWh,,2030,905.5,905.5,905.5
Liberia,Liberia,Exports exchange: GWh,,2031,865.8,865.8,865.8
Liberia,Liberia,Exports exchange: GWh,,2032,1095.2,1095.2,1095.2
Liberia,Liberia,Exports exchange: GWh,,2033,1057.4,1057.4,1057.4
Liberia,Liberia,Exports exchange: GWh,,2034,804.2,804.2,804.2
Liberia,Liberia,Exports exchange: GWh,,2035,755.3,755.3,755.3
Liberia,Liberia,Exports exchange: GWh,,2040,347.0,347.0,347.0
Liberia,Liberia,Exports exchange: GWh,,2045,26.7,26.7,26.7
Liberia,Liberia,Fixed O&M: $/MWh,,,8.7,8.7,8.7
Liberia,Liberia,Fixed O&M: $m,,2026,4.7,4.7,4.7
Liberia,Liberia,Fixed O&M: $m,,2027,4.7,4.7,4.7
Liberia,Liberia,Fixed O&M: $m,,2028,14.7,14.7,14.7
Liberia,Liberia,Fixed O&M: $m,,2029,19.8,19.8,19.8
Liberia,Liberia,Fixed O&M: $m,,2030,19.9,19.9,19.9
Liberia,Liberia,Fixed O&M: $m,,2031,20.2,20.2,20.2
Liberia,Liberia,Fixed O&M: $m,,2032,26.2,26.2,26.2
Liberia,Liberia,Fixed O&M: $m,,2033,26.2,26.2,26.2
Liberia,Liberia,Fixed O&M: $m,,2034,20.3,20.3,20.3
Liberia,Liberia,Fixed O&M: $m,,2035,20.3,20.3,20.3
Liberia,Liberia,Fixed O&M: $m,,2040,20.3,20.3,20.3
Liberia,Liberia,Fixed O&M: $m,,2045,20.9,20.9,20.9
Liberia,Liberia,Fixed O&M: $m,,2050,27.6,27.6,27.6
Liberia,Liberia,Fuel costs: $/MWh,,,1.9,1.9,1.9
Liberia,Liberia,Fuel costs: $m,,2026,12.6,12.6,12.6
Liberia,Liberia,Fuel costs: $m,,2027,10.7,10.7,10.7
Liberia,Liberia,Fuel costs: $m,,2045,18.8,18.8,18.8
Liberia,Liberia,Generation: GWh,,2026,548.0,548.0,548.0
Liberia,Liberia,Generation: GWh,,2027,530.4,530.4,530.4
Liberia,Liberia,Generation: GWh,,2028,1327.7,1327.7,1327.7
Liberia,Liberia,Generation: GWh,,2029,1682.8,1682.8,1682.8
Liberia,Liberia,Generation: GWh,,2030,1420.3,1420.3,1420.3
Liberia,Liberia,Generation: GWh,,2031,1520.2,1520.2,1520.2
Liberia,Liberia,Generation: GWh,,2032,2036.7,2036.7,2036.7
Liberia,Liberia,Generation: GWh,,2033,2118.2,2118.2,2118.2
Liberia,Liberia,Generation: GWh,,2034,1808.6,1808.6,1808.6
Liberia,Liberia,Generation: GWh,,2035,1837.2,1837.2,1837.2
Liberia,Liberia,Generation: GWh,,2040,1841.8,1841.8,1841.8
Liberia,Liberia,Generation: GWh,,2045,2037.1,2037.1,2037.1
Liberia,Liberia,Generation: GWh,,2050,2456.7,2456.7,2456.7
Liberia,Liberia,Import costs with internal zones: $/MWh,,,438.4,438.4,438.4
Liberia,Liberia,Import costs with internal zones: $m,,2026,527.6,527.6,527.6
Liberia,Liberia,Import costs with internal zones: $m,,2027,522.2,522.2,522.2
Liberia,Liberia,Import costs with internal zones: $m,,2028,305.9,305.9,305.9
Liberia,Liberia,Import costs with internal zones: $m,,2029,177.3,177.3,177.3
Liberia,Liberia,Import costs with internal zones: $m,,2030,105.9,105.9,105.9
Liberia,Liberia,Import costs with internal zones: $m,,2031,108.5,108.5,108.5
Liberia,Liberia,Import costs with internal zones: $m,,2032,13.0,13.0,13.0
Liberia,Liberia,Import costs with internal zones: $m,,2033,43.6,43.6,43.6
Liberia,Liberia,Import costs with internal zones: $m,,2034,137.1,137.1,137.1
Liberia,Liberia,Import costs with internal zones: $m,,2035,177.9,177.9,177.9
Liberia,Liberia,Import costs with internal zones: $m,,2040,497.5,497.5,497.5
Liberia,Liberia,Import costs with internal zones: $m,,2045,2630.2,2630.2,2630.2
Liberia,Liberia,Import costs with internal zones: $m,,2050,3588.6,3588.6,3588.6
Liberia,Liberia,Imports exchange: GWh,,2026,686.9,686.9,686.9
Liberia,Liberia,Imports exchange: GWh,,2027,785.7,785.7,785.7
Liberia,Liberia,Imports exchange: GWh,,2028,588.4,588.4,588.4
Liberia,Liberia,Imports exchange: GWh,,2029,534.2,534.2,534.2
Liberia,Liberia,Imports exchange: GWh,,2030,631.7,631.7,631.7
Liberia,Liberia,Imports exchange: GWh,,2031,645.0,645.0,645.0
Liberia,Liberia,Imports exchange: GWh,,2032,427.1,427.1,427.1
Liberia,Liberia,Imports exchange: GWh,,2033,442.8,442.8,442.8
Liberia,Liberia,Imports exchange: GWh,,2034,713.9,713.9,713.9
Liberia,Liberia,Imports exchange: GWh,,2035,797.4,797.4,797.4
Liberia,Liberia,Imports exchange: GWh,,2040,1306.1,1306.1,1306.1
Liberia,Liberia,Imports exchange: GWh,,2045,1763.9,1763.9,1763.9
Liberia,Liberia,Imports exchange: GWh,,2050,1822.1,1822.1,1822.1
Liberia,Liberia,Investment costs: $/MWh,,,46.6,46.6,46.6
Liberia,Liberia,Investment costs: $m,,2026,1.5,1.5,1.5
Liberia,Liberia,Investment costs: $m,,2027,1.5,1.5,1.5
Liberia,Liberia,Investment costs: $m,,2028,53.1,53.1,53.1
Liberia,Liberia,Investment costs: $m,,2029,82.1,82.1,82.1
Liberia,Liberia,Investment costs: $m,,2030,82.3,82.3,82.3
Liberia,Liberia,Investment costs: $m,,2031,82.7,82.7,82.7
Liberia,Liberia,Investment costs: $m,,2032,125.0,125.0,125.0
Liberia,Liberia,Investment costs: $m,,2033,125.1,125.1,125.1
Liberia,Liberia,Investment costs: $m,,2034,127.0,127.0,127.0
Liberia,Liberia,Investment costs: $m,,2035,127.0,127.0,127.0
Liberia,Liberia,Investment costs: $m,,2040,127.0,127.0,127.0
Liberia,Liberia,Investment costs: $m,,2045,127.5,127.5,127.5
Liberia,Liberia,Investment costs: $m,,2050,178.7,178.7,178.7
Liberia,Liberia,Net interchange Ratio: GWh,,2026,0.1,0.1,0.1
Liberia,Liberia,Net interchange Ratio: GWh,,2027,0.2,0.2,0.2
Liberia,Liberia,Net interchange Ratio: GWh,,2035,0.0,0.0,0.0
Liberia,Liberia,Net interchange Ratio: GWh,,2040,0.4,0.4,0.4
Liberia,Liberia,Net interchange Ratio: GWh,,2045,0.4,0.4,0.4
Liberia,Liberia,Net interchange Ratio: GWh,,2050,0.3,0.3,0.3
Liberia,Liberia,Net interchange: GWh,,2026,62.0,62.0,62.0
Liberia,Liberia,Net interchange: GWh,,2027,149.2,149.2,149.2
Liberia,Liberia,Net interchange: GWh,,2035,42.0,42.0,42.0
Liberia,Liberia,Net interchange: GWh,,2040,959.1,959.1,959.1
Liberia,Liberia,Net interchange: GWh,,2045,1737.2,1737.2,1737.2
Liberia,Liberia,Net interchange: GWh,,2050,1822.1,1822.1,1822.1
Liberia,Liberia,New Capacity: MW,Battery,2028,128.8,128.8,128.8
Liberia,Liberia,New Capacity: MW,Battery,2029,58.0,58.0,58.0
Liberia,Liberia,New Capacity: MW,Battery,2030,10.6,10.6,10.6
Liberia,Liberia,New Capacity: MW,Battery,2031,19.2,19.2,19.2
Liberia,Liberia,New Capacity: MW,Battery,2045,43.4,43.4,43.4
Liberia,Liberia,New Capacity: MW,PV,2026,16.0,16.0,16.0
Liberia,Liberia,New Capacity: MW,PV,2028,410.0,410.0,410.0
Liberia,Liberia,New Capacity: MW,PV,2029,250.0,250.0,250.0
Liberia,Liberia,New Capacity: MW,ROR,2028,60.0,60.0,60.0
Liberia,Liberia,New Capacity: MW,ROR,2032,150.0,150.0,150.0
Liberia,Liberia,New Capacity: MW,Reservoir,2050,154.0,154.0,154.0
Liberia,Liberia,Price: $/MWh,,2026,757.8,757.8,757.8
Liberia,Liberia,Price: $/MWh,,2027,646.4,646.4,646.4
Liberia,Liberia,Price: $/MWh,,2028,494.1,494.1,494.1
Liberia,Liberia,Price: $/MWh,,2029,323.5,323.5,323.5
Liberia,Liberia,Price: $/MWh,,2030,196.9,196.9,196.9
Liberia,Liberia,Price: $/MWh,,2031,187.9,187.9,187.9
Liberia,Liberia,Price: $/MWh,,2032,33.1,33.1,33.1
Liberia,Liberia,Price: $/MWh,,2033,105.3,105.3,105.3
Liberia,Liberia,Price: $/MWh,,2034,178.7,178.7,178.7
Liberia,Liberia,Price: $/MWh,,2035,209.9,209.9,209.9
Liberia,Liberia,Price: $/MWh,,2040,382.5,382.5,382.5
Liberia,Liberia,Price: $/MWh,,2045,1582.2,1582.2,1582.2
Liberia,Liberia,Price: $/MWh,,2050,1987.5,1987.5,1987.5
Liberia,Liberia,Spinning Reserve: GWh,,2026,98.7,98.7,98.7
Liberia,Liberia,Spinning Reserve: GWh,,2027,92.2,92.2,92.2
Liberia,Liberia,Spinning Reserve: GWh,,2028,221.2,221.2,221.2
Liberia,Liberia,Spinning Reserve: GWh,,2029,245.1,245.1,245.1
Liberia,Liberia,Spinning Reserve: GWh,,2030,267.8,267.8,267.8
Liberia,Liberia,Spinning Reserve: GWh,,2031,289.2,289.2,289.2
Liberia,Liberia,Spinning Reserve: GWh,,2032,315.5,315.5,315.5
Liberia,Liberia,Spinning Reserve: GWh,,2033,335.4,335.4,335.4
Liberia,Liberia,Spinning Reserve: GWh,,2034,358.7,358.7,358.7
Liberia,Liberia,Spinning Reserve: GWh,,2035,383.0,383.0,383.0
Liberia,Liberia,Spinning Reserve: GWh,,2040,594.1,594.1,594.1
Liberia,Liberia,Spinning Reserve: GWh,,2045,915.8,915.8,915.8
Liberia,Liberia,Spinning Reserve: GWh,,2050,1363.8,1363.8,1363.8
Liberia,Liberia,Surplus generation: GWh,,2028,0.3,0.3,0.3
Liberia,Liberia,Surplus generation: GWh,,2029,0.1,0.1,0.1
Liberia,Liberia,Surplus generation: GWh,,2040,2.1,2.1,2.1
Liberia,Liberia,Total Demand: GWh,,2026,610.0,610.0,610.0
Liberia,Liberia,Total Demand: GWh,,2027,679.6,679.6,679.6
Liberia,Liberia,Total Demand: GWh,,2028,754.7,754.7,754.7
Liberia,Liberia,Total Demand: GWh,,2029,835.7,835.7,835.7
Liberia,Liberia,Total Demand: GWh,,2030,924.3,924.3,924.3
Liberia,Liberia,Total Demand: GWh,,2031,1020.4,1020.4,1020.4
Liberia,Liberia,Total Demand: GWh,,2032,1125.9,1125.9,1125.9
Liberia,Liberia,Total Demand: GWh,,2033,1241.5,1241.5,1241.5
Liberia,Liberia,Total Demand: GWh,,2034,1368.6,1368.6,1368.6
Liberia,Liberia,Total Demand: GWh,,2035,1505.4,1505.4,1505.4
Liberia,Liberia,Total Demand: GWh,,2040,2424.5,2424.5,2424.5
Liberia,Liberia,Total Demand: GWh,,2045,3904.7,3904.7,3904.7
Liberia,Liberia,Total Demand: GWh,,2050,6288.6,6288.6,6288.6
Liberia,Liberia,Trade shared benefits: $/MWh,,,-181.0,-181.0,-181.0
Liberia,Liberia,Transmission Capacity: MW,Guinea,2026,52.0,52.0,52.0
Liberia,Liberia,Transmission Capacity: MW,Guinea,2027,52.0,52.0,52.0
Liberia,Liberia,Transmission Capacity: MW,Guinea,2028,52.0,52.0,52.0
Liberia,Liberia,Transmission Capacity: MW,Guinea,2029,52.0,52.0,52.0
Liberia,Liberia,Transmission Capacity: MW,Guinea,2030,52.0,52.0,52.0
Liberia,Liberia,Transmission Capacity: MW,Guinea,2031,52.0,52.0,52.0
Liberia,Liberia,Transmission Capacity: MW,Guinea,2032,52.0,52.0,52.0
Liberia,Liberia,Transmission Capacity: MW,Guinea,2033,52.0,52.0,52.0
Liberia,Liberia,Transmission Capacity: MW,Guinea,2034,52.0,52.0,52.0
Liberia,Liberia,Transmission Capacity: MW,Guinea,2035,52.0,52.0,52.0
Liberia,Liberia,Transmission Capacity: MW,Guinea,2040,52.0,52.0,52.0
Liberia,Liberia,Transmission Capacity: MW,Guinea,2045,52.0,52.0,52.0
Liberia,Liberia,Transmission Capacity: MW,Guinea,2050,52.0,52.0,52.0
Liberia,Liberia,Transmission Capacity: MW,IvoryCoast,2026,78.0,78.0,78.0
Liberia,Liberia,Transmission Capacity: MW,IvoryCoast,2027,78.0,78.0,78.0
Liberia,Liberia,Transmission Capacity: MW,IvoryCoast,2028,78.0,78.0,78.0
Liberia,Liberia,Transmission Capacity: MW,IvoryCoast,2029,78.0,78.0,78.0
Liberia,Liberia,Transmission Capacity: MW,IvoryCoast,2030,78.0,78.0,78.0
Liberia,Liberia,Transmission Capacity: MW,IvoryCoast,2031,78.0,78.0,78.0
Liberia,Liberia,Transmission Capacity: MW,IvoryCoast,2032,78.0,78.0,78.0
Liberia,Liberia,Transmission Capacity: MW,IvoryCoast,2033,78.0,78.0,78.0
Liberia,Liberia,Transmission Capacity: MW,IvoryCoast,2034,78.0,78.0,78.0
Liberia,Liberia,Transmission Capacity: MW,IvoryCoast,2035,78.0,78.0,78.0
Liberia,Liberia,Transmission Capacity: MW,IvoryCoast,2040,78.0,78.0,78.0
Liberia,Liberia,Transmission Capacity: MW,IvoryCoast,2045,78.0,78.0,78.0
Liberia,Liberia,Transmission Capacity: MW,IvoryCoast,2050,78.0,78.0,78.0
Liberia,Liberia,Transmission Capacity: MW,SierraLeone,2026,78.0,78.0,78.0
Liberia,Liberia,Transmission Capacity: MW,SierraLeone,2027,78.0,78.0,78.0
Liberia,Liberia,Transmission Capacity: MW,SierraLeone,2028,78.0,78.0,78.0
Liberia,Liberia,Transmission Capacity: MW,SierraLeone,2029,78.0,78.0,78.0
Liberia,Liberia,Transmission Capacity: MW,SierraLeone,2030,78.0,78.0,78.0
Liberia,Liberia,Transmission Capacity: MW,SierraLeone,2031,78.0,78.0,78.0
Liberia,Liberia,Transmission Capacity: MW,SierraLeone,2032,78.0,78.0,78.0
Liberia,Liberia,Transmission Capacity: MW,SierraLeone,2033,78.0,78.0,78.0
Liberia,Liberia,Transmission Capacity: MW,SierraLeone,2034,78.0,78.0,78.0
Liberia,Liberia,Transmission Capacity: MW,SierraLeone,2035,78.0,78.0,78.0
Liberia,Liberia,Transmission Capacity: MW,SierraLeone,2040,78.0,78.0,78.0
Liberia,Liberia,Transmission Capacity: MW,SierraLeone,2045,78.0,78.0,78.0
Liberia,Liberia,Transmission Capacity: MW,SierraLeone,2050,78.0,78.0,78.0
Liberia,Liberia,Unmet country CO2 backstop cost: $/MWh,,,13.2,13.2,13.2
Liberia,Liberia,Unmet country CO2 backstop cost: $m,,2026,86.0,86.0,86.0
Liberia,Liberia,Unmet country CO2 backstop cost: $m,,2027,73.0,73.0,73.0
Liberia,Liberia,Unmet country CO2 backstop cost: $m,,2045,128.2,128.2,128.2
Liberia,Liberia,Unmet country planning reserve costs: $/MWh,,,3.0,3.0,3.0
Liberia,Liberia,Unmet country planning reserve costs: $m,,2045,15.1,15.1,15.1
Liberia,Liberia,Unmet country planning reserve costs: $m,,2050,43.0,43.0,43.0
Liberia,Liberia,Unmet country spinning reserve costs: $/MWh,,,3.3,3.3,3.3
Liberia,Liberia,Unmet country spinning reserve costs: $m,,2026,0.6,0.6,0.6
Liberia,Liberia,Unmet country spinning reserve costs: $m,,2027,1.3,1.3,1.3
Liberia,Liberia,Unmet country spinning reserve costs: $m,,2028,0.3,0.3,0.3
Liberia,Liberia,Unmet country spinning reserve costs: $m,,2029,0.4,0.4,0.4
Liberia,Liberia,Unmet country spinning reserve costs: $m,,2030,0.4,0.4,0.4
Liberia,Liberia,Unmet country spinning reserve costs: $m,,2031,0.5,0.5,0.5
Liberia,Liberia,Unmet country spinning reserve costs: $m,,2033,0.4,0.4,0.4
Liberia,Liberia,Unmet country spinning reserve costs: $m,,2034,0.7,0.7,0.7
Liberia,Liberia,Unmet country spinning reserve costs: $m,,2035,1.1,1.1,1.1
Liberia,Liberia,Unmet country spinning reserve costs: $m,,2040,2.6,2.6,2.6
Liberia,Liberia,Unmet country spinning reserve costs: $m,,2045,12.6,12.6,12.6
Liberia,Liberia,Unmet country spinning reserve costs: $m,,2050,45.2,45.2,45.2
Liberia,Liberia,Unmet demand costs: $/MWh,,,270.5,270.5,270.5
Liberia,Liberia,Unmet demand costs: $m,,2045,979.6,979.6,979.6
Liberia,Liberia,Unmet demand costs: $m,,2050,4434.7,4434.7,4434.7
Liberia,Liberia,Unmet demand: GWh,,2045,489.8,489.8,489.8
Liberia,Liberia,Unmet demand: GWh,,2050,2217.3,2217.3,2217.3
Liberia,Liberia,Variable O&M: $/MWh,,,0.3,0.3,0.3
Liberia,Liberia,Variable O&M: $m,,2026,1.1,1.1,1.1
Liberia,Liberia,Variable O&M: $m,,2027,0.9,0.9,0.9
Liberia,Liberia,Variable O&M: $m,,2028,0.3,0.3,0.3
Liberia,Liberia,Variable O&M: $m,,2029,0.3,0.3,0.3
Liberia,Liberia,Variable O&M: $m,,2030,0.2,0.2,0.2
Liberia,Liberia,Variable O&M: $m,,2031,0.3,0.3,0.3
Liberia,Liberia,Variable O&M: $m,,2032,0.5,0.5,0.5
Liberia,Liberia,Variable O&M: $m,,2033,0.6,0.6,0.6
Liberia,Liberia,Variable O&M: $m,,2034,0.4,0.4,0.4
Liberia,Liberia,Variable O&M: $m,,2035,0.4,0.4,0.4
Liberia,Liberia,Variable O&M: $m,,2040,0.4,0.4,0.4
Liberia,Liberia,Variable O&M: $m,,2045,1.7,1.7,1.7
Liberia,Liberia,Variable O&M: $m,,2050,0.8,0.8,0.8
Mali,Mali,Annual Energy Exchanges: GWh,Guinea,2026,168.9,168.9,168.9
Mali,Mali,Annual Energy Exchanges: GWh,Guinea,2027,64.0,64.0,64.0
Mali,Mali,Annual Energy Exchanges: GWh,Guinea,2028,265.9,265.9,265.9
Mali,Mali,Annual Energy Exchanges: GWh,Guinea,2029,473.0,473.0,473.0
Mali,Mali,Annual Energy Exchanges: GWh,Guinea,2030,65.1,65.1,65.1
Mali,Mali,Annual Energy Exchanges: GWh,Guinea,2031,47.5,47.5,47.5
Mali,Mali,Annual Energy Exchanges: GWh,Guinea,2032,51.5,51.5,51.5
Mali,Mali,Annual Energy Exchanges: GWh,Guinea,2033,123.3,123.3,123.3
Mali,Mali,Annual Energy Exchanges: GWh,Guinea,2034,205.7,205.7,205.7
Mali,Mali,Annual Energy Exchanges: GWh,Guinea,2035,332.2,332.2,332.2
Mali,Mali,Annual Energy Exchanges: GWh,Guinea,2040,680.7,680.7,680.7
Mali,Mali,Annual Energy Exchanges: GWh,Guinea,2045,757.1,757.1,757.1
Mali,Mali,Annual Energy Exchanges: GWh,Guinea,2050,644.5,644.5,644.5
Mali,Mali,Annual Energy Exchanges: GWh,IvoryCoast,2028,2.6,2.6,2.6
Mali,Mali,Annual Energy Exchanges: GWh,IvoryCoast,2029,342.9,342.9,342.9
Mali,Mali,Annual Energy Exchanges: GWh,IvoryCoast,2030,714.7,714.7,714.7
Mali,Mali,Annual Energy Exchanges: GWh,IvoryCoast,2031,832.4,832.4,832.4
Mali,Mali,Annual Energy Exchanges: GWh,IvoryCoast,2032,954.2,954.2,954.2
Mali,Mali,Annual Energy Exchanges: GWh,IvoryCoast,2033,991.2,991.2,991.2
Mali,Mali,Annual Energy Exchanges: GWh,IvoryCoast,2034,1015.7,1015.7,1015.7
Mali,Mali,Annual Energy Exchanges: GWh,IvoryCoast,2035,989.3,989.3,989.3
Mali,Mali,Annual Energy Exchanges: GWh,IvoryCoast,2040,1016.6,1016.6,1016.6
Mali,Mali,Annual Energy Exchanges: GWh,IvoryCoast,2045,1012.7,1012.7,1012.7
Mali,Mali,Annual Energy Exchanges: GWh,IvoryCoast,2050,1013.4,1013.4,1013.4
Mali,Mali,Annual Energy Exchanges: GWh,Mauritania_grid,2026,90.1,90.1,90.1
Mali,Mali,Annual Energy Exchanges: GWh,Mauritania_grid,2027,125.4,125.4,125.4
Mali,Mali,Annual Energy Exchanges: GWh,Mauritania_grid,2028,406.2,406.2,406.2
Mali,Mali,Annual Energy Exchanges: GWh,Mauritania_grid,2029,3.6,3.6,3.6
Mali,Mali,Annual Energy Exchanges: GWh,Mauritania_grid,2030,237.9,237.9,237.9
Mali,Mali,Annual Energy Exchanges: GWh,Mauritania_grid,2031,584.3,584.3,584.3
Mali,Mali,Annual Energy Exchanges: GWh,Mauritania_grid,2032,1164.1,1164.1,1164.1
Mali,Mali,Annual Energy Exchanges: GWh,Mauritania_grid,2033,1703.0,1703.0,1703.0
Mali,Mali,Annual Energy Exchanges: GWh,Mauritania_grid,2034,2145.4,2145.4,2145.4
Mali,Mali,Annual Energy Exchanges: GWh,Mauritania_grid,2035,2360.0,2360.0,2360.0
Mali,Mali,Annual Energy Exchanges: GWh,Mauritania_grid,2040,1436.9,1436.9,1436.9
Mali,Mali,Annual Energy Exchanges: GWh,Mauritania_grid,2045,1242.8,1242.8,1242.8
Mali,Mali,Annual Energy Exchanges: GWh,Mauritania_grid,2050,972.6,972.6,972.6
Mali,Mali,Annual Energy Exchanges: GWh,Senegal,2026,1299.8,1299.8,1299.8
Mali,Mali,Annual Energy Exchanges: GWh,Senegal,2027,633.3,633.3,633.3
Mali,Mali,Annual Energy Exchanges: GWh,Senegal,2028,463.1,463.1,463.1
Mali,Mali,Annual Energy Exchanges: GWh,Senegal,2029,1088.9,1088.9,1088.9
Mali,Mali,Annual Energy Exchanges: GWh,Senegal,2030,1145.3,1145.3,1145.3
Mali,Mali,Annual Energy Exchanges: GWh,Senegal,2031,1165.7,1165.7,1165.7
Mali,Mali,Annual Energy Exchanges: GWh,Senegal,2032,1052.6,1052.6,1052.6
Mali,Mali,Annual Energy Exchanges: GWh,Senegal,2033,887.1,887.1,887.1
Mali,Mali,Annual Energy Exchanges: GWh,Senegal,2034,915.5,915.5,915.5
Mali,Mali,Annual Energy Exchanges: GWh,Senegal,2035,893.3,893.3,893.3
Mali,Mali,Annual Energy Exchanges: GWh,Senegal,2040,953.6,953.6,953.6
Mali,Mali,Annual Energy Exchanges: GWh,Senegal,2045,940.3,940.3,940.3
Mali,Mali,Annual Energy Exchanges: GWh,Senegal,2050,900.9,900.9,900.9
Mali,Mali,Capacity: MW,Battery,2028,58.0,58.0,58.0
Mali,Mali,Capacity: MW,Battery,2029,136.8,136.8,136.8
Mali,Mali,Capacity: MW,Battery,2030,288.7,288.7,288.7
Mali,Mali,Capacity: MW,Battery,2031,372.1,372.1,372.1
Mali,Mali,Capacity: MW,Battery,2032,393.7,393.7,393.7
Mali,Mali,Capacity: MW,Battery,2033,393.7,393.7,393.7
Mali,Mali,Capacity: MW,Battery,2034,393.7,393.7,393.7
Mali,Mali,Capacity: MW,Battery,2035,393.7,393.7,393.7
Mali,Mali,Capacity: MW,Battery,2040,430.7,430.7,430.7
Mali,Mali,Capacity: MW,Battery,2045,492.2,492.2,492.2
Mali,Mali,Capacity: MW,Battery,2050,546.0,546.0,546.0
Mali,Mali,Capacity: MW,Diesel,2026,455.3,455.3,455.3
Mali,Mali,Capacity: MW,Diesel,2027,450.5,450.5,450.5
Mali,Mali,Capacity: MW,Diesel,2028,380.8,380.8,380.8
Mali,Mali,Capacity: MW,Diesel,2029,290.3,290.3,290.3
Mali,Mali,Capacity: MW,Onshore Wind,2030,150.0,150.0,150.0
Mali,Mali,Capacity: MW,Onshore Wind,2031,300.0,300.0,300.0
Mali,Mali,Capacity: MW,Onshore Wind,2032,450.0,450.0,450.0
Mali,Mali,Capacity: MW,Onshore Wind,2033,600.0,600.0,600.0
Mali,Mali,Capacity: MW,Onshore Wind,2034,750.0,750.0,750.0
Mali,Mali,Capacity: MW,Onshore Wind,2035,900.0,900.0,900.0
Mali,Mali,Capacity: MW,Onshore Wind,2040,900.0,900.0,900.0
Mali,Mali,Capacity: MW,Onshore Wind,2045,1183.6,1183.6,1183.6
Mali,Mali,Capacity: MW,Onshore Wind,2050,1621.7,1621.7,1621.7
Mali,Mali,Capacity: MW,PV,2026,350.0,350.0,350.0
Mali,Mali,Capacity: MW,PV,2027,600.0,600.0,600.0
Mali,Mali,Capacity: MW,PV,2028,850.0,850.0,850.0
Mali,Mali,Capacity: MW,PV,2029,1100.0,1100.0,1100.0
Mali,Mali,Capacity: MW,PV,2030,1350.0,1350.0,1350.0
Mali,Mali,Capacity: MW,PV,2031,1600.0,1600.0,1600.0
Mali,Mali,Capacity: MW,PV,2032,1816.1,1816.1,1816.1
Mali,Mali,Capacity: MW,PV,2033,1816.1,1816.1,1816.1
Mali,Mali,Capacity: MW,PV,2034,1816.1,1816.1,1816.1
Mali,Mali,Capacity: MW,PV,2035,1816.1,1816.1,1816.1
Mali,Mali,Capacity: MW,PV,2040,1816.1,1816.1,1816.1
Mali,Mali,Capacity: MW,PV,2045,1766.1,1766.1,1766.1
Mali,Mali,Capacity: MW,PV,2050,1766.1,1766.1,1766.1
Mali,Mali,Capacity: MW,ROR,2026,114.7,114.7,114.7
Mali,Mali,Capacity: MW,ROR,2027,114.7,114.7,114.7
Mali,Mali,Capacity: MW,ROR,2028,114.7,114.7,114.7
Mali,Mali,Capacity: MW,ROR,2029,114.7,114.7,114.7
Mali,Mali,Capacity: MW,ROR,2030,114.7,114.7,114.7
Mali,Mali,Capacity: MW,ROR,2031,114.7,114.7,114.7
Mali,Mali,Capacity: MW,ROR,2032,114.7,114.7,114.7
Mali,Mali,Capacity: MW,ROR,2033,114.7,114.7,114.7
Mali,Mali,Capacity: MW,ROR,2034,114.7,114.7,114.7
Mali,Mali,Capacity: MW,ROR,2035,114.7,114.7,114.7
Mali,Mali,Capacity: MW,ROR,2040,114.7,114.7,114.7
Mali,Mali,Capacity: MW,ROR,2045,114.7,114.7,114.7
Mali,Mali,Capacity: MW,ROR,2050,114.7,114.7,114.7
Mali,Mali,Capacity: MW,Reservoir,2026,124.0,124.0,124.0
Mali,Mali,Capacity: MW,Reservoir,2027,124.0,124.0,124.0
Mali,Mali,Capacity: MW,Reservoir,2028,124.0,124.0,124.0
Mali,Mali,Capacity: MW,Reservoir,2029,124.0,124.0,124.0
Mali,Mali,Capacity: MW,Reservoir,2030,224.0,224.0,224.0
Mali,Mali,Capacity: MW,Reservoir,2031,324.0,324.0,324.0
Mali,Mali,Capacity: MW,Reservoir,2032,424.0,424.0,424.0
Mali,Mali,Capacity: MW,Reservoir,2033,524.0,524.0,524.0
Mali,Mali,Capacity: MW,Reservoir,2034,624.0,624.0,624.0
Mali,Mali,Capacity: MW,Reservoir,2035,624.0,624.0,624.0
Mali,Mali,Capacity: MW,Reservoir,2040,624.0,624.0,624.0
Mali,Mali,Capacity: MW,Reservoir,2045,624.0,624.0,624.0
Mali,Mali,Capacity: MW,Reservoir,2050,624.0,624.0,624.0
Mali,Mali,Demand: GWh,,2026,3605.6,3605.6,3605.6
Mali,Mali,Demand: GWh,,2027,3773.9,3773.9,3773.9
Mali,Mali,Demand: GWh,,2028,3946.6,3946.6,3946.6
Mali,Mali,Demand: GWh,,2029,4132.7,4132.7,4132.7
Mali,Mali,Demand: GWh,,2030,4323.1,4323.1,4323.1
Mali,Mali,Demand: GWh,,2031,4522.4,4522.4,4522.4
Mali,Mali,Demand: GWh,,2032,4735.1,4735.1,4735.1
Mali,Mali,Demand: GWh,,2033,4952.1,4952.1,4952.1
Mali,Mali,Demand: GWh,,2034,5102.7,5102.7,5102.7
Mali,Mali,Demand: GWh,,2035,5253.3,5253.3,5253.3
Mali,Mali,Demand: GWh,,2040,6090.5,6090.5,6090.5
Mali,Mali,Demand: GWh,,2045,7240.3,7240.3,7240.3
Mali,Mali,Demand: GWh,,2050,8458.0,8458.0,8458.0
Mali,Mali,Emissions: MtCO2,,2026,1.1,1.1,1.1
Mali,Mali,Emissions: MtCO2,,2027,0.3,0.3,0.3
Mali,Mali,Emissions: MtCO2,,2028,0.2,0.2,0.2
Mali,Mali,Emissions: MtCO2,,2029,0.1,0.1,0.1
Mali,Mali,Energy: GWh,Battery,2028,78.2,78.2,78.2
Mali,Mali,Energy: GWh,Battery,2029,78.9,78.9,78.9
Mali,Mali,Energy: GWh,Battery,2030,163.6,163.6,163.6
Mali,Mali,Energy: GWh,Battery,2031,354.6,354.6,354.6
Mali,Mali,Energy: GWh,Battery,2032,442.6,442.6,442.6
Mali,Mali,Energy: GWh,Battery,2033,504.2,504.2,504.2
Mali,Mali,Energy: GWh,Battery,2034,522.1,522.1,522.1
Mali,Mali,Energy: GWh,Battery,2035,516.2,516.2,516.2
Mali,Mali,Energy: GWh,Battery,2040,576.7,576.7,576.7
Mali,Mali,Energy: GWh,Battery,2045,710.5,710.5,710.5
Mali,Mali,Energy: GWh,Battery,2050,798.8,798.8,798.8
Mali,Mali,Energy: GWh,Diesel,2026,1491.5,1491.5,1491.5
Mali,Mali,Energy: GWh,Diesel,2027,444.6,444.6,444.6
Mali,Mali,Energy: GWh,Diesel,2028,225.6,225.6,225.6
Mali,Mali,Energy: GWh,Diesel,2029,103.9,103.9,103.9
Mali,Mali,Energy: GWh,Onshore Wind,2030,559.0,559.0,559.0
Mali,Mali,Energy: GWh,Onshore Wind,2031,1111.7,1111.7,1111.7
Mali,Mali,Energy: GWh,Onshore Wind,2032,1650.9,1650.9,1650.9
Mali,Mali,Energy: GWh,Onshore Wind,2033,2201.7,2201.7,2201.7
Mali,Mali,Energy: GWh,Onshore Wind,2034,2755.8,2755.8,2755.8
Mali,Mali,Energy: GWh,Onshore Wind,2035,3298.2,3298.2,3298.2
Mali,Mali,Energy: GWh,Onshore Wind,2040,3228.7,3228.7,3228.7
Mali,Mali,Energy: GWh,Onshore Wind,2045,4078.0,4078.0,4078.0
Mali,Mali,Energy: GWh,Onshore Wind,2050,5279.7,5279.7,5279.7
Mali,Mali,Energy: GWh,PV,2026,543.9,543.9,543.9
Mali,Mali,Energy: GWh,PV,2027,932.5,932.5,932.5
Mali,Mali,Energy: GWh,PV,2028,1321.0,1321.0,1321.0
Mali,Mali,Energy: GWh,PV,2029,1709.5,1709.5,1709.5
Mali,Mali,Energy: GWh,PV,2030,2098.0,2098.0,2098.0
Mali,Mali,Energy: GWh,PV,2031,2484.1,2484.1,2484.1
Mali,Mali,Energy: GWh,PV,2032,2817.6,2817.6,2817.6
Mali,Mali,Energy: GWh,PV,2033,2795.1,2795.1,2795.1
Mali,Mali,Energy: GWh,PV,2034,2781.2,2781.2,2781.2
Mali,Mali,Energy: GWh,PV,2035,2751.2,2751.2,2751.2
Mali,Mali,Energy: GWh,PV,2040,2721.3,2721.3,2721.3
Mali,Mali,Energy: GWh,PV,2045,2535.7,2535.7,2535.7
Mali,Mali,Energy: GWh,PV,2050,2378.5,2378.5,2378.5
Mali,Mali,Energy: GWh,ROR,2026,503.5,503.5,503.5
Mali,Mali,Energy: GWh,ROR,2027,503.5,503.5,503.5
Mali,Mali,Energy: GWh,ROR,2028,503.5,503.5,503.5
Mali,Mali,Energy: GWh,ROR,2029,503.5,503.5,503.5
Mali,Mali,Energy: GWh,ROR,2030,503.5,503.5,503.5
Mali,Mali,Energy: GWh,ROR,2031,503.5,503.5,503.5
Mali,Mali,Energy: GWh,ROR,2032,494.3,494.3,494.3
Mali,Mali,Energy: GWh,ROR,2033,451.8,451.8,451.8
Mali,Mali,Energy: GWh,ROR,2034,448.9,448.9,448.9
Mali,Mali,Energy: GWh,ROR,2035,438.9,438.9,438.9
Mali,Mali,Energy: GWh,ROR,2040,315.7,315.7,315.7
Mali,Mali,Energy: GWh,ROR,2045,224.5,224.5,224.5
Mali,Mali,Energy: GWh,ROR,2050,185.2,185.2,185.2
Mali,Mali,Energy: GWh,Reservoir,2026,410.3,410.3,410.3
Mali,Mali,Energy: GWh,Reservoir,2027,410.3,410.3,410.3
Mali,Mali,Energy: GWh,Reservoir,2028,410.3,410.3,410.3
Mali,Mali,Energy: GWh,Reservoir,2029,410.3,410.3,410.3
Mali,Mali,Energy: GWh,Reservoir,2030,797.6,797.6,797.6
Mali,Mali,Energy: GWh,Reservoir,2031,1185.0,1185.0,1185.0
Mali,Mali,Energy: GWh,Reservoir,2032,1572.3,1572.3,1572.3
Mali,Mali,Energy: GWh,Reservoir,2033,1959.7,1959.7,1959.7
Mali,Mali,Energy: GWh,Reservoir,2034,2347.1,2347.1,2347.1
Mali,Mali,Energy: GWh,Reservoir,2035,2347.1,2347.1,2347.1
Mali,Mali,Energy: GWh,Reservoir,2040,2346.8,2346.8,2346.8
Mali,Mali,Energy: GWh,Reservoir,2045,2169.8,2169.8,2169.8
Mali,Mali,Energy: GWh,Reservoir,2050,1921.7,1921.7,1921.7
Mali,Mali,Export revenues with internal zones: $/MWh,,,-109.7,-109.7,-109.7
Mali,Mali,Exports exchange: GWh,,2026,1558.9,1558.9,1558.9
Mali,Mali,Exports exchange: GWh,,2027,822.7,822.7,822.7
Mali,Mali,Exports exchange: GWh,,2028,1137.7,1137.7,1137.7
Mali,Mali,Exports exchange: GWh,,2029,1908.3,1908.3,1908.3
Mali,Mali,Exports exchange: GWh,,2030,2163.0,2163.0,2163.0
Mali,Mali,Exports exchange: GWh,,2031,2629.9,2629.9,2629.9
Mali,Mali,Exports exchange: GWh,,2032,3222.5,3222.5,3222.5
Mali,Mali,Exports exchange: GWh,,2033,3704.6,3704.6,3704.6
Mali,Mali,Exports exchange: GWh,,2034,4282.4,4282.4,4282.4
Mali,Mali,Exports exchange: GWh,,2035,4574.7,4574.7,4574.7
Mali,Mali,Exports exchange: GWh,,2040,4087.9,4087.9,4087.9
Mali,Mali,Exports exchange: GWh,,2045,3952.9,3952.9,3952.9
Mali,Mali,Exports exchange: GWh,,2050,3531.5,3531.5,3531.5
Mali,Mali,Fixed O&M: $/MWh,,,15.6,15.6,15.6
Mali,Mali,Fixed O&M: $m,,2026,33.1,33.1,33.1
Mali,Mali,Fixed O&M: $m,,2027,37.2,37.2,37.2
Mali,Mali,Fixed O&M: $m,,2028,39.8,39.8,39.8
Mali,Mali,Fixed O&M: $m,,2029,41.8,41.8,41.8
Mali,Mali,Fixed O&M: $m,,2030,48.7,48.7,48.7
Mali,Mali,Fixed O&M: $m,,2031,65.2,65.2,65.2
Mali,Mali,Fixed O&M: $m,,2032,80.1,80.1,80.1
Mali,Mali,Fixed O&M: $m,,2033,91.1,91.1,91.1
Mali,Mali,Fixed O&M: $m,,2034,102.1,102.1,102.1
Mali,Mali,Fixed O&M: $m,,2035,108.1,108.1,108.1
Mali,Mali,Fixed O&M: $m,,2040,108.6,108.6,108.6
Mali,Mali,Fixed O&M: $m,,2045,120.0,120.0,120.0
Mali,Mali,Fixed O&M: $m,,2050,138.3,138.3,138.3
Mali,Mali,Fuel costs: $/MWh,,,3.6,3.6,3.6
Mali,Mali,Fuel costs: $m,,2026,182.7,182.7,182.7
Mali,Mali,Fuel costs: $m,,2027,54.8,54.8,54.8
Mali,Mali,Fuel costs: $m,,2028,27.4,27.4,27.4
Mali,Mali,Fuel costs: $m,,2029,12.6,12.6,12.6
Mali,Mali,Generation: GWh,,2026,2949.2,2949.2,2949.2
Mali,Mali,Generation: GWh,,2027,2290.8,2290.8,2290.8
Mali,Mali,Generation: GWh,,2028,2538.6,2538.6,2538.6
Mali,Mali,Generation: GWh,,2029,2806.1,2806.1,2806.1
Mali,Mali,Generation: GWh,,2030,4121.8,4121.8,4121.8
Mali,Mali,Generation: GWh,,2031,5638.9,5638.9,5638.9
Mali,Mali,Generation: GWh,,2032,6977.7,6977.7,6977.7
Mali,Mali,Generation: GWh,,2033,7912.5,7912.5,7912.5
Mali,Mali,Generation: GWh,,2034,8855.1,8855.1,8855.1
Mali,Mali,Generation: GWh,,2035,9351.5,9351.5,9351.5
Mali,Mali,Generation: GWh,,2040,9189.2,9189.2,9189.2
Mali,Mali,Generation: GWh,,2045,9718.5,9718.5,9718.5
Mali,Mali,Generation: GWh,,2050,10563.9,10563.9,10563.9
Mali,Mali,Import costs with internal zones: $/MWh,,,133.8,133.8,133.8
Mali,Mali,Import costs with internal zones: $m,,2026,1954.5,1954.5,1954.5
Mali,Mali,Import costs with internal zones: $m,,2027,1894.5,1894.5,1894.5
Mali,Mali,Import costs with internal zones: $m,,2028,1794.4,1794.4,1794.4
Mali,Mali,Import costs with internal zones: $m,,2029,1820.5,1820.5,1820.5
Mali,Mali,Import costs with internal zones: $m,,2030,1157.0,1157.0,1157.0
Mali,Mali,Import costs with internal zones: $m,,2031,785.6,785.6,785.6
Mali,Mali,Import costs with internal zones: $m,,2032,575.7,575.7,575.7
Mali,Mali,Import costs with internal zones: $m,,2033,403.3,403.3,403.3
Mali,Mali,Import costs with internal zones: $m,,2034,213.4,213.4,213.4
Mali,Mali,Import costs with internal zones: $m,,2035,202.0,202.0,202.0
Mali,Mali,Import costs with internal zones: $m,,2040,67.4,67.4,67.4
Mali,Mali,Import costs with internal zones: $m,,2045,121.5,121.5,121.5
Mali,Mali,Import costs with internal zones: $m,,2050,203.3,203.3,203.3
Mali,Mali,Imports exchange: GWh,,2026,2215.2,2215.2,2215.2
Mali,Mali,Imports exchange: GWh,,2027,2305.7,2305.7,2305.7
Mali,Mali,Imports exchange: GWh,,2028,2637.8,2637.8,2637.8
Mali,Mali,Imports exchange: GWh,,2029,3327.7,3327.7,3327.7
Mali,Mali,Imports exchange: GWh,,2030,2556.8,2556.8,2556.8
Mali,Mali,Imports exchange: GWh,,2031,1930.6,1930.6,1930.6
Mali,Mali,Imports exchange: GWh,,2032,1505.9,1505.9,1505.9
Mali,Mali,Imports exchange: GWh,,2033,1340.9,1340.9,1340.9
Mali,Mali,Imports exchange: GWh,,2034,1148.1,1148.1,1148.1
Mali,Mali,Imports exchange: GWh,,2035,1106.2,1106.2,1106.2
Mali,Mali,Imports exchange: GWh,,2040,1716.9,1716.9,1716.9
Mali,Mali,Imports exchange: GWh,,2045,2375.3,2375.3,2375.3
Mali,Mali,Imports exchange: GWh,,2050,2547.5,2547.5,2547.5
Mali,Mali,Investment costs: $/MWh,,,58.9,58.9,58.9
Mali,Mali,Investment costs: $m,,2026,30.5,30.5,30.5
Mali,Mali,Investment costs: $m,,2027,53.5,53.5,53.5
Mali,Mali,Investment costs: $m,,2028,82.2,82.2,82.2
Mali,Mali,Investment costs: $m,,2029,105.9,105.9,105.9
Mali,Mali,Investment costs: $m,,2030,187.1,187.1,187.1
Mali,Mali,Investment costs: $m,,2031,269.2,269.2,269.2
Mali,Mali,Investment costs: $m,,2032,340.0,340.0,340.0
Mali,Mali,Investment costs: $m,,2033,388.8,388.8,388.8
Mali,Mali,Investment costs: $m,,2034,437.4,437.4,437.4
Mali,Mali,Investment costs: $m,,2035,452.5,452.5,452.5
Mali,Mali,Investment costs: $m,,2040,453.0,453.0,453.0
Mali,Mali,Investment costs: $m,,2045,479.3,479.3,479.3
Mali,Mali,Investment costs: $m,,2050,517.2,517.2,517.2
Mali,Mali,Net interchange Ratio: GWh,,2026,0.2,0.2,0.2
Mali,Mali,Net interchange Ratio: GWh,,2027,0.4,0.4,0.4
Mali,Mali,Net interchange Ratio: GWh,,2028,0.4,0.4,0.4
Mali,Mali,Net interchange Ratio: GWh,,2029,0.3,0.3,0.3
Mali,Mali,Net interchange Ratio: GWh,,2030,0.1,0.1,0.1
Mali,Mali,Net interchange: GWh,,2026,656.4,656.4,656.4
Mali,Mali,Net interchange: GWh,,2027,1483.0,1483.0,1483.0
Mali,Mali,Net interchange: GWh,,2028,1500.0,1500.0,1500.0
Mali,Mali,Net interchange: GWh,,2029,1419.4,1419.4,1419.4
Mali,Mali,Net interchange: GWh,,2030,393.8,393.8,393.8
Mali,Mali,New Capacity: MW,Battery,2028,58.0,58.0,58.0
Mali,Mali,New Capacity: MW,Battery,2029,78.8,78.8,78.8
Mali,Mali,New Capacity: MW,Battery,2030,151.8,151.8,151.8
Mali,Mali,New Capacity: MW,Battery,2031,83.4,83.4,83.4
Mali,Mali,New Capacity: MW,Battery,2032,21.6,21.6,21.6
Mali,Mali,New Capacity: MW,Battery,2040,37.0,37.0,37.0
Mali,Mali,New Capacity: MW,Battery,2045,61.5,61.5,61.5
Mali,Mali,New Capacity: MW,Battery,2050,53.8,53.8,53.8
Mali,Mali,New Capacity: MW,Onshore Wind,2030,150.0,150.0,150.0
Mali,Mali,New Capacity: MW,Onshore Wind,2031,150.0,150.0,150.0
Mali,Mali,New Capacity: MW,Onshore Wind,2032,150.0,150.0,150.0
Mali,Mali,New Capacity: MW,Onshore Wind,2033,150.0,150.0,150.0
Mali,Mali,New Capacity: MW,Onshore Wind,2034,150.0,150.0,150.0
Mali,Mali,New Capacity: MW,Onshore Wind,2035,150.0,150.0,150.0
Mali,Mali,New Capacity: MW,Onshore Wind,2045,283.6,283.6,283.6
Mali,Mali,New Capacity: MW,Onshore Wind,2050,438.1,438.1,438.1
Mali,Mali,New Capacity: MW,PV,2026,300.0,300.0,300.0
Mali,Mali,New Capacity: MW,PV,2027,250.0,250.0,250.0
Mali,Mali,New Capacity: MW,PV,2028,250.0,250.0,250.0
Mali,Mali,New Capacity: MW,PV,2029,250.0,250.0,250.0
Mali,Mali,New Capacity: MW,PV,2030,250.0,250.0,250.0
Mali,Mali,New Capacity: MW,PV,2031,250.0,250.0,250.0
Mali,Mali,New Capacity: MW,PV,2032,216.1,216.1,216.1
Mali,Mali,New Capacity: MW,Reservoir,2026,7.0,7.0,7.0
Mali,Mali,New Capacity: MW,Reservoir,2030,100.0,100.0,100.0
Mali,Mali,New Capacity: MW,Reservoir,2031,100.0,100.0,100.0
Mali,Mali,New Capacity: MW,Reservoir,2032,100.0,100.0,100.0
Mali,Mali,New Capacity: MW,Reservoir,2033,100.0,100.0,100.0
Mali,Mali,New Capacity: MW,Reservoir,2034,100.0,100.0,100.0
Mali,Mali,Price: $/MWh,,2026,909.7,909.7,909.7
Mali,Mali,Price: $/MWh,,2027,835.4,835.4,835.4
Mali,Mali,Price: $/MWh,,2028,685.9,685.9,685.9
Mali,Mali,Price: $/MWh,,2029,562.6,562.6,562.6
Mali,Mali,Price: $/MWh,,2030,460.7,460.7,460.7
Mali,Mali,Price: $/MWh,,2031,392.5,392.5,392.5
Mali,Mali,Price: $/MWh,,2032,361.6,361.6,361.6
Mali,Mali,Price: $/MWh,,2033,306.0,306.0,306.0
Mali,Mali,Price: $/MWh,,2034,188.9,188.9,188.9
Mali,Mali,Price: $/MWh,,2035,175.9,175.9,175.9
Mali,Mali,Price: $/MWh,,2040,45.6,45.6,45.6
Mali,Mali,Price: $/MWh,,2045,56.0,56.0,56.0
Mali,Mali,Price: $/MWh,,2050,67.8,67.8,67.8
Mali,Mali,Spinning Reserve: GWh,,2026,755.9,755.9,755.9
Mali,Mali,Spinning Reserve: GWh,,2027,529.9,529.9,529.9
Mali,Mali,Spinning Reserve: GWh,,2028,602.5,602.5,602.5
Mali,Mali,Spinning Reserve: GWh,,2029,676.0,676.0,676.0
Mali,Mali,Spinning Reserve: GWh,,2030,804.8,804.8,804.8
Mali,Mali,Spinning Reserve: GWh,,2031,966.7,966.7,966.7
Mali,Mali,Spinning Reserve: GWh,,2032,1119.3,1119.3,1119.3
Mali,Mali,Spinning Reserve: GWh,,2033,1231.6,1231.6,1231.6
Mali,Mali,Spinning Reserve: GWh,,2034,1325.3,1325.3,1325.3
Mali,Mali,Spinning Reserve: GWh,,2035,1423.4,1423.4,1423.4
Mali,Mali,Spinning Reserve: GWh,,2040,1518.5,1518.5,1518.5
Mali,Mali,Spinning Reserve: GWh,,2045,1739.5,1739.5,1739.5
Mali,Mali,Spinning Reserve: GWh,,2050,2006.4,2006.4,2006.4
Mali,Mali,Surplus generation: GWh,,2040,8.4,8.4,8.4
Mali,Mali,Surplus generation: GWh,,2045,8.2,8.2,8.2
Mali,Mali,Total Demand: GWh,,2026,3605.6,3605.6,3605.6
Mali,Mali,Total Demand: GWh,,2027,3773.9,3773.9,3773.9
Mali,Mali,Total Demand: GWh,,2028,3946.6,3946.6,3946.6
Mali,Mali,Total Demand: GWh,,2029,4132.7,4132.7,4132.7
Mali,Mali,Total Demand: GWh,,2030,4323.1,4323.1,4323.1
Mali,Mali,Total Demand: GWh,,2031,4522.4,4522.4,4522.4
Mali,Mali,Total Demand: GWh,,2032,4735.1,4735.1,4735.1
Mali,Mali,Total Demand: GWh,,2033,4952.1,4952.1,4952.1
Mali,Mali,Total Demand: GWh,,2034,5102.7,5102.7,5102.7
Mali,Mali,Total Demand: GWh,,2035,5253.3,5253.3,5253.3
Mali,Mali,Total Demand: GWh,,2040,6090.5,6090.5,6090.5
Mali,Mali,Total Demand: GWh,,2045,7240.3,7240.3,7240.3
Mali,Mali,Total Demand: GWh,,2050,8458.0,8458.0,8458.0
Mali,Mali,Trade shared benefits: $/MWh,,,-53.2,-53.2,-53.2
Mali,Mali,Transmission Capacity: MW,Guinea,2026,25.0,25.0,25.0
Mali,Mali,Transmission Capacity: MW,Guinea,2027,25.0,25.0,25.0
Mali,Mali,Transmission Capacity: MW,Guinea,2028,100.0,100.0,100.0
Mali,Mali,Transmission Capacity: MW,Guinea,2029,100.0,100.0,100.0
Mali,Mali,Transmission Capacity: MW,Guinea,2030,100.0,100.0,100.0
Mali,Mali,Transmission Capacity: MW,Guinea,2031,100.0,100.0,100.0
Mali,Mali,Transmission Capacity: MW,Guinea,2032,100.0,100.0,100.0
Mali,Mali,Transmission Capacity: MW,Guinea,2033,100.0,100.0,100.0
Mali,Mali,Transmission Capacity: MW,Guinea,2034,100.0,100.0,100.0
Mali,Mali,Transmission Capacity: MW,Guinea,2035,100.0,100.0,100.0
Mali,Mali,Transmission Capacity: MW,Guinea,2040,100.0,100.0,100.0
Mali,Mali,Transmission Capacity: MW,Guinea,2045,100.0,100.0,100.0
Mali,Mali,Transmission Capacity: MW,Guinea,2050,100.0,100.0,100.0
Mali,Mali,Transmission Capacity: MW,IvoryCoast,2026,120.0,120.0,120.0
Mali,Mali,Transmission Capacity: MW,IvoryCoast,2027,120.0,120.0,120.0
Mali,Mali,Transmission Capacity: MW,IvoryCoast,2028,120.0,120.0,120.0
Mali,Mali,Transmission Capacity: MW,IvoryCoast,2029,120.0,120.0,120.0
Mali,Mali,Transmission Capacity: MW,IvoryCoast,2030,120.0,120.0,120.0
Mali,Mali,Transmission Capacity: MW,IvoryCoast,2031,120.0,120.0,120.0
Mali,Mali,Transmission Capacity: MW,IvoryCoast,2032,120.0,120.0,120.0
Mali,Mali,Transmission Capacity: MW,IvoryCoast,2033,120.0,120.0,120.0
Mali,Mali,Transmission Capacity: MW,IvoryCoast,2034,120.0,120.0,120.0
Mali,Mali,Transmission Capacity: MW,IvoryCoast,2035,120.0,120.0,120.0
Mali,Mali,Transmission Capacity: MW,IvoryCoast,2040,120.0,120.0,120.0
Mali,Mali,Transmission Capacity: MW,IvoryCoast,2045,120.0,120.0,120.0
Mali,Mali,Transmission Capacity: MW,IvoryCoast,2050,120.0,120.0,120.0
Mali,Mali,Transmission Capacity: MW,Mauritania_grid,2026,505.0,505.0,505.0
Mali,Mali,Transmission Capacity: MW,Mauritania_grid,2027,505.0,505.0,505.0
Mali,Mali,Transmission Capacity: MW,Mauritania_grid,2028,505.0,505.0,505.0
Mali,Mali,Transmission Capacity: MW,Mauritania_grid,2029,505.0,505.0,505.0
Mali,Mali,Transmission Capacity: MW,Mauritania_grid,2030,505.0,505.0,505.0
Mali,Mali,Transmission Capacity: MW,Mauritania_grid,2031,505.0,505.0,505.0
Mali,Mali,Transmission Capacity: MW,Mauritania_grid,2032,505.0,505.0,505.0
Mali,Mali,Transmission Capacity: MW,Mauritania_grid,2033,505.0,505.0,505.0
Mali,Mali,Transmission Capacity: MW,Mauritania_grid,2034,505.0,505.0,505.0
Mali,Mali,Transmission Capacity: MW,Mauritania_grid,2035,505.0,505.0,505.0
Mali,Mali,Transmission Capacity: MW,Mauritania_grid,2040,505.0,505.0,505.0
Mali,Mali,Transmission Capacity: MW,Mauritania_grid,2045,505.0,505.0,505.0
Mali,Mali,Transmission Capacity: MW,Mauritania_grid,2050,505.0,505.0,505.0
Mali,Mali,Transmission Capacity: MW,Senegal,2026,150.0,150.0,150.0
Mali,Mali,Transmission Capacity: MW,Senegal,2027,150.0,150.0,150.0
Mali,Mali,Transmission Capacity: MW,Senegal,2028,150.0,150.0,150.0
Mali,Mali,Transmission Capacity: MW,Senegal,2029,150.0,150.0,150.0
Mali,Mali,Transmission Capacity: MW,Senegal,2030,150.0,150.0,150.0
Mali,Mali,Transmission Capacity: MW,Senegal,2031,150.0,150.0,150.0
Mali,Mali,Transmission Capacity: MW,Senegal,2032,150.0,150.0,150.0
Mali,Mali,Transmission Capacity: MW,Senegal,2033,150.0,150.0,150.0
Mali,Mali,Transmission Capacity: MW,Senegal,2034,150.0,150.0,150.0
Mali,Mali,Transmission Capacity: MW,Senegal,2035,150.0,150.0,150.0
Mali,Mali,Transmission Capacity: MW,Senegal,2040,150.0,150.0,150.0
Mali,Mali,Transmission Capacity: MW,Senegal,2045,150.0,150.0,150.0
Mali,Mali,Transmission Capacity: MW,Senegal,2050,150.0,150.0,150.0
Mali,Mali,Unmet country CO2 backstop cost: $/MWh,,,21.5,21.5,21.5
Mali,Mali,Unmet country CO2 backstop cost: $m,,2026,1101.2,1101.2,1101.2
Mali,Mali,Unmet country CO2 backstop cost: $m,,2027,328.7,328.7,328.7
Mali,Mali,Unmet country CO2 backstop cost: $m,,2028,166.3,166.3,166.3
Mali,Mali,Unmet country CO2 backstop cost: $m,,2029,76.6,76.6,76.6
Mali,Mali,Unmet country spinning reserve costs: $/MWh,,,0.5,0.5,0.5
Mali,Mali,Unmet country spinning reserve costs: $m,,2026,0.8,0.8,0.8
Mali,Mali,Unmet country spinning reserve costs: $m,,2027,0.7,0.7,0.7
Mali,Mali,Unmet country spinning reserve costs: $m,,2028,1.1,1.1,1.1
Mali,Mali,Unmet country spinning reserve costs: $m,,2029,1.5,1.5,1.5
Mali,Mali,Unmet country spinning reserve costs: $m,,2030,4.9,4.9,4.9
Mali,Mali,Unmet country spinning reserve costs: $m,,2031,5.0,5.0,5.0
Mali,Mali,Unmet country spinning reserve costs: $m,,2032,4.9,4.9,4.9
Mali,Mali,Unmet country spinning reserve costs: $m,,2033,3.9,3.9,3.9
Mali,Mali,Unmet country spinning reserve costs: $m,,2034,4.2,4.2,4.2
Mali,Mali,Unmet country spinning reserve costs: $m,,2035,3.6,3.6,3.6
Mali,Mali,Unmet country spinning reserve costs: $m,,2040,1.6,1.6,1.6
Mali,Mali,Unmet country spinning reserve costs: $m,,2045,2.3,2.3,2.3
Mali,Mali,Unmet country spinning reserve costs: $m,,2050,3.6,3.6,3.6
Mali,Mali,Variable O&M: $/MWh,,,0.4,0.4,0.4
Mali,Mali,Variable O&M: $m,,2026,11.6,11.6,11.6
Mali,Mali,Variable O&M: $m,,2027,3.8,3.8,3.8
Mali,Mali,Variable O&M: $m,,2028,2.1,2.1,2.1
Mali,Mali,Variable O&M: $m,,2029,1.2,1.2,1.2
Mali,Mali,Variable O&M: $m,,2030,0.7,0.7,0.7
Mali,Mali,Variable O&M: $m,,2031,0.8,0.8,0.8
Mali,Mali,Variable O&M: $m,,2032,1.0,1.0,1.0
Mali,Mali,Variable O&M: $m,,2033,1.2,1.2,1.2
Mali,Mali,Variable O&M: $m,,2034,1.4,1.4,1.4
Mali,Mali,Variable O&M: $m,,2035,1.4,1.4,1.4
Mali,Mali,Variable O&M: $m,,2040,1.3,1.3,1.3
Mali,Mali,Variable O&M: $m,,2045,1.2,1.2,1.2
Mali,Mali,Variable O&M: $m,,2050,1.1,1.1,1.1
Mauritania,Mauritania_Nema,Annual Energy Exchanges: GWh,Mauritania_grid,2026,5.0,5.0,5.0
Mauritania,Mauritania_Nema,Annual Energy Exchanges: GWh,Mauritania_grid,2050,19.8,19.8,19.8
Mauritania,Mauritania_Nema,Capacity: MW,Diesel,2026,4.0,4.0,4.0
Mauritania,Mauritania_Nema,Capacity: MW,Diesel,2027,4.0,4.0,4.0
Mauritania,Mauritania_Nema,Capacity: MW,Diesel,2028,4.0,4.0,4.0
Mauritania,Mauritania_Nema,Capacity: MW,Diesel,2029,4.0,4.0,4.0
Mauritania,Mauritania_Nema,Capacity: MW,Diesel,2030,4.0,4.0,4.0
Mauritania,Mauritania_Nema,Demand: GWh,,2026,126.0,126.0,126.0
Mauritania,Mauritania_Nema,Demand: GWh,,2027,164.0,164.0,164.0
Mauritania,Mauritania_Nema,Demand: GWh,,2028,174.0,174.0,174.0
Mauritania,Mauritania_Nema,Demand: GWh,,2029,186.0,186.0,186.0
Mauritania,Mauritania_Nema,Demand: GWh,,2030,211.0,211.0,211.0
Mauritania,Mauritania_Nema,Demand: GWh,,2031,223.0,223.0,223.0
Mauritania,Mauritania_Nema,Demand: GWh,,2032,236.0,236.0,236.0
Mauritania,Mauritania_Nema,Demand: GWh,,2033,249.0,249.0,249.0
Mauritania,Mauritania_Nema,Demand: GWh,,2034,262.0,262.0,262.0
Mauritania,Mauritania_Nema,Demand: GWh,,2035,277.0,277.0,277.0
Mauritania,Mauritania_Nema,Demand: GWh,,2040,350.0,350.0,350.0
Mauritania,Mauritania_Nema,Demand: GWh,,2045,447.0,447.0,447.0
Mauritania,Mauritania_Nema,Demand: GWh,,2050,571.0,571.0,571.0
Mauritania,Mauritania_Nema,Emissions: MtCO2,,2026,0.0,0.0,0.0
Mauritania,Mauritania_Nema,Emissions: MtCO2,,2027,0.0,0.0,0.0
Mauritania,Mauritania_Nema,Energy: GWh,Diesel,2026,29.6,29.6,29.6
Mauritania,Mauritania_Nema,Energy: GWh,Diesel,2027,19.2,19.2,19.2
Mauritania,Mauritania_Nema,Energy: GWh,Diesel,2028,5.9,5.9,5.9
Mauritania,Mauritania_Nema,Energy: GWh,Diesel,2029,2.6,2.6,2.6
Mauritania,Mauritania_Nema,Energy: GWh,Diesel,2030,1.2,1.2,1.2
Mauritania,Mauritania_Nema,Export revenues with internal zones: $/MWh,,,-2.4,-2.4,-2.4
Mauritania,Mauritania_Nema,Exports exchange: GWh,,2026,5.0,5.0,5.0
Mauritania,Mauritania_Nema,Exports exchange: GWh,,2050,19.8,19.8,19.8
Mauritania,Mauritania_Nema,Fixed O&M: $/MWh,,,0.2,0.2,0.2
Mauritania,Mauritania_Nema,Fixed O&M: $m,,2026,0.1,0.1,0.1
Mauritania,Mauritania_Nema,Fixed O&M: $m,,2027,0.1,0.1,0.1
Mauritania,Mauritania_Nema,Fixed O&M: $m,,2028,0.1,0.1,0.1
Mauritania,Mauritania_Nema,Fixed O&M: $m,,2029,0.1,0.1,0.1
Mauritania,Mauritania_Nema,Fixed O&M: $m,,2030,0.1,0.1,0.1
Mauritania,Mauritania_Nema,Fuel costs: $/MWh,,,1.5,1.5,1.5
Mauritania,Mauritania_Nema,Fuel costs: $m,,2026,3.3,3.3,3.3
Mauritania,Mauritania_Nema,Fuel costs: $m,,2027,2.2,2.2,2.2
Mauritania,Mauritania_Nema,Fuel costs: $m,,2028,0.7,0.7,0.7
Mauritania,Mauritania_Nema,Fuel costs: $m,,2029,0.3,0.3,0.3
Mauritania,Mauritania_Nema,Fuel costs: $m,,2030,0.1,0.1,0.1
Mauritania,Mauritania_Nema,Generation: GWh,,2026,29.6,29.6,29.6
Mauritania,Mauritania_Nema,Generation: GWh,,2027,19.2,19.2,19.2
Mauritania,Mauritania_Nema,Generation: GWh,,2028,5.9,5.9,5.9
Mauritania,Mauritania_Nema,Generation: GWh,,2029,2.6,2.6,2.6
Mauritania,Mauritania_Nema,Generation: GWh,,2030,1.2,1.2,1.2
Mauritania,Mauritania_Nema,Import costs with internal zones: $/MWh,,,213.8,213.8,213.8
Mauritania,Mauritania_Nema,Import costs with internal zones: $m,,2026,84.5,84.5,84.5
Mauritania,Mauritania_Nema,Import costs with internal zones: $m,,2027,122.4,122.4,122.4
Mauritania,Mauritania_Nema,Import costs with internal zones: $m,,2028,119.2,119.2,119.2
Mauritania,Mauritania_Nema,Import costs with internal zones: $m,,2029,106.1,106.1,106.1
Mauritania,Mauritania_Nema,Import costs with internal zones: $m,,2030,97.7,97.7,97.7
Mauritania,Mauritania_Nema,Import costs with internal zones: $m,,2031,88.1,88.1,88.1
Mauritania,Mauritania_Nema,Import costs with internal zones: $m,,2032,87.7,87.7,87.7
Mauritania,Mauritania_Nema,Import costs with internal zones: $m,,2033,77.4,77.4,77.4
Mauritania,Mauritania_Nema,Import costs with internal zones: $m,,2034,52.3,52.3,52.3
Mauritania,Mauritania_Nema,Import costs with internal zones: $m,,2035,66.8,66.8,66.8
Mauritania,Mauritania_Nema,Import costs with internal zones: $m,,2040,20.4,20.4,20.4
Mauritania,Mauritania_Nema,Import costs with internal zones: $m,,2045,25.0,25.0,25.0
Mauritania,Mauritania_Nema,Import costs with internal zones: $m,,2050,37.8,37.8,37.8
Mauritania,Mauritania_Nema,Imports exchange: GWh,,2026,94.6,94.6,94.6
Mauritania,Mauritania_Nema,Imports exchange: GWh,,2027,144.8,144.8,144.8
Mauritania,Mauritania_Nema,Imports exchange: GWh,,2028,168.1,168.1,168.1
Mauritania,Mauritania_Nema,Imports exchange: GWh,,2029,183.4,183.4,183.4
Mauritania,Mauritania_Nema,Imports exchange: GWh,,2030,209.8,209.8,209.8
Mauritania,Mauritania_Nema,Imports exchange: GWh,,2031,223.0,223.0,223.0
Mauritania,Mauritania_Nema,Imports exchange: GWh,,2032,236.0,236.0,236.0
Mauritania,Mauritania_Nema,Imports exchange: GWh,,2033,249.0,249.0,249.0
Mauritania,Mauritania_Nema,Imports exchange: GWh,,2034,262.0,262.0,262.0
Mauritania,Mauritania_Nema,Imports exchange: GWh,,2035,277.0,277.0,277.0
Mauritania,Mauritania_Nema,Imports exchange: GWh,,2040,350.0,350.0,350.0
Mauritania,Mauritania_Nema,Imports exchange: GWh,,2045,605.4,605.4,605.4
Mauritania,Mauritania_Nema,Imports exchange: GWh,,2050,1089.9,1089.9,1089.9
Mauritania,Mauritania_Nema,Net interchange Ratio: GWh,,2026,0.7,0.7,0.7
Mauritania,Mauritania_Nema,Net interchange Ratio: GWh,,2027,0.9,0.9,0.9
Mauritania,Mauritania_Nema,Net interchange Ratio: GWh,,2028,1.0,1.0,1.0
Mauritania,Mauritania_Nema,Net interchange Ratio: GWh,,2029,1.0,1.0,1.0
Mauritania,Mauritania_Nema,Net interchange Ratio: GWh,,2030,1.0,1.0,1.0
Mauritania,Mauritania_Nema,Net interchange Ratio: GWh,,2031,1.0,1.0,1.0
Mauritania,Mauritania_Nema,Net interchange Ratio: GWh,,2032,1.0,1.0,1.0
Mauritania,Mauritania_Nema,Net interchange Ratio: GWh,,2033,1.0,1.0,1.0
Mauritania,Mauritania_Nema,Net interchange Ratio: GWh,,2034,1.0,1.0,1.0
Mauritania,Mauritania_Nema,Net interchange Ratio: GWh,,2035,1.0,1.0,1.0
Mauritania,Mauritania_Nema,Net interchange Ratio: GWh,,2040,1.0,1.0,1.0
Mauritania,Mauritania_Nema,Net interchange Ratio: GWh,,2045,1.4,1.4,1.4
Mauritania,Mauritania_Nema,Net interchange Ratio: GWh,,2050,1.9,1.9,1.9
Mauritania,Mauritania_Nema,Net interchange: GWh,,2026,89.6,89.6,89.6
Mauritania,Mauritania_Nema,Net interchange: GWh,,2027,144.8,144.8,144.8
Mauritania,Mauritania_Nema,Net interchange: GWh,,2028,168.1,168.1,168.1
Mauritania,Mauritania_Nema,Net interchange: GWh,,2029,183.4,183.4,183.4
Mauritania,Mauritania_Nema,Net interchange: GWh,,2030,209.8,209.8,209.8
Mauritania,Mauritania_Nema,Net interchange: GWh,,2031,223.0,223.0,223.0
Mauritania,Mauritania_Nema,Net interchange: GWh,,2032,236.0,236.0,236.0
Mauritania,Mauritania_Nema,Net interchange: GWh,,2033,249.0,249.0,249.0
Mauritania,Mauritania_Nema,Net interchange: GWh,,2034,262.0,262.0,262.0
Mauritania,Mauritania_Nema,Net interchange: GWh,,2035,277.0,277.0,277.0
Mauritania,Mauritania_Nema,Net interchange: GWh,,2040,350.0,350.0,350.0
Mauritania,Mauritania_Nema,Net interchange: GWh,,2045,605.4,605.4,605.4
Mauritania,Mauritania_Nema,Net interchange: GWh,,2050,1070.2,1070.2,1070.2
Mauritania,Mauritania_Nema,Price: $/MWh,,2026,910.7,910.7,910.7
Mauritania,Mauritania_Nema,Price: $/MWh,,2027,848.8,848.8,848.8
Mauritania,Mauritania_Nema,Price: $/MWh,,2028,714.7,714.7,714.7
Mauritania,Mauritania_Nema,Price: $/MWh,,2029,582.7,582.7,582.7
Mauritania,Mauritania_Nema,Price: $/MWh,,2030,467.9,467.9,467.9
Mauritania,Mauritania_Nema,Price: $/MWh,,2031,395.1,395.1,395.1
Mauritania,Mauritania_Nema,Price: $/MWh,,2032,371.6,371.6,371.6
Mauritania,Mauritania_Nema,Price: $/MWh,,2033,310.9,310.9,310.9
Mauritania,Mauritania_Nema,Price: $/MWh,,2034,199.7,199.7,199.7
Mauritania,Mauritania_Nema,Price: $/MWh,,2035,241.0,241.0,241.0
Mauritania,Mauritania_Nema,Price: $/MWh,,2040,58.3,58.3,58.3
Mauritania,Mauritania_Nema,Price: $/MWh,,2045,55.9,55.9,55.9
Mauritania,Mauritania_Nema,Price: $/MWh,,2050,62.8,62.8,62.8
Mauritania,Mauritania_Nema,Spinning Reserve: GWh,,2026,5.0,5.0,5.0
Mauritania,Mauritania_Nema,Spinning Reserve: GWh,,2027,0.7,0.7,0.7
Mauritania,Mauritania_Nema,Spinning Reserve: GWh,,2028,1.0,1.0,1.0
Mauritania,Mauritania_Nema,Spinning Reserve: GWh,,2029,1.4,1.4,1.4
Mauritania,Mauritania_Nema,Spinning Reserve: GWh,,2030,3.6,3.6,3.6
Mauritania,Mauritania_Nema,Surplus generation: GWh,,2045,158.4,158.4,158.4
Mauritania,Mauritania_Nema,Surplus generation: GWh,,2050,444.7,444.7,444.7
Mauritania,Mauritania_Nema,Total Demand: GWh,,2026,126.0,126.0,126.0
Mauritania,Mauritania_Nema,Total Demand: GWh,,2027,164.0,164.0,164.0
Mauritania,Mauritania_Nema,Total Demand: GWh,,2028,174.0,174.0,174.0
Mauritania,Mauritania_Nema,Total Demand: GWh,,2029,186.0,186.0,186.0
Mauritania,Mauritania_Nema,Total Demand: GWh,,2030,211.0,211.0,211.0
Mauritania,Mauritania_Nema,Total Demand: GWh,,2031,223.0,223.0,223.0
Mauritania,Mauritania_Nema,Total Demand: GWh,,2032,236.0,236.0,236.0
Mauritania,Mauritania_Nema,Total Demand: GWh,,2033,249.0,249.0,249.0
Mauritania,Mauritania_Nema,Total Demand: GWh,,2034,262.0,262.0,262.0
Mauritania,Mauritania_Nema,Total Demand: GWh,,2035,277.0,277.0,277.0
Mauritania,Mauritania_Nema,Total Demand: GWh,,2040,350.0,350.0,350.0
Mauritania,Mauritania_Nema,Total Demand: GWh,,2045,447.0,447.0,447.0
Mauritania,Mauritania_Nema,Total Demand: GWh,,2050,571.0,571.0,571.0
Mauritania,Mauritania_Nema,Trade shared benefits: $/MWh,,,-0.3,-0.3,-0.3
Mauritania,Mauritania_Nema,Transmission Capacity: MW,Mauritania_grid,2026,300.0,300.0,300.0
Mauritania,Mauritania_Nema,Transmission Capacity: MW,Mauritania_grid,2027,300.0,300.0,300.0
Mauritania,Mauritania_Nema,Transmission Capacity: MW,Mauritania_grid,2028,300.0,300.0,300.0
Mauritania,Mauritania_Nema,Transmission Capacity: MW,Mauritania_grid,2029,300.0,300.0,300.0
Mauritania,Mauritania_Nema,Transmission Capacity: MW,Mauritania_grid,2030,300.0,300.0,300.0
Mauritania,Mauritania_Nema,Transmission Capacity: MW,Mauritania_grid,2031,300.0,300.0,300.0
Mauritania,Mauritania_Nema,Transmission Capacity: MW,Mauritania_grid,2032,300.0,300.0,300.0
Mauritania,Mauritania_Nema,Transmission Capacity: MW,Mauritania_grid,2033,300.0,300.0,300.0
Mauritania,Mauritania_Nema,Transmission Capacity: MW,Mauritania_grid,2034,300.0,300.0,300.0
Mauritania,Mauritania_Nema,Transmission Capacity: MW,Mauritania_grid,2035,300.0,300.0,300.0
Mauritania,Mauritania_Nema,Transmission Capacity: MW,Mauritania_grid,2040,300.0,300.0,300.0
Mauritania,Mauritania_Nema,Transmission Capacity: MW,Mauritania_grid,2045,300.0,300.0,300.0
Mauritania,Mauritania_Nema,Transmission Capacity: MW,Mauritania_grid,2050,300.0,300.0,300.0
Mauritania,Mauritania_Nema,Unmet country CO2 backstop cost: $/MWh,,,70.7,70.7,70.7
Mauritania,Mauritania_Nema,Unmet country CO2 backstop cost: $m,,2026,63.9,63.9,63.9
Mauritania,Mauritania_Nema,Unmet country CO2 backstop cost: $m,,2027,64.1,64.1,64.1
Mauritania,Mauritania_Nema,Unmet country CO2 backstop cost: $m,,2028,21.9,21.9,21.9
Mauritania,Mauritania_Nema,Unmet country CO2 backstop cost: $m,,2029,62.7,62.7,62.7
Mauritania,Mauritania_Nema,Unmet country CO2 backstop cost: $m,,2030,48.0,48.0,48.0
Mauritania,Mauritania_Nema,Unmet country CO2 backstop cost: $m,,2031,35.4,35.4,35.4
Mauritania,Mauritania_Nema,Unmet country CO2 backstop cost: $m,,2032,21.5,21.5,21.5
Mauritania,Mauritania_Nema,Unmet country CO2 backstop cost: $m,,2033,5.8,5.8,5.8
Mauritania,Mauritania_Nema,Unmet country CO2 backstop cost: $m,,2034,1.7,1.7,1.7
Mauritania,Mauritania_Nema,Unmet country CO2 backstop cost: $m,,2035,3.0,3.0,3.0
Mauritania,Mauritania_Nema,Unmet country CO2 backstop cost: $m,,2040,0.4,0.4,0.4
Mauritania,Mauritania_Nema,Unmet country CO2 backstop cost: $m,,2045,1.0,1.0,1.0
Mauritania,Mauritania_Nema,Unmet country CO2 backstop cost: $m,,2050,3.1,3.1,3.1
Mauritania,Mauritania_Nema,Unmet country spinning reserve costs: $/MWh,,,0.3,0.3,0.3
Mauritania,Mauritania_Nema,Unmet country spinning reserve costs: $m,,2026,0.1,0.1,0.1
Mauritania,Mauritania_Nema,Unmet country spinning reserve costs: $m,,2027,0.0,0.0,0.0
Mauritania,Mauritania_Nema,Unmet country spinning reserve costs: $m,,2028,0.0,0.0,0.0
Mauritania,Mauritania_Nema,Unmet country spinning reserve costs: $m,,2029,0.1,0.1,0.1
Mauritania,Mauritania_Nema,Unmet country spinning reserve costs: $m,,2030,0.2,0.2,0.2
Mauritania,Mauritania_Nema,Unmet country spinning reserve costs: $m,,2031,0.2,0.2,0.2
Mauritania,Mauritania_Nema,Unmet country spinning reserve costs: $m,,2032,0.2,0.2,0.2
Mauritania,Mauritania_Nema,Unmet country spinning reserve costs: $m,,2033,0.1,0.1,0.1
Mauritania,Mauritania_Nema,Unmet country spinning reserve costs: $m,,2034,0.1,0.1,0.1
Mauritania,Mauritania_Nema,Unmet country spinning reserve costs: $m,,2035,0.1,0.1,0.1
Mauritania,Mauritania_Nema,Unmet country spinning reserve costs: $m,,2040,0.1,0.1,0.1
Mauritania,Mauritania_Nema,Unmet country spinning reserve costs: $m,,2045,0.0,0.0,0.0
Mauritania,Mauritania_Nema,Unmet country spinning reserve costs: $m,,2050,0.1,0.1,0.1
Mauritania,Mauritania_Nema,Unmet demand costs: $/MWh,,,3.3,3.3,3.3
Mauritania,Mauritania_Nema,Unmet demand costs: $m,,2026,13.7,13.7,13.7
Mauritania,Mauritania_Nema,Unmet demand: GWh,,2026,6.8,6.8,6.8
Mauritania,Mauritania_Nema,Variable O&M: $/MWh,,,0.1,0.1,0.1
Mauritania,Mauritania_Nema,Variable O&M: $m,,2026,0.2,0.2,0.2
Mauritania,Mauritania_Nema,Variable O&M: $m,,2027,0.1,0.1,0.1
Mauritania,Mauritania_Nema,Variable O&M: $m,,2028,0.0,0.0,0.0
Mauritania,Mauritania_Nema,Variable O&M: $m,,2029,0.0,0.0,0.0
Mauritania,Mauritania_grid,Annual Energy Exchanges: GWh,Mali,2026,1120.5,1120.5,1120.5
Mauritania,Mauritania_grid,Annual Energy Exchanges: GWh,Mali,2027,737.9,737.9,737.9
Mauritania,Mauritania_grid,Annual Energy Exchanges: GWh,Mali,2028,483.8,483.8,483.8
Mauritania,Mauritania_grid,Annual Energy Exchanges: GWh,Mali,2029,2376.5,2376.5,2376.5
Mauritania,Mauritania_grid,Annual Energy Exchanges: GWh,Mali,2030,1465.2,1465.2,1465.2
Mauritania,Mauritania_grid,Annual Energy Exchanges: GWh,Mali,2031,921.8,921.8,921.8
Mauritania,Mauritania_grid,Annual Energy Exchanges: GWh,Mali,2032,494.3,494.3,494.3
Mauritania,Mauritania_grid,Annual Energy Exchanges: GWh,Mali,2033,336.1,336.1,336.1
Mauritania,Mauritania_grid,Annual Energy Exchanges: GWh,Mali,2034,249.4,249.4,249.4
Mauritania,Mauritania_grid,Annual Energy Exchanges: GWh,Mali,2035,214.4,214.4,214.4
Mauritania,Mauritania_grid,Annual Energy Exchanges: GWh,Mali,2040,1173.5,1173.5,1173.5
Mauritania,Mauritania_grid,Annual Energy Exchanges: GWh,Mali,2045,1890.3,1890.3,1890.3
Mauritania,Mauritania_grid,Annual Energy Exchanges: GWh,Mali,2050,1987.3,1987.3,1987.3
Mauritania,Mauritania_grid,Annual Energy Exchanges: GWh,Mauritania_Nema,2026,94.6,94.6,94.6
Mauritania,Mauritania_grid,Annual Energy Exchanges: GWh,Mauritania_Nema,2027,144.8,144.8,144.8
Mauritania,Mauritania_grid,Annual Energy Exchanges: GWh,Mauritania_Nema,2028,168.1,168.1,168.1
Mauritania,Mauritania_grid,Annual Energy Exchanges: GWh,Mauritania_Nema,2029,183.4,183.4,183.4
Mauritania,Mauritania_grid,Annual Energy Exchanges: GWh,Mauritania_Nema,2030,209.8,209.8,209.8
Mauritania,Mauritania_grid,Annual Energy Exchanges: GWh,Mauritania_Nema,2031,223.0,223.0,223.0
Mauritania,Mauritania_grid,Annual Energy Exchanges: GWh,Mauritania_Nema,2032,236.0,236.0,236.0
Mauritania,Mauritania_grid,Annual Energy Exchanges: GWh,Mauritania_Nema,2033,249.0,249.0,249.0
Mauritania,Mauritania_grid,Annual Energy Exchanges: GWh,Mauritania_Nema,2034,262.0,262.0,262.0
Mauritania,Mauritania_grid,Annual Energy Exchanges: GWh,Mauritania_Nema,2035,277.0,277.0,277.0
Mauritania,Mauritania_grid,Annual Energy Exchanges: GWh,Mauritania_Nema,2040,350.0,350.0,350.0
Mauritania,Mauritania_grid,Annual Energy Exchanges: GWh,Mauritania_Nema,2045,605.4,605.4,605.4
Mauritania,Mauritania_grid,Annual Energy Exchanges: GWh,Mauritania_Nema,2050,1089.9,1089.9,1089.9
Mauritania,Mauritania_grid,Capacity: MW,Battery,2027,50.0,50.0,50.0
Mauritania,Mauritania_grid,Capacity: MW,Battery,2028,50.0,50.0,50.0
Mauritania,Mauritania_grid,Capacity: MW,Battery,2029,50.0,50.0,50.0
Mauritania,Mauritania_grid,Capacity: MW,Battery,2030,74.8,74.8,74.8
Mauritania,Mauritania_grid,Capacity: MW,Battery,2031,90.7,90.7,90.7
Mauritania,Mauritania_grid,Capacity: MW,Battery,2032,133.3,133.3,133.3
Mauritania,Mauritania_grid,Capacity: MW,Battery,2033,133.3,133.3,133.3
Mauritania,Mauritania_grid,Capacity: MW,Battery,2034,141.7,141.7,141.7
Mauritania,Mauritania_grid,Capacity: MW,Battery,2035,141.7,141.7,141.7
Mauritania,Mauritania_grid,Capacity: MW,Battery,2040,361.2,361.2,361.2
Mauritania,Mauritania_grid,Capacity: MW,Battery,2045,777.4,777.4,777.4
Mauritania,Mauritania_grid,Capacity: MW,Battery,2050,1321.9,1321.9,1321.9
Mauritania,Mauritania_grid,Capacity: MW,Biomass,2028,30.0,30.0,30.0
Mauritania,Mauritania_grid,Capacity: MW,Biomass,2029,30.0,30.0,30.0
Mauritania,Mauritania_grid,Capacity: MW,Biomass,2030,30.0,30.0,30.0
Mauritania,Mauritania_grid,Capacity: MW,Biomass,2031,30.0,30.0,30.0
Mauritania,Mauritania_grid,Capacity: MW,Biomass,2032,30.0,30.0,30.0
Mauritania,Mauritania_grid,Capacity: MW,Biomass,2033,30.0,30.0,30.0
Mauritania,Mauritania_grid,Capacity: MW,Biomass,2034,30.0,30.0,30.0
Mauritania,Mauritania_grid,Capacity: MW,Biomass,2035,30.0,30.0,30.0
Mauritania,Mauritania_grid,Capacity: MW,Biomass,2040,30.0,30.0,30.0
Mauritania,Mauritania_grid,Capacity: MW,Biomass,2045,30.0,30.0,30.0
Mauritania,Mauritania_grid,Capacity: MW,Biomass,2050,30.0,30.0,30.0
Mauritania,Mauritania_grid,Capacity: MW,Diesel,2026,319.6,319.6,319.6
Mauritania,Mauritania_grid,Capacity: MW,Diesel,2027,319.6,319.6,319.6
Mauritania,Mauritania_grid,Capacity: MW,Diesel,2028,308.0,308.0,308.0
Mauritania,Mauritania_grid,Capacity: MW,Diesel,2029,150.6,150.6,150.6
Mauritania,Mauritania_grid,Capacity: MW,Diesel,2030,32.9,32.9,32.9
Mauritania,Mauritania_grid,Capacity: MW,Gas,2027,50.0,50.0,50.0
Mauritania,Mauritania_grid,Capacity: MW,Gas,2028,50.0,50.0,50.0
Mauritania,Mauritania_grid,Capacity: MW,Gas,2029,456.5,456.5,456.5
Mauritania,Mauritania_grid,Capacity: MW,Gas,2030,456.5,456.5,456.5
Mauritania,Mauritania_grid,Capacity: MW,Gas,2031,456.5,456.5,456.5
Mauritania,Mauritania_grid,Capacity: MW,Gas,2032,456.5,456.5,456.5
Mauritania,Mauritania_grid,Capacity: MW,Gas,2033,456.5,456.5,456.5
Mauritania,Mauritania_grid,Capacity: MW,Gas,2034,456.5,456.5,456.5
Mauritania,Mauritania_grid,Capacity: MW,Gas,2035,456.5,456.5,456.5
Mauritania,Mauritania_grid,Capacity: MW,Gas,2040,456.5,456.5,456.5
Mauritania,Mauritania_grid,Capacity: MW,Gas,2045,456.5,456.5,456.5
Mauritania,Mauritania_grid,Capacity: MW,Gas,2050,456.5,456.5,456.5
Mauritania,Mauritania_grid,Capacity: MW,Onshore Wind,2026,254.4,254.4,254.4
Mauritania,Mauritania_grid,Capacity: MW,Onshore Wind,2027,254.4,254.4,254.4
Mauritania,Mauritania_grid,Capacity: MW,Onshore Wind,2028,324.4,324.4,324.4
Mauritania,Mauritania_grid,Capacity: MW,Onshore Wind,2029,324.4,324.4,324.4
Mauritania,Mauritania_grid,Capacity: MW,Onshore Wind,2030,324.4,324.4,324.4
Mauritania,Mauritania_grid,Capacity: MW,Onshore Wind,2031,324.4,324.4,324.4
Mauritania,Mauritania_grid,Capacity: MW,Onshore Wind,2032,324.4,324.4,324.4
Mauritania,Mauritania_grid,Capacity: MW,Onshore Wind,2033,324.4,324.4,324.4
Mauritania,Mauritania_grid,Capacity: MW,Onshore Wind,2034,324.4,324.4,324.4
Mauritania,Mauritania_grid,Capacity: MW,Onshore Wind,2035,324.4,324.4,324.4
Mauritania,Mauritania_grid,Capacity: MW,Onshore Wind,2040,1085.6,1085.6,1085.6
Mauritania,Mauritania_grid,Capacity: MW,Onshore Wind,2045,1580.4,1580.4,1580.4
Mauritania,Mauritania_grid,Capacity: MW,Onshore Wind,2050,2242.0,2242.0,2242.0
Mauritania,Mauritania_grid,Capacity: MW,PV,2026,76.5,76.5,76.5
Mauritania,Mauritania_grid,Capacity: MW,PV,2027,117.5,117.5,117.5
Mauritania,Mauritania_grid,Capacity: MW,PV,2028,242.0,242.0,242.0
Mauritania,Mauritania_grid,Capacity: MW,PV,2029,242.0,242.0,242.0
Mauritania,Mauritania_grid,Capacity: MW,PV,2030,269.2,269.2,269.2
Mauritania,Mauritania_grid,Capacity: MW,PV,2031,269.2,269.2,269.2
Mauritania,Mauritania_grid,Capacity: MW,PV,2032,269.2,269.2,269.2
Mauritania,Mauritania_grid,Capacity: MW,PV,2033,269.2,269.2,269.2
Mauritania,Mauritania_grid,Capacity: MW,PV,2034,269.2,269.2,269.2
Mauritania,Mauritania_grid,Capacity: MW,PV,2035,269.2,269.2,269.2
Mauritania,Mauritania_grid,Capacity: MW,PV,2040,460.5,460.5,460.5
Mauritania,Mauritania_grid,Capacity: MW,PV,2045,1026.9,1026.9,1026.9
Mauritania,Mauritania_grid,Capacity: MW,PV,2050,1267.4,1267.4,1267.4
Mauritania,Mauritania_grid,Capacity: MW,ROR,2026,64.6,64.6,64.6
Mauritania,Mauritania_grid,Capacity: MW,ROR,2027,64.6,64.6,64.6
Mauritania,Mauritania_grid,Capacity: MW,ROR,2028,64.6,64.6,64.6
Mauritania,Mauritania_grid,Capacity: MW,ROR,2029,64.6,64.6,64.6
Mauritania,Mauritania_grid,Capacity: MW,ROR,2030,64.6,64.6,64.6
Mauritania,Mauritania_grid,Capacity: MW,ROR,2031,64.6,64.6,64.6
Mauritania,Mauritania_grid,Capacity: MW,ROR,2032,64.6,64.6,64.6
Mauritania,Mauritania_grid,Capacity: MW,ROR,2033,167.6,167.6,167.6
Mauritania,Mauritania_grid,Capacity: MW,ROR,2034,167.6,167.6,167.6
Mauritania,Mauritania_grid,Capacity: MW,ROR,2035,167.6,167.6,167.6
Mauritania,Mauritania_grid,Capacity: MW,ROR,2040,167.6,167.6,167.6
Mauritania,Mauritania_grid,Capacity: MW,ROR,2045,167.6,167.6,167.6
Mauritania,Mauritania_grid,Capacity: MW,ROR,2050,167.6,167.6,167.6
Mauritania,Mauritania_grid,Capacity: MW,Reservoir,2026,30.0,30.0,30.0
Mauritania,Mauritania_grid,Capacity: MW,Reservoir,2027,30.0,30.0,30.0
Mauritania,Mauritania_grid,Capacity: MW,Reservoir,2028,30.0,30.0,30.0
Mauritania,Mauritania_grid,Capacity: MW,Reservoir,2029,30.0,30.0,30.0
Mauritania,Mauritania_grid,Capacity: MW,Reservoir,2030,30.0,30.0,30.0
Mauritania,Mauritania_grid,Capacity: MW,Reservoir,2031,30.0,30.0,30.0
Mauritania,Mauritania_grid,Capacity: MW,Reservoir,2032,30.0,30.0,30.0
Mauritania,Mauritania_grid,Capacity: MW,Reservoir,2033,34.5,34.5,34.5
Mauritania,Mauritania_grid,Capacity: MW,Reservoir,2034,34.5,34.5,34.5
Mauritania,Mauritania_grid,Capacity: MW,Reservoir,2035,34.5,34.5,34.5
Mauritania,Mauritania_grid,Capacity: MW,Reservoir,2040,34.5,34.5,34.5
Mauritania,Mauritania_grid,Capacity: MW,Reservoir,2045,34.5,34.5,34.5
Mauritania,Mauritania_grid,Capacity: MW,Reservoir,2050,34.5,34.5,34.5
Mauritania,Mauritania_grid,Demand: GWh,,2026,2999.0,2999.0,2999.0
Mauritania,Mauritania_grid,Demand: GWh,,2027,3117.0,3117.0,3117.0
Mauritania,Mauritania_grid,Demand: GWh,,2028,3315.0,3315.0,3315.0
Mauritania,Mauritania_grid,Demand: GWh,,2029,3525.0,3525.0,3525.0
Mauritania,Mauritania_grid,Demand: GWh,,2030,4016.0,4016.0,4016.0
Mauritania,Mauritania_grid,Demand: GWh,,2031,4246.0,4246.0,4246.0
Mauritania,Mauritania_grid,Demand: GWh,,2032,4485.0,4485.0,4485.0
Mauritania,Mauritania_grid,Demand: GWh,,2033,4731.0,4731.0,4731.0
Mauritania,Mauritania_grid,Demand: GWh,,2034,4978.0,4978.0,4978.0
Mauritania,Mauritania_grid,Demand: GWh,,2035,5254.0,5254.0,5254.0
Mauritania,Mauritania_grid,Demand: GWh,,2040,6656.0,6656.0,6656.0
Mauritania,Mauritania_grid,Demand: GWh,,2045,8495.0,8495.0,8495.0
Mauritania,Mauritania_grid,Demand: GWh,,2050,10841.0,10841.0,10841.0
Mauritania,Mauritania_grid,Emissions: MtCO2,,2026,1.6,1.6,1.6
Mauritania,Mauritania_grid,Emissions: MtCO2,,2027,1.3,1.3,1.3
Mauritania,Mauritania_grid,Emissions: MtCO2,,2028,0.4,0.4,0.4
Mauritania,Mauritania_grid,Emissions: MtCO2,,2029,1.2,1.2,1.2
Mauritania,Mauritania_grid,Emissions: MtCO2,,2030,1.0,1.0,1.0
Mauritania,Mauritania_grid,Emissions: MtCO2,,2031,0.7,0.7,0.7
Mauritania,Mauritania_grid,Emissions: MtCO2,,2032,0.4,0.4,0.4
Mauritania,Mauritania_grid,Emissions: MtCO2,,2033,0.1,0.1,0.1
Mauritania,Mauritania_grid,Emissions: MtCO2,,2034,0.0,0.0,0.0
Mauritania,Mauritania_grid,Emissions: MtCO2,,2035,0.1,0.1,0.1
Mauritania,Mauritania_grid,Emissions: MtCO2,,2045,0.0,0.0,0.0
Mauritania,Mauritania_grid,Emissions: MtCO2,,2050,0.1,0.1,0.1
Mauritania,Mauritania_grid,Energy: GWh,Battery,2027,12.9,12.9,12.9
Mauritania,Mauritania_grid,Energy: GWh,Battery,2028,18.0,18.0,18.0
Mauritania,Mauritania_grid,Energy: GWh,Battery,2029,18.0,18.0,18.0
Mauritania,Mauritania_grid,Energy: GWh,Battery,2030,39.8,39.8,39.8
Mauritania,Mauritania_grid,Energy: GWh,Battery,2031,60.7,60.7,60.7
Mauritania,Mauritania_grid,Energy: GWh,Battery,2032,137.9,137.9,137.9
Mauritania,Mauritania_grid,Energy: GWh,Battery,2033,160.1,160.1,160.1
Mauritania,Mauritania_grid,Energy: GWh,Battery,2034,177.8,177.8,177.8
Mauritania,Mauritania_grid,Energy: GWh,Battery,2035,168.8,168.8,168.8
Mauritania,Mauritania_grid,Energy: GWh,Battery,2040,211.5,211.5,211.5
Mauritania,Mauritania_grid,Energy: GWh,Battery,2045,561.8,561.8,561.8
Mauritania,Mauritania_grid,Energy: GWh,Battery,2050,1309.5,1309.5,1309.5
Mauritania,Mauritania_grid,Energy: GWh,Biomass,2028,223.4,223.4,223.4
Mauritania,Mauritania_grid,Energy: GWh,Biomass,2029,223.4,223.4,223.4
Mauritania,Mauritania_grid,Energy: GWh,Biomass,2030,223.4,223.4,223.4
Mauritania,Mauritania_grid,Energy: GWh,Biomass,2031,223.4,223.4,223.4
Mauritania,Mauritania_grid,Energy: GWh,Biomass,2032,223.4,223.4,223.4
Mauritania,Mauritania_grid,Energy: GWh,Biomass,2033,212.7,212.7,212.7
Mauritania,Mauritania_grid,Energy: GWh,Biomass,2034,212.7,212.7,212.7
Mauritania,Mauritania_grid,Energy: GWh,Biomass,2035,211.4,211.4,211.4
Mauritania,Mauritania_grid,Energy: GWh,Biomass,2040,87.6,87.6,87.6
Mauritania,Mauritania_grid,Energy: GWh,Biomass,2045,58.5,58.5,58.5
Mauritania,Mauritania_grid,Energy: GWh,Biomass,2050,52.1,52.1,52.1
Mauritania,Mauritania_grid,Energy: GWh,Diesel,2026,2118.9,2118.9,2118.9
Mauritania,Mauritania_grid,Energy: GWh,Diesel,2027,1475.4,1475.4,1475.4
Mauritania,Mauritania_grid,Energy: GWh,Diesel,2028,391.9,391.9,391.9
Mauritania,Mauritania_grid,Energy: GWh,Diesel,2029,90.1,90.1,90.1
Mauritania,Mauritania_grid,Energy: GWh,Diesel,2030,9.7,9.7,9.7
Mauritania,Mauritania_grid,Energy: GWh,Gas,2027,339.6,339.6,339.6
Mauritania,Mauritania_grid,Energy: GWh,Gas,2028,272.2,272.2,272.2
Mauritania,Mauritania_grid,Energy: GWh,Gas,2029,3094.6,3094.6,3094.6
Mauritania,Mauritania_grid,Energy: GWh,Gas,2030,2505.5,2505.5,2505.5
Mauritania,Mauritania_grid,Energy: GWh,Gas,2031,1872.3,1872.3,1872.3
Mauritania,Mauritania_grid,Energy: GWh,Gas,2032,1135.5,1135.5,1135.5
Mauritania,Mauritania_grid,Energy: GWh,Gas,2033,305.1,305.1,305.1
Mauritania,Mauritania_grid,Energy: GWh,Gas,2034,87.6,87.6,87.6
Mauritania,Mauritania_grid,Energy: GWh,Gas,2035,156.4,156.4,156.4
Mauritania,Mauritania_grid,Energy: GWh,Gas,2040,22.3,22.3,22.3
Mauritania,Mauritania_grid,Energy: GWh,Gas,2045,51.9,51.9,51.9
Mauritania,Mauritania_grid,Energy: GWh,Gas,2050,162.1,162.1,162.1
Mauritania,Mauritania_grid,Energy: GWh,Onshore Wind,2026,1482.7,1482.7,1482.7
Mauritania,Mauritania_grid,Energy: GWh,Onshore Wind,2027,1482.7,1482.7,1482.7
Mauritania,Mauritania_grid,Energy: GWh,Onshore Wind,2028,1890.7,1890.7,1890.7
Mauritania,Mauritania_grid,Energy: GWh,Onshore Wind,2029,1890.7,1890.7,1890.7
Mauritania,Mauritania_grid,Energy: GWh,Onshore Wind,2030,1890.7,1890.7,1890.7
Mauritania,Mauritania_grid,Energy: GWh,Onshore Wind,2031,1890.7,1890.7,1890.7
Mauritania,Mauritania_grid,Energy: GWh,Onshore Wind,2032,1890.7,1890.7,1890.7
Mauritania,Mauritania_grid,Energy: GWh,Onshore Wind,2033,1876.2,1876.2,1876.2
Mauritania,Mauritania_grid,Energy: GWh,Onshore Wind,2034,1862.5,1862.5,1862.5
Mauritania,Mauritania_grid,Energy: GWh,Onshore Wind,2035,1858.7,1858.7,1858.7
Mauritania,Mauritania_grid,Energy: GWh,Onshore Wind,2040,5560.6,5560.6,5560.6
Mauritania,Mauritania_grid,Energy: GWh,Onshore Wind,2045,8449.4,8449.4,8449.4
Mauritania,Mauritania_grid,Energy: GWh,Onshore Wind,2050,11976.4,11976.4,11976.4
Mauritania,Mauritania_grid,Energy: GWh,PV,2026,127.0,127.0,127.0
Mauritania,Mauritania_grid,Energy: GWh,PV,2027,195.1,195.1,195.1
Mauritania,Mauritania_grid,Energy: GWh,PV,2028,401.9,401.9,401.9
Mauritania,Mauritania_grid,Energy: GWh,PV,2029,401.9,401.9,401.9
Mauritania,Mauritania_grid,Energy: GWh,PV,2030,447.0,447.0,447.0
Mauritania,Mauritania_grid,Energy: GWh,PV,2031,447.0,447.0,447.0
Mauritania,Mauritania_grid,Energy: GWh,PV,2032,447.0,447.0,447.0
Mauritania,Mauritania_grid,Energy: GWh,PV,2033,426.6,426.6,426.6
Mauritania,Mauritania_grid,Energy: GWh,PV,2034,413.0,413.0,413.0
Mauritania,Mauritania_grid,Energy: GWh,PV,2035,402.6,402.6,402.6
Mauritania,Mauritania_grid,Energy: GWh,PV,2040,577.3,577.3,577.3
Mauritania,Mauritania_grid,Energy: GWh,PV,2045,1419.0,1419.0,1419.0
Mauritania,Mauritania_grid,Energy: GWh,PV,2050,1715.6,1715.6,1715.6
Mauritania,Mauritania_grid,Energy: GWh,ROR,2026,273.5,273.5,273.5
Mauritania,Mauritania_grid,Energy: GWh,ROR,2027,273.5,273.5,273.5
Mauritania,Mauritania_grid,Energy: GWh,ROR,2028,273.5,273.5,273.5
Mauritania,Mauritania_grid,Energy: GWh,ROR,2029,273.5,273.5,273.5
Mauritania,Mauritania_grid,Energy: GWh,ROR,2030,273.5,273.5,273.5
Mauritania,Mauritania_grid,Energy: GWh,ROR,2031,273.5,273.5,273.5
Mauritania,Mauritania_grid,Energy: GWh,ROR,2032,268.6,268.6,268.6
Mauritania,Mauritania_grid,Energy: GWh,ROR,2033,697.1,697.1,697.1
Mauritania,Mauritania_grid,Energy: GWh,ROR,2034,692.0,692.0,692.0
Mauritania,Mauritania_grid,Energy: GWh,ROR,2035,685.1,685.1,685.1
Mauritania,Mauritania_grid,Energy: GWh,ROR,2040,490.4,490.4,490.4
Mauritania,Mauritania_grid,Energy: GWh,ROR,2045,276.3,276.3,276.3
Mauritania,Mauritania_grid,Energy: GWh,ROR,2050,218.6,218.6,218.6
Mauritania,Mauritania_grid,Energy: GWh,Reservoir,2026,110.3,110.3,110.3
Mauritania,Mauritania_grid,Energy: GWh,Reservoir,2027,110.3,110.3,110.3
Mauritania,Mauritania_grid,Energy: GWh,Reservoir,2028,110.3,110.3,110.3
Mauritania,Mauritania_grid,Energy: GWh,Reservoir,2029,110.3,110.3,110.3
Mauritania,Mauritania_grid,Energy: GWh,Reservoir,2030,110.3,110.3,110.3
Mauritania,Mauritania_grid,Energy: GWh,Reservoir,2031,110.3,110.3,110.3
Mauritania,Mauritania_grid,Energy: GWh,Reservoir,2032,110.3,110.3,110.3
Mauritania,Mauritania_grid,Energy: GWh,Reservoir,2033,126.8,126.8,126.8
Mauritania,Mauritania_grid,Energy: GWh,Reservoir,2034,126.8,126.8,126.8
Mauritania,Mauritania_grid,Energy: GWh,Reservoir,2035,126.8,126.8,126.8
Mauritania,Mauritania_grid,Energy: GWh,Reservoir,2040,125.5,125.5,125.5
Mauritania,Mauritania_grid,Energy: GWh,Reservoir,2045,104.5,104.5,104.5
Mauritania,Mauritania_grid,Energy: GWh,Reservoir,2050,82.0,82.0,82.0
Mauritania,Mauritania_grid,Export revenues with internal zones: $/MWh,,,-63.7,-63.7,-63.7
Mauritania,Mauritania_grid,Exports exchange: GWh,,2026,1215.1,1215.1,1215.1
Mauritania,Mauritania_grid,Exports exchange: GWh,,2027,882.8,882.8,882.8
Mauritania,Mauritania_grid,Exports exchange: GWh,,2028,651.9,651.9,651.9
Mauritania,Mauritania_grid,Exports exchange: GWh,,2029,2559.9,2559.9,2559.9
Mauritania,Mauritania_grid,Exports exchange: GWh,,2030,1675.0,1675.0,1675.0
Mauritania,Mauritania_grid,Exports exchange: GWh,,2031,1144.8,1144.8,1144.8
Mauritania,Mauritania_grid,Exports exchange: GWh,,2032,730.3,730.3,730.3
Mauritania,Mauritania_grid,Exports exchange: GWh,,2033,585.1,585.1,585.1
Mauritania,Mauritania_grid,Exports exchange: GWh,,2034,511.4,511.4,511.4
Mauritania,Mauritania_grid,Exports exchange: GWh,,2035,491.4,491.4,491.4
Mauritania,Mauritania_grid,Exports exchange: GWh,,2040,1523.5,1523.5,1523.5
Mauritania,Mauritania_grid,Exports exchange: GWh,,2045,2495.8,2495.8,2495.8
Mauritania,Mauritania_grid,Exports exchange: GWh,,2050,3077.2,3077.2,3077.2
Mauritania,Mauritania_grid,Fixed O&M: $/MWh,,,12.1,12.1,12.1
Mauritania,Mauritania_grid,Fixed O&M: $m,,2026,27.1,27.1,27.1
Mauritania,Mauritania_grid,Fixed O&M: $m,,2027,29.6,29.6,29.6
Mauritania,Mauritania_grid,Fixed O&M: $m,,2028,38.2,38.2,38.2
Mauritania,Mauritania_grid,Fixed O&M: $m,,2029,44.7,44.7,44.7
Mauritania,Mauritania_grid,Fixed O&M: $m,,2030,41.3,41.3,41.3
Mauritania,Mauritania_grid,Fixed O&M: $m,,2031,40.3,40.3,40.3
Mauritania,Mauritania_grid,Fixed O&M: $m,,2032,40.9,40.9,40.9
Mauritania,Mauritania_grid,Fixed O&M: $m,,2033,45.2,45.2,45.2
Mauritania,Mauritania_grid,Fixed O&M: $m,,2034,45.3,45.3,45.3
Mauritania,Mauritania_grid,Fixed O&M: $m,,2035,45.3,45.3,45.3
Mauritania,Mauritania_grid,Fixed O&M: $m,,2040,82.1,82.1,82.1
Mauritania,Mauritania_grid,Fixed O&M: $m,,2045,117.3,117.3,117.3
Mauritania,Mauritania_grid,Fixed O&M: $m,,2050,155.4,155.4,155.4
Mauritania,Mauritania_grid,Fuel costs: $/MWh,,,9.7,9.7,9.7
Mauritania,Mauritania_grid,Fuel costs: $m,,2026,238.6,238.6,238.6
Mauritania,Mauritania_grid,Fuel costs: $m,,2027,184.5,184.5,184.5
Mauritania,Mauritania_grid,Fuel costs: $m,,2028,58.8,58.8,58.8
Mauritania,Mauritania_grid,Fuel costs: $m,,2029,130.0,130.0,130.0
Mauritania,Mauritania_grid,Fuel costs: $m,,2030,97.7,97.7,97.7
Mauritania,Mauritania_grid,Fuel costs: $m,,2031,71.9,71.9,71.9
Mauritania,Mauritania_grid,Fuel costs: $m,,2032,43.6,43.6,43.6
Mauritania,Mauritania_grid,Fuel costs: $m,,2033,11.7,11.7,11.7
Mauritania,Mauritania_grid,Fuel costs: $m,,2034,3.4,3.4,3.4
Mauritania,Mauritania_grid,Fuel costs: $m,,2035,6.0,6.0,6.0
Mauritania,Mauritania_grid,Fuel costs: $m,,2040,0.9,0.9,0.9
Mauritania,Mauritania_grid,Fuel costs: $m,,2045,2.0,2.0,2.0
Mauritania,Mauritania_grid,Fuel costs: $m,,2050,6.2,6.2,6.2
Mauritania,Mauritania_grid,Generation: GWh,,2026,4112.5,4112.5,4112.5
Mauritania,Mauritania_grid,Generation: GWh,,2027,3889.6,3889.6,3889.6
Mauritania,Mauritania_grid,Generation: GWh,,2028,3581.8,3581.8,3581.8
Mauritania,Mauritania_grid,Generation: GWh,,2029,6102.5,6102.5,6102.5
Mauritania,Mauritania_grid,Generation: GWh,,2030,5500.0,5500.0,5500.0
Mauritania,Mauritania_grid,Generation: GWh,,2031,4878.0,4878.0,4878.0
Mauritania,Mauritania_grid,Generation: GWh,,2032,4213.4,4213.4,4213.4
Mauritania,Mauritania_grid,Generation: GWh,,2033,3804.5,3804.5,3804.5
Mauritania,Mauritania_grid,Generation: GWh,,2034,3572.5,3572.5,3572.5
Mauritania,Mauritania_grid,Generation: GWh,,2035,3609.9,3609.9,3609.9
Mauritania,Mauritania_grid,Generation: GWh,,2040,7075.3,7075.3,7075.3
Mauritania,Mauritania_grid,Generation: GWh,,2045,10921.4,10921.4,10921.4
Mauritania,Mauritania_grid,Generation: GWh,,2050,15516.2,15516.2,15516.2
Mauritania,Mauritania_grid,Import costs with internal zones: $/MWh,,,36.0,36.0,36.0
Mauritania,Mauritania_grid,Import costs with internal zones: $m,,2026,91.1,91.1,91.1
Mauritania,Mauritania_grid,Import costs with internal zones: $m,,2027,104.5,104.5,104.5
Mauritania,Mauritania_grid,Import costs with internal zones: $m,,2028,292.3,292.3,292.3
Mauritania,Mauritania_grid,Import costs with internal zones: $m,,2029,1.9,1.9,1.9
Mauritania,Mauritania_grid,Import costs with internal zones: $m,,2030,101.5,101.5,101.5
Mauritania,Mauritania_grid,Import costs with internal zones: $m,,2031,206.2,206.2,206.2
Mauritania,Mauritania_grid,Import costs with internal zones: $m,,2032,407.2,407.2,407.2
Mauritania,Mauritania_grid,Import costs with internal zones: $m,,2033,524.4,524.4,524.4
Mauritania,Mauritania_grid,Import costs with internal zones: $m,,2034,407.7,407.7,407.7
Mauritania,Mauritania_grid,Import costs with internal zones: $m,,2035,557.1,557.1,557.1
Mauritania,Mauritania_grid,Import costs with internal zones: $m,,2040,151.1,151.1,151.1
Mauritania,Mauritania_grid,Import costs with internal zones: $m,,2045,148.0,148.0,148.0
Mauritania,Mauritania_grid,Import costs with internal zones: $m,,2050,182.1,182.1,182.1
Mauritania,Mauritania_grid,Imports exchange: GWh,,2026,95.1,95.1,95.1
Mauritania,Mauritania_grid,Imports exchange: GWh,,2027,125.4,125.4,125.4
Mauritania,Mauritania_grid,Imports exchange: GWh,,2028,406.2,406.2,406.2
Mauritania,Mauritania_grid,Imports exchange: GWh,,2029,3.6,3.6,3.6
Mauritania,Mauritania_grid,Imports exchange: GWh,,2030,237.9,237.9,237.9
Mauritania,Mauritania_grid,Imports exchange: GWh,,2031,584.3,584.3,584.3
Mauritania,Mauritania_grid,Imports exchange: GWh,,2032,1164.1,1164.1,1164.1
Mauritania,Mauritania_grid,Imports exchange: GWh,,2033,1703.0,1703.0,1703.0
Mauritania,Mauritania_grid,Imports exchange: GWh,,2034,2145.4,2145.4,2145.4
Mauritania,Mauritania_grid,Imports exchange: GWh,,2035,2360.0,2360.0,2360.0
Mauritania,Mauritania_grid,Imports exchange: GWh,,2040,1436.9,1436.9,1436.9
Mauritania,Mauritania_grid,Imports exchange: GWh,,2045,1242.8,1242.8,1242.8
Mauritania,Mauritania_grid,Imports exchange: GWh,,2050,992.4,992.4,992.4
Mauritania,Mauritania_grid,Investment costs: $/MWh,,,29.0,29.0,29.0
Mauritania,Mauritania_grid,Investment costs: $m,,2026,15.1,15.1,15.1
Mauritania,Mauritania_grid,Investment costs: $m,,2027,24.5,24.5,24.5
Mauritania,Mauritania_grid,Investment costs: $m,,2028,48.7,48.7,48.7
Mauritania,Mauritania_grid,Investment costs: $m,,2029,84.8,84.8,84.8
Mauritania,Mauritania_grid,Investment costs: $m,,2030,90.2,90.2,90.2
Mauritania,Mauritania_grid,Investment costs: $m,,2031,91.6,91.6,91.6
Mauritania,Mauritania_grid,Investment costs: $m,,2032,97.4,97.4,97.4
Mauritania,Mauritania_grid,Investment costs: $m,,2033,127.9,127.9,127.9
Mauritania,Mauritania_grid,Investment costs: $m,,2034,128.0,128.0,128.0
Mauritania,Mauritania_grid,Investment costs: $m,,2035,128.0,128.0,128.0
Mauritania,Mauritania_grid,Investment costs: $m,,2040,216.6,216.6,216.6
Mauritania,Mauritania_grid,Investment costs: $m,,2045,308.7,308.7,308.7
Mauritania,Mauritania_grid,Investment costs: $m,,2050,394.0,394.0,394.0
Mauritania,Mauritania_grid,Net interchange Ratio: GWh,,2032,0.1,0.1,0.1
Mauritania,Mauritania_grid,Net interchange Ratio: GWh,,2033,0.2,0.2,0.2
Mauritania,Mauritania_grid,Net interchange Ratio: GWh,,2034,0.3,0.3,0.3
Mauritania,Mauritania_grid,Net interchange Ratio: GWh,,2035,0.4,0.4,0.4
Mauritania,Mauritania_grid,Net interchange: GWh,,2032,433.9,433.9,433.9
Mauritania,Mauritania_grid,Net interchange: GWh,,2033,1117.9,1117.9,1117.9
Mauritania,Mauritania_grid,Net interchange: GWh,,2034,1634.1,1634.1,1634.1
Mauritania,Mauritania_grid,Net interchange: GWh,,2035,1868.5,1868.5,1868.5
Mauritania,Mauritania_grid,New Capacity: MW,Battery,2027,50.0,50.0,50.0
Mauritania,Mauritania_grid,New Capacity: MW,Battery,2030,24.8,24.8,24.8
Mauritania,Mauritania_grid,New Capacity: MW,Battery,2031,15.9,15.9,15.9
Mauritania,Mauritania_grid,New Capacity: MW,Battery,2032,42.6,42.6,42.6
Mauritania,Mauritania_grid,New Capacity: MW,Battery,2034,8.4,8.4,8.4
Mauritania,Mauritania_grid,New Capacity: MW,Battery,2040,219.5,219.5,219.5
Mauritania,Mauritania_grid,New Capacity: MW,Battery,2045,416.2,416.2,416.2
Mauritania,Mauritania_grid,New Capacity: MW,Battery,2050,544.5,544.5,544.5
Mauritania,Mauritania_grid,New Capacity: MW,Biomass,2028,30.0,30.0,30.0
Mauritania,Mauritania_grid,New Capacity: MW,Gas,2027,50.0,50.0,50.0
Mauritania,Mauritania_grid,New Capacity: MW,Gas,2029,406.5,406.5,406.5
Mauritania,Mauritania_grid,New Capacity: MW,Onshore Wind,2026,120.0,120.0,120.0
Mauritania,Mauritania_grid,New Capacity: MW,Onshore Wind,2028,70.0,70.0,70.0
Mauritania,Mauritania_grid,New Capacity: MW,Onshore Wind,2040,761.2,761.2,761.2
Mauritania,Mauritania_grid,New Capacity: MW,Onshore Wind,2045,529.3,529.3,529.3
Mauritania,Mauritania_grid,New Capacity: MW,Onshore Wind,2050,661.5,661.5,661.5
Mauritania,Mauritania_grid,New Capacity: MW,PV,2026,9.6,9.6,9.6
Mauritania,Mauritania_grid,New Capacity: MW,PV,2027,41.0,41.0,41.0
Mauritania,Mauritania_grid,New Capacity: MW,PV,2028,124.5,124.5,124.5
Mauritania,Mauritania_grid,New Capacity: MW,PV,2030,27.2,27.2,27.2
Mauritania,Mauritania_grid,New Capacity: MW,PV,2040,202.8,202.8,202.8
Mauritania,Mauritania_grid,New Capacity: MW,PV,2045,608.4,608.4,608.4
Mauritania,Mauritania_grid,New Capacity: MW,PV,2050,253.9,253.9,253.9
Mauritania,Mauritania_grid,New Capacity: MW,ROR,2033,103.0,103.0,103.0
Mauritania,Mauritania_grid,New Capacity: MW,Reservoir,2033,4.5,4.5,4.5
Mauritania,Mauritania_grid,Price: $/MWh,,2026,912.2,912.2,912.2
Mauritania,Mauritania_grid,Price: $/MWh,,2027,848.8,848.8,848.8
Mauritania,Mauritania_grid,Price: $/MWh,,2028,714.8,714.8,714.8
Mauritania,Mauritania_grid,Price: $/MWh,,2029,582.8,582.8,582.8
Mauritania,Mauritania_grid,Price: $/MWh,,2030,468.0,468.0,468.0
Mauritania,Mauritania_grid,Price: $/MWh,,2031,395.1,395.1,395.1
Mauritania,Mauritania_grid,Price: $/MWh,,2032,371.6,371.6,371.6
Mauritania,Mauritania_grid,Price: $/MWh,,2033,310.9,310.9,310.9
Mauritania,Mauritania_grid,Price: $/MWh,,2034,199.7,199.7,199.7
Mauritania,Mauritania_grid,Price: $/MWh,,2035,241.0,241.0,241.0
Mauritania,Mauritania_grid,Price: $/MWh,,2040,58.3,58.3,58.3
Mauritania,Mauritania_grid,Price: $/MWh,,2045,55.9,55.9,55.9
Mauritania,Mauritania_grid,Price: $/MWh,,2050,59.7,59.7,59.7
Mauritania,Mauritania_grid,Spinning Reserve: GWh,,2026,499.6,499.6,499.6
Mauritania,Mauritania_grid,Spinning Reserve: GWh,,2027,558.7,558.7,558.7
Mauritania,Mauritania_grid,Spinning Reserve: GWh,,2028,667.5,667.5,667.5
Mauritania,Mauritania_grid,Spinning Reserve: GWh,,2029,695.2,695.2,695.2
Mauritania,Mauritania_grid,Spinning Reserve: GWh,,2030,713.9,713.9,713.9
Mauritania,Mauritania_grid,Spinning Reserve: GWh,,2031,754.4,754.4,754.4
Mauritania,Mauritania_grid,Spinning Reserve: GWh,,2032,792.0,792.0,792.0
Mauritania,Mauritania_grid,Spinning Reserve: GWh,,2033,833.6,833.6,833.6
Mauritania,Mauritania_grid,Spinning Reserve: GWh,,2034,881.3,881.3,881.3
Mauritania,Mauritania_grid,Spinning Reserve: GWh,,2035,938.1,938.1,938.1
Mauritania,Mauritania_grid,Spinning Reserve: GWh,,2040,1922.1,1922.1,1922.1
Mauritania,Mauritania_grid,Spinning Reserve: GWh,,2045,2704.9,2704.9,2704.9
Mauritania,Mauritania_grid,Spinning Reserve: GWh,,2050,3438.1,3438.1,3438.1
Mauritania,Mauritania_grid,Surplus generation: GWh,,2034,12.9,12.9,12.9
Mauritania,Mauritania_grid,Surplus generation: GWh,,2035,15.1,15.1,15.1
Mauritania,Mauritania_grid,Surplus generation: GWh,,2045,384.3,384.3,384.3
Mauritania,Mauritania_grid,Surplus generation: GWh,,2050,830.1,830.1,830.1
Mauritania,Mauritania_grid,Total Demand: GWh,,2026,2999.0,2999.0,2999.0
Mauritania,Mauritania_grid,Total Demand: GWh,,2027,3117.0,3117.0,3117.0
Mauritania,Mauritania_grid,Total Demand: GWh,,2028,3315.0,3315.0,3315.0
Mauritania,Mauritania_grid,Total Demand: GWh,,2029,3525.0,3525.0,3525.0
Mauritania,Mauritania_grid,Total Demand: GWh,,2030,4016.0,4016.0,4016.0
Mauritania,Mauritania_grid,Total Demand: GWh,,2031,4246.0,4246.0,4246.0
Mauritania,Mauritania_grid,Total Demand: GWh,,2032,4485.0,4485.0,4485.0
Mauritania,Mauritania_grid,Total Demand: GWh,,2033,4731.0,4731.0,4731.0
Mauritania,Mauritania_grid,Total Demand: GWh,,2034,4978.0,4978.0,4978.0
Mauritania,Mauritania_grid,Total Demand: GWh,,2035,5254.0,5254.0,5254.0
Mauritania,Mauritania_grid,Total Demand: GWh,,2040,6656.0,6656.0,6656.0
Mauritania,Mauritania_grid,Total Demand: GWh,,2045,8495.0,8495.0,8495.0
Mauritania,Mauritania_grid,Total Demand: GWh,,2050,10841.0,10841.0,10841.0
Mauritania,Mauritania_grid,Trade shared benefits: $/MWh,,,-8.0,-8.0,-8.0
Mauritania,Mauritania_grid,Transmission Capacity: MW,Mali,2026,505.0,505.0,505.0
Mauritania,Mauritania_grid,Transmission Capacity: MW,Mali,2027,505.0,505.0,505.0
Mauritania,Mauritania_grid,Transmission Capacity: MW,Mali,2028,505.0,505.0,505.0
Mauritania,Mauritania_grid,Transmission Capacity: MW,Mali,2029,505.0,505.0,505.0
Mauritania,Mauritania_grid,Transmission Capacity: MW,Mali,2030,505.0,505.0,505.0
Mauritania,Mauritania_grid,Transmission Capacity: MW,Mali,2031,505.0,505.0,505.0
Mauritania,Mauritania_grid,Transmission Capacity: MW,Mali,2032,505.0,505.0,505.0
Mauritania,Mauritania_grid,Transmission Capacity: MW,Mali,2033,505.0,505.0,505.0
Mauritania,Mauritania_grid,Transmission Capacity: MW,Mali,2034,505.0,505.0,505.0
Mauritania,Mauritania_grid,Transmission Capacity: MW,Mali,2035,505.0,505.0,505.0
Mauritania,Mauritania_grid,Transmission Capacity: MW,Mali,2040,505.0,505.0,505.0
Mauritania,Mauritania_grid,Transmission Capacity: MW,Mali,2045,505.0,505.0,505.0
Mauritania,Mauritania_grid,Transmission Capacity: MW,Mali,2050,505.0,505.0,505.0
Mauritania,Mauritania_grid,Transmission Capacity: MW,Mauritania_Nema,2026,300.0,300.0,300.0
Mauritania,Mauritania_grid,Transmission Capacity: MW,Mauritania_Nema,2027,300.0,300.0,300.0
Mauritania,Mauritania_grid,Transmission Capacity: MW,Mauritania_Nema,2028,300.0,300.0,300.0
Mauritania,Mauritania_grid,Transmission Capacity: MW,Mauritania_Nema,2029,300.0,300.0,300.0
Mauritania,Mauritania_grid,Transmission Capacity: MW,Mauritania_Nema,2030,300.0,300.0,300.0
Mauritania,Mauritania_grid,Transmission Capacity: MW,Mauritania_Nema,2031,300.0,300.0,300.0
Mauritania,Mauritania_grid,Transmission Capacity: MW,Mauritania_Nema,2032,300.0,300.0,300.0
Mauritania,Mauritania_grid,Transmission Capacity: MW,Mauritania_Nema,2033,300.0,300.0,300.0
Mauritania,Mauritania_grid,Transmission Capacity: MW,Mauritania_Nema,2034,300.0,300.0,300.0
Mauritania,Mauritania_grid,Transmission Capacity: MW,Mauritania_Nema,2035,300.0,300.0,300.0
Mauritania,Mauritania_grid,Transmission Capacity: MW,Mauritania_Nema,2040,300.0,300.0,300.0
Mauritania,Mauritania_grid,Transmission Capacity: MW,Mauritania_Nema,2045,300.0,300.0,300.0
Mauritania,Mauritania_grid,Transmission Capacity: MW,Mauritania_Nema,2050,300.0,300.0,300.0
Mauritania,Mauritania_grid,Unmet country CO2 backstop cost: $/MWh,,,74.0,74.0,74.0
Mauritania,Mauritania_grid,Unmet country CO2 backstop cost: $m,,2026,1520.0,1520.0,1520.0
Mauritania,Mauritania_grid,Unmet country CO2 backstop cost: $m,,2027,1218.6,1218.6,1218.6
Mauritania,Mauritania_grid,Unmet country CO2 backstop cost: $m,,2028,416.4,416.4,416.4
Mauritania,Mauritania_grid,Unmet country CO2 backstop cost: $m,,2029,1188.5,1188.5,1188.5
Mauritania,Mauritania_grid,Unmet country CO2 backstop cost: $m,,2030,913.3,913.3,913.3
Mauritania,Mauritania_grid,Unmet country CO2 backstop cost: $m,,2031,674.0,674.0,674.0
Mauritania,Mauritania_grid,Unmet country CO2 backstop cost: $m,,2032,408.7,408.7,408.7
Mauritania,Mauritania_grid,Unmet country CO2 backstop cost: $m,,2033,109.8,109.8,109.8
Mauritania,Mauritania_grid,Unmet country CO2 backstop cost: $m,,2034,31.5,31.5,31.5
Mauritania,Mauritania_grid,Unmet country CO2 backstop cost: $m,,2035,56.3,56.3,56.3
Mauritania,Mauritania_grid,Unmet country CO2 backstop cost: $m,,2040,8.0,8.0,8.0
Mauritania,Mauritania_grid,Unmet country CO2 backstop cost: $m,,2045,18.7,18.7,18.7
Mauritania,Mauritania_grid,Unmet country CO2 backstop cost: $m,,2050,58.3,58.3,58.3
Mauritania,Mauritania_grid,Unmet country spinning reserve costs: $/MWh,,,0.3,0.3,0.3
Mauritania,Mauritania_grid,Unmet country spinning reserve costs: $m,,2026,2.8,2.8,2.8
Mauritania,Mauritania_grid,Unmet country spinning reserve costs: $m,,2027,0.4,0.4,0.4
Mauritania,Mauritania_grid,Unmet country spinning reserve costs: $m,,2028,0.9,0.9,0.9
Mauritania,Mauritania_grid,Unmet country spinning reserve costs: $m,,2029,1.2,1.2,1.2
Mauritania,Mauritania_grid,Unmet country spinning reserve costs: $m,,2030,3.2,3.2,3.2
Mauritania,Mauritania_grid,Unmet country spinning reserve costs: $m,,2031,2.9,2.9,2.9
Mauritania,Mauritania_grid,Unmet country spinning reserve costs: $m,,2032,2.9,2.9,2.9
Mauritania,Mauritania_grid,Unmet country spinning reserve costs: $m,,2033,2.2,2.2,2.2
Mauritania,Mauritania_grid,Unmet country spinning reserve costs: $m,,2034,2.5,2.5,2.5
Mauritania,Mauritania_grid,Unmet country spinning reserve costs: $m,,2035,2.7,2.7,2.7
Mauritania,Mauritania_grid,Unmet country spinning reserve costs: $m,,2040,1.4,1.4,1.4
Mauritania,Mauritania_grid,Unmet country spinning reserve costs: $m,,2045,0.5,0.5,0.5
Mauritania,Mauritania_grid,Unmet country spinning reserve costs: $m,,2050,2.5,2.5,2.5
Mauritania,Mauritania_grid,Unmet demand costs: $/MWh,,,0.2,0.2,0.2
Mauritania,Mauritania_grid,Unmet demand costs: $m,,2026,12.9,12.9,12.9
Mauritania,Mauritania_grid,Unmet demand: GWh,,2026,6.4,6.4,6.4
Mauritania,Mauritania_grid,Variable O&M: $/MWh,,,0.7,0.7,0.7
Mauritania,Mauritania_grid,Variable O&M: $m,,2026,16.1,16.1,16.1
Mauritania,Mauritania_grid,Variable O&M: $m,,2027,12.6,12.6,12.6
Mauritania,Mauritania_grid,Variable O&M: $m,,2028,4.8,4.8,4.8
Mauritania,Mauritania_grid,Variable O&M: $m,,2029,7.8,7.8,7.8
Mauritania,Mauritania_grid,Variable O&M: $m,,2030,5.9,5.9,5.9
Mauritania,Mauritania_grid,Variable O&M: $m,,2031,4.5,4.5,4.5
Mauritania,Mauritania_grid,Variable O&M: $m,,2032,3.0,3.0,3.0
Mauritania,Mauritania_grid,Variable O&M: $m,,2033,1.6,1.6,1.6
Mauritania,Mauritania_grid,Variable O&M: $m,,2034,1.1,1.1,1.1
Mauritania,Mauritania_grid,Variable O&M: $m,,2035,1.2,1.2,1.2
Mauritania,Mauritania_grid,Variable O&M: $m,,2040,0.6,0.6,0.6
Mauritania,Mauritania_grid,Variable O&M: $m,,2045,0.4,0.4,0.4
Mauritania,Mauritania_grid,Variable O&M: $m,,2050,0.6,0.6,0.6
Niger,Niger,Annual Energy Exchanges: GWh,Nigeria,2026,1489.2,1489.2,1489.2
Niger,Niger,Annual Energy Exchanges: GWh,Nigeria,2027,1489.2,1489.2,1489.2
Niger,Niger,Annual Energy Exchanges: GWh,Nigeria,2028,1485.7,1485.7,1485.7
Niger,Niger,Annual Energy Exchanges: GWh,Nigeria,2029,1486.9,1486.9,1486.9
Niger,Niger,Annual Energy Exchanges: GWh,Nigeria,2030,794.6,794.6,794.6
Niger,Niger,Annual Energy Exchanges: GWh,Nigeria,2031,1368.8,1368.8,1368.8
Niger,Niger,Annual Energy Exchanges: GWh,Nigeria,2032,1485.0,1485.0,1485.0
Niger,Niger,Annual Energy Exchanges: GWh,Nigeria,2033,1479.1,1479.1,1479.1
Niger,Niger,Annual Energy Exchanges: GWh,Nigeria,2034,1472.1,1472.1,1472.1
Niger,Niger,Annual Energy Exchanges: GWh,Nigeria,2035,1465.3,1465.3,1465.3
Niger,Niger,Annual Energy Exchanges: GWh,Nigeria,2040,1398.7,1398.7,1398.7
Niger,Niger,Annual Energy Exchanges: GWh,Nigeria,2045,1370.7,1370.7,1370.7
Niger,Niger,Annual Energy Exchanges: GWh,Nigeria,2050,1297.6,1297.6,1297.6
Niger,Niger,Capacity: MW,Battery,2028,49.3,49.3,49.3
Niger,Niger,Capacity: MW,Battery,2029,93.8,93.8,93.8
Niger,Niger,Capacity: MW,Battery,2030,219.6,219.6,219.6
Niger,Niger,Capacity: MW,Battery,2031,388.9,388.9,388.9
Niger,Niger,Capacity: MW,Battery,2032,388.9,388.9,388.9
Niger,Niger,Capacity: MW,Battery,2033,388.9,388.9,388.9
Niger,Niger,Capacity: MW,Battery,2034,388.9,388.9,388.9
Niger,Niger,Capacity: MW,Battery,2035,388.9,388.9,388.9
Niger,Niger,Capacity: MW,Battery,2040,564.5,564.5,564.5
Niger,Niger,Capacity: MW,Battery,2045,981.0,981.0,981.0
Niger,Niger,Capacity: MW,Battery,2050,1546.4,1546.4,1546.4
Niger,Niger,Capacity: MW,Coal,2026,50.0,50.0,50.0
Niger,Niger,Capacity: MW,Coal,2027,50.0,50.0,50.0
Niger,Niger,Capacity: MW,Coal,2028,50.0,50.0,50.0
Niger,Niger,Capacity: MW,Coal,2029,50.0,50.0,50.0
Niger,Niger,Capacity: MW,Diesel,2026,440.0,440.0,440.0
Niger,Niger,Capacity: MW,Diesel,2027,440.0,440.0,440.0
Niger,Niger,Capacity: MW,Diesel,2028,416.2,416.2,416.2
Niger,Niger,Capacity: MW,Diesel,2029,416.2,416.2,416.2
Niger,Niger,Capacity: MW,Diesel,2030,216.4,216.4,216.4
Niger,Niger,Capacity: MW,Diesel,2031,216.4,216.4,216.4
Niger,Niger,Capacity: MW,Diesel,2032,216.4,216.4,216.4
Niger,Niger,Capacity: MW,Diesel,2033,216.4,216.4,216.4
Niger,Niger,Capacity: MW,Diesel,2034,216.4,216.4,216.4
Niger,Niger,Capacity: MW,Diesel,2035,216.4,216.4,216.4
Niger,Niger,Capacity: MW,Diesel,2040,216.4,216.4,216.4
Niger,Niger,Capacity: MW,Diesel,2045,216.4,216.4,216.4
Niger,Niger,Capacity: MW,Diesel,2050,216.4,216.4,216.4
Niger,Niger,Capacity: MW,Onshore Wind,2030,201.0,201.0,201.0
Niger,Niger,Capacity: MW,Onshore Wind,2031,402.0,402.0,402.0
Niger,Niger,Capacity: MW,Onshore Wind,2032,558.4,558.4,558.4
Niger,Niger,Capacity: MW,Onshore Wind,2033,615.0,615.0,615.0
Niger,Niger,Capacity: MW,Onshore Wind,2034,679.1,679.1,679.1
Niger,Niger,Capacity: MW,Onshore Wind,2035,739.3,739.3,739.3
Niger,Niger,Capacity: MW,Onshore Wind,2040,1084.0,1084.0,1084.0
Niger,Niger,Capacity: MW,Onshore Wind,2045,1338.1,1338.1,1338.1
Niger,Niger,Capacity: MW,Onshore Wind,2050,1641.6,1641.6,1641.6
Niger,Niger,Capacity: MW,PV,2026,33.0,33.0,33.0
Niger,Niger,Capacity: MW,PV,2027,183.0,183.0,183.0
Niger,Niger,Capacity: MW,PV,2028,433.0,433.0,433.0
Niger,Niger,Capacity: MW,PV,2029,683.0,683.0,683.0
Niger,Niger,Capacity: MW,PV,2030,933.0,933.0,933.0
Niger,Niger,Capacity: MW,PV,2031,1164.4,1164.4,1164.4
Niger,Niger,Capacity: MW,PV,2032,1164.4,1164.4,1164.4
Niger,Niger,Capacity: MW,PV,2033,1164.4,1164.4,1164.4
Niger,Niger,Capacity: MW,PV,2034,1164.4,1164.4,1164.4
Niger,Niger,Capacity: MW,PV,2035,1164.4,1164.4,1164.4
Niger,Niger,Capacity: MW,PV,2040,1164.4,1164.4,1164.4
Niger,Niger,Capacity: MW,PV,2045,1821.8,1821.8,1821.8
Niger,Niger,Capacity: MW,PV,2050,2821.2,2821.2,2821.2
Niger,Niger,Capacity: MW,Reservoir,2026,130.0,130.0,130.0
Niger,Niger,Capacity: MW,Reservoir,2027,130.0,130.0,130.0
Niger,Niger,Capacity: MW,Reservoir,2028,130.0,130.0,130.0
Niger,Niger,Capacity: MW,Reservoir,2029,130.0,130.0,130.0
Niger,Niger,Capacity: MW,Reservoir,2030,215.0,215.0,215.0
Niger,Niger,Capacity: MW,Reservoir,2031,215.0,215.0,215.0
Niger,Niger,Capacity: MW,Reservoir,2032,215.0,215.0,215.0
Niger,Niger,Capacity: MW,Reservoir,2033,215.0,215.0,215.0
Niger,Niger,Capacity: MW,Reservoir,2034,215.0,215.0,215.0
Niger,Niger,Capacity: MW,Reservoir,2035,215.0,215.0,215.0
Niger,Niger,Capacity: MW,Reservoir,2040,215.0,215.0,215.0
Niger,Niger,Capacity: MW,Reservoir,2045,215.0,215.0,215.0
Niger,Niger,Capacity: MW,Reservoir,2050,215.0,215.0,215.0
Niger,Niger,Demand: GWh,,2026,1861.5,1861.5,1861.5
Niger,Niger,Demand: GWh,,2027,1990.0,1990.0,1990.0
Niger,Niger,Demand: GWh,,2028,2143.7,2143.7,2143.7
Niger,Niger,Demand: GWh,,2029,2309.2,2309.2,2309.2
Niger,Niger,Demand: GWh,,2030,2487.5,2487.5,2487.5
Niger,Niger,Demand: GWh,,2031,2643.4,2643.4,2643.4
Niger,Niger,Demand: GWh,,2032,2809.0,2809.0,2809.0
Niger,Niger,Demand: GWh,,2033,2985.0,2985.0,2985.0
Niger,Niger,Demand: GWh,,2034,3184.0,3184.0,3184.0
Niger,Niger,Demand: GWh,,2035,3383.0,3383.0,3383.0
Niger,Niger,Demand: GWh,,2040,4591.6,4591.6,4591.6
Niger,Niger,Demand: GWh,,2045,6232.1,6232.1,6232.1
Niger,Niger,Demand: GWh,,2050,8458.6,8458.6,8458.6
Niger,Niger,Emissions: MtCO2,,2026,2.0,2.0,2.0
Niger,Niger,Emissions: MtCO2,,2027,1.9,1.9,1.9
Niger,Niger,Emissions: MtCO2,,2028,1.8,1.8,1.8
Niger,Niger,Emissions: MtCO2,,2029,1.6,1.6,1.6
Niger,Niger,Energy: GWh,Battery,2028,17.7,17.7,17.7
Niger,Niger,Energy: GWh,Battery,2029,77.0,77.0,77.0
Niger,Niger,Energy: GWh,Battery,2030,264.4,264.4,264.4
Niger,Niger,Energy: GWh,Battery,2031,605.0,605.0,605.0
Niger,Niger,Energy: GWh,Battery,2032,655.2,655.2,655.2
Niger,Niger,Energy: GWh,Battery,2033,616.8,616.8,616.8
Niger,Niger,Energy: GWh,Battery,2034,628.6,628.6,628.6
Niger,Niger,Energy: GWh,Battery,2035,638.3,638.3,638.3
Niger,Niger,Energy: GWh,Battery,2040,782.0,782.0,782.0
Niger,Niger,Energy: GWh,Battery,2045,1223.9,1223.9,1223.9
Niger,Niger,Energy: GWh,Battery,2050,1834.0,1834.0,1834.0
Niger,Niger,Energy: GWh,Coal,2026,3.8,3.8,3.8
Niger,Niger,Energy: GWh,Coal,2027,17.4,17.4,17.4
Niger,Niger,Energy: GWh,Coal,2028,33.7,33.7,33.7
Niger,Niger,Energy: GWh,Coal,2029,41.3,41.3,41.3
Niger,Niger,Energy: GWh,Diesel,2026,2706.4,2706.4,2706.4
Niger,Niger,Energy: GWh,Diesel,2027,2578.6,2578.6,2578.6
Niger,Niger,Energy: GWh,Diesel,2028,2311.7,2311.7,2311.7
Niger,Niger,Energy: GWh,Diesel,2029,2075.6,2075.6,2075.6
Niger,Niger,Energy: GWh,Onshore Wind,2030,742.5,742.5,742.5
Niger,Niger,Energy: GWh,Onshore Wind,2031,1473.1,1473.1,1473.1
Niger,Niger,Energy: GWh,Onshore Wind,2032,2019.1,2019.1,2019.1
Niger,Niger,Energy: GWh,Onshore Wind,2033,2218.8,2218.8,2218.8
Niger,Niger,Energy: GWh,Onshore Wind,2034,2426.3,2426.3,2426.3
Niger,Niger,Energy: GWh,Onshore Wind,2035,2656.1,2656.1,2656.1
Niger,Niger,Energy: GWh,Onshore Wind,2040,3827.3,3827.3,3827.3
Niger,Niger,Energy: GWh,Onshore Wind,2045,4632.7,4632.7,4632.7
Niger,Niger,Energy: GWh,Onshore Wind,2050,5484.5,5484.5,5484.5
Niger,Niger,Energy: GWh,PV,2026,53.3,53.3,53.3
Niger,Niger,Energy: GWh,PV,2027,295.6,295.6,295.6
Niger,Niger,Energy: GWh,PV,2028,699.5,699.5,699.5
Niger,Niger,Energy: GWh,PV,2029,1103.3,1103.3,1103.3
Niger,Niger,Energy: GWh,PV,2030,1506.8,1506.8,1506.8
Niger,Niger,Energy: GWh,PV,2031,1847.3,1847.3,1847.3
Niger,Niger,Energy: GWh,PV,2032,1787.2,1787.2,1787.2
Niger,Niger,Energy: GWh,PV,2033,1763.9,1763.9,1763.9
Niger,Niger,Energy: GWh,PV,2034,1778.8,1778.8,1778.8
Niger,Niger,Energy: GWh,PV,2035,1769.4,1769.4,1769.4
Niger,Niger,Energy: GWh,PV,2040,1746.1,1746.1,1746.1
Niger,Niger,Energy: GWh,PV,2045,2682.5,2682.5,2682.5
Niger,Niger,Energy: GWh,PV,2050,4158.7,4158.7,4158.7
Niger,Niger,Energy: GWh,Reservoir,2026,587.2,587.2,587.2
Niger,Niger,Energy: GWh,Reservoir,2027,587.2,587.2,587.2
Niger,Niger,Energy: GWh,Reservoir,2028,587.2,587.2,587.2
Niger,Niger,Energy: GWh,Reservoir,2029,587.2,587.2,587.2
Niger,Niger,Energy: GWh,Reservoir,2030,810.6,810.6,810.6
Niger,Niger,Energy: GWh,Reservoir,2031,810.6,810.6,810.6
Niger,Niger,Energy: GWh,Reservoir,2032,651.1,651.1,651.1
Niger,Niger,Energy: GWh,Reservoir,2033,644.8,644.8,644.8
Niger,Niger,Energy: GWh,Reservoir,2034,636.3,636.3,636.3
Niger,Niger,Energy: GWh,Reservoir,2035,635.7,635.7,635.7
Niger,Niger,Energy: GWh,Reservoir,2040,691.8,691.8,691.8
Niger,Niger,Energy: GWh,Reservoir,2045,634.1,634.1,634.1
Niger,Niger,Energy: GWh,Reservoir,2050,609.5,609.5,609.5
Niger,Niger,Export revenues with internal zones: $/MWh,,,-122.5,-122.5,-122.5
Niger,Niger,Exports exchange: GWh,,2026,1489.2,1489.2,1489.2
Niger,Niger,Exports exchange: GWh,,2027,1489.2,1489.2,1489.2
Niger,Niger,Exports exchange: GWh,,2028,1485.7,1485.7,1485.7
Niger,Niger,Exports exchange: GWh,,2029,1486.9,1486.9,1486.9
Niger,Niger,Exports exchange: GWh,,2030,794.6,794.6,794.6
Niger,Niger,Exports exchange: GWh,,2031,1368.8,1368.8,1368.8
Niger,Niger,Exports exchange: GWh,,2032,1485.0,1485.0,1485.0
Niger,Niger,Exports exchange: GWh,,2033,1479.1,1479.1,1479.1
Niger,Niger,Exports exchange: GWh,,2034,1472.1,1472.1,1472.1
Niger,Niger,Exports exchange: GWh,,2035,1465.3,1465.3,1465.3
Niger,Niger,Exports exchange: GWh,,2040,1398.7,1398.7,1398.7
Niger,Niger,Exports exchange: GWh,,2045,1370.7,1370.7,1370.7
Niger,Niger,Exports exchange: GWh,,2050,1297.6,1297.6,1297.6
Niger,Niger,Fixed O&M: $/MWh,,,18.1,18.1,18.1
Niger,Niger,Fixed O&M: $m,,2026,22.8,22.8,22.8
Niger,Niger,Fixed O&M: $m,,2027,25.3,25.3,25.3
Niger,Niger,Fixed O&M: $m,,2028,29.4,29.4,29.4
Niger,Niger,Fixed O&M: $m,,2029,34.3,34.3,34.3
Niger,Niger,Fixed O&M: $m,,2030,42.3,42.3,42.3
Niger,Niger,Fixed O&M: $m,,2031,56.7,56.7,56.7
Niger,Niger,Fixed O&M: $m,,2032,62.9,62.9,62.9
Niger,Niger,Fixed O&M: $m,,2033,65.2,65.2,65.2
Niger,Niger,Fixed O&M: $m,,2034,67.8,67.8,67.8
Niger,Niger,Fixed O&M: $m,,2035,70.2,70.2,70.2
Niger,Niger,Fixed O&M: $m,,2040,86.4,86.4,86.4
Niger,Niger,Fixed O&M: $m,,2045,113.5,113.5,113.5
Niger,Niger,Fixed O&M: $m,,2050,150.5,150.5,150.5
Niger,Niger,Fuel costs: $/MWh,,,25.0,25.0,25.0
Niger,Niger,Fuel costs: $m,,2026,414.0,414.0,414.0
Niger,Niger,Fuel costs: $m,,2027,394.1,394.1,394.1
Niger,Niger,Fuel costs: $m,,2028,352.2,352.2,352.2
Niger,Niger,Fuel costs: $m,,2029,315.3,315.3,315.3
Niger,Niger,Generation: GWh,,2026,3350.7,3350.7,3350.7
Niger,Niger,Generation: GWh,,2027,3478.9,3478.9,3478.9
Niger,Niger,Generation: GWh,,2028,3649.8,3649.8,3649.8
Niger,Niger,Generation: GWh,,2029,3884.4,3884.4,3884.4
Niger,Niger,Generation: GWh,,2030,3324.2,3324.2,3324.2
Niger,Niger,Generation: GWh,,2031,4736.0,4736.0,4736.0
Niger,Niger,Generation: GWh,,2032,5112.5,5112.5,5112.5
Niger,Niger,Generation: GWh,,2033,5244.2,5244.2,5244.2
Niger,Niger,Generation: GWh,,2034,5469.9,5469.9,5469.9
Niger,Niger,Generation: GWh,,2035,5699.5,5699.5,5699.5
Niger,Niger,Generation: GWh,,2040,7047.1,7047.1,7047.1
Niger,Niger,Generation: GWh,,2045,9173.2,9173.2,9173.2
Niger,Niger,Generation: GWh,,2050,12086.6,12086.6,12086.6
Niger,Niger,Import costs with internal zones: $/MWh,,,4.0,4.0,4.0
Niger,Niger,Import costs with internal zones: $m,,2030,175.6,175.6,175.6
Niger,Niger,Import costs with internal zones: $m,,2031,5.2,5.2,5.2
Niger,Niger,Import costs with internal zones: $m,,2033,0.5,0.5,0.5
Niger,Niger,Import costs with internal zones: $m,,2034,1.2,1.2,1.2
Niger,Niger,Import costs with internal zones: $m,,2035,1.5,1.5,1.5
Niger,Niger,Import costs with internal zones: $m,,2040,14.6,14.6,14.6
Niger,Niger,Import costs with internal zones: $m,,2045,20.0,20.0,20.0
Niger,Niger,Import costs with internal zones: $m,,2050,0.0,0.0,0.0
Niger,Niger,Imports exchange: GWh,,2030,270.3,270.3,270.3
Niger,Niger,Imports exchange: GWh,,2031,8.7,8.7,8.7
Niger,Niger,Imports exchange: GWh,,2033,1.2,1.2,1.2
Niger,Niger,Imports exchange: GWh,,2034,2.7,2.7,2.7
Niger,Niger,Imports exchange: GWh,,2035,3.5,3.5,3.5
Niger,Niger,Imports exchange: GWh,,2040,62.6,62.6,62.6
Niger,Niger,Imports exchange: GWh,,2045,96.4,96.4,96.4
Niger,Niger,Imports exchange: GWh,,2050,52.7,52.7,52.7
Niger,Niger,Investment costs: $/MWh,,,71.2,71.2,71.2
Niger,Niger,Investment costs: $m,,2026,62.3,62.3,62.3
Niger,Niger,Investment costs: $m,,2027,76.1,76.1,76.1
Niger,Niger,Investment costs: $m,,2028,103.8,103.8,103.8
Niger,Niger,Investment costs: $m,,2029,131.4,131.4,131.4
Niger,Niger,Investment costs: $m,,2030,214.0,214.0,214.0
Niger,Niger,Investment costs: $m,,2031,272.6,272.6,272.6
Niger,Niger,Investment costs: $m,,2032,290.9,290.9,290.9
Niger,Niger,Investment costs: $m,,2033,296.7,296.7,296.7
Niger,Niger,Investment costs: $m,,2034,303.2,303.2,303.2
Niger,Niger,Investment costs: $m,,2035,309.3,309.3,309.3
Niger,Niger,Investment costs: $m,,2040,346.3,346.3,346.3
Niger,Niger,Investment costs: $m,,2045,423.2,423.2,423.2
Niger,Niger,Investment costs: $m,,2050,521.6,521.6,521.6
Niger,Niger,New Capacity: MW,Battery,2028,49.3,49.3,49.3
Niger,Niger,New Capacity: MW,Battery,2029,44.4,44.4,44.4
Niger,Niger,New Capacity: MW,Battery,2030,125.8,125.8,125.8
Niger,Niger,New Capacity: MW,Battery,2031,169.4,169.4,169.4
Niger,Niger,New Capacity: MW,Battery,2040,175.5,175.5,175.5
Niger,Niger,New Capacity: MW,Battery,2045,416.5,416.5,416.5
Niger,Niger,New Capacity: MW,Battery,2050,565.4,565.4,565.4
Niger,Niger,New Capacity: MW,Diesel,2026,216.4,216.4,216.4
Niger,Niger,New Capacity: MW,Onshore Wind,2030,201.0,201.0,201.0
Niger,Niger,New Capacity: MW,Onshore Wind,2031,201.0,201.0,201.0
Niger,Niger,New Capacity: MW,Onshore Wind,2032,156.4,156.4,156.4
Niger,Niger,New Capacity: MW,Onshore Wind,2033,56.6,56.6,56.6
Niger,Niger,New Capacity: MW,Onshore Wind,2034,64.1,64.1,64.1
Niger,Niger,New Capacity: MW,Onshore Wind,2035,60.2,60.2,60.2
Niger,Niger,New Capacity: MW,Onshore Wind,2040,344.8,344.8,344.8
Niger,Niger,New Capacity: MW,Onshore Wind,2045,254.1,254.1,254.1
Niger,Niger,New Capacity: MW,Onshore Wind,2050,303.5,303.5,303.5
Niger,Niger,New Capacity: MW,PV,2027,150.0,150.0,150.0
Niger,Niger,New Capacity: MW,PV,2028,250.0,250.0,250.0
Niger,Niger,New Capacity: MW,PV,2029,250.0,250.0,250.0
Niger,Niger,New Capacity: MW,PV,2030,250.0,250.0,250.0
Niger,Niger,New Capacity: MW,PV,2031,231.4,231.4,231.4
Niger,Niger,New Capacity: MW,PV,2045,657.4,657.4,657.4
Niger,Niger,New Capacity: MW,PV,2050,1032.4,1032.4,1032.4
Niger,Niger,New Capacity: MW,Reservoir,2026,130.0,130.0,130.0
Niger,Niger,New Capacity: MW,Reservoir,2030,85.0,85.0,85.0
Niger,Niger,Price: $/MWh,,2026,968.8,968.8,968.8
Niger,Niger,Price: $/MWh,,2027,984.9,984.9,984.9
Niger,Niger,Price: $/MWh,,2028,1032.1,1032.1,1032.1
Niger,Niger,Price: $/MWh,,2029,1029.0,1029.0,1029.0
Niger,Niger,Price: $/MWh,,2030,613.5,613.5,613.5
Niger,Niger,Price: $/MWh,,2031,452.7,452.7,452.7
Niger,Niger,Price: $/MWh,,2032,71.9,71.9,71.9
Niger,Niger,Price: $/MWh,,2033,67.0,67.0,67.0
Niger,Niger,Price: $/MWh,,2034,67.7,67.7,67.7
Niger,Niger,Price: $/MWh,,2035,82.2,82.2,82.2
Niger,Niger,Price: $/MWh,,2040,74.0,74.0,74.0
Niger,Niger,Price: $/MWh,,2045,68.7,68.7,68.7
Niger,Niger,Price: $/MWh,,2050,61.2,61.2,61.2
Niger,Niger,Spinning Reserve: GWh,,2026,255.4,255.4,255.4
Niger,Niger,Spinning Reserve: GWh,,2027,274.3,274.3,274.3
Niger,Niger,Spinning Reserve: GWh,,2028,357.4,357.4,357.4
Niger,Niger,Spinning Reserve: GWh,,2029,442.7,442.7,442.7
Niger,Niger,Spinning Reserve: GWh,,2030,633.4,633.4,633.4
Niger,Niger,Spinning Reserve: GWh,,2031,809.7,809.7,809.7
Niger,Niger,Spinning Reserve: GWh,,2032,905.6,905.6,905.6
Niger,Niger,Spinning Reserve: GWh,,2033,957.1,957.1,957.1
Niger,Niger,Spinning Reserve: GWh,,2034,1020.3,1020.3,1020.3
Niger,Niger,Spinning Reserve: GWh,,2035,1074.1,1074.1,1074.1
Niger,Niger,Spinning Reserve: GWh,,2040,1395.4,1395.4,1395.4
Niger,Niger,Spinning Reserve: GWh,,2045,1864.8,1864.8,1864.8
Niger,Niger,Spinning Reserve: GWh,,2050,2462.8,2462.8,2462.8
Niger,Niger,Surplus generation: GWh,,2031,0.5,0.5,0.5
Niger,Niger,Surplus generation: GWh,,2032,19.2,19.2,19.2
Niger,Niger,Surplus generation: GWh,,2033,24.4,24.4,24.4
Niger,Niger,Surplus generation: GWh,,2034,42.5,42.5,42.5
Niger,Niger,Surplus generation: GWh,,2035,57.9,57.9,57.9
Niger,Niger,Surplus generation: GWh,,2040,143.7,143.7,143.7
Niger,Niger,Surplus generation: GWh,,2045,137.5,137.5,137.5
Niger,Niger,Surplus generation: GWh,,2050,96.8,96.8,96.8
Niger,Niger,Total Demand: GWh,,2026,1861.5,1861.5,1861.5
Niger,Niger,Total Demand: GWh,,2027,1990.0,1990.0,1990.0
Niger,Niger,Total Demand: GWh,,2028,2143.7,2143.7,2143.7
Niger,Niger,Total Demand: GWh,,2029,2309.2,2309.2,2309.2
Niger,Niger,Total Demand: GWh,,2030,2487.5,2487.5,2487.5
Niger,Niger,Total Demand: GWh,,2031,2643.4,2643.4,2643.4
Niger,Niger,Total Demand: GWh,,2032,2809.0,2809.0,2809.0
Niger,Niger,Total Demand: GWh,,2033,2985.0,2985.0,2985.0
Niger,Niger,Total Demand: GWh,,2034,3184.0,3184.0,3184.0
Niger,Niger,Total Demand: GWh,,2035,3383.0,3383.0,3383.0
Niger,Niger,Total Demand: GWh,,2040,4591.6,4591.6,4591.6
Niger,Niger,Total Demand: GWh,,2045,6232.1,6232.1,6232.1
Niger,Niger,Total Demand: GWh,,2050,8458.6,8458.6,8458.6
Niger,Niger,Trade shared benefits: $/MWh,,,-95.1,-95.1,-95.1
Niger,Niger,Transmission Capacity: MW,Nigeria,2026,170.0,170.0,170.0
Niger,Niger,Transmission Capacity: MW,Nigeria,2027,170.0,170.0,170.0
Niger,Niger,Transmission Capacity: MW,Nigeria,2028,170.0,170.0,170.0
Niger,Niger,Transmission Capacity: MW,Nigeria,2029,170.0,170.0,170.0
Niger,Niger,Transmission Capacity: MW,Nigeria,2030,170.0,170.0,170.0
Niger,Niger,Transmission Capacity: MW,Nigeria,2031,170.0,170.0,170.0
Niger,Niger,Transmission Capacity: MW,Nigeria,2032,170.0,170.0,170.0
Niger,Niger,Transmission Capacity: MW,Nigeria,2033,170.0,170.0,170.0
Niger,Niger,Transmission Capacity: MW,Nigeria,2034,170.0,170.0,170.0
Niger,Niger,Transmission Capacity: MW,Nigeria,2035,170.0,170.0,170.0
Niger,Niger,Transmission Capacity: MW,Nigeria,2040,170.0,170.0,170.0
Niger,Niger,Transmission Capacity: MW,Nigeria,2045,170.0,170.0,170.0
Niger,Niger,Transmission Capacity: MW,Nigeria,2050,170.0,170.0,170.0
Niger,Niger,Unmet country CO2 backstop cost: $/MWh,,,123.6,123.6,123.6
Niger,Niger,Unmet country CO2 backstop cost: $m,,2026,2031.7,2031.7,2031.7
Niger,Niger,Unmet country CO2 backstop cost: $m,,2027,1945.8,1945.8,1945.8
Niger,Niger,Unmet country CO2 backstop cost: $m,,2028,1754.2,1754.2,1754.2
Niger,Niger,Unmet country CO2 backstop cost: $m,,2029,1579.9,1579.9,1579.9
Niger,Niger,Unmet country spinning reserve costs: $/MWh,,,0.3,0.3,0.3
Niger,Niger,Unmet country spinning reserve costs: $m,,2026,1.1,1.1,1.1
Niger,Niger,Unmet country spinning reserve costs: $m,,2027,1.5,1.5,1.5
Niger,Niger,Unmet country spinning reserve costs: $m,,2028,1.2,1.2,1.2
Niger,Niger,Unmet country spinning reserve costs: $m,,2029,0.8,0.8,0.8
Niger,Niger,Unmet country spinning reserve costs: $m,,2030,1.1,1.1,1.1
Niger,Niger,Unmet country spinning reserve costs: $m,,2031,1.5,1.5,1.5
Niger,Niger,Unmet country spinning reserve costs: $m,,2032,1.2,1.2,1.2
Niger,Niger,Unmet country spinning reserve costs: $m,,2033,0.8,0.8,0.8
Niger,Niger,Unmet country spinning reserve costs: $m,,2034,0.4,0.4,0.4
Niger,Niger,Unmet country spinning reserve costs: $m,,2035,1.3,1.3,1.3
Niger,Niger,Unmet country spinning reserve costs: $m,,2040,1.0,1.0,1.0
Niger,Niger,Unmet country spinning reserve costs: $m,,2045,1.5,1.5,1.5
Niger,Niger,Unmet country spinning reserve costs: $m,,2050,2.6,2.6,2.6
Niger,Niger,Unmet demand costs: $/MWh,,,0.1,0.1,0.1
Niger,Niger,Unmet demand costs: $m,,2027,0.6,0.6,0.6
Niger,Niger,Unmet demand costs: $m,,2028,0.9,0.9,0.9
Niger,Niger,Unmet demand costs: $m,,2029,4.5,4.5,4.5
Niger,Niger,Unmet demand: GWh,,2027,0.3,0.3,0.3
Niger,Niger,Unmet demand: GWh,,2028,0.5,0.5,0.5
Niger,Niger,Unmet demand: GWh,,2029,2.2,2.2,2.2
Niger,Niger,Variable O&M: $/MWh,,,1.0,1.0,1.0
Niger,Niger,Variable O&M: $m,,2026,16.1,16.1,16.1
Niger,Niger,Variable O&M: $m,,2027,15.2,15.2,15.2
Niger,Niger,Variable O&M: $m,,2028,13.5,13.5,13.5
Niger,Niger,Variable O&M: $m,,2029,12.5,12.5,12.5
Niger,Niger,Variable O&M: $m,,2030,0.4,0.4,0.4
Niger,Niger,Variable O&M: $m,,2031,0.4,0.4,0.4
Niger,Niger,Variable O&M: $m,,2032,0.3,0.3,0.3
Niger,Niger,Variable O&M: $m,,2033,0.3,0.3,0.3
Niger,Niger,Variable O&M: $m,,2034,0.3,0.3,0.3
Niger,Niger,Variable O&M: $m,,2035,0.3,0.3,0.3
Niger,Niger,Variable O&M: $m,,2040,0.3,0.3,0.3
Niger,Niger,Variable O&M: $m,,2045,0.3,0.3,0.3
Niger,Niger,Variable O&M: $m,,2050,0.3,0.3,0.3
Nigeria,Nigeria,Annual Energy Exchanges: GWh,Benin,2027,231.1,231.1,231.1
Nigeria,Nigeria,Annual Energy Exchanges: GWh,Benin,2028,383.3,383.3,383.3
Nigeria,Nigeria,Annual Energy Exchanges: GWh,Benin,2029,713.2,713.2,713.2
Nigeria,Nigeria,Annual Energy Exchanges: GWh,Benin,2031,0.8,0.8,0.8
Nigeria,Nigeria,Annual Energy Exchanges: GWh,Benin,2032,19.8,19.8,19.8
Nigeria,Nigeria,Annual Energy Exchanges: GWh,Benin,2033,624.6,624.6,624.6
Nigeria,Nigeria,Annual Energy Exchanges: GWh,Benin,2034,526.0,526.0,526.0
Nigeria,Nigeria,Annual Energy Exchanges: GWh,Benin,2035,445.8,445.8,445.8
Nigeria,Nigeria,Annual Energy Exchanges: GWh,Benin,2040,493.8,493.8,493.8
Nigeria,Nigeria,Annual Energy Exchanges: GWh,Benin,2045,439.7,439.7,439.7
Nigeria,Nigeria,Annual Energy Exchanges: GWh,Benin,2050,100.4,100.4,100.4
Nigeria,Nigeria,Annual Energy Exchanges: GWh,Niger,2030,270.3,270.3,270.3
Nigeria,Nigeria,Annual Energy Exchanges: GWh,Niger,2031,8.7,8.7,8.7
Nigeria,Nigeria,Annual Energy Exchanges: GWh,Niger,2033,1.2,1.2,1.2
Nigeria,Nigeria,Annual Energy Exchanges: GWh,Niger,2034,2.7,2.7,2.7
Nigeria,Nigeria,Annual Energy Exchanges: GWh,Niger,2035,3.5,3.5,3.5
Nigeria,Nigeria,Annual Energy Exchanges: GWh,Niger,2040,62.6,62.6,62.6
Nigeria,Nigeria,Annual Energy Exchanges: GWh,Niger,2045,96.4,96.4,96.4
Nigeria,Nigeria,Annual Energy Exchanges: GWh,Niger,2050,52.7,52.7,52.7
Nigeria,Nigeria,Capacity: MW,Battery,2040,3626.7,3626.7,3626.7
Nigeria,Nigeria,Capacity: MW,Battery,2045,9776.8,9776.8,9776.8
Nigeria,Nigeria,Capacity: MW,Battery,2050,15982.3,15982.3,15982.3
Nigeria,Nigeria,Capacity: MW,Gas,2026,3076.0,3076.0,3076.0
Nigeria,Nigeria,Capacity: MW,Gas,2027,4107.0,4107.0,4107.0
Nigeria,Nigeria,Capacity: MW,Gas,2028,4625.0,4625.0,4625.0
Nigeria,Nigeria,Capacity: MW,Gas,2029,5382.0,5382.0,5382.0
Nigeria,Nigeria,Capacity: MW,Gas,2030,5746.0,5746.0,5746.0
Nigeria,Nigeria,Capacity: MW,Gas,2031,6210.2,6210.2,6210.2
Nigeria,Nigeria,Capacity: MW,Gas,2032,6210.8,6210.8,6210.8
Nigeria,Nigeria,Capacity: MW,Gas,2033,6653.8,6653.8,6653.8
Nigeria,Nigeria,Capacity: MW,Gas,2034,6691.1,6691.1,6691.1
Nigeria,Nigeria,Capacity: MW,Gas,2035,6742.3,6742.3,6742.3
Nigeria,Nigeria,Capacity: MW,Gas,2040,6927.2,6927.2,6927.2
Nigeria,Nigeria,Capacity: MW,Gas,2045,7219.6,7219.6,7219.6
Nigeria,Nigeria,Capacity: MW,Gas,2050,7486.1,7486.1,7486.1
Nigeria,Nigeria,Capacity: MW,PV,2030,1500.0,1500.0,1500.0
Nigeria,Nigeria,Capacity: MW,PV,2031,3000.0,3000.0,3000.0
Nigeria,Nigeria,Capacity: MW,PV,2032,4500.0,4500.0,4500.0
Nigeria,Nigeria,Capacity: MW,PV,2033,6000.0,6000.0,6000.0
Nigeria,Nigeria,Capacity: MW,PV,2034,7500.0,7500.0,7500.0
Nigeria,Nigeria,Capacity: MW,PV,2035,9000.0,9000.0,9000.0
Nigeria,Nigeria,Capacity: MW,PV,2040,24000.0,24000.0,24000.0
Nigeria,Nigeria,Capacity: MW,PV,2045,39000.0,39000.0,39000.0
Nigeria,Nigeria,Capacity: MW,PV,2050,54000.0,54000.0,54000.0
Nigeria,Nigeria,Capacity: MW,Reservoir,2026,1653.6,1653.6,1653.6
Nigeria,Nigeria,Capacity: MW,Reservoir,2027,1683.6,1683.6,1683.6
Nigeria,Nigeria,Capacity: MW,Reservoir,2028,1933.6,1933.6,1933.6
Nigeria,Nigeria,Capacity: MW,Reservoir,2029,2183.6,2183.6,2183.6
Nigeria,Nigeria,Capacity: MW,Reservoir,2030,2433.6,2433.6,2433.6
Nigeria,Nigeria,Capacity: MW,Reservoir,2031,2683.6,2683.6,2683.6
Nigeria,Nigeria,Capacity: MW,Reservoir,2032,2933.6,2933.6,2933.6
Nigeria,Nigeria,Capacity: MW,Reservoir,2033,3183.6,3183.6,3183.6
Nigeria,Nigeria,Capacity: MW,Reservoir,2034,3433.6,3433.6,3433.6
Nigeria,Nigeria,Capacity: MW,Reservoir,2035,3683.6,3683.6,3683.6
Nigeria,Nigeria,Capacity: MW,Reservoir,2040,4733.6,4733.6,4733.6
Nigeria,Nigeria,Capacity: MW,Reservoir,2045,4733.6,4733.6,4733.6
Nigeria,Nigeria,Capacity: MW,Reservoir,2050,4733.6,4733.6,4733.6
Nigeria,Nigeria,Demand: GWh,,2026,39461.3,39461.3,39461.3
Nigeria,Nigeria,Demand: GWh,,2027,42567.6,42567.6,42567.6
Nigeria,Nigeria,Demand: GWh,,2028,45918.3,45918.3,45918.3
Nigeria,Nigeria,Demand: GWh,,2029,48615.8,48615.8,48615.8
Nigeria,Nigeria,Demand: GWh,,2030,51471.7,51471.7,51471.7
Nigeria,Nigeria,Demand: GWh,,2031,54042.6,54042.6,54042.6
Nigeria,Nigeria,Demand: GWh,,2032,56741.6,56741.6,56741.6
Nigeria,Nigeria,Demand: GWh,,2033,59575.9,59575.9,59575.9
Nigeria,Nigeria,Demand: GWh,,2034,62557.8,62557.8,62557.8
Nigeria,Nigeria,Demand: GWh,,2035,65688.3,65688.3,65688.3
Nigeria,Nigeria,Demand: GWh,,2040,80926.9,80926.9,80926.9
Nigeria,Nigeria,Demand: GWh,,2045,96205.8,96205.8,96205.8
Nigeria,Nigeria,Demand: GWh,,2050,112385.7,112385.7,112385.7
Nigeria,Nigeria,Emissions: MtCO2,,2026,11.6,11.6,11.6
Nigeria,Nigeria,Emissions: MtCO2,,2027,14.5,14.5,14.5
Nigeria,Nigeria,Emissions: MtCO2,,2028,16.4,16.4,16.4
Nigeria,Nigeria,Emissions: MtCO2,,2029,19.7,19.7,19.7
Nigeria,Nigeria,Emissions: MtCO2,,2030,18.1,18.1,18.1
Nigeria,Nigeria,Emissions: MtCO2,,2031,16.3,16.3,16.3
Nigeria,Nigeria,Emissions: MtCO2,,2032,15.1,15.1,15.1
Nigeria,Nigeria,Emissions: MtCO2,,2033,15.3,15.3,15.3
Nigeria,Nigeria,Emissions: MtCO2,,2034,15.3,15.3,15.3
Nigeria,Nigeria,Emissions: MtCO2,,2035,15.4,15.4,15.4
Nigeria,Nigeria,Emissions: MtCO2,,2040,13.1,13.1,13.1
Nigeria,Nigeria,Emissions: MtCO2,,2045,12.8,12.8,12.8
Nigeria,Nigeria,Emissions: MtCO2,,2050,13.0,13.0,13.0
Nigeria,Nigeria,Energy: GWh,Battery,2040,2830.2,2830.2,2830.2
Nigeria,Nigeria,Energy: GWh,Battery,2045,11056.1,11056.1,11056.1
Nigeria,Nigeria,Energy: GWh,Battery,2050,20208.7,20208.7,20208.7
Nigeria,Nigeria,Energy: GWh,Gas,2026,22903.9,22903.9,22903.9
Nigeria,Nigeria,Energy: GWh,Gas,2027,30580.7,30580.7,30580.7
Nigeria,Nigeria,Energy: GWh,Gas,2028,34437.7,34437.7,34437.7
Nigeria,Nigeria,Energy: GWh,Gas,2029,40074.4,40074.4,40074.4
Nigeria,Nigeria,Energy: GWh,Gas,2030,40011.6,40011.6,40011.6
Nigeria,Nigeria,Energy: GWh,Gas,2031,38947.5,38947.5,38947.5
Nigeria,Nigeria,Energy: GWh,Gas,2032,38875.5,38875.5,38875.5
Nigeria,Nigeria,Energy: GWh,Gas,2033,40275.6,40275.6,40275.6
Nigeria,Nigeria,Energy: GWh,Gas,2034,40322.1,40322.1,40322.1
Nigeria,Nigeria,Energy: GWh,Gas,2035,40526.5,40526.5,40526.5
Nigeria,Nigeria,Energy: GWh,Gas,2040,34653.7,34653.7,34653.7
Nigeria,Nigeria,Energy: GWh,Gas,2045,33698.2,33698.2,33698.2
Nigeria,Nigeria,Energy: GWh,Gas,2050,34348.4,34348.4,34348.4
Nigeria,Nigeria,Energy: GWh,PV,2030,1805.6,1805.6,1805.6
Nigeria,Nigeria,Energy: GWh,PV,2031,3611.3,3611.3,3611.3
Nigeria,Nigeria,Energy: GWh,PV,2032,5416.9,5416.9,5416.9
Nigeria,Nigeria,Energy: GWh,PV,2033,7222.5,7222.5,7222.5
Nigeria,Nigeria,Energy: GWh,PV,2034,9028.1,9028.1,9028.1
Nigeria,Nigeria,Energy: GWh,PV,2035,10833.8,10833.8,10833.8
Nigeria,Nigeria,Energy: GWh,PV,2040,28687.8,28687.8,28687.8
Nigeria,Nigeria,Energy: GWh,PV,2045,46946.4,46946.4,46946.4
Nigeria,Nigeria,Energy: GWh,PV,2050,64934.5,64934.5,64934.5
Nigeria,Nigeria,Energy: GWh,Reservoir,2026,3367.7,3367.7,3367.7
Nigeria,Nigeria,Energy: GWh,Reservoir,2027,3469.4,3469.4,3469.4
Nigeria,Nigeria,Energy: GWh,Reservoir,2028,4411.1,4411.1,4411.1
Nigeria,Nigeria,Energy: GWh,Reservoir,2029,5352.8,5352.8,5352.8
Nigeria,Nigeria,Energy: GWh,Reservoir,2030,6294.5,6294.5,6294.5
Nigeria,Nigeria,Energy: GWh,Reservoir,2031,7236.2,7236.2,7236.2
Nigeria,Nigeria,Energy: GWh,Reservoir,2032,8177.9,8177.9,8177.9
Nigeria,Nigeria,Energy: GWh,Reservoir,2033,9119.6,9119.6,9119.6
Nigeria,Nigeria,Energy: GWh,Reservoir,2034,10061.3,10061.3,10061.3
Nigeria,Nigeria,Energy: GWh,Reservoir,2035,11003.0,11003.0,11003.0
Nigeria,Nigeria,Energy: GWh,Reservoir,2040,14958.1,14958.1,14958.1
Nigeria,Nigeria,Energy: GWh,Reservoir,2045,14958.1,14958.1,14958.1
Nigeria,Nigeria,Energy: GWh,Reservoir,2050,14958.1,14958.1,14958.1
Nigeria,Nigeria,Export revenues with internal zones: $/MWh,,,-3.9,-3.9,-3.9
Nigeria,Nigeria,Exports exchange: GWh,,2027,231.1,231.1,231.1
Nigeria,Nigeria,Exports exchange: GWh,,2028,383.3,383.3,383.3
Nigeria,Nigeria,Exports exchange: GWh,,2029,713.2,713.2,713.2
Nigeria,Nigeria,Exports exchange: GWh,,2030,270.3,270.3,270.3
Nigeria,Nigeria,Exports exchange: GWh,,2031,9.5,9.5,9.5
Nigeria,Nigeria,Exports exchange: GWh,,2032,19.8,19.8,19.8
Nigeria,Nigeria,Exports exchange: GWh,,2033,625.8,625.8,625.8
Nigeria,Nigeria,Exports exchange: GWh,,2034,528.7,528.7,528.7
Nigeria,Nigeria,Exports exchange: GWh,,2035,449.3,449.3,449.3
Nigeria,Nigeria,Exports exchange: GWh,,2040,556.3,556.3,556.3
Nigeria,Nigeria,Exports exchange: GWh,,2045,536.1,536.1,536.1
Nigeria,Nigeria,Exports exchange: GWh,,2050,153.1,153.1,153.1
Nigeria,Nigeria,Fixed O&M: $/MWh,,,9.9,9.9,9.9
Nigeria,Nigeria,Fixed O&M: $m,,2026,159.0,159.0,159.0
Nigeria,Nigeria,Fixed O&M: $m,,2027,191.4,191.4,191.4
Nigeria,Nigeria,Fixed O&M: $m,,2028,215.6,215.6,215.6
Nigeria,Nigeria,Fixed O&M: $m,,2029,252.1,252.1,252.1
Nigeria,Nigeria,Fixed O&M: $m,,2030,300.0,300.0,300.0
Nigeria,Nigeria,Fixed O&M: $m,,2031,357.3,357.3,357.3
Nigeria,Nigeria,Fixed O&M: $m,,2032,405.3,405.3,405.3
Nigeria,Nigeria,Fixed O&M: $m,,2033,458.2,458.2,458.2
Nigeria,Nigeria,Fixed O&M: $m,,2034,497.4,497.4,497.4
Nigeria,Nigeria,Fixed O&M: $m,,2035,536.9,536.9,536.9
Nigeria,Nigeria,Fixed O&M: $m,,2040,900.3,900.3,900.3
Nigeria,Nigeria,Fixed O&M: $m,,2045,1249.4,1249.4,1249.4
Nigeria,Nigeria,Fixed O&M: $m,,2050,1598.4,1598.4,1598.4
Nigeria,Nigeria,Fuel costs: $/MWh,,,23.1,23.1,23.1
Nigeria,Nigeria,Fuel costs: $m,,2026,1271.9,1271.9,1271.9
Nigeria,Nigeria,Fuel costs: $m,,2027,1591.3,1591.3,1591.3
Nigeria,Nigeria,Fuel costs: $m,,2028,1800.1,1800.1,1800.1
Nigeria,Nigeria,Fuel costs: $m,,2029,2159.3,2159.3,2159.3
Nigeria,Nigeria,Fuel costs: $m,,2030,1990.5,1990.5,1990.5
Nigeria,Nigeria,Fuel costs: $m,,2031,1787.4,1787.4,1787.4
Nigeria,Nigeria,Fuel costs: $m,,2032,1657.4,1657.4,1657.4
Nigeria,Nigeria,Fuel costs: $m,,2033,1675.5,1675.5,1675.5
Nigeria,Nigeria,Fuel costs: $m,,2034,1677.4,1677.4,1677.4
Nigeria,Nigeria,Fuel costs: $m,,2035,1685.9,1685.9,1685.9
Nigeria,Nigeria,Fuel costs: $m,,2040,1441.6,1441.6,1441.6
Nigeria,Nigeria,Fuel costs: $m,,2045,1401.8,1401.8,1401.8
Nigeria,Nigeria,Fuel costs: $m,,2050,1428.9,1428.9,1428.9
Nigeria,Nigeria,Generation: GWh,,2026,26271.6,26271.6,26271.6
Nigeria,Nigeria,Generation: GWh,,2027,34050.1,34050.1,34050.1
Nigeria,Nigeria,Generation: GWh,,2028,38848.8,38848.8,38848.8
Nigeria,Nigeria,Generation: GWh,,2029,45427.1,45427.1,45427.1
Nigeria,Nigeria,Generation: GWh,,2030,48111.7,48111.7,48111.7
Nigeria,Nigeria,Generation: GWh,,2031,49794.9,49794.9,49794.9
Nigeria,Nigeria,Generation: GWh,,2032,52470.2,52470.2,52470.2
Nigeria,Nigeria,Generation: GWh,,2033,56617.7,56617.7,56617.7
Nigeria,Nigeria,Generation: GWh,,2034,59411.5,59411.5,59411.5
Nigeria,Nigeria,Generation: GWh,,2035,62363.2,62363.2,62363.2
Nigeria,Nigeria,Generation: GWh,,2040,81129.8,81129.8,81129.8
Nigeria,Nigeria,Generation: GWh,,2045,106658.7,106658.7,106658.7
Nigeria,Nigeria,Generation: GWh,,2050,134449.7,134449.7,134449.7
Nigeria,Nigeria,Import costs with internal zones: $/MWh,,,46.3,46.3,46.3
Nigeria,Nigeria,Import costs with internal zones: $m,,2026,7869.2,7869.2,7869.2
Nigeria,Nigeria,Import costs with internal zones: $m,,2027,7234.0,7234.0,7234.0
Nigeria,Nigeria,Import costs with internal zones: $m,,2028,7078.4,7078.4,7078.4
Nigeria,Nigeria,Import costs with internal zones: $m,,2029,5984.7,5984.7,5984.7
Nigeria,Nigeria,Import costs with internal zones: $m,,2030,2358.1,2358.1,2358.1
Nigeria,Nigeria,Import costs with internal zones: $m,,2031,2546.1,2546.1,2546.1
Nigeria,Nigeria,Import costs with internal zones: $m,,2032,2402.1,2402.1,2402.1
Nigeria,Nigeria,Import costs with internal zones: $m,,2033,1580.3,1580.3,1580.3
Nigeria,Nigeria,Import costs with internal zones: $m,,2034,1624.2,1624.2,1624.2
Nigeria,Nigeria,Import costs with internal zones: $m,,2035,1663.2,1663.2,1663.2
Nigeria,Nigeria,Import costs with internal zones: $m,,2040,1597.3,1597.3,1597.3
Nigeria,Nigeria,Import costs with internal zones: $m,,2045,1602.3,1602.3,1602.3
Nigeria,Nigeria,Import costs with internal zones: $m,,2050,1487.5,1487.5,1487.5
Nigeria,Nigeria,Imports exchange: GWh,,2026,3934.6,3934.6,3934.6
Nigeria,Nigeria,Imports exchange: GWh,,2027,3617.0,3617.0,3617.0
Nigeria,Nigeria,Imports exchange: GWh,,2028,3539.2,3539.2,3539.2
Nigeria,Nigeria,Imports exchange: GWh,,2029,2992.3,2992.3,2992.3
Nigeria,Nigeria,Imports exchange: GWh,,2030,3630.4,3630.4,3630.4
Nigeria,Nigeria,Imports exchange: GWh,,2031,4257.1,4257.1,4257.1
Nigeria,Nigeria,Imports exchange: GWh,,2032,4291.2,4291.2,4291.2
Nigeria,Nigeria,Imports exchange: GWh,,2033,3584.0,3584.0,3584.0
Nigeria,Nigeria,Imports exchange: GWh,,2034,3675.0,3675.0,3675.0
Nigeria,Nigeria,Imports exchange: GWh,,2035,3774.4,3774.4,3774.4
Nigeria,Nigeria,Imports exchange: GWh,,2040,3758.7,3758.7,3758.7
Nigeria,Nigeria,Imports exchange: GWh,,2045,3846.9,3846.9,3846.9
Nigeria,Nigeria,Imports exchange: GWh,,2050,3597.7,3597.7,3597.7
Nigeria,Nigeria,Investment costs: $/MWh,,,35.4,35.4,35.4
Nigeria,Nigeria,Investment costs: $m,,2026,123.8,123.8,123.8
Nigeria,Nigeria,Investment costs: $m,,2027,226.3,226.3,226.3
Nigeria,Nigeria,Investment costs: $m,,2028,351.7,351.7,351.7
Nigeria,Nigeria,Investment costs: $m,,2029,509.6,509.6,509.6
Nigeria,Nigeria,Investment costs: $m,,2030,808.9,808.9,808.9
Nigeria,Nigeria,Investment costs: $m,,2031,1105.0,1105.0,1105.0
Nigeria,Nigeria,Investment costs: $m,,2032,1396.9,1396.9,1396.9
Nigeria,Nigeria,Investment costs: $m,,2033,1651.8,1651.8,1651.8
Nigeria,Nigeria,Investment costs: $m,,2034,1853.6,1853.6,1853.6
Nigeria,Nigeria,Investment costs: $m,,2035,2053.5,2053.5,2053.5
Nigeria,Nigeria,Investment costs: $m,,2040,3570.0,3570.0,3570.0
Nigeria,Nigeria,Investment costs: $m,,2045,4845.1,4845.1,4845.1
Nigeria,Nigeria,Investment costs: $m,,2050,5938.4,5938.4,5938.4
Nigeria,Nigeria,Net interchange Ratio: GWh,,2026,0.1,0.1,0.1
Nigeria,Nigeria,Net interchange Ratio: GWh,,2027,0.1,0.1,0.1
Nigeria,Nigeria,Net interchange Ratio: GWh,,2028,0.1,0.1,0.1
Nigeria,Nigeria,Net interchange Ratio: GWh,,2029,0.0,0.0,0.0
Nigeria,Nigeria,Net interchange Ratio: GWh,,2030,0.1,0.1,0.1
Nigeria,Nigeria,Net interchange Ratio: GWh,,2031,0.1,0.1,0.1
Nigeria,Nigeria,Net interchange Ratio: GWh,,2032,0.1,0.1,0.1
Nigeria,Nigeria,Net interchange Ratio: GWh,,2033,0.0,0.0,0.0
Nigeria,Nigeria,Net interchange Ratio: GWh,,2034,0.1,0.1,0.1
Nigeria,Nigeria,Net interchange Ratio: GWh,,2035,0.1,0.1,0.1
Nigeria,Nigeria,Net interchange Ratio: GWh,,2040,0.0,0.0,0.0
Nigeria,Nigeria,Net interchange Ratio: GWh,,2045,0.0,0.0,0.0
Nigeria,Nigeria,Net interchange Ratio: GWh,,2050,0.0,0.0,0.0
Nigeria,Nigeria,Net interchange: GWh,,2026,3934.6,3934.6,3934.6
Nigeria,Nigeria,Net interchange: GWh,,2027,3385.8,3385.8,3385.8
Nigeria,Nigeria,Net interchange: GWh,,2028,3155.9,3155.9,3155.9
Nigeria,Nigeria,Net interchange: GWh,,2029,2279.1,2279.1,2279.1
Nigeria,Nigeria,Net interchange: GWh,,2030,3360.1,3360.1,3360.1
Nigeria,Nigeria,Net interchange: GWh,,2031,4247.6,4247.6,4247.6
Nigeria,Nigeria,Net interchange: GWh,,2032,4271.4,4271.4,4271.4
Nigeria,Nigeria,Net interchange: GWh,,2033,2958.2,2958.2,2958.2
Nigeria,Nigeria,Net interchange: GWh,,2034,3146.3,3146.3,3146.3
Nigeria,Nigeria,Net interchange: GWh,,2035,3325.1,3325.1,3325.1
Nigeria,Nigeria,Net interchange: GWh,,2040,3202.4,3202.4,3202.4
Nigeria,Nigeria,Net interchange: GWh,,2045,3310.8,3310.8,3310.8
Nigeria,Nigeria,Net interchange: GWh,,2050,3444.6,3444.6,3444.6
Nigeria,Nigeria,New Capacity: MW,Battery,2040,3626.7,3626.7,3626.7
Nigeria,Nigeria,New Capacity: MW,Battery,2045,6150.1,6150.1,6150.1
Nigeria,Nigeria,New Capacity: MW,Battery,2050,6205.5,6205.5,6205.5
Nigeria,Nigeria,New Capacity: MW,Gas,2027,1031.0,1031.0,1031.0
Nigeria,Nigeria,New Capacity: MW,Gas,2028,518.0,518.0,518.0
Nigeria,Nigeria,New Capacity: MW,Gas,2029,757.0,757.0,757.0
Nigeria,Nigeria,New Capacity: MW,Gas,2030,1000.0,1000.0,1000.0
Nigeria,Nigeria,New Capacity: MW,Gas,2031,1000.0,1000.0,1000.0
Nigeria,Nigeria,New Capacity: MW,Gas,2032,1000.0,1000.0,1000.0
Nigeria,Nigeria,New Capacity: MW,Gas,2033,610.8,610.8,610.8
Nigeria,Nigeria,New Capacity: MW,Gas,2034,37.3,37.3,37.3
Nigeria,Nigeria,New Capacity: MW,Gas,2035,51.1,51.1,51.1
Nigeria,Nigeria,New Capacity: MW,Gas,2040,184.9,184.9,184.9
Nigeria,Nigeria,New Capacity: MW,Gas,2045,292.4,292.4,292.4
Nigeria,Nigeria,New Capacity: MW,Gas,2050,593.6,593.6,593.6
Nigeria,Nigeria,New Capacity: MW,PV,2030,1500.0,1500.0,1500.0
Nigeria,Nigeria,New Capacity: MW,PV,2031,1500.0,1500.0,1500.0
Nigeria,Nigeria,New Capacity: MW,PV,2032,1500.0,1500.0,1500.0
Nigeria,Nigeria,New Capacity: MW,PV,2033,1500.0,1500.0,1500.0
Nigeria,Nigeria,New Capacity: MW,PV,2034,1500.0,1500.0,1500.0
Nigeria,Nigeria,New Capacity: MW,PV,2035,1500.0,1500.0,1500.0
Nigeria,Nigeria,New Capacity: MW,PV,2040,15000.0,15000.0,15000.0
Nigeria,Nigeria,New Capacity: MW,PV,2045,15000.0,15000.0,15000.0
Nigeria,Nigeria,New Capacity: MW,PV,2050,15000.0,15000.0,15000.0
Nigeria,Nigeria,New Capacity: MW,Reservoir,2026,372.0,372.0,372.0
Nigeria,Nigeria,New Capacity: MW,Reservoir,2027,30.0,30.0,30.0
Nigeria,Nigeria,New Capacity: MW,Reservoir,2028,250.0,250.0,250.0
Nigeria,Nigeria,New Capacity: MW,Reservoir,2029,250.0,250.0,250.0
Nigeria,Nigeria,New Capacity: MW,Reservoir,2030,250.0,250.0,250.0
Nigeria,Nigeria,New Capacity: MW,Reservoir,2031,250.0,250.0,250.0
Nigeria,Nigeria,New Capacity: MW,Reservoir,2032,250.0,250.0,250.0
Nigeria,Nigeria,New Capacity: MW,Reservoir,2033,250.0,250.0,250.0
Nigeria,Nigeria,New Capacity: MW,Reservoir,2034,250.0,250.0,250.0
Nigeria,Nigeria,New Capacity: MW,Reservoir,2035,250.0,250.0,250.0
Nigeria,Nigeria,New Capacity: MW,Reservoir,2040,1050.0,1050.0,1050.0
Nigeria,Nigeria,Price: $/MWh,,2026,2000.0,2000.0,2000.0
Nigeria,Nigeria,Price: $/MWh,,2027,2000.0,2000.0,2000.0
Nigeria,Nigeria,Price: $/MWh,,2028,2000.0,2000.0,2000.0
Nigeria,Nigeria,Price: $/MWh,,2029,2000.0,2000.0,2000.0
Nigeria,Nigeria,Price: $/MWh,,2030,649.6,649.6,649.6
Nigeria,Nigeria,Price: $/MWh,,2031,598.0,598.0,598.0
Nigeria,Nigeria,Price: $/MWh,,2032,558.1,558.1,558.1
Nigeria,Nigeria,Price: $/MWh,,2033,438.4,438.4,438.4
Nigeria,Nigeria,Price: $/MWh,,2034,439.7,439.7,439.7
Nigeria,Nigeria,Price: $/MWh,,2035,438.8,438.8,438.8
Nigeria,Nigeria,Price: $/MWh,,2040,413.7,413.7,413.7
Nigeria,Nigeria,Price: $/MWh,,2045,402.8,402.8,402.8
Nigeria,Nigeria,Price: $/MWh,,2050,399.2,399.2,399.2
Nigeria,Nigeria,Spinning Reserve: GWh,,2026,5572.6,5572.6,5572.6
Nigeria,Nigeria,Spinning Reserve: GWh,,2027,6720.6,6720.6,6720.6
Nigeria,Nigeria,Spinning Reserve: GWh,,2028,7045.7,7045.7,7045.7
Nigeria,Nigeria,Spinning Reserve: GWh,,2029,4726.5,4726.5,4726.5
Nigeria,Nigeria,Spinning Reserve: GWh,,2030,5294.6,5294.6,5294.6
Nigeria,Nigeria,Spinning Reserve: GWh,,2031,5806.4,5806.4,5806.4
Nigeria,Nigeria,Spinning Reserve: GWh,,2032,6356.6,6356.6,6356.6
Nigeria,Nigeria,Spinning Reserve: GWh,,2033,6926.4,6926.4,6926.4
Nigeria,Nigeria,Spinning Reserve: GWh,,2034,7459.5,7459.5,7459.5
Nigeria,Nigeria,Spinning Reserve: GWh,,2035,7953.6,7953.6,7953.6
Nigeria,Nigeria,Spinning Reserve: GWh,,2040,12066.9,12066.9,12066.9
Nigeria,Nigeria,Spinning Reserve: GWh,,2045,16815.1,16815.1,16815.1
Nigeria,Nigeria,Spinning Reserve: GWh,,2050,22087.6,22087.6,22087.6
Nigeria,Nigeria,Surplus generation: GWh,,2040,21.8,21.8,21.8
Nigeria,Nigeria,Surplus generation: GWh,,2045,206.5,206.5,206.5
Nigeria,Nigeria,Surplus generation: GWh,,2050,348.0,348.0,348.0
Nigeria,Nigeria,Total Demand: GWh,,2026,39461.3,39461.3,39461.3
Nigeria,Nigeria,Total Demand: GWh,,2027,42567.6,42567.6,42567.6
Nigeria,Nigeria,Total Demand: GWh,,2028,45918.3,45918.3,45918.3
Nigeria,Nigeria,Total Demand: GWh,,2029,48615.8,48615.8,48615.8
Nigeria,Nigeria,Total Demand: GWh,,2030,51471.7,51471.7,51471.7
Nigeria,Nigeria,Total Demand: GWh,,2031,54042.6,54042.6,54042.6
Nigeria,Nigeria,Total Demand: GWh,,2032,56741.6,56741.6,56741.6
Nigeria,Nigeria,Total Demand: GWh,,2033,59575.9,59575.9,59575.9
Nigeria,Nigeria,Total Demand: GWh,,2034,62557.8,62557.8,62557.8
Nigeria,Nigeria,Total Demand: GWh,,2035,65688.3,65688.3,65688.3
Nigeria,Nigeria,Total Demand: GWh,,2040,80926.9,80926.9,80926.9
Nigeria,Nigeria,Total Demand: GWh,,2045,96205.8,96205.8,96205.8
Nigeria,Nigeria,Total Demand: GWh,,2050,112385.7,112385.7,112385.7
Nigeria,Nigeria,Trade shared benefits: $/MWh,,,-6.5,-6.5,-6.5
Nigeria,Nigeria,Transmission Capacity: MW,Benin,2026,340.0,340.0,340.0
Nigeria,Nigeria,Transmission Capacity: MW,Benin,2027,340.0,340.0,340.0
Nigeria,Nigeria,Transmission Capacity: MW,Benin,2028,340.0,340.0,340.0
Nigeria,Nigeria,Transmission Capacity: MW,Benin,2029,340.0,340.0,340.0
Nigeria,Nigeria,Transmission Capacity: MW,Benin,2030,340.0,340.0,340.0
Nigeria,Nigeria,Transmission Capacity: MW,Benin,2031,340.0,340.0,340.0
Nigeria,Nigeria,Transmission Capacity: MW,Benin,2032,340.0,340.0,340.0
Nigeria,Nigeria,Transmission Capacity: MW,Benin,2033,340.0,340.0,340.0
Nigeria,Nigeria,Transmission Capacity: MW,Benin,2034,340.0,340.0,340.0
Nigeria,Nigeria,Transmission Capacity: MW,Benin,2035,340.0,340.0,340.0
Nigeria,Nigeria,Transmission Capacity: MW,Benin,2040,340.0,340.0,340.0
Nigeria,Nigeria,Transmission Capacity: MW,Benin,2045,340.0,340.0,340.0
Nigeria,Nigeria,Transmission Capacity: MW,Benin,2050,340.0,340.0,340.0
Nigeria,Nigeria,Transmission Capacity: MW,Niger,2026,170.0,170.0,170.0
Nigeria,Nigeria,Transmission Capacity: MW,Niger,2027,170.0,170.0,170.0
Nigeria,Nigeria,Transmission Capacity: MW,Niger,2028,170.0,170.0,170.0
Nigeria,Nigeria,Transmission Capacity: MW,Niger,2029,170.0,170.0,170.0
Nigeria,Nigeria,Transmission Capacity: MW,Niger,2030,170.0,170.0,170.0
Nigeria,Nigeria,Transmission Capacity: MW,Niger,2031,170.0,170.0,170.0
Nigeria,Nigeria,Transmission Capacity: MW,Niger,2032,170.0,170.0,170.0
Nigeria,Nigeria,Transmission Capacity: MW,Niger,2033,170.0,170.0,170.0
Nigeria,Nigeria,Transmission Capacity: MW,Niger,2034,170.0,170.0,170.0
Nigeria,Nigeria,Transmission Capacity: MW,Niger,2035,170.0,170.0,170.0
Nigeria,Nigeria,Transmission Capacity: MW,Niger,2040,170.0,170.0,170.0
Nigeria,Nigeria,Transmission Capacity: MW,Niger,2045,170.0,170.0,170.0
Nigeria,Nigeria,Transmission Capacity: MW,Niger,2050,170.0,170.0,170.0
Nigeria,Nigeria,Unmet country CO2 backstop cost: $/MWh,,,210.1,210.1,210.1
Nigeria,Nigeria,Unmet country CO2 backstop cost: $m,,2026,11584.5,11584.5,11584.5
Nigeria,Nigeria,Unmet country CO2 backstop cost: $m,,2027,14493.1,14493.1,14493.1
Nigeria,Nigeria,Unmet country CO2 backstop cost: $m,,2028,16394.5,16394.5,16394.5
Nigeria,Nigeria,Unmet country CO2 backstop cost: $m,,2029,19666.7,19666.7,19666.7
Nigeria,Nigeria,Unmet country CO2 backstop cost: $m,,2030,18128.8,18128.8,18128.8
Nigeria,Nigeria,Unmet country CO2 backstop cost: $m,,2031,16279.2,16279.2,16279.2
Nigeria,Nigeria,Unmet country CO2 backstop cost: $m,,2032,15094.7,15094.7,15094.7
Nigeria,Nigeria,Unmet country CO2 backstop cost: $m,,2033,15259.6,15259.6,15259.6
Nigeria,Nigeria,Unmet country CO2 backstop cost: $m,,2034,15277.2,15277.2,15277.2
Nigeria,Nigeria,Unmet country CO2 backstop cost: $m,,2035,15354.6,15354.6,15354.6
Nigeria,Nigeria,Unmet country CO2 backstop cost: $m,,2040,13129.6,13129.6,13129.6
Nigeria,Nigeria,Unmet country CO2 backstop cost: $m,,2045,12767.5,12767.5,12767.5
Nigeria,Nigeria,Unmet country CO2 backstop cost: $m,,2050,13013.9,13013.9,13013.9
Nigeria,Nigeria,Unmet country planning reserve costs: $/MWh,,,0.1,0.1,0.1
Nigeria,Nigeria,Unmet country planning reserve costs: $m,,2026,75.1,75.1,75.1
Nigeria,Nigeria,Unmet country planning reserve costs: $m,,2027,35.7,35.7,35.7
Nigeria,Nigeria,Unmet country planning reserve costs: $m,,2028,19.4,19.4,19.4
Nigeria,Nigeria,Unmet country spinning reserve costs: $/MWh,,,0.1,0.1,0.1
Nigeria,Nigeria,Unmet country spinning reserve costs: $m,,2033,0.0,0.0,0.0
Nigeria,Nigeria,Unmet country spinning reserve costs: $m,,2034,1.7,1.7,1.7
Nigeria,Nigeria,Unmet country spinning reserve costs: $m,,2035,8.3,8.3,8.3
Nigeria,Nigeria,Unmet country spinning reserve costs: $m,,2040,10.4,10.4,10.4
Nigeria,Nigeria,Unmet country spinning reserve costs: $m,,2045,22.9,22.9,22.9
Nigeria,Nigeria,Unmet country spinning reserve costs: $m,,2050,39.8,39.8,39.8
Nigeria,Nigeria,Unmet demand costs: $/MWh,,,38.7,38.7,38.7
Nigeria,Nigeria,Unmet demand costs: $m,,2026,18510.2,18510.2,18510.2
Nigeria,Nigeria,Unmet demand costs: $m,,2027,10263.3,10263.3,10263.3
Nigeria,Nigeria,Unmet demand costs: $m,,2028,7827.3,7827.3,7827.3
Nigeria,Nigeria,Unmet demand costs: $m,,2029,1819.1,1819.1,1819.1
Nigeria,Nigeria,Unmet demand: GWh,,2026,9255.1,9255.1,9255.1
Nigeria,Nigeria,Unmet demand: GWh,,2027,5131.6,5131.6,5131.6
Nigeria,Nigeria,Unmet demand: GWh,,2028,3913.6,3913.6,3913.6
Nigeria,Nigeria,Unmet demand: GWh,,2029,909.6,909.6,909.6
Nigeria,Nigeria,Variable O&M: $/MWh,,,1.3,1.3,1.3
Nigeria,Nigeria,Variable O&M: $m,,2026,88.5,88.5,88.5
Nigeria,Nigeria,Variable O&M: $m,,2027,103.9,103.9,103.9
Nigeria,Nigeria,Variable O&M: $m,,2028,117.8,117.8,117.8
Nigeria,Nigeria,Variable O&M: $m,,2029,148.1,148.1,148.1
Nigeria,Nigeria,Variable O&M: $m,,2030,123.7,123.7,123.7
Nigeria,Nigeria,Variable O&M: $m,,2031,101.3,101.3,101.3
Nigeria,Nigeria,Variable O&M: $m,,2032,86.6,86.6,86.6
Nigeria,Nigeria,Variable O&M: $m,,2033,85.1,85.1,85.1
Nigeria,Nigeria,Variable O&M: $m,,2034,85.7,85.7,85.7
Nigeria,Nigeria,Variable O&M: $m,,2035,86.6,86.6,86.6
Nigeria,Nigeria,Variable O&M: $m,,2040,76.8,76.8,76.8
Nigeria,Nigeria,Variable O&M: $m,,2045,74.9,74.9,74.9
Nigeria,Nigeria,Variable O&M: $m,,2050,76.2,76.2,76.2
Senegal,Senegal,Annual Energy Exchanges: GWh,Gambia,2026,204.4,204.4,204.4
Senegal,Senegal,Annual Energy Exchanges: GWh,Gambia,2027,341.2,341.2,341.2
Senegal,Senegal,Annual Energy Exchanges: GWh,Gambia,2028,508.3,508.3,508.3
Senegal,Senegal,Annual Energy Exchanges: GWh,Gambia,2029,525.5,525.5,525.5
Senegal,Senegal,Annual Energy Exchanges: GWh,Gambia,2030,219.8,219.8,219.8
Senegal,Senegal,Annual Energy Exchanges: GWh,Gambia,2031,86.9,86.9,86.9
Senegal,Senegal,Annual Energy Exchanges: GWh,Gambia,2032,44.4,44.4,44.4
Senegal,Senegal,Annual Energy Exchanges: GWh,Gambia,2033,47.7,47.7,47.7
Senegal,Senegal,Annual Energy Exchanges: GWh,Gambia,2034,56.8,56.8,56.8
Senegal,Senegal,Annual Energy Exchanges: GWh,Gambia,2035,79.8,79.8,79.8
Senegal,Senegal,Annual Energy Exchanges: GWh,Gambia,2040,166.0,166.0,166.0
Senegal,Senegal,Annual Energy Exchanges: GWh,Gambia,2045,397.9,397.9,397.9
Senegal,Senegal,Annual Energy Exchanges: GWh,Gambia,2050,312.2,312.2,312.2
Senegal,Senegal,Annual Energy Exchanges: GWh,Guinea,2026,168.1,168.1,168.1
Senegal,Senegal,Annual Energy Exchanges: GWh,Guinea,2027,235.5,235.5,235.5
Senegal,Senegal,Annual Energy Exchanges: GWh,Guinea,2028,307.3,307.3,307.3
Senegal,Senegal,Annual Energy Exchanges: GWh,Guinea,2029,261.3,261.3,261.3
Senegal,Senegal,Annual Energy Exchanges: GWh,Guinea,2030,17.2,17.2,17.2
Senegal,Senegal,Annual Energy Exchanges: GWh,Guinea,2031,34.4,34.4,34.4
Senegal,Senegal,Annual Energy Exchanges: GWh,Guinea,2032,48.7,48.7,48.7
Senegal,Senegal,Annual Energy Exchanges: GWh,Guinea,2033,113.5,113.5,113.5
Senegal,Senegal,Annual Energy Exchanges: GWh,Guinea,2034,253.6,253.6,253.6
Senegal,Senegal,Annual Energy Exchanges: GWh,Guinea,2035,272.6,272.6,272.6
Senegal,Senegal,Annual Energy Exchanges: GWh,Guinea,2040,529.6,529.6,529.6
Senegal,Senegal,Annual Energy Exchanges: GWh,Guinea,2045,454.1,454.1,454.1
Senegal,Senegal,Annual Energy Exchanges: GWh,Guinea,2050,339.2,339.2,339.2
Senegal,Senegal,Annual Energy Exchanges: GWh,GuineaBissau,2026,15.4,15.4,15.4
Senegal,Senegal,Annual Energy Exchanges: GWh,GuineaBissau,2027,27.3,27.3,27.3
Senegal,Senegal,Annual Energy Exchanges: GWh,GuineaBissau,2028,53.7,53.7,53.7
Senegal,Senegal,Annual Energy Exchanges: GWh,GuineaBissau,2029,45.4,45.4,45.4
Senegal,Senegal,Annual Energy Exchanges: GWh,GuineaBissau,2030,7.4,7.4,7.4
Senegal,Senegal,Annual Energy Exchanges: GWh,GuineaBissau,2031,2.8,2.8,2.8
Senegal,Senegal,Annual Energy Exchanges: GWh,GuineaBissau,2032,8.4,8.4,8.4
Senegal,Senegal,Annual Energy Exchanges: GWh,GuineaBissau,2033,24.4,24.4,24.4
Senegal,Senegal,Annual Energy Exchanges: GWh,GuineaBissau,2034,39.7,39.7,39.7
Senegal,Senegal,Annual Energy Exchanges: GWh,GuineaBissau,2035,46.6,46.6,46.6
Senegal,Senegal,Annual Energy Exchanges: GWh,GuineaBissau,2040,66.3,66.3,66.3
Senegal,Senegal,Annual Energy Exchanges: GWh,GuineaBissau,2045,57.5,57.5,57.5
Senegal,Senegal,Annual Energy Exchanges: GWh,GuineaBissau,2050,47.4,47.4,47.4
Senegal,Senegal,Annual Energy Exchanges: GWh,Mali,2027,365.4,365.4,365.4
Senegal,Senegal,Annual Energy Exchanges: GWh,Mali,2028,546.6,546.6,546.6
Senegal,Senegal,Annual Energy Exchanges: GWh,Mali,2029,64.9,64.9,64.9
Senegal,Senegal,Annual Energy Exchanges: GWh,Mali,2030,42.0,42.0,42.0
Senegal,Senegal,Annual Energy Exchanges: GWh,Mali,2031,38.3,38.3,38.3
Senegal,Senegal,Annual Energy Exchanges: GWh,Mali,2032,155.6,155.6,155.6
Senegal,Senegal,Annual Energy Exchanges: GWh,Mali,2033,235.5,235.5,235.5
Senegal,Senegal,Annual Energy Exchanges: GWh,Mali,2034,246.2,246.2,246.2
Senegal,Senegal,Annual Energy Exchanges: GWh,Mali,2035,317.2,317.2,317.2
Senegal,Senegal,Annual Energy Exchanges: GWh,Mali,2040,320.2,320.2,320.2
Senegal,Senegal,Annual Energy Exchanges: GWh,Mali,2045,357.6,357.6,357.6
Senegal,Senegal,Annual Energy Exchanges: GWh,Mali,2050,371.3,371.3,371.3
Senegal,Senegal,Capacity: MW,Battery,2026,20.0,20.0,20.0
Senegal,Senegal,Capacity: MW,Battery,2027,239.0,239.0,239.0
Senegal,Senegal,Capacity: MW,Battery,2028,514.0,514.0,514.0
Senegal,Senegal,Capacity: MW,Battery,2029,514.0,514.0,514.0
Senegal,Senegal,Capacity: MW,Battery,2030,603.4,603.4,603.4
Senegal,Senegal,Capacity: MW,Battery,2031,801.8,801.8,801.8
Senegal,Senegal,Capacity: MW,Battery,2032,1283.8,1283.8,1283.8
Senegal,Senegal,Capacity: MW,Battery,2033,1283.8,1283.8,1283.8
Senegal,Senegal,Capacity: MW,Battery,2034,1283.8,1283.8,1283.8
Senegal,Senegal,Capacity: MW,Battery,2035,1283.8,1283.8,1283.8
Senegal,Senegal,Capacity: MW,Battery,2040,2600.1,2600.1,2600.1
Senegal,Senegal,Capacity: MW,Battery,2045,2666.4,2666.4,2666.4
Senegal,Senegal,Capacity: MW,Battery,2050,2916.0,2916.0,2916.0
Senegal,Senegal,Capacity: MW,Coal,2026,125.0,125.0,125.0
Senegal,Senegal,Capacity: MW,Coal,2027,125.0,125.0,125.0
Senegal,Senegal,Capacity: MW,Coal,2028,125.0,125.0,125.0
Senegal,Senegal,Capacity: MW,Coal,2029,125.0,125.0,125.0
Senegal,Senegal,Capacity: MW,Diesel,2026,509.8,509.8,509.8
Senegal,Senegal,Capacity: MW,Diesel,2027,420.6,420.6,420.6
Senegal,Senegal,Capacity: MW,Diesel,2028,164.9,164.9,164.9
Senegal,Senegal,Capacity: MW,Diesel,2029,146.4,146.4,146.4
Senegal,Senegal,Capacity: MW,Diesel,2030,155.4,155.4,155.4
Senegal,Senegal,Capacity: MW,Diesel,2031,29.0,29.0,29.0
Senegal,Senegal,Capacity: MW,Diesel,2032,9.0,9.0,9.0
Senegal,Senegal,Capacity: MW,Diesel,2033,9.0,9.0,9.0
Senegal,Senegal,Capacity: MW,Gas,2026,525.0,525.0,525.0
Senegal,Senegal,Capacity: MW,Gas,2027,1050.0,1050.0,1050.0
Senegal,Senegal,Capacity: MW,Gas,2028,1139.2,1139.2,1139.2
Senegal,Senegal,Capacity: MW,Gas,2029,1049.9,1049.9,1049.9
Senegal,Senegal,Capacity: MW,Gas,2030,1299.9,1299.9,1299.9
Senegal,Senegal,Capacity: MW,Gas,2031,1299.9,1299.9,1299.9
Senegal,Senegal,Capacity: MW,Gas,2032,1559.9,1559.9,1559.9
Senegal,Senegal,Capacity: MW,Gas,2033,1559.9,1559.9,1559.9
Senegal,Senegal,Capacity: MW,Gas,2034,622.9,622.9,622.9
Senegal,Senegal,Capacity: MW,Gas,2035,1523.2,1523.2,1523.2
Senegal,Senegal,Capacity: MW,Gas,2040,1523.2,1523.2,1523.2
Senegal,Senegal,Capacity: MW,Gas,2045,1523.2,1523.2,1523.2
Senegal,Senegal,Capacity: MW,Gas,2050,1523.2,1523.2,1523.2
Senegal,Senegal,Capacity: MW,Onshore Wind,2026,158.7,158.7,158.7
Senegal,Senegal,Capacity: MW,Onshore Wind,2027,158.7,158.7,158.7
Senegal,Senegal,Capacity: MW,Onshore Wind,2028,158.7,158.7,158.7
Senegal,Senegal,Capacity: MW,Onshore Wind,2029,158.7,158.7,158.7
Senegal,Senegal,Capacity: MW,Onshore Wind,2030,458.7,458.7,458.7
Senegal,Senegal,Capacity: MW,Onshore Wind,2031,758.7,758.7,758.7
Senegal,Senegal,Capacity: MW,Onshore Wind,2032,1058.7,1058.7,1058.7
Senegal,Senegal,Capacity: MW,Onshore Wind,2033,1158.7,1158.7,1158.7
Senegal,Senegal,Capacity: MW,Onshore Wind,2034,1158.7,1158.7,1158.7
Senegal,Senegal,Capacity: MW,Onshore Wind,2035,1158.7,1158.7,1158.7
Senegal,Senegal,Capacity: MW,Onshore Wind,2040,1158.7,1158.7,1158.7
Senegal,Senegal,Capacity: MW,Onshore Wind,2045,1158.7,1158.7,1158.7
Senegal,Senegal,Capacity: MW,Onshore Wind,2050,1000.0,1000.0,1000.0
Senegal,Senegal,Capacity: MW,PV,2026,277.0,277.0,277.0
Senegal,Senegal,Capacity: MW,PV,2027,468.0,468.0,468.0
Senegal,Senegal,Capacity: MW,PV,2028,1102.0,1102.0,1102.0
Senegal,Senegal,Capacity: MW,PV,2029,1102.0,1102.0,1102.0
Senegal,Senegal,Capacity: MW,PV,2030,1602.0,1602.0,1602.0
Senegal,Senegal,Capacity: MW,PV,2031,2102.0,2102.0,2102.0
Senegal,Senegal,Capacity: MW,PV,2032,2602.0,2602.0,2602.0
Senegal,Senegal,Capacity: MW,PV,2033,3102.0,3102.0,3102.0
Senegal,Senegal,Capacity: MW,PV,2034,3602.0,3602.0,3602.0
Senegal,Senegal,Capacity: MW,PV,2035,3949.3,3949.3,3949.3
Senegal,Senegal,Capacity: MW,PV,2040,6449.3,6449.3,6449.3
Senegal,Senegal,Capacity: MW,PV,2045,8769.3,8769.3,8769.3
Senegal,Senegal,Capacity: MW,PV,2050,10637.3,10637.3,10637.3
Senegal,Senegal,Capacity: MW,ROR,2026,61.0,61.0,61.0
Senegal,Senegal,Capacity: MW,ROR,2027,61.0,61.0,61.0
Senegal,Senegal,Capacity: MW,ROR,2028,61.0,61.0,61.0
Senegal,Senegal,Capacity: MW,ROR,2029,61.0,61.0,61.0
Senegal,Senegal,Capacity: MW,ROR,2030,61.0,61.0,61.0
Senegal,Senegal,Capacity: MW,ROR,2031,61.0,61.0,61.0
Senegal,Senegal,Capacity: MW,ROR,2032,61.0,61.0,61.0
Senegal,Senegal,Capacity: MW,ROR,2033,61.0,61.0,61.0
Senegal,Senegal,Capacity: MW,ROR,2034,61.0,61.0,61.0
Senegal,Senegal,Capacity: MW,ROR,2035,61.0,61.0,61.0
Senegal,Senegal,Capacity: MW,ROR,2040,61.0,61.0,61.0
Senegal,Senegal,Capacity: MW,ROR,2045,61.0,61.0,61.0
Senegal,Senegal,Capacity: MW,ROR,2050,61.0,61.0,61.0
Senegal,Senegal,Capacity: MW,Reservoir,2026,60.0,60.0,60.0
Senegal,Senegal,Capacity: MW,Reservoir,2027,60.0,60.0,60.0
Senegal,Senegal,Capacity: MW,Reservoir,2028,60.0,60.0,60.0
Senegal,Senegal,Capacity: MW,Reservoir,2029,60.0,60.0,60.0
Senegal,Senegal,Capacity: MW,Reservoir,2030,121.0,121.0,121.0
Senegal,Senegal,Capacity: MW,Reservoir,2031,121.0,121.0,121.0
Senegal,Senegal,Capacity: MW,Reservoir,2032,121.0,121.0,121.0
Senegal,Senegal,Capacity: MW,Reservoir,2033,121.0,121.0,121.0
Senegal,Senegal,Capacity: MW,Reservoir,2034,191.0,191.0,191.0
Senegal,Senegal,Capacity: MW,Reservoir,2035,191.0,191.0,191.0
Senegal,Senegal,Capacity: MW,Reservoir,2040,191.0,191.0,191.0
Senegal,Senegal,Capacity: MW,Reservoir,2045,191.0,191.0,191.0
Senegal,Senegal,Capacity: MW,Reservoir,2050,191.0,191.0,191.0
Senegal,Senegal,Demand: GWh,,2026,10335.6,10335.6,10335.6
Senegal,Senegal,Demand: GWh,,2027,10638.3,10638.3,10638.3
Senegal,Senegal,Demand: GWh,,2028,10928.4,10928.4,10928.4
Senegal,Senegal,Demand: GWh,,2029,11413.1,11413.1,11413.1
Senegal,Senegal,Demand: GWh,,2030,11695.0,11695.0,11695.0
Senegal,Senegal,Demand: GWh,,2031,12011.6,12011.6,12011.6
Senegal,Senegal,Demand: GWh,,2032,12373.8,12373.8,12373.8
Senegal,Senegal,Demand: GWh,,2033,12738.5,12738.5,12738.5
Senegal,Senegal,Demand: GWh,,2034,13120.6,13120.6,13120.6
Senegal,Senegal,Demand: GWh,,2035,13514.3,13514.3,13514.3
Senegal,Senegal,Demand: GWh,,2040,15666.7,15666.7,15666.7
Senegal,Senegal,Demand: GWh,,2045,18162.0,18162.0,18162.0
Senegal,Senegal,Demand: GWh,,2050,21054.8,21054.8,21054.8
Senegal,Senegal,Emissions: MtCO2,,2026,3.7,3.7,3.7
Senegal,Senegal,Emissions: MtCO2,,2027,3.6,3.6,3.6
Senegal,Senegal,Emissions: MtCO2,,2028,3.5,3.5,3.5
Senegal,Senegal,Emissions: MtCO2,,2029,3.3,3.3,3.3
Senegal,Senegal,Emissions: MtCO2,,2030,1.8,1.8,1.8
Senegal,Senegal,Emissions: MtCO2,,2031,0.9,0.9,0.9
Senegal,Senegal,Emissions: MtCO2,,2032,0.4,0.4,0.4
Senegal,Senegal,Emissions: MtCO2,,2033,0.2,0.2,0.2
Senegal,Senegal,Emissions: MtCO2,,2034,0.2,0.2,0.2
Senegal,Senegal,Emissions: MtCO2,,2035,0.2,0.2,0.2
Senegal,Senegal,Emissions: MtCO2,,2040,0.0,0.0,0.0
Senegal,Senegal,Emissions: MtCO2,,2045,0.2,0.2,0.2
Senegal,Senegal,Emissions: MtCO2,,2050,0.8,0.8,0.8
Senegal,Senegal,Energy: GWh,Battery,2026,21.0,21.0,21.0
Senegal,Senegal,Energy: GWh,Battery,2027,130.7,130.7,130.7
Senegal,Senegal,Energy: GWh,Battery,2028,393.4,393.4,393.4
Senegal,Senegal,Energy: GWh,Battery,2029,379.8,379.8,379.8
Senegal,Senegal,Energy: GWh,Battery,2030,447.6,447.6,447.6
Senegal,Senegal,Energy: GWh,Battery,2031,820.2,820.2,820.2
Senegal,Senegal,Energy: GWh,Battery,2032,1537.5,1537.5,1537.5
Senegal,Senegal,Energy: GWh,Battery,2033,1894.1,1894.1,1894.1
Senegal,Senegal,Energy: GWh,Battery,2034,2009.2,2009.2,2009.2
Senegal,Senegal,Energy: GWh,Battery,2035,2042.0,2042.0,2042.0
Senegal,Senegal,Energy: GWh,Battery,2040,4608.9,4608.9,4608.9
Senegal,Senegal,Energy: GWh,Battery,2045,5067.6,5067.6,5067.6
Senegal,Senegal,Energy: GWh,Battery,2050,5110.8,5110.8,5110.8
Senegal,Senegal,Energy: GWh,Coal,2026,199.2,199.2,199.2
Senegal,Senegal,Energy: GWh,Coal,2027,53.0,53.0,53.0
Senegal,Senegal,Energy: GWh,Coal,2028,57.4,57.4,57.4
Senegal,Senegal,Energy: GWh,Coal,2029,155.7,155.7,155.7
Senegal,Senegal,Energy: GWh,Diesel,2026,2151.0,2151.0,2151.0
Senegal,Senegal,Energy: GWh,Diesel,2027,504.6,504.6,504.6
Senegal,Senegal,Energy: GWh,Diesel,2028,179.9,179.9,179.9
Senegal,Senegal,Energy: GWh,Diesel,2029,224.4,224.4,224.4
Senegal,Senegal,Energy: GWh,Diesel,2030,43.9,43.9,43.9
Senegal,Senegal,Energy: GWh,Gas,2026,4360.3,4360.3,4360.3
Senegal,Senegal,Energy: GWh,Gas,2027,7743.5,7743.5,7743.5
Senegal,Senegal,Energy: GWh,Gas,2028,8089.6,8089.6,8089.6
Senegal,Senegal,Energy: GWh,Gas,2029,7128.4,7128.4,7128.4
Senegal,Senegal,Energy: GWh,Gas,2030,4566.6,4566.6,4566.6
Senegal,Senegal,Energy: GWh,Gas,2031,2476.8,2476.8,2476.8
Senegal,Senegal,Energy: GWh,Gas,2032,984.8,984.8,984.8
Senegal,Senegal,Energy: GWh,Gas,2033,649.5,649.5,649.5
Senegal,Senegal,Energy: GWh,Gas,2034,493.2,493.2,493.2
Senegal,Senegal,Energy: GWh,Gas,2035,643.8,643.8,643.8
Senegal,Senegal,Energy: GWh,Gas,2040,120.7,120.7,120.7
Senegal,Senegal,Energy: GWh,Gas,2045,599.0,599.0,599.0
Senegal,Senegal,Energy: GWh,Gas,2050,2197.5,2197.5,2197.5
Senegal,Senegal,Energy: GWh,Onshore Wind,2026,606.1,606.1,606.1
Senegal,Senegal,Energy: GWh,Onshore Wind,2027,606.1,606.1,606.1
Senegal,Senegal,Energy: GWh,Onshore Wind,2028,606.1,606.1,606.1
Senegal,Senegal,Energy: GWh,Onshore Wind,2029,606.1,606.1,606.1
Senegal,Senegal,Energy: GWh,Onshore Wind,2030,1751.8,1751.8,1751.8
Senegal,Senegal,Energy: GWh,Onshore Wind,2031,2897.5,2897.5,2897.5
Senegal,Senegal,Energy: GWh,Onshore Wind,2032,4043.2,4043.2,4043.2
Senegal,Senegal,Energy: GWh,Onshore Wind,2033,4424.1,4424.1,4424.1
Senegal,Senegal,Energy: GWh,Onshore Wind,2034,4401.4,4401.4,4401.4
Senegal,Senegal,Energy: GWh,Onshore Wind,2035,4377.3,4377.3,4377.3
Senegal,Senegal,Energy: GWh,Onshore Wind,2040,4385.1,4385.1,4385.1
Senegal,Senegal,Energy: GWh,Onshore Wind,2045,3983.7,3983.7,3983.7
Senegal,Senegal,Energy: GWh,Onshore Wind,2050,3139.3,3139.3,3139.3
Senegal,Senegal,Energy: GWh,PV,2026,438.6,438.6,438.6
Senegal,Senegal,Energy: GWh,PV,2027,741.0,741.0,741.0
Senegal,Senegal,Energy: GWh,PV,2028,1744.7,1744.7,1744.7
Senegal,Senegal,Energy: GWh,PV,2029,1744.7,1744.7,1744.7
Senegal,Senegal,Energy: GWh,PV,2030,2536.4,2536.4,2536.4
Senegal,Senegal,Energy: GWh,PV,2031,3328.0,3328.0,3328.0
Senegal,Senegal,Energy: GWh,PV,2032,4119.6,4119.6,4119.6
Senegal,Senegal,Energy: GWh,PV,2033,4869.9,4869.9,4869.9
Senegal,Senegal,Energy: GWh,PV,2034,5596.2,5596.2,5596.2
Senegal,Senegal,Energy: GWh,PV,2035,6040.7,6040.7,6040.7
Senegal,Senegal,Energy: GWh,PV,2040,9921.9,9921.9,9921.9
Senegal,Senegal,Energy: GWh,PV,2045,12707.5,12707.5,12707.5
Senegal,Senegal,Energy: GWh,PV,2050,14597.8,14597.8,14597.8
Senegal,Senegal,Energy: GWh,ROR,2026,286.2,286.2,286.2
Senegal,Senegal,Energy: GWh,ROR,2027,286.2,286.2,286.2
Senegal,Senegal,Energy: GWh,ROR,2028,286.2,286.2,286.2
Senegal,Senegal,Energy: GWh,ROR,2029,286.2,286.2,286.2
Senegal,Senegal,Energy: GWh,ROR,2030,286.2,286.2,286.2
Senegal,Senegal,Energy: GWh,ROR,2031,286.2,286.2,286.2
Senegal,Senegal,Energy: GWh,ROR,2032,281.3,281.3,281.3
Senegal,Senegal,Energy: GWh,ROR,2033,257.2,257.2,257.2
Senegal,Senegal,Energy: GWh,ROR,2034,257.6,257.6,257.6
Senegal,Senegal,Energy: GWh,ROR,2035,248.1,248.1,248.1
Senegal,Senegal,Energy: GWh,ROR,2040,211.7,211.7,211.7
Senegal,Senegal,Energy: GWh,ROR,2045,199.7,199.7,199.7
Senegal,Senegal,Energy: GWh,ROR,2050,209.6,209.6,209.6
Senegal,Senegal,Energy: GWh,Reservoir,2026,231.7,231.7,231.7
Senegal,Senegal,Energy: GWh,Reservoir,2027,231.7,231.7,231.7
Senegal,Senegal,Energy: GWh,Reservoir,2028,231.7,231.7,231.7
Senegal,Senegal,Energy: GWh,Reservoir,2029,231.7,231.7,231.7
Senegal,Senegal,Energy: GWh,Reservoir,2030,445.9,445.9,445.9
Senegal,Senegal,Energy: GWh,Reservoir,2031,445.9,445.9,445.9
Senegal,Senegal,Energy: GWh,Reservoir,2032,445.9,445.9,445.9
Senegal,Senegal,Energy: GWh,Reservoir,2033,445.9,445.9,445.9
Senegal,Senegal,Energy: GWh,Reservoir,2034,623.8,623.8,623.8
Senegal,Senegal,Energy: GWh,Reservoir,2035,623.8,623.8,623.8
Senegal,Senegal,Energy: GWh,Reservoir,2040,623.8,623.8,623.8
Senegal,Senegal,Energy: GWh,Reservoir,2045,623.8,623.8,623.8
Senegal,Senegal,Energy: GWh,Reservoir,2050,623.8,623.8,623.8
Senegal,Senegal,Export revenues with internal zones: $/MWh,,,-16.0,-16.0,-16.0
Senegal,Senegal,Exports exchange: GWh,,2026,387.8,387.8,387.8
Senegal,Senegal,Exports exchange: GWh,,2027,969.4,969.4,969.4
Senegal,Senegal,Exports exchange: GWh,,2028,1416.0,1416.0,1416.0
Senegal,Senegal,Exports exchange: GWh,,2029,897.1,897.1,897.1
Senegal,Senegal,Exports exchange: GWh,,2030,286.4,286.4,286.4
Senegal,Senegal,Exports exchange: GWh,,2031,162.4,162.4,162.4
Senegal,Senegal,Exports exchange: GWh,,2032,257.1,257.1,257.1
Senegal,Senegal,Exports exchange: GWh,,2033,421.1,421.1,421.1
Senegal,Senegal,Exports exchange: GWh,,2034,596.3,596.3,596.3
Senegal,Senegal,Exports exchange: GWh,,2035,716.2,716.2,716.2
Senegal,Senegal,Exports exchange: GWh,,2040,1082.0,1082.0,1082.0
Senegal,Senegal,Exports exchange: GWh,,2045,1267.1,1267.1,1267.1
Senegal,Senegal,Exports exchange: GWh,,2050,1070.0,1070.0,1070.0
Senegal,Senegal,Fixed O&M: $/MWh,,,12.8,12.8,12.8
Senegal,Senegal,Fixed O&M: $m,,2026,55.5,55.5,55.5
Senegal,Senegal,Fixed O&M: $m,,2027,74.6,74.6,74.6
Senegal,Senegal,Fixed O&M: $m,,2028,81.9,81.9,81.9
Senegal,Senegal,Fixed O&M: $m,,2029,79.0,79.0,79.0
Senegal,Senegal,Fixed O&M: $m,,2030,104.1,104.1,104.1
Senegal,Senegal,Fixed O&M: $m,,2031,122.8,122.8,122.8
Senegal,Senegal,Fixed O&M: $m,,2032,157.4,157.4,157.4
Senegal,Senegal,Fixed O&M: $m,,2033,169.9,169.9,169.9
Senegal,Senegal,Fixed O&M: $m,,2034,155.4,155.4,155.4
Senegal,Senegal,Fixed O&M: $m,,2035,188.0,188.0,188.0
Senegal,Senegal,Fixed O&M: $m,,2040,248.8,248.8,248.8
Senegal,Senegal,Fixed O&M: $m,,2045,289.1,289.1,289.1
Senegal,Senegal,Fixed O&M: $m,,2050,318.0,318.0,318.0
Senegal,Senegal,Fuel costs: $/MWh,,,17.6,17.6,17.6
Senegal,Senegal,Fuel costs: $m,,2026,898.3,898.3,898.3
Senegal,Senegal,Fuel costs: $m,,2027,874.0,874.0,874.0
Senegal,Senegal,Fuel costs: $m,,2028,694.2,694.2,694.2
Senegal,Senegal,Fuel costs: $m,,2029,539.5,539.5,539.5
Senegal,Senegal,Fuel costs: $m,,2030,291.4,291.4,291.4
Senegal,Senegal,Fuel costs: $m,,2031,144.0,144.0,144.0
Senegal,Senegal,Fuel costs: $m,,2032,46.5,46.5,46.5
Senegal,Senegal,Fuel costs: $m,,2033,29.1,29.1,29.1
Senegal,Senegal,Fuel costs: $m,,2034,22.1,22.1,22.1
Senegal,Senegal,Fuel costs: $m,,2035,28.8,28.8,28.8
Senegal,Senegal,Fuel costs: $m,,2040,5.4,5.4,5.4
Senegal,Senegal,Fuel costs: $m,,2045,26.8,26.8,26.8
Senegal,Senegal,Fuel costs: $m,,2050,98.5,98.5,98.5
Senegal,Senegal,Generation: GWh,,2026,8294.1,8294.1,8294.1
Senegal,Senegal,Generation: GWh,,2027,10296.8,10296.8,10296.8
Senegal,Senegal,Generation: GWh,,2028,11588.9,11588.9,11588.9
Senegal,Senegal,Generation: GWh,,2029,10757.0,10757.0,10757.0
Senegal,Senegal,Generation: GWh,,2030,10078.3,10078.3,10078.3
Senegal,Senegal,Generation: GWh,,2031,10254.6,10254.6,10254.6
Senegal,Senegal,Generation: GWh,,2032,11412.4,11412.4,11412.4
Senegal,Senegal,Generation: GWh,,2033,12540.8,12540.8,12540.8
Senegal,Senegal,Generation: GWh,,2034,13381.3,13381.3,13381.3
Senegal,Senegal,Generation: GWh,,2035,13975.6,13975.6,13975.6
Senegal,Senegal,Generation: GWh,,2040,19872.1,19872.1,19872.1
Senegal,Senegal,Generation: GWh,,2045,23181.2,23181.2,23181.2
Senegal,Senegal,Generation: GWh,,2050,25878.8,25878.8,25878.8
Senegal,Senegal,Import costs with internal zones: $/MWh,,,70.4,70.4,70.4
Senegal,Senegal,Import costs with internal zones: $m,,2026,2519.4,2519.4,2519.4
Senegal,Senegal,Import costs with internal zones: $m,,2027,1286.4,1286.4,1286.4
Senegal,Senegal,Import costs with internal zones: $m,,2028,948.6,948.6,948.6
Senegal,Senegal,Import costs with internal zones: $m,,2029,1598.4,1598.4,1598.4
Senegal,Senegal,Import costs with internal zones: $m,,2030,1146.5,1146.5,1146.5
Senegal,Senegal,Import costs with internal zones: $m,,2031,1224.9,1224.9,1224.9
Senegal,Senegal,Import costs with internal zones: $m,,2032,1130.4,1130.4,1130.4
Senegal,Senegal,Import costs with internal zones: $m,,2033,966.6,966.6,966.6
Senegal,Senegal,Import costs with internal zones: $m,,2034,752.4,752.4,752.4
Senegal,Senegal,Import costs with internal zones: $m,,2035,816.1,816.1,816.1
Senegal,Senegal,Import costs with internal zones: $m,,2040,445.0,445.0,445.0
Senegal,Senegal,Import costs with internal zones: $m,,2045,633.9,633.9,633.9
Senegal,Senegal,Import costs with internal zones: $m,,2050,885.0,885.0,885.0
Senegal,Senegal,Imports exchange: GWh,,2026,2210.7,2210.7,2210.7
Senegal,Senegal,Imports exchange: GWh,,2027,1448.2,1448.2,1448.2
Senegal,Senegal,Imports exchange: GWh,,2028,1158.0,1158.0,1158.0
Senegal,Senegal,Imports exchange: GWh,,2029,1901.9,1901.9,1901.9
Senegal,Senegal,Imports exchange: GWh,,2030,2429.6,2429.6,2429.6
Senegal,Senegal,Imports exchange: GWh,,2031,2884.4,2884.4,2884.4
Senegal,Senegal,Imports exchange: GWh,,2032,3027.4,3027.4,3027.4
Senegal,Senegal,Imports exchange: GWh,,2033,2847.2,2847.2,2847.2
Senegal,Senegal,Imports exchange: GWh,,2034,2715.2,2715.2,2715.2
Senegal,Senegal,Imports exchange: GWh,,2035,2659.9,2659.9,2659.9
Senegal,Senegal,Imports exchange: GWh,,2040,2333.5,2333.5,2333.5
Senegal,Senegal,Imports exchange: GWh,,2045,2260.3,2260.3,2260.3
Senegal,Senegal,Imports exchange: GWh,,2050,2421.7,2421.7,2421.7
Senegal,Senegal,Investment costs: $/MWh,,,43.3,43.3,43.3
Senegal,Senegal,Investment costs: $m,,2026,4.7,4.7,4.7
Senegal,Senegal,Investment costs: $m,,2027,57.9,57.9,57.9
Senegal,Senegal,Investment costs: $m,,2028,141.5,141.5,141.5
Senegal,Senegal,Investment costs: $m,,2029,141.5,141.5,141.5
Senegal,Senegal,Investment costs: $m,,2030,239.8,239.8,239.8
Senegal,Senegal,Investment costs: $m,,2031,334.1,334.1,334.1
Senegal,Senegal,Investment costs: $m,,2032,485.7,485.7,485.7
Senegal,Senegal,Investment costs: $m,,2033,535.5,535.5,535.5
Senegal,Senegal,Investment costs: $m,,2034,597.3,597.3,597.3
Senegal,Senegal,Investment costs: $m,,2035,692.8,692.8,692.8
Senegal,Senegal,Investment costs: $m,,2040,967.5,967.5,967.5
Senegal,Senegal,Investment costs: $m,,2045,1107.1,1107.1,1107.1
Senegal,Senegal,Investment costs: $m,,2050,1202.3,1202.3,1202.3
Senegal,Senegal,Net interchange Ratio: GWh,,2026,0.2,0.2,0.2
Senegal,Senegal,Net interchange Ratio: GWh,,2027,0.0,0.0,0.0
Senegal,Senegal,Net interchange Ratio: GWh,,2029,0.1,0.1,0.1
Senegal,Senegal,Net interchange Ratio: GWh,,2030,0.2,0.2,0.2
Senegal,Senegal,Net interchange Ratio: GWh,,2031,0.2,0.2,0.2
Senegal,Senegal,Net interchange Ratio: GWh,,2032,0.2,0.2,0.2
Senegal,Senegal,Net interchange Ratio: GWh,,2033,0.2,0.2,0.2
Senegal,Senegal,Net interchange Ratio: GWh,,2034,0.2,0.2,0.2
Senegal,Senegal,Net interchange Ratio: GWh,,2035,0.1,0.1,0.1
Senegal,Senegal,Net interchange Ratio: GWh,,2040,0.1,0.1,0.1
Senegal,Senegal,Net interchange Ratio: GWh,,2045,0.1,0.1,0.1
Senegal,Senegal,Net interchange Ratio: GWh,,2050,0.1,0.1,0.1
Senegal,Senegal,Net interchange: GWh,,2026,1822.8,1822.8,1822.8
Senegal,Senegal,Net interchange: GWh,,2027,478.8,478.8,478.8
Senegal,Senegal,Net interchange: GWh,,2029,1004.8,1004.8,1004.8
Senegal,Senegal,Net interchange: GWh,,2030,2143.3,2143.3,2143.3
Senegal,Senegal,Net interchange: GWh,,2031,2722.0,2722.0,2722.0
Senegal,Senegal,Net interchange: GWh,,2032,2770.2,2770.2,2770.2
Senegal,Senegal,Net interchange: GWh,,2033,2426.1,2426.1,2426.1
Senegal,Senegal,Net interchange: GWh,,2034,2118.9,2118.9,2118.9
Senegal,Senegal,Net interchange: GWh,,2035,1943.7,1943.7,1943.7
Senegal,Senegal,Net interchange: GWh,,2040,1251.5,1251.5,1251.5
Senegal,Senegal,Net interchange: GWh,,2045,993.2,993.2,993.2
Senegal,Senegal,Net interchange: GWh,,2050,1351.6,1351.6,1351.6
Senegal,Senegal,New Capacity: MW,Battery,2026,20.0,20.0,20.0
Senegal,Senegal,New Capacity: MW,Battery,2027,219.0,219.0,219.0
Senegal,Senegal,New Capacity: MW,Battery,2028,275.0,275.0,275.0
Senegal,Senegal,New Capacity: MW,Battery,2030,89.4,89.4,89.4
Senegal,Senegal,New Capacity: MW,Battery,2031,198.4,198.4,198.4
Senegal,Senegal,New Capacity: MW,Battery,2032,482.0,482.0,482.0
Senegal,Senegal,New Capacity: MW,Battery,2040,1316.3,1316.3,1316.3
Senegal,Senegal,New Capacity: MW,Battery,2045,66.3,66.3,66.3
Senegal,Senegal,New Capacity: MW,Battery,2050,249.6,249.6,249.6
Senegal,Senegal,New Capacity: MW,Diesel,2030,9.0,9.0,9.0
Senegal,Senegal,New Capacity: MW,Gas,2027,525.0,525.0,525.0
Senegal,Senegal,New Capacity: MW,Gas,2028,89.2,89.2,89.2
Senegal,Senegal,New Capacity: MW,Gas,2029,255.7,255.7,255.7
Senegal,Senegal,New Capacity: MW,Gas,2030,250.0,250.0,250.0
Senegal,Senegal,New Capacity: MW,Gas,2032,260.0,260.0,260.0
Senegal,Senegal,New Capacity: MW,Gas,2035,1038.2,1038.2,1038.2
Senegal,Senegal,New Capacity: MW,Onshore Wind,2030,300.0,300.0,300.0
Senegal,Senegal,New Capacity: MW,Onshore Wind,2031,300.0,300.0,300.0
Senegal,Senegal,New Capacity: MW,Onshore Wind,2032,300.0,300.0,300.0
Senegal,Senegal,New Capacity: MW,Onshore Wind,2033,100.0,100.0,100.0
Senegal,Senegal,New Capacity: MW,PV,2026,25.0,25.0,25.0
Senegal,Senegal,New Capacity: MW,PV,2027,191.0,191.0,191.0
Senegal,Senegal,New Capacity: MW,PV,2028,646.0,646.0,646.0
Senegal,Senegal,New Capacity: MW,PV,2030,500.0,500.0,500.0
Senegal,Senegal,New Capacity: MW,PV,2031,500.0,500.0,500.0
Senegal,Senegal,New Capacity: MW,PV,2032,500.0,500.0,500.0
Senegal,Senegal,New Capacity: MW,PV,2033,500.0,500.0,500.0
Senegal,Senegal,New Capacity: MW,PV,2034,500.0,500.0,500.0
Senegal,Senegal,New Capacity: MW,PV,2035,347.3,347.3,347.3
Senegal,Senegal,New Capacity: MW,PV,2040,2500.0,2500.0,2500.0
Senegal,Senegal,New Capacity: MW,PV,2045,2500.0,2500.0,2500.0
Senegal,Senegal,New Capacity: MW,PV,2050,1928.1,1928.1,1928.1
Senegal,Senegal,New Capacity: MW,Reservoir,2030,61.0,61.0,61.0
Senegal,Senegal,New Capacity: MW,Reservoir,2034,70.0,70.0,70.0
Senegal,Senegal,Price: $/MWh,,2026,1200.7,1200.7,1200.7
Senegal,Senegal,Price: $/MWh,,2027,908.2,908.2,908.2
Senegal,Senegal,Price: $/MWh,,2028,797.3,797.3,797.3
Senegal,Senegal,Price: $/MWh,,2029,880.8,880.8,880.8
Senegal,Senegal,Price: $/MWh,,2030,500.7,500.7,500.7
Senegal,Senegal,Price: $/MWh,,2031,423.3,423.3,423.3
Senegal,Senegal,Price: $/MWh,,2032,366.1,366.1,366.1
Senegal,Senegal,Price: $/MWh,,2033,319.5,319.5,319.5
Senegal,Senegal,Price: $/MWh,,2034,249.9,249.9,249.9
Senegal,Senegal,Price: $/MWh,,2035,260.4,260.4,260.4
Senegal,Senegal,Price: $/MWh,,2040,152.1,152.1,152.1
Senegal,Senegal,Price: $/MWh,,2045,211.2,211.2,211.2
Senegal,Senegal,Price: $/MWh,,2050,263.3,263.3,263.3
Senegal,Senegal,Spinning Reserve: GWh,,2026,1408.4,1408.4,1408.4
Senegal,Senegal,Spinning Reserve: GWh,,2027,1676.3,1676.3,1676.3
Senegal,Senegal,Spinning Reserve: GWh,,2028,1568.0,1568.0,1568.0
Senegal,Senegal,Spinning Reserve: GWh,,2029,1635.5,1635.5,1635.5
Senegal,Senegal,Spinning Reserve: GWh,,2030,1934.8,1934.8,1934.8
Senegal,Senegal,Spinning Reserve: GWh,,2031,2246.2,2246.2,2246.2
Senegal,Senegal,Spinning Reserve: GWh,,2032,2525.9,2525.9,2525.9
Senegal,Senegal,Spinning Reserve: GWh,,2033,2729.5,2729.5,2729.5
Senegal,Senegal,Spinning Reserve: GWh,,2034,2727.0,2727.0,2727.0
Senegal,Senegal,Spinning Reserve: GWh,,2035,2876.0,2876.0,2876.0
Senegal,Senegal,Spinning Reserve: GWh,,2040,3661.9,3661.9,3661.9
Senegal,Senegal,Spinning Reserve: GWh,,2045,4228.5,4228.5,4228.5
Senegal,Senegal,Spinning Reserve: GWh,,2050,4625.6,4625.6,4625.6
Senegal,Senegal,Surplus generation: GWh,,2034,14.8,14.8,14.8
Senegal,Senegal,Surplus generation: GWh,,2050,21.6,21.6,21.6
Senegal,Senegal,Total Demand: GWh,,2026,10335.6,10335.6,10335.6
Senegal,Senegal,Total Demand: GWh,,2027,10638.3,10638.3,10638.3
Senegal,Senegal,Total Demand: GWh,,2028,10928.4,10928.4,10928.4
Senegal,Senegal,Total Demand: GWh,,2029,11413.1,11413.1,11413.1
Senegal,Senegal,Total Demand: GWh,,2030,11695.0,11695.0,11695.0
Senegal,Senegal,Total Demand: GWh,,2031,12011.6,12011.6,12011.6
Senegal,Senegal,Total Demand: GWh,,2032,12373.8,12373.8,12373.8
Senegal,Senegal,Total Demand: GWh,,2033,12738.5,12738.5,12738.5
Senegal,Senegal,Total Demand: GWh,,2034,13120.6,13120.6,13120.6
Senegal,Senegal,Total Demand: GWh,,2035,13514.3,13514.3,13514.3
Senegal,Senegal,Total Demand: GWh,,2040,15666.7,15666.7,15666.7
Senegal,Senegal,Total Demand: GWh,,2045,18162.0,18162.0,18162.0
Senegal,Senegal,Total Demand: GWh,,2050,21054.8,21054.8,21054.8
Senegal,Senegal,Trade shared benefits: $/MWh,,,-15.0,-15.0,-15.0
Senegal,Senegal,Transmission Capacity: MW,Gambia,2026,150.0,150.0,150.0
Senegal,Senegal,Transmission Capacity: MW,Gambia,2027,150.0,150.0,150.0
Senegal,Senegal,Transmission Capacity: MW,Gambia,2028,150.0,150.0,150.0
Senegal,Senegal,Transmission Capacity: MW,Gambia,2029,150.0,150.0,150.0
Senegal,Senegal,Transmission Capacity: MW,Gambia,2030,150.0,150.0,150.0
Senegal,Senegal,Transmission Capacity: MW,Gambia,2031,150.0,150.0,150.0
Senegal,Senegal,Transmission Capacity: MW,Gambia,2032,150.0,150.0,150.0
Senegal,Senegal,Transmission Capacity: MW,Gambia,2033,150.0,150.0,150.0
Senegal,Senegal,Transmission Capacity: MW,Gambia,2034,150.0,150.0,150.0
Senegal,Senegal,Transmission Capacity: MW,Gambia,2035,150.0,150.0,150.0
Senegal,Senegal,Transmission Capacity: MW,Gambia,2040,150.0,150.0,150.0
Senegal,Senegal,Transmission Capacity: MW,Gambia,2045,150.0,150.0,150.0
Senegal,Senegal,Transmission Capacity: MW,Gambia,2050,150.0,150.0,150.0
Senegal,Senegal,Transmission Capacity: MW,Guinea,2026,120.0,120.0,120.0
Senegal,Senegal,Transmission Capacity: MW,Guinea,2027,120.0,120.0,120.0
Senegal,Senegal,Transmission Capacity: MW,Guinea,2028,120.0,120.0,120.0
Senegal,Senegal,Transmission Capacity: MW,Guinea,2029,120.0,120.0,120.0
Senegal,Senegal,Transmission Capacity: MW,Guinea,2030,120.0,120.0,120.0
Senegal,Senegal,Transmission Capacity: MW,Guinea,2031,120.0,120.0,120.0
Senegal,Senegal,Transmission Capacity: MW,Guinea,2032,120.0,120.0,120.0
Senegal,Senegal,Transmission Capacity: MW,Guinea,2033,120.0,120.0,120.0
Senegal,Senegal,Transmission Capacity: MW,Guinea,2034,120.0,120.0,120.0
Senegal,Senegal,Transmission Capacity: MW,Guinea,2035,120.0,120.0,120.0
Senegal,Senegal,Transmission Capacity: MW,Guinea,2040,120.0,120.0,120.0
Senegal,Senegal,Transmission Capacity: MW,Guinea,2045,120.0,120.0,120.0
Senegal,Senegal,Transmission Capacity: MW,Guinea,2050,120.0,120.0,120.0
Senegal,Senegal,Transmission Capacity: MW,GuineaBissau,2026,20.0,20.0,20.0
Senegal,Senegal,Transmission Capacity: MW,GuineaBissau,2027,20.0,20.0,20.0
Senegal,Senegal,Transmission Capacity: MW,GuineaBissau,2028,20.0,20.0,20.0
Senegal,Senegal,Transmission Capacity: MW,GuineaBissau,2029,20.0,20.0,20.0
Senegal,Senegal,Transmission Capacity: MW,GuineaBissau,2030,20.0,20.0,20.0
Senegal,Senegal,Transmission Capacity: MW,GuineaBissau,2031,20.0,20.0,20.0
Senegal,Senegal,Transmission Capacity: MW,GuineaBissau,2032,20.0,20.0,20.0
Senegal,Senegal,Transmission Capacity: MW,GuineaBissau,2033,20.0,20.0,20.0
Senegal,Senegal,Transmission Capacity: MW,GuineaBissau,2034,20.0,20.0,20.0
Senegal,Senegal,Transmission Capacity: MW,GuineaBissau,2035,20.0,20.0,20.0
Senegal,Senegal,Transmission Capacity: MW,GuineaBissau,2040,20.0,20.0,20.0
Senegal,Senegal,Transmission Capacity: MW,GuineaBissau,2045,20.0,20.0,20.0
Senegal,Senegal,Transmission Capacity: MW,GuineaBissau,2050,20.0,20.0,20.0
Senegal,Senegal,Transmission Capacity: MW,Mali,2026,150.0,150.0,150.0
Senegal,Senegal,Transmission Capacity: MW,Mali,2027,150.0,150.0,150.0
Senegal,Senegal,Transmission Capacity: MW,Mali,2028,150.0,150.0,150.0
Senegal,Senegal,Transmission Capacity: MW,Mali,2029,150.0,150.0,150.0
Senegal,Senegal,Transmission Capacity: MW,Mali,2030,150.0,150.0,150.0
Senegal,Senegal,Transmission Capacity: MW,Mali,2031,150.0,150.0,150.0
Senegal,Senegal,Transmission Capacity: MW,Mali,2032,150.0,150.0,150.0
Senegal,Senegal,Transmission Capacity: MW,Mali,2033,150.0,150.0,150.0
Senegal,Senegal,Transmission Capacity: MW,Mali,2034,150.0,150.0,150.0
Senegal,Senegal,Transmission Capacity: MW,Mali,2035,150.0,150.0,150.0
Senegal,Senegal,Transmission Capacity: MW,Mali,2040,150.0,150.0,150.0
Senegal,Senegal,Transmission Capacity: MW,Mali,2045,150.0,150.0,150.0
Senegal,Senegal,Transmission Capacity: MW,Mali,2050,150.0,150.0,150.0
Senegal,Senegal,Unmet country CO2 backstop cost: $/MWh,,,90.2,90.2,90.2
Senegal,Senegal,Unmet country CO2 backstop cost: $m,,2026,3729.6,3729.6,3729.6
Senegal,Senegal,Unmet country CO2 backstop cost: $m,,2027,3609.1,3609.1,3609.1
Senegal,Senegal,Unmet country CO2 backstop cost: $m,,2028,3526.5,3526.5,3526.5
Senegal,Senegal,Unmet country CO2 backstop cost: $m,,2029,3254.5,3254.5,3254.5
Senegal,Senegal,Unmet country CO2 backstop cost: $m,,2030,1798.4,1798.4,1798.4
Senegal,Senegal,Unmet country CO2 backstop cost: $m,,2031,942.9,942.9,942.9
Senegal,Senegal,Unmet country CO2 backstop cost: $m,,2032,373.1,373.1,373.1
Senegal,Senegal,Unmet country CO2 backstop cost: $m,,2033,246.1,246.1,246.1
Senegal,Senegal,Unmet country CO2 backstop cost: $m,,2034,186.9,186.9,186.9
Senegal,Senegal,Unmet country CO2 backstop cost: $m,,2035,243.9,243.9,243.9
Senegal,Senegal,Unmet country CO2 backstop cost: $m,,2040,45.7,45.7,45.7
Senegal,Senegal,Unmet country CO2 backstop cost: $m,,2045,226.9,226.9,226.9
Senegal,Senegal,Unmet country CO2 backstop cost: $m,,2050,832.6,832.6,832.6
Senegal,Senegal,Unmet country planning reserve costs: $/MWh,,,0.4,0.4,0.4
Senegal,Senegal,Unmet country planning reserve costs: $m,,2026,44.1,44.1,44.1
Senegal,Senegal,Unmet country planning reserve costs: $m,,2027,3.1,3.1,3.1
Senegal,Senegal,Unmet country planning reserve costs: $m,,2028,0.2,0.2,0.2
Senegal,Senegal,Unmet country planning reserve costs: $m,,2029,15.4,15.4,15.4
Senegal,Senegal,Unmet country planning reserve costs: $m,,2034,28.4,28.4,28.4
Senegal,Senegal,Unmet country spinning reserve costs: $/MWh,,,0.4,0.4,0.4
Senegal,Senegal,Unmet country spinning reserve costs: $m,,2026,29.0,29.0,29.0
Senegal,Senegal,Unmet country spinning reserve costs: $m,,2027,2.9,2.9,2.9
Senegal,Senegal,Unmet country spinning reserve costs: $m,,2028,4.2,4.2,4.2
Senegal,Senegal,Unmet country spinning reserve costs: $m,,2029,4.7,4.7,4.7
Senegal,Senegal,Unmet country spinning reserve costs: $m,,2030,0.5,0.5,0.5
Senegal,Senegal,Unmet country spinning reserve costs: $m,,2034,6.1,6.1,6.1
Senegal,Senegal,Unmet country spinning reserve costs: $m,,2035,2.5,2.5,2.5
Senegal,Senegal,Unmet country spinning reserve costs: $m,,2040,3.2,3.2,3.2
Senegal,Senegal,Unmet country spinning reserve costs: $m,,2045,5.9,5.9,5.9
Senegal,Senegal,Unmet country spinning reserve costs: $m,,2050,10.3,10.3,10.3
Senegal,Senegal,Unmet demand costs: $/MWh,,,4.0,4.0,4.0
Senegal,Senegal,Unmet demand costs: $m,,2026,486.8,486.8,486.8
Senegal,Senegal,Unmet demand costs: $m,,2027,33.1,33.1,33.1
Senegal,Senegal,Unmet demand costs: $m,,2028,120.4,120.4,120.4
Senegal,Senegal,Unmet demand costs: $m,,2029,196.3,196.3,196.3
Senegal,Senegal,Unmet demand: GWh,,2026,243.4,243.4,243.4
Senegal,Senegal,Unmet demand: GWh,,2027,16.6,16.6,16.6
Senegal,Senegal,Unmet demand: GWh,,2028,60.2,60.2,60.2
Senegal,Senegal,Unmet demand: GWh,,2029,98.2,98.2,98.2
Senegal,Senegal,Variable O&M: $/MWh,,,0.7,0.7,0.7
Senegal,Senegal,Variable O&M: $m,,2026,34.3,34.3,34.3
Senegal,Senegal,Variable O&M: $m,,2027,27.8,27.8,27.8
Senegal,Senegal,Variable O&M: $m,,2028,26.8,26.8,26.8
Senegal,Senegal,Variable O&M: $m,,2029,23.5,23.5,23.5
Senegal,Senegal,Variable O&M: $m,,2030,11.0,11.0,11.0
Senegal,Senegal,Variable O&M: $m,,2031,5.5,5.5,5.5
Senegal,Senegal,Variable O&M: $m,,2032,2.3,2.3,2.3
Senegal,Senegal,Variable O&M: $m,,2033,1.7,1.7,1.7
Senegal,Senegal,Variable O&M: $m,,2034,1.4,1.4,1.4
Senegal,Senegal,Variable O&M: $m,,2035,1.7,1.7,1.7
Senegal,Senegal,Variable O&M: $m,,2040,0.7,0.7,0.7
Senegal,Senegal,Variable O&M: $m,,2045,1.6,1.6,1.6
Senegal,Senegal,Variable O&M: $m,,2050,4.8,4.8,4.8
SierraLeone,SierraLeone,Annual Energy Exchanges: GWh,Guinea,2026,213.8,213.8,213.8
SierraLeone,SierraLeone,Annual Energy Exchanges: GWh,Guinea,2027,150.8,150.8,150.8
SierraLeone,SierraLeone,Annual Energy Exchanges: GWh,Guinea,2028,202.2,202.2,202.2
SierraLeone,SierraLeone,Annual Energy Exchanges: GWh,Guinea,2029,173.2,173.2,173.2
SierraLeone,SierraLeone,Annual Energy Exchanges: GWh,Guinea,2030,95.9,95.9,95.9
SierraLeone,SierraLeone,Annual Energy Exchanges: GWh,Guinea,2031,78.6,78.6,78.6
SierraLeone,SierraLeone,Annual Energy Exchanges: GWh,Guinea,2032,109.2,109.2,109.2
SierraLeone,SierraLeone,Annual Energy Exchanges: GWh,Guinea,2033,90.9,90.9,90.9
SierraLeone,SierraLeone,Annual Energy Exchanges: GWh,Guinea,2034,61.6,61.6,61.6
SierraLeone,SierraLeone,Annual Energy Exchanges: GWh,Guinea,2035,66.1,66.1,66.1
SierraLeone,SierraLeone,Annual Energy Exchanges: GWh,Guinea,2040,117.3,117.3,117.3
SierraLeone,SierraLeone,Annual Energy Exchanges: GWh,Guinea,2045,131.6,131.6,131.6
SierraLeone,SierraLeone,Annual Energy Exchanges: GWh,Guinea,2050,131.9,131.9,131.9
SierraLeone,SierraLeone,Annual Energy Exchanges: GWh,Liberia,2026,129.3,129.3,129.3
SierraLeone,SierraLeone,Annual Energy Exchanges: GWh,Liberia,2027,206.3,206.3,206.3
SierraLeone,SierraLeone,Annual Energy Exchanges: GWh,Liberia,2028,250.2,250.2,250.2
SierraLeone,SierraLeone,Annual Energy Exchanges: GWh,Liberia,2029,311.5,311.5,311.5
SierraLeone,SierraLeone,Annual Energy Exchanges: GWh,Liberia,2030,318.9,318.9,318.9
SierraLeone,SierraLeone,Annual Energy Exchanges: GWh,Liberia,2031,313.2,313.2,313.2
SierraLeone,SierraLeone,Annual Energy Exchanges: GWh,Liberia,2032,175.4,175.4,175.4
SierraLeone,SierraLeone,Annual Energy Exchanges: GWh,Liberia,2033,198.3,198.3,198.3
SierraLeone,SierraLeone,Annual Energy Exchanges: GWh,Liberia,2034,283.5,283.5,283.5
SierraLeone,SierraLeone,Annual Energy Exchanges: GWh,Liberia,2035,289.1,289.1,289.1
SierraLeone,SierraLeone,Annual Energy Exchanges: GWh,Liberia,2040,616.9,616.9,616.9
SierraLeone,SierraLeone,Annual Energy Exchanges: GWh,Liberia,2045,683.3,683.3,683.3
SierraLeone,SierraLeone,Annual Energy Exchanges: GWh,Liberia,2050,683.3,683.3,683.3
SierraLeone,SierraLeone,Capacity: MW,Battery,2028,107.4,107.4,107.4
SierraLeone,SierraLeone,Capacity: MW,Battery,2029,158.6,158.6,158.6
SierraLeone,SierraLeone,Capacity: MW,Battery,2030,158.6,158.6,158.6
SierraLeone,SierraLeone,Capacity: MW,Battery,2031,158.6,158.6,158.6
SierraLeone,SierraLeone,Capacity: MW,Battery,2032,158.6,158.6,158.6
SierraLeone,SierraLeone,Capacity: MW,Battery,2033,181.5,181.5,181.5
SierraLeone,SierraLeone,Capacity: MW,Battery,2034,181.5,181.5,181.5
SierraLeone,SierraLeone,Capacity: MW,Battery,2035,181.5,181.5,181.5
SierraLeone,SierraLeone,Capacity: MW,Battery,2040,612.9,612.9,612.9
SierraLeone,SierraLeone,Capacity: MW,Battery,2045,612.9,612.9,612.9
SierraLeone,SierraLeone,Capacity: MW,Battery,2050,671.1,671.1,671.1
SierraLeone,SierraLeone,Capacity: MW,Biomass,2030,15.1,15.1,15.1
SierraLeone,SierraLeone,Capacity: MW,Biomass,2031,15.1,15.1,15.1
SierraLeone,SierraLeone,Capacity: MW,Biomass,2032,15.1,15.1,15.1
SierraLeone,SierraLeone,Capacity: MW,Biomass,2033,15.1,15.1,15.1
SierraLeone,SierraLeone,Capacity: MW,Biomass,2034,15.1,15.1,15.1
SierraLeone,SierraLeone,Capacity: MW,Biomass,2035,15.1,15.1,15.1
SierraLeone,SierraLeone,Capacity: MW,Biomass,2040,15.1,15.1,15.1
SierraLeone,SierraLeone,Capacity: MW,Biomass,2045,15.1,15.1,15.1
SierraLeone,SierraLeone,Capacity: MW,Biomass,2050,15.1,15.1,15.1
SierraLeone,SierraLeone,Capacity: MW,Diesel,2026,105.0,105.0,105.0
SierraLeone,SierraLeone,Capacity: MW,Diesel,2027,11.3,11.3,11.3
SierraLeone,SierraLeone,Capacity: MW,PV,2026,60.0,60.0,60.0
SierraLeone,SierraLeone,Capacity: MW,PV,2027,310.0,310.0,310.0
SierraLeone,SierraLeone,Capacity: MW,PV,2028,560.0,560.0,560.0
SierraLeone,SierraLeone,Capacity: MW,PV,2029,719.1,719.1,719.1
SierraLeone,SierraLeone,Capacity: MW,PV,2030,719.1,719.1,719.1
SierraLeone,SierraLeone,Capacity: MW,PV,2031,719.1,719.1,719.1
SierraLeone,SierraLeone,Capacity: MW,PV,2032,719.1,719.1,719.1
SierraLeone,SierraLeone,Capacity: MW,PV,2033,719.1,719.1,719.1
SierraLeone,SierraLeone,Capacity: MW,PV,2034,719.1,719.1,719.1
SierraLeone,SierraLeone,Capacity: MW,PV,2035,719.1,719.1,719.1
SierraLeone,SierraLeone,Capacity: MW,PV,2040,1761.2,1761.2,1761.2
SierraLeone,SierraLeone,Capacity: MW,PV,2045,3011.2,3011.2,3011.2
SierraLeone,SierraLeone,Capacity: MW,PV,2050,3605.3,3605.3,3605.3
SierraLeone,SierraLeone,Capacity: MW,Reservoir,2026,306.7,306.7,306.7
SierraLeone,SierraLeone,Capacity: MW,Reservoir,2027,306.7,306.7,306.7
SierraLeone,SierraLeone,Capacity: MW,Reservoir,2028,306.7,306.7,306.7
SierraLeone,SierraLeone,Capacity: MW,Reservoir,2029,306.7,306.7,306.7
SierraLeone,SierraLeone,Capacity: MW,Reservoir,2030,306.7,306.7,306.7
SierraLeone,SierraLeone,Capacity: MW,Reservoir,2031,306.7,306.7,306.7
SierraLeone,SierraLeone,Capacity: MW,Reservoir,2032,306.7,306.7,306.7
SierraLeone,SierraLeone,Capacity: MW,Reservoir,2033,306.7,306.7,306.7
SierraLeone,SierraLeone,Capacity: MW,Reservoir,2034,306.7,306.7,306.7
SierraLeone,SierraLeone,Capacity: MW,Reservoir,2035,306.7,306.7,306.7
SierraLeone,SierraLeone,Capacity: MW,Reservoir,2040,306.7,306.7,306.7
SierraLeone,SierraLeone,Capacity: MW,Reservoir,2045,306.7,306.7,306.7
SierraLeone,SierraLeone,Capacity: MW,Reservoir,2050,306.7,306.7,306.7
SierraLeone,SierraLeone,Demand: GWh,,2026,1030.7,1030.7,1030.7
SierraLeone,SierraLeone,Demand: GWh,,2027,1084.0,1084.0,1084.0
SierraLeone,SierraLeone,Demand: GWh,,2028,1128.4,1128.4,1128.4
SierraLeone,SierraLeone,Demand: GWh,,2029,1181.7,1181.7,1181.7
SierraLeone,SierraLeone,Demand: GWh,,2030,1235.0,1235.0,1235.0
SierraLeone,SierraLeone,Demand: GWh,,2031,1288.3,1288.3,1288.3
SierraLeone,SierraLeone,Demand: GWh,,2032,1350.5,1350.5,1350.5
SierraLeone,SierraLeone,Demand: GWh,,2033,1412.7,1412.7,1412.7
SierraLeone,SierraLeone,Demand: GWh,,2034,1457.2,1457.2,1457.2
SierraLeone,SierraLeone,Demand: GWh,,2035,1501.6,1501.6,1501.6
SierraLeone,SierraLeone,Demand: GWh,,2040,1741.5,1741.5,1741.5
SierraLeone,SierraLeone,Demand: GWh,,2045,2070.3,2070.3,2070.3
SierraLeone,SierraLeone,Demand: GWh,,2050,2418.4,2418.4,2418.4
SierraLeone,SierraLeone,Emissions: MtCO2,,2026,0.3,0.3,0.3
SierraLeone,SierraLeone,Emissions: MtCO2,,2027,0.0,0.0,0.0
SierraLeone,SierraLeone,Energy: GWh,Battery,2028,136.8,136.8,136.8
SierraLeone,SierraLeone,Energy: GWh,Battery,2029,163.6,163.6,163.6
SierraLeone,SierraLeone,Energy: GWh,Battery,2030,162.5,162.5,162.5
SierraLeone,SierraLeone,Energy: GWh,Battery,2031,192.3,192.3,192.3
SierraLeone,SierraLeone,Energy: GWh,Battery,2032,171.8,171.8,171.8
SierraLeone,SierraLeone,Energy: GWh,Battery,2033,208.4,208.4,208.4
SierraLeone,SierraLeone,Energy: GWh,Battery,2034,224.1,224.1,224.1
SierraLeone,SierraLeone,Energy: GWh,Battery,2035,222.7,222.7,222.7
SierraLeone,SierraLeone,Energy: GWh,Battery,2040,765.9,765.9,765.9
SierraLeone,SierraLeone,Energy: GWh,Battery,2045,1069.5,1069.5,1069.5
SierraLeone,SierraLeone,Energy: GWh,Battery,2050,1267.1,1267.1,1267.1
SierraLeone,SierraLeone,Energy: GWh,Biomass,2030,65.0,65.0,65.0
SierraLeone,SierraLeone,Energy: GWh,Biomass,2031,65.0,65.0,65.0
SierraLeone,SierraLeone,Energy: GWh,Biomass,2032,61.8,61.8,61.8
SierraLeone,SierraLeone,Energy: GWh,Biomass,2033,64.3,64.3,64.3
SierraLeone,SierraLeone,Energy: GWh,Biomass,2034,65.0,65.0,65.0
SierraLeone,SierraLeone,Energy: GWh,Biomass,2035,112.4,112.4,112.4
SierraLeone,SierraLeone,Energy: GWh,Biomass,2040,57.7,57.7,57.7
SierraLeone,SierraLeone,Energy: GWh,Biomass,2045,34.7,34.7,34.7
SierraLeone,SierraLeone,Energy: GWh,Biomass,2050,56.3,56.3,56.3
SierraLeone,SierraLeone,Energy: GWh,Diesel,2026,446.1,446.1,446.1
SierraLeone,SierraLeone,Energy: GWh,Diesel,2027,47.3,47.3,47.3
SierraLeone,SierraLeone,Energy: GWh,PV,2026,65.2,65.2,65.2
SierraLeone,SierraLeone,Energy: GWh,PV,2027,336.4,336.4,336.4
SierraLeone,SierraLeone,Energy: GWh,PV,2028,602.1,602.1,602.1
SierraLeone,SierraLeone,Energy: GWh,PV,2029,759.4,759.4,759.4
SierraLeone,SierraLeone,Energy: GWh,PV,2030,764.8,764.8,764.8
SierraLeone,SierraLeone,Energy: GWh,PV,2031,767.5,767.5,767.5
SierraLeone,SierraLeone,Energy: GWh,PV,2032,772.2,772.2,772.2
SierraLeone,SierraLeone,Energy: GWh,PV,2033,770.2,770.2,770.2
SierraLeone,SierraLeone,Energy: GWh,PV,2034,772.4,772.4,772.4
SierraLeone,SierraLeone,Energy: GWh,PV,2035,770.8,770.8,770.8
SierraLeone,SierraLeone,Energy: GWh,PV,2040,1776.9,1776.9,1776.9
SierraLeone,SierraLeone,Energy: GWh,PV,2045,2443.4,2443.4,2443.4
SierraLeone,SierraLeone,Energy: GWh,PV,2050,2825.6,2825.6,2825.6
SierraLeone,SierraLeone,Energy: GWh,Reservoir,2026,675.6,675.6,675.6
SierraLeone,SierraLeone,Energy: GWh,Reservoir,2027,675.6,675.6,675.6
SierraLeone,SierraLeone,Energy: GWh,Reservoir,2028,675.6,675.6,675.6
SierraLeone,SierraLeone,Energy: GWh,Reservoir,2029,675.6,675.6,675.6
SierraLeone,SierraLeone,Energy: GWh,Reservoir,2030,585.8,585.8,585.8
SierraLeone,SierraLeone,Energy: GWh,Reservoir,2031,604.2,604.2,604.2
SierraLeone,SierraLeone,Energy: GWh,Reservoir,2032,492.9,492.9,492.9
SierraLeone,SierraLeone,Energy: GWh,Reservoir,2033,558.0,558.0,558.0
SierraLeone,SierraLeone,Energy: GWh,Reservoir,2034,674.8,674.8,674.8
SierraLeone,SierraLeone,Energy: GWh,Reservoir,2035,675.6,675.6,675.6
SierraLeone,SierraLeone,Energy: GWh,Reservoir,2040,649.0,649.0,649.0
SierraLeone,SierraLeone,Energy: GWh,Reservoir,2045,519.0,519.0,519.0
SierraLeone,SierraLeone,Energy: GWh,Reservoir,2050,532.7,532.7,532.7
SierraLeone,SierraLeone,Export revenues with internal zones: $/MWh,,,-59.4,-59.4,-59.4
SierraLeone,SierraLeone,Exports exchange: GWh,,2026,343.1,343.1,343.1
SierraLeone,SierraLeone,Exports exchange: GWh,,2027,357.2,357.2,357.2
SierraLeone,SierraLeone,Exports exchange: GWh,,2028,452.4,452.4,452.4
SierraLeone,SierraLeone,Exports exchange: GWh,,2029,484.7,484.7,484.7
SierraLeone,SierraLeone,Exports exchange: GWh,,2030,414.9,414.9,414.9
SierraLeone,SierraLeone,Exports exchange: GWh,,2031,391.8,391.8,391.8
SierraLeone,SierraLeone,Exports exchange: GWh,,2032,284.6,284.6,284.6
SierraLeone,SierraLeone,Exports exchange: GWh,,2033,289.3,289.3,289.3
SierraLeone,SierraLeone,Exports exchange: GWh,,2034,345.1,345.1,345.1
SierraLeone,SierraLeone,Exports exchange: GWh,,2035,355.2,355.2,355.2
SierraLeone,SierraLeone,Exports exchange: GWh,,2040,734.1,734.1,734.1
SierraLeone,SierraLeone,Exports exchange: GWh,,2045,814.9,814.9,814.9
SierraLeone,SierraLeone,Exports exchange: GWh,,2050,815.2,815.2,815.2
SierraLeone,SierraLeone,Fixed O&M: $/MWh,,,29.4,29.4,29.4
SierraLeone,SierraLeone,Fixed O&M: $m,,2026,20.1,20.1,20.1
SierraLeone,SierraLeone,Fixed O&M: $m,,2027,21.0,21.0,21.0
SierraLeone,SierraLeone,Fixed O&M: $m,,2028,26.3,26.3,26.3
SierraLeone,SierraLeone,Fixed O&M: $m,,2029,29.8,29.8,29.8
SierraLeone,SierraLeone,Fixed O&M: $m,,2030,31.8,31.8,31.8
SierraLeone,SierraLeone,Fixed O&M: $m,,2031,31.8,31.8,31.8
SierraLeone,SierraLeone,Fixed O&M: $m,,2032,31.8,31.8,31.8
SierraLeone,SierraLeone,Fixed O&M: $m,,2033,32.1,32.1,32.1
SierraLeone,SierraLeone,Fixed O&M: $m,,2034,32.1,32.1,32.1
SierraLeone,SierraLeone,Fixed O&M: $m,,2035,32.1,32.1,32.1
SierraLeone,SierraLeone,Fixed O&M: $m,,2040,55.8,55.8,55.8
SierraLeone,SierraLeone,Fixed O&M: $m,,2045,77.1,77.1,77.1
SierraLeone,SierraLeone,Fixed O&M: $m,,2050,88.0,88.0,88.0
SierraLeone,SierraLeone,Fuel costs: $/MWh,,,2.4,2.4,2.4
SierraLeone,SierraLeone,Fuel costs: $m,,2026,48.2,48.2,48.2
SierraLeone,SierraLeone,Fuel costs: $m,,2027,5.1,5.1,5.1
SierraLeone,SierraLeone,Generation: GWh,,2026,1186.8,1186.8,1186.8
SierraLeone,SierraLeone,Generation: GWh,,2027,1059.2,1059.2,1059.2
SierraLeone,SierraLeone,Generation: GWh,,2028,1414.4,1414.4,1414.4
SierraLeone,SierraLeone,Generation: GWh,,2029,1598.5,1598.5,1598.5
SierraLeone,SierraLeone,Generation: GWh,,2030,1578.0,1578.0,1578.0
SierraLeone,SierraLeone,Generation: GWh,,2031,1629.0,1629.0,1629.0
SierraLeone,SierraLeone,Generation: GWh,,2032,1498.7,1498.7,1498.7
SierraLeone,SierraLeone,Generation: GWh,,2033,1601.0,1601.0,1601.0
SierraLeone,SierraLeone,Generation: GWh,,2034,1736.3,1736.3,1736.3
SierraLeone,SierraLeone,Generation: GWh,,2035,1781.5,1781.5,1781.5
SierraLeone,SierraLeone,Generation: GWh,,2040,3249.4,3249.4,3249.4
SierraLeone,SierraLeone,Generation: GWh,,2045,4066.6,4066.6,4066.6
SierraLeone,SierraLeone,Generation: GWh,,2050,4681.7,4681.7,4681.7
SierraLeone,SierraLeone,Import costs with internal zones: $/MWh,,,62.7,62.7,62.7
SierraLeone,SierraLeone,Import costs with internal zones: $m,,2026,151.6,151.6,151.6
SierraLeone,SierraLeone,Import costs with internal zones: $m,,2027,312.7,312.7,312.7
SierraLeone,SierraLeone,Import costs with internal zones: $m,,2028,226.1,226.1,226.1
SierraLeone,SierraLeone,Import costs with internal zones: $m,,2029,149.5,149.5,149.5
SierraLeone,SierraLeone,Import costs with internal zones: $m,,2030,91.0,91.0,91.0
SierraLeone,SierraLeone,Import costs with internal zones: $m,,2031,93.6,93.6,93.6
SierraLeone,SierraLeone,Import costs with internal zones: $m,,2032,19.3,19.3,19.3
SierraLeone,SierraLeone,Import costs with internal zones: $m,,2033,62.0,62.0,62.0
SierraLeone,SierraLeone,Import costs with internal zones: $m,,2034,116.3,116.3,116.3
SierraLeone,SierraLeone,Import costs with internal zones: $m,,2035,124.1,124.1,124.1
SierraLeone,SierraLeone,Import costs with internal zones: $m,,2040,43.6,43.6,43.6
SierraLeone,SierraLeone,Import costs with internal zones: $m,,2045,36.4,36.4,36.4
SierraLeone,SierraLeone,Import costs with internal zones: $m,,2050,29.0,29.0,29.0
SierraLeone,SierraLeone,Imports exchange: GWh,,2026,187.0,187.0,187.0
SierraLeone,SierraLeone,Imports exchange: GWh,,2027,381.9,381.9,381.9
SierraLeone,SierraLeone,Imports exchange: GWh,,2028,330.0,330.0,330.0
SierraLeone,SierraLeone,Imports exchange: GWh,,2029,269.6,269.6,269.6
SierraLeone,SierraLeone,Imports exchange: GWh,,2030,274.2,274.2,274.2
SierraLeone,SierraLeone,Imports exchange: GWh,,2031,288.4,288.4,288.4
SierraLeone,SierraLeone,Imports exchange: GWh,,2032,352.2,352.2,352.2
SierraLeone,SierraLeone,Imports exchange: GWh,,2033,350.4,350.4,350.4
SierraLeone,SierraLeone,Imports exchange: GWh,,2034,355.3,355.3,355.3
SierraLeone,SierraLeone,Imports exchange: GWh,,2035,361.6,361.6,361.6
SierraLeone,SierraLeone,Imports exchange: GWh,,2040,132.6,132.6,132.6
SierraLeone,SierraLeone,Imports exchange: GWh,,2045,93.9,93.9,93.9
SierraLeone,SierraLeone,Imports exchange: GWh,,2050,78.5,78.5,78.5
SierraLeone,SierraLeone,Investment costs: $/MWh,,,145.1,145.1,145.1
SierraLeone,SierraLeone,Investment costs: $m,,2026,91.1,91.1,91.1
SierraLeone,SierraLeone,Investment costs: $m,,2027,114.1,114.1,114.1
SierraLeone,SierraLeone,Investment costs: $m,,2028,151.7,151.7,151.7
SierraLeone,SierraLeone,Investment costs: $m,,2029,169.6,169.6,169.6
SierraLeone,SierraLeone,Investment costs: $m,,2030,173.1,173.1,173.1
SierraLeone,SierraLeone,Investment costs: $m,,2031,173.1,173.1,173.1
SierraLeone,SierraLeone,Investment costs: $m,,2032,173.1,173.1,173.1
SierraLeone,SierraLeone,Investment costs: $m,,2033,175.1,175.1,175.1
SierraLeone,SierraLeone,Investment costs: $m,,2034,177.2,177.2,177.2
SierraLeone,SierraLeone,Investment costs: $m,,2035,177.2,177.2,177.2
SierraLeone,SierraLeone,Investment costs: $m,,2040,276.8,276.8,276.8
SierraLeone,SierraLeone,Investment costs: $m,,2045,352.6,352.6,352.6
SierraLeone,SierraLeone,Investment costs: $m,,2050,386.5,386.5,386.5
SierraLeone,SierraLeone,Net interchange Ratio: GWh,,2027,0.0,0.0,0.0
SierraLeone,SierraLeone,Net interchange Ratio: GWh,,2032,0.1,0.1,0.1
SierraLeone,SierraLeone,Net interchange Ratio: GWh,,2033,0.0,0.0,0.0
SierraLeone,SierraLeone,Net interchange: GWh,,2027,24.8,24.8,24.8
SierraLeone,SierraLeone,Net interchange: GWh,,2032,67.6,67.6,67.6
SierraLeone,SierraLeone,Net interchange: GWh,,2033,61.1,61.1,61.1
SierraLeone,SierraLeone,Net interchange: GWh,,2034,10.1,10.1,10.1
SierraLeone,SierraLeone,Net interchange: GWh,,2035,6.4,6.4,6.4
SierraLeone,SierraLeone,New Capacity: MW,Battery,2028,107.4,107.4,107.4
SierraLeone,SierraLeone,New Capacity: MW,Battery,2029,51.2,51.2,51.2
SierraLeone,SierraLeone,New Capacity: MW,Battery,2033,22.9,22.9,22.9
SierraLeone,SierraLeone,New Capacity: MW,Battery,2040,431.4,431.4,431.4
SierraLeone,SierraLeone,New Capacity: MW,Battery,2050,58.2,58.2,58.2
SierraLeone,SierraLeone,New Capacity: MW,Biomass,2030,15.1,15.1,15.1
SierraLeone,SierraLeone,New Capacity: MW,PV,2026,60.0,60.0,60.0
SierraLeone,SierraLeone,New Capacity: MW,PV,2027,250.0,250.0,250.0
SierraLeone,SierraLeone,New Capacity: MW,PV,2028,250.0,250.0,250.0
SierraLeone,SierraLeone,New Capacity: MW,PV,2029,159.1,159.1,159.1
SierraLeone,SierraLeone,New Capacity: MW,PV,2040,1042.1,1042.1,1042.1
SierraLeone,SierraLeone,New Capacity: MW,PV,2045,1250.0,1250.0,1250.0
SierraLeone,SierraLeone,New Capacity: MW,PV,2050,594.1,594.1,594.1
SierraLeone,SierraLeone,New Capacity: MW,Reservoir,2026,256.7,256.7,256.7
SierraLeone,SierraLeone,Price: $/MWh,,2026,764.5,764.5,764.5
SierraLeone,SierraLeone,Price: $/MWh,,2027,660.2,660.2,660.2
SierraLeone,SierraLeone,Price: $/MWh,,2028,529.1,529.1,529.1
SierraLeone,SierraLeone,Price: $/MWh,,2029,335.2,335.2,335.2
SierraLeone,SierraLeone,Price: $/MWh,,2030,213.3,213.3,213.3
SierraLeone,SierraLeone,Price: $/MWh,,2031,207.9,207.9,207.9
SierraLeone,SierraLeone,Price: $/MWh,,2032,36.3,36.3,36.3
SierraLeone,SierraLeone,Price: $/MWh,,2033,117.0,117.0,117.0
SierraLeone,SierraLeone,Price: $/MWh,,2034,202.9,202.9,202.9
SierraLeone,SierraLeone,Price: $/MWh,,2035,239.5,239.5,239.5
SierraLeone,SierraLeone,Price: $/MWh,,2040,148.0,148.0,148.0
SierraLeone,SierraLeone,Price: $/MWh,,2045,155.4,155.4,155.4
SierraLeone,SierraLeone,Price: $/MWh,,2050,126.9,126.9,126.9
SierraLeone,SierraLeone,Spinning Reserve: GWh,,2026,155.2,155.2,155.2
SierraLeone,SierraLeone,Spinning Reserve: GWh,,2027,150.7,150.7,150.7
SierraLeone,SierraLeone,Spinning Reserve: GWh,,2028,199.3,199.3,199.3
SierraLeone,SierraLeone,Spinning Reserve: GWh,,2029,229.9,229.9,229.9
SierraLeone,SierraLeone,Spinning Reserve: GWh,,2030,229.8,229.8,229.8
SierraLeone,SierraLeone,Spinning Reserve: GWh,,2031,234.5,234.5,234.5
SierraLeone,SierraLeone,Spinning Reserve: GWh,,2032,240.6,240.6,240.6
SierraLeone,SierraLeone,Spinning Reserve: GWh,,2033,247.0,247.0,247.0
SierraLeone,SierraLeone,Spinning Reserve: GWh,,2034,257.7,257.7,257.7
SierraLeone,SierraLeone,Spinning Reserve: GWh,,2035,263.2,263.2,263.2
SierraLeone,SierraLeone,Spinning Reserve: GWh,,2040,427.5,427.5,427.5
SierraLeone,SierraLeone,Spinning Reserve: GWh,,2045,557.9,557.9,557.9
SierraLeone,SierraLeone,Spinning Reserve: GWh,,2050,647.2,647.2,647.2
SierraLeone,SierraLeone,Surplus generation: GWh,,2028,2.6,2.6,2.6
SierraLeone,SierraLeone,Surplus generation: GWh,,2029,9.2,9.2,9.2
SierraLeone,SierraLeone,Surplus generation: GWh,,2030,11.1,11.1,11.1
SierraLeone,SierraLeone,Surplus generation: GWh,,2031,11.0,11.0,11.0
SierraLeone,SierraLeone,Surplus generation: GWh,,2032,13.7,13.7,13.7
SierraLeone,SierraLeone,Surplus generation: GWh,,2033,4.2,4.2,4.2
SierraLeone,SierraLeone,Surplus generation: GWh,,2034,25.7,25.7,25.7
SierraLeone,SierraLeone,Surplus generation: GWh,,2035,24.3,24.3,24.3
SierraLeone,SierraLeone,Surplus generation: GWh,,2045,1.8,1.8,1.8
SierraLeone,SierraLeone,Surplus generation: GWh,,2050,12.0,12.0,12.0
SierraLeone,SierraLeone,Total Demand: GWh,,2026,1030.7,1030.7,1030.7
SierraLeone,SierraLeone,Total Demand: GWh,,2027,1084.0,1084.0,1084.0
SierraLeone,SierraLeone,Total Demand: GWh,,2028,1128.4,1128.4,1128.4
SierraLeone,SierraLeone,Total Demand: GWh,,2029,1181.7,1181.7,1181.7
SierraLeone,SierraLeone,Total Demand: GWh,,2030,1235.0,1235.0,1235.0
SierraLeone,SierraLeone,Total Demand: GWh,,2031,1288.3,1288.3,1288.3
SierraLeone,SierraLeone,Total Demand: GWh,,2032,1350.5,1350.5,1350.5
SierraLeone,SierraLeone,Total Demand: GWh,,2033,1412.7,1412.7,1412.7
SierraLeone,SierraLeone,Total Demand: GWh,,2034,1457.2,1457.2,1457.2
SierraLeone,SierraLeone,Total Demand: GWh,,2035,1501.6,1501.6,1501.6
SierraLeone,SierraLeone,Total Demand: GWh,,2040,1741.5,1741.5,1741.5
SierraLeone,SierraLeone,Total Demand: GWh,,2045,2070.3,2070.3,2070.3
SierraLeone,SierraLeone,Total Demand: GWh,,2050,2418.4,2418.4,2418.4
SierraLeone,SierraLeone,Trade shared benefits: $/MWh,,,-100.5,-100.5,-100.5
SierraLeone,SierraLeone,Transmission Capacity: MW,Guinea,2026,26.0,26.0,26.0
SierraLeone,SierraLeone,Transmission Capacity: MW,Guinea,2027,26.0,26.0,26.0
SierraLeone,SierraLeone,Transmission Capacity: MW,Guinea,2028,26.0,26.0,26.0
SierraLeone,SierraLeone,Transmission Capacity: MW,Guinea,2029,26.0,26.0,26.0
SierraLeone,SierraLeone,Transmission Capacity: MW,Guinea,2030,26.0,26.0,26.0
SierraLeone,SierraLeone,Transmission Capacity: MW,Guinea,2031,26.0,26.0,26.0
SierraLeone,SierraLeone,Transmission Capacity: MW,Guinea,2032,26.0,26.0,26.0
SierraLeone,SierraLeone,Transmission Capacity: MW,Guinea,2033,26.0,26.0,26.0
SierraLeone,SierraLeone,Transmission Capacity: MW,Guinea,2034,26.0,26.0,26.0
SierraLeone,SierraLeone,Transmission Capacity: MW,Guinea,2035,26.0,26.0,26.0
SierraLeone,SierraLeone,Transmission Capacity: MW,Guinea,2040,26.0,26.0,26.0
SierraLeone,SierraLeone,Transmission Capacity: MW,Guinea,2045,26.0,26.0,26.0
SierraLeone,SierraLeone,Transmission Capacity: MW,Guinea,2050,26.0,26.0,26.0
SierraLeone,SierraLeone,Transmission Capacity: MW,Liberia,2026,78.0,78.0,78.0
SierraLeone,SierraLeone,Transmission Capacity: MW,Liberia,2027,78.0,78.0,78.0
SierraLeone,SierraLeone,Transmission Capacity: MW,Liberia,2028,78.0,78.0,78.0
SierraLeone,SierraLeone,Transmission Capacity: MW,Liberia,2029,78.0,78.0,78.0
SierraLeone,SierraLeone,Transmission Capacity: MW,Liberia,2030,78.0,78.0,78.0
SierraLeone,SierraLeone,Transmission Capacity: MW,Liberia,2031,78.0,78.0,78.0
SierraLeone,SierraLeone,Transmission Capacity: MW,Liberia,2032,78.0,78.0,78.0
SierraLeone,SierraLeone,Transmission Capacity: MW,Liberia,2033,78.0,78.0,78.0
SierraLeone,SierraLeone,Transmission Capacity: MW,Liberia,2034,78.0,78.0,78.0
SierraLeone,SierraLeone,Transmission Capacity: MW,Liberia,2035,78.0,78.0,78.0
SierraLeone,SierraLeone,Transmission Capacity: MW,Liberia,2040,78.0,78.0,78.0
SierraLeone,SierraLeone,Transmission Capacity: MW,Liberia,2045,78.0,78.0,78.0
SierraLeone,SierraLeone,Transmission Capacity: MW,Liberia,2050,78.0,78.0,78.0
SierraLeone,SierraLeone,Unmet country CO2 backstop cost: $/MWh,,,16.6,16.6,16.6
SierraLeone,SierraLeone,Unmet country CO2 backstop cost: $m,,2026,328.8,328.8,328.8
SierraLeone,SierraLeone,Unmet country CO2 backstop cost: $m,,2027,34.8,34.8,34.8
SierraLeone,SierraLeone,Unmet country spinning reserve costs: $m,,2050,0.0,0.0,0.0
SierraLeone,SierraLeone,Variable O&M: $/MWh,,,0.4,0.4,0.4
SierraLeone,SierraLeone,Variable O&M: $m,,2026,3.7,3.7,3.7
SierraLeone,SierraLeone,Variable O&M: $m,,2027,0.7,0.7,0.7
SierraLeone,SierraLeone,Variable O&M: $m,,2028,0.3,0.3,0.3
SierraLeone,SierraLeone,Variable O&M: $m,,2029,0.3,0.3,0.3
SierraLeone,SierraLeone,Variable O&M: $m,,2030,0.5,0.5,0.5
SierraLeone,SierraLeone,Variable O&M: $m,,2031,0.5,0.5,0.5
SierraLeone,SierraLeone,Variable O&M: $m,,2032,0.4,0.4,0.4
SierraLeone,SierraLeone,Variable O&M: $m,,2033,0.4,0.4,0.4
SierraLeone,SierraLeone,Variable O&M: $m,,2034,0.5,0.5,0.5
SierraLeone,SierraLeone,Variable O&M: $m,,2035,0.6,0.6,0.6
SierraLeone,SierraLeone,Variable O&M: $m,,2040,0.5,0.5,0.5
SierraLeone,SierraLeone,Variable O&M: $m,,2045,0.3,0.3,0.3
SierraLeone,SierraLeone,Variable O&M: $m,,2050,0.4,0.4,0.4
System,System,Export revenues with internal zones: $/MWh,,,-49.2,-49.2,-49.2
System,System,Export revenues with internal zones: $m,,,-139691.3,-139691.3,-139691.3
System,System,Fixed O&M: $/MWh,,,12.5,12.5,12.5
System,System,Fixed O&M: $m,,,35523.6,35523.6,35523.6
System,System,Fuel costs: $/MWh,,,15.9,15.9,15.9
System,System,Fuel costs: $m,,,45269.6,45269.6,45269.6
System,System,Import costs with internal zones: $/MWh,,,68.1,68.1,68.1
System,System,Import costs with internal zones: $m,,,193329.2,193329.2,193329.2
System,System,Investment costs: $/MWh,,,44.0,44.0,44.0
System,System,Investment costs: $m,,,125070.1,125070.1,125070.1
System,System,NPV of system cost: $/MWh,,,231.1,231.1,231.1
System,System,NPV of system cost: $m,,,656394.2,656394.2,656394.2
System,System,Trade shared benefits: $/MWh,,,-18.9,-18.9,-18.9
System,System,Trade shared benefits: $m,,,-53637.9,-53637.9,-53637.9
System,System,Unmet country CO2 backstop cost: $/MWh,,,134.7,134.7,134.7
System,System,Unmet country CO2 backstop cost: $m,,,382560.7,382560.7,382560.7
System,System,Unmet country planning reserve costs: $/MWh,,,0.1,0.1,0.1
System,System,Unmet country planning reserve costs: $m,,,307.6,307.6,307.6
System,System,Unmet country spinning reserve costs: $/MWh,,,0.4,0.4,0.4
System,System,Unmet country spinning reserve costs: $m,,,1103.3,1103.3,1103.3
System,System,Unmet demand costs: $/MWh,,,22.5,22.5,22.5
System,System,Unmet demand costs: $m,,,63903.4,63903.4,63903.4
System,System,Variable O&M: $/MWh,,,0.9,0.9,0.9
System,System,Variable O&M: $m,,,2655.8,2655.8,2655.8
Togo,Togo,Annual Energy Exchanges: GWh,Benin,2026,2970.4,2970.4,2970.4
Togo,Togo,Annual Energy Exchanges: GWh,Benin,2027,2717.5,2717.5,2717.5
Togo,Togo,Annual Energy Exchanges: GWh,Benin,2028,2497.5,2497.5,2497.5
Togo,Togo,Annual Energy Exchanges: GWh,Benin,2029,1719.2,1719.2,1719.2
Togo,Togo,Annual Energy Exchanges: GWh,Benin,2030,1153.2,1153.2,1153.2
Togo,Togo,Annual Energy Exchanges: GWh,Benin,2031,1112.8,1112.8,1112.8
Togo,Togo,Annual Energy Exchanges: GWh,Benin,2032,1008.7,1008.7,1008.7
Togo,Togo,Annual Energy Exchanges: GWh,Benin,2033,734.0,734.0,734.0
Togo,Togo,Annual Energy Exchanges: GWh,Benin,2034,811.0,811.0,811.0
Togo,Togo,Annual Energy Exchanges: GWh,Benin,2035,811.8,811.8,811.8
Togo,Togo,Annual Energy Exchanges: GWh,Benin,2040,1126.0,1126.0,1126.0
Togo,Togo,Annual Energy Exchanges: GWh,Benin,2045,1343.2,1343.2,1343.2
Togo,Togo,Annual Energy Exchanges: GWh,Benin,2050,448.7,448.7,448.7
Togo,Togo,Annual Energy Exchanges: GWh,Ghana,2030,194.0,194.0,194.0
Togo,Togo,Annual Energy Exchanges: GWh,Ghana,2031,299.0,299.0,299.0
Togo,Togo,Annual Energy Exchanges: GWh,Ghana,2032,433.3,433.3,433.3
Togo,Togo,Annual Energy Exchanges: GWh,Ghana,2033,878.6,878.6,878.6
Togo,Togo,Annual Energy Exchanges: GWh,Ghana,2034,931.5,931.5,931.5
Togo,Togo,Annual Energy Exchanges: GWh,Ghana,2035,984.6,984.6,984.6
Togo,Togo,Annual Energy Exchanges: GWh,Ghana,2040,1285.4,1285.4,1285.4
Togo,Togo,Annual Energy Exchanges: GWh,Ghana,2045,1283.5,1283.5,1283.5
Togo,Togo,Annual Energy Exchanges: GWh,Ghana,2050,1230.7,1230.7,1230.7
Togo,Togo,Capacity: MW,Battery,2027,16.1,16.1,16.1
Togo,Togo,Capacity: MW,Battery,2028,49.1,49.1,49.1
Togo,Togo,Capacity: MW,Battery,2029,76.3,76.3,76.3
Togo,Togo,Capacity: MW,Battery,2030,84.2,84.2,84.2
Togo,Togo,Capacity: MW,Battery,2031,144.1,144.1,144.1
Togo,Togo,Capacity: MW,Battery,2032,226.1,226.1,226.1
Togo,Togo,Capacity: MW,Battery,2033,348.3,348.3,348.3
Togo,Togo,Capacity: MW,Battery,2034,584.0,584.0,584.0
Togo,Togo,Capacity: MW,Battery,2035,661.7,661.7,661.7
Togo,Togo,Capacity: MW,Battery,2040,1821.2,1821.2,1821.2
Togo,Togo,Capacity: MW,Battery,2045,2627.9,2627.9,2627.9
Togo,Togo,Capacity: MW,Battery,2050,2627.9,2627.9,2627.9
Togo,Togo,Capacity: MW,Diesel,2026,36.0,36.0,36.0
Togo,Togo,Capacity: MW,Diesel,2027,36.0,36.0,36.0
Togo,Togo,Capacity: MW,Diesel,2028,24.0,24.0,24.0
Togo,Togo,Capacity: MW,Diesel,2029,24.0,24.0,24.0
Togo,Togo,Capacity: MW,Diesel,2030,20.0,20.0,20.0
Togo,Togo,Capacity: MW,Gas,2026,99.7,99.7,99.7
Togo,Togo,Capacity: MW,Gas,2027,99.7,99.7,99.7
Togo,Togo,Capacity: MW,Gas,2028,99.7,99.7,99.7
Togo,Togo,Capacity: MW,Gas,2029,99.7,99.7,99.7
Togo,Togo,Capacity: MW,Gas,2030,349.7,349.7,349.7
Togo,Togo,Capacity: MW,Gas,2031,349.7,349.7,349.7
Togo,Togo,Capacity: MW,Gas,2032,349.7,349.7,349.7
Togo,Togo,Capacity: MW,Gas,2033,250.0,250.0,250.0
Togo,Togo,Capacity: MW,Gas,2034,250.0,250.0,250.0
Togo,Togo,Capacity: MW,Gas,2035,250.0,250.0,250.0
Togo,Togo,Capacity: MW,Gas,2040,250.0,250.0,250.0
Togo,Togo,Capacity: MW,Gas,2045,250.0,250.0,250.0
Togo,Togo,Capacity: MW,Gas,2050,250.0,250.0,250.0
Togo,Togo,Capacity: MW,PV,2026,312.0,312.0,312.0
Togo,Togo,Capacity: MW,PV,2027,354.0,354.0,354.0
Togo,Togo,Capacity: MW,PV,2028,354.0,354.0,354.0
Togo,Togo,Capacity: MW,PV,2029,504.0,504.0,504.0
Togo,Togo,Capacity: MW,PV,2030,754.0,754.0,754.0
Togo,Togo,Capacity: MW,PV,2031,1004.0,1004.0,1004.0
Togo,Togo,Capacity: MW,PV,2032,1254.0,1254.0,1254.0
Togo,Togo,Capacity: MW,PV,2033,1504.0,1504.0,1504.0
Togo,Togo,Capacity: MW,PV,2034,1754.0,1754.0,1754.0
Togo,Togo,Capacity: MW,PV,2035,2004.0,2004.0,2004.0
Togo,Togo,Capacity: MW,PV,2040,3254.0,3254.0,3254.0
Togo,Togo,Capacity: MW,PV,2045,4504.0,4504.0,4504.0
Togo,Togo,Capacity: MW,PV,2050,5639.0,5639.0,5639.0
Togo,Togo,Capacity: MW,Reservoir,2026,65.6,65.6,65.6
Togo,Togo,Capacity: MW,Reservoir,2027,89.8,89.8,89.8
Togo,Togo,Capacity: MW,Reservoir,2028,89.8,89.8,89.8
Togo,Togo,Capacity: MW,Reservoir,2029,89.8,89.8,89.8
Togo,Togo,Capacity: MW,Reservoir,2030,89.8,89.8,89.8
Togo,Togo,Capacity: MW,Reservoir,2031,89.8,89.8,89.8
Togo,Togo,Capacity: MW,Reservoir,2032,89.8,89.8,89.8
Togo,Togo,Capacity: MW,Reservoir,2033,89.8,89.8,89.8
Togo,Togo,Capacity: MW,Reservoir,2034,89.8,89.8,89.8
Togo,Togo,Capacity: MW,Reservoir,2035,89.8,89.8,89.8
Togo,Togo,Capacity: MW,Reservoir,2040,89.8,89.8,89.8
Togo,Togo,Capacity: MW,Reservoir,2045,89.8,89.8,89.8
Togo,Togo,Capacity: MW,Reservoir,2050,89.8,89.8,89.8
Togo,Togo,Demand: GWh,,2026,2741.1,2741.1,2741.1
Togo,Togo,Demand: GWh,,2027,2893.4,2893.4,2893.4
Togo,Togo,Demand: GWh,,2028,3232.3,3232.3,3232.3
Togo,Togo,Demand: GWh,,2029,3345.3,3345.3,3345.3
Togo,Togo,Demand: GWh,,2030,3453.4,3453.4,3453.4
Togo,Togo,Demand: GWh,,2031,3556.5,3556.5,3556.5
Togo,Togo,Demand: GWh,,2032,3669.5,3669.5,3669.5
Togo,Togo,Demand: GWh,,2033,3772.7,3772.7,3772.7
Togo,Togo,Demand: GWh,,2034,3880.8,3880.8,3880.8
Togo,Togo,Demand: GWh,,2035,3983.9,3983.9,3983.9
Togo,Togo,Demand: GWh,,2040,4617.6,4617.6,4617.6
Togo,Togo,Demand: GWh,,2045,5489.4,5489.4,5489.4
Togo,Togo,Demand: GWh,,2050,6412.6,6412.6,6412.6
Togo,Togo,Emissions: MtCO2,,2026,0.5,0.5,0.5
Togo,Togo,Emissions: MtCO2,,2027,0.6,0.6,0.6
Togo,Togo,Emissions: MtCO2,,2028,0.5,0.5,0.5
Togo,Togo,Emissions: MtCO2,,2029,0.5,0.5,0.5
Togo,Togo,Emissions: MtCO2,,2030,0.8,0.8,0.8
Togo,Togo,Emissions: MtCO2,,2031,0.8,0.8,0.8
Togo,Togo,Emissions: MtCO2,,2032,0.7,0.7,0.7
Togo,Togo,Emissions: MtCO2,,2033,0.6,0.6,0.6
Togo,Togo,Emissions: MtCO2,,2034,0.5,0.5,0.5
Togo,Togo,Emissions: MtCO2,,2035,0.5,0.5,0.5
Togo,Togo,Emissions: MtCO2,,2040,0.4,0.4,0.4
Togo,Togo,Emissions: MtCO2,,2045,0.2,0.2,0.2
Togo,Togo,Emissions: MtCO2,,2050,0.1,0.1,0.1
Togo,Togo,Energy: GWh,Battery,2027,2.9,2.9,2.9
Togo,Togo,Energy: GWh,Battery,2028,8.8,8.8,8.8
Togo,Togo,Energy: GWh,Battery,2029,13.4,13.4,13.4
Togo,Togo,Energy: GWh,Battery,2030,23.9,23.9,23.9
Togo,Togo,Energy: GWh,Battery,2031,107.1,107.1,107.1
Togo,Togo,Energy: GWh,Battery,2032,202.5,202.5,202.5
Togo,Togo,Energy: GWh,Battery,2033,255.2,255.2,255.2
Togo,Togo,Energy: GWh,Battery,2034,491.8,491.8,491.8
Togo,Togo,Energy: GWh,Battery,2035,772.0,772.0,772.0
Togo,Togo,Energy: GWh,Battery,2040,2368.7,2368.7,2368.7
Togo,Togo,Energy: GWh,Battery,2045,3422.6,3422.6,3422.6
Togo,Togo,Energy: GWh,Battery,2050,3992.8,3992.8,3992.8
Togo,Togo,Energy: GWh,Diesel,2026,268.1,268.1,268.1
Togo,Togo,Energy: GWh,Diesel,2027,268.1,268.1,268.1
Togo,Togo,Energy: GWh,Diesel,2028,178.7,178.7,178.7
Togo,Togo,Energy: GWh,Diesel,2029,178.7,178.7,178.7
Togo,Togo,Energy: GWh,Gas,2026,599.6,599.6,599.6
Togo,Togo,Energy: GWh,Gas,2027,742.5,742.5,742.5
Togo,Togo,Energy: GWh,Gas,2028,742.5,742.5,742.5
Togo,Togo,Energy: GWh,Gas,2029,742.5,742.5,742.5
Togo,Togo,Energy: GWh,Gas,2030,2097.0,2097.0,2097.0
Togo,Togo,Energy: GWh,Gas,2031,1950.1,1950.1,1950.1
Togo,Togo,Energy: GWh,Gas,2032,1804.6,1804.6,1804.6
Togo,Togo,Energy: GWh,Gas,2033,1505.5,1505.5,1505.5
Togo,Togo,Energy: GWh,Gas,2034,1449.8,1449.8,1449.8
Togo,Togo,Energy: GWh,Gas,2035,1422.5,1422.5,1422.5
Togo,Togo,Energy: GWh,Gas,2040,999.5,999.5,999.5
Togo,Togo,Energy: GWh,Gas,2045,568.5,568.5,568.5
Togo,Togo,Energy: GWh,Gas,2050,365.1,365.1,365.1
Togo,Togo,Energy: GWh,PV,2026,450.6,450.6,450.6
Togo,Togo,Energy: GWh,PV,2027,511.3,511.3,511.3
Togo,Togo,Energy: GWh,PV,2028,511.3,511.3,511.3
Togo,Togo,Energy: GWh,PV,2029,727.9,727.9,727.9
Togo,Togo,Energy: GWh,PV,2030,1089.0,1089.0,1089.0
Togo,Togo,Energy: GWh,PV,2031,1450.1,1450.1,1450.1
Togo,Togo,Energy: GWh,PV,2032,1809.5,1809.5,1809.5
Togo,Togo,Energy: GWh,PV,2033,2152.2,2152.2,2152.2
Togo,Togo,Energy: GWh,PV,2034,2525.6,2525.6,2525.6
Togo,Togo,Energy: GWh,PV,2035,2820.7,2820.7,2820.7
Togo,Togo,Energy: GWh,PV,2040,4635.2,4635.2,4635.2
Togo,Togo,Energy: GWh,PV,2045,6329.1,6329.1,6329.1
Togo,Togo,Energy: GWh,PV,2050,7874.8,7874.8,7874.8
Togo,Togo,Energy: GWh,Reservoir,2026,141.0,141.0,141.0
Togo,Togo,Energy: GWh,Reservoir,2027,189.7,189.7,189.7
Togo,Togo,Energy: GWh,Reservoir,2028,189.7,189.7,189.7
Togo,Togo,Energy: GWh,Reservoir,2029,189.7,189.7,189.7
Togo,Togo,Energy: GWh,Reservoir,2030,189.7,189.7,189.7
Togo,Togo,Energy: GWh,Reservoir,2031,189.7,189.7,189.7
Togo,Togo,Energy: GWh,Reservoir,2032,189.7,189.7,189.7
Togo,Togo,Energy: GWh,Reservoir,2033,189.7,189.7,189.7
Togo,Togo,Energy: GWh,Reservoir,2034,189.7,189.7,189.7
Togo,Togo,Energy: GWh,Reservoir,2035,189.7,189.7,189.7
Togo,Togo,Energy: GWh,Reservoir,2040,189.7,189.7,189.7
Togo,Togo,Energy: GWh,Reservoir,2045,189.7,189.7,189.7
Togo,Togo,Energy: GWh,Reservoir,2050,189.7,189.7,189.7
Togo,Togo,Export revenues with internal zones: $/MWh,,,-450.0,-450.0,-450.0
Togo,Togo,Exports exchange: GWh,,2026,2970.4,2970.4,2970.4
Togo,Togo,Exports exchange: GWh,,2027,2717.5,2717.5,2717.5
Togo,Togo,Exports exchange: GWh,,2028,2497.5,2497.5,2497.5
Togo,Togo,Exports exchange: GWh,,2029,1719.2,1719.2,1719.2
Togo,Togo,Exports exchange: GWh,,2030,1347.2,1347.2,1347.2
Togo,Togo,Exports exchange: GWh,,2031,1411.9,1411.9,1411.9
Togo,Togo,Exports exchange: GWh,,2032,1442.0,1442.0,1442.0
Togo,Togo,Exports exchange: GWh,,2033,1612.6,1612.6,1612.6
Togo,Togo,Exports exchange: GWh,,2034,1742.5,1742.5,1742.5
Togo,Togo,Exports exchange: GWh,,2035,1796.4,1796.4,1796.4
Togo,Togo,Exports exchange: GWh,,2040,2411.5,2411.5,2411.5
Togo,Togo,Exports exchange: GWh,,2045,2626.7,2626.7,2626.7
Togo,Togo,Exports exchange: GWh,,2050,1679.5,1679.5,1679.5
Togo,Togo,Fixed O&M: $/MWh,,,15.5,15.5,15.5
Togo,Togo,Fixed O&M: $m,,2026,11.9,11.9,11.9
Togo,Togo,Fixed O&M: $m,,2027,14.0,14.0,14.0
Togo,Togo,Fixed O&M: $m,,2028,14.0,14.0,14.0
Togo,Togo,Fixed O&M: $m,,2029,17.0,17.0,17.0
Togo,Togo,Fixed O&M: $m,,2030,28.7,28.7,28.7
Togo,Togo,Fixed O&M: $m,,2031,33.1,33.1,33.1
Togo,Togo,Fixed O&M: $m,,2032,38.4,38.4,38.4
Togo,Togo,Fixed O&M: $m,,2033,42.4,42.4,42.4
Togo,Togo,Fixed O&M: $m,,2034,49.9,49.9,49.9
Togo,Togo,Fixed O&M: $m,,2035,55.2,55.2,55.2
Togo,Togo,Fixed O&M: $m,,2040,92.6,92.6,92.6
Togo,Togo,Fixed O&M: $m,,2045,125.0,125.0,125.0
Togo,Togo,Fixed O&M: $m,,2050,144.3,144.3,144.3
Togo,Togo,Fuel costs: $/MWh,,,13.0,13.0,13.0
Togo,Togo,Fuel costs: $m,,2026,74.8,74.8,74.8
Togo,Togo,Fuel costs: $m,,2027,83.2,83.2,83.2
Togo,Togo,Fuel costs: $m,,2028,69.8,69.8,69.8
Togo,Togo,Fuel costs: $m,,2029,69.8,69.8,69.8
Togo,Togo,Fuel costs: $m,,2030,91.2,91.2,91.2
Togo,Togo,Fuel costs: $m,,2031,82.6,82.6,82.6
Togo,Togo,Fuel costs: $m,,2032,75.4,75.4,75.4
Togo,Togo,Fuel costs: $m,,2033,62.6,62.6,62.6
Togo,Togo,Fuel costs: $m,,2034,60.3,60.3,60.3
Togo,Togo,Fuel costs: $m,,2035,59.2,59.2,59.2
Togo,Togo,Fuel costs: $m,,2040,41.6,41.6,41.6
Togo,Togo,Fuel costs: $m,,2045,23.6,23.6,23.6
Togo,Togo,Fuel costs: $m,,2050,15.2,15.2,15.2
Togo,Togo,Generation: GWh,,2026,1459.2,1459.2,1459.2
Togo,Togo,Generation: GWh,,2027,1714.5,1714.5,1714.5
Togo,Togo,Generation: GWh,,2028,1631.0,1631.0,1631.0
Togo,Togo,Generation: GWh,,2029,1852.2,1852.2,1852.2
Togo,Togo,Generation: GWh,,2030,3399.6,3399.6,3399.6
Togo,Togo,Generation: GWh,,2031,3697.1,3697.1,3697.1
Togo,Togo,Generation: GWh,,2032,4006.4,4006.4,4006.4
Togo,Togo,Generation: GWh,,2033,4102.5,4102.5,4102.5
Togo,Togo,Generation: GWh,,2034,4657.0,4657.0,4657.0
Togo,Togo,Generation: GWh,,2035,5204.9,5204.9,5204.9
Togo,Togo,Generation: GWh,,2040,8193.1,8193.1,8193.1
Togo,Togo,Generation: GWh,,2045,10509.8,10509.8,10509.8
Togo,Togo,Generation: GWh,,2050,12422.4,12422.4,12422.4
Togo,Togo,Import costs with internal zones: $/MWh,,,338.1,338.1,338.1
Togo,Togo,Import costs with internal zones: $m,,2026,3504.0,3504.0,3504.0
Togo,Togo,Import costs with internal zones: $m,,2027,3616.1,3616.1,3616.1
Togo,Togo,Import costs with internal zones: $m,,2028,3677.1,3677.1,3677.1
Togo,Togo,Import costs with internal zones: $m,,2029,3819.4,3819.4,3819.4
Togo,Togo,Import costs with internal zones: $m,,2030,837.0,837.0,837.0
Togo,Togo,Import costs with internal zones: $m,,2031,710.7,710.7,710.7
Togo,Togo,Import costs with internal zones: $m,,2032,644.3,644.3,644.3
Togo,Togo,Import costs with internal zones: $m,,2033,676.9,676.9,676.9
Togo,Togo,Import costs with internal zones: $m,,2034,653.6,653.6,653.6
Togo,Togo,Import costs with internal zones: $m,,2035,618.5,618.5,618.5
Togo,Togo,Import costs with internal zones: $m,,2040,631.5,631.5,631.5
Togo,Togo,Import costs with internal zones: $m,,2045,639.0,639.0,639.0
Togo,Togo,Import costs with internal zones: $m,,2050,233.3,233.3,233.3
Togo,Togo,Imports exchange: GWh,,2026,1752.0,1752.0,1752.0
Togo,Togo,Imports exchange: GWh,,2027,1808.4,1808.4,1808.4
Togo,Togo,Imports exchange: GWh,,2028,1838.5,1838.5,1838.5
Togo,Togo,Imports exchange: GWh,,2029,1910.2,1910.2,1910.2
Togo,Togo,Imports exchange: GWh,,2030,1429.0,1429.0,1429.0
Togo,Togo,Imports exchange: GWh,,2031,1397.4,1397.4,1397.4
Togo,Togo,Imports exchange: GWh,,2032,1343.4,1343.4,1343.4
Togo,Togo,Imports exchange: GWh,,2033,1582.9,1582.9,1582.9
Togo,Togo,Imports exchange: GWh,,2034,1544.9,1544.9,1544.9
Togo,Togo,Imports exchange: GWh,,2035,1503.1,1503.1,1503.1
Togo,Togo,Imports exchange: GWh,,2040,1674.9,1674.9,1674.9
Togo,Togo,Imports exchange: GWh,,2045,1716.1,1716.1,1716.1
Togo,Togo,Imports exchange: GWh,,2050,662.6,662.6,662.6
Togo,Togo,Investment costs: $/MWh,,,64.1,64.1,64.1
Togo,Togo,Investment costs: $m,,2026,18.5,18.5,18.5
Togo,Togo,Investment costs: $m,,2027,31.2,31.2,31.2
Togo,Togo,Investment costs: $m,,2028,32.6,32.6,32.6
Togo,Togo,Investment costs: $m,,2029,46.9,46.9,46.9
Togo,Togo,Investment costs: $m,,2030,90.5,90.5,90.5
Togo,Togo,Investment costs: $m,,2031,116.3,116.3,116.3
Togo,Togo,Investment costs: $m,,2032,144.6,144.6,144.6
Togo,Togo,Investment costs: $m,,2033,182.2,182.2,182.2
Togo,Togo,Investment costs: $m,,2034,215.8,215.8,215.8
Togo,Togo,Investment costs: $m,,2035,242.7,242.7,242.7
Togo,Togo,Investment costs: $m,,2040,421.2,421.2,421.2
Togo,Togo,Investment costs: $m,,2045,536.4,536.4,536.4
Togo,Togo,Investment costs: $m,,2050,596.5,596.5,596.5
Togo,Togo,Net interchange Ratio: GWh,,2029,0.1,0.1,0.1
Togo,Togo,Net interchange Ratio: GWh,,2030,0.0,0.0,0.0
Togo,Togo,Net interchange: GWh,,2029,191.0,191.0,191.0
Togo,Togo,Net interchange: GWh,,2030,81.9,81.9,81.9
Togo,Togo,New Capacity: MW,Battery,2027,16.1,16.1,16.1
Togo,Togo,New Capacity: MW,Battery,2028,33.0,33.0,33.0
Togo,Togo,New Capacity: MW,Battery,2029,27.2,27.2,27.2
Togo,Togo,New Capacity: MW,Battery,2030,7.9,7.9,7.9
Togo,Togo,New Capacity: MW,Battery,2031,59.9,59.9,59.9
Togo,Togo,New Capacity: MW,Battery,2032,82.0,82.0,82.0
Togo,Togo,New Capacity: MW,Battery,2033,122.2,122.2,122.2
Togo,Togo,New Capacity: MW,Battery,2034,235.7,235.7,235.7
Togo,Togo,New Capacity: MW,Battery,2035,77.8,77.8,77.8
Togo,Togo,New Capacity: MW,Battery,2040,1159.4,1159.4,1159.4
Togo,Togo,New Capacity: MW,Battery,2045,806.8,806.8,806.8
Togo,Togo,New Capacity: MW,Gas,2030,250.0,250.0,250.0
Togo,Togo,New Capacity: MW,PV,2026,197.0,197.0,197.0
Togo,Togo,New Capacity: MW,PV,2027,42.0,42.0,42.0
Togo,Togo,New Capacity: MW,PV,2029,150.0,150.0,150.0
Togo,Togo,New Capacity: MW,PV,2030,250.0,250.0,250.0
Togo,Togo,New Capacity: MW,PV,2031,250.0,250.0,250.0
Togo,Togo,New Capacity: MW,PV,2032,250.0,250.0,250.0
Togo,Togo,New Capacity: MW,PV,2033,250.0,250.0,250.0
Togo,Togo,New Capacity: MW,PV,2034,250.0,250.0,250.0
Togo,Togo,New Capacity: MW,PV,2035,250.0,250.0,250.0
Togo,Togo,New Capacity: MW,PV,2040,1250.0,1250.0,1250.0
Togo,Togo,New Capacity: MW,PV,2045,1250.0,1250.0,1250.0
Togo,Togo,New Capacity: MW,PV,2050,1250.0,1250.0,1250.0
Togo,Togo,New Capacity: MW,Reservoir,2027,24.2,24.2,24.2
Togo,Togo,Price: $/MWh,,2026,2000.0,2000.0,2000.0
Togo,Togo,Price: $/MWh,,2027,1999.7,1999.7,1999.7
Togo,Togo,Price: $/MWh,,2028,2000.0,2000.0,2000.0
Togo,Togo,Price: $/MWh,,2029,1999.7,1999.7,1999.7
Togo,Togo,Price: $/MWh,,2030,585.1,585.1,585.1
Togo,Togo,Price: $/MWh,,2031,501.8,501.8,501.8
Togo,Togo,Price: $/MWh,,2032,462.5,462.5,462.5
Togo,Togo,Price: $/MWh,,2033,408.4,408.4,408.4
Togo,Togo,Price: $/MWh,,2034,398.9,398.9,398.9
Togo,Togo,Price: $/MWh,,2035,384.4,384.4,384.4
Togo,Togo,Price: $/MWh,,2040,385.2,385.2,385.2
Togo,Togo,Price: $/MWh,,2045,379.0,379.0,379.0
Togo,Togo,Price: $/MWh,,2050,331.7,331.7,331.7
Togo,Togo,Spinning Reserve: GWh,,2026,268.0,268.0,268.0
Togo,Togo,Spinning Reserve: GWh,,2027,316.4,316.4,316.4
Togo,Togo,Spinning Reserve: GWh,,2028,367.7,367.7,367.7
Togo,Togo,Spinning Reserve: GWh,,2029,410.3,410.3,410.3
Togo,Togo,Spinning Reserve: GWh,,2030,468.4,468.4,468.4
Togo,Togo,Spinning Reserve: GWh,,2031,525.7,525.7,525.7
Togo,Togo,Spinning Reserve: GWh,,2032,593.6,593.6,593.6
Togo,Togo,Spinning Reserve: GWh,,2033,649.5,649.5,649.5
Togo,Togo,Spinning Reserve: GWh,,2034,701.1,701.1,701.1
Togo,Togo,Spinning Reserve: GWh,,2035,764.5,764.5,764.5
Togo,Togo,Spinning Reserve: GWh,,2040,1076.0,1076.0,1076.0
Togo,Togo,Spinning Reserve: GWh,,2045,1400.3,1400.3,1400.3
Togo,Togo,Spinning Reserve: GWh,,2050,1730.0,1730.0,1730.0
Togo,Togo,Surplus generation: GWh,,2050,96.1,96.1,96.1
Togo,Togo,Total Demand: GWh,,2026,2741.1,2741.1,2741.1
Togo,Togo,Total Demand: GWh,,2027,2893.4,2893.4,2893.4
Togo,Togo,Total Demand: GWh,,2028,3232.3,3232.3,3232.3
Togo,Togo,Total Demand: GWh,,2029,3345.3,3345.3,3345.3
Togo,Togo,Total Demand: GWh,,2030,3453.4,3453.4,3453.4
Togo,Togo,Total Demand: GWh,,2031,3556.5,3556.5,3556.5
Togo,Togo,Total Demand: GWh,,2032,3669.5,3669.5,3669.5
Togo,Togo,Total Demand: GWh,,2033,3772.7,3772.7,3772.7
Togo,Togo,Total Demand: GWh,,2034,3880.8,3880.8,3880.8
Togo,Togo,Total Demand: GWh,,2035,3983.9,3983.9,3983.9
Togo,Togo,Total Demand: GWh,,2040,4617.6,4617.6,4617.6
Togo,Togo,Total Demand: GWh,,2045,5489.4,5489.4,5489.4
Togo,Togo,Total Demand: GWh,,2050,6412.6,6412.6,6412.6
Togo,Togo,Trade shared benefits: $/MWh,,,-71.0,-71.0,-71.0
Togo,Togo,Transmission Capacity: MW,Benin,2026,340.0,340.0,340.0
Togo,Togo,Transmission Capacity: MW,Benin,2027,340.0,340.0,340.0
Togo,Togo,Transmission Capacity: MW,Benin,2028,340.0,340.0,340.0
Togo,Togo,Transmission Capacity: MW,Benin,2029,340.0,340.0,340.0
Togo,Togo,Transmission Capacity: MW,Benin,2030,340.0,340.0,340.0
Togo,Togo,Transmission Capacity: MW,Benin,2031,340.0,340.0,340.0
Togo,Togo,Transmission Capacity: MW,Benin,2032,340.0,340.0,340.0
Togo,Togo,Transmission Capacity: MW,Benin,2033,340.0,340.0,340.0
Togo,Togo,Transmission Capacity: MW,Benin,2034,340.0,340.0,340.0
Togo,Togo,Transmission Capacity: MW,Benin,2035,340.0,340.0,340.0
Togo,Togo,Transmission Capacity: MW,Benin,2040,340.0,340.0,340.0
Togo,Togo,Transmission Capacity: MW,Benin,2045,340.0,340.0,340.0
Togo,Togo,Transmission Capacity: MW,Benin,2050,340.0,340.0,340.0
Togo,Togo,Transmission Capacity: MW,Ghana,2026,200.0,200.0,200.0
Togo,Togo,Transmission Capacity: MW,Ghana,2027,200.0,200.0,200.0
Togo,Togo,Transmission Capacity: MW,Ghana,2028,200.0,200.0,200.0
Togo,Togo,Transmission Capacity: MW,Ghana,2029,200.0,200.0,200.0
Togo,Togo,Transmission Capacity: MW,Ghana,2030,200.0,200.0,200.0
Togo,Togo,Transmission Capacity: MW,Ghana,2031,200.0,200.0,200.0
Togo,Togo,Transmission Capacity: MW,Ghana,2032,200.0,200.0,200.0
Togo,Togo,Transmission Capacity: MW,Ghana,2033,200.0,200.0,200.0
Togo,Togo,Transmission Capacity: MW,Ghana,2034,200.0,200.0,200.0
Togo,Togo,Transmission Capacity: MW,Ghana,2035,200.0,200.0,200.0
Togo,Togo,Transmission Capacity: MW,Ghana,2040,200.0,200.0,200.0
Togo,Togo,Transmission Capacity: MW,Ghana,2045,200.0,200.0,200.0
Togo,Togo,Transmission Capacity: MW,Ghana,2050,200.0,200.0,200.0
Togo,Togo,Unmet country CO2 backstop cost: $/MWh,,,110.4,110.4,110.4
Togo,Togo,Unmet country CO2 backstop cost: $m,,2026,527.3,527.3,527.3
Togo,Togo,Unmet country CO2 backstop cost: $m,,2027,603.4,603.4,603.4
Togo,Togo,Unmet country CO2 backstop cost: $m,,2028,533.4,533.4,533.4
Togo,Togo,Unmet country CO2 backstop cost: $m,,2029,533.4,533.4,533.4
Togo,Togo,Unmet country CO2 backstop cost: $m,,2030,830.8,830.8,830.8
Togo,Togo,Unmet country CO2 backstop cost: $m,,2031,752.5,752.5,752.5
Togo,Togo,Unmet country CO2 backstop cost: $m,,2032,687.1,687.1,687.1
Togo,Togo,Unmet country CO2 backstop cost: $m,,2033,570.4,570.4,570.4
Togo,Togo,Unmet country CO2 backstop cost: $m,,2034,549.3,549.3,549.3
Togo,Togo,Unmet country CO2 backstop cost: $m,,2035,538.9,538.9,538.9
Togo,Togo,Unmet country CO2 backstop cost: $m,,2040,378.7,378.7,378.7
Togo,Togo,Unmet country CO2 backstop cost: $m,,2045,215.4,215.4,215.4
Togo,Togo,Unmet country CO2 backstop cost: $m,,2050,138.3,138.3,138.3
Togo,Togo,Unmet country planning reserve costs: $/MWh,,,0.1,0.1,0.1
Togo,Togo,Unmet country planning reserve costs: $m,,2028,2.6,2.6,2.6
Togo,Togo,Unmet country planning reserve costs: $m,,2029,2.7,2.7,2.7
Togo,Togo,Unmet country spinning reserve costs: $/MWh,,,1.1,1.1,1.1
Togo,Togo,Unmet country spinning reserve costs: $m,,2026,6.1,6.1,6.1
Togo,Togo,Unmet country spinning reserve costs: $m,,2027,3.6,3.6,3.6
Togo,Togo,Unmet country spinning reserve costs: $m,,2028,1.7,1.7,1.7
Togo,Togo,Unmet country spinning reserve costs: $m,,2029,2.1,2.1,2.1
Togo,Togo,Unmet country spinning reserve costs: $m,,2030,2.5,2.5,2.5
Togo,Togo,Unmet country spinning reserve costs: $m,,2031,3.3,3.3,3.3
Togo,Togo,Unmet country spinning reserve costs: $m,,2032,2.8,2.8,2.8
Togo,Togo,Unmet country spinning reserve costs: $m,,2033,3.4,3.4,3.4
Togo,Togo,Unmet country spinning reserve costs: $m,,2034,4.9,4.9,4.9
Togo,Togo,Unmet country spinning reserve costs: $m,,2035,3.8,3.8,3.8
Togo,Togo,Unmet country spinning reserve costs: $m,,2040,6.2,6.2,6.2
Togo,Togo,Unmet country spinning reserve costs: $m,,2045,7.2,7.2,7.2
Togo,Togo,Unmet country spinning reserve costs: $m,,2050,6.3,6.3,6.3
Togo,Togo,Unmet demand costs: $/MWh,,,264.5,264.5,264.5
Togo,Togo,Unmet demand costs: $m,,2026,5000.6,5000.6,5000.6
Togo,Togo,Unmet demand costs: $m,,2027,4182.7,4182.7,4182.7
Togo,Togo,Unmet demand costs: $m,,2028,4541.1,4541.1,4541.1
Togo,Togo,Unmet demand costs: $m,,2029,2635.5,2635.5,2635.5
Togo,Togo,Unmet demand: GWh,,2026,2500.3,2500.3,2500.3
Togo,Togo,Unmet demand: GWh,,2027,2091.3,2091.3,2091.3
Togo,Togo,Unmet demand: GWh,,2028,2270.6,2270.6,2270.6
Togo,Togo,Unmet demand: GWh,,2029,1317.8,1317.8,1317.8
Togo,Togo,Variable O&M: $/MWh,,,0.7,0.7,0.7
Togo,Togo,Variable O&M: $m,,2026,4.5,4.5,4.5
Togo,Togo,Variable O&M: $m,,2027,5.1,5.1,5.1
Togo,Togo,Variable O&M: $m,,2028,4.4,4.4,4.4
Togo,Togo,Variable O&M: $m,,2029,4.4,4.4,4.4
Togo,Togo,Variable O&M: $m,,2030,4.8,4.8,4.8
Togo,Togo,Variable O&M: $m,,2031,4.2,4.2,4.2
Togo,Togo,Variable O&M: $m,,2032,3.7,3.7,3.7
Togo,Togo,Variable O&M: $m,,2033,3.1,3.1,3.1
Togo,Togo,Variable O&M: $m,,2034,3.0,3.0,3.0
Togo,Togo,Variable O&M: $m,,2035,2.9,2.9,2.9
Togo,Togo,Variable O&M: $m,,2040,2.1,2.1,2.1
Togo,Togo,Variable O&M: $m,,2045,1.2,1.2,1.2
Togo,Togo,Variable O&M: $m,,2050,0.8,0.8,0.8
