c,z,attribute,y,value
Benin,Benin,CapexInvestmentComponent,2026,42680000.0
Benin,Benin,CapexInvestmentComponent,2027,79205906.7525
Benin,Benin,CapexInvestmentComponent,2028,183330000.0
Benin,Benin,CapexInvestmentComponent,2029,119310000.0
Benin,Benin,CapexInvestmentComponent,2030,1773700000.0
Benin,Benin,CapexInvestmentComponent,2031,244830000.0
Benin,Benin,CapexInvestmentComponent,2032,72669469.16462335
Benin,Benin,CapexInvestmentComponent,2033,35890000.0
Benin,Benin,CapexInvestmentComponent,2034,34920000.0
Benin,Benin,CapexInvestmentComponent,2035,33950000.0
Benin,Benin,CapexInvestmentComponent,2040,145500000.0
Benin,Benin,CapexInvestmentComponent,2045,214590868.5486846
Benin,Benin,CapexInvestmentComponent,2050,917295000.0
Benin,Benin,CapexInvestmentComponentCumulated,2026,42680000.0
Benin,Benin,CapexInvestmentComponentCumulated,2027,121885906.7525
Benin,Benin,CapexInvestmentComponentCumulated,2028,303252000.0
Benin,Benin,CapexInvestmentComponentCumulated,2029,422562000.0
Benin,Benin,CapexInvestmentComponentCumulated,2030,2196262000.0
Benin,Benin,CapexInvestmentComponentCumulated,2031,2441092000.0
Benin,Benin,CapexInvestmentComponentCumulated,2032,2513761469.1646237
Benin,Benin,CapexInvestmentComponentCumulated,2033,2549651469.1646237
Benin,Benin,CapexInvestmentComponentCumulated,2034,2584571469.1646237
Benin,Benin,CapexInvestmentComponentCumulated,2035,2618521469.1646237
Benin,Benin,CapexInvestmentComponentCumulated,2040,2764021469.1646237
Benin,Benin,CapexInvestmentComponentCumulated,2045,2978612337.713308
Benin,Benin,CapexInvestmentComponentCumulated,2050,3895907337.713308
Benin,Benin,Costs,2026,000-5012.4187030359286.411110.17101599999995005872.1807300490440002.2805579646956173e-1500001459.041570986886400007.650764999999997
Benin,Benin,Costs,2027,000-4370.3748193359728.5903693123.18066719999992005775.020084811432000-3.5174707591068e-140000477.5617845245426500008.276228999999995
Benin,Benin,Costs,2028,000-4372.70191770843812.4153693123.18066719999992005620.4550874719040002.717342795222066e-140000378.3498702365323500008.276228999999995
Benin,Benin,Costs,2029,000-3413.26114049816714.9653693123.18066720000007004828.320857923443000-9.74068825598806e-150000196.4495565747256800008.276228999999995
Benin,Benin,Costs,2030,000-972.244267333634446.4653692999999990.448051200000100473.4725254864214000-40.068190187999980411.886096107500200000005.161806840000001
Benin,Benin,Costs,2031,000-930.240715804444754.81536929999999167.8864511999999500116.18253950042305000-141.709113808000150764.528666242500200000008.884806840000001
Benin,Benin,Costs,2032,000-958.833559177111956.977071467202315181.429933480624130099.13153156806247000-118.165226336218470826.203611070804100000009.535935795799237
Benin,Benin,Costs,2033,000-936.342181146906557.827071467202316181.42993348062410097.7816931400263000-57.49528633621910826.203621206304300000009.535935795799228
Benin,Benin,Costs,2034,000-931.284630047712558.67707146720232169.201564009992800187.22585026498965000-0.450611178417569370770.517518059659600000008.948033417403497
Benin,Benin,Costs,2035,000-901.82393716389659.52707146720232168.427881888754700196.88748606036137000-24.5146529730205920766.994298842560900000008.910837161574742
Benin,Benin,Costs,2040,000-840.782034965445963.77707146720232166.3190828283109400266.64832815508316000-32.567428874583310757.391203027424100000008.809452591361092
Benin,Benin,Costs,2045,000-906.559153379523871.40028458928764195.3752215194927500298.4427444494609000-34.632736993604420889.708439127882000000010.206382336129446
Benin,Benin,Costs,2050,000-731.703149904541682.75928458928765209.742300622352330015.702929974766725000-2259.4317558043550955.1339577179431000000011.276437170197731
Benin,Benin,CostsPerMWh,2026,000-2184.60921564715772.794165952862446348.01686194033125002559.32732256402730009.939568582875946e-160000635.907702614645800003.3345043014118927
Benin,Benin,CostsPerMWh,2027,000-1780.26373712993473.49927033390419350.17740674355932002352.443271615985000-1.4328349163892042e-140000194.5338700622659500003.3713058897593084
Benin,Benin,CostsPerMWh,2028,000-1666.38976633235624.73136397955045846.9428301071215002141.8951065390930001.0355501725916954e-140000144.185074519266900003.1539820387872695
Benin,Benin,CostsPerMWh,2029,000-1212.57025667066025.31648794109662543.76026535777082001715.274050530467000-3.46040586188154e-15000069.7892365785659800002.940152748268909
Benin,Benin,CostsPerMWh,2030,000-318.861553483421315.23898914705003429.66374509388925800155.28215499008093000-13.1409418372333580135.083995736218200000001.6928891257930596
Benin,Benin,CostsPerMWh,2031,000-288.2733534738025616.98679713922324252.026523315943470036.003939311478426000-43.9143984575070260236.9206579546343500000002.75332289720181
Benin,Benin,CostsPerMWh,2032,000-280.899253521394116.69196565951224553.1515948658298140029.04150877009267000-34.6176075632112440242.044070511720800000002.7936415251952607
Benin,Benin,CostsPerMWh,2033,000-261.6753003339184716.16066924922292450.703400198155240027.32660605787766000-16.067946764276220230.8953767855628300000002.664964703687984
Benin,Benin,CostsPerMWh,2034,000-249.0905554657411215.6943471987931345.256316066079560050.077269113377966000-0.120524901957583020206.0902009729632600000002.393329109439784
Benin,Benin,CostsPerMWh,2035,000-230.7698454252242215.23252213098664543.0994062887710140050.38200124427743000-6.2731121276600550196.2679725962502200000002.2802150504597094
Benin,Benin,CostsPerMWh,2040,000-177.3557826237388313.45322801049222735.0835886990494640056.24718530909129000-6.8698207096349920159.76519951545400000001.858278714163751
Benin,Benin,CostsPerMWh,2045,000-160.8607081852135812.6693336015000134.6675629254955240052.95596105991879000-6.14526540095633140157.8707016116315500000001.8110300739652985
Benin,Benin,CostsPerMWh,2050,000-111.142143862034812.5707321540732331.858833671503024002.3851985638420024000-343.19667652492480145.0801950901146400000001.7128358711928702
Benin,Benin,DemandEnergyZone,2026,2294.423491000002
Benin,Benin,DemandEnergyZone,2027,2454.903017
Benin,Benin,DemandEnergyZone,2028,2624.0571120000004
Benin,Benin,DemandEnergyZone,2029,2814.8976290000032
Benin,Benin,DemandEnergyZone,2030,3049.110991000001
Benin,Benin,DemandEnergyZone,2031,3226.9396549999974
Benin,Benin,DemandEnergyZone,2032,3413.442888000001
Benin,Benin,DemandEnergyZone,2033,3578.2596980000003
Benin,Benin,DemandEnergyZone,2034,3738.739223999995
Benin,Benin,DemandEnergyZone,2035,3907.893318999998
Benin,Benin,DemandEnergyZone,2040,4740.651940000001
Benin,Benin,DemandEnergyZone,2045,5635.677994999995
Benin,Benin,DemandEnergyZone,2050,6583.489614999996
Benin,Benin,DemandPeakZone,2026,488.0499523898065
Benin,Benin,DemandPeakZone,2027,522.185771401198
Benin,Benin,DemandPeakZone,2028,558.1667698244503
Benin,Benin,DemandPeakZone,2029,598.7607166693167
Benin,Benin,DemandPeakZone,2030,648.5805605734878
Benin,Benin,DemandPeakZone,2031,686.406738408602
Benin,Benin,DemandPeakZone,2032,726.0780956608638
Benin,Benin,DemandPeakZone,2033,761.136504264859
Benin,Benin,DemandPeakZone,2034,795.2723232815373
Benin,Benin,DemandPeakZone,2035,831.2533217047896
Benin,Benin,DemandPeakZone,2040,1008.3905446005097
Benin,Benin,DemandPeakZone,2045,1198.772758357425
Benin,Benin,DemandPeakZone,2050,1400.383061717063
Benin,Benin,EmissionsIntensityZone,2026,6.62469439570852e-07
Benin,Benin,EmissionsIntensityZone,2027,5.749804310014927e-07
Benin,Benin,EmissionsIntensityZone,2028,4.806197662806556e-07
Benin,Benin,EmissionsIntensityZone,2029,4.33222069223434e-07
Benin,Benin,EmissionsIntensityZone,2030,1.813171068292469e-07
Benin,Benin,EmissionsIntensityZone,2031,2.3628774920665158e-07
Benin,Benin,EmissionsIntensityZone,2032,2.407782265396628e-07
Benin,Benin,EmissionsIntensityZone,2033,2.3849521930763145e-07
Benin,Benin,EmissionsIntensityZone,2034,2.2998581046197098e-07
Benin,Benin,EmissionsIntensityZone,2035,2.2732447291634546e-07
Benin,Benin,EmissionsIntensityZone,2040,2.1554913301338418e-07
Benin,Benin,EmissionsIntensityZone,2045,2.2086009092712202e-07
Benin,Benin,EmissionsIntensityZone,2050,2.016189357819821e-07
Benin,Benin,EmissionsZone,2026,0.7519171841999998
Benin,Benin,EmissionsZone,2027,0.8704050843600001
Benin,Benin,EmissionsZone,2028,0.8704050843599997
Benin,Benin,EmissionsZone,2029,0.870405084360001
Benin,Benin,EmissionsZone,2030,0.8237730201600004
Benin,Benin,EmissionsZone,2031,1.5290581401600003
Benin,Benin,EmissionsZone,2032,1.652408009546608
Benin,Benin,EmissionsZone,2033,1.6524080095466085
Benin,Benin,EmissionsZone,2034,1.5410357829833192
Benin,Benin,EmissionsZone,2035,1.5339893242791216
Benin,Benin,EmissionsZone,2040,1.5147830312978483
Benin,Benin,EmissionsZone,2045,1.779417402146764
Benin,Benin,EmissionsZone,2050,1.910268337975886
Benin,Benin,GenCostsPerMWh,2026,113.59673143680331
Benin,Benin,GenCostsPerMWh,2027,101.2975876406658
Benin,Benin,GenCostsPerMWh,2028,97.93804622656404
Benin,Benin,GenCostsPerMWh,2029,96.09097154736175
Benin,Benin,GenCostsPerMWh,2030,81.22980160393688
Benin,Benin,GenCostsPerMWh,2031,74.89937695493855
Benin,Benin,GenCostsPerMWh,2032,74.15396246215619
Benin,Benin,GenCostsPerMWh,2033,74.14421131899452
Benin,Benin,GenCostsPerMWh,2034,75.45434820748244
Benin,Benin,GenCostsPerMWh,2035,75.48386717778756
Benin,Benin,GenCostsPerMWh,2040,75.05253051830542
Benin,Benin,GenCostsPerMWh,2045,73.08031811965742
Benin,Benin,GenCostsPerMWh,2050,74.82642173855498
Burkina,Burkina,CapexInvestmentComponent,2026,193849234.7295
Burkina,Burkina,CapexInvestmentComponent,2028,163328469.45075
Burkina,Burkina,CapexInvestmentComponent,2029,148985518.51911047
Burkina,Burkina,CapexInvestmentComponent,2030,615109366.625689
Burkina,Burkina,CapexInvestmentComponent,2031,234521380.74654782
Burkina,Burkina,CapexInvestmentComponent,2032,241691672.50304592
Burkina,Burkina,CapexInvestmentComponent,2033,364111854.83634275
Burkina,Burkina,CapexInvestmentComponent,2034,194934155.14230263
Burkina,Burkina,CapexInvestmentComponent,2035,198542768.42412108
Burkina,Burkina,CapexInvestmentComponent,2040,1093198096.9462779
Burkina,Burkina,CapexInvestmentComponent,2045,602517257.7299495
Burkina,Burkina,CapexInvestmentComponent,2050,582935782.0547757
Burkina,Burkina,CapexInvestmentComponentCumulated,2026,193849234.7295
Burkina,Burkina,CapexInvestmentComponentCumulated,2028,357177704.18025
Burkina,Burkina,CapexInvestmentComponentCumulated,2029,506163222.6993605
Burkina,Burkina,CapexInvestmentComponentCumulated,2030,1121272589.3250494
Burkina,Burkina,CapexInvestmentComponentCumulated,2031,1355793970.0715973
Burkina,Burkina,CapexInvestmentComponentCumulated,2032,1597485642.5746431
Burkina,Burkina,CapexInvestmentComponentCumulated,2033,1961597497.410986
Burkina,Burkina,CapexInvestmentComponentCumulated,2034,1721172250.313048
Burkina,Burkina,CapexInvestmentComponentCumulated,2035,1919715018.7371688
Burkina,Burkina,CapexInvestmentComponentCumulated,2040,3448272517.9236875
Burkina,Burkina,CapexInvestmentComponentCumulated,2045,4050789775.653637
Burkina,Burkina,CapexInvestmentComponentCumulated,2050,4633725557.708413
Burkina,Burkina,Costs,2026,000-16.19635158825743225.047115883.3246987114803500302.06887152002037000-37.777979550000000005.158626728061753
Burkina,Burkina,Costs,2027,000-42.56541462943117425.0471158193.3867590260124400263.99102966543103000-36.841369399999984000.1676510942947970800000011.942913280350016
Burkina,Burkina,Costs,2028,000-175.1630968866462628.7314395385.1318859075256600224.49479420481669000-61.60326064352952002.15105932414239300000023.31513072623133
Burkina,Burkina,Costs,2029,000-32.1679211835400632.07794957178256188.9052705755106800307.7697359073176000-64.2870850946207003.645960629196342700000011.555787214508499
Burkina,Burkina,Costs,2030,000-73.0504472940608641.577949571782554140.49544592271238001123.1011903518977000-190.84621093237360397.697785542092700000008.449055837249352
Burkina,Burkina,Costs,2031,000-57.4625829323692845.41735191366661152.43821223220903001104.1339495157677000-226.227977204431770435.1673816554709300000009.201656483513402
Burkina,Burkina,Costs,2032,000-48.5461762799119550.04137177040023170.36365725989452001154.7253026179492000-248.70841899678730487.4486512620728000000010.223027169499744
Burkina,Burkina,Costs,2033,000-55.12174219313105548.144250770400234221.55755528276006001312.145519654655000-315.642379081717930579.547875136558300000009.92631698922204
Burkina,Burkina,Costs,2034,000-56.1697298100800952.948604648957804265.90451472258655001260.151020924535000-289.287743937644450686.9991028550241000000011.073039663161131
Burkina,Burkina,Costs,2035,000-61.89974931483127657.91592385956083316.7759088497638001317.1084313088277000-261.511010116825730810.1628970084524000000012.44264645642853
Burkina,Burkina,Costs,2040,000-1034.147101352201485.48004572599197843.921111819196300589.4830112802266000-1572.015374524671602117.0457887565244000000028.424116699022115
Burkina,Burkina,Costs,2045,000-1050.8412034016683102.57513058782055944.574190852442800595.7950749902078000-1569.304956121607102363.4849336835514000000031.20620437550876
Burkina,Burkina,Costs,2050,000-1446.3939801773295117.795032141733861047.4042767674869001164.696172269879000-1353.954365689788802592.52672186034007.877252749850697000032.86347414020797
Burkina,Burkina,CostsPerMWh,2026,000-4.5644895949553757.05883043040576923.482740430696210085.12967957627482000-10.6466690127566230000000001.45381494691484
Burkina,Burkina,CostsPerMWh,2027,000-11.075944971022646.51750907864559650.321161434558630068.6930960939401000-9.586491372960232000.043624485063913380000003.1076650242563373
Burkina,Burkina,CostsPerMWh,2028,000-42.092956514875566.90437229632857292.54997207824190053.94771945825131000-14.80370818700864000.51691508200861290000005.60279420289647
Burkina,Burkina,CostsPerMWh,2029,000-7.1433372463282737.12335779034439141.9490599852701960068.34457860224757000-14.27584725771023000.80963660077951420000002.5661243307907897
Burkina,Burkina,CostsPerMWh,2030,000-14.9680098233516478.51930659808373428.78746527371779600230.12302145303724000-39.10431853327549081.4881302061953200000001.7312084382031807
Burkina,Burkina,CostsPerMWh,2031,000-10.88049492489368.59973989648816928.86405570220365400209.06689572670933000-42.836089716656154082.3986017675930900000001.7423264246112407
Burkina,Burkina,CostsPerMWh,2032,000-8.517263265669718.77959028299652129.88973037584570500202.5926685805096000-43.63505518478229085.5212255514478600000001.7935957154004196
Burkina,Burkina,CostsPerMWh,2033,000-8.9576472027190047.82375875801361936.00456619034784500213.2323140751432000-51.293971517345426094.1803578045407600000001.6130920771747153
Burkina,Burkina,CostsPerMWh,2034,000-8.4557071913401177.97080382290304240.028868305969400189.70125164985174000-43.548944690510530103.4198183629673800000001.666918844480239
Burkina,Burkina,CostsPerMWh,2035,000-8.6362823424530688.08045712804426444.19672483969565500183.76359216826486000-36.486139992942930113.0343111142176700000001.736003926905933
Burkina,Burkina,CostsPerMWh,2040,000-124.4327568433162310.28530441256385101.543997333291570070.92897723156408000-189.151240279465640254.7315014605358700000003.420104545156867
Burkina,Burkina,CostsPerMWh,2045,000-106.3607514002314410.38212807889612995.604949983989120060.303318571239735000-158.83699056421710239.2198104299319800000003.158531788612803
Burkina,Burkina,CostsPerMWh,2050,000-125.3201556160956910.2061346777696390.7504239898543300100.91296531560329000-117.310894632272860224.62472650957218000.682510127923498300002.8473954882137105
Burkina,Burkina,DemandEnergyZone,2026,3548.3379360000004
Burkina,Burkina,DemandEnergyZone,2027,3843.050389000002
Burkina,Burkina,DemandEnergyZone,2028,4161.339839
Burkina,Burkina,DemandEnergyZone,2029,4503.206284999998
Burkina,Burkina,DemandEnergyZone,2030,4880.438224999999
Burkina,Burkina,DemandEnergyZone,2031,5281.247161000004
Burkina,Burkina,DemandEnergyZone,2032,5699.738844000001
Burkina,Burkina,DemandEnergyZone,2033,6153.596021999996
Burkina,Burkina,DemandEnergyZone,2034,6642.818695000001
Burkina,Burkina,DemandEnergyZone,2035,7167.406861000001
Burkina,Burkina,DemandEnergyZone,2040,8310.891179999999
Burkina,Burkina,DemandEnergyZone,2045,9879.971602
Burkina,Burkina,DemandEnergyZone,2050,11541.591
Burkina,Burkina,DemandPeakZone,2026,743.2207186729868
Burkina,Burkina,DemandPeakZone,2027,804.9500142116207
Burkina,Burkina,DemandPeakZone,2028,871.6176535602907
Burkina,Burkina,DemandPeakZone,2029,943.2236364952124
Burkina,Burkina,DemandPeakZone,2030,1022.2371348173376
Burkina,Burkina,DemandPeakZone,2031,1106.1889767335415
Burkina,Burkina,DemandPeakZone,2032,1193.8445763237794
Burkina,Burkina,DemandPeakZone,2033,1288.9076915484882
Burkina,Burkina,DemandPeakZone,2034,1391.3783223920138
Burkina,Burkina,DemandPeakZone,2035,1501.256468328515
Burkina,Burkina,DemandPeakZone,2040,1740.7661353118024
Burkina,Burkina,DemandPeakZone,2045,2069.4194654233165
Burkina,Burkina,DemandPeakZone,2050,2417.455640433436
Burkina,Burkina,EmissionsIntensityZone,2026,4.066054127514621e-07
Burkina,Burkina,EmissionsIntensityZone,2027,5.455799645948795e-07
Burkina,Burkina,EmissionsIntensityZone,2028,5.723065575102926e-07
Burkina,Burkina,EmissionsIntensityZone,2029,4.239074499402562e-07
Burkina,Burkina,EmissionsIntensityZone,2030,2.851678829896965e-07
Burkina,Burkina,EmissionsIntensityZone,2031,2.6708567904619626e-07
Burkina,Burkina,EmissionsIntensityZone,2032,2.5927726310830693e-07
Burkina,Burkina,EmissionsIntensityZone,2033,2.590457679371012e-07
Burkina,Burkina,EmissionsIntensityZone,2034,2.752810227500389e-07
Burkina,Burkina,EmissionsIntensityZone,2035,2.901840893193244e-07
Burkina,Burkina,EmissionsIntensityZone,2040,4.092929595694325e-07
Burkina,Burkina,EmissionsIntensityZone,2045,3.680909781139409e-07
Burkina,Burkina,EmissionsIntensityZone,2050,3.420862990526593e-07
Burkina,Burkina,EmissionsZone,2026,0.5055031721829811
Burkina,Burkina,EmissionsZone,2027,1.171651362740211
Burkina,Burkina,EmissionsZone,2028,2.260614788574995
Burkina,Burkina,EmissionsZone,2029,1.1292687715422578
Burkina,Burkina,EmissionsZone,2030,0.7953965344451853
Burkina,Burkina,EmissionsZone,2031,0.8703357303759419
Burkina,Burkina,EmissionsZone,2032,0.9748982732931456
Burkina,Burkina,EmissionsZone,2033,1.1590967247461168
Burkina,Burkina,EmissionsZone,2034,1.3739991838870482
Burkina,Burkina,EmissionsZone,2035,1.620326775897905
Burkina,Burkina,EmissionsZone,2040,4.234092577914049
Burkina,Burkina,EmissionsZone,2045,4.726970886287102
Burkina,Burkina,EmissionsZone,2050,5.18505448116068
Burkina,Burkina,GenCostsPerMWh,2026,108.31032864303486
Burkina,Burkina,GenCostsPerMWh,2027,117.11143953197654
Burkina,Burkina,GenCostsPerMWh,2028,120.6118240716757
Burkina,Burkina,GenCostsPerMWh,2029,108.2632070603525
Burkina,Burkina,GenCostsPerMWh,2030,111.20609927446351
Burkina,Burkina,GenCostsPerMWh,2031,108.46018106582109
Burkina,Burkina,GenCostsPerMWh,2032,107.56452733357493
Burkina,Burkina,GenCostsPerMWh,2033,110.31696220070455
Burkina,Burkina,GenCostsPerMWh,2034,113.20118941357002
Burkina,Burkina,GenCostsPerMWh,2035,115.28060857795833
Burkina,Burkina,GenCostsPerMWh,2040,129.01024369824273
Burkina,Burkina,GenCostsPerMWh,2045,118.60769061957667
Burkina,Burkina,GenCostsPerMWh,2050,112.74771104240506
Gambia,Gambia,CapexInvestmentComponent,2026,137854790.999
Gambia,Gambia,CapexInvestmentComponent,2027,1767516.07725
Gambia,Gambia,CapexInvestmentComponent,2028,2272427.652375
Gambia,Gambia,CapexInvestmentComponent,2029,6161059.199435294
Gambia,Gambia,CapexInvestmentComponent,2030,88773956.45396297
Gambia,Gambia,CapexInvestmentComponent,2031,105400185.73558445
Gambia,Gambia,CapexInvestmentComponent,2032,82132571.99950403
Gambia,Gambia,CapexInvestmentComponent,2033,80530552.99566796
Gambia,Gambia,CapexInvestmentComponent,2034,80091749.15255131
Gambia,Gambia,CapexInvestmentComponent,2035,79995106.72361493
Gambia,Gambia,CapexInvestmentComponent,2040,481081266.34925765
Gambia,Gambia,CapexInvestmentComponent,2045,289112230.6363088
Gambia,Gambia,CapexInvestmentComponent,2050,143549627.58693498
Gambia,Gambia,CapexInvestmentComponentCumulated,2026,137854790.999
Gambia,Gambia,CapexInvestmentComponentCumulated,2027,11582307.07625
Gambia,Gambia,CapexInvestmentComponentCumulated,2028,13854734.728625
Gambia,Gambia,CapexInvestmentComponentCumulated,2029,20015793.928060293
Gambia,Gambia,CapexInvestmentComponentCumulated,2030,236829750.38202327
Gambia,Gambia,CapexInvestmentComponentCumulated,2031,342229936.1176077
Gambia,Gambia,CapexInvestmentComponentCumulated,2032,424362508.11711174
Gambia,Gambia,CapexInvestmentComponentCumulated,2033,504893061.11277974
Gambia,Gambia,CapexInvestmentComponentCumulated,2034,584984810.265331
Gambia,Gambia,CapexInvestmentComponentCumulated,2035,664979916.988946
Gambia,Gambia,CapexInvestmentComponentCumulated,2040,1146061183.3382037
Gambia,Gambia,CapexInvestmentComponentCumulated,2045,1435173413.9745123
Gambia,Gambia,CapexInvestmentComponentCumulated,2050,1578723041.5614474
Gambia,Gambia,Costs,2026,000-137.972468066429544.55968631999999934.3379735999999800139.2944810596457600000000207.0110850622620500002.3845815000000004
Gambia,Gambia,Costs,2027,000-7.5618327491021324.62211868999999934.337973600000020052.1735726450766900000000000002.384581500000001
Gambia,Gambia,Costs,2028,000-0.63111314985278164.62211868999999911.5794057378503530073.00257858871142000-0.08721000000000002000.202177315039704990000000.8041253984618298
Gambia,Gambia,Costs,2029,000-0.407108896357430254.7396384452941172.9597141680280880085.10917928874696000-0.18239999999999987000.442439965118446850000000.20553570611306166
Gambia,Gambia,Costs,2030,000-6.4521452153043337.60246849423871753.54909338816165600163.87779675602508000-1.2665970000000002012.11126858660165200000000.24646481862233716
Gambia,Gambia,Costs,2031,000-14.03277699048111610.3625951603552553.48543310246007600132.98224756481778000-1.2665969999999995011.89402833964501300000000.24204396544861637
Gambia,Gambia,Costs,2032,000-22.5628737024585613.1227218247120292.00428482390601870091.44335390759203000-0.633298506.8396103170792900000000.13918644610458464
Gambia,Gambia,Costs,2033,000-39.9988184082138815.8828484944959941.9739362260414610074.76556711522235000-0.633298506.736046204866485500000000.13707890458621255
Gambia,Gambia,Costs,2034,000-58.4935467590538618.6579878236159151.95531840000000010060.51639334208751000-0.56697606.67251335150000100000000.135786
Gambia,Gambia,Costs,2035,000-68.1336565787377621.448139822975481.13121132687365990051.0745750585945000-1.415959514558209603.86024844245636400000000.07855634214400414
Gambia,Gambia,Costs,2040,000-128.326428938711837.879878638759912.291868131868132e-060035.23274689499682000-34.2485509855152940000000001.5915750915750916e-07
Gambia,Gambia,Costs,2045,000-77.8868830985368447.846199120927271.5915018315018316e-060031.563535509614276000-65.83080535317220000000001.1052096052096052e-07
Gambia,Gambia,Costs,2050,000-29.51420569415604353.016789877308160.044395456041808580018.668372773354783000-82.4370070517922200.1514964527426717600000000.0030830177806811516
Gambia,Gambia,CostsPerMWh,2026,000-185.05169107756386.11555099451421246.05484102667015400186.8248038112099600000000277.647793791214800003.198252849074319
Gambia,Gambia,CostsPerMWh,2027,000-9.5968214827074515.86599167312745543.578774306566010066.2141678350822200000000000003.026303771289306
Gambia,Gambia,CostsPerMWh,2028,000-0.76008900580947875.56670638321358313.945801948826970087.92156746213523000-0.1050324529161013000.243494774941080000000.9684584686685394
Gambia,Gambia,CostsPerMWh,2029,000-0.464251740340140445.4049061970852993.375147204373620097.05532096510929000-0.20800212964075168000.50454196810754880000000.23438522252594585
Gambia,Gambia,CostsPerMWh,2030,000-6.98652041841968.2321149932279063.84303399812737200177.45037269865327000-1.371498239286237013.11433987451957800000000.26687736098106746
Gambia,Gambia,CostsPerMWh,2031,000-14.52854320933189710.728696939327133.608570525041230800137.6803986217475000-1.3113448076451786012.31423436592546700000000.25059517535008546
Gambia,Gambia,CostsPerMWh,2032,000-22.37848842964829613.0154820876301741.98790567783983650090.69607286621033000-0.628123143428283306.783716576288056500000000.1380490054055442
Gambia,Gambia,CostsPerMWh,2033,000-38.07227020068311415.1178490641310651.87886133509720080071.1644740069001000-0.602795596700327206.41160367735509900000000.13047648160397227
Gambia,Gambia,CostsPerMWh,2034,000-53.311571487427517.005066486522981.78209567444544680055.155212986270364000-0.516747286331669306.08139174744514400000000.12375664405871158
Gambia,Gambia,CostsPerMWh,2035,000-59.34794688067507518.6824416422187340.98534370690250840044.48860254590308000-1.233374139520516903.36247650593000400000000.06842664631267419
Gambia,Gambia,CostsPerMWh,2040,000-90.9672714429934126.852061814993971.624645773964194e-060024.975578896613474000-24.277907986643330000000001.128226231919579e-07
Gambia,Gambia,CostsPerMWh,2045,000-46.44353661481845628.5304355797802429.490041280814135e-070018.821169352473824000-39.254561194020550000000006.590306445009817e-08
Gambia,Gambia,CostsPerMWh,2050,000-15.06544883466008327.0622812469136350.022661544017825323009.529221885819757000-42.07975388838604400.0773309666903602100000000.0015737183345712034
Gambia,Gambia,DemandEnergyZone,2026,745.5887988000004
Gambia,Gambia,DemandEnergyZone,2027,787.9517986999996
Gambia,Gambia,DemandEnergyZone,2028,830.3147987000015
Gambia,Gambia,DemandEnergyZone,2029,876.9140984999998
Gambia,Gambia,DemandEnergyZone,2030,923.513398500001
Gambia,Gambia,DemandEnergyZone,2031,965.8763984999996
Gambia,Gambia,DemandEnergyZone,2032,1008.239398
Gambia,Gambia,DemandEnergyZone,2033,1050.6023989999994
Gambia,Gambia,DemandEnergyZone,2034,1097.2016980000003
Gambia,Gambia,DemandEnergyZone,2035,1148.0372980000002
Gambia,Gambia,DemandEnergyZone,2040,1410.687898
Gambia,Gambia,DemandEnergyZone,2045,1677.023086
Gambia,Gambia,DemandEnergyZone,2050,1959.0658080000017
Gambia,Gambia,DemandPeakZone,2026,173.133263140223
Gambia,Gambia,DemandPeakZone,2027,182.9703803588317
Gambia,Gambia,DemandPeakZone,2028,192.80749759791823
Gambia,Gambia,DemandPeakZone,2029,203.62832651414328
Gambia,Gambia,DemandPeakZone,2030,214.4491554777845
Gambia,Gambia,DemandPeakZone,2031,224.2862727168708
Gambia,Gambia,DemandPeakZone,2032,234.12338984064783
Gambia,Gambia,DemandPeakZone,2033,243.9605073200441
Gambia,Gambia,DemandPeakZone,2034,254.78133604660576
Gambia,Gambia,DemandPeakZone,2035,266.5858767348014
Gambia,Gambia,DemandPeakZone,2040,327.57600362165965
Gambia,Gambia,DemandPeakZone,2045,389.4217291266617
Gambia,Gambia,DemandPeakZone,2050,454.91490294936
Gambia,Gambia,EmissionsIntensityZone,2026,4.038361064013458e-07
Gambia,Gambia,EmissionsIntensityZone,2027,4.08724735068625e-07
Gambia,Gambia,EmissionsIntensityZone,2028,2.113244038848246e-07
Gambia,Gambia,EmissionsIntensityZone,2029,6.880703370734206e-08
Gambia,Gambia,EmissionsIntensityZone,2030,5.0472122277182674e-08
Gambia,Gambia,EmissionsIntensityZone,2031,3.5177047079706604e-08
Gambia,Gambia,EmissionsIntensityZone,2032,1.5998735908599247e-08
Gambia,Gambia,EmissionsIntensityZone,2033,1.2989508066361638e-08
Gambia,Gambia,EmissionsIntensityZone,2034,1.0921997239441102e-08
Gambia,Gambia,EmissionsIntensityZone,2035,5.533274267413676e-09
Gambia,Gambia,EmissionsIntensityZone,2040,5.9913713399591085e-15
Gambia,Gambia,EmissionsIntensityZone,2045,3.361750138117124e-15
Gambia,Gambia,EmissionsIntensityZone,2050,8.325229340546491e-11
Gambia,Gambia,EmissionsZone,2026,0.2343566698199999
Gambia,Gambia,EmissionsZone,2027,0.2343566698199993
Gambia,Gambia,EmissionsZone,2028,0.0790294441608286
Gambia,Gambia,EmissionsZone,2029,0.0202000491967917
Gambia,Gambia,EmissionsZone,2030,0.0242225623742033
Gambia,Gambia,EmissionsZone,2031,0.02378808092429
Gambia,Gambia,EmissionsZone,2032,0.0136792439231585
Gambia,Gambia,EmissionsZone,2033,0.0134721147427329
Gambia,Gambia,EmissionsZone,2034,0.01334504808
Gambia,Gambia,EmissionsZone,2035,0.0077205173059127
Gambia,Gambia,EmissionsZone,2040,1.5642e-08
Gambia,Gambia,EmissionsZone,2045,1.0862e-08
Gambia,Gambia,EmissionsZone,2050,0.0003029989874853
Gambia,Gambia,GenCostsPerMWh,2026,97.42969355960713
Gambia,Gambia,GenCostsPerMWh,2027,99.08009117960628
Gambia,Gambia,GenCostsPerMWh,2028,87.5437935672447
Gambia,Gambia,GenCostsPerMWh,2029,82.98331482311386
Gambia,Gambia,GenCostsPerMWh,2030,78.1343330029785
Gambia,Gambia,GenCostsPerMWh,2031,76.59046236526417
Gambia,Gambia,GenCostsPerMWh,2032,72.341350579952
Gambia,Gambia,GenCostsPerMWh,2033,70.66472296665917
Gambia,Gambia,GenCostsPerMWh,2034,69.33468053807941
Gambia,Gambia,GenCostsPerMWh,2035,68.30045386381423
Gambia,Gambia,GenCostsPerMWh,2040,62.71051152480094
Gambia,Gambia,GenCostsPerMWh,2045,63.59457979346069
Gambia,Gambia,GenCostsPerMWh,2050,62.3051406484304
Ghana,Ghana,CapexInvestmentComponent,2026,67680000.0
Ghana,Ghana,CapexInvestmentComponent,2027,198000000.0
Ghana,Ghana,CapexInvestmentComponent,2028,296230051.08714426
Ghana,Ghana,CapexInvestmentComponent,2029,198850000.0
Ghana,Ghana,CapexInvestmentComponent,2030,1550565000.0
Ghana,Ghana,CapexInvestmentComponent,2031,998215000.0
Ghana,Ghana,CapexInvestmentComponent,2032,748941398.2513075
Ghana,Ghana,CapexInvestmentComponent,2033,687835908.4569921
Ghana,Ghana,CapexInvestmentComponent,2034,567130000.0
Ghana,Ghana,CapexInvestmentComponent,2035,751235000.0
Ghana,Ghana,CapexInvestmentComponent,2040,1929225000.0
Ghana,Ghana,CapexInvestmentComponent,2045,1986991232.9525
Ghana,Ghana,CapexInvestmentComponent,2050,2323640604.3953004
Ghana,Ghana,CapexInvestmentComponentCumulated,2026,67680000.0
Ghana,Ghana,CapexInvestmentComponentCumulated,2027,265680000.0
Ghana,Ghana,CapexInvestmentComponentCumulated,2028,561910051.0871443
Ghana,Ghana,CapexInvestmentComponentCumulated,2029,760760051.0871443
Ghana,Ghana,CapexInvestmentComponentCumulated,2030,2311325051.0871444
Ghana,Ghana,CapexInvestmentComponentCumulated,2031,3309540051.0871444
Ghana,Ghana,CapexInvestmentComponentCumulated,2032,4058481449.338452
Ghana,Ghana,CapexInvestmentComponentCumulated,2033,4746317357.7954445
Ghana,Ghana,CapexInvestmentComponentCumulated,2034,5313447357.7954445
Ghana,Ghana,CapexInvestmentComponentCumulated,2035,6064682357.7954445
Ghana,Ghana,CapexInvestmentComponentCumulated,2040,7993907357.795444
Ghana,Ghana,CapexInvestmentComponentCumulated,2045,9980898590.747944
Ghana,Ghana,CapexInvestmentComponentCumulated,2050,12304539195.143244
Ghana,Ghana,Costs,2026,000-356.4124024200203181.233999999999981189.306807475621600134.65440558825742000-1682.839994999999800000000071.54557066914043
Ghana,Ghana,Costs,2027,000-343.77998686543106184.233999999999981300.504957199999400174.78009462943118000-1672.54811200000000079.38329639999982
Ghana,Ghana,Costs,2028,000-343.9521186892845178.141689545353361248.324251640621200368.72334248664595000-1669.88379268235300000000069.58374387374099
Ghana,Ghana,Costs,2029,000-283.7040298721525182.391689545353361104.840770537499600528.9306189714066000-1779.394505849889800000000065.68666167094017
Ghana,Ghana,Costs,2030,000-949.3460248544858217.311689545353351065.3640590243128001769.6648925675706000-291.376454470267304851.498508283759000000060.22740681058571
Ghana,Ghana,Costs,2031,000-496.89237809923145244.16168954535334968.5995072000004001487.4718579273278000-144.1437854552593204410.847847215967000000050.63018053199997
Ghana,Ghana,Costs,2032,000-483.3473124443985262.25423160584081033.05450307958001403.8102830083362000-158.3965151218824604704.366203384359000000053.891998410825856
Ghana,Ghana,Costs,2033,000-506.03409212808975278.317085395474241076.5527240000015001434.556330099042000-200.1190876022410804902.450630507963000000056.14627903199988
Ghana,Ghana,Costs,2034,000-421.15761983566324290.167085395474261076.5527240000008001654.7223620832717000-185.0683144200541504902.450851593973000000056.30929903199989
Ghana,Ghana,Costs,2035,000-524.3341699218778310.01708539547421111.119051114221002256.6542968154918000-395.802392318897105059.860808461667000000058.83582857827155
Ghana,Ghana,Costs,2040,0000374.224585395474261501.987380017327.28000-7287.95590163592205809.887262910010864.748458999988000065.83101583200003
Ghana,Ghana,Costs,2045,0000462.936910395474231369.2996600000010017327.28000-7284.61093490820105463.1311267399964.378952914374318026401.75677899999000062.227151832
Ghana,Ghana,Costs,2050,0000539.34773539547421369.29965999999940016334.275502570072000-5474.38913595393405463.13223216996574.41038986478269043505.407304558394000062.22715183199998
Ghana,Ghana,CostsPerMWh,2026,000-12.5048553584827986.35865907205020541.72725052035451004.724397506457404000-59.0430371840585760000000002.5102016840125967
Ghana,Ghana,CostsPerMWh,2027,000-11.3187153261377686.06577543506606242.818215001386264005.754512221097765000-55.067475339707780000000002.6136394436297707
Ghana,Ghana,CostsPerMWh,2028,000-10.7689508236585345.577517887280051539.084342696089920011.544524156168247000-52.283139040250660000000002.178628579925397
Ghana,Ghana,CostsPerMWh,2029,000-8.4185227726065245.412219885151702532.784614272365150015.69528096920672000-52.801058820696730000000001.9491603886716207
Ghana,Ghana,CostsPerMWh,2030,000-26.766882083827296.1271193192064430.038019223414730049.89583383414452000-8.2153808986610240136.7883628321928600000001.6981162338155307
Ghana,Ghana,CostsPerMWh,2031,000-13.3635687993347936.566555818148526.0497981534424420040.004502758777456000-3.87664508217356250118.6266307709329600000001.3616628684270196
Ghana,Ghana,CostsPerMWh,2032,000-12.2950578629002456.67104351129535926.2781328537007220035.70916443257838000-4.0291820572175570119.6664452034926400000001.370867741991747
Ghana,Ghana,CostsPerMWh,2033,000-12.2835572928548756.75591608790327826.1324232294722630034.822663422722094000-4.8577246398919450119.0029172579819300000001.3629042904398085
Ghana,Ghana,CostsPerMWh,2034,000-9.744012587465616.71338140258501124.9074047332198350038.28408834486174000-4.2817888133039270113.4243821256349800000001.3027866354959168
Ghana,Ghana,CostsPerMWh,2035,000-11.5647586412485546.83776296287572324.5069354334538580049.77295735522255000-8.7298509221300820111.6007164226784200000001.2976879936452794
Ghana,Ghana,CostsPerMWh,2040,00006.39850787741458525.68104410497536300296.2625703947376000-124.609779973669099.3376995242971400185.7659312457351200001.1255815085855942
Ghana,Ghana,CostsPerMWh,2045,00006.65825005634174519.69412966132948400249.21184819264536000-104.77186000646536078.574190814348440.062980857292073230379.726685459419500000.8949900685980187
Ghana,Ghana,CostsPerMWh,2050,00006.64044475938084916.85880583998698500201.1074619230423000-67.40063276987998067.262037865640150.91614009106531670535.63820700656700000.7661401673838716
Ghana,Ghana,DemandEnergyZone,2026,28501.92123000001
Ghana,Ghana,DemandEnergyZone,2027,30372.70369999998
Ghana,Ghana,DemandEnergyZone,2028,31939.24127999999
Ghana,Ghana,DemandEnergyZone,2029,33699.97772000001
Ghana,Ghana,DemandEnergyZone,2030,35467.18746999996
Ghana,Ghana,DemandEnergyZone,2031,37182.61083999998
Ghana,Ghana,DemandEnergyZone,2032,39312.32514999999
Ghana,Ghana,DemandEnergyZone,2033,41196.05420999996
Ghana,Ghana,DemandEnergyZone,2034,43222.19579000001
Ghana,Ghana,DemandEnergyZone,2035,45338.9635
Ghana,Ghana,DemandEnergyZone,2040,58486.22719000003
Ghana,Ghana,DemandEnergyZone,2045,69528.31547000002
Ghana,Ghana,DemandEnergyZone,2050,81221.62821
Ghana,Ghana,DemandPeakZone,2026,3435.590535180388
Ghana,Ghana,DemandPeakZone,2027,3661.092615676525
Ghana,Ghana,DemandPeakZone,2028,3849.921349549109
Ghana,Ghana,DemandPeakZone,2029,4062.158601283132
Ghana,Ghana,DemandPeakZone,2030,4275.17614004782
Ghana,Ghana,DemandPeakZone,2031,4481.951403716844
Ghana,Ghana,DemandPeakZone,2032,4738.664847001492
Ghana,Ghana,DemandPeakZone,2033,4965.727495214052
Ghana,Ghana,DemandPeakZone,2034,5209.956394652285
Ghana,Ghana,DemandPeakZone,2035,5465.10926810552
Ghana,Ghana,DemandPeakZone,2040,7049.8661109041
Ghana,Ghana,DemandPeakZone,2045,8380.867402251857
Ghana,Ghana,DemandPeakZone,2050,9790.366583425992
Ghana,Ghana,EmissionsIntensityZone,2026,3.420717671681062e-07
Ghana,Ghana,EmissionsIntensityZone,2027,3.5241230913555325e-07
Ghana,Ghana,EmissionsIntensityZone,2028,3.401183489988056e-07
Ghana,Ghana,EmissionsIntensityZone,2029,3.215177526763607e-07
Ghana,Ghana,EmissionsIntensityZone,2030,2.942707880919069e-07
Ghana,Ghana,EmissionsIntensityZone,2031,2.654893116793168e-07
Ghana,Ghana,EmissionsIntensityZone,2032,2.642080807012389e-07
Ghana,Ghana,EmissionsIntensityZone,2033,2.615316318094717e-07
Ghana,Ghana,EmissionsIntensityZone,2034,2.558429092349424e-07
Ghana,Ghana,EmissionsIntensityZone,2035,2.525389945806789e-07
Ghana,Ghana,EmissionsIntensityZone,2040,2.6176448270567425e-07
Ghana,Ghana,EmissionsIntensityZone,2045,2.292361775363066e-07
Ghana,Ghana,EmissionsIntensityZone,2050,2.1129832309608763e-07
Ghana,Ghana,EmissionsZone,2026,10.406474423091142
Ghana,Ghana,EmissionsZone,2027,11.165401794960047
Ghana,Ghana,EmissionsZone,2028,10.812490114948291
Ghana,Ghana,EmissionsZone,2029,10.062549787049232
Ghana,Ghana,EmissionsZone,2030,9.703008045267518
Ghana,Ghana,EmissionsZone,2031,8.821706280959933
Ghana,Ghana,EmissionsZone,2032,9.408742551124718
Ghana,Ghana,EmissionsZone,2033,9.804910963199925
Ghana,Ghana,EmissionsZone,2034,9.804910963199946
Ghana,Ghana,EmissionsZone,2035,10.119730434763332
Ghana,Ghana,EmissionsZone,2040,11.6197811328
Ghana,Ghana,EmissionsZone,2045,10.926266649599992
Ghana,Ghana,EmissionsZone,2050,10.92626664959993
Ghana,Ghana,GenCostsPerMWh,2026,47.638892919754014
Ghana,Ghana,GenCostsPerMWh,2027,50.22513157924966
Ghana,Ghana,GenCostsPerMWh,2028,48.91803904259811
Ghana,Ghana,GenCostsPerMWh,2029,45.815827810192566
Ghana,Ghana,GenCostsPerMWh,2030,48.05676725470814
Ghana,Ghana,GenCostsPerMWh,2031,48.4531873324802
Ghana,Ghana,GenCostsPerMWh,2032,49.824199432788966
Ghana,Ghana,GenCostsPerMWh,2033,50.895412440803426
Ghana,Ghana,GenCostsPerMWh,2034,51.64529103643302
Ghana,Ghana,GenCostsPerMWh,2035,52.77647400892638
Ghana,Ghana,GenCostsPerMWh,2040,62.7274259042115
Ghana,Ghana,GenCostsPerMWh,2045,61.95263667064849
Ghana,Ghana,GenCostsPerMWh,2050,63.43470410885423
Guinea,Guinea,CapexInvestmentComponent,2027,990000000.0
Guinea,Guinea,CapexInvestmentComponent,2030,2387989285.2471714
Guinea,Guinea,CapexInvestmentComponent,2031,78000000.0
Guinea,Guinea,CapexInvestmentComponent,2032,76000000.0
Guinea,Guinea,CapexInvestmentComponent,2033,74000000.0
Guinea,Guinea,CapexInvestmentComponent,2034,72000000.0
Guinea,Guinea,CapexInvestmentComponent,2035,70000000.0
Guinea,Guinea,CapexInvestmentComponent,2040,300000000.0
Guinea,Guinea,CapexInvestmentComponent,2045,464960957.9277495
Guinea,Guinea,CapexInvestmentComponent,2050,1054792999.6467005
Guinea,Guinea,CapexInvestmentComponentCumulated,2027,990000000.0
Guinea,Guinea,CapexInvestmentComponentCumulated,2030,3377989285.2471714
Guinea,Guinea,CapexInvestmentComponentCumulated,2031,3455989285.2471714
Guinea,Guinea,CapexInvestmentComponentCumulated,2032,3531989285.2471714
Guinea,Guinea,CapexInvestmentComponentCumulated,2033,3605989285.2471714
Guinea,Guinea,CapexInvestmentComponentCumulated,2034,3677989285.2471714
Guinea,Guinea,CapexInvestmentComponentCumulated,2035,3747989285.2471714
Guinea,Guinea,CapexInvestmentComponentCumulated,2040,4047989285.2471714
Guinea,Guinea,CapexInvestmentComponentCumulated,2045,4512950243.174921
Guinea,Guinea,CapexInvestmentComponentCumulated,2050,5567743242.821621
Guinea,Guinea,Costs,2026,000-133.233699405093554.60848.7353743348016100134.07013149824417000-172.021127074999980000000004.6089086523778695
Guinea,Guinea,Costs,2027,000-157.654007972969969.6079999999999900081.74099661562401000-15.6692995990513550000000002.535340655999999
Guinea,Guinea,Costs,2028,000-160.3241678399747369.60799999999999000122.36189375818522000-36.3715073840938460000000002.5353406560000002
Guinea,Guinea,Costs,2029,000-108.5247075146071269.60799999999999000101.7990222132598000-44.27812988507090000000002.535340656
Guinea,Guinea,Costs,2030,000-370.1430747116088105.7775346249571400036.719656078367000-177.719703926174360000000003.7489245070386867
Guinea,Guinea,Costs,2031,000-367.33144254071175106.9775346249571400046.95813899056366000-181.58012929656560000000003.773223997421229
Guinea,Guinea,Costs,2032,000-323.13119435070274108.1775346249571300053.322332801580295000-142.3218023314230000000003.771443362562518
Guinea,Guinea,Costs,2033,000-317.21035449588203108.5135346249571500058.861522287766995000-142.355167464066260000000003.791530708792801
Guinea,Guinea,Costs,2034,000-313.3289594821812109.7135346249571300066.44738510223564000-147.098893502770000000003.804389448109613
Guinea,Guinea,Costs,2035,000-307.8545120931671110.9135346249571400072.42315075316647000-155.068462379341550000000003.8342930505738413
Guinea,Guinea,Costs,2040,000-275.1361075512085115.8335346249571400095.94970600877437000-157.48785708231730000000003.83429305057384
Guinea,Guinea,Costs,2045,000-251.28687161161963124.9419185178018200098.51682960523225000-398.271153926351360000000003.931474488977326
Guinea,Guinea,Costs,2050,000-225.34006596625753140.5839798123879800070.18822133626577000-546.13833921873040000000004.227217363187041
Guinea,Guinea,CostsPerMWh,2026,000-31.94614974788709513.09364937866407511.6855388199134980032.1467055008313000-41.246416708955970000000001.1051024376012117
Guinea,Guinea,CostsPerMWh,2027,000-35.5889598431165715.71337353620842400018.452287280819000-3.53720201199078940000000000.572330116786342
Guinea,Guinea,CostsPerMWh,2028,000-34.1905061818795314.84450402189996300026.09472508936727000-7.7565364275046750000000000.5406831767164479
Guinea,Guinea,CostsPerMWh,2029,000-21.93114560662961714.06668783862698100020.571989825183596000-8.9479173539172640000000000.512352683204973
Guinea,Guinea,CostsPerMWh,2030,000-71.0759182212956420.311700837605670007.051012029803784000-34.1262392992530000000000.7198790680811726
Guinea,Guinea,CostsPerMWh,2031,000-67.1906790818934519.5678680491964630008.589379731217052000-33.213852075464690000000000.69018181771012
Guinea,Guinea,CostsPerMWh,2032,000-56.4294571541707318.891396627394550009.311853348709858000-24.8541217535592660000000000.6586194875575012
Guinea,Guinea,CostsPerMWh,2033,000-52.99583477677714418.1291854774651430009.833901906605576000-23.7830538241274070000000000.6334450693250259
Guinea,Guinea,CostsPerMWh,2034,000-50.17391948403470517.5686220056991100010.640337093494278000-23.555205529025810000000000.6092035992166828
Guinea,Guinea,CostsPerMWh,2035,000-47.3320649410156517.05275192496546700011.134926207105364000-23.84149084493910000000000.5895155034067605
Guinea,Guinea,CostsPerMWh,2040,000-35.2712759642635314.84936529064083300012.30034323537689000-20.189271839346080000000000.4915400218398334
Guinea,Guinea,CostsPerMWh,2045,000-27.62304843482682413.7344089829396300010.829595427639028000-43.780494000918030000000000.4321726381199655
Guinea,Guinea,CostsPerMWh,2050,000-21.68101357974286713.5262371666434580006.7531345276052415000-52.546504316691550000000000.4067202015885929
Guinea,Guinea,DemandEnergyZone,2026,4170.5714290000005
Guinea,Guinea,DemandEnergyZone,2027,4429.857142999996
Guinea,Guinea,DemandEnergyZone,2028,4689.142857
Guinea,Guinea,DemandEnergyZone,2029,4948.428571
Guinea,Guinea,DemandEnergyZone,2030,5207.714285999997
Guinea,Guinea,DemandEnergyZone,2031,5467.000000000004
Guinea,Guinea,DemandEnergyZone,2032,5726.285713999997
Guinea,Guinea,DemandEnergyZone,2033,5985.571429000003
Guinea,Guinea,DemandEnergyZone,2034,6244.857143000004
Guinea,Guinea,DemandEnergyZone,2035,6504.142857000001
Guinea,Guinea,DemandEnergyZone,2040,7800.571428999999
Guinea,Guinea,DemandEnergyZone,2045,9097.0
Guinea,Guinea,DemandEnergyZone,2050,10393.42857
Guinea,Guinea,DemandPeakZone,2026,486.66777143774
Guinea,Guinea,DemandPeakZone,2027,516.92405712452
Guinea,Guinea,DemandPeakZone,2028,547.18034287548
Guinea,Guinea,DemandPeakZone,2029,577.43662856226
Guinea,Guinea,DemandPeakZone,2030,607.6929143132201
Guinea,Guinea,DemandPeakZone,2031,637.9492
Guinea,Guinea,DemandPeakZone,2032,668.2054856226001
Guinea,Guinea,DemandPeakZone,2033,698.4617712452001
Guinea,Guinea,DemandPeakZone,2034,728.7180568678
Guinea,Guinea,DemandPeakZone,2035,758.9743431322001
Guinea,Guinea,DemandPeakZone,2040,910.2557712452
Guinea,Guinea,DemandPeakZone,2045,1061.5372
Guinea,Guinea,DemandPeakZone,2050,1212.8186287548
Guinea,Guinea,EmissionsIntensityZone,2026,6.39071326287375e-08
Guinea,Guinea,EmissionsZone,2026,0.2660951438680171
Guinea,Guinea,GenCostsPerMWh,2026,25.92651923726401
Guinea,Guinea,GenCostsPerMWh,2027,33.919292572110024
Guinea,Guinea,GenCostsPerMWh,2028,33.919292572110045
Guinea,Guinea,GenCostsPerMWh,2029,33.919292572110024
Guinea,Guinea,GenCostsPerMWh,2030,58.957030621845945
Guinea,Guinea,GenCostsPerMWh,2031,58.706134207663574
Guinea,Guinea,GenCostsPerMWh,2032,58.81824845323587
Guinea,Guinea,GenCostsPerMWh,2033,58.48180132938938
Guinea,Guinea,GenCostsPerMWh,2034,58.337325224907545
Guinea,Guinea,GenCostsPerMWh,2035,57.9438069685813
Guinea,Guinea,GenCostsPerMWh,2040,57.31483234509863
Guinea,Guinea,GenCostsPerMWh,2045,57.820322694065155
Guinea,Guinea,GenCostsPerMWh,2050,61.0716667400129
GuineaBissau,GuineaBissau,CapexInvestmentComponent,2027,16740000.0
GuineaBissau,GuineaBissau,CapexInvestmentComponent,2029,40689882.92
GuineaBissau,GuineaBissau,CapexInvestmentComponent,2030,52929769.25893545
GuineaBissau,GuineaBissau,CapexInvestmentComponent,2031,50726658.16921953
GuineaBissau,GuineaBissau,CapexInvestmentComponent,2032,110662386.16611843
GuineaBissau,GuineaBissau,CapexInvestmentComponent,2033,37494812.658637464
GuineaBissau,GuineaBissau,CapexInvestmentComponent,2034,30617711.389798846
GuineaBissau,GuineaBissau,CapexInvestmentComponent,2035,5522178.872020803
GuineaBissau,GuineaBissau,CapexInvestmentComponent,2040,245904483.4162684
GuineaBissau,GuineaBissau,CapexInvestmentComponent,2045,74542580.01886292
GuineaBissau,GuineaBissau,CapexInvestmentComponent,2050,68536652.97224462
GuineaBissau,GuineaBissau,CapexInvestmentComponentCumulated,2027,16740000.0
GuineaBissau,GuineaBissau,CapexInvestmentComponentCumulated,2029,57429882.92
GuineaBissau,GuineaBissau,CapexInvestmentComponentCumulated,2030,110359652.17893545
GuineaBissau,GuineaBissau,CapexInvestmentComponentCumulated,2031,161086310.348155
GuineaBissau,GuineaBissau,CapexInvestmentComponentCumulated,2032,271748696.5142734
GuineaBissau,GuineaBissau,CapexInvestmentComponentCumulated,2033,309243509.17291087
GuineaBissau,GuineaBissau,CapexInvestmentComponentCumulated,2034,339861220.5627097
GuineaBissau,GuineaBissau,CapexInvestmentComponentCumulated,2035,345383399.4347305
GuineaBissau,GuineaBissau,CapexInvestmentComponentCumulated,2040,591287882.850999
GuineaBissau,GuineaBissau,CapexInvestmentComponentCumulated,2045,665830462.8698618
GuineaBissau,GuineaBissau,CapexInvestmentComponentCumulated,2050,734367115.8421065
GuineaBissau,GuineaBissau,Costs,2026,000-1.3851184185454002000029.358312118190085000-0.000132974077500000130000000000
GuineaBissau,GuineaBissau,Costs,2027,000-1.78703111547351150.53999999999999999.6882479999999930023.518893510147294000-1.1266665855612438e-05000.25104774204446330000000.6727949999999994
GuineaBissau,GuineaBissau,Costs,2028,000-2.6571427826787490.53999999999999993.8734677511909640065.98562813600554000-15.913364299895361002.05256430468306601.933239814843457500000.268990816054928
GuineaBissau,GuineaBissau,Costs,2029,000-1.05218636794538471.4440809250.326654915518367450057.86420109077192000-16.23298595264814002.15232008458404801.924040096291732800000.022684369133219962
GuineaBissau,GuineaBissau,Costs,2030,000-3.8532373575709252.89651878218920270.28920477350512530060.625692071134000-6.39636079037186700.986910164586240100000000.020083664826744813
GuineaBissau,GuineaBissau,Costs,2031,000-3.28478343273368843.81508926001684053.5575091575091575e-070051.262435715191614000-4.317302336172511000.54128620489195540000002.4704924704924705e-08
GuineaBissau,GuineaBissau,Costs,2032,000-4.5511298944452035.6650892600168410.101578938572854220043.18374889085869000-4.25905021893748400.3466368248798649700000000.018125897977599375
GuineaBissau,GuineaBissau,Costs,2033,000-4.3214682512182416.3832634608750520.12282016004632970041.385332934672185000-4.20550495386576300.4191224036581001600000000.021539345669224812
GuineaBissau,GuineaBissau,Costs,2034,000-5.13014848096073457.0199597041907620.128296973207419280040.92230392584532000-3.801547363885682700.4378119395703184400000000.0207554535972732
GuineaBissau,GuineaBissau,Costs,2035,000-5.8705411664194877.2865447853872090.150087100414239260056.76544487951145000-10.07575735742153500.512170659163591500000000.026121883285704205
GuineaBissau,GuineaBissau,Costs,2040,000-9.70016058735149213.5412680169323835.910622710622711e-070023.05320136151196000-2.62623746057263750000000000.02163243457675556
GuineaBissau,GuineaBissau,Costs,2045,000-9.28523281544166715.4673491639365137.219047619047619e-070028.019768974923178000-3.3864232209458470000000000.023578493857991777
GuineaBissau,GuineaBissau,Costs,2050,000-3.190699630566865317.7731356210837438.526007326007327e-070031.828763193732076000-5.0925337177984040000000000.02253605219571262
GuineaBissau,GuineaBissau,CostsPerMWh,2026,000-6.9603940630422120000147.52920662407078000-0.00066821144472361880000000000
GuineaBissau,GuineaBissau,CostsPerMWh,2027,000-6.74351364329626352.037735849056601536.559426415094280088.75054154772555000-4.251572020985822e-05000.94734996997910590000002.538849056603769
GuineaBissau,GuineaBissau,CostsPerMWh,2028,000-8.0034421165022671.626506024096387611.66707153973183400198.75189197592059000-47.93182018040778006.18242260446707505.8230114904923500000.8102133013702661
GuineaBissau,GuineaBissau,CostsPerMWh,2029,000-2.882702377932563.956386095890410.894944974022924200158.53205778293673000-44.4739341168442005.89676735502478705.27134272956638900000.06214895652936974
GuineaBissau,GuineaBissau,CostsPerMWh,2030,000-9.681500898419417.2776853823849310.726645159560616400152.32585947521105000-16.07125826726599602.47967378036743800000000.05046146941393168
GuineaBissau,GuineaBissau,CostsPerMWh,2031,000-7.6213072685236388.8517152204567068.254081571947001e-0700118.93836592851882000-10.016942775342251001.2558844661066250000005.732001091629861e-08
GuineaBissau,GuineaBissau,CostsPerMWh,2032,000-9.80846960009742312.2092440948638870.21892012623459970093.06842433374722000-9.1789875408135500.747062122585916300000000.0390644352965504
GuineaBissau,GuineaBissau,CostsPerMWh,2033,000-8.67764709079968612.8177981142069390.246626827402268630083.10307818207271000-8.4447890639874800.841611252325502800000000.04325169813097354
GuineaBissau,GuineaBissau,CostsPerMWh,2034,000-9.66129657431398813.220263096404430.241613885513030340077.06648573605511000-7.15922290750598400.824504594294383900000000.03908748323403611
GuineaBissau,GuineaBissau,CostsPerMWh,2035,000-10.40876093336789612.9194056478496740.2661118801670911400100.64795191402749000-17.8648180096126700.908104005609205800000000.04631539589663871
GuineaBissau,GuineaBissau,CostsPerMWh,2040,000-13.28789121554998518.549682214975868.096743439209189e-070031.57972789248213000-3.59758556242826980000000000.029633472022952814
GuineaBissau,GuineaBissau,CostsPerMWh,2045,000-10.36298305294828217.2626664776077068.056972789115641e-070031.27206358808389000-3.7794902019484880000000000.02631528332365152
GuineaBissau,GuineaBissau,CostsPerMWh,2050,000-3.007256956236439716.7513059576660988.035822173428199e-070029.998834301349714000-4.79974902714269550000000000.021240388497372857
GuineaBissau,GuineaBissau,DemandEnergyZone,2026,199.0
GuineaBissau,GuineaBissau,DemandEnergyZone,2027,265.0000000000002
GuineaBissau,GuineaBissau,DemandEnergyZone,2028,331.99999999999955
GuineaBissau,GuineaBissau,DemandEnergyZone,2029,365.0000000000001
GuineaBissau,GuineaBissau,DemandEnergyZone,2030,398.0
GuineaBissau,GuineaBissau,DemandEnergyZone,2031,431.00000000000006
GuineaBissau,GuineaBissau,DemandEnergyZone,2032,463.9999999999998
GuineaBissau,GuineaBissau,DemandEnergyZone,2033,497.9999999999997
GuineaBissau,GuineaBissau,DemandEnergyZone,2034,531.0000000000007
GuineaBissau,GuineaBissau,DemandEnergyZone,2035,563.9999999999994
GuineaBissau,GuineaBissau,DemandEnergyZone,2040,730.0000000000002
GuineaBissau,GuineaBissau,DemandEnergyZone,2045,896.0000000000005
GuineaBissau,GuineaBissau,DemandEnergyZone,2050,1061.000000000001
GuineaBissau,GuineaBissau,DemandPeakZone,2026,69.48752834081185
GuineaBissau,GuineaBissau,DemandPeakZone,2027,92.53313301356444
GuineaBissau,GuineaBissau,DemandPeakZone,2028,115.92945200887098
GuineaBissau,GuineaBissau,DemandPeakZone,2029,127.45225434524735
GuineaBissau,GuineaBissau,DemandPeakZone,2030,138.9750566816237
GuineaBissau,GuineaBissau,DemandPeakZone,2031,150.497859018
GuineaBissau,GuineaBissau,DemandPeakZone,2032,162.0206613543762
GuineaBissau,GuineaBissau,DemandPeakZone,2033,173.89417801330643
GuineaBissau,GuineaBissau,DemandPeakZone,2034,185.4169803496829
GuineaBissau,GuineaBissau,DemandPeakZone,2035,196.9397826860592
GuineaBissau,GuineaBissau,DemandPeakZone,2040,254.9045086904948
GuineaBissau,GuineaBissau,DemandPeakZone,2045,312.86923469493024
GuineaBissau,GuineaBissau,DemandPeakZone,2050,370.4832463768119
GuineaBissau,GuineaBissau,EmissionsIntensityZone,2027,7.370999999999987e-07
GuineaBissau,GuineaBissau,EmissionsIntensityZone,2028,7.370999999999999e-07
GuineaBissau,GuineaBissau,EmissionsIntensityZone,2029,3.3322943166485575e-08
GuineaBissau,GuineaBissau,EmissionsIntensityZone,2030,1.3787402555441852e-08
GuineaBissau,GuineaBissau,EmissionsIntensityZone,2031,1.0806031186178698e-14
GuineaBissau,GuineaBissau,EmissionsIntensityZone,2032,2.156950209092133e-09
GuineaBissau,GuineaBissau,EmissionsIntensityZone,2033,2.153063307441105e-09
GuineaBissau,GuineaBissau,EmissionsIntensityZone,2034,1.985705045114195e-09
GuineaBissau,GuineaBissau,EmissionsIntensityZone,2035,2.220985000064147e-09
GuineaBissau,GuineaBissau,EmissionsIntensityZone,2040,3.986227184851407e-15
GuineaBissau,GuineaBissau,EmissionsIntensityZone,2045,4.026758740238038e-15
GuineaBissau,GuineaBissau,EmissionsIntensityZone,2050,4.0558783520250346e-15
GuineaBissau,GuineaBissau,EmissionsZone,2027,0.0661222925999998
GuineaBissau,GuineaBissau,EmissionsZone,2028,0.0264364174018783
GuineaBissau,GuineaBissau,EmissionsZone,2029,0.0022294197984128
GuineaBissau,GuineaBissau,EmissionsZone,2030,0.0019738225791724
GuineaBissau,GuineaBissau,EmissionsZone,2031,2.428e-09
GuineaBissau,GuineaBissau,EmissionsZone,2032,0.0006932762557597
GuineaBissau,GuineaBissau,EmissionsZone,2033,0.0008382475923162
GuineaBissau,GuineaBissau,EmissionsZone,2034,0.0008756268421406
GuineaBissau,GuineaBissau,EmissionsZone,2035,0.0010243444603271
GuineaBissau,GuineaBissau,EmissionsZone,2040,4.034e-09
GuineaBissau,GuineaBissau,EmissionsZone,2045,4.927e-09
GuineaBissau,GuineaBissau,EmissionsZone,2050,5.819e-09
GuineaBissau,GuineaBissau,GenCostsPerMWh,2027,141.31506940170215
GuineaBissau,GuineaBissau,GenCostsPerMWh,2028,180.06818813684544
GuineaBissau,GuineaBissau,GenCostsPerMWh,2029,120.97161798636577
GuineaBissau,GuineaBissau,GenCostsPerMWh,2030,107.85039773150322
GuineaBissau,GuineaBissau,GenCostsPerMWh,2031,96.71923611675984
GuineaBissau,GuineaBissau,GenCostsPerMWh,2032,109.73054934660284
GuineaBissau,GuineaBissau,GenCostsPerMWh,2033,103.35281108073318
GuineaBissau,GuineaBissau,GenCostsPerMWh,2034,100.53162139846427
GuineaBissau,GuineaBissau,GenCostsPerMWh,2035,98.10438314544844
GuineaBissau,GuineaBissau,GenCostsPerMWh,2040,78.23239882832705
GuineaBissau,GuineaBissau,GenCostsPerMWh,2045,73.1778012896
GuineaBissau,GuineaBissau,GenCostsPerMWh,2050,69.39953849214582
IvoryCoast,IvoryCoast,CapexInvestmentComponent,2026,516908423.27744
IvoryCoast,IvoryCoast,CapexInvestmentComponent,2027,651854000.0
IvoryCoast,IvoryCoast,CapexInvestmentComponent,2028,512553000.0
IvoryCoast,IvoryCoast,CapexInvestmentComponent,2029,241724767.85172823
IvoryCoast,IvoryCoast,CapexInvestmentComponent,2030,4255692940.92176
IvoryCoast,IvoryCoast,CapexInvestmentComponent,2031,189150000.0
IvoryCoast,IvoryCoast,CapexInvestmentComponent,2032,184300000.0
IvoryCoast,IvoryCoast,CapexInvestmentComponent,2033,260862109.1669345
IvoryCoast,IvoryCoast,CapexInvestmentComponent,2034,286123130.999037
IvoryCoast,IvoryCoast,CapexInvestmentComponent,2035,365700628.4234562
IvoryCoast,IvoryCoast,CapexInvestmentComponent,2040,1581948555.8417745
IvoryCoast,IvoryCoast,CapexInvestmentComponent,2045,1159569706.0015626
IvoryCoast,IvoryCoast,CapexInvestmentComponent,2050,1206108383.3686445
IvoryCoast,IvoryCoast,CapexInvestmentComponentCumulated,2026,516908423.27744
IvoryCoast,IvoryCoast,CapexInvestmentComponentCumulated,2027,1168762423.27744
IvoryCoast,IvoryCoast,CapexInvestmentComponentCumulated,2028,1681315423.27744
IvoryCoast,IvoryCoast,CapexInvestmentComponentCumulated,2029,1923040191.1291685
IvoryCoast,IvoryCoast,CapexInvestmentComponentCumulated,2030,6178733132.050928
IvoryCoast,IvoryCoast,CapexInvestmentComponentCumulated,2031,6367883132.050928
IvoryCoast,IvoryCoast,CapexInvestmentComponentCumulated,2032,6552183132.050928
IvoryCoast,IvoryCoast,CapexInvestmentComponentCumulated,2033,6813045241.217863
IvoryCoast,IvoryCoast,CapexInvestmentComponentCumulated,2034,7099168372.2169
IvoryCoast,IvoryCoast,CapexInvestmentComponentCumulated,2035,7464869000.640356
IvoryCoast,IvoryCoast,CapexInvestmentComponentCumulated,2040,9046817556.48213
IvoryCoast,IvoryCoast,CapexInvestmentComponentCumulated,2045,10206387262.483692
IvoryCoast,IvoryCoast,CapexInvestmentComponentCumulated,2050,11412495645.852337
IvoryCoast,IvoryCoast,Costs,2026,000-252.35489561444734116.84299999999999828.5134302933387000000-153.5073586499999600000000049.099153765269236
IvoryCoast,IvoryCoast,Costs,2027,000-252.3963032648292134.813804.308893533068000000-127.572160827729300000000044.22238563191852
IvoryCoast,IvoryCoast,Costs,2028,000-247.62823030902234150.13299999999998795.5413566481478000.48324566357799703000-135.8585243852943200000000041.329170405453155
IvoryCoast,IvoryCoast,Costs,2029,000-474.5057369792265155.91973003052791029.95868568267160016.80337343770034000-129.2072251404039500000000056.3284795054207
IvoryCoast,IvoryCoast,Costs,2030,000-1629.939124142482244.11773003052787637.294326361438700273.4259785032246000-310.2830500924478702774.100696034807000000037.12755463606319
IvoryCoast,IvoryCoast,Costs,2031,000-1515.7185483583212246.36773003052787649.417271369717600294.29302710763824000-106.4595740952436102826.8712791899284000000037.68467527063487
IvoryCoast,IvoryCoast,Costs,2032,000-1385.6379979423834250.61773003052787651.479678447277300362.16485747549103000-148.045216295312402835.8489325294845000000037.77945500765503
IvoryCoast,IvoryCoast,Costs,2033,000-1385.1887046681313257.84985857144125684.003629946187500373.636417160697000-172.33940676101402977.4238968791215000000039.27412189639172
IvoryCoast,IvoryCoast,Costs,2034,000-1477.7135297505881266.18495494503236736.276585148974300377.7529017454849000-155.9450399503156503204.96511264611000000041.676371675931385
IvoryCoast,IvoryCoast,Costs,2035,000-1590.5141896317673277.69238562738263801.537056500165700342.9945885870699000-372.156035542900803489.040222235126000000044.67547421964428
IvoryCoast,IvoryCoast,Costs,2040,000-1625.236392518456316.07420419823551062.110226036669200307.9559610633021000-4643.31715034994204623.300484637979000000056.80565564009335
IvoryCoast,IvoryCoast,Costs,2045,000-1671.552484451944360.039136991320451282.508130751008400268.7051407866423000-5020.68174035926705582.680182520376000000067.09281212166579
IvoryCoast,IvoryCoast,Costs,2050,000-1679.8725609540447410.83283678210961506.990091707472400262.86159192691525000-5495.79775433903506559.83753698664000000077.3738491878761
IvoryCoast,IvoryCoast,CostsPerMWh,2026,000-15.7357630994359757.28582563595860151.66252484245704000000-9.5720569393156720000000003.06161150609683
IvoryCoast,IvoryCoast,CostsPerMWh,2027,000-14.73869808733437.87241365878070646.96766869165824000000-7.44958439750161450000000002.58236900501126
IvoryCoast,IvoryCoast,CostsPerMWh,2028,000-13.5966523027651728.243430878715443.681203897134424000.026533821512553367000-7.4596548064345910000000002.2692822997742215
IvoryCoast,IvoryCoast,CostsPerMWh,2029,000-24.6109742860816788.08701806410849553.420400963818985000.8715329644429057000-6.7015326637571540000000002.921563750751192
IvoryCoast,IvoryCoast,CostsPerMWh,2030,000-79.9725961919183711.97758146782944731.2687026543506440013.415584081229195000-15.2239680014398980136.1106261415920400000001.8216551100123883
IvoryCoast,IvoryCoast,CostsPerMWh,2031,000-70.4482307394730911.45078729210601630.183900453817860013.678280246126334000-4.9480747256216550131.3885617899572400000001.75152484719755
IvoryCoast,IvoryCoast,CostsPerMWh,2032,000-61.08802003033867611.04887491162716628.7215013628694570015.966604625884031000-6.526805090415770125.0228390464354600000001.6655664088816893
IvoryCoast,IvoryCoast,CostsPerMWh,2033,000-58.03092131336252610.80232953314899928.655562013820660015.653077050793502000-7.2199654236540010124.7358221259199700000001.6453451213832664
IvoryCoast,IvoryCoast,CostsPerMWh,2034,000-58.8960649661573110.60912422051270129.345196290727260015.055800054907538000-6.2153787044326350127.7377716914673400000001.661062340136834
IvoryCoast,IvoryCoast,CostsPerMWh,2035,000-60.3147515424299510.53052362155782630.3955216055323340013.00688389068485000-14.1127309426787080132.3097872986452300000001.6941628972338345
IvoryCoast,IvoryCoast,CostsPerMWh,2040,000-48.133319353969259.36091554450753131.455664501654283009.120484065612697000-137.517390262978720136.924572770366100000001.6823674245930766
IvoryCoast,IvoryCoast,CostsPerMWh,2045,000-41.6429215388562858.9695547535038431.95076789905301006.694176341423261000-125.078846000997440139.0797566810756500000001.6714645438846694
IvoryCoast,IvoryCoast,CostsPerMWh,2050,000-35.825109437597328.76145707738616332.138202749221485005.6058093432841085000-117.203864490934830139.8956701346074300000001.6500814878418875
IvoryCoast,IvoryCoast,DemandEnergyZone,2026,16037.029409999992
IvoryCoast,IvoryCoast,DemandEnergyZone,2027,17124.735290000004
IvoryCoast,IvoryCoast,DemandEnergyZone,2028,18212.44118000001
IvoryCoast,IvoryCoast,DemandEnergyZone,2029,19280.25000000001
IvoryCoast,IvoryCoast,DemandEnergyZone,2030,20381.22059
IvoryCoast,IvoryCoast,DemandEnergyZone,2031,21515.352940000004
IvoryCoast,IvoryCoast,DemandEnergyZone,2032,22682.64706000001
IvoryCoast,IvoryCoast,DemandEnergyZone,2033,23869.83823999999
IvoryCoast,IvoryCoast,DemandEnergyZone,2034,25090.19118000002
IvoryCoast,IvoryCoast,DemandEnergyZone,2035,26370.235289999982
IvoryCoast,IvoryCoast,DemandEnergyZone,2040,33765.30882000003
IvoryCoast,IvoryCoast,DemandEnergyZone,2045,40140.13481
IvoryCoast,IvoryCoast,DemandEnergyZone,2050,46890.92615000002
IvoryCoast,IvoryCoast,DemandPeakZone,2026,2721.8405078115748
IvoryCoast,IvoryCoast,DemandPeakZone,2027,2906.448382944418
IvoryCoast,IvoryCoast,DemandPeakZone,2028,3091.05626031779
IvoryCoast,IvoryCoast,DemandPeakZone,2029,3272.2871618517984
IvoryCoast,IvoryCoast,DemandPeakZone,2030,3459.146353464038
IvoryCoast,IvoryCoast,DemandPeakZone,2031,3651.633832913991
IvoryCoast,IvoryCoast,DemandPeakZone,2032,3849.749602442176
IvoryCoast,IvoryCoast,DemandPeakZone,2033,4051.242345569194
IvoryCoast,IvoryCoast,DemandPeakZone,2034,4258.363376533927
IvoryCoast,IvoryCoast,DemandPeakZone,2035,4475.615326054636
IvoryCoast,IvoryCoast,DemandPeakZone,2040,5730.723749118928
IvoryCoast,IvoryCoast,DemandPeakZone,2045,6812.673477520515
IvoryCoast,IvoryCoast,DemandPeakZone,2050,7958.432886058862
IvoryCoast,IvoryCoast,EmissionsIntensityZone,2026,3.623227058892441e-07
IvoryCoast,IvoryCoast,EmissionsIntensityZone,2027,3.335049795516465e-07
IvoryCoast,IvoryCoast,EmissionsIntensityZone,2028,3.147701133767825e-07
IvoryCoast,IvoryCoast,EmissionsIntensityZone,2029,3.409362155538645e-07
IvoryCoast,IvoryCoast,EmissionsIntensityZone,2030,2.1538397057067814e-07
IvoryCoast,IvoryCoast,EmissionsIntensityZone,2031,2.141988965998924e-07
IvoryCoast,IvoryCoast,EmissionsIntensityZone,2032,2.116392252657272e-07
IvoryCoast,IvoryCoast,EmissionsIntensityZone,2033,2.134131215060169e-07
IvoryCoast,IvoryCoast,EmissionsIntensityZone,2034,2.1757547196794733e-07
IvoryCoast,IvoryCoast,EmissionsIntensityZone,2035,2.228211675426973e-07
IvoryCoast,IvoryCoast,EmissionsIntensityZone,2040,2.368817586925285e-07
IvoryCoast,IvoryCoast,EmissionsIntensityZone,2045,2.427247745262196e-07
IvoryCoast,IvoryCoast,EmissionsIntensityZone,2050,2.467516620303589e-07
IvoryCoast,IvoryCoast,EmissionsZone,2026,7.212940451965547
IvoryCoast,IvoryCoast,EmissionsZone,2027,7.002218602523226
IvoryCoast,IvoryCoast,EmissionsZone,2028,6.925889457878018
IvoryCoast,IvoryCoast,EmissionsZone,2029,8.966699145943247
IvoryCoast,IvoryCoast,EmissionsZone,2030,5.548209429499613
IvoryCoast,IvoryCoast,EmissionsZone,2031,5.653750362512857
IvoryCoast,IvoryCoast,EmissionsZone,2032,5.671705435893969
IvoryCoast,IvoryCoast,EmissionsZone,2033,5.954855131296243
IvoryCoast,IvoryCoast,EmissionsZone,2034,6.40993732953222
IvoryCoast,IvoryCoast,EmissionsZone,2035,6.9780873154132514
IvoryCoast,IvoryCoast,EmissionsZone,2040,9.246606673730955
IvoryCoast,IvoryCoast,EmissionsZone,2045,11.165364903008753
IvoryCoast,IvoryCoast,EmissionsZone,2050,13.119678445453278
IvoryCoast,IvoryCoast,GenCostsPerMWh,2026,52.70820890147003
IvoryCoast,IvoryCoast,GenCostsPerMWh,2027,52.780847019042525
IvoryCoast,IvoryCoast,GenCostsPerMWh,2028,53.040102432165554
IvoryCoast,IvoryCoast,GenCostsPerMWh,2029,55.08318802663008
IvoryCoast,IvoryCoast,GenCostsPerMWh,2030,60.657044247631134
IvoryCoast,IvoryCoast,GenCostsPerMWh,2031,60.55234568279864
IvoryCoast,IvoryCoast,GenCostsPerMWh,2032,60.63607004607
IvoryCoast,IvoryCoast,GenCostsPerMWh,2033,60.73331588860245
IvoryCoast,IvoryCoast,GenCostsPerMWh,2034,60.71516358511341
IvoryCoast,IvoryCoast,GenCostsPerMWh,2035,60.924407355136154
IvoryCoast,IvoryCoast,GenCostsPerMWh,2040,61.22349956324954
IvoryCoast,IvoryCoast,GenCostsPerMWh,2045,60.67080771684316
IvoryCoast,IvoryCoast,GenCostsPerMWh,2050,60.331165417765654
Liberia,Liberia,CapexInvestmentComponent,2028,392659292.7
Liberia,Liberia,CapexInvestmentComponent,2029,79540000.0
Liberia,Liberia,CapexInvestmentComponent,2030,102710287.92303547
Liberia,Liberia,CapexInvestmentComponent,2031,82757567.28570916
Liberia,Liberia,CapexInvestmentComponent,2032,422164910.689406
Liberia,Liberia,CapexInvestmentComponent,2033,11972889.673314301
Liberia,Liberia,CapexInvestmentComponent,2034,77861692.3933948
Liberia,Liberia,CapexInvestmentComponent,2035,9726618.08594463
Liberia,Liberia,CapexInvestmentComponent,2040,66789309.158880375
Liberia,Liberia,CapexInvestmentComponent,2045,14860881.539996486
Liberia,Liberia,CapexInvestmentComponent,2050,508200000.0
Liberia,Liberia,CapexInvestmentComponentCumulated,2028,392659292.7
Liberia,Liberia,CapexInvestmentComponentCumulated,2029,449980000.0
Liberia,Liberia,CapexInvestmentComponentCumulated,2030,574909580.6230354
Liberia,Liberia,CapexInvestmentComponentCumulated,2031,657667147.9087447
Liberia,Liberia,CapexInvestmentComponentCumulated,2032,1079832058.5981507
Liberia,Liberia,CapexInvestmentComponentCumulated,2033,1091804948.271465
Liberia,Liberia,CapexInvestmentComponentCumulated,2034,1169666640.6648598
Liberia,Liberia,CapexInvestmentComponentCumulated,2035,74477969.63038659
Liberia,Liberia,CapexInvestmentComponentCumulated,2040,141267278.78926697
Liberia,Liberia,CapexInvestmentComponentCumulated,2045,156128160.32926345
Liberia,Liberia,CapexInvestmentComponentCumulated,2050,1613115289.1204178
Liberia,Liberia,Costs,2026,000-89.615597576042264.52821.0367927515004350091.10608451297557000-24.6116688999999660000000001.6671040655208664
Liberia,Liberia,Costs,2027,000-75.268372316519944.52817.824271462782450088.2218337865526000-19.9069909999999550000000001.4440123093598958
Liberia,Liberia,Costs,2028,000-86.4147661575330111.06043164.2807665614012530065.80413835274733000-18.3761018158823540000000000.6440927356528651
Liberia,Liberia,Costs,2029,000-66.6835619974218512.76043159999999900051.78736916245807000-11.6916957070588290000000000.3440482776505263
Liberia,Liberia,Costs,2030,000-202.7544152545894514.6204315999999983.556043956043956e-0700150.7500526779244000-47.889431604996610000000000.3348344522591028
Liberia,Liberia,Costs,2031,000-211.3560709345143216.32043163.3787545787545783e-0700161.24002302527379000-50.2547893028869050000000000.33138818645561696
Liberia,Liberia,Costs,2032,000-128.396437901806922.360175645446893.2000000000000006e-070061.5405277923931000-75.212384729515820000000000.6384761972582543
Liberia,Liberia,Costs,2033,000-139.209784869600222.6629559565232873.022710622710623e-070070.20582354395114000-69.625347165872570000000000.6586942774732689
Liberia,Liberia,Costs,2034,000-159.2638473764163224.476156685491092.845421245421245e-070082.92284239135218000-73.052415250081840000000000.6806774490977097
Liberia,Liberia,Costs,2035,000-164.8204978457401618.5561566854910930.93747899915071300207.05334219195234000-67.9095385853585803.19914617460180800000000.43133653505784647
Liberia,Liberia,Costs,2040,000-112.21021470553820.1602587755304265.621615999999999500435.41556599499154000-108.1388402715189019.18376399300000000.7678918895335842
Liberia,Liberia,Costs,2045,000-11.33750596105065820.875203618.841886111398356002581.699237850643000-1071.4601595142365064.2979360516468115.0515406013315080975.993901488863500001.6869683132915527
Liberia,Liberia,Costs,2050,000027.56720360003601.7279999999996000-1532.92980967531730043.02791886025596604417.93232793785200000.7784851200000001
Liberia,Liberia,CostsPerMWh,2026,000-146.90720322621947.42276829258296634.48569748530843500149.35056435165617000-40.3460060818175850000000002.7328902822403807
Liberia,Liberia,CostsPerMWh,2027,000-110.756213807406236.66288004755836826.22813221988454300129.81702652284275000-29.2928209233267940000000002.124841167063324
Liberia,Liberia,CostsPerMWh,2028,000-114.5086657349404214.6562366744096875.6724665131327880087.19741333181469000-24.3502701437637760000000000.853490705913898
Liberia,Liberia,CostsPerMWh,2029,000-79.7909870166152315.2686419504910600061.96677526953512000-13.9898336624581480000000000.4116749440613766
Liberia,Liberia,CostsPerMWh,2030,000-219.3602018985083415.8178593723459543.847287464385393e-0700163.0966307200639000-51.8116233004650940000000000.3622577242419419
Liberia,Liberia,CostsPerMWh,2031,000-207.136696428270615.9946211668316513.311303329924028e-0700158.021132555126000-49.251535524257810000000000.3247725692205937
Liberia,Liberia,CostsPerMWh,2032,000-114.0347832628946619.859100650430962.842067213113298e-070054.65697384889003000-66.79957895619380000000000.5670600833065446
Liberia,Liberia,CostsPerMWh,2033,000-112.1292302205698718.254318892224382.4347010924667836e-070056.54864676616182000-56.081090771472640000000000.5305581238628935
Liberia,Liberia,CostsPerMWh,2034,000-116.3713471352605917.884305654455082.079100241213902e-070060.590291119612175000-53.378140200544540000000000.49735927532178154
Liberia,Liberia,CostsPerMWh,2035,000-109.4831780194553112.3260579376234050.622727036351874500137.53664270533326000-45.1093899080346702.12505540707685400000000.28651833522691755
Liberia,Liberia,CostsPerMWh,2040,000-46.281256517623738.3151263037905012.318643207504148800179.58774568306725000-44.60201256416899407.9123696952499300000000.3167180600319502
Liberia,Liberia,CostsPerMWh,2045,000-2.90353356331350785.3461364873219434.82540418576378900661.1727846699698000-274.40078493370237016.466691706192613.85469727342855960249.9518906801614300000.43203233010115055
Liberia,Liberia,CostsPerMWh,2050,00004.383677639738156000572.739068028606000-243.76321325394633006.84220744798982050702.530131124997500000.12379303548267319
Liberia,Liberia,DemandEnergyZone,2026,610.0150000000002
Liberia,Liberia,DemandEnergyZone,2027,679.5859999999998
Liberia,Liberia,DemandEnergyZone,2028,754.6570000000006
Liberia,Liberia,DemandEnergyZone,2029,835.7280000000003
Liberia,Liberia,DemandEnergyZone,2030,924.2990000000004
Liberia,Liberia,DemandEnergyZone,2031,1020.3699999999992
Liberia,Liberia,DemandEnergyZone,2032,1125.9410000000005
Liberia,Liberia,DemandEnergyZone,2033,1241.5120000000006
Liberia,Liberia,DemandEnergyZone,2034,1368.583
Liberia,Liberia,DemandEnergyZone,2035,1505.4412999999995
Liberia,Liberia,DemandEnergyZone,2040,2424.528268
Liberia,Liberia,DemandEnergyZone,2045,3904.727020999997
Liberia,Liberia,DemandEnergyZone,2050,6288.601914999988
Liberia,Liberia,DemandPeakZone,2026,122.26858215632988
Liberia,Liberia,DemandPeakZone,2027,136.21239516815157
Liberia,Liberia,DemandPeakZone,2028,151.2596233726623
Liberia,Liberia,DemandPeakZone,2029,167.51202912180537
Liberia,Liberia,DemandPeakZone,2030,185.26691413206743
Liberia,Liberia,DemandPeakZone,2031,204.5322637427905
Liberia,Liberia,DemandPeakZone,2032,225.69915668306328
Liberia,Liberia,DemandPeakZone,2033,248.86935530482845
Liberia,Liberia,DemandPeakZone,2034,274.34814666391463
Liberia,Liberia,DemandPeakZone,2035,301.78296133030614
Liberia,Liberia,DemandPeakZone,2040,486.0244770392495
Liberia,Liberia,DemandPeakZone,2045,782.7472805367728
Liberia,Liberia,DemandPeakZone,2050,1260.622322860467
Liberia,Liberia,EmissionsIntensityZone,2026,2.3644962828655202e-07
Liberia,Liberia,EmissionsIntensityZone,2027,2.106610921942869e-07
Liberia,Liberia,EmissionsIntensityZone,2028,2.7288378240245226e-08
Liberia,Liberia,EmissionsIntensityZone,2030,1.9085992837871946e-15
Liberia,Liberia,EmissionsIntensityZone,2031,1.6463020781617845e-15
Liberia,Liberia,EmissionsIntensityZone,2032,1.079583952696006e-15
Liberia,Liberia,EmissionsIntensityZone,2033,9.904604638847765e-16
Liberia,Liberia,EmissionsIntensityZone,2034,8.57082614647976e-16
Liberia,Liberia,EmissionsIntensityZone,2035,3.839201607187371e-09
Liberia,Liberia,EmissionsIntensityZone,2040,2.0021096142397176e-08
Liberia,Liberia,EmissionsIntensityZone,2045,6.330270585426049e-08
Liberia,Liberia,EmissionsZone,2026,0.1435761105289903
Liberia,Liberia,EmissionsZone,2027,0.12165065273349
Liberia,Liberia,EmissionsZone,2028,0.0292162317815635
Liberia,Liberia,EmissionsZone,2030,2.427e-09
Liberia,Liberia,EmissionsZone,2031,2.3059999999999997e-09
Liberia,Liberia,EmissionsZone,2032,2.184e-09
Liberia,Liberia,EmissionsZone,2033,2.063e-09
Liberia,Liberia,EmissionsZone,2034,1.9419999999999997e-09
Liberia,Liberia,EmissionsZone,2035,0.0063982941692036
Liberia,Liberia,EmissionsZone,2040,0.0383675292
Liberia,Liberia,EmissionsZone,2045,0.1285958727102936
Liberia,Liberia,GenCostsPerMWh,2026,44.847097864670815
Liberia,Liberia,GenCostsPerMWh,2027,41.20776187355911
Liberia,Liberia,GenCostsPerMWh,2028,39.02271709806409
Liberia,Liberia,GenCostsPerMWh,2029,42.10983672217622
Liberia,Liberia,GenCostsPerMWh,2030,47.979058303447914
Liberia,Liberia,GenCostsPerMWh,2031,51.3140438389621
Liberia,Liberia,GenCostsPerMWh,2032,59.73219630252735
Liberia,Liberia,GenCostsPerMWh,2033,58.804734125414114
Liberia,Liberia,GenCostsPerMWh,2034,58.714529584117244
Liberia,Liberia,GenCostsPerMWh,2035,77.37305192542223
Liberia,Liberia,GenCostsPerMWh,2040,74.83861887966607
Liberia,Liberia,GenCostsPerMWh,2045,78.77019916007815
Liberia,Liberia,GenCostsPerMWh,2050,82.27252111445652
Mali,Mali,CapexInvestmentComponent,2026,279180000.0
Mali,Mali,CapexInvestmentComponent,2027,125130000.0
Mali,Mali,CapexInvestmentComponent,2028,122220000.0
Mali,Mali,CapexInvestmentComponent,2029,119310000.0
Mali,Mali,CapexInvestmentComponent,2030,486440000.0
Mali,Mali,CapexInvestmentComponent,2031,483530000.0
Mali,Mali,CapexInvestmentComponent,2032,480100000.0
Mali,Mali,CapexInvestmentComponent,2033,476670000.0
Mali,Mali,CapexInvestmentComponent,2034,473240000.0
Mali,Mali,CapexInvestmentComponent,2035,149797358.1675473
Mali,Mali,CapexInvestmentComponent,2040,1053419131.6966081
Mali,Mali,CapexInvestmentComponent,2045,667240954.6553252
Mali,Mali,CapexInvestmentComponent,2050,447593045.59488297
Mali,Mali,CapexInvestmentComponentCumulated,2026,279180000.0
Mali,Mali,CapexInvestmentComponentCumulated,2027,404310000.0
Mali,Mali,CapexInvestmentComponentCumulated,2028,526530000.0
Mali,Mali,CapexInvestmentComponentCumulated,2029,645840000.0
Mali,Mali,CapexInvestmentComponentCumulated,2030,1132280000.0
Mali,Mali,CapexInvestmentComponentCumulated,2031,1615810000.0
Mali,Mali,CapexInvestmentComponentCumulated,2032,2095910000.0
Mali,Mali,CapexInvestmentComponentCumulated,2033,2572580000.0
Mali,Mali,CapexInvestmentComponentCumulated,2034,3045820000.0
Mali,Mali,CapexInvestmentComponentCumulated,2035,3195617358.167547
Mali,Mali,CapexInvestmentComponentCumulated,2040,4249036489.8641553
Mali,Mali,CapexInvestmentComponentCumulated,2045,4916277444.519481
Mali,Mali,CapexInvestmentComponentCumulated,2050,5363870490.114364
Mali,Mali,Costs,2026,000-340.0280500494751533.12952201.869210320353800376.2382390626372000-239.718743375000026.710055162571866000012.847264793149268
Mali,Mali,Costs,2027,000-191.5411582030135.67952131.840468114911100315.3894331156866000-47.425106948770960000000008.563439545238404
Mali,Mali,Costs,2028,000-107.160837233565738.2295223.3603116555335800316.0478389922804000-47.1640529073231960000000001.8988753706378736
Mali,Mali,Costs,2029,000-144.112863656953340.77952000304.3695725135392000-47.8143567589856250000000000.45688082400000013
Mali,Mali,Costs,2030,000-500.261915129366749.92952000916.807549367359000-89.91965495182990000000000.6505608240000003
Mali,Mali,Costs,2031,000-546.439630648048756.559521.3153846153846155e-0700796.0313515751386000-95.613745530699490000000000.8442408321196582
Mali,Mali,Costs,2032,000-528.242363958240765.709522.629120879120879e-0700629.3972912216552000-83.232571929864360000000001.0377403689710123
Mali,Mali,Costs,2033,000-558.267649522606774.859523.944505494505495e-0700537.6190252696954000-92.142751436217130000000001.2274916498670732
Mali,Mali,Costs,2034,000-612.695935475426284.009525.25989010989011e-0700454.1694919496698000-93.558166778995260000000001.4186636864605946
Mali,Mali,Costs,2035,000-520.794936748012388.345929357206126.575274725274726e-0700396.49611981677845000-100.836454348811020000000001.4110441609449496
Mali,Mali,Costs,2040,000-403.22900205077394118.993945780264331.3148901098901098e-0600106.32392435784786000-196.158267112644670000000001.402904993457388
Mali,Mali,Costs,2045,000-368.4241071378119136.058973288260061.972417582417582e-0600178.07602871849997000-224.268953511930680000000001.3453218012325001
Mali,Mali,Costs,2050,000-297.24133181628673150.357655189308362.6297802197802196e-0600201.7859397310754000-285.66561004991820000000001.3421817952318573
Mali,Mali,CostsPerMWh,2026,000-94.306724725656749.18846701758439955.9883928561107700104.34961479614181000-66.4859547315495700007.40802948244198800003.563186813996258
Mali,Mali,CostsPerMWh,2027,000-50.754533037369439.4543511879475834.9350576000398760083.57182107952701000-12.5666941769298980000000002.269138285420936
Mali,Mali,CostsPerMWh,2028,000-27.1525558764589559.686646770664335.919066926809090080.08062300939203000-11.9504906361932830000000000.4811395742578874
Mali,Mali,CostsPerMWh,2029,000-34.871724624941519.86762843851574600073.64985780983885000-11.5698837682322910000000000.11055378317142793
Mali,Mali,CostsPerMWh,2030,000-115.7177407013669611.549412565634956000212.0707074879223000-20.799703117478870000000000.1504840293961455
Mali,Mali,CostsPerMWh,2031,000-120.828328897228212.5063994292006242.908568779053542e-0800176.01786650532244000-21.1420410309152870000000000.1866779113565524
Mali,Mali,CostsPerMWh,2032,000-111.5598302209833713.877234003295155.5524565789720434e-0800132.92280161722402000-17.5779381338780640000000000.21916102773048088
Mali,Mali,CostsPerMWh,2033,000-112.7334974196399715.1167195734377727.965317359278293e-0800108.56382785178079000-18.6068002331069560000000000.24787290981530485
Mali,Mali,CostsPerMWh,2034,000-120.0728564508498616.4637342136724141.0308049940334731e-070089.00569606180342000-18.3350266894491720000000000.2780220845503691
Mali,Mali,CostsPerMWh,2035,000-99.1366835822356616.8172188830276961.2516460585737826e-070075.47560008418262000-19.1948710768082980000000000.26860137960950436
Mali,Mali,CostsPerMWh,2040,000-66.206615153719719.537747368936872.1589325924518928e-070017.45744255941901000-32.20744250512050000000000.2303445201775676
Mali,Mali,CostsPerMWh,2045,000-50.88497472236494418.791814331341532.724208782182758e-070024.59500897049204000-30.9749547040284020000000000.18580940965286913
Mali,Mali,CostsPerMWh,2050,000-35.14315419752108517.776943162000873.109216716417069e-070023.85736314505478000-33.774544480637820000000000.1586875603830622
Mali,Mali,DemandEnergyZone,2026,3605.5546520000007
Mali,Mali,DemandEnergyZone,2027,3773.8729279999984
Mali,Mali,DemandEnergyZone,2028,3946.6206319999983
Mali,Mali,DemandEnergyZone,2029,4132.656621000001
Mali,Mali,DemandEnergyZone,2030,4323.122038999999
Mali,Mali,DemandEnergyZone,2031,4522.446313999994
Mali,Mali,DemandEnergyZone,2032,4735.058872999999
Mali,Mali,DemandEnergyZone,2033,4952.100859999999
Mali,Mali,DemandEnergyZone,2034,5102.701423
Mali,Mali,DemandEnergyZone,2035,5253.301986000001
Mali,Mali,DemandEnergyZone,2040,6090.463937999997
Mali,Mali,DemandEnergyZone,2045,7240.331928000001
Mali,Mali,DemandEnergyZone,2050,8458.015184000002
Mali,Mali,DemandPeakZone,2026,807.9890317074879
Mali,Mali,DemandPeakZone,2027,845.7084213617293
Mali,Mali,DemandPeakZone,2028,884.420426457612
Mali,Mali,DemandPeakZone,2029,926.1102781185192
Mali,Mali,DemandPeakZone,2030,968.7927454518356
Mali,Mali,DemandPeakZone,2031,1013.4604439178704
Mali,Mali,DemandPeakZone,2032,1061.1059887088272
Mali,Mali,DemandPeakZone,2033,1109.7441489320895
Mali,Mali,DemandPeakZone,2034,1143.4930765796664
Mali,Mali,DemandPeakZone,2035,1177.2420042272436
Mali,Mali,DemandPeakZone,2040,1364.846337094148
Mali,Mali,DemandPeakZone,2045,1622.5267256917218
Mali,Mali,DemandPeakZone,2050,1895.4042187917232
Mali,Mali,EmissionsIntensityZone,2026,3.920322576914398e-07
Mali,Mali,EmissionsIntensityZone,2027,2.876727997226493e-07
Mali,Mali,EmissionsIntensityZone,2028,6.696892230774248e-08
Mali,Mali,EmissionsIntensityZone,2031,2.159001926736234e-16
Mali,Mali,EmissionsIntensityZone,2032,3.5719517050726123e-16
Mali,Mali,EmissionsIntensityZone,2033,4.5781142291369195e-16
Mali,Mali,EmissionsIntensityZone,2034,5.327349925155334e-16
Mali,Mali,EmissionsIntensityZone,2035,6.277229109044714e-16
Mali,Mali,EmissionsIntensityZone,2040,8.652998794826431e-16
Mali,Mali,EmissionsIntensityZone,2045,1.0704462948392551e-15
Mali,Mali,EmissionsIntensityZone,2050,1.2455757049852065e-15
Mali,Mali,EmissionsZone,2026,1.2191217425125194
Mali,Mali,EmissionsZone,2027,0.7973390007172547
Mali,Mali,EmissionsZone,2028,0.1417192240435704
Mali,Mali,EmissionsZone,2031,7.979999999999997e-10
Mali,Mali,EmissionsZone,2032,1.595e-09
Mali,Mali,EmissionsZone,2033,2.393e-09
Mali,Mali,EmissionsZone,2034,3.191e-09
Mali,Mali,EmissionsZone,2035,3.989e-09
Mali,Mali,EmissionsZone,2040,7.977e-09
Mali,Mali,EmissionsZone,2045,1.1966e-08
Mali,Mali,EmissionsZone,2050,1.5954e-08
Mali,Mali,GenCostsPerMWh,2026,89.52096223589183
Mali,Mali,GenCostsPerMWh,2027,79.52212277788084
Mali,Mali,GenCostsPerMWh,2028,57.310659123759095
Mali,Mali,GenCostsPerMWh,2029,52.00281131316422
Mali,Mali,GenCostsPerMWh,2030,58.72706453308247
Mali,Mali,GenCostsPerMWh,2031,61.88275589896506
Mali,Mali,GenCostsPerMWh,2032,64.43616271287404
Mali,Mali,GenCostsPerMWh,2033,66.26154054576574
Mali,Mali,GenCostsPerMWh,2034,67.54761816135422
Mali,Mali,GenCostsPerMWh,2035,66.925784439494
Mali,Mali,GenCostsPerMWh,2040,62.31243406928138
Mali,Mali,GenCostsPerMWh,2045,59.501306401532084
Mali,Mali,GenCostsPerMWh,2050,56.91145747029848
Mauritania,Mauritania_Nema,Costs,2026,000-0.013084185178966210.1443.35070000000000020025.3695797929460600000000000000.22338000000000002
Mauritania,Mauritania_Nema,Costs,2027,000-0.0142076384829438060.1443.08898000000000030020.64640109433394600000000000000.20593200000000003
Mauritania,Mauritania_Nema,Costs,2028,00000.1440.960750018.87605334365784400000000000000.06405
Mauritania,Mauritania_Nema,Costs,2029,00000.1440.13860014.01092372692834700000000000000.00924
Mauritania,Mauritania_Nema,Costs,2030,00000.1440.1530060.5161359983220000038.5960737029241100000000.010199999999999999
Mauritania,Mauritania_Nema,Costs,2031,00000.1440.20070062.871041131710790000037.2295599528671800000000.01338
Mauritania,Mauritania_Nema,Costs,2032,00000.1440.071550059.782635902517770000033.83786500138669600000000.00477
Mauritania,Mauritania_Nema,Costs,2033,00000.1440.04770060.684767130506970000028.150235322477700000000.0031799999999999997
Mauritania,Mauritania_Nema,Costs,2034,00000.14400060.81301329997606000EPS025.63750928167864300000000
Mauritania,Mauritania_Nema,Costs,2035,00000.14400056.45143052057558000EPS021.87611460673661800000000
Mauritania,Mauritania_Nema,Costs,2040,00000.14400042.918696676495756000EPS02.908848511461649400000000
Mauritania,Mauritania_Nema,Costs,2045,00000.14400039.14215397533489000EPS01.637971234706350200000000
Mauritania,Mauritania_Nema,Costs,2050,00000.14400044.191598491785264000-1.104789962294628702.30584649078298100000000
Mauritania,Mauritania_Nema,CostsPerMWh,2026,000-0.103842739515604961.142857142857144126.59285714285717700201.34587137258800000000000001.7728571428571451
Mauritania,Mauritania_Nema,CostsPerMWh,2027,000-0.086631941969169580.878048780487805218.83524390243903600125.8926895995972800000000000001.2556829268292689
Mauritania,Mauritania_Nema,CostsPerMWh,2028,00000.82758620689655165.5215517241379300108.4830651934358600000000000000.36810344827586194
Mauritania,Mauritania_Nema,CostsPerMWh,2029,00000.77419354838709730.74516129032258120075.3275469189696600000000000000.04967741935483874
Mauritania,Mauritania_Nema,CostsPerMWh,2030,00000.68246445497630350.725118483412322400286.80633174560200000182.9197805825787700000000.04834123222748816
Mauritania,Mauritania_Nema,CostsPerMWh,2031,00000.64573991031390130.900281.9329198731425700000166.9486993402115600000000.06
Mauritania,Mauritania_Nema,CostsPerMWh,2032,00000.6101694915254240.30317796610169500253.316253824227900000143.3807839041809600000000.02021186440677967
Mauritania,Mauritania_Nema,CostsPerMWh,2033,00000.57831325301204810.191566265060240900243.7139242189034300000113.0531539055329100000000.012771084337349393
Mauritania,Mauritania_Nema,CostsPerMWh,2034,00000.5496183206106872000232.11073778616824000EPS097.8530888613688900000000
Mauritania,Mauritania_Nema,CostsPerMWh,2035,00000.5198555956678701000203.79577805261945000EPS078.9751429846087500000000
Mauritania,Mauritania_Nema,CostsPerMWh,2040,00000.4114285714285712000122.62484764713066000EPS08.3109957470332800000000
Mauritania,Mauritania_Nema,CostsPerMWh,2045,00000.3221476510067114400087.56633998956353000EPS03.66436517831398300000000
Mauritania,Mauritania_Nema,CostsPerMWh,2050,00000.252189141856392300077.39334236739977000-1.934833559184988804.0382600539106500000000
Mauritania,Mauritania_Nema,DemandEnergyZone,2026,125.99999999999986
Mauritania,Mauritania_Nema,DemandEnergyZone,2027,163.99999999999994
Mauritania,Mauritania_Nema,DemandEnergyZone,2028,174.00000000000003
Mauritania,Mauritania_Nema,DemandEnergyZone,2029,185.9999999999999
Mauritania,Mauritania_Nema,DemandEnergyZone,2030,211.0
Mauritania,Mauritania_Nema,DemandEnergyZone,2031,223.0
Mauritania,Mauritania_Nema,DemandEnergyZone,2032,235.99999999999991
Mauritania,Mauritania_Nema,DemandEnergyZone,2033,249.00000000000009
Mauritania,Mauritania_Nema,DemandEnergyZone,2034,261.99999999999994
Mauritania,Mauritania_Nema,DemandEnergyZone,2035,276.99999999999994
Mauritania,Mauritania_Nema,DemandEnergyZone,2040,350.00000000000017
Mauritania,Mauritania_Nema,DemandEnergyZone,2045,447.0
Mauritania,Mauritania_Nema,DemandEnergyZone,2050,571.0
Mauritania,Mauritania_Nema,DemandPeakZone,2026,24.44629030606268
Mauritania,Mauritania_Nema,DemandPeakZone,2027,32.84956708947589
Mauritania,Mauritania_Nema,DemandPeakZone,2028,34.81867224985384
Mauritania,Mauritania_Nema,DemandPeakZone,2029,37.21995999122308
Mauritania,Mauritania_Nema,DemandPeakZone,2030,42.238626764457166
Mauritania,Mauritania_Nema,DemandPeakZone,2031,44.63991450582639
Mauritania,Mauritania_Nema,DemandPeakZone,2032,47.25729353769128
Mauritania,Mauritania_Nema,DemandPeakZone,2033,49.87467256955618
Mauritania,Mauritania_Nema,DemandPeakZone,2034,52.49205160142103
Mauritania,Mauritania_Nema,DemandPeakZone,2035,55.54161321427717
Mauritania,Mauritania_Nema,DemandPeakZone,2040,70.16543095298825
Mauritania,Mauritania_Nema,DemandPeakZone,2045,89.5918241744377
Mauritania,Mauritania_Nema,DemandPeakZone,2050,114.46906675011265
Mauritania,Mauritania_Nema,EmissionsIntensityZone,2026,7.37099999999999e-07
Mauritania,Mauritania_Nema,EmissionsIntensityZone,2027,7.370999999999998e-07
Mauritania,Mauritania_Nema,EmissionsIntensityZone,2028,7.371e-07
Mauritania,Mauritania_Nema,EmissionsIntensityZone,2029,7.371000000000001e-07
Mauritania,Mauritania_Nema,EmissionsIntensityZone,2030,7.371000000000001e-07
Mauritania,Mauritania_Nema,EmissionsIntensityZone,2031,7.371e-07
Mauritania,Mauritania_Nema,EmissionsIntensityZone,2032,7.371e-07
Mauritania,Mauritania_Nema,EmissionsIntensityZone,2033,7.371e-07
Mauritania,Mauritania_Nema,EmissionsZone,2026,0.0219537863999999
Mauritania,Mauritania_Nema,EmissionsZone,2027,0.02023899696
Mauritania,Mauritania_Nema,EmissionsZone,2028,0.006294834
Mauritania,Mauritania_Nema,EmissionsZone,2029,0.0009081072
Mauritania,Mauritania_Nema,EmissionsZone,2030,0.001002456
Mauritania,Mauritania_Nema,EmissionsZone,2031,0.0013149864
Mauritania,Mauritania_Nema,EmissionsZone,2032,0.0004687956
Mauritania,Mauritania_Nema,EmissionsZone,2033,0.0003125303999999
Mauritania,Mauritania_Nema,GenCostsPerMWh,2026,124.8348106365834
Mauritania,Mauritania_Nema,GenCostsPerMWh,2027,125.24444962414778
Mauritania,Mauritania_Nema,GenCostsPerMWh,2028,136.86182669789224
Mauritania,Mauritania_Nema,GenCostsPerMWh,2029,236.88311688311688
Mauritania,Mauritania_Nema,GenCostsPerMWh,2030,225.8823529411764
Mauritania,Mauritania_Nema,GenCostsPerMWh,2031,200.71748878923768
Mauritania,Mauritania_Nema,GenCostsPerMWh,2032,346.41509433962267
Mauritania,Mauritania_Nema,GenCostsPerMWh,2033,459.62264150943395
Mauritania,Mauritania_grid,CapexInvestmentComponent,2026,142478400.0
Mauritania,Mauritania_grid,CapexInvestmentComponent,2027,85047067.525
Mauritania,Mauritania_grid,CapexInvestmentComponent,2028,224837412.0112
Mauritania,Mauritania_grid,CapexInvestmentComponent,2029,439425000.0
Mauritania,Mauritania_grid,CapexInvestmentComponent,2030,32640000.0
Mauritania,Mauritania_grid,CapexInvestmentComponent,2032,4853295.825
Mauritania,Mauritania_grid,CapexInvestmentComponent,2033,305260651.1125
Mauritania,Mauritania_grid,CapexInvestmentComponent,2035,196750000.0
Mauritania,Mauritania_grid,CapexInvestmentComponent,2040,1031782837.8781445
Mauritania,Mauritania_grid,CapexInvestmentComponent,2045,707482179.7826715
Mauritania,Mauritania_grid,CapexInvestmentComponent,2050,914308704.9362303
Mauritania,Mauritania_grid,CapexInvestmentComponentCumulated,2026,142478400.0
Mauritania,Mauritania_grid,CapexInvestmentComponentCumulated,2027,227525467.525
Mauritania,Mauritania_grid,CapexInvestmentComponentCumulated,2028,432723812.0112
Mauritania,Mauritania_grid,CapexInvestmentComponentCumulated,2029,872148812.0112
Mauritania,Mauritania_grid,CapexInvestmentComponentCumulated,2030,904788812.0112
Mauritania,Mauritania_grid,CapexInvestmentComponentCumulated,2032,24492363.35
Mauritania,Mauritania_grid,CapexInvestmentComponentCumulated,2033,1234541826.4737
Mauritania,Mauritania_grid,CapexInvestmentComponentCumulated,2035,1404788812.0112
Mauritania,Mauritania_grid,CapexInvestmentComponentCumulated,2040,2463074664.351845
Mauritania,Mauritania_grid,CapexInvestmentComponentCumulated,2045,3170556844.134516
Mauritania,Mauritania_grid,CapexInvestmentComponentCumulated,2050,4084865549.0707464
Mauritania,Mauritania_grid,Costs,2026,000-166.894140277724527.068099999999998258.980291791544740044.856856565881790000000016.77299871430656000017.44224494392539
Mauritania,Mauritania_grid,Costs,2027,000-169.847710194758629.58241269.681351531199250011.065270355175212000000000000018.31267383874662
Mauritania,Mauritania_grid,Costs,2028,000-63.779179981380238.5789182.612897159122140049.43883851682720400000000000006.406082207017688
Mauritania,Mauritania_grid,Costs,2029,000-235.1704502027854254.32891180.3183376333426000.15566442869984592000-5.37494224999999500000000010.725798942230183
Mauritania,Mauritania_grid,Costs,2030,000-678.869207691396254.791309999999996160.86985669728804004.490701239840518000-0.98511359999999890734.605838819636300000009.356629751752696
Mauritania,Mauritania_grid,Costs,2031,000-583.817009461928554.791309999999996153.864287082155130013.759815884921766000-0.196505600000000140708.864177398538200000008.924407126754765
Mauritania,Mauritania_grid,Costs,2032,000-433.893729444419754.791309999999996137.963486465707830038.91797106068365000-0.098252799999998640643.062815810251900000007.997333597736474
Mauritania,Mauritania_grid,Costs,2033,000-380.105006668220957.33631114.347761946018450067.98868826610533000-0.049126399999998570534.854471127076600000006.973223204016784
Mauritania,Mauritania_grid,Costs,2034,000-314.344364029531357.33631103.936029243562100123.76183320279803000-9.903544651024277e-160487.112676351894500000006.405509703339012
Mauritania,Mauritania_grid,Costs,2035,000-284.5633141996384663.88630999999999588.543045545886050085.57113072718782000-0.0484799999999999950414.9354012411343400000005.580424620230582
Mauritania,Mauritania_grid,Costs,2040,000-77.2172074859530399.2226537632615311.80285731825307300168.53016308515828000-0.0069957352941213795055.3179876922535200000001.3445893666199995
Mauritania,Mauritania_grid,Costs,2045,000-133.7503702761848125.162657039890586.64197926584128300150.57490698653282000-35.145308306272064031.12878218977730800000001.013893487545984
Mauritania,Mauritania_grid,Costs,2050,000-104.55815705393582158.710266118155729.34149711004628500169.480533119645000-83.59375833603237043.7787772444453800000001.0578195468064295
Mauritania,Mauritania_grid,CostsPerMWh,2026,000-55.649930069264629.0257085695231886.355549113552830014.957271279053625000000005.59286385938865400005.816020321415607
Mauritania,Mauritania_grid,CostsPerMWh,2027,000-54.490763617182719.49066730830926686.51952246750052003.54997444824356900000000000005.875095873835934
Mauritania,Mauritania_grid,CostsPerMWh,2028,000-19.2395716384254111.63768024132730424.9209342863113650014.91367677732344500000000000001.9324531544548087
Mauritania,Mauritania_grid,CostsPerMWh,2029,000-66.7150213341235215.4124567375886551.15413833570002000.044160121616977556000-1.5248063120567360000000003.0427798417674277
Mauritania,Mauritania_grid,CostsPerMWh,2030,000-169.0411373733556713.64325448207171340.05723523338846001.1182024999602884000-0.245297211155378250182.919780582578800000002.329838085595791
Mauritania,Mauritania_grid,CostsPerMWh,2031,000-137.4981181021970312.90421808761187236.23746751817126003.240653764701311000-0.046280169571361330166.948699340211600000002.101838701543751
Mauritania,Mauritania_grid,CostsPerMWh,2032,000-96.7433064536052412.21656856187290330.761089512978323008.677362555336373000-0.0219069788182828520143.3807839041809600000001.7831290072991017
Mauritania,Mauritania_grid,CostsPerMWh,2033,000-80.3434805893512212.11927922215175524.169892611713880014.370891622512211000-0.0103839357429715770113.0531539055329100000001.4739427613647809
Mauritania,Mauritania_grid,CostsPerMWh,2034,000-63.146718366719811.51794094013659720.8790737733150024.861758377420244000-1.9894625654930237e-16097.8530888613688900000001.2867637009519908
Mauritania,Mauritania_grid,CostsPerMWh,2035,000-54.1612703082676912.15955652835934416.8525020072108940016.286853964063155000-0.009227255424438521078.9751429846087500000001.062128781924359
Mauritania,Mauritania_grid,CostsPerMWh,2040,000-11.60114295161553814.907249663951551.77326582305484860025.320036521207673000-0.001051041961256216708.3109957470332800000000.2020116235907451
Mauritania,Mauritania_grid,CostsPerMWh,2045,000-15.74459920849731814.733685349015950.7818692484804330017.72512148164011000-4.13717578649464903.664365178313983200000000.11935179370759073
Mauritania,Mauritania_grid,CostsPerMWh,2050,000-9.64469671192101814.6398179243755780.86168223503793760015.633293341909871000-7.7108899857976504.038260053910649500000000.09757582758107453
Mauritania,Mauritania_grid,DemandEnergyZone,2026,2998.9999999999977
Mauritania,Mauritania_grid,DemandEnergyZone,2027,3117.000000000002
Mauritania,Mauritania_grid,DemandEnergyZone,2028,3314.999999999998
Mauritania,Mauritania_grid,DemandEnergyZone,2029,3525.0000000000005
Mauritania,Mauritania_grid,DemandEnergyZone,2030,4016.0
Mauritania,Mauritania_grid,DemandEnergyZone,2031,4245.999999999999
Mauritania,Mauritania_grid,DemandEnergyZone,2032,4485.000000000002
Mauritania,Mauritania_grid,DemandEnergyZone,2033,4731.000000000004
Mauritania,Mauritania_grid,DemandEnergyZone,2034,4978.000000000002
Mauritania,Mauritania_grid,DemandEnergyZone,2035,5254.0
Mauritania,Mauritania_grid,DemandEnergyZone,2040,6656.000000000001
Mauritania,Mauritania_grid,DemandEnergyZone,2045,8495.000000000005
Mauritania,Mauritania_grid,DemandEnergyZone,2050,10841.000000000004
Mauritania,Mauritania_grid,DemandPeakZone,2026,601.0648827747041
Mauritania,Mauritania_grid,DemandPeakZone,2027,624.4537698628271
Mauritania,Mauritania_grid,DemandPeakZone,2028,664.1709214677088
Mauritania,Mauritania_grid,DemandPeakZone,2029,706.0975530693806
Mauritania,Mauritania_grid,DemandPeakZone,2030,804.9096824087588
Mauritania,Mauritania_grid,DemandPeakZone,2031,850.9663320757655
Mauritania,Mauritania_grid,DemandPeakZone,2032,898.7759956126554
Mauritania,Mauritania_grid,DemandPeakZone,2033,947.9064904384344
Mauritania,Mauritania_grid,DemandPeakZone,2034,997.2530765547106
Mauritania,Mauritania_grid,DemandPeakZone,2035,1052.578598478493
Mauritania,Mauritania_grid,DemandPeakZone,2040,1333.7684087437256
Mauritania,Mauritania_grid,DemandPeakZone,2045,1702.293226406152
Mauritania,Mauritania_grid,DemandPeakZone,2050,2172.4163069498595
Mauritania,Mauritania_grid,EmissionsIntensityZone,2026,4.2260076097566484e-07
Mauritania,Mauritania_grid,EmissionsIntensityZone,2027,4.191374027618252e-07
Mauritania,Mauritania_grid,EmissionsIntensityZone,2028,1.741532395333116e-07
Mauritania,Mauritania_grid,EmissionsIntensityZone,2029,2.518828169135984e-07
Mauritania,Mauritania_grid,EmissionsIntensityZone,2030,2.3594782074132297e-07
Mauritania,Mauritania_grid,EmissionsIntensityZone,2031,2.3138039845368378e-07
Mauritania,Mauritania_grid,EmissionsIntensityZone,2032,2.202423033164834e-07
Mauritania,Mauritania_grid,EmissionsIntensityZone,2033,1.8617169083199866e-07
Mauritania,Mauritania_grid,EmissionsIntensityZone,2034,1.774174918603391e-07
Mauritania,Mauritania_grid,EmissionsIntensityZone,2035,1.444885983171227e-07
Mauritania,Mauritania_grid,EmissionsIntensityZone,2040,1.4785326988926544e-08
Mauritania,Mauritania_grid,EmissionsIntensityZone,2045,6.3259066427567614e-09
Mauritania,Mauritania_grid,EmissionsIntensityZone,2050,6.601287405574832e-09
Mauritania,Mauritania_grid,EmissionsZone,2026,1.695544827230464
Mauritania,Mauritania_grid,EmissionsZone,2027,1.8329951034124137
Mauritania,Mauritania_grid,EmissionsZone,2028,0.6078557227745537
Mauritania,Mauritania_grid,EmissionsZone,2029,1.7431552490613549
Mauritania,Mauritania_grid,EmissionsZone,2030,1.5454035512941209
Mauritania,Mauritania_grid,EmissionsZone,2031,1.4908745709728108
Mauritania,Mauritania_grid,EmissionsZone,2032,1.353334549115277
Mauritania,Mauritania_grid,EmissionsZone,2033,1.1256987660131086
Mauritania,Mauritania_grid,EmissionsZone,2034,1.025502155203146
Mauritania,Mauritania_grid,EmissionsZone,2035,0.8736247160527421
Mauritania,Mauritania_grid,EmissionsZone,2040,0.1164548588734303
Mauritania,Mauritania_grid,EmissionsZone,2045,0.0655341954229673
Mauritania,Mauritania_grid,EmissionsZone,2050,0.0921694381524567
Mauritania,Mauritania_grid,GenCostsPerMWh,2026,79.41650291027813
Mauritania,Mauritania_grid,GenCostsPerMWh,2027,78.22058626140354
Mauritania,Mauritania_grid,GenCostsPerMWh,2028,50.50862321791066
Mauritania,Mauritania_grid,GenCostsPerMWh,2029,49.22791002041225
Mauritania,Mauritania_grid,GenCostsPerMWh,2030,49.45555557013222
Mauritania,Mauritania_grid,GenCostsPerMWh,2031,49.11770767392847
Mauritania,Mauritania_grid,GenCostsPerMWh,2032,48.85905584828139
Mauritania,Mauritania_grid,GenCostsPerMWh,2033,51.06919634712207
Mauritania,Mauritania_grid,GenCostsPerMWh,2034,51.52339183335403
Mauritania,Mauritania_grid,GenCostsPerMWh,2035,51.17707383803376
Mauritania,Mauritania_grid,GenCostsPerMWh,2040,47.840524037515024
Mauritania,Mauritania_grid,GenCostsPerMWh,2045,45.80797854410003
Mauritania,Mauritania_grid,GenCostsPerMWh,2050,43.78056653700854
Niger,Niger,CapexInvestmentComponent,2026,22560000.0
Niger,Niger,CapexInvestmentComponent,2027,367389798.2305033
Niger,Niger,CapexInvestmentComponent,2028,216424822.26813516
Niger,Niger,CapexInvestmentComponent,2029,548310000.0
Niger,Niger,CapexInvestmentComponent,2030,446950000.0
Niger,Niger,CapexInvestmentComponent,2031,165759932.03239056
Niger,Niger,CapexInvestmentComponent,2032,178911567.46796378
Niger,Niger,CapexInvestmentComponent,2033,218848741.46783602
Niger,Niger,CapexInvestmentComponent,2034,209678898.083768
Niger,Niger,CapexInvestmentComponent,2035,186767398.31472537
Niger,Niger,CapexInvestmentComponent,2040,983894668.4976555
Niger,Niger,CapexInvestmentComponent,2045,795883391.1098232
Niger,Niger,CapexInvestmentComponent,2050,658271451.6523817
Niger,Niger,CapexInvestmentComponentCumulated,2026,22560000.0
Niger,Niger,CapexInvestmentComponentCumulated,2027,389949798.2305033
Niger,Niger,CapexInvestmentComponentCumulated,2028,606374620.4986386
Niger,Niger,CapexInvestmentComponentCumulated,2029,1012353945.6071647
Niger,Niger,CapexInvestmentComponentCumulated,2030,1459303945.6071649
Niger,Niger,CapexInvestmentComponentCumulated,2031,1767394552.5310292
Niger,Niger,CapexInvestmentComponentCumulated,2032,1946306119.998993
Niger,Niger,CapexInvestmentComponentCumulated,2033,2165154861.466829
Niger,Niger,CapexInvestmentComponentCumulated,2034,2374833759.550597
Niger,Niger,CapexInvestmentComponentCumulated,2035,2561601157.8653226
Niger,Niger,CapexInvestmentComponentCumulated,2040,3545495826.362978
Niger,Niger,CapexInvestmentComponentCumulated,2045,4341379217.472801
Niger,Niger,CapexInvestmentComponentCumulated,2050,4999650669.125183
Niger,Niger,Costs,2026,000-2914.35702509669912.330456288.41678916000046000.41769879134890030001.1402789823478087e-15000.635202019287296502158.0417803053556000014.720518620000094
Niger,Niger,Costs,2027,000-728.038808423989419.925229241193648438.70745207970776000000-1112.440287334574000072.20092975218115000017.2650270182571
Niger,Niger,Costs,2028,000-469.8576899718715423.73721526374958432.1962856939693000000-1253.508984678865300007.492049694844296000016.497070590595126
Niger,Niger,Costs,2029,000-245.3752731.930703263749578326.1205651897998000000-1366.51236500000000013.122187264217015
Niger,Niger,Costs,2030,000-107.568017568480440.730703263749581.244212495274680700300.0540404667823000-10.93168712000000303.04805401642296800000000.47309881478604726
Niger,Niger,Costs,2031,000-136.2976913619300845.110624293758440.4619658891982272300244.2639611548974000-15.5621322995422801.131556478535656700000000.4304618268094964
Niger,Niger,Costs,2032,000-150.2124736234496350.481146954736320.000103389183673469400195.28214315593627000-25.3041605091690370000000000.40528763531160983
Niger,Niger,Costs,2033,000-161.9955078763987356.111424588294671.9139204655674102e-0500142.103873460891000-25.6491397306737840000000000.4052834201734842
Niger,Niger,Costs,2034,000-157.985618182065561.661890642870441.8623472356935014e-050096.5670683273214000-24.2565340590686740000000000.4052833819049485
Niger,Niger,Costs,2035,000-155.1298232233733467.007365656267541.8107701260911734e-050079.27858997927063000-37.950831887379420000000000.405283343633534
Niger,Niger,Costs,2040,000-149.8921493608226394.087970283540618.168530612244898e-050027.300751315220104000-90.32093059442350000000000.40002013397482694
Niger,Niger,Costs,2045,000-162.472941178192121.391837362820576.81204081632653e-050021.192846275392885000-89.033436402147710000000000.38480872385048026
Niger,Niger,Costs,2050,000-81.28657212796391147.892196526057755.455551020408164e-050030.874103128426945000-89.523143328402510000000000.40339989962729084
Niger,Niger,CostsPerMWh,2026,000-1565.61744295493926.624026098019973154.93995830348587000.224391352193829250006.12567591830792e-16000.3412359407692658301159.318444780968500007.9079881161953445
Niger,Niger,CostsPerMWh,2027,000-365.848647449240310.012678010650056220.4560060702045000000-559.0152197661166000036.2818742473271500008.675892973998527
Niger,Niger,CostsPerMWh,2028,000-219.184543390451811.073205355556247201.6158244436801000000-584.751085927984100003.494976301273964300007.695740565395691
Niger,Niger,CostsPerMWh,2029,000-106.2603002412821213.827661262364854141.22722787803653000000-591.77118455468030000000005.682592049793887
Niger,Niger,CostsPerMWh,2030,000-43.2434241481328216.3741520658289770.500185927748615300120.6247398861436000-4.39464808844221101.225348348310740600000000.19019047830594862
Niger,Niger,CostsPerMWh,2031,000-51.5622264189764617.0656171831963980.174764440532087030092.40650773475096000-5.88724710721837600.4280745386741889300000000.1628462665573588
Niger,Niger,CostsPerMWh,2032,000-53.4755686117259217.9712641198074333.68064998323671e-050069.52034936298344000-9.008269012746980000000000.14428220391283658
Niger,Niger,CostsPerMWh,2033,000-54.2698518848907118.7977971820082676.411793854497188e-060047.60598775909247000-8.5926766266913880000000000.1357733400916195
Niger,Niger,CostsPerMWh,2034,000-49.6185986752717719.366171684318585.8490805141127484e-060030.328853117877284000-7.6182581843808550000000000.12728749431688063
Niger,Niger,CostsPerMWh,2035,000-45.855697080512319.807084143147345.352557274877834e-060023.434404368687712000-11.2180998780311470000000000.1197999833383191
Niger,Niger,CostsPerMWh,2040,000-32.644541012523820.4911239034440771.7789986581724287e-05005.945744989199244000-19.6707121463802360000000000.08711913015498865
Niger,Niger,CostsPerMWh,2045,000-26.0703222471526519.478470047217091.0930564680774476e-05003.4005929093626914000-14.2862581359296320000000000.061746204392858973
Niger,Niger,CostsPerMWh,2050,000-9.60987733120414817.4841407338522326.44967240071528e-06003.6500043735152263000-10.5836228932797580000000000.047690823334703134
Niger,Niger,DemandEnergyZone,2026,1861.4745500000024
Niger,Niger,DemandEnergyZone,2027,1990.000000000004
Niger,Niger,DemandEnergyZone,2028,2143.662517
Niger,Niger,DemandEnergyZone,2029,2309.190445000001
Niger,Niger,DemandEnergyZone,2030,2487.5000000000005
Niger,Niger,DemandEnergyZone,2031,2643.363190999999
Niger,Niger,DemandEnergyZone,2032,2808.992545999999
Niger,Niger,DemandEnergyZone,2033,2984.9999999999995
Niger,Niger,DemandEnergyZone,2034,3184.000000000004
Niger,Niger,DemandEnergyZone,2035,3383.0000000000045
Niger,Niger,DemandEnergyZone,2040,4591.645178999997
Niger,Niger,DemandEnergyZone,2045,6232.103295000006
Niger,Niger,DemandEnergyZone,2050,8458.648256
Niger,Niger,DemandPeakZone,2026,429.7002859647701
Niger,Niger,DemandPeakZone,2027,459.3689282889261
Niger,Niger,DemandPeakZone,2028,494.840177415772
Niger,Niger,DemandPeakZone,2029,533.0504220786726
Niger,Niger,DemandPeakZone,2030,574.2111603611577
Niger,Niger,DemandPeakZone,2031,610.1904101158838
Niger,Niger,DemandPeakZone,2032,648.4240680533202
Niger,Niger,DemandPeakZone,2033,689.0533924333888
Niger,Niger,DemandPeakZone,2034,734.9902852622816
Niger,Niger,DemandPeakZone,2035,780.9271780911741
Niger,Niger,DemandPeakZone,2040,1059.9292085267648
Niger,Niger,DemandPeakZone,2045,1438.6103576149385
Niger,Niger,DemandPeakZone,2050,1952.5830071138696
Niger,Niger,EmissionsIntensityZone,2026,7.713836892815981e-07
Niger,Niger,EmissionsIntensityZone,2027,7.105720640240143e-07
Niger,Niger,EmissionsIntensityZone,2028,6.573321401082453e-07
Niger,Niger,EmissionsIntensityZone,2029,5.008901939915805e-07
Niger,Niger,EmissionsIntensityZone,2030,2.8927036360453957e-09
Niger,Niger,EmissionsIntensityZone,2031,8.762815974630967e-10
Niger,Niger,EmissionsIntensityZone,2032,1.6419183016954056e-13
Niger,Niger,EmissionsIntensityZone,2033,1.3650116156522193e-13
Niger,Niger,EmissionsIntensityZone,2034,1.1534179344928538e-13
Niger,Niger,EmissionsIntensityZone,2035,9.994314241202377e-14
Niger,Niger,EmissionsIntensityZone,2040,5.4079718616260874e-14
Niger,Niger,EmissionsIntensityZone,2045,3.4191775722985024e-14
Niger,Niger,EmissionsIntensityZone,2050,2.1502437756503475e-14
Niger,Niger,EmissionsZone,2026,1.7274546247589948
Niger,Niger,EmissionsZone,2027,2.4638788730655525
Niger,Niger,EmissionsZone,2028,2.4319741577754552
Niger,Niger,EmissionsZone,2029,1.912203127305021
Niger,Niger,EmissionsZone,2030,0.0060966412268459
Niger,Niger,EmissionsZone,2031,0.0022636328570713
Niger,Niger,EmissionsZone,2032,5.06607e-07
Niger,Niger,EmissionsZone,2033,4.933129999999999e-07
Niger,Niger,EmissionsZone,2034,4.8002e-07
Niger,Niger,EmissionsZone,2035,4.667260000000001e-07
Niger,Niger,EmissionsZone,2040,4.00258e-07
Niger,Niger,EmissionsZone,2045,3.3379e-07
Niger,Niger,EmissionsZone,2050,2.67322e-07
Niger,Niger,GenCostsPerMWh,2026,141.9387341178368
Niger,Niger,GenCostsPerMWh,2027,149.5940409065825
Niger,Niger,GenCostsPerMWh,2028,145.78913701334366
Niger,Niger,GenCostsPerMWh,2029,129.5420902770981
Niger,Niger,GenCostsPerMWh,2030,100.7023258455725
Niger,Niger,GenCostsPerMWh,2031,90.53314724009765
Niger,Niger,GenCostsPerMWh,2032,83.74685447124385
Niger,Niger,GenCostsPerMWh,2033,79.79936205941829
Niger,Niger,GenCostsPerMWh,2034,76.23333259885865
Niger,Niger,GenCostsPerMWh,2035,73.50499212864469
Niger,Niger,GenCostsPerMWh,2040,64.87687790511984
Niger,Niger,GenCostsPerMWh,2045,61.02781603474149
Niger,Niger,GenCostsPerMWh,2050,55.89823542040587
Nigeria,Nigeria,CapexInvestmentComponent,2026,1227600000.0
Nigeria,Nigeria,CapexInvestmentComponent,2027,971226000.0
Nigeria,Nigeria,CapexInvestmentComponent,2028,1222854000.0
Nigeria,Nigeria,CapexInvestmentComponent,2029,1529010000.0
Nigeria,Nigeria,CapexInvestmentComponent,2030,1847000000.0
Nigeria,Nigeria,CapexInvestmentComponent,2031,1842150000.0
Nigeria,Nigeria,CapexInvestmentComponent,2032,1828300000.0
Nigeria,Nigeria,CapexInvestmentComponent,2033,1823450000.0
Nigeria,Nigeria,CapexInvestmentComponent,2034,1616184982.633714
Nigeria,Nigeria,CapexInvestmentComponent,2035,1201701455.909465
Nigeria,Nigeria,CapexInvestmentComponent,2040,5322298877.449108
Nigeria,Nigeria,CapexInvestmentComponent,2045,2168197783.3425884
Nigeria,Nigeria,CapexInvestmentComponent,2050,2239054230.393242
Nigeria,Nigeria,CapexInvestmentComponentCumulated,2026,1227600000.0
Nigeria,Nigeria,CapexInvestmentComponentCumulated,2027,2198826000.0
Nigeria,Nigeria,CapexInvestmentComponentCumulated,2028,3421680000.0
Nigeria,Nigeria,CapexInvestmentComponentCumulated,2029,4950690000.0
Nigeria,Nigeria,CapexInvestmentComponentCumulated,2030,6797690000.0
Nigeria,Nigeria,CapexInvestmentComponentCumulated,2031,8639840000.0
Nigeria,Nigeria,CapexInvestmentComponentCumulated,2032,10468140000.0
Nigeria,Nigeria,CapexInvestmentComponentCumulated,2033,12291590000.0
Nigeria,Nigeria,CapexInvestmentComponentCumulated,2034,13907774982.633717
Nigeria,Nigeria,CapexInvestmentComponentCumulated,2035,15109476438.54318
Nigeria,Nigeria,CapexInvestmentComponentCumulated,2040,20431775315.992287
Nigeria,Nigeria,CapexInvestmentComponentCumulated,2045,22599973099.33488
Nigeria,Nigeria,CapexInvestmentComponentCumulated,2050,24839027329.72812
Nigeria,Nigeria,Costs,2026,000-0.4176987913489003159.01121271.9458539839954007926.7757281326270001.1402789823478087e-150075.14121567126583018453.019414658716000088.48039430399989
Nigeria,Nigeria,Costs,2027,000-442.58228262649106191.441199999999981591.3018155840027007227.769904942564000-1112.4402873345740035.65699433293059010249.764661683990000103.88486390399993
Nigeria,Nigeria,Costs,2028,000-716.3940226949762215.64121800.0757419839988007188.223126083617000-1253.50898467886530019.4208841281532207667.1719606113660000117.78829790399988
Nigeria,Nigeria,Costs,2029,000-1352.2313606845648252.138099999999982159.3483916419923006046.709761741882000-1366.51236500001682.85896294270010000148.13324450399978
Nigeria,Nigeria,Costs,2030,000-283.68790420678215298.88812150.488477348702001129.7133482409956000-50.99987730799997409792.9831778148550000000137.00287017110327
Nigeria,Nigeria,Costs,2031,000-231.30013560889722345.63812052.4328882186123001185.4255899034656000-157.2712461075424209346.4534297182160000000119.70997449843021
Nigeria,Nigeria,Costs,2032,000-188.25683915593626392.38811996.3341678195754001172.0200193300138000-143.469386845387509090.9888069198110000000109.76794186431287
Nigeria,Nigeria,Costs,2033,000-143.79013701466323439.13811957.791572029214001045.3288667227444000-83.1444260668928908915.4720746471140000000101.31566736582636
Nigeria,Nigeria,Costs,2034,000-215.53287996197557478.473630499403442035.721804855534900749.8186676514922000-24.4616924374862209270.3546849981450000000102.90186972205457
Nigeria,Nigeria,Costs,2035,000-209.26836237213698502.8884992367912112.911507003470400751.0816893203092000-44.20093258805232509621.8650325675120000000107.08376309455144
Nigeria,Nigeria,Costs,2040,000-254.7393503930671618.95306393525952532.45872003375600713.8552455287116000-90.3209305944235011532.4200916148380000000129.23187218254577
Nigeria,Nigeria,Costs,2045,000-290.3701977311477691.1751073924973119.32991708856500662.9479920989434000-90.61101202327974014204.9428317584520000000157.44683357941196
Nigeria,Nigeria,Costs,2050,000-43.07365984803402767.30732148731993756.473972802805300258.22107321082785000-89.93087760733368017106.40043595130000000188.07875933490445
Nigeria,Nigeria,CostsPerMWh,2026,000-0.01058502151542614.02954714749895532.2327344721273200200.87463351110350002.8896127572602585e-17001.90417449379511020467.623109221745900002.2422063381526933
Nigeria,Nigeria,CostsPerMWh,2027,000-10.3971738238267574.49735001055562637.3829731380387400169.7952742580337000-26.133524747999125000.83765659554780940240.7881856644086200002.440470461819211
Nigeria,Nigeria,CostsPerMWh,2028,000-15.6014897402115414.69619212721901139.2016995263575600156.54372565821149000-27.29867495287164000.42294423860684230166.9741802561729600002.565170650577403
Nigeria,Nigeria,CostsPerMWh,2029,000-27.8146485619659425.18634077309924144.41659791558329600124.37746370111904000-28.108400894366113000034.6154748325827400003.0470186212340504
Nigeria,Nigeria,CostsPerMWh,2030,000-5.5115296984642555.80684130426231741.780001661520220021.94823458191307000-0.99083300427285240190.2594958075658800000002.661711608163892
Nigeria,Nigeria,CostsPerMWh,2031,000-4.2799614968098026.39566317562328637.97807430262440021.935032025656618000-2.91013611437626850172.9461191434820400000002.2151049772997036
Nigeria,Nigeria,CostsPerMWh,2032,000-3.31778971201418266.91534611509353435.1828756576960020.655376876836122000-2.52846726737151830160.2172291368971700000001.9345217409324822
Nigeria,Nigeria,CostsPerMWh,2033,000-2.4135601813026027.37106351143400532.8621133524455260017.54615567847263000-1.39560390036937480149.6488482703736600000001.7006135856962254
Nigeria,Nigeria,CostsPerMWh,2034,000-3.44534012046179557.64850539756828432.54145729229360011.986015030220246000-0.391025491721433360148.1886426459381300000001.6449088430798782
Nigeria,Nigeria,CostsPerMWh,2035,000-3.1857797565852287.65568183612548332.165735088506040011.434030515914541000-0.67288927320412830146.4776734231765300000001.6301808876343176
Nigeria,Nigeria,CostsPerMWh,2040,000-3.14777171186977887.6482998901592631.29317048229843008.820990336898845000-1.1160806914054910142.5041937092567800000001.596896713839071
Nigeria,Nigeria,CostsPerMWh,2045,000-3.0182198262949927.18434064127039532.42351823319333006.8909371181684795000-0.9418458061682150147.6516544094403700000001.6365631129154068
Nigeria,Nigeria,CostsPerMWh,2050,000-0.383266328002216556.827445371329039533.42483529078949002.2976325413597896000-0.80019848223212280152.2115209980657400000001.673511276260671
Nigeria,Nigeria,DemandEnergyZone,2026,39461.30773
Nigeria,Nigeria,DemandEnergyZone,2027,42567.556350000064
Nigeria,Nigeria,DemandEnergyZone,2028,45918.308740000015
Nigeria,Nigeria,DemandEnergyZone,2029,48615.79889000003
Nigeria,Nigeria,DemandEnergyZone,2030,51471.71833000003
Nigeria,Nigeria,DemandEnergyZone,2031,54042.57393
Nigeria,Nigeria,DemandEnergyZone,2032,56741.64293
Nigeria,Nigeria,DemandEnergyZone,2033,59575.94847999998
Nigeria,Nigeria,DemandEnergyZone,2034,62557.79470999997
Nigeria,Nigeria,DemandEnergyZone,2035,65688.27049000005
Nigeria,Nigeria,DemandEnergyZone,2040,80926.88216000001
Nigeria,Nigeria,DemandEnergyZone,2045,96205.78169999992
Nigeria,Nigeria,DemandEnergyZone,2050,112385.71379999995
Nigeria,Nigeria,DemandPeakZone,2026,5739.1326710554
Nigeria,Nigeria,DemandPeakZone,2027,6190.896030297799
Nigeria,Nigeria,DemandPeakZone,2028,6678.2192743916
Nigeria,Nigeria,DemandPeakZone,2029,7070.5340433377005
Nigeria,Nigeria,DemandPeakZone,2030,7485.8902884411
Nigeria,Nigeria,DemandPeakZone,2031,7859.7877134624
Nigeria,Nigeria,DemandPeakZone,2032,8252.332105531
Nigeria,Nigeria,DemandPeakZone,2033,8664.5448910391
Nigeria,Nigeria,DemandPeakZone,2034,9098.2155461651
Nigeria,Nigeria,DemandPeakZone,2035,9553.502433581
Nigeria,Nigeria,DemandPeakZone,2040,11769.7598029
Nigeria,Nigeria,DemandPeakZone,2045,13991.876517699
Nigeria,Nigeria,DemandPeakZone,2050,16345.036674092002
Nigeria,Nigeria,EmissionsIntensityZone,2026,4.409508019510944e-07
Nigeria,Nigeria,EmissionsIntensityZone,2027,4.2564032790754097e-07
Nigeria,Nigeria,EmissionsIntensityZone,2028,4.220087241995549e-07
Nigeria,Nigeria,EmissionsIntensityZone,2029,4.329280904634884e-07
Nigeria,Nigeria,EmissionsIntensityZone,2030,3.987615014495089e-07
Nigeria,Nigeria,EmissionsIntensityZone,2031,3.6446762898014434e-07
Nigeria,Nigeria,EmissionsIntensityZone,2032,3.382661173120872e-07
Nigeria,Nigeria,EmissionsIntensityZone,2033,3.156736785041004e-07
Nigeria,Nigeria,EmissionsIntensityZone,2034,3.064503597853551e-07
Nigeria,Nigeria,EmissionsIntensityZone,2035,3.0257593812036135e-07
Nigeria,Nigeria,EmissionsIntensityZone,2040,2.914259170066e-07
Nigeria,Nigeria,EmissionsIntensityZone,2045,2.998184446294642e-07
Nigeria,Nigeria,EmissionsIntensityZone,2050,3.0662777976180304e-07
Nigeria,Nigeria,EmissionsZone,2026,11.584491470131214
Nigeria,Nigeria,EmissionsZone,2027,14.493087305011189
Nigeria,Nigeria,EmissionsZone,2028,16.39453598853127
Nigeria,Nigeria,EmissionsZone,2029,19.66668073618569
Nigeria,Nigeria,EmissionsZone,2030,19.58598736292971
Nigeria,Nigeria,EmissionsZone,2031,18.69292722808343
Nigeria,Nigeria,EmissionsZone,2032,18.181997343833626
Nigeria,Nigeria,EmissionsZone,2033,17.830963240635228
Nigeria,Nigeria,EmissionsZone,2034,18.540727822684293
Nigeria,Nigeria,EmissionsZone,2035,19.243747879170023
Nigeria,Nigeria,EmissionsZone,2040,23.06485480399968
Nigeria,Nigeria,EmissionsZone,2045,28.4098970910219
Nigeria,Nigeria,EmissionsZone,2050,34.2128091061426
Nigeria,Nigeria,GenCostsPerMWh,2026,62.54856885091962
Nigeria,Nigeria,GenCostsPerMWh,2027,62.05426610617941
Nigeria,Nigeria,GenCostsPerMWh,2028,63.97218048698235
Nigeria,Nigeria,GenCostsPerMWh,2029,67.5641873642771
Nigeria,Nigeria,GenCostsPerMWh,2030,66.95072482601371
Nigeria,Nigeria,GenCostsPerMWh,2031,66.52011751743072
Nigeria,Nigeria,GenCostsPerMWh,2032,66.65612913321061
Nigeria,Nigeria,GenCostsPerMWh,2033,66.78567623157959
Nigeria,Nigeria,GenCostsPerMWh,2034,67.09116156829145
Nigeria,Nigeria,GenCostsPerMWh,2035,67.4337796772395
Nigeria,Nigeria,GenCostsPerMWh,2040,68.17883795366612
Nigeria,Nigeria,GenCostsPerMWh,2045,66.65351899201329
Nigeria,Nigeria,GenCostsPerMWh,2050,65.42119843696642
Senegal,Senegal,CapexInvestmentComponent,2026,40063601.216
Senegal,Senegal,CapexInvestmentComponent,2027,525425486.3798335
Senegal,Senegal,CapexInvestmentComponent,2028,649369625.920769
Senegal,Senegal,CapexInvestmentComponent,2029,176310294.35366058
Senegal,Senegal,CapexInvestmentComponent,2030,575852570.3981767
Senegal,Senegal,CapexInvestmentComponent,2031,230390899.26989058
Senegal,Senegal,CapexInvestmentComponent,2032,405559935.7
Senegal,Senegal,CapexInvestmentComponent,2033,187492604.45
Senegal,Senegal,CapexInvestmentComponent,2034,413365273.35
Senegal,Senegal,CapexInvestmentComponent,2035,1035779750.5185555
Senegal,Senegal,CapexInvestmentComponent,2040,1123545054.0206494
Senegal,Senegal,CapexInvestmentComponent,2045,1068910971.0750821
Senegal,Senegal,CapexInvestmentComponent,2050,1012621480.14162
Senegal,Senegal,CapexInvestmentComponentCumulated,2026,40063601.216
Senegal,Senegal,CapexInvestmentComponentCumulated,2027,565489087.5958335
Senegal,Senegal,CapexInvestmentComponentCumulated,2028,1214858713.5166025
Senegal,Senegal,CapexInvestmentComponentCumulated,2029,1391169007.870263
Senegal,Senegal,CapexInvestmentComponentCumulated,2030,1967021578.2684398
Senegal,Senegal,CapexInvestmentComponentCumulated,2031,2197412477.5383306
Senegal,Senegal,CapexInvestmentComponentCumulated,2032,2602972413.2383304
Senegal,Senegal,CapexInvestmentComponentCumulated,2033,2790465017.6883307
Senegal,Senegal,CapexInvestmentComponentCumulated,2034,3203830291.0383306
Senegal,Senegal,CapexInvestmentComponentCumulated,2035,4239610041.556886
Senegal,Senegal,CapexInvestmentComponentCumulated,2040,5363155095.577536
Senegal,Senegal,CapexInvestmentComponentCumulated,2045,6432066066.652617
Senegal,Senegal,CapexInvestmentComponentCumulated,2050,7444687546.794238
Senegal,Senegal,Costs,2026,000-171.5090635434482455.425391999999995853.3393551578005001141.3369807453273000-316.28644597407740044.425195733366350480.52361212941446000032.134239167521734
Senegal,Senegal,Costs,2027,000-69.6815455461046377.787392672.904579297299700321.8490977608537000-19.91149404187158500000000021.699098646346233
Senegal,Senegal,Costs,2028,000-207.6481823701191.19819199999999750.7559569754500146.0615828248714000-39.5512624742535900000000029.315690903658787
Senegal,Senegal,Costs,2029,000-118.1973264827506488.1818543.458183252589200248.82591602325206000-57.8890244862340700000000022.987905383141754
Senegal,Senegal,Costs,2030,000-188.9666062280834698.70849299999999423.922339288210700646.0550535232311000-105.7793170208837201279.9837248660542000000016.072332994990244
Senegal,Senegal,Costs,2031,000-147.9998298081507103.652186399.5501877569629400707.5304487822353000-120.1829029420165101214.4945862622828000000015.286947668597398
Senegal,Senegal,Costs,2032,000-113.73274173967435116.395879338.641821699355600611.5056451757517000-90.0235406776538801148.7552881171353000000013.606772859831521
Senegal,Senegal,Costs,2033,000-97.88599493125707121.33957199999999336.432842547801100629.4915425138138000-98.457073705768901131.3446081526904000000013.514891725486157
Senegal,Senegal,Costs,2034,000-85.46663976683674129.783265318.5756839538815400642.754883419054000-101.0692131259907101072.7163378762687000000012.887358495609856
Senegal,Senegal,Costs,2035,000-71.0827944316925137.133658253.175283324557100579.135028779044000-87.9937459480575201061.0605854855125000000012.134796169612992
Senegal,Senegal,Costs,2040,000-57.17508274675952162.3637969822798239.6988417569302800714.9858862021766000-184.5065353014482801012.4002952512986000000011.368609146225129
Senegal,Senegal,Costs,2045,000-33.08466142247605185.07149187785896275.1988848482085400692.3071719445758000-196.7810140889912401163.69730421785436.68384845497676600000012.873939145852173
Senegal,Senegal,Costs,2050,000-17.588029823322884224.90804098114157353.160458502597600662.9282458002622000-226.3830215020403501493.3636785472697000000016.340203653962615
Senegal,Senegal,CostsPerMWh,2026,000-16.59400609998345.36256961550592882.5630912576070300110.42770818830053000-30.601643466535066004.298268288344339046.4920721163028300003.109082107658392
Senegal,Senegal,CostsPerMWh,2027,000-6.5500562811634927.312004800866672563.252943540606490030.253773619020027000-1.8716778681382350000000002.0397124700692264
Senegal,Senegal,CostsPerMWh,2028,000-19.0008303065032328.34508325896781368.697863748507070013.365353444837758000-3.61913510681149830000000002.6825299495542407
Senegal,Senegal,CostsPerMWh,2029,000-10.356243677028587.72633557673805147.616858532417190021.801692950074585000-5.0721353997157060000000002.0141601917454204
Senegal,Senegal,CostsPerMWh,2030,000-16.1579029551731678.44023334377033836.24818244595710055.242008452688125000-9.0448358744664080109.4471304925892400000001.374291479219492
Senegal,Senegal,CostsPerMWh,2031,000-12.3214222937941138.62935016233754333.2637314333394160058.90399641988966000-10.0055810980473420101.1102559392283100000001.2726834757315826
Senegal,Senegal,CostsPerMWh,2032,000-9.191427290881689.40665143935028427.367683520070720049.41945115911972000-7.275344073743897092.8378279133774200000001.0996451988377232
Senegal,Senegal,CostsPerMWh,2033,000-7.6842682198880819.52542616121159526.4107260893882660049.41648555775788000-7.729099173295827088.8130669180481200000001.0609490464321727
Senegal,Senegal,CostsPerMWh,2034,000-6.51390410698546959.89152896624723624.2804848974314570048.98804593594126000-7.703065947921349081.7578809461279100000000.9822197018832689
Senegal,Senegal,CostsPerMWh,2035,000-5.25983352960868810.1473249350013818.7339264690606980042.8536028570195000-6.511174174197998078.5141058269174400000000.897924853379709
Senegal,Senegal,CostsPerMWh,2040,000-3.649456444983733710.36359856186818715.2998551270928280045.63718538073871000-11.776958284081402064.6209958063889200000000.7256525382386749
Senegal,Senegal,CostsPerMWh,2045,000-1.821637483595648810.19001411090893915.152417541219050038.11834972322211000-10.83473899723658064.07303378000850.36801189302747660000000.7088375428766455
Senegal,Senegal,CostsPerMWh,2050,000-0.835345869192394810.68203800363213716.7734040216962160031.485867221231818000-10.752092404133446070.9275110747303300000000.7760801955202349
Senegal,Senegal,DemandEnergyZone,2026,10335.603259999996
Senegal,Senegal,DemandEnergyZone,2027,10638.312490000017
Senegal,Senegal,DemandEnergyZone,2028,10928.374130000006
Senegal,Senegal,DemandEnergyZone,2029,11413.14651999999
Senegal,Senegal,DemandEnergyZone,2030,11694.995739999991
Senegal,Senegal,DemandEnergyZone,2031,12011.586510000006
Senegal,Senegal,DemandEnergyZone,2032,12373.784630000007
Senegal,Senegal,DemandEnergyZone,2033,12738.492740000002
Senegal,Senegal,DemandEnergyZone,2034,13120.647520000004
Senegal,Senegal,DemandEnergyZone,2035,13514.266949999996
Senegal,Senegal,DemandEnergyZone,2040,15666.739310000004
Senegal,Senegal,DemandEnergyZone,2045,18162.044709999995
Senegal,Senegal,DemandEnergyZone,2050,21054.787570000004
Senegal,Senegal,DemandPeakZone,2026,2137.6434121216407
Senegal,Senegal,DemandPeakZone,2027,2200.250729242865
Senegal,Senegal,DemandPeakZone,2028,2260.242230817708
Senegal,Senegal,DemandPeakZone,2029,2360.504448463005
Senegal,Senegal,DemandPeakZone,2030,2418.797429773185
Senegal,Senegal,DemandPeakZone,2031,2484.275772443555
Senegal,Senegal,DemandPeakZone,2032,2559.186777338021
Senegal,Senegal,DemandPeakZone,2033,2634.6169063846664
Senegal,Senegal,DemandPeakZone,2034,2713.655413169119
Senegal,Senegal,DemandPeakZone,2035,2795.0650766281474
Senegal,Senegal,DemandPeakZone,2040,3240.246479591429
Senegal,Senegal,DemandPeakZone,2045,3756.3337381382817
Senegal,Senegal,DemandPeakZone,2050,4354.620317407233
Senegal,Senegal,EmissionsIntensityZone,2026,5.04084432555031e-07
Senegal,Senegal,EmissionsIntensityZone,2027,4.202187868121016e-07
Senegal,Senegal,EmissionsIntensityZone,2028,3.809706954982039e-07
Senegal,Senegal,EmissionsIntensityZone,2029,3.56813554230711e-07
Senegal,Senegal,EmissionsIntensityZone,2030,2.444430744474085e-07
Senegal,Senegal,EmissionsIntensityZone,2031,2.292451072086593e-07
Senegal,Senegal,EmissionsIntensityZone,2032,2.088365718604705e-07
Senegal,Senegal,EmissionsIntensityZone,2033,1.9938841753912386e-07
Senegal,Senegal,EmissionsIntensityZone,2034,1.8368356422955538e-07
Senegal,Senegal,EmissionsIntensityZone,2035,1.7562314361384652e-07
Senegal,Senegal,EmissionsIntensityZone,2040,1.3841900785029986e-07
Senegal,Senegal,EmissionsIntensityZone,2045,1.3201354951712154e-07
Senegal,Senegal,EmissionsIntensityZone,2050,1.4124217766029484e-07
Senegal,Senegal,EmissionsZone,2026,4.224229637300275
Senegal,Senegal,EmissionsZone,2027,3.7618905973962447
Senegal,Senegal,EmissionsZone,2028,4.604635067144428
Senegal,Senegal,EmissionsZone,2029,3.817212382137024
Senegal,Senegal,EmissionsZone,2030,2.5599708732721083
Senegal,Senegal,EmissionsZone,2031,2.428992479485565
Senegal,Senegal,EmissionsZone,2032,2.2975137666162704
Senegal,Senegal,EmissionsZone,2033,2.2626922901073807
Senegal,Senegal,EmissionsZone,2034,2.1454356329755373
Senegal,Senegal,EmissionsZone,2035,2.1221240116150253
Senegal,Senegal,EmissionsZone,2040,2.024802848250597
Senegal,Senegal,EmissionsZone,2045,2.3273962832877086
Senegal,Senegal,EmissionsZone,2050,2.98672844905054
Senegal,Senegal,GenCostsPerMWh,2026,112.82204914403367
Senegal,Senegal,GenCostsPerMWh,2027,92.47726842815577
Senegal,Senegal,GenCostsPerMWh,2028,82.46797390270333
Senegal,Senegal,GenCostsPerMWh,2029,74.2042479638934
Senegal,Senegal,GenCostsPerMWh,2030,69.93587231996112
Senegal,Senegal,GenCostsPerMWh,2031,69.64048838173838
Senegal,Senegal,GenCostsPerMWh,2032,66.52812277500408
Senegal,Senegal,GenCostsPerMWh,2033,66.5540089126693
Senegal,Senegal,GenCostsPerMWh,2034,67.52280884394968
Senegal,Senegal,GenCostsPerMWh,2035,67.78298164217544
Senegal,Senegal,GenCostsPerMWh,2040,65.32060012877324
Senegal,Senegal,GenCostsPerMWh,2045,64.24446033136665
Senegal,Senegal,GenCostsPerMWh,2050,64.48944903445255
SierraLeone,SierraLeone,CapexInvestmentComponent,2027,41710000.0
SierraLeone,SierraLeone,CapexInvestmentComponent,2028,40740000.0
SierraLeone,SierraLeone,CapexInvestmentComponent,2029,40784455.9266426
SierraLeone,SierraLeone,CapexInvestmentComponent,2030,201230852.09725106
SierraLeone,SierraLeone,CapexInvestmentComponent,2031,71301100.14467955
SierraLeone,SierraLeone,CapexInvestmentComponent,2032,52581109.63983035
SierraLeone,SierraLeone,CapexInvestmentComponent,2033,51944291.155024745
SierraLeone,SierraLeone,CapexInvestmentComponent,2034,62885354.905486256
SierraLeone,SierraLeone,CapexInvestmentComponent,2035,535550641.9041687
SierraLeone,SierraLeone,CapexInvestmentComponent,2040,536974325.2454855
SierraLeone,SierraLeone,CapexInvestmentComponent,2045,431190272.6026349
SierraLeone,SierraLeone,CapexInvestmentComponent,2050,271471869.1385578
SierraLeone,SierraLeone,CapexInvestmentComponentCumulated,2027,41710000.0
SierraLeone,SierraLeone,CapexInvestmentComponentCumulated,2028,82450000.0
SierraLeone,SierraLeone,CapexInvestmentComponentCumulated,2029,123234455.9266426
SierraLeone,SierraLeone,CapexInvestmentComponentCumulated,2030,324465308.0238937
SierraLeone,SierraLeone,CapexInvestmentComponentCumulated,2031,395766408.1685732
SierraLeone,SierraLeone,CapexInvestmentComponentCumulated,2032,448347517.80840355
SierraLeone,SierraLeone,CapexInvestmentComponentCumulated,2033,500291808.96342826
SierraLeone,SierraLeone,CapexInvestmentComponentCumulated,2034,563177163.8689146
SierraLeone,SierraLeone,CapexInvestmentComponentCumulated,2035,954237724.3885036
SierraLeone,SierraLeone,CapexInvestmentComponentCumulated,2040,1635702131.0185692
SierraLeone,SierraLeone,CapexInvestmentComponentCumulated,2045,2066892403.621204
SierraLeone,SierraLeone,CapexInvestmentComponentCumulated,2050,2338364272.7597613
SierraLeone,SierraLeone,Costs,2026,000-25.1753280223496966.27999999999999981.416384800405380047.05484810104051000-1.03313989999999860000000005.711989611139263
SierraLeone,SierraLeone,Costs,2027,000-16.124604028126167.1368.666437666492710049.81779023001616000-0.101693800000000010000000004.826576615728661
SierraLeone,SierraLeone,Costs,2028,000-6.9520582147097917.979999999999999522.3834402832274360083.63996448788002000-5.5663291488235340000000001.6124795752241274
SierraLeone,SierraLeone,Costs,2029,000-3.6522348228847468.87045980953573117.0682953312401540075.86584830545152000-7.8264635494117690000000001.2433722868916774
SierraLeone,SierraLeone,Costs,2030,000-1.993118227162517413.6015925750930381.67667163292060300230.12050549272075000-33.61735152754409505.72158309284155900000000.4581984071045709
SierraLeone,SierraLeone,Costs,2031,000-2.037908287354410314.9414715908291561.7977875457875458e-0500237.08024711564454000-33.374576632002650000000000.34176412550421276
SierraLeone,SierraLeone,Costs,2032,000-1.992392474399786713.8011287107860051.8708864468864467e-0500175.65200502140942000-34.883308022848950000000000.2556813571146794
SierraLeone,SierraLeone,Costs,2033,000-1.710004051712383114.9049605461780650.388010401156804300178.91934199112495000-33.4625768033393901.324019154947594800000000.36870804378764016
SierraLeone,SierraLeone,Costs,2034,000-3.26323150747882216.212964592984420.940486563409732900204.54948583527107000-43.7141813874551603.209341563635713400000000.415088131135903
SierraLeone,SierraLeone,Costs,2035,000-20.94198788812437724.662974318805162.2744800174.92951905581864000-29.12218993430439807.761591671500000000.6769494907413577
SierraLeone,SierraLeone,Costs,2040,000-64.8795067876617435.131035145973313.0230402550023500156.28608889727255000-40.65529923680103041.688098800013200000001.4898311974842633
SierraLeone,SierraLeone,Costs,2045,000-217.2908777793869646.75984697154381673.938458380319190087.60925431643275000-396.665921776451460193.2257416235672700000004.9705474802511205
SierraLeone,SierraLeone,Costs,2050,000-315.131294063544155.0198612329787691.6259172717492900104.63248172599506000-557.68536534768280239.4489550525047200000005.998888113473793
SierraLeone,SierraLeone,CostsPerMWh,2026,000-24.4261470467917336.09311637638535578.993552155006650045.6545645784674000-1.002395166208140000000005.54200914671587
SierraLeone,SierraLeone,CostsPerMWh,2027,000-14.8753449779853556.57760088297566463.346482612330410045.95814039338719000-0.093815039084593360000000004.452635990093483
SierraLeone,SierraLeone,CostsPerMWh,2028,000-6.160947353204737.07191429648091219.8363121984189060074.12213792217976000-4.93290760482250250000000001.4289871379462376
SierraLeone,SierraLeone,CostsPerMWh,2029,000-3.09061473283988087.50641048670607814.443629058201350064.19962567111837000-6.6229540883520690000000001.052173503246152
SierraLeone,SierraLeone,CostsPerMWh,2030,000-1.613823662757236411.0131810796382071.357597516798210200186.3280923272234000-27.21989926890327304.63275387170825300000000.37100229256131106
SierraLeone,SierraLeone,CostsPerMWh,2031,000-1.58181049131732911.5974681808549521.3954304120221767e-0500184.02006827229357000-25.9051183938754550000000000.2652749795626303
SierraLeone,SierraLeone,CostsPerMWh,2032,000-1.475261888944221310.219010296939651.3852930630373484e-0500130.06107584440093000-25.829255805593380000000000.18931860399565878
SierraLeone,SierraLeone,CostsPerMWh,2033,000-1.210424857001423310.5504631522089130.274652819602958800126.64789813072458000-23.6864554218575900.937205788892565800000000.26098966299525117
SierraLeone,SierraLeone,CostsPerMWh,2034,000-2.239452504085515511.1264444686796080.645426162581379900140.37583824909652000-29.9996591562145702.20246954121331700000000.28486184708564005
SierraLeone,SierraLeone,CostsPerMWh,2035,000-13.94662160522586816.4246666706760861.514723056765896200116.49685898439103000-19.39434620528937405.16894492896099400000000.45082436508206974
SierraLeone,SierraLeone,CostsPerMWh,2040,000-37.25540483027581520.173102436697077.4781492776908450089.74330723974677000-23.345270433699806023.93832928604174300000000.855497631520315
SierraLeone,SierraLeone,CostsPerMWh,2045,000-104.9579020136648422.58638506489034435.714455889869670042.317853487481706000-191.60133814840853093.3337315542290300000002.4009210175686264
SierraLeone,SierraLeone,CostsPerMWh,2050,000-130.3032343458908422.75009180926852537.8862829408827440043.26435058457026000-230.5966059896286099.0094411181954500000002.4804725471255016
SierraLeone,SierraLeone,DemandEnergyZone,2026,1030.6712709999986
SierraLeone,SierraLeone,DemandEnergyZone,2027,1083.9818540000006
SierraLeone,SierraLeone,DemandEnergyZone,2028,1128.4073400000002
SierraLeone,SierraLeone,DemandEnergyZone,2029,1181.7179230000006
SierraLeone,SierraLeone,DemandEnergyZone,2030,1235.028506
SierraLeone,SierraLeone,DemandEnergyZone,2031,1288.339089
SierraLeone,SierraLeone,DemandEnergyZone,2032,1350.5347689999994
SierraLeone,SierraLeone,DemandEnergyZone,2033,1412.7304490000013
SierraLeone,SierraLeone,DemandEnergyZone,2034,1457.1559350000005
SierraLeone,SierraLeone,DemandEnergyZone,2035,1501.5814210000012
SierraLeone,SierraLeone,DemandEnergyZone,2040,1741.4790440000008
SierraLeone,SierraLeone,DemandEnergyZone,2045,2070.266970000001
SierraLeone,SierraLeone,DemandEnergyZone,2050,2418.445679
SierraLeone,SierraLeone,DemandPeakZone,2026,172.10912724276193
SierraLeone,SierraLeone,DemandPeakZone,2027,181.0113234867125
SierraLeone,SierraLeone,DemandPeakZone,2028,188.4298203808824
SierraLeone,SierraLeone,DemandPeakZone,2029,197.3320166199982
SierraLeone,SierraLeone,DemandPeakZone,2030,206.23421285911405
SierraLeone,SierraLeone,DemandPeakZone,2031,215.13640909823
SierraLeone,SierraLeone,DemandPeakZone,2032,225.52230468229163
SierraLeone,SierraLeone,DemandPeakZone,2033,235.90820026635348
SierraLeone,SierraLeone,DemandPeakZone,2034,243.326697165358
SierraLeone,SierraLeone,DemandPeakZone,2035,250.74519405952788
SierraLeone,SierraLeone,DemandPeakZone,2040,290.8050770508291
SierraLeone,SierraLeone,DemandPeakZone,2045,345.7085216179755
SierraLeone,SierraLeone,DemandPeakZone,2050,403.84998283016847
SierraLeone,SierraLeone,EmissionsIntensityZone,2026,6.386949945232641e-07
SierraLeone,SierraLeone,EmissionsIntensityZone,2027,5.812694523030219e-07
SierraLeone,SierraLeone,EmissionsIntensityZone,2028,3.53623030865517e-07
SierraLeone,SierraLeone,EmissionsIntensityZone,2029,2.656760179202512e-07
SierraLeone,SierraLeone,EmissionsIntensityZone,2030,1.7321269559334163e-08
SierraLeone,SierraLeone,EmissionsIntensityZone,2031,1.646862762504086e-13
SierraLeone,SierraLeone,EmissionsIntensityZone,2032,1.5561274880013648e-13
SierraLeone,SierraLeone,EmissionsIntensityZone,2033,2.778412259814387e-09
SierraLeone,SierraLeone,EmissionsIntensityZone,2034,6.209151728654633e-09
SierraLeone,SierraLeone,EmissionsIntensityZone,2035,1.1148860079599142e-08
SierraLeone,SierraLeone,EmissionsIntensityZone,2040,4.1586277186255416e-08
SierraLeone,SierraLeone,EmissionsIntensityZone,2045,1.3636469739429654e-07
SierraLeone,SierraLeone,EmissionsIntensityZone,2050,1.4380051325014078e-07
SierraLeone,SierraLeone,EmissionsZone,2026,0.5556668262627664
SierraLeone,SierraLeone,EmissionsZone,2027,0.4686484370738132
SierraLeone,SierraLeone,EmissionsZone,2028,0.1527669799330273
SierraLeone,SierraLeone,EmissionsZone,2029,0.116491115635714
SierraLeone,SierraLeone,EmissionsZone,2030,0.0114432838946831
SierraLeone,SierraLeone,EmissionsZone,2031,1.22699e-07
SierraLeone,SierraLeone,EmissionsZone,2032,1.27688e-07
SierraLeone,SierraLeone,EmissionsZone,2033,0.0026481709878951
SierraLeone,SierraLeone,EmissionsZone,2034,0.0064188207952714
SierraLeone,SierraLeone,EmissionsZone,2035,0.015523326
SierraLeone,SierraLeone,EmissionsZone,2040,0.0833763652060264
SierraLeone,SierraLeone,EmissionsZone,2045,0.3864516758011345
SierraLeone,SierraLeone,EmissionsZone,2050,0.4788981276070094
SierraLeone,SierraLeone,GenCostsPerMWh,2026,107.36552618132438
SierraLeone,SierraLeone,GenCostsPerMWh,2027,105.69691196727888
SierraLeone,SierraLeone,GenCostsPerMWh,2028,95.04348472046134
SierraLeone,SierraLeone,GenCostsPerMWh,2029,92.97323331242735
SierraLeone,SierraLeone,GenCostsPerMWh,2030,78.45798496009978
SierraLeone,SierraLeone,GenCostsPerMWh,2031,79.83277498633721
SierraLeone,SierraLeone,GenCostsPerMWh,2032,78.1916375573002
SierraLeone,SierraLeone,GenCostsPerMWh,2033,75.12627134267734
SierraLeone,SierraLeone,GenCostsPerMWh,2034,77.60758198546559
SierraLeone,SierraLeone,GenCostsPerMWh,2035,103.85560367076036
SierraLeone,SierraLeone,GenCostsPerMWh,2040,111.27637522443202
SierraLeone,SierraLeone,GenCostsPerMWh,2045,121.66457259262083
SierraLeone,SierraLeone,GenCostsPerMWh,2050,120.78156834085635
Togo,Togo,CapexInvestmentComponent,2026,146819200.0
Togo,Togo,CapexInvestmentComponent,2027,135751400.0
Togo,Togo,CapexInvestmentComponent,2029,119310000.0
Togo,Togo,CapexInvestmentComponent,2030,245800000.0
Togo,Togo,CapexInvestmentComponent,2031,160609411.7647059
Togo,Togo,CapexInvestmentComponent,2032,36859999.99999977
Togo,Togo,CapexInvestmentComponent,2033,35889999.99999986
Togo,Togo,CapexInvestmentComponent,2034,122519197.0771545
Togo,Togo,CapexInvestmentComponent,2035,33950000.0
Togo,Togo,CapexInvestmentComponent,2040,271281024.66568357
Togo,Togo,CapexInvestmentComponent,2045,260084222.57140562
Togo,Togo,CapexInvestmentComponent,2050,366867470.52510613
Togo,Togo,CapexInvestmentComponentCumulated,2026,146819200.0
Togo,Togo,CapexInvestmentComponentCumulated,2027,282570600.0
Togo,Togo,CapexInvestmentComponentCumulated,2029,401880600.0
Togo,Togo,CapexInvestmentComponentCumulated,2030,647680600.0
Togo,Togo,CapexInvestmentComponentCumulated,2031,808290011.7647059
Togo,Togo,CapexInvestmentComponentCumulated,2032,845150011.7647057
Togo,Togo,CapexInvestmentComponentCumulated,2033,881040011.7647055
Togo,Togo,CapexInvestmentComponentCumulated,2034,1003559208.84186
Togo,Togo,CapexInvestmentComponentCumulated,2035,1037509208.84186
Togo,Togo,CapexInvestmentComponentCumulated,2040,1308790233.5075436
Togo,Togo,CapexInvestmentComponentCumulated,2045,1568874456.078949
Togo,Togo,CapexInvestmentComponentCumulated,2050,1935741926.6040554
Togo,Togo,Costs,2026,000-5872.18073004904411.44939999999999974.83564000000005003504.0000-1650.82200005004.15057693793600004.4791281102222245
Togo,Togo,Costs,2027,000-5332.43780218494113.79839999999999983.19877451999984003599.5242974865464000-1638.995999999999900004096.49865829839300005.075339349599984
Togo,Togo,Costs,2028,000-4904.06106477692913.79839999999999983.19877451999987003665.3544509544217000-1606.2336005.15016934691140704280.19534542250400005.075339349600001
Togo,Togo,Costs,2029,000-3476.089497238879615.916469.79597451999983003848.9513787562855000-1664.934482418582008.04327132045805202640.00241008259200004.4051993496
Togo,Togo,Costs,2030,000-525.885037009942824.266399999999997115.6286773028098600516.7563218960223000-3.0578979600000240526.554676069718300000006.429159881757945
Togo,Togo,Costs,2031,000-401.193610899337629.420929411764707123.3699999999997800282.7927618838004000-0.71394399999999790561.807489609001800000006.0261088696000025
Togo,Togo,Costs,2032,000-395.914704187918730.270929411764694123.369999999999600288.8393546620286000-0.71394399999999670561.807510558000700000006.026108869600004
Togo,Togo,Costs,2033,000-400.098767523289331.120929411764692123.3699999999995800297.12647446629813000-1.2419718586897943e-140561.80753150649900000006.026108869599998
Togo,Togo,Costs,2034,000-495.895694461428835.17969120946265123.3699999999999800388.8658710532602000-1.90367019906912780561.807552455499100000006.026108869600001
Togo,Togo,Costs,2035,000-498.687929701802936.029691209462655123.3700430.86729234547715000-80.445270423283220561.807573404499900000006.026108869599992
Togo,Togo,Costs,2040,000-513.291203880231145.36210783675687123.3700000000005200522.5956577355673000-1547.52669147308850561.807678149002400000006.090678141321899
Togo,Togo,Costs,2045,000-501.548462223933255.24086888108791123.36999999999800653.4164492502755000-1548.91362675735540561.80778289349100000006.103372311889481
Togo,Togo,Costs,2050,000-2701.473641246091661.786961526590645123.36999999999995005249.175073832038000-2460.81398719452230561.80788763800020040.2794050828521900006.026108869599987
Togo,Togo,CostsPerMWh,2026,000-2142.28069718951434.17695397024961327.301432705134857001278.3243411667552000-602.250555232187500001825.607160206457100001.6340692039101934
Togo,Togo,CostsPerMWh,2027,000-1842.98441961851094.76897005816816928.754961775435127001244.0589922282406000-566.465883686325700001415.822084064175200001.7541266663732777
Togo,Togo,CostsPerMWh,2028,000-1517.19406714653524.26888049304235525.739623839971067001133.9691642339185000-496.92857739369754001.593333825725793401324.18558792938400001.570183292633763
Togo,Togo,CostsPerMWh,2029,000-1039.0943840095384.75782970110129520.86384864596042001150.552586510859000-497.69261458865344002.4043449010135180789.166009755344100001.3168297042546675
Togo,Togo,CostsPerMWh,2030,000-152.281325721287127.02685815799922433.48277100863372600149.63790987590818000-0.88548013823869050152.4752341168504600000001.8617015529378957
Togo,Togo,CostsPerMWh,2031,000-112.804546005664028.27235154099081734.6882314738819350079.51350233738884000-0.20074130446128830157.964725973231800000001.694375126493461
Togo,Togo,CostsPerMWh,2032,000-107.892731910860438.24928510401046633.620186861069320078.71308321770371000-0.194560514617323820153.101025248538700000001.6422056110975116
Togo,Togo,CostsPerMWh,2033,000-106.051582529885628.2490226959431832.7008848782578740078.75738539195166000-3.292014166576239e-150148.9146746496905400000001.59730155150068
Togo,Togo,CostsPerMWh,2034,000-127.783390257702079.06517290061664731.79022732434489700100.20373218337144000-0.490541528564387540144.7676891067045800000001.552819736125761
Togo,Togo,CostsPerMWh,2035,000-125.175450322548369.04379784131467630.96705251223360400108.15182027937342000-20.1925339511927080141.0190858992273800000001.512611087049847
Togo,Togo,CostsPerMWh,2040,000-111.15963916170859.82373261148846826.71731870663409600113.1746351821688000-335.13628777749330121.6664893324223600000001.3190126371178266
Togo,Togo,CostsPerMWh,2045,000-91.3667357220595310.06319079463515322.47422738781636300119.03242165348546000-282.16452177865520102.3441344005308500000001.1118471035900857
Togo,Togo,CostsPerMWh,2050,000-421.275261044404439.6352294350903519.23865854603527500818.5708591538796000-383.74612989335384087.60987370298163006.28128167971493400000.9397280611450826
Togo,Togo,DemandEnergyZone,2026,2741.088382000002
Togo,Togo,DemandEnergyZone,2027,2893.37107
Togo,Togo,DemandEnergyZone,2028,3232.3228590000017
Togo,Togo,DemandEnergyZone,2029,3345.306788999999
Togo,Togo,DemandEnergyZone,2030,3453.378374
Togo,Togo,DemandEnergyZone,2031,3556.5376140000003
Togo,Togo,DemandEnergyZone,2032,3669.521544
Togo,Togo,DemandEnergyZone,2033,3772.680783999998
Togo,Togo,DemandEnergyZone,2034,3880.752369
Togo,Togo,DemandEnergyZone,2035,3983.911608999998
Togo,Togo,DemandEnergyZone,2040,4617.604085
Togo,Togo,DemandEnergyZone,2045,5489.398939999995
Togo,Togo,DemandEnergyZone,2050,6412.609263000001
Togo,Togo,DemandPeakZone,2026,646.8836240526542
Togo,Togo,DemandPeakZone,2027,682.8216031911504
Togo,Togo,DemandPeakZone,2028,762.8125889209273
Togo,Togo,DemandPeakZone,2029,789.4762509150395
Togo,Togo,DemandPeakZone,2030,814.9806231981022
Togo,Togo,DemandPeakZone,2031,839.3257057765965
Togo,Togo,DemandPeakZone,2032,865.9893677707091
Togo,Togo,DemandPeakZone,2033,890.3344503492037
Togo,Togo,DemandPeakZone,2034,915.838822638748
Togo,Togo,DemandPeakZone,2035,940.1839052172428
Togo,Togo,DemandPeakZone,2040,1089.7322700609554
Togo,Togo,DemandPeakZone,2045,1295.4716467793996
Togo,Togo,DemandPeakZone,2050,1513.3448257121524
Togo,Togo,EmissionsIntensityZone,2026,3.705029562187778e-07
Togo,Togo,EmissionsIntensityZone,2027,3.5255928765954896e-07
Togo,Togo,EmissionsIntensityZone,2028,3.525592876595508e-07
Togo,Togo,EmissionsIntensityZone,2029,2.900583399245819e-07
Togo,Togo,EmissionsIntensityZone,2030,3.005283284699444e-07
Togo,Togo,EmissionsIntensityZone,2031,2.789712437595146e-07
Togo,Togo,EmissionsIntensityZone,2032,2.740574506441392e-07
Togo,Togo,EmissionsIntensityZone,2033,2.693137641539419e-07
Togo,Togo,EmissionsIntensityZone,2034,2.647315014064787e-07
Togo,Togo,EmissionsIntensityZone,2035,2.603025605755424e-07
Togo,Togo,EmissionsIntensityZone,2040,2.3972381413483224e-07
Togo,Togo,EmissionsIntensityZone,2045,2.179105141459273e-07
Togo,Togo,EmissionsIntensityZone,2050,1.9550464642675586e-07
Togo,Togo,EmissionsZone,2026,0.5272640384000005
Togo,Togo,EmissionsZone,2027,0.6034328943359965
Togo,Togo,EmissionsZone,2028,0.6034328943359993
Togo,Togo,EmissionsZone,2029,0.533380926336
Togo,Togo,EmissionsZone,2030,1.0531104148194366
Togo,Togo,EmissionsZone,2031,1.1236160000000035
Togo,Togo,EmissionsZone,2032,1.1236160000000013
Togo,Togo,EmissionsZone,2033,1.1236159999999982
Togo,Togo,EmissionsZone,2034,1.1236159999999984
Togo,Togo,EmissionsZone,2035,1.1236159999999995
Togo,Togo,EmissionsZone,2040,1.1236160000000048
Togo,Togo,EmissionsZone,2045,1.1236159999999815
Togo,Togo,EmissionsZone,2050,1.1236160000000006
Togo,Togo,GenCostsPerMWh,2026,75.14489244741625
Togo,Togo,GenCostsPerMWh,2027,77.39017757564653
Togo,Togo,GenCostsPerMWh,2028,77.39017757564653
Togo,Togo,GenCostsPerMWh,2029,72.6795470863758
Togo,Togo,GenCostsPerMWh,2030,61.665533026729825
Togo,Togo,GenCostsPerMWh,2031,61.02048360491341
Togo,Togo,GenCostsPerMWh,2032,61.1434459503764
Togo,Togo,GenCostsPerMWh,2033,61.236538109623794
Togo,Togo,GenCostsPerMWh,2034,64.24665615490689
Togo,Togo,GenCostsPerMWh,2035,64.2352040982451
Togo,Togo,GenCostsPerMWh,2040,67.53744330245456
Togo,Togo,GenCostsPerMWh,2045,68.93155024819602
Togo,Togo,GenCostsPerMWh,2050,70.18683481180187
