c,z,attribute,uni,y,value
System,System,NetPresentCostSystem,Carbon costs: $m,,0.0
System,System,NetPresentCostSystem,Excess generation: $m,,0.0
System,System,NetPresentCostSystem,Export revenues with external zones: $m,,0.0
System,System,NetPresentCostSystem,Export revenues with internal zones: $m,,0.0
System,System,NetPresentCostSystem,Fixed O&M: $m,,8757.355840838325
System,System,NetPresentCostSystem,Fuel costs: $m,,118098.98420025445
System,System,NetPresentCostSystem,Generation costs: $m,,0.0
System,System,NetPresentCostSystem,Import costs with external zones: $m,,1484.6378734256816
System,System,NetPresentCostSystem,Import costs with internal zones: $m,,0.0
System,System,NetPresentCostSystem,NPV of system cost: $m,,143108.58286712304
System,System,NetPresentCostSystem,Spinning reserve costs: $m,,0.0
System,System,NetPresentCostSystem,Startup costs: $m,,0.0
System,System,NetPresentCostSystem,Trade shared benefits: $m,,0.0
System,System,NetPresentCostSystem,Transmission costs: $m,,0.0
System,System,NetPresentCostSystem,Unmet country CO2 backstop cost: $m,,0.0
System,System,NetPresentCostSystem,Unmet country planning reserve costs: $m,,335.4978925142903
System,System,NetPresentCostSystem,Unmet country spinning reserve costs: $m,,0.0
System,System,NetPresentCostSystem,Unmet demand costs: $m,,0.0
System,System,NetPresentCostSystem,Unmet system CO2 backstop cost: $m,,0.0
System,System,NetPresentCostSystem,Unmet system planning reserve costs: $m,,335.4978925142903
System,System,NetPresentCostSystem,Unmet system spinning reserve costs: $m,,0.0
System,System,NetPresentCostSystem,VRE curtailment: $m,,0.0
System,System,NetPresentCostSystem,Variable O&M: $m,,3135.911782917848
System,System,NetPresentCostSystemPerMWh,Carbon costs: $m,,0.0
System,System,NetPresentCostSystemPerMWh,Excess generation: $m,,0.0
System,System,NetPresentCostSystemPerMWh,Export revenues with external zones: $m,,0.0
System,System,NetPresentCostSystemPerMWh,Export revenues with internal zones: $m,,0.0
System,System,NetPresentCostSystemPerMWh,Fixed O&M: $m,,6.61370910326143
System,System,NetPresentCostSystemPerMWh,Fuel costs: $m,,89.19042929017029
System,System,NetPresentCostSystemPerMWh,Generation costs: $m,,0.0
System,System,NetPresentCostSystemPerMWh,Import costs with external zones: $m,,1.121224624987052
System,System,NetPresentCostSystemPerMWh,Import costs with internal zones: $m,,0.0
System,System,NetPresentCostSystemPerMWh,NPV of system cost: $m,,108.07811792338104
System,System,NetPresentCostSystemPerMWh,Spinning reserve costs: $m,,0.0
System,System,NetPresentCostSystemPerMWh,Startup costs: $m,,0.0
System,System,NetPresentCostSystemPerMWh,Trade shared benefits: $m,,0.0
System,System,NetPresentCostSystemPerMWh,Transmission costs: $m,,0.0
System,System,NetPresentCostSystemPerMWh,Unmet country CO2 backstop cost: $m,,0.0
System,System,NetPresentCostSystemPerMWh,Unmet country planning reserve costs: $m,,0.2533739071672091
System,System,NetPresentCostSystemPerMWh,Unmet country spinning reserve costs: $m,,0.0
System,System,NetPresentCostSystemPerMWh,Unmet demand costs: $m,,0.0
System,System,NetPresentCostSystemPerMWh,Unmet system CO2 backstop cost: $m,,0.0
System,System,NetPresentCostSystemPerMWh,Unmet system planning reserve costs: $m,,0.2533739071672091
System,System,NetPresentCostSystemPerMWh,Unmet system spinning reserve costs: $m,,0.0
System,System,NetPresentCostSystemPerMWh,VRE curtailment: $m,,0.0
System,System,NetPresentCostSystemPerMWh,Variable O&M: $m,,2.3682957142144803
Libya,Libya,NetImport,Egypt,2026,1314.0
Libya,Libya,NetImport,Tunisia,2026,100.71582633094988
Libya,Libya,NetImport,Egypt,2028,1314.0
Libya,Libya,NetImport,Tunisia,2028,876.0
Libya,Libya,NetImport,Egypt,2030,1314.0
Libya,Libya,NetImport,Tunisia,2030,876.0
Libya,Libya,NetImport,Egypt,2032,1314.0
Libya,Libya,NetImport,Tunisia,2032,876.0
Libya,Libya,NetImport,Egypt,2034,1314.0
Libya,Libya,NetImport,Tunisia,2034,876.0
Libya,Libya,NetImport,Egypt,2036,1314.0
Libya,Libya,NetImport,Tunisia,2036,876.0
Libya,Libya,NetImport,Egypt,2038,1314.0
Libya,Libya,NetImport,Tunisia,2038,876.0
Libya,Libya,NetImport,Egypt,2040,1314.0
Libya,Libya,NetImport,Tunisia,2040,876.0
Libya,Libya,NetImport,Egypt,2042,1314.0
Libya,Libya,NetImport,Tunisia,2042,876.0
Libya,Libya,NetImport,Egypt,2044,1314.0
Libya,Libya,NetImport,Tunisia,2044,734.1
Libya,Libya,NetImport,Egypt,2046,1296.5367662095932
Libya,Libya,NetImport,Tunisia,2046,647.0247737660599
Libya,Libya,NetImport,Egypt,2048,1268.1
Libya,Libya,NetImport,Tunisia,2048,585.0
Libya,Libya,NetImport,Egypt,2050,1166.0519355599777
Libya,Libya,NetImport,Tunisia,2050,501.5008905273001
Libya,Libya,CapacityTechFuel,Nuclear,2026,0.0
Libya,Libya,CapacityTechFuel,Gas,2026,2271.0
Libya,Libya,CapacityTechFuel,Gas,2026,0.0
Libya,Libya,CapacityTechFuel,Gas,2026,0.0
Libya,Libya,CapacityTechFuel,Gas,2026,0.0
Libya,Libya,CapacityTechFuel,Gas,2026,0.0
Libya,Libya,CapacityTechFuel,Gas,2026,7851.0
Libya,Libya,CapacityTechFuel,Gas,2026,0.0
Libya,Libya,CapacityTechFuel,Gas,2026,1400.0
Libya,Libya,CapacityTechFuel,Gas,2026,0.0
Libya,Libya,CapacityTechFuel,Gas,2026,0.0
Libya,Libya,CapacityTechFuel,Gas,2026,0.0
Libya,Libya,CapacityTechFuel,Gas,2026,0.0
Libya,Libya,CapacityTechFuel,Gas,2026,0.0
Libya,Libya,CapacityTechFuel,Coal,2026,0.0
Libya,Libya,CapacityTechFuel,Coal,2026,0.0
Libya,Libya,CapacityTechFuel,Coal,2026,0.0
Libya,Libya,CapacityTechFuel,Coal,2026,0.0
Libya,Libya,CapacityTechFuel,Geothermal,2026,0.0
Libya,Libya,CapacityTechFuel,Geothermal,2026,0.0
Libya,Libya,CapacityTechFuel,Diesel,2026,0.0
Libya,Libya,CapacityTechFuel,Diesel,2026,0.0
Libya,Libya,CapacityTechFuel,Diesel,2026,0.0
Libya,Libya,CapacityTechFuel,Diesel,2026,0.0
Libya,Libya,CapacityTechFuel,Diesel,2026,0.0
Libya,Libya,CapacityTechFuel,Diesel,2026,640.0
Libya,Libya,CapacityTechFuel,Diesel,2026,0.0
Libya,Libya,CapacityTechFuel,Biomass,2026,0.0
Libya,Libya,CapacityTechFuel,Biomass,2026,0.0
Libya,Libya,CapacityTechFuel,Biomass,2026,0.0
Libya,Libya,CapacityTechFuel,Reservoir,2026,0.0
Libya,Libya,CapacityTechFuel,Reservoir,2026,0.0
Libya,Libya,CapacityTechFuel,ROR,2026,0.0
Libya,Libya,CapacityTechFuel,CSP,2026,0.0
Libya,Libya,CapacityTechFuel,CSP,2026,0.0
Libya,Libya,CapacityTechFuel,Offshore Wind,2026,0.0
Libya,Libya,CapacityTechFuel,Onshore Wind,2026,0.0
Libya,Libya,CapacityTechFuel,Onshore Wind,2026,0.0
Libya,Libya,CapacityTechFuel,PV,2026,0.0
Libya,Libya,CapacityTechFuel,PV,2026,0.0
Libya,Libya,CapacityTechFuel,PV+Storage,2026,0.0
Libya,Libya,CapacityTechFuel,Solar Thermal,2026,0.0
Libya,Libya,CapacityTechFuel,Battery,2026,0.0
Libya,Libya,CapacityTechFuel,PSH,2026,0.0
Libya,Libya,CapacityTechFuel,PSH,2026,0.0
Libya,Libya,CapacityTechFuel,Imports,2026,0.0
Libya,Libya,CapacityTechFuel,Peat,2026,0.0
Libya,Libya,CapacityTechFuel,Waste,2026,0.0
Libya,Libya,CapacityTechFuel,Methane,2026,0.0
Libya,Libya,CapacityTechFuel,Solar,2026,0.0
Libya,Libya,CapacityTechFuel,Solar,2026,0.0
Libya,Libya,CapacityTechFuel,Nuclear,2027,0.0
Libya,Libya,CapacityTechFuel,Gas,2027,2271.0
Libya,Libya,CapacityTechFuel,Gas,2027,0.0
Libya,Libya,CapacityTechFuel,Gas,2027,0.0
Libya,Libya,CapacityTechFuel,Gas,2027,0.0
Libya,Libya,CapacityTechFuel,Gas,2027,0.0
Libya,Libya,CapacityTechFuel,Gas,2027,7851.0
Libya,Libya,CapacityTechFuel,Gas,2027,0.0
Libya,Libya,CapacityTechFuel,Gas,2027,1400.0
Libya,Libya,CapacityTechFuel,Gas,2027,0.0
Libya,Libya,CapacityTechFuel,Gas,2027,0.0
Libya,Libya,CapacityTechFuel,Gas,2027,0.0
Libya,Libya,CapacityTechFuel,Gas,2027,0.0
Libya,Libya,CapacityTechFuel,Gas,2027,0.0
Libya,Libya,CapacityTechFuel,Coal,2027,0.0
Libya,Libya,CapacityTechFuel,Coal,2027,0.0
Libya,Libya,CapacityTechFuel,Coal,2027,0.0
Libya,Libya,CapacityTechFuel,Coal,2027,0.0
Libya,Libya,CapacityTechFuel,Geothermal,2027,0.0
Libya,Libya,CapacityTechFuel,Geothermal,2027,0.0
Libya,Libya,CapacityTechFuel,Diesel,2027,0.0
Libya,Libya,CapacityTechFuel,Diesel,2027,0.0
Libya,Libya,CapacityTechFuel,Diesel,2027,0.0
Libya,Libya,CapacityTechFuel,Diesel,2027,0.0
Libya,Libya,CapacityTechFuel,Diesel,2027,0.0
Libya,Libya,CapacityTechFuel,Diesel,2027,640.0
Libya,Libya,CapacityTechFuel,Diesel,2027,0.0
Libya,Libya,CapacityTechFuel,Biomass,2027,0.0
Libya,Libya,CapacityTechFuel,Biomass,2027,0.0
Libya,Libya,CapacityTechFuel,Biomass,2027,0.0
Libya,Libya,CapacityTechFuel,Reservoir,2027,0.0
Libya,Libya,CapacityTechFuel,Reservoir,2027,0.0
Libya,Libya,CapacityTechFuel,ROR,2027,0.0
Libya,Libya,CapacityTechFuel,CSP,2027,0.0
Libya,Libya,CapacityTechFuel,CSP,2027,0.0
Libya,Libya,CapacityTechFuel,Offshore Wind,2027,0.0
Libya,Libya,CapacityTechFuel,Onshore Wind,2027,0.0
Libya,Libya,CapacityTechFuel,Onshore Wind,2027,0.0
Libya,Libya,CapacityTechFuel,PV,2027,0.0
Libya,Libya,CapacityTechFuel,PV,2027,0.0
Libya,Libya,CapacityTechFuel,PV+Storage,2027,0.0
Libya,Libya,CapacityTechFuel,Solar Thermal,2027,0.0
Libya,Libya,CapacityTechFuel,Battery,2027,0.0
Libya,Libya,CapacityTechFuel,PSH,2027,0.0
Libya,Libya,CapacityTechFuel,PSH,2027,0.0
Libya,Libya,CapacityTechFuel,Imports,2027,0.0
Libya,Libya,CapacityTechFuel,Peat,2027,0.0
Libya,Libya,CapacityTechFuel,Waste,2027,0.0
Libya,Libya,CapacityTechFuel,Methane,2027,0.0
Libya,Libya,CapacityTechFuel,Solar,2027,0.0
Libya,Libya,CapacityTechFuel,Solar,2027,0.0
Libya,Libya,CapacityTechFuel,Nuclear,2028,0.0
Libya,Libya,CapacityTechFuel,Gas,2028,2271.0
Libya,Libya,CapacityTechFuel,Gas,2028,0.0
Libya,Libya,CapacityTechFuel,Gas,2028,0.0
Libya,Libya,CapacityTechFuel,Gas,2028,0.0
Libya,Libya,CapacityTechFuel,Gas,2028,0.0
Libya,Libya,CapacityTechFuel,Gas,2028,9171.0
Libya,Libya,CapacityTechFuel,Gas,2028,0.0
Libya,Libya,CapacityTechFuel,Gas,2028,1400.0
Libya,Libya,CapacityTechFuel,Gas,2028,0.0
Libya,Libya,CapacityTechFuel,Gas,2028,0.0
Libya,Libya,CapacityTechFuel,Gas,2028,0.0
Libya,Libya,CapacityTechFuel,Gas,2028,0.0
Libya,Libya,CapacityTechFuel,Gas,2028,0.0
Libya,Libya,CapacityTechFuel,Coal,2028,0.0
Libya,Libya,CapacityTechFuel,Coal,2028,0.0
Libya,Libya,CapacityTechFuel,Coal,2028,0.0
Libya,Libya,CapacityTechFuel,Coal,2028,0.0
Libya,Libya,CapacityTechFuel,Geothermal,2028,0.0
Libya,Libya,CapacityTechFuel,Geothermal,2028,0.0
Libya,Libya,CapacityTechFuel,Diesel,2028,0.0
Libya,Libya,CapacityTechFuel,Diesel,2028,0.0
Libya,Libya,CapacityTechFuel,Diesel,2028,0.0
Libya,Libya,CapacityTechFuel,Diesel,2028,0.0
Libya,Libya,CapacityTechFuel,Diesel,2028,0.0
Libya,Libya,CapacityTechFuel,Diesel,2028,640.0
Libya,Libya,CapacityTechFuel,Diesel,2028,0.0
Libya,Libya,CapacityTechFuel,Biomass,2028,0.0
Libya,Libya,CapacityTechFuel,Biomass,2028,0.0
Libya,Libya,CapacityTechFuel,Biomass,2028,0.0
Libya,Libya,CapacityTechFuel,Reservoir,2028,0.0
Libya,Libya,CapacityTechFuel,Reservoir,2028,0.0
Libya,Libya,CapacityTechFuel,ROR,2028,0.0
Libya,Libya,CapacityTechFuel,CSP,2028,0.0
Libya,Libya,CapacityTechFuel,CSP,2028,0.0
Libya,Libya,CapacityTechFuel,Offshore Wind,2028,0.0
Libya,Libya,CapacityTechFuel,Onshore Wind,2028,0.0
Libya,Libya,CapacityTechFuel,Onshore Wind,2028,0.0
Libya,Libya,CapacityTechFuel,PV,2028,500.0
Libya,Libya,CapacityTechFuel,PV,2028,0.0
Libya,Libya,CapacityTechFuel,PV+Storage,2028,0.0
Libya,Libya,CapacityTechFuel,Solar Thermal,2028,0.0
Libya,Libya,CapacityTechFuel,Battery,2028,0.0
Libya,Libya,CapacityTechFuel,PSH,2028,0.0
Libya,Libya,CapacityTechFuel,PSH,2028,0.0
Libya,Libya,CapacityTechFuel,Imports,2028,0.0
Libya,Libya,CapacityTechFuel,Peat,2028,0.0
Libya,Libya,CapacityTechFuel,Waste,2028,0.0
Libya,Libya,CapacityTechFuel,Methane,2028,0.0
Libya,Libya,CapacityTechFuel,Solar,2028,0.0
Libya,Libya,CapacityTechFuel,Solar,2028,0.0
Libya,Libya,CapacityTechFuel,Nuclear,2029,0.0
Libya,Libya,CapacityTechFuel,Gas,2029,2671.0
Libya,Libya,CapacityTechFuel,Gas,2029,0.0
Libya,Libya,CapacityTechFuel,Gas,2029,0.0
Libya,Libya,CapacityTechFuel,Gas,2029,0.0
Libya,Libya,CapacityTechFuel,Gas,2029,0.0
Libya,Libya,CapacityTechFuel,Gas,2029,9171.0
Libya,Libya,CapacityTechFuel,Gas,2029,0.0
Libya,Libya,CapacityTechFuel,Gas,2029,1400.0
Libya,Libya,CapacityTechFuel,Gas,2029,0.0
Libya,Libya,CapacityTechFuel,Gas,2029,0.0
Libya,Libya,CapacityTechFuel,Gas,2029,0.0
Libya,Libya,CapacityTechFuel,Gas,2029,0.0
Libya,Libya,CapacityTechFuel,Gas,2029,0.0
Libya,Libya,CapacityTechFuel,Coal,2029,0.0
Libya,Libya,CapacityTechFuel,Coal,2029,0.0
Libya,Libya,CapacityTechFuel,Coal,2029,0.0
Libya,Libya,CapacityTechFuel,Coal,2029,0.0
Libya,Libya,CapacityTechFuel,Geothermal,2029,0.0
Libya,Libya,CapacityTechFuel,Geothermal,2029,0.0
Libya,Libya,CapacityTechFuel,Diesel,2029,0.0
Libya,Libya,CapacityTechFuel,Diesel,2029,0.0
Libya,Libya,CapacityTechFuel,Diesel,2029,0.0
Libya,Libya,CapacityTechFuel,Diesel,2029,0.0
Libya,Libya,CapacityTechFuel,Diesel,2029,0.0
Libya,Libya,CapacityTechFuel,Diesel,2029,640.0
Libya,Libya,CapacityTechFuel,Diesel,2029,0.0
Libya,Libya,CapacityTechFuel,Biomass,2029,0.0
Libya,Libya,CapacityTechFuel,Biomass,2029,0.0
Libya,Libya,CapacityTechFuel,Biomass,2029,0.0
Libya,Libya,CapacityTechFuel,Reservoir,2029,0.0
Libya,Libya,CapacityTechFuel,Reservoir,2029,0.0
Libya,Libya,CapacityTechFuel,ROR,2029,0.0
Libya,Libya,CapacityTechFuel,CSP,2029,0.0
Libya,Libya,CapacityTechFuel,CSP,2029,0.0
Libya,Libya,CapacityTechFuel,Offshore Wind,2029,0.0
Libya,Libya,CapacityTechFuel,Onshore Wind,2029,0.0
Libya,Libya,CapacityTechFuel,Onshore Wind,2029,0.0
Libya,Libya,CapacityTechFuel,PV,2029,1000.0
Libya,Libya,CapacityTechFuel,PV,2029,0.0
Libya,Libya,CapacityTechFuel,PV+Storage,2029,0.0
Libya,Libya,CapacityTechFuel,Solar Thermal,2029,0.0
Libya,Libya,CapacityTechFuel,Battery,2029,0.0
Libya,Libya,CapacityTechFuel,PSH,2029,0.0
Libya,Libya,CapacityTechFuel,PSH,2029,0.0
Libya,Libya,CapacityTechFuel,Imports,2029,0.0
Libya,Libya,CapacityTechFuel,Peat,2029,0.0
Libya,Libya,CapacityTechFuel,Waste,2029,0.0
Libya,Libya,CapacityTechFuel,Methane,2029,0.0
Libya,Libya,CapacityTechFuel,Solar,2029,0.0
Libya,Libya,CapacityTechFuel,Solar,2029,0.0
Libya,Libya,CapacityTechFuel,Nuclear,2030,0.0
Libya,Libya,CapacityTechFuel,Gas,2030,3071.0
Libya,Libya,CapacityTechFuel,Gas,2030,0.0
Libya,Libya,CapacityTechFuel,Gas,2030,0.0
Libya,Libya,CapacityTechFuel,Gas,2030,0.0
Libya,Libya,CapacityTechFuel,Gas,2030,0.0
Libya,Libya,CapacityTechFuel,Gas,2030,9171.0
Libya,Libya,CapacityTechFuel,Gas,2030,0.0
Libya,Libya,CapacityTechFuel,Gas,2030,1400.0
Libya,Libya,CapacityTechFuel,Gas,2030,0.0
Libya,Libya,CapacityTechFuel,Gas,2030,0.0
Libya,Libya,CapacityTechFuel,Gas,2030,0.0
Libya,Libya,CapacityTechFuel,Gas,2030,0.0
Libya,Libya,CapacityTechFuel,Gas,2030,0.0
Libya,Libya,CapacityTechFuel,Coal,2030,0.0
Libya,Libya,CapacityTechFuel,Coal,2030,0.0
Libya,Libya,CapacityTechFuel,Coal,2030,0.0
Libya,Libya,CapacityTechFuel,Coal,2030,0.0
Libya,Libya,CapacityTechFuel,Geothermal,2030,0.0
Libya,Libya,CapacityTechFuel,Geothermal,2030,0.0
Libya,Libya,CapacityTechFuel,Diesel,2030,0.0
Libya,Libya,CapacityTechFuel,Diesel,2030,0.0
Libya,Libya,CapacityTechFuel,Diesel,2030,0.0
Libya,Libya,CapacityTechFuel,Diesel,2030,0.0
Libya,Libya,CapacityTechFuel,Diesel,2030,0.0
Libya,Libya,CapacityTechFuel,Diesel,2030,640.0
Libya,Libya,CapacityTechFuel,Diesel,2030,0.0
Libya,Libya,CapacityTechFuel,Biomass,2030,0.0
Libya,Libya,CapacityTechFuel,Biomass,2030,0.0
Libya,Libya,CapacityTechFuel,Biomass,2030,0.0
Libya,Libya,CapacityTechFuel,Reservoir,2030,0.0
Libya,Libya,CapacityTechFuel,Reservoir,2030,0.0
Libya,Libya,CapacityTechFuel,ROR,2030,0.0
Libya,Libya,CapacityTechFuel,CSP,2030,0.0
Libya,Libya,CapacityTechFuel,CSP,2030,0.0
Libya,Libya,CapacityTechFuel,Offshore Wind,2030,0.0
Libya,Libya,CapacityTechFuel,Onshore Wind,2030,0.0
Libya,Libya,CapacityTechFuel,Onshore Wind,2030,0.0
Libya,Libya,CapacityTechFuel,PV,2030,1500.0
Libya,Libya,CapacityTechFuel,PV,2030,0.0
Libya,Libya,CapacityTechFuel,PV+Storage,2030,0.0
Libya,Libya,CapacityTechFuel,Solar Thermal,2030,0.0
Libya,Libya,CapacityTechFuel,Battery,2030,0.0
Libya,Libya,CapacityTechFuel,PSH,2030,0.0
Libya,Libya,CapacityTechFuel,PSH,2030,0.0
Libya,Libya,CapacityTechFuel,Imports,2030,0.0
Libya,Libya,CapacityTechFuel,Peat,2030,0.0
Libya,Libya,CapacityTechFuel,Waste,2030,0.0
Libya,Libya,CapacityTechFuel,Methane,2030,0.0
Libya,Libya,CapacityTechFuel,Solar,2030,0.0
Libya,Libya,CapacityTechFuel,Solar,2030,0.0
Libya,Libya,CapacityTechFuel,Nuclear,2031,0.0
Libya,Libya,CapacityTechFuel,Gas,2031,3471.0
Libya,Libya,CapacityTechFuel,Gas,2031,0.0
Libya,Libya,CapacityTechFuel,Gas,2031,0.0
Libya,Libya,CapacityTechFuel,Gas,2031,0.0
Libya,Libya,CapacityTechFuel,Gas,2031,0.0
Libya,Libya,CapacityTechFuel,Gas,2031,9171.0
Libya,Libya,CapacityTechFuel,Gas,2031,0.0
Libya,Libya,CapacityTechFuel,Gas,2031,1400.0
Libya,Libya,CapacityTechFuel,Gas,2031,0.0
Libya,Libya,CapacityTechFuel,Gas,2031,0.0
Libya,Libya,CapacityTechFuel,Gas,2031,0.0
Libya,Libya,CapacityTechFuel,Gas,2031,0.0
Libya,Libya,CapacityTechFuel,Gas,2031,0.0
Libya,Libya,CapacityTechFuel,Coal,2031,0.0
Libya,Libya,CapacityTechFuel,Coal,2031,0.0
Libya,Libya,CapacityTechFuel,Coal,2031,0.0
Libya,Libya,CapacityTechFuel,Coal,2031,0.0
Libya,Libya,CapacityTechFuel,Geothermal,2031,0.0
Libya,Libya,CapacityTechFuel,Geothermal,2031,0.0
Libya,Libya,CapacityTechFuel,Diesel,2031,0.0
Libya,Libya,CapacityTechFuel,Diesel,2031,0.0
Libya,Libya,CapacityTechFuel,Diesel,2031,0.0
Libya,Libya,CapacityTechFuel,Diesel,2031,0.0
Libya,Libya,CapacityTechFuel,Diesel,2031,0.0
Libya,Libya,CapacityTechFuel,Diesel,2031,640.0
Libya,Libya,CapacityTechFuel,Diesel,2031,0.0
Libya,Libya,CapacityTechFuel,Biomass,2031,0.0
Libya,Libya,CapacityTechFuel,Biomass,2031,0.0
Libya,Libya,CapacityTechFuel,Biomass,2031,0.0
Libya,Libya,CapacityTechFuel,Reservoir,2031,0.0
Libya,Libya,CapacityTechFuel,Reservoir,2031,0.0
Libya,Libya,CapacityTechFuel,ROR,2031,0.0
Libya,Libya,CapacityTechFuel,CSP,2031,0.0
Libya,Libya,CapacityTechFuel,CSP,2031,0.0
Libya,Libya,CapacityTechFuel,Offshore Wind,2031,0.0
Libya,Libya,CapacityTechFuel,Onshore Wind,2031,0.0
Libya,Libya,CapacityTechFuel,Onshore Wind,2031,500.0
Libya,Libya,CapacityTechFuel,PV,2031,2000.0
Libya,Libya,CapacityTechFuel,PV,2031,0.0
Libya,Libya,CapacityTechFuel,PV+Storage,2031,0.0
Libya,Libya,CapacityTechFuel,Solar Thermal,2031,0.0
Libya,Libya,CapacityTechFuel,Battery,2031,0.0
Libya,Libya,CapacityTechFuel,PSH,2031,0.0
Libya,Libya,CapacityTechFuel,PSH,2031,0.0
Libya,Libya,CapacityTechFuel,Imports,2031,0.0
Libya,Libya,CapacityTechFuel,Peat,2031,0.0
Libya,Libya,CapacityTechFuel,Waste,2031,0.0
Libya,Libya,CapacityTechFuel,Methane,2031,0.0
Libya,Libya,CapacityTechFuel,Solar,2031,0.0
Libya,Libya,CapacityTechFuel,Solar,2031,0.0
Libya,Libya,CapacityTechFuel,Nuclear,2032,0.0
Libya,Libya,CapacityTechFuel,Gas,2032,3871.0
Libya,Libya,CapacityTechFuel,Gas,2032,0.0
Libya,Libya,CapacityTechFuel,Gas,2032,0.0
Libya,Libya,CapacityTechFuel,Gas,2032,0.0
Libya,Libya,CapacityTechFuel,Gas,2032,0.0
Libya,Libya,CapacityTechFuel,Gas,2032,9571.0
Libya,Libya,CapacityTechFuel,Gas,2032,0.0
Libya,Libya,CapacityTechFuel,Gas,2032,1400.0
Libya,Libya,CapacityTechFuel,Gas,2032,0.0
Libya,Libya,CapacityTechFuel,Gas,2032,0.0
Libya,Libya,CapacityTechFuel,Gas,2032,0.0
Libya,Libya,CapacityTechFuel,Gas,2032,0.0
Libya,Libya,CapacityTechFuel,Gas,2032,0.0
Libya,Libya,CapacityTechFuel,Coal,2032,0.0
Libya,Libya,CapacityTechFuel,Coal,2032,0.0
Libya,Libya,CapacityTechFuel,Coal,2032,0.0
Libya,Libya,CapacityTechFuel,Coal,2032,0.0
Libya,Libya,CapacityTechFuel,Geothermal,2032,0.0
Libya,Libya,CapacityTechFuel,Geothermal,2032,0.0
Libya,Libya,CapacityTechFuel,Diesel,2032,0.0
Libya,Libya,CapacityTechFuel,Diesel,2032,0.0
Libya,Libya,CapacityTechFuel,Diesel,2032,0.0
Libya,Libya,CapacityTechFuel,Diesel,2032,0.0
Libya,Libya,CapacityTechFuel,Diesel,2032,0.0
Libya,Libya,CapacityTechFuel,Diesel,2032,640.0
Libya,Libya,CapacityTechFuel,Diesel,2032,0.0
Libya,Libya,CapacityTechFuel,Biomass,2032,0.0
Libya,Libya,CapacityTechFuel,Biomass,2032,0.0
Libya,Libya,CapacityTechFuel,Biomass,2032,0.0
Libya,Libya,CapacityTechFuel,Reservoir,2032,0.0
Libya,Libya,CapacityTechFuel,Reservoir,2032,0.0
Libya,Libya,CapacityTechFuel,ROR,2032,0.0
Libya,Libya,CapacityTechFuel,CSP,2032,0.0
Libya,Libya,CapacityTechFuel,CSP,2032,0.0
Libya,Libya,CapacityTechFuel,Offshore Wind,2032,0.0
Libya,Libya,CapacityTechFuel,Onshore Wind,2032,0.0
Libya,Libya,CapacityTechFuel,Onshore Wind,2032,1000.0
Libya,Libya,CapacityTechFuel,PV,2032,2500.0
Libya,Libya,CapacityTechFuel,PV,2032,0.0
Libya,Libya,CapacityTechFuel,PV+Storage,2032,0.0
Libya,Libya,CapacityTechFuel,Solar Thermal,2032,0.0
Libya,Libya,CapacityTechFuel,Battery,2032,0.0
Libya,Libya,CapacityTechFuel,PSH,2032,0.0
Libya,Libya,CapacityTechFuel,PSH,2032,0.0
Libya,Libya,CapacityTechFuel,Imports,2032,0.0
Libya,Libya,CapacityTechFuel,Peat,2032,0.0
Libya,Libya,CapacityTechFuel,Waste,2032,0.0
Libya,Libya,CapacityTechFuel,Methane,2032,0.0
Libya,Libya,CapacityTechFuel,Solar,2032,0.0
Libya,Libya,CapacityTechFuel,Solar,2032,0.0
Libya,Libya,CapacityTechFuel,Nuclear,2033,0.0
Libya,Libya,CapacityTechFuel,Gas,2033,4271.0
Libya,Libya,CapacityTechFuel,Gas,2033,0.0
Libya,Libya,CapacityTechFuel,Gas,2033,0.0
Libya,Libya,CapacityTechFuel,Gas,2033,0.0
Libya,Libya,CapacityTechFuel,Gas,2033,0.0
Libya,Libya,CapacityTechFuel,Gas,2033,9971.0
Libya,Libya,CapacityTechFuel,Gas,2033,0.0
Libya,Libya,CapacityTechFuel,Gas,2033,1400.0
Libya,Libya,CapacityTechFuel,Gas,2033,0.0
Libya,Libya,CapacityTechFuel,Gas,2033,0.0
Libya,Libya,CapacityTechFuel,Gas,2033,0.0
Libya,Libya,CapacityTechFuel,Gas,2033,0.0
Libya,Libya,CapacityTechFuel,Gas,2033,0.0
Libya,Libya,CapacityTechFuel,Coal,2033,0.0
Libya,Libya,CapacityTechFuel,Coal,2033,0.0
Libya,Libya,CapacityTechFuel,Coal,2033,0.0
Libya,Libya,CapacityTechFuel,Coal,2033,0.0
Libya,Libya,CapacityTechFuel,Geothermal,2033,0.0
Libya,Libya,CapacityTechFuel,Geothermal,2033,0.0
Libya,Libya,CapacityTechFuel,Diesel,2033,0.0
Libya,Libya,CapacityTechFuel,Diesel,2033,0.0
Libya,Libya,CapacityTechFuel,Diesel,2033,0.0
Libya,Libya,CapacityTechFuel,Diesel,2033,0.0
Libya,Libya,CapacityTechFuel,Diesel,2033,0.0
Libya,Libya,CapacityTechFuel,Diesel,2033,640.0
Libya,Libya,CapacityTechFuel,Diesel,2033,0.0
Libya,Libya,CapacityTechFuel,Biomass,2033,0.0
Libya,Libya,CapacityTechFuel,Biomass,2033,0.0
Libya,Libya,CapacityTechFuel,Biomass,2033,0.0
Libya,Libya,CapacityTechFuel,Reservoir,2033,0.0
Libya,Libya,CapacityTechFuel,Reservoir,2033,0.0
Libya,Libya,CapacityTechFuel,ROR,2033,0.0
Libya,Libya,CapacityTechFuel,CSP,2033,0.0
Libya,Libya,CapacityTechFuel,CSP,2033,0.0
Libya,Libya,CapacityTechFuel,Offshore Wind,2033,0.0
Libya,Libya,CapacityTechFuel,Onshore Wind,2033,0.0
Libya,Libya,CapacityTechFuel,Onshore Wind,2033,1500.0
Libya,Libya,CapacityTechFuel,PV,2033,3000.0
Libya,Libya,CapacityTechFuel,PV,2033,0.0
Libya,Libya,CapacityTechFuel,PV+Storage,2033,0.0
Libya,Libya,CapacityTechFuel,Solar Thermal,2033,0.0
Libya,Libya,CapacityTechFuel,Battery,2033,0.0
Libya,Libya,CapacityTechFuel,PSH,2033,0.0
Libya,Libya,CapacityTechFuel,PSH,2033,0.0
Libya,Libya,CapacityTechFuel,Imports,2033,0.0
Libya,Libya,CapacityTechFuel,Peat,2033,0.0
Libya,Libya,CapacityTechFuel,Waste,2033,0.0
Libya,Libya,CapacityTechFuel,Methane,2033,0.0
Libya,Libya,CapacityTechFuel,Solar,2033,0.0
Libya,Libya,CapacityTechFuel,Solar,2033,0.0
Libya,Libya,CapacityTechFuel,Nuclear,2034,0.0
Libya,Libya,CapacityTechFuel,Gas,2034,4671.0
Libya,Libya,CapacityTechFuel,Gas,2034,0.0
Libya,Libya,CapacityTechFuel,Gas,2034,0.0
Libya,Libya,CapacityTechFuel,Gas,2034,0.0
Libya,Libya,CapacityTechFuel,Gas,2034,0.0
Libya,Libya,CapacityTechFuel,Gas,2034,10371.0
Libya,Libya,CapacityTechFuel,Gas,2034,0.0
Libya,Libya,CapacityTechFuel,Gas,2034,1400.0
Libya,Libya,CapacityTechFuel,Gas,2034,0.0
Libya,Libya,CapacityTechFuel,Gas,2034,0.0
Libya,Libya,CapacityTechFuel,Gas,2034,0.0
Libya,Libya,CapacityTechFuel,Gas,2034,0.0
Libya,Libya,CapacityTechFuel,Gas,2034,0.0
Libya,Libya,CapacityTechFuel,Coal,2034,0.0
Libya,Libya,CapacityTechFuel,Coal,2034,0.0
Libya,Libya,CapacityTechFuel,Coal,2034,0.0
Libya,Libya,CapacityTechFuel,Coal,2034,0.0
Libya,Libya,CapacityTechFuel,Geothermal,2034,0.0
Libya,Libya,CapacityTechFuel,Geothermal,2034,0.0
Libya,Libya,CapacityTechFuel,Diesel,2034,0.0
Libya,Libya,CapacityTechFuel,Diesel,2034,0.0
Libya,Libya,CapacityTechFuel,Diesel,2034,0.0
Libya,Libya,CapacityTechFuel,Diesel,2034,0.0
Libya,Libya,CapacityTechFuel,Diesel,2034,0.0
Libya,Libya,CapacityTechFuel,Diesel,2034,640.0
Libya,Libya,CapacityTechFuel,Diesel,2034,0.0
Libya,Libya,CapacityTechFuel,Biomass,2034,0.0
Libya,Libya,CapacityTechFuel,Biomass,2034,0.0
Libya,Libya,CapacityTechFuel,Biomass,2034,0.0
Libya,Libya,CapacityTechFuel,Reservoir,2034,0.0
Libya,Libya,CapacityTechFuel,Reservoir,2034,0.0
Libya,Libya,CapacityTechFuel,ROR,2034,0.0
Libya,Libya,CapacityTechFuel,CSP,2034,0.0
Libya,Libya,CapacityTechFuel,CSP,2034,0.0
Libya,Libya,CapacityTechFuel,Offshore Wind,2034,0.0
Libya,Libya,CapacityTechFuel,Onshore Wind,2034,0.0
Libya,Libya,CapacityTechFuel,Onshore Wind,2034,2000.0
Libya,Libya,CapacityTechFuel,PV,2034,3500.0
Libya,Libya,CapacityTechFuel,PV,2034,0.0
Libya,Libya,CapacityTechFuel,PV+Storage,2034,0.0
Libya,Libya,CapacityTechFuel,Solar Thermal,2034,0.0
Libya,Libya,CapacityTechFuel,Battery,2034,0.0
Libya,Libya,CapacityTechFuel,PSH,2034,0.0
Libya,Libya,CapacityTechFuel,PSH,2034,0.0
Libya,Libya,CapacityTechFuel,Imports,2034,0.0
Libya,Libya,CapacityTechFuel,Peat,2034,0.0
Libya,Libya,CapacityTechFuel,Waste,2034,0.0
Libya,Libya,CapacityTechFuel,Methane,2034,0.0
Libya,Libya,CapacityTechFuel,Solar,2034,0.0
Libya,Libya,CapacityTechFuel,Solar,2034,0.0
Libya,Libya,CapacityTechFuel,Nuclear,2035,0.0
Libya,Libya,CapacityTechFuel,Gas,2035,5071.0
Libya,Libya,CapacityTechFuel,Gas,2035,0.0
Libya,Libya,CapacityTechFuel,Gas,2035,0.0
Libya,Libya,CapacityTechFuel,Gas,2035,0.0
Libya,Libya,CapacityTechFuel,Gas,2035,0.0
Libya,Libya,CapacityTechFuel,Gas,2035,9675.0
Libya,Libya,CapacityTechFuel,Gas,2035,0.0
Libya,Libya,CapacityTechFuel,Gas,2035,1400.0
Libya,Libya,CapacityTechFuel,Gas,2035,0.0
Libya,Libya,CapacityTechFuel,Gas,2035,0.0
Libya,Libya,CapacityTechFuel,Gas,2035,0.0
Libya,Libya,CapacityTechFuel,Gas,2035,0.0
Libya,Libya,CapacityTechFuel,Gas,2035,0.0
Libya,Libya,CapacityTechFuel,Coal,2035,0.0
Libya,Libya,CapacityTechFuel,Coal,2035,0.0
Libya,Libya,CapacityTechFuel,Coal,2035,0.0
Libya,Libya,CapacityTechFuel,Coal,2035,0.0
Libya,Libya,CapacityTechFuel,Geothermal,2035,0.0
Libya,Libya,CapacityTechFuel,Geothermal,2035,0.0
Libya,Libya,CapacityTechFuel,Diesel,2035,0.0
Libya,Libya,CapacityTechFuel,Diesel,2035,0.0
Libya,Libya,CapacityTechFuel,Diesel,2035,0.0
Libya,Libya,CapacityTechFuel,Diesel,2035,0.0
Libya,Libya,CapacityTechFuel,Diesel,2035,0.0
Libya,Libya,CapacityTechFuel,Diesel,2035,640.0
Libya,Libya,CapacityTechFuel,Diesel,2035,0.0
Libya,Libya,CapacityTechFuel,Biomass,2035,0.0
Libya,Libya,CapacityTechFuel,Biomass,2035,0.0
Libya,Libya,CapacityTechFuel,Biomass,2035,0.0
Libya,Libya,CapacityTechFuel,Reservoir,2035,0.0
Libya,Libya,CapacityTechFuel,Reservoir,2035,0.0
Libya,Libya,CapacityTechFuel,ROR,2035,0.0
Libya,Libya,CapacityTechFuel,CSP,2035,0.0
Libya,Libya,CapacityTechFuel,CSP,2035,0.0
Libya,Libya,CapacityTechFuel,Offshore Wind,2035,0.0
Libya,Libya,CapacityTechFuel,Onshore Wind,2035,0.0
Libya,Libya,CapacityTechFuel,Onshore Wind,2035,2500.0
Libya,Libya,CapacityTechFuel,PV,2035,4500.0
Libya,Libya,CapacityTechFuel,PV,2035,0.0
Libya,Libya,CapacityTechFuel,PV+Storage,2035,0.0
Libya,Libya,CapacityTechFuel,Solar Thermal,2035,0.0
Libya,Libya,CapacityTechFuel,Battery,2035,0.0
Libya,Libya,CapacityTechFuel,PSH,2035,0.0
Libya,Libya,CapacityTechFuel,PSH,2035,0.0
Libya,Libya,CapacityTechFuel,Imports,2035,0.0
Libya,Libya,CapacityTechFuel,Peat,2035,0.0
Libya,Libya,CapacityTechFuel,Waste,2035,0.0
Libya,Libya,CapacityTechFuel,Methane,2035,0.0
Libya,Libya,CapacityTechFuel,Solar,2035,0.0
Libya,Libya,CapacityTechFuel,Solar,2035,0.0
Libya,Libya,CapacityTechFuel,Nuclear,2036,0.0
Libya,Libya,CapacityTechFuel,Gas,2036,4556.0
Libya,Libya,CapacityTechFuel,Gas,2036,0.0
Libya,Libya,CapacityTechFuel,Gas,2036,0.0
Libya,Libya,CapacityTechFuel,Gas,2036,0.0
Libya,Libya,CapacityTechFuel,Gas,2036,0.0
Libya,Libya,CapacityTechFuel,Gas,2036,9175.0
Libya,Libya,CapacityTechFuel,Gas,2036,0.0
Libya,Libya,CapacityTechFuel,Gas,2036,1400.0
Libya,Libya,CapacityTechFuel,Gas,2036,0.0
Libya,Libya,CapacityTechFuel,Gas,2036,0.0
Libya,Libya,CapacityTechFuel,Gas,2036,0.0
Libya,Libya,CapacityTechFuel,Gas,2036,0.0
Libya,Libya,CapacityTechFuel,Gas,2036,0.0
Libya,Libya,CapacityTechFuel,Coal,2036,0.0
Libya,Libya,CapacityTechFuel,Coal,2036,0.0
Libya,Libya,CapacityTechFuel,Coal,2036,0.0
Libya,Libya,CapacityTechFuel,Coal,2036,0.0
Libya,Libya,CapacityTechFuel,Geothermal,2036,0.0
Libya,Libya,CapacityTechFuel,Geothermal,2036,0.0
Libya,Libya,CapacityTechFuel,Diesel,2036,0.0
Libya,Libya,CapacityTechFuel,Diesel,2036,0.0
Libya,Libya,CapacityTechFuel,Diesel,2036,0.0
Libya,Libya,CapacityTechFuel,Diesel,2036,0.0
Libya,Libya,CapacityTechFuel,Diesel,2036,0.0
Libya,Libya,CapacityTechFuel,Diesel,2036,640.0
Libya,Libya,CapacityTechFuel,Diesel,2036,0.0
Libya,Libya,CapacityTechFuel,Biomass,2036,0.0
Libya,Libya,CapacityTechFuel,Biomass,2036,0.0
Libya,Libya,CapacityTechFuel,Biomass,2036,0.0
Libya,Libya,CapacityTechFuel,Reservoir,2036,0.0
Libya,Libya,CapacityTechFuel,Reservoir,2036,0.0
Libya,Libya,CapacityTechFuel,ROR,2036,0.0
Libya,Libya,CapacityTechFuel,CSP,2036,0.0
Libya,Libya,CapacityTechFuel,CSP,2036,0.0
Libya,Libya,CapacityTechFuel,Offshore Wind,2036,0.0
Libya,Libya,CapacityTechFuel,Onshore Wind,2036,0.0
Libya,Libya,CapacityTechFuel,Onshore Wind,2036,3000.0
Libya,Libya,CapacityTechFuel,PV,2036,5500.0
Libya,Libya,CapacityTechFuel,PV,2036,0.0
Libya,Libya,CapacityTechFuel,PV+Storage,2036,0.0
Libya,Libya,CapacityTechFuel,Solar Thermal,2036,0.0
Libya,Libya,CapacityTechFuel,Battery,2036,0.0
Libya,Libya,CapacityTechFuel,PSH,2036,0.0
Libya,Libya,CapacityTechFuel,PSH,2036,0.0
Libya,Libya,CapacityTechFuel,Imports,2036,0.0
Libya,Libya,CapacityTechFuel,Peat,2036,0.0
Libya,Libya,CapacityTechFuel,Waste,2036,0.0
Libya,Libya,CapacityTechFuel,Methane,2036,0.0
Libya,Libya,CapacityTechFuel,Solar,2036,0.0
Libya,Libya,CapacityTechFuel,Solar,2036,0.0
Libya,Libya,CapacityTechFuel,Nuclear,2037,0.0
Libya,Libya,CapacityTechFuel,Gas,2037,4956.0
Libya,Libya,CapacityTechFuel,Gas,2037,0.0
Libya,Libya,CapacityTechFuel,Gas,2037,0.0
Libya,Libya,CapacityTechFuel,Gas,2037,0.0
Libya,Libya,CapacityTechFuel,Gas,2037,0.0
Libya,Libya,CapacityTechFuel,Gas,2037,9575.0
Libya,Libya,CapacityTechFuel,Gas,2037,0.0
Libya,Libya,CapacityTechFuel,Gas,2037,1400.0
Libya,Libya,CapacityTechFuel,Gas,2037,0.0
Libya,Libya,CapacityTechFuel,Gas,2037,0.0
Libya,Libya,CapacityTechFuel,Gas,2037,0.0
Libya,Libya,CapacityTechFuel,Gas,2037,0.0
Libya,Libya,CapacityTechFuel,Gas,2037,0.0
Libya,Libya,CapacityTechFuel,Coal,2037,0.0
Libya,Libya,CapacityTechFuel,Coal,2037,0.0
Libya,Libya,CapacityTechFuel,Coal,2037,0.0
Libya,Libya,CapacityTechFuel,Coal,2037,0.0
Libya,Libya,CapacityTechFuel,Geothermal,2037,0.0
Libya,Libya,CapacityTechFuel,Geothermal,2037,0.0
Libya,Libya,CapacityTechFuel,Diesel,2037,0.0
Libya,Libya,CapacityTechFuel,Diesel,2037,0.0
Libya,Libya,CapacityTechFuel,Diesel,2037,0.0
Libya,Libya,CapacityTechFuel,Diesel,2037,0.0
Libya,Libya,CapacityTechFuel,Diesel,2037,0.0
Libya,Libya,CapacityTechFuel,Diesel,2037,640.0
Libya,Libya,CapacityTechFuel,Diesel,2037,0.0
Libya,Libya,CapacityTechFuel,Biomass,2037,0.0
Libya,Libya,CapacityTechFuel,Biomass,2037,0.0
Libya,Libya,CapacityTechFuel,Biomass,2037,0.0
Libya,Libya,CapacityTechFuel,Reservoir,2037,0.0
Libya,Libya,CapacityTechFuel,Reservoir,2037,0.0
Libya,Libya,CapacityTechFuel,ROR,2037,0.0
Libya,Libya,CapacityTechFuel,CSP,2037,0.0
Libya,Libya,CapacityTechFuel,CSP,2037,0.0
Libya,Libya,CapacityTechFuel,Offshore Wind,2037,0.0
Libya,Libya,CapacityTechFuel,Onshore Wind,2037,0.0
Libya,Libya,CapacityTechFuel,Onshore Wind,2037,3500.0
Libya,Libya,CapacityTechFuel,PV,2037,6500.0
Libya,Libya,CapacityTechFuel,PV,2037,0.0
Libya,Libya,CapacityTechFuel,PV+Storage,2037,0.0
Libya,Libya,CapacityTechFuel,Solar Thermal,2037,0.0
Libya,Libya,CapacityTechFuel,Battery,2037,0.0
Libya,Libya,CapacityTechFuel,PSH,2037,0.0
Libya,Libya,CapacityTechFuel,PSH,2037,0.0
Libya,Libya,CapacityTechFuel,Imports,2037,0.0
Libya,Libya,CapacityTechFuel,Peat,2037,0.0
Libya,Libya,CapacityTechFuel,Waste,2037,0.0
Libya,Libya,CapacityTechFuel,Methane,2037,0.0
Libya,Libya,CapacityTechFuel,Solar,2037,0.0
Libya,Libya,CapacityTechFuel,Solar,2037,0.0
Libya,Libya,CapacityTechFuel,Nuclear,2038,0.0
Libya,Libya,CapacityTechFuel,Gas,2038,5356.0
Libya,Libya,CapacityTechFuel,Gas,2038,0.0
Libya,Libya,CapacityTechFuel,Gas,2038,0.0
Libya,Libya,CapacityTechFuel,Gas,2038,0.0
Libya,Libya,CapacityTechFuel,Gas,2038,0.0
Libya,Libya,CapacityTechFuel,Gas,2038,9975.0
Libya,Libya,CapacityTechFuel,Gas,2038,0.0
Libya,Libya,CapacityTechFuel,Gas,2038,1400.0
Libya,Libya,CapacityTechFuel,Gas,2038,0.0
Libya,Libya,CapacityTechFuel,Gas,2038,0.0
Libya,Libya,CapacityTechFuel,Gas,2038,0.0
Libya,Libya,CapacityTechFuel,Gas,2038,0.0
Libya,Libya,CapacityTechFuel,Gas,2038,0.0
Libya,Libya,CapacityTechFuel,Coal,2038,0.0
Libya,Libya,CapacityTechFuel,Coal,2038,0.0
Libya,Libya,CapacityTechFuel,Coal,2038,0.0
Libya,Libya,CapacityTechFuel,Coal,2038,0.0
Libya,Libya,CapacityTechFuel,Geothermal,2038,0.0
Libya,Libya,CapacityTechFuel,Geothermal,2038,0.0
Libya,Libya,CapacityTechFuel,Diesel,2038,0.0
Libya,Libya,CapacityTechFuel,Diesel,2038,0.0
Libya,Libya,CapacityTechFuel,Diesel,2038,0.0
Libya,Libya,CapacityTechFuel,Diesel,2038,0.0
Libya,Libya,CapacityTechFuel,Diesel,2038,0.0
Libya,Libya,CapacityTechFuel,Diesel,2038,640.0
Libya,Libya,CapacityTechFuel,Diesel,2038,0.0
Libya,Libya,CapacityTechFuel,Biomass,2038,0.0
Libya,Libya,CapacityTechFuel,Biomass,2038,0.0
Libya,Libya,CapacityTechFuel,Biomass,2038,0.0
Libya,Libya,CapacityTechFuel,Reservoir,2038,0.0
Libya,Libya,CapacityTechFuel,Reservoir,2038,0.0
Libya,Libya,CapacityTechFuel,ROR,2038,0.0
Libya,Libya,CapacityTechFuel,CSP,2038,0.0
Libya,Libya,CapacityTechFuel,CSP,2038,0.0
Libya,Libya,CapacityTechFuel,Offshore Wind,2038,0.0
Libya,Libya,CapacityTechFuel,Onshore Wind,2038,0.0
Libya,Libya,CapacityTechFuel,Onshore Wind,2038,4000.0
Libya,Libya,CapacityTechFuel,PV,2038,7500.0
Libya,Libya,CapacityTechFuel,PV,2038,0.0
Libya,Libya,CapacityTechFuel,PV+Storage,2038,0.0
Libya,Libya,CapacityTechFuel,Solar Thermal,2038,0.0
Libya,Libya,CapacityTechFuel,Battery,2038,0.0
Libya,Libya,CapacityTechFuel,PSH,2038,0.0
Libya,Libya,CapacityTechFuel,PSH,2038,0.0
Libya,Libya,CapacityTechFuel,Imports,2038,0.0
Libya,Libya,CapacityTechFuel,Peat,2038,0.0
Libya,Libya,CapacityTechFuel,Waste,2038,0.0
Libya,Libya,CapacityTechFuel,Methane,2038,0.0
Libya,Libya,CapacityTechFuel,Solar,2038,0.0
Libya,Libya,CapacityTechFuel,Solar,2038,0.0
Libya,Libya,CapacityTechFuel,Nuclear,2039,0.0
Libya,Libya,CapacityTechFuel,Gas,2039,5756.0
Libya,Libya,CapacityTechFuel,Gas,2039,0.0
Libya,Libya,CapacityTechFuel,Gas,2039,0.0
Libya,Libya,CapacityTechFuel,Gas,2039,0.0
Libya,Libya,CapacityTechFuel,Gas,2039,0.0
Libya,Libya,CapacityTechFuel,Gas,2039,10375.0
Libya,Libya,CapacityTechFuel,Gas,2039,0.0
Libya,Libya,CapacityTechFuel,Gas,2039,1400.0
Libya,Libya,CapacityTechFuel,Gas,2039,0.0
Libya,Libya,CapacityTechFuel,Gas,2039,0.0
Libya,Libya,CapacityTechFuel,Gas,2039,0.0
Libya,Libya,CapacityTechFuel,Gas,2039,0.0
Libya,Libya,CapacityTechFuel,Gas,2039,0.0
Libya,Libya,CapacityTechFuel,Coal,2039,0.0
Libya,Libya,CapacityTechFuel,Coal,2039,0.0
Libya,Libya,CapacityTechFuel,Coal,2039,0.0
Libya,Libya,CapacityTechFuel,Coal,2039,0.0
Libya,Libya,CapacityTechFuel,Geothermal,2039,0.0
Libya,Libya,CapacityTechFuel,Geothermal,2039,0.0
Libya,Libya,CapacityTechFuel,Diesel,2039,0.0
Libya,Libya,CapacityTechFuel,Diesel,2039,0.0
Libya,Libya,CapacityTechFuel,Diesel,2039,0.0
Libya,Libya,CapacityTechFuel,Diesel,2039,0.0
Libya,Libya,CapacityTechFuel,Diesel,2039,0.0
Libya,Libya,CapacityTechFuel,Diesel,2039,640.0
Libya,Libya,CapacityTechFuel,Diesel,2039,0.0
Libya,Libya,CapacityTechFuel,Biomass,2039,0.0
Libya,Libya,CapacityTechFuel,Biomass,2039,0.0
Libya,Libya,CapacityTechFuel,Biomass,2039,0.0
Libya,Libya,CapacityTechFuel,Reservoir,2039,0.0
Libya,Libya,CapacityTechFuel,Reservoir,2039,0.0
Libya,Libya,CapacityTechFuel,ROR,2039,0.0
Libya,Libya,CapacityTechFuel,CSP,2039,0.0
Libya,Libya,CapacityTechFuel,CSP,2039,0.0
Libya,Libya,CapacityTechFuel,Offshore Wind,2039,0.0
Libya,Libya,CapacityTechFuel,Onshore Wind,2039,0.0
Libya,Libya,CapacityTechFuel,Onshore Wind,2039,4500.0
Libya,Libya,CapacityTechFuel,PV,2039,8500.0
Libya,Libya,CapacityTechFuel,PV,2039,0.0
Libya,Libya,CapacityTechFuel,PV+Storage,2039,0.0
Libya,Libya,CapacityTechFuel,Solar Thermal,2039,0.0
Libya,Libya,CapacityTechFuel,Battery,2039,0.0
Libya,Libya,CapacityTechFuel,PSH,2039,0.0
Libya,Libya,CapacityTechFuel,PSH,2039,0.0
Libya,Libya,CapacityTechFuel,Imports,2039,0.0
Libya,Libya,CapacityTechFuel,Peat,2039,0.0
Libya,Libya,CapacityTechFuel,Waste,2039,0.0
Libya,Libya,CapacityTechFuel,Methane,2039,0.0
Libya,Libya,CapacityTechFuel,Solar,2039,0.0
Libya,Libya,CapacityTechFuel,Solar,2039,0.0
Libya,Libya,CapacityTechFuel,Nuclear,2040,0.0
Libya,Libya,CapacityTechFuel,Gas,2040,6156.0
Libya,Libya,CapacityTechFuel,Gas,2040,0.0
Libya,Libya,CapacityTechFuel,Gas,2040,0.0
Libya,Libya,CapacityTechFuel,Gas,2040,0.0
Libya,Libya,CapacityTechFuel,Gas,2040,0.0
Libya,Libya,CapacityTechFuel,Gas,2040,10775.0
Libya,Libya,CapacityTechFuel,Gas,2040,0.0
Libya,Libya,CapacityTechFuel,Gas,2040,1400.0
Libya,Libya,CapacityTechFuel,Gas,2040,0.0
Libya,Libya,CapacityTechFuel,Gas,2040,0.0
Libya,Libya,CapacityTechFuel,Gas,2040,0.0
Libya,Libya,CapacityTechFuel,Gas,2040,0.0
Libya,Libya,CapacityTechFuel,Gas,2040,0.0
Libya,Libya,CapacityTechFuel,Coal,2040,0.0
Libya,Libya,CapacityTechFuel,Coal,2040,0.0
Libya,Libya,CapacityTechFuel,Coal,2040,0.0
Libya,Libya,CapacityTechFuel,Coal,2040,0.0
Libya,Libya,CapacityTechFuel,Geothermal,2040,0.0
Libya,Libya,CapacityTechFuel,Geothermal,2040,0.0
Libya,Libya,CapacityTechFuel,Diesel,2040,0.0
Libya,Libya,CapacityTechFuel,Diesel,2040,0.0
Libya,Libya,CapacityTechFuel,Diesel,2040,0.0
Libya,Libya,CapacityTechFuel,Diesel,2040,0.0
Libya,Libya,CapacityTechFuel,Diesel,2040,0.0
Libya,Libya,CapacityTechFuel,Diesel,2040,640.0
Libya,Libya,CapacityTechFuel,Diesel,2040,0.0
Libya,Libya,CapacityTechFuel,Biomass,2040,0.0
Libya,Libya,CapacityTechFuel,Biomass,2040,0.0
Libya,Libya,CapacityTechFuel,Biomass,2040,0.0
Libya,Libya,CapacityTechFuel,Reservoir,2040,0.0
Libya,Libya,CapacityTechFuel,Reservoir,2040,0.0
Libya,Libya,CapacityTechFuel,ROR,2040,0.0
Libya,Libya,CapacityTechFuel,CSP,2040,0.0
Libya,Libya,CapacityTechFuel,CSP,2040,0.0
Libya,Libya,CapacityTechFuel,Offshore Wind,2040,0.0
Libya,Libya,CapacityTechFuel,Onshore Wind,2040,0.0
Libya,Libya,CapacityTechFuel,Onshore Wind,2040,5000.0
Libya,Libya,CapacityTechFuel,PV,2040,9500.0
Libya,Libya,CapacityTechFuel,PV,2040,0.0
Libya,Libya,CapacityTechFuel,PV+Storage,2040,0.0
Libya,Libya,CapacityTechFuel,Solar Thermal,2040,0.0
Libya,Libya,CapacityTechFuel,Battery,2040,0.0
Libya,Libya,CapacityTechFuel,PSH,2040,0.0
Libya,Libya,CapacityTechFuel,PSH,2040,0.0
Libya,Libya,CapacityTechFuel,Imports,2040,0.0
Libya,Libya,CapacityTechFuel,Peat,2040,0.0
Libya,Libya,CapacityTechFuel,Waste,2040,0.0
Libya,Libya,CapacityTechFuel,Methane,2040,0.0
Libya,Libya,CapacityTechFuel,Solar,2040,0.0
Libya,Libya,CapacityTechFuel,Solar,2040,0.0
Libya,Libya,CapacityTechFuel,Nuclear,2041,0.0
Libya,Libya,CapacityTechFuel,Gas,2041,5200.0
Libya,Libya,CapacityTechFuel,Gas,2041,0.0
Libya,Libya,CapacityTechFuel,Gas,2041,0.0
Libya,Libya,CapacityTechFuel,Gas,2041,0.0
Libya,Libya,CapacityTechFuel,Gas,2041,0.0
Libya,Libya,CapacityTechFuel,Gas,2041,9085.0
Libya,Libya,CapacityTechFuel,Gas,2041,0.0
Libya,Libya,CapacityTechFuel,Gas,2041,1400.0
Libya,Libya,CapacityTechFuel,Gas,2041,0.0
Libya,Libya,CapacityTechFuel,Gas,2041,0.0
Libya,Libya,CapacityTechFuel,Gas,2041,0.0
Libya,Libya,CapacityTechFuel,Gas,2041,0.0
Libya,Libya,CapacityTechFuel,Gas,2041,0.0
Libya,Libya,CapacityTechFuel,Coal,2041,0.0
Libya,Libya,CapacityTechFuel,Coal,2041,0.0
Libya,Libya,CapacityTechFuel,Coal,2041,0.0
Libya,Libya,CapacityTechFuel,Coal,2041,0.0
Libya,Libya,CapacityTechFuel,Geothermal,2041,0.0
Libya,Libya,CapacityTechFuel,Geothermal,2041,0.0
Libya,Libya,CapacityTechFuel,Diesel,2041,0.0
Libya,Libya,CapacityTechFuel,Diesel,2041,0.0
Libya,Libya,CapacityTechFuel,Diesel,2041,0.0
Libya,Libya,CapacityTechFuel,Diesel,2041,0.0
Libya,Libya,CapacityTechFuel,Diesel,2041,0.0
Libya,Libya,CapacityTechFuel,Diesel,2041,640.0
Libya,Libya,CapacityTechFuel,Diesel,2041,0.0
Libya,Libya,CapacityTechFuel,Biomass,2041,0.0
Libya,Libya,CapacityTechFuel,Biomass,2041,0.0
Libya,Libya,CapacityTechFuel,Biomass,2041,0.0
Libya,Libya,CapacityTechFuel,Reservoir,2041,0.0
Libya,Libya,CapacityTechFuel,Reservoir,2041,0.0
Libya,Libya,CapacityTechFuel,ROR,2041,0.0
Libya,Libya,CapacityTechFuel,CSP,2041,0.0
Libya,Libya,CapacityTechFuel,CSP,2041,0.0
Libya,Libya,CapacityTechFuel,Offshore Wind,2041,0.0
Libya,Libya,CapacityTechFuel,Onshore Wind,2041,0.0
Libya,Libya,CapacityTechFuel,Onshore Wind,2041,5500.0
Libya,Libya,CapacityTechFuel,PV,2041,10500.0
Libya,Libya,CapacityTechFuel,PV,2041,0.0
Libya,Libya,CapacityTechFuel,PV+Storage,2041,0.0
Libya,Libya,CapacityTechFuel,Solar Thermal,2041,0.0
Libya,Libya,CapacityTechFuel,Battery,2041,0.0
Libya,Libya,CapacityTechFuel,PSH,2041,0.0
Libya,Libya,CapacityTechFuel,PSH,2041,0.0
Libya,Libya,CapacityTechFuel,Imports,2041,0.0
Libya,Libya,CapacityTechFuel,Peat,2041,0.0
Libya,Libya,CapacityTechFuel,Waste,2041,0.0
Libya,Libya,CapacityTechFuel,Methane,2041,0.0
Libya,Libya,CapacityTechFuel,Solar,2041,0.0
Libya,Libya,CapacityTechFuel,Solar,2041,0.0
Libya,Libya,CapacityTechFuel,Nuclear,2042,0.0
Libya,Libya,CapacityTechFuel,Gas,2042,5600.0
Libya,Libya,CapacityTechFuel,Gas,2042,0.0
Libya,Libya,CapacityTechFuel,Gas,2042,0.0
Libya,Libya,CapacityTechFuel,Gas,2042,0.0
Libya,Libya,CapacityTechFuel,Gas,2042,0.0
Libya,Libya,CapacityTechFuel,Gas,2042,9485.0
Libya,Libya,CapacityTechFuel,Gas,2042,0.0
Libya,Libya,CapacityTechFuel,Gas,2042,1400.0
Libya,Libya,CapacityTechFuel,Gas,2042,0.0
Libya,Libya,CapacityTechFuel,Gas,2042,0.0
Libya,Libya,CapacityTechFuel,Gas,2042,0.0
Libya,Libya,CapacityTechFuel,Gas,2042,0.0
Libya,Libya,CapacityTechFuel,Gas,2042,0.0
Libya,Libya,CapacityTechFuel,Coal,2042,0.0
Libya,Libya,CapacityTechFuel,Coal,2042,0.0
Libya,Libya,CapacityTechFuel,Coal,2042,0.0
Libya,Libya,CapacityTechFuel,Coal,2042,0.0
Libya,Libya,CapacityTechFuel,Geothermal,2042,0.0
Libya,Libya,CapacityTechFuel,Geothermal,2042,0.0
Libya,Libya,CapacityTechFuel,Diesel,2042,0.0
Libya,Libya,CapacityTechFuel,Diesel,2042,0.0
Libya,Libya,CapacityTechFuel,Diesel,2042,0.0
Libya,Libya,CapacityTechFuel,Diesel,2042,0.0
Libya,Libya,CapacityTechFuel,Diesel,2042,0.0
Libya,Libya,CapacityTechFuel,Diesel,2042,640.0
Libya,Libya,CapacityTechFuel,Diesel,2042,0.0
Libya,Libya,CapacityTechFuel,Biomass,2042,0.0
Libya,Libya,CapacityTechFuel,Biomass,2042,0.0
Libya,Libya,CapacityTechFuel,Biomass,2042,0.0
Libya,Libya,CapacityTechFuel,Reservoir,2042,0.0
Libya,Libya,CapacityTechFuel,Reservoir,2042,0.0
Libya,Libya,CapacityTechFuel,ROR,2042,0.0
Libya,Libya,CapacityTechFuel,CSP,2042,0.0
Libya,Libya,CapacityTechFuel,CSP,2042,0.0
Libya,Libya,CapacityTechFuel,Offshore Wind,2042,0.0
Libya,Libya,CapacityTechFuel,Onshore Wind,2042,0.0
Libya,Libya,CapacityTechFuel,Onshore Wind,2042,6000.0
Libya,Libya,CapacityTechFuel,PV,2042,11500.0
Libya,Libya,CapacityTechFuel,PV,2042,0.0
Libya,Libya,CapacityTechFuel,PV+Storage,2042,0.0
Libya,Libya,CapacityTechFuel,Solar Thermal,2042,0.0
Libya,Libya,CapacityTechFuel,Battery,2042,0.0
Libya,Libya,CapacityTechFuel,PSH,2042,0.0
Libya,Libya,CapacityTechFuel,PSH,2042,0.0
Libya,Libya,CapacityTechFuel,Imports,2042,0.0
Libya,Libya,CapacityTechFuel,Peat,2042,0.0
Libya,Libya,CapacityTechFuel,Waste,2042,0.0
Libya,Libya,CapacityTechFuel,Methane,2042,0.0
Libya,Libya,CapacityTechFuel,Solar,2042,0.0
Libya,Libya,CapacityTechFuel,Solar,2042,0.0
Libya,Libya,CapacityTechFuel,Nuclear,2043,0.0
Libya,Libya,CapacityTechFuel,Gas,2043,6000.0
Libya,Libya,CapacityTechFuel,Gas,2043,0.0
Libya,Libya,CapacityTechFuel,Gas,2043,0.0
Libya,Libya,CapacityTechFuel,Gas,2043,0.0
Libya,Libya,CapacityTechFuel,Gas,2043,0.0
Libya,Libya,CapacityTechFuel,Gas,2043,9885.0
Libya,Libya,CapacityTechFuel,Gas,2043,0.0
Libya,Libya,CapacityTechFuel,Gas,2043,1400.0
Libya,Libya,CapacityTechFuel,Gas,2043,0.0
Libya,Libya,CapacityTechFuel,Gas,2043,0.0
Libya,Libya,CapacityTechFuel,Gas,2043,0.0
Libya,Libya,CapacityTechFuel,Gas,2043,0.0
Libya,Libya,CapacityTechFuel,Gas,2043,0.0
Libya,Libya,CapacityTechFuel,Coal,2043,0.0
Libya,Libya,CapacityTechFuel,Coal,2043,0.0
Libya,Libya,CapacityTechFuel,Coal,2043,0.0
Libya,Libya,CapacityTechFuel,Coal,2043,0.0
Libya,Libya,CapacityTechFuel,Geothermal,2043,0.0
Libya,Libya,CapacityTechFuel,Geothermal,2043,0.0
Libya,Libya,CapacityTechFuel,Diesel,2043,0.0
Libya,Libya,CapacityTechFuel,Diesel,2043,0.0
Libya,Libya,CapacityTechFuel,Diesel,2043,0.0
Libya,Libya,CapacityTechFuel,Diesel,2043,0.0
Libya,Libya,CapacityTechFuel,Diesel,2043,0.0
Libya,Libya,CapacityTechFuel,Diesel,2043,640.0
Libya,Libya,CapacityTechFuel,Diesel,2043,0.0
Libya,Libya,CapacityTechFuel,Biomass,2043,0.0
Libya,Libya,CapacityTechFuel,Biomass,2043,0.0
Libya,Libya,CapacityTechFuel,Biomass,2043,0.0
Libya,Libya,CapacityTechFuel,Reservoir,2043,0.0
Libya,Libya,CapacityTechFuel,Reservoir,2043,0.0
Libya,Libya,CapacityTechFuel,ROR,2043,0.0
Libya,Libya,CapacityTechFuel,CSP,2043,0.0
Libya,Libya,CapacityTechFuel,CSP,2043,0.0
Libya,Libya,CapacityTechFuel,Offshore Wind,2043,0.0
Libya,Libya,CapacityTechFuel,Onshore Wind,2043,0.0
Libya,Libya,CapacityTechFuel,Onshore Wind,2043,6500.0
Libya,Libya,CapacityTechFuel,PV,2043,12500.0
Libya,Libya,CapacityTechFuel,PV,2043,0.0
Libya,Libya,CapacityTechFuel,PV+Storage,2043,0.0
Libya,Libya,CapacityTechFuel,Solar Thermal,2043,0.0
Libya,Libya,CapacityTechFuel,Battery,2043,0.0
Libya,Libya,CapacityTechFuel,PSH,2043,0.0
Libya,Libya,CapacityTechFuel,PSH,2043,0.0
Libya,Libya,CapacityTechFuel,Imports,2043,0.0
Libya,Libya,CapacityTechFuel,Peat,2043,0.0
Libya,Libya,CapacityTechFuel,Waste,2043,0.0
Libya,Libya,CapacityTechFuel,Methane,2043,0.0
Libya,Libya,CapacityTechFuel,Solar,2043,0.0
Libya,Libya,CapacityTechFuel,Solar,2043,0.0
Libya,Libya,CapacityTechFuel,Nuclear,2044,0.0
Libya,Libya,CapacityTechFuel,Gas,2044,6400.0
Libya,Libya,CapacityTechFuel,Gas,2044,0.0
Libya,Libya,CapacityTechFuel,Gas,2044,0.0
Libya,Libya,CapacityTechFuel,Gas,2044,0.0
Libya,Libya,CapacityTechFuel,Gas,2044,0.0
Libya,Libya,CapacityTechFuel,Gas,2044,10285.0
Libya,Libya,CapacityTechFuel,Gas,2044,0.0
Libya,Libya,CapacityTechFuel,Gas,2044,1400.0
Libya,Libya,CapacityTechFuel,Gas,2044,0.0
Libya,Libya,CapacityTechFuel,Gas,2044,0.0
Libya,Libya,CapacityTechFuel,Gas,2044,0.0
Libya,Libya,CapacityTechFuel,Gas,2044,0.0
Libya,Libya,CapacityTechFuel,Gas,2044,0.0
Libya,Libya,CapacityTechFuel,Coal,2044,0.0
Libya,Libya,CapacityTechFuel,Coal,2044,0.0
Libya,Libya,CapacityTechFuel,Coal,2044,0.0
Libya,Libya,CapacityTechFuel,Coal,2044,0.0
Libya,Libya,CapacityTechFuel,Geothermal,2044,0.0
Libya,Libya,CapacityTechFuel,Geothermal,2044,0.0
Libya,Libya,CapacityTechFuel,Diesel,2044,0.0
Libya,Libya,CapacityTechFuel,Diesel,2044,0.0
Libya,Libya,CapacityTechFuel,Diesel,2044,0.0
Libya,Libya,CapacityTechFuel,Diesel,2044,0.0
Libya,Libya,CapacityTechFuel,Diesel,2044,0.0
Libya,Libya,CapacityTechFuel,Diesel,2044,640.0
Libya,Libya,CapacityTechFuel,Diesel,2044,0.0
Libya,Libya,CapacityTechFuel,Biomass,2044,0.0
Libya,Libya,CapacityTechFuel,Biomass,2044,0.0
Libya,Libya,CapacityTechFuel,Biomass,2044,0.0
Libya,Libya,CapacityTechFuel,Reservoir,2044,0.0
Libya,Libya,CapacityTechFuel,Reservoir,2044,0.0
Libya,Libya,CapacityTechFuel,ROR,2044,0.0
Libya,Libya,CapacityTechFuel,CSP,2044,0.0
Libya,Libya,CapacityTechFuel,CSP,2044,0.0
Libya,Libya,CapacityTechFuel,Offshore Wind,2044,0.0
Libya,Libya,CapacityTechFuel,Onshore Wind,2044,0.0
Libya,Libya,CapacityTechFuel,Onshore Wind,2044,7000.0
Libya,Libya,CapacityTechFuel,PV,2044,13500.0
Libya,Libya,CapacityTechFuel,PV,2044,0.0
Libya,Libya,CapacityTechFuel,PV+Storage,2044,0.0
Libya,Libya,CapacityTechFuel,Solar Thermal,2044,0.0
Libya,Libya,CapacityTechFuel,Battery,2044,0.0
Libya,Libya,CapacityTechFuel,PSH,2044,0.0
Libya,Libya,CapacityTechFuel,PSH,2044,0.0
Libya,Libya,CapacityTechFuel,Imports,2044,0.0
Libya,Libya,CapacityTechFuel,Peat,2044,0.0
Libya,Libya,CapacityTechFuel,Waste,2044,0.0
Libya,Libya,CapacityTechFuel,Methane,2044,0.0
Libya,Libya,CapacityTechFuel,Solar,2044,0.0
Libya,Libya,CapacityTechFuel,Solar,2044,0.0
Libya,Libya,CapacityTechFuel,Nuclear,2045,0.0
Libya,Libya,CapacityTechFuel,Gas,2045,6800.0
Libya,Libya,CapacityTechFuel,Gas,2045,0.0
Libya,Libya,CapacityTechFuel,Gas,2045,0.0
Libya,Libya,CapacityTechFuel,Gas,2045,0.0
Libya,Libya,CapacityTechFuel,Gas,2045,0.0
Libya,Libya,CapacityTechFuel,Gas,2045,9285.0
Libya,Libya,CapacityTechFuel,Gas,2045,0.0
Libya,Libya,CapacityTechFuel,Gas,2045,1400.0
Libya,Libya,CapacityTechFuel,Gas,2045,0.0
Libya,Libya,CapacityTechFuel,Gas,2045,0.0
Libya,Libya,CapacityTechFuel,Gas,2045,0.0
Libya,Libya,CapacityTechFuel,Gas,2045,0.0
Libya,Libya,CapacityTechFuel,Gas,2045,0.0
Libya,Libya,CapacityTechFuel,Coal,2045,0.0
Libya,Libya,CapacityTechFuel,Coal,2045,0.0
Libya,Libya,CapacityTechFuel,Coal,2045,0.0
Libya,Libya,CapacityTechFuel,Coal,2045,0.0
Libya,Libya,CapacityTechFuel,Geothermal,2045,0.0
Libya,Libya,CapacityTechFuel,Geothermal,2045,0.0
Libya,Libya,CapacityTechFuel,Diesel,2045,0.0
Libya,Libya,CapacityTechFuel,Diesel,2045,0.0
Libya,Libya,CapacityTechFuel,Diesel,2045,0.0
Libya,Libya,CapacityTechFuel,Diesel,2045,0.0
Libya,Libya,CapacityTechFuel,Diesel,2045,0.0
Libya,Libya,CapacityTechFuel,Diesel,2045,640.0
Libya,Libya,CapacityTechFuel,Diesel,2045,0.0
Libya,Libya,CapacityTechFuel,Biomass,2045,0.0
Libya,Libya,CapacityTechFuel,Biomass,2045,0.0
Libya,Libya,CapacityTechFuel,Biomass,2045,0.0
Libya,Libya,CapacityTechFuel,Reservoir,2045,0.0
Libya,Libya,CapacityTechFuel,Reservoir,2045,0.0
Libya,Libya,CapacityTechFuel,ROR,2045,0.0
Libya,Libya,CapacityTechFuel,CSP,2045,0.0
Libya,Libya,CapacityTechFuel,CSP,2045,0.0
Libya,Libya,CapacityTechFuel,Offshore Wind,2045,0.0
Libya,Libya,CapacityTechFuel,Onshore Wind,2045,0.0
Libya,Libya,CapacityTechFuel,Onshore Wind,2045,7500.0
Libya,Libya,CapacityTechFuel,PV,2045,14500.0
Libya,Libya,CapacityTechFuel,PV,2045,0.0
Libya,Libya,CapacityTechFuel,PV+Storage,2045,0.0
Libya,Libya,CapacityTechFuel,Solar Thermal,2045,0.0
Libya,Libya,CapacityTechFuel,Battery,2045,0.0
Libya,Libya,CapacityTechFuel,PSH,2045,0.0
Libya,Libya,CapacityTechFuel,PSH,2045,0.0
Libya,Libya,CapacityTechFuel,Imports,2045,0.0
Libya,Libya,CapacityTechFuel,Peat,2045,0.0
Libya,Libya,CapacityTechFuel,Waste,2045,0.0
Libya,Libya,CapacityTechFuel,Methane,2045,0.0
Libya,Libya,CapacityTechFuel,Solar,2045,0.0
Libya,Libya,CapacityTechFuel,Solar,2045,0.0
Libya,Libya,CapacityTechFuel,Nuclear,2046,0.0
Libya,Libya,CapacityTechFuel,Gas,2046,7200.0
Libya,Libya,CapacityTechFuel,Gas,2046,0.0
Libya,Libya,CapacityTechFuel,Gas,2046,0.0
Libya,Libya,CapacityTechFuel,Gas,2046,0.0
Libya,Libya,CapacityTechFuel,Gas,2046,0.0
Libya,Libya,CapacityTechFuel,Gas,2046,9685.0
Libya,Libya,CapacityTechFuel,Gas,2046,0.0
Libya,Libya,CapacityTechFuel,Gas,2046,1400.0
Libya,Libya,CapacityTechFuel,Gas,2046,0.0
Libya,Libya,CapacityTechFuel,Gas,2046,0.0
Libya,Libya,CapacityTechFuel,Gas,2046,0.0
Libya,Libya,CapacityTechFuel,Gas,2046,0.0
Libya,Libya,CapacityTechFuel,Gas,2046,0.0
Libya,Libya,CapacityTechFuel,Coal,2046,0.0
Libya,Libya,CapacityTechFuel,Coal,2046,0.0
Libya,Libya,CapacityTechFuel,Coal,2046,0.0
Libya,Libya,CapacityTechFuel,Coal,2046,0.0
Libya,Libya,CapacityTechFuel,Geothermal,2046,0.0
Libya,Libya,CapacityTechFuel,Geothermal,2046,0.0
Libya,Libya,CapacityTechFuel,Diesel,2046,0.0
Libya,Libya,CapacityTechFuel,Diesel,2046,0.0
Libya,Libya,CapacityTechFuel,Diesel,2046,0.0
Libya,Libya,CapacityTechFuel,Diesel,2046,0.0
Libya,Libya,CapacityTechFuel,Diesel,2046,0.0
Libya,Libya,CapacityTechFuel,Diesel,2046,640.0
Libya,Libya,CapacityTechFuel,Diesel,2046,0.0
Libya,Libya,CapacityTechFuel,Biomass,2046,0.0
Libya,Libya,CapacityTechFuel,Biomass,2046,0.0
Libya,Libya,CapacityTechFuel,Biomass,2046,0.0
Libya,Libya,CapacityTechFuel,Reservoir,2046,0.0
Libya,Libya,CapacityTechFuel,Reservoir,2046,0.0
Libya,Libya,CapacityTechFuel,ROR,2046,0.0
Libya,Libya,CapacityTechFuel,CSP,2046,0.0
Libya,Libya,CapacityTechFuel,CSP,2046,0.0
Libya,Libya,CapacityTechFuel,Offshore Wind,2046,0.0
Libya,Libya,CapacityTechFuel,Onshore Wind,2046,0.0
Libya,Libya,CapacityTechFuel,Onshore Wind,2046,8000.0
Libya,Libya,CapacityTechFuel,PV,2046,15500.0
Libya,Libya,CapacityTechFuel,PV,2046,0.0
Libya,Libya,CapacityTechFuel,PV+Storage,2046,0.0
Libya,Libya,CapacityTechFuel,Solar Thermal,2046,0.0
Libya,Libya,CapacityTechFuel,Battery,2046,121.33112006204738
Libya,Libya,CapacityTechFuel,PSH,2046,0.0
Libya,Libya,CapacityTechFuel,PSH,2046,0.0
Libya,Libya,CapacityTechFuel,Imports,2046,0.0
Libya,Libya,CapacityTechFuel,Peat,2046,0.0
Libya,Libya,CapacityTechFuel,Waste,2046,0.0
Libya,Libya,CapacityTechFuel,Methane,2046,0.0
Libya,Libya,CapacityTechFuel,Solar,2046,0.0
Libya,Libya,CapacityTechFuel,Solar,2046,0.0
Libya,Libya,CapacityTechFuel,Nuclear,2047,0.0
Libya,Libya,CapacityTechFuel,Gas,2047,7600.0
Libya,Libya,CapacityTechFuel,Gas,2047,0.0
Libya,Libya,CapacityTechFuel,Gas,2047,0.0
Libya,Libya,CapacityTechFuel,Gas,2047,0.0
Libya,Libya,CapacityTechFuel,Gas,2047,0.0
Libya,Libya,CapacityTechFuel,Gas,2047,8480.0
Libya,Libya,CapacityTechFuel,Gas,2047,0.0
Libya,Libya,CapacityTechFuel,Gas,2047,1400.0
Libya,Libya,CapacityTechFuel,Gas,2047,0.0
Libya,Libya,CapacityTechFuel,Gas,2047,0.0
Libya,Libya,CapacityTechFuel,Gas,2047,0.0
Libya,Libya,CapacityTechFuel,Gas,2047,0.0
Libya,Libya,CapacityTechFuel,Gas,2047,0.0
Libya,Libya,CapacityTechFuel,Coal,2047,0.0
Libya,Libya,CapacityTechFuel,Coal,2047,0.0
Libya,Libya,CapacityTechFuel,Coal,2047,0.0
Libya,Libya,CapacityTechFuel,Coal,2047,0.0
Libya,Libya,CapacityTechFuel,Geothermal,2047,0.0
Libya,Libya,CapacityTechFuel,Geothermal,2047,0.0
Libya,Libya,CapacityTechFuel,Diesel,2047,0.0
Libya,Libya,CapacityTechFuel,Diesel,2047,0.0
Libya,Libya,CapacityTechFuel,Diesel,2047,0.0
Libya,Libya,CapacityTechFuel,Diesel,2047,0.0
Libya,Libya,CapacityTechFuel,Diesel,2047,0.0
Libya,Libya,CapacityTechFuel,Diesel,2047,640.0
Libya,Libya,CapacityTechFuel,Diesel,2047,0.0
Libya,Libya,CapacityTechFuel,Biomass,2047,0.0
Libya,Libya,CapacityTechFuel,Biomass,2047,0.0
Libya,Libya,CapacityTechFuel,Biomass,2047,0.0
Libya,Libya,CapacityTechFuel,Reservoir,2047,0.0
Libya,Libya,CapacityTechFuel,Reservoir,2047,0.0
Libya,Libya,CapacityTechFuel,ROR,2047,0.0
Libya,Libya,CapacityTechFuel,CSP,2047,0.0
Libya,Libya,CapacityTechFuel,CSP,2047,0.0
Libya,Libya,CapacityTechFuel,Offshore Wind,2047,0.0
Libya,Libya,CapacityTechFuel,Onshore Wind,2047,0.0
Libya,Libya,CapacityTechFuel,Onshore Wind,2047,8500.0
Libya,Libya,CapacityTechFuel,PV,2047,16500.0
Libya,Libya,CapacityTechFuel,PV,2047,0.0
Libya,Libya,CapacityTechFuel,PV+Storage,2047,0.0
Libya,Libya,CapacityTechFuel,Solar Thermal,2047,0.0
Libya,Libya,CapacityTechFuel,Battery,2047,1121.3311200620474
Libya,Libya,CapacityTechFuel,PSH,2047,0.0
Libya,Libya,CapacityTechFuel,PSH,2047,0.0
Libya,Libya,CapacityTechFuel,Imports,2047,0.0
Libya,Libya,CapacityTechFuel,Peat,2047,0.0
Libya,Libya,CapacityTechFuel,Waste,2047,0.0
Libya,Libya,CapacityTechFuel,Methane,2047,0.0
Libya,Libya,CapacityTechFuel,Solar,2047,0.0
Libya,Libya,CapacityTechFuel,Solar,2047,0.0
Libya,Libya,CapacityTechFuel,Nuclear,2048,0.0
Libya,Libya,CapacityTechFuel,Gas,2048,8000.0
Libya,Libya,CapacityTechFuel,Gas,2048,0.0
Libya,Libya,CapacityTechFuel,Gas,2048,0.0
Libya,Libya,CapacityTechFuel,Gas,2048,0.0
Libya,Libya,CapacityTechFuel,Gas,2048,0.0
Libya,Libya,CapacityTechFuel,Gas,2048,8880.0
Libya,Libya,CapacityTechFuel,Gas,2048,0.0
Libya,Libya,CapacityTechFuel,Gas,2048,1400.0
Libya,Libya,CapacityTechFuel,Gas,2048,0.0
Libya,Libya,CapacityTechFuel,Gas,2048,0.0
Libya,Libya,CapacityTechFuel,Gas,2048,0.0
Libya,Libya,CapacityTechFuel,Gas,2048,0.0
Libya,Libya,CapacityTechFuel,Gas,2048,0.0
Libya,Libya,CapacityTechFuel,Coal,2048,0.0
Libya,Libya,CapacityTechFuel,Coal,2048,0.0
Libya,Libya,CapacityTechFuel,Coal,2048,0.0
Libya,Libya,CapacityTechFuel,Coal,2048,0.0
Libya,Libya,CapacityTechFuel,Geothermal,2048,0.0
Libya,Libya,CapacityTechFuel,Geothermal,2048,0.0
Libya,Libya,CapacityTechFuel,Diesel,2048,0.0
Libya,Libya,CapacityTechFuel,Diesel,2048,0.0
Libya,Libya,CapacityTechFuel,Diesel,2048,0.0
Libya,Libya,CapacityTechFuel,Diesel,2048,0.0
Libya,Libya,CapacityTechFuel,Diesel,2048,0.0
Libya,Libya,CapacityTechFuel,Diesel,2048,640.0
Libya,Libya,CapacityTechFuel,Diesel,2048,0.0
Libya,Libya,CapacityTechFuel,Biomass,2048,0.0
Libya,Libya,CapacityTechFuel,Biomass,2048,0.0
Libya,Libya,CapacityTechFuel,Biomass,2048,0.0
Libya,Libya,CapacityTechFuel,Reservoir,2048,0.0
Libya,Libya,CapacityTechFuel,Reservoir,2048,0.0
Libya,Libya,CapacityTechFuel,ROR,2048,0.0
Libya,Libya,CapacityTechFuel,CSP,2048,0.0
Libya,Libya,CapacityTechFuel,CSP,2048,0.0
Libya,Libya,CapacityTechFuel,Offshore Wind,2048,0.0
Libya,Libya,CapacityTechFuel,Onshore Wind,2048,0.0
Libya,Libya,CapacityTechFuel,Onshore Wind,2048,9000.0
Libya,Libya,CapacityTechFuel,PV,2048,17500.0
Libya,Libya,CapacityTechFuel,PV,2048,0.0
Libya,Libya,CapacityTechFuel,PV+Storage,2048,0.0
Libya,Libya,CapacityTechFuel,Solar Thermal,2048,0.0
Libya,Libya,CapacityTechFuel,Battery,2048,1435.493770000001
Libya,Libya,CapacityTechFuel,PSH,2048,0.0
Libya,Libya,CapacityTechFuel,PSH,2048,0.0
Libya,Libya,CapacityTechFuel,Imports,2048,0.0
Libya,Libya,CapacityTechFuel,Peat,2048,0.0
Libya,Libya,CapacityTechFuel,Waste,2048,0.0
Libya,Libya,CapacityTechFuel,Methane,2048,0.0
Libya,Libya,CapacityTechFuel,Solar,2048,0.0
Libya,Libya,CapacityTechFuel,Solar,2048,0.0
Libya,Libya,CapacityTechFuel,Nuclear,2049,0.0
Libya,Libya,CapacityTechFuel,Gas,2049,8400.0
Libya,Libya,CapacityTechFuel,Gas,2049,0.0
Libya,Libya,CapacityTechFuel,Gas,2049,0.0
Libya,Libya,CapacityTechFuel,Gas,2049,0.0
Libya,Libya,CapacityTechFuel,Gas,2049,0.0
Libya,Libya,CapacityTechFuel,Gas,2049,8880.0
Libya,Libya,CapacityTechFuel,Gas,2049,0.0
Libya,Libya,CapacityTechFuel,Gas,2049,1400.0
Libya,Libya,CapacityTechFuel,Gas,2049,0.0
Libya,Libya,CapacityTechFuel,Gas,2049,0.0
Libya,Libya,CapacityTechFuel,Gas,2049,0.0
Libya,Libya,CapacityTechFuel,Gas,2049,0.0
Libya,Libya,CapacityTechFuel,Gas,2049,0.0
Libya,Libya,CapacityTechFuel,Coal,2049,0.0
Libya,Libya,CapacityTechFuel,Coal,2049,0.0
Libya,Libya,CapacityTechFuel,Coal,2049,0.0
Libya,Libya,CapacityTechFuel,Coal,2049,0.0
Libya,Libya,CapacityTechFuel,Geothermal,2049,0.0
Libya,Libya,CapacityTechFuel,Geothermal,2049,0.0
Libya,Libya,CapacityTechFuel,Diesel,2049,0.0
Libya,Libya,CapacityTechFuel,Diesel,2049,0.0
Libya,Libya,CapacityTechFuel,Diesel,2049,0.0
Libya,Libya,CapacityTechFuel,Diesel,2049,0.0
Libya,Libya,CapacityTechFuel,Diesel,2049,0.0
Libya,Libya,CapacityTechFuel,Diesel,2049,640.0
Libya,Libya,CapacityTechFuel,Diesel,2049,0.0
Libya,Libya,CapacityTechFuel,Biomass,2049,0.0
Libya,Libya,CapacityTechFuel,Biomass,2049,0.0
Libya,Libya,CapacityTechFuel,Biomass,2049,0.0
Libya,Libya,CapacityTechFuel,Reservoir,2049,0.0
Libya,Libya,CapacityTechFuel,Reservoir,2049,0.0
Libya,Libya,CapacityTechFuel,ROR,2049,0.0
Libya,Libya,CapacityTechFuel,CSP,2049,0.0
Libya,Libya,CapacityTechFuel,CSP,2049,0.0
Libya,Libya,CapacityTechFuel,Offshore Wind,2049,0.0
Libya,Libya,CapacityTechFuel,Onshore Wind,2049,0.0
Libya,Libya,CapacityTechFuel,Onshore Wind,2049,9500.0
Libya,Libya,CapacityTechFuel,PV,2049,18500.0
Libya,Libya,CapacityTechFuel,PV,2049,0.0
Libya,Libya,CapacityTechFuel,PV+Storage,2049,0.0
Libya,Libya,CapacityTechFuel,Solar Thermal,2049,0.0
Libya,Libya,CapacityTechFuel,Battery,2049,1435.493770000001
Libya,Libya,CapacityTechFuel,PSH,2049,0.0
Libya,Libya,CapacityTechFuel,PSH,2049,0.0
Libya,Libya,CapacityTechFuel,Imports,2049,0.0
Libya,Libya,CapacityTechFuel,Peat,2049,0.0
Libya,Libya,CapacityTechFuel,Waste,2049,0.0
Libya,Libya,CapacityTechFuel,Methane,2049,0.0
Libya,Libya,CapacityTechFuel,Solar,2049,0.0
Libya,Libya,CapacityTechFuel,Solar,2049,0.0
Libya,Libya,CapacityTechFuel,Nuclear,2050,0.0
Libya,Libya,CapacityTechFuel,Gas,2050,8800.0
Libya,Libya,CapacityTechFuel,Gas,2050,0.0
Libya,Libya,CapacityTechFuel,Gas,2050,0.0
Libya,Libya,CapacityTechFuel,Gas,2050,0.0
Libya,Libya,CapacityTechFuel,Gas,2050,0.0
Libya,Libya,CapacityTechFuel,Gas,2050,8880.0
Libya,Libya,CapacityTechFuel,Gas,2050,0.0
Libya,Libya,CapacityTechFuel,Gas,2050,1400.0
Libya,Libya,CapacityTechFuel,Gas,2050,0.0
Libya,Libya,CapacityTechFuel,Gas,2050,0.0
Libya,Libya,CapacityTechFuel,Gas,2050,0.0
Libya,Libya,CapacityTechFuel,Gas,2050,0.0
Libya,Libya,CapacityTechFuel,Gas,2050,0.0
Libya,Libya,CapacityTechFuel,Coal,2050,0.0
Libya,Libya,CapacityTechFuel,Coal,2050,0.0
Libya,Libya,CapacityTechFuel,Coal,2050,0.0
Libya,Libya,CapacityTechFuel,Coal,2050,0.0
Libya,Libya,CapacityTechFuel,Geothermal,2050,0.0
Libya,Libya,CapacityTechFuel,Geothermal,2050,0.0
Libya,Libya,CapacityTechFuel,Diesel,2050,0.0
Libya,Libya,CapacityTechFuel,Diesel,2050,0.0
Libya,Libya,CapacityTechFuel,Diesel,2050,0.0
Libya,Libya,CapacityTechFuel,Diesel,2050,0.0
Libya,Libya,CapacityTechFuel,Diesel,2050,0.0
Libya,Libya,CapacityTechFuel,Diesel,2050,0.0
Libya,Libya,CapacityTechFuel,Diesel,2050,0.0
Libya,Libya,CapacityTechFuel,Biomass,2050,0.0
Libya,Libya,CapacityTechFuel,Biomass,2050,0.0
Libya,Libya,CapacityTechFuel,Biomass,2050,0.0
Libya,Libya,CapacityTechFuel,Reservoir,2050,0.0
Libya,Libya,CapacityTechFuel,Reservoir,2050,0.0
Libya,Libya,CapacityTechFuel,ROR,2050,0.0
Libya,Libya,CapacityTechFuel,CSP,2050,0.0
Libya,Libya,CapacityTechFuel,CSP,2050,0.0
Libya,Libya,CapacityTechFuel,Offshore Wind,2050,0.0
Libya,Libya,CapacityTechFuel,Onshore Wind,2050,0.0
Libya,Libya,CapacityTechFuel,Onshore Wind,2050,10000.0
Libya,Libya,CapacityTechFuel,PV,2050,19500.0
Libya,Libya,CapacityTechFuel,PV,2050,0.0
Libya,Libya,CapacityTechFuel,PV+Storage,2050,0.0
Libya,Libya,CapacityTechFuel,Solar Thermal,2050,0.0
Libya,Libya,CapacityTechFuel,Battery,2050,1740.6053439999996
Libya,Libya,CapacityTechFuel,PSH,2050,0.0
Libya,Libya,CapacityTechFuel,PSH,2050,0.0
Libya,Libya,CapacityTechFuel,Imports,2050,0.0
Libya,Libya,CapacityTechFuel,Peat,2050,0.0
Libya,Libya,CapacityTechFuel,Waste,2050,0.0
Libya,Libya,CapacityTechFuel,Methane,2050,0.0
Libya,Libya,CapacityTechFuel,Solar,2050,0.0
Libya,Libya,CapacityTechFuel,Solar,2050,0.0
Libya,Libya,EnergyTechFuelComplete,Nuclear,2026,0.0
Libya,Libya,EnergyTechFuelComplete,Gas,2026,16909.866000000005
Libya,Libya,EnergyTechFuelComplete,Gas,2026,0.0
Libya,Libya,EnergyTechFuelComplete,Gas,2026,0.0
Libya,Libya,EnergyTechFuelComplete,Gas,2026,0.0
Libya,Libya,EnergyTechFuelComplete,Gas,2026,0.0
Libya,Libya,EnergyTechFuelComplete,Gas,2026,34929.01817366905
Libya,Libya,EnergyTechFuelComplete,Gas,2026,0.0
Libya,Libya,EnergyTechFuelComplete,Gas,2026,10424.4
Libya,Libya,EnergyTechFuelComplete,Gas,2026,0.0
Libya,Libya,EnergyTechFuelComplete,Gas,2026,0.0
Libya,Libya,EnergyTechFuelComplete,Gas,2026,0.0
Libya,Libya,EnergyTechFuelComplete,Gas,2026,0.0
Libya,Libya,EnergyTechFuelComplete,Gas,2026,0.0
Libya,Libya,EnergyTechFuelComplete,Coal,2026,0.0
Libya,Libya,EnergyTechFuelComplete,Coal,2026,0.0
Libya,Libya,EnergyTechFuelComplete,Coal,2026,0.0
Libya,Libya,EnergyTechFuelComplete,Coal,2026,0.0
Libya,Libya,EnergyTechFuelComplete,Geothermal,2026,0.0
Libya,Libya,EnergyTechFuelComplete,Geothermal,2026,0.0
Libya,Libya,EnergyTechFuelComplete,Diesel,2026,0.0
Libya,Libya,EnergyTechFuelComplete,Diesel,2026,0.0
Libya,Libya,EnergyTechFuelComplete,Diesel,2026,0.0
Libya,Libya,EnergyTechFuelComplete,Diesel,2026,0.0
Libya,Libya,EnergyTechFuelComplete,Diesel,2026,0.0
Libya,Libya,EnergyTechFuelComplete,Diesel,2026,0.0
Libya,Libya,EnergyTechFuelComplete,Diesel,2026,0.0
Libya,Libya,EnergyTechFuelComplete,Biomass,2026,0.0
Libya,Libya,EnergyTechFuelComplete,Biomass,2026,0.0
Libya,Libya,EnergyTechFuelComplete,Biomass,2026,0.0
Libya,Libya,EnergyTechFuelComplete,Reservoir,2026,0.0
Libya,Libya,EnergyTechFuelComplete,Reservoir,2026,0.0
Libya,Libya,EnergyTechFuelComplete,ROR,2026,0.0
Libya,Libya,EnergyTechFuelComplete,CSP,2026,0.0
Libya,Libya,EnergyTechFuelComplete,CSP,2026,0.0
Libya,Libya,EnergyTechFuelComplete,Offshore Wind,2026,0.0
Libya,Libya,EnergyTechFuelComplete,Onshore Wind,2026,0.0
Libya,Libya,EnergyTechFuelComplete,Onshore Wind,2026,0.0
Libya,Libya,EnergyTechFuelComplete,PV,2026,0.0
Libya,Libya,EnergyTechFuelComplete,PV,2026,0.0
Libya,Libya,EnergyTechFuelComplete,PV+Storage,2026,0.0
Libya,Libya,EnergyTechFuelComplete,Solar Thermal,2026,0.0
Libya,Libya,EnergyTechFuelComplete,Battery,2026,0.0
Libya,Libya,EnergyTechFuelComplete,PSH,2026,0.0
Libya,Libya,EnergyTechFuelComplete,PSH,2026,0.0
Libya,Libya,EnergyTechFuelComplete,Imports,2026,0.0
Libya,Libya,EnergyTechFuelComplete,Peat,2026,0.0
Libya,Libya,EnergyTechFuelComplete,Waste,2026,0.0
Libya,Libya,EnergyTechFuelComplete,Methane,2026,0.0
Libya,Libya,EnergyTechFuelComplete,Solar,2026,0.0
Libya,Libya,EnergyTechFuelComplete,Solar,2026,0.0
Libya,Libya,EnergyTechFuelComplete,Nuclear,2027,0.0
Libya,Libya,EnergyTechFuelComplete,Gas,2027,16909.865999999995
Libya,Libya,EnergyTechFuelComplete,Gas,2027,0.0
Libya,Libya,EnergyTechFuelComplete,Gas,2027,0.0
Libya,Libya,EnergyTechFuelComplete,Gas,2027,0.0
Libya,Libya,EnergyTechFuelComplete,Gas,2027,0.0
Libya,Libya,EnergyTechFuelComplete,Gas,2027,40055.734
Libya,Libya,EnergyTechFuelComplete,Gas,2027,0.0
Libya,Libya,EnergyTechFuelComplete,Gas,2027,10424.400000000003
Libya,Libya,EnergyTechFuelComplete,Gas,2027,0.0
Libya,Libya,EnergyTechFuelComplete,Gas,2027,0.0
Libya,Libya,EnergyTechFuelComplete,Gas,2027,0.0
Libya,Libya,EnergyTechFuelComplete,Gas,2027,0.0
Libya,Libya,EnergyTechFuelComplete,Gas,2027,0.0
Libya,Libya,EnergyTechFuelComplete,Coal,2027,0.0
Libya,Libya,EnergyTechFuelComplete,Coal,2027,0.0
Libya,Libya,EnergyTechFuelComplete,Coal,2027,0.0
Libya,Libya,EnergyTechFuelComplete,Coal,2027,0.0
Libya,Libya,EnergyTechFuelComplete,Geothermal,2027,0.0
Libya,Libya,EnergyTechFuelComplete,Geothermal,2027,0.0
Libya,Libya,EnergyTechFuelComplete,Diesel,2027,0.0
Libya,Libya,EnergyTechFuelComplete,Diesel,2027,0.0
Libya,Libya,EnergyTechFuelComplete,Diesel,2027,0.0
Libya,Libya,EnergyTechFuelComplete,Diesel,2027,0.0
Libya,Libya,EnergyTechFuelComplete,Diesel,2027,0.0
Libya,Libya,EnergyTechFuelComplete,Diesel,2027,0.0
Libya,Libya,EnergyTechFuelComplete,Diesel,2027,0.0
Libya,Libya,EnergyTechFuelComplete,Biomass,2027,0.0
Libya,Libya,EnergyTechFuelComplete,Biomass,2027,0.0
Libya,Libya,EnergyTechFuelComplete,Biomass,2027,0.0
Libya,Libya,EnergyTechFuelComplete,Reservoir,2027,0.0
Libya,Libya,EnergyTechFuelComplete,Reservoir,2027,0.0
Libya,Libya,EnergyTechFuelComplete,ROR,2027,0.0
Libya,Libya,EnergyTechFuelComplete,CSP,2027,0.0
Libya,Libya,EnergyTechFuelComplete,CSP,2027,0.0
Libya,Libya,EnergyTechFuelComplete,Offshore Wind,2027,0.0
Libya,Libya,EnergyTechFuelComplete,Onshore Wind,2027,0.0
Libya,Libya,EnergyTechFuelComplete,Onshore Wind,2027,0.0
Libya,Libya,EnergyTechFuelComplete,PV,2027,0.0
Libya,Libya,EnergyTechFuelComplete,PV,2027,0.0
Libya,Libya,EnergyTechFuelComplete,PV+Storage,2027,0.0
Libya,Libya,EnergyTechFuelComplete,Solar Thermal,2027,0.0
Libya,Libya,EnergyTechFuelComplete,Battery,2027,0.0
Libya,Libya,EnergyTechFuelComplete,PSH,2027,0.0
Libya,Libya,EnergyTechFuelComplete,PSH,2027,0.0
Libya,Libya,EnergyTechFuelComplete,Imports,2027,0.0
Libya,Libya,EnergyTechFuelComplete,Peat,2027,0.0
Libya,Libya,EnergyTechFuelComplete,Waste,2027,0.0
Libya,Libya,EnergyTechFuelComplete,Methane,2027,0.0
Libya,Libya,EnergyTechFuelComplete,Solar,2027,0.0
Libya,Libya,EnergyTechFuelComplete,Solar,2027,0.0
Libya,Libya,EnergyTechFuelComplete,Nuclear,2028,0.0
Libya,Libya,EnergyTechFuelComplete,Gas,2028,16909.86600000002
Libya,Libya,EnergyTechFuelComplete,Gas,2028,0.0
Libya,Libya,EnergyTechFuelComplete,Gas,2028,0.0
Libya,Libya,EnergyTechFuelComplete,Gas,2028,0.0
Libya,Libya,EnergyTechFuelComplete,Gas,2028,0.0
Libya,Libya,EnergyTechFuelComplete,Gas,2028,40811.467575
Libya,Libya,EnergyTechFuelComplete,Gas,2028,0.0
Libya,Libya,EnergyTechFuelComplete,Gas,2028,10424.400000000003
Libya,Libya,EnergyTechFuelComplete,Gas,2028,0.0
Libya,Libya,EnergyTechFuelComplete,Gas,2028,0.0
Libya,Libya,EnergyTechFuelComplete,Gas,2028,0.0
Libya,Libya,EnergyTechFuelComplete,Gas,2028,0.0
Libya,Libya,EnergyTechFuelComplete,Gas,2028,0.0
Libya,Libya,EnergyTechFuelComplete,Coal,2028,0.0
Libya,Libya,EnergyTechFuelComplete,Coal,2028,0.0
Libya,Libya,EnergyTechFuelComplete,Coal,2028,0.0
Libya,Libya,EnergyTechFuelComplete,Coal,2028,0.0
Libya,Libya,EnergyTechFuelComplete,Geothermal,2028,0.0
Libya,Libya,EnergyTechFuelComplete,Geothermal,2028,0.0
Libya,Libya,EnergyTechFuelComplete,Diesel,2028,0.0
Libya,Libya,EnergyTechFuelComplete,Diesel,2028,0.0
Libya,Libya,EnergyTechFuelComplete,Diesel,2028,0.0
Libya,Libya,EnergyTechFuelComplete,Diesel,2028,0.0
Libya,Libya,EnergyTechFuelComplete,Diesel,2028,0.0
Libya,Libya,EnergyTechFuelComplete,Diesel,2028,0.0
Libya,Libya,EnergyTechFuelComplete,Diesel,2028,0.0
Libya,Libya,EnergyTechFuelComplete,Biomass,2028,0.0
Libya,Libya,EnergyTechFuelComplete,Biomass,2028,0.0
Libya,Libya,EnergyTechFuelComplete,Biomass,2028,0.0
Libya,Libya,EnergyTechFuelComplete,Reservoir,2028,0.0
Libya,Libya,EnergyTechFuelComplete,Reservoir,2028,0.0
Libya,Libya,EnergyTechFuelComplete,ROR,2028,0.0
Libya,Libya,EnergyTechFuelComplete,CSP,2028,0.0
Libya,Libya,EnergyTechFuelComplete,CSP,2028,0.0
Libya,Libya,EnergyTechFuelComplete,Offshore Wind,2028,0.0
Libya,Libya,EnergyTechFuelComplete,Onshore Wind,2028,0.0
Libya,Libya,EnergyTechFuelComplete,Onshore Wind,2028,0.0
Libya,Libya,EnergyTechFuelComplete,PV,2028,982.2664250000004
Libya,Libya,EnergyTechFuelComplete,PV,2028,0.0
Libya,Libya,EnergyTechFuelComplete,PV+Storage,2028,0.0
Libya,Libya,EnergyTechFuelComplete,Solar Thermal,2028,0.0
Libya,Libya,EnergyTechFuelComplete,Battery,2028,0.0
Libya,Libya,EnergyTechFuelComplete,PSH,2028,0.0
Libya,Libya,EnergyTechFuelComplete,PSH,2028,0.0
Libya,Libya,EnergyTechFuelComplete,Imports,2028,0.0
Libya,Libya,EnergyTechFuelComplete,Peat,2028,0.0
Libya,Libya,EnergyTechFuelComplete,Waste,2028,0.0
Libya,Libya,EnergyTechFuelComplete,Methane,2028,0.0
Libya,Libya,EnergyTechFuelComplete,Solar,2028,0.0
Libya,Libya,EnergyTechFuelComplete,Solar,2028,0.0
Libya,Libya,EnergyTechFuelComplete,Nuclear,2029,0.0
Libya,Libya,EnergyTechFuelComplete,Gas,2029,19888.266000000007
Libya,Libya,EnergyTechFuelComplete,Gas,2029,0.0
Libya,Libya,EnergyTechFuelComplete,Gas,2029,0.0
Libya,Libya,EnergyTechFuelComplete,Gas,2029,0.0
Libya,Libya,EnergyTechFuelComplete,Gas,2029,0.0
Libya,Libya,EnergyTechFuelComplete,Gas,2029,43221.80115000001
Libya,Libya,EnergyTechFuelComplete,Gas,2029,0.0
Libya,Libya,EnergyTechFuelComplete,Gas,2029,10424.4
Libya,Libya,EnergyTechFuelComplete,Gas,2029,0.0
Libya,Libya,EnergyTechFuelComplete,Gas,2029,0.0
Libya,Libya,EnergyTechFuelComplete,Gas,2029,0.0
Libya,Libya,EnergyTechFuelComplete,Gas,2029,0.0
Libya,Libya,EnergyTechFuelComplete,Gas,2029,0.0
Libya,Libya,EnergyTechFuelComplete,Coal,2029,0.0
Libya,Libya,EnergyTechFuelComplete,Coal,2029,0.0
Libya,Libya,EnergyTechFuelComplete,Coal,2029,0.0
Libya,Libya,EnergyTechFuelComplete,Coal,2029,0.0
Libya,Libya,EnergyTechFuelComplete,Geothermal,2029,0.0
Libya,Libya,EnergyTechFuelComplete,Geothermal,2029,0.0
Libya,Libya,EnergyTechFuelComplete,Diesel,2029,0.0
Libya,Libya,EnergyTechFuelComplete,Diesel,2029,0.0
Libya,Libya,EnergyTechFuelComplete,Diesel,2029,0.0
Libya,Libya,EnergyTechFuelComplete,Diesel,2029,0.0
Libya,Libya,EnergyTechFuelComplete,Diesel,2029,0.0
Libya,Libya,EnergyTechFuelComplete,Diesel,2029,0.0
Libya,Libya,EnergyTechFuelComplete,Diesel,2029,0.0
Libya,Libya,EnergyTechFuelComplete,Biomass,2029,0.0
Libya,Libya,EnergyTechFuelComplete,Biomass,2029,0.0
Libya,Libya,EnergyTechFuelComplete,Biomass,2029,0.0
Libya,Libya,EnergyTechFuelComplete,Reservoir,2029,0.0
Libya,Libya,EnergyTechFuelComplete,Reservoir,2029,0.0
Libya,Libya,EnergyTechFuelComplete,ROR,2029,0.0
Libya,Libya,EnergyTechFuelComplete,CSP,2029,0.0
Libya,Libya,EnergyTechFuelComplete,CSP,2029,0.0
Libya,Libya,EnergyTechFuelComplete,Offshore Wind,2029,0.0
Libya,Libya,EnergyTechFuelComplete,Onshore Wind,2029,0.0
Libya,Libya,EnergyTechFuelComplete,Onshore Wind,2029,0.0
Libya,Libya,EnergyTechFuelComplete,PV,2029,1964.5328500000007
Libya,Libya,EnergyTechFuelComplete,PV,2029,0.0
Libya,Libya,EnergyTechFuelComplete,PV+Storage,2029,0.0
Libya,Libya,EnergyTechFuelComplete,Solar Thermal,2029,0.0
Libya,Libya,EnergyTechFuelComplete,Battery,2029,0.0
Libya,Libya,EnergyTechFuelComplete,PSH,2029,0.0
Libya,Libya,EnergyTechFuelComplete,PSH,2029,0.0
Libya,Libya,EnergyTechFuelComplete,Imports,2029,0.0
Libya,Libya,EnergyTechFuelComplete,Peat,2029,0.0
Libya,Libya,EnergyTechFuelComplete,Waste,2029,0.0
Libya,Libya,EnergyTechFuelComplete,Methane,2029,0.0
Libya,Libya,EnergyTechFuelComplete,Solar,2029,0.0
Libya,Libya,EnergyTechFuelComplete,Solar,2029,0.0
Libya,Libya,EnergyTechFuelComplete,Nuclear,2030,0.0
Libya,Libya,EnergyTechFuelComplete,Gas,2030,22866.666
Libya,Libya,EnergyTechFuelComplete,Gas,2030,0.0
Libya,Libya,EnergyTechFuelComplete,Gas,2030,0.0
Libya,Libya,EnergyTechFuelComplete,Gas,2030,0.0
Libya,Libya,EnergyTechFuelComplete,Gas,2030,0.0
Libya,Libya,EnergyTechFuelComplete,Gas,2030,40959.13472500001
Libya,Libya,EnergyTechFuelComplete,Gas,2030,0.0
Libya,Libya,EnergyTechFuelComplete,Gas,2030,10424.4
Libya,Libya,EnergyTechFuelComplete,Gas,2030,0.0
Libya,Libya,EnergyTechFuelComplete,Gas,2030,0.0
Libya,Libya,EnergyTechFuelComplete,Gas,2030,0.0
Libya,Libya,EnergyTechFuelComplete,Gas,2030,0.0
Libya,Libya,EnergyTechFuelComplete,Gas,2030,0.0
Libya,Libya,EnergyTechFuelComplete,Coal,2030,0.0
Libya,Libya,EnergyTechFuelComplete,Coal,2030,0.0
Libya,Libya,EnergyTechFuelComplete,Coal,2030,0.0
Libya,Libya,EnergyTechFuelComplete,Coal,2030,0.0
Libya,Libya,EnergyTechFuelComplete,Geothermal,2030,0.0
Libya,Libya,EnergyTechFuelComplete,Geothermal,2030,0.0
Libya,Libya,EnergyTechFuelComplete,Diesel,2030,0.0
Libya,Libya,EnergyTechFuelComplete,Diesel,2030,0.0
Libya,Libya,EnergyTechFuelComplete,Diesel,2030,0.0
Libya,Libya,EnergyTechFuelComplete,Diesel,2030,0.0
Libya,Libya,EnergyTechFuelComplete,Diesel,2030,0.0
Libya,Libya,EnergyTechFuelComplete,Diesel,2030,0.0
Libya,Libya,EnergyTechFuelComplete,Diesel,2030,0.0
Libya,Libya,EnergyTechFuelComplete,Biomass,2030,0.0
Libya,Libya,EnergyTechFuelComplete,Biomass,2030,0.0
Libya,Libya,EnergyTechFuelComplete,Biomass,2030,0.0
Libya,Libya,EnergyTechFuelComplete,Reservoir,2030,0.0
Libya,Libya,EnergyTechFuelComplete,Reservoir,2030,0.0
Libya,Libya,EnergyTechFuelComplete,ROR,2030,0.0
Libya,Libya,EnergyTechFuelComplete,CSP,2030,0.0
Libya,Libya,EnergyTechFuelComplete,CSP,2030,0.0
Libya,Libya,EnergyTechFuelComplete,Offshore Wind,2030,0.0
Libya,Libya,EnergyTechFuelComplete,Onshore Wind,2030,0.0
Libya,Libya,EnergyTechFuelComplete,Onshore Wind,2030,0.0
Libya,Libya,EnergyTechFuelComplete,PV,2030,2946.799274999999
Libya,Libya,EnergyTechFuelComplete,PV,2030,0.0
Libya,Libya,EnergyTechFuelComplete,PV+Storage,2030,0.0
Libya,Libya,EnergyTechFuelComplete,Solar Thermal,2030,0.0
Libya,Libya,EnergyTechFuelComplete,Battery,2030,0.0
Libya,Libya,EnergyTechFuelComplete,PSH,2030,0.0
Libya,Libya,EnergyTechFuelComplete,PSH,2030,0.0
Libya,Libya,EnergyTechFuelComplete,Imports,2030,0.0
Libya,Libya,EnergyTechFuelComplete,Peat,2030,0.0
Libya,Libya,EnergyTechFuelComplete,Waste,2030,0.0
Libya,Libya,EnergyTechFuelComplete,Methane,2030,0.0
Libya,Libya,EnergyTechFuelComplete,Solar,2030,0.0
Libya,Libya,EnergyTechFuelComplete,Solar,2030,0.0
Libya,Libya,EnergyTechFuelComplete,Nuclear,2031,0.0
Libya,Libya,EnergyTechFuelComplete,Gas,2031,25845.06600000001
Libya,Libya,EnergyTechFuelComplete,Gas,2031,0.0
Libya,Libya,EnergyTechFuelComplete,Gas,2031,0.0
Libya,Libya,EnergyTechFuelComplete,Gas,2031,0.0
Libya,Libya,EnergyTechFuelComplete,Gas,2031,0.0
Libya,Libya,EnergyTechFuelComplete,Gas,2031,41652.61485185104
Libya,Libya,EnergyTechFuelComplete,Gas,2031,0.0
Libya,Libya,EnergyTechFuelComplete,Gas,2031,10424.4
Libya,Libya,EnergyTechFuelComplete,Gas,2031,0.0
Libya,Libya,EnergyTechFuelComplete,Gas,2031,0.0
Libya,Libya,EnergyTechFuelComplete,Gas,2031,0.0
Libya,Libya,EnergyTechFuelComplete,Gas,2031,0.0
Libya,Libya,EnergyTechFuelComplete,Gas,2031,0.0
Libya,Libya,EnergyTechFuelComplete,Coal,2031,0.0
Libya,Libya,EnergyTechFuelComplete,Coal,2031,0.0
Libya,Libya,EnergyTechFuelComplete,Coal,2031,0.0
Libya,Libya,EnergyTechFuelComplete,Coal,2031,0.0
Libya,Libya,EnergyTechFuelComplete,Geothermal,2031,0.0
Libya,Libya,EnergyTechFuelComplete,Geothermal,2031,0.0
Libya,Libya,EnergyTechFuelComplete,Diesel,2031,0.0
Libya,Libya,EnergyTechFuelComplete,Diesel,2031,0.0
Libya,Libya,EnergyTechFuelComplete,Diesel,2031,0.0
Libya,Libya,EnergyTechFuelComplete,Diesel,2031,0.0
Libya,Libya,EnergyTechFuelComplete,Diesel,2031,0.0
Libya,Libya,EnergyTechFuelComplete,Diesel,2031,0.0
Libya,Libya,EnergyTechFuelComplete,Diesel,2031,0.0
Libya,Libya,EnergyTechFuelComplete,Biomass,2031,0.0
Libya,Libya,EnergyTechFuelComplete,Biomass,2031,0.0
Libya,Libya,EnergyTechFuelComplete,Biomass,2031,0.0
Libya,Libya,EnergyTechFuelComplete,Reservoir,2031,0.0
Libya,Libya,EnergyTechFuelComplete,Reservoir,2031,0.0
Libya,Libya,EnergyTechFuelComplete,ROR,2031,0.0
Libya,Libya,EnergyTechFuelComplete,CSP,2031,0.0
Libya,Libya,EnergyTechFuelComplete,CSP,2031,0.0
Libya,Libya,EnergyTechFuelComplete,Offshore Wind,2031,0.0
Libya,Libya,EnergyTechFuelComplete,Onshore Wind,2031,0.0
Libya,Libya,EnergyTechFuelComplete,Onshore Wind,2031,1332.8534481490003
Libya,Libya,EnergyTechFuelComplete,PV,2031,3929.0657000000015
Libya,Libya,EnergyTechFuelComplete,PV,2031,0.0
Libya,Libya,EnergyTechFuelComplete,PV+Storage,2031,0.0
Libya,Libya,EnergyTechFuelComplete,Solar Thermal,2031,0.0
Libya,Libya,EnergyTechFuelComplete,Battery,2031,0.0
Libya,Libya,EnergyTechFuelComplete,PSH,2031,0.0
Libya,Libya,EnergyTechFuelComplete,PSH,2031,0.0
Libya,Libya,EnergyTechFuelComplete,Imports,2031,0.0
Libya,Libya,EnergyTechFuelComplete,Peat,2031,0.0
Libya,Libya,EnergyTechFuelComplete,Waste,2031,0.0
Libya,Libya,EnergyTechFuelComplete,Methane,2031,0.0
Libya,Libya,EnergyTechFuelComplete,Solar,2031,0.0
Libya,Libya,EnergyTechFuelComplete,Solar,2031,0.0
Libya,Libya,EnergyTechFuelComplete,Nuclear,2032,0.0
Libya,Libya,EnergyTechFuelComplete,Gas,2032,28823.466000000008
Libya,Libya,EnergyTechFuelComplete,Gas,2032,0.0
Libya,Libya,EnergyTechFuelComplete,Gas,2032,0.0
Libya,Libya,EnergyTechFuelComplete,Gas,2032,0.0
Libya,Libya,EnergyTechFuelComplete,Gas,2032,0.0
Libya,Libya,EnergyTechFuelComplete,Gas,2032,37903.09497870203
Libya,Libya,EnergyTechFuelComplete,Gas,2032,0.0
Libya,Libya,EnergyTechFuelComplete,Gas,2032,10424.4
Libya,Libya,EnergyTechFuelComplete,Gas,2032,0.0
Libya,Libya,EnergyTechFuelComplete,Gas,2032,0.0
Libya,Libya,EnergyTechFuelComplete,Gas,2032,0.0
Libya,Libya,EnergyTechFuelComplete,Gas,2032,0.0
Libya,Libya,EnergyTechFuelComplete,Gas,2032,0.0
Libya,Libya,EnergyTechFuelComplete,Coal,2032,0.0
Libya,Libya,EnergyTechFuelComplete,Coal,2032,0.0
Libya,Libya,EnergyTechFuelComplete,Coal,2032,0.0
Libya,Libya,EnergyTechFuelComplete,Coal,2032,0.0
Libya,Libya,EnergyTechFuelComplete,Geothermal,2032,0.0
Libya,Libya,EnergyTechFuelComplete,Geothermal,2032,0.0
Libya,Libya,EnergyTechFuelComplete,Diesel,2032,0.0
Libya,Libya,EnergyTechFuelComplete,Diesel,2032,0.0
Libya,Libya,EnergyTechFuelComplete,Diesel,2032,0.0
Libya,Libya,EnergyTechFuelComplete,Diesel,2032,0.0
Libya,Libya,EnergyTechFuelComplete,Diesel,2032,0.0
Libya,Libya,EnergyTechFuelComplete,Diesel,2032,0.0
Libya,Libya,EnergyTechFuelComplete,Diesel,2032,0.0
Libya,Libya,EnergyTechFuelComplete,Biomass,2032,0.0
Libya,Libya,EnergyTechFuelComplete,Biomass,2032,0.0
Libya,Libya,EnergyTechFuelComplete,Biomass,2032,0.0
Libya,Libya,EnergyTechFuelComplete,Reservoir,2032,0.0
Libya,Libya,EnergyTechFuelComplete,Reservoir,2032,0.0
Libya,Libya,EnergyTechFuelComplete,ROR,2032,0.0
Libya,Libya,EnergyTechFuelComplete,CSP,2032,0.0
Libya,Libya,EnergyTechFuelComplete,CSP,2032,0.0
Libya,Libya,EnergyTechFuelComplete,Offshore Wind,2032,0.0
Libya,Libya,EnergyTechFuelComplete,Onshore Wind,2032,0.0
Libya,Libya,EnergyTechFuelComplete,Onshore Wind,2032,2665.7068962980006
Libya,Libya,EnergyTechFuelComplete,PV,2032,4911.332124999997
Libya,Libya,EnergyTechFuelComplete,PV,2032,0.0
Libya,Libya,EnergyTechFuelComplete,PV+Storage,2032,0.0
Libya,Libya,EnergyTechFuelComplete,Solar Thermal,2032,0.0
Libya,Libya,EnergyTechFuelComplete,Battery,2032,0.0
Libya,Libya,EnergyTechFuelComplete,PSH,2032,0.0
Libya,Libya,EnergyTechFuelComplete,PSH,2032,0.0
Libya,Libya,EnergyTechFuelComplete,Imports,2032,0.0
Libya,Libya,EnergyTechFuelComplete,Peat,2032,0.0
Libya,Libya,EnergyTechFuelComplete,Waste,2032,0.0
Libya,Libya,EnergyTechFuelComplete,Methane,2032,0.0
Libya,Libya,EnergyTechFuelComplete,Solar,2032,0.0
Libya,Libya,EnergyTechFuelComplete,Solar,2032,0.0
Libya,Libya,EnergyTechFuelComplete,Nuclear,2033,0.0
Libya,Libya,EnergyTechFuelComplete,Gas,2033,31801.866000000024
Libya,Libya,EnergyTechFuelComplete,Gas,2033,0.0
Libya,Libya,EnergyTechFuelComplete,Gas,2033,0.0
Libya,Libya,EnergyTechFuelComplete,Gas,2033,0.0
Libya,Libya,EnergyTechFuelComplete,Gas,2033,0.0
Libya,Libya,EnergyTechFuelComplete,Gas,2033,38443.57510555304
Libya,Libya,EnergyTechFuelComplete,Gas,2033,0.0
Libya,Libya,EnergyTechFuelComplete,Gas,2033,10424.4
Libya,Libya,EnergyTechFuelComplete,Gas,2033,0.0
Libya,Libya,EnergyTechFuelComplete,Gas,2033,0.0
Libya,Libya,EnergyTechFuelComplete,Gas,2033,0.0
Libya,Libya,EnergyTechFuelComplete,Gas,2033,0.0
Libya,Libya,EnergyTechFuelComplete,Gas,2033,0.0
Libya,Libya,EnergyTechFuelComplete,Coal,2033,0.0
Libya,Libya,EnergyTechFuelComplete,Coal,2033,0.0
Libya,Libya,EnergyTechFuelComplete,Coal,2033,0.0
Libya,Libya,EnergyTechFuelComplete,Coal,2033,0.0
Libya,Libya,EnergyTechFuelComplete,Geothermal,2033,0.0
Libya,Libya,EnergyTechFuelComplete,Geothermal,2033,0.0
Libya,Libya,EnergyTechFuelComplete,Diesel,2033,0.0
Libya,Libya,EnergyTechFuelComplete,Diesel,2033,0.0
Libya,Libya,EnergyTechFuelComplete,Diesel,2033,0.0
Libya,Libya,EnergyTechFuelComplete,Diesel,2033,0.0
Libya,Libya,EnergyTechFuelComplete,Diesel,2033,0.0
Libya,Libya,EnergyTechFuelComplete,Diesel,2033,0.0
Libya,Libya,EnergyTechFuelComplete,Diesel,2033,0.0
Libya,Libya,EnergyTechFuelComplete,Biomass,2033,0.0
Libya,Libya,EnergyTechFuelComplete,Biomass,2033,0.0
Libya,Libya,EnergyTechFuelComplete,Biomass,2033,0.0
Libya,Libya,EnergyTechFuelComplete,Reservoir,2033,0.0
Libya,Libya,EnergyTechFuelComplete,Reservoir,2033,0.0
Libya,Libya,EnergyTechFuelComplete,ROR,2033,0.0
Libya,Libya,EnergyTechFuelComplete,CSP,2033,0.0
Libya,Libya,EnergyTechFuelComplete,CSP,2033,0.0
Libya,Libya,EnergyTechFuelComplete,Offshore Wind,2033,0.0
Libya,Libya,EnergyTechFuelComplete,Onshore Wind,2033,0.0
Libya,Libya,EnergyTechFuelComplete,Onshore Wind,2033,3998.560344447
Libya,Libya,EnergyTechFuelComplete,PV,2033,5893.598549999998
Libya,Libya,EnergyTechFuelComplete,PV,2033,0.0
Libya,Libya,EnergyTechFuelComplete,PV+Storage,2033,0.0
Libya,Libya,EnergyTechFuelComplete,Solar Thermal,2033,0.0
Libya,Libya,EnergyTechFuelComplete,Battery,2033,0.0
Libya,Libya,EnergyTechFuelComplete,PSH,2033,0.0
Libya,Libya,EnergyTechFuelComplete,PSH,2033,0.0
Libya,Libya,EnergyTechFuelComplete,Imports,2033,0.0
Libya,Libya,EnergyTechFuelComplete,Peat,2033,0.0
Libya,Libya,EnergyTechFuelComplete,Waste,2033,0.0
Libya,Libya,EnergyTechFuelComplete,Methane,2033,0.0
Libya,Libya,EnergyTechFuelComplete,Solar,2033,0.0
Libya,Libya,EnergyTechFuelComplete,Solar,2033,0.0
Libya,Libya,EnergyTechFuelComplete,Nuclear,2034,0.0
Libya,Libya,EnergyTechFuelComplete,Gas,2034,34780.26600000001
Libya,Libya,EnergyTechFuelComplete,Gas,2034,0.0
Libya,Libya,EnergyTechFuelComplete,Gas,2034,0.0
Libya,Libya,EnergyTechFuelComplete,Gas,2034,0.0
Libya,Libya,EnergyTechFuelComplete,Gas,2034,0.0
Libya,Libya,EnergyTechFuelComplete,Gas,2034,34480.05523240401
Libya,Libya,EnergyTechFuelComplete,Gas,2034,0.0
Libya,Libya,EnergyTechFuelComplete,Gas,2034,10424.4
Libya,Libya,EnergyTechFuelComplete,Gas,2034,0.0
Libya,Libya,EnergyTechFuelComplete,Gas,2034,0.0
Libya,Libya,EnergyTechFuelComplete,Gas,2034,0.0
Libya,Libya,EnergyTechFuelComplete,Gas,2034,0.0
Libya,Libya,EnergyTechFuelComplete,Gas,2034,0.0
Libya,Libya,EnergyTechFuelComplete,Coal,2034,0.0
Libya,Libya,EnergyTechFuelComplete,Coal,2034,0.0
Libya,Libya,EnergyTechFuelComplete,Coal,2034,0.0
Libya,Libya,EnergyTechFuelComplete,Coal,2034,0.0
Libya,Libya,EnergyTechFuelComplete,Geothermal,2034,0.0
Libya,Libya,EnergyTechFuelComplete,Geothermal,2034,0.0
Libya,Libya,EnergyTechFuelComplete,Diesel,2034,0.0
Libya,Libya,EnergyTechFuelComplete,Diesel,2034,0.0
Libya,Libya,EnergyTechFuelComplete,Diesel,2034,0.0
Libya,Libya,EnergyTechFuelComplete,Diesel,2034,0.0
Libya,Libya,EnergyTechFuelComplete,Diesel,2034,0.0
Libya,Libya,EnergyTechFuelComplete,Diesel,2034,0.0
Libya,Libya,EnergyTechFuelComplete,Diesel,2034,0.0
Libya,Libya,EnergyTechFuelComplete,Biomass,2034,0.0
Libya,Libya,EnergyTechFuelComplete,Biomass,2034,0.0
Libya,Libya,EnergyTechFuelComplete,Biomass,2034,0.0
Libya,Libya,EnergyTechFuelComplete,Reservoir,2034,0.0
Libya,Libya,EnergyTechFuelComplete,Reservoir,2034,0.0
Libya,Libya,EnergyTechFuelComplete,ROR,2034,0.0
Libya,Libya,EnergyTechFuelComplete,CSP,2034,0.0
Libya,Libya,EnergyTechFuelComplete,CSP,2034,0.0
Libya,Libya,EnergyTechFuelComplete,Offshore Wind,2034,0.0
Libya,Libya,EnergyTechFuelComplete,Onshore Wind,2034,0.0
Libya,Libya,EnergyTechFuelComplete,Onshore Wind,2034,5331.413792596001
Libya,Libya,EnergyTechFuelComplete,PV,2034,6875.864975
Libya,Libya,EnergyTechFuelComplete,PV,2034,0.0
Libya,Libya,EnergyTechFuelComplete,PV+Storage,2034,0.0
Libya,Libya,EnergyTechFuelComplete,Solar Thermal,2034,0.0
Libya,Libya,EnergyTechFuelComplete,Battery,2034,0.0
Libya,Libya,EnergyTechFuelComplete,PSH,2034,0.0
Libya,Libya,EnergyTechFuelComplete,PSH,2034,0.0
Libya,Libya,EnergyTechFuelComplete,Imports,2034,0.0
Libya,Libya,EnergyTechFuelComplete,Peat,2034,0.0
Libya,Libya,EnergyTechFuelComplete,Waste,2034,0.0
Libya,Libya,EnergyTechFuelComplete,Methane,2034,0.0
Libya,Libya,EnergyTechFuelComplete,Solar,2034,0.0
Libya,Libya,EnergyTechFuelComplete,Solar,2034,0.0
Libya,Libya,EnergyTechFuelComplete,Nuclear,2035,0.0
Libya,Libya,EnergyTechFuelComplete,Gas,2035,37758.666000000005
Libya,Libya,EnergyTechFuelComplete,Gas,2035,0.0
Libya,Libya,EnergyTechFuelComplete,Gas,2035,0.0
Libya,Libya,EnergyTechFuelComplete,Gas,2035,0.0
Libya,Libya,EnergyTechFuelComplete,Gas,2035,0.0
Libya,Libya,EnergyTechFuelComplete,Gas,2035,33765.268934255015
Libya,Libya,EnergyTechFuelComplete,Gas,2035,0.0
Libya,Libya,EnergyTechFuelComplete,Gas,2035,10424.399999999998
Libya,Libya,EnergyTechFuelComplete,Gas,2035,0.0
Libya,Libya,EnergyTechFuelComplete,Gas,2035,0.0
Libya,Libya,EnergyTechFuelComplete,Gas,2035,0.0
Libya,Libya,EnergyTechFuelComplete,Gas,2035,0.0
Libya,Libya,EnergyTechFuelComplete,Gas,2035,0.0
Libya,Libya,EnergyTechFuelComplete,Coal,2035,0.0
Libya,Libya,EnergyTechFuelComplete,Coal,2035,0.0
Libya,Libya,EnergyTechFuelComplete,Coal,2035,0.0
Libya,Libya,EnergyTechFuelComplete,Coal,2035,0.0
Libya,Libya,EnergyTechFuelComplete,Geothermal,2035,0.0
Libya,Libya,EnergyTechFuelComplete,Geothermal,2035,0.0
Libya,Libya,EnergyTechFuelComplete,Diesel,2035,0.0
Libya,Libya,EnergyTechFuelComplete,Diesel,2035,0.0
Libya,Libya,EnergyTechFuelComplete,Diesel,2035,0.0
Libya,Libya,EnergyTechFuelComplete,Diesel,2035,0.0
Libya,Libya,EnergyTechFuelComplete,Diesel,2035,0.0
Libya,Libya,EnergyTechFuelComplete,Diesel,2035,0.0
Libya,Libya,EnergyTechFuelComplete,Diesel,2035,0.0
Libya,Libya,EnergyTechFuelComplete,Biomass,2035,0.0
Libya,Libya,EnergyTechFuelComplete,Biomass,2035,0.0
Libya,Libya,EnergyTechFuelComplete,Biomass,2035,0.0
Libya,Libya,EnergyTechFuelComplete,Reservoir,2035,0.0
Libya,Libya,EnergyTechFuelComplete,Reservoir,2035,0.0
Libya,Libya,EnergyTechFuelComplete,ROR,2035,0.0
Libya,Libya,EnergyTechFuelComplete,CSP,2035,0.0
Libya,Libya,EnergyTechFuelComplete,CSP,2035,0.0
Libya,Libya,EnergyTechFuelComplete,Offshore Wind,2035,0.0
Libya,Libya,EnergyTechFuelComplete,Onshore Wind,2035,0.0
Libya,Libya,EnergyTechFuelComplete,Onshore Wind,2035,6664.267240745003
Libya,Libya,EnergyTechFuelComplete,PV,2035,8840.397825000011
Libya,Libya,EnergyTechFuelComplete,PV,2035,0.0
Libya,Libya,EnergyTechFuelComplete,PV+Storage,2035,0.0
Libya,Libya,EnergyTechFuelComplete,Solar Thermal,2035,0.0
Libya,Libya,EnergyTechFuelComplete,Battery,2035,0.0
Libya,Libya,EnergyTechFuelComplete,PSH,2035,0.0
Libya,Libya,EnergyTechFuelComplete,PSH,2035,0.0
Libya,Libya,EnergyTechFuelComplete,Imports,2035,0.0
Libya,Libya,EnergyTechFuelComplete,Peat,2035,0.0
Libya,Libya,EnergyTechFuelComplete,Waste,2035,0.0
Libya,Libya,EnergyTechFuelComplete,Methane,2035,0.0
Libya,Libya,EnergyTechFuelComplete,Solar,2035,0.0
Libya,Libya,EnergyTechFuelComplete,Solar,2035,0.0
Libya,Libya,EnergyTechFuelComplete,Nuclear,2036,0.0
Libya,Libya,EnergyTechFuelComplete,Gas,2036,33923.976
Libya,Libya,EnergyTechFuelComplete,Gas,2036,0.0
Libya,Libya,EnergyTechFuelComplete,Gas,2036,0.0
Libya,Libya,EnergyTechFuelComplete,Gas,2036,0.0
Libya,Libya,EnergyTechFuelComplete,Gas,2036,0.0
Libya,Libya,EnergyTechFuelComplete,Gas,2036,34818.57263610596
Libya,Libya,EnergyTechFuelComplete,Gas,2036,0.0
Libya,Libya,EnergyTechFuelComplete,Gas,2036,10424.4
Libya,Libya,EnergyTechFuelComplete,Gas,2036,0.0
Libya,Libya,EnergyTechFuelComplete,Gas,2036,0.0
Libya,Libya,EnergyTechFuelComplete,Gas,2036,0.0
Libya,Libya,EnergyTechFuelComplete,Gas,2036,0.0
Libya,Libya,EnergyTechFuelComplete,Gas,2036,0.0
Libya,Libya,EnergyTechFuelComplete,Coal,2036,0.0
Libya,Libya,EnergyTechFuelComplete,Coal,2036,0.0
Libya,Libya,EnergyTechFuelComplete,Coal,2036,0.0
Libya,Libya,EnergyTechFuelComplete,Coal,2036,0.0
Libya,Libya,EnergyTechFuelComplete,Geothermal,2036,0.0
Libya,Libya,EnergyTechFuelComplete,Geothermal,2036,0.0
Libya,Libya,EnergyTechFuelComplete,Diesel,2036,0.0
Libya,Libya,EnergyTechFuelComplete,Diesel,2036,0.0
Libya,Libya,EnergyTechFuelComplete,Diesel,2036,0.0
Libya,Libya,EnergyTechFuelComplete,Diesel,2036,0.0
Libya,Libya,EnergyTechFuelComplete,Diesel,2036,0.0
Libya,Libya,EnergyTechFuelComplete,Diesel,2036,0.0
Libya,Libya,EnergyTechFuelComplete,Diesel,2036,0.0
Libya,Libya,EnergyTechFuelComplete,Biomass,2036,0.0
Libya,Libya,EnergyTechFuelComplete,Biomass,2036,0.0
Libya,Libya,EnergyTechFuelComplete,Biomass,2036,0.0
Libya,Libya,EnergyTechFuelComplete,Reservoir,2036,0.0
Libya,Libya,EnergyTechFuelComplete,Reservoir,2036,0.0
Libya,Libya,EnergyTechFuelComplete,ROR,2036,0.0
Libya,Libya,EnergyTechFuelComplete,CSP,2036,0.0
Libya,Libya,EnergyTechFuelComplete,CSP,2036,0.0
Libya,Libya,EnergyTechFuelComplete,Offshore Wind,2036,0.0
Libya,Libya,EnergyTechFuelComplete,Onshore Wind,2036,0.0
Libya,Libya,EnergyTechFuelComplete,Onshore Wind,2036,7997.120688893999
Libya,Libya,EnergyTechFuelComplete,PV,2036,10804.930675000009
Libya,Libya,EnergyTechFuelComplete,PV,2036,0.0
Libya,Libya,EnergyTechFuelComplete,PV+Storage,2036,0.0
Libya,Libya,EnergyTechFuelComplete,Solar Thermal,2036,0.0
Libya,Libya,EnergyTechFuelComplete,Battery,2036,0.0
Libya,Libya,EnergyTechFuelComplete,PSH,2036,0.0
Libya,Libya,EnergyTechFuelComplete,PSH,2036,0.0
Libya,Libya,EnergyTechFuelComplete,Imports,2036,0.0
Libya,Libya,EnergyTechFuelComplete,Peat,2036,0.0
Libya,Libya,EnergyTechFuelComplete,Waste,2036,0.0
Libya,Libya,EnergyTechFuelComplete,Methane,2036,0.0
Libya,Libya,EnergyTechFuelComplete,Solar,2036,0.0
Libya,Libya,EnergyTechFuelComplete,Solar,2036,0.0
Libya,Libya,EnergyTechFuelComplete,Nuclear,2037,0.0
Libya,Libya,EnergyTechFuelComplete,Gas,2037,36902.376
Libya,Libya,EnergyTechFuelComplete,Gas,2037,0.0
Libya,Libya,EnergyTechFuelComplete,Gas,2037,0.0
Libya,Libya,EnergyTechFuelComplete,Gas,2037,0.0
Libya,Libya,EnergyTechFuelComplete,Gas,2037,0.0
Libya,Libya,EnergyTechFuelComplete,Gas,2037,33472.78633795698
Libya,Libya,EnergyTechFuelComplete,Gas,2037,0.0
Libya,Libya,EnergyTechFuelComplete,Gas,2037,10424.4
Libya,Libya,EnergyTechFuelComplete,Gas,2037,0.0
Libya,Libya,EnergyTechFuelComplete,Gas,2037,0.0
Libya,Libya,EnergyTechFuelComplete,Gas,2037,0.0
Libya,Libya,EnergyTechFuelComplete,Gas,2037,0.0
Libya,Libya,EnergyTechFuelComplete,Gas,2037,0.0
Libya,Libya,EnergyTechFuelComplete,Coal,2037,0.0
Libya,Libya,EnergyTechFuelComplete,Coal,2037,0.0
Libya,Libya,EnergyTechFuelComplete,Coal,2037,0.0
Libya,Libya,EnergyTechFuelComplete,Coal,2037,0.0
Libya,Libya,EnergyTechFuelComplete,Geothermal,2037,0.0
Libya,Libya,EnergyTechFuelComplete,Geothermal,2037,0.0
Libya,Libya,EnergyTechFuelComplete,Diesel,2037,0.0
Libya,Libya,EnergyTechFuelComplete,Diesel,2037,0.0
Libya,Libya,EnergyTechFuelComplete,Diesel,2037,0.0
Libya,Libya,EnergyTechFuelComplete,Diesel,2037,0.0
Libya,Libya,EnergyTechFuelComplete,Diesel,2037,0.0
Libya,Libya,EnergyTechFuelComplete,Diesel,2037,0.0
Libya,Libya,EnergyTechFuelComplete,Diesel,2037,0.0
Libya,Libya,EnergyTechFuelComplete,Biomass,2037,0.0
Libya,Libya,EnergyTechFuelComplete,Biomass,2037,0.0
Libya,Libya,EnergyTechFuelComplete,Biomass,2037,0.0
Libya,Libya,EnergyTechFuelComplete,Reservoir,2037,0.0
Libya,Libya,EnergyTechFuelComplete,Reservoir,2037,0.0
Libya,Libya,EnergyTechFuelComplete,ROR,2037,0.0
Libya,Libya,EnergyTechFuelComplete,CSP,2037,0.0
Libya,Libya,EnergyTechFuelComplete,CSP,2037,0.0
Libya,Libya,EnergyTechFuelComplete,Offshore Wind,2037,0.0
Libya,Libya,EnergyTechFuelComplete,Onshore Wind,2037,0.0
Libya,Libya,EnergyTechFuelComplete,Onshore Wind,2037,9329.974137043
Libya,Libya,EnergyTechFuelComplete,PV,2037,12769.463525000006
Libya,Libya,EnergyTechFuelComplete,PV,2037,0.0
Libya,Libya,EnergyTechFuelComplete,PV+Storage,2037,0.0
Libya,Libya,EnergyTechFuelComplete,Solar Thermal,2037,0.0
Libya,Libya,EnergyTechFuelComplete,Battery,2037,0.0
Libya,Libya,EnergyTechFuelComplete,PSH,2037,0.0
Libya,Libya,EnergyTechFuelComplete,PSH,2037,0.0
Libya,Libya,EnergyTechFuelComplete,Imports,2037,0.0
Libya,Libya,EnergyTechFuelComplete,Peat,2037,0.0
Libya,Libya,EnergyTechFuelComplete,Waste,2037,0.0
Libya,Libya,EnergyTechFuelComplete,Methane,2037,0.0
Libya,Libya,EnergyTechFuelComplete,Solar,2037,0.0
Libya,Libya,EnergyTechFuelComplete,Solar,2037,0.0
Libya,Libya,EnergyTechFuelComplete,Nuclear,2038,0.0
Libya,Libya,EnergyTechFuelComplete,Gas,2038,39880.776
Libya,Libya,EnergyTechFuelComplete,Gas,2038,0.0
Libya,Libya,EnergyTechFuelComplete,Gas,2038,0.0
Libya,Libya,EnergyTechFuelComplete,Gas,2038,0.0
Libya,Libya,EnergyTechFuelComplete,Gas,2038,0.0
Libya,Libya,EnergyTechFuelComplete,Gas,2038,29505.000039807936
Libya,Libya,EnergyTechFuelComplete,Gas,2038,0.0
Libya,Libya,EnergyTechFuelComplete,Gas,2038,10424.4
Libya,Libya,EnergyTechFuelComplete,Gas,2038,0.0
Libya,Libya,EnergyTechFuelComplete,Gas,2038,0.0
Libya,Libya,EnergyTechFuelComplete,Gas,2038,0.0
Libya,Libya,EnergyTechFuelComplete,Gas,2038,0.0
Libya,Libya,EnergyTechFuelComplete,Gas,2038,0.0
Libya,Libya,EnergyTechFuelComplete,Coal,2038,0.0
Libya,Libya,EnergyTechFuelComplete,Coal,2038,0.0
Libya,Libya,EnergyTechFuelComplete,Coal,2038,0.0
Libya,Libya,EnergyTechFuelComplete,Coal,2038,0.0
Libya,Libya,EnergyTechFuelComplete,Geothermal,2038,0.0
Libya,Libya,EnergyTechFuelComplete,Geothermal,2038,0.0
Libya,Libya,EnergyTechFuelComplete,Diesel,2038,0.0
Libya,Libya,EnergyTechFuelComplete,Diesel,2038,0.0
Libya,Libya,EnergyTechFuelComplete,Diesel,2038,0.0
Libya,Libya,EnergyTechFuelComplete,Diesel,2038,0.0
Libya,Libya,EnergyTechFuelComplete,Diesel,2038,0.0
Libya,Libya,EnergyTechFuelComplete,Diesel,2038,0.0
Libya,Libya,EnergyTechFuelComplete,Diesel,2038,0.0
Libya,Libya,EnergyTechFuelComplete,Biomass,2038,0.0
Libya,Libya,EnergyTechFuelComplete,Biomass,2038,0.0
Libya,Libya,EnergyTechFuelComplete,Biomass,2038,0.0
Libya,Libya,EnergyTechFuelComplete,Reservoir,2038,0.0
Libya,Libya,EnergyTechFuelComplete,Reservoir,2038,0.0
Libya,Libya,EnergyTechFuelComplete,ROR,2038,0.0
Libya,Libya,EnergyTechFuelComplete,CSP,2038,0.0
Libya,Libya,EnergyTechFuelComplete,CSP,2038,0.0
Libya,Libya,EnergyTechFuelComplete,Offshore Wind,2038,0.0
Libya,Libya,EnergyTechFuelComplete,Onshore Wind,2038,0.0
Libya,Libya,EnergyTechFuelComplete,Onshore Wind,2038,10662.827585192004
Libya,Libya,EnergyTechFuelComplete,PV,2038,14733.996374999984
Libya,Libya,EnergyTechFuelComplete,PV,2038,0.0
Libya,Libya,EnergyTechFuelComplete,PV+Storage,2038,0.0
Libya,Libya,EnergyTechFuelComplete,Solar Thermal,2038,0.0
Libya,Libya,EnergyTechFuelComplete,Battery,2038,0.0
Libya,Libya,EnergyTechFuelComplete,PSH,2038,0.0
Libya,Libya,EnergyTechFuelComplete,PSH,2038,0.0
Libya,Libya,EnergyTechFuelComplete,Imports,2038,0.0
Libya,Libya,EnergyTechFuelComplete,Peat,2038,0.0
Libya,Libya,EnergyTechFuelComplete,Waste,2038,0.0
Libya,Libya,EnergyTechFuelComplete,Methane,2038,0.0
Libya,Libya,EnergyTechFuelComplete,Solar,2038,0.0
Libya,Libya,EnergyTechFuelComplete,Solar,2038,0.0
Libya,Libya,EnergyTechFuelComplete,Nuclear,2039,0.0
Libya,Libya,EnergyTechFuelComplete,Gas,2039,42859.17599999999
Libya,Libya,EnergyTechFuelComplete,Gas,2039,0.0
Libya,Libya,EnergyTechFuelComplete,Gas,2039,0.0
Libya,Libya,EnergyTechFuelComplete,Gas,2039,0.0
Libya,Libya,EnergyTechFuelComplete,Gas,2039,0.0
Libya,Libya,EnergyTechFuelComplete,Gas,2039,28622.213741659005
Libya,Libya,EnergyTechFuelComplete,Gas,2039,0.0
Libya,Libya,EnergyTechFuelComplete,Gas,2039,10424.399999999998
Libya,Libya,EnergyTechFuelComplete,Gas,2039,0.0
Libya,Libya,EnergyTechFuelComplete,Gas,2039,0.0
Libya,Libya,EnergyTechFuelComplete,Gas,2039,0.0
Libya,Libya,EnergyTechFuelComplete,Gas,2039,0.0
Libya,Libya,EnergyTechFuelComplete,Gas,2039,0.0
Libya,Libya,EnergyTechFuelComplete,Coal,2039,0.0
Libya,Libya,EnergyTechFuelComplete,Coal,2039,0.0
Libya,Libya,EnergyTechFuelComplete,Coal,2039,0.0
Libya,Libya,EnergyTechFuelComplete,Coal,2039,0.0
Libya,Libya,EnergyTechFuelComplete,Geothermal,2039,0.0
Libya,Libya,EnergyTechFuelComplete,Geothermal,2039,0.0
Libya,Libya,EnergyTechFuelComplete,Diesel,2039,0.0
Libya,Libya,EnergyTechFuelComplete,Diesel,2039,0.0
Libya,Libya,EnergyTechFuelComplete,Diesel,2039,0.0
Libya,Libya,EnergyTechFuelComplete,Diesel,2039,0.0
Libya,Libya,EnergyTechFuelComplete,Diesel,2039,0.0
Libya,Libya,EnergyTechFuelComplete,Diesel,2039,0.0
Libya,Libya,EnergyTechFuelComplete,Diesel,2039,0.0
Libya,Libya,EnergyTechFuelComplete,Biomass,2039,0.0
Libya,Libya,EnergyTechFuelComplete,Biomass,2039,0.0
Libya,Libya,EnergyTechFuelComplete,Biomass,2039,0.0
Libya,Libya,EnergyTechFuelComplete,Reservoir,2039,0.0
Libya,Libya,EnergyTechFuelComplete,Reservoir,2039,0.0
Libya,Libya,EnergyTechFuelComplete,ROR,2039,0.0
Libya,Libya,EnergyTechFuelComplete,CSP,2039,0.0
Libya,Libya,EnergyTechFuelComplete,CSP,2039,0.0
Libya,Libya,EnergyTechFuelComplete,Offshore Wind,2039,0.0
Libya,Libya,EnergyTechFuelComplete,Onshore Wind,2039,0.0
Libya,Libya,EnergyTechFuelComplete,Onshore Wind,2039,11995.681033341005
Libya,Libya,EnergyTechFuelComplete,PV,2039,16698.529225000002
Libya,Libya,EnergyTechFuelComplete,PV,2039,0.0
Libya,Libya,EnergyTechFuelComplete,PV+Storage,2039,0.0
Libya,Libya,EnergyTechFuelComplete,Solar Thermal,2039,0.0
Libya,Libya,EnergyTechFuelComplete,Battery,2039,0.0
Libya,Libya,EnergyTechFuelComplete,PSH,2039,0.0
Libya,Libya,EnergyTechFuelComplete,PSH,2039,0.0
Libya,Libya,EnergyTechFuelComplete,Imports,2039,0.0
Libya,Libya,EnergyTechFuelComplete,Peat,2039,0.0
Libya,Libya,EnergyTechFuelComplete,Waste,2039,0.0
Libya,Libya,EnergyTechFuelComplete,Methane,2039,0.0
Libya,Libya,EnergyTechFuelComplete,Solar,2039,0.0
Libya,Libya,EnergyTechFuelComplete,Solar,2039,0.0
Libya,Libya,EnergyTechFuelComplete,Nuclear,2040,0.0
Libya,Libya,EnergyTechFuelComplete,Gas,2040,45837.576
Libya,Libya,EnergyTechFuelComplete,Gas,2040,0.0
Libya,Libya,EnergyTechFuelComplete,Gas,2040,0.0
Libya,Libya,EnergyTechFuelComplete,Gas,2040,0.0
Libya,Libya,EnergyTechFuelComplete,Gas,2040,0.0
Libya,Libya,EnergyTechFuelComplete,Gas,2040,23021.427443509987
Libya,Libya,EnergyTechFuelComplete,Gas,2040,0.0
Libya,Libya,EnergyTechFuelComplete,Gas,2040,10424.4
Libya,Libya,EnergyTechFuelComplete,Gas,2040,0.0
Libya,Libya,EnergyTechFuelComplete,Gas,2040,0.0
Libya,Libya,EnergyTechFuelComplete,Gas,2040,0.0
Libya,Libya,EnergyTechFuelComplete,Gas,2040,0.0
Libya,Libya,EnergyTechFuelComplete,Gas,2040,0.0
Libya,Libya,EnergyTechFuelComplete,Coal,2040,0.0
Libya,Libya,EnergyTechFuelComplete,Coal,2040,0.0
Libya,Libya,EnergyTechFuelComplete,Coal,2040,0.0
Libya,Libya,EnergyTechFuelComplete,Coal,2040,0.0
Libya,Libya,EnergyTechFuelComplete,Geothermal,2040,0.0
Libya,Libya,EnergyTechFuelComplete,Geothermal,2040,0.0
Libya,Libya,EnergyTechFuelComplete,Diesel,2040,0.0
Libya,Libya,EnergyTechFuelComplete,Diesel,2040,0.0
Libya,Libya,EnergyTechFuelComplete,Diesel,2040,0.0
Libya,Libya,EnergyTechFuelComplete,Diesel,2040,0.0
Libya,Libya,EnergyTechFuelComplete,Diesel,2040,0.0
Libya,Libya,EnergyTechFuelComplete,Diesel,2040,0.0
Libya,Libya,EnergyTechFuelComplete,Diesel,2040,0.0
Libya,Libya,EnergyTechFuelComplete,Biomass,2040,0.0
Libya,Libya,EnergyTechFuelComplete,Biomass,2040,0.0
Libya,Libya,EnergyTechFuelComplete,Biomass,2040,0.0
Libya,Libya,EnergyTechFuelComplete,Reservoir,2040,0.0
Libya,Libya,EnergyTechFuelComplete,Reservoir,2040,0.0
Libya,Libya,EnergyTechFuelComplete,ROR,2040,0.0
Libya,Libya,EnergyTechFuelComplete,CSP,2040,0.0
Libya,Libya,EnergyTechFuelComplete,CSP,2040,0.0
Libya,Libya,EnergyTechFuelComplete,Offshore Wind,2040,0.0
Libya,Libya,EnergyTechFuelComplete,Onshore Wind,2040,0.0
Libya,Libya,EnergyTechFuelComplete,Onshore Wind,2040,13328.534481490004
Libya,Libya,EnergyTechFuelComplete,PV,2040,18663.062075000005
Libya,Libya,EnergyTechFuelComplete,PV,2040,0.0
Libya,Libya,EnergyTechFuelComplete,PV+Storage,2040,0.0
Libya,Libya,EnergyTechFuelComplete,Solar Thermal,2040,0.0
Libya,Libya,EnergyTechFuelComplete,Battery,2040,0.0
Libya,Libya,EnergyTechFuelComplete,PSH,2040,0.0
Libya,Libya,EnergyTechFuelComplete,PSH,2040,0.0
Libya,Libya,EnergyTechFuelComplete,Imports,2040,0.0
Libya,Libya,EnergyTechFuelComplete,Peat,2040,0.0
Libya,Libya,EnergyTechFuelComplete,Waste,2040,0.0
Libya,Libya,EnergyTechFuelComplete,Methane,2040,0.0
Libya,Libya,EnergyTechFuelComplete,Solar,2040,0.0
Libya,Libya,EnergyTechFuelComplete,Solar,2040,0.0
Libya,Libya,EnergyTechFuelComplete,Nuclear,2041,0.0
Libya,Libya,EnergyTechFuelComplete,Gas,2041,38719.2
Libya,Libya,EnergyTechFuelComplete,Gas,2041,0.0
Libya,Libya,EnergyTechFuelComplete,Gas,2041,0.0
Libya,Libya,EnergyTechFuelComplete,Gas,2041,0.0
Libya,Libya,EnergyTechFuelComplete,Gas,2041,0.0
Libya,Libya,EnergyTechFuelComplete,Gas,2041,31882.14615450699
Libya,Libya,EnergyTechFuelComplete,Gas,2041,0.0
Libya,Libya,EnergyTechFuelComplete,Gas,2041,10424.4
Libya,Libya,EnergyTechFuelComplete,Gas,2041,0.0
Libya,Libya,EnergyTechFuelComplete,Gas,2041,0.0
Libya,Libya,EnergyTechFuelComplete,Gas,2041,0.0
Libya,Libya,EnergyTechFuelComplete,Gas,2041,0.0
Libya,Libya,EnergyTechFuelComplete,Gas,2041,0.0
Libya,Libya,EnergyTechFuelComplete,Coal,2041,0.0
Libya,Libya,EnergyTechFuelComplete,Coal,2041,0.0
Libya,Libya,EnergyTechFuelComplete,Coal,2041,0.0
Libya,Libya,EnergyTechFuelComplete,Coal,2041,0.0
Libya,Libya,EnergyTechFuelComplete,Geothermal,2041,0.0
Libya,Libya,EnergyTechFuelComplete,Geothermal,2041,0.0
Libya,Libya,EnergyTechFuelComplete,Diesel,2041,0.0
Libya,Libya,EnergyTechFuelComplete,Diesel,2041,0.0
Libya,Libya,EnergyTechFuelComplete,Diesel,2041,0.0
Libya,Libya,EnergyTechFuelComplete,Diesel,2041,0.0
Libya,Libya,EnergyTechFuelComplete,Diesel,2041,0.0
Libya,Libya,EnergyTechFuelComplete,Diesel,2041,9.270990854018615
Libya,Libya,EnergyTechFuelComplete,Diesel,2041,0.0
Libya,Libya,EnergyTechFuelComplete,Biomass,2041,0.0
Libya,Libya,EnergyTechFuelComplete,Biomass,2041,0.0
Libya,Libya,EnergyTechFuelComplete,Biomass,2041,0.0
Libya,Libya,EnergyTechFuelComplete,Reservoir,2041,0.0
Libya,Libya,EnergyTechFuelComplete,Reservoir,2041,0.0
Libya,Libya,EnergyTechFuelComplete,ROR,2041,0.0
Libya,Libya,EnergyTechFuelComplete,CSP,2041,0.0
Libya,Libya,EnergyTechFuelComplete,CSP,2041,0.0
Libya,Libya,EnergyTechFuelComplete,Offshore Wind,2041,0.0
Libya,Libya,EnergyTechFuelComplete,Onshore Wind,2041,0.0
Libya,Libya,EnergyTechFuelComplete,Onshore Wind,2041,14661.387929638991
Libya,Libya,EnergyTechFuelComplete,PV,2041,20627.594925000005
Libya,Libya,EnergyTechFuelComplete,PV,2041,0.0
Libya,Libya,EnergyTechFuelComplete,PV+Storage,2041,0.0
Libya,Libya,EnergyTechFuelComplete,Solar Thermal,2041,0.0
Libya,Libya,EnergyTechFuelComplete,Battery,2041,0.0
Libya,Libya,EnergyTechFuelComplete,PSH,2041,0.0
Libya,Libya,EnergyTechFuelComplete,PSH,2041,0.0
Libya,Libya,EnergyTechFuelComplete,Imports,2041,0.0
Libya,Libya,EnergyTechFuelComplete,Peat,2041,0.0
Libya,Libya,EnergyTechFuelComplete,Waste,2041,0.0
Libya,Libya,EnergyTechFuelComplete,Methane,2041,0.0
Libya,Libya,EnergyTechFuelComplete,Solar,2041,0.0
Libya,Libya,EnergyTechFuelComplete,Solar,2041,0.0
Libya,Libya,EnergyTechFuelComplete,Nuclear,2042,0.0
Libya,Libya,EnergyTechFuelComplete,Gas,2042,41697.59999999999
Libya,Libya,EnergyTechFuelComplete,Gas,2042,0.0
Libya,Libya,EnergyTechFuelComplete,Gas,2042,0.0
Libya,Libya,EnergyTechFuelComplete,Gas,2042,0.0
Libya,Libya,EnergyTechFuelComplete,Gas,2042,0.0
Libya,Libya,EnergyTechFuelComplete,Gas,2042,27295.034222058486
Libya,Libya,EnergyTechFuelComplete,Gas,2042,0.0
Libya,Libya,EnergyTechFuelComplete,Gas,2042,10302.996625153508
Libya,Libya,EnergyTechFuelComplete,Gas,2042,0.0
Libya,Libya,EnergyTechFuelComplete,Gas,2042,0.0
Libya,Libya,EnergyTechFuelComplete,Gas,2042,0.0
Libya,Libya,EnergyTechFuelComplete,Gas,2042,0.0
Libya,Libya,EnergyTechFuelComplete,Gas,2042,0.0
Libya,Libya,EnergyTechFuelComplete,Coal,2042,0.0
Libya,Libya,EnergyTechFuelComplete,Coal,2042,0.0
Libya,Libya,EnergyTechFuelComplete,Coal,2042,0.0
Libya,Libya,EnergyTechFuelComplete,Coal,2042,0.0
Libya,Libya,EnergyTechFuelComplete,Geothermal,2042,0.0
Libya,Libya,EnergyTechFuelComplete,Geothermal,2042,0.0
Libya,Libya,EnergyTechFuelComplete,Diesel,2042,0.0
Libya,Libya,EnergyTechFuelComplete,Diesel,2042,0.0
Libya,Libya,EnergyTechFuelComplete,Diesel,2042,0.0
Libya,Libya,EnergyTechFuelComplete,Diesel,2042,0.0
Libya,Libya,EnergyTechFuelComplete,Diesel,2042,0.0
Libya,Libya,EnergyTechFuelComplete,Diesel,2042,0.0
Libya,Libya,EnergyTechFuelComplete,Diesel,2042,0.0
Libya,Libya,EnergyTechFuelComplete,Biomass,2042,0.0
Libya,Libya,EnergyTechFuelComplete,Biomass,2042,0.0
Libya,Libya,EnergyTechFuelComplete,Biomass,2042,0.0
Libya,Libya,EnergyTechFuelComplete,Reservoir,2042,0.0
Libya,Libya,EnergyTechFuelComplete,Reservoir,2042,0.0
Libya,Libya,EnergyTechFuelComplete,ROR,2042,0.0
Libya,Libya,EnergyTechFuelComplete,CSP,2042,0.0
Libya,Libya,EnergyTechFuelComplete,CSP,2042,0.0
Libya,Libya,EnergyTechFuelComplete,Offshore Wind,2042,0.0
Libya,Libya,EnergyTechFuelComplete,Onshore Wind,2042,0.0
Libya,Libya,EnergyTechFuelComplete,Onshore Wind,2042,15994.241377787996
Libya,Libya,EnergyTechFuelComplete,PV,2042,22592.127774999983
Libya,Libya,EnergyTechFuelComplete,PV,2042,0.0
Libya,Libya,EnergyTechFuelComplete,PV+Storage,2042,0.0
Libya,Libya,EnergyTechFuelComplete,Solar Thermal,2042,0.0
Libya,Libya,EnergyTechFuelComplete,Battery,2042,0.0
Libya,Libya,EnergyTechFuelComplete,PSH,2042,0.0
Libya,Libya,EnergyTechFuelComplete,PSH,2042,0.0
Libya,Libya,EnergyTechFuelComplete,Imports,2042,0.0
Libya,Libya,EnergyTechFuelComplete,Peat,2042,0.0
Libya,Libya,EnergyTechFuelComplete,Waste,2042,0.0
Libya,Libya,EnergyTechFuelComplete,Methane,2042,0.0
Libya,Libya,EnergyTechFuelComplete,Solar,2042,0.0
Libya,Libya,EnergyTechFuelComplete,Solar,2042,0.0
Libya,Libya,EnergyTechFuelComplete,Nuclear,2043,0.0
Libya,Libya,EnergyTechFuelComplete,Gas,2043,44654.94095294597
Libya,Libya,EnergyTechFuelComplete,Gas,2043,0.0
Libya,Libya,EnergyTechFuelComplete,Gas,2043,0.0
Libya,Libya,EnergyTechFuelComplete,Gas,2043,0.0
Libya,Libya,EnergyTechFuelComplete,Gas,2043,0.0
Libya,Libya,EnergyTechFuelComplete,Gas,2043,26605.95638455149
Libya,Libya,EnergyTechFuelComplete,Gas,2043,0.0
Libya,Libya,EnergyTechFuelComplete,Gas,2043,9913.347211565557
Libya,Libya,EnergyTechFuelComplete,Gas,2043,0.0
Libya,Libya,EnergyTechFuelComplete,Gas,2043,0.0
Libya,Libya,EnergyTechFuelComplete,Gas,2043,0.0
Libya,Libya,EnergyTechFuelComplete,Gas,2043,0.0
Libya,Libya,EnergyTechFuelComplete,Gas,2043,0.0
Libya,Libya,EnergyTechFuelComplete,Coal,2043,0.0
Libya,Libya,EnergyTechFuelComplete,Coal,2043,0.0
Libya,Libya,EnergyTechFuelComplete,Coal,2043,0.0
Libya,Libya,EnergyTechFuelComplete,Coal,2043,0.0
Libya,Libya,EnergyTechFuelComplete,Geothermal,2043,0.0
Libya,Libya,EnergyTechFuelComplete,Geothermal,2043,0.0
Libya,Libya,EnergyTechFuelComplete,Diesel,2043,0.0
Libya,Libya,EnergyTechFuelComplete,Diesel,2043,0.0
Libya,Libya,EnergyTechFuelComplete,Diesel,2043,0.0
Libya,Libya,EnergyTechFuelComplete,Diesel,2043,0.0
Libya,Libya,EnergyTechFuelComplete,Diesel,2043,0.0
Libya,Libya,EnergyTechFuelComplete,Diesel,2043,0.0
Libya,Libya,EnergyTechFuelComplete,Diesel,2043,0.0
Libya,Libya,EnergyTechFuelComplete,Biomass,2043,0.0
Libya,Libya,EnergyTechFuelComplete,Biomass,2043,0.0
Libya,Libya,EnergyTechFuelComplete,Biomass,2043,0.0
Libya,Libya,EnergyTechFuelComplete,Reservoir,2043,0.0
Libya,Libya,EnergyTechFuelComplete,Reservoir,2043,0.0
Libya,Libya,EnergyTechFuelComplete,ROR,2043,0.0
Libya,Libya,EnergyTechFuelComplete,CSP,2043,0.0
Libya,Libya,EnergyTechFuelComplete,CSP,2043,0.0
Libya,Libya,EnergyTechFuelComplete,Offshore Wind,2043,0.0
Libya,Libya,EnergyTechFuelComplete,Onshore Wind,2043,0.0
Libya,Libya,EnergyTechFuelComplete,Onshore Wind,2043,17327.094825937
Libya,Libya,EnergyTechFuelComplete,PV,2043,24556.66062500001
Libya,Libya,EnergyTechFuelComplete,PV,2043,0.0
Libya,Libya,EnergyTechFuelComplete,PV+Storage,2043,0.0
Libya,Libya,EnergyTechFuelComplete,Solar Thermal,2043,0.0
Libya,Libya,EnergyTechFuelComplete,Battery,2043,0.0
Libya,Libya,EnergyTechFuelComplete,PSH,2043,0.0
Libya,Libya,EnergyTechFuelComplete,PSH,2043,0.0
Libya,Libya,EnergyTechFuelComplete,Imports,2043,0.0
Libya,Libya,EnergyTechFuelComplete,Peat,2043,0.0
Libya,Libya,EnergyTechFuelComplete,Waste,2043,0.0
Libya,Libya,EnergyTechFuelComplete,Methane,2043,0.0
Libya,Libya,EnergyTechFuelComplete,Solar,2043,0.0
Libya,Libya,EnergyTechFuelComplete,Solar,2043,0.0
Libya,Libya,EnergyTechFuelComplete,Nuclear,2044,0.0
Libya,Libya,EnergyTechFuelComplete,Gas,2044,47083.57315162546
Libya,Libya,EnergyTechFuelComplete,Gas,2044,0.0
Libya,Libya,EnergyTechFuelComplete,Gas,2044,0.0
Libya,Libya,EnergyTechFuelComplete,Gas,2044,0.0
Libya,Libya,EnergyTechFuelComplete,Gas,2044,0.0
Libya,Libya,EnergyTechFuelComplete,Gas,2044,22684.07505139583
Libya,Libya,EnergyTechFuelComplete,Gas,2044,0.0
Libya,Libya,EnergyTechFuelComplete,Gas,2044,9003.110047892691
Libya,Libya,EnergyTechFuelComplete,Gas,2044,0.0
Libya,Libya,EnergyTechFuelComplete,Gas,2044,0.0
Libya,Libya,EnergyTechFuelComplete,Gas,2044,0.0
Libya,Libya,EnergyTechFuelComplete,Gas,2044,0.0
Libya,Libya,EnergyTechFuelComplete,Gas,2044,0.0
Libya,Libya,EnergyTechFuelComplete,Coal,2044,0.0
Libya,Libya,EnergyTechFuelComplete,Coal,2044,0.0
Libya,Libya,EnergyTechFuelComplete,Coal,2044,0.0
Libya,Libya,EnergyTechFuelComplete,Coal,2044,0.0
Libya,Libya,EnergyTechFuelComplete,Geothermal,2044,0.0
Libya,Libya,EnergyTechFuelComplete,Geothermal,2044,0.0
Libya,Libya,EnergyTechFuelComplete,Diesel,2044,0.0
Libya,Libya,EnergyTechFuelComplete,Diesel,2044,0.0
Libya,Libya,EnergyTechFuelComplete,Diesel,2044,0.0
Libya,Libya,EnergyTechFuelComplete,Diesel,2044,0.0
Libya,Libya,EnergyTechFuelComplete,Diesel,2044,0.0
Libya,Libya,EnergyTechFuelComplete,Diesel,2044,0.0
Libya,Libya,EnergyTechFuelComplete,Diesel,2044,0.0
Libya,Libya,EnergyTechFuelComplete,Biomass,2044,0.0
Libya,Libya,EnergyTechFuelComplete,Biomass,2044,0.0
Libya,Libya,EnergyTechFuelComplete,Biomass,2044,0.0
Libya,Libya,EnergyTechFuelComplete,Reservoir,2044,0.0
Libya,Libya,EnergyTechFuelComplete,Reservoir,2044,0.0
Libya,Libya,EnergyTechFuelComplete,ROR,2044,0.0
Libya,Libya,EnergyTechFuelComplete,CSP,2044,0.0
Libya,Libya,EnergyTechFuelComplete,CSP,2044,0.0
Libya,Libya,EnergyTechFuelComplete,Offshore Wind,2044,0.0
Libya,Libya,EnergyTechFuelComplete,Onshore Wind,2044,0.0
Libya,Libya,EnergyTechFuelComplete,Onshore Wind,2044,18659.948274086
Libya,Libya,EnergyTechFuelComplete,PV,2044,26521.19347500002
Libya,Libya,EnergyTechFuelComplete,PV,2044,0.0
Libya,Libya,EnergyTechFuelComplete,PV+Storage,2044,0.0
Libya,Libya,EnergyTechFuelComplete,Solar Thermal,2044,0.0
Libya,Libya,EnergyTechFuelComplete,Battery,2044,0.0
Libya,Libya,EnergyTechFuelComplete,PSH,2044,0.0
Libya,Libya,EnergyTechFuelComplete,PSH,2044,0.0
Libya,Libya,EnergyTechFuelComplete,Imports,2044,0.0
Libya,Libya,EnergyTechFuelComplete,Peat,2044,0.0
Libya,Libya,EnergyTechFuelComplete,Waste,2044,0.0
Libya,Libya,EnergyTechFuelComplete,Methane,2044,0.0
Libya,Libya,EnergyTechFuelComplete,Solar,2044,0.0
Libya,Libya,EnergyTechFuelComplete,Solar,2044,0.0
Libya,Libya,EnergyTechFuelComplete,Nuclear,2045,0.0
Libya,Libya,EnergyTechFuelComplete,Gas,2045,48806.40972883686
Libya,Libya,EnergyTechFuelComplete,Gas,2045,0.0
Libya,Libya,EnergyTechFuelComplete,Gas,2045,0.0
Libya,Libya,EnergyTechFuelComplete,Gas,2045,0.0
Libya,Libya,EnergyTechFuelComplete,Gas,2045,0.0
Libya,Libya,EnergyTechFuelComplete,Gas,2045,20334.37051133708
Libya,Libya,EnergyTechFuelComplete,Gas,2045,0.0
Libya,Libya,EnergyTechFuelComplete,Gas,2045,8781.691712591073
Libya,Libya,EnergyTechFuelComplete,Gas,2045,0.0
Libya,Libya,EnergyTechFuelComplete,Gas,2045,0.0
Libya,Libya,EnergyTechFuelComplete,Gas,2045,0.0
Libya,Libya,EnergyTechFuelComplete,Gas,2045,0.0
Libya,Libya,EnergyTechFuelComplete,Gas,2045,0.0
Libya,Libya,EnergyTechFuelComplete,Coal,2045,0.0
Libya,Libya,EnergyTechFuelComplete,Coal,2045,0.0
Libya,Libya,EnergyTechFuelComplete,Coal,2045,0.0
Libya,Libya,EnergyTechFuelComplete,Coal,2045,0.0
Libya,Libya,EnergyTechFuelComplete,Geothermal,2045,0.0
Libya,Libya,EnergyTechFuelComplete,Geothermal,2045,0.0
Libya,Libya,EnergyTechFuelComplete,Diesel,2045,0.0
Libya,Libya,EnergyTechFuelComplete,Diesel,2045,0.0
Libya,Libya,EnergyTechFuelComplete,Diesel,2045,0.0
Libya,Libya,EnergyTechFuelComplete,Diesel,2045,0.0
Libya,Libya,EnergyTechFuelComplete,Diesel,2045,0.0
Libya,Libya,EnergyTechFuelComplete,Diesel,2045,0.0
Libya,Libya,EnergyTechFuelComplete,Diesel,2045,0.0
Libya,Libya,EnergyTechFuelComplete,Biomass,2045,0.0
Libya,Libya,EnergyTechFuelComplete,Biomass,2045,0.0
Libya,Libya,EnergyTechFuelComplete,Biomass,2045,0.0
Libya,Libya,EnergyTechFuelComplete,Reservoir,2045,0.0
Libya,Libya,EnergyTechFuelComplete,Reservoir,2045,0.0
Libya,Libya,EnergyTechFuelComplete,ROR,2045,0.0
Libya,Libya,EnergyTechFuelComplete,CSP,2045,0.0
Libya,Libya,EnergyTechFuelComplete,CSP,2045,0.0
Libya,Libya,EnergyTechFuelComplete,Offshore Wind,2045,0.0
Libya,Libya,EnergyTechFuelComplete,Onshore Wind,2045,0.0
Libya,Libya,EnergyTechFuelComplete,Onshore Wind,2045,19992.80172223501
Libya,Libya,EnergyTechFuelComplete,PV,2045,28485.726325
Libya,Libya,EnergyTechFuelComplete,PV,2045,0.0
Libya,Libya,EnergyTechFuelComplete,PV+Storage,2045,0.0
Libya,Libya,EnergyTechFuelComplete,Solar Thermal,2045,0.0
Libya,Libya,EnergyTechFuelComplete,Battery,2045,0.0
Libya,Libya,EnergyTechFuelComplete,PSH,2045,0.0
Libya,Libya,EnergyTechFuelComplete,PSH,2045,0.0
Libya,Libya,EnergyTechFuelComplete,Imports,2045,0.0
Libya,Libya,EnergyTechFuelComplete,Peat,2045,0.0
Libya,Libya,EnergyTechFuelComplete,Waste,2045,0.0
Libya,Libya,EnergyTechFuelComplete,Methane,2045,0.0
Libya,Libya,EnergyTechFuelComplete,Solar,2045,0.0
Libya,Libya,EnergyTechFuelComplete,Solar,2045,0.0
Libya,Libya,EnergyTechFuelComplete,Nuclear,2046,0.0
Libya,Libya,EnergyTechFuelComplete,Gas,2046,49894.54269399859
Libya,Libya,EnergyTechFuelComplete,Gas,2046,0.0
Libya,Libya,EnergyTechFuelComplete,Gas,2046,0.0
Libya,Libya,EnergyTechFuelComplete,Gas,2046,0.0
Libya,Libya,EnergyTechFuelComplete,Gas,2046,0.0
Libya,Libya,EnergyTechFuelComplete,Gas,2046,15160.226697449463
Libya,Libya,EnergyTechFuelComplete,Gas,2046,0.0
Libya,Libya,EnergyTechFuelComplete,Gas,2046,8076.744689737901
Libya,Libya,EnergyTechFuelComplete,Gas,2046,0.0
Libya,Libya,EnergyTechFuelComplete,Gas,2046,0.0
Libya,Libya,EnergyTechFuelComplete,Gas,2046,0.0
Libya,Libya,EnergyTechFuelComplete,Gas,2046,0.0
Libya,Libya,EnergyTechFuelComplete,Gas,2046,0.0
Libya,Libya,EnergyTechFuelComplete,Coal,2046,0.0
Libya,Libya,EnergyTechFuelComplete,Coal,2046,0.0
Libya,Libya,EnergyTechFuelComplete,Coal,2046,0.0
Libya,Libya,EnergyTechFuelComplete,Coal,2046,0.0
Libya,Libya,EnergyTechFuelComplete,Geothermal,2046,0.0
Libya,Libya,EnergyTechFuelComplete,Geothermal,2046,0.0
Libya,Libya,EnergyTechFuelComplete,Diesel,2046,0.0
Libya,Libya,EnergyTechFuelComplete,Diesel,2046,0.0
Libya,Libya,EnergyTechFuelComplete,Diesel,2046,0.0
Libya,Libya,EnergyTechFuelComplete,Diesel,2046,0.0
Libya,Libya,EnergyTechFuelComplete,Diesel,2046,0.0
Libya,Libya,EnergyTechFuelComplete,Diesel,2046,0.0
Libya,Libya,EnergyTechFuelComplete,Diesel,2046,0.0
Libya,Libya,EnergyTechFuelComplete,Biomass,2046,0.0
Libya,Libya,EnergyTechFuelComplete,Biomass,2046,0.0
Libya,Libya,EnergyTechFuelComplete,Biomass,2046,0.0
Libya,Libya,EnergyTechFuelComplete,Reservoir,2046,0.0
Libya,Libya,EnergyTechFuelComplete,Reservoir,2046,0.0
Libya,Libya,EnergyTechFuelComplete,ROR,2046,0.0
Libya,Libya,EnergyTechFuelComplete,CSP,2046,0.0
Libya,Libya,EnergyTechFuelComplete,CSP,2046,0.0
Libya,Libya,EnergyTechFuelComplete,Offshore Wind,2046,0.0
Libya,Libya,EnergyTechFuelComplete,Onshore Wind,2046,0.0
Libya,Libya,EnergyTechFuelComplete,Onshore Wind,2046,21301.86025164021
Libya,Libya,EnergyTechFuelComplete,PV,2046,30450.25917500002
Libya,Libya,EnergyTechFuelComplete,PV,2046,0.0
Libya,Libya,EnergyTechFuelComplete,PV+Storage,2046,0.0
Libya,Libya,EnergyTechFuelComplete,Solar Thermal,2046,0.0
Libya,Libya,EnergyTechFuelComplete,Battery,2046,148.43860421028708
Libya,Libya,EnergyTechFuelComplete,PSH,2046,0.0
Libya,Libya,EnergyTechFuelComplete,PSH,2046,0.0
Libya,Libya,EnergyTechFuelComplete,Imports,2046,0.0
Libya,Libya,EnergyTechFuelComplete,Peat,2046,0.0
Libya,Libya,EnergyTechFuelComplete,Waste,2046,0.0
Libya,Libya,EnergyTechFuelComplete,Methane,2046,0.0
Libya,Libya,EnergyTechFuelComplete,Solar,2046,0.0
Libya,Libya,EnergyTechFuelComplete,Solar,2046,0.0
Libya,Libya,EnergyTechFuelComplete,Nuclear,2047,0.0
Libya,Libya,EnergyTechFuelComplete,Gas,2047,52306.12705693949
Libya,Libya,EnergyTechFuelComplete,Gas,2047,0.0
Libya,Libya,EnergyTechFuelComplete,Gas,2047,0.0
Libya,Libya,EnergyTechFuelComplete,Gas,2047,0.0
Libya,Libya,EnergyTechFuelComplete,Gas,2047,0.0
Libya,Libya,EnergyTechFuelComplete,Gas,2047,12087.20031345233
Libya,Libya,EnergyTechFuelComplete,Gas,2047,0.0
Libya,Libya,EnergyTechFuelComplete,Gas,2047,8011.975628583429
Libya,Libya,EnergyTechFuelComplete,Gas,2047,0.0
Libya,Libya,EnergyTechFuelComplete,Gas,2047,0.0
Libya,Libya,EnergyTechFuelComplete,Gas,2047,0.0
Libya,Libya,EnergyTechFuelComplete,Gas,2047,0.0
Libya,Libya,EnergyTechFuelComplete,Gas,2047,0.0
Libya,Libya,EnergyTechFuelComplete,Coal,2047,0.0
Libya,Libya,EnergyTechFuelComplete,Coal,2047,0.0
Libya,Libya,EnergyTechFuelComplete,Coal,2047,0.0
Libya,Libya,EnergyTechFuelComplete,Coal,2047,0.0
Libya,Libya,EnergyTechFuelComplete,Geothermal,2047,0.0
Libya,Libya,EnergyTechFuelComplete,Geothermal,2047,0.0
Libya,Libya,EnergyTechFuelComplete,Diesel,2047,0.0
Libya,Libya,EnergyTechFuelComplete,Diesel,2047,0.0
Libya,Libya,EnergyTechFuelComplete,Diesel,2047,0.0
Libya,Libya,EnergyTechFuelComplete,Diesel,2047,0.0
Libya,Libya,EnergyTechFuelComplete,Diesel,2047,0.0
Libya,Libya,EnergyTechFuelComplete,Diesel,2047,0.0
Libya,Libya,EnergyTechFuelComplete,Diesel,2047,0.0
Libya,Libya,EnergyTechFuelComplete,Biomass,2047,0.0
Libya,Libya,EnergyTechFuelComplete,Biomass,2047,0.0
Libya,Libya,EnergyTechFuelComplete,Biomass,2047,0.0
Libya,Libya,EnergyTechFuelComplete,Reservoir,2047,0.0
Libya,Libya,EnergyTechFuelComplete,Reservoir,2047,0.0
Libya,Libya,EnergyTechFuelComplete,ROR,2047,0.0
Libya,Libya,EnergyTechFuelComplete,CSP,2047,0.0
Libya,Libya,EnergyTechFuelComplete,CSP,2047,0.0
Libya,Libya,EnergyTechFuelComplete,Offshore Wind,2047,0.0
Libya,Libya,EnergyTechFuelComplete,Onshore Wind,2047,0.0
Libya,Libya,EnergyTechFuelComplete,Onshore Wind,2047,22646.92205668098
Libya,Libya,EnergyTechFuelComplete,PV,2047,32414.79202499997
Libya,Libya,EnergyTechFuelComplete,PV,2047,0.0
Libya,Libya,EnergyTechFuelComplete,PV+Storage,2047,0.0
Libya,Libya,EnergyTechFuelComplete,Solar Thermal,2047,0.0
Libya,Libya,EnergyTechFuelComplete,Battery,2047,1507.4301237183736
Libya,Libya,EnergyTechFuelComplete,PSH,2047,0.0
Libya,Libya,EnergyTechFuelComplete,PSH,2047,0.0
Libya,Libya,EnergyTechFuelComplete,Imports,2047,0.0
Libya,Libya,EnergyTechFuelComplete,Peat,2047,0.0
Libya,Libya,EnergyTechFuelComplete,Waste,2047,0.0
Libya,Libya,EnergyTechFuelComplete,Methane,2047,0.0
Libya,Libya,EnergyTechFuelComplete,Solar,2047,0.0
Libya,Libya,EnergyTechFuelComplete,Solar,2047,0.0
Libya,Libya,EnergyTechFuelComplete,Nuclear,2048,0.0
Libya,Libya,EnergyTechFuelComplete,Gas,2048,52825.792461509685
Libya,Libya,EnergyTechFuelComplete,Gas,2048,0.0
Libya,Libya,EnergyTechFuelComplete,Gas,2048,0.0
Libya,Libya,EnergyTechFuelComplete,Gas,2048,0.0
Libya,Libya,EnergyTechFuelComplete,Gas,2048,0.0
Libya,Libya,EnergyTechFuelComplete,Gas,2048,7321.745292346363
Libya,Libya,EnergyTechFuelComplete,Gas,2048,0.0
Libya,Libya,EnergyTechFuelComplete,Gas,2048,7664.52901748786
Libya,Libya,EnergyTechFuelComplete,Gas,2048,0.0
Libya,Libya,EnergyTechFuelComplete,Gas,2048,0.0
Libya,Libya,EnergyTechFuelComplete,Gas,2048,0.0
Libya,Libya,EnergyTechFuelComplete,Gas,2048,0.0
Libya,Libya,EnergyTechFuelComplete,Gas,2048,0.0
Libya,Libya,EnergyTechFuelComplete,Coal,2048,0.0
Libya,Libya,EnergyTechFuelComplete,Coal,2048,0.0
Libya,Libya,EnergyTechFuelComplete,Coal,2048,0.0
Libya,Libya,EnergyTechFuelComplete,Coal,2048,0.0
Libya,Libya,EnergyTechFuelComplete,Geothermal,2048,0.0
Libya,Libya,EnergyTechFuelComplete,Geothermal,2048,0.0
Libya,Libya,EnergyTechFuelComplete,Diesel,2048,0.0
Libya,Libya,EnergyTechFuelComplete,Diesel,2048,0.0
Libya,Libya,EnergyTechFuelComplete,Diesel,2048,0.0
Libya,Libya,EnergyTechFuelComplete,Diesel,2048,0.0
Libya,Libya,EnergyTechFuelComplete,Diesel,2048,0.0
Libya,Libya,EnergyTechFuelComplete,Diesel,2048,0.0
Libya,Libya,EnergyTechFuelComplete,Diesel,2048,0.0
Libya,Libya,EnergyTechFuelComplete,Biomass,2048,0.0
Libya,Libya,EnergyTechFuelComplete,Biomass,2048,0.0
Libya,Libya,EnergyTechFuelComplete,Biomass,2048,0.0
Libya,Libya,EnergyTechFuelComplete,Reservoir,2048,0.0
Libya,Libya,EnergyTechFuelComplete,Reservoir,2048,0.0
Libya,Libya,EnergyTechFuelComplete,ROR,2048,0.0
Libya,Libya,EnergyTechFuelComplete,CSP,2048,0.0
Libya,Libya,EnergyTechFuelComplete,CSP,2048,0.0
Libya,Libya,EnergyTechFuelComplete,Offshore Wind,2048,0.0
Libya,Libya,EnergyTechFuelComplete,Onshore Wind,2048,0.0
Libya,Libya,EnergyTechFuelComplete,Onshore Wind,2048,23899.76216463061
Libya,Libya,EnergyTechFuelComplete,PV,2048,34379.32487500001
Libya,Libya,EnergyTechFuelComplete,PV,2048,0.0
Libya,Libya,EnergyTechFuelComplete,PV+Storage,2048,0.0
Libya,Libya,EnergyTechFuelComplete,Solar Thermal,2048,0.0
Libya,Libya,EnergyTechFuelComplete,Battery,2048,1939.4382621889008
Libya,Libya,EnergyTechFuelComplete,PSH,2048,0.0
Libya,Libya,EnergyTechFuelComplete,PSH,2048,0.0
Libya,Libya,EnergyTechFuelComplete,Imports,2048,0.0
Libya,Libya,EnergyTechFuelComplete,Peat,2048,0.0
Libya,Libya,EnergyTechFuelComplete,Waste,2048,0.0
Libya,Libya,EnergyTechFuelComplete,Methane,2048,0.0
Libya,Libya,EnergyTechFuelComplete,Solar,2048,0.0
Libya,Libya,EnergyTechFuelComplete,Solar,2048,0.0
Libya,Libya,EnergyTechFuelComplete,Nuclear,2049,0.0
Libya,Libya,EnergyTechFuelComplete,Gas,2049,54021.08452842196
Libya,Libya,EnergyTechFuelComplete,Gas,2049,0.0
Libya,Libya,EnergyTechFuelComplete,Gas,2049,0.0
Libya,Libya,EnergyTechFuelComplete,Gas,2049,0.0
Libya,Libya,EnergyTechFuelComplete,Gas,2049,0.0
Libya,Libya,EnergyTechFuelComplete,Gas,2049,6027.529905059896
Libya,Libya,EnergyTechFuelComplete,Gas,2049,0.0
Libya,Libya,EnergyTechFuelComplete,Gas,2049,7091.103249789563
Libya,Libya,EnergyTechFuelComplete,Gas,2049,0.0
Libya,Libya,EnergyTechFuelComplete,Gas,2049,0.0
Libya,Libya,EnergyTechFuelComplete,Gas,2049,0.0
Libya,Libya,EnergyTechFuelComplete,Gas,2049,0.0
Libya,Libya,EnergyTechFuelComplete,Gas,2049,0.0
Libya,Libya,EnergyTechFuelComplete,Coal,2049,0.0
Libya,Libya,EnergyTechFuelComplete,Coal,2049,0.0
Libya,Libya,EnergyTechFuelComplete,Coal,2049,0.0
Libya,Libya,EnergyTechFuelComplete,Coal,2049,0.0
Libya,Libya,EnergyTechFuelComplete,Geothermal,2049,0.0
Libya,Libya,EnergyTechFuelComplete,Geothermal,2049,0.0
Libya,Libya,EnergyTechFuelComplete,Diesel,2049,0.0
Libya,Libya,EnergyTechFuelComplete,Diesel,2049,0.0
Libya,Libya,EnergyTechFuelComplete,Diesel,2049,0.0
Libya,Libya,EnergyTechFuelComplete,Diesel,2049,0.0
Libya,Libya,EnergyTechFuelComplete,Diesel,2049,0.0
Libya,Libya,EnergyTechFuelComplete,Diesel,2049,0.0
Libya,Libya,EnergyTechFuelComplete,Diesel,2049,0.0
Libya,Libya,EnergyTechFuelComplete,Biomass,2049,0.0
Libya,Libya,EnergyTechFuelComplete,Biomass,2049,0.0
Libya,Libya,EnergyTechFuelComplete,Biomass,2049,0.0
Libya,Libya,EnergyTechFuelComplete,Reservoir,2049,0.0
Libya,Libya,EnergyTechFuelComplete,Reservoir,2049,0.0
Libya,Libya,EnergyTechFuelComplete,ROR,2049,0.0
Libya,Libya,EnergyTechFuelComplete,CSP,2049,0.0
Libya,Libya,EnergyTechFuelComplete,CSP,2049,0.0
Libya,Libya,EnergyTechFuelComplete,Offshore Wind,2049,0.0
Libya,Libya,EnergyTechFuelComplete,Onshore Wind,2049,0.0
Libya,Libya,EnergyTechFuelComplete,Onshore Wind,2049,24862.28211394942
Libya,Libya,EnergyTechFuelComplete,PV,2049,36343.857724999965
Libya,Libya,EnergyTechFuelComplete,PV,2049,0.0
Libya,Libya,EnergyTechFuelComplete,PV+Storage,2049,0.0
Libya,Libya,EnergyTechFuelComplete,Solar Thermal,2049,0.0
Libya,Libya,EnergyTechFuelComplete,Battery,2049,1948.525959251962
Libya,Libya,EnergyTechFuelComplete,PSH,2049,0.0
Libya,Libya,EnergyTechFuelComplete,PSH,2049,0.0
Libya,Libya,EnergyTechFuelComplete,Imports,2049,0.0
Libya,Libya,EnergyTechFuelComplete,Peat,2049,0.0
Libya,Libya,EnergyTechFuelComplete,Waste,2049,0.0
Libya,Libya,EnergyTechFuelComplete,Methane,2049,0.0
Libya,Libya,EnergyTechFuelComplete,Solar,2049,0.0
Libya,Libya,EnergyTechFuelComplete,Solar,2049,0.0
Libya,Libya,EnergyTechFuelComplete,Nuclear,2050,0.0
Libya,Libya,EnergyTechFuelComplete,Gas,2050,54770.772268025794
Libya,Libya,EnergyTechFuelComplete,Gas,2050,0.0
Libya,Libya,EnergyTechFuelComplete,Gas,2050,0.0
Libya,Libya,EnergyTechFuelComplete,Gas,2050,0.0
Libya,Libya,EnergyTechFuelComplete,Gas,2050,0.0
Libya,Libya,EnergyTechFuelComplete,Gas,2050,3366.209319701333
Libya,Libya,EnergyTechFuelComplete,Gas,2050,0.0
Libya,Libya,EnergyTechFuelComplete,Gas,2050,4886.38308757829
Libya,Libya,EnergyTechFuelComplete,Gas,2050,0.0
Libya,Libya,EnergyTechFuelComplete,Gas,2050,0.0
Libya,Libya,EnergyTechFuelComplete,Gas,2050,0.0
Libya,Libya,EnergyTechFuelComplete,Gas,2050,0.0
Libya,Libya,EnergyTechFuelComplete,Gas,2050,0.0
Libya,Libya,EnergyTechFuelComplete,Coal,2050,0.0
Libya,Libya,EnergyTechFuelComplete,Coal,2050,0.0
Libya,Libya,EnergyTechFuelComplete,Coal,2050,0.0
Libya,Libya,EnergyTechFuelComplete,Coal,2050,0.0
Libya,Libya,EnergyTechFuelComplete,Geothermal,2050,0.0
Libya,Libya,EnergyTechFuelComplete,Geothermal,2050,0.0
Libya,Libya,EnergyTechFuelComplete,Diesel,2050,0.0
Libya,Libya,EnergyTechFuelComplete,Diesel,2050,0.0
Libya,Libya,EnergyTechFuelComplete,Diesel,2050,0.0
Libya,Libya,EnergyTechFuelComplete,Diesel,2050,0.0
Libya,Libya,EnergyTechFuelComplete,Diesel,2050,0.0
Libya,Libya,EnergyTechFuelComplete,Diesel,2050,0.0
Libya,Libya,EnergyTechFuelComplete,Diesel,2050,0.0
Libya,Libya,EnergyTechFuelComplete,Biomass,2050,0.0
Libya,Libya,EnergyTechFuelComplete,Biomass,2050,0.0
Libya,Libya,EnergyTechFuelComplete,Biomass,2050,0.0
Libya,Libya,EnergyTechFuelComplete,Reservoir,2050,0.0
Libya,Libya,EnergyTechFuelComplete,Reservoir,2050,0.0
Libya,Libya,EnergyTechFuelComplete,ROR,2050,0.0
Libya,Libya,EnergyTechFuelComplete,CSP,2050,0.0
Libya,Libya,EnergyTechFuelComplete,CSP,2050,0.0
Libya,Libya,EnergyTechFuelComplete,Offshore Wind,2050,0.0
Libya,Libya,EnergyTechFuelComplete,Onshore Wind,2050,0.0
Libya,Libya,EnergyTechFuelComplete,Onshore Wind,2050,25835.42912305125
Libya,Libya,EnergyTechFuelComplete,PV,2050,38308.39057499999
Libya,Libya,EnergyTechFuelComplete,PV,2050,0.0
Libya,Libya,EnergyTechFuelComplete,PV+Storage,2050,0.0
Libya,Libya,EnergyTechFuelComplete,Solar Thermal,2050,0.0
Libya,Libya,EnergyTechFuelComplete,Battery,2050,2452.177463515349
Libya,Libya,EnergyTechFuelComplete,PSH,2050,0.0
Libya,Libya,EnergyTechFuelComplete,PSH,2050,0.0
Libya,Libya,EnergyTechFuelComplete,Imports,2050,0.0
Libya,Libya,EnergyTechFuelComplete,Peat,2050,0.0
Libya,Libya,EnergyTechFuelComplete,Waste,2050,0.0
Libya,Libya,EnergyTechFuelComplete,Methane,2050,0.0
Libya,Libya,EnergyTechFuelComplete,Solar,2050,0.0
Libya,Libya,EnergyTechFuelComplete,Solar,2050,0.0
Libya,Libya,NewCapacityTechFuel,Nuclear,2028,0.0
Libya,Libya,NewCapacityTechFuel,Gas,2028,0.0
Libya,Libya,NewCapacityTechFuel,Gas,2028,0.0
Libya,Libya,NewCapacityTechFuel,Gas,2028,0.0
Libya,Libya,NewCapacityTechFuel,Gas,2028,0.0
Libya,Libya,NewCapacityTechFuel,Gas,2028,0.0
Libya,Libya,NewCapacityTechFuel,Gas,2028,1320.0
Libya,Libya,NewCapacityTechFuel,Gas,2028,0.0
Libya,Libya,NewCapacityTechFuel,Gas,2028,0.0
Libya,Libya,NewCapacityTechFuel,Gas,2028,0.0
Libya,Libya,NewCapacityTechFuel,Gas,2028,0.0
Libya,Libya,NewCapacityTechFuel,Gas,2028,0.0
Libya,Libya,NewCapacityTechFuel,Gas,2028,0.0
Libya,Libya,NewCapacityTechFuel,Gas,2028,0.0
Libya,Libya,NewCapacityTechFuel,Coal,2028,0.0
Libya,Libya,NewCapacityTechFuel,Coal,2028,0.0
Libya,Libya,NewCapacityTechFuel,Coal,2028,0.0
Libya,Libya,NewCapacityTechFuel,Coal,2028,0.0
Libya,Libya,NewCapacityTechFuel,Geothermal,2028,0.0
Libya,Libya,NewCapacityTechFuel,Geothermal,2028,0.0
Libya,Libya,NewCapacityTechFuel,Diesel,2028,0.0
Libya,Libya,NewCapacityTechFuel,Diesel,2028,0.0
Libya,Libya,NewCapacityTechFuel,Diesel,2028,0.0
Libya,Libya,NewCapacityTechFuel,Diesel,2028,0.0
Libya,Libya,NewCapacityTechFuel,Diesel,2028,0.0
Libya,Libya,NewCapacityTechFuel,Diesel,2028,0.0
Libya,Libya,NewCapacityTechFuel,Diesel,2028,0.0
Libya,Libya,NewCapacityTechFuel,Biomass,2028,0.0
Libya,Libya,NewCapacityTechFuel,Biomass,2028,0.0
Libya,Libya,NewCapacityTechFuel,Biomass,2028,0.0
Libya,Libya,NewCapacityTechFuel,Reservoir,2028,0.0
Libya,Libya,NewCapacityTechFuel,Reservoir,2028,0.0
Libya,Libya,NewCapacityTechFuel,ROR,2028,0.0
Libya,Libya,NewCapacityTechFuel,CSP,2028,0.0
Libya,Libya,NewCapacityTechFuel,CSP,2028,0.0
Libya,Libya,NewCapacityTechFuel,Offshore Wind,2028,0.0
Libya,Libya,NewCapacityTechFuel,Onshore Wind,2028,0.0
Libya,Libya,NewCapacityTechFuel,Onshore Wind,2028,0.0
Libya,Libya,NewCapacityTechFuel,PV,2028,500.0
Libya,Libya,NewCapacityTechFuel,PV,2028,0.0
Libya,Libya,NewCapacityTechFuel,PV+Storage,2028,0.0
Libya,Libya,NewCapacityTechFuel,Solar Thermal,2028,0.0
Libya,Libya,NewCapacityTechFuel,Battery,2028,0.0
Libya,Libya,NewCapacityTechFuel,PSH,2028,0.0
Libya,Libya,NewCapacityTechFuel,PSH,2028,0.0
Libya,Libya,NewCapacityTechFuel,Imports,2028,0.0
Libya,Libya,NewCapacityTechFuel,Peat,2028,0.0
Libya,Libya,NewCapacityTechFuel,Waste,2028,0.0
Libya,Libya,NewCapacityTechFuel,Methane,2028,0.0
Libya,Libya,NewCapacityTechFuel,Solar,2028,0.0
Libya,Libya,NewCapacityTechFuel,Solar,2028,0.0
Libya,Libya,NewCapacityTechFuel,Nuclear,2029,0.0
Libya,Libya,NewCapacityTechFuel,Gas,2029,400.0
Libya,Libya,NewCapacityTechFuel,Gas,2029,0.0
Libya,Libya,NewCapacityTechFuel,Gas,2029,0.0
Libya,Libya,NewCapacityTechFuel,Gas,2029,0.0
Libya,Libya,NewCapacityTechFuel,Gas,2029,0.0
Libya,Libya,NewCapacityTechFuel,Gas,2029,0.0
Libya,Libya,NewCapacityTechFuel,Gas,2029,0.0
Libya,Libya,NewCapacityTechFuel,Gas,2029,0.0
Libya,Libya,NewCapacityTechFuel,Gas,2029,0.0
Libya,Libya,NewCapacityTechFuel,Gas,2029,0.0
Libya,Libya,NewCapacityTechFuel,Gas,2029,0.0
Libya,Libya,NewCapacityTechFuel,Gas,2029,0.0
Libya,Libya,NewCapacityTechFuel,Gas,2029,0.0
Libya,Libya,NewCapacityTechFuel,Coal,2029,0.0
Libya,Libya,NewCapacityTechFuel,Coal,2029,0.0
Libya,Libya,NewCapacityTechFuel,Coal,2029,0.0
Libya,Libya,NewCapacityTechFuel,Coal,2029,0.0
Libya,Libya,NewCapacityTechFuel,Geothermal,2029,0.0
Libya,Libya,NewCapacityTechFuel,Geothermal,2029,0.0
Libya,Libya,NewCapacityTechFuel,Diesel,2029,0.0
Libya,Libya,NewCapacityTechFuel,Diesel,2029,0.0
Libya,Libya,NewCapacityTechFuel,Diesel,2029,0.0
Libya,Libya,NewCapacityTechFuel,Diesel,2029,0.0
Libya,Libya,NewCapacityTechFuel,Diesel,2029,0.0
Libya,Libya,NewCapacityTechFuel,Diesel,2029,0.0
Libya,Libya,NewCapacityTechFuel,Diesel,2029,0.0
Libya,Libya,NewCapacityTechFuel,Biomass,2029,0.0
Libya,Libya,NewCapacityTechFuel,Biomass,2029,0.0
Libya,Libya,NewCapacityTechFuel,Biomass,2029,0.0
Libya,Libya,NewCapacityTechFuel,Reservoir,2029,0.0
Libya,Libya,NewCapacityTechFuel,Reservoir,2029,0.0
Libya,Libya,NewCapacityTechFuel,ROR,2029,0.0
Libya,Libya,NewCapacityTechFuel,CSP,2029,0.0
Libya,Libya,NewCapacityTechFuel,CSP,2029,0.0
Libya,Libya,NewCapacityTechFuel,Offshore Wind,2029,0.0
Libya,Libya,NewCapacityTechFuel,Onshore Wind,2029,0.0
Libya,Libya,NewCapacityTechFuel,Onshore Wind,2029,0.0
Libya,Libya,NewCapacityTechFuel,PV,2029,500.0
Libya,Libya,NewCapacityTechFuel,PV,2029,0.0
Libya,Libya,NewCapacityTechFuel,PV+Storage,2029,0.0
Libya,Libya,NewCapacityTechFuel,Solar Thermal,2029,0.0
Libya,Libya,NewCapacityTechFuel,Battery,2029,0.0
Libya,Libya,NewCapacityTechFuel,PSH,2029,0.0
Libya,Libya,NewCapacityTechFuel,PSH,2029,0.0
Libya,Libya,NewCapacityTechFuel,Imports,2029,0.0
Libya,Libya,NewCapacityTechFuel,Peat,2029,0.0
Libya,Libya,NewCapacityTechFuel,Waste,2029,0.0
Libya,Libya,NewCapacityTechFuel,Methane,2029,0.0
Libya,Libya,NewCapacityTechFuel,Solar,2029,0.0
Libya,Libya,NewCapacityTechFuel,Solar,2029,0.0
Libya,Libya,NewCapacityTechFuel,Nuclear,2030,0.0
Libya,Libya,NewCapacityTechFuel,Gas,2030,400.0
Libya,Libya,NewCapacityTechFuel,Gas,2030,0.0
Libya,Libya,NewCapacityTechFuel,Gas,2030,0.0
Libya,Libya,NewCapacityTechFuel,Gas,2030,0.0
Libya,Libya,NewCapacityTechFuel,Gas,2030,0.0
Libya,Libya,NewCapacityTechFuel,Gas,2030,0.0
Libya,Libya,NewCapacityTechFuel,Gas,2030,0.0
Libya,Libya,NewCapacityTechFuel,Gas,2030,0.0
Libya,Libya,NewCapacityTechFuel,Gas,2030,0.0
Libya,Libya,NewCapacityTechFuel,Gas,2030,0.0
Libya,Libya,NewCapacityTechFuel,Gas,2030,0.0
Libya,Libya,NewCapacityTechFuel,Gas,2030,0.0
Libya,Libya,NewCapacityTechFuel,Gas,2030,0.0
Libya,Libya,NewCapacityTechFuel,Coal,2030,0.0
Libya,Libya,NewCapacityTechFuel,Coal,2030,0.0
Libya,Libya,NewCapacityTechFuel,Coal,2030,0.0
Libya,Libya,NewCapacityTechFuel,Coal,2030,0.0
Libya,Libya,NewCapacityTechFuel,Geothermal,2030,0.0
Libya,Libya,NewCapacityTechFuel,Geothermal,2030,0.0
Libya,Libya,NewCapacityTechFuel,Diesel,2030,0.0
Libya,Libya,NewCapacityTechFuel,Diesel,2030,0.0
Libya,Libya,NewCapacityTechFuel,Diesel,2030,0.0
Libya,Libya,NewCapacityTechFuel,Diesel,2030,0.0
Libya,Libya,NewCapacityTechFuel,Diesel,2030,0.0
Libya,Libya,NewCapacityTechFuel,Diesel,2030,0.0
Libya,Libya,NewCapacityTechFuel,Diesel,2030,0.0
Libya,Libya,NewCapacityTechFuel,Biomass,2030,0.0
Libya,Libya,NewCapacityTechFuel,Biomass,2030,0.0
Libya,Libya,NewCapacityTechFuel,Biomass,2030,0.0
Libya,Libya,NewCapacityTechFuel,Reservoir,2030,0.0
Libya,Libya,NewCapacityTechFuel,Reservoir,2030,0.0
Libya,Libya,NewCapacityTechFuel,ROR,2030,0.0
Libya,Libya,NewCapacityTechFuel,CSP,2030,0.0
Libya,Libya,NewCapacityTechFuel,CSP,2030,0.0
Libya,Libya,NewCapacityTechFuel,Offshore Wind,2030,0.0
Libya,Libya,NewCapacityTechFuel,Onshore Wind,2030,0.0
Libya,Libya,NewCapacityTechFuel,Onshore Wind,2030,0.0
Libya,Libya,NewCapacityTechFuel,PV,2030,500.0
Libya,Libya,NewCapacityTechFuel,PV,2030,0.0
Libya,Libya,NewCapacityTechFuel,PV+Storage,2030,0.0
Libya,Libya,NewCapacityTechFuel,Solar Thermal,2030,0.0
Libya,Libya,NewCapacityTechFuel,Battery,2030,0.0
Libya,Libya,NewCapacityTechFuel,PSH,2030,0.0
Libya,Libya,NewCapacityTechFuel,PSH,2030,0.0
Libya,Libya,NewCapacityTechFuel,Imports,2030,0.0
Libya,Libya,NewCapacityTechFuel,Peat,2030,0.0
Libya,Libya,NewCapacityTechFuel,Waste,2030,0.0
Libya,Libya,NewCapacityTechFuel,Methane,2030,0.0
Libya,Libya,NewCapacityTechFuel,Solar,2030,0.0
Libya,Libya,NewCapacityTechFuel,Solar,2030,0.0
Libya,Libya,NewCapacityTechFuel,Nuclear,2031,0.0
Libya,Libya,NewCapacityTechFuel,Gas,2031,400.0
Libya,Libya,NewCapacityTechFuel,Gas,2031,0.0
Libya,Libya,NewCapacityTechFuel,Gas,2031,0.0
Libya,Libya,NewCapacityTechFuel,Gas,2031,0.0
Libya,Libya,NewCapacityTechFuel,Gas,2031,0.0
Libya,Libya,NewCapacityTechFuel,Gas,2031,0.0
Libya,Libya,NewCapacityTechFuel,Gas,2031,0.0
Libya,Libya,NewCapacityTechFuel,Gas,2031,0.0
Libya,Libya,NewCapacityTechFuel,Gas,2031,0.0
Libya,Libya,NewCapacityTechFuel,Gas,2031,0.0
Libya,Libya,NewCapacityTechFuel,Gas,2031,0.0
Libya,Libya,NewCapacityTechFuel,Gas,2031,0.0
Libya,Libya,NewCapacityTechFuel,Gas,2031,0.0
Libya,Libya,NewCapacityTechFuel,Coal,2031,0.0
Libya,Libya,NewCapacityTechFuel,Coal,2031,0.0
Libya,Libya,NewCapacityTechFuel,Coal,2031,0.0
Libya,Libya,NewCapacityTechFuel,Coal,2031,0.0
Libya,Libya,NewCapacityTechFuel,Geothermal,2031,0.0
Libya,Libya,NewCapacityTechFuel,Geothermal,2031,0.0
Libya,Libya,NewCapacityTechFuel,Diesel,2031,0.0
Libya,Libya,NewCapacityTechFuel,Diesel,2031,0.0
Libya,Libya,NewCapacityTechFuel,Diesel,2031,0.0
Libya,Libya,NewCapacityTechFuel,Diesel,2031,0.0
Libya,Libya,NewCapacityTechFuel,Diesel,2031,0.0
Libya,Libya,NewCapacityTechFuel,Diesel,2031,0.0
Libya,Libya,NewCapacityTechFuel,Diesel,2031,0.0
Libya,Libya,NewCapacityTechFuel,Biomass,2031,0.0
Libya,Libya,NewCapacityTechFuel,Biomass,2031,0.0
Libya,Libya,NewCapacityTechFuel,Biomass,2031,0.0
Libya,Libya,NewCapacityTechFuel,Reservoir,2031,0.0
Libya,Libya,NewCapacityTechFuel,Reservoir,2031,0.0
Libya,Libya,NewCapacityTechFuel,ROR,2031,0.0
Libya,Libya,NewCapacityTechFuel,CSP,2031,0.0
Libya,Libya,NewCapacityTechFuel,CSP,2031,0.0
Libya,Libya,NewCapacityTechFuel,Offshore Wind,2031,0.0
Libya,Libya,NewCapacityTechFuel,Onshore Wind,2031,0.0
Libya,Libya,NewCapacityTechFuel,Onshore Wind,2031,500.0
Libya,Libya,NewCapacityTechFuel,PV,2031,500.0
Libya,Libya,NewCapacityTechFuel,PV,2031,0.0
Libya,Libya,NewCapacityTechFuel,PV+Storage,2031,0.0
Libya,Libya,NewCapacityTechFuel,Solar Thermal,2031,0.0
Libya,Libya,NewCapacityTechFuel,Battery,2031,0.0
Libya,Libya,NewCapacityTechFuel,PSH,2031,0.0
Libya,Libya,NewCapacityTechFuel,PSH,2031,0.0
Libya,Libya,NewCapacityTechFuel,Imports,2031,0.0
Libya,Libya,NewCapacityTechFuel,Peat,2031,0.0
Libya,Libya,NewCapacityTechFuel,Waste,2031,0.0
Libya,Libya,NewCapacityTechFuel,Methane,2031,0.0
Libya,Libya,NewCapacityTechFuel,Solar,2031,0.0
Libya,Libya,NewCapacityTechFuel,Solar,2031,0.0
Libya,Libya,NewCapacityTechFuel,Nuclear,2032,0.0
Libya,Libya,NewCapacityTechFuel,Gas,2032,400.0
Libya,Libya,NewCapacityTechFuel,Gas,2032,0.0
Libya,Libya,NewCapacityTechFuel,Gas,2032,0.0
Libya,Libya,NewCapacityTechFuel,Gas,2032,0.0
Libya,Libya,NewCapacityTechFuel,Gas,2032,0.0
Libya,Libya,NewCapacityTechFuel,Gas,2032,400.0
Libya,Libya,NewCapacityTechFuel,Gas,2032,0.0
Libya,Libya,NewCapacityTechFuel,Gas,2032,0.0
Libya,Libya,NewCapacityTechFuel,Gas,2032,0.0
Libya,Libya,NewCapacityTechFuel,Gas,2032,0.0
Libya,Libya,NewCapacityTechFuel,Gas,2032,0.0
Libya,Libya,NewCapacityTechFuel,Gas,2032,0.0
Libya,Libya,NewCapacityTechFuel,Gas,2032,0.0
Libya,Libya,NewCapacityTechFuel,Coal,2032,0.0
Libya,Libya,NewCapacityTechFuel,Coal,2032,0.0
Libya,Libya,NewCapacityTechFuel,Coal,2032,0.0
Libya,Libya,NewCapacityTechFuel,Coal,2032,0.0
Libya,Libya,NewCapacityTechFuel,Geothermal,2032,0.0
Libya,Libya,NewCapacityTechFuel,Geothermal,2032,0.0
Libya,Libya,NewCapacityTechFuel,Diesel,2032,0.0
Libya,Libya,NewCapacityTechFuel,Diesel,2032,0.0
Libya,Libya,NewCapacityTechFuel,Diesel,2032,0.0
Libya,Libya,NewCapacityTechFuel,Diesel,2032,0.0
Libya,Libya,NewCapacityTechFuel,Diesel,2032,0.0
Libya,Libya,NewCapacityTechFuel,Diesel,2032,0.0
Libya,Libya,NewCapacityTechFuel,Diesel,2032,0.0
Libya,Libya,NewCapacityTechFuel,Biomass,2032,0.0
Libya,Libya,NewCapacityTechFuel,Biomass,2032,0.0
Libya,Libya,NewCapacityTechFuel,Biomass,2032,0.0
Libya,Libya,NewCapacityTechFuel,Reservoir,2032,0.0
Libya,Libya,NewCapacityTechFuel,Reservoir,2032,0.0
Libya,Libya,NewCapacityTechFuel,ROR,2032,0.0
Libya,Libya,NewCapacityTechFuel,CSP,2032,0.0
Libya,Libya,NewCapacityTechFuel,CSP,2032,0.0
Libya,Libya,NewCapacityTechFuel,Offshore Wind,2032,0.0
Libya,Libya,NewCapacityTechFuel,Onshore Wind,2032,0.0
Libya,Libya,NewCapacityTechFuel,Onshore Wind,2032,500.0
Libya,Libya,NewCapacityTechFuel,PV,2032,500.0
Libya,Libya,NewCapacityTechFuel,PV,2032,0.0
Libya,Libya,NewCapacityTechFuel,PV+Storage,2032,0.0
Libya,Libya,NewCapacityTechFuel,Solar Thermal,2032,0.0
Libya,Libya,NewCapacityTechFuel,Battery,2032,0.0
Libya,Libya,NewCapacityTechFuel,PSH,2032,0.0
Libya,Libya,NewCapacityTechFuel,PSH,2032,0.0
Libya,Libya,NewCapacityTechFuel,Imports,2032,0.0
Libya,Libya,NewCapacityTechFuel,Peat,2032,0.0
Libya,Libya,NewCapacityTechFuel,Waste,2032,0.0
Libya,Libya,NewCapacityTechFuel,Methane,2032,0.0
Libya,Libya,NewCapacityTechFuel,Solar,2032,0.0
Libya,Libya,NewCapacityTechFuel,Solar,2032,0.0
Libya,Libya,NewCapacityTechFuel,Nuclear,2033,0.0
Libya,Libya,NewCapacityTechFuel,Gas,2033,400.0
Libya,Libya,NewCapacityTechFuel,Gas,2033,0.0
Libya,Libya,NewCapacityTechFuel,Gas,2033,0.0
Libya,Libya,NewCapacityTechFuel,Gas,2033,0.0
Libya,Libya,NewCapacityTechFuel,Gas,2033,0.0
Libya,Libya,NewCapacityTechFuel,Gas,2033,400.0
Libya,Libya,NewCapacityTechFuel,Gas,2033,0.0
Libya,Libya,NewCapacityTechFuel,Gas,2033,0.0
Libya,Libya,NewCapacityTechFuel,Gas,2033,0.0
Libya,Libya,NewCapacityTechFuel,Gas,2033,0.0
Libya,Libya,NewCapacityTechFuel,Gas,2033,0.0
Libya,Libya,NewCapacityTechFuel,Gas,2033,0.0
Libya,Libya,NewCapacityTechFuel,Gas,2033,0.0
Libya,Libya,NewCapacityTechFuel,Coal,2033,0.0
Libya,Libya,NewCapacityTechFuel,Coal,2033,0.0
Libya,Libya,NewCapacityTechFuel,Coal,2033,0.0
Libya,Libya,NewCapacityTechFuel,Coal,2033,0.0
Libya,Libya,NewCapacityTechFuel,Geothermal,2033,0.0
Libya,Libya,NewCapacityTechFuel,Geothermal,2033,0.0
Libya,Libya,NewCapacityTechFuel,Diesel,2033,0.0
Libya,Libya,NewCapacityTechFuel,Diesel,2033,0.0
Libya,Libya,NewCapacityTechFuel,Diesel,2033,0.0
Libya,Libya,NewCapacityTechFuel,Diesel,2033,0.0
Libya,Libya,NewCapacityTechFuel,Diesel,2033,0.0
Libya,Libya,NewCapacityTechFuel,Diesel,2033,0.0
Libya,Libya,NewCapacityTechFuel,Diesel,2033,0.0
Libya,Libya,NewCapacityTechFuel,Biomass,2033,0.0
Libya,Libya,NewCapacityTechFuel,Biomass,2033,0.0
Libya,Libya,NewCapacityTechFuel,Biomass,2033,0.0
Libya,Libya,NewCapacityTechFuel,Reservoir,2033,0.0
Libya,Libya,NewCapacityTechFuel,Reservoir,2033,0.0
Libya,Libya,NewCapacityTechFuel,ROR,2033,0.0
Libya,Libya,NewCapacityTechFuel,CSP,2033,0.0
Libya,Libya,NewCapacityTechFuel,CSP,2033,0.0
Libya,Libya,NewCapacityTechFuel,Offshore Wind,2033,0.0
Libya,Libya,NewCapacityTechFuel,Onshore Wind,2033,0.0
Libya,Libya,NewCapacityTechFuel,Onshore Wind,2033,500.0
Libya,Libya,NewCapacityTechFuel,PV,2033,500.0
Libya,Libya,NewCapacityTechFuel,PV,2033,0.0
Libya,Libya,NewCapacityTechFuel,PV+Storage,2033,0.0
Libya,Libya,NewCapacityTechFuel,Solar Thermal,2033,0.0
Libya,Libya,NewCapacityTechFuel,Battery,2033,0.0
Libya,Libya,NewCapacityTechFuel,PSH,2033,0.0
Libya,Libya,NewCapacityTechFuel,PSH,2033,0.0
Libya,Libya,NewCapacityTechFuel,Imports,2033,0.0
Libya,Libya,NewCapacityTechFuel,Peat,2033,0.0
Libya,Libya,NewCapacityTechFuel,Waste,2033,0.0
Libya,Libya,NewCapacityTechFuel,Methane,2033,0.0
Libya,Libya,NewCapacityTechFuel,Solar,2033,0.0
Libya,Libya,NewCapacityTechFuel,Solar,2033,0.0
Libya,Libya,NewCapacityTechFuel,Nuclear,2034,0.0
Libya,Libya,NewCapacityTechFuel,Gas,2034,400.0
Libya,Libya,NewCapacityTechFuel,Gas,2034,0.0
Libya,Libya,NewCapacityTechFuel,Gas,2034,0.0
Libya,Libya,NewCapacityTechFuel,Gas,2034,0.0
Libya,Libya,NewCapacityTechFuel,Gas,2034,0.0
Libya,Libya,NewCapacityTechFuel,Gas,2034,400.0
Libya,Libya,NewCapacityTechFuel,Gas,2034,0.0
Libya,Libya,NewCapacityTechFuel,Gas,2034,0.0
Libya,Libya,NewCapacityTechFuel,Gas,2034,0.0
Libya,Libya,NewCapacityTechFuel,Gas,2034,0.0
Libya,Libya,NewCapacityTechFuel,Gas,2034,0.0
Libya,Libya,NewCapacityTechFuel,Gas,2034,0.0
Libya,Libya,NewCapacityTechFuel,Gas,2034,0.0
Libya,Libya,NewCapacityTechFuel,Coal,2034,0.0
Libya,Libya,NewCapacityTechFuel,Coal,2034,0.0
Libya,Libya,NewCapacityTechFuel,Coal,2034,0.0
Libya,Libya,NewCapacityTechFuel,Coal,2034,0.0
Libya,Libya,NewCapacityTechFuel,Geothermal,2034,0.0
Libya,Libya,NewCapacityTechFuel,Geothermal,2034,0.0
Libya,Libya,NewCapacityTechFuel,Diesel,2034,0.0
Libya,Libya,NewCapacityTechFuel,Diesel,2034,0.0
Libya,Libya,NewCapacityTechFuel,Diesel,2034,0.0
Libya,Libya,NewCapacityTechFuel,Diesel,2034,0.0
Libya,Libya,NewCapacityTechFuel,Diesel,2034,0.0
Libya,Libya,NewCapacityTechFuel,Diesel,2034,0.0
Libya,Libya,NewCapacityTechFuel,Diesel,2034,0.0
Libya,Libya,NewCapacityTechFuel,Biomass,2034,0.0
Libya,Libya,NewCapacityTechFuel,Biomass,2034,0.0
Libya,Libya,NewCapacityTechFuel,Biomass,2034,0.0
Libya,Libya,NewCapacityTechFuel,Reservoir,2034,0.0
Libya,Libya,NewCapacityTechFuel,Reservoir,2034,0.0
Libya,Libya,NewCapacityTechFuel,ROR,2034,0.0
Libya,Libya,NewCapacityTechFuel,CSP,2034,0.0
Libya,Libya,NewCapacityTechFuel,CSP,2034,0.0
Libya,Libya,NewCapacityTechFuel,Offshore Wind,2034,0.0
Libya,Libya,NewCapacityTechFuel,Onshore Wind,2034,0.0
Libya,Libya,NewCapacityTechFuel,Onshore Wind,2034,500.0
Libya,Libya,NewCapacityTechFuel,PV,2034,500.0
Libya,Libya,NewCapacityTechFuel,PV,2034,0.0
Libya,Libya,NewCapacityTechFuel,PV+Storage,2034,0.0
Libya,Libya,NewCapacityTechFuel,Solar Thermal,2034,0.0
Libya,Libya,NewCapacityTechFuel,Battery,2034,0.0
Libya,Libya,NewCapacityTechFuel,PSH,2034,0.0
Libya,Libya,NewCapacityTechFuel,PSH,2034,0.0
Libya,Libya,NewCapacityTechFuel,Imports,2034,0.0
Libya,Libya,NewCapacityTechFuel,Peat,2034,0.0
Libya,Libya,NewCapacityTechFuel,Waste,2034,0.0
Libya,Libya,NewCapacityTechFuel,Methane,2034,0.0
Libya,Libya,NewCapacityTechFuel,Solar,2034,0.0
Libya,Libya,NewCapacityTechFuel,Solar,2034,0.0
Libya,Libya,NewCapacityTechFuel,Nuclear,2035,0.0
Libya,Libya,NewCapacityTechFuel,Gas,2035,400.0
Libya,Libya,NewCapacityTechFuel,Gas,2035,0.0
Libya,Libya,NewCapacityTechFuel,Gas,2035,0.0
Libya,Libya,NewCapacityTechFuel,Gas,2035,0.0
Libya,Libya,NewCapacityTechFuel,Gas,2035,0.0
Libya,Libya,NewCapacityTechFuel,Gas,2035,400.0
Libya,Libya,NewCapacityTechFuel,Gas,2035,0.0
Libya,Libya,NewCapacityTechFuel,Gas,2035,0.0
Libya,Libya,NewCapacityTechFuel,Gas,2035,0.0
Libya,Libya,NewCapacityTechFuel,Gas,2035,0.0
Libya,Libya,NewCapacityTechFuel,Gas,2035,0.0
Libya,Libya,NewCapacityTechFuel,Gas,2035,0.0
Libya,Libya,NewCapacityTechFuel,Gas,2035,0.0
Libya,Libya,NewCapacityTechFuel,Coal,2035,0.0
Libya,Libya,NewCapacityTechFuel,Coal,2035,0.0
Libya,Libya,NewCapacityTechFuel,Coal,2035,0.0
Libya,Libya,NewCapacityTechFuel,Coal,2035,0.0
Libya,Libya,NewCapacityTechFuel,Geothermal,2035,0.0
Libya,Libya,NewCapacityTechFuel,Geothermal,2035,0.0
Libya,Libya,NewCapacityTechFuel,Diesel,2035,0.0
Libya,Libya,NewCapacityTechFuel,Diesel,2035,0.0
Libya,Libya,NewCapacityTechFuel,Diesel,2035,0.0
Libya,Libya,NewCapacityTechFuel,Diesel,2035,0.0
Libya,Libya,NewCapacityTechFuel,Diesel,2035,0.0
Libya,Libya,NewCapacityTechFuel,Diesel,2035,0.0
Libya,Libya,NewCapacityTechFuel,Diesel,2035,0.0
Libya,Libya,NewCapacityTechFuel,Biomass,2035,0.0
Libya,Libya,NewCapacityTechFuel,Biomass,2035,0.0
Libya,Libya,NewCapacityTechFuel,Biomass,2035,0.0
Libya,Libya,NewCapacityTechFuel,Reservoir,2035,0.0
Libya,Libya,NewCapacityTechFuel,Reservoir,2035,0.0
Libya,Libya,NewCapacityTechFuel,ROR,2035,0.0
Libya,Libya,NewCapacityTechFuel,CSP,2035,0.0
Libya,Libya,NewCapacityTechFuel,CSP,2035,0.0
Libya,Libya,NewCapacityTechFuel,Offshore Wind,2035,0.0
Libya,Libya,NewCapacityTechFuel,Onshore Wind,2035,0.0
Libya,Libya,NewCapacityTechFuel,Onshore Wind,2035,500.0
Libya,Libya,NewCapacityTechFuel,PV,2035,1000.0
Libya,Libya,NewCapacityTechFuel,PV,2035,0.0
Libya,Libya,NewCapacityTechFuel,PV+Storage,2035,0.0
Libya,Libya,NewCapacityTechFuel,Solar Thermal,2035,0.0
Libya,Libya,NewCapacityTechFuel,Battery,2035,0.0
Libya,Libya,NewCapacityTechFuel,PSH,2035,0.0
Libya,Libya,NewCapacityTechFuel,PSH,2035,0.0
Libya,Libya,NewCapacityTechFuel,Imports,2035,0.0
Libya,Libya,NewCapacityTechFuel,Peat,2035,0.0
Libya,Libya,NewCapacityTechFuel,Waste,2035,0.0
Libya,Libya,NewCapacityTechFuel,Methane,2035,0.0
Libya,Libya,NewCapacityTechFuel,Solar,2035,0.0
Libya,Libya,NewCapacityTechFuel,Solar,2035,0.0
Libya,Libya,NewCapacityTechFuel,Nuclear,2036,0.0
Libya,Libya,NewCapacityTechFuel,Gas,2036,400.0
Libya,Libya,NewCapacityTechFuel,Gas,2036,0.0
Libya,Libya,NewCapacityTechFuel,Gas,2036,0.0
Libya,Libya,NewCapacityTechFuel,Gas,2036,0.0
Libya,Libya,NewCapacityTechFuel,Gas,2036,0.0
Libya,Libya,NewCapacityTechFuel,Gas,2036,400.0
Libya,Libya,NewCapacityTechFuel,Gas,2036,0.0
Libya,Libya,NewCapacityTechFuel,Gas,2036,0.0
Libya,Libya,NewCapacityTechFuel,Gas,2036,0.0
Libya,Libya,NewCapacityTechFuel,Gas,2036,0.0
Libya,Libya,NewCapacityTechFuel,Gas,2036,0.0
Libya,Libya,NewCapacityTechFuel,Gas,2036,0.0
Libya,Libya,NewCapacityTechFuel,Gas,2036,0.0
Libya,Libya,NewCapacityTechFuel,Coal,2036,0.0
Libya,Libya,NewCapacityTechFuel,Coal,2036,0.0
Libya,Libya,NewCapacityTechFuel,Coal,2036,0.0
Libya,Libya,NewCapacityTechFuel,Coal,2036,0.0
Libya,Libya,NewCapacityTechFuel,Geothermal,2036,0.0
Libya,Libya,NewCapacityTechFuel,Geothermal,2036,0.0
Libya,Libya,NewCapacityTechFuel,Diesel,2036,0.0
Libya,Libya,NewCapacityTechFuel,Diesel,2036,0.0
Libya,Libya,NewCapacityTechFuel,Diesel,2036,0.0
Libya,Libya,NewCapacityTechFuel,Diesel,2036,0.0
Libya,Libya,NewCapacityTechFuel,Diesel,2036,0.0
Libya,Libya,NewCapacityTechFuel,Diesel,2036,0.0
Libya,Libya,NewCapacityTechFuel,Diesel,2036,0.0
Libya,Libya,NewCapacityTechFuel,Biomass,2036,0.0
Libya,Libya,NewCapacityTechFuel,Biomass,2036,0.0
Libya,Libya,NewCapacityTechFuel,Biomass,2036,0.0
Libya,Libya,NewCapacityTechFuel,Reservoir,2036,0.0
Libya,Libya,NewCapacityTechFuel,Reservoir,2036,0.0
Libya,Libya,NewCapacityTechFuel,ROR,2036,0.0
Libya,Libya,NewCapacityTechFuel,CSP,2036,0.0
Libya,Libya,NewCapacityTechFuel,CSP,2036,0.0
Libya,Libya,NewCapacityTechFuel,Offshore Wind,2036,0.0
Libya,Libya,NewCapacityTechFuel,Onshore Wind,2036,0.0
Libya,Libya,NewCapacityTechFuel,Onshore Wind,2036,500.0
Libya,Libya,NewCapacityTechFuel,PV,2036,1000.0
Libya,Libya,NewCapacityTechFuel,PV,2036,0.0
Libya,Libya,NewCapacityTechFuel,PV+Storage,2036,0.0
Libya,Libya,NewCapacityTechFuel,Solar Thermal,2036,0.0
Libya,Libya,NewCapacityTechFuel,Battery,2036,0.0
Libya,Libya,NewCapacityTechFuel,PSH,2036,0.0
Libya,Libya,NewCapacityTechFuel,PSH,2036,0.0
Libya,Libya,NewCapacityTechFuel,Imports,2036,0.0
Libya,Libya,NewCapacityTechFuel,Peat,2036,0.0
Libya,Libya,NewCapacityTechFuel,Waste,2036,0.0
Libya,Libya,NewCapacityTechFuel,Methane,2036,0.0
Libya,Libya,NewCapacityTechFuel,Solar,2036,0.0
Libya,Libya,NewCapacityTechFuel,Solar,2036,0.0
Libya,Libya,NewCapacityTechFuel,Nuclear,2037,0.0
Libya,Libya,NewCapacityTechFuel,Gas,2037,400.0
Libya,Libya,NewCapacityTechFuel,Gas,2037,0.0
Libya,Libya,NewCapacityTechFuel,Gas,2037,0.0
Libya,Libya,NewCapacityTechFuel,Gas,2037,0.0
Libya,Libya,NewCapacityTechFuel,Gas,2037,0.0
Libya,Libya,NewCapacityTechFuel,Gas,2037,400.0
Libya,Libya,NewCapacityTechFuel,Gas,2037,0.0
Libya,Libya,NewCapacityTechFuel,Gas,2037,0.0
Libya,Libya,NewCapacityTechFuel,Gas,2037,0.0
Libya,Libya,NewCapacityTechFuel,Gas,2037,0.0
Libya,Libya,NewCapacityTechFuel,Gas,2037,0.0
Libya,Libya,NewCapacityTechFuel,Gas,2037,0.0
Libya,Libya,NewCapacityTechFuel,Gas,2037,0.0
Libya,Libya,NewCapacityTechFuel,Coal,2037,0.0
Libya,Libya,NewCapacityTechFuel,Coal,2037,0.0
Libya,Libya,NewCapacityTechFuel,Coal,2037,0.0
Libya,Libya,NewCapacityTechFuel,Coal,2037,0.0
Libya,Libya,NewCapacityTechFuel,Geothermal,2037,0.0
Libya,Libya,NewCapacityTechFuel,Geothermal,2037,0.0
Libya,Libya,NewCapacityTechFuel,Diesel,2037,0.0
Libya,Libya,NewCapacityTechFuel,Diesel,2037,0.0
Libya,Libya,NewCapacityTechFuel,Diesel,2037,0.0
Libya,Libya,NewCapacityTechFuel,Diesel,2037,0.0
Libya,Libya,NewCapacityTechFuel,Diesel,2037,0.0
Libya,Libya,NewCapacityTechFuel,Diesel,2037,0.0
Libya,Libya,NewCapacityTechFuel,Diesel,2037,0.0
Libya,Libya,NewCapacityTechFuel,Biomass,2037,0.0
Libya,Libya,NewCapacityTechFuel,Biomass,2037,0.0
Libya,Libya,NewCapacityTechFuel,Biomass,2037,0.0
Libya,Libya,NewCapacityTechFuel,Reservoir,2037,0.0
Libya,Libya,NewCapacityTechFuel,Reservoir,2037,0.0
Libya,Libya,NewCapacityTechFuel,ROR,2037,0.0
Libya,Libya,NewCapacityTechFuel,CSP,2037,0.0
Libya,Libya,NewCapacityTechFuel,CSP,2037,0.0
Libya,Libya,NewCapacityTechFuel,Offshore Wind,2037,0.0
Libya,Libya,NewCapacityTechFuel,Onshore Wind,2037,0.0
Libya,Libya,NewCapacityTechFuel,Onshore Wind,2037,500.0
Libya,Libya,NewCapacityTechFuel,PV,2037,1000.0
Libya,Libya,NewCapacityTechFuel,PV,2037,0.0
Libya,Libya,NewCapacityTechFuel,PV+Storage,2037,0.0
Libya,Libya,NewCapacityTechFuel,Solar Thermal,2037,0.0
Libya,Libya,NewCapacityTechFuel,Battery,2037,0.0
Libya,Libya,NewCapacityTechFuel,PSH,2037,0.0
Libya,Libya,NewCapacityTechFuel,PSH,2037,0.0
Libya,Libya,NewCapacityTechFuel,Imports,2037,0.0
Libya,Libya,NewCapacityTechFuel,Peat,2037,0.0
Libya,Libya,NewCapacityTechFuel,Waste,2037,0.0
Libya,Libya,NewCapacityTechFuel,Methane,2037,0.0
Libya,Libya,NewCapacityTechFuel,Solar,2037,0.0
Libya,Libya,NewCapacityTechFuel,Solar,2037,0.0
Libya,Libya,NewCapacityTechFuel,Nuclear,2038,0.0
Libya,Libya,NewCapacityTechFuel,Gas,2038,400.0
Libya,Libya,NewCapacityTechFuel,Gas,2038,0.0
Libya,Libya,NewCapacityTechFuel,Gas,2038,0.0
Libya,Libya,NewCapacityTechFuel,Gas,2038,0.0
Libya,Libya,NewCapacityTechFuel,Gas,2038,0.0
Libya,Libya,NewCapacityTechFuel,Gas,2038,400.0
Libya,Libya,NewCapacityTechFuel,Gas,2038,0.0
Libya,Libya,NewCapacityTechFuel,Gas,2038,0.0
Libya,Libya,NewCapacityTechFuel,Gas,2038,0.0
Libya,Libya,NewCapacityTechFuel,Gas,2038,0.0
Libya,Libya,NewCapacityTechFuel,Gas,2038,0.0
Libya,Libya,NewCapacityTechFuel,Gas,2038,0.0
Libya,Libya,NewCapacityTechFuel,Gas,2038,0.0
Libya,Libya,NewCapacityTechFuel,Coal,2038,0.0
Libya,Libya,NewCapacityTechFuel,Coal,2038,0.0
Libya,Libya,NewCapacityTechFuel,Coal,2038,0.0
Libya,Libya,NewCapacityTechFuel,Coal,2038,0.0
Libya,Libya,NewCapacityTechFuel,Geothermal,2038,0.0
Libya,Libya,NewCapacityTechFuel,Geothermal,2038,0.0
Libya,Libya,NewCapacityTechFuel,Diesel,2038,0.0
Libya,Libya,NewCapacityTechFuel,Diesel,2038,0.0
Libya,Libya,NewCapacityTechFuel,Diesel,2038,0.0
Libya,Libya,NewCapacityTechFuel,Diesel,2038,0.0
Libya,Libya,NewCapacityTechFuel,Diesel,2038,0.0
Libya,Libya,NewCapacityTechFuel,Diesel,2038,0.0
Libya,Libya,NewCapacityTechFuel,Diesel,2038,0.0
Libya,Libya,NewCapacityTechFuel,Biomass,2038,0.0
Libya,Libya,NewCapacityTechFuel,Biomass,2038,0.0
Libya,Libya,NewCapacityTechFuel,Biomass,2038,0.0
Libya,Libya,NewCapacityTechFuel,Reservoir,2038,0.0
Libya,Libya,NewCapacityTechFuel,Reservoir,2038,0.0
Libya,Libya,NewCapacityTechFuel,ROR,2038,0.0
Libya,Libya,NewCapacityTechFuel,CSP,2038,0.0
Libya,Libya,NewCapacityTechFuel,CSP,2038,0.0
Libya,Libya,NewCapacityTechFuel,Offshore Wind,2038,0.0
Libya,Libya,NewCapacityTechFuel,Onshore Wind,2038,0.0
Libya,Libya,NewCapacityTechFuel,Onshore Wind,2038,500.0
Libya,Libya,NewCapacityTechFuel,PV,2038,1000.0
Libya,Libya,NewCapacityTechFuel,PV,2038,0.0
Libya,Libya,NewCapacityTechFuel,PV+Storage,2038,0.0
Libya,Libya,NewCapacityTechFuel,Solar Thermal,2038,0.0
Libya,Libya,NewCapacityTechFuel,Battery,2038,0.0
Libya,Libya,NewCapacityTechFuel,PSH,2038,0.0
Libya,Libya,NewCapacityTechFuel,PSH,2038,0.0
Libya,Libya,NewCapacityTechFuel,Imports,2038,0.0
Libya,Libya,NewCapacityTechFuel,Peat,2038,0.0
Libya,Libya,NewCapacityTechFuel,Waste,2038,0.0
Libya,Libya,NewCapacityTechFuel,Methane,2038,0.0
Libya,Libya,NewCapacityTechFuel,Solar,2038,0.0
Libya,Libya,NewCapacityTechFuel,Solar,2038,0.0
Libya,Libya,NewCapacityTechFuel,Nuclear,2039,0.0
Libya,Libya,NewCapacityTechFuel,Gas,2039,400.0
Libya,Libya,NewCapacityTechFuel,Gas,2039,0.0
Libya,Libya,NewCapacityTechFuel,Gas,2039,0.0
Libya,Libya,NewCapacityTechFuel,Gas,2039,0.0
Libya,Libya,NewCapacityTechFuel,Gas,2039,0.0
Libya,Libya,NewCapacityTechFuel,Gas,2039,400.0
Libya,Libya,NewCapacityTechFuel,Gas,2039,0.0
Libya,Libya,NewCapacityTechFuel,Gas,2039,0.0
Libya,Libya,NewCapacityTechFuel,Gas,2039,0.0
Libya,Libya,NewCapacityTechFuel,Gas,2039,0.0
Libya,Libya,NewCapacityTechFuel,Gas,2039,0.0
Libya,Libya,NewCapacityTechFuel,Gas,2039,0.0
Libya,Libya,NewCapacityTechFuel,Gas,2039,0.0
Libya,Libya,NewCapacityTechFuel,Coal,2039,0.0
Libya,Libya,NewCapacityTechFuel,Coal,2039,0.0
Libya,Libya,NewCapacityTechFuel,Coal,2039,0.0
Libya,Libya,NewCapacityTechFuel,Coal,2039,0.0
Libya,Libya,NewCapacityTechFuel,Geothermal,2039,0.0
Libya,Libya,NewCapacityTechFuel,Geothermal,2039,0.0
Libya,Libya,NewCapacityTechFuel,Diesel,2039,0.0
Libya,Libya,NewCapacityTechFuel,Diesel,2039,0.0
Libya,Libya,NewCapacityTechFuel,Diesel,2039,0.0
Libya,Libya,NewCapacityTechFuel,Diesel,2039,0.0
Libya,Libya,NewCapacityTechFuel,Diesel,2039,0.0
Libya,Libya,NewCapacityTechFuel,Diesel,2039,0.0
Libya,Libya,NewCapacityTechFuel,Diesel,2039,0.0
Libya,Libya,NewCapacityTechFuel,Biomass,2039,0.0
Libya,Libya,NewCapacityTechFuel,Biomass,2039,0.0
Libya,Libya,NewCapacityTechFuel,Biomass,2039,0.0
Libya,Libya,NewCapacityTechFuel,Reservoir,2039,0.0
Libya,Libya,NewCapacityTechFuel,Reservoir,2039,0.0
Libya,Libya,NewCapacityTechFuel,ROR,2039,0.0
Libya,Libya,NewCapacityTechFuel,CSP,2039,0.0
Libya,Libya,NewCapacityTechFuel,CSP,2039,0.0
Libya,Libya,NewCapacityTechFuel,Offshore Wind,2039,0.0
Libya,Libya,NewCapacityTechFuel,Onshore Wind,2039,0.0
Libya,Libya,NewCapacityTechFuel,Onshore Wind,2039,500.0
Libya,Libya,NewCapacityTechFuel,PV,2039,1000.0
Libya,Libya,NewCapacityTechFuel,PV,2039,0.0
Libya,Libya,NewCapacityTechFuel,PV+Storage,2039,0.0
Libya,Libya,NewCapacityTechFuel,Solar Thermal,2039,0.0
Libya,Libya,NewCapacityTechFuel,Battery,2039,0.0
Libya,Libya,NewCapacityTechFuel,PSH,2039,0.0
Libya,Libya,NewCapacityTechFuel,PSH,2039,0.0
Libya,Libya,NewCapacityTechFuel,Imports,2039,0.0
Libya,Libya,NewCapacityTechFuel,Peat,2039,0.0
Libya,Libya,NewCapacityTechFuel,Waste,2039,0.0
Libya,Libya,NewCapacityTechFuel,Methane,2039,0.0
Libya,Libya,NewCapacityTechFuel,Solar,2039,0.0
Libya,Libya,NewCapacityTechFuel,Solar,2039,0.0
Libya,Libya,NewCapacityTechFuel,Nuclear,2040,0.0
Libya,Libya,NewCapacityTechFuel,Gas,2040,400.0
Libya,Libya,NewCapacityTechFuel,Gas,2040,0.0
Libya,Libya,NewCapacityTechFuel,Gas,2040,0.0
Libya,Libya,NewCapacityTechFuel,Gas,2040,0.0
Libya,Libya,NewCapacityTechFuel,Gas,2040,0.0
Libya,Libya,NewCapacityTechFuel,Gas,2040,400.0
Libya,Libya,NewCapacityTechFuel,Gas,2040,0.0
Libya,Libya,NewCapacityTechFuel,Gas,2040,0.0
Libya,Libya,NewCapacityTechFuel,Gas,2040,0.0
Libya,Libya,NewCapacityTechFuel,Gas,2040,0.0
Libya,Libya,NewCapacityTechFuel,Gas,2040,0.0
Libya,Libya,NewCapacityTechFuel,Gas,2040,0.0
Libya,Libya,NewCapacityTechFuel,Gas,2040,0.0
Libya,Libya,NewCapacityTechFuel,Coal,2040,0.0
Libya,Libya,NewCapacityTechFuel,Coal,2040,0.0
Libya,Libya,NewCapacityTechFuel,Coal,2040,0.0
Libya,Libya,NewCapacityTechFuel,Coal,2040,0.0
Libya,Libya,NewCapacityTechFuel,Geothermal,2040,0.0
Libya,Libya,NewCapacityTechFuel,Geothermal,2040,0.0
Libya,Libya,NewCapacityTechFuel,Diesel,2040,0.0
Libya,Libya,NewCapacityTechFuel,Diesel,2040,0.0
Libya,Libya,NewCapacityTechFuel,Diesel,2040,0.0
Libya,Libya,NewCapacityTechFuel,Diesel,2040,0.0
Libya,Libya,NewCapacityTechFuel,Diesel,2040,0.0
Libya,Libya,NewCapacityTechFuel,Diesel,2040,0.0
Libya,Libya,NewCapacityTechFuel,Diesel,2040,0.0
Libya,Libya,NewCapacityTechFuel,Biomass,2040,0.0
Libya,Libya,NewCapacityTechFuel,Biomass,2040,0.0
Libya,Libya,NewCapacityTechFuel,Biomass,2040,0.0
Libya,Libya,NewCapacityTechFuel,Reservoir,2040,0.0
Libya,Libya,NewCapacityTechFuel,Reservoir,2040,0.0
Libya,Libya,NewCapacityTechFuel,ROR,2040,0.0
Libya,Libya,NewCapacityTechFuel,CSP,2040,0.0
Libya,Libya,NewCapacityTechFuel,CSP,2040,0.0
Libya,Libya,NewCapacityTechFuel,Offshore Wind,2040,0.0
Libya,Libya,NewCapacityTechFuel,Onshore Wind,2040,0.0
Libya,Libya,NewCapacityTechFuel,Onshore Wind,2040,500.0
Libya,Libya,NewCapacityTechFuel,PV,2040,1000.0
Libya,Libya,NewCapacityTechFuel,PV,2040,0.0
Libya,Libya,NewCapacityTechFuel,PV+Storage,2040,0.0
Libya,Libya,NewCapacityTechFuel,Solar Thermal,2040,0.0
Libya,Libya,NewCapacityTechFuel,Battery,2040,0.0
Libya,Libya,NewCapacityTechFuel,PSH,2040,0.0
Libya,Libya,NewCapacityTechFuel,PSH,2040,0.0
Libya,Libya,NewCapacityTechFuel,Imports,2040,0.0
Libya,Libya,NewCapacityTechFuel,Peat,2040,0.0
Libya,Libya,NewCapacityTechFuel,Waste,2040,0.0
Libya,Libya,NewCapacityTechFuel,Methane,2040,0.0
Libya,Libya,NewCapacityTechFuel,Solar,2040,0.0
Libya,Libya,NewCapacityTechFuel,Solar,2040,0.0
Libya,Libya,NewCapacityTechFuel,Nuclear,2041,0.0
Libya,Libya,NewCapacityTechFuel,Gas,2041,400.0
Libya,Libya,NewCapacityTechFuel,Gas,2041,0.0
Libya,Libya,NewCapacityTechFuel,Gas,2041,0.0
Libya,Libya,NewCapacityTechFuel,Gas,2041,0.0
Libya,Libya,NewCapacityTechFuel,Gas,2041,0.0
Libya,Libya,NewCapacityTechFuel,Gas,2041,400.0
Libya,Libya,NewCapacityTechFuel,Gas,2041,0.0
Libya,Libya,NewCapacityTechFuel,Gas,2041,0.0
Libya,Libya,NewCapacityTechFuel,Gas,2041,0.0
Libya,Libya,NewCapacityTechFuel,Gas,2041,0.0
Libya,Libya,NewCapacityTechFuel,Gas,2041,0.0
Libya,Libya,NewCapacityTechFuel,Gas,2041,0.0
Libya,Libya,NewCapacityTechFuel,Gas,2041,0.0
Libya,Libya,NewCapacityTechFuel,Coal,2041,0.0
Libya,Libya,NewCapacityTechFuel,Coal,2041,0.0
Libya,Libya,NewCapacityTechFuel,Coal,2041,0.0
Libya,Libya,NewCapacityTechFuel,Coal,2041,0.0
Libya,Libya,NewCapacityTechFuel,Geothermal,2041,0.0
Libya,Libya,NewCapacityTechFuel,Geothermal,2041,0.0
Libya,Libya,NewCapacityTechFuel,Diesel,2041,0.0
Libya,Libya,NewCapacityTechFuel,Diesel,2041,0.0
Libya,Libya,NewCapacityTechFuel,Diesel,2041,0.0
Libya,Libya,NewCapacityTechFuel,Diesel,2041,0.0
Libya,Libya,NewCapacityTechFuel,Diesel,2041,0.0
Libya,Libya,NewCapacityTechFuel,Diesel,2041,0.0
Libya,Libya,NewCapacityTechFuel,Diesel,2041,0.0
Libya,Libya,NewCapacityTechFuel,Biomass,2041,0.0
Libya,Libya,NewCapacityTechFuel,Biomass,2041,0.0
Libya,Libya,NewCapacityTechFuel,Biomass,2041,0.0
Libya,Libya,NewCapacityTechFuel,Reservoir,2041,0.0
Libya,Libya,NewCapacityTechFuel,Reservoir,2041,0.0
Libya,Libya,NewCapacityTechFuel,ROR,2041,0.0
Libya,Libya,NewCapacityTechFuel,CSP,2041,0.0
Libya,Libya,NewCapacityTechFuel,CSP,2041,0.0
Libya,Libya,NewCapacityTechFuel,Offshore Wind,2041,0.0
Libya,Libya,NewCapacityTechFuel,Onshore Wind,2041,0.0
Libya,Libya,NewCapacityTechFuel,Onshore Wind,2041,500.0
Libya,Libya,NewCapacityTechFuel,PV,2041,1000.0
Libya,Libya,NewCapacityTechFuel,PV,2041,0.0
Libya,Libya,NewCapacityTechFuel,PV+Storage,2041,0.0
Libya,Libya,NewCapacityTechFuel,Solar Thermal,2041,0.0
Libya,Libya,NewCapacityTechFuel,Battery,2041,0.0
Libya,Libya,NewCapacityTechFuel,PSH,2041,0.0
Libya,Libya,NewCapacityTechFuel,PSH,2041,0.0
Libya,Libya,NewCapacityTechFuel,Imports,2041,0.0
Libya,Libya,NewCapacityTechFuel,Peat,2041,0.0
Libya,Libya,NewCapacityTechFuel,Waste,2041,0.0
Libya,Libya,NewCapacityTechFuel,Methane,2041,0.0
Libya,Libya,NewCapacityTechFuel,Solar,2041,0.0
Libya,Libya,NewCapacityTechFuel,Solar,2041,0.0
Libya,Libya,NewCapacityTechFuel,Nuclear,2042,0.0
Libya,Libya,NewCapacityTechFuel,Gas,2042,400.0
Libya,Libya,NewCapacityTechFuel,Gas,2042,0.0
Libya,Libya,NewCapacityTechFuel,Gas,2042,0.0
Libya,Libya,NewCapacityTechFuel,Gas,2042,0.0
Libya,Libya,NewCapacityTechFuel,Gas,2042,0.0
Libya,Libya,NewCapacityTechFuel,Gas,2042,400.0
Libya,Libya,NewCapacityTechFuel,Gas,2042,0.0
Libya,Libya,NewCapacityTechFuel,Gas,2042,0.0
Libya,Libya,NewCapacityTechFuel,Gas,2042,0.0
Libya,Libya,NewCapacityTechFuel,Gas,2042,0.0
Libya,Libya,NewCapacityTechFuel,Gas,2042,0.0
Libya,Libya,NewCapacityTechFuel,Gas,2042,0.0
Libya,Libya,NewCapacityTechFuel,Gas,2042,0.0
Libya,Libya,NewCapacityTechFuel,Coal,2042,0.0
Libya,Libya,NewCapacityTechFuel,Coal,2042,0.0
Libya,Libya,NewCapacityTechFuel,Coal,2042,0.0
Libya,Libya,NewCapacityTechFuel,Coal,2042,0.0
Libya,Libya,NewCapacityTechFuel,Geothermal,2042,0.0
Libya,Libya,NewCapacityTechFuel,Geothermal,2042,0.0
Libya,Libya,NewCapacityTechFuel,Diesel,2042,0.0
Libya,Libya,NewCapacityTechFuel,Diesel,2042,0.0
Libya,Libya,NewCapacityTechFuel,Diesel,2042,0.0
Libya,Libya,NewCapacityTechFuel,Diesel,2042,0.0
Libya,Libya,NewCapacityTechFuel,Diesel,2042,0.0
Libya,Libya,NewCapacityTechFuel,Diesel,2042,0.0
Libya,Libya,NewCapacityTechFuel,Diesel,2042,0.0
Libya,Libya,NewCapacityTechFuel,Biomass,2042,0.0
Libya,Libya,NewCapacityTechFuel,Biomass,2042,0.0
Libya,Libya,NewCapacityTechFuel,Biomass,2042,0.0
Libya,Libya,NewCapacityTechFuel,Reservoir,2042,0.0
Libya,Libya,NewCapacityTechFuel,Reservoir,2042,0.0
Libya,Libya,NewCapacityTechFuel,ROR,2042,0.0
Libya,Libya,NewCapacityTechFuel,CSP,2042,0.0
Libya,Libya,NewCapacityTechFuel,CSP,2042,0.0
Libya,Libya,NewCapacityTechFuel,Offshore Wind,2042,0.0
Libya,Libya,NewCapacityTechFuel,Onshore Wind,2042,0.0
Libya,Libya,NewCapacityTechFuel,Onshore Wind,2042,500.0
Libya,Libya,NewCapacityTechFuel,PV,2042,1000.0
Libya,Libya,NewCapacityTechFuel,PV,2042,0.0
Libya,Libya,NewCapacityTechFuel,PV+Storage,2042,0.0
Libya,Libya,NewCapacityTechFuel,Solar Thermal,2042,0.0
Libya,Libya,NewCapacityTechFuel,Battery,2042,0.0
Libya,Libya,NewCapacityTechFuel,PSH,2042,0.0
Libya,Libya,NewCapacityTechFuel,PSH,2042,0.0
Libya,Libya,NewCapacityTechFuel,Imports,2042,0.0
Libya,Libya,NewCapacityTechFuel,Peat,2042,0.0
Libya,Libya,NewCapacityTechFuel,Waste,2042,0.0
Libya,Libya,NewCapacityTechFuel,Methane,2042,0.0
Libya,Libya,NewCapacityTechFuel,Solar,2042,0.0
Libya,Libya,NewCapacityTechFuel,Solar,2042,0.0
Libya,Libya,NewCapacityTechFuel,Nuclear,2043,0.0
Libya,Libya,NewCapacityTechFuel,Gas,2043,400.0
Libya,Libya,NewCapacityTechFuel,Gas,2043,0.0
Libya,Libya,NewCapacityTechFuel,Gas,2043,0.0
Libya,Libya,NewCapacityTechFuel,Gas,2043,0.0
Libya,Libya,NewCapacityTechFuel,Gas,2043,0.0
Libya,Libya,NewCapacityTechFuel,Gas,2043,400.0
Libya,Libya,NewCapacityTechFuel,Gas,2043,0.0
Libya,Libya,NewCapacityTechFuel,Gas,2043,0.0
Libya,Libya,NewCapacityTechFuel,Gas,2043,0.0
Libya,Libya,NewCapacityTechFuel,Gas,2043,0.0
Libya,Libya,NewCapacityTechFuel,Gas,2043,0.0
Libya,Libya,NewCapacityTechFuel,Gas,2043,0.0
Libya,Libya,NewCapacityTechFuel,Gas,2043,0.0
Libya,Libya,NewCapacityTechFuel,Coal,2043,0.0
Libya,Libya,NewCapacityTechFuel,Coal,2043,0.0
Libya,Libya,NewCapacityTechFuel,Coal,2043,0.0
Libya,Libya,NewCapacityTechFuel,Coal,2043,0.0
Libya,Libya,NewCapacityTechFuel,Geothermal,2043,0.0
Libya,Libya,NewCapacityTechFuel,Geothermal,2043,0.0
Libya,Libya,NewCapacityTechFuel,Diesel,2043,0.0
Libya,Libya,NewCapacityTechFuel,Diesel,2043,0.0
Libya,Libya,NewCapacityTechFuel,Diesel,2043,0.0
Libya,Libya,NewCapacityTechFuel,Diesel,2043,0.0
Libya,Libya,NewCapacityTechFuel,Diesel,2043,0.0
Libya,Libya,NewCapacityTechFuel,Diesel,2043,0.0
Libya,Libya,NewCapacityTechFuel,Diesel,2043,0.0
Libya,Libya,NewCapacityTechFuel,Biomass,2043,0.0
Libya,Libya,NewCapacityTechFuel,Biomass,2043,0.0
Libya,Libya,NewCapacityTechFuel,Biomass,2043,0.0
Libya,Libya,NewCapacityTechFuel,Reservoir,2043,0.0
Libya,Libya,NewCapacityTechFuel,Reservoir,2043,0.0
Libya,Libya,NewCapacityTechFuel,ROR,2043,0.0
Libya,Libya,NewCapacityTechFuel,CSP,2043,0.0
Libya,Libya,NewCapacityTechFuel,CSP,2043,0.0
Libya,Libya,NewCapacityTechFuel,Offshore Wind,2043,0.0
Libya,Libya,NewCapacityTechFuel,Onshore Wind,2043,0.0
Libya,Libya,NewCapacityTechFuel,Onshore Wind,2043,500.0
Libya,Libya,NewCapacityTechFuel,PV,2043,1000.0
Libya,Libya,NewCapacityTechFuel,PV,2043,0.0
Libya,Libya,NewCapacityTechFuel,PV+Storage,2043,0.0
Libya,Libya,NewCapacityTechFuel,Solar Thermal,2043,0.0
Libya,Libya,NewCapacityTechFuel,Battery,2043,0.0
Libya,Libya,NewCapacityTechFuel,PSH,2043,0.0
Libya,Libya,NewCapacityTechFuel,PSH,2043,0.0
Libya,Libya,NewCapacityTechFuel,Imports,2043,0.0
Libya,Libya,NewCapacityTechFuel,Peat,2043,0.0
Libya,Libya,NewCapacityTechFuel,Waste,2043,0.0
Libya,Libya,NewCapacityTechFuel,Methane,2043,0.0
Libya,Libya,NewCapacityTechFuel,Solar,2043,0.0
Libya,Libya,NewCapacityTechFuel,Solar,2043,0.0
Libya,Libya,NewCapacityTechFuel,Nuclear,2044,0.0
Libya,Libya,NewCapacityTechFuel,Gas,2044,400.0
Libya,Libya,NewCapacityTechFuel,Gas,2044,0.0
Libya,Libya,NewCapacityTechFuel,Gas,2044,0.0
Libya,Libya,NewCapacityTechFuel,Gas,2044,0.0
Libya,Libya,NewCapacityTechFuel,Gas,2044,0.0
Libya,Libya,NewCapacityTechFuel,Gas,2044,400.0
Libya,Libya,NewCapacityTechFuel,Gas,2044,0.0
Libya,Libya,NewCapacityTechFuel,Gas,2044,0.0
Libya,Libya,NewCapacityTechFuel,Gas,2044,0.0
Libya,Libya,NewCapacityTechFuel,Gas,2044,0.0
Libya,Libya,NewCapacityTechFuel,Gas,2044,0.0
Libya,Libya,NewCapacityTechFuel,Gas,2044,0.0
Libya,Libya,NewCapacityTechFuel,Gas,2044,0.0
Libya,Libya,NewCapacityTechFuel,Coal,2044,0.0
Libya,Libya,NewCapacityTechFuel,Coal,2044,0.0
Libya,Libya,NewCapacityTechFuel,Coal,2044,0.0
Libya,Libya,NewCapacityTechFuel,Coal,2044,0.0
Libya,Libya,NewCapacityTechFuel,Geothermal,2044,0.0
Libya,Libya,NewCapacityTechFuel,Geothermal,2044,0.0
Libya,Libya,NewCapacityTechFuel,Diesel,2044,0.0
Libya,Libya,NewCapacityTechFuel,Diesel,2044,0.0
Libya,Libya,NewCapacityTechFuel,Diesel,2044,0.0
Libya,Libya,NewCapacityTechFuel,Diesel,2044,0.0
Libya,Libya,NewCapacityTechFuel,Diesel,2044,0.0
Libya,Libya,NewCapacityTechFuel,Diesel,2044,0.0
Libya,Libya,NewCapacityTechFuel,Diesel,2044,0.0
Libya,Libya,NewCapacityTechFuel,Biomass,2044,0.0
Libya,Libya,NewCapacityTechFuel,Biomass,2044,0.0
Libya,Libya,NewCapacityTechFuel,Biomass,2044,0.0
Libya,Libya,NewCapacityTechFuel,Reservoir,2044,0.0
Libya,Libya,NewCapacityTechFuel,Reservoir,2044,0.0
Libya,Libya,NewCapacityTechFuel,ROR,2044,0.0
Libya,Libya,NewCapacityTechFuel,CSP,2044,0.0
Libya,Libya,NewCapacityTechFuel,CSP,2044,0.0
Libya,Libya,NewCapacityTechFuel,Offshore Wind,2044,0.0
Libya,Libya,NewCapacityTechFuel,Onshore Wind,2044,0.0
Libya,Libya,NewCapacityTechFuel,Onshore Wind,2044,500.0
Libya,Libya,NewCapacityTechFuel,PV,2044,1000.0
Libya,Libya,NewCapacityTechFuel,PV,2044,0.0
Libya,Libya,NewCapacityTechFuel,PV+Storage,2044,0.0
Libya,Libya,NewCapacityTechFuel,Solar Thermal,2044,0.0
Libya,Libya,NewCapacityTechFuel,Battery,2044,0.0
Libya,Libya,NewCapacityTechFuel,PSH,2044,0.0
Libya,Libya,NewCapacityTechFuel,PSH,2044,0.0
Libya,Libya,NewCapacityTechFuel,Imports,2044,0.0
Libya,Libya,NewCapacityTechFuel,Peat,2044,0.0
Libya,Libya,NewCapacityTechFuel,Waste,2044,0.0
Libya,Libya,NewCapacityTechFuel,Methane,2044,0.0
Libya,Libya,NewCapacityTechFuel,Solar,2044,0.0
Libya,Libya,NewCapacityTechFuel,Solar,2044,0.0
Libya,Libya,NewCapacityTechFuel,Nuclear,2045,0.0
Libya,Libya,NewCapacityTechFuel,Gas,2045,400.0
Libya,Libya,NewCapacityTechFuel,Gas,2045,0.0
Libya,Libya,NewCapacityTechFuel,Gas,2045,0.0
Libya,Libya,NewCapacityTechFuel,Gas,2045,0.0
Libya,Libya,NewCapacityTechFuel,Gas,2045,0.0
Libya,Libya,NewCapacityTechFuel,Gas,2045,400.0
Libya,Libya,NewCapacityTechFuel,Gas,2045,0.0
Libya,Libya,NewCapacityTechFuel,Gas,2045,0.0
Libya,Libya,NewCapacityTechFuel,Gas,2045,0.0
Libya,Libya,NewCapacityTechFuel,Gas,2045,0.0
Libya,Libya,NewCapacityTechFuel,Gas,2045,0.0
Libya,Libya,NewCapacityTechFuel,Gas,2045,0.0
Libya,Libya,NewCapacityTechFuel,Gas,2045,0.0
Libya,Libya,NewCapacityTechFuel,Coal,2045,0.0
Libya,Libya,NewCapacityTechFuel,Coal,2045,0.0
Libya,Libya,NewCapacityTechFuel,Coal,2045,0.0
Libya,Libya,NewCapacityTechFuel,Coal,2045,0.0
Libya,Libya,NewCapacityTechFuel,Geothermal,2045,0.0
Libya,Libya,NewCapacityTechFuel,Geothermal,2045,0.0
Libya,Libya,NewCapacityTechFuel,Diesel,2045,0.0
Libya,Libya,NewCapacityTechFuel,Diesel,2045,0.0
Libya,Libya,NewCapacityTechFuel,Diesel,2045,0.0
Libya,Libya,NewCapacityTechFuel,Diesel,2045,0.0
Libya,Libya,NewCapacityTechFuel,Diesel,2045,0.0
Libya,Libya,NewCapacityTechFuel,Diesel,2045,0.0
Libya,Libya,NewCapacityTechFuel,Diesel,2045,0.0
Libya,Libya,NewCapacityTechFuel,Biomass,2045,0.0
Libya,Libya,NewCapacityTechFuel,Biomass,2045,0.0
Libya,Libya,NewCapacityTechFuel,Biomass,2045,0.0
Libya,Libya,NewCapacityTechFuel,Reservoir,2045,0.0
Libya,Libya,NewCapacityTechFuel,Reservoir,2045,0.0
Libya,Libya,NewCapacityTechFuel,ROR,2045,0.0
Libya,Libya,NewCapacityTechFuel,CSP,2045,0.0
Libya,Libya,NewCapacityTechFuel,CSP,2045,0.0
Libya,Libya,NewCapacityTechFuel,Offshore Wind,2045,0.0
Libya,Libya,NewCapacityTechFuel,Onshore Wind,2045,0.0
Libya,Libya,NewCapacityTechFuel,Onshore Wind,2045,500.0
Libya,Libya,NewCapacityTechFuel,PV,2045,1000.0
Libya,Libya,NewCapacityTechFuel,PV,2045,0.0
Libya,Libya,NewCapacityTechFuel,PV+Storage,2045,0.0
Libya,Libya,NewCapacityTechFuel,Solar Thermal,2045,0.0
Libya,Libya,NewCapacityTechFuel,Battery,2045,0.0
Libya,Libya,NewCapacityTechFuel,PSH,2045,0.0
Libya,Libya,NewCapacityTechFuel,PSH,2045,0.0
Libya,Libya,NewCapacityTechFuel,Imports,2045,0.0
Libya,Libya,NewCapacityTechFuel,Peat,2045,0.0
Libya,Libya,NewCapacityTechFuel,Waste,2045,0.0
Libya,Libya,NewCapacityTechFuel,Methane,2045,0.0
Libya,Libya,NewCapacityTechFuel,Solar,2045,0.0
Libya,Libya,NewCapacityTechFuel,Solar,2045,0.0
Libya,Libya,NewCapacityTechFuel,Nuclear,2046,0.0
Libya,Libya,NewCapacityTechFuel,Gas,2046,400.0
Libya,Libya,NewCapacityTechFuel,Gas,2046,0.0
Libya,Libya,NewCapacityTechFuel,Gas,2046,0.0
Libya,Libya,NewCapacityTechFuel,Gas,2046,0.0
Libya,Libya,NewCapacityTechFuel,Gas,2046,0.0
Libya,Libya,NewCapacityTechFuel,Gas,2046,400.0
Libya,Libya,NewCapacityTechFuel,Gas,2046,0.0
Libya,Libya,NewCapacityTechFuel,Gas,2046,0.0
Libya,Libya,NewCapacityTechFuel,Gas,2046,0.0
Libya,Libya,NewCapacityTechFuel,Gas,2046,0.0
Libya,Libya,NewCapacityTechFuel,Gas,2046,0.0
Libya,Libya,NewCapacityTechFuel,Gas,2046,0.0
Libya,Libya,NewCapacityTechFuel,Gas,2046,0.0
Libya,Libya,NewCapacityTechFuel,Coal,2046,0.0
Libya,Libya,NewCapacityTechFuel,Coal,2046,0.0
Libya,Libya,NewCapacityTechFuel,Coal,2046,0.0
Libya,Libya,NewCapacityTechFuel,Coal,2046,0.0
Libya,Libya,NewCapacityTechFuel,Geothermal,2046,0.0
Libya,Libya,NewCapacityTechFuel,Geothermal,2046,0.0
Libya,Libya,NewCapacityTechFuel,Diesel,2046,0.0
Libya,Libya,NewCapacityTechFuel,Diesel,2046,0.0
Libya,Libya,NewCapacityTechFuel,Diesel,2046,0.0
Libya,Libya,NewCapacityTechFuel,Diesel,2046,0.0
Libya,Libya,NewCapacityTechFuel,Diesel,2046,0.0
Libya,Libya,NewCapacityTechFuel,Diesel,2046,0.0
Libya,Libya,NewCapacityTechFuel,Diesel,2046,0.0
Libya,Libya,NewCapacityTechFuel,Biomass,2046,0.0
Libya,Libya,NewCapacityTechFuel,Biomass,2046,0.0
Libya,Libya,NewCapacityTechFuel,Biomass,2046,0.0
Libya,Libya,NewCapacityTechFuel,Reservoir,2046,0.0
Libya,Libya,NewCapacityTechFuel,Reservoir,2046,0.0
Libya,Libya,NewCapacityTechFuel,ROR,2046,0.0
Libya,Libya,NewCapacityTechFuel,CSP,2046,0.0
Libya,Libya,NewCapacityTechFuel,CSP,2046,0.0
Libya,Libya,NewCapacityTechFuel,Offshore Wind,2046,0.0
Libya,Libya,NewCapacityTechFuel,Onshore Wind,2046,0.0
Libya,Libya,NewCapacityTechFuel,Onshore Wind,2046,500.0
Libya,Libya,NewCapacityTechFuel,PV,2046,1000.0
Libya,Libya,NewCapacityTechFuel,PV,2046,0.0
Libya,Libya,NewCapacityTechFuel,PV+Storage,2046,0.0
Libya,Libya,NewCapacityTechFuel,Solar Thermal,2046,0.0
Libya,Libya,NewCapacityTechFuel,Battery,2046,121.33112006204738
Libya,Libya,NewCapacityTechFuel,PSH,2046,0.0
Libya,Libya,NewCapacityTechFuel,PSH,2046,0.0
Libya,Libya,NewCapacityTechFuel,Imports,2046,0.0
Libya,Libya,NewCapacityTechFuel,Peat,2046,0.0
Libya,Libya,NewCapacityTechFuel,Waste,2046,0.0
Libya,Libya,NewCapacityTechFuel,Methane,2046,0.0
Libya,Libya,NewCapacityTechFuel,Solar,2046,0.0
Libya,Libya,NewCapacityTechFuel,Solar,2046,0.0
Libya,Libya,NewCapacityTechFuel,Nuclear,2047,0.0
Libya,Libya,NewCapacityTechFuel,Gas,2047,400.0
Libya,Libya,NewCapacityTechFuel,Gas,2047,0.0
Libya,Libya,NewCapacityTechFuel,Gas,2047,0.0
Libya,Libya,NewCapacityTechFuel,Gas,2047,0.0
Libya,Libya,NewCapacityTechFuel,Gas,2047,0.0
Libya,Libya,NewCapacityTechFuel,Gas,2047,400.0
Libya,Libya,NewCapacityTechFuel,Gas,2047,0.0
Libya,Libya,NewCapacityTechFuel,Gas,2047,0.0
Libya,Libya,NewCapacityTechFuel,Gas,2047,0.0
Libya,Libya,NewCapacityTechFuel,Gas,2047,0.0
Libya,Libya,NewCapacityTechFuel,Gas,2047,0.0
Libya,Libya,NewCapacityTechFuel,Gas,2047,0.0
Libya,Libya,NewCapacityTechFuel,Gas,2047,0.0
Libya,Libya,NewCapacityTechFuel,Coal,2047,0.0
Libya,Libya,NewCapacityTechFuel,Coal,2047,0.0
Libya,Libya,NewCapacityTechFuel,Coal,2047,0.0
Libya,Libya,NewCapacityTechFuel,Coal,2047,0.0
Libya,Libya,NewCapacityTechFuel,Geothermal,2047,0.0
Libya,Libya,NewCapacityTechFuel,Geothermal,2047,0.0
Libya,Libya,NewCapacityTechFuel,Diesel,2047,0.0
Libya,Libya,NewCapacityTechFuel,Diesel,2047,0.0
Libya,Libya,NewCapacityTechFuel,Diesel,2047,0.0
Libya,Libya,NewCapacityTechFuel,Diesel,2047,0.0
Libya,Libya,NewCapacityTechFuel,Diesel,2047,0.0
Libya,Libya,NewCapacityTechFuel,Diesel,2047,0.0
Libya,Libya,NewCapacityTechFuel,Diesel,2047,0.0
Libya,Libya,NewCapacityTechFuel,Biomass,2047,0.0
Libya,Libya,NewCapacityTechFuel,Biomass,2047,0.0
Libya,Libya,NewCapacityTechFuel,Biomass,2047,0.0
Libya,Libya,NewCapacityTechFuel,Reservoir,2047,0.0
Libya,Libya,NewCapacityTechFuel,Reservoir,2047,0.0
Libya,Libya,NewCapacityTechFuel,ROR,2047,0.0
Libya,Libya,NewCapacityTechFuel,CSP,2047,0.0
Libya,Libya,NewCapacityTechFuel,CSP,2047,0.0
Libya,Libya,NewCapacityTechFuel,Offshore Wind,2047,0.0
Libya,Libya,NewCapacityTechFuel,Onshore Wind,2047,0.0
Libya,Libya,NewCapacityTechFuel,Onshore Wind,2047,500.0
Libya,Libya,NewCapacityTechFuel,PV,2047,1000.0
Libya,Libya,NewCapacityTechFuel,PV,2047,0.0
Libya,Libya,NewCapacityTechFuel,PV+Storage,2047,0.0
Libya,Libya,NewCapacityTechFuel,Solar Thermal,2047,0.0
Libya,Libya,NewCapacityTechFuel,Battery,2047,1000.0
Libya,Libya,NewCapacityTechFuel,PSH,2047,0.0
Libya,Libya,NewCapacityTechFuel,PSH,2047,0.0
Libya,Libya,NewCapacityTechFuel,Imports,2047,0.0
Libya,Libya,NewCapacityTechFuel,Peat,2047,0.0
Libya,Libya,NewCapacityTechFuel,Waste,2047,0.0
Libya,Libya,NewCapacityTechFuel,Methane,2047,0.0
Libya,Libya,NewCapacityTechFuel,Solar,2047,0.0
Libya,Libya,NewCapacityTechFuel,Solar,2047,0.0
Libya,Libya,NewCapacityTechFuel,Nuclear,2048,0.0
Libya,Libya,NewCapacityTechFuel,Gas,2048,400.0
Libya,Libya,NewCapacityTechFuel,Gas,2048,0.0
Libya,Libya,NewCapacityTechFuel,Gas,2048,0.0
Libya,Libya,NewCapacityTechFuel,Gas,2048,0.0
Libya,Libya,NewCapacityTechFuel,Gas,2048,0.0
Libya,Libya,NewCapacityTechFuel,Gas,2048,400.0
Libya,Libya,NewCapacityTechFuel,Gas,2048,0.0
Libya,Libya,NewCapacityTechFuel,Gas,2048,0.0
Libya,Libya,NewCapacityTechFuel,Gas,2048,0.0
Libya,Libya,NewCapacityTechFuel,Gas,2048,0.0
Libya,Libya,NewCapacityTechFuel,Gas,2048,0.0
Libya,Libya,NewCapacityTechFuel,Gas,2048,0.0
Libya,Libya,NewCapacityTechFuel,Gas,2048,0.0
Libya,Libya,NewCapacityTechFuel,Coal,2048,0.0
Libya,Libya,NewCapacityTechFuel,Coal,2048,0.0
Libya,Libya,NewCapacityTechFuel,Coal,2048,0.0
Libya,Libya,NewCapacityTechFuel,Coal,2048,0.0
Libya,Libya,NewCapacityTechFuel,Geothermal,2048,0.0
Libya,Libya,NewCapacityTechFuel,Geothermal,2048,0.0
Libya,Libya,NewCapacityTechFuel,Diesel,2048,0.0
Libya,Libya,NewCapacityTechFuel,Diesel,2048,0.0
Libya,Libya,NewCapacityTechFuel,Diesel,2048,0.0
Libya,Libya,NewCapacityTechFuel,Diesel,2048,0.0
Libya,Libya,NewCapacityTechFuel,Diesel,2048,0.0
Libya,Libya,NewCapacityTechFuel,Diesel,2048,0.0
Libya,Libya,NewCapacityTechFuel,Diesel,2048,0.0
Libya,Libya,NewCapacityTechFuel,Biomass,2048,0.0
Libya,Libya,NewCapacityTechFuel,Biomass,2048,0.0
Libya,Libya,NewCapacityTechFuel,Biomass,2048,0.0
Libya,Libya,NewCapacityTechFuel,Reservoir,2048,0.0
Libya,Libya,NewCapacityTechFuel,Reservoir,2048,0.0
Libya,Libya,NewCapacityTechFuel,ROR,2048,0.0
Libya,Libya,NewCapacityTechFuel,CSP,2048,0.0
Libya,Libya,NewCapacityTechFuel,CSP,2048,0.0
Libya,Libya,NewCapacityTechFuel,Offshore Wind,2048,0.0
Libya,Libya,NewCapacityTechFuel,Onshore Wind,2048,0.0
Libya,Libya,NewCapacityTechFuel,Onshore Wind,2048,500.0
Libya,Libya,NewCapacityTechFuel,PV,2048,1000.0
Libya,Libya,NewCapacityTechFuel,PV,2048,0.0
Libya,Libya,NewCapacityTechFuel,PV+Storage,2048,0.0
Libya,Libya,NewCapacityTechFuel,Solar Thermal,2048,0.0
Libya,Libya,NewCapacityTechFuel,Battery,2048,314.1626499379536
Libya,Libya,NewCapacityTechFuel,PSH,2048,0.0
Libya,Libya,NewCapacityTechFuel,PSH,2048,0.0
Libya,Libya,NewCapacityTechFuel,Imports,2048,0.0
Libya,Libya,NewCapacityTechFuel,Peat,2048,0.0
Libya,Libya,NewCapacityTechFuel,Waste,2048,0.0
Libya,Libya,NewCapacityTechFuel,Methane,2048,0.0
Libya,Libya,NewCapacityTechFuel,Solar,2048,0.0
Libya,Libya,NewCapacityTechFuel,Solar,2048,0.0
Libya,Libya,NewCapacityTechFuel,Nuclear,2049,0.0
Libya,Libya,NewCapacityTechFuel,Gas,2049,400.0
Libya,Libya,NewCapacityTechFuel,Gas,2049,0.0
Libya,Libya,NewCapacityTechFuel,Gas,2049,0.0
Libya,Libya,NewCapacityTechFuel,Gas,2049,0.0
Libya,Libya,NewCapacityTechFuel,Gas,2049,0.0
Libya,Libya,NewCapacityTechFuel,Gas,2049,0.0
Libya,Libya,NewCapacityTechFuel,Gas,2049,0.0
Libya,Libya,NewCapacityTechFuel,Gas,2049,0.0
Libya,Libya,NewCapacityTechFuel,Gas,2049,0.0
Libya,Libya,NewCapacityTechFuel,Gas,2049,0.0
Libya,Libya,NewCapacityTechFuel,Gas,2049,0.0
Libya,Libya,NewCapacityTechFuel,Gas,2049,0.0
Libya,Libya,NewCapacityTechFuel,Gas,2049,0.0
Libya,Libya,NewCapacityTechFuel,Coal,2049,0.0
Libya,Libya,NewCapacityTechFuel,Coal,2049,0.0
Libya,Libya,NewCapacityTechFuel,Coal,2049,0.0
Libya,Libya,NewCapacityTechFuel,Coal,2049,0.0
Libya,Libya,NewCapacityTechFuel,Geothermal,2049,0.0
Libya,Libya,NewCapacityTechFuel,Geothermal,2049,0.0
Libya,Libya,NewCapacityTechFuel,Diesel,2049,0.0
Libya,Libya,NewCapacityTechFuel,Diesel,2049,0.0
Libya,Libya,NewCapacityTechFuel,Diesel,2049,0.0
Libya,Libya,NewCapacityTechFuel,Diesel,2049,0.0
Libya,Libya,NewCapacityTechFuel,Diesel,2049,0.0
Libya,Libya,NewCapacityTechFuel,Diesel,2049,0.0
Libya,Libya,NewCapacityTechFuel,Diesel,2049,0.0
Libya,Libya,NewCapacityTechFuel,Biomass,2049,0.0
Libya,Libya,NewCapacityTechFuel,Biomass,2049,0.0
Libya,Libya,NewCapacityTechFuel,Biomass,2049,0.0
Libya,Libya,NewCapacityTechFuel,Reservoir,2049,0.0
Libya,Libya,NewCapacityTechFuel,Reservoir,2049,0.0
Libya,Libya,NewCapacityTechFuel,ROR,2049,0.0
Libya,Libya,NewCapacityTechFuel,CSP,2049,0.0
Libya,Libya,NewCapacityTechFuel,CSP,2049,0.0
Libya,Libya,NewCapacityTechFuel,Offshore Wind,2049,0.0
Libya,Libya,NewCapacityTechFuel,Onshore Wind,2049,0.0
Libya,Libya,NewCapacityTechFuel,Onshore Wind,2049,500.0
Libya,Libya,NewCapacityTechFuel,PV,2049,1000.0
Libya,Libya,NewCapacityTechFuel,PV,2049,0.0
Libya,Libya,NewCapacityTechFuel,PV+Storage,2049,0.0
Libya,Libya,NewCapacityTechFuel,Solar Thermal,2049,0.0
Libya,Libya,NewCapacityTechFuel,Battery,2049,0.0
Libya,Libya,NewCapacityTechFuel,PSH,2049,0.0
Libya,Libya,NewCapacityTechFuel,PSH,2049,0.0
Libya,Libya,NewCapacityTechFuel,Imports,2049,0.0
Libya,Libya,NewCapacityTechFuel,Peat,2049,0.0
Libya,Libya,NewCapacityTechFuel,Waste,2049,0.0
Libya,Libya,NewCapacityTechFuel,Methane,2049,0.0
Libya,Libya,NewCapacityTechFuel,Solar,2049,0.0
Libya,Libya,NewCapacityTechFuel,Solar,2049,0.0
Libya,Libya,NewCapacityTechFuel,Nuclear,2050,0.0
Libya,Libya,NewCapacityTechFuel,Gas,2050,400.0
Libya,Libya,NewCapacityTechFuel,Gas,2050,0.0
Libya,Libya,NewCapacityTechFuel,Gas,2050,0.0
Libya,Libya,NewCapacityTechFuel,Gas,2050,0.0
Libya,Libya,NewCapacityTechFuel,Gas,2050,0.0
Libya,Libya,NewCapacityTechFuel,Gas,2050,0.0
Libya,Libya,NewCapacityTechFuel,Gas,2050,0.0
Libya,Libya,NewCapacityTechFuel,Gas,2050,0.0
Libya,Libya,NewCapacityTechFuel,Gas,2050,0.0
Libya,Libya,NewCapacityTechFuel,Gas,2050,0.0
Libya,Libya,NewCapacityTechFuel,Gas,2050,0.0
Libya,Libya,NewCapacityTechFuel,Gas,2050,0.0
Libya,Libya,NewCapacityTechFuel,Gas,2050,0.0
Libya,Libya,NewCapacityTechFuel,Coal,2050,0.0
Libya,Libya,NewCapacityTechFuel,Coal,2050,0.0
Libya,Libya,NewCapacityTechFuel,Coal,2050,0.0
Libya,Libya,NewCapacityTechFuel,Coal,2050,0.0
Libya,Libya,NewCapacityTechFuel,Geothermal,2050,0.0
Libya,Libya,NewCapacityTechFuel,Geothermal,2050,0.0
Libya,Libya,NewCapacityTechFuel,Diesel,2050,0.0
Libya,Libya,NewCapacityTechFuel,Diesel,2050,0.0
Libya,Libya,NewCapacityTechFuel,Diesel,2050,0.0
Libya,Libya,NewCapacityTechFuel,Diesel,2050,0.0
Libya,Libya,NewCapacityTechFuel,Diesel,2050,0.0
Libya,Libya,NewCapacityTechFuel,Diesel,2050,0.0
Libya,Libya,NewCapacityTechFuel,Diesel,2050,0.0
Libya,Libya,NewCapacityTechFuel,Biomass,2050,0.0
Libya,Libya,NewCapacityTechFuel,Biomass,2050,0.0
Libya,Libya,NewCapacityTechFuel,Biomass,2050,0.0
Libya,Libya,NewCapacityTechFuel,Reservoir,2050,0.0
Libya,Libya,NewCapacityTechFuel,Reservoir,2050,0.0
Libya,Libya,NewCapacityTechFuel,ROR,2050,0.0
Libya,Libya,NewCapacityTechFuel,CSP,2050,0.0
Libya,Libya,NewCapacityTechFuel,CSP,2050,0.0
Libya,Libya,NewCapacityTechFuel,Offshore Wind,2050,0.0
Libya,Libya,NewCapacityTechFuel,Onshore Wind,2050,0.0
Libya,Libya,NewCapacityTechFuel,Onshore Wind,2050,500.0
Libya,Libya,NewCapacityTechFuel,PV,2050,1000.0
Libya,Libya,NewCapacityTechFuel,PV,2050,0.0
Libya,Libya,NewCapacityTechFuel,PV+Storage,2050,0.0
Libya,Libya,NewCapacityTechFuel,Solar Thermal,2050,0.0
Libya,Libya,NewCapacityTechFuel,Battery,2050,305.11157399999865
Libya,Libya,NewCapacityTechFuel,PSH,2050,0.0
Libya,Libya,NewCapacityTechFuel,PSH,2050,0.0
Libya,Libya,NewCapacityTechFuel,Imports,2050,0.0
Libya,Libya,NewCapacityTechFuel,Peat,2050,0.0
Libya,Libya,NewCapacityTechFuel,Waste,2050,0.0
Libya,Libya,NewCapacityTechFuel,Methane,2050,0.0
Libya,Libya,NewCapacityTechFuel,Solar,2050,0.0
Libya,Libya,NewCapacityTechFuel,Solar,2050,0.0
Libya,Libya,NewCapacityTechFuelCumulated,Nuclear,2028,0.0
Libya,Libya,NewCapacityTechFuelCumulated,Gas,2028,0.0
Libya,Libya,NewCapacityTechFuelCumulated,Gas,2028,0.0
Libya,Libya,NewCapacityTechFuelCumulated,Gas,2028,0.0
Libya,Libya,NewCapacityTechFuelCumulated,Gas,2028,0.0
Libya,Libya,NewCapacityTechFuelCumulated,Gas,2028,0.0
Libya,Libya,NewCapacityTechFuelCumulated,Gas,2028,0.0
Libya,Libya,NewCapacityTechFuelCumulated,Gas,2028,0.0
Libya,Libya,NewCapacityTechFuelCumulated,Gas,2028,1320.0
Libya,Libya,NewCapacityTechFuelCumulated,Gas,2028,0.0
Libya,Libya,NewCapacityTechFuelCumulated,Gas,2028,0.0
Libya,Libya,NewCapacityTechFuelCumulated,Gas,2028,0.0
Libya,Libya,NewCapacityTechFuelCumulated,Gas,2028,0.0
Libya,Libya,NewCapacityTechFuelCumulated,Gas,2028,0.0
Libya,Libya,NewCapacityTechFuelCumulated,Coal,2028,0.0
Libya,Libya,NewCapacityTechFuelCumulated,Coal,2028,0.0
Libya,Libya,NewCapacityTechFuelCumulated,Coal,2028,0.0
Libya,Libya,NewCapacityTechFuelCumulated,Coal,2028,0.0
Libya,Libya,NewCapacityTechFuelCumulated,Geothermal,2028,0.0
Libya,Libya,NewCapacityTechFuelCumulated,Geothermal,2028,0.0
Libya,Libya,NewCapacityTechFuelCumulated,Diesel,2028,0.0
Libya,Libya,NewCapacityTechFuelCumulated,Diesel,2028,0.0
Libya,Libya,NewCapacityTechFuelCumulated,Diesel,2028,0.0
Libya,Libya,NewCapacityTechFuelCumulated,Diesel,2028,0.0
Libya,Libya,NewCapacityTechFuelCumulated,Diesel,2028,0.0
Libya,Libya,NewCapacityTechFuelCumulated,Diesel,2028,0.0
Libya,Libya,NewCapacityTechFuelCumulated,Diesel,2028,0.0
Libya,Libya,NewCapacityTechFuelCumulated,Biomass,2028,0.0
Libya,Libya,NewCapacityTechFuelCumulated,Biomass,2028,0.0
Libya,Libya,NewCapacityTechFuelCumulated,Biomass,2028,0.0
Libya,Libya,NewCapacityTechFuelCumulated,Reservoir,2028,0.0
Libya,Libya,NewCapacityTechFuelCumulated,Reservoir,2028,0.0
Libya,Libya,NewCapacityTechFuelCumulated,ROR,2028,0.0
Libya,Libya,NewCapacityTechFuelCumulated,CSP,2028,0.0
Libya,Libya,NewCapacityTechFuelCumulated,CSP,2028,0.0
Libya,Libya,NewCapacityTechFuelCumulated,Offshore Wind,2028,0.0
Libya,Libya,NewCapacityTechFuelCumulated,Onshore Wind,2028,0.0
Libya,Libya,NewCapacityTechFuelCumulated,Onshore Wind,2028,0.0
Libya,Libya,NewCapacityTechFuelCumulated,PV,2028,0.0
Libya,Libya,NewCapacityTechFuelCumulated,PV,2028,500.0
Libya,Libya,NewCapacityTechFuelCumulated,PV+Storage,2028,0.0
Libya,Libya,NewCapacityTechFuelCumulated,Solar Thermal,2028,0.0
Libya,Libya,NewCapacityTechFuelCumulated,Battery,2028,0.0
Libya,Libya,NewCapacityTechFuelCumulated,PSH,2028,0.0
Libya,Libya,NewCapacityTechFuelCumulated,PSH,2028,0.0
Libya,Libya,NewCapacityTechFuelCumulated,Imports,2028,0.0
Libya,Libya,NewCapacityTechFuelCumulated,Peat,2028,0.0
Libya,Libya,NewCapacityTechFuelCumulated,Waste,2028,0.0
Libya,Libya,NewCapacityTechFuelCumulated,Methane,2028,0.0
Libya,Libya,NewCapacityTechFuelCumulated,Solar,2028,0.0
Libya,Libya,NewCapacityTechFuelCumulated,Solar,2028,0.0
Libya,Libya,NewCapacityTechFuelCumulated,Nuclear,2029,0.0
Libya,Libya,NewCapacityTechFuelCumulated,Gas,2029,0.0
Libya,Libya,NewCapacityTechFuelCumulated,Gas,2029,400.0
Libya,Libya,NewCapacityTechFuelCumulated,Gas,2029,0.0
Libya,Libya,NewCapacityTechFuelCumulated,Gas,2029,0.0
Libya,Libya,NewCapacityTechFuelCumulated,Gas,2029,0.0
Libya,Libya,NewCapacityTechFuelCumulated,Gas,2029,0.0
Libya,Libya,NewCapacityTechFuelCumulated,Gas,2029,0.0
Libya,Libya,NewCapacityTechFuelCumulated,Gas,2029,1320.0
Libya,Libya,NewCapacityTechFuelCumulated,Gas,2029,0.0
Libya,Libya,NewCapacityTechFuelCumulated,Gas,2029,0.0
Libya,Libya,NewCapacityTechFuelCumulated,Gas,2029,0.0
Libya,Libya,NewCapacityTechFuelCumulated,Gas,2029,0.0
Libya,Libya,NewCapacityTechFuelCumulated,Gas,2029,0.0
Libya,Libya,NewCapacityTechFuelCumulated,Coal,2029,0.0
Libya,Libya,NewCapacityTechFuelCumulated,Coal,2029,0.0
Libya,Libya,NewCapacityTechFuelCumulated,Coal,2029,0.0
Libya,Libya,NewCapacityTechFuelCumulated,Coal,2029,0.0
Libya,Libya,NewCapacityTechFuelCumulated,Geothermal,2029,0.0
Libya,Libya,NewCapacityTechFuelCumulated,Geothermal,2029,0.0
Libya,Libya,NewCapacityTechFuelCumulated,Diesel,2029,0.0
Libya,Libya,NewCapacityTechFuelCumulated,Diesel,2029,0.0
Libya,Libya,NewCapacityTechFuelCumulated,Diesel,2029,0.0
Libya,Libya,NewCapacityTechFuelCumulated,Diesel,2029,0.0
Libya,Libya,NewCapacityTechFuelCumulated,Diesel,2029,0.0
Libya,Libya,NewCapacityTechFuelCumulated,Diesel,2029,0.0
Libya,Libya,NewCapacityTechFuelCumulated,Diesel,2029,0.0
Libya,Libya,NewCapacityTechFuelCumulated,Biomass,2029,0.0
Libya,Libya,NewCapacityTechFuelCumulated,Biomass,2029,0.0
Libya,Libya,NewCapacityTechFuelCumulated,Biomass,2029,0.0
Libya,Libya,NewCapacityTechFuelCumulated,Reservoir,2029,0.0
Libya,Libya,NewCapacityTechFuelCumulated,Reservoir,2029,0.0
Libya,Libya,NewCapacityTechFuelCumulated,ROR,2029,0.0
Libya,Libya,NewCapacityTechFuelCumulated,CSP,2029,0.0
Libya,Libya,NewCapacityTechFuelCumulated,CSP,2029,0.0
Libya,Libya,NewCapacityTechFuelCumulated,Offshore Wind,2029,0.0
Libya,Libya,NewCapacityTechFuelCumulated,Onshore Wind,2029,0.0
Libya,Libya,NewCapacityTechFuelCumulated,Onshore Wind,2029,0.0
Libya,Libya,NewCapacityTechFuelCumulated,PV,2029,0.0
Libya,Libya,NewCapacityTechFuelCumulated,PV,2029,1000.0
Libya,Libya,NewCapacityTechFuelCumulated,PV+Storage,2029,0.0
Libya,Libya,NewCapacityTechFuelCumulated,Solar Thermal,2029,0.0
Libya,Libya,NewCapacityTechFuelCumulated,Battery,2029,0.0
Libya,Libya,NewCapacityTechFuelCumulated,PSH,2029,0.0
Libya,Libya,NewCapacityTechFuelCumulated,PSH,2029,0.0
Libya,Libya,NewCapacityTechFuelCumulated,Imports,2029,0.0
Libya,Libya,NewCapacityTechFuelCumulated,Peat,2029,0.0
Libya,Libya,NewCapacityTechFuelCumulated,Waste,2029,0.0
Libya,Libya,NewCapacityTechFuelCumulated,Methane,2029,0.0
Libya,Libya,NewCapacityTechFuelCumulated,Solar,2029,0.0
Libya,Libya,NewCapacityTechFuelCumulated,Solar,2029,0.0
Libya,Libya,NewCapacityTechFuelCumulated,Nuclear,2030,0.0
Libya,Libya,NewCapacityTechFuelCumulated,Gas,2030,0.0
Libya,Libya,NewCapacityTechFuelCumulated,Gas,2030,800.0
Libya,Libya,NewCapacityTechFuelCumulated,Gas,2030,0.0
Libya,Libya,NewCapacityTechFuelCumulated,Gas,2030,0.0
Libya,Libya,NewCapacityTechFuelCumulated,Gas,2030,0.0
Libya,Libya,NewCapacityTechFuelCumulated,Gas,2030,0.0
Libya,Libya,NewCapacityTechFuelCumulated,Gas,2030,0.0
Libya,Libya,NewCapacityTechFuelCumulated,Gas,2030,1320.0
Libya,Libya,NewCapacityTechFuelCumulated,Gas,2030,0.0
Libya,Libya,NewCapacityTechFuelCumulated,Gas,2030,0.0
Libya,Libya,NewCapacityTechFuelCumulated,Gas,2030,0.0
Libya,Libya,NewCapacityTechFuelCumulated,Gas,2030,0.0
Libya,Libya,NewCapacityTechFuelCumulated,Gas,2030,0.0
Libya,Libya,NewCapacityTechFuelCumulated,Coal,2030,0.0
Libya,Libya,NewCapacityTechFuelCumulated,Coal,2030,0.0
Libya,Libya,NewCapacityTechFuelCumulated,Coal,2030,0.0
Libya,Libya,NewCapacityTechFuelCumulated,Coal,2030,0.0
Libya,Libya,NewCapacityTechFuelCumulated,Geothermal,2030,0.0
Libya,Libya,NewCapacityTechFuelCumulated,Geothermal,2030,0.0
Libya,Libya,NewCapacityTechFuelCumulated,Diesel,2030,0.0
Libya,Libya,NewCapacityTechFuelCumulated,Diesel,2030,0.0
Libya,Libya,NewCapacityTechFuelCumulated,Diesel,2030,0.0
Libya,Libya,NewCapacityTechFuelCumulated,Diesel,2030,0.0
Libya,Libya,NewCapacityTechFuelCumulated,Diesel,2030,0.0
Libya,Libya,NewCapacityTechFuelCumulated,Diesel,2030,0.0
Libya,Libya,NewCapacityTechFuelCumulated,Diesel,2030,0.0
Libya,Libya,NewCapacityTechFuelCumulated,Biomass,2030,0.0
Libya,Libya,NewCapacityTechFuelCumulated,Biomass,2030,0.0
Libya,Libya,NewCapacityTechFuelCumulated,Biomass,2030,0.0
Libya,Libya,NewCapacityTechFuelCumulated,Reservoir,2030,0.0
Libya,Libya,NewCapacityTechFuelCumulated,Reservoir,2030,0.0
Libya,Libya,NewCapacityTechFuelCumulated,ROR,2030,0.0
Libya,Libya,NewCapacityTechFuelCumulated,CSP,2030,0.0
Libya,Libya,NewCapacityTechFuelCumulated,CSP,2030,0.0
Libya,Libya,NewCapacityTechFuelCumulated,Offshore Wind,2030,0.0
Libya,Libya,NewCapacityTechFuelCumulated,Onshore Wind,2030,0.0
Libya,Libya,NewCapacityTechFuelCumulated,Onshore Wind,2030,0.0
Libya,Libya,NewCapacityTechFuelCumulated,PV,2030,0.0
Libya,Libya,NewCapacityTechFuelCumulated,PV,2030,1500.0
Libya,Libya,NewCapacityTechFuelCumulated,PV+Storage,2030,0.0
Libya,Libya,NewCapacityTechFuelCumulated,Solar Thermal,2030,0.0
Libya,Libya,NewCapacityTechFuelCumulated,Battery,2030,0.0
Libya,Libya,NewCapacityTechFuelCumulated,PSH,2030,0.0
Libya,Libya,NewCapacityTechFuelCumulated,PSH,2030,0.0
Libya,Libya,NewCapacityTechFuelCumulated,Imports,2030,0.0
Libya,Libya,NewCapacityTechFuelCumulated,Peat,2030,0.0
Libya,Libya,NewCapacityTechFuelCumulated,Waste,2030,0.0
Libya,Libya,NewCapacityTechFuelCumulated,Methane,2030,0.0
Libya,Libya,NewCapacityTechFuelCumulated,Solar,2030,0.0
Libya,Libya,NewCapacityTechFuelCumulated,Solar,2030,0.0
Libya,Libya,NewCapacityTechFuelCumulated,Nuclear,2031,0.0
Libya,Libya,NewCapacityTechFuelCumulated,Gas,2031,0.0
Libya,Libya,NewCapacityTechFuelCumulated,Gas,2031,1200.0
Libya,Libya,NewCapacityTechFuelCumulated,Gas,2031,0.0
Libya,Libya,NewCapacityTechFuelCumulated,Gas,2031,0.0
Libya,Libya,NewCapacityTechFuelCumulated,Gas,2031,0.0
Libya,Libya,NewCapacityTechFuelCumulated,Gas,2031,0.0
Libya,Libya,NewCapacityTechFuelCumulated,Gas,2031,0.0
Libya,Libya,NewCapacityTechFuelCumulated,Gas,2031,1320.0
Libya,Libya,NewCapacityTechFuelCumulated,Gas,2031,0.0
Libya,Libya,NewCapacityTechFuelCumulated,Gas,2031,0.0
Libya,Libya,NewCapacityTechFuelCumulated,Gas,2031,0.0
Libya,Libya,NewCapacityTechFuelCumulated,Gas,2031,0.0
Libya,Libya,NewCapacityTechFuelCumulated,Gas,2031,0.0
Libya,Libya,NewCapacityTechFuelCumulated,Coal,2031,0.0
Libya,Libya,NewCapacityTechFuelCumulated,Coal,2031,0.0
Libya,Libya,NewCapacityTechFuelCumulated,Coal,2031,0.0
Libya,Libya,NewCapacityTechFuelCumulated,Coal,2031,0.0
Libya,Libya,NewCapacityTechFuelCumulated,Geothermal,2031,0.0
Libya,Libya,NewCapacityTechFuelCumulated,Geothermal,2031,0.0
Libya,Libya,NewCapacityTechFuelCumulated,Diesel,2031,0.0
Libya,Libya,NewCapacityTechFuelCumulated,Diesel,2031,0.0
Libya,Libya,NewCapacityTechFuelCumulated,Diesel,2031,0.0
Libya,Libya,NewCapacityTechFuelCumulated,Diesel,2031,0.0
Libya,Libya,NewCapacityTechFuelCumulated,Diesel,2031,0.0
Libya,Libya,NewCapacityTechFuelCumulated,Diesel,2031,0.0
Libya,Libya,NewCapacityTechFuelCumulated,Diesel,2031,0.0
Libya,Libya,NewCapacityTechFuelCumulated,Biomass,2031,0.0
Libya,Libya,NewCapacityTechFuelCumulated,Biomass,2031,0.0
Libya,Libya,NewCapacityTechFuelCumulated,Biomass,2031,0.0
Libya,Libya,NewCapacityTechFuelCumulated,Reservoir,2031,0.0
Libya,Libya,NewCapacityTechFuelCumulated,Reservoir,2031,0.0
Libya,Libya,NewCapacityTechFuelCumulated,ROR,2031,0.0
Libya,Libya,NewCapacityTechFuelCumulated,CSP,2031,0.0
Libya,Libya,NewCapacityTechFuelCumulated,CSP,2031,0.0
Libya,Libya,NewCapacityTechFuelCumulated,Offshore Wind,2031,0.0
Libya,Libya,NewCapacityTechFuelCumulated,Onshore Wind,2031,500.0
Libya,Libya,NewCapacityTechFuelCumulated,Onshore Wind,2031,0.0
Libya,Libya,NewCapacityTechFuelCumulated,PV,2031,0.0
Libya,Libya,NewCapacityTechFuelCumulated,PV,2031,2000.0
Libya,Libya,NewCapacityTechFuelCumulated,PV+Storage,2031,0.0
Libya,Libya,NewCapacityTechFuelCumulated,Solar Thermal,2031,0.0
Libya,Libya,NewCapacityTechFuelCumulated,Battery,2031,0.0
Libya,Libya,NewCapacityTechFuelCumulated,PSH,2031,0.0
Libya,Libya,NewCapacityTechFuelCumulated,PSH,2031,0.0
Libya,Libya,NewCapacityTechFuelCumulated,Imports,2031,0.0
Libya,Libya,NewCapacityTechFuelCumulated,Peat,2031,0.0
Libya,Libya,NewCapacityTechFuelCumulated,Waste,2031,0.0
Libya,Libya,NewCapacityTechFuelCumulated,Methane,2031,0.0
Libya,Libya,NewCapacityTechFuelCumulated,Solar,2031,0.0
Libya,Libya,NewCapacityTechFuelCumulated,Solar,2031,0.0
Libya,Libya,NewCapacityTechFuelCumulated,Nuclear,2032,0.0
Libya,Libya,NewCapacityTechFuelCumulated,Gas,2032,0.0
Libya,Libya,NewCapacityTechFuelCumulated,Gas,2032,1600.0
Libya,Libya,NewCapacityTechFuelCumulated,Gas,2032,0.0
Libya,Libya,NewCapacityTechFuelCumulated,Gas,2032,0.0
Libya,Libya,NewCapacityTechFuelCumulated,Gas,2032,0.0
Libya,Libya,NewCapacityTechFuelCumulated,Gas,2032,0.0
Libya,Libya,NewCapacityTechFuelCumulated,Gas,2032,0.0
Libya,Libya,NewCapacityTechFuelCumulated,Gas,2032,1720.0
Libya,Libya,NewCapacityTechFuelCumulated,Gas,2032,0.0
Libya,Libya,NewCapacityTechFuelCumulated,Gas,2032,0.0
Libya,Libya,NewCapacityTechFuelCumulated,Gas,2032,0.0
Libya,Libya,NewCapacityTechFuelCumulated,Gas,2032,0.0
Libya,Libya,NewCapacityTechFuelCumulated,Gas,2032,0.0
Libya,Libya,NewCapacityTechFuelCumulated,Coal,2032,0.0
Libya,Libya,NewCapacityTechFuelCumulated,Coal,2032,0.0
Libya,Libya,NewCapacityTechFuelCumulated,Coal,2032,0.0
Libya,Libya,NewCapacityTechFuelCumulated,Coal,2032,0.0
Libya,Libya,NewCapacityTechFuelCumulated,Geothermal,2032,0.0
Libya,Libya,NewCapacityTechFuelCumulated,Geothermal,2032,0.0
Libya,Libya,NewCapacityTechFuelCumulated,Diesel,2032,0.0
Libya,Libya,NewCapacityTechFuelCumulated,Diesel,2032,0.0
Libya,Libya,NewCapacityTechFuelCumulated,Diesel,2032,0.0
Libya,Libya,NewCapacityTechFuelCumulated,Diesel,2032,0.0
Libya,Libya,NewCapacityTechFuelCumulated,Diesel,2032,0.0
Libya,Libya,NewCapacityTechFuelCumulated,Diesel,2032,0.0
Libya,Libya,NewCapacityTechFuelCumulated,Diesel,2032,0.0
Libya,Libya,NewCapacityTechFuelCumulated,Biomass,2032,0.0
Libya,Libya,NewCapacityTechFuelCumulated,Biomass,2032,0.0
Libya,Libya,NewCapacityTechFuelCumulated,Biomass,2032,0.0
Libya,Libya,NewCapacityTechFuelCumulated,Reservoir,2032,0.0
Libya,Libya,NewCapacityTechFuelCumulated,Reservoir,2032,0.0
Libya,Libya,NewCapacityTechFuelCumulated,ROR,2032,0.0
Libya,Libya,NewCapacityTechFuelCumulated,CSP,2032,0.0
Libya,Libya,NewCapacityTechFuelCumulated,CSP,2032,0.0
Libya,Libya,NewCapacityTechFuelCumulated,Offshore Wind,2032,0.0
Libya,Libya,NewCapacityTechFuelCumulated,Onshore Wind,2032,1000.0
Libya,Libya,NewCapacityTechFuelCumulated,Onshore Wind,2032,0.0
Libya,Libya,NewCapacityTechFuelCumulated,PV,2032,0.0
Libya,Libya,NewCapacityTechFuelCumulated,PV,2032,2500.0
Libya,Libya,NewCapacityTechFuelCumulated,PV+Storage,2032,0.0
Libya,Libya,NewCapacityTechFuelCumulated,Solar Thermal,2032,0.0
Libya,Libya,NewCapacityTechFuelCumulated,Battery,2032,0.0
Libya,Libya,NewCapacityTechFuelCumulated,PSH,2032,0.0
Libya,Libya,NewCapacityTechFuelCumulated,PSH,2032,0.0
Libya,Libya,NewCapacityTechFuelCumulated,Imports,2032,0.0
Libya,Libya,NewCapacityTechFuelCumulated,Peat,2032,0.0
Libya,Libya,NewCapacityTechFuelCumulated,Waste,2032,0.0
Libya,Libya,NewCapacityTechFuelCumulated,Methane,2032,0.0
Libya,Libya,NewCapacityTechFuelCumulated,Solar,2032,0.0
Libya,Libya,NewCapacityTechFuelCumulated,Solar,2032,0.0
Libya,Libya,NewCapacityTechFuelCumulated,Nuclear,2033,0.0
Libya,Libya,NewCapacityTechFuelCumulated,Gas,2033,0.0
Libya,Libya,NewCapacityTechFuelCumulated,Gas,2033,2000.0
Libya,Libya,NewCapacityTechFuelCumulated,Gas,2033,0.0
Libya,Libya,NewCapacityTechFuelCumulated,Gas,2033,0.0
Libya,Libya,NewCapacityTechFuelCumulated,Gas,2033,0.0
Libya,Libya,NewCapacityTechFuelCumulated,Gas,2033,0.0
Libya,Libya,NewCapacityTechFuelCumulated,Gas,2033,0.0
Libya,Libya,NewCapacityTechFuelCumulated,Gas,2033,2120.0
Libya,Libya,NewCapacityTechFuelCumulated,Gas,2033,0.0
Libya,Libya,NewCapacityTechFuelCumulated,Gas,2033,0.0
Libya,Libya,NewCapacityTechFuelCumulated,Gas,2033,0.0
Libya,Libya,NewCapacityTechFuelCumulated,Gas,2033,0.0
Libya,Libya,NewCapacityTechFuelCumulated,Gas,2033,0.0
Libya,Libya,NewCapacityTechFuelCumulated,Coal,2033,0.0
Libya,Libya,NewCapacityTechFuelCumulated,Coal,2033,0.0
Libya,Libya,NewCapacityTechFuelCumulated,Coal,2033,0.0
Libya,Libya,NewCapacityTechFuelCumulated,Coal,2033,0.0
Libya,Libya,NewCapacityTechFuelCumulated,Geothermal,2033,0.0
Libya,Libya,NewCapacityTechFuelCumulated,Geothermal,2033,0.0
Libya,Libya,NewCapacityTechFuelCumulated,Diesel,2033,0.0
Libya,Libya,NewCapacityTechFuelCumulated,Diesel,2033,0.0
Libya,Libya,NewCapacityTechFuelCumulated,Diesel,2033,0.0
Libya,Libya,NewCapacityTechFuelCumulated,Diesel,2033,0.0
Libya,Libya,NewCapacityTechFuelCumulated,Diesel,2033,0.0
Libya,Libya,NewCapacityTechFuelCumulated,Diesel,2033,0.0
Libya,Libya,NewCapacityTechFuelCumulated,Diesel,2033,0.0
Libya,Libya,NewCapacityTechFuelCumulated,Biomass,2033,0.0
Libya,Libya,NewCapacityTechFuelCumulated,Biomass,2033,0.0
Libya,Libya,NewCapacityTechFuelCumulated,Biomass,2033,0.0
Libya,Libya,NewCapacityTechFuelCumulated,Reservoir,2033,0.0
Libya,Libya,NewCapacityTechFuelCumulated,Reservoir,2033,0.0
Libya,Libya,NewCapacityTechFuelCumulated,ROR,2033,0.0
Libya,Libya,NewCapacityTechFuelCumulated,CSP,2033,0.0
Libya,Libya,NewCapacityTechFuelCumulated,CSP,2033,0.0
Libya,Libya,NewCapacityTechFuelCumulated,Offshore Wind,2033,0.0
Libya,Libya,NewCapacityTechFuelCumulated,Onshore Wind,2033,1500.0
Libya,Libya,NewCapacityTechFuelCumulated,Onshore Wind,2033,0.0
Libya,Libya,NewCapacityTechFuelCumulated,PV,2033,0.0
Libya,Libya,NewCapacityTechFuelCumulated,PV,2033,3000.0
Libya,Libya,NewCapacityTechFuelCumulated,PV+Storage,2033,0.0
Libya,Libya,NewCapacityTechFuelCumulated,Solar Thermal,2033,0.0
Libya,Libya,NewCapacityTechFuelCumulated,Battery,2033,0.0
Libya,Libya,NewCapacityTechFuelCumulated,PSH,2033,0.0
Libya,Libya,NewCapacityTechFuelCumulated,PSH,2033,0.0
Libya,Libya,NewCapacityTechFuelCumulated,Imports,2033,0.0
Libya,Libya,NewCapacityTechFuelCumulated,Peat,2033,0.0
Libya,Libya,NewCapacityTechFuelCumulated,Waste,2033,0.0
Libya,Libya,NewCapacityTechFuelCumulated,Methane,2033,0.0
Libya,Libya,NewCapacityTechFuelCumulated,Solar,2033,0.0
Libya,Libya,NewCapacityTechFuelCumulated,Solar,2033,0.0
Libya,Libya,NewCapacityTechFuelCumulated,Nuclear,2034,0.0
Libya,Libya,NewCapacityTechFuelCumulated,Gas,2034,0.0
Libya,Libya,NewCapacityTechFuelCumulated,Gas,2034,2400.0
Libya,Libya,NewCapacityTechFuelCumulated,Gas,2034,0.0
Libya,Libya,NewCapacityTechFuelCumulated,Gas,2034,0.0
Libya,Libya,NewCapacityTechFuelCumulated,Gas,2034,0.0
Libya,Libya,NewCapacityTechFuelCumulated,Gas,2034,0.0
Libya,Libya,NewCapacityTechFuelCumulated,Gas,2034,0.0
Libya,Libya,NewCapacityTechFuelCumulated,Gas,2034,2520.0
Libya,Libya,NewCapacityTechFuelCumulated,Gas,2034,0.0
Libya,Libya,NewCapacityTechFuelCumulated,Gas,2034,0.0
Libya,Libya,NewCapacityTechFuelCumulated,Gas,2034,0.0
Libya,Libya,NewCapacityTechFuelCumulated,Gas,2034,0.0
Libya,Libya,NewCapacityTechFuelCumulated,Gas,2034,0.0
Libya,Libya,NewCapacityTechFuelCumulated,Coal,2034,0.0
Libya,Libya,NewCapacityTechFuelCumulated,Coal,2034,0.0
Libya,Libya,NewCapacityTechFuelCumulated,Coal,2034,0.0
Libya,Libya,NewCapacityTechFuelCumulated,Coal,2034,0.0
Libya,Libya,NewCapacityTechFuelCumulated,Geothermal,2034,0.0
Libya,Libya,NewCapacityTechFuelCumulated,Geothermal,2034,0.0
Libya,Libya,NewCapacityTechFuelCumulated,Diesel,2034,0.0
Libya,Libya,NewCapacityTechFuelCumulated,Diesel,2034,0.0
Libya,Libya,NewCapacityTechFuelCumulated,Diesel,2034,0.0
Libya,Libya,NewCapacityTechFuelCumulated,Diesel,2034,0.0
Libya,Libya,NewCapacityTechFuelCumulated,Diesel,2034,0.0
Libya,Libya,NewCapacityTechFuelCumulated,Diesel,2034,0.0
Libya,Libya,NewCapacityTechFuelCumulated,Diesel,2034,0.0
Libya,Libya,NewCapacityTechFuelCumulated,Biomass,2034,0.0
Libya,Libya,NewCapacityTechFuelCumulated,Biomass,2034,0.0
Libya,Libya,NewCapacityTechFuelCumulated,Biomass,2034,0.0
Libya,Libya,NewCapacityTechFuelCumulated,Reservoir,2034,0.0
Libya,Libya,NewCapacityTechFuelCumulated,Reservoir,2034,0.0
Libya,Libya,NewCapacityTechFuelCumulated,ROR,2034,0.0
Libya,Libya,NewCapacityTechFuelCumulated,CSP,2034,0.0
Libya,Libya,NewCapacityTechFuelCumulated,CSP,2034,0.0
Libya,Libya,NewCapacityTechFuelCumulated,Offshore Wind,2034,0.0
Libya,Libya,NewCapacityTechFuelCumulated,Onshore Wind,2034,2000.0
Libya,Libya,NewCapacityTechFuelCumulated,Onshore Wind,2034,0.0
Libya,Libya,NewCapacityTechFuelCumulated,PV,2034,0.0
Libya,Libya,NewCapacityTechFuelCumulated,PV,2034,3500.0
Libya,Libya,NewCapacityTechFuelCumulated,PV+Storage,2034,0.0
Libya,Libya,NewCapacityTechFuelCumulated,Solar Thermal,2034,0.0
Libya,Libya,NewCapacityTechFuelCumulated,Battery,2034,0.0
Libya,Libya,NewCapacityTechFuelCumulated,PSH,2034,0.0
Libya,Libya,NewCapacityTechFuelCumulated,PSH,2034,0.0
Libya,Libya,NewCapacityTechFuelCumulated,Imports,2034,0.0
Libya,Libya,NewCapacityTechFuelCumulated,Peat,2034,0.0
Libya,Libya,NewCapacityTechFuelCumulated,Waste,2034,0.0
Libya,Libya,NewCapacityTechFuelCumulated,Methane,2034,0.0
Libya,Libya,NewCapacityTechFuelCumulated,Solar,2034,0.0
Libya,Libya,NewCapacityTechFuelCumulated,Solar,2034,0.0
Libya,Libya,NewCapacityTechFuelCumulated,Nuclear,2035,0.0
Libya,Libya,NewCapacityTechFuelCumulated,Gas,2035,0.0
Libya,Libya,NewCapacityTechFuelCumulated,Gas,2035,2800.0
Libya,Libya,NewCapacityTechFuelCumulated,Gas,2035,0.0
Libya,Libya,NewCapacityTechFuelCumulated,Gas,2035,0.0
Libya,Libya,NewCapacityTechFuelCumulated,Gas,2035,0.0
Libya,Libya,NewCapacityTechFuelCumulated,Gas,2035,0.0
Libya,Libya,NewCapacityTechFuelCumulated,Gas,2035,0.0
Libya,Libya,NewCapacityTechFuelCumulated,Gas,2035,2920.0
Libya,Libya,NewCapacityTechFuelCumulated,Gas,2035,0.0
Libya,Libya,NewCapacityTechFuelCumulated,Gas,2035,0.0
Libya,Libya,NewCapacityTechFuelCumulated,Gas,2035,0.0
Libya,Libya,NewCapacityTechFuelCumulated,Gas,2035,0.0
Libya,Libya,NewCapacityTechFuelCumulated,Gas,2035,0.0
Libya,Libya,NewCapacityTechFuelCumulated,Coal,2035,0.0
Libya,Libya,NewCapacityTechFuelCumulated,Coal,2035,0.0
Libya,Libya,NewCapacityTechFuelCumulated,Coal,2035,0.0
Libya,Libya,NewCapacityTechFuelCumulated,Coal,2035,0.0
Libya,Libya,NewCapacityTechFuelCumulated,Geothermal,2035,0.0
Libya,Libya,NewCapacityTechFuelCumulated,Geothermal,2035,0.0
Libya,Libya,NewCapacityTechFuelCumulated,Diesel,2035,0.0
Libya,Libya,NewCapacityTechFuelCumulated,Diesel,2035,0.0
Libya,Libya,NewCapacityTechFuelCumulated,Diesel,2035,0.0
Libya,Libya,NewCapacityTechFuelCumulated,Diesel,2035,0.0
Libya,Libya,NewCapacityTechFuelCumulated,Diesel,2035,0.0
Libya,Libya,NewCapacityTechFuelCumulated,Diesel,2035,0.0
Libya,Libya,NewCapacityTechFuelCumulated,Diesel,2035,0.0
Libya,Libya,NewCapacityTechFuelCumulated,Biomass,2035,0.0
Libya,Libya,NewCapacityTechFuelCumulated,Biomass,2035,0.0
Libya,Libya,NewCapacityTechFuelCumulated,Biomass,2035,0.0
Libya,Libya,NewCapacityTechFuelCumulated,Reservoir,2035,0.0
Libya,Libya,NewCapacityTechFuelCumulated,Reservoir,2035,0.0
Libya,Libya,NewCapacityTechFuelCumulated,ROR,2035,0.0
Libya,Libya,NewCapacityTechFuelCumulated,CSP,2035,0.0
Libya,Libya,NewCapacityTechFuelCumulated,CSP,2035,0.0
Libya,Libya,NewCapacityTechFuelCumulated,Offshore Wind,2035,0.0
Libya,Libya,NewCapacityTechFuelCumulated,Onshore Wind,2035,2500.0
Libya,Libya,NewCapacityTechFuelCumulated,Onshore Wind,2035,0.0
Libya,Libya,NewCapacityTechFuelCumulated,PV,2035,0.0
Libya,Libya,NewCapacityTechFuelCumulated,PV,2035,4500.0
Libya,Libya,NewCapacityTechFuelCumulated,PV+Storage,2035,0.0
Libya,Libya,NewCapacityTechFuelCumulated,Solar Thermal,2035,0.0
Libya,Libya,NewCapacityTechFuelCumulated,Battery,2035,0.0
Libya,Libya,NewCapacityTechFuelCumulated,PSH,2035,0.0
Libya,Libya,NewCapacityTechFuelCumulated,PSH,2035,0.0
Libya,Libya,NewCapacityTechFuelCumulated,Imports,2035,0.0
Libya,Libya,NewCapacityTechFuelCumulated,Peat,2035,0.0
Libya,Libya,NewCapacityTechFuelCumulated,Waste,2035,0.0
Libya,Libya,NewCapacityTechFuelCumulated,Methane,2035,0.0
Libya,Libya,NewCapacityTechFuelCumulated,Solar,2035,0.0
Libya,Libya,NewCapacityTechFuelCumulated,Solar,2035,0.0
Libya,Libya,NewCapacityTechFuelCumulated,Nuclear,2036,0.0
Libya,Libya,NewCapacityTechFuelCumulated,Gas,2036,0.0
Libya,Libya,NewCapacityTechFuelCumulated,Gas,2036,3200.0
Libya,Libya,NewCapacityTechFuelCumulated,Gas,2036,0.0
Libya,Libya,NewCapacityTechFuelCumulated,Gas,2036,0.0
Libya,Libya,NewCapacityTechFuelCumulated,Gas,2036,0.0
Libya,Libya,NewCapacityTechFuelCumulated,Gas,2036,0.0
Libya,Libya,NewCapacityTechFuelCumulated,Gas,2036,0.0
Libya,Libya,NewCapacityTechFuelCumulated,Gas,2036,3320.0
Libya,Libya,NewCapacityTechFuelCumulated,Gas,2036,0.0
Libya,Libya,NewCapacityTechFuelCumulated,Gas,2036,0.0
Libya,Libya,NewCapacityTechFuelCumulated,Gas,2036,0.0
Libya,Libya,NewCapacityTechFuelCumulated,Gas,2036,0.0
Libya,Libya,NewCapacityTechFuelCumulated,Gas,2036,0.0
Libya,Libya,NewCapacityTechFuelCumulated,Coal,2036,0.0
Libya,Libya,NewCapacityTechFuelCumulated,Coal,2036,0.0
Libya,Libya,NewCapacityTechFuelCumulated,Coal,2036,0.0
Libya,Libya,NewCapacityTechFuelCumulated,Coal,2036,0.0
Libya,Libya,NewCapacityTechFuelCumulated,Geothermal,2036,0.0
Libya,Libya,NewCapacityTechFuelCumulated,Geothermal,2036,0.0
Libya,Libya,NewCapacityTechFuelCumulated,Diesel,2036,0.0
Libya,Libya,NewCapacityTechFuelCumulated,Diesel,2036,0.0
Libya,Libya,NewCapacityTechFuelCumulated,Diesel,2036,0.0
Libya,Libya,NewCapacityTechFuelCumulated,Diesel,2036,0.0
Libya,Libya,NewCapacityTechFuelCumulated,Diesel,2036,0.0
Libya,Libya,NewCapacityTechFuelCumulated,Diesel,2036,0.0
Libya,Libya,NewCapacityTechFuelCumulated,Diesel,2036,0.0
Libya,Libya,NewCapacityTechFuelCumulated,Biomass,2036,0.0
Libya,Libya,NewCapacityTechFuelCumulated,Biomass,2036,0.0
Libya,Libya,NewCapacityTechFuelCumulated,Biomass,2036,0.0
Libya,Libya,NewCapacityTechFuelCumulated,Reservoir,2036,0.0
Libya,Libya,NewCapacityTechFuelCumulated,Reservoir,2036,0.0
Libya,Libya,NewCapacityTechFuelCumulated,ROR,2036,0.0
Libya,Libya,NewCapacityTechFuelCumulated,CSP,2036,0.0
Libya,Libya,NewCapacityTechFuelCumulated,CSP,2036,0.0
Libya,Libya,NewCapacityTechFuelCumulated,Offshore Wind,2036,0.0
Libya,Libya,NewCapacityTechFuelCumulated,Onshore Wind,2036,3000.0
Libya,Libya,NewCapacityTechFuelCumulated,Onshore Wind,2036,0.0
Libya,Libya,NewCapacityTechFuelCumulated,PV,2036,0.0
Libya,Libya,NewCapacityTechFuelCumulated,PV,2036,5500.0
Libya,Libya,NewCapacityTechFuelCumulated,PV+Storage,2036,0.0
Libya,Libya,NewCapacityTechFuelCumulated,Solar Thermal,2036,0.0
Libya,Libya,NewCapacityTechFuelCumulated,Battery,2036,0.0
Libya,Libya,NewCapacityTechFuelCumulated,PSH,2036,0.0
Libya,Libya,NewCapacityTechFuelCumulated,PSH,2036,0.0
Libya,Libya,NewCapacityTechFuelCumulated,Imports,2036,0.0
Libya,Libya,NewCapacityTechFuelCumulated,Peat,2036,0.0
Libya,Libya,NewCapacityTechFuelCumulated,Waste,2036,0.0
Libya,Libya,NewCapacityTechFuelCumulated,Methane,2036,0.0
Libya,Libya,NewCapacityTechFuelCumulated,Solar,2036,0.0
Libya,Libya,NewCapacityTechFuelCumulated,Solar,2036,0.0
Libya,Libya,NewCapacityTechFuelCumulated,Nuclear,2037,0.0
Libya,Libya,NewCapacityTechFuelCumulated,Gas,2037,0.0
Libya,Libya,NewCapacityTechFuelCumulated,Gas,2037,3600.0
Libya,Libya,NewCapacityTechFuelCumulated,Gas,2037,0.0
Libya,Libya,NewCapacityTechFuelCumulated,Gas,2037,0.0
Libya,Libya,NewCapacityTechFuelCumulated,Gas,2037,0.0
Libya,Libya,NewCapacityTechFuelCumulated,Gas,2037,0.0
Libya,Libya,NewCapacityTechFuelCumulated,Gas,2037,0.0
Libya,Libya,NewCapacityTechFuelCumulated,Gas,2037,3720.0
Libya,Libya,NewCapacityTechFuelCumulated,Gas,2037,0.0
Libya,Libya,NewCapacityTechFuelCumulated,Gas,2037,0.0
Libya,Libya,NewCapacityTechFuelCumulated,Gas,2037,0.0
Libya,Libya,NewCapacityTechFuelCumulated,Gas,2037,0.0
Libya,Libya,NewCapacityTechFuelCumulated,Gas,2037,0.0
Libya,Libya,NewCapacityTechFuelCumulated,Coal,2037,0.0
Libya,Libya,NewCapacityTechFuelCumulated,Coal,2037,0.0
Libya,Libya,NewCapacityTechFuelCumulated,Coal,2037,0.0
Libya,Libya,NewCapacityTechFuelCumulated,Coal,2037,0.0
Libya,Libya,NewCapacityTechFuelCumulated,Geothermal,2037,0.0
Libya,Libya,NewCapacityTechFuelCumulated,Geothermal,2037,0.0
Libya,Libya,NewCapacityTechFuelCumulated,Diesel,2037,0.0
Libya,Libya,NewCapacityTechFuelCumulated,Diesel,2037,0.0
Libya,Libya,NewCapacityTechFuelCumulated,Diesel,2037,0.0
Libya,Libya,NewCapacityTechFuelCumulated,Diesel,2037,0.0
Libya,Libya,NewCapacityTechFuelCumulated,Diesel,2037,0.0
Libya,Libya,NewCapacityTechFuelCumulated,Diesel,2037,0.0
Libya,Libya,NewCapacityTechFuelCumulated,Diesel,2037,0.0
Libya,Libya,NewCapacityTechFuelCumulated,Biomass,2037,0.0
Libya,Libya,NewCapacityTechFuelCumulated,Biomass,2037,0.0
Libya,Libya,NewCapacityTechFuelCumulated,Biomass,2037,0.0
Libya,Libya,NewCapacityTechFuelCumulated,Reservoir,2037,0.0
Libya,Libya,NewCapacityTechFuelCumulated,Reservoir,2037,0.0
Libya,Libya,NewCapacityTechFuelCumulated,ROR,2037,0.0
Libya,Libya,NewCapacityTechFuelCumulated,CSP,2037,0.0
Libya,Libya,NewCapacityTechFuelCumulated,CSP,2037,0.0
Libya,Libya,NewCapacityTechFuelCumulated,Offshore Wind,2037,0.0
Libya,Libya,NewCapacityTechFuelCumulated,Onshore Wind,2037,3500.0
Libya,Libya,NewCapacityTechFuelCumulated,Onshore Wind,2037,0.0
Libya,Libya,NewCapacityTechFuelCumulated,PV,2037,0.0
Libya,Libya,NewCapacityTechFuelCumulated,PV,2037,6500.0
Libya,Libya,NewCapacityTechFuelCumulated,PV+Storage,2037,0.0
Libya,Libya,NewCapacityTechFuelCumulated,Solar Thermal,2037,0.0
Libya,Libya,NewCapacityTechFuelCumulated,Battery,2037,0.0
Libya,Libya,NewCapacityTechFuelCumulated,PSH,2037,0.0
Libya,Libya,NewCapacityTechFuelCumulated,PSH,2037,0.0
Libya,Libya,NewCapacityTechFuelCumulated,Imports,2037,0.0
Libya,Libya,NewCapacityTechFuelCumulated,Peat,2037,0.0
Libya,Libya,NewCapacityTechFuelCumulated,Waste,2037,0.0
Libya,Libya,NewCapacityTechFuelCumulated,Methane,2037,0.0
Libya,Libya,NewCapacityTechFuelCumulated,Solar,2037,0.0
Libya,Libya,NewCapacityTechFuelCumulated,Solar,2037,0.0
Libya,Libya,NewCapacityTechFuelCumulated,Nuclear,2038,0.0
Libya,Libya,NewCapacityTechFuelCumulated,Gas,2038,0.0
Libya,Libya,NewCapacityTechFuelCumulated,Gas,2038,4000.0
Libya,Libya,NewCapacityTechFuelCumulated,Gas,2038,0.0
Libya,Libya,NewCapacityTechFuelCumulated,Gas,2038,0.0
Libya,Libya,NewCapacityTechFuelCumulated,Gas,2038,0.0
Libya,Libya,NewCapacityTechFuelCumulated,Gas,2038,0.0
Libya,Libya,NewCapacityTechFuelCumulated,Gas,2038,0.0
Libya,Libya,NewCapacityTechFuelCumulated,Gas,2038,4120.0
Libya,Libya,NewCapacityTechFuelCumulated,Gas,2038,0.0
Libya,Libya,NewCapacityTechFuelCumulated,Gas,2038,0.0
Libya,Libya,NewCapacityTechFuelCumulated,Gas,2038,0.0
Libya,Libya,NewCapacityTechFuelCumulated,Gas,2038,0.0
Libya,Libya,NewCapacityTechFuelCumulated,Gas,2038,0.0
Libya,Libya,NewCapacityTechFuelCumulated,Coal,2038,0.0
Libya,Libya,NewCapacityTechFuelCumulated,Coal,2038,0.0
Libya,Libya,NewCapacityTechFuelCumulated,Coal,2038,0.0
Libya,Libya,NewCapacityTechFuelCumulated,Coal,2038,0.0
Libya,Libya,NewCapacityTechFuelCumulated,Geothermal,2038,0.0
Libya,Libya,NewCapacityTechFuelCumulated,Geothermal,2038,0.0
Libya,Libya,NewCapacityTechFuelCumulated,Diesel,2038,0.0
Libya,Libya,NewCapacityTechFuelCumulated,Diesel,2038,0.0
Libya,Libya,NewCapacityTechFuelCumulated,Diesel,2038,0.0
Libya,Libya,NewCapacityTechFuelCumulated,Diesel,2038,0.0
Libya,Libya,NewCapacityTechFuelCumulated,Diesel,2038,0.0
Libya,Libya,NewCapacityTechFuelCumulated,Diesel,2038,0.0
Libya,Libya,NewCapacityTechFuelCumulated,Diesel,2038,0.0
Libya,Libya,NewCapacityTechFuelCumulated,Biomass,2038,0.0
Libya,Libya,NewCapacityTechFuelCumulated,Biomass,2038,0.0
Libya,Libya,NewCapacityTechFuelCumulated,Biomass,2038,0.0
Libya,Libya,NewCapacityTechFuelCumulated,Reservoir,2038,0.0
Libya,Libya,NewCapacityTechFuelCumulated,Reservoir,2038,0.0
Libya,Libya,NewCapacityTechFuelCumulated,ROR,2038,0.0
Libya,Libya,NewCapacityTechFuelCumulated,CSP,2038,0.0
Libya,Libya,NewCapacityTechFuelCumulated,CSP,2038,0.0
Libya,Libya,NewCapacityTechFuelCumulated,Offshore Wind,2038,0.0
Libya,Libya,NewCapacityTechFuelCumulated,Onshore Wind,2038,4000.0
Libya,Libya,NewCapacityTechFuelCumulated,Onshore Wind,2038,0.0
Libya,Libya,NewCapacityTechFuelCumulated,PV,2038,0.0
Libya,Libya,NewCapacityTechFuelCumulated,PV,2038,7500.0
Libya,Libya,NewCapacityTechFuelCumulated,PV+Storage,2038,0.0
Libya,Libya,NewCapacityTechFuelCumulated,Solar Thermal,2038,0.0
Libya,Libya,NewCapacityTechFuelCumulated,Battery,2038,0.0
Libya,Libya,NewCapacityTechFuelCumulated,PSH,2038,0.0
Libya,Libya,NewCapacityTechFuelCumulated,PSH,2038,0.0
Libya,Libya,NewCapacityTechFuelCumulated,Imports,2038,0.0
Libya,Libya,NewCapacityTechFuelCumulated,Peat,2038,0.0
Libya,Libya,NewCapacityTechFuelCumulated,Waste,2038,0.0
Libya,Libya,NewCapacityTechFuelCumulated,Methane,2038,0.0
Libya,Libya,NewCapacityTechFuelCumulated,Solar,2038,0.0
Libya,Libya,NewCapacityTechFuelCumulated,Solar,2038,0.0
Libya,Libya,NewCapacityTechFuelCumulated,Nuclear,2039,0.0
Libya,Libya,NewCapacityTechFuelCumulated,Gas,2039,0.0
Libya,Libya,NewCapacityTechFuelCumulated,Gas,2039,4400.0
Libya,Libya,NewCapacityTechFuelCumulated,Gas,2039,0.0
Libya,Libya,NewCapacityTechFuelCumulated,Gas,2039,0.0
Libya,Libya,NewCapacityTechFuelCumulated,Gas,2039,0.0
Libya,Libya,NewCapacityTechFuelCumulated,Gas,2039,0.0
Libya,Libya,NewCapacityTechFuelCumulated,Gas,2039,0.0
Libya,Libya,NewCapacityTechFuelCumulated,Gas,2039,4520.0
Libya,Libya,NewCapacityTechFuelCumulated,Gas,2039,0.0
Libya,Libya,NewCapacityTechFuelCumulated,Gas,2039,0.0
Libya,Libya,NewCapacityTechFuelCumulated,Gas,2039,0.0
Libya,Libya,NewCapacityTechFuelCumulated,Gas,2039,0.0
Libya,Libya,NewCapacityTechFuelCumulated,Gas,2039,0.0
Libya,Libya,NewCapacityTechFuelCumulated,Coal,2039,0.0
Libya,Libya,NewCapacityTechFuelCumulated,Coal,2039,0.0
Libya,Libya,NewCapacityTechFuelCumulated,Coal,2039,0.0
Libya,Libya,NewCapacityTechFuelCumulated,Coal,2039,0.0
Libya,Libya,NewCapacityTechFuelCumulated,Geothermal,2039,0.0
Libya,Libya,NewCapacityTechFuelCumulated,Geothermal,2039,0.0
Libya,Libya,NewCapacityTechFuelCumulated,Diesel,2039,0.0
Libya,Libya,NewCapacityTechFuelCumulated,Diesel,2039,0.0
Libya,Libya,NewCapacityTechFuelCumulated,Diesel,2039,0.0
Libya,Libya,NewCapacityTechFuelCumulated,Diesel,2039,0.0
Libya,Libya,NewCapacityTechFuelCumulated,Diesel,2039,0.0
Libya,Libya,NewCapacityTechFuelCumulated,Diesel,2039,0.0
Libya,Libya,NewCapacityTechFuelCumulated,Diesel,2039,0.0
Libya,Libya,NewCapacityTechFuelCumulated,Biomass,2039,0.0
Libya,Libya,NewCapacityTechFuelCumulated,Biomass,2039,0.0
Libya,Libya,NewCapacityTechFuelCumulated,Biomass,2039,0.0
Libya,Libya,NewCapacityTechFuelCumulated,Reservoir,2039,0.0
Libya,Libya,NewCapacityTechFuelCumulated,Reservoir,2039,0.0
Libya,Libya,NewCapacityTechFuelCumulated,ROR,2039,0.0
Libya,Libya,NewCapacityTechFuelCumulated,CSP,2039,0.0
Libya,Libya,NewCapacityTechFuelCumulated,CSP,2039,0.0
Libya,Libya,NewCapacityTechFuelCumulated,Offshore Wind,2039,0.0
Libya,Libya,NewCapacityTechFuelCumulated,Onshore Wind,2039,4500.0
Libya,Libya,NewCapacityTechFuelCumulated,Onshore Wind,2039,0.0
Libya,Libya,NewCapacityTechFuelCumulated,PV,2039,0.0
Libya,Libya,NewCapacityTechFuelCumulated,PV,2039,8500.0
Libya,Libya,NewCapacityTechFuelCumulated,PV+Storage,2039,0.0
Libya,Libya,NewCapacityTechFuelCumulated,Solar Thermal,2039,0.0
Libya,Libya,NewCapacityTechFuelCumulated,Battery,2039,0.0
Libya,Libya,NewCapacityTechFuelCumulated,PSH,2039,0.0
Libya,Libya,NewCapacityTechFuelCumulated,PSH,2039,0.0
Libya,Libya,NewCapacityTechFuelCumulated,Imports,2039,0.0
Libya,Libya,NewCapacityTechFuelCumulated,Peat,2039,0.0
Libya,Libya,NewCapacityTechFuelCumulated,Waste,2039,0.0
Libya,Libya,NewCapacityTechFuelCumulated,Methane,2039,0.0
Libya,Libya,NewCapacityTechFuelCumulated,Solar,2039,0.0
Libya,Libya,NewCapacityTechFuelCumulated,Solar,2039,0.0
Libya,Libya,NewCapacityTechFuelCumulated,Nuclear,2040,0.0
Libya,Libya,NewCapacityTechFuelCumulated,Gas,2040,0.0
Libya,Libya,NewCapacityTechFuelCumulated,Gas,2040,4800.0
Libya,Libya,NewCapacityTechFuelCumulated,Gas,2040,0.0
Libya,Libya,NewCapacityTechFuelCumulated,Gas,2040,0.0
Libya,Libya,NewCapacityTechFuelCumulated,Gas,2040,0.0
Libya,Libya,NewCapacityTechFuelCumulated,Gas,2040,0.0
Libya,Libya,NewCapacityTechFuelCumulated,Gas,2040,0.0
Libya,Libya,NewCapacityTechFuelCumulated,Gas,2040,4920.0
Libya,Libya,NewCapacityTechFuelCumulated,Gas,2040,0.0
Libya,Libya,NewCapacityTechFuelCumulated,Gas,2040,0.0
Libya,Libya,NewCapacityTechFuelCumulated,Gas,2040,0.0
Libya,Libya,NewCapacityTechFuelCumulated,Gas,2040,0.0
Libya,Libya,NewCapacityTechFuelCumulated,Gas,2040,0.0
Libya,Libya,NewCapacityTechFuelCumulated,Coal,2040,0.0
Libya,Libya,NewCapacityTechFuelCumulated,Coal,2040,0.0
Libya,Libya,NewCapacityTechFuelCumulated,Coal,2040,0.0
Libya,Libya,NewCapacityTechFuelCumulated,Coal,2040,0.0
Libya,Libya,NewCapacityTechFuelCumulated,Geothermal,2040,0.0
Libya,Libya,NewCapacityTechFuelCumulated,Geothermal,2040,0.0
Libya,Libya,NewCapacityTechFuelCumulated,Diesel,2040,0.0
Libya,Libya,NewCapacityTechFuelCumulated,Diesel,2040,0.0
Libya,Libya,NewCapacityTechFuelCumulated,Diesel,2040,0.0
Libya,Libya,NewCapacityTechFuelCumulated,Diesel,2040,0.0
Libya,Libya,NewCapacityTechFuelCumulated,Diesel,2040,0.0
Libya,Libya,NewCapacityTechFuelCumulated,Diesel,2040,0.0
Libya,Libya,NewCapacityTechFuelCumulated,Diesel,2040,0.0
Libya,Libya,NewCapacityTechFuelCumulated,Biomass,2040,0.0
Libya,Libya,NewCapacityTechFuelCumulated,Biomass,2040,0.0
Libya,Libya,NewCapacityTechFuelCumulated,Biomass,2040,0.0
Libya,Libya,NewCapacityTechFuelCumulated,Reservoir,2040,0.0
Libya,Libya,NewCapacityTechFuelCumulated,Reservoir,2040,0.0
Libya,Libya,NewCapacityTechFuelCumulated,ROR,2040,0.0
Libya,Libya,NewCapacityTechFuelCumulated,CSP,2040,0.0
Libya,Libya,NewCapacityTechFuelCumulated,CSP,2040,0.0
Libya,Libya,NewCapacityTechFuelCumulated,Offshore Wind,2040,0.0
Libya,Libya,NewCapacityTechFuelCumulated,Onshore Wind,2040,5000.0
Libya,Libya,NewCapacityTechFuelCumulated,Onshore Wind,2040,0.0
Libya,Libya,NewCapacityTechFuelCumulated,PV,2040,0.0
Libya,Libya,NewCapacityTechFuelCumulated,PV,2040,9500.0
Libya,Libya,NewCapacityTechFuelCumulated,PV+Storage,2040,0.0
Libya,Libya,NewCapacityTechFuelCumulated,Solar Thermal,2040,0.0
Libya,Libya,NewCapacityTechFuelCumulated,Battery,2040,0.0
Libya,Libya,NewCapacityTechFuelCumulated,PSH,2040,0.0
Libya,Libya,NewCapacityTechFuelCumulated,PSH,2040,0.0
Libya,Libya,NewCapacityTechFuelCumulated,Imports,2040,0.0
Libya,Libya,NewCapacityTechFuelCumulated,Peat,2040,0.0
Libya,Libya,NewCapacityTechFuelCumulated,Waste,2040,0.0
Libya,Libya,NewCapacityTechFuelCumulated,Methane,2040,0.0
Libya,Libya,NewCapacityTechFuelCumulated,Solar,2040,0.0
Libya,Libya,NewCapacityTechFuelCumulated,Solar,2040,0.0
Libya,Libya,NewCapacityTechFuelCumulated,Nuclear,2041,0.0
Libya,Libya,NewCapacityTechFuelCumulated,Gas,2041,0.0
Libya,Libya,NewCapacityTechFuelCumulated,Gas,2041,5200.0
Libya,Libya,NewCapacityTechFuelCumulated,Gas,2041,0.0
Libya,Libya,NewCapacityTechFuelCumulated,Gas,2041,0.0
Libya,Libya,NewCapacityTechFuelCumulated,Gas,2041,0.0
Libya,Libya,NewCapacityTechFuelCumulated,Gas,2041,0.0
Libya,Libya,NewCapacityTechFuelCumulated,Gas,2041,0.0
Libya,Libya,NewCapacityTechFuelCumulated,Gas,2041,5320.0
Libya,Libya,NewCapacityTechFuelCumulated,Gas,2041,0.0
Libya,Libya,NewCapacityTechFuelCumulated,Gas,2041,0.0
Libya,Libya,NewCapacityTechFuelCumulated,Gas,2041,0.0
Libya,Libya,NewCapacityTechFuelCumulated,Gas,2041,0.0
Libya,Libya,NewCapacityTechFuelCumulated,Gas,2041,0.0
Libya,Libya,NewCapacityTechFuelCumulated,Coal,2041,0.0
Libya,Libya,NewCapacityTechFuelCumulated,Coal,2041,0.0
Libya,Libya,NewCapacityTechFuelCumulated,Coal,2041,0.0
Libya,Libya,NewCapacityTechFuelCumulated,Coal,2041,0.0
Libya,Libya,NewCapacityTechFuelCumulated,Geothermal,2041,0.0
Libya,Libya,NewCapacityTechFuelCumulated,Geothermal,2041,0.0
Libya,Libya,NewCapacityTechFuelCumulated,Diesel,2041,0.0
Libya,Libya,NewCapacityTechFuelCumulated,Diesel,2041,0.0
Libya,Libya,NewCapacityTechFuelCumulated,Diesel,2041,0.0
Libya,Libya,NewCapacityTechFuelCumulated,Diesel,2041,0.0
Libya,Libya,NewCapacityTechFuelCumulated,Diesel,2041,0.0
Libya,Libya,NewCapacityTechFuelCumulated,Diesel,2041,0.0
Libya,Libya,NewCapacityTechFuelCumulated,Diesel,2041,0.0
Libya,Libya,NewCapacityTechFuelCumulated,Biomass,2041,0.0
Libya,Libya,NewCapacityTechFuelCumulated,Biomass,2041,0.0
Libya,Libya,NewCapacityTechFuelCumulated,Biomass,2041,0.0
Libya,Libya,NewCapacityTechFuelCumulated,Reservoir,2041,0.0
Libya,Libya,NewCapacityTechFuelCumulated,Reservoir,2041,0.0
Libya,Libya,NewCapacityTechFuelCumulated,ROR,2041,0.0
Libya,Libya,NewCapacityTechFuelCumulated,CSP,2041,0.0
Libya,Libya,NewCapacityTechFuelCumulated,CSP,2041,0.0
Libya,Libya,NewCapacityTechFuelCumulated,Offshore Wind,2041,0.0
Libya,Libya,NewCapacityTechFuelCumulated,Onshore Wind,2041,5500.0
Libya,Libya,NewCapacityTechFuelCumulated,Onshore Wind,2041,0.0
Libya,Libya,NewCapacityTechFuelCumulated,PV,2041,0.0
Libya,Libya,NewCapacityTechFuelCumulated,PV,2041,10500.0
Libya,Libya,NewCapacityTechFuelCumulated,PV+Storage,2041,0.0
Libya,Libya,NewCapacityTechFuelCumulated,Solar Thermal,2041,0.0
Libya,Libya,NewCapacityTechFuelCumulated,Battery,2041,0.0
Libya,Libya,NewCapacityTechFuelCumulated,PSH,2041,0.0
Libya,Libya,NewCapacityTechFuelCumulated,PSH,2041,0.0
Libya,Libya,NewCapacityTechFuelCumulated,Imports,2041,0.0
Libya,Libya,NewCapacityTechFuelCumulated,Peat,2041,0.0
Libya,Libya,NewCapacityTechFuelCumulated,Waste,2041,0.0
Libya,Libya,NewCapacityTechFuelCumulated,Methane,2041,0.0
Libya,Libya,NewCapacityTechFuelCumulated,Solar,2041,0.0
Libya,Libya,NewCapacityTechFuelCumulated,Solar,2041,0.0
Libya,Libya,NewCapacityTechFuelCumulated,Nuclear,2042,0.0
Libya,Libya,NewCapacityTechFuelCumulated,Gas,2042,0.0
Libya,Libya,NewCapacityTechFuelCumulated,Gas,2042,5600.0
Libya,Libya,NewCapacityTechFuelCumulated,Gas,2042,0.0
Libya,Libya,NewCapacityTechFuelCumulated,Gas,2042,0.0
Libya,Libya,NewCapacityTechFuelCumulated,Gas,2042,0.0
Libya,Libya,NewCapacityTechFuelCumulated,Gas,2042,0.0
Libya,Libya,NewCapacityTechFuelCumulated,Gas,2042,0.0
Libya,Libya,NewCapacityTechFuelCumulated,Gas,2042,5720.0
Libya,Libya,NewCapacityTechFuelCumulated,Gas,2042,0.0
Libya,Libya,NewCapacityTechFuelCumulated,Gas,2042,0.0
Libya,Libya,NewCapacityTechFuelCumulated,Gas,2042,0.0
Libya,Libya,NewCapacityTechFuelCumulated,Gas,2042,0.0
Libya,Libya,NewCapacityTechFuelCumulated,Gas,2042,0.0
Libya,Libya,NewCapacityTechFuelCumulated,Coal,2042,0.0
Libya,Libya,NewCapacityTechFuelCumulated,Coal,2042,0.0
Libya,Libya,NewCapacityTechFuelCumulated,Coal,2042,0.0
Libya,Libya,NewCapacityTechFuelCumulated,Coal,2042,0.0
Libya,Libya,NewCapacityTechFuelCumulated,Geothermal,2042,0.0
Libya,Libya,NewCapacityTechFuelCumulated,Geothermal,2042,0.0
Libya,Libya,NewCapacityTechFuelCumulated,Diesel,2042,0.0
Libya,Libya,NewCapacityTechFuelCumulated,Diesel,2042,0.0
Libya,Libya,NewCapacityTechFuelCumulated,Diesel,2042,0.0
Libya,Libya,NewCapacityTechFuelCumulated,Diesel,2042,0.0
Libya,Libya,NewCapacityTechFuelCumulated,Diesel,2042,0.0
Libya,Libya,NewCapacityTechFuelCumulated,Diesel,2042,0.0
Libya,Libya,NewCapacityTechFuelCumulated,Diesel,2042,0.0
Libya,Libya,NewCapacityTechFuelCumulated,Biomass,2042,0.0
Libya,Libya,NewCapacityTechFuelCumulated,Biomass,2042,0.0
Libya,Libya,NewCapacityTechFuelCumulated,Biomass,2042,0.0
Libya,Libya,NewCapacityTechFuelCumulated,Reservoir,2042,0.0
Libya,Libya,NewCapacityTechFuelCumulated,Reservoir,2042,0.0
Libya,Libya,NewCapacityTechFuelCumulated,ROR,2042,0.0
Libya,Libya,NewCapacityTechFuelCumulated,CSP,2042,0.0
Libya,Libya,NewCapacityTechFuelCumulated,CSP,2042,0.0
Libya,Libya,NewCapacityTechFuelCumulated,Offshore Wind,2042,0.0
Libya,Libya,NewCapacityTechFuelCumulated,Onshore Wind,2042,6000.0
Libya,Libya,NewCapacityTechFuelCumulated,Onshore Wind,2042,0.0
Libya,Libya,NewCapacityTechFuelCumulated,PV,2042,0.0
Libya,Libya,NewCapacityTechFuelCumulated,PV,2042,11500.0
Libya,Libya,NewCapacityTechFuelCumulated,PV+Storage,2042,0.0
Libya,Libya,NewCapacityTechFuelCumulated,Solar Thermal,2042,0.0
Libya,Libya,NewCapacityTechFuelCumulated,Battery,2042,0.0
Libya,Libya,NewCapacityTechFuelCumulated,PSH,2042,0.0
Libya,Libya,NewCapacityTechFuelCumulated,PSH,2042,0.0
Libya,Libya,NewCapacityTechFuelCumulated,Imports,2042,0.0
Libya,Libya,NewCapacityTechFuelCumulated,Peat,2042,0.0
Libya,Libya,NewCapacityTechFuelCumulated,Waste,2042,0.0
Libya,Libya,NewCapacityTechFuelCumulated,Methane,2042,0.0
Libya,Libya,NewCapacityTechFuelCumulated,Solar,2042,0.0
Libya,Libya,NewCapacityTechFuelCumulated,Solar,2042,0.0
Libya,Libya,NewCapacityTechFuelCumulated,Nuclear,2043,0.0
Libya,Libya,NewCapacityTechFuelCumulated,Gas,2043,0.0
Libya,Libya,NewCapacityTechFuelCumulated,Gas,2043,6000.0
Libya,Libya,NewCapacityTechFuelCumulated,Gas,2043,0.0
Libya,Libya,NewCapacityTechFuelCumulated,Gas,2043,0.0
Libya,Libya,NewCapacityTechFuelCumulated,Gas,2043,0.0
Libya,Libya,NewCapacityTechFuelCumulated,Gas,2043,0.0
Libya,Libya,NewCapacityTechFuelCumulated,Gas,2043,0.0
Libya,Libya,NewCapacityTechFuelCumulated,Gas,2043,6120.0
Libya,Libya,NewCapacityTechFuelCumulated,Gas,2043,0.0
Libya,Libya,NewCapacityTechFuelCumulated,Gas,2043,0.0
Libya,Libya,NewCapacityTechFuelCumulated,Gas,2043,0.0
Libya,Libya,NewCapacityTechFuelCumulated,Gas,2043,0.0
Libya,Libya,NewCapacityTechFuelCumulated,Gas,2043,0.0
Libya,Libya,NewCapacityTechFuelCumulated,Coal,2043,0.0
Libya,Libya,NewCapacityTechFuelCumulated,Coal,2043,0.0
Libya,Libya,NewCapacityTechFuelCumulated,Coal,2043,0.0
Libya,Libya,NewCapacityTechFuelCumulated,Coal,2043,0.0
Libya,Libya,NewCapacityTechFuelCumulated,Geothermal,2043,0.0
Libya,Libya,NewCapacityTechFuelCumulated,Geothermal,2043,0.0
Libya,Libya,NewCapacityTechFuelCumulated,Diesel,2043,0.0
Libya,Libya,NewCapacityTechFuelCumulated,Diesel,2043,0.0
Libya,Libya,NewCapacityTechFuelCumulated,Diesel,2043,0.0
Libya,Libya,NewCapacityTechFuelCumulated,Diesel,2043,0.0
Libya,Libya,NewCapacityTechFuelCumulated,Diesel,2043,0.0
Libya,Libya,NewCapacityTechFuelCumulated,Diesel,2043,0.0
Libya,Libya,NewCapacityTechFuelCumulated,Diesel,2043,0.0
Libya,Libya,NewCapacityTechFuelCumulated,Biomass,2043,0.0
Libya,Libya,NewCapacityTechFuelCumulated,Biomass,2043,0.0
Libya,Libya,NewCapacityTechFuelCumulated,Biomass,2043,0.0
Libya,Libya,NewCapacityTechFuelCumulated,Reservoir,2043,0.0
Libya,Libya,NewCapacityTechFuelCumulated,Reservoir,2043,0.0
Libya,Libya,NewCapacityTechFuelCumulated,ROR,2043,0.0
Libya,Libya,NewCapacityTechFuelCumulated,CSP,2043,0.0
Libya,Libya,NewCapacityTechFuelCumulated,CSP,2043,0.0
Libya,Libya,NewCapacityTechFuelCumulated,Offshore Wind,2043,0.0
Libya,Libya,NewCapacityTechFuelCumulated,Onshore Wind,2043,6500.0
Libya,Libya,NewCapacityTechFuelCumulated,Onshore Wind,2043,0.0
Libya,Libya,NewCapacityTechFuelCumulated,PV,2043,0.0
Libya,Libya,NewCapacityTechFuelCumulated,PV,2043,12500.0
Libya,Libya,NewCapacityTechFuelCumulated,PV+Storage,2043,0.0
Libya,Libya,NewCapacityTechFuelCumulated,Solar Thermal,2043,0.0
Libya,Libya,NewCapacityTechFuelCumulated,Battery,2043,0.0
Libya,Libya,NewCapacityTechFuelCumulated,PSH,2043,0.0
Libya,Libya,NewCapacityTechFuelCumulated,PSH,2043,0.0
Libya,Libya,NewCapacityTechFuelCumulated,Imports,2043,0.0
Libya,Libya,NewCapacityTechFuelCumulated,Peat,2043,0.0
Libya,Libya,NewCapacityTechFuelCumulated,Waste,2043,0.0
Libya,Libya,NewCapacityTechFuelCumulated,Methane,2043,0.0
Libya,Libya,NewCapacityTechFuelCumulated,Solar,2043,0.0
Libya,Libya,NewCapacityTechFuelCumulated,Solar,2043,0.0
Libya,Libya,NewCapacityTechFuelCumulated,Nuclear,2044,0.0
Libya,Libya,NewCapacityTechFuelCumulated,Gas,2044,0.0
Libya,Libya,NewCapacityTechFuelCumulated,Gas,2044,6400.0
Libya,Libya,NewCapacityTechFuelCumulated,Gas,2044,0.0
Libya,Libya,NewCapacityTechFuelCumulated,Gas,2044,0.0
Libya,Libya,NewCapacityTechFuelCumulated,Gas,2044,0.0
Libya,Libya,NewCapacityTechFuelCumulated,Gas,2044,0.0
Libya,Libya,NewCapacityTechFuelCumulated,Gas,2044,0.0
Libya,Libya,NewCapacityTechFuelCumulated,Gas,2044,6520.0
Libya,Libya,NewCapacityTechFuelCumulated,Gas,2044,0.0
Libya,Libya,NewCapacityTechFuelCumulated,Gas,2044,0.0
Libya,Libya,NewCapacityTechFuelCumulated,Gas,2044,0.0
Libya,Libya,NewCapacityTechFuelCumulated,Gas,2044,0.0
Libya,Libya,NewCapacityTechFuelCumulated,Gas,2044,0.0
Libya,Libya,NewCapacityTechFuelCumulated,Coal,2044,0.0
Libya,Libya,NewCapacityTechFuelCumulated,Coal,2044,0.0
Libya,Libya,NewCapacityTechFuelCumulated,Coal,2044,0.0
Libya,Libya,NewCapacityTechFuelCumulated,Coal,2044,0.0
Libya,Libya,NewCapacityTechFuelCumulated,Geothermal,2044,0.0
Libya,Libya,NewCapacityTechFuelCumulated,Geothermal,2044,0.0
Libya,Libya,NewCapacityTechFuelCumulated,Diesel,2044,0.0
Libya,Libya,NewCapacityTechFuelCumulated,Diesel,2044,0.0
Libya,Libya,NewCapacityTechFuelCumulated,Diesel,2044,0.0
Libya,Libya,NewCapacityTechFuelCumulated,Diesel,2044,0.0
Libya,Libya,NewCapacityTechFuelCumulated,Diesel,2044,0.0
Libya,Libya,NewCapacityTechFuelCumulated,Diesel,2044,0.0
Libya,Libya,NewCapacityTechFuelCumulated,Diesel,2044,0.0
Libya,Libya,NewCapacityTechFuelCumulated,Biomass,2044,0.0
Libya,Libya,NewCapacityTechFuelCumulated,Biomass,2044,0.0
Libya,Libya,NewCapacityTechFuelCumulated,Biomass,2044,0.0
Libya,Libya,NewCapacityTechFuelCumulated,Reservoir,2044,0.0
Libya,Libya,NewCapacityTechFuelCumulated,Reservoir,2044,0.0
Libya,Libya,NewCapacityTechFuelCumulated,ROR,2044,0.0
Libya,Libya,NewCapacityTechFuelCumulated,CSP,2044,0.0
Libya,Libya,NewCapacityTechFuelCumulated,CSP,2044,0.0
Libya,Libya,NewCapacityTechFuelCumulated,Offshore Wind,2044,0.0
Libya,Libya,NewCapacityTechFuelCumulated,Onshore Wind,2044,7000.0
Libya,Libya,NewCapacityTechFuelCumulated,Onshore Wind,2044,0.0
Libya,Libya,NewCapacityTechFuelCumulated,PV,2044,0.0
Libya,Libya,NewCapacityTechFuelCumulated,PV,2044,13500.0
Libya,Libya,NewCapacityTechFuelCumulated,PV+Storage,2044,0.0
Libya,Libya,NewCapacityTechFuelCumulated,Solar Thermal,2044,0.0
Libya,Libya,NewCapacityTechFuelCumulated,Battery,2044,0.0
Libya,Libya,NewCapacityTechFuelCumulated,PSH,2044,0.0
Libya,Libya,NewCapacityTechFuelCumulated,PSH,2044,0.0
Libya,Libya,NewCapacityTechFuelCumulated,Imports,2044,0.0
Libya,Libya,NewCapacityTechFuelCumulated,Peat,2044,0.0
Libya,Libya,NewCapacityTechFuelCumulated,Waste,2044,0.0
Libya,Libya,NewCapacityTechFuelCumulated,Methane,2044,0.0
Libya,Libya,NewCapacityTechFuelCumulated,Solar,2044,0.0
Libya,Libya,NewCapacityTechFuelCumulated,Solar,2044,0.0
Libya,Libya,NewCapacityTechFuelCumulated,Nuclear,2045,0.0
Libya,Libya,NewCapacityTechFuelCumulated,Gas,2045,0.0
Libya,Libya,NewCapacityTechFuelCumulated,Gas,2045,6800.0
Libya,Libya,NewCapacityTechFuelCumulated,Gas,2045,0.0
Libya,Libya,NewCapacityTechFuelCumulated,Gas,2045,0.0
Libya,Libya,NewCapacityTechFuelCumulated,Gas,2045,0.0
Libya,Libya,NewCapacityTechFuelCumulated,Gas,2045,0.0
Libya,Libya,NewCapacityTechFuelCumulated,Gas,2045,0.0
Libya,Libya,NewCapacityTechFuelCumulated,Gas,2045,6920.0
Libya,Libya,NewCapacityTechFuelCumulated,Gas,2045,0.0
Libya,Libya,NewCapacityTechFuelCumulated,Gas,2045,0.0
Libya,Libya,NewCapacityTechFuelCumulated,Gas,2045,0.0
Libya,Libya,NewCapacityTechFuelCumulated,Gas,2045,0.0
Libya,Libya,NewCapacityTechFuelCumulated,Gas,2045,0.0
Libya,Libya,NewCapacityTechFuelCumulated,Coal,2045,0.0
Libya,Libya,NewCapacityTechFuelCumulated,Coal,2045,0.0
Libya,Libya,NewCapacityTechFuelCumulated,Coal,2045,0.0
Libya,Libya,NewCapacityTechFuelCumulated,Coal,2045,0.0
Libya,Libya,NewCapacityTechFuelCumulated,Geothermal,2045,0.0
Libya,Libya,NewCapacityTechFuelCumulated,Geothermal,2045,0.0
Libya,Libya,NewCapacityTechFuelCumulated,Diesel,2045,0.0
Libya,Libya,NewCapacityTechFuelCumulated,Diesel,2045,0.0
Libya,Libya,NewCapacityTechFuelCumulated,Diesel,2045,0.0
Libya,Libya,NewCapacityTechFuelCumulated,Diesel,2045,0.0
Libya,Libya,NewCapacityTechFuelCumulated,Diesel,2045,0.0
Libya,Libya,NewCapacityTechFuelCumulated,Diesel,2045,0.0
Libya,Libya,NewCapacityTechFuelCumulated,Diesel,2045,0.0
Libya,Libya,NewCapacityTechFuelCumulated,Biomass,2045,0.0
Libya,Libya,NewCapacityTechFuelCumulated,Biomass,2045,0.0
Libya,Libya,NewCapacityTechFuelCumulated,Biomass,2045,0.0
Libya,Libya,NewCapacityTechFuelCumulated,Reservoir,2045,0.0
Libya,Libya,NewCapacityTechFuelCumulated,Reservoir,2045,0.0
Libya,Libya,NewCapacityTechFuelCumulated,ROR,2045,0.0
Libya,Libya,NewCapacityTechFuelCumulated,CSP,2045,0.0
Libya,Libya,NewCapacityTechFuelCumulated,CSP,2045,0.0
Libya,Libya,NewCapacityTechFuelCumulated,Offshore Wind,2045,0.0
Libya,Libya,NewCapacityTechFuelCumulated,Onshore Wind,2045,7500.0
Libya,Libya,NewCapacityTechFuelCumulated,Onshore Wind,2045,0.0
Libya,Libya,NewCapacityTechFuelCumulated,PV,2045,0.0
Libya,Libya,NewCapacityTechFuelCumulated,PV,2045,14500.0
Libya,Libya,NewCapacityTechFuelCumulated,PV+Storage,2045,0.0
Libya,Libya,NewCapacityTechFuelCumulated,Solar Thermal,2045,0.0
Libya,Libya,NewCapacityTechFuelCumulated,Battery,2045,0.0
Libya,Libya,NewCapacityTechFuelCumulated,PSH,2045,0.0
Libya,Libya,NewCapacityTechFuelCumulated,PSH,2045,0.0
Libya,Libya,NewCapacityTechFuelCumulated,Imports,2045,0.0
Libya,Libya,NewCapacityTechFuelCumulated,Peat,2045,0.0
Libya,Libya,NewCapacityTechFuelCumulated,Waste,2045,0.0
Libya,Libya,NewCapacityTechFuelCumulated,Methane,2045,0.0
Libya,Libya,NewCapacityTechFuelCumulated,Solar,2045,0.0
Libya,Libya,NewCapacityTechFuelCumulated,Solar,2045,0.0
Libya,Libya,NewCapacityTechFuelCumulated,Nuclear,2046,0.0
Libya,Libya,NewCapacityTechFuelCumulated,Gas,2046,0.0
Libya,Libya,NewCapacityTechFuelCumulated,Gas,2046,7200.0
Libya,Libya,NewCapacityTechFuelCumulated,Gas,2046,0.0
Libya,Libya,NewCapacityTechFuelCumulated,Gas,2046,0.0
Libya,Libya,NewCapacityTechFuelCumulated,Gas,2046,0.0
Libya,Libya,NewCapacityTechFuelCumulated,Gas,2046,0.0
Libya,Libya,NewCapacityTechFuelCumulated,Gas,2046,0.0
Libya,Libya,NewCapacityTechFuelCumulated,Gas,2046,7320.0
Libya,Libya,NewCapacityTechFuelCumulated,Gas,2046,0.0
Libya,Libya,NewCapacityTechFuelCumulated,Gas,2046,0.0
Libya,Libya,NewCapacityTechFuelCumulated,Gas,2046,0.0
Libya,Libya,NewCapacityTechFuelCumulated,Gas,2046,0.0
Libya,Libya,NewCapacityTechFuelCumulated,Gas,2046,0.0
Libya,Libya,NewCapacityTechFuelCumulated,Coal,2046,0.0
Libya,Libya,NewCapacityTechFuelCumulated,Coal,2046,0.0
Libya,Libya,NewCapacityTechFuelCumulated,Coal,2046,0.0
Libya,Libya,NewCapacityTechFuelCumulated,Coal,2046,0.0
Libya,Libya,NewCapacityTechFuelCumulated,Geothermal,2046,0.0
Libya,Libya,NewCapacityTechFuelCumulated,Geothermal,2046,0.0
Libya,Libya,NewCapacityTechFuelCumulated,Diesel,2046,0.0
Libya,Libya,NewCapacityTechFuelCumulated,Diesel,2046,0.0
Libya,Libya,NewCapacityTechFuelCumulated,Diesel,2046,0.0
Libya,Libya,NewCapacityTechFuelCumulated,Diesel,2046,0.0
Libya,Libya,NewCapacityTechFuelCumulated,Diesel,2046,0.0
Libya,Libya,NewCapacityTechFuelCumulated,Diesel,2046,0.0
Libya,Libya,NewCapacityTechFuelCumulated,Diesel,2046,0.0
Libya,Libya,NewCapacityTechFuelCumulated,Biomass,2046,0.0
Libya,Libya,NewCapacityTechFuelCumulated,Biomass,2046,0.0
Libya,Libya,NewCapacityTechFuelCumulated,Biomass,2046,0.0
Libya,Libya,NewCapacityTechFuelCumulated,Reservoir,2046,0.0
Libya,Libya,NewCapacityTechFuelCumulated,Reservoir,2046,0.0
Libya,Libya,NewCapacityTechFuelCumulated,ROR,2046,0.0
Libya,Libya,NewCapacityTechFuelCumulated,CSP,2046,0.0
Libya,Libya,NewCapacityTechFuelCumulated,CSP,2046,0.0
Libya,Libya,NewCapacityTechFuelCumulated,Offshore Wind,2046,0.0
Libya,Libya,NewCapacityTechFuelCumulated,Onshore Wind,2046,8000.0
Libya,Libya,NewCapacityTechFuelCumulated,Onshore Wind,2046,0.0
Libya,Libya,NewCapacityTechFuelCumulated,PV,2046,0.0
Libya,Libya,NewCapacityTechFuelCumulated,PV,2046,15500.0
Libya,Libya,NewCapacityTechFuelCumulated,PV+Storage,2046,0.0
Libya,Libya,NewCapacityTechFuelCumulated,Solar Thermal,2046,0.0
Libya,Libya,NewCapacityTechFuelCumulated,Battery,2046,121.33112006204738
Libya,Libya,NewCapacityTechFuelCumulated,PSH,2046,0.0
Libya,Libya,NewCapacityTechFuelCumulated,PSH,2046,0.0
Libya,Libya,NewCapacityTechFuelCumulated,Imports,2046,0.0
Libya,Libya,NewCapacityTechFuelCumulated,Peat,2046,0.0
Libya,Libya,NewCapacityTechFuelCumulated,Waste,2046,0.0
Libya,Libya,NewCapacityTechFuelCumulated,Methane,2046,0.0
Libya,Libya,NewCapacityTechFuelCumulated,Solar,2046,0.0
Libya,Libya,NewCapacityTechFuelCumulated,Solar,2046,0.0
Libya,Libya,NewCapacityTechFuelCumulated,Nuclear,2047,0.0
Libya,Libya,NewCapacityTechFuelCumulated,Gas,2047,0.0
Libya,Libya,NewCapacityTechFuelCumulated,Gas,2047,7600.0
Libya,Libya,NewCapacityTechFuelCumulated,Gas,2047,0.0
Libya,Libya,NewCapacityTechFuelCumulated,Gas,2047,0.0
Libya,Libya,NewCapacityTechFuelCumulated,Gas,2047,0.0
Libya,Libya,NewCapacityTechFuelCumulated,Gas,2047,0.0
Libya,Libya,NewCapacityTechFuelCumulated,Gas,2047,0.0
Libya,Libya,NewCapacityTechFuelCumulated,Gas,2047,7720.0
Libya,Libya,NewCapacityTechFuelCumulated,Gas,2047,0.0
Libya,Libya,NewCapacityTechFuelCumulated,Gas,2047,0.0
Libya,Libya,NewCapacityTechFuelCumulated,Gas,2047,0.0
Libya,Libya,NewCapacityTechFuelCumulated,Gas,2047,0.0
Libya,Libya,NewCapacityTechFuelCumulated,Gas,2047,0.0
Libya,Libya,NewCapacityTechFuelCumulated,Coal,2047,0.0
Libya,Libya,NewCapacityTechFuelCumulated,Coal,2047,0.0
Libya,Libya,NewCapacityTechFuelCumulated,Coal,2047,0.0
Libya,Libya,NewCapacityTechFuelCumulated,Coal,2047,0.0
Libya,Libya,NewCapacityTechFuelCumulated,Geothermal,2047,0.0
Libya,Libya,NewCapacityTechFuelCumulated,Geothermal,2047,0.0
Libya,Libya,NewCapacityTechFuelCumulated,Diesel,2047,0.0
Libya,Libya,NewCapacityTechFuelCumulated,Diesel,2047,0.0
Libya,Libya,NewCapacityTechFuelCumulated,Diesel,2047,0.0
Libya,Libya,NewCapacityTechFuelCumulated,Diesel,2047,0.0
Libya,Libya,NewCapacityTechFuelCumulated,Diesel,2047,0.0
Libya,Libya,NewCapacityTechFuelCumulated,Diesel,2047,0.0
Libya,Libya,NewCapacityTechFuelCumulated,Diesel,2047,0.0
Libya,Libya,NewCapacityTechFuelCumulated,Biomass,2047,0.0
Libya,Libya,NewCapacityTechFuelCumulated,Biomass,2047,0.0
Libya,Libya,NewCapacityTechFuelCumulated,Biomass,2047,0.0
Libya,Libya,NewCapacityTechFuelCumulated,Reservoir,2047,0.0
Libya,Libya,NewCapacityTechFuelCumulated,Reservoir,2047,0.0
Libya,Libya,NewCapacityTechFuelCumulated,ROR,2047,0.0
Libya,Libya,NewCapacityTechFuelCumulated,CSP,2047,0.0
Libya,Libya,NewCapacityTechFuelCumulated,CSP,2047,0.0
Libya,Libya,NewCapacityTechFuelCumulated,Offshore Wind,2047,0.0
Libya,Libya,NewCapacityTechFuelCumulated,Onshore Wind,2047,8500.0
Libya,Libya,NewCapacityTechFuelCumulated,Onshore Wind,2047,0.0
Libya,Libya,NewCapacityTechFuelCumulated,PV,2047,0.0
Libya,Libya,NewCapacityTechFuelCumulated,PV,2047,16500.0
Libya,Libya,NewCapacityTechFuelCumulated,PV+Storage,2047,0.0
Libya,Libya,NewCapacityTechFuelCumulated,Solar Thermal,2047,0.0
Libya,Libya,NewCapacityTechFuelCumulated,Battery,2047,1121.3311200620474
Libya,Libya,NewCapacityTechFuelCumulated,PSH,2047,0.0
Libya,Libya,NewCapacityTechFuelCumulated,PSH,2047,0.0
Libya,Libya,NewCapacityTechFuelCumulated,Imports,2047,0.0
Libya,Libya,NewCapacityTechFuelCumulated,Peat,2047,0.0
Libya,Libya,NewCapacityTechFuelCumulated,Waste,2047,0.0
Libya,Libya,NewCapacityTechFuelCumulated,Methane,2047,0.0
Libya,Libya,NewCapacityTechFuelCumulated,Solar,2047,0.0
Libya,Libya,NewCapacityTechFuelCumulated,Solar,2047,0.0
Libya,Libya,NewCapacityTechFuelCumulated,Nuclear,2048,0.0
Libya,Libya,NewCapacityTechFuelCumulated,Gas,2048,0.0
Libya,Libya,NewCapacityTechFuelCumulated,Gas,2048,8000.0
Libya,Libya,NewCapacityTechFuelCumulated,Gas,2048,0.0
Libya,Libya,NewCapacityTechFuelCumulated,Gas,2048,0.0
Libya,Libya,NewCapacityTechFuelCumulated,Gas,2048,0.0
Libya,Libya,NewCapacityTechFuelCumulated,Gas,2048,0.0
Libya,Libya,NewCapacityTechFuelCumulated,Gas,2048,0.0
Libya,Libya,NewCapacityTechFuelCumulated,Gas,2048,8120.0
Libya,Libya,NewCapacityTechFuelCumulated,Gas,2048,0.0
Libya,Libya,NewCapacityTechFuelCumulated,Gas,2048,0.0
Libya,Libya,NewCapacityTechFuelCumulated,Gas,2048,0.0
Libya,Libya,NewCapacityTechFuelCumulated,Gas,2048,0.0
Libya,Libya,NewCapacityTechFuelCumulated,Gas,2048,0.0
Libya,Libya,NewCapacityTechFuelCumulated,Coal,2048,0.0
Libya,Libya,NewCapacityTechFuelCumulated,Coal,2048,0.0
Libya,Libya,NewCapacityTechFuelCumulated,Coal,2048,0.0
Libya,Libya,NewCapacityTechFuelCumulated,Coal,2048,0.0
Libya,Libya,NewCapacityTechFuelCumulated,Geothermal,2048,0.0
Libya,Libya,NewCapacityTechFuelCumulated,Geothermal,2048,0.0
Libya,Libya,NewCapacityTechFuelCumulated,Diesel,2048,0.0
Libya,Libya,NewCapacityTechFuelCumulated,Diesel,2048,0.0
Libya,Libya,NewCapacityTechFuelCumulated,Diesel,2048,0.0
Libya,Libya,NewCapacityTechFuelCumulated,Diesel,2048,0.0
Libya,Libya,NewCapacityTechFuelCumulated,Diesel,2048,0.0
Libya,Libya,NewCapacityTechFuelCumulated,Diesel,2048,0.0
Libya,Libya,NewCapacityTechFuelCumulated,Diesel,2048,0.0
Libya,Libya,NewCapacityTechFuelCumulated,Biomass,2048,0.0
Libya,Libya,NewCapacityTechFuelCumulated,Biomass,2048,0.0
Libya,Libya,NewCapacityTechFuelCumulated,Biomass,2048,0.0
Libya,Libya,NewCapacityTechFuelCumulated,Reservoir,2048,0.0
Libya,Libya,NewCapacityTechFuelCumulated,Reservoir,2048,0.0
Libya,Libya,NewCapacityTechFuelCumulated,ROR,2048,0.0
Libya,Libya,NewCapacityTechFuelCumulated,CSP,2048,0.0
Libya,Libya,NewCapacityTechFuelCumulated,CSP,2048,0.0
Libya,Libya,NewCapacityTechFuelCumulated,Offshore Wind,2048,0.0
Libya,Libya,NewCapacityTechFuelCumulated,Onshore Wind,2048,9000.0
Libya,Libya,NewCapacityTechFuelCumulated,Onshore Wind,2048,0.0
Libya,Libya,NewCapacityTechFuelCumulated,PV,2048,0.0
Libya,Libya,NewCapacityTechFuelCumulated,PV,2048,17500.0
Libya,Libya,NewCapacityTechFuelCumulated,PV+Storage,2048,0.0
Libya,Libya,NewCapacityTechFuelCumulated,Solar Thermal,2048,0.0
Libya,Libya,NewCapacityTechFuelCumulated,Battery,2048,1435.493770000001
Libya,Libya,NewCapacityTechFuelCumulated,PSH,2048,0.0
Libya,Libya,NewCapacityTechFuelCumulated,PSH,2048,0.0
Libya,Libya,NewCapacityTechFuelCumulated,Imports,2048,0.0
Libya,Libya,NewCapacityTechFuelCumulated,Peat,2048,0.0
Libya,Libya,NewCapacityTechFuelCumulated,Waste,2048,0.0
Libya,Libya,NewCapacityTechFuelCumulated,Methane,2048,0.0
Libya,Libya,NewCapacityTechFuelCumulated,Solar,2048,0.0
Libya,Libya,NewCapacityTechFuelCumulated,Solar,2048,0.0
Libya,Libya,NewCapacityTechFuelCumulated,Nuclear,2049,0.0
Libya,Libya,NewCapacityTechFuelCumulated,Gas,2049,0.0
Libya,Libya,NewCapacityTechFuelCumulated,Gas,2049,8400.0
Libya,Libya,NewCapacityTechFuelCumulated,Gas,2049,0.0
Libya,Libya,NewCapacityTechFuelCumulated,Gas,2049,0.0
Libya,Libya,NewCapacityTechFuelCumulated,Gas,2049,0.0
Libya,Libya,NewCapacityTechFuelCumulated,Gas,2049,0.0
Libya,Libya,NewCapacityTechFuelCumulated,Gas,2049,0.0
Libya,Libya,NewCapacityTechFuelCumulated,Gas,2049,8120.0
Libya,Libya,NewCapacityTechFuelCumulated,Gas,2049,0.0
Libya,Libya,NewCapacityTechFuelCumulated,Gas,2049,0.0
Libya,Libya,NewCapacityTechFuelCumulated,Gas,2049,0.0
Libya,Libya,NewCapacityTechFuelCumulated,Gas,2049,0.0
Libya,Libya,NewCapacityTechFuelCumulated,Gas,2049,0.0
Libya,Libya,NewCapacityTechFuelCumulated,Coal,2049,0.0
Libya,Libya,NewCapacityTechFuelCumulated,Coal,2049,0.0
Libya,Libya,NewCapacityTechFuelCumulated,Coal,2049,0.0
Libya,Libya,NewCapacityTechFuelCumulated,Coal,2049,0.0
Libya,Libya,NewCapacityTechFuelCumulated,Geothermal,2049,0.0
Libya,Libya,NewCapacityTechFuelCumulated,Geothermal,2049,0.0
Libya,Libya,NewCapacityTechFuelCumulated,Diesel,2049,0.0
Libya,Libya,NewCapacityTechFuelCumulated,Diesel,2049,0.0
Libya,Libya,NewCapacityTechFuelCumulated,Diesel,2049,0.0
Libya,Libya,NewCapacityTechFuelCumulated,Diesel,2049,0.0
Libya,Libya,NewCapacityTechFuelCumulated,Diesel,2049,0.0
Libya,Libya,NewCapacityTechFuelCumulated,Diesel,2049,0.0
Libya,Libya,NewCapacityTechFuelCumulated,Diesel,2049,0.0
Libya,Libya,NewCapacityTechFuelCumulated,Biomass,2049,0.0
Libya,Libya,NewCapacityTechFuelCumulated,Biomass,2049,0.0
Libya,Libya,NewCapacityTechFuelCumulated,Biomass,2049,0.0
Libya,Libya,NewCapacityTechFuelCumulated,Reservoir,2049,0.0
Libya,Libya,NewCapacityTechFuelCumulated,Reservoir,2049,0.0
Libya,Libya,NewCapacityTechFuelCumulated,ROR,2049,0.0
Libya,Libya,NewCapacityTechFuelCumulated,CSP,2049,0.0
Libya,Libya,NewCapacityTechFuelCumulated,CSP,2049,0.0
Libya,Libya,NewCapacityTechFuelCumulated,Offshore Wind,2049,0.0
Libya,Libya,NewCapacityTechFuelCumulated,Onshore Wind,2049,9500.0
Libya,Libya,NewCapacityTechFuelCumulated,Onshore Wind,2049,0.0
Libya,Libya,NewCapacityTechFuelCumulated,PV,2049,0.0
Libya,Libya,NewCapacityTechFuelCumulated,PV,2049,18500.0
Libya,Libya,NewCapacityTechFuelCumulated,PV+Storage,2049,0.0
Libya,Libya,NewCapacityTechFuelCumulated,Solar Thermal,2049,0.0
Libya,Libya,NewCapacityTechFuelCumulated,Battery,2049,1435.493770000001
Libya,Libya,NewCapacityTechFuelCumulated,PSH,2049,0.0
Libya,Libya,NewCapacityTechFuelCumulated,PSH,2049,0.0
Libya,Libya,NewCapacityTechFuelCumulated,Imports,2049,0.0
Libya,Libya,NewCapacityTechFuelCumulated,Peat,2049,0.0
Libya,Libya,NewCapacityTechFuelCumulated,Waste,2049,0.0
Libya,Libya,NewCapacityTechFuelCumulated,Methane,2049,0.0
Libya,Libya,NewCapacityTechFuelCumulated,Solar,2049,0.0
Libya,Libya,NewCapacityTechFuelCumulated,Solar,2049,0.0
Libya,Libya,NewCapacityTechFuelCumulated,Nuclear,2050,0.0
Libya,Libya,NewCapacityTechFuelCumulated,Gas,2050,0.0
Libya,Libya,NewCapacityTechFuelCumulated,Gas,2050,8800.0
Libya,Libya,NewCapacityTechFuelCumulated,Gas,2050,0.0
Libya,Libya,NewCapacityTechFuelCumulated,Gas,2050,0.0
Libya,Libya,NewCapacityTechFuelCumulated,Gas,2050,0.0
Libya,Libya,NewCapacityTechFuelCumulated,Gas,2050,0.0
Libya,Libya,NewCapacityTechFuelCumulated,Gas,2050,0.0
Libya,Libya,NewCapacityTechFuelCumulated,Gas,2050,8120.0
Libya,Libya,NewCapacityTechFuelCumulated,Gas,2050,0.0
Libya,Libya,NewCapacityTechFuelCumulated,Gas,2050,0.0
Libya,Libya,NewCapacityTechFuelCumulated,Gas,2050,0.0
Libya,Libya,NewCapacityTechFuelCumulated,Gas,2050,0.0
Libya,Libya,NewCapacityTechFuelCumulated,Gas,2050,0.0
Libya,Libya,NewCapacityTechFuelCumulated,Coal,2050,0.0
Libya,Libya,NewCapacityTechFuelCumulated,Coal,2050,0.0
Libya,Libya,NewCapacityTechFuelCumulated,Coal,2050,0.0
Libya,Libya,NewCapacityTechFuelCumulated,Coal,2050,0.0
Libya,Libya,NewCapacityTechFuelCumulated,Geothermal,2050,0.0
Libya,Libya,NewCapacityTechFuelCumulated,Geothermal,2050,0.0
Libya,Libya,NewCapacityTechFuelCumulated,Diesel,2050,0.0
Libya,Libya,NewCapacityTechFuelCumulated,Diesel,2050,0.0
Libya,Libya,NewCapacityTechFuelCumulated,Diesel,2050,0.0
Libya,Libya,NewCapacityTechFuelCumulated,Diesel,2050,0.0
Libya,Libya,NewCapacityTechFuelCumulated,Diesel,2050,0.0
Libya,Libya,NewCapacityTechFuelCumulated,Diesel,2050,0.0
Libya,Libya,NewCapacityTechFuelCumulated,Diesel,2050,0.0
Libya,Libya,NewCapacityTechFuelCumulated,Biomass,2050,0.0
Libya,Libya,NewCapacityTechFuelCumulated,Biomass,2050,0.0
Libya,Libya,NewCapacityTechFuelCumulated,Biomass,2050,0.0
Libya,Libya,NewCapacityTechFuelCumulated,Reservoir,2050,0.0
Libya,Libya,NewCapacityTechFuelCumulated,Reservoir,2050,0.0
Libya,Libya,NewCapacityTechFuelCumulated,ROR,2050,0.0
Libya,Libya,NewCapacityTechFuelCumulated,CSP,2050,0.0
Libya,Libya,NewCapacityTechFuelCumulated,CSP,2050,0.0
Libya,Libya,NewCapacityTechFuelCumulated,Offshore Wind,2050,0.0
Libya,Libya,NewCapacityTechFuelCumulated,Onshore Wind,2050,10000.0
Libya,Libya,NewCapacityTechFuelCumulated,Onshore Wind,2050,0.0
Libya,Libya,NewCapacityTechFuelCumulated,PV,2050,0.0
Libya,Libya,NewCapacityTechFuelCumulated,PV,2050,19500.0
Libya,Libya,NewCapacityTechFuelCumulated,PV+Storage,2050,0.0
Libya,Libya,NewCapacityTechFuelCumulated,Solar Thermal,2050,0.0
Libya,Libya,NewCapacityTechFuelCumulated,Battery,2050,1740.6053439999996
Libya,Libya,NewCapacityTechFuelCumulated,PSH,2050,0.0
Libya,Libya,NewCapacityTechFuelCumulated,PSH,2050,0.0
Libya,Libya,NewCapacityTechFuelCumulated,Imports,2050,0.0
Libya,Libya,NewCapacityTechFuelCumulated,Peat,2050,0.0
Libya,Libya,NewCapacityTechFuelCumulated,Waste,2050,0.0
Libya,Libya,NewCapacityTechFuelCumulated,Methane,2050,0.0
Libya,Libya,NewCapacityTechFuelCumulated,Solar,2050,0.0
Libya,Libya,NewCapacityTechFuelCumulated,Solar,2050,0.0
Libya,Libya,ReserveSpinningTechFuel,Nuclear,2026,0.0
Libya,Libya,ReserveSpinningTechFuel,Gas,2026,341.0152
Libya,Libya,ReserveSpinningTechFuel,Gas,2026,0.0
Libya,Libya,ReserveSpinningTechFuel,Gas,2026,0.0
Libya,Libya,ReserveSpinningTechFuel,Gas,2026,0.0
Libya,Libya,ReserveSpinningTechFuel,Gas,2026,0.0
Libya,Libya,ReserveSpinningTechFuel,Gas,2026,8365.5506
Libya,Libya,ReserveSpinningTechFuel,Gas,2026,0.0
Libya,Libya,ReserveSpinningTechFuel,Gas,2026,507.5861999999999
Libya,Libya,ReserveSpinningTechFuel,Gas,2026,0.0
Libya,Libya,ReserveSpinningTechFuel,Gas,2026,0.0
Libya,Libya,ReserveSpinningTechFuel,Gas,2026,0.0
Libya,Libya,ReserveSpinningTechFuel,Gas,2026,0.0
Libya,Libya,ReserveSpinningTechFuel,Gas,2026,0.0
Libya,Libya,ReserveSpinningTechFuel,Coal,2026,0.0
Libya,Libya,ReserveSpinningTechFuel,Coal,2026,0.0
Libya,Libya,ReserveSpinningTechFuel,Coal,2026,0.0
Libya,Libya,ReserveSpinningTechFuel,Coal,2026,0.0
Libya,Libya,ReserveSpinningTechFuel,Geothermal,2026,0.0
Libya,Libya,ReserveSpinningTechFuel,Geothermal,2026,0.0
Libya,Libya,ReserveSpinningTechFuel,Diesel,2026,0.0
Libya,Libya,ReserveSpinningTechFuel,Diesel,2026,0.0
Libya,Libya,ReserveSpinningTechFuel,Diesel,2026,0.0
Libya,Libya,ReserveSpinningTechFuel,Diesel,2026,0.0
Libya,Libya,ReserveSpinningTechFuel,Diesel,2026,0.0
Libya,Libya,ReserveSpinningTechFuel,Diesel,2026,1121.28
Libya,Libya,ReserveSpinningTechFuel,Diesel,2026,0.0
Libya,Libya,ReserveSpinningTechFuel,Biomass,2026,0.0
Libya,Libya,ReserveSpinningTechFuel,Biomass,2026,0.0
Libya,Libya,ReserveSpinningTechFuel,Biomass,2026,0.0
Libya,Libya,ReserveSpinningTechFuel,Reservoir,2026,0.0
Libya,Libya,ReserveSpinningTechFuel,Reservoir,2026,0.0
Libya,Libya,ReserveSpinningTechFuel,ROR,2026,0.0
Libya,Libya,ReserveSpinningTechFuel,CSP,2026,0.0
Libya,Libya,ReserveSpinningTechFuel,CSP,2026,0.0
Libya,Libya,ReserveSpinningTechFuel,Offshore Wind,2026,0.0
Libya,Libya,ReserveSpinningTechFuel,Onshore Wind,2026,0.0
Libya,Libya,ReserveSpinningTechFuel,Onshore Wind,2026,0.0
Libya,Libya,ReserveSpinningTechFuel,PV,2026,0.0
Libya,Libya,ReserveSpinningTechFuel,PV,2026,0.0
Libya,Libya,ReserveSpinningTechFuel,PV+Storage,2026,0.0
Libya,Libya,ReserveSpinningTechFuel,Solar Thermal,2026,0.0
Libya,Libya,ReserveSpinningTechFuel,Battery,2026,0.0
Libya,Libya,ReserveSpinningTechFuel,PSH,2026,0.0
Libya,Libya,ReserveSpinningTechFuel,PSH,2026,0.0
Libya,Libya,ReserveSpinningTechFuel,Imports,2026,0.0
Libya,Libya,ReserveSpinningTechFuel,Peat,2026,0.0
Libya,Libya,ReserveSpinningTechFuel,Waste,2026,0.0
Libya,Libya,ReserveSpinningTechFuel,Methane,2026,0.0
Libya,Libya,ReserveSpinningTechFuel,Solar,2026,0.0
Libya,Libya,ReserveSpinningTechFuel,Solar,2026,0.0
Libya,Libya,ReserveSpinningTechFuel,Nuclear,2027,0.0
Libya,Libya,ReserveSpinningTechFuel,Gas,2027,548.7853999999999
Libya,Libya,ReserveSpinningTechFuel,Gas,2027,0.0
Libya,Libya,ReserveSpinningTechFuel,Gas,2027,0.0
Libya,Libya,ReserveSpinningTechFuel,Gas,2027,0.0
Libya,Libya,ReserveSpinningTechFuel,Gas,2027,0.0
Libya,Libya,ReserveSpinningTechFuel,Gas,2027,5721.1454
Libya,Libya,ReserveSpinningTechFuel,Gas,2027,0.0
Libya,Libya,ReserveSpinningTechFuel,Gas,2027,1127.0492000000004
Libya,Libya,ReserveSpinningTechFuel,Gas,2027,0.0
Libya,Libya,ReserveSpinningTechFuel,Gas,2027,0.0
Libya,Libya,ReserveSpinningTechFuel,Gas,2027,0.0
Libya,Libya,ReserveSpinningTechFuel,Gas,2027,0.0
Libya,Libya,ReserveSpinningTechFuel,Gas,2027,0.0
Libya,Libya,ReserveSpinningTechFuel,Coal,2027,0.0
Libya,Libya,ReserveSpinningTechFuel,Coal,2027,0.0
Libya,Libya,ReserveSpinningTechFuel,Coal,2027,0.0
Libya,Libya,ReserveSpinningTechFuel,Coal,2027,0.0
Libya,Libya,ReserveSpinningTechFuel,Geothermal,2027,0.0
Libya,Libya,ReserveSpinningTechFuel,Geothermal,2027,0.0
Libya,Libya,ReserveSpinningTechFuel,Diesel,2027,0.0
Libya,Libya,ReserveSpinningTechFuel,Diesel,2027,0.0
Libya,Libya,ReserveSpinningTechFuel,Diesel,2027,0.0
Libya,Libya,ReserveSpinningTechFuel,Diesel,2027,0.0
Libya,Libya,ReserveSpinningTechFuel,Diesel,2027,0.0
Libya,Libya,ReserveSpinningTechFuel,Diesel,2027,1121.28
Libya,Libya,ReserveSpinningTechFuel,Diesel,2027,0.0
Libya,Libya,ReserveSpinningTechFuel,Biomass,2027,0.0
Libya,Libya,ReserveSpinningTechFuel,Biomass,2027,0.0
Libya,Libya,ReserveSpinningTechFuel,Biomass,2027,0.0
Libya,Libya,ReserveSpinningTechFuel,Reservoir,2027,0.0
Libya,Libya,ReserveSpinningTechFuel,Reservoir,2027,0.0
Libya,Libya,ReserveSpinningTechFuel,ROR,2027,0.0
Libya,Libya,ReserveSpinningTechFuel,CSP,2027,0.0
Libya,Libya,ReserveSpinningTechFuel,CSP,2027,0.0
Libya,Libya,ReserveSpinningTechFuel,Offshore Wind,2027,0.0
Libya,Libya,ReserveSpinningTechFuel,Onshore Wind,2027,0.0
Libya,Libya,ReserveSpinningTechFuel,Onshore Wind,2027,0.0
Libya,Libya,ReserveSpinningTechFuel,PV,2027,0.0
Libya,Libya,ReserveSpinningTechFuel,PV,2027,0.0
Libya,Libya,ReserveSpinningTechFuel,PV+Storage,2027,0.0
Libya,Libya,ReserveSpinningTechFuel,Solar Thermal,2027,0.0
Libya,Libya,ReserveSpinningTechFuel,Battery,2027,0.0
Libya,Libya,ReserveSpinningTechFuel,PSH,2027,0.0
Libya,Libya,ReserveSpinningTechFuel,PSH,2027,0.0
Libya,Libya,ReserveSpinningTechFuel,Imports,2027,0.0
Libya,Libya,ReserveSpinningTechFuel,Peat,2027,0.0
Libya,Libya,ReserveSpinningTechFuel,Waste,2027,0.0
Libya,Libya,ReserveSpinningTechFuel,Methane,2027,0.0
Libya,Libya,ReserveSpinningTechFuel,Solar,2027,0.0
Libya,Libya,ReserveSpinningTechFuel,Solar,2027,0.0
Libya,Libya,ReserveSpinningTechFuel,Nuclear,2028,0.0
Libya,Libya,ReserveSpinningTechFuel,Gas,2028,537.7065630000002
Libya,Libya,ReserveSpinningTechFuel,Gas,2028,0.0
Libya,Libya,ReserveSpinningTechFuel,Gas,2028,0.0
Libya,Libya,ReserveSpinningTechFuel,Gas,2028,0.0
Libya,Libya,ReserveSpinningTechFuel,Gas,2028,0.0
Libya,Libya,ReserveSpinningTechFuel,Gas,2028,8102.22220375
Libya,Libya,ReserveSpinningTechFuel,Gas,2028,0.0
Libya,Libya,ReserveSpinningTechFuel,Gas,2028,204.91468875
Libya,Libya,ReserveSpinningTechFuel,Gas,2028,0.0
Libya,Libya,ReserveSpinningTechFuel,Gas,2028,0.0
Libya,Libya,ReserveSpinningTechFuel,Gas,2028,0.0
Libya,Libya,ReserveSpinningTechFuel,Gas,2028,0.0
Libya,Libya,ReserveSpinningTechFuel,Gas,2028,0.0
Libya,Libya,ReserveSpinningTechFuel,Coal,2028,0.0
Libya,Libya,ReserveSpinningTechFuel,Coal,2028,0.0
Libya,Libya,ReserveSpinningTechFuel,Coal,2028,0.0
Libya,Libya,ReserveSpinningTechFuel,Coal,2028,0.0
Libya,Libya,ReserveSpinningTechFuel,Geothermal,2028,0.0
Libya,Libya,ReserveSpinningTechFuel,Geothermal,2028,0.0
Libya,Libya,ReserveSpinningTechFuel,Diesel,2028,0.0
Libya,Libya,ReserveSpinningTechFuel,Diesel,2028,0.0
Libya,Libya,ReserveSpinningTechFuel,Diesel,2028,0.0
Libya,Libya,ReserveSpinningTechFuel,Diesel,2028,0.0
Libya,Libya,ReserveSpinningTechFuel,Diesel,2028,0.0
Libya,Libya,ReserveSpinningTechFuel,Diesel,2028,1121.28
Libya,Libya,ReserveSpinningTechFuel,Diesel,2028,0.0
Libya,Libya,ReserveSpinningTechFuel,Biomass,2028,0.0
Libya,Libya,ReserveSpinningTechFuel,Biomass,2028,0.0
Libya,Libya,ReserveSpinningTechFuel,Biomass,2028,0.0
Libya,Libya,ReserveSpinningTechFuel,Reservoir,2028,0.0
Libya,Libya,ReserveSpinningTechFuel,Reservoir,2028,0.0
Libya,Libya,ReserveSpinningTechFuel,ROR,2028,0.0
Libya,Libya,ReserveSpinningTechFuel,CSP,2028,0.0
Libya,Libya,ReserveSpinningTechFuel,CSP,2028,0.0
Libya,Libya,ReserveSpinningTechFuel,Offshore Wind,2028,0.0
Libya,Libya,ReserveSpinningTechFuel,Onshore Wind,2028,0.0
Libya,Libya,ReserveSpinningTechFuel,Onshore Wind,2028,0.0
Libya,Libya,ReserveSpinningTechFuel,PV,2028,0.0
Libya,Libya,ReserveSpinningTechFuel,PV,2028,0.0
Libya,Libya,ReserveSpinningTechFuel,PV+Storage,2028,0.0
Libya,Libya,ReserveSpinningTechFuel,Solar Thermal,2028,0.0
Libya,Libya,ReserveSpinningTechFuel,Battery,2028,0.0
Libya,Libya,ReserveSpinningTechFuel,PSH,2028,0.0
Libya,Libya,ReserveSpinningTechFuel,PSH,2028,0.0
Libya,Libya,ReserveSpinningTechFuel,Imports,2028,0.0
Libya,Libya,ReserveSpinningTechFuel,Peat,2028,0.0
Libya,Libya,ReserveSpinningTechFuel,Waste,2028,0.0
Libya,Libya,ReserveSpinningTechFuel,Methane,2028,0.0
Libya,Libya,ReserveSpinningTechFuel,Solar,2028,0.0
Libya,Libya,ReserveSpinningTechFuel,Solar,2028,0.0
Libya,Libya,ReserveSpinningTechFuel,Nuclear,2029,0.0
Libya,Libya,ReserveSpinningTechFuel,Gas,2029,503.93001600000014
Libya,Libya,ReserveSpinningTechFuel,Gas,2029,0.0
Libya,Libya,ReserveSpinningTechFuel,Gas,2029,0.0
Libya,Libya,ReserveSpinningTechFuel,Gas,2029,0.0
Libya,Libya,ReserveSpinningTechFuel,Gas,2029,0.0
Libya,Libya,ReserveSpinningTechFuel,Gas,2029,7444.293412
Libya,Libya,ReserveSpinningTechFuel,Gas,2029,0.0
Libya,Libya,ReserveSpinningTechFuel,Gas,2029,160.96677900000003
Libya,Libya,ReserveSpinningTechFuel,Gas,2029,0.0
Libya,Libya,ReserveSpinningTechFuel,Gas,2029,0.0
Libya,Libya,ReserveSpinningTechFuel,Gas,2029,0.0
Libya,Libya,ReserveSpinningTechFuel,Gas,2029,0.0
Libya,Libya,ReserveSpinningTechFuel,Gas,2029,0.0
Libya,Libya,ReserveSpinningTechFuel,Coal,2029,0.0
Libya,Libya,ReserveSpinningTechFuel,Coal,2029,0.0
Libya,Libya,ReserveSpinningTechFuel,Coal,2029,0.0
Libya,Libya,ReserveSpinningTechFuel,Coal,2029,0.0
Libya,Libya,ReserveSpinningTechFuel,Geothermal,2029,0.0
Libya,Libya,ReserveSpinningTechFuel,Geothermal,2029,0.0
Libya,Libya,ReserveSpinningTechFuel,Diesel,2029,0.0
Libya,Libya,ReserveSpinningTechFuel,Diesel,2029,0.0
Libya,Libya,ReserveSpinningTechFuel,Diesel,2029,0.0
Libya,Libya,ReserveSpinningTechFuel,Diesel,2029,0.0
Libya,Libya,ReserveSpinningTechFuel,Diesel,2029,0.0
Libya,Libya,ReserveSpinningTechFuel,Diesel,2029,1121.28
Libya,Libya,ReserveSpinningTechFuel,Diesel,2029,0.0
Libya,Libya,ReserveSpinningTechFuel,Biomass,2029,0.0
Libya,Libya,ReserveSpinningTechFuel,Biomass,2029,0.0
Libya,Libya,ReserveSpinningTechFuel,Biomass,2029,0.0
Libya,Libya,ReserveSpinningTechFuel,Reservoir,2029,0.0
Libya,Libya,ReserveSpinningTechFuel,Reservoir,2029,0.0
Libya,Libya,ReserveSpinningTechFuel,ROR,2029,0.0
Libya,Libya,ReserveSpinningTechFuel,CSP,2029,0.0
Libya,Libya,ReserveSpinningTechFuel,CSP,2029,0.0
Libya,Libya,ReserveSpinningTechFuel,Offshore Wind,2029,0.0
Libya,Libya,ReserveSpinningTechFuel,Onshore Wind,2029,0.0
Libya,Libya,ReserveSpinningTechFuel,Onshore Wind,2029,0.0
Libya,Libya,ReserveSpinningTechFuel,PV,2029,0.0
Libya,Libya,ReserveSpinningTechFuel,PV,2029,0.0
Libya,Libya,ReserveSpinningTechFuel,PV+Storage,2029,0.0
Libya,Libya,ReserveSpinningTechFuel,Solar Thermal,2029,0.0
Libya,Libya,ReserveSpinningTechFuel,Battery,2029,0.0
Libya,Libya,ReserveSpinningTechFuel,PSH,2029,0.0
Libya,Libya,ReserveSpinningTechFuel,PSH,2029,0.0
Libya,Libya,ReserveSpinningTechFuel,Imports,2029,0.0
Libya,Libya,ReserveSpinningTechFuel,Peat,2029,0.0
Libya,Libya,ReserveSpinningTechFuel,Waste,2029,0.0
Libya,Libya,ReserveSpinningTechFuel,Methane,2029,0.0
Libya,Libya,ReserveSpinningTechFuel,Solar,2029,0.0
Libya,Libya,ReserveSpinningTechFuel,Solar,2029,0.0
Libya,Libya,ReserveSpinningTechFuel,Nuclear,2030,0.0
Libya,Libya,ReserveSpinningTechFuel,Gas,2030,409.48421425000015
Libya,Libya,ReserveSpinningTechFuel,Gas,2030,0.0
Libya,Libya,ReserveSpinningTechFuel,Gas,2030,0.0
Libya,Libya,ReserveSpinningTechFuel,Gas,2030,0.0
Libya,Libya,ReserveSpinningTechFuel,Gas,2030,0.0
Libya,Libya,ReserveSpinningTechFuel,Gas,2030,8398.60779775
Libya,Libya,ReserveSpinningTechFuel,Gas,2030,0.0
Libya,Libya,ReserveSpinningTechFuel,Gas,2030,175.86568925
Libya,Libya,ReserveSpinningTechFuel,Gas,2030,0.0
Libya,Libya,ReserveSpinningTechFuel,Gas,2030,0.0
Libya,Libya,ReserveSpinningTechFuel,Gas,2030,0.0
Libya,Libya,ReserveSpinningTechFuel,Gas,2030,0.0
Libya,Libya,ReserveSpinningTechFuel,Gas,2030,0.0
Libya,Libya,ReserveSpinningTechFuel,Coal,2030,0.0
Libya,Libya,ReserveSpinningTechFuel,Coal,2030,0.0
Libya,Libya,ReserveSpinningTechFuel,Coal,2030,0.0
Libya,Libya,ReserveSpinningTechFuel,Coal,2030,0.0
Libya,Libya,ReserveSpinningTechFuel,Geothermal,2030,0.0
Libya,Libya,ReserveSpinningTechFuel,Geothermal,2030,0.0
Libya,Libya,ReserveSpinningTechFuel,Diesel,2030,0.0
Libya,Libya,ReserveSpinningTechFuel,Diesel,2030,0.0
Libya,Libya,ReserveSpinningTechFuel,Diesel,2030,0.0
Libya,Libya,ReserveSpinningTechFuel,Diesel,2030,0.0
Libya,Libya,ReserveSpinningTechFuel,Diesel,2030,0.0
Libya,Libya,ReserveSpinningTechFuel,Diesel,2030,1121.28
Libya,Libya,ReserveSpinningTechFuel,Diesel,2030,0.0
Libya,Libya,ReserveSpinningTechFuel,Biomass,2030,0.0
Libya,Libya,ReserveSpinningTechFuel,Biomass,2030,0.0
Libya,Libya,ReserveSpinningTechFuel,Biomass,2030,0.0
Libya,Libya,ReserveSpinningTechFuel,Reservoir,2030,0.0
Libya,Libya,ReserveSpinningTechFuel,Reservoir,2030,0.0
Libya,Libya,ReserveSpinningTechFuel,ROR,2030,0.0
Libya,Libya,ReserveSpinningTechFuel,CSP,2030,0.0
Libya,Libya,ReserveSpinningTechFuel,CSP,2030,0.0
Libya,Libya,ReserveSpinningTechFuel,Offshore Wind,2030,0.0
Libya,Libya,ReserveSpinningTechFuel,Onshore Wind,2030,0.0
Libya,Libya,ReserveSpinningTechFuel,Onshore Wind,2030,0.0
Libya,Libya,ReserveSpinningTechFuel,PV,2030,0.0
Libya,Libya,ReserveSpinningTechFuel,PV,2030,0.0
Libya,Libya,ReserveSpinningTechFuel,PV+Storage,2030,0.0
Libya,Libya,ReserveSpinningTechFuel,Solar Thermal,2030,0.0
Libya,Libya,ReserveSpinningTechFuel,Battery,2030,0.0
Libya,Libya,ReserveSpinningTechFuel,PSH,2030,0.0
Libya,Libya,ReserveSpinningTechFuel,PSH,2030,0.0
Libya,Libya,ReserveSpinningTechFuel,Imports,2030,0.0
Libya,Libya,ReserveSpinningTechFuel,Peat,2030,0.0
Libya,Libya,ReserveSpinningTechFuel,Waste,2030,0.0
Libya,Libya,ReserveSpinningTechFuel,Methane,2030,0.0
Libya,Libya,ReserveSpinningTechFuel,Solar,2030,0.0
Libya,Libya,ReserveSpinningTechFuel,Solar,2030,0.0
Libya,Libya,ReserveSpinningTechFuel,Nuclear,2031,0.0
Libya,Libya,ReserveSpinningTechFuel,Gas,2031,738.5590727223499
Libya,Libya,ReserveSpinningTechFuel,Gas,2031,0.0
Libya,Libya,ReserveSpinningTechFuel,Gas,2031,0.0
Libya,Libya,ReserveSpinningTechFuel,Gas,2031,0.0
Libya,Libya,ReserveSpinningTechFuel,Gas,2031,0.0
Libya,Libya,ReserveSpinningTechFuel,Gas,2031,8000.853793145649
Libya,Libya,ReserveSpinningTechFuel,Gas,2031,0.0
Libya,Libya,ReserveSpinningTechFuel,Gas,2031,166.689274520125
Libya,Libya,ReserveSpinningTechFuel,Gas,2031,0.0
Libya,Libya,ReserveSpinningTechFuel,Gas,2031,0.0
Libya,Libya,ReserveSpinningTechFuel,Gas,2031,0.0
Libya,Libya,ReserveSpinningTechFuel,Gas,2031,0.0
Libya,Libya,ReserveSpinningTechFuel,Gas,2031,0.0
Libya,Libya,ReserveSpinningTechFuel,Coal,2031,0.0
Libya,Libya,ReserveSpinningTechFuel,Coal,2031,0.0
Libya,Libya,ReserveSpinningTechFuel,Coal,2031,0.0
Libya,Libya,ReserveSpinningTechFuel,Coal,2031,0.0
Libya,Libya,ReserveSpinningTechFuel,Geothermal,2031,0.0
Libya,Libya,ReserveSpinningTechFuel,Geothermal,2031,0.0
Libya,Libya,ReserveSpinningTechFuel,Diesel,2031,0.0
Libya,Libya,ReserveSpinningTechFuel,Diesel,2031,0.0
Libya,Libya,ReserveSpinningTechFuel,Diesel,2031,0.0
Libya,Libya,ReserveSpinningTechFuel,Diesel,2031,0.0
Libya,Libya,ReserveSpinningTechFuel,Diesel,2031,0.0
Libya,Libya,ReserveSpinningTechFuel,Diesel,2031,1121.28
Libya,Libya,ReserveSpinningTechFuel,Diesel,2031,0.0
Libya,Libya,ReserveSpinningTechFuel,Biomass,2031,0.0
Libya,Libya,ReserveSpinningTechFuel,Biomass,2031,0.0
Libya,Libya,ReserveSpinningTechFuel,Biomass,2031,0.0
Libya,Libya,ReserveSpinningTechFuel,Reservoir,2031,0.0
Libya,Libya,ReserveSpinningTechFuel,Reservoir,2031,0.0
Libya,Libya,ReserveSpinningTechFuel,ROR,2031,0.0
Libya,Libya,ReserveSpinningTechFuel,CSP,2031,0.0
Libya,Libya,ReserveSpinningTechFuel,CSP,2031,0.0
Libya,Libya,ReserveSpinningTechFuel,Offshore Wind,2031,0.0
Libya,Libya,ReserveSpinningTechFuel,Onshore Wind,2031,0.0
Libya,Libya,ReserveSpinningTechFuel,Onshore Wind,2031,0.0
Libya,Libya,ReserveSpinningTechFuel,PV,2031,0.0
Libya,Libya,ReserveSpinningTechFuel,PV,2031,0.0
Libya,Libya,ReserveSpinningTechFuel,PV+Storage,2031,0.0
Libya,Libya,ReserveSpinningTechFuel,Solar Thermal,2031,0.0
Libya,Libya,ReserveSpinningTechFuel,Battery,2031,0.0
Libya,Libya,ReserveSpinningTechFuel,PSH,2031,0.0
Libya,Libya,ReserveSpinningTechFuel,PSH,2031,0.0
Libya,Libya,ReserveSpinningTechFuel,Imports,2031,0.0
Libya,Libya,ReserveSpinningTechFuel,Peat,2031,0.0
Libya,Libya,ReserveSpinningTechFuel,Waste,2031,0.0
Libya,Libya,ReserveSpinningTechFuel,Methane,2031,0.0
Libya,Libya,ReserveSpinningTechFuel,Solar,2031,0.0
Libya,Libya,ReserveSpinningTechFuel,Solar,2031,0.0
Libya,Libya,ReserveSpinningTechFuel,Nuclear,2032,0.0
Libya,Libya,ReserveSpinningTechFuel,Gas,2032,496.4735339511002
Libya,Libya,ReserveSpinningTechFuel,Gas,2032,0.0
Libya,Libya,ReserveSpinningTechFuel,Gas,2032,0.0
Libya,Libya,ReserveSpinningTechFuel,Gas,2032,0.0
Libya,Libya,ReserveSpinningTechFuel,Gas,2032,0.0
Libya,Libya,ReserveSpinningTechFuel,Gas,2032,10029.9736333646
Libya,Libya,ReserveSpinningTechFuel,Gas,2032,0.0
Libya,Libya,ReserveSpinningTechFuel,Gas,2032,100.77198913390002
Libya,Libya,ReserveSpinningTechFuel,Gas,2032,0.0
Libya,Libya,ReserveSpinningTechFuel,Gas,2032,0.0
Libya,Libya,ReserveSpinningTechFuel,Gas,2032,0.0
Libya,Libya,ReserveSpinningTechFuel,Gas,2032,0.0
Libya,Libya,ReserveSpinningTechFuel,Gas,2032,0.0
Libya,Libya,ReserveSpinningTechFuel,Coal,2032,0.0
Libya,Libya,ReserveSpinningTechFuel,Coal,2032,0.0
Libya,Libya,ReserveSpinningTechFuel,Coal,2032,0.0
Libya,Libya,ReserveSpinningTechFuel,Coal,2032,0.0
Libya,Libya,ReserveSpinningTechFuel,Geothermal,2032,0.0
Libya,Libya,ReserveSpinningTechFuel,Geothermal,2032,0.0
Libya,Libya,ReserveSpinningTechFuel,Diesel,2032,0.0
Libya,Libya,ReserveSpinningTechFuel,Diesel,2032,0.0
Libya,Libya,ReserveSpinningTechFuel,Diesel,2032,0.0
Libya,Libya,ReserveSpinningTechFuel,Diesel,2032,0.0
Libya,Libya,ReserveSpinningTechFuel,Diesel,2032,0.0
Libya,Libya,ReserveSpinningTechFuel,Diesel,2032,1121.28
Libya,Libya,ReserveSpinningTechFuel,Diesel,2032,0.0
Libya,Libya,ReserveSpinningTechFuel,Biomass,2032,0.0
Libya,Libya,ReserveSpinningTechFuel,Biomass,2032,0.0
Libya,Libya,ReserveSpinningTechFuel,Biomass,2032,0.0
Libya,Libya,ReserveSpinningTechFuel,Reservoir,2032,0.0
Libya,Libya,ReserveSpinningTechFuel,Reservoir,2032,0.0
Libya,Libya,ReserveSpinningTechFuel,ROR,2032,0.0
Libya,Libya,ReserveSpinningTechFuel,CSP,2032,0.0
Libya,Libya,ReserveSpinningTechFuel,CSP,2032,0.0
Libya,Libya,ReserveSpinningTechFuel,Offshore Wind,2032,0.0
Libya,Libya,ReserveSpinningTechFuel,Onshore Wind,2032,0.0
Libya,Libya,ReserveSpinningTechFuel,Onshore Wind,2032,0.0
Libya,Libya,ReserveSpinningTechFuel,PV,2032,0.0
Libya,Libya,ReserveSpinningTechFuel,PV,2032,0.0
Libya,Libya,ReserveSpinningTechFuel,PV+Storage,2032,0.0
Libya,Libya,ReserveSpinningTechFuel,Solar Thermal,2032,0.0
Libya,Libya,ReserveSpinningTechFuel,Battery,2032,0.0
Libya,Libya,ReserveSpinningTechFuel,PSH,2032,0.0
Libya,Libya,ReserveSpinningTechFuel,PSH,2032,0.0
Libya,Libya,ReserveSpinningTechFuel,Imports,2032,0.0
Libya,Libya,ReserveSpinningTechFuel,Peat,2032,0.0
Libya,Libya,ReserveSpinningTechFuel,Waste,2032,0.0
Libya,Libya,ReserveSpinningTechFuel,Methane,2032,0.0
Libya,Libya,ReserveSpinningTechFuel,Solar,2032,0.0
Libya,Libya,ReserveSpinningTechFuel,Solar,2032,0.0
Libya,Libya,ReserveSpinningTechFuel,Nuclear,2033,0.0
Libya,Libya,ReserveSpinningTechFuel,Gas,2033,1323.2284587213
Libya,Libya,ReserveSpinningTechFuel,Gas,2033,0.0
Libya,Libya,ReserveSpinningTechFuel,Gas,2033,0.0
Libya,Libya,ReserveSpinningTechFuel,Gas,2033,0.0
Libya,Libya,ReserveSpinningTechFuel,Gas,2033,0.0
Libya,Libya,ReserveSpinningTechFuel,Gas,2033,9876.470926207176
Libya,Libya,ReserveSpinningTechFuel,Gas,2033,0.0
Libya,Libya,ReserveSpinningTechFuel,Gas,2033,133.88529341292505
Libya,Libya,ReserveSpinningTechFuel,Gas,2033,0.0
Libya,Libya,ReserveSpinningTechFuel,Gas,2033,0.0
Libya,Libya,ReserveSpinningTechFuel,Gas,2033,0.0
Libya,Libya,ReserveSpinningTechFuel,Gas,2033,0.0
Libya,Libya,ReserveSpinningTechFuel,Gas,2033,0.0
Libya,Libya,ReserveSpinningTechFuel,Coal,2033,0.0
Libya,Libya,ReserveSpinningTechFuel,Coal,2033,0.0
Libya,Libya,ReserveSpinningTechFuel,Coal,2033,0.0
Libya,Libya,ReserveSpinningTechFuel,Coal,2033,0.0
Libya,Libya,ReserveSpinningTechFuel,Geothermal,2033,0.0
Libya,Libya,ReserveSpinningTechFuel,Geothermal,2033,0.0
Libya,Libya,ReserveSpinningTechFuel,Diesel,2033,0.0
Libya,Libya,ReserveSpinningTechFuel,Diesel,2033,0.0
Libya,Libya,ReserveSpinningTechFuel,Diesel,2033,0.0
Libya,Libya,ReserveSpinningTechFuel,Diesel,2033,0.0
Libya,Libya,ReserveSpinningTechFuel,Diesel,2033,0.0
Libya,Libya,ReserveSpinningTechFuel,Diesel,2033,1121.28
Libya,Libya,ReserveSpinningTechFuel,Diesel,2033,0.0
Libya,Libya,ReserveSpinningTechFuel,Biomass,2033,0.0
Libya,Libya,ReserveSpinningTechFuel,Biomass,2033,0.0
Libya,Libya,ReserveSpinningTechFuel,Biomass,2033,0.0
Libya,Libya,ReserveSpinningTechFuel,Reservoir,2033,0.0
Libya,Libya,ReserveSpinningTechFuel,Reservoir,2033,0.0
Libya,Libya,ReserveSpinningTechFuel,ROR,2033,0.0
Libya,Libya,ReserveSpinningTechFuel,CSP,2033,0.0
Libya,Libya,ReserveSpinningTechFuel,CSP,2033,0.0
Libya,Libya,ReserveSpinningTechFuel,Offshore Wind,2033,0.0
Libya,Libya,ReserveSpinningTechFuel,Onshore Wind,2033,0.0
Libya,Libya,ReserveSpinningTechFuel,Onshore Wind,2033,0.0
Libya,Libya,ReserveSpinningTechFuel,PV,2033,0.0
Libya,Libya,ReserveSpinningTechFuel,PV,2033,0.0
Libya,Libya,ReserveSpinningTechFuel,PV+Storage,2033,0.0
Libya,Libya,ReserveSpinningTechFuel,Solar Thermal,2033,0.0
Libya,Libya,ReserveSpinningTechFuel,Battery,2033,0.0
Libya,Libya,ReserveSpinningTechFuel,PSH,2033,0.0
Libya,Libya,ReserveSpinningTechFuel,PSH,2033,0.0
Libya,Libya,ReserveSpinningTechFuel,Imports,2033,0.0
Libya,Libya,ReserveSpinningTechFuel,Peat,2033,0.0
Libya,Libya,ReserveSpinningTechFuel,Waste,2033,0.0
Libya,Libya,ReserveSpinningTechFuel,Methane,2033,0.0
Libya,Libya,ReserveSpinningTechFuel,Solar,2033,0.0
Libya,Libya,ReserveSpinningTechFuel,Solar,2033,0.0
Libya,Libya,ReserveSpinningTechFuel,Nuclear,2034,0.0
Libya,Libya,ReserveSpinningTechFuel,Gas,2034,1513.5298035350002
Libya,Libya,ReserveSpinningTechFuel,Gas,2034,0.0
Libya,Libya,ReserveSpinningTechFuel,Gas,2034,0.0
Libya,Libya,ReserveSpinningTechFuel,Gas,2034,0.0
Libya,Libya,ReserveSpinningTechFuel,Gas,2034,0.0
Libya,Libya,ReserveSpinningTechFuel,Gas,2034,11261.2276990506
Libya,Libya,ReserveSpinningTechFuel,Gas,2034,0.0
Libya,Libya,ReserveSpinningTechFuel,Gas,2034,29.5401253483
Libya,Libya,ReserveSpinningTechFuel,Gas,2034,0.0
Libya,Libya,ReserveSpinningTechFuel,Gas,2034,0.0
Libya,Libya,ReserveSpinningTechFuel,Gas,2034,0.0
Libya,Libya,ReserveSpinningTechFuel,Gas,2034,0.0
Libya,Libya,ReserveSpinningTechFuel,Gas,2034,0.0
Libya,Libya,ReserveSpinningTechFuel,Coal,2034,0.0
Libya,Libya,ReserveSpinningTechFuel,Coal,2034,0.0
Libya,Libya,ReserveSpinningTechFuel,Coal,2034,0.0
Libya,Libya,ReserveSpinningTechFuel,Coal,2034,0.0
Libya,Libya,ReserveSpinningTechFuel,Geothermal,2034,0.0
Libya,Libya,ReserveSpinningTechFuel,Geothermal,2034,0.0
Libya,Libya,ReserveSpinningTechFuel,Diesel,2034,0.0
Libya,Libya,ReserveSpinningTechFuel,Diesel,2034,0.0
Libya,Libya,ReserveSpinningTechFuel,Diesel,2034,0.0
Libya,Libya,ReserveSpinningTechFuel,Diesel,2034,0.0
Libya,Libya,ReserveSpinningTechFuel,Diesel,2034,0.0
Libya,Libya,ReserveSpinningTechFuel,Diesel,2034,1121.28
Libya,Libya,ReserveSpinningTechFuel,Diesel,2034,0.0
Libya,Libya,ReserveSpinningTechFuel,Biomass,2034,0.0
Libya,Libya,ReserveSpinningTechFuel,Biomass,2034,0.0
Libya,Libya,ReserveSpinningTechFuel,Biomass,2034,0.0
Libya,Libya,ReserveSpinningTechFuel,Reservoir,2034,0.0
Libya,Libya,ReserveSpinningTechFuel,Reservoir,2034,0.0
Libya,Libya,ReserveSpinningTechFuel,ROR,2034,0.0
Libya,Libya,ReserveSpinningTechFuel,CSP,2034,0.0
Libya,Libya,ReserveSpinningTechFuel,CSP,2034,0.0
Libya,Libya,ReserveSpinningTechFuel,Offshore Wind,2034,0.0
Libya,Libya,ReserveSpinningTechFuel,Onshore Wind,2034,0.0
Libya,Libya,ReserveSpinningTechFuel,Onshore Wind,2034,0.0
Libya,Libya,ReserveSpinningTechFuel,PV,2034,0.0
Libya,Libya,ReserveSpinningTechFuel,PV,2034,0.0
Libya,Libya,ReserveSpinningTechFuel,PV+Storage,2034,0.0
Libya,Libya,ReserveSpinningTechFuel,Solar Thermal,2034,0.0
Libya,Libya,ReserveSpinningTechFuel,Battery,2034,0.0
Libya,Libya,ReserveSpinningTechFuel,PSH,2034,0.0
Libya,Libya,ReserveSpinningTechFuel,PSH,2034,0.0
Libya,Libya,ReserveSpinningTechFuel,Imports,2034,0.0
Libya,Libya,ReserveSpinningTechFuel,Peat,2034,0.0
Libya,Libya,ReserveSpinningTechFuel,Waste,2034,0.0
Libya,Libya,ReserveSpinningTechFuel,Methane,2034,0.0
Libya,Libya,ReserveSpinningTechFuel,Solar,2034,0.0
Libya,Libya,ReserveSpinningTechFuel,Solar,2034,0.0
Libya,Libya,ReserveSpinningTechFuel,Nuclear,2035,0.0
Libya,Libya,ReserveSpinningTechFuel,Gas,2035,1764.317913203125
Libya,Libya,ReserveSpinningTechFuel,Gas,2035,0.0
Libya,Libya,ReserveSpinningTechFuel,Gas,2035,0.0
Libya,Libya,ReserveSpinningTechFuel,Gas,2035,0.0
Libya,Libya,ReserveSpinningTechFuel,Gas,2035,0.0
Libya,Libya,ReserveSpinningTechFuel,Gas,2035,10428.438916824623
Libya,Libya,ReserveSpinningTechFuel,Gas,2035,0.0
Libya,Libya,ReserveSpinningTechFuel,Gas,2035,169.0943293305
Libya,Libya,ReserveSpinningTechFuel,Gas,2035,0.0
Libya,Libya,ReserveSpinningTechFuel,Gas,2035,0.0
Libya,Libya,ReserveSpinningTechFuel,Gas,2035,0.0
Libya,Libya,ReserveSpinningTechFuel,Gas,2035,0.0
Libya,Libya,ReserveSpinningTechFuel,Gas,2035,0.0
Libya,Libya,ReserveSpinningTechFuel,Coal,2035,0.0
Libya,Libya,ReserveSpinningTechFuel,Coal,2035,0.0
Libya,Libya,ReserveSpinningTechFuel,Coal,2035,0.0
Libya,Libya,ReserveSpinningTechFuel,Coal,2035,0.0
Libya,Libya,ReserveSpinningTechFuel,Geothermal,2035,0.0
Libya,Libya,ReserveSpinningTechFuel,Geothermal,2035,0.0
Libya,Libya,ReserveSpinningTechFuel,Diesel,2035,0.0
Libya,Libya,ReserveSpinningTechFuel,Diesel,2035,0.0
Libya,Libya,ReserveSpinningTechFuel,Diesel,2035,0.0
Libya,Libya,ReserveSpinningTechFuel,Diesel,2035,0.0
Libya,Libya,ReserveSpinningTechFuel,Diesel,2035,0.0
Libya,Libya,ReserveSpinningTechFuel,Diesel,2035,1074.688
Libya,Libya,ReserveSpinningTechFuel,Diesel,2035,0.0
Libya,Libya,ReserveSpinningTechFuel,Biomass,2035,0.0
Libya,Libya,ReserveSpinningTechFuel,Biomass,2035,0.0
Libya,Libya,ReserveSpinningTechFuel,Biomass,2035,0.0
Libya,Libya,ReserveSpinningTechFuel,Reservoir,2035,0.0
Libya,Libya,ReserveSpinningTechFuel,Reservoir,2035,0.0
Libya,Libya,ReserveSpinningTechFuel,ROR,2035,0.0
Libya,Libya,ReserveSpinningTechFuel,CSP,2035,0.0
Libya,Libya,ReserveSpinningTechFuel,CSP,2035,0.0
Libya,Libya,ReserveSpinningTechFuel,Offshore Wind,2035,0.0
Libya,Libya,ReserveSpinningTechFuel,Onshore Wind,2035,0.0
Libya,Libya,ReserveSpinningTechFuel,Onshore Wind,2035,0.0
Libya,Libya,ReserveSpinningTechFuel,PV,2035,0.0
Libya,Libya,ReserveSpinningTechFuel,PV,2035,0.0
Libya,Libya,ReserveSpinningTechFuel,PV+Storage,2035,0.0
Libya,Libya,ReserveSpinningTechFuel,Solar Thermal,2035,0.0
Libya,Libya,ReserveSpinningTechFuel,Battery,2035,0.0
Libya,Libya,ReserveSpinningTechFuel,PSH,2035,0.0
Libya,Libya,ReserveSpinningTechFuel,PSH,2035,0.0
Libya,Libya,ReserveSpinningTechFuel,Imports,2035,0.0
Libya,Libya,ReserveSpinningTechFuel,Peat,2035,0.0
Libya,Libya,ReserveSpinningTechFuel,Waste,2035,0.0
Libya,Libya,ReserveSpinningTechFuel,Methane,2035,0.0
Libya,Libya,ReserveSpinningTechFuel,Solar,2035,0.0
Libya,Libya,ReserveSpinningTechFuel,Solar,2035,0.0
Libya,Libya,ReserveSpinningTechFuel,Nuclear,2036,0.0
Libya,Libya,ReserveSpinningTechFuel,Gas,2036,2318.3441139147008
Libya,Libya,ReserveSpinningTechFuel,Gas,2036,0.0
Libya,Libya,ReserveSpinningTechFuel,Gas,2036,0.0
Libya,Libya,ReserveSpinningTechFuel,Gas,2036,0.0
Libya,Libya,ReserveSpinningTechFuel,Gas,2036,0.0
Libya,Libya,ReserveSpinningTechFuel,Gas,2036,9729.4087145454
Libya,Libya,ReserveSpinningTechFuel,Gas,2036,0.0
Libya,Libya,ReserveSpinningTechFuel,Gas,2036,485.209491342
Libya,Libya,ReserveSpinningTechFuel,Gas,2036,0.0
Libya,Libya,ReserveSpinningTechFuel,Gas,2036,0.0
Libya,Libya,ReserveSpinningTechFuel,Gas,2036,0.0
Libya,Libya,ReserveSpinningTechFuel,Gas,2036,0.0
Libya,Libya,ReserveSpinningTechFuel,Gas,2036,0.0
Libya,Libya,ReserveSpinningTechFuel,Coal,2036,0.0
Libya,Libya,ReserveSpinningTechFuel,Coal,2036,0.0
Libya,Libya,ReserveSpinningTechFuel,Coal,2036,0.0
Libya,Libya,ReserveSpinningTechFuel,Coal,2036,0.0
Libya,Libya,ReserveSpinningTechFuel,Geothermal,2036,0.0
Libya,Libya,ReserveSpinningTechFuel,Geothermal,2036,0.0
Libya,Libya,ReserveSpinningTechFuel,Diesel,2036,0.0
Libya,Libya,ReserveSpinningTechFuel,Diesel,2036,0.0
Libya,Libya,ReserveSpinningTechFuel,Diesel,2036,0.0
Libya,Libya,ReserveSpinningTechFuel,Diesel,2036,0.0
Libya,Libya,ReserveSpinningTechFuel,Diesel,2036,0.0
Libya,Libya,ReserveSpinningTechFuel,Diesel,2036,1108.9168021952
Libya,Libya,ReserveSpinningTechFuel,Diesel,2036,0.0
Libya,Libya,ReserveSpinningTechFuel,Biomass,2036,0.0
Libya,Libya,ReserveSpinningTechFuel,Biomass,2036,0.0
Libya,Libya,ReserveSpinningTechFuel,Biomass,2036,0.0
Libya,Libya,ReserveSpinningTechFuel,Reservoir,2036,0.0
Libya,Libya,ReserveSpinningTechFuel,Reservoir,2036,0.0
Libya,Libya,ReserveSpinningTechFuel,ROR,2036,0.0
Libya,Libya,ReserveSpinningTechFuel,CSP,2036,0.0
Libya,Libya,ReserveSpinningTechFuel,CSP,2036,0.0
Libya,Libya,ReserveSpinningTechFuel,Offshore Wind,2036,0.0
Libya,Libya,ReserveSpinningTechFuel,Onshore Wind,2036,0.0
Libya,Libya,ReserveSpinningTechFuel,Onshore Wind,2036,0.0
Libya,Libya,ReserveSpinningTechFuel,PV,2036,0.0
Libya,Libya,ReserveSpinningTechFuel,PV,2036,0.0
Libya,Libya,ReserveSpinningTechFuel,PV+Storage,2036,0.0
Libya,Libya,ReserveSpinningTechFuel,Solar Thermal,2036,0.0
Libya,Libya,ReserveSpinningTechFuel,Battery,2036,0.0
Libya,Libya,ReserveSpinningTechFuel,PSH,2036,0.0
Libya,Libya,ReserveSpinningTechFuel,PSH,2036,0.0
Libya,Libya,ReserveSpinningTechFuel,Imports,2036,0.0
Libya,Libya,ReserveSpinningTechFuel,Peat,2036,0.0
Libya,Libya,ReserveSpinningTechFuel,Waste,2036,0.0
Libya,Libya,ReserveSpinningTechFuel,Methane,2036,0.0
Libya,Libya,ReserveSpinningTechFuel,Solar,2036,0.0
Libya,Libya,ReserveSpinningTechFuel,Solar,2036,0.0
Libya,Libya,ReserveSpinningTechFuel,Nuclear,2037,0.0
Libya,Libya,ReserveSpinningTechFuel,Gas,2037,2663.403088542775
Libya,Libya,ReserveSpinningTechFuel,Gas,2037,0.0
Libya,Libya,ReserveSpinningTechFuel,Gas,2037,0.0
Libya,Libya,ReserveSpinningTechFuel,Gas,2037,0.0
Libya,Libya,ReserveSpinningTechFuel,Gas,2037,0.0
Libya,Libya,ReserveSpinningTechFuel,Gas,2037,10704.521951815725
Libya,Libya,ReserveSpinningTechFuel,Gas,2037,0.0
Libya,Libya,ReserveSpinningTechFuel,Gas,2037,487.994878364375
Libya,Libya,ReserveSpinningTechFuel,Gas,2037,0.0
Libya,Libya,ReserveSpinningTechFuel,Gas,2037,0.0
Libya,Libya,ReserveSpinningTechFuel,Gas,2037,0.0
Libya,Libya,ReserveSpinningTechFuel,Gas,2037,0.0
Libya,Libya,ReserveSpinningTechFuel,Gas,2037,0.0
Libya,Libya,ReserveSpinningTechFuel,Coal,2037,0.0
Libya,Libya,ReserveSpinningTechFuel,Coal,2037,0.0
Libya,Libya,ReserveSpinningTechFuel,Coal,2037,0.0
Libya,Libya,ReserveSpinningTechFuel,Coal,2037,0.0
Libya,Libya,ReserveSpinningTechFuel,Geothermal,2037,0.0
Libya,Libya,ReserveSpinningTechFuel,Geothermal,2037,0.0
Libya,Libya,ReserveSpinningTechFuel,Diesel,2037,0.0
Libya,Libya,ReserveSpinningTechFuel,Diesel,2037,0.0
Libya,Libya,ReserveSpinningTechFuel,Diesel,2037,0.0
Libya,Libya,ReserveSpinningTechFuel,Diesel,2037,0.0
Libya,Libya,ReserveSpinningTechFuel,Diesel,2037,0.0
Libya,Libya,ReserveSpinningTechFuel,Diesel,2037,1113.6
Libya,Libya,ReserveSpinningTechFuel,Diesel,2037,0.0
Libya,Libya,ReserveSpinningTechFuel,Biomass,2037,0.0
Libya,Libya,ReserveSpinningTechFuel,Biomass,2037,0.0
Libya,Libya,ReserveSpinningTechFuel,Biomass,2037,0.0
Libya,Libya,ReserveSpinningTechFuel,Reservoir,2037,0.0
Libya,Libya,ReserveSpinningTechFuel,Reservoir,2037,0.0
Libya,Libya,ReserveSpinningTechFuel,ROR,2037,0.0
Libya,Libya,ReserveSpinningTechFuel,CSP,2037,0.0
Libya,Libya,ReserveSpinningTechFuel,CSP,2037,0.0
Libya,Libya,ReserveSpinningTechFuel,Offshore Wind,2037,0.0
Libya,Libya,ReserveSpinningTechFuel,Onshore Wind,2037,0.0
Libya,Libya,ReserveSpinningTechFuel,Onshore Wind,2037,0.0
Libya,Libya,ReserveSpinningTechFuel,PV,2037,0.0
Libya,Libya,ReserveSpinningTechFuel,PV,2037,0.0
Libya,Libya,ReserveSpinningTechFuel,PV+Storage,2037,0.0
Libya,Libya,ReserveSpinningTechFuel,Solar Thermal,2037,0.0
Libya,Libya,ReserveSpinningTechFuel,Battery,2037,0.0
Libya,Libya,ReserveSpinningTechFuel,PSH,2037,0.0
Libya,Libya,ReserveSpinningTechFuel,PSH,2037,0.0
Libya,Libya,ReserveSpinningTechFuel,Imports,2037,0.0
Libya,Libya,ReserveSpinningTechFuel,Peat,2037,0.0
Libya,Libya,ReserveSpinningTechFuel,Waste,2037,0.0
Libya,Libya,ReserveSpinningTechFuel,Methane,2037,0.0
Libya,Libya,ReserveSpinningTechFuel,Solar,2037,0.0
Libya,Libya,ReserveSpinningTechFuel,Solar,2037,0.0
Libya,Libya,ReserveSpinningTechFuel,Nuclear,2038,0.0
Libya,Libya,ReserveSpinningTechFuel,Gas,2038,2827.42485878
Libya,Libya,ReserveSpinningTechFuel,Gas,2038,0.0
Libya,Libya,ReserveSpinningTechFuel,Gas,2038,0.0
Libya,Libya,ReserveSpinningTechFuel,Gas,2038,0.0
Libya,Libya,ReserveSpinningTechFuel,Gas,2038,0.0
Libya,Libya,ReserveSpinningTechFuel,Gas,2038,12084.635267832
Libya,Libya,ReserveSpinningTechFuel,Gas,2038,0.0
Libya,Libya,ReserveSpinningTechFuel,Gas,2038,505.08143693720007
Libya,Libya,ReserveSpinningTechFuel,Gas,2038,0.0
Libya,Libya,ReserveSpinningTechFuel,Gas,2038,0.0
Libya,Libya,ReserveSpinningTechFuel,Gas,2038,0.0
Libya,Libya,ReserveSpinningTechFuel,Gas,2038,0.0
Libya,Libya,ReserveSpinningTechFuel,Gas,2038,0.0
Libya,Libya,ReserveSpinningTechFuel,Coal,2038,0.0
Libya,Libya,ReserveSpinningTechFuel,Coal,2038,0.0
Libya,Libya,ReserveSpinningTechFuel,Coal,2038,0.0
Libya,Libya,ReserveSpinningTechFuel,Coal,2038,0.0
Libya,Libya,ReserveSpinningTechFuel,Geothermal,2038,0.0
Libya,Libya,ReserveSpinningTechFuel,Geothermal,2038,0.0
Libya,Libya,ReserveSpinningTechFuel,Diesel,2038,0.0
Libya,Libya,ReserveSpinningTechFuel,Diesel,2038,0.0
Libya,Libya,ReserveSpinningTechFuel,Diesel,2038,0.0
Libya,Libya,ReserveSpinningTechFuel,Diesel,2038,0.0
Libya,Libya,ReserveSpinningTechFuel,Diesel,2038,0.0
Libya,Libya,ReserveSpinningTechFuel,Diesel,2038,1121.28
Libya,Libya,ReserveSpinningTechFuel,Diesel,2038,0.0
Libya,Libya,ReserveSpinningTechFuel,Biomass,2038,0.0
Libya,Libya,ReserveSpinningTechFuel,Biomass,2038,0.0
Libya,Libya,ReserveSpinningTechFuel,Biomass,2038,0.0
Libya,Libya,ReserveSpinningTechFuel,Reservoir,2038,0.0
Libya,Libya,ReserveSpinningTechFuel,Reservoir,2038,0.0
Libya,Libya,ReserveSpinningTechFuel,ROR,2038,0.0
Libya,Libya,ReserveSpinningTechFuel,CSP,2038,0.0
Libya,Libya,ReserveSpinningTechFuel,CSP,2038,0.0
Libya,Libya,ReserveSpinningTechFuel,Offshore Wind,2038,0.0
Libya,Libya,ReserveSpinningTechFuel,Onshore Wind,2038,0.0
Libya,Libya,ReserveSpinningTechFuel,Onshore Wind,2038,0.0
Libya,Libya,ReserveSpinningTechFuel,PV,2038,0.0
Libya,Libya,ReserveSpinningTechFuel,PV,2038,0.0
Libya,Libya,ReserveSpinningTechFuel,PV+Storage,2038,0.0
Libya,Libya,ReserveSpinningTechFuel,Solar Thermal,2038,0.0
Libya,Libya,ReserveSpinningTechFuel,Battery,2038,0.0
Libya,Libya,ReserveSpinningTechFuel,PSH,2038,0.0
Libya,Libya,ReserveSpinningTechFuel,PSH,2038,0.0
Libya,Libya,ReserveSpinningTechFuel,Imports,2038,0.0
Libya,Libya,ReserveSpinningTechFuel,Peat,2038,0.0
Libya,Libya,ReserveSpinningTechFuel,Waste,2038,0.0
Libya,Libya,ReserveSpinningTechFuel,Methane,2038,0.0
Libya,Libya,ReserveSpinningTechFuel,Solar,2038,0.0
Libya,Libya,ReserveSpinningTechFuel,Solar,2038,0.0
Libya,Libya,ReserveSpinningTechFuel,Nuclear,2039,0.0
Libya,Libya,ReserveSpinningTechFuel,Gas,2039,3183.645445678575
Libya,Libya,ReserveSpinningTechFuel,Gas,2039,0.0
Libya,Libya,ReserveSpinningTechFuel,Gas,2039,0.0
Libya,Libya,ReserveSpinningTechFuel,Gas,2039,0.0
Libya,Libya,ReserveSpinningTechFuel,Gas,2039,0.0
Libya,Libya,ReserveSpinningTechFuel,Gas,2039,12960.689623547629
Libya,Libya,ReserveSpinningTechFuel,Gas,2039,0.0
Libya,Libya,ReserveSpinningTechFuel,Gas,2039,621.7591730801
Libya,Libya,ReserveSpinningTechFuel,Gas,2039,0.0
Libya,Libya,ReserveSpinningTechFuel,Gas,2039,0.0
Libya,Libya,ReserveSpinningTechFuel,Gas,2039,0.0
Libya,Libya,ReserveSpinningTechFuel,Gas,2039,0.0
Libya,Libya,ReserveSpinningTechFuel,Gas,2039,0.0
Libya,Libya,ReserveSpinningTechFuel,Coal,2039,0.0
Libya,Libya,ReserveSpinningTechFuel,Coal,2039,0.0
Libya,Libya,ReserveSpinningTechFuel,Coal,2039,0.0
Libya,Libya,ReserveSpinningTechFuel,Coal,2039,0.0
Libya,Libya,ReserveSpinningTechFuel,Geothermal,2039,0.0
Libya,Libya,ReserveSpinningTechFuel,Geothermal,2039,0.0
Libya,Libya,ReserveSpinningTechFuel,Diesel,2039,0.0
Libya,Libya,ReserveSpinningTechFuel,Diesel,2039,0.0
Libya,Libya,ReserveSpinningTechFuel,Diesel,2039,0.0
Libya,Libya,ReserveSpinningTechFuel,Diesel,2039,0.0
Libya,Libya,ReserveSpinningTechFuel,Diesel,2039,0.0
Libya,Libya,ReserveSpinningTechFuel,Diesel,2039,1121.28
Libya,Libya,ReserveSpinningTechFuel,Diesel,2039,0.0
Libya,Libya,ReserveSpinningTechFuel,Biomass,2039,0.0
Libya,Libya,ReserveSpinningTechFuel,Biomass,2039,0.0
Libya,Libya,ReserveSpinningTechFuel,Biomass,2039,0.0
Libya,Libya,ReserveSpinningTechFuel,Reservoir,2039,0.0
Libya,Libya,ReserveSpinningTechFuel,Reservoir,2039,0.0
Libya,Libya,ReserveSpinningTechFuel,ROR,2039,0.0
Libya,Libya,ReserveSpinningTechFuel,CSP,2039,0.0
Libya,Libya,ReserveSpinningTechFuel,CSP,2039,0.0
Libya,Libya,ReserveSpinningTechFuel,Offshore Wind,2039,0.0
Libya,Libya,ReserveSpinningTechFuel,Onshore Wind,2039,0.0
Libya,Libya,ReserveSpinningTechFuel,Onshore Wind,2039,0.0
Libya,Libya,ReserveSpinningTechFuel,PV,2039,0.0
Libya,Libya,ReserveSpinningTechFuel,PV,2039,0.0
Libya,Libya,ReserveSpinningTechFuel,PV+Storage,2039,0.0
Libya,Libya,ReserveSpinningTechFuel,Solar Thermal,2039,0.0
Libya,Libya,ReserveSpinningTechFuel,Battery,2039,0.0
Libya,Libya,ReserveSpinningTechFuel,PSH,2039,0.0
Libya,Libya,ReserveSpinningTechFuel,PSH,2039,0.0
Libya,Libya,ReserveSpinningTechFuel,Imports,2039,0.0
Libya,Libya,ReserveSpinningTechFuel,Peat,2039,0.0
Libya,Libya,ReserveSpinningTechFuel,Waste,2039,0.0
Libya,Libya,ReserveSpinningTechFuel,Methane,2039,0.0
Libya,Libya,ReserveSpinningTechFuel,Solar,2039,0.0
Libya,Libya,ReserveSpinningTechFuel,Solar,2039,0.0
Libya,Libya,ReserveSpinningTechFuel,Nuclear,2040,0.0
Libya,Libya,ReserveSpinningTechFuel,Gas,2040,3418.5361588305
Libya,Libya,ReserveSpinningTechFuel,Gas,2040,0.0
Libya,Libya,ReserveSpinningTechFuel,Gas,2040,0.0
Libya,Libya,ReserveSpinningTechFuel,Gas,2040,0.0
Libya,Libya,ReserveSpinningTechFuel,Gas,2040,0.0
Libya,Libya,ReserveSpinningTechFuel,Gas,2040,15245.123952618
Libya,Libya,ReserveSpinningTechFuel,Gas,2040,0.0
Libya,Libya,ReserveSpinningTechFuel,Gas,2040,681.6273268707499
Libya,Libya,ReserveSpinningTechFuel,Gas,2040,0.0
Libya,Libya,ReserveSpinningTechFuel,Gas,2040,0.0
Libya,Libya,ReserveSpinningTechFuel,Gas,2040,0.0
Libya,Libya,ReserveSpinningTechFuel,Gas,2040,0.0
Libya,Libya,ReserveSpinningTechFuel,Gas,2040,0.0
Libya,Libya,ReserveSpinningTechFuel,Coal,2040,0.0
Libya,Libya,ReserveSpinningTechFuel,Coal,2040,0.0
Libya,Libya,ReserveSpinningTechFuel,Coal,2040,0.0
Libya,Libya,ReserveSpinningTechFuel,Coal,2040,0.0
Libya,Libya,ReserveSpinningTechFuel,Geothermal,2040,0.0
Libya,Libya,ReserveSpinningTechFuel,Geothermal,2040,0.0
Libya,Libya,ReserveSpinningTechFuel,Diesel,2040,0.0
Libya,Libya,ReserveSpinningTechFuel,Diesel,2040,0.0
Libya,Libya,ReserveSpinningTechFuel,Diesel,2040,0.0
Libya,Libya,ReserveSpinningTechFuel,Diesel,2040,0.0
Libya,Libya,ReserveSpinningTechFuel,Diesel,2040,0.0
Libya,Libya,ReserveSpinningTechFuel,Diesel,2040,1121.28
Libya,Libya,ReserveSpinningTechFuel,Diesel,2040,0.0
Libya,Libya,ReserveSpinningTechFuel,Biomass,2040,0.0
Libya,Libya,ReserveSpinningTechFuel,Biomass,2040,0.0
Libya,Libya,ReserveSpinningTechFuel,Biomass,2040,0.0
Libya,Libya,ReserveSpinningTechFuel,Reservoir,2040,0.0
Libya,Libya,ReserveSpinningTechFuel,Reservoir,2040,0.0
Libya,Libya,ReserveSpinningTechFuel,ROR,2040,0.0
Libya,Libya,ReserveSpinningTechFuel,CSP,2040,0.0
Libya,Libya,ReserveSpinningTechFuel,CSP,2040,0.0
Libya,Libya,ReserveSpinningTechFuel,Offshore Wind,2040,0.0
Libya,Libya,ReserveSpinningTechFuel,Onshore Wind,2040,0.0
Libya,Libya,ReserveSpinningTechFuel,Onshore Wind,2040,0.0
Libya,Libya,ReserveSpinningTechFuel,PV,2040,0.0
Libya,Libya,ReserveSpinningTechFuel,PV,2040,0.0
Libya,Libya,ReserveSpinningTechFuel,PV+Storage,2040,0.0
Libya,Libya,ReserveSpinningTechFuel,Solar Thermal,2040,0.0
Libya,Libya,ReserveSpinningTechFuel,Battery,2040,0.0
Libya,Libya,ReserveSpinningTechFuel,PSH,2040,0.0
Libya,Libya,ReserveSpinningTechFuel,PSH,2040,0.0
Libya,Libya,ReserveSpinningTechFuel,Imports,2040,0.0
Libya,Libya,ReserveSpinningTechFuel,Peat,2040,0.0
Libya,Libya,ReserveSpinningTechFuel,Waste,2040,0.0
Libya,Libya,ReserveSpinningTechFuel,Methane,2040,0.0
Libya,Libya,ReserveSpinningTechFuel,Solar,2040,0.0
Libya,Libya,ReserveSpinningTechFuel,Solar,2040,0.0
Libya,Libya,ReserveSpinningTechFuel,Nuclear,2041,0.0
Libya,Libya,ReserveSpinningTechFuel,Gas,2041,2704.3015915222995
Libya,Libya,ReserveSpinningTechFuel,Gas,2041,0.0
Libya,Libya,ReserveSpinningTechFuel,Gas,2041,0.0
Libya,Libya,ReserveSpinningTechFuel,Gas,2041,0.0
Libya,Libya,ReserveSpinningTechFuel,Gas,2041,0.0
Libya,Libya,ReserveSpinningTechFuel,Gas,2041,10915.316976351674
Libya,Libya,ReserveSpinningTechFuel,Gas,2041,0.0
Libya,Libya,ReserveSpinningTechFuel,Gas,2041,730.529582561375
Libya,Libya,ReserveSpinningTechFuel,Gas,2041,0.0
Libya,Libya,ReserveSpinningTechFuel,Gas,2041,0.0
Libya,Libya,ReserveSpinningTechFuel,Gas,2041,0.0
Libya,Libya,ReserveSpinningTechFuel,Gas,2041,0.0
Libya,Libya,ReserveSpinningTechFuel,Gas,2041,0.0
Libya,Libya,ReserveSpinningTechFuel,Coal,2041,0.0
Libya,Libya,ReserveSpinningTechFuel,Coal,2041,0.0
Libya,Libya,ReserveSpinningTechFuel,Coal,2041,0.0
Libya,Libya,ReserveSpinningTechFuel,Coal,2041,0.0
Libya,Libya,ReserveSpinningTechFuel,Geothermal,2041,0.0
Libya,Libya,ReserveSpinningTechFuel,Geothermal,2041,0.0
Libya,Libya,ReserveSpinningTechFuel,Diesel,2041,0.0
Libya,Libya,ReserveSpinningTechFuel,Diesel,2041,0.0
Libya,Libya,ReserveSpinningTechFuel,Diesel,2041,0.0
Libya,Libya,ReserveSpinningTechFuel,Diesel,2041,0.0
Libya,Libya,ReserveSpinningTechFuel,Diesel,2041,0.0
Libya,Libya,ReserveSpinningTechFuel,Diesel,2041,1103.5630559978752
Libya,Libya,ReserveSpinningTechFuel,Diesel,2041,0.0
Libya,Libya,ReserveSpinningTechFuel,Biomass,2041,0.0
Libya,Libya,ReserveSpinningTechFuel,Biomass,2041,0.0
Libya,Libya,ReserveSpinningTechFuel,Biomass,2041,0.0
Libya,Libya,ReserveSpinningTechFuel,Reservoir,2041,0.0
Libya,Libya,ReserveSpinningTechFuel,Reservoir,2041,0.0
Libya,Libya,ReserveSpinningTechFuel,ROR,2041,0.0
Libya,Libya,ReserveSpinningTechFuel,CSP,2041,0.0
Libya,Libya,ReserveSpinningTechFuel,CSP,2041,0.0
Libya,Libya,ReserveSpinningTechFuel,Offshore Wind,2041,0.0
Libya,Libya,ReserveSpinningTechFuel,Onshore Wind,2041,0.0
Libya,Libya,ReserveSpinningTechFuel,Onshore Wind,2041,0.0
Libya,Libya,ReserveSpinningTechFuel,PV,2041,0.0
Libya,Libya,ReserveSpinningTechFuel,PV,2041,0.0
Libya,Libya,ReserveSpinningTechFuel,PV+Storage,2041,0.0
Libya,Libya,ReserveSpinningTechFuel,Solar Thermal,2041,0.0
Libya,Libya,ReserveSpinningTechFuel,Battery,2041,0.0
Libya,Libya,ReserveSpinningTechFuel,PSH,2041,0.0
Libya,Libya,ReserveSpinningTechFuel,PSH,2041,0.0
Libya,Libya,ReserveSpinningTechFuel,Imports,2041,0.0
Libya,Libya,ReserveSpinningTechFuel,Peat,2041,0.0
Libya,Libya,ReserveSpinningTechFuel,Waste,2041,0.0
Libya,Libya,ReserveSpinningTechFuel,Methane,2041,0.0
Libya,Libya,ReserveSpinningTechFuel,Solar,2041,0.0
Libya,Libya,ReserveSpinningTechFuel,Solar,2041,0.0
Libya,Libya,ReserveSpinningTechFuel,Nuclear,2042,0.0
Libya,Libya,ReserveSpinningTechFuel,Gas,2042,2566.905287750933
Libya,Libya,ReserveSpinningTechFuel,Gas,2042,0.0
Libya,Libya,ReserveSpinningTechFuel,Gas,2042,0.0
Libya,Libya,ReserveSpinningTechFuel,Gas,2042,0.0
Libya,Libya,ReserveSpinningTechFuel,Gas,2042,0.0
Libya,Libya,ReserveSpinningTechFuel,Gas,2042,12050.9084313284
Libya,Libya,ReserveSpinningTechFuel,Gas,2042,0.0
Libya,Libya,ReserveSpinningTechFuel,Gas,2042,708.1397629823999
Libya,Libya,ReserveSpinningTechFuel,Gas,2042,0.0
Libya,Libya,ReserveSpinningTechFuel,Gas,2042,0.0
Libya,Libya,ReserveSpinningTechFuel,Gas,2042,0.0
Libya,Libya,ReserveSpinningTechFuel,Gas,2042,0.0
Libya,Libya,ReserveSpinningTechFuel,Gas,2042,0.0
Libya,Libya,ReserveSpinningTechFuel,Coal,2042,0.0
Libya,Libya,ReserveSpinningTechFuel,Coal,2042,0.0
Libya,Libya,ReserveSpinningTechFuel,Coal,2042,0.0
Libya,Libya,ReserveSpinningTechFuel,Coal,2042,0.0
Libya,Libya,ReserveSpinningTechFuel,Geothermal,2042,0.0
Libya,Libya,ReserveSpinningTechFuel,Geothermal,2042,0.0
Libya,Libya,ReserveSpinningTechFuel,Diesel,2042,0.0
Libya,Libya,ReserveSpinningTechFuel,Diesel,2042,0.0
Libya,Libya,ReserveSpinningTechFuel,Diesel,2042,0.0
Libya,Libya,ReserveSpinningTechFuel,Diesel,2042,0.0
Libya,Libya,ReserveSpinningTechFuel,Diesel,2042,0.0
Libya,Libya,ReserveSpinningTechFuel,Diesel,2042,1105.5006953824
Libya,Libya,ReserveSpinningTechFuel,Diesel,2042,0.0
Libya,Libya,ReserveSpinningTechFuel,Biomass,2042,0.0
Libya,Libya,ReserveSpinningTechFuel,Biomass,2042,0.0
Libya,Libya,ReserveSpinningTechFuel,Biomass,2042,0.0
Libya,Libya,ReserveSpinningTechFuel,Reservoir,2042,0.0
Libya,Libya,ReserveSpinningTechFuel,Reservoir,2042,0.0
Libya,Libya,ReserveSpinningTechFuel,ROR,2042,0.0
Libya,Libya,ReserveSpinningTechFuel,CSP,2042,0.0
Libya,Libya,ReserveSpinningTechFuel,CSP,2042,0.0
Libya,Libya,ReserveSpinningTechFuel,Offshore Wind,2042,0.0
Libya,Libya,ReserveSpinningTechFuel,Onshore Wind,2042,0.0
Libya,Libya,ReserveSpinningTechFuel,Onshore Wind,2042,0.0
Libya,Libya,ReserveSpinningTechFuel,PV,2042,0.0
Libya,Libya,ReserveSpinningTechFuel,PV,2042,0.0
Libya,Libya,ReserveSpinningTechFuel,PV+Storage,2042,0.0
Libya,Libya,ReserveSpinningTechFuel,Solar Thermal,2042,0.0
Libya,Libya,ReserveSpinningTechFuel,Battery,2042,0.0
Libya,Libya,ReserveSpinningTechFuel,PSH,2042,0.0
Libya,Libya,ReserveSpinningTechFuel,PSH,2042,0.0
Libya,Libya,ReserveSpinningTechFuel,Imports,2042,0.0
Libya,Libya,ReserveSpinningTechFuel,Peat,2042,0.0
Libya,Libya,ReserveSpinningTechFuel,Waste,2042,0.0
Libya,Libya,ReserveSpinningTechFuel,Methane,2042,0.0
Libya,Libya,ReserveSpinningTechFuel,Solar,2042,0.0
Libya,Libya,ReserveSpinningTechFuel,Solar,2042,0.0
Libya,Libya,ReserveSpinningTechFuel,Nuclear,2043,0.0
Libya,Libya,ReserveSpinningTechFuel,Gas,2043,2678.8081862935
Libya,Libya,ReserveSpinningTechFuel,Gas,2043,0.0
Libya,Libya,ReserveSpinningTechFuel,Gas,2043,0.0
Libya,Libya,ReserveSpinningTechFuel,Gas,2043,0.0
Libya,Libya,ReserveSpinningTechFuel,Gas,2043,0.0
Libya,Libya,ReserveSpinningTechFuel,Gas,2043,12787.50276815815
Libya,Libya,ReserveSpinningTechFuel,Gas,2043,0.0
Libya,Libya,ReserveSpinningTechFuel,Gas,2043,750.6109656461499
Libya,Libya,ReserveSpinningTechFuel,Gas,2043,0.0
Libya,Libya,ReserveSpinningTechFuel,Gas,2043,0.0
Libya,Libya,ReserveSpinningTechFuel,Gas,2043,0.0
Libya,Libya,ReserveSpinningTechFuel,Gas,2043,0.0
Libya,Libya,ReserveSpinningTechFuel,Gas,2043,0.0
Libya,Libya,ReserveSpinningTechFuel,Coal,2043,0.0
Libya,Libya,ReserveSpinningTechFuel,Coal,2043,0.0
Libya,Libya,ReserveSpinningTechFuel,Coal,2043,0.0
Libya,Libya,ReserveSpinningTechFuel,Coal,2043,0.0
Libya,Libya,ReserveSpinningTechFuel,Geothermal,2043,0.0
Libya,Libya,ReserveSpinningTechFuel,Geothermal,2043,0.0
Libya,Libya,ReserveSpinningTechFuel,Diesel,2043,0.0
Libya,Libya,ReserveSpinningTechFuel,Diesel,2043,0.0
Libya,Libya,ReserveSpinningTechFuel,Diesel,2043,0.0
Libya,Libya,ReserveSpinningTechFuel,Diesel,2043,0.0
Libya,Libya,ReserveSpinningTechFuel,Diesel,2043,0.0
Libya,Libya,ReserveSpinningTechFuel,Diesel,2043,1085.1169249976
Libya,Libya,ReserveSpinningTechFuel,Diesel,2043,0.0
Libya,Libya,ReserveSpinningTechFuel,Biomass,2043,0.0
Libya,Libya,ReserveSpinningTechFuel,Biomass,2043,0.0
Libya,Libya,ReserveSpinningTechFuel,Biomass,2043,0.0
Libya,Libya,ReserveSpinningTechFuel,Reservoir,2043,0.0
Libya,Libya,ReserveSpinningTechFuel,Reservoir,2043,0.0
Libya,Libya,ReserveSpinningTechFuel,ROR,2043,0.0
Libya,Libya,ReserveSpinningTechFuel,CSP,2043,0.0
Libya,Libya,ReserveSpinningTechFuel,CSP,2043,0.0
Libya,Libya,ReserveSpinningTechFuel,Offshore Wind,2043,0.0
Libya,Libya,ReserveSpinningTechFuel,Onshore Wind,2043,0.0
Libya,Libya,ReserveSpinningTechFuel,Onshore Wind,2043,0.0
Libya,Libya,ReserveSpinningTechFuel,PV,2043,0.0
Libya,Libya,ReserveSpinningTechFuel,PV,2043,0.0
Libya,Libya,ReserveSpinningTechFuel,PV+Storage,2043,0.0
Libya,Libya,ReserveSpinningTechFuel,Solar Thermal,2043,0.0
Libya,Libya,ReserveSpinningTechFuel,Battery,2043,0.0
Libya,Libya,ReserveSpinningTechFuel,PSH,2043,0.0
Libya,Libya,ReserveSpinningTechFuel,PSH,2043,0.0
Libya,Libya,ReserveSpinningTechFuel,Imports,2043,0.0
Libya,Libya,ReserveSpinningTechFuel,Peat,2043,0.0
Libya,Libya,ReserveSpinningTechFuel,Waste,2043,0.0
Libya,Libya,ReserveSpinningTechFuel,Methane,2043,0.0
Libya,Libya,ReserveSpinningTechFuel,Solar,2043,0.0
Libya,Libya,ReserveSpinningTechFuel,Solar,2043,0.0
Libya,Libya,ReserveSpinningTechFuel,Nuclear,2044,0.0
Libya,Libya,ReserveSpinningTechFuel,Gas,2044,3203.9149786078337
Libya,Libya,ReserveSpinningTechFuel,Gas,2044,0.0
Libya,Libya,ReserveSpinningTechFuel,Gas,2044,0.0
Libya,Libya,ReserveSpinningTechFuel,Gas,2044,0.0
Libya,Libya,ReserveSpinningTechFuel,Gas,2044,0.0
Libya,Libya,ReserveSpinningTechFuel,Gas,2044,13981.9474899014
Libya,Libya,ReserveSpinningTechFuel,Gas,2044,0.0
Libya,Libya,ReserveSpinningTechFuel,Gas,2044,817.2522408056499
Libya,Libya,ReserveSpinningTechFuel,Gas,2044,0.0
Libya,Libya,ReserveSpinningTechFuel,Gas,2044,0.0
Libya,Libya,ReserveSpinningTechFuel,Gas,2044,0.0
Libya,Libya,ReserveSpinningTechFuel,Gas,2044,0.0
Libya,Libya,ReserveSpinningTechFuel,Gas,2044,0.0
Libya,Libya,ReserveSpinningTechFuel,Coal,2044,0.0
Libya,Libya,ReserveSpinningTechFuel,Coal,2044,0.0
Libya,Libya,ReserveSpinningTechFuel,Coal,2044,0.0
Libya,Libya,ReserveSpinningTechFuel,Coal,2044,0.0
Libya,Libya,ReserveSpinningTechFuel,Geothermal,2044,0.0
Libya,Libya,ReserveSpinningTechFuel,Geothermal,2044,0.0
Libya,Libya,ReserveSpinningTechFuel,Diesel,2044,0.0
Libya,Libya,ReserveSpinningTechFuel,Diesel,2044,0.0
Libya,Libya,ReserveSpinningTechFuel,Diesel,2044,0.0
Libya,Libya,ReserveSpinningTechFuel,Diesel,2044,0.0
Libya,Libya,ReserveSpinningTechFuel,Diesel,2044,0.0
Libya,Libya,ReserveSpinningTechFuel,Diesel,2044,1100.4900854546
Libya,Libya,ReserveSpinningTechFuel,Diesel,2044,0.0
Libya,Libya,ReserveSpinningTechFuel,Biomass,2044,0.0
Libya,Libya,ReserveSpinningTechFuel,Biomass,2044,0.0
Libya,Libya,ReserveSpinningTechFuel,Biomass,2044,0.0
Libya,Libya,ReserveSpinningTechFuel,Reservoir,2044,0.0
Libya,Libya,ReserveSpinningTechFuel,Reservoir,2044,0.0
Libya,Libya,ReserveSpinningTechFuel,ROR,2044,0.0
Libya,Libya,ReserveSpinningTechFuel,CSP,2044,0.0
Libya,Libya,ReserveSpinningTechFuel,CSP,2044,0.0
Libya,Libya,ReserveSpinningTechFuel,Offshore Wind,2044,0.0
Libya,Libya,ReserveSpinningTechFuel,Onshore Wind,2044,0.0
Libya,Libya,ReserveSpinningTechFuel,Onshore Wind,2044,0.0
Libya,Libya,ReserveSpinningTechFuel,PV,2044,0.0
Libya,Libya,ReserveSpinningTechFuel,PV,2044,0.0
Libya,Libya,ReserveSpinningTechFuel,PV+Storage,2044,0.0
Libya,Libya,ReserveSpinningTechFuel,Solar Thermal,2044,0.0
Libya,Libya,ReserveSpinningTechFuel,Battery,2044,0.0
Libya,Libya,ReserveSpinningTechFuel,PSH,2044,0.0
Libya,Libya,ReserveSpinningTechFuel,PSH,2044,0.0
Libya,Libya,ReserveSpinningTechFuel,Imports,2044,0.0
Libya,Libya,ReserveSpinningTechFuel,Peat,2044,0.0
Libya,Libya,ReserveSpinningTechFuel,Waste,2044,0.0
Libya,Libya,ReserveSpinningTechFuel,Methane,2044,0.0
Libya,Libya,ReserveSpinningTechFuel,Solar,2044,0.0
Libya,Libya,ReserveSpinningTechFuel,Solar,2044,0.0
Libya,Libya,ReserveSpinningTechFuel,Nuclear,2045,0.0
Libya,Libya,ReserveSpinningTechFuel,Gas,2045,3343.224608742056
Libya,Libya,ReserveSpinningTechFuel,Gas,2045,0.0
Libya,Libya,ReserveSpinningTechFuel,Gas,2045,0.0
Libya,Libya,ReserveSpinningTechFuel,Gas,2045,0.0
Libya,Libya,ReserveSpinningTechFuel,Gas,2045,0.0
Libya,Libya,ReserveSpinningTechFuel,Gas,2045,12910.68203554437
Libya,Libya,ReserveSpinningTechFuel,Gas,2045,0.0
Libya,Libya,ReserveSpinningTechFuel,Gas,2045,868.323859551875
Libya,Libya,ReserveSpinningTechFuel,Gas,2045,0.0
Libya,Libya,ReserveSpinningTechFuel,Gas,2045,0.0
Libya,Libya,ReserveSpinningTechFuel,Gas,2045,0.0
Libya,Libya,ReserveSpinningTechFuel,Gas,2045,0.0
Libya,Libya,ReserveSpinningTechFuel,Gas,2045,0.0
Libya,Libya,ReserveSpinningTechFuel,Coal,2045,0.0
Libya,Libya,ReserveSpinningTechFuel,Coal,2045,0.0
Libya,Libya,ReserveSpinningTechFuel,Coal,2045,0.0
Libya,Libya,ReserveSpinningTechFuel,Coal,2045,0.0
Libya,Libya,ReserveSpinningTechFuel,Geothermal,2045,0.0
Libya,Libya,ReserveSpinningTechFuel,Geothermal,2045,0.0
Libya,Libya,ReserveSpinningTechFuel,Diesel,2045,0.0
Libya,Libya,ReserveSpinningTechFuel,Diesel,2045,0.0
Libya,Libya,ReserveSpinningTechFuel,Diesel,2045,0.0
Libya,Libya,ReserveSpinningTechFuel,Diesel,2045,0.0
Libya,Libya,ReserveSpinningTechFuel,Diesel,2045,0.0
Libya,Libya,ReserveSpinningTechFuel,Diesel,2045,1108.392297905625
Libya,Libya,ReserveSpinningTechFuel,Diesel,2045,0.0
Libya,Libya,ReserveSpinningTechFuel,Biomass,2045,0.0
Libya,Libya,ReserveSpinningTechFuel,Biomass,2045,0.0
Libya,Libya,ReserveSpinningTechFuel,Biomass,2045,0.0
Libya,Libya,ReserveSpinningTechFuel,Reservoir,2045,0.0
Libya,Libya,ReserveSpinningTechFuel,Reservoir,2045,0.0
Libya,Libya,ReserveSpinningTechFuel,ROR,2045,0.0
Libya,Libya,ReserveSpinningTechFuel,CSP,2045,0.0
Libya,Libya,ReserveSpinningTechFuel,CSP,2045,0.0
Libya,Libya,ReserveSpinningTechFuel,Offshore Wind,2045,0.0
Libya,Libya,ReserveSpinningTechFuel,Onshore Wind,2045,0.0
Libya,Libya,ReserveSpinningTechFuel,Onshore Wind,2045,0.0
Libya,Libya,ReserveSpinningTechFuel,PV,2045,0.0
Libya,Libya,ReserveSpinningTechFuel,PV,2045,0.0
Libya,Libya,ReserveSpinningTechFuel,PV+Storage,2045,0.0
Libya,Libya,ReserveSpinningTechFuel,Solar Thermal,2045,0.0
Libya,Libya,ReserveSpinningTechFuel,Battery,2045,0.0
Libya,Libya,ReserveSpinningTechFuel,PSH,2045,0.0
Libya,Libya,ReserveSpinningTechFuel,PSH,2045,0.0
Libya,Libya,ReserveSpinningTechFuel,Imports,2045,0.0
Libya,Libya,ReserveSpinningTechFuel,Peat,2045,0.0
Libya,Libya,ReserveSpinningTechFuel,Waste,2045,0.0
Libya,Libya,ReserveSpinningTechFuel,Methane,2045,0.0
Libya,Libya,ReserveSpinningTechFuel,Solar,2045,0.0
Libya,Libya,ReserveSpinningTechFuel,Solar,2045,0.0
Libya,Libya,ReserveSpinningTechFuel,Nuclear,2046,0.0
Libya,Libya,ReserveSpinningTechFuel,Gas,2046,4069.844053279028
Libya,Libya,ReserveSpinningTechFuel,Gas,2046,0.0
Libya,Libya,ReserveSpinningTechFuel,Gas,2046,0.0
Libya,Libya,ReserveSpinningTechFuel,Gas,2046,0.0
Libya,Libya,ReserveSpinningTechFuel,Gas,2046,0.0
Libya,Libya,ReserveSpinningTechFuel,Gas,2046,14194.952478779263
Libya,Libya,ReserveSpinningTechFuel,Gas,2046,0.0
Libya,Libya,ReserveSpinningTechFuel,Gas,2046,921.9141284288002
Libya,Libya,ReserveSpinningTechFuel,Gas,2046,0.0
Libya,Libya,ReserveSpinningTechFuel,Gas,2046,0.0
Libya,Libya,ReserveSpinningTechFuel,Gas,2046,0.0
Libya,Libya,ReserveSpinningTechFuel,Gas,2046,0.0
Libya,Libya,ReserveSpinningTechFuel,Gas,2046,0.0
Libya,Libya,ReserveSpinningTechFuel,Coal,2046,0.0
Libya,Libya,ReserveSpinningTechFuel,Coal,2046,0.0
Libya,Libya,ReserveSpinningTechFuel,Coal,2046,0.0
Libya,Libya,ReserveSpinningTechFuel,Coal,2046,0.0
Libya,Libya,ReserveSpinningTechFuel,Geothermal,2046,0.0
Libya,Libya,ReserveSpinningTechFuel,Geothermal,2046,0.0
Libya,Libya,ReserveSpinningTechFuel,Diesel,2046,0.0
Libya,Libya,ReserveSpinningTechFuel,Diesel,2046,0.0
Libya,Libya,ReserveSpinningTechFuel,Diesel,2046,0.0
Libya,Libya,ReserveSpinningTechFuel,Diesel,2046,0.0
Libya,Libya,ReserveSpinningTechFuel,Diesel,2046,0.0
Libya,Libya,ReserveSpinningTechFuel,Diesel,2046,1110.6536131024
Libya,Libya,ReserveSpinningTechFuel,Diesel,2046,0.0
Libya,Libya,ReserveSpinningTechFuel,Biomass,2046,0.0
Libya,Libya,ReserveSpinningTechFuel,Biomass,2046,0.0
Libya,Libya,ReserveSpinningTechFuel,Biomass,2046,0.0
Libya,Libya,ReserveSpinningTechFuel,Reservoir,2046,0.0
Libya,Libya,ReserveSpinningTechFuel,Reservoir,2046,0.0
Libya,Libya,ReserveSpinningTechFuel,ROR,2046,0.0
Libya,Libya,ReserveSpinningTechFuel,CSP,2046,0.0
Libya,Libya,ReserveSpinningTechFuel,CSP,2046,0.0
Libya,Libya,ReserveSpinningTechFuel,Offshore Wind,2046,0.0
Libya,Libya,ReserveSpinningTechFuel,Onshore Wind,2046,0.0
Libya,Libya,ReserveSpinningTechFuel,Onshore Wind,2046,0.0
Libya,Libya,ReserveSpinningTechFuel,PV,2046,0.0
Libya,Libya,ReserveSpinningTechFuel,PV,2046,0.0
Libya,Libya,ReserveSpinningTechFuel,PV+Storage,2046,0.0
Libya,Libya,ReserveSpinningTechFuel,Solar Thermal,2046,0.0
Libya,Libya,ReserveSpinningTechFuel,Battery,2046,29.10325766026429
Libya,Libya,ReserveSpinningTechFuel,PSH,2046,0.0
Libya,Libya,ReserveSpinningTechFuel,PSH,2046,0.0
Libya,Libya,ReserveSpinningTechFuel,Imports,2046,0.0
Libya,Libya,ReserveSpinningTechFuel,Peat,2046,0.0
Libya,Libya,ReserveSpinningTechFuel,Waste,2046,0.0
Libya,Libya,ReserveSpinningTechFuel,Methane,2046,0.0
Libya,Libya,ReserveSpinningTechFuel,Solar,2046,0.0
Libya,Libya,ReserveSpinningTechFuel,Solar,2046,0.0
Libya,Libya,ReserveSpinningTechFuel,Nuclear,2047,0.0
Libya,Libya,ReserveSpinningTechFuel,Gas,2047,4375.389090146057
Libya,Libya,ReserveSpinningTechFuel,Gas,2047,0.0
Libya,Libya,ReserveSpinningTechFuel,Gas,2047,0.0
Libya,Libya,ReserveSpinningTechFuel,Gas,2047,0.0
Libya,Libya,ReserveSpinningTechFuel,Gas,2047,0.0
Libya,Libya,ReserveSpinningTechFuel,Gas,2047,12051.773497184817
Libya,Libya,ReserveSpinningTechFuel,Gas,2047,0.0
Libya,Libya,ReserveSpinningTechFuel,Gas,2047,920.2776665204
Libya,Libya,ReserveSpinningTechFuel,Gas,2047,0.0
Libya,Libya,ReserveSpinningTechFuel,Gas,2047,0.0
Libya,Libya,ReserveSpinningTechFuel,Gas,2047,0.0
Libya,Libya,ReserveSpinningTechFuel,Gas,2047,0.0
Libya,Libya,ReserveSpinningTechFuel,Gas,2047,0.0
Libya,Libya,ReserveSpinningTechFuel,Coal,2047,0.0
Libya,Libya,ReserveSpinningTechFuel,Coal,2047,0.0
Libya,Libya,ReserveSpinningTechFuel,Coal,2047,0.0
Libya,Libya,ReserveSpinningTechFuel,Coal,2047,0.0
Libya,Libya,ReserveSpinningTechFuel,Geothermal,2047,0.0
Libya,Libya,ReserveSpinningTechFuel,Geothermal,2047,0.0
Libya,Libya,ReserveSpinningTechFuel,Diesel,2047,0.0
Libya,Libya,ReserveSpinningTechFuel,Diesel,2047,0.0
Libya,Libya,ReserveSpinningTechFuel,Diesel,2047,0.0
Libya,Libya,ReserveSpinningTechFuel,Diesel,2047,0.0
Libya,Libya,ReserveSpinningTechFuel,Diesel,2047,0.0
Libya,Libya,ReserveSpinningTechFuel,Diesel,2047,1098.1172720579002
Libya,Libya,ReserveSpinningTechFuel,Diesel,2047,0.0
Libya,Libya,ReserveSpinningTechFuel,Biomass,2047,0.0
Libya,Libya,ReserveSpinningTechFuel,Biomass,2047,0.0
Libya,Libya,ReserveSpinningTechFuel,Biomass,2047,0.0
Libya,Libya,ReserveSpinningTechFuel,Reservoir,2047,0.0
Libya,Libya,ReserveSpinningTechFuel,Reservoir,2047,0.0
Libya,Libya,ReserveSpinningTechFuel,ROR,2047,0.0
Libya,Libya,ReserveSpinningTechFuel,CSP,2047,0.0
Libya,Libya,ReserveSpinningTechFuel,CSP,2047,0.0
Libya,Libya,ReserveSpinningTechFuel,Offshore Wind,2047,0.0
Libya,Libya,ReserveSpinningTechFuel,Onshore Wind,2047,0.0
Libya,Libya,ReserveSpinningTechFuel,Onshore Wind,2047,0.0
Libya,Libya,ReserveSpinningTechFuel,PV,2047,0.0
Libya,Libya,ReserveSpinningTechFuel,PV,2047,0.0
Libya,Libya,ReserveSpinningTechFuel,PV+Storage,2047,0.0
Libya,Libya,ReserveSpinningTechFuel,Solar Thermal,2047,0.0
Libya,Libya,ReserveSpinningTechFuel,Battery,2047,149.42723646525624
Libya,Libya,ReserveSpinningTechFuel,PSH,2047,0.0
Libya,Libya,ReserveSpinningTechFuel,PSH,2047,0.0
Libya,Libya,ReserveSpinningTechFuel,Imports,2047,0.0
Libya,Libya,ReserveSpinningTechFuel,Peat,2047,0.0
Libya,Libya,ReserveSpinningTechFuel,Waste,2047,0.0
Libya,Libya,ReserveSpinningTechFuel,Methane,2047,0.0
Libya,Libya,ReserveSpinningTechFuel,Solar,2047,0.0
Libya,Libya,ReserveSpinningTechFuel,Solar,2047,0.0
Libya,Libya,ReserveSpinningTechFuel,Nuclear,2048,0.0
Libya,Libya,ReserveSpinningTechFuel,Gas,2048,4944.494771288976
Libya,Libya,ReserveSpinningTechFuel,Gas,2048,0.0
Libya,Libya,ReserveSpinningTechFuel,Gas,2048,0.0
Libya,Libya,ReserveSpinningTechFuel,Gas,2048,0.0
Libya,Libya,ReserveSpinningTechFuel,Gas,2048,0.0
Libya,Libya,ReserveSpinningTechFuel,Gas,2048,12886.173700288113
Libya,Libya,ReserveSpinningTechFuel,Gas,2048,0.0
Libya,Libya,ReserveSpinningTechFuel,Gas,2048,964.4380288555
Libya,Libya,ReserveSpinningTechFuel,Gas,2048,0.0
Libya,Libya,ReserveSpinningTechFuel,Gas,2048,0.0
Libya,Libya,ReserveSpinningTechFuel,Gas,2048,0.0
Libya,Libya,ReserveSpinningTechFuel,Gas,2048,0.0
Libya,Libya,ReserveSpinningTechFuel,Gas,2048,0.0
Libya,Libya,ReserveSpinningTechFuel,Coal,2048,0.0
Libya,Libya,ReserveSpinningTechFuel,Coal,2048,0.0
Libya,Libya,ReserveSpinningTechFuel,Coal,2048,0.0
Libya,Libya,ReserveSpinningTechFuel,Coal,2048,0.0
Libya,Libya,ReserveSpinningTechFuel,Geothermal,2048,0.0
Libya,Libya,ReserveSpinningTechFuel,Geothermal,2048,0.0
Libya,Libya,ReserveSpinningTechFuel,Diesel,2048,0.0
Libya,Libya,ReserveSpinningTechFuel,Diesel,2048,0.0
Libya,Libya,ReserveSpinningTechFuel,Diesel,2048,0.0
Libya,Libya,ReserveSpinningTechFuel,Diesel,2048,0.0
Libya,Libya,ReserveSpinningTechFuel,Diesel,2048,0.0
Libya,Libya,ReserveSpinningTechFuel,Diesel,2048,1105.2954093236
Libya,Libya,ReserveSpinningTechFuel,Diesel,2048,0.0
Libya,Libya,ReserveSpinningTechFuel,Biomass,2048,0.0
Libya,Libya,ReserveSpinningTechFuel,Biomass,2048,0.0
Libya,Libya,ReserveSpinningTechFuel,Biomass,2048,0.0
Libya,Libya,ReserveSpinningTechFuel,Reservoir,2048,0.0
Libya,Libya,ReserveSpinningTechFuel,Reservoir,2048,0.0
Libya,Libya,ReserveSpinningTechFuel,ROR,2048,0.0
Libya,Libya,ReserveSpinningTechFuel,CSP,2048,0.0
Libya,Libya,ReserveSpinningTechFuel,CSP,2048,0.0
Libya,Libya,ReserveSpinningTechFuel,Offshore Wind,2048,0.0
Libya,Libya,ReserveSpinningTechFuel,Onshore Wind,2048,0.0
Libya,Libya,ReserveSpinningTechFuel,Onshore Wind,2048,0.0
Libya,Libya,ReserveSpinningTechFuel,PV,2048,0.0
Libya,Libya,ReserveSpinningTechFuel,PV,2048,0.0
Libya,Libya,ReserveSpinningTechFuel,PV+Storage,2048,0.0
Libya,Libya,ReserveSpinningTechFuel,Solar Thermal,2048,0.0
Libya,Libya,ReserveSpinningTechFuel,Battery,2048,61.00186208761652
Libya,Libya,ReserveSpinningTechFuel,PSH,2048,0.0
Libya,Libya,ReserveSpinningTechFuel,PSH,2048,0.0
Libya,Libya,ReserveSpinningTechFuel,Imports,2048,0.0
Libya,Libya,ReserveSpinningTechFuel,Peat,2048,0.0
Libya,Libya,ReserveSpinningTechFuel,Waste,2048,0.0
Libya,Libya,ReserveSpinningTechFuel,Methane,2048,0.0
Libya,Libya,ReserveSpinningTechFuel,Solar,2048,0.0
Libya,Libya,ReserveSpinningTechFuel,Solar,2048,0.0
Libya,Libya,ReserveSpinningTechFuel,Nuclear,2049,0.0
Libya,Libya,ReserveSpinningTechFuel,Gas,2049,5542.27616054449
Libya,Libya,ReserveSpinningTechFuel,Gas,2049,0.0
Libya,Libya,ReserveSpinningTechFuel,Gas,2049,0.0
Libya,Libya,ReserveSpinningTechFuel,Gas,2049,0.0
Libya,Libya,ReserveSpinningTechFuel,Gas,2049,0.0
Libya,Libya,ReserveSpinningTechFuel,Gas,2049,13005.755266838412
Libya,Libya,ReserveSpinningTechFuel,Gas,2049,0.0
Libya,Libya,ReserveSpinningTechFuel,Gas,2049,1093.2565955834998
Libya,Libya,ReserveSpinningTechFuel,Gas,2049,0.0
Libya,Libya,ReserveSpinningTechFuel,Gas,2049,0.0
Libya,Libya,ReserveSpinningTechFuel,Gas,2049,0.0
Libya,Libya,ReserveSpinningTechFuel,Gas,2049,0.0
Libya,Libya,ReserveSpinningTechFuel,Gas,2049,0.0
Libya,Libya,ReserveSpinningTechFuel,Coal,2049,0.0
Libya,Libya,ReserveSpinningTechFuel,Coal,2049,0.0
Libya,Libya,ReserveSpinningTechFuel,Coal,2049,0.0
Libya,Libya,ReserveSpinningTechFuel,Coal,2049,0.0
Libya,Libya,ReserveSpinningTechFuel,Geothermal,2049,0.0
Libya,Libya,ReserveSpinningTechFuel,Geothermal,2049,0.0
Libya,Libya,ReserveSpinningTechFuel,Diesel,2049,0.0
Libya,Libya,ReserveSpinningTechFuel,Diesel,2049,0.0
Libya,Libya,ReserveSpinningTechFuel,Diesel,2049,0.0
Libya,Libya,ReserveSpinningTechFuel,Diesel,2049,0.0
Libya,Libya,ReserveSpinningTechFuel,Diesel,2049,0.0
Libya,Libya,ReserveSpinningTechFuel,Diesel,2049,1106.350248665795
Libya,Libya,ReserveSpinningTechFuel,Diesel,2049,0.0
Libya,Libya,ReserveSpinningTechFuel,Biomass,2049,0.0
Libya,Libya,ReserveSpinningTechFuel,Biomass,2049,0.0
Libya,Libya,ReserveSpinningTechFuel,Biomass,2049,0.0
Libya,Libya,ReserveSpinningTechFuel,Reservoir,2049,0.0
Libya,Libya,ReserveSpinningTechFuel,Reservoir,2049,0.0
Libya,Libya,ReserveSpinningTechFuel,ROR,2049,0.0
Libya,Libya,ReserveSpinningTechFuel,CSP,2049,0.0
Libya,Libya,ReserveSpinningTechFuel,CSP,2049,0.0
Libya,Libya,ReserveSpinningTechFuel,Offshore Wind,2049,0.0
Libya,Libya,ReserveSpinningTechFuel,Onshore Wind,2049,0.0
Libya,Libya,ReserveSpinningTechFuel,Onshore Wind,2049,0.0
Libya,Libya,ReserveSpinningTechFuel,PV,2049,0.0
Libya,Libya,ReserveSpinningTechFuel,PV,2049,0.0
Libya,Libya,ReserveSpinningTechFuel,PV+Storage,2049,0.0
Libya,Libya,ReserveSpinningTechFuel,Solar Thermal,2049,0.0
Libya,Libya,ReserveSpinningTechFuel,Battery,2049,45.424539834279685
Libya,Libya,ReserveSpinningTechFuel,PSH,2049,0.0
Libya,Libya,ReserveSpinningTechFuel,PSH,2049,0.0
Libya,Libya,ReserveSpinningTechFuel,Imports,2049,0.0
Libya,Libya,ReserveSpinningTechFuel,Peat,2049,0.0
Libya,Libya,ReserveSpinningTechFuel,Waste,2049,0.0
Libya,Libya,ReserveSpinningTechFuel,Methane,2049,0.0
Libya,Libya,ReserveSpinningTechFuel,Solar,2049,0.0
Libya,Libya,ReserveSpinningTechFuel,Solar,2049,0.0
Libya,Libya,ReserveSpinningTechFuel,Nuclear,2050,0.0
Libya,Libya,ReserveSpinningTechFuel,Gas,2050,5693.76390304243
Libya,Libya,ReserveSpinningTechFuel,Gas,2050,0.0
Libya,Libya,ReserveSpinningTechFuel,Gas,2050,0.0
Libya,Libya,ReserveSpinningTechFuel,Gas,2050,0.0
Libya,Libya,ReserveSpinningTechFuel,Gas,2050,0.0
Libya,Libya,ReserveSpinningTechFuel,Gas,2050,13274.31845615758
Libya,Libya,ReserveSpinningTechFuel,Gas,2050,0.0
Libya,Libya,ReserveSpinningTechFuel,Gas,2050,1522.92
Libya,Libya,ReserveSpinningTechFuel,Gas,2050,0.0
Libya,Libya,ReserveSpinningTechFuel,Gas,2050,0.0
Libya,Libya,ReserveSpinningTechFuel,Gas,2050,0.0
Libya,Libya,ReserveSpinningTechFuel,Gas,2050,0.0
Libya,Libya,ReserveSpinningTechFuel,Gas,2050,0.0
Libya,Libya,ReserveSpinningTechFuel,Coal,2050,0.0
Libya,Libya,ReserveSpinningTechFuel,Coal,2050,0.0
Libya,Libya,ReserveSpinningTechFuel,Coal,2050,0.0
Libya,Libya,ReserveSpinningTechFuel,Coal,2050,0.0
Libya,Libya,ReserveSpinningTechFuel,Geothermal,2050,0.0
Libya,Libya,ReserveSpinningTechFuel,Geothermal,2050,0.0
Libya,Libya,ReserveSpinningTechFuel,Diesel,2050,0.0
Libya,Libya,ReserveSpinningTechFuel,Diesel,2050,0.0
Libya,Libya,ReserveSpinningTechFuel,Diesel,2050,0.0
Libya,Libya,ReserveSpinningTechFuel,Diesel,2050,0.0
Libya,Libya,ReserveSpinningTechFuel,Diesel,2050,0.0
Libya,Libya,ReserveSpinningTechFuel,Diesel,2050,0.0
Libya,Libya,ReserveSpinningTechFuel,Diesel,2050,0.0
Libya,Libya,ReserveSpinningTechFuel,Biomass,2050,0.0
Libya,Libya,ReserveSpinningTechFuel,Biomass,2050,0.0
Libya,Libya,ReserveSpinningTechFuel,Biomass,2050,0.0
Libya,Libya,ReserveSpinningTechFuel,Reservoir,2050,0.0
Libya,Libya,ReserveSpinningTechFuel,Reservoir,2050,0.0
Libya,Libya,ReserveSpinningTechFuel,ROR,2050,0.0
Libya,Libya,ReserveSpinningTechFuel,CSP,2050,0.0
Libya,Libya,ReserveSpinningTechFuel,CSP,2050,0.0
Libya,Libya,ReserveSpinningTechFuel,Offshore Wind,2050,0.0
Libya,Libya,ReserveSpinningTechFuel,Onshore Wind,2050,0.0
Libya,Libya,ReserveSpinningTechFuel,Onshore Wind,2050,0.0
Libya,Libya,ReserveSpinningTechFuel,PV,2050,0.0
Libya,Libya,ReserveSpinningTechFuel,PV,2050,0.0
Libya,Libya,ReserveSpinningTechFuel,PV+Storage,2050,0.0
Libya,Libya,ReserveSpinningTechFuel,Solar Thermal,2050,0.0
Libya,Libya,ReserveSpinningTechFuel,Battery,2050,131.64270392054271
Libya,Libya,ReserveSpinningTechFuel,PSH,2050,0.0
Libya,Libya,ReserveSpinningTechFuel,PSH,2050,0.0
Libya,Libya,ReserveSpinningTechFuel,Imports,2050,0.0
Libya,Libya,ReserveSpinningTechFuel,Peat,2050,0.0
Libya,Libya,ReserveSpinningTechFuel,Waste,2050,0.0
Libya,Libya,ReserveSpinningTechFuel,Methane,2050,0.0
Libya,Libya,ReserveSpinningTechFuel,Solar,2050,0.0
Libya,Libya,ReserveSpinningTechFuel,Solar,2050,0.0
Libya,Libya,UtilizationTechFuel,Nuclear,2026,0.0
Libya,Libya,UtilizationTechFuel,Gas,2026,0.8500000000000003
Libya,Libya,UtilizationTechFuel,Gas,2026,0.0
Libya,Libya,UtilizationTechFuel,Gas,2026,0.0
Libya,Libya,UtilizationTechFuel,Gas,2026,0.0
Libya,Libya,UtilizationTechFuel,Gas,2026,0.0
Libya,Libya,UtilizationTechFuel,Gas,2026,0.5078755370962988
Libya,Libya,UtilizationTechFuel,Gas,2026,0.0
Libya,Libya,UtilizationTechFuel,Gas,2026,0.85
Libya,Libya,UtilizationTechFuel,Gas,2026,0.0
Libya,Libya,UtilizationTechFuel,Gas,2026,0.0
Libya,Libya,UtilizationTechFuel,Gas,2026,0.0
Libya,Libya,UtilizationTechFuel,Gas,2026,0.0
Libya,Libya,UtilizationTechFuel,Gas,2026,0.0
Libya,Libya,UtilizationTechFuel,Coal,2026,0.0
Libya,Libya,UtilizationTechFuel,Coal,2026,0.0
Libya,Libya,UtilizationTechFuel,Coal,2026,0.0
Libya,Libya,UtilizationTechFuel,Coal,2026,0.0
Libya,Libya,UtilizationTechFuel,Geothermal,2026,0.0
Libya,Libya,UtilizationTechFuel,Geothermal,2026,0.0
Libya,Libya,UtilizationTechFuel,Diesel,2026,0.0
Libya,Libya,UtilizationTechFuel,Diesel,2026,0.0
Libya,Libya,UtilizationTechFuel,Diesel,2026,0.0
Libya,Libya,UtilizationTechFuel,Diesel,2026,0.0
Libya,Libya,UtilizationTechFuel,Diesel,2026,0.0
Libya,Libya,UtilizationTechFuel,Diesel,2026,0.0
Libya,Libya,UtilizationTechFuel,Diesel,2026,0.0
Libya,Libya,UtilizationTechFuel,Biomass,2026,0.0
Libya,Libya,UtilizationTechFuel,Biomass,2026,0.0
Libya,Libya,UtilizationTechFuel,Biomass,2026,0.0
Libya,Libya,UtilizationTechFuel,Reservoir,2026,0.0
Libya,Libya,UtilizationTechFuel,Reservoir,2026,0.0
Libya,Libya,UtilizationTechFuel,ROR,2026,0.0
Libya,Libya,UtilizationTechFuel,CSP,2026,0.0
Libya,Libya,UtilizationTechFuel,CSP,2026,0.0
Libya,Libya,UtilizationTechFuel,Offshore Wind,2026,0.0
Libya,Libya,UtilizationTechFuel,Onshore Wind,2026,0.0
Libya,Libya,UtilizationTechFuel,Onshore Wind,2026,0.0
Libya,Libya,UtilizationTechFuel,PV,2026,0.0
Libya,Libya,UtilizationTechFuel,PV,2026,0.0
Libya,Libya,UtilizationTechFuel,PV+Storage,2026,0.0
Libya,Libya,UtilizationTechFuel,Solar Thermal,2026,0.0
Libya,Libya,UtilizationTechFuel,Battery,2026,0.0
Libya,Libya,UtilizationTechFuel,PSH,2026,0.0
Libya,Libya,UtilizationTechFuel,PSH,2026,0.0
Libya,Libya,UtilizationTechFuel,Imports,2026,0.0
Libya,Libya,UtilizationTechFuel,Peat,2026,0.0
Libya,Libya,UtilizationTechFuel,Waste,2026,0.0
Libya,Libya,UtilizationTechFuel,Methane,2026,0.0
Libya,Libya,UtilizationTechFuel,Solar,2026,0.0
Libya,Libya,UtilizationTechFuel,Solar,2026,0.0
Libya,Libya,UtilizationTechFuel,Nuclear,2027,0.0
Libya,Libya,UtilizationTechFuel,Gas,2027,0.8499999999999998
Libya,Libya,UtilizationTechFuel,Gas,2027,0.0
Libya,Libya,UtilizationTechFuel,Gas,2027,0.0
Libya,Libya,UtilizationTechFuel,Gas,2027,0.0
Libya,Libya,UtilizationTechFuel,Gas,2027,0.0
Libya,Libya,UtilizationTechFuel,Gas,2027,0.5824191025893802
Libya,Libya,UtilizationTechFuel,Gas,2027,0.0
Libya,Libya,UtilizationTechFuel,Gas,2027,0.8500000000000003
Libya,Libya,UtilizationTechFuel,Gas,2027,0.0
Libya,Libya,UtilizationTechFuel,Gas,2027,0.0
Libya,Libya,UtilizationTechFuel,Gas,2027,0.0
Libya,Libya,UtilizationTechFuel,Gas,2027,0.0
Libya,Libya,UtilizationTechFuel,Gas,2027,0.0
Libya,Libya,UtilizationTechFuel,Coal,2027,0.0
Libya,Libya,UtilizationTechFuel,Coal,2027,0.0
Libya,Libya,UtilizationTechFuel,Coal,2027,0.0
Libya,Libya,UtilizationTechFuel,Coal,2027,0.0
Libya,Libya,UtilizationTechFuel,Geothermal,2027,0.0
Libya,Libya,UtilizationTechFuel,Geothermal,2027,0.0
Libya,Libya,UtilizationTechFuel,Diesel,2027,0.0
Libya,Libya,UtilizationTechFuel,Diesel,2027,0.0
Libya,Libya,UtilizationTechFuel,Diesel,2027,0.0
Libya,Libya,UtilizationTechFuel,Diesel,2027,0.0
Libya,Libya,UtilizationTechFuel,Diesel,2027,0.0
Libya,Libya,UtilizationTechFuel,Diesel,2027,0.0
Libya,Libya,UtilizationTechFuel,Diesel,2027,0.0
Libya,Libya,UtilizationTechFuel,Biomass,2027,0.0
Libya,Libya,UtilizationTechFuel,Biomass,2027,0.0
Libya,Libya,UtilizationTechFuel,Biomass,2027,0.0
Libya,Libya,UtilizationTechFuel,Reservoir,2027,0.0
Libya,Libya,UtilizationTechFuel,Reservoir,2027,0.0
Libya,Libya,UtilizationTechFuel,ROR,2027,0.0
Libya,Libya,UtilizationTechFuel,CSP,2027,0.0
Libya,Libya,UtilizationTechFuel,CSP,2027,0.0
Libya,Libya,UtilizationTechFuel,Offshore Wind,2027,0.0
Libya,Libya,UtilizationTechFuel,Onshore Wind,2027,0.0
Libya,Libya,UtilizationTechFuel,Onshore Wind,2027,0.0
Libya,Libya,UtilizationTechFuel,PV,2027,0.0
Libya,Libya,UtilizationTechFuel,PV,2027,0.0
Libya,Libya,UtilizationTechFuel,PV+Storage,2027,0.0
Libya,Libya,UtilizationTechFuel,Solar Thermal,2027,0.0
Libya,Libya,UtilizationTechFuel,Battery,2027,0.0
Libya,Libya,UtilizationTechFuel,PSH,2027,0.0
Libya,Libya,UtilizationTechFuel,PSH,2027,0.0
Libya,Libya,UtilizationTechFuel,Imports,2027,0.0
Libya,Libya,UtilizationTechFuel,Peat,2027,0.0
Libya,Libya,UtilizationTechFuel,Waste,2027,0.0
Libya,Libya,UtilizationTechFuel,Methane,2027,0.0
Libya,Libya,UtilizationTechFuel,Solar,2027,0.0
Libya,Libya,UtilizationTechFuel,Solar,2027,0.0
Libya,Libya,UtilizationTechFuel,Nuclear,2028,0.0
Libya,Libya,UtilizationTechFuel,Gas,2028,0.8500000000000011
Libya,Libya,UtilizationTechFuel,Gas,2028,0.0
Libya,Libya,UtilizationTechFuel,Gas,2028,0.0
Libya,Libya,UtilizationTechFuel,Gas,2028,0.0
Libya,Libya,UtilizationTechFuel,Gas,2028,0.0
Libya,Libya,UtilizationTechFuel,Gas,2028,0.5079973100511886
Libya,Libya,UtilizationTechFuel,Gas,2028,0.0
Libya,Libya,UtilizationTechFuel,Gas,2028,0.8500000000000003
Libya,Libya,UtilizationTechFuel,Gas,2028,0.0
Libya,Libya,UtilizationTechFuel,Gas,2028,0.0
Libya,Libya,UtilizationTechFuel,Gas,2028,0.0
Libya,Libya,UtilizationTechFuel,Gas,2028,0.0
Libya,Libya,UtilizationTechFuel,Gas,2028,0.0
Libya,Libya,UtilizationTechFuel,Coal,2028,0.0
Libya,Libya,UtilizationTechFuel,Coal,2028,0.0
Libya,Libya,UtilizationTechFuel,Coal,2028,0.0
Libya,Libya,UtilizationTechFuel,Coal,2028,0.0
Libya,Libya,UtilizationTechFuel,Geothermal,2028,0.0
Libya,Libya,UtilizationTechFuel,Geothermal,2028,0.0
Libya,Libya,UtilizationTechFuel,Diesel,2028,0.0
Libya,Libya,UtilizationTechFuel,Diesel,2028,0.0
Libya,Libya,UtilizationTechFuel,Diesel,2028,0.0
Libya,Libya,UtilizationTechFuel,Diesel,2028,0.0
Libya,Libya,UtilizationTechFuel,Diesel,2028,0.0
Libya,Libya,UtilizationTechFuel,Diesel,2028,0.0
Libya,Libya,UtilizationTechFuel,Diesel,2028,0.0
Libya,Libya,UtilizationTechFuel,Biomass,2028,0.0
Libya,Libya,UtilizationTechFuel,Biomass,2028,0.0
Libya,Libya,UtilizationTechFuel,Biomass,2028,0.0
Libya,Libya,UtilizationTechFuel,Reservoir,2028,0.0
Libya,Libya,UtilizationTechFuel,Reservoir,2028,0.0
Libya,Libya,UtilizationTechFuel,ROR,2028,0.0
Libya,Libya,UtilizationTechFuel,CSP,2028,0.0
Libya,Libya,UtilizationTechFuel,CSP,2028,0.0
Libya,Libya,UtilizationTechFuel,Offshore Wind,2028,0.0
Libya,Libya,UtilizationTechFuel,Onshore Wind,2028,0.0
Libya,Libya,UtilizationTechFuel,Onshore Wind,2028,0.0
Libya,Libya,UtilizationTechFuel,PV,2028,0.22426174086758
Libya,Libya,UtilizationTechFuel,PV,2028,0.0
Libya,Libya,UtilizationTechFuel,PV+Storage,2028,0.0
Libya,Libya,UtilizationTechFuel,Solar Thermal,2028,0.0
Libya,Libya,UtilizationTechFuel,Battery,2028,0.0
Libya,Libya,UtilizationTechFuel,PSH,2028,0.0
Libya,Libya,UtilizationTechFuel,PSH,2028,0.0
Libya,Libya,UtilizationTechFuel,Imports,2028,0.0
Libya,Libya,UtilizationTechFuel,Peat,2028,0.0
Libya,Libya,UtilizationTechFuel,Waste,2028,0.0
Libya,Libya,UtilizationTechFuel,Methane,2028,0.0
Libya,Libya,UtilizationTechFuel,Solar,2028,0.0
Libya,Libya,UtilizationTechFuel,Solar,2028,0.0
Libya,Libya,UtilizationTechFuel,Nuclear,2029,0.0
Libya,Libya,UtilizationTechFuel,Gas,2029,0.8500000000000003
Libya,Libya,UtilizationTechFuel,Gas,2029,0.0
Libya,Libya,UtilizationTechFuel,Gas,2029,0.0
Libya,Libya,UtilizationTechFuel,Gas,2029,0.0
Libya,Libya,UtilizationTechFuel,Gas,2029,0.0
Libya,Libya,UtilizationTechFuel,Gas,2029,0.5379997344966191
Libya,Libya,UtilizationTechFuel,Gas,2029,0.0
Libya,Libya,UtilizationTechFuel,Gas,2029,0.8500000000000002
Libya,Libya,UtilizationTechFuel,Gas,2029,0.0
Libya,Libya,UtilizationTechFuel,Gas,2029,0.0
Libya,Libya,UtilizationTechFuel,Gas,2029,0.0
Libya,Libya,UtilizationTechFuel,Gas,2029,0.0
Libya,Libya,UtilizationTechFuel,Gas,2029,0.0
Libya,Libya,UtilizationTechFuel,Coal,2029,0.0
Libya,Libya,UtilizationTechFuel,Coal,2029,0.0
Libya,Libya,UtilizationTechFuel,Coal,2029,0.0
Libya,Libya,UtilizationTechFuel,Coal,2029,0.0
Libya,Libya,UtilizationTechFuel,Geothermal,2029,0.0
Libya,Libya,UtilizationTechFuel,Geothermal,2029,0.0
Libya,Libya,UtilizationTechFuel,Diesel,2029,0.0
Libya,Libya,UtilizationTechFuel,Diesel,2029,0.0
Libya,Libya,UtilizationTechFuel,Diesel,2029,0.0
Libya,Libya,UtilizationTechFuel,Diesel,2029,0.0
Libya,Libya,UtilizationTechFuel,Diesel,2029,0.0
Libya,Libya,UtilizationTechFuel,Diesel,2029,0.0
Libya,Libya,UtilizationTechFuel,Diesel,2029,0.0
Libya,Libya,UtilizationTechFuel,Biomass,2029,0.0
Libya,Libya,UtilizationTechFuel,Biomass,2029,0.0
Libya,Libya,UtilizationTechFuel,Biomass,2029,0.0
Libya,Libya,UtilizationTechFuel,Reservoir,2029,0.0
Libya,Libya,UtilizationTechFuel,Reservoir,2029,0.0
Libya,Libya,UtilizationTechFuel,ROR,2029,0.0
Libya,Libya,UtilizationTechFuel,CSP,2029,0.0
Libya,Libya,UtilizationTechFuel,CSP,2029,0.0
Libya,Libya,UtilizationTechFuel,Offshore Wind,2029,0.0
Libya,Libya,UtilizationTechFuel,Onshore Wind,2029,0.0
Libya,Libya,UtilizationTechFuel,Onshore Wind,2029,0.0
Libya,Libya,UtilizationTechFuel,PV,2029,0.22426174086758
Libya,Libya,UtilizationTechFuel,PV,2029,0.0
Libya,Libya,UtilizationTechFuel,PV+Storage,2029,0.0
Libya,Libya,UtilizationTechFuel,Solar Thermal,2029,0.0
Libya,Libya,UtilizationTechFuel,Battery,2029,0.0
Libya,Libya,UtilizationTechFuel,PSH,2029,0.0
Libya,Libya,UtilizationTechFuel,PSH,2029,0.0
Libya,Libya,UtilizationTechFuel,Imports,2029,0.0
Libya,Libya,UtilizationTechFuel,Peat,2029,0.0
Libya,Libya,UtilizationTechFuel,Waste,2029,0.0
Libya,Libya,UtilizationTechFuel,Methane,2029,0.0
Libya,Libya,UtilizationTechFuel,Solar,2029,0.0
Libya,Libya,UtilizationTechFuel,Solar,2029,0.0
Libya,Libya,UtilizationTechFuel,Nuclear,2030,0.0
Libya,Libya,UtilizationTechFuel,Gas,2030,0.8500000000000001
Libya,Libya,UtilizationTechFuel,Gas,2030,0.0
Libya,Libya,UtilizationTechFuel,Gas,2030,0.0
Libya,Libya,UtilizationTechFuel,Gas,2030,0.0
Libya,Libya,UtilizationTechFuel,Gas,2030,0.0
Libya,Libya,UtilizationTechFuel,Gas,2030,0.5098353844807612
Libya,Libya,UtilizationTechFuel,Gas,2030,0.0
Libya,Libya,UtilizationTechFuel,Gas,2030,0.85
Libya,Libya,UtilizationTechFuel,Gas,2030,0.0
Libya,Libya,UtilizationTechFuel,Gas,2030,0.0
Libya,Libya,UtilizationTechFuel,Gas,2030,0.0
Libya,Libya,UtilizationTechFuel,Gas,2030,0.0
Libya,Libya,UtilizationTechFuel,Gas,2030,0.0
Libya,Libya,UtilizationTechFuel,Coal,2030,0.0
Libya,Libya,UtilizationTechFuel,Coal,2030,0.0
Libya,Libya,UtilizationTechFuel,Coal,2030,0.0
Libya,Libya,UtilizationTechFuel,Coal,2030,0.0
Libya,Libya,UtilizationTechFuel,Geothermal,2030,0.0
Libya,Libya,UtilizationTechFuel,Geothermal,2030,0.0
Libya,Libya,UtilizationTechFuel,Diesel,2030,0.0
Libya,Libya,UtilizationTechFuel,Diesel,2030,0.0
Libya,Libya,UtilizationTechFuel,Diesel,2030,0.0
Libya,Libya,UtilizationTechFuel,Diesel,2030,0.0
Libya,Libya,UtilizationTechFuel,Diesel,2030,0.0
Libya,Libya,UtilizationTechFuel,Diesel,2030,0.0
Libya,Libya,UtilizationTechFuel,Diesel,2030,0.0
Libya,Libya,UtilizationTechFuel,Biomass,2030,0.0
Libya,Libya,UtilizationTechFuel,Biomass,2030,0.0
Libya,Libya,UtilizationTechFuel,Biomass,2030,0.0
Libya,Libya,UtilizationTechFuel,Reservoir,2030,0.0
Libya,Libya,UtilizationTechFuel,Reservoir,2030,0.0
Libya,Libya,UtilizationTechFuel,ROR,2030,0.0
Libya,Libya,UtilizationTechFuel,CSP,2030,0.0
Libya,Libya,UtilizationTechFuel,CSP,2030,0.0
Libya,Libya,UtilizationTechFuel,Offshore Wind,2030,0.0
Libya,Libya,UtilizationTechFuel,Onshore Wind,2030,0.0
Libya,Libya,UtilizationTechFuel,Onshore Wind,2030,0.0
Libya,Libya,UtilizationTechFuel,PV,2030,0.2242617408675798
Libya,Libya,UtilizationTechFuel,PV,2030,0.0
Libya,Libya,UtilizationTechFuel,PV+Storage,2030,0.0
Libya,Libya,UtilizationTechFuel,Solar Thermal,2030,0.0
Libya,Libya,UtilizationTechFuel,Battery,2030,0.0
Libya,Libya,UtilizationTechFuel,PSH,2030,0.0
Libya,Libya,UtilizationTechFuel,PSH,2030,0.0
Libya,Libya,UtilizationTechFuel,Imports,2030,0.0
Libya,Libya,UtilizationTechFuel,Peat,2030,0.0
Libya,Libya,UtilizationTechFuel,Waste,2030,0.0
Libya,Libya,UtilizationTechFuel,Methane,2030,0.0
Libya,Libya,UtilizationTechFuel,Solar,2030,0.0
Libya,Libya,UtilizationTechFuel,Solar,2030,0.0
Libya,Libya,UtilizationTechFuel,Nuclear,2031,0.0
Libya,Libya,UtilizationTechFuel,Gas,2031,0.8500000000000002
Libya,Libya,UtilizationTechFuel,Gas,2031,0.0
Libya,Libya,UtilizationTechFuel,Gas,2031,0.0
Libya,Libya,UtilizationTechFuel,Gas,2031,0.0
Libya,Libya,UtilizationTechFuel,Gas,2031,0.0
Libya,Libya,UtilizationTechFuel,Gas,2031,0.5184674200322119
Libya,Libya,UtilizationTechFuel,Gas,2031,0.0
Libya,Libya,UtilizationTechFuel,Gas,2031,0.85
Libya,Libya,UtilizationTechFuel,Gas,2031,0.0
Libya,Libya,UtilizationTechFuel,Gas,2031,0.0
Libya,Libya,UtilizationTechFuel,Gas,2031,0.0
Libya,Libya,UtilizationTechFuel,Gas,2031,0.0
Libya,Libya,UtilizationTechFuel,Gas,2031,0.0
Libya,Libya,UtilizationTechFuel,Coal,2031,0.0
Libya,Libya,UtilizationTechFuel,Coal,2031,0.0
Libya,Libya,UtilizationTechFuel,Coal,2031,0.0
Libya,Libya,UtilizationTechFuel,Coal,2031,0.0
Libya,Libya,UtilizationTechFuel,Geothermal,2031,0.0
Libya,Libya,UtilizationTechFuel,Geothermal,2031,0.0
Libya,Libya,UtilizationTechFuel,Diesel,2031,0.0
Libya,Libya,UtilizationTechFuel,Diesel,2031,0.0
Libya,Libya,UtilizationTechFuel,Diesel,2031,0.0
Libya,Libya,UtilizationTechFuel,Diesel,2031,0.0
Libya,Libya,UtilizationTechFuel,Diesel,2031,0.0
Libya,Libya,UtilizationTechFuel,Diesel,2031,0.0
Libya,Libya,UtilizationTechFuel,Diesel,2031,0.0
Libya,Libya,UtilizationTechFuel,Biomass,2031,0.0
Libya,Libya,UtilizationTechFuel,Biomass,2031,0.0
Libya,Libya,UtilizationTechFuel,Biomass,2031,0.0
Libya,Libya,UtilizationTechFuel,Reservoir,2031,0.0
Libya,Libya,UtilizationTechFuel,Reservoir,2031,0.0
Libya,Libya,UtilizationTechFuel,ROR,2031,0.0
Libya,Libya,UtilizationTechFuel,CSP,2031,0.0
Libya,Libya,UtilizationTechFuel,CSP,2031,0.0
Libya,Libya,UtilizationTechFuel,Offshore Wind,2031,0.0
Libya,Libya,UtilizationTechFuel,Onshore Wind,2031,0.0
Libya,Libya,UtilizationTechFuel,Onshore Wind,2031,0.3043044402166667
Libya,Libya,UtilizationTechFuel,PV,2031,0.22426174086758
Libya,Libya,UtilizationTechFuel,PV,2031,0.0
Libya,Libya,UtilizationTechFuel,PV+Storage,2031,0.0
Libya,Libya,UtilizationTechFuel,Solar Thermal,2031,0.0
Libya,Libya,UtilizationTechFuel,Battery,2031,0.0
Libya,Libya,UtilizationTechFuel,PSH,2031,0.0
Libya,Libya,UtilizationTechFuel,PSH,2031,0.0
Libya,Libya,UtilizationTechFuel,Imports,2031,0.0
Libya,Libya,UtilizationTechFuel,Peat,2031,0.0
Libya,Libya,UtilizationTechFuel,Waste,2031,0.0
Libya,Libya,UtilizationTechFuel,Methane,2031,0.0
Libya,Libya,UtilizationTechFuel,Solar,2031,0.0
Libya,Libya,UtilizationTechFuel,Solar,2031,0.0
Libya,Libya,UtilizationTechFuel,Nuclear,2032,0.0
Libya,Libya,UtilizationTechFuel,Gas,2032,0.8500000000000003
Libya,Libya,UtilizationTechFuel,Gas,2032,0.0
Libya,Libya,UtilizationTechFuel,Gas,2032,0.0
Libya,Libya,UtilizationTechFuel,Gas,2032,0.0
Libya,Libya,UtilizationTechFuel,Gas,2032,0.0
Libya,Libya,UtilizationTechFuel,Gas,2032,0.4520778734025544
Libya,Libya,UtilizationTechFuel,Gas,2032,0.0
Libya,Libya,UtilizationTechFuel,Gas,2032,0.85
Libya,Libya,UtilizationTechFuel,Gas,2032,0.0
Libya,Libya,UtilizationTechFuel,Gas,2032,0.0
Libya,Libya,UtilizationTechFuel,Gas,2032,0.0
Libya,Libya,UtilizationTechFuel,Gas,2032,0.0
Libya,Libya,UtilizationTechFuel,Gas,2032,0.0
Libya,Libya,UtilizationTechFuel,Coal,2032,0.0
Libya,Libya,UtilizationTechFuel,Coal,2032,0.0
Libya,Libya,UtilizationTechFuel,Coal,2032,0.0
Libya,Libya,UtilizationTechFuel,Coal,2032,0.0
Libya,Libya,UtilizationTechFuel,Geothermal,2032,0.0
Libya,Libya,UtilizationTechFuel,Geothermal,2032,0.0
Libya,Libya,UtilizationTechFuel,Diesel,2032,0.0
Libya,Libya,UtilizationTechFuel,Diesel,2032,0.0
Libya,Libya,UtilizationTechFuel,Diesel,2032,0.0
Libya,Libya,UtilizationTechFuel,Diesel,2032,0.0
Libya,Libya,UtilizationTechFuel,Diesel,2032,0.0
Libya,Libya,UtilizationTechFuel,Diesel,2032,0.0
Libya,Libya,UtilizationTechFuel,Diesel,2032,0.0
Libya,Libya,UtilizationTechFuel,Biomass,2032,0.0
Libya,Libya,UtilizationTechFuel,Biomass,2032,0.0
Libya,Libya,UtilizationTechFuel,Biomass,2032,0.0
Libya,Libya,UtilizationTechFuel,Reservoir,2032,0.0
Libya,Libya,UtilizationTechFuel,Reservoir,2032,0.0
Libya,Libya,UtilizationTechFuel,ROR,2032,0.0
Libya,Libya,UtilizationTechFuel,CSP,2032,0.0
Libya,Libya,UtilizationTechFuel,CSP,2032,0.0
Libya,Libya,UtilizationTechFuel,Offshore Wind,2032,0.0
Libya,Libya,UtilizationTechFuel,Onshore Wind,2032,0.0
Libya,Libya,UtilizationTechFuel,Onshore Wind,2032,0.3043044402166667
Libya,Libya,UtilizationTechFuel,PV,2032,0.2242617408675797
Libya,Libya,UtilizationTechFuel,PV,2032,0.0
Libya,Libya,UtilizationTechFuel,PV+Storage,2032,0.0
Libya,Libya,UtilizationTechFuel,Solar Thermal,2032,0.0
Libya,Libya,UtilizationTechFuel,Battery,2032,0.0
Libya,Libya,UtilizationTechFuel,PSH,2032,0.0
Libya,Libya,UtilizationTechFuel,PSH,2032,0.0
Libya,Libya,UtilizationTechFuel,Imports,2032,0.0
Libya,Libya,UtilizationTechFuel,Peat,2032,0.0
Libya,Libya,UtilizationTechFuel,Waste,2032,0.0
Libya,Libya,UtilizationTechFuel,Methane,2032,0.0
Libya,Libya,UtilizationTechFuel,Solar,2032,0.0
Libya,Libya,UtilizationTechFuel,Solar,2032,0.0
Libya,Libya,UtilizationTechFuel,Nuclear,2033,0.0
Libya,Libya,UtilizationTechFuel,Gas,2033,0.8500000000000006
Libya,Libya,UtilizationTechFuel,Gas,2033,0.0
Libya,Libya,UtilizationTechFuel,Gas,2033,0.0
Libya,Libya,UtilizationTechFuel,Gas,2033,0.0
Libya,Libya,UtilizationTechFuel,Gas,2033,0.0
Libya,Libya,UtilizationTechFuel,Gas,2033,0.4401299740200123
Libya,Libya,UtilizationTechFuel,Gas,2033,0.0
Libya,Libya,UtilizationTechFuel,Gas,2033,0.85
Libya,Libya,UtilizationTechFuel,Gas,2033,0.0
Libya,Libya,UtilizationTechFuel,Gas,2033,0.0
Libya,Libya,UtilizationTechFuel,Gas,2033,0.0
Libya,Libya,UtilizationTechFuel,Gas,2033,0.0
Libya,Libya,UtilizationTechFuel,Gas,2033,0.0
Libya,Libya,UtilizationTechFuel,Coal,2033,0.0
Libya,Libya,UtilizationTechFuel,Coal,2033,0.0
Libya,Libya,UtilizationTechFuel,Coal,2033,0.0
Libya,Libya,UtilizationTechFuel,Coal,2033,0.0
Libya,Libya,UtilizationTechFuel,Geothermal,2033,0.0
Libya,Libya,UtilizationTechFuel,Geothermal,2033,0.0
Libya,Libya,UtilizationTechFuel,Diesel,2033,0.0
Libya,Libya,UtilizationTechFuel,Diesel,2033,0.0
Libya,Libya,UtilizationTechFuel,Diesel,2033,0.0
Libya,Libya,UtilizationTechFuel,Diesel,2033,0.0
Libya,Libya,UtilizationTechFuel,Diesel,2033,0.0
Libya,Libya,UtilizationTechFuel,Diesel,2033,0.0
Libya,Libya,UtilizationTechFuel,Diesel,2033,0.0
Libya,Libya,UtilizationTechFuel,Biomass,2033,0.0
Libya,Libya,UtilizationTechFuel,Biomass,2033,0.0
Libya,Libya,UtilizationTechFuel,Biomass,2033,0.0
Libya,Libya,UtilizationTechFuel,Reservoir,2033,0.0
Libya,Libya,UtilizationTechFuel,Reservoir,2033,0.0
Libya,Libya,UtilizationTechFuel,ROR,2033,0.0
Libya,Libya,UtilizationTechFuel,CSP,2033,0.0
Libya,Libya,UtilizationTechFuel,CSP,2033,0.0
Libya,Libya,UtilizationTechFuel,Offshore Wind,2033,0.0
Libya,Libya,UtilizationTechFuel,Onshore Wind,2033,0.0
Libya,Libya,UtilizationTechFuel,Onshore Wind,2033,0.3043044402166666
Libya,Libya,UtilizationTechFuel,PV,2033,0.2242617408675798
Libya,Libya,UtilizationTechFuel,PV,2033,0.0
Libya,Libya,UtilizationTechFuel,PV+Storage,2033,0.0
Libya,Libya,UtilizationTechFuel,Solar Thermal,2033,0.0
Libya,Libya,UtilizationTechFuel,Battery,2033,0.0
Libya,Libya,UtilizationTechFuel,PSH,2033,0.0
Libya,Libya,UtilizationTechFuel,PSH,2033,0.0
Libya,Libya,UtilizationTechFuel,Imports,2033,0.0
Libya,Libya,UtilizationTechFuel,Peat,2033,0.0
Libya,Libya,UtilizationTechFuel,Waste,2033,0.0
Libya,Libya,UtilizationTechFuel,Methane,2033,0.0
Libya,Libya,UtilizationTechFuel,Solar,2033,0.0
Libya,Libya,UtilizationTechFuel,Solar,2033,0.0
Libya,Libya,UtilizationTechFuel,Nuclear,2034,0.0
Libya,Libya,UtilizationTechFuel,Gas,2034,0.8500000000000003
Libya,Libya,UtilizationTechFuel,Gas,2034,0.0
Libya,Libya,UtilizationTechFuel,Gas,2034,0.0
Libya,Libya,UtilizationTechFuel,Gas,2034,0.0
Libya,Libya,UtilizationTechFuel,Gas,2034,0.0
Libya,Libya,UtilizationTechFuel,Gas,2034,0.3795274674023413
Libya,Libya,UtilizationTechFuel,Gas,2034,0.0
Libya,Libya,UtilizationTechFuel,Gas,2034,0.85
Libya,Libya,UtilizationTechFuel,Gas,2034,0.0
Libya,Libya,UtilizationTechFuel,Gas,2034,0.0
Libya,Libya,UtilizationTechFuel,Gas,2034,0.0
Libya,Libya,UtilizationTechFuel,Gas,2034,0.0
Libya,Libya,UtilizationTechFuel,Gas,2034,0.0
Libya,Libya,UtilizationTechFuel,Coal,2034,0.0
Libya,Libya,UtilizationTechFuel,Coal,2034,0.0
Libya,Libya,UtilizationTechFuel,Coal,2034,0.0
Libya,Libya,UtilizationTechFuel,Coal,2034,0.0
Libya,Libya,UtilizationTechFuel,Geothermal,2034,0.0
Libya,Libya,UtilizationTechFuel,Geothermal,2034,0.0
Libya,Libya,UtilizationTechFuel,Diesel,2034,0.0
Libya,Libya,UtilizationTechFuel,Diesel,2034,0.0
Libya,Libya,UtilizationTechFuel,Diesel,2034,0.0
Libya,Libya,UtilizationTechFuel,Diesel,2034,0.0
Libya,Libya,UtilizationTechFuel,Diesel,2034,0.0
Libya,Libya,UtilizationTechFuel,Diesel,2034,0.0
Libya,Libya,UtilizationTechFuel,Diesel,2034,0.0
Libya,Libya,UtilizationTechFuel,Biomass,2034,0.0
Libya,Libya,UtilizationTechFuel,Biomass,2034,0.0
Libya,Libya,UtilizationTechFuel,Biomass,2034,0.0
Libya,Libya,UtilizationTechFuel,Reservoir,2034,0.0
Libya,Libya,UtilizationTechFuel,Reservoir,2034,0.0
Libya,Libya,UtilizationTechFuel,ROR,2034,0.0
Libya,Libya,UtilizationTechFuel,CSP,2034,0.0
Libya,Libya,UtilizationTechFuel,CSP,2034,0.0
Libya,Libya,UtilizationTechFuel,Offshore Wind,2034,0.0
Libya,Libya,UtilizationTechFuel,Onshore Wind,2034,0.0
Libya,Libya,UtilizationTechFuel,Onshore Wind,2034,0.3043044402166667
Libya,Libya,UtilizationTechFuel,PV,2034,0.2242617408675798
Libya,Libya,UtilizationTechFuel,PV,2034,0.0
Libya,Libya,UtilizationTechFuel,PV+Storage,2034,0.0
Libya,Libya,UtilizationTechFuel,Solar Thermal,2034,0.0
Libya,Libya,UtilizationTechFuel,Battery,2034,0.0
Libya,Libya,UtilizationTechFuel,PSH,2034,0.0
Libya,Libya,UtilizationTechFuel,PSH,2034,0.0
Libya,Libya,UtilizationTechFuel,Imports,2034,0.0
Libya,Libya,UtilizationTechFuel,Peat,2034,0.0
Libya,Libya,UtilizationTechFuel,Waste,2034,0.0
Libya,Libya,UtilizationTechFuel,Methane,2034,0.0
Libya,Libya,UtilizationTechFuel,Solar,2034,0.0
Libya,Libya,UtilizationTechFuel,Solar,2034,0.0
Libya,Libya,UtilizationTechFuel,Nuclear,2035,0.0
Libya,Libya,UtilizationTechFuel,Gas,2035,0.8500000000000001
Libya,Libya,UtilizationTechFuel,Gas,2035,0.0
Libya,Libya,UtilizationTechFuel,Gas,2035,0.0
Libya,Libya,UtilizationTechFuel,Gas,2035,0.0
Libya,Libya,UtilizationTechFuel,Gas,2035,0.0
Libya,Libya,UtilizationTechFuel,Gas,2035,0.3983961503929656
Libya,Libya,UtilizationTechFuel,Gas,2035,0.0
Libya,Libya,UtilizationTechFuel,Gas,2035,0.8499999999999999
Libya,Libya,UtilizationTechFuel,Gas,2035,0.0
Libya,Libya,UtilizationTechFuel,Gas,2035,0.0
Libya,Libya,UtilizationTechFuel,Gas,2035,0.0
Libya,Libya,UtilizationTechFuel,Gas,2035,0.0
Libya,Libya,UtilizationTechFuel,Gas,2035,0.0
Libya,Libya,UtilizationTechFuel,Coal,2035,0.0
Libya,Libya,UtilizationTechFuel,Coal,2035,0.0
Libya,Libya,UtilizationTechFuel,Coal,2035,0.0
Libya,Libya,UtilizationTechFuel,Coal,2035,0.0
Libya,Libya,UtilizationTechFuel,Geothermal,2035,0.0
Libya,Libya,UtilizationTechFuel,Geothermal,2035,0.0
Libya,Libya,UtilizationTechFuel,Diesel,2035,0.0
Libya,Libya,UtilizationTechFuel,Diesel,2035,0.0
Libya,Libya,UtilizationTechFuel,Diesel,2035,0.0
Libya,Libya,UtilizationTechFuel,Diesel,2035,0.0
Libya,Libya,UtilizationTechFuel,Diesel,2035,0.0
Libya,Libya,UtilizationTechFuel,Diesel,2035,0.0
Libya,Libya,UtilizationTechFuel,Diesel,2035,0.0
Libya,Libya,UtilizationTechFuel,Biomass,2035,0.0
Libya,Libya,UtilizationTechFuel,Biomass,2035,0.0
Libya,Libya,UtilizationTechFuel,Biomass,2035,0.0
Libya,Libya,UtilizationTechFuel,Reservoir,2035,0.0
Libya,Libya,UtilizationTechFuel,Reservoir,2035,0.0
Libya,Libya,UtilizationTechFuel,ROR,2035,0.0
Libya,Libya,UtilizationTechFuel,CSP,2035,0.0
Libya,Libya,UtilizationTechFuel,CSP,2035,0.0
Libya,Libya,UtilizationTechFuel,Offshore Wind,2035,0.0
Libya,Libya,UtilizationTechFuel,Onshore Wind,2035,0.0
Libya,Libya,UtilizationTechFuel,Onshore Wind,2035,0.3043044402166668
Libya,Libya,UtilizationTechFuel,PV,2035,0.2242617408675802
Libya,Libya,UtilizationTechFuel,PV,2035,0.0
Libya,Libya,UtilizationTechFuel,PV+Storage,2035,0.0
Libya,Libya,UtilizationTechFuel,Solar Thermal,2035,0.0
Libya,Libya,UtilizationTechFuel,Battery,2035,0.0
Libya,Libya,UtilizationTechFuel,PSH,2035,0.0
Libya,Libya,UtilizationTechFuel,PSH,2035,0.0
Libya,Libya,UtilizationTechFuel,Imports,2035,0.0
Libya,Libya,UtilizationTechFuel,Peat,2035,0.0
Libya,Libya,UtilizationTechFuel,Waste,2035,0.0
Libya,Libya,UtilizationTechFuel,Methane,2035,0.0
Libya,Libya,UtilizationTechFuel,Solar,2035,0.0
Libya,Libya,UtilizationTechFuel,Solar,2035,0.0
Libya,Libya,UtilizationTechFuel,Nuclear,2036,0.0
Libya,Libya,UtilizationTechFuel,Gas,2036,0.8500000000000001
Libya,Libya,UtilizationTechFuel,Gas,2036,0.0
Libya,Libya,UtilizationTechFuel,Gas,2036,0.0
Libya,Libya,UtilizationTechFuel,Gas,2036,0.0
Libya,Libya,UtilizationTechFuel,Gas,2036,0.0
Libya,Libya,UtilizationTechFuel,Gas,2036,0.4332123055765737
Libya,Libya,UtilizationTechFuel,Gas,2036,0.0
Libya,Libya,UtilizationTechFuel,Gas,2036,0.85
Libya,Libya,UtilizationTechFuel,Gas,2036,0.0
Libya,Libya,UtilizationTechFuel,Gas,2036,0.0
Libya,Libya,UtilizationTechFuel,Gas,2036,0.0
Libya,Libya,UtilizationTechFuel,Gas,2036,0.0
Libya,Libya,UtilizationTechFuel,Gas,2036,0.0
Libya,Libya,UtilizationTechFuel,Coal,2036,0.0
Libya,Libya,UtilizationTechFuel,Coal,2036,0.0
Libya,Libya,UtilizationTechFuel,Coal,2036,0.0
Libya,Libya,UtilizationTechFuel,Coal,2036,0.0
Libya,Libya,UtilizationTechFuel,Geothermal,2036,0.0
Libya,Libya,UtilizationTechFuel,Geothermal,2036,0.0
Libya,Libya,UtilizationTechFuel,Diesel,2036,0.0
Libya,Libya,UtilizationTechFuel,Diesel,2036,0.0
Libya,Libya,UtilizationTechFuel,Diesel,2036,0.0
Libya,Libya,UtilizationTechFuel,Diesel,2036,0.0
Libya,Libya,UtilizationTechFuel,Diesel,2036,0.0
Libya,Libya,UtilizationTechFuel,Diesel,2036,0.0
Libya,Libya,UtilizationTechFuel,Diesel,2036,0.0
Libya,Libya,UtilizationTechFuel,Biomass,2036,0.0
Libya,Libya,UtilizationTechFuel,Biomass,2036,0.0
Libya,Libya,UtilizationTechFuel,Biomass,2036,0.0
Libya,Libya,UtilizationTechFuel,Reservoir,2036,0.0
Libya,Libya,UtilizationTechFuel,Reservoir,2036,0.0
Libya,Libya,UtilizationTechFuel,ROR,2036,0.0
Libya,Libya,UtilizationTechFuel,CSP,2036,0.0
Libya,Libya,UtilizationTechFuel,CSP,2036,0.0
Libya,Libya,UtilizationTechFuel,Offshore Wind,2036,0.0
Libya,Libya,UtilizationTechFuel,Onshore Wind,2036,0.0
Libya,Libya,UtilizationTechFuel,Onshore Wind,2036,0.3043044402166666
Libya,Libya,UtilizationTechFuel,PV,2036,0.22426174086758
Libya,Libya,UtilizationTechFuel,PV,2036,0.0
Libya,Libya,UtilizationTechFuel,PV+Storage,2036,0.0
Libya,Libya,UtilizationTechFuel,Solar Thermal,2036,0.0
Libya,Libya,UtilizationTechFuel,Battery,2036,0.0
Libya,Libya,UtilizationTechFuel,PSH,2036,0.0
Libya,Libya,UtilizationTechFuel,PSH,2036,0.0
Libya,Libya,UtilizationTechFuel,Imports,2036,0.0
Libya,Libya,UtilizationTechFuel,Peat,2036,0.0
Libya,Libya,UtilizationTechFuel,Waste,2036,0.0
Libya,Libya,UtilizationTechFuel,Methane,2036,0.0
Libya,Libya,UtilizationTechFuel,Solar,2036,0.0
Libya,Libya,UtilizationTechFuel,Solar,2036,0.0
Libya,Libya,UtilizationTechFuel,Nuclear,2037,0.0
Libya,Libya,UtilizationTechFuel,Gas,2037,0.8500000000000001
Libya,Libya,UtilizationTechFuel,Gas,2037,0.0
Libya,Libya,UtilizationTechFuel,Gas,2037,0.0
Libya,Libya,UtilizationTechFuel,Gas,2037,0.0
Libya,Libya,UtilizationTechFuel,Gas,2037,0.0
Libya,Libya,UtilizationTechFuel,Gas,2037,0.3990699040017762
Libya,Libya,UtilizationTechFuel,Gas,2037,0.0
Libya,Libya,UtilizationTechFuel,Gas,2037,0.85
Libya,Libya,UtilizationTechFuel,Gas,2037,0.0
Libya,Libya,UtilizationTechFuel,Gas,2037,0.0
Libya,Libya,UtilizationTechFuel,Gas,2037,0.0
Libya,Libya,UtilizationTechFuel,Gas,2037,0.0
Libya,Libya,UtilizationTechFuel,Gas,2037,0.0
Libya,Libya,UtilizationTechFuel,Coal,2037,0.0
Libya,Libya,UtilizationTechFuel,Coal,2037,0.0
Libya,Libya,UtilizationTechFuel,Coal,2037,0.0
Libya,Libya,UtilizationTechFuel,Coal,2037,0.0
Libya,Libya,UtilizationTechFuel,Geothermal,2037,0.0
Libya,Libya,UtilizationTechFuel,Geothermal,2037,0.0
Libya,Libya,UtilizationTechFuel,Diesel,2037,0.0
Libya,Libya,UtilizationTechFuel,Diesel,2037,0.0
Libya,Libya,UtilizationTechFuel,Diesel,2037,0.0
Libya,Libya,UtilizationTechFuel,Diesel,2037,0.0
Libya,Libya,UtilizationTechFuel,Diesel,2037,0.0
Libya,Libya,UtilizationTechFuel,Diesel,2037,0.0
Libya,Libya,UtilizationTechFuel,Diesel,2037,0.0
Libya,Libya,UtilizationTechFuel,Biomass,2037,0.0
Libya,Libya,UtilizationTechFuel,Biomass,2037,0.0
Libya,Libya,UtilizationTechFuel,Biomass,2037,0.0
Libya,Libya,UtilizationTechFuel,Reservoir,2037,0.0
Libya,Libya,UtilizationTechFuel,Reservoir,2037,0.0
Libya,Libya,UtilizationTechFuel,ROR,2037,0.0
Libya,Libya,UtilizationTechFuel,CSP,2037,0.0
Libya,Libya,UtilizationTechFuel,CSP,2037,0.0
Libya,Libya,UtilizationTechFuel,Offshore Wind,2037,0.0
Libya,Libya,UtilizationTechFuel,Onshore Wind,2037,0.0
Libya,Libya,UtilizationTechFuel,Onshore Wind,2037,0.3043044402166666
Libya,Libya,UtilizationTechFuel,PV,2037,0.22426174086758
Libya,Libya,UtilizationTechFuel,PV,2037,0.0
Libya,Libya,UtilizationTechFuel,PV+Storage,2037,0.0
Libya,Libya,UtilizationTechFuel,Solar Thermal,2037,0.0
Libya,Libya,UtilizationTechFuel,Battery,2037,0.0
Libya,Libya,UtilizationTechFuel,PSH,2037,0.0
Libya,Libya,UtilizationTechFuel,PSH,2037,0.0
Libya,Libya,UtilizationTechFuel,Imports,2037,0.0
Libya,Libya,UtilizationTechFuel,Peat,2037,0.0
Libya,Libya,UtilizationTechFuel,Waste,2037,0.0
Libya,Libya,UtilizationTechFuel,Methane,2037,0.0
Libya,Libya,UtilizationTechFuel,Solar,2037,0.0
Libya,Libya,UtilizationTechFuel,Solar,2037,0.0
Libya,Libya,UtilizationTechFuel,Nuclear,2038,0.0
Libya,Libya,UtilizationTechFuel,Gas,2038,0.85
Libya,Libya,UtilizationTechFuel,Gas,2038,0.0
Libya,Libya,UtilizationTechFuel,Gas,2038,0.0
Libya,Libya,UtilizationTechFuel,Gas,2038,0.0
Libya,Libya,UtilizationTechFuel,Gas,2038,0.0
Libya,Libya,UtilizationTechFuel,Gas,2038,0.3376592169900543
Libya,Libya,UtilizationTechFuel,Gas,2038,0.0
Libya,Libya,UtilizationTechFuel,Gas,2038,0.85
Libya,Libya,UtilizationTechFuel,Gas,2038,0.0
Libya,Libya,UtilizationTechFuel,Gas,2038,0.0
Libya,Libya,UtilizationTechFuel,Gas,2038,0.0
Libya,Libya,UtilizationTechFuel,Gas,2038,0.0
Libya,Libya,UtilizationTechFuel,Gas,2038,0.0
Libya,Libya,UtilizationTechFuel,Coal,2038,0.0
Libya,Libya,UtilizationTechFuel,Coal,2038,0.0
Libya,Libya,UtilizationTechFuel,Coal,2038,0.0
Libya,Libya,UtilizationTechFuel,Coal,2038,0.0
Libya,Libya,UtilizationTechFuel,Geothermal,2038,0.0
Libya,Libya,UtilizationTechFuel,Geothermal,2038,0.0
Libya,Libya,UtilizationTechFuel,Diesel,2038,0.0
Libya,Libya,UtilizationTechFuel,Diesel,2038,0.0
Libya,Libya,UtilizationTechFuel,Diesel,2038,0.0
Libya,Libya,UtilizationTechFuel,Diesel,2038,0.0
Libya,Libya,UtilizationTechFuel,Diesel,2038,0.0
Libya,Libya,UtilizationTechFuel,Diesel,2038,0.0
Libya,Libya,UtilizationTechFuel,Diesel,2038,0.0
Libya,Libya,UtilizationTechFuel,Biomass,2038,0.0
Libya,Libya,UtilizationTechFuel,Biomass,2038,0.0
Libya,Libya,UtilizationTechFuel,Biomass,2038,0.0
Libya,Libya,UtilizationTechFuel,Reservoir,2038,0.0
Libya,Libya,UtilizationTechFuel,Reservoir,2038,0.0
Libya,Libya,UtilizationTechFuel,ROR,2038,0.0
Libya,Libya,UtilizationTechFuel,CSP,2038,0.0
Libya,Libya,UtilizationTechFuel,CSP,2038,0.0
Libya,Libya,UtilizationTechFuel,Offshore Wind,2038,0.0
Libya,Libya,UtilizationTechFuel,Onshore Wind,2038,0.0
Libya,Libya,UtilizationTechFuel,Onshore Wind,2038,0.3043044402166667
Libya,Libya,UtilizationTechFuel,PV,2038,0.2242617408675796
Libya,Libya,UtilizationTechFuel,PV,2038,0.0
Libya,Libya,UtilizationTechFuel,PV+Storage,2038,0.0
Libya,Libya,UtilizationTechFuel,Solar Thermal,2038,0.0
Libya,Libya,UtilizationTechFuel,Battery,2038,0.0
Libya,Libya,UtilizationTechFuel,PSH,2038,0.0
Libya,Libya,UtilizationTechFuel,PSH,2038,0.0
Libya,Libya,UtilizationTechFuel,Imports,2038,0.0
Libya,Libya,UtilizationTechFuel,Peat,2038,0.0
Libya,Libya,UtilizationTechFuel,Waste,2038,0.0
Libya,Libya,UtilizationTechFuel,Methane,2038,0.0
Libya,Libya,UtilizationTechFuel,Solar,2038,0.0
Libya,Libya,UtilizationTechFuel,Solar,2038,0.0
Libya,Libya,UtilizationTechFuel,Nuclear,2039,0.0
Libya,Libya,UtilizationTechFuel,Gas,2039,0.8499999999999999
Libya,Libya,UtilizationTechFuel,Gas,2039,0.0
Libya,Libya,UtilizationTechFuel,Gas,2039,0.0
Libya,Libya,UtilizationTechFuel,Gas,2039,0.0
Libya,Libya,UtilizationTechFuel,Gas,2039,0.0
Libya,Libya,UtilizationTechFuel,Gas,2039,0.3149278070271112
Libya,Libya,UtilizationTechFuel,Gas,2039,0.0
Libya,Libya,UtilizationTechFuel,Gas,2039,0.8499999999999999
Libya,Libya,UtilizationTechFuel,Gas,2039,0.0
Libya,Libya,UtilizationTechFuel,Gas,2039,0.0
Libya,Libya,UtilizationTechFuel,Gas,2039,0.0
Libya,Libya,UtilizationTechFuel,Gas,2039,0.0
Libya,Libya,UtilizationTechFuel,Gas,2039,0.0
Libya,Libya,UtilizationTechFuel,Coal,2039,0.0
Libya,Libya,UtilizationTechFuel,Coal,2039,0.0
Libya,Libya,UtilizationTechFuel,Coal,2039,0.0
Libya,Libya,UtilizationTechFuel,Coal,2039,0.0
Libya,Libya,UtilizationTechFuel,Geothermal,2039,0.0
Libya,Libya,UtilizationTechFuel,Geothermal,2039,0.0
Libya,Libya,UtilizationTechFuel,Diesel,2039,0.0
Libya,Libya,UtilizationTechFuel,Diesel,2039,0.0
Libya,Libya,UtilizationTechFuel,Diesel,2039,0.0
Libya,Libya,UtilizationTechFuel,Diesel,2039,0.0
Libya,Libya,UtilizationTechFuel,Diesel,2039,0.0
Libya,Libya,UtilizationTechFuel,Diesel,2039,0.0
Libya,Libya,UtilizationTechFuel,Diesel,2039,0.0
Libya,Libya,UtilizationTechFuel,Biomass,2039,0.0
Libya,Libya,UtilizationTechFuel,Biomass,2039,0.0
Libya,Libya,UtilizationTechFuel,Biomass,2039,0.0
Libya,Libya,UtilizationTechFuel,Reservoir,2039,0.0
Libya,Libya,UtilizationTechFuel,Reservoir,2039,0.0
Libya,Libya,UtilizationTechFuel,ROR,2039,0.0
Libya,Libya,UtilizationTechFuel,CSP,2039,0.0
Libya,Libya,UtilizationTechFuel,CSP,2039,0.0
Libya,Libya,UtilizationTechFuel,Offshore Wind,2039,0.0
Libya,Libya,UtilizationTechFuel,Onshore Wind,2039,0.0
Libya,Libya,UtilizationTechFuel,Onshore Wind,2039,0.3043044402166667
Libya,Libya,UtilizationTechFuel,PV,2039,0.2242617408675799
Libya,Libya,UtilizationTechFuel,PV,2039,0.0
Libya,Libya,UtilizationTechFuel,PV+Storage,2039,0.0
Libya,Libya,UtilizationTechFuel,Solar Thermal,2039,0.0
Libya,Libya,UtilizationTechFuel,Battery,2039,0.0
Libya,Libya,UtilizationTechFuel,PSH,2039,0.0
Libya,Libya,UtilizationTechFuel,PSH,2039,0.0
Libya,Libya,UtilizationTechFuel,Imports,2039,0.0
Libya,Libya,UtilizationTechFuel,Peat,2039,0.0
Libya,Libya,UtilizationTechFuel,Waste,2039,0.0
Libya,Libya,UtilizationTechFuel,Methane,2039,0.0
Libya,Libya,UtilizationTechFuel,Solar,2039,0.0
Libya,Libya,UtilizationTechFuel,Solar,2039,0.0
Libya,Libya,UtilizationTechFuel,Nuclear,2040,0.0
Libya,Libya,UtilizationTechFuel,Gas,2040,0.8500000000000001
Libya,Libya,UtilizationTechFuel,Gas,2040,0.0
Libya,Libya,UtilizationTechFuel,Gas,2040,0.0
Libya,Libya,UtilizationTechFuel,Gas,2040,0.0
Libya,Libya,UtilizationTechFuel,Gas,2040,0.0
Libya,Libya,UtilizationTechFuel,Gas,2040,0.2438994739165579
Libya,Libya,UtilizationTechFuel,Gas,2040,0.0
Libya,Libya,UtilizationTechFuel,Gas,2040,0.85
Libya,Libya,UtilizationTechFuel,Gas,2040,0.0
Libya,Libya,UtilizationTechFuel,Gas,2040,0.0
Libya,Libya,UtilizationTechFuel,Gas,2040,0.0
Libya,Libya,UtilizationTechFuel,Gas,2040,0.0
Libya,Libya,UtilizationTechFuel,Gas,2040,0.0
Libya,Libya,UtilizationTechFuel,Coal,2040,0.0
Libya,Libya,UtilizationTechFuel,Coal,2040,0.0
Libya,Libya,UtilizationTechFuel,Coal,2040,0.0
Libya,Libya,UtilizationTechFuel,Coal,2040,0.0
Libya,Libya,UtilizationTechFuel,Geothermal,2040,0.0
Libya,Libya,UtilizationTechFuel,Geothermal,2040,0.0
Libya,Libya,UtilizationTechFuel,Diesel,2040,0.0
Libya,Libya,UtilizationTechFuel,Diesel,2040,0.0
Libya,Libya,UtilizationTechFuel,Diesel,2040,0.0
Libya,Libya,UtilizationTechFuel,Diesel,2040,0.0
Libya,Libya,UtilizationTechFuel,Diesel,2040,0.0
Libya,Libya,UtilizationTechFuel,Diesel,2040,0.0
Libya,Libya,UtilizationTechFuel,Diesel,2040,0.0
Libya,Libya,UtilizationTechFuel,Biomass,2040,0.0
Libya,Libya,UtilizationTechFuel,Biomass,2040,0.0
Libya,Libya,UtilizationTechFuel,Biomass,2040,0.0
Libya,Libya,UtilizationTechFuel,Reservoir,2040,0.0
Libya,Libya,UtilizationTechFuel,Reservoir,2040,0.0
Libya,Libya,UtilizationTechFuel,ROR,2040,0.0
Libya,Libya,UtilizationTechFuel,CSP,2040,0.0
Libya,Libya,UtilizationTechFuel,CSP,2040,0.0
Libya,Libya,UtilizationTechFuel,Offshore Wind,2040,0.0
Libya,Libya,UtilizationTechFuel,Onshore Wind,2040,0.0
Libya,Libya,UtilizationTechFuel,Onshore Wind,2040,0.3043044402166668
Libya,Libya,UtilizationTechFuel,PV,2040,0.2242617408675799
Libya,Libya,UtilizationTechFuel,PV,2040,0.0
Libya,Libya,UtilizationTechFuel,PV+Storage,2040,0.0
Libya,Libya,UtilizationTechFuel,Solar Thermal,2040,0.0
Libya,Libya,UtilizationTechFuel,Battery,2040,0.0
Libya,Libya,UtilizationTechFuel,PSH,2040,0.0
Libya,Libya,UtilizationTechFuel,PSH,2040,0.0
Libya,Libya,UtilizationTechFuel,Imports,2040,0.0
Libya,Libya,UtilizationTechFuel,Peat,2040,0.0
Libya,Libya,UtilizationTechFuel,Waste,2040,0.0
Libya,Libya,UtilizationTechFuel,Methane,2040,0.0
Libya,Libya,UtilizationTechFuel,Solar,2040,0.0
Libya,Libya,UtilizationTechFuel,Solar,2040,0.0
Libya,Libya,UtilizationTechFuel,Nuclear,2041,0.0
Libya,Libya,UtilizationTechFuel,Gas,2041,0.8500000000000001
Libya,Libya,UtilizationTechFuel,Gas,2041,0.0
Libya,Libya,UtilizationTechFuel,Gas,2041,0.0
Libya,Libya,UtilizationTechFuel,Gas,2041,0.0
Libya,Libya,UtilizationTechFuel,Gas,2041,0.0
Libya,Libya,UtilizationTechFuel,Gas,2041,0.4006069786680714
Libya,Libya,UtilizationTechFuel,Gas,2041,0.0
Libya,Libya,UtilizationTechFuel,Gas,2041,0.85
Libya,Libya,UtilizationTechFuel,Gas,2041,0.0
Libya,Libya,UtilizationTechFuel,Gas,2041,0.0
Libya,Libya,UtilizationTechFuel,Gas,2041,0.0
Libya,Libya,UtilizationTechFuel,Gas,2041,0.0
Libya,Libya,UtilizationTechFuel,Gas,2041,0.0
Libya,Libya,UtilizationTechFuel,Coal,2041,0.0
Libya,Libya,UtilizationTechFuel,Coal,2041,0.0
Libya,Libya,UtilizationTechFuel,Coal,2041,0.0
Libya,Libya,UtilizationTechFuel,Coal,2041,0.0
Libya,Libya,UtilizationTechFuel,Geothermal,2041,0.0
Libya,Libya,UtilizationTechFuel,Geothermal,2041,0.0
Libya,Libya,UtilizationTechFuel,Diesel,2041,0.0
Libya,Libya,UtilizationTechFuel,Diesel,2041,0.0
Libya,Libya,UtilizationTechFuel,Diesel,2041,0.0
Libya,Libya,UtilizationTechFuel,Diesel,2041,0.0
Libya,Libya,UtilizationTechFuel,Diesel,2041,0.0
Libya,Libya,UtilizationTechFuel,Diesel,2041,0.0016536442019867
Libya,Libya,UtilizationTechFuel,Diesel,2041,0.0
Libya,Libya,UtilizationTechFuel,Biomass,2041,0.0
Libya,Libya,UtilizationTechFuel,Biomass,2041,0.0
Libya,Libya,UtilizationTechFuel,Biomass,2041,0.0
Libya,Libya,UtilizationTechFuel,Reservoir,2041,0.0
Libya,Libya,UtilizationTechFuel,Reservoir,2041,0.0
Libya,Libya,UtilizationTechFuel,ROR,2041,0.0
Libya,Libya,UtilizationTechFuel,CSP,2041,0.0
Libya,Libya,UtilizationTechFuel,CSP,2041,0.0
Libya,Libya,UtilizationTechFuel,Offshore Wind,2041,0.0
Libya,Libya,UtilizationTechFuel,Onshore Wind,2041,0.0
Libya,Libya,UtilizationTechFuel,Onshore Wind,2041,0.3043044402166665
Libya,Libya,UtilizationTechFuel,PV,2041,0.2242617408675799
Libya,Libya,UtilizationTechFuel,PV,2041,0.0
Libya,Libya,UtilizationTechFuel,PV+Storage,2041,0.0
Libya,Libya,UtilizationTechFuel,Solar Thermal,2041,0.0
Libya,Libya,UtilizationTechFuel,Battery,2041,0.0
Libya,Libya,UtilizationTechFuel,PSH,2041,0.0
Libya,Libya,UtilizationTechFuel,PSH,2041,0.0
Libya,Libya,UtilizationTechFuel,Imports,2041,0.0
Libya,Libya,UtilizationTechFuel,Peat,2041,0.0
Libya,Libya,UtilizationTechFuel,Waste,2041,0.0
Libya,Libya,UtilizationTechFuel,Methane,2041,0.0
Libya,Libya,UtilizationTechFuel,Solar,2041,0.0
Libya,Libya,UtilizationTechFuel,Solar,2041,0.0
Libya,Libya,UtilizationTechFuel,Nuclear,2042,0.0
Libya,Libya,UtilizationTechFuel,Gas,2042,0.8499999999999999
Libya,Libya,UtilizationTechFuel,Gas,2042,0.0
Libya,Libya,UtilizationTechFuel,Gas,2042,0.0
Libya,Libya,UtilizationTechFuel,Gas,2042,0.0
Libya,Libya,UtilizationTechFuel,Gas,2042,0.0
Libya,Libya,UtilizationTechFuel,Gas,2042,0.3285051646321936
Libya,Libya,UtilizationTechFuel,Gas,2042,0.0
Libya,Libya,UtilizationTechFuel,Gas,2042,0.8401008337535476
Libya,Libya,UtilizationTechFuel,Gas,2042,0.0
Libya,Libya,UtilizationTechFuel,Gas,2042,0.0
Libya,Libya,UtilizationTechFuel,Gas,2042,0.0
Libya,Libya,UtilizationTechFuel,Gas,2042,0.0
Libya,Libya,UtilizationTechFuel,Gas,2042,0.0
Libya,Libya,UtilizationTechFuel,Coal,2042,0.0
Libya,Libya,UtilizationTechFuel,Coal,2042,0.0
Libya,Libya,UtilizationTechFuel,Coal,2042,0.0
Libya,Libya,UtilizationTechFuel,Coal,2042,0.0
Libya,Libya,UtilizationTechFuel,Geothermal,2042,0.0
Libya,Libya,UtilizationTechFuel,Geothermal,2042,0.0
Libya,Libya,UtilizationTechFuel,Diesel,2042,0.0
Libya,Libya,UtilizationTechFuel,Diesel,2042,0.0
Libya,Libya,UtilizationTechFuel,Diesel,2042,0.0
Libya,Libya,UtilizationTechFuel,Diesel,2042,0.0
Libya,Libya,UtilizationTechFuel,Diesel,2042,0.0
Libya,Libya,UtilizationTechFuel,Diesel,2042,0.0
Libya,Libya,UtilizationTechFuel,Diesel,2042,0.0
Libya,Libya,UtilizationTechFuel,Biomass,2042,0.0
Libya,Libya,UtilizationTechFuel,Biomass,2042,0.0
Libya,Libya,UtilizationTechFuel,Biomass,2042,0.0
Libya,Libya,UtilizationTechFuel,Reservoir,2042,0.0
Libya,Libya,UtilizationTechFuel,Reservoir,2042,0.0
Libya,Libya,UtilizationTechFuel,ROR,2042,0.0
Libya,Libya,UtilizationTechFuel,CSP,2042,0.0
Libya,Libya,UtilizationTechFuel,CSP,2042,0.0
Libya,Libya,UtilizationTechFuel,Offshore Wind,2042,0.0
Libya,Libya,UtilizationTechFuel,Onshore Wind,2042,0.0
Libya,Libya,UtilizationTechFuel,Onshore Wind,2042,0.3043044402166666
Libya,Libya,UtilizationTechFuel,PV,2042,0.2242617408675797
Libya,Libya,UtilizationTechFuel,PV,2042,0.0
Libya,Libya,UtilizationTechFuel,PV+Storage,2042,0.0
Libya,Libya,UtilizationTechFuel,Solar Thermal,2042,0.0
Libya,Libya,UtilizationTechFuel,Battery,2042,0.0
Libya,Libya,UtilizationTechFuel,PSH,2042,0.0
Libya,Libya,UtilizationTechFuel,PSH,2042,0.0
Libya,Libya,UtilizationTechFuel,Imports,2042,0.0
Libya,Libya,UtilizationTechFuel,Peat,2042,0.0
Libya,Libya,UtilizationTechFuel,Waste,2042,0.0
Libya,Libya,UtilizationTechFuel,Methane,2042,0.0
Libya,Libya,UtilizationTechFuel,Solar,2042,0.0
Libya,Libya,UtilizationTechFuel,Solar,2042,0.0
Libya,Libya,UtilizationTechFuel,Nuclear,2043,0.0
Libya,Libya,UtilizationTechFuel,Gas,2043,0.8495993331991244
Libya,Libya,UtilizationTechFuel,Gas,2043,0.0
Libya,Libya,UtilizationTechFuel,Gas,2043,0.0
Libya,Libya,UtilizationTechFuel,Gas,2043,0.0
Libya,Libya,UtilizationTechFuel,Gas,2043,0.0
Libya,Libya,UtilizationTechFuel,Gas,2043,0.3072543887647615
Libya,Libya,UtilizationTechFuel,Gas,2043,0.0
Libya,Libya,UtilizationTechFuel,Gas,2043,0.8083290289926254
Libya,Libya,UtilizationTechFuel,Gas,2043,0.0
Libya,Libya,UtilizationTechFuel,Gas,2043,0.0
Libya,Libya,UtilizationTechFuel,Gas,2043,0.0
Libya,Libya,UtilizationTechFuel,Gas,2043,0.0
Libya,Libya,UtilizationTechFuel,Gas,2043,0.0
Libya,Libya,UtilizationTechFuel,Coal,2043,0.0
Libya,Libya,UtilizationTechFuel,Coal,2043,0.0
Libya,Libya,UtilizationTechFuel,Coal,2043,0.0
Libya,Libya,UtilizationTechFuel,Coal,2043,0.0
Libya,Libya,UtilizationTechFuel,Geothermal,2043,0.0
Libya,Libya,UtilizationTechFuel,Geothermal,2043,0.0
Libya,Libya,UtilizationTechFuel,Diesel,2043,0.0
Libya,Libya,UtilizationTechFuel,Diesel,2043,0.0
Libya,Libya,UtilizationTechFuel,Diesel,2043,0.0
Libya,Libya,UtilizationTechFuel,Diesel,2043,0.0
Libya,Libya,UtilizationTechFuel,Diesel,2043,0.0
Libya,Libya,UtilizationTechFuel,Diesel,2043,0.0
Libya,Libya,UtilizationTechFuel,Diesel,2043,0.0
Libya,Libya,UtilizationTechFuel,Biomass,2043,0.0
Libya,Libya,UtilizationTechFuel,Biomass,2043,0.0
Libya,Libya,UtilizationTechFuel,Biomass,2043,0.0
Libya,Libya,UtilizationTechFuel,Reservoir,2043,0.0
Libya,Libya,UtilizationTechFuel,Reservoir,2043,0.0
Libya,Libya,UtilizationTechFuel,ROR,2043,0.0
Libya,Libya,UtilizationTechFuel,CSP,2043,0.0
Libya,Libya,UtilizationTechFuel,CSP,2043,0.0
Libya,Libya,UtilizationTechFuel,Offshore Wind,2043,0.0
Libya,Libya,UtilizationTechFuel,Onshore Wind,2043,0.0
Libya,Libya,UtilizationTechFuel,Onshore Wind,2043,0.3043044402166667
Libya,Libya,UtilizationTechFuel,PV,2043,0.22426174086758
Libya,Libya,UtilizationTechFuel,PV,2043,0.0
Libya,Libya,UtilizationTechFuel,PV+Storage,2043,0.0
Libya,Libya,UtilizationTechFuel,Solar Thermal,2043,0.0
Libya,Libya,UtilizationTechFuel,Battery,2043,0.0
Libya,Libya,UtilizationTechFuel,PSH,2043,0.0
Libya,Libya,UtilizationTechFuel,PSH,2043,0.0
Libya,Libya,UtilizationTechFuel,Imports,2043,0.0
Libya,Libya,UtilizationTechFuel,Peat,2043,0.0
Libya,Libya,UtilizationTechFuel,Waste,2043,0.0
Libya,Libya,UtilizationTechFuel,Methane,2043,0.0
Libya,Libya,UtilizationTechFuel,Solar,2043,0.0
Libya,Libya,UtilizationTechFuel,Solar,2043,0.0
Libya,Libya,UtilizationTechFuel,Nuclear,2044,0.0
Libya,Libya,UtilizationTechFuel,Gas,2044,0.8398182996508538
Libya,Libya,UtilizationTechFuel,Gas,2044,0.0
Libya,Libya,UtilizationTechFuel,Gas,2044,0.0
Libya,Libya,UtilizationTechFuel,Gas,2044,0.0
Libya,Libya,UtilizationTechFuel,Gas,2044,0.0
Libya,Libya,UtilizationTechFuel,Gas,2044,0.2517750398061173
Libya,Libya,UtilizationTechFuel,Gas,2044,0.0
Libya,Libya,UtilizationTechFuel,Gas,2044,0.7341087775515893
Libya,Libya,UtilizationTechFuel,Gas,2044,0.0
Libya,Libya,UtilizationTechFuel,Gas,2044,0.0
Libya,Libya,UtilizationTechFuel,Gas,2044,0.0
Libya,Libya,UtilizationTechFuel,Gas,2044,0.0
Libya,Libya,UtilizationTechFuel,Gas,2044,0.0
Libya,Libya,UtilizationTechFuel,Coal,2044,0.0
Libya,Libya,UtilizationTechFuel,Coal,2044,0.0
Libya,Libya,UtilizationTechFuel,Coal,2044,0.0
Libya,Libya,UtilizationTechFuel,Coal,2044,0.0
Libya,Libya,UtilizationTechFuel,Geothermal,2044,0.0
Libya,Libya,UtilizationTechFuel,Geothermal,2044,0.0
Libya,Libya,UtilizationTechFuel,Diesel,2044,0.0
Libya,Libya,UtilizationTechFuel,Diesel,2044,0.0
Libya,Libya,UtilizationTechFuel,Diesel,2044,0.0
Libya,Libya,UtilizationTechFuel,Diesel,2044,0.0
Libya,Libya,UtilizationTechFuel,Diesel,2044,0.0
Libya,Libya,UtilizationTechFuel,Diesel,2044,0.0
Libya,Libya,UtilizationTechFuel,Diesel,2044,0.0
Libya,Libya,UtilizationTechFuel,Biomass,2044,0.0
Libya,Libya,UtilizationTechFuel,Biomass,2044,0.0
Libya,Libya,UtilizationTechFuel,Biomass,2044,0.0
Libya,Libya,UtilizationTechFuel,Reservoir,2044,0.0
Libya,Libya,UtilizationTechFuel,Reservoir,2044,0.0
Libya,Libya,UtilizationTechFuel,ROR,2044,0.0
Libya,Libya,UtilizationTechFuel,CSP,2044,0.0
Libya,Libya,UtilizationTechFuel,CSP,2044,0.0
Libya,Libya,UtilizationTechFuel,Offshore Wind,2044,0.0
Libya,Libya,UtilizationTechFuel,Onshore Wind,2044,0.0
Libya,Libya,UtilizationTechFuel,Onshore Wind,2044,0.3043044402166666
Libya,Libya,UtilizationTechFuel,PV,2044,0.22426174086758
Libya,Libya,UtilizationTechFuel,PV,2044,0.0
Libya,Libya,UtilizationTechFuel,PV+Storage,2044,0.0
Libya,Libya,UtilizationTechFuel,Solar Thermal,2044,0.0
Libya,Libya,UtilizationTechFuel,Battery,2044,0.0
Libya,Libya,UtilizationTechFuel,PSH,2044,0.0
Libya,Libya,UtilizationTechFuel,PSH,2044,0.0
Libya,Libya,UtilizationTechFuel,Imports,2044,0.0
Libya,Libya,UtilizationTechFuel,Peat,2044,0.0
Libya,Libya,UtilizationTechFuel,Waste,2044,0.0
Libya,Libya,UtilizationTechFuel,Methane,2044,0.0
Libya,Libya,UtilizationTechFuel,Solar,2044,0.0
Libya,Libya,UtilizationTechFuel,Solar,2044,0.0
Libya,Libya,UtilizationTechFuel,Nuclear,2045,0.0
Libya,Libya,UtilizationTechFuel,Gas,2045,0.8193394058695416
Libya,Libya,UtilizationTechFuel,Gas,2045,0.0
Libya,Libya,UtilizationTechFuel,Gas,2045,0.0
Libya,Libya,UtilizationTechFuel,Gas,2045,0.0
Libya,Libya,UtilizationTechFuel,Gas,2045,0.0
Libya,Libya,UtilizationTechFuel,Gas,2045,0.2500027110960758
Libya,Libya,UtilizationTechFuel,Gas,2045,0.0
Libya,Libya,UtilizationTechFuel,Gas,2045,0.7160544449275174
Libya,Libya,UtilizationTechFuel,Gas,2045,0.0
Libya,Libya,UtilizationTechFuel,Gas,2045,0.0
Libya,Libya,UtilizationTechFuel,Gas,2045,0.0
Libya,Libya,UtilizationTechFuel,Gas,2045,0.0
Libya,Libya,UtilizationTechFuel,Gas,2045,0.0
Libya,Libya,UtilizationTechFuel,Coal,2045,0.0
Libya,Libya,UtilizationTechFuel,Coal,2045,0.0
Libya,Libya,UtilizationTechFuel,Coal,2045,0.0
Libya,Libya,UtilizationTechFuel,Coal,2045,0.0
Libya,Libya,UtilizationTechFuel,Geothermal,2045,0.0
Libya,Libya,UtilizationTechFuel,Geothermal,2045,0.0
Libya,Libya,UtilizationTechFuel,Diesel,2045,0.0
Libya,Libya,UtilizationTechFuel,Diesel,2045,0.0
Libya,Libya,UtilizationTechFuel,Diesel,2045,0.0
Libya,Libya,UtilizationTechFuel,Diesel,2045,0.0
Libya,Libya,UtilizationTechFuel,Diesel,2045,0.0
Libya,Libya,UtilizationTechFuel,Diesel,2045,0.0
Libya,Libya,UtilizationTechFuel,Diesel,2045,0.0
Libya,Libya,UtilizationTechFuel,Biomass,2045,0.0
Libya,Libya,UtilizationTechFuel,Biomass,2045,0.0
Libya,Libya,UtilizationTechFuel,Biomass,2045,0.0
Libya,Libya,UtilizationTechFuel,Reservoir,2045,0.0
Libya,Libya,UtilizationTechFuel,Reservoir,2045,0.0
Libya,Libya,UtilizationTechFuel,ROR,2045,0.0
Libya,Libya,UtilizationTechFuel,CSP,2045,0.0
Libya,Libya,UtilizationTechFuel,CSP,2045,0.0
Libya,Libya,UtilizationTechFuel,Offshore Wind,2045,0.0
Libya,Libya,UtilizationTechFuel,Onshore Wind,2045,0.0
Libya,Libya,UtilizationTechFuel,Onshore Wind,2045,0.3043044402166668
Libya,Libya,UtilizationTechFuel,PV,2045,0.2242617408675799
Libya,Libya,UtilizationTechFuel,PV,2045,0.0
Libya,Libya,UtilizationTechFuel,PV+Storage,2045,0.0
Libya,Libya,UtilizationTechFuel,Solar Thermal,2045,0.0
Libya,Libya,UtilizationTechFuel,Battery,2045,0.0
Libya,Libya,UtilizationTechFuel,PSH,2045,0.0
Libya,Libya,UtilizationTechFuel,PSH,2045,0.0
Libya,Libya,UtilizationTechFuel,Imports,2045,0.0
Libya,Libya,UtilizationTechFuel,Peat,2045,0.0
Libya,Libya,UtilizationTechFuel,Waste,2045,0.0
Libya,Libya,UtilizationTechFuel,Methane,2045,0.0
Libya,Libya,UtilizationTechFuel,Solar,2045,0.0
Libya,Libya,UtilizationTechFuel,Solar,2045,0.0
Libya,Libya,UtilizationTechFuel,Nuclear,2046,0.0
Libya,Libya,UtilizationTechFuel,Gas,2046,0.7910727849758782
Libya,Libya,UtilizationTechFuel,Gas,2046,0.0
Libya,Libya,UtilizationTechFuel,Gas,2046,0.0
Libya,Libya,UtilizationTechFuel,Gas,2046,0.0
Libya,Libya,UtilizationTechFuel,Gas,2046,0.0
Libya,Libya,UtilizationTechFuel,Gas,2046,0.178690705834818
Libya,Libya,UtilizationTechFuel,Gas,2046,0.0
Libya,Libya,UtilizationTechFuel,Gas,2046,0.6585734417594505
Libya,Libya,UtilizationTechFuel,Gas,2046,0.0
Libya,Libya,UtilizationTechFuel,Gas,2046,0.0
Libya,Libya,UtilizationTechFuel,Gas,2046,0.0
Libya,Libya,UtilizationTechFuel,Gas,2046,0.0
Libya,Libya,UtilizationTechFuel,Gas,2046,0.0
Libya,Libya,UtilizationTechFuel,Coal,2046,0.0
Libya,Libya,UtilizationTechFuel,Coal,2046,0.0
Libya,Libya,UtilizationTechFuel,Coal,2046,0.0
Libya,Libya,UtilizationTechFuel,Coal,2046,0.0
Libya,Libya,UtilizationTechFuel,Geothermal,2046,0.0
Libya,Libya,UtilizationTechFuel,Geothermal,2046,0.0
Libya,Libya,UtilizationTechFuel,Diesel,2046,0.0
Libya,Libya,UtilizationTechFuel,Diesel,2046,0.0
Libya,Libya,UtilizationTechFuel,Diesel,2046,0.0
Libya,Libya,UtilizationTechFuel,Diesel,2046,0.0
Libya,Libya,UtilizationTechFuel,Diesel,2046,0.0
Libya,Libya,UtilizationTechFuel,Diesel,2046,0.0
Libya,Libya,UtilizationTechFuel,Diesel,2046,0.0
Libya,Libya,UtilizationTechFuel,Biomass,2046,0.0
Libya,Libya,UtilizationTechFuel,Biomass,2046,0.0
Libya,Libya,UtilizationTechFuel,Biomass,2046,0.0
Libya,Libya,UtilizationTechFuel,Reservoir,2046,0.0
Libya,Libya,UtilizationTechFuel,Reservoir,2046,0.0
Libya,Libya,UtilizationTechFuel,ROR,2046,0.0
Libya,Libya,UtilizationTechFuel,CSP,2046,0.0
Libya,Libya,UtilizationTechFuel,CSP,2046,0.0
Libya,Libya,UtilizationTechFuel,Offshore Wind,2046,0.0
Libya,Libya,UtilizationTechFuel,Onshore Wind,2046,0.0
Libya,Libya,UtilizationTechFuel,Onshore Wind,2046,0.3039649008510303
Libya,Libya,UtilizationTechFuel,PV,2046,0.22426174086758
Libya,Libya,UtilizationTechFuel,PV,2046,0.0
Libya,Libya,UtilizationTechFuel,PV+Storage,2046,0.0
Libya,Libya,UtilizationTechFuel,Solar Thermal,2046,0.0
Libya,Libya,UtilizationTechFuel,Battery,2046,0.1396595212675967
Libya,Libya,UtilizationTechFuel,PSH,2046,0.0
Libya,Libya,UtilizationTechFuel,PSH,2046,0.0
Libya,Libya,UtilizationTechFuel,Imports,2046,0.0
Libya,Libya,UtilizationTechFuel,Peat,2046,0.0
Libya,Libya,UtilizationTechFuel,Waste,2046,0.0
Libya,Libya,UtilizationTechFuel,Methane,2046,0.0
Libya,Libya,UtilizationTechFuel,Solar,2046,0.0
Libya,Libya,UtilizationTechFuel,Solar,2046,0.0
Libya,Libya,UtilizationTechFuel,Nuclear,2047,0.0
Libya,Libya,UtilizationTechFuel,Gas,2047,0.7856604040035371
Libya,Libya,UtilizationTechFuel,Gas,2047,0.0
Libya,Libya,UtilizationTechFuel,Gas,2047,0.0
Libya,Libya,UtilizationTechFuel,Gas,2047,0.0
Libya,Libya,UtilizationTechFuel,Gas,2047,0.0
Libya,Libya,UtilizationTechFuel,Gas,2047,0.1627143145495758
Libya,Libya,UtilizationTechFuel,Gas,2047,0.0
Libya,Libya,UtilizationTechFuel,Gas,2047,0.6532922071578139
Libya,Libya,UtilizationTechFuel,Gas,2047,0.0
Libya,Libya,UtilizationTechFuel,Gas,2047,0.0
Libya,Libya,UtilizationTechFuel,Gas,2047,0.0
Libya,Libya,UtilizationTechFuel,Gas,2047,0.0
Libya,Libya,UtilizationTechFuel,Gas,2047,0.0
Libya,Libya,UtilizationTechFuel,Coal,2047,0.0
Libya,Libya,UtilizationTechFuel,Coal,2047,0.0
Libya,Libya,UtilizationTechFuel,Coal,2047,0.0
Libya,Libya,UtilizationTechFuel,Coal,2047,0.0
Libya,Libya,UtilizationTechFuel,Geothermal,2047,0.0
Libya,Libya,UtilizationTechFuel,Geothermal,2047,0.0
Libya,Libya,UtilizationTechFuel,Diesel,2047,0.0
Libya,Libya,UtilizationTechFuel,Diesel,2047,0.0
Libya,Libya,UtilizationTechFuel,Diesel,2047,0.0
Libya,Libya,UtilizationTechFuel,Diesel,2047,0.0
Libya,Libya,UtilizationTechFuel,Diesel,2047,0.0
Libya,Libya,UtilizationTechFuel,Diesel,2047,0.0
Libya,Libya,UtilizationTechFuel,Diesel,2047,0.0
Libya,Libya,UtilizationTechFuel,Biomass,2047,0.0
Libya,Libya,UtilizationTechFuel,Biomass,2047,0.0
Libya,Libya,UtilizationTechFuel,Biomass,2047,0.0
Libya,Libya,UtilizationTechFuel,Reservoir,2047,0.0
Libya,Libya,UtilizationTechFuel,Reservoir,2047,0.0
Libya,Libya,UtilizationTechFuel,ROR,2047,0.0
Libya,Libya,UtilizationTechFuel,CSP,2047,0.0
Libya,Libya,UtilizationTechFuel,CSP,2047,0.0
Libya,Libya,UtilizationTechFuel,Offshore Wind,2047,0.0
Libya,Libya,UtilizationTechFuel,Onshore Wind,2047,0.0
Libya,Libya,UtilizationTechFuel,Onshore Wind,2047,0.3041488323486567
Libya,Libya,UtilizationTechFuel,PV,2047,0.2242617408675796
Libya,Libya,UtilizationTechFuel,PV,2047,0.0
Libya,Libya,UtilizationTechFuel,PV+Storage,2047,0.0
Libya,Libya,UtilizationTechFuel,Solar Thermal,2047,0.0
Libya,Libya,UtilizationTechFuel,Battery,2047,0.1534614185521673
Libya,Libya,UtilizationTechFuel,PSH,2047,0.0
Libya,Libya,UtilizationTechFuel,PSH,2047,0.0
Libya,Libya,UtilizationTechFuel,Imports,2047,0.0
Libya,Libya,UtilizationTechFuel,Peat,2047,0.0
Libya,Libya,UtilizationTechFuel,Waste,2047,0.0
Libya,Libya,UtilizationTechFuel,Methane,2047,0.0
Libya,Libya,UtilizationTechFuel,Solar,2047,0.0
Libya,Libya,UtilizationTechFuel,Solar,2047,0.0
Libya,Libya,UtilizationTechFuel,Nuclear,2048,0.0
Libya,Libya,UtilizationTechFuel,Gas,2048,0.7537927006493962
Libya,Libya,UtilizationTechFuel,Gas,2048,0.0
Libya,Libya,UtilizationTechFuel,Gas,2048,0.0
Libya,Libya,UtilizationTechFuel,Gas,2048,0.0
Libya,Libya,UtilizationTechFuel,Gas,2048,0.0
Libya,Libya,UtilizationTechFuel,Gas,2048,0.0941233865588151
Libya,Libya,UtilizationTechFuel,Gas,2048,0.0
Libya,Libya,UtilizationTechFuel,Gas,2048,0.6249615963378881
Libya,Libya,UtilizationTechFuel,Gas,2048,0.0
Libya,Libya,UtilizationTechFuel,Gas,2048,0.0
Libya,Libya,UtilizationTechFuel,Gas,2048,0.0
Libya,Libya,UtilizationTechFuel,Gas,2048,0.0
Libya,Libya,UtilizationTechFuel,Gas,2048,0.0
Libya,Libya,UtilizationTechFuel,Coal,2048,0.0
Libya,Libya,UtilizationTechFuel,Coal,2048,0.0
Libya,Libya,UtilizationTechFuel,Coal,2048,0.0
Libya,Libya,UtilizationTechFuel,Coal,2048,0.0
Libya,Libya,UtilizationTechFuel,Geothermal,2048,0.0
Libya,Libya,UtilizationTechFuel,Geothermal,2048,0.0
Libya,Libya,UtilizationTechFuel,Diesel,2048,0.0
Libya,Libya,UtilizationTechFuel,Diesel,2048,0.0
Libya,Libya,UtilizationTechFuel,Diesel,2048,0.0
Libya,Libya,UtilizationTechFuel,Diesel,2048,0.0
Libya,Libya,UtilizationTechFuel,Diesel,2048,0.0
Libya,Libya,UtilizationTechFuel,Diesel,2048,0.0
Libya,Libya,UtilizationTechFuel,Diesel,2048,0.0
Libya,Libya,UtilizationTechFuel,Biomass,2048,0.0
Libya,Libya,UtilizationTechFuel,Biomass,2048,0.0
Libya,Libya,UtilizationTechFuel,Biomass,2048,0.0
Libya,Libya,UtilizationTechFuel,Reservoir,2048,0.0
Libya,Libya,UtilizationTechFuel,Reservoir,2048,0.0
Libya,Libya,UtilizationTechFuel,ROR,2048,0.0
Libya,Libya,UtilizationTechFuel,CSP,2048,0.0
Libya,Libya,UtilizationTechFuel,CSP,2048,0.0
Libya,Libya,UtilizationTechFuel,Offshore Wind,2048,0.0
Libya,Libya,UtilizationTechFuel,Onshore Wind,2048,0.0
Libya,Libya,UtilizationTechFuel,Onshore Wind,2048,0.3031425946807535
Libya,Libya,UtilizationTechFuel,PV,2048,0.22426174086758
Libya,Libya,UtilizationTechFuel,PV,2048,0.0
Libya,Libya,UtilizationTechFuel,PV+Storage,2048,0.0
Libya,Libya,UtilizationTechFuel,Solar Thermal,2048,0.0
Libya,Libya,UtilizationTechFuel,Battery,2048,0.1542305975272257
Libya,Libya,UtilizationTechFuel,PSH,2048,0.0
Libya,Libya,UtilizationTechFuel,PSH,2048,0.0
Libya,Libya,UtilizationTechFuel,Imports,2048,0.0
Libya,Libya,UtilizationTechFuel,Peat,2048,0.0
Libya,Libya,UtilizationTechFuel,Waste,2048,0.0
Libya,Libya,UtilizationTechFuel,Methane,2048,0.0
Libya,Libya,UtilizationTechFuel,Solar,2048,0.0
Libya,Libya,UtilizationTechFuel,Solar,2048,0.0
Libya,Libya,UtilizationTechFuel,Nuclear,2049,0.0
Libya,Libya,UtilizationTechFuel,Gas,2049,0.7341417227715531
Libya,Libya,UtilizationTechFuel,Gas,2049,0.0
Libya,Libya,UtilizationTechFuel,Gas,2049,0.0
Libya,Libya,UtilizationTechFuel,Gas,2049,0.0
Libya,Libya,UtilizationTechFuel,Gas,2049,0.0
Libya,Libya,UtilizationTechFuel,Gas,2049,0.0774858322156903
Libya,Libya,UtilizationTechFuel,Gas,2049,0.0
Libya,Libya,UtilizationTechFuel,Gas,2049,0.5782047659645763
Libya,Libya,UtilizationTechFuel,Gas,2049,0.0
Libya,Libya,UtilizationTechFuel,Gas,2049,0.0
Libya,Libya,UtilizationTechFuel,Gas,2049,0.0
Libya,Libya,UtilizationTechFuel,Gas,2049,0.0
Libya,Libya,UtilizationTechFuel,Gas,2049,0.0
Libya,Libya,UtilizationTechFuel,Coal,2049,0.0
Libya,Libya,UtilizationTechFuel,Coal,2049,0.0
Libya,Libya,UtilizationTechFuel,Coal,2049,0.0
Libya,Libya,UtilizationTechFuel,Coal,2049,0.0
Libya,Libya,UtilizationTechFuel,Geothermal,2049,0.0
Libya,Libya,UtilizationTechFuel,Geothermal,2049,0.0
Libya,Libya,UtilizationTechFuel,Diesel,2049,0.0
Libya,Libya,UtilizationTechFuel,Diesel,2049,0.0
Libya,Libya,UtilizationTechFuel,Diesel,2049,0.0
Libya,Libya,UtilizationTechFuel,Diesel,2049,0.0
Libya,Libya,UtilizationTechFuel,Diesel,2049,0.0
Libya,Libya,UtilizationTechFuel,Diesel,2049,0.0
Libya,Libya,UtilizationTechFuel,Diesel,2049,0.0
Libya,Libya,UtilizationTechFuel,Biomass,2049,0.0
Libya,Libya,UtilizationTechFuel,Biomass,2049,0.0
Libya,Libya,UtilizationTechFuel,Biomass,2049,0.0
Libya,Libya,UtilizationTechFuel,Reservoir,2049,0.0
Libya,Libya,UtilizationTechFuel,Reservoir,2049,0.0
Libya,Libya,UtilizationTechFuel,ROR,2049,0.0
Libya,Libya,UtilizationTechFuel,CSP,2049,0.0
Libya,Libya,UtilizationTechFuel,CSP,2049,0.0
Libya,Libya,UtilizationTechFuel,Offshore Wind,2049,0.0
Libya,Libya,UtilizationTechFuel,Onshore Wind,2049,0.0
Libya,Libya,UtilizationTechFuel,Onshore Wind,2049,0.2987536903863184
Libya,Libya,UtilizationTechFuel,PV,2049,0.2242617408675797
Libya,Libya,UtilizationTechFuel,PV,2049,0.0
Libya,Libya,UtilizationTechFuel,PV+Storage,2049,0.0
Libya,Libya,UtilizationTechFuel,Solar Thermal,2049,0.0
Libya,Libya,UtilizationTechFuel,Battery,2049,0.1549532814999553
Libya,Libya,UtilizationTechFuel,PSH,2049,0.0
Libya,Libya,UtilizationTechFuel,PSH,2049,0.0
Libya,Libya,UtilizationTechFuel,Imports,2049,0.0
Libya,Libya,UtilizationTechFuel,Peat,2049,0.0
Libya,Libya,UtilizationTechFuel,Waste,2049,0.0
Libya,Libya,UtilizationTechFuel,Methane,2049,0.0
Libya,Libya,UtilizationTechFuel,Solar,2049,0.0
Libya,Libya,UtilizationTechFuel,Solar,2049,0.0
Libya,Libya,UtilizationTechFuel,Nuclear,2050,0.0
Libya,Libya,UtilizationTechFuel,Gas,2050,0.7104967344855982
Libya,Libya,UtilizationTechFuel,Gas,2050,0.0
Libya,Libya,UtilizationTechFuel,Gas,2050,0.0
Libya,Libya,UtilizationTechFuel,Gas,2050,0.0
Libya,Libya,UtilizationTechFuel,Gas,2050,0.0
Libya,Libya,UtilizationTechFuel,Gas,2050,0.043273701608732
Libya,Libya,UtilizationTechFuel,Gas,2050,0.0
Libya,Libya,UtilizationTechFuel,Gas,2050,0.3984330632402389
Libya,Libya,UtilizationTechFuel,Gas,2050,0.0
Libya,Libya,UtilizationTechFuel,Gas,2050,0.0
Libya,Libya,UtilizationTechFuel,Gas,2050,0.0
Libya,Libya,UtilizationTechFuel,Gas,2050,0.0
Libya,Libya,UtilizationTechFuel,Gas,2050,0.0
Libya,Libya,UtilizationTechFuel,Coal,2050,0.0
Libya,Libya,UtilizationTechFuel,Coal,2050,0.0
Libya,Libya,UtilizationTechFuel,Coal,2050,0.0
Libya,Libya,UtilizationTechFuel,Coal,2050,0.0
Libya,Libya,UtilizationTechFuel,Geothermal,2050,0.0
Libya,Libya,UtilizationTechFuel,Geothermal,2050,0.0
Libya,Libya,UtilizationTechFuel,Diesel,2050,0.0
Libya,Libya,UtilizationTechFuel,Diesel,2050,0.0
Libya,Libya,UtilizationTechFuel,Diesel,2050,0.0
Libya,Libya,UtilizationTechFuel,Diesel,2050,0.0
Libya,Libya,UtilizationTechFuel,Diesel,2050,0.0
Libya,Libya,UtilizationTechFuel,Diesel,2050,0.0
Libya,Libya,UtilizationTechFuel,Diesel,2050,0.0
Libya,Libya,UtilizationTechFuel,Biomass,2050,0.0
Libya,Libya,UtilizationTechFuel,Biomass,2050,0.0
Libya,Libya,UtilizationTechFuel,Biomass,2050,0.0
Libya,Libya,UtilizationTechFuel,Reservoir,2050,0.0
Libya,Libya,UtilizationTechFuel,Reservoir,2050,0.0
Libya,Libya,UtilizationTechFuel,ROR,2050,0.0
Libya,Libya,UtilizationTechFuel,CSP,2050,0.0
Libya,Libya,UtilizationTechFuel,CSP,2050,0.0
Libya,Libya,UtilizationTechFuel,Offshore Wind,2050,0.0
Libya,Libya,UtilizationTechFuel,Onshore Wind,2050,0.0
Libya,Libya,UtilizationTechFuel,Onshore Wind,2050,0.2949249899891695
Libya,Libya,UtilizationTechFuel,PV,2050,0.2242617408675798
Libya,Libya,UtilizationTechFuel,PV,2050,0.0
Libya,Libya,UtilizationTechFuel,PV+Storage,2050,0.0
Libya,Libya,UtilizationTechFuel,Solar Thermal,2050,0.0
Libya,Libya,UtilizationTechFuel,Battery,2050,0.1608227477619705
Libya,Libya,UtilizationTechFuel,PSH,2050,0.0
Libya,Libya,UtilizationTechFuel,PSH,2050,0.0
Libya,Libya,UtilizationTechFuel,Imports,2050,0.0
Libya,Libya,UtilizationTechFuel,Peat,2050,0.0
Libya,Libya,UtilizationTechFuel,Waste,2050,0.0
Libya,Libya,UtilizationTechFuel,Methane,2050,0.0
Libya,Libya,UtilizationTechFuel,Solar,2050,0.0
Libya,Libya,UtilizationTechFuel,Solar,2050,0.0
Libya,Libya,CapexInvestmentComponent,,2028,1247931429.024
Libya,Libya,CapexInvestmentComponent,,2029,676882857.316
Libya,Libya,CapexInvestmentComponent,,2030,665131428.456
Libya,Libya,CapexInvestmentComponent,,2031,1161481428.456
Libya,Libya,CapexInvestmentComponent,,2032,1413580000.0
Libya,Libya,CapexInvestmentComponent,,2033,1399030000.0
Libya,Libya,CapexInvestmentComponent,,2034,1384480000.0
Libya,Libya,CapexInvestmentComponent,,2035,1643207143.064
Libya,Libya,CapexInvestmentComponent,,2036,1627207143.064
Libya,Libya,CapexInvestmentComponent,,2037,1604657143.064
Libya,Libya,CapexInvestmentComponent,,2038,1581639285.7339995
Libya,Libya,CapexInvestmentComponent,,2039,1552834285.404
Libya,Libya,CapexInvestmentComponent,,2040,1530284285.404
Libya,Libya,CapexInvestmentComponent,,2041,1509761203.175
Libya,Libya,CapexInvestmentComponent,,2042,1489684491.859
Libya,Libya,CapexInvestmentComponent,,2043,1470042536.334
Libya,Libya,CapexInvestmentComponent,,2044,1450824242.367
Libya,Libya,CapexInvestmentComponent,,2045,1431441861.4369998
Libya,Libya,CapexInvestmentComponent,,2046,1485350877.638656
Libya,Libya,CapexInvestmentComponent,,2047,1965101098.213
Libya,Libya,CapexInvestmentComponent,,2048,1550307700.3161764
Libya,Libya,CapexInvestmentComponent,,2049,1104020283.086
Libya,Libya,CapexInvestmentComponent,,2050,1242801845.6268642
Libya,Libya,CapexInvestmentComponentCumulated,,2028,1247931429.024
Libya,Libya,CapexInvestmentComponentCumulated,,2029,1924814286.34
Libya,Libya,CapexInvestmentComponentCumulated,,2030,2589945714.796
Libya,Libya,CapexInvestmentComponentCumulated,,2031,3751427143.252
Libya,Libya,CapexInvestmentComponentCumulated,,2032,5165007143.252
Libya,Libya,CapexInvestmentComponentCumulated,,2033,6564037143.252
Libya,Libya,CapexInvestmentComponentCumulated,,2034,7948517143.252
Libya,Libya,CapexInvestmentComponentCumulated,,2035,9591724286.316
Libya,Libya,CapexInvestmentComponentCumulated,,2036,11218931429.38
Libya,Libya,CapexInvestmentComponentCumulated,,2037,12823588572.444
Libya,Libya,CapexInvestmentComponentCumulated,,2038,14405227858.178
Libya,Libya,CapexInvestmentComponentCumulated,,2039,15958062143.582
Libya,Libya,CapexInvestmentComponentCumulated,,2040,17488346428.986
Libya,Libya,CapexInvestmentComponentCumulated,,2041,18998107632.161
Libya,Libya,CapexInvestmentComponentCumulated,,2042,20487792124.02
Libya,Libya,CapexInvestmentComponentCumulated,,2043,21957834660.354
Libya,Libya,CapexInvestmentComponentCumulated,,2044,23408658902.721
Libya,Libya,CapexInvestmentComponentCumulated,,2045,24840100764.158
Libya,Libya,CapexInvestmentComponentCumulated,,2046,26325451641.796658
Libya,Libya,CapexInvestmentComponentCumulated,,2047,28290552740.00966
Libya,Libya,CapexInvestmentComponentCumulated,,2048,29840860440.325832
Libya,Libya,CapexInvestmentComponentCumulated,,2049,30131311115.714
Libya,Libya,CapexInvestmentComponentCumulated,,2050,32187682569.0387
Libya,Libya,Costs,,2026,6735.584050152246
Libya,Libya,Costs,,2027,8327.475768668948
Libya,Libya,Costs,,2028,8679.501813386632
Libya,Libya,Costs,,2029,9110.663365451754
Libya,Libya,Costs,,2030,9383.75367992547
Libya,Libya,Costs,,2031,9614.329495394424
Libya,Libya,Costs,,2032,9724.384485167024
Libya,Libya,Costs,,2033,9943.281141781794
Libya,Libya,Costs,,2034,10025.869976924669
Libya,Libya,Costs,,2035,10069.25773774298
Libya,Libya,Costs,,2036,10204.614498061144
Libya,Libya,Costs,,2037,10144.539332190992
Libya,Libya,Costs,,2038,10221.284080113848
Libya,Libya,Costs,,2039,10259.87363055022
Libya,Libya,Costs,,2040,10138.705997403538
Libya,Libya,Costs,,2041,10838.410963141409
Libya,Libya,Costs,,2042,10779.647907461223
Libya,Libya,Costs,,2043,10756.009779107864
Libya,Libya,Costs,,2044,10600.31723907587
Libya,Libya,Costs,,2045,10404.486138369854
Libya,Libya,Costs,,2046,9882.568206077876
Libya,Libya,Costs,,2047,9679.018392449165
Libya,Libya,Costs,,2048,9183.431769377836
Libya,Libya,Costs,,2049,8887.920400298248
Libya,Libya,Costs,,2050,8551.467365575738
Libya,Libya,CostsPerMWh,,2026,105.77568469726192
Libya,Libya,CostsPerMWh,,2027,123.57138698128732
Libya,Libya,CostsPerMWh,,2028,121.70141918431015
Libya,Libya,CostsPerMWh,,2029,120.67263626606652
Libya,Libya,CostsPerMWh,,2030,118.2026487954637
Libya,Libya,CostsPerMWh,,2031,115.57907164111391
Libya,Libya,CostsPerMWh,,2032,111.87998441251553
Libya,Libya,CostsPerMWh,,2033,109.79529098056344
Libya,Libya,CostsPerMWh,,2034,106.56523008571956
Libya,Libya,CostsPerMWh,,2035,103.32424592103868
Libya,Libya,CostsPerMWh,,2036,101.88414918340987
Libya,Libya,CostsPerMWh,,2037,98.58734615682366
Libya,Libya,CostsPerMWh,,2038,95.1729012925301
Libya,Libya,CostsPerMWh,,2039,92.7655843630219
Libya,Libya,CostsPerMWh,,2040,89.35536066102803
Libya,Libya,CostsPerMWh,,2041,93.17433172123904
Libya,Libya,CostsPerMWh,,2042,89.77653330885828
Libya,Libya,CostsPerMWh,,2043,87.40601813053895
Libya,Libya,CostsPerMWh,,2044,84.12950189742757
Libya,Libya,CostsPerMWh,,2045,82.3133214006997
Libya,Libya,CostsPerMWh,,2046,77.93762041370236
Libya,Libya,CostsPerMWh,,2047,76.09231368031035
Libya,Libya,CostsPerMWh,,2048,71.96934036596477
Libya,Libya,CostsPerMWh,,2049,69.43579319306154
Libya,Libya,CostsPerMWh,,2050,66.59917575719794
Libya,Libya,DemandEnergyZone,,2026,63678.000000000015
Libya,Libya,DemandEnergyZone,,2027,67389.99999999997
Libya,Libya,DemandEnergyZone,,2028,71317.99999999999
Libya,Libya,DemandEnergyZone,,2029,75498.99999999999
Libya,Libya,DemandEnergyZone,,2030,79386.99999999994
Libya,Libya,DemandEnergyZone,,2031,83184.00000000004
Libya,Libya,DemandEnergyZone,,2032,86918.0
Libya,Libya,DemandEnergyZone,,2033,90562.00000000004
Libya,Libya,DemandEnergyZone,,2034,94082.0
Libya,Libya,DemandEnergyZone,,2035,97453.0
Libya,Libya,DemandEnergyZone,,2036,100158.99999999993
Libya,Libya,DemandEnergyZone,,2037,102898.99999999996
Libya,Libya,DemandEnergyZone,,2038,107396.99999999994
Libya,Libya,DemandEnergyZone,,2039,110600.0
Libya,Libya,DemandEnergyZone,,2040,113464.99999999993
Libya,Libya,DemandEnergyZone,,2041,116324.0
Libya,Libya,DemandEnergyZone,,2042,120071.99999999994
Libya,Libya,DemandEnergyZone,,2043,123058.0
Libya,Libya,DemandEnergyZone,,2044,125999.99999999996
Libya,Libya,DemandEnergyZone,,2045,126401.00000000012
Libya,Libya,DemandEnergyZone,,2046,126801.00000000004
Libya,Libya,DemandEnergyZone,,2047,127201.00000000006
Libya,Libya,DemandEnergyZone,,2048,127602.0
Libya,Libya,DemandEnergyZone,,2049,128001.99999999977
Libya,Libya,DemandEnergyZone,,2050,128402.00000000012
Libya,Libya,DemandPeakZone,,2026,9386.70412
Libya,Libya,DemandPeakZone,,2027,9934.0188
Libya,Libya,DemandPeakZone,,2028,10513.0743
Libya,Libya,DemandPeakZone,,2029,11129.01778
Libya,Libya,DemandPeakZone,,2030,11702.06826
Libya,Libya,DemandPeakZone,,2031,12262.25084
Libya,Libya,DemandPeakZone,,2032,12812.1391
Libya,Libya,DemandPeakZone,,2033,13349.15946
Libya,Libya,DemandPeakZone,,2034,13868.16476
Libya,Libya,DemandPeakZone,,2035,14365.72356
Libya,Libya,DemandPeakZone,,2036,14763.7706
Libya,Libya,DemandPeakZone,,2037,15167.82266
Libya,Libya,DemandPeakZone,,2038,15830.948439999998
Libya,Libya,DemandPeakZone,,2039,16303.6293
Libya,Libya,DemandPeakZone,,2040,16725.69642
Libya,Libya,DemandPeakZone,,2041,17146.90568
Libya,Libya,DemandPeakZone,,2042,17699.36752
Libya,Libya,DemandPeakZone,,2043,18139.4497
Libya,Libya,DemandPeakZone,,2044,18573.52686
Libya,Libya,DemandPeakZone,,2045,18632.7192
Libya,Libya,DemandPeakZone,,2046,18691.05368
Libya,Libya,DemandPeakZone,,2047,18750.24602
Libya,Libya,DemandPeakZone,,2048,18809.43836
Libya,Libya,DemandPeakZone,,2049,18868.6307
Libya,Libya,DemandPeakZone,,2050,18927.82304
Libya,Libya,EmissionsIntensityZone,,2026,4.909974094482363e-07
Libya,Libya,EmissionsIntensityZone,,2027,4.941775549084435e-07
Libya,Libya,EmissionsIntensityZone,,2028,4.87577830604675e-07
Libya,Libya,EmissionsIntensityZone,,2029,4.814259772818163e-07
Libya,Libya,EmissionsIntensityZone,,2030,4.7280729877533733e-07
Libya,Libya,EmissionsIntensityZone,,2031,4.595410789472244e-07
Libya,Libya,EmissionsIntensityZone,,2032,4.4361243955637226e-07
Libya,Libya,EmissionsIntensityZone,,2033,4.33206382879334e-07
Libya,Libya,EmissionsIntensityZone,,2034,4.187301061453059e-07
Libya,Libya,EmissionsIntensityZone,,2035,4.048596003227265e-07
Libya,Libya,EmissionsIntensityZone,,2036,3.9623726523869233e-07
Libya,Libya,EmissionsIntensityZone,,2037,3.8341954230225074e-07
Libya,Libya,EmissionsIntensityZone,,2038,3.676455347862343e-07
Libya,Libya,EmissionsIntensityZone,,2039,3.577507128292795e-07
Libya,Libya,EmissionsIntensityZone,,2040,3.409345281939532e-07
Libya,Libya,EmissionsIntensityZone,,2041,3.490080593629871e-07
Libya,Libya,EmissionsIntensityZone,,2042,3.3354499949063455e-07
Libya,Libya,EmissionsIntensityZone,,2043,3.257239474841475e-07
Libya,Libya,EmissionsIntensityZone,,2044,3.108136565520903e-07
Libya,Libya,EmissionsIntensityZone,,2045,3.01710231475758e-07
Libya,Libya,EmissionsIntensityZone,,2046,2.825050996615765e-07
Libya,Libya,EmissionsIntensityZone,,2047,2.7082568197496145e-07
Libya,Libya,EmissionsIntensityZone,,2048,2.522066025886127e-07
Libya,Libya,EmissionsIntensityZone,,2049,2.44113257900117e-07
Libya,Libya,EmissionsIntensityZone,,2050,2.273431442159185e-07
Libya,Libya,EmissionsZone,,2026,30.57111123301087
Libya,Libya,EmissionsZone,,2027,33.30262542528
Libya,Libya,EmissionsZone,,2028,33.70528027403996
Libya,Libya,EmissionsZone,,2029,36.34717985879984
Libya,Libya,EmissionsZone,,2030,36.49930504355972
Libya,Libya,EmissionsZone,,2031,38.22646511114593
Libya,Libya,EmissionsZone,,2032,37.58639477873232
Libya,Libya,EmissionsZone,,2033,39.23203644631824
Libya,Libya,EmissionsZone,,2034,38.47794691390445
Libya,Libya,EmissionsZone,,2035,39.45478263025066
Libya,Libya,EmissionsZone,,2036,38.81896863816944
Libya,Libya,EmissionsZone,,2037,39.45348748335928
Libya,Libya,EmissionsZone,,2038,38.678883778255326
Libya,Libya,EmissionsZone,,2039,39.5672288389183
Libya,Libya,EmissionsZone,,2040,37.93748962478215
Libya,Libya,EmissionsZone,,2041,40.598013497340105
Libya,Libya,EmissionsZone,,2042,39.318951629954974
Libya,Libya,EmissionsZone,,2043,40.08293752950424
Libya,Libya,EmissionsZone,,2044,38.52594327557903
Libya,Libya,EmissionsZone,,2045,38.13647496876729
Libya,Libya,EmissionsZone,,2046,35.32219799290427
Libya,Libya,EmissionsZone,,2047,34.929592621468416
Libya,Libya,EmissionsZone,,2048,32.2901606541811
Libya,Libya,EmissionsZone,,2049,31.806586437749512
Libya,Libya,EmissionsZone,,2050,29.46807327125532
Libya,Libya,GenCostsPerMWh,,2026,105.99626082760976
Libya,Libya,GenCostsPerMWh,,2027,123.57138698128736
Libya,Libya,GenCostsPerMWh,,2028,123.695851411557
Libya,Libya,GenCostsPerMWh,,2029,122.57384457858292
Libya,Libya,GenCostsPerMWh,,2030,121.1991266336563
Libya,Libya,GenCostsPerMWh,,2031,118.94228976002458
Libya,Libya,GenCostsPerMWh,,2032,116.69520256253152
Libya,Libya,GenCostsPerMWh,,2033,115.17774360951204
Libya,Libya,GenCostsPerMWh,,2034,113.11444984572404
Libya,Libya,GenCostsPerMWh,,2035,110.6317052127926
Libya,Libya,GenCostsPerMWh,,2036,109.83586403647864
Libya,Libya,GenCostsPerMWh,,2037,107.71544332507864
Libya,Libya,GenCostsPerMWh,,2038,105.17925382522444
Libya,Libya,GenCostsPerMWh,,2039,103.49111043761332
Libya,Libya,GenCostsPerMWh,,2040,100.80979569611256
Libya,Libya,GenCostsPerMWh,,2041,102.69933429199996
Libya,Libya,GenCostsPerMWh,,2042,100.10239858927316
Libya,Libya,GenCostsPerMWh,,2043,98.69317666963006
Libya,Libya,GenCostsPerMWh,,2044,96.24862817191594
Libya,Libya,GenCostsPerMWh,,2045,94.67049309750364
Libya,Libya,GenCostsPerMWh,,2046,91.69045580711366
Libya,Libya,GenCostsPerMWh,,2047,90.12527628397636
Libya,Libya,GenCostsPerMWh,,2048,87.37441276309971
Libya,Libya,GenCostsPerMWh,,2049,85.94664403107345
Libya,Libya,GenCostsPerMWh,,2050,83.24778932678494
