c,z,attribute,y,uni,value
Benin,Benin,CongestionShare,2026,Burkina,1.0
Benin,Benin,CongestionShare,2026,Niger,1.0
Benin,Benin,CongestionShare,2026,Nigeria,0.4512557077625571
Benin,Benin,CongestionShare,2027,Burkina,1.0
Benin,Benin,CongestionShare,2027,Niger,1.0
Benin,Benin,CongestionShare,2027,Nigeria,0.2654109589041096
Benin,Benin,CongestionShare,2028,Burkina,1.0
Benin,Benin,CongestionShare,2028,Niger,1.0
Benin,Benin,CongestionShare,2028,Nigeria,0.2644977168949771
Benin,Benin,CongestionShare,2029,Burkina,1.0
Benin,Benin,CongestionShare,2029,Niger,1.0
Benin,Benin,CongestionShare,2029,Nigeria,0.2378995433789954
Benin,Benin,CongestionShare,2030,Burkina,1.0
Benin,Benin,CongestionShare,2030,Niger,1.0
Benin,Benin,CongestionShare,2030,Nigeria,0.8922374429223744
Benin,Benin,CongestionShare,2031,Burkina,1.0
Benin,Benin,CongestionShare,2031,Niger,1.0
Benin,Benin,CongestionShare,2031,Nigeria,0.932648401826484
Benin,Benin,CongestionShare,2032,Burkina,1.0
Benin,Benin,CongestionShare,2032,Niger,1.0
Benin,Benin,CongestionShare,2032,Nigeria,0.9180365296803652
Benin,Benin,CongestionShare,2033,Burkina,1.0
Benin,Benin,CongestionShare,2033,Niger,1.0
Benin,Benin,CongestionShare,2033,Nigeria,0.6638127853881278
Benin,Benin,CongestionShare,2033,Togo,0.217351598173516
Benin,Benin,CongestionShare,2034,Burkina,1.0
Benin,Benin,CongestionShare,2034,Niger,1.0
Benin,Benin,CongestionShare,2034,Nigeria,0.7187214611872146
Benin,Benin,CongestionShare,2034,Togo,0.2086757990867579
Benin,Benin,CongestionShare,2035,Burkina,1.0
Benin,Benin,CongestionShare,2035,Niger,1.0
Benin,Benin,CongestionShare,2035,Nigeria,0.7614155251141552
Benin,Benin,CongestionShare,2035,Togo,0.2036529680365296
Benin,Benin,CongestionShare,2040,Burkina,1.0
Benin,Benin,CongestionShare,2040,Niger,1.0
Benin,Benin,CongestionShare,2040,Nigeria,0.7613013698630137
Benin,Benin,CongestionShare,2040,Togo,0.3577625570776255
Benin,Benin,CongestionShare,2045,Burkina,1.0
Benin,Benin,CongestionShare,2045,Niger,1.0
Benin,Benin,CongestionShare,2045,Nigeria,0.8211187214611873
Benin,Benin,CongestionShare,2045,Togo,0.3953196347031963
Benin,Benin,CongestionShare,2050,Burkina,1.0
Benin,Benin,CongestionShare,2050,Niger,1.0
Benin,Benin,CongestionShare,2050,Nigeria,0.7561643835616438
Benin,Benin,CongestionShare,2050,Togo,0.1737442922374429
Benin,Benin,Interchange,2026,Nigeria,2445.390274236722
Benin,Benin,Interchange,2027,Nigeria,2127.792081005716
Benin,Benin,Interchange,2027,Togo,56.43108473957111
Benin,Benin,Interchange,2028,Nigeria,2053.4511688455773
Benin,Benin,Interchange,2028,Togo,86.5253755770252
Benin,Benin,Interchange,2029,Nigeria,1505.4330855259748
Benin,Benin,Interchange,2029,Togo,158.18443782761926
Benin,Benin,Interchange,2030,Nigeria,2835.808768400221
Benin,Benin,Interchange,2030,Togo,72.31779054239554
Benin,Benin,Interchange,2031,Nigeria,2888.3350341591936
Benin,Benin,Interchange,2031,Togo,105.5867243138484
Benin,Benin,Interchange,2032,Nigeria,2806.1577829765138
Benin,Benin,Interchange,2032,Togo,192.19354112182663
Benin,Benin,Interchange,2033,Nigeria,2104.896214265076
Benin,Benin,Interchange,2033,Togo,872.1538709336843
Benin,Benin,Interchange,2034,Nigeria,2202.9132741930835
Benin,Benin,Interchange,2034,Togo,901.2673053711202
Benin,Benin,Interchange,2035,Nigeria,2309.020736204713
Benin,Benin,Interchange,2035,Togo,893.3478984738086
Benin,Benin,Interchange,2040,Nigeria,2360.0223335565543
Benin,Benin,Interchange,2040,Togo,1272.2269097825538
Benin,Benin,Interchange,2045,Nigeria,2476.224918804871
Benin,Benin,Interchange,2045,Togo,1260.7534738566933
Benin,Benin,Interchange,2050,Nigeria,2300.117274521201
Benin,Benin,Interchange,2050,Togo,621.3329529099789
Benin,Benin,InterconUtilization,2026,Nigeria,0.8210415908664793
Benin,Benin,InterconUtilization,2027,Nigeria,0.7144077628947473
Benin,Benin,InterconUtilization,2027,Togo,0.0189467783842234
Benin,Benin,InterconUtilization,2028,Nigeria,0.6894477467249454
Benin,Benin,InterconUtilization,2028,Togo,0.0290509587620954
Benin,Benin,InterconUtilization,2029,Nigeria,0.505450270455941
Benin,Benin,InterconUtilization,2029,Togo,0.0531105418438152
Benin,Benin,InterconUtilization,2030,Nigeria,0.9521248886651292
Benin,Benin,InterconUtilization,2030,Togo,0.0242807515922628
Benin,Benin,InterconUtilization,2031,Nigeria,0.969760621192316
Benin,Benin,InterconUtilization,2031,Togo,0.0354508206801801
Benin,Benin,InterconUtilization,2032,Nigeria,0.942169548407371
Benin,Benin,InterconUtilization,2032,Togo,0.0645291233957247
Benin,Benin,InterconUtilization,2033,Nigeria,0.7067204587245083
Benin,Benin,InterconUtilization,2033,Togo,0.2928263063838585
Benin,Benin,InterconUtilization,2034,Nigeria,0.7396297589957975
Benin,Benin,InterconUtilization,2034,Togo,0.3026011635009133
Benin,Benin,InterconUtilization,2035,Nigeria,0.7752554177426515
Benin,Benin,InterconUtilization,2035,Togo,0.2999422167854582
Benin,Benin,InterconUtilization,2040,Nigeria,0.7923792417259449
Benin,Benin,InterconUtilization,2040,Togo,0.4271511246919667
Benin,Benin,InterconUtilization,2045,Nigeria,0.8313943455562957
Benin,Benin,InterconUtilization,2045,Togo,0.423298910104987
Benin,Benin,InterconUtilization,2050,Nigeria,0.7722660739058558
Benin,Benin,InterconUtilization,2050,Togo,0.2086129978881207
Benin,Benin,NetImport,2026,Nigeria,-2.445390274236722
Benin,Benin,NetImport,2027,Nigeria,-2.127792081005716
Benin,Benin,NetImport,2027,Togo,-0.0564310847395711
Benin,Benin,NetImport,2028,Nigeria,-2.053451168845577
Benin,Benin,NetImport,2028,Togo,-0.0865253755770252
Benin,Benin,NetImport,2029,Nigeria,-1.5054330855259748
Benin,Benin,NetImport,2029,Togo,-0.1581844378276192
Benin,Benin,NetImport,2030,Nigeria,-2.8358087684002213
Benin,Benin,NetImport,2030,Togo,-0.0723177905423955
Benin,Benin,NetImport,2031,Nigeria,-2.888335034159194
Benin,Benin,NetImport,2031,Togo,-0.1055867243138484
Benin,Benin,NetImport,2032,Nigeria,-2.8061577829765136
Benin,Benin,NetImport,2032,Togo,-0.1921935411218266
Benin,Benin,NetImport,2033,Nigeria,-2.104896214265076
Benin,Benin,NetImport,2033,Togo,-0.8721538709336843
Benin,Benin,NetImport,2034,Nigeria,-2.2029132741930835
Benin,Benin,NetImport,2034,Togo,-0.9012673053711202
Benin,Benin,NetImport,2035,Nigeria,-2.309020736204713
Benin,Benin,NetImport,2035,Togo,-0.8933478984738087
Benin,Benin,NetImport,2040,Nigeria,-2.360022333556554
Benin,Benin,NetImport,2040,Togo,-1.2722269097825538
Benin,Benin,NetImport,2045,Nigeria,-2.476224918804871
Benin,Benin,NetImport,2045,Togo,-1.2607534738566932
Benin,Benin,NetImport,2050,Nigeria,-2.300117274521201
Benin,Benin,NetImport,2050,Togo,-0.6213329529099789
Benin,Benin,TransmissionCapacity,2026,Nigeria,340.0
Benin,Benin,TransmissionCapacity,2026,Togo,340.0
Benin,Benin,TransmissionCapacity,2027,Nigeria,340.0
Benin,Benin,TransmissionCapacity,2027,Togo,340.0
Benin,Benin,TransmissionCapacity,2028,Nigeria,340.0
Benin,Benin,TransmissionCapacity,2028,Togo,340.0
Benin,Benin,TransmissionCapacity,2029,Nigeria,340.0
Benin,Benin,TransmissionCapacity,2029,Togo,340.0
Benin,Benin,TransmissionCapacity,2030,Nigeria,340.0
Benin,Benin,TransmissionCapacity,2030,Togo,340.0
Benin,Benin,TransmissionCapacity,2031,Nigeria,340.0
Benin,Benin,TransmissionCapacity,2031,Togo,340.0
Benin,Benin,TransmissionCapacity,2032,Nigeria,340.0
Benin,Benin,TransmissionCapacity,2032,Togo,340.0
Benin,Benin,TransmissionCapacity,2033,Nigeria,340.0
Benin,Benin,TransmissionCapacity,2033,Togo,340.0
Benin,Benin,TransmissionCapacity,2034,Nigeria,340.0
Benin,Benin,TransmissionCapacity,2034,Togo,340.0
Benin,Benin,TransmissionCapacity,2035,Nigeria,340.0
Benin,Benin,TransmissionCapacity,2035,Togo,340.0
Benin,Benin,TransmissionCapacity,2040,Nigeria,340.0
Benin,Benin,TransmissionCapacity,2040,Togo,340.0
Benin,Benin,TransmissionCapacity,2045,Nigeria,340.0
Benin,Benin,TransmissionCapacity,2045,Togo,340.0
Benin,Benin,TransmissionCapacity,2050,Nigeria,340.0
Benin,Benin,TransmissionCapacity,2050,Togo,340.0
Burkina,Burkina,CongestionShare,2026,Benin,1.0
Burkina,Burkina,CongestionShare,2026,Ghana,0.0157534246575342
Burkina,Burkina,CongestionShare,2026,IvoryCoast,0.028310502283105
Burkina,Burkina,CongestionShare,2026,Mali,1.0
Burkina,Burkina,CongestionShare,2027,Benin,1.0
Burkina,Burkina,CongestionShare,2027,Ghana,0.489269406392694
Burkina,Burkina,CongestionShare,2027,Mali,1.0
Burkina,Burkina,CongestionShare,2028,Benin,1.0
Burkina,Burkina,CongestionShare,2028,Ghana,0.2573059360730593
Burkina,Burkina,CongestionShare,2028,Mali,1.0
Burkina,Burkina,CongestionShare,2029,Benin,1.0
Burkina,Burkina,CongestionShare,2029,Ghana,0.1061643835616438
Burkina,Burkina,CongestionShare,2029,IvoryCoast,0.0353881278538812
Burkina,Burkina,CongestionShare,2029,Mali,1.0
Burkina,Burkina,CongestionShare,2030,Benin,1.0
Burkina,Burkina,CongestionShare,2030,Ghana,0.1098173515981735
Burkina,Burkina,CongestionShare,2030,IvoryCoast,0.0424657534246575
Burkina,Burkina,CongestionShare,2030,Mali,1.0
Burkina,Burkina,CongestionShare,2031,Benin,1.0
Burkina,Burkina,CongestionShare,2031,Ghana,0.1434931506849315
Burkina,Burkina,CongestionShare,2031,IvoryCoast,0.1123287671232876
Burkina,Burkina,CongestionShare,2031,Mali,1.0
Burkina,Burkina,CongestionShare,2032,Benin,1.0
Burkina,Burkina,CongestionShare,2032,Ghana,0.2049086757990867
Burkina,Burkina,CongestionShare,2032,IvoryCoast,0.1404109589041096
Burkina,Burkina,CongestionShare,2032,Mali,1.0
Burkina,Burkina,CongestionShare,2033,Benin,1.0
Burkina,Burkina,CongestionShare,2033,Ghana,0.2648401826484018
Burkina,Burkina,CongestionShare,2033,IvoryCoast,0.1424657534246575
Burkina,Burkina,CongestionShare,2033,Mali,1.0
Burkina,Burkina,CongestionShare,2034,Benin,1.0
Burkina,Burkina,CongestionShare,2034,Ghana,0.3003424657534246
Burkina,Burkina,CongestionShare,2034,IvoryCoast,0.1726027397260274
Burkina,Burkina,CongestionShare,2034,Mali,1.0
Burkina,Burkina,CongestionShare,2035,Benin,1.0
Burkina,Burkina,CongestionShare,2035,Ghana,0.3315068493150685
Burkina,Burkina,CongestionShare,2035,IvoryCoast,0.190296803652968
Burkina,Burkina,CongestionShare,2035,Mali,1.0
Burkina,Burkina,CongestionShare,2040,Benin,1.0
Burkina,Burkina,CongestionShare,2040,Ghana,0.4966894977168949
Burkina,Burkina,CongestionShare,2040,IvoryCoast,0.5522831050228311
Burkina,Burkina,CongestionShare,2040,Mali,1.0
Burkina,Burkina,CongestionShare,2045,Benin,1.0
Burkina,Burkina,CongestionShare,2045,Ghana,0.65
Burkina,Burkina,CongestionShare,2045,IvoryCoast,0.7885844748858447
Burkina,Burkina,CongestionShare,2045,Mali,1.0
Burkina,Burkina,CongestionShare,2050,Benin,1.0
Burkina,Burkina,CongestionShare,2050,Ghana,0.6397260273972603
Burkina,Burkina,CongestionShare,2050,IvoryCoast,0.7697488584474886
Burkina,Burkina,CongestionShare,2050,Mali,1.0
Burkina,Burkina,Interchange,2026,Ghana,173.1055477544438
Burkina,Burkina,Interchange,2026,IvoryCoast,32.26986116736273
Burkina,Burkina,Interchange,2027,Ghana,1288.641900630856
Burkina,Burkina,Interchange,2028,Ghana,823.8380765160281
Burkina,Burkina,Interchange,2029,Ghana,300.8377477472295
Burkina,Burkina,Interchange,2029,IvoryCoast,39.71229303977988
Burkina,Burkina,Interchange,2030,Ghana,282.4831872574602
Burkina,Burkina,Interchange,2030,IvoryCoast,54.42441690399015
Burkina,Burkina,Interchange,2031,Ghana,335.1471073841737
Burkina,Burkina,Interchange,2031,IvoryCoast,127.95185433421524
Burkina,Burkina,Interchange,2032,Ghana,437.72634518059175
Burkina,Burkina,Interchange,2032,IvoryCoast,169.20983629086064
Burkina,Burkina,Interchange,2033,Ghana,559.8079773676882
Burkina,Burkina,Interchange,2033,IvoryCoast,170.79857035464184
Burkina,Burkina,Interchange,2034,Ghana,618.2318873099077
Burkina,Burkina,Interchange,2034,IvoryCoast,206.0673834112968
Burkina,Burkina,Interchange,2035,Ghana,664.9622633236665
Burkina,Burkina,Interchange,2035,IvoryCoast,243.32574560998003
Burkina,Burkina,Interchange,2040,Ghana,988.6646249532976
Burkina,Burkina,Interchange,2040,IvoryCoast,626.173342090029
Burkina,Burkina,Interchange,2045,Ghana,1260.0109808700945
Burkina,Burkina,Interchange,2045,IvoryCoast,890.2076734540178
Burkina,Burkina,Interchange,2050,Ghana,1240.5026520038048
Burkina,Burkina,Interchange,2050,IvoryCoast,856.361
Burkina,Burkina,InterconUtilization,2026,Ghana,0.089822305808657
Burkina,Burkina,InterconUtilization,2026,IvoryCoast,0.0290060953217584
Burkina,Burkina,InterconUtilization,2027,Ghana,0.6686601809001952
Burkina,Burkina,InterconUtilization,2028,Ghana,0.4274792842030033
Burkina,Burkina,InterconUtilization,2029,Ghana,0.1561009483952
Burkina,Burkina,InterconUtilization,2029,IvoryCoast,0.0356958014595511
Burkina,Burkina,InterconUtilization,2030,Ghana,0.1465769962938253
Burkina,Burkina,InterconUtilization,2030,IvoryCoast,0.0489199447236815
Burkina,Burkina,InterconUtilization,2031,Ghana,0.1739036464218419
Burkina,Burkina,InterconUtilization,2031,IvoryCoast,0.1150108351618085
Burkina,Burkina,InterconUtilization,2032,Ghana,0.2271307312062016
Burkina,Burkina,InterconUtilization,2032,IvoryCoast,0.1520959949401904
Burkina,Burkina,InterconUtilization,2033,Ghana,0.2904773647611499
Burkina,Burkina,InterconUtilization,2033,IvoryCoast,0.1535240448303328
Burkina,Burkina,InterconUtilization,2034,Ghana,0.3207928016344477
Burkina,Burkina,InterconUtilization,2034,IvoryCoast,0.1852257787826706
Burkina,Burkina,InterconUtilization,2035,Ghana,0.3450406098607651
Burkina,Burkina,InterconUtilization,2035,IvoryCoast,0.2187158393646676
Burkina,Burkina,InterconUtilization,2040,Ghana,0.5130057207105114
Burkina,Burkina,InterconUtilization,2040,IvoryCoast,0.5628423238144294
Burkina,Burkina,InterconUtilization,2045,Ghana,0.6538039543742706
Burkina,Burkina,InterconUtilization,2045,IvoryCoast,0.8001722876478785
Burkina,Burkina,InterconUtilization,2050,Ghana,0.6436813262784374
Burkina,Burkina,InterconUtilization,2050,IvoryCoast,0.7697488584474886
Burkina,Burkina,NetImport,2026,Ghana,-0.1731055477544437
Burkina,Burkina,NetImport,2026,IvoryCoast,-0.0322698611673627
Burkina,Burkina,NetImport,2027,Ghana,-1.288641900630856
Burkina,Burkina,NetImport,2028,Ghana,-0.8238380765160281
Burkina,Burkina,NetImport,2029,Ghana,-0.3008377477472295
Burkina,Burkina,NetImport,2029,IvoryCoast,-0.0397122930397798
Burkina,Burkina,NetImport,2030,Ghana,-0.2824831872574602
Burkina,Burkina,NetImport,2030,IvoryCoast,-0.0544244169039901
Burkina,Burkina,NetImport,2031,Ghana,-0.3351471073841737
Burkina,Burkina,NetImport,2031,IvoryCoast,-0.1279518543342152
Burkina,Burkina,NetImport,2032,Ghana,-0.4377263451805918
Burkina,Burkina,NetImport,2032,IvoryCoast,-0.1692098362908606
Burkina,Burkina,NetImport,2033,Ghana,-0.5598079773676882
Burkina,Burkina,NetImport,2033,IvoryCoast,-0.1707985703546418
Burkina,Burkina,NetImport,2034,Ghana,-0.6182318873099077
Burkina,Burkina,NetImport,2034,IvoryCoast,-0.2060673834112967
Burkina,Burkina,NetImport,2035,Ghana,-0.6649622633236666
Burkina,Burkina,NetImport,2035,IvoryCoast,-0.24332574560998
Burkina,Burkina,NetImport,2040,Ghana,-0.9886646249532977
Burkina,Burkina,NetImport,2040,IvoryCoast,-0.6261733420900291
Burkina,Burkina,NetImport,2045,Ghana,-1.2600109808700943
Burkina,Burkina,NetImport,2045,IvoryCoast,-0.8902076734540179
Burkina,Burkina,NetImport,2050,Ghana,-1.2405026520038047
Burkina,Burkina,NetImport,2050,IvoryCoast,-0.856361
Burkina,Burkina,TransmissionCapacity,2026,Ghana,220.0
Burkina,Burkina,TransmissionCapacity,2026,IvoryCoast,127.0
Burkina,Burkina,TransmissionCapacity,2027,Ghana,220.0
Burkina,Burkina,TransmissionCapacity,2027,IvoryCoast,127.0
Burkina,Burkina,TransmissionCapacity,2028,Ghana,220.0
Burkina,Burkina,TransmissionCapacity,2028,IvoryCoast,127.0
Burkina,Burkina,TransmissionCapacity,2029,Ghana,220.0
Burkina,Burkina,TransmissionCapacity,2029,IvoryCoast,127.0
Burkina,Burkina,TransmissionCapacity,2030,Ghana,220.0
Burkina,Burkina,TransmissionCapacity,2030,IvoryCoast,127.0
Burkina,Burkina,TransmissionCapacity,2031,Ghana,220.0
Burkina,Burkina,TransmissionCapacity,2031,IvoryCoast,127.0
Burkina,Burkina,TransmissionCapacity,2032,Ghana,220.0
Burkina,Burkina,TransmissionCapacity,2032,IvoryCoast,127.0
Burkina,Burkina,TransmissionCapacity,2033,Ghana,220.0
Burkina,Burkina,TransmissionCapacity,2033,IvoryCoast,127.0
Burkina,Burkina,TransmissionCapacity,2034,Ghana,220.0
Burkina,Burkina,TransmissionCapacity,2034,IvoryCoast,127.0
Burkina,Burkina,TransmissionCapacity,2035,Ghana,220.0
Burkina,Burkina,TransmissionCapacity,2035,IvoryCoast,127.0
Burkina,Burkina,TransmissionCapacity,2040,Ghana,220.0
Burkina,Burkina,TransmissionCapacity,2040,IvoryCoast,127.0
Burkina,Burkina,TransmissionCapacity,2045,Ghana,220.0
Burkina,Burkina,TransmissionCapacity,2045,IvoryCoast,127.0
Burkina,Burkina,TransmissionCapacity,2050,Ghana,220.0
Burkina,Burkina,TransmissionCapacity,2050,IvoryCoast,127.0
Gambia,Gambia,CongestionShare,2026,GuineaBissau,1.0
Gambia,Gambia,CongestionShare,2026,Senegal,0.0484018264840182
Gambia,Gambia,CongestionShare,2027,GuineaBissau,1.0
Gambia,Gambia,CongestionShare,2028,GuineaBissau,1.0
Gambia,Gambia,CongestionShare,2029,GuineaBissau,1.0
Gambia,Gambia,CongestionShare,2029,Senegal,0.0302511415525114
Gambia,Gambia,CongestionShare,2030,GuineaBissau,1.0
Gambia,Gambia,CongestionShare,2030,Senegal,0.077283105022831
Gambia,Gambia,CongestionShare,2031,GuineaBissau,1.0
Gambia,Gambia,CongestionShare,2031,Senegal,0.3441780821917808
Gambia,Gambia,CongestionShare,2032,GuineaBissau,1.0
Gambia,Gambia,CongestionShare,2032,Senegal,0.6765981735159817
Gambia,Gambia,CongestionShare,2033,GuineaBissau,1.0
Gambia,Gambia,CongestionShare,2033,Senegal,0.7138127853881279
Gambia,Gambia,CongestionShare,2034,GuineaBissau,1.0
Gambia,Gambia,CongestionShare,2034,Senegal,0.7006849315068493
Gambia,Gambia,CongestionShare,2035,GuineaBissau,1.0
Gambia,Gambia,CongestionShare,2035,Senegal,0.6578767123287671
Gambia,Gambia,CongestionShare,2040,GuineaBissau,1.0
Gambia,Gambia,CongestionShare,2040,Senegal,0.5968036529680365
Gambia,Gambia,CongestionShare,2045,GuineaBissau,1.0
Gambia,Gambia,CongestionShare,2045,Senegal,0.5464611872146119
Gambia,Gambia,CongestionShare,2050,GuineaBissau,1.0
Gambia,Gambia,CongestionShare,2050,Senegal,0.6674657534246575
Gambia,Gambia,Interchange,2026,Senegal,127.12630385414366
Gambia,Gambia,Interchange,2027,Senegal,41.18407688079634
Gambia,Gambia,Interchange,2028,Senegal,4.900007890662183
Gambia,Gambia,Interchange,2029,Senegal,44.432125183311605
Gambia,Gambia,Interchange,2030,Senegal,263.44808201119235
Gambia,Gambia,Interchange,2031,Senegal,728.1285495556948
Gambia,Gambia,Interchange,2032,Senegal,992.6471157498556
Gambia,Gambia,Interchange,2033,Senegal,1053.7606118682593
Gambia,Gambia,Interchange,2034,Senegal,1027.2592439278656
Gambia,Gambia,Interchange,2035,Senegal,1014.1758765369074
Gambia,Gambia,Interchange,2040,Senegal,882.6088217250093
Gambia,Gambia,Interchange,2045,Senegal,749.7109360875887
Gambia,Gambia,Interchange,2050,Senegal,882.6278189213324
Gambia,Gambia,InterconUtilization,2026,Senegal,0.0967475676211138
Gambia,Gambia,InterconUtilization,2027,Senegal,0.031342524262402
Gambia,Gambia,InterconUtilization,2028,Senegal,0.0037290775423608
Gambia,Gambia,InterconUtilization,2029,Senegal,0.0338144027270255
Gambia,Gambia,InterconUtilization,2030,Senegal,0.2004932130983198
Gambia,Gambia,InterconUtilization,2031,Senegal,0.5541313162524314
Gambia,Gambia,InterconUtilization,2032,Senegal,0.7554392052890835
Gambia,Gambia,InterconUtilization,2033,Senegal,0.8019487152726479
Gambia,Gambia,InterconUtilization,2034,Senegal,0.7817802465204456
Gambia,Gambia,InterconUtilization,2035,Senegal,0.7718233459184988
Gambia,Gambia,InterconUtilization,2040,Senegal,0.6716962113584546
Gambia,Gambia,InterconUtilization,2045,Senegal,0.5705562679509807
Gambia,Gambia,InterconUtilization,2050,Senegal,0.6717106688899028
Gambia,Gambia,NetImport,2026,Senegal,-0.1271263038541436
Gambia,Gambia,NetImport,2027,Senegal,-0.0411840768807963
Gambia,Gambia,NetImport,2028,Senegal,-0.0049000078906621
Gambia,Gambia,NetImport,2029,Senegal,-0.0444321251833116
Gambia,Gambia,NetImport,2030,Senegal,-0.2634480820111923
Gambia,Gambia,NetImport,2031,Senegal,-0.7281285495556948
Gambia,Gambia,NetImport,2032,Senegal,-0.9926471157498558
Gambia,Gambia,NetImport,2033,Senegal,-1.0537606118682592
Gambia,Gambia,NetImport,2034,Senegal,-1.0272592439278656
Gambia,Gambia,NetImport,2035,Senegal,-1.014175876536907
Gambia,Gambia,NetImport,2040,Senegal,-0.8826088217250093
Gambia,Gambia,NetImport,2045,Senegal,-0.7497109360875888
Gambia,Gambia,NetImport,2050,Senegal,-0.8826278189213325
Gambia,Gambia,TransmissionCapacity,2026,Senegal,150.0
Gambia,Gambia,TransmissionCapacity,2027,Senegal,150.0
Gambia,Gambia,TransmissionCapacity,2028,Senegal,150.0
Gambia,Gambia,TransmissionCapacity,2029,Senegal,150.0
Gambia,Gambia,TransmissionCapacity,2030,Senegal,150.0
Gambia,Gambia,TransmissionCapacity,2031,Senegal,150.0
Gambia,Gambia,TransmissionCapacity,2032,Senegal,150.0
Gambia,Gambia,TransmissionCapacity,2033,Senegal,150.0
Gambia,Gambia,TransmissionCapacity,2034,Senegal,150.0
Gambia,Gambia,TransmissionCapacity,2035,Senegal,150.0
Gambia,Gambia,TransmissionCapacity,2040,Senegal,150.0
Gambia,Gambia,TransmissionCapacity,2045,Senegal,150.0
Gambia,Gambia,TransmissionCapacity,2050,Senegal,150.0
Ghana,Ghana,CongestionShare,2026,Burkina,0.3915525114155251
Ghana,Ghana,CongestionShare,2026,IvoryCoast,0.1234018264840182
Ghana,Ghana,CongestionShare,2026,Togo,1.0
Ghana,Ghana,CongestionShare,2027,Togo,1.0
Ghana,Ghana,CongestionShare,2028,Burkina,0.1841324200913242
Ghana,Ghana,CongestionShare,2028,Togo,1.0
Ghana,Ghana,CongestionShare,2029,Burkina,0.5834474885844749
Ghana,Ghana,CongestionShare,2029,Togo,1.0
Ghana,Ghana,CongestionShare,2030,Burkina,0.6507990867579909
Ghana,Ghana,CongestionShare,2030,Togo,0.7455479452054794
Ghana,Ghana,CongestionShare,2031,Burkina,0.6965753424657535
Ghana,Ghana,CongestionShare,2031,IvoryCoast,0.010958904109589
Ghana,Ghana,CongestionShare,2031,Togo,0.6839041095890411
Ghana,Ghana,CongestionShare,2032,Burkina,0.6737442922374429
Ghana,Ghana,CongestionShare,2032,IvoryCoast,0.0304794520547945
Ghana,Ghana,CongestionShare,2032,Togo,0.5932648401826484
Ghana,Ghana,CongestionShare,2033,Burkina,0.6318493150684932
Ghana,Ghana,CongestionShare,2033,IvoryCoast,0.0311643835616438
Ghana,Ghana,CongestionShare,2033,Togo,0.3569634703196347
Ghana,Ghana,CongestionShare,2034,Burkina,0.6335616438356164
Ghana,Ghana,CongestionShare,2034,IvoryCoast,0.0833333333333333
Ghana,Ghana,CongestionShare,2034,Togo,0.3132420091324201
Ghana,Ghana,CongestionShare,2035,Burkina,0.6353881278538813
Ghana,Ghana,CongestionShare,2035,IvoryCoast,0.1497716894977168
Ghana,Ghana,CongestionShare,2035,Togo,0.2958904109589041
Ghana,Ghana,CongestionShare,2040,Burkina,0.4537671232876712
Ghana,Ghana,CongestionShare,2040,IvoryCoast,0.5001141552511416
Ghana,Ghana,CongestionShare,2040,Togo,0.2069634703196347
Ghana,Ghana,CongestionShare,2045,Burkina,0.311986301369863
Ghana,Ghana,CongestionShare,2045,IvoryCoast,0.5636986301369863
Ghana,Ghana,CongestionShare,2045,Togo,0.2478310502283105
Ghana,Ghana,CongestionShare,2050,Burkina,0.2248858447488584
Ghana,Ghana,CongestionShare,2050,IvoryCoast,0.1865296803652968
Ghana,Ghana,CongestionShare,2050,Togo,0.0188356164383561
Ghana,Ghana,Interchange,2026,Burkina,1157.5953323269607
Ghana,Ghana,Interchange,2026,IvoryCoast,129.13043317561286
Ghana,Ghana,Interchange,2026,Togo,1752.0
Ghana,Ghana,Interchange,2027,Burkina,178.25725624217992
Ghana,Ghana,Interchange,2027,Togo,1752.0
Ghana,Ghana,Interchange,2028,Burkina,517.4164945160398
Ghana,Ghana,Interchange,2028,Togo,1752.0
Ghana,Ghana,Interchange,2029,Burkina,1367.0358610454557
Ghana,Ghana,Interchange,2029,Togo,1752.0
Ghana,Ghana,Interchange,2030,Burkina,1399.9937064559067
Ghana,Ghana,Interchange,2030,Togo,1356.716245656433
Ghana,Ghana,Interchange,2031,Burkina,1422.9581494746326
Ghana,Ghana,Interchange,2031,IvoryCoast,75.20320803722387
Ghana,Ghana,Interchange,2031,Togo,1291.7886971884943
Ghana,Ghana,Interchange,2032,Burkina,1362.9575962051074
Ghana,Ghana,Interchange,2032,IvoryCoast,402.8493850555197
Ghana,Ghana,Interchange,2032,Togo,1151.2034473687802
Ghana,Ghana,Interchange,2033,Burkina,1269.6095193359713
Ghana,Ghana,Interchange,2033,IvoryCoast,531.5055056733338
Ghana,Ghana,Interchange,2033,Togo,710.7708626915845
Ghana,Ghana,Interchange,2034,Burkina,1238.814698216905
Ghana,Ghana,Interchange,2034,IvoryCoast,1092.0813029231583
Ghana,Ghana,Interchange,2034,Togo,643.645140345455
Ghana,Ghana,Interchange,2035,Burkina,1230.965733829259
Ghana,Ghana,Interchange,2035,IvoryCoast,1505.163336927746
Ghana,Ghana,Interchange,2035,Togo,609.7320451496502
Ghana,Ghana,Interchange,2040,Burkina,891.0723152188949
Ghana,Ghana,Interchange,2040,IvoryCoast,2866.788783105696
Ghana,Ghana,Interchange,2040,Togo,402.7172368364084
Ghana,Ghana,Interchange,2045,Burkina,625.4419500486083
Ghana,Ghana,Interchange,2045,IvoryCoast,2998.4173997302128
Ghana,Ghana,Interchange,2045,Togo,455.30018063636976
Ghana,Ghana,Interchange,2050,Burkina,446.7862824081847
Ghana,Ghana,Interchange,2050,IvoryCoast,1073.798316103975
Ghana,Ghana,Interchange,2050,Togo,41.30686180504864
Ghana,Ghana,InterconUtilization,2026,Burkina,0.6006617540094233
Ghana,Ghana,InterconUtilization,2026,IvoryCoast,0.1259907438391414
Ghana,Ghana,InterconUtilization,2026,Togo,1.0
Ghana,Ghana,InterconUtilization,2027,Burkina,0.0924954629733187
Ghana,Ghana,InterconUtilization,2027,Togo,1.0
Ghana,Ghana,InterconUtilization,2028,Burkina,0.2684809539830011
Ghana,Ghana,InterconUtilization,2028,Togo,1.0
Ghana,Ghana,InterconUtilization,2029,Burkina,0.7093378274416021
Ghana,Ghana,InterconUtilization,2029,Togo,1.0
Ghana,Ghana,InterconUtilization,2030,Burkina,0.7264392416230316
Ghana,Ghana,InterconUtilization,2030,Togo,0.774381418753672
Ghana,Ghana,InterconUtilization,2031,Burkina,0.7383552041690705
Ghana,Ghana,InterconUtilization,2031,IvoryCoast,0.015087594200597
Ghana,Ghana,InterconUtilization,2031,Togo,0.7373223157468575
Ghana,Ghana,InterconUtilization,2032,Burkina,0.7072216667730943
Ghana,Ghana,InterconUtilization,2032,IvoryCoast,0.0808213931867009
Ghana,Ghana,InterconUtilization,2032,Togo,0.6570795932470206
Ghana,Ghana,InterconUtilization,2033,Burkina,0.6587845160522889
Ghana,Ghana,InterconUtilization,2033,IvoryCoast,0.1066329428528247
Ghana,Ghana,InterconUtilization,2033,Togo,0.4056911316732788
Ghana,Ghana,InterconUtilization,2034,Burkina,0.642805468149079
Ghana,Ghana,InterconUtilization,2034,IvoryCoast,0.2190980938527012
Ghana,Ghana,InterconUtilization,2034,Togo,0.3673773632108761
Ghana,Ghana,InterconUtilization,2035,Burkina,0.6387327385996571
Ghana,Ghana,InterconUtilization,2035,IvoryCoast,0.301972405511501
Ghana,Ghana,InterconUtilization,2035,Togo,0.3480205737155538
Ghana,Ghana,InterconUtilization,2040,Burkina,0.4623662905868072
Ghana,Ghana,InterconUtilization,2040,IvoryCoast,0.5751476160021378
Ghana,Ghana,InterconUtilization,2040,Togo,0.2298614365504614
Ghana,Ghana,InterconUtilization,2045,Burkina,0.3245340131011874
Ghana,Ghana,InterconUtilization,2045,IvoryCoast,0.6015555207265436
Ghana,Ghana,InterconUtilization,2045,Togo,0.259874532326695
Ghana,Ghana,InterconUtilization,2050,Burkina,0.2318318194313951
Ghana,Ghana,InterconUtilization,2050,IvoryCoast,0.2154300816348425
Ghana,Ghana,InterconUtilization,2050,Togo,0.0235769759161236
Ghana,Ghana,NetImport,2026,Burkina,-1.1575953323269608
Ghana,Ghana,NetImport,2026,IvoryCoast,-0.1291304331756128
Ghana,Ghana,NetImport,2026,Togo,-1.752
Ghana,Ghana,NetImport,2027,Burkina,-0.1782572562421799
Ghana,Ghana,NetImport,2027,Togo,-1.752
Ghana,Ghana,NetImport,2028,Burkina,-0.5174164945160399
Ghana,Ghana,NetImport,2028,Togo,-1.752
Ghana,Ghana,NetImport,2029,Burkina,-1.3670358610454556
Ghana,Ghana,NetImport,2029,Togo,-1.752
Ghana,Ghana,NetImport,2030,Burkina,-1.3999937064559067
Ghana,Ghana,NetImport,2030,Togo,-1.3567162456564337
Ghana,Ghana,NetImport,2031,Burkina,-1.4229581494746326
Ghana,Ghana,NetImport,2031,IvoryCoast,-0.0752032080372238
Ghana,Ghana,NetImport,2031,Togo,-1.2917886971884944
Ghana,Ghana,NetImport,2032,Burkina,-1.3629575962051077
Ghana,Ghana,NetImport,2032,IvoryCoast,-0.4028493850555197
Ghana,Ghana,NetImport,2032,Togo,-1.1512034473687802
Ghana,Ghana,NetImport,2033,Burkina,-1.269609519335971
Ghana,Ghana,NetImport,2033,IvoryCoast,-0.5315055056733338
Ghana,Ghana,NetImport,2033,Togo,-0.7107708626915845
Ghana,Ghana,NetImport,2034,Burkina,-1.238814698216905
Ghana,Ghana,NetImport,2034,IvoryCoast,-1.0920813029231584
Ghana,Ghana,NetImport,2034,Togo,-0.6436451403454551
Ghana,Ghana,NetImport,2035,Burkina,-1.230965733829259
Ghana,Ghana,NetImport,2035,IvoryCoast,-1.5051633369277462
Ghana,Ghana,NetImport,2035,Togo,-0.6097320451496502
Ghana,Ghana,NetImport,2040,Burkina,-0.891072315218895
Ghana,Ghana,NetImport,2040,IvoryCoast,-2.866788783105696
Ghana,Ghana,NetImport,2040,Togo,-0.4027172368364084
Ghana,Ghana,NetImport,2045,Burkina,-0.6254419500486084
Ghana,Ghana,NetImport,2045,IvoryCoast,-2.998417399730213
Ghana,Ghana,NetImport,2045,Togo,-0.4553001806363698
Ghana,Ghana,NetImport,2050,Burkina,-0.4467862824081847
Ghana,Ghana,NetImport,2050,IvoryCoast,-1.0737983161039748
Ghana,Ghana,NetImport,2050,Togo,-0.0413068618050486
Ghana,Ghana,TransmissionCapacity,2026,Burkina,220.0
Ghana,Ghana,TransmissionCapacity,2026,IvoryCoast,117.0
Ghana,Ghana,TransmissionCapacity,2026,Togo,200.0
Ghana,Ghana,TransmissionCapacity,2027,Burkina,220.0
Ghana,Ghana,TransmissionCapacity,2027,IvoryCoast,117.0
Ghana,Ghana,TransmissionCapacity,2027,Togo,200.0
Ghana,Ghana,TransmissionCapacity,2028,Burkina,220.0
Ghana,Ghana,TransmissionCapacity,2028,IvoryCoast,117.0
Ghana,Ghana,TransmissionCapacity,2028,Togo,200.0
Ghana,Ghana,TransmissionCapacity,2029,Burkina,220.0
Ghana,Ghana,TransmissionCapacity,2029,IvoryCoast,569.0
Ghana,Ghana,TransmissionCapacity,2029,Togo,200.0
Ghana,Ghana,TransmissionCapacity,2030,Burkina,220.0
Ghana,Ghana,TransmissionCapacity,2030,IvoryCoast,569.0
Ghana,Ghana,TransmissionCapacity,2030,Togo,200.0
Ghana,Ghana,TransmissionCapacity,2031,Burkina,220.0
Ghana,Ghana,TransmissionCapacity,2031,IvoryCoast,569.0
Ghana,Ghana,TransmissionCapacity,2031,Togo,200.0
Ghana,Ghana,TransmissionCapacity,2032,Burkina,220.0
Ghana,Ghana,TransmissionCapacity,2032,IvoryCoast,569.0
Ghana,Ghana,TransmissionCapacity,2032,Togo,200.0
Ghana,Ghana,TransmissionCapacity,2033,Burkina,220.0
Ghana,Ghana,TransmissionCapacity,2033,IvoryCoast,569.0
Ghana,Ghana,TransmissionCapacity,2033,Togo,200.0
Ghana,Ghana,TransmissionCapacity,2034,Burkina,220.0
Ghana,Ghana,TransmissionCapacity,2034,IvoryCoast,569.0
Ghana,Ghana,TransmissionCapacity,2034,Togo,200.0
Ghana,Ghana,TransmissionCapacity,2035,Burkina,220.0
Ghana,Ghana,TransmissionCapacity,2035,IvoryCoast,569.0
Ghana,Ghana,TransmissionCapacity,2035,Togo,200.0
Ghana,Ghana,TransmissionCapacity,2040,Burkina,220.0
Ghana,Ghana,TransmissionCapacity,2040,IvoryCoast,569.0
Ghana,Ghana,TransmissionCapacity,2040,Togo,200.0
Ghana,Ghana,TransmissionCapacity,2045,Burkina,220.0
Ghana,Ghana,TransmissionCapacity,2045,IvoryCoast,569.0
Ghana,Ghana,TransmissionCapacity,2045,Togo,200.0
Ghana,Ghana,TransmissionCapacity,2050,Burkina,220.0
Ghana,Ghana,TransmissionCapacity,2050,IvoryCoast,569.0
Ghana,Ghana,TransmissionCapacity,2050,Togo,200.0
Guinea,Guinea,CongestionShare,2026,IvoryCoast,1.0
Guinea,Guinea,CongestionShare,2026,Mali,0.1950913242009132
Guinea,Guinea,CongestionShare,2026,Senegal,0.7229452054794521
Guinea,Guinea,CongestionShare,2026,SierraLeone,0.0187214611872146
Guinea,Guinea,CongestionShare,2027,GuineaBissau,0.0202054794520547
Guinea,Guinea,CongestionShare,2027,IvoryCoast,1.0
Guinea,Guinea,CongestionShare,2027,Liberia,0.0906392694063926
Guinea,Guinea,CongestionShare,2027,Mali,0.692351598173516
Guinea,Guinea,CongestionShare,2027,Senegal,0.7262557077625571
Guinea,Guinea,CongestionShare,2027,SierraLeone,0.2932648401826484
Guinea,Guinea,CongestionShare,2028,GuineaBissau,0.0461187214611872
Guinea,Guinea,CongestionShare,2028,IvoryCoast,1.0
Guinea,Guinea,CongestionShare,2028,Mali,0.6317351598173516
Guinea,Guinea,CongestionShare,2028,Senegal,0.6168949771689498
Guinea,Guinea,CongestionShare,2028,SierraLeone,0.0973744292237442
Guinea,Guinea,CongestionShare,2029,GuineaBissau,0.0945205479452054
Guinea,Guinea,CongestionShare,2029,IvoryCoast,1.0
Guinea,Guinea,CongestionShare,2029,Liberia,0.0254566210045662
Guinea,Guinea,CongestionShare,2029,Mali,0.3638127853881278
Guinea,Guinea,CongestionShare,2029,Senegal,0.7302511415525114
Guinea,Guinea,CongestionShare,2029,SierraLeone,0.2358447488584475
Guinea,Guinea,CongestionShare,2030,GuineaBissau,0.0885844748858447
Guinea,Guinea,CongestionShare,2030,IvoryCoast,1.0
Guinea,Guinea,CongestionShare,2030,Liberia,0.5864155251141553
Guinea,Guinea,CongestionShare,2030,Mali,0.8907534246575343
Guinea,Guinea,CongestionShare,2030,Senegal,0.958675799086758
Guinea,Guinea,CongestionShare,2030,SierraLeone,0.5415525114155251
Guinea,Guinea,CongestionShare,2031,GuineaBissau,0.1295662100456621
Guinea,Guinea,CongestionShare,2031,IvoryCoast,1.0
Guinea,Guinea,CongestionShare,2031,Liberia,0.6667808219178082
Guinea,Guinea,CongestionShare,2031,Mali,0.923972602739726
Guinea,Guinea,CongestionShare,2031,Senegal,0.9391552511415524
Guinea,Guinea,CongestionShare,2031,SierraLeone,0.6278538812785388
Guinea,Guinea,CongestionShare,2032,GuineaBissau,0.1561643835616438
Guinea,Guinea,CongestionShare,2032,IvoryCoast,1.0
Guinea,Guinea,CongestionShare,2032,Liberia,0.5231735159817351
Guinea,Guinea,CongestionShare,2032,Mali,0.925
Guinea,Guinea,CongestionShare,2032,Senegal,0.9255707762557076
Guinea,Guinea,CongestionShare,2032,SierraLeone,0.4834474885844749
Guinea,Guinea,CongestionShare,2033,GuineaBissau,0.1674657534246575
Guinea,Guinea,CongestionShare,2033,IvoryCoast,1.0
Guinea,Guinea,CongestionShare,2033,Liberia,0.4914383561643836
Guinea,Guinea,CongestionShare,2033,Mali,0.8142694063926941
Guinea,Guinea,CongestionShare,2033,Senegal,0.8460045662100457
Guinea,Guinea,CongestionShare,2033,SierraLeone,0.5868721461187215
Guinea,Guinea,CongestionShare,2034,GuineaBissau,0.2156392694063927
Guinea,Guinea,CongestionShare,2034,IvoryCoast,1.0
Guinea,Guinea,CongestionShare,2034,Liberia,0.7218036529680365
Guinea,Guinea,CongestionShare,2034,Mali,0.6892694063926941
Guinea,Guinea,CongestionShare,2034,Senegal,0.727054794520548
Guinea,Guinea,CongestionShare,2034,SierraLeone,0.6996575342465754
Guinea,Guinea,CongestionShare,2035,GuineaBissau,0.2094748858447488
Guinea,Guinea,CongestionShare,2035,IvoryCoast,1.0
Guinea,Guinea,CongestionShare,2035,Liberia,0.7261415525114155
Guinea,Guinea,CongestionShare,2035,Mali,0.5855022831050228
Guinea,Guinea,CongestionShare,2035,Senegal,0.6952054794520548
Guinea,Guinea,CongestionShare,2035,SierraLeone,0.6868721461187215
Guinea,Guinea,CongestionShare,2040,GuineaBissau,0.4962328767123287
Guinea,Guinea,CongestionShare,2040,IvoryCoast,1.0
Guinea,Guinea,CongestionShare,2040,Liberia,0.9561643835616438
Guinea,Guinea,CongestionShare,2040,Mali,0.2114155251141552
Guinea,Guinea,CongestionShare,2040,Senegal,0.4605022831050228
Guinea,Guinea,CongestionShare,2040,SierraLeone,0.4672374429223744
Guinea,Guinea,CongestionShare,2045,GuineaBissau,0.4896118721461187
Guinea,Guinea,CongestionShare,2045,IvoryCoast,1.0
Guinea,Guinea,CongestionShare,2045,Liberia,0.9963470319634704
Guinea,Guinea,CongestionShare,2045,Mali,0.0994292237442922
Guinea,Guinea,CongestionShare,2045,Senegal,0.530365296803653
Guinea,Guinea,CongestionShare,2045,SierraLeone,0.4102739726027397
Guinea,Guinea,CongestionShare,2050,GuineaBissau,0.4949771689497717
Guinea,Guinea,CongestionShare,2050,IvoryCoast,1.0
Guinea,Guinea,CongestionShare,2050,Liberia,1.0
Guinea,Guinea,CongestionShare,2050,Mali,0.1688356164383561
Guinea,Guinea,CongestionShare,2050,Senegal,0.6026255707762557
Guinea,Guinea,CongestionShare,2050,SierraLeone,0.3368721461187214
Guinea,Guinea,Interchange,2026,GuineaBissau,193.2530990045137
Guinea,Guinea,Interchange,2026,Liberia,4.452392275657063
Guinea,Guinea,Interchange,2026,Mali,44.60596096838826
Guinea,Guinea,Interchange,2026,Senegal,783.7390531164474
Guinea,Guinea,Interchange,2026,SierraLeone,5.196165333143704
Guinea,Guinea,Interchange,2027,GuineaBissau,193.7037421206509
Guinea,Guinea,Interchange,2027,Liberia,112.85315671201704
Guinea,Guinea,Interchange,2027,Mali,152.06238166870313
Guinea,Guinea,Interchange,2027,Senegal,773.7258134411314
Guinea,Guinea,Interchange,2027,SierraLeone,69.24864074634895
Guinea,Guinea,Interchange,2028,GuineaBissau,284.09596737256345
Guinea,Guinea,Interchange,2028,Liberia,6.724592065754623
Guinea,Guinea,Interchange,2028,Mali,572.397011396476
Guinea,Guinea,Interchange,2028,Senegal,690.0130634813612
Guinea,Guinea,Interchange,2028,SierraLeone,22.892200948708748
Guinea,Guinea,Interchange,2029,GuineaBissau,271.4043741551626
Guinea,Guinea,Interchange,2029,Liberia,24.777620818151604
Guinea,Guinea,Interchange,2029,Mali,336.6936264557299
Guinea,Guinea,Interchange,2029,Senegal,768.5830698333818
Guinea,Guinea,Interchange,2029,SierraLeone,53.716
Guinea,Guinea,Interchange,2030,GuineaBissau,226.76711565388703
Guinea,Guinea,Interchange,2030,Liberia,285.2843355912289
Guinea,Guinea,Interchange,2030,Mali,791.5513888465541
Guinea,Guinea,Interchange,2030,Senegal,1020.8658634799664
Guinea,Guinea,Interchange,2030,SierraLeone,126.39231699968695
Guinea,Guinea,Interchange,2031,GuineaBissau,259.50265947651087
Guinea,Guinea,Interchange,2031,Liberia,318.02370301248607
Guinea,Guinea,Interchange,2031,Mali,817.5895052235409
Guinea,Guinea,Interchange,2031,Senegal,990.555020053841
Guinea,Guinea,Interchange,2031,SierraLeone,145.0780406652811
Guinea,Guinea,Interchange,2032,GuineaBissau,262.43653295469613
Guinea,Guinea,Interchange,2032,Liberia,251.7180177310956
Guinea,Guinea,Interchange,2032,Mali,813.1131666706286
Guinea,Guinea,Interchange,2032,Senegal,982.0939345362614
Guinea,Guinea,Interchange,2032,SierraLeone,111.86567329783914
Guinea,Guinea,Interchange,2033,GuineaBissau,283.81131999266063
Guinea,Guinea,Interchange,2033,Liberia,242.9816930427993
Guinea,Guinea,Interchange,2033,Mali,722.3234503850184
Guinea,Guinea,Interchange,2033,Senegal,906.3012182605175
Guinea,Guinea,Interchange,2033,SierraLeone,135.41738806587935
Guinea,Guinea,Interchange,2034,GuineaBissau,288.17688556992874
Guinea,Guinea,Interchange,2034,Liberia,338.10355919274747
Guinea,Guinea,Interchange,2034,Mali,624.9610329802284
Guinea,Guinea,Interchange,2034,Senegal,772.3854826318429
Guinea,Guinea,Interchange,2034,SierraLeone,161.61363005283647
Guinea,Guinea,Interchange,2035,GuineaBissau,294.52608499824555
Guinea,Guinea,Interchange,2035,Liberia,349.88826516944187
Guinea,Guinea,Interchange,2035,Mali,517.5300846435484
Guinea,Guinea,Interchange,2035,Senegal,752.4410392654547
Guinea,Guinea,Interchange,2035,SierraLeone,157.3285843205576
Guinea,Guinea,Interchange,2040,GuineaBissau,413.5275315596471
Guinea,Guinea,Interchange,2040,Liberia,437.9518764257549
Guinea,Guinea,Interchange,2040,Mali,188.6749304450516
Guinea,Guinea,Interchange,2040,Senegal,497.2343938561657
Guinea,Guinea,Interchange,2040,SierraLeone,106.77952286609924
Guinea,Guinea,Interchange,2045,GuineaBissau,405.1164293176058
Guinea,Guinea,Interchange,2045,Liberia,453.856
Guinea,Guinea,Interchange,2045,Mali,97.73561550696915
Guinea,Guinea,Interchange,2045,Senegal,570.2829477941178
Guinea,Guinea,Interchange,2045,SierraLeone,93.94837433713522
Guinea,Guinea,Interchange,2050,GuineaBissau,356.5908409873833
Guinea,Guinea,Interchange,2050,Liberia,455.52
Guinea,Guinea,Interchange,2050,Mali,151.17781695383093
Guinea,Guinea,Interchange,2050,Senegal,638.0920464268434
Guinea,Guinea,Interchange,2050,SierraLeone,78.52935455484095
Guinea,Guinea,InterconUtilization,2026,GuineaBissau,0.3013778149008692
Guinea,Guinea,InterconUtilization,2026,Liberia,0.009774306892468
Guinea,Guinea,InterconUtilization,2026,Mali,0.203680187070266
Guinea,Guinea,InterconUtilization,2026,Senegal,0.7455660703162551
Guinea,Guinea,InterconUtilization,2026,SierraLeone,0.0228142137914634
Guinea,Guinea,InterconUtilization,2027,GuineaBissau,0.3020805919240639
Guinea,Guinea,InterconUtilization,2027,Liberia,0.2477457778187939
Guinea,Guinea,InterconUtilization,2027,Mali,0.6943487747429367
Guinea,Guinea,InterconUtilization,2027,Senegal,0.7360405379006196
Guinea,Guinea,InterconUtilization,2027,SierraLeone,0.3040421529081004
Guinea,Guinea,InterconUtilization,2028,GuineaBissau,0.4430470833841171
Guinea,Guinea,InterconUtilization,2028,Liberia,0.0147624518478982
Guinea,Guinea,InterconUtilization,2028,Mali,0.6534212458863882
Guinea,Guinea,InterconUtilization,2028,Senegal,0.6564051212722234
Guinea,Guinea,InterconUtilization,2028,SierraLeone,0.1005101903262589
Guinea,Guinea,InterconUtilization,2029,GuineaBissau,0.4232545695710184
Guinea,Guinea,InterconUtilization,2029,Liberia,0.0543941447535818
Guinea,Guinea,InterconUtilization,2029,Mali,0.3843534548581391
Guinea,Guinea,InterconUtilization,2029,Senegal,0.7311482779997924
Guinea,Guinea,InterconUtilization,2029,SierraLeone,0.2358447488584475
Guinea,Guinea,InterconUtilization,2030,GuineaBissau,0.3536428557119539
Guinea,Guinea,InterconUtilization,2030,Liberia,0.6262827880032247
Guinea,Guinea,InterconUtilization,2030,Mali,0.9035974758522308
Guinea,Guinea,InterconUtilization,2030,Senegal,0.9711433252282784
Guinea,Guinea,InterconUtilization,2030,SierraLeone,0.5549364111331532
Guinea,Guinea,InterconUtilization,2031,GuineaBissau,0.4046938697328135
Guinea,Guinea,InterconUtilization,2031,Liberia,0.6981553016607087
Guinea,Guinea,InterconUtilization,2031,Mali,0.9333213529949096
Guinea,Guinea,InterconUtilization,2031,Senegal,0.9423088090314315
Guinea,Guinea,InterconUtilization,2031,SierraLeone,0.6369776987411359
Guinea,Guinea,InterconUtilization,2032,GuineaBissau,0.4092692394557614
Guinea,Guinea,InterconUtilization,2032,Liberia,0.5525948755951342
Guinea,Guinea,InterconUtilization,2032,Mali,0.9282113774778864
Guinea,Guinea,InterconUtilization,2032,Senegal,0.9342598311798528
Guinea,Guinea,InterconUtilization,2032,SierraLeone,0.4911559242089881
Guinea,Guinea,InterconUtilization,2033,GuineaBissau,0.4426031763740133
Guinea,Guinea,InterconUtilization,2033,Liberia,0.533416080617315
Guinea,Guinea,InterconUtilization,2033,Mali,0.8245701488413452
Guinea,Guinea,InterconUtilization,2033,Senegal,0.8621586931702032
Guinea,Guinea,InterconUtilization,2033,SierraLeone,0.5945617670612897
Guinea,Guinea,InterconUtilization,2034,GuineaBissau,0.4494112670140128
Guinea,Guinea,InterconUtilization,2034,Liberia,0.7422364752211702
Guinea,Guinea,InterconUtilization,2034,Mali,0.7134258367354206
Guinea,Guinea,InterconUtilization,2034,Senegal,0.7347654895660607
Guinea,Guinea,InterconUtilization,2034,SierraLeone,0.7095786356376733
Guinea,Guinea,InterconUtilization,2035,GuineaBissau,0.4593128306108339
Guinea,Guinea,InterconUtilization,2035,Liberia,0.7681073611903799
Guinea,Guinea,InterconUtilization,2035,Mali,0.590787767857932
Guinea,Guinea,InterconUtilization,2035,Senegal,0.7157924650546563
Guinea,Guinea,InterconUtilization,2035,SierraLeone,0.6907647713406991
Guinea,Guinea,InterconUtilization,2040,GuineaBissau,0.644895344523742
Guinea,Guinea,InterconUtilization,2040,Liberia,0.9614328161787734
Guinea,Guinea,InterconUtilization,2040,Mali,0.2153823406906981
Guinea,Guinea,InterconUtilization,2040,Senegal,0.4730159758905686
Guinea,Guinea,InterconUtilization,2040,SierraLeone,0.4688247403674888
Guinea,Guinea,InterconUtilization,2045,GuineaBissau,0.6317782476819729
Guinea,Guinea,InterconUtilization,2045,Liberia,0.9963470319634704
Guinea,Guinea,InterconUtilization,2045,Mali,0.1115703373367228
Guinea,Guinea,InterconUtilization,2045,Senegal,0.5425066093931867
Guinea,Guinea,InterconUtilization,2045,SierraLeone,0.412488471799856
Guinea,Guinea,InterconUtilization,2050,GuineaBissau,0.556102691361916
Guinea,Guinea,InterconUtilization,2050,Liberia,1.0
Guinea,Guinea,InterconUtilization,2050,Mali,0.1725774166139622
Guinea,Guinea,InterconUtilization,2050,Senegal,0.6070129817606957
Guinea,Guinea,InterconUtilization,2050,SierraLeone,0.3447899304304572
Guinea,Guinea,NetImport,2026,GuineaBissau,-0.1932530990045137
Guinea,Guinea,NetImport,2026,Liberia,-0.004452392275657
Guinea,Guinea,NetImport,2026,Mali,-0.0446059609683882
Guinea,Guinea,NetImport,2026,Senegal,-0.7837390531164474
Guinea,Guinea,NetImport,2026,SierraLeone,-0.0051961653331437
Guinea,Guinea,NetImport,2027,GuineaBissau,-0.1937037421206509
Guinea,Guinea,NetImport,2027,Liberia,-0.112853156712017
Guinea,Guinea,NetImport,2027,Mali,-0.1520623816687031
Guinea,Guinea,NetImport,2027,Senegal,-0.7737258134411314
Guinea,Guinea,NetImport,2027,SierraLeone,-0.0692486407463489
Guinea,Guinea,NetImport,2028,GuineaBissau,-0.2840959673725634
Guinea,Guinea,NetImport,2028,Liberia,-0.0067245920657546
Guinea,Guinea,NetImport,2028,Mali,-0.572397011396476
Guinea,Guinea,NetImport,2028,Senegal,-0.6900130634813613
Guinea,Guinea,NetImport,2028,SierraLeone,-0.0228922009487087
Guinea,Guinea,NetImport,2029,GuineaBissau,-0.2714043741551626
Guinea,Guinea,NetImport,2029,Liberia,-0.0247776208181516
Guinea,Guinea,NetImport,2029,Mali,-0.3366936264557298
Guinea,Guinea,NetImport,2029,Senegal,-0.7685830698333819
Guinea,Guinea,NetImport,2029,SierraLeone,-0.053716
Guinea,Guinea,NetImport,2030,GuineaBissau,-0.226767115653887
Guinea,Guinea,NetImport,2030,Liberia,-0.2852843355912289
Guinea,Guinea,NetImport,2030,Mali,-0.7915513888465542
Guinea,Guinea,NetImport,2030,Senegal,-1.0208658634799663
Guinea,Guinea,NetImport,2030,SierraLeone,-0.1263923169996869
Guinea,Guinea,NetImport,2031,GuineaBissau,-0.2595026594765108
Guinea,Guinea,NetImport,2031,Liberia,-0.318023703012486
Guinea,Guinea,NetImport,2031,Mali,-0.8175895052235409
Guinea,Guinea,NetImport,2031,Senegal,-0.990555020053841
Guinea,Guinea,NetImport,2031,SierraLeone,-0.1450780406652811
Guinea,Guinea,NetImport,2032,GuineaBissau,-0.2624365329546961
Guinea,Guinea,NetImport,2032,Liberia,-0.2517180177310956
Guinea,Guinea,NetImport,2032,Mali,-0.8131131666706286
Guinea,Guinea,NetImport,2032,Senegal,-0.9820939345362614
Guinea,Guinea,NetImport,2032,SierraLeone,-0.1118656732978391
Guinea,Guinea,NetImport,2033,GuineaBissau,-0.2838113199926606
Guinea,Guinea,NetImport,2033,Liberia,-0.2429816930427993
Guinea,Guinea,NetImport,2033,Mali,-0.7223234503850184
Guinea,Guinea,NetImport,2033,Senegal,-0.9063012182605176
Guinea,Guinea,NetImport,2033,SierraLeone,-0.1354173880658793
Guinea,Guinea,NetImport,2034,GuineaBissau,-0.2881768855699287
Guinea,Guinea,NetImport,2034,Liberia,-0.3381035591927475
Guinea,Guinea,NetImport,2034,Mali,-0.6249610329802284
Guinea,Guinea,NetImport,2034,Senegal,-0.7723854826318429
Guinea,Guinea,NetImport,2034,SierraLeone,-0.1616136300528364
Guinea,Guinea,NetImport,2035,GuineaBissau,-0.2945260849982455
Guinea,Guinea,NetImport,2035,Liberia,-0.3498882651694419
Guinea,Guinea,NetImport,2035,Mali,-0.5175300846435484
Guinea,Guinea,NetImport,2035,Senegal,-0.7524410392654547
Guinea,Guinea,NetImport,2035,SierraLeone,-0.1573285843205576
Guinea,Guinea,NetImport,2040,GuineaBissau,-0.413527531559647
Guinea,Guinea,NetImport,2040,Liberia,-0.4379518764257548
Guinea,Guinea,NetImport,2040,Mali,-0.1886749304450516
Guinea,Guinea,NetImport,2040,Senegal,-0.4972343938561657
Guinea,Guinea,NetImport,2040,SierraLeone,-0.1067795228660992
Guinea,Guinea,NetImport,2045,GuineaBissau,-0.4051164293176058
Guinea,Guinea,NetImport,2045,Liberia,-0.453856
Guinea,Guinea,NetImport,2045,Mali,-0.0977356155069691
Guinea,Guinea,NetImport,2045,Senegal,-0.5702829477941178
Guinea,Guinea,NetImport,2045,SierraLeone,-0.0939483743371352
Guinea,Guinea,NetImport,2050,GuineaBissau,-0.3565908409873833
Guinea,Guinea,NetImport,2050,Liberia,-0.45552
Guinea,Guinea,NetImport,2050,Mali,-0.1511778169538309
Guinea,Guinea,NetImport,2050,Senegal,-0.6380920464268434
Guinea,Guinea,NetImport,2050,SierraLeone,-0.0785293545548409
Guinea,Guinea,TransmissionCapacity,2026,GuineaBissau,73.2
Guinea,Guinea,TransmissionCapacity,2026,Liberia,52.0
Guinea,Guinea,TransmissionCapacity,2026,Mali,25.0
Guinea,Guinea,TransmissionCapacity,2026,Senegal,120.0
Guinea,Guinea,TransmissionCapacity,2026,SierraLeone,26.0
Guinea,Guinea,TransmissionCapacity,2027,GuineaBissau,73.2
Guinea,Guinea,TransmissionCapacity,2027,Liberia,52.0
Guinea,Guinea,TransmissionCapacity,2027,Mali,25.0
Guinea,Guinea,TransmissionCapacity,2027,Senegal,120.0
Guinea,Guinea,TransmissionCapacity,2027,SierraLeone,26.0
Guinea,Guinea,TransmissionCapacity,2028,GuineaBissau,73.2
Guinea,Guinea,TransmissionCapacity,2028,Liberia,52.0
Guinea,Guinea,TransmissionCapacity,2028,Mali,100.0
Guinea,Guinea,TransmissionCapacity,2028,Senegal,120.0
Guinea,Guinea,TransmissionCapacity,2028,SierraLeone,26.0
Guinea,Guinea,TransmissionCapacity,2029,GuineaBissau,73.2
Guinea,Guinea,TransmissionCapacity,2029,Liberia,52.0
Guinea,Guinea,TransmissionCapacity,2029,Mali,100.0
Guinea,Guinea,TransmissionCapacity,2029,Senegal,120.0
Guinea,Guinea,TransmissionCapacity,2029,SierraLeone,26.0
Guinea,Guinea,TransmissionCapacity,2030,GuineaBissau,73.2
Guinea,Guinea,TransmissionCapacity,2030,Liberia,52.0
Guinea,Guinea,TransmissionCapacity,2030,Mali,100.0
Guinea,Guinea,TransmissionCapacity,2030,Senegal,120.0
Guinea,Guinea,TransmissionCapacity,2030,SierraLeone,26.0
Guinea,Guinea,TransmissionCapacity,2031,GuineaBissau,73.2
Guinea,Guinea,TransmissionCapacity,2031,Liberia,52.0
Guinea,Guinea,TransmissionCapacity,2031,Mali,100.0
Guinea,Guinea,TransmissionCapacity,2031,Senegal,120.0
Guinea,Guinea,TransmissionCapacity,2031,SierraLeone,26.0
Guinea,Guinea,TransmissionCapacity,2032,GuineaBissau,73.2
Guinea,Guinea,TransmissionCapacity,2032,Liberia,52.0
Guinea,Guinea,TransmissionCapacity,2032,Mali,100.0
Guinea,Guinea,TransmissionCapacity,2032,Senegal,120.0
Guinea,Guinea,TransmissionCapacity,2032,SierraLeone,26.0
Guinea,Guinea,TransmissionCapacity,2033,GuineaBissau,73.2
Guinea,Guinea,TransmissionCapacity,2033,Liberia,52.0
Guinea,Guinea,TransmissionCapacity,2033,Mali,100.0
Guinea,Guinea,TransmissionCapacity,2033,Senegal,120.0
Guinea,Guinea,TransmissionCapacity,2033,SierraLeone,26.0
Guinea,Guinea,TransmissionCapacity,2034,GuineaBissau,73.2
Guinea,Guinea,TransmissionCapacity,2034,Liberia,52.0
Guinea,Guinea,TransmissionCapacity,2034,Mali,100.0
Guinea,Guinea,TransmissionCapacity,2034,Senegal,120.0
Guinea,Guinea,TransmissionCapacity,2034,SierraLeone,26.0
Guinea,Guinea,TransmissionCapacity,2035,GuineaBissau,73.2
Guinea,Guinea,TransmissionCapacity,2035,Liberia,52.0
Guinea,Guinea,TransmissionCapacity,2035,Mali,100.0
Guinea,Guinea,TransmissionCapacity,2035,Senegal,120.0
Guinea,Guinea,TransmissionCapacity,2035,SierraLeone,26.0
Guinea,Guinea,TransmissionCapacity,2040,GuineaBissau,73.2
Guinea,Guinea,TransmissionCapacity,2040,Liberia,52.0
Guinea,Guinea,TransmissionCapacity,2040,Mali,100.0
Guinea,Guinea,TransmissionCapacity,2040,Senegal,120.0
Guinea,Guinea,TransmissionCapacity,2040,SierraLeone,26.0
Guinea,Guinea,TransmissionCapacity,2045,GuineaBissau,73.2
Guinea,Guinea,TransmissionCapacity,2045,Liberia,52.0
Guinea,Guinea,TransmissionCapacity,2045,Mali,100.0
Guinea,Guinea,TransmissionCapacity,2045,Senegal,120.0
Guinea,Guinea,TransmissionCapacity,2045,SierraLeone,26.0
Guinea,Guinea,TransmissionCapacity,2050,GuineaBissau,73.2
Guinea,Guinea,TransmissionCapacity,2050,Liberia,52.0
Guinea,Guinea,TransmissionCapacity,2050,Mali,100.0
Guinea,Guinea,TransmissionCapacity,2050,Senegal,120.0
Guinea,Guinea,TransmissionCapacity,2050,SierraLeone,26.0
GuineaBissau,GuineaBissau,CongestionShare,2026,Gambia,1.0
GuineaBissau,GuineaBissau,CongestionShare,2026,Senegal,0.7964611872146119
GuineaBissau,GuineaBissau,CongestionShare,2027,Gambia,1.0
GuineaBissau,GuineaBissau,CongestionShare,2027,Guinea,0.0424657534246575
GuineaBissau,GuineaBissau,CongestionShare,2027,Senegal,0.8199771689497717
GuineaBissau,GuineaBissau,CongestionShare,2028,Gambia,1.0
GuineaBissau,GuineaBissau,CongestionShare,2028,Senegal,0.4779680365296803
GuineaBissau,GuineaBissau,CongestionShare,2029,Gambia,1.0
GuineaBissau,GuineaBissau,CongestionShare,2029,Guinea,0.028310502283105
GuineaBissau,GuineaBissau,CongestionShare,2029,Senegal,0.7215753424657534
GuineaBissau,GuineaBissau,CongestionShare,2030,Gambia,1.0
GuineaBissau,GuineaBissau,CongestionShare,2030,Guinea,0.1721461187214611
GuineaBissau,GuineaBissau,CongestionShare,2030,Senegal,0.946917808219178
GuineaBissau,GuineaBissau,CongestionShare,2031,Gambia,1.0
GuineaBissau,GuineaBissau,CongestionShare,2031,Guinea,0.1724885844748858
GuineaBissau,GuineaBissau,CongestionShare,2031,Senegal,0.9713470319634704
GuineaBissau,GuineaBissau,CongestionShare,2032,Gambia,1.0
GuineaBissau,GuineaBissau,CongestionShare,2032,Guinea,0.1679223744292237
GuineaBissau,GuineaBissau,CongestionShare,2032,Senegal,0.944406392694064
GuineaBissau,GuineaBissau,CongestionShare,2033,Gambia,1.0
GuineaBissau,GuineaBissau,CongestionShare,2033,Guinea,0.1518264840182648
GuineaBissau,GuineaBissau,CongestionShare,2033,Senegal,0.8208904109589041
GuineaBissau,GuineaBissau,CongestionShare,2034,Gambia,1.0
GuineaBissau,GuineaBissau,CongestionShare,2034,Guinea,0.1355022831050228
GuineaBissau,GuineaBissau,CongestionShare,2034,Senegal,0.7301369863013699
GuineaBissau,GuineaBissau,CongestionShare,2035,Gambia,1.0
GuineaBissau,GuineaBissau,CongestionShare,2035,Guinea,0.1134703196347031
GuineaBissau,GuineaBissau,CongestionShare,2035,Senegal,0.6888127853881278
GuineaBissau,GuineaBissau,CongestionShare,2040,Gambia,1.0
GuineaBissau,GuineaBissau,CongestionShare,2040,Guinea,0.091324200913242
GuineaBissau,GuineaBissau,CongestionShare,2040,Senegal,0.5337899543378996
GuineaBissau,GuineaBissau,CongestionShare,2045,Gambia,1.0
GuineaBissau,GuineaBissau,CongestionShare,2045,Guinea,0.1990867579908675
GuineaBissau,GuineaBissau,CongestionShare,2045,Senegal,0.5263698630136986
GuineaBissau,GuineaBissau,CongestionShare,2050,Gambia,1.0
GuineaBissau,GuineaBissau,CongestionShare,2050,Guinea,0.1570776255707762
GuineaBissau,GuineaBissau,CongestionShare,2050,Senegal,0.7028538812785388
GuineaBissau,GuineaBissau,Interchange,2026,Guinea,9.60785582247666
GuineaBissau,GuineaBissau,Interchange,2026,Senegal,0.0006977
GuineaBissau,GuineaBissau,Interchange,2027,Guinea,16.775628373954298
GuineaBissau,GuineaBissau,Interchange,2027,Senegal,0.0007183
GuineaBissau,GuineaBissau,Interchange,2028,Guinea,10.36003999793698
GuineaBissau,GuineaBissau,Interchange,2028,Senegal,0.0004187
GuineaBissau,GuineaBissau,Interchange,2029,Guinea,15.009467775433311
GuineaBissau,GuineaBissau,Interchange,2029,Senegal,0.0006321
GuineaBissau,GuineaBissau,Interchange,2030,Guinea,52.668551422376446
GuineaBissau,GuineaBissau,Interchange,2030,Senegal,0.0008295
GuineaBissau,GuineaBissau,Interchange,2031,Guinea,47.81208650485121
GuineaBissau,GuineaBissau,Interchange,2031,Senegal,0.0008509
GuineaBissau,GuineaBissau,Interchange,2032,Guinea,45.68837345530794
GuineaBissau,GuineaBissau,Interchange,2032,Senegal,0.0008273
GuineaBissau,GuineaBissau,Interchange,2033,Guinea,43.18547519414388
GuineaBissau,GuineaBissau,Interchange,2033,Senegal,0.0007191
GuineaBissau,GuineaBissau,Interchange,2034,Guinea,40.812835279316005
GuineaBissau,GuineaBissau,Interchange,2034,Senegal,0.0006396
GuineaBissau,GuineaBissau,Interchange,2035,Guinea,38.249240062284805
GuineaBissau,GuineaBissau,Interchange,2035,Senegal,0.0006034
GuineaBissau,GuineaBissau,Interchange,2040,Guinea,29.024999704808085
GuineaBissau,GuineaBissau,Interchange,2040,Senegal,0.0004675999999999
GuineaBissau,GuineaBissau,Interchange,2045,Guinea,48.40558714025664
GuineaBissau,GuineaBissau,Interchange,2045,Senegal,0.0004610999999999
GuineaBissau,GuineaBissau,Interchange,2050,Guinea,38.20711125093684
GuineaBissau,GuineaBissau,Interchange,2050,Senegal,0.0006157
GuineaBissau,GuineaBissau,InterconUtilization,2026,Guinea,0.043871487773866
GuineaBissau,GuineaBissau,InterconUtilization,2026,Senegal,0.7964611872146112
GuineaBissau,GuineaBissau,InterconUtilization,2027,Guinea,0.0766010428034442
GuineaBissau,GuineaBissau,InterconUtilization,2027,Senegal,0.8199771689497718
GuineaBissau,GuineaBissau,InterconUtilization,2028,Guinea,0.047306118712041
GuineaBissau,GuineaBissau,InterconUtilization,2028,Senegal,0.4779680365296793
GuineaBissau,GuineaBissau,InterconUtilization,2029,Guinea,0.0685363825362251
GuineaBissau,GuineaBissau,InterconUtilization,2029,Senegal,0.7215753424657538
GuineaBissau,GuineaBissau,InterconUtilization,2030,Guinea,0.2404956685953262
GuineaBissau,GuineaBissau,InterconUtilization,2030,Senegal,0.946917808219178
GuineaBissau,GuineaBissau,InterconUtilization,2031,Guinea,0.2183200297025169
GuineaBissau,GuineaBissau,InterconUtilization,2031,Senegal,0.9713470319634704
GuineaBissau,GuineaBissau,InterconUtilization,2032,Guinea,0.2086227098415887
GuineaBissau,GuineaBissau,InterconUtilization,2032,Senegal,0.9444063926940636
GuineaBissau,GuineaBissau,InterconUtilization,2033,Guinea,0.1971939506581912
GuineaBissau,GuineaBissau,InterconUtilization,2033,Senegal,0.8208904109589041
GuineaBissau,GuineaBissau,InterconUtilization,2034,Guinea,0.1863599784443653
GuineaBissau,GuineaBissau,InterconUtilization,2034,Senegal,0.73013698630137
GuineaBissau,GuineaBissau,InterconUtilization,2035,Guinea,0.1746540642113461
GuineaBissau,GuineaBissau,InterconUtilization,2035,Senegal,0.6888127853881283
GuineaBissau,GuineaBissau,InterconUtilization,2040,Guinea,0.1325342452274341
GuineaBissau,GuineaBissau,InterconUtilization,2040,Senegal,0.533789954337898
GuineaBissau,GuineaBissau,InterconUtilization,2045,Guinea,0.221030078266012
GuineaBissau,GuineaBissau,InterconUtilization,2045,Senegal,0.5263698630136973
GuineaBissau,GuineaBissau,InterconUtilization,2050,Guinea,0.1744616952097572
GuineaBissau,GuineaBissau,InterconUtilization,2050,Senegal,0.7028538812785388
GuineaBissau,GuineaBissau,NetImport,2026,Guinea,-0.0096078558224766
GuineaBissau,GuineaBissau,NetImport,2026,Senegal,-6.977000000000011e-07
GuineaBissau,GuineaBissau,NetImport,2027,Guinea,-0.0167756283739543
GuineaBissau,GuineaBissau,NetImport,2027,Senegal,-7.183000000000018e-07
GuineaBissau,GuineaBissau,NetImport,2028,Guinea,-0.0103600399979369
GuineaBissau,GuineaBissau,NetImport,2028,Senegal,-4.1870000000000017e-07
GuineaBissau,GuineaBissau,NetImport,2029,Guinea,-0.0150094677754333
GuineaBissau,GuineaBissau,NetImport,2029,Senegal,-6.321000000000019e-07
GuineaBissau,GuineaBissau,NetImport,2030,Guinea,-0.0526685514223764
GuineaBissau,GuineaBissau,NetImport,2030,Senegal,-8.29500000000002e-07
GuineaBissau,GuineaBissau,NetImport,2031,Guinea,-0.0478120865048512
GuineaBissau,GuineaBissau,NetImport,2031,Senegal,-8.50900000000002e-07
GuineaBissau,GuineaBissau,NetImport,2032,Guinea,-0.0456883734553079
GuineaBissau,GuineaBissau,NetImport,2032,Senegal,-8.273000000000019e-07
GuineaBissau,GuineaBissau,NetImport,2033,Guinea,-0.0431854751941438
GuineaBissau,GuineaBissau,NetImport,2033,Senegal,-7.191000000000017e-07
GuineaBissau,GuineaBissau,NetImport,2034,Guinea,-0.040812835279316
GuineaBissau,GuineaBissau,NetImport,2034,Senegal,-6.396000000000018e-07
GuineaBissau,GuineaBissau,NetImport,2035,Guinea,-0.0382492400622848
GuineaBissau,GuineaBissau,NetImport,2035,Senegal,-6.034000000000019e-07
GuineaBissau,GuineaBissau,NetImport,2040,Guinea,-0.029024999704808
GuineaBissau,GuineaBissau,NetImport,2040,Senegal,-4.675999999999998e-07
GuineaBissau,GuineaBissau,NetImport,2045,Guinea,-0.0484055871402566
GuineaBissau,GuineaBissau,NetImport,2045,Senegal,-4.610999999999999e-07
GuineaBissau,GuineaBissau,NetImport,2050,Guinea,-0.0382071112509368
GuineaBissau,GuineaBissau,NetImport,2050,Senegal,-6.157000000000015e-07
GuineaBissau,GuineaBissau,TransmissionCapacity,2026,Guinea,25.0
GuineaBissau,GuineaBissau,TransmissionCapacity,2026,Senegal,0.0001
GuineaBissau,GuineaBissau,TransmissionCapacity,2027,Guinea,25.0
GuineaBissau,GuineaBissau,TransmissionCapacity,2027,Senegal,0.0001
GuineaBissau,GuineaBissau,TransmissionCapacity,2028,Guinea,25.0
GuineaBissau,GuineaBissau,TransmissionCapacity,2028,Senegal,0.0001
GuineaBissau,GuineaBissau,TransmissionCapacity,2029,Guinea,25.0
GuineaBissau,GuineaBissau,TransmissionCapacity,2029,Senegal,0.0001
GuineaBissau,GuineaBissau,TransmissionCapacity,2030,Guinea,25.0
GuineaBissau,GuineaBissau,TransmissionCapacity,2030,Senegal,0.0001
GuineaBissau,GuineaBissau,TransmissionCapacity,2031,Guinea,25.0
GuineaBissau,GuineaBissau,TransmissionCapacity,2031,Senegal,0.0001
GuineaBissau,GuineaBissau,TransmissionCapacity,2032,Guinea,25.0
GuineaBissau,GuineaBissau,TransmissionCapacity,2032,Senegal,0.0001
GuineaBissau,GuineaBissau,TransmissionCapacity,2033,Guinea,25.0
GuineaBissau,GuineaBissau,TransmissionCapacity,2033,Senegal,0.0001
GuineaBissau,GuineaBissau,TransmissionCapacity,2034,Guinea,25.0
GuineaBissau,GuineaBissau,TransmissionCapacity,2034,Senegal,0.0001
GuineaBissau,GuineaBissau,TransmissionCapacity,2035,Guinea,25.0
GuineaBissau,GuineaBissau,TransmissionCapacity,2035,Senegal,0.0001
GuineaBissau,GuineaBissau,TransmissionCapacity,2040,Guinea,25.0
GuineaBissau,GuineaBissau,TransmissionCapacity,2040,Senegal,0.0001
GuineaBissau,GuineaBissau,TransmissionCapacity,2045,Guinea,25.0
GuineaBissau,GuineaBissau,TransmissionCapacity,2045,Senegal,0.0001
GuineaBissau,GuineaBissau,TransmissionCapacity,2050,Guinea,25.0
GuineaBissau,GuineaBissau,TransmissionCapacity,2050,Senegal,0.0001
IvoryCoast,IvoryCoast,CongestionShare,2026,Burkina,0.928538812785388
IvoryCoast,IvoryCoast,CongestionShare,2026,Ghana,0.8409817351598173
IvoryCoast,IvoryCoast,CongestionShare,2026,Guinea,1.0
IvoryCoast,IvoryCoast,CongestionShare,2026,Liberia,0.7382420091324201
IvoryCoast,IvoryCoast,CongestionShare,2026,Mali,0.9885844748858448
IvoryCoast,IvoryCoast,CongestionShare,2027,Burkina,1.0
IvoryCoast,IvoryCoast,CongestionShare,2027,Ghana,1.0
IvoryCoast,IvoryCoast,CongestionShare,2027,Guinea,1.0
IvoryCoast,IvoryCoast,CongestionShare,2027,Liberia,0.6276255707762557
IvoryCoast,IvoryCoast,CongestionShare,2027,Mali,0.991324200913242
IvoryCoast,IvoryCoast,CongestionShare,2028,Burkina,0.971689497716895
IvoryCoast,IvoryCoast,CongestionShare,2028,Ghana,1.0
IvoryCoast,IvoryCoast,CongestionShare,2028,Guinea,1.0
IvoryCoast,IvoryCoast,CongestionShare,2028,Liberia,0.4455479452054794
IvoryCoast,IvoryCoast,CongestionShare,2028,Mali,0.9787671232876712
IvoryCoast,IvoryCoast,CongestionShare,2029,Burkina,0.9437214611872146
IvoryCoast,IvoryCoast,CongestionShare,2029,Ghana,0.9584474885844748
IvoryCoast,IvoryCoast,CongestionShare,2029,Guinea,1.0
IvoryCoast,IvoryCoast,CongestionShare,2029,Liberia,0.2383561643835616
IvoryCoast,IvoryCoast,CongestionShare,2029,Mali,0.448972602739726
IvoryCoast,IvoryCoast,CongestionShare,2030,Burkina,0.9363013698630136
IvoryCoast,IvoryCoast,CongestionShare,2030,Ghana,0.9794520547945206
IvoryCoast,IvoryCoast,CongestionShare,2030,Guinea,1.0
IvoryCoast,IvoryCoast,CongestionShare,2030,Liberia,0.0208904109589041
IvoryCoast,IvoryCoast,CongestionShare,2030,Mali,0.2075342465753424
IvoryCoast,IvoryCoast,CongestionShare,2031,Burkina,0.821917808219178
IvoryCoast,IvoryCoast,CongestionShare,2031,Ghana,0.5976027397260274
IvoryCoast,IvoryCoast,CongestionShare,2031,Guinea,1.0
IvoryCoast,IvoryCoast,CongestionShare,2031,Liberia,0.0070776255707762
IvoryCoast,IvoryCoast,CongestionShare,2031,Mali,0.1184931506849315
IvoryCoast,IvoryCoast,CongestionShare,2032,Burkina,0.7969178082191781
IvoryCoast,IvoryCoast,CongestionShare,2032,Ghana,0.2848173515981735
IvoryCoast,IvoryCoast,CongestionShare,2032,Guinea,1.0
IvoryCoast,IvoryCoast,CongestionShare,2032,Mali,0.0176940639269406
IvoryCoast,IvoryCoast,CongestionShare,2033,Burkina,0.8
IvoryCoast,IvoryCoast,CongestionShare,2033,Ghana,0.2906392694063927
IvoryCoast,IvoryCoast,CongestionShare,2033,Guinea,1.0
IvoryCoast,IvoryCoast,CongestionShare,2033,Mali,0.0286529680365296
IvoryCoast,IvoryCoast,CongestionShare,2034,Burkina,0.7832191780821918
IvoryCoast,IvoryCoast,CongestionShare,2034,Ghana,0.2094748858447488
IvoryCoast,IvoryCoast,CongestionShare,2034,Guinea,1.0
IvoryCoast,IvoryCoast,CongestionShare,2034,Liberia,0.0912100456621004
IvoryCoast,IvoryCoast,CongestionShare,2034,Mali,0.0255707762557077
IvoryCoast,IvoryCoast,CongestionShare,2035,Burkina,0.7350456621004566
IvoryCoast,IvoryCoast,CongestionShare,2035,Ghana,0.2350456621004566
IvoryCoast,IvoryCoast,CongestionShare,2035,Guinea,1.0
IvoryCoast,IvoryCoast,CongestionShare,2035,Liberia,0.1893835616438356
IvoryCoast,IvoryCoast,CongestionShare,2035,Mali,0.0518264840182648
IvoryCoast,IvoryCoast,CongestionShare,2040,Burkina,0.3948630136986301
IvoryCoast,IvoryCoast,CongestionShare,2040,Ghana,0.2333333333333333
IvoryCoast,IvoryCoast,CongestionShare,2040,Guinea,1.0
IvoryCoast,IvoryCoast,CongestionShare,2040,Liberia,0.2885844748858447
IvoryCoast,IvoryCoast,CongestionShare,2040,Mali,0.0328767123287671
IvoryCoast,IvoryCoast,CongestionShare,2045,Burkina,0.1929223744292237
IvoryCoast,IvoryCoast,CongestionShare,2045,Ghana,0.2893835616438356
IvoryCoast,IvoryCoast,CongestionShare,2045,Guinea,1.0
IvoryCoast,IvoryCoast,CongestionShare,2045,Liberia,0.8885844748858448
IvoryCoast,IvoryCoast,CongestionShare,2045,Mali,0.025
IvoryCoast,IvoryCoast,CongestionShare,2050,Burkina,0.0614155251141552
IvoryCoast,IvoryCoast,CongestionShare,2050,Ghana,0.0942922374429223
IvoryCoast,IvoryCoast,CongestionShare,2050,Guinea,1.0
IvoryCoast,IvoryCoast,CongestionShare,2050,Liberia,1.0
IvoryCoast,IvoryCoast,CongestionShare,2050,Mali,0.035958904109589
IvoryCoast,IvoryCoast,Interchange,2026,Burkina,1051.4376334354472
IvoryCoast,IvoryCoast,Interchange,2026,Ghana,880.8881460030385
IvoryCoast,IvoryCoast,Interchange,2026,Liberia,553.100049431819
IvoryCoast,IvoryCoast,Interchange,2026,Mali,1050.158477403374
IvoryCoast,IvoryCoast,Interchange,2027,Burkina,1112.52
IvoryCoast,IvoryCoast,Interchange,2027,Ghana,1024.92
IvoryCoast,IvoryCoast,Interchange,2027,Liberia,466.5032063267747
IvoryCoast,IvoryCoast,Interchange,2027,Mali,1050.3211333971951
IvoryCoast,IvoryCoast,Interchange,2028,Burkina,1102.4925127066397
IvoryCoast,IvoryCoast,Interchange,2028,Ghana,1024.92
IvoryCoast,IvoryCoast,Interchange,2028,Liberia,331.47365387975026
IvoryCoast,IvoryCoast,Interchange,2028,Mali,1034.985229924395
IvoryCoast,IvoryCoast,Interchange,2029,Burkina,1058.1295041808132
IvoryCoast,IvoryCoast,Interchange,2029,Ghana,4918.390375274798
IvoryCoast,IvoryCoast,Interchange,2029,Liberia,197.9653056445441
IvoryCoast,IvoryCoast,Interchange,2029,Mali,549.5691539131697
IvoryCoast,IvoryCoast,Interchange,2030,Burkina,1049.294586537912
IvoryCoast,IvoryCoast,Interchange,2030,Ghana,4969.298600079018
IvoryCoast,IvoryCoast,Interchange,2030,Liberia,27.475801360792563
IvoryCoast,IvoryCoast,Interchange,2030,Mali,258.06547993846385
IvoryCoast,IvoryCoast,Interchange,2031,Burkina,947.2651336751114
IvoryCoast,IvoryCoast,Interchange,2031,Ghana,4031.514100934661
IvoryCoast,IvoryCoast,Interchange,2031,Liberia,13.737148155119185
IvoryCoast,IvoryCoast,Interchange,2031,Mali,152.84907927538657
IvoryCoast,IvoryCoast,Interchange,2032,Burkina,904.7582187037948
IvoryCoast,IvoryCoast,Interchange,2032,Ghana,2594.683959256728
IvoryCoast,IvoryCoast,Interchange,2032,Mali,42.92345808717673
IvoryCoast,IvoryCoast,Interchange,2033,Burkina,915.7052969821254
IvoryCoast,IvoryCoast,Interchange,2033,Ghana,2493.2879093475567
IvoryCoast,IvoryCoast,Interchange,2033,Liberia,1.5373572735554943
IvoryCoast,IvoryCoast,Interchange,2033,Mali,46.98138129486228
IvoryCoast,IvoryCoast,Interchange,2034,Burkina,888.9963781582259
IvoryCoast,IvoryCoast,Interchange,2034,Ghana,1866.742204269094
IvoryCoast,IvoryCoast,Interchange,2034,Liberia,92.29978189306132
IvoryCoast,IvoryCoast,Interchange,2034,Mali,27.545251995716
IvoryCoast,IvoryCoast,Interchange,2035,Burkina,834.983584720714
IvoryCoast,IvoryCoast,Interchange,2035,Ghana,1701.4618492387326
IvoryCoast,IvoryCoast,Interchange,2035,Liberia,158.37376083507584
IvoryCoast,IvoryCoast,Interchange,2035,Mali,57.03610649500488
IvoryCoast,IvoryCoast,Interchange,2040,Burkina,455.43233138036015
IvoryCoast,IvoryCoast,Interchange,2040,Ghana,1368.230488050577
IvoryCoast,IvoryCoast,Interchange,2040,Liberia,251.313030572396
IvoryCoast,IvoryCoast,Interchange,2040,Mali,34.56
IvoryCoast,IvoryCoast,Interchange,2045,Burkina,214.63
IvoryCoast,IvoryCoast,Interchange,2045,Ghana,1597.8545466282849
IvoryCoast,IvoryCoast,Interchange,2045,Liberia,626.775372410541
IvoryCoast,IvoryCoast,Interchange,2045,Mali,29.69405982730776
IvoryCoast,IvoryCoast,Interchange,2050,Burkina,71.58663584531568
IvoryCoast,IvoryCoast,Interchange,2050,Ghana,519.9399837076079
IvoryCoast,IvoryCoast,Interchange,2050,Liberia,683.28
IvoryCoast,IvoryCoast,Interchange,2050,Mali,37.8
IvoryCoast,IvoryCoast,InterconUtilization,2026,Burkina,0.9450954890118356
IvoryCoast,IvoryCoast,InterconUtilization,2026,Ghana,0.8594701498683199
IvoryCoast,IvoryCoast,InterconUtilization,2026,Liberia,0.8094778852473642
IvoryCoast,IvoryCoast,InterconUtilization,2026,Mali,0.999009206053438
IvoryCoast,IvoryCoast,InterconUtilization,2027,Burkina,1.0
IvoryCoast,IvoryCoast,InterconUtilization,2027,Ghana,1.0000000000000002
IvoryCoast,IvoryCoast,InterconUtilization,2027,Liberia,0.6827409061099033
IvoryCoast,IvoryCoast,InterconUtilization,2027,Mali,0.9991639396853071
IvoryCoast,IvoryCoast,InterconUtilization,2028,Burkina,0.9909866903126592
IvoryCoast,IvoryCoast,InterconUtilization,2028,Ghana,1.0000000000000002
IvoryCoast,IvoryCoast,InterconUtilization,2028,Liberia,0.4851212590442429
IvoryCoast,IvoryCoast,InterconUtilization,2028,Mali,0.98457499041514
IvoryCoast,IvoryCoast,InterconUtilization,2029,Burkina,0.9511105455909226
IvoryCoast,IvoryCoast,InterconUtilization,2029,Ghana,0.9867488374370638
IvoryCoast,IvoryCoast,InterconUtilization,2029,Liberia,0.2897279382457325
IvoryCoast,IvoryCoast,InterconUtilization,2029,Mali,0.5228017065384034
IvoryCoast,IvoryCoast,InterconUtilization,2030,Burkina,0.9431691893520224
IvoryCoast,IvoryCoast,InterconUtilization,2030,Ghana,0.99696226658943
IvoryCoast,IvoryCoast,InterconUtilization,2030,Liberia,0.0402116282648293
IvoryCoast,IvoryCoast,InterconUtilization,2030,Mali,0.2454960806111718
IvoryCoast,IvoryCoast,InterconUtilization,2031,Burkina,0.8514589703332178
IvoryCoast,IvoryCoast,InterconUtilization,2031,Ghana,0.80881986761495
IvoryCoast,IvoryCoast,InterconUtilization,2031,Liberia,0.0201047127899531
IvoryCoast,IvoryCoast,InterconUtilization,2031,Mali,0.1454043752619735
IvoryCoast,IvoryCoast,InterconUtilization,2032,Burkina,0.8132511943190187
IvoryCoast,IvoryCoast,InterconUtilization,2032,Ghana,0.5205567645024773
IvoryCoast,IvoryCoast,InterconUtilization,2032,Mali,0.0408328178150463
IvoryCoast,IvoryCoast,InterconUtilization,2033,Burkina,0.823091087784602
IvoryCoast,IvoryCoast,InterconUtilization,2033,Ghana,0.5002142486111893
IvoryCoast,IvoryCoast,InterconUtilization,2033,Liberia,0.0022499667391925
IvoryCoast,IvoryCoast,InterconUtilization,2033,Mali,0.0446930948391003
IvoryCoast,IvoryCoast,InterconUtilization,2034,Burkina,0.7990835024612825
IvoryCoast,IvoryCoast,InterconUtilization,2034,Ghana,0.3745139281983721
IvoryCoast,IvoryCoast,InterconUtilization,2034,Liberia,0.1350833946450376
IvoryCoast,IvoryCoast,InterconUtilization,2034,Mali,0.0262036263277359
IvoryCoast,IvoryCoast,InterconUtilization,2035,Burkina,0.7505335497076133
IvoryCoast,IvoryCoast,InterconUtilization,2035,Ghana,0.341354665566991
IvoryCoast,IvoryCoast,InterconUtilization,2035,Liberia,0.2317845697738494
IvoryCoast,IvoryCoast,InterconUtilization,2035,Mali,0.0542580921756134
IvoryCoast,IvoryCoast,InterconUtilization,2040,Burkina,0.4093700170606912
IvoryCoast,IvoryCoast,InterconUtilization,2040,Ghana,0.2745003426765247
IvoryCoast,IvoryCoast,InterconUtilization,2040,Liberia,0.3678038733350836
IvoryCoast,IvoryCoast,InterconUtilization,2040,Mali,0.0328767123287671
IvoryCoast,IvoryCoast,InterconUtilization,2045,Burkina,0.1929223744292237
IvoryCoast,IvoryCoast,InterconUtilization,2045,Ghana,0.3205685185554014
IvoryCoast,IvoryCoast,InterconUtilization,2045,Liberia,0.9173038467546848
IvoryCoast,IvoryCoast,InterconUtilization,2045,Mali,0.0282477738083216
IvoryCoast,IvoryCoast,InterconUtilization,2050,Burkina,0.0643463810496132
IvoryCoast,IvoryCoast,InterconUtilization,2050,Ghana,0.1043126176075161
IvoryCoast,IvoryCoast,InterconUtilization,2050,Liberia,1.0
IvoryCoast,IvoryCoast,InterconUtilization,2050,Mali,0.035958904109589
IvoryCoast,IvoryCoast,NetImport,2026,Burkina,-1.0514376334354472
IvoryCoast,IvoryCoast,NetImport,2026,Ghana,-0.8808881460030386
IvoryCoast,IvoryCoast,NetImport,2026,Liberia,-0.553100049431819
IvoryCoast,IvoryCoast,NetImport,2026,Mali,-1.050158477403374
IvoryCoast,IvoryCoast,NetImport,2027,Burkina,-1.11252
IvoryCoast,IvoryCoast,NetImport,2027,Ghana,-1.02492
IvoryCoast,IvoryCoast,NetImport,2027,Liberia,-0.4665032063267747
IvoryCoast,IvoryCoast,NetImport,2027,Mali,-1.0503211333971951
IvoryCoast,IvoryCoast,NetImport,2028,Burkina,-1.1024925127066396
IvoryCoast,IvoryCoast,NetImport,2028,Ghana,-1.02492
IvoryCoast,IvoryCoast,NetImport,2028,Liberia,-0.3314736538797502
IvoryCoast,IvoryCoast,NetImport,2028,Mali,-1.0349852299243951
IvoryCoast,IvoryCoast,NetImport,2029,Burkina,-1.0581295041808132
IvoryCoast,IvoryCoast,NetImport,2029,Ghana,-4.918390375274798
IvoryCoast,IvoryCoast,NetImport,2029,Liberia,-0.1979653056445441
IvoryCoast,IvoryCoast,NetImport,2029,Mali,-0.5495691539131696
IvoryCoast,IvoryCoast,NetImport,2030,Burkina,-1.049294586537912
IvoryCoast,IvoryCoast,NetImport,2030,Ghana,-4.969298600079018
IvoryCoast,IvoryCoast,NetImport,2030,Liberia,-0.0274758013607925
IvoryCoast,IvoryCoast,NetImport,2030,Mali,-0.2580654799384638
IvoryCoast,IvoryCoast,NetImport,2031,Burkina,-0.9472651336751114
IvoryCoast,IvoryCoast,NetImport,2031,Ghana,-4.031514100934661
IvoryCoast,IvoryCoast,NetImport,2031,Liberia,-0.0137371481551191
IvoryCoast,IvoryCoast,NetImport,2031,Mali,-0.1528490792753865
IvoryCoast,IvoryCoast,NetImport,2032,Burkina,-0.9047582187037948
IvoryCoast,IvoryCoast,NetImport,2032,Ghana,-2.594683959256728
IvoryCoast,IvoryCoast,NetImport,2032,Mali,-0.0429234580871767
IvoryCoast,IvoryCoast,NetImport,2033,Burkina,-0.9157052969821254
IvoryCoast,IvoryCoast,NetImport,2033,Ghana,-2.493287909347557
IvoryCoast,IvoryCoast,NetImport,2033,Liberia,-0.0015373572735554
IvoryCoast,IvoryCoast,NetImport,2033,Mali,-0.0469813812948622
IvoryCoast,IvoryCoast,NetImport,2034,Burkina,-0.8889963781582259
IvoryCoast,IvoryCoast,NetImport,2034,Ghana,-1.8667422042690944
IvoryCoast,IvoryCoast,NetImport,2034,Liberia,-0.0922997818930613
IvoryCoast,IvoryCoast,NetImport,2034,Mali,-0.027545251995716
IvoryCoast,IvoryCoast,NetImport,2035,Burkina,-0.834983584720714
IvoryCoast,IvoryCoast,NetImport,2035,Ghana,-1.7014618492387326
IvoryCoast,IvoryCoast,NetImport,2035,Liberia,-0.1583737608350758
IvoryCoast,IvoryCoast,NetImport,2035,Mali,-0.0570361064950048
IvoryCoast,IvoryCoast,NetImport,2040,Burkina,-0.4554323313803601
IvoryCoast,IvoryCoast,NetImport,2040,Ghana,-1.368230488050577
IvoryCoast,IvoryCoast,NetImport,2040,Liberia,-0.2513130305723959
IvoryCoast,IvoryCoast,NetImport,2040,Mali,-0.03456
IvoryCoast,IvoryCoast,NetImport,2045,Burkina,-0.21463
IvoryCoast,IvoryCoast,NetImport,2045,Ghana,-1.597854546628285
IvoryCoast,IvoryCoast,NetImport,2045,Liberia,-0.6267753724105409
IvoryCoast,IvoryCoast,NetImport,2045,Mali,-0.0296940598273077
IvoryCoast,IvoryCoast,NetImport,2050,Burkina,-0.0715866358453156
IvoryCoast,IvoryCoast,NetImport,2050,Ghana,-0.5199399837076079
IvoryCoast,IvoryCoast,NetImport,2050,Liberia,-0.68328
IvoryCoast,IvoryCoast,NetImport,2050,Mali,-0.0378
IvoryCoast,IvoryCoast,TransmissionCapacity,2026,Burkina,127.0
IvoryCoast,IvoryCoast,TransmissionCapacity,2026,Ghana,117.0
IvoryCoast,IvoryCoast,TransmissionCapacity,2026,Liberia,78.0
IvoryCoast,IvoryCoast,TransmissionCapacity,2026,Mali,120.0
IvoryCoast,IvoryCoast,TransmissionCapacity,2027,Burkina,127.0
IvoryCoast,IvoryCoast,TransmissionCapacity,2027,Ghana,117.0
IvoryCoast,IvoryCoast,TransmissionCapacity,2027,Liberia,78.0
IvoryCoast,IvoryCoast,TransmissionCapacity,2027,Mali,120.0
IvoryCoast,IvoryCoast,TransmissionCapacity,2028,Burkina,127.0
IvoryCoast,IvoryCoast,TransmissionCapacity,2028,Ghana,117.0
IvoryCoast,IvoryCoast,TransmissionCapacity,2028,Liberia,78.0
IvoryCoast,IvoryCoast,TransmissionCapacity,2028,Mali,120.0
IvoryCoast,IvoryCoast,TransmissionCapacity,2029,Burkina,127.0
IvoryCoast,IvoryCoast,TransmissionCapacity,2029,Ghana,569.0
IvoryCoast,IvoryCoast,TransmissionCapacity,2029,Liberia,78.0
IvoryCoast,IvoryCoast,TransmissionCapacity,2029,Mali,120.0
IvoryCoast,IvoryCoast,TransmissionCapacity,2030,Burkina,127.0
IvoryCoast,IvoryCoast,TransmissionCapacity,2030,Ghana,569.0
IvoryCoast,IvoryCoast,TransmissionCapacity,2030,Liberia,78.0
IvoryCoast,IvoryCoast,TransmissionCapacity,2030,Mali,120.0
IvoryCoast,IvoryCoast,TransmissionCapacity,2031,Burkina,127.0
IvoryCoast,IvoryCoast,TransmissionCapacity,2031,Ghana,569.0
IvoryCoast,IvoryCoast,TransmissionCapacity,2031,Liberia,78.0
IvoryCoast,IvoryCoast,TransmissionCapacity,2031,Mali,120.0
IvoryCoast,IvoryCoast,TransmissionCapacity,2032,Burkina,127.0
IvoryCoast,IvoryCoast,TransmissionCapacity,2032,Ghana,569.0
IvoryCoast,IvoryCoast,TransmissionCapacity,2032,Liberia,78.0
IvoryCoast,IvoryCoast,TransmissionCapacity,2032,Mali,120.0
IvoryCoast,IvoryCoast,TransmissionCapacity,2033,Burkina,127.0
IvoryCoast,IvoryCoast,TransmissionCapacity,2033,Ghana,569.0
IvoryCoast,IvoryCoast,TransmissionCapacity,2033,Liberia,78.0
IvoryCoast,IvoryCoast,TransmissionCapacity,2033,Mali,120.0
IvoryCoast,IvoryCoast,TransmissionCapacity,2034,Burkina,127.0
IvoryCoast,IvoryCoast,TransmissionCapacity,2034,Ghana,569.0
IvoryCoast,IvoryCoast,TransmissionCapacity,2034,Liberia,78.0
IvoryCoast,IvoryCoast,TransmissionCapacity,2034,Mali,120.0
IvoryCoast,IvoryCoast,TransmissionCapacity,2035,Burkina,127.0
IvoryCoast,IvoryCoast,TransmissionCapacity,2035,Ghana,569.0
IvoryCoast,IvoryCoast,TransmissionCapacity,2035,Liberia,78.0
IvoryCoast,IvoryCoast,TransmissionCapacity,2035,Mali,120.0
IvoryCoast,IvoryCoast,TransmissionCapacity,2040,Burkina,127.0
IvoryCoast,IvoryCoast,TransmissionCapacity,2040,Ghana,569.0
IvoryCoast,IvoryCoast,TransmissionCapacity,2040,Liberia,78.0
IvoryCoast,IvoryCoast,TransmissionCapacity,2040,Mali,120.0
IvoryCoast,IvoryCoast,TransmissionCapacity,2045,Burkina,127.0
IvoryCoast,IvoryCoast,TransmissionCapacity,2045,Ghana,569.0
IvoryCoast,IvoryCoast,TransmissionCapacity,2045,Liberia,78.0
IvoryCoast,IvoryCoast,TransmissionCapacity,2045,Mali,120.0
IvoryCoast,IvoryCoast,TransmissionCapacity,2050,Burkina,127.0
IvoryCoast,IvoryCoast,TransmissionCapacity,2050,Ghana,569.0
IvoryCoast,IvoryCoast,TransmissionCapacity,2050,Liberia,78.0
IvoryCoast,IvoryCoast,TransmissionCapacity,2050,Mali,120.0
Liberia,Liberia,CongestionShare,2026,Guinea,0.919634703196347
Liberia,Liberia,CongestionShare,2026,SierraLeone,0.0202054794520547
Liberia,Liberia,CongestionShare,2027,Guinea,0.3313926940639269
Liberia,Liberia,CongestionShare,2027,IvoryCoast,0.1273972602739726
Liberia,Liberia,CongestionShare,2027,SierraLeone,0.2832191780821917
Liberia,Liberia,CongestionShare,2028,Guinea,0.8726027397260274
Liberia,Liberia,CongestionShare,2028,IvoryCoast,0.2952054794520548
Liberia,Liberia,CongestionShare,2028,SierraLeone,0.3364155251141552
Liberia,Liberia,CongestionShare,2029,Guinea,0.8839041095890411
Liberia,Liberia,CongestionShare,2029,IvoryCoast,0.6439497716894977
Liberia,Liberia,CongestionShare,2029,SierraLeone,0.2087899543378995
Liberia,Liberia,CongestionShare,2030,Guinea,0.2872146118721461
Liberia,Liberia,CongestionShare,2030,IvoryCoast,0.8746575342465753
Liberia,Liberia,CongestionShare,2030,SierraLeone,0.1437214611872146
Liberia,Liberia,CongestionShare,2031,Guinea,0.1852739726027397
Liberia,Liberia,CongestionShare,2031,IvoryCoast,0.882420091324201
Liberia,Liberia,CongestionShare,2031,SierraLeone,0.1294520547945205
Liberia,Liberia,CongestionShare,2032,Guinea,0.3611872146118721
Liberia,Liberia,CongestionShare,2032,IvoryCoast,0.9932648401826484
Liberia,Liberia,CongestionShare,2032,SierraLeone,0.219634703196347
Liberia,Liberia,CongestionShare,2033,Guinea,0.3407534246575342
Liberia,Liberia,CongestionShare,2033,IvoryCoast,0.9865296803652968
Liberia,Liberia,CongestionShare,2033,SierraLeone,0.1843607305936073
Liberia,Liberia,CongestionShare,2034,Guinea,0.1544520547945205
Liberia,Liberia,CongestionShare,2034,IvoryCoast,0.714041095890411
Liberia,Liberia,CongestionShare,2034,SierraLeone,0.2114155251141552
Liberia,Liberia,CongestionShare,2035,Guinea,0.1382420091324201
Liberia,Liberia,CongestionShare,2035,IvoryCoast,0.6607305936073059
Liberia,Liberia,CongestionShare,2035,SierraLeone,0.2200913242009132
Liberia,Liberia,CongestionShare,2040,Guinea,0.0328767123287671
Liberia,Liberia,CongestionShare,2040,IvoryCoast,0.3702054794520548
Liberia,Liberia,CongestionShare,2040,SierraLeone,0.0269406392694063
Liberia,Liberia,CongestionShare,2045,IvoryCoast,0.0242009132420091
Liberia,Liberia,Interchange,2026,Guinea,433.1735008117103
Liberia,Liberia,Interchange,2026,IvoryCoast,9.887356199821191
Liberia,Liberia,Interchange,2026,SierraLeone,181.8004938782109
Liberia,Liberia,Interchange,2027,Guinea,193.65391804369216
Liberia,Liberia,Interchange,2027,IvoryCoast,130.1547715269447
Liberia,Liberia,Interchange,2027,SierraLeone,312.6791178020918
Liberia,Liberia,Interchange,2028,Guinea,408.8493269876631
Liberia,Liberia,Interchange,2028,IvoryCoast,260.7938841448636
Liberia,Liberia,Interchange,2028,SierraLeone,307.0788794880542
Liberia,Liberia,Interchange,2029,Guinea,410.48727333836536
Liberia,Liberia,Interchange,2029,IvoryCoast,447.7974262969928
Liberia,Liberia,Interchange,2029,SierraLeone,215.87498774889875
Liberia,Liberia,Interchange,2030,Guinea,136.42025463863786
Liberia,Liberia,Interchange,2030,IvoryCoast,621.3080697099266
Liberia,Liberia,Interchange,2030,SierraLeone,147.75904628993993
Liberia,Liberia,Interchange,2031,Guinea,91.21259530458396
Liberia,Liberia,Interchange,2031,IvoryCoast,631.2166454719217
Liberia,Liberia,Interchange,2031,SierraLeone,143.33991208900238
Liberia,Liberia,Interchange,2032,Guinea,174.23245302185927
Liberia,Liberia,Interchange,2032,IvoryCoast,680.5799944276563
Liberia,Liberia,Interchange,2032,SierraLeone,240.3719461049928
Liberia,Liberia,Interchange,2033,Guinea,167.02763836058602
Liberia,Liberia,Interchange,2033,IvoryCoast,675.3953189052742
Liberia,Liberia,Interchange,2033,SierraLeone,214.997592870404
Liberia,Liberia,Interchange,2034,Guinea,86.89267866481198
Liberia,Liberia,Interchange,2034,IvoryCoast,523.696572523384
Liberia,Liberia,Interchange,2034,SierraLeone,193.64963334104328
Liberia,Liberia,Interchange,2035,Guinea,72.01649967422811
Liberia,Liberia,Interchange,2035,IvoryCoast,479.035228205355
Liberia,Liberia,Interchange,2035,SierraLeone,204.27529397504983
Liberia,Liberia,Interchange,2040,Guinea,14.976
Liberia,Liberia,Interchange,2040,IvoryCoast,306.28783121744624
Liberia,Liberia,Interchange,2040,SierraLeone,25.771208482069724
Liberia,Liberia,Interchange,2045,Guinea,0.5170447039229621
Liberia,Liberia,Interchange,2045,IvoryCoast,26.19375438378476
Liberia,Liberia,InterconUtilization,2026,Guinea,0.9509428802505054
Liberia,Liberia,InterconUtilization,2026,IvoryCoast,0.0144704311553406
Liberia,Liberia,InterconUtilization,2026,SierraLeone,0.26607026969648
Liberia,Liberia,InterconUtilization,2027,Guinea,0.4251271470927559
Liberia,Liberia,InterconUtilization,2027,IvoryCoast,0.1904852644990994
Liberia,Liberia,InterconUtilization,2027,SierraLeone,0.4576149130694471
Liberia,Liberia,InterconUtilization,2028,Guinea,0.8975441846409885
Liberia,Liberia,InterconUtilization,2028,IvoryCoast,0.3816793761633058
Liberia,Liberia,InterconUtilization,2028,SierraLeone,0.449418802669556
Liberia,Liberia,InterconUtilization,2029,Guinea,0.901139957276004
Liberia,Liberia,InterconUtilization,2029,IvoryCoast,0.6553644571727444
Liberia,Liberia,InterconUtilization,2029,SierraLeone,0.3159392748930142
Liberia,Liberia,InterconUtilization,2030,Guinea,0.299482469789774
Liberia,Liberia,InterconUtilization,2030,IvoryCoast,0.9093022914616652
Liberia,Liberia,InterconUtilization,2030,SierraLeone,0.2162496286880048
Liberia,Liberia,InterconUtilization,2031,Guinea,0.2002383985436072
Liberia,Liberia,InterconUtilization,2031,IvoryCoast,0.9238037780586608
Liberia,Liberia,InterconUtilization,2031,SierraLeone,0.2097820982452323
Liberia,Liberia,InterconUtilization,2032,Guinea,0.3824913352253672
Liberia,Liberia,InterconUtilization,2032,IvoryCoast,0.9960484639205834
Liberia,Liberia,InterconUtilization,2032,SierraLeone,0.3517912804487073
Liberia,Liberia,InterconUtilization,2033,Guinea,0.366674653935252
Liberia,Liberia,InterconUtilization,2033,IvoryCoast,0.9884605416597504
Liberia,Liberia,InterconUtilization,2033,SierraLeone,0.3146551821660285
Liberia,Liberia,InterconUtilization,2034,Guinea,0.1907549145258429
Liberia,Liberia,InterconUtilization,2034,IvoryCoast,0.7664450481843227
Liberia,Liberia,InterconUtilization,2034,SierraLeone,0.2834118272758507
Liberia,Liberia,InterconUtilization,2035,Guinea,0.1580973385893662
Liberia,Liberia,InterconUtilization,2035,IvoryCoast,0.7010818818132464
Liberia,Liberia,InterconUtilization,2035,SierraLeone,0.2989627882786703
Liberia,Liberia,InterconUtilization,2040,Guinea,0.0328767123287671
Liberia,Liberia,InterconUtilization,2040,IvoryCoast,0.4482610806952439
Liberia,Liberia,InterconUtilization,2040,SierraLeone,0.0377169073909227
Liberia,Liberia,InterconUtilization,2045,Guinea,0.0011350647697641
Liberia,Liberia,InterconUtilization,2045,IvoryCoast,0.0383353155130909
Liberia,Liberia,NetImport,2026,Guinea,-0.4331735008117102
Liberia,Liberia,NetImport,2026,IvoryCoast,-0.0098873561998211
Liberia,Liberia,NetImport,2026,SierraLeone,-0.1818004938782109
Liberia,Liberia,NetImport,2027,Guinea,-0.1936539180436921
Liberia,Liberia,NetImport,2027,IvoryCoast,-0.1301547715269447
Liberia,Liberia,NetImport,2027,SierraLeone,-0.3126791178020918
Liberia,Liberia,NetImport,2028,Guinea,-0.4088493269876631
Liberia,Liberia,NetImport,2028,IvoryCoast,-0.2607938841448636
Liberia,Liberia,NetImport,2028,SierraLeone,-0.3070788794880542
Liberia,Liberia,NetImport,2029,Guinea,-0.4104872733383654
Liberia,Liberia,NetImport,2029,IvoryCoast,-0.4477974262969928
Liberia,Liberia,NetImport,2029,SierraLeone,-0.2158749877488987
Liberia,Liberia,NetImport,2030,Guinea,-0.1364202546386378
Liberia,Liberia,NetImport,2030,IvoryCoast,-0.6213080697099266
Liberia,Liberia,NetImport,2030,SierraLeone,-0.1477590462899399
Liberia,Liberia,NetImport,2031,Guinea,-0.0912125953045839
Liberia,Liberia,NetImport,2031,IvoryCoast,-0.6312166454719217
Liberia,Liberia,NetImport,2031,SierraLeone,-0.1433399120890023
Liberia,Liberia,NetImport,2032,Guinea,-0.1742324530218592
Liberia,Liberia,NetImport,2032,IvoryCoast,-0.6805799944276563
Liberia,Liberia,NetImport,2032,SierraLeone,-0.2403719461049927
Liberia,Liberia,NetImport,2033,Guinea,-0.167027638360586
Liberia,Liberia,NetImport,2033,IvoryCoast,-0.6753953189052742
Liberia,Liberia,NetImport,2033,SierraLeone,-0.2149975928704039
Liberia,Liberia,NetImport,2034,Guinea,-0.0868926786648119
Liberia,Liberia,NetImport,2034,IvoryCoast,-0.5236965725233841
Liberia,Liberia,NetImport,2034,SierraLeone,-0.1936496333410432
Liberia,Liberia,NetImport,2035,Guinea,-0.0720164996742281
Liberia,Liberia,NetImport,2035,IvoryCoast,-0.479035228205355
Liberia,Liberia,NetImport,2035,SierraLeone,-0.2042752939750498
Liberia,Liberia,NetImport,2040,Guinea,-0.014976
Liberia,Liberia,NetImport,2040,IvoryCoast,-0.3062878312174462
Liberia,Liberia,NetImport,2040,SierraLeone,-0.0257712084820697
Liberia,Liberia,NetImport,2045,Guinea,-0.0005170447039229
Liberia,Liberia,NetImport,2045,IvoryCoast,-0.0261937543837847
Liberia,Liberia,TransmissionCapacity,2026,Guinea,52.0
Liberia,Liberia,TransmissionCapacity,2026,IvoryCoast,78.0
Liberia,Liberia,TransmissionCapacity,2026,SierraLeone,78.0
Liberia,Liberia,TransmissionCapacity,2027,Guinea,52.0
Liberia,Liberia,TransmissionCapacity,2027,IvoryCoast,78.0
Liberia,Liberia,TransmissionCapacity,2027,SierraLeone,78.0
Liberia,Liberia,TransmissionCapacity,2028,Guinea,52.0
Liberia,Liberia,TransmissionCapacity,2028,IvoryCoast,78.0
Liberia,Liberia,TransmissionCapacity,2028,SierraLeone,78.0
Liberia,Liberia,TransmissionCapacity,2029,Guinea,52.0
Liberia,Liberia,TransmissionCapacity,2029,IvoryCoast,78.0
Liberia,Liberia,TransmissionCapacity,2029,SierraLeone,78.0
Liberia,Liberia,TransmissionCapacity,2030,Guinea,52.0
Liberia,Liberia,TransmissionCapacity,2030,IvoryCoast,78.0
Liberia,Liberia,TransmissionCapacity,2030,SierraLeone,78.0
Liberia,Liberia,TransmissionCapacity,2031,Guinea,52.0
Liberia,Liberia,TransmissionCapacity,2031,IvoryCoast,78.0
Liberia,Liberia,TransmissionCapacity,2031,SierraLeone,78.0
Liberia,Liberia,TransmissionCapacity,2032,Guinea,52.0
Liberia,Liberia,TransmissionCapacity,2032,IvoryCoast,78.0
Liberia,Liberia,TransmissionCapacity,2032,SierraLeone,78.0
Liberia,Liberia,TransmissionCapacity,2033,Guinea,52.0
Liberia,Liberia,TransmissionCapacity,2033,IvoryCoast,78.0
Liberia,Liberia,TransmissionCapacity,2033,SierraLeone,78.0
Liberia,Liberia,TransmissionCapacity,2034,Guinea,52.0
Liberia,Liberia,TransmissionCapacity,2034,IvoryCoast,78.0
Liberia,Liberia,TransmissionCapacity,2034,SierraLeone,78.0
Liberia,Liberia,TransmissionCapacity,2035,Guinea,52.0
Liberia,Liberia,TransmissionCapacity,2035,IvoryCoast,78.0
Liberia,Liberia,TransmissionCapacity,2035,SierraLeone,78.0
Liberia,Liberia,TransmissionCapacity,2040,Guinea,52.0
Liberia,Liberia,TransmissionCapacity,2040,IvoryCoast,78.0
Liberia,Liberia,TransmissionCapacity,2040,SierraLeone,78.0
Liberia,Liberia,TransmissionCapacity,2045,Guinea,52.0
Liberia,Liberia,TransmissionCapacity,2045,IvoryCoast,78.0
Liberia,Liberia,TransmissionCapacity,2045,SierraLeone,78.0
Liberia,Liberia,TransmissionCapacity,2050,Guinea,52.0
Liberia,Liberia,TransmissionCapacity,2050,IvoryCoast,78.0
Liberia,Liberia,TransmissionCapacity,2050,SierraLeone,78.0
Mali,Mali,CongestionShare,2026,Burkina,1.0
Mali,Mali,CongestionShare,2026,Guinea,0.763013698630137
Mali,Mali,CongestionShare,2026,Senegal,0.9578767123287673
Mali,Mali,CongestionShare,2027,Burkina,1.0
Mali,Mali,CongestionShare,2027,Guinea,0.2878995433789954
Mali,Mali,CongestionShare,2027,Senegal,0.3601598173515982
Mali,Mali,CongestionShare,2028,Burkina,1.0
Mali,Mali,CongestionShare,2028,Guinea,0.2831050228310502
Mali,Mali,CongestionShare,2028,Senegal,0.2631278538812785
Mali,Mali,CongestionShare,2029,Burkina,1.0
Mali,Mali,CongestionShare,2029,Guinea,0.5
Mali,Mali,CongestionShare,2029,IvoryCoast,0.2470319634703196
Mali,Mali,CongestionShare,2029,Senegal,0.7544520547945206
Mali,Mali,CongestionShare,2030,Burkina,1.0
Mali,Mali,CongestionShare,2030,Guinea,0.0615296803652968
Mali,Mali,CongestionShare,2030,IvoryCoast,0.6356164383561644
Mali,Mali,CongestionShare,2030,Senegal,0.7998858447488585
Mali,Mali,CongestionShare,2031,Burkina,1.0
Mali,Mali,CongestionShare,2031,Guinea,0.0495433789954337
Mali,Mali,CongestionShare,2031,IvoryCoast,0.7366438356164383
Mali,Mali,CongestionShare,2031,Mauritania_grid,0.0182648401826484
Mali,Mali,CongestionShare,2031,Senegal,0.8347031963470319
Mali,Mali,CongestionShare,2032,Burkina,1.0
Mali,Mali,CongestionShare,2032,Guinea,0.05662100456621
Mali,Mali,CongestionShare,2032,IvoryCoast,0.8736301369863013
Mali,Mali,CongestionShare,2032,Mauritania_grid,0.0539954337899543
Mali,Mali,CongestionShare,2032,Senegal,0.7288812785388128
Mali,Mali,CongestionShare,2033,Burkina,1.0
Mali,Mali,CongestionShare,2033,Guinea,0.1299086757990867
Mali,Mali,CongestionShare,2033,IvoryCoast,0.9371004566210046
Mali,Mali,CongestionShare,2033,Mauritania_grid,0.0800228310502283
Mali,Mali,CongestionShare,2033,Senegal,0.6039954337899544
Mali,Mali,CongestionShare,2034,Burkina,1.0
Mali,Mali,CongestionShare,2034,Guinea,0.2089041095890411
Mali,Mali,CongestionShare,2034,IvoryCoast,0.9616438356164384
Mali,Mali,CongestionShare,2034,Mauritania_grid,0.2049086757990867
Mali,Mali,CongestionShare,2034,Senegal,0.6578767123287671
Mali,Mali,CongestionShare,2035,Burkina,1.0
Mali,Mali,CongestionShare,2035,Guinea,0.3468036529680365
Mali,Mali,CongestionShare,2035,IvoryCoast,0.9334474885844748
Mali,Mali,CongestionShare,2035,Mauritania_grid,0.2815068493150685
Mali,Mali,CongestionShare,2035,Senegal,0.6394977168949771
Mali,Mali,CongestionShare,2040,Burkina,1.0
Mali,Mali,CongestionShare,2040,Guinea,0.7684931506849315
Mali,Mali,CongestionShare,2040,IvoryCoast,0.9671232876712328
Mali,Mali,CongestionShare,2040,Mauritania_grid,0.1610730593607306
Mali,Mali,CongestionShare,2040,Senegal,0.6921232876712329
Mali,Mali,CongestionShare,2045,Burkina,1.0
Mali,Mali,CongestionShare,2045,Guinea,0.8444063926940639
Mali,Mali,CongestionShare,2045,IvoryCoast,0.9603881278538812
Mali,Mali,CongestionShare,2045,Mauritania_grid,0.1891552511415525
Mali,Mali,CongestionShare,2045,Senegal,0.7102739726027397
Mali,Mali,CongestionShare,2050,Burkina,1.0
Mali,Mali,CongestionShare,2050,Guinea,0.710730593607306
Mali,Mali,CongestionShare,2050,IvoryCoast,0.964041095890411
Mali,Mali,CongestionShare,2050,Mauritania_grid,0.1594748858447488
Mali,Mali,CongestionShare,2050,Senegal,0.6761415525114155
Mali,Mali,Interchange,2026,Guinea,168.92366688860614
Mali,Mali,Interchange,2026,Mauritania_grid,90.11446202067458
Mali,Mali,Interchange,2026,Senegal,1299.8214912125784
Mali,Mali,Interchange,2027,Guinea,64.012545589796
Mali,Mali,Interchange,2027,Mauritania_grid,125.39926372594354
Mali,Mali,Interchange,2027,Senegal,633.2588987893234
Mali,Mali,Interchange,2028,Guinea,265.85007303942393
Mali,Mali,Interchange,2028,IvoryCoast,2.6242677331892086
Mali,Mali,Interchange,2028,Mauritania_grid,406.1897336241175
Mali,Mali,Interchange,2028,Senegal,463.0772133348636
Mali,Mali,Interchange,2029,Guinea,472.95316935022566
Mali,Mali,Interchange,2029,IvoryCoast,342.85793043695634
Mali,Mali,Interchange,2029,Mauritania_grid,3.5728127097385416
Mali,Mali,Interchange,2029,Senegal,1088.8949220618968
Mali,Mali,Interchange,2030,Guinea,65.10417500710949
Mali,Mali,Interchange,2030,IvoryCoast,714.6900447603653
Mali,Mali,Interchange,2030,Mauritania_grid,237.88554257453944
Mali,Mali,Interchange,2030,Senegal,1145.3237537946818
Mali,Mali,Interchange,2031,Guinea,47.47848439537197
Mali,Mali,Interchange,2031,IvoryCoast,832.3677667018513
Mali,Mali,Interchange,2031,Mauritania_grid,584.2707480562829
Mali,Mali,Interchange,2031,Senegal,1165.7358455023798
Mali,Mali,Interchange,2032,Guinea,51.50588426985716
Mali,Mali,Interchange,2032,IvoryCoast,954.2393647636628
Mali,Mali,Interchange,2032,Mauritania_grid,1164.1445282343077
Mali,Mali,Interchange,2032,Senegal,1052.610123882502
Mali,Mali,Interchange,2033,Guinea,123.26827615419312
Mali,Mali,Interchange,2033,IvoryCoast,991.1757533924168
Mali,Mali,Interchange,2033,Mauritania_grid,1702.964548222966
Mali,Mali,Interchange,2033,Senegal,887.1414556798992
Mali,Mali,Interchange,2034,Guinea,205.72491174970705
Mali,Mali,Interchange,2034,IvoryCoast,1015.7110431561264
Mali,Mali,Interchange,2034,Mauritania_grid,2145.441095699471
Mali,Mali,Interchange,2034,Senegal,915.5295818637064
Mali,Mali,Interchange,2035,Guinea,332.1699913750987
Mali,Mali,Interchange,2035,IvoryCoast,989.2743385055472
Mali,Mali,Interchange,2035,Mauritania_grid,2359.9811530636985
Mali,Mali,Interchange,2035,Senegal,893.264330236241
Mali,Mali,Interchange,2040,Guinea,680.7372734470508
Mali,Mali,Interchange,2040,IvoryCoast,1016.64
Mali,Mali,Interchange,2040,Mauritania_grid,1436.86995508781
Mali,Mali,Interchange,2040,Senegal,953.64253165653
Mali,Mali,Interchange,2045,Guinea,757.121187453123
Mali,Mali,Interchange,2045,IvoryCoast,1012.6671731846589
Mali,Mali,Interchange,2045,Mauritania_grid,1242.7816948877817
Mali,Mali,Interchange,2045,Senegal,940.3287608045664
Mali,Mali,Interchange,2050,Guinea,644.5083155470896
Mali,Mali,Interchange,2050,IvoryCoast,1013.4
Mali,Mali,Interchange,2050,Mauritania_grid,972.6219236718114
Mali,Mali,Interchange,2050,Senegal,900.9375639748774
Mali,Mali,InterconUtilization,2026,Guinea,0.7713409446968316
Mali,Mali,InterconUtilization,2026,Mauritania_grid,0.0203703743434772
Mali,Mali,InterconUtilization,2026,Senegal,0.9892096584570612
Mali,Mali,InterconUtilization,2027,Guinea,0.2922947287205297
Mali,Mali,InterconUtilization,2027,Mauritania_grid,0.0283465038487145
Mali,Mali,InterconUtilization,2027,Senegal,0.4819321908594546
Mali,Mali,InterconUtilization,2028,Guinea,0.3034818185381551
Mali,Mali,InterconUtilization,2028,IvoryCoast,0.002496449517874
Mali,Mali,InterconUtilization,2028,Mauritania_grid,0.0918191902039236
Mali,Mali,InterconUtilization,2028,Senegal,0.3524179705744776
Mali,Mali,InterconUtilization,2029,Guinea,0.5399008782536823
Mali,Mali,InterconUtilization,2029,IvoryCoast,0.3261586096241974
Mali,Mali,InterconUtilization,2029,Mauritania_grid,0.0008076343211127
Mali,Mali,InterconUtilization,2029,Senegal,0.8286871552982471
Mali,Mali,InterconUtilization,2030,Guinea,0.0743198344830017
Mali,Mali,InterconUtilization,2030,IvoryCoast,0.6798801795665576
Mali,Mali,InterconUtilization,2030,Mauritania_grid,0.0537740274367149
Mali,Mali,InterconUtilization,2030,Senegal,0.8716314716854503
Mali,Mali,InterconUtilization,2031,Guinea,0.0541991830997396
Mali,Mali,InterconUtilization,2031,IvoryCoast,0.791826262083192
Mali,Mali,InterconUtilization,2031,Mauritania_grid,0.1320744039188668
Mali,Mali,InterconUtilization,2031,Senegal,0.8871657880535615
Mali,Mali,InterconUtilization,2032,Guinea,0.0587966715409328
Mali,Mali,InterconUtilization,2032,IvoryCoast,0.907761952781262
Mali,Mali,InterconUtilization,2032,Mauritania_grid,0.2631548732389139
Mali,Mali,InterconUtilization,2032,Senegal,0.8010731536396514
Mali,Mali,InterconUtilization,2033,Guinea,0.1407172102216816
Mali,Mali,InterconUtilization,2033,IvoryCoast,0.9428993087827406
Mali,Mali,InterconUtilization,2033,Mauritania_grid,0.3849551399753528
Mali,Mali,InterconUtilization,2033,Senegal,0.6751457044748091
Mali,Mali,InterconUtilization,2034,Guinea,0.2348457896686153
Mali,Mali,InterconUtilization,2034,IvoryCoast,0.9662395768227988
Mali,Mali,InterconUtilization,2034,Mauritania_grid,0.484976964532635
Mali,Mali,InterconUtilization,2034,Senegal,0.6967500623011463
Mali,Mali,InterconUtilization,2035,Guinea,0.3791894878711172
Mali,Mali,InterconUtilization,2035,IvoryCoast,0.9410905046666166
Mali,Mali,InterconUtilization,2035,Mauritania_grid,0.5334737449847865
Mali,Mali,InterconUtilization,2035,Senegal,0.6798054263593919
Mali,Mali,InterconUtilization,2040,Guinea,0.777097344117638
Mali,Mali,InterconUtilization,2040,IvoryCoast,0.9671232876712328
Mali,Mali,InterconUtilization,2040,Mauritania_grid,0.324804456595644
Mali,Mali,InterconUtilization,2040,Senegal,0.7257553513367807
Mali,Mali,InterconUtilization,2045,Guinea,0.864293592983017
Mali,Mali,InterconUtilization,2045,IvoryCoast,0.9633439623141732
Mali,Mali,InterconUtilization,2045,Mauritania_grid,0.2809308049386911
Mali,Mali,InterconUtilization,2045,Senegal,0.7156231056351342
Mali,Mali,InterconUtilization,2050,Guinea,0.73574008624097
Mali,Mali,InterconUtilization,2050,IvoryCoast,0.964041095890411
Mali,Mali,InterconUtilization,2050,Mauritania_grid,0.2198611880446248
Mali,Mali,InterconUtilization,2050,Senegal,0.6856450258560711
Mali,Mali,NetImport,2026,Guinea,-0.1689236668886061
Mali,Mali,NetImport,2026,Mauritania_grid,-0.0901144620206745
Mali,Mali,NetImport,2026,Senegal,-1.2998214912125785
Mali,Mali,NetImport,2027,Guinea,-0.064012545589796
Mali,Mali,NetImport,2027,Mauritania_grid,-0.1253992637259435
Mali,Mali,NetImport,2027,Senegal,-0.6332588987893234
Mali,Mali,NetImport,2028,Guinea,-0.2658500730394239
Mali,Mali,NetImport,2028,IvoryCoast,-0.0026242677331892
Mali,Mali,NetImport,2028,Mauritania_grid,-0.4061897336241175
Mali,Mali,NetImport,2028,Senegal,-0.4630772133348635
Mali,Mali,NetImport,2029,Guinea,-0.4729531693502257
Mali,Mali,NetImport,2029,IvoryCoast,-0.3428579304369563
Mali,Mali,NetImport,2029,Mauritania_grid,-0.0035728127097385
Mali,Mali,NetImport,2029,Senegal,-1.0888949220618969
Mali,Mali,NetImport,2030,Guinea,-0.0651041750071095
Mali,Mali,NetImport,2030,IvoryCoast,-0.7146900447603652
Mali,Mali,NetImport,2030,Mauritania_grid,-0.2378855425745394
Mali,Mali,NetImport,2030,Senegal,-1.145323753794682
Mali,Mali,NetImport,2031,Guinea,-0.0474784843953719
Mali,Mali,NetImport,2031,IvoryCoast,-0.8323677667018513
Mali,Mali,NetImport,2031,Mauritania_grid,-0.5842707480562829
Mali,Mali,NetImport,2031,Senegal,-1.16573584550238
Mali,Mali,NetImport,2032,Guinea,-0.0515058842698571
Mali,Mali,NetImport,2032,IvoryCoast,-0.9542393647636628
Mali,Mali,NetImport,2032,Mauritania_grid,-1.1641445282343077
Mali,Mali,NetImport,2032,Senegal,-1.052610123882502
Mali,Mali,NetImport,2033,Guinea,-0.1232682761541931
Mali,Mali,NetImport,2033,IvoryCoast,-0.9911757533924168
Mali,Mali,NetImport,2033,Mauritania_grid,-1.702964548222966
Mali,Mali,NetImport,2033,Senegal,-0.8871414556798992
Mali,Mali,NetImport,2034,Guinea,-0.205724911749707
Mali,Mali,NetImport,2034,IvoryCoast,-1.0157110431561265
Mali,Mali,NetImport,2034,Mauritania_grid,-2.1454410956994714
Mali,Mali,NetImport,2034,Senegal,-0.9155295818637064
Mali,Mali,NetImport,2035,Guinea,-0.3321699913750986
Mali,Mali,NetImport,2035,IvoryCoast,-0.9892743385055474
Mali,Mali,NetImport,2035,Mauritania_grid,-2.3599811530636985
Mali,Mali,NetImport,2035,Senegal,-0.893264330236241
Mali,Mali,NetImport,2040,Guinea,-0.6807372734470508
Mali,Mali,NetImport,2040,IvoryCoast,-1.01664
Mali,Mali,NetImport,2040,Mauritania_grid,-1.43686995508781
Mali,Mali,NetImport,2040,Senegal,-0.95364253165653
Mali,Mali,NetImport,2045,Guinea,-0.757121187453123
Mali,Mali,NetImport,2045,IvoryCoast,-1.0126671731846588
Mali,Mali,NetImport,2045,Mauritania_grid,-1.2427816948877817
Mali,Mali,NetImport,2045,Senegal,-0.9403287608045664
Mali,Mali,NetImport,2050,Guinea,-0.6445083155470896
Mali,Mali,NetImport,2050,IvoryCoast,-1.0134
Mali,Mali,NetImport,2050,Mauritania_grid,-0.9726219236718114
Mali,Mali,NetImport,2050,Senegal,-0.9009375639748776
Mali,Mali,TransmissionCapacity,2026,Guinea,25.0
Mali,Mali,TransmissionCapacity,2026,IvoryCoast,120.0
Mali,Mali,TransmissionCapacity,2026,Mauritania_grid,505.0
Mali,Mali,TransmissionCapacity,2026,Senegal,150.0
Mali,Mali,TransmissionCapacity,2027,Guinea,25.0
Mali,Mali,TransmissionCapacity,2027,IvoryCoast,120.0
Mali,Mali,TransmissionCapacity,2027,Mauritania_grid,505.0
Mali,Mali,TransmissionCapacity,2027,Senegal,150.0
Mali,Mali,TransmissionCapacity,2028,Guinea,100.0
Mali,Mali,TransmissionCapacity,2028,IvoryCoast,120.0
Mali,Mali,TransmissionCapacity,2028,Mauritania_grid,505.0
Mali,Mali,TransmissionCapacity,2028,Senegal,150.0
Mali,Mali,TransmissionCapacity,2029,Guinea,100.0
Mali,Mali,TransmissionCapacity,2029,IvoryCoast,120.0
Mali,Mali,TransmissionCapacity,2029,Mauritania_grid,505.0
Mali,Mali,TransmissionCapacity,2029,Senegal,150.0
Mali,Mali,TransmissionCapacity,2030,Guinea,100.0
Mali,Mali,TransmissionCapacity,2030,IvoryCoast,120.0
Mali,Mali,TransmissionCapacity,2030,Mauritania_grid,505.0
Mali,Mali,TransmissionCapacity,2030,Senegal,150.0
Mali,Mali,TransmissionCapacity,2031,Guinea,100.0
Mali,Mali,TransmissionCapacity,2031,IvoryCoast,120.0
Mali,Mali,TransmissionCapacity,2031,Mauritania_grid,505.0
Mali,Mali,TransmissionCapacity,2031,Senegal,150.0
Mali,Mali,TransmissionCapacity,2032,Guinea,100.0
Mali,Mali,TransmissionCapacity,2032,IvoryCoast,120.0
Mali,Mali,TransmissionCapacity,2032,Mauritania_grid,505.0
Mali,Mali,TransmissionCapacity,2032,Senegal,150.0
Mali,Mali,TransmissionCapacity,2033,Guinea,100.0
Mali,Mali,TransmissionCapacity,2033,IvoryCoast,120.0
Mali,Mali,TransmissionCapacity,2033,Mauritania_grid,505.0
Mali,Mali,TransmissionCapacity,2033,Senegal,150.0
Mali,Mali,TransmissionCapacity,2034,Guinea,100.0
Mali,Mali,TransmissionCapacity,2034,IvoryCoast,120.0
Mali,Mali,TransmissionCapacity,2034,Mauritania_grid,505.0
Mali,Mali,TransmissionCapacity,2034,Senegal,150.0
Mali,Mali,TransmissionCapacity,2035,Guinea,100.0
Mali,Mali,TransmissionCapacity,2035,IvoryCoast,120.0
Mali,Mali,TransmissionCapacity,2035,Mauritania_grid,505.0
Mali,Mali,TransmissionCapacity,2035,Senegal,150.0
Mali,Mali,TransmissionCapacity,2040,Guinea,100.0
Mali,Mali,TransmissionCapacity,2040,IvoryCoast,120.0
Mali,Mali,TransmissionCapacity,2040,Mauritania_grid,505.0
Mali,Mali,TransmissionCapacity,2040,Senegal,150.0
Mali,Mali,TransmissionCapacity,2045,Guinea,100.0
Mali,Mali,TransmissionCapacity,2045,IvoryCoast,120.0
Mali,Mali,TransmissionCapacity,2045,Mauritania_grid,505.0
Mali,Mali,TransmissionCapacity,2045,Senegal,150.0
Mali,Mali,TransmissionCapacity,2050,Guinea,100.0
Mali,Mali,TransmissionCapacity,2050,IvoryCoast,120.0
Mali,Mali,TransmissionCapacity,2050,Mauritania_grid,505.0
Mali,Mali,TransmissionCapacity,2050,Senegal,150.0
Mauritania,Mauritania_Nema,Interchange,2026,Mauritania_grid,5.023432665234292
Mauritania,Mauritania_Nema,Interchange,2027,Mauritania_grid,0.0080563796737815
Mauritania,Mauritania_Nema,Interchange,2050,Mauritania_grid,19.766031339368887
Mauritania,Mauritania_Nema,InterconUtilization,2026,Mauritania_grid,0.0019115040583083
Mauritania,Mauritania_Nema,InterconUtilization,2027,Mauritania_grid,3.065593483174116e-06
Mauritania,Mauritania_Nema,InterconUtilization,2050,Mauritania_grid,0.0075213209053915
Mauritania,Mauritania_Nema,NetImport,2026,Mauritania_grid,-0.0050234326652342
Mauritania,Mauritania_Nema,NetImport,2027,Mauritania_grid,-8.056379673781576e-06
Mauritania,Mauritania_Nema,NetImport,2050,Mauritania_grid,-0.0197660313393688
Mauritania,Mauritania_Nema,TransmissionCapacity,2026,Mauritania_grid,300.0
Mauritania,Mauritania_Nema,TransmissionCapacity,2027,Mauritania_grid,300.0
Mauritania,Mauritania_Nema,TransmissionCapacity,2028,Mauritania_grid,300.0
Mauritania,Mauritania_Nema,TransmissionCapacity,2029,Mauritania_grid,300.0
Mauritania,Mauritania_Nema,TransmissionCapacity,2030,Mauritania_grid,300.0
Mauritania,Mauritania_Nema,TransmissionCapacity,2031,Mauritania_grid,300.0
Mauritania,Mauritania_Nema,TransmissionCapacity,2032,Mauritania_grid,300.0
Mauritania,Mauritania_Nema,TransmissionCapacity,2033,Mauritania_grid,300.0
Mauritania,Mauritania_Nema,TransmissionCapacity,2034,Mauritania_grid,300.0
Mauritania,Mauritania_Nema,TransmissionCapacity,2035,Mauritania_grid,300.0
Mauritania,Mauritania_Nema,TransmissionCapacity,2040,Mauritania_grid,300.0
Mauritania,Mauritania_Nema,TransmissionCapacity,2045,Mauritania_grid,300.0
Mauritania,Mauritania_Nema,TransmissionCapacity,2050,Mauritania_grid,300.0
Mauritania,Mauritania_grid,CongestionShare,2026,Senegal,1.0
Mauritania,Mauritania_grid,CongestionShare,2027,Senegal,1.0
Mauritania,Mauritania_grid,CongestionShare,2028,Senegal,1.0
Mauritania,Mauritania_grid,CongestionShare,2029,Mali,0.0932648401826484
Mauritania,Mauritania_grid,CongestionShare,2029,Senegal,1.0
Mauritania,Mauritania_grid,CongestionShare,2030,Mali,0.0244292237442922
Mauritania,Mauritania_grid,CongestionShare,2030,Senegal,1.0
Mauritania,Mauritania_grid,CongestionShare,2031,Mali,0.0191780821917808
Mauritania,Mauritania_grid,CongestionShare,2031,Senegal,1.0
Mauritania,Mauritania_grid,CongestionShare,2032,Mali,0.0095890410958904
Mauritania,Mauritania_grid,CongestionShare,2032,Senegal,1.0
Mauritania,Mauritania_grid,CongestionShare,2033,Mali,0.0043378995433789
Mauritania,Mauritania_grid,CongestionShare,2033,Senegal,1.0
Mauritania,Mauritania_grid,CongestionShare,2034,Senegal,1.0
Mauritania,Mauritania_grid,CongestionShare,2035,Senegal,1.0
Mauritania,Mauritania_grid,CongestionShare,2040,Mali,0.0952054794520547
Mauritania,Mauritania_grid,CongestionShare,2040,Senegal,1.0
Mauritania,Mauritania_grid,CongestionShare,2045,Mali,0.3050228310502283
Mauritania,Mauritania_grid,CongestionShare,2045,Mauritania_Nema,0.0602739726027397
Mauritania,Mauritania_grid,CongestionShare,2045,Senegal,1.0
Mauritania,Mauritania_grid,CongestionShare,2050,Mali,0.3860730593607306
Mauritania,Mauritania_grid,CongestionShare,2050,Mauritania_Nema,0.2168949771689497
Mauritania,Mauritania_grid,CongestionShare,2050,Senegal,1.0
Mauritania,Mauritania_grid,Interchange,2026,Mali,1120.4793106872337
Mauritania,Mauritania_grid,Interchange,2026,Mauritania_Nema,94.58360912499408
Mauritania,Mauritania_grid,Interchange,2027,Mali,737.9413528520322
Mauritania,Mauritania_grid,Interchange,2027,Mauritania_Nema,144.8112563796737
Mauritania,Mauritania_grid,Interchange,2028,Mali,483.78541140843896
Mauritania,Mauritania_grid,Interchange,2028,Mauritania_Nema,168.08640000000008
Mauritania,Mauritania_grid,Interchange,2029,Mali,2376.472641933492
Mauritania,Mauritania_grid,Interchange,2029,Mauritania_Nema,183.4328
Mauritania,Mauritania_grid,Interchange,2030,Mali,1465.1973160937212
Mauritania,Mauritania_grid,Interchange,2030,Mauritania_Nema,209.81279999999992
Mauritania,Mauritania_grid,Interchange,2031,Mali,921.8029464055544
Mauritania,Mauritania_grid,Interchange,2031,Mauritania_Nema,223.0
Mauritania,Mauritania_grid,Interchange,2032,Mali,494.2637759812419
Mauritania,Mauritania_grid,Interchange,2032,Mauritania_Nema,235.99999999999991
Mauritania,Mauritania_grid,Interchange,2033,Mali,336.0613841262435
Mauritania,Mauritania_grid,Interchange,2033,Mauritania_Nema,249.00000000000009
Mauritania,Mauritania_grid,Interchange,2034,Mali,249.35638595376312
Mauritania,Mauritania_grid,Interchange,2034,Mauritania_Nema,261.99999999999994
Mauritania,Mauritania_grid,Interchange,2035,Mali,214.43791302968813
Mauritania,Mauritania_grid,Interchange,2035,Mauritania_Nema,276.99999999999994
Mauritania,Mauritania_grid,Interchange,2040,Mali,1173.5148464370566
Mauritania,Mauritania_grid,Interchange,2040,Mauritania_Nema,350.00000000000017
Mauritania,Mauritania_grid,Interchange,2045,Mali,1890.3396931941688
Mauritania,Mauritania_grid,Interchange,2045,Mauritania_Nema,605.4325601632152
Mauritania,Mauritania_grid,Interchange,2050,Mali,1987.2961300429563
Mauritania,Mauritania_grid,Interchange,2050,Mauritania_Nema,1089.9338222260833
Mauritania,Mauritania_grid,Interchange,2050,Senegal,7.230000000000007e-08
Mauritania,Mauritania_grid,InterconUtilization,2026,Mali,0.2532843507136927
Mauritania,Mauritania_grid,InterconUtilization,2026,Mauritania_Nema,0.0359907188451271
Mauritania,Mauritania_grid,InterconUtilization,2027,Mali,0.1668116444803183
Mauritania,Mauritania_grid,InterconUtilization,2027,Mauritania_Nema,0.0551032178004846
Mauritania,Mauritania_grid,InterconUtilization,2028,Mali,0.1093596933424745
Mauritania,Mauritania_grid,InterconUtilization,2028,Mauritania_Nema,0.0639598173515982
Mauritania,Mauritania_grid,InterconUtilization,2029,Mali,0.5372016460810823
Mauritania,Mauritania_grid,InterconUtilization,2029,Mauritania_Nema,0.0697993911719938
Mauritania,Mauritania_grid,InterconUtilization,2030,Mali,0.3312078566150642
Mauritania,Mauritania_grid,InterconUtilization,2030,Mauritania_Nema,0.0798374429223744
Mauritania,Mauritania_grid,InterconUtilization,2031,Mali,0.2083735581187111
Mauritania,Mauritania_grid,InterconUtilization,2031,Mauritania_Nema,0.084855403348554
Mauritania,Mauritania_grid,InterconUtilization,2032,Mali,0.111728327677843
Mauritania,Mauritania_grid,InterconUtilization,2032,Mauritania_Nema,0.0898021308980212
Mauritania,Mauritania_grid,InterconUtilization,2033,Mali,0.0759666766414041
Mauritania,Mauritania_grid,InterconUtilization,2033,Mauritania_Nema,0.0947488584474886
Mauritania,Mauritania_grid,InterconUtilization,2034,Mali,0.0563670116085182
Mauritania,Mauritania_grid,InterconUtilization,2034,Mauritania_Nema,0.0996955859969558
Mauritania,Mauritania_grid,InterconUtilization,2035,Mali,0.0484736907250979
Mauritania,Mauritania_grid,InterconUtilization,2035,Mauritania_Nema,0.1054033485540334
Mauritania,Mauritania_grid,InterconUtilization,2040,Mali,0.2652730336898269
Mauritania,Mauritania_grid,InterconUtilization,2040,Mauritania_Nema,0.1331811263318113
Mauritania,Mauritania_grid,InterconUtilization,2045,Mali,0.4273112919196547
Mauritania,Mauritania_grid,InterconUtilization,2045,Mauritania_Nema,0.230377686515683
Mauritania,Mauritania_grid,InterconUtilization,2050,Mali,0.4492282946884932
Mauritania,Mauritania_grid,InterconUtilization,2050,Mauritania_Nema,0.4147388973463026
Mauritania,Mauritania_grid,InterconUtilization,2050,Senegal,0.8253424657534246
Mauritania,Mauritania_grid,NetImport,2026,Mali,-1.1204793106872335
Mauritania,Mauritania_grid,NetImport,2026,Mauritania_Nema,-0.094583609124994
Mauritania,Mauritania_grid,NetImport,2027,Mali,-0.7379413528520322
Mauritania,Mauritania_grid,NetImport,2027,Mauritania_Nema,-0.1448112563796736
Mauritania,Mauritania_grid,NetImport,2028,Mali,-0.4837854114084389
Mauritania,Mauritania_grid,NetImport,2028,Mauritania_Nema,-0.1680864
Mauritania,Mauritania_grid,NetImport,2029,Mali,-2.3764726419334923
Mauritania,Mauritania_grid,NetImport,2029,Mauritania_Nema,-0.1834327999999999
Mauritania,Mauritania_grid,NetImport,2030,Mali,-1.4651973160937213
Mauritania,Mauritania_grid,NetImport,2030,Mauritania_Nema,-0.2098127999999999
Mauritania,Mauritania_grid,NetImport,2031,Mali,-0.9218029464055544
Mauritania,Mauritania_grid,NetImport,2031,Mauritania_Nema,-0.223
Mauritania,Mauritania_grid,NetImport,2032,Mali,-0.4942637759812419
Mauritania,Mauritania_grid,NetImport,2032,Mauritania_Nema,-0.2359999999999999
Mauritania,Mauritania_grid,NetImport,2033,Mali,-0.3360613841262435
Mauritania,Mauritania_grid,NetImport,2033,Mauritania_Nema,-0.249
Mauritania,Mauritania_grid,NetImport,2034,Mali,-0.2493563859537631
Mauritania,Mauritania_grid,NetImport,2034,Mauritania_Nema,-0.2619999999999999
Mauritania,Mauritania_grid,NetImport,2035,Mali,-0.2144379130296881
Mauritania,Mauritania_grid,NetImport,2035,Mauritania_Nema,-0.2769999999999999
Mauritania,Mauritania_grid,NetImport,2040,Mali,-1.1735148464370566
Mauritania,Mauritania_grid,NetImport,2040,Mauritania_Nema,-0.3500000000000002
Mauritania,Mauritania_grid,NetImport,2045,Mali,-1.8903396931941687
Mauritania,Mauritania_grid,NetImport,2045,Mauritania_Nema,-0.6054325601632151
Mauritania,Mauritania_grid,NetImport,2050,Mali,-1.9872961300429568
Mauritania,Mauritania_grid,NetImport,2050,Mauritania_Nema,-1.0899338222260833
Mauritania,Mauritania_grid,NetImport,2050,Senegal,-7.230000000000005e-11
Mauritania,Mauritania_grid,TransmissionCapacity,2026,Mali,505.0
Mauritania,Mauritania_grid,TransmissionCapacity,2026,Mauritania_Nema,300.0
Mauritania,Mauritania_grid,TransmissionCapacity,2027,Mali,505.0
Mauritania,Mauritania_grid,TransmissionCapacity,2027,Mauritania_Nema,300.0
Mauritania,Mauritania_grid,TransmissionCapacity,2028,Mali,505.0
Mauritania,Mauritania_grid,TransmissionCapacity,2028,Mauritania_Nema,300.0
Mauritania,Mauritania_grid,TransmissionCapacity,2029,Mali,505.0
Mauritania,Mauritania_grid,TransmissionCapacity,2029,Mauritania_Nema,300.0
Mauritania,Mauritania_grid,TransmissionCapacity,2030,Mali,505.0
Mauritania,Mauritania_grid,TransmissionCapacity,2030,Mauritania_Nema,300.0
Mauritania,Mauritania_grid,TransmissionCapacity,2031,Mali,505.0
Mauritania,Mauritania_grid,TransmissionCapacity,2031,Mauritania_Nema,300.0
Mauritania,Mauritania_grid,TransmissionCapacity,2032,Mali,505.0
Mauritania,Mauritania_grid,TransmissionCapacity,2032,Mauritania_Nema,300.0
Mauritania,Mauritania_grid,TransmissionCapacity,2033,Mali,505.0
Mauritania,Mauritania_grid,TransmissionCapacity,2033,Mauritania_Nema,300.0
Mauritania,Mauritania_grid,TransmissionCapacity,2034,Mali,505.0
Mauritania,Mauritania_grid,TransmissionCapacity,2034,Mauritania_Nema,300.0
Mauritania,Mauritania_grid,TransmissionCapacity,2035,Mali,505.0
Mauritania,Mauritania_grid,TransmissionCapacity,2035,Mauritania_Nema,300.0
Mauritania,Mauritania_grid,TransmissionCapacity,2040,Mali,505.0
Mauritania,Mauritania_grid,TransmissionCapacity,2040,Mauritania_Nema,300.0
Mauritania,Mauritania_grid,TransmissionCapacity,2045,Mali,505.0
Mauritania,Mauritania_grid,TransmissionCapacity,2045,Mauritania_Nema,300.0
Mauritania,Mauritania_grid,TransmissionCapacity,2050,Mali,505.0
Mauritania,Mauritania_grid,TransmissionCapacity,2050,Mauritania_Nema,300.0
Mauritania,Mauritania_grid,TransmissionCapacity,2050,Senegal,1e-08
Niger,Niger,CongestionShare,2026,Benin,1.0
Niger,Niger,CongestionShare,2026,Nigeria,1.0
Niger,Niger,CongestionShare,2027,Benin,1.0
Niger,Niger,CongestionShare,2027,Nigeria,1.0
Niger,Niger,CongestionShare,2028,Benin,1.0
Niger,Niger,CongestionShare,2028,Nigeria,0.9853881278538812
Niger,Niger,CongestionShare,2029,Benin,1.0
Niger,Niger,CongestionShare,2029,Nigeria,0.9926940639269406
Niger,Niger,CongestionShare,2030,Benin,1.0
Niger,Niger,CongestionShare,2030,Nigeria,0.445662100456621
Niger,Niger,CongestionShare,2031,Benin,1.0
Niger,Niger,CongestionShare,2031,Nigeria,0.896689497716895
Niger,Niger,CongestionShare,2032,Benin,1.0
Niger,Niger,CongestionShare,2032,Nigeria,0.9865296803652968
Niger,Niger,CongestionShare,2033,Benin,1.0
Niger,Niger,CongestionShare,2033,Nigeria,0.9865296803652968
Niger,Niger,CongestionShare,2034,Benin,1.0
Niger,Niger,CongestionShare,2034,Nigeria,0.9797945205479452
Niger,Niger,CongestionShare,2035,Benin,1.0
Niger,Niger,CongestionShare,2035,Nigeria,0.9730593607305936
Niger,Niger,CongestionShare,2040,Benin,1.0
Niger,Niger,CongestionShare,2040,Nigeria,0.9220319634703196
Niger,Niger,CongestionShare,2045,Benin,1.0
Niger,Niger,CongestionShare,2045,Nigeria,0.912214611872146
Niger,Niger,CongestionShare,2050,Benin,1.0
Niger,Niger,CongestionShare,2050,Nigeria,0.8703196347031964
Niger,Niger,Interchange,2026,Nigeria,1489.2
Niger,Niger,Interchange,2027,Nigeria,1489.2
Niger,Niger,Interchange,2028,Nigeria,1485.7345107849858
Niger,Niger,Interchange,2029,Nigeria,1486.9130349864972
Niger,Niger,Interchange,2030,Nigeria,794.5538751888128
Niger,Niger,Interchange,2031,Nigeria,1368.7759326533849
Niger,Niger,Interchange,2032,Nigeria,1485.038315619614
Niger,Niger,Interchange,2033,Nigeria,1479.121535584108
Niger,Niger,Interchange,2034,Nigeria,1472.0790790830674
Niger,Niger,Interchange,2035,Nigeria,1465.3401938758002
Niger,Niger,Interchange,2040,Nigeria,1398.6867776574077
Niger,Niger,Interchange,2045,Nigeria,1370.6768591409889
Niger,Niger,Interchange,2050,Nigeria,1297.563253302899
Niger,Niger,InterconUtilization,2026,Nigeria,1.0
Niger,Niger,InterconUtilization,2027,Nigeria,1.0
Niger,Niger,InterconUtilization,2028,Nigeria,0.9976729188725394
Niger,Niger,InterconUtilization,2029,Nigeria,0.998464299614892
Niger,Niger,InterconUtilization,2030,Nigeria,0.5335441009863099
Niger,Niger,InterconUtilization,2031,Nigeria,0.919135060873882
Niger,Niger,InterconUtilization,2032,Nigeria,0.997205422790501
Niger,Niger,InterconUtilization,2033,Nigeria,0.9932322962557802
Niger,Niger,InterconUtilization,2034,Nigeria,0.9885032763114876
Niger,Niger,InterconUtilization,2035,Nigeria,0.9839781049394306
Niger,Niger,InterconUtilization,2040,Nigeria,0.9392202374814717
Niger,Niger,InterconUtilization,2045,Nigeria,0.9204115358185528
Niger,Niger,InterconUtilization,2050,Nigeria,0.8713156414873079
Niger,Niger,NetImport,2026,Nigeria,-1.4892
Niger,Niger,NetImport,2027,Nigeria,-1.4892
Niger,Niger,NetImport,2028,Nigeria,-1.4857345107849858
Niger,Niger,NetImport,2029,Nigeria,-1.4869130349864972
Niger,Niger,NetImport,2030,Nigeria,-0.7945538751888128
Niger,Niger,NetImport,2031,Nigeria,-1.3687759326533848
Niger,Niger,NetImport,2032,Nigeria,-1.485038315619614
Niger,Niger,NetImport,2033,Nigeria,-1.479121535584108
Niger,Niger,NetImport,2034,Nigeria,-1.4720790790830676
Niger,Niger,NetImport,2035,Nigeria,-1.4653401938758002
Niger,Niger,NetImport,2040,Nigeria,-1.3986867776574077
Niger,Niger,NetImport,2045,Nigeria,-1.3706768591409888
Niger,Niger,NetImport,2050,Nigeria,-1.2975632533028991
Niger,Niger,TransmissionCapacity,2026,Nigeria,170.0
Niger,Niger,TransmissionCapacity,2027,Nigeria,170.0
Niger,Niger,TransmissionCapacity,2028,Nigeria,170.0
Niger,Niger,TransmissionCapacity,2029,Nigeria,170.0
Niger,Niger,TransmissionCapacity,2030,Nigeria,170.0
Niger,Niger,TransmissionCapacity,2031,Nigeria,170.0
Niger,Niger,TransmissionCapacity,2032,Nigeria,170.0
Niger,Niger,TransmissionCapacity,2033,Nigeria,170.0
Niger,Niger,TransmissionCapacity,2034,Nigeria,170.0
Niger,Niger,TransmissionCapacity,2035,Nigeria,170.0
Niger,Niger,TransmissionCapacity,2040,Nigeria,170.0
Niger,Niger,TransmissionCapacity,2045,Nigeria,170.0
Niger,Niger,TransmissionCapacity,2050,Nigeria,170.0
Nigeria,Nigeria,CongestionShare,2027,Benin,0.0726027397260273
Nigeria,Nigeria,CongestionShare,2028,Benin,0.1226027397260274
Nigeria,Nigeria,CongestionShare,2029,Benin,0.1886986301369863
Nigeria,Nigeria,CongestionShare,2030,Niger,0.0799086757990867
Nigeria,Nigeria,CongestionShare,2033,Benin,0.1929223744292237
Nigeria,Nigeria,CongestionShare,2034,Benin,0.1605022831050228
Nigeria,Nigeria,CongestionShare,2035,Benin,0.1260273972602739
Nigeria,Nigeria,CongestionShare,2040,Benin,0.1490867579908675
Nigeria,Nigeria,CongestionShare,2040,Niger,0.0286529680365296
Nigeria,Nigeria,CongestionShare,2045,Benin,0.126255707762557
Nigeria,Nigeria,CongestionShare,2045,Niger,0.0623287671232876
Nigeria,Nigeria,CongestionShare,2050,Benin,0.0309360730593607
Nigeria,Nigeria,CongestionShare,2050,Niger,0.0353881278538812
Nigeria,Nigeria,Interchange,2027,Benin,231.14724729087217
Nigeria,Nigeria,Interchange,2028,Benin,383.3326423103231
Nigeria,Nigeria,Interchange,2029,Benin,713.2401128619429
Nigeria,Nigeria,Interchange,2030,Niger,270.2946555776122
Nigeria,Nigeria,Interchange,2031,Benin,0.776490991712788
Nigeria,Nigeria,Interchange,2031,Niger,8.686714474348552
Nigeria,Nigeria,Interchange,2032,Benin,19.777160250682726
Nigeria,Nigeria,Interchange,2033,Benin,624.6206824986489
Nigeria,Nigeria,Interchange,2033,Niger,1.169924366942147
Nigeria,Nigeria,Interchange,2034,Benin,525.9586557350668
Nigeria,Nigeria,Interchange,2034,Niger,2.7409855468353945
Nigeria,Nigeria,Interchange,2035,Benin,445.81813887660326
Nigeria,Nigeria,Interchange,2035,Niger,3.46969899481888
Nigeria,Nigeria,Interchange,2040,Benin,493.78368602140256
Nigeria,Nigeria,Interchange,2040,Niger,62.55454777038244
Nigeria,Nigeria,Interchange,2045,Benin,439.7311163147848
Nigeria,Nigeria,Interchange,2045,Niger,96.3579485224668
Nigeria,Nigeria,Interchange,2050,Benin,100.40658278823096
Nigeria,Nigeria,Interchange,2050,Niger,52.7
Nigeria,Nigeria,InterconUtilization,2027,Benin,0.0776078590152001
Nigeria,Nigeria,InterconUtilization,2028,Benin,0.1287042178049701
Nigeria,Nigeria,InterconUtilization,2029,Benin,0.2394708947293657
Nigeria,Nigeria,InterconUtilization,2030,Niger,0.1815032605275397
Nigeria,Nigeria,InterconUtilization,2031,Benin,0.0002607074240239
Nigeria,Nigeria,InterconUtilization,2031,Niger,0.0058331416024365
Nigeria,Nigeria,InterconUtilization,2032,Benin,0.0066401961625982
Nigeria,Nigeria,InterconUtilization,2033,Benin,0.2097168555260035
Nigeria,Nigeria,InterconUtilization,2033,Niger,0.0007856059407347
Nigeria,Nigeria,InterconUtilization,2034,Benin,0.1765910071632644
Nigeria,Nigeria,InterconUtilization,2034,Niger,0.0018405758439668
Nigeria,Nigeria,InterconUtilization,2035,Benin,0.1496837694321123
Nigeria,Nigeria,InterconUtilization,2035,Niger,0.0023299080008184
Nigeria,Nigeria,InterconUtilization,2040,Benin,0.165788237315808
Nigeria,Nigeria,InterconUtilization,2040,Niger,0.0420054712398485
Nigeria,Nigeria,InterconUtilization,2045,Benin,0.1476400471107926
Nigeria,Nigeria,InterconUtilization,2045,Niger,0.0647045047827469
Nigeria,Nigeria,InterconUtilization,2050,Benin,0.033711584336634
Nigeria,Nigeria,InterconUtilization,2050,Niger,0.0353881278538812
Nigeria,Nigeria,NetImport,2027,Benin,-0.2311472472908722
Nigeria,Nigeria,NetImport,2028,Benin,-0.3833326423103231
Nigeria,Nigeria,NetImport,2029,Benin,-0.7132401128619429
Nigeria,Nigeria,NetImport,2030,Niger,-0.2702946555776122
Nigeria,Nigeria,NetImport,2031,Benin,-0.0007764909917127
Nigeria,Nigeria,NetImport,2031,Niger,-0.0086867144743485
Nigeria,Nigeria,NetImport,2032,Benin,-0.0197771602506827
Nigeria,Nigeria,NetImport,2033,Benin,-0.6246206824986489
Nigeria,Nigeria,NetImport,2033,Niger,-0.0011699243669421
Nigeria,Nigeria,NetImport,2034,Benin,-0.5259586557350668
Nigeria,Nigeria,NetImport,2034,Niger,-0.0027409855468353
Nigeria,Nigeria,NetImport,2035,Benin,-0.4458181388766032
Nigeria,Nigeria,NetImport,2035,Niger,-0.0034696989948188
Nigeria,Nigeria,NetImport,2040,Benin,-0.4937836860214025
Nigeria,Nigeria,NetImport,2040,Niger,-0.0625545477703824
Nigeria,Nigeria,NetImport,2045,Benin,-0.4397311163147847
Nigeria,Nigeria,NetImport,2045,Niger,-0.0963579485224668
Nigeria,Nigeria,NetImport,2050,Benin,-0.1004065827882309
Nigeria,Nigeria,NetImport,2050,Niger,-0.0527
Nigeria,Nigeria,TransmissionCapacity,2026,Benin,340.0
Nigeria,Nigeria,TransmissionCapacity,2026,Niger,170.0
Nigeria,Nigeria,TransmissionCapacity,2027,Benin,340.0
Nigeria,Nigeria,TransmissionCapacity,2027,Niger,170.0
Nigeria,Nigeria,TransmissionCapacity,2028,Benin,340.0
Nigeria,Nigeria,TransmissionCapacity,2028,Niger,170.0
Nigeria,Nigeria,TransmissionCapacity,2029,Benin,340.0
Nigeria,Nigeria,TransmissionCapacity,2029,Niger,170.0
Nigeria,Nigeria,TransmissionCapacity,2030,Benin,340.0
Nigeria,Nigeria,TransmissionCapacity,2030,Niger,170.0
Nigeria,Nigeria,TransmissionCapacity,2031,Benin,340.0
Nigeria,Nigeria,TransmissionCapacity,2031,Niger,170.0
Nigeria,Nigeria,TransmissionCapacity,2032,Benin,340.0
Nigeria,Nigeria,TransmissionCapacity,2032,Niger,170.0
Nigeria,Nigeria,TransmissionCapacity,2033,Benin,340.0
Nigeria,Nigeria,TransmissionCapacity,2033,Niger,170.0
Nigeria,Nigeria,TransmissionCapacity,2034,Benin,340.0
Nigeria,Nigeria,TransmissionCapacity,2034,Niger,170.0
Nigeria,Nigeria,TransmissionCapacity,2035,Benin,340.0
Nigeria,Nigeria,TransmissionCapacity,2035,Niger,170.0
Nigeria,Nigeria,TransmissionCapacity,2040,Benin,340.0
Nigeria,Nigeria,TransmissionCapacity,2040,Niger,170.0
Nigeria,Nigeria,TransmissionCapacity,2045,Benin,340.0
Nigeria,Nigeria,TransmissionCapacity,2045,Niger,170.0
Nigeria,Nigeria,TransmissionCapacity,2050,Benin,340.0
Nigeria,Nigeria,TransmissionCapacity,2050,Niger,170.0
Senegal,Senegal,CongestionShare,2026,Guinea,0.1478310502283105
Senegal,Senegal,CongestionShare,2026,GuineaBissau,0.1974885844748858
Senegal,Senegal,CongestionShare,2026,Mauritania_grid,1.0
Senegal,Senegal,CongestionShare,2027,Gambia,0.0086757990867579
Senegal,Senegal,CongestionShare,2027,Guinea,0.2188356164383561
Senegal,Senegal,CongestionShare,2027,GuineaBissau,0.1173515981735159
Senegal,Senegal,CongestionShare,2027,Mali,0.1958904109589041
Senegal,Senegal,CongestionShare,2027,Mauritania_grid,1.0
Senegal,Senegal,CongestionShare,2028,Gambia,0.0086757990867579
Senegal,Senegal,CongestionShare,2028,Guinea,0.2763698630136986
Senegal,Senegal,CongestionShare,2028,GuineaBissau,0.5014840182648402
Senegal,Senegal,CongestionShare,2028,Mali,0.3062785388127854
Senegal,Senegal,CongestionShare,2028,Mauritania_grid,1.0
Senegal,Senegal,CongestionShare,2029,Gambia,0.0086757990867579
Senegal,Senegal,CongestionShare,2029,Guinea,0.2333333333333333
Senegal,Senegal,CongestionShare,2029,GuineaBissau,0.2366438356164383
Senegal,Senegal,CongestionShare,2029,Mali,0.0168949771689497
Senegal,Senegal,CongestionShare,2029,Mauritania_grid,1.0
Senegal,Senegal,CongestionShare,2030,Guinea,0.0084474885844748
Senegal,Senegal,CongestionShare,2030,GuineaBissau,0.0286529680365296
Senegal,Senegal,CongestionShare,2030,Mali,0.0036529680365296
Senegal,Senegal,CongestionShare,2030,Mauritania_grid,1.0
Senegal,Senegal,CongestionShare,2031,Guinea,0.0212328767123287
Senegal,Senegal,CongestionShare,2031,Mali,0.0130136986301369
Senegal,Senegal,CongestionShare,2031,Mauritania_grid,1.0
Senegal,Senegal,CongestionShare,2032,Guinea,0.028310502283105
Senegal,Senegal,CongestionShare,2032,GuineaBissau,0.0417808219178082
Senegal,Senegal,CongestionShare,2032,Mali,0.0907534246575342
Senegal,Senegal,CongestionShare,2032,Mauritania_grid,1.0
Senegal,Senegal,CongestionShare,2033,Guinea,0.0886986301369863
Senegal,Senegal,CongestionShare,2033,GuineaBissau,0.1614155251141552
Senegal,Senegal,CongestionShare,2033,Mali,0.1371004566210045
Senegal,Senegal,CongestionShare,2033,Mauritania_grid,1.0
Senegal,Senegal,CongestionShare,2034,Gambia,0.0043378995433789
Senegal,Senegal,CongestionShare,2034,Guinea,0.2248858447488584
Senegal,Senegal,CongestionShare,2034,GuineaBissau,0.2656392694063927
Senegal,Senegal,CongestionShare,2034,Mali,0.1541095890410959
Senegal,Senegal,CongestionShare,2034,Mauritania_grid,1.0
Senegal,Senegal,CongestionShare,2035,Gambia,0.0043378995433789
Senegal,Senegal,CongestionShare,2035,Guinea,0.2477168949771689
Senegal,Senegal,CongestionShare,2035,GuineaBissau,0.2858447488584474
Senegal,Senegal,CongestionShare,2035,Mali,0.2110730593607306
Senegal,Senegal,CongestionShare,2035,Mauritania_grid,1.0
Senegal,Senegal,CongestionShare,2040,Gambia,0.0640410958904109
Senegal,Senegal,CongestionShare,2040,Guinea,0.5006849315068493
Senegal,Senegal,CongestionShare,2040,GuineaBissau,0.4527397260273972
Senegal,Senegal,CongestionShare,2040,Mali,0.2318493150684931
Senegal,Senegal,CongestionShare,2040,Mauritania_grid,1.0
Senegal,Senegal,CongestionShare,2045,Gambia,0.2425799086757991
Senegal,Senegal,CongestionShare,2045,Guinea,0.4140410958904109
Senegal,Senegal,CongestionShare,2045,GuineaBissau,0.4736301369863013
Senegal,Senegal,CongestionShare,2045,Mali,0.2585616438356164
Senegal,Senegal,CongestionShare,2045,Mauritania_grid,1.0
Senegal,Senegal,CongestionShare,2050,Gambia,0.2310502283105023
Senegal,Senegal,CongestionShare,2050,Guinea,0.3098173515981735
Senegal,Senegal,CongestionShare,2050,GuineaBissau,0.3845890410958904
Senegal,Senegal,CongestionShare,2050,Mali,0.2683789954337899
Senegal,Senegal,CongestionShare,2050,Mauritania_grid,1.0
Senegal,Senegal,Interchange,2026,Gambia,204.42249716599488
Senegal,Senegal,Interchange,2026,Guinea,168.06109100592596
Senegal,Senegal,Interchange,2026,GuineaBissau,15.355454517963274
Senegal,Senegal,Interchange,2027,Gambia,341.24190737356383
Senegal,Senegal,Interchange,2027,Guinea,235.4776711711344
Senegal,Senegal,Interchange,2027,GuineaBissau,27.30460455330343
Senegal,Senegal,Interchange,2027,Mali,365.36881313252223
Senegal,Senegal,Interchange,2028,Gambia,508.34440748617743
Senegal,Senegal,Interchange,2028,Guinea,307.3406735287671
Senegal,Senegal,Interchange,2028,GuineaBissau,53.69749840369626
Senegal,Senegal,Interchange,2028,Mali,546.6170436607106
Senegal,Senegal,Interchange,2029,Gambia,525.5251830799904
Senegal,Senegal,Interchange,2029,Guinea,261.2529227482459
Senegal,Senegal,Interchange,2029,GuineaBissau,45.43424174486748
Senegal,Senegal,Interchange,2029,Mali,64.91830756639267
Senegal,Senegal,Interchange,2030,Gambia,219.76102394301668
Senegal,Senegal,Interchange,2030,Guinea,17.211638267518502
Senegal,Senegal,Interchange,2030,GuineaBissau,7.420730321450846
Senegal,Senegal,Interchange,2030,Mali,41.97102380428096
Senegal,Senegal,Interchange,2031,Gambia,86.89675957580141
Senegal,Senegal,Interchange,2031,Guinea,34.44750024506612
Senegal,Senegal,Interchange,2031,GuineaBissau,2.751808450675018
Senegal,Senegal,Interchange,2031,Mali,38.3348390853427
Senegal,Senegal,Interchange,2032,Gambia,44.43800584211287
Senegal,Senegal,Interchange,2032,Guinea,48.71263932704277
Senegal,Senegal,Interchange,2032,GuineaBissau,8.391917512590268
Senegal,Senegal,Interchange,2032,Mali,155.60329618916282
Senegal,Senegal,Interchange,2033,Gambia,47.67429136183628
Senegal,Senegal,Interchange,2033,Guinea,113.54364281142269
Senegal,Senegal,Interchange,2033,GuineaBissau,24.38665234195644
Senegal,Senegal,Interchange,2033,Mali,235.49520304839115
Senegal,Senegal,Interchange,2034,Gambia,56.81025546261789
Senegal,Senegal,Interchange,2034,Guinea,253.59673486718685
Senegal,Senegal,Interchange,2034,GuineaBissau,39.71865030864922
Senegal,Senegal,Interchange,2034,Mali,246.18869857438483
Senegal,Senegal,Interchange,2035,Gambia,79.81169727312295
Senegal,Senegal,Interchange,2035,Guinea,272.6096550254808
Senegal,Senegal,Interchange,2035,GuineaBissau,46.58615103033501
Senegal,Senegal,Interchange,2035,Mali,317.18345408614505
Senegal,Senegal,Interchange,2040,Gambia,165.95483020383185
Senegal,Senegal,Interchange,2040,Guinea,529.5776676508632
Senegal,Senegal,Interchange,2040,GuineaBissau,66.25930581362314
Senegal,Senegal,Interchange,2040,Mali,320.17990312327873
Senegal,Senegal,Interchange,2045,Gambia,397.92747926568575
Senegal,Senegal,Interchange,2045,Guinea,454.1447574466856
Senegal,Senegal,Interchange,2045,GuineaBissau,57.46012759999996
Senegal,Senegal,Interchange,2045,Mali,357.57175784170886
Senegal,Senegal,Interchange,2050,Gambia,312.2018158681178
Senegal,Senegal,Interchange,2050,Guinea,339.1669227622819
Senegal,Senegal,Interchange,2050,GuineaBissau,47.38974160655986
Senegal,Senegal,Interchange,2050,Mali,371.2707988268048
Senegal,Senegal,Interchange,2050,Mauritania_grid,3.0200000000000026e-08
Senegal,Senegal,InterconUtilization,2026,Gambia,0.1555726766864497
Senegal,Senegal,InterconUtilization,2026,Guinea,0.1598754670908732
Senegal,Senegal,InterconUtilization,2026,GuineaBissau,0.1516133341397601
Senegal,Senegal,InterconUtilization,2027,Gambia,0.2596970375750105
Senegal,Senegal,InterconUtilization,2027,Guinea,0.2240084390897397
Senegal,Senegal,InterconUtilization,2027,GuineaBissau,0.2695942428048101
Senegal,Senegal,InterconUtilization,2027,Mali,0.2780584574828936
Senegal,Senegal,InterconUtilization,2028,Gambia,0.3868678900199219
Senegal,Senegal,InterconUtilization,2028,Guinea,0.2923712647724192
Senegal,Senegal,InterconUtilization,2028,GuineaBissau,0.5301866355323414
Senegal,Senegal,InterconUtilization,2028,Mali,0.4159947059822759
Senegal,Senegal,InterconUtilization,2029,Gambia,0.399943061704711
Senegal,Senegal,InterconUtilization,2029,Guinea,0.2485282750649219
Senegal,Senegal,InterconUtilization,2029,GuineaBissau,0.4485986961175868
Senegal,Senegal,InterconUtilization,2029,Mali,0.0494051046928406
Senegal,Senegal,InterconUtilization,2030,Gambia,0.167245832528932
Senegal,Senegal,InterconUtilization,2030,Guinea,0.0163733240748844
Senegal,Senegal,InterconUtilization,2030,GuineaBissau,0.0732691868202938
Senegal,Senegal,InterconUtilization,2030,Mali,0.0319414184203051
Senegal,Senegal,InterconUtilization,2031,Gambia,0.0661314760850847
Senegal,Senegal,InterconUtilization,2031,Guinea,0.0327696920139517
Senegal,Senegal,InterconUtilization,2031,GuineaBissau,0.0271702054558359
Senegal,Senegal,InterconUtilization,2031,Mali,0.0291741545550553
Senegal,Senegal,InterconUtilization,2032,Gambia,0.0338188781142411
Senegal,Senegal,InterconUtilization,2032,Guinea,0.0463400298012202
Senegal,Senegal,InterconUtilization,2032,GuineaBissau,0.0828582828610672
Senegal,Senegal,InterconUtilization,2032,Mali,0.118419555699515
Senegal,Senegal,InterconUtilization,2033,Gambia,0.0362818046893731
Senegal,Senegal,InterconUtilization,2033,Guinea,0.1080133588388724
Senegal,Senegal,InterconUtilization,2033,GuineaBissau,0.2407836033603527
Senegal,Senegal,InterconUtilization,2033,Mali,0.1792200936441333
Senegal,Senegal,InterconUtilization,2034,Gambia,0.0432345931983393
Senegal,Senegal,InterconUtilization,2034,Guinea,0.2412449913120118
Senegal,Senegal,InterconUtilization,2034,GuineaBissau,0.3921653373256356
Senegal,Senegal,InterconUtilization,2034,Mali,0.1873582180931391
Senegal,Senegal,InterconUtilization,2035,Gambia,0.060739495641646
Senegal,Senegal,InterconUtilization,2035,Guinea,0.2593318636087146
Senegal,Senegal,InterconUtilization,2035,GuineaBissau,0.4599721665148307
Senegal,Senegal,InterconUtilization,2035,Mali,0.2413877123943265
Senegal,Senegal,InterconUtilization,2040,Gambia,0.1262974354671475
Senegal,Senegal,InterconUtilization,2040,Guinea,0.5037839304136826
Senegal,Senegal,InterconUtilization,2040,GuineaBissau,0.6542166668161808
Senegal,Senegal,InterconUtilization,2040,Mali,0.2436681150101056
Senegal,Senegal,InterconUtilization,2045,Gambia,0.3028367422113286
Senegal,Senegal,InterconUtilization,2045,Guinea,0.4320250736745487
Senegal,Senegal,InterconUtilization,2045,GuineaBissau,0.5673372621657544
Senegal,Senegal,InterconUtilization,2045,Mali,0.2721246254503111
Senegal,Senegal,InterconUtilization,2050,Gambia,0.2375965113151582
Senegal,Senegal,InterconUtilization,2050,Guinea,0.3226473770569653
Senegal,Senegal,InterconUtilization,2050,GuineaBissau,0.4679064836919755
Senegal,Senegal,InterconUtilization,2050,Mali,0.2825500752106581
Senegal,Senegal,InterconUtilization,2050,Mauritania_grid,0.3447488584474886
Senegal,Senegal,NetImport,2026,Gambia,-0.2044224971659949
Senegal,Senegal,NetImport,2026,Guinea,-0.1680610910059259
Senegal,Senegal,NetImport,2026,GuineaBissau,-0.0153554545179632
Senegal,Senegal,NetImport,2027,Gambia,-0.3412419073735638
Senegal,Senegal,NetImport,2027,Guinea,-0.2354776711711344
Senegal,Senegal,NetImport,2027,GuineaBissau,-0.0273046045533034
Senegal,Senegal,NetImport,2027,Mali,-0.3653688131325222
Senegal,Senegal,NetImport,2028,Gambia,-0.5083444074861775
Senegal,Senegal,NetImport,2028,Guinea,-0.3073406735287671
Senegal,Senegal,NetImport,2028,GuineaBissau,-0.0536974984036962
Senegal,Senegal,NetImport,2028,Mali,-0.5466170436607106
Senegal,Senegal,NetImport,2029,Gambia,-0.5255251830799904
Senegal,Senegal,NetImport,2029,Guinea,-0.2612529227482459
Senegal,Senegal,NetImport,2029,GuineaBissau,-0.0454342417448674
Senegal,Senegal,NetImport,2029,Mali,-0.0649183075663926
Senegal,Senegal,NetImport,2030,Gambia,-0.2197610239430167
Senegal,Senegal,NetImport,2030,Guinea,-0.0172116382675185
Senegal,Senegal,NetImport,2030,GuineaBissau,-0.0074207303214508
Senegal,Senegal,NetImport,2030,Mali,-0.0419710238042809
Senegal,Senegal,NetImport,2031,Gambia,-0.0868967595758014
Senegal,Senegal,NetImport,2031,Guinea,-0.0344475002450661
Senegal,Senegal,NetImport,2031,GuineaBissau,-0.002751808450675
Senegal,Senegal,NetImport,2031,Mali,-0.0383348390853427
Senegal,Senegal,NetImport,2032,Gambia,-0.0444380058421128
Senegal,Senegal,NetImport,2032,Guinea,-0.0487126393270427
Senegal,Senegal,NetImport,2032,GuineaBissau,-0.0083919175125902
Senegal,Senegal,NetImport,2032,Mali,-0.1556032961891628
Senegal,Senegal,NetImport,2033,Gambia,-0.0476742913618362
Senegal,Senegal,NetImport,2033,Guinea,-0.1135436428114227
Senegal,Senegal,NetImport,2033,GuineaBissau,-0.0243866523419564
Senegal,Senegal,NetImport,2033,Mali,-0.2354952030483911
Senegal,Senegal,NetImport,2034,Gambia,-0.0568102554626178
Senegal,Senegal,NetImport,2034,Guinea,-0.2535967348671868
Senegal,Senegal,NetImport,2034,GuineaBissau,-0.0397186503086492
Senegal,Senegal,NetImport,2034,Mali,-0.2461886985743848
Senegal,Senegal,NetImport,2035,Gambia,-0.0798116972731229
Senegal,Senegal,NetImport,2035,Guinea,-0.2726096550254808
Senegal,Senegal,NetImport,2035,GuineaBissau,-0.046586151030335
Senegal,Senegal,NetImport,2035,Mali,-0.317183454086145
Senegal,Senegal,NetImport,2040,Gambia,-0.1659548302038318
Senegal,Senegal,NetImport,2040,Guinea,-0.5295776676508632
Senegal,Senegal,NetImport,2040,GuineaBissau,-0.0662593058136231
Senegal,Senegal,NetImport,2040,Mali,-0.3201799031232787
Senegal,Senegal,NetImport,2045,Gambia,-0.3979274792656858
Senegal,Senegal,NetImport,2045,Guinea,-0.4541447574466856
Senegal,Senegal,NetImport,2045,GuineaBissau,-0.0574601275999999
Senegal,Senegal,NetImport,2045,Mali,-0.3575717578417088
Senegal,Senegal,NetImport,2050,Gambia,-0.3122018158681178
Senegal,Senegal,NetImport,2050,Guinea,-0.3391669227622819
Senegal,Senegal,NetImport,2050,GuineaBissau,-0.0473897416065598
Senegal,Senegal,NetImport,2050,Mali,-0.3712707988268048
Senegal,Senegal,NetImport,2050,Mauritania_grid,-3.020000000000003e-11
Senegal,Senegal,TransmissionCapacity,2026,Gambia,150.0
Senegal,Senegal,TransmissionCapacity,2026,Guinea,120.0
Senegal,Senegal,TransmissionCapacity,2026,GuineaBissau,20.0
Senegal,Senegal,TransmissionCapacity,2026,Mali,150.0
Senegal,Senegal,TransmissionCapacity,2027,Gambia,150.0
Senegal,Senegal,TransmissionCapacity,2027,Guinea,120.0
Senegal,Senegal,TransmissionCapacity,2027,GuineaBissau,20.0
Senegal,Senegal,TransmissionCapacity,2027,Mali,150.0
Senegal,Senegal,TransmissionCapacity,2028,Gambia,150.0
Senegal,Senegal,TransmissionCapacity,2028,Guinea,120.0
Senegal,Senegal,TransmissionCapacity,2028,GuineaBissau,20.0
Senegal,Senegal,TransmissionCapacity,2028,Mali,150.0
Senegal,Senegal,TransmissionCapacity,2029,Gambia,150.0
Senegal,Senegal,TransmissionCapacity,2029,Guinea,120.0
Senegal,Senegal,TransmissionCapacity,2029,GuineaBissau,20.0
Senegal,Senegal,TransmissionCapacity,2029,Mali,150.0
Senegal,Senegal,TransmissionCapacity,2030,Gambia,150.0
Senegal,Senegal,TransmissionCapacity,2030,Guinea,120.0
Senegal,Senegal,TransmissionCapacity,2030,GuineaBissau,20.0
Senegal,Senegal,TransmissionCapacity,2030,Mali,150.0
Senegal,Senegal,TransmissionCapacity,2031,Gambia,150.0
Senegal,Senegal,TransmissionCapacity,2031,Guinea,120.0
Senegal,Senegal,TransmissionCapacity,2031,GuineaBissau,20.0
Senegal,Senegal,TransmissionCapacity,2031,Mali,150.0
Senegal,Senegal,TransmissionCapacity,2032,Gambia,150.0
Senegal,Senegal,TransmissionCapacity,2032,Guinea,120.0
Senegal,Senegal,TransmissionCapacity,2032,GuineaBissau,20.0
Senegal,Senegal,TransmissionCapacity,2032,Mali,150.0
Senegal,Senegal,TransmissionCapacity,2033,Gambia,150.0
Senegal,Senegal,TransmissionCapacity,2033,Guinea,120.0
Senegal,Senegal,TransmissionCapacity,2033,GuineaBissau,20.0
Senegal,Senegal,TransmissionCapacity,2033,Mali,150.0
Senegal,Senegal,TransmissionCapacity,2034,Gambia,150.0
Senegal,Senegal,TransmissionCapacity,2034,Guinea,120.0
Senegal,Senegal,TransmissionCapacity,2034,GuineaBissau,20.0
Senegal,Senegal,TransmissionCapacity,2034,Mali,150.0
Senegal,Senegal,TransmissionCapacity,2035,Gambia,150.0
Senegal,Senegal,TransmissionCapacity,2035,Guinea,120.0
Senegal,Senegal,TransmissionCapacity,2035,GuineaBissau,20.0
Senegal,Senegal,TransmissionCapacity,2035,Mali,150.0
Senegal,Senegal,TransmissionCapacity,2040,Gambia,150.0
Senegal,Senegal,TransmissionCapacity,2040,Guinea,120.0
Senegal,Senegal,TransmissionCapacity,2040,GuineaBissau,20.0
Senegal,Senegal,TransmissionCapacity,2040,Mali,150.0
Senegal,Senegal,TransmissionCapacity,2045,Gambia,150.0
Senegal,Senegal,TransmissionCapacity,2045,Guinea,120.0
Senegal,Senegal,TransmissionCapacity,2045,GuineaBissau,20.0
Senegal,Senegal,TransmissionCapacity,2045,Mali,150.0
Senegal,Senegal,TransmissionCapacity,2050,Gambia,150.0
Senegal,Senegal,TransmissionCapacity,2050,Guinea,120.0
Senegal,Senegal,TransmissionCapacity,2050,GuineaBissau,20.0
Senegal,Senegal,TransmissionCapacity,2050,Mali,150.0
Senegal,Senegal,TransmissionCapacity,2050,Mauritania_grid,1e-08
SierraLeone,SierraLeone,CongestionShare,2026,Guinea,0.9028538812785388
SierraLeone,SierraLeone,CongestionShare,2026,Liberia,0.1422374429223744
SierraLeone,SierraLeone,CongestionShare,2027,Guinea,0.6339041095890411
SierraLeone,SierraLeone,CongestionShare,2027,Liberia,0.2276255707762557
SierraLeone,SierraLeone,CongestionShare,2028,Guinea,0.868607305936073
SierraLeone,SierraLeone,CongestionShare,2028,Liberia,0.2391552511415525
SierraLeone,SierraLeone,CongestionShare,2029,Guinea,0.7599315068493151
SierraLeone,SierraLeone,CongestionShare,2029,Liberia,0.3003424657534246
SierraLeone,SierraLeone,CongestionShare,2030,Guinea,0.416324200913242
SierraLeone,SierraLeone,CongestionShare,2030,Liberia,0.3486301369863013
SierraLeone,SierraLeone,CongestionShare,2031,Guinea,0.3445205479452055
SierraLeone,SierraLeone,CongestionShare,2031,Liberia,0.3426940639269406
SierraLeone,SierraLeone,CongestionShare,2032,Guinea,0.4626712328767123
SierraLeone,SierraLeone,CongestionShare,2032,Liberia,0.1530821917808219
SierraLeone,SierraLeone,CongestionShare,2033,Guinea,0.3993150684931507
SierraLeone,SierraLeone,CongestionShare,2033,Liberia,0.1655251141552511
SierraLeone,SierraLeone,CongestionShare,2034,Guinea,0.2590182648401826
SierraLeone,SierraLeone,CongestionShare,2034,Liberia,0.2853881278538813
SierraLeone,SierraLeone,CongestionShare,2035,Guinea,0.2811643835616438
SierraLeone,SierraLeone,CongestionShare,2035,Liberia,0.3073059360730593
SierraLeone,SierraLeone,CongestionShare,2040,Guinea,0.5143835616438356
SierraLeone,SierraLeone,CongestionShare,2040,Liberia,0.866324200913242
SierraLeone,SierraLeone,CongestionShare,2045,Guinea,0.5723744292237443
SierraLeone,SierraLeone,CongestionShare,2045,Liberia,1.0
SierraLeone,SierraLeone,CongestionShare,2050,Guinea,0.5780821917808219
SierraLeone,SierraLeone,CongestionShare,2050,Liberia,1.0
SierraLeone,SierraLeone,Interchange,2026,Guinea,213.77116225047044
SierraLeone,SierraLeone,Interchange,2026,Liberia,129.33204717775303
SierraLeone,SierraLeone,Interchange,2027,Guinea,150.8498025102719
SierraLeone,SierraLeone,Interchange,2027,Liberia,206.31695604078465
SierraLeone,SierraLeone,Interchange,2028,Guinea,202.18426671107184
SierraLeone,SierraLeone,Interchange,2028,Liberia,250.2306568355553
SierraLeone,SierraLeone,Interchange,2029,Guinea,173.21911705015756
SierraLeone,SierraLeone,Interchange,2029,Liberia,311.4912949376019
SierraLeone,SierraLeone,Interchange,2030,Guinea,95.94908018285116
SierraLeone,SierraLeone,Interchange,2030,Liberia,318.92039079486614
SierraLeone,SierraLeone,Interchange,2031,Guinea,78.63225005465102
SierraLeone,SierraLeone,Interchange,2031,Liberia,313.1919720684514
SierraLeone,SierraLeone,Interchange,2032,Guinea,109.2346344952124
SierraLeone,SierraLeone,Interchange,2032,Liberia,175.3965823583598
SierraLeone,SierraLeone,Interchange,2033,Guinea,90.948
SierraLeone,SierraLeone,Interchange,2033,Liberia,198.3170587603464
SierraLeone,SierraLeone,Interchange,2034,Guinea,61.623433424642165
SierraLeone,SierraLeone,Interchange,2034,Liberia,283.49414370326
SierraLeone,SierraLeone,Interchange,2035,Guinea,66.14233393909994
SierraLeone,SierraLeone,Interchange,2035,Liberia,289.09148653674066
SierraLeone,SierraLeone,Interchange,2040,Guinea,117.28346126449108
SierraLeone,SierraLeone,Interchange,2040,Liberia,616.858752633522
SierraLeone,SierraLeone,Interchange,2045,Guinea,131.6398206954255
SierraLeone,SierraLeone,Interchange,2045,Liberia,683.28
SierraLeone,SierraLeone,Interchange,2050,Guinea,131.93633200912993
SierraLeone,SierraLeone,Interchange,2050,Liberia,683.28
SierraLeone,SierraLeone,InterconUtilization,2026,Guinea,0.9385807966740009
SierraLeone,SierraLeone,InterconUtilization,2026,Liberia,0.1892811836695835
SierraLeone,SierraLeone,InterconUtilization,2027,Guinea,0.6623191188543726
SierraLeone,SierraLeone,InterconUtilization,2027,Liberia,0.3019508196358515
SierraLeone,SierraLeone,InterconUtilization,2028,Guinea,0.8877075285874246
SierraLeone,SierraLeone,InterconUtilization,2028,Liberia,0.3662197881330573
SierraLeone,SierraLeone,InterconUtilization,2029,Guinea,0.7605335311299507
SierraLeone,SierraLeone,InterconUtilization,2029,Liberia,0.4558765000257608
SierraLeone,SierraLeone,InterconUtilization,2030,Guinea,0.4212727440413205
SierraLeone,SierraLeone,InterconUtilization,2030,Liberia,0.4667491962224361
SierraLeone,SierraLeone,InterconUtilization,2031,Guinea,0.3452417020313094
SierraLeone,SierraLeone,InterconUtilization,2031,Liberia,0.4583654900896432
SierraLeone,SierraLeone,InterconUtilization,2032,Guinea,0.4796041205444871
SierraLeone,SierraLeone,InterconUtilization,2032,Liberia,0.2566979603652379
SierraLeone,SierraLeone,InterconUtilization,2033,Guinea,0.3993150684931507
SierraLeone,SierraLeone,InterconUtilization,2033,Liberia,0.2902427390825816
SierraLeone,SierraLeone,InterconUtilization,2034,Guinea,0.2705630199536449
SierraLeone,SierraLeone,InterconUtilization,2034,Liberia,0.4149018611744233
SierraLeone,SierraLeone,InterconUtilization,2035,Guinea,0.2904036439194764
SierraLeone,SierraLeone,InterconUtilization,2035,Liberia,0.4230937339549536
SierraLeone,SierraLeone,InterconUtilization,2040,Guinea,0.5149431913614817
SierraLeone,SierraLeone,InterconUtilization,2040,Liberia,0.9027905875095452
SierraLeone,SierraLeone,InterconUtilization,2045,Guinea,0.5779760304505861
SierraLeone,SierraLeone,InterconUtilization,2045,Liberia,1.0
SierraLeone,SierraLeone,InterconUtilization,2050,Guinea,0.5792778890460569
SierraLeone,SierraLeone,InterconUtilization,2050,Liberia,1.0
SierraLeone,SierraLeone,NetImport,2026,Guinea,-0.2137711622504704
SierraLeone,SierraLeone,NetImport,2026,Liberia,-0.129332047177753
SierraLeone,SierraLeone,NetImport,2027,Guinea,-0.1508498025102719
SierraLeone,SierraLeone,NetImport,2027,Liberia,-0.2063169560407846
SierraLeone,SierraLeone,NetImport,2028,Guinea,-0.2021842667110718
SierraLeone,SierraLeone,NetImport,2028,Liberia,-0.2502306568355554
SierraLeone,SierraLeone,NetImport,2029,Guinea,-0.1732191170501575
SierraLeone,SierraLeone,NetImport,2029,Liberia,-0.3114912949376018
SierraLeone,SierraLeone,NetImport,2030,Guinea,-0.0959490801828511
SierraLeone,SierraLeone,NetImport,2030,Liberia,-0.3189203907948661
SierraLeone,SierraLeone,NetImport,2031,Guinea,-0.078632250054651
SierraLeone,SierraLeone,NetImport,2031,Liberia,-0.3131919720684514
SierraLeone,SierraLeone,NetImport,2032,Guinea,-0.1092346344952124
SierraLeone,SierraLeone,NetImport,2032,Liberia,-0.1753965823583598
SierraLeone,SierraLeone,NetImport,2033,Guinea,-0.090948
SierraLeone,SierraLeone,NetImport,2033,Liberia,-0.1983170587603464
SierraLeone,SierraLeone,NetImport,2034,Guinea,-0.0616234334246421
SierraLeone,SierraLeone,NetImport,2034,Liberia,-0.28349414370326
SierraLeone,SierraLeone,NetImport,2035,Guinea,-0.0661423339390999
SierraLeone,SierraLeone,NetImport,2035,Liberia,-0.2890914865367406
SierraLeone,SierraLeone,NetImport,2040,Guinea,-0.117283461264491
SierraLeone,SierraLeone,NetImport,2040,Liberia,-0.6168587526335221
SierraLeone,SierraLeone,NetImport,2045,Guinea,-0.1316398206954255
SierraLeone,SierraLeone,NetImport,2045,Liberia,-0.68328
SierraLeone,SierraLeone,NetImport,2050,Guinea,-0.1319363320091299
SierraLeone,SierraLeone,NetImport,2050,Liberia,-0.68328
SierraLeone,SierraLeone,TransmissionCapacity,2026,Guinea,26.0
SierraLeone,SierraLeone,TransmissionCapacity,2026,Liberia,78.0
SierraLeone,SierraLeone,TransmissionCapacity,2027,Guinea,26.0
SierraLeone,SierraLeone,TransmissionCapacity,2027,Liberia,78.0
SierraLeone,SierraLeone,TransmissionCapacity,2028,Guinea,26.0
SierraLeone,SierraLeone,TransmissionCapacity,2028,Liberia,78.0
SierraLeone,SierraLeone,TransmissionCapacity,2029,Guinea,26.0
SierraLeone,SierraLeone,TransmissionCapacity,2029,Liberia,78.0
SierraLeone,SierraLeone,TransmissionCapacity,2030,Guinea,26.0
SierraLeone,SierraLeone,TransmissionCapacity,2030,Liberia,78.0
SierraLeone,SierraLeone,TransmissionCapacity,2031,Guinea,26.0
SierraLeone,SierraLeone,TransmissionCapacity,2031,Liberia,78.0
SierraLeone,SierraLeone,TransmissionCapacity,2032,Guinea,26.0
SierraLeone,SierraLeone,TransmissionCapacity,2032,Liberia,78.0
SierraLeone,SierraLeone,TransmissionCapacity,2033,Guinea,26.0
SierraLeone,SierraLeone,TransmissionCapacity,2033,Liberia,78.0
SierraLeone,SierraLeone,TransmissionCapacity,2034,Guinea,26.0
SierraLeone,SierraLeone,TransmissionCapacity,2034,Liberia,78.0
SierraLeone,SierraLeone,TransmissionCapacity,2035,Guinea,26.0
SierraLeone,SierraLeone,TransmissionCapacity,2035,Liberia,78.0
SierraLeone,SierraLeone,TransmissionCapacity,2040,Guinea,26.0
SierraLeone,SierraLeone,TransmissionCapacity,2040,Liberia,78.0
SierraLeone,SierraLeone,TransmissionCapacity,2045,Guinea,26.0
SierraLeone,SierraLeone,TransmissionCapacity,2045,Liberia,78.0
SierraLeone,SierraLeone,TransmissionCapacity,2050,Guinea,26.0
SierraLeone,SierraLeone,TransmissionCapacity,2050,Liberia,78.0
Togo,Togo,CongestionShare,2026,Benin,0.9656392694063928
Togo,Togo,CongestionShare,2027,Benin,0.8642694063926941
Togo,Togo,CongestionShare,2028,Benin,0.6888127853881278
Togo,Togo,CongestionShare,2029,Benin,0.3375570776255708
Togo,Togo,CongestionShare,2030,Benin,0.0461187214611872
Togo,Togo,CongestionShare,2030,Ghana,0.0662100456621004
Togo,Togo,CongestionShare,2031,Benin,0.0724885844748858
Togo,Togo,CongestionShare,2031,Ghana,0.1301369863013698
Togo,Togo,CongestionShare,2032,Benin,0.0447488584474885
Togo,Togo,CongestionShare,2032,Ghana,0.2268264840182648
Togo,Togo,CongestionShare,2033,Benin,0.0371004566210045
Togo,Togo,CongestionShare,2033,Ghana,0.458675799086758
Togo,Togo,CongestionShare,2034,Benin,0.0934931506849315
Togo,Togo,CongestionShare,2034,Ghana,0.4713470319634703
Togo,Togo,CongestionShare,2035,Benin,0.1019406392694064
Togo,Togo,CongestionShare,2035,Ghana,0.5046803652968036
Togo,Togo,CongestionShare,2040,Benin,0.2644977168949771
Togo,Togo,CongestionShare,2040,Ghana,0.7263698630136987
Togo,Togo,CongestionShare,2045,Benin,0.363013698630137
Togo,Togo,CongestionShare,2045,Ghana,0.7308219178082191
Togo,Togo,CongestionShare,2050,Benin,0.1335616438356164
Togo,Togo,CongestionShare,2050,Ghana,0.6930365296803653
Togo,Togo,Interchange,2026,Benin,2970.4227035007
Togo,Togo,Interchange,2027,Benin,2717.463903234137
Togo,Togo,Interchange,2028,Benin,2497.451565207687
Togo,Togo,Interchange,2029,Benin,1719.163440282079
Togo,Togo,Interchange,2030,Benin,1153.1835997468745
Togo,Togo,Interchange,2030,Ghana,193.986221666723
Togo,Togo,Interchange,2031,Benin,1112.847014364749
Togo,Togo,Interchange,2031,Ghana,299.0047795380594
Togo,Togo,Interchange,2032,Benin,1008.6694174785003
Togo,Togo,Interchange,2032,Ghana,433.3454153523474
Togo,Togo,Interchange,2033,Benin,733.9909048923474
Togo,Togo,Interchange,2033,Ghana,878.597203022554
Togo,Togo,Interchange,2034,Benin,811.0152636730625
Togo,Togo,Interchange,2034,Ghana,931.4883888318412
Togo,Togo,Interchange,2035,Benin,811.8488406758505
Togo,Togo,Interchange,2035,Ghana,984.5717687047252
Togo,Togo,Interchange,2040,Benin,1126.0251273288557
Togo,Togo,Interchange,2040,Ghana,1285.4254979993516
Togo,Togo,Interchange,2045,Benin,1343.2274419783655
Togo,Togo,Interchange,2045,Ghana,1283.5123266107305
Togo,Togo,Interchange,2050,Benin,448.7240444473933
Togo,Togo,Interchange,2050,Ghana,1230.7423275252556
Togo,Togo,InterconUtilization,2026,Benin,0.9973216168079168
Togo,Togo,InterconUtilization,2027,Benin,0.9123905127699896
Togo,Togo,InterconUtilization,2028,Benin,0.838521207765138
Togo,Togo,InterconUtilization,2029,Benin,0.5772103949375768
Togo,Togo,InterconUtilization,2030,Benin,0.387182245415953
Togo,Togo,InterconUtilization,2030,Ghana,0.1107227292618281
Togo,Togo,InterconUtilization,2031,Benin,0.37363920707922
Togo,Togo,InterconUtilization,2031,Ghana,0.1706648285034585
Togo,Togo,InterconUtilization,2032,Benin,0.3386615019737108
Togo,Togo,InterconUtilization,2032,Ghana,0.247343273602938
Togo,Togo,InterconUtilization,2033,Benin,0.2464379884811803
Togo,Togo,InterconUtilization,2033,Ghana,0.5014824218165262
Togo,Togo,InterconUtilization,2034,Benin,0.2722989738359732
Togo,Togo,InterconUtilization,2034,Ghana,0.5316714548126947
Togo,Togo,InterconUtilization,2035,Benin,0.2725788479303823
Togo,Togo,InterconUtilization,2035,Ghana,0.5619701876168522
Togo,Togo,InterconUtilization,2040,Benin,0.3780637682409534
Togo,Togo,InterconUtilization,2040,Ghana,0.733690352739356
Togo,Togo,InterconUtilization,2045,Benin,0.4509896058213691
Togo,Togo,InterconUtilization,2045,Ghana,0.7325983599376316
Togo,Togo,InterconUtilization,2050,Benin,0.1506594293739569
Togo,Togo,InterconUtilization,2050,Ghana,0.7024784974459223
Togo,Togo,NetImport,2026,Benin,-2.970422703500699
Togo,Togo,NetImport,2027,Benin,-2.717463903234137
Togo,Togo,NetImport,2028,Benin,-2.497451565207687
Togo,Togo,NetImport,2029,Benin,-1.7191634402820788
Togo,Togo,NetImport,2030,Benin,-1.1531835997468745
Togo,Togo,NetImport,2030,Ghana,-0.193986221666723
Togo,Togo,NetImport,2031,Benin,-1.1128470143647489
Togo,Togo,NetImport,2031,Ghana,-0.2990047795380594
Togo,Togo,NetImport,2032,Benin,-1.0086694174785005
Togo,Togo,NetImport,2032,Ghana,-0.4333454153523474
Togo,Togo,NetImport,2033,Benin,-0.7339909048923474
Togo,Togo,NetImport,2033,Ghana,-0.8785972030225541
Togo,Togo,NetImport,2034,Benin,-0.8110152636730624
Togo,Togo,NetImport,2034,Ghana,-0.9314883888318412
Togo,Togo,NetImport,2035,Benin,-0.8118488406758505
Togo,Togo,NetImport,2035,Ghana,-0.9845717687047252
Togo,Togo,NetImport,2040,Benin,-1.1260251273288555
Togo,Togo,NetImport,2040,Ghana,-1.2854254979993516
Togo,Togo,NetImport,2045,Benin,-1.343227441978366
Togo,Togo,NetImport,2045,Ghana,-1.2835123266107304
Togo,Togo,NetImport,2050,Benin,-0.4487240444473933
Togo,Togo,NetImport,2050,Ghana,-1.2307423275252556
Togo,Togo,TransmissionCapacity,2026,Benin,340.0
Togo,Togo,TransmissionCapacity,2026,Ghana,200.0
Togo,Togo,TransmissionCapacity,2027,Benin,340.0
Togo,Togo,TransmissionCapacity,2027,Ghana,200.0
Togo,Togo,TransmissionCapacity,2028,Benin,340.0
Togo,Togo,TransmissionCapacity,2028,Ghana,200.0
Togo,Togo,TransmissionCapacity,2029,Benin,340.0
Togo,Togo,TransmissionCapacity,2029,Ghana,200.0
Togo,Togo,TransmissionCapacity,2030,Benin,340.0
Togo,Togo,TransmissionCapacity,2030,Ghana,200.0
Togo,Togo,TransmissionCapacity,2031,Benin,340.0
Togo,Togo,TransmissionCapacity,2031,Ghana,200.0
Togo,Togo,TransmissionCapacity,2032,Benin,340.0
Togo,Togo,TransmissionCapacity,2032,Ghana,200.0
Togo,Togo,TransmissionCapacity,2033,Benin,340.0
Togo,Togo,TransmissionCapacity,2033,Ghana,200.0
Togo,Togo,TransmissionCapacity,2034,Benin,340.0
Togo,Togo,TransmissionCapacity,2034,Ghana,200.0
Togo,Togo,TransmissionCapacity,2035,Benin,340.0
Togo,Togo,TransmissionCapacity,2035,Ghana,200.0
Togo,Togo,TransmissionCapacity,2040,Benin,340.0
Togo,Togo,TransmissionCapacity,2040,Ghana,200.0
Togo,Togo,TransmissionCapacity,2045,Benin,340.0
Togo,Togo,TransmissionCapacity,2045,Ghana,200.0
Togo,Togo,TransmissionCapacity,2050,Benin,340.0
Togo,Togo,TransmissionCapacity,2050,Ghana,200.0
