{
"type": "FeatureCollection",
"name": "linestring_countries",
"crs": { "type": "name", "properties": { "name": "urn:ogc:def:crs:OGC:1.3:CRS84" } },
"features": [
{ "type": "Feature", "properties": { "z": "Benin", "z_other": "Burkina", "c": "Benin", "c2": "Burkina", "ISO_A3": "BEN", "ISO_A3_other": "BFA", "ISO_A2": "BJ", "ISO_A2_other": "BF", "country_ini_lat": 9.641239649259143, "country_ini_lon": 2.3287235697524404, "lat_linestring": 10.955394161669142, "lon_linestring": 0.28659951338749601 }, "geometry": { "type": "LineString", "coordinates": [ [ 2.32872356975244, 9.641239649259143 ], [ -1.755524542977448, 12.269548674079141 ] ] } },
{ "type": "Feature", "properties": { "z": "Benin", "z_other": "Gambia", "c": "Benin", "c2": "Gambia", "ISO_A3": "BEN", "ISO_A3_other": "GMB", "ISO_A2": "BJ", "ISO_A2_other": "GM", "country_ini_lat": 9.641239649259143, "country_ini_lon": 2.3287235697524404, "lat_linestring": 11.545480588004017, "lon_linestring": -6.5344436494592069 }, "geometry": { "type": "LineString", "coordinates": [ [ 2.32872356975244, 9.641239649259143 ], [ -15.397610868670855, 13.44972152674889 ] ] } },
{ "type": "Feature", "properties": { "z": "Benin", "z_other": "Ghana", "c": "Benin", "c2": "Ghana", "ISO_A3": "BEN", "ISO_A3_other": "GHA", "ISO_A2": "BJ", "ISO_A2_other": "GH", "country_ini_lat": 9.641239649259143, "country_ini_lon": 2.3287235697524404, "lat_linestring": 8.7976033745064264, "lon_linestring": 0.55610486759002509 }, "geometry": { "type": "LineString", "coordinates": [ [ 2.32872356975244, 9.641239649259143 ], [ -1.21651383457239, 7.95396709975371 ] ] } },
{ "type": "Feature", "properties": { "z": "Benin", "z_other": "Guinea", "c": "Benin", "c2": "Guinea", "ISO_A3": "BEN", "ISO_A3_other": "GIN", "ISO_A2": "BJ", "ISO_A2_other": "GN", "country_ini_lat": 9.641239649259143, "country_ini_lon": 2.3287235697524404, "lat_linestring": 10.037947243770986, "lon_linestring": -4.3071625170243282 }, "geometry": { "type": "LineString", "coordinates": [ [ 2.32872356975244, 9.641239649259143 ], [ -10.943048603801097, 10.43465483828283 ] ] } },
{ "type": "Feature", "properties": { "z": "Benin", "z_other": "GuineaBissau", "c": "Benin", "c2": "GuineaBissau", "ISO_A3": "BEN", "ISO_A3_other": "GNB", "ISO_A2": "BJ", "ISO_A2_other": "GW", "country_ini_lat": 9.641239649259143, "country_ini_lon": 2.3287235697524404, "lat_linestring": 10.834078339234338, "lon_linestring": -6.3244018578583763 }, "geometry": { "type": "LineString", "coordinates": [ [ 2.32872356975244, 9.641239649259143 ], [ -14.977527285469193, 12.026917029209532 ] ] } },
{ "type": "Feature", "properties": { "z": "Benin", "z_other": "IvoryCoast", "c": "Benin", "c2": "IvoryCoast", "ISO_A3": "BEN", "ISO_A3_other": "CIV", "ISO_A2": "BJ", "ISO_A2_other": "CI", "country_ini_lat": 9.641239649259143, "country_ini_lon": 2.3287235697524404, "lat_linestring": 8.6346157243803248, "lon_linestring": -1.620133816351186 }, "geometry": { "type": "LineString", "coordinates": [ [ 2.32872356975244, 9.641239649259143 ], [ -5.568991202454812, 7.627991799501506 ] ] } },
{ "type": "Feature", "properties": { "z": "Benin", "z_other": "Liberia", "c": "Benin", "c2": "Liberia", "ISO_A3": "BEN", "ISO_A3_other": "LBR", "ISO_A2": "BJ", "ISO_A2_other": "LR", "country_ini_lat": 9.641239649259143, "country_ini_lon": 2.3287235697524404, "lat_linestring": 8.0467521064393459, "lon_linestring": -3.4955707482022773 }, "geometry": { "type": "LineString", "coordinates": [ [ 2.32872356975244, 9.641239649259143 ], [ -9.319865066156995, 6.452264563619549 ] ] } },
{ "type": "Feature", "properties": { "z": "Benin", "z_other": "Mali", "c": "Benin", "c2": "Mali", "ISO_A3": "BEN", "ISO_A3_other": "MLI", "ISO_A2": "BJ", "ISO_A2_other": "ML", "country_ini_lat": 9.641239649259143, "country_ini_lon": 2.3287235697524404, "lat_linestring": 13.49273826777932, "lon_linestring": -0.60519554472782833 }, "geometry": { "type": "LineString", "coordinates": [ [ 2.32872356975244, 9.641239649259143 ], [ -3.539114659208097, 17.344236886299495 ] ] } },
{ "type": "Feature", "properties": { "z": "Benin", "z_other": "Niger", "c": "Benin", "c2": "Niger", "ISO_A3": "BEN", "ISO_A3_other": "NER", "ISO_A2": "BJ", "ISO_A2_other": "NE", "country_ini_lat": 9.641239649259143, "country_ini_lon": 2.3287235697524404, "lat_linestring": 13.529829573105754, "lon_linestring": 5.8573846729671972 }, "geometry": { "type": "LineString", "coordinates": [ [ 2.32872356975244, 9.641239649259143 ], [ 9.386045776181954, 17.418419496952367 ] ] } },
{ "type": "Feature", "properties": { "z": "Benin", "z_other": "Nigeria", "c": "Benin", "c2": "Nigeria", "ISO_A3": "BEN", "ISO_A3_other": "NGA", "ISO_A2": "BJ", "ISO_A2_other": "NG", "country_ini_lat": 9.641239649259143, "country_ini_lon": 2.3287235697524404, "lat_linestring": 9.6182921280991742, "lon_linestring": 5.2099803139307328 }, "geometry": { "type": "LineString", "coordinates": [ [ 2.32872356975244, 9.641239649259143 ], [ 8.091237058109025, 9.595344606939204 ] ] } },
{ "type": "Feature", "properties": { "z": "Benin", "z_other": "Senegal", "c": "Benin", "c2": "Senegal", "ISO_A3": "BEN", "ISO_A3_other": "SEN", "ISO_A2": "BJ", "ISO_A2_other": "SN", "country_ini_lat": 9.641239649259143, "country_ini_lon": 2.3287235697524404, "lat_linestring": 12.004504680309681, "lon_linestring": -6.0712817019317509 }, "geometry": { "type": "LineString", "coordinates": [ [ 2.32872356975244, 9.641239649259143 ], [ -14.471286973615943, 14.36776971136022 ] ] } },
{ "type": "Feature", "properties": { "z": "Benin", "z_other": "SierraLeone", "c": "Benin", "c2": "SierraLeone", "ISO_A3": "BEN", "ISO_A3_other": "SLE", "ISO_A2": "BJ", "ISO_A2_other": "SL", "country_ini_lat": 9.641239649259143, "country_ini_lon": 2.3287235697524404, "lat_linestring": 9.1021839028987603, "lon_linestring": -4.7331484919953644 }, "geometry": { "type": "LineString", "coordinates": [ [ 2.32872356975244, 9.641239649259143 ], [ -11.795020553743168, 8.563128156538378 ] ] } },
{ "type": "Feature", "properties": { "z": "Benin", "z_other": "Togo", "c": "Benin", "c2": "Togo", "ISO_A3": "BEN", "ISO_A3_other": "TGO", "ISO_A2": "BJ", "ISO_A2_other": "TG", "country_ini_lat": 9.641239649259143, "country_ini_lon": 2.3287235697524404, "lat_linestring": 9.0840249523540564, "lon_linestring": 1.6455006398015006 }, "geometry": { "type": "LineString", "coordinates": [ [ 2.32872356975244, 9.641239649259143 ], [ 0.962277709850561, 8.526810255448972 ] ] } },
{ "type": "Feature", "properties": { "z": "Benin", "z_other": "Mauritania_grid", "c": "Benin", "c2": "Mauritania", "ISO_A3": "BEN", "ISO_A3_other": "MRT", "ISO_A2": "BJ", "ISO_A2_other": "MR", "country_ini_lat": 9.641239649259143, "country_ini_lon": 2.3287235697524404, "lat_linestring": 15.168380820462074, "lon_linestring": -4.3486722825289599 }, "geometry": { "type": "LineString", "coordinates": [ [ 2.32872356975244, 9.641239649259143 ], [ -11.026068134810361, 20.695521991665004 ] ] } },
{ "type": "Feature", "properties": { "z": "Benin", "z_other": "Mauritania_Nema", "c": "Benin", "c2": "Mauritania", "ISO_A3": "BEN", "ISO_A3_other": "MRT", "ISO_A2": "BJ", "ISO_A2_other": "MR", "country_ini_lat": 9.641239649259143, "country_ini_lon": 2.3287235697524404, "lat_linestring": 13.899345749458259, "lon_linestring": -2.3769386022608794 }, "geometry": { "type": "LineString", "coordinates": [ [ 2.32872356975244, 9.641239649259143 ], [ -7.0826007742742, 18.157451849657377 ] ] } },
{ "type": "Feature", "properties": { "z": "Burkina", "z_other": "Benin", "c": "Burkina", "c2": "Benin", "ISO_A3": "BFA", "ISO_A3_other": "BEN", "ISO_A2": "BF", "ISO_A2_other": "BJ", "country_ini_lat": 12.269548674079141, "country_ini_lon": -1.7555245429774484, "lat_linestring": 10.955394161669142, "lon_linestring": 0.28659951338749601 }, "geometry": { "type": "LineString", "coordinates": [ [ -1.755524542977448, 12.269548674079141 ], [ 2.32872356975244, 9.641239649259143 ] ] } },
{ "type": "Feature", "properties": { "z": "Burkina", "z_other": "Gambia", "c": "Burkina", "c2": "Gambia", "ISO_A3": "BFA", "ISO_A3_other": "GMB", "ISO_A2": "BF", "ISO_A2_other": "GM", "country_ini_lat": 12.269548674079141, "country_ini_lon": -1.7555245429774484, "lat_linestring": 12.859635100414016, "lon_linestring": -8.5765677058241518 }, "geometry": { "type": "LineString", "coordinates": [ [ -1.755524542977448, 12.269548674079141 ], [ -15.397610868670855, 13.44972152674889 ] ] } },
{ "type": "Feature", "properties": { "z": "Burkina", "z_other": "Ghana", "c": "Burkina", "c2": "Ghana", "ISO_A3": "BFA", "ISO_A3_other": "GHA", "ISO_A2": "BF", "ISO_A2_other": "GH", "country_ini_lat": 12.269548674079141, "country_ini_lon": -1.7555245429774484, "lat_linestring": 10.111757886916426, "lon_linestring": -1.4860191887749195 }, "geometry": { "type": "LineString", "coordinates": [ [ -1.755524542977448, 12.269548674079141 ], [ -1.21651383457239, 7.95396709975371 ] ] } },
{ "type": "Feature", "properties": { "z": "Burkina", "z_other": "Guinea", "c": "Burkina", "c2": "Guinea", "ISO_A3": "BFA", "ISO_A3_other": "GIN", "ISO_A2": "BF", "ISO_A2_other": "GN", "country_ini_lat": 12.269548674079141, "country_ini_lon": -1.7555245429774484, "lat_linestring": 11.352101756180986, "lon_linestring": -6.3492865733892732 }, "geometry": { "type": "LineString", "coordinates": [ [ -1.755524542977448, 12.269548674079141 ], [ -10.943048603801097, 10.43465483828283 ] ] } },
{ "type": "Feature", "properties": { "z": "Burkina", "z_other": "GuineaBissau", "c": "Burkina", "c2": "GuineaBissau", "ISO_A3": "BFA", "ISO_A3_other": "GNB", "ISO_A2": "BF", "ISO_A2_other": "GW", "country_ini_lat": 12.269548674079141, "country_ini_lon": -1.7555245429774484, "lat_linestring": 12.148232851644337, "lon_linestring": -8.3665259142233204 }, "geometry": { "type": "LineString", "coordinates": [ [ -1.755524542977448, 12.269548674079141 ], [ -14.977527285469193, 12.026917029209532 ] ] } },
{ "type": "Feature", "properties": { "z": "Burkina", "z_other": "IvoryCoast", "c": "Burkina", "c2": "IvoryCoast", "ISO_A3": "BFA", "ISO_A3_other": "CIV", "ISO_A2": "BF", "ISO_A2_other": "CI", "country_ini_lat": 12.269548674079141, "country_ini_lon": -1.7555245429774484, "lat_linestring": 9.9487702367903239, "lon_linestring": -3.6622578727161299 }, "geometry": { "type": "LineString", "coordinates": [ [ -1.755524542977448, 12.269548674079141 ], [ -5.568991202454812, 7.627991799501506 ] ] } },
{ "type": "Feature", "properties": { "z": "Burkina", "z_other": "Liberia", "c": "Burkina", "c2": "Liberia", "ISO_A3": "BFA", "ISO_A3_other": "LBR", "ISO_A2": "BF", "ISO_A2_other": "LR", "country_ini_lat": 12.269548674079141, "country_ini_lon": -1.7555245429774484, "lat_linestring": 9.3609066188493451, "lon_linestring": -5.5376948045672219 }, "geometry": { "type": "LineString", "coordinates": [ [ -1.755524542977448, 12.269548674079141 ], [ -9.319865066156995, 6.452264563619549 ] ] } },
{ "type": "Feature", "properties": { "z": "Burkina", "z_other": "Mali", "c": "Burkina", "c2": "Mali", "ISO_A3": "BFA", "ISO_A3_other": "MLI", "ISO_A2": "BF", "ISO_A2_other": "ML", "country_ini_lat": 12.269548674079141, "country_ini_lon": -1.7555245429774484, "lat_linestring": 14.806892780189321, "lon_linestring": -2.6473196010927729 }, "geometry": { "type": "LineString", "coordinates": [ [ -1.755524542977448, 12.269548674079141 ], [ -3.539114659208097, 17.344236886299495 ] ] } },
{ "type": "Feature", "properties": { "z": "Burkina", "z_other": "Niger", "c": "Burkina", "c2": "Niger", "ISO_A3": "BFA", "ISO_A3_other": "NER", "ISO_A2": "BF", "ISO_A2_other": "NE", "country_ini_lat": 12.269548674079141, "country_ini_lon": -1.7555245429774484, "lat_linestring": 14.843984085515753, "lon_linestring": 3.8152606166022527 }, "geometry": { "type": "LineString", "coordinates": [ [ -1.755524542977448, 12.269548674079141 ], [ 9.386045776181954, 17.418419496952367 ] ] } },
{ "type": "Feature", "properties": { "z": "Burkina", "z_other": "Nigeria", "c": "Burkina", "c2": "Nigeria", "ISO_A3": "BFA", "ISO_A3_other": "NGA", "ISO_A2": "BF", "ISO_A2_other": "NG", "country_ini_lat": 12.269548674079141, "country_ini_lon": -1.7555245429774484, "lat_linestring": 10.932446640509173, "lon_linestring": 3.1678562575657883 }, "geometry": { "type": "LineString", "coordinates": [ [ -1.755524542977448, 12.269548674079141 ], [ 8.091237058109025, 9.595344606939204 ] ] } },
{ "type": "Feature", "properties": { "z": "Burkina", "z_other": "Senegal", "c": "Burkina", "c2": "Senegal", "ISO_A3": "BFA", "ISO_A3_other": "SEN", "ISO_A2": "BF", "ISO_A2_other": "SN", "country_ini_lat": 12.269548674079141, "country_ini_lon": -1.7555245429774484, "lat_linestring": 13.31865919271968, "lon_linestring": -8.113405758296695 }, "geometry": { "type": "LineString", "coordinates": [ [ -1.755524542977448, 12.269548674079141 ], [ -14.471286973615943, 14.36776971136022 ] ] } },
{ "type": "Feature", "properties": { "z": "Burkina", "z_other": "SierraLeone", "c": "Burkina", "c2": "SierraLeone", "ISO_A3": "BFA", "ISO_A3_other": "SLE", "ISO_A2": "BF", "ISO_A2_other": "SL", "country_ini_lat": 12.269548674079141, "country_ini_lon": -1.7555245429774484, "lat_linestring": 10.416338415308759, "lon_linestring": -6.7752725483603093 }, "geometry": { "type": "LineString", "coordinates": [ [ -1.755524542977448, 12.269548674079141 ], [ -11.795020553743168, 8.563128156538378 ] ] } },
{ "type": "Feature", "properties": { "z": "Burkina", "z_other": "Togo", "c": "Burkina", "c2": "Togo", "ISO_A3": "BFA", "ISO_A3_other": "TGO", "ISO_A2": "BF", "ISO_A2_other": "TG", "country_ini_lat": 12.269548674079141, "country_ini_lon": -1.7555245429774484, "lat_linestring": 10.398179464764056, "lon_linestring": -0.39662341656344363 }, "geometry": { "type": "LineString", "coordinates": [ [ -1.755524542977448, 12.269548674079141 ], [ 0.962277709850561, 8.526810255448972 ] ] } },
{ "type": "Feature", "properties": { "z": "Burkina", "z_other": "Mauritania_grid", "c": "Burkina", "c2": "Mauritania", "ISO_A3": "BFA", "ISO_A3_other": "MRT", "ISO_A2": "BF", "ISO_A2_other": "MR", "country_ini_lat": 12.269548674079141, "country_ini_lon": -1.7555245429774484, "lat_linestring": 16.482535332872072, "lon_linestring": -6.3907963388939049 }, "geometry": { "type": "LineString", "coordinates": [ [ -1.755524542977448, 12.269548674079141 ], [ -11.026068134810361, 20.695521991665004 ] ] } },
{ "type": "Feature", "properties": { "z": "Burkina", "z_other": "Mauritania_Nema", "c": "Burkina", "c2": "Mauritania", "ISO_A3": "BFA", "ISO_A3_other": "MRT", "ISO_A2": "BF", "ISO_A2_other": "MR", "country_ini_lat": 12.269548674079141, "country_ini_lon": -1.7555245429774484, "lat_linestring": 15.213500261868258, "lon_linestring": -4.4190626586258244 }, "geometry": { "type": "LineString", "coordinates": [ [ -1.755524542977448, 12.269548674079141 ], [ -7.0826007742742, 18.157451849657377 ] ] } },
{ "type": "Feature", "properties": { "z": "Gambia", "z_other": "Benin", "c": "Gambia", "c2": "Benin", "ISO_A3": "GMB", "ISO_A3_other": "BEN", "ISO_A2": "GM", "ISO_A2_other": "BJ", "country_ini_lat": 13.44972152674889, "country_ini_lon": -15.397610868670855, "lat_linestring": 11.545480588004017, "lon_linestring": -6.5344436494592069 }, "geometry": { "type": "LineString", "coordinates": [ [ -15.397610868670855, 13.44972152674889 ], [ 2.32872356975244, 9.641239649259143 ] ] } },
{ "type": "Feature", "properties": { "z": "Gambia", "z_other": "Burkina", "c": "Gambia", "c2": "Burkina", "ISO_A3": "GMB", "ISO_A3_other": "BFA", "ISO_A2": "GM", "ISO_A2_other": "BF", "country_ini_lat": 13.44972152674889, "country_ini_lon": -15.397610868670855, "lat_linestring": 12.859635100414016, "lon_linestring": -8.5765677058241518 }, "geometry": { "type": "LineString", "coordinates": [ [ -15.397610868670855, 13.44972152674889 ], [ -1.755524542977448, 12.269548674079141 ] ] } },
{ "type": "Feature", "properties": { "z": "Gambia", "z_other": "Ghana", "c": "Gambia", "c2": "Ghana", "ISO_A3": "GMB", "ISO_A3_other": "GHA", "ISO_A2": "GM", "ISO_A2_other": "GH", "country_ini_lat": 13.44972152674889, "country_ini_lon": -15.397610868670855, "lat_linestring": 10.7018443132513, "lon_linestring": -8.3070623516216227 }, "geometry": { "type": "LineString", "coordinates": [ [ -15.397610868670855, 13.44972152674889 ], [ -1.21651383457239, 7.95396709975371 ] ] } },
{ "type": "Feature", "properties": { "z": "Gambia", "z_other": "Guinea", "c": "Gambia", "c2": "Guinea", "ISO_A3": "GMB", "ISO_A3_other": "GIN", "ISO_A2": "GM", "ISO_A2_other": "GN", "country_ini_lat": 13.44972152674889, "country_ini_lon": -15.397610868670855, "lat_linestring": 11.94218818251586, "lon_linestring": -13.170329736235976 }, "geometry": { "type": "LineString", "coordinates": [ [ -15.397610868670855, 13.44972152674889 ], [ -10.943048603801097, 10.43465483828283 ] ] } },
{ "type": "Feature", "properties": { "z": "Gambia", "z_other": "GuineaBissau", "c": "Gambia", "c2": "GuineaBissau", "ISO_A3": "GMB", "ISO_A3_other": "GNB", "ISO_A2": "GM", "ISO_A2_other": "GW", "country_ini_lat": 13.44972152674889, "country_ini_lon": -15.397610868670855, "lat_linestring": 12.738319277979212, "lon_linestring": -15.187569077070023 }, "geometry": { "type": "LineString", "coordinates": [ [ -15.397610868670855, 13.44972152674889 ], [ -14.977527285469193, 12.026917029209532 ] ] } },
{ "type": "Feature", "properties": { "z": "Gambia", "z_other": "IvoryCoast", "c": "Gambia", "c2": "IvoryCoast", "ISO_A3": "GMB", "ISO_A3_other": "CIV", "ISO_A2": "GM", "ISO_A2_other": "CI", "country_ini_lat": 13.44972152674889, "country_ini_lon": -15.397610868670855, "lat_linestring": 10.538856663125198, "lon_linestring": -10.483301035562834 }, "geometry": { "type": "LineString", "coordinates": [ [ -15.397610868670855, 13.44972152674889 ], [ -5.568991202454812, 7.627991799501506 ] ] } },
{ "type": "Feature", "properties": { "z": "Gambia", "z_other": "Liberia", "c": "Gambia", "c2": "Liberia", "ISO_A3": "GMB", "ISO_A3_other": "LBR", "ISO_A2": "GM", "ISO_A2_other": "LR", "country_ini_lat": 13.44972152674889, "country_ini_lon": -15.397610868670855, "lat_linestring": 9.9509930451842195, "lon_linestring": -12.358737967413925 }, "geometry": { "type": "LineString", "coordinates": [ [ -15.397610868670855, 13.44972152674889 ], [ -9.319865066156995, 6.452264563619549 ] ] } },
{ "type": "Feature", "properties": { "z": "Gambia", "z_other": "Mali", "c": "Gambia", "c2": "Mali", "ISO_A3": "GMB", "ISO_A3_other": "MLI", "ISO_A2": "GM", "ISO_A2_other": "ML", "country_ini_lat": 13.44972152674889, "country_ini_lon": -15.397610868670855, "lat_linestring": 15.396979206524193, "lon_linestring": -9.4683627639394761 }, "geometry": { "type": "LineString", "coordinates": [ [ -15.397610868670855, 13.44972152674889 ], [ -3.539114659208097, 17.344236886299495 ] ] } },
{ "type": "Feature", "properties": { "z": "Gambia", "z_other": "Niger", "c": "Gambia", "c2": "Niger", "ISO_A3": "GMB", "ISO_A3_other": "NER", "ISO_A2": "GM", "ISO_A2_other": "NE", "country_ini_lat": 13.44972152674889, "country_ini_lon": -15.397610868670855, "lat_linestring": 15.434070511850628, "lon_linestring": -3.0057825462444505 }, "geometry": { "type": "LineString", "coordinates": [ [ -15.397610868670855, 13.44972152674889 ], [ 9.386045776181954, 17.418419496952367 ] ] } },
{ "type": "Feature", "properties": { "z": "Gambia", "z_other": "Nigeria", "c": "Gambia", "c2": "Nigeria", "ISO_A3": "GMB", "ISO_A3_other": "NGA", "ISO_A2": "GM", "ISO_A2_other": "NG", "country_ini_lat": 13.44972152674889, "country_ini_lon": -15.397610868670855, "lat_linestring": 11.522533066844048, "lon_linestring": -3.6531869052809149 }, "geometry": { "type": "LineString", "coordinates": [ [ -15.397610868670855, 13.44972152674889 ], [ 8.091237058109025, 9.595344606939204 ] ] } },
{ "type": "Feature", "properties": { "z": "Gambia", "z_other": "Senegal", "c": "Gambia", "c2": "Senegal", "ISO_A3": "GMB", "ISO_A3_other": "SEN", "ISO_A2": "GM", "ISO_A2_other": "SN", "country_ini_lat": 13.44972152674889, "country_ini_lon": -15.397610868670855, "lat_linestring": 13.908745619054555, "lon_linestring": -14.9344489211434 }, "geometry": { "type": "LineString", "coordinates": [ [ -15.397610868670855, 13.44972152674889 ], [ -14.471286973615943, 14.36776971136022 ] ] } },
{ "type": "Feature", "properties": { "z": "Gambia", "z_other": "SierraLeone", "c": "Gambia", "c2": "SierraLeone", "ISO_A3": "GMB", "ISO_A3_other": "SLE", "ISO_A2": "GM", "ISO_A2_other": "SL", "country_ini_lat": 13.44972152674889, "country_ini_lon": -15.397610868670855, "lat_linestring": 11.006424841643634, "lon_linestring": -13.596315711207012 }, "geometry": { "type": "LineString", "coordinates": [ [ -15.397610868670855, 13.44972152674889 ], [ -11.795020553743168, 8.563128156538378 ] ] } },
{ "type": "Feature", "properties": { "z": "Gambia", "z_other": "Togo", "c": "Gambia", "c2": "Togo", "ISO_A3": "GMB", "ISO_A3_other": "TGO", "ISO_A2": "GM", "ISO_A2_other": "TG", "country_ini_lat": 13.44972152674889, "country_ini_lon": -15.397610868670855, "lat_linestring": 10.98826589109893, "lon_linestring": -7.2176665794101469 }, "geometry": { "type": "LineString", "coordinates": [ [ -15.397610868670855, 13.44972152674889 ], [ 0.962277709850561, 8.526810255448972 ] ] } },
{ "type": "Feature", "properties": { "z": "Gambia", "z_other": "Mauritania_grid", "c": "Gambia", "c2": "Mauritania", "ISO_A3": "GMB", "ISO_A3_other": "MRT", "ISO_A2": "GM", "ISO_A2_other": "MR", "country_ini_lat": 13.44972152674889, "country_ini_lon": -15.397610868670855, "lat_linestring": 17.072621759206946, "lon_linestring": -13.211839501740608 }, "geometry": { "type": "LineString", "coordinates": [ [ -15.397610868670855, 13.44972152674889 ], [ -11.026068134810361, 20.695521991665004 ] ] } },
{ "type": "Feature", "properties": { "z": "Gambia", "z_other": "Mauritania_Nema", "c": "Gambia", "c2": "Mauritania", "ISO_A3": "GMB", "ISO_A3_other": "MRT", "ISO_A2": "GM", "ISO_A2_other": "MR", "country_ini_lat": 13.44972152674889, "country_ini_lon": -15.397610868670855, "lat_linestring": 15.803586688203131, "lon_linestring": -11.240105821472527 }, "geometry": { "type": "LineString", "coordinates": [ [ -15.397610868670855, 13.44972152674889 ], [ -7.0826007742742, 18.157451849657377 ] ] } },
{ "type": "Feature", "properties": { "z": "Ghana", "z_other": "Benin", "c": "Ghana", "c2": "Benin", "ISO_A3": "GHA", "ISO_A3_other": "BEN", "ISO_A2": "GH", "ISO_A2_other": "BJ", "country_ini_lat": 7.9539670997537097, "country_ini_lon": -1.2165138345723903, "lat_linestring": 8.7976033745064264, "lon_linestring": 0.55610486759002509 }, "geometry": { "type": "LineString", "coordinates": [ [ -1.21651383457239, 7.95396709975371 ], [ 2.32872356975244, 9.641239649259143 ] ] } },
{ "type": "Feature", "properties": { "z": "Ghana", "z_other": "Burkina", "c": "Ghana", "c2": "Burkina", "ISO_A3": "GHA", "ISO_A3_other": "BFA", "ISO_A2": "GH", "ISO_A2_other": "BF", "country_ini_lat": 7.9539670997537097, "country_ini_lon": -1.2165138345723903, "lat_linestring": 10.111757886916426, "lon_linestring": -1.4860191887749195 }, "geometry": { "type": "LineString", "coordinates": [ [ -1.21651383457239, 7.95396709975371 ], [ -1.755524542977448, 12.269548674079141 ] ] } },
{ "type": "Feature", "properties": { "z": "Ghana", "z_other": "Gambia", "c": "Ghana", "c2": "Gambia", "ISO_A3": "GHA", "ISO_A3_other": "GMB", "ISO_A2": "GH", "ISO_A2_other": "GM", "country_ini_lat": 7.9539670997537097, "country_ini_lon": -1.2165138345723903, "lat_linestring": 10.7018443132513, "lon_linestring": -8.3070623516216227 }, "geometry": { "type": "LineString", "coordinates": [ [ -1.21651383457239, 7.95396709975371 ], [ -15.397610868670855, 13.44972152674889 ] ] } },
{ "type": "Feature", "properties": { "z": "Ghana", "z_other": "Guinea", "c": "Ghana", "c2": "Guinea", "ISO_A3": "GHA", "ISO_A3_other": "GIN", "ISO_A2": "GH", "ISO_A2_other": "GN", "country_ini_lat": 7.9539670997537097, "country_ini_lon": -1.2165138345723903, "lat_linestring": 9.1943109690182698, "lon_linestring": -6.079781219186744 }, "geometry": { "type": "LineString", "coordinates": [ [ -1.21651383457239, 7.95396709975371 ], [ -10.943048603801097, 10.43465483828283 ] ] } },
{ "type": "Feature", "properties": { "z": "Ghana", "z_other": "GuineaBissau", "c": "Ghana", "c2": "GuineaBissau", "ISO_A3": "GHA", "ISO_A3_other": "GNB", "ISO_A2": "GH", "ISO_A2_other": "GW", "country_ini_lat": 7.9539670997537097, "country_ini_lon": -1.2165138345723903, "lat_linestring": 9.9904420644816199, "lon_linestring": -8.0970205600207912 }, "geometry": { "type": "LineString", "coordinates": [ [ -1.21651383457239, 7.95396709975371 ], [ -14.977527285469193, 12.026917029209532 ] ] } },
{ "type": "Feature", "properties": { "z": "Ghana", "z_other": "IvoryCoast", "c": "Ghana", "c2": "IvoryCoast", "ISO_A3": "GHA", "ISO_A3_other": "CIV", "ISO_A2": "GH", "ISO_A2_other": "CI", "country_ini_lat": 7.9539670997537097, "country_ini_lon": -1.2165138345723903, "lat_linestring": 7.790979449627609, "lon_linestring": -3.3927525185136016 }, "geometry": { "type": "LineString", "coordinates": [ [ -1.21651383457239, 7.95396709975371 ], [ -5.568991202454812, 7.627991799501506 ] ] } },
{ "type": "Feature", "properties": { "z": "Ghana", "z_other": "Liberia", "c": "Ghana", "c2": "Liberia", "ISO_A3": "GHA", "ISO_A3_other": "LBR", "ISO_A2": "GH", "ISO_A2_other": "LR", "country_ini_lat": 7.9539670997537097, "country_ini_lon": -1.2165138345723903, "lat_linestring": 7.2031158316866293, "lon_linestring": -5.2681894503646927 }, "geometry": { "type": "LineString", "coordinates": [ [ -1.21651383457239, 7.95396709975371 ], [ -9.319865066156995, 6.452264563619549 ] ] } },
{ "type": "Feature", "properties": { "z": "Ghana", "z_other": "Mali", "c": "Ghana", "c2": "Mali", "ISO_A3": "GHA", "ISO_A3_other": "MLI", "ISO_A2": "GH", "ISO_A2_other": "ML", "country_ini_lat": 7.9539670997537097, "country_ini_lon": -1.2165138345723903, "lat_linestring": 12.649101993026601, "lon_linestring": -2.3778142468902437 }, "geometry": { "type": "LineString", "coordinates": [ [ -1.21651383457239, 7.95396709975371 ], [ -3.539114659208097, 17.344236886299495 ] ] } },
{ "type": "Feature", "properties": { "z": "Ghana", "z_other": "Niger", "c": "Ghana", "c2": "Niger", "ISO_A3": "GHA", "ISO_A3_other": "NER", "ISO_A2": "GH", "ISO_A2_other": "NE", "country_ini_lat": 7.9539670997537097, "country_ini_lon": -1.2165138345723903, "lat_linestring": 12.686193298353039, "lon_linestring": 4.0847659708047814 }, "geometry": { "type": "LineString", "coordinates": [ [ -1.21651383457239, 7.95396709975371 ], [ 9.386045776181954, 17.418419496952367 ] ] } },
{ "type": "Feature", "properties": { "z": "Ghana", "z_other": "Nigeria", "c": "Ghana", "c2": "Nigeria", "ISO_A3": "GHA", "ISO_A3_other": "NGA", "ISO_A2": "GH", "ISO_A2_other": "NG", "country_ini_lat": 7.9539670997537097, "country_ini_lon": -1.2165138345723903, "lat_linestring": 8.7746558533464558, "lon_linestring": 3.437361611768317 }, "geometry": { "type": "LineString", "coordinates": [ [ -1.21651383457239, 7.95396709975371 ], [ 8.091237058109025, 9.595344606939204 ] ] } },
{ "type": "Feature", "properties": { "z": "Ghana", "z_other": "Senegal", "c": "Ghana", "c2": "Senegal", "ISO_A3": "GHA", "ISO_A3_other": "SEN", "ISO_A2": "GH", "ISO_A2_other": "SN", "country_ini_lat": 7.9539670997537097, "country_ini_lon": -1.2165138345723903, "lat_linestring": 11.160868405556965, "lon_linestring": -7.8439004040941667 }, "geometry": { "type": "LineString", "coordinates": [ [ -1.21651383457239, 7.95396709975371 ], [ -14.471286973615943, 14.36776971136022 ] ] } },
{ "type": "Feature", "properties": { "z": "Ghana", "z_other": "SierraLeone", "c": "Ghana", "c2": "SierraLeone", "ISO_A3": "GHA", "ISO_A3_other": "SLE", "ISO_A2": "GH", "ISO_A2_other": "SL", "country_ini_lat": 7.9539670997537097, "country_ini_lon": -1.2165138345723903, "lat_linestring": 8.2585476281460437, "lon_linestring": -6.5057671941577793 }, "geometry": { "type": "LineString", "coordinates": [ [ -1.21651383457239, 7.95396709975371 ], [ -11.795020553743168, 8.563128156538378 ] ] } },
{ "type": "Feature", "properties": { "z": "Ghana", "z_other": "Togo", "c": "Ghana", "c2": "Togo", "ISO_A3": "GHA", "ISO_A3_other": "TGO", "ISO_A2": "GH", "ISO_A2_other": "TG", "country_ini_lat": 7.9539670997537097, "country_ini_lon": -1.2165138345723903, "lat_linestring": 8.2403886776013415, "lon_linestring": -0.12711806236091455 }, "geometry": { "type": "LineString", "coordinates": [ [ -1.21651383457239, 7.95396709975371 ], [ 0.962277709850561, 8.526810255448972 ] ] } },
{ "type": "Feature", "properties": { "z": "Ghana", "z_other": "Mauritania_grid", "c": "Ghana", "c2": "Mauritania", "ISO_A3": "GHA", "ISO_A3_other": "MRT", "ISO_A2": "GH", "ISO_A2_other": "MR", "country_ini_lat": 7.9539670997537097, "country_ini_lon": -1.2165138345723903, "lat_linestring": 14.324744545709358, "lon_linestring": -6.1212909846913757 }, "geometry": { "type": "LineString", "coordinates": [ [ -1.21651383457239, 7.95396709975371 ], [ -11.026068134810361, 20.695521991665004 ] ] } },
{ "type": "Feature", "properties": { "z": "Ghana", "z_other": "Mauritania_Nema", "c": "Ghana", "c2": "Mauritania", "ISO_A3": "GHA", "ISO_A3_other": "MRT", "ISO_A2": "GH", "ISO_A2_other": "MR", "country_ini_lat": 7.9539670997537097, "country_ini_lon": -1.2165138345723903, "lat_linestring": 13.055709474705546, "lon_linestring": -4.1495573044232952 }, "geometry": { "type": "LineString", "coordinates": [ [ -1.21651383457239, 7.95396709975371 ], [ -7.0826007742742, 18.157451849657377 ] ] } },
{ "type": "Feature", "properties": { "z": "Guinea", "z_other": "Benin", "c": "Guinea", "c2": "Benin", "ISO_A3": "GIN", "ISO_A3_other": "BEN", "ISO_A2": "GN", "ISO_A2_other": "BJ", "country_ini_lat": 10.43465483828283, "country_ini_lon": -10.943048603801097, "lat_linestring": 10.037947243770986, "lon_linestring": -4.3071625170243282 }, "geometry": { "type": "LineString", "coordinates": [ [ -10.943048603801097, 10.43465483828283 ], [ 2.32872356975244, 9.641239649259143 ] ] } },
{ "type": "Feature", "properties": { "z": "Guinea", "z_other": "Burkina", "c": "Guinea", "c2": "Burkina", "ISO_A3": "GIN", "ISO_A3_other": "BFA", "ISO_A2": "GN", "ISO_A2_other": "BF", "country_ini_lat": 10.43465483828283, "country_ini_lon": -10.943048603801097, "lat_linestring": 11.352101756180986, "lon_linestring": -6.3492865733892732 }, "geometry": { "type": "LineString", "coordinates": [ [ -10.943048603801097, 10.43465483828283 ], [ -1.755524542977448, 12.269548674079141 ] ] } },
{ "type": "Feature", "properties": { "z": "Guinea", "z_other": "Gambia", "c": "Guinea", "c2": "Gambia", "ISO_A3": "GIN", "ISO_A3_other": "GMB", "ISO_A2": "GN", "ISO_A2_other": "GM", "country_ini_lat": 10.43465483828283, "country_ini_lon": -10.943048603801097, "lat_linestring": 11.94218818251586, "lon_linestring": -13.170329736235976 }, "geometry": { "type": "LineString", "coordinates": [ [ -10.943048603801097, 10.43465483828283 ], [ -15.397610868670855, 13.44972152674889 ] ] } },
{ "type": "Feature", "properties": { "z": "Guinea", "z_other": "Ghana", "c": "Guinea", "c2": "Ghana", "ISO_A3": "GIN", "ISO_A3_other": "GHA", "ISO_A2": "GN", "ISO_A2_other": "GH", "country_ini_lat": 10.43465483828283, "country_ini_lon": -10.943048603801097, "lat_linestring": 9.1943109690182698, "lon_linestring": -6.079781219186744 }, "geometry": { "type": "LineString", "coordinates": [ [ -10.943048603801097, 10.43465483828283 ], [ -1.21651383457239, 7.95396709975371 ] ] } },
{ "type": "Feature", "properties": { "z": "Guinea", "z_other": "GuineaBissau", "c": "Guinea", "c2": "GuineaBissau", "ISO_A3": "GIN", "ISO_A3_other": "GNB", "ISO_A2": "GN", "ISO_A2_other": "GW", "country_ini_lat": 10.43465483828283, "country_ini_lon": -10.943048603801097, "lat_linestring": 11.23078593374618, "lon_linestring": -12.960287944635144 }, "geometry": { "type": "LineString", "coordinates": [ [ -10.943048603801097, 10.43465483828283 ], [ -14.977527285469193, 12.026917029209532 ] ] } },
{ "type": "Feature", "properties": { "z": "Guinea", "z_other": "IvoryCoast", "c": "Guinea", "c2": "IvoryCoast", "ISO_A3": "GIN", "ISO_A3_other": "CIV", "ISO_A2": "GN", "ISO_A2_other": "CI", "country_ini_lat": 10.43465483828283, "country_ini_lon": -10.943048603801097, "lat_linestring": 9.0313233188921682, "lon_linestring": -8.2560199031279549 }, "geometry": { "type": "LineString", "coordinates": [ [ -10.943048603801097, 10.43465483828283 ], [ -5.568991202454812, 7.627991799501506 ] ] } },
{ "type": "Feature", "properties": { "z": "Guinea", "z_other": "Liberia", "c": "Guinea", "c2": "Liberia", "ISO_A3": "GIN", "ISO_A3_other": "LBR", "ISO_A2": "GN", "ISO_A2_other": "LR", "country_ini_lat": 10.43465483828283, "country_ini_lon": -10.943048603801097, "lat_linestring": 8.4434597009511894, "lon_linestring": -10.131456834979046 }, "geometry": { "type": "LineString", "coordinates": [ [ -10.943048603801097, 10.43465483828283 ], [ -9.319865066156995, 6.452264563619549 ] ] } },
{ "type": "Feature", "properties": { "z": "Guinea", "z_other": "Mali", "c": "Guinea", "c2": "Mali", "ISO_A3": "GIN", "ISO_A3_other": "MLI", "ISO_A2": "GN", "ISO_A2_other": "ML", "country_ini_lat": 10.43465483828283, "country_ini_lon": -10.943048603801097, "lat_linestring": 13.88944586229116, "lon_linestring": -7.2410816315045974 }, "geometry": { "type": "LineString", "coordinates": [ [ -10.943048603801097, 10.43465483828283 ], [ -3.539114659208097, 17.344236886299495 ] ] } },
{ "type": "Feature", "properties": { "z": "Guinea", "z_other": "Niger", "c": "Guinea", "c2": "Niger", "ISO_A3": "GIN", "ISO_A3_other": "NER", "ISO_A2": "GN", "ISO_A2_other": "NE", "country_ini_lat": 10.43465483828283, "country_ini_lon": -10.943048603801097, "lat_linestring": 13.9265371676176, "lon_linestring": -0.77850141380957183 }, "geometry": { "type": "LineString", "coordinates": [ [ -10.943048603801097, 10.43465483828283 ], [ 9.386045776181954, 17.418419496952367 ] ] } },
{ "type": "Feature", "properties": { "z": "Guinea", "z_other": "Nigeria", "c": "Guinea", "c2": "Nigeria", "ISO_A3": "GIN", "ISO_A3_other": "NGA", "ISO_A2": "GN", "ISO_A2_other": "NG", "country_ini_lat": 10.43465483828283, "country_ini_lon": -10.943048603801097, "lat_linestring": 10.014999722611016, "lon_linestring": -1.4259057728460363 }, "geometry": { "type": "LineString", "coordinates": [ [ -10.943048603801097, 10.43465483828283 ], [ 8.091237058109025, 9.595344606939204 ] ] } },
{ "type": "Feature", "properties": { "z": "Guinea", "z_other": "Senegal", "c": "Guinea", "c2": "Senegal", "ISO_A3": "GIN", "ISO_A3_other": "SEN", "ISO_A2": "GN", "ISO_A2_other": "SN", "country_ini_lat": 10.43465483828283, "country_ini_lon": -10.943048603801097, "lat_linestring": 12.401212274821525, "lon_linestring": -12.707167788708521 }, "geometry": { "type": "LineString", "coordinates": [ [ -10.943048603801097, 10.43465483828283 ], [ -14.471286973615943, 14.36776971136022 ] ] } },
{ "type": "Feature", "properties": { "z": "Guinea", "z_other": "SierraLeone", "c": "Guinea", "c2": "SierraLeone", "ISO_A3": "GIN", "ISO_A3_other": "SLE", "ISO_A2": "GN", "ISO_A2_other": "SL", "country_ini_lat": 10.43465483828283, "country_ini_lon": -10.943048603801097, "lat_linestring": 9.4988914974106038, "lon_linestring": -11.369034578772133 }, "geometry": { "type": "LineString", "coordinates": [ [ -10.943048603801097, 10.43465483828283 ], [ -11.795020553743168, 8.563128156538378 ] ] } },
{ "type": "Feature", "properties": { "z": "Guinea", "z_other": "Togo", "c": "Guinea", "c2": "Togo", "ISO_A3": "GIN", "ISO_A3_other": "TGO", "ISO_A2": "GN", "ISO_A2_other": "TG", "country_ini_lat": 10.43465483828283, "country_ini_lon": -10.943048603801097, "lat_linestring": 9.4807325468659016, "lon_linestring": -4.9903854469752682 }, "geometry": { "type": "LineString", "coordinates": [ [ -10.943048603801097, 10.43465483828283 ], [ 0.962277709850561, 8.526810255448972 ] ] } },
{ "type": "Feature", "properties": { "z": "Guinea", "z_other": "Mauritania_grid", "c": "Guinea", "c2": "Mauritania", "ISO_A3": "GIN", "ISO_A3_other": "MRT", "ISO_A2": "GN", "ISO_A2_other": "MR", "country_ini_lat": 10.43465483828283, "country_ini_lon": -10.943048603801097, "lat_linestring": 15.565088414973918, "lon_linestring": -10.984558369305729 }, "geometry": { "type": "LineString", "coordinates": [ [ -10.943048603801097, 10.43465483828283 ], [ -11.026068134810361, 20.695521991665004 ] ] } },
{ "type": "Feature", "properties": { "z": "Guinea", "z_other": "Mauritania_Nema", "c": "Guinea", "c2": "Mauritania", "ISO_A3": "GIN", "ISO_A3_other": "MRT", "ISO_A2": "GN", "ISO_A2_other": "MR", "country_ini_lat": 10.43465483828283, "country_ini_lon": -10.943048603801097, "lat_linestring": 14.296053343970105, "lon_linestring": -9.0128246890376484 }, "geometry": { "type": "LineString", "coordinates": [ [ -10.943048603801097, 10.43465483828283 ], [ -7.0826007742742, 18.157451849657377 ] ] } },
{ "type": "Feature", "properties": { "z": "GuineaBissau", "z_other": "Benin", "c": "GuineaBissau", "c2": "Benin", "ISO_A3": "GNB", "ISO_A3_other": "BEN", "ISO_A2": "GW", "ISO_A2_other": "BJ", "country_ini_lat": 12.026917029209532, "country_ini_lon": -14.977527285469193, "lat_linestring": 10.834078339234338, "lon_linestring": -6.3244018578583763 }, "geometry": { "type": "LineString", "coordinates": [ [ -14.977527285469193, 12.026917029209532 ], [ 2.32872356975244, 9.641239649259143 ] ] } },
{ "type": "Feature", "properties": { "z": "GuineaBissau", "z_other": "Burkina", "c": "GuineaBissau", "c2": "Burkina", "ISO_A3": "GNB", "ISO_A3_other": "BFA", "ISO_A2": "GW", "ISO_A2_other": "BF", "country_ini_lat": 12.026917029209532, "country_ini_lon": -14.977527285469193, "lat_linestring": 12.148232851644337, "lon_linestring": -8.3665259142233204 }, "geometry": { "type": "LineString", "coordinates": [ [ -14.977527285469193, 12.026917029209532 ], [ -1.755524542977448, 12.269548674079141 ] ] } },
{ "type": "Feature", "properties": { "z": "GuineaBissau", "z_other": "Gambia", "c": "GuineaBissau", "c2": "Gambia", "ISO_A3": "GNB", "ISO_A3_other": "GMB", "ISO_A2": "GW", "ISO_A2_other": "GM", "country_ini_lat": 12.026917029209532, "country_ini_lon": -14.977527285469193, "lat_linestring": 12.738319277979212, "lon_linestring": -15.187569077070023 }, "geometry": { "type": "LineString", "coordinates": [ [ -14.977527285469193, 12.026917029209532 ], [ -15.397610868670855, 13.44972152674889 ] ] } },
{ "type": "Feature", "properties": { "z": "GuineaBissau", "z_other": "Ghana", "c": "GuineaBissau", "c2": "Ghana", "ISO_A3": "GNB", "ISO_A3_other": "GHA", "ISO_A2": "GW", "ISO_A2_other": "GH", "country_ini_lat": 12.026917029209532, "country_ini_lon": -14.977527285469193, "lat_linestring": 9.9904420644816199, "lon_linestring": -8.0970205600207912 }, "geometry": { "type": "LineString", "coordinates": [ [ -14.977527285469193, 12.026917029209532 ], [ -1.21651383457239, 7.95396709975371 ] ] } },
{ "type": "Feature", "properties": { "z": "GuineaBissau", "z_other": "Guinea", "c": "GuineaBissau", "c2": "Guinea", "ISO_A3": "GNB", "ISO_A3_other": "GIN", "ISO_A2": "GW", "ISO_A2_other": "GN", "country_ini_lat": 12.026917029209532, "country_ini_lon": -14.977527285469193, "lat_linestring": 11.23078593374618, "lon_linestring": -12.960287944635144 }, "geometry": { "type": "LineString", "coordinates": [ [ -14.977527285469193, 12.026917029209532 ], [ -10.943048603801097, 10.43465483828283 ] ] } },
{ "type": "Feature", "properties": { "z": "GuineaBissau", "z_other": "IvoryCoast", "c": "GuineaBissau", "c2": "IvoryCoast", "ISO_A3": "GNB", "ISO_A3_other": "CIV", "ISO_A2": "GW", "ISO_A2_other": "CI", "country_ini_lat": 12.026917029209532, "country_ini_lon": -14.977527285469193, "lat_linestring": 9.8274544143555183, "lon_linestring": -10.273259243962002 }, "geometry": { "type": "LineString", "coordinates": [ [ -14.977527285469193, 12.026917029209532 ], [ -5.568991202454812, 7.627991799501506 ] ] } },
{ "type": "Feature", "properties": { "z": "GuineaBissau", "z_other": "Liberia", "c": "GuineaBissau", "c2": "Liberia", "ISO_A3": "GNB", "ISO_A3_other": "LBR", "ISO_A2": "GW", "ISO_A2_other": "LR", "country_ini_lat": 12.026917029209532, "country_ini_lon": -14.977527285469193, "lat_linestring": 9.2395907964145394, "lon_linestring": -12.148696175813093 }, "geometry": { "type": "LineString", "coordinates": [ [ -14.977527285469193, 12.026917029209532 ], [ -9.319865066156995, 6.452264563619549 ] ] } },
{ "type": "Feature", "properties": { "z": "GuineaBissau", "z_other": "Mali", "c": "GuineaBissau", "c2": "Mali", "ISO_A3": "GNB", "ISO_A3_other": "MLI", "ISO_A2": "GW", "ISO_A2_other": "ML", "country_ini_lat": 12.026917029209532, "country_ini_lon": -14.977527285469193, "lat_linestring": 14.685576957754513, "lon_linestring": -9.2583209723386446 }, "geometry": { "type": "LineString", "coordinates": [ [ -14.977527285469193, 12.026917029209532 ], [ -3.539114659208097, 17.344236886299495 ] ] } },
{ "type": "Feature", "properties": { "z": "GuineaBissau", "z_other": "Niger", "c": "GuineaBissau", "c2": "Niger", "ISO_A3": "GNB", "ISO_A3_other": "NER", "ISO_A2": "GW", "ISO_A2_other": "NE", "country_ini_lat": 12.026917029209532, "country_ini_lon": -14.977527285469193, "lat_linestring": 14.72266826308095, "lon_linestring": -2.7957407546436199 }, "geometry": { "type": "LineString", "coordinates": [ [ -14.977527285469193, 12.026917029209532 ], [ 9.386045776181954, 17.418419496952367 ] ] } },
{ "type": "Feature", "properties": { "z": "GuineaBissau", "z_other": "Nigeria", "c": "GuineaBissau", "c2": "Nigeria", "ISO_A3": "GNB", "ISO_A3_other": "NGA", "ISO_A2": "GW", "ISO_A2_other": "NG", "country_ini_lat": 12.026917029209532, "country_ini_lon": -14.977527285469193, "lat_linestring": 10.811130818074368, "lon_linestring": -3.4431451136800844 }, "geometry": { "type": "LineString", "coordinates": [ [ -14.977527285469193, 12.026917029209532 ], [ 8.091237058109025, 9.595344606939204 ] ] } },
{ "type": "Feature", "properties": { "z": "GuineaBissau", "z_other": "Senegal", "c": "GuineaBissau", "c2": "Senegal", "ISO_A3": "GNB", "ISO_A3_other": "SEN", "ISO_A2": "GW", "ISO_A2_other": "SN", "country_ini_lat": 12.026917029209532, "country_ini_lon": -14.977527285469193, "lat_linestring": 13.197343370284877, "lon_linestring": -14.724407129542568 }, "geometry": { "type": "LineString", "coordinates": [ [ -14.977527285469193, 12.026917029209532 ], [ -14.471286973615943, 14.36776971136022 ] ] } },
{ "type": "Feature", "properties": { "z": "GuineaBissau", "z_other": "SierraLeone", "c": "GuineaBissau", "c2": "SierraLeone", "ISO_A3": "GNB", "ISO_A3_other": "SLE", "ISO_A2": "GW", "ISO_A2_other": "SL", "country_ini_lat": 12.026917029209532, "country_ini_lon": -14.977527285469193, "lat_linestring": 10.295022592873956, "lon_linestring": -13.386273919606181 }, "geometry": { "type": "LineString", "coordinates": [ [ -14.977527285469193, 12.026917029209532 ], [ -11.795020553743168, 8.563128156538378 ] ] } },
{ "type": "Feature", "properties": { "z": "GuineaBissau", "z_other": "Togo", "c": "GuineaBissau", "c2": "Togo", "ISO_A3": "GNB", "ISO_A3_other": "TGO", "ISO_A2": "GW", "ISO_A2_other": "TG", "country_ini_lat": 12.026917029209532, "country_ini_lon": -14.977527285469193, "lat_linestring": 10.276863642329252, "lon_linestring": -7.0076247878093163 }, "geometry": { "type": "LineString", "coordinates": [ [ -14.977527285469193, 12.026917029209532 ], [ 0.962277709850561, 8.526810255448972 ] ] } },
{ "type": "Feature", "properties": { "z": "GuineaBissau", "z_other": "Mauritania_grid", "c": "GuineaBissau", "c2": "Mauritania", "ISO_A3": "GNB", "ISO_A3_other": "MRT", "ISO_A2": "GW", "ISO_A2_other": "MR", "country_ini_lat": 12.026917029209532, "country_ini_lon": -14.977527285469193, "lat_linestring": 16.361219510437266, "lon_linestring": -13.001797710139776 }, "geometry": { "type": "LineString", "coordinates": [ [ -14.977527285469193, 12.026917029209532 ], [ -11.026068134810361, 20.695521991665004 ] ] } },
{ "type": "Feature", "properties": { "z": "GuineaBissau", "z_other": "Mauritania_Nema", "c": "GuineaBissau", "c2": "Mauritania", "ISO_A3": "GNB", "ISO_A3_other": "MRT", "ISO_A2": "GW", "ISO_A2_other": "MR", "country_ini_lat": 12.026917029209532, "country_ini_lon": -14.977527285469193, "lat_linestring": 15.092184439433456, "lon_linestring": -11.030064029871696 }, "geometry": { "type": "LineString", "coordinates": [ [ -14.977527285469193, 12.026917029209532 ], [ -7.0826007742742, 18.157451849657377 ] ] } },
{ "type": "Feature", "properties": { "z": "IvoryCoast", "z_other": "Benin", "c": "IvoryCoast", "c2": "Benin", "ISO_A3": "CIV", "ISO_A3_other": "BEN", "ISO_A2": "CI", "ISO_A2_other": "BJ", "country_ini_lat": 7.6279917995015056, "country_ini_lon": -5.5689912024548125, "lat_linestring": 8.6346157243803248, "lon_linestring": -1.620133816351186 }, "geometry": { "type": "LineString", "coordinates": [ [ -5.568991202454812, 7.627991799501506 ], [ 2.32872356975244, 9.641239649259143 ] ] } },
{ "type": "Feature", "properties": { "z": "IvoryCoast", "z_other": "Burkina", "c": "IvoryCoast", "c2": "Burkina", "ISO_A3": "CIV", "ISO_A3_other": "BFA", "ISO_A2": "CI", "ISO_A2_other": "BF", "country_ini_lat": 7.6279917995015056, "country_ini_lon": -5.5689912024548125, "lat_linestring": 9.9487702367903239, "lon_linestring": -3.6622578727161299 }, "geometry": { "type": "LineString", "coordinates": [ [ -5.568991202454812, 7.627991799501506 ], [ -1.755524542977448, 12.269548674079141 ] ] } },
{ "type": "Feature", "properties": { "z": "IvoryCoast", "z_other": "Gambia", "c": "IvoryCoast", "c2": "Gambia", "ISO_A3": "CIV", "ISO_A3_other": "GMB", "ISO_A2": "CI", "ISO_A2_other": "GM", "country_ini_lat": 7.6279917995015056, "country_ini_lon": -5.5689912024548125, "lat_linestring": 10.538856663125198, "lon_linestring": -10.483301035562834 }, "geometry": { "type": "LineString", "coordinates": [ [ -5.568991202454812, 7.627991799501506 ], [ -15.397610868670855, 13.44972152674889 ] ] } },
{ "type": "Feature", "properties": { "z": "IvoryCoast", "z_other": "Ghana", "c": "IvoryCoast", "c2": "Ghana", "ISO_A3": "CIV", "ISO_A3_other": "GHA", "ISO_A2": "CI", "ISO_A2_other": "GH", "country_ini_lat": 7.6279917995015056, "country_ini_lon": -5.5689912024548125, "lat_linestring": 7.790979449627609, "lon_linestring": -3.3927525185136016 }, "geometry": { "type": "LineString", "coordinates": [ [ -5.568991202454812, 7.627991799501506 ], [ -1.21651383457239, 7.95396709975371 ] ] } },
{ "type": "Feature", "properties": { "z": "IvoryCoast", "z_other": "Guinea", "c": "IvoryCoast", "c2": "Guinea", "ISO_A3": "CIV", "ISO_A3_other": "GIN", "ISO_A2": "CI", "ISO_A2_other": "GN", "country_ini_lat": 7.6279917995015056, "country_ini_lon": -5.5689912024548125, "lat_linestring": 9.0313233188921682, "lon_linestring": -8.2560199031279549 }, "geometry": { "type": "LineString", "coordinates": [ [ -5.568991202454812, 7.627991799501506 ], [ -10.943048603801097, 10.43465483828283 ] ] } },
{ "type": "Feature", "properties": { "z": "IvoryCoast", "z_other": "GuineaBissau", "c": "IvoryCoast", "c2": "GuineaBissau", "ISO_A3": "CIV", "ISO_A3_other": "GNB", "ISO_A2": "CI", "ISO_A2_other": "GW", "country_ini_lat": 7.6279917995015056, "country_ini_lon": -5.5689912024548125, "lat_linestring": 9.8274544143555183, "lon_linestring": -10.273259243962002 }, "geometry": { "type": "LineString", "coordinates": [ [ -5.568991202454812, 7.627991799501506 ], [ -14.977527285469193, 12.026917029209532 ] ] } },
{ "type": "Feature", "properties": { "z": "IvoryCoast", "z_other": "Liberia", "c": "IvoryCoast", "c2": "Liberia", "ISO_A3": "CIV", "ISO_A3_other": "LBR", "ISO_A2": "CI", "ISO_A2_other": "LR", "country_ini_lat": 7.6279917995015056, "country_ini_lon": -5.5689912024548125, "lat_linestring": 7.0401281815605277, "lon_linestring": -7.4444281343059036 }, "geometry": { "type": "LineString", "coordinates": [ [ -5.568991202454812, 7.627991799501506 ], [ -9.319865066156995, 6.452264563619549 ] ] } },
{ "type": "Feature", "properties": { "z": "IvoryCoast", "z_other": "Mali", "c": "IvoryCoast", "c2": "Mali", "ISO_A3": "CIV", "ISO_A3_other": "MLI", "ISO_A2": "CI", "ISO_A2_other": "ML", "country_ini_lat": 7.6279917995015056, "country_ini_lon": -5.5689912024548125, "lat_linestring": 12.4861143429005, "lon_linestring": -4.554052930831455 }, "geometry": { "type": "LineString", "coordinates": [ [ -5.568991202454812, 7.627991799501506 ], [ -3.539114659208097, 17.344236886299495 ] ] } },
{ "type": "Feature", "properties": { "z": "IvoryCoast", "z_other": "Niger", "c": "IvoryCoast", "c2": "Niger", "ISO_A3": "CIV", "ISO_A3_other": "NER", "ISO_A2": "CI", "ISO_A2_other": "NE", "country_ini_lat": 7.6279917995015056, "country_ini_lon": -5.5689912024548125, "lat_linestring": 12.523205648226936, "lon_linestring": 1.9085272868635705 }, "geometry": { "type": "LineString", "coordinates": [ [ -5.568991202454812, 7.627991799501506 ], [ 9.386045776181954, 17.418419496952367 ] ] } },
{ "type": "Feature", "properties": { "z": "IvoryCoast", "z_other": "Nigeria", "c": "IvoryCoast", "c2": "Nigeria", "ISO_A3": "CIV", "ISO_A3_other": "NGA", "ISO_A2": "CI", "ISO_A2_other": "NG", "country_ini_lat": 7.6279917995015056, "country_ini_lon": -5.5689912024548125, "lat_linestring": 8.6116682032203542, "lon_linestring": 1.2611229278271061 }, "geometry": { "type": "LineString", "coordinates": [ [ -5.568991202454812, 7.627991799501506 ], [ 8.091237058109025, 9.595344606939204 ] ] } },
{ "type": "Feature", "properties": { "z": "IvoryCoast", "z_other": "Senegal", "c": "IvoryCoast", "c2": "Senegal", "ISO_A3": "CIV", "ISO_A3_other": "SEN", "ISO_A2": "CI", "ISO_A2_other": "SN", "country_ini_lat": 7.6279917995015056, "country_ini_lon": -5.5689912024548125, "lat_linestring": 10.997880755430863, "lon_linestring": -10.020139088035378 }, "geometry": { "type": "LineString", "coordinates": [ [ -5.568991202454812, 7.627991799501506 ], [ -14.471286973615943, 14.36776971136022 ] ] } },
{ "type": "Feature", "properties": { "z": "IvoryCoast", "z_other": "SierraLeone", "c": "IvoryCoast", "c2": "SierraLeone", "ISO_A3": "CIV", "ISO_A3_other": "SLE", "ISO_A2": "CI", "ISO_A2_other": "SL", "country_ini_lat": 7.6279917995015056, "country_ini_lon": -5.5689912024548125, "lat_linestring": 8.0955599780199421, "lon_linestring": -8.682005878098991 }, "geometry": { "type": "LineString", "coordinates": [ [ -5.568991202454812, 7.627991799501506 ], [ -11.795020553743168, 8.563128156538378 ] ] } },
{ "type": "Feature", "properties": { "z": "IvoryCoast", "z_other": "Togo", "c": "IvoryCoast", "c2": "Togo", "ISO_A3": "CIV", "ISO_A3_other": "TGO", "ISO_A2": "CI", "ISO_A2_other": "TG", "country_ini_lat": 7.6279917995015056, "country_ini_lon": -5.5689912024548125, "lat_linestring": 8.0774010274752381, "lon_linestring": -2.3033567463021258 }, "geometry": { "type": "LineString", "coordinates": [ [ -5.568991202454812, 7.627991799501506 ], [ 0.962277709850561, 8.526810255448972 ] ] } },
{ "type": "Feature", "properties": { "z": "IvoryCoast", "z_other": "Mauritania_grid", "c": "IvoryCoast", "c2": "Mauritania", "ISO_A3": "CIV", "ISO_A3_other": "MRT", "ISO_A2": "CI", "ISO_A2_other": "MR", "country_ini_lat": 7.6279917995015056, "country_ini_lon": -5.5689912024548125, "lat_linestring": 14.161756895583254, "lon_linestring": -8.2975296686325866 }, "geometry": { "type": "LineString", "coordinates": [ [ -5.568991202454812, 7.627991799501506 ], [ -11.026068134810361, 20.695521991665004 ] ] } },
{ "type": "Feature", "properties": { "z": "IvoryCoast", "z_other": "Mauritania_Nema", "c": "IvoryCoast", "c2": "Mauritania", "ISO_A3": "CIV", "ISO_A3_other": "MRT", "ISO_A2": "CI", "ISO_A2_other": "MR", "country_ini_lat": 7.6279917995015056, "country_ini_lon": -5.5689912024548125, "lat_linestring": 12.892721824579441, "lon_linestring": -6.3257959883645061 }, "geometry": { "type": "LineString", "coordinates": [ [ -5.568991202454812, 7.627991799501506 ], [ -7.0826007742742, 18.157451849657377 ] ] } },
{ "type": "Feature", "properties": { "z": "Liberia", "z_other": "Benin", "c": "Liberia", "c2": "Benin", "ISO_A3": "LBR", "ISO_A3_other": "BEN", "ISO_A2": "LR", "ISO_A2_other": "BJ", "country_ini_lat": 6.4522645636195488, "country_ini_lon": -9.3198650661569946, "lat_linestring": 8.0467521064393459, "lon_linestring": -3.4955707482022773 }, "geometry": { "type": "LineString", "coordinates": [ [ -9.319865066156995, 6.452264563619549 ], [ 2.32872356975244, 9.641239649259143 ] ] } },
{ "type": "Feature", "properties": { "z": "Liberia", "z_other": "Burkina", "c": "Liberia", "c2": "Burkina", "ISO_A3": "LBR", "ISO_A3_other": "BFA", "ISO_A2": "LR", "ISO_A2_other": "BF", "country_ini_lat": 6.4522645636195488, "country_ini_lon": -9.3198650661569946, "lat_linestring": 9.3609066188493451, "lon_linestring": -5.5376948045672219 }, "geometry": { "type": "LineString", "coordinates": [ [ -9.319865066156995, 6.452264563619549 ], [ -1.755524542977448, 12.269548674079141 ] ] } },
{ "type": "Feature", "properties": { "z": "Liberia", "z_other": "Gambia", "c": "Liberia", "c2": "Gambia", "ISO_A3": "LBR", "ISO_A3_other": "GMB", "ISO_A2": "LR", "ISO_A2_other": "GM", "country_ini_lat": 6.4522645636195488, "country_ini_lon": -9.3198650661569946, "lat_linestring": 9.9509930451842195, "lon_linestring": -12.358737967413925 }, "geometry": { "type": "LineString", "coordinates": [ [ -9.319865066156995, 6.452264563619549 ], [ -15.397610868670855, 13.44972152674889 ] ] } },
{ "type": "Feature", "properties": { "z": "Liberia", "z_other": "Ghana", "c": "Liberia", "c2": "Ghana", "ISO_A3": "LBR", "ISO_A3_other": "GHA", "ISO_A2": "LR", "ISO_A2_other": "GH", "country_ini_lat": 6.4522645636195488, "country_ini_lon": -9.3198650661569946, "lat_linestring": 7.2031158316866293, "lon_linestring": -5.2681894503646927 }, "geometry": { "type": "LineString", "coordinates": [ [ -9.319865066156995, 6.452264563619549 ], [ -1.21651383457239, 7.95396709975371 ] ] } },
{ "type": "Feature", "properties": { "z": "Liberia", "z_other": "Guinea", "c": "Liberia", "c2": "Guinea", "ISO_A3": "LBR", "ISO_A3_other": "GIN", "ISO_A2": "LR", "ISO_A2_other": "GN", "country_ini_lat": 6.4522645636195488, "country_ini_lon": -9.3198650661569946, "lat_linestring": 8.4434597009511894, "lon_linestring": -10.131456834979046 }, "geometry": { "type": "LineString", "coordinates": [ [ -9.319865066156995, 6.452264563619549 ], [ -10.943048603801097, 10.43465483828283 ] ] } },
{ "type": "Feature", "properties": { "z": "Liberia", "z_other": "GuineaBissau", "c": "Liberia", "c2": "GuineaBissau", "ISO_A3": "LBR", "ISO_A3_other": "GNB", "ISO_A2": "LR", "ISO_A2_other": "GW", "country_ini_lat": 6.4522645636195488, "country_ini_lon": -9.3198650661569946, "lat_linestring": 9.2395907964145394, "lon_linestring": -12.148696175813093 }, "geometry": { "type": "LineString", "coordinates": [ [ -9.319865066156995, 6.452264563619549 ], [ -14.977527285469193, 12.026917029209532 ] ] } },
{ "type": "Feature", "properties": { "z": "Liberia", "z_other": "IvoryCoast", "c": "Liberia", "c2": "IvoryCoast", "ISO_A3": "LBR", "ISO_A3_other": "CIV", "ISO_A2": "LR", "ISO_A2_other": "CI", "country_ini_lat": 6.4522645636195488, "country_ini_lon": -9.3198650661569946, "lat_linestring": 7.0401281815605277, "lon_linestring": -7.4444281343059036 }, "geometry": { "type": "LineString", "coordinates": [ [ -9.319865066156995, 6.452264563619549 ], [ -5.568991202454812, 7.627991799501506 ] ] } },
{ "type": "Feature", "properties": { "z": "Liberia", "z_other": "Mali", "c": "Liberia", "c2": "Mali", "ISO_A3": "LBR", "ISO_A3_other": "MLI", "ISO_A2": "LR", "ISO_A2_other": "ML", "country_ini_lat": 6.4522645636195488, "country_ini_lon": -9.3198650661569946, "lat_linestring": 11.898250724959521, "lon_linestring": -6.4294898626825461 }, "geometry": { "type": "LineString", "coordinates": [ [ -9.319865066156995, 6.452264563619549 ], [ -3.539114659208097, 17.344236886299495 ] ] } },
{ "type": "Feature", "properties": { "z": "Liberia", "z_other": "Niger", "c": "Liberia", "c2": "Niger", "ISO_A3": "LBR", "ISO_A3_other": "NER", "ISO_A2": "LR", "ISO_A2_other": "NE", "country_ini_lat": 6.4522645636195488, "country_ini_lon": -9.3198650661569946, "lat_linestring": 11.935342030285959, "lon_linestring": 0.033090355012479478 }, "geometry": { "type": "LineString", "coordinates": [ [ -9.319865066156995, 6.452264563619549 ], [ 9.386045776181954, 17.418419496952367 ] ] } },
{ "type": "Feature", "properties": { "z": "Liberia", "z_other": "Nigeria", "c": "Liberia", "c2": "Nigeria", "ISO_A3": "LBR", "ISO_A3_other": "NGA", "ISO_A2": "LR", "ISO_A2_other": "NG", "country_ini_lat": 6.4522645636195488, "country_ini_lon": -9.3198650661569946, "lat_linestring": 8.0238045852793753, "lon_linestring": -0.61431400402398495 }, "geometry": { "type": "LineString", "coordinates": [ [ -9.319865066156995, 6.452264563619549 ], [ 8.091237058109025, 9.595344606939204 ] ] } },
{ "type": "Feature", "properties": { "z": "Liberia", "z_other": "Senegal", "c": "Liberia", "c2": "Senegal", "ISO_A3": "LBR", "ISO_A3_other": "SEN", "ISO_A2": "LR", "ISO_A2_other": "SN", "country_ini_lat": 6.4522645636195488, "country_ini_lon": -9.3198650661569946, "lat_linestring": 10.410017137489884, "lon_linestring": -11.89557601988647 }, "geometry": { "type": "LineString", "coordinates": [ [ -9.319865066156995, 6.452264563619549 ], [ -14.471286973615943, 14.36776971136022 ] ] } },
{ "type": "Feature", "properties": { "z": "Liberia", "z_other": "SierraLeone", "c": "Liberia", "c2": "SierraLeone", "ISO_A3": "LBR", "ISO_A3_other": "SLE", "ISO_A2": "LR", "ISO_A2_other": "SL", "country_ini_lat": 6.4522645636195488, "country_ini_lon": -9.3198650661569946, "lat_linestring": 7.5076963600789632, "lon_linestring": -10.557442809950082 }, "geometry": { "type": "LineString", "coordinates": [ [ -9.319865066156995, 6.452264563619549 ], [ -11.795020553743168, 8.563128156538378 ] ] } },
{ "type": "Feature", "properties": { "z": "Liberia", "z_other": "Togo", "c": "Liberia", "c2": "Togo", "ISO_A3": "LBR", "ISO_A3_other": "TGO", "ISO_A2": "LR", "ISO_A2_other": "TG", "country_ini_lat": 6.4522645636195488, "country_ini_lon": -9.3198650661569946, "lat_linestring": 7.4895374095342593, "lon_linestring": -4.1787936781532169 }, "geometry": { "type": "LineString", "coordinates": [ [ -9.319865066156995, 6.452264563619549 ], [ 0.962277709850561, 8.526810255448972 ] ] } },
{ "type": "Feature", "properties": { "z": "Liberia", "z_other": "Mauritania_grid", "c": "Liberia", "c2": "Mauritania", "ISO_A3": "LBR", "ISO_A3_other": "MRT", "ISO_A2": "LR", "ISO_A2_other": "MR", "country_ini_lat": 6.4522645636195488, "country_ini_lon": -9.3198650661569946, "lat_linestring": 13.573893277642277, "lon_linestring": -10.172966600483678 }, "geometry": { "type": "LineString", "coordinates": [ [ -9.319865066156995, 6.452264563619549 ], [ -11.026068134810361, 20.695521991665004 ] ] } },
{ "type": "Feature", "properties": { "z": "Liberia", "z_other": "Mauritania_Nema", "c": "Liberia", "c2": "Mauritania", "ISO_A3": "LBR", "ISO_A3_other": "MRT", "ISO_A2": "LR", "ISO_A2_other": "MR", "country_ini_lat": 6.4522645636195488, "country_ini_lon": -9.3198650661569946, "lat_linestring": 12.304858206638464, "lon_linestring": -8.2012329202155971 }, "geometry": { "type": "LineString", "coordinates": [ [ -9.319865066156995, 6.452264563619549 ], [ -7.0826007742742, 18.157451849657377 ] ] } },
{ "type": "Feature", "properties": { "z": "Mali", "z_other": "Benin", "c": "Mali", "c2": "Benin", "ISO_A3": "MLI", "ISO_A3_other": "BEN", "ISO_A2": "ML", "ISO_A2_other": "BJ", "country_ini_lat": 17.344236886299495, "country_ini_lon": -3.5391146592080971, "lat_linestring": 13.49273826777932, "lon_linestring": -0.60519554472782833 }, "geometry": { "type": "LineString", "coordinates": [ [ -3.539114659208097, 17.344236886299495 ], [ 2.32872356975244, 9.641239649259143 ] ] } },
{ "type": "Feature", "properties": { "z": "Mali", "z_other": "Burkina", "c": "Mali", "c2": "Burkina", "ISO_A3": "MLI", "ISO_A3_other": "BFA", "ISO_A2": "ML", "ISO_A2_other": "BF", "country_ini_lat": 17.344236886299495, "country_ini_lon": -3.5391146592080971, "lat_linestring": 14.806892780189321, "lon_linestring": -2.6473196010927729 }, "geometry": { "type": "LineString", "coordinates": [ [ -3.539114659208097, 17.344236886299495 ], [ -1.755524542977448, 12.269548674079141 ] ] } },
{ "type": "Feature", "properties": { "z": "Mali", "z_other": "Gambia", "c": "Mali", "c2": "Gambia", "ISO_A3": "MLI", "ISO_A3_other": "GMB", "ISO_A2": "ML", "ISO_A2_other": "GM", "country_ini_lat": 17.344236886299495, "country_ini_lon": -3.5391146592080971, "lat_linestring": 15.396979206524193, "lon_linestring": -9.4683627639394761 }, "geometry": { "type": "LineString", "coordinates": [ [ -3.539114659208097, 17.344236886299495 ], [ -15.397610868670855, 13.44972152674889 ] ] } },
{ "type": "Feature", "properties": { "z": "Mali", "z_other": "Ghana", "c": "Mali", "c2": "Ghana", "ISO_A3": "MLI", "ISO_A3_other": "GHA", "ISO_A2": "ML", "ISO_A2_other": "GH", "country_ini_lat": 17.344236886299495, "country_ini_lon": -3.5391146592080971, "lat_linestring": 12.649101993026601, "lon_linestring": -2.3778142468902437 }, "geometry": { "type": "LineString", "coordinates": [ [ -3.539114659208097, 17.344236886299495 ], [ -1.21651383457239, 7.95396709975371 ] ] } },
{ "type": "Feature", "properties": { "z": "Mali", "z_other": "Guinea", "c": "Mali", "c2": "Guinea", "ISO_A3": "MLI", "ISO_A3_other": "GIN", "ISO_A2": "ML", "ISO_A2_other": "GN", "country_ini_lat": 17.344236886299495, "country_ini_lon": -3.5391146592080971, "lat_linestring": 13.88944586229116, "lon_linestring": -7.2410816315045974 }, "geometry": { "type": "LineString", "coordinates": [ [ -3.539114659208097, 17.344236886299495 ], [ -10.943048603801097, 10.43465483828283 ] ] } },
{ "type": "Feature", "properties": { "z": "Mali", "z_other": "GuineaBissau", "c": "Mali", "c2": "GuineaBissau", "ISO_A3": "MLI", "ISO_A3_other": "GNB", "ISO_A2": "ML", "ISO_A2_other": "GW", "country_ini_lat": 17.344236886299495, "country_ini_lon": -3.5391146592080971, "lat_linestring": 14.685576957754513, "lon_linestring": -9.2583209723386446 }, "geometry": { "type": "LineString", "coordinates": [ [ -3.539114659208097, 17.344236886299495 ], [ -14.977527285469193, 12.026917029209532 ] ] } },
{ "type": "Feature", "properties": { "z": "Mali", "z_other": "IvoryCoast", "c": "Mali", "c2": "IvoryCoast", "ISO_A3": "MLI", "ISO_A3_other": "CIV", "ISO_A2": "ML", "ISO_A2_other": "CI", "country_ini_lat": 17.344236886299495, "country_ini_lon": -3.5391146592080971, "lat_linestring": 12.4861143429005, "lon_linestring": -4.554052930831455 }, "geometry": { "type": "LineString", "coordinates": [ [ -3.539114659208097, 17.344236886299495 ], [ -5.568991202454812, 7.627991799501506 ] ] } },
{ "type": "Feature", "properties": { "z": "Mali", "z_other": "Liberia", "c": "Mali", "c2": "Liberia", "ISO_A3": "MLI", "ISO_A3_other": "LBR", "ISO_A2": "ML", "ISO_A2_other": "LR", "country_ini_lat": 17.344236886299495, "country_ini_lon": -3.5391146592080971, "lat_linestring": 11.898250724959521, "lon_linestring": -6.4294898626825461 }, "geometry": { "type": "LineString", "coordinates": [ [ -3.539114659208097, 17.344236886299495 ], [ -9.319865066156995, 6.452264563619549 ] ] } },
{ "type": "Feature", "properties": { "z": "Mali", "z_other": "Niger", "c": "Mali", "c2": "Niger", "ISO_A3": "MLI", "ISO_A3_other": "NER", "ISO_A2": "ML", "ISO_A2_other": "NE", "country_ini_lat": 17.344236886299495, "country_ini_lon": -3.5391146592080971, "lat_linestring": 17.381328191625933, "lon_linestring": 2.9234655584869276 }, "geometry": { "type": "LineString", "coordinates": [ [ -3.539114659208097, 17.344236886299495 ], [ 9.386045776181954, 17.418419496952367 ] ] } },
{ "type": "Feature", "properties": { "z": "Mali", "z_other": "Nigeria", "c": "Mali", "c2": "Nigeria", "ISO_A3": "MLI", "ISO_A3_other": "NGA", "ISO_A2": "ML", "ISO_A2_other": "NG", "country_ini_lat": 17.344236886299495, "country_ini_lon": -3.5391146592080971, "lat_linestring": 13.469790746619349, "lon_linestring": 2.2760611994504636 }, "geometry": { "type": "LineString", "coordinates": [ [ -3.539114659208097, 17.344236886299495 ], [ 8.091237058109025, 9.595344606939204 ] ] } },
{ "type": "Feature", "properties": { "z": "Mali", "z_other": "Senegal", "c": "Mali", "c2": "Senegal", "ISO_A3": "MLI", "ISO_A3_other": "SEN", "ISO_A2": "ML", "ISO_A2_other": "SN", "country_ini_lat": 17.344236886299495, "country_ini_lon": -3.5391146592080971, "lat_linestring": 15.856003298829858, "lon_linestring": -9.0052008164120192 }, "geometry": { "type": "LineString", "coordinates": [ [ -3.539114659208097, 17.344236886299495 ], [ -14.471286973615943, 14.36776971136022 ] ] } },
{ "type": "Feature", "properties": { "z": "Mali", "z_other": "SierraLeone", "c": "Mali", "c2": "SierraLeone", "ISO_A3": "MLI", "ISO_A3_other": "SLE", "ISO_A2": "ML", "ISO_A2_other": "SL", "country_ini_lat": 17.344236886299495, "country_ini_lon": -3.5391146592080971, "lat_linestring": 12.953682521418937, "lon_linestring": -7.6670676064756327 }, "geometry": { "type": "LineString", "coordinates": [ [ -3.539114659208097, 17.344236886299495 ], [ -11.795020553743168, 8.563128156538378 ] ] } },
{ "type": "Feature", "properties": { "z": "Mali", "z_other": "Togo", "c": "Mali", "c2": "Togo", "ISO_A3": "MLI", "ISO_A3_other": "TGO", "ISO_A2": "ML", "ISO_A2_other": "TG", "country_ini_lat": 17.344236886299495, "country_ini_lon": -3.5391146592080971, "lat_linestring": 12.935523570874235, "lon_linestring": -1.2884184746787679 }, "geometry": { "type": "LineString", "coordinates": [ [ -3.539114659208097, 17.344236886299495 ], [ 0.962277709850561, 8.526810255448972 ] ] } },
{ "type": "Feature", "properties": { "z": "Mali", "z_other": "Mauritania_grid", "c": "Mali", "c2": "Mauritania", "ISO_A3": "MLI", "ISO_A3_other": "MRT", "ISO_A2": "ML", "ISO_A2_other": "MR", "country_ini_lat": 17.344236886299495, "country_ini_lon": -3.5391146592080971, "lat_linestring": 19.019879438982251, "lon_linestring": -7.2825913970092291 }, "geometry": { "type": "LineString", "coordinates": [ [ -3.539114659208097, 17.344236886299495 ], [ -11.026068134810361, 20.695521991665004 ] ] } },
{ "type": "Feature", "properties": { "z": "Mali", "z_other": "Mauritania_Nema", "c": "Mali", "c2": "Mauritania", "ISO_A3": "MLI", "ISO_A3_other": "MRT", "ISO_A2": "ML", "ISO_A2_other": "MR", "country_ini_lat": 17.344236886299495, "country_ini_lon": -3.5391146592080971, "lat_linestring": 17.750844367978438, "lon_linestring": -5.3108577167411486 }, "geometry": { "type": "LineString", "coordinates": [ [ -3.539114659208097, 17.344236886299495 ], [ -7.0826007742742, 18.157451849657377 ] ] } },
{ "type": "Feature", "properties": { "z": "Niger", "z_other": "Benin", "c": "Niger", "c2": "Benin", "ISO_A3": "NER", "ISO_A3_other": "BEN", "ISO_A2": "NE", "ISO_A2_other": "BJ", "country_ini_lat": 17.418419496952367, "country_ini_lon": 9.3860457761819536, "lat_linestring": 13.529829573105754, "lon_linestring": 5.8573846729671972 }, "geometry": { "type": "LineString", "coordinates": [ [ 9.386045776181954, 17.418419496952367 ], [ 2.32872356975244, 9.641239649259143 ] ] } },
{ "type": "Feature", "properties": { "z": "Niger", "z_other": "Burkina", "c": "Niger", "c2": "Burkina", "ISO_A3": "NER", "ISO_A3_other": "BFA", "ISO_A2": "NE", "ISO_A2_other": "BF", "country_ini_lat": 17.418419496952367, "country_ini_lon": 9.3860457761819536, "lat_linestring": 14.843984085515753, "lon_linestring": 3.8152606166022527 }, "geometry": { "type": "LineString", "coordinates": [ [ 9.386045776181954, 17.418419496952367 ], [ -1.755524542977448, 12.269548674079141 ] ] } },
{ "type": "Feature", "properties": { "z": "Niger", "z_other": "Gambia", "c": "Niger", "c2": "Gambia", "ISO_A3": "NER", "ISO_A3_other": "GMB", "ISO_A2": "NE", "ISO_A2_other": "GM", "country_ini_lat": 17.418419496952367, "country_ini_lon": 9.3860457761819536, "lat_linestring": 15.434070511850628, "lon_linestring": -3.0057825462444505 }, "geometry": { "type": "LineString", "coordinates": [ [ 9.386045776181954, 17.418419496952367 ], [ -15.397610868670855, 13.44972152674889 ] ] } },
{ "type": "Feature", "properties": { "z": "Niger", "z_other": "Ghana", "c": "Niger", "c2": "Ghana", "ISO_A3": "NER", "ISO_A3_other": "GHA", "ISO_A2": "NE", "ISO_A2_other": "GH", "country_ini_lat": 17.418419496952367, "country_ini_lon": 9.3860457761819536, "lat_linestring": 12.686193298353039, "lon_linestring": 4.0847659708047814 }, "geometry": { "type": "LineString", "coordinates": [ [ 9.386045776181954, 17.418419496952367 ], [ -1.21651383457239, 7.95396709975371 ] ] } },
{ "type": "Feature", "properties": { "z": "Niger", "z_other": "Guinea", "c": "Niger", "c2": "Guinea", "ISO_A3": "NER", "ISO_A3_other": "GIN", "ISO_A2": "NE", "ISO_A2_other": "GN", "country_ini_lat": 17.418419496952367, "country_ini_lon": 9.3860457761819536, "lat_linestring": 13.9265371676176, "lon_linestring": -0.77850141380957183 }, "geometry": { "type": "LineString", "coordinates": [ [ 9.386045776181954, 17.418419496952367 ], [ -10.943048603801097, 10.43465483828283 ] ] } },
{ "type": "Feature", "properties": { "z": "Niger", "z_other": "GuineaBissau", "c": "Niger", "c2": "GuineaBissau", "ISO_A3": "NER", "ISO_A3_other": "GNB", "ISO_A2": "NE", "ISO_A2_other": "GW", "country_ini_lat": 17.418419496952367, "country_ini_lon": 9.3860457761819536, "lat_linestring": 14.72266826308095, "lon_linestring": -2.7957407546436199 }, "geometry": { "type": "LineString", "coordinates": [ [ 9.386045776181954, 17.418419496952367 ], [ -14.977527285469193, 12.026917029209532 ] ] } },
{ "type": "Feature", "properties": { "z": "Niger", "z_other": "IvoryCoast", "c": "Niger", "c2": "IvoryCoast", "ISO_A3": "NER", "ISO_A3_other": "CIV", "ISO_A2": "NE", "ISO_A2_other": "CI", "country_ini_lat": 17.418419496952367, "country_ini_lon": 9.3860457761819536, "lat_linestring": 12.523205648226936, "lon_linestring": 1.9085272868635705 }, "geometry": { "type": "LineString", "coordinates": [ [ 9.386045776181954, 17.418419496952367 ], [ -5.568991202454812, 7.627991799501506 ] ] } },
{ "type": "Feature", "properties": { "z": "Niger", "z_other": "Liberia", "c": "Niger", "c2": "Liberia", "ISO_A3": "NER", "ISO_A3_other": "LBR", "ISO_A2": "NE", "ISO_A2_other": "LR", "country_ini_lat": 17.418419496952367, "country_ini_lon": 9.3860457761819536, "lat_linestring": 11.935342030285959, "lon_linestring": 0.033090355012479478 }, "geometry": { "type": "LineString", "coordinates": [ [ 9.386045776181954, 17.418419496952367 ], [ -9.319865066156995, 6.452264563619549 ] ] } },
{ "type": "Feature", "properties": { "z": "Niger", "z_other": "Mali", "c": "Niger", "c2": "Mali", "ISO_A3": "NER", "ISO_A3_other": "MLI", "ISO_A2": "NE", "ISO_A2_other": "ML", "country_ini_lat": 17.418419496952367, "country_ini_lon": 9.3860457761819536, "lat_linestring": 17.381328191625933, "lon_linestring": 2.9234655584869276 }, "geometry": { "type": "LineString", "coordinates": [ [ 9.386045776181954, 17.418419496952367 ], [ -3.539114659208097, 17.344236886299495 ] ] } },
{ "type": "Feature", "properties": { "z": "Niger", "z_other": "Nigeria", "c": "Niger", "c2": "Nigeria", "ISO_A3": "NER", "ISO_A3_other": "NGA", "ISO_A2": "NE", "ISO_A2_other": "NG", "country_ini_lat": 17.418419496952367, "country_ini_lon": 9.3860457761819536, "lat_linestring": 13.506882051945786, "lon_linestring": 8.7386414171454891 }, "geometry": { "type": "LineString", "coordinates": [ [ 9.386045776181954, 17.418419496952367 ], [ 8.091237058109025, 9.595344606939204 ] ] } },
{ "type": "Feature", "properties": { "z": "Niger", "z_other": "Senegal", "c": "Niger", "c2": "Senegal", "ISO_A3": "NER", "ISO_A3_other": "SEN", "ISO_A2": "NE", "ISO_A2_other": "SN", "country_ini_lat": 17.418419496952367, "country_ini_lon": 9.3860457761819536, "lat_linestring": 15.893094604156293, "lon_linestring": -2.5426205987169945 }, "geometry": { "type": "LineString", "coordinates": [ [ 9.386045776181954, 17.418419496952367 ], [ -14.471286973615943, 14.36776971136022 ] ] } },
{ "type": "Feature", "properties": { "z": "Niger", "z_other": "SierraLeone", "c": "Niger", "c2": "SierraLeone", "ISO_A3": "NER", "ISO_A3_other": "SLE", "ISO_A2": "NE", "ISO_A2_other": "SL", "country_ini_lat": 17.418419496952367, "country_ini_lon": 9.3860457761819536, "lat_linestring": 12.990773826745372, "lon_linestring": -1.2044873887806071 }, "geometry": { "type": "LineString", "coordinates": [ [ 9.386045776181954, 17.418419496952367 ], [ -11.795020553743168, 8.563128156538378 ] ] } },
{ "type": "Feature", "properties": { "z": "Niger", "z_other": "Togo", "c": "Niger", "c2": "Togo", "ISO_A3": "NER", "ISO_A3_other": "TGO", "ISO_A2": "NE", "ISO_A2_other": "TG", "country_ini_lat": 17.418419496952367, "country_ini_lon": 9.3860457761819536, "lat_linestring": 12.972614876200669, "lon_linestring": 5.1741617430162572 }, "geometry": { "type": "LineString", "coordinates": [ [ 9.386045776181954, 17.418419496952367 ], [ 0.962277709850561, 8.526810255448972 ] ] } },
{ "type": "Feature", "properties": { "z": "Niger", "z_other": "Mauritania_grid", "c": "Niger", "c2": "Mauritania", "ISO_A3": "NER", "ISO_A3_other": "MRT", "ISO_A2": "NE", "ISO_A2_other": "MR", "country_ini_lat": 17.418419496952367, "country_ini_lon": 9.3860457761819536, "lat_linestring": 19.056970744308686, "lon_linestring": -0.82001117931420353 }, "geometry": { "type": "LineString", "coordinates": [ [ 9.386045776181954, 17.418419496952367 ], [ -11.026068134810361, 20.695521991665004 ] ] } },
{ "type": "Feature", "properties": { "z": "Niger", "z_other": "Mauritania_Nema", "c": "Niger", "c2": "Mauritania", "ISO_A3": "NER", "ISO_A3_other": "MRT", "ISO_A2": "NE", "ISO_A2_other": "MR", "country_ini_lat": 17.418419496952367, "country_ini_lon": 9.3860457761819536, "lat_linestring": 17.787935673304872, "lon_linestring": 1.151722500953877 }, "geometry": { "type": "LineString", "coordinates": [ [ 9.386045776181954, 17.418419496952367 ], [ -7.0826007742742, 18.157451849657377 ] ] } },
{ "type": "Feature", "properties": { "z": "Nigeria", "z_other": "Benin", "c": "Nigeria", "c2": "Benin", "ISO_A3": "NGA", "ISO_A3_other": "BEN", "ISO_A2": "NG", "ISO_A2_other": "BJ", "country_ini_lat": 9.5953446069392037, "country_ini_lon": 8.0912370581090247, "lat_linestring": 9.6182921280991742, "lon_linestring": 5.2099803139307328 }, "geometry": { "type": "LineString", "coordinates": [ [ 8.091237058109025, 9.595344606939204 ], [ 2.32872356975244, 9.641239649259143 ] ] } },
{ "type": "Feature", "properties": { "z": "Nigeria", "z_other": "Burkina", "c": "Nigeria", "c2": "Burkina", "ISO_A3": "NGA", "ISO_A3_other": "BFA", "ISO_A2": "NG", "ISO_A2_other": "BF", "country_ini_lat": 9.5953446069392037, "country_ini_lon": 8.0912370581090247, "lat_linestring": 10.932446640509173, "lon_linestring": 3.1678562575657883 }, "geometry": { "type": "LineString", "coordinates": [ [ 8.091237058109025, 9.595344606939204 ], [ -1.755524542977448, 12.269548674079141 ] ] } },
{ "type": "Feature", "properties": { "z": "Nigeria", "z_other": "Gambia", "c": "Nigeria", "c2": "Gambia", "ISO_A3": "NGA", "ISO_A3_other": "GMB", "ISO_A2": "NG", "ISO_A2_other": "GM", "country_ini_lat": 9.5953446069392037, "country_ini_lon": 8.0912370581090247, "lat_linestring": 11.522533066844048, "lon_linestring": -3.6531869052809149 }, "geometry": { "type": "LineString", "coordinates": [ [ 8.091237058109025, 9.595344606939204 ], [ -15.397610868670855, 13.44972152674889 ] ] } },
{ "type": "Feature", "properties": { "z": "Nigeria", "z_other": "Ghana", "c": "Nigeria", "c2": "Ghana", "ISO_A3": "NGA", "ISO_A3_other": "GHA", "ISO_A2": "NG", "ISO_A2_other": "GH", "country_ini_lat": 9.5953446069392037, "country_ini_lon": 8.0912370581090247, "lat_linestring": 8.7746558533464558, "lon_linestring": 3.437361611768317 }, "geometry": { "type": "LineString", "coordinates": [ [ 8.091237058109025, 9.595344606939204 ], [ -1.21651383457239, 7.95396709975371 ] ] } },
{ "type": "Feature", "properties": { "z": "Nigeria", "z_other": "Guinea", "c": "Nigeria", "c2": "Guinea", "ISO_A3": "NGA", "ISO_A3_other": "GIN", "ISO_A2": "NG", "ISO_A2_other": "GN", "country_ini_lat": 9.5953446069392037, "country_ini_lon": 8.0912370581090247, "lat_linestring": 10.014999722611016, "lon_linestring": -1.4259057728460363 }, "geometry": { "type": "LineString", "coordinates": [ [ 8.091237058109025, 9.595344606939204 ], [ -10.943048603801097, 10.43465483828283 ] ] } },
{ "type": "Feature", "properties": { "z": "Nigeria", "z_other": "GuineaBissau", "c": "Nigeria", "c2": "GuineaBissau", "ISO_A3": "NGA", "ISO_A3_other": "GNB", "ISO_A2": "NG", "ISO_A2_other": "GW", "country_ini_lat": 9.5953446069392037, "country_ini_lon": 8.0912370581090247, "lat_linestring": 10.811130818074368, "lon_linestring": -3.4431451136800844 }, "geometry": { "type": "LineString", "coordinates": [ [ 8.091237058109025, 9.595344606939204 ], [ -14.977527285469193, 12.026917029209532 ] ] } },
{ "type": "Feature", "properties": { "z": "Nigeria", "z_other": "IvoryCoast", "c": "Nigeria", "c2": "IvoryCoast", "ISO_A3": "NGA", "ISO_A3_other": "CIV", "ISO_A2": "NG", "ISO_A2_other": "CI", "country_ini_lat": 9.5953446069392037, "country_ini_lon": 8.0912370581090247, "lat_linestring": 8.6116682032203542, "lon_linestring": 1.2611229278271061 }, "geometry": { "type": "LineString", "coordinates": [ [ 8.091237058109025, 9.595344606939204 ], [ -5.568991202454812, 7.627991799501506 ] ] } },
{ "type": "Feature", "properties": { "z": "Nigeria", "z_other": "Liberia", "c": "Nigeria", "c2": "Liberia", "ISO_A3": "NGA", "ISO_A3_other": "LBR", "ISO_A2": "NG", "ISO_A2_other": "LR", "country_ini_lat": 9.5953446069392037, "country_ini_lon": 8.0912370581090247, "lat_linestring": 8.0238045852793753, "lon_linestring": -0.61431400402398495 }, "geometry": { "type": "LineString", "coordinates": [ [ 8.091237058109025, 9.595344606939204 ], [ -9.319865066156995, 6.452264563619549 ] ] } },
{ "type": "Feature", "properties": { "z": "Nigeria", "z_other": "Mali", "c": "Nigeria", "c2": "Mali", "ISO_A3": "NGA", "ISO_A3_other": "MLI", "ISO_A2": "NG", "ISO_A2_other": "ML", "country_ini_lat": 9.5953446069392037, "country_ini_lon": 8.0912370581090247, "lat_linestring": 13.469790746619349, "lon_linestring": 2.2760611994504636 }, "geometry": { "type": "LineString", "coordinates": [ [ 8.091237058109025, 9.595344606939204 ], [ -3.539114659208097, 17.344236886299495 ] ] } },
{ "type": "Feature", "properties": { "z": "Nigeria", "z_other": "Niger", "c": "Nigeria", "c2": "Niger", "ISO_A3": "NGA", "ISO_A3_other": "NER", "ISO_A2": "NG", "ISO_A2_other": "NE", "country_ini_lat": 9.5953446069392037, "country_ini_lon": 8.0912370581090247, "lat_linestring": 13.506882051945786, "lon_linestring": 8.7386414171454891 }, "geometry": { "type": "LineString", "coordinates": [ [ 8.091237058109025, 9.595344606939204 ], [ 9.386045776181954, 17.418419496952367 ] ] } },
{ "type": "Feature", "properties": { "z": "Nigeria", "z_other": "Senegal", "c": "Nigeria", "c2": "Senegal", "ISO_A3": "NGA", "ISO_A3_other": "SEN", "ISO_A2": "NG", "ISO_A2_other": "SN", "country_ini_lat": 9.5953446069392037, "country_ini_lon": 8.0912370581090247, "lat_linestring": 11.981557159149714, "lon_linestring": -3.1900249577534585 }, "geometry": { "type": "LineString", "coordinates": [ [ 8.091237058109025, 9.595344606939204 ], [ -14.471286973615943, 14.36776971136022 ] ] } },
{ "type": "Feature", "properties": { "z": "Nigeria", "z_other": "SierraLeone", "c": "Nigeria", "c2": "SierraLeone", "ISO_A3": "NGA", "ISO_A3_other": "SLE", "ISO_A2": "NG", "ISO_A2_other": "SL", "country_ini_lat": 9.5953446069392037, "country_ini_lon": 8.0912370581090247, "lat_linestring": 9.0792363817387916, "lon_linestring": -1.8518917478170716 }, "geometry": { "type": "LineString", "coordinates": [ [ 8.091237058109025, 9.595344606939204 ], [ -11.795020553743168, 8.563128156538378 ] ] } },
{ "type": "Feature", "properties": { "z": "Nigeria", "z_other": "Togo", "c": "Nigeria", "c2": "Togo", "ISO_A3": "NGA", "ISO_A3_other": "TGO", "ISO_A2": "NG", "ISO_A2_other": "TG", "country_ini_lat": 9.5953446069392037, "country_ini_lon": 8.0912370581090247, "lat_linestring": 9.0610774311940876, "lon_linestring": 4.5267573839797928 }, "geometry": { "type": "LineString", "coordinates": [ [ 8.091237058109025, 9.595344606939204 ], [ 0.962277709850561, 8.526810255448972 ] ] } },
{ "type": "Feature", "properties": { "z": "Nigeria", "z_other": "Mauritania_grid", "c": "Nigeria", "c2": "Mauritania", "ISO_A3": "NGA", "ISO_A3_other": "MRT", "ISO_A2": "NG", "ISO_A2_other": "MR", "country_ini_lat": 9.5953446069392037, "country_ini_lon": 8.0912370581090247, "lat_linestring": 15.145433299302104, "lon_linestring": -1.4674155383506677 }, "geometry": { "type": "LineString", "coordinates": [ [ 8.091237058109025, 9.595344606939204 ], [ -11.026068134810361, 20.695521991665004 ] ] } },
{ "type": "Feature", "properties": { "z": "Nigeria", "z_other": "Mauritania_Nema", "c": "Nigeria", "c2": "Mauritania", "ISO_A3": "NGA", "ISO_A3_other": "MRT", "ISO_A2": "NG", "ISO_A2_other": "MR", "country_ini_lat": 9.5953446069392037, "country_ini_lon": 8.0912370581090247, "lat_linestring": 13.876398228298291, "lon_linestring": 0.50431814191741253 }, "geometry": { "type": "LineString", "coordinates": [ [ 8.091237058109025, 9.595344606939204 ], [ -7.0826007742742, 18.157451849657377 ] ] } },
{ "type": "Feature", "properties": { "z": "Senegal", "z_other": "Benin", "c": "Senegal", "c2": "Benin", "ISO_A3": "SEN", "ISO_A3_other": "BEN", "ISO_A2": "SN", "ISO_A2_other": "BJ", "country_ini_lat": 14.36776971136022, "country_ini_lon": -14.471286973615943, "lat_linestring": 12.004504680309681, "lon_linestring": -6.0712817019317509 }, "geometry": { "type": "LineString", "coordinates": [ [ -14.471286973615943, 14.36776971136022 ], [ 2.32872356975244, 9.641239649259143 ] ] } },
{ "type": "Feature", "properties": { "z": "Senegal", "z_other": "Burkina", "c": "Senegal", "c2": "Burkina", "ISO_A3": "SEN", "ISO_A3_other": "BFA", "ISO_A2": "SN", "ISO_A2_other": "BF", "country_ini_lat": 14.36776971136022, "country_ini_lon": -14.471286973615943, "lat_linestring": 13.31865919271968, "lon_linestring": -8.113405758296695 }, "geometry": { "type": "LineString", "coordinates": [ [ -14.471286973615943, 14.36776971136022 ], [ -1.755524542977448, 12.269548674079141 ] ] } },
{ "type": "Feature", "properties": { "z": "Senegal", "z_other": "Gambia", "c": "Senegal", "c2": "Gambia", "ISO_A3": "SEN", "ISO_A3_other": "GMB", "ISO_A2": "SN", "ISO_A2_other": "GM", "country_ini_lat": 14.36776971136022, "country_ini_lon": -14.471286973615943, "lat_linestring": 13.908745619054555, "lon_linestring": -14.9344489211434 }, "geometry": { "type": "LineString", "coordinates": [ [ -14.471286973615943, 14.36776971136022 ], [ -15.397610868670855, 13.44972152674889 ] ] } },
{ "type": "Feature", "properties": { "z": "Senegal", "z_other": "Ghana", "c": "Senegal", "c2": "Ghana", "ISO_A3": "SEN", "ISO_A3_other": "GHA", "ISO_A2": "SN", "ISO_A2_other": "GH", "country_ini_lat": 14.36776971136022, "country_ini_lon": -14.471286973615943, "lat_linestring": 11.160868405556965, "lon_linestring": -7.8439004040941667 }, "geometry": { "type": "LineString", "coordinates": [ [ -14.471286973615943, 14.36776971136022 ], [ -1.21651383457239, 7.95396709975371 ] ] } },
{ "type": "Feature", "properties": { "z": "Senegal", "z_other": "Guinea", "c": "Senegal", "c2": "Guinea", "ISO_A3": "SEN", "ISO_A3_other": "GIN", "ISO_A2": "SN", "ISO_A2_other": "GN", "country_ini_lat": 14.36776971136022, "country_ini_lon": -14.471286973615943, "lat_linestring": 12.401212274821525, "lon_linestring": -12.707167788708521 }, "geometry": { "type": "LineString", "coordinates": [ [ -14.471286973615943, 14.36776971136022 ], [ -10.943048603801097, 10.43465483828283 ] ] } },
{ "type": "Feature", "properties": { "z": "Senegal", "z_other": "GuineaBissau", "c": "Senegal", "c2": "GuineaBissau", "ISO_A3": "SEN", "ISO_A3_other": "GNB", "ISO_A2": "SN", "ISO_A2_other": "GW", "country_ini_lat": 14.36776971136022, "country_ini_lon": -14.471286973615943, "lat_linestring": 13.197343370284877, "lon_linestring": -14.724407129542568 }, "geometry": { "type": "LineString", "coordinates": [ [ -14.471286973615943, 14.36776971136022 ], [ -14.977527285469193, 12.026917029209532 ] ] } },
{ "type": "Feature", "properties": { "z": "Senegal", "z_other": "IvoryCoast", "c": "Senegal", "c2": "IvoryCoast", "ISO_A3": "SEN", "ISO_A3_other": "CIV", "ISO_A2": "SN", "ISO_A2_other": "CI", "country_ini_lat": 14.36776971136022, "country_ini_lon": -14.471286973615943, "lat_linestring": 10.997880755430863, "lon_linestring": -10.020139088035378 }, "geometry": { "type": "LineString", "coordinates": [ [ -14.471286973615943, 14.36776971136022 ], [ -5.568991202454812, 7.627991799501506 ] ] } },
{ "type": "Feature", "properties": { "z": "Senegal", "z_other": "Liberia", "c": "Senegal", "c2": "Liberia", "ISO_A3": "SEN", "ISO_A3_other": "LBR", "ISO_A2": "SN", "ISO_A2_other": "LR", "country_ini_lat": 14.36776971136022, "country_ini_lon": -14.471286973615943, "lat_linestring": 10.410017137489884, "lon_linestring": -11.89557601988647 }, "geometry": { "type": "LineString", "coordinates": [ [ -14.471286973615943, 14.36776971136022 ], [ -9.319865066156995, 6.452264563619549 ] ] } },
{ "type": "Feature", "properties": { "z": "Senegal", "z_other": "Mali", "c": "Senegal", "c2": "Mali", "ISO_A3": "SEN", "ISO_A3_other": "MLI", "ISO_A2": "SN", "ISO_A2_other": "ML", "country_ini_lat": 14.36776971136022, "country_ini_lon": -14.471286973615943, "lat_linestring": 15.856003298829858, "lon_linestring": -9.0052008164120192 }, "geometry": { "type": "LineString", "coordinates": [ [ -14.471286973615943, 14.36776971136022 ], [ -3.539114659208097, 17.344236886299495 ] ] } },
{ "type": "Feature", "properties": { "z": "Senegal", "z_other": "Niger", "c": "Senegal", "c2": "Niger", "ISO_A3": "SEN", "ISO_A3_other": "NER", "ISO_A2": "SN", "ISO_A2_other": "NE", "country_ini_lat": 14.36776971136022, "country_ini_lon": -14.471286973615943, "lat_linestring": 15.893094604156293, "lon_linestring": -2.5426205987169945 }, "geometry": { "type": "LineString", "coordinates": [ [ -14.471286973615943, 14.36776971136022 ], [ 9.386045776181954, 17.418419496952367 ] ] } },
{ "type": "Feature", "properties": { "z": "Senegal", "z_other": "Nigeria", "c": "Senegal", "c2": "Nigeria", "ISO_A3": "SEN", "ISO_A3_other": "NGA", "ISO_A2": "SN", "ISO_A2_other": "NG", "country_ini_lat": 14.36776971136022, "country_ini_lon": -14.471286973615943, "lat_linestring": 11.981557159149714, "lon_linestring": -3.1900249577534585 }, "geometry": { "type": "LineString", "coordinates": [ [ -14.471286973615943, 14.36776971136022 ], [ 8.091237058109025, 9.595344606939204 ] ] } },
{ "type": "Feature", "properties": { "z": "Senegal", "z_other": "SierraLeone", "c": "Senegal", "c2": "SierraLeone", "ISO_A3": "SEN", "ISO_A3_other": "SLE", "ISO_A2": "SN", "ISO_A2_other": "SL", "country_ini_lat": 14.36776971136022, "country_ini_lon": -14.471286973615943, "lat_linestring": 11.465448933949299, "lon_linestring": -13.133153763679553 }, "geometry": { "type": "LineString", "coordinates": [ [ -14.471286973615943, 14.36776971136022 ], [ -11.795020553743168, 8.563128156538378 ] ] } },
{ "type": "Feature", "properties": { "z": "Senegal", "z_other": "Togo", "c": "Senegal", "c2": "Togo", "ISO_A3": "SEN", "ISO_A3_other": "TGO", "ISO_A2": "SN", "ISO_A2_other": "TG", "country_ini_lat": 14.36776971136022, "country_ini_lon": -14.471286973615943, "lat_linestring": 11.447289983404595, "lon_linestring": -6.7545046318826909 }, "geometry": { "type": "LineString", "coordinates": [ [ -14.471286973615943, 14.36776971136022 ], [ 0.962277709850561, 8.526810255448972 ] ] } },
{ "type": "Feature", "properties": { "z": "Senegal", "z_other": "Mauritania_grid", "c": "Senegal", "c2": "Mauritania", "ISO_A3": "SEN", "ISO_A3_other": "MRT", "ISO_A2": "SN", "ISO_A2_other": "MR", "country_ini_lat": 14.36776971136022, "country_ini_lon": -14.471286973615943, "lat_linestring": 17.531645851512611, "lon_linestring": -12.748677554213153 }, "geometry": { "type": "LineString", "coordinates": [ [ -14.471286973615943, 14.36776971136022 ], [ -11.026068134810361, 20.695521991665004 ] ] } },
{ "type": "Feature", "properties": { "z": "Senegal", "z_other": "Mauritania_Nema", "c": "Senegal", "c2": "Mauritania", "ISO_A3": "SEN", "ISO_A3_other": "MRT", "ISO_A2": "SN", "ISO_A2_other": "MR", "country_ini_lat": 14.36776971136022, "country_ini_lon": -14.471286973615943, "lat_linestring": 16.262610780508798, "lon_linestring": -10.776943873945072 }, "geometry": { "type": "LineString", "coordinates": [ [ -14.471286973615943, 14.36776971136022 ], [ -7.0826007742742, 18.157451849657377 ] ] } },
{ "type": "Feature", "properties": { "z": "SierraLeone", "z_other": "Benin", "c": "SierraLeone", "c2": "Benin", "ISO_A3": "SLE", "ISO_A3_other": "BEN", "ISO_A2": "SL", "ISO_A2_other": "BJ", "country_ini_lat": 8.5631281565383777, "country_ini_lon": -11.795020553743168, "lat_linestring": 9.1021839028987603, "lon_linestring": -4.7331484919953644 }, "geometry": { "type": "LineString", "coordinates": [ [ -11.795020553743168, 8.563128156538378 ], [ 2.32872356975244, 9.641239649259143 ] ] } },
{ "type": "Feature", "properties": { "z": "SierraLeone", "z_other": "Burkina", "c": "SierraLeone", "c2": "Burkina", "ISO_A3": "SLE", "ISO_A3_other": "BFA", "ISO_A2": "SL", "ISO_A2_other": "BF", "country_ini_lat": 8.5631281565383777, "country_ini_lon": -11.795020553743168, "lat_linestring": 10.416338415308759, "lon_linestring": -6.7752725483603093 }, "geometry": { "type": "LineString", "coordinates": [ [ -11.795020553743168, 8.563128156538378 ], [ -1.755524542977448, 12.269548674079141 ] ] } },
{ "type": "Feature", "properties": { "z": "SierraLeone", "z_other": "Gambia", "c": "SierraLeone", "c2": "Gambia", "ISO_A3": "SLE", "ISO_A3_other": "GMB", "ISO_A2": "SL", "ISO_A2_other": "GM", "country_ini_lat": 8.5631281565383777, "country_ini_lon": -11.795020553743168, "lat_linestring": 11.006424841643634, "lon_linestring": -13.596315711207012 }, "geometry": { "type": "LineString", "coordinates": [ [ -11.795020553743168, 8.563128156538378 ], [ -15.397610868670855, 13.44972152674889 ] ] } },
{ "type": "Feature", "properties": { "z": "SierraLeone", "z_other": "Ghana", "c": "SierraLeone", "c2": "Ghana", "ISO_A3": "SLE", "ISO_A3_other": "GHA", "ISO_A2": "SL", "ISO_A2_other": "GH", "country_ini_lat": 8.5631281565383777, "country_ini_lon": -11.795020553743168, "lat_linestring": 8.2585476281460437, "lon_linestring": -6.5057671941577793 }, "geometry": { "type": "LineString", "coordinates": [ [ -11.795020553743168, 8.563128156538378 ], [ -1.21651383457239, 7.95396709975371 ] ] } },
{ "type": "Feature", "properties": { "z": "SierraLeone", "z_other": "Guinea", "c": "SierraLeone", "c2": "Guinea", "ISO_A3": "SLE", "ISO_A3_other": "GIN", "ISO_A2": "SL", "ISO_A2_other": "GN", "country_ini_lat": 8.5631281565383777, "country_ini_lon": -11.795020553743168, "lat_linestring": 9.4988914974106038, "lon_linestring": -11.369034578772133 }, "geometry": { "type": "LineString", "coordinates": [ [ -11.795020553743168, 8.563128156538378 ], [ -10.943048603801097, 10.43465483828283 ] ] } },
{ "type": "Feature", "properties": { "z": "SierraLeone", "z_other": "GuineaBissau", "c": "SierraLeone", "c2": "GuineaBissau", "ISO_A3": "SLE", "ISO_A3_other": "GNB", "ISO_A2": "SL", "ISO_A2_other": "GW", "country_ini_lat": 8.5631281565383777, "country_ini_lon": -11.795020553743168, "lat_linestring": 10.295022592873956, "lon_linestring": -13.386273919606181 }, "geometry": { "type": "LineString", "coordinates": [ [ -11.795020553743168, 8.563128156538378 ], [ -14.977527285469193, 12.026917029209532 ] ] } },
{ "type": "Feature", "properties": { "z": "SierraLeone", "z_other": "IvoryCoast", "c": "SierraLeone", "c2": "IvoryCoast", "ISO_A3": "SLE", "ISO_A3_other": "CIV", "ISO_A2": "SL", "ISO_A2_other": "CI", "country_ini_lat": 8.5631281565383777, "country_ini_lon": -11.795020553743168, "lat_linestring": 8.0955599780199421, "lon_linestring": -8.682005878098991 }, "geometry": { "type": "LineString", "coordinates": [ [ -11.795020553743168, 8.563128156538378 ], [ -5.568991202454812, 7.627991799501506 ] ] } },
{ "type": "Feature", "properties": { "z": "SierraLeone", "z_other": "Liberia", "c": "SierraLeone", "c2": "Liberia", "ISO_A3": "SLE", "ISO_A3_other": "LBR", "ISO_A2": "SL", "ISO_A2_other": "LR", "country_ini_lat": 8.5631281565383777, "country_ini_lon": -11.795020553743168, "lat_linestring": 7.5076963600789632, "lon_linestring": -10.557442809950082 }, "geometry": { "type": "LineString", "coordinates": [ [ -11.795020553743168, 8.563128156538378 ], [ -9.319865066156995, 6.452264563619549 ] ] } },
{ "type": "Feature", "properties": { "z": "SierraLeone", "z_other": "Mali", "c": "SierraLeone", "c2": "Mali", "ISO_A3": "SLE", "ISO_A3_other": "MLI", "ISO_A2": "SL", "ISO_A2_other": "ML", "country_ini_lat": 8.5631281565383777, "country_ini_lon": -11.795020553743168, "lat_linestring": 12.953682521418937, "lon_linestring": -7.6670676064756327 }, "geometry": { "type": "LineString", "coordinates": [ [ -11.795020553743168, 8.563128156538378 ], [ -3.539114659208097, 17.344236886299495 ] ] } },
{ "type": "Feature", "properties": { "z": "SierraLeone", "z_other": "Niger", "c": "SierraLeone", "c2": "Niger", "ISO_A3": "SLE", "ISO_A3_other": "NER", "ISO_A2": "SL", "ISO_A2_other": "NE", "country_ini_lat": 8.5631281565383777, "country_ini_lon": -11.795020553743168, "lat_linestring": 12.990773826745372, "lon_linestring": -1.2044873887806071 }, "geometry": { "type": "LineString", "coordinates": [ [ -11.795020553743168, 8.563128156538378 ], [ 9.386045776181954, 17.418419496952367 ] ] } },
{ "type": "Feature", "properties": { "z": "SierraLeone", "z_other": "Nigeria", "c": "SierraLeone", "c2": "Nigeria", "ISO_A3": "SLE", "ISO_A3_other": "NGA", "ISO_A2": "SL", "ISO_A2_other": "NG", "country_ini_lat": 8.5631281565383777, "country_ini_lon": -11.795020553743168, "lat_linestring": 9.0792363817387916, "lon_linestring": -1.8518917478170716 }, "geometry": { "type": "LineString", "coordinates": [ [ -11.795020553743168, 8.563128156538378 ], [ 8.091237058109025, 9.595344606939204 ] ] } },
{ "type": "Feature", "properties": { "z": "SierraLeone", "z_other": "Senegal", "c": "SierraLeone", "c2": "Senegal", "ISO_A3": "SLE", "ISO_A3_other": "SEN", "ISO_A2": "SL", "ISO_A2_other": "SN", "country_ini_lat": 8.5631281565383777, "country_ini_lon": -11.795020553743168, "lat_linestring": 11.465448933949299, "lon_linestring": -13.133153763679553 }, "geometry": { "type": "LineString", "coordinates": [ [ -11.795020553743168, 8.563128156538378 ], [ -14.471286973615943, 14.36776971136022 ] ] } },
{ "type": "Feature", "properties": { "z": "SierraLeone", "z_other": "Togo", "c": "SierraLeone", "c2": "Togo", "ISO_A3": "SLE", "ISO_A3_other": "TGO", "ISO_A2": "SL", "ISO_A2_other": "TG", "country_ini_lat": 8.5631281565383777, "country_ini_lon": -11.795020553743168, "lat_linestring": 8.5449692059936737, "lon_linestring": -5.4163714219463035 }, "geometry": { "type": "LineString", "coordinates": [ [ -11.795020553743168, 8.563128156538378 ], [ 0.962277709850561, 8.526810255448972 ] ] } },
{ "type": "Feature", "properties": { "z": "SierraLeone", "z_other": "Mauritania_grid", "c": "SierraLeone", "c2": "Mauritania", "ISO_A3": "SLE", "ISO_A3_other": "MRT", "ISO_A2": "SL", "ISO_A2_other": "MR", "country_ini_lat": 8.5631281565383777, "country_ini_lon": -11.795020553743168, "lat_linestring": 14.62932507410169, "lon_linestring": -11.410544344276765 }, "geometry": { "type": "LineString", "coordinates": [ [ -11.795020553743168, 8.563128156538378 ], [ -11.026068134810361, 20.695521991665004 ] ] } },
{ "type": "Feature", "properties": { "z": "SierraLeone", "z_other": "Mauritania_Nema", "c": "SierraLeone", "c2": "Mauritania", "ISO_A3": "SLE", "ISO_A3_other": "MRT", "ISO_A2": "SL", "ISO_A2_other": "MR", "country_ini_lat": 8.5631281565383777, "country_ini_lon": -11.795020553743168, "lat_linestring": 13.360290003097877, "lon_linestring": -9.4388106640086846 }, "geometry": { "type": "LineString", "coordinates": [ [ -11.795020553743168, 8.563128156538378 ], [ -7.0826007742742, 18.157451849657377 ] ] } },
{ "type": "Feature", "properties": { "z": "Togo", "z_other": "Benin", "c": "Togo", "c2": "Benin", "ISO_A3": "TGO", "ISO_A3_other": "BEN", "ISO_A2": "TG", "ISO_A2_other": "BJ", "country_ini_lat": 8.5268102554489715, "country_ini_lon": 0.96227770985056116, "lat_linestring": 9.0840249523540564, "lon_linestring": 1.6455006398015006 }, "geometry": { "type": "LineString", "coordinates": [ [ 0.962277709850561, 8.526810255448972 ], [ 2.32872356975244, 9.641239649259143 ] ] } },
{ "type": "Feature", "properties": { "z": "Togo", "z_other": "Burkina", "c": "Togo", "c2": "Burkina", "ISO_A3": "TGO", "ISO_A3_other": "BFA", "ISO_A2": "TG", "ISO_A2_other": "BF", "country_ini_lat": 8.5268102554489715, "country_ini_lon": 0.96227770985056116, "lat_linestring": 10.398179464764056, "lon_linestring": -0.39662341656344363 }, "geometry": { "type": "LineString", "coordinates": [ [ 0.962277709850561, 8.526810255448972 ], [ -1.755524542977448, 12.269548674079141 ] ] } },
{ "type": "Feature", "properties": { "z": "Togo", "z_other": "Gambia", "c": "Togo", "c2": "Gambia", "ISO_A3": "TGO", "ISO_A3_other": "GMB", "ISO_A2": "TG", "ISO_A2_other": "GM", "country_ini_lat": 8.5268102554489715, "country_ini_lon": 0.96227770985056116, "lat_linestring": 10.98826589109893, "lon_linestring": -7.2176665794101469 }, "geometry": { "type": "LineString", "coordinates": [ [ 0.962277709850561, 8.526810255448972 ], [ -15.397610868670855, 13.44972152674889 ] ] } },
{ "type": "Feature", "properties": { "z": "Togo", "z_other": "Ghana", "c": "Togo", "c2": "Ghana", "ISO_A3": "TGO", "ISO_A3_other": "GHA", "ISO_A2": "TG", "ISO_A2_other": "GH", "country_ini_lat": 8.5268102554489715, "country_ini_lon": 0.96227770985056116, "lat_linestring": 8.2403886776013415, "lon_linestring": -0.12711806236091455 }, "geometry": { "type": "LineString", "coordinates": [ [ 0.962277709850561, 8.526810255448972 ], [ -1.21651383457239, 7.95396709975371 ] ] } },
{ "type": "Feature", "properties": { "z": "Togo", "z_other": "Guinea", "c": "Togo", "c2": "Guinea", "ISO_A3": "TGO", "ISO_A3_other": "GIN", "ISO_A2": "TG", "ISO_A2_other": "GN", "country_ini_lat": 8.5268102554489715, "country_ini_lon": 0.96227770985056116, "lat_linestring": 9.4807325468659016, "lon_linestring": -4.9903854469752682 }, "geometry": { "type": "LineString", "coordinates": [ [ 0.962277709850561, 8.526810255448972 ], [ -10.943048603801097, 10.43465483828283 ] ] } },
{ "type": "Feature", "properties": { "z": "Togo", "z_other": "GuineaBissau", "c": "Togo", "c2": "GuineaBissau", "ISO_A3": "TGO", "ISO_A3_other": "GNB", "ISO_A2": "TG", "ISO_A2_other": "GW", "country_ini_lat": 8.5268102554489715, "country_ini_lon": 0.96227770985056116, "lat_linestring": 10.276863642329252, "lon_linestring": -7.0076247878093163 }, "geometry": { "type": "LineString", "coordinates": [ [ 0.962277709850561, 8.526810255448972 ], [ -14.977527285469193, 12.026917029209532 ] ] } },
{ "type": "Feature", "properties": { "z": "Togo", "z_other": "IvoryCoast", "c": "Togo", "c2": "IvoryCoast", "ISO_A3": "TGO", "ISO_A3_other": "CIV", "ISO_A2": "TG", "ISO_A2_other": "CI", "country_ini_lat": 8.5268102554489715, "country_ini_lon": 0.96227770985056116, "lat_linestring": 8.0774010274752381, "lon_linestring": -2.3033567463021258 }, "geometry": { "type": "LineString", "coordinates": [ [ 0.962277709850561, 8.526810255448972 ], [ -5.568991202454812, 7.627991799501506 ] ] } },
{ "type": "Feature", "properties": { "z": "Togo", "z_other": "Liberia", "c": "Togo", "c2": "Liberia", "ISO_A3": "TGO", "ISO_A3_other": "LBR", "ISO_A2": "TG", "ISO_A2_other": "LR", "country_ini_lat": 8.5268102554489715, "country_ini_lon": 0.96227770985056116, "lat_linestring": 7.4895374095342593, "lon_linestring": -4.1787936781532169 }, "geometry": { "type": "LineString", "coordinates": [ [ 0.962277709850561, 8.526810255448972 ], [ -9.319865066156995, 6.452264563619549 ] ] } },
{ "type": "Feature", "properties": { "z": "Togo", "z_other": "Mali", "c": "Togo", "c2": "Mali", "ISO_A3": "TGO", "ISO_A3_other": "MLI", "ISO_A2": "TG", "ISO_A2_other": "ML", "country_ini_lat": 8.5268102554489715, "country_ini_lon": 0.96227770985056116, "lat_linestring": 12.935523570874235, "lon_linestring": -1.2884184746787679 }, "geometry": { "type": "LineString", "coordinates": [ [ 0.962277709850561, 8.526810255448972 ], [ -3.539114659208097, 17.344236886299495 ] ] } },
{ "type": "Feature", "properties": { "z": "Togo", "z_other": "Niger", "c": "Togo", "c2": "Niger", "ISO_A3": "TGO", "ISO_A3_other": "NER", "ISO_A2": "TG", "ISO_A2_other": "NE", "country_ini_lat": 8.5268102554489715, "country_ini_lon": 0.96227770985056116, "lat_linestring": 12.972614876200669, "lon_linestring": 5.1741617430162572 }, "geometry": { "type": "LineString", "coordinates": [ [ 0.962277709850561, 8.526810255448972 ], [ 9.386045776181954, 17.418419496952367 ] ] } },
{ "type": "Feature", "properties": { "z": "Togo", "z_other": "Nigeria", "c": "Togo", "c2": "Nigeria", "ISO_A3": "TGO", "ISO_A3_other": "NGA", "ISO_A2": "TG", "ISO_A2_other": "NG", "country_ini_lat": 8.5268102554489715, "country_ini_lon": 0.96227770985056116, "lat_linestring": 9.0610774311940876, "lon_linestring": 4.5267573839797928 }, "geometry": { "type": "LineString", "coordinates": [ [ 0.962277709850561, 8.526810255448972 ], [ 8.091237058109025, 9.595344606939204 ] ] } },
{ "type": "Feature", "properties": { "z": "Togo", "z_other": "Senegal", "c": "Togo", "c2": "Senegal", "ISO_A3": "TGO", "ISO_A3_other": "SEN", "ISO_A2": "TG", "ISO_A2_other": "SN", "country_ini_lat": 8.5268102554489715, "country_ini_lon": 0.96227770985056116, "lat_linestring": 11.447289983404595, "lon_linestring": -6.7545046318826909 }, "geometry": { "type": "LineString", "coordinates": [ [ 0.962277709850561, 8.526810255448972 ], [ -14.471286973615943, 14.36776971136022 ] ] } },
{ "type": "Feature", "properties": { "z": "Togo", "z_other": "SierraLeone", "c": "Togo", "c2": "SierraLeone", "ISO_A3": "TGO", "ISO_A3_other": "SLE", "ISO_A2": "TG", "ISO_A2_other": "SL", "country_ini_lat": 8.5268102554489715, "country_ini_lon": 0.96227770985056116, "lat_linestring": 8.5449692059936737, "lon_linestring": -5.4163714219463035 }, "geometry": { "type": "LineString", "coordinates": [ [ 0.962277709850561, 8.526810255448972 ], [ -11.795020553743168, 8.563128156538378 ] ] } },
{ "type": "Feature", "properties": { "z": "Togo", "z_other": "Mauritania_grid", "c": "Togo", "c2": "Mauritania", "ISO_A3": "TGO", "ISO_A3_other": "MRT", "ISO_A2": "TG", "ISO_A2_other": "MR", "country_ini_lat": 8.5268102554489715, "country_ini_lon": 0.96227770985056116, "lat_linestring": 14.611166123556988, "lon_linestring": -5.0318952124798999 }, "geometry": { "type": "LineString", "coordinates": [ [ 0.962277709850561, 8.526810255448972 ], [ -11.026068134810361, 20.695521991665004 ] ] } },
{ "type": "Feature", "properties": { "z": "Togo", "z_other": "Mauritania_Nema", "c": "Togo", "c2": "Mauritania", "ISO_A3": "TGO", "ISO_A3_other": "MRT", "ISO_A2": "TG", "ISO_A2_other": "MR", "country_ini_lat": 8.5268102554489715, "country_ini_lon": 0.96227770985056116, "lat_linestring": 13.342131052553174, "lon_linestring": -3.0601615322118194 }, "geometry": { "type": "LineString", "coordinates": [ [ 0.962277709850561, 8.526810255448972 ], [ -7.0826007742742, 18.157451849657377 ] ] } },
{ "type": "Feature", "properties": { "z": "Mauritania_grid", "z_other": "Benin", "c": "Mauritania", "c2": "Benin", "ISO_A3": "MRT", "ISO_A3_other": "BEN", "ISO_A2": "MR", "ISO_A2_other": "BJ", "country_ini_lat": 20.695521991665004, "country_ini_lon": -11.026068134810361, "lat_linestring": 15.168380820462074, "lon_linestring": -4.3486722825289599 }, "geometry": { "type": "LineString", "coordinates": [ [ -11.026068134810361, 20.695521991665004 ], [ 2.32872356975244, 9.641239649259143 ] ] } },
{ "type": "Feature", "properties": { "z": "Mauritania_grid", "z_other": "Burkina", "c": "Mauritania", "c2": "Burkina", "ISO_A3": "MRT", "ISO_A3_other": "BFA", "ISO_A2": "MR", "ISO_A2_other": "BF", "country_ini_lat": 20.695521991665004, "country_ini_lon": -11.026068134810361, "lat_linestring": 16.482535332872072, "lon_linestring": -6.3907963388939049 }, "geometry": { "type": "LineString", "coordinates": [ [ -11.026068134810361, 20.695521991665004 ], [ -1.755524542977448, 12.269548674079141 ] ] } },
{ "type": "Feature", "properties": { "z": "Mauritania_grid", "z_other": "Gambia", "c": "Mauritania", "c2": "Gambia", "ISO_A3": "MRT", "ISO_A3_other": "GMB", "ISO_A2": "MR", "ISO_A2_other": "GM", "country_ini_lat": 20.695521991665004, "country_ini_lon": -11.026068134810361, "lat_linestring": 17.072621759206946, "lon_linestring": -13.211839501740608 }, "geometry": { "type": "LineString", "coordinates": [ [ -11.026068134810361, 20.695521991665004 ], [ -15.397610868670855, 13.44972152674889 ] ] } },
{ "type": "Feature", "properties": { "z": "Mauritania_grid", "z_other": "Ghana", "c": "Mauritania", "c2": "Ghana", "ISO_A3": "MRT", "ISO_A3_other": "GHA", "ISO_A2": "MR", "ISO_A2_other": "GH", "country_ini_lat": 20.695521991665004, "country_ini_lon": -11.026068134810361, "lat_linestring": 14.324744545709358, "lon_linestring": -6.1212909846913757 }, "geometry": { "type": "LineString", "coordinates": [ [ -11.026068134810361, 20.695521991665004 ], [ -1.21651383457239, 7.95396709975371 ] ] } },
{ "type": "Feature", "properties": { "z": "Mauritania_grid", "z_other": "Guinea", "c": "Mauritania", "c2": "Guinea", "ISO_A3": "MRT", "ISO_A3_other": "GIN", "ISO_A2": "MR", "ISO_A2_other": "GN", "country_ini_lat": 20.695521991665004, "country_ini_lon": -11.026068134810361, "lat_linestring": 15.565088414973918, "lon_linestring": -10.984558369305729 }, "geometry": { "type": "LineString", "coordinates": [ [ -11.026068134810361, 20.695521991665004 ], [ -10.943048603801097, 10.43465483828283 ] ] } },
{ "type": "Feature", "properties": { "z": "Mauritania_grid", "z_other": "GuineaBissau", "c": "Mauritania", "c2": "GuineaBissau", "ISO_A3": "MRT", "ISO_A3_other": "GNB", "ISO_A2": "MR", "ISO_A2_other": "GW", "country_ini_lat": 20.695521991665004, "country_ini_lon": -11.026068134810361, "lat_linestring": 16.361219510437266, "lon_linestring": -13.001797710139776 }, "geometry": { "type": "LineString", "coordinates": [ [ -11.026068134810361, 20.695521991665004 ], [ -14.977527285469193, 12.026917029209532 ] ] } },
{ "type": "Feature", "properties": { "z": "Mauritania_grid", "z_other": "IvoryCoast", "c": "Mauritania", "c2": "IvoryCoast", "ISO_A3": "MRT", "ISO_A3_other": "CIV", "ISO_A2": "MR", "ISO_A2_other": "CI", "country_ini_lat": 20.695521991665004, "country_ini_lon": -11.026068134810361, "lat_linestring": 14.161756895583254, "lon_linestring": -8.2975296686325866 }, "geometry": { "type": "LineString", "coordinates": [ [ -11.026068134810361, 20.695521991665004 ], [ -5.568991202454812, 7.627991799501506 ] ] } },
{ "type": "Feature", "properties": { "z": "Mauritania_grid", "z_other": "Liberia", "c": "Mauritania", "c2": "Liberia", "ISO_A3": "MRT", "ISO_A3_other": "LBR", "ISO_A2": "MR", "ISO_A2_other": "LR", "country_ini_lat": 20.695521991665004, "country_ini_lon": -11.026068134810361, "lat_linestring": 13.573893277642277, "lon_linestring": -10.172966600483678 }, "geometry": { "type": "LineString", "coordinates": [ [ -11.026068134810361, 20.695521991665004 ], [ -9.319865066156995, 6.452264563619549 ] ] } },
{ "type": "Feature", "properties": { "z": "Mauritania_grid", "z_other": "Mali", "c": "Mauritania", "c2": "Mali", "ISO_A3": "MRT", "ISO_A3_other": "MLI", "ISO_A2": "MR", "ISO_A2_other": "ML", "country_ini_lat": 20.695521991665004, "country_ini_lon": -11.026068134810361, "lat_linestring": 19.019879438982251, "lon_linestring": -7.2825913970092291 }, "geometry": { "type": "LineString", "coordinates": [ [ -11.026068134810361, 20.695521991665004 ], [ -3.539114659208097, 17.344236886299495 ] ] } },
{ "type": "Feature", "properties": { "z": "Mauritania_grid", "z_other": "Niger", "c": "Mauritania", "c2": "Niger", "ISO_A3": "MRT", "ISO_A3_other": "NER", "ISO_A2": "MR", "ISO_A2_other": "NE", "country_ini_lat": 20.695521991665004, "country_ini_lon": -11.026068134810361, "lat_linestring": 19.056970744308686, "lon_linestring": -0.82001117931420353 }, "geometry": { "type": "LineString", "coordinates": [ [ -11.026068134810361, 20.695521991665004 ], [ 9.386045776181954, 17.418419496952367 ] ] } },
{ "type": "Feature", "properties": { "z": "Mauritania_grid", "z_other": "Nigeria", "c": "Mauritania", "c2": "Nigeria", "ISO_A3": "MRT", "ISO_A3_other": "NGA", "ISO_A2": "MR", "ISO_A2_other": "NG", "country_ini_lat": 20.695521991665004, "country_ini_lon": -11.026068134810361, "lat_linestring": 15.145433299302104, "lon_linestring": -1.4674155383506677 }, "geometry": { "type": "LineString", "coordinates": [ [ -11.026068134810361, 20.695521991665004 ], [ 8.091237058109025, 9.595344606939204 ] ] } },
{ "type": "Feature", "properties": { "z": "Mauritania_grid", "z_other": "Senegal", "c": "Mauritania", "c2": "Senegal", "ISO_A3": "MRT", "ISO_A3_other": "SEN", "ISO_A2": "MR", "ISO_A2_other": "SN", "country_ini_lat": 20.695521991665004, "country_ini_lon": -11.026068134810361, "lat_linestring": 17.531645851512611, "lon_linestring": -12.748677554213153 }, "geometry": { "type": "LineString", "coordinates": [ [ -11.026068134810361, 20.695521991665004 ], [ -14.471286973615943, 14.36776971136022 ] ] } },
{ "type": "Feature", "properties": { "z": "Mauritania_grid", "z_other": "SierraLeone", "c": "Mauritania", "c2": "SierraLeone", "ISO_A3": "MRT", "ISO_A3_other": "SLE", "ISO_A2": "MR", "ISO_A2_other": "SL", "country_ini_lat": 20.695521991665004, "country_ini_lon": -11.026068134810361, "lat_linestring": 14.62932507410169, "lon_linestring": -11.410544344276765 }, "geometry": { "type": "LineString", "coordinates": [ [ -11.026068134810361, 20.695521991665004 ], [ -11.795020553743168, 8.563128156538378 ] ] } },
{ "type": "Feature", "properties": { "z": "Mauritania_grid", "z_other": "Togo", "c": "Mauritania", "c2": "Togo", "ISO_A3": "MRT", "ISO_A3_other": "TGO", "ISO_A2": "MR", "ISO_A2_other": "TG", "country_ini_lat": 20.695521991665004, "country_ini_lon": -11.026068134810361, "lat_linestring": 14.611166123556988, "lon_linestring": -5.0318952124798999 }, "geometry": { "type": "LineString", "coordinates": [ [ -11.026068134810361, 20.695521991665004 ], [ 0.962277709850561, 8.526810255448972 ] ] } },
{ "type": "Feature", "properties": { "z": "Mauritania_grid", "z_other": "Mauritania_Nema", "c": "Mauritania", "c2": "Mauritania", "ISO_A3": "MRT", "ISO_A3_other": "MRT", "ISO_A2": "MR", "ISO_A2_other": "MR", "country_ini_lat": 20.695521991665004, "country_ini_lon": -11.026068134810361, "lat_linestring": 19.426486920661191, "lon_linestring": -9.0543344545422801 }, "geometry": { "type": "LineString", "coordinates": [ [ -11.026068134810361, 20.695521991665004 ], [ -7.0826007742742, 18.157451849657377 ] ] } },
{ "type": "Feature", "properties": { "z": "Mauritania_Nema", "z_other": "Benin", "c": "Mauritania", "c2": "Benin", "ISO_A3": "MRT", "ISO_A3_other": "BEN", "ISO_A2": "MR", "ISO_A2_other": "BJ", "country_ini_lat": 18.157451849657377, "country_ini_lon": -7.0826007742741997, "lat_linestring": 13.899345749458259, "lon_linestring": -2.3769386022608794 }, "geometry": { "type": "LineString", "coordinates": [ [ -7.0826007742742, 18.157451849657377 ], [ 2.32872356975244, 9.641239649259143 ] ] } },
{ "type": "Feature", "properties": { "z": "Mauritania_Nema", "z_other": "Burkina", "c": "Mauritania", "c2": "Burkina", "ISO_A3": "MRT", "ISO_A3_other": "BFA", "ISO_A2": "MR", "ISO_A2_other": "BF", "country_ini_lat": 18.157451849657377, "country_ini_lon": -7.0826007742741997, "lat_linestring": 15.213500261868258, "lon_linestring": -4.4190626586258244 }, "geometry": { "type": "LineString", "coordinates": [ [ -7.0826007742742, 18.157451849657377 ], [ -1.755524542977448, 12.269548674079141 ] ] } },
{ "type": "Feature", "properties": { "z": "Mauritania_Nema", "z_other": "Gambia", "c": "Mauritania", "c2": "Gambia", "ISO_A3": "MRT", "ISO_A3_other": "GMB", "ISO_A2": "MR", "ISO_A2_other": "GM", "country_ini_lat": 18.157451849657377, "country_ini_lon": -7.0826007742741997, "lat_linestring": 15.803586688203131, "lon_linestring": -11.240105821472527 }, "geometry": { "type": "LineString", "coordinates": [ [ -7.0826007742742, 18.157451849657377 ], [ -15.397610868670855, 13.44972152674889 ] ] } },
{ "type": "Feature", "properties": { "z": "Mauritania_Nema", "z_other": "Ghana", "c": "Mauritania", "c2": "Ghana", "ISO_A3": "MRT", "ISO_A3_other": "GHA", "ISO_A2": "MR", "ISO_A2_other": "GH", "country_ini_lat": 18.157451849657377, "country_ini_lon": -7.0826007742741997, "lat_linestring": 13.055709474705546, "lon_linestring": -4.1495573044232952 }, "geometry": { "type": "LineString", "coordinates": [ [ -7.0826007742742, 18.157451849657377 ], [ -1.21651383457239, 7.95396709975371 ] ] } },
{ "type": "Feature", "properties": { "z": "Mauritania_Nema", "z_other": "Guinea", "c": "Mauritania", "c2": "Guinea", "ISO_A3": "MRT", "ISO_A3_other": "GIN", "ISO_A2": "MR", "ISO_A2_other": "GN", "country_ini_lat": 18.157451849657377, "country_ini_lon": -7.0826007742741997, "lat_linestring": 14.296053343970105, "lon_linestring": -9.0128246890376484 }, "geometry": { "type": "LineString", "coordinates": [ [ -7.0826007742742, 18.157451849657377 ], [ -10.943048603801097, 10.43465483828283 ] ] } },
{ "type": "Feature", "properties": { "z": "Mauritania_Nema", "z_other": "GuineaBissau", "c": "Mauritania", "c2": "GuineaBissau", "ISO_A3": "MRT", "ISO_A3_other": "GNB", "ISO_A2": "MR", "ISO_A2_other": "GW", "country_ini_lat": 18.157451849657377, "country_ini_lon": -7.0826007742741997, "lat_linestring": 15.092184439433456, "lon_linestring": -11.030064029871696 }, "geometry": { "type": "LineString", "coordinates": [ [ -7.0826007742742, 18.157451849657377 ], [ -14.977527285469193, 12.026917029209532 ] ] } },
{ "type": "Feature", "properties": { "z": "Mauritania_Nema", "z_other": "IvoryCoast", "c": "Mauritania", "c2": "IvoryCoast", "ISO_A3": "MRT", "ISO_A3_other": "CIV", "ISO_A2": "MR", "ISO_A2_other": "CI", "country_ini_lat": 18.157451849657377, "country_ini_lon": -7.0826007742741997, "lat_linestring": 12.892721824579441, "lon_linestring": -6.3257959883645061 }, "geometry": { "type": "LineString", "coordinates": [ [ -7.0826007742742, 18.157451849657377 ], [ -5.568991202454812, 7.627991799501506 ] ] } },
{ "type": "Feature", "properties": { "z": "Mauritania_Nema", "z_other": "Liberia", "c": "Mauritania", "c2": "Liberia", "ISO_A3": "MRT", "ISO_A3_other": "LBR", "ISO_A2": "MR", "ISO_A2_other": "LR", "country_ini_lat": 18.157451849657377, "country_ini_lon": -7.0826007742741997, "lat_linestring": 12.304858206638464, "lon_linestring": -8.2012329202155971 }, "geometry": { "type": "LineString", "coordinates": [ [ -7.0826007742742, 18.157451849657377 ], [ -9.319865066156995, 6.452264563619549 ] ] } },
{ "type": "Feature", "properties": { "z": "Mauritania_Nema", "z_other": "Mali", "c": "Mauritania", "c2": "Mali", "ISO_A3": "MRT", "ISO_A3_other": "MLI", "ISO_A2": "MR", "ISO_A2_other": "ML", "country_ini_lat": 18.157451849657377, "country_ini_lon": -7.0826007742741997, "lat_linestring": 17.750844367978438, "lon_linestring": -5.3108577167411486 }, "geometry": { "type": "LineString", "coordinates": [ [ -7.0826007742742, 18.157451849657377 ], [ -3.539114659208097, 17.344236886299495 ] ] } },
{ "type": "Feature", "properties": { "z": "Mauritania_Nema", "z_other": "Niger", "c": "Mauritania", "c2": "Niger", "ISO_A3": "MRT", "ISO_A3_other": "NER", "ISO_A2": "MR", "ISO_A2_other": "NE", "country_ini_lat": 18.157451849657377, "country_ini_lon": -7.0826007742741997, "lat_linestring": 17.787935673304872, "lon_linestring": 1.151722500953877 }, "geometry": { "type": "LineString", "coordinates": [ [ -7.0826007742742, 18.157451849657377 ], [ 9.386045776181954, 17.418419496952367 ] ] } },
{ "type": "Feature", "properties": { "z": "Mauritania_Nema", "z_other": "Nigeria", "c": "Mauritania", "c2": "Nigeria", "ISO_A3": "MRT", "ISO_A3_other": "NGA", "ISO_A2": "MR", "ISO_A2_other": "NG", "country_ini_lat": 18.157451849657377, "country_ini_lon": -7.0826007742741997, "lat_linestring": 13.876398228298291, "lon_linestring": 0.50431814191741253 }, "geometry": { "type": "LineString", "coordinates": [ [ -7.0826007742742, 18.157451849657377 ], [ 8.091237058109025, 9.595344606939204 ] ] } },
{ "type": "Feature", "properties": { "z": "Mauritania_Nema", "z_other": "Senegal", "c": "Mauritania", "c2": "Senegal", "ISO_A3": "MRT", "ISO_A3_other": "SEN", "ISO_A2": "MR", "ISO_A2_other": "SN", "country_ini_lat": 18.157451849657377, "country_ini_lon": -7.0826007742741997, "lat_linestring": 16.262610780508798, "lon_linestring": -10.776943873945072 }, "geometry": { "type": "LineString", "coordinates": [ [ -7.0826007742742, 18.157451849657377 ], [ -14.471286973615943, 14.36776971136022 ] ] } },
{ "type": "Feature", "properties": { "z": "Mauritania_Nema", "z_other": "SierraLeone", "c": "Mauritania", "c2": "SierraLeone", "ISO_A3": "MRT", "ISO_A3_other": "SLE", "ISO_A2": "MR", "ISO_A2_other": "SL", "country_ini_lat": 18.157451849657377, "country_ini_lon": -7.0826007742741997, "lat_linestring": 13.360290003097877, "lon_linestring": -9.4388106640086846 }, "geometry": { "type": "LineString", "coordinates": [ [ -7.0826007742742, 18.157451849657377 ], [ -11.795020553743168, 8.563128156538378 ] ] } },
{ "type": "Feature", "properties": { "z": "Mauritania_Nema", "z_other": "Togo", "c": "Mauritania", "c2": "Togo", "ISO_A3": "MRT", "ISO_A3_other": "TGO", "ISO_A2": "MR", "ISO_A2_other": "TG", "country_ini_lat": 18.157451849657377, "country_ini_lon": -7.0826007742741997, "lat_linestring": 13.342131052553174, "lon_linestring": -3.0601615322118194 }, "geometry": { "type": "LineString", "coordinates": [ [ -7.0826007742742, 18.157451849657377 ], [ 0.962277709850561, 8.526810255448972 ] ] } },
{ "type": "Feature", "properties": { "z": "Mauritania_Nema", "z_other": "Mauritania_grid", "c": "Mauritania", "c2": "Mauritania", "ISO_A3": "MRT", "ISO_A3_other": "MRT", "ISO_A2": "MR", "ISO_A2_other": "MR", "country_ini_lat": 18.157451849657377, "country_ini_lon": -7.0826007742741997, "lat_linestring": 19.426486920661191, "lon_linestring": -9.0543344545422801 }, "geometry": { "type": "LineString", "coordinates": [ [ -7.0826007742742, 18.157451849657377 ], [ -11.026068134810361, 20.695521991665004 ] ] } }
]
}
