Scenarios,Value
2014-38,0.4771760797342193
2011-38,0.42315614617940195
min,0.04983388704318937
max,0.04983388704318937
