Scenarios,Value
1997,0.4806976744186047
2014,0.42627906976744184
min,0.046511627906976744
max,0.046511627906976744
