{"type": "FeatureCollection", "name": "zones", "source": "World Bank Global Administrative Divisions (WB-GAD), ADM1", "license": "CC BY 4.0", "features": [{"type": "Feature", "properties": {"z": "CEN", "ISO_A3": "MEX", "c": "MEXICO"}, "geometry": {"type": "Polygon", "coordinates": [[[-99.0659, 18.3326], [-99.0314, 18.3649], [-99.0159, 18.3863], [-98.9875, 18.3996], [-98.974, 18.4171], [-98.9392, 18.422], [-98.9193, 18.432], [-98.9152, 18.4573], [-98.9109, 18.4621], [-98.8651, 18.4798], [-98.8494, 18.4798], [-98.8379, 18.4937], [-98.8403, 18.5128], [-98.8261, 18.5229], [-98.8105, 18.5192], [-98.7985, 18.4977], [-98.7796, 18.4804], [-98.763, 18.4763], [-98.7549, 18.4571], [-98.7379, 18.4534], [-98.7269, 18.4395], [-98.7067, 18.4451], [-98.7104, 18.4681], [-98.699, 18.495], [-98.7127, 18.518], [-98.7032, 18.5398], [-98.7167, 18.5659], [-98.7125, 18.5854], [-98.7193, 18.605], [-98.7167, 18.6253], [-98.721, 18.6577], [-98.7418, 18.7029], [-98.724, 18.7191], [-98.7186, 18.7366], [-98.7534, 18.7429], [-98.7474, 18.7584], [-98.7397, 18.7669], [-98.728, 18.8055], [-98.7082, 18.8213], [-98.6887, 18.8581], [-98.6721, 18.88], [-98.6633, 18.8983], [-98.6729, 18.9094], [-98.7029, 18.8897], [-98.6975, 18.8778], [-98.7135, 18.8672], [-98.7057, 18.8908], [-98.7074, 18.9029], [-98.6781, 18.9237], [-98.6736, 18.9517], [-98.6633, 18.9625], [-98.6503, 18.9981], [-98.6329, 19.0156], [-98.6199, 19.0351], [-98.6302, 19.0678], [-98.6393, 19.0774], [-98.627, 19.1248], [-98.6407, 19.1255], [-98.6362, 19.1536], [-98.647, 19.1848], [-98.6436, 19.2387], [-98.6275, 19.2578], [-98.6635, 19.3248], [-98.6605, 19.3513], [-98.6445, 19.352], [-98.6581, 19.3827], [-98.6564, 19.4221], [-98.6348, 19.4312], [-98.6615, 19.4581], [-98.6532, 19.466], [-98.6341, 19.4679], [-98.6294, 19.457], [-98.5913, 19.4492], [-98.5703, 19.4668], [-98.5415, 19.4608], [-98.5232, 19.4609], [-98.5083, 19.4269], [-98.4703, 19.3608], [-98.4549, 19.3455], [-98.4421, 19.3276], [-98.4269, 19.3271], [-98.4077, 19.3159], [-98.4102, 19.2917], [-98.3804, 19.2617], [-98.3689, 19.2261], [-98.3519, 19.219], [-98.3441, 19.2053], [-98.3307, 19.2002], [-98.3398, 19.1861], [-98.3238, 19.1688], [-98.3122, 19.1904], [-98.3063, 19.1887], [-98.2879, 19.1741], [-98.2622, 19.1608], [-98.2303, 19.1567], [-98.2245, 19.1379], [-98.208, 19.1327], [-98.1882, 19.1355], [-98.1972, 19.1275], [-98.1662, 19.1051], [-98.1475, 19.1144], [-98.1194, 19.1353], [-98.1003, 19.1634], [-98.0696, 19.1852], [-98.0593, 19.2012], [-98.0415, 19.2102], [-98.0317, 19.2309], [-97.992, 19.1958], [-97.9789, 19.1926], [-97.9282, 19.1642], [-97.9151, 19.1733], [-97.8899, 19.1869], [-97.8906, 19.202], [-97.8621, 19.2138], [-97.851, 19.2229], [-97.8651, 19.254], [-97.8703, 19.2706], [-97.8597, 19.2872], [-97.8384, 19.2873], [-97.8387, 19.3016], [-97.8208, 19.3047], [-97.8005, 19.3016], [-97.7714, 19.2837], [-97.7451, 19.3053], [-97.7293, 19.2931], [-97.7196, 19.3048], [-97.6909, 19.2859], [-97.6665, 19.2947], [-97.658, 19.3107], [-97.6461, 19.3064], [-97.6257, 19.3314], [-97.6387, 19.3383], [-97.6315, 19.3554], [-97.6739, 19.3675], [-97.6791, 19.3848], [-97.704, 19.393], [-97.7211, 19.4186], [-97.7245, 19.4316], [-97.7473, 19.4363], [-97.7548, 19.4575], [-97.7736, 19.4588], [-97.774, 19.4692], [-97.7969, 19.4724], [-97.7945, 19.4984], [-97.8147, 19.4825], [-97.8459, 19.4689], [-97.8623, 19.4562], [-97.8474, 19.474], [-97.8582, 19.4931], [-97.8898, 19.5046], [-97.8875, 19.5176], [-97.8695, 19.5423], [-97.8682, 19.5533], [-97.8815, 19.5717], [-97.9079, 19.5794], [-97.9142, 19.5921], [-97.9467, 19.5856], [-97.9556, 19.6031], [-97.9799, 19.6282], [-98.0422, 19.6402], [-98.036, 19.6651], [-98.0401, 19.6996], [-98.056, 19.7259], [-98.066, 19.7281], [-98.0688, 19.7034], [-98.0828, 19.7008], [-98.0988, 19.6697], [-98.1104, 19.6858], [-98.1437, 19.6836], [-98.1597, 19.6694], [-98.1905, 19.6763], [-98.2408, 19.6759], [-98.2524, 19.6931], [-98.2553, 19.7188], [-98.2382, 19.7223], [-98.2151, 19.7413], [-98.1967, 19.7427], [-98.2026, 19.7679], [-98.2162, 19.7784], [-98.2352, 19.7775], [-98.2497, 19.7988], [-98.2508, 19.8128], [-98.265, 19.8251], [-98.2671, 19.8433], [-98.2835, 19.847], [-98.3006, 19.8453], [-98.3145, 19.8545], [-98.2866, 19.8872], [-98.2694, 19.8957], [-98.2678, 19.9161], [-98.2564, 19.915], [-98.251, 19.9348], [-98.2302, 19.9494], [-98.2191, 19.9672], [-98.1807, 19.9597], [-98.1604, 19.9781], [-98.1742, 19.9975], [-98.164, 20.0225], [-98.1736, 20.0338], [-98.1809, 20.047], [-98.1681, 20.0573], [-98.1577, 20.0842], [-98.1592, 20.0931], [-98.1283, 20.1072], [-98.1219, 20.1246], [-98.1085, 20.1208], [-98.1051, 20.1423], [-98.1397, 20.1503], [-98.1297, 20.1618], [-98.1298, 20.1766], [-98.1276, 20.1824], [-98.15, 20.2058], [-98.147, 20.2206], [-98.1477, 20.2264], [-98.1759, 20.2542], [-98.192, 20.2581], [-98.2083, 20.2394], [-98.23, 20.2361], [-98.2361, 20.2235], [-98.2597, 20.2153], [-98.2765, 20.2205], [-98.2844, 20.2628], [-98.2672, 20.2723], [-98.2574, 20.2985], [-98.2365, 20.3044], [-98.2155, 20.2915], [-98.1903, 20.294], [-98.1804, 20.3034], [-98.18, 20.3359], [-98.1632, 20.3279], [-98.1268, 20.3362], [-98.1125, 20.3543], [-98.0997, 20.3824], [-98.0939, 20.3866], [-98.0632, 20.436], [-98.0256, 20.4486], [-98.0128, 20.4667], [-98.0086, 20.4829], [-97.9888, 20.4954], [-97.9851, 20.517], [-98.0042, 20.5249], [-98.0287, 20.5897], [-98.0177, 20.6017], [-98.021, 20.6268], [-98.04, 20.6319], [-98.0668, 20.6739], [-98.0828, 20.6421], [-98.0875, 20.6225], [-98.1005, 20.614], [-98.1112, 20.6162], [-98.108, 20.6121], [-98.1496, 20.5628], [-98.1725, 20.5301], [-98.2121, 20.5285], [-98.2287, 20.5208], [-98.2399, 20.5014], [-98.2637, 20.4914], [-98.2774, 20.4727], [-98.3157, 20.4457], [-98.3173, 20.4288], [-98.321, 20.418], [-98.3372, 20.4141], [-98.3553, 20.4018], [-98.3862, 20.4027], [-98.4183, 20.3801], [-98.4586, 20.3337], [-98.4696, 20.3351], [-98.5059, 20.3354], [-98.5345, 20.347], [-98.5474, 20.3612], [-98.5431, 20.3756], [-98.5502, 20.3957], [-98.5504, 20.4325], [-98.5537, 20.4464], [-98.5721, 20.4639], [-98.5793, 20.4787], [-98.595, 20.4911], [-98.5841, 20.5044], [-98.5581, 20.5109], [-98.5347, 20.5307], [-98.5245, 20.5484], [-98.5211, 20.5844], [-98.5059, 20.5962], [-98.4963, 20.5895], [-98.4785, 20.5942], [-98.4952, 20.6366], [-98.4948, 20.6443], [-98.4674, 20.6661], [-98.4599, 20.6962], [-98.4292, 20.7164], [-98.4214, 20.7394], [-98.4255, 20.7489], [-98.4665, 20.7103], [-98.4972, 20.6999], [-98.5251, 20.6818], [-98.5361, 20.6634], [-98.5502, 20.6894], [-98.5291, 20.704], [-98.532, 20.7133], [-98.5128, 20.7332], [-98.4756, 20.7392], [-98.456, 20.7556], [-98.4643, 20.7719], [-98.4496, 20.8061], [-98.4437, 20.8343], [-98.4251, 20.8496], [-98.3983, 20.8587], [-98.3819, 20.8535], [-98.3649, 20.8635], [-98.3452, 20.8649], [-98.3529, 20.836], [-98.3272, 20.828], [-98.3149, 20.8098], [-98.3435, 20.7979], [-98.326, 20.7842], [-98.3078, 20.801], [-98.292, 20.7855], [-98.248, 20.7894], [-98.2363, 20.7968], [-98.2269, 20.8162], [-98.2538, 20.8228], [-98.2623, 20.8469], [-98.2608, 20.8715], [-98.251, 20.8973], [-98.2249, 20.9066], [-98.2394, 20.923], [-98.2257, 20.9594], [-98.2098, 20.9707], [-98.215, 20.9896], [-98.2017, 20.9943], [-98.2027, 21.0093], [-98.1909, 21.0264], [-98.1726, 21.0208], [-98.1557, 21.0334], [-98.1508, 21.0472], [-98.1545, 21.0661], [-98.1491, 21.083], [-98.1876, 21.1108], [-98.206, 21.1268], [-98.2081, 21.143], [-98.2273, 21.1504], [-98.2491, 21.1294], [-98.2647, 21.1412], [-98.2822, 21.1364], [-98.2956, 21.1483], [-98.2781, 21.1746], [-98.2791, 21.1928], [-98.3094, 21.185], [-98.3159, 21.1869], [-98.3407, 21.1698], [-98.342, 21.161], [-98.365, 21.1617], [-98.4164, 21.155], [-98.424, 21.1673], [-98.4464, 21.1797], [-98.4535, 21.211], [-98.4816, 21.2296], [-98.4692, 21.2342], [-98.4692, 21.2495], [-98.4993, 21.2522], [-98.5165, 21.2443], [-98.5412, 21.2695], [-98.4978, 21.3279], [-98.4852, 21.3501], [-98.4656, 21.3471], [-98.4673, 21.3786], [-98.4798, 21.3966], [-98.5043, 21.3894], [-98.5158, 21.3723], [-98.5508, 21.384], [-98.5682, 21.3717], [-98.5875, 21.3724], [-98.6033, 21.3579], [-98.644, 21.3665], [-98.6528, 21.3469], [-98.6742, 21.3489], [-98.6836, 21.3419], [-98.671, 21.325], [-98.6476, 21.3123], [-98.6336, 21.3133], [-98.5991, 21.2921], [-98.6077, 21.2565], [-98.6013, 21.2321], [-98.6091, 21.201], [-98.6396, 21.1831], [-98.6578, 21.1855], [-98.6771, 21.1995], [-98.6946, 21.1783], [-98.6911, 21.1675], [-98.7052, 21.1872], [-98.7346, 21.1815], [-98.7551, 21.1867], [-98.7687, 21.1744], [-98.803, 21.1932], [-98.7888, 21.1664], [-98.8245, 21.1613], [-98.8509, 21.1759], [-98.8637, 21.1884], [-98.8829, 21.1926], [-98.9036, 21.2127], [-98.9148, 21.2273], [-98.921, 21.2624], [-98.9326, 21.2983], [-98.9425, 21.3027], [-98.945, 21.3113], [-98.9779, 21.2964], [-99.0128, 21.2954], [-99.0431, 21.2796], [-99.0551, 21.2825], [-99.0512, 21.2534], [-99.0699, 21.2431], [-99.0735, 21.2304], [-99.0524, 21.2195], [-99.0431, 21.1787], [-99.0548, 21.1594], [-99.0913, 21.153], [-99.1326, 21.153], [-99.1749, 21.1385], [-99.1809, 21.1266], [-99.2055, 21.119], [-99.2154, 21.1062], [-99.2436, 21.1039], [-99.2572, 21.1049], [-99.2823, 21.1221], [-99.2826, 21.1306], [-99.3086, 21.1473], [-99.336, 21.1301], [-99.3459, 21.1012], [-99.3899, 21.1024], [-99.3994, 21.0941], [-99.3896, 21.0718], [-99.3727, 21.0734], [-99.3639, 21.0485], [-99.3681, 21.0256], [-99.3839, 21.0097], [-99.3963, 20.981], [-99.3904, 20.9536], [-99.4075, 20.9366], [-99.4044, 20.9292], [-99.415, 20.9191], [-99.413, 20.905], [-99.4324, 20.901], [-99.4486, 20.8577], [-99.4559, 20.8495], [-99.4826, 20.8392], [-99.4852, 20.8181], [-99.5028, 20.7886], [-99.4965, 20.7813], [-99.523, 20.7546], [-99.5428, 20.7462], [-99.547, 20.7277], [-99.5355, 20.7114], [-99.5057, 20.6849], [-99.5019, 20.659], [-99.531, 20.6549], [-99.5412, 20.6434], [-99.5569, 20.6436], [-99.5737, 20.6348], [-99.5781, 20.6209], [-99.6076, 20.6062], [-99.6129, 20.595], [-99.6341, 20.6055], [-99.658, 20.6018], [-99.6854, 20.579], [-99.7279, 20.5754], [-99.7353, 20.5648], [-99.7459, 20.5593], [-99.7793, 20.5593], [-99.803, 20.5455], [-99.8281, 20.5425], [-99.8591, 20.2685], [-99.8774, 20.2714], [-99.9134, 20.2859], [-99.9304, 20.2649], [-99.9339, 20.2504], [-99.9224, 20.2311], [-99.9184, 20.2118], [-99.9509, 20.2159], [-99.9527, 20.24], [-99.9607, 20.2545], [-99.985, 20.2648], [-99.9777, 20.2391], [-99.9645, 20.2161], [-99.9668, 20.2075], [-99.9486, 20.1913], [-99.9358, 20.1693], [-99.9311, 20.1424], [-99.9422, 20.1201], [-99.936, 20.0991], [-99.9235, 20.0817], [-99.9263, 20.0643], [-99.9804, 20.0609], [-99.9785, 20.074], [-100.0004, 20.0775], [-100.0057, 20.0644], [-100.0316, 20.0531], [-100.0438, 20.0366], [-100.0575, 20.0399], [-100.0769, 20.0295], [-100.0987, 20.025], [-100.1524, 20.0528], [-100.1577, 20.0179], [-100.116, 20.0061], [-100.1314, 19.982], [-100.1301, 19.9162], [-100.1192, 19.9121], [-100.0911, 19.86], [-100.1032, 19.8538], [-100.1254, 19.8567], [-100.1343, 19.8455], [-100.1463, 19.8147], [-100.1453, 19.7572], [-100.1499, 19.7277], [-100.1705, 19.7128], [-100.186, 19.713], [-100.1922, 19.7016], [-100.2295, 19.7022], [-100.2422, 19.7072], [-100.2585, 19.7002], [-100.2675, 19.6772], [-100.2651, 19.6619], [-100.2475, 19.6345], [-100.2521, 19.6175], [-100.2375, 19.5572], [-100.2276, 19.5579], [-100.2147, 19.5528], [-100.1964, 19.5317], [-100.2019, 19.4995], [-100.1777, 19.4926], [-100.201, 19.4928], [-100.2075, 19.4611], [-100.1897, 19.4405], [-100.2159, 19.4134], [-100.2374, 19.4035], [-100.2637, 19.4032], [-100.2931, 19.3951], [-100.2944, 19.3809], [-100.3124, 19.3624], [-100.3017, 19.3429], [-100.3068, 19.3269], [-100.3179, 19.3181], [-100.3207, 19.3068], [-100.3197, 19.2618], [-100.3313, 19.2305], [-100.3377, 19.227], [-100.3726, 19.1937], [-100.3782, 19.1711], [-100.3616, 19.1547], [-100.3895, 19.1429], [-100.3956, 19.1171], [-100.4092, 19.0854], [-100.4088, 19.0752], [-100.4141, 19.0648], [-100.4471, 19.052], [-100.459, 19.033], [-100.479, 19.032], [-100.4787, 19.0268], [-100.516, 19.0091], [-100.5276, 19.0103], [-100.5239, 18.9985], [-100.5448, 18.9659], [-100.5495, 18.9469], [-100.5742, 18.9145], [-100.5899, 18.9153], [-100.6005, 18.8929], [-100.6131, 18.8871], [-100.5972, 18.8758], [-100.5843, 18.8582], [-100.5682, 18.8497], [-100.5386, 18.8441], [-100.514, 18.8293], [-100.4935, 18.8239], [-100.4818, 18.7987], [-100.4651, 18.7944], [-100.4532, 18.7809], [-100.4313, 18.7807], [-100.4222, 18.7635], [-100.4371, 18.7505], [-100.4545, 18.6944], [-100.4734, 18.6909], [-100.4884, 18.6532], [-100.487, 18.6403], [-100.4743, 18.6192], [-100.4514, 18.6239], [-100.4368, 18.6137], [-100.4297, 18.5993], [-100.4479, 18.5607], [-100.4467, 18.5457], [-100.4349, 18.5288], [-100.4299, 18.511], [-100.4114, 18.5207], [-100.396, 18.5405], [-100.3824, 18.5373], [-100.362, 18.4969], [-100.3675, 18.4754], [-100.3803, 18.4557], [-100.3854, 18.4265], [-100.3595, 18.4235], [-100.3461, 18.4003], [-100.3057, 18.3681], [-100.292, 18.3816], [-100.2679, 18.3794], [-100.269, 18.3999], [-100.2576, 18.4284], [-100.2456, 18.4213], [-100.227, 18.4309], [-100.2171, 18.4459], [-100.1857, 18.4551], [-100.1581, 18.492], [-100.1422, 18.5025], [-100.1273, 18.5023], [-100.12, 18.5162], [-100.1045, 18.524], [-100.09, 18.5222], [-100.0689, 18.5644], [-100.0681, 18.5912], [-100.0644, 18.5859], [-100.0215, 18.6037], [-99.9897, 18.5697], [-99.9617, 18.553], [-99.9604, 18.5666], [-99.9429, 18.5899], [-99.9167, 18.5979], [-99.8835, 18.6192], [-99.8581, 18.6123], [-99.8319, 18.6269], [-99.8163, 18.6252], [-99.8099, 18.6381], [-99.7942, 18.6299], [-99.7861, 18.6396], [-99.7843, 18.6623], [-99.7708, 18.6875], [-99.7549, 18.6974], [-99.7572, 18.7137], [-99.7422, 18.7259], [-99.7388, 18.7373], [-99.7065, 18.7355], [-99.6932, 18.7212], [-99.672, 18.7135], [-99.6882, 18.7432], [-99.7092, 18.7688], [-99.697, 18.7863], [-99.6614, 18.7713], [-99.6487, 18.7432], [-99.6357, 18.7243], [-99.6206, 18.7273], [-99.6188, 18.7413], [-99.5899, 18.7393], [-99.5808, 18.7303], [-99.5686, 18.7047], [-99.533, 18.6945], [-99.5223, 18.7074], [-99.4944, 18.7205], [-99.4526, 18.6118], [-99.4294, 18.5889], [-99.4229, 18.5621], [-99.4078, 18.5561], [-99.3903, 18.5257], [-99.3792, 18.5205], [-99.3629, 18.499], [-99.3551, 18.4767], [-99.3283, 18.4888], [-99.3284, 18.4595], [-99.3042, 18.4595], [-99.2687, 18.4533], [-99.246, 18.4564], [-99.2044, 18.4553], [-99.2067, 18.4474], [-99.1888, 18.4352], [-99.1813, 18.4484], [-99.1603, 18.4643], [-99.1356, 18.4608], [-99.125, 18.4363], [-99.1279, 18.4267], [-99.1085, 18.4163], [-99.1005, 18.4012], [-99.0896, 18.4], [-99.066, 18.3671], [-99.0756, 18.3446], [-99.0659, 18.3326]]]}}, {"type": "Feature", "properties": {"z": "NES", "ISO_A3": "MEX", "c": "MEXICO"}, "geometry": {"type": "MultiPolygon", "coordinates": [[[[-97.5088, 25.0627], [-97.4461, 25.2022], [-97.4294, 25.2303], [-97.4452, 25.2381], [-97.4503, 25.2386], [-97.4695, 25.2002], [-97.4698, 25.1892], [-97.4833, 25.1698], [-97.4828, 25.1548], [-97.5004, 25.1229], [-97.5178, 25.1066], [-97.5088, 25.0627]]], [[[-97.6208, 24.722], [-97.5738, 24.8818], [-97.5473, 24.959], [-97.5472, 24.9701], [-97.5534, 24.97], [-97.5678, 24.9207], [-97.5883, 24.8805], [-97.5853, 24.8721], [-97.6176, 24.7544], [-97.6208, 24.722]]], [[[-97.7101, 24.2792], [-97.6978, 24.3835], [-97.6821, 24.4725], [-97.6853, 24.4771], [-97.696, 24.454], [-97.6989, 24.3962], [-97.7055, 24.3759], [-97.7202, 24.2803], [-97.7101, 24.2792]]], [[[-103.3071, 29.0039], [-103.3577, 28.9203], [-103.4036, 28.8692], [-103.3942, 28.8401], [-103.41, 28.8409], [-103.4317, 28.8132], [-103.4664, 28.7595], [-103.4633, 28.7566], [-103.5145, 28.665], [-103.5198, 28.6687], [-103.5573, 28.6113], [-103.5727, 28.6406], [-103.582, 28.6288], [-103.5964, 28.6395], [-103.616, 28.5982], [-103.5919, 28.5908], [-103.601, 28.5749], [-103.6246, 28.5811], [-103.6422, 28.5449], [-103.643, 28.5125], [-103.7283, 28.3565], [-103.7629, 28.2982], [-103.7682, 28.3004], [-103.8675, 28.1121], [-103.8609, 28.109], [-103.8895, 28.0604], [-103.9267, 27.9713], [-103.8777, 27.9575], [-103.8929, 27.914], [-103.9419, 27.9278], [-103.9356, 27.9453], [-103.955, 27.9508], [-103.9433, 27.8888], [-103.9458, 27.8564], [-103.96, 27.8353], [-103.9439, 27.8269], [-103.9008, 27.8269], [-103.9356, 27.7976], [-103.8811, 27.7392], [-103.8967, 27.7406], [-103.8895, 27.7132], [-103.8973, 27.6566], [-103.8836, 27.6008], [-103.8688, 27.6071], [-103.8546, 27.5494], [-103.8585, 27.4399], [-103.8636, 27.4409], [-103.8769, 27.3116], [-103.8321, 27.2983], [-103.8306, 27.2769], [-103.8198, 27.243], [-103.8094, 27.2492], [-103.7984, 27.2135], [-103.7994, 27.1247], [-103.7835, 27.0912], [-103.7518, 27.0766], [-103.7448, 27.0227], [-103.78, 27.0089], [-103.7846, 26.9807], [-103.8521, 26.9346], [-103.8359, 26.9358], [-103.8519, 26.9052], [-103.8517, 26.8961], [-103.8225, 26.8754], [-103.8045, 26.855], [-103.7796, 26.8361], [-103.754, 26.8296], [-103.7506, 26.8099], [-103.7249, 26.7721], [-103.7153, 26.7351], [-103.6991, 26.7253], [-103.6583, 26.7195], [-103.6439, 26.6902], [-103.637, 26.6926], [-103.3742, 26.6024], [-103.3168, 26.3618], [-103.2608, 26.2847], [-103.3505, 26.1424], [-103.3463, 25.8603], [-103.3189, 25.8148], [-103.3264, 25.7604], [-103.3392, 25.7254], [-103.3528, 25.7166], [-103.3402, 25.7055], [-103.3554, 25.6914], [-103.3634, 25.6742], [-103.3836, 25.6533], [-103.4087, 25.6397], [-103.4075, 25.6257], [-103.425, 25.62], [-103.4354, 25.5828], [-103.4526, 25.5753], [-103.4546, 25.5579], [-103.4686, 25.5469], [-103.4932, 25.5385], [-103.4357, 25.4791], [-103.3987, 25.4506], [-103.3906, 25.4346], [-103.3691, 25.4165], [-103.3414, 25.4101], [-103.3369, 25.3714], [-103.351, 25.3729], [-103.3655, 25.3932], [-103.3805, 25.391], [-103.4069, 25.3989], [-103.4618, 25.3764], [-103.4701, 25.3462], [-103.4865, 25.3308], [-103.5058, 25.2766], [-103.4967, 25.2557], [-103.4729, 25.2498], [-103.4492, 25.2271], [-103.4443, 25.2087], [-103.4034, 25.1826], [-103.3974, 25.1639], [-103.3768, 25.1415], [-103.3595, 25.11], [-103.3461, 25.1107], [-103.3326, 25.0964], [-103.2669, 25.0555], [-103.274, 25.0209], [-103.2467, 24.9964], [-103.2454, 24.9825], [-103.2592, 24.9647], [-103.0968, 24.8265], [-103.0538, 24.8099], [-103.0331, 24.8107], [-103.0036, 24.7932], [-102.9887, 24.7962], [-102.9492, 24.7797], [-102.9253, 24.7801], [-102.8969, 24.7663], [-102.8836, 24.751], [-102.8564, 24.7398], [-102.8531, 24.772], [-102.6697, 25.0666], [-102.4468, 24.9995], [-102.4633, 25.1159], [-102.2955, 25.1252], [-102.2376, 25.1185], [-102.0818, 25.0707], [-101.8488, 25.0176], [-101.8319, 24.9722], [-101.7735, 24.8755], [-101.6851, 24.84], [-101.6563, 24.8608], [-101.6013, 24.8356], [-101.609, 24.7897], [-101.6408, 24.8007], [-101.6223, 24.759], [-101.5406, 24.7456], [-101.4917, 24.7438], [-101.4616, 24.7367], [-101.4127, 24.7721], [-101.4022, 24.7882], [-101.3421, 24.8134], [-101.3131, 24.8014], [-101.2361, 24.7779], [-101.2151, 24.7752], [-101.2017, 24.7655], [-101.179, 24.733], [-101.1647, 24.6816], [-101.1276, 24.6234], [-101.0805, 24.5912], [-100.9588, 24.5427], [-100.9022, 24.5839], [-100.8478, 24.5556], [-100.8104, 24.5516], [-100.7999, 24.5562], [-100.7423, 24.4604], [-100.8504, 24.3435], [-100.9453, 24.2812], [-101.0067, 24.3358], [-101.0106, 24.3568], [-101.0033, 24.3677], [-101.0099, 24.3851], [-100.9879, 24.4178], [-100.9873, 24.4325], [-101.0127, 24.3908], [-101.0654, 24.207], [-101.1732, 24.1641], [-101.2167, 24.1597], [-101.1926, 23.9186], [-101.2481, 23.8764], [-101.327, 23.8127], [-101.3403, 23.7972], [-101.4667, 23.6937], [-101.7751, 23.4476], [-102.0119, 23.3727], [-102.1225, 23.3539], [-102.1688, 23.361], [-102.1686, 23.3989], [-102.1914, 23.4014], [-102.1962, 23.4249], [-102.1936, 23.4476], [-102.2381, 23.4469], [-102.2536, 23.365], [-102.2683, 23.3423], [-102.296, 23.3205], [-102.2547, 23.2808], [-102.2411, 23.315], [-102.2316, 23.3151], [-102.2447, 23.2768], [-102.2528, 23.2712], [-102.2858, 23.2733], [-102.2894, 23.2317], [-102.2394, 23.2095], [-102.241, 23.1694], [-102.2142, 23.1313], [-102.2237, 23.1194], [-102.2513, 23.0716], [-102.26, 23.0459], [-102.2381, 23.0476], [-102.2281, 22.9965], [-102.1921, 22.8649], [-102.1761, 22.843], [-102.1249, 22.783], [-101.9398, 22.6457], [-101.8533, 22.656], [-101.8729, 22.5631], [-101.8199, 22.5513], [-101.8305, 22.512], [-101.8371, 22.4997], [-101.7993, 22.4706], [-101.7834, 22.465], [-101.7715, 22.4882], [-101.7353, 22.4802], [-101.7462, 22.5087], [-101.696, 22.5204], [-101.6748, 22.5065], [-101.656, 22.5138], [-101.5901, 22.589], [-101.5953, 22.6239], [-101.5738, 22.6128], [-101.5674, 22.6568], [-101.497, 22.7015], [-101.4912, 22.7419], [-101.4111, 22.7477], [-101.3601, 22.7143], [-101.3657, 22.692], [-101.38, 22.6758], [-101.3594, 22.6535], [-101.3369, 22.6587], [-101.3162, 22.6175], [-101.3057, 22.6099], [-101.2936, 22.5845], [-101.2883, 22.5622], [-101.2941, 22.527], [-101.2857, 22.5079], [-101.3154, 22.4697], [-101.3137, 22.4535], [-101.3748, 22.4565], [-101.3736, 22.4396], [-101.3819, 22.3575], [-101.433, 22.3633], [-101.4351, 22.3415], [-101.4255, 22.3244], [-101.3986, 22.2939], [-101.398, 22.2824], [-101.4163, 22.2673], [-101.3854, 22.2651], [-101.37, 22.2533], [-101.3528, 22.2292], [-101.3242, 22.2099], [-101.3513, 22.1768], [-101.3413, 22.1521], [-101.3294, 22.1356], [-101.3508, 22.0878], [-101.3541, 22.0448], [-101.3744, 22.0414], [-101.3828, 22.0207], [-101.3524, 22.0131], [-101.3275, 21.997], [-101.3605, 21.9952], [-101.3997, 21.9637], [-101.4052, 21.9485], [-101.4304, 21.9323], [-101.412, 21.9187], [-101.4102, 21.9087], [-101.4665, 21.8802], [-101.4832, 21.8677], [-101.4861, 21.8419], [-101.5035, 21.8301], [-101.4963, 21.8099], [-101.4739, 21.8274], [-101.4227, 21.825], [-101.407, 21.8315], [-101.3653, 21.8394], [-101.3195, 21.8353], [-101.2928, 21.8139], [-101.2607, 21.8235], [-101.2171, 21.8161], [-101.2198, 21.8022], [-101.1613, 21.7575], [-101.1361, 21.7532], [-101.0592, 21.7655], [-100.982, 21.7535], [-100.9654, 21.7349], [-100.9435, 21.7326], [-100.9381, 21.7205], [-100.9126, 21.7136], [-100.9212, 21.7003], [-100.9024, 21.682], [-100.8701, 21.6725], [-100.853, 21.6743], [-100.8343, 21.6646], [-100.8576, 21.619], [-100.8166, 21.6027], [-100.8095, 21.5921], [-100.7923, 21.5948], [-100.7513, 21.5806], [-100.735, 21.579], [-100.7176, 21.5502], [-100.6824, 21.5477], [-100.6575, 21.5247], [-100.6385, 21.5283], [-100.6354, 21.5432], [-100.6143, 21.5331], [-100.6219, 21.519], [-100.615, 21.5058], [-100.5711, 21.5301], [-100.5467, 21.5323], [-100.5339, 21.5423], [-100.4643, 21.5432], [-100.4554, 21.5563], [-100.4715, 21.5876], [-100.4724, 21.6044], [-100.4604, 21.624], [-100.4615, 21.6371], [-100.4513, 21.6664], [-100.4357, 21.6807], [-100.419, 21.6747], [-100.3755, 21.6798], [-100.3514, 21.6917], [-100.3221, 21.6821], [-100.2771, 21.6865], [-100.2463, 21.6649], [-100.2232, 21.6656], [-100.1939, 21.6472], [-100.1805, 21.6502], [-100.1672, 21.6341], [-100.1746, 21.6105], [-100.1674, 21.6014], [-100.147, 21.6179], [-100.125, 21.5935], [-100.1125, 21.5873], [-100.0761, 21.5581], [-100.0623, 21.5233], [-100.0441, 21.5256], [-99.9987, 21.5242], [-99.957, 21.5262], [-99.9651, 21.5051], [-99.9507, 21.4947], [-99.958, 21.4826], [-99.9424, 21.4618], [-99.906, 21.4481], [-99.867, 21.4735], [-99.8349, 21.4781], [-99.8171, 21.4617], [-99.7883, 21.4771], [-99.791, 21.4907], [-99.7773, 21.495], [-99.7699, 21.5077], [-99.7493, 21.5232], [-99.7528, 21.5439], [-99.7467, 21.5784], [-99.7056, 21.5707], [-99.6858, 21.572], [-99.6602, 21.5672], [-99.6304, 21.5198], [-99.6258, 21.5073], [-99.5643, 21.4537], [-99.5498, 21.4473], [-99.5373, 21.4315], [-99.5013, 21.4185], [-99.4718, 21.436], [-99.4691, 21.4468], [-99.447, 21.4436], [-99.435, 21.4496], [-99.4155, 21.4291], [-99.4046, 21.4289], [-99.3823, 21.4815], [-99.3873, 21.4941], [-99.372, 21.5071], [-99.3779, 21.5278], [-99.3759, 21.5479], [-99.3458, 21.5506], [-99.3331, 21.5379], [-99.3074, 21.532], [-99.274, 21.5678], [-99.2814, 21.5838], [-99.2794, 21.6082], [-99.2435, 21.6151], [-99.2339, 21.6288], [-99.2251, 21.6333], [-99.2171, 21.6669], [-99.1881, 21.6699], [-99.1817, 21.6614], [-99.1719, 21.627], [-99.1306, 21.5967], [-99.1281, 21.5834], [-99.1423, 21.5354], [-99.1295, 21.5004], [-99.1293, 21.4868], [-99.1224, 21.4534], [-99.0981, 21.4084], [-99.0926, 21.3634], [-99.1294, 21.362], [-99.1378, 21.3298], [-99.1217, 21.3102], [-99.1058, 21.302], [-99.1044, 21.2896], [-99.083, 21.2963], [-99.0551, 21.2825], [-99.0431, 21.2796], [-99.0128, 21.2954], [-98.9779, 21.2964], [-98.945, 21.3113], [-98.9425, 21.3027], [-98.9326, 21.2983], [-98.921, 21.2624], [-98.9148, 21.2273], [-98.9036, 21.2127], [-98.8829, 21.1926], [-98.8637, 21.1884], [-98.8509, 21.1759], [-98.8245, 21.1613], [-98.7888, 21.1664], [-98.803, 21.1932], [-98.7687, 21.1744], [-98.7551, 21.1867], [-98.7346, 21.1815], [-98.7052, 21.1872], [-98.6911, 21.1675], [-98.6946, 21.1783], [-98.6771, 21.1995], [-98.6578, 21.1855], [-98.6396, 21.1831], [-98.6091, 21.201], [-98.6013, 21.2321], [-98.6077, 21.2565], [-98.5991, 21.2921], [-98.6336, 21.3133], [-98.6476, 21.3123], [-98.671, 21.325], [-98.6836, 21.3419], [-98.6742, 21.3489], [-98.6528, 21.3469], [-98.644, 21.3665], [-98.6033, 21.3579], [-98.5875, 21.3724], [-98.5682, 21.3717], [-98.5508, 21.384], [-98.5158, 21.3723], [-98.5043, 21.3894], [-98.5209, 21.4041], [-98.5224, 21.437], [-98.5169, 21.4607], [-98.5359, 21.4939], [-98.5323, 21.5011], [-98.602, 21.5434], [-98.6001, 21.5544], [-98.6095, 21.5748], [-98.6182, 21.5788], [-98.6211, 21.6278], [-98.6359, 21.6264], [-98.6332, 21.6539], [-98.6174, 21.6556], [-98.6192, 21.6713], [-98.597, 21.6687], [-98.5755, 21.6745], [-98.5582, 21.6877], [-98.5671, 21.7176], [-98.5429, 21.7228], [-98.5329, 21.6976], [-98.5127, 21.7266], [-98.476, 21.7466], [-98.4807, 21.7592], [-98.4547, 21.7667], [-98.4617, 21.7901], [-98.4739, 21.7995], [-98.4775, 21.8153], [-98.4935, 21.8162], [-98.4882, 21.8376], [-98.5093, 21.8245], [-98.5185, 21.8315], [-98.5275, 21.8614], [-98.5404, 21.8735], [-98.5448, 21.8899], [-98.5347, 21.9064], [-98.5213, 21.8972], [-98.5109, 21.9072], [-98.5466, 21.9193], [-98.5311, 21.9344], [-98.4988, 21.9274], [-98.5123, 21.9495], [-98.5291, 21.9506], [-98.5533, 21.9334], [-98.5736, 21.943], [-98.579, 21.9599], [-98.5622, 21.9676], [-98.552, 21.9609], [-98.5204, 21.9789], [-98.4952, 21.9611], [-98.4686, 21.9662], [-98.482, 21.983], [-98.4636, 21.991], [-98.4436, 22.033], [-98.4464, 22.0422], [-98.4332, 22.0887], [-98.4195, 22.1009], [-98.4382, 22.1148], [-98.4168, 22.1412], [-98.3553, 22.1803], [-98.3366, 22.1877], [-98.3352, 22.21], [-98.3446, 22.2221], [-98.326, 22.243], [-98.3696, 22.2381], [-98.3681, 22.2554], [-98.4051, 22.2561], [-98.4011, 22.2722], [-98.408, 22.2841], [-98.428, 22.2838], [-98.4467, 22.3056], [-98.467, 22.2958], [-98.496, 22.3037], [-98.5061, 22.316], [-98.5256, 22.3188], [-98.5352, 22.3379], [-98.5548, 22.338], [-98.5793, 22.3486], [-98.5829, 22.3731], [-98.6762, 22.3732], [-98.6815, 22.3716], [-98.6709, 22.4057], [-98.6361, 22.4137], [-98.5895, 22.3947], [-98.5674, 22.4014], [-98.5461, 22.4002], [-98.5096, 22.4164], [-98.5044, 22.4295], [-98.4906, 22.4275], [-98.4688, 22.429], [-98.461, 22.4122], [-98.4437, 22.4313], [-98.432, 22.4316], [-98.4325, 22.4129], [-98.419, 22.4127], [-98.4095, 22.3999], [-98.3833, 22.4203], [-98.3878, 22.3893], [-98.3541, 22.3896], [-98.3277, 22.3987], [-98.3132, 22.411], [-98.3267, 22.4291], [-98.3119, 22.4474], [-98.3193, 22.4652], [-98.2917, 22.4678], [-98.2776, 22.4489], [-98.2555, 22.4553], [-98.252, 22.4692], [-98.2297, 22.4621], [-98.2088, 22.4648], [-98.1892, 22.44], [-98.189, 22.4253], [-98.1661, 22.4111], [-98.1516, 22.4129], [-98.112, 22.3938], [-98.1119, 22.3782], [-98.0847, 22.3687], [-98.0771, 22.3516], [-98.0285, 22.3584], [-97.9704, 22.3329], [-97.987, 22.3016], [-97.9567, 22.2939], [-97.9312, 22.2696], [-97.9342, 22.2542], [-97.9172, 22.248], [-97.895, 22.2224], [-97.8513, 22.2075], [-97.8377, 22.2124], [-97.8364, 22.2301], [-97.8116, 22.2518], [-97.7836, 22.2628], [-97.8054, 22.2943], [-97.8203, 22.3258], [-97.8354, 22.3714], [-97.8538, 22.4447], [-97.8586, 22.4742], [-97.8518, 22.4933], [-97.8576, 22.5069], [-97.8599, 22.549], [-97.862, 22.5499], [-97.8749, 22.5711], [-97.8947, 22.5882], [-97.8986, 22.6018], [-97.8936, 22.6394], [-97.8724, 22.6774], [-97.8537, 22.7022], [-97.846, 22.7369], [-97.8202, 22.7725], [-97.8027, 22.7793], [-97.7944, 22.8045], [-97.7885, 22.8487], [-97.7732, 22.8777], [-97.7676, 22.9093], [-97.7608, 23.0063], [-97.7702, 23.3335], [-97.7649, 23.4303], [-97.743, 23.6565], [-97.7385, 23.7558], [-97.735, 23.7677], [-97.7373, 23.952], [-97.7116, 24.2735], [-97.7182, 24.2669], [-97.7251, 24.2397], [-97.724, 24.2232], [-97.7322, 24.1566], [-97.7284, 24.1445], [-97.732, 24.0794], [-97.7368, 24.0702], [-97.7345, 24.0429], [-97.742, 23.9932], [-97.739, 23.9543], [-97.7438, 23.9351], [-97.7375, 23.8581], [-97.7402, 23.8035], [-97.7694, 23.7886], [-97.7732, 23.8083], [-97.7649, 23.8524], [-97.7667, 23.892], [-97.7706, 23.9029], [-97.7751, 24.0192], [-97.7747, 24.0632], [-97.7898, 24.0672], [-97.7716, 24.0884], [-97.7745, 24.1114], [-97.7677, 24.1594], [-97.7615, 24.2232], [-97.752, 24.2852], [-97.7463, 24.3088], [-97.7465, 24.3304], [-97.753, 24.3572], [-97.7479, 24.4512], [-97.7682, 24.4423], [-97.772, 24.4362], [-97.7734, 24.4263], [-97.7818, 24.4204], [-97.7888, 24.3905], [-97.7916, 24.3403], [-97.8192, 24.3578], [-97.81, 24.3786], [-97.8257, 24.4075], [-97.8025, 24.4142], [-97.8241, 24.4146], [-97.8327, 24.4172], [-97.8428, 24.4349], [-97.8526, 24.4443], [-97.8571, 24.4646], [-97.8438, 24.489], [-97.8447, 24.5036], [-97.8573, 24.511], [-97.8542, 24.5575], [-97.8367, 24.5607], [-97.8219, 24.5493], [-97.7692, 24.5599], [-97.7746, 24.5095], [-97.7424, 24.4897], [-97.7265, 24.5858], [-97.7092, 24.6436], [-97.7085, 24.6606], [-97.7384, 24.6781], [-97.7189, 24.7242], [-97.7207, 24.7533], [-97.7311, 24.7627], [-97.7197, 24.787], [-97.7406, 24.8317], [-97.7328, 24.8468], [-97.7405, 24.8594], [-97.7224, 24.8707], [-97.7081, 24.8574], [-97.6805, 24.8751], [-97.679, 24.8932], [-97.6555, 24.8984], [-97.6358, 24.9165], [-97.6383, 24.9254], [-97.6745, 24.9397], [-97.6808, 24.9596], [-97.6996, 24.9702], [-97.7211, 24.9912], [-97.7291, 24.9734], [-97.7485, 24.9833], [-97.739, 25.001], [-97.7161, 25.0127], [-97.7256, 25.0223], [-97.7201, 25.0392], [-97.7227, 25.0554], [-97.7034, 25.0761], [-97.6999, 25.0902], [-97.7069, 25.1222], [-97.702, 25.137], [-97.672, 25.1756], [-97.7064, 25.1974], [-97.6987, 25.2202], [-97.7086, 25.2424], [-97.7239, 25.24], [-97.7466, 25.2456], [-97.762, 25.264], [-97.7637, 25.2806], [-97.7374, 25.2664], [-97.7183, 25.2646], [-97.7198, 25.2845], [-97.7066, 25.3009], [-97.7131, 25.323], [-97.726, 25.3315], [-97.712, 25.35], [-97.6903, 25.3624], [-97.6777, 25.3785], [-97.6621, 25.366], [-97.622, 25.3697], [-97.6212, 25.3484], [-97.6345, 25.34], [-97.6059, 25.3171], [-97.5728, 25.314], [-97.5619, 25.2804], [-97.5326, 25.2886], [-97.5267, 25.3081], [-97.5499, 25.3102], [-97.5552, 25.3339], [-97.5433, 25.3701], [-97.5125, 25.3696], [-97.5011, 25.3749], [-97.5007, 25.3901], [-97.4723, 25.427], [-97.422, 25.4158], [-97.4132, 25.4212], [-97.3929, 25.4032], [-97.4097, 25.38], [-97.4319, 25.3782], [-97.4485, 25.3617], [-97.4123, 25.3584], [-97.394, 25.3671], [-97.3783, 25.3668], [-97.3909, 25.3378], [-97.4024, 25.3377], [-97.4035, 25.3123], [-97.4138, 25.3049], [-97.42, 25.2859], [-97.4413, 25.2594], [-97.4438, 25.2419], [-97.4271, 25.239], [-97.3802, 25.3259], [-97.3268, 25.419], [-97.2402, 25.561], [-97.2021, 25.6282], [-97.1761, 25.6966], [-97.1634, 25.7502], [-97.1502, 25.8316], [-97.1459, 25.8698], [-97.144, 25.9226], [-97.1461, 25.9569], [-97.1729, 25.9647], [-97.1919, 25.9547], [-97.2092, 25.9639], [-97.2406, 25.955], [-97.2469, 25.9482], [-97.2895, 25.9541], [-97.2792, 25.935], [-97.3037, 25.937], [-97.3191, 25.9308], [-97.3253, 25.9178], [-97.3492, 25.9299], [-97.3693, 25.9149], [-97.3675, 25.8942], [-97.3588, 25.8789], [-97.3733, 25.8398], [-97.4263, 25.841], [-97.4478, 25.8562], [-97.4707, 25.8886], [-97.4826, 25.8795], [-97.4964, 25.8962], [-97.511, 25.8874], [-97.5453, 25.9255], [-97.5819, 25.9388], [-97.5818, 25.9598], [-97.6024, 25.9578], [-97.6242, 25.9896], [-97.6387, 26.0228], [-97.6674, 26.019], [-97.6706, 26.0338], [-97.6929, 26.0192], [-97.7025, 26.0311], [-97.7355, 26.0315], [-97.7477, 26.0263], [-97.7976, 26.04], [-97.8003, 26.0596], [-97.8149, 26.054], [-97.861, 26.0531], [-97.8618, 26.0702], [-97.8689, 26.0569], [-97.8867, 26.0666], [-97.9083, 26.0576], [-97.936, 26.0527], [-97.9481, 26.0618], [-97.9636, 26.0522], [-97.9983, 26.0652], [-98.0205, 26.0587], [-98.0324, 26.0632], [-98.0385, 26.0418], [-98.0701, 26.0495], [-98.0832, 26.0629], [-98.1042, 26.0674], [-98.1558, 26.0563], [-98.1683, 26.0633], [-98.1997, 26.0567], [-98.2188, 26.0757], [-98.2489, 26.072], [-98.2669, 26.0919], [-98.2885, 26.105], [-98.2906, 26.1207], [-98.3092, 26.113], [-98.3204, 26.1177], [-98.3354, 26.1396], [-98.365, 26.1582], [-98.3823, 26.1568], [-98.415, 26.1833], [-98.4422, 26.1987], [-98.4433, 26.2239], [-98.4626, 26.2259], [-98.4821, 26.2134], [-98.5071, 26.2122], [-98.5482, 26.2341], [-98.5648, 26.2279], [-98.5799, 26.2351], [-98.5866, 26.2578], [-98.5999, 26.2576], [-98.6358, 26.2421], [-98.6653, 26.2354], [-98.6795, 26.2483], [-98.6847, 26.2648], [-98.6998, 26.2656], [-98.7074, 26.2893], [-98.7291, 26.2992], [-98.7499, 26.2953], [-98.7464, 26.3171], [-98.7518, 26.3317], [-98.7746, 26.3251], [-98.7878, 26.3363], [-98.8047, 26.3677], [-98.8237, 26.3711], [-98.8418, 26.3586], [-98.86, 26.3663], [-98.8889, 26.3572], [-98.9018, 26.3716], [-98.9239, 26.3812], [-98.9477, 26.3706], [-98.9561, 26.3771], [-98.955, 26.3948], [-98.9738, 26.4012], [-98.9895, 26.3915], [-99.0121, 26.3927], [-99.0207, 26.4063], [-99.0395, 26.4131], [-99.0615, 26.3977], [-99.0815, 26.3967], [-99.0965, 26.4122], [-99.1136, 26.4345], [-99.1028, 26.4421], [-99.0921, 26.4772], [-99.1039, 26.4986], [-99.1299, 26.5258], [-99.1691, 26.538], [-99.1672, 26.5596], [-99.1781, 26.6205], [-99.2002, 26.6558], [-99.2099, 26.6939], [-99.2088, 26.7248], [-99.24, 26.7458], [-99.2424, 26.788], [-99.2622, 26.8158], [-99.2687, 26.8433], [-99.2952, 26.8655], [-99.3167, 26.8657], [-99.329, 26.88], [-99.3218, 26.9069], [-99.3373, 26.9228], [-99.3791, 26.9343], [-99.3929, 26.9636], [-99.3773, 26.9737], [-99.4032, 26.9967], [-99.4159, 27.0173], [-99.4299, 27.0107], [-99.4457, 27.0211], [-99.4455, 27.0442], [-99.4528, 27.0632], [-99.4285, 27.092], [-99.4421, 27.1085], [-99.4311, 27.1238], [-99.4397, 27.1519], [-99.4298, 27.1598], [-99.4263, 27.1773], [-99.4329, 27.2095], [-99.4453, 27.2236], [-99.4417, 27.2504], [-99.4538, 27.2651], [-99.4812, 27.2599], [-99.4965, 27.2731], [-99.4878, 27.2946], [-99.4944, 27.3035], [-99.5287, 27.3051], [-99.5381, 27.3169], [-99.5073, 27.3354], [-99.5033, 27.3654], [-99.4925, 27.3803], [-99.4877, 27.4112], [-99.496, 27.4412], [-99.4788, 27.4795], [-99.4811, 27.4888], [-99.5029, 27.5003], [-99.5282, 27.4984], [-99.522, 27.5446], [-99.5152, 27.5714], [-99.5284, 27.5786], [-99.5424, 27.6064], [-99.5583, 27.6091], [-99.5798, 27.6017], [-99.5773, 27.6187], [-99.603, 27.642], [-99.6392, 27.6268], [-99.6663, 27.6361], [-99.6583, 27.6501], [-99.6938, 27.6668], [-99.7105, 27.6577], [-99.7674, 27.7292], [-99.7871, 27.7304], [-99.8015, 27.7415], [-99.8136, 27.7745], [-99.8369, 27.7633], [-99.8434, 27.7696], [-99.8524, 27.7946], [-99.8755, 27.7968], [-99.8772, 27.8422], [-99.8943, 27.8569], [-99.9044, 27.8746], [-99.8934, 27.899], [-99.9001, 27.9122], [-99.9171, 27.9179], [-99.9387, 27.9533], [-99.9316, 27.981], [-99.9602, 27.9834], [-99.9899, 27.9932], [-100.0066, 28.0192], [-100.0176, 28.0647], [-100.0464, 28.0794], [-100.0558, 28.0904], [-100.0559, 28.1033], [-100.0677, 28.1138], [-100.0877, 28.1474], [-100.1189, 28.1555], [-100.1426, 28.1684], [-100.1586, 28.1676], [-100.1742, 28.1792], [-100.202, 28.1905], [-100.213, 28.1979], [-100.2174, 28.2265], [-100.2238, 28.2352], [-100.2575, 28.2398], [-100.2896, 28.2737], [-100.2942, 28.2839], [-100.286, 28.3101], [-100.309, 28.3385], [-100.3176, 28.3579], [-100.3418, 28.3849], [-100.3488, 28.3996], [-100.336, 28.431], [-100.3414, 28.4495], [-100.3606, 28.4667], [-100.367, 28.4805], [-100.3376, 28.4915], [-100.3436, 28.5033], [-100.3886, 28.5154], [-100.4035, 28.5339], [-100.4091, 28.5564], [-100.3976, 28.5743], [-100.4006, 28.5867], [-100.4322, 28.5982], [-100.4475, 28.61], [-100.4457, 28.6408], [-100.4733, 28.6464], [-100.4796, 28.6555], [-100.5004, 28.662], [-100.5105, 28.694], [-100.5075, 28.7405], [-100.5379, 28.7798], [-100.5325, 28.7931], [-100.5461, 28.8133], [-100.5463, 28.8252], [-100.5771, 28.8357], [-100.5726, 28.8481], [-100.5913, 28.8646], [-100.6041, 28.8891], [-100.6014, 28.9019], [-100.6329, 28.904], [-100.6392, 28.9281], [-100.6481, 28.9407], [-100.6458, 28.9859], [-100.6633, 29.048], [-100.6636, 29.0746], [-100.6794, 29.106], [-100.7252, 29.1277], [-100.738, 29.1493], [-100.7627, 29.1593], [-100.7753, 29.1745], [-100.7663, 29.1848], [-100.7737, 29.2111], [-100.7944, 29.2417], [-100.8131, 29.2611], [-100.834, 29.2613], [-100.8557, 29.2759], [-100.8781, 29.2809], [-100.8861, 29.3073], [-100.9172, 29.3195], [-100.9404, 29.3333], [-100.9522, 29.348], [-101.0049, 29.3652], [-101.0202, 29.392], [-101.0372, 29.4065], [-101.043, 29.4291], [-101.0574, 29.4413], [-101.0604, 29.4585], [-101.0883, 29.4697], [-101.1155, 29.4685], [-101.1299, 29.4789], [-101.1521, 29.4785], [-101.1717, 29.504], [-101.1744, 29.5146], [-101.1941, 29.52], [-101.2365, 29.524], [-101.255, 29.5202], [-101.261, 29.5376], [-101.2416, 29.565], [-101.2524, 29.6045], [-101.2475, 29.6182], [-101.2629, 29.6304], [-101.28, 29.6177], [-101.2811, 29.5848], [-101.2998, 29.574], [-101.3134, 29.6042], [-101.3031, 29.6311], [-101.3031, 29.6515], [-101.3159, 29.6593], [-101.3466, 29.6622], [-101.3617, 29.6507], [-101.3731, 29.6791], [-101.3719, 29.6955], [-101.3988, 29.7169], [-101.3972, 29.7363], [-101.4159, 29.7458], [-101.4049, 29.7562], [-101.4106, 29.7704], [-101.4376, 29.7506], [-101.451, 29.7521], [-101.4537, 29.7866], [-101.4799, 29.7843], [-101.5037, 29.7638], [-101.5397, 29.7626], [-101.5352, 29.7988], [-101.5418, 29.8105], [-101.5661, 29.8002], [-101.5746, 29.7877], [-101.5751, 29.7694], [-101.6078, 29.7738], [-101.6296, 29.7694], [-101.6466, 29.7545], [-101.6617, 29.7711], [-101.6817, 29.7613], [-101.6893, 29.771], [-101.7094, 29.7618], [-101.7836, 29.7894], [-101.7886, 29.7795], [-101.8187, 29.7915], [-101.8373, 29.7932], [-101.8498, 29.8072], [-101.8836, 29.7936], [-101.9356, 29.7996], [-101.9608, 29.7975], [-101.9652, 29.811], [-101.9817, 29.8148], [-102.0151, 29.7975], [-102.0358, 29.8042], [-102.0385, 29.792], [-102.0732, 29.7865], [-102.0839, 29.7951], [-102.1171, 29.7937], [-102.1444, 29.8038], [-102.1788, 29.8404], [-102.2624, 29.8536], [-102.2696, 29.8676], [-102.2835, 29.8646], [-102.3013, 29.8778], [-102.3208, 29.879], [-102.3248, 29.8631], [-102.341, 29.8694], [-102.3647, 29.8451], [-102.3631, 29.831], [-102.3901, 29.7819], [-102.3849, 29.7708], [-102.4088, 29.7645], [-102.4353, 29.7768], [-102.4732, 29.776], [-102.4874, 29.7866], [-102.5135, 29.7654], [-102.5483, 29.7447], [-102.563, 29.7679], [-102.5899, 29.7491], [-102.6123, 29.7483], [-102.6305, 29.7341], [-102.6595, 29.7355], [-102.6751, 29.744], [-102.691, 29.7223], [-102.6898, 29.7041], [-102.6997, 29.686], [-102.6937, 29.6765], [-102.7352, 29.6421], [-102.7405, 29.5978], [-102.7625, 29.5985], [-102.7624, 29.5804], [-102.774, 29.5733], [-102.7774, 29.5549], [-102.8091, 29.5212], [-102.8075, 29.4945], [-102.8142, 29.4723], [-102.8254, 29.4583], [-102.8324, 29.4334], [-102.8192, 29.4039], [-102.845, 29.3746], [-102.8396, 29.3589], [-102.8604, 29.3514], [-102.8814, 29.3521], [-102.8799, 29.3392], [-102.8931, 29.3082], [-102.888, 29.2927], [-102.9031, 29.2795], [-102.9053, 29.2637], [-102.8875, 29.2458], [-102.8711, 29.2405], [-102.868, 29.223], [-102.9144, 29.2003], [-102.933, 29.1945], [-102.9509, 29.1779], [-102.9774, 29.1865], [-102.9981, 29.174], [-102.996, 29.161], [-103.0091, 29.1374], [-103.045, 29.0954], [-103.0802, 29.0871], [-103.0772, 29.0753], [-103.1006, 29.0603], [-103.1066, 29.0382], [-103.098, 29.0275], [-103.1174, 29.0003], [-103.1141, 28.987], [-103.1321, 28.984], [-103.1528, 28.9717], [-103.1815, 28.9831], [-103.2275, 28.9917], [-103.2489, 28.9806], [-103.2664, 28.996], [-103.3071, 29.0039]]]]}}, {"type": "Feature", "properties": {"z": "NOR", "ISO_A3": "MEX", "c": "MEXICO"}, "geometry": {"type": "MultiPolygon", "coordinates": [[[[-107.822, 24.5213], [-107.8312, 24.54], [-107.8078, 24.5345], [-107.822, 24.5213]]], [[[-107.3653, 24.2218], [-107.3325, 24.1999], [-107.3033, 24.1756], [-107.2801, 24.1659], [-107.267, 24.1507], [-107.2399, 24.1392], [-107.2282, 24.1232], [-107.3152, 24.18], [-107.3605, 24.2069], [-107.3901, 24.229], [-107.3653, 24.2218]]], [[[-107.1119, 24.0492], [-107.112, 24.051], [-107.111, 24.0512], [-107.1107, 24.0495], [-107.1119, 24.0492]]], [[[-107.1052, 24.0426], [-107.1046, 24.0444], [-107.1044, 24.0436], [-107.1052, 24.0426]]], [[[-105.6742, 22.5128], [-105.6888, 22.5593], [-105.6785, 22.5566], [-105.6749, 22.5347], [-105.6619, 22.5184], [-105.6708, 22.5022], [-105.6602, 22.4905], [-105.6687, 22.4696], [-105.6479, 22.4556], [-105.6435, 22.4347], [-105.6525, 22.4216], [-105.6426, 22.4126], [-105.6454, 22.3886], [-105.6408, 22.3714], [-105.6403, 22.3217], [-105.6341, 22.3081], [-105.6357, 22.2761], [-105.633, 22.2588], [-105.6205, 22.2399], [-105.6167, 22.19], [-105.6423, 22.1885], [-105.6481, 22.2045], [-105.6627, 22.2923], [-105.6833, 22.3691], [-105.7058, 22.428], [-105.723, 22.465], [-105.7607, 22.5322], [-105.7465, 22.5339], [-105.7171, 22.4665], [-105.6804, 22.4664], [-105.6704, 22.4812], [-105.6742, 22.5128]]], [[[-105.4822, 22.0714], [-105.4893, 22.0779], [-105.4887, 22.0782], [-105.4823, 22.0776], [-105.4822, 22.0714]]], [[[-105.448, 22.0469], [-105.4683, 22.0574], [-105.4651, 22.0638], [-105.4524, 22.0573], [-105.448, 22.0469]]], [[[-105.5405, 22.0525], [-105.5391, 22.0504], [-105.5429, 22.0508], [-105.5419, 22.0547], [-105.541, 22.0533], [-105.5405, 22.0525]]], [[[-105.5387, 22.0498], [-105.5389, 22.0501], [-105.5359, 22.0456], [-105.5387, 22.0498]]], [[[-105.4821, 22.0331], [-105.4818, 22.0331], [-105.4818, 22.0329], [-105.4821, 22.0328], [-105.4821, 22.0331]]], [[[-106.6588, 21.7389], [-106.6788, 21.7293], [-106.6878, 21.7458], [-106.6719, 21.7745], [-106.6588, 21.7389]]], [[[-106.5355, 21.657], [-106.5374, 21.6328], [-106.5199, 21.6156], [-106.5121, 21.5975], [-106.5126, 21.5728], [-106.5335, 21.5509], [-106.5462, 21.5632], [-106.5977, 21.5812], [-106.6307, 21.6024], [-106.6277, 21.6122], [-106.6514, 21.6515], [-106.6473, 21.6745], [-106.654, 21.6935], [-106.6079, 21.6917], [-106.5742, 21.6815], [-106.547, 21.6676], [-106.5355, 21.657]]], [[[-106.3967, 21.4199], [-106.429, 21.4354], [-106.4727, 21.452], [-106.4936, 21.4675], [-106.4606, 21.4945], [-106.4344, 21.4939], [-106.3988, 21.4831], [-106.3719, 21.4815], [-106.3599, 21.4604], [-106.3795, 21.4491], [-106.3883, 21.4242], [-106.3967, 21.4199]]], [[[-106.2261, 21.308], [-106.2431, 21.2927], [-106.268, 21.3011], [-106.2769, 21.314], [-106.2582, 21.3349], [-106.2278, 21.3318], [-106.2261, 21.308]]], [[[-114.6054, 31.7506], [-114.6077, 31.7313], [-114.6323, 31.7334], [-114.6731, 31.7519], [-114.6296, 31.7579], [-114.6054, 31.7506]]], [[[-112.2102, 28.9651], [-112.2296, 28.9044], [-112.2421, 28.8887], [-112.2399, 28.8708], [-112.2573, 28.8573], [-112.2579, 28.8427], [-112.2721, 28.8241], [-112.2777, 28.7689], [-112.314, 28.754], [-112.3436, 28.7662], [-112.3596, 28.7599], [-112.3644, 28.7738], [-112.3884, 28.779], [-112.4073, 28.7997], [-112.4634, 28.8037], [-112.4681, 28.818], [-112.4952, 28.8244], [-112.4996, 28.8359], [-112.5478, 28.8575], [-112.5692, 28.8801], [-112.5168, 28.9155], [-112.4868, 28.9621], [-112.4924, 28.9875], [-112.506, 29.0146], [-112.5017, 29.0638], [-112.4947, 29.0712], [-112.4935, 29.0955], [-112.486, 29.1308], [-112.4788, 29.1381], [-112.4742, 29.1688], [-112.4538, 29.1973], [-112.4366, 29.2], [-112.4098, 29.1859], [-112.392, 29.1951], [-112.3592, 29.2205], [-112.3331, 29.2191], [-112.3001, 29.2231], [-112.2893, 29.2287], [-112.2889, 29.219], [-112.2715, 29.1971], [-112.2637, 29.1789], [-112.2747, 29.1651], [-112.2738, 29.1369], [-112.2417, 29.1058], [-112.2322, 29.092], [-112.2238, 29.064], [-112.1952, 29.0212], [-112.211, 28.9948], [-112.2102, 28.9651]]], [[[-112.5535, 28.6717], [-112.5704, 28.6691], [-112.6017, 28.6748], [-112.6093, 28.6924], [-112.6121, 28.7266], [-112.5953, 28.7317], [-112.5696, 28.7287], [-112.5565, 28.7338], [-112.5417, 28.7117], [-112.5535, 28.6717]]], [[[-110.5346, 27.2864], [-110.5873, 27.3047], [-110.5973, 27.3301], [-110.5861, 27.3345], [-110.585, 27.3214], [-110.5718, 27.3115], [-110.5312, 27.3024], [-110.5346, 27.2864]]], [[[-109.8949, 26.9721], [-109.8979, 26.9715], [-109.8985, 26.9726], [-109.8997, 26.9726], [-109.9047, 26.9707], [-109.9037, 26.9739], [-109.8987, 26.9742], [-109.8981, 26.9756], [-109.8949, 26.9721]]], [[[-104.9879, 22.4987], [-104.9605, 22.5053], [-104.8625, 22.6071], [-104.8584, 22.6483], [-104.8401, 22.6511], [-104.8321, 22.6414], [-104.8111, 22.6378], [-104.8042, 22.6487], [-104.7792, 22.6429], [-104.7797, 22.603], [-104.7615, 22.5701], [-104.737, 22.5581], [-104.6858, 22.5578], [-104.67, 22.5653], [-104.6565, 22.5413], [-104.6536, 22.4981], [-104.6553, 22.4621], [-104.6026, 22.4605], [-104.6054, 22.4457], [-104.593, 22.4186], [-104.5746, 22.3948], [-104.5587, 22.3934], [-104.5352, 22.3642], [-104.5186, 22.3606], [-104.5074, 22.346], [-104.4873, 22.3532], [-104.4941, 22.3763], [-104.4592, 22.3868], [-104.3715, 22.4217], [-104.3488, 22.4097], [-104.35, 22.3864], [-104.3253, 22.3808], [-104.2931, 22.3651], [-104.2926, 22.3443], [-104.2927, 22.3074], [-104.2859, 22.3029], [-104.2956, 22.2769], [-104.3286, 22.2455], [-104.3407, 22.2064], [-104.3365, 22.1867], [-104.3563, 22.1654], [-104.3647, 22.1124], [-104.3732, 22.1014], [-104.3635, 22.0741], [-104.3615, 22.0528], [-104.371, 21.9794], [-104.3637, 21.974], [-104.3255, 21.9767], [-104.2958, 22.0024], [-104.2814, 21.9997], [-104.2772, 21.9824], [-104.2453, 21.9669], [-104.212, 21.9831], [-104.1933, 21.9854], [-104.1737, 21.9709], [-104.1797, 21.9375], [-104.1993, 21.911], [-104.2, 21.8943], [-104.1957, 21.8792], [-104.1793, 21.8604], [-104.1892, 21.849], [-104.1607, 21.8099], [-104.1488, 21.8074], [-104.1304, 21.7905], [-104.094, 21.7859], [-104.0526, 21.7946], [-104.0113, 21.7821], [-103.9889, 21.7797], [-103.9778, 21.7713], [-103.9445, 21.7768], [-103.9226, 21.771], [-103.9164, 21.7569], [-103.9337, 21.7484], [-103.9265, 21.7363], [-103.9014, 21.7173], [-103.8904, 21.6994], [-103.9088, 21.6738], [-103.9208, 21.6689], [-103.9302, 21.6419], [-103.9118, 21.6298], [-103.9076, 21.6178], [-103.9232, 21.59], [-103.903, 21.5744], [-103.8853, 21.5542], [-103.8551, 21.5484], [-103.8594, 21.5241], [-103.8366, 21.5127], [-103.8258, 21.4945], [-103.8009, 21.4883], [-103.7801, 21.5], [-103.7687, 21.4828], [-103.7509, 21.4763], [-103.7521, 21.4663], [-103.742, 21.4416], [-103.7209, 21.4254], [-103.7326, 21.4158], [-103.7513, 21.4175], [-103.7654, 21.386], [-103.7413, 21.3741], [-103.7457, 21.363], [-103.7496, 21.3369], [-103.7762, 21.3212], [-103.7781, 21.3108], [-103.7991, 21.3033], [-103.825, 21.2719], [-103.8186, 21.249], [-103.84, 21.2398], [-103.8619, 21.2489], [-103.8737, 21.2425], [-103.9179, 21.231], [-103.9459, 21.238], [-103.9584, 21.2528], [-103.9713, 21.2563], [-104.0161, 21.2276], [-104.0158, 21.2085], [-104.0718, 21.1886], [-104.0982, 21.2005], [-104.1144, 21.1899], [-104.1473, 21.1916], [-104.1581, 21.1849], [-104.1964, 21.1936], [-104.2194, 21.1766], [-104.2251, 21.1509], [-104.2106, 21.1306], [-104.2167, 21.0858], [-104.2384, 21.0523], [-104.2339, 21.0412], [-104.2407, 21.0217], [-104.2243, 21.0076], [-104.2385, 20.9917], [-104.2331, 20.9687], [-104.2049, 20.9599], [-104.2072, 20.936], [-104.2211, 20.9415], [-104.2474, 20.9188], [-104.2595, 20.894], [-104.2684, 20.8873], [-104.2896, 20.888], [-104.2791, 20.8645], [-104.2923, 20.8488], [-104.3184, 20.8386], [-104.3347, 20.8467], [-104.3584, 20.8343], [-104.3625, 20.8141], [-104.3504, 20.8117], [-104.3759, 20.7841], [-104.3283, 20.7981], [-104.2976, 20.7708], [-104.2828, 20.7835], [-104.2599, 20.7353], [-104.2479, 20.7265], [-104.2414, 20.71], [-104.2473, 20.6899], [-104.2523, 20.6807], [-104.238, 20.6607], [-104.2562, 20.652], [-104.2517, 20.6078], [-104.2568, 20.6035], [-104.282, 20.629], [-104.2806, 20.6464], [-104.2873, 20.6589], [-104.2871, 20.6872], [-104.3036, 20.6927], [-104.3238, 20.7173], [-104.35, 20.726], [-104.3549, 20.7356], [-104.3766, 20.7469], [-104.3966, 20.7808], [-104.4409, 20.8076], [-104.4479, 20.8036], [-104.4791, 20.8225], [-104.4848, 20.8329], [-104.5032, 20.8418], [-104.5064, 20.8609], [-104.5217, 20.8743], [-104.5244, 20.8858], [-104.5437, 20.898], [-104.5429, 20.9119], [-104.5782, 20.934], [-104.6189, 20.9238], [-104.6291, 20.9242], [-104.6381, 20.9341], [-104.6547, 20.932], [-104.681, 20.9438], [-104.6926, 20.9617], [-104.7294, 20.9832], [-104.7252, 21.0048], [-104.7317, 21.0123], [-104.7729, 21.0096], [-104.7794, 21.0212], [-104.7996, 21.0157], [-104.8277, 21.0181], [-104.8598, 20.9939], [-104.8676, 20.9946], [-104.9, 20.9635], [-104.8991, 20.9485], [-104.9532, 20.9301], [-104.9688, 20.909], [-104.9888, 20.9214], [-105.0053, 20.9221], [-105.0316, 20.9092], [-105.0468, 20.9343], [-105.088, 20.9232], [-105.1302, 20.8886], [-105.1526, 20.8626], [-105.166, 20.8238], [-105.171, 20.7961], [-105.1623, 20.7925], [-105.1734, 20.7678], [-105.197, 20.7772], [-105.2352, 20.7474], [-105.2385, 20.7261], [-105.2627, 20.6892], [-105.2787, 20.6724], [-105.2869, 20.6729], [-105.3162, 20.7328], [-105.3457, 20.7588], [-105.363, 20.7623], [-105.3883, 20.7408], [-105.4118, 20.7351], [-105.4332, 20.7472], [-105.4677, 20.7558], [-105.4748, 20.7533], [-105.5102, 20.7717], [-105.5383, 20.7624], [-105.5283, 20.7879], [-105.5075, 20.7826], [-105.4851, 20.8002], [-105.4658, 20.8363], [-105.4544, 20.8702], [-105.4308, 20.8795], [-105.4016, 20.9312], [-105.3556, 20.9602], [-105.3506, 20.9709], [-105.3316, 20.9858], [-105.3171, 21.0103], [-105.3131, 21.0349], [-105.2923, 21.025], [-105.2678, 21.0263], [-105.2435, 21.0482], [-105.2321, 21.0754], [-105.2298, 21.1178], [-105.2388, 21.133], [-105.2238, 21.1582], [-105.2324, 21.1677], [-105.2312, 21.1865], [-105.2164, 21.205], [-105.226, 21.285], [-105.2443, 21.3444], [-105.239, 21.3619], [-105.2176, 21.4102], [-105.2025, 21.4363], [-105.188, 21.4466], [-105.1885, 21.4631], [-105.2012, 21.4811], [-105.198, 21.4923], [-105.2288, 21.5244], [-105.2454, 21.5258], [-105.263, 21.5127], [-105.3216, 21.5493], [-105.3745, 21.5785], [-105.4146, 21.6039], [-105.4446, 21.6321], [-105.449, 21.6471], [-105.4913, 21.7246], [-105.5001, 21.7474], [-105.5385, 21.8191], [-105.6034, 21.9152], [-105.6388, 21.9793], [-105.6519, 22.023], [-105.6538, 22.0584], [-105.6488, 22.1097], [-105.646, 22.172], [-105.6391, 22.1819], [-105.615, 22.184], [-105.6044, 22.1643], [-105.604, 22.1569], [-105.5968, 22.1404], [-105.5898, 22.1362], [-105.5825, 22.1342], [-105.5802, 22.131], [-105.58, 22.1269], [-105.5775, 22.1243], [-105.5763, 22.124], [-105.5765, 22.1261], [-105.5732, 22.1283], [-105.5779, 22.1347], [-105.5708, 22.1325], [-105.5611, 22.1079], [-105.556, 22.104], [-105.5505, 22.1039], [-105.5453, 22.1015], [-105.5361, 22.093], [-105.5374, 22.0766], [-105.5525, 22.0708], [-105.5488, 22.0548], [-105.5224, 22.0251], [-105.5144, 22.0188], [-105.5082, 22.0257], [-105.5369, 22.0613], [-105.5142, 22.0681], [-105.5078, 22.0663], [-105.5054, 22.0701], [-105.4973, 22.0702], [-105.4984, 22.0672], [-105.4983, 22.0648], [-105.4958, 22.0547], [-105.4965, 22.0289], [-105.4811, 22.0317], [-105.4818, 22.0333], [-105.4917, 22.0369], [-105.4967, 22.0606], [-105.4955, 22.0627], [-105.4983, 22.0662], [-105.4971, 22.0706], [-105.4992, 22.0715], [-105.5111, 22.0696], [-105.5342, 22.0771], [-105.5327, 22.0894], [-105.5254, 22.0874], [-105.5195, 22.0877], [-105.5149, 22.0902], [-105.5086, 22.0858], [-105.495, 22.0808], [-105.4821, 22.0591], [-105.4677, 22.0436], [-105.4686, 22.0372], [-105.4554, 22.0223], [-105.4439, 22.0206], [-105.4411, 22.0239], [-105.4442, 22.0231], [-105.4663, 22.0359], [-105.4409, 22.0488], [-105.4425, 22.0559], [-105.4287, 22.0684], [-105.4081, 22.0617], [-105.3987, 22.0719], [-105.4194, 22.1003], [-105.4339, 22.1028], [-105.4245, 22.1209], [-105.4531, 22.1203], [-105.4694, 22.1279], [-105.4838, 22.1426], [-105.4986, 22.1424], [-105.509, 22.154], [-105.5204, 22.1455], [-105.5333, 22.178], [-105.5487, 22.1738], [-105.5491, 22.1798], [-105.5546, 22.1868], [-105.5604, 22.185], [-105.5611, 22.1715], [-105.5471, 22.1593], [-105.5295, 22.1305], [-105.5351, 22.1263], [-105.5425, 22.1313], [-105.5455, 22.1476], [-105.5539, 22.157], [-105.5675, 22.1609], [-105.569, 22.2163], [-105.5896, 22.2182], [-105.5998, 22.2064], [-105.614, 22.2145], [-105.6082, 22.2406], [-105.6284, 22.273], [-105.6288, 22.3133], [-105.6336, 22.3231], [-105.6338, 22.365], [-105.6426, 22.3798], [-105.6372, 22.4039], [-105.64, 22.4119], [-105.6489, 22.4194], [-105.6414, 22.4328], [-105.6423, 22.4573], [-105.6581, 22.4663], [-105.6546, 22.495], [-105.6677, 22.5023], [-105.6557, 22.5175], [-105.6372, 22.5079], [-105.6357, 22.4965], [-105.6076, 22.4652], [-105.61, 22.4312], [-105.5795, 22.4357], [-105.5819, 22.4509], [-105.6032, 22.4693], [-105.5912, 22.4792], [-105.5986, 22.4912], [-105.6127, 22.4914], [-105.6345, 22.5243], [-105.6518, 22.5245], [-105.6577, 22.5667], [-105.6516, 22.5799], [-105.6422, 22.594], [-105.6307, 22.5916], [-105.6201, 22.6044], [-105.6165, 22.6248], [-105.6209, 22.6485], [-105.6163, 22.677], [-105.638, 22.7006], [-105.6411, 22.7235], [-105.6554, 22.7402], [-105.6701, 22.7363], [-105.6944, 22.75], [-105.7049, 22.7498], [-105.725, 22.7675], [-105.7569, 22.7645], [-105.7309, 22.7435], [-105.7595, 22.7439], [-105.7701, 22.7559], [-105.7886, 22.7302], [-105.7763, 22.7147], [-105.7571, 22.7033], [-105.7519, 22.6932], [-105.7137, 22.6483], [-105.7016, 22.6265], [-105.7061, 22.6057], [-105.6883, 22.5941], [-105.7029, 22.576], [-105.7059, 22.5501], [-105.6866, 22.4989], [-105.6883, 22.4811], [-105.6999, 22.475], [-105.7234, 22.4956], [-105.732, 22.5231], [-105.7491, 22.5518], [-105.7636, 22.5515], [-105.7869, 22.6017], [-105.8185, 22.6499], [-105.8469, 22.6837], [-105.9164, 22.7508], [-105.9519, 22.7809], [-105.9981, 22.813], [-106.0402, 22.837], [-106.0522, 22.8545], [-106.1205, 22.9328], [-106.1637, 22.9798], [-106.2181, 23.0342], [-106.258, 23.0683], [-106.2908, 23.0913], [-106.3087, 23.1112], [-106.3492, 23.1467], [-106.3935, 23.1822], [-106.4048, 23.1867], [-106.3873, 23.2063], [-106.354, 23.1757], [-106.3313, 23.1618], [-106.3268, 23.172], [-106.3467, 23.1784], [-106.3687, 23.1966], [-106.3697, 23.2091], [-106.4051, 23.2143], [-106.4168, 23.1879], [-106.427, 23.1888], [-106.4284, 23.2263], [-106.4531, 23.2416], [-106.4666, 23.2612], [-106.4665, 23.2726], [-106.4912, 23.3033], [-106.4794, 23.3181], [-106.4857, 23.3346], [-106.5309, 23.3939], [-106.5775, 23.4382], [-106.6292, 23.4822], [-106.6279, 23.4977], [-106.6721, 23.535], [-106.6817, 23.5401], [-106.686, 23.558], [-106.7234, 23.5914], [-106.7558, 23.6106], [-106.7894, 23.6403], [-106.8099, 23.6519], [-106.7951, 23.6714], [-106.7957, 23.6824], [-106.8175, 23.7128], [-106.8468, 23.7408], [-106.8442, 23.7543], [-106.8821, 23.7957], [-106.8911, 23.8392], [-106.9493, 23.8957], [-107.0479, 23.9834], [-107.1648, 24.0747], [-107.1911, 24.0918], [-107.1822, 24.0974], [-107.154, 24.0764], [-107.083, 24.0128], [-107.0442, 23.9845], [-107.0313, 23.9999], [-107.1146, 24.0643], [-107.1177, 24.065], [-107.1245, 24.0738], [-107.1351, 24.077], [-107.1379, 24.0834], [-107.1446, 24.0855], [-107.1467, 24.0897], [-107.1531, 24.0937], [-107.1574, 24.0945], [-107.1636, 24.0992], [-107.1569, 24.1011], [-107.1454, 24.0938], [-107.1426, 24.0946], [-107.1262, 24.087], [-107.1195, 24.0794], [-107.0738, 24.048], [-107.0599, 24.0462], [-107.0618, 24.0477], [-107.0621, 24.0515], [-107.06, 24.0572], [-107.0612, 24.0591], [-107.1158, 24.0831], [-107.1223, 24.101], [-107.1519, 24.1094], [-107.1566, 24.1258], [-107.1498, 24.1344], [-107.1654, 24.1526], [-107.1818, 24.1593], [-107.1874, 24.1348], [-107.1965, 24.1291], [-107.2197, 24.1343], [-107.2472, 24.1595], [-107.3165, 24.2055], [-107.3091, 24.2165], [-107.2913, 24.2092], [-107.2865, 24.2224], [-107.312, 24.2232], [-107.325, 24.2322], [-107.3388, 24.2623], [-107.3524, 24.2682], [-107.3866, 24.2512], [-107.4018, 24.2541], [-107.4164, 24.2457], [-107.4425, 24.2676], [-107.4997, 24.3094], [-107.6195, 24.3877], [-107.7155, 24.4473], [-107.7637, 24.4738], [-107.8029, 24.4896], [-107.795, 24.5137], [-107.783, 24.5104], [-107.7689, 24.4891], [-107.7412, 24.4813], [-107.725, 24.4646], [-107.7047, 24.4598], [-107.681, 24.4399], [-107.6546, 24.4265], [-107.6445, 24.4271], [-107.6254, 24.3998], [-107.6102, 24.3997], [-107.5776, 24.3882], [-107.5742, 24.3714], [-107.5393, 24.3403], [-107.497, 24.3144], [-107.4722, 24.3218], [-107.5101, 24.3534], [-107.4889, 24.3584], [-107.4868, 24.3803], [-107.4763, 24.3897], [-107.4786, 24.4206], [-107.5157, 24.4874], [-107.5376, 24.5122], [-107.5348, 24.522], [-107.5264, 24.5303], [-107.5283, 24.5332], [-107.5486, 24.5198], [-107.5684, 24.5274], [-107.5917, 24.5257], [-107.6105, 24.513], [-107.5866, 24.4935], [-107.5954, 24.47], [-107.6372, 24.4644], [-107.6465, 24.4773], [-107.6714, 24.4872], [-107.6839, 24.5111], [-107.7052, 24.5009], [-107.7217, 24.5037], [-107.7365, 24.5383], [-107.7538, 24.5418], [-107.7418, 24.5619], [-107.7534, 24.5676], [-107.7624, 24.5868], [-107.8153, 24.5803], [-107.8112, 24.5938], [-107.8409, 24.5965], [-107.854, 24.6112], [-107.8445, 24.6268], [-107.8801, 24.6331], [-107.9073, 24.6197], [-107.9265, 24.6273], [-107.952, 24.6596], [-107.9776, 24.6641], [-107.9648, 24.6451], [-107.95, 24.6391], [-107.9289, 24.6018], [-107.9775, 24.634], [-108.0, 24.6531], [-108.019, 24.6877], [-108.0155, 24.7206], [-108.0292, 24.7437], [-108.069, 24.7846], [-108.0429, 24.7832], [-108.0131, 24.7547], [-107.9912, 24.7397], [-107.9822, 24.7261], [-107.9584, 24.7089], [-107.9281, 24.7255], [-107.925, 24.7369], [-107.9401, 24.7564], [-107.9618, 24.7591], [-107.9556, 24.7825], [-107.9401, 24.7667], [-107.9273, 24.7806], [-107.9259, 24.8002], [-107.9375, 24.8241], [-107.9583, 24.8229], [-107.9404, 24.8435], [-107.9316, 24.8643], [-107.9382, 24.8778], [-107.9322, 24.8893], [-107.9384, 24.9141], [-107.965, 24.903], [-107.9896, 24.92], [-107.9956, 24.9379], [-107.9917, 24.9624], [-107.9721, 24.9299], [-107.9489, 24.9271], [-107.9382, 24.9426], [-107.9512, 24.9509], [-107.9485, 24.9653], [-107.9629, 24.9767], [-107.9836, 24.985], [-107.9856, 24.9948], [-108.0106, 24.9981], [-108.0255, 24.9921], [-108.0317, 25.022], [-108.0207, 25.0596], [-108.0597, 25.0719], [-108.0609, 25.0792], [-108.0859, 25.0881], [-108.1001, 25.1075], [-108.1282, 25.1219], [-108.131, 25.1006], [-108.165, 25.1084], [-108.2215, 25.1599], [-108.2388, 25.1683], [-108.2512, 25.1958], [-108.2769, 25.2078], [-108.2869, 25.2283], [-108.3037, 25.2391], [-108.328, 25.2638], [-108.3259, 25.2916], [-108.3442, 25.2981], [-108.3678, 25.2917], [-108.3733, 25.3158], [-108.3929, 25.2981], [-108.4178, 25.2967], [-108.4293, 25.2809], [-108.3869, 25.2404], [-108.3901, 25.2314], [-108.3732, 25.2196], [-108.3754, 25.2029], [-108.3886, 25.1932], [-108.4357, 25.244], [-108.4582, 25.2621], [-108.4973, 25.2838], [-108.5343, 25.2986], [-108.5255, 25.3181], [-108.5358, 25.3415], [-108.5597, 25.3447], [-108.5841, 25.3577], [-108.6015, 25.3494], [-108.6247, 25.365], [-108.6464, 25.3999], [-108.6778, 25.4153], [-108.6857, 25.4278], [-108.7103, 25.4382], [-108.7112, 25.4487], [-108.7398, 25.4764], [-108.7539, 25.5067], [-108.7624, 25.5138], [-108.7745, 25.5505], [-108.7909, 25.5471], [-108.8231, 25.5307], [-108.8422, 25.5648], [-108.8616, 25.5693], [-108.8693, 25.5612], [-108.8893, 25.5682], [-108.9082, 25.561], [-108.8965, 25.5379], [-108.8987, 25.5151], [-108.8912, 25.5063], [-108.8954, 25.4883], [-108.9136, 25.4762], [-108.9161, 25.4618], [-108.9336, 25.4574], [-108.9437, 25.4985], [-108.991, 25.5085], [-108.9999, 25.5008], [-109.0234, 25.5007], [-109.0285, 25.4842], [-109.0651, 25.485], [-109.077, 25.4899], [-109.0973, 25.527], [-109.0722, 25.5445], [-109.0534, 25.5476], [-109.0497, 25.5918], [-109.0152, 25.5599], [-108.9905, 25.5746], [-108.9868, 25.5405], [-108.9763, 25.5491], [-108.9701, 25.5714], [-108.9794, 25.5792], [-108.9685, 25.6066], [-108.9529, 25.6122], [-108.9437, 25.6044], [-108.9229, 25.6188], [-108.9184, 25.6322], [-108.9249, 25.6642], [-108.9315, 25.6735], [-108.9737, 25.6755], [-108.9931, 25.6605], [-109.0157, 25.6577], [-109.0306, 25.6372], [-109.0319, 25.6191], [-109.0445, 25.6019], [-109.0599, 25.6122], [-109.0953, 25.599], [-109.1385, 25.631], [-109.1375, 25.6601], [-109.147, 25.6787], [-109.1748, 25.6876], [-109.2103, 25.7077], [-109.2294, 25.7055], [-109.2272, 25.7358], [-109.2482, 25.744], [-109.2621, 25.701], [-109.2529, 25.6867], [-109.2556, 25.6716], [-109.2399, 25.6567], [-109.2476, 25.6435], [-109.2872, 25.6557], [-109.29, 25.7046], [-109.282, 25.7097], [-109.2798, 25.7444], [-109.3017, 25.7745], [-109.318, 25.7727], [-109.3233, 25.7895], [-109.3423, 25.7827], [-109.3592, 25.7849], [-109.3669, 25.8056], [-109.3807, 25.8099], [-109.4094, 25.8593], [-109.4066, 25.8925], [-109.418, 25.8926], [-109.4183, 25.931], [-109.4407, 25.9643], [-109.4354, 25.9955], [-109.4181, 26.0354], [-109.3994, 26.0383], [-109.4003, 26.0689], [-109.3884, 26.0879], [-109.3636, 26.1042], [-109.3599, 26.1158], [-109.344, 26.1186], [-109.3417, 26.0971], [-109.3297, 26.1011], [-109.3515, 26.1353], [-109.314, 26.1958], [-109.2974, 26.2309], [-109.29, 26.2737], [-109.2478, 26.3161], [-109.2378, 26.3127], [-109.2573, 26.2695], [-109.2794, 26.2696], [-109.2842, 26.2379], [-109.3083, 26.1454], [-109.3056, 26.1342], [-109.2831, 26.1345], [-109.2709, 26.1552], [-109.2594, 26.1932], [-109.2375, 26.2289], [-109.2324, 26.2548], [-109.2202, 26.2644], [-109.222, 26.2835], [-109.2156, 26.3346], [-109.1955, 26.341], [-109.1929, 26.3406], [-109.1853, 26.3285], [-109.1824, 26.3273], [-109.1768, 26.3195], [-109.1746, 26.3187], [-109.1719, 26.3118], [-109.1673, 26.3105], [-109.1571, 26.2955], [-109.1771, 26.2592], [-109.1621, 26.2354], [-109.1384, 26.224], [-109.1217, 26.2091], [-109.0991, 26.2158], [-109.1151, 26.2502], [-109.0909, 26.2851], [-109.1089, 26.2797], [-109.1264, 26.2864], [-109.1348, 26.2993], [-109.1322, 26.2976], [-109.125, 26.2972], [-109.1209, 26.299], [-109.1184, 26.3037], [-109.1466, 26.3134], [-109.1503, 26.3319], [-109.1384, 26.3443], [-109.1626, 26.3671], [-109.1824, 26.3791], [-109.2009, 26.366], [-109.223, 26.3933], [-109.2366, 26.3998], [-109.2424, 26.4432], [-109.236, 26.452], [-109.2466, 26.4714], [-109.2583, 26.4705], [-109.2748, 26.5172], [-109.2874, 26.5378], [-109.326, 26.5795], [-109.3583, 26.5991], [-109.3821, 26.6341], [-109.4028, 26.6535], [-109.4283, 26.6695], [-109.4352, 26.7025], [-109.4443, 26.7166], [-109.4715, 26.7166], [-109.4832, 26.7439], [-109.5073, 26.728], [-109.5123, 26.7532], [-109.5309, 26.7529], [-109.5541, 26.7271], [-109.556, 26.7172], [-109.5408, 26.6947], [-109.583, 26.7012], [-109.5745, 26.7171], [-109.5934, 26.7328], [-109.6087, 26.6951], [-109.6432, 26.6943], [-109.6617, 26.687], [-109.6671, 26.6735], [-109.6868, 26.6764], [-109.7698, 26.7083], [-109.819, 26.7505], [-109.8524, 26.7942], [-109.8594, 26.819], [-109.8544, 26.8434], [-109.8676, 26.8484], [-109.8753, 26.885], [-109.8848, 26.9056], [-109.8914, 26.925], [-109.9178, 26.9622], [-109.9475, 26.9964], [-109.94, 26.9992], [-109.9231, 26.972], [-109.9019, 26.9504], [-109.8912, 26.9723], [-109.8931, 26.9735], [-109.8942, 26.9724], [-109.8915, 26.9803], [-109.8998, 26.9819], [-109.8993, 26.9758], [-109.9012, 26.9757], [-109.9022, 26.9888], [-109.8962, 26.9885], [-109.8975, 26.9927], [-109.9186, 26.9959], [-109.9157, 27.0039], [-109.9115, 27.0036], [-109.91, 26.9996], [-109.9014, 26.9956], [-109.897, 26.9957], [-109.8907, 27.0], [-109.8997, 26.9992], [-109.9097, 27.0015], [-109.9081, 27.0059], [-109.9098, 27.0073], [-109.9125, 27.0522], [-109.9182, 27.0651], [-109.9724, 27.1008], [-109.9956, 27.0733], [-109.9819, 27.0661], [-109.9735, 27.0648], [-109.9718, 27.061], [-109.9592, 27.0513], [-109.9494, 27.0407], [-109.9474, 27.0344], [-109.9404, 27.0243], [-109.939, 27.0188], [-109.9644, 27.0524], [-109.9867, 27.0649], [-110.0222, 27.0785], [-110.0015, 27.0809], [-109.9955, 27.076], [-109.9713, 27.1028], [-109.9719, 27.1065], [-110.0084, 27.1139], [-110.0114, 27.1265], [-110.0436, 27.1196], [-110.0454, 27.0918], [-110.0639, 27.0839], [-110.0888, 27.1023], [-110.1125, 27.111], [-110.1259, 27.127], [-110.1464, 27.1188], [-110.2243, 27.1355], [-110.2077, 27.1332], [-110.2107, 27.1394], [-110.2078, 27.1411], [-110.2014, 27.1367], [-110.1881, 27.1329], [-110.1902, 27.1355], [-110.2028, 27.1427], [-110.2055, 27.1488], [-110.212, 27.1483], [-110.2121, 27.1505], [-110.2144, 27.1523], [-110.2398, 27.1604], [-110.2713, 27.1463], [-110.2983, 27.151], [-110.2905, 27.1727], [-110.3108, 27.1757], [-110.3228, 27.1861], [-110.3373, 27.1759], [-110.3455, 27.1885], [-110.3819, 27.2203], [-110.4125, 27.2525], [-110.4466, 27.2749], [-110.4746, 27.2851], [-110.4457, 27.2954], [-110.4349, 27.3043], [-110.4534, 27.3182], [-110.482, 27.3279], [-110.4746, 27.348], [-110.4793, 27.3743], [-110.5034, 27.3872], [-110.5225, 27.3771], [-110.5195, 27.4042], [-110.5026, 27.4194], [-110.522, 27.4367], [-110.5236, 27.4606], [-110.544, 27.48], [-110.5782, 27.4785], [-110.5787, 27.4592], [-110.5913, 27.4413], [-110.5879, 27.5165], [-110.5804, 27.5167], [-110.5621, 27.4919], [-110.548, 27.4962], [-110.5699, 27.5171], [-110.5858, 27.5642], [-110.6014, 27.5699], [-110.5958, 27.5895], [-110.6033, 27.6096], [-110.6161, 27.6088], [-110.6017, 27.6479], [-110.5739, 27.6573], [-110.5652, 27.6697], [-110.567, 27.6841], [-110.5931, 27.7049], [-110.5757, 27.7232], [-110.5628, 27.7175], [-110.5528, 27.7409], [-110.586, 27.7485], [-110.6093, 27.7749], [-110.5701, 27.7898], [-110.5858, 27.8009], [-110.5908, 27.8179], [-110.5261, 27.8316], [-110.5294, 27.8512], [-110.5482, 27.8603], [-110.56, 27.8789], [-110.6141, 27.8882], [-110.6301, 27.8822], [-110.6431, 27.8881], [-110.6485, 27.9038], [-110.679, 27.8896], [-110.707, 27.9029], [-110.7583, 27.9148], [-110.7959, 27.919], [-110.8128, 27.926], [-110.8281, 27.9543], [-110.8544, 27.9463], [-110.8662, 27.9157], [-110.8906, 27.9203], [-110.8984, 27.9032], [-110.8808, 27.8966], [-110.8687, 27.8728], [-110.8811, 27.8638], [-110.8837, 27.8476], [-110.9112, 27.8687], [-110.941, 27.8697], [-110.9625, 27.8952], [-110.9475, 27.9115], [-110.9488, 27.9256], [-110.9699, 27.928], [-110.9835, 27.9582], [-111.0254, 27.9625], [-111.0423, 27.9512], [-111.0787, 27.9365], [-111.0978, 27.9595], [-111.1201, 27.9775], [-111.1419, 27.9861], [-111.1739, 27.9921], [-111.1911, 28.0229], [-111.2112, 28.0417], [-111.251, 28.0589], [-111.2565, 28.0694], [-111.2771, 28.0812], [-111.285, 28.1139], [-111.3206, 28.1549], [-111.3293, 28.1598], [-111.3342, 28.1961], [-111.344, 28.2099], [-111.362, 28.2186], [-111.3857, 28.2569], [-111.3924, 28.2736], [-111.4072, 28.2738], [-111.4551, 28.3136], [-111.4595, 28.3364], [-111.4459, 28.3551], [-111.4053, 28.3686], [-111.4254, 28.3776], [-111.4491, 28.3761], [-111.4585, 28.362], [-111.4728, 28.3752], [-111.504, 28.3921], [-111.5381, 28.4042], [-111.5794, 28.4142], [-111.6457, 28.4437], [-111.7072, 28.4558], [-111.7169, 28.4971], [-111.7369, 28.5215], [-111.7645, 28.5926], [-111.7761, 28.6092], [-111.7996, 28.6281], [-111.8588, 28.6633], [-111.8808, 28.6853], [-111.9251, 28.7184], [-111.9242, 28.7295], [-111.9505, 28.7576], [-111.9169, 28.7704], [-111.8996, 28.7688], [-111.883, 28.7399], [-111.8678, 28.7404], [-111.8536, 28.7538], [-111.854, 28.7734], [-111.8443, 28.7863], [-111.8442, 28.8069], [-111.8636, 28.8104], [-111.8646, 28.825], [-111.88, 28.8291], [-111.9296, 28.813], [-111.9521, 28.8247], [-111.9635, 28.8379], [-111.9971, 28.8529], [-112.0311, 28.8594], [-112.0324, 28.8751], [-112.0486, 28.8859], [-112.0476, 28.899], [-112.085, 28.9265], [-112.0957, 28.9503], [-112.113, 28.9608], [-112.1579, 28.9702], [-112.1514, 28.9969], [-112.1677, 29.0249], [-112.1721, 29.0478], [-112.1687, 29.0625], [-112.1807, 29.0865], [-112.1652, 29.1127], [-112.1726, 29.1324], [-112.2024, 29.1787], [-112.228, 29.1771], [-112.2169, 29.2071], [-112.2089, 29.2458], [-112.2154, 29.2729], [-112.241, 29.3168], [-112.2801, 29.3432], [-112.3158, 29.3394], [-112.342, 29.3232], [-112.3577, 29.3304], [-112.375, 29.3257], [-112.4027, 29.337], [-112.4124, 29.3492], [-112.4213, 29.3751], [-112.3944, 29.4217], [-112.3809, 29.4537], [-112.3787, 29.482], [-112.3941, 29.5025], [-112.4138, 29.5063], [-112.4292, 29.5201], [-112.4287, 29.5465], [-112.4354, 29.5589], [-112.4593, 29.5804], [-112.4765, 29.5897], [-112.5229, 29.6502], [-112.5262, 29.6666], [-112.5524, 29.6971], [-112.5805, 29.7115], [-112.5865, 29.7387], [-112.6002, 29.756], [-112.6086, 29.7821], [-112.6418, 29.8192], [-112.6516, 29.8358], [-112.65, 29.8595], [-112.6675, 29.8932], [-112.6827, 29.904], [-112.7126, 29.9103], [-112.7379, 29.9042], [-112.7475, 29.9154], [-112.7386, 29.9443], [-112.7421, 29.9573], [-112.7329, 30.0012], [-112.7442, 30.0357], [-112.7608, 30.0602], [-112.7607, 30.0785], [-112.7531, 30.1218], [-112.7534, 30.176], [-112.7618, 30.2021], [-112.7752, 30.2246], [-112.8028, 30.2531], [-112.8239, 30.2671], [-112.8434, 30.2713], [-112.8515, 30.2821], [-112.8465, 30.3169], [-112.847, 30.3521], [-112.8602, 30.4042], [-112.8799, 30.4375], [-112.9009, 30.4624], [-112.9466, 30.506], [-112.9872, 30.5286], [-113.0064, 30.5618], [-113.0421, 30.6107], [-113.0812, 30.6728], [-113.095, 30.7082], [-113.1039, 30.7539], [-113.1268, 30.8099], [-113.1131, 30.8395], [-113.1033, 30.8797], [-113.0967, 30.9361], [-113.0965, 30.9676], [-113.0897, 30.9822], [-113.0532, 31.0206], [-113.0503, 31.0438], [-113.0488, 31.105], [-113.0673, 31.1412], [-113.0713, 31.1609], [-113.1023, 31.1985], [-113.1203, 31.1921], [-113.1882, 31.224], [-113.2045, 31.2369], [-113.2612, 31.2423], [-113.3624, 31.2662], [-113.5488, 31.2983], [-113.5531, 31.3156], [-113.571, 31.3214], [-113.6213, 31.3268], [-113.6138, 31.3412], [-113.6097, 31.3683], [-113.6166, 31.3918], [-113.6355, 31.4287], [-113.6289, 31.4502], [-113.6409, 31.4812], [-113.6706, 31.5092], [-113.6938, 31.5218], [-113.763, 31.5502], [-113.7776, 31.5612], [-113.8031, 31.5646], [-113.8375, 31.5817], [-113.8514, 31.595], [-113.8698, 31.5878], [-113.8801, 31.6056], [-113.8978, 31.6078], [-113.9048, 31.621], [-113.9224, 31.6064], [-113.9605, 31.6167], [-113.9744, 31.632], [-113.9787, 31.6039], [-113.9932, 31.5902], [-113.9922, 31.5674], [-113.9758, 31.577], [-113.9632, 31.5596], [-113.9838, 31.5465], [-113.9862, 31.5295], [-114.006, 31.5238], [-114.0187, 31.5178], [-114.0283, 31.4921], [-114.1387, 31.4926], [-114.1658, 31.4971], [-114.2074, 31.5133], [-114.2251, 31.526], [-114.2768, 31.5452], [-114.3273, 31.5838], [-114.3352, 31.597], [-114.3667, 31.6094], [-114.3947, 31.627], [-114.4504, 31.6493], [-114.4659, 31.6701], [-114.4903, 31.6755], [-114.5091, 31.696], [-114.5252, 31.702], [-114.5594, 31.7395], [-114.5908, 31.7559], [-114.6316, 31.7628], [-114.6803, 31.7598], [-114.6977, 31.7639], [-114.7305, 31.7832], [-114.7445, 31.8064], [-114.7626, 31.8188], [-114.7884, 31.8224], [-114.8069, 31.8167], [-114.8257, 31.8288], [-114.8432, 31.8636], [-114.8751, 31.8656], [-114.887, 31.8716], [-114.9068, 31.8673], [-114.9148, 31.8822], [-114.9392, 31.8921], [-114.9471, 31.9118], [-114.9655, 31.9184], [-114.9674, 31.9969], [-114.957, 32.0386], [-114.9897, 32.1464], [-114.9753, 32.178], [-115.0414, 32.2324], [-115.053, 32.2452], [-115.0427, 32.2701], [-115.0076, 32.3054], [-114.9656, 32.341], [-114.9632, 32.3767], [-114.9685, 32.3892], [-114.9538, 32.397], [-114.9609, 32.4107], [-114.9316, 32.4411], [-114.9392, 32.4743], [-114.935, 32.4819], [-114.9001, 32.4835], [-114.8802, 32.492], [-114.8491, 32.4734], [-114.8157, 32.4833], [-114.8136, 32.494], [-114.0122, 32.2505], [-113.1553, 31.9825], [-112.3457, 31.7348], [-111.6567, 31.5185], [-111.075, 31.3323], [-110.1565, 31.3341], [-109.2669, 31.3339], [-108.7561, 31.3322], [-108.8172, 31.239], [-108.8798, 31.2388], [-108.9063, 31.2134], [-108.9003, 31.2025], [-108.8607, 31.2189], [-108.8483, 31.1951], [-108.805, 31.193], [-108.835, 31.1693], [-108.8456, 31.1356], [-108.8333, 31.1255], [-108.77, 31.1025], [-108.7638, 31.0724], [-108.7504, 31.0698], [-108.7307, 31.0517], [-108.7525, 31.0338], [-108.6844, 31.0337], [-108.6838, 31.006], [-108.8033, 31.0048], [-108.8024, 30.9041], [-108.9392, 30.9076], [-108.9309, 30.8665], [-108.9355, 30.7736], [-108.9483, 30.7369], [-108.919, 30.7394], [-108.8869, 30.7193], [-108.8669, 30.6894], [-108.8777, 30.6378], [-108.8744, 30.6235], [-108.8483, 30.6143], [-108.8307, 30.6017], [-108.762, 30.5873], [-108.7566, 30.5961], [-108.7267, 30.5946], [-108.7274, 30.5805], [-108.6874, 30.5548], [-108.6778, 30.5571], [-108.6729, 30.531], [-108.662, 30.5219], [-108.6571, 30.4703], [-108.6648, 30.4681], [-108.6038, 30.4651], [-108.6135, 30.4357], [-108.6487, 30.4169], [-108.6198, 30.3748], [-108.6221, 30.3403], [-108.58, 30.3375], [-108.5658, 30.3082], [-108.5422, 30.2835], [-108.5506, 30.2666], [-108.565, 30.2697], [-108.586, 30.2861], [-108.6202, 30.2982], [-108.6117, 30.1024], [-108.6148, 30.0578], [-108.6069, 30.0286], [-108.6155, 29.9659], [-108.6285, 29.9534], [-108.6188, 29.9313], [-108.6158, 29.8835], [-108.6217, 29.8782], [-108.6072, 29.8471], [-108.6347, 29.832], [-108.6294, 29.8063], [-108.6017, 29.7971], [-108.5413, 29.7961], [-108.535, 29.7514], [-108.5478, 29.7374], [-108.5928, 29.7284], [-108.5925, 29.7176], [-108.6591, 29.7161], [-108.6452, 29.692], [-108.6183, 29.6605], [-108.655, 29.6494], [-108.6446, 29.6276], [-108.6411, 29.5889], [-108.6595, 29.584], [-108.6383, 29.5583], [-108.6623, 29.5445], [-108.6495, 29.51], [-108.6252, 29.501], [-108.644, 29.4888], [-108.6896, 29.484], [-108.6943, 29.4671], [-108.7178, 29.4659], [-108.7074, 29.4395], [-108.7036, 29.4085], [-108.6697, 29.3074], [-108.6822, 29.2674], [-108.7303, 29.2691], [-108.75, 29.2567], [-108.7354, 29.2177], [-108.7398, 29.2008], [-108.7539, 29.2001], [-108.7452, 29.1722], [-108.7288, 29.1718], [-108.7095, 29.1491], [-108.6985, 29.1277], [-108.7296, 29.0965], [-108.7115, 29.0874], [-108.7243, 29.0699], [-108.6982, 28.9363], [-108.7063, 28.9036], [-108.7069, 28.8843], [-108.6871, 28.8757], [-108.6812, 28.8548], [-108.6578, 28.8092], [-108.6296, 28.8117], [-108.6244, 28.8001], [-108.6456, 28.7947], [-108.6433, 28.7651], [-108.6207, 28.7503], [-108.5838, 28.7401], [-108.5839, 28.6659], [-108.5801, 28.6325], [-108.5644, 28.6127], [-108.5619, 28.5923], [-108.5516, 28.5778], [-108.5313, 28.5567], [-108.5319, 28.539], [-108.5233, 28.5059], [-108.5077, 28.5082], [-108.5048, 28.4934], [-108.5137, 28.4845], [-108.5204, 28.4598], [-108.5041, 28.4544], [-108.5155, 28.4263], [-108.489, 28.3751], [-108.4797, 28.3696], [-108.5014, 28.3557], [-108.5216, 28.3651], [-108.5196, 28.3348], [-108.5509, 28.3181], [-108.6035, 28.3476], [-108.6112, 28.3352], [-108.6362, 28.3352], [-108.6355, 28.3063], [-108.6619, 28.2955], [-108.6872, 28.3035], [-108.7139, 28.288], [-108.751, 28.2716], [-108.7967, 28.2672], [-108.7917, 28.2536], [-108.8304, 28.265], [-108.8406, 28.2543], [-108.8693, 28.257], [-108.8795, 28.2645], [-108.9127, 28.26], [-108.9614, 28.262], [-108.9875, 28.278], [-108.9887, 28.2619], [-108.9988, 28.2555], [-109.0228, 28.2775], [-109.0399, 28.2687], [-109.0749, 28.2726], [-109.062, 28.1992], [-109.0717, 28.1503], [-109.068, 28.129], [-109.0517, 28.0991], [-109.0319, 28.0183], [-109.0164, 28.008], [-108.9917, 27.98], [-108.9784, 27.9788], [-108.9637, 27.9725], [-108.9503, 27.954], [-108.9265, 27.9406], [-108.9197, 27.8709], [-108.9149, 27.854], [-108.8692, 27.8393], [-108.8861, 27.8137], [-108.9105, 27.8091], [-108.9203, 27.784], [-108.8955, 27.7448], [-108.833, 27.7444], [-108.817, 27.7322], [-108.766, 27.7058], [-108.7626, 27.676], [-108.7493, 27.6647], [-108.7542, 27.6367], [-108.7398, 27.6], [-108.723, 27.5881], [-108.7128, 27.5662], [-108.6553, 27.5438], [-108.6524, 27.537], [-108.6558, 27.4773], [-108.6616, 27.4647], [-108.6334, 27.4281], [-108.6278, 27.4106], [-108.6291, 27.3829], [-108.5911, 27.3181], [-108.6256, 27.2893], [-108.6473, 27.257], [-108.6644, 27.2394], [-108.6623, 27.2182], [-108.6443, 27.1788], [-108.6224, 27.1569], [-108.6114, 27.1541], [-108.6007, 27.119], [-108.597, 27.0769], [-108.6062, 27.0636], [-108.6023, 27.0369], [-108.5625, 27.046], [-108.5723, 27.0127], [-108.5518, 26.9971], [-108.5025, 26.9874], [-108.5046, 27.0046], [-108.4842, 27.0174], [-108.4854, 27.0376], [-108.4212, 27.0212], [-108.4096, 27.0134], [-108.3716, 27.023], [-108.3501, 27.0226], [-108.335, 27.0052], [-108.3175, 27.0341], [-108.3034, 27.0366], [-108.2816, 27.0132], [-108.2429, 27.0421], [-108.2259, 27.0272], [-108.2096, 27.0323], [-108.1948, 27.0255], [-108.1816, 27.0032], [-108.1946, 26.9836], [-108.2109, 26.9804], [-108.2184, 26.9648], [-108.2321, 26.9611], [-108.2252, 26.9221], [-108.2302, 26.9057], [-108.2123, 26.8862], [-108.1901, 26.8959], [-108.1396, 26.8955], [-108.1443, 26.8676], [-108.0941, 26.8705], [-108.0268, 26.7985], [-108.0376, 26.7698], [-108.0143, 26.7732], [-108.0057, 26.7611], [-108.0187, 26.7298], [-108.0088, 26.7233], [-108.0068, 26.7055], [-108.0146, 26.6857], [-108.0329, 26.6677], [-108.0647, 26.6474], [-108.0813, 26.6423], [-108.0609, 26.627], [-108.0363, 26.6191], [-108.0271, 26.5985], [-108.0145, 26.5934], [-108.0125, 26.5796], [-107.9923, 26.5626], [-107.988, 26.5461], [-107.9636, 26.5273], [-107.9558, 26.5074], [-107.9573, 26.4937], [-107.9726, 26.4873], [-107.9696, 26.4702], [-108.0128, 26.439], [-107.973, 26.3925], [-107.9741, 26.3886], [-107.8563, 26.226], [-107.854, 26.1965], [-107.8371, 26.1825], [-107.8103, 26.1837], [-107.7894, 26.1688], [-107.7807, 26.1369], [-107.7552, 26.1345], [-107.7476, 26.1538], [-107.7135, 26.1725], [-107.6808, 26.1628], [-107.6528, 26.1636], [-107.6354, 26.1547], [-107.621, 26.1625], [-107.5894, 26.1699], [-107.5649, 26.1645], [-107.5433, 26.1464], [-107.52, 26.1042], [-107.5061, 26.1158], [-107.4937, 26.1106], [-107.4632, 26.1365], [-107.431, 26.1429], [-107.4161, 26.1412], [-107.3465, 26.1095], [-107.327, 26.0909], [-107.3049, 26.0764], [-107.3067, 26.0488], [-107.2763, 26.002], [-107.282, 25.992], [-107.2803, 25.9574], [-107.287, 25.954], [-107.2961, 25.9248], [-107.2425, 25.8924], [-107.2471, 25.8799], [-107.1946, 25.8523], [-107.0593, 25.7582], [-107.0655, 25.7258], [-107.0485, 25.7113], [-107.0469, 25.7006], [-107.0103, 25.692], [-106.9903, 25.7149], [-106.9653, 25.6979], [-106.9669, 25.6683], [-106.9943, 25.6622], [-106.9733, 25.6296], [-107.0342, 25.5963], [-107.11, 25.5605], [-107.1246, 25.5504], [-107.1388, 25.5601], [-107.1701, 25.5595], [-107.1767, 25.5401], [-107.1776, 25.5144], [-107.1663, 25.503], [-107.1477, 25.505], [-107.1393, 25.4896], [-107.1512, 25.4763], [-107.1586, 25.4422], [-107.1849, 25.4368], [-107.2101, 25.4171], [-107.1716, 25.3264], [-107.2078, 25.3316], [-107.1584, 25.263], [-107.1483, 25.2592], [-107.1214, 25.2435], [-107.1354, 25.2254], [-107.1488, 25.2245], [-107.1249, 25.1866], [-107.1299, 25.0531], [-107.0674, 25.0301], [-107.0573, 24.9987], [-107.0183, 24.9336], [-107.0006, 24.9282], [-106.9733, 24.9096], [-106.951, 24.888], [-106.9345, 24.8805], [-106.9271, 24.8666], [-106.9464, 24.8585], [-106.9307, 24.8209], [-106.9193, 24.814], [-106.903, 24.8284], [-106.886, 24.8263], [-106.861, 24.8184], [-106.7151, 24.6721], [-106.7059, 24.6653], [-106.689, 24.6238], [-106.6836, 24.5985], [-106.6454, 24.529], [-106.6226, 24.5249], [-106.6248, 24.5002], [-106.5871, 24.4926], [-106.56, 24.4727], [-106.5693, 24.437], [-106.6016, 24.4146], [-106.5835, 24.3903], [-106.586, 24.379], [-106.5341, 24.3096], [-106.528, 24.2951], [-106.5083, 24.2909], [-106.4697, 24.2779], [-106.4295, 24.2851], [-106.363, 24.3042], [-106.3526, 24.3165], [-106.3461, 24.3449], [-106.3279, 24.3611], [-106.2689, 24.3748], [-106.1944, 24.3518], [-106.17, 24.3337], [-106.1526, 24.3388], [-106.0889, 24.2844], [-106.0745, 24.2694], [-106.0699, 24.2202], [-106.0439, 24.2208], [-106.0286, 24.1803], [-106.0032, 24.1468], [-106.0041, 24.1215], [-105.9891, 24.108], [-106.0079, 24.0718], [-106.0001, 24.0465], [-105.9663, 24.0313], [-105.9604, 24.0179], [-105.9415, 24.0132], [-105.9085, 23.9834], [-105.9454, 23.948], [-105.8999, 23.9439], [-105.8816, 23.9328], [-105.8585, 23.9017], [-105.8672, 23.8752], [-105.8852, 23.8796], [-105.9537, 23.9086], [-105.9613, 23.8407], [-105.9393, 23.7914], [-105.9249, 23.7738], [-105.9267, 23.7615], [-105.9231, 23.7478], [-105.9061, 23.7394], [-105.9159, 23.7264], [-105.9266, 23.6841], [-105.9089, 23.5883], [-105.8926, 23.5526], [-105.8843, 23.5904], [-105.8455, 23.6032], [-105.8116, 23.611], [-105.8073, 23.5906], [-105.7729, 23.561], [-105.7691, 23.5419], [-105.7604, 23.5351], [-105.751, 23.5003], [-105.7239, 23.4757], [-105.7245, 23.4614], [-105.7384, 23.4446], [-105.7296, 23.4303], [-105.7003, 23.4197], [-105.7118, 23.3935], [-105.73, 23.374], [-105.718, 23.3685], [-105.7052, 23.3487], [-105.6946, 23.3216], [-105.694, 23.3013], [-105.6848, 23.2857], [-105.6611, 23.2843], [-105.6432, 23.2765], [-105.6478, 23.2603], [-105.6303, 23.2356], [-105.6357, 23.214], [-105.6297, 23.2023], [-105.6453, 23.1437], [-105.6235, 23.1223], [-105.5976, 23.1092], [-105.5657, 23.1083], [-105.5551, 23.099], [-105.5371, 23.1045], [-105.5312, 23.1181], [-105.502, 23.128], [-105.4553, 23.1173], [-105.4341, 23.1205], [-105.4159, 23.1169], [-105.3922, 23.0841], [-105.3505, 23.0606], [-105.3561, 23.0442], [-105.3538, 23.0203], [-105.3362, 22.996], [-105.3369, 22.9717], [-105.3236, 22.9413], [-105.2977, 22.9542], [-105.2541, 22.9563], [-105.1636, 22.9539], [-105.076, 22.9596], [-105.0138, 22.9777], [-105.0033, 22.977], [-105.0083, 22.9685], [-104.9969, 22.952], [-105.0097, 22.9215], [-105.0051, 22.9035], [-104.989, 22.8909], [-104.9875, 22.8462], [-104.9783, 22.8262], [-104.959, 22.8136], [-104.9195, 22.8206], [-104.9056, 22.7998], [-104.9156, 22.7485], [-104.8927, 22.7374], [-105.0573, 22.6881], [-105.0684, 22.6784], [-105.0724, 22.6565], [-105.0076, 22.5857], [-104.9879, 22.4987]]], [[[-109.2513, 26.3427], [-109.2402, 26.3879], [-109.2297, 26.3659], [-109.2368, 26.3484], [-109.2513, 26.3427]]], [[[-109.4277, 25.7911], [-109.4279, 25.8089], [-109.4141, 25.8141], [-109.4073, 25.7772], [-109.3995, 25.7669], [-109.402, 25.7463], [-109.4277, 25.7911]]], [[[-109.1881, 25.6197], [-109.1995, 25.6143], [-109.2488, 25.6346], [-109.3057, 25.6508], [-109.261, 25.642], [-109.2373, 25.6317], [-109.2258, 25.638], [-109.1881, 25.6197]]], [[[-108.8347, 25.4905], [-108.8185, 25.5165], [-108.8114, 25.4847], [-108.8347, 25.4905]]], [[[-108.9357, 25.4267], [-108.9898, 25.4353], [-109.0077, 25.4426], [-108.9896, 25.4362], [-108.9557, 25.4354], [-108.8949, 25.4281], [-108.8863, 25.4335], [-108.8573, 25.4219], [-108.82, 25.4006], [-108.8046, 25.3861], [-108.8035, 25.3722], [-108.8651, 25.4032], [-108.9058, 25.4187], [-108.9357, 25.4267]]], [[[-108.3521, 25.1963], [-108.3521, 25.2073], [-108.3204, 25.1842], [-108.3197, 25.1656], [-108.3361, 25.1653], [-108.3382, 25.1842], [-108.3521, 25.1963]]], [[[-108.2731, 25.1635], [-108.2687, 25.1802], [-108.2508, 25.1682], [-108.2559, 25.1539], [-108.2731, 25.1635]]], [[[-108.1098, 24.877], [-108.1021, 24.8393], [-108.1101, 24.822], [-108.1232, 24.8312], [-108.1252, 24.8469], [-108.1419, 24.882], [-108.2175, 25.0042], [-108.2415, 25.036], [-108.2939, 25.0827], [-108.3271, 25.1011], [-108.3434, 25.1175], [-108.3221, 25.127], [-108.3207, 25.1109], [-108.2967, 25.1042], [-108.2753, 25.091], [-108.2534, 25.0597], [-108.2194, 25.0259], [-108.1944, 24.9959], [-108.1731, 24.9649], [-108.15, 24.939], [-108.1309, 24.9234], [-108.1205, 24.8913], [-108.1098, 24.877]]], [[[-108.0521, 24.8352], [-108.0687, 24.8339], [-108.0897, 24.8827], [-108.1054, 24.9288], [-108.1215, 24.9572], [-108.1404, 24.9647], [-108.1312, 24.9949], [-108.1319, 25.0081], [-108.1445, 25.0433], [-108.1353, 25.0495], [-108.1138, 25.0164], [-108.09, 24.9975], [-108.074, 24.9946], [-108.0601, 24.9783], [-108.0618, 24.9645], [-108.0475, 24.9359], [-108.0518, 24.9234], [-108.0449, 24.8868], [-108.042, 24.8489], [-108.0521, 24.8352]]]]}}, {"type": "Feature", "properties": {"z": "NTE", "ISO_A3": "MEX", "c": "MEXICO"}, "geometry": {"type": "Polygon", "coordinates": [[[-101.4963, 21.8099], [-101.5035, 21.8301], [-101.4861, 21.8419], [-101.4832, 21.8677], [-101.4665, 21.8802], [-101.4102, 21.9087], [-101.412, 21.9187], [-101.4304, 21.9323], [-101.4052, 21.9485], [-101.3997, 21.9637], [-101.3605, 21.9952], [-101.3275, 21.997], [-101.3524, 22.0131], [-101.3828, 22.0207], [-101.3744, 22.0414], [-101.3541, 22.0448], [-101.3508, 22.0878], [-101.3294, 22.1356], [-101.3413, 22.1521], [-101.3513, 22.1768], [-101.3242, 22.2099], [-101.3528, 22.2292], [-101.37, 22.2533], [-101.3854, 22.2651], [-101.4163, 22.2673], [-101.398, 22.2824], [-101.3986, 22.2939], [-101.4255, 22.3244], [-101.4351, 22.3415], [-101.433, 22.3633], [-101.3819, 22.3575], [-101.3736, 22.4396], [-101.3748, 22.4565], [-101.3137, 22.4535], [-101.3154, 22.4697], [-101.2857, 22.5079], [-101.2941, 22.527], [-101.2883, 22.5622], [-101.2936, 22.5845], [-101.3057, 22.6099], [-101.3162, 22.6175], [-101.3369, 22.6587], [-101.3594, 22.6535], [-101.38, 22.6758], [-101.3657, 22.692], [-101.3601, 22.7143], [-101.4111, 22.7477], [-101.4912, 22.7419], [-101.497, 22.7015], [-101.5674, 22.6568], [-101.5738, 22.6128], [-101.5953, 22.6239], [-101.5901, 22.589], [-101.656, 22.5138], [-101.6748, 22.5065], [-101.696, 22.5204], [-101.7462, 22.5087], [-101.7353, 22.4802], [-101.7715, 22.4882], [-101.7834, 22.465], [-101.7993, 22.4706], [-101.8371, 22.4997], [-101.8305, 22.512], [-101.8199, 22.5513], [-101.8729, 22.5631], [-101.8533, 22.656], [-101.9398, 22.6457], [-102.1249, 22.783], [-102.1761, 22.843], [-102.1921, 22.8649], [-102.2281, 22.9965], [-102.2381, 23.0476], [-102.26, 23.0459], [-102.2513, 23.0716], [-102.2237, 23.1194], [-102.2142, 23.1313], [-102.241, 23.1694], [-102.2394, 23.2095], [-102.2894, 23.2317], [-102.2858, 23.2733], [-102.2528, 23.2712], [-102.2447, 23.2768], [-102.2316, 23.3151], [-102.2411, 23.315], [-102.2547, 23.2808], [-102.296, 23.3205], [-102.2683, 23.3423], [-102.2536, 23.365], [-102.2381, 23.4469], [-102.1936, 23.4476], [-102.1962, 23.4249], [-102.1914, 23.4014], [-102.1686, 23.3989], [-102.1688, 23.361], [-102.1225, 23.3539], [-102.0119, 23.3727], [-101.7751, 23.4476], [-101.4667, 23.6937], [-101.3403, 23.7972], [-101.327, 23.8127], [-101.2481, 23.8764], [-101.1926, 23.9186], [-101.2167, 24.1597], [-101.1732, 24.1641], [-101.0654, 24.207], [-101.0127, 24.3908], [-100.9873, 24.4325], [-100.9879, 24.4178], [-101.0099, 24.3851], [-101.0033, 24.3677], [-101.0106, 24.3568], [-101.0067, 24.3358], [-100.9453, 24.2812], [-100.8504, 24.3435], [-100.7423, 24.4604], [-100.7999, 24.5562], [-100.8104, 24.5516], [-100.8478, 24.5556], [-100.9022, 24.5839], [-100.9588, 24.5427], [-101.0805, 24.5912], [-101.1276, 24.6234], [-101.1647, 24.6816], [-101.179, 24.733], [-101.2017, 24.7655], [-101.2151, 24.7752], [-101.2361, 24.7779], [-101.3131, 24.8014], [-101.3421, 24.8134], [-101.4022, 24.7882], [-101.4127, 24.7721], [-101.4616, 24.7367], [-101.4917, 24.7438], [-101.5406, 24.7456], [-101.6223, 24.759], [-101.6408, 24.8007], [-101.609, 24.7897], [-101.6013, 24.8356], [-101.6563, 24.8608], [-101.6851, 24.84], [-101.7735, 24.8755], [-101.8319, 24.9722], [-101.8488, 25.0176], [-102.0818, 25.0707], [-102.2376, 25.1185], [-102.2955, 25.1252], [-102.4633, 25.1159], [-102.4468, 24.9995], [-102.6697, 25.0666], [-102.8531, 24.772], [-102.8564, 24.7398], [-102.8836, 24.751], [-102.8969, 24.7663], [-102.9253, 24.7801], [-102.9492, 24.7797], [-102.9887, 24.7962], [-103.0036, 24.7932], [-103.0331, 24.8107], [-103.0538, 24.8099], [-103.0968, 24.8265], [-103.2592, 24.9647], [-103.2454, 24.9825], [-103.2467, 24.9964], [-103.274, 25.0209], [-103.2669, 25.0555], [-103.3326, 25.0964], [-103.3461, 25.1107], [-103.3595, 25.11], [-103.3768, 25.1415], [-103.3974, 25.1639], [-103.4034, 25.1826], [-103.4443, 25.2087], [-103.4492, 25.2271], [-103.4729, 25.2498], [-103.4967, 25.2557], [-103.5058, 25.2766], [-103.4865, 25.3308], [-103.4701, 25.3462], [-103.4618, 25.3764], [-103.4069, 25.3989], [-103.3805, 25.391], [-103.3655, 25.3932], [-103.351, 25.3729], [-103.3369, 25.3714], [-103.3414, 25.4101], [-103.3691, 25.4165], [-103.3906, 25.4346], [-103.3987, 25.4506], [-103.4357, 25.4791], [-103.4932, 25.5385], [-103.4686, 25.5469], [-103.4546, 25.5579], [-103.4526, 25.5753], [-103.4354, 25.5828], [-103.425, 25.62], [-103.4075, 25.6257], [-103.4087, 25.6397], [-103.3836, 25.6533], [-103.3634, 25.6742], [-103.3554, 25.6914], [-103.3402, 25.7055], [-103.3528, 25.7166], [-103.3392, 25.7254], [-103.3264, 25.7604], [-103.3189, 25.8148], [-103.3463, 25.8603], [-103.3505, 26.1424], [-103.2608, 26.2847], [-103.3168, 26.3618], [-103.3742, 26.6024], [-103.637, 26.6926], [-103.6439, 26.6902], [-103.6583, 26.7195], [-103.6991, 26.7253], [-103.7153, 26.7351], [-103.7249, 26.7721], [-103.7506, 26.8099], [-103.754, 26.8296], [-103.7796, 26.8361], [-103.8045, 26.855], [-103.8225, 26.8754], [-103.8517, 26.8961], [-103.8519, 26.9052], [-103.8359, 26.9358], [-103.8521, 26.9346], [-103.7846, 26.9807], [-103.78, 27.0089], [-103.7448, 27.0227], [-103.7518, 27.0766], [-103.7835, 27.0912], [-103.7994, 27.1247], [-103.7984, 27.2135], [-103.8094, 27.2492], [-103.8198, 27.243], [-103.8306, 27.2769], [-103.8321, 27.2983], [-103.8769, 27.3116], [-103.8636, 27.4409], [-103.8585, 27.4399], [-103.8546, 27.5494], [-103.8688, 27.6071], [-103.8836, 27.6008], [-103.8973, 27.6566], [-103.8895, 27.7132], [-103.8967, 27.7406], [-103.8811, 27.7392], [-103.9356, 27.7976], [-103.9008, 27.8269], [-103.9439, 27.8269], [-103.96, 27.8353], [-103.9458, 27.8564], [-103.9433, 27.8888], [-103.955, 27.9508], [-103.9356, 27.9453], [-103.9419, 27.9278], [-103.8929, 27.914], [-103.8777, 27.9575], [-103.9267, 27.9713], [-103.8895, 28.0604], [-103.8609, 28.109], [-103.8675, 28.1121], [-103.7682, 28.3004], [-103.7629, 28.2982], [-103.7283, 28.3565], [-103.643, 28.5125], [-103.6422, 28.5449], [-103.6246, 28.5811], [-103.601, 28.5749], [-103.5919, 28.5908], [-103.616, 28.5982], [-103.5964, 28.6395], [-103.582, 28.6288], [-103.5727, 28.6406], [-103.5573, 28.6113], [-103.5198, 28.6687], [-103.5145, 28.665], [-103.4633, 28.7566], [-103.4664, 28.7595], [-103.4317, 28.8132], [-103.41, 28.8409], [-103.3942, 28.8401], [-103.4036, 28.8692], [-103.3577, 28.9203], [-103.3071, 29.0039], [-103.3405, 29.023], [-103.3274, 29.0326], [-103.3434, 29.0454], [-103.3605, 29.0183], [-103.3883, 29.0244], [-103.4071, 29.04], [-103.4499, 29.0654], [-103.4739, 29.0709], [-103.47, 29.0852], [-103.4837, 29.0936], [-103.5246, 29.1373], [-103.5531, 29.1483], [-103.5965, 29.152], [-103.6096, 29.1656], [-103.6403, 29.1614], [-103.6896, 29.1786], [-103.6998, 29.1783], [-103.7252, 29.1921], [-103.7549, 29.2196], [-103.7771, 29.2206], [-103.7817, 29.2415], [-103.7929, 29.2625], [-103.8051, 29.2603], [-103.8137, 29.2741], [-103.8989, 29.2875], [-103.9174, 29.2843], [-103.9374, 29.2927], [-103.9704, 29.2968], [-104.0204, 29.3122], [-104.0803, 29.3454], [-104.1085, 29.3739], [-104.1419, 29.3782], [-104.1517, 29.3919], [-104.1681, 29.3962], [-104.1698, 29.4084], [-104.1931, 29.4407], [-104.2109, 29.4492], [-104.2088, 29.481], [-104.231, 29.479], [-104.235, 29.4957], [-104.2622, 29.5136], [-104.3021, 29.5243], [-104.3375, 29.5197], [-104.37, 29.5429], [-104.3803, 29.5421], [-104.395, 29.5565], [-104.4052, 29.576], [-104.4645, 29.6101], [-104.4769, 29.6285], [-104.4861, 29.6286], [-104.5123, 29.6465], [-104.525, 29.6659], [-104.5439, 29.6821], [-104.5456, 29.7171], [-104.5563, 29.7318], [-104.5521, 29.7423], [-104.5687, 29.7512], [-104.5659, 29.7713], [-104.5789, 29.7827], [-104.589, 29.8059], [-104.6105, 29.8203], [-104.6096, 29.8399], [-104.6302, 29.8538], [-104.6333, 29.8706], [-104.6586, 29.8918], [-104.6583, 29.9023], [-104.68, 29.9211], [-104.6853, 29.9568], [-104.6796, 29.9751], [-104.6935, 30.0011], [-104.6897, 30.0153], [-104.7039, 30.0238], [-104.6983, 30.0418], [-104.7073, 30.0498], [-104.6953, 30.0668], [-104.6856, 30.0931], [-104.6943, 30.1022], [-104.6953, 30.1325], [-104.686, 30.1457], [-104.6871, 30.1791], [-104.6972, 30.1922], [-104.7131, 30.2375], [-104.7339, 30.2616], [-104.7518, 30.2642], [-104.7605, 30.2771], [-104.761, 30.3002], [-104.7723, 30.3029], [-104.7973, 30.3304], [-104.8116, 30.3328], [-104.8109, 30.363], [-104.8457, 30.379], [-104.8595, 30.3907], [-104.8572, 30.4085], [-104.8672, 30.4439], [-104.8719, 30.5104], [-104.8981, 30.5546], [-104.899, 30.5707], [-104.9187, 30.5854], [-104.9225, 30.6035], [-104.9718, 30.6102], [-104.9797, 30.6293], [-104.9863, 30.6629], [-105.0014, 30.6727], [-105.0066, 30.6861], [-105.0265, 30.6795], [-105.0412, 30.6889], [-105.0522, 30.6816], [-105.0698, 30.702], [-105.0983, 30.7166], [-105.1108, 30.7429], [-105.1446, 30.7549], [-105.1562, 30.7697], [-105.2097, 30.7975], [-105.2385, 30.8034], [-105.2575, 30.7942], [-105.2754, 30.8069], [-105.2904, 30.8257], [-105.3049, 30.8116], [-105.3179, 30.8273], [-105.3393, 30.8404], [-105.3778, 30.8491], [-105.3953, 30.8492], [-105.3939, 30.8766], [-105.4039, 30.8921], [-105.4423, 30.9092], [-105.4513, 30.924], [-105.4939, 30.9495], [-105.502, 30.9678], [-105.5142, 30.9662], [-105.5338, 30.985], [-105.556, 30.9888], [-105.5812, 31.0266], [-105.5851, 31.0573], [-105.606, 31.085], [-105.6267, 31.0982], [-105.6426, 31.0994], [-105.6488, 31.1159], [-105.7082, 31.1359], [-105.72, 31.1495], [-105.7445, 31.1654], [-105.7693, 31.1648], [-105.7835, 31.1983], [-105.8085, 31.2189], [-105.8352, 31.2465], [-105.8695, 31.2891], [-105.8964, 31.2926], [-105.9085, 31.3128], [-105.9308, 31.3127], [-105.9479, 31.3399], [-105.9547, 31.3652], [-105.9693, 31.3657], [-106.0012, 31.3902], [-106.0204, 31.3937], [-106.0775, 31.398], [-106.1051, 31.4205], [-106.1318, 31.4247], [-106.1563, 31.4371], [-106.1833, 31.4582], [-106.1997, 31.4624], [-106.2195, 31.4811], [-106.2238, 31.4987], [-106.2374, 31.514], [-106.2452, 31.5392], [-106.2803, 31.5616], [-106.3033, 31.6221], [-106.3343, 31.6632], [-106.3493, 31.6964], [-106.3739, 31.7146], [-106.3822, 31.7328], [-106.4501, 31.764], [-106.4898, 31.7485], [-106.5286, 31.7816], [-106.528, 31.7839], [-108.2085, 31.7836], [-108.2085, 31.3334], [-108.6916, 31.3333], [-108.7561, 31.3322], [-108.8172, 31.239], [-108.8798, 31.2388], [-108.9063, 31.2134], [-108.9003, 31.2025], [-108.8607, 31.2189], [-108.8483, 31.1951], [-108.805, 31.193], [-108.835, 31.1693], [-108.8456, 31.1356], [-108.8333, 31.1255], [-108.77, 31.1025], [-108.7638, 31.0724], [-108.7504, 31.0698], [-108.7307, 31.0517], [-108.7525, 31.0338], [-108.6844, 31.0337], [-108.6838, 31.006], [-108.8033, 31.0048], [-108.8024, 30.9041], [-108.9392, 30.9076], [-108.9309, 30.8665], [-108.9355, 30.7736], [-108.9483, 30.7369], [-108.919, 30.7394], [-108.8869, 30.7193], [-108.8669, 30.6894], [-108.8777, 30.6378], [-108.8744, 30.6235], [-108.8483, 30.6143], [-108.8307, 30.6017], [-108.762, 30.5873], [-108.7566, 30.5961], [-108.7267, 30.5946], [-108.7274, 30.5805], [-108.6874, 30.5548], [-108.6778, 30.5571], [-108.6729, 30.531], [-108.662, 30.5219], [-108.6571, 30.4703], [-108.6648, 30.4681], [-108.6038, 30.4651], [-108.6135, 30.4357], [-108.6487, 30.4169], [-108.6198, 30.3748], [-108.6221, 30.3403], [-108.58, 30.3375], [-108.5658, 30.3082], [-108.5422, 30.2835], [-108.5506, 30.2666], [-108.565, 30.2697], [-108.586, 30.2861], [-108.6202, 30.2982], [-108.6117, 30.1024], [-108.6148, 30.0578], [-108.6069, 30.0286], [-108.6155, 29.9659], [-108.6285, 29.9534], [-108.6188, 29.9313], [-108.6158, 29.8835], [-108.6217, 29.8782], [-108.6072, 29.8471], [-108.6347, 29.832], [-108.6294, 29.8063], [-108.6017, 29.7971], [-108.5413, 29.7961], [-108.535, 29.7514], [-108.5478, 29.7374], [-108.5928, 29.7284], [-108.5925, 29.7176], [-108.6591, 29.7161], [-108.6452, 29.692], [-108.6183, 29.6605], [-108.655, 29.6494], [-108.6446, 29.6276], [-108.6411, 29.5889], [-108.6595, 29.584], [-108.6383, 29.5583], [-108.6623, 29.5445], [-108.6495, 29.51], [-108.6252, 29.501], [-108.644, 29.4888], [-108.6896, 29.484], [-108.6943, 29.4671], [-108.7178, 29.4659], [-108.7074, 29.4395], [-108.7036, 29.4085], [-108.6697, 29.3074], [-108.6822, 29.2674], [-108.7303, 29.2691], [-108.75, 29.2567], [-108.7354, 29.2177], [-108.7398, 29.2008], [-108.7539, 29.2001], [-108.7452, 29.1722], [-108.7288, 29.1718], [-108.7095, 29.1491], [-108.6985, 29.1277], [-108.7296, 29.0965], [-108.7115, 29.0874], [-108.7243, 29.0699], [-108.6982, 28.9363], [-108.7063, 28.9036], [-108.7069, 28.8843], [-108.6871, 28.8757], [-108.6812, 28.8548], [-108.6578, 28.8092], [-108.6296, 28.8117], [-108.6244, 28.8001], [-108.6456, 28.7947], [-108.6433, 28.7651], [-108.6207, 28.7503], [-108.5838, 28.7401], [-108.5839, 28.6659], [-108.5801, 28.6325], [-108.5644, 28.6127], [-108.5619, 28.5923], [-108.5516, 28.5778], [-108.5313, 28.5567], [-108.5319, 28.539], [-108.5233, 28.5059], [-108.5077, 28.5082], [-108.5048, 28.4934], [-108.5137, 28.4845], [-108.5204, 28.4598], [-108.5041, 28.4544], [-108.5155, 28.4263], [-108.489, 28.3751], [-108.4797, 28.3696], [-108.5014, 28.3557], [-108.5216, 28.3651], [-108.5196, 28.3348], [-108.5509, 28.3181], [-108.6035, 28.3476], [-108.6112, 28.3352], [-108.6362, 28.3352], [-108.6355, 28.3063], [-108.6619, 28.2955], [-108.6872, 28.3035], [-108.7139, 28.288], [-108.751, 28.2716], [-108.7967, 28.2672], [-108.7917, 28.2536], [-108.8304, 28.265], [-108.8406, 28.2543], [-108.8693, 28.257], [-108.8795, 28.2645], [-108.9127, 28.26], [-108.9614, 28.262], [-108.9875, 28.278], [-108.9887, 28.2619], [-108.9988, 28.2555], [-109.0228, 28.2775], [-109.0399, 28.2687], [-109.0749, 28.2726], [-109.062, 28.1992], [-109.0717, 28.1503], [-109.068, 28.129], [-109.0517, 28.0991], [-109.0319, 28.0183], [-109.0164, 28.008], [-108.9917, 27.98], [-108.9784, 27.9788], [-108.9637, 27.9725], [-108.9503, 27.954], [-108.9265, 27.9406], [-108.9197, 27.8709], [-108.9149, 27.854], [-108.8692, 27.8393], [-108.8861, 27.8137], [-108.9105, 27.8091], [-108.9203, 27.784], [-108.8955, 27.7448], [-108.833, 27.7444], [-108.817, 27.7322], [-108.766, 27.7058], [-108.7626, 27.676], [-108.7493, 27.6647], [-108.7542, 27.6367], [-108.7398, 27.6], [-108.723, 27.5881], [-108.7128, 27.5662], [-108.6553, 27.5438], [-108.6524, 27.537], [-108.6558, 27.4773], [-108.6616, 27.4647], [-108.6334, 27.4281], [-108.6278, 27.4106], [-108.6291, 27.3829], [-108.5911, 27.3181], [-108.6256, 27.2893], [-108.6473, 27.257], [-108.6644, 27.2394], [-108.6623, 27.2182], [-108.6443, 27.1788], [-108.6224, 27.1569], [-108.6114, 27.1541], [-108.6007, 27.119], [-108.597, 27.0769], [-108.6062, 27.0636], [-108.6023, 27.0369], [-108.5625, 27.046], [-108.5723, 27.0127], [-108.5518, 26.9971], [-108.5025, 26.9874], [-108.5046, 27.0046], [-108.4842, 27.0174], [-108.4854, 27.0376], [-108.4212, 27.0212], [-108.4096, 27.0134], [-108.3716, 27.023], [-108.3501, 27.0226], [-108.335, 27.0052], [-108.3175, 27.0341], [-108.3034, 27.0366], [-108.2816, 27.0132], [-108.2429, 27.0421], [-108.2259, 27.0272], [-108.2096, 27.0323], [-108.1948, 27.0255], [-108.1816, 27.0032], [-108.1946, 26.9836], [-108.2109, 26.9804], [-108.2184, 26.9648], [-108.2321, 26.9611], [-108.2252, 26.9221], [-108.2302, 26.9057], [-108.2123, 26.8862], [-108.1901, 26.8959], [-108.1396, 26.8955], [-108.1443, 26.8676], [-108.0941, 26.8705], [-108.0268, 26.7985], [-108.0376, 26.7698], [-108.0143, 26.7732], [-108.0057, 26.7611], [-108.0187, 26.7298], [-108.0088, 26.7233], [-108.0068, 26.7055], [-108.0146, 26.6857], [-108.0329, 26.6677], [-108.0647, 26.6474], [-108.0813, 26.6423], [-108.0609, 26.627], [-108.0363, 26.6191], [-108.0271, 26.5985], [-108.0145, 26.5934], [-108.0125, 26.5796], [-107.9923, 26.5626], [-107.988, 26.5461], [-107.9636, 26.5273], [-107.9558, 26.5074], [-107.9573, 26.4937], [-107.9726, 26.4873], [-107.9696, 26.4702], [-108.0128, 26.439], [-107.973, 26.3925], [-107.9741, 26.3886], [-107.8563, 26.226], [-107.854, 26.1965], [-107.8371, 26.1825], [-107.8103, 26.1837], [-107.7894, 26.1688], [-107.7807, 26.1369], [-107.7552, 26.1345], [-107.7476, 26.1538], [-107.7135, 26.1725], [-107.6808, 26.1628], [-107.6528, 26.1636], [-107.6354, 26.1547], [-107.621, 26.1625], [-107.5894, 26.1699], [-107.5649, 26.1645], [-107.5433, 26.1464], [-107.52, 26.1042], [-107.5061, 26.1158], [-107.4937, 26.1106], [-107.4632, 26.1365], [-107.431, 26.1429], [-107.4161, 26.1412], [-107.3465, 26.1095], [-107.327, 26.0909], [-107.3049, 26.0764], [-107.3067, 26.0488], [-107.2763, 26.002], [-107.282, 25.992], [-107.2803, 25.9574], [-107.287, 25.954], [-107.2961, 25.9248], [-107.2425, 25.8924], [-107.2471, 25.8799], [-107.1946, 25.8523], [-107.0593, 25.7582], [-107.0655, 25.7258], [-107.0485, 25.7113], [-107.0469, 25.7006], [-107.0103, 25.692], [-106.9903, 25.7149], [-106.9653, 25.6979], [-106.9669, 25.6683], [-106.9943, 25.6622], [-106.9733, 25.6296], [-107.0342, 25.5963], [-107.11, 25.5605], [-107.1246, 25.5504], [-107.1388, 25.5601], [-107.1701, 25.5595], [-107.1767, 25.5401], [-107.1776, 25.5144], [-107.1663, 25.503], [-107.1477, 25.505], [-107.1393, 25.4896], [-107.1512, 25.4763], [-107.1586, 25.4422], [-107.1849, 25.4368], [-107.2101, 25.4171], [-107.1716, 25.3264], [-107.2078, 25.3316], [-107.1584, 25.263], [-107.1483, 25.2592], [-107.1214, 25.2435], [-107.1354, 25.2254], [-107.1488, 25.2245], [-107.1249, 25.1866], [-107.1299, 25.0531], [-107.0674, 25.0301], [-107.0573, 24.9987], [-107.0183, 24.9336], [-107.0006, 24.9282], [-106.9733, 24.9096], [-106.951, 24.888], [-106.9345, 24.8805], [-106.9271, 24.8666], [-106.9464, 24.8585], [-106.9307, 24.8209], [-106.9193, 24.814], [-106.903, 24.8284], [-106.886, 24.8263], [-106.861, 24.8184], [-106.7151, 24.6721], [-106.7059, 24.6653], [-106.689, 24.6238], [-106.6836, 24.5985], [-106.6454, 24.529], [-106.6226, 24.5249], [-106.6248, 24.5002], [-106.5871, 24.4926], [-106.56, 24.4727], [-106.5693, 24.437], [-106.6016, 24.4146], [-106.5835, 24.3903], [-106.586, 24.379], [-106.5341, 24.3096], [-106.528, 24.2951], [-106.5083, 24.2909], [-106.4697, 24.2779], [-106.4295, 24.2851], [-106.363, 24.3042], [-106.3526, 24.3165], [-106.3461, 24.3449], [-106.3279, 24.3611], [-106.2689, 24.3748], [-106.1944, 24.3518], [-106.17, 24.3337], [-106.1526, 24.3388], [-106.0889, 24.2844], [-106.0745, 24.2694], [-106.0699, 24.2202], [-106.0439, 24.2208], [-106.0286, 24.1803], [-106.0032, 24.1468], [-106.0041, 24.1215], [-105.9891, 24.108], [-106.0079, 24.0718], [-106.0001, 24.0465], [-105.9663, 24.0313], [-105.9604, 24.0179], [-105.9415, 24.0132], [-105.9085, 23.9834], [-105.9454, 23.948], [-105.8999, 23.9439], [-105.8816, 23.9328], [-105.8585, 23.9017], [-105.8672, 23.8752], [-105.8852, 23.8796], [-105.9537, 23.9086], [-105.9613, 23.8407], [-105.9393, 23.7914], [-105.9249, 23.7738], [-105.9267, 23.7615], [-105.9231, 23.7478], [-105.9061, 23.7394], [-105.9159, 23.7264], [-105.9266, 23.6841], [-105.9089, 23.5883], [-105.8926, 23.5526], [-105.8843, 23.5904], [-105.8455, 23.6032], [-105.8116, 23.611], [-105.8073, 23.5906], [-105.7729, 23.561], [-105.7691, 23.5419], [-105.7604, 23.5351], [-105.751, 23.5003], [-105.7239, 23.4757], [-105.7245, 23.4614], [-105.7384, 23.4446], [-105.7296, 23.4303], [-105.7003, 23.4197], [-105.7118, 23.3935], [-105.73, 23.374], [-105.718, 23.3685], [-105.7052, 23.3487], [-105.6946, 23.3216], [-105.694, 23.3013], [-105.6848, 23.2857], [-105.6611, 23.2843], [-105.6432, 23.2765], [-105.6478, 23.2603], [-105.6303, 23.2356], [-105.6357, 23.214], [-105.6297, 23.2023], [-105.6453, 23.1437], [-105.6235, 23.1223], [-105.5976, 23.1092], [-105.5657, 23.1083], [-105.5551, 23.099], [-105.5371, 23.1045], [-105.5312, 23.1181], [-105.502, 23.128], [-105.4553, 23.1173], [-105.4341, 23.1205], [-105.4159, 23.1169], [-105.3922, 23.0841], [-105.3505, 23.0606], [-105.3561, 23.0442], [-105.3538, 23.0203], [-105.3362, 22.996], [-105.3369, 22.9717], [-105.3236, 22.9413], [-105.2977, 22.9542], [-105.2541, 22.9563], [-105.1636, 22.9539], [-105.076, 22.9596], [-105.0138, 22.9777], [-105.0033, 22.977], [-105.0083, 22.9685], [-104.9969, 22.952], [-105.0097, 22.9215], [-105.0051, 22.9035], [-104.989, 22.8909], [-104.9875, 22.8462], [-104.9783, 22.8262], [-104.959, 22.8136], [-104.9195, 22.8206], [-104.9056, 22.7998], [-104.9156, 22.7485], [-104.8927, 22.7374], [-105.0573, 22.6881], [-105.0684, 22.6784], [-105.0724, 22.6565], [-105.0076, 22.5857], [-104.9879, 22.4987], [-104.9605, 22.5053], [-104.8625, 22.6071], [-104.8584, 22.6483], [-104.8401, 22.6511], [-104.8321, 22.6414], [-104.8111, 22.6378], [-104.8042, 22.6487], [-104.7792, 22.6429], [-104.7797, 22.603], [-104.7615, 22.5701], [-104.737, 22.5581], [-104.6858, 22.5578], [-104.67, 22.5653], [-104.6565, 22.5413], [-104.6536, 22.4981], [-104.6553, 22.4621], [-104.6026, 22.4605], [-104.6054, 22.4457], [-104.593, 22.4186], [-104.5746, 22.3948], [-104.5587, 22.3934], [-104.5352, 22.3642], [-104.5186, 22.3606], [-104.5074, 22.346], [-104.4873, 22.3532], [-104.4941, 22.3763], [-104.4592, 22.3868], [-104.3715, 22.4217], [-104.3488, 22.4097], [-104.35, 22.3864], [-104.3253, 22.3808], [-104.2931, 22.3651], [-104.2926, 22.3443], [-104.2579, 22.3478], [-104.2544, 22.3925], [-104.241, 22.4128], [-104.2088, 22.4225], [-104.1992, 22.4073], [-104.1777, 22.3896], [-104.1646, 22.3924], [-104.1775, 22.4233], [-104.1716, 22.4431], [-104.1908, 22.446], [-104.1999, 22.4563], [-104.1868, 22.4663], [-104.2023, 22.4887], [-104.1895, 22.5078], [-104.1781, 22.5053], [-104.1557, 22.5155], [-104.1431, 22.5047], [-104.113, 22.5033], [-104.1208, 22.5156], [-104.1027, 22.5314], [-104.0799, 22.5332], [-104.0688, 22.522], [-104.0712, 22.5024], [-104.0548, 22.4894], [-104.0516, 22.4667], [-104.0622, 22.4513], [-104.0634, 22.4326], [-104.0729, 22.4203], [-104.0807, 22.3909], [-104.0788, 22.3769], [-104.0949, 22.3763], [-104.0973, 22.3578], [-104.0675, 22.3614], [-104.0488, 22.3764], [-104.0232, 22.3645], [-104.0033, 22.3899], [-104.0059, 22.4087], [-103.9918, 22.4111], [-103.9746, 22.4332], [-103.9606, 22.4332], [-103.9586, 22.4511], [-103.9386, 22.4627], [-103.9312, 22.4768], [-103.9417, 22.5022], [-103.9848, 22.5191], [-104.0056, 22.5366], [-103.9839, 22.5541], [-103.9902, 22.573], [-103.9889, 22.5925], [-104.0181, 22.597], [-104.0332, 22.6322], [-104.0155, 22.6689], [-104.0466, 22.6842], [-104.0642, 22.707], [-104.0477, 22.7121], [-104.0408, 22.7281], [-104.0257, 22.7433], [-103.9919, 22.748], [-103.9329, 22.7453], [-103.91, 22.7501], [-103.8983, 22.7283], [-103.8751, 22.7372], [-103.8541, 22.7298], [-103.7814, 22.7298], [-103.7548, 22.7196], [-103.7513, 22.6951], [-103.7632, 22.677], [-103.7587, 22.6584], [-103.7685, 22.6433], [-103.7618, 22.6271], [-103.7735, 22.6115], [-103.8196, 22.5956], [-103.8252, 22.588], [-103.8553, 22.575], [-103.8538, 22.5498], [-103.8669, 22.5447], [-103.8752, 22.5216], [-103.8623, 22.5019], [-103.8697, 22.4737], [-103.8812, 22.4747], [-103.8824, 22.4533], [-103.8761, 22.4412], [-103.8873, 22.4321], [-103.866, 22.4152], [-103.8826, 22.4016], [-103.9079, 22.3621], [-103.9213, 22.3479], [-103.926, 22.3316], [-103.9159, 22.3105], [-103.9112, 22.2844], [-103.9175, 22.2645], [-103.9017, 22.2371], [-103.887, 22.2271], [-103.8731, 22.1784], [-103.8621, 22.1718], [-103.8441, 22.2221], [-103.8452, 22.2613], [-103.8291, 22.2899], [-103.8461, 22.331], [-103.8454, 22.3428], [-103.8199, 22.3641], [-103.8111, 22.3768], [-103.8062, 22.4418], [-103.7838, 22.4878], [-103.7843, 22.5063], [-103.7691, 22.5558], [-103.7445, 22.5585], [-103.7265, 22.5742], [-103.7115, 22.5645], [-103.6628, 22.548], [-103.6353, 22.5601], [-103.6102, 22.5595], [-103.5993, 22.5264], [-103.5861, 22.5255], [-103.5919, 22.5028], [-103.5812, 22.4986], [-103.5806, 22.4774], [-103.5715, 22.4692], [-103.5722, 22.4411], [-103.5606, 22.4231], [-103.5784, 22.4105], [-103.594, 22.4072], [-103.5927, 22.3893], [-103.6067, 22.3383], [-103.635, 22.3435], [-103.645, 22.3178], [-103.6378, 22.2952], [-103.6192, 22.2818], [-103.5996, 22.2777], [-103.6309, 22.2389], [-103.6412, 22.2096], [-103.6491, 22.202], [-103.661, 22.167], [-103.6908, 22.1283], [-103.6717, 22.1088], [-103.648, 22.1005], [-103.6285, 22.1063], [-103.6047, 22.0979], [-103.5803, 22.1257], [-103.5585, 22.1365], [-103.5382, 22.1215], [-103.5158, 22.129], [-103.5159, 22.1099], [-103.5016, 22.1056], [-103.4769, 22.1141], [-103.4701, 22.1055], [-103.4387, 22.1183], [-103.43, 22.1356], [-103.426, 22.1746], [-103.409, 22.2154], [-103.3856, 22.2125], [-103.383, 22.227], [-103.3618, 22.2392], [-103.3377, 22.2452], [-103.3119, 22.2333], [-103.2991, 22.2491], [-103.3121, 22.2589], [-103.308, 22.2804], [-103.2978, 22.2983], [-103.3069, 22.3063], [-103.3277, 22.3074], [-103.3384, 22.2875], [-103.3525, 22.2813], [-103.351, 22.3247], [-103.3625, 22.3364], [-103.3647, 22.3695], [-103.3293, 22.3845], [-103.3152, 22.4047], [-103.3053, 22.3904], [-103.2887, 22.4019], [-103.2858, 22.4128], [-103.2596, 22.4113], [-103.2522, 22.3989], [-103.2347, 22.3968], [-103.2196, 22.4105], [-103.1894, 22.3902], [-103.1708, 22.3847], [-103.1687, 22.3557], [-103.1941, 22.332], [-103.2101, 22.3283], [-103.2096, 22.3146], [-103.2204, 22.2964], [-103.2144, 22.2775], [-103.1987, 22.2838], [-103.1906, 22.2985], [-103.1401, 22.2937], [-103.099, 22.2923], [-103.083, 22.2771], [-103.0787, 22.2582], [-103.0555, 22.2473], [-103.0576, 22.2379], [-103.0583, 22.2228], [-103.0728, 22.2104], [-103.1061, 22.1914], [-103.1014, 22.1786], [-103.1087, 22.1534], [-103.0776, 22.1357], [-103.0845, 22.114], [-103.1042, 22.1012], [-103.1266, 22.104], [-103.1543, 22.0722], [-103.1079, 22.0634], [-103.1062, 22.047], [-103.11, 22.0174], [-103.1329, 22.003], [-103.1437, 22.008], [-103.1725, 21.9966], [-103.1918, 21.9982], [-103.1982, 21.9846], [-103.1931, 21.9696], [-103.2215, 21.968], [-103.2451, 21.9772], [-103.2647, 21.9719], [-103.2785, 21.9897], [-103.3101, 21.9591], [-103.3388, 21.9423], [-103.3453, 21.9144], [-103.3748, 21.9137], [-103.3892, 21.8987], [-103.4084, 21.9076], [-103.419, 21.8962], [-103.4517, 21.8527], [-103.4585, 21.8352], [-103.4947, 21.8229], [-103.5028, 21.8331], [-103.5315, 21.8174], [-103.5261, 21.8051], [-103.5606, 21.8011], [-103.5726, 21.8035], [-103.5691, 21.7886], [-103.5404, 21.7706], [-103.5288, 21.7732], [-103.5091, 21.7418], [-103.5099, 21.713], [-103.5179, 21.7115], [-103.5267, 21.6756], [-103.5408, 21.6653], [-103.5555, 21.6341], [-103.5504, 21.597], [-103.5547, 21.5766], [-103.5915, 21.5891], [-103.5967, 21.5655], [-103.6216, 21.5584], [-103.6298, 21.5734], [-103.6449, 21.5764], [-103.6736, 21.5549], [-103.6864, 21.5565], [-103.6901, 21.5496], [-103.6798, 21.5112], [-103.6914, 21.4961], [-103.7004, 21.4682], [-103.6693, 21.4657], [-103.6535, 21.4359], [-103.6342, 21.4393], [-103.6243, 21.4185], [-103.5957, 21.3926], [-103.5816, 21.4268], [-103.5483, 21.4405], [-103.5368, 21.4293], [-103.5147, 21.3964], [-103.5039, 21.3768], [-103.5233, 21.352], [-103.5581, 21.3482], [-103.5686, 21.3376], [-103.5845, 21.3354], [-103.603, 21.3491], [-103.6315, 21.3416], [-103.6634, 21.3383], [-103.6822, 21.3188], [-103.7032, 21.3259], [-103.7209, 21.308], [-103.7222, 21.2846], [-103.7162, 21.2679], [-103.6899, 21.2854], [-103.6658, 21.2906], [-103.6571, 21.2821], [-103.6351, 21.2832], [-103.6413, 21.2595], [-103.6366, 21.2401], [-103.6402, 21.2221], [-103.6535, 21.2087], [-103.6245, 21.1931], [-103.6114, 21.1787], [-103.6145, 21.1582], [-103.6042, 21.1537], [-103.5917, 21.1286], [-103.5701, 21.1177], [-103.534, 21.1307], [-103.5315, 21.142], [-103.5145, 21.1447], [-103.5041, 21.1277], [-103.4689, 21.1435], [-103.4351, 21.142], [-103.4164, 21.1362], [-103.4232, 21.1241], [-103.3957, 21.0976], [-103.3976, 21.085], [-103.3684, 21.0567], [-103.347, 21.0442], [-103.3285, 21.0553], [-103.3052, 21.0572], [-103.2965, 21.0648], [-103.2798, 21.0568], [-103.2615, 21.0634], [-103.2582, 21.0831], [-103.2326, 21.0791], [-103.2091, 21.0941], [-103.1901, 21.086], [-103.1834, 21.0719], [-103.1702, 21.0724], [-103.126, 21.0549], [-103.0746, 21.0743], [-103.0583, 21.0985], [-103.0728, 21.0983], [-103.0986, 21.1312], [-103.0807, 21.1384], [-103.0713, 21.1534], [-103.0836, 21.1821], [-103.0699, 21.2319], [-103.0496, 21.2633], [-103.0451, 21.2492], [-102.9895, 21.2567], [-102.9781, 21.2405], [-102.9499, 21.2345], [-102.9478, 21.2146], [-102.9107, 21.2052], [-102.903, 21.2352], [-102.8774, 21.2368], [-102.8635, 21.2529], [-102.852, 21.2755], [-102.8488, 21.2932], [-102.8371, 21.3034], [-102.8155, 21.2945], [-102.8176, 21.3185], [-102.7837, 21.3295], [-102.7739, 21.3168], [-102.7553, 21.3232], [-102.7578, 21.3392], [-102.728, 21.3571], [-102.7291, 21.3874], [-102.7133, 21.3798], [-102.7006, 21.3613], [-102.7001, 21.3457], [-102.6818, 21.3392], [-102.6426, 21.3672], [-102.6415, 21.3865], [-102.6526, 21.4059], [-102.655, 21.4401], [-102.6369, 21.4589], [-102.6488, 21.4748], [-102.6248, 21.5014], [-102.6422, 21.5187], [-102.642, 21.5359], [-102.6975, 21.5491], [-102.6951, 21.5729], [-102.7175, 21.5715], [-102.7254, 21.5898], [-102.7374, 21.5868], [-102.7638, 21.5957], [-102.7754, 21.6216], [-102.7836, 21.6598], [-102.8028, 21.6676], [-102.8053, 21.671], [-102.7792, 21.6793], [-102.7615, 21.6929], [-102.7453, 21.72], [-102.7923, 21.755], [-102.8169, 21.7665], [-102.8324, 21.7979], [-102.8534, 21.7991], [-102.8473, 21.8334], [-102.858, 21.8332], [-102.8742, 21.8528], [-102.8684, 21.8605], [-102.8556, 21.8845], [-102.8435, 21.9264], [-102.8207, 21.9642], [-102.8055, 21.9963], [-102.7816, 22.0286], [-102.761, 22.0463], [-102.7558, 22.0737], [-102.6935, 22.1047], [-102.6863, 22.137], [-102.6694, 22.1596], [-102.6759, 22.1756], [-102.6458, 22.2043], [-102.6414, 22.2284], [-102.67, 22.2457], [-102.6687, 22.2919], [-102.527, 22.2909], [-102.5066, 22.2938], [-102.5013, 22.3043], [-102.4702, 22.3092], [-102.4622, 22.3228], [-102.4712, 22.3363], [-102.4657, 22.3502], [-102.3879, 22.3641], [-102.3784, 22.3609], [-102.3593, 22.385], [-102.3214, 22.3885], [-102.321, 22.4183], [-102.3121, 22.4408], [-102.3118, 22.4569], [-102.2983, 22.4596], [-102.2899, 22.42], [-102.2709, 22.4117], [-102.2503, 22.3872], [-102.2532, 22.3745], [-102.212, 22.3727], [-102.212, 22.3625], [-102.189, 22.3624], [-102.1807, 22.3504], [-102.1498, 22.3472], [-102.1532, 22.2904], [-102.1241, 22.287], [-102.0896, 22.289], [-102.0756, 22.3061], [-102.0373, 22.299], [-102.03, 22.2855], [-102.022, 22.2443], [-102.0025, 22.2414], [-101.9994, 22.2195], [-102.001, 22.1681], [-102.0295, 22.1687], [-102.0171, 22.154], [-102.0259, 22.1298], [-101.986, 22.1208], [-101.9676, 22.1112], [-101.8643, 22.0415], [-101.8617, 22.0289], [-101.8157, 22.02], [-101.8019, 22.0278], [-101.7848, 22.0227], [-101.7776, 22.0073], [-101.751, 22.0147], [-101.7107, 21.9739], [-101.6829, 21.9629], [-101.6591, 21.9416], [-101.6507, 21.9077], [-101.6368, 21.9077], [-101.6204, 21.9186], [-101.5918, 21.9151], [-101.5698, 21.9171], [-101.5692, 21.8947], [-101.5614, 21.8361], [-101.5482, 21.8341], [-101.5371, 21.8106], [-101.522, 21.818], [-101.5106, 21.7991], [-101.4963, 21.8099]]]}}, {"type": "Feature", "properties": {"z": "OCC", "ISO_A3": "MEX", "c": "MEXICO"}, "geometry": {"type": "MultiPolygon", "coordinates": [[[[-110.9166, 18.7975], [-110.9457, 18.8397], [-110.9775, 18.8548], [-110.9881, 18.8662], [-111.0085, 18.846], [-111.0074, 18.8354], [-111.0481, 18.8153], [-111.0153, 18.7537], [-110.9883, 18.7526], [-110.964, 18.7407], [-110.9578, 18.7282], [-110.9411, 18.7243], [-110.9195, 18.7352], [-110.9134, 18.7773], [-110.9166, 18.7975]]], [[[-114.6805, 18.3608], [-114.6897, 18.3709], [-114.7269, 18.3669], [-114.7387, 18.3723], [-114.7558, 18.3662], [-114.76, 18.346], [-114.7507, 18.3396], [-114.7099, 18.3505], [-114.6982, 18.3451], [-114.6805, 18.3608]]], [[[-98.5527, 16.3163], [-98.5391, 16.3441], [-98.5207, 16.36], [-98.4542, 16.3858], [-98.3995, 16.3805], [-98.3501, 16.4443], [-98.3587, 16.4662], [-98.3538, 16.4913], [-98.3835, 16.5131], [-98.3925, 16.5274], [-98.3951, 16.5468], [-98.3403, 16.5582], [-98.33, 16.5727], [-98.3166, 16.5699], [-98.2917, 16.5701], [-98.2928, 16.5578], [-98.2499, 16.5635], [-98.2293, 16.5809], [-98.2055, 16.5859], [-98.1938, 16.6215], [-98.2142, 16.6188], [-98.2284, 16.6395], [-98.2331, 16.6706], [-98.2459, 16.6707], [-98.238, 16.7074], [-98.2005, 16.7119], [-98.1659, 16.7217], [-98.139, 16.7238], [-98.1257, 16.7391], [-98.1354, 16.7574], [-98.1082, 16.7609], [-98.1001, 16.7986], [-98.0811, 16.8334], [-98.0726, 16.8754], [-98.0807, 16.885], [-98.0897, 16.9183], [-98.0953, 16.9233], [-98.1065, 16.9567], [-98.0971, 16.9689], [-98.0752, 17.0072], [-98.0575, 17.0238], [-98.0302, 17.0157], [-98.0252, 17.0192], [-98.0073, 17.0401], [-98.0457, 17.0573], [-98.0809, 17.0666], [-98.0988, 17.0838], [-98.118, 17.0955], [-98.15, 17.1024], [-98.1534, 17.1104], [-98.1835, 17.1177], [-98.1971, 17.1162], [-98.2204, 17.1266], [-98.2235, 17.1483], [-98.2167, 17.1698], [-98.2177, 17.1869], [-98.2049, 17.1913], [-98.2031, 17.2163], [-98.2226, 17.2386], [-98.2423, 17.2506], [-98.2648, 17.2464], [-98.2772, 17.2501], [-98.2884, 17.2386], [-98.3021, 17.2463], [-98.3227, 17.2748], [-98.3178, 17.3024], [-98.3048, 17.3275], [-98.2874, 17.329], [-98.3049, 17.3943], [-98.3359, 17.4563], [-98.3324, 17.472], [-98.3119, 17.4775], [-98.3203, 17.5069], [-98.3317, 17.5195], [-98.3296, 17.5333], [-98.3412, 17.5419], [-98.3453, 17.5626], [-98.355, 17.5797], [-98.3647, 17.5826], [-98.377, 17.6054], [-98.4124, 17.601], [-98.4331, 17.623], [-98.4505, 17.6333], [-98.4611, 17.6304], [-98.4707, 17.6781], [-98.4862, 17.681], [-98.4897, 17.7034], [-98.4867, 17.7337], [-98.4966, 17.7616], [-98.4939, 17.773], [-98.471, 17.7888], [-98.425, 17.8396], [-98.4236, 17.8796], [-98.4392, 17.919], [-98.4251, 17.9357], [-98.423, 17.9493], [-98.4317, 17.9628], [-98.4342, 17.9839], [-98.4481, 17.9907], [-98.4868, 17.9908], [-98.5005, 17.9956], [-98.5237, 17.9942], [-98.5296, 17.9758], [-98.5849, 17.9739], [-98.6136, 17.9496], [-98.6445, 17.9336], [-98.6522, 17.9341], [-98.6881, 17.9619], [-98.7017, 17.9541], [-98.7167, 17.9733], [-98.7543, 17.9898], [-98.7669, 17.9893], [-98.8017, 18.003], [-98.8133, 18.0112], [-98.7941, 18.024], [-98.7686, 18.0195], [-98.7379, 18.04], [-98.7586, 18.0448], [-98.7774, 18.056], [-98.8123, 18.0636], [-98.8341, 18.0635], [-98.8698, 18.0572], [-98.8524, 18.1176], [-98.8848, 18.167], [-98.9572, 18.1887], [-99.0001, 18.1902], [-98.9941, 18.2129], [-98.995, 18.2374], [-99.0218, 18.2499], [-99.0147, 18.2633], [-99.0317, 18.2723], [-99.054, 18.2523], [-99.0548, 18.2713], [-99.0658, 18.2804], [-99.0601, 18.2967], [-99.0659, 18.3326], [-99.0756, 18.3446], [-99.066, 18.3671], [-99.0896, 18.4], [-99.1005, 18.4012], [-99.1085, 18.4163], [-99.1279, 18.4267], [-99.125, 18.4363], [-99.1356, 18.4608], [-99.1603, 18.4643], [-99.1813, 18.4484], [-99.1888, 18.4352], [-99.2067, 18.4474], [-99.2044, 18.4553], [-99.246, 18.4564], [-99.2687, 18.4533], [-99.3042, 18.4595], [-99.3284, 18.4595], [-99.3283, 18.4888], [-99.3551, 18.4767], [-99.3629, 18.499], [-99.3792, 18.5205], [-99.3903, 18.5257], [-99.4078, 18.5561], [-99.4229, 18.5621], [-99.4294, 18.5889], [-99.4526, 18.6118], [-99.4944, 18.7205], [-99.5223, 18.7074], [-99.533, 18.6945], [-99.5686, 18.7047], [-99.5808, 18.7303], [-99.5899, 18.7393], [-99.6188, 18.7413], [-99.6206, 18.7273], [-99.6357, 18.7243], [-99.6487, 18.7432], [-99.6614, 18.7713], [-99.697, 18.7863], [-99.7092, 18.7688], [-99.6882, 18.7432], [-99.672, 18.7135], [-99.6932, 18.7212], [-99.7065, 18.7355], [-99.7388, 18.7373], [-99.7422, 18.7259], [-99.7572, 18.7137], [-99.7549, 18.6974], [-99.7708, 18.6875], [-99.7843, 18.6623], [-99.7861, 18.6396], [-99.7942, 18.6299], [-99.8099, 18.6381], [-99.8163, 18.6252], [-99.8319, 18.6269], [-99.8581, 18.6123], [-99.8835, 18.6192], [-99.9167, 18.5979], [-99.9429, 18.5899], [-99.9604, 18.5666], [-99.9617, 18.553], [-99.9897, 18.5697], [-100.0215, 18.6037], [-100.0644, 18.5859], [-100.0681, 18.5912], [-100.0689, 18.5644], [-100.09, 18.5222], [-100.1045, 18.524], [-100.12, 18.5162], [-100.1273, 18.5023], [-100.1422, 18.5025], [-100.1581, 18.492], [-100.1857, 18.4551], [-100.2171, 18.4459], [-100.227, 18.4309], [-100.2456, 18.4213], [-100.2576, 18.4284], [-100.269, 18.3999], [-100.2679, 18.3794], [-100.292, 18.3816], [-100.3057, 18.3681], [-100.3461, 18.4003], [-100.3595, 18.4235], [-100.3854, 18.4265], [-100.3803, 18.4557], [-100.3675, 18.4754], [-100.362, 18.4969], [-100.3824, 18.5373], [-100.396, 18.5405], [-100.4114, 18.5207], [-100.4299, 18.511], [-100.4349, 18.5288], [-100.4467, 18.5457], [-100.4479, 18.5607], [-100.4297, 18.5993], [-100.4368, 18.6137], [-100.4514, 18.6239], [-100.4743, 18.6192], [-100.487, 18.6403], [-100.4884, 18.6532], [-100.4734, 18.6909], [-100.4545, 18.6944], [-100.4371, 18.7505], [-100.4222, 18.7635], [-100.4313, 18.7807], [-100.4532, 18.7809], [-100.4651, 18.7944], [-100.4818, 18.7987], [-100.4935, 18.8239], [-100.514, 18.8293], [-100.5386, 18.8441], [-100.5682, 18.8497], [-100.5843, 18.8582], [-100.5972, 18.8758], [-100.6131, 18.8871], [-100.6005, 18.8929], [-100.5899, 18.9153], [-100.5742, 18.9145], [-100.5495, 18.9469], [-100.5448, 18.9659], [-100.5239, 18.9985], [-100.5276, 19.0103], [-100.516, 19.0091], [-100.4787, 19.0268], [-100.479, 19.032], [-100.459, 19.033], [-100.4471, 19.052], [-100.4141, 19.0648], [-100.4088, 19.0752], [-100.4092, 19.0854], [-100.3956, 19.1171], [-100.3895, 19.1429], [-100.3616, 19.1547], [-100.3782, 19.1711], [-100.3726, 19.1937], [-100.3377, 19.227], [-100.3313, 19.2305], [-100.3197, 19.2618], [-100.3207, 19.3068], [-100.3179, 19.3181], [-100.3068, 19.3269], [-100.3017, 19.3429], [-100.3124, 19.3624], [-100.2944, 19.3809], [-100.2931, 19.3951], [-100.2637, 19.4032], [-100.2374, 19.4035], [-100.2159, 19.4134], [-100.1897, 19.4405], [-100.2075, 19.4611], [-100.201, 19.4928], [-100.1777, 19.4926], [-100.2019, 19.4995], [-100.1964, 19.5317], [-100.2147, 19.5528], [-100.2276, 19.5579], [-100.2375, 19.5572], [-100.2521, 19.6175], [-100.2475, 19.6345], [-100.2651, 19.6619], [-100.2675, 19.6772], [-100.2585, 19.7002], [-100.2422, 19.7072], [-100.2295, 19.7022], [-100.1922, 19.7016], [-100.186, 19.713], [-100.1705, 19.7128], [-100.1499, 19.7277], [-100.1453, 19.7572], [-100.1463, 19.8147], [-100.1343, 19.8455], [-100.1254, 19.8567], [-100.1032, 19.8538], [-100.0911, 19.86], [-100.1192, 19.9121], [-100.1301, 19.9162], [-100.1314, 19.982], [-100.116, 20.0061], [-100.1577, 20.0179], [-100.1524, 20.0528], [-100.0987, 20.025], [-100.0769, 20.0295], [-100.0575, 20.0399], [-100.0438, 20.0366], [-100.0316, 20.0531], [-100.0057, 20.0644], [-100.0004, 20.0775], [-99.9785, 20.074], [-99.9804, 20.0609], [-99.9263, 20.0643], [-99.9235, 20.0817], [-99.936, 20.0991], [-99.9422, 20.1201], [-99.9311, 20.1424], [-99.9358, 20.1693], [-99.9486, 20.1913], [-99.9668, 20.2075], [-99.9645, 20.2161], [-99.9777, 20.2391], [-99.985, 20.2648], [-99.9607, 20.2545], [-99.9527, 20.24], [-99.9509, 20.2159], [-99.9184, 20.2118], [-99.9224, 20.2311], [-99.9339, 20.2504], [-99.9304, 20.2649], [-99.9134, 20.2859], [-99.8774, 20.2714], [-99.8591, 20.2685], [-99.8281, 20.5425], [-99.803, 20.5455], [-99.7793, 20.5593], [-99.7459, 20.5593], [-99.7353, 20.5648], [-99.7279, 20.5754], [-99.6854, 20.579], [-99.658, 20.6018], [-99.6341, 20.6055], [-99.6129, 20.595], [-99.6076, 20.6062], [-99.5781, 20.6209], [-99.5737, 20.6348], [-99.5569, 20.6436], [-99.5412, 20.6434], [-99.531, 20.6549], [-99.5019, 20.659], [-99.5057, 20.6849], [-99.5355, 20.7114], [-99.547, 20.7277], [-99.5428, 20.7462], [-99.523, 20.7546], [-99.4965, 20.7813], [-99.5028, 20.7886], [-99.4852, 20.8181], [-99.4826, 20.8392], [-99.4559, 20.8495], [-99.4486, 20.8577], [-99.4324, 20.901], [-99.413, 20.905], [-99.415, 20.9191], [-99.4044, 20.9292], [-99.4075, 20.9366], [-99.3904, 20.9536], [-99.3963, 20.981], [-99.3839, 21.0097], [-99.3681, 21.0256], [-99.3639, 21.0485], [-99.3727, 21.0734], [-99.3896, 21.0718], [-99.3994, 21.0941], [-99.3899, 21.1024], [-99.3459, 21.1012], [-99.336, 21.1301], [-99.3086, 21.1473], [-99.2826, 21.1306], [-99.2823, 21.1221], [-99.2572, 21.1049], [-99.2436, 21.1039], [-99.2154, 21.1062], [-99.2055, 21.119], [-99.1809, 21.1266], [-99.1749, 21.1385], [-99.1326, 21.153], [-99.0913, 21.153], [-99.0548, 21.1594], [-99.0431, 21.1787], [-99.0524, 21.2195], [-99.0735, 21.2304], [-99.0699, 21.2431], [-99.0512, 21.2534], [-99.0551, 21.2825], [-99.083, 21.2963], [-99.1044, 21.2896], [-99.1058, 21.302], [-99.1217, 21.3102], [-99.1378, 21.3298], [-99.1294, 21.362], [-99.0926, 21.3634], [-99.0981, 21.4084], [-99.1224, 21.4534], [-99.1293, 21.4868], [-99.1295, 21.5004], [-99.1423, 21.5354], [-99.1281, 21.5834], [-99.1306, 21.5967], [-99.1719, 21.627], [-99.1817, 21.6614], [-99.1881, 21.6699], [-99.2171, 21.6669], [-99.2251, 21.6333], [-99.2339, 21.6288], [-99.2435, 21.6151], [-99.2794, 21.6082], [-99.2814, 21.5838], [-99.274, 21.5678], [-99.3074, 21.532], [-99.3331, 21.5379], [-99.3458, 21.5506], [-99.3759, 21.5479], [-99.3779, 21.5278], [-99.372, 21.5071], [-99.3873, 21.4941], [-99.3823, 21.4815], [-99.4046, 21.4289], [-99.4155, 21.4291], [-99.435, 21.4496], [-99.447, 21.4436], [-99.4691, 21.4468], [-99.4718, 21.436], [-99.5013, 21.4185], [-99.5373, 21.4315], [-99.5498, 21.4473], [-99.5643, 21.4537], [-99.6258, 21.5073], [-99.6304, 21.5198], [-99.6602, 21.5672], [-99.6858, 21.572], [-99.7056, 21.5707], [-99.7467, 21.5784], [-99.7528, 21.5439], [-99.7493, 21.5232], [-99.7699, 21.5077], [-99.7773, 21.495], [-99.791, 21.4907], [-99.7883, 21.4771], [-99.8171, 21.4617], [-99.8349, 21.4781], [-99.867, 21.4735], [-99.906, 21.4481], [-99.9424, 21.4618], [-99.958, 21.4826], [-99.9507, 21.4947], [-99.9651, 21.5051], [-99.957, 21.5262], [-99.9987, 21.5242], [-100.0441, 21.5256], [-100.0623, 21.5233], [-100.0761, 21.5581], [-100.1125, 21.5873], [-100.125, 21.5935], [-100.147, 21.6179], [-100.1674, 21.6014], [-100.1746, 21.6105], [-100.1672, 21.6341], [-100.1805, 21.6502], [-100.1939, 21.6472], [-100.2232, 21.6656], [-100.2463, 21.6649], [-100.2771, 21.6865], [-100.3221, 21.6821], [-100.3514, 21.6917], [-100.3755, 21.6798], [-100.419, 21.6747], [-100.4357, 21.6807], [-100.4513, 21.6664], [-100.4615, 21.6371], [-100.4604, 21.624], [-100.4724, 21.6044], [-100.4715, 21.5876], [-100.4554, 21.5563], [-100.4643, 21.5432], [-100.5339, 21.5423], [-100.5467, 21.5323], [-100.5711, 21.5301], [-100.615, 21.5058], [-100.6219, 21.519], [-100.6143, 21.5331], [-100.6354, 21.5432], [-100.6385, 21.5283], [-100.6575, 21.5247], [-100.6824, 21.5477], [-100.7176, 21.5502], [-100.735, 21.579], [-100.7513, 21.5806], [-100.7923, 21.5948], [-100.8095, 21.5921], [-100.8166, 21.6027], [-100.8576, 21.619], [-100.8343, 21.6646], [-100.853, 21.6743], [-100.8701, 21.6725], [-100.9024, 21.682], [-100.9212, 21.7003], [-100.9126, 21.7136], [-100.9381, 21.7205], [-100.9435, 21.7326], [-100.9654, 21.7349], [-100.982, 21.7535], [-101.0592, 21.7655], [-101.1361, 21.7532], [-101.1613, 21.7575], [-101.2198, 21.8022], [-101.2171, 21.8161], [-101.2607, 21.8235], [-101.2928, 21.8139], [-101.3195, 21.8353], [-101.3653, 21.8394], [-101.407, 21.8315], [-101.4227, 21.825], [-101.4739, 21.8274], [-101.4963, 21.8099], [-101.5106, 21.7991], [-101.522, 21.818], [-101.5371, 21.8106], [-101.5482, 21.8341], [-101.5614, 21.8361], [-101.5692, 21.8947], [-101.5698, 21.9171], [-101.5918, 21.9151], [-101.6204, 21.9186], [-101.6368, 21.9077], [-101.6507, 21.9077], [-101.6591, 21.9416], [-101.6829, 21.9629], [-101.7107, 21.9739], [-101.751, 22.0147], [-101.7776, 22.0073], [-101.7848, 22.0227], [-101.8019, 22.0278], [-101.8157, 22.02], [-101.8617, 22.0289], [-101.8643, 22.0415], [-101.9676, 22.1112], [-101.986, 22.1208], [-102.0259, 22.1298], [-102.0171, 22.154], [-102.0295, 22.1687], [-102.001, 22.1681], [-101.9994, 22.2195], [-102.0025, 22.2414], [-102.022, 22.2443], [-102.03, 22.2855], [-102.0373, 22.299], [-102.0756, 22.3061], [-102.0896, 22.289], [-102.1241, 22.287], [-102.1532, 22.2904], [-102.1498, 22.3472], [-102.1807, 22.3504], [-102.189, 22.3624], [-102.212, 22.3625], [-102.212, 22.3727], [-102.2532, 22.3745], [-102.2503, 22.3872], [-102.2709, 22.4117], [-102.2899, 22.42], [-102.2983, 22.4596], [-102.3118, 22.4569], [-102.3121, 22.4408], [-102.321, 22.4183], [-102.3214, 22.3885], [-102.3593, 22.385], [-102.3784, 22.3609], [-102.3879, 22.3641], [-102.4657, 22.3502], [-102.4712, 22.3363], [-102.4622, 22.3228], [-102.4702, 22.3092], [-102.5013, 22.3043], [-102.5066, 22.2938], [-102.527, 22.2909], [-102.6687, 22.2919], [-102.67, 22.2457], [-102.6414, 22.2284], [-102.6458, 22.2043], [-102.6759, 22.1756], [-102.6694, 22.1596], [-102.6863, 22.137], [-102.6935, 22.1047], [-102.7558, 22.0737], [-102.761, 22.0463], [-102.7816, 22.0286], [-102.8055, 21.9963], [-102.8207, 21.9642], [-102.8435, 21.9264], [-102.8556, 21.8845], [-102.8684, 21.8605], [-102.8742, 21.8528], [-102.858, 21.8332], [-102.8473, 21.8334], [-102.8534, 21.7991], [-102.8324, 21.7979], [-102.8169, 21.7665], [-102.7923, 21.755], [-102.7453, 21.72], [-102.7615, 21.6929], [-102.7792, 21.6793], [-102.8053, 21.671], [-102.8028, 21.6676], [-102.7836, 21.6598], [-102.7754, 21.6216], [-102.7638, 21.5957], [-102.7374, 21.5868], [-102.7254, 21.5898], [-102.7175, 21.5715], [-102.6951, 21.5729], [-102.6975, 21.5491], [-102.642, 21.5359], [-102.6422, 21.5187], [-102.6248, 21.5014], [-102.6488, 21.4748], [-102.6369, 21.4589], [-102.655, 21.4401], [-102.6526, 21.4059], [-102.6415, 21.3865], [-102.6426, 21.3672], [-102.6818, 21.3392], [-102.7001, 21.3457], [-102.7006, 21.3613], [-102.7133, 21.3798], [-102.7291, 21.3874], [-102.728, 21.3571], [-102.7578, 21.3392], [-102.7553, 21.3232], [-102.7739, 21.3168], [-102.7837, 21.3295], [-102.8176, 21.3185], [-102.8155, 21.2945], [-102.8371, 21.3034], [-102.8488, 21.2932], [-102.852, 21.2755], [-102.8635, 21.2529], [-102.8774, 21.2368], [-102.903, 21.2352], [-102.9107, 21.2052], [-102.9478, 21.2146], [-102.9499, 21.2345], [-102.9781, 21.2405], [-102.9895, 21.2567], [-103.0451, 21.2492], [-103.0496, 21.2633], [-103.0699, 21.2319], [-103.0836, 21.1821], [-103.0713, 21.1534], [-103.0807, 21.1384], [-103.0986, 21.1312], [-103.0728, 21.0983], [-103.0583, 21.0985], [-103.0746, 21.0743], [-103.126, 21.0549], [-103.1702, 21.0724], [-103.1834, 21.0719], [-103.1901, 21.086], [-103.2091, 21.0941], [-103.2326, 21.0791], [-103.2582, 21.0831], [-103.2615, 21.0634], [-103.2798, 21.0568], [-103.2965, 21.0648], [-103.3052, 21.0572], [-103.3285, 21.0553], [-103.347, 21.0442], [-103.3684, 21.0567], [-103.3976, 21.085], [-103.3957, 21.0976], [-103.4232, 21.1241], [-103.4164, 21.1362], [-103.4351, 21.142], [-103.4689, 21.1435], [-103.5041, 21.1277], [-103.5145, 21.1447], [-103.5315, 21.142], [-103.534, 21.1307], [-103.5701, 21.1177], [-103.5917, 21.1286], [-103.6042, 21.1537], [-103.6145, 21.1582], [-103.6114, 21.1787], [-103.6245, 21.1931], [-103.6535, 21.2087], [-103.6402, 21.2221], [-103.6366, 21.2401], [-103.6413, 21.2595], [-103.6351, 21.2832], [-103.6571, 21.2821], [-103.6658, 21.2906], [-103.6899, 21.2854], [-103.7162, 21.2679], [-103.7222, 21.2846], [-103.7209, 21.308], [-103.7032, 21.3259], [-103.6822, 21.3188], [-103.6634, 21.3383], [-103.6315, 21.3416], [-103.603, 21.3491], [-103.5845, 21.3354], [-103.5686, 21.3376], [-103.5581, 21.3482], [-103.5233, 21.352], [-103.5039, 21.3768], [-103.5147, 21.3964], [-103.5368, 21.4293], [-103.5483, 21.4405], [-103.5816, 21.4268], [-103.5957, 21.3926], [-103.6243, 21.4185], [-103.6342, 21.4393], [-103.6535, 21.4359], [-103.6693, 21.4657], [-103.7004, 21.4682], [-103.6914, 21.4961], [-103.6798, 21.5112], [-103.6901, 21.5496], [-103.6864, 21.5565], [-103.6736, 21.5549], [-103.6449, 21.5764], [-103.6298, 21.5734], [-103.6216, 21.5584], [-103.5967, 21.5655], [-103.5915, 21.5891], [-103.5547, 21.5766], [-103.5504, 21.597], [-103.5555, 21.6341], [-103.5408, 21.6653], [-103.5267, 21.6756], [-103.5179, 21.7115], [-103.5099, 21.713], [-103.5091, 21.7418], [-103.5288, 21.7732], [-103.5404, 21.7706], [-103.5691, 21.7886], [-103.5726, 21.8035], [-103.5606, 21.8011], [-103.5261, 21.8051], [-103.5315, 21.8174], [-103.5028, 21.8331], [-103.4947, 21.8229], [-103.4585, 21.8352], [-103.4517, 21.8527], [-103.419, 21.8962], [-103.4084, 21.9076], [-103.3892, 21.8987], [-103.3748, 21.9137], [-103.3453, 21.9144], [-103.3388, 21.9423], [-103.3101, 21.9591], [-103.2785, 21.9897], [-103.2647, 21.9719], [-103.2451, 21.9772], [-103.2215, 21.968], [-103.1931, 21.9696], [-103.1982, 21.9846], [-103.1918, 21.9982], [-103.1725, 21.9966], [-103.1437, 22.008], [-103.1329, 22.003], [-103.11, 22.0174], [-103.1062, 22.047], [-103.1079, 22.0634], [-103.1543, 22.0722], [-103.1266, 22.104], [-103.1042, 22.1012], [-103.0845, 22.114], [-103.0776, 22.1357], [-103.1087, 22.1534], [-103.1014, 22.1786], [-103.1061, 22.1914], [-103.0728, 22.2104], [-103.0583, 22.2228], [-103.0576, 22.2379], [-103.0555, 22.2473], [-103.0787, 22.2582], [-103.083, 22.2771], [-103.099, 22.2923], [-103.1401, 22.2937], [-103.1906, 22.2985], [-103.1987, 22.2838], [-103.2144, 22.2775], [-103.2204, 22.2964], [-103.2096, 22.3146], [-103.2101, 22.3283], [-103.1941, 22.332], [-103.1687, 22.3557], [-103.1708, 22.3847], [-103.1894, 22.3902], [-103.2196, 22.4105], [-103.2347, 22.3968], [-103.2522, 22.3989], [-103.2596, 22.4113], [-103.2858, 22.4128], [-103.2887, 22.4019], [-103.3053, 22.3904], [-103.3152, 22.4047], [-103.3293, 22.3845], [-103.3647, 22.3695], [-103.3625, 22.3364], [-103.351, 22.3247], [-103.3525, 22.2813], [-103.3384, 22.2875], [-103.3277, 22.3074], [-103.3069, 22.3063], [-103.2978, 22.2983], [-103.308, 22.2804], [-103.3121, 22.2589], [-103.2991, 22.2491], [-103.3119, 22.2333], [-103.3377, 22.2452], [-103.3618, 22.2392], [-103.383, 22.227], [-103.3856, 22.2125], [-103.409, 22.2154], [-103.426, 22.1746], [-103.43, 22.1356], [-103.4387, 22.1183], [-103.4701, 22.1055], [-103.4769, 22.1141], [-103.5016, 22.1056], [-103.5159, 22.1099], [-103.5158, 22.129], [-103.5382, 22.1215], [-103.5585, 22.1365], [-103.5803, 22.1257], [-103.6047, 22.0979], [-103.6285, 22.1063], [-103.648, 22.1005], [-103.6717, 22.1088], [-103.6908, 22.1283], [-103.661, 22.167], [-103.6491, 22.202], [-103.6412, 22.2096], [-103.6309, 22.2389], [-103.5996, 22.2777], [-103.6192, 22.2818], [-103.6378, 22.2952], [-103.645, 22.3178], [-103.635, 22.3435], [-103.6067, 22.3383], [-103.5927, 22.3893], [-103.594, 22.4072], [-103.5784, 22.4105], [-103.5606, 22.4231], [-103.5722, 22.4411], [-103.5715, 22.4692], [-103.5806, 22.4774], [-103.5812, 22.4986], [-103.5919, 22.5028], [-103.5861, 22.5255], [-103.5993, 22.5264], [-103.6102, 22.5595], [-103.6353, 22.5601], [-103.6628, 22.548], [-103.7115, 22.5645], [-103.7265, 22.5742], [-103.7445, 22.5585], [-103.7691, 22.5558], [-103.7843, 22.5063], [-103.7838, 22.4878], [-103.8062, 22.4418], [-103.8111, 22.3768], [-103.8199, 22.3641], [-103.8454, 22.3428], [-103.8461, 22.331], [-103.8291, 22.2899], [-103.8452, 22.2613], [-103.8441, 22.2221], [-103.8621, 22.1718], [-103.8731, 22.1784], [-103.887, 22.2271], [-103.9017, 22.2371], [-103.9175, 22.2645], [-103.9112, 22.2844], [-103.9159, 22.3105], [-103.926, 22.3316], [-103.9213, 22.3479], [-103.9079, 22.3621], [-103.8826, 22.4016], [-103.866, 22.4152], [-103.8873, 22.4321], [-103.8761, 22.4412], [-103.8824, 22.4533], [-103.8812, 22.4747], [-103.8697, 22.4737], [-103.8623, 22.5019], [-103.8752, 22.5216], [-103.8669, 22.5447], [-103.8538, 22.5498], [-103.8553, 22.575], [-103.8252, 22.588], [-103.8196, 22.5956], [-103.7735, 22.6115], [-103.7618, 22.6271], [-103.7685, 22.6433], [-103.7587, 22.6584], [-103.7632, 22.677], [-103.7513, 22.6951], [-103.7548, 22.7196], [-103.7814, 22.7298], [-103.8541, 22.7298], [-103.8751, 22.7372], [-103.8983, 22.7283], [-103.91, 22.7501], [-103.9329, 22.7453], [-103.9919, 22.748], [-104.0257, 22.7433], [-104.0408, 22.7281], [-104.0477, 22.7121], [-104.0642, 22.707], [-104.0466, 22.6842], [-104.0155, 22.6689], [-104.0332, 22.6322], [-104.0181, 22.597], [-103.9889, 22.5925], [-103.9902, 22.573], [-103.9839, 22.5541], [-104.0056, 22.5366], [-103.9848, 22.5191], [-103.9417, 22.5022], [-103.9312, 22.4768], [-103.9386, 22.4627], [-103.9586, 22.4511], [-103.9606, 22.4332], [-103.9746, 22.4332], [-103.9918, 22.4111], [-104.0059, 22.4087], [-104.0033, 22.3899], [-104.0232, 22.3645], [-104.0488, 22.3764], [-104.0675, 22.3614], [-104.0973, 22.3578], [-104.0949, 22.3763], [-104.0788, 22.3769], [-104.0807, 22.3909], [-104.0729, 22.4203], [-104.0634, 22.4326], [-104.0622, 22.4513], [-104.0516, 22.4667], [-104.0548, 22.4894], [-104.0712, 22.5024], [-104.0688, 22.522], [-104.0799, 22.5332], [-104.1027, 22.5314], [-104.1208, 22.5156], [-104.113, 22.5033], [-104.1431, 22.5047], [-104.1557, 22.5155], [-104.1781, 22.5053], [-104.1895, 22.5078], [-104.2023, 22.4887], [-104.1868, 22.4663], [-104.1999, 22.4563], [-104.1908, 22.446], [-104.1716, 22.4431], [-104.1775, 22.4233], [-104.1646, 22.3924], [-104.1777, 22.3896], [-104.1992, 22.4073], [-104.2088, 22.4225], [-104.241, 22.4128], [-104.2544, 22.3925], [-104.2579, 22.3478], [-104.2926, 22.3443], [-104.2927, 22.3074], [-104.2859, 22.3029], [-104.2956, 22.2769], [-104.3286, 22.2455], [-104.3407, 22.2064], [-104.3365, 22.1867], [-104.3563, 22.1654], [-104.3647, 22.1124], [-104.3732, 22.1014], [-104.3635, 22.0741], [-104.3615, 22.0528], [-104.371, 21.9794], [-104.3637, 21.974], [-104.3255, 21.9767], [-104.2958, 22.0024], [-104.2814, 21.9997], [-104.2772, 21.9824], [-104.2453, 21.9669], [-104.212, 21.9831], [-104.1933, 21.9854], [-104.1737, 21.9709], [-104.1797, 21.9375], [-104.1993, 21.911], [-104.2, 21.8943], [-104.1957, 21.8792], [-104.1793, 21.8604], [-104.1892, 21.849], [-104.1607, 21.8099], [-104.1488, 21.8074], [-104.1304, 21.7905], [-104.094, 21.7859], [-104.0526, 21.7946], [-104.0113, 21.7821], [-103.9889, 21.7797], [-103.9778, 21.7713], [-103.9445, 21.7768], [-103.9226, 21.771], [-103.9164, 21.7569], [-103.9337, 21.7484], [-103.9265, 21.7363], [-103.9014, 21.7173], [-103.8904, 21.6994], [-103.9088, 21.6738], [-103.9208, 21.6689], [-103.9302, 21.6419], [-103.9118, 21.6298], [-103.9076, 21.6178], [-103.9232, 21.59], [-103.903, 21.5744], [-103.8853, 21.5542], [-103.8551, 21.5484], [-103.8594, 21.5241], [-103.8366, 21.5127], [-103.8258, 21.4945], [-103.8009, 21.4883], [-103.7801, 21.5], [-103.7687, 21.4828], [-103.7509, 21.4763], [-103.7521, 21.4663], [-103.742, 21.4416], [-103.7209, 21.4254], [-103.7326, 21.4158], [-103.7513, 21.4175], [-103.7654, 21.386], [-103.7413, 21.3741], [-103.7457, 21.363], [-103.7496, 21.3369], [-103.7762, 21.3212], [-103.7781, 21.3108], [-103.7991, 21.3033], [-103.825, 21.2719], [-103.8186, 21.249], [-103.84, 21.2398], [-103.8619, 21.2489], [-103.8737, 21.2425], [-103.9179, 21.231], [-103.9459, 21.238], [-103.9584, 21.2528], [-103.9713, 21.2563], [-104.0161, 21.2276], [-104.0158, 21.2085], [-104.0718, 21.1886], [-104.0982, 21.2005], [-104.1144, 21.1899], [-104.1473, 21.1916], [-104.1581, 21.1849], [-104.1964, 21.1936], [-104.2194, 21.1766], [-104.2251, 21.1509], [-104.2106, 21.1306], [-104.2167, 21.0858], [-104.2384, 21.0523], [-104.2339, 21.0412], [-104.2407, 21.0217], [-104.2243, 21.0076], [-104.2385, 20.9917], [-104.2331, 20.9687], [-104.2049, 20.9599], [-104.2072, 20.936], [-104.2211, 20.9415], [-104.2474, 20.9188], [-104.2595, 20.894], [-104.2684, 20.8873], [-104.2896, 20.888], [-104.2791, 20.8645], [-104.2923, 20.8488], [-104.3184, 20.8386], [-104.3347, 20.8467], [-104.3584, 20.8343], [-104.3625, 20.8141], [-104.3504, 20.8117], [-104.3759, 20.7841], [-104.3283, 20.7981], [-104.2976, 20.7708], [-104.2828, 20.7835], [-104.2599, 20.7353], [-104.2479, 20.7265], [-104.2414, 20.71], [-104.2473, 20.6899], [-104.2523, 20.6807], [-104.238, 20.6607], [-104.2562, 20.652], [-104.2517, 20.6078], [-104.2568, 20.6035], [-104.282, 20.629], [-104.2806, 20.6464], [-104.2873, 20.6589], [-104.2871, 20.6872], [-104.3036, 20.6927], [-104.3238, 20.7173], [-104.35, 20.726], [-104.3549, 20.7356], [-104.3766, 20.7469], [-104.3966, 20.7808], [-104.4409, 20.8076], [-104.4479, 20.8036], [-104.4791, 20.8225], [-104.4848, 20.8329], [-104.5032, 20.8418], [-104.5064, 20.8609], [-104.5217, 20.8743], [-104.5244, 20.8858], [-104.5437, 20.898], [-104.5429, 20.9119], [-104.5782, 20.934], [-104.6189, 20.9238], [-104.6291, 20.9242], [-104.6381, 20.9341], [-104.6547, 20.932], [-104.681, 20.9438], [-104.6926, 20.9617], [-104.7294, 20.9832], [-104.7252, 21.0048], [-104.7317, 21.0123], [-104.7729, 21.0096], [-104.7794, 21.0212], [-104.7996, 21.0157], [-104.8277, 21.0181], [-104.8598, 20.9939], [-104.8676, 20.9946], [-104.9, 20.9635], [-104.8991, 20.9485], [-104.9532, 20.9301], [-104.9688, 20.909], [-104.9888, 20.9214], [-105.0053, 20.9221], [-105.0316, 20.9092], [-105.0468, 20.9343], [-105.088, 20.9232], [-105.1302, 20.8886], [-105.1526, 20.8626], [-105.166, 20.8238], [-105.171, 20.7961], [-105.1623, 20.7925], [-105.1734, 20.7678], [-105.197, 20.7772], [-105.2352, 20.7474], [-105.2385, 20.7261], [-105.2627, 20.6892], [-105.2787, 20.6724], [-105.2451, 20.6533], [-105.2336, 20.6353], [-105.2329, 20.6154], [-105.2446, 20.5824], [-105.2579, 20.5577], [-105.2873, 20.5446], [-105.2923, 20.5322], [-105.3255, 20.5123], [-105.37, 20.5041], [-105.4009, 20.5086], [-105.4251, 20.4998], [-105.4558, 20.4945], [-105.4756, 20.4959], [-105.4949, 20.4894], [-105.5272, 20.4919], [-105.5449, 20.486], [-105.575, 20.4834], [-105.5921, 20.4737], [-105.6155, 20.4698], [-105.6526, 20.43], [-105.6685, 20.4272], [-105.6723, 20.4074], [-105.6952, 20.4056], [-105.6923, 20.388], [-105.6706, 20.3381], [-105.6562, 20.3177], [-105.5902, 20.2631], [-105.5828, 20.2444], [-105.5555, 20.2263], [-105.5435, 20.1811], [-105.548, 20.1699], [-105.5476, 20.094], [-105.5055, 20.0127], [-105.4906, 19.9891], [-105.4106, 19.8821], [-105.3583, 19.8227], [-105.3329, 19.7854], [-105.3279, 19.7711], [-105.2994, 19.7366], [-105.2873, 19.7163], [-105.2695, 19.7035], [-105.2623, 19.6797], [-105.2203, 19.6457], [-105.2, 19.6223], [-105.1807, 19.6207], [-105.1527, 19.6035], [-105.1441, 19.5791], [-105.1195, 19.5873], [-105.1089, 19.5825], [-105.089, 19.5605], [-105.0815, 19.5311], [-105.0812, 19.5052], [-105.0638, 19.4954], [-105.0577, 19.4743], [-105.0731, 19.4711], [-105.0324, 19.4416], [-105.0195, 19.4208], [-105.0204, 19.3966], [-105.0322, 19.3891], [-104.9955, 19.3634], [-104.956, 19.3241], [-104.9296, 19.3082], [-104.8737, 19.2836], [-104.8442, 19.2894], [-104.8347, 19.3061], [-104.7983, 19.2988], [-104.7886, 19.2825], [-104.7996, 19.2682], [-104.8103, 19.2347], [-104.7928, 19.2329], [-104.7753, 19.239], [-104.7683, 19.2304], [-104.7327, 19.2394], [-104.7262, 19.2193], [-104.7056, 19.2229], [-104.6845, 19.2009], [-104.6902, 19.1765], [-104.6645, 19.1717], [-104.6125, 19.1534], [-104.5629, 19.144], [-104.4865, 19.1235], [-104.4681, 19.1118], [-104.452, 19.109], [-104.4416, 19.0842], [-104.4177, 19.1052], [-104.3984, 19.1044], [-104.3906, 19.1166], [-104.3725, 19.1197], [-104.3535, 19.1143], [-104.3181, 19.0932], [-104.3039, 19.0718], [-104.3041, 19.0584], [-104.33, 19.0512], [-104.3356, 19.0219], [-104.298, 19.0138], [-104.2, 18.9781], [-104.1199, 18.9442], [-104.0578, 18.9088], [-103.9832, 18.8726], [-103.971, 18.8643], [-103.9475, 18.8421], [-103.8766, 18.7992], [-103.8034, 18.7489], [-103.7431, 18.693], [-103.7377, 18.6842], [-103.7192, 18.6727], [-103.7025, 18.6545], [-103.6856, 18.6245], [-103.6904, 18.6123], [-103.7092, 18.5948], [-103.6877, 18.5894], [-103.6208, 18.5426], [-103.5773, 18.4979], [-103.5612, 18.4666], [-103.5611, 18.4554], [-103.5408, 18.4308], [-103.5293, 18.4049], [-103.5294, 18.3862], [-103.5135, 18.3625], [-103.5133, 18.3528], [-103.4922, 18.3296], [-103.3992, 18.2895], [-103.3824, 18.2802], [-103.3607, 18.2649], [-103.3408, 18.2713], [-103.308, 18.2607], [-103.2959, 18.2497], [-103.2319, 18.231], [-103.21, 18.2312], [-103.1636, 18.2108], [-103.1347, 18.2015], [-103.1151, 18.2017], [-103.1115, 18.1916], [-103.0629, 18.1945], [-103.0347, 18.189], [-102.9928, 18.1741], [-102.7889, 18.0851], [-102.7212, 18.0691], [-102.6975, 18.0552], [-102.6735, 18.0595], [-102.6523, 18.0503], [-102.6073, 18.0484], [-102.515, 18.0216], [-102.4918, 18.0199], [-102.385, 17.989], [-102.3102, 17.9698], [-102.2609, 17.9509], [-102.2182, 17.9275], [-102.1826, 17.915], [-102.1368, 17.94], [-102.1125, 17.9651], [-102.1013, 17.9818], [-102.0651, 17.9885], [-102.0394, 17.9887], [-101.968, 17.9683], [-101.8548, 17.9098], [-101.8292, 17.8992], [-101.8047, 17.8837], [-101.784, 17.8647], [-101.7695, 17.844], [-101.7711, 17.8306], [-101.7476, 17.8071], [-101.7458, 17.7917], [-101.7149, 17.7739], [-101.6863, 17.7532], [-101.6672, 17.734], [-101.6475, 17.7012], [-101.6431, 17.6694], [-101.6042, 17.6592], [-101.5952, 17.6346], [-101.5771, 17.6374], [-101.5711, 17.6284], [-101.5523, 17.6392], [-101.5431, 17.6182], [-101.5098, 17.6226], [-101.4745, 17.598], [-101.4478, 17.5708], [-101.4407, 17.5551], [-101.4444, 17.5366], [-101.4266, 17.5196], [-101.3423, 17.4846], [-101.313, 17.4758], [-101.2645, 17.4566], [-101.2059, 17.4286], [-101.1795, 17.4088], [-101.1729, 17.3908], [-101.1349, 17.3698], [-101.0787, 17.3274], [-101.0567, 17.3076], [-101.0502, 17.2915], [-101.058, 17.2746], [-101.0279, 17.2647], [-101.0071, 17.2526], [-100.988, 17.2505], [-100.9158, 17.2219], [-100.8719, 17.2106], [-100.7697, 17.1753], [-100.6856, 17.1412], [-100.6158, 17.1234], [-100.5486, 17.1017], [-100.4863, 17.0795], [-100.4186, 17.0586], [-100.2763, 17.0089], [-100.1695, 16.969], [-100.12, 16.9485], [-100.0649, 16.9356], [-100.0022, 16.914], [-99.9627, 16.8953], [-99.9152, 16.8455], [-99.8825, 16.8597], [-99.8629, 16.8554], [-99.8518, 16.8444], [-99.8698, 16.8184], [-99.8658, 16.8077], [-99.8368, 16.8053], [-99.8285, 16.7912], [-99.8119, 16.7858], [-99.7542, 16.7411], [-99.7131, 16.719], [-99.6548, 16.6954], [-99.6089, 16.6841], [-99.567, 16.689], [-99.4937, 16.6855], [-99.439, 16.6793], [-99.3329, 16.6585], [-99.2319, 16.6342], [-99.1535, 16.6138], [-99.118, 16.602], [-99.08, 16.5936], [-98.9862, 16.5645], [-98.9059, 16.5344], [-98.8887, 16.5356], [-98.8569, 16.5283], [-98.8417, 16.5485], [-98.8134, 16.5546], [-98.8068, 16.5583], [-98.772, 16.5544], [-98.7231, 16.4952], [-98.7003, 16.4637], [-98.6549, 16.4267], [-98.5688, 16.3424], [-98.5691, 16.3253], [-98.5527, 16.3163]]]]}}, {"type": "Feature", "properties": {"z": "ORI", "ISO_A3": "MEX", "c": "MEXICO"}, "geometry": {"type": "MultiPolygon", "coordinates": [[[[-92.697, 18.6016], [-92.7106, 18.5735], [-92.6873, 18.5746], [-92.6981, 18.5933], [-92.697, 18.6016]]], [[[-94.4107, 16.2204], [-94.4077, 16.2222], [-94.4147, 16.2235], [-94.4107, 16.2204]]], [[[-94.3888, 16.2146], [-94.3888, 16.2146], [-94.3874, 16.2135], [-94.3888, 16.2146]]], [[[-94.2687, 16.1654], [-94.3187, 16.1757], [-94.3223, 16.1684], [-94.286, 16.156], [-94.2697, 16.1539], [-94.2687, 16.1654]]], [[[-97.6374, 21.7611], [-97.6523, 21.7867], [-97.6628, 21.7886], [-97.6786, 21.8184], [-97.6711, 21.8211], [-97.69, 21.8208], [-97.6808, 21.7968], [-97.667, 21.7757], [-97.652, 21.7664], [-97.6542, 21.7466], [-97.6307, 21.7389], [-97.6185, 21.7458], [-97.6374, 21.7611]]], [[[-97.3913, 21.5403], [-97.3876, 21.5366], [-97.3898, 21.5216], [-97.3787, 21.4992], [-97.3802, 21.4766], [-97.3916, 21.4551], [-97.418, 21.4286], [-97.4177, 21.4028], [-97.4361, 21.3816], [-97.4456, 21.35], [-97.4379, 21.3287], [-97.4388, 21.2934], [-97.4428, 21.2813], [-97.4344, 21.2603], [-97.4193, 21.2607], [-97.4186, 21.306], [-97.4024, 21.3558], [-97.3774, 21.3946], [-97.3508, 21.4543], [-97.3299, 21.5159], [-97.3293, 21.5689], [-97.344, 21.5875], [-97.4082, 21.6325], [-97.4537, 21.6689], [-97.4736, 21.6915], [-97.5176, 21.7254], [-97.5738, 21.7807], [-97.6144, 21.8317], [-97.6865, 21.9387], [-97.6935, 21.9173], [-97.6781, 21.9214], [-97.6647, 21.8906], [-97.6601, 21.8887], [-97.6483, 21.8556], [-97.6374, 21.8369], [-97.6377, 21.8222], [-97.634, 21.8157], [-97.6284, 21.8124], [-97.6272, 21.8044], [-97.6202, 21.7875], [-97.6201, 21.7797], [-97.6143, 21.7795], [-97.6087, 21.7757], [-97.5865, 21.7445], [-97.5727, 21.7392], [-97.5669, 21.7347], [-97.5591, 21.7258], [-97.5543, 21.7146], [-97.5379, 21.6919], [-97.5214, 21.6744], [-97.5055, 21.6673], [-97.5039, 21.658], [-97.4958, 21.647], [-97.492, 21.6384], [-97.4644, 21.6056], [-97.4605, 21.5975], [-97.4529, 21.5933], [-97.4409, 21.5824], [-97.4082, 21.5589], [-97.3913, 21.5403]]], [[[-97.4561, 21.3682], [-97.4312, 21.4055], [-97.4253, 21.4336], [-97.4133, 21.45], [-97.4002, 21.4797], [-97.4285, 21.4689], [-97.4566, 21.4478], [-97.487, 21.4298], [-97.4861, 21.4117], [-97.4726, 21.4134], [-97.4679, 21.3968], [-97.4725, 21.3815], [-97.4561, 21.3682]]], [[[-98.5527, 16.3163], [-98.5321, 16.31], [-98.4495, 16.2787], [-98.4077, 16.2674], [-98.3024, 16.2541], [-98.228, 16.2376], [-98.1961, 16.2243], [-98.1854, 16.2124], [-98.1413, 16.195], [-98.1003, 16.1757], [-97.9645, 16.1025], [-97.8514, 16.0239], [-97.7927, 15.9898], [-97.7905, 15.9857], [-97.768, 15.9765], [-97.6904, 15.9636], [-97.6763, 15.9639], [-97.6606, 15.9774], [-97.6144, 15.9744], [-97.5637, 15.963], [-97.5231, 15.9687], [-97.4699, 15.9518], [-97.4232, 15.9419], [-97.4102, 15.9442], [-97.3698, 15.9373], [-97.3585, 15.9446], [-97.3223, 15.9444], [-97.2638, 15.9362], [-97.2105, 15.9229], [-97.1524, 15.9018], [-97.1357, 15.8936], [-97.1047, 15.8698], [-97.0746, 15.8561], [-97.0619, 15.8603], [-97.0469, 15.8367], [-97.0489, 15.8279], [-97.0131, 15.805], [-96.943, 15.7864], [-96.9152, 15.7737], [-96.8764, 15.7494], [-96.8431, 15.7335], [-96.8083, 15.7342], [-96.7432, 15.7253], [-96.6988, 15.7158], [-96.6489, 15.6969], [-96.6159, 15.6796], [-96.5603, 15.6611], [-96.5247, 15.6625], [-96.5029, 15.6577], [-96.4569, 15.6816], [-96.4216, 15.6957], [-96.3611, 15.6823], [-96.3521, 15.6899], [-96.2864, 15.684], [-96.2417, 15.6845], [-96.1932, 15.7077], [-96.1467, 15.7332], [-96.1242, 15.7428], [-96.1294, 15.7543], [-96.1172, 15.7624], [-96.0991, 15.7585], [-96.0944, 15.7735], [-96.074, 15.7694], [-96.0451, 15.7887], [-96.0339, 15.791], [-96.0037, 15.8095], [-95.9696, 15.8174], [-95.9642, 15.8251], [-95.9382, 15.834], [-95.8849, 15.8448], [-95.8818, 15.8506], [-95.8092, 15.8689], [-95.7764, 15.8718], [-95.7811, 15.8836], [-95.7648, 15.897], [-95.7121, 15.9078], [-95.6624, 15.9127], [-95.6391, 15.9257], [-95.6206, 15.9278], [-95.6027, 15.9432], [-95.5846, 15.9447], [-95.5717, 15.9568], [-95.4982, 15.9657], [-95.4834, 15.9764], [-95.4357, 15.9771], [-95.4252, 15.9995], [-95.3993, 16.0063], [-95.3968, 16.013], [-95.3723, 16.019], [-95.3757, 16.0517], [-95.3523, 16.0806], [-95.3325, 16.0903], [-95.3059, 16.0941], [-95.2781, 16.1068], [-95.2796, 16.1152], [-95.2722, 16.1277], [-95.2486, 16.1333], [-95.2469, 16.1483], [-95.2333, 16.1572], [-95.1979, 16.16], [-95.1843, 16.1688], [-95.1689, 16.1648], [-95.1573, 16.18], [-95.1387, 16.1887], [-95.0683, 16.1844], [-95.0277, 16.1892], [-94.9918, 16.197], [-94.9822, 16.2072], [-94.9358, 16.217], [-94.9274, 16.2081], [-94.9237, 16.2076], [-94.884, 16.2139], [-94.8353, 16.216], [-94.7394, 16.2081], [-94.6972, 16.2098], [-94.5504, 16.1934], [-94.4807, 16.1822], [-94.4276, 16.1698], [-94.3163, 16.1383], [-94.2636, 16.1201], [-94.1937, 16.0932], [-94.0799, 16.0381], [-94.0002, 16.0031], [-94.0002, 16.0054], [-94.0332, 16.0208], [-94.039, 16.0265], [-94.0394, 16.0301], [-94.0478, 16.0368], [-94.0741, 16.0724], [-94.088, 16.085], [-94.1209, 16.0991], [-94.1874, 16.1195], [-94.2334, 16.1417], [-94.2358, 16.1424], [-94.2446, 16.135], [-94.2815, 16.1431], [-94.3362, 16.1657], [-94.359, 16.1704], [-94.3638, 16.1733], [-94.3704, 16.1716], [-94.395, 16.179], [-94.3895, 16.1781], [-94.3981, 16.1834], [-94.4009, 16.1881], [-94.4434, 16.2153], [-94.4423, 16.2149], [-94.4431, 16.2167], [-94.4362, 16.219], [-94.4364, 16.2214], [-94.4147, 16.2235], [-94.4406, 16.228], [-94.4405, 16.2341], [-94.4429, 16.2358], [-94.434, 16.2452], [-94.4303, 16.2452], [-94.4313, 16.2472], [-94.4238, 16.2433], [-94.424, 16.2387], [-94.4104, 16.2378], [-94.4158, 16.2417], [-94.4156, 16.2488], [-94.4112, 16.2517], [-94.4067, 16.2582], [-94.4143, 16.2652], [-94.4147, 16.2734], [-94.4161, 16.272], [-94.418, 16.2752], [-94.4062, 16.2877], [-94.3821, 16.2962], [-94.3718, 16.2972], [-94.3749, 16.2968], [-94.3513, 16.2756], [-94.3415, 16.2469], [-94.3305, 16.2362], [-94.3172, 16.2439], [-94.3015, 16.2378], [-94.284, 16.2088], [-94.2621, 16.2045], [-94.2485, 16.2085], [-94.2239, 16.1999], [-94.2201, 16.1894], [-94.1929, 16.19], [-94.1669, 16.2], [-94.1401, 16.2224], [-94.1243, 16.2231], [-94.102, 16.1411], [-94.0915, 16.1355], [-94.0519, 16.1318], [-94.0369, 16.127], [-94.0272, 16.1062], [-94.0091, 16.1088], [-93.9832, 16.0943], [-93.9621, 16.0928], [-93.9381, 16.0978], [-93.9123, 16.085], [-93.8999, 16.0844], [-93.8702, 16.048], [-93.8668, 16.029], [-93.854, 16.0142], [-93.8229, 15.9917], [-93.8146, 15.9816], [-93.8083, 15.9533], [-93.8721, 15.9838], [-93.8846, 15.9845], [-93.9278, 15.9991], [-93.9184, 15.9839], [-93.8703, 15.9636], [-93.7832, 15.9173], [-93.7092, 15.8717], [-93.6201, 15.8114], [-93.4832, 15.7105], [-93.323, 15.5826], [-93.2316, 15.5046], [-93.0349, 15.3282], [-92.8804, 15.1829], [-92.8552, 15.1536], [-92.775, 15.075], [-92.5149, 14.8033], [-92.4089, 14.703], [-92.4106, 14.6955], [-92.3854, 14.6769], [-92.3198, 14.618], [-92.2403, 14.5437], [-92.2286, 14.5301], [-92.2152, 14.5557], [-92.1838, 14.5756], [-92.1758, 14.6097], [-92.1802, 14.6229], [-92.1631, 14.6497], [-92.1469, 14.6594], [-92.1432, 14.6902], [-92.154, 14.7309], [-92.1686, 14.7431], [-92.1694, 14.755], [-92.1587, 14.7669], [-92.1784, 14.8029], [-92.184, 14.8257], [-92.181, 14.8472], [-92.1692, 14.8622], [-92.1498, 14.8674], [-92.1358, 14.8927], [-92.1454, 14.9114], [-92.1408, 14.9208], [-92.1494, 14.949], [-92.1449, 14.9747], [-92.15, 14.9894], [-92.1399, 14.9939], [-92.1308, 15.0138], [-92.0987, 15.0108], [-92.0797, 15.0332], [-92.0724, 15.0599], [-92.0594, 15.0709], [-92.2102, 15.2612], [-91.7316, 16.0739], [-90.4426, 16.0739], [-90.4586, 16.1073], [-90.4505, 16.1246], [-90.431, 16.1199], [-90.4317, 16.141], [-90.4502, 16.1537], [-90.4275, 16.1623], [-90.4337, 16.1787], [-90.4542, 16.1863], [-90.4582, 16.208], [-90.4548, 16.2226], [-90.4427, 16.2312], [-90.4484, 16.2612], [-90.4308, 16.2544], [-90.4244, 16.264], [-90.4404, 16.2781], [-90.4362, 16.306], [-90.4106, 16.3097], [-90.4136, 16.3246], [-90.4013, 16.3385], [-90.3972, 16.3749], [-90.3824, 16.3609], [-90.3715, 16.3667], [-90.3981, 16.3858], [-90.4184, 16.4237], [-90.4622, 16.4212], [-90.4871, 16.4246], [-90.4792, 16.4438], [-90.4794, 16.4602], [-90.5007, 16.4577], [-90.5057, 16.4691], [-90.5244, 16.4677], [-90.5475, 16.4748], [-90.5508, 16.4822], [-90.5855, 16.4698], [-90.593, 16.4879], [-90.6098, 16.4946], [-90.6108, 16.5158], [-90.6201, 16.522], [-90.6352, 16.5138], [-90.6462, 16.5197], [-90.6489, 16.5437], [-90.6431, 16.5663], [-90.6274, 16.5749], [-90.6376, 16.5942], [-90.6553, 16.5922], [-90.6621, 16.6304], [-90.6575, 16.6382], [-90.676, 16.6602], [-90.6812, 16.6878], [-90.7094, 16.7046], [-90.7074, 16.7169], [-90.7575, 16.7518], [-90.7647, 16.7636], [-90.8027, 16.7761], [-90.804, 16.7984], [-90.845, 16.7958], [-90.8568, 16.7993], [-90.8621, 16.8132], [-90.8845, 16.8265], [-90.9152, 16.8212], [-90.9334, 16.8416], [-90.936, 16.8609], [-90.9704, 16.8726], [-90.9543, 16.8847], [-90.9585, 16.8979], [-90.9827, 16.901], [-90.9938, 16.8768], [-91.0082, 16.8865], [-91.0662, 16.9032], [-91.073, 16.9162], [-91.0638, 16.9244], [-91.0987, 16.9641], [-91.1208, 16.9778], [-91.1222, 17.003], [-91.1546, 17.0049], [-91.1761, 17.016], [-91.1899, 17.0348], [-91.2142, 17.0546], [-91.2182, 17.0783], [-91.2321, 17.0996], [-91.2607, 17.1027], [-91.2694, 17.111], [-91.273, 17.1407], [-91.2632, 17.1656], [-91.2799, 17.1798], [-91.3206, 17.1833], [-91.3358, 17.1627], [-91.355, 17.1907], [-91.3868, 17.2065], [-91.4134, 17.2068], [-91.4275, 17.2166], [-91.4397, 17.2512], [-90.9874, 17.2512], [-90.9876, 17.8154], [-90.988, 17.9625], [-91.1202, 17.9634], [-91.1136, 17.9759], [-91.1307, 17.9823], [-91.1332, 17.958], [-91.1511, 17.9627], [-91.1447, 17.9752], [-91.1927, 17.9782], [-91.2177, 17.9751], [-91.2433, 17.9902], [-91.2484, 18.0047], [-91.2814, 18.024], [-91.2967, 18.0419], [-91.3229, 18.0529], [-91.3283, 18.0628], [-91.3594, 18.0704], [-91.3831, 18.0639], [-91.3966, 18.0787], [-91.4383, 18.0845], [-91.4453, 18.0958], [-91.4865, 18.1165], [-91.5039, 18.1173], [-91.5165, 18.1305], [-91.5159, 18.1697], [-91.5345, 18.1462], [-91.5528, 18.1582], [-91.5801, 18.1581], [-91.5722, 18.142], [-91.5951, 18.1225], [-91.6109, 18.095], [-91.609, 18.0705], [-91.6193, 18.0608], [-91.6125, 18.0481], [-91.6196, 18.0099], [-91.6158, 17.9891], [-91.6221, 17.9426], [-91.6196, 17.9192], [-91.6388, 17.8739], [-91.7387, 17.9362], [-91.7605, 17.9576], [-91.7712, 17.9444], [-91.8046, 17.9725], [-91.8672, 17.9833], [-91.8881, 18.0063], [-91.9097, 18.0138], [-91.9354, 18.0102], [-91.9668, 18.016], [-91.9788, 18.0428], [-91.9908, 18.0387], [-92.0144, 18.0526], [-92.0417, 18.0981], [-92.0622, 18.0982], [-92.0922, 18.092], [-92.1083, 18.0938], [-92.1274, 18.1087], [-92.1283, 18.1201], [-92.1491, 18.1367], [-92.1609, 18.1554], [-92.1606, 18.1887], [-92.1644, 18.1979], [-92.1489, 18.2104], [-92.1793, 18.2687], [-92.1804, 18.2898], [-92.1714, 18.339], [-92.1774, 18.3759], [-92.1761, 18.4582], [-92.3082, 18.4572], [-92.3215, 18.4675], [-92.3316, 18.4603], [-92.3487, 18.4431], [-92.361, 18.4478], [-92.3655, 18.4646], [-92.3882, 18.4793], [-92.4141, 18.4873], [-92.426, 18.513], [-92.4239, 18.5493], [-92.4284, 18.5621], [-92.4522, 18.6001], [-92.4658, 18.6166], [-92.4686, 18.6504], [-92.546, 18.6292], [-92.5873, 18.6203], [-92.6466, 18.6114], [-92.6834, 18.6104], [-92.6877, 18.5979], [-92.6791, 18.5759], [-92.6849, 18.5719], [-92.7106, 18.5722], [-92.7582, 18.518], [-92.803, 18.4824], [-92.8508, 18.4585], [-92.914, 18.4394], [-92.9971, 18.432], [-93.0457, 18.4321], [-93.0972, 18.4431], [-93.1593, 18.4411], [-93.1889, 18.4426], [-93.236, 18.4392], [-93.3273, 18.4375], [-93.3998, 18.4328], [-93.4438, 18.426], [-93.5265, 18.408], [-93.5851, 18.3923], [-93.8108, 18.3151], [-93.8462, 18.306], [-93.8778, 18.2926], [-94.1302, 18.2131], [-94.3463, 18.1654], [-94.4049, 18.1597], [-94.4041, 18.1341], [-94.4171, 18.113], [-94.4164, 18.1059], [-94.4212, 18.0982], [-94.4152, 18.0981], [-94.412, 18.0905], [-94.4089, 18.0903], [-94.4087, 18.09], [-94.4093, 18.0883], [-94.4093, 18.0903], [-94.4114, 18.0899], [-94.4127, 18.0911], [-94.4141, 18.093], [-94.4151, 18.0978], [-94.418, 18.0973], [-94.4207, 18.0978], [-94.4132, 18.0712], [-94.4207, 18.0495], [-94.4437, 18.0549], [-94.4555, 18.048], [-94.4579, 18.033], [-94.4482, 18.0144], [-94.4647, 18.0278], [-94.465, 18.0429], [-94.4433, 18.0579], [-94.4278, 18.0519], [-94.4189, 18.0599], [-94.4187, 18.0779], [-94.4258, 18.0906], [-94.4546, 18.1062], [-94.4656, 18.1023], [-94.4704, 18.1111], [-94.4769, 18.1077], [-94.4857, 18.1093], [-94.4945, 18.1076], [-94.5144, 18.0992], [-94.5229, 18.1026], [-94.526, 18.1126], [-94.5219, 18.1128], [-94.5138, 18.1168], [-94.5153, 18.1222], [-94.5144, 18.1237], [-94.5162, 18.1285], [-94.5208, 18.1299], [-94.5232, 18.1323], [-94.5319, 18.1355], [-94.5368, 18.1414], [-94.546, 18.1375], [-94.5586, 18.1361], [-94.563, 18.1309], [-94.5691, 18.1262], [-94.5707, 18.1269], [-94.5751, 18.1237], [-94.5848, 18.122], [-94.584, 18.1206], [-94.5867, 18.1166], [-94.5848, 18.1228], [-94.5786, 18.1232], [-94.5705, 18.1274], [-94.5671, 18.128], [-94.5588, 18.1364], [-94.5365, 18.1418], [-94.5191, 18.1295], [-94.516, 18.1289], [-94.5138, 18.124], [-94.5132, 18.1176], [-94.5159, 18.1121], [-94.5243, 18.1112], [-94.5215, 18.1025], [-94.5079, 18.1144], [-94.5007, 18.1145], [-94.4771, 18.1085], [-94.4732, 18.1114], [-94.4681, 18.1118], [-94.4632, 18.1048], [-94.4424, 18.1113], [-94.427, 18.1098], [-94.4103, 18.1471], [-94.4197, 18.1567], [-94.4686, 18.1508], [-94.4995, 18.1522], [-94.539, 18.1609], [-94.564, 18.1712], [-94.5972, 18.1935], [-94.6082, 18.2056], [-94.6233, 18.25], [-94.627, 18.2812], [-94.6232, 18.2874], [-94.6523, 18.3075], [-94.67, 18.3395], [-94.7339, 18.3907], [-94.7439, 18.4219], [-94.774, 18.4497], [-94.7891, 18.5077], [-94.7995, 18.5248], [-94.8164, 18.5384], [-94.8443, 18.5456], [-94.9451, 18.5495], [-94.987, 18.5558], [-95.0397, 18.5751], [-95.0504, 18.5837], [-95.0497, 18.5996], [-95.062, 18.616], [-95.0816, 18.631], [-95.0796, 18.6415], [-95.1015, 18.6446], [-95.1269, 18.6566], [-95.1325, 18.6717], [-95.1667, 18.6868], [-95.1826, 18.6989], [-95.2099, 18.7032], [-95.2576, 18.7048], [-95.2873, 18.7152], [-95.3613, 18.7105], [-95.437, 18.7109], [-95.5253, 18.7148], [-95.6071, 18.7254], [-95.6774, 18.7472], [-95.715, 18.7653], [-95.7521, 18.7924], [-95.7773, 18.7979], [-95.8391, 18.8214], [-95.8653, 18.834], [-95.8989, 18.8572], [-95.931, 18.8896], [-95.9433, 18.9121], [-95.9413, 18.9255], [-95.9604, 18.9638], [-95.9706, 19.0518], [-95.9934, 19.0629], [-96.0069, 19.0572], [-96.031, 19.0564], [-96.0598, 19.0641], [-96.0847, 19.079], [-96.0985, 19.1023], [-96.1052, 19.1237], [-96.0941, 19.1539], [-96.1183, 19.1717], [-96.1234, 19.1945], [-96.1354, 19.2016], [-96.1324, 19.2179], [-96.157, 19.2159], [-96.1746, 19.2278], [-96.1818, 19.2498], [-96.2221, 19.2653], [-96.2532, 19.2833], [-96.2813, 19.3079], [-96.293, 19.3065], [-96.3184, 19.3153], [-96.3315, 19.3389], [-96.3633, 19.3495], [-96.3731, 19.3606], [-96.3663, 19.3529], [-96.3598, 19.3486], [-96.3308, 19.339], [-96.3174, 19.3159], [-96.2919, 19.3084], [-96.3106, 19.357], [-96.3066, 19.3729], [-96.3217, 19.4143], [-96.3187, 19.4542], [-96.3086, 19.4638], [-96.3139, 19.4815], [-96.3301, 19.4975], [-96.3586, 19.5336], [-96.3769, 19.5706], [-96.3736, 19.6068], [-96.3969, 19.6468], [-96.3948, 19.6792], [-96.4105, 19.7109], [-96.4011, 19.7233], [-96.4095, 19.748], [-96.4459, 19.8271], [-96.4489, 19.8483], [-96.4771, 19.8721], [-96.5263, 19.9248], [-96.5638, 19.9703], [-96.5749, 20.0047], [-96.6842, 20.1294], [-96.7174, 20.173], [-96.7706, 20.2245], [-96.8119, 20.2711], [-96.8456, 20.3024], [-96.9256, 20.3835], [-96.9533, 20.4149], [-96.9793, 20.4547], [-96.9932, 20.4708], [-97.0276, 20.4966], [-97.1, 20.5659], [-97.1314, 20.6], [-97.1651, 20.6415], [-97.181, 20.6709], [-97.1944, 20.7025], [-97.199, 20.7307], [-97.1936, 20.7395], [-97.204, 20.7584], [-97.2041, 20.7734], [-97.2177, 20.796], [-97.2278, 20.8292], [-97.2521, 20.8632], [-97.2812, 20.9145], [-97.3028, 20.9595], [-97.3538, 20.9773], [-97.3912, 21.0392], [-97.398, 21.0735], [-97.4066, 21.0846], [-97.3865, 21.0994], [-97.3704, 21.0835], [-97.352, 21.0437], [-97.3366, 21.0309], [-97.3647, 21.0978], [-97.3905, 21.147], [-97.4104, 21.197], [-97.4213, 21.2408], [-97.4204, 21.258], [-97.4386, 21.2598], [-97.4453, 21.2766], [-97.444, 21.3021], [-97.4613, 21.3233], [-97.484, 21.3346], [-97.5046, 21.4016], [-97.5015, 21.4196], [-97.4889, 21.4426], [-97.5031, 21.4702], [-97.5153, 21.4761], [-97.5485, 21.4653], [-97.5732, 21.4667], [-97.5949, 21.4969], [-97.5969, 21.5155], [-97.6097, 21.5262], [-97.6283, 21.5529], [-97.6436, 21.5861], [-97.6455, 21.6269], [-97.6623, 21.6316], [-97.6811, 21.6647], [-97.6971, 21.7521], [-97.6978, 21.7841], [-97.7067, 21.7895], [-97.7226, 21.8338], [-97.7065, 21.8421], [-97.7106, 21.8539], [-97.7079, 21.8898], [-97.7229, 21.922], [-97.7249, 21.9574], [-97.7495, 22.0235], [-97.7681, 22.0515], [-97.7474, 22.0514], [-97.7607, 22.0839], [-97.7853, 22.1663], [-97.791, 22.1941], [-97.7927, 22.2571], [-97.7836, 22.2628], [-97.8116, 22.2518], [-97.8364, 22.2301], [-97.8377, 22.2124], [-97.8513, 22.2075], [-97.895, 22.2224], [-97.9172, 22.248], [-97.9342, 22.2542], [-97.9312, 22.2696], [-97.9567, 22.2939], [-97.987, 22.3016], [-97.9704, 22.3329], [-98.0285, 22.3584], [-98.0771, 22.3516], [-98.0847, 22.3687], [-98.1119, 22.3782], [-98.112, 22.3938], [-98.1516, 22.4129], [-98.1661, 22.4111], [-98.189, 22.4253], [-98.1892, 22.44], [-98.2088, 22.4648], [-98.2297, 22.4621], [-98.252, 22.4692], [-98.2555, 22.4553], [-98.2776, 22.4489], [-98.2917, 22.4678], [-98.3193, 22.4652], [-98.3119, 22.4474], [-98.3267, 22.4291], [-98.3132, 22.411], [-98.3277, 22.3987], [-98.3541, 22.3896], [-98.3878, 22.3893], [-98.3833, 22.4203], [-98.4095, 22.3999], [-98.419, 22.4127], [-98.4325, 22.4129], [-98.432, 22.4316], [-98.4437, 22.4313], [-98.461, 22.4122], [-98.4688, 22.429], [-98.4906, 22.4275], [-98.5044, 22.4295], [-98.5096, 22.4164], [-98.5461, 22.4002], [-98.5674, 22.4014], [-98.5895, 22.3947], [-98.6361, 22.4137], [-98.6709, 22.4057], [-98.6815, 22.3716], [-98.6762, 22.3732], [-98.5829, 22.3731], [-98.5793, 22.3486], [-98.5548, 22.338], [-98.5352, 22.3379], [-98.5256, 22.3188], [-98.5061, 22.316], [-98.496, 22.3037], [-98.467, 22.2958], [-98.4467, 22.3056], [-98.428, 22.2838], [-98.408, 22.2841], [-98.4011, 22.2722], [-98.4051, 22.2561], [-98.3681, 22.2554], [-98.3696, 22.2381], [-98.326, 22.243], [-98.3446, 22.2221], [-98.3352, 22.21], [-98.3366, 22.1877], [-98.3553, 22.1803], [-98.4168, 22.1412], [-98.4382, 22.1148], [-98.4195, 22.1009], [-98.4332, 22.0887], [-98.4464, 22.0422], [-98.4436, 22.033], [-98.4636, 21.991], [-98.482, 21.983], [-98.4686, 21.9662], [-98.4952, 21.9611], [-98.5204, 21.9789], [-98.552, 21.9609], [-98.5622, 21.9676], [-98.579, 21.9599], [-98.5736, 21.943], [-98.5533, 21.9334], [-98.5291, 21.9506], [-98.5123, 21.9495], [-98.4988, 21.9274], [-98.5311, 21.9344], [-98.5466, 21.9193], [-98.5109, 21.9072], [-98.5213, 21.8972], [-98.5347, 21.9064], [-98.5448, 21.8899], [-98.5404, 21.8735], [-98.5275, 21.8614], [-98.5185, 21.8315], [-98.5093, 21.8245], [-98.4882, 21.8376], [-98.4935, 21.8162], [-98.4775, 21.8153], [-98.4739, 21.7995], [-98.4617, 21.7901], [-98.4547, 21.7667], [-98.4807, 21.7592], [-98.476, 21.7466], [-98.5127, 21.7266], [-98.5329, 21.6976], [-98.5429, 21.7228], [-98.5671, 21.7176], [-98.5582, 21.6877], [-98.5755, 21.6745], [-98.597, 21.6687], [-98.6192, 21.6713], [-98.6174, 21.6556], [-98.6332, 21.6539], [-98.6359, 21.6264], [-98.6211, 21.6278], [-98.6182, 21.5788], [-98.6095, 21.5748], [-98.6001, 21.5544], [-98.602, 21.5434], [-98.5323, 21.5011], [-98.5359, 21.4939], [-98.5169, 21.4607], [-98.5224, 21.437], [-98.5209, 21.4041], [-98.5043, 21.3894], [-98.4798, 21.3966], [-98.4673, 21.3786], [-98.4656, 21.3471], [-98.4852, 21.3501], [-98.4978, 21.3279], [-98.5412, 21.2695], [-98.5165, 21.2443], [-98.4993, 21.2522], [-98.4692, 21.2495], [-98.4692, 21.2342], [-98.4816, 21.2296], [-98.4535, 21.211], [-98.4464, 21.1797], [-98.424, 21.1673], [-98.4164, 21.155], [-98.365, 21.1617], [-98.342, 21.161], [-98.3407, 21.1698], [-98.3159, 21.1869], [-98.3094, 21.185], [-98.2791, 21.1928], [-98.2781, 21.1746], [-98.2956, 21.1483], [-98.2822, 21.1364], [-98.2647, 21.1412], [-98.2491, 21.1294], [-98.2273, 21.1504], [-98.2081, 21.143], [-98.206, 21.1268], [-98.1876, 21.1108], [-98.1491, 21.083], [-98.1545, 21.0661], [-98.1508, 21.0472], [-98.1557, 21.0334], [-98.1726, 21.0208], [-98.1909, 21.0264], [-98.2027, 21.0093], [-98.2017, 20.9943], [-98.215, 20.9896], [-98.2098, 20.9707], [-98.2257, 20.9594], [-98.2394, 20.923], [-98.2249, 20.9066], [-98.251, 20.8973], [-98.2608, 20.8715], [-98.2623, 20.8469], [-98.2538, 20.8228], [-98.2269, 20.8162], [-98.2363, 20.7968], [-98.248, 20.7894], [-98.292, 20.7855], [-98.3078, 20.801], [-98.326, 20.7842], [-98.3435, 20.7979], [-98.3149, 20.8098], [-98.3272, 20.828], [-98.3529, 20.836], [-98.3452, 20.8649], [-98.3649, 20.8635], [-98.3819, 20.8535], [-98.3983, 20.8587], [-98.4251, 20.8496], [-98.4437, 20.8343], [-98.4496, 20.8061], [-98.4643, 20.7719], [-98.456, 20.7556], [-98.4756, 20.7392], [-98.5128, 20.7332], [-98.532, 20.7133], [-98.5291, 20.704], [-98.5502, 20.6894], [-98.5361, 20.6634], [-98.5251, 20.6818], [-98.4972, 20.6999], [-98.4665, 20.7103], [-98.4255, 20.7489], [-98.4214, 20.7394], [-98.4292, 20.7164], [-98.4599, 20.6962], [-98.4674, 20.6661], [-98.4948, 20.6443], [-98.4952, 20.6366], [-98.4785, 20.5942], [-98.4963, 20.5895], [-98.5059, 20.5962], [-98.5211, 20.5844], [-98.5245, 20.5484], [-98.5347, 20.5307], [-98.5581, 20.5109], [-98.5841, 20.5044], [-98.595, 20.4911], [-98.5793, 20.4787], [-98.5721, 20.4639], [-98.5537, 20.4464], [-98.5504, 20.4325], [-98.5502, 20.3957], [-98.5431, 20.3756], [-98.5474, 20.3612], [-98.5345, 20.347], [-98.5059, 20.3354], [-98.4696, 20.3351], [-98.4586, 20.3337], [-98.4183, 20.3801], [-98.3862, 20.4027], [-98.3553, 20.4018], [-98.3372, 20.4141], [-98.321, 20.418], [-98.3173, 20.4288], [-98.3157, 20.4457], [-98.2774, 20.4727], [-98.2637, 20.4914], [-98.2399, 20.5014], [-98.2287, 20.5208], [-98.2121, 20.5285], [-98.1725, 20.5301], [-98.1496, 20.5628], [-98.108, 20.6121], [-98.1112, 20.6162], [-98.1005, 20.614], [-98.0875, 20.6225], [-98.0828, 20.6421], [-98.0668, 20.6739], [-98.04, 20.6319], [-98.021, 20.6268], [-98.0177, 20.6017], [-98.0287, 20.5897], [-98.0042, 20.5249], [-97.9851, 20.517], [-97.9888, 20.4954], [-98.0086, 20.4829], [-98.0128, 20.4667], [-98.0256, 20.4486], [-98.0632, 20.436], [-98.0939, 20.3866], [-98.0997, 20.3824], [-98.1125, 20.3543], [-98.1268, 20.3362], [-98.1632, 20.3279], [-98.18, 20.3359], [-98.1804, 20.3034], [-98.1903, 20.294], [-98.2155, 20.2915], [-98.2365, 20.3044], [-98.2574, 20.2985], [-98.2672, 20.2723], [-98.2844, 20.2628], [-98.2765, 20.2205], [-98.2597, 20.2153], [-98.2361, 20.2235], [-98.23, 20.2361], [-98.2083, 20.2394], [-98.192, 20.2581], [-98.1759, 20.2542], [-98.1477, 20.2264], [-98.147, 20.2206], [-98.15, 20.2058], [-98.1276, 20.1824], [-98.1298, 20.1766], [-98.1297, 20.1618], [-98.1397, 20.1503], [-98.1051, 20.1423], [-98.1085, 20.1208], [-98.1219, 20.1246], [-98.1283, 20.1072], [-98.1592, 20.0931], [-98.1577, 20.0842], [-98.1681, 20.0573], [-98.1809, 20.047], [-98.1736, 20.0338], [-98.164, 20.0225], [-98.1742, 19.9975], [-98.1604, 19.9781], [-98.1807, 19.9597], [-98.2191, 19.9672], [-98.2302, 19.9494], [-98.251, 19.9348], [-98.2564, 19.915], [-98.2678, 19.9161], [-98.2694, 19.8957], [-98.2866, 19.8872], [-98.3145, 19.8545], [-98.3006, 19.8453], [-98.2835, 19.847], [-98.2671, 19.8433], [-98.265, 19.8251], [-98.2508, 19.8128], [-98.2497, 19.7988], [-98.2352, 19.7775], [-98.2162, 19.7784], [-98.2026, 19.7679], [-98.1967, 19.7427], [-98.2151, 19.7413], [-98.2382, 19.7223], [-98.2553, 19.7188], [-98.2524, 19.6931], [-98.2408, 19.6759], [-98.1905, 19.6763], [-98.1597, 19.6694], [-98.1437, 19.6836], [-98.1104, 19.6858], [-98.0988, 19.6697], [-98.0828, 19.7008], [-98.0688, 19.7034], [-98.066, 19.7281], [-98.056, 19.7259], [-98.0401, 19.6996], [-98.036, 19.6651], [-98.0422, 19.6402], [-97.9799, 19.6282], [-97.9556, 19.6031], [-97.9467, 19.5856], [-97.9142, 19.5921], [-97.9079, 19.5794], [-97.8815, 19.5717], [-97.8682, 19.5533], [-97.8695, 19.5423], [-97.8875, 19.5176], [-97.8898, 19.5046], [-97.8582, 19.4931], [-97.8474, 19.474], [-97.8623, 19.4562], [-97.8459, 19.4689], [-97.8147, 19.4825], [-97.7945, 19.4984], [-97.7969, 19.4724], [-97.774, 19.4692], [-97.7736, 19.4588], [-97.7548, 19.4575], [-97.7473, 19.4363], [-97.7245, 19.4316], [-97.7211, 19.4186], [-97.704, 19.393], [-97.6791, 19.3848], [-97.6739, 19.3675], [-97.6315, 19.3554], [-97.6387, 19.3383], [-97.6257, 19.3314], [-97.6461, 19.3064], [-97.658, 19.3107], [-97.6665, 19.2947], [-97.6909, 19.2859], [-97.7196, 19.3048], [-97.7293, 19.2931], [-97.7451, 19.3053], [-97.7714, 19.2837], [-97.8005, 19.3016], [-97.8208, 19.3047], [-97.8387, 19.3016], [-97.8384, 19.2873], [-97.8597, 19.2872], [-97.8703, 19.2706], [-97.8651, 19.254], [-97.851, 19.2229], [-97.8621, 19.2138], [-97.8906, 19.202], [-97.8899, 19.1869], [-97.9151, 19.1733], [-97.9282, 19.1642], [-97.9789, 19.1926], [-97.992, 19.1958], [-98.0317, 19.2309], [-98.0415, 19.2102], [-98.0593, 19.2012], [-98.0696, 19.1852], [-98.1003, 19.1634], [-98.1194, 19.1353], [-98.1475, 19.1144], [-98.1662, 19.1051], [-98.1972, 19.1275], [-98.1882, 19.1355], [-98.208, 19.1327], [-98.2245, 19.1379], [-98.2303, 19.1567], [-98.2622, 19.1608], [-98.2879, 19.1741], [-98.3063, 19.1887], [-98.3122, 19.1904], [-98.3238, 19.1688], [-98.3398, 19.1861], [-98.3307, 19.2002], [-98.3441, 19.2053], [-98.3519, 19.219], [-98.3689, 19.2261], [-98.3804, 19.2617], [-98.4102, 19.2917], [-98.4077, 19.3159], [-98.4269, 19.3271], [-98.4421, 19.3276], [-98.4549, 19.3455], [-98.4703, 19.3608], [-98.5083, 19.4269], [-98.5232, 19.4609], [-98.5415, 19.4608], [-98.5703, 19.4668], [-98.5913, 19.4492], [-98.6294, 19.457], [-98.6341, 19.4679], [-98.6532, 19.466], [-98.6615, 19.4581], [-98.6348, 19.4312], [-98.6564, 19.4221], [-98.6581, 19.3827], [-98.6445, 19.352], [-98.6605, 19.3513], [-98.6635, 19.3248], [-98.6275, 19.2578], [-98.6436, 19.2387], [-98.647, 19.1848], [-98.6362, 19.1536], [-98.6407, 19.1255], [-98.627, 19.1248], [-98.6393, 19.0774], [-98.6302, 19.0678], [-98.6199, 19.0351], [-98.6329, 19.0156], [-98.6503, 18.9981], [-98.6633, 18.9625], [-98.6736, 18.9517], [-98.6781, 18.9237], [-98.7074, 18.9029], [-98.7057, 18.8908], [-98.7135, 18.8672], [-98.6975, 18.8778], [-98.7029, 18.8897], [-98.6729, 18.9094], [-98.6633, 18.8983], [-98.6721, 18.88], [-98.6887, 18.8581], [-98.7082, 18.8213], [-98.728, 18.8055], [-98.7397, 18.7669], [-98.7474, 18.7584], [-98.7534, 18.7429], [-98.7186, 18.7366], [-98.724, 18.7191], [-98.7418, 18.7029], [-98.721, 18.6577], [-98.7167, 18.6253], [-98.7193, 18.605], [-98.7125, 18.5854], [-98.7167, 18.5659], [-98.7032, 18.5398], [-98.7127, 18.518], [-98.699, 18.495], [-98.7104, 18.4681], [-98.7067, 18.4451], [-98.7269, 18.4395], [-98.7379, 18.4534], [-98.7549, 18.4571], [-98.763, 18.4763], [-98.7796, 18.4804], [-98.7985, 18.4977], [-98.8105, 18.5192], [-98.8261, 18.5229], [-98.8403, 18.5128], [-98.8379, 18.4937], [-98.8494, 18.4798], [-98.8651, 18.4798], [-98.9109, 18.4621], [-98.9152, 18.4573], [-98.9193, 18.432], [-98.9392, 18.422], [-98.974, 18.4171], [-98.9875, 18.3996], [-99.0159, 18.3863], [-99.0314, 18.3649], [-99.0659, 18.3326], [-99.0601, 18.2967], [-99.0658, 18.2804], [-99.0548, 18.2713], [-99.054, 18.2523], [-99.0317, 18.2723], [-99.0147, 18.2633], [-99.0218, 18.2499], [-98.995, 18.2374], [-98.9941, 18.2129], [-99.0001, 18.1902], [-98.9572, 18.1887], [-98.8848, 18.167], [-98.8524, 18.1176], [-98.8698, 18.0572], [-98.8341, 18.0635], [-98.8123, 18.0636], [-98.7774, 18.056], [-98.7586, 18.0448], [-98.7379, 18.04], [-98.7686, 18.0195], [-98.7941, 18.024], [-98.8133, 18.0112], [-98.8017, 18.003], [-98.7669, 17.9893], [-98.7543, 17.9898], [-98.7167, 17.9733], [-98.7017, 17.9541], [-98.6881, 17.9619], [-98.6522, 17.9341], [-98.6445, 17.9336], [-98.6136, 17.9496], [-98.5849, 17.9739], [-98.5296, 17.9758], [-98.5237, 17.9942], [-98.5005, 17.9956], [-98.4868, 17.9908], [-98.4481, 17.9907], [-98.4342, 17.9839], [-98.4317, 17.9628], [-98.423, 17.9493], [-98.4251, 17.9357], [-98.4392, 17.919], [-98.4236, 17.8796], [-98.425, 17.8396], [-98.471, 17.7888], [-98.4939, 17.773], [-98.4966, 17.7616], [-98.4867, 17.7337], [-98.4897, 17.7034], [-98.4862, 17.681], [-98.4707, 17.6781], [-98.4611, 17.6304], [-98.4505, 17.6333], [-98.4331, 17.623], [-98.4124, 17.601], [-98.377, 17.6054], [-98.3647, 17.5826], [-98.355, 17.5797], [-98.3453, 17.5626], [-98.3412, 17.5419], [-98.3296, 17.5333], [-98.3317, 17.5195], [-98.3203, 17.5069], [-98.3119, 17.4775], [-98.3324, 17.472], [-98.3359, 17.4563], [-98.3049, 17.3943], [-98.2874, 17.329], [-98.3048, 17.3275], [-98.3178, 17.3024], [-98.3227, 17.2748], [-98.3021, 17.2463], [-98.2884, 17.2386], [-98.2772, 17.2501], [-98.2648, 17.2464], [-98.2423, 17.2506], [-98.2226, 17.2386], [-98.2031, 17.2163], [-98.2049, 17.1913], [-98.2177, 17.1869], [-98.2167, 17.1698], [-98.2235, 17.1483], [-98.2204, 17.1266], [-98.1971, 17.1162], [-98.1835, 17.1177], [-98.1534, 17.1104], [-98.15, 17.1024], [-98.118, 17.0955], [-98.0988, 17.0838], [-98.0809, 17.0666], [-98.0457, 17.0573], [-98.0073, 17.0401], [-98.0252, 17.0192], [-98.0302, 17.0157], [-98.0575, 17.0238], [-98.0752, 17.0072], [-98.0971, 16.9689], [-98.1065, 16.9567], [-98.0953, 16.9233], [-98.0897, 16.9183], [-98.0807, 16.885], [-98.0726, 16.8754], [-98.0811, 16.8334], [-98.1001, 16.7986], [-98.1082, 16.7609], [-98.1354, 16.7574], [-98.1257, 16.7391], [-98.139, 16.7238], [-98.1659, 16.7217], [-98.2005, 16.7119], [-98.238, 16.7074], [-98.2459, 16.6707], [-98.2331, 16.6706], [-98.2284, 16.6395], [-98.2142, 16.6188], [-98.1938, 16.6215], [-98.2055, 16.5859], [-98.2293, 16.5809], [-98.2499, 16.5635], [-98.2928, 16.5578], [-98.2917, 16.5701], [-98.3166, 16.5699], [-98.33, 16.5727], [-98.3403, 16.5582], [-98.3951, 16.5468], [-98.3925, 16.5274], [-98.3835, 16.5131], [-98.3538, 16.4913], [-98.3587, 16.4662], [-98.3501, 16.4443], [-98.3995, 16.3805], [-98.4542, 16.3858], [-98.5207, 16.36], [-98.5391, 16.3441], [-98.5527, 16.3163]]], [[[-94.93, 16.2081], [-94.9408, 16.2117], [-94.9701, 16.2067], [-94.9689, 16.2015], [-94.93, 16.2081]]]]}}, {"type": "Feature", "properties": {"z": "PEN", "ISO_A3": "MEX", "c": "MEXICO"}, "geometry": {"type": "MultiPolygon", "coordinates": [[[[-87.2136, 21.5271], [-87.1944, 21.5343], [-87.1587, 21.5622], [-87.1347, 21.5731], [-87.1129, 21.5966], [-87.146, 21.5716], [-87.2085, 21.5463], [-87.2539, 21.5391], [-87.2751, 21.5398], [-87.3128, 21.5494], [-87.3348, 21.5641], [-87.3442, 21.5591], [-87.3534, 21.5359], [-87.3262, 21.544], [-87.3014, 21.5252], [-87.259, 21.5235], [-87.2136, 21.5271]]], [[[-87.3532, 21.5368], [-87.3637, 21.5349], [-87.3962, 21.5138], [-87.3855, 21.5048], [-87.3532, 21.5368]]], [[[-87.1544, 21.4635], [-87.1629, 21.442], [-87.1465, 21.4348], [-87.1383, 21.4469], [-87.1544, 21.4635]]], [[[-86.7954, 20.463], [-86.7623, 20.5094], [-86.7584, 20.5246], [-86.738, 20.5526], [-86.7258, 20.5794], [-86.7313, 20.5911], [-86.749, 20.5778], [-86.7559, 20.5632], [-86.7759, 20.5506], [-86.8087, 20.5391], [-86.8535, 20.5502], [-86.8699, 20.5374], [-86.8816, 20.5577], [-86.8972, 20.5656], [-86.9276, 20.5505], [-86.9466, 20.515], [-86.9607, 20.5017], [-86.9849, 20.4628], [-86.9902, 20.4491], [-87.0061, 20.4328], [-87.0215, 20.3921], [-87.0245, 20.3556], [-87.0054, 20.2987], [-86.9877, 20.272], [-86.9328, 20.312], [-86.9052, 20.3462], [-86.8985, 20.345], [-86.8769, 20.3817], [-86.8299, 20.4386], [-86.8165, 20.4398], [-86.7954, 20.463]]], [[[-89.8639, 21.2269], [-89.864, 21.2261], [-89.8624, 21.2257], [-89.8624, 21.2267], [-89.8639, 21.2269]]], [[[-89.9787, 21.1796], [-89.9224, 21.2174], [-89.8997, 21.2286], [-89.8627, 21.2374], [-89.8644, 21.2422], [-89.896, 21.2329], [-89.9234, 21.2191], [-89.9808, 21.1833], [-89.9787, 21.1796]]], [[[-90.4159, 20.8117], [-90.3999, 20.8154], [-90.3959, 20.84], [-90.3864, 20.8473], [-90.3795, 20.8685], [-90.3613, 20.8927], [-90.3576, 20.9213], [-90.3445, 20.9635], [-90.3639, 20.9664], [-90.4159, 20.8117]]], [[[-90.9876, 17.8154], [-89.152, 17.8156], [-89.1519, 17.9395], [-89.1355, 17.9561], [-89.1321, 17.9724], [-89.1162, 17.9687], [-89.0774, 17.9938], [-89.0585, 17.9901], [-89.0523, 17.9997], [-89.0289, 18.0004], [-89.0009, 17.9848], [-89.0037, 17.9724], [-88.9931, 17.9597], [-88.9705, 17.9523], [-88.9453, 17.9532], [-88.9313, 17.943], [-88.9204, 17.9157], [-88.8874, 17.9071], [-88.8776, 17.8944], [-88.86, 17.8942], [-88.8522, 17.9334], [-88.8336, 17.9457], [-88.8164, 17.9496], [-88.789, 17.981], [-88.7884, 17.993], [-88.7668, 18.0159], [-88.7708, 18.0292], [-88.7474, 18.0403], [-88.717, 18.0604], [-88.7187, 18.108], [-88.6899, 18.1553], [-88.6812, 18.1588], [-88.6875, 18.1941], [-88.6738, 18.1942], [-88.6422, 18.2155], [-88.6158, 18.2233], [-88.6076, 18.2384], [-88.6066, 18.2638], [-88.5974, 18.2896], [-88.6054, 18.2921], [-88.5637, 18.3349], [-88.5441, 18.3611], [-88.5515, 18.374], [-88.5297, 18.4168], [-88.5281, 18.4345], [-88.5171, 18.4638], [-88.4744, 18.4936], [-88.442, 18.4812], [-88.401, 18.4956], [-88.3813, 18.479], [-88.3275, 18.4903], [-88.3191, 18.4882], [-88.2925, 18.4922], [-88.268, 18.5206], [-88.2519, 18.5567], [-88.2321, 18.585], [-88.2259, 18.6108], [-88.2053, 18.6384], [-88.1878, 18.6854], [-88.167, 18.694], [-88.1589, 18.7088], [-88.1714, 18.7223], [-88.1675, 18.7383], [-88.1473, 18.7346], [-88.1445, 18.7475], [-88.1291, 18.7651], [-88.1264, 18.7826], [-88.1124, 18.7965], [-88.1073, 18.8165], [-88.0832, 18.835], [-88.069, 18.8616], [-88.0514, 18.8711], [-88.037, 18.8663], [-88.0369, 18.8455], [-88.0468, 18.8155], [-88.0202, 18.7964], [-88.0117, 18.7745], [-87.9968, 18.7715], [-88.0009, 18.738], [-88.0166, 18.6949], [-87.9987, 18.6708], [-88.0032, 18.6535], [-88.0178, 18.6282], [-88.0173, 18.6176], [-88.0385, 18.5938], [-88.0333, 18.5688], [-88.0418, 18.5403], [-88.0604, 18.5181], [-88.0774, 18.5109], [-88.0665, 18.4932], [-88.0656, 18.4788], [-88.0458, 18.4746], [-88.0377, 18.4648], [-88.0106, 18.4607], [-87.976, 18.4456], [-87.9342, 18.4392], [-87.9359, 18.3971], [-87.922, 18.3856], [-87.9028, 18.3838], [-87.9, 18.3609], [-87.8778, 18.3451], [-87.8828, 18.3144], [-87.8762, 18.3083], [-87.8755, 18.258], [-87.8808, 18.2391], [-87.8637, 18.2196], [-87.8417, 18.2294], [-87.8353, 18.2611], [-87.8325, 18.2953], [-87.818, 18.3335], [-87.8019, 18.3524], [-87.7874, 18.3854], [-87.7636, 18.4179], [-87.7641, 18.4597], [-87.7576, 18.5135], [-87.7444, 18.529], [-87.7396, 18.5453], [-87.739, 18.5826], [-87.7277, 18.6402], [-87.7262, 18.6627], [-87.7115, 18.7108], [-87.6993, 18.7281], [-87.6735, 18.7523], [-87.6632, 18.8248], [-87.6435, 18.856], [-87.6416, 18.8849], [-87.6311, 18.9029], [-87.6313, 18.9266], [-87.6143, 18.9624], [-87.6047, 18.9883], [-87.5888, 19.0092], [-87.5635, 19.0668], [-87.5518, 19.0819], [-87.5485, 19.144], [-87.5407, 19.1536], [-87.5392, 19.201], [-87.5264, 19.2298], [-87.4899, 19.2602], [-87.451, 19.3059], [-87.4862, 19.2995], [-87.4938, 19.2899], [-87.4988, 19.2593], [-87.5162, 19.2518], [-87.5014, 19.3023], [-87.5391, 19.3066], [-87.5669, 19.2841], [-87.5686, 19.2645], [-87.5824, 19.2557], [-87.591, 19.2374], [-87.6037, 19.2324], [-87.6131, 19.2167], [-87.6222, 19.1837], [-87.655, 19.18], [-87.6778, 19.1951], [-87.6922, 19.2522], [-87.6613, 19.2606], [-87.6584, 19.2773], [-87.679, 19.2913], [-87.6808, 19.3135], [-87.6727, 19.3311], [-87.6325, 19.39], [-87.6149, 19.4037], [-87.6053, 19.3964], [-87.5761, 19.414], [-87.5439, 19.4285], [-87.5299, 19.4141], [-87.5156, 19.4274], [-87.504, 19.447], [-87.4905, 19.4589], [-87.4628, 19.4695], [-87.4627, 19.4814], [-87.4811, 19.5081], [-87.4667, 19.5447], [-87.4745, 19.5661], [-87.4981, 19.5416], [-87.5141, 19.5428], [-87.5388, 19.5363], [-87.5337, 19.5561], [-87.5823, 19.5562], [-87.6152, 19.5521], [-87.6345, 19.5333], [-87.6385, 19.5164], [-87.6672, 19.4947], [-87.674, 19.5127], [-87.6735, 19.5466], [-87.6861, 19.5573], [-87.7019, 19.5496], [-87.7126, 19.5578], [-87.7088, 19.5741], [-87.7406, 19.5871], [-87.7491, 19.5989], [-87.7395, 19.6409], [-87.7422, 19.6636], [-87.6986, 19.6797], [-87.6776, 19.6823], [-87.6473, 19.693], [-87.6191, 19.7193], [-87.5794, 19.7895], [-87.5615, 19.8054], [-87.5305, 19.8076], [-87.5, 19.823], [-87.4672, 19.8584], [-87.4736, 19.8726], [-87.4645, 19.89], [-87.471, 19.9014], [-87.4651, 19.9292], [-87.4328, 19.9084], [-87.4372, 19.9298], [-87.4507, 19.9307], [-87.4652, 19.9586], [-87.4679, 19.9812], [-87.4761, 19.9991], [-87.4791, 20.041], [-87.4778, 20.078], [-87.4578, 20.1502], [-87.4234, 20.2261], [-87.379, 20.2836], [-87.3634, 20.2953], [-87.3524, 20.3229], [-87.3406, 20.3431], [-87.324, 20.3839], [-87.3036, 20.4106], [-87.3056, 20.4114], [-87.3012, 20.411], [-87.3014, 20.4151], [-87.2983, 20.4158], [-87.2802, 20.4484], [-87.2672, 20.4569], [-87.2459, 20.4851], [-87.2237, 20.4969], [-87.1753, 20.5319], [-87.0984, 20.5944], [-87.0591, 20.6359], [-87.0535, 20.647], [-87.0215, 20.6744], [-87.0097, 20.7027], [-86.9624, 20.7301], [-86.9641, 20.748], [-86.9465, 20.7684], [-86.9407, 20.7823], [-86.921, 20.8073], [-86.9039, 20.8131], [-86.8725, 20.8516], [-86.8602, 20.8919], [-86.8462, 20.9051], [-86.8379, 20.9355], [-86.8302, 20.9754], [-86.8091, 21.0301], [-86.7869, 21.0302], [-86.7791, 21.0594], [-86.7577, 21.1141], [-86.7453, 21.133], [-86.7889, 21.1474], [-86.7997, 21.1571], [-86.8067, 21.1788], [-86.8018, 21.2119], [-86.8017, 21.2407], [-86.8163, 21.2832], [-86.8132, 21.2994], [-86.7918, 21.3419], [-86.7902, 21.3866], [-86.7954, 21.4015], [-86.8136, 21.4019], [-86.7952, 21.375], [-86.7926, 21.3412], [-86.7998, 21.3275], [-86.8215, 21.316], [-86.8312, 21.2558], [-86.8496, 21.2499], [-86.8593, 21.2568], [-86.8703, 21.3081], [-86.869, 21.3318], [-86.8805, 21.3614], [-86.8918, 21.4057], [-86.9149, 21.4235], [-86.9269, 21.451], [-86.9619, 21.4974], [-87.0073, 21.5445], [-87.0271, 21.5572], [-87.0477, 21.5597], [-87.0838, 21.5812], [-87.1058, 21.5728], [-87.1058, 21.5487], [-87.1002, 21.5449], [-87.0959, 21.5146], [-87.1058, 21.4987], [-87.1058, 21.4724], [-87.1052, 21.4667], [-87.1035, 21.467], [-87.1038, 21.4634], [-87.1079, 21.4649], [-87.1058, 21.4615], [-87.1151, 21.4518], [-87.1519, 21.4306], [-87.1557, 21.4214], [-87.1874, 21.4237], [-87.1937, 21.4018], [-87.2085, 21.3894], [-87.236, 21.4051], [-87.2404, 21.4174], [-87.2677, 21.4234], [-87.2862, 21.4378], [-87.3089, 21.4391], [-87.3281, 21.4324], [-87.3475, 21.4355], [-87.3547, 21.4461], [-87.3786, 21.4544], [-87.4025, 21.4569], [-87.4298, 21.4666], [-87.4529, 21.4627], [-87.4647, 21.4545], [-87.4861, 21.4591], [-87.4934, 21.483], [-87.5303, 21.4834], [-87.5349, 21.4794], [-87.5349, 21.4902], [-87.5655, 21.4938], [-87.6864, 21.521], [-87.6922, 21.5195], [-87.7418, 21.531], [-87.8065, 21.5508], [-87.8616, 21.5719], [-87.8995, 21.5887], [-87.9641, 21.6101], [-88.0176, 21.6096], [-88.0787, 21.6146], [-88.1079, 21.6214], [-88.099, 21.6035], [-88.0663, 21.5985], [-88.0477, 21.5902], [-88.0232, 21.5934], [-88.0061, 21.5879], [-87.997, 21.5963], [-87.9739, 21.5889], [-87.9552, 21.5909], [-87.9353, 21.5829], [-87.9155, 21.5891], [-87.8934, 21.5777], [-87.8619, 21.5707], [-87.7613, 21.5258], [-87.7015, 21.5129], [-87.6437, 21.5075], [-87.6316, 21.5011], [-87.6038, 21.4972], [-87.5952, 21.4886], [-87.667, 21.4871], [-87.6869, 21.5028], [-87.7237, 21.498], [-87.7769, 21.5062], [-87.8089, 21.5217], [-87.8321, 21.5473], [-87.8365, 21.5584], [-87.8548, 21.5592], [-87.8892, 21.5687], [-87.9233, 21.5564], [-87.9352, 21.5632], [-87.9594, 21.5634], [-87.9937, 21.5694], [-87.99, 21.5698], [-88.0387, 21.5839], [-88.0662, 21.5977], [-88.0861, 21.5944], [-88.115, 21.6124], [-88.1473, 21.5954], [-88.1821, 21.5887], [-88.1886, 21.5817], [-88.2075, 21.5802], [-88.2159, 21.5688], [-88.2339, 21.5687], [-88.2733, 21.5558], [-88.3226, 21.5506], [-88.3714, 21.5663], [-88.4009, 21.5647], [-88.4185, 21.5585], [-88.462, 21.5526], [-88.5321, 21.5331], [-88.5467, 21.5351], [-88.5686, 21.5284], [-88.615, 21.5224], [-88.6305, 21.5136], [-88.6347, 21.4985], [-88.627, 21.4893], [-88.6409, 21.4683], [-88.664, 21.4653], [-88.6904, 21.4513], [-88.74, 21.4301], [-88.7979, 21.4196], [-88.8298, 21.4022], [-88.8569, 21.3959], [-88.8863, 21.3946], [-88.9212, 21.3872], [-88.9714, 21.3819], [-89.0684, 21.3676], [-89.1022, 21.3589], [-89.158, 21.3551], [-89.4027, 21.3297], [-89.5556, 21.3074], [-89.566, 21.3034], [-89.6375, 21.2908], [-89.665, 21.2886], [-89.661, 21.2529], [-89.6689, 21.2395], [-89.6862, 21.2404], [-89.6994, 21.2298], [-89.7445, 21.2357], [-89.7872, 21.2262], [-89.8061, 21.2261], [-89.8485, 21.2169], [-89.8644, 21.2099], [-89.8771, 21.2096], [-89.8826, 21.1957], [-89.8986, 21.1871], [-89.9133, 21.1939], [-89.947, 21.1762], [-89.9582, 21.1598], [-89.9763, 21.1694], [-89.9877, 21.1551], [-90.0067, 21.1469], [-90.0292, 21.155], [-90.0443, 21.1434], [-90.0733, 21.1376], [-90.127, 21.1074], [-90.1405, 21.0971], [-90.1677, 21.0918], [-90.2008, 21.0758], [-90.214, 21.0542], [-90.2277, 21.0438], [-90.2424, 21.0486], [-90.2568, 21.0398], [-90.2601, 21.0213], [-90.272, 21.0167], [-90.2918, 20.9955], [-90.2945, 20.9859], [-90.3125, 20.9807], [-90.3235, 20.9552], [-90.3269, 20.9331], [-90.3374, 20.9217], [-90.3391, 20.8957], [-90.3519, 20.8741], [-90.3751, 20.8554], [-90.3801, 20.8203], [-90.397, 20.7829], [-90.4024, 20.7803], [-90.4104, 20.7466], [-90.4302, 20.7391], [-90.4237, 20.7231], [-90.4382, 20.7192], [-90.4369, 20.6983], [-90.4295, 20.6817], [-90.4411, 20.6649], [-90.436, 20.6528], [-90.4539, 20.583], [-90.4697, 20.5529], [-90.4904, 20.4883], [-90.4726, 20.4755], [-90.4732, 20.4559], [-90.4806, 20.4378], [-90.4674, 20.4268], [-90.4815, 20.4002], [-90.474, 20.3883], [-90.4951, 20.3399], [-90.4783, 20.324], [-90.4863, 20.3133], [-90.4787, 20.3016], [-90.4838, 20.2721], [-90.4805, 20.2401], [-90.4826, 20.2163], [-90.4737, 20.2133], [-90.4697, 20.2019], [-90.4767, 20.1706], [-90.4882, 20.1664], [-90.4834, 20.1422], [-90.4739, 20.1106], [-90.4828, 20.0839], [-90.4829, 20.0551], [-90.4582, 20.0005], [-90.4625, 19.9882], [-90.4434, 19.9586], [-90.4679, 19.9234], [-90.4776, 19.8952], [-90.4896, 19.8758], [-90.5343, 19.8531], [-90.5563, 19.8336], [-90.5915, 19.8147], [-90.6624, 19.7583], [-90.6706, 19.7352], [-90.6695, 19.7199], [-90.6953, 19.6858], [-90.7071, 19.6753], [-90.7063, 19.6492], [-90.6936, 19.6453], [-90.6861, 19.6317], [-90.6909, 19.6024], [-90.7118, 19.5624], [-90.7041, 19.5518], [-90.7106, 19.5141], [-90.704, 19.5005], [-90.7037, 19.4805], [-90.7153, 19.4228], [-90.7252, 19.4001], [-90.7227, 19.3581], [-90.7548, 19.3118], [-90.7924, 19.2749], [-90.8272, 19.249], [-90.8984, 19.1871], [-90.9332, 19.1595], [-90.9993, 19.1159], [-91.0354, 19.096], [-91.0823, 19.0666], [-91.1116, 19.0442], [-91.1125, 19.0365], [-91.1709, 19.0025], [-91.1561, 18.992], [-91.1375, 19.0116], [-91.1204, 19.0168], [-91.1005, 19.0322], [-91.1028, 19.018], [-91.1278, 19.0093], [-91.1513, 18.9901], [-91.2071, 18.9615], [-91.1877, 18.9548], [-91.2069, 18.9304], [-91.2256, 18.9244], [-91.243, 18.9433], [-91.2933, 18.9211], [-91.3423, 18.8875], [-91.3379, 18.869], [-91.3465, 18.8458], [-91.3342, 18.8306], [-91.3429, 18.8119], [-91.3399, 18.8018], [-91.3143, 18.7967], [-91.3091, 18.8033], [-91.2778, 18.7961], [-91.2636, 18.7847], [-91.2545, 18.7681], [-91.2362, 18.7644], [-91.2163, 18.7517], [-91.2324, 18.7362], [-91.2317, 18.7057], [-91.2425, 18.6827], [-91.261, 18.6754], [-91.2754, 18.6439], [-91.2394, 18.6322], [-91.2475, 18.6148], [-91.2818, 18.6066], [-91.284, 18.5814], [-91.2955, 18.5671], [-91.3275, 18.5495], [-91.3344, 18.5322], [-91.3509, 18.5454], [-91.3679, 18.5436], [-91.4101, 18.53], [-91.4485, 18.5107], [-91.4683, 18.4895], [-91.467, 18.4496], [-91.4881, 18.4368], [-91.4903, 18.4544], [-91.5201, 18.4469], [-91.5642, 18.4407], [-91.5943, 18.4424], [-91.6396, 18.4503], [-91.6773, 18.4603], [-91.7323, 18.4711], [-91.7633, 18.4852], [-91.7821, 18.4787], [-91.7798, 18.4635], [-91.7526, 18.4559], [-91.744, 18.4384], [-91.7714, 18.4295], [-91.7597, 18.4117], [-91.7603, 18.3979], [-91.7375, 18.3864], [-91.7756, 18.3729], [-91.7885, 18.3753], [-91.7946, 18.3902], [-91.8113, 18.3962], [-91.8053, 18.4154], [-91.8236, 18.4253], [-91.8344, 18.4232], [-91.8276, 18.4363], [-91.8255, 18.4359], [-91.8129, 18.4415], [-91.7971, 18.4756], [-91.7996, 18.4935], [-91.8377, 18.5047], [-91.8623, 18.501], [-91.8517, 18.5212], [-91.8968, 18.5447], [-91.9318, 18.5522], [-91.9629, 18.5812], [-91.9675, 18.5738], [-91.9593, 18.5515], [-91.9448, 18.5309], [-91.9633, 18.5135], [-91.9941, 18.515], [-92.0237, 18.5308], [-92.0362, 18.5307], [-92.0241, 18.5586], [-92.0253, 18.5707], [-92.0483, 18.5724], [-92.0584, 18.5534], [-92.0778, 18.5503], [-92.081, 18.5625], [-92.0707, 18.5808], [-92.0782, 18.589], [-92.1013, 18.5748], [-92.1352, 18.5789], [-92.1421, 18.5635], [-92.1559, 18.5513], [-92.1751, 18.5447], [-92.2067, 18.5484], [-92.2236, 18.559], [-92.2265, 18.5768], [-92.2124, 18.6041], [-92.1948, 18.6086], [-92.1675, 18.6077], [-92.1379, 18.5958], [-92.1196, 18.6168], [-92.0613, 18.6202], [-92.0529, 18.5878], [-92.0417, 18.581], [-92.0276, 18.5857], [-92.0108, 18.5609], [-91.9733, 18.5753], [-91.9515, 18.6066], [-91.9349, 18.6164], [-91.9228, 18.6007], [-91.9283, 18.5897], [-91.9182, 18.5742], [-91.9033, 18.5677], [-91.8898, 18.5858], [-91.8716, 18.5775], [-91.8566, 18.6119], [-91.8757, 18.6169], [-91.9155, 18.6415], [-91.9454, 18.6873], [-91.9614, 18.6973], [-91.9865, 18.6988], [-92.0745, 18.692], [-92.114, 18.6873], [-92.1647, 18.6848], [-92.2028, 18.679], [-92.3423, 18.671], [-92.4049, 18.6638], [-92.4686, 18.6504], [-92.4658, 18.6166], [-92.4522, 18.6001], [-92.4284, 18.5621], [-92.4239, 18.5493], [-92.426, 18.513], [-92.4141, 18.4873], [-92.3882, 18.4793], [-92.3655, 18.4646], [-92.361, 18.4478], [-92.3487, 18.4431], [-92.3316, 18.4603], [-92.3215, 18.4675], [-92.3082, 18.4572], [-92.1761, 18.4582], [-92.1774, 18.3759], [-92.1714, 18.339], [-92.1804, 18.2898], [-92.1793, 18.2687], [-92.1489, 18.2104], [-92.1644, 18.1979], [-92.1606, 18.1887], [-92.1609, 18.1554], [-92.1491, 18.1367], [-92.1283, 18.1201], [-92.1274, 18.1087], [-92.1083, 18.0938], [-92.0922, 18.092], [-92.0622, 18.0982], [-92.0417, 18.0981], [-92.0144, 18.0526], [-91.9908, 18.0387], [-91.9788, 18.0428], [-91.9668, 18.016], [-91.9354, 18.0102], [-91.9097, 18.0138], [-91.8881, 18.0063], [-91.8672, 17.9833], [-91.8046, 17.9725], [-91.7712, 17.9444], [-91.7605, 17.9576], [-91.7387, 17.9362], [-91.6388, 17.8739], [-91.6196, 17.9192], [-91.6221, 17.9426], [-91.6158, 17.9891], [-91.6196, 18.0099], [-91.6125, 18.0481], [-91.6193, 18.0608], [-91.609, 18.0705], [-91.6109, 18.095], [-91.5951, 18.1225], [-91.5722, 18.142], [-91.5801, 18.1581], [-91.5528, 18.1582], [-91.5345, 18.1462], [-91.5159, 18.1697], [-91.5165, 18.1305], [-91.5039, 18.1173], [-91.4865, 18.1165], [-91.4453, 18.0958], [-91.4383, 18.0845], [-91.3966, 18.0787], [-91.3831, 18.0639], [-91.3594, 18.0704], [-91.3283, 18.0628], [-91.3229, 18.0529], [-91.2967, 18.0419], [-91.2814, 18.024], [-91.2484, 18.0047], [-91.2433, 17.9902], [-91.2177, 17.9751], [-91.1927, 17.9782], [-91.1447, 17.9752], [-91.1511, 17.9627], [-91.1332, 17.958], [-91.1307, 17.9823], [-91.1136, 17.9759], [-91.1202, 17.9634], [-90.988, 17.9625], [-90.9876, 17.8154]]], [[[-91.2903, 18.9252], [-91.2814, 18.9373], [-91.2599, 18.9379], [-91.2226, 18.9546], [-91.2027, 18.9727], [-91.1879, 18.9808], [-91.1859, 18.9934], [-91.2353, 18.9684], [-91.2985, 18.9433], [-91.3341, 18.9263], [-91.3866, 18.8971], [-91.4022, 18.8855], [-91.4431, 18.8388], [-91.499, 18.7903], [-91.4842, 18.7813], [-91.4699, 18.804], [-91.4131, 18.864], [-91.4068, 18.878], [-91.3918, 18.8908], [-91.3809, 18.8733], [-91.3675, 18.8793], [-91.3711, 18.8949], [-91.3553, 18.9097], [-91.3241, 18.9164], [-91.3188, 18.91], [-91.2903, 18.9252]]], [[[-91.7142, 18.6855], [-91.6938, 18.7009], [-91.6861, 18.6884], [-91.6684, 18.6989], [-91.6544, 18.6998], [-91.6374, 18.7223], [-91.6577, 18.7196], [-91.6982, 18.7063], [-91.7159, 18.6902], [-91.7521, 18.6768], [-91.7983, 18.6665], [-91.8425, 18.665], [-91.8488, 18.6547], [-91.8298, 18.6307], [-91.8081, 18.6404], [-91.7856, 18.6343], [-91.7724, 18.637], [-91.7549, 18.6611], [-91.7142, 18.6855]]]]}}, {"type": "Feature", "properties": {"z": "SIBC", "ISO_A3": "MEX", "c": "MEXICO"}, "geometry": {"type": "MultiPolygon", "coordinates": [[[[-113.431, 29.4916], [-113.4459, 29.5058], [-113.4771, 29.526], [-113.5128, 29.5391], [-113.5164, 29.5514], [-113.5285, 29.541], [-113.5505, 29.5336], [-113.5722, 29.5384], [-113.5645, 29.5108], [-113.5777, 29.4686], [-113.5924, 29.4509], [-113.5886, 29.4091], [-113.57, 29.4], [-113.5318, 29.3522], [-113.5258, 29.335], [-113.5071, 29.3229], [-113.5036, 29.299], [-113.4944, 29.2844], [-113.4744, 29.2781], [-113.4431, 29.2759], [-113.4304, 29.2457], [-113.41, 29.2172], [-113.3861, 29.1963], [-113.3696, 29.1914], [-113.3541, 29.1713], [-113.3195, 29.1571], [-113.3145, 29.1492], [-113.2797, 29.1216], [-113.2497, 29.084], [-113.2487, 29.0736], [-113.2297, 29.0595], [-113.2006, 29.0483], [-113.1919, 29.032], [-113.1548, 29.0149], [-113.1233, 28.9899], [-113.1152, 29.0279], [-113.102, 29.0555], [-113.1496, 29.0667], [-113.1543, 29.094], [-113.1747, 29.1276], [-113.173, 29.2251], [-113.1784, 29.2403], [-113.1772, 29.264], [-113.1689, 29.2791], [-113.182, 29.2888], [-113.2074, 29.2848], [-113.2608, 29.2888], [-113.2879, 29.2808], [-113.3126, 29.2904], [-113.3472, 29.2962], [-113.3706, 29.3119], [-113.3751, 29.3541], [-113.3519, 29.3832], [-113.3635, 29.3955], [-113.3753, 29.4247], [-113.3959, 29.4599], [-113.4258, 29.4742], [-113.431, 29.4916]]], [[[-113.5275, 29.0954], [-113.5127, 29.0633], [-113.5027, 29.073], [-113.5061, 29.0946], [-113.5275, 29.0954]]], [[[-112.9304, 28.7075], [-112.9267, 28.6945], [-112.8976, 28.6831], [-112.8995, 28.6961], [-112.9304, 28.7075]]], [[[-112.7785, 28.6093], [-112.8031, 28.636], [-112.8282, 28.6498], [-112.8553, 28.6705], [-112.8934, 28.6785], [-112.8777, 28.6658], [-112.8657, 28.6465], [-112.8435, 28.6399], [-112.8301, 28.6275], [-112.8095, 28.6188], [-112.7913, 28.5978], [-112.7895, 28.587], [-112.7727, 28.5763], [-112.7554, 28.588], [-112.7635, 28.6023], [-112.7785, 28.6093]]], [[[-114.0547, 28.2201], [-114.0784, 28.246], [-114.0651, 28.2172], [-114.0547, 28.2201]]], [[[-114.0763, 28.0], [-114.085, 28.0187], [-114.1166, 28.0346], [-114.0979, 28.0], [-114.0763, 28.0]]], [[[-114.7091, 31.7464], [-114.7361, 31.7746], [-114.7422, 31.7953], [-114.7538, 31.8091], [-114.769, 31.8167], [-114.801, 31.8125], [-114.8073, 31.7684], [-114.8015, 31.7446], [-114.7872, 31.7233], [-114.7612, 31.6997], [-114.7154, 31.6803], [-114.6873, 31.6757], [-114.6812, 31.6852], [-114.6613, 31.669], [-114.6455, 31.6773], [-114.6673, 31.7191], [-114.7091, 31.7464]]], [[[-112.7647, 28.0], [-112.7838, 28.0028], [-112.7995, 28.0147], [-112.8043, 28.0272], [-112.7989, 28.0553], [-112.7888, 28.0665], [-112.8024, 28.083], [-112.8113, 28.1135], [-112.8103, 28.1475], [-112.7872, 28.1979], [-112.8013, 28.2032], [-112.8395, 28.25], [-112.8636, 28.2682], [-112.8731, 28.2822], [-112.8696, 28.3022], [-112.8754, 28.3109], [-112.8703, 28.3342], [-112.8488, 28.3815], [-112.8592, 28.4036], [-112.849, 28.4216], [-112.8458, 28.4405], [-112.868, 28.4317], [-112.889, 28.4642], [-112.9026, 28.4749], [-112.953, 28.4604], [-113.0026, 28.4547], [-113.0281, 28.462], [-113.0382, 28.475], [-113.0739, 28.4844], [-113.1019, 28.5039], [-113.1132, 28.5276], [-113.1126, 28.55], [-113.1308, 28.6019], [-113.1304, 28.6371], [-113.1549, 28.655], [-113.1941, 28.7446], [-113.1963, 28.7922], [-113.2132, 28.8045], [-113.2155, 28.8189], [-113.2334, 28.8353], [-113.2555, 28.8399], [-113.3088, 28.8043], [-113.3513, 28.7984], [-113.3707, 28.8371], [-113.3659, 28.876], [-113.3805, 28.894], [-113.3742, 28.9087], [-113.4105, 28.9234], [-113.4284, 28.9348], [-113.4238, 28.9492], [-113.4812, 28.9415], [-113.4832, 28.9204], [-113.472, 28.9165], [-113.4791, 28.8942], [-113.5175, 28.8901], [-113.5343, 28.9057], [-113.5573, 28.947], [-113.5441, 28.9591], [-113.5502, 28.9906], [-113.5622, 29.003], [-113.5614, 29.0213], [-113.5431, 29.0404], [-113.5384, 29.0579], [-113.5502, 29.0672], [-113.5671, 29.0944], [-113.5714, 29.1166], [-113.5919, 29.1293], [-113.6128, 29.16], [-113.6213, 29.1607], [-113.6463, 29.1842], [-113.639, 29.1984], [-113.6538, 29.2052], [-113.6549, 29.2213], [-113.6253, 29.2527], [-113.6375, 29.2833], [-113.6696, 29.3052], [-113.719, 29.3526], [-113.7222, 29.3626], [-113.7503, 29.3813], [-113.7706, 29.4073], [-113.8316, 29.4348], [-113.8357, 29.4557], [-113.8623, 29.4623], [-113.8988, 29.4866], [-113.9088, 29.4987], [-113.9419, 29.5236], [-113.9939, 29.5765], [-114.0155, 29.578], [-114.0347, 29.5948], [-114.0472, 29.597], [-114.0642, 29.6297], [-114.111, 29.6529], [-114.1329, 29.6703], [-114.1481, 29.6937], [-114.1816, 29.7079], [-114.1966, 29.7226], [-114.2074, 29.7436], [-114.2302, 29.7507], [-114.2437, 29.7628], [-114.2594, 29.7599], [-114.2717, 29.7718], [-114.2928, 29.7619], [-114.2872, 29.7499], [-114.3011, 29.7411], [-114.3428, 29.7464], [-114.359, 29.7708], [-114.3842, 29.7754], [-114.4096, 29.8154], [-114.3996, 29.8293], [-114.4137, 29.8489], [-114.4091, 29.8778], [-114.4134, 29.891], [-114.4344, 29.9099], [-114.4733, 29.9158], [-114.4821, 29.9425], [-114.4941, 29.953], [-114.5342, 29.9681], [-114.5519, 30.0028], [-114.5649, 30.0111], [-114.5761, 30.0332], [-114.5843, 30.075], [-114.6075, 30.1118], [-114.6271, 30.1191], [-114.6357, 30.1434], [-114.6686, 30.1994], [-114.6508, 30.2245], [-114.6484, 30.2443], [-114.639, 30.2588], [-114.6561, 30.2781], [-114.648, 30.3029], [-114.6447, 30.3365], [-114.6349, 30.3497], [-114.6437, 30.3743], [-114.6316, 30.4245], [-114.6392, 30.4572], [-114.6319, 30.4761], [-114.6347, 30.5016], [-114.6489, 30.5266], [-114.6529, 30.5572], [-114.6775, 30.5879], [-114.699, 30.6342], [-114.6939, 30.6716], [-114.7053, 30.716], [-114.6946, 30.7399], [-114.6996, 30.745], [-114.7015, 30.8193], [-114.7094, 30.8496], [-114.706, 30.8711], [-114.71, 30.9068], [-114.7204, 30.9367], [-114.7919, 30.9689], [-114.8154, 30.9814], [-114.8341, 31.002], [-114.8315, 31.0254], [-114.8119, 31.0451], [-114.8328, 31.0663], [-114.8661, 31.0889], [-114.8842, 31.118], [-114.8909, 31.1525], [-114.8806, 31.2337], [-114.8885, 31.2719], [-114.8797, 31.2928], [-114.8808, 31.3172], [-114.86, 31.3649], [-114.8572, 31.3834], [-114.8549, 31.4646], [-114.8508, 31.474], [-114.8566, 31.4991], [-114.8476, 31.5347], [-114.831, 31.5711], [-114.8163, 31.5881], [-114.8091, 31.6067], [-114.7915, 31.6144], [-114.7834, 31.6279], [-114.7857, 31.6585], [-114.794, 31.6869], [-114.817, 31.7256], [-114.8191, 31.757], [-114.8084, 31.7916], [-114.8069, 31.8167], [-114.8257, 31.8288], [-114.8432, 31.8636], [-114.8751, 31.8656], [-114.887, 31.8716], [-114.9068, 31.8673], [-114.9148, 31.8822], [-114.9392, 31.8921], [-114.9471, 31.9118], [-114.9655, 31.9184], [-114.9674, 31.9969], [-114.957, 32.0386], [-114.9897, 32.1464], [-114.9753, 32.178], [-115.0414, 32.2324], [-115.053, 32.2452], [-115.0427, 32.2701], [-115.0076, 32.3054], [-114.9656, 32.341], [-114.9632, 32.3767], [-114.9685, 32.3892], [-114.9538, 32.397], [-114.9609, 32.4107], [-114.9316, 32.4411], [-114.9392, 32.4743], [-114.935, 32.4819], [-114.9001, 32.4835], [-114.8802, 32.492], [-114.8491, 32.4734], [-114.8157, 32.4833], [-114.8136, 32.494], [-114.813, 32.5253], [-114.802, 32.5365], [-114.8065, 32.5593], [-114.7994, 32.5926], [-114.8095, 32.616], [-114.7806, 32.6322], [-114.7482, 32.6637], [-114.7445, 32.6785], [-114.7196, 32.7187], [-115.4763, 32.6664], [-115.8793, 32.6361], [-116.4016, 32.5949], [-117.1243, 32.5343], [-117.1237, 32.4852], [-117.1198, 32.4682], [-117.1015, 32.4376], [-117.0906, 32.3975], [-117.0517, 32.3241], [-117.0395, 32.2862], [-117.0208, 32.2677], [-116.9732, 32.2572], [-116.9362, 32.2424], [-116.9223, 32.2264], [-116.9145, 32.2049], [-116.9072, 32.1662], [-116.8955, 32.1513], [-116.8872, 32.124], [-116.8821, 32.0584], [-116.8868, 32.0328], [-116.8805, 32.0184], [-116.8504, 31.9867], [-116.8236, 31.9774], [-116.7973, 31.9816], [-116.7823, 31.9784], [-116.7625, 31.9633], [-116.7564, 31.9472], [-116.755, 31.9105], [-116.7461, 31.9019], [-116.7221, 31.9026], [-116.6921, 31.8891], [-116.6703, 31.8652], [-116.6507, 31.8593], [-116.6265, 31.8602], [-116.6127, 31.8415], [-116.609, 31.8189], [-116.62, 31.7806], [-116.6204, 31.7514], [-116.6344, 31.7361], [-116.6627, 31.7187], [-116.6994, 31.7336], [-116.7275, 31.7491], [-116.7247, 31.7234], [-116.6899, 31.7039], [-116.6576, 31.675], [-116.6492, 31.6608], [-116.6577, 31.6323], [-116.6676, 31.6174], [-116.6648, 31.6012], [-116.6506, 31.5875], [-116.689, 31.5676], [-116.6854, 31.5506], [-116.6683, 31.5516], [-116.6525, 31.5204], [-116.6225, 31.5098], [-116.6094, 31.4971], [-116.6035, 31.4634], [-116.5678, 31.4628], [-116.5481, 31.4465], [-116.5301, 31.4398], [-116.5033, 31.4124], [-116.486, 31.3756], [-116.4682, 31.3511], [-116.4564, 31.3462], [-116.4531, 31.331], [-116.4173, 31.302], [-116.415, 31.2925], [-116.3932, 31.2837], [-116.3834, 31.2643], [-116.3587, 31.2382], [-116.3526, 31.2132], [-116.3407, 31.2078], [-116.3093, 31.1454], [-116.3098, 31.122], [-116.338, 30.9715], [-116.3272, 30.9567], [-116.2979, 30.9613], [-116.2857, 30.9692], [-116.2684, 30.9657], [-116.2442, 30.9326], [-116.2215, 30.9178], [-116.2075, 30.8913], [-116.1753, 30.8616], [-116.1541, 30.8616], [-116.1414, 30.8543], [-116.1077, 30.8235], [-116.0785, 30.8189], [-116.0658, 30.8085], [-116.0505, 30.774], [-116.047, 30.7179], [-116.0319, 30.6939], [-116.0276, 30.6355], [-116.0337, 30.5596], [-116.0484, 30.4724], [-116.0354, 30.458], [-116.0305, 30.4351], [-116.0189, 30.4317], [-116.0067, 30.3997], [-116.0067, 30.3655], [-115.9831, 30.3695], [-115.9963, 30.3853], [-115.995, 30.4068], [-116.015, 30.4307], [-116.0228, 30.45], [-115.9956, 30.4511], [-115.9933, 30.4403], [-115.9715, 30.4267], [-115.9595, 30.4392], [-115.9633, 30.4626], [-115.9326, 30.4557], [-115.942, 30.4409], [-115.9471, 30.4038], [-115.9154, 30.4], [-115.8703, 30.3734], [-115.8527, 30.3599], [-115.8333, 30.3366], [-115.8268, 30.318], [-115.8115, 30.2996], [-115.796, 30.2482], [-115.795, 30.1944], [-115.8029, 30.1514], [-115.7815, 30.089], [-115.7923, 30.0268], [-115.8099, 29.9578], [-115.7903, 29.9591], [-115.7435, 29.9478], [-115.7239, 29.9287], [-115.7021, 29.9002], [-115.6849, 29.834], [-115.6864, 29.8065], [-115.697, 29.7662], [-115.6952, 29.7513], [-115.6607, 29.7306], [-115.6194, 29.6951], [-115.5908, 29.6954], [-115.5777, 29.686], [-115.5639, 29.6632], [-115.5406, 29.6432], [-115.5173, 29.6295], [-115.5048, 29.6164], [-115.4787, 29.6267], [-115.4456, 29.6187], [-115.4148, 29.5923], [-115.4065, 29.578], [-115.3936, 29.5746], [-115.3791, 29.5585], [-115.3412, 29.5558], [-115.3223, 29.5452], [-115.2951, 29.5384], [-115.2817, 29.5274], [-115.2552, 29.5172], [-115.2375, 29.5019], [-115.2284, 29.4853], [-115.2138, 29.4759], [-115.1877, 29.4273], [-115.1671, 29.4284], [-115.1384, 29.4223], [-115.0672, 29.4142], [-115.0128, 29.3861], [-114.9794, 29.381], [-114.9499, 29.3602], [-114.9281, 29.3329], [-114.9003, 29.3047], [-114.8861, 29.2962], [-114.8516, 29.2615], [-114.838, 29.2373], [-114.8222, 29.2348], [-114.8133, 29.2141], [-114.7973, 29.211], [-114.787, 29.1982], [-114.7677, 29.1958], [-114.7441, 29.1823], [-114.7353, 29.1611], [-114.7344, 29.1356], [-114.7035, 29.1019], [-114.6934, 29.1105], [-114.6735, 29.1122], [-114.6548, 29.098], [-114.6357, 29.0976], [-114.6262, 29.089], [-114.6182, 29.0649], [-114.6099, 29.0617], [-114.6007, 28.9857], [-114.587, 28.9664], [-114.5678, 28.974], [-114.5497, 28.958], [-114.5413, 28.9306], [-114.5099, 28.9344], [-114.4901, 28.9324], [-114.4464, 28.9031], [-114.4373, 28.8801], [-114.4189, 28.881], [-114.4059, 28.8633], [-114.3963, 28.8155], [-114.3779, 28.8138], [-114.3609, 28.7966], [-114.3581, 28.778], [-114.3425, 28.7556], [-114.3453, 28.7323], [-114.3082, 28.723], [-114.2961, 28.704], [-114.2827, 28.7046], [-114.2696, 28.6886], [-114.2702, 28.6606], [-114.2525, 28.6564], [-114.2353, 28.6672], [-114.1822, 28.6566], [-114.1651, 28.6422], [-114.1544, 28.6122], [-114.161, 28.5696], [-114.1499, 28.5596], [-114.1158, 28.5589], [-114.0952, 28.5454], [-114.0854, 28.5223], [-114.069, 28.5147], [-114.0681, 28.4862], [-114.0447, 28.4618], [-114.0544, 28.4136], [-114.0791, 28.3473], [-114.124, 28.256], [-114.1048, 28.2389], [-114.0798, 28.253], [-114.0644, 28.2434], [-114.0524, 28.2249], [-114.0468, 28.1924], [-114.0551, 28.1746], [-114.0382, 28.1614], [-114.0544, 28.1463], [-114.0528, 28.1216], [-114.0394, 28.0907], [-114.0648, 28.0869], [-114.0765, 28.1128], [-114.0758, 28.1503], [-114.0663, 28.1566], [-114.0641, 28.2071], [-114.0878, 28.1568], [-114.1119, 28.1239], [-114.1017, 28.1059], [-114.1003, 28.0583], [-114.0701, 28.0542], [-114.0472, 28.0392], [-114.0421, 28.0201], [-114.0626, 28.0], [-112.7647, 28.0]]], [[[-114.4235, 29.966], [-114.4115, 29.957], [-114.3974, 29.9605], [-114.3995, 29.9797], [-114.4168, 29.987], [-114.4235, 29.966]]], [[[-118.2534, 29.0951], [-118.2795, 29.1051], [-118.2886, 29.1421], [-118.2606, 29.1885], [-118.2892, 29.1799], [-118.3019, 29.1691], [-118.3327, 29.1698], [-118.3601, 29.1508], [-118.352, 29.1086], [-118.3642, 29.0781], [-118.3274, 29.0504], [-118.3175, 29.0385], [-118.3046, 29.0054], [-118.3039, 28.9732], [-118.2899, 28.9624], [-118.2959, 28.9339], [-118.2775, 28.8846], [-118.2608, 28.884], [-118.2433, 28.8995], [-118.2294, 28.9215], [-118.2205, 28.9636], [-118.2293, 28.9744], [-118.2301, 28.9929], [-118.2209, 29.0114], [-118.2298, 29.0653], [-118.2534, 29.0951]]], [[[-115.5918, 28.316], [-115.6053, 28.3014], [-115.5894, 28.296], [-115.5765, 28.3033], [-115.5918, 28.316]]], [[[-115.1767, 28.3099], [-115.1868, 28.3144], [-115.1965, 28.3343], [-115.1938, 28.3547], [-115.2097, 28.3705], [-115.2272, 28.3773], [-115.2538, 28.3758], [-115.2705, 28.3677], [-115.2811, 28.3529], [-115.284, 28.3331], [-115.2726, 28.2993], [-115.238, 28.2314], [-115.2501, 28.2103], [-115.3137, 28.1398], [-115.3351, 28.1221], [-115.35, 28.1162], [-115.357, 28.0785], [-115.3051, 28.0951], [-115.2827, 28.0893], [-115.2654, 28.0728], [-115.2515, 28.0354], [-115.2255, 28.0314], [-115.2115, 28.0392], [-115.1889, 28.034], [-115.1815, 28.0696], [-115.188, 28.086], [-115.1858, 28.1071], [-115.1629, 28.1327], [-115.1566, 28.1794], [-115.1696, 28.2007], [-115.174, 28.2198], [-115.1644, 28.2611], [-115.1738, 28.2872], [-115.1767, 28.3099]]], [[[-114.1501, 28.0], [-114.1517, 28.0149], [-114.1196, 28.0433], [-114.1193, 28.0785], [-114.1326, 28.0861], [-114.1457, 28.075], [-114.1762, 28.0326], [-114.2047, 28.0], [-114.1501, 28.0]]]]}}, {"type": "Feature", "properties": {"z": "SIBCS", "ISO_A3": "MEX", "c": "MEXICO"}, "geometry": {"type": "MultiPolygon", "coordinates": [[[[-111.2653, 26.1362], [-111.2809, 26.1313], [-111.288, 26.119], [-111.2789, 26.1062], [-111.2625, 26.1061], [-111.2653, 26.1362]]], [[[-111.1015, 25.998], [-111.0791, 25.9733], [-111.0701, 25.9947], [-111.0837, 26.014], [-111.0766, 26.0433], [-111.0604, 26.0696], [-111.0773, 26.0592], [-111.1055, 26.0567], [-111.1329, 26.0628], [-111.1462, 26.0468], [-111.1753, 26.0419], [-111.1677, 26.0213], [-111.172, 26.0031], [-111.1675, 25.9889], [-111.1984, 25.9531], [-111.2089, 25.9294], [-111.2175, 25.8859], [-111.216, 25.8667], [-111.2329, 25.8486], [-111.2286, 25.8226], [-111.2007, 25.8118], [-111.2031, 25.8482], [-111.182, 25.8685], [-111.1798, 25.905], [-111.1559, 25.93], [-111.1218, 25.9779], [-111.1186, 25.9947], [-111.1015, 25.998]]], [[[-111.2475, 25.7819], [-111.2546, 25.8117], [-111.2589, 25.7829], [-111.2475, 25.7819]]], [[[-111.0566, 25.7086], [-111.0433, 25.6586], [-111.0265, 25.6517], [-111.013, 25.6699], [-111.0172, 25.6938], [-111.0341, 25.7129], [-111.0566, 25.7086]]], [[[-110.7927, 25.6268], [-110.7879, 25.6069], [-110.7623, 25.5951], [-110.7563, 25.6099], [-110.7693, 25.6779], [-110.7729, 25.7124], [-110.7927, 25.6955], [-110.8013, 25.6764], [-110.805, 25.6458], [-110.7927, 25.6268]]], [[[-110.7331, 25.2877], [-110.7253, 25.2594], [-110.7091, 25.2676], [-110.7027, 25.291], [-110.6896, 25.3115], [-110.713, 25.3057], [-110.7331, 25.2877]]], [[[-110.6037, 25.0385], [-110.6362, 25.0474], [-110.6639, 25.0509], [-110.6817, 25.0614], [-110.6936, 25.0907], [-110.7044, 25.1047], [-110.7109, 25.1008], [-110.7129, 25.0643], [-110.7171, 25.0545], [-110.7125, 25.0299], [-110.6782, 25.0174], [-110.6725, 24.9893], [-110.6589, 24.9702], [-110.654, 24.9458], [-110.6357, 24.9256], [-110.5616, 24.8787], [-110.5323, 24.8761], [-110.5314, 24.887], [-110.5498, 24.9141], [-110.5575, 24.936], [-110.5703, 24.9545], [-110.5659, 24.9893], [-110.575, 25.0163], [-110.6037, 25.0385]]], [[[-110.4072, 24.5534], [-110.3845, 24.5309], [-110.3659, 24.5369], [-110.36, 24.5523], [-110.3802, 24.5719], [-110.3915, 24.59], [-110.4017, 24.5862], [-110.4072, 24.5534]]], [[[-110.2929, 24.4583], [-110.2887, 24.4734], [-110.3202, 24.5016], [-110.3322, 24.5202], [-110.3459, 24.5296], [-110.3614, 24.5336], [-110.3823, 24.5225], [-110.3914, 24.4985], [-110.3753, 24.4486], [-110.367, 24.4344], [-110.347, 24.4318], [-110.3474, 24.4007], [-110.3256, 24.4031], [-110.3075, 24.4259], [-110.3126, 24.446], [-110.2929, 24.4583]]], [[[-111.5783, 24.3684], [-111.5414, 24.3617], [-111.5388, 24.3664], [-111.5992, 24.3737], [-111.6405, 24.364], [-111.6548, 24.3752], [-111.6655, 24.3537], [-111.6062, 24.3676], [-111.5783, 24.3684]]], [[[-109.842, 24.2272], [-109.8567, 24.2579], [-109.8694, 24.2704], [-109.8873, 24.3104], [-109.9156, 24.3469], [-109.9314, 24.3735], [-109.9366, 24.3224], [-109.9174, 24.2862], [-109.9229, 24.2695], [-109.9046, 24.2127], [-109.893, 24.1864], [-109.8632, 24.1472], [-109.8169, 24.1425], [-109.803, 24.137], [-109.8, 24.1587], [-109.8176, 24.2018], [-109.842, 24.2272]]], [[[-115.2073, 27.8935], [-115.1672, 27.8522], [-115.1618, 27.8701], [-115.1827, 27.8758], [-115.2073, 27.8935]]], [[[-114.2474, 27.7426], [-114.2007, 27.7282], [-114.2261, 27.7669], [-114.2474, 27.7426]]], [[[-111.9014, 27.4492], [-111.9014, 27.4374], [-111.883, 27.4274], [-111.8603, 27.4306], [-111.8553, 27.4387], [-111.8737, 27.4559], [-111.9014, 27.4492]]], [[[-112.058, 27.1818], [-112.0447, 27.2078], [-112.0463, 27.2249], [-112.064, 27.2351], [-112.0883, 27.2588], [-112.1077, 27.2391], [-112.0884, 27.2156], [-112.0859, 27.1961], [-112.0736, 27.1778], [-112.058, 27.1818]]], [[[-113.2111, 26.7451], [-113.1953, 26.7497], [-113.2334, 26.77], [-113.2111, 26.7451]]], [[[-113.1399, 26.6651], [-113.1633, 26.6944], [-113.1655, 26.7051], [-113.1824, 26.7176], [-113.2108, 26.7237], [-113.2294, 26.7332], [-113.2391, 26.732], [-113.2683, 26.7021], [-113.2249, 26.6962], [-113.1893, 26.6875], [-113.1399, 26.6651]]], [[[-113.1126, 26.6594], [-113.1284, 26.6396], [-113.0965, 26.627], [-113.0876, 26.6404], [-113.1126, 26.6594]]], [[[-112.1029, 25.5121], [-112.0954, 25.5137], [-112.0968, 25.5551], [-112.0901, 25.5984], [-112.0952, 25.6287], [-112.0948, 25.6617], [-112.0976, 25.5793], [-112.1029, 25.5121]]], [[[-114.2047, 28.0], [-114.2345, 27.9698], [-114.2603, 27.9487], [-114.2753, 27.9169], [-114.2724, 27.8955], [-114.2623, 27.8876], [-114.2462, 27.9071], [-114.2291, 27.9181], [-114.2018, 27.92], [-114.1837, 27.9161], [-114.1303, 27.8908], [-114.1417, 27.8674], [-114.1679, 27.8396], [-114.1789, 27.8178], [-114.1704, 27.7813], [-114.1838, 27.7644], [-114.184, 27.7497], [-114.1644, 27.7341], [-114.1166, 27.7059], [-114.097, 27.7065], [-114.0801, 27.7211], [-114.0399, 27.7359], [-114.0522, 27.7655], [-114.0739, 27.7973], [-114.057, 27.8008], [-114.0424, 27.7761], [-114.0319, 27.7432], [-113.9746, 27.7553], [-113.9522, 27.732], [-113.9307, 27.7296], [-113.918, 27.7116], [-113.9431, 27.6762], [-113.9651, 27.6565], [-114.0122, 27.6675], [-114.028, 27.6823], [-114.0519, 27.6763], [-114.0436, 27.6553], [-114.0909, 27.6108], [-114.106, 27.6118], [-114.1208, 27.6232], [-114.1346, 27.6484], [-114.1739, 27.6798], [-114.2418, 27.702], [-114.2652, 27.7258], [-114.2863, 27.736], [-114.3124, 27.7685], [-114.3062, 27.7979], [-114.3077, 27.8188], [-114.297, 27.8286], [-114.2934, 27.863], [-114.3044, 27.8723], [-114.324, 27.8732], [-114.3504, 27.86], [-114.3834, 27.8337], [-114.3913, 27.8225], [-114.4119, 27.815], [-114.4799, 27.7782], [-114.4979, 27.7721], [-114.5326, 27.7857], [-114.5705, 27.7833], [-114.6031, 27.7737], [-114.6536, 27.7795], [-114.6683, 27.7878], [-114.7037, 27.7885], [-114.7283, 27.8066], [-114.7628, 27.806], [-114.7872, 27.8157], [-114.8187, 27.8098], [-114.8398, 27.8103], [-114.853, 27.8265], [-114.9225, 27.8342], [-114.9764, 27.8252], [-115.0092, 27.8285], [-115.0417, 27.8564], [-115.0657, 27.8579], [-115.0822, 27.8467], [-115.0525, 27.8203], [-115.0504, 27.8063], [-115.0359, 27.7838], [-115.0333, 27.7611], [-115.0089, 27.7265], [-114.9937, 27.7281], [-114.9478, 27.713], [-114.9361, 27.6969], [-114.9334, 27.6781], [-114.9102, 27.6664], [-114.8923, 27.6909], [-114.8761, 27.6989], [-114.8504, 27.6823], [-114.8455, 27.6694], [-114.8483, 27.6448], [-114.861, 27.6268], [-114.8219, 27.6302], [-114.8088, 27.6255], [-114.7815, 27.6037], [-114.7518, 27.5456], [-114.7371, 27.5274], [-114.6914, 27.5099], [-114.6681, 27.5059], [-114.6396, 27.4905], [-114.5972, 27.4765], [-114.5744, 27.4506], [-114.5643, 27.4506], [-114.5205, 27.4237], [-114.5074, 27.409], [-114.493, 27.3699], [-114.4884, 27.3475], [-114.4853, 27.2677], [-114.4877, 27.2302], [-114.4799, 27.2177], [-114.4609, 27.2205], [-114.4335, 27.2084], [-114.4274, 27.1885], [-114.4348, 27.1773], [-114.4155, 27.169], [-114.3793, 27.1778], [-114.3596, 27.162], [-114.3332, 27.1566], [-114.3039, 27.1337], [-114.2838, 27.1468], [-114.2474, 27.1513], [-114.1899, 27.141], [-114.1399, 27.1202], [-114.0896, 27.0852], [-114.0637, 27.0548], [-114.0526, 27.022], [-114.0395, 27.0129], [-114.0173, 26.9834], [-114.003, 26.9713], [-113.9829, 26.9731], [-113.9771, 26.9923], [-113.9488, 26.9993], [-113.9064, 26.9913], [-113.8673, 26.9776], [-113.8219, 26.951], [-113.7949, 26.9284], [-113.7803, 26.9096], [-113.765, 26.8811], [-113.7416, 26.8271], [-113.7363, 26.802], [-113.7153, 26.7897], [-113.686, 26.795], [-113.6545, 26.7727], [-113.6414, 26.758], [-113.636, 26.7404], [-113.6231, 26.7398], [-113.5779, 26.7134], [-113.5473, 26.7199], [-113.5478, 26.7404], [-113.5234, 26.7509], [-113.5074, 26.7927], [-113.4835, 26.8016], [-113.4856, 26.821], [-113.4675, 26.829], [-113.4168, 26.8325], [-113.3949, 26.827], [-113.3904, 26.8029], [-113.3388, 26.787], [-113.3069, 26.769], [-113.2897, 26.7551], [-113.2655, 26.756], [-113.2634, 26.7823], [-113.268, 26.8167], [-113.253, 26.845], [-113.2397, 26.8355], [-113.2257, 26.8372], [-113.2032, 26.8527], [-113.2033, 26.8735], [-113.1961, 26.9032], [-113.2003, 26.9281], [-113.1869, 26.969], [-113.1586, 26.9822], [-113.1497, 26.9734], [-113.1384, 26.943], [-113.137, 26.9149], [-113.1306, 26.8911], [-113.1376, 26.8579], [-113.1454, 26.8477], [-113.2004, 26.8059], [-113.199, 26.791], [-113.227, 26.7898], [-113.2175, 26.7699], [-113.1741, 26.7652], [-113.1801, 26.7755], [-113.1647, 26.7971], [-113.1465, 26.8024], [-113.147, 26.77], [-113.1428, 26.7474], [-113.1301, 26.7257], [-113.1133, 26.7147], [-113.0574, 26.6485], [-113.0714, 26.6317], [-113.0589, 26.6151], [-113.0612, 26.5984], [-113.0129, 26.5587], [-113.0024, 26.564], [-112.9734, 26.5559], [-112.9591, 26.5427], [-112.9322, 26.54], [-112.9017, 26.5278], [-112.8566, 26.4988], [-112.8189, 26.4661], [-112.8329, 26.4484], [-112.8538, 26.4652], [-112.8477, 26.4796], [-112.8883, 26.4975], [-112.9443, 26.5292], [-112.9579, 26.5229], [-112.9213, 26.5057], [-112.8748, 26.4749], [-112.8296, 26.4367], [-112.7878, 26.406], [-112.7433, 26.3797], [-112.7156, 26.3604], [-112.6887, 26.3311], [-112.6792, 26.3154], [-112.6523, 26.3249], [-112.6339, 26.3204], [-112.6145, 26.3032], [-112.5907, 26.2931], [-112.5771, 26.2791], [-112.5361, 26.259], [-112.5197, 26.2436], [-112.4933, 26.2319], [-112.4801, 26.2364], [-112.4766, 26.2554], [-112.4502, 26.2619], [-112.4057, 26.2434], [-112.3881, 26.2274], [-112.3438, 26.176], [-112.3231, 26.135], [-112.3113, 26.1002], [-112.3083, 26.0716], [-112.2893, 26.0551], [-112.2792, 26.0618], [-112.255, 26.0505], [-112.2283, 26.0304], [-112.1981, 25.9961], [-112.1752, 25.9462], [-112.1601, 25.8946], [-112.1437, 25.8633], [-112.1289, 25.8145], [-112.1129, 25.7956], [-112.1011, 25.7519], [-112.098, 25.7219], [-112.0789, 25.7333], [-112.072, 25.7051], [-112.0739, 25.6677], [-112.0614, 25.6514], [-112.066, 25.6235], [-112.061, 25.6053], [-112.0661, 25.5497], [-112.0625, 25.525], [-112.064, 25.4908], [-112.0693, 25.4766], [-112.02, 25.4786], [-112.0683, 25.4591], [-112.0706, 25.4212], [-112.0876, 25.3989], [-112.084, 25.3762], [-112.0728, 25.3767], [-112.0696, 25.333], [-112.0816, 25.2243], [-112.0886, 25.2277], [-112.1096, 25.2021], [-112.1221, 25.199], [-112.1314, 25.1786], [-112.1215, 25.1715], [-112.1345, 25.1431], [-112.1296, 25.1063], [-112.1393, 25.086], [-112.1126, 25.0721], [-112.1256, 25.0212], [-112.1442, 24.9811], [-112.1406, 24.9626], [-112.1648, 24.9561], [-112.154, 24.932], [-112.159, 24.8904], [-112.1436, 24.881], [-112.1356, 24.9292], [-112.1393, 24.9469], [-112.1286, 24.9667], [-112.1188, 24.9721], [-112.1252, 24.9926], [-112.1115, 25.0125], [-112.0947, 25.0065], [-112.0987, 24.9954], [-112.0978, 24.9644], [-112.1074, 24.9575], [-112.0767, 24.9353], [-112.0933, 24.92], [-112.0948, 24.9054], [-112.1126, 24.8836], [-112.1197, 24.8663], [-112.1157, 24.8486], [-112.096, 24.8486], [-112.0921, 24.8266], [-112.0982, 24.8139], [-112.0718, 24.7894], [-112.0728, 24.7747], [-112.053, 24.7522], [-112.0421, 24.7531], [-112.058, 24.8109], [-112.0575, 24.8356], [-112.0401, 24.8472], [-112.0255, 24.8374], [-112.0231, 24.8227], [-112.036, 24.8082], [-112.0215, 24.7422], [-111.9976, 24.7395], [-112.0084, 24.7636], [-111.9742, 24.7515], [-111.9691, 24.7636], [-111.9834, 24.814], [-111.9618, 24.7989], [-111.9677, 24.7824], [-111.9591, 24.7701], [-111.9265, 24.749], [-111.9116, 24.7333], [-111.9117, 24.7179], [-111.8634, 24.6675], [-111.844, 24.6432], [-111.8174, 24.5787], [-111.8153, 24.564], [-111.8217, 24.5161], [-111.8118, 24.5152], [-111.8029, 24.5391], [-111.8148, 24.5545], [-111.813, 24.5992], [-111.8002, 24.586], [-111.8084, 24.5582], [-111.7945, 24.5456], [-111.75, 24.5435], [-111.7301, 24.5552], [-111.7025, 24.545], [-111.6905, 24.5569], [-111.6978, 24.5718], [-111.6826, 24.5833], [-111.6274, 24.5495], [-111.644, 24.5373], [-111.6312, 24.5204], [-111.6189, 24.4901], [-111.6188, 24.4726], [-111.6018, 24.4471], [-111.5819, 24.4445], [-111.579, 24.4259], [-111.5608, 24.4262], [-111.515, 24.405], [-111.4928, 24.386], [-111.4727, 24.3601], [-111.4733, 24.3477], [-111.4302, 24.3329], [-111.4032, 24.3201], [-111.3886, 24.3058], [-111.363, 24.2951], [-111.3624, 24.2885], [-111.2393, 24.2235], [-111.1783, 24.1852], [-111.1239, 24.1581], [-111.0403, 24.1061], [-111.0108, 24.083], [-111.007, 24.0712], [-110.9564, 24.0363], [-110.8845, 23.9708], [-110.8751, 23.9557], [-110.8589, 23.9479], [-110.8184, 23.9118], [-110.6821, 23.7671], [-110.6118, 23.7075], [-110.5489, 23.6689], [-110.5133, 23.6533], [-110.4281, 23.6204], [-110.3689, 23.59], [-110.3202, 23.5521], [-110.3024, 23.5316], [-110.2787, 23.492], [-110.2681, 23.4824], [-110.2344, 23.4266], [-110.2298, 23.4032], [-110.1932, 23.356], [-110.1834, 23.334], [-110.1651, 23.3103], [-110.154, 23.2536], [-110.1534, 23.2304], [-110.1331, 23.1607], [-110.1302, 23.1396], [-110.1141, 23.1], [-110.1068, 23.0536], [-110.0985, 23.0203], [-110.0849, 22.9907], [-110.0696, 22.9694], [-110.0622, 22.9498], [-110.0215, 22.9091], [-109.9832, 22.8805], [-109.9636, 22.8721], [-109.9162, 22.8723], [-109.8905, 22.8962], [-109.8453, 22.9017], [-109.8418, 22.909], [-109.8066, 22.9378], [-109.8052, 22.9522], [-109.7925, 22.9658], [-109.7603, 22.9837], [-109.7331, 22.9894], [-109.7204, 23.0025], [-109.7129, 23.0315], [-109.68, 23.0494], [-109.6686, 23.0604], [-109.6257, 23.0723], [-109.6082, 23.0809], [-109.5762, 23.0841], [-109.5654, 23.0963], [-109.5326, 23.1112], [-109.5088, 23.142], [-109.4777, 23.1735], [-109.4545, 23.2025], [-109.4497, 23.2211], [-109.4377, 23.2365], [-109.4395, 23.2731], [-109.4248, 23.3057], [-109.4241, 23.3382], [-109.432, 23.3761], [-109.4154, 23.3821], [-109.4166, 23.4031], [-109.4321, 23.4141], [-109.4252, 23.4502], [-109.4486, 23.4797], [-109.461, 23.4872], [-109.4786, 23.5176], [-109.4798, 23.5323], [-109.4684, 23.5546], [-109.4749, 23.5598], [-109.5154, 23.5711], [-109.527, 23.5876], [-109.5536, 23.5928], [-109.5808, 23.6029], [-109.6073, 23.6217], [-109.6346, 23.6261], [-109.6405, 23.6325], [-109.6822, 23.6485], [-109.6976, 23.6715], [-109.6956, 23.6928], [-109.712, 23.7286], [-109.7094, 23.7762], [-109.7, 23.8003], [-109.7192, 23.8159], [-109.7345, 23.8391], [-109.7477, 23.8463], [-109.773, 23.8755], [-109.7921, 23.8855], [-109.809, 23.9032], [-109.8227, 23.9095], [-109.8375, 23.933], [-109.8398, 23.9521], [-109.8352, 23.9857], [-109.8172, 23.9951], [-109.8039, 24.021], [-109.8246, 24.0392], [-109.8345, 24.0593], [-109.8832, 24.0385], [-109.9276, 24.0293], [-109.9513, 24.0375], [-109.9718, 24.0387], [-109.9886, 24.0525], [-109.9939, 24.1089], [-109.9991, 24.1156], [-110.0082, 24.1602], [-110.0726, 24.2002], [-110.0786, 24.2093], [-110.1224, 24.2256], [-110.1514, 24.2489], [-110.1766, 24.2551], [-110.1933, 24.2939], [-110.2118, 24.298], [-110.2173, 24.3085], [-110.2352, 24.317], [-110.2337, 24.3441], [-110.2974, 24.3525], [-110.306, 24.3392], [-110.3248, 24.3361], [-110.3145, 24.3132], [-110.3269, 24.3019], [-110.3353, 24.2781], [-110.3207, 24.266], [-110.3231, 24.2467], [-110.3111, 24.2411], [-110.2996, 24.2027], [-110.303, 24.179], [-110.3198, 24.1582], [-110.3438, 24.1443], [-110.3523, 24.1125], [-110.3944, 24.1036], [-110.4159, 24.1087], [-110.4184, 24.132], [-110.4312, 24.1473], [-110.4242, 24.1748], [-110.3851, 24.162], [-110.3691, 24.1494], [-110.3277, 24.1665], [-110.3388, 24.1773], [-110.36, 24.1733], [-110.3933, 24.1736], [-110.4745, 24.1872], [-110.5292, 24.2013], [-110.5617, 24.2126], [-110.5757, 24.2256], [-110.581, 24.2403], [-110.6071, 24.2519], [-110.641, 24.3071], [-110.6824, 24.3609], [-110.6833, 24.3951], [-110.6927, 24.405], [-110.6926, 24.4335], [-110.6846, 24.4458], [-110.6912, 24.4707], [-110.7292, 24.5157], [-110.7381, 24.5521], [-110.7332, 24.5629], [-110.7389, 24.5812], [-110.7389, 24.6255], [-110.7293, 24.6659], [-110.7184, 24.6877], [-110.6941, 24.7011], [-110.6807, 24.7474], [-110.6648, 24.7659], [-110.6575, 24.8057], [-110.6731, 24.8287], [-110.6843, 24.8575], [-110.6851, 24.8833], [-110.7205, 24.9258], [-110.7213, 24.9351], [-110.7495, 24.966], [-110.7504, 24.9928], [-110.7595, 25.0131], [-110.7896, 25.036], [-110.81, 25.031], [-110.8265, 25.0469], [-110.8297, 25.0639], [-110.8608, 25.0786], [-110.8799, 25.1263], [-110.8927, 25.1305], [-110.9078, 25.1464], [-110.9205, 25.203], [-110.9339, 25.2154], [-110.9462, 25.2571], [-110.9466, 25.2787], [-110.9344, 25.2897], [-110.9479, 25.2985], [-110.9464, 25.3132], [-110.9796, 25.3415], [-110.9821, 25.3593], [-110.9988, 25.3829], [-111.0041, 25.4168], [-111.0131, 25.421], [-111.0263, 25.4506], [-111.0134, 25.4769], [-111.0225, 25.4967], [-111.0166, 25.5148], [-111.0427, 25.5153], [-111.0756, 25.5261], [-111.1116, 25.5243], [-111.1423, 25.5496], [-111.1451, 25.5658], [-111.1607, 25.5669], [-111.1928, 25.6124], [-111.2007, 25.6373], [-111.2003, 25.6548], [-111.2156, 25.6906], [-111.2119, 25.7014], [-111.2245, 25.7257], [-111.244, 25.7273], [-111.2614, 25.7448], [-111.2786, 25.7502], [-111.3032, 25.7705], [-111.3104, 25.7872], [-111.3083, 25.8129], [-111.3192, 25.8319], [-111.3297, 25.8322], [-111.3333, 25.8625], [-111.3416, 25.8767], [-111.3357, 25.8865], [-111.3366, 25.9081], [-111.3549, 25.9284], [-111.3585, 25.9618], [-111.3387, 25.9866], [-111.3393, 26.0132], [-111.3454, 26.0293], [-111.3284, 26.0489], [-111.3185, 26.0769], [-111.3239, 26.1001], [-111.3439, 26.1114], [-111.3584, 26.1479], [-111.364, 26.1749], [-111.3776, 26.1885], [-111.3777, 26.2171], [-111.3972, 26.2553], [-111.3949, 26.2759], [-111.3832, 26.2798], [-111.3824, 26.3009], [-111.3954, 26.3405], [-111.4261, 26.3525], [-111.4343, 26.3695], [-111.4209, 26.3723], [-111.4604, 26.4008], [-111.4684, 26.4118], [-111.4699, 26.4648], [-111.4551, 26.4868], [-111.4529, 26.5214], [-111.4733, 26.531], [-111.493, 26.5295], [-111.5274, 26.5388], [-111.5611, 26.556], [-111.5694, 26.572], [-111.5636, 26.6215], [-111.5678, 26.6313], [-111.567, 26.6725], [-111.5614, 26.6965], [-111.573, 26.7075], [-111.6076, 26.719], [-111.6486, 26.7467], [-111.6673, 26.7735], [-111.682, 26.7803], [-111.723, 26.8092], [-111.7483, 26.8463], [-111.8215, 26.8959], [-111.8318, 26.8839], [-111.846, 26.882], [-111.8454, 26.8566], [-111.8365, 26.8344], [-111.827, 26.828], [-111.8235, 26.7845], [-111.8155, 26.7669], [-111.8161, 26.7216], [-111.7943, 26.6884], [-111.767, 26.6776], [-111.7633, 26.6654], [-111.7412, 26.6532], [-111.7152, 26.631], [-111.7085, 26.6194], [-111.682, 26.5986], [-111.6772, 26.586], [-111.6993, 26.561], [-111.7048, 26.5567], [-111.7227, 26.5461], [-111.7306, 26.5437], [-111.7332, 26.5394], [-111.7386, 26.538], [-111.7473, 26.5464], [-111.7829, 26.5705], [-111.8059, 26.626], [-111.8461, 26.644], [-111.8532, 26.6766], [-111.865, 26.6953], [-111.9089, 26.7195], [-111.8947, 26.7582], [-111.8767, 26.7676], [-111.8616, 26.7836], [-111.873, 26.8319], [-111.9117, 26.8577], [-111.9121, 26.8731], [-111.9493, 26.8908], [-111.9755, 26.9326], [-112.0084, 26.9586], [-112.0143, 26.9733], [-112.0139, 27.0075], [-112.0063, 27.0325], [-111.9893, 27.0553], [-111.9702, 27.0697], [-111.9535, 27.0661], [-111.9472, 27.0774], [-111.9531, 27.0962], [-111.9905, 27.0958], [-112.0178, 27.1196], [-112.0612, 27.1252], [-112.0709, 27.1334], [-112.0906, 27.1311], [-112.1114, 27.1395], [-112.1187, 27.1513], [-112.1412, 27.161], [-112.1574, 27.1617], [-112.2028, 27.2019], [-112.2147, 27.216], [-112.2033, 27.2302], [-112.199, 27.2506], [-112.2133, 27.2668], [-112.2173, 27.2817], [-112.2306, 27.2952], [-112.2414, 27.3258], [-112.2617, 27.3329], [-112.274, 27.3602], [-112.2868, 27.3643], [-112.3028, 27.3851], [-112.2978, 27.4014], [-112.3155, 27.4246], [-112.324, 27.4973], [-112.3319, 27.5173], [-112.3556, 27.5361], [-112.3566, 27.5485], [-112.3711, 27.5632], [-112.3923, 27.5707], [-112.4188, 27.5908], [-112.4616, 27.5972], [-112.4742, 27.6134], [-112.5283, 27.6375], [-112.5731, 27.6426], [-112.5926, 27.6491], [-112.6015, 27.6691], [-112.6216, 27.6769], [-112.6426, 27.71], [-112.6593, 27.7086], [-112.6788, 27.7258], [-112.7031, 27.754], [-112.7073, 27.7797], [-112.7159, 27.7863], [-112.7137, 27.8043], [-112.7241, 27.8232], [-112.761, 27.8487], [-112.7717, 27.872], [-112.7611, 27.8971], [-112.7657, 27.9415], [-112.7558, 27.9679], [-112.7647, 28.0], [-114.0626, 28.0], [-114.0763, 28.0], [-114.0979, 28.0], [-114.0992, 27.9895], [-114.0869, 27.9742], [-114.0989, 27.9439], [-114.1178, 27.9462], [-114.1354, 27.9595], [-114.1294, 27.9731], [-114.1501, 28.0], [-114.2047, 28.0]]], [[[-112.118, 25.3074], [-112.1048, 25.3255], [-112.1093, 25.3726], [-112.0979, 25.455], [-112.0957, 25.4885], [-112.1048, 25.4856], [-112.1021, 25.4534], [-112.119, 25.3455], [-112.1356, 25.2931], [-112.1198, 25.2822], [-112.118, 25.3074]]], [[[-112.1634, 25.0985], [-112.1583, 25.1304], [-112.1441, 25.1623], [-112.1225, 25.2204], [-112.1254, 25.2616], [-112.1395, 25.2578], [-112.1521, 25.1936], [-112.196, 25.0451], [-112.2389, 24.9271], [-112.275, 24.8397], [-112.2878, 24.8138], [-112.3039, 24.7945], [-112.2746, 24.7748], [-112.2612, 24.7813], [-112.2495, 24.8043], [-112.2404, 24.7925], [-112.1941, 24.7777], [-112.1545, 24.7474], [-112.1405, 24.727], [-112.1361, 24.6881], [-112.1448, 24.6684], [-112.1646, 24.672], [-112.1716, 24.6484], [-112.1577, 24.6441], [-112.1462, 24.6209], [-112.1172, 24.604], [-112.105, 24.5846], [-112.1012, 24.5585], [-112.0691, 24.5416], [-112.0579, 24.5553], [-112.1029, 24.6155], [-112.1346, 24.63], [-112.1509, 24.6616], [-112.1383, 24.6616], [-112.1166, 24.6889], [-112.1302, 24.7079], [-112.134, 24.7329], [-112.1978, 24.7869], [-112.1992, 24.8072], [-112.2169, 24.8153], [-112.2352, 24.8355], [-112.2513, 24.841], [-112.254, 24.8531], [-112.2411, 24.8675], [-112.218, 24.8568], [-112.209, 24.8695], [-112.1861, 24.8669], [-112.1976, 24.9177], [-112.1856, 24.9281], [-112.1892, 24.9527], [-112.1815, 24.9765], [-112.167, 24.9781], [-112.1748, 24.9971], [-112.1696, 25.0246], [-112.1857, 25.0413], [-112.1634, 25.0985]]], [[[-111.8689, 24.5208], [-111.8984, 24.5158], [-111.9285, 24.5195], [-111.9699, 24.5181], [-111.9867, 24.5251], [-112.006, 24.5143], [-111.9404, 24.484], [-111.9256, 24.4688], [-111.8678, 24.4366], [-111.796, 24.3811], [-111.7483, 24.3502], [-111.7173, 24.3173], [-111.7036, 24.3245], [-111.6944, 24.3496], [-111.7055, 24.3594], [-111.71, 24.3853], [-111.723, 24.3943], [-111.7417, 24.4174], [-111.7494, 24.4414], [-111.7799, 24.4622], [-111.8185, 24.4668], [-111.8436, 24.504], [-111.8689, 24.5208]]]]}}]}