{"type":"FeatureCollection","features":[{"type":"Feature","properties":{"name":"Ceyhan","rank":9.0,"kind":"River","src":"ne_10m_rivers_lake_centerlines"},"geometry":{"type":"MultiLineString","coordinates":[[[36.723,38.638],[36.74,38.631],[36.838,38.651],[36.851,38.653],[36.867,38.651],[36.875,38.646],[36.892,38.628],[36.902,38.612],[36.908,38.589],[36.902,38.57],[36.882,38.563],[36.89,38.541],[36.886,38.522],[36.875,38.507],[36.86,38.494],[36.844,38.479],[36.883,38.467],[36.913,38.448],[36.931,38.417],[36.936,38.375],[36.943,38.355],[36.958,38.338],[36.977,38.327],[36.995,38.323],[37.005,38.314],[37.011,38.299],[37.041,38.289],[37.067,38.277],[37.087,38.275],[37.104,38.268],[37.114,38.248],[37.102,38.226],[37.092,38.209],[37.08,38.2],[37.07,38.198],[37.049,38.197],[37.039,38.193],[37.02,38.174],[37.002,38.153],[36.996,38.136],[36.988,38.12],[36.982,38.104],[36.982,38.08],[36.994,38.067],[37.014,38.063],[37.079,38.067],[37.096,38.061],[37.104,38.043],[37.096,38.025],[37.078,38.009],[37.055,37.997],[37.037,37.99],[36.997,37.981],[36.982,37.972],[36.97,37.953],[36.966,37.93],[36.97,37.833],[36.95,37.816],[36.922,37.755],[36.912,37.74],[36.898,37.73],[36.863,37.716],[36.85,37.708],[36.844,37.699],[36.836,37.676],[36.828,37.665],[36.808,37.649],[36.799,37.638],[36.792,37.617],[36.788,37.599],[36.779,37.583],[36.758,37.57],[36.762,37.585],[36.751,37.583],[36.74,37.59],[36.7,37.592],[36.682,37.597],[36.665,37.55],[36.653,37.53],[36.609,37.515],[36.575,37.487],[36.549,37.48],[36.515,37.473],[36.493,37.463],[36.477,37.454],[36.463,37.438],[36.46,37.422],[36.465,37.407],[36.477,37.391],[36.471,37.38],[36.441,37.372],[36.404,37.361],[36.371,37.356],[36.354,37.371],[36.342,37.367],[36.329,37.364],[36.319,37.36],[36.312,37.35],[36.286,37.348],[36.269,37.332],[36.25,37.295],[36.267,37.276],[36.268,37.26],[36.258,37.231],[36.244,37.206],[36.231,37.172],[36.219,37.162],[36.202,37.156],[36.184,37.154],[36.161,37.159],[36.13,37.176],[36.112,37.182],[36.1,37.179],[36.085,37.192],[36.073,37.203],[36.056,37.21],[35.991,37.221],[35.97,37.22],[35.957,37.206],[35.942,37.213],[35.932,37.207],[35.924,37.198],[35.912,37.193],[35.894,37.182],[35.878,37.179],[35.867,37.185],[35.853,37.179],[35.82,37.155],[35.813,37.137],[35.819,37.118],[35.799,37.118],[35.805,37.108],[35.816,37.099],[35.84,37.083],[35.827,37.077],[35.803,37.059],[35.785,37.052],[35.8,37.033],[35.805,37.022],[35.792,37.03],[35.775,37.035],[35.764,37.033],[35.761,37.02],[35.744,37.008],[35.711,37.0],[35.696,36.994],[35.661,36.973],[35.609,36.952],[35.595,36.94],[35.586,36.918],[35.62,36.912],[35.615,36.902],[35.584,36.91],[35.573,36.911],[35.565,36.904],[35.563,36.888],[35.57,36.88],[35.58,36.873],[35.586,36.863],[35.575,36.848],[35.551,36.843],[35.525,36.845],[35.511,36.85],[35.501,36.84],[35.488,36.825],[35.476,36.822],[35.485,36.814],[35.485,36.8],[35.476,36.795],[35.482,36.784],[35.482,36.769],[35.476,36.761],[35.49,36.741],[35.47,36.682],[35.483,36.671],[35.479,36.662],[35.493,36.654],[35.516,36.658],[35.536,36.664],[35.548,36.661],[35.565,36.655],[35.579,36.642],[35.586,36.626],[35.593,36.617],[35.585,36.607],[35.569,36.594],[35.567,36.587]]]}},{"type":"Feature","properties":{"name":"Qezel Owzan","rank":9.0,"kind":"River","src":"ne_10m_rivers_lake_centerlines"},"geometry":{"type":"MultiLineString","coordinates":[[[47.272,35.902],[47.327,35.904],[47.34,35.908],[47.35,35.923],[47.363,35.931],[47.377,35.936],[47.39,35.938],[47.406,35.945],[47.419,35.973],[47.439,35.985],[47.449,36.008],[47.459,36.013],[47.49,36.013],[47.504,36.015],[47.517,36.021],[47.538,36.011],[47.558,36.01],[47.615,36.016],[47.633,36.025],[47.644,36.027],[47.724,36.025],[47.852,36.0],[47.89,36.0],[47.914,36.003],[47.931,36.01],[47.95,36.015],[48.024,36.007],[48.121,36.015],[48.137,36.031],[48.146,36.039],[48.166,36.042],[48.168,36.055],[48.178,36.095],[48.14,36.128],[48.081,36.15],[47.996,36.163],[47.98,36.176],[47.955,36.213],[47.932,36.218],[47.926,36.227],[47.934,36.24],[47.929,36.271],[47.941,36.288],[47.932,36.299],[47.92,36.318],[47.911,36.341],[47.907,36.36],[47.9,36.371],[47.869,36.399],[47.859,36.411],[47.834,36.469],[47.839,36.495],[47.836,36.511],[47.811,36.548],[47.806,36.565],[47.787,36.574],[47.773,36.617],[47.761,36.621],[47.76,36.64],[47.752,36.647],[47.708,36.731],[47.698,36.74],[47.683,36.75],[47.608,36.855],[47.601,36.882],[47.62,36.898],[47.61,36.907],[47.615,36.922],[47.626,36.938],[47.637,36.949],[47.688,36.992],[47.702,37.008],[47.716,37.038],[47.727,37.055],[47.739,37.063],[47.749,37.073],[47.77,37.138],[47.763,37.154],[47.749,37.224],[47.753,37.245],[47.762,37.265],[47.783,37.295],[47.809,37.359],[47.808,37.371],[47.816,37.385],[47.808,37.398],[47.799,37.403],[47.8,37.414],[47.806,37.425],[47.88,37.463],[47.887,37.477],[47.905,37.493],[47.926,37.507],[47.941,37.515],[47.964,37.516],[48.011,37.508],[48.027,37.512],[48.047,37.521],[48.07,37.517],[48.143,37.487],[48.17,37.469],[48.244,37.469],[48.256,37.467],[48.267,37.456],[48.246,37.429],[48.242,37.419],[48.231,37.385],[48.229,37.374],[48.233,37.36],[48.243,37.348],[48.252,37.339],[48.265,37.315],[48.287,37.297],[48.332,37.268],[48.325,37.247],[48.341,37.256],[48.356,37.26],[48.39,37.262],[48.405,37.256],[48.419,37.233],[48.441,37.228],[48.457,37.228],[48.471,37.223],[48.478,37.192],[48.488,37.18],[48.492,37.159],[48.552,37.124],[48.58,37.1],[48.6,37.093],[48.61,37.086],[48.62,37.082],[48.64,37.09],[48.652,37.09],[48.665,37.086],[48.675,37.083],[48.712,37.063],[48.805,36.987],[48.814,36.982],[48.832,36.977],[48.847,36.964],[48.857,36.948],[48.87,36.946],[48.886,36.937],[48.928,36.884],[48.939,36.879],[48.964,36.874],[48.976,36.871],[48.987,36.864],[49.032,36.826],[49.052,36.815],[49.093,36.802],[49.155,36.793],[49.172,36.784],[49.189,36.768],[49.205,36.758],[49.225,36.753],[49.251,36.753],[49.26,36.764],[49.28,36.755],[49.36,36.756],[49.379,36.764],[49.394,36.776],[49.407,36.795],[49.421,36.82],[49.428,36.829],[49.432,36.844],[49.44,36.851],[49.454,36.85],[49.49,36.882]],[[46.783,35.599],[46.778,35.617],[46.76,35.651],[46.756,35.671],[46.763,35.689],[46.79,35.722],[46.796,35.743],[46.803,35.759],[46.835,35.791],[46.845,35.809],[46.844,35.819],[46.837,35.841],[46.847,35.852],[46.86,35.851],[46.873,35.852],[46.89,35.866],[47.007,35.859],[47.033,35.862],[47.044,35.874],[47.067,35.886],[47.198,35.901],[47.27,35.902]]]}},{"type":"Feature","properties":{"name":"Simav","rank":9.0,"kind":"River","src":"ne_10m_rivers_lake_centerlines"},"geometry":{"type":"MultiLineString","coordinates":[[[29.12,39.099],[29.093,39.094],[29.065,39.095],[29.042,39.098],[29.019,39.107],[28.966,39.134],[28.936,39.143],[28.91,39.167],[28.889,39.171],[28.862,39.174],[28.822,39.18],[28.778,39.176],[28.61,39.187],[28.365,39.262],[28.345,39.269],[28.291,39.273],[28.245,39.272],[28.231,39.269],[28.219,39.269],[28.188,39.284],[28.17,39.287],[28.151,39.284],[28.13,39.275],[28.118,39.281],[28.111,39.288],[28.099,39.309],[28.075,39.34],[28.07,39.349],[28.07,39.378],[28.087,39.401],[28.108,39.422],[28.123,39.446],[28.125,39.47],[28.117,39.533],[28.11,39.557],[28.102,39.573],[28.069,39.618],[28.067,39.628],[28.066,39.644],[28.07,39.659],[28.079,39.666],[28.129,39.684],[28.137,39.69],[28.143,39.703],[28.157,39.709],[28.191,39.715],[28.206,39.723],[28.219,39.735],[28.24,39.763],[28.224,39.775],[28.185,39.788],[28.168,39.8],[28.169,39.816],[28.18,39.837],[28.18,39.854],[28.152,39.858],[28.159,39.869],[28.159,39.889],[28.164,39.914],[28.157,39.927],[28.174,39.938],[28.177,39.953],[28.171,39.988],[28.174,40.003],[28.18,40.014],[28.199,40.036],[28.187,40.042],[28.191,40.063],[28.199,40.071],[28.215,40.071],[28.226,40.081],[28.24,40.098],[28.309,40.16],[28.333,40.191],[28.376,40.226],[28.414,40.275],[28.434,40.29],[28.459,40.297],[28.462,40.313],[28.469,40.326],[28.488,40.373],[28.499,40.391]]]}},{"type":"Feature","properties":{"name":"Kelkit","rank":9.0,"kind":"River","src":"ne_10m_rivers_lake_centerlines"},"geometry":{"type":"MultiLineString","coordinates":[[[39.618,39.879],[39.619,39.893],[39.626,39.906],[39.662,39.927],[39.679,39.942],[39.697,39.951],[39.712,39.964],[39.716,39.979],[39.703,39.99],[39.653,39.998],[39.634,40.005],[39.623,40.023],[39.615,40.051],[39.605,40.075],[39.59,40.086],[39.574,40.088],[39.543,40.104],[39.513,40.114],[39.442,40.139],[39.31,40.113],[39.259,40.097],[39.238,40.095],[39.184,40.104],[39.165,40.111],[39.142,40.115],[39.121,40.121],[39.101,40.132],[39.093,40.117],[39.082,40.107],[39.066,40.101],[39.047,40.097],[39.03,40.096],[39.015,40.099],[38.991,40.106],[38.98,40.107],[38.954,40.118],[38.935,40.122],[38.892,40.118],[38.776,40.136],[38.62,40.133],[38.534,40.144],[38.498,40.154],[38.469,40.165],[38.458,40.167],[38.446,40.165],[38.432,40.156],[38.416,40.152],[38.403,40.147],[38.393,40.146],[38.379,40.148],[38.367,40.156],[38.32,40.173],[38.326,40.193],[38.318,40.205],[38.261,40.235],[38.248,40.24],[38.189,40.242],[38.17,40.248],[38.159,40.249],[38.14,40.248],[38.119,40.245],[38.103,40.239],[38.094,40.228],[38.088,40.235],[38.068,40.226],[38.047,40.223],[38.027,40.228],[38.011,40.241],[37.991,40.237],[37.969,40.245],[37.947,40.255],[37.925,40.261],[37.903,40.279],[37.891,40.282],[37.867,40.284],[37.007,40.494],[36.968,40.512],[36.943,40.532],[36.938,40.545],[36.929,40.598],[36.923,40.607],[36.891,40.618],[36.882,40.625],[36.818,40.627],[36.806,40.625],[36.799,40.633],[36.806,40.647],[36.794,40.642],[36.78,40.656],[36.768,40.661],[36.744,40.661],[36.728,40.659],[36.717,40.653],[36.692,40.673],[36.681,40.679],[36.65,40.682],[36.58,40.703],[36.552,40.716],[36.53,40.733],[36.518,40.756],[36.51,40.771],[36.494,40.779],[36.457,40.79],[36.441,40.799],[36.421,40.815],[36.41,40.831],[36.422,40.845],[36.415,40.852],[36.443,40.87],[36.553,40.89],[36.587,40.903],[36.594,40.91],[36.653,40.906],[36.651,40.916],[36.656,40.928],[36.653,40.941],[36.636,40.949],[36.634,40.962],[36.632,40.974],[36.645,40.978],[36.641,40.996],[36.643,41.027],[36.65,41.036],[36.668,41.037],[36.666,41.061],[36.681,41.087],[36.705,41.108],[36.73,41.119],[36.725,41.131],[36.738,41.142],[36.744,41.153],[36.723,41.184],[36.728,41.217],[36.717,41.225],[36.713,41.242],[36.698,41.25],[36.682,41.256],[36.687,41.272],[36.682,41.284],[36.681,41.31],[36.683,41.327],[36.666,41.33],[36.656,41.336],[36.648,41.346],[36.661,41.366]]]}},{"type":"Feature","properties":{"name":"Ialomita","rank":9.0,"kind":"River","src":"ne_10m_rivers_lake_centerlines"},"geometry":{"type":"MultiLineString","coordinates":[[[25.43,45.338],[25.41,45.295],[25.406,45.28],[25.411,45.265],[25.443,45.213],[25.451,45.186],[25.45,45.166],[25.443,45.148],[25.43,45.125],[25.427,45.111],[25.434,45.078],[25.434,45.063],[25.428,45.051],[25.411,45.035],[25.402,45.024],[25.401,44.985],[25.431,44.955],[25.473,44.934],[25.552,44.906],[25.621,44.869],[25.653,44.846],[25.672,44.831],[25.695,44.816],[25.716,44.81],[25.789,44.804],[25.809,44.796],[25.824,44.782],[25.833,44.761],[25.859,44.751],[26.103,44.754],[26.164,44.768],[26.187,44.768],[26.231,44.754],[26.312,44.712],[26.354,44.703],[26.417,44.703],[26.438,44.708],[26.467,44.721],[26.481,44.723],[26.498,44.715],[26.509,44.715],[26.522,44.72],[26.54,44.719],[26.573,44.707],[26.597,44.707],[26.614,44.683],[26.631,44.678],[26.652,44.689],[26.665,44.689],[26.675,44.681],[26.688,44.68],[26.702,44.688],[26.715,44.685],[26.73,44.669],[26.74,44.663],[26.754,44.662],[26.777,44.668],[26.79,44.669],[26.809,44.665],[26.82,44.65],[26.826,44.64],[26.834,44.631],[26.842,44.624],[26.952,44.616],[26.977,44.617],[27.02,44.626],[27.043,44.624],[27.067,44.613],[27.114,44.584],[27.137,44.576],[27.318,44.558],[27.342,44.563],[27.386,44.582],[27.433,44.583],[27.487,44.596],[27.507,44.604],[27.515,44.614],[27.53,44.625],[27.541,44.626],[27.566,44.618],[27.578,44.619],[27.754,44.656],[27.771,44.657],[27.807,44.655],[27.824,44.657],[27.843,44.666],[27.851,44.677],[27.855,44.69],[27.87,44.709],[27.866,44.703]]]}},{"type":"Feature","properties":{"name":"Strymnas","rank":9.0,"kind":"River","src":"ne_10m_rivers_lake_centerlines"},"geometry":{"type":"MultiLineString","coordinates":[[[23.184,42.495],[23.168,42.498],[23.155,42.505],[23.153,42.522],[23.145,42.531],[23.13,42.537],[23.114,42.562],[23.109,42.582],[23.1,42.599],[23.079,42.612],[23.053,42.617],[23.024,42.617],[22.994,42.615],[22.969,42.608],[22.952,42.595],[22.947,42.576],[22.946,42.554],[22.943,42.531],[22.932,42.507],[22.921,42.501],[22.908,42.505],[22.891,42.517],[22.87,42.526],[22.848,42.53],[22.825,42.527],[22.803,42.521],[22.781,42.51],[22.742,42.483],[22.725,42.468],[22.704,42.436],[22.705,42.409],[22.764,42.324],[22.785,42.3],[22.811,42.281],[22.845,42.266],[22.868,42.261],[22.88,42.257],[22.889,42.25],[22.895,42.239],[22.899,42.221],[22.911,42.209],[22.921,42.204],[22.956,42.192],[22.969,42.185],[23.021,42.134],[23.032,42.12],[23.04,42.102],[23.044,42.078],[23.045,42.055],[23.049,42.032],[23.062,42.012],[23.093,41.978],[23.104,41.959],[23.125,41.886],[23.136,41.864],[23.153,41.842],[23.164,41.821],[23.166,41.801],[23.159,41.756],[23.161,41.733],[23.19,41.642],[23.203,41.622],[23.235,41.583],[23.244,41.563],[23.257,41.499],[23.266,41.478],[23.278,41.458],[23.293,41.441],[23.31,41.426],[23.327,41.415],[23.339,41.406],[23.347,41.393],[23.35,41.374],[23.349,41.342],[23.347,41.325],[23.342,41.311],[23.322,41.288],[23.296,41.278],[23.19,41.268],[23.166,41.261],[23.153,41.248],[23.156,41.233],[23.169,41.223],[23.201,41.209],[23.212,41.197],[23.227,41.174],[23.238,41.163],[23.269,41.146],[23.278,41.138],[23.285,41.126],[23.295,41.1],[23.301,41.087],[23.308,41.078],[23.316,41.07],[23.333,41.057],[23.476,40.987],[23.512,40.977],[23.594,40.973],[23.759,40.937],[23.8,40.916],[23.814,40.902],[23.824,40.886],[23.831,40.868],[23.835,40.849],[23.834,40.818],[23.841,40.809],[23.852,40.797],[23.846,40.783]]]}},{"type":"Feature","properties":{"name":"Ural","rank":4.0,"kind":"River","src":"ne_10m_rivers_lake_centerlines"},"geometry":{"type":"MultiLineString","coordinates":[[[58.631,51.695],[58.625,51.607],[58.628,51.593],[58.644,51.592],[58.656,51.587],[58.659,51.577],[58.659,51.566],[58.668,51.557],[58.68,51.556],[58.695,51.547],[58.702,51.538],[58.7,51.527],[58.72,51.492],[58.743,51.481],[58.754,51.464],[58.76,51.442],[58.763,51.371],[58.758,51.335],[58.741,51.307],[58.647,51.234],[58.628,51.227],[58.603,51.225],[58.502,51.203],[58.416,51.199],[58.398,51.194],[58.337,51.158],[58.314,51.153],[58.268,51.135],[58.245,51.131],[58.223,51.123],[58.211,51.105],[58.202,51.084],[58.19,51.066],[58.167,51.055],[58.14,51.057],[58.113,51.065],[58.091,51.076],[58.088,51.092],[58.077,51.098],[58.001,51.09],[57.988,51.088],[57.96,51.078],[57.95,51.079],[57.934,51.094],[57.925,51.1],[57.912,51.104],[57.857,51.104],[57.841,51.106],[57.796,51.124],[57.747,51.117],[57.713,51.105],[57.703,51.104],[57.679,51.109],[57.667,51.122],[57.657,51.138],[57.639,51.151],[57.583,51.166],[57.454,51.173],[57.372,51.204],[57.353,51.215],[57.333,51.23],[57.311,51.241],[57.227,51.248],[57.202,51.257],[57.183,51.271],[57.148,51.306],[57.128,51.321],[57.105,51.33],[57.08,51.335],[57.004,51.334],[56.987,51.336],[56.941,51.349],[56.903,51.353],[56.873,51.366],[56.857,51.371],[56.84,51.373],[56.823,51.371],[56.806,51.359],[56.494,51.377],[56.499,51.388],[56.499,51.405],[56.481,51.419],[56.471,51.415],[56.461,51.408],[56.449,51.405],[56.311,51.422],[56.295,51.431],[56.28,51.449],[56.243,51.465],[56.215,51.472],[56.207,51.481],[56.201,51.492],[56.192,51.501],[56.168,51.505],[56.141,51.507],[56.119,51.513],[56.11,51.532],[56.09,51.542],[56.062,51.543],[56.046,51.545],[56.033,51.551],[56.007,51.569],[55.961,51.624],[55.942,51.631],[55.895,51.628],[55.876,51.63],[55.857,51.637],[55.818,51.659],[55.794,51.669],[55.742,51.675],[55.671,51.7],[55.655,51.699],[55.638,51.712],[55.625,51.72],[55.606,51.72],[55.585,51.71],[55.573,51.706],[55.565,51.724],[55.512,51.735],[55.452,51.734],[55.435,51.737],[55.415,51.751],[55.393,51.755],[55.368,51.753],[55.331,51.744],[55.287,51.729],[55.276,51.727],[55.092,51.732],[55.001,51.772],[54.951,51.782],[54.926,51.781],[54.915,51.779],[54.904,51.775],[54.881,51.751],[54.852,51.753],[54.835,51.763],[54.815,51.771],[54.788,51.769],[54.774,51.758],[54.765,51.751],[54.753,51.747],[54.738,51.747],[54.724,51.748],[54.711,51.752],[54.698,51.758],[54.68,51.758],[54.584,51.718],[54.561,51.711],[54.462,51.7],[54.453,51.693],[54.424,51.687],[54.37,51.658],[54.341,51.644],[54.329,51.648],[54.324,51.675],[54.311,51.683],[54.291,51.68],[54.254,51.669],[54.205,51.663],[54.178,51.654],[54.167,51.652],[54.141,51.65],[54.061,51.631],[54.039,51.633],[54.026,51.611],[54.015,51.609],[53.997,51.613],[53.989,51.62],[53.97,51.626],[53.945,51.618],[53.862,51.579],[53.839,51.572],[53.788,51.567],[53.745,51.557],[53.691,51.556],[53.678,51.559],[53.644,51.584],[53.63,51.589],[53.619,51.587],[53.609,51.576],[53.594,51.569],[53.581,51.569],[53.548,51.58],[53.533,51.583],[53.519,51.581],[53.488,51.569],[53.434,51.569],[53.403,51.543],[53.38,51.53],[53.37,51.522],[53.362,51.508],[53.322,51.496],[53.307,51.494],[53.232,51.501],[53.22,51.497],[53.205,51.498],[53.195,51.508],[53.181,51.515],[53.165,51.515],[53.153,51.513],[53.157,51.487],[53.037,51.49],[52.998,51.48],[52.985,51.473],[52.973,51.464],[52.959,51.456],[52.944,51.453],[52.929,51.456],[52.903,51.465],[52.882,51.467],[52.896,51.486],[52.876,51.49],[52.82,51.487],[52.811,51.491],[52.789,51.505],[52.779,51.508],[52.764,51.506],[52.757,51.498],[52.745,51.487],[52.721,51.485],[52.709,51.482],[52.7,51.477],[52.692,51.469],[52.679,51.459],[52.668,51.455],[52.574,51.467],[52.566,51.452],[52.557,51.439],[52.546,51.428],[52.533,51.419],[52.505,51.405],[52.498,51.396],[52.505,51.384],[52.491,51.365],[52.473,51.367],[52.455,51.378],[52.44,51.384],[52.43,51.389],[52.421,51.399],[52.41,51.393],[52.383,51.386],[52.373,51.386],[52.359,51.407],[52.338,51.408],[52.313,51.404],[52.293,51.405],[52.265,51.425],[52.252,51.432],[52.238,51.435],[52.224,51.436],[52.211,51.433],[52.22,51.416],[52.217,51.398],[52.205,51.383],[52.186,51.377],[52.175,51.382],[52.162,51.4],[52.152,51.405],[52.141,51.404],[52.12,51.399],[52.108,51.399],[52.066,51.4],[52.053,51.399],[52.039,51.39],[52.019,51.384],[51.975,51.396],[51.954,51.395],[51.937,51.377],[51.943,51.358],[51.943,51.348],[51.933,51.343],[51.923,51.34],[51.904,51.326],[51.892,51.323],[51.876,51.322],[51.865,51.32],[51.855,51.315],[51.844,51.306],[51.833,51.302],[51.807,51.303],[51.796,51.299],[51.78,51.289],[51.765,51.282],[51.745,51.281],[51.744,51.294],[51.738,51.302],[51.721,51.303],[51.69,51.28],[51.67,51.275],[51.668,51.265],[51.659,51.248],[51.648,51.234],[51.639,51.227],[51.624,51.232],[51.615,51.243],[51.602,51.253],[51.58,51.255],[51.587,51.231],[51.563,51.223],[51.498,51.22],[51.474,51.204],[51.458,51.185],[51.44,51.174],[51.41,51.186],[51.388,51.172],[51.376,51.167],[51.364,51.164],[51.353,51.133],[51.347,51.124],[51.363,51.113],[51.367,51.098],[51.359,51.085],[51.341,51.083],[51.349,51.074],[51.358,51.069],[51.368,51.055],[51.364,51.045],[51.347,51.039],[51.338,51.027],[51.338,51.01],[51.334,51.001],[51.318,50.997],[51.3,50.987],[51.308,50.971],[51.302,50.954],[51.276,50.922],[51.267,50.917],[51.241,50.911],[51.231,50.905],[51.236,50.895],[51.231,50.881],[51.212,50.877],[51.197,50.885],[51.184,50.873],[51.173,50.857],[51.168,50.839],[51.176,50.817],[51.165,50.802],[51.166,50.787],[51.179,50.775],[51.207,50.744],[51.205,50.726],[51.186,50.709],[51.172,50.706],[51.167,50.694],[51.163,50.681],[51.166,50.67],[51.176,50.652],[51.166,50.649],[51.141,50.645],[51.131,50.641],[51.127,50.631],[51.129,50.618],[51.133,50.605],[51.135,50.593],[51.136,50.579],[51.144,50.565],[51.155,50.559],[51.166,50.55],[51.164,50.535],[51.162,50.524],[51.164,50.487],[51.154,50.477],[51.13,50.476],[51.107,50.451],[51.115,50.428],[51.142,50.391],[51.125,50.387],[51.105,50.377],[51.094,50.368],[51.117,50.358],[51.118,50.345],[51.103,50.302],[51.1,50.286],[51.103,50.273],[51.117,50.268],[51.147,50.27],[51.161,50.261],[51.162,50.244],[51.188,50.213],[51.214,50.192],[51.244,50.178],[51.294,50.169],[51.311,50.163],[51.325,50.154],[51.334,50.144],[51.336,50.131],[51.3,50.117],[51.313,50.106],[51.341,50.088],[51.354,50.075],[51.312,50.065],[51.335,50.035],[51.337,50.007],[51.324,49.985],[51.319,49.969],[51.341,49.967],[51.33,49.956],[51.316,49.942],[51.313,49.931],[51.326,49.926],[51.338,49.927],[51.364,49.931],[51.379,49.925],[51.385,49.897],[51.408,49.886],[51.45,49.857],[51.458,49.843],[51.464,49.828],[51.472,49.815],[51.484,49.808],[51.478,49.799],[51.461,49.789],[51.45,49.781],[51.466,49.761],[51.475,49.751],[51.488,49.747],[51.509,49.747],[51.519,49.745],[51.526,49.726],[51.523,49.713],[51.519,49.702],[51.525,49.689],[51.532,49.682],[51.538,49.663],[51.539,49.651],[51.532,49.637],[51.542,49.634],[51.563,49.633],[51.574,49.631],[51.601,49.618],[51.634,49.612],[51.63,49.601],[51.6,49.576],[51.63,49.548],[51.645,49.538],[51.666,49.535],[51.685,49.528],[51.694,49.511],[51.699,49.491],[51.71,49.473],[51.728,49.462],[51.743,49.459],[51.734,49.435],[51.727,49.42],[51.738,49.414],[51.8,49.41],[51.813,49.397],[51.813,49.386],[51.808,49.375],[51.82,49.363],[51.856,49.362],[51.858,49.349],[51.84,49.346],[51.836,49.327],[51.849,49.31],[51.867,49.299],[51.9,49.31],[51.909,49.296],[51.916,49.275],[51.923,49.26],[51.915,49.234],[51.924,49.209],[51.944,49.188],[51.964,49.171],[51.956,49.16],[51.937,49.147],[51.93,49.137],[51.943,49.122],[51.949,49.105],[51.949,49.095],[51.922,49.108],[51.909,49.099],[51.9,49.082],[51.896,49.069],[51.899,49.053],[51.885,49.041],[51.865,49.047],[51.854,49.037],[51.856,49.02],[51.861,49.007],[51.864,48.994],[51.861,48.979],[51.849,48.97],[51.84,48.955],[51.84,48.921],[51.837,48.89],[51.861,48.877],[51.88,48.883],[51.891,48.883],[51.896,48.873],[51.884,48.848],[51.875,48.83],[51.845,48.812],[51.834,48.801],[51.845,48.783],[51.835,48.741],[51.848,48.719],[51.813,48.709],[51.805,48.696],[51.809,48.684],[51.814,48.675],[51.82,48.665],[51.821,48.654],[51.817,48.642],[51.786,48.633],[51.773,48.628],[51.762,48.603],[51.766,48.582],[51.762,48.567],[51.722,48.559],[51.7,48.549],[51.686,48.547],[51.659,48.548],[51.645,48.546],[51.635,48.54],[51.641,48.525],[51.642,48.507],[51.62,48.508],[51.609,48.503],[51.592,48.483],[51.574,48.455],[51.566,48.441],[51.587,48.439],[51.598,48.437],[51.61,48.439],[51.613,48.425],[51.614,48.404],[51.642,48.404],[51.649,48.393],[51.632,48.383],[51.619,48.382],[51.606,48.378],[51.595,48.372],[51.587,48.363],[51.585,48.349],[51.591,48.335],[51.598,48.323],[51.593,48.301],[51.583,48.296],[51.571,48.294],[51.56,48.287],[51.555,48.277],[51.574,48.273],[51.587,48.267],[51.595,48.256],[51.597,48.247],[51.591,48.238],[51.574,48.232],[51.563,48.228],[51.569,48.212],[51.594,48.185],[51.582,48.186],[51.571,48.184],[51.561,48.179],[51.553,48.171],[51.562,48.164],[51.571,48.159],[51.582,48.157],[51.594,48.157],[51.579,48.14],[51.569,48.129],[51.608,48.112],[51.624,48.102],[51.636,48.088],[51.642,48.071],[51.635,48.057],[51.623,48.053],[51.615,48.045],[51.621,48.02],[51.63,48.007],[51.658,47.982],[51.67,47.965],[51.652,47.95],[51.646,47.941],[51.637,47.935],[51.646,47.923],[51.649,47.911],[51.651,47.9],[51.648,47.89],[51.631,47.886],[51.622,47.88],[51.641,47.846],[51.636,47.823],[51.629,47.8],[51.635,47.773],[51.618,47.748],[51.611,47.735],[51.608,47.722],[51.629,47.706],[51.637,47.691],[51.615,47.678],[51.61,47.663],[51.608,47.633],[51.613,47.621],[51.636,47.6],[51.642,47.592],[51.689,47.554],[51.693,47.532],[51.708,47.522],[51.721,47.531],[51.747,47.52],[51.778,47.472],[51.799,47.465],[51.795,47.479],[51.817,47.479],[51.827,47.465],[51.822,47.454],[51.827,47.444],[51.848,47.424],[51.864,47.42],[51.875,47.406],[51.867,47.384],[51.875,47.368],[51.898,47.352],[51.902,47.342],[51.896,47.326],[51.871,47.314],[51.861,47.3],[51.88,47.297],[51.897,47.293],[51.912,47.285],[51.923,47.273],[51.928,47.261],[51.928,47.245],[51.924,47.231],[51.913,47.225],[51.917,47.206],[51.93,47.191],[51.937,47.18],[51.923,47.149],[51.92,47.124],[51.906,47.103],[51.895,47.099],[51.882,47.096],[51.868,47.088],[51.858,47.075],[51.847,47.045],[51.837,47.03],[51.81,47.004],[51.724,46.944]]]}},{"type":"Feature","properties":{"name":"Sefid","rank":9.0,"kind":"River","src":"ne_10m_rivers_lake_centerlines"},"geometry":{"type":"MultiLineString","coordinates":[[[49.49,36.882],[49.505,36.895],[49.517,36.912],[49.546,36.969],[49.559,36.987],[49.711,37.111],[49.716,37.121],[49.721,37.137],[49.731,37.158],[49.743,37.177],[49.754,37.185],[49.768,37.192],[49.776,37.209],[49.782,37.23],[49.792,37.247],[49.821,37.257],[49.869,37.265],[49.909,37.276],[49.914,37.295],[49.935,37.326],[49.937,37.407],[49.95,37.446]]]}},{"type":"Feature","properties":{"name":"Dnipro","rank":4.0,"kind":"Lake Centerline","src":"ne_10m_rivers_lake_centerlines"},"geometry":{"type":"MultiLineString","coordinates":[[[33.54,46.831],[33.569,46.836],[33.603,46.853],[33.616,46.876],[33.631,46.898],[33.644,46.921],[33.653,46.948],[33.676,46.994],[33.706,47.028],[33.8,47.103],[33.828,47.135],[33.866,47.172],[33.913,47.205],[33.943,47.229],[33.965,47.255],[33.985,47.288],[33.997,47.318],[34.003,47.347],[34.007,47.372],[34.004,47.4],[34.002,47.432],[34.008,47.463],[34.058,47.481],[34.157,47.474],[34.204,47.478],[34.319,47.505],[34.446,47.523],[34.584,47.567],[34.594,47.569],[34.644,47.564],[34.73,47.539],[34.832,47.526],[34.898,47.523],[34.997,47.503],[35.063,47.505],[35.114,47.524],[35.148,47.555],[35.163,47.596],[35.165,47.647],[35.163,47.692],[35.158,47.729],[35.149,47.764],[35.125,47.797],[35.107,47.827],[35.105,47.84],[35.106,47.842]]]}},{"type":"Feature","properties":{"name":"Dnipro","rank":4.0,"kind":"River","src":"ne_10m_rivers_lake_centerlines"},"geometry":{"type":"MultiLineString","coordinates":[[[35.105,47.84],[35.117,47.886],[35.119,47.901],[35.118,47.915],[35.11,47.944],[35.116,47.97],[35.129,47.983],[35.139,47.998],[35.138,48.016],[35.129,48.028],[35.079,48.064],[35.058,48.096],[35.063,48.118],[35.081,48.126],[35.101,48.129],[35.118,48.129],[35.129,48.128],[35.156,48.12],[35.173,48.121],[35.183,48.134],[35.17,48.15],[35.164,48.164],[35.168,48.181],[35.192,48.206],[35.198,48.223],[35.197,48.233],[35.194,48.243],[35.174,48.274],[35.159,48.291],[35.147,48.31],[35.142,48.337],[35.144,48.36],[35.144,48.372],[35.133,48.384],[35.118,48.389],[35.105,48.397],[35.096,48.409],[35.089,48.441],[35.084,48.451],[35.073,48.458],[35.049,48.464],[35.024,48.478],[34.992,48.476],[34.954,48.484],[34.874,48.492],[34.827,48.483],[34.797,48.485],[34.77,48.496],[34.717,48.523],[34.583,48.556],[34.57,48.562]],[[32.646,46.65],[32.686,46.665],[32.74,46.679],[32.795,46.685],[33.0,46.758],[33.012,46.758],[33.03,46.751],[33.057,46.749],[33.08,46.754],[33.157,46.786],[33.171,46.79],[33.187,46.791],[33.2,46.79],[33.213,46.787],[33.237,46.777],[33.262,46.768],[33.289,46.764],[33.317,46.765],[33.343,46.771],[33.371,46.783],[33.397,46.799],[33.407,46.808],[33.415,46.818],[33.424,46.827],[33.438,46.833],[33.467,46.839],[33.481,46.839],[33.529,46.832],[33.54,46.831]]]}},{"type":"Feature","properties":{"name":"Dicle","rank":4.0,"kind":"River","src":"ne_10m_rivers_lake_centerlines"},"geometry":{"type":"MultiLineString","coordinates":[[[39.173,38.424],[39.191,38.422],[39.213,38.424],[39.241,38.434],[39.266,38.448],[39.288,38.467],[39.353,38.481],[39.403,38.503],[39.463,38.519],[39.509,38.517],[39.519,38.503],[39.529,38.492],[39.539,38.486],[39.579,38.484],[39.6,38.478],[39.621,38.463],[39.633,38.448],[39.647,38.432],[39.643,38.416],[39.651,38.402],[39.667,38.397],[39.68,38.384],[39.689,38.377],[39.72,38.37],[39.739,38.371],[39.794,38.387],[39.815,38.387],[39.856,38.379],[39.915,38.379],[39.956,38.385],[39.97,38.383],[39.984,38.377],[40.002,38.363],[40.018,38.348],[40.027,38.339],[40.032,38.328],[40.023,38.311],[40.021,38.3],[40.077,38.266],[40.108,38.26],[40.118,38.257],[40.157,38.221],[40.173,38.209],[40.191,38.2],[40.181,38.19],[40.182,38.17],[40.171,38.166],[40.169,38.149],[40.141,38.123],[40.158,38.108],[40.205,38.11],[40.225,38.104],[40.245,38.093],[40.267,38.084],[40.257,38.071],[40.254,38.055],[40.253,38.021],[40.241,37.998],[40.241,37.984],[40.251,37.976],[40.252,37.957],[40.247,37.94],[40.246,37.929],[40.259,37.907],[40.253,37.892],[40.236,37.887],[40.232,37.874],[40.239,37.86],[40.253,37.851],[40.247,37.842],[40.257,37.839],[40.342,37.83],[40.415,37.808],[40.437,37.809],[40.518,37.836],[40.677,37.844],[40.699,37.837],[40.738,37.814],[40.759,37.807],[40.781,37.809],[40.822,37.826],[40.843,37.831],[40.872,37.827],[40.969,37.8],[41.004,37.787],[41.021,37.775],[41.035,37.772],[41.05,37.774],[41.08,37.781],[41.094,37.779],[41.105,37.77],[41.117,37.766],[41.141,37.765],[41.164,37.767],[41.175,37.767],[41.187,37.763],[41.207,37.748],[41.217,37.743],[41.23,37.747],[41.24,37.751],[41.286,37.74],[41.297,37.739],[41.311,37.744],[41.374,37.737],[41.503,37.744],[41.547,37.741],[41.562,37.743],[41.612,37.763],[41.662,37.771],[41.673,37.77],[41.683,37.766],[41.703,37.754],[41.713,37.75],[41.73,37.749],[41.748,37.753],[41.764,37.755],[41.78,37.748],[41.816,37.686],[41.826,37.639],[41.833,37.626],[41.843,37.618],[41.857,37.606],[41.86,37.593],[41.862,37.57],[41.86,37.559],[41.833,37.497],[41.828,37.47],[41.834,37.444],[41.85,37.427],[41.87,37.42],[41.892,37.42],[41.929,37.428],[42.015,37.433],[42.028,37.432],[42.044,37.425],[42.089,37.398],[42.123,37.385],[42.139,37.386],[42.148,37.38],[42.158,37.364],[42.185,37.354],[42.197,37.344],[42.206,37.329],[42.222,37.314],[42.223,37.303],[42.222,37.293],[42.236,37.287],[42.267,37.275],[42.279,37.283],[42.292,37.285],[42.301,37.27],[42.339,37.243],[42.353,37.227],[42.335,37.171],[42.346,37.159],[42.356,37.138],[42.357,37.11],[42.363,37.098],[42.371,37.088],[42.376,37.077],[42.377,37.063]]]}},{"type":"Feature","properties":{"name":"Tigris","rank":4.0,"kind":"River","src":"ne_10m_rivers_lake_centerlines"},"geometry":{"type":"MultiLineString","coordinates":[[[42.377,37.063],[42.384,37.041],[42.397,37.017],[42.415,36.996],[42.453,36.966],[42.47,36.955],[42.488,36.955],[42.507,36.973],[42.508,36.958],[42.503,36.938],[42.504,36.922],[42.521,36.918],[42.513,36.897],[42.524,36.88],[42.535,36.863],[42.509,36.862],[42.504,36.851],[42.515,36.843],[42.535,36.85],[42.566,36.837],[42.583,36.827],[42.596,36.796],[42.612,36.789],[42.655,36.789],[42.664,36.795],[42.678,36.802],[42.69,36.8],[42.699,36.794],[42.73,36.767],[42.747,36.754],[42.765,36.75],[42.781,36.74],[42.759,36.733],[42.75,36.727],[42.754,36.712],[42.764,36.712],[42.8,36.726],[42.822,36.72],[42.835,36.708],[42.843,36.693],[42.852,36.705],[42.861,36.711],[42.873,36.712],[42.887,36.712],[42.888,36.692],[42.877,36.671],[42.906,36.664],[42.904,36.647],[42.886,36.635],[42.864,36.644],[42.84,36.644],[42.832,36.636],[42.823,36.624],[42.818,36.61],[42.796,36.595],[42.772,36.577],[42.754,36.552],[42.747,36.525],[42.751,36.505],[42.762,36.499],[42.795,36.501],[42.833,36.499],[42.864,36.493],[42.922,36.493],[42.936,36.491],[42.972,36.477],[42.98,36.47],[42.969,36.452],[42.966,36.442],[42.975,36.427],[43.001,36.409],[43.032,36.4],[43.049,36.391],[43.062,36.397],[43.082,36.399],[43.124,36.398],[43.117,36.38],[43.125,36.367],[43.138,36.356],[43.145,36.346],[43.166,36.334],[43.176,36.321],[43.186,36.288],[43.172,36.288],[43.179,36.278],[43.196,36.256],[43.205,36.238],[43.216,36.23],[43.228,36.223],[43.237,36.205],[43.247,36.198],[43.258,36.192],[43.267,36.185],[43.272,36.169],[43.287,36.15],[43.299,36.146],[43.295,36.128],[43.296,36.092],[43.299,36.082],[43.326,36.05],[43.336,36.033],[43.34,36.014],[43.336,35.994],[43.346,35.98],[43.341,35.961],[43.334,35.939],[43.329,35.926],[43.335,35.911],[43.351,35.907],[43.361,35.881],[43.35,35.861],[43.332,35.853],[43.316,35.863],[43.316,35.808],[43.309,35.795]],[[43.309,35.795],[43.299,35.796],[43.29,35.789],[43.288,35.777],[43.288,35.744],[43.292,35.729],[43.318,35.713],[43.319,35.694],[43.309,35.69],[43.295,35.689],[43.281,35.685],[43.273,35.678],[43.258,35.656],[43.241,35.645],[43.248,35.63],[43.267,35.606],[43.263,35.59],[43.254,35.576],[43.244,35.569],[43.241,35.554],[43.249,35.53],[43.266,35.5],[43.276,35.472],[43.267,35.452],[43.272,35.443],[43.269,35.431],[43.267,35.421],[43.274,35.406],[43.286,35.393],[43.311,35.37],[43.323,35.362],[43.351,35.353],[43.365,35.345],[43.371,35.332],[43.36,35.325],[43.359,35.315],[43.36,35.293],[43.351,35.28],[43.402,35.273],[43.422,35.265],[43.419,35.246],[43.399,35.238],[43.389,35.233],[43.385,35.222],[43.397,35.201],[43.407,35.19],[43.481,35.127],[43.494,35.111],[43.52,35.101],[43.54,35.089],[43.535,35.068],[43.562,35.053],[43.577,35.042],[43.584,35.031],[43.581,35.014],[43.573,34.997],[43.563,34.984],[43.552,34.979],[43.543,34.97],[43.53,34.951],[43.522,34.933],[43.539,34.917],[43.541,34.901],[43.539,34.882],[43.546,34.866],[43.559,34.86],[43.564,34.836],[43.576,34.815],[43.578,34.805],[43.577,34.789],[43.595,34.786],[43.611,34.773],[43.629,34.771],[43.638,34.757],[43.64,34.744],[43.651,34.744],[43.668,34.727],[43.676,34.713],[43.677,34.7],[43.665,34.691],[43.671,34.682],[43.689,34.669],[43.696,34.655],[43.694,34.626],[43.697,34.614],[43.71,34.597],[43.713,34.585],[43.714,34.563],[43.721,34.547],[43.739,34.538],[43.757,34.536],[43.77,34.53],[43.775,34.51],[43.782,34.373],[43.799,34.351],[43.804,34.337],[43.821,34.299],[43.828,34.286],[43.83,34.273],[43.824,34.247],[43.823,34.236],[43.829,34.223],[43.86,34.196],[43.871,34.184],[43.887,34.145],[43.895,34.133],[43.929,34.106],[43.971,34.085],[43.988,34.081],[44.055,34.075],[44.093,34.072],[44.149,34.06],[44.186,34.058],[44.204,34.053],[44.221,34.038],[44.234,34.032],[44.249,34.04],[44.271,34.047],[44.291,34.042],[44.331,34.02],[44.378,34.001],[44.428,33.964],[44.44,33.951],[44.448,33.935],[44.451,33.916],[44.45,33.898],[44.444,33.88],[44.41,33.836],[44.391,33.793],[44.389,33.774],[44.397,33.757],[44.423,33.733],[44.412,33.706],[44.391,33.638],[44.377,33.625],[44.366,33.625],[44.354,33.625],[44.343,33.625],[44.332,33.621],[44.323,33.613],[44.32,33.603],[44.328,33.584],[44.326,33.574],[44.313,33.561],[44.309,33.55],[44.308,33.532],[44.305,33.515],[44.305,33.503],[44.311,33.481],[44.316,33.472],[44.337,33.459],[44.348,33.445],[44.349,33.434],[44.343,33.412],[44.345,33.399],[44.353,33.388],[44.362,33.382],[44.37,33.373],[44.376,33.349],[44.39,33.326],[44.378,33.317],[44.376,33.303],[44.386,33.289],[44.402,33.284],[44.412,33.284],[44.435,33.291],[44.448,33.289],[44.455,33.266],[44.462,33.256],[44.474,33.251],[44.484,33.244],[44.489,33.233],[44.491,33.22],[44.49,33.208],[44.485,33.198],[44.483,33.186],[44.487,33.173],[44.498,33.167],[44.509,33.166],[44.527,33.158],[44.551,33.136],[44.561,33.121],[44.569,33.098],[44.571,33.084],[44.576,33.073],[44.587,33.07],[44.595,33.078],[44.605,33.082],[44.618,33.068],[44.627,33.048],[44.632,33.039],[44.646,33.026],[44.656,33.021],[44.666,33.016],[44.677,33.013],[44.689,33.013],[44.699,33.016],[44.71,33.024],[44.72,33.026],[44.734,33.026],[44.741,33.014],[44.736,33.003],[44.729,32.993],[44.724,32.983],[44.733,32.972],[44.744,32.972],[44.757,32.982],[44.767,32.988],[44.785,32.98],[44.807,32.96],[44.823,32.962],[44.83,32.97],[44.845,32.969],[44.853,32.953],[44.858,32.943],[44.875,32.934],[44.897,32.933],[44.907,32.929],[44.917,32.923],[44.926,32.917],[44.934,32.909],[44.949,32.89],[44.958,32.881],[44.969,32.876],[44.981,32.875],[44.992,32.878],[45.032,32.898],[45.042,32.9],[45.06,32.895],[45.064,32.878],[45.056,32.871],[45.034,32.864],[45.026,32.857],[45.027,32.847],[45.034,32.837],[45.091,32.793],[45.104,32.786],[45.117,32.787],[45.13,32.794],[45.145,32.792],[45.164,32.781],[45.179,32.777],[45.267,32.774],[45.279,32.766],[45.279,32.752],[45.274,32.736],[45.257,32.709],[45.256,32.693],[45.27,32.689],[45.287,32.692],[45.3,32.692],[45.312,32.685],[45.32,32.674],[45.325,32.661],[45.335,32.648],[45.351,32.648],[45.365,32.653],[45.379,32.648],[45.39,32.638],[45.397,32.626],[45.416,32.585],[45.426,32.574],[45.44,32.57],[45.45,32.574],[45.462,32.585],[45.503,32.596],[45.514,32.595],[45.522,32.589],[45.529,32.577],[45.52,32.55],[45.526,32.534],[45.544,32.533],[45.567,32.549],[45.584,32.555],[45.593,32.55],[45.599,32.541],[45.613,32.537],[45.628,32.538],[45.648,32.559],[45.661,32.564],[45.692,32.559],[45.706,32.548],[45.717,32.529],[45.725,32.522],[45.736,32.518],[45.779,32.532],[45.791,32.531],[45.8,32.525],[45.805,32.515],[45.809,32.502]],[[43.309,35.795],[43.309,35.795]]]}},{"type":"Feature","properties":{"name":"Dniester","rank":6.0,"kind":"Lake Centerline","src":"ne_10m_rivers_lake_centerlines"},"geometry":{"type":"MultiLineString","coordinates":[[[30.478,46.101],[30.461,46.118],[30.447,46.127],[30.427,46.149],[30.406,46.172],[30.392,46.196],[30.364,46.223],[30.341,46.242],[30.308,46.254],[30.28,46.261],[30.255,46.278],[30.249,46.293],[30.254,46.307],[30.269,46.32]]]}},{"type":"Feature","properties":{"name":"Dniester","rank":6.0,"kind":"River","src":"ne_10m_rivers_lake_centerlines"},"geometry":{"type":"MultiLineString","coordinates":[[[22.904,49.22],[22.875,49.234],[22.847,49.253],[22.847,49.267],[22.851,49.279],[22.859,49.288],[22.881,49.302],[22.904,49.308],[22.936,49.313],[22.965,49.322],[22.977,49.339],[23.006,49.351],[23.009,49.369],[22.999,49.379],[22.986,49.387],[22.977,49.397],[22.991,49.406],[23.005,49.417],[23.011,49.427],[23.016,49.439],[23.023,49.448],[23.036,49.452],[23.058,49.455],[23.082,49.461],[23.121,49.473],[23.174,49.497],[23.209,49.502],[23.28,49.526],[23.318,49.533],[23.361,49.537],[23.38,49.544],[23.416,49.568],[23.452,49.583],[23.49,49.585],[23.531,49.579],[23.647,49.539],[23.704,49.531],[23.725,49.524],[23.765,49.5],[23.829,49.494],[23.84,49.497],[23.851,49.506],[23.874,49.509],[23.958,49.504],[23.972,49.495],[23.978,49.476],[23.986,49.468],[24.039,49.452],[24.043,49.441],[24.062,49.439],[24.094,49.426],[24.105,49.425],[24.114,49.427],[24.134,49.436],[24.146,49.438],[24.158,49.437],[24.167,49.434],[24.2,49.413],[24.241,49.365],[24.25,49.348],[24.256,49.339],[24.26,49.328],[24.252,49.311],[24.273,49.29],[24.282,49.284],[24.291,49.265],[24.308,49.249],[24.322,49.245],[24.387,49.232],[24.406,49.231],[24.433,49.241],[24.463,49.23],[24.478,49.233],[24.488,49.227],[24.498,49.225],[24.509,49.227],[24.519,49.233],[24.534,49.222],[24.543,49.211],[24.552,49.202],[24.57,49.198],[24.589,49.196],[24.601,49.188],[24.603,49.178],[24.618,49.172],[24.64,49.157],[24.716,49.135],[24.728,49.13],[24.739,49.123],[24.746,49.112],[24.754,49.096],[24.758,49.081],[24.772,49.072],[24.789,49.065],[24.802,49.056],[24.807,49.044],[24.821,49.029],[24.853,49.023],[24.888,49.025],[24.909,49.034],[24.942,49.025],[24.956,49.014],[24.959,49.002],[24.978,48.977],[24.992,48.97],[25.01,48.968],[25.051,48.974],[25.067,48.972],[25.119,48.951],[25.129,48.944],[25.122,48.918],[25.123,48.908],[25.128,48.898],[25.152,48.873],[25.165,48.865],[25.173,48.872],[25.178,48.884],[25.18,48.895],[25.189,48.911],[25.197,48.918],[25.219,48.929],[25.231,48.932],[25.246,48.931],[25.235,48.912],[25.226,48.887],[25.222,48.86],[25.225,48.842],[25.25,48.859],[25.273,48.859],[25.328,48.842],[25.306,48.828],[25.25,48.818],[25.239,48.801],[25.251,48.775],[25.277,48.781],[25.328,48.815],[25.343,48.816],[25.354,48.814],[25.355,48.828],[25.354,48.841],[25.356,48.855],[25.376,48.856],[25.388,48.854],[25.401,48.85],[25.414,48.847],[25.431,48.849],[25.431,48.861],[25.44,48.87],[25.462,48.864],[25.462,48.848],[25.45,48.836],[25.461,48.825],[25.482,48.814],[25.505,48.805],[25.523,48.801],[25.548,48.799],[25.565,48.793],[25.595,48.774],[25.623,48.764],[25.64,48.745],[25.633,48.736],[25.628,48.72],[25.64,48.708],[25.646,48.697],[25.637,48.684],[25.649,48.671],[25.671,48.667],[25.715,48.664],[25.731,48.635],[25.742,48.63],[25.753,48.633],[25.76,48.649],[25.766,48.658],[25.793,48.67],[25.809,48.661],[25.821,48.645],[25.838,48.637],[25.859,48.619],[25.862,48.603],[25.911,48.588],[25.928,48.587],[25.944,48.589],[25.96,48.596],[25.974,48.616],[25.985,48.623],[26.01,48.615],[26.025,48.621],[26.029,48.638],[26.049,48.648],[26.058,48.642],[26.062,48.628],[26.061,48.609],[26.051,48.583],[26.052,48.572],[26.064,48.558],[26.08,48.547],[26.099,48.541],[26.117,48.542],[26.129,48.555],[26.114,48.57],[26.106,48.581],[26.102,48.592],[26.102,48.606],[26.133,48.609],[26.146,48.596],[26.144,48.568],[26.149,48.539],[26.181,48.527],[26.239,48.534],[26.256,48.533],[26.269,48.53],[26.294,48.52],[26.326,48.511],[26.355,48.51],[26.38,48.517],[26.404,48.534],[26.422,48.53],[26.47,48.538],[26.489,48.53],[26.515,48.515],[26.522,48.507],[26.54,48.479],[26.553,48.466],[26.566,48.457],[26.583,48.453],[26.605,48.451],[26.622,48.458],[26.607,48.492],[26.615,48.507],[26.627,48.508],[26.639,48.496],[26.654,48.491],[26.688,48.492],[26.709,48.497],[26.705,48.507],[26.688,48.518],[26.671,48.527],[26.633,48.533],[26.614,48.54],[26.612,48.551],[26.632,48.562],[26.655,48.559],[26.691,48.54],[26.706,48.536],[26.722,48.535],[26.734,48.541],[26.739,48.558],[26.716,48.578],[26.717,48.595],[26.729,48.595],[26.74,48.589],[26.746,48.578],[26.75,48.561],[26.759,48.55],[26.773,48.551],[26.787,48.568],[26.789,48.578],[26.783,48.593],[26.797,48.608],[26.808,48.609],[26.819,48.607],[26.829,48.602],[26.823,48.581],[26.828,48.561],[26.841,48.546],[26.859,48.54],[26.885,48.544],[26.899,48.552],[26.909,48.563],[26.925,48.575],[26.945,48.581],[26.967,48.581],[27.003,48.575],[27.017,48.564],[27.027,48.563],[27.038,48.568],[27.05,48.567],[27.07,48.563],[27.113,48.559],[27.129,48.565],[27.141,48.579],[27.181,48.582],[27.192,48.58],[27.214,48.57],[27.226,48.568],[27.237,48.569],[27.247,48.57],[27.26,48.582],[27.262,48.596],[27.245,48.601],[27.236,48.605],[27.234,48.618],[27.255,48.621],[27.294,48.616],[27.304,48.611],[27.312,48.605],[27.322,48.601],[27.335,48.602],[27.345,48.607],[27.358,48.624],[27.37,48.63],[27.41,48.621],[27.438,48.602],[27.458,48.577],[27.473,48.547],[27.494,48.482],[27.503,48.473],[27.545,48.473],[27.557,48.475],[27.583,48.486],[27.604,48.484],[27.606,48.458],[27.627,48.451],[27.751,48.452],[27.785,48.442],[27.849,48.41],[27.864,48.399],[27.896,48.367],[27.926,48.34],[27.966,48.329],[28.055,48.322],[28.076,48.315],[28.092,48.302],[28.098,48.284],[28.078,48.245],[28.093,48.238],[28.115,48.237],[28.13,48.24],[28.162,48.257],[28.178,48.259],[28.185,48.243],[28.189,48.223],[28.199,48.212],[28.217,48.208],[28.24,48.212],[28.261,48.22],[28.277,48.229],[28.294,48.237],[28.34,48.24],[28.357,48.239],[28.368,48.231],[28.37,48.212],[28.363,48.191],[28.352,48.182],[28.337,48.176],[28.322,48.163],[28.315,48.15],[28.317,48.136],[28.328,48.127],[28.349,48.13],[28.365,48.142],[28.375,48.157],[28.388,48.169],[28.411,48.171],[28.427,48.164],[28.436,48.15],[28.435,48.135],[28.419,48.123],[28.447,48.083],[28.459,48.075],[28.479,48.065],[28.49,48.066],[28.493,48.075],[28.494,48.092],[28.5,48.113],[28.517,48.121],[28.538,48.12],[28.555,48.116],[28.583,48.102],[28.608,48.096],[28.62,48.095],[28.632,48.085],[28.631,48.071],[28.618,48.064],[28.607,48.067],[28.589,48.063],[28.563,48.041],[28.543,48.029],[28.532,48.02],[28.528,48.009],[28.538,47.994],[28.559,47.998],[28.61,48.029],[28.631,48.034],[28.643,48.024],[28.681,48.031],[28.698,48.023],[28.719,47.999],[28.754,47.979],[28.785,47.983],[28.813,47.965],[28.83,47.941],[28.829,47.917],[28.861,47.9],[28.98,47.876],[29.018,47.854],[29.018,47.827],[28.98,47.766],[28.976,47.743],[28.98,47.687],[28.988,47.661],[28.995,47.651],[28.994,47.639],[28.989,47.627],[28.993,47.605],[29.016,47.582],[29.021,47.571],[29.021,47.55],[29.025,47.533],[29.033,47.519],[29.049,47.506],[29.093,47.487],[29.104,47.478],[29.11,47.464],[29.107,47.454],[29.09,47.437],[29.082,47.406],[29.105,47.391],[29.139,47.376],[29.165,47.348],[29.154,47.336],[29.139,47.329],[29.123,47.329],[29.088,47.352],[29.079,47.348],[29.08,47.333],[29.093,47.311],[29.163,47.231],[29.179,47.197],[29.163,47.192],[29.144,47.163],[29.112,47.15],[29.094,47.135],[29.078,47.117],[29.069,47.102],[29.084,47.099],[29.099,47.092],[29.124,47.074],[29.148,47.097],[29.156,47.114],[29.167,47.113],[29.179,47.11],[29.189,47.112],[29.194,47.124],[29.188,47.135],[29.18,47.145],[29.179,47.156],[29.188,47.163],[29.2,47.163],[29.213,47.158],[29.22,47.149],[29.236,47.162],[29.25,47.159],[29.264,47.148],[29.278,47.142],[29.291,47.14],[29.291,47.129],[29.305,47.116],[29.329,47.108],[29.371,47.079],[29.377,47.071],[29.382,47.042],[29.381,47.029],[29.37,47.033],[29.369,47.018],[29.372,47.004],[29.341,46.992],[29.325,46.988],[29.309,46.988],[29.295,46.992],[29.303,46.975],[29.316,46.959],[29.332,46.945],[29.35,46.937],[29.376,46.935],[29.397,46.943],[29.416,46.953],[29.436,46.957],[29.459,46.953],[29.471,46.942],[29.474,46.923],[29.474,46.899],[29.488,46.873],[29.494,46.862],[29.495,46.849],[29.494,46.838],[29.501,46.821],[29.498,46.802],[29.512,46.787],[29.53,46.783],[29.542,46.794],[29.562,46.787],[29.576,46.803],[29.59,46.824],[29.6,46.835],[29.614,46.841],[29.616,46.827],[29.62,46.815],[29.647,46.815],[29.664,46.801],[29.679,46.764],[29.689,46.749],[29.698,46.728],[29.689,46.707],[29.666,46.676],[29.685,46.677],[29.695,46.676],[29.703,46.665],[29.72,46.668],[29.749,46.666],[29.758,46.659],[29.775,46.629],[29.762,46.625],[29.747,46.618],[29.735,46.608],[29.728,46.594],[29.742,46.593],[29.775,46.581],[29.786,46.583],[29.823,46.601],[29.83,46.589],[29.84,46.583],[29.852,46.581],[29.867,46.581],[29.89,46.558],[29.901,46.531],[29.916,46.519],[29.96,46.506],[29.967,46.494],[29.989,46.499],[30.002,46.494],[30.021,46.471],[30.013,46.462],[30.059,46.437],[30.076,46.423],[30.086,46.429],[30.102,46.431],[30.118,46.429],[30.131,46.423],[30.146,46.418],[30.159,46.43],[30.178,46.431],[30.19,46.439],[30.203,46.444],[30.219,46.442],[30.236,46.437],[30.249,46.427],[30.254,46.413],[30.257,46.394],[30.264,46.386],[30.273,46.38],[30.282,46.368],[30.288,46.352],[30.289,46.336],[30.283,46.324],[30.269,46.32]],[[30.478,46.101],[30.498,46.084]]]}},{"type":"Feature","properties":{"name":"Danube","rank":2.0,"kind":"River","src":"ne_10m_rivers_lake_centerlines"},"geometry":{"type":"MultiLineString","coordinates":[[[17.206,48.061],[17.243,48.041],[17.257,48.028],[17.262,48.009],[17.272,48.006],[17.337,47.999],[17.369,47.981],[17.471,47.889],[17.481,47.883],[17.492,47.88],[17.517,47.877],[17.526,47.872],[17.56,47.838],[17.572,47.83],[17.582,47.83],[17.593,47.833],[17.604,47.834],[17.619,47.83],[17.639,47.819],[17.658,47.808],[17.666,47.797],[17.676,47.789],[17.741,47.766],[17.825,47.75],[18.112,47.763],[18.235,47.754],[18.272,47.756],[18.347,47.777],[18.552,47.793],[18.597,47.791],[18.633,47.78],[18.663,47.776],[18.692,47.778],[18.717,47.788],[18.75,47.814],[18.767,47.823],[18.79,47.827],[18.882,47.826],[18.898,47.824],[18.911,47.82],[18.923,47.806],[18.948,47.803],[19.014,47.829],[19.039,47.83],[19.063,47.826],[19.086,47.817],[19.107,47.803],[19.123,47.775],[19.128,47.736],[19.124,47.693],[19.112,47.654],[19.054,47.54],[19.051,47.506],[19.062,47.485],[19.062,47.468],[19.053,47.454],[19.047,47.426],[19.036,47.413],[19.002,47.396],[18.974,47.379],[18.953,47.357],[18.935,47.328],[18.92,47.293],[18.908,47.237],[18.887,47.208],[18.881,47.19],[18.879,47.169],[18.879,47.149],[18.889,47.11],[18.897,47.09],[18.903,47.082],[18.919,47.074],[18.968,47.033],[18.962,47.017],[18.954,47.005],[18.955,46.995],[18.96,46.977],[18.967,46.936],[18.967,46.917],[18.958,46.909],[18.949,46.904],[18.939,46.892],[18.931,46.877],[18.928,46.865],[18.926,46.835],[18.933,46.821],[18.951,46.807],[18.958,46.801],[18.975,46.784],[18.985,46.776],[18.987,46.765],[18.988,46.754],[18.999,46.723],[19.002,46.709],[18.996,46.695],[18.982,46.676],[18.953,46.656],[18.885,46.635],[18.858,46.615],[18.877,46.591],[18.908,46.532],[18.92,46.499],[18.923,46.469],[18.899,46.414],[18.892,46.378],[18.896,46.363],[18.91,46.343],[18.913,46.331],[18.915,46.195],[18.904,46.173],[18.872,46.183],[18.825,46.142],[18.813,46.126],[18.794,46.117],[18.785,46.112],[18.775,46.103],[18.762,46.087],[18.7,46.045],[18.692,46.019],[18.722,45.985],[18.806,45.924],[18.831,45.896],[18.831,45.88],[18.841,45.874],[18.852,45.868],[18.852,45.83],[18.846,45.82],[18.848,45.81],[18.864,45.799],[18.871,45.79],[18.9,45.765],[18.904,45.75],[18.908,45.72],[18.917,45.707],[18.93,45.699],[18.948,45.692],[18.962,45.683],[18.968,45.669],[18.962,45.66],[18.935,45.634],[18.924,45.628],[18.912,45.619],[18.908,45.601],[18.907,45.582],[18.912,45.568],[18.932,45.546],[18.941,45.539],[18.96,45.539],[18.973,45.546],[18.983,45.555],[19.0,45.561],[19.018,45.568],[19.027,45.563],[19.033,45.555],[19.04,45.545],[19.051,45.539],[19.067,45.534],[19.082,45.531],[19.094,45.526],[19.106,45.512],[19.077,45.492],[19.009,45.499],[18.996,45.474],[19.002,45.456],[19.031,45.434],[19.037,45.423],[19.028,45.412],[18.975,45.395],[18.988,45.379],[19.003,45.366],[19.021,45.357],[19.04,45.354],[19.082,45.354],[19.091,45.35],[19.095,45.341],[19.096,45.329],[19.124,45.298],[19.162,45.285],[19.363,45.248],[19.407,45.249],[19.491,45.264],[19.53,45.267],[19.558,45.256],[19.572,45.237],[19.58,45.231],[19.599,45.228],[19.658,45.234],[19.698,45.247],[19.742,45.245],[19.785,45.237],[19.811,45.228],[19.832,45.238],[19.847,45.251],[19.856,45.265],[19.862,45.273],[19.881,45.282],[19.899,45.279],[19.914,45.269],[19.928,45.256],[19.949,45.219],[19.966,45.199],[19.986,45.19],[20.042,45.178],[20.065,45.175],[20.185,45.185],[20.222,45.175],[20.257,45.157],[20.289,45.132],[20.346,45.073],[20.357,45.034],[20.333,45.011],[20.304,44.994],[20.298,44.977],[20.303,44.955],[20.319,44.934],[20.397,44.865],[20.408,44.857],[20.455,44.84],[20.514,44.837],[20.546,44.84],[20.58,44.857],[20.595,44.858],[20.624,44.855],[20.636,44.849],[20.639,44.837],[20.628,44.789],[20.628,44.777],[20.633,44.765],[20.644,44.756],[20.672,44.744],[20.685,44.734],[20.72,44.696],[20.742,44.679],[20.764,44.668],[20.826,44.661],[20.883,44.673],[20.99,44.717],[21.078,44.727],[21.103,44.741],[21.112,44.745],[21.126,44.746],[21.151,44.744],[21.164,44.748],[21.172,44.757],[21.179,44.768],[21.189,44.778],[21.222,44.797],[21.269,44.814],[21.319,44.825],[21.36,44.827],[21.378,44.817],[21.395,44.79],[21.412,44.785],[21.497,44.778],[21.558,44.782],[21.578,44.778],[21.595,44.766],[21.604,44.75],[21.61,44.732],[21.619,44.714],[21.656,44.688],[21.705,44.677],[21.756,44.678],[21.801,44.684],[21.838,44.695],[21.855,44.699],[21.872,44.696],[21.962,44.663],[21.994,44.659],[22.004,44.652],[22.032,44.604],[22.039,44.577],[22.055,44.562],[22.067,44.557],[22.076,44.551],[22.086,44.522],[22.104,44.51],[22.126,44.503],[22.148,44.501],[22.172,44.506],[22.185,44.515],[22.299,44.662],[22.304,44.678],[22.319,44.686],[22.361,44.692],[22.38,44.701],[22.415,44.728],[22.426,44.734],[22.45,44.733],[22.468,44.73],[22.483,44.724],[22.553,44.669],[22.587,44.65],[22.621,44.638],[22.699,44.631],[22.714,44.623],[22.765,44.583],[22.759,44.565],[22.741,44.552],[22.719,44.545],[22.699,44.542],[22.678,44.546],[22.642,44.563],[22.621,44.569],[22.6,44.57],[22.58,44.566],[22.565,44.556],[22.559,44.539],[22.556,44.522],[22.548,44.512],[22.535,44.508],[22.5,44.507],[22.484,44.5],[22.479,44.491],[22.477,44.477],[22.476,44.464],[22.5,44.442],[22.506,44.428],[22.503,44.412],[22.522,44.375],[22.549,44.349],[22.582,44.329],[22.621,44.316],[22.662,44.312],[22.681,44.306],[22.689,44.292],[22.685,44.244],[22.69,44.229],[22.906,44.123],[22.942,44.112],[22.988,44.107],[23.031,44.093],[23.04,44.063],[23.022,44.032],[22.988,44.018],[22.966,44.016],[22.926,44.006],[22.905,44.004],[22.885,43.995],[22.874,43.972],[22.85,43.897],[22.851,43.875],[22.863,43.856],[22.888,43.84],[22.919,43.834],[23.131,43.848],[23.161,43.858],[23.196,43.863],[23.234,43.878],[23.325,43.887]],[[23.325,43.887],[23.325,43.887]],[[23.325,43.887],[23.484,43.881],[23.592,43.838],[23.636,43.832],[23.72,43.846],[23.742,43.843],[23.799,43.819],[24.159,43.753],[24.358,43.76],[24.375,43.764],[24.431,43.794],[24.466,43.803],[24.5,43.8],[24.705,43.744],[24.752,43.739],[24.963,43.75],[25.081,43.719],[25.211,43.712],[25.252,43.705],[25.288,43.689],[25.322,43.67],[25.359,43.654],[25.403,43.65],[25.425,43.655],[25.467,43.668],[25.488,43.671],[25.533,43.669],[25.556,43.671],[25.575,43.678],[25.593,43.681],[25.616,43.688],[25.637,43.698],[25.653,43.708],[25.671,43.718],[25.739,43.719],[25.781,43.732],[25.804,43.76],[25.839,43.789],[25.869,43.801],[25.916,43.845],[25.924,43.859],[25.934,43.871],[26.054,43.935],[26.061,43.95],[26.079,43.969],[26.116,43.999],[26.15,44.013],[26.231,44.028],[26.31,44.053],[26.614,44.085],[26.647,44.094],[26.667,44.095],[26.697,44.106],[26.708,44.108],[26.753,44.108],[26.789,44.116],[26.884,44.157],[27.001,44.165],[27.027,44.177],[27.1,44.145],[27.205,44.129],[27.226,44.121],[27.267,44.138],[27.292,44.151],[27.445,44.134],[27.461,44.138],[27.482,44.146],[27.499,44.156],[27.507,44.165],[27.516,44.173],[27.569,44.195],[27.608,44.205],[27.692,44.204],[27.733,44.21],[27.753,44.219],[27.789,44.24],[27.934,44.266],[27.967,44.28],[27.993,44.304],[28.048,44.398],[28.057,44.406],[28.099,44.43],[28.11,44.442],[28.109,44.458],[28.102,44.478],[28.093,44.497],[28.086,44.505],[28.067,44.507],[28.042,44.513],[28.02,44.522],[28.007,44.532],[28.015,44.543],[28.021,44.552],[28.021,44.588],[28.028,44.598],[28.033,44.622],[28.031,44.637],[27.978,44.679],[27.96,44.686],[27.935,44.689],[27.916,44.694],[27.898,44.708],[27.884,44.726],[27.877,44.744],[27.883,44.757],[27.877,44.765],[27.863,44.77],[27.846,44.771],[27.829,44.779],[27.818,44.796],[27.815,44.813],[27.834,44.831],[27.859,44.855],[27.879,44.882],[27.877,44.901],[27.889,44.926],[27.894,44.957],[27.891,44.986],[27.877,45.005],[27.907,45.053],[27.911,45.069],[27.918,45.082],[27.945,45.113],[27.952,45.128],[27.941,45.153],[27.938,45.207],[27.942,45.224],[28.006,45.325],[28.018,45.343],[28.029,45.387],[28.034,45.402],[28.049,45.414],[28.067,45.423],[28.087,45.428],[28.107,45.43],[28.128,45.427],[28.17,45.415],[28.185,45.416],[28.194,45.423],[28.202,45.443],[28.212,45.45],[28.237,45.452],[28.266,45.441],[28.286,45.422],[28.281,45.402],[28.31,45.348],[28.33,45.323],[28.353,45.313],[28.37,45.31],[28.405,45.295],[28.494,45.279],[28.577,45.248],[28.709,45.227],[28.747,45.231]]]}},{"type":"Feature","properties":{"name":"Don","rank":6.0,"kind":"Lake Centerline","src":"ne_10m_rivers_lake_centerlines"},"geometry":{"type":"MultiLineString","coordinates":[[[42.11,47.602],[42.142,47.614],[42.205,47.63],[42.241,47.643],[42.329,47.671],[42.372,47.69],[42.437,47.715],[42.557,47.752],[42.61,47.776],[42.693,47.8],[42.794,47.818],[42.858,47.845],[42.919,47.959],[42.962,48.014],[42.992,48.07],[43.003,48.129],[43.033,48.182],[43.07,48.224],[43.109,48.272],[43.135,48.309],[43.167,48.344],[43.243,48.401],[43.29,48.422],[43.341,48.452],[43.368,48.465],[43.393,48.479],[43.417,48.496],[43.443,48.518],[43.461,48.537],[43.471,48.559],[43.49,48.576],[43.507,48.59],[43.527,48.608],[43.542,48.63],[43.539,48.646],[43.528,48.657],[43.509,48.674],[43.489,48.688],[43.474,48.704],[43.46,48.722],[43.46,48.741],[43.465,48.767],[43.479,48.785],[43.506,48.797],[43.535,48.808],[43.562,48.817],[43.578,48.828],[43.599,48.847],[43.608,48.857],[43.618,48.873],[43.624,48.893],[43.634,48.912],[43.649,48.928],[43.675,48.935],[43.707,48.939],[43.745,48.938],[43.784,48.931],[43.815,48.932],[43.841,48.939],[43.868,48.947],[43.891,48.961],[43.912,48.981],[43.931,49.001],[43.935,49.019],[43.936,49.043],[43.934,49.065],[43.931,49.081],[43.943,49.099],[43.96,49.112],[43.966,49.123],[43.968,49.139],[43.976,49.153],[43.993,49.163],[44.004,49.172],[43.993,49.194],[43.964,49.202],[43.892,49.216],[43.865,49.215],[43.837,49.209],[43.816,49.199],[43.795,49.186],[43.771,49.182],[43.752,49.19],[43.712,49.211],[43.699,49.225],[43.705,49.247],[43.703,49.265],[43.686,49.276],[43.68,49.288],[43.695,49.318],[43.704,49.332],[43.703,49.351],[43.696,49.367],[43.666,49.41],[43.65,49.43],[43.63,49.451],[43.61,49.471],[43.587,49.49],[43.564,49.501],[43.549,49.507]]]}},{"type":"Feature","properties":{"name":"Don","rank":6.0,"kind":"River","src":"ne_10m_rivers_lake_centerlines"},"geometry":{"type":"MultiLineString","coordinates":[[[42.11,47.602],[42.086,47.593],[42.044,47.566],[42.006,47.559],[41.989,47.549],[41.971,47.547],[41.945,47.554],[41.891,47.556],[41.862,47.562],[41.85,47.578],[41.833,47.586],[41.812,47.581],[41.795,47.583],[41.779,47.591],[41.767,47.596],[41.722,47.603],[41.514,47.602],[41.5,47.605],[41.474,47.614],[41.463,47.616],[41.434,47.612],[41.417,47.601],[41.403,47.585],[41.383,47.568],[41.36,47.557],[41.337,47.556],[41.284,47.561],[41.272,47.559],[41.25,47.549],[41.24,47.546],[41.221,47.548],[41.212,47.555],[41.207,47.565],[41.198,47.574],[41.175,47.583],[41.156,47.577],[41.137,47.566],[41.113,47.561],[41.068,47.563],[41.054,47.561],[41.028,47.55],[41.017,47.55],[41.006,47.561],[41.018,47.594],[41.009,47.614],[40.985,47.618],[40.952,47.602],[40.926,47.586],[40.899,47.573],[40.887,47.569],[40.852,47.563],[40.78,47.534],[40.636,47.525],[40.588,47.512],[40.524,47.471],[40.476,47.46],[40.466,47.447],[40.458,47.403],[40.444,47.387],[40.399,47.363],[40.39,47.352],[40.382,47.333],[40.364,47.319],[40.307,47.293],[40.289,47.28],[40.265,47.269],[40.254,47.263],[40.243,47.243],[40.236,47.235],[40.219,47.226],[40.2,47.221],[40.184,47.223],[40.161,47.232],[40.144,47.232],[40.078,47.215],[40.062,47.213],[40.048,47.217],[40.034,47.225],[40.02,47.231],[40.006,47.233],[39.99,47.231],[39.961,47.22],[39.938,47.214],[39.926,47.212],[39.914,47.213],[39.877,47.222],[39.864,47.222],[39.793,47.213],[39.762,47.2],[39.751,47.198],[39.719,47.198],[39.69,47.19],[39.58,47.17],[39.57,47.166],[39.551,47.148],[39.542,47.141],[39.53,47.136],[39.518,47.132],[39.506,47.13],[39.483,47.131],[39.465,47.125],[39.447,47.112],[39.411,47.102],[39.4,47.103],[39.389,47.106],[39.378,47.111]]]}},{"type":"Feature","properties":{"name":"","rank":6.0,"kind":"River","src":"ne_10m_rivers_lake_centerlines"},"geometry":{"type":"MultiLineString","coordinates":[[[24.256,48.322],[24.285,48.31],[24.296,48.307],[24.329,48.31],[24.341,48.307],[24.365,48.285],[24.349,48.251],[24.292,48.191],[24.263,48.139],[24.259,48.126],[24.257,48.112],[24.252,48.101],[24.244,48.091],[24.234,48.083],[24.204,48.061],[24.19,48.048],[24.182,48.035],[24.178,48.018],[24.177,47.996],[24.184,47.985],[24.19,47.968],[24.175,47.947],[24.169,47.938],[24.169,47.924],[24.148,47.912]],[[21.346,48.026],[21.299,48.024],[21.284,48.026],[21.272,48.033],[21.263,48.042],[21.253,48.048],[21.237,48.047],[21.227,48.035],[21.213,48.026],[21.188,48.027],[21.138,48.007],[21.127,47.999],[21.12,47.987],[21.112,47.952],[21.106,47.938],[21.098,47.93],[21.065,47.903],[21.056,47.891],[21.058,47.874],[21.058,47.855],[21.055,47.839],[21.03,47.823]],[[24.148,47.912],[24.131,47.915],[24.094,47.938],[24.074,47.944],[24.025,47.953],[24.008,47.961],[23.977,47.963],[23.876,47.935],[23.855,47.934],[23.848,47.95],[23.796,47.982],[23.78,47.988],[23.71,47.985],[23.687,47.987],[23.646,47.997],[23.581,48.002],[23.563,48.006],[23.258,48.171],[23.221,48.179],[23.177,48.178],[23.134,48.168],[23.07,48.129],[22.935,48.084],[22.92,48.081],[22.902,48.082],[22.887,48.086],[22.875,48.092],[22.86,48.094],[22.84,48.089],[22.801,48.116],[22.78,48.122],[22.765,48.108],[22.745,48.117],[22.728,48.113],[22.711,48.106],[22.693,48.102],[22.621,48.102],[22.608,48.097],[22.59,48.099],[22.579,48.095],[22.568,48.086],[22.562,48.077],[22.553,48.07],[22.489,48.062],[22.467,48.064],[22.449,48.075],[22.435,48.071],[22.42,48.074],[22.395,48.089],[22.383,48.102],[22.364,48.11],[22.34,48.123],[22.325,48.133],[22.324,48.145],[22.327,48.155],[22.315,48.171],[22.289,48.182],[22.278,48.191],[22.284,48.225],[22.278,48.245],[22.268,48.255],[22.255,48.262],[22.243,48.267],[22.256,48.289],[22.257,48.373],[22.271,48.404],[22.236,48.415],[22.201,48.418],[22.169,48.41],[22.137,48.387],[22.1,48.335],[22.079,48.312],[22.052,48.3],[22.023,48.308],[22.011,48.307],[21.971,48.27],[21.943,48.248],[21.929,48.24],[21.909,48.235],[21.846,48.232],[21.831,48.225],[21.813,48.212],[21.794,48.202],[21.778,48.202],[21.766,48.199],[21.69,48.168],[21.671,48.166],[21.652,48.168],[21.613,48.18],[21.596,48.181],[21.559,48.177],[21.495,48.179],[21.476,48.177],[21.461,48.17],[21.447,48.158],[21.435,48.144],[21.428,48.13],[21.426,48.112],[21.432,48.103],[21.439,48.096],[21.443,48.082],[21.432,48.051],[21.407,48.034],[21.373,48.027],[21.339,48.026]],[[21.03,47.823],[21.03,47.823]],[[21.03,47.823],[21.034,47.786],[20.979,47.773],[20.955,47.734],[20.942,47.719],[20.892,47.684],[20.792,47.678],[20.774,47.672],[20.763,47.655],[20.75,47.643],[20.72,47.634],[20.71,47.628],[20.716,47.616],[20.709,47.605],[20.695,47.602],[20.689,47.578],[20.512,47.497],[20.503,47.489],[20.498,47.468],[20.485,47.459],[20.448,47.451],[20.43,47.436],[20.421,47.43],[20.391,47.424],[20.375,47.402],[20.39,47.396],[20.415,47.393],[20.435,47.383],[20.441,47.348],[20.44,47.332],[20.46,47.321],[20.463,47.298],[20.461,47.282],[20.451,47.268],[20.428,47.259],[20.407,47.256],[20.387,47.255],[20.369,47.261],[20.352,47.273],[20.345,47.266],[20.337,47.251],[20.324,47.241],[20.304,47.235],[20.294,47.228],[20.287,47.219],[20.28,47.206],[20.255,47.202],[20.249,47.191],[20.177,47.16],[20.168,47.146],[20.162,47.126],[20.178,47.115],[20.192,47.114],[20.19,47.103],[20.189,47.058],[20.196,47.039],[20.212,47.043],[20.231,47.051],[20.257,47.052],[20.278,47.045],[20.284,47.033],[20.272,47.027],[20.226,47.024],[20.207,47.01],[20.112,46.962],[20.106,46.954],[20.112,46.946],[20.126,46.942],[20.143,46.94],[20.154,46.937],[20.109,46.889],[20.095,46.882],[20.077,46.882],[20.059,46.88],[20.045,46.872],[20.037,46.854],[20.038,46.836],[20.054,46.81],[20.058,46.79],[20.072,46.783],[20.082,46.779],[20.086,46.769],[20.089,46.757],[20.105,46.749],[20.117,46.743],[20.129,46.741],[20.133,46.721],[20.143,46.715],[20.178,46.717],[20.189,46.712],[20.193,46.701],[20.195,46.689],[20.209,46.68],[20.199,46.666],[20.159,46.615],[20.152,46.59],[20.143,46.582],[20.14,46.57],[20.147,46.555],[20.16,46.54],[20.174,46.499],[20.197,46.485],[20.198,46.467],[20.188,46.434],[20.189,46.41],[20.195,46.389],[20.198,46.366],[20.204,46.356],[20.216,46.348],[20.211,46.332],[20.217,46.317],[20.225,46.303],[20.23,46.29],[20.222,46.276],[20.203,46.266],[20.179,46.261]],[[24.866,47.738],[24.849,47.745],[24.794,47.757],[24.751,47.78],[24.715,47.796],[24.669,47.804],[24.621,47.797],[24.581,47.78],[24.562,47.769],[24.539,47.755],[24.506,47.748],[24.472,47.732],[24.448,47.725],[24.426,47.723],[24.389,47.732],[24.351,47.738],[24.314,47.748],[24.294,47.763],[24.283,47.779],[24.251,47.803],[24.236,47.826],[24.21,47.849],[24.198,47.875],[24.183,47.892],[24.148,47.912]]]}},{"type":"Feature","properties":{"name":"Morava","rank":7.0,"kind":"River","src":"ne_10m_rivers_lake_centerlines"},"geometry":{"type":"MultiLineString","coordinates":[[[21.346,42.242],[21.349,42.267],[21.358,42.296],[21.367,42.356],[21.358,42.372],[21.366,42.382],[21.437,42.401],[21.452,42.409],[21.467,42.421],[21.494,42.439],[21.555,42.454],[21.6,42.465],[21.583,42.492],[21.6,42.514],[21.633,42.525],[21.668,42.52],[21.685,42.505],[21.701,42.483],[21.717,42.474],[21.736,42.472],[21.755,42.474],[21.772,42.479],[21.792,42.475],[21.82,42.485],[21.922,42.542],[21.956,42.575],[22.015,42.619],[22.032,42.637],[22.041,42.655],[22.057,42.712],[22.125,42.846],[22.128,42.861],[22.123,42.873],[22.056,42.934],[22.041,42.954],[22.045,42.966],[22.04,42.98],[22.036,43.009],[22.03,43.022],[22.018,43.03],[21.992,43.043],[21.982,43.053],[21.96,43.105],[21.95,43.12],[21.849,43.216],[21.841,43.229],[21.828,43.267],[21.819,43.278],[21.799,43.305],[21.792,43.312],[21.79,43.326],[21.778,43.339],[21.78,43.355],[21.777,43.369],[21.764,43.394],[21.777,43.41],[21.758,43.435],[21.756,43.446],[21.754,43.468],[21.76,43.491],[21.751,43.507],[21.733,43.522],[21.716,43.531],[21.697,43.535],[21.654,43.539],[21.641,43.545],[21.643,43.557],[21.635,43.572],[21.623,43.587],[21.587,43.594],[21.572,43.606],[21.562,43.606],[21.554,43.613],[21.545,43.618],[21.531,43.614],[21.52,43.619],[21.502,43.616],[21.49,43.614],[21.494,43.623],[21.503,43.628],[21.49,43.633],[21.487,43.645],[21.483,43.661],[21.47,43.668],[21.463,43.654],[21.432,43.655],[21.42,43.659],[21.414,43.67],[21.406,43.711],[21.4,43.723],[21.384,43.724],[21.367,43.765],[21.368,43.784],[21.374,43.798],[21.355,43.799],[21.339,43.806],[21.353,43.831],[21.36,43.84],[21.349,43.848],[21.347,43.862],[21.345,43.879],[21.339,43.894],[21.352,43.897],[21.347,43.916],[21.346,43.929],[21.351,43.938],[21.374,43.95],[21.362,43.956],[21.354,43.966],[21.36,43.976],[21.345,43.978],[21.336,43.989],[21.334,44.004],[21.339,44.018],[21.329,44.024],[21.315,44.017],[21.298,44.024],[21.284,44.046],[21.212,44.068],[21.195,44.079],[21.189,44.127],[21.184,44.14],[21.172,44.15],[21.161,44.154],[21.147,44.153],[21.14,44.162],[21.138,44.175],[21.139,44.185],[21.155,44.195],[21.134,44.21],[21.155,44.21],[21.147,44.217],[21.153,44.229],[21.147,44.244],[21.168,44.251],[21.152,44.263],[21.134,44.287],[21.12,44.292],[21.127,44.305],[21.12,44.313],[21.137,44.312],[21.142,44.326],[21.127,44.333],[21.132,44.345],[21.119,44.355],[21.11,44.371],[21.115,44.383],[21.12,44.395],[21.124,44.411],[21.131,44.426],[21.146,44.435],[21.174,44.436],[21.165,44.448],[21.147,44.456],[21.155,44.477],[21.165,44.473],[21.174,44.477],[21.162,44.483],[21.159,44.5],[21.147,44.501],[21.143,44.51],[21.135,44.522],[21.12,44.525],[21.134,44.541],[21.141,44.551],[21.14,44.564],[21.134,44.58],[21.125,44.593],[21.106,44.601],[21.085,44.601],[21.088,44.62],[21.066,44.644],[21.079,44.655],[21.059,44.671],[21.053,44.68],[21.056,44.692],[21.047,44.697],[21.037,44.711],[21.037,44.722]]]}},{"type":"Feature","properties":{"name":"Evros","rank":7.0,"kind":"River","src":"ne_10m_rivers_lake_centerlines"},"geometry":{"type":"MultiLineString","coordinates":[[[23.676,42.278],[23.691,42.29],[23.725,42.31],[23.741,42.322],[23.756,42.325],[23.827,42.318],[23.858,42.32],[23.874,42.314],[23.886,42.301],[23.901,42.296],[23.914,42.282],[23.918,42.265],[24.003,42.225],[24.022,42.222],[24.036,42.224],[24.048,42.227],[24.071,42.236],[24.089,42.242],[24.109,42.242],[24.134,42.232],[24.146,42.23],[24.207,42.23],[24.231,42.225],[24.377,42.166],[24.388,42.157],[24.405,42.15],[24.481,42.151],[24.505,42.147],[24.536,42.159],[24.933,42.161],[24.947,42.167],[24.958,42.16],[24.974,42.155],[24.987,42.16],[24.998,42.161],[25.01,42.157],[25.02,42.151],[25.03,42.149],[25.06,42.167],[25.096,42.173],[25.115,42.181],[25.126,42.172],[25.142,42.167],[25.153,42.16],[25.149,42.147],[25.167,42.144],[25.193,42.125],[25.214,42.12],[25.226,42.124],[25.242,42.138],[25.257,42.133],[25.293,42.133],[25.309,42.131],[25.365,42.113],[25.387,42.114],[25.398,42.113],[25.417,42.102],[25.429,42.1],[25.44,42.1],[25.45,42.099],[25.502,42.069],[25.523,42.065],[25.601,42.072],[25.634,42.067],[25.739,42.024],[25.756,42.022],[25.811,42.024],[25.841,42.041],[25.852,42.044],[25.862,42.041],[25.874,42.033],[25.884,42.024],[25.896,41.998],[25.899,41.978],[25.905,41.962],[25.921,41.955],[25.929,41.948],[25.957,41.912],[25.972,41.901],[25.991,41.895],[26.006,41.893],[26.043,41.893],[26.062,41.888],[26.078,41.874],[26.102,41.846],[26.127,41.832],[26.136,41.824],[26.153,41.82],[26.157,41.8],[26.191,41.774],[26.198,41.766],[26.211,41.751],[26.226,41.75],[26.261,41.723],[26.273,41.715],[26.294,41.711],[26.359,41.715],[26.377,41.711],[26.404,41.692],[26.442,41.685],[26.46,41.679],[26.476,41.676],[26.492,41.681],[26.494,41.671],[26.534,41.667],[26.561,41.655],[26.58,41.636],[26.595,41.613],[26.596,41.598],[26.602,41.585],[26.597,41.574],[26.601,41.548],[26.595,41.538],[26.606,41.523],[26.61,41.506],[26.615,41.469],[26.632,41.42],[26.636,41.4],[26.636,41.379],[26.631,41.358],[26.622,41.341],[26.609,41.331],[26.591,41.33],[26.569,41.334],[26.55,41.342],[26.54,41.352],[26.489,41.311],[26.478,41.31],[26.471,41.302],[26.438,41.284],[26.412,41.266],[26.395,41.259],[26.331,41.254],[26.32,41.246],[26.335,41.229],[26.325,41.207],[26.321,41.188],[26.324,41.17],[26.335,41.153],[26.317,41.131],[26.332,41.119],[26.322,41.089],[26.325,41.074],[26.339,41.052],[26.347,41.041],[26.374,41.031],[26.375,41.02],[26.368,41.008],[26.359,41.003],[26.344,41.001],[26.333,40.991],[26.346,40.972],[26.356,40.968],[26.349,40.955],[26.334,40.946],[26.306,40.936],[26.294,40.927],[26.303,40.916],[26.29,40.906],[26.275,40.911],[26.266,40.921],[26.252,40.901],[26.246,40.892],[26.232,40.886],[26.226,40.9],[26.226,40.889],[26.211,40.88],[26.218,40.872],[26.208,40.869],[26.205,40.859],[26.211,40.848],[26.158,40.812],[26.143,40.794],[26.134,40.767],[26.112,40.747],[26.081,40.736],[26.044,40.738]]]}},{"type":"Feature","properties":{"name":"Donets","rank":7.0,"kind":"River","src":"ne_10m_rivers_lake_centerlines"},"geometry":{"type":"MultiLineString","coordinates":[[[36.95,50.98],[36.93,50.973],[36.888,50.966],[36.871,50.957],[36.861,50.94],[36.84,50.894],[36.83,50.885],[36.821,50.879],[36.732,50.805],[36.717,50.795],[36.722,50.775],[36.707,50.76],[36.686,50.748],[36.676,50.737],[36.671,50.718],[36.634,50.665],[36.616,50.611],[36.603,50.593],[36.6,50.576],[36.608,50.554],[36.628,50.52],[36.663,50.48],[36.668,50.463],[36.677,50.453],[36.73,50.432],[36.779,50.384],[36.796,50.377],[36.803,50.365],[36.805,50.355],[36.807,50.331],[36.847,50.288],[36.852,50.279],[36.854,50.264],[36.844,50.254],[36.833,50.237],[36.833,50.199],[36.826,50.162],[36.812,50.122],[36.803,50.081],[36.812,50.041],[36.827,50.025],[36.861,50.003],[36.873,49.976],[36.886,49.964],[36.948,49.92],[36.964,49.905],[36.967,49.894],[36.955,49.879],[36.936,49.844],[36.922,49.829],[36.862,49.813],[36.745,49.86],[36.696,49.849],[36.699,49.833],[36.684,49.816],[36.661,49.803],[36.641,49.795],[36.63,49.793],[36.605,49.796],[36.594,49.795],[36.582,49.789],[36.552,49.76],[36.538,49.742],[36.529,49.724],[36.518,49.709],[36.498,49.698],[36.486,49.696],[36.465,49.694],[36.448,49.686],[36.433,49.671],[36.422,49.664],[36.406,49.671],[36.38,49.675],[36.357,49.674],[36.347,49.661],[36.344,49.643],[36.333,49.604],[36.333,49.589],[36.343,49.577],[36.362,49.563],[36.383,49.553],[36.398,49.548],[36.418,49.546],[36.466,49.534],[36.484,49.527],[36.515,49.508],[36.536,49.502],[36.575,49.517],[36.597,49.505],[36.634,49.473],[36.646,49.469],[36.682,49.466],[36.693,49.461],[36.715,49.448],[36.748,49.44],[36.771,49.413],[36.792,49.404],[36.812,49.409],[36.829,49.423],[36.845,49.431],[36.864,49.421],[36.881,49.409],[36.898,49.407],[36.916,49.407],[36.936,49.404],[36.971,49.39],[36.99,49.386],[37.039,49.382],[37.059,49.377],[37.077,49.368],[37.093,49.356],[37.108,49.34],[37.124,49.332],[37.135,49.331],[37.149,49.319],[37.146,49.306],[37.139,49.299],[37.129,49.295],[37.117,49.294],[37.108,49.292],[37.097,49.279],[37.086,49.274],[37.001,49.299],[36.956,49.304],[36.95,49.28],[36.926,49.276],[36.917,49.262],[36.921,49.246],[36.944,49.232],[36.934,49.215],[36.917,49.199],[36.908,49.192],[36.916,49.177],[36.935,49.171],[36.992,49.17],[37.022,49.164],[37.034,49.167],[37.05,49.177],[37.06,49.178],[37.083,49.156],[37.093,49.151],[37.138,49.157],[37.172,49.14],[37.21,49.151],[37.248,49.159],[37.255,49.169],[37.258,49.195],[37.263,49.215],[37.276,49.213],[37.29,49.2],[37.299,49.185],[37.301,49.15],[37.306,49.131],[37.323,49.123],[37.364,49.123],[37.39,49.116],[37.402,49.116],[37.411,49.106],[37.42,49.1],[37.464,49.08],[37.474,49.068],[37.475,49.053],[37.498,49.03],[37.525,49.022],[37.552,49.025],[37.567,49.034],[37.58,49.043],[37.6,49.048],[37.622,49.046],[37.639,49.037],[37.651,49.02],[37.631,49.014],[37.615,49.006],[37.619,48.997],[37.628,48.986],[37.614,48.975],[37.608,48.965],[37.66,48.96],[37.714,48.959],[37.751,48.931],[37.755,48.921],[37.757,48.909],[37.762,48.898],[37.772,48.89],[37.802,48.901],[37.885,48.887],[37.923,48.89],[37.94,48.911],[37.95,48.918],[37.961,48.918],[37.972,48.913],[37.982,48.907],[37.991,48.904],[38.01,48.906],[38.024,48.914],[38.046,48.937],[38.171,48.932],[38.21,48.924],[38.218,48.93],[38.231,48.952],[38.247,48.954],[38.252,48.966],[38.244,48.976],[38.241,49.011],[38.249,49.022],[38.272,49.028],[38.309,49.02],[38.344,48.999],[38.512,48.862],[38.569,48.83],[38.584,48.818],[38.625,48.777],[38.642,48.767],[38.681,48.76],[38.706,48.758],[38.73,48.77],[38.757,48.766],[38.8,48.753],[38.82,48.751],[38.886,48.753],[38.897,48.751],[38.917,48.742],[38.927,48.74],[38.962,48.747],[38.984,48.733],[38.99,48.714],[38.997,48.698],[39.016,48.691],[39.026,48.661],[39.031,48.652],[39.042,48.646],[39.056,48.644],[39.067,48.643],[39.109,48.65],[39.133,48.674],[39.161,48.682],[39.19,48.699],[39.211,48.705],[39.23,48.7],[39.24,48.7],[39.247,48.719],[39.257,48.737],[39.268,48.751],[39.287,48.759],[39.309,48.765],[39.324,48.767],[39.335,48.761],[39.361,48.73],[39.368,48.719],[39.369,48.703],[39.376,48.685],[39.41,48.671],[39.468,48.659],[39.516,48.637],[39.527,48.607],[39.536,48.592],[39.555,48.595],[39.616,48.587],[39.67,48.589],[39.69,48.594],[39.809,48.584],[39.835,48.574],[39.855,48.556],[39.862,48.53],[39.866,48.517],[39.865,48.502],[39.846,48.5],[39.844,48.484],[39.854,48.476],[39.864,48.47],[39.896,48.424],[39.906,48.399],[39.914,48.385],[39.924,48.376]],[[39.924,48.369],[40.092,48.369],[40.103,48.366],[40.129,48.352],[40.143,48.348],[40.157,48.35],[40.184,48.355],[40.198,48.355],[40.209,48.352],[40.227,48.343],[40.257,48.337],[40.301,48.315],[40.322,48.307],[40.366,48.31],[40.377,48.307],[40.382,48.296],[40.377,48.287],[40.371,48.278],[40.383,48.266],[40.396,48.265],[40.421,48.267],[40.432,48.264],[40.441,48.259],[40.458,48.245],[40.472,48.236],[40.49,48.229],[40.506,48.233],[40.513,48.256],[40.514,48.27],[40.53,48.29],[40.541,48.295],[40.549,48.287],[40.556,48.274],[40.568,48.259],[40.592,48.268],[40.614,48.215],[40.633,48.215],[40.642,48.22],[40.665,48.224],[40.719,48.253],[40.744,48.252],[40.754,48.241],[40.753,48.202],[40.751,48.19],[40.739,48.167],[40.736,48.155],[40.719,48.148],[40.7,48.119],[40.711,48.111],[40.734,48.108],[40.757,48.099],[40.767,48.096],[40.781,48.095],[40.795,48.092],[40.815,48.054],[40.831,48.034],[40.847,48.024],[40.867,48.02],[40.897,48.02],[40.917,48.012],[40.966,47.958],[40.986,47.942],[40.997,47.928],[41.014,47.89],[41.023,47.878],[41.027,47.862],[41.024,47.85],[41.02,47.838],[41.027,47.828],[41.061,47.817],[41.068,47.802],[41.06,47.791],[41.04,47.773],[41.03,47.753],[41.082,47.753],[41.063,47.716],[41.05,47.699],[41.037,47.691],[41.017,47.695],[41.002,47.701],[40.989,47.702],[40.973,47.691],[40.967,47.709],[40.955,47.709],[40.94,47.7],[40.931,47.691],[40.942,47.673],[40.941,47.656],[40.93,47.643],[40.91,47.637],[40.897,47.63],[40.891,47.621],[40.89,47.609],[40.915,47.594],[40.925,47.588]]]}},{"type":"Feature","properties":{"name":"Kiz?lirmak","rank":7.0,"kind":"River","src":"ne_10m_rivers_lake_centerlines"},"geometry":{"type":"MultiLineString","coordinates":[[[37.661,39.88],[37.479,39.869],[37.175,39.798],[37.14,39.794],[37.002,39.753],[36.918,39.712],[36.9,39.709],[36.891,39.713],[36.885,39.727],[36.861,39.738],[36.838,39.733],[36.814,39.726],[36.792,39.723],[36.753,39.722],[36.735,39.72],[36.695,39.706],[36.635,39.698],[36.614,39.691],[36.599,39.682],[36.571,39.657],[36.536,39.637],[36.464,39.609],[36.434,39.586],[36.409,39.557],[36.404,39.548],[36.395,39.523],[36.384,39.507],[36.372,39.495],[36.253,39.41],[36.203,39.383],[36.162,39.352],[36.112,39.325],[36.097,39.313],[36.066,39.276],[36.049,39.266],[35.993,39.249],[35.976,39.24],[35.962,39.231],[35.951,39.218],[35.956,39.196],[35.947,39.175],[35.935,39.166],[35.859,39.134],[35.846,39.126],[35.833,39.114],[35.811,39.087],[35.799,39.076],[35.77,39.069],[35.754,39.061],[35.74,39.048],[35.69,39.034],[35.561,39.041],[35.549,39.012],[35.526,38.987],[35.496,38.971],[35.464,38.97],[35.427,38.976],[35.39,38.976],[35.356,38.971],[35.318,38.958],[35.291,38.935],[35.292,38.902],[35.28,38.895],[35.254,38.891],[35.241,38.887],[35.231,38.879],[35.206,38.854],[35.162,38.829],[35.092,38.8],[35.048,38.77],[35.024,38.759],[35.006,38.755],[34.97,38.756],[34.95,38.752],[34.92,38.742],[34.905,38.739],[34.871,38.74],[34.807,38.752],[34.763,38.775],[34.751,38.778],[34.726,38.781],[34.657,38.773],[34.634,38.774],[34.613,38.779],[34.594,38.788],[34.542,38.821],[34.529,38.828],[34.369,38.863],[34.355,38.869],[34.346,38.878],[34.33,38.899],[34.317,38.908],[34.275,38.928],[34.235,38.956],[34.219,38.963],[34.202,38.966],[34.188,38.975],[34.183,39.001],[34.156,39.023],[34.104,39.029],[34.079,39.036],[34.023,39.064],[33.991,39.069],[33.961,39.063],[33.947,39.07],[33.93,39.091],[33.918,39.101],[33.902,39.106],[33.845,39.105],[33.809,39.11],[33.673,39.17],[33.542,39.275],[33.518,39.299],[33.505,39.309],[33.465,39.32],[33.455,39.327],[33.451,39.341],[33.453,39.373],[33.445,39.387],[33.434,39.393],[33.408,39.399],[33.399,39.407],[33.395,39.426],[33.407,39.495],[33.404,39.51],[33.406,39.53],[33.421,39.559],[33.425,39.569],[33.433,39.603],[33.44,39.619],[33.452,39.632],[33.478,39.64],[33.489,39.646],[33.489,39.659],[33.461,39.67],[33.446,39.681],[33.464,39.692],[33.473,39.707],[33.48,39.726],[33.485,39.78],[33.464,39.797],[33.465,39.808],[33.48,39.817],[33.479,39.828],[33.464,39.837],[33.443,39.852],[33.429,39.86],[33.418,39.871],[33.414,39.893],[33.417,39.909],[33.424,39.921],[33.425,39.933],[33.414,39.947],[33.432,39.961],[33.442,39.981],[33.447,40.006],[33.451,40.063],[33.461,40.083],[33.478,40.098],[33.544,40.135],[33.563,40.153],[33.572,40.176],[33.574,40.201],[33.583,40.22],[33.599,40.235],[33.62,40.249],[33.612,40.262],[33.626,40.273],[33.626,40.29],[33.639,40.286],[33.651,40.294],[33.66,40.311],[33.66,40.331],[33.676,40.331],[33.7,40.337],[33.715,40.338],[33.755,40.331],[33.824,40.339],[33.852,40.347],[33.866,40.359],[33.887,40.352],[33.911,40.357],[33.934,40.36],[33.955,40.345],[33.989,40.358],[34.0,40.366],[34.01,40.379],[34.032,40.401],[34.037,40.411],[34.03,40.42],[34.054,40.431],[34.113,40.482],[34.122,40.476],[34.172,40.481],[34.2,40.485],[34.227,40.484],[34.241,40.486],[34.27,40.498],[34.353,40.553],[34.405,40.569],[34.452,40.596],[34.492,40.611],[34.503,40.616],[34.522,40.629],[34.533,40.634],[34.545,40.637],[34.617,40.637],[34.632,40.64],[34.646,40.646],[34.654,40.653],[34.665,40.669],[34.672,40.676],[34.706,40.694],[34.72,40.707],[34.716,40.721],[34.724,40.732],[34.75,40.749],[34.765,40.756],[34.778,40.77],[34.805,40.79],[34.814,40.803],[34.829,40.811],[34.844,40.817],[34.856,40.832],[34.863,40.851],[34.866,40.869],[34.862,40.878],[34.843,40.879],[34.842,40.892],[34.866,40.906],[34.857,40.911],[34.853,40.921],[34.856,40.931],[34.853,40.947],[34.844,40.964],[34.833,40.975],[34.815,40.982],[34.798,40.984],[34.781,40.989],[34.766,41.002],[34.746,40.987],[34.727,40.986],[34.463,41.101],[34.445,41.112],[34.437,41.127],[34.451,41.141],[34.47,41.147],[34.492,41.147],[34.553,41.14],[34.742,41.145],[34.755,41.149],[34.765,41.157],[34.784,41.162],[34.808,41.175],[34.858,41.221],[34.876,41.233],[34.883,41.246],[34.885,41.263],[34.904,41.279],[34.927,41.288],[34.942,41.3],[34.935,41.318],[34.944,41.326],[34.954,41.33],[34.979,41.331],[34.991,41.335],[35.024,41.359],[35.077,41.374],[35.102,41.385],[35.113,41.4],[35.124,41.392],[35.133,41.377],[35.139,41.359],[35.141,41.341],[35.147,41.332],[35.163,41.324],[35.196,41.311],[35.185,41.299],[35.194,41.293],[35.24,41.289],[35.265,41.271],[35.296,41.258],[35.34,41.255],[35.383,41.26],[35.413,41.276],[35.437,41.314],[35.452,41.325],[35.477,41.321],[35.497,41.309],[35.52,41.31],[35.556,41.322],[35.573,41.33],[35.613,41.36],[35.626,41.364],[35.696,41.372],[35.743,41.369],[35.759,41.371],[35.773,41.377],[35.783,41.386],[35.798,41.41],[35.807,41.421],[35.828,41.432],[35.841,41.437],[35.841,41.447],[35.847,41.462],[35.841,41.477],[35.842,41.5],[35.846,41.514],[35.897,41.587],[35.911,41.616],[35.915,41.646]]]}},{"type":"Feature","properties":{"name":"Bratul Chillia","rank":2.0,"kind":"River","src":"ne_10m_rivers_lake_centerlines"},"geometry":{"type":"MultiLineString","coordinates":[[[29.659,45.216],[29.666,45.231],[29.659,45.244],[29.672,45.273],[29.667,45.312],[29.65,45.346],[29.628,45.361],[29.616,45.366],[29.569,45.395],[29.43,45.431],[29.353,45.436],[29.343,45.438],[29.332,45.442],[29.322,45.444],[29.312,45.44],[29.299,45.429],[29.281,45.423],[29.26,45.422],[29.244,45.424],[29.228,45.424],[29.206,45.416],[29.191,45.407],[29.183,45.399],[29.174,45.389],[29.15,45.388],[29.127,45.375],[29.11,45.369],[29.069,45.361],[29.018,45.331],[29.004,45.326],[28.982,45.326],[28.966,45.32],[28.96,45.312],[28.957,45.292],[28.929,45.279],[28.909,45.288],[28.893,45.3],[28.88,45.306],[28.858,45.309],[28.831,45.323],[28.816,45.326],[28.789,45.322],[28.788,45.307],[28.79,45.292],[28.761,45.282],[28.762,45.265],[28.774,45.254],[28.802,45.244],[28.791,45.235],[28.778,45.231],[28.747,45.231],[28.755,45.222],[28.795,45.203],[28.795,45.19],[28.805,45.182],[28.821,45.194],[28.847,45.196],[28.862,45.192],[28.883,45.18]]]}},{"type":"Feature","properties":{"name":"Atrek","rank":7.0,"kind":"River","src":"ne_10m_rivers_lake_centerlines"},"geometry":{"type":"MultiLineString","coordinates":[[[58.909,37.124],[58.893,37.13],[58.867,37.16],[58.85,37.172],[58.809,37.186],[58.786,37.191],[58.766,37.193],[58.738,37.192],[58.721,37.189],[58.709,37.18],[58.693,37.165],[58.623,37.127],[58.539,37.124],[58.453,37.141],[58.378,37.165],[58.362,37.173],[58.341,37.185],[58.324,37.199],[58.316,37.21],[58.241,37.262],[58.203,37.271],[58.191,37.274],[58.182,37.278],[58.173,37.292],[58.165,37.306],[58.146,37.322],[58.046,37.38],[57.553,37.486],[57.536,37.494],[57.524,37.51],[57.516,37.518],[57.489,37.528],[57.433,37.57],[57.386,37.623],[57.367,37.631],[57.341,37.632],[57.329,37.635],[57.307,37.648],[57.294,37.647],[57.283,37.644],[57.265,37.652],[57.254,37.667],[57.237,37.676],[57.213,37.679],[57.032,37.665],[57.005,37.67],[56.986,37.681],[56.968,37.694],[56.946,37.707],[56.904,37.717],[56.689,37.72],[56.651,37.74],[56.59,37.755],[56.577,37.764],[56.539,37.806],[56.523,37.817],[56.479,37.832],[56.389,37.849],[56.377,37.854],[56.368,37.869],[56.326,37.88],[56.296,37.92],[56.251,37.933],[56.201,37.935],[56.165,37.925],[56.146,37.934],[55.947,37.916],[55.903,37.902],[55.812,37.893],[55.788,37.884],[55.772,37.891],[55.754,37.892],[55.743,37.9],[55.733,37.912],[55.718,37.916],[55.68,37.923],[55.644,37.942],[55.607,37.952],[55.541,37.96],[55.497,37.958],[55.487,37.96],[55.472,37.969],[55.449,37.99],[55.435,37.994],[55.417,37.997],[55.386,38.012],[55.366,38.015],[55.296,38.008],[55.25,37.996],[55.228,37.986],[55.219,37.97],[55.207,37.966],[55.149,37.958],[55.13,37.953],[55.121,37.945],[55.11,37.927],[55.103,37.919],[55.092,37.916],[55.078,37.914],[55.066,37.909],[55.061,37.895],[55.053,37.885],[55.006,37.843],[54.856,37.761],[54.826,37.736],[54.813,37.719],[54.808,37.703],[54.803,37.683],[54.787,37.652],[54.788,37.631],[54.803,37.617],[54.809,37.604],[54.808,37.58],[54.805,37.565],[54.791,37.54],[54.788,37.525],[54.758,37.501],[54.71,37.476],[54.698,37.467],[54.673,37.477],[54.646,37.479],[54.562,37.467],[54.512,37.45],[54.462,37.442],[54.401,37.422],[54.373,37.418],[54.26,37.418],[54.243,37.409],[54.221,37.404],[54.199,37.406],[54.172,37.42],[54.153,37.425],[54.143,37.432],[54.137,37.441],[54.129,37.46],[54.075,37.472],[54.007,37.458],[53.944,37.433],[53.905,37.406]]]}},{"type":"Feature","properties":{"name":"Bratul Sfintu Gheorghe","rank":2.0,"kind":"River","src":"ne_10m_rivers_lake_centerlines"},"geometry":{"type":"MultiLineString","coordinates":[[[28.883,45.18],[28.931,45.159],[28.963,45.141],[29.028,45.119],[29.052,45.115],[29.107,45.085],[29.139,45.073],[29.158,45.087],[29.138,45.092],[29.13,45.101],[29.154,45.113],[29.169,45.117],[29.182,45.111],[29.205,45.092],[29.206,45.066],[29.195,45.063],[29.196,45.05],[29.21,45.042],[29.269,45.035],[29.281,45.039],[29.281,45.026],[29.295,45.018],[29.291,45.009],[29.302,44.997],[29.313,44.97],[29.329,44.98],[29.343,44.981],[29.352,44.972],[29.365,44.973],[29.38,44.983],[29.392,44.984],[29.384,44.974],[29.379,44.963],[29.395,44.95],[29.425,44.97],[29.441,44.973],[29.456,44.97],[29.524,44.944],[29.611,44.888]]]}},{"type":"Feature","properties":{"name":"Bratul Sulina","rank":2.0,"kind":"River","src":"ne_10m_rivers_lake_centerlines"},"geometry":{"type":"MultiLineString","coordinates":[[[28.883,45.18],[28.946,45.195],[28.969,45.197],[28.98,45.193],[28.999,45.179],[29.011,45.175],[29.484,45.169],[29.505,45.18],[29.516,45.183],[29.525,45.189],[29.54,45.188],[29.546,45.179],[29.58,45.169],[29.655,45.161],[29.682,45.149]]]}},{"type":"Feature","properties":{"name":"Borcea","rank":2.0,"kind":"River","src":"ne_10m_rivers_lake_centerlines"},"geometry":{"type":"MultiLineString","coordinates":[[[27.292,44.151],[27.328,44.185],[27.349,44.195],[27.36,44.196],[27.379,44.194],[27.39,44.195],[27.403,44.203],[27.461,44.214],[27.64,44.27],[27.65,44.275],[27.684,44.315],[27.698,44.326],[27.734,44.335],[27.806,44.343],[27.836,44.361],[27.856,44.392],[27.869,44.408],[27.887,44.415],[27.909,44.42],[27.928,44.433],[27.939,44.453],[27.938,44.477],[27.928,44.492],[27.908,44.497],[27.896,44.502],[27.899,44.514],[27.907,44.525],[27.922,44.54],[27.925,44.552],[27.918,44.566],[27.924,44.582],[27.938,44.593],[27.93,44.604],[27.925,44.62],[27.925,44.631],[27.935,44.64],[27.929,44.648],[27.908,44.659],[27.9,44.678],[27.864,44.718],[27.863,44.73],[27.877,44.744]]]}},{"type":"Feature","properties":{"name":"Prut","rank":7.0,"kind":"River","src":"ne_10m_rivers_lake_centerlines"},"geometry":{"type":"MultiLineString","coordinates":[[[24.584,48.292],[24.584,48.336],[24.581,48.351],[24.572,48.361],[24.571,48.375],[24.598,48.389],[24.617,48.415],[24.6,48.421],[24.573,48.421],[24.555,48.424],[24.553,48.444],[24.571,48.468],[24.61,48.505],[24.617,48.526],[24.641,48.542],[24.705,48.551],[24.827,48.58],[24.871,48.583],[24.9,48.582],[24.929,48.578],[24.956,48.569],[24.981,48.555],[25.013,48.528],[25.023,48.524],[25.027,48.507],[25.049,48.494],[25.075,48.494],[25.122,48.499],[25.193,48.482],[25.227,48.468],[25.257,48.462],[25.288,48.461],[25.307,48.465],[25.343,48.454],[25.465,48.465],[25.499,48.458],[25.517,48.453],[25.536,48.451],[25.551,48.449],[25.565,48.443],[25.591,48.426],[25.645,48.377],[25.674,48.364],[25.716,48.366],[25.752,48.378],[25.764,48.381],[25.778,48.38],[25.79,48.376],[25.813,48.365],[25.824,48.36],[25.858,48.357],[25.87,48.354],[25.896,48.336],[25.908,48.33],[25.944,48.322],[25.979,48.308],[26.074,48.25],[26.097,48.245],[26.145,48.249],[26.168,48.245],[26.211,48.227],[26.233,48.221],[26.275,48.22],[26.311,48.21],[26.33,48.209],[26.347,48.212],[26.38,48.223],[26.397,48.226],[26.444,48.228],[26.461,48.231],[26.587,48.25],[26.665,48.274],[26.688,48.275],[26.711,48.262],[26.722,48.26],[26.733,48.271],[26.744,48.256],[26.763,48.253],[26.804,48.259],[26.821,48.253],[26.844,48.234],[26.855,48.238],[26.897,48.209],[26.907,48.185],[26.917,48.188],[26.928,48.199],[26.938,48.205],[26.95,48.198],[26.955,48.186],[26.963,48.176],[26.997,48.167],[26.986,48.151],[26.966,48.15],[26.993,48.133],[27.012,48.128],[27.025,48.135],[27.042,48.128],[27.047,48.117],[27.036,48.108],[27.041,48.078],[27.059,48.058],[27.083,48.044],[27.109,48.034],[27.088,48.02],[27.093,48.009],[27.121,48.013],[27.134,48.001],[27.143,47.987],[27.157,47.992],[27.168,47.983],[27.162,47.965],[27.15,47.958],[27.171,47.947],[27.178,47.938],[27.16,47.922],[27.171,47.913],[27.194,47.904],[27.212,47.89],[27.213,47.854],[27.222,47.843],[27.234,47.84],[27.245,47.837],[27.253,47.828],[27.219,47.814],[27.231,47.807],[27.244,47.793],[27.256,47.778],[27.264,47.765],[27.282,47.756],[27.291,47.743],[27.289,47.732],[27.294,47.718],[27.271,47.715],[27.281,47.693],[27.303,47.667],[27.369,47.609],[27.397,47.589],[27.428,47.581],[27.435,47.56],[27.44,47.55],[27.441,47.537],[27.456,47.534],[27.466,47.507],[27.473,47.492],[27.483,47.486],[27.497,47.483],[27.507,47.478],[27.532,47.478],[27.548,47.475],[27.563,47.469],[27.575,47.461],[27.583,47.451],[27.569,47.439],[27.565,47.429],[27.562,47.417],[27.58,47.406],[27.572,47.375],[27.586,47.369],[27.6,47.361],[27.623,47.322],[27.636,47.307],[27.671,47.3],[27.682,47.295],[27.697,47.288],[27.722,47.284],[27.733,47.276],[27.753,47.252],[27.752,47.239],[27.762,47.227],[27.788,47.205],[27.8,47.177],[27.807,47.163],[27.794,47.156],[27.806,47.145],[27.849,47.129],[27.843,47.115],[27.857,47.11],[27.866,47.105],[27.897,47.082],[27.925,47.069],[27.938,47.061],[27.938,47.047],[27.963,47.044],[27.986,47.033],[28.008,47.027],[28.027,47.033],[28.037,47.017],[28.069,46.989],[28.082,46.972],[28.102,46.935],[28.105,46.918],[28.096,46.903],[28.113,46.895],[28.114,46.884],[28.113,46.872],[28.124,46.862],[28.121,46.835],[28.137,46.806],[28.178,46.759],[28.177,46.74],[28.233,46.663],[28.244,46.636],[28.247,46.621],[28.247,46.607],[28.24,46.597],[28.23,46.584],[28.225,46.57],[28.233,46.553],[28.224,46.549],[28.219,46.504],[28.233,46.478],[28.245,46.476],[28.247,46.436],[28.24,46.421],[28.226,46.416],[28.233,46.402],[28.219,46.394],[28.207,46.358],[28.19,46.351],[28.191,46.324],[28.192,46.311],[28.177,46.287],[28.165,46.279],[28.156,46.276],[28.144,46.273],[28.135,46.27],[28.134,46.246],[28.12,46.238],[28.108,46.234],[28.129,46.205],[28.141,46.192],[28.133,46.16],[28.127,46.136],[28.1,46.082],[28.09,46.074],[28.096,46.065],[28.084,46.025],[28.082,46.015],[28.086,46.001],[28.11,45.951],[28.112,45.939],[28.12,45.927],[28.122,45.911],[28.117,45.896],[28.129,45.875],[28.114,45.86],[28.113,45.826],[28.128,45.795],[28.146,45.771],[28.155,45.762],[28.163,45.662],[28.161,45.646],[28.167,45.633],[28.153,45.628],[28.12,45.628],[28.107,45.625],[28.091,45.616],[28.074,45.605],[28.062,45.594],[28.117,45.573],[28.14,45.56],[28.157,45.539],[28.164,45.531],[28.165,45.495],[28.172,45.485],[28.212,45.45]]]}},{"type":"Feature","properties":{"name":"Kuban","rank":7.0,"kind":"River","src":"ne_10m_rivers_lake_centerlines"},"geometry":{"type":"MultiLineString","coordinates":[[[42.073,43.243],[42.04,43.256],[42.017,43.269],[42.009,43.279],[42.008,43.301],[41.996,43.383],[41.998,43.41],[42.016,43.428],[42.049,43.446],[42.068,43.46],[42.086,43.474],[42.099,43.494],[42.102,43.505],[42.101,43.521],[42.106,43.537],[42.133,43.582],[42.136,43.596],[42.132,43.614],[42.118,43.634],[42.1,43.646],[42.079,43.653],[41.982,43.662],[41.945,43.673],[41.934,43.679],[41.925,43.687],[41.918,43.696],[41.917,43.709],[41.916,43.727],[41.914,43.744],[41.902,43.757],[41.912,43.769],[41.925,43.78],[41.931,43.794],[41.922,43.805],[41.917,43.821],[41.918,43.843],[41.913,43.879],[41.903,43.913],[41.897,43.948],[41.906,43.983],[42.047,44.231],[42.047,44.253],[42.028,44.299],[42.053,44.311],[42.059,44.327],[42.053,44.346],[42.038,44.364],[42.018,44.376],[41.972,44.385],[41.953,44.395],[41.945,44.403],[41.942,44.417],[41.939,44.429],[41.921,44.463],[41.918,44.473],[41.922,44.486],[41.936,44.505],[41.939,44.515],[41.936,44.603],[41.927,44.625],[41.889,44.643],[41.829,44.696],[41.818,44.711],[41.809,44.729],[41.803,44.748],[41.801,44.768],[41.81,44.785],[41.788,44.826],[41.781,44.834],[41.737,44.853],[41.691,44.852],[41.595,44.84],[41.421,44.842],[41.397,44.847],[41.341,44.883],[41.294,44.894],[41.28,44.908],[41.269,44.926],[41.253,44.943],[41.163,44.993],[41.149,45.015],[41.116,45.084],[41.108,45.096],[41.091,45.102],[41.079,45.107],[41.065,45.111],[41.068,45.129],[41.029,45.174],[41.015,45.198],[41.032,45.233],[41.032,45.25],[41.027,45.285],[41.034,45.297],[41.016,45.312],[41.005,45.325],[40.999,45.341],[41.003,45.359],[41.008,45.372],[41.008,45.385],[40.992,45.402],[40.978,45.41],[40.925,45.43],[40.903,45.434],[40.835,45.423],[40.821,45.423],[40.78,45.43],[40.768,45.428],[40.756,45.424],[40.745,45.423],[40.732,45.43],[40.711,45.423],[40.664,45.431],[40.647,45.426],[40.631,45.418],[40.59,45.417],[40.575,45.409],[40.57,45.395],[40.561,45.382],[40.55,45.381],[40.541,45.386],[40.533,45.392],[40.505,45.39],[40.488,45.382],[40.471,45.377],[40.436,45.396],[40.415,45.394],[40.394,45.385],[40.377,45.375],[40.365,45.362],[40.357,45.356],[40.342,45.359],[40.34,45.378],[40.312,45.377],[40.299,45.367],[40.287,45.356],[40.273,45.347],[40.252,45.344],[40.171,45.347],[40.14,45.336],[40.07,45.334],[40.04,45.326],[40.028,45.317],[40.017,45.306],[40.003,45.296],[39.982,45.292],[39.961,45.29],[39.947,45.285],[39.934,45.275],[39.92,45.262],[39.911,45.237],[39.875,45.238],[39.863,45.232],[39.841,45.214],[39.825,45.21],[39.787,45.207],[39.716,45.184],[39.697,45.183],[39.677,45.19],[39.635,45.194],[39.612,45.193],[39.597,45.183],[39.564,45.182],[39.54,45.156],[39.491,45.126],[39.46,45.098],[39.43,45.083],[39.387,45.051],[39.369,45.042],[39.351,45.039],[39.337,45.026],[39.33,45.016],[39.324,45.001],[39.224,44.988],[39.191,44.974],[39.169,44.977],[39.147,44.982],[39.129,44.984],[39.117,44.979],[39.094,44.966],[39.078,44.964],[39.042,44.966],[39.029,44.971],[39.016,44.981],[38.993,44.982],[38.98,44.988],[38.974,45.001],[38.953,45.009],[38.934,45.011],[38.921,45.017],[38.923,45.032],[38.908,45.04],[38.893,45.034],[38.878,45.024],[38.865,45.018],[38.86,45.005],[38.856,44.995],[38.844,44.991],[38.832,44.99],[38.816,44.984],[38.77,44.998],[38.724,45.047],[38.684,45.059],[38.639,45.053],[38.613,45.053],[38.592,45.072],[38.511,45.094],[38.492,45.094],[38.474,45.082],[38.463,45.078],[38.449,45.1],[38.427,45.108],[38.382,45.115],[38.358,45.125],[38.293,45.169],[38.277,45.159],[38.267,45.161],[38.258,45.169],[38.244,45.175],[38.225,45.174],[38.198,45.154],[38.175,45.147],[38.162,45.137],[38.143,45.136],[38.133,45.145],[38.113,45.152],[38.043,45.146],[38.019,45.132],[38.002,45.128],[37.982,45.131],[37.947,45.141],[37.93,45.142],[37.873,45.13],[37.851,45.128],[37.835,45.123],[37.821,45.114],[37.807,45.108],[37.792,45.115],[37.794,45.138],[37.765,45.148],[37.693,45.149],[37.584,45.132],[37.546,45.142],[37.503,45.17],[37.484,45.175],[37.421,45.185],[37.406,45.193],[37.381,45.212],[37.375,45.234],[37.375,45.275],[37.382,45.308]]]}},{"type":"Feature","properties":{"name":"","rank":7.0,"kind":"River","src":"ne_10m_rivers_lake_centerlines"},"geometry":{"type":"MultiLineString","coordinates":[[[27.987,45.292],[28.041,45.258],[28.075,45.248],[28.11,45.258],[28.122,45.25],[28.13,45.238],[28.118,45.224],[28.103,45.203],[28.098,45.184],[28.113,45.175],[28.132,45.171],[28.152,45.161],[28.169,45.148],[28.178,45.135],[28.174,45.121],[28.163,45.108],[28.148,45.098],[28.134,45.094],[28.137,45.056],[28.144,45.043],[28.133,45.025],[28.141,44.982],[28.141,44.96],[28.127,44.95],[28.125,44.9],[28.117,44.881],[28.09,44.856],[28.08,44.841],[28.076,44.817],[28.07,44.796],[28.055,44.777],[28.034,44.763],[28.014,44.758],[27.995,44.761],[27.965,44.775],[27.946,44.778],[27.926,44.778],[27.909,44.775],[27.895,44.769],[27.884,44.758]]]}},{"type":"Feature","properties":{"name":"Euphrates","rank":3.0,"kind":"River","src":"ne_10m_rivers_lake_centerlines"},"geometry":{"type":"MultiLineString","coordinates":[[[40.993,34.428],[41.006,34.431],[41.046,34.407],[41.058,34.403],[41.066,34.398],[41.093,34.375],[41.106,34.369],[41.161,34.374],[41.192,34.382],[41.219,34.396],[41.178,34.418],[41.192,34.43],[41.224,34.449],[41.24,34.451],[41.25,34.442],[41.257,34.426],[41.268,34.416],[41.288,34.424],[41.29,34.439],[41.288,34.451],[41.297,34.457],[41.309,34.453],[41.328,34.45],[41.344,34.447],[41.358,34.44],[41.37,34.431],[41.381,34.446],[41.397,34.437],[41.416,34.423],[41.432,34.424],[41.429,34.436],[41.413,34.448],[41.404,34.46],[41.424,34.472],[41.434,34.465],[41.446,34.459],[41.438,34.451],[41.451,34.428],[41.465,34.422],[41.5,34.431],[41.514,34.438],[41.523,34.431],[41.539,34.426],[41.549,34.434],[41.566,34.44],[41.582,34.44],[41.59,34.454],[41.584,34.47],[41.595,34.479],[41.611,34.48],[41.671,34.459],[41.691,34.454],[41.713,34.456],[41.735,34.467],[41.763,34.486],[41.773,34.501],[41.774,34.517],[41.795,34.514],[41.818,34.496],[41.834,34.478],[41.856,34.472],[41.882,34.479],[41.897,34.481],[41.915,34.467],[41.968,34.472],[41.987,34.459],[41.979,34.451],[42.013,34.408],[42.03,34.389],[42.055,34.369],[42.125,34.332],[42.13,34.297],[42.145,34.279],[42.177,34.287],[42.23,34.314],[42.245,34.315],[42.247,34.291],[42.252,34.274],[42.264,34.267],[42.278,34.271],[42.289,34.287],[42.283,34.306],[42.286,34.328],[42.297,34.347],[42.312,34.355],[42.323,34.354],[42.336,34.35],[42.346,34.342],[42.35,34.332],[42.384,34.321],[42.388,34.308],[42.385,34.29],[42.378,34.274],[42.367,34.267],[42.345,34.265],[42.325,34.257],[42.313,34.245],[42.315,34.226],[42.327,34.214],[42.348,34.203],[42.371,34.195],[42.387,34.191],[42.382,34.182],[42.384,34.116],[42.374,34.104],[42.371,34.088],[42.4,34.077],[42.406,34.053],[42.412,34.033],[42.425,34.017],[42.446,34.012],[42.456,34.017],[42.48,34.038],[42.494,34.047],[42.506,34.037],[42.51,34.026],[42.514,34.013],[42.521,33.999],[42.531,33.99],[42.549,33.981],[42.556,33.971],[42.561,33.948],[42.556,33.926],[42.542,33.908],[42.521,33.896],[42.528,33.889],[42.533,33.875],[42.537,33.86],[42.552,33.853],[42.569,33.848],[42.583,33.848],[42.599,33.857],[42.605,33.87],[42.608,33.885],[42.617,33.896],[42.644,33.902],[42.679,33.896],[42.733,33.876],[42.759,33.853],[42.753,33.836],[42.733,33.822],[42.719,33.807],[42.72,33.791],[42.729,33.78],[42.741,33.773],[42.747,33.747],[42.739,33.737],[42.726,33.729],[42.712,33.718],[42.727,33.707],[42.747,33.698],[42.762,33.705],[42.778,33.693],[42.802,33.664],[42.85,33.636],[42.864,33.623],[42.887,33.578],[42.927,33.548],[42.932,33.53],[42.963,33.53],[42.974,33.526],[42.991,33.536],[43.011,33.533],[43.031,33.522],[43.066,33.494],[43.076,33.501],[43.084,33.518],[43.097,33.533],[43.119,33.537],[43.14,33.531],[43.169,33.519],[43.234,33.474],[43.249,33.46],[43.265,33.449],[43.285,33.444],[43.308,33.449],[43.341,33.468],[43.357,33.472],[43.378,33.456],[43.39,33.451],[43.398,33.458],[43.412,33.446],[43.423,33.447],[43.437,33.45],[43.439,33.441],[43.444,33.428],[43.456,33.425],[43.47,33.426],[43.481,33.423],[43.484,33.407],[43.495,33.404],[43.511,33.404],[43.527,33.405],[43.555,33.423],[43.559,33.41],[43.566,33.401],[43.584,33.404],[43.597,33.397],[43.607,33.388],[43.608,33.376],[43.63,33.373],[43.641,33.379],[43.645,33.397],[43.669,33.388],[43.693,33.372],[43.714,33.353],[43.727,33.335],[43.737,33.344],[43.747,33.354],[43.757,33.338],[43.756,33.311],[43.761,33.3],[43.778,33.306],[43.79,33.299],[43.8,33.278],[43.804,33.26],[43.816,33.252],[43.816,33.266],[43.837,33.261],[43.842,33.244],[43.841,33.223],[43.843,33.205],[43.861,33.183],[43.879,33.182],[43.888,33.192],[43.878,33.205],[43.907,33.212],[43.923,33.194],[43.936,33.169],[43.956,33.156],[43.972,33.167],[43.989,33.17],[44.001,33.164],[44.02,33.16],[44.054,33.147],[44.07,33.142],[44.048,33.139],[44.036,33.129],[44.048,33.127],[44.059,33.121],[44.067,33.113],[44.075,33.099],[44.102,33.089],[44.111,33.081],[44.097,33.081],[44.125,33.054],[44.138,33.031],[44.159,33.032],[44.174,33.001],[44.178,32.986],[44.18,32.964],[44.175,32.945],[44.175,32.934],[44.195,32.929],[44.205,32.918],[44.206,32.906],[44.215,32.889],[44.253,32.879],[44.262,32.865],[44.264,32.847],[44.271,32.832],[44.29,32.8],[44.279,32.785],[44.271,32.76],[44.266,32.735],[44.265,32.724],[44.256,32.716],[44.22,32.608],[44.223,32.57],[44.239,32.536],[44.295,32.467],[44.302,32.446],[44.293,32.427],[44.288,32.41],[44.295,32.389],[44.316,32.355],[44.334,32.296],[44.34,32.286],[44.354,32.275],[44.354,32.248],[44.344,32.204],[44.345,32.183],[44.357,32.118],[44.388,32.088],[44.392,32.076],[44.395,32.062],[44.431,32.021],[44.447,32.002],[44.453,31.981],[44.458,31.964],[44.464,31.955],[44.47,31.947],[44.478,31.936],[44.479,31.926],[44.479,31.915],[44.485,31.879],[44.488,31.816],[44.491,31.799],[44.499,31.783],[44.504,31.766],[44.501,31.745],[44.479,31.727],[44.474,31.718],[44.474,31.704],[44.485,31.686],[44.488,31.673],[44.494,31.659],[44.511,31.645],[44.55,31.621],[44.614,31.6],[44.625,31.59],[44.627,31.577],[44.64,31.568],[44.649,31.563],[44.679,31.525],[44.693,31.516],[44.74,31.495],[44.759,31.491],[44.77,31.479],[44.777,31.468],[44.786,31.464],[44.799,31.477],[44.815,31.486],[44.835,31.491],[44.852,31.491],[44.864,31.486],[44.875,31.476],[44.893,31.457],[44.906,31.446],[44.92,31.437],[44.935,31.431],[44.953,31.429],[44.977,31.441],[44.988,31.443],[45.003,31.436],[45.012,31.429],[45.036,31.418],[45.046,31.416],[45.071,31.421],[45.116,31.428],[45.132,31.428],[45.166,31.412],[45.185,31.408],[45.2,31.402],[45.21,31.376],[45.238,31.328]]]}},{"type":"Feature","properties":{"name":"Firat","rank":3.0,"kind":"Lake Centerline","src":"ne_10m_rivers_lake_centerlines"},"geometry":{"type":"MultiLineString","coordinates":[[[38.768,38.813],[38.775,38.83],[38.778,38.845],[38.786,38.855],[38.813,38.875],[38.778,38.905],[38.775,38.919],[38.774,38.936],[38.78,38.952],[38.785,38.967],[38.787,38.981],[38.783,38.992],[38.767,39.019],[38.764,39.029],[38.742,39.068],[38.74,39.078]],[[38.471,38.741],[38.478,38.725],[38.473,38.708],[38.46,38.692],[38.447,38.686],[38.422,38.683],[38.402,38.673],[38.387,38.66],[38.376,38.645],[38.37,38.635],[38.364,38.616],[38.349,38.596],[38.358,38.583],[38.361,38.573],[38.365,38.556],[38.374,38.537],[38.387,38.519],[38.403,38.508],[38.414,38.517],[38.426,38.513],[38.443,38.494],[38.457,38.485],[38.469,38.479],[38.482,38.476],[38.54,38.47],[38.567,38.465],[38.588,38.45],[38.601,38.453],[38.689,38.421],[38.718,38.419],[38.779,38.437],[38.81,38.44],[38.834,38.426],[38.827,38.419],[38.853,38.405],[38.861,38.399],[38.884,38.369],[38.911,38.361],[38.928,38.352],[38.957,38.331],[38.992,38.326],[39.073,38.348]],[[38.983,37.899],[38.989,37.878],[38.983,37.866],[38.971,37.851],[38.979,37.838],[38.971,37.823],[38.945,37.829],[38.921,37.825],[38.908,37.817],[38.898,37.805],[38.889,37.789],[38.903,37.792],[38.931,37.808],[38.944,37.809],[38.954,37.801],[38.953,37.775],[38.965,37.761],[38.945,37.757],[38.922,37.756],[38.902,37.753],[38.889,37.741],[38.898,37.736],[38.923,37.714],[38.908,37.706],[38.882,37.715],[38.869,37.703],[38.856,37.696],[38.841,37.692],[38.823,37.705],[38.8,37.697],[38.818,37.681],[38.868,37.651],[38.646,37.624],[38.597,37.584],[38.588,37.58],[38.575,37.562],[38.515,37.511],[38.495,37.501],[38.372,37.484],[38.341,37.494],[38.327,37.49]]]}},{"type":"Feature","properties":{"name":"Firat","rank":3.0,"kind":"River","src":"ne_10m_rivers_lake_centerlines"},"geometry":{"type":"MultiLineString","coordinates":[[[41.455,40.18],[41.445,40.172],[41.418,40.119],[41.366,40.074],[41.355,40.06],[41.328,40.016],[41.319,40.005],[41.307,39.994],[41.293,39.985],[41.277,39.982],[41.027,39.961],[40.911,39.925],[40.87,39.92],[40.803,39.927],[40.791,39.93],[40.769,39.941],[40.747,39.936],[40.712,39.92],[40.689,39.921],[40.653,39.936],[40.469,39.954],[40.459,39.951],[40.437,39.942],[40.392,39.942],[40.383,39.934],[40.351,39.944],[40.303,39.94],[40.179,39.908],[40.16,39.9],[40.146,39.889],[40.137,39.87],[40.14,39.856],[40.164,39.831],[40.223,39.79],[40.251,39.764],[40.259,39.728],[40.254,39.717],[40.242,39.701],[40.227,39.687],[40.199,39.674],[40.192,39.658],[40.191,39.64],[40.191,39.625],[40.19,39.608],[40.184,39.593],[40.172,39.581],[40.14,39.574],[40.102,39.56],[40.081,39.557],[39.994,39.565],[39.91,39.584],[39.749,39.645],[39.731,39.649],[39.669,39.655],[39.616,39.68],[39.575,39.694],[39.536,39.701],[39.451,39.701],[39.409,39.694],[39.382,39.679],[39.328,39.639],[39.306,39.631],[39.284,39.627],[39.242,39.625],[39.231,39.623],[39.211,39.614],[39.201,39.612],[39.157,39.618],[39.048,39.616],[39.033,39.612],[39.005,39.598],[38.976,39.592],[38.907,39.586],[38.875,39.577],[38.866,39.582],[38.853,39.576],[38.827,39.557],[38.816,39.554],[38.772,39.55],[38.756,39.545],[38.743,39.53],[38.732,39.515],[38.72,39.504],[38.681,39.502],[38.667,39.504],[38.64,39.513],[38.621,39.506],[38.584,39.497],[38.571,39.495],[38.561,39.49],[38.522,39.457],[38.51,39.453],[38.458,39.454],[38.403,39.426],[38.392,39.418],[38.384,39.409],[38.374,39.402],[38.361,39.399],[38.367,39.389],[38.368,39.371],[38.388,39.357],[38.425,39.318],[38.462,39.306],[38.474,39.296],[38.492,39.275],[38.503,39.267],[38.581,39.225],[38.6,39.206],[38.608,39.183],[38.62,39.172],[38.683,39.171],[38.711,39.166],[38.715,39.155],[38.713,39.129],[38.736,39.105],[38.74,39.096],[38.74,39.078]],[[38.768,38.813],[38.743,38.803],[38.716,38.78],[38.692,38.774],[38.677,38.765],[38.666,38.763],[38.654,38.767],[38.642,38.782],[38.632,38.776],[38.633,38.762],[38.632,38.752],[38.619,38.748],[38.569,38.752],[38.509,38.757],[38.483,38.753],[38.471,38.741]],[[39.073,38.348],[39.115,38.344],[39.132,38.33],[39.145,38.308],[39.149,38.284],[39.115,38.193],[39.141,38.179],[39.222,38.205],[39.253,38.18],[39.256,38.153],[39.249,38.13],[39.225,38.09],[39.235,38.076],[39.225,38.064],[39.15,38.021],[39.09,38.007],[39.072,38.0],[39.06,37.988],[39.056,37.973],[39.05,37.94],[39.04,37.925],[39.027,37.918],[38.978,37.906],[38.983,37.899]],[[38.327,37.49],[38.283,37.477],[38.272,37.476],[38.266,37.454],[38.25,37.449],[38.207,37.454],[38.198,37.448],[38.197,37.436],[38.197,37.424],[38.188,37.415],[38.177,37.414],[38.17,37.426],[38.125,37.434],[38.108,37.441],[38.094,37.454],[38.066,37.437],[38.054,37.436],[38.04,37.446],[38.023,37.443],[38.006,37.445],[37.99,37.445],[37.974,37.435],[37.93,37.391],[37.896,37.364],[37.886,37.351],[37.879,37.325],[37.865,37.318],[37.852,37.304],[37.841,37.268],[37.855,37.26],[37.867,37.249],[37.874,37.234],[37.875,37.213],[37.862,37.225],[37.844,37.219],[37.841,37.203],[37.844,37.187],[37.851,37.173],[37.868,37.152],[37.874,37.14],[37.875,37.107],[37.868,37.078],[37.869,37.065],[37.882,37.055],[37.894,37.06],[37.904,37.055],[37.913,37.047],[37.923,37.042],[37.954,37.053],[37.967,37.055],[37.979,37.05],[37.977,37.038],[37.964,37.014],[37.964,36.999],[37.981,36.977],[38.008,36.957],[38.013,36.924],[38.015,36.914],[38.036,36.889],[38.029,36.877],[38.021,36.871],[38.019,36.858],[38.021,36.844],[38.026,36.836]]]}},{"type":"Feature","properties":{"name":"Southern Bug","rank":8.0,"kind":"River","src":"ne_10m_rivers_lake_centerlines"},"geometry":{"type":"MultiLineString","coordinates":[[[27.69,49.475],[27.708,49.484],[27.719,49.501],[27.729,49.518],[27.733,49.531],[27.75,49.534],[27.771,49.527],[27.808,49.548],[27.828,49.556],[27.848,49.558],[27.935,49.555],[27.949,49.552],[27.958,49.536],[27.966,49.527],[27.982,49.524],[28.03,49.523],[28.045,49.517],[28.06,49.508],[28.08,49.506],[28.124,49.507],[28.144,49.502],[28.181,49.489],[28.334,49.474],[28.343,49.469],[28.348,49.455],[28.359,49.436],[28.373,49.418],[28.387,49.411],[28.396,49.388],[28.409,49.382],[28.487,49.335],[28.47,49.316],[28.462,49.299],[28.459,49.279],[28.46,49.233],[28.439,49.185],[28.366,49.144],[28.352,49.138],[28.295,49.103],[28.303,49.089],[28.313,49.059],[28.322,49.047],[28.333,49.043],[28.384,49.034],[28.474,49.033],[28.5,49.021],[28.517,49.03],[28.533,49.023],[28.548,49.009],[28.563,49.0],[28.579,49.002],[28.624,49.017],[28.648,49.021],[28.658,49.012],[28.648,48.974],[28.662,48.965],[28.665,48.954],[28.65,48.93],[28.623,48.897],[28.663,48.876],[28.679,48.87],[28.703,48.87],[28.718,48.862],[28.746,48.874],[28.762,48.891],[28.779,48.901],[28.802,48.89],[28.812,48.878],[28.825,48.857],[28.836,48.849],[28.849,48.846],[28.958,48.834],[28.989,48.836],[28.986,48.849],[29.001,48.857],[29.023,48.854],[29.035,48.856],[29.046,48.863],[29.054,48.871],[29.076,48.877],[29.104,48.856],[29.127,48.835],[29.138,48.828],[29.117,48.819],[29.102,48.809],[29.097,48.799],[29.107,48.794],[29.111,48.784],[29.1,48.774],[29.09,48.774],[29.062,48.767],[29.071,48.754],[29.082,48.743],[29.099,48.736],[29.13,48.731],[29.14,48.727],[29.148,48.721],[29.156,48.705],[29.175,48.715],[29.196,48.716],[29.216,48.709],[29.233,48.699],[29.24,48.688],[29.29,48.656],[29.302,48.643],[29.302,48.621],[29.302,48.609],[29.295,48.595],[29.307,48.581],[29.316,48.566],[29.364,48.534],[29.376,48.513],[29.393,48.503],[29.485,48.491],[29.537,48.495],[29.658,48.483],[29.672,48.48],[29.685,48.475],[29.741,48.435],[29.747,48.424],[29.737,48.418],[29.728,48.41],[29.738,48.384],[29.746,48.373],[29.758,48.369],[29.776,48.368],[29.796,48.364],[29.809,48.356],[29.809,48.342],[29.852,48.327],[29.864,48.322],[29.875,48.313],[29.882,48.306],[29.89,48.3],[29.905,48.294],[29.921,48.291],[29.936,48.29],[29.949,48.288],[29.96,48.281],[29.969,48.267],[29.984,48.238],[30.013,48.199],[30.028,48.175],[30.048,48.155],[30.083,48.144],[30.322,48.135],[30.335,48.142],[30.341,48.16],[30.502,48.163],[30.559,48.108],[30.584,48.103],[30.594,48.102],[30.593,48.115],[30.586,48.125],[30.603,48.14],[30.62,48.128],[30.636,48.111],[30.649,48.102],[30.661,48.099],[30.703,48.083],[30.714,48.075],[30.718,48.047],[30.765,48.034],[30.79,48.016],[30.81,48.014],[30.84,48.033],[30.848,48.04],[30.858,48.041],[30.946,48.028],[30.981,48.013],[31.009,47.995],[31.026,47.977],[31.081,47.893],[31.091,47.883],[31.118,47.869],[31.122,47.86],[31.118,47.847],[31.127,47.824],[31.135,47.818],[31.147,47.815],[31.166,47.807],[31.179,47.795],[31.184,47.781],[31.19,47.715],[31.245,47.697],[31.255,47.693],[31.269,47.684],[31.249,47.664],[31.231,47.656],[31.227,47.644],[31.189,47.608],[31.179,47.596],[31.201,47.578],[31.289,47.561],[31.329,47.54],[31.344,47.534],[31.385,47.525],[31.399,47.52],[31.407,47.514],[31.433,47.489],[31.459,47.462],[31.532,47.401],[31.556,47.388],[31.591,47.383],[31.613,47.373],[31.635,47.352],[31.649,47.343],[31.701,47.328],[31.74,47.309],[31.752,47.307],[31.762,47.3],[31.767,47.285],[31.764,47.269],[31.749,47.259]]]}},{"type":"Feature","properties":{"name":"Volga","rank":3.0,"kind":"River","src":"ne_10m_rivers_lake_centerlines"},"geometry":{"type":"MultiLineString","coordinates":[[[45.664,50.222],[45.623,50.203],[45.541,50.146],[45.47,50.117],[45.448,50.105],[45.432,50.089],[45.42,50.069],[45.376,49.978],[45.361,49.959],[45.361,49.946],[45.357,49.925],[45.348,49.896],[45.348,49.87],[45.345,49.839],[45.359,49.804],[45.359,49.789],[45.294,49.727],[45.27,49.689],[45.259,49.678],[45.232,49.657],[45.195,49.621],[45.153,49.59],[45.144,49.58],[45.124,49.544],[45.091,49.501],[45.083,49.485],[45.075,49.448],[45.051,49.43],[45.043,49.423],[45.034,49.413],[44.996,49.313],[44.969,49.278],[44.962,49.259],[44.968,49.237],[44.975,49.219],[44.982,49.207],[44.981,49.177],[44.969,49.155],[44.87,49.065],[44.843,49.024],[44.828,49.005],[44.785,48.978],[44.748,48.946],[44.729,48.935],[44.719,48.922],[44.631,48.769],[44.622,48.76],[44.518,48.689],[44.497,48.66],[44.46,48.623],[44.449,48.604],[44.461,48.585],[44.522,48.534],[44.533,48.527],[44.544,48.524],[44.563,48.527],[44.576,48.526],[44.587,48.528],[44.604,48.534],[44.618,48.536],[44.656,48.534],[44.672,48.529],[44.709,48.502],[44.728,48.492],[44.999,48.426],[45.025,48.424],[45.051,48.427],[45.118,48.451],[45.143,48.457],[45.173,48.46],[45.202,48.458],[45.224,48.448],[45.246,48.434],[45.268,48.426],[45.368,48.405],[45.392,48.406],[45.417,48.421],[45.427,48.44],[45.431,48.462],[45.441,48.478],[45.468,48.479],[45.489,48.47],[45.503,48.458],[45.519,48.449],[45.595,48.439],[45.638,48.424],[45.698,48.382],[45.718,48.376],[45.806,48.374],[45.831,48.369],[45.847,48.359],[45.862,48.345],[45.88,48.333],[45.907,48.328],[45.933,48.327],[45.957,48.322],[45.975,48.312],[45.988,48.294],[45.99,48.283],[45.991,48.263],[45.996,48.253],[46.007,48.246],[46.022,48.242],[46.077,48.236],[46.095,48.225],[46.16,48.168],[46.167,48.149],[46.156,48.126],[46.143,48.111],[46.134,48.096],[46.129,48.078],[46.123,47.984],[46.142,47.936],[46.158,47.928],[46.205,47.901],[46.226,47.892],[46.248,47.885],[46.302,47.882],[46.327,47.876],[46.346,47.863],[46.359,47.842],[46.359,47.802],[46.364,47.782],[46.412,47.762],[46.424,47.759],[46.475,47.766],[46.503,47.765],[46.525,47.759],[46.542,47.747],[46.561,47.728],[46.593,47.703],[46.598,47.694],[46.608,47.663],[46.642,47.633],[46.662,47.621],[46.677,47.616],[46.689,47.609],[46.763,47.538],[46.807,47.475],[46.838,47.451],[46.859,47.443],[46.883,47.439],[46.965,47.434],[46.984,47.425],[47.081,47.337],[47.095,47.302],[47.085,47.252],[47.077,47.231],[47.076,47.213],[47.087,47.201],[47.116,47.197],[47.146,47.196],[47.171,47.191],[47.192,47.183],[47.331,47.093],[47.379,47.048],[47.403,47.032],[47.428,47.02],[47.456,47.015],[47.492,47.018],[47.504,47.015],[47.561,46.981],[47.58,46.976],[47.602,46.954],[47.599,46.934],[47.573,46.897],[47.564,46.873],[47.572,46.855],[47.592,46.842],[47.619,46.836],[47.643,46.838],[47.687,46.854],[47.711,46.859],[47.73,46.855],[47.741,46.843],[47.759,46.796],[47.767,46.784],[47.776,46.774],[47.827,46.739],[47.842,46.735]],[[47.842,46.735],[47.859,46.739],[47.94,46.718],[47.959,46.721],[47.981,46.73],[48.01,46.725],[48.058,46.704],[48.126,46.684],[48.144,46.673],[48.155,46.669],[48.199,46.67],[48.218,46.645],[48.231,46.618],[48.234,46.6],[48.236,46.557],[48.244,46.539],[48.251,46.53],[48.26,46.522],[48.268,46.511],[48.267,46.5],[48.256,46.478],[48.255,46.461],[48.257,46.44],[48.266,46.423],[48.28,46.416],[48.299,46.407],[48.315,46.393],[48.327,46.385],[48.339,46.384],[48.353,46.385],[48.366,46.382],[48.388,46.369],[48.409,46.353],[48.432,46.339],[48.459,46.334],[48.482,46.293],[48.517,46.266],[48.51,46.249],[48.515,46.236],[48.525,46.223],[48.535,46.192],[48.554,46.172],[48.565,46.134],[48.583,46.111],[48.608,46.094],[48.627,46.087]],[[47.842,46.735],[47.848,46.725],[47.871,46.699],[47.876,46.69],[47.883,46.67],[47.894,46.647],[47.902,46.617],[47.909,46.603],[47.932,46.58],[47.95,46.565],[47.996,46.546],[48.012,46.527],[48.015,46.504],[48.003,46.49],[47.985,46.477],[47.972,46.462],[47.971,46.442],[47.983,46.428],[48.014,46.403],[48.021,46.384],[48.018,46.364],[48.007,46.346],[47.992,46.332],[47.977,46.321],[47.965,46.307],[47.951,46.277],[47.9,46.214],[47.826,46.156],[47.814,46.149],[47.794,46.112],[47.786,46.105],[47.768,46.1],[47.757,46.095],[47.741,46.075],[47.743,46.055],[47.747,46.035],[47.739,46.015],[47.718,46.0],[47.674,45.984],[47.654,45.971],[47.644,45.961],[47.64,45.944],[47.646,45.935],[47.646,45.924],[47.641,45.912],[47.636,45.902],[47.629,45.891],[47.625,45.88],[47.637,45.87],[47.639,45.858],[47.638,45.844],[47.633,45.834],[47.603,45.822],[47.564,45.819],[47.539,45.807],[47.556,45.766]]]}},{"type":"Feature","properties":{"name":"Al Furat","rank":3.0,"kind":"Lake Centerline","src":"ne_10m_rivers_lake_centerlines"},"geometry":{"type":"MultiLineString","coordinates":[[[38.561,35.863],[38.53,35.871],[38.495,35.86],[38.46,35.859],[38.431,35.874],[38.395,35.887],[38.339,35.902],[38.3,35.917],[38.175,35.973],[38.135,36.0],[38.122,36.019],[38.108,36.032],[38.094,36.044],[38.085,36.054],[38.076,36.069],[38.063,36.098],[38.06,36.114],[38.058,36.127],[38.062,36.141],[38.088,36.175],[38.1,36.199],[38.109,36.213],[38.12,36.225],[38.131,36.235],[38.153,36.246],[38.176,36.256],[38.189,36.265],[38.195,36.284],[38.189,36.312],[38.185,36.33],[38.184,36.342]]]}},{"type":"Feature","properties":{"name":"Al Furat","rank":3.0,"kind":"River","src":"ne_10m_rivers_lake_centerlines"},"geometry":{"type":"MultiLineString","coordinates":[[[38.026,36.836],[38.033,36.822],[38.033,36.809],[38.031,36.797],[38.032,36.781],[38.039,36.771],[38.047,36.764],[38.046,36.74],[38.061,36.74],[38.062,36.729],[38.062,36.718],[38.077,36.706],[38.091,36.683],[38.142,36.673],[38.169,36.665],[38.191,36.651],[38.207,36.651],[38.215,36.635],[38.228,36.622],[38.286,36.536],[38.293,36.528],[38.267,36.512],[38.256,36.463],[38.228,36.452],[38.203,36.439],[38.193,36.407],[38.184,36.342]],[[38.56,35.863],[38.572,35.857],[38.583,35.86],[38.595,35.866],[38.608,35.87],[38.625,35.868],[38.648,35.853],[38.66,35.85],[38.721,35.85],[38.741,35.853],[38.748,35.862],[38.75,35.873],[38.759,35.884],[38.751,35.892],[38.739,35.89],[38.735,35.902],[38.743,35.91],[38.757,35.915],[38.772,35.919],[38.793,35.912],[38.804,35.916],[38.811,35.929],[38.834,35.933],[38.906,35.925],[39.009,35.932],[39.034,35.929],[39.058,35.921],[39.076,35.907],[39.088,35.884],[39.098,35.889],[39.116,35.885],[39.141,35.886],[39.159,35.881],[39.177,35.87],[39.197,35.863],[39.23,35.863],[39.244,35.86],[39.263,35.846],[39.278,35.831],[39.324,35.829],[39.334,35.832],[39.351,35.842],[39.367,35.836],[39.377,35.838],[39.396,35.85],[39.401,35.836],[39.398,35.823],[39.4,35.811],[39.417,35.801],[39.435,35.799],[39.473,35.808],[39.492,35.809],[39.51,35.803],[39.539,35.785],[39.554,35.781],[39.561,35.788],[39.578,35.794],[39.591,35.793],[39.582,35.766],[39.595,35.76],[39.61,35.769],[39.616,35.784],[39.622,35.795],[39.637,35.79],[39.667,35.774],[39.696,35.762],[39.72,35.742],[39.743,35.732],[39.766,35.753],[39.805,35.735],[39.814,35.726],[39.836,35.682],[39.828,35.658],[39.828,35.634],[39.842,35.617],[39.851,35.605],[39.856,35.589],[39.868,35.594],[39.882,35.594],[39.878,35.578],[39.886,35.564],[39.899,35.562],[39.912,35.534],[39.922,35.526],[39.936,35.529],[39.948,35.535],[39.957,35.524],[39.973,35.518],[39.988,35.511],[40.0,35.502],[40.008,35.489],[40.021,35.488],[40.032,35.483],[40.04,35.472],[40.059,35.461],[40.068,35.441],[40.077,35.418],[40.096,35.407],[40.109,35.395],[40.102,35.37],[40.135,35.36],[40.149,35.35],[40.161,35.333],[40.17,35.327],[40.203,35.318],[40.218,35.312],[40.232,35.303],[40.232,35.288],[40.261,35.305],[40.272,35.299],[40.268,35.289],[40.253,35.267],[40.266,35.266],[40.278,35.268],[40.287,35.273],[40.321,35.271],[40.334,35.258],[40.336,35.242],[40.354,35.23],[40.404,35.219],[40.418,35.212],[40.42,35.199],[40.402,35.19],[40.4,35.174],[40.415,35.164],[40.42,35.145],[40.429,35.135],[40.429,35.092],[40.431,35.082],[40.439,35.067],[40.449,35.075],[40.471,35.067],[40.455,35.051],[40.445,35.039],[40.451,35.031],[40.465,35.031],[40.479,35.014],[40.487,34.992],[40.503,34.986],[40.517,34.988],[40.528,34.989],[40.536,34.977],[40.551,34.967],[40.556,34.958],[40.568,34.955],[40.567,34.937],[40.572,34.92],[40.576,34.895],[40.581,34.883],[40.59,34.873],[40.623,34.883],[40.621,34.872],[40.617,34.856],[40.616,34.846],[40.618,34.834],[40.627,34.821],[40.638,34.797],[40.659,34.785],[40.682,34.778],[40.698,34.781],[40.729,34.757],[40.739,34.751],[40.753,34.738],[40.765,34.723],[40.779,34.714],[40.79,34.714],[40.801,34.729],[40.822,34.705],[40.829,34.691],[40.808,34.68],[40.839,34.65],[40.852,34.655],[40.861,34.665],[40.87,34.67],[40.883,34.664],[40.888,34.652],[40.888,34.639],[40.892,34.627],[40.927,34.618],[40.929,34.608],[40.922,34.594],[40.918,34.578],[40.922,34.568],[40.94,34.542],[40.945,34.528],[40.927,34.512],[40.922,34.501],[40.938,34.476],[40.931,34.468],[40.941,34.458],[40.952,34.455],[40.98,34.434],[40.993,34.428]]]}},{"type":"Feature","properties":{"name":"Olt","rank":8.0,"kind":"River","src":"ne_10m_rivers_lake_centerlines"},"geometry":{"type":"MultiLineString","coordinates":[[[25.784,46.684],[25.795,46.675],[25.8,46.656],[25.801,46.622],[25.795,46.602],[25.777,46.57],[25.773,46.557],[25.763,46.547],[25.753,46.529],[25.755,46.509],[25.759,46.492],[25.761,46.469],[25.76,46.441],[25.76,46.384],[25.766,46.36],[25.781,46.341],[25.845,46.313],[25.855,46.303],[25.858,46.287],[25.865,46.268],[25.883,46.238],[25.897,46.22],[25.897,46.205],[25.901,46.185],[25.891,46.167],[25.876,46.148],[25.862,46.101],[25.838,46.057],[25.842,46.039],[25.825,46.022],[25.834,46.001],[25.863,45.971],[25.864,45.96],[25.862,45.948],[25.855,45.923],[25.832,45.892],[25.825,45.882],[25.811,45.876],[25.807,45.844],[25.805,45.833],[25.798,45.821],[25.784,45.803],[25.768,45.765],[25.747,45.757],[25.733,45.753],[25.719,45.752],[25.704,45.759],[25.689,45.752],[25.671,45.752],[25.669,45.785],[25.637,45.808],[25.567,45.841],[25.558,45.854],[25.554,45.87],[25.552,45.935],[25.554,45.957],[25.561,45.971],[25.558,45.988],[25.571,46.021],[25.567,46.039],[25.555,46.045],[25.534,46.049],[25.514,46.049],[25.506,46.043],[25.488,46.02],[25.447,46.018],[25.399,46.02],[25.362,46.012],[25.376,45.994],[25.369,45.985],[25.356,45.983],[25.343,46.004],[25.331,46.004],[25.307,45.992],[25.258,45.975],[25.242,45.964],[25.225,45.944],[25.225,45.93],[25.212,45.934],[25.206,45.916],[25.211,45.902],[25.198,45.901],[25.192,45.891],[25.197,45.882],[25.179,45.874],[25.165,45.865],[25.149,45.858],[25.125,45.855],[25.053,45.855],[25.039,45.843],[25.027,45.841],[25.018,45.846],[24.967,45.847],[24.945,45.845],[24.84,45.82],[24.535,45.788],[24.475,45.775],[24.44,45.772],[24.415,45.765],[24.381,45.747],[24.356,45.727],[24.354,45.71],[24.3,45.655],[24.279,45.628],[24.261,45.622],[24.26,45.611],[24.266,45.597],[24.253,45.581],[24.247,45.572],[24.266,45.549],[24.272,45.529],[24.281,45.512],[24.297,45.497],[24.308,45.481],[24.3,45.463],[24.312,45.443],[24.31,45.425],[24.304,45.404],[24.31,45.385],[24.307,45.367],[24.301,45.358],[24.283,45.353],[24.283,45.321],[24.302,45.289],[24.306,45.275],[24.324,45.26],[24.341,45.224],[24.351,45.213],[24.361,45.197],[24.358,45.184],[24.357,45.17],[24.366,45.162],[24.376,45.144],[24.381,45.135],[24.375,45.125],[24.376,45.113],[24.379,45.101],[24.369,45.089],[24.354,45.084],[24.344,45.07],[24.343,45.059],[24.33,45.046],[24.315,45.042],[24.306,45.028],[24.305,45.014],[24.293,45.006],[24.286,44.998],[24.278,44.98],[24.268,44.944],[24.259,44.929],[24.245,44.915],[24.261,44.894],[24.262,44.884],[24.256,44.871],[24.254,44.861],[24.262,44.851],[24.274,44.844],[24.286,44.84],[24.279,44.827],[24.285,44.807],[24.287,44.786],[24.286,44.737],[24.29,44.716],[24.304,44.672],[24.3,44.655],[24.312,44.643],[24.323,44.624],[24.331,44.601],[24.334,44.576],[24.333,44.563],[24.33,44.549],[24.326,44.537],[24.321,44.525],[24.305,44.515],[24.3,44.491],[24.306,44.479],[24.323,44.464],[24.332,44.44],[24.356,44.423],[24.361,44.412],[24.358,44.391],[24.358,44.381],[24.361,44.367],[24.379,44.353],[24.382,44.339],[24.388,44.33],[24.388,44.32],[24.396,44.313],[24.388,44.294],[24.403,44.271],[24.425,44.25],[24.45,44.211],[24.476,44.198],[24.492,44.181],[24.478,44.148],[24.494,44.141],[24.515,44.126],[24.533,44.106],[24.54,44.089],[24.548,44.082],[24.588,44.032],[24.588,44.02],[24.589,44.006],[24.58,43.997],[24.623,43.945],[24.629,43.925],[24.631,43.905],[24.639,43.89],[24.663,43.86],[24.672,43.84],[24.678,43.83],[24.687,43.826],[24.703,43.823],[24.731,43.81],[24.743,43.789],[24.754,43.777],[24.762,43.759],[24.774,43.741]]]}},{"type":"Feature","properties":{"name":"Sakarya","rank":8.0,"kind":"River","src":"ne_10m_rivers_lake_centerlines"},"geometry":{"type":"MultiLineString","coordinates":[[[29.535,40.038],[29.532,40.06],[29.518,40.075],[29.48,40.098],[29.468,40.107],[29.459,40.118],[29.452,40.13],[29.448,40.145],[29.449,40.172],[29.467,40.183],[29.49,40.191],[29.507,40.205],[29.508,40.221],[29.515,40.234],[29.527,40.244],[29.541,40.25],[29.571,40.249],[29.587,40.252],[29.604,40.263],[29.647,40.272],[29.735,40.268],[29.778,40.272],[29.809,40.292],[29.852,40.355],[29.882,40.376],[29.95,40.398],[29.96,40.397],[29.981,40.392],[29.991,40.393],[30.014,40.41],[30.052,40.468],[30.074,40.49],[30.1,40.499],[30.18,40.502],[30.225,40.51],[30.271,40.528],[30.308,40.557],[30.328,40.596],[30.332,40.626],[30.337,40.638],[30.352,40.649],[30.37,40.654],[30.374,40.668],[30.377,40.683],[30.381,40.701],[30.389,40.71],[30.4,40.713],[30.416,40.715],[30.418,40.726],[30.423,40.736],[30.424,40.748],[30.442,40.797],[30.454,40.816],[30.474,40.839],[30.489,40.846],[30.499,40.853],[30.511,40.859],[30.525,40.864],[30.548,40.872],[30.574,40.873],[30.592,40.89],[30.597,40.9],[30.59,40.915],[30.589,40.936],[30.585,40.954],[30.569,40.968],[30.52,40.974],[30.502,40.978],[30.515,40.99],[30.508,41.003],[30.52,40.999],[30.537,40.999],[30.546,41.006],[30.555,41.011],[30.567,41.014],[30.579,41.013],[30.586,41.001],[30.593,41.009],[30.615,41.058],[30.618,41.071],[30.604,41.083],[30.597,41.098],[30.607,41.104],[30.618,41.092],[30.633,41.091],[30.645,41.108],[30.646,41.133]]]}},{"type":"Feature","properties":{"name":"Kura","rank":8.0,"kind":"Lake Centerline","src":"ne_10m_rivers_lake_centerlines"},"geometry":{"type":"MultiLineString","coordinates":[[[46.338,40.9],[46.352,40.899],[46.386,40.902],[46.434,40.911],[46.474,40.916],[46.568,40.935],[46.733,40.921],[46.788,40.911],[46.889,40.876],[46.967,40.838],[46.986,40.827],[47.0,40.81],[47.009,40.793],[47.02,40.78]]]}},{"type":"Feature","properties":{"name":"Kura","rank":8.0,"kind":"River","src":"ne_10m_rivers_lake_centerlines"},"geometry":{"type":"MultiLineString","coordinates":[[[43.288,40.975],[43.283,40.947],[43.305,40.913],[43.357,40.859],[43.373,40.826],[43.383,40.815],[43.402,40.811],[43.426,40.816],[43.436,40.817],[43.446,40.815],[43.459,40.803],[43.467,40.798]],[[42.822,40.921],[42.81,40.918],[42.8,40.911],[42.792,40.903],[42.764,40.902],[42.724,40.913],[42.699,40.914],[42.631,40.901],[42.607,40.9],[42.596,40.929],[42.492,40.966],[42.459,40.97],[42.448,40.974],[42.427,40.984],[42.456,41.044],[42.474,41.071],[42.499,41.092],[42.526,41.104],[42.644,41.125],[42.655,41.126],[42.682,41.123],[42.695,41.123],[42.708,41.126],[42.735,41.144],[42.784,41.188],[42.813,41.203],[42.836,41.206],[42.856,41.2],[42.895,41.177],[42.922,41.172],[42.976,41.176],[43.001,41.167],[43.03,41.176],[43.058,41.174],[43.085,41.175],[43.11,41.195],[43.159,41.278],[43.182,41.3],[43.201,41.31],[43.242,41.322],[43.261,41.331],[43.269,41.338],[43.277,41.355],[43.283,41.363],[43.291,41.369],[43.325,41.377],[43.317,41.398],[43.316,41.436],[43.314,41.448],[43.289,41.487],[43.283,41.499],[43.281,41.513],[43.293,41.536],[43.295,41.547],[43.261,41.564],[43.238,41.581],[43.226,41.585],[43.183,41.578],[43.171,41.581],[43.153,41.596],[43.141,41.599],[43.097,41.599],[43.083,41.587],[43.062,41.592],[43.055,41.613],[43.062,41.642],[43.076,41.669],[43.09,41.687],[43.122,41.713],[43.385,41.852],[43.48,41.93],[43.536,41.967],[43.61,42.002],[43.751,42.05],[43.784,42.055],[43.816,42.05],[43.909,42.024],[43.924,42.021],[43.939,42.02],[43.955,42.022],[43.986,42.03],[44.001,42.032],[44.032,42.027],[44.083,41.999],[44.11,41.988],[44.201,41.982],[44.232,41.975],[44.31,41.934],[44.34,41.927],[44.393,41.92],[44.439,41.913],[44.482,41.899],[44.525,41.88],[44.71,41.834],[44.74,41.82],[44.76,41.797],[44.76,41.768],[44.803,41.7],[44.813,41.692],[44.869,41.668],[44.922,41.645],[44.935,41.634],[44.961,41.595],[45.001,41.578],[45.011,41.562],[45.004,41.531],[45.012,41.513],[45.025,41.497],[45.034,41.483],[45.063,41.421],[45.069,41.4],[45.073,41.39],[45.091,41.383],[45.098,41.343],[45.149,41.302],[45.168,41.294],[45.212,41.286],[45.252,41.265],[45.276,41.256],[45.389,41.247],[45.454,41.229],[45.488,41.231],[45.502,41.229],[45.511,41.225],[45.53,41.211],[45.552,41.202],[45.561,41.186],[45.569,41.168],[45.584,41.153],[45.615,41.148],[45.66,41.123],[45.67,41.119],[45.695,41.121],[45.708,41.12],[45.718,41.116],[45.723,41.107],[45.724,41.086],[45.75,41.069],[45.772,41.069],[45.79,41.065],[45.797,41.04],[45.806,41.031],[45.872,41.009],[45.906,40.986],[45.92,40.982],[45.932,40.984],[45.945,40.989],[45.959,40.992],[45.972,40.986],[45.999,40.958],[46.01,40.952],[46.016,40.972],[46.01,40.982],[46.032,40.99],[46.047,40.976],[46.059,40.954],[46.071,40.941],[46.081,40.952],[46.093,40.959],[46.104,40.962],[46.118,40.957],[46.137,40.939],[46.146,40.934],[46.175,40.952],[46.187,40.955],[46.201,40.95],[46.227,40.931],[46.239,40.927],[46.259,40.924],[46.309,40.907],[46.34,40.9]],[[47.02,40.78],[47.044,40.768],[47.058,40.756],[47.058,40.738],[47.061,40.727],[47.078,40.716],[47.073,40.705],[47.064,40.692],[47.069,40.677],[47.099,40.674],[47.109,40.675],[47.128,40.679],[47.14,40.674],[47.156,40.644],[47.178,40.64],[47.189,40.639],[47.192,40.623],[47.187,40.614],[47.18,40.599],[47.181,40.586],[47.194,40.571],[47.217,40.557],[47.229,40.548],[47.22,40.537],[47.219,40.524],[47.232,40.519],[47.246,40.533],[47.256,40.54],[47.281,40.533],[47.278,40.515],[47.272,40.497],[47.28,40.489],[47.291,40.485],[47.299,40.478],[47.308,40.468],[47.311,40.456],[47.33,40.454],[47.342,40.455],[47.353,40.459],[47.359,40.441],[47.332,40.421],[47.324,40.414],[47.378,40.399],[47.386,40.388],[47.366,40.365],[47.385,40.359],[47.422,40.364],[47.434,40.352],[47.428,40.343],[47.421,40.325],[47.421,40.314],[47.436,40.307],[47.445,40.296],[47.524,40.283],[47.516,40.274],[47.497,40.268],[47.489,40.262],[47.486,40.251],[47.497,40.242],[47.517,40.208],[47.541,40.178],[47.559,40.177],[47.576,40.188],[47.595,40.197],[47.62,40.194],[47.628,40.189],[47.634,40.177],[47.652,40.172],[47.67,40.179],[47.682,40.173],[47.712,40.203],[47.724,40.203],[47.729,40.176],[47.736,40.164],[47.752,40.16],[47.771,40.159],[47.783,40.154],[47.784,40.141],[47.79,40.116],[47.801,40.097],[47.822,40.101],[47.831,40.105],[47.842,40.104],[47.853,40.1],[47.863,40.098],[47.887,40.081],[47.9,40.08],[47.909,40.088],[47.921,40.09],[47.93,40.086],[47.952,40.078],[47.964,40.076],[47.968,40.103],[47.969,40.114],[47.983,40.127],[47.995,40.122],[48.007,40.115],[48.017,40.112],[48.037,40.122],[48.057,40.135],[48.073,40.136],[48.079,40.108],[48.086,40.097],[48.14,40.071],[48.158,40.067],[48.161,40.05],[48.193,40.062],[48.212,40.065],[48.229,40.064],[48.246,40.054],[48.253,40.047],[48.26,40.031],[48.28,40.044],[48.296,40.05],[48.312,40.046],[48.32,40.032],[48.361,40.035],[48.377,40.036],[48.394,40.029],[48.404,40.038],[48.423,40.039],[48.434,40.036],[48.449,40.025],[48.466,40.022],[48.478,40.028],[48.505,40.036],[48.524,40.051],[48.558,40.085],[48.578,40.099],[48.592,40.099],[48.603,40.089],[48.617,40.074],[48.628,40.069],[48.641,40.071],[48.653,40.075],[48.665,40.078],[48.668,40.06],[48.676,40.052],[48.701,40.041],[48.724,40.038],[48.743,40.033],[48.75,40.019],[48.762,40.015],[48.819,40.008],[48.839,40.003],[48.873,39.982],[48.902,39.958],[48.909,39.95],[48.916,39.942],[48.92,39.932],[48.909,39.911],[48.926,39.879],[48.937,39.867],[48.942,39.858],[48.941,39.833],[48.945,39.816],[48.953,39.806],[48.952,39.79],[48.942,39.774],[48.977,39.743],[48.992,39.729],[48.993,39.718],[48.982,39.704],[48.969,39.676],[48.955,39.666],[48.99,39.654],[49.0,39.643],[49.004,39.622],[49.014,39.61],[49.021,39.602],[49.024,39.591],[48.997,39.571],[49.013,39.557],[49.021,39.547],[49.024,39.535],[49.024,39.519],[49.018,39.503],[48.99,39.482],[48.983,39.471],[49.001,39.452],[49.081,39.445],[49.099,39.437],[49.119,39.426],[49.243,39.42],[49.313,39.396],[49.346,39.376],[49.367,39.351]]]}},{"type":"Feature","properties":{"name":"Talkeh","rank":8.0,"kind":"River","src":"ne_10m_rivers_lake_centerlines"},"geometry":{"type":"MultiLineString","coordinates":[[[45.756,37.727],[45.803,37.795],[45.837,37.829],[45.882,37.843],[45.905,37.843],[45.923,37.846],[45.934,37.857],[45.934,37.884],[45.911,37.909],[45.909,37.926],[45.923,37.936],[45.97,37.949],[45.996,37.973],[46.084,38.016],[46.093,38.025],[46.113,38.055],[46.129,38.066],[46.17,38.076],[46.187,38.084],[46.198,38.094],[46.21,38.097],[46.223,38.099],[46.235,38.104],[46.246,38.123],[46.257,38.131],[46.274,38.131],[46.296,38.12],[46.318,38.095],[46.333,38.087],[46.343,38.086],[46.353,38.088],[46.436,38.125],[46.462,38.132],[46.543,38.143],[46.584,38.156],[46.608,38.159],[46.78,38.152],[46.802,38.168],[46.824,38.174],[46.836,38.172],[46.858,38.166],[46.878,38.165],[46.905,38.17],[46.927,38.172],[46.947,38.164],[46.96,38.144],[46.976,38.104],[46.989,38.084],[47.003,38.074],[47.021,38.07],[47.071,38.067],[47.092,38.061],[47.132,38.043],[47.143,38.032],[47.178,38.001],[47.191,37.994],[47.211,37.988],[47.248,37.982],[47.263,37.974],[47.294,37.945],[47.311,37.936],[47.335,37.933],[47.345,37.93],[47.365,37.915],[47.384,37.911],[47.395,37.908],[47.405,37.904],[47.414,37.899],[47.427,37.903],[47.441,37.896],[47.455,37.885],[47.469,37.878],[47.521,37.88],[47.54,37.894],[47.576,37.906],[47.594,37.911],[47.618,37.914],[47.643,37.919],[47.666,37.933],[47.691,37.952],[47.744,37.984],[47.757,37.998],[47.767,38.014],[47.785,38.034],[47.797,38.053],[47.793,38.069],[47.781,38.088],[47.771,38.113],[47.765,38.144]]]}},{"type":"Feature","properties":{"name":"Byk Menderes","rank":8.0,"kind":"River","src":"ne_10m_rivers_lake_centerlines"},"geometry":{"type":"MultiLineString","coordinates":[[[30.48,38.359],[30.484,38.319],[30.481,38.286],[30.469,38.261],[30.454,38.244],[30.435,38.215],[30.417,38.204],[30.395,38.199],[30.374,38.199],[30.355,38.194],[30.338,38.178],[30.318,38.159],[30.293,38.146],[30.268,38.14],[30.249,38.14],[30.238,38.135],[30.223,38.103],[30.211,38.097],[30.195,38.096],[30.164,38.085],[30.154,38.089],[30.145,38.098],[30.114,38.113],[30.094,38.127],[30.077,38.147],[30.052,38.186],[30.041,38.197],[30.026,38.199],[29.987,38.194],[29.968,38.195],[29.95,38.203],[29.933,38.218],[29.9,38.229],[29.843,38.236],[29.784,38.228],[29.741,38.215],[29.717,38.204],[29.689,38.208],[29.651,38.179],[29.586,38.146],[29.569,38.13],[29.557,38.115],[29.484,38.076],[29.458,38.07],[29.438,38.081],[29.429,38.105],[29.426,38.151],[29.41,38.177],[29.391,38.197],[29.348,38.22],[29.336,38.218],[29.312,38.231],[29.299,38.227],[29.285,38.221],[29.252,38.212],[29.224,38.213],[29.205,38.171],[29.198,38.159],[29.182,38.15],[29.165,38.15],[29.129,38.153],[29.088,38.151],[29.069,38.144],[29.059,38.13],[29.036,38.118],[29.012,38.104],[29.0,38.095],[28.99,38.084],[28.978,38.057],[28.961,38.034],[28.954,37.994],[28.958,37.983],[28.964,37.974],[28.956,37.96],[28.945,37.955],[28.899,37.946],[28.876,37.947],[28.831,37.959],[28.786,37.966],[28.74,37.967],[28.713,37.964],[28.69,37.955],[28.668,37.943],[28.648,37.926],[28.631,37.917],[28.384,37.887],[28.347,37.89],[28.305,37.899],[28.285,37.899],[28.187,37.874],[28.172,37.867],[28.161,37.86],[28.149,37.856],[28.132,37.86],[28.125,37.868],[28.068,37.868],[28.056,37.865],[28.038,37.86],[28.022,37.858],[27.953,37.862],[27.935,37.859],[27.921,37.851],[27.907,37.836],[27.895,37.829],[27.88,37.823],[27.823,37.792],[27.79,37.783],[27.671,37.806],[27.66,37.81],[27.649,37.808],[27.636,37.789],[27.622,37.794],[27.61,37.802],[27.597,37.806],[27.551,37.802],[27.534,37.796],[27.551,37.782],[27.532,37.778],[27.486,37.774],[27.484,37.736],[27.486,37.722],[27.476,37.708],[27.466,37.686],[27.473,37.679],[27.48,37.667],[27.486,37.657],[27.487,37.646],[27.486,37.634],[27.477,37.628],[27.425,37.617],[27.445,37.604],[27.427,37.594],[27.408,37.581],[27.388,37.571],[27.363,37.57],[27.37,37.563],[27.363,37.556],[27.376,37.549],[27.36,37.542],[27.349,37.542],[27.337,37.545],[27.311,37.555],[27.301,37.556],[27.289,37.552],[27.268,37.539],[27.253,37.535],[27.242,37.547],[27.227,37.543],[27.212,37.538],[27.202,37.54],[27.191,37.542],[27.182,37.549]],[[27.28,37.545],[27.278,37.533],[27.258,37.526],[27.232,37.521],[27.212,37.515],[27.207,37.506],[27.2,37.499],[27.195,37.49],[27.191,37.48]]]}},{"type":"Feature","properties":{"name":"Haliacmon","rank":8.0,"kind":"River","src":"ne_10m_rivers_lake_centerlines"},"geometry":{"type":"MultiLineString","coordinates":[[[20.822,40.37],[20.841,40.401],[20.868,40.429],[20.867,40.441],[20.901,40.461],[20.998,40.408],[21.05,40.402],[21.099,40.427],[21.122,40.455],[21.146,40.483],[21.159,40.492],[21.171,40.496],[21.226,40.502],[21.236,40.485],[21.243,40.474],[21.257,40.468],[21.252,40.452],[21.267,40.443],[21.28,40.437],[21.293,40.43],[21.305,40.42],[21.326,40.418],[21.339,40.42],[21.351,40.406],[21.367,40.4],[21.362,40.387],[21.367,40.372],[21.382,40.376],[21.396,40.366],[21.406,40.34],[21.49,40.262],[21.48,40.252],[21.48,40.238],[21.49,40.229],[21.503,40.235],[21.511,40.225],[21.521,40.219],[21.529,40.211],[21.531,40.194],[21.544,40.201],[21.55,40.189],[21.558,40.18],[21.558,40.16],[21.544,40.16],[21.533,40.149],[21.538,40.139],[21.519,40.138],[21.503,40.132],[21.511,40.123],[21.516,40.112],[21.523,40.103],[21.538,40.098],[21.531,40.091],[21.549,40.072],[21.562,40.056],[21.57,40.038],[21.572,40.019],[21.582,40.004],[21.624,39.98],[21.634,39.961],[21.651,39.963],[21.665,39.971],[21.675,39.975],[21.696,39.969],[21.706,39.968],[21.725,39.97],[21.746,39.975],[21.767,39.982],[21.787,39.995],[21.799,39.996],[21.814,40.014],[21.809,40.046],[21.795,40.068],[21.792,40.081],[21.796,40.099],[21.808,40.104],[21.824,40.106],[21.841,40.112],[21.847,40.135],[21.858,40.141],[21.868,40.149],[21.891,40.164],[21.899,40.173],[21.924,40.212],[21.933,40.222],[21.946,40.23],[21.963,40.235],[22.021,40.273],[22.037,40.278],[22.047,40.283],[22.056,40.289],[22.064,40.296],[22.091,40.301],[22.103,40.31],[22.11,40.331],[22.143,40.349],[22.154,40.371],[22.168,40.381],[22.184,40.39],[22.196,40.4],[22.209,40.434],[22.227,40.46],[22.235,40.475],[22.271,40.509],[22.286,40.517],[22.322,40.53],[22.336,40.54],[22.343,40.549],[22.35,40.556],[22.372,40.558],[22.382,40.561],[22.393,40.565],[22.402,40.571],[22.415,40.581],[22.426,40.587],[22.441,40.591],[22.466,40.592],[22.489,40.586],[22.506,40.574],[22.521,40.561],[22.539,40.551],[22.56,40.549],[22.582,40.551],[22.599,40.548],[22.613,40.522],[22.645,40.49],[22.655,40.482]]]}},{"type":"Feature","properties":{"name":"Mures","rank":8.0,"kind":"River","src":"ne_10m_rivers_lake_centerlines"},"geometry":{"type":"MultiLineString","coordinates":[[[25.673,46.635],[25.643,46.636],[25.615,46.64],[25.579,46.653],[25.517,46.67],[25.495,46.68],[25.474,46.693],[25.457,46.709],[25.447,46.73],[25.447,46.751],[25.462,46.789],[25.466,46.809],[25.461,46.854],[25.44,46.885],[25.407,46.906],[25.368,46.919],[25.176,46.968],[25.154,46.968],[25.092,46.963],[25.067,46.964],[25.0,46.985],[24.958,46.985],[24.915,46.971],[24.839,46.928],[24.819,46.912],[24.802,46.895],[24.759,46.835],[24.707,46.786],[24.612,46.635],[24.545,46.561],[24.455,46.506],[24.355,46.473],[24.26,46.462],[24.238,46.466],[24.198,46.482],[24.158,46.488],[24.144,46.482],[24.136,46.475],[24.131,46.459],[24.111,46.454],[24.113,46.469],[24.091,46.481],[24.074,46.471],[24.064,46.465],[24.052,46.452],[24.036,46.459],[24.021,46.455],[24.001,46.438],[23.991,46.432],[23.74,46.362],[23.731,46.354],[23.747,46.338],[23.753,46.329],[23.749,46.308],[23.722,46.275],[23.714,46.255],[23.722,46.244],[23.724,46.218],[23.699,46.155],[23.695,46.139],[23.688,46.13],[23.678,46.122],[23.659,46.118],[23.649,46.113],[23.632,46.098],[23.604,46.056],[23.587,46.039],[23.572,46.032],[23.54,46.025],[23.525,46.02],[23.501,46.024],[23.476,46.014],[23.438,46.003],[23.42,45.996],[23.39,45.97],[23.377,45.963],[23.353,45.969],[23.32,45.963],[23.258,45.941],[23.245,45.935],[23.221,45.913],[23.208,45.905],[23.161,45.896],[23.114,45.875],[23.091,45.869],[23.064,45.871],[23.044,45.879],[23.004,45.901],[22.985,45.91],[22.87,45.945],[22.846,45.947],[22.79,45.94],[22.764,45.94],[22.649,45.954],[22.545,45.95],[22.521,45.953],[22.494,45.962],[22.468,45.974],[22.447,45.988],[22.417,46.017],[22.396,46.022],[22.309,46.017],[22.266,46.026],[22.245,46.026],[22.203,46.018],[22.135,46.017],[22.121,46.02],[22.099,46.037],[22.066,46.052],[22.035,46.087],[22.016,46.102],[21.986,46.111],[21.785,46.108],[21.774,46.11],[21.752,46.118],[21.741,46.12],[21.727,46.118],[21.688,46.105],[21.677,46.105],[21.666,46.106],[21.506,46.149],[21.424,46.15],[21.398,46.154],[21.377,46.164],[21.339,46.194],[21.318,46.197],[21.167,46.165],[21.114,46.163],[21.048,46.171],[21.026,46.172],[21.014,46.17],[21.0,46.167],[20.988,46.156],[20.978,46.148],[20.968,46.132],[20.952,46.12],[20.93,46.097],[20.903,46.084],[20.874,46.081],[20.845,46.086],[20.819,46.097],[20.807,46.105],[20.783,46.129],[20.772,46.137],[20.753,46.142],[20.664,46.146],[20.624,46.139],[20.603,46.142],[20.487,46.181],[20.402,46.214],[20.314,46.235],[20.243,46.234],[20.209,46.239],[20.181,46.259]]]}},{"type":"Feature","properties":{"name":"Aras","rank":8.0,"kind":"River","src":"ne_10m_rivers_lake_centerlines"},"geometry":{"type":"MultiLineString","coordinates":[[[43.467,40.798],[43.477,40.795],[43.497,40.793],[43.507,40.79],[43.524,40.791],[43.53,40.779],[43.539,40.77],[43.554,40.747],[43.57,40.741],[43.583,40.734],[43.643,40.71],[43.652,40.705],[43.654,40.694],[43.663,40.681],[43.669,40.659],[43.686,40.652],[43.697,40.64],[43.707,40.612],[43.664,40.574],[43.651,40.554],[43.652,40.53],[43.642,40.535],[43.631,40.537],[43.638,40.523],[43.615,40.521],[43.593,40.509],[43.559,40.478],[43.563,40.465],[43.584,40.447],[43.625,40.42],[43.609,40.373],[43.601,40.362],[43.594,40.346],[43.604,40.33],[43.631,40.31],[43.676,40.266],[43.691,40.239],[43.673,40.228],[43.683,40.21],[43.714,40.181],[43.721,40.17],[43.711,40.157],[43.666,40.149],[43.652,40.139],[43.665,40.11],[43.711,40.091],[43.802,40.071],[43.912,40.025],[44.032,40.009],[44.048,40.013],[44.083,40.032],[44.104,40.036],[44.126,40.025],[44.146,40.024],[44.166,40.028],[44.195,40.031],[44.255,40.044],[44.289,40.044],[44.325,40.035],[44.464,39.973],[44.522,39.934],[44.547,39.912],[44.559,39.897],[44.563,39.882],[44.575,39.867],[44.591,39.858],[44.594,39.848],[44.594,39.837],[44.611,39.838],[44.647,39.805],[44.666,39.797],[44.682,39.797],[44.691,39.793],[44.759,39.723],[44.784,39.69],[44.795,39.653],[44.809,39.637],[44.827,39.629],[44.849,39.626],[44.872,39.625],[44.865,39.618],[44.886,39.606],[44.898,39.585],[44.928,39.488],[44.94,39.468],[44.961,39.454],[44.953,39.442],[44.982,39.42],[44.998,39.42],[45.01,39.414],[45.051,39.387],[45.06,39.375],[45.068,39.364],[45.078,39.355],[45.096,39.341],[45.12,39.299],[45.128,39.289],[45.135,39.279],[45.146,39.229],[45.152,39.214],[45.178,39.22],[45.283,39.193],[45.292,39.199],[45.311,39.201],[45.311,39.185],[45.321,39.173],[45.334,39.171],[45.348,39.164],[45.353,39.153],[45.345,39.139],[45.351,39.129],[45.369,39.119],[45.379,39.111],[45.391,39.082],[45.405,39.068],[45.429,39.06],[45.432,39.043],[45.425,39.026],[45.427,39.015],[45.438,39.004],[45.459,38.993],[45.482,38.985],[45.51,38.979],[45.531,38.97],[45.543,38.967],[45.57,38.967],[45.627,38.956],[45.716,38.955],[45.791,38.932],[46.001,38.898],[46.067,38.874],[46.126,38.863],[46.202,38.871],[46.22,38.877],[46.271,38.907],[46.291,38.914],[46.304,38.917],[46.343,38.918],[46.367,38.924],[46.378,38.925],[46.391,38.923],[46.496,38.886],[46.514,38.882],[46.532,38.883],[46.553,38.89],[46.569,38.898],[46.585,38.908],[46.599,38.92],[46.61,38.934],[46.638,38.98],[46.652,38.993],[46.67,39.005],[46.728,39.028],[46.744,39.04],[46.761,39.071],[46.773,39.086],[46.798,39.098],[46.811,39.109],[46.837,39.143],[46.851,39.156],[46.866,39.166],[46.882,39.172],[46.898,39.172],[46.926,39.162],[46.941,39.159],[46.953,39.161],[47.02,39.19],[47.03,39.2],[47.052,39.245],[47.088,39.29],[47.092,39.3],[47.102,39.309],[47.15,39.331],[47.249,39.362],[47.291,39.38],[47.324,39.406],[47.374,39.456],[47.407,39.477],[47.448,39.495],[47.518,39.513],[47.541,39.515],[47.554,39.522],[47.607,39.564],[47.745,39.624],[47.803,39.67],[47.823,39.681],[47.846,39.685],[47.922,39.684],[47.935,39.687],[47.945,39.694],[47.963,39.714],[47.975,39.722],[47.976,39.751],[47.979,39.763],[47.991,39.78],[48.0,39.798],[48.01,39.806],[48.026,39.809],[48.042,39.824],[48.064,39.816],[48.071,39.838],[48.081,39.856],[48.092,39.865],[48.113,39.866],[48.114,39.881],[48.169,39.881],[48.192,39.889],[48.203,39.895],[48.217,39.895],[48.231,39.893],[48.243,39.893],[48.257,39.9],[48.279,39.919],[48.291,39.927],[48.316,39.936],[48.33,39.939],[48.342,39.94],[48.358,39.951],[48.369,39.958],[48.383,39.961],[48.434,39.988],[48.469,40.023]]]}},{"type":"Feature","properties":{"name":"Murat","rank":9.0,"kind":"Lake Centerline","src":"ne_10m_rivers_lake_centerlines"},"geometry":{"type":"MultiLineString","coordinates":[[[39.861,38.685],[39.85,38.67],[39.833,38.655],[39.817,38.643],[39.798,38.638],[39.78,38.636],[39.737,38.64],[39.726,38.644],[39.707,38.653],[39.689,38.663],[39.671,38.663],[39.646,38.657],[39.616,38.657],[39.586,38.661],[39.561,38.659],[39.528,38.656],[39.5,38.669],[39.488,38.7],[39.481,38.727],[39.481,38.75],[39.477,38.767],[39.465,38.77],[39.452,38.775],[39.44,38.78],[39.429,38.782],[39.404,38.777],[39.39,38.783],[39.371,38.801],[39.355,38.808],[39.307,38.823],[39.29,38.832],[39.275,38.841],[39.261,38.853],[39.249,38.857],[39.235,38.859],[39.206,38.858],[39.11,38.876],[39.087,38.884],[39.069,38.887],[39.051,38.888],[39.034,38.887],[39.004,38.897],[38.92,38.892],[38.813,38.875]]]}},{"type":"Feature","properties":{"name":"Murat","rank":9.0,"kind":"River","src":"ne_10m_rivers_lake_centerlines"},"geometry":{"type":"MultiLineString","coordinates":[[[43.584,39.412],[43.625,39.46],[43.631,39.471],[43.638,39.48],[43.67,39.503],[43.679,39.515],[43.67,39.549],[43.636,39.575],[43.563,39.604],[43.525,39.612],[43.442,39.618],[43.405,39.625],[43.39,39.633],[43.379,39.642],[43.366,39.65],[43.347,39.653],[43.336,39.656],[43.322,39.67],[43.312,39.673],[43.301,39.672],[43.28,39.667],[43.267,39.666],[43.229,39.671],[43.118,39.707],[43.073,39.712],[43.051,39.711],[43.042,39.704],[43.011,39.651],[43.001,39.639],[42.985,39.641],[42.974,39.646],[42.969,39.632],[42.956,39.608],[42.947,39.603],[42.937,39.601],[42.921,39.576],[42.911,39.567],[42.891,39.557],[42.852,39.542],[42.768,39.529],[42.726,39.515],[42.71,39.505],[42.696,39.492],[42.671,39.461],[42.658,39.44],[42.634,39.434],[42.604,39.399],[42.575,39.378],[42.565,39.365],[42.539,39.294],[42.535,39.267],[42.542,39.249],[42.536,39.233],[42.533,39.216],[42.533,39.201],[42.528,39.169],[42.511,39.159],[42.466,39.166],[42.402,39.165],[42.377,39.159],[42.353,39.169],[42.253,39.158],[42.212,39.166],[42.195,39.161],[42.166,39.165],[42.15,39.159],[42.121,39.135],[42.108,39.128],[42.089,39.124],[42.059,39.124],[42.048,39.121],[42.035,39.111],[42.015,39.093],[42.0,39.092],[41.985,39.094],[41.966,39.105],[41.955,39.091],[41.939,39.083],[41.921,39.082],[41.904,39.091],[41.904,39.067],[41.891,39.057],[41.831,39.056],[41.732,39.038],[41.709,39.036],[41.687,39.038],[41.672,39.042],[41.637,39.057],[41.612,39.056],[41.592,39.061],[41.571,39.074],[41.545,39.07],[41.536,39.052],[41.534,39.009],[41.527,38.993],[41.532,38.978],[41.54,38.969],[41.542,38.957],[41.524,38.943],[41.523,38.922],[41.527,38.906],[41.541,38.885],[41.548,38.87],[41.548,38.858],[41.539,38.851],[41.528,38.853],[41.507,38.864],[41.485,38.871],[41.474,38.867],[41.475,38.856],[41.452,38.838],[41.438,38.823],[41.427,38.838],[41.418,38.845],[41.407,38.83],[41.377,38.845],[41.367,38.84],[41.356,38.858],[41.341,38.854],[41.328,38.858],[41.316,38.849],[41.297,38.843],[41.238,38.835],[41.222,38.828],[41.21,38.817],[41.198,38.804],[41.178,38.771],[41.166,38.76],[41.147,38.755],[41.13,38.759],[40.99,38.849],[40.95,38.888],[40.938,38.892],[40.927,38.89],[40.912,38.88],[40.886,38.876],[40.764,38.839],[40.743,38.837],[40.705,38.839],[40.69,38.837],[40.671,38.83],[40.623,38.802],[40.607,38.78],[40.585,38.773],[40.56,38.768],[40.541,38.763],[40.528,38.746],[40.511,38.738],[40.491,38.735],[40.468,38.731],[40.434,38.717],[40.418,38.713],[40.253,38.741],[40.246,38.748],[40.221,38.739],[40.197,38.742],[40.172,38.751],[40.146,38.755],[40.133,38.753],[40.119,38.743],[40.105,38.741],[40.059,38.746],[40.031,38.728],[40.008,38.716],[39.926,38.688],[39.902,38.688],[39.889,38.691],[39.879,38.692],[39.861,38.685]]]}},{"type":"Feature","properties":{"name":"Oka","rank":10,"kind":"River","src":"ne_10m_rivers_europe"},"geometry":{"type":"MultiLineString","coordinates":[[[48.007,46.346],[48.024,46.318],[48.045,46.288],[48.074,46.266],[48.124,46.22],[48.16,46.181],[48.177,46.149],[48.184,46.127],[48.213,46.089],[48.228,46.065],[48.242,46.036],[48.297,45.95],[48.328,45.909],[48.365,45.876]]]}},{"type":"Feature","properties":{"name":"","rank":10,"kind":"River","src":"ne_10m_rivers_europe"},"geometry":{"type":"MultiLineString","coordinates":[[[33.468,41.378],[33.451,41.369],[33.436,41.367],[33.421,41.373],[33.411,41.385],[33.406,41.398],[33.407,41.414],[33.411,41.433],[33.425,41.454],[33.446,41.472],[33.472,41.482],[33.495,41.485],[33.556,41.486],[33.596,41.484],[33.677,41.464],[33.745,41.463],[33.777,41.458],[33.809,41.456],[33.844,41.463],[33.878,41.476],[33.905,41.49],[33.929,41.498],[33.957,41.497],[33.993,41.491],[34.077,41.483],[34.118,41.472],[34.131,41.473],[34.143,41.48],[34.17,41.505],[34.217,41.529],[34.234,41.546],[34.257,41.563],[34.296,41.578],[34.336,41.59],[34.386,41.613],[34.416,41.623],[34.448,41.628],[34.498,41.627],[34.576,41.636],[34.597,41.633],[34.621,41.625],[34.641,41.613],[34.676,41.579],[34.712,41.554],[34.767,41.526],[34.782,41.516],[34.803,41.495],[34.831,41.473],[34.86,41.463],[34.89,41.458],[34.922,41.449],[34.975,41.426],[34.994,41.419],[35.038,41.422],[35.113,41.4]]]}},{"type":"Feature","properties":{"name":"Tundzha","rank":10,"kind":"River","src":"ne_10m_rivers_europe"},"geometry":{"type":"MultiLineString","coordinates":[[[25.927,42.603],[26.006,42.609],[26.037,42.615],[26.061,42.625],[26.081,42.638],[26.099,42.644],[26.118,42.639],[26.14,42.629],[26.167,42.623],[26.191,42.623],[26.217,42.629],[26.236,42.629],[26.255,42.625],[26.276,42.61],[26.322,42.59],[26.345,42.576],[26.367,42.568],[26.389,42.57],[26.419,42.578],[26.46,42.584],[26.5,42.581],[26.524,42.567],[26.531,42.546],[26.53,42.527],[26.519,42.51],[26.503,42.496],[26.495,42.479],[26.503,42.454],[26.516,42.429],[26.519,42.394],[26.529,42.371],[26.563,42.321],[26.576,42.298],[26.583,42.274],[26.582,42.254],[26.572,42.231],[26.573,42.216],[26.567,42.193],[26.521,42.128],[26.502,42.078],[26.491,42.071],[26.486,42.062],[26.492,42.038],[26.513,42.0],[26.544,41.957],[26.569,41.917],[26.573,41.888],[26.564,41.862],[26.548,41.799],[26.536,41.776],[26.543,41.767],[26.55,41.755],[26.54,41.722],[26.546,41.71],[26.553,41.702],[26.547,41.685],[26.553,41.675],[26.561,41.655]],[[24.974,42.694],[24.978,42.668],[24.974,42.632],[24.983,42.619],[25.01,42.61],[25.054,42.605],[25.1,42.606],[25.15,42.614],[25.188,42.612],[25.212,42.614],[25.236,42.619],[25.254,42.626],[25.28,42.626],[25.322,42.618],[25.362,42.606],[25.403,42.589],[25.487,42.569],[25.525,42.554],[25.542,42.552],[25.572,42.559],[25.658,42.587],[25.721,42.603],[25.78,42.625],[25.814,42.633],[25.831,42.641]]]}},{"type":"Feature","properties":{"name":"","rank":11,"kind":"River","src":"ne_10m_rivers_europe"},"geometry":{"type":"MultiLineString","coordinates":[[[38.452,48.333],[38.439,48.325],[38.431,48.314],[38.425,48.28],[38.415,48.266],[38.396,48.258],[38.372,48.252],[38.341,48.251],[38.304,48.253],[38.273,48.251],[38.238,48.226],[38.164,48.203],[38.142,48.192],[38.141,48.176],[38.172,48.136],[38.189,48.104],[38.22,48.086],[38.236,48.071],[38.247,48.055],[38.253,48.027],[38.274,47.984],[38.274,47.973],[38.279,47.962],[38.303,47.943],[38.339,47.923],[38.396,47.898],[38.418,47.869],[38.443,47.864],[38.469,47.87],[38.481,47.885],[38.498,47.898],[38.533,47.899],[38.6,47.885],[38.606,47.873],[38.591,47.852],[38.571,47.831],[38.563,47.819],[38.571,47.813],[38.649,47.788],[38.694,47.767],[38.7,47.758],[38.702,47.739],[38.724,47.725],[38.733,47.696],[38.765,47.668],[38.781,47.648],[38.795,47.641],[38.813,47.629],[38.829,47.607],[38.837,47.583],[38.836,47.559],[38.84,47.548],[38.85,47.537],[38.878,47.522],[38.892,47.508],[38.9,47.49],[38.902,47.473],[38.898,47.459],[38.89,47.448],[38.886,47.435],[38.893,47.416],[38.894,47.391],[38.878,47.364],[38.853,47.345],[38.82,47.337],[38.818,47.308],[38.81,47.288]]]}},{"type":"Feature","properties":{"name":"","rank":11,"kind":"River","src":"ne_10m_rivers_europe"},"geometry":{"type":"MultiLineString","coordinates":[[[47.667,47.79],[47.72,47.79],[47.742,47.786],[47.759,47.779],[47.773,47.769],[47.783,47.751],[47.792,47.725],[47.796,47.699],[47.793,47.673],[47.803,47.661],[47.825,47.65],[47.878,47.639],[47.902,47.63],[47.926,47.625],[47.987,47.636],[48.027,47.629],[48.063,47.618],[48.096,47.611],[48.111,47.588],[48.144,47.562],[48.185,47.517],[48.206,47.505],[48.225,47.499],[48.239,47.491],[48.251,47.487],[48.285,47.491],[48.296,47.486],[48.288,47.458],[48.29,47.441],[48.3,47.43],[48.313,47.435],[48.33,47.436],[48.349,47.416],[48.36,47.388],[48.358,47.371],[48.354,47.359],[48.366,47.334],[48.36,47.306],[48.367,47.289],[48.379,47.281],[48.411,47.301],[48.496,47.322],[48.549,47.341],[48.566,47.342],[48.579,47.337],[48.588,47.327],[48.605,47.323],[48.638,47.33],[48.682,47.346]]]}},{"type":"Feature","properties":{"name":"Karasu","rank":11,"kind":"River","src":"ne_10m_rivers_europe"},"geometry":{"type":"MultiLineString","coordinates":[[[47.809,38.182],[47.81,38.154],[47.82,38.135],[47.842,38.118],[47.905,38.103],[47.928,38.085],[47.951,38.064],[47.982,38.046],[48.015,38.039],[48.041,38.042],[48.06,38.056],[48.095,38.094],[48.135,38.113],[48.163,38.137],[48.187,38.162],[48.206,38.189],[48.226,38.207],[48.26,38.228],[48.339,38.272],[48.359,38.29],[48.36,38.31],[48.354,38.333],[48.337,38.356],[48.314,38.375],[48.284,38.388],[48.249,38.396],[48.21,38.408],[48.127,38.454],[48.053,38.479],[48.038,38.493],[48.028,38.511],[48.007,38.531],[47.981,38.548],[47.895,38.582],[47.856,38.594],[47.82,38.599],[47.789,38.594],[47.761,38.584],[47.738,38.571],[47.711,38.548],[47.681,38.547],[47.613,38.533],[47.579,38.534],[47.556,38.541],[47.536,38.557],[47.52,38.562],[47.508,38.57],[47.51,38.588],[47.52,38.617],[47.528,38.656],[47.531,38.694],[47.528,38.72],[47.52,38.738],[47.507,38.754],[47.497,38.775],[47.495,38.805],[47.496,38.836],[47.49,38.874],[47.495,38.894],[47.534,38.96],[47.537,38.982],[47.533,39.005],[47.526,39.029],[47.523,39.059],[47.539,39.148],[47.538,39.208],[47.527,39.267],[47.512,39.314],[47.495,39.343],[47.47,39.372],[47.435,39.418],[47.407,39.477]]]}},{"type":"Feature","properties":{"name":"","rank":11,"kind":"River","src":"ne_10m_rivers_europe"},"geometry":{"type":"MultiLineString","coordinates":[[[39.566,38.811],[39.532,38.806],[39.508,38.782]],[[41.15,39.592],[41.185,39.589],[41.21,39.584],[41.22,39.575],[41.215,39.561],[41.189,39.523],[41.183,39.506],[41.168,39.488],[41.106,39.449],[41.081,39.426],[41.052,39.411],[40.992,39.388],[40.962,39.387],[40.868,39.401],[40.825,39.402],[40.788,39.399],[40.738,39.39],[40.689,39.387],[40.64,39.392],[40.599,39.404],[40.515,39.444],[40.457,39.461],[40.418,39.463],[40.374,39.458],[40.348,39.447],[40.315,39.428],[40.307,39.412],[40.314,39.403],[40.335,39.392],[40.363,39.371],[40.382,39.346],[40.384,39.326],[40.375,39.308],[40.364,39.271],[40.349,39.252],[40.335,39.239],[40.324,39.216],[40.279,39.201],[40.244,39.193],[40.015,39.097],[39.961,39.095],[39.911,39.086],[39.892,39.075],[39.879,39.059],[39.89,39.021],[39.894,38.985],[39.88,38.939],[39.854,38.896],[39.818,38.865],[39.801,38.858]]]}},{"type":"Feature","properties":{"name":"","rank":11,"kind":"River","src":"ne_10m_rivers_europe"},"geometry":{"type":"MultiLineString","coordinates":[[[44.756,43.936],[44.795,43.94],[44.817,43.947],[44.831,43.957],[44.834,43.969],[44.835,43.981],[44.843,43.99],[44.854,43.988],[44.877,43.952],[44.898,43.939],[44.918,43.93],[44.931,43.92],[44.949,43.915],[45.029,43.917],[45.109,43.909],[45.124,43.912],[45.166,43.925],[45.183,43.935],[45.218,43.933],[45.235,43.937],[45.251,43.956],[45.285,44.029],[45.302,44.051],[45.322,44.059],[45.349,44.06],[45.373,44.054],[45.404,44.041],[45.449,44.04],[45.485,44.032],[45.54,44.024],[45.608,44.01],[45.645,44.012],[45.681,44.005],[45.72,44.0],[45.761,44.0],[45.815,44.009],[45.889,44.007],[45.961,44.016],[45.985,44.013],[46.007,44.008],[46.032,44.005],[46.061,44.009],[46.116,44.026],[46.179,44.031],[46.219,44.045],[46.251,44.051],[46.261,44.073],[46.275,44.088],[46.292,44.098],[46.318,44.105],[46.331,44.116],[46.351,44.128],[46.376,44.134],[46.397,44.141],[46.404,44.157],[46.398,44.174],[46.385,44.198],[46.382,44.215],[46.385,44.231],[46.4,44.242],[46.407,44.265],[46.419,44.279],[46.427,44.297],[46.412,44.338],[46.416,44.351],[46.431,44.354],[46.467,44.342],[46.479,44.342],[46.493,44.345],[46.536,44.347],[46.559,44.353],[46.576,44.364],[46.583,44.377],[46.589,44.398],[46.603,44.429],[46.625,44.454],[46.649,44.463],[46.672,44.463],[46.698,44.466]]]}},{"type":"Feature","properties":{"name":"Levi Iskar","rank":12,"kind":"River","src":"ne_10m_rivers_europe"},"geometry":{"type":"MultiLineString","coordinates":[[[23.507,42.108],[23.528,42.112],[23.545,42.119],[23.559,42.131],[23.565,42.145],[23.563,42.159],[23.556,42.188],[23.547,42.237],[23.542,42.284],[23.544,42.307],[23.549,42.321],[23.554,42.348],[23.553,42.381],[23.545,42.41],[23.542,42.433],[23.56,42.468]],[[23.544,42.513],[23.54,42.527],[23.468,42.562],[23.44,42.579],[23.419,42.596],[23.412,42.616],[23.414,42.638],[23.42,42.659],[23.417,42.693],[23.419,42.709],[23.414,42.729],[23.375,42.778],[23.368,42.804],[23.368,42.823],[23.363,42.835],[23.363,42.849],[23.383,42.903],[23.386,42.929],[23.378,42.948],[23.355,42.973],[23.361,42.993],[23.358,43.009],[23.357,43.033],[23.366,43.063],[23.388,43.089],[23.417,43.102],[23.444,43.102],[23.48,43.086],[23.508,43.083],[23.539,43.086],[23.569,43.09],[23.593,43.098],[23.632,43.115],[23.685,43.127],[23.698,43.136],[23.723,43.143],[23.833,43.146],[23.873,43.151],[23.893,43.159],[23.903,43.167],[23.927,43.168],[23.947,43.169],[23.962,43.179],[23.984,43.19],[24.055,43.194],[24.07,43.205],[24.069,43.217],[24.054,43.232],[24.049,43.251],[24.051,43.27],[24.065,43.285],[24.063,43.315],[24.07,43.327],[24.083,43.334],[24.114,43.338],[24.138,43.354],[24.194,43.376],[24.215,43.388],[24.227,43.403],[24.233,43.423],[24.233,43.441],[24.229,43.451],[24.237,43.469],[24.245,43.488],[24.246,43.537],[24.26,43.555],[24.287,43.569],[24.353,43.594],[24.378,43.608],[24.399,43.627],[24.42,43.648],[24.436,43.673],[24.448,43.701],[24.452,43.724],[24.449,43.739],[24.442,43.748],[24.42,43.789]]]}},{"type":"Feature","properties":{"name":"Hrazdan","rank":10,"kind":"River","src":"ne_10m_rivers_europe"},"geometry":{"type":"MultiLineString","coordinates":[[[45.073,40.068],[45.109,40.057],[45.149,40.053],[45.191,40.031],[45.21,40.025],[45.227,40.034],[45.245,40.056],[45.259,40.084],[45.266,40.107],[45.266,40.122],[45.262,40.133],[45.269,40.158]],[[45.009,40.566],[44.979,40.563],[44.941,40.562],[44.909,40.566],[44.893,40.572],[44.884,40.579],[44.866,40.584],[44.837,40.582],[44.8,40.573],[44.77,40.559],[44.76,40.544],[44.758,40.526],[44.744,40.508],[44.725,40.491],[44.708,40.478],[44.69,40.472],[44.67,40.468],[44.647,40.461],[44.62,40.446],[44.603,40.425],[44.6,40.406],[44.602,40.386],[44.59,40.337],[44.584,40.291],[44.575,40.273],[44.554,40.256],[44.526,40.238],[44.502,40.219],[44.495,40.202],[44.494,40.187],[44.485,40.173],[44.47,40.165],[44.442,40.158],[44.421,40.142],[44.402,40.12],[44.393,40.099],[44.39,40.079]]]}},{"type":"Feature","properties":{"name":"Ialomi\u021ba","rank":10,"kind":"River","src":"ne_10m_rivers_europe"},"geometry":{"type":"MultiLineString","coordinates":[[[25.678,45.519],[25.662,45.523],[25.65,45.52],[25.644,45.508],[25.644,45.49],[25.647,45.475],[25.638,45.464],[25.569,45.451],[25.548,45.439],[25.543,45.418],[25.545,45.39],[25.551,45.36],[25.558,45.338],[25.57,45.322],[25.608,45.292],[25.639,45.239],[25.68,45.188],[25.701,45.156],[25.723,45.134],[25.75,45.102],[25.775,45.061],[25.795,45.016],[25.812,44.973],[25.83,44.935],[25.856,44.905],[25.876,44.885],[25.883,44.872],[25.901,44.863],[26.003,44.836],[26.067,44.812],[26.1,44.805],[26.139,44.805],[26.225,44.82],[26.26,44.823],[26.286,44.819],[26.326,44.797],[26.357,44.788],[26.378,44.772],[26.396,44.766],[26.417,44.764],[26.436,44.765],[26.45,44.762],[26.481,44.723]]]}},{"type":"Feature","properties":{"name":"","rank":11,"kind":"River","src":"ne_10m_rivers_europe"},"geometry":{"type":"MultiLineString","coordinates":[[[36.341,37.749],[36.34,37.701],[36.346,37.668],[36.345,37.648],[36.339,37.627],[36.328,37.61],[36.31,37.597],[36.285,37.587],[36.27,37.578],[36.257,37.561],[36.229,37.537],[36.22,37.506],[36.233,37.478],[36.247,37.468],[36.257,37.455],[36.262,37.389],[36.278,37.374],[36.278,37.355],[36.267,37.308],[36.261,37.252],[36.24,37.204],[36.235,37.184],[36.229,37.169],[36.216,37.159],[36.185,37.162],[36.081,37.203],[36.027,37.219],[35.978,37.222],[35.934,37.216],[35.893,37.204],[35.866,37.198]]]}},{"type":"Feature","properties":{"name":"","rank":11,"kind":"Intermittent River","src":"ne_10m_rivers_europe"},"geometry":{"type":"MultiLineString","coordinates":[[[41.804,36.343],[41.818,36.291],[41.824,36.248],[41.821,36.215],[41.814,36.19],[41.812,36.167],[41.815,36.144],[41.824,36.099],[41.818,36.066],[41.817,36.024],[41.812,36.004],[41.802,35.985],[41.786,35.967],[41.765,35.953],[41.715,35.935],[41.692,35.92],[41.675,35.897],[41.661,35.868],[41.653,35.843],[41.651,35.827],[41.645,35.815],[41.627,35.797],[41.585,35.769],[41.459,35.696],[41.412,35.659],[41.368,35.641],[41.326,35.61],[41.305,35.602],[41.289,35.592],[41.269,35.549],[41.249,35.541],[41.227,35.54],[41.21,35.534],[41.197,35.52],[41.185,35.502],[41.179,35.484],[41.177,35.46],[41.157,35.42],[41.16,35.376],[41.153,35.348],[41.137,35.319],[41.095,35.27],[41.079,35.238],[41.073,35.211],[41.074,35.195],[41.072,35.183],[41.044,35.138],[41.036,35.117],[41.038,35.103],[41.056,35.086],[41.057,35.064],[41.065,35.046],[41.081,35.031],[41.109,35.017],[41.104,34.988],[41.111,34.964],[41.126,34.939],[41.158,34.908],[41.166,34.893],[41.194,34.82],[41.199,34.793],[41.198,34.769],[41.193,34.746],[41.192,34.73],[41.199,34.72],[41.205,34.706],[41.197,34.676],[41.181,34.642],[41.165,34.616],[41.148,34.6],[41.115,34.581],[41.08,34.555],[41.059,34.543],[41.034,34.537],[41.008,34.538],[40.983,34.533],[40.959,34.512],[40.938,34.476]]]}},{"type":"Feature","properties":{"name":"","rank":10,"kind":"River","src":"ne_10m_rivers_europe"},"geometry":{"type":"MultiLineString","coordinates":[[[53.81,36.217],[53.789,36.213],[53.772,36.215],[53.764,36.23],[53.767,36.283],[53.762,36.297],[53.746,36.3],[53.696,36.298],[53.65,36.301],[53.616,36.299],[53.582,36.301],[53.557,36.311],[53.539,36.324],[53.519,36.335],[53.488,36.341],[53.403,36.345],[53.375,36.351],[53.357,36.358],[53.281,36.364],[53.222,36.356],[53.2,36.356],[53.187,36.363],[53.179,36.374],[53.151,36.428],[53.128,36.46],[53.105,36.483],[53.089,36.503],[53.083,36.527],[53.087,36.593],[53.093,36.624],[53.1,36.641],[53.102,36.655],[53.096,36.679],[53.092,36.703],[53.101,36.718],[53.113,36.729],[53.135,36.797],[53.131,36.811],[53.12,36.823]]]}},{"type":"Feature","properties":{"name":"","rank":11,"kind":"River","src":"ne_10m_rivers_europe"},"geometry":{"type":"MultiLineString","coordinates":[[[43.553,43.952],[43.592,43.966],[43.616,43.966],[43.64,43.959],[43.676,43.959],[43.716,43.964],[43.75,43.971],[43.77,43.98],[43.785,43.995],[43.82,44.003],[43.856,44.019],[43.888,44.019],[43.925,44.028],[43.962,44.031],[44.034,44.031],[44.055,44.027],[44.096,44.014],[44.179,44.003],[44.213,43.995],[44.243,43.993],[44.279,44.002],[44.312,44.013],[44.37,44.022],[44.483,44.049],[44.518,44.055],[44.534,44.053],[44.562,44.04],[44.62,44.038],[44.707,44.024],[44.764,44.029],[44.802,44.025],[44.82,44.032],[44.832,44.043],[44.839,44.062],[44.848,44.068],[44.854,44.079],[44.848,44.099],[44.808,44.193],[44.801,44.205],[44.794,44.223],[44.782,44.267],[44.774,44.322],[44.779,44.367],[44.786,44.395],[44.786,44.41],[44.783,44.423],[44.784,44.444],[44.788,44.466],[44.822,44.54],[44.835,44.552],[44.846,44.559],[44.861,44.581],[44.886,44.599],[44.892,44.61],[44.901,44.617],[44.952,44.624],[44.978,44.634],[45.002,44.649],[45.025,44.668],[45.041,44.686],[45.048,44.7],[45.054,44.708],[45.07,44.715],[45.093,44.719]]]}},{"type":"Feature","properties":{"name":"","rank":12,"kind":"River","src":"ne_10m_rivers_europe"},"geometry":{"type":"MultiLineString","coordinates":[[[46.735,46.667],[46.745,46.669],[46.757,46.637],[46.767,46.623],[46.781,46.614],[46.794,46.612],[46.798,46.599],[46.8,46.587],[46.814,46.579],[46.864,46.573],[46.88,46.568],[46.881,46.554],[46.874,46.536],[46.875,46.505],[46.858,46.481],[46.854,46.466],[46.858,46.453],[46.875,46.442],[46.88,46.432],[46.878,46.418],[46.865,46.394],[46.882,46.382],[46.894,46.362],[46.926,46.353],[46.944,46.338],[46.986,46.325],[47.065,46.323],[47.151,46.327],[47.211,46.327],[47.252,46.324],[47.303,46.325],[47.341,46.323],[47.39,46.311],[47.617,46.307],[47.679,46.311],[47.709,46.307],[47.727,46.296],[47.726,46.28],[47.71,46.264],[47.676,46.244],[47.644,46.219]]]}},{"type":"Feature","properties":{"name":"","rank":10,"kind":"River","src":"ne_10m_rivers_europe"},"geometry":{"type":"MultiLineString","coordinates":[[[39.648,37.542],[39.597,37.522],[39.556,37.498],[39.528,37.47],[39.515,37.443],[39.51,37.421],[39.505,37.408],[39.492,37.401],[39.476,37.396],[39.456,37.383],[39.445,37.382],[39.438,37.373],[39.438,37.349],[39.448,37.319],[39.465,37.297],[39.483,37.28],[39.495,37.264],[39.503,37.245],[39.509,37.221],[39.519,37.2],[39.537,37.186],[39.561,37.182],[39.609,37.189],[39.631,37.187],[39.646,37.181],[39.657,37.164],[39.685,37.152],[39.702,37.137],[39.712,37.119],[39.708,37.092],[39.726,37.078],[39.733,37.038],[39.743,37.018],[39.758,37.006],[39.783,37.002],[39.789,36.991],[39.802,36.976],[39.861,36.957],[39.891,36.941],[39.913,36.924],[39.933,36.903],[39.963,36.897],[39.985,36.885],[40.0,36.87],[40.003,36.858],[40.03,36.842],[40.053,36.83],[40.063,36.812],[40.069,36.787],[40.085,36.761],[40.112,36.741],[40.143,36.73],[40.17,36.724],[40.184,36.715],[40.2,36.7],[40.227,36.682],[40.262,36.67],[40.295,36.671],[40.322,36.676],[40.344,36.674],[40.357,36.664],[40.373,36.637],[40.389,36.622],[40.413,36.607],[40.44,36.594],[40.477,36.584],[40.523,36.578],[40.565,36.576],[40.603,36.579],[40.621,36.562],[40.676,36.537],[40.702,36.521],[40.729,36.509],[40.767,36.508],[40.794,36.506],[40.815,36.497],[40.827,36.483],[40.839,36.457],[40.86,36.436],[40.852,36.421],[40.836,36.418],[40.822,36.411],[40.814,36.376],[40.786,36.35],[40.775,36.331],[40.774,36.313],[40.782,36.304],[40.792,36.297],[40.799,36.286],[40.796,36.269],[40.785,36.249],[40.769,36.233],[40.743,36.22],[40.723,36.182],[40.712,36.17],[40.703,36.154],[40.702,36.128],[40.709,36.1],[40.723,36.078],[40.762,36.033],[40.784,36.01],[40.833,35.986],[40.853,35.969],[40.864,35.95],[40.868,35.915],[40.885,35.853],[40.887,35.832],[40.882,35.818],[40.869,35.801],[40.847,35.785],[40.816,35.772],[40.782,35.754],[40.752,35.726],[40.735,35.697],[40.732,35.676],[40.738,35.658],[40.738,35.641],[40.732,35.626],[40.705,35.602],[40.696,35.584],[40.69,35.567],[40.675,35.542],[40.664,35.492],[40.653,35.47],[40.638,35.457],[40.625,35.45],[40.615,35.442],[40.599,35.402],[40.567,35.367],[40.565,35.341],[40.556,35.327],[40.549,35.311],[40.554,35.294],[40.557,35.278],[40.543,35.263],[40.523,35.249],[40.497,35.221],[40.479,35.21],[40.458,35.193],[40.44,35.167],[40.429,35.135]]]}},{"type":"Feature","properties":{"name":"","rank":11,"kind":"River","src":"ne_10m_rivers_europe"},"geometry":{"type":"MultiLineString","coordinates":[[[51.109,36.176],[51.033,36.188],[50.94,36.181],[50.896,36.19],[50.851,36.185],[50.792,36.185],[50.747,36.179],[50.711,36.179],[50.668,36.186],[50.627,36.2],[50.595,36.22],[50.556,36.256],[50.527,36.266],[50.5,36.279],[50.486,36.301],[50.475,36.328],[50.454,36.356],[50.42,36.382],[50.332,36.434],[50.274,36.479],[50.231,36.505],[50.178,36.548],[50.127,36.578],[50.092,36.609],[50.075,36.617],[50.052,36.62],[49.985,36.619],[49.924,36.631],[49.876,36.627],[49.85,36.633],[49.82,36.636],[49.786,36.629],[49.755,36.618],[49.732,36.612],[49.71,36.613],[49.659,36.618],[49.636,36.612],[49.616,36.609],[49.586,36.611],[49.551,36.62],[49.506,36.639],[49.451,36.668],[49.404,36.701],[49.379,36.731],[49.379,36.764]]]}},{"type":"Feature","properties":{"name":"","rank":10,"kind":"River","src":"ne_10m_rivers_europe"},"geometry":{"type":"MultiLineString","coordinates":[[[33.914,46.648],[33.903,46.643],[33.905,46.626],[33.943,46.558],[33.944,46.538],[33.925,46.53],[33.869,46.514],[33.828,46.485],[33.783,46.468],[33.738,46.443],[33.684,46.422],[33.672,46.412],[33.647,46.399],[33.54,46.367],[33.513,46.354],[33.503,46.342],[33.47,46.319],[33.448,46.297],[33.422,46.283],[33.385,46.272],[33.312,46.264],[33.287,46.253],[33.268,46.241],[33.235,46.224]]]}},{"type":"Feature","properties":{"name":"","rank":10,"kind":"River","src":"ne_10m_rivers_europe"},"geometry":{"type":"MultiLineString","coordinates":[[[33.276,47.922],[33.282,47.913],[33.305,47.904],[33.325,47.898],[33.333,47.889],[33.326,47.871],[33.31,47.852],[33.279,47.834],[33.263,47.82],[33.254,47.803],[33.259,47.776],[33.241,47.751],[33.231,47.731],[33.229,47.713],[33.239,47.693],[33.24,47.675],[33.232,47.655],[33.215,47.638],[33.206,47.62],[33.214,47.597],[33.224,47.576],[33.221,47.562],[33.213,47.554],[33.267,47.543],[33.283,47.539],[33.287,47.521],[33.278,47.483],[33.291,47.474],[33.311,47.479],[33.333,47.481],[33.349,47.472],[33.361,47.462],[33.381,47.46],[33.388,47.448],[33.387,47.434],[33.37,47.421],[33.365,47.404],[33.353,47.385],[33.302,47.366],[33.292,47.353],[33.285,47.34],[33.242,47.319],[33.22,47.301],[33.204,47.281],[33.196,47.266],[33.185,47.254],[33.151,47.241],[33.135,47.231],[33.131,47.217],[33.125,47.205],[33.113,47.203],[33.094,47.209],[33.084,47.209],[33.049,47.183],[33.036,47.178],[33.021,47.176],[32.998,47.177],[32.988,47.164],[32.99,47.149],[32.989,47.137],[32.976,47.129],[32.958,47.121],[32.925,47.099],[32.893,47.099],[32.863,47.094],[32.841,47.081],[32.839,47.062],[32.842,47.043],[32.831,47.029],[32.819,47.02],[32.823,46.998],[32.825,46.954],[32.835,46.933],[32.826,46.914],[32.833,46.898],[32.828,46.886],[32.814,46.873],[32.796,46.863],[32.786,46.85],[32.803,46.807],[32.797,46.794],[32.78,46.786],[32.761,46.772],[32.75,46.756],[32.752,46.741],[32.764,46.731],[32.797,46.723],[32.813,46.714],[32.822,46.694]],[[32.413,48.741],[32.42,48.752],[32.424,48.763],[32.417,48.793],[32.415,48.818],[32.428,48.834],[32.458,48.832],[32.492,48.824],[32.517,48.826],[32.537,48.831],[32.563,48.831],[32.586,48.826],[32.616,48.811],[32.636,48.805],[32.657,48.802],[32.686,48.804],[32.736,48.787],[32.771,48.781],[32.804,48.78],[32.829,48.784],[32.854,48.782],[32.924,48.754],[33.02,48.741],[33.064,48.72],[33.092,48.697],[33.101,48.683],[33.1,48.673],[33.106,48.659],[33.126,48.638],[33.158,48.611],[33.18,48.576],[33.176,48.537],[33.165,48.498],[33.168,48.462],[33.191,48.424],[33.225,48.38],[33.259,48.345],[33.283,48.329],[33.292,48.325],[33.295,48.309],[33.32,48.288],[33.342,48.253],[33.362,48.228],[33.376,48.201],[33.374,48.176],[33.355,48.155],[33.309,48.125],[33.3,48.109],[33.295,48.092],[33.285,48.076],[33.279,48.06],[33.287,48.028],[33.286,48.025]]]}},{"type":"Feature","properties":{"name":"Akhurian","rank":10,"kind":"River","src":"ne_10m_rivers_europe"},"geometry":{"type":"MultiLineString","coordinates":[[[42.488,40.306],[42.575,40.341],[42.621,40.364],[42.659,40.387],[42.7,40.419],[42.745,40.431],[42.793,40.461],[42.82,40.471],[42.849,40.475],[42.878,40.473],[42.906,40.466],[42.951,40.449],[42.964,40.453],[42.97,40.466],[42.974,40.498],[42.981,40.507],[42.993,40.517],[43.027,40.555],[43.058,40.58],[43.06,40.598],[43.091,40.629],[43.095,40.648],[43.097,40.669],[43.107,40.689],[43.122,40.707],[43.136,40.719],[43.155,40.726],[43.207,40.734],[43.24,40.753],[43.288,40.767],[43.307,40.779],[43.331,40.78],[43.358,40.777],[43.377,40.771],[43.399,40.772],[43.469,40.797]]]}},{"type":"Feature","properties":{"name":"","rank":11,"kind":"River","src":"ne_10m_rivers_europe"},"geometry":{"type":"MultiLineString","coordinates":[[[47.283,34.069],[47.271,34.065],[47.257,34.064],[47.205,34.083],[47.166,34.092],[47.112,34.116],[47.025,34.151],[46.98,34.172],[46.942,34.196],[46.887,34.239],[46.822,34.262],[46.792,34.276],[46.772,34.291],[46.759,34.304],[46.755,34.318],[46.754,34.337],[46.75,34.357],[46.737,34.373],[46.721,34.388],[46.708,34.406],[46.699,34.425],[46.695,34.442],[46.697,34.456],[46.705,34.466],[46.709,34.484],[46.699,34.556],[46.707,34.576],[46.728,34.58],[46.754,34.576],[46.779,34.563],[46.794,34.546],[46.807,34.527],[46.825,34.508],[46.851,34.491],[46.881,34.476],[46.916,34.466],[46.954,34.46],[46.986,34.451],[47.009,34.435],[47.03,34.415],[47.085,34.383],[47.107,34.367],[47.122,34.349],[47.143,34.31],[47.153,34.296],[47.164,34.289],[47.176,34.287],[47.202,34.277],[47.296,34.213],[47.338,34.198]]]}},{"type":"Feature","properties":{"name":"","rank":11,"kind":"River","src":"ne_10m_rivers_europe"},"geometry":{"type":"MultiLineString","coordinates":[[[54.977,46.829],[54.939,46.83],[54.91,46.834],[54.895,46.841],[54.885,46.851],[54.848,46.876],[54.825,46.908],[54.805,46.922],[54.781,46.929],[54.761,46.929],[54.746,46.919],[54.721,46.883],[54.706,46.876],[54.695,46.883],[54.691,46.925],[54.678,46.952],[54.657,46.974],[54.639,46.986],[54.626,46.984],[54.608,46.954],[54.597,46.949],[54.583,46.948],[54.568,46.94],[54.551,46.922],[54.517,46.868],[54.49,46.847],[54.473,46.821],[54.46,46.816],[54.447,46.814],[54.438,46.807],[54.429,46.788],[54.42,46.755],[54.407,46.725],[54.39,46.714],[54.375,46.712],[54.359,46.696],[54.342,46.685],[54.318,46.677],[54.29,46.674],[54.269,46.684],[54.254,46.731],[54.238,46.745],[54.22,46.752],[54.211,46.762],[54.198,46.768],[54.143,46.766],[54.123,46.771],[54.107,46.778],[54.089,46.779],[54.067,46.772],[54.012,46.745],[53.961,46.735],[53.94,46.724],[53.916,46.716],[53.888,46.718],[53.847,46.724],[53.794,46.73],[53.747,46.73],[53.719,46.723],[53.699,46.716],[53.638,46.714],[53.606,46.707],[53.591,46.707],[53.575,46.699],[53.546,46.643],[53.531,46.623],[53.51,46.614],[53.46,46.61],[53.446,46.598],[53.433,46.581],[53.415,46.567],[53.39,46.558],[53.364,46.555],[53.34,46.559],[53.323,46.567],[53.314,46.58],[53.304,46.61],[53.294,46.621],[53.279,46.625],[53.264,46.626],[53.249,46.623],[53.223,46.627],[53.201,46.643]]]}},{"type":"Feature","properties":{"name":"","rank":10,"kind":"Intermittent River","src":"ne_10m_rivers_europe"},"geometry":{"type":"MultiLineString","coordinates":[[[38.367,33.386],[38.359,33.41],[38.349,33.429],[38.328,33.454],[38.327,33.466],[38.336,33.48],[38.349,33.494],[38.352,33.515],[38.335,33.543],[38.308,33.564],[38.286,33.568],[38.27,33.566],[38.242,33.583],[38.218,33.591],[38.195,33.603],[38.182,33.621],[38.178,33.644],[38.178,33.666],[38.186,33.681],[38.215,33.693],[38.225,33.704],[38.24,33.714],[38.288,33.716],[38.32,33.726],[38.38,33.727],[38.459,33.748],[38.513,33.759],[38.553,33.775],[38.585,33.796],[38.591,33.811],[38.594,33.826],[38.617,33.843],[38.637,33.866],[38.63,33.895],[38.603,33.937],[38.588,33.952],[38.553,33.976],[38.509,34.002],[38.472,34.02],[38.448,34.037],[38.436,34.057],[38.436,34.079],[38.442,34.11],[38.43,34.134],[38.42,34.159],[38.416,34.185],[38.421,34.218],[38.404,34.263],[38.406,34.296],[38.398,34.332],[38.415,34.35],[38.418,34.365],[38.425,34.451],[38.416,34.496],[38.425,34.51],[38.444,34.518],[38.485,34.525],[38.521,34.545],[38.56,34.557],[38.603,34.566],[38.635,34.57],[38.754,34.553],[38.792,34.56],[38.842,34.553],[38.858,34.555],[38.902,34.568],[38.938,34.573],[38.977,34.574],[39.018,34.584],[39.06,34.609],[39.095,34.633],[39.118,34.643],[39.143,34.648],[39.179,34.66],[39.245,34.69],[39.265,34.706],[39.333,34.783],[39.361,34.81],[39.397,34.839],[39.407,34.858],[39.439,34.883],[39.567,34.94],[39.596,34.959],[39.605,34.972],[39.645,34.994],[39.679,35.032],[39.703,35.04],[39.735,35.035],[39.774,35.021],[39.809,35.002],[39.831,34.984],[39.847,34.975],[39.868,34.975],[39.895,34.971],[39.961,34.933],[39.989,34.928],[40.01,34.93],[40.05,34.914],[40.09,34.902],[40.132,34.898],[40.187,34.91],[40.226,34.905],[40.267,34.895],[40.299,34.891],[40.32,34.894],[40.353,34.909],[40.411,34.921],[40.47,34.937],[40.495,34.939],[40.514,34.934],[40.539,34.908],[40.558,34.9],[40.576,34.895]]]}},{"type":"Feature","properties":{"name":"Synyukha","rank":10,"kind":"River","src":"ne_10m_rivers_europe"},"geometry":{"type":"MultiLineString","coordinates":[[[30.088,49.422],[30.1,49.427],[30.108,49.435],[30.115,49.464],[30.13,49.481],[30.156,49.494],[30.188,49.5],[30.219,49.496],[30.261,49.479],[30.277,49.475],[30.293,49.468],[30.331,49.433],[30.349,49.419],[30.399,49.399],[30.435,49.39],[30.512,49.38],[30.617,49.352],[30.645,49.34],[30.684,49.338],[30.699,49.33],[30.703,49.32],[30.684,49.302],[30.68,49.291],[30.684,49.278],[30.695,49.267],[30.717,49.258],[30.749,49.252],[30.786,49.252],[30.847,49.262],[30.87,49.254],[30.89,49.243],[30.909,49.238],[30.921,49.226],[30.926,49.2],[30.929,49.169],[30.944,49.126],[30.956,49.072],[30.975,49.035],[30.98,49.004],[30.979,48.972],[30.973,48.933],[30.979,48.908],[30.979,48.883],[30.963,48.864],[30.918,48.833],[30.901,48.813],[30.875,48.768],[30.842,48.747],[30.812,48.69],[30.784,48.653],[30.783,48.64],[30.787,48.623],[30.786,48.602],[30.776,48.582],[30.759,48.566],[30.745,48.549],[30.742,48.525],[30.749,48.504],[30.761,48.492],[30.773,48.486],[30.789,48.468],[30.829,48.447],[30.833,48.437],[30.832,48.422],[30.84,48.403],[30.857,48.382],[30.891,48.352],[30.895,48.339],[30.889,48.329],[30.877,48.322],[30.865,48.31],[30.858,48.287],[30.858,48.261],[30.872,48.235],[30.87,48.221],[30.86,48.21],[30.825,48.193],[30.813,48.175],[30.81,48.151],[30.818,48.109],[30.816,48.097],[30.817,48.086],[30.829,48.073],[30.858,48.041]]]}},{"type":"Feature","properties":{"name":"","rank":10,"kind":"River","src":"ne_10m_rivers_europe"},"geometry":{"type":"MultiLineString","coordinates":[[[38.066,48.107],[38.029,48.086],[37.998,48.065],[37.974,48.044],[37.974,48.022],[38.001,47.997],[38.075,47.958],[38.097,47.943],[38.109,47.925],[38.097,47.905],[38.061,47.885],[38.023,47.868],[38.005,47.855],[38.013,47.839],[38.01,47.806],[38.019,47.799],[38.031,47.792],[38.043,47.769],[38.075,47.732],[38.079,47.712],[38.073,47.698],[38.059,47.683],[38.062,47.67],[38.062,47.651],[38.052,47.633],[38.032,47.62],[37.992,47.612],[37.982,47.601],[37.981,47.588],[37.996,47.573],[37.999,47.56],[37.991,47.546],[37.975,47.532],[37.956,47.524],[37.931,47.518],[37.917,47.501],[37.89,47.491],[37.879,47.479],[37.871,47.458],[37.852,47.394],[37.838,47.357],[37.825,47.33],[37.814,47.317],[37.778,47.29],[37.757,47.265],[37.74,47.22],[37.719,47.205],[37.703,47.179],[37.666,47.165],[37.625,47.144],[37.589,47.12],[37.569,47.087]]]}},{"type":"Feature","properties":{"name":"","rank":10,"kind":"River","src":"ne_10m_rivers_europe"},"geometry":{"type":"MultiLineString","coordinates":[[[35.422,46.44],[35.454,46.415]],[[36.41,47.25],[36.389,47.241],[36.373,47.228],[36.362,47.192],[36.349,47.179],[36.332,47.171],[36.315,47.166],[36.293,47.169],[36.219,47.195],[36.097,47.225],[36.031,47.246],[35.966,47.259],[35.903,47.262],[35.841,47.258],[35.761,47.26],[35.7,47.258],[35.666,47.251],[35.646,47.242],[35.595,47.229],[35.583,47.217],[35.575,47.202],[35.551,47.175],[35.532,47.136],[35.513,47.116],[35.491,47.083],[35.479,47.075],[35.469,47.065],[35.458,47.016],[35.45,46.997],[35.449,46.987],[35.473,46.975],[35.468,46.95],[35.448,46.925],[35.431,46.899],[35.43,46.869],[35.408,46.844],[35.405,46.823],[35.378,46.796],[35.344,46.745],[35.3,46.707]]]}},{"type":"Feature","properties":{"name":"","rank":11,"kind":"River","src":"ne_10m_rivers_europe"},"geometry":{"type":"MultiLineString","coordinates":[[[56.754,48.548],[56.731,48.545],[56.71,48.539],[56.69,48.528],[56.663,48.522],[56.628,48.53],[56.591,48.548],[56.535,48.586],[56.507,48.598],[56.471,48.597],[56.426,48.584],[56.381,48.563],[56.344,48.543],[56.314,48.53],[56.287,48.527],[56.263,48.534],[56.214,48.561],[56.176,48.576],[56.135,48.582],[56.098,48.575],[56.07,48.563],[56.051,48.559],[56.035,48.553],[55.987,48.515],[55.951,48.496],[55.91,48.47],[55.873,48.434],[55.845,48.401],[55.815,48.374],[55.805,48.361],[55.798,48.336],[55.787,48.255],[55.78,48.22],[55.766,48.196],[55.747,48.181],[55.728,48.172],[55.707,48.156],[55.676,48.149],[55.67,48.137],[55.645,48.115],[55.585,48.087],[55.516,48.065],[55.466,48.061],[55.424,48.066],[55.374,48.07],[55.281,48.069],[55.253,48.073],[55.224,48.083],[55.101,48.144],[55.056,48.178],[55.041,48.183],[55.017,48.184],[54.933,48.203],[54.879,48.212],[54.858,48.219],[54.838,48.234],[54.804,48.278],[54.791,48.291],[54.775,48.298],[54.738,48.305],[54.707,48.315],[54.667,48.308],[54.638,48.306],[54.606,48.309],[54.577,48.315],[54.558,48.323],[54.55,48.333],[54.531,48.342],[54.487,48.35],[54.394,48.356],[54.283,48.346],[54.202,48.346],[54.115,48.34],[54.072,48.344],[54.045,48.341],[54.02,48.334],[53.985,48.313],[53.944,48.298],[53.9,48.278],[53.871,48.255],[53.861,48.235],[53.864,48.209],[53.852,48.185],[53.859,48.169],[53.861,48.146],[53.856,48.122],[53.831,48.094],[53.817,48.04],[53.806,48.023],[53.801,48.006],[53.81,47.976],[53.822,47.947],[53.823,47.921],[53.829,47.91],[53.841,47.903],[53.861,47.898],[53.87,47.889],[53.874,47.875],[53.865,47.844],[53.873,47.829],[53.892,47.814],[53.915,47.801],[53.935,47.784],[53.947,47.758],[53.954,47.732],[53.963,47.713],[53.957,47.7],[53.9,47.674],[53.889,47.659],[53.887,47.644],[53.881,47.628],[53.867,47.618],[53.827,47.61],[53.809,47.596],[53.789,47.576],[53.763,47.557],[53.745,47.541],[53.747,47.527],[53.756,47.516],[53.729,47.496],[53.683,47.484],[53.62,47.474],[53.512,47.46]]]}},{"type":"Feature","properties":{"name":"","rank":10,"kind":"River","src":"ne_10m_rivers_europe"},"geometry":{"type":"MultiLineString","coordinates":[[[35.159,48.513],[35.152,48.504],[35.126,48.474],[35.089,48.441]],[[37.459,47.57],[37.394,47.571],[37.358,47.566],[37.33,47.559],[37.317,47.551],[37.305,47.539],[37.278,47.521],[37.244,47.506],[37.215,47.5],[37.186,47.503],[37.156,47.509],[37.126,47.524],[37.076,47.568],[37.041,47.586],[36.999,47.614],[36.94,47.642],[36.915,47.667],[36.886,47.677],[36.861,47.689],[36.835,47.714],[36.815,47.753],[36.809,47.793],[36.815,47.821],[36.824,47.839],[36.819,47.87],[36.822,47.894],[36.82,47.916],[36.806,47.927],[36.786,47.936],[36.762,47.97],[36.738,47.989],[36.729,48.01],[36.728,48.035],[36.736,48.05],[36.734,48.069],[36.724,48.076],[36.665,48.088],[36.654,48.088],[36.62,48.082],[36.603,48.082],[36.589,48.079],[36.581,48.073],[36.575,48.058],[36.571,48.0],[36.555,47.989],[36.546,47.982],[36.53,47.978],[36.513,47.967],[36.487,47.974],[36.413,47.961],[36.396,47.964],[36.387,47.972],[36.371,47.977],[36.356,47.976],[36.341,47.964],[36.327,47.962],[36.308,47.966],[36.287,47.979],[36.263,47.988],[36.236,47.984],[36.209,47.974],[36.188,47.969],[36.169,47.972],[36.15,47.98],[36.139,47.993],[36.141,48.01],[36.139,48.033],[36.1,48.084],[36.095,48.104],[36.095,48.119],[36.086,48.132],[36.066,48.14],[36.037,48.141],[36.009,48.145],[35.991,48.16],[35.985,48.182],[35.993,48.217],[35.983,48.231],[35.987,48.26],[35.973,48.277],[35.973,48.297],[35.942,48.326],[35.906,48.377],[35.888,48.391],[35.884,48.402],[35.911,48.436],[35.917,48.452],[35.914,48.467],[35.907,48.479],[35.891,48.49],[35.851,48.51],[35.862,48.527],[35.895,48.537],[35.915,48.549],[35.918,48.564],[35.897,48.574],[35.868,48.584],[35.832,48.613],[35.799,48.626],[35.76,48.635],[35.702,48.639],[35.674,48.652],[35.632,48.664],[35.597,48.685],[35.456,48.752],[35.416,48.764],[35.376,48.769],[35.346,48.768],[35.336,48.754],[35.346,48.727],[35.351,48.699],[35.33,48.679],[35.292,48.661],[35.255,48.637],[35.219,48.6],[35.208,48.585]]]}},{"type":"Feature","properties":{"name":"","rank":12,"kind":"River","src":"ne_10m_rivers_europe"},"geometry":{"type":"MultiLineString","coordinates":[[[44.912,44.254],[44.92,44.268],[44.932,44.28],[44.97,44.296],[44.992,44.311],[45.028,44.322],[45.05,44.348],[45.066,44.359],[45.084,44.367],[45.118,44.377],[45.17,44.417],[45.197,44.431],[45.216,44.436],[45.231,44.437],[45.269,44.448],[45.303,44.444],[45.345,44.445],[45.379,44.442],[45.409,44.443],[45.434,44.465],[45.483,44.472],[45.493,44.487],[45.505,44.496],[45.527,44.504],[45.556,44.509],[45.587,44.509],[45.637,44.5],[45.7,44.511],[45.728,44.51],[45.751,44.506],[45.795,44.504],[45.864,44.486],[45.919,44.476],[45.931,44.466],[45.939,44.456],[45.955,44.447],[45.98,44.44],[46.039,44.426],[46.063,44.417],[46.114,44.409],[46.172,44.389],[46.266,44.37],[46.293,44.356],[46.31,44.342],[46.331,44.334],[46.352,44.333],[46.38,44.346],[46.393,44.348],[46.416,44.351]]]}},{"type":"Feature","properties":{"name":"Timi\u015f","rank":10,"kind":"River","src":"ne_10m_rivers_europe"},"geometry":{"type":"MultiLineString","coordinates":[[[22.563,45.29],[22.576,45.284],[22.576,45.272],[22.557,45.25],[22.524,45.222],[22.487,45.195],[22.455,45.176],[22.413,45.164],[22.377,45.149],[22.356,45.148],[22.336,45.154],[22.319,45.165],[22.306,45.191],[22.287,45.282],[22.271,45.323],[22.254,45.353],[22.238,45.371],[22.222,45.4],[22.184,45.509],[22.169,45.543],[22.13,45.589],[22.103,45.61],[22.044,45.632],[21.975,45.671],[21.91,45.694],[21.886,45.705],[21.873,45.716],[21.863,45.735],[21.85,45.742],[21.833,45.744],[21.797,45.736],[21.7,45.747],[21.676,45.743],[21.651,45.734],[21.625,45.728],[21.565,45.733],[21.459,45.73],[21.432,45.727],[21.383,45.702],[21.303,45.682],[21.267,45.66],[21.242,45.653],[21.155,45.648],[21.13,45.641],[21.103,45.619],[21.046,45.55],[21.029,45.533],[21.026,45.518],[21.023,45.506],[21.004,45.493],[20.977,45.483],[20.937,45.476],[20.895,45.464],[20.874,45.462],[20.865,45.453],[20.862,45.438],[20.865,45.422],[20.863,45.407],[20.844,45.393],[20.808,45.382],[20.696,45.365],[20.679,45.357],[20.664,45.347],[20.656,45.336],[20.651,45.315],[20.613,45.28],[20.592,45.255],[20.567,45.233],[20.533,45.221],[20.511,45.21],[20.49,45.204],[20.48,45.198],[20.475,45.189],[20.466,45.179],[20.459,45.17],[20.446,45.155],[20.449,45.142],[20.456,45.134],[20.449,45.127],[20.438,45.123],[20.43,45.116],[20.435,45.105],[20.43,45.084],[20.436,45.055],[20.455,45.03],[20.478,45.014],[20.514,44.995],[20.536,44.978],[20.563,44.963],[20.591,44.956],[20.612,44.947],[20.621,44.927],[20.625,44.905],[20.638,44.879],[20.637,44.867],[20.633,44.855]]]}},{"type":"Feature","properties":{"name":"","rank":11,"kind":"River","src":"ne_10m_rivers_europe"},"geometry":{"type":"MultiLineString","coordinates":[[[45.963,45.564],[45.992,45.572],[46.015,45.575],[46.032,45.571],[46.042,45.557],[46.052,45.536],[46.064,45.515],[46.081,45.504],[46.156,45.475],[46.177,45.471],[46.192,45.476],[46.204,45.487],[46.223,45.495],[46.255,45.489],[46.288,45.479],[46.327,45.477],[46.364,45.466],[46.404,45.46],[46.422,45.449],[46.439,45.449],[46.458,45.454],[46.481,45.472],[46.501,45.483],[46.528,45.487],[46.555,45.483],[46.576,45.472],[46.59,45.462],[46.605,45.456],[46.631,45.455],[46.656,45.462],[46.669,45.475],[46.676,45.49],[46.686,45.499],[46.699,45.501],[46.715,45.497],[46.734,45.483],[46.769,45.442],[46.792,45.419],[46.802,45.401],[46.818,45.385],[46.842,45.378],[46.873,45.373],[46.933,45.347],[46.97,45.334],[47.008,45.326],[47.043,45.325],[47.067,45.329],[47.081,45.336],[47.1,45.34],[47.175,45.337],[47.23,45.339],[47.255,45.338],[47.277,45.329],[47.295,45.313],[47.304,45.295],[47.305,45.267],[47.313,45.249],[47.331,45.231],[47.359,45.214],[47.379,45.203]]]}},{"type":"Feature","properties":{"name":"","rank":11,"kind":"River","src":"ne_10m_rivers_europe"},"geometry":{"type":"MultiLineString","coordinates":[[[50.108,48.771],[50.153,48.748],[50.195,48.725],[50.228,48.711],[50.258,48.693],[50.282,48.658],[50.324,48.65],[50.363,48.626],[50.391,48.617],[50.401,48.601],[50.415,48.586],[50.437,48.58],[50.466,48.575],[50.497,48.564],[50.523,48.547],[50.559,48.517],[50.585,48.508],[50.596,48.492],[50.629,48.473],[50.661,48.449],[50.693,48.447],[50.724,48.433],[50.811,48.415],[50.832,48.405],[50.862,48.381],[50.883,48.374],[50.902,48.364],[50.91,48.346],[50.915,48.327],[50.922,48.313],[50.927,48.298],[50.925,48.274],[50.916,48.253],[50.904,48.245],[50.889,48.24],[50.86,48.215],[50.829,48.213],[50.822,48.201],[50.824,48.184],[50.838,48.158],[50.837,48.128],[50.844,48.118],[50.912,48.043],[50.935,48.029],[50.954,48.021],[50.982,47.993],[51.007,47.98],[51.036,47.957],[51.092,47.931],[51.107,47.915],[51.114,47.903],[51.133,47.895],[51.142,47.882],[51.148,47.864],[51.15,47.84],[51.161,47.829],[51.172,47.811],[51.18,47.757],[51.191,47.732],[51.203,47.712],[51.208,47.696],[51.2,47.682],[51.161,47.654],[51.153,47.636],[51.156,47.62],[51.174,47.6],[51.183,47.579],[51.187,47.555],[51.185,47.533],[51.175,47.513],[51.161,47.495],[51.148,47.473],[51.141,47.445],[51.128,47.422],[51.1,47.41],[51.069,47.405],[51.046,47.399],[51.027,47.388],[50.984,47.353],[50.965,47.343],[50.955,47.333],[50.958,47.294],[50.955,47.262],[50.976,47.241],[50.99,47.201],[51.001,47.18],[51.005,47.159],[50.999,47.137],[50.99,47.115],[50.99,47.095],[50.994,47.064]]]}},{"type":"Feature","properties":{"name":"","rank":12,"kind":"River","src":"ne_10m_rivers_europe"},"geometry":{"type":"MultiLineString","coordinates":[[[35.157,37.987],[35.148,37.995],[35.133,38.001],[35.109,38.005],[35.091,38.015],[35.088,38.036],[35.092,38.064],[35.091,38.09],[35.081,38.111],[35.051,38.14],[35.043,38.152],[35.044,38.163],[35.05,38.171],[35.054,38.196],[35.039,38.333],[35.051,38.348],[35.077,38.359],[35.112,38.361],[35.142,38.357],[35.199,38.333],[35.226,38.325],[35.249,38.329]],[[35.25,38.393],[35.245,38.407],[35.209,38.463],[35.2,38.487],[35.202,38.51],[35.219,38.551],[35.221,38.57],[35.215,38.583],[35.197,38.593],[35.192,38.603],[35.197,38.621],[35.212,38.649],[35.237,38.674],[35.265,38.685],[35.291,38.692],[35.308,38.707],[35.314,38.728],[35.312,38.75],[35.299,38.77],[35.25,38.798],[35.223,38.819],[35.195,38.846]]]}},{"type":"Feature","properties":{"name":"","rank":11,"kind":"River","src":"ne_10m_rivers_europe"},"geometry":{"type":"MultiLineString","coordinates":[[[30.746,46.577],[30.771,46.534]],[[29.59,47.728],[29.618,47.719],[29.642,47.708],[29.695,47.659],[29.722,47.645],[29.797,47.62],[29.825,47.609],[29.85,47.592],[29.911,47.544],[29.936,47.53],[30.014,47.51],[30.069,47.483],[30.099,47.472],[30.125,47.451],[30.153,47.436],[30.169,47.407],[30.185,47.389],[30.203,47.374],[30.23,47.356],[30.255,47.324],[30.297,47.291],[30.342,47.237],[30.37,47.203],[30.413,47.131],[30.441,47.1],[30.463,47.069],[30.473,47.035],[30.48,46.994],[30.494,46.947],[30.517,46.906],[30.544,46.88],[30.569,46.868],[30.585,46.857],[30.591,46.842],[30.595,46.791],[30.603,46.764],[30.603,46.764]]]}},{"type":"Feature","properties":{"name":"Treska","rank":10,"kind":"River","src":"ne_10m_rivers_europe"},"geometry":{"type":"MultiLineString","coordinates":[[[20.961,41.348],[20.98,41.359],[20.986,41.377],[20.972,41.403],[20.922,41.454],[20.917,41.468],[20.924,41.483],[20.943,41.496],[20.967,41.498],[21.01,41.479],[21.041,41.475],[21.077,41.48],[21.14,41.497],[21.194,41.509],[21.219,41.52],[21.231,41.537],[21.228,41.556],[21.219,41.579],[21.218,41.604],[21.225,41.628],[21.248,41.663],[21.252,41.676],[21.244,41.689],[21.204,41.718],[21.19,41.738],[21.182,41.756],[21.164,41.776],[21.158,41.789],[21.157,41.808],[21.161,41.83],[21.169,41.852],[21.191,41.882],[21.199,41.904],[21.211,41.915],[21.235,41.926],[21.293,41.947],[21.3,41.957],[21.303,41.969],[21.314,41.987],[21.333,42.001],[21.353,42.008],[21.37,42.01],[21.383,42.015],[21.404,42.017],[21.44,42.011],[21.485,41.997],[21.526,41.98],[21.555,41.963],[21.577,41.941],[21.601,41.924],[21.608,41.894],[21.622,41.868],[21.652,41.836],[21.731,41.778],[21.759,41.754],[21.796,41.702],[21.821,41.693],[21.841,41.675],[21.873,41.664],[21.887,41.643],[21.917,41.622],[21.928,41.602],[21.952,41.592],[21.973,41.571],[22.003,41.569],[22.063,41.554],[22.096,41.551],[22.115,41.548],[22.117,41.537],[22.114,41.523],[22.124,41.512],[22.14,41.501],[22.167,41.473],[22.191,41.46],[22.194,41.449],[22.219,41.434],[22.389,41.389],[22.406,41.379],[22.438,41.35],[22.462,41.332],[22.481,41.313],[22.487,41.292],[22.488,41.272],[22.494,41.251],[22.526,41.197],[22.521,41.17],[22.532,41.142],[22.538,41.119],[22.538,41.095],[22.533,41.078],[22.532,41.066],[22.555,41.04],[22.556,41.025],[22.552,41.011],[22.553,40.999],[22.566,40.984],[22.607,40.941],[22.612,40.925],[22.612,40.912],[22.63,40.884],[22.637,40.866],[22.641,40.843],[22.641,40.815],[22.647,40.782],[22.685,40.705],[22.7,40.666],[22.709,40.623],[22.723,40.523]]]}},{"type":"Feature","properties":{"name":"","rank":12,"kind":"River","src":"ne_10m_rivers_europe"},"geometry":{"type":"MultiLineString","coordinates":[[[41.845,37.232],[41.867,37.22],[41.881,37.209],[41.885,37.198],[41.886,37.182],[41.895,37.158],[41.9,37.121],[41.891,37.075],[41.876,37.037],[41.855,37.008],[41.844,36.982],[41.838,36.956],[41.838,36.944],[41.845,36.933],[41.853,36.909],[41.858,36.877],[41.859,36.816],[41.866,36.778],[41.859,36.762],[41.829,36.715],[41.809,36.7],[41.781,36.693],[41.751,36.699],[41.724,36.707],[41.684,36.711],[41.643,36.733],[41.619,36.743],[41.594,36.747],[41.572,36.748],[41.556,36.744],[41.536,36.721],[41.498,36.7],[41.487,36.692],[41.476,36.687],[41.431,36.685],[41.394,36.674],[41.377,36.677],[41.341,36.668],[41.322,36.668],[41.305,36.675],[41.275,36.693],[41.254,36.694],[41.24,36.703],[41.225,36.705],[41.212,36.691],[41.199,36.674],[41.186,36.669],[41.168,36.669],[41.113,36.654],[41.008,36.645],[40.957,36.633],[40.931,36.616],[40.919,36.604],[40.904,36.601],[40.82,36.608],[40.772,36.597],[40.749,36.567],[40.749,36.533],[40.767,36.508],[40.767,36.508]]]}},{"type":"Feature","properties":{"name":"","rank":12,"kind":"River","src":"ne_10m_rivers_europe"},"geometry":{"type":"MultiLineString","coordinates":[[[29.207,37.564],[29.177,37.538],[29.157,37.514],[29.143,37.471],[29.12,37.456],[29.094,37.451],[29.082,37.455],[29.071,37.468],[29.03,37.496],[29.019,37.516],[28.98,37.542],[28.944,37.59],[28.919,37.607],[28.894,37.614],[28.875,37.615],[28.86,37.605],[28.847,37.583],[28.825,37.556],[28.789,37.531],[28.724,37.493],[28.705,37.486],[28.669,37.492],[28.651,37.488],[28.631,37.489],[28.61,37.505],[28.587,37.529],[28.538,37.569],[28.519,37.59],[28.5,37.607],[28.446,37.63],[28.416,37.646],[28.39,37.664],[28.372,37.68],[28.362,37.697],[28.352,37.737],[28.33,37.782],[28.322,37.822],[28.313,37.842],[28.314,37.864],[28.285,37.899]]]}},{"type":"Feature","properties":{"name":"Zhem","rank":10,"kind":"River","src":"ne_10m_rivers_europe"},"geometry":{"type":"MultiLineString","coordinates":[[[53.683,46.944],[53.64,46.946],[53.618,46.932],[53.597,46.914],[53.575,46.901],[53.561,46.883],[53.551,46.827],[53.534,46.808],[53.513,46.8],[53.498,46.799],[53.485,46.792],[53.451,46.754],[53.433,46.747],[53.417,46.746],[53.4,46.74],[53.385,46.728],[53.36,46.691],[53.348,46.68],[53.324,46.677],[53.228,46.676],[53.206,46.676]],[[56.881,49.667],[56.889,49.66],[56.909,49.655],[56.945,49.654],[56.983,49.642],[57.007,49.61],[57.017,49.569],[57.029,49.503],[57.047,49.434],[57.044,49.396],[57.062,49.357],[57.066,49.311],[57.082,49.256],[57.107,49.2],[57.132,49.166],[57.146,49.142],[57.142,49.073],[57.156,49.041],[57.177,49.021],[57.209,49.003],[57.227,48.983],[57.237,48.958],[57.235,48.94],[57.222,48.928],[57.198,48.912],[57.175,48.871],[57.152,48.84],[57.132,48.808],[57.122,48.756],[57.102,48.732],[57.104,48.71],[57.115,48.687],[57.132,48.672],[57.15,48.66],[57.164,48.644],[57.171,48.624],[57.171,48.604],[57.165,48.59],[57.147,48.572],[57.148,48.558],[57.157,48.544],[57.171,48.535],[57.192,48.531],[57.241,48.529],[57.252,48.526],[57.28,48.532],[57.307,48.538],[57.339,48.534],[57.371,48.527],[57.422,48.524],[57.436,48.52],[57.437,48.506],[57.426,48.482],[57.409,48.455],[57.392,48.438],[57.375,48.429],[57.335,48.414],[57.313,48.398],[57.299,48.382],[57.293,48.36],[57.283,48.34],[57.268,48.32],[57.257,48.311],[57.255,48.284],[57.252,48.261],[57.235,48.24],[57.206,48.226],[57.146,48.212],[57.132,48.2],[57.117,48.181],[57.09,48.159],[57.058,48.143],[57.031,48.136],[56.954,48.134],[56.928,48.149],[56.911,48.15],[56.896,48.145],[56.892,48.135],[56.89,48.122],[56.882,48.11],[56.868,48.101],[56.838,48.091],[56.827,48.084],[56.812,48.079],[56.718,48.074],[56.69,48.068],[56.662,48.048],[56.642,48.042],[56.611,48.029],[56.531,47.973],[56.468,47.942],[56.426,47.901],[56.405,47.886],[56.384,47.879],[56.345,47.875],[56.301,47.863],[56.256,47.858],[56.247,47.852],[56.237,47.842],[56.217,47.83],[56.139,47.802],[56.129,47.792],[56.123,47.781],[56.099,47.76],[56.091,47.744],[56.079,47.726],[56.032,47.696],[56.004,47.667],[55.979,47.653],[55.952,47.635],[55.925,47.611],[55.908,47.593],[55.894,47.581],[55.855,47.569],[55.841,47.556],[55.826,47.552],[55.803,47.542],[55.753,47.496],[55.705,47.459],[55.684,47.439],[55.629,47.41],[55.597,47.388],[55.585,47.385],[55.58,47.375],[55.582,47.348],[55.59,47.319],[55.597,47.303],[55.597,47.291],[55.584,47.271],[55.561,47.252],[55.507,47.231],[55.487,47.218],[55.467,47.201],[55.439,47.182],[55.409,47.167],[55.382,47.162],[55.361,47.16],[55.346,47.154],[55.34,47.144],[55.342,47.133],[55.342,47.117],[55.318,47.081],[55.307,47.054],[55.28,47.022],[55.273,47.01],[55.256,47.008],[55.176,47.029],[55.147,47.033],[55.128,47.039],[55.087,47.073],[55.063,47.079],[55.043,47.08],[54.982,47.106],[54.941,47.117],[54.881,47.122],[54.866,47.134],[54.855,47.145],[54.841,47.147],[54.825,47.146],[54.788,47.16],[54.706,47.179],[54.687,47.188],[54.671,47.19],[54.639,47.186],[54.605,47.176],[54.571,47.161],[54.54,47.157],[54.485,47.144],[54.438,47.138],[54.383,47.12],[54.362,47.117],[54.344,47.111],[54.326,47.098],[54.305,47.086],[54.28,47.083],[54.254,47.084],[54.216,47.078],[54.194,47.091],[54.167,47.075],[54.106,47.06],[54.073,47.045],[54.024,47.038],[53.999,47.024],[53.962,47.016],[53.909,46.977],[53.89,46.971],[53.86,46.976],[53.816,46.961],[53.793,46.965],[53.768,46.972],[53.756,46.975]]]}},{"type":"Feature","properties":{"name":"","rank":12,"kind":"River","src":"ne_10m_rivers_europe"},"geometry":{"type":"MultiLineString","coordinates":[[[27.205,43.465],[27.243,43.438],[27.262,43.431],[27.286,43.428],[27.317,43.43],[27.354,43.439],[27.394,43.457],[27.439,43.473],[27.486,43.478],[27.528,43.486],[27.561,43.508],[27.576,43.531],[27.578,43.542],[27.574,43.554],[27.586,43.615],[27.591,43.654],[27.589,43.686],[27.582,43.707],[27.574,43.721],[27.57,43.736],[27.576,43.756],[27.592,43.783],[27.604,43.811],[27.602,43.834],[27.592,43.852],[27.586,43.871],[27.578,43.904],[27.607,43.908],[27.611,43.927],[27.605,43.939],[27.623,43.939],[27.641,43.954],[27.637,43.976],[27.633,43.992],[27.646,44.024],[27.646,44.058],[27.64,44.095],[27.627,44.136],[27.628,44.138]],[[27.636,44.19],[27.643,44.205]]]}},{"type":"Feature","properties":{"name":"Aoos","rank":10,"kind":"River","src":"ne_10m_rivers_europe"},"geometry":{"type":"MultiLineString","coordinates":[[[21.134,39.902],[21.073,39.916],[21.056,39.93],[21.049,39.95],[21.045,39.97],[21.033,39.99],[21.007,40.011],[20.967,40.025],[20.924,40.03],[20.888,40.031],[20.855,40.035],[20.834,40.031],[20.803,40.029],[20.726,40.038],[20.658,40.026],[20.638,40.031],[20.631,40.042],[20.627,40.058],[20.592,40.081],[20.532,40.126],[20.485,40.156],[20.425,40.207],[20.402,40.22],[20.38,40.229],[20.321,40.265],[20.268,40.284],[20.2,40.312],[20.177,40.312],[20.155,40.308],[20.093,40.304],[20.071,40.297],[20.05,40.299],[20.021,40.318],[19.995,40.343],[19.984,40.357],[19.957,40.36],[19.931,40.363],[19.874,40.39],[19.808,40.407],[19.792,40.417],[19.777,40.423],[19.763,40.425],[19.745,40.426],[19.737,40.434],[19.74,40.447],[19.738,40.463],[19.74,40.479],[19.734,40.49],[19.719,40.493],[19.722,40.506],[19.717,40.52],[19.707,40.528],[19.695,40.528],[19.684,40.534],[19.671,40.536],[19.66,40.539],[19.632,40.554],[19.614,40.554],[19.6,40.556],[19.583,40.558],[19.572,40.571],[19.563,40.581],[19.551,40.579],[19.54,40.58],[19.537,40.592],[19.528,40.599],[19.504,40.608],[19.494,40.61],[19.48,40.613],[19.478,40.625],[19.463,40.634],[19.453,40.641],[19.445,40.651],[19.421,40.642],[19.396,40.649],[19.375,40.655],[19.361,40.658],[19.346,40.659],[19.33,40.654],[19.305,40.653]]]}},{"type":"Feature","properties":{"name":"","rank":10,"kind":"River","src":"ne_10m_rivers_europe"},"geometry":{"type":"MultiLineString","coordinates":[[[44.972,36.048],[44.986,36.022],[44.983,35.997],[44.967,35.985],[44.957,35.974],[44.957,35.96],[44.971,35.928],[44.976,35.904],[44.976,35.894],[44.965,35.881],[44.947,35.878],[44.924,35.878],[44.91,35.883],[44.899,35.892],[44.88,35.893],[44.87,35.896],[44.859,35.895],[44.866,35.874],[44.846,35.861],[44.836,35.854],[44.828,35.874],[44.819,35.88],[44.809,35.874],[44.806,35.864],[44.798,35.859],[44.786,35.869],[44.777,35.874],[44.763,35.872],[44.751,35.867],[44.74,35.872],[44.73,35.88],[44.698,35.874],[44.688,35.874],[44.684,35.883],[44.675,35.89],[44.664,35.884],[44.653,35.89],[44.627,35.886],[44.621,35.894],[44.618,35.907],[44.604,35.904],[44.593,35.89],[44.581,35.88],[44.571,35.87],[44.552,35.872],[44.543,35.865],[44.546,35.856],[44.53,35.86],[44.519,35.866],[44.504,35.86],[44.494,35.864],[44.472,35.869],[44.451,35.859],[44.429,35.861],[44.417,35.857],[44.407,35.851],[44.388,35.844],[44.379,35.834],[44.369,35.835],[44.353,35.838],[44.335,35.844],[44.326,35.838],[44.306,35.827],[44.288,35.825],[44.263,35.833],[44.241,35.837],[44.229,35.837],[44.203,35.829],[44.182,35.815],[44.17,35.798],[44.139,35.769],[44.134,35.744],[44.111,35.716],[44.107,35.707],[44.068,35.69],[44.053,35.669],[44.0,35.644],[43.96,35.619],[43.922,35.59],[43.871,35.542],[43.831,35.513],[43.809,35.49],[43.788,35.473],[43.763,35.458],[43.72,35.437],[43.681,35.405],[43.659,35.39],[43.638,35.381],[43.62,35.377],[43.609,35.372],[43.597,35.344],[43.583,35.325],[43.559,35.308],[43.5,35.281],[43.457,35.256],[43.442,35.252],[43.419,35.246]],[[45.447,36.56],[45.437,36.563],[45.422,36.565],[45.4,36.562],[45.369,36.566],[45.334,36.584],[45.304,36.604],[45.287,36.612],[45.282,36.621],[45.284,36.645],[45.294,36.673],[45.319,36.711],[45.323,36.73],[45.312,36.746],[45.287,36.753],[45.257,36.745],[45.235,36.725],[45.222,36.697],[45.215,36.673],[45.216,36.65],[45.235,36.603],[45.239,36.585],[45.248,36.57],[45.296,36.532],[45.317,36.511],[45.33,36.494],[45.352,36.457],[45.424,36.365],[45.441,36.332],[45.478,36.305],[45.497,36.279],[45.512,36.243],[45.524,36.201],[45.543,36.161],[45.572,36.129],[45.596,36.108],[45.599,36.094],[45.582,36.087],[45.558,36.084],[45.54,36.076],[45.539,36.058],[45.543,36.037],[45.536,36.02],[45.515,36.011],[45.446,36.003],[45.394,35.982],[45.374,35.98],[45.358,35.986],[45.321,36.025],[45.302,36.039],[45.272,36.051],[45.239,36.076],[45.181,36.105],[45.121,36.152],[45.103,36.16],[45.088,36.162],[45.068,36.172],[45.052,36.184],[45.038,36.203],[45.02,36.213],[44.995,36.219],[44.973,36.217],[44.955,36.208],[44.941,36.197],[44.932,36.179],[44.931,36.174]]]}},{"type":"Feature","properties":{"name":"","rank":11,"kind":"Intermittent River","src":"ne_10m_rivers_europe"},"geometry":{"type":"MultiLineString","coordinates":[[[37.001,34.056],[37.014,34.051],[37.033,34.057],[37.062,34.075],[37.091,34.1],[37.112,34.121],[37.126,34.143],[37.153,34.198],[37.168,34.218],[37.187,34.232],[37.207,34.243],[37.23,34.25],[37.257,34.253],[37.285,34.26],[37.313,34.275],[37.367,34.312],[37.389,34.324],[37.405,34.329],[37.418,34.338],[37.456,34.381],[37.474,34.397],[37.491,34.405],[37.525,34.413],[37.55,34.422],[37.573,34.435],[37.587,34.45],[37.595,34.462],[37.606,34.47],[37.625,34.472],[37.683,34.469],[37.718,34.475],[37.755,34.475],[37.833,34.512],[37.861,34.52],[37.877,34.518],[37.889,34.514],[37.908,34.516],[37.93,34.525],[37.963,34.548],[37.983,34.557],[38.007,34.561],[38.035,34.563],[38.063,34.56],[38.11,34.543],[38.135,34.537],[38.162,34.539],[38.218,34.555],[38.244,34.558],[38.258,34.55],[38.257,34.533],[38.251,34.513],[38.254,34.499],[38.264,34.491],[38.28,34.487],[38.298,34.489],[38.343,34.503],[38.374,34.506],[38.416,34.496]]]}},{"type":"Feature","properties":{"name":"","rank":11,"kind":"River","src":"ne_10m_rivers_europe"},"geometry":{"type":"MultiLineString","coordinates":[[[45.003,35.664],[45.04,35.656],[45.061,35.647],[45.091,35.63],[45.129,35.602],[45.158,35.572],[45.165,35.547],[45.164,35.529],[45.175,35.514],[45.188,35.501],[45.193,35.486],[45.181,35.47],[45.123,35.437],[45.1,35.416],[45.081,35.407],[45.052,35.403],[44.998,35.413],[44.981,35.411],[44.975,35.402],[44.971,35.381],[44.963,35.374],[44.955,35.358],[44.945,35.289],[44.936,35.263],[44.919,35.243],[44.896,35.22],[44.869,35.204],[44.827,35.194],[44.809,35.181],[44.783,35.172],[44.745,35.175],[44.7,35.182],[44.655,35.182],[44.617,35.174],[44.59,35.163],[44.568,35.159],[44.516,35.179],[44.495,35.176],[44.479,35.156],[44.448,35.098],[44.419,35.072],[44.403,35.037],[44.385,35.015],[44.367,34.986],[44.348,34.923],[44.327,34.893],[44.329,34.875],[44.329,34.854],[44.301,34.818],[44.302,34.801],[44.312,34.783],[44.32,34.763],[44.331,34.744],[44.369,34.721],[44.402,34.689],[44.481,34.63],[44.506,34.607],[44.513,34.589],[44.508,34.548],[44.516,34.491],[44.51,34.471],[44.503,34.46],[44.508,34.441],[44.508,34.423],[44.501,34.398],[44.49,34.373],[44.485,34.351],[44.494,34.332],[44.508,34.314],[44.514,34.295],[44.51,34.275],[44.499,34.256],[44.479,34.242],[44.435,34.223],[44.408,34.194],[44.39,34.194],[44.377,34.189],[44.364,34.177],[44.345,34.146],[44.335,34.138],[44.33,34.116],[44.328,34.093],[44.312,34.061],[44.291,34.042]]]}},{"type":"Feature","properties":{"name":"","rank":11,"kind":"River","src":"ne_10m_rivers_europe"},"geometry":{"type":"MultiLineString","coordinates":[[[35.261,40.056],[35.219,40.033],[35.181,40.015],[35.148,40.004],[35.115,40.001],[35.078,40.004],[35.04,40.015],[35.004,40.031],[34.976,40.053],[34.958,40.077],[34.936,40.113],[34.873,40.206],[34.868,40.226],[34.876,40.232],[34.885,40.26],[34.899,40.273],[34.919,40.282],[34.964,40.29],[34.998,40.305],[35.031,40.326],[35.054,40.345],[35.076,40.357],[35.147,40.363],[35.187,40.371],[35.234,40.389],[35.346,40.44],[35.398,40.454],[35.438,40.464],[35.495,40.486],[35.526,40.495],[35.556,40.5],[35.58,40.501],[35.599,40.498],[35.6,40.498]]]}},{"type":"Feature","properties":{"name":"","rank":11,"kind":"River","src":"ne_10m_rivers_europe"},"geometry":{"type":"MultiLineString","coordinates":[[[29.973,36.915],[29.959,36.931],[29.952,36.946],[29.95,36.975],[29.941,37.007],[29.924,37.04],[29.906,37.062],[29.88,37.071],[29.844,37.074],[29.807,37.07],[29.779,37.062],[29.753,37.067],[29.721,37.098],[29.692,37.134],[29.673,37.153],[29.651,37.156],[29.579,37.158],[29.56,37.165],[29.556,37.175],[29.558,37.201],[29.55,37.224],[29.536,37.246],[29.521,37.257],[29.509,37.264],[29.498,37.275],[29.491,37.292],[29.488,37.311],[29.475,37.332],[29.446,37.35],[29.41,37.358],[29.384,37.353],[29.363,37.336],[29.343,37.316],[29.328,37.296],[29.32,37.282],[29.305,37.266],[29.243,37.211],[29.201,37.166],[29.175,37.151],[29.149,37.143],[29.116,37.14],[29.103,37.131],[29.096,37.116],[29.094,37.087],[29.073,37.058],[29.063,37.039],[29.037,37.007],[28.983,36.96],[28.919,36.918],[28.87,36.895],[28.837,36.884],[28.813,36.871],[28.803,36.857],[28.803,36.831],[28.782,36.816],[28.757,36.787],[28.716,36.761],[28.718,36.742],[28.716,36.73],[28.711,36.704]]]}},{"type":"Feature","properties":{"name":"Beli Timok","rank":10,"kind":"River","src":"ne_10m_rivers_europe"},"geometry":{"type":"MultiLineString","coordinates":[[[22.368,43.382],[22.356,43.392],[22.341,43.396],[22.299,43.396],[22.268,43.399],[22.225,43.4],[22.177,43.414],[22.122,43.427],[22.111,43.442],[22.105,43.464],[22.11,43.485],[22.123,43.498],[22.14,43.508],[22.157,43.527],[22.178,43.545],[22.207,43.556],[22.235,43.564],[22.252,43.573],[22.259,43.594],[22.271,43.671],[22.297,43.731],[22.305,43.764],[22.306,43.794],[22.297,43.831],[22.303,43.868],[22.299,43.901],[22.302,43.918],[22.316,43.94],[22.364,43.994],[22.377,44.022],[22.395,44.048],[22.427,44.071],[22.471,44.084],[22.546,44.093],[22.567,44.105],[22.583,44.124],[22.596,44.136],[22.604,44.146],[22.609,44.16],[22.606,44.175],[22.624,44.19],[22.639,44.208],[22.648,44.214],[22.692,44.229]]]}},{"type":"Feature","properties":{"name":"","rank":11,"kind":"River","src":"ne_10m_rivers_europe"},"geometry":{"type":"MultiLineString","coordinates":[[[48.942,48.454],[48.968,48.456],[48.989,48.452],[49.02,48.429],[49.07,48.408],[49.083,48.394],[49.09,48.382],[49.1,48.373],[49.113,48.372],[49.127,48.378],[49.147,48.381],[49.208,48.368],[49.238,48.37],[49.257,48.379],[49.264,48.389],[49.276,48.403],[49.291,48.403],[49.308,48.398],[49.325,48.382],[49.354,48.329],[49.37,48.316],[49.377,48.303],[49.363,48.247],[49.371,48.226],[49.384,48.205],[49.388,48.176],[49.382,48.146],[49.369,48.12],[49.367,48.097],[49.385,48.072],[49.41,48.054],[49.432,48.047],[49.441,48.037],[49.444,48.023],[49.428,47.997],[49.417,47.961],[49.402,47.942],[49.398,47.927],[49.384,47.909],[49.351,47.897],[49.31,47.891],[49.275,47.889],[49.253,47.892],[49.234,47.902],[49.219,47.902],[49.201,47.893],[49.177,47.865],[49.157,47.864],[49.14,47.862],[49.125,47.855],[49.111,47.834],[49.058,47.8],[49.038,47.783],[49.025,47.776],[49.002,47.797],[48.982,47.801],[48.96,47.794],[48.942,47.781],[48.918,47.767],[48.853,47.754],[48.842,47.742],[48.841,47.729],[48.832,47.719],[48.818,47.711]]]}},{"type":"Feature","properties":{"name":"Prut","rank":10,"kind":"River","src":"ne_10m_rivers_europe"},"geometry":{"type":"MultiLineString","coordinates":[[[24.871,47.816],[24.865,47.835],[24.849,47.852],[24.787,47.899],[24.742,47.913],[24.719,47.924],[24.7,47.938],[24.689,47.953],[24.69,47.971],[24.703,47.995],[24.722,48.017],[24.754,48.041],[24.76,48.053],[24.755,48.073],[24.741,48.101],[24.733,48.129],[24.743,48.148],[24.767,48.157],[24.852,48.165],[24.876,48.171],[24.896,48.182],[24.914,48.182],[24.934,48.175],[24.964,48.145],[24.989,48.131],[25.018,48.126],[25.044,48.131],[25.06,48.142],[25.067,48.154],[25.071,48.167],[25.094,48.196],[25.112,48.231],[25.128,48.245],[25.147,48.253],[25.162,48.256],[25.18,48.262],[25.204,48.277],[25.225,48.297],[25.255,48.328],[25.289,48.353],[25.336,48.38],[25.388,48.401],[25.438,48.411],[25.484,48.412],[25.518,48.406],[25.562,48.392],[25.645,48.377]]]}},{"type":"Feature","properties":{"name":"Latorytsya","rank":11,"kind":"River","src":"ne_10m_rivers_europe"},"geometry":{"type":"MultiLineString","coordinates":[[[22.881,48.908],[22.877,48.897],[22.908,48.871],[22.924,48.857],[22.937,48.838],[22.949,48.815],[22.968,48.791],[22.997,48.769],[23.026,48.742],[23.045,48.707],[23.051,48.666],[23.049,48.627],[23.033,48.579],[23.017,48.571],[22.96,48.565],[22.938,48.557],[22.922,48.548],[22.893,48.541],[22.877,48.532],[22.864,48.521],[22.849,48.501],[22.834,48.489],[22.809,48.479],[22.748,48.465],[22.728,48.459],[22.703,48.455],[22.62,48.456],[22.589,48.447],[22.567,48.438],[22.521,48.437],[22.47,48.419],[22.411,48.412],[22.382,48.405],[22.351,48.407],[22.315,48.423],[22.283,48.44],[22.26,48.447],[22.239,48.447],[22.212,48.452],[22.186,48.46],[22.155,48.473],[22.133,48.471],[22.115,48.482],[22.083,48.492],[22.061,48.504],[22.029,48.515],[21.988,48.516],[21.916,48.512],[21.893,48.51],[21.871,48.505],[21.851,48.491],[21.817,48.447],[21.799,48.428],[21.776,48.415],[21.72,48.393],[21.701,48.379],[21.688,48.365],[21.673,48.355],[21.654,48.351],[21.629,48.348],[21.602,48.341],[21.574,48.324],[21.549,48.304],[21.505,48.276],[21.488,48.259],[21.472,48.252],[21.455,48.249],[21.439,48.249],[21.422,48.218],[21.411,48.212],[21.4,48.189],[21.401,48.167],[21.409,48.148],[21.428,48.13]]]}},{"type":"Feature","properties":{"name":"","rank":12,"kind":"Intermittent River","src":"ne_10m_rivers_europe"},"geometry":{"type":"MultiLineString","coordinates":[[[38.011,34.902],[38.031,34.893],[38.05,34.895],[38.068,34.911],[38.082,34.937],[38.104,34.987],[38.144,35.033],[38.159,35.053],[38.176,35.071],[38.201,35.087],[38.221,35.103],[38.225,35.121],[38.211,35.145],[38.168,35.205],[38.162,35.226],[38.17,35.241],[38.182,35.257],[38.189,35.277],[38.184,35.299],[38.167,35.34],[38.17,35.355],[38.2,35.379],[38.223,35.402],[38.271,35.414],[38.353,35.438],[38.386,35.444],[38.433,35.464],[38.481,35.479],[38.526,35.5],[38.569,35.523],[38.599,35.549],[38.627,35.562],[38.652,35.585],[38.711,35.609],[38.733,35.621],[38.745,35.644],[38.754,35.684],[38.758,35.726],[38.759,35.758],[38.754,35.779],[38.74,35.814],[38.738,35.838],[38.741,35.853]]]}},{"type":"Feature","properties":{"name":"Susurluk","rank":10,"kind":"River","src":"ne_10m_rivers_europe"},"geometry":{"type":"MultiLineString","coordinates":[[[29.638,39.079],[29.615,39.088],[29.602,39.101],[29.595,39.12],[29.6,39.145],[29.639,39.197],[29.644,39.212],[29.643,39.223],[29.648,39.238],[29.648,39.256],[29.63,39.288],[29.636,39.315],[29.617,39.372],[29.616,39.432],[29.607,39.46],[29.588,39.485],[29.563,39.507],[29.53,39.523],[29.492,39.534],[29.466,39.545],[29.459,39.559],[29.464,39.579],[29.463,39.602],[29.465,39.623],[29.495,39.65],[29.508,39.678],[29.51,39.708],[29.501,39.727],[29.485,39.734],[29.454,39.733],[29.437,39.737],[29.416,39.748],[29.393,39.765],[29.369,39.791],[29.325,39.849],[29.305,39.867],[29.285,39.871],[29.267,39.862],[29.249,39.849],[29.232,39.842],[29.213,39.837],[29.192,39.828],[29.167,39.826],[29.136,39.837],[29.111,39.858],[29.099,39.881],[29.093,39.901],[29.082,39.917],[29.049,39.929],[28.932,39.948],[28.886,39.962],[28.856,39.963],[28.828,39.968],[28.815,39.983],[28.812,40.002],[28.806,40.018],[28.795,40.026],[28.76,40.023],[28.747,40.025],[28.734,40.023],[28.695,39.995],[28.664,39.989],[28.614,39.969],[28.58,39.971],[28.532,39.96],[28.517,39.967],[28.505,39.978],[28.47,39.984],[28.446,39.992],[28.424,40.005],[28.411,40.018],[28.407,40.033],[28.409,40.065],[28.402,40.078],[28.398,40.088],[28.415,40.111],[28.412,40.121],[28.403,40.132],[28.4,40.144],[28.403,40.155],[28.421,40.17],[28.431,40.186],[28.435,40.203],[28.43,40.213],[28.419,40.223],[28.391,40.246]]]}},{"type":"Feature","properties":{"name":"Sitnica","rank":10,"kind":"River","src":"ne_10m_rivers_europe"},"geometry":{"type":"MultiLineString","coordinates":[[[20.994,43.132],[21.015,43.125],[21.03,43.117],[21.05,43.092],[21.111,43.059],[21.131,43.041],[21.142,43.019],[21.16,42.968],[21.173,42.944],[21.186,42.917],[21.193,42.882],[21.19,42.85],[21.179,42.833],[21.166,42.824],[21.156,42.798],[21.142,42.778],[21.121,42.76],[21.1,42.75],[21.082,42.745],[21.054,42.731],[21.035,42.729],[21.02,42.736],[21.003,42.775],[20.977,42.808],[20.944,42.84],[20.895,42.874],[20.874,42.901],[20.856,42.913],[20.839,42.933],[20.828,42.963],[20.82,42.99],[20.804,43.014],[20.809,43.047],[20.81,43.069],[20.805,43.093],[20.794,43.116],[20.772,43.143],[20.708,43.204],[20.679,43.246],[20.626,43.297],[20.617,43.316],[20.622,43.329],[20.633,43.341],[20.64,43.354],[20.64,43.39],[20.661,43.423],[20.66,43.439],[20.666,43.451],[20.665,43.463],[20.649,43.47],[20.628,43.487],[20.603,43.562],[20.584,43.588],[20.565,43.605],[20.552,43.623],[20.552,43.645],[20.563,43.671],[20.583,43.693],[20.604,43.703],[20.625,43.709],[20.67,43.727],[20.703,43.725],[20.725,43.729],[20.756,43.73],[20.794,43.721],[20.839,43.702],[20.931,43.655],[20.961,43.642],[20.987,43.634],[21.008,43.634],[21.029,43.637],[21.052,43.636],[21.072,43.631],[21.095,43.617],[21.117,43.611],[21.141,43.609],[21.175,43.61],[21.221,43.602],[21.258,43.604],[21.29,43.61],[21.319,43.625],[21.343,43.631],[21.368,43.644],[21.383,43.669],[21.406,43.711]]]}},{"type":"Feature","properties":{"name":"Terek","rank":10,"kind":"River","src":"ne_10m_rivers_europe"},"geometry":{"type":"MultiLineString","coordinates":[[[44.255,42.632],[44.264,42.648],[44.274,42.661],[44.284,42.668],[44.303,42.662],[44.365,42.619],[44.396,42.604],[44.42,42.598],[44.452,42.595],[44.474,42.586],[44.498,42.58],[44.519,42.587],[44.538,42.599],[44.573,42.61],[44.595,42.62],[44.617,42.636],[44.633,42.655],[44.638,42.681],[44.629,42.753],[44.634,42.787],[44.641,42.816],[44.644,42.843],[44.635,42.892],[44.639,42.915],[44.651,42.94],[44.678,42.977],[44.683,42.998],[44.679,43.023],[44.669,43.053],[44.651,43.082],[44.588,43.142],[44.557,43.166],[44.504,43.196],[44.447,43.222],[44.376,43.243],[44.34,43.259],[44.309,43.264],[44.283,43.272],[44.256,43.286],[44.237,43.304],[44.222,43.322],[44.19,43.347],[44.179,43.362],[44.175,43.379],[44.173,43.422],[44.149,43.52],[44.144,43.547],[44.136,43.562],[44.115,43.58],[44.098,43.603],[44.101,43.631],[44.122,43.656],[44.172,43.69],[44.218,43.734],[44.234,43.739],[44.256,43.74],[44.276,43.734],[44.287,43.721],[44.296,43.704],[44.31,43.688],[44.332,43.681],[44.392,43.694],[44.457,43.694],[44.492,43.698],[44.572,43.719],[44.626,43.721],[44.653,43.733],[44.692,43.742],[44.7,43.749],[44.714,43.764],[44.733,43.764],[44.757,43.758],[44.779,43.747],[44.808,43.729],[44.827,43.723],[44.84,43.714],[44.837,43.699],[44.839,43.683],[44.861,43.669],[44.897,43.664],[44.933,43.67],[44.963,43.685],[45.008,43.714],[45.035,43.721],[45.059,43.718],[45.087,43.696],[45.12,43.702],[45.157,43.697],[45.193,43.684],[45.211,43.669],[45.224,43.653],[45.245,43.637],[45.271,43.627],[45.292,43.627],[45.345,43.635],[45.381,43.633],[45.42,43.623],[45.522,43.576],[45.559,43.569],[45.595,43.565],[45.65,43.554],[45.705,43.548],[45.751,43.535],[45.801,43.515],[45.875,43.478],[45.941,43.457],[45.977,43.436],[45.995,43.429],[46.021,43.431],[46.087,43.458],[46.112,43.462],[46.175,43.448],[46.208,43.435],[46.234,43.417],[46.249,43.42],[46.316,43.443],[46.344,43.467],[46.397,43.495],[46.422,43.52],[46.436,43.551],[46.44,43.606],[46.449,43.622],[46.463,43.636],[46.494,43.686],[46.522,43.712],[46.556,43.729],[46.589,43.735],[46.622,43.736],[46.69,43.748],[46.732,43.749],[46.776,43.767],[46.798,43.768],[46.818,43.766],[46.855,43.766],[46.901,43.752],[46.924,43.752],[46.946,43.76],[46.992,43.784],[47.023,43.795],[47.055,43.801],[47.113,43.801],[47.167,43.813],[47.207,43.813],[47.244,43.805],[47.267,43.793],[47.285,43.78],[47.35,43.753],[47.37,43.749],[47.419,43.765],[47.469,43.76]]]}},{"type":"Feature","properties":{"name":"Siret","rank":10,"kind":"River","src":"ne_10m_rivers_europe"},"geometry":{"type":"MultiLineString","coordinates":[[[27.176,46.2],[27.188,46.155],[27.224,46.131],[27.231,46.118],[27.234,46.101],[27.243,46.082],[27.248,46.06],[27.235,46.011],[27.238,45.981],[27.25,45.969],[27.259,45.943],[27.366,45.755],[27.372,45.74],[27.378,45.728],[27.385,45.718],[27.41,45.693],[27.42,45.686],[27.447,45.676],[27.457,45.671],[27.468,45.659],[27.474,45.651],[27.495,45.636],[27.506,45.624],[27.514,45.611],[27.522,45.589],[27.523,45.577],[27.525,45.56],[27.551,45.552],[27.629,45.551],[27.653,45.543],[27.661,45.528],[27.667,45.49],[27.683,45.485],[27.703,45.477],[27.711,45.472],[27.731,45.454],[27.765,45.433],[27.82,45.412],[27.855,45.407],[27.921,45.409],[27.945,45.407],[27.97,45.401],[28.03,45.395]],[[25.255,48.014],[25.271,48.011],[25.284,48.016],[25.296,48.026],[25.301,48.038],[25.296,48.049],[25.291,48.072],[25.298,48.114],[25.32,48.156],[25.354,48.177],[25.396,48.189],[25.476,48.221],[25.507,48.223],[25.53,48.221],[25.561,48.224],[25.576,48.217],[25.62,48.19],[25.649,48.18],[25.698,48.171],[25.707,48.16],[25.713,48.148],[25.725,48.138],[25.772,48.123],[25.804,48.109],[25.875,48.062],[25.922,48.041],[26.009,48.016],[26.025,47.998],[26.045,47.984],[26.07,47.972],[26.116,47.958],[26.147,47.946],[26.175,47.929],[26.203,47.9],[26.238,47.899],[26.268,47.886],[26.295,47.865],[26.324,47.824],[26.346,47.802],[26.37,47.785],[26.396,47.771],[26.394,47.753],[26.399,47.743],[26.411,47.736],[26.428,47.731],[26.447,47.722],[26.482,47.684],[26.521,47.656],[26.536,47.641],[26.544,47.626],[26.546,47.615],[26.537,47.602],[26.546,47.581],[26.562,47.528],[26.563,47.516],[26.561,47.501],[26.56,47.489],[26.562,47.478],[26.568,47.468],[26.592,47.445],[26.606,47.436],[26.617,47.431],[26.658,47.427],[26.664,47.396],[26.676,47.382],[26.75,47.283],[26.756,47.262],[26.758,47.249],[26.782,47.215],[26.778,47.186],[26.792,47.162],[26.813,47.142],[26.829,47.136],[26.848,47.131],[26.875,47.116],[26.907,47.088],[26.974,47.004],[26.981,46.982],[26.982,46.943],[26.974,46.918],[26.97,46.902],[26.945,46.871],[26.921,46.85],[26.909,46.83],[26.911,46.815],[26.935,46.79],[26.942,46.77],[26.943,46.747],[26.938,46.708],[26.945,46.693],[26.959,46.674],[26.974,46.645],[26.983,46.619],[26.98,46.599],[26.989,46.581],[26.996,46.556],[26.99,46.529],[26.975,46.507],[26.962,46.493],[26.957,46.478],[26.962,46.452],[26.976,46.421],[26.991,46.396],[27.009,46.376],[27.047,46.341],[27.068,46.311],[27.077,46.305]]]}},{"type":"Feature","properties":{"name":"Horn\u00e1d","rank":10,"kind":"River","src":"ne_10m_rivers_europe"},"geometry":{"type":"MultiLineString","coordinates":[[[20.198,48.935],[20.2,48.953],[20.209,48.972],[20.228,48.993],[20.258,49.009],[20.291,49.014],[20.324,49.011],[20.353,49.005],[20.378,48.994],[20.42,48.965],[20.441,48.956],[20.467,48.953],[20.502,48.955],[20.537,48.954],[20.563,48.944],[20.586,48.932],[20.613,48.924],[20.643,48.923],[20.698,48.933],[20.736,48.933],[20.77,48.943],[20.794,48.946],[20.817,48.946],[20.848,48.938],[20.907,48.934],[20.945,48.926],[20.976,48.916],[21.005,48.9],[21.038,48.892],[21.046,48.874],[21.054,48.866],[21.071,48.865],[21.116,48.881],[21.138,48.877],[21.163,48.868],[21.216,48.863],[21.222,48.854],[21.223,48.838],[21.241,48.799],[21.246,48.773],[21.271,48.733],[21.284,48.707],[21.304,48.684],[21.328,48.662],[21.347,48.65],[21.352,48.64],[21.331,48.6],[21.313,48.554],[21.308,48.542],[21.293,48.531],[21.288,48.52],[21.276,48.509],[21.261,48.503],[21.25,48.507],[21.238,48.514],[21.225,48.498],[21.209,48.482],[21.202,48.46],[21.205,48.44],[21.21,48.422],[21.21,48.407],[21.202,48.394],[21.174,48.361],[21.167,48.344],[21.154,48.324],[21.127,48.301],[21.091,48.279],[21.032,48.247],[20.991,48.201],[20.973,48.173],[20.959,48.135],[20.956,48.099],[20.963,48.074],[20.969,48.062],[20.954,48.047],[20.946,48.036],[20.943,48.019],[20.943,48.0],[20.948,47.984],[20.958,47.974],[20.976,47.97],[21.031,47.968],[21.089,47.952],[21.112,47.952]]]}},{"type":"Feature","properties":{"name":"","rank":10,"kind":"River","src":"ne_10m_rivers_europe"},"geometry":{"type":"MultiLineString","coordinates":[[[44.661,45.5],[44.758,45.48],[44.797,45.464],[44.845,45.454],[44.935,45.442],[44.966,45.436],[45.046,45.407],[45.116,45.388],[45.156,45.365],[45.202,45.344],[45.255,45.313],[45.284,45.305],[45.314,45.301],[45.375,45.288],[45.466,45.276],[45.521,45.259],[45.574,45.261],[45.616,45.259],[45.653,45.249],[45.672,45.233],[45.684,45.216],[45.721,45.196],[45.742,45.172],[45.758,45.16],[45.793,45.151],[45.9,45.137],[45.95,45.124],[45.97,45.123],[45.991,45.127],[46.033,45.145],[46.067,45.144],[46.088,45.149],[46.106,45.149],[46.115,45.139],[46.134,45.123],[46.179,45.111],[46.228,45.104],[46.257,45.104],[46.269,45.11],[46.275,45.118],[46.285,45.124],[46.344,45.121],[46.441,45.132],[46.502,45.128],[46.554,45.133],[46.572,45.128],[46.583,45.118],[46.593,45.097],[46.61,45.087],[46.618,45.048],[46.627,45.02],[46.646,44.996],[46.676,44.983],[46.709,44.976],[46.754,44.962],[46.809,44.965],[46.836,44.96],[46.872,44.942],[46.891,44.944],[46.906,44.954],[46.912,44.968],[46.921,44.979],[46.943,44.984],[46.967,44.977],[46.978,44.959],[46.983,44.939],[47.003,44.922]],[[42.344,44.648],[42.405,44.64],[42.433,44.639],[42.455,44.642],[42.47,44.647],[42.476,44.657],[42.474,44.67],[42.485,44.679],[42.574,44.677],[42.628,44.684],[42.666,44.696],[42.682,44.707],[42.688,44.726],[42.702,44.756],[42.712,44.791],[42.707,44.855],[42.718,44.917],[42.713,44.954],[42.732,45.033],[42.746,45.051],[42.757,45.068],[42.754,45.088],[42.746,45.108],[42.742,45.127],[42.747,45.16],[42.758,45.215],[42.775,45.268],[42.797,45.304],[42.792,45.322],[42.82,45.343],[42.827,45.359],[42.828,45.376],[42.836,45.404],[42.83,45.436],[42.836,45.468],[42.827,45.49],[42.824,45.508],[42.829,45.534],[42.843,45.564],[42.86,45.588],[42.886,45.614],[42.905,45.659],[42.938,45.693],[42.947,45.738],[42.968,45.761],[42.997,45.78],[43.022,45.793],[43.045,45.797],[43.089,45.795],[43.126,45.802],[43.146,45.795],[43.173,45.792],[43.208,45.803],[43.244,45.818],[43.293,45.829],[43.31,45.835],[43.33,45.839],[43.401,45.838],[43.446,45.845],[43.503,45.849],[43.572,45.845],[43.639,45.833],[43.737,45.809],[43.778,45.801],[43.837,45.799],[43.866,45.779],[43.894,45.773],[43.934,45.754],[43.976,45.746],[44.034,45.723],[44.067,45.717],[44.098,45.708],[44.125,45.687],[44.145,45.666],[44.158,45.658],[44.177,45.64]]]}},{"type":"Feature","properties":{"name":"","rank":12,"kind":"River","src":"ne_10m_rivers_europe"},"geometry":{"type":"MultiLineString","coordinates":[[[50.35,48.011],[50.387,47.985],[50.429,47.951],[50.524,47.866],[50.561,47.839],[50.587,47.829],[50.62,47.827],[50.636,47.818],[50.65,47.802],[50.658,47.782],[50.674,47.76],[50.737,47.717],[50.747,47.695],[50.74,47.673],[50.728,47.652],[50.727,47.624],[50.749,47.586],[50.781,47.553],[50.806,47.537],[50.826,47.534],[50.848,47.534],[50.857,47.527],[50.848,47.504],[50.828,47.477],[50.801,47.449],[50.85,47.425],[50.879,47.419],[50.927,47.418],[50.951,47.416],[50.973,47.407],[50.99,47.393],[51.005,47.375]]]}},{"type":"Feature","properties":{"name":"Ni\u0161ava","rank":11,"kind":"River","src":"ne_10m_rivers_europe"},"geometry":{"type":"MultiLineString","coordinates":[[[23.09,43.15],[23.101,43.132],[23.103,43.098],[23.118,43.058],[23.119,43.046],[23.109,43.041],[23.07,43.035],[23.029,43.017],[23.012,43.013],[22.996,43.017],[22.979,43.027],[22.96,43.032],[22.94,43.022],[22.92,43.009],[22.903,43.006],[22.888,43.008],[22.875,43.006],[22.857,43.005],[22.799,43.021],[22.759,43.023],[22.741,43.027],[22.721,43.04],[22.699,43.06],[22.682,43.081],[22.674,43.095],[22.659,43.111],[22.586,43.172],[22.542,43.218],[22.522,43.225],[22.494,43.226],[22.406,43.238],[22.315,43.235],[22.291,43.237],[22.28,43.244],[22.255,43.273],[22.237,43.289],[22.218,43.301],[22.188,43.315],[22.17,43.326],[22.147,43.337],[22.119,43.343],[22.092,43.34],[22.07,43.333],[22.05,43.323],[22.028,43.317],[22.003,43.316],[21.929,43.329],[21.818,43.339],[21.792,43.348],[21.78,43.355]]]}},{"type":"Feature","properties":{"name":"Crna","rank":11,"kind":"River","src":"ne_10m_rivers_europe"},"geometry":{"type":"MultiLineString","coordinates":[[[21.093,41.394],[21.094,41.408],[21.087,41.417],[21.068,41.419],[21.049,41.411],[21.038,41.394],[21.037,41.374],[21.042,41.356],[21.056,41.34],[21.075,41.322],[21.103,41.307],[21.172,41.287],[21.197,41.273],[21.222,41.262],[21.26,41.262],[21.294,41.271],[21.323,41.287],[21.338,41.288],[21.361,41.276],[21.392,41.25],[21.419,41.219],[21.434,41.197],[21.436,41.181],[21.423,41.152],[21.421,41.132],[21.426,41.111],[21.435,41.091],[21.428,41.08],[21.428,41.069],[21.422,41.059],[21.423,41.042],[21.431,41.034],[21.44,41.019],[21.441,41.005],[21.453,40.995],[21.467,40.986],[21.48,40.974],[21.493,40.963],[21.504,40.951],[21.521,40.96],[21.54,40.963],[21.56,40.961],[21.587,40.962],[21.62,40.971],[21.65,40.987],[21.668,41.004],[21.673,41.027],[21.671,41.09],[21.673,41.118],[21.683,41.138],[21.715,41.164],[21.719,41.184],[21.728,41.208],[21.755,41.229],[21.787,41.248],[21.82,41.279],[21.843,41.288],[21.875,41.29],[21.91,41.286],[21.941,41.288],[21.963,41.304],[21.97,41.332],[21.967,41.361],[21.954,41.389],[21.927,41.432],[21.919,41.449],[21.926,41.475],[21.947,41.515],[21.98,41.565]]]}},{"type":"Feature","properties":{"name":"","rank":11,"kind":"River","src":"ne_10m_rivers_europe"},"geometry":{"type":"MultiLineString","coordinates":[[[29.326,39.095],[29.332,39.115],[29.293,39.149],[29.29,39.169],[29.295,39.189],[29.291,39.208],[29.279,39.223],[29.249,39.246],[29.234,39.266],[29.224,39.291],[29.22,39.315],[29.225,39.352],[29.239,39.408],[29.245,39.46],[29.236,39.488],[29.208,39.497],[29.135,39.513],[29.119,39.519],[29.105,39.529],[29.066,39.552],[29.049,39.558],[29.005,39.566],[28.967,39.589],[28.943,39.609],[28.912,39.62],[28.866,39.621],[28.82,39.614],[28.78,39.619],[28.756,39.648],[28.737,39.679],[28.729,39.7],[28.727,39.726],[28.727,39.771],[28.721,39.782],[28.711,39.793],[28.69,39.825],[28.678,39.836],[28.659,39.842],[28.631,39.844],[28.604,39.851],[28.584,39.867],[28.56,39.925],[28.546,39.939],[28.532,39.96]]]}},{"type":"Feature","properties":{"name":"","rank":12,"kind":"River","src":"ne_10m_rivers_europe"},"geometry":{"type":"MultiLineString","coordinates":[[[45.067,44.217],[45.097,44.207],[45.126,44.203],[45.171,44.21],[45.201,44.206],[45.233,44.209],[45.268,44.221],[45.292,44.241],[45.308,44.262],[45.323,44.276],[45.388,44.305],[45.402,44.318],[45.407,44.335],[45.409,44.357],[45.422,44.378],[45.455,44.394],[45.494,44.407],[45.521,44.42],[45.548,44.429],[45.619,44.433],[45.649,44.446],[45.691,44.447],[45.734,44.453],[45.779,44.445],[45.832,44.456],[45.859,44.456],[45.885,44.449],[45.932,44.434],[45.964,44.431],[46.009,44.408],[46.043,44.397],[46.063,44.38],[46.08,44.373],[46.103,44.373],[46.124,44.381],[46.145,44.396]]]}},{"type":"Feature","properties":{"name":"","rank":10,"kind":"River","src":"ne_10m_rivers_europe"},"geometry":{"type":"MultiLineString","coordinates":[[[46.493,37.686],[46.501,37.659],[46.506,37.636],[46.505,37.603],[46.508,37.589],[46.526,37.565],[46.621,37.467],[46.642,37.45],[46.676,37.432],[46.717,37.418],[46.755,37.414],[46.787,37.418],[46.813,37.425],[46.845,37.428],[46.943,37.416],[47.009,37.416],[47.068,37.391],[47.103,37.384],[47.135,37.386],[47.158,37.39],[47.181,37.392],[47.212,37.386],[47.245,37.373],[47.302,37.343],[47.324,37.337],[47.364,37.343],[47.432,37.357],[47.507,37.377],[47.564,37.395],[47.613,37.405],[47.668,37.404],[47.714,37.398],[47.74,37.397],[47.754,37.402],[47.781,37.421],[47.806,37.425]]]}},{"type":"Feature","properties":{"name":"Bregalnica","rank":12,"kind":"River","src":"ne_10m_rivers_europe"},"geometry":{"type":"MultiLineString","coordinates":[[[22.972,41.678],[22.93,41.681],[22.905,41.676],[22.885,41.676],[22.858,41.689],[22.805,41.748],[22.763,41.781],[22.753,41.8],[22.754,41.821],[22.764,41.842],[22.78,41.858],[22.793,41.867],[22.802,41.882],[22.806,41.91],[22.799,41.942],[22.782,41.967],[22.76,41.98],[22.721,41.987],[22.689,42.0],[22.665,41.998],[22.642,42.001],[22.615,42.0],[22.593,41.988],[22.574,41.974],[22.528,41.953],[22.441,41.889],[22.408,41.872],[22.384,41.87],[22.335,41.874],[22.308,41.869],[22.274,41.852],[22.234,41.826],[22.204,41.798],[22.191,41.779],[22.185,41.761],[22.169,41.739],[22.146,41.725],[22.125,41.726],[22.102,41.735],[22.054,41.743],[22.038,41.749],[22.021,41.748],[21.996,41.735],[21.975,41.712],[21.966,41.69],[21.962,41.666],[21.953,41.641],[21.941,41.623],[21.931,41.616],[21.921,41.615]]]}},{"type":"Feature","properties":{"name":"","rank":11,"kind":"River","src":"ne_10m_rivers_europe"},"geometry":{"type":"MultiLineString","coordinates":[[[21.646,46.001],[21.622,45.99],[21.6,45.984],[21.555,45.987],[21.521,45.987],[21.483,45.981],[21.447,45.971],[21.423,45.96],[21.406,45.945],[21.347,45.909],[21.263,45.85],[21.18,45.8],[21.156,45.767],[21.129,45.749],[21.095,45.735],[21.055,45.725],[21.024,45.706],[20.999,45.696],[20.969,45.693],[20.938,45.7],[20.911,45.71],[20.891,45.713],[20.877,45.706],[20.846,45.675],[20.793,45.647],[20.784,45.634],[20.793,45.616],[20.81,45.594],[20.852,45.556],[20.864,45.541],[20.872,45.508],[20.886,45.5],[20.903,45.494],[20.913,45.484],[20.917,45.471]]]}},{"type":"Feature","properties":{"name":"Rioni","rank":10,"kind":"River","src":"ne_10m_rivers_europe"},"geometry":{"type":"MultiLineString","coordinates":[[[43.339,42.874],[43.349,42.871],[43.358,42.863],[43.375,42.832],[43.389,42.813],[43.411,42.798],[43.441,42.792],[43.47,42.789],[43.49,42.781],[43.56,42.742],[43.575,42.725],[43.574,42.701],[43.56,42.671],[43.533,42.643],[43.5,42.626],[43.468,42.614],[43.444,42.6],[43.41,42.587],[43.284,42.569],[43.228,42.554],[43.188,42.54],[43.158,42.533],[43.127,42.537],[43.004,42.569],[42.982,42.571],[42.909,42.555],[42.874,42.553],[42.854,42.56],[42.842,42.567],[42.826,42.568],[42.813,42.559],[42.803,42.525],[42.793,42.508],[42.759,42.481],[42.757,42.467],[42.752,42.452],[42.736,42.442],[42.716,42.432],[42.699,42.418],[42.694,42.404],[42.707,42.38],[42.704,42.344],[42.719,42.304],[42.703,42.272],[42.697,42.242],[42.7,42.211],[42.715,42.177],[42.71,42.162],[42.691,42.148],[42.666,42.135],[42.633,42.126],[42.535,42.109],[42.502,42.123],[42.423,42.145],[42.396,42.161],[42.374,42.158],[42.352,42.148],[42.341,42.134],[42.311,42.132],[42.289,42.12],[42.276,42.117],[42.255,42.121],[42.228,42.129],[42.199,42.142],[42.155,42.167],[42.123,42.171],[42.102,42.183],[42.084,42.189],[42.061,42.191],[42.04,42.189],[42.015,42.193],[41.956,42.223],[41.936,42.228],[41.923,42.228],[41.911,42.234],[41.889,42.239],[41.815,42.236],[41.759,42.252],[41.738,42.252],[41.716,42.248],[41.693,42.247],[41.672,42.251],[41.655,42.26],[41.626,42.273]]]}},{"type":"Feature","properties":{"name":"Buz\u0103u","rank":11,"kind":"River","src":"ne_10m_rivers_europe"},"geometry":{"type":"MultiLineString","coordinates":[[[26.351,45.864],[26.313,45.818],[26.302,45.791],[26.289,45.778],[26.281,45.761],[26.292,45.721],[26.279,45.704],[26.261,45.688],[26.254,45.671],[26.258,45.655],[26.266,45.642],[26.284,45.627],[26.34,45.592],[26.358,45.57],[26.397,45.554],[26.42,45.54],[26.43,45.521],[26.424,45.497],[26.397,45.476],[26.359,45.462],[26.325,45.453],[26.308,45.443],[26.314,45.419],[26.36,45.329],[26.366,45.298],[26.366,45.28],[26.376,45.264],[26.398,45.254],[26.428,45.248],[26.459,45.247],[26.483,45.25],[26.499,45.256],[26.525,45.276],[26.548,45.286],[26.577,45.295],[26.607,45.301],[26.635,45.302],[26.659,45.299],[26.681,45.29],[26.703,45.276],[26.721,45.259],[26.74,45.227],[26.755,45.208],[26.78,45.191],[26.851,45.168],[26.905,45.132],[26.963,45.111],[27.001,45.093],[27.038,45.092],[27.058,45.085],[27.086,45.099],[27.125,45.11],[27.168,45.119],[27.226,45.126],[27.297,45.15],[27.338,45.16],[27.369,45.177],[27.383,45.206],[27.387,45.237],[27.393,45.258],[27.403,45.265],[27.415,45.262],[27.429,45.263],[27.464,45.295],[27.481,45.303],[27.501,45.308],[27.549,45.33],[27.606,45.342],[27.633,45.353],[27.653,45.367],[27.682,45.399],[27.708,45.412],[27.765,45.433]]]}},{"type":"Feature","properties":{"name":"","rank":11,"kind":"River","src":"ne_10m_rivers_europe"},"geometry":{"type":"MultiLineString","coordinates":[[[28.391,40.246],[28.364,40.245],[28.329,40.239],[28.293,40.227],[28.264,40.214],[28.247,40.204],[28.23,40.186],[28.204,40.168],[28.138,40.135],[28.128,40.11],[28.111,40.098],[28.086,40.093],[28.059,40.096],[28.035,40.101],[28.016,40.101],[28.004,40.095],[27.986,40.081],[27.918,40.079],[27.897,40.076],[27.883,40.065],[27.844,40.029],[27.817,40.018],[27.794,39.995],[27.766,39.974],[27.737,39.935],[27.713,39.917],[27.705,39.897],[27.672,39.871],[27.65,39.843],[27.637,39.81],[27.637,39.784],[27.647,39.765],[27.66,39.749],[27.66,39.732],[27.64,39.711],[27.612,39.692],[27.592,39.682],[27.578,39.671],[27.553,39.633],[27.536,39.62],[27.516,39.614],[27.467,39.608],[27.444,39.601],[27.426,39.588],[27.396,39.555],[27.364,39.53],[27.348,39.503],[27.321,39.472],[27.311,39.461],[27.291,39.465],[27.191,39.414]]]}},{"type":"Feature","properties":{"name":"Sal","rank":11,"kind":"River","src":"ne_10m_rivers_europe"},"geometry":{"type":"MultiLineString","coordinates":[[[44.136,46.353],[44.069,46.394],[44.046,46.404],[43.916,46.456],[43.799,46.495],[43.737,46.524],[43.689,46.552],[43.66,46.574],[43.625,46.632],[43.611,46.662],[43.61,46.677],[43.615,46.718],[43.618,46.743],[43.624,46.763],[43.663,46.803],[43.675,46.828],[43.672,46.874],[43.691,46.922],[43.694,46.949],[43.709,46.969],[43.732,46.985],[43.752,46.988],[43.773,46.989],[43.796,46.997],[43.81,47.015],[43.809,47.037],[43.792,47.063],[43.749,47.115],[43.739,47.136],[43.747,47.153],[43.77,47.165],[43.789,47.179],[43.787,47.198],[43.767,47.218],[43.743,47.235],[43.72,47.244],[43.693,47.247],[43.665,47.262],[43.636,47.267],[43.616,47.281],[43.592,47.293],[43.538,47.288],[43.486,47.307],[43.398,47.309],[43.38,47.317],[43.355,47.324],[43.328,47.334],[43.304,47.329],[43.279,47.327],[43.256,47.328],[43.234,47.334],[43.195,47.333],[43.153,47.345],[43.118,47.341],[43.098,47.353],[43.06,47.353],[43.019,47.356],[42.969,47.364],[42.888,47.383],[42.869,47.382],[42.851,47.377],[42.821,47.372],[42.791,47.371],[42.754,47.378],[42.696,47.369],[42.675,47.367],[42.662,47.371],[42.644,47.384],[42.607,47.388],[42.586,47.399],[42.56,47.406],[42.498,47.399],[42.469,47.402],[42.444,47.408],[42.42,47.409],[42.397,47.401],[42.376,47.388],[42.358,47.378],[42.341,47.382],[42.329,47.388],[42.308,47.377],[42.281,47.372],[42.226,47.371],[42.207,47.368],[42.172,47.351],[42.154,47.357],[42.132,47.356],[42.105,47.351],[42.082,47.344],[42.063,47.341],[42.027,47.35],[41.991,47.331],[41.966,47.326],[41.946,47.329],[41.931,47.347],[41.89,47.332],[41.843,47.32],[41.798,47.316],[41.776,47.32],[41.766,47.326],[41.749,47.325],[41.734,47.317],[41.721,47.298],[41.69,47.281],[41.671,47.26],[41.649,47.242],[41.623,47.238],[41.603,47.238],[41.597,47.23],[41.592,47.218],[41.574,47.208],[41.552,47.204],[41.539,47.204],[41.534,47.213],[41.531,47.229],[41.534,47.246],[41.542,47.259],[41.542,47.27],[41.526,47.281],[41.502,47.287],[41.465,47.279],[41.447,47.286],[41.426,47.298],[41.402,47.307],[41.376,47.308],[41.331,47.296],[41.299,47.317],[41.258,47.321],[41.216,47.322],[41.192,47.328],[41.178,47.335],[41.14,47.349],[41.129,47.361],[41.118,47.37],[41.077,47.368],[41.046,47.379],[41.035,47.38],[41.026,47.385],[41.006,47.417],[40.991,47.424],[40.977,47.426],[40.959,47.437],[40.914,47.446],[40.883,47.469],[40.858,47.475],[40.828,47.474],[40.798,47.467],[40.774,47.464],[40.759,47.474],[40.744,47.487],[40.703,47.494],[40.684,47.506],[40.653,47.503],[40.605,47.508],[40.572,47.502]]]}},{"type":"Feature","properties":{"name":"","rank":11,"kind":"River","src":"ne_10m_rivers_europe"},"geometry":{"type":"MultiLineString","coordinates":[[[41.385,38.645],[41.346,38.659],[41.311,38.667],[41.282,38.666],[41.256,38.661],[41.205,38.662],[41.182,38.654],[41.16,38.637],[41.115,38.588],[41.079,38.567],[41.064,38.551],[41.051,38.524],[41.04,38.492],[41.033,38.463],[41.033,38.446],[41.039,38.389],[41.039,38.351],[41.032,38.329],[41.039,38.308],[41.069,38.277],[41.108,38.246],[41.154,38.217],[41.171,38.196],[41.197,38.177],[41.208,38.162],[41.219,38.147],[41.215,38.115],[41.199,38.092],[41.18,38.07],[41.133,37.949],[41.093,37.913],[41.045,37.886],[41.04,37.873],[41.018,37.869],[40.998,37.842],[40.992,37.821],[40.993,37.808],[41.004,37.787]]]}},{"type":"Feature","properties":{"name":"","rank":10,"kind":"River","src":"ne_10m_rivers_europe"},"geometry":{"type":"MultiLineString","coordinates":[[[40.618,46.635],[40.621,46.651],[40.612,46.664],[40.584,46.672],[40.557,46.685],[40.547,46.711],[40.544,46.739],[40.532,46.756],[40.507,46.765],[40.473,46.773],[40.432,46.778],[40.351,46.781],[40.296,46.787],[40.237,46.796],[40.173,46.81],[40.121,46.826],[40.09,46.838],[40.075,46.851],[40.06,46.869],[40.037,46.882],[39.938,46.887],[39.858,46.897],[39.764,46.913],[39.731,46.916],[39.698,46.927],[39.633,46.97],[39.597,46.978],[39.566,46.982],[39.532,47.002],[39.482,47.013],[39.432,47.036],[39.409,47.045],[39.382,47.05],[39.294,47.056]]]}},{"type":"Feature","properties":{"name":"","rank":10,"kind":"River","src":"ne_10m_rivers_europe"},"geometry":{"type":"MultiLineString","coordinates":[[[25.334,46.592],[25.316,46.582],[25.303,46.57],[25.297,46.558],[25.3,46.542],[25.31,46.525],[25.334,46.51],[25.369,46.501],[25.396,46.492],[25.4,46.476],[25.391,46.456],[25.378,46.41],[25.361,46.379],[25.336,46.348],[25.288,46.306],[25.263,46.276],[25.243,46.269],[25.211,46.269],[25.168,46.272],[25.124,46.279],[25.062,46.292],[25.032,46.29],[25.004,46.281],[24.977,46.269],[24.951,46.261],[24.895,46.261],[24.86,46.258],[24.829,46.251],[24.794,46.236],[24.761,46.246],[24.698,46.238],[24.648,46.242],[24.589,46.229],[24.519,46.223],[24.488,46.218],[24.461,46.21],[24.422,46.19],[24.382,46.188],[24.348,46.175],[24.316,46.159],[24.289,46.141],[24.271,46.135],[24.19,46.124],[24.119,46.099],[24.092,46.094],[24.066,46.101],[24.004,46.138],[23.955,46.158],[23.932,46.169],[23.909,46.176],[23.857,46.173],[23.82,46.181],[23.778,46.186],[23.738,46.179],[23.699,46.163]]]}},{"type":"Feature","properties":{"name":"","rank":12,"kind":"River","src":"ne_10m_rivers_europe"},"geometry":{"type":"MultiLineString","coordinates":[[[49.246,36.932],[49.23,36.947],[49.219,36.962],[49.215,36.977],[49.227,36.995],[49.278,37.04],[49.311,37.092],[49.337,37.115],[49.368,37.131],[49.427,37.149],[49.454,37.165],[49.471,37.187],[49.474,37.208],[49.471,37.234],[49.471,37.293],[49.46,37.327],[49.465,37.34],[49.48,37.352],[49.499,37.362],[49.512,37.378],[49.515,37.401],[49.506,37.428],[49.49,37.452],[49.468,37.475],[49.454,37.494]]]}},{"type":"Feature","properties":{"name":"","rank":11,"kind":"River","src":"ne_10m_rivers_europe"},"geometry":{"type":"MultiLineString","coordinates":[[[46.1,46.663],[46.105,46.65],[46.123,46.638],[46.202,46.618],[46.227,46.607],[46.235,46.595],[46.241,46.576],[46.27,46.565],[46.286,46.555],[46.298,46.541],[46.306,46.522],[46.316,46.507],[46.334,46.501],[46.355,46.5],[46.375,46.495],[46.393,46.484],[46.409,46.467],[46.415,46.442],[46.41,46.412],[46.412,46.387],[46.436,46.371],[46.467,46.362],[46.486,46.353],[46.454,46.329],[46.445,46.321],[46.471,46.315],[46.496,46.311],[46.536,46.283],[46.558,46.273],[46.587,46.272],[46.673,46.28],[46.727,46.283],[46.773,46.279],[46.828,46.259],[46.875,46.259],[46.944,46.261],[47.105,46.26],[47.159,46.268],[47.2,46.277],[47.246,46.284],[47.337,46.287],[47.374,46.285],[47.426,46.276],[47.471,46.276],[47.504,46.273],[47.541,46.265],[47.601,46.236],[47.64,46.225],[47.633,46.212],[47.588,46.199],[47.567,46.19],[47.536,46.182],[47.442,46.178],[47.42,46.174],[47.436,46.153],[47.44,46.142],[47.42,46.135],[47.393,46.129],[47.382,46.122],[47.397,46.117],[47.434,46.117],[47.472,46.114],[47.487,46.102],[47.494,46.085],[47.533,46.051],[47.549,46.013],[47.562,46.009],[47.574,46.008],[47.585,45.989],[47.627,45.978],[47.644,45.961]]]}},{"type":"Feature","properties":{"name":"Carsamba","rank":10,"kind":"River","src":"ne_10m_rivers_europe"},"geometry":{"type":"MultiLineString","coordinates":[[[32.043,37.798],[32.053,37.795],[32.067,37.798],[32.087,37.81],[32.113,37.819],[32.139,37.817],[32.163,37.809],[32.184,37.804],[32.204,37.792],[32.243,37.736],[32.263,37.723],[32.278,37.717],[32.286,37.707],[32.293,37.694],[32.316,37.669],[32.328,37.648],[32.336,37.627],[32.337,37.614],[32.349,37.604],[32.382,37.588],[32.43,37.568],[32.483,37.549],[32.55,37.518],[32.577,37.512],[32.598,37.516],[32.616,37.525],[32.628,37.551],[32.638,37.637],[32.65,37.661],[32.662,37.672],[32.665,37.694],[32.673,37.709],[32.705,37.741],[32.764,37.793],[32.823,37.836],[32.855,37.849],[32.861,37.841],[32.855,37.823],[32.858,37.813],[32.867,37.805],[32.893,37.797],[32.924,37.771],[32.946,37.762],[32.969,37.76],[33.006,37.766],[33.017,37.758],[33.019,37.746],[33.014,37.735],[33.013,37.725],[33.041,37.696],[33.051,37.681],[33.047,37.664],[33.014,37.626],[33.011,37.609],[33.023,37.597],[33.043,37.59],[33.066,37.59],[33.086,37.597],[33.101,37.608],[33.124,37.633],[33.143,37.646],[33.172,37.654],[33.243,37.656],[33.278,37.662],[33.309,37.672],[33.335,37.683],[33.357,37.687],[33.376,37.679],[33.386,37.662],[33.385,37.646],[33.395,37.63],[33.43,37.616],[33.473,37.61],[33.503,37.614],[33.515,37.628],[33.515,37.643],[33.509,37.664],[33.507,37.69],[33.514,37.718],[33.529,37.743],[33.559,37.762],[33.629,37.783],[33.637,37.794],[33.635,37.809],[33.641,37.845],[33.634,37.862],[33.624,37.877],[33.62,37.89],[33.624,37.901],[33.633,37.91],[33.647,37.915],[33.688,37.918],[33.718,37.928],[33.742,37.949],[33.752,37.975],[33.75,38.001],[33.742,38.02],[33.724,38.031],[33.666,38.049],[33.64,38.068],[33.622,38.089],[33.612,38.107],[33.612,38.131],[33.616,38.167],[33.624,38.198],[33.637,38.223],[33.649,38.251],[33.651,38.29],[33.634,38.331],[33.607,38.364],[33.57,38.401],[33.56,38.419],[33.554,38.438],[33.545,38.465],[33.542,38.484]]]}},{"type":"Feature","properties":{"name":"","rank":10,"kind":"River","src":"ne_10m_rivers_europe"},"geometry":{"type":"MultiLineString","coordinates":[[[45.49,49.274],[45.478,49.262],[45.478,49.246],[45.468,49.23],[45.404,49.209],[45.381,49.192],[45.37,49.17],[45.369,49.148],[45.378,49.129],[45.394,49.114],[45.404,49.099],[45.399,49.077],[45.384,49.056],[45.357,49.036],[45.348,49.024],[45.344,49.007],[45.343,48.97],[45.337,48.949],[45.341,48.938],[45.341,48.927],[45.328,48.917],[45.308,48.907],[45.29,48.893],[45.281,48.88],[45.281,48.855],[45.275,48.826],[45.27,48.794],[45.277,48.775],[45.288,48.763],[45.299,48.734],[45.313,48.714],[45.325,48.69],[45.333,48.642],[45.348,48.624],[45.372,48.615],[45.397,48.614],[45.419,48.615],[45.449,48.612],[45.492,48.617],[45.519,48.611],[45.545,48.598],[45.581,48.567],[45.603,48.555],[45.626,48.55],[45.646,48.555],[45.662,48.562],[45.676,48.564],[45.687,48.558],[45.71,48.538],[45.752,48.52],[45.769,48.508],[45.78,48.492],[45.788,48.473],[45.803,48.455],[45.855,48.425],[45.86,48.409],[45.85,48.395],[45.837,48.383],[45.831,48.369]]]}},{"type":"Feature","properties":{"name":"Goksu (northern branch)","rank":11,"kind":"River","src":"ne_10m_rivers_europe"},"geometry":{"type":"MultiLineString","coordinates":[[[32.217,36.909],[32.228,36.898],[32.239,36.893],[32.251,36.895],[32.273,36.896],[32.312,36.888],[32.349,36.873],[32.385,36.847],[32.395,36.838],[32.426,36.832],[32.448,36.808],[32.463,36.742],[32.456,36.673],[32.422,36.671],[32.412,36.665],[32.403,36.655],[32.403,36.645],[32.409,36.633],[32.425,36.62],[32.477,36.593],[32.49,36.583],[32.506,36.575],[32.539,36.568],[32.575,36.564],[32.612,36.569],[32.65,36.568],[32.726,36.581],[32.804,36.585],[32.853,36.593],[32.921,36.573],[32.945,36.572],[33.004,36.591],[33.033,36.593],[33.09,36.585],[33.11,36.586],[33.13,36.582],[33.183,36.546],[33.202,36.537],[33.219,36.54],[33.259,36.565],[33.287,36.571],[33.319,36.586],[33.353,36.587],[33.369,36.592],[33.409,36.591]]]}},{"type":"Feature","properties":{"name":"","rank":11,"kind":"River","src":"ne_10m_rivers_europe"},"geometry":{"type":"MultiLineString","coordinates":[[[33.637,46.321],[33.623,46.314],[33.61,46.305],[33.593,46.281],[33.578,46.27],[33.57,46.257],[33.573,46.24],[33.588,46.224],[33.61,46.213],[33.635,46.212],[33.668,46.218]]]}},{"type":"Feature","properties":{"name":"","rank":10,"kind":"River","src":"ne_10m_rivers_europe"},"geometry":{"type":"MultiLineString","coordinates":[[[47.831,34.991],[47.847,34.986],[47.869,34.984],[47.899,34.988],[47.939,35.001],[47.984,35.02],[48.018,35.043],[48.029,35.065],[48.023,35.083],[48.007,35.111],[47.99,35.157],[47.977,35.175],[47.964,35.19],[47.933,35.233],[47.904,35.271],[47.874,35.303],[47.848,35.326],[47.829,35.356],[47.809,35.377],[47.802,35.396],[47.799,35.417],[47.799,35.451],[47.792,35.462],[47.783,35.484],[47.777,35.523],[47.778,35.563],[47.784,35.583],[47.792,35.593],[47.803,35.626],[47.842,35.67],[47.87,35.708],[47.894,35.749],[47.907,35.784],[47.909,35.812],[47.905,35.837],[47.907,35.864],[47.923,35.897],[47.95,35.926],[47.98,35.948],[48.009,35.965],[48.034,35.985],[48.057,36.006]]]}},{"type":"Feature","properties":{"name":"","rank":10,"kind":"River","src":"ne_10m_rivers_europe"},"geometry":{"type":"MultiLineString","coordinates":[[[48.823,36.331],[48.832,36.357],[48.834,36.382],[48.828,36.405],[48.82,36.424],[48.82,36.438],[48.814,36.454],[48.772,36.498],[48.74,36.537],[48.707,36.566],[48.643,36.613],[48.603,36.628],[48.468,36.67],[48.435,36.684],[48.415,36.698],[48.381,36.716],[48.343,36.732],[48.314,36.74],[48.284,36.754],[48.245,36.783],[48.209,36.816],[48.184,36.841],[48.171,36.863],[48.146,36.92],[48.125,36.949],[48.103,36.969],[48.071,36.987],[48.034,37.021],[47.983,37.06],[47.936,37.104],[47.916,37.119],[47.885,37.13],[47.837,37.139],[47.77,37.138]]]}},{"type":"Feature","properties":{"name":"K\u0131z\u0131l\u0131rmak","rank":10,"kind":"River","src":"ne_10m_rivers_europe"},"geometry":{"type":"MultiLineString","coordinates":[[[38.366,39.863],[38.348,39.867],[38.325,39.867],[38.295,39.859],[38.266,39.855],[38.245,39.862],[38.226,39.875],[38.202,39.885],[38.176,39.888],[38.126,39.885],[38.083,39.889],[38.043,39.896],[38.006,39.91],[37.969,39.912],[37.946,39.921],[37.911,39.924],[37.9,39.929],[37.854,39.916],[37.781,39.909],[37.761,39.897],[37.746,39.886],[37.695,39.878],[37.661,39.88]]]}},{"type":"Feature","properties":{"name":"Malka","rank":12,"kind":"River","src":"ne_10m_rivers_europe"},"geometry":{"type":"MultiLineString","coordinates":[[[42.423,43.408],[42.431,43.422],[42.451,43.433],[42.525,43.446],[42.546,43.457],[42.552,43.47],[42.551,43.489],[42.575,43.519],[42.617,43.592],[42.646,43.631],[42.677,43.664],[42.708,43.688],[42.746,43.704],[42.794,43.718],[42.838,43.727],[42.888,43.729],[42.969,43.741],[43.016,43.745],[43.058,43.744],[43.115,43.738],[43.137,43.738],[43.17,43.746],[43.223,43.764],[43.282,43.789],[43.329,43.816],[43.39,43.856],[43.417,43.865],[43.452,43.871],[43.489,43.87],[43.546,43.855],[43.595,43.853],[43.657,43.843],[43.729,43.836],[43.773,43.827],[43.816,43.811],[43.875,43.775],[43.904,43.764],[43.934,43.759],[43.995,43.759],[44.061,43.747],[44.086,43.751],[44.104,43.758],[44.139,43.758],[44.189,43.768],[44.209,43.766],[44.226,43.761],[44.26,43.757],[44.276,43.734]]]}},{"type":"Feature","properties":{"name":"","rank":12,"kind":"River","src":"ne_10m_rivers_europe"},"geometry":{"type":"MultiLineString","coordinates":[[[37.346,39.369],[37.335,39.333],[37.333,39.305],[37.341,39.285],[37.359,39.274],[37.378,39.265],[37.399,39.262],[37.447,39.276],[37.476,39.281],[37.512,39.278],[37.593,39.258],[37.621,39.261],[37.639,39.275],[37.653,39.291],[37.668,39.305],[37.713,39.319],[37.745,39.346],[37.762,39.353],[37.821,39.371],[37.851,39.383],[37.875,39.398],[37.932,39.412],[37.971,39.424],[38.004,39.438],[38.033,39.454],[38.062,39.445],[38.089,39.445],[38.101,39.437],[38.109,39.424],[38.119,39.397],[38.131,39.384],[38.157,39.372],[38.196,39.361],[38.239,39.357],[38.276,39.367],[38.299,39.378],[38.309,39.38],[38.32,39.377],[38.345,39.377],[38.368,39.371]]]}},{"type":"Feature","properties":{"name":"Ye\u015fil\u0131rmak","rank":12,"kind":"River","src":"ne_10m_rivers_europe"},"geometry":{"type":"MultiLineString","coordinates":[[[37.871,40.062],[37.854,40.069],[37.84,40.08],[37.829,40.098],[37.814,40.115],[37.788,40.126],[37.764,40.133],[37.754,40.141],[37.751,40.152],[37.741,40.164],[37.727,40.173],[37.694,40.178],[37.676,40.184],[37.658,40.194],[37.622,40.22],[37.526,40.274],[37.494,40.284],[37.458,40.29],[37.39,40.294],[37.305,40.319],[37.263,40.326],[37.241,40.326],[37.228,40.324],[37.182,40.327],[37.154,40.325],[37.123,40.325],[37.028,40.354]],[[36.925,40.402],[36.894,40.424],[36.869,40.435],[36.842,40.442],[36.812,40.447],[36.783,40.446],[36.757,40.442],[36.733,40.43],[36.689,40.389],[36.667,40.377],[36.603,40.354],[36.563,40.344],[36.523,40.344],[36.481,40.347],[36.437,40.346],[36.397,40.338],[36.336,40.313],[36.289,40.307],[36.241,40.309],[36.206,40.316],[36.184,40.322],[36.158,40.326],[36.141,40.341],[36.129,40.349],[36.114,40.362],[36.102,40.385],[36.097,40.411],[36.101,40.433],[36.102,40.448],[36.088,40.46],[36.022,40.478],[36.006,40.497],[35.994,40.504],[35.971,40.506],[35.848,40.504],[35.802,40.511],[35.768,40.526],[35.754,40.544],[35.759,40.559],[35.778,40.579]]]}},{"type":"Feature","properties":{"name":"Ergene","rank":10,"kind":"River","src":"ne_10m_rivers_europe"},"geometry":{"type":"MultiLineString","coordinates":[[[28.173,41.335],[28.12,41.314],[28.082,41.307],[28.043,41.289],[28.0,41.286],[27.93,41.269],[27.91,41.268],[27.89,41.26],[27.812,41.208],[27.775,41.19],[27.749,41.182],[27.711,41.176],[27.674,41.165],[27.632,41.156],[27.6,41.155],[27.579,41.159],[27.544,41.159],[27.519,41.164],[27.494,41.175],[27.478,41.188],[27.475,41.203],[27.489,41.233],[27.481,41.244],[27.468,41.254],[27.459,41.28],[27.44,41.298],[27.434,41.319],[27.422,41.337],[27.403,41.353],[27.383,41.362],[27.363,41.363],[27.342,41.36],[27.314,41.359],[27.268,41.366],[27.24,41.365],[27.123,41.365],[26.96,41.355],[26.81,41.33],[26.795,41.332],[26.763,41.326],[26.733,41.313],[26.702,41.295],[26.669,41.279],[26.63,41.255],[26.554,41.189],[26.538,41.18],[26.515,41.169],[26.5,41.152],[26.491,41.133],[26.48,41.116],[26.46,41.106],[26.44,41.1],[26.42,41.086],[26.373,41.062],[26.362,41.049],[26.36,41.035]]]}},{"type":"Feature","properties":{"name":"Samur","rank":10,"kind":"River","src":"ne_10m_rivers_europe"},"geometry":{"type":"MultiLineString","coordinates":[[[46.837,41.876],[46.845,41.857],[46.856,41.847],[46.871,41.838],[46.91,41.806],[46.931,41.794],[46.951,41.778],[46.983,41.718],[47.001,41.695],[47.025,41.683],[47.081,41.672],[47.121,41.657],[47.159,41.649],[47.211,41.633],[47.273,41.627],[47.303,41.62],[47.326,41.609],[47.355,41.583],[47.407,41.561],[47.429,41.543],[47.479,41.533],[47.555,41.503],[47.596,41.491],[47.644,41.484],[47.755,41.474],[47.789,41.465],[47.816,41.453],[47.85,41.442],[47.884,41.436],[47.909,41.435],[47.933,41.443],[47.988,41.479],[48.009,41.491],[48.035,41.497],[48.113,41.508],[48.169,41.519],[48.209,41.519],[48.23,41.526],[48.299,41.572],[48.374,41.606],[48.4,41.629],[48.415,41.657],[48.426,41.686],[48.452,41.763],[48.452,41.806],[48.454,41.826],[48.46,41.844],[48.478,41.878],[48.48,41.898]]]}},{"type":"Feature","properties":{"name":"Assa","rank":11,"kind":"River","src":"ne_10m_rivers_europe"},"geometry":{"type":"MultiLineString","coordinates":[[[44.901,42.614],[44.9,42.635],[44.907,42.654],[44.94,42.691],[44.952,42.723],[44.954,42.759],[44.946,42.791],[44.937,42.815],[44.937,42.846],[44.934,42.86],[44.933,42.876],[44.941,42.894],[44.958,42.909],[44.998,42.929],[45.012,42.945],[45.017,42.964],[45.019,42.983],[45.013,43.005],[45.003,43.033],[44.994,43.067],[44.993,43.103],[44.995,43.133],[44.993,43.152],[44.997,43.172],[45.013,43.2],[45.036,43.226],[45.055,43.238],[45.074,43.238],[45.095,43.234],[45.133,43.234],[45.248,43.253],[45.304,43.257],[45.36,43.266],[45.393,43.257],[45.419,43.261],[45.443,43.255],[45.475,43.261],[45.513,43.258],[45.562,43.26],[45.61,43.267],[45.636,43.278],[45.651,43.293],[45.693,43.324],[45.709,43.345],[45.725,43.35],[45.748,43.351],[45.771,43.349],[45.793,43.352],[45.834,43.376],[45.855,43.381],[45.885,43.378],[45.972,43.361],[46.002,43.362],[46.022,43.368],[46.039,43.369],[46.054,43.374],[46.082,43.402],[46.123,43.41],[46.153,43.426],[46.182,43.426],[46.234,43.417]]]}},{"type":"Feature","properties":{"name":"Fliyos","rank":10,"kind":"River","src":"ne_10m_rivers_europe"},"geometry":{"type":"MultiLineString","coordinates":[[[31.872,40.557],[31.865,40.578],[31.871,40.604],[31.891,40.633],[31.923,40.652],[31.955,40.665],[31.987,40.689],[32.028,40.711],[32.053,40.736],[32.07,40.744],[32.091,40.745],[32.138,40.738],[32.178,40.736],[32.22,40.742],[32.253,40.753],[32.276,40.768],[32.293,40.783],[32.327,40.798],[32.463,40.824],[32.511,40.836],[32.616,40.88],[32.669,40.883],[32.773,40.906],[32.972,40.938],[33.015,40.943],[33.064,40.946],[33.123,40.942],[33.151,40.948],[33.178,40.956],[33.221,40.964],[33.256,40.973],[33.291,40.987],[33.313,41.0],[33.308,41.014],[33.235,41.05],[33.106,41.061],[33.092,41.07],[33.069,41.093],[33.059,41.106],[33.038,41.129],[32.986,41.147],[32.93,41.153],[32.895,41.12],[32.8,41.138],[32.779,41.139],[32.744,41.134],[32.704,41.139],[32.667,41.155],[32.642,41.175],[32.629,41.19],[32.62,41.194],[32.555,41.169],[32.532,41.166],[32.493,41.175],[32.476,41.174],[32.458,41.176],[32.415,41.206],[32.39,41.216],[32.367,41.217],[32.336,41.212],[32.302,41.22],[32.241,41.226],[32.217,41.237],[32.2,41.241],[32.178,41.253],[32.13,41.306],[32.109,41.317],[32.094,41.329],[32.084,41.359],[32.081,41.395],[32.087,41.445],[32.08,41.492],[32.084,41.539],[32.074,41.56],[32.073,41.584]]]}},{"type":"Feature","properties":{"name":"","rank":10,"kind":"River","src":"ne_10m_rivers_europe"},"geometry":{"type":"MultiLineString","coordinates":[[[35.019,38.009],[35.007,38.031],[34.989,38.05],[34.933,38.082],[34.916,38.107],[34.865,38.115],[34.836,38.131],[34.816,38.152],[34.81,38.172],[34.808,38.192],[34.798,38.215],[34.779,38.234],[34.728,38.253],[34.705,38.277],[34.68,38.308],[34.649,38.336],[34.601,38.361],[34.534,38.381],[34.473,38.394],[34.424,38.399],[34.387,38.408],[34.369,38.406],[34.352,38.397],[34.335,38.384],[34.32,38.377],[34.284,38.39],[34.218,38.394],[34.195,38.403],[34.178,38.412],[34.158,38.415],[34.135,38.41],[34.085,38.393],[34.06,38.388],[34.043,38.379],[34.034,38.344],[34.021,38.338],[33.999,38.343],[33.973,38.354],[33.946,38.362],[33.893,38.355],[33.814,38.358],[33.714,38.342],[33.685,38.342],[33.663,38.353],[33.611,38.389],[33.596,38.395],[33.57,38.401]]]}},{"type":"Feature","properties":{"name":"Loudias","rank":11,"kind":"River","src":"ne_10m_rivers_europe"},"geometry":{"type":"MultiLineString","coordinates":[[[21.591,40.409],[21.596,40.397],[21.607,40.387],[21.63,40.381],[21.654,40.368],[21.685,40.322],[21.705,40.319],[21.727,40.327],[21.747,40.329],[21.766,40.334],[21.789,40.348],[21.806,40.371],[21.812,40.397],[21.805,40.419],[21.792,40.431],[21.778,40.439],[21.752,40.471],[21.729,40.488],[21.712,40.505],[21.709,40.522],[21.716,40.551],[21.729,40.647],[21.734,40.661],[21.746,40.673],[21.77,40.717],[21.77,40.723]],[[21.834,40.79],[21.881,40.795],[21.897,40.796],[21.914,40.816],[21.929,40.818],[22.043,40.812],[22.069,40.804],[22.084,40.795],[22.116,40.783],[22.132,40.769],[22.151,40.766],[22.173,40.759],[22.19,40.744],[22.206,40.725],[22.224,40.708],[22.283,40.672],[22.321,40.67],[22.359,40.693],[22.394,40.722],[22.427,40.737],[22.452,40.738],[22.471,40.736],[22.483,40.726],[22.493,40.709],[22.507,40.694],[22.556,40.676],[22.587,40.655],[22.614,40.627],[22.646,40.575],[22.664,40.555],[22.688,40.527]]]}},{"type":"Feature","properties":{"name":"","rank":10,"kind":"River","src":"ne_10m_rivers_europe"},"geometry":{"type":"MultiLineString","coordinates":[[[35.17,45.51],[35.194,45.515]],[[34.345,44.828],[34.33,44.849],[34.31,44.866],[34.292,44.874],[34.237,44.878],[34.211,44.89],[34.188,44.903],[34.169,44.918],[34.132,44.951],[34.082,44.979],[34.048,45.001],[34.018,45.029],[34.001,45.055],[33.999,45.079],[34.004,45.1],[34.021,45.118],[34.071,45.151],[34.087,45.169],[34.093,45.185],[34.093,45.202],[34.115,45.228],[34.139,45.269],[34.154,45.282],[34.174,45.287],[34.217,45.292],[34.251,45.313],[34.297,45.336],[34.324,45.357],[34.359,45.381],[34.405,45.4],[34.46,45.416],[34.498,45.431],[34.528,45.445],[34.561,45.469],[34.593,45.469],[34.645,45.474],[34.689,45.468],[34.772,45.475],[34.791,45.475],[34.806,45.482],[34.838,45.503],[34.867,45.526],[34.883,45.547],[34.897,45.559],[34.917,45.569],[34.954,45.577],[34.974,45.584],[34.99,45.596],[35.002,45.611],[35.011,45.618]]]}},{"type":"Feature","properties":{"name":"Ogosta","rank":10,"kind":"River","src":"ne_10m_rivers_europe"},"geometry":{"type":"MultiLineString","coordinates":[[[22.806,43.412],[22.855,43.398],[22.882,43.393],[22.91,43.398],[22.938,43.415],[22.98,43.426],[23.043,43.418],[23.108,43.401],[23.156,43.392],[23.189,43.395],[23.222,43.408],[23.251,43.433],[23.276,43.461],[23.299,43.483],[23.348,43.496],[23.363,43.509],[23.373,43.524],[23.384,43.533],[23.405,43.534],[23.476,43.526],[23.504,43.526],[23.536,43.536],[23.581,43.555],[23.633,43.584],[23.724,43.639],[23.757,43.651],[23.78,43.657],[23.799,43.667],[23.813,43.681],[23.841,43.718],[23.863,43.738],[23.89,43.759],[23.91,43.774],[23.943,43.792]]]}},{"type":"Feature","properties":{"name":"S. G\u00f6ksu","rank":10,"kind":"River","src":"ne_10m_rivers_europe"},"geometry":{"type":"MultiLineString","coordinates":[[[32.17,37.012],[32.193,37.035],[32.217,37.045],[32.241,37.035],[32.264,37.02],[32.284,37.016],[32.3,37.021],[32.316,37.03],[32.324,37.049],[32.313,37.111],[32.32,37.133],[32.34,37.142],[32.368,37.144],[32.396,37.137],[32.44,37.115],[32.499,37.111],[32.517,37.099],[32.528,37.086],[32.556,37.078],[32.609,37.052],[32.639,37.047],[32.665,37.046],[32.685,37.043],[32.709,37.044],[32.781,37.064],[32.812,37.064],[32.83,37.056],[32.849,37.037],[32.891,37.019],[32.911,37.004],[32.938,36.987],[33.03,36.957],[33.064,36.941],[33.083,36.925],[33.091,36.912],[33.098,36.892],[33.116,36.864],[33.138,36.837],[33.175,36.811],[33.201,36.782],[33.218,36.777],[33.271,36.768],[33.306,36.75],[33.342,36.721],[33.365,36.69],[33.37,36.67],[33.367,36.655],[33.37,36.635],[33.388,36.61],[33.458,36.55],[33.474,36.533],[33.483,36.527],[33.501,36.525],[33.527,36.518],[33.578,36.479],[33.626,36.46],[33.648,36.445],[33.679,36.433],[33.768,36.437],[33.793,36.428],[33.807,36.416],[33.821,36.409],[33.837,36.41],[33.873,36.426],[33.892,36.43],[33.908,36.426],[33.931,36.402],[33.946,36.391],[33.964,36.385],[33.997,36.379],[34.01,36.369],[34.015,36.353],[34.011,36.334],[34.009,36.306]]]}},{"type":"Feature","properties":{"name":"Porsuk","rank":12,"kind":"River","src":"ne_10m_rivers_europe"},"geometry":{"type":"MultiLineString","coordinates":[[[29.977,38.777],[29.991,38.815],[30.008,38.842],[30.03,38.854],[30.052,38.861],[30.071,38.873],[30.095,38.884],[30.128,38.885],[30.152,38.89],[30.155,38.91],[30.147,38.938],[30.144,38.962],[30.153,38.982],[30.189,39.022],[30.197,39.048],[30.188,39.071],[30.164,39.085],[30.137,39.097],[30.122,39.112],[30.109,39.129],[30.09,39.142],[30.07,39.148],[30.044,39.145],[30.03,39.15],[30.02,39.161],[30.009,39.187],[29.975,39.206],[29.967,39.215],[29.967,39.228],[29.972,39.248],[29.981,39.268],[29.991,39.281],[29.995,39.292],[29.99,39.307],[29.994,39.326],[30.018,39.348],[30.05,39.371],[30.07,39.393],[30.071,39.411],[30.037,39.445],[30.03,39.473],[30.037,39.509],[30.055,39.544],[30.076,39.568],[30.095,39.577],[30.112,39.579],[30.129,39.586],[30.146,39.599],[30.149,39.604]],[[30.242,39.645],[30.266,39.643],[30.286,39.648],[30.3,39.656],[30.319,39.662],[30.344,39.664],[30.395,39.664],[30.405,39.671],[30.408,39.682],[30.423,39.7],[30.417,39.721],[30.42,39.733],[30.433,39.744],[30.471,39.763],[30.479,39.78],[30.511,39.793],[30.536,39.813],[30.563,39.822],[30.593,39.825],[30.618,39.82],[30.635,39.813],[30.663,39.812],[30.674,39.807],[30.688,39.804],[30.707,39.812],[30.739,39.819],[30.782,39.816],[30.821,39.81],[30.861,39.811],[30.886,39.802],[30.915,39.795],[30.967,39.801],[30.993,39.794],[31.011,39.778],[31.025,39.75],[31.063,39.732],[31.088,39.716],[31.12,39.701],[31.162,39.693],[31.197,39.694],[31.213,39.699],[31.248,39.704],[31.279,39.716],[31.302,39.717],[31.324,39.712],[31.347,39.699],[31.389,39.706],[31.429,39.709],[31.468,39.714],[31.52,39.742],[31.559,39.753],[31.596,39.754],[31.616,39.744],[31.626,39.727],[31.641,39.714],[31.657,39.708],[31.673,39.71],[31.689,39.71],[31.706,39.698],[31.729,39.687],[31.758,39.688],[31.79,39.693],[31.854,39.684],[31.902,39.682],[31.947,39.686],[31.973,39.697],[31.986,39.709],[31.987,39.71]]]}},{"type":"Feature","properties":{"name":"Delice","rank":10,"kind":"River","src":"ne_10m_rivers_europe"},"geometry":{"type":"MultiLineString","coordinates":[[[35.788,39.409],[35.758,39.401],[35.726,39.39],[35.692,39.373],[35.662,39.352],[35.617,39.303],[35.584,39.277],[35.55,39.255],[35.521,39.242],[35.496,39.237],[35.472,39.238],[35.449,39.243],[35.407,39.26],[35.297,39.239],[35.214,39.207],[35.187,39.206],[35.168,39.213],[35.149,39.217],[35.066,39.214],[35.033,39.218],[35.001,39.231],[34.944,39.264],[34.907,39.27],[34.886,39.288],[34.873,39.292],[34.861,39.297],[34.829,39.31],[34.803,39.334],[34.794,39.353],[34.79,39.374],[34.783,39.387],[34.784,39.401],[34.76,39.432],[34.752,39.45],[34.749,39.47],[34.75,39.489],[34.747,39.509],[34.736,39.53],[34.716,39.551],[34.693,39.57],[34.671,39.581],[34.654,39.583],[34.636,39.581],[34.609,39.583],[34.586,39.589],[34.572,39.603],[34.535,39.609],[34.513,39.617],[34.497,39.632],[34.485,39.653],[34.468,39.674],[34.436,39.69],[34.395,39.701],[34.316,39.701],[34.271,39.714],[34.219,39.758],[34.168,39.795],[34.114,39.796],[34.093,39.81],[34.073,39.826],[34.068,39.845],[34.061,39.88],[34.052,39.897],[34.047,39.922],[34.053,39.959],[34.068,39.995],[34.091,40.029],[34.099,40.048],[34.1,40.069],[34.094,40.085],[34.086,40.097],[34.08,40.12],[34.058,40.149],[34.056,40.165],[34.062,40.186],[34.073,40.212],[34.087,40.235],[34.105,40.256],[34.114,40.276],[34.118,40.302],[34.112,40.349],[34.12,40.373],[34.134,40.394],[34.149,40.407],[34.154,40.42],[34.135,40.458],[34.144,40.482]]]}},{"type":"Feature","properties":{"name":"Bolshaya Laba","rank":12,"kind":"River","src":"ne_10m_rivers_europe"},"geometry":{"type":"MultiLineString","coordinates":[[[41.061,43.458],[41.049,43.484],[40.997,43.543],[40.964,43.592],[40.919,43.623],[40.853,43.689],[40.843,43.703],[40.841,43.723],[40.838,43.74],[40.851,43.765],[40.87,43.782],[40.888,43.792],[40.902,43.804],[40.916,43.828],[40.936,43.87],[40.952,43.915],[40.957,43.946],[40.956,43.969],[40.959,44.009],[40.949,44.028],[40.944,44.045],[40.943,44.064],[40.946,44.077],[40.961,44.086],[41.018,44.104],[41.033,44.112],[41.035,44.129],[41.032,44.157],[41.021,44.19],[41.006,44.217],[40.978,44.241],[40.905,44.293],[40.89,44.311],[40.882,44.324],[40.853,44.354],[40.836,44.394],[40.785,44.455],[40.754,44.475],[40.724,44.546],[40.72,44.568],[40.726,44.581],[40.73,44.6],[40.726,44.613],[40.719,44.634],[40.698,44.672],[40.681,44.717],[40.661,44.742],[40.653,44.761],[40.648,44.781],[40.648,44.797],[40.642,44.817],[40.625,44.846],[40.605,44.871],[40.576,44.899],[40.551,44.929],[40.521,44.962],[40.492,44.983],[40.466,44.995],[40.445,45.009],[40.43,45.023],[40.409,45.049],[40.378,45.061],[40.364,45.074],[40.326,45.086],[40.302,45.099],[40.277,45.107],[40.251,45.104],[40.231,45.096],[40.174,45.11],[40.158,45.111],[40.11,45.105],[40.097,45.101],[40.08,45.091],[40.035,45.085],[39.993,45.081],[39.976,45.076],[39.964,45.075],[39.903,45.079],[39.89,45.081],[39.875,45.085],[39.869,45.093],[39.865,45.106],[39.842,45.112],[39.832,45.113],[39.82,45.112],[39.808,45.114],[39.794,45.123],[39.783,45.128],[39.751,45.127],[39.74,45.129],[39.731,45.137],[39.718,45.144],[39.692,45.153],[39.683,45.158],[39.657,45.16],[39.632,45.164],[39.596,45.183]]]}},{"type":"Feature","properties":{"name":"Some\u015ful Cald","rank":10,"kind":"River","src":"ne_10m_rivers_europe"},"geometry":{"type":"MultiLineString","coordinates":[[[22.723,46.644],[22.753,46.639],[22.791,46.64],[22.849,46.652],[22.898,46.658],[22.911,46.662],[22.935,46.668],[22.986,46.671],[23.04,46.678],[23.072,46.691],[23.087,46.705],[23.102,46.714],[23.118,46.715],[23.171,46.71],[23.212,46.713],[23.251,46.72],[23.293,46.735],[23.349,46.744],[23.379,46.755],[23.411,46.763],[23.487,46.762],[23.532,46.768],[23.567,46.778],[23.602,46.795],[23.625,46.8],[23.653,46.801],[23.682,46.8],[23.709,46.803],[23.733,46.818],[23.784,46.859],[23.794,46.875],[23.797,46.893],[23.794,46.921],[23.809,46.934],[23.809,46.962],[23.814,46.98],[23.827,46.995],[23.868,47.016],[23.898,47.044],[23.918,47.08],[23.916,47.116],[23.898,47.142],[23.876,47.156],[23.859,47.165],[23.842,47.188],[23.82,47.195],[23.797,47.21],[23.784,47.211],[23.771,47.215],[23.752,47.245],[23.728,47.26],[23.716,47.271],[23.7,47.28],[23.654,47.278],[23.634,47.289],[23.613,47.292],[23.595,47.297],[23.594,47.31],[23.602,47.327],[23.603,47.339],[23.591,47.349],[23.567,47.359],[23.526,47.36],[23.475,47.349],[23.433,47.332],[23.417,47.317],[23.365,47.297],[23.346,47.286],[23.326,47.26],[23.308,47.255],[23.29,47.262],[23.278,47.282],[23.276,47.308],[23.282,47.329],[23.292,47.35],[23.303,47.404],[23.32,47.44],[23.309,47.463],[23.317,47.481],[23.311,47.511],[23.313,47.527],[23.34,47.569],[23.374,47.606],[23.381,47.638],[23.39,47.652],[23.389,47.669],[23.371,47.694],[23.344,47.715],[23.322,47.723],[23.307,47.724],[23.281,47.734],[23.234,47.735],[23.214,47.743],[23.173,47.74],[23.142,47.741],[23.118,47.747],[23.108,47.756],[23.091,47.768],[23.048,47.78],[22.998,47.788],[22.942,47.789],[22.907,47.791],[22.865,47.799],[22.79,47.817],[22.764,47.819],[22.739,47.826],[22.705,47.847],[22.674,47.87],[22.66,47.883],[22.645,47.893],[22.564,47.929],[22.512,47.957],[22.457,47.996],[22.401,48.044],[22.35,48.117]]]}},{"type":"Feature","properties":{"name":"","rank":11,"kind":"River","src":"ne_10m_rivers_europe"},"geometry":{"type":"MultiLineString","coordinates":[[[43.593,39.752],[43.632,39.754],[43.711,39.748],[43.77,39.74],[43.791,39.711],[43.814,39.691],[43.832,39.669],[43.848,39.639],[43.87,39.613],[43.901,39.588],[43.93,39.574],[43.953,39.574],[43.982,39.595],[44.032,39.597],[44.07,39.608],[44.1,39.624],[44.117,39.643],[44.127,39.642],[44.136,39.631],[44.141,39.598],[44.152,39.585],[44.168,39.578],[44.202,39.574],[44.271,39.531],[44.288,39.503],[44.303,39.489],[44.329,39.477],[44.394,39.454],[44.413,39.442],[44.424,39.422],[44.443,39.364],[44.457,39.349],[44.475,39.347],[44.526,39.354],[44.562,39.355],[44.598,39.347],[44.66,39.314],[44.708,39.298],[44.757,39.289],[44.793,39.285],[44.816,39.287],[44.849,39.298],[44.87,39.302],[44.892,39.31],[44.91,39.327],[44.933,39.344],[44.969,39.351],[45.04,39.349],[45.078,39.355]]]}},{"type":"Feature","properties":{"name":"","rank":12,"kind":"River","src":"ne_10m_rivers_europe"},"geometry":{"type":"MultiLineString","coordinates":[[[32.561,40.729],[32.56,40.707],[32.544,40.687],[32.533,40.668],[32.541,40.649],[32.56,40.634],[32.575,40.626],[32.583,40.608],[32.592,40.581],[32.646,40.497],[32.657,40.47],[32.653,40.451],[32.643,40.429],[32.628,40.409],[32.611,40.397],[32.592,40.388],[32.543,40.356],[32.499,40.334],[32.45,40.315],[32.376,40.297],[32.344,40.287],[32.32,40.275],[32.297,40.259],[32.271,40.261],[32.234,40.232],[32.189,40.216],[32.147,40.196],[32.129,40.169],[32.124,40.149],[32.113,40.143],[32.094,40.142],[32.042,40.118],[32.019,40.114],[31.989,40.113],[31.943,40.108],[31.849,40.09],[31.807,40.076],[31.751,40.049]]]}},{"type":"Feature","properties":{"name":"Yantra","rank":10,"kind":"River","src":"ne_10m_rivers_europe"},"geometry":{"type":"MultiLineString","coordinates":[[[24.915,42.772],[24.917,42.806],[24.911,42.834],[24.898,42.853],[24.871,42.87],[24.86,42.891],[24.837,42.906],[24.825,42.926],[24.822,42.949],[24.833,42.966],[24.853,42.975],[24.873,42.981],[24.903,42.981],[24.994,42.974],[25.086,42.982],[25.098,42.988],[25.105,43.0],[25.109,43.016],[25.102,43.036],[25.062,43.071],[25.059,43.086],[25.072,43.094],[25.115,43.096],[25.132,43.112],[25.169,43.124],[25.181,43.154],[25.198,43.173],[25.225,43.189],[25.252,43.197],[25.355,43.223],[25.39,43.223],[25.419,43.22],[25.473,43.22],[25.559,43.216],[25.594,43.216],[25.653,43.226],[25.677,43.234],[25.695,43.243],[25.699,43.256],[25.675,43.29],[25.674,43.302],[25.67,43.318],[25.665,43.341],[25.676,43.444],[25.677,43.5],[25.673,43.541],[25.666,43.564],[25.657,43.571],[25.636,43.575],[25.625,43.595],[25.611,43.604],[25.609,43.615],[25.579,43.626],[25.572,43.637],[25.575,43.678]]]}},{"type":"Feature","properties":{"name":"","rank":11,"kind":"River","src":"ne_10m_rivers_europe"},"geometry":{"type":"MultiLineString","coordinates":[[[37.142,37.923],[37.191,37.919],[37.228,37.913],[37.26,37.896],[37.345,37.891],[37.385,37.894],[37.422,37.901],[37.457,37.912],[37.472,37.91],[37.48,37.893],[37.476,37.863],[37.469,37.831],[37.469,37.812],[37.484,37.807],[37.512,37.807],[37.54,37.813],[37.574,37.826],[37.613,37.837],[37.652,37.844],[37.689,37.848],[37.75,37.867],[37.784,37.874],[37.811,37.874],[37.827,37.87],[37.831,37.858],[37.831,37.841],[37.835,37.822],[37.848,37.801],[37.869,37.785],[37.892,37.775],[37.916,37.772],[37.963,37.775],[37.985,37.771],[38.005,37.76],[38.044,37.726],[38.062,37.718],[38.078,37.706],[38.09,37.682],[38.097,37.652],[38.105,37.605],[38.131,37.562],[38.151,37.523],[38.166,37.484],[38.17,37.461],[38.163,37.449],[38.151,37.44],[38.132,37.433]]]}},{"type":"Feature","properties":{"name":"Tohma","rank":11,"kind":"River","src":"ne_10m_rivers_europe"},"geometry":{"type":"MultiLineString","coordinates":[[[37.1,38.882],[37.085,38.881],[37.072,38.883],[37.06,38.89],[37.053,38.901],[37.052,38.916],[37.045,38.927],[37.026,38.932],[37.002,38.934],[36.961,38.941],[36.938,38.942],[36.925,38.951],[36.929,38.974],[36.947,39.002],[36.965,39.024],[36.988,39.04],[37.018,39.05],[37.099,39.073],[37.147,39.073],[37.184,39.082],[37.223,39.097],[37.254,39.114],[37.275,39.117],[37.289,39.098],[37.3,39.072],[37.313,39.057],[37.325,39.047],[37.344,39.024],[37.354,39.021],[37.369,39.021],[37.387,39.016],[37.411,39.003],[37.438,38.983],[37.466,38.967],[37.492,38.962],[37.515,38.963],[37.537,38.959],[37.552,38.951],[37.569,38.933],[37.61,38.921],[37.642,38.9],[37.669,38.875],[37.682,38.855],[37.683,38.834],[37.681,38.806],[37.675,38.778],[37.667,38.758],[37.662,38.74],[37.671,38.699],[37.659,38.675],[37.628,38.592],[37.614,38.568],[37.614,38.55],[37.629,38.521],[37.668,38.498],[37.727,38.493],[37.783,38.502],[37.835,38.516],[37.889,38.522],[37.926,38.532],[37.953,38.534],[37.991,38.532],[38.084,38.522],[38.218,38.515],[38.311,38.5],[38.339,38.501],[38.365,38.507],[38.378,38.514]]]}},{"type":"Feature","properties":{"name":"B\u00fcy\u00fck Menderes","rank":10,"kind":"River","src":"ne_10m_rivers_europe"},"geometry":{"type":"MultiLineString","coordinates":[[[27.484,37.736],[27.46,37.722],[27.45,37.707],[27.416,37.682],[27.375,37.659],[27.332,37.644],[27.305,37.615],[27.283,37.6],[27.258,37.591],[27.238,37.591],[27.212,37.586]]]}},{"type":"Feature","properties":{"name":"Alazani","rank":10,"kind":"River","src":"ne_10m_rivers_europe"},"geometry":{"type":"MultiLineString","coordinates":[[[45.247,42.413],[45.259,42.398],[45.272,42.373],[45.305,42.29],[45.32,42.263],[45.325,42.247],[45.322,42.232],[45.313,42.213],[45.307,42.187],[45.298,42.16],[45.282,42.137],[45.242,42.106],[45.231,42.092],[45.232,42.073],[45.25,42.056],[45.281,42.045],[45.318,42.043],[45.375,42.054],[45.396,42.049],[45.42,42.037],[45.452,42.026],[45.485,42.018],[45.535,42.012],[45.564,42.006],[45.588,41.998],[45.615,41.98],[45.681,41.944],[45.751,41.898],[45.791,41.88],[45.844,41.847],[45.896,41.832],[45.915,41.819],[45.928,41.799],[45.942,41.754],[45.955,41.741],[45.968,41.733],[45.985,41.715],[46.019,41.7],[46.062,41.675],[46.114,41.657],[46.14,41.637],[46.175,41.632],[46.188,41.626],[46.193,41.611],[46.219,41.594],[46.228,41.599],[46.233,41.608],[46.24,41.616],[46.253,41.616],[46.276,41.6],[46.295,41.584],[46.313,41.551],[46.336,41.538],[46.366,41.51],[46.4,41.497],[46.428,41.473],[46.46,41.452],[46.503,41.431],[46.592,41.398],[46.64,41.375],[46.678,41.348],[46.697,41.325],[46.704,41.31],[46.718,41.296],[46.706,41.279],[46.694,41.27],[46.683,41.27],[46.674,41.262],[46.671,41.237],[46.663,41.224],[46.663,41.203],[46.655,41.164],[46.653,41.118],[46.638,41.06]]]}},{"type":"Feature","properties":{"name":"Arge\u0219","rank":11,"kind":"River","src":"ne_10m_rivers_europe"},"geometry":{"type":"MultiLineString","coordinates":[[[24.814,45.608],[24.798,45.599],[24.788,45.586],[24.788,45.57],[24.799,45.555],[24.837,45.537],[24.855,45.516],[24.859,45.49],[24.848,45.469],[24.828,45.449],[24.813,45.425],[24.805,45.399],[24.806,45.346],[24.804,45.301],[24.811,45.274],[24.823,45.248],[24.837,45.228],[24.847,45.207],[24.849,45.182],[24.848,45.149],[24.85,45.112],[24.857,45.081],[24.867,45.062],[24.877,45.047],[24.887,45.026],[24.894,45.001],[24.898,44.975],[24.897,44.946],[24.889,44.882],[24.891,44.866],[24.911,44.853],[24.994,44.817],[25.044,44.8],[25.113,44.772],[25.174,44.756],[25.204,44.736],[25.259,44.717],[25.321,44.689],[25.375,44.671],[25.401,44.656],[25.448,44.644],[25.47,44.634],[25.49,44.617],[25.53,44.566],[25.547,44.55],[25.564,44.542],[25.598,44.535],[25.628,44.514],[25.673,44.489],[25.685,44.475],[25.703,44.461],[25.777,44.435],[25.796,44.423],[25.808,44.412],[25.852,44.393],[25.865,44.38],[25.895,44.382],[25.905,44.369],[25.932,44.36],[25.951,44.356],[25.965,44.348],[25.972,44.336],[25.989,44.329],[26.0,44.33],[26.011,44.329],[26.023,44.325],[26.099,44.276],[26.116,44.268],[26.131,44.263],[26.147,44.26],[26.163,44.229],[26.208,44.202],[26.248,44.189],[26.286,44.185],[26.312,44.188],[26.339,44.196],[26.419,44.212],[26.439,44.222],[26.449,44.23],[26.465,44.235],[26.489,44.234],[26.52,44.227],[26.551,44.211],[26.574,44.187],[26.592,44.163],[26.625,44.136],[26.632,44.121],[26.631,44.104],[26.632,44.09]]]}},{"type":"Feature","properties":{"name":"Some\u0219ul Mare","rank":12,"kind":"River","src":"ne_10m_rivers_europe"},"geometry":{"type":"MultiLineString","coordinates":[[[25.029,47.185],[24.962,47.176],[24.912,47.18],[24.882,47.179],[24.842,47.183],[24.794,47.2],[24.75,47.219],[24.718,47.229],[24.697,47.228],[24.655,47.209],[24.62,47.197],[24.56,47.184],[24.543,47.177],[24.507,47.145],[24.459,47.117],[24.436,47.094],[24.41,47.08],[24.379,47.086],[24.349,47.1],[24.312,47.108],[24.298,47.118],[24.29,47.136],[24.291,47.156],[24.283,47.176],[24.256,47.192],[24.221,47.198],[24.191,47.195],[24.165,47.187],[24.139,47.183],[24.114,47.183],[24.07,47.19],[24.032,47.181],[23.957,47.17],[23.931,47.162],[23.898,47.142]]]}},{"type":"Feature","properties":{"name":"","rank":10,"kind":"River","src":"ne_10m_rivers_europe"},"geometry":{"type":"MultiLineString","coordinates":[[[47.633,45.834],[47.667,45.81],[47.701,45.795],[47.738,45.774],[47.784,45.728],[47.845,45.691]]]}},{"type":"Feature","properties":{"name":"","rank":10,"kind":"River","src":"ne_10m_rivers_europe"},"geometry":{"type":"MultiLineString","coordinates":[[[44.338,47.473],[44.382,47.469],[44.428,47.46],[44.519,47.431],[44.556,47.423],[44.655,47.415],[44.675,47.408],[44.692,47.398],[44.719,47.389],[44.745,47.375],[44.773,47.339],[44.801,47.328],[44.83,47.324],[44.862,47.327],[44.901,47.309],[44.917,47.306],[44.929,47.296],[44.939,47.272],[44.945,47.244],[44.944,47.225],[44.947,47.215],[44.962,47.209],[44.98,47.199],[44.991,47.179],[44.992,47.155],[44.984,47.137],[44.974,47.122],[44.965,47.09],[44.955,47.08],[44.952,47.067],[44.966,47.045],[44.986,47.024],[45.011,47.008],[45.023,46.996],[45.047,46.981],[45.084,46.968],[45.123,46.961],[45.15,46.959],[45.177,46.967],[45.218,46.983],[45.257,46.997],[45.283,46.997],[45.29,46.988],[45.275,46.973],[45.282,46.954],[45.301,46.94],[45.32,46.921],[45.332,46.896],[45.34,46.869],[45.352,46.845],[45.353,46.83],[45.334,46.822],[45.278,46.812],[45.264,46.802],[45.266,46.786],[45.264,46.766],[45.242,46.744],[45.21,46.734],[45.186,46.741],[45.17,46.75],[45.159,46.744],[45.149,46.728],[45.134,46.714],[45.124,46.698],[45.128,46.678],[45.136,46.655],[45.136,46.631],[45.134,46.607],[45.135,46.585],[45.143,46.563],[45.156,46.539],[45.191,46.496],[45.208,46.481],[45.235,46.467],[45.257,46.444],[45.288,46.424],[45.32,46.386],[45.333,46.374],[45.349,46.369],[45.369,46.368],[45.386,46.372],[45.401,46.388],[45.416,46.396],[45.437,46.4],[45.461,46.396],[45.483,46.377],[45.501,46.343],[45.507,46.312],[45.497,46.299],[45.482,46.294],[45.473,46.282],[45.475,46.268],[45.493,46.25],[45.495,46.23],[45.503,46.219],[45.521,46.211],[45.565,46.207],[45.573,46.188],[45.581,46.17],[45.596,46.154],[45.615,46.149],[45.63,46.147],[45.654,46.129],[45.732,46.101],[45.762,46.085],[45.782,46.08],[45.817,46.08],[45.861,46.087],[45.906,46.088],[45.939,46.076],[45.964,46.06],[45.987,46.05],[46.007,46.047],[46.042,46.05],[46.082,46.042],[46.105,46.041],[46.131,46.036],[46.185,46.01],[46.222,45.996],[46.233,45.985],[46.249,45.973],[46.299,45.958],[46.308,45.944],[46.313,45.929],[46.341,45.914],[46.354,45.885],[46.371,45.868],[46.394,45.856],[46.445,45.847],[46.481,45.836],[46.525,45.826],[46.606,45.826],[46.637,45.812],[46.674,45.825],[46.725,45.836],[46.757,45.859],[46.78,45.865],[46.85,45.863],[46.885,45.868],[46.914,45.884],[46.938,45.901],[46.97,45.913],[46.973,45.926],[46.981,45.939],[47.006,45.944],[47.033,45.942],[47.049,45.937],[47.046,45.908],[47.059,45.896],[47.063,45.886],[47.08,45.878],[47.118,45.877],[47.173,45.881],[47.211,45.881],[47.242,45.873],[47.263,45.853],[47.271,45.831],[47.272,45.818],[47.291,45.804],[47.317,45.8],[47.391,45.801],[47.449,45.798],[47.501,45.8],[47.521,45.808],[47.539,45.807]]]}},{"type":"Feature","properties":{"name":"","rank":11,"kind":"River","src":"ne_10m_rivers_europe"},"geometry":{"type":"MultiLineString","coordinates":[[[32.765,39.414],[32.771,39.425],[32.768,39.441],[32.73,39.493],[32.718,39.516],[32.719,39.541],[32.729,39.573],[32.746,39.604],[32.761,39.627],[32.772,39.655],[32.782,39.741],[32.789,39.776],[32.798,39.799],[32.808,39.816],[32.821,39.828],[32.861,39.85],[32.883,39.87],[32.888,39.898],[32.869,39.93],[32.826,39.95],[32.775,39.949],[32.732,39.942],[32.706,39.947],[32.678,39.959],[32.629,39.97],[32.575,39.974],[32.535,39.969],[32.505,39.948],[32.443,39.878],[32.407,39.844],[32.369,39.791],[32.357,39.781],[32.349,39.79],[32.327,39.83],[32.314,39.845],[32.287,39.857],[32.195,39.883],[32.174,39.893],[32.164,39.901],[32.146,39.907],[32.125,39.909],[32.11,39.905],[32.069,39.857],[32.04,39.837],[32.005,39.824],[31.97,39.82],[31.925,39.823]]]}},{"type":"Feature","properties":{"name":"","rank":11,"kind":"River","src":"ne_10m_rivers_europe"},"geometry":{"type":"MultiLineString","coordinates":[[[53.065,47.196],[53.027,47.183],[53.013,47.172],[52.99,47.16],[52.95,47.149],[52.914,47.136],[52.901,47.119],[52.897,47.1],[52.883,47.081],[52.864,47.067],[52.848,47.06],[52.841,47.052],[52.842,47.036],[52.848,47.013],[52.862,46.955]],[[53.107,47.282],[53.119,47.271],[53.135,47.252]],[[56.883,49.57],[56.862,49.568],[56.841,49.568],[56.822,49.572],[56.802,49.568],[56.782,49.548],[56.767,49.514],[56.753,49.443],[56.741,49.418],[56.718,49.397],[56.656,49.355],[56.636,49.336],[56.629,49.322],[56.63,49.305],[56.622,49.289],[56.595,49.268],[56.549,49.249],[56.501,49.235],[56.448,49.226],[56.386,49.208],[56.319,49.196],[56.243,49.194],[56.179,49.208],[56.135,49.224],[56.107,49.226],[56.081,49.221],[56.003,49.212],[55.959,49.199],[55.925,49.197],[55.895,49.2],[55.88,49.209],[55.872,49.219],[55.841,49.24],[55.834,49.256],[55.821,49.268],[55.763,49.27],[55.739,49.278],[55.711,49.283],[55.625,49.276],[55.589,49.285],[55.555,49.299],[55.479,49.321],[55.439,49.337],[55.366,49.349],[55.284,49.377],[55.214,49.379],[55.181,49.387],[55.158,49.4],[55.147,49.413],[55.138,49.42],[55.094,49.421],[55.053,49.446],[55.013,49.454],[54.978,49.472],[54.957,49.471],[54.946,49.475],[54.932,49.478],[54.895,49.461],[54.874,49.457],[54.857,49.45],[54.832,49.422],[54.816,49.421],[54.797,49.425],[54.778,49.423],[54.759,49.415],[54.741,49.402],[54.72,49.392],[54.664,49.383],[54.64,49.369],[54.622,49.354],[54.606,49.349],[54.595,49.342],[54.588,49.323],[54.588,49.301],[54.593,49.278],[54.582,49.263],[54.583,49.251],[54.581,49.239],[54.552,49.214],[54.547,49.193],[54.552,49.176],[54.574,49.172],[54.615,49.133],[54.651,49.113],[54.68,49.093],[54.688,49.072],[54.687,49.055],[54.692,49.046],[54.701,49.036],[54.713,49.005],[54.729,48.989],[54.734,48.975],[54.73,48.958],[54.699,48.934],[54.683,48.897],[54.664,48.874],[54.643,48.858],[54.628,48.855],[54.614,48.856],[54.576,48.849],[54.541,48.857],[54.448,48.863],[54.435,48.87],[54.428,48.89],[54.394,48.897],[54.359,48.917],[54.339,48.923],[54.315,48.924],[54.262,48.916],[54.237,48.916],[54.197,48.902],[54.156,48.896],[54.118,48.897],[54.077,48.912],[54.038,48.913],[53.996,48.91],[53.951,48.911],[53.909,48.906],[53.843,48.914],[53.812,48.914],[53.788,48.909],[53.757,48.894],[53.731,48.898],[53.712,48.897],[53.7,48.889],[53.701,48.875],[53.699,48.856],[53.679,48.835],[53.658,48.817],[53.651,48.803],[53.651,48.793],[53.644,48.782],[53.632,48.775],[53.606,48.773],[53.595,48.767],[53.591,48.755],[53.594,48.74],[53.587,48.714],[53.561,48.677],[53.527,48.646],[53.499,48.634],[53.477,48.627],[53.438,48.591],[53.419,48.584],[53.393,48.58],[53.357,48.568],[53.322,48.559],[53.3,48.562],[53.286,48.57],[53.271,48.572],[53.252,48.567],[53.228,48.558],[53.211,48.544],[53.206,48.529],[53.206,48.516],[53.201,48.506],[53.187,48.502],[53.138,48.497],[53.102,48.485],[53.016,48.48],[52.992,48.475],[52.979,48.469],[52.974,48.454],[52.971,48.426],[52.978,48.396],[53.008,48.358],[53.008,48.343],[52.993,48.327],[52.952,48.296],[52.948,48.283],[52.947,48.272],[52.929,48.256],[52.912,48.234],[52.889,48.226],[52.879,48.21],[52.868,48.204],[52.851,48.202],[52.814,48.203],[52.802,48.198],[52.812,48.175],[52.809,48.153],[52.812,48.135],[52.827,48.114],[52.853,48.092],[52.883,48.078],[52.923,48.073],[52.936,48.061],[52.939,48.047],[52.918,48.031],[52.913,48.018],[52.938,48.006],[53.058,47.997],[53.086,47.988],[53.1,47.974],[53.152,47.944],[53.157,47.931],[53.157,47.921],[53.164,47.913],[53.168,47.902],[53.143,47.858],[53.138,47.842],[53.127,47.831],[53.076,47.812],[53.071,47.801],[53.07,47.789],[53.053,47.776],[53.043,47.763],[53.059,47.753],[53.092,47.742],[53.125,47.729],[53.151,47.712],[53.172,47.692],[53.181,47.676],[53.176,47.654],[53.181,47.64],[53.193,47.626],[53.208,47.615],[53.219,47.605],[53.222,47.575],[53.23,47.557],[53.244,47.544],[53.273,47.535],[53.279,47.524],[53.275,47.513],[53.261,47.507],[53.241,47.499]]]}},{"type":"Feature","properties":{"name":"","rank":11,"kind":"River","src":"ne_10m_rivers_europe"},"geometry":{"type":"MultiLineString","coordinates":[[[40.643,45.788],[40.653,45.807],[40.655,45.828],[40.646,45.85],[40.641,45.875],[40.654,45.904],[40.686,45.952],[40.686,45.969],[40.672,45.99],[40.651,46.005],[40.631,46.007],[40.615,46.005],[40.594,46.017],[40.578,46.022],[40.557,46.021],[40.536,46.015],[40.511,46.01],[40.482,46.014],[40.457,46.027],[40.421,46.061],[40.351,46.093],[40.334,46.113],[40.333,46.134],[40.336,46.151],[40.333,46.161],[40.302,46.171],[40.289,46.18],[40.282,46.194],[40.274,46.223],[40.2,46.29],[40.18,46.306],[40.156,46.313],[40.125,46.314],[40.046,46.31],[40.012,46.315],[39.99,46.325],[39.975,46.335],[39.935,46.345],[39.891,46.369],[39.814,46.387],[39.767,46.403],[39.727,46.419],[39.7,46.436],[39.686,46.453],[39.677,46.469],[39.665,46.482],[39.658,46.493],[39.664,46.504],[39.669,46.521],[39.659,46.547],[39.638,46.57],[39.616,46.578],[39.598,46.581],[39.574,46.596],[39.532,46.594],[39.473,46.605],[39.395,46.605],[39.312,46.624],[39.28,46.621],[39.253,46.612],[39.227,46.609],[39.184,46.615],[39.168,46.619],[39.099,46.601],[39.07,46.602],[39.064,46.614],[39.028,46.648],[39.014,46.646],[38.992,46.641],[38.959,46.646],[38.925,46.656],[38.896,46.661],[38.816,46.657],[38.802,46.663],[38.788,46.671],[38.745,46.679],[38.721,46.693],[38.702,46.696],[38.68,46.694],[38.642,46.686],[38.622,46.69],[38.586,46.696]]]}},{"type":"Feature","properties":{"name":"","rank":10,"kind":"River","src":"ne_10m_rivers_europe"},"geometry":{"type":"MultiLineString","coordinates":[[[27.541,48.408],[27.599,48.372],[27.628,48.358],[27.657,48.335],[27.714,48.262],[27.743,48.24],[27.767,48.227],[27.784,48.213],[27.79,48.198],[27.786,48.168],[27.792,48.15],[27.806,48.132],[27.825,48.116],[27.846,48.104],[27.864,48.098],[27.88,48.086],[27.93,48.013],[27.941,47.993],[27.955,47.94],[27.966,47.928],[27.983,47.919],[28.007,47.901],[28.035,47.882],[28.092,47.865],[28.105,47.854],[28.113,47.844],[28.126,47.839],[28.147,47.841],[28.175,47.845],[28.207,47.856],[28.272,47.885],[28.306,47.893],[28.335,47.892],[28.356,47.888],[28.368,47.88],[28.375,47.862],[28.399,47.847],[28.407,47.823],[28.43,47.798],[28.443,47.778],[28.45,47.756],[28.449,47.737],[28.45,47.725],[28.48,47.713],[28.487,47.703],[28.484,47.683],[28.475,47.653],[28.472,47.625],[28.483,47.612],[28.5,47.605],[28.522,47.579],[28.533,47.576],[28.547,47.577],[28.559,47.572],[28.563,47.562],[28.554,47.552],[28.548,47.535],[28.56,47.512],[28.582,47.491],[28.621,47.471],[28.7,47.413],[28.733,47.398],[28.779,47.384],[28.826,47.377],[28.861,47.378],[28.886,47.377],[28.909,47.364],[28.93,47.348],[28.965,47.338],[28.983,47.312],[29.009,47.296],[29.06,47.251],[29.084,47.243],[29.104,47.246],[29.144,47.252]]]}},{"type":"Feature","properties":{"name":"","rank":11,"kind":"River","src":"ne_10m_rivers_europe"},"geometry":{"type":"MultiLineString","coordinates":[[[46.525,48.388],[46.509,48.403],[46.503,48.417],[46.513,48.428],[46.533,48.435],[46.553,48.438],[46.571,48.442],[46.593,48.468],[46.615,48.482],[46.611,48.498],[46.599,48.499],[46.588,48.504],[46.581,48.521],[46.581,48.543],[46.589,48.569],[46.589,48.581],[46.581,48.594],[46.558,48.617],[46.549,48.632],[46.536,48.644],[46.517,48.647],[46.49,48.649],[46.459,48.655],[46.43,48.669],[46.408,48.689],[46.398,48.712],[46.398,48.734],[46.413,48.754],[46.436,48.77],[46.462,48.78],[46.504,48.785],[46.542,48.793],[46.581,48.799],[46.621,48.792]]]}},{"type":"Feature","properties":{"name":"","rank":11,"kind":"River","src":"ne_10m_rivers_europe"},"geometry":{"type":"MultiLineString","coordinates":[[[39.822,45.355],[39.76,45.373],[39.712,45.385],[39.685,45.386],[39.666,45.384],[39.603,45.389],[39.554,45.387],[39.512,45.393],[39.436,45.394],[39.36,45.407],[39.321,45.404],[39.271,45.41],[39.235,45.408],[39.216,45.413],[39.199,45.421],[39.177,45.442],[39.159,45.453],[39.137,45.461],[39.113,45.466],[39.087,45.466],[39.059,45.463],[39.03,45.468],[38.998,45.486],[38.968,45.508],[38.926,45.531],[38.909,45.545],[38.901,45.558],[38.906,45.575],[38.905,45.605],[38.913,45.626],[38.897,45.637],[38.879,45.656],[38.852,45.657],[38.815,45.691],[38.77,45.725],[38.742,45.762],[38.725,45.77],[38.708,45.769],[38.68,45.761],[38.664,45.765],[38.633,45.766],[38.524,45.749],[38.458,45.747],[38.425,45.743],[38.386,45.753],[38.328,45.754],[38.302,45.764],[38.258,45.78]],[[38.15,45.933],[38.132,45.955],[38.121,45.971]]]}},{"type":"Feature","properties":{"name":"","rank":11,"kind":"River","src":"ne_10m_rivers_europe"},"geometry":{"type":"MultiLineString","coordinates":[[[46.66,41.908],[46.624,41.915],[46.586,41.932],[46.539,41.959],[46.499,41.986],[46.467,42.017],[46.372,42.085],[46.36,42.103],[46.351,42.128],[46.344,42.181],[46.346,42.202],[46.353,42.223],[46.369,42.249],[46.395,42.284],[46.423,42.317],[46.472,42.362],[46.51,42.404],[46.557,42.446],[46.605,42.473],[46.651,42.486],[46.694,42.495],[46.743,42.495],[46.805,42.49],[46.861,42.493],[46.898,42.513],[46.921,42.536],[46.958,42.56],[46.966,42.581],[46.966,42.604],[46.959,42.619],[46.946,42.629],[46.908,42.65],[46.878,42.677],[46.85,42.692],[46.827,42.713],[46.82,42.742],[46.82,42.769],[46.812,42.787],[46.79,42.798]]]}},{"type":"Feature","properties":{"name":"","rank":10,"kind":"River","src":"ne_10m_rivers_europe"},"geometry":{"type":"MultiLineString","coordinates":[[[52.801,44.978],[52.767,44.971],[52.737,44.967],[52.689,44.968],[52.671,44.963],[52.658,44.95],[52.648,44.932],[52.629,44.915],[52.591,44.904],[52.524,44.892],[52.505,44.882],[52.46,44.85],[52.445,44.832]],[[52.345,44.846],[52.338,44.854],[52.32,44.868],[52.299,44.867],[52.279,44.859],[52.261,44.857],[52.244,44.867],[52.236,44.883],[52.241,44.905],[52.232,44.92],[52.21,44.932],[52.147,44.941],[52.115,44.95],[52.086,44.971],[52.043,45.032],[52.028,45.043],[52.016,45.048],[51.973,45.114],[51.951,45.14],[51.935,45.153],[51.917,45.154],[51.892,45.151],[51.868,45.152],[51.837,45.175],[51.805,45.178],[51.772,45.169],[51.755,45.152],[51.743,45.132],[51.723,45.114],[51.703,45.106],[51.694,45.111],[51.688,45.123],[51.669,45.143],[51.665,45.154],[51.655,45.162],[51.63,45.163],[51.601,45.159],[51.58,45.152],[51.567,45.14],[51.547,45.106],[51.531,45.09],[51.511,45.08],[51.493,45.076],[51.475,45.083],[51.437,45.116],[51.4,45.13],[51.365,45.165],[51.348,45.17],[51.333,45.164],[51.308,45.141],[51.271,45.12],[51.264,45.108],[51.243,45.101]]]}},{"type":"Feature","properties":{"name":"","rank":10,"kind":"River","src":"ne_10m_rivers_europe"},"geometry":{"type":"MultiLineString","coordinates":[[[54.031,45.35],[54.005,45.336],[53.996,45.322],[53.98,45.308],[53.952,45.3],[53.926,45.295],[53.904,45.287],[53.841,45.275]],[[56.161,46.041],[56.19,46.009],[56.186,45.981],[56.17,45.958],[56.139,45.951],[56.118,45.946],[56.084,45.926],[56.067,45.924],[56.053,45.929],[56.034,45.946],[56.021,45.949],[56.008,45.944],[55.997,45.93],[55.985,45.92],[55.971,45.924],[55.959,45.94],[55.949,45.972],[55.941,45.982],[55.926,45.986],[55.905,45.987],[55.886,45.992],[55.865,46.027],[55.846,46.036],[55.816,46.046],[55.742,46.084],[55.67,46.104],[55.644,46.116],[55.603,46.111],[55.526,46.108],[55.444,46.114],[55.405,46.124],[55.376,46.125],[55.347,46.122],[55.311,46.109],[55.267,46.107],[55.229,46.1],[55.215,46.107],[55.198,46.108],[55.177,46.102],[55.157,46.089],[55.144,46.068],[55.14,46.044],[55.124,46.018],[55.084,45.993],[55.037,45.974],[55.004,45.965],[54.988,45.951],[54.984,45.923],[54.99,45.894],[55.002,45.871],[55.0,45.837],[55.014,45.794],[55.011,45.781],[54.997,45.779],[54.974,45.781],[54.95,45.791],[54.919,45.819],[54.895,45.829],[54.863,45.854],[54.838,45.86],[54.813,45.878],[54.777,45.891],[54.738,45.909],[54.716,45.931],[54.7,45.955],[54.676,45.978],[54.649,45.993],[54.61,46.005],[54.588,46.04],[54.565,46.063],[54.536,46.083],[54.508,46.095],[54.482,46.097],[54.436,46.092],[54.424,46.097],[54.399,46.102],[54.296,46.096],[54.268,46.1],[54.251,46.112],[54.2,46.14],[54.179,46.157],[54.148,46.17],[54.138,46.181],[54.135,46.194],[54.136,46.208],[54.134,46.221],[54.123,46.231],[54.108,46.231],[54.086,46.21],[54.064,46.221],[54.046,46.224],[54.024,46.219],[54.002,46.209],[53.986,46.191],[53.968,46.146],[53.957,46.137],[53.943,46.138],[53.93,46.145],[53.923,46.154],[53.926,46.173],[53.92,46.187],[53.905,46.197],[53.887,46.196],[53.868,46.198],[53.851,46.217],[53.836,46.238],[53.81,46.255],[53.804,46.265],[53.792,46.276],[53.737,46.291],[53.714,46.307],[53.701,46.301],[53.692,46.283],[53.701,46.242],[53.698,46.226],[53.684,46.217],[53.647,46.209],[53.628,46.202],[53.614,46.191],[53.605,46.179],[53.607,46.168],[53.616,46.158],[53.622,46.142],[53.607,46.091],[53.612,46.073],[53.62,46.063],[53.622,46.052],[53.615,46.043],[53.602,46.034],[53.591,46.02],[53.587,45.977],[53.572,45.97],[53.554,45.969],[53.542,45.964],[53.521,45.965],[53.437,45.992],[53.405,45.991],[53.391,45.976],[53.388,45.954],[53.39,45.931],[53.388,45.912],[53.393,45.884],[53.414,45.84],[53.44,45.797],[53.459,45.772],[53.478,45.763],[53.531,45.75],[53.543,45.742],[53.553,45.73],[53.593,45.702],[53.603,45.687],[53.618,45.67],[53.689,45.639],[53.721,45.612],[53.738,45.611],[53.763,45.622],[53.794,45.638],[53.825,45.641],[53.851,45.616],[53.87,45.583],[53.887,45.563],[53.909,45.554],[53.942,45.546],[53.978,45.542],[54.006,45.541],[54.027,45.533],[54.027,45.533]]]}},{"type":"Feature","properties":{"name":"Trotu\u0219","rank":10,"kind":"River","src":"ne_10m_rivers_europe"},"geometry":{"type":"MultiLineString","coordinates":[[[25.989,46.686],[26.0,46.674],[26.0,46.663],[25.969,46.642],[25.961,46.63],[25.967,46.618],[25.981,46.607],[26.001,46.601],[26.048,46.594],[26.078,46.582],[26.103,46.567],[26.127,46.546],[26.166,46.53],[26.229,46.488],[26.266,46.469],[26.3,46.458],[26.385,46.448],[26.42,46.437],[26.456,46.421],[26.495,46.391],[26.536,46.344],[26.593,46.3],[26.669,46.275],[26.739,46.27],[26.805,46.278],[26.83,46.272],[26.856,46.253],[26.882,46.229],[26.907,46.209],[26.933,46.201],[26.956,46.198],[26.973,46.189],[26.99,46.177],[27.03,46.159],[27.073,46.13],[27.11,46.113],[27.156,46.095],[27.185,46.087],[27.208,46.072],[27.221,46.047],[27.235,46.011]]]}},{"type":"Feature","properties":{"name":"Strimonas","rank":10,"kind":"River","src":"ne_10m_rivers_europe"},"geometry":{"type":"MultiLineString","coordinates":[[[23.322,41.288],[23.313,41.265],[23.297,41.241],[23.287,41.21],[23.284,41.179],[23.285,41.156],[23.303,41.141],[23.376,41.126],[23.396,41.117],[23.411,41.104],[23.434,41.088],[23.471,41.071],[23.519,41.052],[23.562,41.038],[23.588,41.031],[23.601,41.023],[23.612,41.005],[23.646,40.962]]]}},{"type":"Feature","properties":{"name":"","rank":11,"kind":"River","src":"ne_10m_rivers_europe"},"geometry":{"type":"MultiLineString","coordinates":[[[48.595,46.913],[48.571,46.899],[48.552,46.885],[48.542,46.87],[48.54,46.855],[48.543,46.842],[48.555,46.833],[48.575,46.825],[48.596,46.811],[48.61,46.785],[48.619,46.759],[48.627,46.744],[48.62,46.726],[48.592,46.714],[48.546,46.699],[48.508,46.684],[48.499,46.671],[48.511,46.664],[48.536,46.663],[48.549,46.656],[48.557,46.647],[48.554,46.633],[48.561,46.624],[48.581,46.618],[48.61,46.617],[48.639,46.613],[48.658,46.597],[48.672,46.581],[48.688,46.573],[48.712,46.568],[48.746,46.558],[48.78,46.54],[48.821,46.499],[48.871,46.472],[48.989,46.38],[49.051,46.338],[49.096,46.312],[49.12,46.306]]]}},{"type":"Feature","properties":{"name":"","rank":12,"kind":"River","src":"ne_10m_rivers_europe"},"geometry":{"type":"MultiLineString","coordinates":[[[53.747,48.569],[53.73,48.574],[53.71,48.585],[53.692,48.591],[53.671,48.583],[53.648,48.569],[53.605,48.55],[53.581,48.524],[53.55,48.507],[53.528,48.485],[53.51,48.462],[53.496,48.437],[53.483,48.426],[53.464,48.419],[53.425,48.415],[53.412,48.411],[53.407,48.402],[53.411,48.381],[53.394,48.37],[53.35,48.371],[53.34,48.364],[53.331,48.353],[53.29,48.331],[53.248,48.293],[53.215,48.27],[53.202,48.255],[53.187,48.248],[53.165,48.245],[53.144,48.246],[53.122,48.244],[53.082,48.222],[53.049,48.212],[53.033,48.202],[53.026,48.19],[53.036,48.17],[53.03,48.163],[53.022,48.149],[53.025,48.124],[53.02,48.101],[52.993,48.09],[52.961,48.086],[52.944,48.082],[52.929,48.068],[52.929,48.068]]]}},{"type":"Feature","properties":{"name":"","rank":12,"kind":"Intermittent River","src":"ne_10m_rivers_europe"},"geometry":{"type":"MultiLineString","coordinates":[[[44.685,35.673],[44.691,35.656],[44.696,35.638],[44.697,35.616],[44.689,35.597],[44.67,35.585],[44.643,35.58],[44.577,35.577],[44.529,35.572],[44.482,35.561],[44.448,35.547],[44.425,35.529],[44.407,35.508],[44.395,35.484],[44.389,35.456],[44.375,35.421],[44.318,35.339],[44.311,35.318],[44.31,35.304],[44.297,35.281],[44.278,35.258],[44.249,35.229],[44.239,35.212],[44.233,35.194],[44.23,35.178],[44.224,35.164],[44.15,35.103],[44.126,35.078],[44.116,35.06],[44.111,35.042],[44.086,34.984],[44.08,34.956],[44.085,34.934],[44.099,34.916],[44.126,34.902],[44.19,34.875],[44.206,34.86],[44.219,34.846],[44.265,34.818],[44.306,34.786]]]}},{"type":"Feature","properties":{"name":"K\u00fc\u00e7\u00fck Menderes","rank":11,"kind":"River","src":"ne_10m_rivers_europe"},"geometry":{"type":"MultiLineString","coordinates":[[[28.175,38.346],[28.168,38.313],[28.173,38.28],[28.195,38.245],[28.219,38.212],[28.229,38.183],[28.227,38.158],[28.221,38.135],[28.213,38.119],[28.204,38.112],[28.189,38.115],[28.144,38.133],[28.1,38.144],[28.04,38.169],[28.019,38.171],[27.997,38.165],[27.967,38.162],[27.936,38.163],[27.892,38.179],[27.874,38.178],[27.858,38.174],[27.826,38.172],[27.781,38.157],[27.754,38.152],[27.723,38.153],[27.69,38.159],[27.653,38.162],[27.615,38.154],[27.58,38.143],[27.549,38.139],[27.528,38.14],[27.504,38.145],[27.486,38.142],[27.468,38.134],[27.458,38.122],[27.457,38.111],[27.469,38.094],[27.455,38.072],[27.445,38.05],[27.431,38.027],[27.41,38.009],[27.392,38.001],[27.372,37.998],[27.325,37.975],[27.299,37.966],[27.266,37.951]]]}},{"type":"Feature","properties":{"name":"","rank":12,"kind":"River","src":"ne_10m_rivers_europe"},"geometry":{"type":"MultiLineString","coordinates":[[[47.905,48.847],[47.932,48.829],[47.951,48.812],[47.963,48.788],[47.994,48.785],[48.016,48.778],[48.049,48.781],[48.081,48.776],[48.112,48.775],[48.134,48.761],[48.148,48.757],[48.165,48.746],[48.196,48.692],[48.213,48.677],[48.227,48.668],[48.238,48.656],[48.249,48.647],[48.281,48.645],[48.318,48.626],[48.353,48.621],[48.395,48.626],[48.435,48.638],[48.469,48.643],[48.499,48.628],[48.524,48.606],[48.568,48.579],[48.588,48.55],[48.625,48.536],[48.633,48.525],[48.627,48.513],[48.563,48.481],[48.502,48.467],[48.457,48.449],[48.426,48.425],[48.421,48.4],[48.431,48.378],[48.434,48.358],[48.43,48.343],[48.423,48.333],[48.413,48.325]]]}},{"type":"Feature","properties":{"name":"Bistri\u021ba","rank":11,"kind":"River","src":"ne_10m_rivers_europe"},"geometry":{"type":"MultiLineString","coordinates":[[[26.101,46.947],[26.095,46.927],[26.104,46.913],[26.123,46.902],[26.142,46.897],[26.16,46.901],[26.2,46.928],[26.226,46.939],[26.263,46.943],[26.311,46.942],[26.356,46.933],[26.387,46.918],[26.403,46.902],[26.424,46.875],[26.517,46.833],[26.565,46.808],[26.597,46.789],[26.611,46.775],[26.627,46.751],[26.647,46.736],[26.676,46.718],[26.708,46.702],[26.739,46.691],[26.795,46.682],[26.827,46.671],[26.861,46.652],[26.892,46.627],[26.917,46.6],[26.934,46.573],[26.944,46.546],[26.962,46.493]],[[24.846,47.577],[24.871,47.583],[24.956,47.582],[24.988,47.59],[25.007,47.581],[25.027,47.574],[25.044,47.572],[25.08,47.579],[25.113,47.577],[25.146,47.568],[25.168,47.556],[25.19,47.541],[25.222,47.525],[25.257,47.502],[25.285,47.471],[25.302,47.44],[25.307,47.416],[25.314,47.396],[25.334,47.376],[25.364,47.361],[25.394,47.354],[25.423,47.36],[25.505,47.409],[25.528,47.412],[25.553,47.408],[25.576,47.396],[25.595,47.382],[25.611,47.36],[25.625,47.33],[25.648,47.294],[25.688,47.259],[25.727,47.235],[25.762,47.218],[25.78,47.2],[25.805,47.18],[25.872,47.152],[25.917,47.128],[25.951,47.102],[25.968,47.068],[25.99,47.058]]]}},{"type":"Feature","properties":{"name":"","rank":12,"kind":"River","src":"ne_10m_rivers_europe"},"geometry":{"type":"MultiLineString","coordinates":[[[52.445,48.87],[52.445,48.854],[52.438,48.84],[52.423,48.828],[52.405,48.824],[52.374,48.831],[52.352,48.824],[52.334,48.809],[52.328,48.79],[52.328,48.774],[52.321,48.754],[52.319,48.736],[52.336,48.715],[52.417,48.683],[52.437,48.666],[52.445,48.652],[52.474,48.633],[52.483,48.622],[52.479,48.607],[52.435,48.568],[52.417,48.547],[52.411,48.525],[52.416,48.5],[52.43,48.48],[52.446,48.468],[52.463,48.461],[52.48,48.45],[52.49,48.439],[52.492,48.418],[52.513,48.387],[52.518,48.372],[52.531,48.356],[52.589,48.323],[52.599,48.312],[52.6,48.299],[52.608,48.279],[52.609,48.257],[52.584,48.225],[52.586,48.203],[52.593,48.184],[52.59,48.173],[52.574,48.17],[52.549,48.17],[52.527,48.167],[52.52,48.157],[52.516,48.144],[52.504,48.134],[52.488,48.131],[52.457,48.136],[52.438,48.136],[52.417,48.131],[52.395,48.121],[52.383,48.107],[52.388,48.092],[52.4,48.077],[52.41,48.052],[52.426,48.031],[52.424,48.019],[52.42,48.007],[52.42,47.996],[52.41,47.985],[52.345,47.962],[52.313,47.947],[52.287,47.948],[52.272,47.945],[52.259,47.936],[52.249,47.921],[52.244,47.894]]]}},{"type":"Feature","properties":{"name":"Aksu","rank":12,"kind":"River","src":"ne_10m_rivers_europe"},"geometry":{"type":"MultiLineString","coordinates":[[[32.051,37.14],[32.042,37.133],[32.03,37.13],[32.014,37.132],[31.996,37.142],[31.98,37.155],[31.973,37.17],[31.975,37.183],[31.972,37.198],[31.951,37.219],[31.93,37.246],[31.924,37.275],[31.936,37.304],[31.975,37.349],[31.975,37.361],[31.962,37.373],[31.926,37.418],[31.896,37.45],[31.871,37.482],[31.86,37.507],[31.862,37.525],[31.866,37.538],[31.865,37.553],[31.834,37.596],[31.827,37.616],[31.829,37.633],[31.837,37.648],[31.838,37.663],[31.825,37.677],[31.802,37.688],[31.78,37.694],[31.722,37.694],[31.702,37.705]],[[30.877,37.852],[30.876,37.772],[30.87,37.739],[30.876,37.711],[30.879,37.69],[30.876,37.666],[30.867,37.645],[30.856,37.63],[30.83,37.611],[30.807,37.585],[30.787,37.556],[30.766,37.542]],[[31.347,37.959],[31.335,37.974],[31.326,37.998],[31.29,38.056],[31.284,38.077],[31.29,38.095],[31.3,38.116],[31.305,38.14],[31.297,38.163],[31.272,38.182],[31.235,38.197],[31.189,38.203],[31.143,38.198],[31.111,38.188],[31.062,38.16],[31.037,38.142],[31.018,38.118],[30.994,38.093],[30.944,38.068]]]}},{"type":"Feature","properties":{"name":"","rank":10,"kind":"River","src":"ne_10m_rivers_europe"},"geometry":{"type":"MultiLineString","coordinates":[[[42.042,43.86],[42.114,43.879],[42.194,43.896],[42.226,43.908],[42.248,43.922],[42.273,43.949],[42.303,43.97],[42.325,43.995],[42.345,44.027],[42.368,44.08],[42.383,44.097],[42.405,44.109],[42.432,44.12],[42.463,44.13],[42.521,44.143],[42.554,44.16],[42.621,44.186],[42.646,44.205],[42.677,44.206],[42.713,44.213],[42.749,44.223],[42.786,44.244],[42.804,44.25],[42.831,44.25],[42.903,44.243],[42.942,44.241],[42.979,44.244],[43.012,44.251],[43.052,44.255],[43.102,44.251],[43.177,44.235],[43.195,44.234],[43.235,44.241],[43.271,44.235],[43.342,44.229],[43.408,44.207],[43.446,44.202],[43.481,44.206],[43.507,44.217],[43.534,44.232],[43.57,44.248],[43.606,44.259],[43.664,44.267],[43.741,44.284],[43.767,44.282],[43.788,44.278],[43.813,44.279],[43.833,44.287],[43.841,44.301],[43.844,44.317],[43.86,44.348],[43.858,44.376],[43.877,44.412],[43.884,44.431],[43.893,44.444],[43.935,44.451],[43.963,44.465],[44.002,44.496],[44.054,44.543],[44.098,44.587],[44.115,44.613],[44.109,44.63],[44.096,44.654],[44.092,44.679],[44.109,44.701],[44.134,44.721],[44.161,44.754],[44.188,44.761],[44.22,44.786],[44.238,44.795],[44.36,44.805],[44.418,44.826],[44.49,44.831],[44.556,44.846],[44.574,44.846],[44.627,44.809],[44.674,44.799],[44.702,44.779],[44.725,44.77],[44.759,44.764],[44.797,44.762],[44.827,44.764],[44.837,44.769],[44.852,44.788],[44.868,44.796],[44.885,44.798],[44.906,44.789],[44.967,44.749],[44.996,44.737],[45.073,44.728],[45.092,44.72],[45.116,44.714],[45.192,44.716],[45.262,44.694],[45.292,44.695],[45.326,44.699],[45.413,44.693],[45.498,44.698],[45.563,44.688],[45.598,44.688],[45.633,44.695],[45.662,44.705],[45.69,44.711],[45.754,44.699],[45.827,44.7],[45.909,44.688],[45.989,44.684],[46.017,44.673],[46.067,44.677],[46.11,44.674],[46.148,44.667],[46.164,44.659],[46.187,44.652],[46.205,44.656],[46.235,44.668],[46.257,44.668],[46.287,44.663],[46.32,44.653],[46.354,44.649],[46.415,44.667],[46.443,44.662],[46.469,44.653],[46.506,44.647],[46.545,44.62],[46.569,44.609],[46.595,44.604],[46.637,44.604],[46.676,44.587],[46.709,44.582]]]}},{"type":"Feature","properties":{"name":"","rank":10,"kind":"River","src":"ne_10m_rivers_europe"},"geometry":{"type":"MultiLineString","coordinates":[[[46.229,48.263],[46.215,48.256],[46.215,48.236],[46.256,48.16],[46.264,48.136],[46.285,48.126],[46.31,48.12],[46.336,48.102],[46.351,48.078],[46.35,48.047],[46.364,48.039],[46.384,48.031],[46.399,48.02],[46.402,48.005],[46.38,47.975],[46.384,47.962],[46.402,47.957],[46.45,47.964],[46.481,47.96],[46.506,47.95],[46.515,47.935],[46.522,47.919],[46.539,47.904],[46.559,47.89],[46.591,47.86],[46.617,47.843],[46.643,47.833],[46.66,47.832],[46.672,47.835],[46.688,47.835],[46.702,47.826],[46.711,47.81],[46.723,47.783],[46.741,47.747],[46.769,47.712],[46.804,47.686],[46.853,47.667],[46.869,47.63],[46.899,47.584],[46.908,47.566],[46.909,47.55],[46.905,47.535],[46.908,47.517],[46.936,47.476],[46.929,47.466],[46.916,47.458],[46.912,47.437]]]}},{"type":"Feature","properties":{"name":"","rank":10,"kind":"River","src":"ne_10m_rivers_europe"},"geometry":{"type":"MultiLineString","coordinates":[[[51.66,36.041],[51.754,36.011],[51.851,35.926],[51.861,35.919],[51.882,35.929],[51.903,35.934],[51.92,35.932],[51.948,35.914],[52.013,35.892],[52.047,35.878],[52.083,35.869],[52.126,35.871],[52.173,35.884],[52.22,35.905],[52.253,35.927],[52.265,35.943],[52.266,35.961],[52.273,35.989],[52.278,36.019],[52.273,36.04],[52.264,36.056],[52.258,36.073],[52.261,36.094],[52.275,36.12],[52.297,36.141],[52.323,36.147],[52.347,36.162],[52.362,36.204],[52.369,36.26],[52.371,36.308],[52.367,36.347],[52.353,36.41],[52.352,36.444],[52.357,36.473],[52.37,36.51],[52.372,36.539],[52.368,36.568],[52.359,36.589],[52.346,36.607],[52.324,36.664]]]}},{"type":"Feature","properties":{"name":"Vedea","rank":12,"kind":"River","src":"ne_10m_rivers_europe"},"geometry":{"type":"MultiLineString","coordinates":[[[24.595,45.015],[24.614,44.982],[24.628,44.951],[24.635,44.899],[24.645,44.878],[24.698,44.82],[24.707,44.795],[24.739,44.758],[24.751,44.737],[24.758,44.716],[24.761,44.693],[24.759,44.676],[24.747,44.658],[24.76,44.628],[24.783,44.54],[24.782,44.515],[24.777,44.485],[24.763,44.444],[24.768,44.419],[24.763,44.406],[24.76,44.387],[24.773,44.332],[24.767,44.289],[24.775,44.267],[24.799,44.244],[24.832,44.222],[24.863,44.207],[24.882,44.204],[24.895,44.206],[24.912,44.204],[24.937,44.188],[25.0,44.13],[25.02,44.118],[25.035,44.112],[25.091,44.081],[25.141,44.058],[25.188,44.04],[25.232,44.031],[25.265,44.015],[25.332,43.988],[25.352,43.977],[25.361,43.962],[25.369,43.941],[25.385,43.915],[25.44,43.861],[25.466,43.815],[25.524,43.749],[25.532,43.731],[25.529,43.715],[25.524,43.699],[25.533,43.669]]]}},{"type":"Feature","properties":{"name":"","rank":11,"kind":"River","src":"ne_10m_rivers_europe"},"geometry":{"type":"MultiLineString","coordinates":[[[52.431,44.02],[52.404,44.023],[52.383,44.018],[52.37,44.002],[52.381,43.978],[52.417,43.952],[52.471,43.926],[52.504,43.906],[52.546,43.889],[52.645,43.867],[52.666,43.859],[52.675,43.85],[52.693,43.84],[52.724,43.834],[52.764,43.835],[52.798,43.841],[52.825,43.852],[52.844,43.854],[52.883,43.848],[52.945,43.833],[53.022,43.811],[53.042,43.803],[53.06,43.801],[53.076,43.808],[53.084,43.82],[53.082,43.834],[53.075,43.849],[53.067,43.878],[53.056,43.893],[53.051,43.907],[53.063,43.917],[53.084,43.918],[53.104,43.912],[53.148,43.891],[53.177,43.883],[53.211,43.879],[53.241,43.878],[53.276,43.886],[53.294,43.887],[53.311,43.892],[53.324,43.905],[53.329,43.922],[53.326,43.935],[53.309,43.946],[53.28,43.957],[53.25,43.974],[53.225,44.01]],[[53.197,44.039],[53.168,44.055],[53.157,44.067],[53.149,44.08],[53.136,44.093],[53.068,44.135],[53.049,44.153],[53.035,44.173],[53.026,44.193],[53.026,44.208],[53.035,44.217],[53.053,44.217],[53.074,44.212],[53.092,44.21],[53.105,44.217],[53.111,44.231],[53.111,44.244],[53.115,44.262],[53.129,44.287],[53.14,44.321],[53.138,44.355],[53.126,44.413],[53.139,44.42],[53.156,44.424]]]}},{"type":"Feature","properties":{"name":"Baksan","rank":12,"kind":"River","src":"ne_10m_rivers_europe"},"geometry":{"type":"MultiLineString","coordinates":[[[42.437,43.3],[42.458,43.281],[42.494,43.269],[42.543,43.26],[42.591,43.257],[42.638,43.265],[42.681,43.282],[42.725,43.304],[42.814,43.338],[42.873,43.369],[42.892,43.377],[42.907,43.386],[42.944,43.428],[42.98,43.452],[43.025,43.472],[43.149,43.519],[43.174,43.533],[43.211,43.565],[43.241,43.587],[43.279,43.606],[43.347,43.626],[43.402,43.659],[43.444,43.672],[43.491,43.678],[43.531,43.678],[43.565,43.674],[43.611,43.673],[43.658,43.668],[43.75,43.647],[43.783,43.642],[43.817,43.644],[43.863,43.65],[43.913,43.661],[43.959,43.676],[43.99,43.69],[44.011,43.708],[44.061,43.747]]]}},{"type":"Feature","properties":{"name":"Iori","rank":11,"kind":"River","src":"ne_10m_rivers_europe"},"geometry":{"type":"MultiLineString","coordinates":[[[45.207,42.368],[45.196,42.358],[45.165,42.34],[45.107,42.312],[45.044,42.275],[45.003,42.238],[44.985,42.192],[44.979,42.135],[44.978,42.061],[44.983,42.045],[45.035,41.97],[45.054,41.952],[45.106,41.927],[45.128,41.914],[45.137,41.9],[45.137,41.885],[45.133,41.868],[45.136,41.85],[45.145,41.835],[45.156,41.827],[45.166,41.812],[45.177,41.746],[45.191,41.725],[45.214,41.716],[45.313,41.706],[45.344,41.7],[45.369,41.693],[45.392,41.679],[45.419,41.658],[45.455,41.639],[45.498,41.629],[45.532,41.624],[45.549,41.618],[45.56,41.61],[45.583,41.599],[45.612,41.57],[45.669,41.463],[45.694,41.431],[45.718,41.413],[45.741,41.391],[45.766,41.373],[45.794,41.365],[45.827,41.353],[45.861,41.325],[45.888,41.291],[45.903,41.268],[45.917,41.252],[45.943,41.239],[46.006,41.213],[46.045,41.213],[46.105,41.207],[46.119,41.208],[46.135,41.2],[46.21,41.2],[46.228,41.196],[46.244,41.184],[46.273,41.157],[46.332,41.116],[46.353,41.107],[46.412,41.092],[46.429,41.081],[46.457,41.053],[46.462,41.05]]]}},{"type":"Feature","properties":{"name":"","rank":10,"kind":"River","src":"ne_10m_rivers_europe"},"geometry":{"type":"MultiLineString","coordinates":[[[40.584,45.475],[40.558,45.473],[40.526,45.474],[40.361,45.491],[40.305,45.505],[40.254,45.522],[40.221,45.535],[40.206,45.545],[40.197,45.555],[40.178,45.56],[40.085,45.558],[40.041,45.564],[40.015,45.574],[40.009,45.586],[40.007,45.598],[39.983,45.62],[39.978,45.633],[39.965,45.643],[39.929,45.648],[39.889,45.648],[39.84,45.64],[39.811,45.643],[39.785,45.651],[39.752,45.67],[39.728,45.674],[39.676,45.673],[39.653,45.68],[39.625,45.693],[39.578,45.722],[39.554,45.733],[39.534,45.747],[39.503,45.786],[39.484,45.797],[39.456,45.798],[39.418,45.794],[39.377,45.793],[39.341,45.801],[39.311,45.81],[39.289,45.81],[39.262,45.805],[39.222,45.803],[39.183,45.805],[39.145,45.811],[39.111,45.81],[39.009,45.843],[38.987,45.864],[38.956,45.872],[38.934,45.894]],[[38.868,45.885],[38.849,45.883],[38.832,45.894],[38.819,45.909],[38.771,45.934],[38.699,45.987],[38.659,46.002],[38.61,46.045],[38.595,46.054],[38.573,46.064]]]}},{"type":"Feature","properties":{"name":"","rank":11,"kind":"Intermittent River","src":"ne_10m_rivers_europe"},"geometry":{"type":"MultiLineString","coordinates":[[[39.447,33.565],[39.442,33.577],[39.443,33.596],[39.454,33.625],[39.469,33.649],[39.481,33.659],[39.492,33.662],[39.514,33.682],[39.604,33.726],[39.651,33.752],[39.691,33.778],[39.754,33.797],[39.838,33.833],[39.861,33.836],[39.876,33.832],[39.895,33.832],[39.913,33.837],[39.944,33.859],[40.01,33.874],[40.039,33.883],[40.06,33.898],[40.089,33.942],[40.139,33.982],[40.148,33.994],[40.153,34.007],[40.186,34.045],[40.194,34.083],[40.257,34.149],[40.265,34.17],[40.271,34.218],[40.279,34.233],[40.288,34.257],[40.297,34.346],[40.305,34.376],[40.313,34.395],[40.322,34.443],[40.34,34.484],[40.364,34.527],[40.388,34.56],[40.41,34.582],[40.445,34.604],[40.455,34.625],[40.475,34.638],[40.496,34.66],[40.552,34.689],[40.581,34.711],[40.604,34.722],[40.636,34.729],[40.669,34.729],[40.697,34.723],[40.733,34.711],[40.755,34.709],[40.766,34.718]]]}},{"type":"Feature","properties":{"name":"Crisul Alb","rank":11,"kind":"River","src":"ne_10m_rivers_europe"},"geometry":{"type":"MultiLineString","coordinates":[[[22.834,46.334],[22.875,46.314],[22.901,46.294],[22.907,46.274],[22.904,46.253],[22.907,46.227],[22.906,46.203],[22.893,46.185],[22.874,46.168],[22.862,46.149],[22.848,46.135],[22.825,46.131],[22.799,46.141],[22.753,46.178],[22.724,46.19],[22.688,46.195],[22.647,46.196],[22.609,46.202],[22.577,46.217],[22.561,46.236],[22.555,46.264],[22.54,46.281],[22.521,46.293],[22.506,46.293],[22.492,46.287],[22.473,46.284],[22.455,46.287],[22.429,46.298],[22.407,46.297],[22.387,46.292],[22.376,46.285],[22.365,46.281],[22.342,46.282],[22.315,46.291],[22.292,46.304],[22.265,46.314],[22.229,46.315],[22.192,46.312],[22.166,46.315],[22.152,46.324],[22.142,46.351],[22.124,46.364],[22.097,46.388],[22.073,46.397],[22.03,46.42],[22.001,46.431],[21.962,46.438],[21.916,46.441],[21.872,46.441],[21.815,46.437],[21.767,46.439],[21.708,46.431],[21.621,46.445],[21.592,46.458],[21.507,46.531],[21.461,46.552],[21.423,46.593],[21.398,46.613],[21.37,46.628],[21.342,46.639],[21.317,46.654],[21.263,46.707],[21.165,46.774],[21.131,46.811],[21.11,46.841],[21.091,46.857],[21.068,46.871],[21.002,46.916],[20.97,46.931],[20.94,46.937],[20.889,46.94],[20.863,46.948],[20.83,46.953],[20.743,46.942],[20.699,46.943],[20.638,46.949],[20.62,46.945],[20.583,46.925],[20.545,46.919],[20.522,46.91],[20.496,46.904],[20.469,46.905],[20.447,46.912],[20.416,46.926],[20.389,46.93],[20.352,46.921],[20.313,46.896],[20.283,46.865],[20.259,46.83],[20.22,46.808],[20.212,46.792],[20.21,46.777],[20.197,46.761],[20.189,46.712]]]}},{"type":"Feature","properties":{"name":"Terter","rank":10,"kind":"River","src":"ne_10m_rivers_europe"},"geometry":{"type":"MultiLineString","coordinates":[[[45.928,39.871],[45.951,39.887],[45.963,39.901],[45.964,39.922],[45.96,39.951],[45.963,39.986],[45.983,40.019],[46.008,40.048],[46.034,40.103],[46.051,40.127],[46.076,40.147],[46.107,40.161],[46.153,40.178],[46.167,40.181],[46.214,40.172],[46.258,40.174],[46.291,40.158],[46.341,40.152],[46.377,40.143],[46.431,40.139],[46.502,40.145],[46.57,40.163],[46.619,40.188],[46.645,40.214],[46.666,40.247],[46.7,40.284],[46.711,40.305],[46.732,40.321],[46.772,40.33],[46.823,40.337],[46.912,40.356],[46.974,40.359],[47.031,40.374],[47.135,40.385],[47.188,40.394],[47.229,40.405],[47.274,40.424],[47.297,40.429],[47.332,40.421]]]}},{"type":"Feature","properties":{"name":"","rank":10,"kind":"River","src":"ne_10m_rivers_europe"},"geometry":{"type":"MultiLineString","coordinates":[[[28.747,45.311],[28.789,45.322]],[[28.584,46.678],[28.59,46.621],[28.595,46.593],[28.605,46.57],[28.628,46.531],[28.638,46.51],[28.66,46.441],[28.666,46.391],[28.665,46.336],[28.661,46.292],[28.663,46.253],[28.645,46.212],[28.624,46.146],[28.595,46.086],[28.585,46.055],[28.601,46.043],[28.587,46.026],[28.59,46.012],[28.597,45.999],[28.622,45.967],[28.605,45.934],[28.608,45.923],[28.607,45.889],[28.585,45.846],[28.589,45.809],[28.584,45.777],[28.594,45.742],[28.587,45.707],[28.595,45.682]]]}},{"type":"Feature","properties":{"name":"","rank":10,"kind":"River","src":"ne_10m_rivers_europe"},"geometry":{"type":"MultiLineString","coordinates":[[[54.919,47.813],[54.909,47.803],[54.903,47.79],[54.904,47.773],[54.911,47.758],[54.93,47.74],[54.938,47.725],[54.941,47.709],[54.938,47.685],[54.944,47.676],[54.942,47.666],[54.924,47.653],[54.899,47.645],[54.883,47.649],[54.855,47.665],[54.805,47.683],[54.744,47.699],[54.692,47.707],[54.654,47.704],[54.598,47.683],[54.523,47.667],[54.502,47.656],[54.49,47.646],[54.463,47.637],[54.428,47.617],[54.373,47.6],[54.365,47.589],[54.364,47.578],[54.358,47.568],[54.342,47.561],[54.319,47.557],[54.292,47.557],[54.267,47.561],[54.244,47.56],[54.224,47.549],[54.204,47.533],[54.184,47.52],[54.17,47.507],[54.166,47.491],[54.17,47.478],[54.189,47.459],[54.2,47.435],[54.202,47.412],[54.188,47.401],[54.115,47.401],[54.079,47.406],[54.042,47.419],[53.971,47.417],[53.929,47.419],[53.871,47.408],[53.848,47.41],[53.826,47.415],[53.799,47.417],[53.776,47.415],[53.762,47.41],[53.769,47.382],[53.765,47.368],[53.756,47.358],[53.735,47.352],[53.729,47.343],[53.72,47.332],[53.658,47.315],[53.641,47.313],[53.599,47.321],[53.558,47.32],[53.505,47.327],[53.458,47.327],[53.409,47.333],[53.388,47.332],[53.368,47.336],[53.366,47.337]]]}},{"type":"Feature","properties":{"name":"","rank":12,"kind":"River","src":"ne_10m_rivers_europe"},"geometry":{"type":"MultiLineString","coordinates":[[[51.608,44.326],[51.665,44.332],[51.712,44.333],[51.746,44.328],[51.766,44.317],[51.793,44.296],[51.816,44.288],[51.846,44.285],[51.878,44.284],[51.902,44.286],[51.914,44.291],[51.914,44.302],[51.907,44.316],[51.904,44.33],[51.917,44.336],[51.936,44.333],[51.951,44.325],[51.98,44.316],[52.032,44.311],[52.078,44.315],[52.094,44.325],[52.09,44.346],[52.089,44.375],[52.095,44.404],[52.108,44.424],[52.128,44.437],[52.151,44.446],[52.168,44.459],[52.18,44.489]],[[52.731,44.502],[52.781,44.523],[52.805,44.51],[52.832,44.492],[52.86,44.488],[52.88,44.477],[52.895,44.462],[52.905,44.44],[52.938,44.428],[52.968,44.413],[52.992,44.404],[53.012,44.392],[53.027,44.358],[53.045,44.347],[53.073,44.343],[53.105,44.347],[53.138,44.355],[53.14,44.356]],[[52.327,44.54],[52.382,44.538],[52.398,44.529],[52.416,44.514],[52.438,44.501],[52.466,44.497],[52.496,44.5],[52.536,44.501]]]}},{"type":"Feature","properties":{"name":"Vorotan","rank":11,"kind":"River","src":"ne_10m_rivers_europe"},"geometry":{"type":"MultiLineString","coordinates":[[[45.823,39.847],[45.797,39.835],[45.769,39.815],[45.752,39.797],[45.743,39.781],[45.739,39.765],[45.742,39.752],[45.76,39.73],[45.769,39.714],[45.783,39.694],[45.805,39.675],[45.829,39.663],[45.858,39.657],[45.877,39.637],[45.904,39.613],[45.919,39.583],[45.934,39.577],[45.957,39.572],[45.983,39.562],[46.008,39.549],[46.042,39.526],[46.071,39.523],[46.092,39.517],[46.112,39.506],[46.135,39.483],[46.164,39.464],[46.176,39.451],[46.192,39.44],[46.243,39.425],[46.256,39.413],[46.261,39.403],[46.271,39.397],[46.284,39.399],[46.332,39.423],[46.356,39.429],[46.374,39.436],[46.405,39.451],[46.479,39.462],[46.506,39.433],[46.515,39.429],[46.533,39.41],[46.546,39.388],[46.562,39.367],[46.59,39.345],[46.666,39.296],[46.689,39.278],[46.7,39.26],[46.709,39.236],[46.727,39.207],[46.759,39.178],[46.794,39.157],[46.821,39.148],[46.841,39.147]]]}},{"type":"Feature","properties":{"name":"Kamchiya","rank":10,"kind":"River","src":"ne_10m_rivers_europe"},"geometry":{"type":"MultiLineString","coordinates":[[[26.281,42.814],[26.356,42.796],[26.396,42.784],[26.43,42.776],[26.459,42.778],[26.483,42.786],[26.527,42.795],[26.541,42.801],[26.557,42.804],[26.581,42.798],[26.605,42.796],[26.621,42.804],[26.636,42.816],[26.679,42.83],[26.714,42.853],[26.826,42.872],[26.86,42.87],[26.883,42.878],[26.914,42.88],[26.927,42.889],[26.951,42.89],[26.978,42.884],[27.008,42.865],[27.047,42.855],[27.086,42.852],[27.104,42.858],[27.117,42.869],[27.171,42.887],[27.181,42.9],[27.187,42.916],[27.202,42.933],[27.228,42.946],[27.278,42.965],[27.29,42.974],[27.31,42.981],[27.396,42.991],[27.409,43.002],[27.407,43.017],[27.41,43.03],[27.422,43.041],[27.441,43.051],[27.459,43.057],[27.471,43.055],[27.485,43.05],[27.508,43.044],[27.533,43.044],[27.552,43.05],[27.58,43.055],[27.627,43.052],[27.674,43.044],[27.724,43.03],[27.804,43.029],[27.846,43.022],[27.866,43.025],[27.884,43.031]]]}},{"type":"Feature","properties":{"name":"","rank":10,"kind":"River","src":"ne_10m_rivers_europe"},"geometry":{"type":"MultiLineString","coordinates":[[[43.753,37.895],[43.725,37.885],[43.699,37.879],[43.677,37.88],[43.662,37.886],[43.643,37.908],[43.62,37.929],[43.592,37.945],[43.57,37.947],[43.549,37.941],[43.521,37.939],[43.47,37.947],[43.447,37.959],[43.418,37.981],[43.394,38.005],[43.384,38.022],[43.389,38.037],[43.41,38.08],[43.409,38.097],[43.398,38.105],[43.373,38.105],[43.34,38.114],[43.311,38.115],[43.274,38.11],[43.238,38.099],[43.209,38.083],[43.194,38.067],[43.171,38.05],[43.073,38.01],[43.038,37.995],[43.02,37.979],[43.009,37.96],[42.992,37.941],[42.96,37.926],[42.921,37.919],[42.854,37.924],[42.796,37.922],[42.78,37.931],[42.765,37.944],[42.743,37.956],[42.716,37.964],[42.658,37.971],[42.622,37.978],[42.602,37.975],[42.583,37.969],[42.571,37.96],[42.559,37.957],[42.521,37.969],[42.468,37.972],[42.444,37.978],[42.403,37.982],[42.34,37.979],[42.279,37.968],[42.246,37.954],[42.233,37.941],[42.22,37.936],[42.2,37.941],[42.142,37.969],[42.119,37.974],[42.101,37.971],[42.084,37.963],[42.068,37.947],[42.052,37.923],[42.033,37.903],[42.008,37.899],[41.977,37.902],[41.944,37.898],[41.914,37.883],[41.874,37.838],[41.819,37.799],[41.797,37.77],[41.78,37.748]]]}},{"type":"Feature","properties":{"name":"Arda","rank":11,"kind":"River","src":"ne_10m_rivers_europe"},"geometry":{"type":"MultiLineString","coordinates":[[[25.451,41.625],[25.452,41.625]],[[25.464,41.627],[25.47,41.628]],[[25.603,41.639],[25.613,41.631],[25.629,41.624],[25.647,41.622],[25.677,41.629],[25.713,41.623],[25.73,41.626],[25.743,41.636],[25.762,41.658],[25.775,41.665],[25.796,41.664],[25.825,41.658],[25.864,41.654],[25.907,41.657],[25.948,41.653],[25.981,41.633],[26.005,41.608],[26.024,41.595],[26.045,41.593],[26.096,41.595],[26.113,41.587],[26.128,41.575],[26.149,41.567],[26.165,41.565],[26.175,41.577],[26.19,41.588],[26.212,41.594],[26.257,41.595],[26.31,41.615],[26.391,41.63],[26.415,41.639],[26.434,41.649],[26.499,41.667]],[[24.609,41.45],[24.624,41.461],[24.634,41.473],[24.635,41.487],[24.64,41.5],[24.66,41.512],[24.689,41.518],[24.735,41.514],[24.776,41.514],[24.803,41.507],[24.838,41.506],[24.875,41.519],[24.91,41.537],[24.938,41.544],[24.996,41.554],[25.025,41.566],[25.059,41.603],[25.117,41.636],[25.128,41.651],[25.132,41.665],[25.141,41.681],[25.159,41.692],[25.186,41.694],[25.225,41.684],[25.318,41.646],[25.342,41.645],[25.352,41.65],[25.383,41.636],[25.417,41.628],[25.434,41.626]]]}},{"type":"Feature","properties":{"name":"","rank":11,"kind":"River","src":"ne_10m_rivers_europe"},"geometry":{"type":"MultiLineString","coordinates":[[[45.199,47.376],[45.238,47.364],[45.321,47.323],[45.356,47.299],[45.376,47.28],[45.403,47.263],[45.419,47.234],[45.431,47.225],[45.437,47.217],[45.428,47.187],[45.439,47.171],[45.452,47.136],[45.473,47.104],[45.472,47.087],[45.468,47.069],[45.47,47.051],[45.478,47.033],[45.491,47.013],[45.499,46.991],[45.494,46.966],[45.486,46.941],[45.485,46.904],[45.462,46.874],[45.475,46.846],[45.506,46.777],[45.536,46.737],[45.559,46.693],[45.579,46.643],[45.587,46.607],[45.582,46.586],[45.57,46.57],[45.564,46.554],[45.577,46.53],[45.601,46.508],[45.624,46.493],[45.645,46.487],[45.683,46.485],[45.723,46.48],[45.744,46.481],[45.76,46.475],[45.785,46.432],[45.809,46.421],[45.836,46.415],[45.856,46.405],[45.865,46.391],[45.866,46.374],[45.858,46.356],[45.846,46.338],[45.838,46.32],[45.842,46.301],[45.86,46.284],[45.888,46.27],[45.917,46.262],[45.949,46.26],[45.978,46.242],[46.04,46.221],[46.091,46.194],[46.14,46.178],[46.157,46.163],[46.169,46.149],[46.193,46.14],[46.213,46.125],[46.233,46.105],[46.252,46.069],[46.266,46.053],[46.282,46.04],[46.311,46.025],[46.336,46.002],[46.363,45.988],[46.413,45.972],[46.42,45.937],[46.429,45.923],[46.44,45.909],[46.447,45.895],[46.458,45.886],[46.504,45.888],[46.528,45.884],[46.545,45.874],[46.563,45.854],[46.589,45.849],[46.6,45.842],[46.606,45.826]],[[44.849,47.646],[44.876,47.633],[44.903,47.599]],[[44.374,48.085],[44.388,48.088],[44.404,48.087],[44.446,48.076],[44.47,48.079],[44.552,48.094],[44.572,48.102],[44.593,48.108],[44.622,48.107],[44.649,48.09],[44.664,48.059],[44.674,48.022],[44.696,47.969],[44.7,47.944],[44.709,47.907],[44.731,47.856],[44.763,47.804],[44.789,47.767]]]}},{"type":"Feature","properties":{"name":"Zarrin\u00e9-R\u016bd","rank":10,"kind":"River","src":"ne_10m_rivers_europe"},"geometry":{"type":"MultiLineString","coordinates":[[[46.579,35.746],[46.589,35.76],[46.602,35.774],[46.622,35.788],[46.638,35.803],[46.64,35.82],[46.638,35.841],[46.646,35.895],[46.646,35.92],[46.634,35.935],[46.61,35.937],[46.573,35.938],[46.529,35.948],[46.492,35.972],[46.474,36.006],[46.473,36.038],[46.48,36.056],[46.49,36.07],[46.506,36.112],[46.536,36.142],[46.569,36.185],[46.599,36.23],[46.612,36.255],[46.609,36.27],[46.601,36.29],[46.587,36.31],[46.548,36.333],[46.528,36.349],[46.517,36.368],[46.517,36.385],[46.525,36.402],[46.529,36.42],[46.525,36.439],[46.5,36.472],[46.499,36.482],[46.502,36.494],[46.5,36.511],[46.501,36.528],[46.513,36.538],[46.529,36.547],[46.542,36.561],[46.55,36.581],[46.554,36.621],[46.56,36.632],[46.563,36.645],[46.555,36.667],[46.541,36.691],[46.527,36.707],[46.452,36.751],[46.438,36.767],[46.425,36.784],[46.404,36.804],[46.382,36.818],[46.355,36.827],[46.339,36.84],[46.303,36.863],[46.293,36.878],[46.246,36.893],[46.203,36.925],[46.079,36.982],[46.062,37.008],[45.924,37.109],[45.888,37.11],[45.875,37.123],[45.853,37.146],[45.817,37.17],[45.794,37.2],[45.769,37.241],[45.748,37.285]]]}},{"type":"Feature","properties":{"name":"","rank":10,"kind":"River","src":"ne_10m_rivers_europe"},"geometry":{"type":"MultiLineString","coordinates":[[[39.365,37.377],[39.365,37.366],[39.349,37.352],[39.335,37.339],[39.32,37.312],[39.295,37.295],[39.253,37.303],[39.21,37.32],[39.181,37.322],[39.165,37.305],[39.144,37.246],[39.067,37.121],[39.063,37.097],[39.073,37.062],[39.086,37.027],[39.089,37.003],[39.089,36.986],[39.093,36.967],[39.089,36.944],[39.068,36.919],[39.046,36.882],[39.037,36.832],[39.033,36.787],[39.023,36.761],[39.011,36.741],[39.0,36.714],[38.995,36.687],[38.997,36.655],[38.996,36.635],[38.997,36.613],[39.007,36.589],[39.02,36.572],[39.03,36.563],[39.035,36.52],[39.066,36.474],[39.073,36.453],[39.075,36.43],[39.069,36.404],[39.054,36.373],[39.042,36.348],[39.018,36.301],[38.996,36.272],[38.986,36.252],[38.98,36.23],[38.979,36.208],[38.983,36.185],[38.99,36.16],[39.006,36.136],[39.056,36.098],[39.073,36.075],[39.082,36.043],[39.087,35.999],[39.087,35.959],[39.085,35.932],[39.076,35.907]]]}},{"type":"Feature","properties":{"name":"Pambak","rank":11,"kind":"River","src":"ne_10m_rivers_europe"},"geometry":{"type":"MultiLineString","coordinates":[[[44.02,40.953],[44.068,40.946],[44.114,40.935],[44.14,40.92],[44.154,40.903],[44.169,40.891],[44.185,40.884],[44.224,40.881],[44.251,40.872],[44.287,40.864],[44.33,40.857],[44.37,40.862],[44.4,40.863],[44.447,40.859],[44.484,40.838],[44.509,40.823],[44.532,40.827],[44.553,40.837],[44.57,40.854],[44.59,40.89],[44.604,40.902],[44.618,40.923],[44.628,40.963],[44.632,41.02],[44.63,41.093],[44.64,41.11],[44.657,41.114],[44.69,41.114],[44.718,41.13],[44.749,41.132],[44.783,41.153],[44.831,41.165],[44.868,41.189],[44.896,41.203],[44.89,41.22],[44.835,41.239],[44.816,41.249],[44.808,41.261],[44.804,41.278],[44.81,41.299],[44.827,41.323],[44.854,41.343],[44.886,41.354],[44.917,41.362],[44.939,41.373],[44.956,41.386],[44.957,41.386]]]}},{"type":"Feature","properties":{"name":"","rank":11,"kind":"River","src":"ne_10m_rivers_europe"},"geometry":{"type":"MultiLineString","coordinates":[[[31.994,38.046],[31.942,38.036],[31.916,38.035],[31.895,38.04],[31.869,38.057],[31.851,38.066],[31.834,38.077],[31.823,38.094],[31.818,38.115],[31.817,38.138],[31.825,38.163],[31.844,38.189],[31.895,38.252],[31.921,38.27],[31.951,38.284],[32.008,38.3],[32.035,38.312],[32.057,38.326],[32.078,38.348],[32.091,38.354],[32.103,38.365],[32.11,38.386],[32.123,38.409],[32.152,38.426],[32.177,38.438],[32.184,38.448],[32.182,38.462],[32.185,38.485],[32.183,38.508],[32.169,38.524],[32.151,38.536],[32.138,38.551],[32.136,38.564],[32.147,38.578],[32.135,38.605],[32.115,38.627],[32.093,38.645],[32.061,38.657],[32.011,38.692],[31.989,38.697],[31.971,38.697],[31.955,38.704],[31.942,38.722],[31.921,38.771],[31.903,38.78]]]}},{"type":"Feature","properties":{"name":"\u00c7ekerek","rank":10,"kind":"River","src":"ne_10m_rivers_europe"},"geometry":{"type":"MultiLineString","coordinates":[[[36.668,40.191],[36.626,40.156],[36.616,40.143],[36.6,40.13],[36.569,40.112],[36.529,40.098],[36.456,40.092],[36.384,40.065],[36.323,40.053],[36.298,40.045],[36.252,40.033],[36.1,40.009],[36.065,39.996],[36.054,39.987],[36.021,39.977],[35.977,39.953],[35.932,39.95],[35.882,39.943],[35.786,39.92],[35.763,39.92],[35.74,39.924],[35.725,39.932],[35.703,39.935],[35.616,39.928],[35.577,39.936],[35.553,39.954],[35.544,39.974],[35.542,39.992],[35.533,40.02],[35.537,40.041],[35.548,40.063],[35.563,40.081],[35.577,40.093],[35.6,40.103],[35.612,40.116],[35.624,40.136],[35.634,40.157],[35.637,40.179],[35.632,40.198],[35.617,40.213],[35.595,40.225],[35.574,40.229],[35.542,40.223],[35.486,40.217],[35.46,40.2],[35.408,40.197],[35.363,40.201],[35.344,40.211],[35.336,40.231],[35.339,40.258],[35.329,40.291],[35.336,40.309],[35.36,40.325],[35.401,40.337],[35.444,40.348],[35.475,40.359],[35.502,40.376],[35.536,40.402],[35.563,40.43],[35.576,40.457],[35.582,40.477],[35.599,40.498],[35.61,40.516],[35.625,40.534],[35.654,40.554],[35.686,40.568],[35.707,40.57],[35.727,40.568],[35.754,40.571],[35.778,40.579],[35.787,40.588],[35.791,40.599],[35.812,40.629],[35.813,40.65],[35.825,40.663],[35.857,40.678],[35.946,40.711],[35.995,40.743],[36.028,40.754],[36.07,40.756],[36.157,40.742],[36.204,40.742],[36.278,40.754],[36.295,40.76],[36.31,40.768],[36.327,40.767],[36.347,40.761],[36.374,40.749],[36.395,40.747],[36.419,40.75],[36.459,40.766],[36.494,40.779]]]}},{"type":"Feature","properties":{"name":"","rank":11,"kind":"River","src":"ne_10m_rivers_europe"},"geometry":{"type":"MultiLineString","coordinates":[[[51.575,43.261],[51.618,43.234],[51.651,43.191]],[[51.759,43.383],[51.745,43.37],[51.722,43.367],[51.688,43.375],[51.653,43.392],[51.625,43.407],[51.61,43.409],[51.602,43.393],[51.595,43.37],[51.581,43.357],[51.566,43.35],[51.555,43.341],[51.549,43.325],[51.547,43.302],[51.553,43.275]],[[51.244,43.779],[51.295,43.759],[51.323,43.743],[51.398,43.726],[51.416,43.716],[51.435,43.701],[51.478,43.68],[51.526,43.661],[51.58,43.648],[51.602,43.637],[51.62,43.635],[51.639,43.631],[51.668,43.603],[51.708,43.584],[51.748,43.551],[51.786,43.532],[51.806,43.519],[51.838,43.498]],[[51.167,44.342],[51.185,44.33],[51.189,44.319],[51.177,44.309],[51.154,44.298],[51.136,44.285],[51.122,44.264],[51.111,44.234],[51.112,44.204],[51.127,44.186],[51.149,44.174],[51.167,44.16],[51.18,44.145],[51.189,44.129],[51.191,44.114],[51.189,44.1],[51.191,44.083],[51.202,44.06],[51.221,44.041],[51.239,44.031],[51.254,44.024],[51.279,44.005],[51.293,44.001],[51.3,43.993],[51.292,43.949],[51.294,43.921],[51.309,43.901],[51.333,43.893],[51.358,43.892],[51.374,43.888],[51.378,43.875],[51.374,43.852],[51.364,43.829],[51.355,43.819],[51.291,43.827],[51.253,43.827],[51.239,43.809]]]}},{"type":"Feature","properties":{"name":"","rank":12,"kind":"River","src":"ne_10m_rivers_europe"},"geometry":{"type":"MultiLineString","coordinates":[[[34.043,37.054],[34.023,37.049],[34.009,37.055],[33.983,37.059],[33.898,37.049],[33.862,37.049],[33.829,37.059],[33.794,37.077],[33.764,37.097],[33.727,37.127],[33.686,37.137],[33.642,37.152],[33.6,37.149],[33.542,37.159],[33.494,37.161],[33.442,37.178],[33.398,37.219],[33.362,37.265],[33.298,37.319],[33.277,37.346],[33.27,37.373],[33.275,37.394],[33.292,37.408],[33.317,37.416],[33.344,37.422],[33.39,37.437],[33.416,37.438],[33.44,37.46],[33.471,37.475],[33.48,37.497],[33.502,37.538],[33.505,37.572],[33.514,37.582],[33.528,37.589]]]}},{"type":"Feature","properties":{"name":"","rank":11,"kind":"River","src":"ne_10m_rivers_europe"},"geometry":{"type":"MultiLineString","coordinates":[[[37.216,48.46],[37.18,48.474],[37.144,48.485],[37.108,48.492],[37.068,48.493],[37.02,48.492],[36.972,48.483],[36.932,48.469],[36.908,48.454],[36.89,48.438],[36.854,48.425],[36.847,48.415],[36.846,48.402],[36.839,48.39],[36.825,48.381],[36.806,48.378],[36.782,48.385],[36.736,48.418],[36.723,48.422],[36.7,48.422],[36.655,48.428],[36.609,48.438],[36.583,48.449],[36.569,48.46],[36.55,48.469],[36.529,48.475],[36.492,48.473],[36.474,48.475],[36.452,48.475],[36.428,48.466],[36.358,48.423],[36.323,48.404],[36.3,48.399],[36.283,48.401],[36.262,48.398],[36.236,48.401],[36.177,48.431],[36.146,48.431],[36.12,48.428],[36.105,48.435],[36.091,48.447],[36.072,48.457],[36.056,48.467],[36.05,48.482],[36.049,48.499],[36.042,48.515],[36.029,48.527],[35.992,48.541],[35.918,48.564]]]}},{"type":"Feature","properties":{"name":"Gediz","rank":10,"kind":"River","src":"ne_10m_rivers_europe"},"geometry":{"type":"MultiLineString","coordinates":[[[28.342,38.635],[28.316,38.619],[28.295,38.612],[28.279,38.603],[28.266,38.577],[28.256,38.573],[28.239,38.572],[28.214,38.567],[28.191,38.557],[28.162,38.538],[28.134,38.529],[28.096,38.527],[28.024,38.547],[27.98,38.545],[27.963,38.551],[27.946,38.56],[27.929,38.566],[27.91,38.566],[27.87,38.561],[27.833,38.566],[27.768,38.558],[27.742,38.561],[27.725,38.565],[27.699,38.565],[27.678,38.574],[27.65,38.582],[27.595,38.578],[27.58,38.584],[27.567,38.595],[27.547,38.606],[27.525,38.613],[27.494,38.619],[27.461,38.644],[27.442,38.65],[27.425,38.657],[27.399,38.694],[27.383,38.703],[27.364,38.701],[27.3,38.668],[27.278,38.661],[27.242,38.655],[27.218,38.645],[27.191,38.638],[27.142,38.645],[27.103,38.639],[27.071,38.646],[27.033,38.651],[26.999,38.643],[26.98,38.624],[26.979,38.603],[26.984,38.582],[26.977,38.563],[26.962,38.551],[26.925,38.54],[26.878,38.526]],[[29.723,38.978],[29.694,38.996],[29.663,39.004],[29.622,38.998],[29.521,38.974],[29.448,38.977],[29.402,38.971],[29.356,38.958],[29.322,38.945],[29.305,38.933],[29.298,38.922],[29.295,38.905],[29.284,38.879],[29.259,38.84],[29.183,38.753],[29.156,38.7],[29.138,38.69],[29.08,38.674],[29.012,38.672],[28.989,38.669],[28.972,38.658],[28.935,38.626],[28.918,38.618],[28.847,38.622],[28.802,38.608],[28.769,38.611],[28.738,38.626],[28.716,38.648],[28.703,38.669],[28.689,38.682],[28.668,38.686],[28.598,38.681],[28.555,38.684],[28.518,38.69],[28.481,38.702],[28.435,38.7]]]}},{"type":"Feature","properties":{"name":"","rank":12,"kind":"River","src":"ne_10m_rivers_europe"},"geometry":{"type":"MultiLineString","coordinates":[[[40.098,49.601],[40.081,49.521],[40.069,49.492],[40.069,49.476],[40.075,49.458],[40.084,49.44],[40.107,49.424],[40.149,49.41],[40.197,49.401],[40.235,49.397],[40.264,49.385],[40.29,49.356],[40.314,49.323],[40.356,49.284],[40.376,49.255],[40.392,49.249],[40.412,49.245],[40.454,49.229],[40.53,49.212],[40.593,49.187],[40.643,49.17],[40.666,49.157],[40.678,49.133],[40.673,49.07],[40.686,49.04],[40.668,48.998],[40.666,48.965],[40.673,48.936],[40.683,48.919],[40.697,48.907],[40.727,48.87],[40.76,48.85],[40.779,48.83],[40.794,48.806],[40.806,48.761],[40.816,48.743],[40.834,48.729],[40.889,48.708],[40.915,48.693],[40.93,48.676],[40.931,48.661],[40.927,48.646],[40.93,48.632],[40.946,48.618],[41.003,48.598],[41.026,48.582],[41.041,48.561],[41.049,48.538],[41.048,48.518],[41.043,48.502],[41.029,48.488],[40.988,48.46],[40.976,48.445],[40.962,48.432],[40.912,48.412],[40.897,48.399],[40.888,48.387],[40.876,48.381],[40.871,48.369],[40.888,48.32],[40.881,48.293],[40.889,48.25],[40.878,48.223],[40.881,48.209],[40.879,48.194],[40.861,48.177],[40.837,48.17],[40.823,48.176],[40.811,48.186],[40.793,48.188],[40.739,48.167]]]}},{"type":"Feature","properties":{"name":"Sulak","rank":10,"kind":"River","src":"ne_10m_rivers_europe"},"geometry":{"type":"MultiLineString","coordinates":[[[45.258,42.441],[45.368,42.399],[45.395,42.392],[45.413,42.4],[45.441,42.418],[45.475,42.432],[45.505,42.428],[45.528,42.414],[45.542,42.403],[45.554,42.398],[45.593,42.402],[45.61,42.399],[45.619,42.389],[45.626,42.366],[45.636,42.361],[45.652,42.363],[45.674,42.371],[45.694,42.383],[45.708,42.397],[45.716,42.402],[45.738,42.389],[45.785,42.398],[45.804,42.393],[45.832,42.407],[45.846,42.41],[45.859,42.406],[45.87,42.398],[45.9,42.4],[45.955,42.422],[46.017,42.453],[46.064,42.481],[46.095,42.506],[46.117,42.531],[46.14,42.575],[46.145,42.595],[46.15,42.631],[46.158,42.644],[46.174,42.649],[46.22,42.65],[46.244,42.653],[46.264,42.66],[46.291,42.675],[46.314,42.68],[46.343,42.681],[46.402,42.678],[46.448,42.683],[46.488,42.693],[46.506,42.702],[46.529,42.717],[46.629,42.761],[46.662,42.778],[46.685,42.787],[46.746,42.789],[46.773,42.791],[46.79,42.798],[46.803,42.816],[46.814,42.822],[46.837,42.841],[46.873,42.884],[46.903,42.929],[46.908,42.941]],[[46.88,42.983],[46.838,43.009],[46.82,43.035],[46.824,43.064],[46.84,43.096],[46.849,43.131],[46.849,43.162],[46.839,43.203],[46.842,43.221],[46.853,43.239],[46.867,43.256],[46.885,43.27],[46.923,43.289],[46.952,43.317],[46.974,43.333],[46.994,43.35],[47.002,43.371],[47.014,43.392],[47.042,43.412],[47.08,43.427],[47.146,43.443],[47.189,43.473],[47.209,43.473],[47.25,43.445],[47.274,43.44],[47.309,43.445],[47.349,43.459],[47.382,43.478],[47.399,43.495],[47.404,43.511]]]}},{"type":"Feature","properties":{"name":"Enipefs","rank":10,"kind":"River","src":"ne_10m_rivers_europe"},"geometry":{"type":"MultiLineString","coordinates":[[[22.182,39.076],[22.195,39.085],[22.207,39.088],[22.24,39.069],[22.272,39.066],[22.3,39.06],[22.325,39.058],[22.337,39.066],[22.346,39.082],[22.363,39.098],[22.384,39.109],[22.414,39.118],[22.444,39.143],[22.473,39.154],[22.533,39.192],[22.55,39.208],[22.551,39.228],[22.541,39.248],[22.529,39.264],[22.521,39.28],[22.521,39.318],[22.511,39.329],[22.485,39.334],[22.403,39.343],[22.364,39.351],[22.304,39.374],[22.283,39.386],[22.254,39.411],[22.234,39.419],[22.215,39.433],[22.198,39.455],[22.178,39.479],[22.117,39.513],[22.095,39.539],[22.09,39.565],[22.098,39.581],[22.114,39.586],[22.142,39.585],[22.174,39.594],[22.196,39.598],[22.212,39.605],[22.214,39.619],[22.211,39.638],[22.217,39.657],[22.233,39.668],[22.254,39.669],[22.281,39.665],[22.333,39.664],[22.346,39.657],[22.356,39.65],[22.37,39.647],[22.391,39.653],[22.418,39.668],[22.435,39.688],[22.433,39.706],[22.424,39.723],[22.421,39.762],[22.403,39.8],[22.402,39.816],[22.414,39.832],[22.435,39.844],[22.46,39.85],[22.481,39.85],[22.5,39.854],[22.542,39.875],[22.575,39.903],[22.618,39.924],[22.71,39.957]]]}},{"type":"Feature","properties":{"name":"","rank":11,"kind":"River","src":"ne_10m_rivers_europe"},"geometry":{"type":"MultiLineString","coordinates":[[[36.101,34.228],[36.074,34.191],[36.059,34.162],[36.069,34.153],[36.096,34.156],[36.124,34.152],[36.146,34.144],[36.166,34.131],[36.184,34.131],[36.209,34.136],[36.236,34.147],[36.264,34.165],[36.291,34.188],[36.317,34.221],[36.343,34.264],[36.362,34.306],[36.375,34.355],[36.382,34.363],[36.393,34.371],[36.422,34.404],[36.454,34.426],[36.47,34.443],[36.489,34.457],[36.542,34.469],[36.544,34.486],[36.527,34.555],[36.526,34.588],[36.521,34.601],[36.519,34.616],[36.526,34.63]],[[36.592,34.666],[36.618,34.681],[36.646,34.708],[36.666,34.733],[36.69,34.754],[36.689,34.78],[36.694,34.796],[36.694,34.812],[36.672,34.846],[36.676,34.881],[36.671,34.899],[36.668,34.921],[36.728,34.945],[36.738,34.948],[36.754,34.949],[36.767,34.949],[36.799,34.951],[36.816,34.962],[36.828,34.965],[36.842,34.966],[36.861,34.975],[36.887,34.977]]]}},{"type":"Feature","properties":{"name":"","rank":11,"kind":"River","src":"ne_10m_rivers_europe"},"geometry":{"type":"MultiLineString","coordinates":[[[45.101,47.886],[45.125,47.911],[45.16,47.937],[45.164,47.954],[45.178,47.96],[45.189,47.972],[45.186,47.993],[45.189,48.013],[45.215,48.02],[45.248,48.021],[45.271,48.026],[45.279,48.038],[45.27,48.073],[45.271,48.089],[45.281,48.099],[45.317,48.103],[45.34,48.108],[45.357,48.115],[45.374,48.131],[45.395,48.142],[45.459,48.168],[45.527,48.221],[45.543,48.236],[45.563,48.275],[45.583,48.3],[45.61,48.319],[45.636,48.322],[45.661,48.319],[45.687,48.32],[45.711,48.328],[45.73,48.34],[45.741,48.355],[45.744,48.369],[45.742,48.376]]]}},{"type":"Feature","properties":{"name":"","rank":10,"kind":"River","src":"ne_10m_rivers_europe"},"geometry":{"type":"MultiLineString","coordinates":[[[29.924,37.757],[29.911,37.735],[29.883,37.714],[29.863,37.691],[29.839,37.674],[29.814,37.677],[29.794,37.694],[29.775,37.727],[29.76,37.742],[29.738,37.751],[29.695,37.754],[29.684,37.762],[29.684,37.777],[29.694,37.796],[29.691,37.814],[29.661,37.824],[29.623,37.826],[29.601,37.822],[29.587,37.817],[29.552,37.819],[29.513,37.81],[29.475,37.818],[29.447,37.819],[29.399,37.835],[29.373,37.836],[29.354,37.831],[29.33,37.816],[29.302,37.808],[29.265,37.804],[29.23,37.809],[29.195,37.824],[29.156,37.845],[29.124,37.867],[29.104,37.886],[29.08,37.905],[29.001,37.944],[28.982,37.957],[28.956,37.96]]]}},{"type":"Feature","properties":{"name":"","rank":11,"kind":"River","src":"ne_10m_rivers_europe"},"geometry":{"type":"MultiLineString","coordinates":[[[31.181,46.655],[31.188,46.629]],[[31.057,46.897],[31.058,46.897]],[[29.527,47.851],[29.577,47.852],[29.621,47.85],[29.681,47.839],[29.727,47.835],[29.77,47.829],[29.82,47.817],[29.867,47.8],[29.905,47.777],[29.953,47.731],[29.972,47.723],[30.006,47.717],[30.062,47.703],[30.169,47.67],[30.218,47.659],[30.269,47.642],[30.302,47.622],[30.323,47.604],[30.346,47.593],[30.369,47.584],[30.391,47.572],[30.448,47.528],[30.476,47.502],[30.504,47.465],[30.541,47.432],[30.561,47.396],[30.665,47.294],[30.691,47.278],[30.717,47.269],[30.751,47.251],[30.789,47.235],[30.852,47.226],[30.886,47.208],[30.922,47.199],[30.932,47.178],[30.959,47.163],[30.966,47.153],[30.964,47.142],[30.95,47.119],[30.948,47.106],[30.953,47.093],[30.973,47.073],[30.987,47.056],[30.998,47.03],[31.002,47.015]]]}},{"type":"Feature","properties":{"name":"","rank":10,"kind":"River","src":"ne_10m_rivers_europe"},"geometry":{"type":"MultiLineString","coordinates":[[[48.231,39.893],[48.24,39.877],[48.313,39.823],[48.338,39.795],[48.349,39.789],[48.5,39.809],[48.524,39.805],[48.527,39.795],[48.549,39.778],[48.558,39.762],[48.573,39.749],[48.63,39.736],[48.655,39.719],[48.691,39.686],[48.711,39.649],[48.725,39.64],[48.744,39.631],[48.804,39.585],[48.805,39.575],[48.799,39.556],[48.807,39.525],[48.828,39.488],[48.856,39.455],[48.88,39.436],[48.899,39.429],[48.927,39.424],[48.948,39.399],[48.982,39.37],[48.993,39.341],[49.004,39.328],[49.017,39.305],[49.022,39.268],[49.024,39.221],[49.022,39.188]]]}},{"type":"Feature","properties":{"name":"Aras","rank":10,"kind":"River","src":"ne_10m_rivers_europe"},"geometry":{"type":"MultiLineString","coordinates":[[[41.327,39.366],[41.286,39.409],[41.273,39.43],[41.267,39.453],[41.268,39.479],[41.274,39.501],[41.287,39.525],[41.283,39.55],[41.288,39.567],[41.308,39.585],[41.344,39.598],[41.38,39.608],[41.418,39.625],[41.444,39.632],[41.474,39.635],[41.525,39.63],[41.553,39.64],[41.589,39.631],[41.646,39.636],[41.692,39.623],[41.71,39.623],[41.728,39.632],[41.747,39.646],[41.768,39.672],[41.79,39.711],[41.798,39.756],[41.779,39.826],[41.799,39.841],[41.834,39.854],[41.863,39.877],[41.882,39.903],[41.892,39.923],[41.894,39.939],[41.893,39.958],[41.907,39.979],[41.945,40.002],[41.997,40.022],[42.043,40.033],[42.079,40.035],[42.133,40.029],[42.156,40.028],[42.173,40.034],[42.201,40.061],[42.23,40.074],[42.265,40.083],[42.319,40.088],[42.353,40.106],[42.422,40.117],[42.485,40.132],[42.537,40.137],[42.562,40.142],[42.583,40.15],[42.609,40.167],[42.634,40.164],[42.649,40.176],[42.665,40.179],[42.681,40.177],[42.695,40.159],[42.725,40.146],[42.751,40.131],[42.775,40.11],[42.789,40.09],[42.808,40.076],[42.845,40.072],[42.884,40.078],[42.908,40.086],[42.927,40.096],[42.991,40.119],[43.094,40.171],[43.127,40.185],[43.154,40.184],[43.222,40.164],[43.245,40.163],[43.271,40.165],[43.311,40.161],[43.351,40.152],[43.395,40.133],[43.427,40.124],[43.462,40.12],[43.513,40.125],[43.576,40.126],[43.611,40.132],[43.64,40.133],[43.652,40.139]]]}},{"type":"Feature","properties":{"name":"Qotur/Ghotour Chai","rank":10,"kind":"River","src":"ne_10m_rivers_europe"},"geometry":{"type":"MultiLineString","coordinates":[[[44.24,38.62],[44.19,38.607],[44.147,38.585],[44.132,38.559],[44.146,38.535],[44.171,38.521],[44.207,38.517],[44.282,38.517],[44.304,38.513],[44.36,38.494],[44.396,38.488],[44.446,38.493],[44.462,38.488],[44.481,38.479],[44.505,38.472],[44.531,38.469],[44.581,38.475],[44.614,38.474],[44.647,38.468],[44.673,38.459],[44.694,38.457],[44.741,38.475],[44.778,38.484],[44.816,38.488],[44.874,38.486],[44.905,38.487],[44.933,38.496],[44.969,38.526],[45.023,38.54],[45.045,38.553],[45.057,38.569],[45.061,38.586],[45.062,38.602],[45.066,38.618],[45.081,38.641],[45.106,38.671],[45.138,38.697],[45.171,38.71],[45.203,38.719],[45.234,38.736],[45.254,38.768],[45.262,38.813],[45.263,38.855],[45.269,38.877],[45.282,38.885],[45.302,38.891],[45.326,38.906],[45.376,38.969],[45.411,38.989],[45.438,39.004]]]}},{"type":"Feature","properties":{"name":"","rank":11,"kind":"River","src":"ne_10m_rivers_europe"},"geometry":{"type":"MultiLineString","coordinates":[[[27.154,47.089],[27.172,47.086],[27.192,47.08],[27.232,47.059],[27.253,47.052],[27.277,47.041],[27.305,47.019],[27.329,46.988],[27.348,46.928],[27.364,46.906],[27.381,46.887],[27.409,46.85],[27.424,46.844],[27.443,46.84],[27.485,46.82],[27.508,46.813],[27.545,46.794],[27.6,46.753],[27.649,46.707],[27.686,46.659],[27.75,46.601],[27.783,46.565],[27.825,46.511],[27.828,46.493],[27.818,46.457],[27.821,46.436],[27.82,46.416],[27.811,46.392],[27.796,46.372],[27.781,46.355],[27.757,46.324],[27.712,46.278],[27.686,46.231],[27.666,46.211],[27.646,46.195],[27.623,46.169],[27.596,46.153],[27.578,46.132],[27.526,46.098],[27.461,46.032],[27.452,46.015],[27.458,45.998],[27.469,45.981],[27.474,45.965],[27.472,45.951],[27.459,45.928],[27.461,45.892],[27.452,45.809],[27.454,45.763],[27.444,45.724],[27.445,45.702],[27.443,45.68]]]}},{"type":"Feature","properties":{"name":"","rank":11,"kind":"River","src":"ne_10m_rivers_europe"},"geometry":{"type":"MultiLineString","coordinates":[[[32.192,48.746],[32.186,48.709],[32.19,48.674],[32.203,48.65],[32.219,48.626],[32.238,48.556],[32.253,48.528],[32.267,48.51],[32.278,48.487],[32.303,48.47],[32.333,48.439],[32.363,48.429],[32.375,48.398],[32.395,48.376],[32.41,48.346],[32.437,48.326],[32.449,48.308],[32.465,48.291],[32.489,48.28],[32.51,48.267],[32.521,48.243],[32.516,48.22],[32.502,48.209],[32.48,48.203],[32.427,48.184],[32.405,48.18],[32.383,48.171],[32.358,48.149],[32.345,48.114],[32.35,48.075],[32.369,48.041],[32.391,48.02],[32.41,48.007],[32.424,47.99],[32.43,47.965],[32.429,47.934],[32.421,47.903],[32.398,47.861],[32.394,47.827],[32.373,47.795],[32.366,47.779],[32.364,47.764],[32.368,47.753],[32.368,47.731],[32.348,47.649],[32.348,47.604],[32.337,47.583],[32.33,47.564],[32.348,47.537],[32.345,47.523],[32.337,47.507],[32.335,47.491],[32.329,47.472],[32.288,47.424],[32.266,47.384],[32.238,47.361],[32.227,47.342],[32.226,47.318],[32.246,47.268],[32.243,47.249],[32.238,47.231],[32.242,47.209],[32.242,47.187],[32.229,47.168],[32.214,47.151],[32.202,47.123],[32.177,47.093],[32.17,47.072],[32.158,47.054],[32.101,47.037],[32.07,47.02],[32.044,47.001],[32.022,46.99],[32.007,46.988],[31.969,46.999]]]}},{"type":"Feature","properties":{"name":"","rank":12,"kind":"River","src":"ne_10m_rivers_europe"},"geometry":{"type":"MultiLineString","coordinates":[[[46.047,47.274],[46.066,47.278],[46.081,47.283],[46.101,47.3],[46.119,47.307],[46.138,47.302],[46.168,47.256],[46.217,47.216],[46.234,47.189],[46.242,47.162],[46.241,47.14],[46.231,47.125],[46.2,47.106],[46.174,47.074],[46.139,47.054],[46.105,47.025],[46.064,47.005],[46.057,46.997],[46.044,46.988],[46.01,46.978],[45.978,46.96],[45.967,46.933],[45.967,46.906],[45.956,46.873],[45.957,46.849],[45.955,46.828],[45.942,46.818],[45.924,46.819],[45.91,46.824],[45.885,46.805],[45.867,46.799],[45.842,46.797],[45.813,46.799],[45.791,46.794],[45.783,46.779],[45.777,46.758],[45.745,46.724],[45.733,46.702],[45.731,46.681],[45.739,46.656],[45.735,46.646],[45.719,46.639],[45.662,46.63],[45.624,46.619],[45.587,46.605],[45.584,46.604]]]}},{"type":"Feature","properties":{"name":"","rank":12,"kind":"Intermittent River","src":"ne_10m_rivers_europe"},"geometry":{"type":"MultiLineString","coordinates":[[[39.372,37.204],[39.409,37.195],[39.437,37.183],[39.453,37.167],[39.458,37.146],[39.459,37.102],[39.473,37.069],[39.467,37.027],[39.473,36.997],[39.469,36.967],[39.472,36.952],[39.486,36.937],[39.533,36.905],[39.549,36.881],[39.557,36.857],[39.56,36.835],[39.552,36.815],[39.512,36.771],[39.499,36.745],[39.495,36.716],[39.495,36.683],[39.513,36.61],[39.509,36.581],[39.499,36.551],[39.485,36.529],[39.464,36.514],[39.436,36.503],[39.404,36.497],[39.351,36.497],[39.324,36.492],[39.302,36.484],[39.282,36.467],[39.248,36.459],[39.192,36.438],[39.138,36.432],[39.119,36.426],[39.103,36.41],[39.07,36.359],[39.059,36.348],[39.042,36.348],[39.042,36.348]]]}},{"type":"Feature","properties":{"name":"Belaya","rank":10,"kind":"River","src":"ne_10m_rivers_europe"},"geometry":{"type":"MultiLineString","coordinates":[[[39.96,43.938],[39.985,43.916],[40.01,43.9],[40.046,43.885],[40.087,43.862],[40.099,43.864],[40.099,43.876],[40.089,43.892],[40.083,43.911],[40.091,43.93],[40.102,43.948],[40.102,43.979],[40.114,43.991],[40.133,44.005],[40.151,44.024],[40.162,44.047],[40.162,44.072],[40.153,44.092],[40.128,44.121],[40.124,44.141],[40.134,44.167],[40.183,44.225],[40.195,44.25],[40.193,44.269],[40.18,44.299],[40.191,44.343],[40.2,44.391],[40.2,44.445],[40.188,44.489],[40.167,44.522],[40.126,44.569],[40.111,44.589],[40.098,44.601],[40.06,44.602],[40.029,44.612],[40.0,44.628],[39.925,44.701],[39.898,44.734],[39.859,44.758],[39.812,44.803],[39.794,44.817],[39.787,44.827],[39.792,44.853],[39.775,44.879],[39.769,44.894],[39.756,44.916],[39.74,44.932],[39.728,44.938],[39.723,44.947],[39.716,44.958],[39.7,44.964],[39.688,44.977],[39.689,44.992],[39.681,45.004],[39.668,45.013],[39.639,45.034],[39.638,45.051],[39.629,45.06],[39.59,45.122],[39.577,45.135],[39.568,45.139]]]}},{"type":"Feature","properties":{"name":"Moldova","rank":10,"kind":"River","src":"ne_10m_rivers_europe"},"geometry":{"type":"MultiLineString","coordinates":[[[25.173,47.678],[25.202,47.696],[25.227,47.702],[25.248,47.691],[25.268,47.673],[25.308,47.65],[25.319,47.625],[25.344,47.594],[25.344,47.569],[25.352,47.558],[25.378,47.548],[25.423,47.542],[25.474,47.54],[25.547,47.543],[25.583,47.535],[25.621,47.533],[25.701,47.565],[25.748,47.565],[25.828,47.55],[25.854,47.549],[25.878,47.552],[25.906,47.553],[25.943,47.545],[25.979,47.533],[26.026,47.513],[26.077,47.496],[26.107,47.482],[26.135,47.465],[26.174,47.434],[26.194,47.424],[26.228,47.414],[26.331,47.391],[26.369,47.377],[26.401,47.359],[26.439,47.333],[26.506,47.279],[26.563,47.242],[26.594,47.213],[26.616,47.18],[26.636,47.118],[26.656,47.093],[26.686,47.075],[26.755,47.041],[26.83,46.982],[26.884,46.952],[26.927,46.925],[26.95,46.92],[26.974,46.918],[26.975,46.918]]]}},{"type":"Feature","properties":{"name":"Seyhan","rank":10,"kind":"River","src":"ne_10m_rivers_europe"},"geometry":{"type":"MultiLineString","coordinates":[[[35.32,37.065],[35.331,37.042],[35.332,37.008],[35.327,36.944],[35.329,36.92],[35.334,36.899],[35.347,36.882],[35.366,36.867],[35.381,36.85],[35.386,36.831],[35.379,36.811],[35.352,36.775],[35.312,36.708],[35.29,36.684],[35.268,36.667]],[[35.283,37.211],[35.275,37.194],[35.279,37.164],[35.311,37.12],[35.31,37.117]],[[36.761,38.823],[36.767,38.85],[36.765,38.873],[36.743,38.909],[36.739,38.939],[36.731,38.971],[36.709,38.995],[36.678,39.009],[36.65,39.015],[36.629,39.015],[36.6,39.007],[36.575,39.011],[36.548,39.02],[36.528,39.031],[36.514,39.037],[36.498,39.031],[36.484,39.017],[36.473,38.999],[36.466,38.98],[36.462,38.961],[36.468,38.941],[36.493,38.904],[36.495,38.883],[36.489,38.864],[36.478,38.842],[36.483,38.826],[36.459,38.8],[36.452,38.781],[36.439,38.763],[36.41,38.749],[36.382,38.737],[36.36,38.719],[36.326,38.712],[36.285,38.687],[36.184,38.663],[36.162,38.649],[36.146,38.628],[36.125,38.607],[36.09,38.591],[36.055,38.579],[36.034,38.568],[36.024,38.553],[36.019,38.532],[36.019,38.509],[36.025,38.49],[36.022,38.475],[35.978,38.446],[35.944,38.409],[35.911,38.393],[35.895,38.378],[35.888,38.352],[35.902,38.286],[35.897,38.269],[35.887,38.259],[35.878,38.235],[35.867,38.224],[35.851,38.22],[35.809,38.227],[35.747,38.22],[35.716,38.226],[35.694,38.237],[35.669,38.252],[35.649,38.254],[35.629,38.252],[35.614,38.247],[35.606,38.236],[35.589,38.191],[35.573,38.159],[35.561,38.127],[35.561,38.079],[35.554,38.06],[35.539,38.046],[35.507,38.028],[35.497,38.012],[35.495,37.992],[35.502,37.953],[35.492,37.918],[35.503,37.898],[35.498,37.878],[35.483,37.857],[35.452,37.829],[35.442,37.808],[35.432,37.796],[35.424,37.781],[35.427,37.761],[35.437,37.746],[35.464,37.734],[35.506,37.702],[35.566,37.674],[35.574,37.662],[35.573,37.648],[35.577,37.632],[35.576,37.617],[35.563,37.604],[35.544,37.592],[35.53,37.577],[35.522,37.557],[35.514,37.516],[35.502,37.499],[35.505,37.488],[35.503,37.473],[35.464,37.434],[35.455,37.417],[35.461,37.4],[35.474,37.379],[35.48,37.355],[35.466,37.332],[35.443,37.31],[35.427,37.29],[35.41,37.277]]]}},{"type":"Feature","properties":{"name":"Jiu","rank":11,"kind":"River","src":"ne_10m_rivers_europe"},"geometry":{"type":"MultiLineString","coordinates":[[[22.846,45.269],[22.881,45.279],[22.911,45.285],[22.955,45.286],[22.994,45.303],[23.057,45.315],[23.125,45.339],[23.237,45.369],[23.272,45.381],[23.297,45.387],[23.328,45.385],[23.356,45.379],[23.373,45.372],[23.378,45.362],[23.377,45.328],[23.389,45.29],[23.393,45.269],[23.391,45.25],[23.378,45.218],[23.38,45.198],[23.375,45.18],[23.359,45.155],[23.336,45.124],[23.311,45.097],[23.278,45.071],[23.258,45.03],[23.24,45.004],[23.212,44.984],[23.149,44.959],[23.139,44.94],[23.15,44.922],[23.173,44.911],[23.207,44.901],[23.244,44.884],[23.28,44.86],[23.313,44.832],[23.332,44.807],[23.341,44.779],[23.372,44.744],[23.389,44.711],[23.432,44.659],[23.447,44.627],[23.453,44.598],[23.454,44.577],[23.46,44.56],[23.479,44.542],[23.501,44.53],[23.526,44.529],[23.553,44.513],[23.586,44.505],[23.613,44.477],[23.691,44.41],[23.711,44.384],[23.715,44.366],[23.716,44.334],[23.738,44.316],[23.791,44.269],[23.821,44.253],[23.839,44.238],[23.839,44.216],[23.835,44.19],[23.842,44.165],[23.855,44.147],[23.868,44.136],[23.876,44.119],[23.879,44.088],[23.877,44.047],[23.879,43.996],[23.878,43.956],[23.868,43.914],[23.869,43.898],[23.864,43.877],[23.822,43.815]]]}},{"type":"Feature","properties":{"name":"","rank":11,"kind":"River","src":"ne_10m_rivers_europe"},"geometry":{"type":"MultiLineString","coordinates":[[[37.946,35.394],[37.952,35.41],[37.946,35.438],[37.922,35.484],[37.886,35.531],[37.853,35.562],[37.834,35.584],[37.832,35.61],[37.838,35.634],[37.838,35.651],[37.841,35.664],[37.87,35.696],[37.882,35.712],[37.889,35.73],[37.891,35.75],[37.884,35.768],[37.849,35.795],[37.83,35.828],[37.796,35.861],[37.766,35.902],[37.746,35.915],[37.721,35.917],[37.696,35.917]],[[37.656,35.909],[37.631,35.931]],[[37.601,35.898],[37.592,35.877],[37.575,35.849],[37.553,35.821],[37.537,35.782],[37.519,35.751],[37.498,35.723],[37.479,35.707],[37.464,35.698],[37.45,35.686],[37.43,35.679],[37.362,35.689],[37.33,35.681],[37.306,35.668],[37.292,35.656],[37.272,35.651],[37.236,35.654],[37.195,35.668],[37.164,35.688],[37.143,35.707],[37.108,35.726],[37.091,35.741],[37.075,35.764],[37.063,35.791],[37.05,35.812],[37.031,35.821],[37.016,35.832],[37.019,35.888],[37.011,35.907],[36.999,35.923],[36.992,35.945],[36.995,35.968],[37.003,35.988],[37.007,36.007],[36.998,36.029],[36.98,36.048],[36.962,36.06],[36.942,36.064],[36.921,36.066],[36.898,36.07],[36.872,36.082],[36.844,36.092],[36.814,36.092],[36.788,36.088],[36.749,36.087],[36.721,36.079],[36.667,36.084],[36.648,36.081],[36.637,36.073],[36.623,36.053],[36.586,36.034],[36.563,36.015],[36.512,35.952],[36.476,35.932],[36.463,35.916],[36.456,35.892],[36.454,35.832],[36.442,35.802],[36.44,35.785],[36.428,35.765],[36.398,35.745],[36.363,35.736],[36.337,35.745],[36.316,35.765],[36.315,35.765]]]}},{"type":"Feature","properties":{"name":"","rank":10,"kind":"River","src":"ne_10m_rivers_europe"},"geometry":{"type":"MultiLineString","coordinates":[[[34.265,48.423],[34.262,48.405],[34.253,48.389],[34.236,48.379],[34.218,48.371],[34.208,48.362],[34.209,48.344],[34.229,48.285],[34.228,48.266],[34.217,48.257],[34.187,48.246],[34.171,48.235],[34.156,48.221],[34.146,48.207],[34.143,48.188],[34.145,48.161],[34.153,48.137],[34.164,48.123],[34.175,48.114],[34.181,48.101],[34.177,48.078],[34.154,48.014],[34.156,47.995],[34.149,47.973],[34.151,47.963],[34.153,47.94],[34.145,47.904],[34.125,47.87],[34.098,47.853],[34.077,47.843],[34.058,47.803],[34.013,47.75],[34.003,47.725],[34.006,47.705],[34.028,47.681],[34.033,47.655],[34.072,47.611],[34.078,47.581]]]}},{"type":"Feature","properties":{"name":"","rank":10,"kind":"River","src":"ne_10m_rivers_europe"},"geometry":{"type":"MultiLineString","coordinates":[[[47.962,48.334],[47.98,48.33],[48.015,48.334],[48.072,48.346],[48.136,48.354],[48.19,48.35],[48.226,48.337],[48.243,48.324],[48.252,48.313],[48.266,48.305],[48.286,48.304],[48.33,48.312],[48.352,48.306],[48.377,48.312],[48.404,48.315],[48.419,48.305],[48.433,48.291],[48.489,48.277],[48.517,48.262],[48.537,48.241],[48.565,48.206],[48.605,48.178],[48.613,48.164],[48.607,48.151],[48.581,48.137],[48.577,48.124],[48.57,48.11],[48.523,48.095],[48.507,48.083],[48.491,48.067],[48.442,48.033],[48.435,48.016],[48.448,48.006],[48.496,48.003],[48.51,47.993],[48.518,47.981],[48.537,47.969],[48.553,47.947],[48.58,47.944],[48.591,47.936],[48.581,47.921],[48.565,47.915],[48.552,47.907],[48.545,47.896],[48.543,47.884],[48.539,47.873],[48.514,47.855],[48.512,47.84],[48.52,47.825],[48.531,47.815],[48.549,47.811],[48.574,47.813],[48.599,47.807],[48.615,47.787],[48.626,47.763],[48.637,47.749],[48.652,47.744],[48.69,47.743],[48.707,47.739],[48.712,47.729],[48.706,47.714],[48.706,47.703],[48.727,47.704],[48.76,47.711],[48.79,47.713],[48.813,47.71],[48.828,47.703],[48.838,47.688],[48.846,47.664],[48.851,47.639],[48.851,47.62],[48.832,47.601],[48.753,47.55],[48.735,47.532],[48.699,47.52],[48.663,47.486],[48.608,47.446],[48.59,47.429],[48.583,47.416],[48.582,47.403],[48.597,47.395],[48.629,47.39],[48.662,47.381],[48.679,47.363],[48.692,47.343],[48.732,47.322],[48.756,47.291],[48.77,47.286],[48.787,47.286],[48.806,47.283],[48.824,47.283],[48.858,47.304],[48.881,47.307],[48.901,47.297],[48.923,47.252],[48.947,47.223],[48.975,47.208],[48.995,47.214],[49.01,47.222],[49.028,47.215],[49.047,47.202],[49.066,47.198],[49.085,47.196],[49.121,47.182],[49.14,47.179],[49.154,47.173],[49.171,47.141],[49.208,47.12],[49.226,47.089],[49.24,47.076],[49.257,47.07],[49.289,47.072],[49.307,47.069],[49.321,47.062],[49.328,47.055],[49.376,47.047],[49.42,47.027],[49.439,47.022],[49.469,47.008],[49.566,46.936],[49.598,46.916],[49.6,46.901],[49.596,46.879],[49.589,46.859],[49.586,46.842],[49.595,46.83],[49.607,46.82],[49.62,46.794],[49.65,46.781],[49.677,46.751],[49.714,46.729],[49.741,46.702],[49.763,46.688],[49.783,46.672],[49.793,46.651],[49.786,46.632],[49.769,46.62],[49.751,46.611],[49.745,46.6],[49.742,46.585],[49.725,46.576],[49.714,46.561]],[[47.804,48.383],[47.813,48.38]]]}},{"type":"Feature","properties":{"name":"","rank":12,"kind":"River","src":"ne_10m_rivers_europe"},"geometry":{"type":"MultiLineString","coordinates":[[[44.532,45.699],[44.645,45.67],[44.703,45.664],[44.822,45.643],[44.872,45.63],[44.92,45.614],[44.982,45.587],[45.033,45.572],[45.041,45.563],[45.045,45.552],[45.055,45.538],[45.068,45.526],[45.091,45.512],[45.097,45.485],[45.106,45.471],[45.13,45.461],[45.204,45.452],[45.23,45.44],[45.249,45.427],[45.273,45.419],[45.295,45.417],[45.326,45.422],[45.342,45.415],[45.355,45.401],[45.362,45.384],[45.37,45.369],[45.41,45.344],[45.422,45.326],[45.429,45.31],[45.439,45.301],[45.457,45.298],[45.487,45.298],[45.515,45.3],[45.532,45.306],[45.545,45.312],[45.565,45.318],[45.591,45.321],[45.651,45.318],[45.689,45.322],[45.714,45.331],[45.699,45.35],[45.664,45.378],[45.629,45.392],[45.616,45.409],[45.592,45.416],[45.583,45.425],[45.579,45.44],[45.58,45.454],[45.586,45.465],[45.6,45.476],[45.602,45.488],[45.611,45.503],[45.635,45.514],[45.715,45.537],[45.761,45.539],[45.81,45.547],[45.847,45.541],[45.863,45.546],[45.868,45.563],[45.861,45.589],[45.869,45.613],[45.909,45.626],[45.955,45.632],[45.973,45.64],[45.982,45.65],[46.003,45.662],[46.034,45.668],[46.067,45.666],[46.101,45.66],[46.133,45.659],[46.155,45.663],[46.183,45.689],[46.224,45.709],[46.277,45.726],[46.321,45.737],[46.352,45.74],[46.375,45.735],[46.392,45.729],[46.423,45.728],[46.444,45.718],[46.481,45.715],[46.509,45.708],[46.542,45.718],[46.559,45.716],[46.573,45.718],[46.583,45.729],[46.597,45.751],[46.637,45.812]]]}},{"type":"Feature","properties":{"name":"","rank":10,"kind":"River","src":"ne_10m_rivers_europe"},"geometry":{"type":"MultiLineString","coordinates":[[[36.864,37.709],[36.839,37.677],[36.81,37.657],[36.801,37.643],[36.799,37.625],[36.799,37.604],[36.816,37.582],[36.854,37.557],[36.888,37.527],[36.898,37.49],[36.894,37.457],[36.896,37.423],[36.889,37.405],[36.875,37.385],[36.845,37.351],[36.827,37.306],[36.803,37.282],[36.793,37.266],[36.784,37.245],[36.778,37.222],[36.767,37.195],[36.723,37.136],[36.714,37.106],[36.711,37.077],[36.7,37.031],[36.701,37.0],[36.697,36.989],[36.695,36.977],[36.703,36.96],[36.708,36.935],[36.702,36.903],[36.688,36.873],[36.674,36.853],[36.658,36.828],[36.639,36.828],[36.643,36.804],[36.632,36.785],[36.615,36.767],[36.603,36.747],[36.598,36.725],[36.598,36.706],[36.594,36.686],[36.589,36.676],[36.571,36.669],[36.549,36.662],[36.514,36.656],[36.497,36.649],[36.484,36.637],[36.461,36.61],[36.445,36.598],[36.433,36.584],[36.433,36.565],[36.437,36.546],[36.436,36.522],[36.449,36.499],[36.449,36.485],[36.438,36.471],[36.4,36.449],[36.381,36.435],[36.359,36.423],[36.328,36.417],[36.302,36.406],[36.289,36.383],[36.286,36.352]],[[36.637,38.51],[36.738,38.549],[36.785,38.561],[36.831,38.567],[36.866,38.564],[36.885,38.555],[36.887,38.539],[36.883,38.522],[36.871,38.506],[36.856,38.496],[36.871,38.474],[36.898,38.461],[36.915,38.45],[36.92,38.438],[36.917,38.424],[36.918,38.404],[36.929,38.378],[36.954,38.349],[36.987,38.321],[37.024,38.3],[37.091,38.283],[37.116,38.271],[37.127,38.254],[37.124,38.237],[37.101,38.219],[37.064,38.203],[37.03,38.184],[37.012,38.162],[37.008,38.136],[37.005,38.11],[37.012,38.091],[37.031,38.085],[37.06,38.08],[37.091,38.063],[37.101,38.038],[37.079,38.013],[36.987,37.965],[36.972,37.947],[36.966,37.926],[36.963,37.904],[36.965,37.884],[36.968,37.866],[36.967,37.848],[36.944,37.805],[36.932,37.776],[36.922,37.758]]]}},{"type":"Feature","properties":{"name":"","rank":11,"kind":"River","src":"ne_10m_rivers_europe"},"geometry":{"type":"MultiLineString","coordinates":[[[43.414,37.657],[43.414,37.677],[43.407,37.693],[43.391,37.703],[43.366,37.702],[43.34,37.692],[43.316,37.675],[43.281,37.641],[43.263,37.626],[43.236,37.613],[43.163,37.584],[43.134,37.565],[43.117,37.544],[43.109,37.523],[43.114,37.504],[43.143,37.472],[43.155,37.45],[43.16,37.428],[43.155,37.394],[43.162,37.35],[43.157,37.34],[43.148,37.333],[43.135,37.305],[43.115,37.292],[43.111,37.283],[43.12,37.272],[43.139,37.264],[43.159,37.253],[43.171,37.234],[43.164,37.214],[43.139,37.199],[43.112,37.187],[43.102,37.173],[43.098,37.159],[43.076,37.141],[43.071,37.121],[43.063,37.113],[43.049,37.11],[43.03,37.113],[42.99,37.114],[42.921,37.106],[42.814,37.086],[42.795,37.089],[42.753,37.128],[42.721,37.141],[42.652,37.158],[42.612,37.161],[42.582,37.157],[42.564,37.152],[42.545,37.141],[42.459,37.13],[42.402,37.114],[42.357,37.11]]]}},{"type":"Feature","properties":{"name":"","rank":11,"kind":"River","src":"ne_10m_rivers_europe"},"geometry":{"type":"MultiLineString","coordinates":[[[43.966,34.858],[43.945,34.856],[43.927,34.85],[43.914,34.837],[43.912,34.814],[43.92,34.785],[43.924,34.753],[43.914,34.724],[43.899,34.696],[43.892,34.667],[43.892,34.642],[43.895,34.623],[43.907,34.612],[43.957,34.594],[44.013,34.553],[44.064,34.526],[44.072,34.513],[44.075,34.499],[44.092,34.473],[44.1,34.441],[44.115,34.402],[44.106,34.386],[44.109,34.369],[44.12,34.35],[44.141,34.329],[44.132,34.306],[44.124,34.284],[44.12,34.261],[44.12,34.235],[44.115,34.22],[44.115,34.199],[44.136,34.147],[44.132,34.13],[44.126,34.116],[44.127,34.099],[44.149,34.06]]]}},{"type":"Feature","properties":{"name":"","rank":10,"kind":"River","src":"ne_10m_rivers_europe"},"geometry":{"type":"MultiLineString","coordinates":[[[30.864,37.388],[30.839,37.363],[30.814,37.326],[30.803,37.312],[30.795,37.299],[30.795,37.276],[30.801,37.22],[30.816,37.194],[30.826,37.158],[30.835,37.14],[30.849,37.127],[30.865,37.119],[30.883,37.107],[30.901,37.084],[30.912,37.061],[30.913,37.048],[30.913,37.026],[30.918,36.982],[30.929,36.936],[30.949,36.898],[30.941,36.881],[30.94,36.857]],[[29.879,37.183],[29.846,37.197],[29.822,37.21],[29.812,37.221],[29.818,37.234],[29.832,37.252],[29.843,37.272],[29.84,37.289],[29.834,37.306],[29.839,37.323],[29.851,37.337],[29.862,37.345],[29.881,37.348],[29.942,37.351],[30.012,37.375],[30.038,37.392],[30.066,37.425],[30.082,37.461],[30.079,37.485],[30.071,37.502],[30.078,37.539],[30.072,37.578],[30.073,37.609],[30.066,37.629],[30.069,37.667]],[[30.332,37.81],[30.374,37.846],[30.4,37.873],[30.436,37.901],[30.471,37.92],[30.491,37.918],[30.504,37.906],[30.521,37.899],[30.54,37.897],[30.56,37.898],[30.579,37.895],[30.595,37.883],[30.607,37.863],[30.616,37.84],[30.619,37.82],[30.618,37.804],[30.624,37.778],[30.643,37.731],[30.658,37.708],[30.663,37.692],[30.706,37.671],[30.739,37.59],[30.766,37.542],[30.827,37.469],[30.836,37.451],[30.855,37.433],[30.855,37.428]]]}},{"type":"Feature","properties":{"name":"Sredny Yegorlyk","rank":10,"kind":"River","src":"ne_10m_rivers_europe"},"geometry":{"type":"MultiLineString","coordinates":[[[42.08,44.775],[42.074,44.8],[42.072,44.82],[42.078,44.843],[42.076,44.857],[42.061,44.873],[42.005,44.901],[41.964,44.925],[41.94,44.931],[41.914,44.932],[41.886,44.929],[41.852,44.93],[41.81,44.941],[41.768,44.958],[41.737,44.973],[41.716,44.988],[41.689,45.023],[41.67,45.041],[41.642,45.06],[41.574,45.096],[41.551,45.115],[41.537,45.137],[41.527,45.163],[41.524,45.185],[41.528,45.197],[41.526,45.207],[41.491,45.244],[41.483,45.263],[41.489,45.279],[41.52,45.313],[41.528,45.329],[41.532,45.35],[41.541,45.377],[41.56,45.406],[41.585,45.43],[41.643,45.475],[41.678,45.497],[41.77,45.537],[41.802,45.556],[41.819,45.572],[41.828,45.584],[41.841,45.597],[41.867,45.612],[41.899,45.637],[41.927,45.673],[41.938,45.717],[41.929,45.758],[41.904,45.791],[41.875,45.817],[41.842,45.833],[41.809,45.843],[41.776,45.846],[41.692,45.838],[41.67,45.84],[41.642,45.849],[41.604,45.846],[41.46,45.869],[41.414,45.884],[41.358,45.896],[41.341,45.909],[41.331,45.92],[41.316,45.929],[41.315,45.947],[41.31,45.971],[41.294,45.993],[41.278,46.011],[41.271,46.026],[41.274,46.039],[41.293,46.064],[41.304,46.08],[41.356,46.088],[41.386,46.098],[41.397,46.096],[41.414,46.097],[41.471,46.119],[41.49,46.122],[41.506,46.122],[41.53,46.126],[41.594,46.147],[41.609,46.14],[41.626,46.144],[41.648,46.156],[41.647,46.167],[41.659,46.178],[41.677,46.186],[41.693,46.195],[41.702,46.202],[41.712,46.209],[41.726,46.214],[41.733,46.232],[41.773,46.274],[41.809,46.325],[41.85,46.37],[41.859,46.388],[41.869,46.401],[41.909,46.416],[41.919,46.43],[41.917,46.447],[41.907,46.463],[41.9,46.479],[41.912,46.512],[41.908,46.527],[41.896,46.535],[41.87,46.534],[41.844,46.554],[41.798,46.562],[41.756,46.593],[41.702,46.609],[41.679,46.625],[41.657,46.65],[41.632,46.683],[41.605,46.725]],[[40.777,47.119],[40.735,47.129],[40.719,47.14],[40.688,47.185],[40.665,47.204],[40.638,47.211],[40.615,47.206],[40.595,47.196],[40.573,47.19],[40.553,47.189],[40.514,47.198],[40.47,47.206],[40.43,47.221],[40.365,47.226],[40.301,47.24],[40.269,47.242],[40.236,47.235]]]}},{"type":"Feature","properties":{"name":"","rank":12,"kind":"River","src":"ne_10m_rivers_europe"},"geometry":{"type":"MultiLineString","coordinates":[[[41.832,36.348],[41.844,36.346],[41.855,36.336],[41.865,36.315],[41.872,36.289],[41.875,36.265],[41.887,36.239],[41.99,36.124],[42.022,36.101],[42.055,36.086],[42.08,36.081],[42.097,36.079],[42.109,36.075],[42.123,36.073],[42.169,36.083],[42.19,36.084],[42.211,36.079],[42.26,36.059],[42.324,36.044],[42.419,36.011],[42.528,35.987],[42.567,35.967],[42.588,35.944],[42.597,35.926],[42.6,35.913],[42.617,35.891],[42.651,35.842],[42.675,35.819],[42.702,35.801],[42.73,35.786],[42.753,35.768],[42.77,35.742],[42.766,35.714],[42.743,35.69],[42.719,35.67],[42.711,35.652],[42.722,35.636],[42.764,35.603],[42.789,35.562],[42.812,35.537],[42.84,35.513],[42.884,35.482],[42.897,35.467],[42.901,35.452],[42.891,35.424],[42.889,35.403],[42.893,35.381],[42.902,35.363],[42.917,35.347],[42.936,35.332],[42.95,35.315],[42.954,35.297],[42.954,35.281],[42.954,35.264],[42.954,35.264]]]}},{"type":"Feature","properties":{"name":"","rank":10,"kind":"River","src":"ne_10m_rivers_europe"},"geometry":{"type":"MultiLineString","coordinates":[[[48.18,51.386],[48.205,51.368],[48.223,51.35],[48.231,51.333],[48.229,51.317],[48.223,51.301],[48.211,51.287],[48.182,51.267],[48.171,51.255],[48.155,51.246],[48.128,51.241],[48.095,51.23],[48.062,51.203],[48.041,51.169],[48.04,51.138],[48.054,51.115],[48.077,51.089],[48.076,51.078],[48.063,51.07],[48.046,51.064],[48.018,51.062],[47.983,51.064],[47.949,51.064],[47.899,51.045],[47.824,51.037],[47.781,51.029],[47.749,51.019],[47.734,51.007],[47.723,50.993],[47.701,50.976],[47.676,50.963],[47.645,50.954],[47.62,50.943],[47.597,50.922],[47.585,50.894],[47.578,50.869],[47.565,50.856],[47.554,50.849],[47.552,50.829],[47.545,50.818],[47.53,50.809],[47.494,50.801],[47.484,50.786],[47.45,50.762],[47.444,50.749],[47.45,50.737],[47.461,50.728],[47.469,50.715],[47.465,50.689],[47.458,50.66],[47.456,50.637],[47.461,50.619],[47.473,50.604],[47.488,50.595],[47.505,50.59],[47.519,50.584],[47.533,50.556],[47.543,50.551],[47.559,50.548],[47.58,50.539],[47.604,50.52],[47.627,50.49],[47.652,50.446],[47.654,50.416],[47.69,50.387],[47.734,50.37],[47.749,50.361],[47.76,50.347],[47.766,50.337],[47.776,50.33],[47.796,50.325],[47.808,50.32],[47.854,50.285],[47.874,50.267],[47.913,50.244],[47.953,50.205],[47.993,50.182],[48.0,50.17],[48.005,50.156],[48.012,50.142],[48.024,50.132],[48.074,50.106],[48.099,50.109],[48.183,50.092],[48.202,50.082],[48.211,50.071],[48.213,50.052],[48.22,50.038],[48.238,50.022],[48.264,50.006],[48.288,49.988],[48.298,49.968],[48.314,49.947],[48.348,49.927],[48.404,49.908],[48.413,49.903],[48.429,49.881],[48.452,49.871],[48.47,49.855],[48.499,49.838],[48.573,49.819],[48.592,49.808],[48.594,49.795],[48.592,49.783],[48.631,49.769],[48.657,49.754],[48.68,49.759],[48.699,49.76],[48.72,49.755],[48.74,49.748],[48.753,49.736],[48.762,49.707],[48.774,49.689],[48.797,49.67],[48.824,49.652],[48.861,49.635],[48.948,49.603],[48.982,49.588],[49.007,49.568],[49.045,49.515],[49.068,49.496],[49.099,49.485],[49.17,49.472],[49.187,49.463],[49.197,49.454],[49.228,49.437],[49.236,49.428],[49.234,49.415],[49.214,49.383],[49.208,49.368],[49.214,49.352],[49.251,49.317],[49.258,49.306],[49.268,49.297],[49.295,49.284],[49.327,49.274],[49.349,49.271],[49.362,49.276],[49.369,49.284],[49.379,49.291],[49.399,49.295],[49.43,49.293],[49.464,49.288],[49.493,49.279],[49.515,49.268],[49.53,49.248],[49.559,49.195],[49.573,49.185],[49.585,49.183],[49.595,49.175],[49.598,49.16],[49.589,49.122],[49.592,49.106],[49.603,49.098],[49.633,49.092],[49.659,49.083],[49.68,49.067],[49.688,49.048],[49.682,49.03],[49.664,49.005],[49.669,48.978],[49.663,48.956],[49.665,48.942],[49.663,48.928],[49.638,48.911],[49.637,48.9],[49.649,48.89],[49.683,48.868],[49.694,48.852],[49.695,48.837],[49.684,48.817],[49.686,48.801],[49.684,48.786],[49.672,48.777],[49.654,48.771],[49.639,48.764],[49.632,48.752],[49.634,48.736],[49.643,48.724],[49.651,48.717],[49.658,48.708],[49.671,48.667],[49.682,48.652],[49.702,48.644],[49.763,48.637],[49.806,48.628],[49.86,48.628],[49.878,48.625],[49.89,48.617],[49.902,48.602],[49.907,48.583],[49.897,48.545],[49.901,48.534],[49.899,48.521],[49.879,48.499],[49.85,48.475],[49.807,48.444],[49.795,48.429],[49.793,48.411],[49.802,48.389],[49.819,48.362],[49.834,48.33],[49.854,48.302],[49.878,48.285],[49.903,48.274],[49.926,48.26],[49.94,48.248],[49.946,48.237],[49.922,48.215],[49.94,48.197],[49.967,48.186],[49.992,48.173],[50.004,48.156],[50.008,48.141],[50.022,48.124],[50.025,48.109],[50.041,48.092],[50.121,48.071],[50.144,48.054],[50.164,48.031],[50.227,47.979],[50.234,47.963],[50.214,47.953],[50.141,47.933],[50.116,47.922],[50.103,47.907],[50.091,47.889],[50.085,47.869],[50.087,47.833],[50.082,47.811],[50.088,47.783],[50.1,47.757],[50.112,47.745],[50.125,47.739],[50.157,47.712],[50.178,47.706],[50.197,47.704],[50.212,47.698],[50.223,47.682],[50.24,47.626],[50.253,47.615],[50.272,47.612],[50.313,47.589],[50.349,47.574],[50.381,47.544],[50.396,47.538],[50.41,47.528],[50.433,47.484],[50.443,47.476],[50.441,47.449],[50.428,47.426],[50.412,47.41],[50.391,47.403],[50.338,47.396],[50.314,47.39],[50.297,47.38],[50.275,47.348],[50.262,47.336],[50.245,47.328],[50.199,47.319],[50.156,47.301],[50.139,47.298],[50.13,47.294],[50.126,47.284],[50.13,47.273],[50.151,47.262],[50.164,47.251],[50.172,47.236],[50.175,47.221],[50.18,47.212],[50.215,47.215],[50.244,47.213],[50.275,47.2],[50.302,47.176],[50.319,47.147],[50.327,47.121],[50.326,47.094],[50.321,47.062],[50.32,47.036],[50.33,47.028],[50.349,47.027],[50.369,47.022],[50.386,47.011],[50.403,46.983],[50.423,46.972],[50.446,46.966],[50.477,46.966],[50.49,46.96],[50.496,46.948],[50.492,46.937],[50.481,46.925],[50.462,46.886]]]}},{"type":"Feature","properties":{"name":"Beisug","rank":11,"kind":"River","src":"ne_10m_rivers_europe"},"geometry":{"type":"MultiLineString","coordinates":[[[41.041,45.459],[40.892,45.465],[40.855,45.469],[40.84,45.477],[40.824,45.49],[40.812,45.508],[40.802,45.543],[40.789,45.549],[40.765,45.549],[40.697,45.555],[40.631,45.555],[40.576,45.558],[40.522,45.565],[40.486,45.573],[40.462,45.587],[40.412,45.627],[40.368,45.652],[40.356,45.664],[40.344,45.673],[40.322,45.677],[40.294,45.688],[40.266,45.713],[40.237,45.743],[40.208,45.768],[40.18,45.785],[40.134,45.801],[40.098,45.816],[40.066,45.815],[40.054,45.827],[40.037,45.832],[40.01,45.844],[39.943,45.897],[39.907,45.923],[39.872,45.94],[39.822,45.959],[39.809,45.973],[39.757,46.0],[39.736,46.022],[39.69,46.036],[39.641,46.065],[39.629,46.07],[39.597,46.11],[39.585,46.119],[39.572,46.119],[39.537,46.108],[39.477,46.122],[39.453,46.122],[39.408,46.115],[39.318,46.12],[39.263,46.114],[39.236,46.117],[39.208,46.109],[39.164,46.115],[39.126,46.11],[39.09,46.12],[39.079,46.119],[39.062,46.113],[39.031,46.107],[38.996,46.107],[38.971,46.115],[38.956,46.127],[38.948,46.139],[38.908,46.146],[38.882,46.152],[38.858,46.155],[38.843,46.148],[38.83,46.139],[38.812,46.137],[38.79,46.145],[38.753,46.171],[38.753,46.171]],[[38.413,46.192],[38.406,46.176]],[[38.706,46.181],[38.672,46.195]],[[38.61,46.194],[38.599,46.191],[38.557,46.245],[38.542,46.251],[38.528,46.251],[38.514,46.259],[38.496,46.264],[38.472,46.262],[38.444,46.248]]]}},{"type":"Feature","properties":{"name":"Sebes Koros","rank":12,"kind":"River","src":"ne_10m_rivers_europe"},"geometry":{"type":"MultiLineString","coordinates":[[[22.853,46.717],[22.875,46.715],[22.889,46.722],[22.899,46.737],[22.9,46.762],[22.894,46.796],[22.883,46.825],[22.867,46.849],[22.872,46.864],[22.874,46.887],[22.865,46.913],[22.847,46.936],[22.829,46.952],[22.81,46.959],[22.773,46.961],[22.731,46.965],[22.716,46.956],[22.678,46.952],[22.654,46.936],[22.639,46.931],[22.61,46.935],[22.566,46.949],[22.529,46.969],[22.516,46.988],[22.513,47.006],[22.502,47.025],[22.48,47.041],[22.452,47.052],[22.426,47.058],[22.331,47.065],[22.279,47.072],[22.21,47.085],[22.071,47.074],[21.991,47.059],[21.959,47.059],[21.887,47.082],[21.792,47.093],[21.765,47.088],[21.687,47.045],[21.638,47.029],[21.592,47.016],[21.556,47.002],[21.52,46.99],[21.474,46.985],[21.421,46.984],[21.354,46.989],[21.225,46.988],[21.181,46.996],[21.156,46.996],[21.121,46.987],[21.045,46.949],[21.01,46.936],[20.977,46.93]]]}},{"type":"Feature","properties":{"name":"","rank":12,"kind":"River","src":"ne_10m_rivers_europe"},"geometry":{"type":"MultiLineString","coordinates":[[[37.822,48.139],[37.777,48.175],[37.767,48.189],[37.771,48.2],[37.801,48.221],[37.823,48.244],[37.838,48.253],[37.85,48.268],[37.851,48.296],[37.839,48.33],[37.818,48.363],[37.796,48.389],[37.78,48.404],[37.774,48.414],[37.779,48.429],[37.78,48.45],[37.766,48.477],[37.745,48.502],[37.726,48.52],[37.704,48.532],[37.652,48.556],[37.618,48.583],[37.581,48.605],[37.56,48.623],[37.541,48.643],[37.527,48.663],[37.525,48.679],[37.532,48.692],[37.544,48.706],[37.554,48.727],[37.56,48.75],[37.564,48.788],[37.571,48.803],[37.583,48.815],[37.616,48.832],[37.655,48.86],[37.713,48.879],[37.738,48.891],[37.762,48.898]]]}},{"type":"Feature","properties":{"name":"Yantra","rank":12,"kind":"River","src":"ne_10m_rivers_europe"},"geometry":{"type":"MultiLineString","coordinates":[[[25.213,42.834],[25.227,42.824],[25.241,42.819],[25.258,42.824],[25.276,42.833],[25.303,42.841],[25.313,42.848],[25.32,42.863],[25.325,42.907],[25.332,42.937],[25.322,42.953],[25.318,42.967],[25.325,42.981],[25.369,43.003],[25.425,43.061],[25.447,43.078],[25.474,43.083],[25.515,43.085],[25.551,43.082],[25.58,43.07],[25.6,43.069],[25.622,43.073],[25.636,43.083],[25.638,43.094],[25.626,43.114],[25.624,43.13],[25.638,43.146],[25.671,43.159],[25.707,43.164],[25.732,43.159],[25.747,43.152],[25.763,43.148],[25.785,43.152],[25.813,43.162],[25.833,43.177],[25.835,43.194],[25.821,43.208],[25.799,43.218],[25.776,43.221],[25.745,43.216],[25.728,43.219],[25.715,43.228],[25.708,43.24],[25.699,43.256]]]}},{"type":"Feature","properties":{"name":"Manych","rank":11,"kind":"River","src":"ne_10m_rivers_europe"},"geometry":{"type":"MultiLineString","coordinates":[[[42.342,46.54],[42.248,46.562]],[[41.951,46.57],[41.917,46.572],[41.884,46.568],[41.844,46.554]]]}},{"type":"Feature","properties":{"name":"Manych","rank":11,"kind":"River","src":"ne_10m_rivers_europe"},"geometry":{"type":"MultiLineString","coordinates":[[[44.302,46.103],[44.315,46.096],[44.324,46.088],[44.335,46.062],[44.352,46.047],[44.361,46.033],[44.351,46.024],[44.333,46.017],[44.323,46.007],[44.327,45.993],[44.341,45.978],[44.37,45.959],[44.45,45.918],[44.477,45.901],[44.487,45.888],[44.484,45.878],[44.47,45.875],[44.43,45.882],[44.407,45.883],[44.389,45.879],[44.377,45.873],[44.357,45.868],[44.274,45.863],[44.231,45.858],[44.195,45.856],[44.143,45.868],[44.102,45.87],[44.044,45.893],[43.974,45.905],[43.95,45.911],[43.935,45.921],[43.915,45.946],[43.879,45.958],[43.867,45.965],[43.847,45.97],[43.774,45.975],[43.733,45.985],[43.705,45.988],[43.616,45.981],[43.575,45.991]]]}},{"type":"Feature","properties":{"name":"","rank":11,"kind":"River","src":"ne_10m_rivers_europe"},"geometry":{"type":"MultiLineString","coordinates":[[[42.819,44.753],[42.853,44.761],[42.89,44.761],[42.932,44.749],[42.972,44.734],[43.006,44.726],[43.044,44.733],[43.153,44.778],[43.214,44.797],[43.262,44.805],[43.288,44.806],[43.316,44.796],[43.424,44.767],[43.479,44.75],[43.503,44.746],[43.533,44.747],[43.611,44.759],[43.64,44.757],[43.717,44.723],[43.774,44.705],[43.836,44.699],[43.891,44.699],[43.931,44.693],[44.028,44.668],[44.051,44.672],[44.092,44.679]]]}},{"type":"Feature","properties":{"name":"","rank":11,"kind":"River","src":"ne_10m_rivers_europe"},"geometry":{"type":"MultiLineString","coordinates":[[[41.68,40.235],[41.718,40.236],[41.753,40.231],[41.787,40.231],[41.821,40.242],[41.848,40.262],[41.865,40.282],[41.875,40.3],[41.904,40.334],[41.923,40.365],[41.952,40.431],[41.974,40.455],[41.98,40.468],[41.977,40.481],[41.952,40.504],[41.95,40.514],[41.971,40.534],[42.016,40.568],[42.071,40.605],[42.144,40.648],[42.153,40.661],[42.157,40.68],[42.181,40.747],[42.182,40.768],[42.171,40.778],[42.155,40.784],[42.132,40.785],[42.069,40.775],[42.024,40.773],[41.986,40.775],[41.951,40.78],[41.901,40.767],[41.842,40.765],[41.824,40.761],[41.797,40.763],[41.749,40.774],[41.698,40.791],[41.664,40.807],[41.632,40.825]]]}},{"type":"Feature","properties":{"name":"","rank":11,"kind":"River","src":"ne_10m_rivers_europe"},"geometry":{"type":"MultiLineString","coordinates":[[[34.868,37.938],[34.856,37.951],[34.846,37.966],[34.838,37.984],[34.837,38.003],[34.842,38.02],[34.842,38.038],[34.829,38.061],[34.804,38.074],[34.774,38.068],[34.749,38.05],[34.735,38.034],[34.724,38.017],[34.705,37.996],[34.676,37.972],[34.641,37.948],[34.572,37.911],[34.551,37.903],[34.54,37.902],[34.527,37.908],[34.502,37.916],[34.472,37.918],[34.445,37.911],[34.426,37.896],[34.414,37.878],[34.404,37.857],[34.39,37.833],[34.369,37.811],[34.3,37.762],[34.26,37.756],[34.209,37.734],[34.154,37.73],[34.115,37.722],[34.083,37.709],[34.066,37.695],[34.056,37.68],[34.039,37.663],[34.019,37.652],[34.0,37.651],[33.983,37.653],[33.967,37.65],[33.952,37.638],[33.938,37.616],[33.918,37.592],[33.866,37.564],[33.857,37.552],[33.853,37.54],[33.825,37.521],[33.812,37.509],[33.798,37.501],[33.779,37.502],[33.764,37.513],[33.757,37.528],[33.755,37.543],[33.749,37.554],[33.736,37.558],[33.699,37.559],[33.686,37.577],[33.671,37.592],[33.649,37.599],[33.626,37.593],[33.601,37.579],[33.575,37.571],[33.553,37.57],[33.537,37.579],[33.528,37.592],[33.522,37.611],[33.515,37.628]]]}},{"type":"Feature","properties":{"name":"Maritsa","rank":10,"kind":"River","src":"ne_10m_rivers_europe"},"geometry":{"type":"MultiLineString","coordinates":[[[24.357,42.649],[24.346,42.677],[24.343,42.694],[24.323,42.709],[24.299,42.71],[24.274,42.708],[24.253,42.703],[24.224,42.687],[24.183,42.677],[24.152,42.665],[24.129,42.665],[24.096,42.66],[24.057,42.64],[24.024,42.615],[24.003,42.594],[23.997,42.574],[24.0,42.531],[23.993,42.49],[24.0,42.456],[24.0,42.436],[24.011,42.414],[24.04,42.392],[24.078,42.375],[24.112,42.363],[24.142,42.35],[24.171,42.329],[24.2,42.305],[24.275,42.253],[24.288,42.237],[24.305,42.196]]]}},{"type":"Feature","properties":{"name":"","rank":12,"kind":"River","src":"ne_10m_rivers_europe"},"geometry":{"type":"MultiLineString","coordinates":[[[53.942,44.154],[53.964,44.184],[53.986,44.208],[54.027,44.232],[54.033,44.241],[54.038,44.252],[54.051,44.267],[54.069,44.279],[54.098,44.29],[54.107,44.303],[54.111,44.321],[54.111,44.341],[54.114,44.358],[54.141,44.38],[54.17,44.43],[54.22,44.477],[54.244,44.513],[54.256,44.524],[54.271,44.525],[54.302,44.513],[54.338,44.513],[54.351,44.51],[54.365,44.51],[54.412,44.527],[54.443,44.527],[54.473,44.524],[54.501,44.525],[54.523,44.531],[54.541,44.54],[54.555,44.554],[54.579,44.596],[54.606,44.622],[54.619,44.641],[54.626,44.66],[54.628,44.674],[54.638,44.689],[54.695,44.736],[54.701,44.754],[54.7,44.767],[54.735,44.802],[54.738,44.826],[54.731,44.862],[54.727,44.897],[54.74,44.921],[54.756,44.938],[54.765,44.977],[54.797,45.019],[54.803,45.033],[54.796,45.042],[54.78,45.047],[54.754,45.047],[54.695,45.038],[54.669,45.042],[54.651,45.051],[54.641,45.06],[54.639,45.062]]]}},{"type":"Feature","properties":{"name":"","rank":12,"kind":"River","src":"ne_10m_rivers_europe"},"geometry":{"type":"MultiLineString","coordinates":[[[47.321,47.592],[47.328,47.603],[47.351,47.616],[47.384,47.625],[47.417,47.622],[47.447,47.609],[47.493,47.579],[47.536,47.584],[47.579,47.579],[47.622,47.567],[47.666,47.545],[47.684,47.541],[47.704,47.531],[47.757,47.482],[47.784,47.464],[47.807,47.444],[47.823,47.413],[47.827,47.385],[47.82,47.374],[47.812,47.367],[47.812,47.352],[47.82,47.337],[47.835,47.323],[47.838,47.294],[47.835,47.259],[47.827,47.232],[47.825,47.213],[47.836,47.199],[47.852,47.187],[47.86,47.174],[47.859,47.163],[47.847,47.149],[47.862,47.132],[47.909,47.119],[47.939,47.108],[47.993,47.081],[48.008,47.068],[48.011,47.058],[48.01,47.047],[48.013,47.03],[48.024,47.013],[48.061,46.989],[48.076,46.971],[48.082,46.945],[48.079,46.913],[48.074,46.885],[48.075,46.856],[48.069,46.84],[48.052,46.826],[47.999,46.81],[47.981,46.795],[47.978,46.775],[47.987,46.752],[47.99,46.732]]]}},{"type":"Feature","properties":{"name":"Mesta","rank":10,"kind":"River","src":"ne_10m_rivers_europe"},"geometry":{"type":"MultiLineString","coordinates":[[[23.767,42.162],[23.767,42.145],[23.736,42.106],[23.728,42.081],[23.714,42.057],[23.681,42.035],[23.643,42.015],[23.616,41.992],[23.599,41.965],[23.584,41.931],[23.577,41.9],[23.579,41.878],[23.599,41.855],[23.635,41.824],[23.671,41.785],[23.692,41.745],[23.704,41.712],[23.72,41.691],[23.732,41.68],[23.738,41.658],[23.749,41.631],[23.773,41.598],[23.807,41.568],[23.844,41.545],[23.875,41.528],[23.955,41.501],[23.984,41.484],[24.006,41.475],[24.029,41.462],[24.044,41.443],[24.054,41.422],[24.066,41.405],[24.089,41.39],[24.124,41.373],[24.176,41.355],[24.238,41.336],[24.291,41.328],[24.32,41.332],[24.335,41.345],[24.354,41.358],[24.38,41.364],[24.414,41.363],[24.446,41.352],[24.469,41.336],[24.478,41.318],[24.478,41.29],[24.484,41.279],[24.5,41.273],[24.549,41.267],[24.57,41.261],[24.611,41.232],[24.636,41.217],[24.664,41.212],[24.684,41.205],[24.69,41.187],[24.688,41.163],[24.691,41.143],[24.705,41.127],[24.733,41.112],[24.753,41.091],[24.75,41.061],[24.738,41.026],[24.738,40.994],[24.749,40.965],[24.788,40.903],[24.791,40.888],[24.789,40.875],[24.784,40.859]]]}},{"type":"Feature","properties":{"name":"Khrami","rank":10,"kind":"River","src":"ne_10m_rivers_europe"},"geometry":{"type":"MultiLineString","coordinates":[[[44.074,41.621],[44.105,41.608],[44.125,41.599],[44.129,41.583],[44.125,41.567],[44.128,41.556],[44.14,41.554],[44.183,41.56],[44.213,41.56],[44.239,41.554],[44.255,41.545],[44.257,41.529],[44.24,41.489],[44.237,41.475],[44.26,41.464],[44.278,41.464],[44.31,41.473],[44.346,41.474],[44.386,41.489],[44.449,41.495],[44.464,41.5],[44.475,41.507],[44.494,41.512],[44.526,41.513],[44.606,41.501],[44.645,41.498],[44.676,41.492],[44.728,41.454],[44.777,41.432],[44.834,41.416],[44.933,41.395],[44.956,41.386],[45.045,41.351],[45.067,41.343],[45.102,41.337]],[[43.602,41.695],[43.646,41.714],[43.742,41.708],[43.797,41.693],[43.834,41.685],[43.868,41.672],[43.889,41.649],[43.902,41.627],[43.914,41.613],[43.942,41.612],[43.989,41.619]]]}},{"type":"Feature","properties":{"name":"\u00c7oruh","rank":10,"kind":"River","src":"ne_10m_rivers_europe"},"geometry":{"type":"MultiLineString","coordinates":[[[41.111,40.377],[41.08,40.375],[41.049,40.363],[41.0,40.328],[40.981,40.329],[40.954,40.338],[40.914,40.342],[40.866,40.331],[40.819,40.307],[40.778,40.282],[40.744,40.269],[40.714,40.262],[40.683,40.253],[40.655,40.239],[40.632,40.223],[40.609,40.211],[40.582,40.206],[40.532,40.204],[40.457,40.196],[40.376,40.193],[40.314,40.201],[40.274,40.22],[40.245,40.241],[40.233,40.269],[40.232,40.302],[40.24,40.334],[40.251,40.36],[40.264,40.377],[40.28,40.388],[40.303,40.392],[40.368,40.387],[40.428,40.391],[40.475,40.388],[40.576,40.404],[40.616,40.407],[40.667,40.408],[40.69,40.422],[40.731,40.428],[40.771,40.444],[40.877,40.45],[40.943,40.462],[40.977,40.481],[41.062,40.557],[41.106,40.582],[41.147,40.602],[41.182,40.627],[41.229,40.664],[41.252,40.674],[41.287,40.684],[41.36,40.7],[41.392,40.714],[41.423,40.729],[41.445,40.745],[41.483,40.755],[41.493,40.764],[41.502,40.779],[41.521,40.799],[41.552,40.815],[41.632,40.825],[41.666,40.839],[41.688,40.857],[41.705,40.885],[41.732,40.901],[41.749,40.917],[41.761,40.939],[41.766,40.989],[41.781,41.02],[41.796,41.046],[41.805,41.074],[41.817,41.091],[41.837,41.109],[41.884,41.136],[41.896,41.149],[41.893,41.163],[41.882,41.176],[41.865,41.186],[41.836,41.192],[41.814,41.204],[41.795,41.224],[41.773,41.272],[41.754,41.3],[41.734,41.322],[41.705,41.342],[41.691,41.356],[41.683,41.373],[41.686,41.388],[41.695,41.409],[41.705,41.438],[41.711,41.47],[41.71,41.517],[41.713,41.535],[41.701,41.554],[41.665,41.578],[41.622,41.598],[41.602,41.619]]]}},{"type":"Feature","properties":{"name":"","rank":10,"kind":"River","src":"ne_10m_rivers_europe"},"geometry":{"type":"MultiLineString","coordinates":[[[41.997,35.863],[41.998,35.839],[42.001,35.818],[42.008,35.799],[42.008,35.779],[41.992,35.757],[41.97,35.743],[41.94,35.742],[41.924,35.727],[41.897,35.676],[41.881,35.663],[41.857,35.666],[41.835,35.671],[41.823,35.665],[41.824,35.649],[41.831,35.631],[41.849,35.613],[41.877,35.6],[41.893,35.585],[41.881,35.566],[41.865,35.546],[41.871,35.531],[41.887,35.519],[41.896,35.507],[41.911,35.502],[41.974,35.512],[42.01,35.509],[42.033,35.496],[42.04,35.475],[42.041,35.447],[42.048,35.417],[42.067,35.401],[42.095,35.407],[42.123,35.424],[42.157,35.437],[42.176,35.452],[42.202,35.453],[42.267,35.474],[42.348,35.483],[42.38,35.493],[42.401,35.505],[42.41,35.515],[42.42,35.521],[42.445,35.524],[42.48,35.519],[42.517,35.507],[42.582,35.468],[42.607,35.448],[42.626,35.427],[42.655,35.404],[42.756,35.345],[42.838,35.285],[42.873,35.272],[42.902,35.271],[42.935,35.274],[42.949,35.27],[42.965,35.251],[42.999,35.186],[43.012,35.172],[43.023,35.167],[43.033,35.158],[43.038,35.146],[43.037,35.128],[43.057,35.103],[43.066,35.086],[43.069,35.072],[43.061,35.052],[43.058,35.032],[43.062,35.004],[43.078,34.955],[43.078,34.93],[43.083,34.912],[43.083,34.887],[43.073,34.858],[43.059,34.83],[43.053,34.808],[43.055,34.794],[43.062,34.778],[43.052,34.755],[43.062,34.735],[43.063,34.681],[43.071,34.638],[43.083,34.6],[43.093,34.579],[43.088,34.559],[43.08,34.541],[43.082,34.518],[43.086,34.496],[43.082,34.463],[43.083,34.404],[43.073,34.365],[43.086,34.349]]]}},{"type":"Feature","properties":{"name":"Sakarya","rank":11,"kind":"River","src":"ne_10m_rivers_europe"},"geometry":{"type":"MultiLineString","coordinates":[[[30.724,39.02],[30.704,39.037],[30.686,39.055],[30.672,39.076],[30.667,39.098],[30.674,39.137],[30.669,39.157],[30.641,39.196],[30.625,39.211],[30.609,39.22],[30.593,39.234],[30.578,39.26],[30.571,39.288],[30.572,39.304],[30.579,39.319],[30.585,39.343],[30.597,39.372],[30.619,39.4],[30.682,39.461],[30.712,39.478],[30.72,39.488],[30.733,39.497],[30.783,39.51],[30.805,39.52],[30.821,39.536],[30.836,39.554],[30.855,39.57],[30.882,39.578],[30.913,39.572],[30.941,39.554],[30.963,39.534],[30.989,39.515],[31.0,39.484],[31.012,39.468],[31.043,39.452],[31.182,39.401],[31.193,39.401],[31.212,39.399],[31.248,39.386],[31.313,39.356],[31.325,39.34],[31.332,39.317],[31.343,39.29],[31.365,39.268],[31.39,39.257],[31.42,39.253],[31.456,39.219],[31.48,39.209],[31.502,39.205],[31.536,39.193],[31.564,39.19],[31.593,39.192],[31.63,39.204],[31.651,39.205],[31.673,39.198],[31.708,39.17],[31.723,39.166],[31.759,39.163]]]}},{"type":"Feature","properties":{"name":"Acheloos","rank":10,"kind":"River","src":"ne_10m_rivers_europe"},"geometry":{"type":"MultiLineString","coordinates":[[[21.369,38.75],[21.342,38.729],[21.332,38.7],[21.317,38.673],[21.294,38.658],[21.271,38.651],[21.258,38.644],[21.256,38.633],[21.265,38.598],[21.255,38.579],[21.251,38.561],[21.252,38.542],[21.257,38.529],[21.258,38.517],[21.253,38.496],[21.25,38.472],[21.259,38.453],[21.263,38.433],[21.252,38.412],[21.228,38.398],[21.184,38.396],[21.159,38.373],[21.147,38.372],[21.125,38.38]],[[21.514,38.89],[21.482,38.885],[21.446,38.877],[21.431,38.865],[21.421,38.847],[21.417,38.825],[21.417,38.801]],[[21.323,39.677],[21.336,39.661],[21.339,39.648],[21.328,39.637],[21.308,39.627],[21.287,39.612],[21.277,39.59],[21.278,39.568],[21.289,39.556],[21.304,39.544],[21.317,39.522],[21.315,39.495],[21.271,39.444],[21.268,39.415],[21.281,39.389],[21.296,39.374],[21.319,39.368],[21.35,39.365],[21.383,39.355],[21.408,39.334],[21.421,39.309],[21.423,39.291],[21.409,39.273],[21.383,39.249],[21.366,39.218],[21.372,39.184],[21.394,39.153],[21.415,39.13],[21.425,39.111],[21.421,39.088],[21.407,39.066],[21.381,39.041],[21.378,39.031],[21.399,39.026]]]}},{"type":"Feature","properties":{"name":"","rank":11,"kind":"River","src":"ne_10m_rivers_europe"},"geometry":{"type":"MultiLineString","coordinates":[[[44.371,38.324],[44.348,38.317],[44.328,38.304],[44.309,38.288],[44.292,38.268],[44.278,38.247],[44.27,38.229],[44.269,38.218],[44.257,38.199],[44.192,38.128],[44.159,38.077],[44.12,38.027],[44.104,38.0],[44.097,37.966],[44.099,37.925],[44.11,37.858],[44.107,37.844],[44.098,37.836],[44.089,37.82],[44.083,37.751],[44.078,37.731],[44.064,37.722],[44.04,37.715],[43.923,37.7],[43.905,37.685],[43.855,37.63],[43.832,37.616],[43.811,37.609],[43.792,37.598],[43.771,37.578],[43.725,37.521],[43.704,37.503],[43.683,37.495],[43.658,37.493],[43.604,37.499],[43.575,37.499],[43.545,37.493],[43.52,37.478],[43.502,37.459],[43.495,37.438],[43.492,37.421],[43.497,37.406],[43.513,37.385],[43.51,37.364],[43.521,37.335],[43.52,37.315],[43.525,37.302],[43.539,37.292],[43.559,37.286],[43.573,37.274],[43.57,37.221],[43.584,37.202],[43.61,37.186],[43.639,37.164],[43.658,37.136],[43.663,37.071],[43.677,37.053],[43.703,37.046],[43.733,37.043],[43.774,37.034],[43.879,36.996],[43.924,36.987],[43.952,36.969],[44.001,36.942],[44.026,36.916],[44.049,36.896],[44.054,36.883],[44.063,36.873],[44.103,36.869],[44.14,36.852],[44.219,36.823],[44.247,36.808],[44.266,36.789],[44.283,36.764],[44.287,36.735],[44.276,36.708],[44.251,36.685],[44.162,36.627],[44.137,36.613],[44.119,36.613],[44.101,36.619],[44.048,36.621],[44.033,36.625],[44.019,36.624],[43.997,36.61],[43.949,36.563],[43.932,36.55],[43.91,36.548],[43.891,36.521],[43.855,36.509],[43.844,36.474],[43.811,36.456],[43.803,36.418],[43.78,36.383],[43.74,36.345],[43.658,36.291],[43.638,36.269],[43.628,36.251],[43.6,36.228],[43.573,36.193],[43.537,36.164],[43.522,36.141],[43.512,36.116],[43.508,36.082],[43.5,36.067],[43.481,36.052],[43.405,36.011],[43.346,35.98]]]}},{"type":"Feature","properties":{"name":"","rank":12,"kind":"River","src":"ne_10m_rivers_europe"},"geometry":{"type":"MultiLineString","coordinates":[[[39.593,47.991],[39.586,47.98],[39.585,47.969],[39.6,47.942],[39.606,47.901],[39.622,47.862],[39.62,47.841],[39.615,47.824],[39.616,47.813],[39.6,47.792],[39.581,47.781],[39.543,47.768],[39.501,47.747],[39.463,47.733],[39.441,47.72],[39.421,47.702],[39.407,47.682],[39.402,47.664],[39.403,47.649],[39.4,47.635],[39.385,47.619],[39.376,47.599],[39.387,47.576],[39.404,47.554],[39.421,47.527],[39.452,47.509],[39.466,47.492],[39.486,47.475],[39.519,47.466],[39.553,47.466],[39.595,47.473],[39.64,47.465],[39.7,47.468],[39.729,47.466],[39.756,47.46],[39.808,47.443],[39.835,47.442],[39.903,47.455],[39.93,47.455],[39.945,47.461],[39.964,47.465],[40.011,47.454],[40.08,47.451],[40.111,47.438],[40.123,47.42],[40.111,47.402],[40.091,47.386],[40.08,47.371],[40.079,47.359],[40.085,47.348],[40.082,47.337],[39.99,47.292],[39.964,47.27],[39.955,47.248],[39.961,47.22]]]}},{"type":"Feature","properties":{"name":"","rank":10,"kind":"River","src":"ne_10m_rivers_europe"},"geometry":{"type":"MultiLineString","coordinates":[[[47.942,41.14],[47.944,41.116],[47.937,41.087],[47.925,41.06],[47.906,41.033],[47.859,40.977],[47.842,40.946],[47.835,40.92],[47.836,40.899],[47.844,40.884],[47.855,40.873],[47.856,40.855],[47.82,40.795],[47.808,40.759],[47.775,40.721],[47.763,40.704],[47.757,40.681],[47.748,40.615],[47.727,40.564],[47.717,40.506],[47.706,40.476],[47.701,40.445],[47.711,40.415],[47.73,40.392],[47.763,40.374],[47.773,40.362],[47.785,40.35],[47.828,40.342],[47.842,40.332],[47.86,40.325],[47.925,40.337],[47.968,40.335],[48.009,40.347],[48.024,40.349],[48.038,40.339],[48.077,40.294],[48.113,40.265],[48.116,40.254],[48.115,40.238],[48.121,40.215],[48.134,40.196],[48.152,40.187],[48.171,40.189],[48.2,40.195],[48.21,40.189],[48.223,40.185],[48.27,40.196],[48.312,40.184],[48.346,40.187],[48.381,40.176],[48.419,40.174],[48.441,40.166],[48.464,40.152],[48.456,40.128],[48.436,40.108],[48.433,40.077],[48.416,40.059],[48.413,40.041]]]}},{"type":"Feature","properties":{"name":"","rank":11,"kind":"River","src":"ne_10m_rivers_europe"},"geometry":{"type":"MultiLineString","coordinates":[[[28.316,47.098],[28.344,47.083],[28.373,47.063],[28.428,47.014],[28.478,46.98],[28.501,46.961],[28.521,46.939],[28.553,46.89],[28.605,46.83],[28.625,46.801],[28.642,46.773],[28.686,46.709],[28.729,46.638],[28.76,46.592],[28.78,46.558],[28.81,46.528],[28.837,46.493],[28.889,46.439],[28.922,46.396],[28.952,46.372],[28.981,46.332],[29.003,46.313],[29.031,46.295],[29.065,46.278],[29.1,46.267],[29.162,46.258],[29.183,46.244],[29.233,46.162],[29.257,46.116],[29.271,46.074],[29.286,46.045],[29.318,46.016],[29.363,45.998],[29.417,45.987],[29.455,45.983],[29.485,45.982],[29.517,45.99],[29.539,45.989],[29.576,46.006],[29.592,46.01],[29.603,46.002],[29.616,45.962],[29.628,45.942],[29.638,45.921],[29.638,45.872],[29.643,45.827]]]}},{"type":"Feature","properties":{"name":"","rank":12,"kind":"River","src":"ne_10m_rivers_europe"},"geometry":{"type":"MultiLineString","coordinates":[[[22.794,47.04],[22.779,47.051],[22.734,47.071],[22.727,47.085],[22.714,47.097],[22.705,47.11],[22.715,47.121],[22.731,47.131],[22.739,47.142],[22.735,47.154],[22.715,47.179],[22.706,47.203],[22.691,47.216],[22.665,47.226],[22.634,47.233],[22.602,47.234],[22.577,47.232],[22.561,47.24],[22.553,47.265],[22.549,47.292],[22.542,47.308],[22.519,47.313],[22.426,47.319],[22.399,47.326],[22.38,47.332],[22.354,47.336],[22.326,47.336],[22.303,47.333],[22.284,47.326],[22.249,47.306],[22.224,47.3],[22.184,47.277],[22.163,47.268],[22.065,47.253],[22.039,47.246],[21.999,47.244],[21.928,47.25],[21.856,47.263],[21.795,47.282],[21.778,47.28],[21.717,47.263],[21.672,47.24],[21.613,47.232],[21.58,47.222],[21.535,47.215],[21.491,47.202],[21.469,47.199],[21.438,47.188],[21.391,47.163],[21.274,47.087],[21.201,47.045],[21.178,47.023],[21.121,46.987]]]}},{"type":"Feature","properties":{"name":"Sakarya","rank":10,"kind":"River","src":"ne_10m_rivers_europe"},"geometry":{"type":"MultiLineString","coordinates":[[[30.035,38.784],[30.041,38.794],[30.055,38.8],[30.119,38.805],[30.192,38.824],[30.218,38.824],[30.243,38.82],[30.306,38.82],[30.329,38.817],[30.349,38.82],[30.372,38.836],[30.402,38.849],[30.436,38.845],[30.464,38.828],[30.479,38.811],[30.499,38.795],[30.59,38.767],[30.648,38.725],[30.703,38.721],[30.779,38.691],[30.818,38.682],[30.85,38.681],[30.874,38.686],[30.902,38.688],[30.986,38.674],[31.017,38.676],[31.035,38.673],[31.057,38.665],[31.099,38.646],[31.121,38.639],[31.145,38.637],[31.173,38.64],[31.199,38.64],[31.217,38.632],[31.235,38.62],[31.282,38.601],[31.296,38.585],[31.317,38.571]],[[31.504,38.6],[31.568,38.612],[31.605,38.624],[31.634,38.643],[31.642,38.663],[31.641,38.685],[31.649,38.706],[31.667,38.723],[31.712,38.744],[31.735,38.758],[31.758,38.767],[31.783,38.764],[31.806,38.756],[31.838,38.751],[31.847,38.744],[31.857,38.739],[31.873,38.744],[31.888,38.756],[31.903,38.78],[31.915,38.786],[31.929,38.798],[31.944,38.822],[31.954,38.852],[31.96,38.892],[31.982,38.912],[31.983,38.923],[31.969,38.932],[31.916,38.945],[31.867,38.965],[31.854,38.966],[31.844,38.973],[31.831,38.993],[31.827,39.02],[31.839,39.043],[31.851,39.059],[31.849,39.069],[31.844,39.093],[31.835,39.1],[31.82,39.104],[31.805,39.102],[31.79,39.103],[31.774,39.112],[31.761,39.129],[31.754,39.15],[31.759,39.163],[31.8,39.162],[31.817,39.17],[31.829,39.178],[31.862,39.171],[31.885,39.185],[31.938,39.205],[31.948,39.215],[31.956,39.226],[31.978,39.23],[32.0,39.233],[32.024,39.251],[32.043,39.275],[32.036,39.305],[32.004,39.322],[31.983,39.348],[31.983,39.386],[31.975,39.405],[31.985,39.435],[31.99,39.465],[31.991,39.496],[31.98,39.517],[31.965,39.535],[31.961,39.566],[31.953,39.577],[31.962,39.595],[31.97,39.612],[31.971,39.646],[31.983,39.674],[31.987,39.698],[31.986,39.709],[31.985,39.72],[31.976,39.733],[31.962,39.734],[31.935,39.725],[31.934,39.741],[31.95,39.754],[31.959,39.774],[31.947,39.802],[31.917,39.83],[31.904,39.837],[31.88,39.838],[31.867,39.845],[31.852,39.862],[31.845,39.876],[31.812,39.878],[31.782,39.891],[31.757,39.92],[31.743,39.951],[31.739,39.976],[31.726,39.994],[31.727,40.024],[31.705,40.021]],[[31.516,40.026],[31.493,40.022],[31.46,40.03],[31.431,40.024],[31.389,40.057],[31.364,40.055],[31.339,40.048],[31.247,40.058],[31.218,40.065],[31.189,40.062],[31.154,40.068],[31.128,40.075],[31.114,40.073],[31.101,40.068],[31.053,40.061],[31.009,40.041],[30.977,40.038],[30.937,40.044],[30.896,40.057],[30.865,40.074],[30.849,40.088],[30.833,40.093],[30.805,40.087],[30.775,40.077],[30.745,40.075],[30.705,40.06],[30.657,40.053],[30.637,40.043],[30.599,40.041],[30.567,40.035],[30.529,40.032],[30.491,40.039],[30.456,40.05],[30.408,40.06],[30.392,40.08],[30.376,40.089],[30.354,40.092],[30.3,40.09],[30.267,40.093],[30.234,40.105],[30.203,40.123],[30.18,40.145],[30.163,40.168],[30.146,40.187],[30.097,40.208],[30.079,40.222],[30.072,40.237],[30.073,40.265],[30.063,40.306],[30.069,40.322],[30.071,40.337],[30.055,40.356],[30.034,40.376],[30.014,40.41]]]}},{"type":"Feature","properties":{"name":"","rank":12,"kind":"River","src":"ne_10m_rivers_europe"},"geometry":{"type":"MultiLineString","coordinates":[[[42.758,45.761],[42.76,45.777],[42.748,45.791],[42.717,45.802],[42.673,45.812],[42.57,45.842],[42.535,45.85],[42.493,45.873],[42.472,45.881],[42.449,45.893],[42.422,45.915],[42.403,45.943],[42.4,45.969],[42.404,45.991],[42.402,46.011],[42.406,46.028],[42.426,46.045],[42.443,46.063],[42.442,46.085],[42.435,46.114],[42.438,46.149],[42.451,46.183],[42.467,46.208],[42.489,46.225],[42.516,46.238],[42.534,46.252],[42.534,46.271],[42.507,46.278],[42.507,46.278]],[[42.476,46.31],[42.438,46.343],[42.388,46.359]]]}},{"type":"Feature","properties":{"name":"","rank":12,"kind":"River","src":"ne_10m_rivers_europe"},"geometry":{"type":"MultiLineString","coordinates":[[[21.56,47.719],[21.548,47.741],[21.529,47.751],[21.501,47.745],[21.474,47.735],[21.457,47.736],[21.445,47.741],[21.43,47.743],[21.415,47.748],[21.404,47.761],[21.393,47.767],[21.379,47.754],[21.371,47.719],[21.373,47.629],[21.363,47.602],[21.347,47.585],[21.335,47.568],[21.329,47.542],[21.326,47.503],[21.321,47.472],[21.306,47.464],[21.286,47.468],[21.23,47.459],[21.17,47.457],[21.111,47.45],[21.078,47.432],[21.062,47.41],[21.03,47.386],[21.026,47.375],[21.027,47.352],[21.024,47.311],[21.012,47.269],[20.999,47.253],[20.994,47.236],[20.975,47.229],[20.96,47.216],[20.953,47.202],[20.942,47.192],[20.917,47.185],[20.909,47.172],[20.898,47.16],[20.884,47.156],[20.875,47.144],[20.861,47.138],[20.841,47.142],[20.821,47.137],[20.761,47.086],[20.745,47.078],[20.726,47.073],[20.68,47.051],[20.648,47.033],[20.636,47.014],[20.633,46.986],[20.636,46.951]]]}},{"type":"Feature","properties":{"name":"","rank":10,"kind":"River","src":"ne_10m_rivers_europe"},"geometry":{"type":"MultiLineString","coordinates":[[[36.25,33.779],[36.267,33.774],[36.293,33.774],[36.327,33.785],[36.392,33.828],[36.476,33.863],[36.527,33.897],[36.573,33.931],[36.632,33.964],[36.68,34.003],[36.715,34.026],[36.751,34.055],[36.778,34.091],[36.801,34.125],[36.85,34.181],[36.884,34.231],[36.925,34.293],[36.945,34.32],[36.96,34.344],[36.967,34.366],[36.979,34.391],[37.005,34.421],[37.035,34.447],[37.071,34.47],[37.091,34.489],[37.105,34.511],[37.108,34.529],[37.108,34.548],[37.119,34.598],[37.112,34.609],[37.095,34.615],[37.075,34.626],[37.053,34.645],[37.031,34.671],[37.014,34.694],[37.003,34.721],[36.97,34.776],[36.932,34.861],[36.891,34.936],[36.887,34.961],[36.887,34.977],[36.878,35.0],[36.885,35.032],[36.876,35.046],[36.863,35.06],[36.849,35.086],[36.753,35.15],[36.707,35.186],[36.674,35.215],[36.659,35.235],[36.653,35.264],[36.642,35.285],[36.626,35.298],[36.614,35.294],[36.598,35.283],[36.578,35.282],[36.552,35.283],[36.501,35.278],[36.485,35.284],[36.473,35.294],[36.458,35.3],[36.44,35.301],[36.419,35.296],[36.398,35.296],[36.38,35.31],[36.355,35.338],[36.279,35.398],[36.264,35.415],[36.268,35.426],[36.279,35.44],[36.289,35.463],[36.292,35.531],[36.31,35.577],[36.31,35.599],[36.304,35.622],[36.302,35.647],[36.304,35.675],[36.316,35.734],[36.316,35.765],[36.315,35.788],[36.32,35.826],[36.333,35.861],[36.351,35.885],[36.371,35.909],[36.39,35.942],[36.398,35.973],[36.394,35.991],[36.383,36.002],[36.376,36.016],[36.375,36.036],[36.383,36.086],[36.379,36.125],[36.386,36.143],[36.373,36.177],[36.375,36.196],[36.386,36.21],[36.4,36.219],[36.407,36.231],[36.401,36.252],[36.39,36.275],[36.386,36.29],[36.379,36.3],[36.345,36.321],[36.333,36.344],[36.315,36.351],[36.291,36.348],[36.269,36.335],[36.257,36.315],[36.254,36.284],[36.246,36.278],[36.227,36.271],[36.201,36.257],[36.177,36.239],[36.153,36.208],[36.109,36.164],[36.104,36.147],[36.106,36.134],[36.1,36.122],[36.085,36.11],[36.063,36.095],[36.04,36.085],[36.011,36.082],[35.99,36.072],[35.961,36.057]]]}},{"type":"Feature","properties":{"name":"","rank":10,"kind":"River","src":"ne_10m_rivers_europe"},"geometry":{"type":"MultiLineString","coordinates":[[[52.347,49.445],[52.37,49.406],[52.379,49.391],[52.375,49.375],[52.358,49.365],[52.329,49.354],[52.299,49.336],[52.286,49.319],[52.3,49.306],[52.324,49.295],[52.333,49.281],[52.336,49.234],[52.33,49.205],[52.309,49.181],[52.282,49.156],[52.262,49.127],[52.228,49.073],[52.198,49.041],[52.188,49.028],[52.175,48.987],[52.159,48.972],[52.133,48.968],[52.098,48.977],[52.063,48.988],[52.034,48.992],[52.013,48.989],[51.997,48.981],[51.99,48.966],[51.993,48.942],[52.009,48.912],[52.034,48.882],[52.068,48.86],[52.107,48.849],[52.139,48.846],[52.155,48.841],[52.119,48.821],[52.084,48.792],[52.068,48.784],[52.059,48.776],[52.061,48.762],[52.075,48.746],[52.098,48.734],[52.169,48.713],[52.203,48.698],[52.224,48.679],[52.235,48.657],[52.249,48.612],[52.264,48.588],[52.272,48.567],[52.264,48.55],[52.249,48.535],[52.239,48.501],[52.226,48.481],[52.207,48.467],[52.186,48.461],[52.173,48.454],[52.172,48.42],[52.146,48.402],[52.131,48.361],[52.092,48.324],[52.078,48.296],[52.084,48.257],[52.141,48.176],[52.141,48.155],[52.127,48.144],[52.121,48.133],[52.134,48.119],[52.141,48.111],[52.139,48.078],[52.15,48.065],[52.162,48.056],[52.169,48.037],[52.184,48.021],[52.194,48.007],[52.17,47.989],[52.179,47.975],[52.194,47.96],[52.207,47.93],[52.231,47.908],[52.249,47.888],[52.243,47.877],[52.224,47.869],[52.208,47.859],[52.199,47.848],[52.198,47.828],[52.192,47.819],[52.177,47.811],[52.137,47.799],[52.097,47.778],[52.067,47.773],[52.053,47.756],[52.011,47.725],[51.988,47.698],[51.961,47.683],[51.944,47.653],[51.927,47.64],[51.907,47.632],[51.87,47.624],[51.851,47.615],[51.841,47.603],[51.844,47.591],[51.857,47.574],[51.869,47.55],[51.873,47.527],[51.866,47.51],[51.851,47.504],[51.836,47.505],[51.824,47.502],[51.817,47.479]]]}},{"type":"Feature","properties":{"name":"","rank":12,"kind":"River","src":"ne_10m_rivers_europe"},"geometry":{"type":"MultiLineString","coordinates":[[[44.402,45.194],[44.396,45.185],[44.406,45.172],[44.437,45.151],[44.481,45.129],[44.563,45.093],[44.647,45.05],[44.7,45.03],[44.756,45.002],[44.852,44.966],[44.891,44.955],[44.925,44.939],[44.95,44.914],[44.975,44.897],[45.01,44.898],[45.042,44.906],[45.077,44.909],[45.094,44.919],[45.133,44.935],[45.271,44.967],[45.321,44.986],[45.354,45.002],[45.384,45.013],[45.413,45.017],[45.474,45.017],[45.523,45.029],[45.583,45.026],[45.606,45.029],[45.619,45.044],[45.631,45.093],[45.643,45.108],[45.662,45.121],[45.702,45.156],[45.715,45.158],[45.725,45.154],[45.738,45.154],[45.758,45.16]]]}},{"type":"Feature","properties":{"name":"","rank":10,"kind":"River","src":"ne_10m_rivers_europe"},"geometry":{"type":"MultiLineString","coordinates":[[[53.675,43.02],[53.673,43.038],[53.665,43.053],[53.651,43.061],[53.632,43.068],[53.613,43.081],[53.604,43.097],[53.613,43.111],[53.624,43.122],[53.61,43.131],[53.567,43.117],[53.525,43.114],[53.482,43.121],[53.45,43.135],[53.431,43.148],[53.417,43.151],[53.399,43.15],[53.373,43.156],[53.345,43.166],[53.31,43.187],[53.27,43.192],[53.257,43.202],[53.248,43.212],[53.239,43.216],[53.229,43.211],[53.209,43.188],[53.195,43.183],[53.181,43.185],[53.164,43.201],[53.15,43.206],[53.131,43.202],[53.11,43.189],[53.091,43.169],[53.076,43.145],[53.07,43.122],[53.072,43.085],[53.068,43.076],[53.082,43.055],[53.157,43.014],[53.171,42.999],[53.175,42.983],[53.175,42.966],[53.161,42.949],[53.131,42.934],[53.104,42.915],[53.097,42.889],[53.096,42.863],[53.084,42.843],[53.069,42.836],[53.042,42.847],[53.01,42.849],[52.977,42.845],[52.957,42.835],[52.947,42.829],[52.919,42.84],[52.884,42.854],[52.842,42.867],[52.806,42.877],[52.767,42.878],[52.716,42.872],[52.672,42.861],[52.647,42.852],[52.637,42.841],[52.62,42.805],[52.606,42.784]]]}},{"type":"Feature","properties":{"name":"","rank":10,"kind":"River","src":"ne_10m_rivers_europe"},"geometry":{"type":"MultiLineString","coordinates":[[[45.732,35.138],[45.711,35.12],[45.687,35.084],[45.671,35.066],[45.656,35.055],[45.64,35.049],[45.63,35.032],[45.623,35.01],[45.622,34.974],[45.614,34.947],[45.595,34.917],[45.542,34.867],[45.525,34.841],[45.514,34.822],[45.495,34.802],[45.482,34.782],[45.472,34.759],[45.467,34.72],[45.457,34.696],[45.435,34.675],[45.368,34.649],[45.332,34.624],[45.304,34.596],[45.267,34.552],[45.241,34.532],[45.214,34.507],[45.194,34.474],[45.185,34.438],[45.184,34.369],[45.174,34.325],[45.153,34.279],[45.129,34.237],[45.083,34.178],[45.063,34.166],[45.041,34.169],[45.041,34.169]],[[47.935,34.832],[47.904,34.819],[47.867,34.822],[47.821,34.846],[47.777,34.875],[47.743,34.889],[47.713,34.897],[47.646,34.925],[47.62,34.932],[47.589,34.924],[47.542,34.904],[47.487,34.888],[47.435,34.891],[47.372,34.914],[47.353,34.918],[47.296,34.918],[47.269,34.923],[47.202,34.95],[47.124,34.945],[47.089,34.95],[47.046,34.967],[47.02,34.968],[46.999,34.975],[46.979,34.987],[46.969,35.001],[46.963,35.019],[46.946,35.055],[46.946,35.068],[46.939,35.078],[46.915,35.091],[46.879,35.095],[46.844,35.084],[46.815,35.07],[46.796,35.067],[46.78,35.067],[46.76,35.061],[46.735,35.057],[46.704,35.063],[46.653,35.086],[46.636,35.091],[46.619,35.089],[46.599,35.083],[46.577,35.081],[46.546,35.089],[46.503,35.109],[46.466,35.132],[46.438,35.159],[46.417,35.171],[46.393,35.179],[46.373,35.181],[46.348,35.175],[46.312,35.162],[46.279,35.147],[46.262,35.136],[46.249,35.131],[46.223,35.13],[46.195,35.127],[46.175,35.115],[46.158,35.1],[46.138,35.09],[46.116,35.086],[46.094,35.088],[46.079,35.086],[46.074,35.077],[46.073,35.063],[46.067,35.054],[46.045,35.056],[45.96,35.091],[45.907,35.106],[45.877,35.116],[45.849,35.132],[45.831,35.15],[45.809,35.167]]]}},{"type":"Feature","properties":{"name":"","rank":10,"kind":"River","src":"ne_10m_rivers_europe"},"geometry":{"type":"MultiLineString","coordinates":[[[41.994,48.586],[42.017,48.61],[42.031,48.629],[42.033,48.641],[42.017,48.649],[41.988,48.658],[41.949,48.664],[41.906,48.663],[41.785,48.643],[41.718,48.636],[41.655,48.617],[41.583,48.601],[41.567,48.593],[41.554,48.584],[41.509,48.56],[41.492,48.538],[41.445,48.507],[41.421,48.485],[41.372,48.461],[41.333,48.431],[41.298,48.42],[41.277,48.406],[41.245,48.405],[41.235,48.395],[41.227,48.379],[41.215,48.365],[41.204,48.359],[41.192,48.365],[41.18,48.363],[41.169,48.355],[41.163,48.329],[41.156,48.32],[41.153,48.306],[41.165,48.255],[41.156,48.236],[41.139,48.217],[41.126,48.188],[41.119,48.149],[41.122,48.071],[41.115,48.059],[41.101,48.056],[41.065,48.034],[41.045,48.036],[41.027,48.018],[41.001,48.005],[40.991,47.992],[40.966,47.958]]]}},{"type":"Feature","properties":{"name":"","rank":11,"kind":"Intermittent River","src":"ne_10m_rivers_europe"},"geometry":{"type":"MultiLineString","coordinates":[[[39.165,32.426],[39.175,32.459],[39.179,32.485],[39.17,32.519],[39.171,32.571],[39.16,32.59],[39.145,32.599],[39.133,32.602],[39.12,32.612],[39.087,32.672],[39.055,32.708],[39.052,32.723],[39.051,32.738],[39.04,32.767],[39.042,32.776],[39.011,32.803],[38.998,32.815],[38.991,32.83],[38.99,32.866],[38.974,32.901],[38.976,32.922],[38.988,32.948],[39.024,33.013],[39.033,33.037],[39.033,33.059],[39.01,33.162],[39.01,33.199],[39.021,33.225],[39.033,33.24],[39.035,33.252],[39.041,33.261],[39.081,33.285],[39.087,33.3],[39.087,33.319],[39.097,33.366],[39.097,33.387],[39.103,33.402],[39.121,33.413],[39.142,33.421],[39.155,33.429],[39.158,33.448],[39.159,33.48],[39.163,33.51],[39.176,33.527],[39.197,33.531],[39.219,33.533],[39.233,33.538],[39.236,33.549],[39.232,33.563],[39.232,33.59],[39.187,33.677],[39.153,33.71],[39.126,33.75],[39.11,33.765],[39.099,33.777],[39.1,33.792],[39.111,33.803],[39.136,33.812],[39.159,33.842],[39.176,33.858],[39.196,33.866],[39.237,33.869],[39.257,33.877],[39.275,33.89],[39.288,33.903],[39.289,33.922],[39.267,33.974],[39.27,33.988],[39.283,33.998],[39.297,34.013],[39.316,34.027],[39.344,34.037],[39.376,34.044],[39.407,34.055],[39.433,34.068],[39.45,34.081],[39.471,34.091],[39.537,34.101],[39.566,34.11],[39.583,34.122],[39.601,34.152],[39.642,34.199],[39.664,34.229],[39.677,34.255],[39.679,34.269],[39.678,34.286],[39.684,34.316],[39.695,34.353],[39.709,34.385],[39.726,34.409],[39.77,34.443],[39.798,34.482],[39.834,34.503],[39.849,34.52],[39.857,34.543],[39.858,34.567],[39.863,34.59],[39.879,34.609],[39.895,34.622],[39.907,34.644],[39.949,34.689],[39.969,34.714],[39.986,34.724],[40.01,34.728],[40.059,34.716],[40.081,34.722],[40.102,34.733],[40.124,34.742],[40.149,34.744],[40.208,34.736],[40.229,34.739],[40.243,34.748],[40.253,34.759],[40.267,34.765],[40.289,34.761],[40.369,34.722],[40.389,34.716],[40.406,34.717],[40.448,34.727],[40.482,34.729],[40.528,34.742],[40.58,34.775],[40.629,34.812]]]}},{"type":"Feature","properties":{"name":"","rank":11,"kind":"River","src":"ne_10m_rivers_europe"},"geometry":{"type":"MultiLineString","coordinates":[[[34.771,46.142],[34.819,46.142]],[[34.573,46.159],[34.62,46.162]],[[35.384,47.283],[35.373,47.257],[35.367,47.236],[35.373,47.213],[35.364,47.206],[35.342,47.201],[35.277,47.196],[35.242,47.187],[35.215,47.184],[35.175,47.203],[35.144,47.201],[35.117,47.189],[35.095,47.161],[35.071,47.15],[35.021,47.131],[35.005,47.128],[34.987,47.134],[34.96,47.139],[34.889,47.13],[34.849,47.136],[34.823,47.134],[34.732,47.113],[34.682,47.108],[34.602,47.084],[34.558,47.076],[34.539,47.062],[34.525,47.045],[34.518,47.031],[34.507,47.021],[34.48,47.011],[34.447,46.996],[34.423,46.972],[34.411,46.946],[34.407,46.906],[34.398,46.875],[34.368,46.843],[34.316,46.815],[34.268,46.792],[34.246,46.772],[34.248,46.755],[34.257,46.737],[34.263,46.717],[34.256,46.694],[34.242,46.679],[34.231,46.677],[34.218,46.683],[34.2,46.684],[34.182,46.679],[34.167,46.669],[34.162,46.655],[34.173,46.625],[34.17,46.598],[34.173,46.587],[34.173,46.575],[34.165,46.556],[34.159,46.536],[34.166,46.518],[34.184,46.507],[34.225,46.497],[34.237,46.483],[34.246,46.467],[34.268,46.445],[34.278,46.426],[34.282,46.405],[34.278,46.387],[34.28,46.371],[34.321,46.336],[34.326,46.322],[34.327,46.31],[34.358,46.287],[34.388,46.247],[34.434,46.219],[34.451,46.19],[34.461,46.17],[34.462,46.15]]]}},{"type":"Feature","properties":{"name":"","rank":11,"kind":"Lake Centerline","src":"ne_10m_rivers_europe"},"geometry":{"type":"MultiLineString","coordinates":[[[39.508,38.782],[39.476,38.763]],[[39.801,38.858],[39.754,38.85],[39.705,38.85],[39.664,38.844],[39.626,38.841],[39.595,38.838],[39.574,38.822],[39.567,38.811],[39.566,38.811]]]}},{"type":"Feature","properties":{"name":"Hrazdan","rank":10,"kind":"Lake Centerline","src":"ne_10m_rivers_europe"},"geometry":{"type":"MultiLineString","coordinates":[[[45.269,40.158],[45.299,40.212],[45.338,40.271],[45.367,40.31],[45.387,40.33],[45.41,40.347],[45.394,40.37],[45.374,40.387],[45.339,40.406],[45.249,40.445],[45.226,40.46],[45.213,40.47],[45.172,40.493],[45.121,40.533],[45.081,40.553],[45.039,40.565],[45.009,40.566]]]}},{"type":"Feature","properties":{"name":"","rank":11,"kind":"Lake Centerline","src":"ne_10m_rivers_europe"},"geometry":{"type":"MultiLineString","coordinates":[[[33.668,46.218],[33.703,46.213],[33.728,46.201],[33.765,46.201],[33.818,46.2],[33.861,46.196],[33.889,46.19],[33.923,46.181],[33.983,46.13],[34.007,46.122],[34.031,46.115],[34.059,46.11],[34.169,46.09],[34.266,46.08],[34.366,46.101],[34.484,46.137]]]}},{"type":"Feature","properties":{"name":"","rank":10,"kind":"Lake Centerline","src":"ne_10m_rivers_europe"},"geometry":{"type":"MultiLineString","coordinates":[[[35.011,45.618],[35.038,45.615],[35.057,45.593],[35.086,45.562],[35.107,45.536],[35.137,45.518],[35.17,45.51],[35.17,45.51]]]}},{"type":"Feature","properties":{"name":"Tohma","rank":11,"kind":"Lake Centerline","src":"ne_10m_rivers_europe"},"geometry":{"type":"MultiLineString","coordinates":[[[38.378,38.514],[38.387,38.519]]]}},{"type":"Feature","properties":{"name":"Alazani","rank":10,"kind":"Lake Centerline","src":"ne_10m_rivers_europe"},"geometry":{"type":"MultiLineString","coordinates":[[[46.638,41.06],[46.629,41.037],[46.624,40.977]]]}},{"type":"Feature","properties":{"name":"Aksu","rank":12,"kind":"Lake Centerline","src":"ne_10m_rivers_europe"},"geometry":{"type":"MultiLineString","coordinates":[[[31.702,37.705],[31.632,37.727],[31.555,37.763],[31.505,37.82],[31.471,37.881],[31.444,37.908],[31.414,37.927],[31.376,37.941],[31.347,37.959],[31.347,37.959]]]}},{"type":"Feature","properties":{"name":"Aksu","rank":12,"kind":"Lake Centerline","src":"ne_10m_rivers_europe"},"geometry":{"type":"MultiLineString","coordinates":[[[30.944,38.068],[30.92,38.061],[30.899,38.049],[30.89,38.034],[30.876,37.998],[30.861,37.979],[30.859,37.968],[30.859,37.909],[30.877,37.852]]]}},{"type":"Feature","properties":{"name":"Iori","rank":11,"kind":"Lake Centerline","src":"ne_10m_rivers_europe"},"geometry":{"type":"MultiLineString","coordinates":[[[46.462,41.05],[46.475,41.044],[46.496,41.045],[46.512,41.031],[46.545,41.024],[46.588,40.987],[46.617,40.981],[46.733,40.921]]]}},{"type":"Feature","properties":{"name":"","rank":10,"kind":"Lake Centerline","src":"ne_10m_rivers_europe"},"geometry":{"type":"MultiLineString","coordinates":[[[34.078,47.581],[34.157,47.474]]]}},{"type":"Feature","properties":{"name":"Chyr","rank":10,"kind":"Lake Centerline","src":"ne_10m_rivers_europe"},"geometry":{"type":"MultiLineString","coordinates":[[[42.925,48.547],[42.972,48.538],[42.998,48.522],[43.02,48.51],[43.052,48.496],[43.079,48.491],[43.101,48.464],[43.117,48.441],[43.145,48.414],[43.164,48.383],[43.167,48.344]]]}},{"type":"Feature","properties":{"name":"","rank":11,"kind":"Lake Centerline","src":"ne_10m_rivers_europe"},"geometry":{"type":"MultiLineString","coordinates":[[[34.462,46.15],[34.471,46.142],[34.484,46.137]],[[34.484,46.137],[34.51,46.141],[34.573,46.159]],[[34.62,46.162],[34.771,46.142]]]}},{"type":"Feature","properties":{"name":"","rank":11,"kind":"Lake Centerline","src":"ne_10m_rivers_europe"},"geometry":{"type":"MultiLineString","coordinates":[[[51.239,43.809],[51.244,43.779]]]}},{"type":"Feature","properties":{"name":"Tundzha","rank":10,"kind":"Lake Centerline","src":"ne_10m_rivers_europe"},"geometry":{"type":"MultiLineString","coordinates":[[[25.831,42.641],[25.849,42.641],[25.883,42.606],[25.904,42.601],[25.927,42.603]]]}},{"type":"Feature","properties":{"name":"Levi Iskar","rank":12,"kind":"Lake Centerline","src":"ne_10m_rivers_europe"},"geometry":{"type":"MultiLineString","coordinates":[[[23.56,42.468],[23.556,42.494],[23.544,42.513],[23.544,42.513]]]}},{"type":"Feature","properties":{"name":"","rank":10,"kind":"Lake Centerline","src":"ne_10m_rivers_europe"},"geometry":{"type":"MultiLineString","coordinates":[[[33.286,48.025],[33.267,47.967],[33.268,47.934],[33.276,47.922]]]}},{"type":"Feature","properties":{"name":"","rank":10,"kind":"Lake Centerline","src":"ne_10m_rivers_europe"},"geometry":{"type":"MultiLineString","coordinates":[[[35.3,46.707],[35.307,46.684],[35.31,46.672],[35.323,46.637],[35.323,46.6],[35.326,46.581],[35.338,46.555],[35.358,46.517],[35.387,46.481],[35.422,46.44]]]}},{"type":"Feature","properties":{"name":"","rank":11,"kind":"Lake Centerline","src":"ne_10m_rivers_europe"},"geometry":{"type":"MultiLineString","coordinates":[[[53.326,47.364],[53.305,47.338],[53.234,47.33],[53.125,47.348]],[[53.512,47.46],[53.488,47.451],[53.459,47.447],[53.412,47.449],[53.375,47.441],[53.346,47.414],[53.326,47.364]]]}},{"type":"Feature","properties":{"name":"","rank":12,"kind":"Lake Centerline","src":"ne_10m_rivers_europe"},"geometry":{"type":"MultiLineString","coordinates":[[[35.249,38.329],[35.261,38.341],[35.261,38.352],[35.255,38.366],[35.252,38.384],[35.25,38.393]]]}},{"type":"Feature","properties":{"name":"","rank":11,"kind":"Lake Centerline","src":"ne_10m_rivers_europe"},"geometry":{"type":"MultiLineString","coordinates":[[[30.603,46.764],[30.614,46.743],[30.625,46.728],[30.643,46.716],[30.693,46.692],[30.71,46.677],[30.72,46.656],[30.733,46.605],[30.744,46.581],[30.746,46.577]]]}},{"type":"Feature","properties":{"name":"Zhem","rank":10,"kind":"Lake Centerline","src":"ne_10m_rivers_europe"},"geometry":{"type":"MultiLineString","coordinates":[[[53.756,46.975],[53.717,46.969],[53.683,46.944]]]}},{"type":"Feature","properties":{"name":"","rank":12,"kind":"Lake Centerline","src":"ne_10m_rivers_europe"},"geometry":{"type":"MultiLineString","coordinates":[[[27.628,44.138],[27.637,44.168],[27.636,44.189],[27.636,44.19]]]}},{"type":"Feature","properties":{"name":"","rank":10,"kind":"Lake Centerline","src":"ne_10m_rivers_europe"},"geometry":{"type":"MultiLineString","coordinates":[[[44.931,36.174],[44.927,36.152],[44.936,36.113],[44.972,36.048]]]}},{"type":"Feature","properties":{"name":"Siret","rank":10,"kind":"Lake Centerline","src":"ne_10m_rivers_europe"},"geometry":{"type":"MultiLineString","coordinates":[[[27.077,46.305],[27.093,46.294],[27.126,46.256],[27.154,46.229],[27.176,46.2]]]}},{"type":"Feature","properties":{"name":"","rank":10,"kind":"Lake Centerline","src":"ne_10m_rivers_europe"},"geometry":{"type":"MultiLineString","coordinates":[[[44.177,45.64],[44.213,45.615],[44.266,45.594],[44.352,45.563],[44.466,45.526],[44.51,45.515],[44.549,45.509],[44.618,45.51],[44.661,45.5]]]}},{"type":"Feature","properties":{"name":"Ye\u015fil\u0131rmak","rank":12,"kind":"Lake Centerline","src":"ne_10m_rivers_europe"},"geometry":{"type":"MultiLineString","coordinates":[[[37.028,40.354],[37.003,40.362],[36.97,40.375],[36.938,40.393],[36.925,40.402]]]}},{"type":"Feature","properties":{"name":"Loudias","rank":11,"kind":"Lake Centerline","src":"ne_10m_rivers_europe"},"geometry":{"type":"MultiLineString","coordinates":[[[21.77,40.723],[21.779,40.742],[21.797,40.767],[21.811,40.786],[21.834,40.79]]]}},{"type":"Feature","properties":{"name":"Porsuk","rank":12,"kind":"Lake Centerline","src":"ne_10m_rivers_europe"},"geometry":{"type":"MultiLineString","coordinates":[[[30.149,39.604],[30.17,39.632],[30.182,39.644],[30.203,39.648],[30.242,39.645]]]}},{"type":"Feature","properties":{"name":"","rank":12,"kind":"Lake Centerline","src":"ne_10m_rivers_europe"},"geometry":{"type":"MultiLineString","coordinates":[[[31.676,40.021],[31.668,40.018]],[[31.751,40.049],[31.676,40.021]]]}},{"type":"Feature","properties":{"name":"","rank":11,"kind":"Lake Centerline","src":"ne_10m_rivers_europe"},"geometry":{"type":"MultiLineString","coordinates":[[[53.125,47.348],[53.09,47.334],[53.066,47.305],[53.107,47.282]],[[53.241,47.499],[53.208,47.486],[53.181,47.477],[53.16,47.464],[53.154,47.443],[53.155,47.42],[53.151,47.402],[53.15,47.382],[53.145,47.363],[53.125,47.348]]]}},{"type":"Feature","properties":{"name":"","rank":11,"kind":"Lake Centerline","src":"ne_10m_rivers_europe"},"geometry":{"type":"MultiLineString","coordinates":[[[53.135,47.252],[53.128,47.237],[53.102,47.2],[53.065,47.196]]]}},{"type":"Feature","properties":{"name":"","rank":11,"kind":"Lake Centerline","src":"ne_10m_rivers_europe"},"geometry":{"type":"MultiLineString","coordinates":[[[38.258,45.78],[38.223,45.803],[38.206,45.822],[38.171,45.882],[38.155,45.912],[38.15,45.933]]]}},{"type":"Feature","properties":{"name":"","rank":10,"kind":"Lake Centerline","src":"ne_10m_rivers_europe"},"geometry":{"type":"MultiLineString","coordinates":[[[52.445,44.832],[52.398,44.826],[52.365,44.826],[52.345,44.846]]]}},{"type":"Feature","properties":{"name":"Bistrita","rank":11,"kind":"Lake Centerline","src":"ne_10m_rivers_europe"},"geometry":{"type":"MultiLineString","coordinates":[[[25.99,47.058],[26.032,47.043],[26.058,47.029],[26.07,47.013],[26.074,46.984],[26.103,46.957],[26.101,46.947]]]}},{"type":"Feature","properties":{"name":"","rank":11,"kind":"Lake Centerline","src":"ne_10m_rivers_europe"},"geometry":{"type":"MultiLineString","coordinates":[[[53.156,44.424],[53.167,44.427],[53.246,44.486],[53.378,44.619],[53.502,44.751],[53.552,44.834],[53.567,44.845],[53.625,44.92],[53.678,44.945],[53.697,44.979],[53.721,44.99],[53.762,44.996],[53.838,44.996],[53.911,45.004],[54.009,45.086],[54.111,45.146],[54.14,45.197],[54.16,45.221],[54.178,45.248],[54.172,45.269]]]}},{"type":"Feature","properties":{"name":"","rank":11,"kind":"Lake Centerline","src":"ne_10m_rivers_europe"},"geometry":{"type":"MultiLineString","coordinates":[[[53.225,44.01],[53.214,44.027],[53.197,44.039]]]}},{"type":"Feature","properties":{"name":"","rank":10,"kind":"Lake Centerline","src":"ne_10m_rivers_europe"},"geometry":{"type":"MultiLineString","coordinates":[[[38.934,45.894],[38.907,45.886],[38.868,45.885]]]}},{"type":"Feature","properties":{"name":"","rank":10,"kind":"Lake Centerline","src":"ne_10m_rivers_europe"},"geometry":{"type":"MultiLineString","coordinates":[[[28.595,45.682],[28.603,45.644],[28.615,45.597],[28.629,45.549],[28.616,45.492],[28.626,45.433],[28.628,45.41],[28.635,45.387],[28.653,45.36],[28.687,45.336],[28.747,45.311]]]}},{"type":"Feature","properties":{"name":"","rank":10,"kind":"Lake Centerline","src":"ne_10m_rivers_europe"},"geometry":{"type":"MultiLineString","coordinates":[[[53.366,47.337],[53.348,47.347],[53.326,47.364]]]}},{"type":"Feature","properties":{"name":"","rank":12,"kind":"Lake Centerline","src":"ne_10m_rivers_europe"},"geometry":{"type":"MultiLineString","coordinates":[[[52.536,44.501],[52.571,44.506],[52.614,44.504],[52.672,44.498],[52.731,44.502]]]}},{"type":"Feature","properties":{"name":"","rank":12,"kind":"Lake Centerline","src":"ne_10m_rivers_europe"},"geometry":{"type":"MultiLineString","coordinates":[[[52.18,44.489],[52.219,44.502],[52.255,44.515],[52.294,44.521],[52.327,44.54]]]}},{"type":"Feature","properties":{"name":"Arda","rank":11,"kind":"Lake Centerline","src":"ne_10m_rivers_europe"},"geometry":{"type":"MultiLineString","coordinates":[[[25.434,41.626],[25.451,41.625]],[[25.452,41.625],[25.464,41.627]],[[25.47,41.628],[25.488,41.635],[25.518,41.644],[25.551,41.65],[25.576,41.651],[25.592,41.646],[25.603,41.639]]]}},{"type":"Feature","properties":{"name":"","rank":11,"kind":"Lake Centerline","src":"ne_10m_rivers_europe"},"geometry":{"type":"MultiLineString","coordinates":[[[44.789,47.767],[44.816,47.747],[44.828,47.733],[44.826,47.72],[44.806,47.686],[44.813,47.66],[44.849,47.646]]]}},{"type":"Feature","properties":{"name":"","rank":11,"kind":"Lake Centerline","src":"ne_10m_rivers_europe"},"geometry":{"type":"MultiLineString","coordinates":[[[44.903,47.599],[44.916,47.582],[44.959,47.568],[45.01,47.543],[45.033,47.527],[45.061,47.486],[45.104,47.44],[45.154,47.399],[45.199,47.376]]]}},{"type":"Feature","properties":{"name":"","rank":11,"kind":"Lake Centerline","src":"ne_10m_rivers_europe"},"geometry":{"type":"MultiLineString","coordinates":[[[51.838,43.498],[51.831,43.458],[51.799,43.428],[51.759,43.383]]]}},{"type":"Feature","properties":{"name":"","rank":11,"kind":"Lake Centerline","src":"ne_10m_rivers_europe"},"geometry":{"type":"MultiLineString","coordinates":[[[51.553,43.275],[51.575,43.261]]]}},{"type":"Feature","properties":{"name":"Gediz","rank":10,"kind":"Lake Centerline","src":"ne_10m_rivers_europe"},"geometry":{"type":"MultiLineString","coordinates":[[[28.435,38.7],[28.41,38.699],[28.392,38.693],[28.377,38.679],[28.352,38.643],[28.342,38.635]]]}},{"type":"Feature","properties":{"name":"Sulak","rank":10,"kind":"Lake Centerline","src":"ne_10m_rivers_europe"},"geometry":{"type":"MultiLineString","coordinates":[[[46.908,42.941],[46.914,42.955],[46.907,42.965],[46.88,42.983]]]}},{"type":"Feature","properties":{"name":"","rank":11,"kind":"Lake Centerline","src":"ne_10m_rivers_europe"},"geometry":{"type":"MultiLineString","coordinates":[[[36.526,34.63],[36.547,34.645],[36.581,34.661],[36.592,34.666]]]}},{"type":"Feature","properties":{"name":"","rank":11,"kind":"Lake Centerline","src":"ne_10m_rivers_europe"},"geometry":{"type":"MultiLineString","coordinates":[[[31.058,46.897],[31.099,46.877],[31.113,46.864],[31.124,46.847],[31.144,46.836],[31.162,46.825],[31.172,46.737],[31.176,46.727],[31.178,46.715],[31.173,46.703],[31.173,46.684],[31.181,46.655]],[[31.002,47.015],[31.015,46.966],[31.032,46.948],[31.041,46.917],[31.05,46.904],[31.057,46.897]]]}},{"type":"Feature","properties":{"name":"Belaya","rank":10,"kind":"Lake Centerline","src":"ne_10m_rivers_europe"},"geometry":{"type":"MultiLineString","coordinates":[[[39.568,45.139],[39.54,45.156]]]}},{"type":"Feature","properties":{"name":"Seyhan","rank":10,"kind":"Lake Centerline","src":"ne_10m_rivers_europe"},"geometry":{"type":"MultiLineString","coordinates":[[[35.41,37.277],[35.353,37.264],[35.317,37.248],[35.289,37.223],[35.283,37.211]]]}},{"type":"Feature","properties":{"name":"Seyhan","rank":10,"kind":"Lake Centerline","src":"ne_10m_rivers_europe"},"geometry":{"type":"MultiLineString","coordinates":[[[35.31,37.117],[35.306,37.094],[35.32,37.065]]]}},{"type":"Feature","properties":{"name":"","rank":11,"kind":"Lake Centerline","src":"ne_10m_rivers_europe"},"geometry":{"type":"MultiLineString","coordinates":[[[37.631,35.931],[37.611,35.924],[37.601,35.898]]]}},{"type":"Feature","properties":{"name":"","rank":11,"kind":"Lake Centerline","src":"ne_10m_rivers_europe"},"geometry":{"type":"MultiLineString","coordinates":[[[37.696,35.917],[37.656,35.909]]]}},{"type":"Feature","properties":{"name":"","rank":10,"kind":"Lake Centerline","src":"ne_10m_rivers_europe"},"geometry":{"type":"MultiLineString","coordinates":[[[47.813,48.38],[47.828,48.375],[47.858,48.368],[47.949,48.337],[47.962,48.334]],[[47.212,48.711],[47.245,48.67],[47.268,48.625],[47.289,48.59],[47.377,48.542],[47.56,48.468],[47.742,48.402],[47.804,48.383]]]}},{"type":"Feature","properties":{"name":"","rank":10,"kind":"Lake Centerline","src":"ne_10m_rivers_europe"},"geometry":{"type":"MultiLineString","coordinates":[[[36.922,37.758],[36.916,37.747],[36.891,37.727],[36.866,37.711],[36.864,37.709]]]}},{"type":"Feature","properties":{"name":"","rank":10,"kind":"Lake Centerline","src":"ne_10m_rivers_europe"},"geometry":{"type":"MultiLineString","coordinates":[[[30.069,37.667],[30.079,37.677],[30.086,37.703],[30.123,37.717],[30.234,37.781],[30.263,37.793],[30.29,37.808],[30.332,37.81]]]}},{"type":"Feature","properties":{"name":"","rank":10,"kind":"Lake Centerline","src":"ne_10m_rivers_europe"},"geometry":{"type":"MultiLineString","coordinates":[[[30.855,37.428],[30.855,37.406],[30.864,37.388]]]}},{"type":"Feature","properties":{"name":"Sredny Yegorlyk","rank":10,"kind":"Lake Centerline","src":"ne_10m_rivers_europe"},"geometry":{"type":"MultiLineString","coordinates":[[[41.605,46.725],[41.578,46.734],[41.548,46.75],[41.53,46.765],[41.524,46.786],[41.514,46.818],[41.512,46.857],[41.473,46.906],[41.422,46.949],[41.377,46.955],[41.328,46.969],[41.25,47.014],[41.158,47.047],[41.07,47.068],[40.971,47.111],[40.907,47.132],[40.87,47.141],[40.82,47.133],[40.777,47.119]]]}},{"type":"Feature","properties":{"name":"Beisug","rank":11,"kind":"Lake Centerline","src":"ne_10m_rivers_europe"},"geometry":{"type":"MultiLineString","coordinates":[[[38.444,46.248],[38.429,46.224],[38.413,46.192]]]}},{"type":"Feature","properties":{"name":"Beisug","rank":11,"kind":"Lake Centerline","src":"ne_10m_rivers_europe"},"geometry":{"type":"MultiLineString","coordinates":[[[38.753,46.171],[38.706,46.181]]]}},{"type":"Feature","properties":{"name":"Beisug","rank":11,"kind":"Lake Centerline","src":"ne_10m_rivers_europe"},"geometry":{"type":"MultiLineString","coordinates":[[[38.672,46.195],[38.633,46.194],[38.61,46.194]]]}},{"type":"Feature","properties":{"name":"Manych","rank":11,"kind":"Lake Centerline","src":"ne_10m_rivers_europe"},"geometry":{"type":"MultiLineString","coordinates":[[[42.413,46.522],[42.342,46.54]],[[42.248,46.562],[42.181,46.578],[42.168,46.579],[42.073,46.558],[42.05,46.558],[42.04,46.554],[42.02,46.559],[41.977,46.565],[41.951,46.57]]]}},{"type":"Feature","properties":{"name":"Manych","rank":11,"kind":"Lake Centerline","src":"ne_10m_rivers_europe"},"geometry":{"type":"MultiLineString","coordinates":[[[43.575,45.991],[43.52,46.01],[43.435,46.013],[43.353,46.047],[43.31,46.079],[43.291,46.103],[43.269,46.117],[43.247,46.121],[43.215,46.121],[43.169,46.136],[43.108,46.153],[43.048,46.174],[43.016,46.194],[43.002,46.208],[42.982,46.212],[42.929,46.257],[42.879,46.322],[42.845,46.35],[42.816,46.355],[42.777,46.388],[42.74,46.398],[42.61,46.408],[42.597,46.411],[42.576,46.431],[42.567,46.448],[42.558,46.466],[42.529,46.489],[42.49,46.509],[42.469,46.524],[42.446,46.528],[42.415,46.521]]]}},{"type":"Feature","properties":{"name":"Khrami","rank":10,"kind":"Lake Centerline","src":"ne_10m_rivers_europe"},"geometry":{"type":"MultiLineString","coordinates":[[[43.989,41.619],[44.044,41.628],[44.068,41.625],[44.074,41.621]]]}},{"type":"Feature","properties":{"name":"Acheloos","rank":10,"kind":"Lake Centerline","src":"ne_10m_rivers_europe"},"geometry":{"type":"MultiLineString","coordinates":[[[21.399,39.026],[21.433,39.01],[21.462,38.995],[21.483,38.977],[21.491,38.963],[21.495,38.948],[21.505,38.927],[21.51,38.907],[21.514,38.89]]]}},{"type":"Feature","properties":{"name":"Acheloos","rank":10,"kind":"Lake Centerline","src":"ne_10m_rivers_europe"},"geometry":{"type":"MultiLineString","coordinates":[[[21.417,38.801],[21.381,38.805],[21.364,38.783],[21.369,38.75]]]}},{"type":"Feature","properties":{"name":"Sakarya","rank":10,"kind":"Lake Centerline","src":"ne_10m_rivers_europe"},"geometry":{"type":"MultiLineString","coordinates":[[[31.705,40.021],[31.681,40.018],[31.676,40.021]],[[31.676,40.021],[31.64,40.04],[31.604,40.03],[31.532,40.029],[31.516,40.026]]]}},{"type":"Feature","properties":{"name":"Sakarya","rank":10,"kind":"Lake Centerline","src":"ne_10m_rivers_europe"},"geometry":{"type":"MultiLineString","coordinates":[[[31.317,38.571],[31.352,38.548],[31.403,38.552],[31.427,38.557],[31.447,38.571],[31.481,38.589],[31.504,38.6]]]}},{"type":"Feature","properties":{"name":"","rank":12,"kind":"Lake Centerline","src":"ne_10m_rivers_europe"},"geometry":{"type":"MultiLineString","coordinates":[[[42.388,46.359],[42.371,46.377],[42.381,46.397],[42.416,46.408],[42.463,46.414],[42.504,46.414],[42.535,46.418],[42.544,46.437],[42.518,46.461],[42.445,46.489],[42.422,46.509],[42.415,46.521]]]}},{"type":"Feature","properties":{"name":"","rank":12,"kind":"Lake Centerline","src":"ne_10m_rivers_europe"},"geometry":{"type":"MultiLineString","coordinates":[[[42.507,46.278],[42.476,46.31]]]}},{"type":"Feature","properties":{"name":"","rank":10,"kind":"Lake Centerline","src":"ne_10m_rivers_europe"},"geometry":{"type":"MultiLineString","coordinates":[[[45.809,35.167],[45.787,35.162],[45.758,35.151],[45.732,35.138]]]}}]}