{"type":"FeatureCollection","features":[{"type":"Feature","properties":{"HYBAS_ID":2040000010,"MAIN_BAS":2040000010,"NEXT_DOWN":0,"SUB_AREA":328692.9,"UP_AREA":328692.9,"ENDO":0},"geometry":{"type":"Polygon","coordinates":[[[28.528,40.508],[28.521,40.54],[28.537,40.571],[28.542,40.54],[28.531,40.512],[28.528,40.508]],[[29.124,40.833],[29.104,40.861],[29.129,40.88],[29.129,40.84],[29.124,40.833]],[[29.103,40.867],[29.074,40.875],[29.103,40.883],[29.103,40.867]],[[32.821,31.092],[32.794,31.076],[32.765,31.067],[32.731,31.059],[32.76,31.046],[32.81,31.066],[32.84,31.08],[32.869,31.091],[32.84,31.099],[32.821,31.092]],[[29.578,36.121],[29.574,36.156],[29.605,36.165],[29.594,36.134],[29.578,36.121]],[[27.186,37.563],[27.211,37.58],[27.19,37.608],[27.141,37.616],[27.166,37.585],[27.186,37.563]],[[26.744,38.458],[26.715,38.471],[26.692,38.52],[26.698,38.551],[26.729,38.536],[26.734,38.497],[26.749,38.469],[26.744,38.458]],[[26.59,39.275],[26.603,39.305],[26.591,39.276],[26.59,39.275]],[[27.499,40.467],[27.478,40.49],[27.495,40.515],[27.516,40.542],[27.555,40.524],[27.528,40.5],[27.505,40.478],[27.499,40.467]],[[27.665,40.442],[27.627,40.455],[27.59,40.459],[27.608,40.485],[27.625,40.512],[27.653,40.495],[27.642,40.464],[27.671,40.458],[27.665,40.442]],[[27.611,40.571],[27.581,40.576],[27.552,40.584],[27.526,40.6],[27.524,40.643],[27.551,40.659],[27.594,40.659],[27.627,40.667],[27.661,40.667],[27.694,40.658],[27.737,40.645],[27.723,40.616],[27.694,40.605],[27.662,40.588],[27.627,40.579],[27.611,40.571]],[[28.094,40.45],[28.062,40.455],[28.096,40.456],[28.094,40.45]],[[29.267,40.05],[29.295,40.037],[29.305,40.006],[29.327,39.98],[29.357,39.962],[29.37,39.932],[29.394,39.909],[29.431,39.912],[29.475,39.904],[29.506,39.895],[29.537,39.878],[29.57,39.866],[29.602,39.871],[29.64,39.871],[29.673,39.867],[29.706,39.862],[29.752,39.845],[29.786,39.834],[29.808,39.802],[29.769,39.795],[29.779,39.766],[29.775,39.735],[29.796,39.708],[29.827,39.709],[29.859,39.693],[29.85,39.66],[29.842,39.621],[29.81,39.617],[29.781,39.608],[29.752,39.595],[29.719,39.592],[29.687,39.583],[29.652,39.584],[29.663,39.544],[29.646,39.513],[29.677,39.512],[29.715,39.5],[29.717,39.464],[29.744,39.45],[29.782,39.441],[29.808,39.423],[29.794,39.392],[29.746,39.375],[29.759,39.335],[29.782,39.316],[29.776,39.286],[29.741,39.263],[29.757,39.237],[29.767,39.206],[29.771,39.171],[29.751,39.144],[29.735,39.117],[29.713,39.096],[29.731,39.071],[29.723,39.041],[29.732,39.012],[29.73,38.976],[29.762,38.948],[29.777,38.92],[29.827,38.908],[29.867,38.908],[29.906,38.905],[29.934,38.892],[29.959,38.86],[29.966,38.826],[29.951,38.798],[29.959,38.769],[29.977,38.742],[30.015,38.741],[30.044,38.73],[30.077,38.705],[30.102,38.68],[30.127,38.663],[30.156,38.642],[30.202,38.65],[30.235,38.67],[30.269,38.683],[30.302,38.679],[30.344,38.675],[30.379,38.669],[30.411,38.659],[30.445,38.645],[30.413,38.624],[30.396,38.595],[30.391,38.565],[30.367,38.536],[30.374,38.494],[30.392,38.469],[30.401,38.435],[30.417,38.406],[30.421,38.375],[30.479,38.383],[30.509,38.367],[30.519,38.338],[30.546,38.318],[30.538,38.286],[30.537,38.252],[30.562,38.227],[30.593,38.225],[30.623,38.23],[30.656,38.25],[30.694,38.259],[30.727,38.267],[30.752,38.292],[30.795,38.313],[30.8,38.35],[30.832,38.355],[30.856,38.379],[30.881,38.399],[30.915,38.408],[30.956,38.421],[30.972,38.458],[31.007,38.467],[31.027,38.491],[31.067,38.496],[31.103,38.504],[31.129,38.488],[31.158,38.475],[31.184,38.454],[31.213,38.441],[31.209,38.409],[31.238,38.388],[31.275,38.357],[31.296,38.327],[31.302,38.292],[31.329,38.279],[31.35,38.243],[31.367,38.21],[31.4,38.213],[31.401,38.177],[31.373,38.159],[31.319,38.159],[31.285,38.158],[31.248,38.146],[31.213,38.133],[31.185,38.117],[31.162,38.089],[31.138,38.065],[31.165,38.046],[31.19,38.029],[31.178,38.001],[31.171,37.963],[31.15,37.94],[31.173,37.92],[31.196,37.9],[31.221,37.881],[31.242,37.858],[31.258,37.831],[31.271,37.804],[31.264,37.774],[31.277,37.745],[31.292,37.719],[31.295,37.681],[31.288,37.648],[31.294,37.613],[31.325,37.596],[31.338,37.564],[31.345,37.535],[31.337,37.502],[31.327,37.471],[31.321,37.442],[31.317,37.41],[31.332,37.382],[31.347,37.351],[31.371,37.327],[31.383,37.294],[31.407,37.27],[31.417,37.242],[31.433,37.217],[31.47,37.217],[31.498,37.245],[31.519,37.271],[31.529,37.306],[31.558,37.326],[31.592,37.308],[31.623,37.305],[31.652,37.317],[31.698,37.312],[31.728,37.313],[31.763,37.321],[31.793,37.321],[31.833,37.317],[31.85,37.289],[31.842,37.25],[31.873,37.23],[31.896,37.197],[31.923,37.179],[31.945,37.152],[31.958,37.124],[31.985,37.096],[31.975,37.063],[31.984,37.031],[31.996,37.002],[32.025,36.982],[32.042,36.954],[32.057,36.928],[32.096,36.917],[32.128,36.921],[32.159,36.909],[32.19,36.917],[32.225,36.917],[32.208,36.943],[32.19,36.974],[32.155,36.988],[32.129,37.004],[32.113,37.031],[32.135,37.054],[32.147,37.084],[32.177,37.067],[32.21,37.07],[32.249,37.09],[32.276,37.115],[32.292,37.14],[32.291,37.178],[32.308,37.204],[32.353,37.191],[32.395,37.187],[32.423,37.171],[32.445,37.195],[32.462,37.221],[32.475,37.25],[32.503,37.237],[32.54,37.241],[32.573,37.234],[32.584,37.205],[32.623,37.195],[32.665,37.192],[32.702,37.192],[32.732,37.197],[32.757,37.216],[32.794,37.208],[32.823,37.196],[32.875,37.192],[32.903,37.178],[32.936,37.166],[32.965,37.15],[32.988,37.097],[33.008,37.071],[33.02,37.04],[33.04,37.013],[33.077,37.008],[33.105,36.988],[33.135,36.971],[33.163,36.958],[33.202,36.937],[33.233,36.919],[33.265,36.92],[33.296,36.904],[33.331,36.901],[33.358,36.927],[33.388,36.942],[33.413,36.924],[33.434,36.949],[33.48,36.963],[33.514,36.967],[33.544,36.946],[33.582,36.941],[33.62,36.948],[33.656,36.966],[33.684,36.979],[33.708,36.998],[33.732,37.021],[33.765,37.025],[33.796,37.021],[33.827,37.017],[33.861,37.004],[33.898,37.013],[33.927,37.03],[33.962,37.033],[33.99,37.045],[34.02,37.029],[34.051,37.026],[34.071,37.052],[34.086,37.08],[34.116,37.088],[34.13,37.12],[34.15,37.148],[34.171,37.174],[34.207,37.192],[34.235,37.204],[34.265,37.209],[34.295,37.218],[34.323,37.238],[34.352,37.246],[34.386,37.255],[34.415,37.263],[34.443,37.279],[34.471,37.292],[34.47,37.325],[34.437,37.32],[34.412,37.338],[34.44,37.363],[34.473,37.379],[34.504,37.379],[34.499,37.412],[34.468,37.421],[34.441,37.436],[34.417,37.46],[34.408,37.499],[34.396,37.527],[34.414,37.558],[34.445,37.563],[34.473,37.587],[34.507,37.587],[34.533,37.602],[34.534,37.636],[34.565,37.659],[34.598,37.667],[34.627,37.687],[34.661,37.687],[34.69,37.705],[34.715,37.726],[34.738,37.753],[34.764,37.77],[34.794,37.783],[34.841,37.788],[34.846,37.823],[34.866,37.852],[34.863,37.887],[34.88,37.92],[34.871,37.962],[34.894,37.983],[34.927,37.98],[34.977,37.987],[35.008,37.97],[35.04,37.983],[35.073,37.967],[35.106,37.959],[35.141,37.954],[35.173,37.954],[35.2,37.971],[35.228,37.992],[35.226,38.023],[35.258,38.033],[35.281,38.013],[35.336,38.013],[35.369,38.016],[35.424,38.02],[35.433,38.049],[35.451,38.081],[35.477,38.108],[35.497,38.132],[35.508,38.18],[35.525,38.208],[35.52,38.244],[35.52,38.281],[35.513,38.313],[35.53,38.34],[35.542,38.381],[35.574,38.405],[35.584,38.467],[35.557,38.487],[35.538,38.513],[35.555,38.541],[35.585,38.555],[35.621,38.576],[35.682,38.571],[35.71,38.587],[35.735,38.604],[35.756,38.633],[35.774,38.665],[35.815,38.688],[35.851,38.683],[35.886,38.692],[35.91,38.717],[35.923,38.745],[35.952,38.758],[35.983,38.765],[36.004,38.794],[36.016,38.827],[36.035,38.854],[36.054,38.877],[36.086,38.888],[36.119,38.9],[36.158,38.923],[36.187,38.948],[36.232,38.933],[36.264,38.941],[36.298,38.949],[36.309,38.982],[36.313,39.012],[36.329,39.038],[36.348,39.063],[36.373,39.084],[36.408,39.114],[36.42,39.144],[36.418,39.175],[36.448,39.18],[36.487,39.174],[36.519,39.162],[36.553,39.163],[36.583,39.176],[36.611,39.163],[36.657,39.171],[36.707,39.175],[36.752,39.192],[36.788,39.192],[36.813,39.175],[36.841,39.161],[36.871,39.122],[36.881,39.091],[36.896,39.064],[36.894,39.034],[36.891,39.001],[36.896,38.963],[36.877,38.934],[36.855,38.912],[36.859,38.88],[36.841,38.855],[36.835,38.824],[36.805,38.806],[36.788,38.779],[36.801,38.752],[36.798,38.721],[36.819,38.699],[36.849,38.691],[36.877,38.671],[36.901,38.651],[36.94,38.638],[36.968,38.65],[36.998,38.659],[37.023,38.68],[37.058,38.679],[37.11,38.63],[37.119,38.601],[37.152,38.591],[37.181,38.583],[37.208,38.567],[37.244,38.57],[37.288,38.579],[37.313,38.555],[37.288,38.537],[37.271,38.511],[37.307,38.512],[37.335,38.492],[37.37,38.483],[37.393,38.459],[37.404,38.425],[37.436,38.409],[37.463,38.394],[37.498,38.379],[37.531,38.387],[37.559,38.374],[37.573,38.346],[37.611,38.346],[37.638,38.33],[37.615,38.309],[37.592,38.289],[37.619,38.271],[37.648,38.262],[37.678,38.241],[37.727,38.233],[37.754,38.21],[37.749,38.167],[37.718,38.162],[37.721,38.132],[37.702,38.108],[37.652,38.091],[37.623,38.067],[37.59,38.059],[37.556,38.042],[37.523,38.041],[37.493,38.029],[37.461,38.03],[37.431,38.013],[37.398,38.024],[37.371,38.002],[37.344,37.988],[37.299,37.988],[37.273,37.963],[37.242,37.954],[37.209,37.958],[37.177,37.946],[37.148,37.938],[37.121,37.921],[37.134,37.885],[37.16,37.867],[37.18,37.842],[37.211,37.829],[37.237,37.812],[37.269,37.813],[37.307,37.816],[37.339,37.816],[37.377,37.82],[37.404,37.798],[37.408,37.765],[37.454,37.75],[37.49,37.75],[37.508,37.775],[37.565,37.78],[37.598,37.801],[37.644,37.813],[37.673,37.82],[37.707,37.825],[37.735,37.837],[37.765,37.842],[37.744,37.817],[37.689,37.795],[37.663,37.778],[37.663,37.733],[37.645,37.702],[37.614,37.695],[37.588,37.679],[37.591,37.634],[37.563,37.612],[37.529,37.588],[37.501,37.57],[37.477,37.551],[37.452,37.534],[37.419,37.529],[37.388,37.524],[37.371,37.494],[37.338,37.46],[37.304,37.441],[37.276,37.419],[37.262,37.38],[37.236,37.355],[37.201,37.345],[37.194,37.313],[37.212,37.287],[37.186,37.263],[37.157,37.25],[37.137,37.222],[37.117,37.198],[37.086,37.188],[37.091,37.158],[37.121,37.15],[37.152,37.141],[37.185,37.134],[37.22,37.133],[37.224,37.102],[37.212,37.073],[37.217,37.042],[37.204,37.013],[37.181,36.988],[37.15,36.979],[37.138,36.948],[37.123,36.92],[37.165,36.912],[37.194,36.899],[37.25,36.888],[37.289,36.846],[37.321,36.838],[37.352,36.83],[37.383,36.824],[37.412,36.803],[37.436,36.784],[37.473,36.788],[37.52,36.761],[37.542,36.735],[37.558,36.706],[37.575,36.677],[37.575,36.639],[37.606,36.637],[37.64,36.641],[37.654,36.614],[37.642,36.581],[37.668,36.563],[37.694,36.542],[37.717,36.522],[37.735,36.492],[37.764,36.501],[37.796,36.492],[37.788,36.461],[37.784,36.423],[37.767,36.375],[37.798,36.366],[37.827,36.349],[37.856,36.341],[37.885,36.321],[37.91,36.305],[37.922,36.268],[37.941,36.236],[37.938,36.205],[37.924,36.168],[37.931,36.138],[37.959,36.12],[37.941,36.09],[37.946,36.05],[37.956,36.021],[37.995,36.026],[38.012,35.998],[38.013,35.963],[38.037,35.923],[38.029,35.893],[38.016,35.86],[38.02,35.823],[38.042,35.8],[38.037,35.739],[38.038,35.701],[38.046,35.668],[38.042,35.635],[38.05,35.598],[38.042,35.565],[38.015,35.546],[37.985,35.53],[37.967,35.502],[37.988,35.476],[37.974,35.447],[37.974,35.411],[37.983,35.377],[37.963,35.345],[37.91,35.355],[37.879,35.346],[37.848,35.35],[37.819,35.334],[37.788,35.329],[37.798,35.292],[37.807,35.259],[37.784,35.24],[37.775,35.204],[37.811,35.2],[37.842,35.181],[37.846,35.148],[37.858,35.102],[37.867,35.072],[37.854,35.039],[37.837,34.998],[37.826,34.969],[37.805,34.945],[37.77,34.957],[37.754,34.983],[37.728,34.948],[37.703,34.924],[37.669,34.926],[37.638,34.926],[37.609,34.911],[37.581,34.896],[37.563,34.869],[37.544,34.838],[37.538,34.805],[37.509,34.79],[37.487,34.768],[37.459,34.785],[37.427,34.784],[37.398,34.779],[37.371,34.758],[37.34,34.759],[37.309,34.767],[37.296,34.733],[37.268,34.72],[37.24,34.701],[37.206,34.695],[37.208,34.665],[37.217,34.631],[37.223,34.601],[37.208,34.56],[37.195,34.518],[37.171,34.496],[37.17,34.465],[37.134,34.423],[37.13,34.385],[37.086,34.351],[37.032,34.321],[36.986,34.284],[36.957,34.271],[36.946,34.185],[36.964,34.15],[36.954,34.121],[36.929,34.1],[36.898,34.084],[36.874,34.063],[36.843,34.045],[36.814,34.033],[36.817,34.002],[36.79,33.971],[36.763,33.954],[36.742,33.925],[36.72,33.893],[36.684,33.897],[36.661,33.924],[36.633,33.913],[36.606,33.895],[36.581,33.876],[36.548,33.874],[36.521,33.856],[36.502,33.833],[36.479,33.813],[36.452,33.795],[36.421,33.779],[36.39,33.771],[36.355,33.754],[36.318,33.742],[36.286,33.737],[36.248,33.762],[36.219,33.779],[36.187,33.796],[36.131,33.796],[36.102,33.78],[36.072,33.774],[36.052,33.746],[36.022,33.755],[35.991,33.73],[35.967,33.711],[35.97,33.677],[35.941,33.66],[35.941,33.626],[35.902,33.624],[35.873,33.605],[35.837,33.595],[35.806,33.584],[35.788,33.556],[35.78,33.527],[35.758,33.504],[35.732,33.488],[35.701,33.474],[35.683,33.448],[35.653,33.413],[35.626,33.395],[35.604,33.373],[35.58,33.352],[35.566,33.298],[35.557,33.267],[35.546,33.238],[35.538,33.208],[35.524,33.176],[35.504,33.152],[35.491,33.113],[35.456,33.105],[35.433,33.085],[35.417,33.052],[35.397,33.028],[35.407,33.0],[35.424,32.974],[35.394,32.959],[35.374,32.934],[35.348,32.912],[35.345,32.879],[35.374,32.86],[35.398,32.834],[35.409,32.805],[35.439,32.792],[35.419,32.763],[35.385,32.751],[35.356,32.729],[35.333,32.708],[35.342,32.677],[35.346,32.643],[35.319,32.625],[35.292,32.611],[35.293,32.58],[35.32,32.556],[35.335,32.526],[35.369,32.521],[35.402,32.512],[35.408,32.48],[35.421,32.452],[35.39,32.445],[35.356,32.417],[35.369,32.388],[35.37,32.348],[35.341,32.339],[35.32,32.318],[35.29,32.308],[35.266,32.281],[35.276,32.247],[35.271,32.204],[35.298,32.183],[35.327,32.167],[35.346,32.135],[35.35,32.1],[35.342,32.068],[35.333,32.039],[35.306,32.02],[35.283,31.988],[35.262,31.956],[35.246,31.929],[35.213,31.924],[35.22,31.886],[35.238,31.851],[35.23,31.813],[35.216,31.777],[35.217,31.744],[35.2,31.71],[35.173,31.695],[35.146,31.681],[35.129,31.654],[35.105,31.636],[35.108,31.596],[35.117,31.567],[35.142,31.542],[35.162,31.519],[35.145,31.493],[35.137,31.456],[35.129,31.422],[35.131,31.388],[35.109,31.361],[35.128,31.326],[35.122,31.284],[35.151,31.271],[35.176,31.242],[35.152,31.22],[35.119,31.212],[35.1,31.181],[35.112,31.152],[35.092,31.129],[35.064,31.116],[35.038,31.095],[35.036,31.063],[35.004,31.043],[35.01,31.009],[34.986,30.98],[34.956,30.963],[34.921,30.927],[34.912,30.898],[34.886,30.879],[34.81,30.87],[34.77,30.858],[34.738,30.85],[34.738,30.818],[34.717,30.796],[34.688,30.788],[34.667,30.758],[34.68,30.727],[34.706,30.709],[34.74,30.708],[34.754,30.644],[34.734,30.619],[34.717,30.593],[34.699,30.563],[34.659,30.541],[34.638,30.515],[34.646,30.477],[34.627,30.449],[34.613,30.408],[34.617,30.371],[34.643,30.355],[34.667,30.335],[34.659,30.293],[34.636,30.267],[34.611,30.246],[34.595,30.219],[34.612,30.19],[34.621,30.153],[34.593,30.134],[34.567,30.15],[34.556,30.12],[34.528,30.097],[34.501,30.077],[34.486,30.046],[34.463,30.013],[34.455,29.981],[34.454,29.946],[34.454,29.913],[34.437,29.885],[34.426,29.839],[34.433,29.794],[34.446,29.76],[34.479,29.727],[34.488,29.698],[34.483,29.663],[34.477,29.634],[34.479,29.592],[34.483,29.554],[34.443,29.549],[34.417,29.531],[34.388,29.516],[34.37,29.481],[34.371,29.448],[34.346,29.419],[34.31,29.404],[34.281,29.38],[34.256,29.363],[34.229,29.318],[34.239,29.284],[34.246,29.252],[34.241,29.219],[34.228,29.184],[34.212,29.158],[34.181,29.149],[34.143,29.125],[34.106,29.108],[34.076,29.096],[34.048,29.084],[34.015,29.067],[33.984,29.062],[33.965,29.038],[33.938,29.058],[33.904,29.054],[33.881,29.034],[33.854,29.013],[33.823,29.008],[33.788,29.014],[33.733,29.033],[33.733,29.065],[33.706,29.083],[33.67,29.096],[33.64,29.099],[33.616,29.124],[33.586,29.137],[33.549,29.166],[33.522,29.18],[33.477,29.192],[33.433,29.201],[33.43,29.234],[33.434,29.27],[33.413,29.292],[33.434,29.323],[33.446,29.355],[33.421,29.376],[33.41,29.405],[33.36,29.409],[33.355,29.439],[33.332,29.474],[33.309,29.494],[33.291,29.531],[33.307,29.559],[33.33,29.583],[33.325,29.614],[33.32,29.644],[33.309,29.673],[33.277,29.667],[33.24,29.671],[33.206,29.675],[33.179,29.694],[33.192,29.723],[33.212,29.751],[33.234,29.772],[33.21,29.796],[33.205,29.827],[33.198,29.858],[33.168,29.867],[33.123,29.875],[33.092,29.871],[33.109,29.924],[33.084,29.944],[33.083,29.974],[33.071,30.002],[33.092,30.028],[33.124,30.043],[33.142,30.078],[33.159,30.111],[33.149,30.142],[33.138,30.181],[33.106,30.187],[33.027,30.174],[32.998,30.162],[32.971,30.146],[32.944,30.126],[32.911,30.105],[32.881,30.113],[32.854,30.097],[32.818,30.087],[32.778,30.091],[32.748,30.088],[32.714,30.088],[32.671,30.092],[32.633,30.107],[32.598,30.104],[32.552,30.101],[32.53,30.123],[32.509,30.148],[32.479,30.139],[32.457,30.113],[32.427,30.1],[32.394,30.096],[32.365,30.088],[32.334,30.096],[32.289,30.113],[32.261,30.129],[32.233,30.152],[32.23,30.183],[32.205,30.2],[32.173,30.212],[32.137,30.201],[32.113,30.227],[32.085,30.246],[32.052,30.266],[32.025,30.285],[32.029,30.342],[32.0,30.36],[32.023,30.388],[32.057,30.396],[32.102,30.4],[32.121,30.425],[32.137,30.451],[32.138,30.495],[32.155,30.54],[32.122,30.551],[32.089,30.571],[32.06,30.587],[32.059,30.618],[32.063,30.652],[32.098,30.649],[32.128,30.641],[32.146,30.677],[32.147,30.707],[32.146,30.741],[32.169,30.762],[32.183,30.79],[32.2,30.817],[32.221,30.838],[32.23,30.877],[32.224,30.919],[32.204,30.946],[32.223,30.975],[32.234,31.011],[32.245,31.039],[32.273,31.054],[32.28,31.085],[32.288,31.151],[32.283,31.183],[32.296,31.226],[32.279,31.257],[32.325,31.274],[32.339,31.246],[32.364,31.23],[32.394,31.213],[32.423,31.199],[32.448,31.183],[32.483,31.152],[32.508,31.123],[32.533,31.098],[32.561,31.079],[32.59,31.066],[32.669,31.059],[32.702,31.066],[32.74,31.071],[32.769,31.08],[32.798,31.091],[32.827,31.101],[32.856,31.117],[32.886,31.13],[32.92,31.151],[32.952,31.162],[32.985,31.176],[33.015,31.192],[33.044,31.208],[33.073,31.221],[33.102,31.23],[33.185,31.233],[33.219,31.226],[33.266,31.22],[33.302,31.208],[33.335,31.2],[33.365,31.195],[33.393,31.184],[33.423,31.171],[33.452,31.158],[33.485,31.134],[33.514,31.121],[33.579,31.117],[33.648,31.117],[33.69,31.121],[33.723,31.129],[33.757,31.134],[33.79,31.142],[33.824,31.151],[33.857,31.159],[33.89,31.167],[33.918,31.179],[33.95,31.188],[33.986,31.201],[34.015,31.213],[34.044,31.226],[34.073,31.241],[34.102,31.255],[34.135,31.274],[34.164,31.291],[34.189,31.308],[34.215,31.326],[34.256,31.362],[34.293,31.395],[34.318,31.416],[34.373,31.466],[34.42,31.514],[34.454,31.552],[34.471,31.577],[34.493,31.604],[34.516,31.635],[34.537,31.66],[34.562,31.694],[34.579,31.719],[34.595,31.744],[34.612,31.773],[34.629,31.802],[34.634,31.837],[34.659,31.856],[34.674,31.885],[34.684,31.915],[34.702,31.941],[34.716,31.969],[34.726,31.998],[34.734,32.027],[34.747,32.057],[34.763,32.09],[34.775,32.119],[34.788,32.165],[34.8,32.194],[34.812,32.223],[34.821,32.257],[34.83,32.286],[34.838,32.315],[34.846,32.344],[34.855,32.382],[34.863,32.411],[34.875,32.439],[34.866,32.474],[34.887,32.498],[34.895,32.527],[34.9,32.558],[34.909,32.598],[34.917,32.644],[34.926,32.703],[34.942,32.731],[34.951,32.794],[34.955,32.828],[34.99,32.837],[35.02,32.829],[35.058,32.843],[35.071,32.877],[35.079,32.908],[35.071,32.948],[35.079,32.981],[35.087,33.01],[35.095,33.04],[35.104,33.068],[35.105,33.108],[35.135,33.129],[35.158,33.152],[35.187,33.177],[35.204,33.206],[35.208,33.257],[35.214,33.287],[35.23,33.315],[35.242,33.344],[35.25,33.375],[35.259,33.406],[35.27,33.435],[35.284,33.462],[35.331,33.495],[35.353,33.517],[35.363,33.565],[35.383,33.588],[35.396,33.649],[35.416,33.681],[35.438,33.707],[35.446,33.748],[35.463,33.773],[35.476,33.806],[35.476,33.844],[35.476,33.877],[35.481,33.908],[35.516,33.908],[35.552,33.908],[35.58,33.936],[35.597,33.962],[35.614,33.992],[35.642,34.004],[35.621,34.035],[35.64,34.062],[35.646,34.114],[35.625,34.143],[35.63,34.194],[35.65,34.218],[35.654,34.267],[35.667,34.304],[35.698,34.316],[35.721,34.335],[35.734,34.378],[35.765,34.384],[35.798,34.404],[35.808,34.433],[35.827,34.462],[35.86,34.462],[35.89,34.467],[35.925,34.489],[35.948,34.512],[35.977,34.521],[35.988,34.552],[35.987,34.594],[35.975,34.623],[35.966,34.652],[35.954,34.683],[35.941,34.711],[35.929,34.773],[35.916,34.802],[35.899,34.836],[35.884,34.864],[35.87,34.895],[35.879,34.938],[35.87,34.967],[35.884,34.999],[35.895,35.027],[35.883,35.067],[35.884,35.098],[35.903,35.122],[35.917,35.152],[35.929,35.182],[35.95,35.208],[35.941,35.24],[35.921,35.264],[35.921,35.298],[35.917,35.329],[35.916,35.39],[35.905,35.427],[35.88,35.452],[35.852,35.471],[35.827,35.488],[35.798,35.504],[35.765,35.504],[35.755,35.534],[35.735,35.558],[35.716,35.587],[35.748,35.592],[35.77,35.613],[35.78,35.642],[35.766,35.672],[35.799,35.688],[35.817,35.716],[35.841,35.743],[35.837,35.786],[35.82,35.823],[35.8,35.853],[35.831,35.855],[35.861,35.863],[35.883,35.885],[35.892,35.915],[35.916,35.934],[35.934,35.97],[35.959,35.994],[35.974,36.023],[35.958,36.052],[35.942,36.081],[35.926,36.11],[35.908,36.138],[35.881,36.17],[35.862,36.194],[35.845,36.219],[35.822,36.243],[35.788,36.281],[35.779,36.312],[35.798,36.338],[35.823,36.363],[35.853,36.372],[35.867,36.401],[35.895,36.417],[35.915,36.446],[35.944,36.463],[35.981,36.476],[36.0,36.499],[36.027,36.521],[36.056,36.542],[36.085,36.555],[36.115,36.571],[36.144,36.591],[36.186,36.596],[36.196,36.631],[36.213,36.661],[36.199,36.69],[36.196,36.72],[36.191,36.752],[36.205,36.781],[36.18,36.81],[36.162,36.836],[36.135,36.854],[36.116,36.882],[36.086,36.899],[36.056,36.913],[36.027,36.924],[35.992,36.92],[35.964,36.9],[35.946,36.873],[35.914,36.862],[35.888,36.837],[35.865,36.813],[35.839,36.791],[35.806,36.779],[35.739,36.766],[35.701,36.759],[35.669,36.766],[35.639,36.749],[35.663,36.717],[35.695,36.722],[35.726,36.713],[35.698,36.695],[35.669,36.68],[35.642,36.661],[35.638,36.627],[35.619,36.601],[35.589,36.591],[35.57,36.563],[35.539,36.571],[35.511,36.583],[35.448,36.588],[35.413,36.587],[35.377,36.551],[35.348,36.541],[35.318,36.559],[35.29,36.575],[35.261,36.587],[35.231,36.6],[35.202,36.616],[35.173,36.629],[35.144,36.641],[35.117,36.654],[35.089,36.667],[35.061,36.683],[35.031,36.696],[35.002,36.709],[34.973,36.717],[34.927,36.721],[34.896,36.735],[34.88,36.76],[34.852,36.779],[34.823,36.791],[34.793,36.8],[34.717,36.808],[34.685,36.805],[34.648,36.796],[34.621,36.783],[34.581,36.774],[34.551,36.756],[34.523,36.733],[34.494,36.716],[34.465,36.696],[34.438,36.673],[34.411,36.655],[34.382,36.642],[34.352,36.629],[34.319,36.601],[34.29,36.588],[34.252,36.559],[34.23,36.532],[34.201,36.506],[34.183,36.48],[34.152,36.462],[34.122,36.445],[34.102,36.42],[34.079,36.4],[34.08,36.364],[34.083,36.331],[34.052,36.296],[34.019,36.301],[33.987,36.288],[33.976,36.256],[33.956,36.229],[33.949,36.261],[33.931,36.291],[33.902,36.309],[33.868,36.312],[33.843,36.291],[33.819,36.255],[33.798,36.23],[33.769,36.217],[33.735,36.196],[33.696,36.165],[33.692,36.133],[33.674,36.158],[33.658,36.187],[33.627,36.187],[33.588,36.165],[33.571,36.135],[33.539,36.124],[33.515,36.145],[33.476,36.159],[33.444,36.146],[33.413,36.137],[33.355,36.138],[33.323,36.138],[33.277,36.129],[33.242,36.124],[33.194,36.126],[33.164,36.134],[33.131,36.13],[33.112,36.101],[33.091,36.075],[33.052,36.088],[33.019,36.091],[32.981,36.095],[32.948,36.1],[32.906,36.083],[32.873,36.07],[32.849,36.047],[32.82,36.035],[32.79,36.025],[32.756,36.025],[32.702,36.034],[32.664,36.042],[32.639,36.059],[32.61,36.071],[32.582,36.087],[32.551,36.091],[32.513,36.097],[32.486,36.112],[32.456,36.133],[32.427,36.145],[32.398,36.162],[32.374,36.183],[32.348,36.208],[32.319,36.221],[32.291,36.244],[32.279,36.273],[32.256,36.304],[32.219,36.333],[32.199,36.361],[32.183,36.39],[32.167,36.417],[32.136,36.437],[32.116,36.465],[32.069,36.508],[32.044,36.526],[32.015,36.541],[31.985,36.524],[31.969,36.554],[31.927,36.559],[31.894,36.571],[31.86,36.584],[31.81,36.592],[31.783,36.605],[31.756,36.621],[31.714,36.638],[31.681,36.642],[31.651,36.66],[31.618,36.675],[31.589,36.692],[31.56,36.709],[31.527,36.721],[31.498,36.734],[31.469,36.742],[31.439,36.751],[31.402,36.762],[31.369,36.791],[31.335,36.805],[31.298,36.813],[31.26,36.817],[31.214,36.821],[31.179,36.829],[31.144,36.83],[31.104,36.838],[31.073,36.842],[31.039,36.85],[31.002,36.855],[30.946,36.854],[30.898,36.851],[30.867,36.85],[30.798,36.845],[30.764,36.845],[30.736,36.854],[30.705,36.872],[30.673,36.879],[30.644,36.862],[30.617,36.84],[30.595,36.815],[30.579,36.777],[30.576,36.746],[30.571,36.715],[30.574,36.673],[30.563,36.642],[30.573,36.605],[30.591,36.576],[30.567,36.552],[30.558,36.522],[30.534,36.498],[30.519,36.467],[30.512,36.438],[30.487,36.415],[30.502,36.371],[30.529,36.345],[30.506,36.321],[30.467,36.312],[30.487,36.288],[30.463,36.26],[30.438,36.24],[30.409,36.208],[30.404,36.24],[30.407,36.271],[30.377,36.27],[30.348,36.28],[30.323,36.296],[30.289,36.309],[30.246,36.313],[30.181,36.312],[30.15,36.3],[30.143,36.262],[30.117,36.245],[30.086,36.249],[30.052,36.254],[30.023,36.237],[29.984,36.212],[29.952,36.22],[29.919,36.226],[29.892,36.199],[29.88,36.166],[29.831,36.166],[29.806,36.146],[29.777,36.134],[29.748,36.124],[29.763,36.153],[29.73,36.155],[29.702,36.142],[29.669,36.146],[29.635,36.167],[29.619,36.195],[29.583,36.184],[29.477,36.209],[29.444,36.209],[29.415,36.221],[29.409,36.252],[29.375,36.257],[29.349,36.229],[29.315,36.246],[29.29,36.267],[29.264,36.288],[29.25,36.315],[29.216,36.326],[29.18,36.334],[29.157,36.353],[29.116,36.376],[29.099,36.407],[29.13,36.42],[29.117,36.452],[29.108,36.485],[29.12,36.515],[29.116,36.546],[29.088,36.557],[29.054,36.553],[29.021,36.537],[29.042,36.566],[29.02,36.588],[29.041,36.623],[29.071,36.627],[29.099,36.642],[29.09,36.679],[29.052,36.68],[29.018,36.701],[28.986,36.716],[28.956,36.729],[28.926,36.732],[28.912,36.706],[28.881,36.692],[28.862,36.665],[28.872,36.637],[28.9,36.657],[28.916,36.684],[28.913,36.653],[28.89,36.629],[28.865,36.599],[28.83,36.601],[28.831,36.633],[28.806,36.654],[28.79,36.683],[28.761,36.695],[28.73,36.701],[28.692,36.699],[28.66,36.712],[28.63,36.695],[28.62,36.728],[28.613,36.77],[28.608,36.8],[28.581,36.816],[28.551,36.819],[28.542,36.784],[28.514,36.801],[28.469,36.812],[28.449,36.853],[28.406,36.854],[28.43,36.82],[28.413,36.794],[28.38,36.788],[28.352,36.804],[28.319,36.812],[28.294,36.791],[28.267,36.811],[28.309,36.82],[28.281,36.845],[28.251,36.837],[28.262,36.797],[28.276,36.759],[28.305,36.738],[28.274,36.733],[28.249,36.713],[28.228,36.688],[28.198,36.684],[28.163,36.679],[28.149,36.644],[28.126,36.615],[28.107,36.588],[28.07,36.592],[28.048,36.57],[27.994,36.562],[27.963,36.576],[27.959,36.608],[27.992,36.613],[28.023,36.608],[28.053,36.617],[28.084,36.637],[28.051,36.638],[28.025,36.66],[27.99,36.671],[27.962,36.686],[27.988,36.706],[28.013,36.723],[28.041,36.708],[28.047,36.738],[28.099,36.728],[28.091,36.76],[28.12,36.771],[28.102,36.799],[28.079,36.772],[28.05,36.758],[28.017,36.758],[27.984,36.754],[27.948,36.751],[27.918,36.742],[27.887,36.744],[27.856,36.742],[27.827,36.758],[27.792,36.749],[27.759,36.763],[27.727,36.759],[27.703,36.733],[27.695,36.701],[27.676,36.669],[27.64,36.67],[27.609,36.68],[27.573,36.679],[27.542,36.67],[27.51,36.671],[27.487,36.652],[27.44,36.659],[27.409,36.662],[27.381,36.683],[27.359,36.706],[27.394,36.708],[27.421,36.72],[27.405,36.746],[27.449,36.751],[27.478,36.762],[27.525,36.754],[27.556,36.763],[27.592,36.771],[27.624,36.78],[27.642,36.805],[27.682,36.803],[27.746,36.787],[27.778,36.796],[27.806,36.812],[27.844,36.812],[27.879,36.808],[27.91,36.809],[27.944,36.801],[27.979,36.799],[28.015,36.799],[28.059,36.805],[28.037,36.83],[28.006,36.833],[28.013,36.865],[28.041,36.876],[28.023,36.901],[28.05,36.926],[28.075,36.946],[28.106,36.941],[28.141,36.938],[28.165,36.916],[28.151,36.944],[28.181,36.951],[28.206,36.974],[28.227,36.999],[28.256,37.012],[28.29,37.021],[28.323,37.029],[28.273,37.045],[28.194,37.037],[28.165,37.026],[28.127,37.03],[28.102,37.009],[28.004,37.02],[27.971,37.021],[27.94,37.02],[27.908,37.021],[27.877,37.021],[27.844,37.016],[27.801,36.991],[27.764,36.991],[27.732,36.999],[27.695,36.995],[27.665,36.992],[27.64,36.976],[27.602,36.991],[27.57,36.989],[27.54,36.987],[27.499,36.983],[27.465,36.996],[27.439,37.021],[27.406,37.02],[27.387,36.987],[27.379,37.019],[27.348,37.02],[27.333,36.99],[27.308,36.951],[27.279,36.963],[27.254,36.996],[27.249,37.027],[27.229,37.052],[27.233,37.085],[27.265,37.096],[27.292,37.11],[27.26,37.109],[27.269,37.138],[27.313,37.125],[27.32,37.158],[27.345,37.14],[27.365,37.167],[27.391,37.149],[27.423,37.126],[27.447,37.101],[27.474,37.083],[27.499,37.105],[27.527,37.121],[27.57,37.13],[27.543,37.151],[27.512,37.147],[27.538,37.167],[27.525,37.196],[27.555,37.195],[27.576,37.22],[27.597,37.249],[27.6,37.283],[27.569,37.271],[27.565,37.241],[27.531,37.238],[27.495,37.235],[27.516,37.26],[27.477,37.255],[27.471,37.285],[27.488,37.31],[27.452,37.308],[27.41,37.305],[27.384,37.327],[27.379,37.357],[27.412,37.381],[27.421,37.41],[27.39,37.408],[27.366,37.381],[27.335,37.37],[27.319,37.341],[27.29,37.351],[27.26,37.334],[27.227,37.345],[27.192,37.351],[27.208,37.381],[27.226,37.407],[27.216,37.454],[27.202,37.483],[27.184,37.537],[27.166,37.569],[27.138,37.606],[27.106,37.63],[27.056,37.638],[27.015,37.646],[27.009,37.681],[27.04,37.688],[27.084,37.688],[27.119,37.688],[27.148,37.696],[27.181,37.705],[27.21,37.713],[27.249,37.742],[27.262,37.773],[27.267,37.813],[27.239,37.829],[27.237,37.861],[27.263,37.894],[27.263,37.924],[27.263,37.956],[27.244,37.98],[27.187,37.988],[27.156,37.983],[27.127,37.991],[27.102,38.009],[27.072,38.018],[27.053,38.045],[27.017,38.054],[26.99,38.07],[26.952,38.075],[26.921,38.067],[26.884,38.044],[26.853,38.056],[26.849,38.09],[26.835,38.12],[26.816,38.146],[26.794,38.17],[26.767,38.19],[26.752,38.216],[26.723,38.205],[26.69,38.201],[26.652,38.201],[26.638,38.166],[26.621,38.135],[26.609,38.102],[26.579,38.113],[26.548,38.12],[26.523,38.138],[26.508,38.167],[26.483,38.188],[26.452,38.195],[26.431,38.217],[26.442,38.188],[26.416,38.207],[26.388,38.222],[26.39,38.259],[26.372,38.233],[26.333,38.224],[26.305,38.238],[26.285,38.262],[26.25,38.267],[26.229,38.295],[26.273,38.292],[26.28,38.324],[26.283,38.356],[26.308,38.373],[26.32,38.342],[26.349,38.331],[26.373,38.312],[26.38,38.346],[26.405,38.329],[26.431,38.346],[26.458,38.371],[26.463,38.403],[26.499,38.408],[26.495,38.445],[26.46,38.462],[26.424,38.476],[26.402,38.446],[26.399,38.477],[26.387,38.505],[26.371,38.531],[26.366,38.562],[26.358,38.606],[26.349,38.637],[26.365,38.663],[26.398,38.671],[26.427,38.683],[26.46,38.674],[26.494,38.666],[26.529,38.652],[26.541,38.623],[26.566,38.602],[26.572,38.563],[26.61,38.534],[26.634,38.515],[26.642,38.48],[26.61,38.467],[26.603,38.434],[26.621,38.406],[26.642,38.382],[26.647,38.343],[26.678,38.312],[26.691,38.342],[26.679,38.373],[26.683,38.406],[26.707,38.438],[26.737,38.432],[26.759,38.403],[26.767,38.372],[26.795,38.358],[26.823,38.37],[26.86,38.376],[26.894,38.383],[26.944,38.388],[26.973,38.399],[27.01,38.413],[27.045,38.417],[27.079,38.404],[27.12,38.413],[27.139,38.441],[27.162,38.46],[27.131,38.458],[27.102,38.449],[27.077,38.466],[27.025,38.463],[26.995,38.452],[26.966,38.434],[26.935,38.449],[26.917,38.475],[26.894,38.495],[26.86,38.513],[26.831,38.521],[26.812,38.549],[26.841,38.563],[26.819,38.584],[26.799,38.607],[26.755,38.613],[26.741,38.641],[26.733,38.671],[26.711,38.691],[26.724,38.726],[26.763,38.741],[26.798,38.751],[26.827,38.763],[26.86,38.754],[26.885,38.737],[26.905,38.77],[26.934,38.76],[26.913,38.784],[26.891,38.816],[26.927,38.833],[26.958,38.804],[26.983,38.824],[26.988,38.857],[27.019,38.871],[27.063,38.872],[27.034,38.893],[27.055,38.924],[27.023,38.929],[26.994,38.916],[26.967,38.929],[26.937,38.937],[26.906,38.93],[26.879,38.912],[26.849,38.917],[26.819,38.934],[26.795,38.963],[26.795,38.994],[26.795,39.027],[26.825,39.041],[26.856,39.059],[26.884,39.084],[26.851,39.123],[26.827,39.145],[26.798,39.159],[26.768,39.163],[26.745,39.195],[26.733,39.24],[26.706,39.259],[26.645,39.267],[26.609,39.272],[26.621,39.31],[26.591,39.334],[26.613,39.361],[26.582,39.375],[26.602,39.399],[26.635,39.392],[26.671,39.391],[26.631,39.376],[26.659,39.351],[26.699,39.349],[26.656,39.329],[26.686,39.317],[26.706,39.342],[26.734,39.361],[26.765,39.38],[26.798,39.392],[26.796,39.423],[26.823,39.437],[26.853,39.442],[26.854,39.473],[26.906,39.48],[26.93,39.507],[26.938,39.54],[26.941,39.57],[26.908,39.579],[26.876,39.584],[26.852,39.563],[26.819,39.566],[26.781,39.567],[26.745,39.562],[26.715,39.559],[26.683,39.554],[26.648,39.554],[26.619,39.546],[26.59,39.538],[26.556,39.533],[26.519,39.529],[26.481,39.524],[26.444,39.516],[26.402,39.499],[26.372,39.487],[26.335,39.483],[26.283,39.484],[26.244,39.463],[26.206,39.459],[26.164,39.458],[26.133,39.449],[26.102,39.462],[26.073,39.47],[26.067,39.502],[26.087,39.531],[26.099,39.569],[26.118,39.599],[26.142,39.619],[26.158,39.648],[26.163,39.684],[26.154,39.723],[26.141,39.752],[26.155,39.806],[26.139,39.838],[26.142,39.87],[26.158,39.898],[26.159,39.936],[26.167,39.969],[26.183,39.998],[26.213,40.008],[26.248,40.004],[26.29,40.009],[26.319,40.021],[26.338,40.045],[26.358,40.073],[26.363,40.104],[26.402,40.116],[26.397,40.153],[26.405,40.183],[26.435,40.199],[26.469,40.204],[26.498,40.213],[26.537,40.235],[26.554,40.26],[26.581,40.284],[26.619,40.299],[26.645,40.322],[26.669,40.342],[26.689,40.366],[26.712,40.392],[26.744,40.404],[26.79,40.408],[26.831,40.401],[26.862,40.399],[26.894,40.404],[26.927,40.399],[26.99,40.388],[27.02,40.396],[27.052,40.409],[27.074,40.43],[27.11,40.446],[27.148,40.451],[27.177,40.442],[27.21,40.445],[27.24,40.458],[27.273,40.474],[27.306,40.455],[27.324,40.427],[27.308,40.396],[27.331,40.371],[27.361,40.358],[27.39,40.345],[27.419,40.333],[27.448,40.321],[27.477,40.313],[27.511,40.308],[27.552,40.305],[27.582,40.317],[27.625,40.329],[27.66,40.316],[27.692,40.312],[27.723,40.313],[27.759,40.308],[27.79,40.324],[27.823,40.349],[27.852,40.362],[27.88,40.378],[27.84,40.388],[27.806,40.387],[27.783,40.407],[27.756,40.424],[27.745,40.453],[27.715,40.455],[27.683,40.472],[27.684,40.503],[27.708,40.523],[27.741,40.528],[27.773,40.526],[27.804,40.516],[27.835,40.512],[27.873,40.52],[27.919,40.512],[27.95,40.499],[27.981,40.495],[28.019,40.491],[28.028,40.455],[28.002,40.437],[27.973,40.421],[27.94,40.412],[27.909,40.399],[27.924,40.373],[27.954,40.358],[27.985,40.367],[28.04,40.376],[28.077,40.384],[28.135,40.392],[28.219,40.401],[28.277,40.404],[28.323,40.401],[28.356,40.401],[28.39,40.399],[28.46,40.396],[28.508,40.396],[28.539,40.388],[28.577,40.379],[28.615,40.37],[28.648,40.367],[28.677,40.379],[28.719,40.38],[28.761,40.392],[28.815,40.395],[28.844,40.383],[28.877,40.384],[28.907,40.37],[28.944,40.359],[28.99,40.359],[29.023,40.366],[29.057,40.367],[29.073,40.4],[29.123,40.421],[29.154,40.425],[29.119,40.454],[29.09,40.474],[29.052,40.476],[29.015,40.467],[28.977,40.455],[28.923,40.463],[28.894,40.474],[28.865,40.495],[28.815,40.509],[28.78,40.517],[28.788,40.548],[28.827,40.567],[28.856,40.576],[28.885,40.584],[28.915,40.596],[28.944,40.612],[28.963,40.636],[28.994,40.646],[29.059,40.651],[29.094,40.646],[29.127,40.651],[29.156,40.659],[29.225,40.658],[29.281,40.663],[29.319,40.671],[29.348,40.68],[29.373,40.701],[29.406,40.699],[29.44,40.692],[29.468,40.708],[29.494,40.726],[29.525,40.722],[29.56,40.688],[29.594,40.695],[29.648,40.701],[29.681,40.708],[29.723,40.713],[29.773,40.721],[29.802,40.73],[29.835,40.729],[29.869,40.729],[29.902,40.717],[29.937,40.722],[29.937,40.752],[29.883,40.759],[29.839,40.749],[29.802,40.745],[29.764,40.742],[29.745,40.766],[29.711,40.774],[29.631,40.776],[29.598,40.774],[29.57,40.762],[29.538,40.767],[29.506,40.774],[29.473,40.771],[29.44,40.77],[29.41,40.759],[29.351,40.755],[29.334,40.784],[29.327,40.816],[29.291,40.813],[29.26,40.8],[29.276,40.828],[29.259,40.855],[29.228,40.866],[29.198,40.883],[29.169,40.891],[29.14,40.901],[29.12,40.927],[29.094,40.949],[29.065,40.962],[29.03,40.968],[29.005,41.006],[29.019,41.034],[29.049,41.051],[29.063,41.079],[29.094,41.095],[29.131,41.104],[29.157,41.12],[29.179,41.094],[29.207,41.074],[29.204,41.039],[29.195,40.988],[29.172,40.966],[29.206,40.946],[29.233,40.931],[29.264,40.937],[29.298,40.938],[29.328,40.937],[29.349,40.915],[29.381,40.905],[29.414,40.884],[29.432,40.859],[29.452,40.883],[29.482,40.887],[29.51,40.9],[29.548,40.895],[29.586,40.883],[29.623,40.875],[29.654,40.871],[29.683,40.86],[29.671,40.823],[29.698,40.805],[29.752,40.813],[29.784,40.816],[29.813,40.83],[29.849,40.846],[29.886,40.85],[29.914,40.838],[29.937,40.86],[29.97,40.863],[30.002,40.88],[30.037,40.883],[30.071,40.863],[30.098,40.846],[30.127,40.841],[30.169,40.838],[30.211,40.826],[30.2,40.779],[30.174,40.76],[30.154,40.735],[30.091,40.734],[30.071,40.673],[30.088,40.643],[30.12,40.619],[30.133,40.586],[30.111,40.555],[30.081,40.542],[30.051,40.533],[30.024,40.549],[29.994,40.563],[29.952,40.555],[29.923,40.538],[29.9,40.516],[29.881,40.491],[29.85,40.473],[29.898,40.463],[29.932,40.471],[29.962,40.461],[29.974,40.426],[29.931,40.42],[29.898,40.408],[29.855,40.399],[29.823,40.383],[29.794,40.371],[29.756,40.366],[29.718,40.362],[29.687,40.349],[29.656,40.354],[29.618,40.35],[29.569,40.349],[29.535,40.351],[29.506,40.341],[29.475,40.342],[29.435,40.337],[29.397,40.341],[29.387,40.309],[29.346,40.308],[29.33,40.265],[29.356,40.241],[29.354,40.205],[29.372,40.176],[29.338,40.144],[29.32,40.119],[29.312,40.085],[29.287,40.069],[29.267,40.05]],[[33.65,34.946],[33.645,34.915],[33.637,34.884],[33.609,34.831],[33.572,34.817],[33.527,34.796],[33.499,34.776],[33.469,34.771],[33.44,34.763],[33.413,34.75],[33.381,34.737],[33.343,34.729],[33.315,34.713],[33.281,34.717],[33.191,34.704],[33.161,34.712],[33.114,34.704],[33.085,34.691],[33.044,34.667],[33.023,34.642],[33.009,34.606],[33.038,34.572],[33.006,34.566],[32.973,34.57],[32.939,34.566],[32.93,34.598],[32.916,34.627],[32.895,34.649],[32.87,34.667],[32.833,34.662],[32.798,34.662],[32.764,34.654],[32.723,34.645],[32.69,34.645],[32.656,34.654],[32.619,34.663],[32.592,34.679],[32.559,34.693],[32.527,34.696],[32.495,34.699],[32.469,34.717],[32.435,34.734],[32.409,34.749],[32.399,34.781],[32.391,34.82],[32.369,34.846],[32.341,34.865],[32.316,34.895],[32.317,34.931],[32.299,34.961],[32.308,35.003],[32.276,35.035],[32.267,35.065],[32.274,35.094],[32.307,35.095],[32.331,35.074],[32.36,35.051],[32.394,35.045],[32.427,35.046],[32.46,35.066],[32.487,35.085],[32.504,35.11],[32.517,35.141],[32.545,35.169],[32.577,35.174],[32.612,35.184],[32.645,35.201],[32.677,35.192],[32.715,35.187],[32.745,35.177],[32.786,35.166],[32.816,35.155],[32.852,35.151],[32.885,35.17],[32.908,35.194],[32.92,35.223],[32.93,35.256],[32.937,35.306],[32.933,35.345],[32.92,35.39],[32.952,35.392],[32.981,35.38],[33.036,35.37],[33.064,35.359],[33.102,35.362],[33.136,35.366],[33.166,35.354],[33.195,35.363],[33.231,35.354],[33.264,35.351],[33.295,35.353],[33.341,35.345],[33.37,35.337],[33.419,35.337],[33.456,35.338],[33.49,35.338],[33.527,35.346],[33.577,35.351],[33.608,35.363],[33.64,35.362],[33.673,35.37],[33.704,35.385],[33.731,35.401],[33.769,35.413],[33.827,35.416],[33.86,35.42],[33.898,35.43],[33.936,35.438],[33.965,35.446],[34.002,35.459],[34.044,35.476],[34.081,35.499],[34.12,35.505],[34.146,35.53],[34.17,35.552],[34.202,35.559],[34.236,35.563],[34.264,35.579],[34.298,35.584],[34.322,35.604],[34.347,35.624],[34.377,35.637],[34.419,35.649],[34.456,35.658],[34.495,35.663],[34.528,35.676],[34.556,35.695],[34.596,35.7],[34.579,35.656],[34.548,35.641],[34.519,35.633],[34.49,35.617],[34.456,35.608],[34.429,35.585],[34.412,35.555],[34.381,35.538],[34.348,35.521],[34.311,35.492],[34.281,35.476],[34.252,35.467],[34.223,35.455],[34.194,35.445],[34.165,35.43],[34.115,35.392],[34.084,35.365],[34.076,35.336],[34.044,35.321],[34.011,35.32],[33.969,35.32],[33.938,35.294],[33.92,35.263],[33.905,35.227],[33.905,35.193],[33.913,35.163],[33.948,35.13],[33.974,35.098],[34.003,35.074],[34.054,35.027],[34.08,34.993],[34.092,34.963],[34.06,34.959],[34.027,34.971],[33.994,34.98],[33.96,34.983],[33.919,34.974],[33.89,34.951],[33.856,34.942],[33.827,34.962],[33.798,34.971],[33.752,34.979],[33.702,34.979],[33.673,34.967],[33.65,34.946]],[[33.138,31.108],[33.163,31.086],[33.149,31.052],[33.181,31.055],[33.206,31.074],[33.236,31.076],[33.265,31.092],[33.293,31.103],[33.344,31.113],[33.371,31.129],[33.384,31.166],[33.352,31.184],[33.321,31.196],[33.281,31.201],[33.239,31.213],[33.194,31.221],[33.108,31.226],[33.081,31.204],[33.048,31.196],[33.019,31.183],[32.985,31.166],[32.956,31.154],[32.928,31.134],[32.894,31.121],[32.906,31.091],[32.935,31.104],[32.981,31.105],[33.005,31.127],[33.022,31.153],[33.052,31.163],[33.081,31.18],[33.121,31.191],[33.124,31.156],[33.149,31.132],[33.125,31.109],[33.138,31.108]],[[27.442,36.973],[27.42,36.995],[27.452,36.988],[27.491,36.978],[27.456,36.963],[27.442,36.973]],[[26.367,38.442],[26.34,38.421],[26.348,38.458],[26.367,38.442]]]}},{"type":"Feature","properties":{"HYBAS_ID":2040003440,"MAIN_BAS":2040003440,"NEXT_DOWN":0,"SUB_AREA":3161.1,"UP_AREA":3161.1,"ENDO":0},"geometry":{"type":"Polygon","coordinates":[[[30.158,41.142],[30.192,41.152],[30.225,41.164],[30.24,41.191],[30.262,41.212],[30.311,41.204],[30.353,41.195],[30.381,41.179],[30.41,41.167],[30.444,41.162],[30.481,41.154],[30.527,41.145],[30.561,41.141],[30.598,41.137],[30.636,41.133],[30.602,41.126],[30.565,41.13],[30.531,41.134],[30.498,41.134],[30.465,41.141],[30.431,41.149],[30.391,41.155],[30.356,41.155],[30.341,41.127],[30.315,41.105],[30.294,41.083],[30.271,41.058],[30.245,41.03],[30.245,40.969],[30.231,40.938],[30.194,40.929],[30.167,40.908],[30.138,40.894],[30.098,40.883],[30.071,40.865],[30.038,40.868],[30.01,40.887],[29.972,40.87],[29.938,40.863],[29.917,40.838],[29.886,40.85],[29.851,40.838],[29.819,40.825],[29.784,40.816],[29.752,40.813],[29.713,40.812],[29.684,40.804],[29.68,40.842],[29.66,40.867],[29.629,40.871],[29.594,40.879],[29.561,40.891],[29.514,40.896],[29.485,40.883],[29.452,40.883],[29.432,40.859],[29.414,40.884],[29.395,40.907],[29.357,40.899],[29.335,40.926],[29.303,40.942],[29.264,40.937],[29.234,40.925],[29.212,40.951],[29.176,40.941],[29.168,40.97],[29.195,40.988],[29.196,41.027],[29.212,41.056],[29.189,41.08],[29.168,41.101],[29.136,41.105],[29.106,41.091],[29.063,41.1],[29.09,41.12],[29.071,41.148],[29.084,41.179],[29.116,41.188],[29.135,41.213],[29.169,41.229],[29.213,41.225],[29.248,41.234],[29.281,41.229],[29.315,41.221],[29.352,41.216],[29.398,41.216],[29.427,41.205],[29.465,41.199],[29.498,41.191],[29.54,41.183],[29.585,41.174],[29.627,41.183],[29.656,41.17],[29.702,41.166],[29.731,41.159],[29.781,41.162],[29.811,41.154],[29.842,41.142],[29.936,41.145],[29.977,41.141],[30.065,41.141],[30.106,41.142],[30.144,41.145],[30.158,41.142]]]}},{"type":"Feature","properties":{"HYBAS_ID":2040003550,"MAIN_BAS":2040003550,"NEXT_DOWN":0,"SUB_AREA":62833.9,"UP_AREA":62833.9,"ENDO":0},"geometry":{"type":"Polygon","coordinates":[[[30.7,38.996],[30.681,39.024],[30.654,39.044],[30.63,39.069],[30.603,39.087],[30.573,39.091],[30.542,39.11],[30.498,39.125],[30.478,39.097],[30.448,39.075],[30.426,39.044],[30.41,39.013],[30.392,38.985],[30.392,38.952],[30.387,38.906],[30.369,38.88],[30.325,38.875],[30.298,38.895],[30.269,38.904],[30.231,38.905],[30.201,38.907],[30.195,38.873],[30.148,38.854],[30.112,38.845],[30.08,38.835],[30.051,38.816],[30.019,38.816],[30.008,38.769],[29.99,38.734],[29.963,38.75],[29.954,38.794],[29.966,38.826],[29.962,38.856],[29.963,38.891],[29.933,38.908],[29.891,38.904],[29.852,38.908],[29.802,38.909],[29.768,38.921],[29.741,38.97],[29.733,39.008],[29.708,39.029],[29.734,39.048],[29.722,39.076],[29.722,39.108],[29.746,39.131],[29.766,39.165],[29.771,39.196],[29.762,39.227],[29.745,39.252],[29.764,39.279],[29.784,39.302],[29.763,39.326],[29.751,39.356],[29.789,39.391],[29.812,39.411],[29.796,39.438],[29.765,39.445],[29.735,39.45],[29.72,39.477],[29.702,39.5],[29.673,39.513],[29.663,39.544],[29.646,39.581],[29.681,39.587],[29.719,39.592],[29.752,39.595],[29.781,39.608],[29.81,39.617],[29.841,39.618],[29.85,39.652],[29.855,39.682],[29.84,39.708],[29.796,39.708],[29.775,39.735],[29.779,39.766],[29.769,39.795],[29.808,39.8],[29.8,39.831],[29.768,39.838],[29.729,39.846],[29.701,39.863],[29.669,39.866],[29.63,39.879],[29.593,39.87],[29.546,39.867],[29.515,39.891],[29.481,39.904],[29.448,39.908],[29.418,39.905],[29.379,39.908],[29.366,39.94],[29.35,39.967],[29.309,39.997],[29.299,40.031],[29.273,40.046],[29.288,40.074],[29.313,40.107],[29.337,40.14],[29.365,40.167],[29.355,40.198],[29.37,40.227],[29.338,40.242],[29.329,40.284],[29.357,40.308],[29.388,40.315],[29.42,40.342],[29.452,40.334],[29.483,40.348],[29.519,40.342],[29.562,40.353],[29.599,40.351],[29.638,40.35],[29.67,40.355],[29.708,40.358],[29.752,40.363],[29.788,40.371],[29.819,40.38],[29.85,40.388],[29.886,40.401],[29.919,40.416],[29.952,40.424],[29.974,40.445],[29.952,40.467],[29.902,40.466],[29.864,40.462],[29.881,40.491],[29.9,40.516],[29.921,40.538],[29.947,40.553],[29.977,40.567],[30.015,40.551],[30.029,40.521],[30.061,40.534],[30.089,40.549],[30.119,40.562],[30.125,40.593],[30.107,40.633],[30.084,40.652],[30.07,40.718],[30.127,40.733],[30.174,40.76],[30.2,40.779],[30.206,40.809],[30.18,40.83],[30.141,40.833],[30.115,40.849],[30.086,40.858],[30.121,40.883],[30.142,40.911],[30.173,40.912],[30.211,40.93],[30.241,40.943],[30.246,41.009],[30.254,41.04],[30.272,41.066],[30.3,41.085],[30.323,41.112],[30.342,41.145],[30.381,41.154],[30.431,41.149],[30.465,41.141],[30.498,41.134],[30.531,41.134],[30.565,41.13],[30.598,41.129],[30.631,41.12],[30.665,41.116],[30.675,41.088],[30.695,41.061],[30.725,41.042],[30.737,41.009],[30.73,40.977],[30.738,40.947],[30.737,40.915],[30.737,40.881],[30.768,40.875],[30.802,40.871],[30.831,40.863],[30.855,40.844],[30.878,40.816],[30.931,40.796],[30.91,40.774],[30.881,40.763],[30.851,40.753],[30.823,40.734],[30.817,40.704],[30.792,40.687],[30.789,40.655],[30.819,40.645],[30.861,40.645],[30.894,40.659],[30.917,40.638],[30.948,40.641],[30.978,40.663],[31.004,40.641],[31.042,40.65],[31.073,40.659],[31.104,40.667],[31.135,40.662],[31.169,40.642],[31.195,40.624],[31.227,40.629],[31.259,40.623],[31.239,40.6],[31.277,40.595],[31.315,40.6],[31.348,40.595],[31.377,40.583],[31.406,40.567],[31.438,40.554],[31.469,40.567],[31.502,40.584],[31.531,40.596],[31.56,40.616],[31.59,40.625],[31.623,40.633],[31.652,40.649],[31.686,40.655],[31.727,40.659],[31.769,40.667],[31.798,40.675],[31.829,40.679],[31.824,40.648],[31.808,40.619],[31.799,40.584],[31.832,40.566],[31.849,40.54],[31.871,40.517],[31.902,40.516],[31.936,40.508],[31.97,40.495],[32.002,40.491],[32.033,40.509],[32.065,40.508],[32.098,40.508],[32.117,40.532],[32.152,40.546],[32.22,40.549],[32.26,40.558],[32.295,40.572],[32.325,40.588],[32.356,40.592],[32.395,40.601],[32.436,40.595],[32.467,40.583],[32.459,40.613],[32.431,40.649],[32.409,40.673],[32.423,40.7],[32.452,40.713],[32.487,40.727],[32.519,40.742],[32.548,40.755],[32.59,40.742],[32.628,40.733],[32.664,40.749],[32.691,40.728],[32.717,40.708],[32.748,40.675],[32.798,40.667],[32.829,40.658],[32.867,40.654],[32.856,40.624],[32.824,40.608],[32.849,40.591],[32.871,40.57],[32.858,40.529],[32.895,40.516],[32.94,40.521],[32.964,40.5],[32.998,40.479],[33.031,40.47],[33.082,40.463],[33.105,40.435],[33.091,40.406],[33.111,40.383],[33.131,40.359],[33.113,40.332],[33.085,40.32],[33.07,40.294],[33.091,40.27],[33.106,40.242],[33.135,40.229],[33.169,40.209],[33.199,40.203],[33.22,40.179],[33.208,40.144],[33.212,40.11],[33.199,40.081],[33.225,40.058],[33.237,40.023],[33.216,39.988],[33.188,39.969],[33.171,39.94],[33.159,39.911],[33.127,39.895],[33.121,39.854],[33.085,39.833],[33.056,39.825],[33.014,39.816],[32.986,39.8],[32.955,39.782],[32.932,39.755],[32.9,39.736],[32.917,39.702],[32.917,39.671],[32.891,39.652],[32.874,39.627],[32.858,39.601],[32.834,39.578],[32.824,39.544],[32.82,39.51],[32.823,39.48],[32.792,39.465],[32.787,39.427],[32.773,39.392],[32.74,39.4],[32.661,39.395],[32.645,39.369],[32.629,39.34],[32.646,39.313],[32.65,39.281],[32.671,39.252],[32.682,39.222],[32.679,39.192],[32.676,39.156],[32.674,39.126],[32.68,39.088],[32.709,39.072],[32.721,39.044],[32.724,39.011],[32.712,38.973],[32.67,38.966],[32.636,38.967],[32.597,38.966],[32.592,38.936],[32.569,38.909],[32.536,38.88],[32.506,38.863],[32.479,38.843],[32.451,38.824],[32.453,38.793],[32.427,38.771],[32.432,38.741],[32.464,38.721],[32.507,38.704],[32.527,38.676],[32.551,38.652],[32.582,38.645],[32.575,38.605],[32.592,38.577],[32.605,38.547],[32.633,38.525],[32.602,38.509],[32.578,38.48],[32.555,38.456],[32.55,38.418],[32.533,38.388],[32.521,38.352],[32.53,38.323],[32.524,38.292],[32.498,38.275],[32.476,38.244],[32.476,38.21],[32.476,38.168],[32.455,38.127],[32.422,38.13],[32.376,38.133],[32.346,38.125],[32.314,38.12],[32.281,38.112],[32.248,38.109],[32.215,38.104],[32.185,38.095],[32.146,38.096],[32.115,38.087],[32.086,38.095],[32.038,38.075],[32.019,38.046],[31.994,38.029],[31.96,38.02],[31.927,38.012],[31.873,38.009],[31.843,38.017],[31.811,38.025],[31.777,38.02],[31.742,38.002],[31.718,37.979],[31.689,37.987],[31.665,37.967],[31.642,37.994],[31.619,38.017],[31.588,38.03],[31.558,38.042],[31.57,38.077],[31.587,38.106],[31.604,38.135],[31.612,38.164],[31.635,38.187],[31.666,38.21],[31.671,38.242],[31.695,38.281],[31.716,38.305],[31.72,38.349],[31.731,38.383],[31.766,38.388],[31.78,38.423],[31.799,38.464],[31.817,38.495],[31.797,38.517],[31.777,38.542],[31.767,38.579],[31.767,38.613],[31.731,38.617],[31.705,38.648],[31.683,38.674],[31.651,38.666],[31.625,38.645],[31.595,38.66],[31.569,38.676],[31.538,38.679],[31.506,38.692],[31.451,38.697],[31.434,38.723],[31.45,38.751],[31.449,38.785],[31.43,38.809],[31.404,38.833],[31.378,38.857],[31.343,38.85],[31.311,38.842],[31.281,38.837],[31.256,38.817],[31.205,38.821],[31.175,38.828],[31.148,38.849],[31.114,38.855],[31.086,38.87],[31.052,38.87],[31.023,38.863],[30.994,38.87],[30.967,38.888],[30.935,38.888],[30.908,38.904],[30.869,38.921],[30.838,38.934],[30.846,38.965],[30.811,38.967],[30.781,38.959],[30.762,38.994],[30.732,38.991],[30.7,38.996]]]}},{"type":"Feature","properties":{"HYBAS_ID":2040003560,"MAIN_BAS":2040003560,"NEXT_DOWN":0,"SUB_AREA":29837.1,"UP_AREA":29837.1,"ENDO":0},"geometry":{"type":"Polygon","coordinates":[[[33.271,41.383],[33.307,41.383],[33.336,41.371],[33.375,41.352],[33.407,41.345],[33.458,41.338],[33.492,41.354],[33.536,41.359],[33.558,41.383],[33.585,41.359],[33.616,41.344],[33.639,41.321],[33.667,41.304],[33.647,41.274],[33.676,41.243],[33.671,41.206],[33.692,41.184],[33.684,41.152],[33.688,41.119],[33.684,41.086],[33.679,41.054],[33.648,41.03],[33.56,41.021],[33.529,41.021],[33.489,40.999],[33.456,40.987],[33.423,40.983],[33.404,40.959],[33.373,40.949],[33.344,40.941],[33.293,40.93],[33.239,40.924],[33.202,40.912],[33.174,40.897],[33.174,40.86],[33.197,40.834],[33.205,40.802],[33.191,40.773],[33.16,40.758],[33.127,40.742],[33.098,40.75],[33.051,40.749],[33.038,40.72],[33.014,40.695],[32.998,40.67],[32.96,40.649],[32.931,40.637],[32.9,40.65],[32.867,40.652],[32.833,40.658],[32.803,40.671],[32.762,40.666],[32.718,40.705],[32.692,40.723],[32.671,40.75],[32.645,40.731],[32.616,40.741],[32.572,40.741],[32.544,40.758],[32.513,40.741],[32.477,40.717],[32.448,40.712],[32.419,40.696],[32.413,40.665],[32.444,40.638],[32.465,40.609],[32.448,40.584],[32.419,40.596],[32.381,40.588],[32.352,40.595],[32.31,40.588],[32.267,40.57],[32.248,40.546],[32.167,40.55],[32.131,40.538],[32.108,40.514],[32.078,40.499],[32.048,40.505],[32.019,40.495],[31.989,40.484],[31.956,40.496],[31.923,40.509],[31.894,40.52],[31.863,40.517],[31.842,40.548],[31.819,40.567],[31.805,40.594],[31.809,40.624],[31.825,40.65],[31.838,40.679],[31.807,40.67],[31.775,40.671],[31.743,40.666],[31.71,40.658],[31.658,40.654],[31.627,40.634],[31.593,40.629],[31.56,40.616],[31.535,40.599],[31.506,40.587],[31.477,40.576],[31.443,40.562],[31.413,40.559],[31.381,40.58],[31.352,40.592],[31.319,40.605],[31.289,40.595],[31.257,40.592],[31.259,40.623],[31.227,40.629],[31.195,40.624],[31.169,40.642],[31.139,40.659],[31.105,40.663],[31.073,40.659],[31.043,40.653],[31.01,40.645],[30.978,40.663],[30.953,40.637],[30.917,40.638],[30.899,40.663],[30.868,40.65],[30.84,40.638],[30.811,40.65],[30.783,40.663],[30.798,40.691],[30.821,40.733],[30.851,40.753],[30.881,40.763],[30.91,40.774],[30.937,40.789],[30.906,40.82],[30.873,40.82],[30.854,40.854],[30.826,40.867],[30.779,40.875],[30.748,40.871],[30.738,40.913],[30.738,40.947],[30.73,40.977],[30.726,41.008],[30.726,41.038],[30.697,41.051],[30.688,41.081],[30.674,41.112],[30.65,41.129],[30.687,41.12],[30.715,41.108],[30.744,41.095],[30.792,41.088],[30.836,41.083],[30.882,41.079],[30.958,41.075],[31.015,41.076],[31.069,41.08],[31.115,41.092],[31.19,41.096],[31.223,41.104],[31.261,41.109],[31.29,41.117],[31.319,41.13],[31.342,41.157],[31.368,41.175],[31.391,41.197],[31.401,41.231],[31.404,41.265],[31.391,41.304],[31.431,41.329],[31.465,41.329],[31.49,41.354],[31.527,41.363],[31.556,41.374],[31.591,41.376],[31.623,41.391],[31.656,41.405],[31.685,41.413],[31.715,41.429],[31.749,41.442],[31.777,41.459],[31.806,41.479],[31.835,41.496],[31.865,41.512],[31.894,41.524],[31.923,41.533],[31.956,41.541],[31.99,41.549],[32.031,41.579],[32.064,41.587],[32.098,41.592],[32.127,41.601],[32.158,41.619],[32.177,41.645],[32.206,41.659],[32.222,41.687],[32.265,41.712],[32.298,41.726],[32.329,41.724],[32.361,41.738],[32.39,41.758],[32.42,41.752],[32.444,41.774],[32.477,41.783],[32.506,41.805],[32.57,41.813],[32.598,41.833],[32.677,41.834],[32.707,41.842],[32.754,41.85],[32.806,41.862],[32.837,41.862],[32.869,41.867],[32.902,41.874],[32.931,41.883],[32.96,41.891],[32.985,41.912],[33.014,41.92],[33.044,41.934],[33.083,41.942],[33.123,41.951],[33.156,41.958],[33.19,41.971],[33.236,41.984],[33.265,41.992],[33.298,42.012],[33.362,42.02],[33.394,42.02],[33.44,42.013],[33.515,42.008],[33.561,42.0],[33.604,41.992],[33.669,41.987],[33.727,41.983],[33.773,41.983],[33.819,41.979],[33.852,41.979],[33.887,41.98],[33.927,41.976],[33.965,41.98],[33.996,41.983],[34.073,41.983],[34.119,41.979],[34.169,41.97],[34.225,41.958],[34.281,41.949],[34.311,41.942],[34.345,41.953],[34.394,41.955],[34.431,41.967],[34.465,41.967],[34.499,41.978],[34.531,41.958],[34.586,41.951],[34.681,41.946],[34.727,41.946],[34.781,41.955],[34.811,41.963],[34.844,41.983],[34.869,41.999],[34.902,42.024],[34.921,42.048],[34.942,42.073],[34.969,42.099],[35.006,42.095],[35.037,42.078],[35.049,42.048],[35.077,42.03],[35.131,42.026],[35.159,42.041],[35.19,42.046],[35.213,42.022],[35.177,42.013],[35.144,42.02],[35.113,41.998],[35.101,41.97],[35.095,41.931],[35.105,41.902],[35.129,41.882],[35.148,41.846],[35.177,41.821],[35.208,41.802],[35.219,41.763],[35.248,41.749],[35.267,41.726],[35.298,41.712],[35.34,41.704],[35.369,41.695],[35.416,41.687],[35.439,41.667],[35.469,41.651],[35.498,41.645],[35.536,41.637],[35.59,41.634],[35.627,41.638],[35.669,41.646],[35.702,41.655],[35.736,41.663],[35.769,41.671],[35.798,41.683],[35.827,41.691],[35.861,41.7],[35.894,41.713],[35.927,41.726],[35.962,41.737],[35.935,41.72],[35.913,41.694],[35.888,41.674],[35.876,41.644],[35.866,41.609],[35.834,41.586],[35.824,41.555],[35.794,41.546],[35.763,41.531],[35.746,41.5],[35.71,41.505],[35.679,41.498],[35.647,41.478],[35.628,41.447],[35.58,41.433],[35.549,41.416],[35.516,41.42],[35.486,41.445],[35.455,41.423],[35.423,41.408],[35.381,41.409],[35.352,41.424],[35.311,41.437],[35.289,41.463],[35.252,41.459],[35.223,41.467],[35.193,41.48],[35.171,41.5],[35.135,41.509],[35.105,41.527],[35.108,41.558],[35.104,41.596],[35.066,41.591],[35.03,41.592],[35.017,41.623],[34.99,41.637],[34.96,41.625],[34.935,41.645],[34.906,41.637],[34.875,41.638],[34.843,41.638],[34.804,41.638],[34.773,41.637],[34.739,41.633],[34.71,41.646],[34.708,41.678],[34.645,41.683],[34.61,41.683],[34.575,41.679],[34.548,41.705],[34.509,41.729],[34.481,41.708],[34.452,41.717],[34.423,41.724],[34.392,41.725],[34.359,41.717],[34.335,41.737],[34.304,41.742],[34.269,41.741],[34.236,41.742],[34.198,41.742],[34.167,41.754],[34.135,41.745],[34.106,41.755],[34.064,41.762],[34.038,41.736],[34.006,41.734],[33.987,41.701],[34.019,41.683],[34.011,41.651],[34.012,41.619],[33.981,41.6],[33.952,41.587],[33.919,41.58],[33.889,41.566],[33.865,41.546],[33.835,41.555],[33.805,41.558],[33.754,41.571],[33.716,41.563],[33.661,41.567],[33.627,41.559],[33.596,41.561],[33.564,41.545],[33.52,41.555],[33.481,41.546],[33.452,41.562],[33.419,41.562],[33.388,41.54],[33.348,41.505],[33.315,41.492],[33.287,41.48],[33.273,41.451],[33.267,41.419],[33.271,41.383]]]}},{"type":"Feature","properties":{"HYBAS_ID":2040004130,"MAIN_BAS":2040004130,"NEXT_DOWN":0,"SUB_AREA":80780.0,"UP_AREA":80780.0,"ENDO":0},"geometry":{"type":"Polygon","coordinates":[[[33.692,39.008],[33.667,39.03],[33.635,39.033],[33.598,39.037],[33.55,39.042],[33.519,39.046],[33.487,39.049],[33.463,39.076],[33.429,39.092],[33.402,39.113],[33.377,39.137],[33.359,39.167],[33.345,39.194],[33.311,39.224],[33.277,39.238],[33.248,39.245],[33.217,39.238],[33.194,39.216],[33.16,39.209],[33.129,39.196],[33.093,39.179],[33.065,39.163],[33.033,39.167],[33.005,39.179],[32.991,39.212],[32.948,39.217],[32.942,39.257],[32.954,39.294],[32.955,39.332],[32.949,39.363],[32.925,39.381],[32.913,39.41],[32.904,39.443],[32.876,39.463],[32.854,39.487],[32.824,39.495],[32.817,39.527],[32.826,39.561],[32.842,39.586],[32.866,39.61],[32.883,39.639],[32.904,39.663],[32.912,39.698],[32.9,39.736],[32.927,39.754],[32.948,39.779],[32.973,39.8],[33.006,39.812],[33.035,39.821],[33.068,39.829],[33.1,39.833],[33.121,39.892],[33.158,39.906],[33.171,39.94],[33.188,39.969],[33.216,39.988],[33.237,40.023],[33.237,40.053],[33.202,40.063],[33.209,40.106],[33.204,40.138],[33.217,40.167],[33.204,40.194],[33.173,40.208],[33.144,40.221],[33.11,40.241],[33.091,40.27],[33.07,40.294],[33.085,40.32],[33.113,40.332],[33.133,40.358],[33.111,40.383],[33.088,40.402],[33.108,40.431],[33.1,40.461],[33.057,40.462],[33.023,40.463],[32.984,40.48],[32.962,40.506],[32.914,40.52],[32.881,40.529],[32.859,40.553],[32.854,40.586],[32.814,40.592],[32.84,40.609],[32.866,40.631],[32.894,40.646],[32.923,40.637],[32.952,40.645],[32.981,40.654],[33.001,40.677],[33.024,40.702],[33.051,40.728],[33.074,40.755],[33.107,40.745],[33.15,40.75],[33.188,40.767],[33.204,40.798],[33.22,40.833],[33.19,40.846],[33.167,40.869],[33.176,40.903],[33.223,40.913],[33.265,40.926],[33.317,40.929],[33.352,40.942],[33.381,40.951],[33.412,40.969],[33.452,40.984],[33.486,40.996],[33.514,41.012],[33.552,41.021],[33.625,41.021],[33.664,41.045],[33.68,41.073],[33.687,41.107],[33.691,41.14],[33.692,41.184],[33.671,41.206],[33.674,41.239],[33.652,41.262],[33.659,41.303],[33.637,41.328],[33.609,41.352],[33.576,41.367],[33.55,41.383],[33.502,41.358],[33.459,41.349],[33.431,41.334],[33.402,41.346],[33.359,41.368],[33.327,41.375],[33.285,41.384],[33.267,41.419],[33.263,41.449],[33.283,41.479],[33.315,41.492],[33.343,41.504],[33.37,41.527],[33.401,41.553],[33.436,41.567],[33.469,41.554],[33.507,41.551],[33.539,41.551],[33.577,41.546],[33.6,41.567],[33.636,41.558],[33.69,41.566],[33.731,41.562],[33.781,41.571],[33.81,41.559],[33.844,41.554],[33.877,41.555],[33.902,41.571],[33.932,41.583],[33.969,41.592],[34.002,41.604],[34.004,41.635],[34.027,41.659],[34.01,41.684],[33.996,41.712],[34.023,41.73],[34.048,41.758],[34.086,41.763],[34.121,41.754],[34.152,41.749],[34.185,41.746],[34.219,41.741],[34.261,41.741],[34.295,41.751],[34.327,41.741],[34.358,41.727],[34.392,41.725],[34.423,41.724],[34.452,41.717],[34.481,41.708],[34.508,41.723],[34.539,41.733],[34.562,41.704],[34.606,41.68],[34.635,41.691],[34.681,41.684],[34.708,41.663],[34.721,41.633],[34.75,41.625],[34.781,41.634],[34.832,41.638],[34.875,41.638],[34.906,41.637],[34.935,41.645],[34.96,41.625],[34.99,41.637],[35.017,41.623],[35.03,41.592],[35.06,41.595],[35.104,41.596],[35.108,41.558],[35.105,41.527],[35.135,41.509],[35.17,41.502],[35.193,41.48],[35.223,41.467],[35.252,41.459],[35.281,41.47],[35.299,41.444],[35.329,41.424],[35.374,41.42],[35.402,41.405],[35.448,41.409],[35.472,41.441],[35.516,41.42],[35.549,41.416],[35.579,41.427],[35.611,41.434],[35.637,41.456],[35.656,41.48],[35.68,41.504],[35.719,41.504],[35.75,41.52],[35.777,41.541],[35.806,41.551],[35.833,41.581],[35.86,41.608],[35.874,41.635],[35.883,41.664],[35.917,41.689],[35.932,41.717],[35.962,41.73],[35.983,41.697],[35.958,41.676],[35.955,41.644],[35.954,41.606],[35.942,41.577],[35.911,41.538],[35.899,41.502],[35.892,41.458],[35.91,41.434],[35.939,41.421],[35.958,41.393],[35.941,41.364],[35.973,41.334],[36.004,41.319],[36.021,41.292],[36.003,41.267],[35.952,41.262],[35.931,41.234],[35.913,41.206],[35.913,41.175],[35.898,41.145],[35.863,41.129],[35.866,41.098],[35.859,41.056],[35.852,41.026],[35.809,41.016],[35.777,41.008],[35.738,41.008],[35.702,41.0],[35.648,41.009],[35.608,41.017],[35.577,41.008],[35.548,40.991],[35.514,40.983],[35.482,40.979],[35.444,40.959],[35.402,40.942],[35.371,40.954],[35.339,40.933],[35.311,40.917],[35.275,40.913],[35.233,40.908],[35.187,40.913],[35.152,40.896],[35.116,40.905],[35.096,40.879],[35.12,40.852],[35.141,40.819],[35.181,40.809],[35.18,40.778],[35.152,40.766],[35.123,40.758],[35.084,40.745],[35.063,40.719],[35.046,40.694],[35.019,40.716],[34.989,40.72],[34.954,40.713],[34.919,40.699],[34.887,40.695],[34.852,40.713],[34.819,40.72],[34.808,40.685],[34.799,40.656],[34.788,40.627],[34.773,40.601],[34.749,40.58],[34.717,40.548],[34.729,40.519],[34.711,40.492],[34.681,40.471],[34.658,40.445],[34.623,40.426],[34.604,40.398],[34.573,40.374],[34.539,40.374],[34.509,40.374],[34.508,40.34],[34.544,40.324],[34.575,40.316],[34.598,40.296],[34.657,40.291],[34.679,40.265],[34.715,40.259],[34.723,40.23],[34.705,40.203],[34.664,40.201],[34.666,40.164],[34.658,40.135],[34.663,40.1],[34.681,40.076],[34.695,40.035],[34.718,40.013],[34.733,39.986],[34.765,39.983],[34.766,39.951],[34.763,39.92],[34.764,39.888],[34.792,39.875],[34.805,39.903],[34.84,39.92],[34.873,39.924],[34.911,39.908],[34.944,39.904],[34.973,39.891],[35.006,39.888],[35.037,39.883],[35.073,39.891],[35.102,39.884],[35.146,39.896],[35.163,39.924],[35.183,39.95],[35.214,39.954],[35.243,39.938],[35.273,39.958],[35.316,39.958],[35.369,39.937],[35.391,39.911],[35.376,39.869],[35.354,39.818],[35.381,39.8],[35.406,39.784],[35.417,39.754],[35.475,39.75],[35.483,39.719],[35.484,39.685],[35.495,39.652],[35.512,39.619],[35.544,39.612],[35.579,39.644],[35.604,39.663],[35.636,39.659],[35.664,39.646],[35.676,39.616],[35.746,39.625],[35.777,39.608],[35.807,39.6],[35.813,39.569],[35.844,39.555],[35.87,39.523],[35.862,39.489],[35.891,39.498],[35.911,39.521],[35.969,39.521],[36.0,39.521],[36.008,39.554],[36.029,39.577],[36.029,39.608],[36.052,39.634],[36.095,39.646],[36.119,39.666],[36.153,39.672],[36.206,39.692],[36.26,39.679],[36.291,39.676],[36.332,39.692],[36.362,39.701],[36.39,39.717],[36.42,39.735],[36.42,39.773],[36.433,39.8],[36.416,39.827],[36.421,39.886],[36.445,39.914],[36.442,39.946],[36.49,39.942],[36.517,39.958],[36.548,39.966],[36.59,39.967],[36.62,39.985],[36.629,40.021],[36.626,40.057],[36.648,40.08],[36.673,40.105],[36.666,40.135],[36.681,40.162],[36.7,40.186],[36.727,40.208],[36.763,40.208],[36.802,40.209],[36.836,40.22],[36.869,40.213],[36.898,40.195],[36.932,40.2],[36.955,40.177],[36.982,40.162],[37.015,40.167],[37.048,40.175],[37.081,40.171],[37.084,40.138],[37.106,40.113],[37.148,40.104],[37.186,40.101],[37.219,40.108],[37.248,40.095],[37.283,40.088],[37.314,40.084],[37.346,40.079],[37.377,40.084],[37.415,40.096],[37.455,40.091],[37.49,40.1],[37.513,40.076],[37.541,40.061],[37.565,40.037],[37.593,40.054],[37.627,40.046],[37.692,40.038],[37.723,40.034],[37.761,40.033],[37.787,40.048],[37.844,40.058],[37.899,40.046],[37.928,40.032],[37.948,40.005],[37.977,39.988],[38.011,39.988],[38.039,40.004],[38.066,39.981],[38.098,39.971],[38.123,39.951],[38.154,39.951],[38.186,39.966],[38.219,39.976],[38.252,39.98],[38.29,39.97],[38.316,39.949],[38.338,39.926],[38.366,39.912],[38.38,39.884],[38.406,39.863],[38.364,39.837],[38.351,39.806],[38.323,39.788],[38.275,39.8],[38.246,39.782],[38.21,39.775],[38.175,39.779],[38.155,39.756],[38.142,39.727],[38.125,39.7],[38.094,39.708],[38.052,39.713],[38.027,39.696],[37.998,39.716],[37.969,39.709],[37.948,39.687],[37.91,39.691],[37.905,39.652],[37.926,39.623],[37.898,39.599],[37.866,39.599],[37.831,39.587],[37.801,39.592],[37.765,39.604],[37.745,39.63],[37.708,39.629],[37.671,39.615],[37.623,39.605],[37.577,39.579],[37.544,39.571],[37.516,39.555],[37.492,39.533],[37.436,39.53],[37.406,39.516],[37.375,39.508],[37.384,39.48],[37.38,39.447],[37.408,39.433],[37.373,39.429],[37.345,39.411],[37.325,39.388],[37.295,39.391],[37.265,39.395],[37.235,39.387],[37.211,39.355],[37.186,39.338],[37.156,39.329],[37.127,39.317],[37.098,39.312],[37.026,39.308],[36.998,39.295],[36.938,39.288],[36.902,39.271],[36.873,39.255],[36.851,39.231],[36.827,39.212],[36.799,39.193],[36.768,39.196],[36.723,39.191],[36.686,39.175],[36.635,39.17],[36.603,39.162],[36.572,39.175],[36.54,39.166],[36.506,39.159],[36.463,39.176],[36.427,39.179],[36.408,39.154],[36.408,39.114],[36.373,39.084],[36.348,39.063],[36.329,39.038],[36.313,39.012],[36.309,38.982],[36.32,38.951],[36.281,38.945],[36.239,38.937],[36.212,38.958],[36.179,38.938],[36.145,38.909],[36.11,38.9],[36.077,38.887],[36.054,38.867],[36.023,38.849],[36.017,38.817],[35.996,38.785],[35.98,38.76],[35.944,38.751],[35.912,38.74],[35.901,38.71],[35.867,38.692],[35.834,38.692],[35.793,38.687],[35.776,38.648],[35.747,38.625],[35.729,38.6],[35.702,38.58],[35.648,38.57],[35.606,38.574],[35.573,38.554],[35.538,38.515],[35.557,38.487],[35.584,38.467],[35.583,38.419],[35.56,38.392],[35.541,38.36],[35.523,38.33],[35.516,38.298],[35.521,38.259],[35.512,38.23],[35.524,38.198],[35.509,38.156],[35.495,38.127],[35.469,38.101],[35.449,38.069],[35.43,38.044],[35.385,38.021],[35.352,38.02],[35.294,38.012],[35.264,38.026],[35.234,38.037],[35.224,38.003],[35.2,37.977],[35.185,37.95],[35.142,37.95],[35.106,37.959],[35.073,37.967],[35.047,37.982],[35.059,38.024],[35.031,38.042],[35.008,38.086],[34.977,38.1],[34.946,38.11],[34.954,38.14],[34.959,38.171],[34.949,38.212],[34.924,38.24],[34.909,38.269],[34.869,38.288],[34.842,38.304],[34.816,38.331],[34.816,38.365],[34.829,38.398],[34.844,38.429],[34.874,38.442],[34.887,38.473],[34.917,38.488],[34.873,38.513],[34.84,38.512],[34.802,38.508],[34.773,38.492],[34.744,38.5],[34.711,38.5],[34.679,38.504],[34.648,38.467],[34.618,38.454],[34.586,38.458],[34.558,38.473],[34.532,38.492],[34.502,38.508],[34.465,38.52],[34.412,38.512],[34.38,38.515],[34.365,38.487],[34.327,38.476],[34.305,38.498],[34.272,38.499],[34.248,38.517],[34.214,38.526],[34.183,38.533],[34.158,38.554],[34.162,38.585],[34.129,38.6],[34.088,38.631],[34.039,38.642],[34.013,38.667],[33.988,38.694],[33.967,38.717],[33.962,38.757],[33.945,38.798],[33.929,38.823],[33.9,38.835],[33.852,38.862],[33.815,38.883],[33.792,38.904],[33.765,38.925],[33.73,38.96],[33.713,38.985],[33.692,39.008]]]}},{"type":"Feature","properties":{"HYBAS_ID":2040004140,"MAIN_BAS":2040004140,"NEXT_DOWN":0,"SUB_AREA":2945.6,"UP_AREA":2945.6,"ENDO":0},"geometry":{"type":"Polygon","coordinates":[[[36.021,41.308],[35.991,41.333],[35.961,41.345],[35.942,41.381],[35.962,41.406],[35.927,41.433],[35.896,41.443],[35.892,41.473],[35.901,41.512],[35.931,41.558],[35.946,41.586],[35.955,41.644],[35.958,41.676],[35.983,41.697],[35.966,41.723],[35.998,41.717],[36.031,41.704],[36.069,41.68],[36.091,41.656],[36.116,41.627],[36.124,41.598],[36.134,41.563],[36.133,41.531],[36.121,41.485],[36.148,41.451],[36.219,41.384],[36.241,41.361],[36.269,41.342],[36.298,41.333],[36.331,41.326],[36.342,41.293],[36.373,41.276],[36.406,41.254],[36.453,41.246],[36.498,41.255],[36.527,41.27],[36.556,41.284],[36.576,41.312],[36.598,41.333],[36.613,41.36],[36.639,41.383],[36.633,41.351],[36.605,41.323],[36.609,41.292],[36.645,41.27],[36.646,41.233],[36.655,41.202],[36.663,41.168],[36.676,41.138],[36.646,41.102],[36.619,41.084],[36.588,41.074],[36.576,41.04],[36.566,41.005],[36.53,40.999],[36.513,40.97],[36.465,40.951],[36.448,40.926],[36.417,40.921],[36.369,40.934],[36.346,40.956],[36.323,40.976],[36.281,40.98],[36.241,40.974],[36.206,40.983],[36.144,40.984],[36.108,40.987],[36.062,40.988],[36.03,40.978],[35.994,40.971],[35.966,40.991],[35.941,41.011],[35.91,41.02],[35.873,41.012],[35.863,41.046],[35.858,41.079],[35.863,41.125],[35.894,41.142],[35.909,41.174],[35.913,41.206],[35.931,41.234],[35.948,41.259],[35.981,41.266],[36.02,41.289],[36.021,41.308]]]}},{"type":"Feature","properties":{"HYBAS_ID":2040004280,"MAIN_BAS":2040004280,"NEXT_DOWN":0,"SUB_AREA":36321.9,"UP_AREA":36321.9,"ENDO":0},"geometry":{"type":"Polygon","coordinates":[[[36.279,39.671],[36.23,39.68],[36.172,39.691],[36.148,39.67],[36.115,39.663],[36.077,39.645],[36.046,39.632],[36.03,39.606],[36.025,39.573],[36.009,39.548],[35.989,39.52],[35.94,39.52],[35.906,39.52],[35.884,39.49],[35.867,39.519],[35.849,39.553],[35.813,39.567],[35.807,39.6],[35.777,39.608],[35.746,39.613],[35.702,39.624],[35.672,39.618],[35.657,39.654],[35.623,39.65],[35.594,39.658],[35.563,39.627],[35.536,39.605],[35.505,39.627],[35.488,39.66],[35.483,39.719],[35.475,39.75],[35.423,39.75],[35.411,39.783],[35.381,39.8],[35.354,39.818],[35.376,39.869],[35.383,39.9],[35.388,39.933],[35.327,39.938],[35.298,39.959],[35.265,39.951],[35.223,39.958],[35.183,39.95],[35.163,39.924],[35.149,39.897],[35.119,39.892],[35.077,39.888],[35.047,39.895],[35.012,39.892],[34.977,39.888],[34.944,39.904],[34.911,39.908],[34.888,39.929],[34.856,39.924],[34.823,39.905],[34.8,39.875],[34.77,39.887],[34.763,39.92],[34.763,39.95],[34.775,39.979],[34.744,39.988],[34.723,40.012],[34.692,40.031],[34.696,40.069],[34.67,40.095],[34.662,40.128],[34.666,40.164],[34.65,40.192],[34.68,40.191],[34.708,40.204],[34.732,40.238],[34.708,40.258],[34.676,40.269],[34.623,40.292],[34.59,40.304],[34.561,40.324],[34.527,40.326],[34.499,40.349],[34.522,40.376],[34.556,40.371],[34.594,40.376],[34.605,40.406],[34.631,40.433],[34.666,40.447],[34.687,40.475],[34.714,40.495],[34.73,40.528],[34.729,40.56],[34.751,40.587],[34.781,40.608],[34.791,40.639],[34.801,40.677],[34.808,40.713],[34.844,40.72],[34.874,40.707],[34.915,40.696],[34.948,40.709],[34.986,40.717],[35.019,40.716],[35.039,40.692],[35.06,40.716],[35.08,40.74],[35.111,40.751],[35.144,40.762],[35.178,40.771],[35.188,40.804],[35.157,40.808],[35.134,40.827],[35.116,40.858],[35.096,40.896],[35.131,40.904],[35.173,40.905],[35.227,40.912],[35.26,40.912],[35.311,40.917],[35.339,40.933],[35.368,40.945],[35.402,40.942],[35.431,40.954],[35.456,40.97],[35.498,40.98],[35.536,40.984],[35.564,41.004],[35.594,41.013],[35.636,41.016],[35.677,41.008],[35.719,41.0],[35.756,41.009],[35.798,41.005],[35.84,41.017],[35.873,41.012],[35.907,41.017],[35.941,41.011],[35.966,40.991],[35.994,40.971],[36.024,40.968],[36.056,40.984],[36.087,40.983],[36.123,40.988],[36.183,40.983],[36.223,40.984],[36.256,40.976],[36.298,40.979],[36.329,40.98],[36.354,40.948],[36.391,40.933],[36.427,40.921],[36.47,40.93],[36.485,40.97],[36.52,40.976],[36.561,41.001],[36.574,41.035],[36.584,41.065],[36.61,41.083],[36.639,41.095],[36.663,41.12],[36.674,41.148],[36.662,41.177],[36.654,41.213],[36.645,41.244],[36.629,41.272],[36.601,41.302],[36.612,41.331],[36.634,41.366],[36.664,41.371],[36.707,41.358],[36.721,41.331],[36.737,41.302],[36.749,41.269],[36.763,41.238],[36.786,41.216],[36.774,41.187],[36.779,41.156],[36.799,41.128],[36.816,41.102],[36.794,41.074],[36.765,41.063],[36.738,41.045],[36.73,41.015],[36.72,40.973],[36.732,40.945],[36.766,40.955],[36.798,40.951],[36.799,40.912],[36.806,40.88],[36.842,40.871],[36.866,40.844],[36.898,40.851],[36.942,40.854],[36.973,40.854],[36.988,40.827],[37.013,40.806],[37.017,40.775],[37.052,40.775],[37.085,40.771],[37.118,40.767],[37.139,40.742],[37.178,40.734],[37.213,40.733],[37.212,40.698],[37.235,40.675],[37.264,40.667],[37.3,40.667],[37.317,40.63],[37.313,40.598],[37.309,40.568],[37.34,40.558],[37.369,40.541],[37.406,40.533],[37.452,40.525],[37.485,40.53],[37.519,40.525],[37.557,40.525],[37.595,40.524],[37.601,40.494],[37.576,40.47],[37.574,40.44],[37.565,40.409],[37.563,40.376],[37.598,40.366],[37.631,40.363],[37.666,40.356],[37.708,40.342],[37.739,40.342],[37.769,40.337],[37.811,40.338],[37.841,40.341],[37.894,40.341],[37.958,40.35],[37.992,40.35],[38.024,40.345],[38.055,40.345],[38.085,40.355],[38.121,40.372],[38.146,40.396],[38.163,40.423],[38.17,40.463],[38.187,40.493],[38.223,40.492],[38.252,40.483],[38.283,40.479],[38.315,40.476],[38.348,40.471],[38.381,40.466],[38.416,40.459],[38.442,40.483],[38.472,40.495],[38.513,40.5],[38.552,40.467],[38.615,40.479],[38.649,40.492],[38.683,40.487],[38.725,40.479],[38.756,40.488],[38.786,40.508],[38.823,40.5],[38.857,40.491],[38.885,40.475],[38.917,40.475],[38.961,40.466],[38.99,40.454],[39.009,40.414],[39.025,40.388],[39.056,40.391],[39.075,40.368],[39.112,40.362],[39.131,40.337],[39.158,40.315],[39.181,40.295],[39.207,40.279],[39.254,40.267],[39.273,40.295],[39.304,40.296],[39.338,40.304],[39.373,40.288],[39.406,40.284],[39.444,40.279],[39.474,40.266],[39.502,40.246],[39.533,40.246],[39.538,40.278],[39.569,40.292],[39.594,40.309],[39.623,40.295],[39.656,40.292],[39.694,40.287],[39.723,40.295],[39.756,40.296],[39.785,40.308],[39.816,40.308],[39.82,40.277],[39.821,40.231],[39.834,40.2],[39.81,40.18],[39.777,40.166],[39.748,40.158],[39.723,40.141],[39.694,40.12],[39.687,40.084],[39.675,40.05],[39.677,40.017],[39.719,40.0],[39.743,39.98],[39.775,39.961],[39.795,39.936],[39.77,39.919],[39.738,39.904],[39.702,39.896],[39.669,39.887],[39.647,39.866],[39.627,39.842],[39.594,39.846],[39.572,39.876],[39.531,39.884],[39.498,39.887],[39.473,39.867],[39.444,39.859],[39.414,39.871],[39.379,39.883],[39.352,39.905],[39.291,39.917],[39.261,39.92],[39.226,39.93],[39.195,39.938],[39.164,39.933],[39.131,39.917],[39.093,39.912],[39.066,39.898],[39.03,39.858],[38.998,39.862],[38.946,39.85],[38.919,39.87],[38.889,39.863],[38.844,39.846],[38.814,39.837],[38.786,39.821],[38.731,39.826],[38.635,39.838],[38.598,39.846],[38.569,39.855],[38.537,39.863],[38.502,39.866],[38.469,39.871],[38.432,39.858],[38.4,39.868],[38.379,39.894],[38.358,39.924],[38.327,39.937],[38.303,39.962],[38.273,39.971],[38.244,39.987],[38.213,39.974],[38.17,39.967],[38.144,39.946],[38.113,39.955],[38.083,39.976],[38.062,39.999],[38.031,40.0],[38.002,39.984],[37.973,39.991],[37.94,40.012],[37.925,40.042],[37.855,40.045],[37.812,40.059],[37.771,40.031],[37.728,40.038],[37.698,40.037],[37.647,40.038],[37.615,40.058],[37.583,40.042],[37.552,40.038],[37.532,40.07],[37.505,40.089],[37.475,40.1],[37.439,40.092],[37.402,40.095],[37.369,40.091],[37.335,40.08],[37.306,40.088],[37.258,40.088],[37.227,40.104],[37.189,40.104],[37.152,40.101],[37.114,40.109],[37.091,40.137],[37.083,40.167],[37.048,40.175],[37.015,40.167],[36.982,40.162],[36.955,40.177],[36.932,40.2],[36.902,40.192],[36.874,40.212],[36.839,40.217],[36.806,40.212],[36.773,40.204],[36.739,40.209],[36.711,40.192],[36.695,40.163],[36.662,40.153],[36.675,40.124],[36.658,40.098],[36.638,40.073],[36.624,40.04],[36.629,40.008],[36.616,39.98],[36.558,39.967],[36.527,39.959],[36.498,39.95],[36.461,39.941],[36.445,39.914],[36.421,39.886],[36.42,39.852],[36.417,39.817],[36.429,39.781],[36.42,39.752],[36.402,39.717],[36.373,39.712],[36.34,39.701],[36.311,39.688],[36.28,39.674],[36.279,39.671]]]}},{"type":"Feature","properties":{"HYBAS_ID":2040004290,"MAIN_BAS":2040004290,"NEXT_DOWN":0,"SUB_AREA":24038.1,"UP_AREA":24038.1,"ENDO":0},"geometry":{"type":"Polygon","coordinates":[[[41.358,41.079],[41.334,41.04],[41.315,41.013],[41.294,40.991],[41.264,40.979],[41.238,40.963],[41.229,40.933],[41.216,40.906],[41.195,40.872],[41.167,40.853],[41.15,40.825],[41.121,40.813],[41.091,40.805],[41.065,40.784],[41.038,40.771],[40.991,40.759],[40.961,40.734],[40.93,40.716],[40.896,40.708],[40.87,40.687],[40.848,40.662],[40.811,40.65],[40.779,40.643],[40.788,40.613],[40.763,40.596],[40.727,40.595],[40.681,40.595],[40.658,40.571],[40.627,40.562],[40.593,40.554],[40.562,40.555],[40.531,40.542],[40.5,40.517],[40.468,40.529],[40.435,40.52],[40.402,40.516],[40.369,40.521],[40.325,40.521],[40.278,40.516],[40.219,40.516],[40.191,40.497],[40.148,40.496],[40.11,40.491],[40.069,40.5],[40.006,40.495],[39.952,40.487],[39.917,40.483],[39.929,40.45],[39.898,40.438],[39.863,40.433],[39.849,40.402],[39.838,40.369],[39.841,40.33],[39.809,40.316],[39.777,40.3],[39.74,40.292],[39.705,40.286],[39.673,40.288],[39.639,40.3],[39.611,40.317],[39.569,40.292],[39.538,40.278],[39.533,40.246],[39.502,40.246],[39.474,40.266],[39.444,40.279],[39.41,40.287],[39.373,40.288],[39.343,40.308],[39.311,40.301],[39.277,40.296],[39.257,40.267],[39.223,40.275],[39.195,40.287],[39.159,40.305],[39.135,40.334],[39.112,40.362],[39.081,40.359],[39.071,40.388],[39.031,40.384],[39.009,40.414],[38.999,40.449],[38.964,40.463],[38.927,40.471],[38.885,40.475],[38.857,40.491],[38.827,40.496],[38.789,40.505],[38.756,40.488],[38.727,40.48],[38.689,40.474],[38.649,40.492],[38.62,40.474],[38.578,40.48],[38.536,40.483],[38.496,40.5],[38.464,40.487],[38.431,40.483],[38.391,40.458],[38.36,40.462],[38.331,40.474],[38.296,40.479],[38.256,40.48],[38.223,40.492],[38.19,40.5],[38.174,40.469],[38.167,40.431],[38.152,40.401],[38.124,40.377],[38.09,40.358],[38.06,40.346],[38.026,40.337],[37.996,40.354],[37.958,40.35],[37.923,40.35],[37.867,40.342],[37.836,40.345],[37.777,40.337],[37.739,40.342],[37.708,40.342],[37.673,40.346],[37.652,40.371],[37.619,40.362],[37.579,40.367],[37.563,40.408],[37.574,40.44],[37.576,40.47],[37.6,40.492],[37.595,40.524],[37.565,40.53],[37.527,40.525],[37.485,40.53],[37.452,40.525],[37.421,40.534],[37.381,40.534],[37.362,40.559],[37.327,40.559],[37.3,40.575],[37.318,40.603],[37.316,40.644],[37.293,40.666],[37.261,40.67],[37.232,40.679],[37.213,40.717],[37.18,40.741],[37.147,40.733],[37.125,40.76],[37.085,40.771],[37.052,40.775],[37.017,40.775],[37.013,40.806],[36.988,40.827],[36.973,40.854],[36.942,40.854],[36.911,40.858],[36.881,40.845],[36.85,40.856],[36.818,40.871],[36.8,40.896],[36.808,40.931],[36.788,40.955],[36.751,40.945],[36.721,40.954],[36.721,40.99],[36.737,41.023],[36.746,41.056],[36.777,41.07],[36.808,41.075],[36.817,41.108],[36.789,41.13],[36.776,41.16],[36.795,41.188],[36.772,41.217],[36.756,41.246],[36.738,41.281],[36.733,41.319],[36.713,41.344],[36.681,41.359],[36.658,41.383],[36.694,41.37],[36.744,41.366],[36.798,41.358],[36.84,41.349],[36.873,41.341],[36.902,41.326],[36.929,41.313],[36.96,41.3],[36.989,41.288],[37.025,41.265],[37.03,41.235],[37.037,41.198],[37.065,41.175],[37.102,41.162],[37.136,41.154],[37.167,41.15],[37.221,41.146],[37.26,41.149],[37.295,41.15],[37.306,41.121],[37.338,41.121],[37.394,41.108],[37.427,41.08],[37.46,41.071],[37.484,41.051],[37.508,41.032],[37.538,41.025],[37.569,41.033],[37.602,41.049],[37.637,41.094],[37.66,41.124],[37.694,41.129],[37.723,41.117],[37.769,41.12],[37.784,41.094],[37.804,41.04],[37.831,41.024],[37.865,41.017],[37.88,40.992],[37.913,40.988],[37.948,40.987],[37.996,40.983],[38.027,40.976],[38.069,40.97],[38.102,40.963],[38.161,40.954],[38.19,40.945],[38.24,40.942],[38.273,40.946],[38.307,40.937],[38.336,40.92],[38.37,40.913],[38.402,40.917],[38.435,40.916],[38.465,40.921],[38.498,40.917],[38.54,40.921],[38.577,40.945],[38.604,40.959],[38.648,40.974],[38.673,40.954],[38.706,40.954],[38.735,40.966],[38.769,40.987],[38.802,41.005],[38.836,41.009],[38.869,41.013],[38.902,41.033],[38.932,41.046],[38.965,41.041],[38.996,41.042],[39.027,41.037],[39.061,41.042],[39.107,41.05],[39.136,41.063],[39.161,41.08],[39.198,41.075],[39.227,41.059],[39.265,41.05],[39.298,41.058],[39.336,41.067],[39.364,41.083],[39.394,41.096],[39.427,41.108],[39.46,41.101],[39.502,41.084],[39.527,41.063],[39.573,41.026],[39.606,41.017],[39.636,41.008],[39.681,41.001],[39.74,41.012],[39.786,41.004],[39.815,40.991],[39.848,40.967],[39.877,40.958],[39.944,40.959],[39.974,40.967],[40.004,40.963],[40.04,40.962],[40.07,40.941],[40.107,40.92],[40.182,40.917],[40.223,40.93],[40.252,40.942],[40.281,40.962],[40.311,40.976],[40.34,41.003],[40.373,41.024],[40.431,41.03],[40.465,41.034],[40.521,41.041],[40.552,41.034],[40.602,41.051],[40.631,41.063],[40.669,41.076],[40.702,41.084],[40.75,41.118],[40.773,41.142],[40.802,41.166],[40.831,41.175],[40.865,41.18],[40.902,41.187],[40.936,41.18],[40.967,41.192],[40.998,41.196],[41.027,41.209],[41.057,41.217],[41.082,41.234],[41.107,41.25],[41.135,41.27],[41.173,41.288],[41.202,41.301],[41.231,41.316],[41.264,41.345],[41.296,41.354],[41.331,41.367],[41.381,41.38],[41.414,41.395],[41.434,41.419],[41.464,41.454],[41.494,41.474],[41.524,41.489],[41.543,41.52],[41.562,41.552],[41.566,41.585],[41.591,41.565],[41.575,41.525],[41.602,41.508],[41.598,41.476],[41.584,41.444],[41.556,41.426],[41.537,41.389],[41.514,41.366],[41.488,41.344],[41.487,41.31],[41.476,41.281],[41.487,41.248],[41.475,41.215],[41.455,41.19],[41.45,41.156],[41.454,41.117],[41.417,41.094],[41.381,41.091],[41.358,41.079]]]}},{"type":"Feature","properties":{"HYBAS_ID":2040005120,"MAIN_BAS":2040005120,"NEXT_DOWN":0,"SUB_AREA":22011.6,"UP_AREA":22011.6,"ENDO":0},"geometry":{"type":"Polygon","coordinates":[[[42.117,40.329],[42.098,40.3],[42.073,40.28],[42.048,40.255],[42.027,40.221],[41.993,40.212],[41.956,40.199],[41.934,40.174],[41.894,40.154],[41.861,40.154],[41.83,40.154],[41.804,40.169],[41.774,40.163],[41.724,40.167],[41.685,40.159],[41.652,40.183],[41.623,40.191],[41.59,40.188],[41.566,40.168],[41.526,40.181],[41.498,40.201],[41.473,40.217],[41.441,40.22],[41.412,40.206],[41.385,40.191],[41.356,40.176],[41.287,40.18],[41.246,40.188],[41.254,40.219],[41.248,40.25],[41.214,40.263],[41.2,40.29],[41.181,40.317],[41.148,40.326],[41.102,40.329],[41.083,40.302],[41.052,40.28],[41.019,40.271],[40.987,40.27],[40.956,40.27],[40.927,40.259],[40.92,40.226],[40.898,40.199],[40.873,40.18],[40.878,40.149],[40.861,40.121],[40.838,40.098],[40.811,40.08],[40.774,40.088],[40.735,40.07],[40.702,40.062],[40.664,40.046],[40.627,40.046],[40.566,40.037],[40.535,40.033],[40.502,40.021],[40.469,40.016],[40.431,40.004],[40.398,39.996],[40.375,40.019],[40.344,40.034],[40.299,40.038],[40.269,40.041],[40.223,40.037],[40.177,40.037],[40.148,40.03],[40.121,40.043],[40.09,40.055],[40.061,40.062],[40.038,40.042],[40.002,40.054],[39.972,40.049],[39.943,40.041],[39.937,40.006],[39.915,39.98],[39.892,39.959],[39.89,39.929],[39.86,39.92],[39.823,39.917],[39.795,39.936],[39.775,39.961],[39.743,39.98],[39.719,40.0],[39.688,40.014],[39.671,40.041],[39.684,40.073],[39.688,40.116],[39.723,40.141],[39.748,40.158],[39.777,40.166],[39.81,40.18],[39.834,40.2],[39.821,40.231],[39.816,40.271],[39.816,40.308],[39.841,40.33],[39.833,40.359],[39.841,40.388],[39.862,40.427],[39.898,40.438],[39.928,40.446],[39.917,40.475],[39.948,40.484],[39.986,40.496],[40.05,40.496],[40.082,40.5],[40.144,40.492],[40.177,40.495],[40.206,40.509],[40.256,40.517],[40.315,40.517],[40.352,40.52],[40.385,40.517],[40.423,40.517],[40.458,40.521],[40.49,40.52],[40.52,40.531],[40.548,40.546],[40.581,40.554],[40.615,40.555],[40.643,40.566],[40.669,40.588],[40.698,40.596],[40.736,40.596],[40.767,40.6],[40.783,40.636],[40.811,40.65],[40.848,40.662],[40.875,40.681],[40.896,40.708],[40.929,40.71],[40.952,40.733],[40.98,40.749],[41.015,40.758],[41.042,40.775],[41.081,40.788],[41.102,40.812],[41.145,40.821],[41.166,40.844],[41.185,40.87],[41.208,40.894],[41.217,40.928],[41.237,40.96],[41.264,40.979],[41.294,40.991],[41.315,41.013],[41.334,41.04],[41.35,41.067],[41.377,41.088],[41.416,41.088],[41.45,41.113],[41.458,41.143],[41.45,41.173],[41.464,41.2],[41.487,41.227],[41.471,41.264],[41.48,41.298],[41.484,41.336],[41.505,41.362],[41.537,41.372],[41.538,41.415],[41.571,41.429],[41.588,41.456],[41.606,41.483],[41.589,41.509],[41.576,41.54],[41.592,41.587],[41.6,41.618],[41.656,41.613],[41.706,41.604],[41.744,41.601],[41.787,41.592],[41.81,41.612],[41.852,41.62],[41.886,41.638],[41.929,41.646],[41.95,41.668],[41.958,41.7],[41.998,41.7],[42.036,41.7],[42.086,41.692],[42.119,41.701],[42.145,41.727],[42.138,41.758],[42.171,41.767],[42.204,41.777],[42.239,41.799],[42.277,41.801],[42.307,41.812],[42.32,41.781],[42.327,41.751],[42.358,41.751],[42.39,41.745],[42.424,41.741],[42.438,41.712],[42.469,41.713],[42.499,41.706],[42.517,41.677],[42.513,41.64],[42.52,41.611],[42.538,41.584],[42.571,41.579],[42.58,41.548],[42.571,41.519],[42.548,41.496],[42.52,41.477],[42.525,41.446],[42.533,41.414],[42.531,41.384],[42.561,41.367],[42.559,41.326],[42.587,41.311],[42.605,41.28],[42.577,41.267],[42.55,41.252],[42.523,41.221],[42.476,41.195],[42.444,41.2],[42.42,41.181],[42.394,41.155],[42.374,41.131],[42.349,41.11],[42.319,41.096],[42.286,41.096],[42.298,41.059],[42.304,41.027],[42.286,41.0],[42.259,40.982],[42.344,40.976],[42.369,40.958],[42.395,40.942],[42.364,40.929],[42.346,40.902],[42.329,40.877],[42.33,40.844],[42.33,40.813],[42.356,40.795],[42.387,40.791],[42.424,40.77],[42.474,40.774],[42.502,40.784],[42.545,40.77],[42.573,40.751],[42.589,40.726],[42.613,40.704],[42.633,40.673],[42.625,40.638],[42.588,40.621],[42.574,40.592],[42.544,40.579],[42.533,40.548],[42.509,40.523],[42.488,40.498],[42.488,40.467],[42.492,40.435],[42.513,40.413],[42.499,40.38],[42.474,40.359],[42.444,40.354],[42.41,40.349],[42.377,40.376],[42.339,40.383],[42.289,40.366],[42.26,40.35],[42.227,40.341],[42.194,40.341],[42.16,40.342],[42.132,40.33],[42.117,40.329]]]}},{"type":"Feature","properties":{"HYBAS_ID":2040005130,"MAIN_BAS":2040005130,"NEXT_DOWN":0,"SUB_AREA":30076.7,"UP_AREA":30076.7,"ENDO":0},"geometry":{"type":"Polygon","coordinates":[[[43.7,42.783],[43.727,42.766],[43.765,42.77],[43.789,42.751],[43.808,42.723],[43.788,42.698],[43.768,42.67],[43.744,42.649],[43.748,42.617],[43.768,42.592],[43.798,42.596],[43.831,42.595],[43.864,42.592],[43.902,42.579],[43.931,42.563],[43.906,42.541],[43.883,42.522],[43.841,42.521],[43.838,42.491],[43.79,42.479],[43.758,42.443],[43.767,42.409],[43.798,42.405],[43.812,42.377],[43.811,42.342],[43.777,42.341],[43.744,42.334],[43.713,42.329],[43.679,42.329],[43.661,42.301],[43.636,42.284],[43.605,42.261],[43.604,42.217],[43.588,42.191],[43.588,42.16],[43.563,42.14],[43.55,42.104],[43.519,42.092],[43.495,42.064],[43.475,42.042],[43.496,42.019],[43.473,41.995],[43.442,41.978],[43.45,41.946],[43.423,41.929],[43.394,41.917],[43.367,41.902],[43.327,41.895],[43.297,41.891],[43.269,41.874],[43.218,41.866],[43.194,41.846],[43.156,41.837],[43.125,41.833],[43.095,41.842],[43.062,41.837],[43.024,41.837],[42.987,41.842],[42.956,41.817],[42.917,41.831],[42.885,41.829],[42.843,41.83],[42.815,41.841],[42.787,41.826],[42.737,41.812],[42.704,41.813],[42.677,41.825],[42.644,41.834],[42.616,41.821],[42.594,41.796],[42.562,41.795],[42.502,41.804],[42.469,41.805],[42.436,41.812],[42.399,41.804],[42.371,41.792],[42.34,41.787],[42.313,41.806],[42.281,41.804],[42.239,41.799],[42.205,41.782],[42.177,41.763],[42.144,41.759],[42.145,41.727],[42.123,41.704],[42.089,41.695],[42.057,41.695],[42.023,41.7],[41.981,41.7],[41.954,41.677],[41.93,41.648],[41.898,41.638],[41.865,41.63],[41.84,41.609],[41.806,41.609],[41.77,41.591],[41.712,41.599],[41.681,41.605],[41.62,41.612],[41.585,41.604],[41.61,41.645],[41.645,41.658],[41.679,41.664],[41.704,41.694],[41.722,41.72],[41.734,41.748],[41.754,41.773],[41.766,41.802],[41.775,41.831],[41.775,41.873],[41.767,41.908],[41.762,41.961],[41.758,42.002],[41.739,42.03],[41.724,42.056],[41.708,42.081],[41.659,42.131],[41.649,42.169],[41.633,42.202],[41.642,42.246],[41.633,42.277],[41.62,42.311],[41.608,42.34],[41.592,42.369],[41.565,42.387],[41.546,42.414],[41.541,42.448],[41.534,42.481],[41.529,42.525],[41.52,42.565],[41.508,42.598],[41.5,42.629],[41.487,42.656],[41.472,42.684],[41.455,42.714],[41.429,42.738],[41.402,42.755],[41.367,42.763],[41.314,42.771],[41.286,42.787],[41.248,42.792],[41.202,42.8],[41.173,42.791],[41.143,42.801],[41.12,42.827],[41.101,42.852],[41.095,42.886],[41.087,42.919],[41.079,42.95],[41.055,42.98],[41.024,42.996],[40.986,42.984],[40.944,43.004],[40.92,43.028],[40.893,43.046],[40.865,43.074],[40.823,43.08],[40.791,43.079],[40.761,43.087],[40.708,43.083],[40.673,43.088],[40.64,43.1],[40.593,43.091],[40.546,43.118],[40.519,43.141],[40.478,43.142],[40.435,43.151],[40.406,43.167],[40.373,43.167],[40.349,43.146],[40.318,43.159],[40.289,43.175],[40.284,43.211],[40.309,43.236],[40.34,43.246],[40.363,43.268],[40.334,43.302],[40.36,43.329],[40.346,43.356],[40.366,43.402],[40.358,43.431],[40.349,43.465],[40.324,43.482],[40.341,43.509],[40.355,43.538],[40.394,43.538],[40.423,43.549],[40.457,43.55],[40.491,43.54],[40.518,43.525],[40.557,43.52],[40.594,43.53],[40.619,43.555],[40.656,43.566],[40.685,43.546],[40.717,43.533],[40.748,43.525],[40.777,43.508],[40.81,43.496],[40.844,43.491],[40.892,43.488],[40.902,43.455],[40.93,43.434],[40.969,43.426],[41.006,43.433],[41.037,43.406],[41.069,43.392],[41.1,43.388],[41.144,43.4],[41.173,43.384],[41.219,43.383],[41.244,43.363],[41.274,43.362],[41.316,43.342],[41.348,43.351],[41.373,43.37],[41.406,43.359],[41.413,43.327],[41.461,43.308],[41.483,43.288],[41.514,43.276],[41.545,43.27],[41.578,43.249],[41.602,43.23],[41.635,43.224],[41.665,43.233],[41.694,43.22],[41.717,43.242],[41.748,43.233],[41.782,43.229],[41.801,43.201],[41.827,43.216],[41.857,43.217],[41.868,43.249],[41.899,43.244],[41.927,43.226],[41.951,43.205],[42.011,43.217],[42.037,43.198],[42.07,43.196],[42.098,43.212],[42.129,43.208],[42.173,43.22],[42.211,43.225],[42.249,43.228],[42.299,43.213],[42.34,43.221],[42.36,43.249],[42.394,43.246],[42.423,43.258],[42.449,43.241],[42.461,43.212],[42.496,43.2],[42.527,43.188],[42.573,43.175],[42.606,43.163],[42.637,43.153],[42.664,43.138],[42.68,43.174],[42.736,43.179],[42.764,43.187],[42.793,43.176],[42.823,43.171],[42.856,43.176],[42.881,43.154],[42.925,43.154],[42.94,43.124],[42.973,43.12],[43.002,43.112],[43.027,43.095],[43.016,43.066],[43.037,43.032],[43.065,43.016],[43.119,43.004],[43.138,42.979],[43.165,42.966],[43.184,42.938],[43.241,42.934],[43.273,42.925],[43.302,42.913],[43.33,42.898],[43.369,42.892],[43.4,42.896],[43.44,42.892],[43.473,42.888],[43.502,42.87],[43.544,42.866],[43.577,42.858],[43.604,42.838],[43.632,42.816],[43.691,42.795],[43.7,42.783]]]}},{"type":"Feature","properties":{"HYBAS_ID":2040005690,"MAIN_BAS":2040005690,"NEXT_DOWN":0,"SUB_AREA":105556.4,"UP_AREA":105556.4,"ENDO":0},"geometry":{"type":"Polygon","coordinates":[[[40.658,43.567],[40.632,43.55],[40.6,43.54],[40.569,43.517],[40.527,43.521],[40.498,43.53],[40.46,43.546],[40.429,43.554],[40.398,43.541],[40.36,43.534],[40.341,43.509],[40.311,43.496],[40.331,43.471],[40.354,43.449],[40.355,43.413],[40.349,43.36],[40.367,43.33],[40.333,43.309],[40.351,43.281],[40.34,43.246],[40.309,43.236],[40.284,43.211],[40.27,43.24],[40.262,43.277],[40.236,43.32],[40.194,43.33],[40.16,43.338],[40.131,43.355],[40.102,43.366],[40.048,43.375],[40.004,43.383],[39.973,43.392],[39.944,43.404],[39.913,43.421],[39.899,43.452],[39.887,43.486],[39.861,43.512],[39.831,43.524],[39.802,43.537],[39.773,43.546],[39.739,43.563],[39.717,43.583],[39.704,43.611],[39.682,43.637],[39.654,43.65],[39.619,43.662],[39.592,43.685],[39.569,43.709],[39.544,43.729],[39.506,43.758],[39.473,43.779],[39.447,43.8],[39.424,43.828],[39.399,43.853],[39.373,43.874],[39.348,43.892],[39.309,43.923],[39.281,43.949],[39.248,43.97],[39.21,43.991],[39.181,44.001],[39.152,44.017],[39.125,44.049],[39.085,44.083],[39.052,44.095],[39.029,44.123],[39.012,44.149],[38.981,44.166],[38.948,44.17],[38.884,44.184],[38.859,44.201],[38.838,44.226],[38.816,44.257],[38.79,44.279],[38.756,44.292],[38.723,44.3],[38.673,44.309],[38.643,44.317],[38.606,44.33],[38.577,44.345],[38.543,44.35],[38.51,44.355],[38.477,44.363],[38.431,44.367],[38.398,44.37],[38.356,44.371],[38.323,44.388],[38.289,44.405],[38.253,44.413],[38.22,44.408],[38.169,44.449],[38.141,44.473],[38.125,44.5],[38.098,44.52],[38.073,44.537],[38.046,44.551],[38.075,44.559],[38.052,44.583],[38.033,44.559],[38.002,44.563],[37.973,44.574],[37.944,44.595],[37.905,44.625],[37.929,44.647],[37.906,44.667],[37.877,44.683],[37.848,44.704],[37.821,44.721],[37.789,44.725],[37.8,44.695],[37.798,44.663],[37.765,44.651],[37.729,44.645],[37.698,44.651],[37.669,44.663],[37.623,44.666],[37.581,44.667],[37.54,44.676],[37.51,44.687],[37.469,44.704],[37.44,44.721],[37.413,44.735],[37.376,44.755],[37.376,44.785],[37.338,44.827],[37.31,44.874],[37.317,44.904],[37.292,44.948],[37.261,44.974],[37.233,44.992],[37.202,45.005],[37.173,45.017],[37.143,45.03],[37.115,45.041],[37.077,45.05],[37.048,45.062],[37.018,45.067],[36.985,45.075],[36.957,45.087],[36.918,45.096],[36.889,45.105],[36.839,45.113],[36.786,45.117],[36.752,45.112],[36.714,45.117],[36.681,45.125],[36.648,45.134],[36.621,45.152],[36.612,45.182],[36.601,45.212],[36.631,45.217],[36.664,45.224],[36.698,45.226],[36.74,45.221],[36.764,45.241],[36.811,45.246],[36.865,45.251],[36.894,45.259],[36.936,45.276],[36.969,45.28],[36.987,45.324],[36.956,45.329],[36.923,45.326],[36.877,45.32],[36.831,45.312],[36.797,45.299],[36.78,45.331],[36.767,45.36],[36.813,45.358],[36.84,45.372],[36.812,45.385],[36.783,45.398],[36.747,45.39],[36.73,45.365],[36.706,45.345],[36.673,45.326],[36.648,45.309],[36.662,45.338],[36.69,45.354],[36.736,45.388],[36.755,45.415],[36.784,45.445],[36.815,45.449],[36.859,45.455],[36.902,45.441],[36.931,45.43],[36.96,45.413],[36.99,45.399],[37.019,45.387],[37.048,45.376],[37.085,45.366],[37.119,45.358],[37.15,45.35],[37.194,45.341],[37.227,45.334],[37.283,45.333],[37.348,45.334],[37.382,45.343],[37.417,45.354],[37.457,45.35],[37.486,45.363],[37.515,45.376],[37.548,45.395],[37.579,45.423],[37.592,45.452],[37.596,45.49],[37.596,45.531],[37.596,45.606],[37.601,45.64],[37.627,45.679],[37.661,45.692],[37.694,45.701],[37.731,45.709],[37.762,45.727],[37.79,45.746],[37.824,45.751],[37.845,45.777],[37.862,45.806],[37.874,45.835],[37.884,45.865],[37.895,45.894],[37.905,45.927],[37.917,45.96],[37.933,45.99],[37.973,46.037],[38.006,46.046],[38.052,46.055],[38.085,46.059],[38.117,46.057],[38.11,46.026],[38.076,46.012],[38.092,45.984],[38.1,45.954],[38.12,45.977],[38.144,45.996],[38.15,46.029],[38.166,46.06],[38.18,46.111],[38.206,46.137],[38.237,46.151],[38.246,46.219],[38.258,46.248],[38.283,46.267],[38.26,46.288],[38.223,46.32],[38.194,46.341],[38.169,46.358],[38.14,46.375],[38.111,46.391],[38.082,46.4],[38.023,46.401],[37.99,46.405],[38.011,46.379],[37.981,46.366],[37.948,46.387],[37.915,46.408],[37.889,46.426],[37.863,46.456],[37.846,46.481],[37.829,46.511],[37.812,46.54],[37.796,46.569],[37.783,46.598],[37.77,46.627],[37.755,46.656],[37.73,46.68],[37.76,46.676],[37.79,46.662],[37.827,46.649],[37.877,46.641],[38.011,46.638],[38.044,46.645],[38.077,46.662],[38.11,46.683],[38.139,46.695],[38.219,46.701],[38.248,46.713],[38.274,46.729],[38.295,46.702],[38.315,46.679],[38.344,46.666],[38.377,46.662],[38.427,46.658],[38.456,46.649],[38.488,46.646],[38.519,46.65],[38.548,46.663],[38.581,46.666],[38.601,46.693],[38.578,46.724],[38.548,46.733],[38.519,46.745],[38.486,46.746],[38.456,46.754],[38.423,46.754],[38.399,46.728],[38.396,46.761],[38.405,46.79],[38.416,46.819],[38.451,46.857],[38.481,46.87],[38.511,46.879],[38.539,46.863],[38.576,46.858],[38.606,46.867],[38.688,46.876],[38.719,46.876],[38.747,46.887],[38.777,46.892],[38.806,46.904],[38.838,46.908],[38.863,46.929],[38.881,46.958],[38.912,46.965],[38.944,46.966],[38.973,46.976],[39.002,46.992],[39.031,47.009],[39.06,47.021],[39.09,47.034],[39.15,47.029],[39.181,47.037],[39.211,47.033],[39.289,47.02],[39.304,47.05],[39.273,47.063],[39.239,47.084],[39.274,47.079],[39.303,47.092],[39.352,47.08],[39.385,47.08],[39.419,47.07],[39.453,47.062],[39.486,47.051],[39.519,47.049],[39.548,47.041],[39.577,47.025],[39.615,47.021],[39.652,47.045],[39.696,47.046],[39.727,47.038],[39.756,47.024],[39.787,47.012],[39.835,47.017],[39.894,47.02],[39.923,47.012],[39.965,47.009],[40.008,47.008],[40.057,47.013],[40.089,47.013],[40.127,47.017],[40.154,47.035],[40.163,47.065],[40.193,47.063],[40.237,47.059],[40.267,47.071],[40.34,47.075],[40.382,47.079],[40.417,47.079],[40.467,47.071],[40.494,47.049],[40.523,47.038],[40.567,47.038],[40.574,47.002],[40.575,46.971],[40.606,46.955],[40.636,46.95],[40.704,46.954],[40.734,46.947],[40.764,46.937],[40.794,46.93],[40.84,46.916],[40.871,46.901],[40.888,46.875],[40.917,46.848],[40.93,46.806],[40.934,46.775],[40.959,46.752],[40.976,46.722],[41.006,46.704],[41.016,46.673],[40.981,46.654],[40.967,46.625],[40.989,46.601],[41.024,46.597],[41.049,46.577],[41.049,46.544],[41.063,46.517],[40.968,46.516],[40.936,46.517],[40.893,46.521],[40.863,46.529],[40.837,46.509],[40.805,46.491],[40.777,46.476],[40.751,46.456],[40.731,46.433],[40.685,46.416],[40.657,46.4],[40.604,46.4],[40.612,46.369],[40.585,46.354],[40.563,46.325],[40.594,46.316],[40.631,46.296],[40.656,46.279],[40.686,46.262],[40.723,46.258],[40.734,46.226],[40.765,46.213],[40.792,46.196],[40.819,46.183],[40.856,46.174],[40.874,46.144],[40.819,46.129],[40.777,46.104],[40.754,46.082],[40.773,46.058],[40.807,46.033],[40.835,46.017],[40.855,45.989],[40.867,45.948],[40.88,45.919],[40.904,45.9],[40.887,45.863],[40.94,45.854],[40.923,45.826],[40.894,45.817],[40.863,45.802],[40.832,45.795],[40.788,45.8],[40.735,45.795],[40.702,45.776],[40.669,45.766],[40.631,45.762],[40.645,45.735],[40.634,45.707],[40.621,45.677],[40.646,45.658],[40.623,45.638],[40.598,45.621],[40.58,45.596],[40.661,45.587],[40.69,45.579],[40.748,45.575],[40.804,45.571],[40.836,45.566],[40.886,45.563],[40.916,45.572],[40.945,45.561],[40.973,45.546],[41.0,45.511],[41.014,45.484],[41.043,45.475],[41.073,45.459],[41.087,45.427],[41.097,45.397],[41.129,45.385],[41.177,45.376],[41.209,45.38],[41.257,45.37],[41.288,45.371],[41.323,45.35],[41.352,45.345],[41.388,45.338],[41.402,45.309],[41.381,45.279],[41.399,45.252],[41.387,45.213],[41.388,45.173],[41.401,45.143],[41.381,45.113],[41.402,45.087],[41.442,45.071],[41.46,45.045],[41.488,45.027],[41.505,44.972],[41.531,44.954],[41.513,44.929],[41.59,44.908],[41.64,44.908],[41.673,44.904],[41.715,44.905],[41.745,44.899],[41.786,44.895],[41.815,44.879],[41.842,44.863],[41.875,44.854],[41.908,44.855],[41.931,44.834],[41.958,44.806],[41.985,44.788],[42.019,44.779],[42.048,44.766],[42.104,44.754],[42.131,44.738],[42.162,44.728],[42.207,44.704],[42.25,44.7],[42.283,44.704],[42.309,44.681],[42.324,44.655],[42.304,44.625],[42.336,44.616],[42.369,44.608],[42.402,44.599],[42.417,44.573],[42.417,44.525],[42.386,44.537],[42.356,44.546],[42.327,44.558],[42.293,44.563],[42.265,44.55],[42.23,44.527],[42.248,44.504],[42.277,44.492],[42.311,44.483],[42.333,44.46],[42.338,44.418],[42.362,44.398],[42.371,44.364],[42.359,44.331],[42.342,44.303],[42.354,44.263],[42.362,44.231],[42.342,44.192],[42.31,44.196],[42.273,44.179],[42.254,44.154],[42.289,44.121],[42.269,44.095],[42.245,44.071],[42.217,44.048],[42.229,44.005],[42.213,43.978],[42.194,43.951],[42.163,43.937],[42.158,43.906],[42.127,43.895],[42.102,43.879],[42.073,43.863],[42.031,43.858],[42.057,43.837],[42.111,43.825],[42.14,43.817],[42.169,43.804],[42.206,43.784],[42.229,43.763],[42.261,43.745],[42.312,43.733],[42.323,43.705],[42.338,43.676],[42.367,43.66],[42.402,43.646],[42.45,43.638],[42.455,43.606],[42.463,43.577],[42.463,43.544],[42.466,43.513],[42.454,43.485],[42.458,43.446],[42.425,43.438],[42.417,43.405],[42.413,43.373],[42.438,43.354],[42.416,43.323],[42.405,43.289],[42.416,43.261],[42.366,43.245],[42.344,43.224],[42.301,43.22],[42.262,43.212],[42.227,43.23],[42.194,43.221],[42.152,43.221],[42.123,43.212],[42.076,43.208],[42.048,43.188],[42.021,43.214],[41.977,43.216],[41.946,43.219],[41.906,43.23],[41.886,43.254],[41.862,43.227],[41.827,43.216],[41.801,43.201],[41.782,43.229],[41.752,43.23],[41.723,43.241],[41.694,43.22],[41.665,43.233],[41.635,43.224],[41.602,43.23],[41.578,43.249],[41.549,43.265],[41.514,43.276],[41.483,43.288],[41.461,43.308],[41.427,43.313],[41.413,43.346],[41.377,43.367],[41.348,43.351],[41.318,43.349],[41.288,43.342],[41.244,43.363],[41.219,43.383],[41.173,43.384],[41.148,43.404],[41.114,43.405],[41.081,43.388],[41.052,43.399],[41.023,43.417],[40.991,43.434],[40.954,43.425],[40.929,43.444],[40.896,43.46],[40.848,43.488],[40.81,43.496],[40.781,43.505],[40.752,43.521],[40.723,43.533],[40.688,43.538],[40.669,43.562],[40.658,43.567]]]}},{"type":"Feature","properties":{"HYBAS_ID":2040006590,"MAIN_BAS":2040006590,"NEXT_DOWN":0,"SUB_AREA":7570.9,"UP_AREA":437307.8,"ENDO":0},"geometry":{"type":"Polygon","coordinates":[[[39.138,47.738],[39.113,47.767],[39.105,47.806],[39.124,47.835],[39.116,47.865],[39.139,47.887],[39.192,47.883],[39.227,47.895],[39.294,47.887],[39.327,47.879],[39.379,47.883],[39.415,47.9],[39.452,47.9],[39.494,47.896],[39.516,47.931],[39.549,47.947],[39.574,47.985],[39.594,48.013],[39.625,48.012],[39.645,47.987],[39.664,47.963],[39.698,47.941],[39.731,47.933],[39.757,47.918],[39.737,47.892],[39.7,47.888],[39.727,47.867],[39.761,47.846],[39.794,47.85],[39.827,47.85],[39.863,47.838],[39.911,47.825],[40.007,47.821],[40.04,47.834],[40.086,47.838],[40.136,47.846],[40.186,47.854],[40.232,47.85],[40.269,47.85],[40.307,47.863],[40.34,47.862],[40.377,47.845],[40.411,47.842],[40.458,47.85],[40.491,47.836],[40.523,47.834],[40.557,47.825],[40.588,47.829],[40.624,47.819],[40.638,47.784],[40.666,47.766],[40.684,47.742],[40.713,47.729],[40.708,47.688],[40.684,47.666],[40.659,47.645],[40.674,47.61],[40.652,47.588],[40.648,47.558],[40.62,47.534],[40.556,47.524],[40.531,47.504],[40.502,47.492],[40.469,47.484],[40.439,47.474],[40.421,47.448],[40.43,47.413],[40.419,47.384],[40.385,47.379],[40.36,47.358],[40.327,47.341],[40.299,47.327],[40.271,47.317],[40.267,47.283],[40.238,47.265],[40.255,47.239],[40.226,47.22],[40.208,47.182],[40.226,47.135],[40.2,47.115],[40.208,47.083],[40.241,47.074],[40.208,47.063],[40.173,47.067],[40.154,47.035],[40.127,47.017],[40.089,47.013],[40.057,47.013],[40.018,47.012],[39.981,47.009],[39.927,47.008],[39.898,47.017],[39.863,47.021],[39.794,47.016],[39.76,47.021],[39.732,47.037],[39.696,47.046],[39.665,47.046],[39.636,47.03],[39.602,47.02],[39.573,47.029],[39.531,47.042],[39.502,47.055],[39.462,47.049],[39.429,47.063],[39.402,47.076],[39.358,47.084],[39.326,47.08],[39.29,47.08],[39.254,47.088],[39.286,47.1],[39.309,47.128],[39.392,47.138],[39.427,47.141],[39.462,47.142],[39.495,47.163],[39.527,47.163],[39.556,47.179],[39.584,47.2],[39.614,47.208],[39.637,47.237],[39.644,47.27],[39.655,47.302],[39.664,47.333],[39.652,47.363],[39.655,47.402],[39.627,47.425],[39.583,47.434],[39.552,47.433],[39.519,47.43],[39.485,47.424],[39.457,47.437],[39.425,47.442],[39.412,47.472],[39.385,47.501],[39.359,47.522],[39.33,47.556],[39.307,47.579],[39.248,47.592],[39.215,47.6],[39.188,47.617],[39.163,47.633],[39.171,47.664],[39.158,47.694],[39.125,47.704],[39.132,47.734],[39.138,47.738]]]}},{"type":"Feature","properties":{"HYBAS_ID":2040501940,"MAIN_BAS":2040006590,"NEXT_DOWN":2040006590,"SUB_AREA":50350.4,"UP_AREA":50350.4,"ENDO":0},"geometry":{"type":"Polygon","coordinates":[[[44.146,46.213],[44.204,46.208],[44.242,46.204],[44.257,46.178],[44.289,46.151],[44.319,46.134],[44.353,46.12],[44.377,46.099],[44.411,46.087],[44.45,46.079],[44.454,46.035],[44.49,46.016],[44.518,46.0],[44.544,45.983],[44.554,45.948],[44.577,45.929],[44.605,45.906],[44.621,45.877],[44.648,45.85],[44.658,45.804],[44.685,45.788],[44.71,45.771],[44.739,45.763],[44.771,45.758],[44.763,45.715],[44.739,45.691],[44.707,45.688],[44.673,45.692],[44.615,45.687],[44.585,45.691],[44.543,45.692],[44.509,45.695],[44.473,45.688],[44.45,45.713],[44.419,45.72],[44.388,45.729],[44.355,45.743],[44.323,45.742],[44.294,45.713],[44.264,45.695],[44.235,45.688],[44.205,45.687],[44.173,45.695],[44.144,45.705],[44.113,45.708],[44.084,45.69],[44.063,45.666],[44.032,45.654],[43.993,45.667],[43.96,45.675],[43.914,45.676],[43.863,45.692],[43.832,45.7],[43.789,45.696],[43.758,45.704],[43.704,45.704],[43.657,45.7],[43.614,45.705],[43.523,45.708],[43.494,45.696],[43.51,45.667],[43.539,45.659],[43.564,45.63],[43.594,45.617],[43.627,45.609],[43.658,45.595],[43.68,45.564],[43.683,45.531],[43.67,45.498],[43.667,45.464],[43.648,45.441],[43.62,45.419],[43.596,45.4],[43.556,45.409],[43.55,45.368],[43.537,45.335],[43.537,45.302],[43.481,45.309],[43.417,45.313],[43.396,45.29],[43.388,45.254],[43.36,45.267],[43.32,45.271],[43.288,45.257],[43.275,45.229],[43.246,45.215],[43.213,45.221],[43.18,45.23],[43.144,45.226],[43.108,45.217],[43.077,45.221],[43.039,45.225],[43.004,45.225],[42.973,45.221],[42.951,45.197],[42.945,45.16],[42.937,45.114],[42.912,45.073],[42.886,45.046],[42.855,45.036],[42.85,45.006],[42.83,44.982],[42.873,44.97],[42.903,44.958],[42.929,44.931],[42.916,44.901],[42.879,44.888],[42.89,44.859],[42.908,44.822],[42.876,44.807],[42.847,44.791],[42.817,44.773],[42.804,44.746],[42.791,44.701],[42.767,44.679],[42.733,44.663],[42.716,44.635],[42.748,44.617],[42.729,44.588],[42.701,44.57],[42.643,44.567],[42.649,44.537],[42.614,44.521],[42.582,44.529],[42.55,44.539],[42.53,44.573],[42.498,44.58],[42.46,44.588],[42.421,44.596],[42.385,44.601],[42.356,44.609],[42.323,44.617],[42.308,44.643],[42.309,44.681],[42.284,44.701],[42.251,44.704],[42.21,44.7],[42.168,44.705],[42.152,44.73],[42.119,44.742],[42.073,44.755],[42.035,44.767],[42.004,44.783],[41.973,44.795],[41.946,44.819],[41.923,44.841],[41.887,44.849],[41.848,44.859],[41.819,44.876],[41.786,44.895],[41.752,44.904],[41.723,44.912],[41.692,44.9],[41.643,44.905],[41.611,44.909],[41.533,44.908],[41.505,44.918],[41.532,44.938],[41.515,44.966],[41.504,45.006],[41.487,45.032],[41.456,45.046],[41.427,45.071],[41.398,45.088],[41.379,45.113],[41.403,45.138],[41.388,45.173],[41.387,45.213],[41.409,45.244],[41.385,45.263],[41.412,45.284],[41.396,45.314],[41.377,45.341],[41.339,45.346],[41.311,45.362],[41.279,45.371],[41.231,45.371],[41.181,45.379],[41.129,45.375],[41.097,45.397],[41.087,45.427],[41.075,45.458],[41.048,45.475],[41.014,45.484],[41.0,45.511],[40.983,45.542],[40.952,45.554],[40.927,45.571],[40.889,45.566],[40.852,45.558],[40.823,45.57],[40.752,45.571],[40.693,45.575],[40.664,45.584],[40.602,45.588],[40.583,45.613],[40.609,45.632],[40.645,45.655],[40.621,45.677],[40.634,45.707],[40.645,45.735],[40.621,45.754],[40.665,45.763],[40.694,45.771],[40.719,45.788],[40.763,45.796],[40.811,45.8],[40.852,45.796],[40.878,45.821],[40.91,45.82],[40.953,45.83],[40.913,45.854],[40.888,45.891],[40.883,45.923],[40.867,45.967],[40.854,46.0],[40.826,46.026],[40.794,46.045],[40.759,46.069],[40.758,46.1],[40.802,46.105],[40.848,46.13],[40.866,46.17],[40.827,46.176],[40.798,46.195],[40.769,46.212],[40.734,46.226],[40.723,46.258],[40.689,46.259],[40.656,46.279],[40.631,46.296],[40.598,46.313],[40.568,46.322],[40.58,46.35],[40.613,46.367],[40.604,46.4],[40.657,46.4],[40.685,46.416],[40.719,46.421],[40.743,46.441],[40.765,46.467],[40.794,46.48],[40.823,46.495],[40.845,46.523],[40.89,46.525],[40.923,46.516],[40.965,46.513],[41.063,46.517],[41.049,46.544],[41.049,46.577],[41.033,46.603],[40.989,46.601],[40.97,46.624],[40.981,46.654],[41.008,46.667],[41.016,46.699],[40.99,46.717],[40.966,46.744],[40.944,46.77],[40.934,46.8],[40.921,46.835],[40.916,46.866],[40.883,46.875],[40.866,46.908],[40.819,46.917],[40.781,46.941],[40.743,46.938],[40.713,46.955],[40.664,46.954],[40.632,46.954],[40.598,46.962],[40.568,46.976],[40.576,47.027],[40.523,47.038],[40.494,47.049],[40.467,47.071],[40.436,47.075],[40.404,47.079],[40.365,47.08],[40.283,47.075],[40.248,47.07],[40.208,47.083],[40.2,47.115],[40.229,47.13],[40.224,47.165],[40.209,47.198],[40.236,47.221],[40.254,47.246],[40.285,47.262],[40.315,47.27],[40.373,47.276],[40.403,47.276],[40.421,47.315],[40.448,47.33],[40.473,47.346],[40.502,47.359],[40.53,47.387],[40.548,47.412],[40.581,47.42],[40.61,47.405],[40.669,47.399],[40.706,47.396],[40.726,47.373],[40.756,47.358],[40.796,47.358],[40.805,47.326],[40.835,47.329],[40.865,47.346],[40.9,47.349],[40.933,47.363],[40.964,47.35],[40.992,47.323],[41.012,47.29],[41.024,47.262],[41.056,47.258],[41.098,47.258],[41.129,47.254],[41.163,47.246],[41.223,47.245],[41.256,47.238],[41.29,47.233],[41.319,47.22],[41.354,47.204],[41.375,47.178],[41.394,47.155],[41.424,47.136],[41.447,47.109],[41.479,47.091],[41.495,47.065],[41.536,47.05],[41.577,47.034],[41.615,47.037],[41.694,47.033],[41.723,47.021],[41.754,47.021],[41.79,47.008],[41.816,46.986],[41.835,46.959],[41.864,46.942],[41.902,46.933],[41.931,46.917],[41.938,46.88],[41.959,46.856],[41.987,46.827],[42.006,46.804],[42.052,46.759],[42.081,46.751],[42.115,46.741],[42.175,46.738],[42.197,46.717],[42.24,46.691],[42.283,46.683],[42.309,46.704],[42.356,46.705],[42.386,46.713],[42.423,46.716],[42.452,46.704],[42.482,46.717],[42.511,46.73],[42.539,46.741],[42.573,46.741],[42.602,46.726],[42.644,46.712],[42.682,46.7],[42.74,46.692],[42.781,46.684],[42.812,46.67],[42.831,46.646],[42.875,46.646],[42.908,46.65],[42.921,46.618],[42.977,46.604],[43.006,46.587],[43.057,46.588],[43.094,46.595],[43.123,46.58],[43.152,46.567],[43.182,46.562],[43.217,46.55],[43.237,46.577],[43.258,46.6],[43.285,46.616],[43.315,46.621],[43.345,46.611],[43.36,46.58],[43.389,46.567],[43.414,46.551],[43.449,46.549],[43.429,46.522],[43.461,46.508],[43.471,46.479],[43.525,46.475],[43.55,46.458],[43.594,46.455],[43.624,46.453],[43.646,46.43],[43.66,46.4],[43.715,46.391],[43.779,46.388],[43.815,46.383],[43.858,46.375],[43.894,46.375],[43.946,46.375],[43.977,46.359],[44.027,46.35],[44.065,46.341],[44.098,46.329],[44.136,46.32],[44.166,46.306],[44.176,46.276],[44.152,46.254],[44.145,46.219],[44.146,46.213]]]}},{"type":"Feature","properties":{"HYBAS_ID":2040501810,"MAIN_BAS":2040006590,"NEXT_DOWN":2040006590,"SUB_AREA":21791.6,"UP_AREA":379756.5,"ENDO":0},"geometry":{"type":"Polygon","coordinates":[[[43.15,47.421],[43.181,47.413],[43.221,47.413],[43.273,47.412],[43.333,47.404],[43.381,47.413],[43.401,47.449],[43.431,47.466],[43.438,47.503],[43.473,47.517],[43.515,47.525],[43.563,47.533],[43.59,47.546],[43.618,47.57],[43.648,47.579],[43.686,47.584],[43.715,47.592],[43.744,47.6],[43.773,47.609],[43.819,47.617],[43.911,47.625],[43.94,47.638],[43.968,47.662],[44.03,47.667],[44.066,47.684],[44.058,47.715],[44.082,47.733],[44.111,47.72],[44.182,47.72],[44.223,47.712],[44.252,47.704],[44.327,47.7],[44.333,47.667],[44.305,47.64],[44.296,47.611],[44.288,47.573],[44.268,47.549],[44.274,47.502],[44.267,47.463],[44.298,47.459],[44.327,47.442],[44.356,47.433],[44.384,47.413],[44.359,47.39],[44.345,47.347],[44.374,47.319],[44.367,47.277],[44.348,47.254],[44.325,47.233],[44.317,47.204],[44.277,47.187],[44.243,47.175],[44.202,47.179],[44.18,47.157],[44.171,47.127],[44.198,47.112],[44.248,47.104],[44.279,47.096],[44.271,47.061],[44.279,47.027],[44.267,46.998],[44.279,46.967],[44.25,46.948],[44.263,46.917],[44.271,46.885],[44.283,46.852],[44.296,46.825],[44.3,46.793],[44.312,46.756],[44.3,46.727],[44.329,46.704],[44.334,46.673],[44.324,46.627],[44.337,46.597],[44.312,46.57],[44.277,46.563],[44.235,46.563],[44.196,46.571],[44.152,46.57],[44.092,46.558],[44.064,46.571],[44.029,46.588],[43.97,46.583],[43.916,46.588],[43.88,46.583],[43.876,46.552],[43.892,46.523],[43.902,46.492],[43.936,46.487],[43.975,46.479],[43.989,46.45],[44.023,46.438],[44.052,46.424],[44.086,46.412],[44.105,46.388],[44.131,46.37],[44.165,46.358],[44.162,46.318],[44.11,46.321],[44.081,46.334],[44.039,46.342],[43.996,46.35],[43.97,46.369],[43.923,46.375],[43.858,46.375],[43.819,46.38],[43.779,46.388],[43.733,46.388],[43.681,46.392],[43.652,46.405],[43.624,46.453],[43.594,46.455],[43.561,46.454],[43.525,46.473],[43.481,46.475],[43.464,46.505],[43.429,46.522],[43.455,46.543],[43.414,46.551],[43.389,46.567],[43.36,46.58],[43.345,46.611],[43.318,46.625],[43.285,46.616],[43.258,46.6],[43.237,46.577],[43.217,46.55],[43.185,46.559],[43.152,46.567],[43.123,46.58],[43.094,46.595],[43.058,46.592],[43.027,46.587],[42.993,46.588],[42.939,46.605],[42.917,46.631],[42.881,46.65],[42.831,46.646],[42.812,46.67],[42.781,46.684],[42.75,46.696],[42.7,46.692],[42.663,46.7],[42.623,46.713],[42.594,46.73],[42.542,46.742],[42.511,46.73],[42.482,46.717],[42.456,46.7],[42.427,46.713],[42.389,46.716],[42.36,46.708],[42.309,46.704],[42.283,46.683],[42.243,46.688],[42.21,46.692],[42.195,46.724],[42.118,46.738],[42.09,46.749],[42.056,46.758],[42.006,46.804],[41.987,46.827],[41.962,46.852],[41.938,46.88],[41.95,46.908],[41.923,46.921],[41.889,46.934],[41.861,46.945],[41.827,46.966],[41.806,46.992],[41.781,47.009],[41.723,47.021],[41.694,47.033],[41.635,47.034],[41.582,47.038],[41.552,47.042],[41.51,47.05],[41.491,47.077],[41.46,47.096],[41.433,47.128],[41.406,47.149],[41.379,47.173],[41.355,47.202],[41.319,47.22],[41.29,47.233],[41.256,47.238],[41.223,47.245],[41.163,47.246],[41.132,47.254],[41.098,47.258],[41.066,47.259],[41.026,47.254],[41.013,47.285],[41.0,47.313],[40.982,47.35],[40.952,47.358],[40.919,47.362],[40.89,47.351],[40.851,47.345],[40.827,47.326],[40.801,47.344],[40.769,47.35],[40.734,47.359],[40.716,47.395],[40.686,47.399],[40.639,47.401],[40.606,47.408],[40.574,47.421],[40.544,47.409],[40.521,47.377],[40.497,47.358],[40.467,47.346],[40.44,47.326],[40.42,47.297],[40.395,47.274],[40.344,47.274],[40.299,47.271],[40.273,47.255],[40.241,47.262],[40.26,47.287],[40.271,47.317],[40.299,47.327],[40.327,47.341],[40.356,47.355],[40.385,47.379],[40.419,47.384],[40.43,47.413],[40.421,47.448],[40.439,47.474],[40.469,47.484],[40.502,47.492],[40.531,47.504],[40.556,47.524],[40.594,47.526],[40.629,47.544],[40.655,47.561],[40.66,47.595],[40.676,47.624],[40.682,47.659],[40.715,47.676],[40.721,47.706],[40.752,47.701],[40.781,47.692],[40.815,47.679],[40.866,47.67],[40.867,47.64],[40.855,47.611],[40.885,47.587],[40.973,47.596],[40.97,47.559],[40.974,47.527],[41.007,47.504],[41.009,47.473],[41.021,47.444],[41.029,47.414],[41.132,47.395],[41.165,47.391],[41.204,47.383],[41.226,47.406],[41.265,47.43],[41.291,47.455],[41.323,47.451],[41.373,47.437],[41.404,47.421],[41.45,47.412],[41.54,47.383],[41.575,47.375],[41.627,47.388],[41.694,47.395],[41.736,47.388],[41.773,47.384],[41.817,47.379],[41.886,47.371],[41.919,47.379],[41.961,47.38],[41.989,47.395],[42.027,47.399],[42.07,47.395],[42.108,47.388],[42.163,47.379],[42.241,47.392],[42.291,47.413],[42.327,47.43],[42.369,47.445],[42.408,47.442],[42.471,47.442],[42.511,47.45],[42.548,47.45],[42.594,47.445],[42.629,47.442],[42.629,47.484],[42.633,47.517],[42.655,47.541],[42.663,47.585],[42.654,47.618],[42.686,47.63],[42.714,47.649],[42.741,47.669],[42.773,47.671],[42.799,47.656],[42.815,47.629],[42.835,47.601],[42.87,47.581],[42.884,47.551],[42.902,47.521],[42.921,47.496],[42.952,47.484],[42.982,47.479],[43.01,47.467],[43.039,47.459],[43.073,47.45],[43.111,47.441],[43.14,47.429],[43.15,47.421]]]}},{"type":"Feature","properties":{"HYBAS_ID":2040491980,"MAIN_BAS":2040006590,"NEXT_DOWN":2040501810,"SUB_AREA":55753.3,"UP_AREA":259243.0,"ENDO":0},"geometry":{"type":"Polygon","coordinates":[[[41.221,47.383],[41.183,47.383],[41.135,47.392],[41.052,47.396],[41.034,47.426],[41.017,47.452],[41.018,47.487],[40.988,47.504],[40.971,47.531],[40.971,47.569],[40.983,47.598],[40.906,47.595],[40.919,47.625],[40.952,47.63],[40.981,47.645],[41.019,47.645],[41.052,47.637],[41.106,47.637],[41.136,47.629],[41.169,47.646],[41.192,47.683],[41.195,47.715],[41.233,47.738],[41.258,47.759],[41.254,47.79],[41.227,47.812],[41.217,47.852],[41.22,47.886],[41.216,47.919],[41.184,47.93],[41.171,47.961],[41.232,47.979],[41.264,47.971],[41.3,47.971],[41.337,47.98],[41.333,48.013],[41.365,48.016],[41.398,48.017],[41.42,48.043],[41.429,48.073],[41.408,48.096],[41.519,48.121],[41.552,48.13],[41.59,48.129],[41.64,48.12],[41.677,48.112],[41.71,48.105],[41.75,48.104],[41.777,48.116],[41.833,48.117],[41.842,48.157],[41.871,48.176],[41.874,48.21],[41.919,48.22],[41.941,48.244],[41.988,48.255],[42.026,48.245],[42.059,48.245],[42.087,48.259],[42.108,48.283],[42.098,48.32],[42.112,48.348],[42.088,48.372],[42.073,48.401],[42.044,48.416],[42.015,48.424],[41.972,48.442],[41.938,48.463],[41.93,48.492],[41.92,48.523],[41.934,48.552],[41.969,48.554],[42.006,48.562],[42.057,48.563],[42.09,48.57],[42.123,48.57],[42.115,48.601],[42.085,48.624],[42.07,48.657],[42.044,48.679],[42.008,48.688],[41.973,48.696],[41.954,48.723],[41.981,48.737],[42.021,48.742],[42.002,48.77],[41.971,48.802],[41.982,48.833],[41.952,48.841],[41.947,48.878],[41.954,48.911],[41.971,48.938],[41.94,48.954],[41.909,48.968],[41.909,49.007],[41.882,49.025],[41.85,49.033],[41.814,49.02],[41.777,49.017],[41.745,49.03],[41.708,49.024],[41.679,49.038],[41.627,49.046],[41.596,49.05],[41.584,49.078],[41.604,49.108],[41.615,49.137],[41.605,49.173],[41.631,49.195],[41.638,49.232],[41.606,49.245],[41.57,49.257],[41.549,49.283],[41.519,49.291],[41.481,49.304],[41.454,49.317],[41.431,49.341],[41.398,49.351],[41.335,49.349],[41.298,49.341],[41.267,49.324],[41.225,49.313],[41.196,49.321],[41.16,49.334],[41.131,49.342],[41.081,49.355],[41.051,49.376],[41.077,49.392],[41.116,49.397],[41.145,49.409],[41.186,49.404],[41.209,49.424],[41.241,49.416],[41.269,49.43],[41.303,49.446],[41.336,49.471],[41.361,49.488],[41.394,49.479],[41.432,49.488],[41.466,49.498],[41.492,49.517],[41.544,49.516],[41.585,49.541],[41.614,49.554],[41.665,49.562],[41.706,49.55],[41.736,49.555],[41.769,49.55],[41.8,49.536],[41.819,49.509],[41.852,49.505],[41.876,49.528],[41.906,49.538],[41.948,49.537],[41.971,49.515],[41.996,49.487],[42.033,49.48],[42.042,49.532],[42.073,49.55],[42.121,49.55],[42.153,49.537],[42.173,49.513],[42.202,49.516],[42.232,49.525],[42.265,49.525],[42.307,49.529],[42.357,49.529],[42.386,49.521],[42.412,49.502],[42.456,49.483],[42.486,49.476],[42.483,49.513],[42.513,49.529],[42.549,49.538],[42.577,49.513],[42.607,49.499],[42.634,49.52],[42.633,49.559],[42.656,49.58],[42.68,49.599],[42.674,49.631],[42.707,49.654],[42.739,49.649],[42.77,49.659],[42.804,49.636],[42.84,49.642],[42.873,49.637],[42.906,49.62],[42.936,49.613],[42.957,49.637],[42.979,49.613],[43.004,49.585],[43.026,49.552],[43.043,49.525],[43.086,49.516],[43.127,49.517],[43.15,49.542],[43.173,49.562],[43.202,49.575],[43.212,49.61],[43.229,49.635],[43.251,49.662],[43.29,49.663],[43.319,49.674],[43.341,49.698],[43.377,49.708],[43.41,49.705],[43.465,49.712],[43.498,49.695],[43.523,49.679],[43.561,49.68],[43.591,49.685],[43.587,49.716],[43.619,49.72],[43.652,49.708],[43.682,49.695],[43.715,49.691],[43.744,49.676],[43.773,49.663],[43.806,49.655],[43.862,49.659],[43.885,49.684],[43.916,49.683],[43.944,49.705],[43.959,49.731],[44.019,49.746],[44.056,49.763],[44.085,49.771],[44.119,49.775],[44.161,49.784],[44.186,49.805],[44.217,49.813],[44.233,49.838],[44.255,49.87],[44.31,49.871],[44.346,49.888],[44.359,49.936],[44.384,49.955],[44.363,49.985],[44.341,50.011],[44.313,50.029],[44.329,50.056],[44.334,50.09],[44.318,50.117],[44.349,50.144],[44.375,50.165],[44.367,50.196],[44.431,50.217],[44.465,50.23],[44.495,50.237],[44.517,50.258],[44.557,50.263],[44.6,50.263],[44.626,50.295],[44.642,50.325],[44.672,50.333],[44.717,50.346],[44.725,50.378],[44.765,50.401],[44.794,50.421],[44.827,50.429],[44.858,50.421],[44.887,50.443],[44.9,50.475],[44.92,50.498],[44.947,50.515],[44.96,50.545],[44.991,50.563],[45.044,50.58],[45.086,50.583],[45.12,50.566],[45.146,50.59],[45.169,50.616],[45.158,50.645],[45.19,50.666],[45.22,50.677],[45.244,50.705],[45.254,50.735],[45.21,50.751],[45.221,50.779],[45.261,50.788],[45.294,50.787],[45.323,50.796],[45.352,50.804],[45.383,50.792],[45.41,50.808],[45.465,50.821],[45.506,50.83],[45.556,50.829],[45.559,50.794],[45.545,50.759],[45.554,50.727],[45.542,50.692],[45.536,50.659],[45.496,50.654],[45.5,50.623],[45.523,50.601],[45.549,50.586],[45.569,50.562],[45.606,50.554],[45.648,50.541],[45.659,50.505],[45.685,50.484],[45.671,50.454],[45.635,50.451],[45.593,50.437],[45.561,50.438],[45.538,50.41],[45.521,50.383],[45.492,50.362],[45.474,50.334],[45.449,50.313],[45.437,50.28],[45.406,50.267],[45.396,50.238],[45.365,50.23],[45.341,50.209],[45.309,50.191],[45.277,50.174],[45.244,50.158],[45.22,50.127],[45.226,50.097],[45.242,50.063],[45.205,50.044],[45.181,50.02],[45.157,49.992],[45.123,49.996],[45.128,49.966],[45.121,49.936],[45.142,49.913],[45.11,49.913],[45.082,49.924],[45.044,49.916],[45.006,49.92],[44.98,49.906],[44.979,49.875],[44.95,49.866],[44.946,49.831],[44.916,49.83],[44.88,49.816],[44.851,49.798],[44.846,49.767],[44.874,49.753],[44.879,49.714],[44.86,49.691],[44.793,49.674],[44.767,49.656],[44.785,49.621],[44.813,49.609],[44.84,49.588],[44.883,49.583],[44.879,49.543],[44.867,49.513],[44.888,49.488],[44.919,49.47],[44.952,49.466],[44.988,49.458],[44.971,49.427],[44.944,49.413],[44.898,49.412],[44.876,49.385],[44.888,49.351],[44.921,49.344],[44.859,49.316],[44.819,49.317],[44.791,49.302],[44.761,49.3],[44.727,49.3],[44.704,49.281],[44.675,49.271],[44.67,49.234],[44.677,49.201],[44.706,49.176],[44.688,49.145],[44.662,49.117],[44.631,49.112],[44.548,49.099],[44.556,49.067],[44.562,49.036],[44.567,49.004],[44.532,49.017],[44.489,49.012],[44.464,48.995],[44.485,48.971],[44.516,48.94],[44.488,48.928],[44.466,48.9],[44.431,48.87],[44.394,48.862],[44.395,48.822],[44.365,48.82],[44.35,48.793],[44.383,48.779],[44.346,48.758],[44.311,48.742],[44.273,48.729],[44.288,48.701],[44.336,48.683],[44.375,48.683],[44.358,48.657],[44.35,48.628],[44.335,48.599],[44.304,48.572],[44.331,48.551],[44.36,48.562],[44.394,48.555],[44.423,48.546],[44.448,48.526],[44.474,48.508],[44.448,48.484],[44.419,48.467],[44.392,48.45],[44.392,48.414],[44.423,48.4],[44.402,48.376],[44.371,48.361],[44.355,48.327],[44.325,48.304],[44.285,48.292],[44.255,48.269],[44.227,48.255],[44.188,48.254],[44.215,48.237],[44.244,48.229],[44.277,48.213],[44.311,48.199],[44.324,48.172],[44.313,48.144],[44.33,48.118],[44.345,48.09],[44.354,48.056],[44.326,48.037],[44.304,48.013],[44.305,47.981],[44.281,47.962],[44.227,47.954],[44.188,47.946],[44.206,47.913],[44.24,47.9],[44.258,47.872],[44.23,47.853],[44.216,47.823],[44.202,47.795],[44.177,47.775],[44.148,47.767],[44.124,47.748],[44.12,47.718],[44.09,47.729],[44.056,47.733],[44.063,47.694],[44.045,47.662],[43.989,47.666],[43.963,47.646],[43.932,47.641],[43.839,47.625],[43.793,47.616],[43.756,47.608],[43.718,47.595],[43.689,47.587],[43.656,47.583],[43.618,47.57],[43.59,47.546],[43.563,47.533],[43.527,47.533],[43.485,47.525],[43.452,47.516],[43.434,47.49],[43.419,47.455],[43.4,47.429],[43.359,47.412],[43.298,47.405],[43.242,47.413],[43.196,47.413],[43.156,47.417],[43.129,47.433],[43.098,47.442],[43.06,47.45],[43.031,47.463],[43.002,47.471],[42.964,47.48],[42.931,47.488],[42.907,47.52],[42.891,47.549],[42.871,47.577],[42.848,47.596],[42.826,47.619],[42.799,47.656],[42.773,47.671],[42.742,47.671],[42.719,47.651],[42.692,47.638],[42.654,47.618],[42.663,47.585],[42.658,47.552],[42.642,47.523],[42.633,47.489],[42.638,47.456],[42.608,47.442],[42.577,47.446],[42.523,47.45],[42.477,47.445],[42.421,47.442],[42.381,47.442],[42.352,47.43],[42.314,47.429],[42.256,47.412],[42.177,47.391],[42.119,47.38],[42.081,47.388],[42.031,47.396],[41.989,47.395],[41.961,47.38],[41.925,47.375],[41.889,47.375],[41.836,47.37],[41.798,47.38],[41.765,47.391],[41.719,47.387],[41.636,47.396],[41.602,47.387],[41.556,47.375],[41.455,47.384],[41.427,47.413],[41.398,47.42],[41.348,47.438],[41.316,47.449],[41.285,47.451],[41.239,47.429],[41.225,47.388],[41.221,47.383]]]}},{"type":"Feature","properties":{"HYBAS_ID":2040491970,"MAIN_BAS":2040006590,"NEXT_DOWN":2040501810,"SUB_AREA":98720.5,"UP_AREA":98720.5,"ENDO":0},"geometry":{"type":"Polygon","coordinates":[[[38.029,51.521],[38.069,51.529],[38.102,51.521],[38.133,51.517],[38.156,51.537],[38.187,51.553],[38.215,51.541],[38.248,51.534],[38.277,51.526],[38.279,51.492],[38.324,51.483],[38.345,51.458],[38.375,51.45],[38.392,51.425],[38.423,51.416],[38.452,51.399],[38.474,51.373],[38.448,51.334],[38.41,51.324],[38.395,51.295],[38.367,51.266],[38.335,51.255],[38.311,51.279],[38.291,51.303],[38.256,51.316],[38.219,51.341],[38.195,51.322],[38.195,51.289],[38.216,51.256],[38.235,51.23],[38.245,51.198],[38.238,51.167],[38.21,51.155],[38.159,51.149],[38.142,51.123],[38.126,51.088],[38.156,51.071],[38.142,51.04],[38.128,51.013],[38.093,51.008],[38.088,50.975],[38.057,50.95],[38.021,50.938],[37.994,50.921],[37.964,50.916],[37.968,50.884],[37.996,50.871],[38.036,50.862],[38.063,50.834],[38.08,50.801],[38.11,50.792],[38.135,50.755],[38.165,50.746],[38.148,50.721],[38.105,50.716],[38.08,50.69],[38.052,50.667],[38.023,50.655],[37.997,50.637],[37.958,50.625],[37.927,50.616],[37.904,50.597],[37.925,50.571],[37.894,50.563],[37.908,50.533],[37.944,50.529],[37.942,50.494],[37.92,50.467],[37.948,50.455],[37.991,50.467],[38.014,50.442],[38.057,50.437],[38.074,50.465],[38.104,50.471],[38.165,50.487],[38.194,50.495],[38.232,50.496],[38.273,50.488],[38.298,50.505],[38.331,50.517],[38.359,50.541],[38.391,50.547],[38.421,50.563],[38.452,50.575],[38.488,50.579],[38.532,50.566],[38.506,50.545],[38.492,50.519],[38.536,50.499],[38.554,50.471],[38.546,50.435],[38.573,50.412],[38.598,50.395],[38.64,50.383],[38.637,50.347],[38.649,50.315],[38.676,50.297],[38.658,50.267],[38.689,50.259],[38.719,50.221],[38.738,50.194],[38.786,50.183],[38.82,50.205],[38.842,50.229],[38.877,50.221],[38.905,50.202],[38.94,50.187],[38.967,50.204],[39.0,50.19],[39.002,50.159],[39.035,50.155],[39.073,50.154],[39.092,50.13],[39.123,50.125],[39.157,50.125],[39.184,50.106],[39.209,50.087],[39.231,50.066],[39.26,50.055],[39.285,50.038],[39.315,50.029],[39.344,50.037],[39.386,50.029],[39.436,50.029],[39.46,50.008],[39.49,49.992],[39.523,49.988],[39.551,49.975],[39.57,49.951],[39.545,49.927],[39.573,49.909],[39.602,49.92],[39.634,49.934],[39.642,49.966],[39.673,49.976],[39.71,49.954],[39.721,49.923],[39.738,49.896],[39.741,49.863],[39.72,49.833],[39.688,49.819],[39.662,49.803],[39.636,49.776],[39.628,49.738],[39.592,49.724],[39.609,49.688],[39.635,49.663],[39.645,49.631],[39.682,49.612],[39.715,49.608],[39.748,49.599],[39.774,49.581],[39.802,49.562],[39.857,49.562],[39.904,49.558],[39.935,49.575],[39.954,49.604],[39.987,49.595],[40.019,49.601],[40.049,49.609],[40.081,49.604],[40.112,49.621],[40.144,49.621],[40.177,49.633],[40.215,49.633],[40.269,49.626],[40.303,49.62],[40.337,49.616],[40.365,49.595],[40.408,49.588],[40.439,49.58],[40.481,49.576],[40.527,49.587],[40.56,49.58],[40.588,49.563],[40.62,49.552],[40.652,49.533],[40.685,49.505],[40.719,49.483],[40.757,49.484],[40.788,49.488],[40.819,49.487],[40.848,49.495],[40.882,49.483],[40.911,49.466],[40.93,49.438],[40.962,49.429],[40.984,49.394],[41.023,49.383],[41.061,49.374],[41.106,49.354],[41.136,49.341],[41.173,49.333],[41.202,49.32],[41.244,49.313],[41.277,49.333],[41.315,49.342],[41.379,49.35],[41.415,49.349],[41.444,49.337],[41.461,49.312],[41.489,49.296],[41.523,49.288],[41.554,49.273],[41.583,49.244],[41.617,49.246],[41.637,49.202],[41.609,49.187],[41.601,49.156],[41.62,49.133],[41.605,49.089],[41.583,49.066],[41.623,49.05],[41.657,49.045],[41.69,49.033],[41.74,49.026],[41.773,49.02],[41.809,49.016],[41.839,49.029],[41.873,49.029],[41.902,49.017],[41.905,48.986],[41.932,48.962],[41.96,48.942],[41.954,48.911],[41.947,48.878],[41.945,48.844],[41.982,48.833],[41.971,48.802],[41.988,48.771],[42.019,48.762],[41.994,48.742],[41.96,48.733],[41.959,48.701],[41.994,48.695],[42.023,48.687],[42.052,48.671],[42.08,48.66],[42.081,48.626],[42.108,48.61],[42.13,48.584],[42.102,48.571],[42.069,48.567],[42.027,48.562],[41.998,48.555],[41.963,48.554],[41.933,48.542],[41.926,48.505],[41.945,48.481],[41.952,48.451],[41.989,48.426],[42.031,48.42],[42.06,48.409],[42.087,48.39],[42.113,48.365],[42.098,48.338],[42.113,48.308],[42.107,48.276],[42.081,48.258],[42.052,48.246],[42.014,48.246],[41.952,48.254],[41.937,48.223],[41.883,48.221],[41.862,48.192],[41.852,48.162],[41.837,48.118],[41.806,48.117],[41.773,48.121],[41.713,48.104],[41.681,48.109],[41.648,48.113],[41.614,48.121],[41.577,48.13],[41.531,48.129],[41.426,48.12],[41.408,48.083],[41.433,48.061],[41.412,48.031],[41.388,48.013],[41.352,48.017],[41.337,47.98],[41.306,47.971],[41.264,47.971],[41.232,47.979],[41.194,47.98],[41.171,47.954],[41.198,47.929],[41.208,47.9],[41.224,47.873],[41.229,47.84],[41.231,47.809],[41.255,47.785],[41.238,47.748],[41.207,47.73],[41.196,47.688],[41.177,47.651],[41.149,47.635],[41.11,47.634],[41.062,47.638],[41.031,47.641],[40.998,47.642],[40.952,47.63],[40.919,47.625],[40.896,47.604],[40.868,47.588],[40.866,47.623],[40.871,47.66],[40.84,47.674],[40.806,47.68],[40.777,47.695],[40.744,47.708],[40.713,47.723],[40.684,47.742],[40.666,47.766],[40.638,47.784],[40.626,47.815],[40.588,47.829],[40.557,47.825],[40.523,47.834],[40.492,47.833],[40.458,47.85],[40.414,47.845],[40.382,47.841],[40.35,47.85],[40.31,47.866],[40.282,47.855],[40.239,47.85],[40.2,47.85],[40.144,47.855],[40.11,47.845],[40.043,47.837],[40.01,47.825],[39.94,47.82],[39.888,47.825],[39.848,47.838],[39.807,47.85],[39.775,47.85],[39.744,47.845],[39.723,47.87],[39.738,47.902],[39.731,47.933],[39.698,47.941],[39.67,47.962],[39.645,47.987],[39.625,48.012],[39.608,48.04],[39.586,48.062],[39.552,48.066],[39.523,48.08],[39.494,48.066],[39.465,48.087],[39.431,48.096],[39.398,48.105],[39.358,48.104],[39.314,48.108],[39.281,48.116],[39.252,48.13],[39.223,48.138],[39.187,48.142],[39.156,48.142],[39.13,48.16],[39.115,48.187],[39.084,48.197],[39.06,48.221],[39.023,48.225],[38.989,48.225],[38.956,48.22],[38.925,48.221],[38.908,48.248],[38.867,48.263],[38.843,48.284],[38.815,48.295],[38.752,48.291],[38.717,48.287],[38.694,48.262],[38.644,48.254],[38.618,48.271],[38.59,48.283],[38.556,48.292],[38.527,48.308],[38.497,48.326],[38.472,48.351],[38.442,48.354],[38.41,48.345],[38.396,48.308],[38.364,48.304],[38.323,48.305],[38.294,48.316],[38.254,48.317],[38.223,48.325],[38.177,48.316],[38.135,48.316],[38.102,48.324],[38.075,48.338],[38.044,48.309],[38.021,48.286],[38.002,48.255],[37.986,48.23],[37.993,48.2],[38.023,48.187],[38.038,48.16],[38.042,48.113],[38.006,48.117],[37.973,48.108],[37.944,48.096],[37.904,48.1],[37.873,48.121],[37.835,48.116],[37.802,48.108],[37.756,48.113],[37.755,48.145],[37.723,48.155],[37.708,48.185],[37.7,48.217],[37.664,48.226],[37.636,48.241],[37.602,48.254],[37.573,48.259],[37.539,48.262],[37.497,48.258],[37.467,48.241],[37.439,48.22],[37.413,48.199],[37.396,48.173],[37.365,48.179],[37.345,48.202],[37.319,48.217],[37.295,48.249],[37.263,48.263],[37.236,48.283],[37.2,48.292],[37.198,48.325],[37.187,48.353],[37.208,48.375],[37.227,48.404],[37.241,48.435],[37.24,48.466],[37.198,48.48],[37.173,48.499],[37.15,48.523],[37.175,48.543],[37.202,48.558],[37.221,48.581],[37.213,48.621],[37.195,48.652],[37.164,48.68],[37.138,48.696],[37.094,48.696],[37.065,48.712],[37.023,48.717],[36.994,48.73],[36.972,48.75],[36.944,48.766],[36.91,48.775],[36.878,48.776],[36.845,48.77],[36.832,48.8],[36.798,48.804],[36.769,48.796],[36.731,48.809],[36.698,48.816],[36.668,48.825],[36.639,48.816],[36.606,48.817],[36.582,48.841],[36.548,48.859],[36.515,48.866],[36.481,48.866],[36.439,48.862],[36.393,48.863],[36.356,48.863],[36.327,48.883],[36.294,48.884],[36.264,48.896],[36.235,48.913],[36.244,48.954],[36.291,48.967],[36.312,48.998],[36.329,49.033],[36.324,49.066],[36.324,49.106],[36.317,49.14],[36.292,49.169],[36.301,49.203],[36.322,49.228],[36.308,49.265],[36.313,49.296],[36.281,49.304],[36.262,49.331],[36.231,49.355],[36.208,49.376],[36.216,49.411],[36.195,49.437],[36.146,49.438],[36.129,49.467],[36.145,49.494],[36.17,49.513],[36.174,49.544],[36.18,49.58],[36.151,49.6],[36.145,49.631],[36.093,49.629],[36.027,49.62],[35.987,49.621],[35.969,49.596],[35.948,49.57],[35.897,49.566],[35.862,49.563],[35.823,49.571],[35.794,49.591],[35.76,49.592],[35.73,49.606],[35.733,49.642],[35.72,49.669],[35.712,49.702],[35.686,49.725],[35.648,49.734],[35.625,49.76],[35.585,49.767],[35.552,49.776],[35.519,49.787],[35.52,49.833],[35.485,49.845],[35.479,49.878],[35.506,49.896],[35.533,49.913],[35.577,49.917],[35.612,49.92],[35.645,49.925],[35.678,49.92],[35.719,49.929],[35.752,49.926],[35.799,49.929],[35.832,49.942],[35.858,49.958],[35.859,49.99],[35.803,49.995],[35.773,50.008],[35.742,50.013],[35.739,50.049],[35.765,50.071],[35.742,50.092],[35.729,50.125],[35.755,50.149],[35.759,50.182],[35.785,50.199],[35.809,50.224],[35.837,50.248],[35.833,50.288],[35.854,50.313],[35.877,50.337],[35.905,50.352],[35.928,50.371],[35.964,50.387],[35.994,50.395],[36.005,50.424],[36.036,50.434],[36.064,50.449],[36.095,50.449],[36.124,50.459],[36.156,50.483],[36.192,50.492],[36.221,50.502],[36.252,50.513],[36.27,50.539],[36.274,50.571],[36.28,50.606],[36.279,50.64],[36.32,50.655],[36.349,50.676],[36.374,50.696],[36.359,50.724],[36.39,50.733],[36.413,50.758],[36.44,50.783],[36.473,50.784],[36.501,50.803],[36.48,50.831],[36.475,50.864],[36.475,50.898],[36.494,50.921],[36.52,50.938],[36.552,50.951],[36.582,50.963],[36.613,50.971],[36.634,50.995],[36.67,51.009],[36.719,51.03],[36.752,51.037],[36.781,51.045],[36.819,51.045],[36.857,51.041],[36.895,51.038],[36.927,51.05],[36.957,51.037],[37.004,51.042],[37.031,51.026],[37.062,51.023],[37.094,51.02],[37.124,51.012],[37.156,51.029],[37.187,51.042],[37.212,51.06],[37.213,51.094],[37.235,51.12],[37.269,51.121],[37.302,51.129],[37.324,51.152],[37.354,51.181],[37.333,51.209],[37.316,51.249],[37.312,51.287],[37.317,51.321],[37.3,51.348],[37.3,51.389],[37.279,51.433],[37.251,51.451],[37.22,51.479],[37.183,51.471],[37.155,51.481],[37.149,51.516],[37.138,51.546],[37.177,51.551],[37.184,51.581],[37.2,51.613],[37.225,51.633],[37.256,51.633],[37.294,51.63],[37.337,51.629],[37.36,51.609],[37.394,51.616],[37.423,51.634],[37.456,51.624],[37.485,51.616],[37.516,51.613],[37.546,51.608],[37.581,51.609],[37.615,51.62],[37.652,51.629],[37.677,51.612],[37.732,51.613],[37.765,51.617],[37.798,51.616],[37.827,51.624],[37.856,51.613],[37.891,51.612],[37.921,51.604],[37.931,51.574],[37.97,51.566],[37.999,51.549],[38.023,51.526],[38.029,51.521]]]}},{"type":"Feature","properties":{"HYBAS_ID":2040006600,"MAIN_BAS":2040006600,"NEXT_DOWN":0,"SUB_AREA":75451.4,"UP_AREA":75451.4,"ENDO":0},"geometry":{"type":"Polygon","coordinates":[[[31.778,46.371],[31.742,46.394],[31.72,46.428],[31.748,46.409],[31.771,46.385],[31.778,46.371]],[[32.04,46.171],[31.977,46.176],[31.944,46.183],[31.91,46.187],[31.856,46.192],[31.823,46.199],[31.781,46.205],[31.731,46.213],[31.685,46.221],[31.644,46.23],[31.615,46.238],[31.585,46.251],[31.556,46.267],[31.526,46.294],[31.512,46.327],[31.513,46.362],[31.538,46.344],[31.538,46.306],[31.569,46.267],[31.602,46.254],[31.644,46.246],[31.683,46.249],[31.719,46.224],[31.752,46.217],[31.794,46.212],[31.84,46.204],[31.877,46.199],[31.927,46.191],[31.977,46.187],[32.037,46.178],[32.04,46.171]],[[33.211,46.071],[33.189,46.092],[33.212,46.072],[33.211,46.071]],[[32.786,45.533],[32.811,45.55],[32.781,45.538],[32.786,45.533]],[[33.2,45.446],[33.171,45.433],[33.2,45.442],[33.2,45.446]],[[33.117,45.396],[33.083,45.383],[33.048,45.371],[33.013,45.366],[32.989,45.346],[32.949,45.355],[32.977,45.338],[33.006,45.321],[33.048,45.342],[33.067,45.378],[33.099,45.374],[33.117,45.396]],[[36.586,45.246],[36.555,45.255],[36.53,45.28],[36.564,45.263],[36.586,45.246]],[[38.479,47.146],[38.501,47.169],[38.47,47.155],[38.479,47.146]],[[33.021,46.121],[32.952,46.108],[32.906,46.105],[32.84,46.113],[32.806,46.113],[32.773,46.12],[32.736,46.105],[32.698,46.104],[32.66,46.1],[32.627,46.1],[32.594,46.092],[32.56,46.083],[32.602,46.066],[32.644,46.058],[32.694,46.049],[32.735,46.041],[32.794,46.034],[32.827,46.046],[32.856,46.059],[32.885,46.051],[32.916,46.037],[32.944,46.049],[32.973,46.034],[33.006,46.033],[33.044,46.029],[33.084,46.016],[33.044,46.008],[33.01,46.005],[32.969,46.009],[32.938,46.008],[32.873,46.013],[32.84,46.02],[32.806,46.024],[32.773,46.029],[32.723,46.034],[32.681,46.042],[32.64,46.051],[32.585,46.059],[32.54,46.063],[32.494,46.071],[32.452,46.08],[32.406,46.088],[32.369,46.096],[32.335,46.105],[32.298,46.113],[32.256,46.121],[32.223,46.13],[32.185,46.138],[32.148,46.146],[32.11,46.155],[32.069,46.163],[32.119,46.162],[32.152,46.154],[32.194,46.145],[32.228,46.138],[32.23,46.174],[32.199,46.171],[32.16,46.199],[32.127,46.204],[32.098,46.216],[32.064,46.242],[32.029,46.245],[31.998,46.251],[31.96,46.262],[31.94,46.288],[31.901,46.295],[31.88,46.27],[31.848,46.267],[31.814,46.263],[31.774,46.264],[31.77,46.295],[31.78,46.324],[31.819,46.334],[31.894,46.338],[31.94,46.342],[31.977,46.351],[32.008,46.363],[32.03,46.395],[32.033,46.431],[31.995,46.451],[31.95,46.437],[31.919,46.449],[31.885,46.459],[31.848,46.467],[31.81,46.476],[31.769,46.484],[31.727,46.483],[31.701,46.466],[31.713,46.434],[31.681,46.449],[31.656,46.467],[31.631,46.488],[31.602,46.508],[31.573,46.522],[31.544,46.541],[31.518,46.563],[31.548,46.551],[31.577,46.541],[31.65,46.542],[31.685,46.542],[31.727,46.547],[31.76,46.547],[31.79,46.534],[31.823,46.528],[31.869,46.52],[31.898,46.528],[31.927,46.512],[31.96,46.513],[31.994,46.503],[32.022,46.492],[32.052,46.495],[32.085,46.508],[32.115,46.517],[32.14,46.499],[32.173,46.497],[32.248,46.483],[32.275,46.501],[32.306,46.492],[32.335,46.508],[32.363,46.521],[32.398,46.521],[32.436,46.529],[32.46,46.554],[32.49,46.546],[32.516,46.531],[32.48,46.49],[32.491,46.448],[32.484,46.415],[32.495,46.387],[32.545,46.376],[32.572,46.355],[32.602,46.354],[32.633,46.346],[32.655,46.322],[32.685,46.313],[32.715,46.301],[32.748,46.305],[32.783,46.3],[32.811,46.284],[32.845,46.28],[32.866,46.309],[32.898,46.316],[32.922,46.337],[32.951,46.349],[32.981,46.358],[33.019,46.354],[33.067,46.359],[33.115,46.367],[33.14,46.384],[33.163,46.405],[33.195,46.409],[33.229,46.417],[33.258,46.438],[33.27,46.467],[33.298,46.491],[33.327,46.516],[33.346,46.553],[33.377,46.563],[33.4,46.583],[33.427,46.601],[33.458,46.614],[33.47,46.644],[33.479,46.675],[33.506,46.691],[33.535,46.705],[33.551,46.735],[33.58,46.75],[33.612,46.753],[33.643,46.73],[33.645,46.79],[33.67,46.814],[33.701,46.82],[33.729,46.846],[33.765,46.849],[33.795,46.86],[33.817,46.895],[33.848,46.917],[33.873,46.934],[33.902,46.951],[33.931,46.963],[33.957,46.98],[33.995,47.017],[34.005,47.049],[34.013,47.078],[34.04,47.092],[34.073,47.101],[34.102,47.121],[34.121,47.15],[34.152,47.159],[34.183,47.158],[34.216,47.159],[34.292,47.171],[34.324,47.163],[34.342,47.188],[34.374,47.183],[34.408,47.161],[34.441,47.149],[34.478,47.137],[34.515,47.13],[34.561,47.133],[34.602,47.13],[34.678,47.138],[34.712,47.158],[34.744,47.162],[34.777,47.167],[34.817,47.175],[34.869,47.175],[34.898,47.187],[34.933,47.192],[34.973,47.212],[35.003,47.208],[35.04,47.209],[35.073,47.213],[35.102,47.221],[35.157,47.221],[35.192,47.229],[35.208,47.256],[35.195,47.288],[35.2,47.321],[35.225,47.342],[35.241,47.372],[35.277,47.366],[35.311,47.362],[35.344,47.363],[35.383,47.367],[35.414,47.355],[35.486,47.35],[35.521,47.358],[35.557,47.354],[35.585,47.342],[35.616,47.351],[35.634,47.378],[35.655,47.399],[35.685,47.405],[35.719,47.417],[35.749,47.434],[35.794,47.433],[35.838,47.433],[35.858,47.402],[35.891,47.409],[35.923,47.408],[35.956,47.405],[35.99,47.395],[36.005,47.368],[36.033,47.348],[36.073,47.345],[36.102,47.337],[36.131,47.345],[36.169,47.337],[36.202,47.333],[36.236,47.316],[36.265,47.304],[36.302,47.301],[36.341,47.299],[36.366,47.269],[36.398,47.271],[36.433,47.267],[36.464,47.263],[36.498,47.266],[36.536,47.276],[36.551,47.307],[36.577,47.329],[36.615,47.32],[36.652,47.312],[36.68,47.336],[36.72,47.337],[36.777,47.326],[36.806,47.342],[36.835,47.354],[36.865,47.359],[36.915,47.358],[36.948,47.35],[37.0,47.35],[37.041,47.355],[37.075,47.375],[37.106,47.383],[37.117,47.411],[37.12,47.443],[37.135,47.47],[37.234,47.471],[37.267,47.466],[37.307,47.47],[37.344,47.462],[37.377,47.459],[37.408,47.472],[37.416,47.502],[37.43,47.545],[37.492,47.55],[37.512,47.577],[37.49,47.599],[37.488,47.636],[37.476,47.664],[37.488,47.711],[37.503,47.738],[37.532,47.771],[37.59,47.784],[37.621,47.796],[37.641,47.819],[37.663,47.844],[37.679,47.879],[37.679,47.913],[37.676,47.946],[37.688,47.978],[37.713,47.998],[37.735,48.02],[37.75,48.053],[37.777,48.074],[37.788,48.104],[37.818,48.112],[37.849,48.118],[37.883,48.121],[37.94,48.1],[37.973,48.108],[38.002,48.12],[38.042,48.113],[38.041,48.144],[38.033,48.177],[38.006,48.192],[37.977,48.209],[37.999,48.243],[38.02,48.268],[38.037,48.302],[38.05,48.338],[38.088,48.338],[38.116,48.32],[38.148,48.317],[38.202,48.317],[38.244,48.32],[38.294,48.316],[38.323,48.305],[38.361,48.3],[38.396,48.308],[38.404,48.342],[38.442,48.354],[38.472,48.351],[38.495,48.331],[38.519,48.312],[38.546,48.296],[38.577,48.287],[38.607,48.279],[38.644,48.254],[38.677,48.255],[38.706,48.266],[38.748,48.288],[38.785,48.292],[38.818,48.292],[38.848,48.283],[38.886,48.262],[38.909,48.234],[38.944,48.22],[38.977,48.23],[39.011,48.22],[39.046,48.225],[39.083,48.206],[39.115,48.187],[39.13,48.16],[39.156,48.142],[39.187,48.142],[39.219,48.141],[39.248,48.133],[39.277,48.117],[39.306,48.108],[39.35,48.108],[39.394,48.108],[39.423,48.096],[39.46,48.088],[39.485,48.071],[39.523,48.08],[39.552,48.066],[39.586,48.062],[39.612,48.043],[39.598,48.016],[39.576,47.994],[39.551,47.96],[39.517,47.941],[39.509,47.91],[39.457,47.895],[39.427,47.904],[39.398,47.896],[39.348,47.883],[39.315,47.883],[39.252,47.888],[39.211,47.896],[39.167,47.883],[39.136,47.884],[39.117,47.852],[39.124,47.821],[39.104,47.794],[39.128,47.766],[39.132,47.734],[39.125,47.704],[39.158,47.694],[39.171,47.664],[39.163,47.633],[39.188,47.617],[39.215,47.6],[39.248,47.592],[39.286,47.591],[39.319,47.575],[39.358,47.527],[39.381,47.504],[39.405,47.484],[39.42,47.448],[39.457,47.437],[39.485,47.424],[39.519,47.43],[39.552,47.433],[39.583,47.434],[39.616,47.433],[39.652,47.421],[39.646,47.391],[39.658,47.362],[39.661,47.33],[39.662,47.294],[39.636,47.263],[39.638,47.223],[39.612,47.202],[39.576,47.199],[39.552,47.176],[39.523,47.166],[39.48,47.162],[39.452,47.141],[39.417,47.133],[39.327,47.137],[39.288,47.106],[39.26,47.092],[39.244,47.12],[39.234,47.152],[39.221,47.183],[39.221,47.223],[39.242,47.246],[39.212,47.274],[39.175,47.283],[39.11,47.284],[39.069,47.283],[39.044,47.263],[39.006,47.267],[38.973,47.27],[38.942,47.252],[38.945,47.219],[38.884,47.195],[38.865,47.171],[38.827,47.179],[38.794,47.171],[38.752,47.166],[38.719,47.158],[38.685,47.154],[38.652,47.145],[38.619,47.138],[38.573,47.141],[38.56,47.113],[38.531,47.121],[38.502,47.13],[38.46,47.142],[38.427,47.142],[38.398,47.134],[38.365,47.138],[38.332,47.137],[38.302,47.133],[38.256,47.125],[38.227,47.116],[38.198,47.1],[38.156,47.059],[38.127,47.045],[38.097,47.024],[38.12,47.047],[38.102,47.099],[38.071,47.108],[38.043,47.095],[38.01,47.092],[37.979,47.093],[37.939,47.096],[37.911,47.108],[37.877,47.105],[37.843,47.1],[37.813,47.088],[37.761,47.088],[37.689,47.079],[37.648,47.088],[37.614,47.087],[37.586,47.075],[37.556,47.083],[37.527,47.074],[37.505,47.053],[37.481,47.03],[37.459,47.006],[37.429,46.972],[37.359,46.912],[37.335,46.887],[37.31,46.87],[37.32,46.906],[37.29,46.933],[37.261,46.945],[37.227,46.945],[37.193,46.933],[37.169,46.913],[37.131,46.908],[37.102,46.895],[37.073,46.884],[37.044,46.871],[36.998,46.866],[36.969,46.851],[36.944,46.834],[36.914,46.82],[36.892,46.8],[36.867,46.765],[36.851,46.735],[36.837,46.706],[36.813,46.673],[36.781,46.638],[36.75,46.63],[36.762,46.663],[36.793,46.674],[36.829,46.702],[36.798,46.741],[36.77,46.757],[36.74,46.77],[36.679,46.779],[36.619,46.779],[36.589,46.766],[36.539,46.758],[36.506,46.749],[36.469,46.741],[36.44,46.73],[36.411,46.721],[36.381,46.709],[36.356,46.692],[36.301,46.641],[36.283,46.614],[36.255,46.581],[36.23,46.552],[36.177,46.501],[36.144,46.499],[36.101,46.487],[36.136,46.501],[36.154,46.527],[36.185,46.533],[36.214,46.549],[36.238,46.573],[36.258,46.602],[36.229,46.653],[36.193,46.667],[36.157,46.671],[36.123,46.662],[36.09,46.658],[36.011,46.667],[35.943,46.662],[35.902,46.654],[35.873,46.645],[35.844,46.629],[35.814,46.616],[35.785,46.608],[35.756,46.596],[35.727,46.584],[35.702,46.566],[35.669,46.534],[35.644,46.516],[35.615,46.496],[35.586,46.48],[35.548,46.47],[35.514,46.458],[35.481,46.449],[35.448,46.434],[35.415,46.405],[35.351,46.344],[35.322,46.31],[35.299,46.285],[35.247,46.227],[35.226,46.198],[35.173,46.138],[35.144,46.122],[35.115,46.109],[35.077,46.103],[35.044,46.091],[35.015,46.083],[34.983,46.08],[34.994,46.109],[35.025,46.126],[35.048,46.151],[35.081,46.158],[35.115,46.159],[35.144,46.167],[35.173,46.178],[35.202,46.187],[35.222,46.225],[35.249,46.239],[35.268,46.266],[35.297,46.295],[35.333,46.335],[35.352,46.359],[35.326,46.34],[35.271,46.355],[35.255,46.381],[35.263,46.415],[35.262,46.445],[35.227,46.451],[35.194,46.474],[35.202,46.445],[35.212,46.393],[35.19,46.367],[35.161,46.355],[35.125,46.336],[35.09,46.284],[35.061,46.267],[35.029,46.258],[34.993,46.254],[34.96,46.25],[34.913,46.242],[34.881,46.229],[34.852,46.213],[34.829,46.193],[34.813,46.156],[34.83,46.127],[34.838,46.064],[34.845,46.031],[34.855,45.998],[34.866,45.969],[34.879,45.94],[34.891,45.911],[34.908,45.881],[34.924,45.852],[34.938,45.823],[34.958,45.794],[34.979,45.765],[34.995,45.74],[35.02,45.706],[35.045,45.673],[35.066,45.648],[35.131,45.58],[35.156,45.562],[35.181,45.538],[35.22,45.502],[35.306,45.413],[35.335,45.388],[35.361,45.37],[35.385,45.351],[35.414,45.334],[35.448,45.313],[35.477,45.301],[35.507,45.291],[35.54,45.292],[35.568,45.304],[35.598,45.316],[35.627,45.321],[35.661,45.326],[35.702,45.334],[35.726,45.353],[35.759,45.374],[35.769,45.405],[35.798,45.424],[35.825,45.438],[35.827,45.47],[35.87,45.474],[35.851,45.449],[35.881,45.413],[35.914,45.392],[35.944,45.383],[35.977,45.374],[36.01,45.374],[36.039,45.383],[36.069,45.404],[36.066,45.437],[36.102,45.455],[36.14,45.467],[36.173,45.471],[36.231,45.476],[36.265,45.48],[36.298,45.483],[36.327,45.474],[36.36,45.474],[36.39,45.459],[36.419,45.449],[36.452,45.462],[36.485,45.458],[36.515,45.441],[36.548,45.429],[36.599,45.441],[36.612,45.413],[36.635,45.392],[36.628,45.359],[36.552,45.345],[36.519,45.351],[36.483,45.358],[36.481,45.326],[36.456,45.299],[36.427,45.288],[36.437,45.256],[36.404,45.214],[36.408,45.175],[36.421,45.138],[36.444,45.113],[36.439,45.083],[36.41,45.07],[36.381,45.059],[36.302,45.058],[36.269,45.051],[36.236,45.03],[36.202,45.033],[36.164,45.034],[36.131,45.038],[36.101,45.042],[36.064,45.046],[36.032,45.05],[36.002,45.038],[35.977,45.02],[35.94,45.012],[35.904,45.017],[35.873,45.005],[35.842,44.995],[35.819,45.02],[35.798,45.049],[35.773,45.067],[35.74,45.084],[35.71,45.096],[35.677,45.109],[35.644,45.117],[35.602,45.126],[35.556,45.129],[35.514,45.12],[35.485,45.112],[35.456,45.099],[35.427,45.083],[35.394,45.055],[35.406,45.026],[35.39,44.996],[35.358,44.984],[35.391,44.958],[35.351,44.955],[35.321,44.967],[35.29,44.967],[35.259,44.961],[35.251,44.931],[35.227,44.912],[35.19,44.908],[35.155,44.885],[35.138,44.856],[35.133,44.822],[35.102,44.804],[35.073,44.795],[35.045,44.816],[35.015,44.833],[34.983,44.833],[34.953,44.838],[34.922,44.829],[34.891,44.812],[34.861,44.817],[34.766,44.817],[34.723,44.808],[34.694,44.796],[34.665,44.784],[34.631,44.776],[34.602,44.767],[34.56,44.754],[34.531,44.737],[34.502,44.729],[34.473,44.716],[34.442,44.689],[34.416,44.665],[34.384,44.619],[34.371,44.588],[34.349,44.547],[34.301,44.551],[34.276,44.533],[34.256,44.508],[34.21,44.499],[34.177,44.495],[34.155,44.469],[34.138,44.444],[34.088,44.425],[34.052,44.416],[34.015,44.404],[33.981,44.392],[33.948,44.391],[33.915,44.396],[33.88,44.405],[33.844,44.404],[33.798,44.391],[33.744,44.387],[33.709,44.415],[33.665,44.417],[33.641,44.452],[33.623,44.48],[33.594,44.491],[33.544,44.488],[33.498,44.499],[33.468,44.513],[33.44,44.537],[33.385,44.574],[33.413,44.591],[33.441,44.607],[33.475,44.617],[33.505,44.624],[33.532,44.642],[33.546,44.671],[33.546,44.725],[33.541,44.756],[33.534,44.794],[33.551,44.841],[33.585,44.849],[33.605,44.877],[33.613,44.908],[33.608,44.944],[33.596,44.973],[33.6,45.007],[33.587,45.04],[33.57,45.069],[33.534,45.11],[33.506,45.137],[33.481,45.154],[33.456,45.17],[33.427,45.184],[33.387,45.196],[33.36,45.179],[33.328,45.17],[33.299,45.16],[33.257,45.145],[33.227,45.174],[33.185,45.184],[33.156,45.199],[33.131,45.221],[33.104,45.24],[33.065,45.274],[33.04,45.291],[33.015,45.308],[32.988,45.325],[32.96,45.338],[32.931,45.351],[32.902,45.359],[32.869,45.366],[32.828,45.367],[32.795,45.367],[32.752,45.362],[32.723,45.349],[32.685,45.333],[32.66,45.316],[32.623,45.317],[32.581,45.326],[32.548,45.334],[32.514,45.338],[32.512,45.378],[32.479,45.391],[32.495,45.419],[32.524,45.438],[32.552,45.466],[32.581,45.483],[32.61,45.492],[32.64,45.505],[32.669,45.517],[32.703,45.516],[32.735,45.545],[32.765,45.555],[32.802,45.562],[32.84,45.566],[32.82,45.59],[32.848,45.605],[32.877,45.624],[32.906,45.641],[32.935,45.654],[32.964,45.666],[32.999,45.684],[33.036,45.692],[33.065,45.705],[33.123,45.717],[33.151,45.736],[33.162,45.764],[33.194,45.767],[33.224,45.754],[33.256,45.755],[33.286,45.763],[33.315,45.771],[33.344,45.784],[33.373,45.799],[33.402,45.82],[33.427,45.837],[33.456,45.846],[33.485,45.855],[33.52,45.851],[33.551,45.852],[33.582,45.872],[33.608,45.892],[33.644,45.876],[33.673,45.862],[33.675,45.907],[33.71,45.92],[33.748,45.93],[33.706,45.951],[33.673,45.953],[33.642,45.949],[33.63,45.984],[33.62,46.015],[33.612,46.055],[33.635,46.078],[33.617,46.115],[33.605,46.144],[33.571,46.149],[33.545,46.131],[33.518,46.117],[33.54,46.091],[33.571,46.078],[33.535,46.076],[33.505,46.078],[33.504,46.048],[33.467,46.046],[33.434,46.037],[33.398,46.049],[33.371,46.068],[33.348,46.092],[33.321,46.107],[33.33,46.078],[33.298,46.074],[33.28,46.101],[33.308,46.12],[33.26,46.134],[33.223,46.133],[33.211,46.104],[33.205,46.141],[33.204,46.175],[33.181,46.154],[33.152,46.137],[33.123,46.124],[33.09,46.133],[33.067,46.154],[33.031,46.154],[33.021,46.123],[33.021,46.121]]]}},{"type":"Feature","properties":{"HYBAS_ID":2040007930,"MAIN_BAS":2040007930,"NEXT_DOWN":0,"SUB_AREA":175695.7,"UP_AREA":509823.5,"ENDO":0},"geometry":{"type":"Polygon","coordinates":[[[37.2,48.292],[37.229,48.283],[37.259,48.273],[37.288,48.258],[37.305,48.226],[37.335,48.209],[37.358,48.179],[37.392,48.167],[37.413,48.199],[37.439,48.22],[37.467,48.241],[37.497,48.258],[37.527,48.259],[37.569,48.262],[37.602,48.254],[37.636,48.241],[37.664,48.226],[37.698,48.217],[37.708,48.185],[37.723,48.155],[37.755,48.145],[37.756,48.113],[37.785,48.105],[37.777,48.074],[37.75,48.053],[37.74,48.021],[37.716,48.002],[37.688,47.978],[37.676,47.946],[37.679,47.913],[37.683,47.883],[37.675,47.854],[37.652,47.834],[37.629,47.805],[37.598,47.791],[37.556,47.783],[37.519,47.759],[37.496,47.737],[37.487,47.689],[37.48,47.656],[37.487,47.618],[37.504,47.592],[37.5,47.56],[37.435,47.549],[37.417,47.52],[37.412,47.489],[37.39,47.463],[37.348,47.459],[37.31,47.467],[37.279,47.475],[37.239,47.467],[37.135,47.47],[37.12,47.443],[37.117,47.411],[37.106,47.383],[37.076,47.379],[37.048,47.366],[37.008,47.35],[36.972,47.349],[36.935,47.35],[36.892,47.358],[36.858,47.358],[36.827,47.349],[36.799,47.334],[36.745,47.324],[36.708,47.338],[36.671,47.327],[36.644,47.313],[36.602,47.321],[36.556,47.309],[36.536,47.276],[36.498,47.266],[36.464,47.263],[36.433,47.267],[36.398,47.271],[36.367,47.263],[36.35,47.288],[36.323,47.301],[36.27,47.299],[36.239,47.313],[36.21,47.326],[36.173,47.334],[36.135,47.342],[36.106,47.334],[36.077,47.342],[36.04,47.35],[36.011,47.366],[35.994,47.392],[35.965,47.404],[35.931,47.409],[35.891,47.409],[35.858,47.4],[35.842,47.429],[35.798,47.429],[35.764,47.438],[35.734,47.433],[35.708,47.417],[35.681,47.404],[35.653,47.393],[35.617,47.36],[35.594,47.338],[35.564,47.346],[35.535,47.358],[35.502,47.355],[35.432,47.35],[35.402,47.362],[35.348,47.366],[35.316,47.358],[35.283,47.362],[35.252,47.376],[35.226,47.352],[35.204,47.329],[35.199,47.294],[35.208,47.256],[35.192,47.229],[35.16,47.225],[35.127,47.225],[35.094,47.217],[35.058,47.212],[35.003,47.208],[34.973,47.212],[34.939,47.195],[34.906,47.188],[34.873,47.179],[34.827,47.175],[34.794,47.179],[34.744,47.162],[34.713,47.154],[34.683,47.144],[34.623,47.137],[34.585,47.129],[34.542,47.133],[34.501,47.129],[34.466,47.138],[34.419,47.151],[34.389,47.171],[34.348,47.184],[34.324,47.163],[34.292,47.171],[34.239,47.171],[34.183,47.158],[34.152,47.159],[34.123,47.151],[34.106,47.124],[34.078,47.104],[34.048,47.096],[34.023,47.08],[34.0,47.058],[34.004,47.026],[33.965,46.988],[33.939,46.97],[33.902,46.951],[33.873,46.934],[33.848,46.917],[33.825,46.896],[33.803,46.868],[33.765,46.849],[33.729,46.846],[33.708,46.822],[33.671,46.817],[33.641,46.798],[33.646,46.756],[33.613,46.746],[33.583,46.767],[33.555,46.745],[33.542,46.715],[33.516,46.692],[33.48,46.677],[33.47,46.644],[33.458,46.614],[33.427,46.601],[33.4,46.583],[33.377,46.563],[33.346,46.553],[33.337,46.523],[33.316,46.497],[33.285,46.48],[33.258,46.438],[33.23,46.419],[33.198,46.413],[33.169,46.401],[33.14,46.384],[33.115,46.367],[33.086,46.354],[33.039,46.358],[32.985,46.355],[32.951,46.349],[32.922,46.337],[32.898,46.316],[32.866,46.309],[32.845,46.28],[32.815,46.287],[32.784,46.297],[32.752,46.304],[32.719,46.304],[32.69,46.317],[32.659,46.317],[32.644,46.342],[32.602,46.354],[32.572,46.355],[32.563,46.383],[32.519,46.374],[32.489,46.388],[32.491,46.423],[32.492,46.463],[32.504,46.515],[32.517,46.544],[32.463,46.545],[32.441,46.525],[32.406,46.526],[32.375,46.525],[32.383,46.575],[32.432,46.58],[32.438,46.613],[32.415,46.634],[32.391,46.653],[32.36,46.666],[32.345,46.698],[32.319,46.713],[32.281,46.73],[32.263,46.756],[32.235,46.779],[32.204,46.804],[32.227,46.826],[32.249,46.852],[32.238,46.881],[32.242,46.915],[32.251,46.958],[32.28,46.97],[32.279,47.001],[32.274,47.04],[32.28,47.093],[32.298,47.117],[32.317,47.144],[32.334,47.184],[32.329,47.217],[32.361,47.237],[32.385,47.266],[32.419,47.27],[32.437,47.295],[32.465,47.313],[32.489,47.333],[32.512,47.356],[32.529,47.389],[32.52,47.419],[32.499,47.449],[32.474,47.473],[32.492,47.507],[32.517,47.541],[32.545,47.568],[32.562,47.594],[32.57,47.627],[32.587,47.656],[32.6,47.687],[32.615,47.717],[32.633,47.742],[32.638,47.774],[32.66,47.804],[32.687,47.818],[32.716,47.834],[32.737,47.856],[32.764,47.875],[32.762,47.918],[32.775,47.948],[32.78,47.985],[32.755,48.006],[32.754,48.039],[32.758,48.075],[32.785,48.091],[32.761,48.116],[32.758,48.148],[32.767,48.181],[32.766,48.214],[32.755,48.243],[32.746,48.275],[32.769,48.301],[32.804,48.317],[32.813,48.348],[32.804,48.378],[32.841,48.388],[32.837,48.419],[32.856,48.445],[32.875,48.475],[32.849,48.495],[32.819,48.499],[32.781,48.501],[32.755,48.525],[32.73,48.556],[32.686,48.554],[32.655,48.576],[32.638,48.606],[32.624,48.645],[32.613,48.673],[32.596,48.698],[32.587,48.736],[32.567,48.76],[32.536,48.75],[32.502,48.746],[32.458,48.754],[32.435,48.729],[32.406,48.709],[32.375,48.718],[32.358,48.745],[32.332,48.779],[32.295,48.788],[32.264,48.788],[32.241,48.808],[32.205,48.812],[32.173,48.791],[32.139,48.791],[32.11,48.775],[32.077,48.775],[32.029,48.775],[31.998,48.771],[31.971,48.789],[31.944,48.809],[31.915,48.817],[31.883,48.821],[31.854,48.83],[31.823,48.846],[31.794,48.855],[31.758,48.858],[31.763,48.89],[31.745,48.919],[31.72,48.942],[31.689,48.945],[31.656,48.951],[31.63,48.981],[31.589,48.992],[31.555,48.992],[31.523,48.995],[31.492,48.979],[31.46,48.97],[31.433,48.954],[31.42,48.981],[31.417,49.016],[31.404,49.044],[31.383,49.069],[31.356,49.091],[31.325,49.096],[31.273,49.083],[31.238,49.08],[31.223,49.108],[31.191,49.104],[31.166,49.141],[31.135,49.154],[31.106,49.167],[31.081,49.184],[31.051,49.205],[31.021,49.225],[31.025,49.256],[31.021,49.292],[30.99,49.295],[30.948,49.283],[30.919,49.295],[30.879,49.3],[30.861,49.324],[30.828,49.32],[30.798,49.316],[30.779,49.346],[30.763,49.373],[30.749,49.4],[30.78,49.417],[30.801,49.448],[30.803,49.478],[30.771,49.477],[30.752,49.446],[30.724,49.46],[30.691,49.47],[30.66,49.483],[30.633,49.501],[30.602,49.491],[30.56,49.491],[30.533,49.504],[30.488,49.504],[30.455,49.484],[30.445,49.524],[30.401,49.524],[30.375,49.504],[30.344,49.524],[30.303,49.516],[30.276,49.534],[30.251,49.559],[30.219,49.559],[30.189,49.554],[30.171,49.527],[30.158,49.482],[30.167,49.446],[30.141,49.405],[30.11,49.395],[30.069,49.387],[30.08,49.357],[30.094,49.33],[30.072,49.309],[30.049,49.281],[30.026,49.257],[30.006,49.23],[29.973,49.226],[29.94,49.217],[29.91,49.23],[29.881,49.241],[29.852,49.255],[29.817,49.259],[29.776,49.276],[29.745,49.287],[29.705,49.283],[29.696,49.247],[29.695,49.206],[29.673,49.184],[29.635,49.179],[29.613,49.158],[29.571,49.146],[29.55,49.117],[29.51,49.117],[29.473,49.121],[29.442,49.13],[29.413,49.159],[29.388,49.179],[29.356,49.18],[29.307,49.183],[29.268,49.192],[29.243,49.209],[29.229,49.26],[29.207,49.291],[29.199,49.325],[29.161,49.349],[29.123,49.354],[29.099,49.378],[29.069,49.384],[29.025,49.379],[29.0,49.41],[29.005,49.444],[29.032,49.459],[29.033,49.489],[29.003,49.509],[28.984,49.54],[28.97,49.569],[28.945,49.587],[28.913,49.601],[28.883,49.628],[28.847,49.629],[28.806,49.645],[28.817,49.682],[28.848,49.716],[28.877,49.737],[28.94,49.759],[28.973,49.804],[28.992,49.832],[29.013,49.858],[29.053,49.863],[29.069,49.895],[29.119,49.892],[29.146,49.915],[29.162,49.943],[29.193,49.954],[29.227,49.959],[29.282,49.958],[29.336,49.958],[29.365,49.945],[29.398,49.946],[29.441,49.934],[29.474,49.946],[29.506,49.955],[29.533,49.938],[29.584,49.942],[29.623,49.966],[29.702,49.971],[29.744,49.98],[29.773,49.991],[29.806,50.001],[29.848,50.012],[29.89,50.009],[29.919,50.021],[29.946,50.04],[29.955,50.076],[29.981,50.055],[30.024,50.058],[30.056,50.054],[30.085,50.071],[30.112,50.094],[30.063,50.109],[30.037,50.091],[30.002,50.101],[29.971,50.117],[29.981,50.149],[30.023,50.154],[30.044,50.183],[30.077,50.191],[30.11,50.192],[30.153,50.196],[30.179,50.217],[30.21,50.208],[30.248,50.213],[30.276,50.238],[30.306,50.226],[30.326,50.249],[30.342,50.277],[30.328,50.308],[30.298,50.317],[30.272,50.341],[30.297,50.358],[30.326,50.369],[30.36,50.387],[30.406,50.374],[30.444,50.359],[30.477,50.366],[30.462,50.403],[30.436,50.424],[30.413,50.446],[30.399,50.476],[30.431,50.492],[30.46,50.504],[30.49,50.516],[30.529,50.53],[30.577,50.537],[30.652,50.525],[30.683,50.546],[30.713,50.533],[30.745,50.56],[30.783,50.567],[30.803,50.593],[30.792,50.625],[30.848,50.633],[30.87,50.656],[30.883,50.69],[30.875,50.721],[30.883,50.763],[30.911,50.783],[30.94,50.792],[30.929,50.828],[30.949,50.856],[30.978,50.87],[31.031,50.87],[31.066,50.88],[31.094,50.867],[31.123,50.859],[31.119,50.825],[31.14,50.796],[31.174,50.805],[31.175,50.772],[31.198,50.738],[31.227,50.725],[31.277,50.725],[31.319,50.712],[31.356,50.712],[31.398,50.704],[31.404,50.735],[31.383,50.766],[31.411,50.78],[31.448,50.787],[31.479,50.779],[31.501,50.755],[31.531,50.775],[31.564,50.771],[31.606,50.763],[31.638,50.758],[31.653,50.787],[31.642,50.816],[31.677,50.826],[31.708,50.824],[31.734,50.801],[31.765,50.776],[31.785,50.75],[31.825,50.754],[31.835,50.783],[31.873,50.787],[31.895,50.81],[31.909,50.841],[31.935,50.862],[31.966,50.871],[32.002,50.871],[32.031,50.862],[32.063,50.85],[32.067,50.887],[32.07,50.917],[32.111,50.913],[32.129,50.939],[32.133,50.97],[32.129,51.004],[32.165,51.005],[32.194,51.02],[32.235,51.021],[32.263,51.001],[32.321,50.992],[32.363,51.008],[32.411,50.991],[32.461,50.983],[32.511,50.976],[32.544,50.983],[32.582,50.979],[32.616,50.983],[32.633,50.948],[32.621,50.9],[32.678,50.891],[32.708,50.892],[32.705,50.923],[32.727,50.945],[32.777,50.963],[32.819,50.963],[32.881,50.966],[32.864,50.992],[32.831,51.004],[32.802,51.017],[32.773,51.029],[32.73,51.03],[32.718,51.062],[32.717,51.093],[32.708,51.125],[32.736,51.112],[32.777,51.108],[32.817,51.108],[32.844,51.121],[32.894,51.112],[32.921,51.135],[32.953,51.147],[32.986,51.15],[33.017,51.142],[33.048,51.134],[33.082,51.12],[33.114,51.109],[33.156,51.105],[33.202,51.108],[33.236,51.095],[33.256,51.12],[33.29,51.116],[33.348,51.116],[33.381,51.096],[33.429,51.092],[33.461,51.1],[33.449,51.13],[33.477,51.149],[33.504,51.133],[33.532,51.142],[33.565,51.149],[33.599,51.141],[33.609,51.109],[33.641,51.103],[33.681,51.087],[33.723,51.075],[33.725,51.11],[33.748,51.13],[33.778,51.142],[33.806,51.13],[33.831,51.113],[33.865,51.109],[33.895,51.105],[33.927,51.092],[33.956,51.083],[33.998,51.087],[34.038,51.083],[34.073,51.092],[34.087,51.059],[34.063,51.04],[34.094,51.029],[34.124,51.02],[34.152,51.004],[34.183,50.995],[34.17,50.965],[34.19,50.937],[34.227,50.929],[34.249,50.906],[34.279,50.896],[34.316,50.891],[34.345,50.884],[34.381,50.895],[34.419,50.887],[34.448,50.896],[34.467,50.923],[34.488,50.947],[34.495,50.977],[34.536,50.983],[34.563,50.998],[34.588,51.021],[34.597,51.053],[34.624,51.081],[34.66,51.095],[34.702,51.096],[34.735,51.104],[34.767,51.108],[34.797,51.109],[34.829,51.1],[34.86,51.1],[34.91,51.104],[34.944,51.108],[34.973,51.121],[35.002,51.138],[35.041,51.181],[35.062,51.205],[35.084,51.231],[35.1,51.258],[35.109,51.294],[35.084,51.313],[35.088,51.344],[35.118,51.362],[35.148,51.371],[35.167,51.402],[35.199,51.418],[35.224,51.452],[35.265,51.474],[35.298,51.466],[35.329,51.456],[35.35,51.432],[35.377,51.413],[35.41,51.425],[35.473,51.416],[35.501,51.428],[35.536,51.425],[35.569,51.425],[35.602,51.413],[35.631,51.384],[35.66,51.363],[35.689,51.355],[35.727,51.355],[35.757,51.362],[35.783,51.346],[35.828,51.324],[35.89,51.313],[35.923,51.313],[35.957,51.309],[36.0,51.313],[36.031,51.309],[36.077,51.317],[36.11,51.32],[36.144,51.316],[36.179,51.317],[36.207,51.295],[36.244,51.292],[36.27,51.274],[36.304,51.275],[36.335,51.284],[36.346,51.323],[36.37,51.36],[36.386,51.388],[36.419,51.383],[36.456,51.374],[36.492,51.379],[36.488,51.346],[36.544,51.337],[36.565,51.308],[36.613,51.308],[36.616,51.264],[36.605,51.235],[36.605,51.205],[36.636,51.204],[36.679,51.2],[36.702,51.179],[36.721,51.15],[36.757,51.154],[36.779,51.132],[36.775,51.093],[36.754,51.064],[36.727,51.034],[36.69,51.029],[36.66,51.008],[36.632,50.988],[36.607,50.967],[36.573,50.962],[36.526,50.949],[36.5,50.933],[36.475,50.902],[36.483,50.873],[36.479,50.839],[36.497,50.813],[36.477,50.787],[36.444,50.779],[36.413,50.758],[36.39,50.733],[36.359,50.724],[36.374,50.696],[36.349,50.676],[36.32,50.655],[36.29,50.654],[36.274,50.622],[36.276,50.59],[36.282,50.559],[36.266,50.531],[36.226,50.512],[36.202,50.491],[36.169,50.488],[36.136,50.467],[36.102,50.449],[36.071,50.454],[36.039,50.437],[36.011,50.426],[35.998,50.396],[35.964,50.387],[35.934,50.383],[35.9,50.371],[35.894,50.338],[35.863,50.327],[35.838,50.302],[35.834,50.26],[35.823,50.23],[35.79,50.201],[35.765,50.184],[35.741,50.161],[35.73,50.127],[35.741,50.094],[35.773,50.091],[35.751,50.062],[35.724,50.035],[35.745,50.012],[35.777,50.005],[35.831,49.996],[35.851,49.963],[35.827,49.938],[35.8,49.925],[35.752,49.926],[35.719,49.929],[35.686,49.921],[35.651,49.926],[35.612,49.92],[35.577,49.917],[35.543,49.916],[35.51,49.899],[35.485,49.88],[35.474,49.847],[35.52,49.833],[35.513,49.802],[35.548,49.779],[35.585,49.767],[35.625,49.763],[35.648,49.734],[35.686,49.725],[35.712,49.702],[35.72,49.669],[35.733,49.642],[35.73,49.606],[35.76,49.592],[35.794,49.591],[35.819,49.574],[35.848,49.562],[35.882,49.557],[35.944,49.567],[35.963,49.595],[35.987,49.621],[36.021,49.613],[36.086,49.621],[36.127,49.63],[36.151,49.6],[36.18,49.58],[36.174,49.544],[36.17,49.513],[36.145,49.494],[36.129,49.467],[36.143,49.438],[36.179,49.438],[36.208,49.42],[36.221,49.392],[36.226,49.358],[36.258,49.344],[36.272,49.313],[36.31,49.296],[36.308,49.265],[36.318,49.234],[36.301,49.203],[36.291,49.173],[36.316,49.153],[36.316,49.12],[36.329,49.09],[36.33,49.056],[36.329,49.023],[36.304,48.988],[36.264,48.966],[36.23,48.941],[36.24,48.912],[36.269,48.895],[36.299,48.888],[36.335,48.876],[36.365,48.862],[36.419,48.862],[36.477,48.863],[36.515,48.866],[36.548,48.859],[36.573,48.842],[36.597,48.822],[36.632,48.812],[36.656,48.833],[36.689,48.817],[36.727,48.812],[36.758,48.796],[36.79,48.805],[36.832,48.8],[36.845,48.77],[36.878,48.776],[36.91,48.775],[36.944,48.766],[36.972,48.75],[36.994,48.73],[37.023,48.717],[37.056,48.716],[37.086,48.704],[37.119,48.695],[37.152,48.687],[37.183,48.679],[37.196,48.634],[37.227,48.609],[37.22,48.577],[37.198,48.555],[37.161,48.53],[37.173,48.499],[37.198,48.48],[37.227,48.471],[37.254,48.452],[37.225,48.429],[37.215,48.392],[37.211,48.362],[37.188,48.331],[37.204,48.298],[37.2,48.292]]]}},{"type":"Feature","properties":{"HYBAS_ID":2040007940,"MAIN_BAS":2040007940,"NEXT_DOWN":0,"SUB_AREA":162947.9,"UP_AREA":162947.9,"ENDO":0},"geometry":{"type":"Polygon","coordinates":[[[31.421,46.633],[31.456,46.641],[31.489,46.658],[31.501,46.689],[31.534,46.705],[31.534,46.74],[31.547,46.774],[31.577,46.788],[31.548,46.78],[31.524,46.744],[31.494,46.745],[31.454,46.754],[31.477,46.734],[31.487,46.688],[31.466,46.667],[31.431,46.654],[31.421,46.633]],[[32.296,46.567],[32.268,46.584],[32.236,46.584],[32.202,46.574],[32.164,46.566],[32.134,46.559],[32.12,46.59],[32.098,46.612],[32.05,46.612],[32.019,46.626],[31.994,46.645],[31.974,46.669],[31.971,46.702],[31.956,46.73],[31.938,46.76],[31.92,46.788],[31.949,46.805],[31.949,46.835],[31.979,46.847],[32.006,46.874],[31.966,46.863],[31.94,46.846],[31.91,46.833],[31.884,46.808],[31.874,46.77],[31.905,46.734],[31.912,46.698],[31.904,46.666],[31.889,46.637],[31.861,46.626],[31.827,46.62],[31.795,46.608],[31.769,46.625],[31.727,46.625],[31.696,46.638],[31.612,46.646],[31.581,46.629],[31.559,46.606],[31.527,46.612],[31.494,46.621],[31.421,46.625],[31.388,46.621],[31.358,46.606],[31.306,46.605],[31.273,46.609],[31.236,46.608],[31.207,46.62],[31.175,46.625],[31.139,46.62],[31.089,46.612],[31.048,46.604],[31.017,46.596],[30.981,46.587],[30.931,46.579],[30.9,46.571],[30.864,46.558],[30.835,46.549],[30.802,46.555],[30.764,46.549],[30.741,46.527],[30.748,46.496],[30.766,46.471],[30.774,46.431],[30.759,46.402],[30.753,46.371],[30.723,46.362],[30.681,46.321],[30.666,46.289],[30.645,46.264],[30.629,46.239],[30.582,46.192],[30.559,46.157],[30.535,46.137],[30.509,46.115],[30.488,46.09],[30.464,46.066],[30.436,46.046],[30.402,46.017],[30.369,45.992],[30.331,45.959],[30.305,45.936],[30.252,45.884],[30.219,45.859],[30.19,45.842],[30.16,45.829],[30.131,45.816],[30.102,45.8],[30.073,45.783],[30.048,45.766],[30.023,45.75],[29.993,45.733],[29.964,45.716],[29.935,45.7],[29.906,45.683],[29.877,45.666],[29.852,45.65],[29.823,45.634],[29.793,45.62],[29.765,45.605],[29.736,45.588],[29.706,45.571],[29.681,45.551],[29.651,45.527],[29.627,45.505],[29.648,45.479],[29.679,45.474],[29.71,45.474],[29.737,45.492],[29.771,45.475],[29.783,45.444],[29.763,45.411],[29.754,45.376],[29.767,45.343],[29.755,45.302],[29.745,45.273],[29.754,45.236],[29.723,45.233],[29.701,45.26],[29.717,45.291],[29.684,45.305],[29.671,45.344],[29.652,45.37],[29.625,45.388],[29.599,45.408],[29.572,45.422],[29.575,45.454],[29.557,45.479],[29.53,45.494],[29.498,45.504],[29.461,45.496],[29.423,45.487],[29.385,45.459],[29.345,45.454],[29.318,45.476],[29.312,45.515],[29.295,45.542],[29.288,45.575],[29.28,45.606],[29.294,45.634],[29.304,45.669],[29.316,45.706],[29.32,45.739],[29.33,45.786],[29.324,45.841],[29.325,45.877],[29.35,45.91],[29.363,45.944],[29.344,45.97],[29.314,45.975],[29.284,45.984],[29.261,46.008],[29.242,46.035],[29.23,46.064],[29.213,46.094],[29.2,46.123],[29.173,46.138],[29.142,46.164],[29.118,46.188],[29.092,46.204],[29.065,46.225],[29.039,46.242],[28.998,46.263],[28.974,46.291],[28.944,46.308],[28.917,46.33],[28.894,46.358],[28.87,46.386],[28.846,46.414],[28.817,46.433],[28.791,46.453],[28.763,46.481],[28.733,46.507],[28.705,46.53],[28.685,46.555],[28.662,46.581],[28.644,46.608],[28.63,46.635],[28.616,46.677],[28.591,46.695],[28.576,46.725],[28.57,46.755],[28.576,46.792],[28.562,46.824],[28.527,46.837],[28.506,46.863],[28.487,46.894],[28.471,46.923],[28.462,46.957],[28.435,46.98],[28.402,46.992],[28.369,47.012],[28.345,47.041],[28.326,47.064],[28.297,47.084],[28.269,47.1],[28.24,47.116],[28.208,47.125],[28.181,47.141],[28.159,47.164],[28.135,47.188],[28.11,47.205],[28.075,47.217],[28.047,47.229],[28.033,47.264],[28.015,47.291],[28.001,47.323],[27.999,47.359],[27.996,47.392],[27.973,47.412],[27.95,47.433],[27.938,47.479],[27.907,47.487],[27.904,47.533],[27.888,47.56],[27.865,47.587],[27.827,47.601],[27.796,47.628],[27.759,47.652],[27.741,47.679],[27.706,47.684],[27.699,47.716],[27.7,47.752],[27.677,47.771],[27.659,47.798],[27.63,47.826],[27.597,47.842],[27.588,47.873],[27.559,47.884],[27.53,47.905],[27.505,47.926],[27.517,47.959],[27.505,47.989],[27.481,48.013],[27.448,48.026],[27.477,48.045],[27.508,48.06],[27.495,48.09],[27.464,48.105],[27.442,48.125],[27.49,48.124],[27.513,48.15],[27.504,48.181],[27.483,48.211],[27.506,48.237],[27.502,48.267],[27.487,48.301],[27.495,48.332],[27.512,48.36],[27.496,48.397],[27.465,48.404],[27.388,48.412],[27.375,48.452],[27.344,48.467],[27.313,48.467],[27.304,48.508],[27.25,48.499],[27.215,48.496],[27.182,48.484],[27.151,48.478],[27.109,48.467],[27.073,48.466],[27.033,48.475],[27.004,48.492],[26.977,48.476],[26.94,48.484],[26.907,48.486],[26.879,48.465],[26.909,48.439],[26.851,48.417],[26.821,48.438],[26.816,48.407],[26.777,48.405],[26.743,48.413],[26.714,48.43],[26.687,48.418],[26.655,48.402],[26.638,48.375],[26.611,48.391],[26.577,48.412],[26.548,48.421],[26.519,48.434],[26.49,48.445],[26.452,48.45],[26.423,48.434],[26.386,48.429],[26.36,48.45],[26.333,48.465],[26.31,48.438],[26.269,48.442],[26.238,48.451],[26.202,48.449],[26.173,48.463],[26.141,48.474],[26.125,48.446],[26.083,48.454],[26.053,48.474],[26.022,48.466],[25.99,48.455],[25.955,48.46],[25.929,48.483],[25.92,48.516],[25.885,48.526],[25.856,48.537],[25.819,48.549],[25.795,48.573],[25.775,48.596],[25.744,48.604],[25.706,48.613],[25.673,48.617],[25.64,48.624],[25.606,48.633],[25.572,48.616],[25.54,48.613],[25.512,48.628],[25.487,48.653],[25.456,48.663],[25.426,48.679],[25.4,48.703],[25.363,48.713],[25.333,48.696],[25.314,48.671],[25.349,48.644],[25.35,48.608],[25.314,48.617],[25.284,48.626],[25.25,48.638],[25.235,48.663],[25.208,48.679],[25.187,48.712],[25.144,48.717],[25.115,48.726],[25.085,48.741],[25.032,48.75],[25.026,48.72],[24.998,48.708],[24.976,48.681],[24.971,48.65],[24.935,48.654],[24.91,48.637],[24.877,48.634],[24.818,48.633],[24.785,48.621],[24.748,48.63],[24.716,48.638],[24.688,48.624],[24.674,48.592],[24.637,48.601],[24.609,48.582],[24.581,48.567],[24.543,48.57],[24.513,48.563],[24.481,48.551],[24.461,48.525],[24.442,48.501],[24.47,48.483],[24.47,48.452],[24.467,48.417],[24.463,48.388],[24.432,48.4],[24.398,48.395],[24.367,48.396],[24.335,48.387],[24.288,48.396],[24.274,48.365],[24.244,48.355],[24.21,48.366],[24.179,48.367],[24.156,48.387],[24.146,48.416],[24.129,48.46],[24.116,48.499],[24.13,48.532],[24.088,48.524],[24.052,48.516],[24.023,48.508],[23.988,48.499],[23.983,48.469],[23.952,48.459],[23.919,48.47],[23.921,48.506],[23.921,48.544],[23.898,48.562],[23.865,48.555],[23.837,48.578],[23.805,48.584],[23.788,48.61],[23.782,48.645],[23.748,48.645],[23.707,48.637],[23.68,48.656],[23.648,48.683],[23.62,48.709],[23.591,48.72],[23.556,48.726],[23.523,48.73],[23.49,48.725],[23.457,48.729],[23.425,48.729],[23.39,48.741],[23.37,48.766],[23.34,48.759],[23.306,48.763],[23.273,48.77],[23.232,48.762],[23.198,48.763],[23.183,48.79],[23.155,48.827],[23.133,48.853],[23.102,48.866],[23.064,48.858],[23.023,48.849],[22.993,48.834],[22.971,48.856],[22.952,48.883],[22.923,48.895],[22.892,48.914],[22.875,48.939],[22.896,48.963],[22.92,48.981],[22.908,49.01],[22.904,49.046],[22.892,49.074],[22.895,49.112],[22.861,49.129],[22.869,49.159],[22.852,49.188],[22.823,49.205],[22.799,49.224],[22.768,49.234],[22.744,49.255],[22.711,49.262],[22.684,49.277],[22.688,49.311],[22.712,49.335],[22.692,49.358],[22.656,49.355],[22.627,49.366],[22.598,49.379],[22.569,49.392],[22.551,49.419],[22.533,49.453],[22.547,49.483],[22.575,49.498],[22.602,49.516],[22.632,49.521],[22.659,49.534],[22.706,49.533],[22.741,49.534],[22.773,49.53],[22.806,49.537],[22.865,49.538],[22.875,49.567],[22.895,49.594],[22.925,49.612],[22.977,49.621],[23.008,49.642],[23.046,49.65],[23.095,49.645],[23.14,49.649],[23.19,49.646],[23.204,49.677],[23.24,49.695],[23.275,49.7],[23.317,49.7],[23.352,49.695],[23.381,49.684],[23.412,49.68],[23.444,49.671],[23.49,49.663],[23.525,49.671],[23.553,49.688],[23.577,49.712],[23.621,49.712],[23.662,49.717],[23.656,49.749],[23.627,49.771],[23.616,49.803],[23.584,49.822],[23.61,49.837],[23.613,49.867],[23.596,49.894],[23.604,49.934],[23.605,49.969],[23.596,50.002],[23.592,50.041],[23.565,50.054],[23.594,50.071],[23.625,50.071],[23.648,50.046],[23.69,50.042],[23.72,50.023],[23.752,50.005],[23.779,49.992],[23.819,49.988],[23.854,49.982],[23.867,49.947],[23.893,49.93],[23.92,49.906],[23.952,49.883],[23.983,49.879],[24.0,49.848],[23.992,49.817],[24.021,49.804],[24.052,49.809],[24.091,49.79],[24.116,49.766],[24.156,49.751],[24.185,49.726],[24.211,49.708],[24.234,49.688],[24.267,49.683],[24.307,49.67],[24.339,49.683],[24.368,49.695],[24.403,49.696],[24.44,49.688],[24.468,49.699],[24.498,49.709],[24.527,49.72],[24.561,49.733],[24.594,49.733],[24.624,49.748],[24.652,49.763],[24.685,49.759],[24.72,49.755],[24.749,49.767],[24.777,49.784],[24.808,49.783],[24.85,49.796],[24.877,49.776],[24.931,49.763],[24.96,49.746],[24.994,49.751],[25.027,49.738],[25.066,49.743],[25.067,49.778],[25.096,49.804],[25.127,49.813],[25.157,49.825],[25.135,49.851],[25.107,49.883],[25.069,49.888],[25.038,49.901],[25.013,49.925],[25.036,49.946],[25.07,49.945],[25.104,49.95],[25.135,49.942],[25.169,49.937],[25.198,49.93],[25.238,49.929],[25.274,49.924],[25.306,49.934],[25.344,49.941],[25.369,49.924],[25.402,49.917],[25.444,49.908],[25.458,49.881],[25.473,49.851],[25.504,49.827],[25.517,49.797],[25.548,49.784],[25.577,49.801],[25.611,49.792],[25.649,49.779],[25.681,49.801],[25.715,49.805],[25.744,49.816],[25.775,49.813],[25.806,49.795],[25.833,49.773],[25.843,49.742],[25.873,49.734],[25.903,49.72],[25.935,49.717],[25.968,49.713],[25.998,49.704],[26.031,49.712],[26.06,49.729],[26.098,49.716],[26.134,49.713],[26.13,49.749],[26.16,49.746],[26.194,49.742],[26.242,49.742],[26.277,49.737],[26.307,49.729],[26.329,49.708],[26.352,49.684],[26.371,49.654],[26.406,49.642],[26.45,49.633],[26.49,49.637],[26.519,49.625],[26.554,49.629],[26.606,49.637],[26.64,49.638],[26.673,49.629],[26.704,49.629],[26.735,49.63],[26.766,49.624],[26.8,49.629],[26.84,49.645],[26.871,49.638],[26.907,49.642],[26.944,49.641],[26.978,49.638],[27.015,49.65],[27.045,49.631],[27.078,49.624],[27.11,49.633],[27.121,49.671],[27.182,49.671],[27.214,49.667],[27.252,49.679],[27.286,49.675],[27.331,49.666],[27.369,49.662],[27.402,49.646],[27.431,49.662],[27.466,49.68],[27.494,49.666],[27.527,49.666],[27.557,49.679],[27.59,49.675],[27.623,49.667],[27.648,49.684],[27.676,49.705],[27.723,49.699],[27.756,49.695],[27.811,49.7],[27.84,49.713],[27.871,49.722],[27.855,49.748],[27.886,49.755],[27.913,49.771],[27.944,49.77],[27.986,49.78],[28.019,49.774],[28.063,49.776],[28.101,49.77],[28.141,49.78],[28.202,49.788],[28.269,49.8],[28.311,49.8],[28.344,49.799],[28.388,49.783],[28.409,49.756],[28.43,49.731],[28.426,49.701],[28.458,49.701],[28.487,49.692],[28.52,49.683],[28.557,49.667],[28.59,49.663],[28.613,49.642],[28.642,49.629],[28.682,49.625],[28.707,49.608],[28.742,49.613],[28.769,49.634],[28.803,49.642],[28.845,49.637],[28.877,49.63],[28.902,49.612],[28.931,49.599],[28.961,49.591],[28.967,49.551],[28.992,49.53],[29.02,49.508],[29.035,49.471],[29.005,49.444],[29.0,49.41],[29.025,49.392],[29.061,49.384],[29.09,49.376],[29.109,49.351],[29.14,49.354],[29.177,49.334],[29.204,49.319],[29.214,49.284],[29.23,49.231],[29.258,49.208],[29.286,49.191],[29.332,49.184],[29.373,49.179],[29.404,49.174],[29.423,49.151],[29.449,49.128],[29.485,49.12],[29.524,49.116],[29.551,49.132],[29.588,49.146],[29.626,49.174],[29.656,49.184],[29.688,49.19],[29.696,49.225],[29.704,49.256],[29.719,49.284],[29.756,49.28],[29.813,49.275],[29.832,49.249],[29.869,49.242],[29.902,49.234],[29.936,49.216],[29.967,49.224],[30.001,49.234],[30.026,49.257],[30.049,49.281],[30.07,49.317],[30.1,49.317],[30.081,49.341],[30.063,49.368],[30.085,49.391],[30.123,49.404],[30.142,49.437],[30.166,49.465],[30.159,49.502],[30.179,49.535],[30.202,49.558],[30.239,49.575],[30.263,49.554],[30.285,49.53],[30.319,49.517],[30.352,49.517],[30.383,49.519],[30.431,49.526],[30.45,49.5],[30.488,49.483],[30.533,49.504],[30.56,49.491],[30.591,49.499],[30.627,49.496],[30.656,49.48],[30.691,49.47],[30.721,49.465],[30.75,49.445],[30.775,49.468],[30.803,49.478],[30.801,49.448],[30.784,49.422],[30.754,49.407],[30.763,49.373],[30.779,49.346],[30.798,49.316],[30.828,49.32],[30.861,49.324],[30.879,49.3],[30.919,49.295],[30.948,49.283],[30.982,49.296],[31.011,49.287],[31.025,49.256],[31.018,49.225],[31.049,49.22],[31.081,49.184],[31.106,49.167],[31.133,49.154],[31.166,49.141],[31.18,49.109],[31.215,49.105],[31.238,49.083],[31.269,49.08],[31.307,49.084],[31.335,49.095],[31.37,49.087],[31.384,49.059],[31.401,49.031],[31.416,48.994],[31.429,48.965],[31.46,48.97],[31.492,48.979],[31.519,48.992],[31.554,48.996],[31.583,48.983],[31.615,48.987],[31.638,48.963],[31.67,48.941],[31.706,48.942],[31.749,48.937],[31.746,48.901],[31.758,48.858],[31.79,48.858],[31.819,48.849],[31.838,48.826],[31.878,48.829],[31.906,48.813],[31.94,48.812],[31.971,48.796],[31.998,48.771],[32.029,48.775],[32.064,48.787],[32.094,48.78],[32.128,48.78],[32.167,48.787],[32.196,48.798],[32.227,48.812],[32.254,48.792],[32.285,48.783],[32.316,48.774],[32.342,48.759],[32.363,48.734],[32.379,48.708],[32.419,48.72],[32.45,48.735],[32.481,48.755],[32.511,48.745],[32.543,48.758],[32.587,48.736],[32.593,48.705],[32.613,48.673],[32.624,48.645],[32.634,48.614],[32.65,48.588],[32.673,48.566],[32.702,48.555],[32.754,48.531],[32.781,48.501],[32.819,48.499],[32.849,48.495],[32.873,48.476],[32.867,48.446],[32.838,48.438],[32.838,48.402],[32.811,48.38],[32.813,48.348],[32.804,48.317],[32.773,48.304],[32.752,48.279],[32.755,48.243],[32.766,48.214],[32.767,48.181],[32.758,48.148],[32.755,48.118],[32.788,48.104],[32.769,48.08],[32.758,48.05],[32.755,48.006],[32.78,47.985],[32.775,47.952],[32.766,47.923],[32.767,47.889],[32.746,47.867],[32.724,47.843],[32.693,47.829],[32.663,47.808],[32.634,47.787],[32.633,47.756],[32.624,47.726],[32.593,47.712],[32.605,47.68],[32.584,47.652],[32.565,47.621],[32.546,47.577],[32.525,47.552],[32.506,47.524],[32.491,47.497],[32.476,47.468],[32.5,47.438],[32.521,47.408],[32.517,47.377],[32.505,47.348],[32.481,47.321],[32.452,47.301],[32.426,47.282],[32.385,47.266],[32.359,47.248],[32.335,47.225],[32.329,47.192],[32.333,47.16],[32.313,47.136],[32.285,47.116],[32.279,47.068],[32.276,47.026],[32.28,46.988],[32.269,46.959],[32.241,46.934],[32.238,46.902],[32.246,46.856],[32.231,46.829],[32.205,46.81],[32.229,46.792],[32.252,46.767],[32.272,46.738],[32.297,46.717],[32.333,46.716],[32.346,46.685],[32.369,46.659],[32.398,46.645],[32.433,46.633],[32.437,46.59],[32.406,46.576],[32.383,46.548],[32.367,46.521],[32.335,46.512],[32.28,46.501],[32.287,46.545],[32.296,46.567]]]}},{"type":"Feature","properties":{"HYBAS_ID":2040008490,"MAIN_BAS":2040008490,"NEXT_DOWN":0,"SUB_AREA":39668.3,"UP_AREA":786750.0,"ENDO":0},"geometry":{"type":"Polygon","coordinates":[[[29.058,46.225],[29.091,46.206],[29.118,46.188],[29.142,46.164],[29.164,46.142],[29.194,46.133],[29.212,46.106],[29.229,46.073],[29.238,46.044],[29.251,46.013],[29.277,45.992],[29.302,45.974],[29.336,45.975],[29.368,45.967],[29.362,45.935],[29.33,45.89],[29.317,45.861],[29.326,45.806],[29.329,45.764],[29.317,45.736],[29.317,45.688],[29.305,45.644],[29.277,45.625],[29.283,45.593],[29.301,45.551],[29.312,45.515],[29.316,45.481],[29.34,45.458],[29.385,45.459],[29.41,45.479],[29.441,45.488],[29.468,45.504],[29.502,45.5],[29.533,45.49],[29.57,45.465],[29.572,45.422],[29.599,45.408],[29.619,45.384],[29.652,45.37],[29.671,45.344],[29.684,45.305],[29.717,45.291],[29.701,45.26],[29.676,45.238],[29.652,45.263],[29.628,45.287],[29.602,45.271],[29.579,45.298],[29.548,45.312],[29.51,45.333],[29.502,45.303],[29.465,45.288],[29.425,45.291],[29.415,45.262],[29.377,45.262],[29.346,45.271],[29.319,45.251],[29.281,45.238],[29.239,45.254],[29.207,45.249],[29.177,45.249],[29.031,45.255],[28.994,45.259],[28.944,45.249],[28.913,45.241],[28.884,45.228],[28.838,45.225],[28.769,45.221],[28.759,45.192],[28.774,45.165],[28.791,45.131],[28.756,45.13],[28.723,45.134],[28.685,45.151],[28.656,45.162],[28.619,45.167],[28.593,45.145],[28.56,45.166],[28.531,45.176],[28.494,45.166],[28.463,45.169],[28.434,45.184],[28.406,45.204],[28.381,45.22],[28.34,45.213],[28.308,45.204],[28.275,45.196],[28.255,45.227],[28.208,45.242],[28.184,45.263],[28.156,45.274],[28.123,45.28],[28.09,45.284],[28.057,45.299],[28.046,45.327],[28.066,45.352],[28.058,45.381],[28.029,45.4],[28.013,45.431],[28.033,45.454],[28.034,45.489],[28.025,45.518],[28.025,45.55],[28.021,45.581],[28.017,45.62],[27.989,45.642],[27.973,45.67],[27.95,45.691],[27.921,45.704],[27.916,45.735],[27.92,45.768],[27.888,45.775],[27.88,45.806],[27.863,45.844],[27.858,45.874],[27.841,45.902],[27.837,45.935],[27.824,45.973],[27.804,46.002],[27.788,46.035],[27.778,46.07],[27.797,46.099],[27.831,46.112],[27.866,46.131],[27.87,46.169],[27.863,46.204],[27.851,46.235],[27.863,46.263],[27.854,46.298],[27.881,46.313],[27.875,46.344],[27.887,46.377],[27.902,46.404],[27.92,46.43],[27.934,46.467],[27.92,46.501],[27.92,46.531],[27.909,46.56],[27.938,46.579],[27.96,46.599],[27.991,46.617],[28.009,46.643],[28.021,46.719],[28.021,46.752],[28.016,46.795],[27.996,46.829],[27.967,46.868],[27.952,46.896],[27.921,46.918],[27.898,46.945],[27.869,46.962],[27.838,46.976],[27.812,47.007],[27.791,47.032],[27.76,47.049],[27.726,47.067],[27.698,47.087],[27.667,47.096],[27.666,47.06],[27.632,47.037],[27.602,47.025],[27.577,47.008],[27.538,47.004],[27.505,47.01],[27.477,47.037],[27.438,47.047],[27.405,47.063],[27.377,47.08],[27.346,47.078],[27.298,47.08],[27.267,47.083],[27.237,47.066],[27.206,47.079],[27.177,47.087],[27.148,47.095],[27.117,47.088],[27.073,47.084],[27.042,47.096],[27.004,47.108],[26.98,47.126],[26.956,47.154],[26.923,47.175],[26.896,47.192],[26.888,47.223],[26.88,47.255],[26.855,47.272],[26.858,47.302],[26.846,47.331],[26.823,47.351],[26.793,47.376],[26.788,47.407],[26.765,47.429],[26.741,47.462],[26.709,47.475],[26.704,47.508],[26.689,47.538],[26.671,47.564],[26.659,47.594],[26.639,47.617],[26.606,47.626],[26.579,47.657],[26.554,47.681],[26.55,47.721],[26.531,47.746],[26.502,47.767],[26.469,47.759],[26.436,47.77],[26.413,47.793],[26.386,47.816],[26.366,47.845],[26.358,47.875],[26.324,47.883],[26.299,47.911],[26.279,47.94],[26.252,47.959],[26.223,47.946],[26.205,47.973],[26.181,47.996],[26.175,48.042],[26.183,48.071],[26.156,48.091],[26.124,48.087],[26.093,48.105],[26.065,48.12],[26.033,48.126],[26.002,48.142],[25.969,48.146],[25.971,48.115],[25.952,48.087],[25.92,48.083],[25.896,48.1],[25.869,48.13],[25.823,48.142],[25.804,48.192],[25.813,48.224],[25.784,48.237],[25.774,48.206],[25.77,48.172],[25.736,48.179],[25.716,48.206],[25.686,48.216],[25.654,48.241],[25.626,48.253],[25.595,48.257],[25.57,48.238],[25.54,48.237],[25.497,48.246],[25.469,48.262],[25.436,48.262],[25.402,48.262],[25.331,48.263],[25.299,48.258],[25.264,48.254],[25.222,48.245],[25.2,48.221],[25.223,48.201],[25.237,48.172],[25.205,48.152],[25.192,48.125],[25.217,48.105],[25.188,48.087],[25.213,48.059],[25.192,48.027],[25.212,48.003],[25.23,47.968],[25.215,47.938],[25.194,47.909],[25.169,47.891],[25.152,47.866],[25.118,47.871],[25.105,47.843],[25.088,47.802],[25.087,47.772],[25.058,47.754],[25.048,47.709],[25.007,47.704],[24.952,47.717],[24.919,47.709],[24.888,47.7],[24.888,47.735],[24.875,47.763],[24.848,47.779],[24.826,47.81],[24.785,47.83],[24.747,47.833],[24.704,47.842],[24.677,47.866],[24.672,47.897],[24.648,47.921],[24.629,47.946],[24.599,47.952],[24.573,47.97],[24.574,48.002],[24.592,48.031],[24.624,48.047],[24.596,48.089],[24.559,48.105],[24.53,48.126],[24.506,48.151],[24.513,48.181],[24.53,48.212],[24.502,48.238],[24.492,48.271],[24.469,48.292],[24.445,48.316],[24.411,48.337],[24.381,48.346],[24.355,48.377],[24.382,48.395],[24.427,48.396],[24.458,48.39],[24.483,48.413],[24.462,48.442],[24.48,48.472],[24.454,48.495],[24.456,48.525],[24.481,48.551],[24.513,48.563],[24.543,48.57],[24.577,48.571],[24.608,48.579],[24.637,48.601],[24.666,48.591],[24.688,48.624],[24.716,48.638],[24.748,48.63],[24.781,48.624],[24.812,48.626],[24.877,48.634],[24.91,48.637],[24.935,48.654],[24.971,48.65],[24.976,48.681],[24.976,48.712],[25.02,48.705],[25.016,48.741],[25.061,48.75],[25.09,48.738],[25.131,48.724],[25.16,48.716],[25.188,48.692],[25.221,48.684],[25.242,48.661],[25.261,48.637],[25.294,48.624],[25.323,48.616],[25.354,48.627],[25.329,48.666],[25.333,48.696],[25.358,48.719],[25.39,48.708],[25.415,48.691],[25.44,48.674],[25.473,48.658],[25.498,48.637],[25.518,48.612],[25.548,48.609],[25.58,48.601],[25.583,48.633],[25.619,48.629],[25.669,48.62],[25.702,48.616],[25.736,48.608],[25.775,48.596],[25.795,48.573],[25.819,48.549],[25.848,48.541],[25.877,48.53],[25.913,48.525],[25.926,48.489],[25.948,48.467],[25.963,48.441],[25.994,48.458],[26.031,48.467],[26.07,48.452],[26.102,48.454],[26.153,48.451],[26.183,48.458],[26.216,48.437],[26.26,48.449],[26.291,48.435],[26.321,48.443],[26.357,48.454],[26.386,48.429],[26.423,48.434],[26.452,48.45],[26.483,48.446],[26.515,48.437],[26.544,48.424],[26.573,48.413],[26.602,48.395],[26.631,48.38],[26.655,48.402],[26.687,48.418],[26.714,48.43],[26.743,48.413],[26.773,48.4],[26.806,48.396],[26.82,48.427],[26.851,48.417],[26.894,48.416],[26.898,48.45],[26.888,48.481],[26.919,48.487],[26.965,48.483],[27.003,48.474],[27.048,48.475],[27.086,48.467],[27.136,48.466],[27.179,48.483],[27.215,48.496],[27.244,48.504],[27.278,48.501],[27.308,48.492],[27.332,48.466],[27.365,48.462],[27.375,48.418],[27.446,48.413],[27.477,48.408],[27.506,48.388],[27.509,48.356],[27.496,48.327],[27.488,48.294],[27.507,48.266],[27.502,48.234],[27.484,48.204],[27.505,48.177],[27.498,48.146],[27.464,48.126],[27.481,48.096],[27.508,48.065],[27.477,48.045],[27.447,48.041],[27.469,48.02],[27.498,47.996],[27.517,47.959],[27.505,47.926],[27.53,47.905],[27.557,47.891],[27.586,47.879],[27.597,47.842],[27.629,47.831],[27.658,47.815],[27.667,47.785],[27.695,47.761],[27.684,47.727],[27.7,47.692],[27.741,47.679],[27.759,47.652],[27.785,47.626],[27.819,47.608],[27.849,47.594],[27.877,47.576],[27.899,47.548],[27.904,47.488],[27.935,47.48],[27.954,47.444],[27.969,47.413],[27.994,47.392],[27.999,47.359],[28.004,47.327],[27.996,47.292],[28.033,47.277],[28.038,47.246],[28.058,47.221],[28.092,47.217],[28.119,47.201],[28.158,47.169],[28.177,47.142],[28.202,47.126],[28.232,47.12],[28.264,47.1],[28.295,47.09],[28.324,47.07],[28.339,47.042],[28.364,47.013],[28.389,46.996],[28.423,46.988],[28.447,46.963],[28.479,46.94],[28.483,46.907],[28.492,46.871],[28.517,46.852],[28.539,46.826],[28.57,46.811],[28.574,46.76],[28.576,46.725],[28.583,46.696],[28.612,46.683],[28.622,46.651],[28.634,46.619],[28.658,46.598],[28.67,46.57],[28.698,46.554],[28.713,46.521],[28.741,46.498],[28.77,46.473],[28.793,46.447],[28.824,46.433],[28.858,46.402],[28.874,46.373],[28.902,46.351],[28.939,46.309],[28.969,46.292],[28.993,46.267],[29.024,46.256],[29.054,46.232],[29.058,46.225]]]}},{"type":"Feature","properties":{"HYBAS_ID":2040543090,"MAIN_BAS":2040008490,"NEXT_DOWN":2040008490,"SUB_AREA":45856.7,"UP_AREA":45856.7,"ENDO":0},"geometry":{"type":"Polygon","coordinates":[[[24.883,47.671],[24.907,47.7],[24.94,47.713],[24.982,47.716],[25.019,47.705],[25.07,47.73],[25.072,47.766],[25.084,47.794],[25.101,47.819],[25.1,47.853],[25.127,47.866],[25.158,47.868],[25.179,47.892],[25.206,47.92],[25.226,47.949],[25.229,47.981],[25.202,48.005],[25.204,48.039],[25.187,48.082],[25.216,48.101],[25.193,48.122],[25.205,48.152],[25.237,48.172],[25.223,48.201],[25.2,48.221],[25.222,48.245],[25.252,48.259],[25.287,48.255],[25.32,48.267],[25.373,48.262],[25.417,48.263],[25.452,48.263],[25.495,48.254],[25.527,48.238],[25.57,48.238],[25.595,48.257],[25.624,48.242],[25.666,48.227],[25.712,48.212],[25.733,48.186],[25.763,48.171],[25.774,48.206],[25.784,48.237],[25.813,48.224],[25.804,48.192],[25.799,48.159],[25.848,48.141],[25.891,48.128],[25.903,48.099],[25.948,48.084],[25.976,48.103],[25.963,48.131],[25.994,48.142],[26.02,48.12],[26.052,48.116],[26.086,48.116],[26.105,48.092],[26.135,48.091],[26.168,48.095],[26.182,48.067],[26.174,48.023],[26.189,47.992],[26.205,47.964],[26.235,47.958],[26.264,47.951],[26.283,47.923],[26.3,47.896],[26.34,47.884],[26.355,47.851],[26.372,47.826],[26.398,47.808],[26.422,47.78],[26.449,47.758],[26.481,47.775],[26.524,47.766],[26.549,47.731],[26.554,47.698],[26.555,47.667],[26.579,47.638],[26.619,47.624],[26.649,47.616],[26.663,47.584],[26.676,47.556],[26.7,47.538],[26.704,47.493],[26.727,47.47],[26.751,47.444],[26.773,47.421],[26.784,47.389],[26.807,47.366],[26.83,47.342],[26.859,47.314],[26.854,47.279],[26.88,47.255],[26.888,47.223],[26.896,47.192],[26.923,47.175],[26.948,47.158],[26.979,47.14],[26.999,47.116],[27.022,47.091],[27.052,47.095],[27.088,47.083],[27.127,47.088],[27.169,47.091],[27.198,47.083],[27.231,47.07],[27.267,47.083],[27.298,47.08],[27.332,47.079],[27.373,47.083],[27.404,47.069],[27.431,47.055],[27.46,47.042],[27.499,47.028],[27.513,46.996],[27.573,47.005],[27.602,47.025],[27.627,47.042],[27.658,47.042],[27.663,47.073],[27.69,47.091],[27.721,47.078],[27.744,47.055],[27.777,47.038],[27.806,47.009],[27.837,46.987],[27.864,46.963],[27.889,46.946],[27.921,46.933],[27.94,46.908],[27.966,46.886],[27.987,46.848],[27.996,46.817],[28.017,46.773],[28.02,46.742],[28.02,46.663],[27.997,46.641],[27.977,46.616],[27.952,46.592],[27.923,46.579],[27.916,46.548],[27.924,46.519],[27.924,46.486],[27.933,46.447],[27.912,46.414],[27.883,46.4],[27.875,46.36],[27.883,46.327],[27.852,46.305],[27.855,46.273],[27.849,46.238],[27.856,46.209],[27.867,46.173],[27.871,46.142],[27.854,46.117],[27.823,46.105],[27.796,46.092],[27.771,46.075],[27.787,46.048],[27.796,46.015],[27.815,45.98],[27.83,45.952],[27.845,45.923],[27.842,45.885],[27.859,45.856],[27.863,45.825],[27.884,45.801],[27.907,45.779],[27.916,45.735],[27.921,45.704],[27.95,45.691],[27.969,45.667],[27.989,45.642],[28.02,45.623],[28.026,45.587],[28.017,45.556],[28.029,45.523],[28.034,45.489],[28.033,45.454],[28.013,45.431],[28.029,45.404],[27.998,45.387],[27.988,45.356],[27.959,45.346],[27.926,45.326],[27.917,45.29],[27.869,45.27],[27.837,45.258],[27.806,45.255],[27.791,45.227],[27.788,45.188],[27.759,45.177],[27.758,45.144],[27.791,45.133],[27.804,45.089],[27.795,45.059],[27.765,45.051],[27.727,45.045],[27.68,45.042],[27.679,45.01],[27.651,45.023],[27.613,45.033],[27.584,45.02],[27.556,45.009],[27.523,45.025],[27.485,45.041],[27.458,45.057],[27.428,45.07],[27.406,45.092],[27.375,45.1],[27.344,45.096],[27.308,45.091],[27.227,45.083],[27.201,45.065],[27.176,45.045],[27.128,45.024],[27.098,45.026],[27.064,45.033],[27.031,45.037],[27.002,45.021],[26.965,45.009],[26.93,45.03],[26.906,45.049],[26.876,45.059],[26.859,45.094],[26.83,45.113],[26.807,45.141],[26.768,45.146],[26.735,45.163],[26.703,45.187],[26.673,45.187],[26.64,45.18],[26.602,45.159],[26.575,45.144],[26.548,45.125],[26.506,45.116],[26.466,45.117],[26.435,45.108],[26.401,45.109],[26.421,45.133],[26.445,45.151],[26.446,45.181],[26.418,45.197],[26.385,45.209],[26.348,45.213],[26.306,45.2],[26.265,45.209],[26.237,45.22],[26.22,45.245],[26.177,45.246],[26.145,45.259],[26.126,45.295],[26.1,45.317],[26.08,45.343],[26.079,45.382],[26.061,45.412],[26.046,45.44],[26.055,45.473],[26.023,45.488],[25.998,45.509],[25.967,45.504],[25.932,45.52],[25.898,45.517],[25.892,45.552],[25.905,45.581],[25.905,45.615],[25.929,45.639],[25.964,45.67],[25.983,45.694],[25.97,45.732],[26.002,45.738],[26.032,45.755],[26.07,45.745],[26.106,45.741],[26.13,45.718],[26.152,45.692],[26.176,45.712],[26.2,45.744],[26.213,45.779],[26.265,45.805],[26.291,45.822],[26.3,45.854],[26.352,45.862],[26.387,45.873],[26.375,45.906],[26.392,45.935],[26.361,45.95],[26.359,45.981],[26.363,46.016],[26.37,46.048],[26.362,46.09],[26.346,46.117],[26.345,46.165],[26.302,46.183],[26.277,46.159],[26.233,46.158],[26.202,46.154],[26.176,46.177],[26.18,46.211],[26.201,46.238],[26.192,46.269],[26.173,46.292],[26.144,46.301],[26.112,46.305],[26.08,46.299],[26.044,46.276],[26.013,46.285],[26.031,46.32],[26.055,46.343],[26.058,46.375],[26.036,46.395],[26.001,46.401],[25.996,46.435],[25.973,46.455],[25.94,46.454],[25.92,46.477],[25.912,46.509],[25.907,46.541],[25.892,46.573],[25.916,46.592],[25.901,46.619],[25.877,46.642],[25.835,46.683],[25.813,46.706],[25.785,46.733],[25.758,46.754],[25.729,46.765],[25.724,46.795],[25.689,46.805],[25.665,46.825],[25.614,46.834],[25.605,46.863],[25.588,46.892],[25.558,46.908],[25.517,46.913],[25.493,46.938],[25.496,46.97],[25.527,46.98],[25.519,47.012],[25.486,47.024],[25.447,47.03],[25.421,47.055],[25.405,47.084],[25.381,47.104],[25.352,47.113],[25.323,47.121],[25.294,47.109],[25.256,47.1],[25.225,47.107],[25.195,47.12],[25.164,47.129],[25.129,47.117],[25.094,47.121],[25.063,47.138],[25.067,47.178],[25.035,47.192],[25.037,47.223],[25.025,47.254],[25.021,47.292],[25.035,47.32],[25.055,47.353],[25.041,47.386],[25.019,47.408],[24.992,47.422],[25.027,47.434],[25.062,47.435],[25.058,47.465],[25.093,47.5],[25.056,47.509],[25.037,47.537],[24.995,47.546],[24.965,47.542],[24.931,47.537],[24.902,47.521],[24.872,47.53],[24.831,47.542],[24.809,47.563],[24.813,47.595],[24.848,47.605],[24.871,47.626],[24.883,47.655],[24.883,47.671]]]}},{"type":"Feature","properties":{"HYBAS_ID":2040543160,"MAIN_BAS":2040008490,"NEXT_DOWN":2040008490,"SUB_AREA":202183.3,"UP_AREA":701229.5,"ENDO":0},"geometry":{"type":"Polygon","coordinates":[[[19.721,44.138],[19.751,44.126],[19.781,44.116],[19.81,44.101],[19.846,44.1],[19.878,44.117],[19.911,44.113],[19.944,44.112],[19.977,44.101],[20.002,44.117],[20.036,44.116],[20.077,44.105],[20.113,44.104],[20.14,44.121],[20.174,44.121],[20.223,44.137],[20.257,44.134],[20.286,44.145],[20.316,44.136],[20.345,44.102],[20.377,44.095],[20.406,44.083],[20.45,44.092],[20.473,44.113],[20.496,44.133],[20.482,44.162],[20.495,44.194],[20.519,44.217],[20.549,44.226],[20.546,44.256],[20.534,44.285],[20.545,44.319],[20.53,44.352],[20.549,44.376],[20.549,44.41],[20.545,44.445],[20.567,44.467],[20.563,44.497],[20.537,44.522],[20.538,44.554],[20.506,44.567],[20.54,44.588],[20.558,44.613],[20.549,44.642],[20.541,44.673],[20.509,44.697],[20.512,44.731],[20.53,44.756],[20.518,44.788],[20.486,44.799],[20.459,44.818],[20.462,44.848],[20.467,44.882],[20.483,44.908],[20.451,44.913],[20.429,44.941],[20.404,44.963],[20.408,44.994],[20.395,45.027],[20.392,45.067],[20.383,45.1],[20.411,45.126],[20.413,45.161],[20.435,45.191],[20.469,45.216],[20.494,45.237],[20.513,45.269],[20.525,45.307],[20.504,45.336],[20.487,45.369],[20.48,45.402],[20.519,45.399],[20.552,45.38],[20.576,45.402],[20.597,45.43],[20.631,45.434],[20.66,45.45],[20.69,45.455],[20.712,45.477],[20.752,45.501],[20.785,45.492],[20.812,45.476],[20.83,45.508],[20.857,45.522],[20.885,45.537],[20.919,45.542],[20.962,45.559],[20.963,45.603],[20.998,45.609],[21.029,45.621],[21.061,45.63],[21.081,45.654],[21.108,45.673],[21.14,45.68],[21.174,45.679],[21.206,45.687],[21.23,45.713],[21.261,45.701],[21.29,45.713],[21.332,45.726],[21.363,45.738],[21.39,45.751],[21.427,45.759],[21.477,45.763],[21.519,45.763],[21.565,45.758],[21.606,45.754],[21.652,45.75],[21.682,45.759],[21.729,45.754],[21.758,45.767],[21.789,45.77],[21.823,45.776],[21.854,45.767],[21.911,45.776],[21.963,45.779],[21.995,45.77],[22.0,45.735],[22.009,45.705],[22.04,45.691],[22.062,45.666],[22.095,45.665],[22.121,45.688],[22.151,45.679],[22.186,45.684],[22.219,45.696],[22.249,45.69],[22.281,45.683],[22.31,45.667],[22.352,45.663],[22.385,45.663],[22.424,45.666],[22.458,45.662],[22.474,45.635],[22.499,45.616],[22.523,45.596],[22.546,45.575],[22.577,45.583],[22.627,45.567],[22.653,45.541],[22.675,45.517],[22.691,45.49],[22.695,45.456],[22.701,45.421],[22.692,45.392],[22.658,45.369],[22.657,45.338],[22.627,45.321],[22.596,45.307],[22.605,45.277],[22.594,45.246],[22.588,45.21],[22.619,45.221],[22.652,45.234],[22.675,45.254],[22.719,45.258],[22.748,45.266],[22.782,45.266],[22.814,45.275],[22.848,45.284],[22.873,45.304],[22.899,45.327],[22.922,45.349],[22.957,45.355],[22.988,45.358],[23.032,45.371],[23.065,45.371],[23.094,45.388],[23.132,45.392],[23.179,45.392],[23.192,45.421],[23.248,45.43],[23.263,45.461],[23.274,45.489],[23.298,45.517],[23.324,45.551],[23.356,45.542],[23.387,45.547],[23.414,45.574],[23.449,45.587],[23.483,45.579],[23.508,45.56],[23.538,45.55],[23.56,45.53],[23.595,45.494],[23.623,45.467],[23.656,45.459],[23.684,45.479],[23.712,45.501],[23.744,45.504],[23.773,45.516],[23.8,45.533],[23.796,45.567],[23.774,45.59],[23.779,45.62],[23.758,45.654],[23.789,45.679],[23.804,45.708],[23.777,45.726],[23.739,45.738],[23.706,45.75],[23.675,45.773],[23.698,45.792],[23.736,45.796],[23.769,45.801],[23.806,45.809],[23.856,45.808],[23.885,45.817],[23.932,45.83],[23.963,45.85],[23.998,45.855],[24.027,45.863],[24.09,45.858],[24.118,45.874],[24.145,45.887],[24.173,45.871],[24.217,45.883],[24.242,45.9],[24.269,45.916],[24.299,45.923],[24.333,45.938],[24.356,45.959],[24.391,45.967],[24.41,45.995],[24.437,46.023],[24.461,46.046],[24.491,46.063],[24.523,46.074],[24.549,46.058],[24.572,46.082],[24.61,46.059],[24.659,46.071],[24.691,46.072],[24.727,46.087],[24.758,46.087],[24.798,46.099],[24.831,46.101],[24.881,46.109],[24.906,46.088],[24.935,46.08],[24.963,46.067],[24.999,46.066],[25.032,46.058],[25.071,46.05],[25.075,46.082],[25.108,46.079],[25.134,46.094],[25.175,46.108],[25.152,46.133],[25.17,46.16],[25.202,46.18],[25.24,46.187],[25.278,46.176],[25.272,46.217],[25.306,46.217],[25.334,46.232],[25.35,46.261],[25.358,46.292],[25.385,46.308],[25.413,46.328],[25.445,46.34],[25.459,46.374],[25.487,46.398],[25.515,46.417],[25.548,46.421],[25.583,46.443],[25.574,46.474],[25.579,46.517],[25.599,46.539],[25.627,46.567],[25.658,46.593],[25.689,46.604],[25.721,46.608],[25.716,46.643],[25.712,46.686],[25.704,46.716],[25.737,46.747],[25.769,46.738],[25.798,46.721],[25.824,46.694],[25.865,46.655],[25.892,46.631],[25.912,46.606],[25.895,46.577],[25.894,46.546],[25.916,46.515],[25.913,46.483],[25.931,46.459],[25.969,46.458],[25.996,46.442],[26.001,46.401],[26.031,46.396],[26.058,46.377],[26.05,46.348],[26.036,46.321],[26.006,46.309],[26.021,46.276],[26.056,46.287],[26.083,46.3],[26.14,46.304],[26.169,46.295],[26.195,46.273],[26.201,46.238],[26.18,46.211],[26.176,46.177],[26.202,46.154],[26.233,46.158],[26.265,46.162],[26.293,46.179],[26.329,46.183],[26.346,46.142],[26.345,46.106],[26.363,46.073],[26.366,46.042],[26.362,46.01],[26.357,45.976],[26.364,45.946],[26.391,45.923],[26.379,45.894],[26.373,45.859],[26.327,45.863],[26.299,45.848],[26.275,45.82],[26.226,45.803],[26.213,45.758],[26.2,45.723],[26.174,45.692],[26.142,45.702],[26.126,45.727],[26.099,45.742],[26.056,45.746],[26.027,45.754],[25.998,45.741],[25.967,45.742],[25.979,45.711],[25.971,45.677],[25.948,45.655],[25.924,45.631],[25.9,45.607],[25.904,45.573],[25.891,45.535],[25.913,45.513],[25.957,45.512],[25.994,45.512],[26.019,45.491],[26.05,45.479],[26.05,45.443],[26.054,45.413],[26.079,45.382],[26.08,45.343],[26.098,45.317],[26.126,45.295],[26.121,45.254],[26.156,45.258],[26.22,45.245],[26.237,45.22],[26.265,45.209],[26.298,45.205],[26.327,45.216],[26.369,45.212],[26.412,45.208],[26.446,45.188],[26.445,45.151],[26.421,45.133],[26.396,45.113],[26.431,45.105],[26.461,45.113],[26.491,45.116],[26.523,45.12],[26.565,45.125],[26.585,45.154],[26.614,45.17],[26.648,45.187],[26.679,45.183],[26.712,45.177],[26.748,45.162],[26.786,45.145],[26.816,45.132],[26.845,45.112],[26.87,45.081],[26.899,45.045],[26.93,45.03],[26.958,45.008],[26.99,45.017],[27.025,45.033],[27.063,45.038],[27.095,45.024],[27.128,45.024],[27.158,45.035],[27.195,45.047],[27.21,45.076],[27.281,45.084],[27.335,45.092],[27.375,45.1],[27.406,45.092],[27.428,45.07],[27.458,45.057],[27.485,45.041],[27.514,45.03],[27.548,45.013],[27.577,45.004],[27.606,45.033],[27.634,45.046],[27.654,45.019],[27.684,45.016],[27.715,45.038],[27.745,45.051],[27.785,45.055],[27.801,45.081],[27.794,45.112],[27.763,45.125],[27.763,45.161],[27.783,45.188],[27.78,45.22],[27.779,45.253],[27.81,45.258],[27.856,45.259],[27.894,45.271],[27.925,45.298],[27.94,45.324],[27.965,45.349],[27.984,45.383],[28.015,45.388],[28.044,45.404],[28.071,45.368],[28.046,45.327],[28.057,45.299],[28.09,45.284],[28.123,45.28],[28.156,45.274],[28.184,45.263],[28.208,45.242],[28.242,45.238],[28.263,45.214],[28.282,45.191],[28.311,45.174],[28.333,45.152],[28.348,45.124],[28.362,45.085],[28.354,45.056],[28.385,45.026],[28.381,44.992],[28.38,44.962],[28.391,44.931],[28.404,44.904],[28.413,44.873],[28.445,44.854],[28.449,44.822],[28.427,44.801],[28.394,44.787],[28.363,44.773],[28.349,44.744],[28.327,44.717],[28.298,44.709],[28.268,44.695],[28.237,44.674],[28.233,44.636],[28.254,44.602],[28.282,44.579],[28.295,44.548],[28.309,44.514],[28.321,44.479],[28.35,44.471],[28.373,44.449],[28.411,44.438],[28.441,44.419],[28.473,44.396],[28.488,44.369],[28.51,44.346],[28.541,44.345],[28.534,44.315],[28.524,44.281],[28.537,44.253],[28.556,44.221],[28.579,44.198],[28.591,44.17],[28.571,44.136],[28.527,44.129],[28.513,44.102],[28.521,44.067],[28.49,44.059],[28.452,44.063],[28.442,44.026],[28.459,43.995],[28.437,43.973],[28.445,43.944],[28.458,43.911],[28.43,43.883],[28.413,43.858],[28.387,43.876],[28.335,43.874],[28.287,43.862],[28.249,43.871],[28.218,43.866],[28.189,43.854],[28.175,43.827],[28.148,43.805],[28.12,43.789],[28.116,43.743],[28.117,43.71],[28.106,43.667],[28.068,43.662],[28.036,43.663],[28.002,43.662],[27.973,43.67],[27.944,43.662],[27.925,43.635],[27.948,43.609],[27.982,43.599],[28.002,43.576],[28.008,43.534],[27.976,43.516],[27.955,43.494],[27.936,43.459],[27.89,43.45],[27.861,43.459],[27.83,43.436],[27.829,43.392],[27.826,43.355],[27.799,43.334],[27.769,43.326],[27.746,43.302],[27.718,43.287],[27.684,43.285],[27.651,43.297],[27.642,43.331],[27.617,43.352],[27.584,43.367],[27.552,43.391],[27.523,43.399],[27.494,43.384],[27.458,43.388],[27.421,43.383],[27.386,43.388],[27.352,43.395],[27.323,43.405],[27.29,43.401],[27.251,43.38],[27.241,43.412],[27.213,43.427],[27.188,43.451],[27.208,43.477],[27.188,43.5],[27.161,43.516],[27.127,43.517],[27.09,43.52],[27.059,43.512],[27.027,43.508],[26.997,43.508],[26.96,43.516],[26.931,43.505],[26.898,43.496],[26.865,43.504],[26.825,43.504],[26.808,43.477],[26.792,43.443],[26.804,43.414],[26.799,43.384],[26.769,43.376],[26.727,43.366],[26.698,43.355],[26.665,43.351],[26.655,43.384],[26.631,43.404],[26.598,43.404],[26.564,43.405],[26.536,43.413],[26.494,43.417],[26.458,43.425],[26.43,43.408],[26.424,43.377],[26.39,43.346],[26.396,43.317],[26.441,43.308],[26.466,43.282],[26.479,43.25],[26.444,43.249],[26.415,43.23],[26.396,43.202],[26.417,43.179],[26.45,43.191],[26.467,43.166],[26.456,43.13],[26.458,43.097],[26.427,43.087],[26.408,43.058],[26.343,43.037],[26.318,43.016],[26.284,43.008],[26.292,42.976],[26.329,42.97],[26.346,42.938],[26.35,42.9],[26.318,42.895],[26.313,42.863],[26.295,42.838],[26.255,42.833],[26.217,42.828],[26.19,42.816],[26.157,42.82],[26.114,42.817],[26.082,42.813],[26.046,42.813],[26.002,42.8],[25.975,42.783],[25.931,42.788],[25.885,42.787],[25.852,42.78],[25.819,42.779],[25.763,42.783],[25.722,42.792],[25.695,42.809],[25.669,42.791],[25.636,42.784],[25.602,42.783],[25.573,42.775],[25.54,42.767],[25.509,42.762],[25.477,42.755],[25.446,42.758],[25.422,42.733],[25.392,42.738],[25.348,42.742],[25.321,42.758],[25.288,42.754],[25.256,42.754],[25.207,42.779],[25.173,42.78],[25.139,42.766],[25.101,42.763],[25.073,42.749],[25.036,42.758],[25.001,42.758],[24.975,42.738],[24.95,42.721],[24.915,42.717],[24.883,42.721],[24.848,42.721],[24.807,42.72],[24.775,42.717],[24.744,42.712],[24.71,42.717],[24.68,42.725],[24.658,42.749],[24.636,42.77],[24.606,42.779],[24.573,42.788],[24.524,42.787],[24.492,42.796],[24.483,42.767],[24.452,42.749],[24.419,42.751],[24.386,42.75],[24.344,42.755],[24.313,42.763],[24.283,42.775],[24.248,42.775],[24.204,42.763],[24.168,42.767],[24.129,42.775],[24.088,42.767],[24.069,42.738],[24.034,42.738],[24.002,42.741],[23.96,42.755],[23.927,42.77],[23.899,42.782],[23.901,42.748],[23.901,42.715],[23.88,42.69],[23.858,42.667],[23.867,42.623],[23.892,42.602],[23.884,42.565],[23.856,42.554],[23.823,42.549],[23.794,42.537],[23.756,42.551],[23.727,42.563],[23.685,42.549],[23.648,42.534],[23.606,42.52],[23.624,42.495],[23.649,42.469],[23.655,42.422],[23.654,42.381],[23.646,42.348],[23.637,42.318],[23.633,42.284],[23.616,42.248],[23.613,42.215],[23.59,42.18],[23.595,42.143],[23.58,42.115],[23.561,42.088],[23.523,42.088],[23.51,42.116],[23.485,42.146],[23.456,42.155],[23.45,42.188],[23.418,42.183],[23.377,42.175],[23.335,42.17],[23.338,42.211],[23.355,42.242],[23.337,42.269],[23.338,42.299],[23.363,42.328],[23.335,42.345],[23.31,42.363],[23.284,42.385],[23.256,42.401],[23.251,42.431],[23.234,42.456],[23.251,42.494],[23.264,42.525],[23.294,42.537],[23.264,42.563],[23.232,42.579],[23.202,42.591],[23.183,42.627],[23.152,42.646],[23.133,42.671],[23.091,42.667],[23.07,42.694],[23.044,42.72],[23.003,42.716],[22.973,42.73],[22.957,42.762],[22.932,42.779],[22.904,42.792],[22.873,42.804],[22.844,42.817],[22.808,42.825],[22.808,42.794],[22.804,42.756],[22.787,42.729],[22.754,42.729],[22.731,42.749],[22.702,42.737],[22.673,42.724],[22.655,42.697],[22.61,42.709],[22.583,42.726],[22.544,42.729],[22.511,42.737],[22.476,42.706],[22.423,42.7],[22.388,42.692],[22.37,42.665],[22.349,42.638],[22.322,42.625],[22.285,42.604],[22.262,42.584],[22.239,42.562],[22.233,42.53],[22.213,42.506],[22.208,42.473],[22.177,42.446],[22.144,42.445],[22.114,42.455],[22.081,42.471],[22.042,42.475],[22.028,42.443],[22.012,42.413],[21.979,42.409],[21.954,42.394],[21.937,42.369],[21.888,42.354],[21.858,42.337],[21.828,42.366],[21.796,42.357],[21.792,42.323],[21.772,42.295],[21.767,42.265],[21.727,42.263],[21.704,42.286],[21.666,42.301],[21.635,42.3],[21.606,42.288],[21.587,42.26],[21.563,42.242],[21.531,42.249],[21.488,42.254],[21.442,42.238],[21.415,42.221],[21.425,42.19],[21.377,42.179],[21.348,42.204],[21.324,42.223],[21.304,42.252],[21.27,42.282],[21.245,42.306],[21.216,42.323],[21.209,42.36],[21.213,42.392],[21.182,42.38],[21.152,42.376],[21.091,42.384],[21.046,42.375],[20.989,42.374],[20.959,42.359],[20.945,42.407],[20.925,42.43],[20.894,42.424],[20.888,42.463],[20.859,42.485],[20.858,42.519],[20.835,42.546],[20.806,42.57],[20.827,42.592],[20.813,42.627],[20.781,42.662],[20.766,42.695],[20.791,42.715],[20.824,42.738],[20.837,42.769],[20.818,42.792],[20.792,42.809],[20.771,42.831],[20.754,42.861],[20.73,42.88],[20.691,42.888],[20.663,42.9],[20.632,42.896],[20.597,42.887],[20.556,42.895],[20.541,42.868],[20.511,42.855],[20.477,42.845],[20.448,42.834],[20.419,42.842],[20.381,42.841],[20.342,42.833],[20.31,42.817],[20.277,42.821],[20.242,42.799],[20.216,42.778],[20.242,42.755],[20.203,42.755],[20.173,42.758],[20.14,42.758],[20.11,42.763],[20.077,42.775],[20.046,42.775],[20.033,42.808],[20.025,42.838],[20.052,42.858],[20.076,42.887],[20.092,42.923],[20.105,42.952],[20.137,42.977],[20.165,42.996],[20.19,43.016],[20.188,43.048],[20.159,43.067],[20.171,43.1],[20.163,43.129],[20.185,43.154],[20.213,43.166],[20.234,43.194],[20.241,43.237],[20.22,43.28],[20.23,43.31],[20.233,43.342],[20.201,43.323],[20.168,43.32],[20.134,43.318],[20.124,43.348],[20.101,43.37],[20.095,43.411],[20.073,43.434],[20.063,43.463],[20.049,43.491],[20.019,43.508],[19.985,43.513],[19.952,43.52],[19.923,43.533],[19.885,43.555],[19.845,43.558],[19.815,43.574],[19.788,43.593],[19.775,43.635],[19.746,43.669],[19.719,43.687],[19.719,43.717],[19.694,43.738],[19.664,43.759],[19.625,43.771],[19.594,43.791],[19.569,43.812],[19.535,43.817],[19.506,43.825],[19.477,43.838],[19.491,43.864],[19.523,43.874],[19.556,43.888],[19.591,43.883],[19.62,43.889],[19.653,43.895],[19.7,43.9],[19.736,43.905],[19.765,43.917],[19.778,43.945],[19.774,43.981],[19.758,44.027],[19.749,44.057],[19.746,44.092],[19.732,44.12],[19.721,44.138]]]}},{"type":"Feature","properties":{"HYBAS_ID":2040548500,"MAIN_BAS":2040008490,"NEXT_DOWN":2040555600,"SUB_AREA":154070.7,"UP_AREA":154073.1,"ENDO":0},"geometry":{"type":"Polygon","coordinates":[[[25.221,46.188],[25.188,46.175],[25.166,46.147],[25.179,46.115],[25.138,46.104],[25.119,46.08],[25.085,46.084],[25.075,46.051],[25.035,46.055],[25.002,46.058],[24.969,46.066],[24.935,46.08],[24.906,46.088],[24.887,46.113],[24.839,46.108],[24.803,46.095],[24.758,46.087],[24.727,46.087],[24.696,46.083],[24.664,46.067],[24.631,46.07],[24.597,46.071],[24.559,46.074],[24.527,46.071],[24.493,46.07],[24.461,46.046],[24.437,46.023],[24.41,45.995],[24.391,45.967],[24.36,45.962],[24.334,45.941],[24.301,45.929],[24.277,45.909],[24.247,45.908],[24.218,45.887],[24.185,45.883],[24.154,45.875],[24.118,45.874],[24.099,45.849],[24.055,45.859],[24.01,45.862],[23.981,45.854],[23.948,45.846],[23.91,45.829],[23.876,45.816],[23.835,45.809],[23.794,45.808],[23.763,45.804],[23.727,45.795],[23.692,45.792],[23.689,45.759],[23.718,45.746],[23.752,45.737],[23.786,45.724],[23.8,45.698],[23.782,45.671],[23.758,45.629],[23.771,45.594],[23.804,45.579],[23.792,45.548],[23.778,45.518],[23.744,45.504],[23.712,45.501],[23.684,45.479],[23.656,45.459],[23.628,45.471],[23.599,45.486],[23.576,45.514],[23.553,45.541],[23.525,45.554],[23.504,45.577],[23.45,45.583],[23.419,45.576],[23.388,45.552],[23.356,45.542],[23.324,45.551],[23.308,45.522],[23.276,45.512],[23.27,45.469],[23.254,45.433],[23.218,45.429],[23.184,45.416],[23.16,45.392],[23.123,45.391],[23.089,45.387],[23.048,45.37],[23.002,45.37],[22.96,45.358],[22.925,45.35],[22.899,45.327],[22.877,45.305],[22.852,45.287],[22.819,45.275],[22.79,45.267],[22.756,45.266],[22.723,45.254],[22.69,45.25],[22.656,45.237],[22.623,45.224],[22.598,45.204],[22.58,45.231],[22.604,45.256],[22.6,45.294],[22.619,45.317],[22.652,45.337],[22.658,45.369],[22.686,45.388],[22.708,45.41],[22.695,45.444],[22.691,45.49],[22.675,45.517],[22.653,45.541],[22.641,45.57],[22.597,45.566],[22.568,45.579],[22.523,45.596],[22.499,45.616],[22.474,45.635],[22.458,45.662],[22.425,45.671],[22.388,45.662],[22.356,45.666],[22.317,45.663],[22.29,45.679],[22.256,45.683],[22.224,45.701],[22.194,45.691],[22.151,45.679],[22.121,45.688],[22.095,45.665],[22.068,45.651],[22.049,45.687],[22.024,45.704],[21.996,45.721],[22.0,45.76],[21.97,45.77],[21.935,45.779],[21.876,45.774],[21.829,45.767],[21.789,45.77],[21.758,45.767],[21.729,45.754],[21.698,45.758],[21.656,45.754],[21.625,45.75],[21.589,45.755],[21.548,45.759],[21.507,45.762],[21.452,45.762],[21.402,45.758],[21.374,45.743],[21.343,45.737],[21.31,45.724],[21.277,45.712],[21.247,45.695],[21.217,45.702],[21.188,45.683],[21.144,45.683],[21.109,45.679],[21.086,45.655],[21.061,45.63],[21.03,45.624],[21.002,45.612],[20.969,45.608],[20.962,45.578],[20.931,45.546],[20.885,45.537],[20.857,45.522],[20.83,45.508],[20.812,45.476],[20.785,45.492],[20.756,45.504],[20.718,45.499],[20.708,45.467],[20.682,45.45],[20.648,45.445],[20.614,45.433],[20.58,45.424],[20.567,45.395],[20.535,45.388],[20.494,45.401],[20.487,45.369],[20.501,45.339],[20.504,45.309],[20.472,45.303],[20.46,45.274],[20.434,45.244],[20.409,45.227],[20.38,45.208],[20.355,45.19],[20.336,45.155],[20.306,45.145],[20.275,45.146],[20.259,45.172],[20.254,45.205],[20.254,45.242],[20.219,45.258],[20.188,45.262],[20.165,45.234],[20.135,45.226],[20.106,45.238],[20.083,45.258],[20.052,45.246],[20.031,45.27],[20.002,45.283],[19.973,45.299],[19.944,45.313],[19.915,45.329],[19.881,45.333],[19.848,45.341],[19.819,45.329],[19.778,45.326],[19.748,45.329],[19.729,45.352],[19.703,45.371],[19.67,45.366],[19.639,45.371],[19.617,45.392],[19.592,45.409],[19.58,45.438],[19.555,45.459],[19.554,45.492],[19.527,45.52],[19.498,45.533],[19.487,45.569],[19.496,45.604],[19.461,45.605],[19.43,45.592],[19.399,45.612],[19.377,45.634],[19.351,45.66],[19.321,45.683],[19.289,45.676],[19.262,45.688],[19.231,45.684],[19.201,45.687],[19.17,45.683],[19.141,45.719],[19.156,45.749],[19.185,45.758],[19.223,45.767],[19.266,45.776],[19.266,45.811],[19.283,45.838],[19.27,45.867],[19.284,45.899],[19.317,45.921],[19.334,45.959],[19.322,45.991],[19.337,46.019],[19.37,46.026],[19.376,46.07],[19.406,46.079],[19.429,46.102],[19.445,46.13],[19.429,46.166],[19.417,46.198],[19.412,46.231],[19.399,46.259],[19.404,46.294],[19.383,46.317],[19.358,46.338],[19.329,46.35],[19.342,46.382],[19.334,46.416],[19.365,46.409],[19.398,46.404],[19.428,46.405],[19.426,46.437],[19.43,46.469],[19.46,46.476],[19.49,46.488],[19.515,46.509],[19.548,46.512],[19.558,46.555],[19.558,46.588],[19.558,46.623],[19.551,46.657],[19.529,46.681],[19.566,46.662],[19.594,46.651],[19.584,46.681],[19.61,46.704],[19.649,46.694],[19.678,46.674],[19.674,46.706],[19.671,46.738],[19.641,46.756],[19.654,46.792],[19.636,46.816],[19.629,46.848],[19.6,46.86],[19.592,46.894],[19.576,46.923],[19.561,46.95],[19.554,46.992],[19.554,47.025],[19.567,47.058],[19.574,47.087],[19.547,47.101],[19.566,47.127],[19.596,47.138],[19.57,47.165],[19.558,47.194],[19.531,47.224],[19.512,47.253],[19.529,47.279],[19.512,47.305],[19.521,47.342],[19.49,47.375],[19.46,47.388],[19.435,47.409],[19.406,47.426],[19.381,47.442],[19.354,47.458],[19.381,47.479],[19.412,47.476],[19.406,47.508],[19.421,47.54],[19.398,47.563],[19.368,47.592],[19.352,47.621],[19.329,47.642],[19.313,47.673],[19.299,47.723],[19.276,47.743],[19.321,47.75],[19.301,47.776],[19.276,47.81],[19.227,47.83],[19.198,47.842],[19.227,47.859],[19.282,47.858],[19.267,47.885],[19.294,47.904],[19.329,47.905],[19.361,47.929],[19.394,47.92],[19.425,47.913],[19.462,47.909],[19.495,47.914],[19.508,47.942],[19.53,47.965],[19.565,47.979],[19.592,48.012],[19.638,48.029],[19.662,48.048],[19.702,48.054],[19.733,48.058],[19.742,48.089],[19.766,48.109],[19.792,48.131],[19.807,48.159],[19.844,48.145],[19.875,48.15],[19.888,48.178],[19.913,48.203],[19.93,48.231],[19.909,48.263],[19.894,48.292],[19.913,48.321],[19.909,48.352],[19.926,48.379],[19.916,48.417],[19.908,48.448],[19.909,48.482],[19.879,48.499],[19.852,48.516],[19.823,48.529],[19.794,48.541],[19.76,48.55],[19.745,48.577],[19.722,48.601],[19.699,48.621],[19.669,48.621],[19.646,48.646],[19.646,48.679],[19.673,48.663],[19.707,48.658],[19.74,48.671],[19.773,48.691],[19.808,48.697],[19.83,48.728],[19.854,48.76],[19.881,48.774],[19.909,48.759],[19.94,48.758],[19.963,48.778],[19.994,48.784],[20.048,48.788],[20.083,48.79],[20.123,48.792],[20.156,48.791],[20.196,48.792],[20.206,48.825],[20.233,48.843],[20.219,48.87],[20.19,48.879],[20.158,48.883],[20.175,48.913],[20.152,48.937],[20.133,48.962],[20.101,48.989],[20.127,49.005],[20.165,49.016],[20.202,49.021],[20.236,49.017],[20.271,49.017],[20.298,49.037],[20.331,49.037],[20.373,49.042],[20.406,49.034],[20.471,49.038],[20.499,49.058],[20.531,49.058],[20.551,49.081],[20.577,49.104],[20.606,49.12],[20.636,49.134],[20.655,49.162],[20.684,49.176],[20.714,49.179],[20.752,49.191],[20.789,49.204],[20.832,49.209],[20.882,49.208],[20.919,49.209],[20.945,49.227],[20.973,49.241],[21.004,49.244],[20.987,49.278],[20.984,49.315],[21.006,49.337],[21.035,49.366],[21.096,49.367],[21.073,49.391],[21.05,49.425],[21.102,49.429],[21.131,49.437],[21.16,49.421],[21.208,49.404],[21.226,49.442],[21.256,49.445],[21.281,49.462],[21.321,49.45],[21.352,49.449],[21.381,49.437],[21.41,49.43],[21.483,49.417],[21.514,49.421],[21.544,49.437],[21.574,49.437],[21.606,49.441],[21.644,49.438],[21.677,49.416],[21.71,49.416],[21.735,49.399],[21.763,49.385],[21.788,49.358],[21.815,49.384],[21.844,49.391],[21.877,49.375],[21.902,49.354],[21.942,49.354],[21.979,49.331],[21.998,49.304],[22.032,49.287],[22.041,49.243],[22.065,49.216],[22.103,49.208],[22.14,49.204],[22.168,49.188],[22.202,49.184],[22.234,49.173],[22.26,49.15],[22.29,49.145],[22.319,49.138],[22.352,49.158],[22.379,49.14],[22.399,49.115],[22.429,49.1],[22.46,49.105],[22.491,49.091],[22.523,49.092],[22.556,49.088],[22.59,49.099],[22.624,49.083],[22.644,49.059],[22.681,49.038],[22.748,49.05],[22.781,49.05],[22.818,49.025],[22.847,49.004],[22.877,49.005],[22.921,48.984],[22.897,48.966],[22.875,48.939],[22.892,48.914],[22.923,48.895],[22.952,48.883],[22.975,48.86],[22.993,48.834],[23.023,48.849],[23.061,48.855],[23.089,48.866],[23.123,48.858],[23.15,48.837],[23.179,48.802],[23.191,48.773],[23.227,48.766],[23.269,48.767],[23.302,48.766],[23.34,48.759],[23.37,48.766],[23.39,48.741],[23.424,48.732],[23.457,48.729],[23.49,48.725],[23.519,48.733],[23.55,48.729],[23.581,48.721],[23.608,48.704],[23.641,48.698],[23.66,48.671],[23.683,48.65],[23.732,48.638],[23.761,48.646],[23.793,48.63],[23.804,48.59],[23.837,48.578],[23.86,48.555],[23.894,48.559],[23.924,48.553],[23.924,48.519],[23.92,48.488],[23.948,48.462],[23.978,48.463],[23.988,48.499],[24.019,48.505],[24.048,48.513],[24.078,48.512],[24.11,48.533],[24.117,48.502],[24.126,48.469],[24.13,48.438],[24.142,48.41],[24.169,48.376],[24.2,48.362],[24.231,48.355],[24.262,48.351],[24.284,48.377],[24.31,48.395],[24.34,48.384],[24.37,48.361],[24.393,48.338],[24.424,48.328],[24.449,48.311],[24.473,48.291],[24.491,48.256],[24.519,48.237],[24.529,48.206],[24.517,48.176],[24.524,48.145],[24.544,48.121],[24.574,48.104],[24.623,48.063],[24.597,48.037],[24.576,48.015],[24.567,47.971],[24.599,47.952],[24.629,47.946],[24.648,47.921],[24.672,47.897],[24.671,47.867],[24.703,47.858],[24.731,47.842],[24.765,47.841],[24.815,47.829],[24.837,47.798],[24.864,47.763],[24.884,47.739],[24.877,47.709],[24.88,47.676],[24.867,47.646],[24.866,47.613],[24.822,47.604],[24.802,47.571],[24.823,47.546],[24.856,47.541],[24.89,47.524],[24.919,47.533],[24.965,47.542],[24.995,47.546],[25.027,47.541],[25.049,47.519],[25.077,47.505],[25.069,47.475],[25.063,47.444],[25.031,47.437],[24.998,47.43],[25.027,47.401],[25.062,47.379],[25.049,47.347],[25.027,47.313],[25.02,47.281],[25.025,47.25],[25.034,47.219],[25.058,47.191],[25.066,47.159],[25.077,47.13],[25.128,47.12],[25.164,47.129],[25.195,47.12],[25.225,47.107],[25.256,47.1],[25.286,47.105],[25.311,47.129],[25.348,47.116],[25.377,47.105],[25.404,47.092],[25.421,47.055],[25.447,47.03],[25.486,47.024],[25.519,47.012],[25.545,46.993],[25.514,46.979],[25.492,46.942],[25.516,46.916],[25.548,46.909],[25.581,46.9],[25.608,46.881],[25.601,46.844],[25.64,46.833],[25.668,46.821],[25.707,46.804],[25.721,46.777],[25.737,46.747],[25.712,46.718],[25.712,46.686],[25.721,46.656],[25.721,46.618],[25.689,46.604],[25.659,46.598],[25.642,46.571],[25.606,46.566],[25.592,46.531],[25.579,46.498],[25.579,46.465],[25.573,46.434],[25.519,46.42],[25.489,46.404],[25.459,46.374],[25.445,46.34],[25.413,46.328],[25.39,46.309],[25.359,46.295],[25.35,46.261],[25.334,46.232],[25.306,46.217],[25.272,46.217],[25.283,46.185],[25.248,46.183],[25.221,46.188]]]}},{"type":"Feature","properties":{"HYBAS_ID":2040008500,"MAIN_BAS":2040008500,"NEXT_DOWN":0,"SUB_AREA":28146.4,"UP_AREA":28146.4,"ENDO":0},"geometry":{"type":"Polygon","coordinates":[[[29.511,44.771],[29.544,44.792],[29.569,44.809],[29.548,44.784],[29.514,44.774],[29.511,44.771]],[[26.454,43.292],[26.419,43.309],[26.388,43.327],[26.406,43.362],[26.426,43.398],[26.454,43.419],[26.488,43.421],[26.536,43.413],[26.564,43.405],[26.598,43.404],[26.631,43.404],[26.655,43.384],[26.651,43.349],[26.692,43.354],[26.723,43.363],[26.756,43.37],[26.794,43.38],[26.804,43.414],[26.792,43.443],[26.804,43.472],[26.822,43.503],[26.865,43.504],[26.898,43.496],[26.927,43.504],[26.96,43.516],[26.994,43.509],[27.027,43.508],[27.059,43.512],[27.09,43.52],[27.123,43.516],[27.161,43.516],[27.188,43.5],[27.208,43.477],[27.183,43.457],[27.211,43.433],[27.241,43.412],[27.251,43.38],[27.276,43.399],[27.308,43.409],[27.342,43.4],[27.369,43.383],[27.421,43.383],[27.458,43.388],[27.494,43.384],[27.523,43.399],[27.552,43.391],[27.583,43.373],[27.61,43.359],[27.631,43.337],[27.651,43.297],[27.678,43.28],[27.711,43.28],[27.739,43.291],[27.759,43.315],[27.79,43.33],[27.815,43.346],[27.812,43.377],[27.829,43.415],[27.838,43.446],[27.868,43.455],[27.915,43.45],[27.952,43.475],[27.963,43.508],[27.995,43.521],[28.009,43.548],[27.984,43.592],[27.956,43.605],[27.931,43.621],[27.933,43.658],[27.973,43.67],[28.002,43.662],[28.036,43.663],[28.068,43.662],[28.102,43.671],[28.121,43.696],[28.116,43.727],[28.117,43.76],[28.121,43.796],[28.156,43.812],[28.17,43.839],[28.198,43.855],[28.244,43.867],[28.281,43.866],[28.314,43.866],[28.358,43.875],[28.394,43.874],[28.424,43.859],[28.441,43.892],[28.449,43.923],[28.437,43.953],[28.448,43.987],[28.459,44.02],[28.437,44.049],[28.468,44.055],[28.498,44.063],[28.516,44.098],[28.527,44.129],[28.563,44.134],[28.595,44.155],[28.588,44.19],[28.563,44.213],[28.538,44.238],[28.521,44.273],[28.533,44.306],[28.541,44.339],[28.51,44.346],[28.488,44.369],[28.473,44.396],[28.448,44.416],[28.421,44.438],[28.391,44.437],[28.365,44.454],[28.335,44.471],[28.317,44.498],[28.308,44.532],[28.296,44.561],[28.268,44.58],[28.246,44.61],[28.217,44.652],[28.231,44.679],[28.266,44.689],[28.294,44.708],[28.327,44.717],[28.349,44.744],[28.363,44.773],[28.394,44.787],[28.427,44.801],[28.449,44.822],[28.445,44.854],[28.413,44.873],[28.404,44.904],[28.391,44.931],[28.38,44.962],[28.386,44.991],[28.392,45.025],[28.361,45.049],[28.359,45.081],[28.367,45.115],[28.34,45.129],[28.326,45.16],[28.298,45.176],[28.275,45.196],[28.308,45.204],[28.336,45.216],[28.367,45.233],[28.402,45.205],[28.433,45.19],[28.462,45.174],[28.49,45.163],[28.523,45.171],[28.556,45.163],[28.586,45.149],[28.601,45.179],[28.64,45.166],[28.677,45.158],[28.706,45.141],[28.739,45.134],[28.773,45.129],[28.783,45.157],[28.77,45.187],[28.763,45.217],[28.81,45.22],[28.879,45.225],[28.912,45.234],[28.94,45.246],[28.977,45.251],[29.015,45.258],[29.148,45.254],[29.181,45.251],[29.236,45.251],[29.267,45.254],[29.302,45.246],[29.345,45.275],[29.373,45.259],[29.409,45.258],[29.429,45.285],[29.459,45.292],[29.492,45.299],[29.51,45.333],[29.544,45.313],[29.574,45.304],[29.594,45.276],[29.623,45.284],[29.652,45.263],[29.676,45.238],[29.706,45.242],[29.729,45.214],[29.698,45.205],[29.664,45.205],[29.634,45.207],[29.642,45.177],[29.669,45.163],[29.72,45.166],[29.667,45.123],[29.655,45.094],[29.65,45.056],[29.642,45.023],[29.638,44.99],[29.634,44.957],[29.629,44.914],[29.621,44.883],[29.613,44.852],[29.595,44.824],[29.56,44.824],[29.502,44.82],[29.448,44.816],[29.41,44.812],[29.352,44.808],[29.31,44.804],[29.279,44.8],[29.243,44.795],[29.206,44.787],[29.175,44.779],[29.139,44.77],[29.111,44.759],[29.082,44.742],[29.044,44.717],[29.018,44.7],[28.977,44.659],[28.938,44.619],[28.921,44.594],[28.905,44.569],[28.884,44.54],[28.863,44.515],[28.827,44.476],[28.773,44.43],[28.709,44.369],[28.692,44.34],[28.662,44.34],[28.638,44.319],[28.625,44.292],[28.626,44.244],[28.654,44.224],[28.658,44.192],[28.669,44.159],[28.667,44.119],[28.67,44.088],[28.641,44.076],[28.651,44.044],[28.666,44.015],[28.67,43.984],[28.642,43.952],[28.637,43.919],[28.617,43.896],[28.609,43.864],[28.596,43.836],[28.598,43.805],[28.583,43.764],[28.574,43.726],[28.567,43.695],[28.571,43.652],[28.579,43.619],[28.575,43.588],[28.608,43.552],[28.604,43.519],[28.587,43.485],[28.566,43.46],[28.549,43.434],[28.519,43.413],[28.471,43.377],[28.439,43.38],[28.406,43.388],[28.373,43.405],[28.34,43.412],[28.302,43.416],[28.256,43.408],[28.226,43.395],[28.173,43.396],[28.136,43.392],[28.106,43.379],[28.082,43.359],[28.07,43.323],[28.054,43.298],[28.042,43.269],[28.027,43.242],[28.006,43.217],[27.969,43.216],[27.94,43.208],[27.913,43.187],[27.949,43.174],[27.942,43.144],[27.93,43.115],[27.917,43.081],[27.905,43.053],[27.892,43.025],[27.895,42.994],[27.9,42.96],[27.908,42.927],[27.905,42.896],[27.903,42.85],[27.888,42.819],[27.896,42.789],[27.895,42.756],[27.905,42.722],[27.881,42.696],[27.827,42.701],[27.789,42.701],[27.755,42.704],[27.717,42.694],[27.727,42.663],[27.702,42.646],[27.671,42.638],[27.641,42.627],[27.634,42.585],[27.654,42.556],[27.61,42.562],[27.568,42.549],[27.538,42.559],[27.509,42.549],[27.491,42.522],[27.487,42.48],[27.454,42.479],[27.466,42.449],[27.498,42.446],[27.529,42.444],[27.56,42.451],[27.587,42.467],[27.612,42.445],[27.646,42.455],[27.662,42.412],[27.689,42.43],[27.733,42.412],[27.708,42.392],[27.72,42.356],[27.745,42.333],[27.777,42.338],[27.796,42.311],[27.769,42.288],[27.752,42.259],[27.781,42.242],[27.802,42.217],[27.835,42.199],[27.862,42.178],[27.88,42.151],[27.916,42.127],[27.94,42.108],[27.966,42.087],[27.995,42.066],[28.016,42.031],[28.038,41.992],[28.046,41.96],[28.051,41.91],[28.057,41.879],[28.027,41.887],[27.996,41.886],[27.98,41.839],[27.992,41.81],[28.009,41.784],[28.045,41.752],[28.06,41.717],[28.081,41.695],[28.105,41.673],[28.095,41.644],[28.119,41.617],[28.15,41.594],[28.182,41.574],[28.202,41.546],[28.227,41.53],[28.252,41.513],[28.277,41.496],[28.306,41.487],[28.336,41.474],[28.365,41.462],[28.394,41.449],[28.427,41.437],[28.456,41.426],[28.485,41.413],[28.515,41.404],[28.552,41.391],[28.581,41.376],[28.61,41.363],[28.639,41.351],[28.67,41.345],[28.706,41.337],[28.748,41.329],[28.777,41.317],[28.808,41.309],[28.844,41.288],[28.874,41.286],[28.927,41.274],[28.956,41.266],[28.99,41.254],[29.027,41.246],[29.061,41.258],[29.094,41.249],[29.116,41.227],[29.098,41.201],[29.076,41.177],[29.048,41.159],[29.076,41.126],[29.044,41.109],[29.024,41.14],[28.999,41.166],[28.984,41.198],[28.952,41.217],[28.91,41.23],[28.852,41.238],[28.804,41.254],[28.774,41.266],[28.73,41.258],[28.702,41.271],[28.673,41.263],[28.639,41.275],[28.605,41.265],[28.573,41.258],[28.543,41.267],[28.498,41.276],[28.469,41.287],[28.442,41.261],[28.415,41.275],[28.386,41.291],[28.349,41.291],[28.315,41.295],[28.284,41.269],[28.263,41.244],[28.219,41.245],[28.185,41.233],[28.158,41.25],[28.171,41.277],[28.192,41.306],[28.196,41.339],[28.165,41.358],[28.134,41.359],[28.11,41.384],[28.105,41.427],[28.113,41.462],[28.09,41.487],[28.056,41.496],[28.017,41.504],[27.989,41.521],[27.974,41.551],[27.94,41.554],[27.906,41.559],[27.871,41.567],[27.843,41.584],[27.813,41.592],[27.781,41.612],[27.746,41.639],[27.73,41.668],[27.721,41.698],[27.729,41.731],[27.698,41.75],[27.67,41.762],[27.64,41.774],[27.607,41.783],[27.577,41.804],[27.525,41.808],[27.502,41.83],[27.472,41.846],[27.44,41.87],[27.408,41.899],[27.37,41.909],[27.345,41.887],[27.314,41.88],[27.295,41.92],[27.264,41.937],[27.235,41.925],[27.192,41.939],[27.188,41.971],[27.169,42.016],[27.155,42.048],[27.131,42.07],[27.102,42.084],[27.069,42.091],[27.039,42.083],[27.002,42.08],[26.969,42.121],[26.955,42.152],[26.973,42.183],[26.995,42.203],[26.964,42.212],[26.924,42.212],[26.89,42.213],[26.856,42.221],[26.837,42.248],[26.801,42.273],[26.791,42.302],[26.788,42.333],[26.78,42.369],[26.771,42.398],[26.746,42.417],[26.728,42.445],[26.748,42.474],[26.777,42.492],[26.82,42.495],[26.877,42.501],[26.901,42.527],[26.928,42.555],[26.938,42.59],[26.949,42.619],[26.998,42.625],[27.044,42.629],[27.081,42.641],[27.104,42.668],[27.12,42.695],[27.084,42.705],[27.083,42.752],[27.077,42.787],[27.035,42.788],[27.007,42.804],[26.973,42.8],[26.942,42.8],[26.895,42.801],[26.867,42.813],[26.843,42.842],[26.808,42.841],[26.779,42.827],[26.742,42.804],[26.71,42.787],[26.669,42.774],[26.631,42.766],[26.581,42.758],[26.55,42.754],[26.514,42.75],[26.473,42.746],[26.44,42.746],[26.41,42.75],[26.373,42.741],[26.321,42.751],[26.307,42.787],[26.273,42.792],[26.244,42.803],[26.217,42.817],[26.246,42.829],[26.279,42.833],[26.306,42.846],[26.316,42.877],[26.336,42.9],[26.345,42.931],[26.333,42.965],[26.292,42.976],[26.284,43.008],[26.315,43.013],[26.343,43.037],[26.388,43.038],[26.409,43.065],[26.434,43.083],[26.458,43.104],[26.465,43.137],[26.456,43.167],[26.423,43.183],[26.396,43.202],[26.415,43.23],[26.44,43.246],[26.479,43.25],[26.466,43.282],[26.454,43.292]]]}},{"type":"Feature","properties":{"HYBAS_ID":2040009230,"MAIN_BAS":2040009230,"NEXT_DOWN":0,"SUB_AREA":293802.3,"UP_AREA":293802.3,"ENDO":0},"geometry":{"type":"Polygon","coordinates":[[[19.532,39.754],[19.504,39.776],[19.538,39.763],[19.532,39.754]],[[19.594,39.875],[19.572,39.899],[19.601,39.888],[19.594,39.875]],[[19.403,39.833],[19.374,39.844],[19.39,39.87],[19.42,39.871],[19.416,39.838],[19.403,39.833]],[[20.215,39.175],[20.177,39.176],[20.152,39.192],[20.124,39.224],[20.152,39.237],[20.176,39.217],[20.206,39.188],[20.215,39.175]],[[20.253,39.138],[20.223,39.145],[20.255,39.142],[20.253,39.138]],[[20.728,38.3],[20.692,38.315],[20.683,38.349],[20.663,38.377],[20.646,38.406],[20.637,38.436],[20.612,38.462],[20.64,38.474],[20.647,38.505],[20.68,38.494],[20.676,38.463],[20.704,38.448],[20.705,38.417],[20.687,38.39],[20.719,38.392],[20.754,38.373],[20.747,38.343],[20.771,38.324],[20.744,38.308],[20.728,38.3]],[[20.836,37.642],[20.806,37.651],[20.755,37.7],[20.727,37.713],[20.692,37.744],[20.672,37.767],[20.647,37.792],[20.616,37.818],[20.62,37.852],[20.626,37.882],[20.65,37.907],[20.681,37.929],[20.712,37.928],[20.72,37.898],[20.738,37.873],[20.76,37.851],[20.792,37.851],[20.827,37.841],[20.86,37.829],[20.894,37.813],[20.908,37.781],[20.935,37.763],[20.96,37.745],[20.995,37.733],[20.99,37.696],[20.965,37.713],[20.935,37.724],[20.891,37.734],[20.866,37.715],[20.842,37.69],[20.863,37.658],[20.836,37.642]],[[24.165,38.15],[24.145,38.174],[24.174,38.191],[24.17,38.156],[24.165,38.15]],[[14.311,44.496],[14.287,44.515],[14.328,44.512],[14.311,44.496]],[[14.311,44.754],[14.312,44.789],[14.312,44.756],[14.311,44.754]],[[14.286,44.604],[14.256,44.616],[14.229,44.629],[14.238,44.662],[14.264,44.687],[14.292,44.667],[14.266,44.649],[14.283,44.615],[14.286,44.604]],[[14.34,44.558],[14.306,44.579],[14.337,44.57],[14.34,44.558]],[[14.569,44.479],[14.549,44.503],[14.574,44.485],[14.569,44.479]],[[14.544,44.95],[14.51,44.966],[14.483,44.983],[14.515,44.984],[14.549,44.978],[14.544,44.95]],[[14.828,44.825],[14.799,44.839],[14.841,44.849],[14.828,44.825]],[[14.874,44.463],[14.845,44.483],[14.875,44.472],[14.874,44.463]],[[14.969,44.4],[14.94,44.408],[14.911,44.429],[14.884,44.447],[14.92,44.44],[14.948,44.421],[14.969,44.4]],[[14.732,44.346],[14.702,44.354],[14.684,44.381],[14.659,44.402],[14.69,44.416],[14.704,44.388],[14.724,44.365],[14.732,44.346]],[[14.819,44.338],[14.789,44.342],[14.76,44.359],[14.763,44.394],[14.777,44.421],[14.812,44.407],[14.804,44.377],[14.826,44.353],[14.819,44.338]],[[14.715,44.313],[14.687,44.332],[14.717,44.317],[14.715,44.313]],[[14.715,44.267],[14.683,44.29],[14.719,44.288],[14.715,44.267]],[[15.353,43.896],[15.319,43.912],[15.291,43.926],[15.323,43.917],[15.354,43.899],[15.353,43.896]],[[15.232,43.913],[15.204,43.926],[15.234,43.918],[15.232,43.913]],[[15.278,43.904],[15.254,43.928],[15.279,43.907],[15.278,43.904]],[[15.799,43.671],[15.769,43.68],[15.737,43.695],[15.769,43.696],[15.801,43.682],[15.799,43.671]],[[15.715,43.617],[15.685,43.621],[15.656,43.638],[15.631,43.658],[15.599,43.669],[15.64,43.674],[15.669,43.666],[15.706,43.645],[15.745,43.633],[15.716,43.619],[15.715,43.617]],[[15.583,44.204],[15.552,44.213],[15.526,44.23],[15.498,44.209],[15.519,44.183],[15.548,44.195],[15.581,44.184],[15.583,44.204]],[[16.136,43.408],[16.108,43.43],[16.132,43.455],[16.165,43.459],[16.183,43.434],[16.152,43.433],[16.136,43.408]],[[16.09,43.433],[16.06,43.445],[16.09,43.459],[16.09,43.433]],[[16.399,43.325],[16.365,43.33],[16.331,43.342],[16.302,43.358],[16.273,43.367],[16.244,43.379],[16.212,43.379],[16.191,43.403],[16.267,43.417],[16.302,43.401],[16.336,43.396],[16.362,43.374],[16.384,43.347],[16.399,43.325]],[[16.636,43.254],[16.602,43.259],[16.569,43.266],[16.531,43.267],[16.502,43.276],[16.473,43.292],[16.435,43.305],[16.408,43.336],[16.44,43.351],[16.43,43.381],[16.477,43.391],[16.534,43.387],[16.573,43.387],[16.615,43.383],[16.656,43.379],[16.71,43.37],[16.777,43.362],[16.815,43.354],[16.848,43.342],[16.877,43.329],[16.895,43.297],[16.869,43.279],[16.81,43.266],[16.779,43.258],[16.745,43.263],[16.715,43.259],[16.639,43.258],[16.636,43.254]],[[15.999,42.95],[15.997,42.995],[16.026,42.981],[16.005,42.958],[15.999,42.95]],[[15.74,43.013],[15.77,43.037],[15.743,43.016],[15.74,43.013]],[[16.728,43.079],[16.681,43.08],[16.719,43.099],[16.728,43.079]],[[16.494,42.746],[16.507,42.776],[16.538,42.763],[16.506,42.755],[16.494,42.746]],[[17.749,42.683],[17.719,42.695],[17.688,42.697],[17.656,42.709],[17.61,42.717],[17.556,42.721],[17.525,42.734],[17.494,42.738],[17.46,42.746],[17.41,42.755],[17.377,42.758],[17.344,42.767],[17.317,42.785],[17.346,42.801],[17.381,42.808],[17.41,42.796],[17.444,42.787],[17.477,42.779],[17.51,42.77],[17.556,42.762],[17.594,42.754],[17.644,42.741],[17.674,42.737],[17.702,42.726],[17.735,42.716],[17.758,42.695],[17.749,42.683]],[[18.019,42.658],[17.988,42.672],[18.026,42.674],[18.019,42.658]],[[17.953,42.671],[17.925,42.684],[17.952,42.699],[17.98,42.676],[17.953,42.671]],[[18.761,42.446],[18.763,42.486],[18.7,42.483],[18.687,42.513],[18.658,42.493],[18.69,42.483],[18.719,42.474],[18.761,42.446]],[[18.679,42.458],[18.648,42.445],[18.619,42.437],[18.644,42.416],[18.676,42.408],[18.707,42.408],[18.687,42.436],[18.679,42.458]],[[19.29,40.471],[19.262,40.499],[19.296,40.496],[19.29,40.471]],[[20.719,38.538],[20.701,38.566],[20.72,38.539],[20.719,38.538]],[[20.807,38.579],[20.781,38.603],[20.752,38.62],[20.734,38.648],[20.758,38.666],[20.794,38.678],[20.807,38.651],[20.775,38.637],[20.79,38.608],[20.808,38.583],[20.807,38.579]],[[20.911,38.538],[20.895,38.565],[20.92,38.594],[20.909,38.556],[20.911,38.538]],[[20.807,38.471],[20.816,38.505],[20.824,38.476],[20.807,38.471]],[[20.878,38.575],[20.874,38.61],[20.902,38.649],[20.935,38.651],[20.932,38.616],[20.902,38.608],[20.878,38.575]],[[21.053,38.454],[21.022,38.47],[20.997,38.487],[21.027,38.495],[21.054,38.478],[21.053,38.454]],[[21.107,38.392],[21.083,38.411],[21.108,38.394],[21.107,38.392]],[[21.057,38.346],[21.024,38.366],[21.058,38.353],[21.057,38.346]],[[21.154,38.908],[21.141,38.935],[21.149,38.973],[21.117,39.031],[21.087,39.046],[21.072,39.02],[21.04,39.016],[20.994,39.008],[20.966,39.02],[20.935,39.017],[20.898,39.029],[20.86,39.03],[20.826,39.034],[20.794,39.058],[20.767,39.037],[20.759,39.005],[20.789,38.992],[20.814,38.976],[20.784,38.971],[20.758,38.95],[20.796,38.922],[20.835,38.926],[20.859,38.958],[20.875,38.93],[20.907,38.924],[20.94,38.941],[20.984,38.946],[21.019,38.93],[21.027,38.899],[21.065,38.883],[21.095,38.915],[21.128,38.908],[21.155,38.89],[21.154,38.908]],[[21.361,38.442],[21.343,38.468],[21.324,38.495],[21.322,38.463],[21.361,38.442]],[[23.015,38.175],[22.984,38.176],[23.013,38.186],[23.015,38.175]],[[21.557,37.033],[21.538,37.062],[21.558,37.039],[21.557,37.033]],[[21.694,36.729],[21.692,36.787],[21.723,36.788],[21.709,36.752],[21.694,36.729]],[[21.782,36.696],[21.752,36.712],[21.751,36.744],[21.787,36.749],[21.78,36.71],[21.782,36.696]],[[22.99,36.454],[22.962,36.476],[22.935,36.459],[22.925,36.491],[22.953,36.505],[22.987,36.508],[22.987,36.476],[22.99,36.454]],[[22.936,37.488],[22.909,37.505],[22.938,37.495],[22.936,37.488]],[[23.182,37.213],[23.155,37.227],[23.124,37.241],[23.091,37.274],[23.131,37.283],[23.16,37.267],[23.158,37.236],[23.183,37.214],[23.182,37.213]],[[23.344,37.671],[23.309,37.676],[23.345,37.717],[23.376,37.705],[23.352,37.68],[23.344,37.671]],[[23.486,37.671],[23.451,37.684],[23.42,37.684],[23.462,37.695],[23.444,37.724],[23.422,37.747],[23.444,37.77],[23.48,37.774],[23.51,37.776],[23.556,37.774],[23.558,37.742],[23.535,37.72],[23.525,37.688],[23.494,37.676],[23.486,37.671]],[[23.965,37.642],[23.933,37.649],[23.967,37.651],[23.965,37.642]],[[24.107,37.642],[24.101,37.677],[24.113,37.706],[24.124,37.735],[24.149,37.758],[24.155,37.727],[24.137,37.698],[24.124,37.669],[24.107,37.642]],[[23.961,40.304],[23.919,40.309],[23.888,40.322],[23.91,40.342],[23.94,40.32],[23.971,40.31],[23.961,40.304]],[[13.792,44.896],[13.799,44.927],[13.78,44.952],[13.757,44.983],[13.729,44.995],[13.708,45.02],[13.68,45.044],[13.637,45.063],[13.63,45.093],[13.605,45.115],[13.595,45.144],[13.585,45.174],[13.584,45.206],[13.591,45.244],[13.579,45.273],[13.571,45.302],[13.6,45.317],[13.555,45.313],[13.538,45.353],[13.53,45.385],[13.512,45.416],[13.512,45.448],[13.496,45.476],[13.507,45.509],[13.54,45.499],[13.573,45.484],[13.601,45.472],[13.583,45.503],[13.563,45.527],[13.599,45.529],[13.64,45.537],[13.677,45.546],[13.713,45.551],[13.74,45.567],[13.71,45.584],[13.727,45.609],[13.76,45.609],[13.742,45.639],[13.758,45.665],[13.731,45.695],[13.702,45.713],[13.673,45.737],[13.631,45.766],[13.594,45.771],[13.561,45.774],[13.526,45.766],[13.545,45.733],[13.519,45.716],[13.477,45.704],[13.448,45.687],[13.394,45.674],[13.36,45.679],[13.323,45.684],[13.29,45.701],[13.249,45.709],[13.272,45.733],[13.304,45.734],[13.338,45.718],[13.355,45.693],[13.355,45.723],[13.329,45.742],[13.293,45.746],[13.246,45.75],[13.221,45.771],[13.225,45.802],[13.212,45.832],[13.195,45.869],[13.183,45.899],[13.195,45.927],[13.187,45.962],[13.206,45.995],[13.224,46.027],[13.221,46.062],[13.237,46.09],[13.225,46.152],[13.225,46.188],[13.217,46.224],[13.2,46.265],[13.183,46.296],[13.237,46.301],[13.251,46.327],[13.29,46.329],[13.321,46.325],[13.367,46.338],[13.402,46.329],[13.438,46.324],[13.442,46.358],[13.472,46.358],[13.517,46.375],[13.544,46.391],[13.579,46.41],[13.594,46.437],[13.648,46.442],[13.679,46.438],[13.715,46.426],[13.745,46.437],[13.777,46.42],[13.804,46.402],[13.824,46.377],[13.794,46.354],[13.765,46.338],[13.741,46.309],[13.735,46.28],[13.76,46.263],[13.789,46.251],[13.842,46.242],[13.877,46.23],[13.912,46.229],[13.944,46.234],[13.978,46.242],[13.999,46.205],[13.98,46.181],[14.007,46.167],[14.037,46.176],[14.075,46.167],[14.056,46.138],[14.025,46.132],[13.999,46.097],[14.023,46.076],[14.054,46.07],[14.055,46.039],[14.06,46.005],[14.09,45.991],[14.116,45.973],[14.087,45.956],[14.056,45.951],[14.029,45.927],[14.052,45.905],[14.082,45.891],[14.113,45.879],[14.148,45.874],[14.179,45.85],[14.211,45.845],[14.224,45.816],[14.246,45.794],[14.267,45.771],[14.294,45.758],[14.324,45.749],[14.324,45.719],[14.34,45.691],[14.369,45.683],[14.371,45.652],[14.367,45.613],[14.403,45.599],[14.437,45.591],[14.463,45.576],[14.479,45.55],[14.475,45.517],[14.5,45.5],[14.53,45.497],[14.555,45.477],[14.575,45.454],[14.595,45.419],[14.621,45.396],[14.648,45.367],[14.677,45.354],[14.707,45.346],[14.744,45.345],[14.771,45.329],[14.788,45.304],[14.805,45.28],[14.836,45.266],[14.87,45.249],[14.883,45.221],[14.917,45.217],[14.946,45.225],[14.975,45.215],[15.015,45.208],[15.05,45.213],[15.088,45.2],[15.123,45.179],[15.148,45.155],[15.173,45.125],[15.2,45.102],[15.233,45.077],[15.27,45.058],[15.296,45.042],[15.324,45.026],[15.361,45.02],[15.383,45.0],[15.404,44.975],[15.429,44.957],[15.441,44.918],[15.46,44.892],[15.485,44.867],[15.525,44.879],[15.55,44.852],[15.564,44.821],[15.596,44.817],[15.625,44.8],[15.661,44.804],[15.698,44.792],[15.731,44.808],[15.758,44.786],[15.779,44.758],[15.808,44.741],[15.831,44.713],[15.855,44.693],[15.853,44.659],[15.838,44.631],[15.838,44.592],[15.873,44.583],[15.889,44.546],[15.911,44.525],[15.919,44.495],[15.971,44.504],[15.999,44.486],[16.004,44.439],[16.016,44.411],[16.009,44.38],[16.004,44.35],[16.035,44.33],[16.066,44.329],[16.08,44.301],[16.106,44.276],[16.139,44.287],[16.163,44.32],[16.212,44.316],[16.242,44.3],[16.273,44.308],[16.297,44.328],[16.343,44.309],[16.373,44.292],[16.402,44.276],[16.444,44.266],[16.47,44.248],[16.499,44.233],[16.527,44.221],[16.552,44.204],[16.579,44.182],[16.607,44.159],[16.639,44.15],[16.677,44.125],[16.703,44.107],[16.728,44.091],[16.742,44.059],[16.734,44.03],[16.766,44.016],[16.791,43.995],[16.821,44.0],[16.838,43.972],[16.863,43.95],[16.896,43.963],[16.923,43.95],[16.942,43.925],[16.955,43.898],[16.988,43.879],[17.022,43.87],[17.047,43.891],[17.05,43.933],[17.018,43.955],[16.998,43.987],[16.979,44.011],[16.97,44.041],[17.002,44.055],[17.03,44.038],[17.062,44.019],[17.092,44.025],[17.084,44.06],[17.075,44.093],[17.102,44.108],[17.132,44.112],[17.168,44.096],[17.193,44.075],[17.227,44.055],[17.256,44.045],[17.271,44.018],[17.302,44.012],[17.329,43.981],[17.338,43.938],[17.391,43.929],[17.414,43.905],[17.448,43.896],[17.473,43.88],[17.507,43.87],[17.542,43.875],[17.568,43.855],[17.607,43.85],[17.639,43.85],[17.677,43.841],[17.708,43.824],[17.726,43.858],[17.756,43.862],[17.792,43.867],[17.817,43.883],[17.842,43.9],[17.874,43.895],[17.888,43.863],[17.909,43.84],[17.925,43.813],[17.952,43.796],[17.981,43.788],[18.012,43.785],[18.037,43.752],[18.063,43.731],[18.081,43.705],[18.111,43.7],[18.145,43.705],[18.174,43.692],[18.208,43.704],[18.246,43.704],[18.291,43.695],[18.305,43.669],[18.321,43.639],[18.346,43.618],[18.36,43.588],[18.371,43.556],[18.401,43.551],[18.438,43.546],[18.473,43.545],[18.503,43.537],[18.512,43.506],[18.531,43.471],[18.562,43.457],[18.54,43.434],[18.506,43.429],[18.475,43.416],[18.48,43.386],[18.511,43.374],[18.521,43.343],[18.549,43.328],[18.57,43.302],[18.563,43.263],[18.599,43.253],[18.62,43.223],[18.652,43.208],[18.681,43.192],[18.679,43.156],[18.702,43.121],[18.731,43.1],[18.76,43.092],[18.765,43.059],[18.779,43.027],[18.798,43.004],[18.825,42.983],[18.854,42.992],[18.885,42.988],[18.91,42.971],[18.957,42.962],[18.995,42.954],[19.021,42.933],[19.047,42.917],[19.086,42.891],[19.123,42.891],[19.151,42.859],[19.178,42.845],[19.215,42.841],[19.225,42.879],[19.251,42.903],[19.281,42.905],[19.31,42.892],[19.344,42.884],[19.385,42.855],[19.415,42.845],[19.426,42.809],[19.462,42.791],[19.481,42.763],[19.513,42.758],[19.497,42.728],[19.496,42.694],[19.505,42.652],[19.531,42.63],[19.558,42.615],[19.574,42.59],[19.554,42.563],[19.581,42.546],[19.616,42.545],[19.644,42.566],[19.677,42.57],[19.702,42.551],[19.717,42.508],[19.745,42.498],[19.755,42.469],[19.786,42.45],[19.82,42.452],[19.838,42.478],[19.874,42.488],[19.904,42.508],[19.936,42.517],[20.002,42.512],[20.017,42.545],[20.053,42.555],[20.083,42.558],[20.087,42.59],[20.075,42.621],[20.044,42.633],[20.015,42.658],[20.003,42.691],[19.973,42.708],[19.988,42.738],[20.009,42.762],[20.044,42.774],[20.077,42.775],[20.11,42.763],[20.14,42.758],[20.173,42.758],[20.203,42.755],[20.237,42.754],[20.216,42.778],[20.242,42.799],[20.269,42.817],[20.306,42.82],[20.342,42.833],[20.374,42.834],[20.415,42.845],[20.448,42.834],[20.477,42.845],[20.511,42.855],[20.541,42.868],[20.556,42.895],[20.586,42.887],[20.617,42.896],[20.663,42.9],[20.691,42.888],[20.728,42.887],[20.754,42.861],[20.77,42.835],[20.792,42.809],[20.818,42.792],[20.837,42.769],[20.824,42.738],[20.798,42.72],[20.777,42.696],[20.766,42.665],[20.798,42.646],[20.82,42.619],[20.819,42.588],[20.823,42.555],[20.851,42.539],[20.863,42.509],[20.866,42.477],[20.888,42.438],[20.919,42.426],[20.949,42.428],[20.946,42.372],[20.973,42.355],[21.023,42.376],[21.073,42.376],[21.123,42.383],[21.156,42.374],[21.184,42.387],[21.208,42.365],[21.22,42.334],[21.241,42.312],[21.262,42.29],[21.287,42.265],[21.312,42.241],[21.329,42.215],[21.36,42.192],[21.402,42.18],[21.4,42.211],[21.435,42.237],[21.473,42.238],[21.517,42.254],[21.548,42.249],[21.583,42.254],[21.594,42.284],[21.623,42.292],[21.661,42.296],[21.695,42.295],[21.72,42.273],[21.753,42.262],[21.77,42.289],[21.792,42.323],[21.796,42.357],[21.828,42.366],[21.848,42.342],[21.883,42.343],[21.911,42.355],[21.938,42.378],[21.958,42.406],[21.99,42.408],[22.013,42.427],[22.03,42.452],[22.053,42.476],[22.09,42.47],[22.117,42.454],[22.15,42.441],[22.185,42.454],[22.209,42.479],[22.213,42.521],[22.234,42.557],[22.256,42.583],[22.276,42.613],[22.306,42.605],[22.327,42.629],[22.351,42.649],[22.371,42.673],[22.408,42.692],[22.452,42.7],[22.488,42.72],[22.519,42.733],[22.556,42.717],[22.586,42.724],[22.628,42.708],[22.651,42.729],[22.686,42.721],[22.709,42.745],[22.752,42.73],[22.787,42.729],[22.808,42.75],[22.812,42.781],[22.8,42.811],[22.827,42.829],[22.856,42.816],[22.881,42.796],[22.913,42.792],[22.94,42.775],[22.966,42.752],[22.98,42.722],[23.015,42.717],[23.052,42.713],[23.071,42.685],[23.111,42.666],[23.141,42.67],[23.167,42.646],[23.184,42.606],[23.212,42.587],[23.239,42.571],[23.279,42.563],[23.296,42.538],[23.264,42.525],[23.251,42.494],[23.237,42.464],[23.249,42.436],[23.251,42.405],[23.282,42.391],[23.31,42.363],[23.335,42.345],[23.363,42.328],[23.346,42.3],[23.337,42.269],[23.355,42.242],[23.338,42.211],[23.317,42.175],[23.373,42.171],[23.415,42.18],[23.448,42.187],[23.456,42.155],[23.485,42.146],[23.52,42.141],[23.5,42.107],[23.536,42.087],[23.571,42.092],[23.584,42.127],[23.588,42.158],[23.603,42.192],[23.617,42.234],[23.617,42.277],[23.634,42.315],[23.646,42.348],[23.654,42.381],[23.655,42.415],[23.654,42.448],[23.642,42.477],[23.618,42.497],[23.631,42.524],[23.66,42.533],[23.703,42.551],[23.731,42.562],[23.773,42.549],[23.802,42.537],[23.842,42.55],[23.879,42.554],[23.892,42.586],[23.877,42.616],[23.866,42.648],[23.876,42.681],[23.892,42.707],[23.899,42.738],[23.899,42.77],[23.935,42.763],[23.982,42.754],[24.015,42.737],[24.047,42.733],[24.076,42.757],[24.115,42.767],[24.148,42.775],[24.182,42.766],[24.223,42.763],[24.257,42.775],[24.289,42.771],[24.323,42.762],[24.365,42.754],[24.402,42.754],[24.438,42.75],[24.469,42.751],[24.484,42.782],[24.519,42.791],[24.556,42.788],[24.59,42.783],[24.62,42.78],[24.645,42.761],[24.669,42.737],[24.706,42.72],[24.736,42.713],[24.771,42.713],[24.802,42.725],[24.836,42.729],[24.867,42.721],[24.915,42.717],[24.944,42.725],[24.975,42.735],[25.0,42.754],[25.036,42.758],[25.055,42.73],[25.077,42.751],[25.111,42.762],[25.148,42.767],[25.177,42.783],[25.231,42.755],[25.265,42.759],[25.311,42.755],[25.348,42.742],[25.385,42.741],[25.422,42.733],[25.438,42.763],[25.469,42.762],[25.5,42.746],[25.529,42.763],[25.567,42.771],[25.598,42.78],[25.636,42.784],[25.669,42.791],[25.695,42.809],[25.722,42.792],[25.752,42.791],[25.798,42.783],[25.831,42.775],[25.881,42.784],[25.913,42.788],[25.957,42.787],[25.994,42.792],[26.027,42.796],[26.082,42.813],[26.111,42.82],[26.143,42.816],[26.186,42.82],[26.217,42.821],[26.244,42.803],[26.273,42.792],[26.307,42.787],[26.326,42.759],[26.356,42.747],[26.394,42.755],[26.427,42.741],[26.469,42.742],[26.511,42.746],[26.55,42.754],[26.581,42.758],[26.623,42.759],[26.652,42.767],[26.687,42.776],[26.723,42.788],[26.767,42.804],[26.78,42.832],[26.827,42.842],[26.855,42.83],[26.877,42.808],[26.927,42.799],[26.961,42.8],[26.992,42.804],[27.027,42.795],[27.077,42.787],[27.083,42.752],[27.084,42.705],[27.12,42.695],[27.104,42.668],[27.088,42.642],[27.048,42.625],[27.002,42.63],[26.969,42.625],[26.945,42.598],[26.933,42.569],[26.905,42.549],[26.899,42.519],[26.848,42.499],[26.8,42.496],[26.76,42.491],[26.74,42.467],[26.737,42.431],[26.76,42.409],[26.776,42.377],[26.788,42.348],[26.792,42.318],[26.788,42.288],[26.812,42.261],[26.838,42.239],[26.87,42.22],[26.906,42.216],[26.94,42.216],[26.975,42.213],[26.963,42.173],[26.954,42.135],[26.987,42.102],[27.011,42.079],[27.056,42.084],[27.098,42.087],[27.127,42.071],[27.157,42.066],[27.154,42.035],[27.185,42.0],[27.188,41.968],[27.211,41.92],[27.242,41.925],[27.271,41.938],[27.296,41.902],[27.321,41.879],[27.35,41.892],[27.394,41.908],[27.429,41.877],[27.456,41.862],[27.481,41.838],[27.512,41.823],[27.556,41.808],[27.585,41.796],[27.611,41.779],[27.644,41.771],[27.671,41.758],[27.706,41.742],[27.721,41.708],[27.729,41.675],[27.746,41.639],[27.773,41.613],[27.802,41.601],[27.842,41.588],[27.87,41.57],[27.906,41.559],[27.94,41.554],[27.974,41.551],[27.989,41.521],[28.016,41.506],[28.048,41.504],[28.077,41.492],[28.116,41.465],[28.105,41.427],[28.1,41.388],[28.127,41.367],[28.165,41.358],[28.195,41.363],[28.204,41.333],[28.191,41.3],[28.17,41.259],[28.185,41.233],[28.219,41.245],[28.252,41.245],[28.282,41.263],[28.297,41.291],[28.333,41.296],[28.369,41.292],[28.399,41.287],[28.431,41.259],[28.455,41.278],[28.485,41.284],[28.515,41.274],[28.553,41.258],[28.588,41.25],[28.623,41.283],[28.652,41.275],[28.688,41.263],[28.717,41.275],[28.752,41.259],[28.782,41.257],[28.841,41.254],[28.881,41.237],[28.927,41.229],[28.965,41.216],[28.988,41.192],[29.008,41.156],[29.025,41.108],[29.057,41.108],[29.051,41.078],[29.033,41.047],[29.002,41.037],[28.99,41.009],[28.939,40.999],[28.911,40.98],[28.876,40.966],[28.845,40.959],[28.81,40.955],[28.781,40.971],[28.748,40.974],[28.714,40.967],[28.681,40.962],[28.648,40.962],[28.614,40.959],[28.595,41.011],[28.561,41.009],[28.541,40.983],[28.51,40.996],[28.477,41.016],[28.444,41.03],[28.415,41.041],[28.381,41.049],[28.31,41.055],[28.252,41.063],[28.224,41.076],[28.162,41.071],[28.127,41.059],[28.089,41.058],[28.061,41.046],[28.032,41.038],[28.002,41.025],[27.988,40.998],[27.963,40.979],[27.93,40.963],[27.898,40.963],[27.864,40.967],[27.84,40.991],[27.81,40.996],[27.773,41.009],[27.738,41.013],[27.705,40.999],[27.673,40.999],[27.631,40.991],[27.589,40.983],[27.556,40.976],[27.519,40.974],[27.496,40.952],[27.483,40.923],[27.465,40.892],[27.462,40.852],[27.435,40.826],[27.406,40.812],[27.382,40.792],[27.352,40.767],[27.334,40.74],[27.313,40.706],[27.285,40.687],[27.244,40.659],[27.21,40.649],[27.184,40.631],[27.156,40.617],[27.127,40.609],[27.069,40.604],[27.04,40.592],[27.006,40.567],[26.973,40.554],[26.94,40.545],[26.91,40.537],[26.881,40.524],[26.848,40.508],[26.806,40.495],[26.769,40.483],[26.74,40.474],[26.715,40.455],[26.701,40.427],[26.679,40.402],[26.65,40.405],[26.629,40.379],[26.624,40.347],[26.597,40.328],[26.57,40.305],[26.535,40.295],[26.506,40.28],[26.485,40.258],[26.46,40.238],[26.43,40.228],[26.402,40.216],[26.363,40.199],[26.374,40.169],[26.379,40.139],[26.331,40.105],[26.306,40.088],[26.277,40.076],[26.244,40.059],[26.216,40.045],[26.185,40.041],[26.18,40.073],[26.208,40.106],[26.221,40.135],[26.238,40.161],[26.259,40.185],[26.274,40.214],[26.279,40.252],[26.252,40.274],[26.246,40.305],[26.213,40.313],[26.24,40.334],[26.285,40.351],[26.31,40.37],[26.348,40.383],[26.377,40.399],[26.41,40.413],[26.44,40.437],[26.481,40.446],[26.51,40.462],[26.54,40.476],[26.573,40.491],[26.61,40.505],[26.644,40.509],[26.702,40.513],[26.721,40.545],[26.749,40.563],[26.777,40.551],[26.81,40.57],[26.836,40.587],[26.83,40.619],[26.81,40.646],[26.77,40.655],[26.714,40.641],[26.681,40.637],[26.648,40.637],[26.606,40.633],[26.569,40.609],[26.541,40.592],[26.506,40.595],[26.477,40.609],[26.444,40.612],[26.415,40.596],[26.381,40.605],[26.348,40.6],[26.31,40.591],[26.26,40.592],[26.198,40.596],[26.168,40.591],[26.132,40.592],[26.102,40.6],[26.063,40.627],[26.062,40.677],[26.049,40.711],[26.024,40.735],[26.033,40.775],[26.001,40.798],[25.982,40.825],[25.952,40.838],[25.911,40.846],[25.881,40.838],[25.852,40.845],[25.819,40.849],[25.774,40.851],[25.735,40.845],[25.698,40.846],[25.656,40.855],[25.61,40.863],[25.577,40.862],[25.544,40.859],[25.505,40.871],[25.477,40.887],[25.444,40.896],[25.394,40.905],[25.366,40.923],[25.338,40.938],[25.298,40.941],[25.27,40.922],[25.235,40.934],[25.191,40.942],[25.16,40.949],[25.127,40.955],[25.14,40.983],[25.114,41.0],[25.077,41.005],[25.048,40.991],[25.023,40.97],[25.001,40.948],[24.976,40.924],[24.939,40.929],[24.91,40.92],[24.879,40.908],[24.848,40.88],[24.811,40.85],[24.777,40.854],[24.731,40.854],[24.698,40.851],[24.656,40.87],[24.626,40.859],[24.598,40.895],[24.567,40.923],[24.554,40.95],[24.523,40.958],[24.489,40.954],[24.448,40.942],[24.417,40.929],[24.388,40.92],[24.36,40.896],[24.331,40.88],[24.333,40.842],[24.315,40.813],[24.28,40.808],[24.252,40.792],[24.223,40.779],[24.194,40.766],[24.164,40.749],[24.123,40.733],[24.081,40.72],[24.044,40.717],[24.014,40.726],[23.977,40.734],[23.948,40.745],[23.919,40.754],[23.889,40.767],[23.855,40.776],[23.823,40.775],[23.793,40.77],[23.743,40.754],[23.717,40.727],[23.7,40.698],[23.706,40.667],[23.74,40.659],[23.766,40.637],[23.784,40.597],[23.821,40.583],[23.86,40.562],[23.894,40.559],[23.921,40.536],[23.898,40.517],[23.834,40.516],[23.821,40.485],[23.833,40.456],[23.855,40.425],[23.885,40.401],[23.915,40.391],[23.956,40.384],[23.998,40.384],[23.996,40.415],[23.994,40.446],[24.024,40.431],[24.033,40.401],[24.06,40.379],[24.09,40.37],[24.119,40.363],[24.152,40.359],[24.181,40.351],[24.198,40.321],[24.235,40.32],[24.26,40.296],[24.28,40.269],[24.298,40.242],[24.327,40.226],[24.352,40.205],[24.387,40.185],[24.401,40.159],[24.381,40.133],[24.34,40.124],[24.3,40.113],[24.287,40.144],[24.265,40.17],[24.235,40.184],[24.217,40.21],[24.198,40.237],[24.174,40.26],[24.152,40.283],[24.121,40.288],[24.085,40.284],[24.035,40.292],[24.006,40.309],[23.971,40.331],[23.948,40.351],[23.902,40.362],[23.871,40.367],[23.84,40.363],[23.81,40.354],[23.784,40.333],[23.756,40.345],[23.725,40.329],[23.701,40.31],[23.704,40.277],[23.729,40.253],[23.758,40.236],[23.768,40.205],[23.798,40.192],[23.827,40.184],[23.869,40.174],[23.898,40.163],[23.927,40.151],[23.956,40.134],[23.99,40.117],[23.984,40.08],[24.013,40.059],[23.988,40.043],[24.02,40.04],[24.024,40.005],[23.991,39.986],[24.001,39.954],[23.971,39.946],[23.935,39.937],[23.901,39.959],[23.89,39.988],[23.863,40.006],[23.835,40.021],[23.804,40.019],[23.794,40.054],[23.79,40.087],[23.77,40.115],[23.744,40.134],[23.724,40.162],[23.694,40.191],[23.669,40.212],[23.573,40.226],[23.531,40.234],[23.502,40.25],[23.46,40.259],[23.431,40.271],[23.398,40.275],[23.373,40.259],[23.342,40.227],[23.349,40.186],[23.359,40.155],[23.398,40.141],[23.433,40.115],[23.449,40.086],[23.468,40.059],[23.494,40.038],[23.523,40.024],[23.552,40.013],[23.581,40.004],[23.615,39.995],[23.648,39.987],[23.679,39.978],[23.691,39.948],[23.723,39.934],[23.755,39.921],[23.727,39.909],[23.694,39.912],[23.635,39.913],[23.598,39.917],[23.56,39.93],[23.531,39.942],[23.502,39.955],[23.435,39.966],[23.385,39.959],[23.355,39.95],[23.37,39.977],[23.379,40.006],[23.358,40.037],[23.341,40.062],[23.313,40.076],[23.305,40.106],[23.316,40.137],[23.321,40.169],[23.317,40.202],[23.298,40.233],[23.269,40.241],[23.24,40.25],[23.193,40.255],[23.154,40.271],[23.119,40.291],[23.085,40.301],[23.056,40.309],[23.017,40.322],[23.002,40.349],[22.973,40.367],[22.912,40.38],[22.884,40.415],[22.862,40.448],[22.823,40.471],[22.817,40.502],[22.854,40.509],[22.896,40.504],[22.931,40.513],[22.965,40.533],[22.948,40.57],[22.946,40.611],[22.906,40.634],[22.868,40.633],[22.858,40.589],[22.827,40.576],[22.8,40.558],[22.771,40.567],[22.751,40.544],[22.753,40.512],[22.723,40.496],[22.693,40.517],[22.659,40.52],[22.671,40.489],[22.648,40.467],[22.618,40.48],[22.591,40.463],[22.609,40.427],[22.621,40.388],[22.648,40.374],[22.651,40.344],[22.632,40.318],[22.605,40.281],[22.595,40.252],[22.588,40.223],[22.569,40.184],[22.554,40.152],[22.559,40.118],[22.571,40.06],[22.592,40.023],[22.614,40.001],[22.644,39.984],[22.673,39.974],[22.702,39.959],[22.721,39.934],[22.724,39.898],[22.744,39.867],[22.774,39.857],[22.804,39.831],[22.831,39.812],[22.858,39.794],[22.863,39.756],[22.871,39.723],[22.884,39.694],[22.895,39.665],[22.908,39.636],[22.917,39.606],[22.937,39.581],[22.965,39.566],[23.007,39.554],[23.057,39.529],[23.085,39.509],[23.109,39.485],[23.127,39.455],[23.154,39.437],[23.177,39.409],[23.204,39.386],[23.231,39.351],[23.262,39.337],[23.28,39.297],[23.295,39.27],[23.32,39.248],[23.338,39.222],[23.355,39.188],[23.331,39.155],[23.306,39.138],[23.269,39.137],[23.212,39.124],[23.207,39.091],[23.173,39.099],[23.134,39.091],[23.104,39.088],[23.073,39.084],[23.051,39.108],[23.067,39.14],[23.068,39.172],[23.099,39.151],[23.119,39.125],[23.156,39.133],[23.183,39.163],[23.211,39.174],[23.194,39.203],[23.174,39.227],[23.169,39.258],[23.135,39.291],[23.104,39.309],[23.069,39.312],[23.017,39.313],[22.988,39.351],[22.956,39.351],[22.929,39.322],[22.951,39.301],[22.906,39.291],[22.873,39.287],[22.835,39.279],[22.817,39.246],[22.825,39.215],[22.841,39.181],[22.854,39.154],[22.87,39.181],[22.903,39.179],[22.917,39.131],[22.962,39.124],[22.984,39.1],[23.004,39.064],[22.999,39.034],[22.962,39.028],[22.994,39.02],[23.027,39.037],[23.07,39.041],[23.058,39.013],[23.017,38.999],[23.002,38.97],[22.987,38.941],[22.952,38.938],[22.923,38.92],[22.889,38.917],[22.855,38.924],[22.841,38.893],[22.806,38.883],[22.775,38.879],[22.744,38.87],[22.709,38.884],[22.669,38.88],[22.644,38.904],[22.606,38.908],[22.581,38.888],[22.554,38.87],[22.584,38.866],[22.563,38.839],[22.592,38.83],[22.623,38.837],[22.654,38.838],[22.695,38.855],[22.719,38.826],[22.754,38.798],[22.781,38.78],[22.814,38.787],[22.844,38.774],[22.874,38.759],[22.899,38.78],[22.928,38.77],[22.956,38.751],[23.019,38.751],[23.049,38.744],[23.067,38.719],[23.067,38.679],[23.088,38.647],[23.119,38.646],[23.187,38.651],[23.162,38.674],[23.191,38.684],[23.219,38.67],[23.244,38.651],[23.298,38.649],[23.342,38.622],[23.323,38.588],[23.295,38.572],[23.322,38.555],[23.352,38.538],[23.378,38.522],[23.334,38.516],[23.366,38.513],[23.408,38.512],[23.441,38.505],[23.483,38.487],[23.517,38.485],[23.534,38.513],[23.569,38.497],[23.592,38.475],[23.571,38.451],[23.595,38.469],[23.625,38.481],[23.626,38.514],[23.616,38.549],[23.569,38.571],[23.537,38.58],[23.505,38.588],[23.495,38.623],[23.469,38.642],[23.441,38.665],[23.419,38.687],[23.385,38.696],[23.352,38.724],[23.329,38.748],[23.302,38.766],[23.273,38.776],[23.248,38.795],[23.22,38.816],[23.194,38.833],[23.165,38.841],[23.133,38.851],[23.102,38.838],[23.069,38.842],[23.038,38.855],[22.985,38.88],[22.955,38.882],[22.986,38.874],[22.977,38.842],[22.908,38.833],[22.873,38.833],[22.83,38.824],[22.845,38.864],[22.873,38.879],[22.906,38.887],[22.939,38.899],[22.973,38.905],[23.006,38.913],[23.032,38.93],[23.063,38.946],[23.088,38.965],[23.106,38.992],[23.131,39.012],[23.165,39.013],[23.207,39.009],[23.252,39.026],[23.279,39.042],[23.319,39.041],[23.348,39.02],[23.379,39.006],[23.376,38.975],[23.406,38.962],[23.434,38.944],[23.43,38.901],[23.442,38.873],[23.47,38.84],[23.502,38.829],[23.527,38.812],[23.556,38.799],[23.585,38.788],[23.615,38.767],[23.649,38.763],[23.681,38.755],[23.71,38.767],[23.741,38.735],[23.759,38.709],[23.794,38.704],[23.827,38.688],[23.862,38.674],[23.895,38.684],[23.927,38.671],[23.965,38.667],[24.002,38.683],[24.045,38.692],[24.081,38.683],[24.136,38.67],[24.157,38.642],[24.129,38.619],[24.137,38.585],[24.162,38.569],[24.194,38.551],[24.219,38.534],[24.212,38.501],[24.192,38.477],[24.192,38.442],[24.209,38.415],[24.205,38.384],[24.217,38.356],[24.226,38.325],[24.248,38.301],[24.259,38.256],[24.262,38.223],[24.285,38.201],[24.323,38.188],[24.348,38.162],[24.39,38.167],[24.423,38.154],[24.454,38.145],[24.487,38.151],[24.56,38.146],[24.587,38.163],[24.588,38.131],[24.579,38.1],[24.592,38.07],[24.587,38.035],[24.574,38.002],[24.556,37.976],[24.527,37.955],[24.494,37.947],[24.472,37.973],[24.448,38.003],[24.406,38.008],[24.404,37.972],[24.372,37.959],[24.347,37.976],[24.333,38.003],[24.308,38.019],[24.312,38.052],[24.284,38.068],[24.258,38.092],[24.218,38.087],[24.205,38.119],[24.174,38.13],[24.194,38.153],[24.192,38.19],[24.173,38.217],[24.143,38.209],[24.115,38.22],[24.137,38.243],[24.155,38.27],[24.125,38.251],[24.096,38.273],[24.108,38.302],[24.076,38.316],[24.027,38.321],[24.052,38.341],[24.049,38.373],[24.016,38.387],[23.981,38.392],[23.945,38.388],[23.891,38.383],[23.856,38.399],[23.824,38.405],[23.803,38.38],[23.769,38.391],[23.736,38.399],[23.678,38.409],[23.647,38.396],[23.63,38.423],[23.613,38.448],[23.619,38.417],[23.633,38.39],[23.651,38.359],[23.681,38.342],[23.715,38.338],[23.75,38.338],[23.783,38.331],[23.815,38.326],[23.844,38.313],[23.877,38.305],[23.919,38.299],[23.948,38.288],[23.977,38.267],[24.002,38.249],[24.031,38.226],[24.056,38.209],[24.064,38.179],[24.065,38.147],[24.035,38.138],[24.002,38.121],[23.984,38.093],[24.005,38.068],[24.005,38.035],[24.028,38.012],[24.012,37.982],[24.017,37.952],[24.031,37.924],[24.046,37.898],[24.021,37.879],[24.051,37.886],[24.062,37.856],[24.062,37.826],[24.088,37.797],[24.083,37.743],[24.07,37.715],[24.074,37.68],[24.043,37.666],[24.013,37.654],[23.977,37.658],[23.938,37.667],[23.934,37.698],[23.908,37.717],[23.899,37.774],[23.873,37.791],[23.84,37.812],[23.805,37.817],[23.785,37.795],[23.754,37.813],[23.749,37.85],[23.721,37.876],[23.712,37.907],[23.685,37.924],[23.656,37.933],[23.626,37.926],[23.602,37.945],[23.569,37.958],[23.552,37.984],[23.587,38.001],[23.592,38.033],[23.56,38.037],[23.526,38.042],[23.499,38.026],[23.469,38.024],[23.44,38.009],[23.456,37.983],[23.479,38.005],[23.51,38.001],[23.546,37.999],[23.534,37.967],[23.58,37.949],[23.541,37.936],[23.527,37.909],[23.5,37.891],[23.469,37.88],[23.438,37.877],[23.41,37.891],[23.405,37.934],[23.435,37.933],[23.465,37.925],[23.488,37.953],[23.44,37.951],[23.41,37.962],[23.366,37.97],[23.329,37.976],[23.298,37.97],[23.246,37.976],[23.21,37.959],[23.173,37.949],[23.147,37.929],[23.115,37.916],[23.065,37.912],[23.025,37.916],[23.002,37.884],[23.016,37.845],[23.052,37.849],[23.086,37.846],[23.119,37.849],[23.147,37.83],[23.173,37.809],[23.184,37.78],[23.152,37.755],[23.12,37.751],[23.144,37.726],[23.173,37.717],[23.159,37.681],[23.17,37.652],[23.158,37.622],[23.19,37.605],[23.219,37.592],[23.252,37.58],[23.277,37.558],[23.307,37.549],[23.344,37.538],[23.355,37.569],[23.334,37.594],[23.305,37.609],[23.335,37.634],[23.399,37.641],[23.417,37.617],[23.407,37.588],[23.391,37.559],[23.417,37.536],[23.395,37.513],[23.438,37.508],[23.466,37.534],[23.487,37.562],[23.503,37.537],[23.525,37.513],[23.485,37.501],[23.503,37.474],[23.524,37.452],[23.506,37.424],[23.465,37.416],[23.431,37.412],[23.402,37.405],[23.369,37.409],[23.335,37.412],[23.311,37.391],[23.28,37.397],[23.255,37.379],[23.278,37.353],[23.215,37.341],[23.185,37.329],[23.208,37.307],[23.182,37.284],[23.152,37.295],[23.127,37.313],[23.108,37.337],[23.062,37.351],[23.072,37.38],[23.107,37.4],[23.128,37.43],[23.094,37.451],[23.054,37.449],[23.045,37.479],[23.014,37.466],[22.988,37.49],[22.973,37.516],[22.935,37.517],[22.906,37.529],[22.869,37.524],[22.84,37.517],[22.82,37.546],[22.791,37.569],[22.76,37.587],[22.73,37.574],[22.726,37.544],[22.741,37.506],[22.748,37.467],[22.754,37.438],[22.759,37.406],[22.78,37.381],[22.804,37.356],[22.825,37.328],[22.84,37.296],[22.862,37.274],[22.878,37.245],[22.895,37.219],[22.917,37.189],[22.9,37.163],[22.897,37.126],[22.924,37.113],[22.954,37.121],[22.97,37.094],[22.983,37.056],[23.009,37.026],[23.008,36.98],[23.021,36.946],[23.033,36.915],[23.042,36.885],[23.049,36.855],[23.073,36.833],[23.088,36.806],[23.106,36.78],[23.091,36.752],[23.063,36.734],[23.03,36.727],[23.038,36.696],[23.033,36.665],[23.037,36.631],[23.062,36.606],[23.081,36.58],[23.11,36.566],[23.138,36.547],[23.146,36.517],[23.156,36.488],[23.181,36.47],[23.203,36.433],[23.173,36.437],[23.134,36.424],[23.101,36.442],[23.062,36.47],[23.052,36.512],[23.002,36.524],[22.968,36.516],[22.953,36.549],[22.938,36.577],[22.911,36.601],[22.876,36.619],[22.874,36.657],[22.849,36.679],[22.824,36.654],[22.805,36.686],[22.816,36.723],[22.796,36.748],[22.791,36.781],[22.759,36.801],[22.688,36.804],[22.622,36.804],[22.584,36.787],[22.572,36.759],[22.56,36.729],[22.529,36.711],[22.541,36.683],[22.559,36.655],[22.519,36.663],[22.528,36.632],[22.519,36.603],[22.49,36.616],[22.48,36.577],[22.483,36.544],[22.491,36.51],[22.508,36.469],[22.497,36.431],[22.498,36.397],[22.467,36.401],[22.459,36.435],[22.435,36.455],[22.406,36.474],[22.373,36.474],[22.351,36.498],[22.341,36.528],[22.363,36.549],[22.384,36.574],[22.363,36.597],[22.362,36.641],[22.358,36.671],[22.384,36.693],[22.352,36.692],[22.334,36.719],[22.32,36.748],[22.299,36.771],[22.295,36.806],[22.274,36.832],[22.248,36.855],[22.229,36.885],[22.199,36.901],[22.17,36.887],[22.144,36.901],[22.129,36.927],[22.142,36.954],[22.15,36.985],[22.148,37.016],[22.113,37.021],[22.04,37.025],[22.01,37.016],[21.982,37.005],[21.952,36.992],[21.929,36.967],[21.937,36.923],[21.929,36.89],[21.93,36.848],[21.941,36.815],[21.971,36.793],[21.942,36.782],[21.922,36.753],[21.894,36.73],[21.866,36.741],[21.841,36.76],[21.821,36.785],[21.794,36.801],[21.766,36.784],[21.74,36.8],[21.71,36.817],[21.688,36.839],[21.68,36.873],[21.687,36.906],[21.709,36.945],[21.674,36.955],[21.679,36.923],[21.65,36.948],[21.655,36.982],[21.636,37.008],[21.609,37.023],[21.584,37.047],[21.576,37.077],[21.57,37.131],[21.563,37.165],[21.576,37.199],[21.598,37.22],[21.627,37.234],[21.656,37.255],[21.679,37.277],[21.692,37.307],[21.695,37.34],[21.68,37.373],[21.67,37.402],[21.646,37.439],[21.63,37.464],[21.596,37.506],[21.566,37.541],[21.539,37.559],[21.515,37.579],[21.485,37.592],[21.458,37.608],[21.427,37.629],[21.402,37.645],[21.373,37.658],[21.332,37.663],[21.31,37.63],[21.309,37.665],[21.317,37.7],[21.304,37.731],[21.286,37.775],[21.256,37.795],[21.229,37.808],[21.198,37.817],[21.16,37.826],[21.127,37.834],[21.108,37.865],[21.109,37.898],[21.121,37.931],[21.152,37.934],[21.19,37.934],[21.223,37.958],[21.253,37.972],[21.272,37.999],[21.294,38.02],[21.313,38.044],[21.33,38.073],[21.347,38.108],[21.367,38.158],[21.367,38.194],[21.395,38.216],[21.419,38.192],[21.456,38.199],[21.49,38.183],[21.519,38.163],[21.552,38.159],[21.585,38.151],[21.619,38.154],[21.648,38.163],[21.676,38.187],[21.702,38.208],[21.721,38.244],[21.738,38.273],[21.77,38.302],[21.798,38.316],[21.828,38.321],[21.869,38.341],[21.902,38.329],[21.965,38.329],[22.016,38.316],[22.03,38.288],[22.061,38.279],[22.082,38.258],[22.115,38.266],[22.138,38.244],[22.156,38.217],[22.186,38.205],[22.213,38.189],[22.244,38.183],[22.29,38.175],[22.321,38.175],[22.356,38.155],[22.386,38.145],[22.419,38.134],[22.469,38.134],[22.502,38.134],[22.527,38.117],[22.573,38.104],[22.602,38.091],[22.636,38.083],[22.664,38.063],[22.694,38.051],[22.723,38.038],[22.748,38.02],[22.774,38.004],[22.802,37.967],[22.837,37.958],[22.864,37.938],[22.898,37.933],[22.931,37.946],[22.97,37.969],[22.948,37.991],[22.919,38.009],[22.89,38.017],[22.845,38.026],[22.877,38.049],[22.906,38.059],[22.937,38.073],[22.969,38.083],[22.997,38.068],[23.027,38.063],[23.056,38.055],[23.115,38.063],[23.148,38.071],[23.181,38.091],[23.21,38.101],[23.19,38.124],[23.206,38.149],[23.173,38.163],[23.123,38.162],[23.12,38.198],[23.085,38.18],[23.031,38.176],[23.024,38.212],[22.99,38.201],[22.957,38.208],[22.925,38.216],[22.956,38.205],[22.975,38.176],[22.945,38.179],[22.909,38.187],[22.895,38.215],[22.865,38.226],[22.834,38.22],[22.794,38.226],[22.762,38.243],[22.79,38.27],[22.751,38.284],[22.723,38.301],[22.692,38.314],[22.678,38.341],[22.671,38.378],[22.64,38.379],[22.635,38.346],[22.597,38.349],[22.613,38.32],[22.592,38.298],[22.551,38.28],[22.534,38.31],[22.533,38.345],[22.508,38.373],[22.481,38.395],[22.459,38.419],[22.427,38.429],[22.393,38.408],[22.407,38.38],[22.387,38.355],[22.369,38.33],[22.34,38.345],[22.306,38.346],[22.277,38.338],[22.251,38.359],[22.219,38.349],[22.195,38.325],[22.166,38.341],[22.133,38.347],[22.106,38.366],[22.067,38.359],[22.056,38.388],[22.019,38.391],[21.985,38.399],[21.934,38.404],[21.916,38.38],[21.888,38.366],[21.851,38.372],[21.819,38.38],[21.789,38.37],[21.774,38.335],[21.744,38.33],[21.715,38.345],[21.67,38.345],[21.641,38.355],[21.61,38.341],[21.578,38.326],[21.544,38.313],[21.505,38.287],[21.465,38.312],[21.434,38.321],[21.473,38.316],[21.479,38.347],[21.444,38.363],[21.42,38.331],[21.409,38.36],[21.412,38.39],[21.381,38.405],[21.348,38.412],[21.327,38.383],[21.297,38.37],[21.292,38.338],[21.266,38.312],[21.233,38.319],[21.198,38.304],[21.156,38.296],[21.133,38.319],[21.099,38.335],[21.099,38.367],[21.123,38.387],[21.114,38.418],[21.108,38.449],[21.084,38.472],[21.084,38.511],[21.052,38.508],[21.021,38.51],[21.012,38.54],[21.017,38.586],[21.005,38.623],[20.987,38.665],[20.958,38.671],[20.923,38.667],[20.896,38.698],[20.891,38.736],[20.879,38.765],[20.867,38.796],[20.815,38.763],[20.764,38.754],[20.75,38.786],[20.724,38.769],[20.737,38.74],[20.72,38.714],[20.73,38.678],[20.726,38.639],[20.695,38.628],[20.675,38.599],[20.645,38.597],[20.613,38.597],[20.603,38.628],[20.583,38.606],[20.563,38.582],[20.542,38.558],[20.542,38.594],[20.555,38.631],[20.554,38.662],[20.559,38.695],[20.576,38.723],[20.584,38.752],[20.599,38.781],[20.626,38.802],[20.643,38.833],[20.675,38.835],[20.702,38.851],[20.732,38.854],[20.76,38.866],[20.792,38.872],[20.755,38.9],[20.758,38.934],[20.727,38.946],[20.712,38.973],[20.7,39.003],[20.713,39.034],[20.678,39.074],[20.652,39.091],[20.619,39.108],[20.581,39.133],[20.559,39.156],[20.533,39.187],[20.498,39.208],[20.471,39.238],[20.476,39.274],[20.444,39.276],[20.41,39.276],[20.36,39.28],[20.329,39.295],[20.298,39.316],[20.283,39.344],[20.274,39.373],[20.254,39.396],[20.219,39.396],[20.224,39.427],[20.205,39.454],[20.238,39.451],[20.269,39.446],[20.245,39.471],[20.214,39.488],[20.244,39.495],[20.215,39.512],[20.181,39.513],[20.138,39.526],[20.156,39.555],[20.138,39.589],[20.17,39.597],[20.177,39.626],[20.15,39.638],[20.119,39.654],[20.088,39.655],[20.063,39.672],[20.033,39.68],[20.002,39.684],[19.979,39.709],[19.995,39.735],[19.97,39.755],[19.998,39.78],[20.005,39.815],[20.016,39.848],[19.987,39.866],[19.96,39.883],[19.931,39.895],[19.925,39.928],[19.913,39.965],[19.892,39.993],[19.876,40.019],[19.852,40.042],[19.821,40.051],[19.791,40.056],[19.766,40.078],[19.735,40.096],[19.706,40.112],[19.673,40.121],[19.635,40.141],[19.606,40.155],[19.577,40.17],[19.544,40.18],[19.51,40.192],[19.481,40.209],[19.452,40.229],[19.405,40.273],[19.371,40.306],[19.366,40.345],[19.345,40.37],[19.302,40.412],[19.32,40.442],[19.356,40.426],[19.382,40.407],[19.404,40.385],[19.413,40.344],[19.444,40.326],[19.471,40.342],[19.479,40.373],[19.476,40.403],[19.491,40.431],[19.469,40.455],[19.435,40.483],[19.406,40.496],[19.384,40.517],[19.38,40.555],[19.363,40.581],[19.342,40.614],[19.32,40.641],[19.31,40.67],[19.349,40.694],[19.366,40.719],[19.367,40.773],[19.374,40.81],[19.388,40.838],[19.396,40.874],[19.405,40.907],[19.427,40.933],[19.452,40.949],[19.476,40.98],[19.447,40.988],[19.438,41.02],[19.449,41.051],[19.454,41.1],[19.442,41.131],[19.47,41.164],[19.48,41.199],[19.508,41.227],[19.517,41.267],[19.487,41.307],[19.454,41.307],[19.423,41.321],[19.416,41.359],[19.411,41.391],[19.387,41.416],[19.413,41.401],[19.441,41.419],[19.465,41.442],[19.504,41.477],[19.512,41.532],[19.481,41.545],[19.458,41.565],[19.442,41.591],[19.473,41.583],[19.503,41.57],[19.544,41.576],[19.57,41.594],[19.591,41.618],[19.57,41.644],[19.571,41.678],[19.584,41.717],[19.571,41.748],[19.599,41.772],[19.59,41.812],[19.56,41.817],[19.531,41.834],[19.489,41.846],[19.452,41.855],[19.412,41.863],[19.386,41.846],[19.348,41.858],[19.323,41.879],[19.294,41.892],[19.265,41.904],[19.231,41.908],[19.198,41.924],[19.169,41.934],[19.145,41.953],[19.138,41.983],[19.141,42.016],[19.131,42.046],[19.098,42.066],[19.066,42.09],[19.058,42.122],[19.027,42.134],[18.999,42.158],[18.969,42.17],[18.949,42.199],[18.919,42.212],[18.897,42.234],[18.888,42.265],[18.856,42.274],[18.823,42.274],[18.788,42.279],[18.756,42.283],[18.731,42.301],[18.704,42.322],[18.688,42.35],[18.677,42.38],[18.645,42.362],[18.606,42.363],[18.581,42.383],[18.554,42.396],[18.555,42.433],[18.588,42.433],[18.558,42.451],[18.523,42.454],[18.534,42.425],[18.538,42.393],[18.509,42.402],[18.481,42.424],[18.456,42.445],[18.419,42.449],[18.398,42.471],[18.365,42.491],[18.335,42.504],[18.306,42.516],[18.269,42.537],[18.24,42.554],[18.215,42.576],[18.209,42.619],[18.179,42.612],[18.152,42.626],[18.124,42.638],[18.077,42.642],[18.054,42.662],[18.033,42.688],[18.002,42.695],[17.969,42.709],[17.944,42.729],[17.906,42.742],[17.876,42.759],[17.848,42.784],[17.819,42.796],[17.785,42.788],[17.756,42.805],[17.774,42.777],[17.745,42.77],[17.719,42.792],[17.69,42.8],[17.644,42.813],[17.614,42.821],[17.573,42.834],[17.527,42.842],[17.498,42.854],[17.465,42.862],[17.436,42.87],[17.427,42.901],[17.398,42.909],[17.36,42.913],[17.331,42.93],[17.302,42.941],[17.273,42.949],[17.24,42.966],[17.199,42.98],[17.141,42.97],[17.11,42.976],[17.077,42.983],[17.048,42.992],[17.019,43.001],[17.012,43.041],[17.044,43.041],[17.073,43.026],[17.134,43.024],[17.165,43.029],[17.198,43.024],[17.252,43.016],[17.285,43.009],[17.315,43.001],[17.344,42.991],[17.373,42.98],[17.402,42.967],[17.431,42.959],[17.454,42.929],[17.49,42.921],[17.524,42.908],[17.556,42.913],[17.59,42.904],[17.619,42.895],[17.644,42.879],[17.623,42.901],[17.594,42.912],[17.565,42.924],[17.535,42.938],[17.498,42.966],[17.474,42.986],[17.466,43.015],[17.429,43.025],[17.397,43.046],[17.372,43.067],[17.349,43.094],[17.323,43.116],[17.294,43.124],[17.265,43.145],[17.235,43.154],[17.206,43.166],[17.173,43.171],[17.135,43.192],[17.11,43.208],[17.081,43.23],[17.059,43.256],[17.031,43.279],[17.006,43.301],[16.965,43.337],[16.94,43.359],[16.91,43.379],[16.886,43.4],[16.852,43.399],[16.802,43.401],[16.769,43.408],[16.735,43.409],[16.708,43.423],[16.64,43.438],[16.61,43.455],[16.581,43.463],[16.552,43.483],[16.525,43.495],[16.466,43.501],[16.435,43.504],[16.402,43.503],[16.422,43.528],[16.456,43.534],[16.406,43.542],[16.373,43.547],[16.331,43.545],[16.302,43.526],[16.27,43.517],[16.306,43.516],[16.34,43.503],[16.369,43.495],[16.316,43.478],[16.285,43.484],[16.248,43.476],[16.216,43.481],[16.256,43.495],[16.231,43.513],[16.194,43.508],[16.144,43.513],[16.173,43.504],[16.15,43.484],[16.091,43.47],[16.054,43.474],[16.023,43.47],[15.993,43.488],[15.96,43.496],[15.937,43.519],[15.929,43.548],[15.916,43.578],[15.916,43.623],[15.899,43.649],[15.865,43.659],[15.84,43.68],[15.817,43.703],[15.848,43.708],[15.87,43.687],[15.89,43.662],[15.923,43.655],[15.908,43.686],[15.877,43.695],[15.854,43.721],[15.823,43.73],[15.794,43.745],[15.754,43.749],[15.777,43.724],[15.738,43.752],[15.706,43.766],[15.666,43.774],[15.635,43.767],[15.61,43.788],[15.565,43.824],[15.544,43.849],[15.531,43.883],[15.502,43.901],[15.463,43.913],[15.438,43.934],[15.419,43.962],[15.4,43.938],[15.427,43.921],[15.459,43.896],[15.429,43.878],[15.463,43.87],[15.429,43.864],[15.418,43.892],[15.39,43.908],[15.355,43.913],[15.332,43.941],[15.301,43.959],[15.281,43.983],[15.256,44.005],[15.231,44.026],[15.199,44.029],[15.165,44.058],[15.118,44.096],[15.09,44.116],[15.062,44.136],[15.033,44.146],[15.017,44.171],[15.054,44.158],[15.086,44.149],[15.115,44.133],[15.144,44.116],[15.173,44.104],[15.195,44.081],[15.219,44.062],[15.254,44.04],[15.291,44.016],[15.323,43.999],[15.35,43.982],[15.377,43.97],[15.366,44.002],[15.344,44.026],[15.31,44.034],[15.285,44.058],[15.263,44.084],[15.235,44.101],[15.21,44.126],[15.194,44.155],[15.169,44.174],[15.143,44.192],[15.159,44.219],[15.13,44.238],[15.108,44.26],[15.116,44.291],[15.08,44.292],[15.045,44.283],[15.022,44.305],[15.047,44.33],[15.077,44.32],[15.106,44.309],[15.137,44.295],[15.16,44.27],[15.196,44.25],[15.188,44.281],[15.215,44.295],[15.248,44.271],[15.277,44.255],[15.292,44.284],[15.265,44.316],[15.236,44.333],[15.234,44.301],[15.202,44.312],[15.169,44.32],[15.133,44.328],[15.16,44.309],[15.181,44.287],[15.152,44.295],[15.123,44.312],[15.091,44.337],[15.088,44.37],[15.072,44.395],[15.04,44.391],[15.015,44.429],[14.99,44.445],[14.965,44.462],[14.931,44.466],[14.896,44.494],[14.898,44.524],[14.873,44.545],[14.856,44.574],[14.833,44.595],[14.806,44.613],[14.771,44.644],[14.746,44.673],[14.729,44.704],[14.76,44.688],[14.808,44.644],[14.831,44.624],[14.873,44.588],[14.902,44.613],[14.931,44.599],[14.958,44.582],[14.977,44.551],[15.006,44.533],[15.04,44.524],[15.062,44.502],[15.084,44.476],[15.052,44.484],[15.024,44.496],[14.998,44.513],[14.964,44.521],[14.938,44.538],[14.96,44.517],[14.985,44.499],[15.01,44.479],[15.037,44.456],[15.058,44.479],[15.089,44.455],[15.119,44.442],[15.152,44.409],[15.18,44.388],[15.211,44.374],[15.244,44.355],[15.278,44.333],[15.306,44.317],[15.337,44.298],[15.364,44.28],[15.398,44.263],[15.431,44.263],[15.465,44.262],[15.511,44.254],[15.476,44.266],[15.436,44.295],[15.406,44.316],[15.373,44.326],[15.339,44.334],[15.311,44.349],[15.281,44.362],[15.252,44.387],[15.206,44.429],[15.177,44.445],[15.148,44.462],[15.109,44.497],[15.081,44.517],[15.056,44.537],[15.031,44.554],[14.998,44.57],[14.974,44.595],[14.958,44.627],[14.931,44.646],[14.909,44.681],[14.892,44.708],[14.895,44.74],[14.883,44.781],[14.88,44.844],[14.892,44.881],[14.912,44.909],[14.921,44.948],[14.902,44.983],[14.888,45.01],[14.876,45.04],[14.855,45.073],[14.841,45.102],[14.806,45.12],[14.773,45.129],[14.744,45.137],[14.716,45.156],[14.673,45.187],[14.64,45.208],[14.61,45.217],[14.624,45.187],[14.648,45.162],[14.679,45.148],[14.663,45.12],[14.672,45.088],[14.698,45.07],[14.733,45.071],[14.746,45.04],[14.77,45.02],[14.806,44.996],[14.825,44.972],[14.781,44.963],[14.751,44.96],[14.733,44.933],[14.702,44.945],[14.648,44.963],[14.619,44.976],[14.621,45.006],[14.59,45.02],[14.529,45.012],[14.494,45.021],[14.469,45.038],[14.44,45.062],[14.438,45.099],[14.467,45.109],[14.494,45.129],[14.524,45.13],[14.534,45.161],[14.533,45.201],[14.529,45.232],[14.555,45.258],[14.531,45.28],[14.498,45.292],[14.469,45.313],[14.435,45.321],[14.385,45.334],[14.356,45.342],[14.305,45.329],[14.287,45.302],[14.274,45.269],[14.262,45.24],[14.246,45.206],[14.238,45.173],[14.229,45.14],[14.207,45.113],[14.185,45.087],[14.156,45.075],[14.167,45.039],[14.171,44.998],[14.147,44.954],[14.114,44.967],[14.077,44.946],[14.046,44.927],[14.02,44.897],[13.996,44.878],[13.983,44.847],[13.996,44.819],[13.967,44.799],[13.938,44.809],[13.924,44.781],[13.895,44.769],[13.899,44.808],[13.869,44.808],[13.839,44.821],[13.824,44.854],[13.795,44.865],[13.792,44.896]],[[20.371,38.267],[20.384,38.298],[20.397,38.358],[20.429,38.359],[20.447,38.329],[20.476,38.312],[20.506,38.329],[20.533,38.347],[20.521,38.386],[20.538,38.415],[20.534,38.445],[20.556,38.476],[20.587,38.46],[20.599,38.423],[20.616,38.394],[20.624,38.361],[20.629,38.314],[20.616,38.286],[20.633,38.256],[20.662,38.269],[20.694,38.267],[20.716,38.24],[20.762,38.181],[20.781,38.151],[20.808,38.127],[20.809,38.094],[20.799,38.063],[20.767,38.067],[20.735,38.062],[20.697,38.067],[20.669,38.091],[20.641,38.107],[20.61,38.116],[20.572,38.099],[20.54,38.099],[20.509,38.101],[20.484,38.123],[20.477,38.154],[20.466,38.187],[20.496,38.186],[20.476,38.21],[20.462,38.24],[20.449,38.273],[20.434,38.24],[20.442,38.159],[20.41,38.158],[20.376,38.15],[20.344,38.172],[20.333,38.203],[20.355,38.242],[20.371,38.267]],[[20.117,39.388],[20.106,39.359],[20.077,39.367],[20.048,39.383],[20.01,39.392],[19.985,39.412],[19.948,39.421],[19.91,39.43],[19.881,39.446],[19.862,39.473],[19.849,39.506],[19.842,39.535],[19.833,39.565],[19.806,39.591],[19.777,39.599],[19.752,39.617],[19.732,39.646],[19.709,39.666],[19.675,39.676],[19.68,39.708],[19.649,39.71],[19.645,39.746],[19.651,39.777],[19.672,39.804],[19.702,39.799],[19.74,39.796],[19.771,39.801],[19.806,39.796],[19.835,39.816],[19.869,39.82],[19.902,39.799],[19.931,39.787],[19.958,39.763],[19.927,39.73],[19.881,39.72],[19.852,39.705],[19.856,39.671],[19.869,39.642],[19.898,39.634],[19.937,39.628],[19.928,39.592],[19.912,39.567],[19.921,39.535],[19.93,39.49],[19.96,39.47],[19.999,39.462],[20.035,39.438],[20.066,39.456],[20.091,39.435],[20.101,39.406],[20.117,39.388]],[[14.4,44.554],[14.367,44.559],[14.371,44.59],[14.379,44.623],[14.351,44.643],[14.341,44.673],[14.337,44.715],[14.365,44.701],[14.395,44.71],[14.388,44.742],[14.367,44.769],[14.367,44.801],[14.334,44.813],[14.329,44.856],[14.317,44.885],[14.295,44.913],[14.304,44.945],[14.336,44.937],[14.359,44.909],[14.391,44.905],[14.383,44.941],[14.39,44.97],[14.359,44.992],[14.358,45.031],[14.34,45.058],[14.309,45.063],[14.295,45.092],[14.274,45.115],[14.292,45.144],[14.31,45.174],[14.356,45.17],[14.376,45.146],[14.363,45.089],[14.379,45.06],[14.395,45.031],[14.414,45.0],[14.441,44.979],[14.47,44.987],[14.487,44.95],[14.462,44.927],[14.455,44.894],[14.455,44.856],[14.467,44.815],[14.455,44.784],[14.479,44.76],[14.466,44.726],[14.483,44.698],[14.517,44.663],[14.546,44.634],[14.524,44.609],[14.495,44.599],[14.465,44.62],[14.441,44.644],[14.419,44.666],[14.405,44.635],[14.416,44.602],[14.442,44.568],[14.473,44.542],[14.502,44.526],[14.529,44.511],[14.546,44.481],[14.568,44.459],[14.535,44.442],[14.542,44.474],[14.506,44.483],[14.483,44.507],[14.447,44.522],[14.423,44.545],[14.4,44.554]],[[16.696,43.175],[16.723,43.159],[16.758,43.167],[16.84,43.162],[16.887,43.162],[16.981,43.154],[17.036,43.145],[17.094,43.141],[17.136,43.138],[17.181,43.137],[17.144,43.116],[17.048,43.113],[16.902,43.113],[16.839,43.117],[16.809,43.126],[16.719,43.124],[16.648,43.121],[16.615,43.129],[16.581,43.137],[16.539,43.138],[16.506,43.154],[16.473,43.158],[16.443,43.163],[16.414,43.151],[16.383,43.15],[16.353,43.157],[16.325,43.171],[16.356,43.176],[16.39,43.17],[16.425,43.167],[16.398,43.183],[16.367,43.193],[16.396,43.201],[16.427,43.201],[16.456,43.212],[16.492,43.213],[16.523,43.205],[16.552,43.188],[16.584,43.186],[16.558,43.206],[16.527,43.216],[16.574,43.238],[16.598,43.217],[16.634,43.216],[16.67,43.216],[16.688,43.191],[16.696,43.175]],[[15.088,44.004],[15.059,44.018],[15.091,44.01],[15.088,44.004]],[[15.292,43.796],[15.259,43.8],[15.236,43.825],[15.22,43.856],[15.187,43.867],[15.16,43.884],[15.135,43.901],[15.11,43.92],[15.059,43.967],[15.041,43.994],[15.013,44.027],[14.985,44.054],[14.956,44.074],[14.927,44.091],[14.902,44.113],[14.869,44.124],[14.84,44.137],[14.825,44.166],[14.863,44.154],[14.848,44.183],[14.877,44.167],[14.912,44.145],[14.94,44.124],[14.965,44.099],[14.998,44.092],[15.024,44.065],[15.034,44.035],[15.059,44.005],[15.096,44.003],[15.121,43.982],[15.149,43.965],[15.17,43.94],[15.202,43.92],[15.229,43.902],[15.247,43.876],[15.277,43.866],[15.25,43.885],[15.295,43.891],[15.331,43.88],[15.35,43.853],[15.374,43.833],[15.366,43.804],[15.348,43.83],[15.319,43.846],[15.293,43.863],[15.262,43.86],[15.289,43.842],[15.319,43.826],[15.373,43.784],[15.402,43.77],[15.431,43.755],[15.46,43.742],[15.425,43.741],[15.398,43.762],[15.369,43.774],[15.388,43.751],[15.435,43.733],[15.466,43.726],[15.494,43.704],[15.526,43.688],[15.494,43.692],[15.463,43.693],[15.449,43.72],[15.416,43.724],[15.385,43.734],[15.352,43.754],[15.323,43.767],[15.296,43.783],[15.333,43.779],[15.311,43.8],[15.292,43.796]],[[17.188,42.938],[17.192,42.908],[17.14,42.908],[17.085,42.909],[17.048,42.917],[16.985,42.921],[16.952,42.913],[16.923,42.905],[16.881,42.895],[16.847,42.897],[16.787,42.891],[16.756,42.904],[16.722,42.909],[16.679,42.92],[16.704,42.903],[16.669,42.916],[16.638,42.922],[16.657,42.946],[16.662,42.978],[16.605,42.98],[16.646,42.992],[16.696,42.996],[16.727,42.991],[16.769,42.979],[16.815,42.97],[16.852,42.962],[16.885,42.966],[16.948,42.976],[17.023,42.98],[17.055,42.984],[17.09,42.97],[17.135,42.966],[17.17,42.958],[17.176,42.929],[17.188,42.938]],[[14.754,44.854],[14.734,44.878],[14.769,44.876],[14.754,44.854]],[[14.713,44.808],[14.687,44.831],[14.716,44.843],[14.748,44.854],[14.757,44.822],[14.777,44.795],[14.815,44.767],[14.852,44.738],[14.87,44.704],[14.845,44.683],[14.82,44.7],[14.794,44.724],[14.766,44.739],[14.74,44.755],[14.694,44.755],[14.667,44.773],[14.666,44.805],[14.696,44.795],[14.713,44.808]],[[16.208,43.075],[16.244,43.079],[16.258,43.051],[16.233,43.029],[16.177,43.016],[16.144,43.009],[16.113,43.004],[16.067,43.005],[16.092,43.029],[16.052,43.049],[16.081,43.074],[16.14,43.08],[16.19,43.083],[16.208,43.075]],[[16.946,42.771],[16.979,42.777],[16.949,42.755],[16.946,42.771]],[[16.779,42.779],[16.81,42.776],[16.881,42.779],[16.927,42.774],[16.93,42.744],[16.894,42.724],[16.865,42.733],[16.822,42.73],[16.792,42.748],[16.779,42.779]],[[23.556,37.371],[23.54,37.346],[23.504,37.341],[23.452,37.316],[23.423,37.304],[23.394,37.295],[23.363,37.297],[23.385,37.317],[23.419,37.33],[23.448,37.346],[23.485,37.359],[23.515,37.371],[23.545,37.376],[23.556,37.371]],[[14.827,44.251],[14.856,44.238],[14.886,44.242],[14.913,44.213],[14.931,44.184],[14.894,44.195],[14.86,44.212],[14.829,44.221],[14.792,44.248],[14.755,44.245],[14.724,44.259],[14.749,44.284],[14.781,44.284],[14.81,44.263],[14.827,44.251]],[[24.283,38.042],[24.299,38.014],[24.284,37.986],[24.252,37.974],[24.23,37.999],[24.25,38.022],[24.28,38.036],[24.283,38.042]],[[17.885,42.709],[17.856,42.724],[17.819,42.737],[17.787,42.754],[17.818,42.746],[17.856,42.758],[17.885,42.741],[17.917,42.724],[17.89,42.708],[17.885,42.709]],[[15.117,44.021],[15.094,44.042],[15.07,44.062],[15.099,44.074],[15.119,44.051],[15.142,44.03],[15.167,44.011],[15.135,44.009],[15.117,44.021]],[[15.033,44.146],[15.002,44.134],[14.977,44.154],[14.948,44.183],[14.998,44.163],[15.029,44.15],[15.033,44.146]],[[15.721,43.7],[15.724,43.666],[15.695,43.676],[15.665,43.684],[15.638,43.701],[15.669,43.705],[15.689,43.729],[15.715,43.701],[15.721,43.7]],[[14.837,44.898],[14.806,44.895],[14.777,44.905],[14.767,44.938],[14.798,44.929],[14.827,44.909],[14.837,44.898]],[[23.354,37.353],[23.344,37.324],[23.309,37.316],[23.28,37.335],[23.316,37.351],[23.349,37.355],[23.354,37.353]],[[14.579,44.358],[14.608,44.348],[14.64,44.333],[14.671,44.305],[14.639,44.309],[14.61,44.326],[14.583,44.348],[14.579,44.358]],[[13.792,44.896],[13.756,44.887],[13.741,44.92],[13.716,44.941],[13.749,44.941],[13.773,44.921],[13.792,44.896]],[[15.488,43.85],[15.521,43.851],[15.501,43.824],[15.488,43.85]],[[15.613,43.813],[15.652,43.821],[15.626,43.838],[15.589,43.846],[15.609,43.813],[15.613,43.813]],[[14.95,44.142],[14.918,44.151],[14.888,44.167],[14.919,44.17],[14.949,44.148],[14.95,44.142]],[[23.796,40.224],[23.771,40.204],[23.781,40.233],[23.796,40.224]],[[23.239,37.821],[23.275,37.824],[23.243,37.799],[23.239,37.821]],[[15.802,43.72],[15.78,43.745],[15.817,43.718],[15.802,43.72]]]}},{"type":"Feature","properties":{"HYBAS_ID":2040045150,"MAIN_BAS":2040045150,"NEXT_DOWN":0,"SUB_AREA":21105.3,"UP_AREA":21105.3,"ENDO":0},"geometry":{"type":"Polygon","coordinates":[[[23.328,35.821],[23.298,35.845],[23.276,35.873],[23.268,35.909],[23.295,35.896],[23.321,35.877],[23.33,35.835],[23.328,35.821]],[[25.24,35.421],[25.21,35.429],[25.183,35.449],[25.209,35.465],[25.24,35.458],[25.245,35.427],[25.24,35.421]],[[26.186,35.321],[26.155,35.321],[26.167,35.353],[26.191,35.331],[26.186,35.321]],[[26.136,34.917],[26.121,34.948],[26.152,34.946],[26.137,34.917],[26.136,34.917]],[[25.711,34.863],[25.68,34.867],[25.723,34.88],[25.711,34.863]],[[24.015,34.917],[23.987,34.937],[24.017,34.926],[24.015,34.917]],[[24.128,34.8],[24.098,34.812],[24.065,34.829],[24.041,34.848],[24.064,34.876],[24.106,34.87],[24.116,34.838],[24.134,34.809],[24.128,34.8]],[[26.886,35.338],[26.856,35.345],[26.822,35.359],[26.85,35.378],[26.877,35.399],[26.901,35.424],[26.934,35.42],[26.973,35.43],[27.007,35.433],[26.991,35.397],[26.959,35.391],[26.937,35.363],[26.898,35.351],[26.886,35.338]],[[26.878,35.429],[26.844,35.43],[26.874,35.446],[26.878,35.429]],[[27.144,35.396],[27.132,35.424],[27.098,35.434],[27.098,35.466],[27.108,35.506],[27.108,35.544],[27.081,35.566],[27.061,35.591],[27.082,35.616],[27.106,35.638],[27.116,35.671],[27.133,35.698],[27.152,35.722],[27.158,35.767],[27.163,35.807],[27.194,35.813],[27.195,35.848],[27.212,35.88],[27.227,35.908],[27.237,35.871],[27.241,35.831],[27.233,35.794],[27.212,35.762],[27.222,35.727],[27.197,35.698],[27.184,35.668],[27.162,35.642],[27.163,35.605],[27.192,35.58],[27.212,35.556],[27.2,35.524],[27.231,35.512],[27.234,35.477],[27.202,35.48],[27.183,35.455],[27.158,35.437],[27.144,35.396]],[[26.686,36.321],[26.659,36.334],[26.67,36.363],[26.701,36.342],[26.686,36.321]],[[26.474,36.525],[26.446,36.54],[26.48,36.534],[26.474,36.525]],[[25.849,36.342],[25.819,36.351],[25.77,36.341],[25.735,36.351],[25.738,36.382],[25.763,36.407],[25.798,36.391],[25.828,36.374],[25.861,36.358],[25.849,36.342]],[[25.444,36.329],[25.419,36.345],[25.381,36.346],[25.354,36.361],[25.384,36.371],[25.415,36.367],[25.43,36.397],[25.42,36.428],[25.411,36.458],[25.378,36.459],[25.401,36.484],[25.432,36.466],[25.457,36.441],[25.481,36.417],[25.491,36.386],[25.483,36.355],[25.456,36.337],[25.444,36.329]],[[25.219,36.229],[25.196,36.252],[25.221,36.234],[25.219,36.229]],[[26.29,36.967],[26.267,36.991],[26.312,36.991],[26.29,36.967]],[[26.457,36.988],[26.418,36.992],[26.44,37.013],[26.477,37.016],[26.458,36.988],[26.457,36.988]],[[25.361,36.642],[25.337,36.66],[25.311,36.687],[25.288,36.706],[25.255,36.713],[25.255,36.744],[25.27,36.785],[25.309,36.796],[25.332,36.778],[25.352,36.751],[25.381,36.734],[25.405,36.709],[25.392,36.681],[25.391,36.647],[25.361,36.642]],[[24.949,36.592],[24.91,36.596],[24.891,36.628],[24.86,36.63],[24.833,36.662],[24.865,36.667],[24.894,36.651],[24.919,36.634],[24.953,36.625],[24.949,36.592]],[[25.069,36.629],[25.087,36.677],[25.11,36.701],[25.144,36.717],[25.179,36.721],[25.169,36.688],[25.144,36.67],[25.11,36.649],[25.081,36.634],[25.069,36.629]],[[25.457,36.817],[25.423,36.821],[25.435,36.854],[25.46,36.87],[25.492,36.857],[25.473,36.821],[25.457,36.817]],[[25.578,36.896],[25.592,36.926],[25.619,36.954],[25.601,36.928],[25.579,36.901],[25.578,36.896]],[[25.528,36.829],[25.516,36.857],[25.51,36.891],[25.538,36.872],[25.53,36.842],[25.528,36.829]],[[25.711,37.063],[25.68,37.084],[25.713,37.08],[25.711,37.063]],[[25.546,37.2],[25.568,37.176],[25.591,37.148],[25.601,37.119],[25.597,37.088],[25.587,37.048],[25.578,37.018],[25.566,36.985],[25.553,36.955],[25.515,36.954],[25.488,36.935],[25.451,36.912],[25.42,36.931],[25.424,36.966],[25.383,36.976],[25.383,37.006],[25.371,37.035],[25.351,37.065],[25.346,37.096],[25.372,37.112],[25.402,37.129],[25.431,37.141],[25.474,37.169],[25.498,37.192],[25.529,37.205],[25.546,37.2]],[[25.074,36.938],[25.047,36.955],[25.01,36.954],[24.977,36.958],[25.006,36.974],[25.016,37.009],[25.044,37.026],[25.069,37.046],[25.094,37.067],[25.127,37.079],[25.142,37.111],[25.169,37.13],[25.198,37.138],[25.226,37.159],[25.219,37.129],[25.252,37.13],[25.264,37.162],[25.297,37.159],[25.281,37.133],[25.27,37.102],[25.267,37.072],[25.26,37.033],[25.24,37.008],[25.21,36.988],[25.166,36.974],[25.131,36.995],[25.101,37.01],[25.095,37.042],[25.08,37.015],[25.074,36.981],[25.079,36.948],[25.074,36.938]],[[24.249,36.767],[24.222,36.78],[24.233,36.809],[24.258,36.785],[24.249,36.767]],[[24.586,36.771],[24.554,36.776],[24.524,36.784],[24.516,36.824],[24.556,36.849],[24.586,36.833],[24.595,36.798],[24.586,36.771]],[[24.328,36.642],[24.329,36.681],[24.329,36.711],[24.338,36.745],[24.372,36.733],[24.395,36.712],[24.435,36.692],[24.465,36.701],[24.44,36.72],[24.413,36.74],[24.409,36.774],[24.444,36.758],[24.471,36.745],[24.503,36.759],[24.534,36.77],[24.541,36.735],[24.551,36.696],[24.528,36.667],[24.498,36.663],[24.46,36.666],[24.419,36.658],[24.385,36.651],[24.34,36.649],[24.328,36.642]],[[24.653,36.742],[24.623,36.746],[24.604,36.774],[24.648,36.787],[24.667,36.76],[24.653,36.742]],[[25.349,37.4],[25.322,37.417],[25.3,37.445],[25.312,37.478],[25.34,37.501],[25.369,37.495],[25.407,37.501],[25.432,37.482],[25.463,37.465],[25.425,37.441],[25.403,37.414],[25.372,37.412],[25.349,37.4]],[[24.757,37.579],[24.702,37.592],[24.655,37.601],[24.685,37.613],[24.727,37.634],[24.742,37.602],[24.757,37.579]],[[24.615,37.25],[24.58,37.251],[24.61,37.259],[24.615,37.25]],[[24.507,37.108],[24.462,37.12],[24.427,37.124],[24.422,37.16],[24.438,37.185],[24.463,37.205],[24.496,37.213],[24.527,37.201],[24.53,37.169],[24.538,37.135],[24.517,37.114],[24.507,37.108]],[[24.378,37.296],[24.367,37.335],[24.391,37.369],[24.387,37.413],[24.371,37.44],[24.406,37.47],[24.435,37.487],[24.434,37.456],[24.456,37.433],[24.487,37.406],[24.458,37.386],[24.446,37.352],[24.423,37.329],[24.398,37.305],[24.378,37.296]],[[24.294,37.521],[24.27,37.554],[24.263,37.594],[24.274,37.623],[24.288,37.652],[24.327,37.683],[24.369,37.687],[24.399,37.678],[24.416,37.652],[24.401,37.623],[24.348,37.563],[24.324,37.543],[24.298,37.524],[24.294,37.521]],[[23.944,37.458],[23.916,37.475],[23.946,37.463],[23.944,37.458]],[[27.586,36.204],[27.554,36.217],[27.523,36.205],[27.518,36.241],[27.548,36.245],[27.581,36.246],[27.624,36.245],[27.638,36.218],[27.608,36.212],[27.586,36.204]],[[27.194,36.554],[27.16,36.558],[27.13,36.563],[27.126,36.594],[27.16,36.617],[27.203,36.608],[27.217,36.578],[27.194,36.554]],[[27.115,36.638],[27.101,36.666],[27.132,36.684],[27.117,36.652],[27.115,36.638]],[[26.978,36.671],[26.949,36.682],[26.921,36.706],[26.92,36.74],[26.931,36.77],[26.962,36.78],[27.016,36.798],[27.06,36.841],[27.09,36.855],[27.119,36.867],[27.148,36.884],[27.215,36.892],[27.244,36.901],[27.274,36.917],[27.298,36.896],[27.327,36.888],[27.355,36.873],[27.336,36.846],[27.306,36.838],[27.277,36.83],[27.235,36.824],[27.202,36.816],[27.173,36.805],[27.146,36.781],[27.119,36.759],[27.081,36.759],[27.027,36.766],[26.994,36.754],[26.988,36.722],[26.971,36.681],[26.978,36.671]],[[27.178,36.917],[27.148,36.92],[27.121,36.935],[27.138,36.963],[27.169,36.958],[27.177,36.926],[27.178,36.917]],[[27.107,37.054],[27.07,37.06],[27.103,37.066],[27.107,37.054]],[[27.094,37.271],[27.08,37.298],[27.109,37.282],[27.094,37.271]],[[26.982,37.442],[26.948,37.445],[26.926,37.472],[26.957,37.488],[27.005,37.48],[27.004,37.449],[26.982,37.442]],[[26.761,37.263],[26.729,37.273],[26.761,37.27],[26.761,37.263]],[[25.99,37.508],[25.976,37.535],[25.993,37.562],[26.06,37.629],[26.09,37.637],[26.125,37.642],[26.156,37.638],[26.19,37.633],[26.223,37.641],[26.248,37.658],[26.277,37.671],[26.315,37.684],[26.356,37.692],[26.342,37.66],[26.326,37.635],[26.302,37.616],[26.273,37.599],[26.244,37.58],[26.215,37.566],[26.156,37.558],[26.123,37.555],[26.088,37.531],[26.063,37.512],[26.019,37.516],[25.99,37.508]],[[26.079,38.204],[26.043,38.199],[26.029,38.16],[25.994,38.155],[25.952,38.183],[25.922,38.191],[25.895,38.217],[25.879,38.242],[25.88,38.278],[25.91,38.295],[25.959,38.299],[25.972,38.333],[25.991,38.357],[25.98,38.385],[25.958,38.415],[25.95,38.445],[25.927,38.466],[25.89,38.471],[25.865,38.488],[25.846,38.515],[25.83,38.54],[25.842,38.57],[25.869,38.587],[25.948,38.592],[25.99,38.601],[26.023,38.604],[26.054,38.596],[26.079,38.577],[26.112,38.554],[26.144,38.563],[26.167,38.538],[26.155,38.506],[26.145,38.477],[26.154,38.448],[26.137,38.417],[26.142,38.377],[26.146,38.339],[26.163,38.313],[26.127,38.284],[26.108,38.26],[26.116,38.226],[26.09,38.208],[26.079,38.204]],[[25.519,38.517],[25.496,38.54],[25.523,38.555],[25.528,38.522],[25.519,38.517]],[[25.607,38.529],[25.577,38.537],[25.563,38.566],[25.541,38.587],[25.565,38.609],[25.594,38.613],[25.619,38.595],[25.617,38.565],[25.607,38.529]],[[26.507,39.05],[26.53,39.071],[26.491,39.116],[26.456,39.112],[26.463,39.077],[26.495,39.062],[26.507,39.05]],[[26.053,39.783],[26.027,39.801],[25.994,39.82],[25.963,39.835],[25.994,39.845],[26.044,39.847],[26.078,39.838],[26.087,39.802],[26.056,39.787],[26.053,39.783]],[[25.74,40.088],[25.71,40.109],[25.663,40.122],[25.667,40.153],[25.702,40.174],[25.731,40.188],[25.76,40.201],[25.79,40.213],[25.844,40.217],[25.873,40.23],[25.91,40.238],[25.949,40.241],[25.974,40.224],[25.978,40.184],[25.972,40.15],[26.002,40.159],[25.981,40.129],[25.952,40.121],[25.919,40.12],[25.881,40.112],[25.85,40.099],[25.81,40.101],[25.769,40.096],[25.74,40.088]],[[25.603,40.392],[25.569,40.395],[25.536,40.416],[25.498,40.433],[25.473,40.449],[25.442,40.478],[25.471,40.481],[25.498,40.499],[25.548,40.509],[25.584,40.513],[25.627,40.504],[25.661,40.495],[25.689,40.476],[25.699,40.439],[25.677,40.413],[25.644,40.408],[25.615,40.396],[25.603,40.392]],[[24.649,40.567],[24.623,40.583],[24.596,40.615],[24.562,40.626],[24.531,40.617],[24.512,40.644],[24.52,40.681],[24.533,40.71],[24.558,40.744],[24.586,40.762],[24.61,40.784],[24.64,40.796],[24.677,40.787],[24.71,40.784],[24.734,40.763],[24.773,40.749],[24.758,40.721],[24.788,40.707],[24.773,40.679],[24.772,40.647],[24.778,40.605],[24.744,40.601],[24.708,40.591],[24.677,40.583],[24.649,40.567]],[[24.361,38.825],[24.353,38.855],[24.374,38.83],[24.361,38.825]],[[24.628,38.746],[24.593,38.75],[24.556,38.766],[24.53,38.783],[24.55,38.809],[24.566,38.835],[24.535,38.837],[24.508,38.823],[24.485,38.795],[24.491,38.826],[24.5,38.855],[24.466,38.866],[24.43,38.866],[24.444,38.895],[24.462,38.929],[24.455,38.965],[24.48,38.987],[24.511,38.971],[24.54,38.951],[24.577,38.93],[24.574,38.896],[24.599,38.87],[24.627,38.851],[24.656,38.834],[24.682,38.812],[24.687,38.781],[24.66,38.766],[24.63,38.767],[24.628,38.746]],[[24.161,39.358],[24.133,39.374],[24.155,39.402],[24.172,39.434],[24.184,39.405],[24.177,39.376],[24.161,39.358]],[[24.328,39.329],[24.317,39.366],[24.333,39.34],[24.328,39.329]],[[24.115,39.054],[24.087,39.073],[24.091,39.107],[24.125,39.103],[24.128,39.073],[24.115,39.054]],[[23.728,39.067],[23.651,39.084],[23.649,39.123],[23.626,39.142],[23.605,39.168],[23.587,39.193],[23.616,39.212],[23.639,39.188],[23.665,39.167],[23.698,39.159],[23.726,39.144],[23.787,39.133],[23.765,39.084],[23.735,39.071],[23.728,39.067]],[[23.533,35.35],[23.53,35.387],[23.552,35.42],[23.554,35.456],[23.574,35.484],[23.562,35.512],[23.57,35.544],[23.579,35.581],[23.596,35.608],[23.609,35.573],[23.617,35.522],[23.648,35.505],[23.681,35.504],[23.716,35.509],[23.726,35.541],[23.717,35.573],[23.708,35.602],[23.701,35.635],[23.71,35.666],[23.73,35.691],[23.76,35.684],[23.767,35.652],[23.776,35.615],[23.783,35.585],[23.784,35.547],[23.825,35.538],[23.857,35.529],[23.89,35.525],[23.923,35.521],[23.973,35.517],[24.006,35.52],[24.04,35.524],[24.051,35.554],[24.083,35.56],[24.068,35.587],[24.098,35.599],[24.135,35.604],[24.165,35.592],[24.195,35.565],[24.204,35.535],[24.187,35.506],[24.16,35.491],[24.127,35.499],[24.085,35.505],[24.106,35.483],[24.14,35.471],[24.169,35.462],[24.203,35.455],[24.235,35.474],[24.263,35.451],[24.275,35.418],[24.266,35.388],[24.277,35.359],[24.358,35.354],[24.39,35.363],[24.419,35.371],[24.452,35.37],[24.486,35.37],[24.518,35.375],[24.561,35.38],[24.59,35.388],[24.618,35.404],[24.646,35.417],[24.677,35.421],[24.735,35.429],[24.766,35.42],[24.798,35.416],[24.832,35.416],[24.874,35.413],[24.906,35.416],[24.952,35.408],[24.968,35.434],[24.994,35.417],[25.024,35.419],[25.049,35.402],[25.042,35.36],[25.067,35.342],[25.108,35.342],[25.144,35.346],[25.175,35.351],[25.2,35.333],[25.232,35.333],[25.265,35.334],[25.333,35.338],[25.386,35.341],[25.41,35.309],[25.469,35.296],[25.502,35.305],[25.535,35.32],[25.566,35.32],[25.598,35.334],[25.64,35.342],[25.669,35.349],[25.7,35.337],[25.731,35.341],[25.765,35.342],[25.752,35.309],[25.758,35.279],[25.761,35.249],[25.74,35.229],[25.722,35.195],[25.717,35.164],[25.73,35.136],[25.766,35.133],[25.806,35.116],[25.833,35.135],[25.854,35.163],[25.891,35.177],[25.944,35.184],[25.966,35.205],[26.004,35.205],[26.023,35.23],[26.058,35.238],[26.085,35.221],[26.121,35.228],[26.137,35.199],[26.17,35.205],[26.195,35.23],[26.22,35.252],[26.237,35.284],[26.271,35.284],[26.285,35.313],[26.317,35.319],[26.301,35.291],[26.271,35.27],[26.276,35.235],[26.277,35.205],[26.312,35.201],[26.294,35.17],[26.288,35.138],[26.273,35.101],[26.259,35.073],[26.238,35.044],[26.21,35.021],[26.16,35.012],[26.131,34.996],[26.091,34.997],[26.069,35.02],[26.035,35.009],[26.006,35.017],[25.984,35.038],[25.944,35.03],[25.906,35.029],[25.877,35.02],[25.848,35.012],[25.818,35.003],[25.785,34.996],[25.756,35.005],[25.723,35.008],[25.677,35.012],[25.596,35.004],[25.56,34.995],[25.523,34.987],[25.49,34.98],[25.423,34.987],[25.392,34.996],[25.361,34.988],[25.332,34.979],[25.284,34.983],[25.26,34.962],[25.227,34.954],[25.185,34.946],[25.155,34.949],[25.123,34.945],[25.096,34.929],[25.04,34.937],[24.99,34.93],[24.956,34.926],[24.921,34.924],[24.89,34.926],[24.859,34.938],[24.819,34.937],[24.765,34.921],[24.729,34.922],[24.745,34.96],[24.741,34.991],[24.758,35.027],[24.75,35.058],[24.731,35.084],[24.701,35.092],[24.645,35.096],[24.61,35.096],[24.573,35.104],[24.545,35.119],[24.519,35.141],[24.49,35.149],[24.456,35.146],[24.427,35.159],[24.393,35.171],[24.365,35.184],[24.327,35.184],[24.294,35.179],[24.252,35.18],[24.215,35.191],[24.181,35.195],[24.139,35.192],[24.11,35.199],[24.073,35.192],[24.031,35.192],[23.994,35.224],[23.96,35.226],[23.919,35.221],[23.864,35.234],[23.835,35.242],[23.802,35.238],[23.773,35.229],[23.74,35.237],[23.7,35.238],[23.673,35.22],[23.644,35.233],[23.608,35.229],[23.577,35.237],[23.565,35.266],[23.533,35.267],[23.512,35.292],[23.531,35.32],[23.533,35.35]],[[26.533,39.021],[26.546,38.988],[26.519,38.967],[26.481,38.97],[26.448,38.963],[26.416,38.958],[26.385,38.967],[26.323,38.976],[26.294,38.992],[26.265,39.005],[26.231,39.013],[26.187,39.017],[26.156,39.016],[26.121,39.052],[26.094,39.067],[26.106,39.095],[26.138,39.091],[26.167,39.11],[26.202,39.13],[26.231,39.141],[26.269,39.155],[26.291,39.181],[26.26,39.201],[26.227,39.201],[26.194,39.199],[26.159,39.183],[26.148,39.154],[26.124,39.127],[26.106,39.101],[26.077,39.084],[26.04,39.092],[26.01,39.104],[25.975,39.105],[25.942,39.119],[25.894,39.138],[25.868,39.155],[25.829,39.185],[25.846,39.21],[25.857,39.238],[25.867,39.269],[25.899,39.284],[25.944,39.283],[25.975,39.288],[26.006,39.291],[26.038,39.299],[26.077,39.304],[26.105,39.317],[26.135,39.317],[26.165,39.326],[26.174,39.36],[26.209,39.379],[26.24,39.384],[26.31,39.379],[26.344,39.392],[26.371,39.375],[26.372,39.342],[26.404,39.346],[26.42,39.313],[26.392,39.29],[26.414,39.259],[26.444,39.242],[26.473,39.229],[26.495,39.202],[26.51,39.176],[26.546,39.164],[26.554,39.131],[26.566,39.102],[26.589,39.076],[26.609,39.052],[26.616,39.014],[26.585,39.009],[26.555,39.012],[26.533,39.021]],[[28.229,36.45],[28.233,36.417],[28.251,36.39],[28.208,36.347],[28.216,36.318],[28.188,36.298],[28.17,36.267],[28.163,36.235],[28.145,36.21],[28.119,36.183],[28.092,36.162],[28.076,36.135],[28.103,36.108],[28.09,36.08],[28.06,36.059],[28.019,36.074],[27.985,36.058],[27.955,36.045],[27.926,36.01],[27.909,35.985],[27.888,35.957],[27.867,35.931],[27.844,35.912],[27.815,35.899],[27.785,35.887],[27.746,35.876],[27.748,35.908],[27.724,35.936],[27.734,35.969],[27.746,35.998],[27.755,36.031],[27.758,36.094],[27.727,36.108],[27.705,36.139],[27.719,36.17],[27.748,36.187],[27.778,36.205],[27.788,36.244],[27.805,36.274],[27.835,36.283],[27.859,36.302],[27.881,36.326],[27.914,36.345],[27.948,36.354],[27.977,36.367],[28.006,36.376],[28.035,36.391],[28.069,36.405],[28.098,36.413],[28.127,36.421],[28.167,36.426],[28.203,36.438],[28.224,36.463],[28.229,36.45]],[[25.438,40.017],[25.445,39.98],[25.417,39.965],[25.392,39.945],[25.392,39.913],[25.358,39.907],[25.341,39.878],[25.345,39.839],[25.376,39.813],[25.359,39.788],[25.327,39.784],[25.287,39.808],[25.263,39.83],[25.24,39.849],[25.267,39.868],[25.263,39.902],[25.227,39.901],[25.224,39.864],[25.192,39.856],[25.212,39.827],[25.23,39.801],[25.196,39.795],[25.155,39.797],[25.147,39.828],[25.124,39.849],[25.093,39.837],[25.06,39.833],[25.038,39.855],[25.051,39.882],[25.066,39.91],[25.045,39.938],[25.046,39.978],[25.106,39.996],[25.147,40.009],[25.177,39.997],[25.212,39.999],[25.243,40.0],[25.276,39.991],[25.277,39.959],[25.32,39.972],[25.349,39.989],[25.37,40.01],[25.406,40.011],[25.437,40.038],[25.438,40.017]],[[27.042,37.733],[27.071,37.725],[27.048,37.705],[27.017,37.699],[26.981,37.704],[26.927,37.687],[26.888,37.665],[26.865,37.637],[26.823,37.637],[26.78,37.656],[26.748,37.695],[26.677,37.708],[26.642,37.699],[26.615,37.679],[26.584,37.676],[26.579,37.713],[26.602,37.77],[26.64,37.776],[26.664,37.795],[26.698,37.801],[26.727,37.812],[26.76,37.813],[26.819,37.812],[26.852,37.808],[26.885,37.78],[26.931,37.774],[26.964,37.755],[26.945,37.783],[26.974,37.791],[27.005,37.803],[27.027,37.779],[27.07,37.783],[27.034,37.762],[27.042,37.733]],[[24.69,37.916],[24.683,37.945],[24.698,37.971],[24.735,37.991],[24.766,38.001],[24.796,37.991],[24.819,37.97],[24.83,37.94],[24.852,37.916],[24.883,37.904],[24.916,37.904],[24.948,37.908],[24.962,37.877],[24.945,37.851],[24.974,37.828],[24.971,37.798],[24.954,37.772],[24.994,37.776],[24.991,37.74],[24.974,37.713],[24.967,37.684],[24.935,37.691],[24.909,37.713],[24.895,37.744],[24.869,37.763],[24.845,37.787],[24.824,37.812],[24.792,37.819],[24.787,37.849],[24.765,37.875],[24.735,37.876],[24.705,37.881],[24.695,37.912],[24.69,37.916]],[[22.913,36.249],[22.916,36.281],[22.904,36.311],[22.901,36.344],[22.92,36.369],[22.948,36.387],[22.967,36.36],[22.984,36.331],[23.01,36.309],[23.04,36.296],[23.073,36.271],[23.103,36.253],[23.099,36.223],[23.065,36.221],[23.051,36.19],[23.058,36.152],[23.037,36.129],[22.997,36.142],[22.965,36.146],[22.937,36.16],[22.921,36.186],[22.909,36.219],[22.913,36.249]],[[26.763,37.183],[26.768,37.217],[26.789,37.191],[26.821,37.199],[26.857,37.191],[26.837,37.166],[26.874,37.162],[26.883,37.132],[26.892,37.102],[26.923,37.074],[26.956,37.066],[26.985,37.049],[26.998,37.021],[27.041,37.016],[27.049,36.985],[27.052,36.955],[26.998,36.946],[26.938,36.926],[26.913,36.947],[26.925,36.992],[26.938,37.024],[26.908,37.042],[26.885,37.066],[26.882,37.1],[26.845,37.095],[26.819,37.112],[26.819,37.145],[26.791,37.162],[26.763,37.183]],[[25.181,37.526],[25.147,37.538],[25.113,37.547],[25.094,37.579],[25.06,37.592],[25.031,37.613],[25.006,37.633],[24.977,37.654],[24.995,37.679],[25.031,37.679],[25.059,37.668],[25.094,37.651],[25.133,37.645],[25.165,37.641],[25.206,37.637],[25.235,37.624],[25.255,37.598],[25.233,37.555],[25.215,37.529],[25.181,37.526]],[[26.044,36.917],[26.073,36.908],[26.025,36.896],[25.994,36.88],[25.952,36.855],[25.919,36.83],[25.894,36.805],[25.869,36.787],[25.837,36.779],[25.806,36.767],[25.775,36.766],[25.743,36.784],[25.741,36.815],[25.773,36.812],[25.819,36.816],[25.85,36.818],[25.837,36.846],[25.877,36.863],[25.915,36.871],[25.884,36.886],[25.925,36.892],[25.956,36.895],[25.969,36.929],[26.002,36.941],[26.031,36.926],[26.044,36.917]],[[26.388,36.571],[26.362,36.542],[26.371,36.513],[26.34,36.512],[26.306,36.512],[26.283,36.535],[26.258,36.556],[26.259,36.594],[26.306,36.599],[26.341,36.583],[26.337,36.616],[26.363,36.598],[26.396,36.592],[26.378,36.62],[26.403,36.645],[26.435,36.621],[26.47,36.594],[26.437,36.586],[26.409,36.57],[26.388,36.571]],[[23.971,39.242],[23.996,39.216],[23.992,39.184],[23.969,39.163],[23.937,39.178],[23.965,39.195],[23.966,39.226],[23.971,39.242]],[[24.896,37.451],[24.892,37.485],[24.875,37.511],[24.919,37.508],[24.946,37.49],[24.954,37.448],[24.967,37.421],[24.947,37.379],[24.915,37.376],[24.884,37.362],[24.87,37.391],[24.871,37.422],[24.888,37.449],[24.896,37.451]],[[24.654,37.006],[24.633,37.037],[24.673,37.03],[24.706,37.021],[24.727,36.999],[24.75,36.978],[24.766,36.947],[24.74,36.926],[24.725,36.895],[24.695,36.906],[24.679,36.935],[24.663,36.965],[24.669,36.995],[24.654,37.006]],[[23.971,39.242],[23.949,39.219],[23.933,39.194],[23.913,39.17],[23.881,39.146],[23.856,39.13],[23.826,39.142],[23.848,39.163],[23.875,39.176],[23.858,39.203],[23.879,39.224],[23.912,39.239],[23.93,39.269],[23.946,39.295],[23.977,39.274],[23.971,39.244],[23.971,39.242]],[[27.854,36.533],[27.824,36.542],[27.808,36.567],[27.777,36.587],[27.79,36.616],[27.813,36.641],[27.844,36.663],[27.831,36.634],[27.866,36.634],[27.883,36.602],[27.875,36.57],[27.86,36.538],[27.854,36.533]],[[27.44,36.391],[27.406,36.38],[27.376,36.381],[27.358,36.41],[27.326,36.42],[27.291,36.422],[27.295,36.46],[27.328,36.458],[27.344,36.484],[27.374,36.469],[27.389,36.442],[27.393,36.412],[27.428,36.404],[27.44,36.391]],[[26.501,37.599],[26.495,37.646],[26.531,37.646],[26.551,37.621],[26.571,37.597],[26.541,37.587],[26.505,37.578],[26.517,37.55],[26.5,37.525],[26.482,37.553],[26.462,37.575],[26.433,37.567],[26.397,37.576],[26.424,37.592],[26.457,37.596],[26.486,37.609],[26.501,37.599]],[[23.513,39.158],[23.477,39.158],[23.466,39.126],[23.44,39.142],[23.406,39.145],[23.415,39.176],[23.442,39.192],[23.463,39.217],[23.495,39.203],[23.517,39.176],[23.513,39.158]],[[25.058,39.533],[25.039,39.508],[25.014,39.491],[24.992,39.469],[24.97,39.494],[24.974,39.527],[24.991,39.552],[25.031,39.554],[25.056,39.534],[25.058,39.533]],[[26.599,37.366],[26.617,37.334],[26.585,37.337],[26.558,37.318],[26.576,37.268],[26.542,37.272],[26.53,37.319],[26.534,37.354],[26.56,37.379],[26.599,37.366]],[[24.042,39.317],[24.045,39.348],[24.066,39.371],[24.096,39.357],[24.099,39.309],[24.071,39.291],[24.047,39.312],[24.042,39.317]],[[25.218,37.441],[25.25,37.424],[25.283,37.411],[25.278,37.376],[25.244,37.376],[25.214,37.371],[25.229,37.398],[25.196,37.423],[25.218,37.441]],[[26.275,38.5],[26.244,38.503],[26.214,38.508],[26.179,38.545],[26.215,38.542],[26.243,38.53],[26.277,38.524],[26.301,38.499],[26.275,38.5]],[[26.796,37.288],[26.763,37.276],[26.731,37.299],[26.717,37.328],[26.747,37.313],[26.781,37.312],[26.796,37.288]],[[25.652,36.912],[25.68,36.893],[25.651,36.87],[25.622,36.88],[25.634,36.908],[25.652,36.912]],[[25.788,37.101],[25.808,37.127],[25.836,37.137],[25.842,37.106],[25.81,37.088],[25.788,37.101]],[[26.738,37.363],[26.703,37.354],[26.727,37.374],[26.708,37.407],[26.748,37.388],[26.763,37.358],[26.738,37.363]],[[25.326,36.444],[25.357,36.453],[25.353,36.409],[25.32,36.418],[25.326,36.444]],[[27.726,36.277],[27.709,36.248],[27.683,36.267],[27.724,36.287],[27.726,36.277]],[[26.885,37.004],[26.913,37.021],[26.925,36.992],[26.895,37.005],[26.885,37.004]],[[26.408,36.054],[26.388,36.082],[26.409,36.06],[26.408,36.054]]]}},{"type":"Feature","properties":{"HYBAS_ID":2040065840,"MAIN_BAS":2040065840,"NEXT_DOWN":0,"SUB_AREA":3147.6,"UP_AREA":3147.6,"ENDO":0},"geometry":{"type":"Polygon","coordinates":[[[53.653,36.842],[53.623,36.849],[53.655,36.847],[53.653,36.842]],[[53.267,36.763],[53.246,36.789],[53.246,36.823],[53.298,36.846],[53.352,36.855],[53.385,36.859],[53.423,36.863],[53.46,36.867],[53.498,36.871],[53.544,36.876],[53.59,36.88],[53.64,36.884],[53.69,36.888],[53.727,36.892],[53.773,36.896],[53.806,36.901],[53.894,36.905],[53.96,36.909],[53.994,36.917],[54.02,36.901],[53.977,36.899],[53.935,36.895],[53.881,36.887],[53.848,36.883],[53.794,36.876],[53.756,36.87],[53.715,36.862],[53.673,36.859],[53.631,36.863],[53.594,36.862],[53.556,36.858],[53.587,36.851],[53.565,36.826],[53.531,36.833],[53.5,36.829],[53.469,36.837],[53.429,36.841],[53.442,36.809],[53.473,36.799],[53.508,36.808],[53.536,36.791],[53.602,36.784],[53.64,36.788],[53.673,36.8],[53.702,36.791],[53.744,36.787],[53.777,36.791],[53.827,36.787],[53.86,36.784],[53.894,36.78],[53.927,36.784],[53.96,36.788],[53.994,36.796],[54.023,36.808],[54.037,36.835],[54.045,36.869],[54.041,36.902],[54.046,36.943],[54.028,36.97],[53.991,36.972],[54.025,36.988],[54.049,36.96],[54.079,36.945],[54.102,36.921],[54.135,36.95],[54.183,36.95],[54.227,36.955],[54.264,36.951],[54.298,36.941],[54.343,36.941],[54.377,36.955],[54.406,36.966],[54.436,36.971],[54.473,36.983],[54.504,36.971],[54.541,36.949],[54.546,36.873],[54.566,36.84],[54.583,36.815],[54.608,36.791],[54.621,36.756],[54.635,36.726],[54.677,36.712],[54.71,36.709],[54.72,36.664],[54.709,36.635],[54.664,36.634],[54.627,36.638],[54.59,36.633],[54.559,36.652],[54.538,36.677],[54.502,36.659],[54.473,36.638],[54.444,36.621],[54.413,36.617],[54.39,36.637],[54.356,36.651],[54.322,36.641],[54.296,36.663],[54.265,36.655],[54.246,36.679],[54.198,36.675],[54.165,36.667],[54.129,36.663],[54.098,36.666],[54.056,36.662],[54.006,36.645],[53.964,36.641],[53.933,36.642],[53.838,36.638],[53.807,36.637],[53.774,36.655],[53.72,36.646],[53.687,36.642],[53.646,36.638],[53.614,36.63],[53.581,36.633],[53.544,36.624],[53.509,36.616],[53.477,36.629],[53.44,36.633],[53.41,36.626],[53.356,36.638],[53.327,36.646],[53.304,36.69],[53.28,36.715],[53.267,36.763]]]}},{"type":"Feature","properties":{"HYBAS_ID":2040065970,"MAIN_BAS":2040065970,"NEXT_DOWN":0,"SUB_AREA":1605.7,"UP_AREA":1605.7,"ENDO":0},"geometry":{"type":"Polygon","coordinates":[[[54.113,37.421],[54.143,37.409],[54.173,37.404],[54.203,37.395],[54.22,37.365],[54.252,37.363],[54.298,37.371],[54.386,37.375],[54.425,37.383],[54.454,37.373],[54.481,37.358],[54.512,37.354],[54.534,37.33],[54.563,37.311],[54.571,37.277],[54.607,37.262],[54.633,37.277],[54.666,37.283],[54.687,37.248],[54.676,37.215],[54.654,37.189],[54.622,37.175],[54.594,37.155],[54.558,37.171],[54.526,37.166],[54.493,37.154],[54.443,37.15],[54.413,37.15],[54.358,37.158],[54.319,37.142],[54.282,37.138],[54.252,37.129],[54.21,37.138],[54.184,37.123],[54.169,37.092],[54.141,37.072],[54.123,37.046],[54.094,37.059],[54.055,37.049],[54.045,37.014],[54.025,36.992],[54.038,37.021],[54.034,37.052],[54.029,37.086],[54.016,37.115],[54.005,37.144],[53.995,37.181],[53.987,37.226],[53.995,37.26],[53.987,37.31],[53.978,37.341],[53.951,37.369],[53.945,37.406],[53.979,37.398],[54.011,37.409],[54.041,37.417],[54.077,37.43],[54.11,37.421],[54.113,37.421]]]}},{"type":"Feature","properties":{"HYBAS_ID":2040066030,"MAIN_BAS":2040066030,"NEXT_DOWN":0,"SUB_AREA":36400.6,"UP_AREA":36401.2,"ENDO":0},"geometry":{"type":"Polygon","coordinates":[[[55.638,38.563],[55.633,38.608],[55.665,38.621],[55.698,38.626],[55.724,38.642],[55.753,38.659],[55.786,38.671],[55.814,38.663],[55.816,38.631],[55.849,38.63],[55.878,38.62],[55.91,38.629],[55.942,38.638],[55.941,38.605],[55.968,38.591],[55.992,38.615],[56.018,38.641],[56.052,38.646],[56.085,38.654],[56.119,38.663],[56.15,38.671],[56.194,38.675],[56.232,38.68],[56.273,38.68],[56.307,38.679],[56.325,38.652],[56.338,38.623],[56.358,38.59],[56.362,38.548],[56.39,38.53],[56.421,38.533],[56.453,38.529],[56.486,38.524],[56.527,38.521],[56.564,38.541],[56.602,38.554],[56.645,38.545],[56.67,38.52],[56.687,38.494],[56.721,38.488],[56.752,38.487],[56.807,38.479],[56.852,38.47],[56.885,38.474],[56.924,38.476],[56.956,38.48],[56.976,38.431],[56.979,38.393],[56.97,38.364],[56.946,38.346],[56.99,38.325],[57.02,38.308],[57.05,38.304],[57.073,38.283],[57.102,38.275],[57.131,38.283],[57.16,38.271],[57.194,38.275],[57.227,38.271],[57.246,38.248],[57.264,38.221],[57.292,38.202],[57.292,38.164],[57.32,38.145],[57.341,38.119],[57.366,38.095],[57.374,38.059],[57.362,38.002],[57.382,37.979],[57.414,37.95],[57.45,37.942],[57.481,37.945],[57.505,37.926],[57.535,37.929],[57.569,37.934],[57.602,37.93],[57.633,37.925],[57.66,37.909],[57.711,37.901],[57.745,37.909],[57.778,37.895],[57.823,37.867],[57.813,37.836],[57.843,37.813],[57.881,37.805],[57.914,37.796],[57.942,37.779],[57.977,37.77],[58.011,37.762],[58.04,37.754],[58.069,37.734],[58.098,37.721],[58.122,37.692],[58.154,37.692],[58.196,37.688],[58.202,37.658],[58.226,37.634],[58.256,37.624],[58.25,37.592],[58.28,37.588],[58.296,37.556],[58.304,37.525],[58.292,37.494],[58.323,37.467],[58.357,37.462],[58.371,37.434],[58.367,37.4],[58.402,37.384],[58.431,37.371],[58.46,37.363],[58.488,37.35],[58.523,37.33],[58.569,37.32],[58.604,37.317],[58.641,37.311],[58.669,37.295],[58.698,37.28],[58.731,37.259],[58.76,37.234],[58.79,37.229],[58.817,37.213],[58.852,37.201],[58.882,37.195],[58.906,37.171],[58.944,37.142],[58.971,37.125],[58.995,37.103],[59.019,37.08],[59.048,37.059],[59.0,37.054],[58.978,37.033],[58.946,37.01],[58.925,36.979],[58.89,36.995],[58.843,37.005],[58.818,37.021],[58.785,37.03],[58.757,37.045],[58.71,37.055],[58.635,37.063],[58.606,37.051],[58.577,37.038],[58.548,37.029],[58.519,37.001],[58.489,36.992],[58.436,37.0],[58.411,36.984],[58.38,36.965],[58.335,36.958],[58.3,36.958],[58.265,36.954],[58.222,36.966],[58.19,36.967],[58.155,36.966],[58.124,36.97],[58.096,36.998],[58.056,37.017],[58.022,37.026],[58.008,37.054],[57.973,37.063],[57.938,37.058],[57.922,37.084],[57.895,37.102],[57.87,37.136],[57.84,37.146],[57.82,37.175],[57.79,37.196],[57.759,37.213],[57.719,37.23],[57.686,37.23],[57.652,37.226],[57.638,37.254],[57.607,37.242],[57.573,37.237],[57.541,37.229],[57.52,37.258],[57.49,37.254],[57.452,37.267],[57.422,37.266],[57.378,37.271],[57.36,37.245],[57.327,37.255],[57.291,37.259],[57.254,37.255],[57.223,37.254],[57.19,37.258],[57.156,37.263],[57.123,37.267],[57.094,37.291],[57.06,37.3],[57.058,37.35],[57.023,37.355],[56.971,37.367],[56.936,37.37],[56.906,37.38],[56.873,37.388],[56.836,37.392],[56.806,37.387],[56.769,37.383],[56.74,37.395],[56.711,37.404],[56.673,37.4],[56.639,37.387],[56.608,37.383],[56.585,37.405],[56.548,37.412],[56.517,37.417],[56.504,37.453],[56.471,37.45],[56.438,37.428],[56.407,37.433],[56.373,37.433],[56.343,37.425],[56.315,37.409],[56.278,37.404],[56.237,37.405],[56.205,37.405],[56.173,37.391],[56.148,37.374],[56.117,37.367],[56.086,37.374],[56.06,37.392],[56.001,37.405],[56.005,37.444],[56.013,37.478],[56.044,37.492],[56.061,37.517],[56.074,37.548],[56.071,37.591],[56.058,37.623],[56.033,37.653],[56.008,37.677],[56.02,37.71],[55.994,37.726],[55.963,37.73],[55.941,37.756],[55.891,37.767],[55.861,37.766],[55.814,37.77],[55.777,37.771],[55.729,37.767],[55.698,37.77],[55.663,37.767],[55.631,37.775],[55.602,37.784],[55.564,37.783],[55.535,37.77],[55.502,37.759],[55.431,37.75],[55.402,37.73],[55.373,37.716],[55.34,37.72],[55.309,37.72],[55.309,37.689],[55.32,37.662],[55.338,37.634],[55.349,37.606],[55.331,37.58],[55.338,37.55],[55.315,37.53],[55.286,37.513],[55.258,37.5],[55.279,37.463],[55.267,37.431],[55.246,37.408],[55.238,37.377],[55.206,37.359],[55.169,37.342],[55.144,37.326],[55.123,37.296],[55.073,37.279],[55.044,37.266],[55.01,37.275],[54.977,37.28],[54.943,37.288],[54.902,37.284],[54.859,37.284],[54.827,37.283],[54.788,37.279],[54.748,37.27],[54.723,37.254],[54.699,37.226],[54.68,37.256],[54.656,37.284],[54.621,37.265],[54.59,37.27],[54.558,37.289],[54.554,37.319],[54.529,37.341],[54.498,37.355],[54.467,37.358],[54.449,37.383],[54.413,37.383],[54.302,37.375],[54.268,37.37],[54.235,37.362],[54.212,37.382],[54.185,37.396],[54.156,37.405],[54.127,37.416],[54.098,37.43],[54.067,37.429],[54.027,37.416],[53.998,37.404],[53.966,37.412],[53.951,37.443],[53.942,37.477],[53.955,37.506],[53.938,37.534],[53.929,37.565],[53.926,37.611],[53.959,37.622],[53.976,37.648],[53.984,37.678],[54.009,37.699],[54.033,37.727],[54.086,37.755],[54.114,37.767],[54.148,37.77],[54.185,37.774],[54.219,37.795],[54.233,37.827],[54.241,37.859],[54.277,37.876],[54.31,37.88],[54.336,37.896],[54.373,37.912],[54.406,37.916],[54.437,37.898],[54.465,37.883],[54.502,37.879],[54.535,37.891],[54.562,37.909],[54.584,37.934],[54.617,37.945],[54.649,37.958],[54.673,37.983],[54.706,37.979],[54.752,37.97],[54.802,37.967],[54.827,37.984],[54.854,38.0],[54.885,38.005],[54.915,37.999],[54.944,37.98],[54.977,37.971],[55.006,37.979],[55.033,37.994],[55.065,38.001],[55.095,38.01],[55.129,38.029],[55.152,38.074],[55.179,38.094],[55.188,38.127],[55.174,38.158],[55.183,38.194],[55.17,38.232],[55.199,38.26],[55.205,38.294],[55.225,38.318],[55.254,38.352],[55.287,38.372],[55.31,38.404],[55.335,38.421],[55.373,38.417],[55.404,38.433],[55.428,38.455],[55.462,38.485],[55.514,38.525],[55.539,38.541],[55.565,38.559],[55.593,38.57],[55.638,38.563]]]}},{"type":"Feature","properties":{"HYBAS_ID":2040066040,"MAIN_BAS":2040066040,"NEXT_DOWN":0,"SUB_AREA":21400.0,"UP_AREA":21400.0,"ENDO":0},"geometry":{"type":"Polygon","coordinates":[[[53.657,39.613],[53.653,39.646],[53.641,39.613],[53.657,39.613]],[[53.519,39.529],[53.495,39.55],[53.474,39.595],[53.499,39.617],[53.529,39.607],[53.548,39.583],[53.553,39.55],[53.521,39.551],[53.519,39.529]],[[53.074,38.792],[53.055,38.844],[53.042,38.881],[53.034,38.96],[53.038,39.015],[53.034,39.052],[53.045,39.081],[53.066,39.109],[53.058,39.075],[53.059,38.915],[53.066,38.881],[53.071,38.823],[53.074,38.792]],[[53.582,39.196],[53.574,39.227],[53.583,39.198],[53.582,39.196]],[[53.658,39.571],[53.638,39.602],[53.612,39.577],[53.583,39.565],[53.555,39.588],[53.569,39.617],[53.592,39.591],[53.601,39.624],[53.63,39.635],[53.606,39.655],[53.581,39.638],[53.571,39.669],[53.539,39.667],[53.505,39.663],[53.483,39.692],[53.513,39.697],[53.491,39.723],[53.455,39.726],[53.473,39.692],[53.442,39.694],[53.429,39.721],[53.434,39.765],[53.412,39.791],[53.438,39.814],[53.462,39.852],[53.477,39.879],[53.508,39.902],[53.53,39.924],[53.56,39.926],[53.591,39.951],[53.623,39.945],[53.656,39.942],[53.675,39.914],[53.65,39.882],[53.637,39.852],[53.625,39.823],[53.63,39.781],[53.642,39.747],[53.673,39.755],[53.712,39.785],[53.748,39.783],[53.763,39.752],[53.798,39.755],[53.832,39.758],[53.866,39.751],[53.892,39.767],[53.927,39.759],[53.965,39.75],[53.998,39.758],[54.032,39.763],[54.06,39.75],[54.066,39.717],[54.08,39.669],[54.111,39.659],[54.121,39.63],[54.112,39.591],[54.091,39.564],[54.064,39.545],[54.039,39.529],[54.006,39.516],[53.977,39.508],[53.947,39.495],[53.934,39.462],[53.916,39.435],[53.891,39.413],[53.871,39.377],[53.854,39.351],[53.855,39.318],[53.858,39.285],[53.845,39.238],[53.874,39.219],[53.895,39.195],[53.921,39.177],[53.939,39.146],[53.978,39.153],[54.002,39.105],[54.029,39.123],[54.013,39.151],[54.046,39.145],[54.06,39.112],[54.091,39.121],[54.116,39.09],[54.129,39.06],[54.137,39.031],[54.163,39.008],[54.17,39.038],[54.175,39.075],[54.224,39.072],[54.251,39.09],[54.291,39.08],[54.316,39.099],[54.348,39.096],[54.383,39.095],[54.413,39.104],[54.445,39.106],[54.477,39.113],[54.517,39.108],[54.554,39.104],[54.585,39.126],[54.607,39.146],[54.637,39.137],[54.666,39.13],[54.696,39.125],[54.748,39.121],[54.778,39.13],[54.812,39.123],[54.826,39.094],[54.833,39.064],[54.824,39.035],[54.816,39.006],[54.829,38.973],[54.839,38.942],[54.877,38.913],[54.907,38.908],[54.937,38.901],[54.973,38.899],[55.008,38.896],[55.045,38.923],[55.069,38.949],[55.098,38.958],[55.127,38.971],[55.155,38.99],[55.174,39.019],[55.171,39.05],[55.204,39.054],[55.238,39.058],[55.268,39.05],[55.299,39.049],[55.34,39.038],[55.377,39.021],[55.425,39.017],[55.457,39.004],[55.488,38.996],[55.516,38.983],[55.542,38.963],[55.573,38.976],[55.619,38.984],[55.648,38.991],[55.674,38.974],[55.727,38.988],[55.783,38.992],[55.792,38.963],[55.825,38.954],[55.809,38.911],[55.794,38.876],[55.761,38.871],[55.727,38.858],[55.708,38.822],[55.673,38.808],[55.638,38.792],[55.619,38.767],[55.589,38.745],[55.561,38.73],[55.529,38.721],[55.53,38.681],[55.529,38.638],[55.538,38.608],[55.569,38.612],[55.602,38.605],[55.633,38.608],[55.638,38.563],[55.608,38.571],[55.573,38.566],[55.544,38.542],[55.519,38.525],[55.488,38.498],[55.449,38.472],[55.413,38.454],[55.386,38.426],[55.349,38.421],[55.319,38.408],[55.292,38.386],[55.274,38.359],[55.225,38.323],[55.205,38.294],[55.199,38.26],[55.178,38.234],[55.176,38.202],[55.176,38.169],[55.188,38.139],[55.184,38.106],[55.164,38.079],[55.134,38.057],[55.105,38.029],[55.069,38.004],[55.033,37.996],[55.006,37.979],[54.977,37.971],[54.944,37.98],[54.915,37.999],[54.885,38.005],[54.854,38.0],[54.827,37.984],[54.802,37.967],[54.769,37.963],[54.731,37.971],[54.698,37.979],[54.663,37.983],[54.644,37.955],[54.606,37.946],[54.582,37.925],[54.548,37.896],[54.519,37.88],[54.469,37.88],[54.438,37.893],[54.406,37.916],[54.373,37.912],[54.344,37.904],[54.31,37.88],[54.277,37.876],[54.248,37.867],[54.222,37.849],[54.229,37.814],[54.211,37.788],[54.177,37.767],[54.141,37.771],[54.109,37.771],[54.043,37.754],[54.029,37.722],[54.005,37.694],[53.983,37.671],[53.974,37.642],[53.95,37.621],[53.925,37.583],[53.933,37.552],[53.959,37.518],[53.967,37.488],[53.941,37.464],[53.949,37.435],[53.929,37.461],[53.912,37.498],[53.904,37.536],[53.891,37.565],[53.876,37.594],[53.866,37.623],[53.854,37.652],[53.842,37.681],[53.834,37.71],[53.829,37.752],[53.821,37.808],[53.816,37.852],[53.813,37.933],[53.813,37.973],[53.817,38.006],[53.826,38.049],[53.834,38.081],[53.842,38.11],[53.851,38.144],[53.859,38.181],[53.863,38.227],[53.867,38.292],[53.871,38.377],[53.855,38.406],[53.845,38.448],[53.837,38.49],[53.829,38.529],[53.834,38.569],[53.845,38.598],[53.854,38.631],[53.863,38.661],[53.883,38.689],[53.897,38.72],[53.92,38.744],[53.933,38.773],[53.938,38.806],[53.958,38.839],[53.977,38.863],[53.999,38.889],[53.996,38.923],[53.985,38.954],[53.959,38.981],[53.929,38.973],[53.898,38.97],[53.883,39.0],[53.856,39.03],[53.821,39.033],[53.79,39.045],[53.756,39.037],[53.737,39.07],[53.722,39.096],[53.704,39.123],[53.721,39.148],[53.729,39.179],[53.701,39.162],[53.709,39.194],[53.712,39.224],[53.685,39.208],[53.672,39.18],[53.678,39.15],[53.678,39.113],[53.651,39.14],[53.634,39.169],[53.616,39.194],[53.627,39.229],[53.597,39.234],[53.565,39.233],[53.567,39.265],[53.587,39.294],[53.563,39.273],[53.542,39.297],[53.554,39.325],[53.53,39.304],[53.538,39.341],[53.506,39.326],[53.476,39.316],[53.454,39.342],[53.422,39.349],[53.394,39.379],[53.352,39.366],[53.32,39.362],[53.294,39.379],[53.22,39.392],[53.192,39.378],[53.22,39.363],[53.206,39.33],[53.188,39.302],[53.174,39.271],[53.187,39.244],[53.184,39.21],[53.17,39.256],[53.162,39.323],[53.149,39.352],[53.134,39.381],[53.116,39.407],[53.096,39.44],[53.116,39.469],[53.183,39.539],[53.201,39.566],[53.221,39.59],[53.238,39.619],[53.251,39.648],[53.262,39.677],[53.286,39.701],[53.319,39.701],[53.298,39.676],[53.283,39.647],[53.259,39.627],[53.251,39.594],[53.229,39.57],[53.248,39.546],[53.29,39.555],[53.34,39.559],[53.373,39.566],[53.41,39.567],[53.452,39.566],[53.478,39.549],[53.484,39.517],[53.513,39.502],[53.545,39.501],[53.59,39.495],[53.595,39.538],[53.603,39.567],[53.624,39.541],[53.655,39.529],[53.675,39.562],[53.708,39.564],[53.68,39.578],[53.658,39.571]]]}},{"type":"Feature","properties":{"HYBAS_ID":2040066340,"MAIN_BAS":2040066340,"NEXT_DOWN":0,"SUB_AREA":51498.9,"UP_AREA":51498.9,"ENDO":0},"geometry":{"type":"Polygon","coordinates":[[[55.242,40.467],[55.202,40.508],[55.169,40.524],[55.138,40.552],[55.133,40.586],[55.125,40.615],[55.116,40.648],[55.105,40.676],[55.091,40.72],[55.075,40.746],[55.055,40.773],[55.037,40.802],[55.021,40.831],[55.008,40.865],[55.004,40.896],[54.988,40.921],[54.97,40.948],[54.942,40.977],[54.926,41.002],[54.952,41.024],[54.994,41.054],[55.024,41.069],[55.052,41.091],[55.05,41.125],[55.037,41.157],[55.052,41.183],[55.067,41.231],[55.089,41.254],[55.073,41.28],[55.055,41.306],[55.063,41.336],[55.089,41.358],[55.12,41.38],[55.124,41.411],[55.157,41.434],[55.188,41.438],[55.214,41.458],[55.216,41.49],[55.252,41.501],[55.277,41.52],[55.306,41.537],[55.333,41.515],[55.366,41.49],[55.391,41.469],[55.418,41.445],[55.448,41.445],[55.468,41.421],[55.502,41.405],[55.54,41.391],[55.594,41.387],[55.628,41.396],[55.656,41.376],[55.681,41.351],[55.717,41.342],[55.756,41.345],[55.794,41.359],[55.816,41.385],[55.844,41.404],[55.863,41.433],[55.896,41.442],[55.924,41.424],[55.956,41.43],[55.985,41.445],[56.013,41.462],[56.054,41.467],[56.059,41.498],[56.088,41.515],[56.112,41.544],[56.134,41.567],[56.13,41.599],[56.161,41.616],[56.19,41.604],[56.22,41.602],[56.248,41.567],[56.281,41.562],[56.309,41.547],[56.333,41.527],[56.363,41.516],[56.394,41.525],[56.423,41.513],[56.452,41.509],[56.48,41.496],[56.507,41.47],[56.54,41.463],[56.578,41.441],[56.595,41.41],[56.604,41.368],[56.599,41.335],[56.576,41.31],[56.567,41.279],[56.575,41.246],[56.595,41.219],[56.654,41.173],[56.667,41.135],[56.675,41.104],[56.7,41.077],[56.714,41.046],[56.73,41.018],[56.744,40.991],[56.763,40.963],[56.766,40.931],[56.775,40.898],[56.792,40.868],[56.808,40.842],[56.834,40.798],[56.846,40.764],[56.863,40.735],[56.88,40.706],[56.9,40.683],[56.92,40.656],[56.945,40.627],[56.985,40.588],[57.021,40.588],[57.05,40.596],[57.094,40.605],[57.124,40.613],[57.154,40.596],[57.176,40.619],[57.178,40.653],[57.15,40.674],[57.129,40.707],[57.134,40.74],[57.145,40.768],[57.173,40.788],[57.206,40.775],[57.25,40.771],[57.254,40.802],[57.267,40.831],[57.271,40.864],[57.275,40.917],[57.299,40.94],[57.33,40.945],[57.341,40.975],[57.342,41.028],[57.359,41.061],[57.342,41.104],[57.366,41.127],[57.394,41.145],[57.419,41.162],[57.438,41.138],[57.452,41.109],[57.48,41.088],[57.476,41.052],[57.487,41.024],[57.533,41.026],[57.537,41.056],[57.573,41.054],[57.604,41.065],[57.612,41.019],[57.596,40.977],[57.601,40.935],[57.599,40.9],[57.628,40.878],[57.645,40.849],[57.63,40.806],[57.613,40.773],[57.595,40.748],[57.583,40.719],[57.575,40.688],[57.599,40.713],[57.62,40.683],[57.651,40.687],[57.674,40.666],[57.666,40.636],[57.676,40.605],[57.654,40.572],[57.627,40.587],[57.597,40.592],[57.587,40.563],[57.551,40.545],[57.527,40.521],[57.513,40.481],[57.49,40.455],[57.48,40.426],[57.461,40.396],[57.458,40.356],[57.441,40.327],[57.446,40.288],[57.467,40.263],[57.449,40.234],[57.481,40.224],[57.497,40.197],[57.531,40.199],[57.56,40.22],[57.588,40.233],[57.595,40.202],[57.605,40.173],[57.591,40.145],[57.561,40.142],[57.55,40.114],[57.555,40.068],[57.549,40.035],[57.545,40.002],[57.55,39.968],[57.555,39.918],[57.56,39.887],[57.588,39.858],[57.595,39.827],[57.596,39.794],[57.626,39.78],[57.658,39.769],[57.679,39.736],[57.708,39.72],[57.721,39.688],[57.734,39.66],[57.726,39.629],[57.69,39.629],[57.663,39.603],[57.652,39.574],[57.621,39.569],[57.593,39.554],[57.569,39.534],[57.551,39.509],[57.536,39.541],[57.505,39.556],[57.476,39.576],[57.47,39.606],[57.452,39.633],[57.445,39.663],[57.425,39.693],[57.425,39.725],[57.399,39.745],[57.37,39.737],[57.334,39.72],[57.31,39.692],[57.27,39.695],[57.241,39.712],[57.224,39.737],[57.202,39.716],[57.169,39.724],[57.138,39.732],[57.101,39.726],[57.071,39.71],[57.039,39.705],[57.011,39.72],[56.987,39.74],[56.943,39.738],[56.913,39.773],[56.871,39.767],[56.841,39.778],[56.809,39.783],[56.776,39.778],[56.761,39.749],[56.754,39.779],[56.736,39.754],[56.673,39.745],[56.639,39.726],[56.609,39.748],[56.577,39.742],[56.544,39.751],[56.51,39.755],[56.479,39.746],[56.448,39.742],[56.417,39.742],[56.378,39.741],[56.347,39.741],[56.315,39.713],[56.294,39.737],[56.263,39.742],[56.231,39.733],[56.197,39.746],[56.167,39.742],[56.11,39.737],[56.087,39.759],[56.055,39.741],[56.023,39.733],[55.99,39.733],[55.955,39.73],[55.974,39.756],[55.95,39.779],[55.918,39.774],[55.877,39.775],[55.843,39.787],[55.817,39.769],[55.792,39.749],[55.755,39.755],[55.717,39.766],[55.708,39.734],[55.709,39.701],[55.684,39.68],[55.706,39.659],[55.68,39.64],[55.659,39.615],[55.637,39.592],[55.602,39.58],[55.571,39.571],[55.544,39.555],[55.506,39.542],[55.456,39.542],[55.41,39.541],[55.369,39.542],[55.339,39.525],[55.312,39.509],[55.269,39.495],[55.24,39.484],[55.194,39.47],[55.165,39.455],[55.143,39.428],[55.113,39.399],[55.086,39.371],[55.052,39.367],[55.033,39.342],[55.062,39.324],[55.094,39.317],[55.152,39.325],[55.195,39.302],[55.22,39.273],[55.244,39.251],[55.262,39.223],[55.267,39.193],[55.287,39.161],[55.304,39.136],[55.309,39.106],[55.334,39.08],[55.311,39.059],[55.275,39.05],[55.243,39.05],[55.211,39.059],[55.177,39.054],[55.176,39.022],[55.155,38.99],[55.127,38.971],[55.098,38.958],[55.069,38.949],[55.046,38.927],[55.023,38.9],[54.983,38.892],[54.937,38.901],[54.907,38.908],[54.877,38.913],[54.853,38.941],[54.829,38.973],[54.817,39.002],[54.824,39.035],[54.833,39.064],[54.826,39.094],[54.812,39.123],[54.783,39.142],[54.752,39.125],[54.719,39.12],[54.685,39.126],[54.654,39.141],[54.619,39.142],[54.585,39.126],[54.557,39.105],[54.526,39.1],[54.495,39.104],[54.46,39.108],[54.431,39.096],[54.398,39.096],[54.368,39.101],[54.333,39.087],[54.291,39.091],[54.262,39.098],[54.225,39.083],[54.19,39.084],[54.174,39.056],[54.163,39.008],[54.137,39.031],[54.129,39.06],[54.116,39.09],[54.099,39.115],[54.069,39.116],[54.049,39.14],[54.013,39.151],[54.029,39.123],[54.013,39.096],[53.979,39.126],[53.943,39.155],[53.921,39.177],[53.895,39.195],[53.874,39.219],[53.843,39.234],[53.846,39.273],[53.855,39.312],[53.854,39.351],[53.871,39.377],[53.888,39.413],[53.916,39.435],[53.934,39.462],[53.947,39.495],[53.977,39.508],[54.006,39.516],[54.039,39.529],[54.064,39.545],[54.091,39.564],[54.116,39.585],[54.131,39.616],[54.12,39.656],[54.086,39.658],[54.079,39.707],[54.079,39.75],[54.05,39.76],[54.018,39.758],[53.986,39.75],[53.957,39.758],[53.919,39.758],[53.888,39.761],[53.85,39.75],[53.821,39.763],[53.776,39.754],[53.757,39.778],[53.727,39.799],[53.696,39.769],[53.664,39.763],[53.631,39.759],[53.629,39.798],[53.625,39.831],[53.638,39.861],[53.67,39.902],[53.675,39.935],[53.665,39.966],[53.708,40.006],[53.725,40.048],[53.748,40.067],[53.782,40.066],[53.806,40.046],[53.848,40.055],[53.894,40.054],[53.923,40.041],[53.954,40.042],[53.98,40.062],[54.006,40.046],[54.013,39.998],[54.027,39.971],[54.057,39.979],[54.077,39.955],[54.105,39.97],[54.117,39.998],[54.145,40.031],[54.159,40.065],[54.179,40.094],[54.171,40.123],[54.195,40.148],[54.205,40.194],[54.225,40.227],[54.237,40.256],[54.246,40.311],[54.266,40.335],[54.304,40.331],[54.327,40.309],[54.36,40.284],[54.398,40.28],[54.427,40.292],[54.456,40.305],[54.471,40.335],[54.494,40.358],[54.518,40.379],[54.554,40.383],[54.538,40.409],[54.538,40.44],[54.51,40.454],[54.484,40.469],[54.511,40.484],[54.528,40.513],[54.557,40.525],[54.589,40.526],[54.624,40.512],[54.656,40.509],[54.691,40.503],[54.724,40.483],[54.756,40.508],[54.788,40.508],[54.831,40.508],[54.873,40.495],[54.906,40.471],[54.936,40.462],[54.967,40.458],[54.993,40.434],[55.027,40.43],[55.056,40.421],[55.085,40.409],[55.115,40.392],[55.149,40.399],[55.173,40.371],[55.25,40.358],[55.276,40.391],[55.243,40.4],[55.254,40.431],[55.237,40.457],[55.242,40.467]]]}},{"type":"Feature","properties":{"HYBAS_ID":2040066350,"MAIN_BAS":2040066350,"NEXT_DOWN":0,"SUB_AREA":4426.2,"UP_AREA":4426.2,"ENDO":0},"geometry":{"type":"Polygon","coordinates":[[[53.482,39.963],[53.452,39.976],[53.491,39.983],[53.482,39.963]],[[53.367,40.0],[53.339,39.983],[53.298,39.959],[53.265,39.967],[53.231,39.987],[53.202,39.997],[53.173,40.008],[53.14,40.008],[53.119,39.98],[53.087,39.984],[53.055,39.98],[53.008,40.005],[52.975,39.987],[52.94,40.001],[52.909,39.996],[52.916,39.966],[52.917,39.935],[52.928,39.906],[52.938,39.877],[52.965,39.858],[52.994,39.838],[53.01,39.812],[53.044,39.788],[53.074,39.778],[53.044,39.78],[53.083,39.745],[53.048,39.753],[53.019,39.77],[52.993,39.792],[52.98,39.823],[52.958,39.848],[52.931,39.866],[52.908,39.898],[52.891,39.927],[52.852,39.947],[52.826,39.965],[52.808,39.995],[52.769,40.005],[52.766,40.035],[52.745,40.06],[52.741,40.094],[52.755,40.123],[52.763,40.161],[52.751,40.194],[52.746,40.234],[52.72,40.256],[52.705,40.285],[52.709,40.344],[52.717,40.377],[52.729,40.406],[52.73,40.452],[52.734,40.485],[52.742,40.515],[52.762,40.544],[52.804,40.594],[52.825,40.624],[52.85,40.656],[52.863,40.683],[52.858,40.716],[52.829,40.734],[52.851,40.756],[52.87,40.781],[52.879,40.815],[52.891,40.852],[52.904,40.881],[52.913,40.911],[52.93,40.936],[52.942,40.965],[52.946,40.998],[52.925,41.031],[52.954,41.019],[52.97,40.99],[52.987,40.957],[52.992,40.913],[52.991,40.864],[52.969,40.838],[52.95,40.811],[52.946,40.781],[52.946,40.731],[52.955,40.689],[52.958,40.656],[52.945,40.623],[52.977,40.616],[53.008,40.61],[53.005,40.564],[53.013,40.53],[53.039,40.509],[53.067,40.496],[53.079,40.466],[53.099,40.442],[53.123,40.462],[53.158,40.463],[53.179,40.485],[53.202,40.508],[53.231,40.52],[53.261,40.529],[53.275,40.501],[53.259,40.469],[53.234,40.449],[53.224,40.419],[53.248,40.392],[53.267,40.317],[53.292,40.289],[53.305,40.256],[53.34,40.233],[53.373,40.237],[53.416,40.237],[53.444,40.226],[53.482,40.23],[53.519,40.22],[53.548,40.201],[53.581,40.199],[53.605,40.22],[53.634,40.197],[53.671,40.192],[53.699,40.209],[53.732,40.208],[53.771,40.192],[53.823,40.179],[53.869,40.17],[53.898,40.159],[53.929,40.154],[53.942,40.127],[53.96,40.092],[53.985,40.071],[53.964,40.045],[53.927,40.037],[53.894,40.054],[53.852,40.059],[53.823,40.046],[53.794,40.054],[53.759,40.067],[53.727,40.062],[53.725,40.027],[53.686,39.984],[53.655,39.983],[53.667,39.952],[53.633,39.954],[53.608,39.974],[53.637,39.962],[53.616,39.991],[53.573,40.005],[53.546,39.991],[53.501,40.005],[53.458,40.024],[53.427,40.034],[53.396,40.032],[53.376,39.999],[53.367,40.0]]]}},{"type":"Feature","properties":{"HYBAS_ID":2040066490,"MAIN_BAS":2040066490,"NEXT_DOWN":0,"SUB_AREA":58201.4,"UP_AREA":58201.4,"ENDO":0},"geometry":{"type":"Polygon","coordinates":[[[54.792,43.608],[54.829,43.627],[54.86,43.654],[54.894,43.641],[54.922,43.629],[54.956,43.624],[54.994,43.601],[55.05,43.592],[55.078,43.579],[55.083,43.546],[55.07,43.51],[55.059,43.477],[55.059,43.443],[55.049,43.402],[55.054,43.346],[55.077,43.32],[55.115,43.288],[55.105,43.257],[55.088,43.232],[55.075,43.2],[55.042,43.182],[55.014,43.146],[55.005,43.116],[54.984,43.094],[55.01,43.079],[55.03,43.039],[55.005,43.019],[54.98,42.994],[54.97,42.96],[54.952,42.934],[54.937,42.905],[54.91,42.887],[54.891,42.823],[54.888,42.789],[54.889,42.759],[54.908,42.731],[54.94,42.712],[54.988,42.7],[55.019,42.687],[55.052,42.666],[55.085,42.67],[55.105,42.63],[55.112,42.594],[55.138,42.563],[55.13,42.532],[55.118,42.505],[55.138,42.479],[55.129,42.393],[55.109,42.365],[55.088,42.342],[55.087,42.31],[55.117,42.293],[55.119,42.262],[55.13,42.227],[55.164,42.213],[55.194,42.208],[55.21,42.175],[55.248,42.179],[55.263,42.142],[55.246,42.102],[55.217,42.082],[55.213,42.034],[55.233,42.008],[55.225,41.964],[55.216,41.927],[55.2,41.9],[55.199,41.865],[55.183,41.838],[55.228,41.828],[55.246,41.796],[55.245,41.766],[55.262,41.74],[55.271,41.711],[55.27,41.676],[55.288,41.648],[55.296,41.617],[55.292,41.583],[55.313,41.554],[55.281,41.521],[55.252,41.501],[55.219,41.496],[55.226,41.466],[55.19,41.438],[55.157,41.434],[55.123,41.43],[55.126,41.395],[55.101,41.37],[55.077,41.346],[55.058,41.31],[55.073,41.28],[55.092,41.254],[55.063,41.241],[55.066,41.202],[55.04,41.171],[55.046,41.139],[55.05,41.106],[55.031,41.079],[55.002,41.055],[54.969,41.03],[54.93,41.016],[54.941,40.982],[54.97,40.948],[54.988,40.921],[55.004,40.896],[55.008,40.865],[55.02,40.836],[55.034,40.806],[55.05,40.781],[55.068,40.746],[55.091,40.72],[55.105,40.676],[55.116,40.648],[55.121,40.618],[55.13,40.589],[55.138,40.552],[55.163,40.529],[55.19,40.512],[55.227,40.484],[55.254,40.44],[55.243,40.4],[55.276,40.391],[55.261,40.363],[55.196,40.358],[55.159,40.384],[55.124,40.401],[55.093,40.405],[55.065,40.42],[55.035,40.425],[54.993,40.434],[54.967,40.458],[54.936,40.462],[54.906,40.471],[54.881,40.488],[54.852,40.496],[54.806,40.509],[54.771,40.513],[54.744,40.496],[54.692,40.492],[54.669,40.512],[54.635,40.504],[54.596,40.513],[54.579,40.546],[54.552,40.521],[54.518,40.512],[54.494,40.483],[54.51,40.454],[54.542,40.445],[54.538,40.409],[54.554,40.383],[54.523,40.383],[54.497,40.366],[54.471,40.335],[54.483,40.305],[54.452,40.304],[54.423,40.291],[54.375,40.279],[54.349,40.298],[54.31,40.324],[54.288,40.348],[54.263,40.332],[54.245,40.273],[54.233,40.242],[54.216,40.214],[54.204,40.173],[54.192,40.144],[54.174,40.119],[54.163,40.077],[54.154,40.048],[54.121,40.006],[54.112,39.972],[54.083,39.954],[54.057,39.979],[54.027,39.971],[54.013,39.998],[53.999,40.03],[53.984,40.059],[53.965,40.091],[53.945,40.123],[53.941,40.153],[53.906,40.159],[53.873,40.167],[53.827,40.176],[53.794,40.183],[53.738,40.192],[53.719,40.216],[53.683,40.208],[53.644,40.192],[53.633,40.224],[53.604,40.215],[53.577,40.196],[53.543,40.204],[53.509,40.222],[53.473,40.221],[53.44,40.229],[53.387,40.238],[53.357,40.23],[53.308,40.233],[53.304,40.269],[53.291,40.302],[53.266,40.386],[53.233,40.411],[53.233,40.444],[53.259,40.469],[53.271,40.498],[53.261,40.529],[53.231,40.52],[53.202,40.508],[53.179,40.485],[53.158,40.463],[53.129,40.458],[53.099,40.442],[53.079,40.466],[53.067,40.496],[53.039,40.509],[53.013,40.53],[53.009,40.56],[53.004,40.606],[52.973,40.62],[52.943,40.613],[52.951,40.644],[52.958,40.686],[52.95,40.718],[52.945,40.756],[52.946,40.792],[52.955,40.84],[52.984,40.852],[52.992,40.896],[52.991,40.936],[52.98,40.964],[52.955,41.006],[52.942,41.035],[52.912,41.053],[52.872,41.084],[52.867,41.115],[52.866,41.152],[52.858,41.194],[52.845,41.223],[52.837,41.261],[52.829,41.29],[52.816,41.323],[52.8,41.379],[52.805,41.418],[52.778,41.442],[52.759,41.465],[52.727,41.479],[52.702,41.499],[52.724,41.521],[52.738,41.565],[52.719,41.595],[52.684,41.597],[52.656,41.612],[52.631,41.63],[52.616,41.678],[52.605,41.727],[52.625,41.75],[52.639,41.779],[52.649,41.809],[52.655,41.845],[52.646,41.875],[52.642,41.906],[52.651,41.944],[52.649,41.98],[52.698,41.992],[52.721,42.015],[52.716,42.048],[52.762,42.046],[52.781,42.074],[52.808,42.096],[52.826,42.123],[52.841,42.149],[52.874,42.151],[52.9,42.173],[52.965,42.188],[52.984,42.227],[53.001,42.252],[53.005,42.287],[53.041,42.309],[53.069,42.296],[53.099,42.287],[53.135,42.271],[53.163,42.258],[53.188,42.277],[53.16,42.292],[53.141,42.319],[53.13,42.352],[53.13,42.386],[53.129,42.421],[53.145,42.451],[53.173,42.463],[53.207,42.462],[53.236,42.438],[53.273,42.454],[53.302,42.466],[53.338,42.466],[53.375,42.471],[53.406,42.459],[53.421,42.488],[53.453,42.505],[53.485,42.516],[53.512,42.535],[53.54,42.551],[53.582,42.558],[53.605,42.583],[53.635,42.58],[53.669,42.592],[53.706,42.599],[53.733,42.625],[53.755,42.662],[53.759,42.694],[53.774,42.721],[53.791,42.748],[53.805,42.783],[53.844,42.788],[53.873,42.805],[53.899,42.822],[53.896,42.86],[53.892,42.907],[53.921,42.922],[53.908,42.954],[53.884,42.98],[53.874,43.013],[53.88,43.048],[53.87,43.079],[53.845,43.095],[53.814,43.109],[53.817,43.144],[53.817,43.175],[53.854,43.197],[53.843,43.23],[53.87,43.248],[53.875,43.282],[53.847,43.297],[53.866,43.331],[53.875,43.361],[53.871,43.408],[53.871,43.473],[53.92,43.488],[53.952,43.491],[54.0,43.488],[54.032,43.496],[54.063,43.496],[54.09,43.521],[54.108,43.55],[54.099,43.588],[54.099,43.627],[54.071,43.656],[54.072,43.688],[54.092,43.724],[54.127,43.734],[54.164,43.725],[54.194,43.733],[54.223,43.721],[54.256,43.716],[54.286,43.705],[54.319,43.691],[54.35,43.696],[54.381,43.692],[54.41,43.68],[54.44,43.675],[54.496,43.671],[54.536,43.662],[54.565,43.649],[54.594,43.638],[54.623,43.63],[54.652,43.613],[54.69,43.609],[54.727,43.616],[54.756,43.6],[54.792,43.608]]]}},{"type":"Feature","properties":{"HYBAS_ID":2040066500,"MAIN_BAS":2040066500,"NEXT_DOWN":0,"SUB_AREA":38781.8,"UP_AREA":38781.8,"ENDO":0},"geometry":{"type":"Polygon","coordinates":[[[52.963,44.058],[52.996,44.05],[53.025,44.038],[53.056,44.033],[53.11,44.029],[53.144,44.037],[53.181,44.055],[53.219,44.054],[53.253,44.059],[53.271,44.083],[53.303,44.084],[53.333,44.075],[53.369,44.062],[53.406,44.075],[53.438,44.079],[53.47,44.088],[53.494,44.109],[53.529,44.139],[53.56,44.149],[53.589,44.162],[53.623,44.159],[53.652,44.142],[53.676,44.123],[53.704,44.094],[53.73,44.073],[53.754,44.048],[53.763,44.019],[53.788,43.992],[53.816,43.981],[53.838,43.958],[53.858,43.927],[53.858,43.889],[53.837,43.864],[53.841,43.832],[53.873,43.825],[53.915,43.825],[53.946,43.817],[53.975,43.804],[54.036,43.796],[54.071,43.788],[54.106,43.771],[54.109,43.74],[54.091,43.692],[54.06,43.676],[54.083,43.644],[54.101,43.617],[54.101,43.564],[54.108,43.53],[54.066,43.52],[54.048,43.492],[54.004,43.492],[53.956,43.488],[53.921,43.492],[53.884,43.487],[53.87,43.434],[53.871,43.385],[53.875,43.352],[53.85,43.315],[53.869,43.284],[53.867,43.252],[53.843,43.23],[53.854,43.197],[53.817,43.183],[53.825,43.152],[53.796,43.119],[53.827,43.1],[53.852,43.084],[53.883,43.074],[53.879,43.019],[53.884,42.98],[53.908,42.956],[53.921,42.922],[53.892,42.907],[53.892,42.873],[53.904,42.84],[53.885,42.813],[53.856,42.792],[53.819,42.787],[53.792,42.76],[53.776,42.727],[53.759,42.694],[53.761,42.663],[53.748,42.634],[53.727,42.608],[53.683,42.601],[53.653,42.583],[53.617,42.584],[53.593,42.557],[53.559,42.563],[53.531,42.546],[53.507,42.526],[53.455,42.512],[53.432,42.492],[53.413,42.468],[53.381,42.467],[53.344,42.47],[53.309,42.462],[53.279,42.45],[53.248,42.446],[53.216,42.437],[53.198,42.463],[53.164,42.467],[53.134,42.449],[53.13,42.413],[53.129,42.381],[53.133,42.348],[53.142,42.314],[53.163,42.292],[53.194,42.296],[53.183,42.267],[53.153,42.274],[53.115,42.27],[53.09,42.288],[53.06,42.295],[53.023,42.292],[53.013,42.263],[52.984,42.227],[52.978,42.192],[52.918,42.187],[52.888,42.161],[52.861,42.146],[52.828,42.151],[52.824,42.114],[52.801,42.091],[52.776,42.07],[52.746,42.046],[52.708,42.038],[52.715,42.009],[52.664,41.991],[52.65,41.96],[52.642,41.923],[52.649,41.894],[52.641,41.859],[52.654,41.815],[52.653,41.784],[52.625,41.757],[52.605,41.727],[52.604,41.695],[52.617,41.644],[52.646,41.628],[52.673,41.601],[52.719,41.595],[52.746,41.582],[52.737,41.548],[52.719,41.517],[52.718,41.484],[52.763,41.475],[52.758,41.438],[52.788,41.434],[52.804,41.406],[52.801,41.348],[52.817,41.313],[52.83,41.277],[52.838,41.235],[52.854,41.206],[52.862,41.177],[52.867,41.131],[52.862,41.097],[52.889,41.067],[52.916,41.048],[52.877,41.066],[52.849,41.086],[52.846,41.14],[52.854,41.177],[52.841,41.206],[52.826,41.235],[52.82,41.273],[52.812,41.306],[52.788,41.344],[52.776,41.373],[52.752,41.404],[52.725,41.417],[52.712,41.445],[52.681,41.462],[52.653,41.487],[52.623,41.501],[52.589,41.513],[52.566,41.533],[52.57,41.569],[52.584,41.598],[52.596,41.631],[52.588,41.671],[52.569,41.695],[52.539,41.705],[52.515,41.729],[52.472,41.738],[52.448,41.759],[52.445,41.789],[52.462,41.819],[52.476,41.848],[52.488,41.881],[52.492,41.942],[52.48,41.973],[52.459,42.002],[52.438,42.025],[52.446,42.058],[52.42,42.08],[52.426,42.123],[52.434,42.156],[52.451,42.187],[52.502,42.233],[52.529,42.26],[52.551,42.286],[52.567,42.311],[52.584,42.34],[52.601,42.369],[52.613,42.398],[52.637,42.423],[52.646,42.452],[52.662,42.481],[52.671,42.523],[52.683,42.552],[52.68,42.585],[52.666,42.615],[52.625,42.661],[52.598,42.68],[52.575,42.703],[52.554,42.725],[52.582,42.746],[52.58,42.715],[52.612,42.699],[52.634,42.676],[52.674,42.641],[52.688,42.61],[52.701,42.576],[52.741,42.61],[52.754,42.64],[52.755,42.673],[52.749,42.711],[52.727,42.734],[52.695,42.737],[52.666,42.748],[52.635,42.745],[52.63,42.777],[52.603,42.808],[52.564,42.813],[52.527,42.821],[52.489,42.83],[52.445,42.838],[52.377,42.833],[52.348,42.824],[52.301,42.791],[52.274,42.806],[52.258,42.831],[52.237,42.853],[52.205,42.867],[52.135,42.875],[52.085,42.875],[52.048,42.866],[52.014,42.858],[51.985,42.85],[51.957,42.838],[51.914,42.83],[51.891,42.852],[51.842,42.91],[51.828,42.937],[51.805,42.96],[51.788,42.989],[51.774,43.019],[51.755,43.044],[51.727,43.062],[51.698,43.075],[51.669,43.095],[51.671,43.135],[51.662,43.173],[51.627,43.184],[51.585,43.183],[51.543,43.175],[51.506,43.17],[51.419,43.163],[51.373,43.158],[51.34,43.15],[51.293,43.145],[51.263,43.156],[51.267,43.194],[51.275,43.223],[51.284,43.257],[51.296,43.29],[51.308,43.318],[51.313,43.352],[51.317,43.385],[51.316,43.418],[51.312,43.461],[51.295,43.498],[51.283,43.531],[51.27,43.56],[51.243,43.575],[51.215,43.592],[51.198,43.621],[51.16,43.624],[51.141,43.648],[51.121,43.673],[51.088,43.723],[51.071,43.752],[51.03,43.798],[51.02,43.827],[51.012,43.86],[51.004,43.89],[50.995,43.927],[50.979,43.956],[50.947,43.984],[50.923,44.005],[50.89,44.009],[50.867,44.031],[50.871,44.077],[50.87,44.123],[50.855,44.152],[50.845,44.182],[50.823,44.212],[50.794,44.229],[50.765,44.245],[50.731,44.255],[50.702,44.263],[50.673,44.271],[50.627,44.28],[50.596,44.288],[50.552,44.288],[50.481,44.292],[50.406,44.296],[50.377,44.305],[50.348,44.316],[50.319,44.329],[50.29,44.345],[50.266,44.365],[50.245,44.398],[50.245,44.431],[50.242,44.475],[50.241,44.519],[50.234,44.552],[50.224,44.581],[50.254,44.566],[50.28,44.581],[50.292,44.611],[50.324,44.616],[50.348,44.595],[50.373,44.579],[50.4,44.561],[50.436,44.55],[50.458,44.529],[50.49,44.52],[50.536,44.504],[50.578,44.491],[50.612,44.499],[50.665,44.492],[50.695,44.491],[50.727,44.483],[50.762,44.47],[50.79,44.458],[50.841,44.449],[50.869,44.433],[50.902,44.425],[50.933,44.413],[50.964,44.4],[50.998,44.395],[51.023,44.375],[51.054,44.369],[51.085,44.355],[51.123,44.342],[51.156,44.349],[51.192,44.354],[51.214,44.321],[51.244,44.295],[51.292,44.288],[51.336,44.279],[51.355,44.255],[51.415,44.245],[51.452,44.241],[51.475,44.263],[51.52,44.259],[51.534,44.287],[51.555,44.316],[51.576,44.292],[51.627,44.291],[51.679,44.283],[51.72,44.291],[51.748,44.259],[51.777,44.234],[51.823,44.22],[51.847,44.201],[51.877,44.196],[51.919,44.196],[51.956,44.204],[51.985,44.192],[52.013,44.179],[52.057,44.166],[52.108,44.181],[52.135,44.195],[52.167,44.196],[52.19,44.216],[52.217,44.184],[52.245,44.166],[52.255,44.134],[52.281,44.117],[52.327,44.109],[52.358,44.102],[52.39,44.092],[52.423,44.091],[52.457,44.083],[52.488,44.079],[52.519,44.075],[52.557,44.067],[52.598,44.058],[52.629,44.067],[52.666,44.094],[52.698,44.104],[52.74,44.099],[52.768,44.088],[52.798,44.075],[52.821,44.052],[52.856,44.058],[52.873,44.088],[52.902,44.079],[52.936,44.066],[52.963,44.058]]]}},{"type":"Feature","properties":{"HYBAS_ID":2040066850,"MAIN_BAS":2040066850,"NEXT_DOWN":0,"SUB_AREA":14912.3,"UP_AREA":14912.3,"ENDO":0},"geometry":{"type":"Polygon","coordinates":[[[50.378,44.763],[50.359,44.789],[50.359,44.828],[50.374,44.798],[50.379,44.764],[50.378,44.763]],[[50.282,44.863],[50.255,44.876],[50.259,44.919],[50.27,44.947],[50.26,44.976],[50.246,45.01],[50.248,45.041],[50.279,45.045],[50.31,45.066],[50.343,45.059],[50.363,45.037],[50.355,45.006],[50.341,44.977],[50.333,44.944],[50.31,44.917],[50.277,44.896],[50.282,44.863]],[[50.199,44.813],[50.173,44.829],[50.14,44.833],[50.106,44.838],[50.073,44.854],[50.038,44.885],[50.017,44.919],[50.004,44.949],[50.005,44.99],[50.021,45.019],[50.039,45.045],[50.077,45.054],[50.105,45.04],[50.059,45.033],[50.034,45.012],[50.029,44.98],[50.045,44.952],[50.054,44.919],[50.084,44.909],[50.072,44.88],[50.102,44.859],[50.131,44.851],[50.173,44.846],[50.206,44.858],[50.204,44.827],[50.199,44.813]],[[50.574,44.767],[50.58,44.803],[50.574,44.835],[50.606,44.821],[50.641,44.826],[50.619,44.796],[50.584,44.781],[50.574,44.767]],[[50.724,44.892],[50.698,44.92],[50.728,44.929],[50.725,44.898],[50.724,44.892]],[[50.465,44.904],[50.445,44.928],[50.476,44.922],[50.465,44.904]],[[51.069,44.858],[51.047,44.883],[51.082,44.892],[51.069,44.858]],[[51.003,44.863],[50.98,44.883],[51.009,44.89],[51.003,44.863]],[[50.924,44.817],[50.884,44.821],[50.898,44.849],[50.928,44.837],[50.924,44.817]],[[52.794,45.396],[52.766,45.415],[52.741,45.444],[52.767,45.467],[52.791,45.444],[52.801,45.404],[52.794,45.396]],[[52.607,45.521],[52.572,45.526],[52.602,45.53],[52.607,45.521]],[[52.653,45.392],[52.629,45.415],[52.662,45.412],[52.653,45.392]],[[52.64,45.525],[52.613,45.538],[52.641,45.527],[52.64,45.525]],[[53.596,45.304],[53.626,45.298],[53.656,45.283],[53.688,45.292],[53.731,45.283],[53.752,45.258],[53.817,45.249],[53.844,45.263],[53.873,45.254],[53.913,45.258],[53.931,45.233],[53.95,45.208],[53.926,45.186],[53.898,45.166],[53.869,45.158],[53.835,45.149],[53.805,45.15],[53.782,45.13],[53.742,45.121],[53.714,45.134],[53.688,45.155],[53.658,45.174],[53.626,45.178],[53.625,45.146],[53.607,45.117],[53.577,45.105],[53.544,45.088],[53.51,45.066],[53.472,45.062],[53.445,45.033],[53.448,45.0],[53.421,44.982],[53.407,44.955],[53.38,44.941],[53.367,44.912],[53.363,44.876],[53.345,44.847],[53.315,44.821],[53.283,44.804],[53.244,44.799],[53.212,44.791],[53.188,44.81],[53.18,44.843],[53.151,44.867],[53.127,44.887],[53.104,44.908],[53.073,44.92],[53.04,44.925],[53.011,44.933],[52.975,44.938],[52.933,44.95],[52.925,44.921],[52.905,44.895],[52.869,44.904],[52.838,44.896],[52.798,44.904],[52.769,44.888],[52.741,44.873],[52.719,44.851],[52.688,44.844],[52.67,44.818],[52.64,44.813],[52.61,44.796],[52.56,44.801],[52.533,44.784],[52.502,44.767],[52.465,44.749],[52.435,44.733],[52.408,44.758],[52.378,44.747],[52.346,44.75],[52.267,44.758],[52.231,44.759],[52.202,44.767],[52.173,44.779],[52.139,44.779],[52.12,44.751],[52.112,44.718],[52.083,44.704],[52.048,44.68],[52.05,44.648],[52.024,44.626],[51.981,44.609],[51.948,44.612],[51.933,44.642],[51.887,44.624],[51.858,44.613],[51.83,44.595],[51.82,44.563],[51.788,44.548],[51.777,44.517],[51.743,44.504],[51.752,44.471],[51.776,44.431],[51.788,44.402],[51.82,44.383],[51.82,44.347],[51.789,44.351],[51.752,44.359],[51.71,44.363],[51.66,44.376],[51.624,44.38],[51.598,44.363],[51.587,44.334],[51.555,44.316],[51.541,44.289],[51.52,44.259],[51.483,44.258],[51.456,44.238],[51.419,44.242],[51.381,44.246],[51.354,44.261],[51.314,44.28],[51.271,44.288],[51.229,44.296],[51.201,44.334],[51.156,44.349],[51.123,44.342],[51.09,44.354],[51.055,44.359],[51.023,44.375],[50.998,44.395],[50.964,44.4],[50.933,44.413],[50.902,44.425],[50.869,44.433],[50.842,44.446],[50.81,44.451],[50.777,44.466],[50.744,44.474],[50.714,44.488],[50.668,44.495],[50.632,44.491],[50.597,44.501],[50.56,44.492],[50.514,44.505],[50.485,44.521],[50.458,44.54],[50.427,44.55],[50.386,44.575],[50.356,44.588],[50.331,44.605],[50.304,44.629],[50.344,44.645],[50.386,44.641],[50.427,44.637],[50.465,44.629],[50.498,44.629],[50.528,44.634],[50.573,44.626],[50.602,44.637],[50.627,44.617],[50.677,44.612],[50.712,44.617],[50.741,44.608],[50.782,44.613],[50.827,44.637],[50.856,44.629],[50.894,44.616],[50.919,44.599],[50.949,44.573],[50.977,44.558],[50.999,44.535],[51.023,44.513],[51.052,44.504],[51.077,44.487],[51.123,44.476],[51.158,44.48],[51.194,44.476],[51.223,44.488],[51.256,44.516],[51.294,44.545],[51.352,44.546],[51.371,44.52],[51.41,44.509],[51.454,44.513],[51.485,44.513],[51.536,44.512],[51.578,44.504],[51.583,44.536],[51.556,44.554],[51.523,44.563],[51.494,44.576],[51.464,44.588],[51.353,44.601],[51.31,44.595],[51.313,44.631],[51.288,44.651],[51.291,44.682],[51.27,44.715],[51.258,44.748],[51.231,44.77],[51.208,44.795],[51.169,44.813],[51.14,44.824],[51.12,44.849],[51.093,44.863],[51.1,44.895],[51.069,44.908],[51.055,44.935],[51.073,44.97],[51.104,44.995],[51.135,45.016],[51.165,45.033],[51.211,45.038],[51.241,45.027],[51.223,44.999],[51.194,45.012],[51.17,44.977],[51.166,44.945],[51.163,44.915],[51.15,44.885],[51.163,44.843],[51.188,44.861],[51.192,44.894],[51.216,44.93],[51.23,44.965],[51.26,44.995],[51.275,45.028],[51.255,45.065],[51.249,45.1],[51.251,45.131],[51.246,45.173],[51.278,45.201],[51.291,45.231],[51.313,45.262],[51.344,45.28],[51.37,45.301],[51.4,45.308],[51.427,45.32],[51.422,45.35],[51.452,45.349],[51.481,45.337],[51.527,45.334],[51.569,45.342],[51.598,45.354],[51.627,45.363],[51.656,45.379],[51.686,45.388],[51.714,45.404],[51.765,45.417],[51.82,45.424],[51.856,45.417],[51.938,45.421],[52.007,45.416],[52.048,45.408],[52.077,45.4],[52.106,45.388],[52.131,45.371],[52.164,45.375],[52.207,45.383],[52.252,45.387],[52.283,45.388],[52.327,45.391],[52.406,45.388],[52.444,45.391],[52.481,45.374],[52.519,45.37],[52.552,45.363],[52.594,45.358],[52.627,45.35],[52.661,45.337],[52.694,45.329],[52.748,45.32],[52.811,45.316],[52.84,45.308],[52.869,45.295],[52.902,45.283],[52.933,45.271],[52.964,45.263],[53.002,45.262],[53.033,45.263],[53.065,45.271],[53.121,45.279],[53.153,45.274],[53.19,45.276],[53.201,45.304],[53.229,45.319],[53.262,45.315],[53.294,45.301],[53.331,45.288],[53.357,45.304],[53.39,45.301],[53.416,45.316],[53.444,45.296],[53.49,45.296],[53.516,45.311],[53.582,45.308],[53.596,45.304]],[[52.68,45.444],[52.64,45.433],[52.61,45.446],[52.591,45.483],[52.624,45.462],[52.63,45.499],[52.667,45.505],[52.684,45.48],[52.683,45.448],[52.68,45.444]],[[51.23,44.73],[51.228,44.762],[51.247,44.73],[51.23,44.73]]]}},{"type":"Feature","properties":{"HYBAS_ID":2040067280,"MAIN_BAS":2040067280,"NEXT_DOWN":0,"SUB_AREA":23806.2,"UP_AREA":23806.2,"ENDO":0},"geometry":{"type":"Polygon","coordinates":[[[55.254,45.088],[55.284,45.08],[55.327,45.083],[55.361,45.079],[55.398,45.067],[55.427,45.059],[55.449,45.036],[55.458,45.006],[55.486,44.991],[55.52,44.969],[55.483,44.955],[55.452,44.942],[55.4,44.941],[55.388,44.912],[55.359,44.895],[55.331,44.87],[55.292,44.848],[55.284,44.817],[55.263,44.786],[55.262,44.755],[55.233,44.744],[55.206,44.729],[55.177,44.742],[55.131,44.751],[55.102,44.742],[55.065,44.733],[55.036,44.721],[54.981,44.716],[54.944,44.688],[54.906,44.688],[54.877,44.699],[54.844,44.712],[54.814,44.704],[54.788,44.688],[54.767,44.665],[54.757,44.634],[54.713,44.633],[54.684,44.616],[54.66,44.591],[54.635,44.567],[54.606,44.551],[54.581,44.53],[54.556,44.508],[54.53,44.49],[54.513,44.452],[54.481,44.441],[54.458,44.402],[54.427,44.379],[54.393,44.379],[54.374,44.348],[54.358,44.322],[54.327,44.317],[54.296,44.317],[54.316,44.348],[54.312,44.391],[54.333,44.417],[54.294,44.441],[54.283,44.47],[54.263,44.502],[54.274,44.531],[54.274,44.562],[54.247,44.575],[54.218,44.597],[54.208,44.625],[54.191,44.652],[54.171,44.681],[54.152,44.705],[54.127,44.725],[54.099,44.739],[54.104,44.773],[54.089,44.801],[54.052,44.809],[54.01,44.817],[53.973,44.826],[53.944,44.845],[53.913,44.842],[53.89,44.821],[53.86,44.799],[53.822,44.801],[53.813,44.771],[53.783,44.766],[53.756,44.788],[53.71,44.792],[53.669,44.78],[53.648,44.754],[53.641,44.719],[53.624,44.694],[53.602,44.663],[53.592,44.633],[53.571,44.606],[53.554,44.579],[53.533,44.548],[53.548,44.509],[53.574,44.477],[53.583,44.444],[53.573,44.4],[53.597,44.375],[53.627,44.359],[53.617,44.325],[53.605,44.296],[53.601,44.257],[53.569,44.246],[53.539,44.229],[53.508,44.211],[53.494,44.184],[53.465,44.163],[53.438,44.146],[53.411,44.121],[53.382,44.101],[53.352,44.088],[53.303,44.084],[53.273,44.083],[53.253,44.059],[53.223,44.051],[53.187,44.059],[53.155,44.053],[53.127,44.033],[53.081,44.03],[53.045,44.029],[53.015,44.041],[52.985,44.05],[52.948,44.059],[52.919,44.07],[52.89,44.083],[52.862,44.068],[52.84,44.042],[52.815,44.062],[52.79,44.079],[52.763,44.092],[52.702,44.101],[52.672,44.108],[52.655,44.081],[52.627,44.066],[52.586,44.07],[52.544,44.066],[52.514,44.075],[52.481,44.079],[52.448,44.084],[52.41,44.092],[52.377,44.091],[52.353,44.113],[52.304,44.108],[52.268,44.122],[52.246,44.148],[52.226,44.172],[52.217,44.204],[52.185,44.217],[52.135,44.195],[52.108,44.181],[52.085,44.158],[52.023,44.167],[52.0,44.188],[51.96,44.201],[51.927,44.204],[51.898,44.192],[51.865,44.196],[51.836,44.221],[51.798,44.221],[51.769,44.241],[51.734,44.271],[51.708,44.292],[51.644,44.284],[51.576,44.292],[51.579,44.325],[51.589,44.358],[51.614,44.374],[51.656,44.379],[51.688,44.375],[51.748,44.362],[51.778,44.341],[51.81,44.346],[51.821,44.379],[51.793,44.392],[51.776,44.431],[51.766,44.47],[51.742,44.494],[51.769,44.513],[51.784,44.54],[51.81,44.562],[51.826,44.59],[51.848,44.612],[51.881,44.629],[51.927,44.641],[51.944,44.616],[51.977,44.612],[52.008,44.609],[52.031,44.637],[52.037,44.673],[52.065,44.696],[52.093,44.707],[52.113,44.746],[52.139,44.779],[52.173,44.779],[52.202,44.767],[52.231,44.759],[52.267,44.758],[52.319,44.758],[52.36,44.749],[52.39,44.762],[52.42,44.744],[52.451,44.745],[52.485,44.751],[52.515,44.779],[52.544,44.795],[52.581,44.799],[52.625,44.796],[52.661,44.816],[52.685,44.841],[52.719,44.851],[52.741,44.873],[52.769,44.888],[52.798,44.904],[52.838,44.896],[52.869,44.904],[52.902,44.896],[52.93,44.92],[52.931,44.95],[52.96,44.938],[53.011,44.933],[53.04,44.925],[53.073,44.92],[53.104,44.908],[53.127,44.887],[53.151,44.867],[53.179,44.852],[53.191,44.823],[53.192,44.792],[53.224,44.796],[53.257,44.801],[53.292,44.804],[53.325,44.831],[53.347,44.853],[53.362,44.884],[53.374,44.913],[53.394,44.942],[53.42,44.973],[53.435,45.0],[53.449,45.027],[53.467,45.052],[53.494,45.071],[53.527,45.07],[53.556,45.099],[53.598,45.109],[53.623,45.133],[53.626,45.178],[53.658,45.174],[53.687,45.162],[53.714,45.134],[53.742,45.121],[53.782,45.13],[53.805,45.15],[53.835,45.149],[53.869,45.158],[53.898,45.166],[53.924,45.181],[53.944,45.205],[53.931,45.233],[53.913,45.258],[53.881,45.255],[53.85,45.267],[53.825,45.291],[53.86,45.305],[53.888,45.319],[53.917,45.353],[53.908,45.386],[53.939,45.387],[53.957,45.413],[53.984,45.432],[53.993,45.462],[54.005,45.498],[54.009,45.528],[53.985,45.546],[53.966,45.522],[53.93,45.524],[53.894,45.513],[53.863,45.519],[53.839,45.538],[53.838,45.569],[53.805,45.57],[53.814,45.599],[53.856,45.609],[53.9,45.617],[53.892,45.646],[53.927,45.655],[53.957,45.662],[53.994,45.663],[54.023,45.675],[54.052,45.68],[54.083,45.688],[54.079,45.719],[54.084,45.76],[54.113,45.784],[54.087,45.806],[54.062,45.838],[54.073,45.866],[54.102,45.876],[54.137,45.874],[54.169,45.871],[54.187,45.901],[54.191,45.931],[54.201,45.967],[54.245,45.988],[54.258,46.019],[54.298,46.037],[54.331,46.038],[54.364,46.045],[54.394,46.037],[54.419,46.02],[54.429,45.983],[54.466,45.995],[54.494,45.979],[54.527,45.966],[54.552,45.95],[54.548,45.917],[54.527,45.895],[54.512,45.867],[54.486,45.846],[54.46,45.829],[54.431,45.846],[54.398,45.842],[54.379,45.802],[54.371,45.769],[54.388,45.744],[54.395,45.706],[54.385,45.675],[54.424,45.67],[54.453,45.659],[54.48,45.679],[54.515,45.679],[54.526,45.649],[54.545,45.619],[54.554,45.585],[54.559,45.555],[54.591,45.546],[54.612,45.52],[54.633,45.492],[54.666,45.484],[54.691,45.462],[54.713,45.434],[54.744,45.426],[54.774,45.438],[54.807,45.428],[54.841,45.422],[54.874,45.426],[54.903,45.407],[54.923,45.383],[54.953,45.372],[54.967,45.326],[54.988,45.297],[55.015,45.276],[55.06,45.266],[55.091,45.263],[55.124,45.24],[55.137,45.202],[55.141,45.168],[55.13,45.138],[55.16,45.125],[55.194,45.117],[55.232,45.099],[55.254,45.088]]]}},{"type":"Feature","properties":{"HYBAS_ID":2040067290,"MAIN_BAS":2040067290,"NEXT_DOWN":0,"SUB_AREA":19955.5,"UP_AREA":19955.5,"ENDO":0},"geometry":{"type":"Polygon","coordinates":[[[52.899,46.575],[52.895,46.606],[52.899,46.576],[52.899,46.575]],[[53.078,46.6],[53.059,46.626],[53.078,46.601],[53.078,46.6]],[[53.024,46.604],[53.026,46.645],[53.038,46.613],[53.024,46.604]],[[52.994,46.646],[52.966,46.663],[52.996,46.649],[52.994,46.646]],[[52.974,46.763],[52.95,46.787],[52.981,46.792],[53.003,46.766],[52.974,46.763]],[[52.978,46.675],[52.918,46.674],[52.937,46.701],[52.971,46.692],[52.978,46.675]],[[52.882,46.046],[52.852,46.055],[52.824,46.071],[52.853,46.084],[52.831,46.113],[52.846,46.142],[52.877,46.158],[52.901,46.135],[52.905,46.093],[52.889,46.066],[52.882,46.046]],[[52.778,46.008],[52.767,46.052],[52.791,46.027],[52.778,46.008]],[[52.953,46.367],[52.955,46.399],[52.987,46.419],[53.009,46.451],[53.016,46.417],[52.99,46.399],[52.96,46.371],[52.953,46.367]],[[52.694,45.967],[52.667,45.985],[52.703,46.001],[52.694,45.967]],[[52.924,46.133],[52.908,46.16],[52.942,46.164],[52.924,46.134],[52.924,46.133]],[[52.753,45.613],[52.779,45.629],[52.803,45.647],[52.781,45.621],[52.753,45.613]],[[53.003,45.467],[52.987,45.494],[52.981,45.525],[53.013,45.528],[53.026,45.5],[53.01,45.471],[53.003,45.467]],[[53.188,46.604],[53.222,46.609],[53.192,46.627],[53.223,46.651],[53.194,46.674],[53.183,46.705],[53.16,46.726],[53.123,46.73],[53.116,46.761],[53.138,46.785],[53.129,46.817],[53.124,46.848],[53.104,46.873],[53.072,46.888],[53.062,46.92],[53.077,46.946],[53.11,46.945],[53.14,46.937],[53.138,46.898],[53.166,46.884],[53.199,46.852],[53.214,46.825],[53.244,46.805],[53.274,46.801],[53.302,46.813],[53.327,46.838],[53.333,46.873],[53.322,46.901],[53.331,46.934],[53.36,46.942],[53.379,46.916],[53.41,46.929],[53.413,46.959],[53.444,46.954],[53.449,46.91],[53.442,46.879],[53.41,46.871],[53.417,46.84],[53.421,46.806],[53.422,46.775],[53.456,46.775],[53.488,46.767],[53.52,46.78],[53.527,46.749],[53.56,46.745],[53.583,46.769],[53.601,46.799],[53.622,46.824],[53.652,46.834],[53.69,46.846],[53.72,46.828],[53.749,46.838],[53.773,46.862],[53.802,46.876],[53.834,46.888],[53.855,46.91],[53.875,46.935],[53.863,46.973],[53.879,47.0],[53.911,47.001],[53.938,46.985],[53.934,46.955],[53.965,46.949],[53.998,46.958],[54.031,46.958],[54.065,46.966],[54.123,46.963],[54.151,46.975],[54.183,46.975],[54.215,46.996],[54.248,47.008],[54.279,47.017],[54.298,47.042],[54.339,47.049],[54.369,47.038],[54.397,47.049],[54.44,47.055],[54.467,47.076],[54.477,47.105],[54.503,47.126],[54.565,47.126],[54.595,47.133],[54.624,47.141],[54.669,47.121],[54.7,47.117],[54.733,47.125],[54.748,47.095],[54.779,47.096],[54.819,47.088],[54.83,47.055],[54.86,47.058],[54.894,47.062],[54.924,47.054],[54.954,47.036],[54.968,47.009],[54.99,46.987],[55.005,46.96],[54.992,46.922],[55.015,46.895],[55.038,46.867],[55.066,46.852],[55.095,46.836],[55.127,46.825],[55.154,46.798],[55.159,46.764],[55.183,46.744],[55.206,46.724],[55.231,46.705],[55.259,46.685],[55.251,46.652],[55.241,46.622],[55.258,46.593],[55.259,46.56],[55.277,46.534],[55.301,46.51],[55.331,46.487],[55.333,46.456],[55.283,46.451],[55.255,46.427],[55.214,46.416],[55.142,46.408],[55.092,46.403],[55.046,46.392],[55.025,46.416],[54.994,46.424],[54.96,46.43],[54.927,46.438],[54.886,46.445],[54.852,46.445],[54.823,46.455],[54.79,46.466],[54.76,46.479],[54.727,46.488],[54.694,46.483],[54.659,46.476],[54.641,46.503],[54.628,46.472],[54.573,46.466],[54.55,46.44],[54.57,46.415],[54.596,46.376],[54.618,46.355],[54.648,46.338],[54.677,46.33],[54.706,46.313],[54.733,46.298],[54.756,46.279],[54.789,46.276],[54.821,46.271],[54.853,46.258],[54.833,46.233],[54.797,46.224],[54.773,46.204],[54.738,46.209],[54.706,46.22],[54.695,46.19],[54.685,46.151],[54.655,46.141],[54.623,46.158],[54.598,46.138],[54.567,46.144],[54.535,46.141],[54.513,46.119],[54.541,46.094],[54.565,46.07],[54.6,46.063],[54.631,46.063],[54.637,46.031],[54.621,46.005],[54.584,46.012],[54.576,45.981],[54.58,45.951],[54.548,45.95],[54.51,45.967],[54.482,45.983],[54.454,45.996],[54.425,46.015],[54.407,46.042],[54.373,46.045],[54.335,46.041],[54.302,46.034],[54.269,46.03],[54.247,46.003],[54.218,45.987],[54.199,45.959],[54.187,45.926],[54.174,45.894],[54.163,45.863],[54.114,45.876],[54.08,45.883],[54.066,45.844],[54.084,45.81],[54.112,45.795],[54.088,45.774],[54.083,45.74],[54.075,45.708],[54.065,45.679],[54.032,45.675],[53.994,45.663],[53.958,45.658],[53.927,45.655],[53.898,45.645],[53.885,45.616],[53.838,45.608],[53.806,45.592],[53.83,45.572],[53.834,45.542],[53.862,45.523],[53.894,45.513],[53.924,45.516],[53.952,45.529],[53.982,45.538],[54.012,45.531],[54.005,45.498],[54.0,45.463],[53.984,45.432],[53.957,45.413],[53.939,45.387],[53.908,45.386],[53.893,45.358],[53.895,45.327],[53.865,45.308],[53.835,45.292],[53.81,45.267],[53.769,45.284],[53.744,45.301],[53.79,45.317],[53.744,45.326],[53.706,45.342],[53.667,45.346],[53.637,45.358],[53.606,45.363],[53.556,45.366],[53.512,45.367],[53.481,45.355],[53.441,45.341],[53.408,45.354],[53.377,45.338],[53.344,45.334],[53.315,45.351],[53.285,45.362],[53.252,45.367],[53.249,45.399],[53.219,45.413],[53.185,45.417],[53.156,45.426],[53.127,45.441],[53.093,45.442],[53.095,45.488],[53.066,45.497],[53.049,45.527],[53.063,45.561],[53.083,45.583],[53.055,45.556],[53.029,45.571],[53.055,45.592],[53.083,45.609],[53.054,45.627],[53.054,45.659],[53.019,45.649],[52.995,45.678],[53.026,45.69],[53.048,45.712],[53.067,45.74],[53.043,45.763],[53.071,45.778],[53.063,45.81],[53.037,45.83],[53.054,45.86],[53.047,45.896],[53.083,45.892],[53.113,45.908],[53.112,45.944],[53.14,45.962],[53.159,45.988],[53.196,45.999],[53.199,46.03],[53.218,46.063],[53.224,46.092],[53.249,46.123],[53.25,46.157],[53.254,46.192],[53.279,46.227],[53.283,46.263],[53.263,46.289],[53.275,46.324],[53.268,46.355],[53.267,46.397],[53.229,46.383],[53.224,46.415],[53.223,46.447],[53.233,46.478],[53.227,46.509],[53.195,46.512],[53.213,46.542],[53.235,46.516],[53.265,46.499],[53.292,46.517],[53.262,46.542],[53.237,46.559],[53.258,46.585],[53.223,46.584],[53.194,46.6],[53.188,46.604]],[[53.071,46.363],[53.037,46.355],[53.058,46.384],[53.071,46.363]],[[52.996,46.263],[53.021,46.279],[53.009,46.248],[53.031,46.226],[53.004,46.205],[53.035,46.204],[53.006,46.196],[52.98,46.213],[53.005,46.232],[52.996,46.263]],[[53.026,46.471],[53.009,46.498],[53.017,46.527],[53.034,46.558],[53.042,46.525],[53.051,46.494],[53.066,46.465],[53.078,46.437],[53.051,46.456],[53.038,46.488],[53.026,46.471]],[[53.21,46.453],[53.181,46.442],[53.183,46.477],[53.212,46.497],[53.23,46.471],[53.21,46.453]],[[52.767,45.575],[52.803,45.596],[52.827,45.617],[52.858,45.624],[52.836,45.6],[52.81,45.583],[52.782,45.568],[52.767,45.575]],[[52.855,45.542],[52.855,45.51],[52.817,45.523],[52.826,45.557],[52.856,45.546],[52.855,45.542]],[[53.192,46.6],[53.187,46.57],[53.154,46.572],[53.178,46.609],[53.192,46.6]],[[52.82,45.73],[52.853,45.733],[52.829,45.709],[52.857,45.721],[52.845,45.691],[52.812,45.701],[52.82,45.73]],[[52.917,46.746],[52.906,46.716],[52.897,46.749],[52.917,46.746]],[[52.898,46.187],[52.923,46.208],[52.95,46.221],[52.931,46.195],[52.902,46.184],[52.898,46.187]],[[53.075,46.338],[53.074,46.304],[53.042,46.317],[53.035,46.349],[53.059,46.321],[53.075,46.338]],[[52.967,45.575],[52.954,45.548],[52.934,45.578],[52.965,45.58],[52.967,45.575]],[[53.071,46.363],[53.076,46.392],[53.097,46.368],[53.071,46.363]],[[52.775,45.608],[52.745,45.599],[52.774,45.613],[52.775,45.608]]]}},{"type":"Feature","properties":{"HYBAS_ID":2040067570,"MAIN_BAS":2040067570,"NEXT_DOWN":0,"SUB_AREA":73153.5,"UP_AREA":73153.5,"ENDO":0},"geometry":{"type":"Polygon","coordinates":[[[58.154,49.292],[58.185,49.284],[58.214,49.275],[58.244,49.266],[58.282,49.258],[58.31,49.246],[58.35,49.227],[58.387,49.226],[58.414,49.245],[58.439,49.27],[58.469,49.284],[58.483,49.316],[58.481,49.349],[58.503,49.371],[58.533,49.349],[58.569,49.362],[58.599,49.367],[58.633,49.344],[58.674,49.329],[58.694,49.301],[58.708,49.265],[58.734,49.249],[58.72,49.221],[58.737,49.185],[58.738,49.152],[58.726,49.119],[58.708,49.09],[58.749,49.079],[58.777,49.062],[58.805,49.047],[58.821,49.013],[58.813,48.969],[58.817,48.933],[58.795,48.909],[58.782,48.874],[58.746,48.875],[58.734,48.84],[58.738,48.793],[58.746,48.763],[58.706,48.754],[58.677,48.745],[58.644,48.742],[58.609,48.745],[58.586,48.726],[58.555,48.711],[58.563,48.673],[58.557,48.643],[58.534,48.62],[58.517,48.59],[58.512,48.543],[58.496,48.513],[58.484,48.481],[58.475,48.45],[58.465,48.421],[58.438,48.407],[58.433,48.371],[58.429,48.338],[58.417,48.296],[58.416,48.264],[58.405,48.231],[58.413,48.192],[58.392,48.168],[58.4,48.139],[58.4,48.107],[58.385,48.079],[58.363,48.054],[58.35,48.027],[58.391,47.969],[58.376,47.93],[58.415,47.917],[58.446,47.917],[58.436,47.888],[58.402,47.875],[58.371,47.861],[58.355,47.832],[58.34,47.805],[58.292,47.8],[58.248,47.783],[58.234,47.755],[58.225,47.721],[58.193,47.717],[58.163,47.698],[58.17,47.659],[58.14,47.646],[58.125,47.617],[58.093,47.609],[58.067,47.625],[58.04,47.645],[58.001,47.646],[57.988,47.61],[57.965,47.588],[57.931,47.591],[57.888,47.592],[57.887,47.623],[57.863,47.642],[57.848,47.67],[57.819,47.679],[57.781,47.662],[57.735,47.654],[57.724,47.687],[57.717,47.719],[57.697,47.747],[57.66,47.75],[57.627,47.754],[57.594,47.755],[57.564,47.745],[57.535,47.737],[57.496,47.729],[57.469,47.742],[57.441,47.755],[57.433,47.726],[57.369,47.712],[57.331,47.708],[57.298,47.709],[57.261,47.692],[57.236,47.676],[57.202,47.667],[57.174,47.687],[57.142,47.682],[57.088,47.667],[57.08,47.715],[57.052,47.733],[57.004,47.738],[56.973,47.73],[56.934,47.742],[56.892,47.763],[56.871,47.736],[56.862,47.702],[56.867,47.669],[56.859,47.636],[56.846,47.607],[56.845,47.568],[56.832,47.538],[56.808,47.516],[56.756,47.512],[56.714,47.512],[56.7,47.482],[56.684,47.448],[56.665,47.421],[56.619,47.438],[56.587,47.441],[56.525,47.45],[56.496,47.464],[56.495,47.505],[56.507,47.533],[56.477,47.541],[56.442,47.544],[56.446,47.51],[56.454,47.48],[56.404,47.463],[56.389,47.433],[56.356,47.434],[56.323,47.441],[56.292,47.427],[56.26,47.416],[56.231,47.409],[56.194,47.412],[56.156,47.417],[56.133,47.437],[56.108,47.455],[56.096,47.506],[56.091,47.536],[56.075,47.567],[56.027,47.58],[56.002,47.563],[55.95,47.563],[55.919,47.567],[55.889,47.55],[55.86,47.541],[55.825,47.525],[55.829,47.481],[55.833,47.442],[55.794,47.441],[55.768,47.424],[55.731,47.412],[55.698,47.409],[55.68,47.384],[55.716,47.374],[55.744,47.349],[55.779,47.342],[55.805,47.323],[55.763,47.313],[55.727,47.312],[55.685,47.312],[55.656,47.304],[55.66,47.271],[55.694,47.263],[55.72,47.249],[55.724,47.205],[55.754,47.192],[55.779,47.161],[55.755,47.141],[55.725,47.133],[55.71,47.104],[55.681,47.091],[55.652,47.076],[55.614,47.07],[55.581,47.062],[55.542,47.058],[55.52,47.031],[55.524,46.994],[55.526,46.961],[55.504,46.938],[55.508,46.902],[55.473,46.891],[55.441,46.889],[55.408,46.891],[55.379,46.879],[55.348,46.899],[55.323,46.92],[55.29,46.908],[55.241,46.887],[55.22,46.916],[55.194,46.933],[55.166,46.948],[55.134,46.966],[55.081,46.963],[55.052,46.971],[55.019,46.979],[54.99,46.987],[54.968,47.009],[54.954,47.036],[54.924,47.054],[54.894,47.062],[54.86,47.058],[54.83,47.055],[54.829,47.086],[54.794,47.091],[54.762,47.087],[54.737,47.119],[54.706,47.12],[54.669,47.121],[54.626,47.133],[54.596,47.129],[54.565,47.126],[54.531,47.124],[54.494,47.117],[54.459,47.09],[54.44,47.055],[54.397,47.049],[54.369,47.038],[54.339,47.049],[54.302,47.045],[54.283,47.018],[54.248,47.008],[54.215,46.996],[54.19,46.976],[54.158,46.98],[54.127,46.966],[54.085,46.962],[54.053,46.967],[54.023,46.959],[53.981,46.954],[53.944,46.951],[53.941,46.981],[53.921,47.006],[53.891,46.999],[53.862,46.987],[53.876,46.956],[53.867,46.925],[53.852,46.896],[53.819,46.88],[53.788,46.874],[53.755,46.858],[53.738,46.821],[53.712,46.857],[53.676,46.845],[53.647,46.838],[53.62,46.809],[53.588,46.787],[53.567,46.748],[53.531,46.746],[53.525,46.778],[53.491,46.768],[53.46,46.771],[53.434,46.755],[53.429,46.789],[53.413,46.825],[53.406,46.858],[53.442,46.879],[53.449,46.91],[53.466,46.938],[53.424,46.949],[53.402,46.924],[53.372,46.921],[53.341,46.929],[53.322,46.901],[53.333,46.873],[53.327,46.838],[53.311,46.812],[53.28,46.816],[53.244,46.805],[53.22,46.829],[53.199,46.852],[53.178,46.883],[53.143,46.888],[53.151,46.927],[53.113,46.946],[53.077,46.946],[53.046,46.938],[53.004,46.929],[53.008,46.96],[53.02,47.002],[53.012,47.038],[53.026,47.072],[53.006,47.099],[52.973,47.074],[52.941,47.065],[52.897,47.055],[52.874,47.078],[52.862,47.109],[52.879,47.138],[52.842,47.142],[52.808,47.15],[52.779,47.159],[52.751,47.171],[52.731,47.196],[52.698,47.191],[52.68,47.219],[52.71,47.23],[52.748,47.242],[52.781,47.249],[52.815,47.249],[52.84,47.283],[52.869,47.295],[52.898,47.305],[52.927,47.317],[52.95,47.338],[52.976,47.353],[53.008,47.376],[53.032,47.401],[53.064,47.424],[53.093,47.445],[53.099,47.478],[53.074,47.504],[53.046,47.519],[53.058,47.552],[53.041,47.591],[53.014,47.613],[52.985,47.63],[52.956,47.638],[52.887,47.646],[52.854,47.633],[52.859,47.669],[52.867,47.702],[52.844,47.721],[52.826,47.749],[52.867,47.746],[52.859,47.791],[52.89,47.788],[52.897,47.82],[52.869,47.846],[52.834,47.855],[52.81,47.88],[52.784,47.896],[52.776,47.931],[52.802,47.951],[52.829,47.968],[52.842,47.996],[52.849,48.032],[52.878,48.042],[52.896,48.078],[52.912,48.111],[52.946,48.125],[52.93,48.156],[52.957,48.171],[52.943,48.199],[52.977,48.199],[53.006,48.213],[53.032,48.23],[53.067,48.256],[53.08,48.284],[53.123,48.279],[53.151,48.266],[53.171,48.291],[53.199,48.313],[53.228,48.305],[53.265,48.316],[53.284,48.344],[53.309,48.37],[53.34,48.384],[53.351,48.419],[53.39,48.434],[53.424,48.441],[53.458,48.455],[53.48,48.477],[53.508,48.498],[53.537,48.518],[53.562,48.534],[53.563,48.565],[53.596,48.575],[53.606,48.604],[53.634,48.616],[53.67,48.638],[53.706,48.649],[53.741,48.649],[53.771,48.658],[53.78,48.687],[53.788,48.731],[53.77,48.756],[53.794,48.78],[53.801,48.812],[53.826,48.838],[53.838,48.867],[53.877,48.858],[53.929,48.858],[53.961,48.867],[53.998,48.879],[54.057,48.883],[54.09,48.875],[54.118,48.863],[54.177,48.855],[54.188,48.802],[54.196,48.758],[54.218,48.73],[54.237,48.693],[54.23,48.659],[54.259,48.63],[54.246,48.6],[54.282,48.587],[54.332,48.587],[54.361,48.579],[54.39,48.562],[54.408,48.529],[54.443,48.512],[54.482,48.517],[54.51,48.541],[54.544,48.545],[54.577,48.542],[54.625,48.546],[54.665,48.537],[54.7,48.546],[54.735,48.529],[54.758,48.552],[54.777,48.584],[54.814,48.571],[54.83,48.611],[54.849,48.635],[54.881,48.638],[54.921,48.642],[54.948,48.663],[54.977,48.68],[55.006,48.695],[55.042,48.691],[55.073,48.7],[55.111,48.704],[55.152,48.695],[55.185,48.688],[55.206,48.659],[55.173,48.641],[55.153,48.617],[55.146,48.576],[55.179,48.552],[55.219,48.541],[55.258,48.546],[55.284,48.527],[55.319,48.521],[55.365,48.53],[55.393,48.545],[55.427,48.541],[55.456,48.53],[55.483,48.506],[55.491,48.477],[55.515,48.458],[55.548,48.467],[55.577,48.48],[55.62,48.48],[55.648,48.501],[55.685,48.524],[55.712,48.542],[55.752,48.55],[55.782,48.559],[55.808,48.576],[55.817,48.607],[55.794,48.63],[55.759,48.669],[55.787,48.684],[55.81,48.704],[55.821,48.742],[55.852,48.742],[55.882,48.759],[55.914,48.746],[55.954,48.746],[55.983,48.759],[56.027,48.784],[56.065,48.787],[56.1,48.769],[56.133,48.776],[56.181,48.791],[56.232,48.795],[56.261,48.787],[56.298,48.779],[56.325,48.764],[56.342,48.733],[56.35,48.7],[56.388,48.696],[56.42,48.691],[56.453,48.697],[56.481,48.721],[56.517,48.721],[56.54,48.688],[56.569,48.679],[56.602,48.696],[56.685,48.708],[56.715,48.691],[56.742,48.675],[56.773,48.688],[56.77,48.719],[56.749,48.745],[56.724,48.767],[56.738,48.802],[56.714,48.825],[56.688,48.84],[56.697,48.87],[56.714,48.895],[56.727,48.926],[56.76,48.925],[56.792,48.93],[56.817,48.912],[56.846,48.925],[56.862,48.982],[56.838,49.0],[56.863,49.02],[56.906,49.041],[56.9,49.079],[56.863,49.089],[56.891,49.109],[56.907,49.134],[56.927,49.162],[56.941,49.189],[56.946,49.227],[56.949,49.264],[56.954,49.298],[56.926,49.317],[56.953,49.338],[56.941,49.382],[56.974,49.397],[56.976,49.427],[56.954,49.462],[56.929,49.483],[56.9,49.514],[56.906,49.55],[56.929,49.569],[56.92,49.603],[56.892,49.618],[56.852,49.638],[56.855,49.669],[56.896,49.692],[56.927,49.696],[56.96,49.716],[57.008,49.717],[57.03,49.693],[57.074,49.652],[57.092,49.625],[57.105,49.589],[57.123,49.563],[57.165,49.566],[57.198,49.546],[57.216,49.573],[57.25,49.579],[57.249,49.548],[57.255,49.518],[57.28,49.494],[57.3,49.458],[57.331,49.43],[57.356,49.413],[57.391,49.369],[57.427,49.354],[57.477,49.35],[57.508,49.35],[57.532,49.371],[57.565,49.384],[57.605,49.412],[57.637,49.435],[57.673,49.442],[57.715,49.454],[57.749,49.445],[57.796,49.45],[57.796,49.482],[57.823,49.496],[57.858,49.495],[57.89,49.513],[57.932,49.52],[57.961,49.512],[57.989,49.492],[58.027,49.471],[58.056,49.459],[58.112,49.453],[58.134,49.417],[58.108,49.394],[58.135,49.38],[58.171,49.372],[58.171,49.339],[58.158,49.298],[58.154,49.292]]]}},{"type":"Feature","properties":{"HYBAS_ID":2040067580,"MAIN_BAS":2040067580,"NEXT_DOWN":0,"SUB_AREA":937.3,"UP_AREA":937.3,"ENDO":0},"geometry":{"type":"Polygon","coordinates":[[[52.708,46.892],[52.712,46.859],[52.694,46.833],[52.688,46.797],[52.711,46.774],[52.744,46.783],[52.775,46.788],[52.784,46.756],[52.801,46.728],[52.787,46.694],[52.776,46.665],[52.754,46.694],[52.755,46.737],[52.725,46.755],[52.698,46.738],[52.671,46.756],[52.667,46.791],[52.631,46.791],[52.64,46.82],[52.66,46.846],[52.647,46.876],[52.633,46.906],[52.659,46.922],[52.678,46.945],[52.656,46.967],[52.622,46.97],[52.585,46.984],[52.535,46.988],[52.506,46.996],[52.477,47.009],[52.488,47.042],[52.499,47.077],[52.516,47.11],[52.546,47.097],[52.575,47.084],[52.601,47.067],[52.604,47.1],[52.613,47.133],[52.629,47.169],[52.665,47.188],[52.698,47.191],[52.727,47.199],[52.749,47.177],[52.773,47.155],[52.806,47.151],[52.837,47.152],[52.867,47.138],[52.863,47.08],[52.895,47.074],[52.92,47.048],[52.947,47.067],[52.991,47.076],[53.016,47.095],[53.024,47.06],[53.013,47.03],[53.021,46.985],[52.999,46.951],[53.028,46.938],[53.054,46.921],[53.023,46.909],[52.992,46.908],[52.966,46.923],[52.935,46.93],[52.91,46.951],[52.88,46.959],[52.852,46.946],[52.815,46.937],[52.768,46.925],[52.788,46.895],[52.792,46.863],[52.762,46.874],[52.732,46.882],[52.708,46.892]]]}},{"type":"Feature","properties":{"HYBAS_ID":2040067650,"MAIN_BAS":2040067650,"NEXT_DOWN":0,"SUB_AREA":74239.9,"UP_AREA":74239.9,"ENDO":0},"geometry":{"type":"Polygon","coordinates":[[[55.083,50.217],[55.106,50.242],[55.135,50.229],[55.181,50.213],[55.219,50.199],[55.248,50.184],[55.277,50.175],[55.27,50.142],[55.255,50.11],[55.245,50.081],[55.225,50.056],[55.221,50.017],[55.261,49.995],[55.288,49.977],[55.273,49.946],[55.258,49.913],[55.312,49.899],[55.328,49.874],[55.373,49.866],[55.396,49.846],[55.419,49.82],[55.441,49.79],[55.458,49.765],[55.485,49.746],[55.512,49.731],[55.552,49.724],[55.581,49.713],[55.615,49.717],[55.649,49.72],[55.681,49.705],[55.711,49.717],[55.741,49.728],[55.756,49.699],[55.811,49.696],[55.841,49.709],[55.874,49.717],[55.906,49.705],[55.935,49.688],[55.965,49.692],[56.002,49.709],[56.017,49.74],[56.048,49.759],[56.082,49.767],[56.113,49.763],[56.13,49.735],[56.152,49.712],[56.187,49.69],[56.236,49.671],[56.281,49.666],[56.309,49.648],[56.342,49.654],[56.373,49.667],[56.407,49.662],[56.416,49.63],[56.439,49.609],[56.459,49.577],[56.483,49.558],[56.519,49.559],[56.552,49.562],[56.577,49.541],[56.636,49.55],[56.671,49.554],[56.691,49.585],[56.708,49.614],[56.733,49.634],[56.762,49.625],[56.791,49.642],[56.827,49.658],[56.852,49.638],[56.887,49.632],[56.911,49.608],[56.921,49.577],[56.906,49.55],[56.9,49.514],[56.929,49.496],[56.948,49.463],[56.973,49.442],[56.979,49.41],[56.948,49.384],[56.945,49.352],[56.924,49.322],[56.954,49.298],[56.949,49.264],[56.937,49.235],[56.962,49.211],[56.938,49.186],[56.923,49.159],[56.904,49.133],[56.884,49.107],[56.873,49.08],[56.9,49.064],[56.89,49.026],[56.862,49.013],[56.862,48.982],[56.863,48.946],[56.845,48.921],[56.814,48.913],[56.764,48.929],[56.727,48.926],[56.714,48.895],[56.697,48.87],[56.688,48.84],[56.714,48.825],[56.741,48.806],[56.73,48.777],[56.744,48.746],[56.77,48.719],[56.773,48.688],[56.744,48.675],[56.715,48.691],[56.685,48.708],[56.629,48.709],[56.581,48.695],[56.552,48.684],[56.526,48.7],[56.502,48.725],[56.469,48.72],[56.429,48.695],[56.388,48.696],[56.351,48.696],[56.345,48.732],[56.325,48.764],[56.298,48.779],[56.264,48.784],[56.235,48.792],[56.202,48.792],[56.143,48.792],[56.119,48.767],[56.09,48.779],[56.056,48.788],[55.996,48.783],[55.977,48.755],[55.914,48.746],[55.883,48.763],[55.856,48.745],[55.821,48.742],[55.82,48.709],[55.794,48.692],[55.765,48.68],[55.779,48.648],[55.802,48.629],[55.816,48.594],[55.797,48.57],[55.768,48.558],[55.718,48.55],[55.692,48.526],[55.665,48.508],[55.631,48.499],[55.604,48.479],[55.565,48.479],[55.535,48.471],[55.494,48.463],[55.487,48.498],[55.463,48.525],[55.436,48.537],[55.396,48.546],[55.368,48.533],[55.331,48.529],[55.294,48.525],[55.261,48.545],[55.224,48.537],[55.18,48.542],[55.146,48.576],[55.141,48.606],[55.162,48.631],[55.189,48.649],[55.195,48.687],[55.156,48.692],[55.114,48.7],[55.077,48.705],[55.048,48.695],[55.006,48.695],[54.977,48.68],[54.948,48.663],[54.921,48.646],[54.885,48.641],[54.851,48.641],[54.83,48.611],[54.829,48.577],[54.794,48.584],[54.763,48.565],[54.735,48.529],[54.706,48.542],[54.668,48.534],[54.639,48.542],[54.581,48.545],[54.549,48.541],[54.519,48.542],[54.488,48.528],[54.448,48.516],[54.414,48.521],[54.404,48.552],[54.377,48.567],[54.348,48.58],[54.302,48.588],[54.269,48.591],[54.246,48.623],[54.245,48.653],[54.224,48.678],[54.238,48.717],[54.213,48.735],[54.195,48.787],[54.187,48.842],[54.144,48.854],[54.115,48.866],[54.081,48.875],[54.007,48.884],[53.967,48.871],[53.935,48.866],[53.894,48.858],[53.861,48.855],[53.831,48.866],[53.824,48.817],[53.799,48.784],[53.775,48.765],[53.788,48.731],[53.787,48.698],[53.766,48.67],[53.755,48.641],[53.716,48.651],[53.672,48.651],[53.645,48.617],[53.614,48.604],[53.596,48.575],[53.566,48.569],[53.562,48.534],[53.537,48.518],[53.509,48.502],[53.483,48.481],[53.458,48.455],[53.432,48.438],[53.402,48.438],[53.369,48.43],[53.349,48.406],[53.33,48.383],[53.308,48.354],[53.275,48.336],[53.256,48.309],[53.216,48.304],[53.181,48.295],[53.162,48.272],[53.127,48.276],[53.087,48.279],[53.063,48.26],[53.04,48.238],[53.015,48.217],[52.986,48.201],[52.943,48.199],[52.957,48.171],[52.93,48.156],[52.945,48.128],[52.909,48.12],[52.903,48.08],[52.895,48.051],[52.859,48.041],[52.858,48.009],[52.836,47.988],[52.819,47.963],[52.786,47.942],[52.783,47.91],[52.802,47.884],[52.833,47.878],[52.86,47.854],[52.89,47.834],[52.895,47.8],[52.859,47.791],[52.854,47.755],[52.824,47.73],[52.852,47.717],[52.863,47.688],[52.858,47.652],[52.927,47.645],[52.977,47.637],[53.002,47.62],[53.027,47.604],[53.054,47.577],[53.051,47.544],[53.051,47.509],[53.083,47.494],[53.104,47.469],[53.091,47.438],[53.056,47.417],[53.023,47.392],[52.998,47.367],[52.974,47.342],[52.927,47.317],[52.898,47.305],[52.869,47.295],[52.84,47.283],[52.823,47.254],[52.787,47.245],[52.752,47.245],[52.715,47.233],[52.679,47.221],[52.665,47.188],[52.63,47.174],[52.61,47.151],[52.608,47.119],[52.609,47.084],[52.575,47.084],[52.546,47.097],[52.517,47.113],[52.501,47.086],[52.479,47.057],[52.458,47.029],[52.429,47.041],[52.429,47.073],[52.422,47.104],[52.428,47.136],[52.431,47.17],[52.387,47.192],[52.354,47.192],[52.323,47.174],[52.289,47.176],[52.26,47.2],[52.227,47.217],[52.198,47.241],[52.159,47.259],[52.131,47.274],[52.102,47.292],[52.104,47.323],[52.086,47.354],[52.069,47.379],[52.063,47.412],[52.054,47.442],[52.045,47.482],[52.015,47.5],[51.987,47.52],[52.005,47.548],[51.946,47.558],[51.955,47.599],[51.994,47.605],[51.98,47.634],[51.963,47.66],[51.934,47.684],[51.905,47.689],[51.883,47.716],[51.862,47.738],[51.837,47.72],[51.816,47.749],[51.791,47.769],[51.788,47.801],[51.77,47.835],[51.784,47.866],[51.746,47.867],[51.773,47.88],[51.762,47.913],[51.793,47.92],[51.768,47.951],[51.749,47.987],[51.722,48.0],[51.72,48.031],[51.724,48.077],[51.693,48.088],[51.675,48.121],[51.708,48.139],[51.691,48.174],[51.656,48.195],[51.642,48.227],[51.638,48.279],[51.671,48.292],[51.655,48.323],[51.676,48.348],[51.692,48.378],[51.733,48.392],[51.737,48.423],[51.77,48.434],[51.799,48.445],[51.817,48.419],[51.797,48.376],[51.823,48.354],[51.852,48.362],[51.877,48.379],[51.915,48.374],[51.944,48.362],[51.972,48.337],[51.995,48.36],[52.045,48.388],[52.075,48.404],[52.063,48.439],[52.038,48.463],[52.021,48.489],[52.042,48.515],[52.019,48.541],[52.017,48.59],[51.984,48.601],[51.954,48.608],[51.95,48.656],[51.954,48.689],[51.963,48.723],[51.983,48.748],[51.991,48.777],[51.971,48.806],[51.989,48.841],[51.987,48.873],[51.97,48.902],[51.994,48.924],[51.999,48.958],[52.031,48.97],[52.06,48.983],[52.085,48.999],[52.125,49.004],[52.145,49.027],[52.154,49.056],[52.133,49.081],[52.109,49.106],[52.093,49.134],[52.12,49.15],[52.133,49.188],[52.128,49.238],[52.102,49.255],[52.072,49.267],[52.067,49.298],[52.07,49.328],[52.083,49.361],[52.09,49.392],[52.074,49.419],[52.087,49.446],[52.112,49.472],[52.127,49.501],[52.16,49.512],[52.154,49.549],[52.181,49.567],[52.201,49.608],[52.225,49.626],[52.245,49.652],[52.219,49.68],[52.192,49.697],[52.183,49.726],[52.15,49.739],[52.141,49.77],[52.133,49.807],[52.096,49.825],[52.056,49.83],[52.062,49.864],[52.091,49.906],[52.104,49.935],[52.117,49.965],[52.112,49.995],[52.108,50.025],[52.126,50.051],[52.134,50.081],[52.146,50.115],[52.141,50.156],[52.121,50.179],[52.084,50.18],[52.056,50.192],[52.013,50.201],[51.988,50.217],[51.956,50.233],[51.926,50.243],[51.916,50.274],[51.885,50.301],[51.871,50.34],[51.883,50.369],[51.877,50.408],[51.839,50.413],[51.796,50.448],[51.827,50.463],[51.87,50.462],[51.902,50.47],[51.935,50.479],[51.973,50.483],[52.015,50.474],[52.044,50.463],[52.077,50.466],[52.108,50.476],[52.152,50.471],[52.187,50.488],[52.197,50.524],[52.214,50.551],[52.245,50.553],[52.281,50.555],[52.292,50.586],[52.283,50.617],[52.323,50.626],[52.352,50.617],[52.386,50.612],[52.442,50.596],[52.486,50.587],[52.523,50.579],[52.56,50.583],[52.59,50.588],[52.62,50.592],[52.652,50.601],[52.679,50.621],[52.701,50.649],[52.736,50.659],[52.764,50.67],[52.796,50.671],[52.867,50.692],[52.927,50.708],[52.965,50.709],[52.992,50.725],[53.012,50.693],[53.057,50.679],[53.085,50.663],[53.119,50.659],[53.148,50.646],[53.173,50.63],[53.196,50.604],[53.227,50.612],[53.256,50.596],[53.294,50.596],[53.319,50.616],[53.353,50.626],[53.377,50.601],[53.406,50.592],[53.413,50.55],[53.426,50.521],[53.465,50.529],[53.5,50.535],[53.523,50.558],[53.577,50.558],[53.605,50.542],[53.654,50.538],[53.681,50.509],[53.676,50.472],[53.703,50.458],[53.708,50.417],[53.741,50.421],[53.788,50.408],[53.808,50.381],[53.848,50.371],[53.877,50.387],[53.906,50.416],[53.94,50.416],[53.977,50.408],[54.027,50.409],[54.055,50.392],[54.079,50.369],[54.102,50.346],[54.132,50.337],[54.165,50.341],[54.191,50.324],[54.223,50.333],[54.249,50.351],[54.294,50.358],[54.325,50.358],[54.373,50.362],[54.4,50.336],[54.431,50.333],[54.462,50.364],[54.462,50.407],[54.483,50.431],[54.49,50.462],[54.533,50.472],[54.559,50.492],[54.589,50.505],[54.614,50.488],[54.654,50.465],[54.681,50.449],[54.712,50.427],[54.727,50.401],[54.756,50.392],[54.783,50.369],[54.836,50.362],[54.873,50.354],[54.904,50.342],[54.873,50.33],[54.874,50.298],[54.894,50.271],[54.928,50.27],[54.948,50.246],[54.981,50.25],[55.011,50.258],[55.04,50.245],[55.081,50.217],[55.083,50.217]]]}},{"type":"Feature","properties":{"HYBAS_ID":2040067660,"MAIN_BAS":2040067660,"NEXT_DOWN":0,"SUB_AREA":2009.2,"UP_AREA":2009.2,"ENDO":0},"geometry":{"type":"Polygon","coordinates":[[[52.524,46.879],[52.491,46.885],[52.524,46.887],[52.524,46.879]],[[52.319,46.746],[52.277,46.746],[52.239,46.749],[52.267,46.763],[52.302,46.762],[52.337,46.762],[52.319,46.746]],[[52.565,46.775],[52.535,46.784],[52.53,46.815],[52.554,46.834],[52.587,46.827],[52.595,46.792],[52.565,46.775]],[[52.142,46.779],[52.106,46.771],[52.072,46.788],[52.04,46.799],[52.007,46.808],[51.965,46.813],[51.935,46.821],[51.906,46.829],[51.873,46.841],[51.84,46.842],[51.798,46.841],[51.769,46.817],[51.776,46.779],[51.759,46.752],[51.755,46.783],[51.723,46.808],[51.69,46.826],[51.674,46.856],[51.643,46.88],[51.613,46.852],[51.577,46.854],[51.548,46.837],[51.572,46.866],[51.602,46.88],[51.631,46.901],[51.665,46.904],[51.693,46.921],[51.723,46.905],[51.743,46.933],[51.79,46.945],[51.823,46.959],[51.86,46.987],[51.884,47.006],[51.902,47.033],[51.931,47.045],[51.943,47.074],[51.974,47.097],[52.016,47.105],[52.048,47.101],[52.062,47.131],[52.063,47.162],[52.079,47.194],[52.052,47.213],[52.033,47.238],[52.013,47.277],[52.027,47.305],[52.055,47.323],[52.072,47.353],[52.101,47.339],[52.092,47.306],[52.116,47.285],[52.144,47.267],[52.174,47.258],[52.206,47.234],[52.238,47.217],[52.273,47.188],[52.303,47.174],[52.345,47.176],[52.381,47.188],[52.416,47.187],[52.42,47.139],[52.433,47.11],[52.426,47.077],[52.429,47.041],[52.454,47.021],[52.394,47.017],[52.42,47.004],[52.455,46.996],[52.433,46.97],[52.454,46.944],[52.507,46.933],[52.491,46.907],[52.461,46.904],[52.449,46.933],[52.42,46.946],[52.435,46.917],[52.402,46.917],[52.378,46.897],[52.413,46.882],[52.432,46.859],[52.466,46.844],[52.45,46.812],[52.409,46.817],[52.395,46.846],[52.363,46.84],[52.351,46.806],[52.34,46.774],[52.345,46.806],[52.355,46.841],[52.324,46.837],[52.32,46.805],[52.287,46.79],[52.263,46.808],[52.28,46.784],[52.244,46.776],[52.229,46.803],[52.202,46.817],[52.176,46.838],[52.148,46.826],[52.119,46.838],[52.09,46.855],[52.06,46.862],[52.03,46.875],[52.01,46.851],[51.98,46.841],[51.946,46.865],[51.919,46.904],[51.872,46.897],[51.823,46.908],[51.791,46.891],[51.827,46.884],[51.862,46.888],[51.894,46.88],[51.923,46.866],[51.948,46.846],[51.974,46.829],[52.04,46.829],[52.074,46.82],[52.102,46.801],[52.152,46.795],[52.19,46.787],[52.219,46.771],[52.186,46.774],[52.142,46.779]],[[52.579,46.946],[52.61,46.937],[52.645,46.933],[52.615,46.924],[52.583,46.918],[52.579,46.946]],[[52.512,46.954],[52.574,46.971],[52.544,46.955],[52.512,46.954]],[[51.771,46.908],[51.795,46.93],[51.763,46.938],[51.771,46.908]]]}},{"type":"Feature","properties":{"HYBAS_ID":2040067740,"MAIN_BAS":2040067740,"NEXT_DOWN":0,"SUB_AREA":211008.0,"UP_AREA":211008.0,"ENDO":0},"geometry":{"type":"Polygon","coordinates":[[[51.088,50.896],[51.052,50.887],[51.027,50.905],[51.002,50.933],[50.987,50.961],[50.974,50.991],[50.944,51.004],[50.916,51.019],[50.901,51.052],[50.909,51.082],[50.908,51.114],[50.92,51.143],[50.921,51.175],[50.888,51.174],[50.864,51.154],[50.835,51.145],[50.789,51.137],[50.756,51.133],[50.723,51.13],[50.677,51.121],[50.644,51.126],[50.61,51.124],[50.557,51.108],[50.521,51.104],[50.482,51.105],[50.452,51.091],[50.418,51.087],[50.343,51.07],[50.313,51.061],[50.28,51.063],[50.249,51.049],[50.213,51.054],[50.177,51.062],[50.138,51.058],[50.115,51.079],[50.099,51.112],[50.068,51.117],[50.035,51.142],[50.008,51.173],[49.968,51.188],[49.978,51.218],[50.006,51.241],[50.044,51.25],[50.077,51.246],[50.111,51.255],[50.14,51.263],[50.186,51.266],[50.232,51.258],[50.273,51.275],[50.317,51.275],[50.317,51.312],[50.348,51.316],[50.385,51.326],[50.438,51.329],[50.467,51.338],[50.475,51.367],[50.502,51.384],[50.535,51.38],[50.564,51.371],[50.604,51.367],[50.64,51.362],[50.679,51.358],[50.723,51.379],[50.756,51.387],[50.791,51.402],[50.816,51.427],[50.848,51.437],[50.886,51.429],[50.914,51.437],[50.95,51.442],[50.942,51.473],[50.95,51.502],[50.975,51.521],[50.992,51.546],[50.969,51.566],[50.949,51.59],[50.922,51.613],[50.894,51.634],[50.861,51.641],[50.831,51.649],[50.808,51.671],[50.78,51.684],[50.767,51.714],[50.759,51.744],[50.775,51.773],[50.775,51.808],[50.807,51.805],[50.838,51.8],[50.855,51.828],[50.9,51.842],[50.927,51.858],[50.957,51.875],[50.989,51.875],[51.014,51.895],[51.048,51.909],[51.075,51.925],[51.111,51.933],[51.152,51.93],[51.155,51.965],[51.174,51.988],[51.225,51.992],[51.252,52.005],[51.279,52.027],[51.317,52.042],[51.352,52.054],[51.381,52.07],[51.399,52.098],[51.424,52.122],[51.442,52.15],[51.454,52.193],[51.459,52.223],[51.494,52.225],[51.525,52.225],[51.548,52.199],[51.578,52.191],[51.623,52.195],[51.656,52.192],[51.689,52.188],[51.708,52.154],[51.721,52.125],[51.743,52.105],[51.774,52.121],[51.802,52.109],[51.835,52.088],[51.865,52.104],[51.894,52.095],[51.924,52.069],[51.956,52.058],[51.995,52.053],[52.045,52.067],[52.078,52.087],[52.11,52.063],[52.144,52.062],[52.173,52.05],[52.206,52.058],[52.235,52.066],[52.265,52.075],[52.298,52.079],[52.327,52.054],[52.36,52.034],[52.402,52.03],[52.44,52.033],[52.466,52.018],[52.494,52.033],[52.509,52.062],[52.544,52.063],[52.575,52.071],[52.616,52.054],[52.644,52.075],[52.677,52.058],[52.71,52.05],[52.744,52.046],[52.782,52.045],[52.81,52.034],[52.841,52.038],[52.886,52.042],[52.92,52.037],[52.952,52.049],[52.996,52.054],[53.023,52.034],[53.061,52.037],[53.087,52.02],[53.124,52.026],[53.13,52.056],[53.161,52.08],[53.198,52.088],[53.222,52.107],[53.257,52.109],[53.298,52.109],[53.328,52.117],[53.355,52.098],[53.398,52.087],[53.429,52.078],[53.452,52.059],[53.476,52.038],[53.483,52.004],[53.514,51.996],[53.535,51.971],[53.567,51.967],[53.598,51.98],[53.636,51.983],[53.667,51.979],[53.698,51.984],[53.779,51.971],[53.819,51.955],[53.847,51.938],[53.879,51.92],[53.892,51.888],[53.925,51.892],[53.981,51.888],[54.023,51.883],[54.052,51.871],[54.079,51.857],[54.111,51.851],[54.145,51.854],[54.177,51.859],[54.248,51.858],[54.29,51.859],[54.338,51.863],[54.39,51.855],[54.423,51.858],[54.456,51.855],[54.49,51.863],[54.541,51.871],[54.523,51.912],[54.495,51.932],[54.492,51.966],[54.501,51.995],[54.556,52.005],[54.57,52.035],[54.575,52.077],[54.602,52.091],[54.621,52.123],[54.652,52.13],[54.698,52.138],[54.717,52.181],[54.691,52.203],[54.692,52.248],[54.663,52.277],[54.666,52.31],[54.684,52.337],[54.692,52.367],[54.718,52.383],[54.748,52.392],[54.779,52.4],[54.806,52.421],[54.84,52.424],[54.869,52.433],[54.908,52.45],[54.904,52.486],[54.867,52.5],[54.859,52.531],[54.863,52.565],[54.858,52.596],[54.845,52.624],[54.819,52.642],[54.783,52.646],[54.755,52.663],[54.727,52.68],[54.698,52.696],[54.654,52.713],[54.621,52.744],[54.594,52.763],[54.553,52.767],[54.523,52.771],[54.499,52.794],[54.471,52.831],[54.448,52.851],[54.414,52.859],[54.389,52.876],[54.356,52.887],[54.33,52.91],[54.305,52.938],[54.301,52.973],[54.327,52.988],[54.361,52.991],[54.402,52.992],[54.427,52.975],[54.465,52.966],[54.519,52.979],[54.552,52.971],[54.583,52.963],[54.624,52.971],[54.636,53.0],[54.677,53.008],[54.711,53.013],[54.757,53.013],[54.785,53.026],[54.815,53.041],[54.845,53.042],[54.859,53.074],[54.89,53.079],[54.919,53.095],[54.948,53.108],[54.971,53.085],[54.995,53.062],[55.005,53.03],[55.033,53.015],[55.041,52.985],[55.056,52.958],[55.09,52.934],[55.119,52.921],[55.136,52.896],[55.165,52.904],[55.202,52.904],[55.235,52.884],[55.255,52.859],[55.283,52.846],[55.315,52.838],[55.358,52.85],[55.381,52.88],[55.408,52.906],[55.435,52.891],[55.483,52.891],[55.515,52.874],[55.544,52.883],[55.577,52.884],[55.592,52.856],[55.616,52.827],[55.628,52.795],[55.661,52.799],[55.67,52.769],[55.695,52.751],[55.727,52.745],[55.756,52.755],[55.79,52.746],[55.824,52.758],[55.875,52.742],[55.911,52.725],[55.938,52.709],[55.96,52.688],[55.991,52.669],[56.032,52.658],[56.062,52.645],[56.094,52.651],[56.123,52.642],[56.13,52.682],[56.154,52.705],[56.168,52.737],[56.2,52.727],[56.21,52.695],[56.24,52.701],[56.292,52.704],[56.312,52.727],[56.361,52.745],[56.392,52.742],[56.396,52.71],[56.408,52.681],[56.436,52.666],[56.466,52.68],[56.49,52.7],[56.519,52.709],[56.541,52.731],[56.547,52.766],[56.577,52.779],[56.619,52.796],[56.661,52.809],[56.694,52.812],[56.733,52.825],[56.765,52.817],[56.795,52.823],[56.8,52.793],[56.827,52.78],[56.855,52.799],[56.882,52.813],[56.913,52.825],[56.952,52.825],[56.975,52.802],[57.008,52.8],[57.035,52.816],[57.051,52.849],[57.102,52.863],[57.133,52.866],[57.164,52.879],[57.2,52.883],[57.221,52.917],[57.252,52.912],[57.285,52.901],[57.32,52.909],[57.346,52.925],[57.37,52.902],[57.359,52.873],[57.367,52.839],[57.395,52.824],[57.413,52.8],[57.434,52.767],[57.466,52.762],[57.485,52.734],[57.523,52.733],[57.558,52.726],[57.591,52.723],[57.615,52.742],[57.654,52.764],[57.689,52.783],[57.723,52.787],[57.761,52.791],[57.808,52.792],[57.84,52.801],[57.842,52.831],[57.858,52.858],[57.865,52.888],[57.899,52.91],[57.923,52.941],[57.937,52.97],[57.953,53.013],[57.968,53.045],[58.002,53.051],[58.041,53.084],[58.034,53.114],[58.057,53.134],[58.062,53.168],[58.079,53.194],[58.097,53.241],[58.113,53.279],[58.133,53.304],[58.129,53.335],[58.125,53.371],[58.153,53.393],[58.17,53.419],[58.17,53.452],[58.188,53.478],[58.223,53.492],[58.266,53.505],[58.279,53.539],[58.291,53.567],[58.313,53.59],[58.317,53.623],[58.332,53.651],[58.349,53.685],[58.37,53.709],[58.388,53.738],[58.38,53.773],[58.401,53.798],[58.431,53.824],[58.456,53.842],[58.483,53.86],[58.501,53.885],[58.519,53.912],[58.545,53.931],[58.558,53.973],[58.577,53.999],[58.608,54.013],[58.632,54.034],[58.616,54.061],[58.616,54.098],[58.636,54.121],[58.666,54.138],[58.693,54.15],[58.748,54.145],[58.775,54.168],[58.806,54.183],[58.846,54.188],[58.834,54.225],[58.865,54.234],[58.895,54.255],[58.923,54.271],[58.947,54.291],[58.967,54.315],[58.983,54.346],[58.983,54.377],[59.006,54.399],[59.03,54.424],[59.05,54.452],[59.077,54.491],[59.069,54.52],[59.059,54.552],[59.042,54.579],[59.068,54.608],[59.095,54.626],[59.136,54.62],[59.19,54.63],[59.223,54.638],[59.256,54.637],[59.296,54.629],[59.303,54.667],[59.331,54.683],[59.365,54.692],[59.394,54.708],[59.43,54.709],[59.462,54.712],[59.47,54.677],[59.449,54.651],[59.455,54.62],[59.455,54.584],[59.441,54.557],[59.465,54.533],[59.503,54.529],[59.468,54.504],[59.47,54.471],[59.442,54.452],[59.448,54.421],[59.453,54.384],[59.459,54.35],[59.496,54.354],[59.512,54.323],[59.486,54.309],[59.461,54.292],[59.427,54.284],[59.418,54.253],[59.408,54.213],[59.433,54.192],[59.438,54.16],[59.449,54.132],[59.477,54.108],[59.534,54.099],[59.56,54.12],[59.594,54.134],[59.604,54.102],[59.585,54.074],[59.562,54.04],[59.558,53.998],[59.59,53.974],[59.626,53.965],[59.625,53.933],[59.63,53.895],[59.665,53.87],[59.684,53.838],[59.72,53.82],[59.765,53.813],[59.794,53.824],[59.811,53.795],[59.844,53.787],[59.888,53.779],[59.919,53.774],[59.96,53.766],[59.992,53.772],[60.002,53.804],[60.032,53.82],[60.064,53.813],[60.093,53.832],[60.119,53.851],[60.144,53.867],[60.185,53.876],[60.219,53.875],[60.257,53.858],[60.262,53.822],[60.311,53.805],[60.297,53.776],[60.309,53.748],[60.299,53.714],[60.256,53.688],[60.227,53.671],[60.216,53.643],[60.209,53.614],[60.232,53.595],[60.221,53.565],[60.249,53.545],[60.24,53.513],[60.24,53.483],[60.256,53.458],[60.244,53.43],[60.21,53.409],[60.19,53.383],[60.179,53.354],[60.151,53.337],[60.134,53.311],[60.133,53.279],[60.166,53.266],[60.195,53.249],[60.213,53.225],[60.188,53.198],[60.161,53.184],[60.119,53.18],[60.086,53.18],[60.056,53.162],[60.022,53.155],[59.988,53.158],[59.976,53.128],[59.999,53.106],[60.031,53.096],[60.045,53.065],[60.034,53.035],[60.006,53.013],[59.967,52.985],[59.948,52.962],[59.913,52.944],[59.884,52.928],[59.888,52.897],[59.923,52.883],[59.952,52.871],[59.979,52.856],[60.006,52.834],[60.029,52.813],[60.049,52.786],[60.058,52.747],[60.027,52.742],[59.997,52.728],[59.977,52.704],[59.967,52.67],[59.944,52.646],[59.916,52.622],[59.898,52.58],[59.879,52.554],[59.866,52.522],[59.854,52.494],[59.882,52.479],[59.91,52.459],[59.939,52.446],[59.973,52.441],[60.008,52.446],[60.027,52.417],[60.047,52.388],[60.081,52.374],[60.116,52.37],[60.153,52.358],[60.145,52.327],[60.155,52.298],[60.15,52.267],[60.152,52.234],[60.126,52.211],[60.117,52.173],[60.112,52.138],[60.095,52.113],[60.12,52.095],[60.125,52.064],[60.093,52.054],[60.065,52.042],[60.037,52.027],[60.045,51.998],[60.05,51.967],[60.071,51.939],[60.088,51.914],[60.112,51.89],[60.128,51.862],[60.173,51.859],[60.207,51.867],[60.246,51.875],[60.266,51.898],[60.295,51.918],[60.327,51.921],[60.369,51.937],[60.399,51.937],[60.405,51.902],[60.444,51.891],[60.477,51.874],[60.51,51.879],[60.548,51.884],[60.581,51.88],[60.618,51.887],[60.652,51.884],[60.683,51.878],[60.674,51.839],[60.683,51.802],[60.671,51.771],[60.654,51.731],[60.626,51.716],[60.643,51.684],[60.648,51.654],[60.639,51.625],[60.611,51.596],[60.584,51.582],[60.548,51.579],[60.523,51.558],[60.529,51.527],[60.509,51.498],[60.483,51.479],[60.488,51.449],[60.488,51.418],[60.516,51.394],[60.532,51.366],[60.542,51.331],[60.55,51.298],[60.563,51.263],[60.591,51.249],[60.583,51.217],[60.556,51.201],[60.522,51.195],[60.53,51.159],[60.52,51.13],[60.542,51.104],[60.51,51.083],[60.456,51.074],[60.431,51.058],[60.398,51.058],[60.37,51.042],[60.335,51.037],[60.298,51.02],[60.269,50.98],[60.251,50.951],[60.275,50.927],[60.271,50.892],[60.244,50.874],[60.209,50.853],[60.192,50.825],[60.158,50.813],[60.127,50.812],[60.092,50.794],[60.083,50.75],[60.038,50.733],[60.026,50.702],[60.004,50.677],[59.952,50.662],[59.926,50.644],[59.896,50.634],[59.869,50.605],[59.84,50.592],[59.809,50.577],[59.781,50.563],[59.748,50.558],[59.711,50.551],[59.676,50.529],[59.652,50.508],[59.628,50.484],[59.604,50.464],[59.566,50.455],[59.531,50.455],[59.489,50.458],[59.456,50.446],[59.427,50.462],[59.391,50.467],[59.358,50.471],[59.331,50.438],[59.305,50.423],[59.288,50.398],[59.324,50.374],[59.337,50.344],[59.345,50.314],[59.377,50.301],[59.361,50.267],[59.362,50.219],[59.355,50.188],[59.358,50.156],[59.381,50.13],[59.391,50.098],[59.404,50.071],[59.377,50.055],[59.342,50.04],[59.338,49.998],[59.335,49.966],[59.334,49.936],[59.329,49.906],[59.33,49.873],[59.325,49.84],[59.309,49.798],[59.277,49.791],[59.243,49.787],[59.215,49.771],[59.15,49.771],[59.148,49.738],[59.129,49.704],[59.106,49.676],[59.077,49.663],[59.046,49.653],[59.034,49.623],[59.037,49.589],[59.015,49.563],[58.969,49.551],[58.936,49.555],[58.922,49.526],[58.942,49.501],[58.951,49.46],[58.954,49.426],[58.919,49.413],[58.891,49.388],[58.861,49.355],[58.832,49.342],[58.794,49.337],[58.763,49.338],[58.762,49.305],[58.749,49.276],[58.717,49.257],[58.705,49.288],[58.676,49.323],[58.638,49.329],[58.617,49.36],[58.586,49.363],[58.556,49.354],[58.525,49.354],[58.488,49.358],[58.467,49.333],[58.483,49.292],[58.452,49.276],[58.426,49.258],[58.398,49.241],[58.369,49.229],[58.332,49.245],[58.289,49.25],[58.248,49.263],[58.214,49.275],[58.185,49.284],[58.154,49.292],[58.166,49.323],[58.163,49.356],[58.14,49.383],[58.11,49.392],[58.134,49.417],[58.112,49.453],[58.081,49.458],[58.05,49.458],[58.015,49.483],[57.986,49.495],[57.957,49.516],[57.915,49.521],[57.872,49.512],[57.833,49.5],[57.806,49.487],[57.792,49.46],[57.752,49.466],[57.727,49.449],[57.692,49.459],[57.638,49.442],[57.615,49.413],[57.584,49.39],[57.552,49.38],[57.513,49.357],[57.482,49.345],[57.448,49.345],[57.414,49.355],[57.367,49.393],[57.348,49.42],[57.322,49.438],[57.3,49.475],[57.279,49.502],[57.254,49.541],[57.25,49.579],[57.217,49.583],[57.208,49.552],[57.171,49.558],[57.127,49.567],[57.105,49.589],[57.104,49.625],[57.075,49.648],[57.037,49.691],[57.009,49.713],[56.977,49.717],[56.944,49.712],[56.91,49.695],[56.867,49.692],[56.854,49.664],[56.803,49.659],[56.777,49.641],[56.748,49.63],[56.719,49.621],[56.696,49.598],[56.683,49.57],[56.643,49.55],[56.598,49.55],[56.565,49.554],[56.536,49.563],[56.483,49.558],[56.459,49.577],[56.445,49.607],[56.416,49.63],[56.407,49.662],[56.377,49.67],[56.348,49.662],[56.319,49.638],[56.285,49.663],[56.252,49.671],[56.197,49.67],[56.174,49.704],[56.144,49.713],[56.129,49.75],[56.102,49.77],[56.073,49.763],[56.031,49.758],[56.016,49.727],[55.989,49.708],[55.956,49.691],[55.925,49.696],[55.898,49.709],[55.867,49.712],[55.836,49.705],[55.785,49.695],[55.746,49.7],[55.735,49.73],[55.697,49.716],[55.668,49.704],[55.643,49.722],[55.61,49.716],[55.564,49.712],[55.524,49.726],[55.498,49.742],[55.471,49.758],[55.446,49.781],[55.425,49.81],[55.396,49.844],[55.373,49.866],[55.33,49.867],[55.316,49.894],[55.27,49.901],[55.259,49.932],[55.283,49.956],[55.277,49.987],[55.227,49.996],[55.22,50.041],[55.235,50.07],[55.258,50.098],[55.258,50.131],[55.28,50.157],[55.255,50.181],[55.223,50.196],[55.187,50.217],[55.156,50.209],[55.122,50.23],[55.089,50.225],[55.056,50.241],[55.03,50.256],[54.998,50.255],[54.95,50.246],[54.928,50.27],[54.894,50.271],[54.87,50.292],[54.863,50.323],[54.903,50.338],[54.873,50.354],[54.839,50.359],[54.807,50.359],[54.778,50.374],[54.748,50.399],[54.721,50.417],[54.699,50.441],[54.669,50.451],[54.641,50.478],[54.611,50.491],[54.581,50.512],[54.552,50.491],[54.515,50.47],[54.485,50.459],[54.48,50.427],[54.463,50.389],[54.446,50.348],[54.423,50.329],[54.394,50.341],[54.336,50.363],[54.307,50.355],[54.277,50.359],[54.244,50.349],[54.219,50.33],[54.186,50.329],[54.156,50.338],[54.119,50.345],[54.08,50.351],[54.07,50.391],[54.048,50.413],[54.006,50.408],[53.96,50.409],[53.908,50.417],[53.896,50.388],[53.86,50.383],[53.808,50.371],[53.805,50.402],[53.764,50.409],[53.727,50.42],[53.712,50.449],[53.685,50.463],[53.683,50.508],[53.662,50.532],[53.618,50.538],[53.589,50.55],[53.552,50.559],[53.519,50.555],[53.49,50.525],[53.444,50.53],[53.409,50.538],[53.409,50.569],[53.389,50.596],[53.362,50.611],[53.319,50.616],[53.294,50.596],[53.258,50.592],[53.233,50.608],[53.196,50.604],[53.173,50.63],[53.148,50.646],[53.119,50.659],[53.085,50.663],[53.057,50.679],[53.023,50.68],[53.016,50.71],[52.977,50.716],[52.948,50.708],[52.879,50.708],[52.809,50.691],[52.764,50.67],[52.736,50.659],[52.701,50.649],[52.683,50.622],[52.652,50.601],[52.621,50.596],[52.59,50.588],[52.56,50.583],[52.527,50.576],[52.489,50.584],[52.456,50.592],[52.409,50.596],[52.36,50.613],[52.327,50.629],[52.299,50.617],[52.292,50.586],[52.281,50.555],[52.248,50.55],[52.214,50.551],[52.197,50.524],[52.187,50.488],[52.156,50.474],[52.108,50.476],[52.077,50.466],[52.044,50.463],[52.015,50.474],[51.977,50.48],[51.935,50.479],[51.902,50.47],[51.871,50.467],[51.838,50.467],[51.806,50.459],[51.827,50.417],[51.877,50.408],[51.883,50.377],[51.875,50.343],[51.887,50.31],[51.905,50.285],[51.921,50.256],[51.95,50.24],[51.987,50.224],[52.012,50.208],[52.039,50.196],[52.073,50.188],[52.121,50.179],[52.141,50.156],[52.151,50.122],[52.138,50.09],[52.124,50.06],[52.116,50.03],[52.105,49.997],[52.12,49.969],[52.105,49.941],[52.092,49.911],[52.074,49.885],[52.057,49.859],[52.082,49.829],[52.114,49.821],[52.134,49.793],[52.145,49.765],[52.158,49.732],[52.191,49.724],[52.199,49.695],[52.242,49.679],[52.242,49.648],[52.219,49.624],[52.199,49.576],[52.163,49.566],[52.163,49.531],[52.187,49.512],[52.152,49.505],[52.122,49.499],[52.105,49.47],[52.071,49.446],[52.071,49.414],[52.073,49.38],[52.082,49.351],[52.054,49.338],[52.066,49.306],[52.07,49.272],[52.098,49.258],[52.121,49.233],[52.14,49.196],[52.124,49.163],[52.098,49.142],[52.109,49.106],[52.133,49.081],[52.159,49.064],[52.145,49.027],[52.125,49.004],[52.085,48.999],[52.06,48.983],[52.031,48.97],[52.001,48.97],[52.009,48.938],[51.985,48.917],[51.979,48.886],[51.993,48.855],[51.976,48.829],[51.983,48.794],[51.983,48.748],[51.963,48.723],[51.958,48.693],[51.95,48.656],[51.954,48.608],[51.984,48.601],[52.017,48.59],[52.009,48.556],[52.036,48.533],[52.037,48.501],[52.038,48.467],[52.062,48.444],[52.075,48.404],[52.045,48.388],[52.005,48.387],[51.992,48.356],[51.96,48.354],[51.931,48.367],[51.877,48.379],[51.852,48.362],[51.823,48.354],[51.797,48.376],[51.799,48.406],[51.799,48.445],[51.77,48.434],[51.734,48.437],[51.729,48.404],[51.698,48.383],[51.68,48.358],[51.655,48.337],[51.666,48.306],[51.643,48.287],[51.638,48.256],[51.65,48.219],[51.673,48.18],[51.703,48.162],[51.686,48.129],[51.688,48.098],[51.721,48.083],[51.726,48.052],[51.712,48.022],[51.736,47.995],[51.759,47.964],[51.781,47.938],[51.812,47.923],[51.773,47.916],[51.778,47.884],[51.747,47.87],[51.784,47.866],[51.767,47.84],[51.788,47.801],[51.791,47.769],[51.816,47.749],[51.837,47.72],[51.862,47.738],[51.883,47.716],[51.905,47.689],[51.933,47.679],[51.966,47.673],[51.975,47.644],[52.004,47.619],[51.977,47.601],[51.954,47.577],[51.977,47.559],[52.008,47.563],[51.991,47.53],[51.996,47.5],[52.036,47.491],[52.059,47.456],[52.074,47.428],[52.062,47.401],[52.075,47.373],[52.07,47.338],[52.045,47.309],[52.017,47.294],[52.012,47.255],[52.037,47.237],[52.057,47.212],[52.066,47.18],[52.062,47.148],[52.055,47.117],[52.022,47.117],[51.994,47.101],[51.952,47.076],[51.936,47.047],[51.907,47.029],[51.884,47.006],[51.86,46.987],[51.838,46.967],[51.806,46.954],[51.755,46.946],[51.734,46.924],[51.702,46.913],[51.673,46.905],[51.642,46.908],[51.685,46.945],[51.696,46.977],[51.722,46.999],[51.752,47.016],[51.781,47.041],[51.813,47.064],[51.792,47.098],[51.799,47.128],[51.819,47.154],[51.844,47.18],[51.858,47.216],[51.826,47.226],[51.827,47.258],[51.803,47.299],[51.772,47.301],[51.761,47.333],[51.727,47.334],[51.72,47.374],[51.738,47.4],[51.705,47.405],[51.676,47.416],[51.65,47.441],[51.629,47.48],[51.62,47.512],[51.613,47.544],[51.593,47.568],[51.579,47.611],[51.555,47.635],[51.558,47.666],[51.571,47.693],[51.546,47.723],[51.554,47.752],[51.582,47.772],[51.58,47.819],[51.58,47.852],[51.562,47.886],[51.541,47.91],[51.546,47.946],[51.566,47.968],[51.566,48.003],[51.534,48.026],[51.515,48.054],[51.495,48.077],[51.504,48.11],[51.499,48.144],[51.471,48.165],[51.456,48.191],[51.461,48.221],[51.458,48.252],[51.442,48.281],[51.421,48.304],[51.453,48.312],[51.481,48.341],[51.511,48.342],[51.498,48.371],[51.5,48.408],[51.52,48.434],[51.53,48.473],[51.551,48.501],[51.559,48.529],[51.579,48.561],[51.545,48.573],[51.567,48.596],[51.59,48.617],[51.616,48.635],[51.646,48.647],[51.667,48.675],[51.666,48.71],[51.695,48.73],[51.68,48.759],[51.648,48.758],[51.614,48.767],[51.6,48.793],[51.564,48.817],[51.537,48.839],[51.538,48.883],[51.562,48.906],[51.585,48.929],[51.605,48.959],[51.583,48.991],[51.548,49.001],[51.524,49.024],[51.491,49.041],[51.515,49.07],[51.548,49.079],[51.519,49.099],[51.487,49.093],[51.463,49.115],[51.441,49.138],[51.405,49.147],[51.386,49.175],[51.352,49.184],[51.322,49.209],[51.303,49.237],[51.273,49.245],[51.246,49.26],[51.228,49.291],[51.198,49.291],[51.156,49.296],[51.13,49.315],[51.129,49.348],[51.125,49.379],[51.153,49.393],[51.151,49.444],[51.17,49.469],[51.151,49.494],[51.129,49.515],[51.15,49.541],[51.158,49.572],[51.162,49.606],[51.151,49.644],[51.122,49.655],[51.104,49.68],[51.096,49.723],[51.109,49.751],[51.137,49.764],[51.149,49.792],[51.121,49.813],[51.161,49.83],[51.179,49.854],[51.158,49.881],[51.127,49.888],[51.108,49.921],[51.101,49.951],[51.083,49.978],[51.062,50.003],[51.067,50.036],[51.083,50.073],[51.088,50.103],[51.055,50.109],[51.063,50.145],[51.055,50.176],[51.035,50.149],[51.005,50.156],[51.004,50.192],[51.009,50.224],[51.04,50.23],[51.05,50.263],[51.02,50.258],[51.009,50.297],[50.984,50.318],[50.963,50.348],[50.946,50.375],[50.924,50.405],[50.946,50.433],[50.983,50.434],[50.988,50.478],[51.009,50.5],[51.013,50.531],[51.026,50.562],[51.038,50.603],[51.044,50.633],[51.052,50.666],[51.079,50.685],[51.044,50.696],[51.01,50.691],[51.008,50.723],[51.041,50.742],[51.051,50.774],[51.088,50.758],[51.092,50.798],[51.109,50.83],[51.109,50.865],[51.102,50.9],[51.088,50.896]]]}},{"type":"Feature","properties":{"HYBAS_ID":2040067750,"MAIN_BAS":2040067750,"NEXT_DOWN":0,"SUB_AREA":180339.1,"UP_AREA":180339.1,"ENDO":0},"geometry":{"type":"Polygon","coordinates":[[[50.936,47.05],[50.897,47.051],[50.937,47.062],[50.936,47.05]],[[50.707,46.846],[50.699,46.877],[50.669,46.891],[50.639,46.879],[50.66,46.908],[50.69,46.916],[50.713,46.891],[50.701,46.861],[50.707,46.846]],[[50.363,46.8],[50.388,46.77],[50.401,46.803],[50.429,46.823],[50.408,46.796],[50.398,46.767],[50.363,46.768],[50.352,46.799],[50.321,46.777],[50.344,46.801],[50.363,46.8]],[[50.05,46.629],[50.021,46.613],[50.049,46.627],[50.05,46.629]],[[49.603,46.096],[49.579,46.119],[49.609,46.107],[49.603,46.096]],[[49.338,46.321],[49.32,46.37],[49.325,46.339],[49.338,46.321]],[[49.308,46.338],[49.283,46.354],[49.307,46.329],[49.308,46.338]],[[49.569,45.904],[49.554,45.941],[49.581,45.955],[49.592,45.923],[49.569,45.904]],[[49.403,45.917],[49.401,45.956],[49.433,45.955],[49.408,45.932],[49.403,45.917]],[[49.028,45.996],[49.029,46.031],[49.02,45.997],[49.028,45.996]],[[48.09,45.308],[48.056,45.313],[48.035,45.334],[48.065,45.333],[48.096,45.324],[48.09,45.308]],[[48.003,45.167],[47.992,45.198],[47.988,45.232],[48.044,45.237],[48.071,45.221],[48.065,45.188],[48.035,45.176],[48.006,45.17],[48.003,45.167]],[[47.753,45.363],[47.741,45.391],[47.753,45.363],[47.753,45.363]],[[47.694,45.438],[47.68,45.498],[47.709,45.484],[47.695,45.45],[47.694,45.438]],[[48.271,45.488],[48.304,45.477],[48.334,45.466],[48.315,45.441],[48.284,45.444],[48.277,45.479],[48.271,45.488]],[[47.742,45.458],[47.733,45.491],[47.725,45.52],[47.701,45.552],[47.688,45.583],[47.719,45.592],[47.743,45.613],[47.753,45.645],[47.741,45.673],[47.724,45.702],[47.693,45.722],[47.684,45.756],[47.716,45.789],[47.712,45.824],[47.72,45.856],[47.729,45.885],[47.725,45.919],[47.745,45.947],[47.749,45.985],[47.783,46.026],[47.813,46.049],[47.805,46.087],[47.835,46.104],[47.865,46.112],[47.891,46.131],[47.901,46.161],[47.909,46.191],[47.938,46.212],[47.954,46.24],[47.981,46.258],[48.004,46.285],[48.01,46.316],[48.041,46.338],[48.067,46.357],[48.075,46.386],[48.075,46.423],[48.071,46.464],[48.067,46.498],[48.05,46.527],[48.033,46.552],[48.005,46.572],[47.965,46.584],[47.949,46.61],[47.933,46.638],[47.924,46.669],[47.909,46.698],[47.895,46.728],[47.899,46.764],[47.869,46.78],[47.838,46.792],[47.802,46.791],[47.791,46.819],[47.791,46.858],[47.767,46.881],[47.716,46.896],[47.684,46.897],[47.679,46.927],[47.656,46.949],[47.627,46.958],[47.617,46.99],[47.616,47.03],[47.59,47.049],[47.558,47.078],[47.52,47.088],[47.505,47.153],[47.513,47.199],[47.523,47.23],[47.54,47.259],[47.537,47.29],[47.548,47.32],[47.583,47.33],[47.616,47.316],[47.652,47.329],[47.685,47.338],[47.719,47.346],[47.745,47.368],[47.722,47.393],[47.698,47.412],[47.692,47.442],[47.665,47.458],[47.631,47.459],[47.601,47.48],[47.582,47.508],[47.548,47.501],[47.515,47.505],[47.483,47.508],[47.493,47.537],[47.532,47.542],[47.53,47.573],[47.553,47.605],[47.583,47.6],[47.566,47.638],[47.535,47.633],[47.506,47.645],[47.476,47.651],[47.467,47.681],[47.44,47.699],[47.4,47.684],[47.408,47.72],[47.379,47.708],[47.356,47.687],[47.327,47.679],[47.298,47.695],[47.264,47.687],[47.241,47.707],[47.23,47.735],[47.238,47.767],[47.202,47.762],[47.175,47.779],[47.144,47.799],[47.152,47.83],[47.13,47.851],[47.116,47.879],[47.077,47.883],[47.041,47.891],[47.008,47.892],[46.984,47.919],[46.964,47.942],[46.975,47.973],[46.971,48.028],[47.012,48.034],[47.004,48.065],[46.965,48.059],[46.934,48.045],[46.902,48.041],[46.88,48.067],[46.859,48.092],[46.85,48.142],[46.814,48.138],[46.783,48.137],[46.752,48.154],[46.72,48.174],[46.696,48.192],[46.664,48.192],[46.638,48.209],[46.629,48.241],[46.604,48.258],[46.576,48.273],[46.551,48.292],[46.542,48.323],[46.505,48.333],[46.478,48.351],[46.45,48.371],[46.42,48.392],[46.39,48.396],[46.383,48.431],[46.412,48.465],[46.379,48.471],[46.348,48.458],[46.314,48.467],[46.29,48.487],[46.265,48.509],[46.238,48.534],[46.217,48.556],[46.208,48.596],[46.175,48.605],[46.15,48.625],[46.158,48.663],[46.119,48.679],[46.094,48.696],[46.045,48.709],[46.015,48.701],[45.988,48.722],[45.967,48.745],[45.946,48.769],[45.933,48.803],[45.912,48.832],[45.921,48.877],[45.92,48.91],[45.887,48.921],[45.856,48.916],[45.83,48.935],[45.81,48.959],[45.791,48.984],[45.766,49.006],[45.766,49.038],[45.788,49.065],[45.795,49.102],[45.759,49.14],[45.735,49.158],[45.727,49.188],[45.709,49.213],[45.73,49.235],[45.728,49.266],[45.721,49.296],[45.73,49.329],[45.749,49.352],[45.719,49.359],[45.717,49.39],[45.701,49.418],[45.683,49.457],[45.64,49.463],[45.608,49.488],[45.607,49.52],[45.577,49.537],[45.55,49.556],[45.538,49.583],[45.485,49.574],[45.458,49.554],[45.419,49.549],[45.388,49.567],[45.416,49.589],[45.424,49.624],[45.425,49.656],[45.434,49.687],[45.482,49.691],[45.546,49.688],[45.521,49.713],[45.509,49.752],[45.495,49.785],[45.469,49.808],[45.492,49.83],[45.523,49.846],[45.554,49.846],[45.559,49.877],[45.607,49.884],[45.673,49.891],[45.706,49.891],[45.748,49.896],[45.782,49.901],[45.815,49.909],[45.85,49.908],[45.883,49.913],[45.912,49.923],[45.952,49.926],[45.981,49.934],[46.019,49.942],[46.049,49.945],[46.077,49.921],[46.107,49.912],[46.141,49.904],[46.168,49.928],[46.191,49.948],[46.224,49.948],[46.265,49.949],[46.302,49.938],[46.299,49.97],[46.332,49.963],[46.366,49.967],[46.395,49.931],[46.433,49.917],[46.466,49.93],[46.48,49.902],[46.501,49.879],[46.531,49.901],[46.57,49.883],[46.577,49.851],[46.594,49.825],[46.631,49.837],[46.656,49.854],[46.67,49.885],[46.684,49.914],[46.715,49.941],[46.744,49.933],[46.773,49.942],[46.795,49.963],[46.823,49.949],[46.852,49.938],[46.882,49.925],[46.912,49.908],[46.948,49.909],[46.978,49.926],[47.003,49.949],[47.045,49.928],[47.1,49.908],[47.091,49.94],[47.142,49.937],[47.186,49.942],[47.196,49.973],[47.226,49.991],[47.241,50.018],[47.25,50.048],[47.242,50.077],[47.263,50.107],[47.295,50.13],[47.327,50.134],[47.362,50.147],[47.39,50.163],[47.424,50.154],[47.451,50.174],[47.495,50.202],[47.477,50.23],[47.453,50.253],[47.429,50.275],[47.47,50.298],[47.492,50.319],[47.504,50.348],[47.521,50.375],[47.493,50.392],[47.464,50.421],[47.437,50.441],[47.41,50.455],[47.383,50.471],[47.343,50.48],[47.315,50.491],[47.271,50.504],[47.251,50.527],[47.229,50.553],[47.221,50.593],[47.195,50.618],[47.216,50.639],[47.234,50.67],[47.261,50.684],[47.279,50.708],[47.258,50.735],[47.218,50.763],[47.201,50.795],[47.213,50.833],[47.233,50.856],[47.246,50.894],[47.273,50.912],[47.307,50.917],[47.339,50.917],[47.37,50.934],[47.362,50.965],[47.354,50.994],[47.349,51.031],[47.373,51.055],[47.4,51.071],[47.448,51.058],[47.5,51.058],[47.535,51.079],[47.564,51.091],[47.615,51.1],[47.65,51.113],[47.69,51.121],[47.725,51.129],[47.752,51.149],[47.776,51.17],[47.8,51.194],[47.809,51.223],[47.813,51.257],[47.825,51.285],[47.816,51.323],[47.848,51.333],[47.881,51.345],[47.914,51.338],[47.956,51.337],[47.987,51.33],[48.014,51.349],[48.039,51.374],[48.069,51.384],[48.095,51.406],[48.131,51.412],[48.169,51.401],[48.226,51.405],[48.267,51.399],[48.311,51.405],[48.345,51.413],[48.373,51.433],[48.412,51.442],[48.429,51.477],[48.425,51.513],[48.442,51.54],[48.469,51.555],[48.502,51.559],[48.539,51.579],[48.569,51.591],[48.599,51.601],[48.624,51.623],[48.638,51.653],[48.665,51.676],[48.675,51.704],[48.706,51.699],[48.801,51.695],[48.829,51.708],[48.83,51.676],[48.849,51.648],[48.859,51.619],[48.89,51.604],[48.917,51.58],[48.948,51.571],[48.982,51.554],[49.013,51.55],[49.02,51.514],[49.012,51.481],[49.016,51.448],[49.033,51.423],[49.052,51.396],[49.082,51.375],[49.119,51.371],[49.149,51.374],[49.166,51.344],[49.194,51.333],[49.244,51.329],[49.275,51.319],[49.299,51.299],[49.342,51.275],[49.368,51.259],[49.393,51.242],[49.437,51.215],[49.478,51.204],[49.511,51.2],[49.546,51.192],[49.531,51.163],[49.5,51.158],[49.475,51.133],[49.486,51.104],[49.518,51.104],[49.552,51.112],[49.59,51.117],[49.64,51.112],[49.66,51.08],[49.692,51.071],[49.709,51.096],[49.744,51.108],[49.777,51.109],[49.808,51.112],[49.835,51.124],[49.864,51.134],[49.897,51.137],[49.927,51.138],[49.933,51.188],[49.965,51.191],[49.996,51.188],[50.009,51.151],[50.06,51.141],[50.073,51.113],[50.101,51.098],[50.123,51.071],[50.152,51.059],[50.185,51.055],[50.229,51.054],[50.269,51.051],[50.303,51.062],[50.333,51.075],[50.394,51.071],[50.427,51.088],[50.46,51.095],[50.507,51.104],[50.552,51.112],[50.586,51.109],[50.616,51.126],[50.661,51.124],[50.699,51.12],[50.727,51.133],[50.777,51.134],[50.815,51.138],[50.844,51.149],[50.881,51.166],[50.921,51.175],[50.92,51.143],[50.908,51.114],[50.909,51.082],[50.901,51.052],[50.913,51.023],[50.944,51.004],[50.974,50.991],[50.987,50.961],[51.002,50.933],[51.017,50.904],[51.048,50.901],[51.087,50.899],[51.113,50.879],[51.1,50.849],[51.108,50.813],[51.091,50.785],[51.073,50.759],[51.041,50.742],[51.009,50.728],[51.004,50.698],[51.04,50.699],[51.068,50.687],[51.042,50.656],[51.05,50.625],[51.024,50.588],[51.017,50.552],[51.017,50.521],[51.004,50.49],[50.987,50.46],[50.946,50.433],[50.924,50.405],[50.942,50.379],[50.962,50.356],[50.977,50.33],[51.004,50.306],[51.004,50.276],[51.037,50.262],[51.04,50.23],[51.009,50.224],[51.004,50.192],[51.005,50.161],[51.031,50.146],[51.055,50.176],[51.07,50.147],[51.055,50.109],[51.088,50.103],[51.083,50.073],[51.074,50.039],[51.054,50.009],[51.077,49.98],[51.101,49.951],[51.108,49.921],[51.127,49.888],[51.158,49.881],[51.179,49.856],[51.161,49.83],[51.13,49.829],[51.153,49.804],[51.134,49.773],[51.114,49.746],[51.095,49.706],[51.105,49.677],[51.096,49.648],[51.14,49.654],[51.166,49.627],[51.159,49.598],[51.159,49.564],[51.146,49.536],[51.13,49.505],[51.155,49.484],[51.158,49.452],[51.149,49.414],[51.138,49.381],[51.126,49.352],[51.133,49.319],[51.156,49.296],[51.19,49.291],[51.228,49.291],[51.245,49.266],[51.269,49.242],[51.303,49.237],[51.322,49.209],[51.346,49.188],[51.383,49.175],[51.405,49.147],[51.431,49.13],[51.462,49.125],[51.476,49.096],[51.519,49.099],[51.555,49.08],[51.515,49.07],[51.491,49.041],[51.519,49.026],[51.544,49.004],[51.574,48.999],[51.589,48.971],[51.59,48.941],[51.568,48.92],[51.554,48.884],[51.534,48.86],[51.546,48.831],[51.582,48.816],[51.6,48.789],[51.636,48.766],[51.671,48.771],[51.692,48.748],[51.672,48.724],[51.676,48.688],[51.647,48.666],[51.618,48.641],[51.594,48.62],[51.568,48.6],[51.545,48.573],[51.575,48.565],[51.554,48.54],[51.542,48.51],[51.53,48.473],[51.52,48.434],[51.5,48.408],[51.492,48.377],[51.526,48.363],[51.506,48.338],[51.473,48.334],[51.444,48.32],[51.431,48.292],[51.443,48.262],[51.478,48.245],[51.454,48.221],[51.46,48.188],[51.479,48.156],[51.504,48.136],[51.496,48.102],[51.491,48.069],[51.519,48.051],[51.561,48.024],[51.571,47.993],[51.558,47.96],[51.545,47.914],[51.562,47.886],[51.579,47.856],[51.583,47.823],[51.579,47.785],[51.561,47.759],[51.546,47.723],[51.571,47.693],[51.558,47.666],[51.555,47.635],[51.579,47.611],[51.591,47.573],[51.613,47.544],[51.617,47.513],[51.633,47.485],[51.63,47.451],[51.655,47.431],[51.685,47.417],[51.715,47.404],[51.729,47.376],[51.721,47.338],[51.753,47.334],[51.772,47.301],[51.803,47.299],[51.818,47.271],[51.821,47.235],[51.848,47.22],[51.859,47.19],[51.826,47.178],[51.815,47.151],[51.8,47.124],[51.804,47.086],[51.802,47.055],[51.773,47.034],[51.736,47.001],[51.711,46.984],[51.695,46.956],[51.665,46.926],[51.627,46.926],[51.592,46.93],[51.556,46.934],[51.527,46.945],[51.494,46.962],[51.456,46.971],[51.425,46.97],[51.394,46.971],[51.365,46.979],[51.33,46.97],[51.298,46.974],[51.24,46.97],[51.188,46.963],[51.159,46.976],[51.131,46.955],[51.107,46.937],[51.077,46.93],[51.044,46.929],[50.994,46.93],[50.96,46.934],[50.931,46.942],[50.901,46.954],[50.869,46.945],[50.838,46.927],[50.806,46.921],[50.831,46.945],[50.869,46.959],[50.921,46.971],[50.952,46.955],[50.935,46.983],[50.949,47.014],[51.004,47.012],[51.038,47.017],[51.02,46.983],[51.046,46.964],[51.077,46.983],[51.123,46.988],[51.148,47.008],[51.198,47.017],[51.231,47.021],[51.25,47.046],[51.285,47.034],[51.319,47.03],[51.359,47.029],[51.39,47.042],[51.423,47.049],[51.46,47.041],[51.484,47.021],[51.515,47.004],[51.542,46.99],[51.573,46.984],[51.583,47.023],[51.558,47.049],[51.523,47.059],[51.493,47.071],[51.463,47.075],[51.431,47.091],[51.396,47.101],[51.364,47.108],[51.33,47.108],[51.281,47.109],[51.248,47.129],[51.198,47.116],[51.169,47.105],[51.139,47.091],[51.102,47.079],[51.067,47.074],[51.031,47.074],[50.979,47.067],[50.927,47.067],[50.89,47.071],[50.863,47.058],[50.845,47.031],[50.81,47.029],[50.792,47.002],[50.795,46.967],[50.766,46.981],[50.738,46.994],[50.734,46.96],[50.701,46.965],[50.669,46.963],[50.633,46.945],[50.601,46.937],[50.587,46.91],[50.57,46.883],[50.526,46.887],[50.5,46.871],[50.483,46.898],[50.448,46.901],[50.417,46.877],[50.416,46.844],[50.396,46.821],[50.387,46.792],[50.376,46.827],[50.38,46.863],[50.366,46.831],[50.34,46.808],[50.312,46.798],[50.291,46.769],[50.267,46.744],[50.241,46.719],[50.27,46.73],[50.253,46.701],[50.23,46.68],[50.222,46.721],[50.242,46.753],[50.206,46.755],[50.172,46.732],[50.144,46.705],[50.114,46.695],[50.088,46.67],[50.071,46.644],[50.051,46.606],[50.002,46.584],[49.969,46.584],[49.94,46.576],[49.909,46.544],[49.909,46.51],[49.899,46.481],[49.903,46.434],[49.869,46.421],[49.835,46.438],[49.808,46.457],[49.827,46.43],[49.833,46.394],[49.848,46.366],[49.81,46.367],[49.781,46.383],[49.748,46.392],[49.769,46.367],[49.815,46.354],[49.848,46.346],[49.83,46.314],[49.855,46.294],[49.862,46.256],[49.845,46.231],[49.825,46.201],[49.79,46.208],[49.769,46.237],[49.745,46.265],[49.763,46.29],[49.728,46.287],[49.698,46.301],[49.665,46.308],[49.629,46.307],[49.601,46.297],[49.635,46.271],[49.67,46.276],[49.672,46.245],[49.641,46.246],[49.61,46.27],[49.579,46.284],[49.552,46.301],[49.527,46.32],[49.498,46.329],[49.459,46.342],[49.434,46.325],[49.461,46.312],[49.479,46.283],[49.51,46.271],[49.54,46.249],[49.573,46.254],[49.601,46.234],[49.571,46.212],[49.54,46.201],[49.508,46.205],[49.481,46.241],[49.448,46.246],[49.399,46.245],[49.427,46.23],[49.394,46.234],[49.366,46.247],[49.367,46.278],[49.341,46.298],[49.326,46.272],[49.32,46.238],[49.294,46.267],[49.264,46.276],[49.219,46.333],[49.229,46.303],[49.239,46.271],[49.273,46.27],[49.277,46.238],[49.306,46.221],[49.342,46.197],[49.342,46.163],[49.321,46.137],[49.294,46.158],[49.247,46.166],[49.266,46.131],[49.262,46.101],[49.237,46.08],[49.238,46.038],[49.253,46.009],[49.224,45.987],[49.194,45.996],[49.167,46.017],[49.137,46.026],[49.121,46.052],[49.095,46.074],[49.074,46.102],[49.044,46.109],[49.02,46.09],[49.029,46.06],[49.054,46.04],[49.051,46.004],[49.079,46.017],[49.068,45.987],[49.106,45.976],[49.105,46.009],[49.14,45.999],[49.18,45.984],[49.158,45.956],[49.164,45.926],[49.158,45.89],[49.126,45.87],[49.098,45.895],[49.073,45.912],[49.041,45.916],[49.006,45.945],[48.981,45.966],[48.93,45.974],[48.934,45.935],[48.924,45.904],[48.889,45.917],[48.866,45.865],[48.847,45.837],[48.83,45.869],[48.82,45.899],[48.799,45.875],[48.772,45.893],[48.775,45.862],[48.805,45.847],[48.791,45.813],[48.78,45.781],[48.754,45.766],[48.749,45.734],[48.777,45.717],[48.806,45.726],[48.837,45.742],[48.857,45.767],[48.879,45.745],[48.883,45.705],[48.851,45.69],[48.828,45.663],[48.806,45.642],[48.775,45.633],[48.744,45.634],[48.719,45.616],[48.673,45.605],[48.646,45.627],[48.631,45.6],[48.602,45.62],[48.567,45.627],[48.558,45.656],[48.562,45.687],[48.53,45.68],[48.525,45.648],[48.526,45.613],[48.48,45.592],[48.451,45.613],[48.437,45.585],[48.433,45.552],[48.408,45.533],[48.377,45.526],[48.352,45.508],[48.35,45.541],[48.316,45.549],[48.345,45.563],[48.329,45.597],[48.341,45.625],[48.333,45.66],[48.305,45.698],[48.288,45.723],[48.28,45.692],[48.246,45.699],[48.234,45.66],[48.195,45.651],[48.176,45.679],[48.163,45.651],[48.136,45.633],[48.116,45.601],[48.146,45.594],[48.147,45.562],[48.166,45.535],[48.199,45.542],[48.233,45.538],[48.257,45.516],[48.271,45.488],[48.245,45.47],[48.226,45.441],[48.201,45.423],[48.244,45.438],[48.273,45.413],[48.306,45.421],[48.298,45.391],[48.26,45.379],[48.23,45.37],[48.212,45.343],[48.18,45.347],[48.167,45.375],[48.139,45.387],[48.12,45.416],[48.103,45.449],[48.076,45.462],[48.074,45.494],[48.08,45.525],[48.112,45.524],[48.124,45.556],[48.109,45.584],[48.076,45.573],[48.054,45.545],[48.023,45.57],[48.026,45.53],[48.02,45.498],[48.013,45.465],[48.02,45.434],[48.018,45.404],[48.049,45.412],[48.056,45.38],[48.081,45.358],[48.055,45.338],[48.028,45.353],[47.998,45.355],[47.972,45.338],[47.94,45.326],[47.902,45.326],[47.88,45.348],[47.879,45.381],[47.863,45.344],[47.855,45.306],[47.835,45.283],[47.805,45.305],[47.775,45.304],[47.763,45.273],[47.745,45.239],[47.733,45.206],[47.725,45.235],[47.73,45.273],[47.742,45.302],[47.758,45.331],[47.771,45.363],[47.77,45.394],[47.755,45.423],[47.733,45.449],[47.742,45.458]],[[47.896,45.396],[47.895,45.427],[47.88,45.454],[47.853,45.438],[47.826,45.452],[47.834,45.491],[47.841,45.523],[47.826,45.552],[47.808,45.579],[47.767,45.558],[47.772,45.522],[47.77,45.483],[47.776,45.451],[47.792,45.422],[47.824,45.411],[47.826,45.379],[47.852,45.397],[47.885,45.396],[47.896,45.396]],[[50.525,46.775],[50.546,46.799],[50.518,46.787],[50.488,46.794],[50.489,46.826],[50.508,46.799],[50.535,46.812],[50.565,46.799],[50.594,46.813],[50.587,46.781],[50.565,46.758],[50.526,46.763],[50.525,46.775]],[[49.704,46.367],[49.673,46.366],[49.642,46.375],[49.662,46.345],[49.678,46.316],[49.706,46.305],[49.685,46.334],[49.709,46.359],[49.704,46.367]],[[48.808,45.788],[48.838,45.777],[48.826,45.749],[48.804,45.773],[48.808,45.788]],[[48.867,45.754],[48.891,45.776],[48.912,45.799],[48.905,45.765],[48.877,45.751],[48.867,45.754]],[[47.709,45.199],[47.717,45.169],[47.709,45.135],[47.701,45.165],[47.709,45.199]],[[48.267,45.653],[48.252,45.624],[48.258,45.655],[48.267,45.653]]]}},{"type":"Feature","properties":{"HYBAS_ID":2040068680,"MAIN_BAS":2040068680,"NEXT_DOWN":0,"SUB_AREA":227500.7,"UP_AREA":1404107.6,"ENDO":0},"geometry":{"type":"Polygon","coordinates":[[[46.5,49.883],[46.47,49.909],[46.444,49.926],[46.408,49.917],[46.384,49.944],[46.36,49.963],[46.327,49.962],[46.302,49.938],[46.275,49.954],[46.243,49.959],[46.21,49.955],[46.176,49.941],[46.152,49.921],[46.126,49.905],[46.095,49.924],[46.06,49.92],[46.025,49.946],[45.985,49.937],[45.956,49.929],[45.924,49.942],[45.907,49.913],[45.877,49.913],[45.827,49.908],[45.783,49.904],[45.752,49.9],[45.706,49.891],[45.673,49.891],[45.627,49.892],[45.586,49.883],[45.558,49.867],[45.534,49.847],[45.509,49.824],[45.477,49.824],[45.491,49.794],[45.508,49.76],[45.526,49.73],[45.546,49.703],[45.502,49.688],[45.452,49.692],[45.429,49.66],[45.413,49.631],[45.412,49.601],[45.387,49.572],[45.397,49.543],[45.436,49.551],[45.469,49.563],[45.519,49.576],[45.55,49.569],[45.571,49.538],[45.599,49.527],[45.616,49.502],[45.64,49.463],[45.673,49.459],[45.699,49.433],[45.713,49.397],[45.71,49.367],[45.741,49.359],[45.73,49.329],[45.721,49.298],[45.705,49.269],[45.73,49.252],[45.715,49.226],[45.704,49.197],[45.735,49.184],[45.762,49.153],[45.774,49.123],[45.796,49.089],[45.787,49.059],[45.761,49.034],[45.767,49.0],[45.795,48.99],[45.81,48.959],[45.83,48.935],[45.856,48.916],[45.887,48.921],[45.917,48.915],[45.924,48.881],[45.92,48.851],[45.917,48.809],[45.941,48.785],[45.951,48.751],[45.97,48.724],[45.997,48.709],[46.038,48.7],[46.074,48.708],[46.108,48.69],[46.135,48.663],[46.159,48.644],[46.151,48.613],[46.181,48.604],[46.209,48.577],[46.222,48.546],[46.249,48.533],[46.271,48.507],[46.294,48.484],[46.336,48.466],[46.373,48.463],[46.413,48.471],[46.395,48.442],[46.374,48.415],[46.397,48.387],[46.428,48.391],[46.45,48.354],[46.49,48.349],[46.52,48.338],[46.545,48.319],[46.56,48.284],[46.582,48.262],[46.617,48.258],[46.634,48.231],[46.648,48.201],[46.678,48.191],[46.712,48.181],[46.736,48.158],[46.764,48.142],[46.798,48.138],[46.84,48.138],[46.859,48.092],[46.88,48.067],[46.898,48.042],[46.927,48.033],[46.948,48.058],[46.977,48.07],[47.005,48.056],[46.981,48.033],[46.97,48.002],[46.961,47.959],[46.976,47.93],[46.995,47.906],[47.023,47.892],[47.056,47.892],[47.089,47.871],[47.12,47.869],[47.144,47.849],[47.134,47.82],[47.153,47.791],[47.18,47.76],[47.216,47.763],[47.23,47.735],[47.221,47.705],[47.255,47.691],[47.285,47.692],[47.32,47.687],[47.352,47.684],[47.367,47.712],[47.404,47.721],[47.4,47.684],[47.433,47.701],[47.463,47.692],[47.476,47.651],[47.506,47.645],[47.535,47.633],[47.566,47.638],[47.588,47.612],[47.556,47.604],[47.534,47.581],[47.542,47.551],[47.515,47.538],[47.488,47.525],[47.515,47.505],[47.548,47.501],[47.582,47.508],[47.601,47.48],[47.63,47.47],[47.658,47.454],[47.688,47.443],[47.698,47.412],[47.722,47.393],[47.745,47.373],[47.724,47.351],[47.69,47.341],[47.66,47.333],[47.63,47.33],[47.583,47.33],[47.548,47.32],[47.537,47.29],[47.54,47.259],[47.523,47.23],[47.531,47.201],[47.505,47.178],[47.504,47.112],[47.54,47.087],[47.567,47.068],[47.595,47.045],[47.617,47.018],[47.62,46.985],[47.631,46.955],[47.66,46.946],[47.675,46.917],[47.698,46.895],[47.748,46.895],[47.771,46.873],[47.792,46.848],[47.792,46.798],[47.819,46.783],[47.852,46.784],[47.885,46.771],[47.891,46.735],[47.909,46.698],[47.924,46.669],[47.933,46.638],[47.949,46.61],[47.965,46.584],[47.999,46.583],[48.028,46.57],[48.042,46.542],[48.055,46.514],[48.066,46.481],[48.07,46.439],[48.075,46.398],[48.07,46.36],[48.042,46.346],[48.02,46.318],[47.991,46.301],[47.991,46.265],[47.965,46.249],[47.955,46.219],[47.925,46.198],[47.908,46.169],[47.891,46.131],[47.865,46.112],[47.835,46.104],[47.805,46.087],[47.813,46.049],[47.783,46.033],[47.761,46.005],[47.741,45.976],[47.74,45.942],[47.73,45.905],[47.724,45.869],[47.704,45.83],[47.72,45.802],[47.704,45.776],[47.683,45.739],[47.706,45.72],[47.726,45.696],[47.737,45.667],[47.755,45.635],[47.737,45.606],[47.708,45.627],[47.681,45.642],[47.664,45.667],[47.636,45.679],[47.608,45.696],[47.576,45.69],[47.537,45.688],[47.521,45.714],[47.545,45.743],[47.52,45.766],[47.477,45.745],[47.444,45.738],[47.411,45.758],[47.371,45.767],[47.336,45.774],[47.293,45.779],[47.21,45.784],[47.181,45.799],[47.154,45.82],[47.162,45.853],[47.095,45.849],[47.062,45.87],[47.026,45.888],[46.998,45.904],[46.968,45.917],[46.933,45.93],[46.898,45.92],[46.856,45.938],[46.787,45.929],[46.735,45.933],[46.717,45.964],[46.686,45.979],[46.663,46.017],[46.631,46.021],[46.607,46.054],[46.574,46.045],[46.544,46.051],[46.508,46.055],[46.512,46.09],[46.524,46.124],[46.496,46.146],[46.466,46.161],[46.437,46.181],[46.401,46.201],[46.371,46.213],[46.338,46.235],[46.31,46.255],[46.272,46.267],[46.267,46.305],[46.238,46.318],[46.238,46.348],[46.246,46.379],[46.215,46.375],[46.183,46.388],[46.131,46.396],[46.105,46.413],[46.083,46.449],[46.059,46.47],[46.083,46.49],[46.107,46.513],[46.096,46.542],[46.065,46.549],[46.042,46.579],[46.013,46.602],[45.98,46.613],[45.955,46.64],[45.931,46.659],[45.903,46.691],[45.892,46.723],[45.896,46.754],[45.922,46.779],[45.957,46.792],[45.973,46.763],[46.004,46.763],[46.009,46.794],[46.025,46.821],[46.055,46.828],[46.083,46.844],[46.108,46.86],[46.12,46.888],[46.144,46.913],[46.171,46.931],[46.159,46.96],[46.155,46.995],[46.176,47.022],[46.192,47.052],[46.163,47.071],[46.173,47.101],[46.195,47.122],[46.208,47.159],[46.204,47.198],[46.171,47.213],[46.139,47.204],[46.112,47.216],[46.083,47.229],[46.051,47.221],[46.037,47.248],[46.009,47.267],[45.977,47.27],[45.948,47.262],[45.934,47.294],[45.927,47.324],[45.902,47.342],[45.865,47.338],[45.836,47.346],[45.806,47.355],[45.766,47.363],[45.734,47.354],[45.701,47.354],[45.709,47.387],[45.716,47.42],[45.744,47.442],[45.772,47.455],[45.804,47.456],[45.808,47.5],[45.792,47.531],[45.77,47.556],[45.758,47.586],[45.774,47.613],[45.775,47.646],[45.807,47.671],[45.817,47.706],[45.812,47.748],[45.835,47.77],[45.821,47.802],[45.808,47.838],[45.765,47.859],[45.724,47.858],[45.689,47.858],[45.661,47.838],[45.667,47.806],[45.627,47.795],[45.6,47.779],[45.595,47.81],[45.555,47.822],[45.542,47.852],[45.51,47.841],[45.479,47.859],[45.452,47.876],[45.442,47.906],[45.41,47.92],[45.387,47.94],[45.349,47.955],[45.315,47.946],[45.295,47.97],[45.265,47.974],[45.249,48.016],[45.22,48.026],[45.217,48.056],[45.193,48.08],[45.173,48.105],[45.143,48.113],[45.115,48.133],[45.084,48.152],[45.053,48.163],[45.023,48.159],[44.999,48.199],[44.969,48.216],[44.94,48.233],[44.919,48.258],[44.933,48.289],[44.895,48.299],[44.869,48.317],[44.877,48.349],[44.896,48.375],[44.889,48.405],[44.86,48.42],[44.825,48.429],[44.792,48.438],[44.752,48.438],[44.723,48.449],[44.693,48.447],[44.673,48.47],[44.642,48.48],[44.606,48.491],[44.56,48.487],[44.514,48.496],[44.475,48.504],[44.448,48.526],[44.423,48.546],[44.394,48.555],[44.36,48.562],[44.331,48.551],[44.305,48.567],[44.327,48.595],[44.346,48.621],[44.38,48.644],[44.379,48.682],[44.343,48.683],[44.304,48.683],[44.281,48.709],[44.301,48.736],[44.327,48.754],[44.373,48.759],[44.35,48.793],[44.365,48.82],[44.395,48.822],[44.373,48.849],[44.402,48.863],[44.462,48.871],[44.471,48.907],[44.498,48.93],[44.496,48.96],[44.459,48.989],[44.489,49.012],[44.527,49.013],[44.563,49.008],[44.559,49.039],[44.548,49.074],[44.606,49.101],[44.644,49.113],[44.674,49.131],[44.706,49.146],[44.688,49.192],[44.663,49.208],[44.671,49.246],[44.685,49.275],[44.708,49.296],[44.748,49.296],[44.787,49.292],[44.806,49.317],[44.844,49.316],[44.913,49.317],[44.915,49.349],[44.884,49.365],[44.887,49.398],[44.915,49.413],[44.954,49.413],[44.983,49.439],[44.956,49.463],[44.923,49.467],[44.899,49.487],[44.874,49.512],[44.879,49.543],[44.883,49.583],[44.852,49.588],[44.808,49.596],[44.79,49.62],[44.766,49.64],[44.791,49.667],[44.84,49.676],[44.863,49.703],[44.88,49.742],[44.851,49.759],[44.851,49.798],[44.88,49.816],[44.911,49.826],[44.945,49.826],[44.954,49.861],[44.98,49.906],[45.006,49.92],[45.04,49.913],[45.07,49.926],[45.106,49.916],[45.138,49.913],[45.127,49.941],[45.108,49.983],[45.144,49.995],[45.181,50.02],[45.205,50.044],[45.242,50.063],[45.237,50.095],[45.216,50.121],[45.225,50.15],[45.256,50.162],[45.303,50.176],[45.321,50.204],[45.355,50.228],[45.388,50.229],[45.396,50.261],[45.427,50.276],[45.447,50.299],[45.459,50.333],[45.467,50.366],[45.503,50.371],[45.541,50.388],[45.538,50.429],[45.577,50.437],[45.617,50.438],[45.644,50.458],[45.677,50.458],[45.676,50.488],[45.658,50.52],[45.631,50.542],[45.598,50.555],[45.564,50.563],[45.545,50.591],[45.513,50.605],[45.495,50.64],[45.536,50.659],[45.546,50.69],[45.551,50.723],[45.545,50.759],[45.571,50.779],[45.578,50.809],[45.608,50.827],[45.638,50.846],[45.629,50.875],[45.643,50.904],[45.674,50.909],[45.702,50.945],[45.74,50.979],[45.766,50.993],[45.798,51.005],[45.808,51.035],[45.781,51.051],[45.735,51.058],[45.703,51.078],[45.669,51.08],[45.654,51.111],[45.671,51.136],[45.692,51.17],[45.667,51.188],[45.675,51.229],[45.654,51.252],[45.669,51.28],[45.707,51.284],[45.716,51.315],[45.738,51.337],[45.77,51.35],[45.735,51.363],[45.72,51.398],[45.706,51.425],[45.748,51.43],[45.759,51.462],[45.791,51.463],[45.81,51.491],[45.861,51.492],[45.887,51.509],[45.873,51.538],[45.821,51.551],[45.785,51.555],[45.739,51.549],[45.709,51.537],[45.677,51.545],[45.638,51.559],[45.626,51.593],[45.594,51.604],[45.594,51.634],[45.613,51.665],[45.644,51.68],[45.673,51.7],[45.702,51.709],[45.695,51.744],[45.709,51.777],[45.691,51.805],[45.664,51.825],[45.633,51.829],[45.61,51.854],[45.595,51.881],[45.565,51.892],[45.534,51.905],[45.567,51.931],[45.543,51.95],[45.52,51.983],[45.504,52.008],[45.473,52.021],[45.49,52.051],[45.514,52.07],[45.544,52.091],[45.577,52.095],[45.612,52.109],[45.644,52.12],[45.675,52.113],[45.706,52.117],[45.74,52.113],[45.769,52.13],[45.775,52.163],[45.808,52.172],[45.837,52.201],[45.881,52.187],[45.915,52.174],[45.943,52.155],[45.97,52.132],[46.015,52.117],[46.052,52.113],[46.102,52.112],[46.144,52.113],[46.17,52.129],[46.151,52.156],[46.129,52.178],[46.161,52.175],[46.187,52.196],[46.217,52.196],[46.248,52.212],[46.267,52.24],[46.284,52.27],[46.301,52.295],[46.336,52.317],[46.361,52.334],[46.394,52.324],[46.423,52.308],[46.456,52.326],[46.494,52.337],[46.522,52.326],[46.549,52.339],[46.559,52.37],[46.596,52.375],[46.586,52.404],[46.565,52.429],[46.531,52.434],[46.516,52.469],[46.499,52.498],[46.49,52.529],[46.463,52.548],[46.475,52.577],[46.463,52.604],[46.502,52.616],[46.531,52.637],[46.566,52.623],[46.587,52.599],[46.611,52.621],[46.637,52.638],[46.67,52.624],[46.706,52.637],[46.731,52.601],[46.76,52.58],[46.802,52.591],[46.835,52.599],[46.89,52.601],[46.923,52.612],[46.969,52.621],[47.0,52.621],[47.008,52.654],[47.035,52.679],[47.043,52.708],[47.071,52.723],[47.106,52.741],[47.133,52.758],[47.176,52.779],[47.211,52.788],[47.231,52.816],[47.273,52.821],[47.311,52.821],[47.329,52.846],[47.303,52.862],[47.258,52.871],[47.275,52.898],[47.259,52.927],[47.249,52.961],[47.253,52.991],[47.217,52.996],[47.179,52.996],[47.151,52.983],[47.119,52.991],[47.085,52.996],[47.056,53.005],[47.026,53.013],[46.994,53.033],[46.961,53.013],[46.936,53.033],[46.886,53.029],[46.866,53.058],[46.884,53.086],[46.904,53.113],[46.901,53.144],[46.876,53.176],[46.87,53.206],[46.887,53.235],[46.919,53.249],[46.942,53.27],[46.924,53.302],[46.931,53.333],[46.983,53.35],[46.984,53.382],[46.967,53.41],[46.975,53.442],[47.007,53.455],[47.038,53.475],[47.03,53.506],[47.021,53.539],[47.039,53.583],[47.069,53.604],[47.08,53.568],[47.111,53.545],[47.14,53.538],[47.173,53.541],[47.202,53.526],[47.229,53.552],[47.27,53.559],[47.284,53.59],[47.314,53.604],[47.354,53.608],[47.415,53.599],[47.44,53.58],[47.459,53.555],[47.485,53.538],[47.52,53.528],[47.521,53.496],[47.554,53.509],[47.603,53.508],[47.635,53.52],[47.669,53.524],[47.703,53.521],[47.724,53.542],[47.758,53.546],[47.785,53.534],[47.819,53.541],[47.845,53.559],[47.867,53.583],[47.898,53.575],[47.932,53.583],[47.964,53.583],[47.998,53.592],[48.036,53.591],[48.051,53.619],[48.054,53.652],[48.05,53.683],[48.098,53.684],[48.133,53.7],[48.155,53.727],[48.145,53.798],[48.16,53.824],[48.195,53.83],[48.217,53.858],[48.252,53.858],[48.283,53.856],[48.314,53.866],[48.344,53.859],[48.371,53.846],[48.396,53.863],[48.388,53.897],[48.38,53.927],[48.356,53.954],[48.323,53.959],[48.317,53.993],[48.332,54.021],[48.355,54.044],[48.375,54.067],[48.351,54.093],[48.326,54.109],[48.33,54.14],[48.348,54.166],[48.33,54.194],[48.325,54.225],[48.334,54.274],[48.362,54.288],[48.385,54.312],[48.39,54.345],[48.374,54.373],[48.358,54.403],[48.323,54.42],[48.331,54.449],[48.351,54.485],[48.374,54.51],[48.375,54.542],[48.343,54.55],[48.333,54.579],[48.366,54.598],[48.383,54.623],[48.425,54.646],[48.491,54.651],[48.525,54.663],[48.59,54.667],[48.611,54.691],[48.652,54.683],[48.692,54.683],[48.727,54.712],[48.751,54.744],[48.776,54.766],[48.796,54.815],[48.825,54.835],[48.798,54.855],[48.811,54.884],[48.839,54.895],[48.83,54.927],[48.837,54.96],[48.845,54.998],[48.865,55.026],[48.89,55.042],[48.919,55.054],[48.91,55.084],[48.864,55.083],[48.833,55.092],[48.821,55.129],[48.865,55.142],[48.893,55.154],[48.931,55.175],[48.961,55.184],[48.987,55.21],[49.001,55.24],[49.024,55.277],[49.058,55.297],[49.076,55.324],[49.11,55.333],[49.141,55.32],[49.142,55.285],[49.177,55.258],[49.208,55.244],[49.23,55.213],[49.265,55.192],[49.303,55.191],[49.327,55.171],[49.354,55.158],[49.385,55.149],[49.415,55.159],[49.445,55.153],[49.466,55.127],[49.488,55.102],[49.516,55.088],[49.552,55.079],[49.581,55.067],[49.595,55.04],[49.601,55.005],[49.629,54.981],[49.657,54.954],[49.667,54.923],[49.698,54.892],[49.729,54.873],[49.746,54.846],[49.777,54.842],[49.815,54.837],[49.848,54.829],[49.877,54.82],[49.911,54.813],[49.94,54.821],[49.975,54.829],[50.001,54.858],[50.031,54.862],[50.049,54.898],[50.069,54.929],[50.106,54.924],[50.134,54.94],[50.142,54.973],[50.149,55.006],[50.122,55.022],[50.116,55.056],[50.15,55.067],[50.173,55.087],[50.206,55.087],[50.24,55.08],[50.286,55.088],[50.319,55.091],[50.349,55.079],[50.377,55.092],[50.411,55.105],[50.448,55.117],[50.515,55.113],[50.531,55.145],[50.569,55.155],[50.598,55.163],[50.629,55.167],[50.661,55.163],[50.698,55.175],[50.717,55.202],[50.781,55.213],[50.833,55.208],[50.86,55.176],[50.902,55.162],[50.954,55.163],[50.949,55.13],[50.981,55.096],[51.011,55.087],[51.048,55.08],[51.019,55.054],[50.996,55.031],[51.001,54.985],[51.021,54.963],[51.048,54.95],[51.05,54.904],[51.083,54.905],[51.116,54.895],[51.148,54.904],[51.179,54.892],[51.227,54.895],[51.257,54.878],[51.275,54.852],[51.28,54.817],[51.311,54.795],[51.373,54.791],[51.398,54.771],[51.427,54.754],[51.461,54.759],[51.513,54.758],[51.533,54.721],[51.569,54.724],[51.602,54.729],[51.631,54.717],[51.629,54.679],[51.665,54.666],[51.702,54.655],[51.726,54.63],[51.754,54.617],[51.783,54.625],[51.812,54.612],[51.861,54.595],[51.887,54.573],[51.911,54.554],[51.937,54.528],[51.942,54.485],[51.946,54.454],[51.979,54.444],[51.97,54.403],[51.996,54.383],[52.029,54.366],[52.056,54.342],[52.094,54.337],[52.104,54.307],[52.131,54.292],[52.161,54.283],[52.194,54.283],[52.24,54.284],[52.294,54.292],[52.357,54.291],[52.394,54.292],[52.425,54.3],[52.461,54.296],[52.493,54.3],[52.527,54.304],[52.565,54.299],[52.598,54.295],[52.636,54.291],[52.666,54.278],[52.698,54.262],[52.724,54.245],[52.751,54.21],[52.725,54.19],[52.735,54.159],[52.764,54.146],[52.783,54.116],[52.819,54.113],[52.857,54.112],[52.871,54.079],[52.844,54.059],[52.825,54.036],[52.856,54.021],[52.902,54.012],[52.935,54.013],[52.981,54.012],[53.001,53.984],[53.031,53.984],[53.057,53.967],[53.083,53.938],[53.107,53.917],[53.144,53.916],[53.169,53.88],[53.197,53.868],[53.231,53.866],[53.265,53.859],[53.296,53.867],[53.299,53.834],[53.317,53.809],[53.296,53.773],[53.263,53.754],[53.281,53.729],[53.311,53.712],[53.341,53.699],[53.346,53.656],[53.35,53.623],[53.342,53.592],[53.373,53.587],[53.428,53.587],[53.456,53.571],[53.454,53.538],[53.457,53.505],[53.441,53.468],[53.475,53.458],[53.506,53.459],[53.53,53.438],[53.56,53.434],[53.599,53.428],[53.616,53.402],[53.649,53.399],[53.67,53.377],[53.719,53.362],[53.747,53.345],[53.777,53.346],[53.806,53.333],[53.844,53.326],[53.863,53.301],[53.898,53.309],[53.927,53.3],[53.945,53.273],[53.994,53.245],[54.025,53.223],[54.043,53.197],[54.073,53.188],[54.092,53.164],[54.101,53.127],[54.096,53.096],[54.125,53.088],[54.155,53.076],[54.189,53.038],[54.206,53.013],[54.24,53.008],[54.265,52.991],[54.293,52.976],[54.304,52.944],[54.328,52.924],[54.33,52.894],[54.364,52.88],[54.398,52.871],[54.427,52.858],[54.456,52.846],[54.491,52.81],[54.505,52.776],[54.533,52.761],[54.59,52.766],[54.62,52.756],[54.634,52.726],[54.673,52.713],[54.702,52.695],[54.74,52.679],[54.764,52.659],[54.815,52.645],[54.845,52.624],[54.858,52.596],[54.863,52.565],[54.859,52.531],[54.867,52.5],[54.899,52.495],[54.912,52.461],[54.887,52.439],[54.852,52.43],[54.812,52.426],[54.78,52.412],[54.752,52.395],[54.723,52.384],[54.698,52.367],[54.688,52.338],[54.666,52.31],[54.663,52.277],[54.687,52.257],[54.68,52.219],[54.697,52.192],[54.716,52.16],[54.677,52.137],[54.647,52.134],[54.62,52.114],[54.598,52.088],[54.575,52.064],[54.567,52.031],[54.523,52.004],[54.499,51.968],[54.487,51.934],[54.512,51.908],[54.539,51.896],[54.514,51.87],[54.469,51.862],[54.439,51.85],[54.408,51.858],[54.354,51.854],[54.31,51.862],[54.264,51.858],[54.206,51.859],[54.165,51.858],[54.13,51.859],[54.102,51.846],[54.075,51.86],[54.048,51.874],[54.006,51.884],[53.926,51.887],[53.892,51.888],[53.879,51.92],[53.847,51.938],[53.823,51.958],[53.784,51.959],[53.723,51.971],[53.694,51.987],[53.639,51.98],[53.606,51.984],[53.572,51.979],[53.535,51.971],[53.514,51.996],[53.483,52.004],[53.483,52.036],[53.462,52.058],[53.429,52.078],[53.398,52.087],[53.358,52.092],[53.336,52.116],[53.302,52.112],[53.257,52.109],[53.225,52.104],[53.198,52.088],[53.164,52.083],[53.137,52.069],[53.133,52.038],[53.087,52.02],[53.061,52.037],[53.027,52.033],[52.997,52.051],[52.958,52.045],[52.927,52.05],[52.891,52.046],[52.852,52.037],[52.821,52.033],[52.785,52.042],[52.748,52.05],[52.717,52.05],[52.686,52.059],[52.657,52.075],[52.627,52.066],[52.592,52.055],[52.552,52.07],[52.509,52.062],[52.494,52.033],[52.466,52.018],[52.44,52.033],[52.406,52.033],[52.36,52.034],[52.327,52.054],[52.304,52.075],[52.269,52.08],[52.235,52.066],[52.206,52.058],[52.177,52.046],[52.144,52.062],[52.11,52.063],[52.08,52.08],[52.051,52.087],[52.018,52.066],[51.985,52.055],[51.952,52.059],[51.913,52.081],[51.885,52.096],[51.851,52.105],[51.813,52.096],[51.786,52.116],[51.747,52.108],[51.721,52.125],[51.708,52.154],[51.702,52.187],[51.67,52.201],[51.628,52.191],[51.578,52.191],[51.548,52.199],[51.529,52.225],[51.498,52.23],[51.467,52.229],[51.454,52.193],[51.429,52.173],[51.441,52.138],[51.414,52.12],[51.4,52.088],[51.369,52.059],[51.34,52.042],[51.302,52.041],[51.267,52.015],[51.238,52.003],[51.198,51.991],[51.168,51.987],[51.154,51.958],[51.139,51.929],[51.103,51.934],[51.076,51.921],[51.048,51.909],[51.021,51.896],[50.989,51.875],[50.957,51.875],[50.927,51.858],[50.9,51.842],[50.868,51.841],[50.846,51.819],[50.818,51.805],[50.775,51.808],[50.775,51.773],[50.759,51.744],[50.767,51.714],[50.78,51.684],[50.808,51.671],[50.831,51.649],[50.861,51.641],[50.894,51.634],[50.922,51.613],[50.949,51.59],[50.969,51.566],[50.992,51.546],[50.975,51.521],[50.95,51.502],[50.942,51.473],[50.95,51.442],[50.914,51.437],[50.886,51.429],[50.852,51.434],[50.817,51.429],[50.793,51.408],[50.756,51.387],[50.723,51.379],[50.694,51.358],[50.644,51.359],[50.605,51.362],[50.564,51.371],[50.535,51.38],[50.502,51.384],[50.475,51.367],[50.467,51.338],[50.438,51.329],[50.39,51.329],[50.356,51.32],[50.317,51.312],[50.316,51.281],[50.286,51.275],[50.257,51.259],[50.198,51.259],[50.154,51.267],[50.123,51.259],[50.081,51.25],[50.048,51.245],[50.015,51.242],[49.984,51.228],[49.963,51.194],[49.933,51.188],[49.934,51.152],[49.906,51.138],[49.864,51.134],[49.835,51.124],[49.808,51.112],[49.777,51.109],[49.744,51.108],[49.714,51.099],[49.692,51.071],[49.66,51.08],[49.644,51.109],[49.602,51.124],[49.569,51.117],[49.542,51.104],[49.49,51.1],[49.463,51.131],[49.498,51.138],[49.523,51.159],[49.545,51.185],[49.514,51.196],[49.482,51.2],[49.438,51.208],[49.419,51.233],[49.382,51.254],[49.348,51.267],[49.314,51.276],[49.294,51.301],[49.269,51.325],[49.198,51.33],[49.168,51.338],[49.15,51.363],[49.119,51.371],[49.085,51.384],[49.052,51.396],[49.033,51.423],[49.016,51.448],[49.012,51.481],[49.02,51.514],[49.033,51.542],[48.985,51.55],[48.957,51.57],[48.917,51.58],[48.894,51.601],[48.863,51.608],[48.849,51.648],[48.83,51.676],[48.837,51.708],[48.801,51.695],[48.723,51.696],[48.689,51.696],[48.665,51.676],[48.638,51.653],[48.624,51.623],[48.599,51.601],[48.569,51.591],[48.539,51.579],[48.506,51.562],[48.473,51.558],[48.442,51.54],[48.425,51.515],[48.429,51.477],[48.412,51.442],[48.373,51.433],[48.346,51.417],[48.314,51.408],[48.273,51.404],[48.231,51.401],[48.198,51.404],[48.161,51.408],[48.119,51.413],[48.091,51.398],[48.064,51.383],[48.026,51.362],[47.997,51.345],[47.96,51.334],[47.914,51.338],[47.881,51.345],[47.852,51.33],[47.821,51.329],[47.825,51.298],[47.817,51.265],[47.812,51.227],[47.804,51.198],[47.781,51.174],[47.761,51.151],[47.725,51.136],[47.69,51.121],[47.65,51.113],[47.618,51.104],[47.585,51.1],[47.552,51.087],[47.523,51.067],[47.477,51.058],[47.427,51.059],[47.394,51.07],[47.355,51.054],[47.351,51.023],[47.345,50.984],[47.366,50.956],[47.358,50.923],[47.311,50.921],[47.273,50.912],[47.246,50.894],[47.233,50.856],[47.213,50.833],[47.212,50.801],[47.2,50.773],[47.235,50.746],[47.269,50.721],[47.261,50.684],[47.234,50.67],[47.217,50.644],[47.195,50.618],[47.221,50.593],[47.22,50.561],[47.249,50.531],[47.271,50.508],[47.299,50.498],[47.328,50.483],[47.365,50.479],[47.402,50.459],[47.431,50.442],[47.456,50.426],[47.492,50.405],[47.511,50.379],[47.504,50.348],[47.492,50.319],[47.47,50.298],[47.433,50.279],[47.453,50.253],[47.477,50.23],[47.5,50.208],[47.478,50.184],[47.449,50.159],[47.411,50.166],[47.381,50.159],[47.351,50.145],[47.312,50.133],[47.273,50.129],[47.255,50.098],[47.245,50.064],[47.254,50.025],[47.233,49.997],[47.204,49.981],[47.191,49.947],[47.166,49.93],[47.114,49.938],[47.088,49.959],[47.104,49.928],[47.059,49.909],[47.026,49.93],[46.983,49.95],[46.97,49.917],[46.934,49.908],[46.901,49.909],[46.867,49.925],[46.84,49.945],[46.816,49.97],[46.787,49.951],[46.751,49.929],[46.719,49.938],[46.688,49.934],[46.679,49.902],[46.675,49.864],[46.648,49.846],[46.623,49.83],[46.592,49.825],[46.573,49.854],[46.551,49.884],[46.501,49.899],[46.5,49.883]]]}},{"type":"Feature","properties":{"HYBAS_ID":2040068690,"MAIN_BAS":2040068690,"NEXT_DOWN":0,"SUB_AREA":114.0,"UP_AREA":114.0,"ENDO":0},"geometry":{"type":"Polygon","coordinates":[[[47.588,45.679],[47.616,45.691],[47.648,45.676],[47.671,45.656],[47.699,45.637],[47.712,45.606],[47.681,45.62],[47.661,45.65],[47.67,45.619],[47.683,45.59],[47.673,45.558],[47.658,45.527],[47.649,45.459],[47.621,45.47],[47.622,45.503],[47.642,45.527],[47.629,45.563],[47.62,45.594],[47.602,45.62],[47.584,45.647],[47.588,45.677],[47.588,45.679]]]}},{"type":"Feature","properties":{"HYBAS_ID":2040068710,"MAIN_BAS":2040068710,"NEXT_DOWN":0,"SUB_AREA":51385.6,"UP_AREA":51386.4,"ENDO":0},"geometry":{"type":"Polygon","coordinates":[[[45.896,46.754],[45.892,46.723],[45.896,46.693],[45.915,46.666],[45.944,46.649],[45.97,46.633],[45.994,46.609],[46.033,46.581],[46.056,46.551],[46.09,46.542],[46.108,46.517],[46.084,46.494],[46.059,46.47],[46.083,46.449],[46.093,46.416],[46.123,46.401],[46.156,46.395],[46.191,46.387],[46.223,46.38],[46.241,46.352],[46.238,46.318],[46.267,46.305],[46.27,46.273],[46.306,46.258],[46.337,46.241],[46.364,46.221],[46.396,46.208],[46.433,46.19],[46.46,46.163],[46.496,46.146],[46.519,46.126],[46.508,46.095],[46.508,46.055],[46.544,46.051],[46.574,46.045],[46.607,46.054],[46.617,46.026],[46.648,46.017],[46.668,45.992],[46.694,45.974],[46.725,45.956],[46.773,45.934],[46.828,45.93],[46.873,45.937],[46.904,45.921],[46.944,45.929],[46.973,45.913],[47.002,45.901],[47.049,45.887],[47.077,45.871],[47.135,45.851],[47.171,45.84],[47.155,45.813],[47.185,45.796],[47.265,45.783],[47.315,45.78],[47.344,45.767],[47.394,45.766],[47.428,45.749],[47.473,45.742],[47.504,45.756],[47.536,45.758],[47.52,45.728],[47.509,45.699],[47.549,45.687],[47.581,45.68],[47.584,45.647],[47.602,45.62],[47.62,45.594],[47.629,45.563],[47.642,45.535],[47.627,45.505],[47.592,45.5],[47.587,45.54],[47.556,45.559],[47.535,45.588],[47.52,45.616],[47.487,45.621],[47.466,45.598],[47.437,45.579],[47.404,45.588],[47.362,45.596],[47.289,45.587],[47.252,45.584],[47.232,45.608],[47.205,45.63],[47.177,45.649],[47.156,45.674],[47.123,45.679],[47.085,45.679],[47.058,45.696],[47.035,45.72],[47.006,45.73],[46.969,45.746],[46.933,45.746],[46.928,45.705],[46.916,45.677],[46.924,45.646],[46.893,45.655],[46.86,45.663],[46.854,45.694],[46.787,45.709],[46.758,45.692],[46.74,45.659],[46.724,45.632],[46.751,45.608],[46.738,45.577],[46.71,45.559],[46.664,45.567],[46.635,45.58],[46.608,45.596],[46.572,45.601],[46.547,45.624],[46.519,45.599],[46.52,45.569],[46.52,45.537],[46.491,45.548],[46.462,45.526],[46.423,45.513],[46.434,45.484],[46.402,45.479],[46.369,45.474],[46.34,45.492],[46.312,45.48],[46.281,45.483],[46.247,45.492],[46.219,45.48],[46.182,45.48],[46.16,45.505],[46.127,45.513],[46.1,45.527],[46.074,45.551],[46.054,45.583],[46.024,45.587],[46.009,45.614],[45.958,45.603],[45.944,45.574],[45.917,45.552],[45.941,45.533],[45.906,45.521],[45.92,45.493],[45.891,45.473],[45.918,45.446],[45.881,45.434],[45.853,45.453],[45.823,45.462],[45.793,45.472],[45.761,45.463],[45.746,45.412],[45.738,45.381],[45.763,45.363],[45.791,45.336],[45.816,45.306],[45.841,45.273],[45.858,45.244],[45.835,45.22],[45.791,45.199],[45.733,45.208],[45.688,45.203],[45.655,45.192],[45.619,45.209],[45.586,45.209],[45.557,45.197],[45.533,45.173],[45.505,45.153],[45.508,45.123],[45.481,45.099],[45.462,45.065],[45.436,45.043],[45.41,45.025],[45.377,45.02],[45.344,45.009],[45.307,45.013],[45.287,44.988],[45.252,44.98],[45.219,44.983],[45.188,44.974],[45.161,44.946],[45.127,44.942],[45.087,44.946],[45.056,44.946],[45.01,44.951],[44.981,44.962],[44.944,44.955],[44.906,44.959],[44.877,44.979],[44.848,45.001],[44.806,45.017],[44.757,45.07],[44.725,45.085],[44.698,45.108],[44.669,45.117],[44.646,45.139],[44.618,45.155],[44.589,45.167],[44.531,45.175],[44.496,45.188],[44.465,45.195],[44.431,45.205],[44.406,45.221],[44.373,45.241],[44.342,45.246],[44.333,45.205],[44.317,45.169],[44.286,45.175],[44.252,45.184],[44.218,45.2],[44.189,45.213],[44.159,45.215],[44.136,45.18],[44.107,45.187],[44.073,45.188],[44.035,45.196],[43.972,45.191],[43.979,45.158],[43.948,45.162],[43.918,45.167],[43.89,45.179],[43.86,45.192],[43.819,45.205],[43.79,45.216],[43.76,45.23],[43.729,45.242],[43.692,45.246],[43.652,45.255],[43.618,45.263],[43.581,45.271],[43.556,45.291],[43.53,45.31],[43.538,45.348],[43.55,45.393],[43.586,45.404],[43.62,45.419],[43.644,45.438],[43.669,45.458],[43.655,45.485],[43.671,45.511],[43.684,45.559],[43.658,45.595],[43.627,45.609],[43.594,45.617],[43.564,45.63],[43.546,45.658],[43.515,45.666],[43.486,45.679],[43.507,45.7],[43.608,45.708],[43.652,45.704],[43.686,45.7],[43.758,45.704],[43.789,45.696],[43.823,45.696],[43.863,45.692],[43.895,45.691],[43.932,45.674],[43.973,45.675],[44.007,45.666],[44.036,45.655],[44.069,45.67],[44.088,45.699],[44.119,45.712],[44.148,45.704],[44.18,45.696],[44.214,45.695],[44.247,45.687],[44.272,45.703],[44.32,45.738],[44.348,45.751],[44.377,45.733],[44.407,45.725],[44.435,45.713],[44.461,45.695],[44.491,45.682],[44.525,45.696],[44.577,45.691],[44.611,45.691],[44.669,45.688],[44.707,45.688],[44.739,45.691],[44.763,45.715],[44.775,45.744],[44.739,45.763],[44.71,45.771],[44.685,45.788],[44.658,45.804],[44.663,45.85],[44.636,45.87],[44.609,45.898],[44.594,45.924],[44.55,45.943],[44.563,45.975],[44.537,45.994],[44.506,46.009],[44.45,46.017],[44.455,46.065],[44.414,46.084],[44.381,46.096],[44.353,46.12],[44.319,46.134],[44.289,46.151],[44.264,46.167],[44.242,46.188],[44.208,46.204],[44.156,46.209],[44.134,46.231],[44.165,46.255],[44.171,46.285],[44.158,46.313],[44.175,46.348],[44.148,46.363],[44.119,46.376],[44.095,46.407],[44.064,46.417],[44.038,46.433],[43.998,46.446],[43.971,46.464],[43.939,46.484],[43.902,46.492],[43.892,46.523],[43.876,46.552],[43.88,46.583],[43.91,46.584],[43.965,46.587],[44.011,46.584],[44.044,46.587],[44.069,46.57],[44.125,46.558],[44.196,46.571],[44.232,46.566],[44.265,46.558],[44.298,46.562],[44.32,46.584],[44.317,46.619],[44.326,46.649],[44.338,46.689],[44.309,46.705],[44.305,46.74],[44.313,46.769],[44.3,46.811],[44.287,46.84],[44.275,46.882],[44.279,46.913],[44.253,46.937],[44.277,46.962],[44.271,46.992],[44.275,47.023],[44.27,47.056],[44.284,47.084],[44.252,47.101],[44.214,47.105],[44.185,47.117],[44.175,47.148],[44.198,47.175],[44.239,47.18],[44.273,47.184],[44.302,47.192],[44.324,47.213],[44.331,47.245],[44.362,47.264],[44.379,47.289],[44.367,47.327],[44.347,47.37],[44.367,47.399],[44.36,47.43],[44.331,47.441],[44.308,47.463],[44.267,47.463],[44.267,47.494],[44.276,47.526],[44.276,47.556],[44.295,47.581],[44.3,47.615],[44.312,47.648],[44.334,47.674],[44.35,47.7],[44.257,47.7],[44.227,47.709],[44.185,47.717],[44.121,47.721],[44.126,47.753],[44.152,47.77],[44.183,47.781],[44.208,47.804],[44.229,47.84],[44.249,47.863],[44.258,47.892],[44.218,47.9],[44.197,47.921],[44.214,47.949],[44.255,47.955],[44.29,47.963],[44.304,47.992],[44.312,48.023],[44.348,48.042],[44.35,48.073],[44.338,48.1],[44.322,48.126],[44.317,48.163],[44.324,48.195],[44.29,48.208],[44.26,48.221],[44.219,48.234],[44.175,48.238],[44.227,48.255],[44.255,48.269],[44.281,48.291],[44.308,48.309],[44.341,48.31],[44.363,48.333],[44.379,48.368],[44.411,48.38],[44.438,48.394],[44.411,48.408],[44.388,48.431],[44.397,48.462],[44.426,48.479],[44.46,48.495],[44.498,48.504],[44.536,48.495],[44.581,48.488],[44.615,48.492],[44.656,48.479],[44.687,48.462],[44.715,48.451],[44.744,48.442],[44.773,48.43],[44.802,48.437],[44.844,48.429],[44.873,48.416],[44.905,48.403],[44.892,48.375],[44.869,48.342],[44.883,48.311],[44.928,48.304],[44.934,48.272],[44.929,48.238],[44.96,48.217],[44.989,48.201],[45.017,48.18],[45.041,48.158],[45.073,48.155],[45.098,48.137],[45.127,48.129],[45.156,48.112],[45.187,48.098],[45.202,48.071],[45.221,48.035],[45.249,48.016],[45.258,47.986],[45.289,47.971],[45.315,47.946],[45.349,47.955],[45.378,47.946],[45.403,47.912],[45.437,47.917],[45.449,47.89],[45.468,47.858],[45.504,47.853],[45.537,47.855],[45.555,47.822],[45.587,47.82],[45.6,47.779],[45.627,47.795],[45.666,47.796],[45.659,47.831],[45.681,47.854],[45.712,47.863],[45.756,47.859],[45.787,47.858],[45.809,47.827],[45.824,47.798],[45.841,47.772],[45.812,47.755],[45.813,47.71],[45.809,47.677],[45.776,47.661],[45.78,47.63],[45.766,47.602],[45.759,47.563],[45.791,47.541],[45.801,47.51],[45.808,47.48],[45.799,47.445],[45.763,47.453],[45.726,47.441],[45.717,47.41],[45.707,47.38],[45.727,47.354],[45.761,47.359],[45.802,47.358],[45.836,47.346],[45.865,47.338],[45.902,47.342],[45.927,47.324],[45.934,47.294],[45.935,47.263],[45.969,47.266],[46.007,47.274],[46.037,47.248],[46.051,47.221],[46.08,47.228],[46.112,47.216],[46.139,47.204],[46.171,47.221],[46.199,47.204],[46.221,47.18],[46.209,47.148],[46.188,47.12],[46.163,47.099],[46.169,47.067],[46.191,47.047],[46.174,47.014],[46.154,46.981],[46.162,46.948],[46.16,46.913],[46.126,46.902],[46.104,46.876],[46.084,46.849],[46.061,46.83],[46.025,46.821],[46.009,46.794],[46.004,46.763],[45.973,46.763],[45.957,46.792],[45.922,46.779],[45.896,46.756],[45.896,46.754]]]}},{"type":"Feature","properties":{"HYBAS_ID":2040068720,"MAIN_BAS":2040068720,"NEXT_DOWN":0,"SUB_AREA":63661.9,"UP_AREA":63661.9,"ENDO":0},"geometry":{"type":"Polygon","coordinates":[[[47.332,44.779],[47.313,44.806],[47.312,44.84],[47.312,44.871],[47.326,44.823],[47.33,44.789],[47.332,44.779]],[[47.553,44.417],[47.519,44.437],[47.486,44.454],[47.484,44.487],[47.519,44.499],[47.524,44.46],[47.54,44.433],[47.545,44.465],[47.544,44.496],[47.559,44.469],[47.576,44.442],[47.555,44.42],[47.553,44.417]],[[47.486,45.133],[47.466,45.16],[47.491,45.14],[47.486,45.133]],[[46.842,44.633],[46.838,44.601],[46.867,44.585],[46.879,44.556],[46.904,44.519],[46.912,44.488],[46.881,44.484],[46.785,44.484],[46.756,44.499],[46.784,44.468],[46.811,44.454],[46.852,44.459],[46.898,44.47],[46.923,44.446],[46.946,44.418],[46.977,44.391],[47.006,44.383],[47.041,44.356],[47.051,44.319],[47.077,44.276],[47.096,44.244],[47.123,44.224],[47.152,44.212],[47.177,44.233],[47.21,44.234],[47.241,44.215],[47.251,44.181],[47.263,44.152],[47.276,44.119],[47.295,44.09],[47.316,44.061],[47.345,44.027],[47.379,44.002],[47.392,43.973],[47.412,43.944],[47.421,43.902],[47.444,43.876],[47.474,43.878],[47.484,43.846],[47.517,43.846],[47.545,43.858],[47.569,43.883],[47.602,43.896],[47.64,43.905],[47.674,43.926],[47.704,43.925],[47.652,43.93],[47.634,43.964],[47.642,43.995],[47.673,44.004],[47.706,44.001],[47.74,43.995],[47.78,43.987],[47.822,43.996],[47.855,43.996],[47.844,43.967],[47.815,43.946],[47.79,43.93],[47.761,43.921],[47.74,43.892],[47.711,43.871],[47.676,43.844],[47.659,43.815],[47.642,43.786],[47.626,43.761],[47.604,43.735],[47.587,43.706],[47.576,43.677],[47.566,43.648],[47.555,43.619],[47.523,43.624],[47.485,43.624],[47.454,43.613],[47.419,43.633],[47.394,43.654],[47.366,43.674],[47.339,43.688],[47.306,43.716],[47.273,43.724],[47.242,43.739],[47.214,43.759],[47.148,43.758],[47.119,43.767],[47.091,43.783],[47.027,43.784],[46.981,43.801],[46.948,43.808],[46.923,43.784],[46.886,43.779],[46.852,43.788],[46.821,43.792],[46.79,43.8],[46.756,43.791],[46.731,43.775],[46.698,43.767],[46.668,43.779],[46.639,43.762],[46.598,43.755],[46.567,43.771],[46.535,43.762],[46.502,43.755],[46.477,43.737],[46.448,43.726],[46.446,43.695],[46.431,43.667],[46.412,43.638],[46.399,43.606],[46.396,43.576],[46.389,43.545],[46.359,43.526],[46.31,43.516],[46.277,43.496],[46.245,43.501],[46.194,43.501],[46.16,43.499],[46.102,43.505],[46.064,43.509],[46.034,43.526],[45.992,43.525],[45.948,43.542],[45.914,43.547],[45.879,43.542],[45.848,43.562],[45.815,43.57],[45.786,43.587],[45.756,43.601],[45.726,43.613],[45.737,43.645],[45.688,43.655],[45.664,43.675],[45.629,43.696],[45.598,43.705],[45.569,43.733],[45.535,43.734],[45.502,43.733],[45.469,43.737],[45.436,43.745],[45.402,43.755],[45.373,43.766],[45.332,43.758],[45.298,43.763],[45.27,43.78],[45.248,43.805],[45.22,43.819],[45.212,43.852],[45.181,43.863],[45.148,43.867],[45.103,43.858],[45.069,43.871],[45.037,43.876],[45.008,43.858],[44.977,43.862],[44.945,43.88],[44.916,43.863],[44.884,43.849],[44.858,43.865],[44.842,43.893],[44.81,43.909],[44.76,43.901],[44.713,43.899],[44.685,43.913],[44.648,43.924],[44.629,43.95],[44.579,43.924],[44.548,43.934],[44.508,43.925],[44.484,43.902],[44.459,43.865],[44.418,43.875],[44.381,43.884],[44.347,43.883],[44.318,43.904],[44.281,43.905],[44.235,43.913],[44.185,43.921],[44.154,43.925],[44.121,43.943],[44.106,43.971],[44.065,43.984],[44.035,43.979],[44.006,43.966],[43.964,43.962],[43.931,43.95],[43.894,43.941],[43.86,43.93],[43.831,43.937],[43.802,43.929],[43.773,43.913],[43.729,43.913],[43.689,43.908],[43.661,43.892],[43.618,43.879],[43.564,43.879],[43.532,43.875],[43.493,43.871],[43.461,43.871],[43.427,43.874],[43.399,43.855],[43.369,43.846],[43.327,43.817],[43.293,43.821],[43.266,43.809],[43.228,43.799],[43.198,43.801],[43.165,43.792],[43.14,43.776],[43.113,43.762],[43.081,43.766],[43.053,43.787],[43.021,43.792],[42.986,43.808],[42.952,43.817],[42.923,43.829],[42.893,43.838],[42.857,43.846],[42.821,43.841],[42.789,43.824],[42.758,43.82],[42.703,43.826],[42.664,43.816],[42.62,43.805],[42.594,43.784],[42.547,43.776],[42.517,43.779],[42.485,43.77],[42.463,43.739],[42.445,43.707],[42.455,43.673],[42.45,43.638],[42.418,43.638],[42.391,43.655],[42.352,43.667],[42.333,43.692],[42.313,43.729],[42.279,43.733],[42.248,43.746],[42.229,43.775],[42.194,43.795],[42.16,43.805],[42.127,43.812],[42.068,43.825],[42.038,43.838],[42.056,43.862],[42.086,43.867],[42.114,43.883],[42.153,43.901],[42.162,43.931],[42.194,43.951],[42.213,43.975],[42.229,44.005],[42.217,44.035],[42.233,44.063],[42.257,44.084],[42.298,44.105],[42.276,44.134],[42.255,44.161],[42.29,44.18],[42.327,44.195],[42.352,44.221],[42.355,44.252],[42.35,44.285],[42.35,44.317],[42.364,44.345],[42.363,44.377],[42.348,44.412],[42.33,44.448],[42.317,44.477],[42.286,44.491],[42.252,44.501],[42.229,44.521],[42.252,44.542],[42.275,44.571],[42.311,44.562],[42.344,44.554],[42.377,44.541],[42.406,44.525],[42.412,44.556],[42.417,44.59],[42.457,44.591],[42.494,44.583],[42.529,44.575],[42.546,44.548],[42.582,44.529],[42.614,44.521],[42.644,44.526],[42.645,44.557],[42.681,44.566],[42.712,44.572],[42.733,44.594],[42.753,44.616],[42.723,44.633],[42.733,44.663],[42.766,44.676],[42.785,44.699],[42.796,44.727],[42.816,44.76],[42.841,44.78],[42.867,44.803],[42.898,44.82],[42.896,44.857],[42.879,44.888],[42.91,44.899],[42.929,44.931],[42.903,44.958],[42.873,44.97],[42.839,44.976],[42.85,45.006],[42.855,45.036],[42.886,45.046],[42.912,45.073],[42.917,45.112],[42.941,45.135],[42.946,45.169],[42.95,45.204],[42.977,45.225],[43.032,45.225],[43.073,45.225],[43.108,45.217],[43.14,45.229],[43.178,45.222],[43.21,45.221],[43.246,45.213],[43.275,45.229],[43.288,45.257],[43.32,45.271],[43.356,45.27],[43.383,45.254],[43.396,45.29],[43.417,45.313],[43.477,45.312],[43.523,45.308],[43.556,45.291],[43.581,45.271],[43.615,45.266],[43.648,45.258],[43.682,45.25],[43.715,45.246],[43.744,45.237],[43.773,45.224],[43.804,45.207],[43.836,45.204],[43.865,45.191],[43.893,45.175],[43.932,45.166],[43.961,45.159],[43.972,45.191],[44.006,45.192],[44.052,45.195],[44.107,45.187],[44.136,45.18],[44.155,45.207],[44.186,45.216],[44.215,45.204],[44.243,45.188],[44.273,45.179],[44.302,45.166],[44.325,45.196],[44.334,45.244],[44.364,45.242],[44.393,45.225],[44.425,45.217],[44.452,45.196],[44.495,45.191],[44.527,45.179],[44.569,45.175],[44.602,45.166],[44.629,45.15],[44.654,45.131],[44.683,45.113],[44.714,45.092],[44.739,45.075],[44.795,45.032],[44.823,45.016],[44.857,44.999],[44.894,44.963],[44.927,44.951],[44.957,44.967],[44.998,44.958],[45.031,44.949],[45.077,44.945],[45.127,44.942],[45.161,44.946],[45.188,44.974],[45.219,44.983],[45.252,44.98],[45.287,44.988],[45.307,45.013],[45.339,45.008],[45.369,45.02],[45.402,45.02],[45.429,45.033],[45.452,45.058],[45.463,45.092],[45.509,45.12],[45.505,45.153],[45.533,45.173],[45.557,45.197],[45.586,45.209],[45.619,45.209],[45.653,45.199],[45.684,45.189],[45.71,45.205],[45.769,45.208],[45.82,45.201],[45.845,45.222],[45.842,45.26],[45.829,45.29],[45.809,45.314],[45.771,45.356],[45.74,45.366],[45.738,45.398],[45.745,45.44],[45.764,45.466],[45.802,45.47],[45.84,45.458],[45.869,45.438],[45.898,45.43],[45.929,45.433],[45.906,45.455],[45.912,45.485],[45.896,45.519],[45.935,45.525],[45.917,45.552],[45.944,45.574],[45.958,45.603],[45.989,45.617],[46.013,45.593],[46.044,45.591],[46.063,45.563],[46.09,45.549],[46.11,45.517],[46.144,45.509],[46.175,45.494],[46.206,45.484],[46.242,45.483],[46.273,45.487],[46.304,45.471],[46.334,45.496],[46.36,45.474],[46.39,45.483],[46.42,45.471],[46.45,45.483],[46.417,45.515],[46.448,45.529],[46.482,45.55],[46.515,45.541],[46.517,45.573],[46.53,45.608],[46.556,45.626],[46.586,45.599],[46.619,45.595],[46.648,45.579],[46.694,45.566],[46.723,45.555],[46.741,45.581],[46.749,45.616],[46.726,45.653],[46.752,45.667],[46.758,45.713],[46.827,45.708],[46.855,45.685],[46.87,45.658],[46.902,45.651],[46.933,45.658],[46.924,45.689],[46.925,45.723],[46.951,45.75],[46.981,45.745],[47.015,45.729],[47.044,45.716],[47.065,45.688],[47.094,45.671],[47.129,45.679],[47.16,45.671],[47.185,45.642],[47.216,45.628],[47.234,45.6],[47.267,45.583],[47.336,45.588],[47.39,45.595],[47.421,45.583],[47.467,45.584],[47.477,45.616],[47.52,45.616],[47.535,45.588],[47.556,45.559],[47.584,45.544],[47.592,45.5],[47.604,45.423],[47.577,45.392],[47.567,45.433],[47.546,45.404],[47.527,45.429],[47.516,45.398],[47.504,45.369],[47.495,45.335],[47.469,45.32],[47.458,45.285],[47.446,45.24],[47.43,45.198],[47.43,45.148],[47.413,45.122],[47.401,45.152],[47.378,45.13],[47.359,45.106],[47.341,45.08],[47.317,45.06],[47.312,45.03],[47.283,45.015],[47.27,44.951],[47.242,44.931],[47.245,44.898],[47.237,44.867],[47.252,44.841],[47.247,44.808],[47.218,44.834],[47.199,44.809],[47.191,44.777],[47.183,44.747],[47.173,44.717],[47.14,44.712],[47.109,44.73],[47.077,44.766],[47.048,44.788],[47.015,44.771],[46.988,44.75],[47.053,44.749],[47.08,44.722],[47.096,44.692],[47.077,44.659],[47.05,44.641],[47.022,44.655],[46.998,44.687],[46.969,44.679],[46.931,44.658],[46.894,44.663],[46.87,44.634],[46.842,44.633]]]}},{"type":"Feature","properties":{"HYBAS_ID":2040069150,"MAIN_BAS":2040069150,"NEXT_DOWN":0,"SUB_AREA":42927.4,"UP_AREA":42927.4,"ENDO":0},"geometry":{"type":"Polygon","coordinates":[[[46.088,42.792],[46.052,42.799],[46.026,42.769],[46.008,42.741],[46.029,42.719],[46.025,42.679],[46.013,42.639],[46.009,42.606],[45.985,42.587],[45.943,42.566],[45.917,42.55],[45.887,42.534],[45.851,42.528],[45.827,42.505],[45.789,42.495],[45.748,42.483],[45.713,42.475],[45.691,42.498],[45.656,42.504],[45.623,42.505],[45.599,42.532],[45.567,42.55],[45.536,42.541],[45.487,42.533],[45.427,42.542],[45.39,42.534],[45.335,42.524],[45.325,42.571],[45.298,42.546],[45.275,42.527],[45.271,42.479],[45.261,42.451],[45.231,42.433],[45.198,42.441],[45.166,42.454],[45.141,42.484],[45.111,42.495],[45.077,42.504],[45.055,42.531],[45.033,42.565],[45.02,42.594],[44.99,42.604],[44.957,42.605],[44.919,42.596],[44.881,42.588],[44.848,42.588],[44.822,42.566],[44.797,42.545],[44.769,42.53],[44.736,42.513],[44.698,42.516],[44.669,42.525],[44.642,42.498],[44.61,42.5],[44.567,42.513],[44.531,42.524],[44.488,42.512],[44.456,42.508],[44.427,42.524],[44.406,42.55],[44.35,42.55],[44.319,42.558],[44.304,42.591],[44.262,42.605],[44.229,42.608],[44.208,42.633],[44.177,42.62],[44.148,42.612],[44.119,42.62],[44.089,42.608],[44.039,42.604],[44.01,42.591],[43.989,42.566],[43.961,42.554],[43.931,42.563],[43.902,42.579],[43.869,42.591],[43.839,42.6],[43.807,42.6],[43.768,42.592],[43.748,42.617],[43.721,42.633],[43.757,42.651],[43.778,42.676],[43.799,42.71],[43.813,42.738],[43.786,42.754],[43.744,42.771],[43.715,42.779],[43.652,42.796],[43.609,42.817],[43.588,42.846],[43.561,42.866],[43.506,42.867],[43.477,42.892],[43.444,42.896],[43.407,42.891],[43.373,42.895],[43.333,42.892],[43.304,42.913],[43.273,42.925],[43.246,42.939],[43.204,42.933],[43.183,42.957],[43.146,42.967],[43.126,42.993],[43.081,43.005],[43.052,43.02],[43.027,43.041],[43.017,43.074],[43.002,43.112],[42.973,43.12],[42.94,43.124],[42.927,43.154],[42.894,43.158],[42.866,43.173],[42.827,43.174],[42.793,43.176],[42.764,43.187],[42.736,43.179],[42.702,43.176],[42.679,43.143],[42.648,43.145],[42.619,43.159],[42.577,43.171],[42.539,43.18],[42.513,43.196],[42.477,43.201],[42.446,43.227],[42.432,43.254],[42.405,43.289],[42.413,43.319],[42.423,43.349],[42.405,43.385],[42.419,43.413],[42.444,43.438],[42.454,43.469],[42.455,43.507],[42.47,43.536],[42.466,43.569],[42.458,43.602],[42.45,43.638],[42.458,43.669],[42.45,43.702],[42.473,43.729],[42.466,43.76],[42.498,43.779],[42.538,43.779],[42.569,43.774],[42.606,43.795],[42.64,43.804],[42.677,43.817],[42.752,43.824],[42.785,43.821],[42.82,43.826],[42.85,43.842],[42.882,43.845],[42.913,43.833],[42.948,43.82],[42.977,43.812],[43.008,43.8],[43.038,43.788],[43.065,43.774],[43.094,43.762],[43.127,43.77],[43.156,43.791],[43.19,43.796],[43.223,43.804],[43.256,43.808],[43.29,43.825],[43.321,43.817],[43.348,43.837],[43.375,43.85],[43.406,43.866],[43.444,43.875],[43.477,43.87],[43.511,43.87],[43.543,43.875],[43.6,43.879],[43.636,43.88],[43.668,43.9],[43.708,43.908],[43.757,43.912],[43.79,43.917],[43.827,43.934],[43.86,43.93],[43.886,43.946],[43.927,43.946],[43.961,43.959],[44.002,43.963],[44.032,43.975],[44.065,43.984],[44.102,43.975],[44.12,43.948],[44.154,43.925],[44.185,43.921],[44.232,43.916],[44.277,43.908],[44.307,43.9],[44.345,43.89],[44.377,43.887],[44.408,43.879],[44.448,43.87],[44.476,43.886],[44.492,43.916],[44.527,43.924],[44.56,43.933],[44.62,43.926],[44.656,43.917],[44.712,43.912],[44.744,43.905],[44.783,43.9],[44.827,43.908],[44.85,43.888],[44.868,43.85],[44.897,43.862],[44.931,43.876],[44.959,43.863],[44.992,43.863],[45.031,43.871],[45.065,43.874],[45.094,43.866],[45.127,43.859],[45.167,43.871],[45.208,43.858],[45.217,43.829],[45.239,43.809],[45.278,43.799],[45.289,43.767],[45.327,43.762],[45.361,43.767],[45.394,43.762],[45.427,43.75],[45.457,43.741],[45.502,43.733],[45.535,43.734],[45.569,43.733],[45.598,43.705],[45.629,43.696],[45.662,43.681],[45.687,43.665],[45.719,43.651],[45.725,43.619],[45.752,43.604],[45.781,43.588],[45.81,43.571],[45.848,43.562],[45.878,43.545],[45.911,43.555],[45.944,43.545],[45.971,43.523],[46.006,43.526],[46.044,43.517],[46.073,43.508],[46.133,43.504],[46.177,43.501],[46.223,43.499],[46.26,43.495],[46.29,43.505],[46.345,43.517],[46.371,43.532],[46.395,43.564],[46.395,43.598],[46.404,43.631],[46.424,43.655],[46.438,43.685],[46.441,43.717],[46.469,43.73],[46.494,43.754],[46.528,43.763],[46.56,43.766],[46.594,43.758],[46.627,43.755],[46.656,43.77],[46.698,43.767],[46.731,43.775],[46.756,43.791],[46.786,43.796],[46.818,43.792],[46.852,43.788],[46.882,43.783],[46.914,43.783],[46.94,43.801],[46.971,43.804],[47.016,43.799],[47.091,43.783],[47.119,43.767],[47.148,43.758],[47.186,43.759],[47.223,43.758],[47.245,43.736],[47.277,43.721],[47.319,43.705],[47.344,43.687],[47.374,43.665],[47.413,43.654],[47.431,43.621],[47.478,43.613],[47.506,43.629],[47.535,43.613],[47.514,43.587],[47.504,43.548],[47.491,43.515],[47.48,43.485],[47.442,43.479],[47.428,43.437],[47.385,43.445],[47.363,43.424],[47.362,43.394],[47.327,43.379],[47.299,43.364],[47.248,43.354],[47.227,43.375],[47.19,43.383],[47.156,43.391],[47.126,43.379],[47.087,43.396],[47.058,43.403],[47.026,43.417],[47.007,43.441],[46.977,43.451],[46.944,43.449],[46.915,43.442],[46.883,43.429],[46.866,43.402],[46.846,43.377],[46.838,43.346],[46.81,43.333],[46.78,43.32],[46.776,43.29],[46.737,43.247],[46.709,43.219],[46.684,43.19],[46.683,43.154],[46.7,43.125],[46.673,43.109],[46.644,43.095],[46.66,43.067],[46.686,43.045],[46.719,43.026],[46.734,42.993],[46.729,42.963],[46.705,42.944],[46.677,42.929],[46.651,42.906],[46.608,42.888],[46.599,42.855],[46.569,42.845],[46.539,42.834],[46.51,42.846],[46.482,42.862],[46.443,42.866],[46.41,42.854],[46.373,42.841],[46.339,42.829],[46.304,42.829],[46.26,42.816],[46.231,42.808],[46.2,42.8],[46.17,42.813],[46.127,42.813],[46.094,42.809],[46.088,42.792]]]}},{"type":"Feature","properties":{"HYBAS_ID":2040069160,"MAIN_BAS":2040069160,"NEXT_DOWN":0,"SUB_AREA":48324.0,"UP_AREA":48324.0,"ENDO":0},"geometry":{"type":"Polygon","coordinates":[[[49.928,40.288],[49.9,40.299],[49.941,40.299],[49.928,40.288]],[[50.561,40.288],[50.566,40.321],[50.533,40.353],[50.565,40.334],[50.594,40.349],[50.622,40.326],[50.594,40.312],[50.561,40.288]],[[50.361,40.4],[50.346,40.427],[50.326,40.456],[50.299,40.478],[50.328,40.492],[50.355,40.472],[50.355,40.438],[50.362,40.402],[50.361,40.4]],[[49.421,39.85],[49.404,39.823],[49.388,39.796],[49.392,39.764],[49.401,39.735],[49.425,39.702],[49.394,39.691],[49.363,39.678],[49.33,39.644],[49.317,39.617],[49.308,39.581],[49.292,39.554],[49.279,39.514],[49.288,39.485],[49.307,39.458],[49.333,39.432],[49.335,39.392],[49.348,39.42],[49.374,39.403],[49.403,39.383],[49.388,39.344],[49.412,39.311],[49.384,39.331],[49.379,39.366],[49.362,39.395],[49.333,39.383],[49.305,39.405],[49.303,39.437],[49.269,39.451],[49.249,39.474],[49.206,39.467],[49.176,39.477],[49.156,39.512],[49.129,39.525],[49.098,39.562],[49.079,39.586],[49.049,39.62],[49.057,39.649],[49.033,39.669],[49.033,39.702],[49.018,39.734],[49.008,39.771],[49.02,39.815],[48.998,39.838],[48.97,39.861],[48.951,39.888],[48.962,39.927],[48.98,39.956],[49.001,39.987],[49.031,39.983],[49.054,40.004],[49.049,40.035],[49.053,40.07],[49.023,40.079],[48.984,40.08],[48.946,40.092],[48.929,40.12],[48.926,40.152],[48.929,40.188],[48.898,40.195],[48.864,40.2],[48.859,40.231],[48.837,40.256],[48.82,40.286],[48.805,40.314],[48.804,40.361],[48.781,40.384],[48.758,40.406],[48.738,40.43],[48.731,40.462],[48.688,40.475],[48.661,40.5],[48.63,40.527],[48.652,40.549],[48.626,40.581],[48.605,40.609],[48.576,40.622],[48.558,40.649],[48.555,40.69],[48.581,40.72],[48.62,40.726],[48.633,40.753],[48.609,40.773],[48.587,40.794],[48.56,40.812],[48.513,40.817],[48.479,40.829],[48.491,40.86],[48.495,40.89],[48.456,40.905],[48.441,40.94],[48.413,40.985],[48.377,40.991],[48.344,41.004],[48.308,40.999],[48.277,41.012],[48.239,41.026],[48.209,41.034],[48.19,41.058],[48.158,41.058],[48.127,41.066],[48.096,41.073],[48.069,41.087],[48.035,41.088],[48.008,41.108],[47.992,41.163],[47.943,41.171],[47.914,41.18],[47.881,41.179],[47.858,41.202],[47.832,41.22],[47.802,41.209],[47.777,41.187],[47.736,41.191],[47.709,41.213],[47.657,41.225],[47.627,41.234],[47.598,41.224],[47.568,41.216],[47.538,41.208],[47.509,41.231],[47.508,41.266],[47.477,41.266],[47.445,41.276],[47.408,41.271],[47.373,41.275],[47.345,41.291],[47.317,41.304],[47.282,41.333],[47.271,41.371],[47.244,41.401],[47.229,41.428],[47.213,41.455],[47.196,41.481],[47.169,41.496],[47.176,41.526],[47.149,41.55],[47.124,41.569],[47.11,41.595],[47.082,41.58],[47.044,41.558],[47.019,41.579],[46.995,41.602],[47.012,41.627],[46.986,41.645],[46.956,41.659],[46.941,41.686],[46.929,41.715],[46.902,41.733],[46.873,41.721],[46.854,41.744],[46.833,41.766],[46.8,41.778],[46.771,41.802],[46.775,41.836],[46.758,41.863],[46.727,41.855],[46.71,41.83],[46.681,41.838],[46.652,41.83],[46.619,41.83],[46.589,41.812],[46.566,41.832],[46.554,41.869],[46.527,41.888],[46.487,41.892],[46.456,41.896],[46.427,41.909],[46.404,41.929],[46.36,41.934],[46.327,41.938],[46.294,41.946],[46.277,41.971],[46.254,41.992],[46.237,42.016],[46.198,42.008],[46.169,41.996],[46.144,42.017],[46.113,42.0],[46.087,42.019],[46.06,42.033],[46.027,42.029],[45.995,42.041],[45.965,42.03],[45.938,42.05],[45.933,42.083],[45.908,42.099],[45.873,42.109],[45.84,42.109],[45.811,42.116],[45.772,42.121],[45.742,42.133],[45.722,42.159],[45.694,42.179],[45.665,42.188],[45.636,42.199],[45.608,42.213],[45.599,42.242],[45.564,42.23],[45.534,42.239],[45.529,42.27],[45.494,42.291],[45.446,42.3],[45.434,42.331],[45.45,42.36],[45.423,42.375],[45.386,42.358],[45.361,42.375],[45.323,42.384],[45.292,42.392],[45.264,42.409],[45.238,42.43],[45.261,42.451],[45.271,42.479],[45.267,42.51],[45.281,42.537],[45.305,42.557],[45.33,42.535],[45.365,42.526],[45.407,42.551],[45.461,42.541],[45.511,42.534],[45.542,42.538],[45.577,42.549],[45.601,42.518],[45.645,42.508],[45.688,42.504],[45.707,42.479],[45.744,42.48],[45.775,42.488],[45.806,42.496],[45.841,42.509],[45.863,42.533],[45.894,42.545],[45.923,42.555],[45.967,42.567],[45.99,42.588],[46.013,42.612],[46.012,42.656],[46.026,42.706],[46.008,42.741],[46.026,42.769],[46.044,42.795],[46.079,42.796],[46.106,42.82],[46.144,42.812],[46.177,42.812],[46.206,42.801],[46.244,42.809],[46.278,42.817],[46.321,42.829],[46.357,42.83],[46.386,42.842],[46.432,42.855],[46.463,42.867],[46.494,42.854],[46.523,42.838],[46.565,42.842],[46.594,42.854],[46.606,42.887],[46.646,42.888],[46.667,42.924],[46.698,42.934],[46.723,42.958],[46.734,42.993],[46.721,43.025],[46.694,43.041],[46.668,43.059],[46.638,43.071],[46.656,43.104],[46.685,43.116],[46.684,43.147],[46.684,43.19],[46.708,43.214],[46.731,43.245],[46.774,43.285],[46.78,43.32],[46.81,43.333],[46.838,43.346],[46.846,43.377],[46.866,43.402],[46.883,43.429],[46.915,43.442],[46.944,43.449],[46.977,43.451],[47.007,43.441],[47.026,43.417],[47.058,43.403],[47.087,43.396],[47.124,43.391],[47.156,43.391],[47.185,43.38],[47.223,43.379],[47.248,43.354],[47.281,43.358],[47.31,43.37],[47.344,43.38],[47.358,43.409],[47.372,43.441],[47.407,43.447],[47.435,43.467],[47.473,43.479],[47.492,43.505],[47.496,43.542],[47.508,43.571],[47.533,43.596],[47.562,43.607],[47.544,43.576],[47.53,43.548],[47.516,43.506],[47.508,43.473],[47.5,43.435],[47.492,43.398],[47.527,43.359],[47.554,43.335],[47.562,43.281],[47.549,43.252],[47.517,43.219],[47.499,43.193],[47.487,43.16],[47.479,43.123],[47.471,43.092],[47.467,43.046],[47.47,43.015],[47.512,42.995],[47.544,42.971],[47.57,42.956],[47.606,42.93],[47.63,42.909],[47.652,42.888],[47.679,42.875],[47.708,42.857],[47.716,42.827],[47.717,42.764],[47.721,42.725],[47.729,42.694],[47.75,42.657],[47.781,42.617],[47.813,42.613],[47.844,42.605],[47.885,42.584],[47.905,42.548],[47.917,42.519],[47.934,42.494],[47.951,42.469],[47.991,42.423],[48.012,42.399],[48.039,42.371],[48.064,42.355],[48.091,42.34],[48.125,42.311],[48.138,42.283],[48.162,42.256],[48.187,42.223],[48.212,42.19],[48.225,42.163],[48.248,42.134],[48.281,42.113],[48.296,42.085],[48.313,42.056],[48.33,42.03],[48.342,41.998],[48.362,41.965],[48.383,41.942],[48.41,41.926],[48.448,41.916],[48.491,41.912],[48.52,41.894],[48.548,41.88],[48.573,41.858],[48.602,41.841],[48.627,41.824],[48.689,41.771],[48.724,41.74],[48.762,41.698],[48.783,41.673],[48.835,41.621],[48.866,41.594],[48.899,41.561],[48.929,41.531],[48.966,41.494],[49.008,41.448],[49.041,41.411],[49.061,41.387],[49.08,41.36],[49.099,41.331],[49.12,41.302],[49.133,41.273],[49.141,41.24],[49.146,41.208],[49.15,41.177],[49.166,41.148],[49.171,41.114],[49.184,41.085],[49.196,41.056],[49.213,41.027],[49.236,41.004],[49.269,40.976],[49.294,40.959],[49.32,40.931],[49.344,40.909],[49.399,40.865],[49.425,40.846],[49.469,40.841],[49.502,40.833],[49.533,40.81],[49.555,40.786],[49.53,40.769],[49.517,40.717],[49.524,40.686],[49.541,40.652],[49.565,40.633],[49.594,40.621],[49.636,40.616],[49.673,40.612],[49.698,40.584],[49.727,40.575],[49.761,40.575],[49.798,40.575],[49.857,40.571],[49.889,40.579],[49.927,40.584],[49.969,40.592],[50.002,40.588],[50.044,40.592],[50.076,40.592],[50.088,40.56],[50.111,40.537],[50.148,40.524],[50.177,40.516],[50.215,40.508],[50.245,40.485],[50.266,40.456],[50.288,40.43],[50.327,40.413],[50.346,40.385],[50.366,40.36],[50.362,40.314],[50.367,40.281],[50.372,40.245],[50.368,40.208],[50.362,40.244],[50.355,40.277],[50.327,40.312],[50.298,40.324],[50.269,40.334],[50.24,40.345],[50.206,40.354],[50.173,40.358],[50.14,40.366],[50.106,40.363],[50.081,40.341],[50.041,40.355],[50.014,40.342],[49.966,40.338],[49.939,40.35],[49.906,40.367],[49.875,40.371],[49.842,40.366],[49.863,40.343],[49.841,40.315],[49.808,40.299],[49.773,40.299],[49.744,40.284],[49.696,40.279],[49.669,40.255],[49.639,40.245],[49.606,40.233],[49.577,40.217],[49.544,40.208],[49.515,40.192],[49.485,40.18],[49.476,40.144],[49.496,40.113],[49.46,40.108],[49.431,40.092],[49.426,40.06],[49.456,40.021],[49.488,39.997],[49.456,39.975],[49.417,39.952],[49.417,39.919],[49.43,39.885],[49.436,39.855],[49.421,39.85]]]}},{"type":"Feature","properties":{"HYBAS_ID":2040070050,"MAIN_BAS":2040070050,"NEXT_DOWN":0,"SUB_AREA":189819.0,"UP_AREA":189819.0,"ENDO":0},"geometry":{"type":"Polygon","coordinates":[[[42.521,40.788],[42.485,40.783],[42.439,40.776],[42.402,40.771],[42.381,40.795],[42.351,40.797],[42.33,40.823],[42.328,40.853],[42.339,40.891],[42.355,40.924],[42.385,40.937],[42.364,40.959],[42.275,40.975],[42.291,41.006],[42.305,41.044],[42.28,41.076],[42.299,41.105],[42.345,41.101],[42.374,41.131],[42.388,41.159],[42.419,41.158],[42.424,41.189],[42.457,41.191],[42.508,41.197],[42.55,41.248],[42.577,41.267],[42.605,41.28],[42.591,41.306],[42.559,41.326],[42.57,41.356],[42.545,41.378],[42.53,41.411],[42.525,41.442],[42.52,41.477],[42.548,41.496],[42.576,41.513],[42.583,41.544],[42.571,41.577],[42.538,41.584],[42.521,41.608],[42.513,41.64],[42.521,41.671],[42.504,41.698],[42.477,41.716],[42.438,41.712],[42.424,41.741],[42.39,41.745],[42.358,41.751],[42.327,41.751],[42.32,41.781],[42.351,41.783],[42.38,41.799],[42.416,41.805],[42.465,41.808],[42.495,41.799],[42.54,41.805],[42.594,41.796],[42.616,41.821],[42.644,41.834],[42.677,41.825],[42.704,41.813],[42.737,41.812],[42.769,41.82],[42.792,41.841],[42.836,41.837],[42.873,41.829],[42.906,41.837],[42.936,41.82],[42.97,41.826],[43.006,41.841],[43.052,41.838],[43.09,41.838],[43.121,41.842],[43.152,41.833],[43.186,41.842],[43.218,41.866],[43.265,41.871],[43.295,41.88],[43.323,41.892],[43.366,41.896],[43.394,41.917],[43.423,41.929],[43.449,41.944],[43.442,41.978],[43.473,41.995],[43.499,42.015],[43.477,42.041],[43.496,42.073],[43.527,42.1],[43.551,42.124],[43.568,42.15],[43.584,42.181],[43.596,42.212],[43.608,42.252],[43.627,42.283],[43.655,42.299],[43.675,42.325],[43.705,42.316],[43.744,42.334],[43.777,42.341],[43.811,42.342],[43.813,42.373],[43.808,42.407],[43.774,42.404],[43.759,42.431],[43.774,42.46],[43.819,42.48],[43.837,42.506],[43.869,42.52],[43.902,42.538],[43.931,42.551],[43.965,42.55],[43.995,42.568],[44.015,42.592],[44.086,42.605],[44.116,42.621],[44.148,42.612],[44.177,42.62],[44.208,42.633],[44.233,42.614],[44.262,42.605],[44.294,42.595],[44.314,42.559],[44.346,42.546],[44.382,42.55],[44.413,42.55],[44.431,42.521],[44.46,42.505],[44.515,42.513],[44.544,42.526],[44.598,42.512],[44.627,42.5],[44.669,42.525],[44.698,42.516],[44.727,42.509],[44.756,42.525],[44.786,42.534],[44.813,42.557],[44.841,42.58],[44.877,42.591],[44.919,42.596],[44.957,42.605],[44.99,42.604],[45.02,42.594],[45.033,42.565],[45.054,42.536],[45.06,42.505],[45.094,42.496],[45.131,42.483],[45.156,42.459],[45.187,42.452],[45.215,42.433],[45.249,42.424],[45.273,42.405],[45.307,42.391],[45.336,42.383],[45.364,42.371],[45.402,42.359],[45.44,42.375],[45.438,42.344],[45.438,42.31],[45.477,42.3],[45.506,42.28],[45.53,42.252],[45.547,42.225],[45.578,42.224],[45.608,42.238],[45.624,42.212],[45.647,42.188],[45.677,42.187],[45.706,42.171],[45.745,42.154],[45.77,42.128],[45.798,42.113],[45.828,42.108],[45.86,42.113],[45.89,42.105],[45.916,42.09],[45.929,42.061],[45.949,42.031],[45.981,42.042],[46.015,42.042],[46.048,42.025],[46.075,42.042],[46.088,42.013],[46.119,42.0],[46.15,42.011],[46.186,42.0],[46.214,42.012],[46.245,42.002],[46.268,41.976],[46.296,41.963],[46.324,41.941],[46.36,41.934],[46.398,41.93],[46.423,41.912],[46.448,41.892],[46.477,41.884],[46.523,41.891],[46.55,41.874],[46.555,41.844],[46.573,41.813],[46.606,41.817],[46.644,41.833],[46.677,41.841],[46.71,41.83],[46.727,41.855],[46.758,41.863],[46.775,41.836],[46.771,41.802],[46.795,41.782],[46.833,41.766],[46.854,41.744],[46.873,41.721],[46.902,41.733],[46.929,41.715],[46.941,41.686],[46.956,41.659],[46.986,41.645],[47.012,41.627],[46.995,41.602],[47.019,41.579],[47.044,41.558],[47.077,41.579],[47.107,41.592],[47.126,41.559],[47.154,41.544],[47.171,41.519],[47.185,41.488],[47.212,41.47],[47.242,41.446],[47.23,41.405],[47.261,41.399],[47.271,41.36],[47.306,41.309],[47.339,41.292],[47.373,41.275],[47.408,41.271],[47.44,41.271],[47.47,41.262],[47.5,41.271],[47.508,41.233],[47.537,41.211],[47.568,41.216],[47.598,41.224],[47.627,41.234],[47.657,41.225],[47.69,41.225],[47.721,41.208],[47.752,41.192],[47.791,41.198],[47.815,41.221],[47.85,41.217],[47.874,41.195],[47.902,41.183],[47.931,41.175],[47.986,41.17],[47.992,41.118],[48.023,41.104],[48.069,41.087],[48.096,41.073],[48.127,41.066],[48.157,41.062],[48.19,41.058],[48.209,41.034],[48.239,41.026],[48.268,41.009],[48.299,41.012],[48.331,41.001],[48.365,40.995],[48.402,40.984],[48.431,40.967],[48.442,40.927],[48.469,40.904],[48.496,40.877],[48.483,40.848],[48.504,40.819],[48.544,40.817],[48.573,40.805],[48.598,40.784],[48.623,40.755],[48.61,40.724],[48.573,40.713],[48.554,40.676],[48.574,40.631],[48.603,40.616],[48.624,40.591],[48.654,40.552],[48.629,40.533],[48.656,40.5],[48.681,40.48],[48.71,40.471],[48.741,40.457],[48.749,40.423],[48.773,40.388],[48.804,40.361],[48.804,40.329],[48.817,40.289],[48.833,40.262],[48.855,40.235],[48.864,40.2],[48.898,40.195],[48.928,40.191],[48.926,40.152],[48.922,40.122],[48.942,40.098],[48.978,40.091],[49.023,40.079],[49.053,40.07],[49.049,40.035],[49.054,40.004],[49.031,39.983],[49.001,39.987],[48.98,39.956],[48.962,39.927],[48.949,39.898],[48.97,39.861],[48.994,39.841],[49.02,39.815],[49.009,39.787],[49.009,39.748],[49.03,39.719],[49.025,39.686],[49.048,39.651],[49.056,39.621],[49.071,39.594],[49.095,39.569],[49.113,39.535],[49.144,39.521],[49.169,39.501],[49.179,39.471],[49.225,39.467],[49.26,39.458],[49.29,39.445],[49.305,39.405],[49.333,39.383],[49.362,39.395],[49.379,39.366],[49.383,39.336],[49.343,39.338],[49.32,39.362],[49.254,39.363],[49.223,39.358],[49.194,39.346],[49.156,39.363],[49.123,39.362],[49.095,39.381],[49.069,39.4],[49.039,39.392],[49.006,39.408],[48.972,39.404],[48.94,39.396],[48.91,39.38],[48.881,39.391],[48.844,39.38],[48.865,39.404],[48.884,39.432],[48.91,39.446],[48.92,39.477],[48.938,39.503],[48.942,39.541],[48.917,39.567],[48.884,39.58],[48.874,39.616],[48.862,39.647],[48.84,39.626],[48.821,39.652],[48.797,39.671],[48.723,39.688],[48.694,39.708],[48.665,39.72],[48.633,39.738],[48.601,39.707],[48.57,39.705],[48.536,39.708],[48.505,39.721],[48.483,39.742],[48.457,39.758],[48.427,39.763],[48.392,39.767],[48.365,39.788],[48.301,39.805],[48.273,39.792],[48.24,39.784],[48.209,39.798],[48.179,39.811],[48.148,39.787],[48.117,39.775],[48.086,39.779],[48.056,39.771],[48.031,39.754],[48.016,39.719],[48.012,39.685],[47.992,39.661],[47.971,39.638],[47.97,39.593],[47.971,39.556],[47.956,39.53],[47.923,39.513],[47.933,39.481],[47.924,39.447],[47.901,39.419],[47.919,39.391],[47.945,39.361],[47.963,39.335],[47.981,39.305],[48.02,39.277],[47.997,39.257],[47.991,39.213],[47.935,39.212],[47.902,39.199],[47.86,39.191],[47.837,39.164],[47.819,39.125],[47.82,39.094],[47.808,39.065],[47.786,39.034],[47.808,39.012],[47.826,38.976],[47.816,38.947],[47.829,38.901],[47.804,38.864],[47.813,38.833],[47.852,38.829],[47.904,38.848],[47.924,38.87],[47.956,38.883],[47.994,38.846],[48.023,38.837],[48.047,38.813],[48.078,38.804],[48.106,38.788],[48.136,38.77],[48.164,38.759],[48.194,38.754],[48.223,38.741],[48.251,38.714],[48.251,38.673],[48.277,38.651],[48.304,38.627],[48.327,38.604],[48.365,38.596],[48.399,38.603],[48.438,38.613],[48.454,38.583],[48.474,38.549],[48.504,38.542],[48.517,38.513],[48.544,38.492],[48.572,38.468],[48.57,38.426],[48.576,38.394],[48.572,38.359],[48.595,38.335],[48.605,38.305],[48.64,38.292],[48.668,38.312],[48.679,38.282],[48.699,38.255],[48.692,38.226],[48.687,38.19],[48.676,38.16],[48.666,38.131],[48.65,38.102],[48.645,38.069],[48.629,38.025],[48.608,38.002],[48.604,37.969],[48.586,37.938],[48.542,37.933],[48.511,37.925],[48.482,37.916],[48.439,37.912],[48.402,37.913],[48.377,37.896],[48.343,37.895],[48.314,37.887],[48.285,37.874],[48.243,37.858],[48.233,37.827],[48.196,37.787],[48.17,37.803],[48.14,37.82],[48.105,37.826],[48.085,37.854],[48.052,37.849],[48.03,37.877],[48.002,37.891],[47.973,37.875],[47.935,37.87],[47.902,37.863],[47.882,37.887],[47.85,37.888],[47.814,37.917],[47.8,37.946],[47.823,37.967],[47.838,37.995],[47.867,38.018],[47.855,38.048],[47.845,38.081],[47.822,38.105],[47.804,38.132],[47.776,38.152],[47.783,38.183],[47.76,38.209],[47.717,38.2],[47.694,38.221],[47.652,38.23],[47.622,38.233],[47.577,38.22],[47.547,38.226],[47.52,38.241],[47.486,38.242],[47.435,38.237],[47.4,38.242],[47.372,38.259],[47.34,38.28],[47.321,38.304],[47.289,38.308],[47.256,38.305],[47.227,38.32],[47.192,38.333],[47.138,38.342],[47.106,38.334],[47.053,38.333],[47.027,38.349],[46.991,38.349],[46.96,38.367],[46.922,38.371],[46.89,38.379],[46.856,38.37],[46.824,38.363],[46.794,38.37],[46.782,38.4],[46.748,38.405],[46.746,38.452],[46.681,38.445],[46.648,38.449],[46.618,38.437],[46.596,38.415],[46.565,38.4],[46.545,38.427],[46.513,38.438],[46.486,38.454],[46.457,38.466],[46.427,38.475],[46.369,38.475],[46.338,38.482],[46.31,38.467],[46.28,38.48],[46.238,38.471],[46.193,38.454],[46.16,38.463],[46.114,38.471],[46.082,38.463],[46.042,38.415],[46.042,38.383],[46.002,38.38],[45.969,38.37],[45.898,38.375],[45.86,38.37],[45.812,38.358],[45.799,38.327],[45.775,38.308],[45.725,38.308],[45.7,38.325],[45.664,38.313],[45.635,38.325],[45.6,38.317],[45.553,38.304],[45.529,38.325],[45.523,38.355],[45.49,38.375],[45.452,38.38],[45.423,38.392],[45.392,38.392],[45.364,38.405],[45.313,38.396],[45.248,38.405],[45.206,38.395],[45.176,38.382],[45.142,38.371],[45.107,38.359],[45.091,38.331],[45.061,38.325],[45.032,38.313],[44.994,38.309],[44.961,38.312],[44.948,38.342],[44.916,38.346],[44.891,38.33],[44.846,38.329],[44.825,38.307],[44.798,38.324],[44.77,38.344],[44.736,38.358],[44.673,38.375],[44.638,38.373],[44.605,38.368],[44.561,38.366],[44.527,38.362],[44.481,38.355],[44.456,38.371],[44.423,38.374],[44.394,38.363],[44.365,38.376],[44.33,38.37],[44.305,38.353],[44.281,38.334],[44.248,38.33],[44.214,38.326],[44.174,38.329],[44.125,38.346],[44.08,38.351],[44.052,38.363],[44.025,38.379],[44.012,38.417],[43.998,38.446],[43.963,38.463],[43.983,38.504],[44.008,38.525],[44.048,38.55],[44.079,38.564],[44.088,38.598],[44.104,38.625],[44.14,38.612],[44.177,38.605],[44.21,38.616],[44.248,38.624],[44.275,38.642],[44.284,38.678],[44.263,38.705],[44.279,38.731],[44.288,38.773],[44.306,38.804],[44.3,38.838],[44.278,38.859],[44.248,38.851],[44.228,38.883],[44.221,38.917],[44.196,38.935],[44.191,38.966],[44.188,38.998],[44.216,39.014],[44.2,39.048],[44.196,39.087],[44.216,39.132],[44.184,39.16],[44.16,39.18],[44.127,39.187],[44.101,39.205],[44.104,39.235],[44.092,39.273],[44.079,39.323],[44.056,39.345],[44.034,39.369],[44.002,39.355],[43.97,39.363],[43.935,39.358],[43.896,39.358],[43.863,39.354],[43.831,39.355],[43.807,39.375],[43.792,39.406],[43.791,39.444],[43.759,39.476],[43.758,39.509],[43.745,39.545],[43.71,39.563],[43.687,39.602],[43.68,39.631],[43.667,39.673],[43.644,39.701],[43.592,39.696],[43.539,39.709],[43.51,39.726],[43.495,39.755],[43.477,39.78],[43.441,39.807],[43.412,39.849],[43.412,39.884],[43.408,39.919],[43.387,39.941],[43.361,39.962],[43.331,39.979],[43.302,39.987],[43.272,39.983],[43.235,39.988],[43.202,39.987],[43.169,39.987],[43.15,40.012],[43.119,40.009],[43.086,40.008],[43.023,40.008],[42.993,40.0],[42.965,39.975],[42.936,39.984],[42.9,39.983],[42.864,39.974],[42.828,39.949],[42.791,39.955],[42.752,39.942],[42.723,39.938],[42.681,39.942],[42.642,39.933],[42.589,39.917],[42.557,39.913],[42.527,39.909],[42.508,39.867],[42.472,39.867],[42.444,39.884],[42.41,39.884],[42.377,39.866],[42.344,39.866],[42.315,39.859],[42.286,39.851],[42.253,39.849],[42.22,39.842],[42.19,39.834],[42.147,39.834],[42.115,39.826],[42.096,39.798],[42.12,39.779],[42.151,39.763],[42.204,39.754],[42.238,39.731],[42.237,39.698],[42.215,39.679],[42.165,39.67],[42.133,39.653],[42.13,39.623],[42.104,39.602],[42.077,39.587],[42.044,39.583],[42.017,39.567],[41.985,39.571],[41.952,39.57],[41.923,39.558],[41.894,39.545],[41.859,39.541],[41.85,39.504],[41.81,39.508],[41.778,39.513],[41.748,39.504],[41.707,39.495],[41.681,39.52],[41.631,39.52],[41.605,39.503],[41.576,39.483],[41.547,39.462],[41.515,39.451],[41.481,39.458],[41.448,39.451],[41.417,39.44],[41.408,39.41],[41.392,39.382],[41.383,39.352],[41.346,39.327],[41.317,39.338],[41.295,39.365],[41.276,39.388],[41.254,39.435],[41.23,39.455],[41.238,39.49],[41.234,39.531],[41.258,39.551],[41.242,39.581],[41.22,39.612],[41.189,39.613],[41.188,39.648],[41.21,39.675],[41.241,39.684],[41.264,39.704],[41.28,39.73],[41.258,39.761],[41.225,39.771],[41.25,39.788],[41.281,39.799],[41.304,39.821],[41.319,39.849],[41.345,39.868],[41.359,39.895],[41.354,39.926],[41.376,39.958],[41.395,39.99],[41.401,40.023],[41.424,40.047],[41.456,40.079],[41.486,40.071],[41.519,40.104],[41.538,40.128],[41.554,40.158],[41.581,40.184],[41.611,40.195],[41.652,40.183],[41.68,40.163],[41.713,40.158],[41.748,40.166],[41.779,40.169],[41.823,40.142],[41.861,40.154],[41.894,40.154],[41.931,40.166],[41.956,40.199],[41.991,40.205],[42.027,40.221],[42.038,40.254],[42.066,40.272],[42.093,40.3],[42.113,40.323],[42.148,40.345],[42.188,40.337],[42.219,40.338],[42.254,40.342],[42.289,40.366],[42.323,40.375],[42.352,40.387],[42.395,40.374],[42.419,40.342],[42.448,40.351],[42.476,40.365],[42.501,40.387],[42.505,40.418],[42.488,40.443],[42.488,40.488],[42.508,40.518],[42.533,40.548],[42.544,40.579],[42.574,40.592],[42.588,40.621],[42.621,40.617],[42.625,40.652],[42.615,40.687],[42.605,40.718],[42.583,40.74],[42.566,40.769],[42.531,40.783],[42.521,40.788]]]}},{"type":"Feature","properties":{"HYBAS_ID":2040070060,"MAIN_BAS":2040070060,"NEXT_DOWN":0,"SUB_AREA":18917.6,"UP_AREA":18917.6,"ENDO":0},"geometry":{"type":"Polygon","coordinates":[[[49.111,38.938],[49.084,38.959],[49.106,38.984],[49.131,39.001],[49.159,39.028],[49.188,39.021],[49.179,38.99],[49.154,38.966],[49.131,38.942],[49.111,38.938]],[[48.108,38.788],[48.078,38.804],[48.047,38.813],[48.023,38.837],[47.994,38.846],[47.972,38.867],[47.94,38.867],[47.909,38.862],[47.878,38.821],[47.835,38.83],[47.805,38.852],[47.817,38.885],[47.829,38.933],[47.826,38.976],[47.808,39.012],[47.783,39.033],[47.808,39.065],[47.82,39.094],[47.814,39.125],[47.837,39.144],[47.842,39.177],[47.877,39.192],[47.911,39.201],[47.977,39.213],[47.992,39.248],[48.021,39.267],[48.002,39.292],[47.975,39.31],[47.962,39.34],[47.938,39.369],[47.906,39.392],[47.908,39.427],[47.926,39.457],[47.916,39.499],[47.935,39.524],[47.969,39.534],[47.97,39.582],[47.971,39.614],[47.991,39.656],[48.009,39.682],[48.013,39.715],[48.031,39.754],[48.056,39.771],[48.086,39.779],[48.117,39.775],[48.148,39.787],[48.178,39.792],[48.204,39.808],[48.24,39.784],[48.273,39.792],[48.301,39.805],[48.341,39.804],[48.383,39.787],[48.423,39.766],[48.457,39.758],[48.483,39.742],[48.505,39.721],[48.536,39.708],[48.57,39.705],[48.599,39.693],[48.614,39.72],[48.64,39.737],[48.669,39.717],[48.702,39.701],[48.787,39.687],[48.81,39.663],[48.825,39.625],[48.855,39.638],[48.883,39.606],[48.898,39.576],[48.931,39.566],[48.942,39.525],[48.934,39.494],[48.93,39.456],[48.9,39.445],[48.876,39.423],[48.847,39.401],[48.881,39.391],[48.91,39.38],[48.94,39.396],[48.971,39.408],[49.002,39.405],[49.033,39.396],[49.069,39.4],[49.095,39.381],[49.123,39.362],[49.156,39.363],[49.185,39.345],[49.216,39.346],[49.254,39.363],[49.32,39.362],[49.343,39.338],[49.365,39.317],[49.4,39.313],[49.429,39.295],[49.398,39.295],[49.369,39.304],[49.337,39.316],[49.323,39.345],[49.29,39.354],[49.261,39.346],[49.245,39.31],[49.241,39.269],[49.238,39.233],[49.233,39.169],[49.224,39.134],[49.195,39.118],[49.208,39.165],[49.179,39.174],[49.18,39.138],[49.123,39.13],[49.094,39.149],[49.08,39.177],[49.049,39.184],[49.077,39.196],[49.105,39.215],[49.138,39.232],[49.1,39.238],[49.07,39.226],[49.054,39.2],[49.019,39.191],[48.981,39.171],[48.958,39.152],[48.941,39.119],[48.942,39.088],[48.933,39.059],[48.942,39.023],[48.946,38.988],[48.933,38.952],[48.92,38.923],[48.903,38.892],[48.881,38.871],[48.833,38.863],[48.829,38.83],[48.841,38.798],[48.86,38.763],[48.871,38.702],[48.876,38.652],[48.875,38.6],[48.875,38.552],[48.883,38.519],[48.88,38.477],[48.883,38.446],[48.883,38.414],[48.879,38.381],[48.875,38.335],[48.884,38.273],[48.892,38.243],[48.896,38.206],[48.908,38.177],[48.916,38.135],[48.916,38.093],[48.917,38.06],[48.921,38.01],[48.933,37.982],[48.937,37.944],[48.934,37.902],[48.954,37.869],[48.974,37.844],[48.983,37.814],[48.984,37.781],[48.995,37.751],[49.013,37.723],[49.062,37.673],[49.086,37.654],[49.118,37.625],[49.143,37.609],[49.168,37.592],[49.198,37.575],[49.225,37.563],[49.252,37.55],[49.282,37.537],[49.315,37.525],[49.343,37.513],[49.377,37.504],[49.407,37.495],[49.444,37.487],[49.477,37.48],[49.527,37.475],[49.56,37.467],[49.607,37.466],[49.657,37.462],[49.702,37.458],[49.757,37.454],[49.815,37.45],[49.857,37.446],[49.885,37.462],[49.945,37.474],[49.911,37.451],[49.896,37.423],[49.892,37.39],[49.887,37.356],[49.866,37.334],[49.848,37.301],[49.818,37.295],[49.779,37.279],[49.763,37.248],[49.742,37.223],[49.719,37.204],[49.699,37.177],[49.687,37.138],[49.658,37.123],[49.638,37.09],[49.614,37.07],[49.588,37.048],[49.556,37.049],[49.529,37.063],[49.498,37.049],[49.473,37.033],[49.447,37.016],[49.419,37.001],[49.377,36.976],[49.33,36.962],[49.302,36.951],[49.263,36.954],[49.262,36.923],[49.239,36.896],[49.202,36.913],[49.171,36.927],[49.165,36.958],[49.133,36.967],[49.133,37.0],[49.109,37.022],[49.086,37.05],[49.055,37.056],[49.008,37.075],[48.987,37.108],[48.956,37.117],[48.923,37.145],[48.924,37.177],[48.911,37.204],[48.892,37.229],[48.871,37.26],[48.875,37.296],[48.848,37.309],[48.826,37.33],[48.809,37.361],[48.807,37.391],[48.775,37.41],[48.752,37.437],[48.729,37.461],[48.708,37.486],[48.688,37.508],[48.683,37.544],[48.68,37.581],[48.66,37.605],[48.631,37.617],[48.612,37.641],[48.601,37.669],[48.592,37.704],[48.628,37.713],[48.634,37.757],[48.619,37.787],[48.585,37.784],[48.562,37.822],[48.563,37.852],[48.558,37.884],[48.538,37.908],[48.565,37.934],[48.595,37.948],[48.601,37.981],[48.616,38.009],[48.63,38.049],[48.649,38.077],[48.658,38.11],[48.667,38.14],[48.683,38.169],[48.688,38.202],[48.691,38.253],[48.679,38.282],[48.679,38.313],[48.648,38.296],[48.61,38.301],[48.596,38.331],[48.577,38.358],[48.574,38.39],[48.567,38.425],[48.592,38.45],[48.57,38.478],[48.535,38.499],[48.509,38.523],[48.495,38.554],[48.459,38.563],[48.458,38.594],[48.423,38.612],[48.383,38.605],[48.345,38.595],[48.315,38.605],[48.296,38.635],[48.269,38.655],[48.249,38.696],[48.249,38.728],[48.206,38.742],[48.182,38.762],[48.139,38.767],[48.108,38.771],[48.108,38.788]],[[48.825,38.879],[48.857,38.88],[48.849,38.912],[48.881,38.916],[48.907,38.938],[48.908,38.981],[48.877,38.987],[48.855,38.965],[48.845,38.931],[48.83,38.902],[48.825,38.879]]]}},{"type":"Feature","properties":{"HYBAS_ID":2040070510,"MAIN_BAS":2040070510,"NEXT_DOWN":0,"SUB_AREA":58651.8,"UP_AREA":58651.8,"ENDO":0},"geometry":{"type":"Polygon","coordinates":[[[47.325,35.638],[47.312,35.67],[47.28,35.67],[47.244,35.68],[47.213,35.709],[47.188,35.686],[47.156,35.675],[47.119,35.683],[47.086,35.684],[47.056,35.67],[47.023,35.651],[46.981,35.663],[46.958,35.638],[46.927,35.613],[46.894,35.6],[46.867,35.619],[46.833,35.621],[46.822,35.591],[46.808,35.558],[46.776,35.537],[46.747,35.559],[46.742,35.594],[46.706,35.595],[46.696,35.627],[46.677,35.658],[46.648,35.641],[46.629,35.668],[46.621,35.702],[46.605,35.737],[46.635,35.738],[46.681,35.746],[46.7,35.777],[46.713,35.807],[46.709,35.838],[46.696,35.867],[46.705,35.899],[46.723,35.926],[46.717,35.956],[46.738,35.982],[46.75,36.011],[46.775,36.032],[46.792,36.058],[46.795,36.119],[46.792,36.149],[46.805,36.182],[46.801,36.215],[46.827,36.233],[46.858,36.229],[46.884,36.248],[46.912,36.268],[46.931,36.292],[46.969,36.309],[47.017,36.317],[47.043,36.288],[47.075,36.265],[47.106,36.259],[47.139,36.262],[47.176,36.258],[47.222,36.258],[47.249,36.272],[47.274,36.302],[47.28,36.336],[47.283,36.38],[47.3,36.408],[47.327,36.429],[47.358,36.444],[47.362,36.477],[47.338,36.502],[47.345,36.531],[47.33,36.56],[47.329,36.592],[47.342,36.631],[47.327,36.659],[47.3,36.686],[47.273,36.7],[47.242,36.719],[47.216,36.74],[47.2,36.767],[47.154,36.754],[47.12,36.754],[47.091,36.745],[47.067,36.725],[47.037,36.736],[47.002,36.749],[46.969,36.75],[46.949,36.777],[46.933,36.802],[46.916,36.831],[46.892,36.85],[46.896,36.885],[46.895,36.924],[46.888,36.957],[46.876,36.99],[46.839,37.017],[46.819,37.041],[46.825,37.071],[46.816,37.131],[46.8,37.159],[46.795,37.194],[46.764,37.209],[46.754,37.24],[46.735,37.267],[46.7,37.271],[46.705,37.311],[46.708,37.35],[46.691,37.375],[46.656,37.395],[46.638,37.421],[46.606,37.426],[46.583,37.445],[46.563,37.473],[46.549,37.506],[46.526,37.531],[46.508,37.556],[46.491,37.595],[46.474,37.624],[46.476,37.669],[46.48,37.702],[46.504,37.721],[46.529,37.742],[46.561,37.737],[46.611,37.746],[46.654,37.746],[46.685,37.741],[46.719,37.734],[46.756,37.729],[46.784,37.701],[46.813,37.688],[46.861,37.688],[46.891,37.69],[46.917,37.727],[46.93,37.761],[46.946,37.79],[46.973,37.809],[47.008,37.802],[47.035,37.787],[47.065,37.796],[47.098,37.8],[47.129,37.788],[47.165,37.774],[47.194,37.762],[47.223,37.754],[47.257,37.758],[47.294,37.758],[47.332,37.75],[47.364,37.758],[47.396,37.758],[47.427,37.762],[47.457,37.754],[47.494,37.75],[47.536,37.745],[47.565,37.738],[47.593,37.75],[47.629,37.75],[47.664,37.77],[47.694,37.787],[47.731,37.788],[47.766,37.799],[47.798,37.792],[47.852,37.801],[47.863,37.832],[47.895,37.856],[47.932,37.867],[47.969,37.871],[47.994,37.888],[48.029,37.879],[48.046,37.854],[48.083,37.855],[48.105,37.826],[48.137,37.824],[48.164,37.805],[48.196,37.779],[48.214,37.804],[48.234,37.84],[48.266,37.859],[48.294,37.879],[48.319,37.895],[48.377,37.896],[48.402,37.913],[48.436,37.909],[48.465,37.921],[48.496,37.925],[48.533,37.933],[48.548,37.905],[48.559,37.86],[48.57,37.831],[48.563,37.801],[48.59,37.783],[48.623,37.784],[48.633,37.729],[48.61,37.705],[48.588,37.683],[48.605,37.643],[48.627,37.62],[48.66,37.605],[48.68,37.581],[48.683,37.544],[48.688,37.508],[48.708,37.486],[48.729,37.461],[48.752,37.437],[48.775,37.41],[48.807,37.391],[48.809,37.361],[48.826,37.33],[48.848,37.309],[48.875,37.296],[48.87,37.265],[48.888,37.239],[48.902,37.209],[48.926,37.184],[48.908,37.159],[48.935,37.134],[48.962,37.116],[48.995,37.098],[49.031,37.074],[49.058,37.052],[49.093,37.042],[49.116,37.02],[49.133,36.993],[49.148,36.963],[49.171,36.927],[49.202,36.913],[49.232,36.904],[49.263,36.896],[49.255,36.931],[49.281,36.954],[49.328,36.955],[49.356,36.966],[49.394,36.991],[49.423,37.004],[49.456,37.024],[49.487,37.039],[49.517,37.054],[49.548,37.054],[49.588,37.046],[49.611,37.067],[49.638,37.09],[49.655,37.119],[49.681,37.137],[49.695,37.169],[49.712,37.198],[49.741,37.217],[49.761,37.242],[49.779,37.277],[49.81,37.291],[49.839,37.299],[49.865,37.317],[49.887,37.356],[49.892,37.39],[49.896,37.423],[49.911,37.451],[49.938,37.467],[49.93,37.427],[49.924,37.389],[49.922,37.359],[49.966,37.354],[49.987,37.327],[49.971,37.294],[49.934,37.248],[49.916,37.218],[49.892,37.19],[49.879,37.143],[49.862,37.11],[49.85,37.081],[49.859,37.043],[49.841,37.009],[49.842,36.976],[49.879,36.948],[49.885,36.917],[49.856,36.904],[49.826,36.891],[49.801,36.86],[49.82,36.837],[49.839,36.813],[49.851,36.777],[49.891,36.783],[49.912,36.749],[49.94,36.766],[49.971,36.763],[49.979,36.725],[50.012,36.716],[50.033,36.683],[50.065,36.683],[50.107,36.679],[50.138,36.675],[50.169,36.679],[50.206,36.676],[50.242,36.671],[50.273,36.68],[50.302,36.666],[50.329,36.648],[50.355,36.626],[50.368,36.596],[50.4,36.592],[50.428,36.574],[50.457,36.563],[50.493,36.555],[50.525,36.55],[50.569,36.541],[50.598,36.525],[50.627,36.521],[50.657,36.513],[50.686,36.52],[50.696,36.49],[50.719,36.463],[50.739,36.438],[50.775,36.438],[50.798,36.413],[50.823,36.395],[50.852,36.38],[50.879,36.361],[50.906,36.338],[50.936,36.333],[50.97,36.341],[51.0,36.311],[51.032,36.295],[51.061,36.279],[51.076,36.252],[51.088,36.223],[51.116,36.208],[51.149,36.195],[51.185,36.167],[51.175,36.139],[51.135,36.137],[51.097,36.137],[51.073,36.113],[51.042,36.108],[51.008,36.1],[50.977,36.109],[50.936,36.108],[50.904,36.113],[50.866,36.109],[50.827,36.095],[50.798,36.092],[50.768,36.105],[50.736,36.092],[50.683,36.1],[50.669,36.129],[50.638,36.143],[50.61,36.159],[50.573,36.179],[50.533,36.183],[50.513,36.209],[50.486,36.224],[50.456,36.234],[50.43,36.252],[50.421,36.283],[50.386,36.308],[50.359,36.334],[50.333,36.35],[50.302,36.355],[50.273,36.367],[50.238,36.383],[50.202,36.392],[50.172,36.409],[50.145,36.424],[50.122,36.447],[50.098,36.466],[50.065,36.458],[50.04,36.475],[50.001,36.484],[49.959,36.483],[49.926,36.492],[49.894,36.496],[49.854,36.483],[49.823,36.495],[49.798,36.467],[49.747,36.459],[49.696,36.475],[49.661,36.455],[49.627,36.429],[49.638,36.393],[49.621,36.361],[49.616,36.327],[49.589,36.308],[49.557,36.309],[49.523,36.305],[49.489,36.309],[49.455,36.312],[49.423,36.296],[49.391,36.283],[49.344,36.279],[49.313,36.268],[49.294,36.295],[49.267,36.314],[49.233,36.333],[49.211,36.358],[49.172,36.359],[49.151,36.385],[49.142,36.417],[49.11,36.43],[49.088,36.456],[49.075,36.486],[49.046,36.506],[49.015,36.52],[48.973,36.513],[48.98,36.481],[48.97,36.452],[48.944,36.433],[48.909,36.416],[48.892,36.386],[48.879,36.356],[48.87,36.32],[48.858,36.292],[48.825,36.288],[48.801,36.27],[48.781,36.238],[48.752,36.23],[48.721,36.229],[48.688,36.212],[48.669,36.184],[48.638,36.144],[48.615,36.117],[48.569,36.109],[48.538,36.125],[48.55,36.094],[48.57,36.056],[48.574,36.023],[48.562,35.985],[48.584,35.959],[48.595,35.927],[48.571,35.902],[48.589,35.876],[48.621,35.868],[48.649,35.837],[48.663,35.805],[48.732,35.783],[48.764,35.78],[48.788,35.755],[48.827,35.746],[48.86,35.738],[48.885,35.721],[48.897,35.693],[48.924,35.673],[48.911,35.642],[48.873,35.613],[48.844,35.596],[48.81,35.587],[48.786,35.563],[48.763,35.542],[48.723,35.555],[48.692,35.55],[48.658,35.554],[48.627,35.567],[48.598,35.584],[48.564,35.591],[48.524,35.587],[48.493,35.6],[48.46,35.584],[48.413,35.558],[48.392,35.531],[48.373,35.504],[48.376,35.463],[48.363,35.419],[48.34,35.396],[48.313,35.379],[48.292,35.352],[48.276,35.323],[48.271,35.29],[48.272,35.242],[48.271,35.183],[48.237,35.188],[48.209,35.166],[48.194,35.134],[48.175,35.108],[48.199,35.089],[48.187,35.039],[48.184,35.005],[48.163,34.982],[48.141,34.956],[48.142,34.904],[48.115,34.921],[48.08,34.942],[48.052,34.959],[48.02,34.962],[47.966,34.971],[47.946,34.944],[47.921,34.925],[47.885,34.937],[47.852,34.937],[47.822,34.947],[47.812,34.978],[47.805,35.01],[47.781,35.033],[47.756,35.054],[47.727,35.067],[47.689,35.067],[47.658,35.067],[47.617,35.075],[47.572,35.084],[47.539,35.092],[47.52,35.064],[47.478,35.046],[47.444,35.045],[47.419,35.063],[47.385,35.063],[47.352,35.062],[47.313,35.067],[47.317,35.098],[47.298,35.124],[47.267,35.138],[47.223,35.129],[47.19,35.158],[47.154,35.154],[47.137,35.182],[47.153,35.213],[47.163,35.25],[47.162,35.282],[47.146,35.31],[47.126,35.338],[47.133,35.368],[47.142,35.398],[47.155,35.436],[47.181,35.454],[47.211,35.471],[47.237,35.51],[47.258,35.535],[47.28,35.561],[47.3,35.583],[47.333,35.6],[47.326,35.631],[47.325,35.638]]]}},{"type":"Feature","properties":{"HYBAS_ID":2040070520,"MAIN_BAS":2040070520,"NEXT_DOWN":0,"SUB_AREA":27965.1,"UP_AREA":27965.1,"ENDO":0},"geometry":{"type":"Polygon","coordinates":[[[54.717,36.604],[54.685,36.592],[54.643,36.608],[54.633,36.576],[54.572,36.574],[54.571,36.521],[54.535,36.52],[54.477,36.521],[54.44,36.513],[54.398,36.509],[54.365,36.505],[54.314,36.491],[54.271,36.483],[54.238,36.488],[54.206,36.504],[54.177,36.496],[54.144,36.504],[54.115,36.492],[54.085,36.476],[54.052,36.459],[54.018,36.458],[54.03,36.425],[53.976,36.408],[53.971,36.356],[53.979,36.327],[53.948,36.317],[53.919,36.329],[53.891,36.309],[53.867,36.279],[53.911,36.267],[53.942,36.263],[53.915,36.242],[53.885,36.229],[53.857,36.209],[53.831,36.188],[53.806,36.17],[53.784,36.149],[53.735,36.137],[53.704,36.125],[53.673,36.113],[53.648,36.092],[53.619,36.059],[53.617,36.018],[53.665,36.012],[53.667,35.975],[53.635,35.97],[53.607,35.955],[53.568,35.945],[53.528,35.958],[53.498,35.946],[53.459,35.951],[53.409,35.963],[53.38,35.952],[53.392,35.91],[53.388,35.875],[53.377,35.845],[53.348,35.821],[53.315,35.813],[53.277,35.788],[53.238,35.77],[53.213,35.749],[53.183,35.751],[53.146,35.738],[53.126,35.76],[53.11,35.787],[53.081,35.804],[53.051,35.815],[53.027,35.845],[52.998,35.854],[52.973,35.834],[52.934,35.834],[52.903,35.841],[52.901,35.878],[52.866,35.899],[52.85,35.925],[52.789,35.93],[52.759,35.948],[52.714,35.95],[52.664,35.945],[52.629,35.95],[52.592,35.942],[52.548,35.946],[52.515,35.938],[52.483,35.938],[52.443,35.933],[52.417,35.916],[52.412,35.885],[52.388,35.846],[52.323,35.83],[52.292,35.823],[52.28,35.794],[52.275,35.763],[52.244,35.762],[52.215,35.77],[52.186,35.779],[52.139,35.78],[52.106,35.788],[52.077,35.8],[52.052,35.78],[52.014,35.788],[51.987,35.802],[51.974,35.833],[51.944,35.83],[51.914,35.846],[51.885,35.859],[51.853,35.845],[51.814,35.855],[51.785,35.863],[51.752,35.884],[51.72,35.903],[51.69,35.908],[51.656,35.921],[51.677,35.95],[51.7,35.992],[51.677,36.016],[51.644,36.024],[51.598,36.042],[51.569,36.054],[51.573,36.084],[51.539,36.105],[51.507,36.116],[51.476,36.126],[51.458,36.154],[51.427,36.162],[51.395,36.158],[51.365,36.163],[51.331,36.154],[51.298,36.155],[51.256,36.171],[51.226,36.17],[51.194,36.166],[51.151,36.18],[51.122,36.195],[51.093,36.213],[51.08,36.244],[51.069,36.275],[51.04,36.291],[51.011,36.304],[50.98,36.331],[50.948,36.337],[50.913,36.333],[50.883,36.346],[50.87,36.374],[50.841,36.391],[50.809,36.4],[50.776,36.43],[50.744,36.437],[50.719,36.463],[50.696,36.49],[50.686,36.52],[50.657,36.513],[50.627,36.521],[50.598,36.525],[50.569,36.541],[50.536,36.55],[50.502,36.554],[50.477,36.57],[50.448,36.562],[50.419,36.576],[50.393,36.592],[50.356,36.6],[50.35,36.632],[50.316,36.662],[50.285,36.671],[50.251,36.674],[50.219,36.676],[50.174,36.674],[50.142,36.672],[50.11,36.675],[50.069,36.679],[50.033,36.683],[50.037,36.716],[50.006,36.72],[49.979,36.75],[49.946,36.762],[49.915,36.751],[49.891,36.783],[49.854,36.767],[49.845,36.801],[49.821,36.831],[49.792,36.842],[49.809,36.87],[49.835,36.892],[49.866,36.908],[49.892,36.925],[49.862,36.966],[49.846,36.992],[49.855,37.024],[49.85,37.06],[49.858,37.089],[49.863,37.123],[49.88,37.165],[49.904,37.202],[49.921,37.227],[49.962,37.277],[49.979,37.302],[49.98,37.335],[49.927,37.355],[49.921,37.386],[49.926,37.419],[49.945,37.444],[49.977,37.433],[50.006,37.42],[50.04,37.412],[50.073,37.405],[50.106,37.404],[50.14,37.399],[50.177,37.391],[50.205,37.373],[50.226,37.34],[50.23,37.306],[50.245,37.277],[50.257,37.249],[50.271,37.217],[50.284,37.185],[50.301,37.156],[50.323,37.134],[50.348,37.117],[50.382,37.103],[50.406,37.083],[50.431,37.066],[50.46,37.046],[50.486,37.024],[50.514,37.009],[50.548,36.995],[50.577,36.983],[50.602,36.966],[50.631,36.954],[50.662,36.941],[50.689,36.909],[50.723,36.895],[50.752,36.884],[50.785,36.867],[50.815,36.854],[50.844,36.841],[50.873,36.829],[50.902,36.809],[50.931,36.795],[50.96,36.78],[50.989,36.767],[51.023,36.758],[51.052,36.746],[51.083,36.738],[51.114,36.73],[51.148,36.725],[51.194,36.716],[51.248,36.708],[51.281,36.7],[51.348,36.695],[51.388,36.692],[51.425,36.688],[51.454,36.675],[51.486,36.666],[51.523,36.651],[51.561,36.641],[51.59,36.629],[51.618,36.613],[51.648,36.605],[51.69,36.6],[51.723,36.592],[51.769,36.591],[51.819,36.587],[51.852,36.579],[51.908,36.575],[51.973,36.575],[52.007,36.58],[52.039,36.587],[52.082,36.592],[52.117,36.6],[52.146,36.608],[52.186,36.617],[52.215,36.625],[52.244,36.634],[52.277,36.642],[52.315,36.651],[52.352,36.659],[52.39,36.667],[52.423,36.676],[52.457,36.684],[52.494,36.688],[52.525,36.692],[52.557,36.705],[52.602,36.705],[52.642,36.713],[52.677,36.717],[52.708,36.725],[52.742,36.729],[52.786,36.734],[52.823,36.742],[52.865,36.75],[52.902,36.759],[52.936,36.767],[52.967,36.775],[53.002,36.784],[53.032,36.792],[53.063,36.8],[53.094,36.812],[53.123,36.817],[53.167,36.825],[53.211,36.834],[53.246,36.842],[53.25,36.81],[53.251,36.772],[53.267,36.74],[53.304,36.69],[53.305,36.655],[53.344,36.645],[53.383,36.638],[53.417,36.625],[53.448,36.625],[53.481,36.625],[53.514,36.62],[53.556,36.626],[53.592,36.634],[53.623,36.633],[53.671,36.638],[53.702,36.641],[53.748,36.645],[53.787,36.653],[53.811,36.633],[53.904,36.638],[53.936,36.641],[53.987,36.642],[54.032,36.646],[54.082,36.663],[54.129,36.663],[54.16,36.666],[54.194,36.671],[54.225,36.675],[54.256,36.667],[54.286,36.659],[54.32,36.662],[54.352,36.654],[54.38,36.639],[54.41,36.625],[54.444,36.621],[54.473,36.638],[54.498,36.658],[54.532,36.675],[54.558,36.657],[54.59,36.633],[54.623,36.634],[54.661,36.637],[54.689,36.625],[54.717,36.613],[54.717,36.604]]]}},{"type":"Feature","properties":{"HYBAS_ID":2040816870,"MAIN_BAS":2040073570,"NEXT_DOWN":2040828780,"SUB_AREA":50661.6,"UP_AREA":50661.6,"ENDO":0},"geometry":{"type":"Polygon","coordinates":[[[46.375,34.117],[46.348,34.142],[46.333,34.169],[46.302,34.191],[46.269,34.204],[46.231,34.209],[46.198,34.213],[46.171,34.239],[46.136,34.279],[46.133,34.31],[46.142,34.34],[46.182,34.35],[46.231,34.333],[46.256,34.313],[46.279,34.333],[46.312,34.335],[46.331,34.305],[46.358,34.285],[46.387,34.276],[46.418,34.279],[46.446,34.26],[46.473,34.237],[46.513,34.233],[46.525,34.264],[46.552,34.28],[46.554,34.313],[46.54,34.35],[46.515,34.366],[46.509,34.402],[46.522,34.437],[46.486,34.483],[46.483,34.527],[46.467,34.556],[46.477,34.587],[46.452,34.608],[46.421,34.613],[46.403,34.641],[46.368,34.655],[46.384,34.682],[46.384,34.714],[46.423,34.712],[46.453,34.704],[46.479,34.723],[46.508,34.738],[46.537,34.759],[46.575,34.779],[46.584,34.815],[46.582,34.849],[46.559,34.869],[46.594,34.883],[46.619,34.866],[46.652,34.866],[46.682,34.858],[46.723,34.846],[46.758,34.877],[46.783,34.895],[46.828,34.892],[46.842,34.921],[46.877,34.916],[46.898,34.891],[46.931,34.892],[46.964,34.891],[46.994,34.883],[47.052,34.866],[47.076,34.843],[47.101,34.821],[47.13,34.805],[47.16,34.796],[47.194,34.792],[47.232,34.796],[47.263,34.804],[47.284,34.781],[47.302,34.746],[47.338,34.743],[47.375,34.758],[47.395,34.784],[47.4,34.827],[47.431,34.841],[47.498,34.845],[47.527,34.837],[47.556,34.858],[47.588,34.867],[47.618,34.867],[47.648,34.859],[47.685,34.846],[47.708,34.82],[47.727,34.791],[47.756,34.78],[47.833,34.775],[47.877,34.783],[47.911,34.799],[47.943,34.812],[47.958,34.846],[47.93,34.856],[47.912,34.893],[47.921,34.925],[47.946,34.944],[47.966,34.971],[48.01,34.97],[48.048,34.962],[48.079,34.952],[48.102,34.929],[48.131,34.905],[48.144,34.876],[48.174,34.856],[48.184,34.827],[48.197,34.792],[48.229,34.792],[48.258,34.782],[48.287,34.758],[48.327,34.755],[48.358,34.767],[48.396,34.758],[48.441,34.706],[48.474,34.681],[48.496,34.658],[48.516,34.627],[48.546,34.608],[48.594,34.596],[48.627,34.595],[48.663,34.592],[48.691,34.569],[48.719,34.555],[48.757,34.541],[48.798,34.52],[48.8,34.489],[48.819,34.458],[48.852,34.462],[48.885,34.442],[48.908,34.413],[48.945,34.399],[48.964,34.371],[48.994,34.346],[49.016,34.32],[49.039,34.301],[49.065,34.283],[49.088,34.259],[49.116,34.231],[49.124,34.202],[49.1,34.177],[49.116,34.149],[49.131,34.121],[49.162,34.108],[49.144,34.083],[49.115,34.055],[49.094,34.029],[49.075,34.004],[49.088,33.975],[49.096,33.934],[49.091,33.892],[49.079,33.848],[49.043,33.83],[49.013,33.848],[48.995,33.873],[48.965,33.891],[48.931,33.892],[48.906,33.909],[48.887,33.952],[48.869,33.987],[48.846,34.01],[48.837,34.041],[48.806,34.049],[48.776,34.059],[48.758,34.09],[48.732,34.12],[48.686,34.096],[48.656,34.084],[48.637,34.06],[48.608,34.046],[48.579,34.037],[48.548,34.034],[48.521,34.016],[48.513,33.985],[48.49,33.963],[48.481,33.93],[48.51,33.9],[48.488,33.877],[48.507,33.854],[48.52,33.814],[48.521,33.756],[48.552,33.746],[48.586,33.755],[48.619,33.758],[48.642,33.735],[48.663,33.709],[48.68,33.684],[48.716,33.648],[48.735,33.609],[48.769,33.608],[48.802,33.591],[48.825,33.564],[48.852,33.542],[48.886,33.537],[48.919,33.53],[48.946,33.488],[48.978,33.478],[48.967,33.448],[48.946,33.425],[48.898,33.42],[48.875,33.389],[48.844,33.391],[48.815,33.404],[48.786,33.412],[48.744,33.408],[48.713,33.396],[48.68,33.365],[48.654,33.335],[48.631,33.312],[48.609,33.273],[48.577,33.275],[48.543,33.284],[48.524,33.258],[48.481,33.263],[48.45,33.267],[48.434,33.239],[48.407,33.213],[48.404,33.182],[48.395,33.141],[48.408,33.113],[48.379,33.1],[48.375,33.064],[48.408,33.044],[48.416,33.013],[48.4,32.988],[48.368,32.996],[48.338,32.981],[48.313,32.961],[48.279,32.958],[48.249,32.963],[48.229,32.939],[48.216,32.911],[48.184,32.891],[48.195,32.861],[48.212,32.83],[48.199,32.794],[48.188,32.761],[48.183,32.72],[48.204,32.698],[48.213,32.668],[48.213,32.636],[48.2,32.606],[48.187,32.573],[48.184,32.527],[48.203,32.503],[48.221,32.477],[48.224,32.431],[48.209,32.402],[48.2,32.368],[48.224,32.345],[48.242,32.314],[48.259,32.289],[48.249,32.258],[48.27,32.236],[48.287,32.211],[48.279,32.173],[48.25,32.144],[48.254,32.113],[48.259,32.073],[48.283,32.048],[48.296,32.018],[48.308,31.99],[48.312,31.952],[48.344,31.954],[48.383,31.946],[48.411,31.933],[48.439,31.917],[48.433,31.885],[48.438,31.851],[48.475,31.807],[48.489,31.78],[48.516,31.761],[48.533,31.733],[48.559,31.717],[48.591,31.711],[48.606,31.684],[48.637,31.673],[48.642,31.635],[48.633,31.606],[48.606,31.587],[48.608,31.548],[48.595,31.519],[48.559,31.516],[48.536,31.496],[48.516,31.524],[48.492,31.502],[48.472,31.476],[48.487,31.44],[48.458,31.429],[48.463,31.398],[48.463,31.363],[48.434,31.34],[48.413,31.317],[48.383,31.31],[48.365,31.284],[48.351,31.252],[48.354,31.214],[48.314,31.205],[48.281,31.213],[48.244,31.209],[48.217,31.19],[48.197,31.159],[48.15,31.15],[48.119,31.155],[48.092,31.136],[48.061,31.158],[48.03,31.159],[48.02,31.19],[47.989,31.192],[47.955,31.182],[47.954,31.148],[47.943,31.113],[47.949,31.071],[47.923,31.051],[47.889,31.028],[47.861,31.013],[47.827,31.016],[47.837,30.984],[47.806,30.984],[47.769,30.983],[47.736,30.976],[47.709,30.958],[47.685,30.938],[47.627,30.942],[47.585,30.951],[47.552,30.95],[47.522,30.959],[47.488,30.981],[47.475,31.01],[47.474,31.094],[47.492,31.123],[47.499,31.165],[47.507,31.195],[47.5,31.227],[47.488,31.256],[47.498,31.287],[47.517,31.31],[47.521,31.349],[47.542,31.381],[47.558,31.41],[47.581,31.43],[47.616,31.419],[47.645,31.438],[47.67,31.469],[47.744,31.488],[47.771,31.502],[47.784,31.532],[47.792,31.567],[47.804,31.596],[47.833,31.589],[47.851,31.617],[47.885,31.608],[47.919,31.604],[47.958,31.586],[47.987,31.57],[48.014,31.546],[48.044,31.554],[48.082,31.545],[48.101,31.57],[48.152,31.579],[48.183,31.58],[48.215,31.584],[48.239,31.604],[48.273,31.605],[48.304,31.59],[48.337,31.583],[48.355,31.555],[48.383,31.542],[48.396,31.573],[48.38,31.601],[48.375,31.632],[48.388,31.66],[48.388,31.703],[48.355,31.723],[48.325,31.733],[48.325,31.775],[48.302,31.795],[48.273,31.808],[48.223,31.817],[48.173,31.821],[48.127,31.812],[48.098,31.821],[48.069,31.838],[48.054,31.869],[48.03,31.889],[48.008,31.915],[47.993,31.942],[47.967,31.973],[47.958,32.004],[47.938,32.043],[47.914,32.067],[47.935,32.091],[47.949,32.131],[47.927,32.158],[47.899,32.178],[47.874,32.197],[47.884,32.227],[47.892,32.26],[47.867,32.285],[47.844,32.305],[47.814,32.326],[47.783,32.329],[47.767,32.356],[47.742,32.38],[47.766,32.401],[47.78,32.432],[47.802,32.454],[47.844,32.47],[47.884,32.454],[47.895,32.491],[47.869,32.513],[47.844,32.53],[47.819,32.549],[47.783,32.57],[47.76,32.592],[47.728,32.628],[47.696,32.633],[47.696,32.664],[47.696,32.702],[47.684,32.731],[47.669,32.758],[47.65,32.804],[47.627,32.825],[47.598,32.841],[47.567,32.86],[47.593,32.887],[47.623,32.896],[47.638,32.923],[47.65,32.952],[47.623,32.966],[47.594,32.979],[47.564,32.992],[47.539,33.009],[47.492,33.017],[47.46,33.025],[47.431,33.038],[47.402,33.05],[47.364,33.055],[47.331,33.063],[47.3,33.075],[47.268,33.088],[47.244,33.108],[47.217,33.125],[47.194,33.158],[47.165,33.175],[47.135,33.188],[47.106,33.204],[47.077,33.213],[47.043,33.225],[47.013,33.238],[46.986,33.254],[46.956,33.267],[46.93,33.284],[46.902,33.312],[46.873,33.33],[46.844,33.354],[46.811,33.375],[46.786,33.391],[46.757,33.404],[46.727,33.409],[46.689,33.417],[46.661,33.437],[46.641,33.462],[46.631,33.495],[46.637,33.527],[46.628,33.557],[46.604,33.581],[46.583,33.606],[46.556,33.633],[46.523,33.634],[46.494,33.645],[46.461,33.67],[46.455,33.705],[46.427,33.73],[46.42,33.761],[46.393,33.797],[46.367,33.827],[46.344,33.849],[46.327,33.879],[46.308,33.902],[46.309,33.938],[46.296,33.973],[46.292,34.004],[46.305,34.04],[46.32,34.068],[46.352,34.062],[46.381,34.049],[46.41,34.026],[46.44,34.012],[46.47,34.005],[46.456,34.033],[46.437,34.058],[46.406,34.076],[46.372,34.092],[46.375,34.117]]]}},{"type":"Feature","properties":{"HYBAS_ID":2040816320,"MAIN_BAS":2040073570,"NEXT_DOWN":2040816860,"SUB_AREA":221324.6,"UP_AREA":221327.0,"ENDO":0},"geometry":{"type":"Polygon","coordinates":[[[47.004,31.771],[46.959,31.758],[46.942,31.731],[46.955,31.702],[46.926,31.715],[46.933,31.749],[46.883,31.751],[46.852,31.758],[46.821,31.74],[46.79,31.737],[46.744,31.746],[46.719,31.763],[46.695,31.786],[46.663,31.797],[46.622,31.817],[46.612,31.852],[46.584,31.84],[46.552,31.85],[46.529,31.873],[46.502,31.887],[46.477,31.908],[46.448,31.925],[46.413,31.925],[46.384,31.947],[46.374,31.978],[46.346,31.998],[46.33,32.023],[46.324,32.069],[46.313,32.1],[46.3,32.135],[46.3,32.168],[46.296,32.2],[46.258,32.207],[46.237,32.236],[46.204,32.258],[46.166,32.262],[46.154,32.294],[46.133,32.326],[46.114,32.35],[46.086,32.366],[46.083,32.398],[46.091,32.432],[46.073,32.459],[46.039,32.471],[46.006,32.466],[45.976,32.468],[45.97,32.512],[45.945,32.493],[45.917,32.475],[45.885,32.491],[45.856,32.479],[45.827,32.462],[45.794,32.458],[45.761,32.462],[45.727,32.463],[45.704,32.485],[45.678,32.516],[45.644,32.501],[45.621,32.475],[45.589,32.492],[45.555,32.484],[45.523,32.492],[45.492,32.506],[45.466,32.524],[45.432,32.537],[45.397,32.542],[45.374,32.565],[45.379,32.598],[45.344,32.608],[45.31,32.591],[45.279,32.571],[45.248,32.558],[45.218,32.554],[45.186,32.559],[45.157,32.546],[45.129,32.529],[45.092,32.542],[45.051,32.53],[45.021,32.577],[45.013,32.607],[45.024,32.639],[45.012,32.673],[44.999,32.703],[44.977,32.726],[44.928,32.77],[44.902,32.792],[44.869,32.792],[44.835,32.801],[44.801,32.822],[44.773,32.849],[44.747,32.868],[44.738,32.9],[44.717,32.923],[44.693,32.941],[44.681,32.97],[44.65,32.972],[44.629,32.998],[44.602,33.013],[44.578,32.988],[44.542,33.001],[44.549,33.03],[44.521,33.056],[44.494,33.079],[44.464,33.092],[44.445,33.119],[44.413,33.12],[44.376,33.124],[44.366,33.167],[44.335,33.162],[44.305,33.172],[44.273,33.188],[44.249,33.208],[44.218,33.221],[44.208,33.252],[44.183,33.291],[44.152,33.3],[44.113,33.306],[44.079,33.317],[44.063,33.291],[44.038,33.269],[44.024,33.24],[43.998,33.221],[43.969,33.238],[43.932,33.245],[43.943,33.278],[43.955,33.306],[43.924,33.324],[43.895,33.341],[43.87,33.366],[43.835,33.346],[43.8,33.363],[43.773,33.383],[43.744,33.391],[43.714,33.405],[43.682,33.429],[43.648,33.434],[43.633,33.47],[43.645,33.498],[43.662,33.544],[43.64,33.566],[43.621,33.594],[43.594,33.608],[43.566,33.624],[43.538,33.647],[43.529,33.677],[43.539,33.708],[43.563,33.733],[43.59,33.754],[43.624,33.758],[43.647,33.734],[43.678,33.716],[43.708,33.73],[43.717,33.762],[43.743,33.779],[43.777,33.795],[43.804,33.819],[43.817,33.848],[43.805,33.881],[43.809,33.914],[43.8,33.944],[43.803,33.991],[43.784,34.023],[43.783,34.056],[43.801,34.088],[43.788,34.119],[43.792,34.153],[43.771,34.177],[43.745,34.198],[43.721,34.223],[43.734,34.252],[43.737,34.291],[43.713,34.323],[43.69,34.345],[43.674,34.377],[43.657,34.403],[43.629,34.421],[43.606,34.445],[43.579,34.458],[43.562,34.495],[43.57,34.539],[43.567,34.579],[43.545,34.603],[43.502,34.629],[43.469,34.654],[43.449,34.681],[43.422,34.701],[43.416,34.731],[43.441,34.76],[43.45,34.804],[43.429,34.828],[43.402,34.846],[43.387,34.877],[43.376,34.906],[43.371,34.938],[43.354,34.963],[43.328,34.978],[43.326,35.012],[43.32,35.044],[43.296,35.069],[43.276,35.094],[43.291,35.131],[43.323,35.17],[43.346,35.192],[43.325,35.214],[43.317,35.246],[43.29,35.275],[43.26,35.288],[43.232,35.312],[43.196,35.343],[43.173,35.363],[43.144,35.395],[43.121,35.417],[43.09,35.441],[43.063,35.456],[43.045,35.486],[43.027,35.512],[43.008,35.538],[42.988,35.564],[42.975,35.592],[42.962,35.619],[42.945,35.644],[42.954,35.681],[42.916,35.72],[42.924,35.752],[42.937,35.781],[42.949,35.81],[42.971,35.833],[42.939,35.846],[42.912,35.861],[42.887,35.892],[42.887,35.932],[42.855,35.959],[42.87,35.985],[42.898,36.0],[42.932,35.995],[42.975,35.996],[42.962,36.027],[42.93,36.055],[42.918,36.088],[42.893,36.113],[42.852,36.15],[42.823,36.163],[42.793,36.18],[42.77,36.223],[42.739,36.242],[42.717,36.263],[42.699,36.295],[42.667,36.304],[42.639,36.317],[42.602,36.325],[42.573,36.342],[42.548,36.359],[42.517,36.371],[42.491,36.394],[42.461,36.42],[42.43,36.43],[42.393,36.438],[42.367,36.46],[42.345,36.486],[42.296,36.488],[42.266,36.491],[42.223,36.499],[42.192,36.492],[42.166,36.464],[42.127,36.45],[42.08,36.415],[42.042,36.413],[42.037,36.453],[42.042,36.485],[42.037,36.559],[42.046,36.615],[42.07,36.643],[42.071,36.681],[42.07,36.748],[42.067,36.789],[42.071,36.882],[42.1,36.914],[42.123,36.937],[42.137,36.964],[42.145,36.994],[42.15,37.027],[42.138,37.058],[42.104,37.075],[42.077,37.095],[42.036,37.105],[42.002,37.108],[41.971,37.123],[41.954,37.148],[41.923,37.174],[41.895,37.192],[41.909,37.238],[41.873,37.27],[41.844,37.258],[41.813,37.254],[41.769,37.263],[41.753,37.291],[41.716,37.305],[41.685,37.304],[41.644,37.299],[41.602,37.312],[41.578,37.292],[41.549,37.281],[41.531,37.255],[41.498,37.225],[41.473,37.209],[41.454,37.231],[41.437,37.266],[41.406,37.283],[41.388,37.308],[41.356,37.312],[41.322,37.334],[41.291,37.359],[41.255,37.385],[41.262,37.414],[41.225,37.438],[41.209,37.481],[41.199,37.515],[41.173,37.533],[41.154,37.56],[41.114,37.566],[41.084,37.561],[41.061,37.525],[41.029,37.521],[41.042,37.489],[41.042,37.45],[41.01,37.438],[40.98,37.429],[40.942,37.416],[40.921,37.39],[40.901,37.365],[40.849,37.376],[40.813,37.376],[40.772,37.379],[40.731,37.388],[40.673,37.392],[40.639,37.387],[40.606,37.375],[40.575,37.371],[40.575,37.338],[40.552,37.317],[40.518,37.32],[40.485,37.326],[40.452,37.32],[40.419,37.33],[40.389,37.338],[40.348,37.338],[40.325,37.36],[40.305,37.385],[40.281,37.404],[40.263,37.431],[40.251,37.463],[40.227,37.483],[40.194,37.487],[40.131,37.479],[40.102,37.488],[40.072,37.491],[40.036,37.504],[40.006,37.513],[39.977,37.521],[39.952,37.541],[39.925,37.564],[39.894,37.57],[39.863,37.579],[39.849,37.612],[39.838,37.65],[39.85,37.679],[39.83,37.705],[39.82,37.736],[39.786,37.766],[39.748,37.771],[39.715,37.775],[39.673,37.784],[39.654,37.811],[39.654,37.844],[39.641,37.877],[39.65,37.907],[39.681,37.912],[39.688,37.944],[39.691,37.977],[39.661,37.983],[39.64,38.008],[39.617,38.031],[39.612,38.066],[39.622,38.099],[39.645,38.123],[39.669,38.154],[39.651,38.194],[39.621,38.209],[39.641,38.239],[39.637,38.269],[39.613,38.288],[39.617,38.333],[39.585,38.333],[39.553,38.338],[39.527,38.355],[39.513,38.392],[39.483,38.381],[39.445,38.38],[39.42,38.362],[39.388,38.368],[39.361,38.412],[39.327,38.405],[39.287,38.409],[39.252,38.392],[39.219,38.396],[39.173,38.399],[39.139,38.391],[39.142,38.424],[39.181,38.437],[39.215,38.445],[39.248,38.455],[39.281,38.483],[39.304,38.504],[39.356,38.508],[39.389,38.52],[39.42,38.543],[39.444,38.563],[39.475,38.554],[39.506,38.542],[39.536,38.555],[39.571,38.567],[39.588,38.531],[39.619,38.521],[39.648,38.496],[39.682,38.505],[39.715,38.521],[39.739,38.541],[39.769,38.554],[39.798,38.563],[39.862,38.57],[39.898,38.583],[39.948,38.588],[39.981,38.584],[40.011,38.596],[40.033,38.623],[40.069,38.637],[40.099,38.651],[40.128,38.67],[40.17,38.677],[40.202,38.671],[40.23,38.699],[40.257,38.721],[40.293,38.709],[40.327,38.696],[40.36,38.7],[40.39,38.687],[40.427,38.68],[40.461,38.675],[40.494,38.675],[40.54,38.683],[40.604,38.675],[40.65,38.667],[40.673,38.687],[40.697,38.708],[40.741,38.712],[40.771,38.717],[40.798,38.733],[40.832,38.733],[40.865,38.72],[40.895,38.702],[40.927,38.692],[40.958,38.688],[40.991,38.68],[41.023,38.68],[41.053,38.693],[41.088,38.708],[41.112,38.687],[41.144,38.695],[41.174,38.702],[41.202,38.716],[41.227,38.737],[41.26,38.73],[41.304,38.717],[41.329,38.696],[41.361,38.675],[41.398,38.68],[41.432,38.67],[41.469,38.67],[41.491,38.644],[41.587,38.616],[41.631,38.608],[41.665,38.604],[41.698,38.616],[41.732,38.612],[41.765,38.609],[41.795,38.601],[41.832,38.595],[41.854,38.573],[41.854,38.54],[41.883,38.528],[41.905,38.508],[41.935,38.516],[41.969,38.516],[42.0,38.529],[42.033,38.515],[42.05,38.49],[42.074,38.47],[42.107,38.47],[42.137,38.485],[42.177,38.487],[42.206,38.471],[42.225,38.446],[42.258,38.455],[42.295,38.449],[42.301,38.414],[42.324,38.39],[42.354,38.375],[42.386,38.384],[42.417,38.4],[42.457,38.409],[42.473,38.437],[42.517,38.442],[42.55,38.414],[42.564,38.384],[42.595,38.398],[42.61,38.424],[42.644,38.43],[42.677,38.42],[42.715,38.425],[42.752,38.42],[42.78,38.393],[42.788,38.364],[42.788,38.325],[42.819,38.316],[42.85,38.298],[42.821,38.257],[42.808,38.229],[42.84,38.22],[42.868,38.205],[42.894,38.188],[42.933,38.188],[42.966,38.184],[42.998,38.18],[43.031,38.163],[43.086,38.145],[43.109,38.181],[43.132,38.204],[43.169,38.199],[43.199,38.182],[43.241,38.163],[43.269,38.191],[43.315,38.2],[43.348,38.2],[43.378,38.205],[43.411,38.204],[43.44,38.216],[43.473,38.217],[43.537,38.216],[43.569,38.199],[43.598,38.187],[43.613,38.161],[43.613,38.129],[43.6,38.1],[43.648,38.079],[43.666,38.044],[43.691,38.015],[43.704,37.973],[43.701,37.943],[43.731,37.917],[43.764,37.909],[43.787,37.932],[43.804,37.968],[43.826,37.99],[43.829,38.024],[43.85,38.048],[43.871,38.071],[43.895,38.092],[43.891,38.134],[43.92,38.155],[43.917,38.195],[43.949,38.195],[43.969,38.22],[44.002,38.229],[44.029,38.248],[44.046,38.275],[44.077,38.288],[44.104,38.304],[44.124,38.334],[44.158,38.346],[44.202,38.33],[44.24,38.326],[44.27,38.338],[44.303,38.342],[44.328,38.363],[44.365,38.376],[44.394,38.363],[44.423,38.374],[44.456,38.371],[44.481,38.355],[44.508,38.342],[44.501,38.309],[44.465,38.288],[44.437,38.271],[44.411,38.255],[44.396,38.227],[44.401,38.197],[44.391,38.168],[44.381,38.138],[44.354,38.124],[44.34,38.096],[44.321,38.069],[44.298,38.03],[44.271,38.011],[44.242,37.969],[44.251,37.938],[44.234,37.894],[44.258,37.869],[44.29,37.874],[44.323,37.876],[44.369,37.866],[44.398,37.854],[44.392,37.822],[44.424,37.803],[44.445,37.777],[44.422,37.758],[44.381,37.741],[44.354,37.759],[44.323,37.754],[44.308,37.725],[44.344,37.713],[44.385,37.696],[44.419,37.688],[44.448,37.667],[44.47,37.631],[44.477,37.601],[44.474,37.562],[44.47,37.525],[44.499,37.499],[44.519,37.476],[44.548,37.467],[44.587,37.462],[44.608,37.437],[44.637,37.427],[44.655,37.402],[44.681,37.384],[44.719,37.376],[44.735,37.346],[44.765,37.333],[44.793,37.313],[44.817,37.284],[44.804,37.254],[44.761,37.234],[44.763,37.198],[44.788,37.163],[44.769,37.138],[44.766,37.106],[44.784,37.076],[44.804,37.046],[44.84,37.046],[44.881,37.033],[44.904,37.008],[44.895,36.977],[44.888,36.947],[44.91,36.926],[44.937,36.904],[44.955,36.873],[44.986,36.871],[45.027,36.867],[45.077,36.858],[45.108,36.842],[45.135,36.855],[45.178,36.859],[45.206,36.876],[45.24,36.871],[45.259,36.842],[45.292,36.842],[45.332,36.854],[45.355,36.831],[45.383,36.807],[45.415,36.787],[45.461,36.77],[45.502,36.763],[45.533,36.748],[45.53,36.702],[45.527,36.667],[45.498,36.658],[45.464,36.649],[45.434,36.615],[45.448,36.584],[45.47,36.557],[45.459,36.525],[45.473,36.496],[45.467,36.463],[45.463,36.426],[45.481,36.4],[45.51,36.388],[45.534,36.359],[45.565,36.346],[45.603,36.349],[45.617,36.321],[45.652,36.309],[45.679,36.29],[45.671,36.252],[45.679,36.221],[45.718,36.196],[45.756,36.175],[45.79,36.188],[45.823,36.167],[45.845,36.14],[45.865,36.116],[45.898,36.112],[45.928,36.108],[45.954,36.077],[46.002,36.059],[46.017,36.022],[46.048,36.008],[46.075,35.989],[46.088,35.956],[46.067,35.923],[46.083,35.881],[46.106,35.85],[46.142,35.846],[46.15,35.815],[46.182,35.805],[46.213,35.805],[46.248,35.813],[46.281,35.829],[46.315,35.825],[46.345,35.811],[46.367,35.783],[46.391,35.766],[46.391,35.735],[46.402,35.705],[46.432,35.683],[46.463,35.688],[46.494,35.699],[46.519,35.716],[46.554,35.721],[46.589,35.725],[46.617,35.71],[46.63,35.677],[46.638,35.646],[46.677,35.658],[46.7,35.638],[46.688,35.606],[46.724,35.596],[46.749,35.569],[46.764,35.542],[46.795,35.537],[46.809,35.569],[46.829,35.593],[46.84,35.621],[46.87,35.615],[46.902,35.6],[46.952,35.637],[46.97,35.667],[47.002,35.659],[47.038,35.65],[47.061,35.671],[47.119,35.683],[47.148,35.675],[47.179,35.679],[47.204,35.714],[47.229,35.696],[47.255,35.671],[47.292,35.671],[47.318,35.651],[47.33,35.613],[47.309,35.59],[47.28,35.561],[47.258,35.535],[47.237,35.51],[47.216,35.489],[47.198,35.459],[47.164,35.45],[47.154,35.414],[47.138,35.386],[47.116,35.352],[47.141,35.328],[47.151,35.294],[47.171,35.272],[47.163,35.223],[47.141,35.198],[47.154,35.161],[47.19,35.158],[47.21,35.134],[47.24,35.13],[47.277,35.137],[47.306,35.117],[47.32,35.085],[47.344,35.063],[47.382,35.066],[47.413,35.063],[47.439,35.046],[47.473,35.042],[47.508,35.042],[47.521,35.071],[47.529,35.1],[47.571,35.088],[47.602,35.08],[47.644,35.075],[47.686,35.07],[47.721,35.071],[47.748,35.058],[47.775,35.042],[47.798,35.021],[47.805,34.98],[47.821,34.95],[47.852,34.937],[47.885,34.937],[47.918,34.925],[47.912,34.893],[47.929,34.861],[47.958,34.846],[47.967,34.817],[47.938,34.806],[47.897,34.801],[47.86,34.784],[47.781,34.775],[47.743,34.784],[47.715,34.795],[47.699,34.836],[47.673,34.858],[47.64,34.863],[47.611,34.871],[47.573,34.866],[47.544,34.842],[47.502,34.842],[47.44,34.846],[47.405,34.836],[47.408,34.802],[47.385,34.783],[47.352,34.758],[47.325,34.741],[47.288,34.759],[47.273,34.795],[47.235,34.8],[47.198,34.796],[47.165,34.8],[47.13,34.805],[47.101,34.821],[47.076,34.843],[47.052,34.866],[47.018,34.867],[46.989,34.884],[46.957,34.884],[46.927,34.895],[46.892,34.893],[46.843,34.917],[46.793,34.891],[46.762,34.885],[46.738,34.856],[46.698,34.845],[46.668,34.859],[46.636,34.863],[46.606,34.871],[46.571,34.883],[46.577,34.851],[46.584,34.815],[46.574,34.786],[46.543,34.771],[46.515,34.758],[46.49,34.734],[46.465,34.713],[46.427,34.709],[46.398,34.72],[46.387,34.685],[46.369,34.659],[46.403,34.641],[46.42,34.615],[46.452,34.608],[46.483,34.595],[46.456,34.579],[46.483,34.54],[46.484,34.495],[46.524,34.445],[46.516,34.413],[46.505,34.382],[46.527,34.359],[46.552,34.338],[46.561,34.308],[46.574,34.281],[46.54,34.275],[46.515,34.25],[46.483,34.233],[46.455,34.243],[46.442,34.273],[46.4,34.27],[46.369,34.27],[46.344,34.296],[46.324,34.328],[46.294,34.337],[46.271,34.317],[46.241,34.328],[46.198,34.334],[46.168,34.35],[46.141,34.326],[46.12,34.297],[46.156,34.259],[46.179,34.231],[46.219,34.216],[46.256,34.208],[46.289,34.201],[46.314,34.18],[46.337,34.156],[46.366,34.131],[46.374,34.102],[46.398,34.083],[46.427,34.059],[46.447,34.034],[46.47,34.005],[46.44,34.012],[46.41,34.026],[46.381,34.049],[46.352,34.062],[46.323,34.074],[46.305,34.04],[46.294,34.005],[46.296,33.973],[46.305,33.944],[46.3,33.91],[46.317,33.885],[46.338,33.86],[46.366,33.831],[46.387,33.807],[46.41,33.78],[46.421,33.75],[46.449,33.715],[46.446,33.675],[46.477,33.655],[46.506,33.634],[46.535,33.645],[46.564,33.626],[46.584,33.602],[46.605,33.572],[46.63,33.552],[46.617,33.506],[46.645,33.487],[46.645,33.456],[46.67,33.432],[46.702,33.416],[46.744,33.408],[46.777,33.395],[46.806,33.375],[46.839,33.355],[46.873,33.33],[46.902,33.312],[46.929,33.29],[46.956,33.267],[46.986,33.254],[47.013,33.238],[47.043,33.225],[47.073,33.216],[47.106,33.204],[47.135,33.188],[47.165,33.175],[47.194,33.158],[47.213,33.129],[47.239,33.109],[47.268,33.088],[47.298,33.076],[47.327,33.066],[47.361,33.058],[47.393,33.05],[47.423,33.042],[47.452,33.03],[47.482,33.02],[47.514,33.013],[47.544,33.008],[47.569,32.991],[47.602,32.971],[47.645,32.962],[47.633,32.933],[47.623,32.896],[47.593,32.887],[47.566,32.864],[47.598,32.841],[47.627,32.825],[47.65,32.804],[47.65,32.773],[47.679,32.748],[47.692,32.706],[47.695,32.673],[47.7,32.639],[47.728,32.628],[47.742,32.601],[47.771,32.585],[47.791,32.56],[47.823,32.546],[47.848,32.529],[47.879,32.513],[47.896,32.463],[47.864,32.455],[47.823,32.471],[47.78,32.432],[47.766,32.401],[47.742,32.38],[47.767,32.356],[47.783,32.329],[47.814,32.326],[47.844,32.305],[47.867,32.285],[47.892,32.26],[47.883,32.231],[47.874,32.197],[47.899,32.178],[47.927,32.158],[47.949,32.131],[47.955,32.101],[47.919,32.075],[47.937,32.048],[47.957,32.024],[47.959,31.993],[47.979,31.961],[48.004,31.932],[48.018,31.9],[48.045,31.879],[48.059,31.852],[48.078,31.828],[48.11,31.821],[48.157,31.813],[48.219,31.82],[48.252,31.816],[48.286,31.804],[48.318,31.775],[48.321,31.743],[48.354,31.727],[48.377,31.705],[48.392,31.678],[48.384,31.648],[48.38,31.601],[48.4,31.577],[48.383,31.542],[48.355,31.555],[48.337,31.583],[48.305,31.583],[48.273,31.605],[48.242,31.604],[48.215,31.584],[48.183,31.58],[48.152,31.579],[48.119,31.576],[48.094,31.555],[48.064,31.546],[48.035,31.558],[48.002,31.558],[47.972,31.571],[47.944,31.6],[47.904,31.605],[47.874,31.616],[47.844,31.608],[47.823,31.584],[47.786,31.576],[47.792,31.54],[47.779,31.51],[47.748,31.491],[47.688,31.487],[47.655,31.452],[47.637,31.427],[47.602,31.43],[47.567,31.433],[47.559,31.401],[47.541,31.369],[47.521,31.338],[47.513,31.307],[47.492,31.282],[47.495,31.248],[47.5,31.215],[47.512,31.186],[47.501,31.15],[47.491,31.105],[47.475,31.025],[47.448,31.009],[47.41,31.026],[47.391,31.052],[47.392,31.087],[47.388,31.119],[47.391,31.152],[47.387,31.201],[47.383,31.275],[47.37,31.302],[47.371,31.335],[47.354,31.381],[47.345,31.419],[47.329,31.448],[47.298,31.455],[47.276,31.476],[47.249,31.499],[47.219,31.509],[47.184,31.509],[47.171,31.542],[47.163,31.574],[47.142,31.596],[47.142,31.627],[47.142,31.663],[47.119,31.683],[47.083,31.706],[47.065,31.734],[47.035,31.746],[47.011,31.766],[47.004,31.771]]]}},{"type":"Feature","properties":{"HYBAS_ID":2040785900,"MAIN_BAS":2040073570,"NEXT_DOWN":2040816390,"SUB_AREA":346812.7,"UP_AREA":346812.7,"ENDO":0},"geometry":{"type":"Polygon","coordinates":[[[37.329,34.754],[37.371,34.758],[37.398,34.779],[37.427,34.784],[37.457,34.804],[37.47,34.773],[37.506,34.787],[37.538,34.805],[37.538,34.837],[37.563,34.858],[37.567,34.891],[37.599,34.901],[37.627,34.921],[37.654,34.938],[37.681,34.92],[37.712,34.926],[37.73,34.983],[37.759,34.973],[37.779,34.948],[37.811,34.946],[37.829,34.973],[37.838,35.019],[37.855,35.045],[37.871,35.071],[37.858,35.102],[37.85,35.143],[37.838,35.173],[37.811,35.2],[37.775,35.204],[37.783,35.235],[37.807,35.259],[37.802,35.291],[37.783,35.318],[37.814,35.333],[37.84,35.354],[37.869,35.345],[37.906,35.358],[37.937,35.354],[37.97,35.35],[37.984,35.386],[37.967,35.419],[37.976,35.452],[37.986,35.483],[37.967,35.508],[37.994,35.537],[38.023,35.551],[38.047,35.583],[38.05,35.623],[38.037,35.652],[38.045,35.681],[38.037,35.732],[38.038,35.777],[38.042,35.809],[38.009,35.835],[38.017,35.869],[38.03,35.907],[38.038,35.954],[38.012,35.976],[38.008,36.012],[37.973,36.02],[37.95,36.044],[37.945,36.077],[37.954,36.11],[37.937,36.137],[37.924,36.168],[37.938,36.205],[37.941,36.236],[37.929,36.266],[37.913,36.298],[37.89,36.32],[37.856,36.341],[37.827,36.349],[37.798,36.366],[37.767,36.375],[37.767,36.407],[37.796,36.437],[37.792,36.482],[37.764,36.501],[37.735,36.492],[37.713,36.515],[37.694,36.542],[37.668,36.563],[37.642,36.581],[37.654,36.614],[37.64,36.641],[37.606,36.637],[37.575,36.639],[37.57,36.672],[37.558,36.706],[37.542,36.735],[37.521,36.758],[37.496,36.785],[37.457,36.787],[37.417,36.783],[37.394,36.808],[37.369,36.829],[37.335,36.838],[37.298,36.842],[37.268,36.867],[37.206,36.888],[37.173,36.905],[37.118,36.913],[37.141,36.935],[37.146,36.969],[37.173,36.984],[37.204,37.01],[37.217,37.042],[37.212,37.073],[37.224,37.102],[37.22,37.133],[37.185,37.134],[37.152,37.141],[37.121,37.15],[37.091,37.158],[37.08,37.187],[37.112,37.179],[37.12,37.215],[37.145,37.24],[37.173,37.254],[37.211,37.262],[37.2,37.313],[37.201,37.345],[37.236,37.355],[37.262,37.38],[37.274,37.41],[37.299,37.43],[37.322,37.453],[37.351,37.474],[37.381,37.504],[37.402,37.529],[37.435,37.533],[37.469,37.542],[37.495,37.559],[37.518,37.583],[37.558,37.588],[37.571,37.619],[37.592,37.659],[37.601,37.691],[37.641,37.696],[37.645,37.728],[37.663,37.778],[37.689,37.795],[37.728,37.796],[37.749,37.821],[37.783,37.823],[37.735,37.837],[37.707,37.825],[37.673,37.82],[37.644,37.813],[37.61,37.805],[37.58,37.799],[37.519,37.779],[37.498,37.755],[37.454,37.75],[37.423,37.754],[37.399,37.792],[37.381,37.817],[37.339,37.816],[37.307,37.816],[37.273,37.816],[37.238,37.808],[37.211,37.829],[37.18,37.842],[37.16,37.867],[37.134,37.885],[37.121,37.914],[37.148,37.938],[37.177,37.946],[37.206,37.955],[37.242,37.954],[37.273,37.963],[37.299,37.988],[37.331,37.987],[37.364,37.995],[37.384,38.02],[37.416,38.011],[37.446,38.021],[37.474,38.033],[37.506,38.033],[37.536,38.046],[37.571,38.042],[37.594,38.062],[37.644,38.087],[37.677,38.092],[37.704,38.108],[37.725,38.135],[37.727,38.166],[37.751,38.188],[37.754,38.221],[37.698,38.234],[37.663,38.242],[37.632,38.275],[37.598,38.284],[37.615,38.309],[37.638,38.33],[37.614,38.349],[37.581,38.349],[37.554,38.367],[37.515,38.371],[37.485,38.383],[37.462,38.413],[37.424,38.408],[37.405,38.436],[37.391,38.465],[37.36,38.484],[37.327,38.499],[37.289,38.513],[37.303,38.543],[37.296,38.573],[37.263,38.579],[37.233,38.571],[37.198,38.576],[37.156,38.588],[37.119,38.601],[37.11,38.63],[37.079,38.66],[37.043,38.679],[37.011,38.663],[36.981,38.654],[36.943,38.641],[36.91,38.649],[36.885,38.667],[36.856,38.683],[36.827,38.695],[36.797,38.705],[36.813,38.73],[36.8,38.758],[36.788,38.788],[36.813,38.816],[36.844,38.826],[36.846,38.862],[36.854,38.904],[36.868,38.933],[36.895,38.955],[36.883,38.99],[36.902,39.016],[36.892,39.048],[36.896,39.088],[36.865,39.095],[36.858,39.137],[36.837,39.166],[36.806,39.18],[36.814,39.212],[36.849,39.218],[36.861,39.246],[36.888,39.262],[36.915,39.28],[36.986,39.288],[37.014,39.312],[37.069,39.309],[37.111,39.313],[37.148,39.321],[37.177,39.334],[37.206,39.354],[37.23,39.383],[37.258,39.396],[37.295,39.391],[37.325,39.388],[37.35,39.406],[37.373,39.429],[37.408,39.433],[37.38,39.447],[37.384,39.48],[37.375,39.508],[37.406,39.516],[37.436,39.53],[37.473,39.529],[37.502,39.546],[37.523,39.57],[37.573,39.575],[37.613,39.579],[37.652,39.604],[37.681,39.625],[37.719,39.629],[37.752,39.629],[37.781,39.588],[37.819,39.587],[37.86,39.604],[37.891,39.595],[37.933,39.604],[37.916,39.641],[37.901,39.669],[37.921,39.692],[37.952,39.688],[37.973,39.712],[38.019,39.695],[38.052,39.713],[38.09,39.712],[38.119,39.704],[38.142,39.727],[38.155,39.756],[38.175,39.779],[38.207,39.779],[38.236,39.77],[38.264,39.783],[38.302,39.799],[38.349,39.787],[38.359,39.827],[38.394,39.838],[38.417,39.863],[38.452,39.859],[38.482,39.87],[38.512,39.858],[38.548,39.862],[38.575,39.842],[38.629,39.846],[38.708,39.838],[38.765,39.824],[38.798,39.838],[38.832,39.842],[38.86,39.862],[38.892,39.863],[38.923,39.867],[38.973,39.85],[39.017,39.863],[39.062,39.888],[39.086,39.912],[39.125,39.913],[39.161,39.93],[39.195,39.938],[39.225,39.933],[39.261,39.92],[39.291,39.917],[39.336,39.916],[39.362,39.898],[39.39,39.883],[39.419,39.87],[39.463,39.863],[39.489,39.883],[39.527,39.887],[39.57,39.883],[39.588,39.855],[39.621,39.842],[39.645,39.86],[39.669,39.887],[39.702,39.896],[39.738,39.904],[39.77,39.919],[39.802,39.912],[39.836,39.912],[39.865,39.921],[39.893,39.933],[39.891,39.967],[39.92,39.984],[39.938,40.019],[39.969,40.054],[40.002,40.054],[40.031,40.042],[40.058,40.06],[40.09,40.055],[40.12,40.048],[40.148,40.03],[40.177,40.037],[40.215,40.033],[40.245,40.044],[40.282,40.029],[40.323,40.037],[40.369,40.025],[40.388,40.001],[40.423,39.996],[40.456,40.012],[40.49,40.013],[40.532,40.03],[40.561,40.041],[40.606,40.038],[40.639,40.058],[40.683,40.046],[40.71,40.066],[40.758,40.071],[40.794,40.087],[40.831,40.091],[40.851,40.116],[40.876,40.14],[40.854,40.171],[40.883,40.184],[40.908,40.206],[40.922,40.237],[40.935,40.266],[40.969,40.271],[41.019,40.271],[41.052,40.28],[41.079,40.297],[41.094,40.324],[41.132,40.338],[41.167,40.325],[41.2,40.317],[41.2,40.281],[41.231,40.255],[41.254,40.227],[41.25,40.196],[41.278,40.178],[41.344,40.179],[41.377,40.187],[41.407,40.201],[41.421,40.229],[41.46,40.221],[41.491,40.216],[41.515,40.196],[41.537,40.169],[41.554,40.134],[41.521,40.106],[41.495,40.076],[41.466,40.084],[41.439,40.066],[41.414,40.045],[41.404,40.002],[41.387,39.959],[41.355,39.937],[41.374,39.912],[41.358,39.885],[41.338,39.863],[41.311,39.842],[41.299,39.81],[41.273,39.795],[41.244,39.787],[41.259,39.751],[41.279,39.727],[41.261,39.701],[41.235,39.683],[41.207,39.671],[41.192,39.642],[41.22,39.612],[41.241,39.586],[41.258,39.561],[41.237,39.535],[41.242,39.495],[41.23,39.455],[41.254,39.435],[41.274,39.394],[41.292,39.369],[41.316,39.34],[41.343,39.321],[41.369,39.342],[41.391,39.368],[41.405,39.406],[41.416,39.435],[41.448,39.451],[41.481,39.458],[41.515,39.451],[41.545,39.455],[41.57,39.472],[41.596,39.492],[41.617,39.517],[41.663,39.521],[41.707,39.495],[41.744,39.5],[41.778,39.513],[41.81,39.508],[41.85,39.504],[41.859,39.541],[41.89,39.542],[41.919,39.555],[41.948,39.567],[41.982,39.575],[42.017,39.567],[42.044,39.583],[42.077,39.587],[42.104,39.602],[42.133,39.608],[42.137,39.648],[42.165,39.67],[42.195,39.676],[42.227,39.687],[42.238,39.731],[42.204,39.754],[42.173,39.754],[42.146,39.769],[42.115,39.783],[42.099,39.81],[42.123,39.833],[42.161,39.833],[42.194,39.837],[42.224,39.848],[42.286,39.851],[42.315,39.859],[42.344,39.866],[42.377,39.866],[42.406,39.883],[42.44,39.887],[42.47,39.877],[42.504,39.867],[42.512,39.898],[42.543,39.908],[42.586,39.92],[42.633,39.917],[42.666,39.946],[42.713,39.942],[42.744,39.938],[42.773,39.954],[42.808,39.949],[42.849,39.951],[42.873,39.976],[42.923,39.983],[42.957,39.979],[42.985,39.995],[43.019,40.005],[43.057,40.009],[43.119,40.009],[43.15,40.012],[43.169,39.987],[43.202,39.987],[43.235,39.988],[43.267,39.988],[43.302,39.987],[43.331,39.979],[43.361,39.962],[43.387,39.941],[43.408,39.919],[43.412,39.884],[43.42,39.851],[43.413,39.818],[43.454,39.794],[43.5,39.779],[43.496,39.748],[43.516,39.724],[43.565,39.708],[43.616,39.696],[43.656,39.699],[43.684,39.656],[43.692,39.618],[43.688,39.581],[43.727,39.562],[43.746,39.531],[43.759,39.476],[43.784,39.452],[43.792,39.406],[43.804,39.375],[43.774,39.387],[43.735,39.363],[43.706,39.351],[43.677,39.334],[43.647,39.337],[43.634,39.307],[43.604,39.294],[43.575,39.279],[43.544,39.287],[43.52,39.307],[43.498,39.329],[43.469,39.341],[43.454,39.369],[43.431,39.391],[43.402,39.384],[43.366,39.384],[43.327,39.379],[43.289,39.38],[43.255,39.361],[43.218,39.341],[43.185,39.338],[43.154,39.346],[43.167,39.315],[43.174,39.277],[43.179,39.235],[43.155,39.211],[43.15,39.16],[43.121,39.14],[43.109,39.111],[43.144,39.088],[43.114,39.07],[43.084,39.045],[43.052,39.045],[43.023,39.033],[43.0,39.008],[42.969,39.009],[42.945,38.98],[42.91,38.979],[42.887,38.95],[42.855,38.937],[42.826,38.929],[42.796,38.925],[42.768,38.938],[42.736,38.945],[42.704,38.938],[42.676,38.92],[42.647,38.934],[42.618,38.924],[42.596,38.898],[42.573,38.917],[42.544,38.926],[42.51,38.921],[42.476,38.938],[42.443,38.95],[42.413,38.954],[42.394,38.93],[42.367,38.917],[42.345,38.938],[42.31,38.929],[42.287,38.901],[42.256,38.891],[42.213,38.888],[42.186,38.871],[42.166,38.847],[42.154,38.819],[42.135,38.788],[42.13,38.756],[42.141,38.725],[42.178,38.724],[42.208,38.71],[42.224,38.677],[42.2,38.648],[42.192,38.614],[42.217,38.596],[42.213,38.566],[42.212,38.506],[42.189,38.48],[42.162,38.494],[42.134,38.481],[42.114,38.458],[42.083,38.476],[42.052,38.48],[42.033,38.515],[42.0,38.527],[41.969,38.516],[41.935,38.516],[41.905,38.508],[41.883,38.528],[41.854,38.54],[41.854,38.573],[41.832,38.595],[41.802,38.604],[41.771,38.597],[41.739,38.605],[41.704,38.617],[41.673,38.604],[41.644,38.612],[41.613,38.609],[41.501,38.617],[41.488,38.648],[41.457,38.671],[41.421,38.677],[41.368,38.679],[41.339,38.692],[41.312,38.716],[41.282,38.72],[41.252,38.734],[41.219,38.73],[41.185,38.712],[41.144,38.695],[41.112,38.687],[41.088,38.708],[41.055,38.699],[41.027,38.683],[40.991,38.68],[40.962,38.687],[40.927,38.692],[40.896,38.7],[40.868,38.717],[40.839,38.725],[40.802,38.729],[40.774,38.718],[40.742,38.708],[40.704,38.713],[40.673,38.687],[40.65,38.667],[40.614,38.671],[40.563,38.675],[40.507,38.684],[40.475,38.665],[40.427,38.68],[40.398,38.692],[40.363,38.698],[40.327,38.696],[40.293,38.709],[40.264,38.721],[40.239,38.704],[40.213,38.682],[40.171,38.679],[40.15,38.657],[40.121,38.671],[40.092,38.649],[40.042,38.638],[40.021,38.611],[39.998,38.591],[39.964,38.588],[39.923,38.587],[39.881,38.567],[39.812,38.571],[39.782,38.555],[39.748,38.545],[39.724,38.526],[39.696,38.511],[39.663,38.5],[39.637,38.52],[39.6,38.517],[39.587,38.544],[39.56,38.566],[39.531,38.554],[39.502,38.545],[39.464,38.555],[39.427,38.546],[39.402,38.525],[39.373,38.505],[39.331,38.509],[39.301,38.498],[39.269,38.471],[39.243,38.453],[39.206,38.438],[39.172,38.429],[39.141,38.406],[39.173,38.399],[39.206,38.401],[39.239,38.388],[39.281,38.405],[39.314,38.404],[39.343,38.416],[39.379,38.394],[39.391,38.365],[39.417,38.346],[39.427,38.374],[39.461,38.379],[39.489,38.391],[39.513,38.367],[39.541,38.353],[39.57,38.337],[39.602,38.337],[39.616,38.306],[39.637,38.269],[39.641,38.239],[39.621,38.209],[39.65,38.196],[39.676,38.174],[39.66,38.146],[39.642,38.119],[39.62,38.077],[39.617,38.031],[39.64,38.008],[39.661,37.983],[39.691,37.977],[39.688,37.944],[39.704,37.918],[39.668,37.909],[39.65,37.885],[39.646,37.852],[39.646,37.818],[39.663,37.792],[39.698,37.775],[39.727,37.771],[39.761,37.77],[39.806,37.746],[39.829,37.725],[39.843,37.696],[39.833,37.667],[39.838,37.633],[39.851,37.602],[39.867,37.575],[39.898,37.567],[39.941,37.548],[39.969,37.529],[40.002,37.516],[40.036,37.504],[40.066,37.495],[40.102,37.488],[40.131,37.479],[40.166,37.48],[40.198,37.484],[40.231,37.48],[40.246,37.452],[40.27,37.423],[40.304,37.404],[40.313,37.375],[40.321,37.346],[40.371,37.338],[40.415,37.333],[40.452,37.32],[40.483,37.321],[40.513,37.318],[40.545,37.324],[40.574,37.334],[40.567,37.371],[40.602,37.371],[40.632,37.38],[40.669,37.388],[40.711,37.391],[40.767,37.388],[40.798,37.38],[40.831,37.371],[40.873,37.374],[40.904,37.369],[40.924,37.394],[40.96,37.417],[40.99,37.434],[41.023,37.442],[41.033,37.473],[41.037,37.502],[41.061,37.525],[41.083,37.552],[41.114,37.566],[41.146,37.567],[41.169,37.534],[41.196,37.52],[41.205,37.489],[41.224,37.465],[41.244,37.437],[41.259,37.411],[41.274,37.365],[41.308,37.358],[41.331,37.326],[41.362,37.308],[41.388,37.292],[41.423,37.267],[41.444,37.238],[41.459,37.209],[41.49,37.221],[41.523,37.25],[41.542,37.273],[41.569,37.291],[41.594,37.308],[41.627,37.304],[41.66,37.304],[41.691,37.299],[41.727,37.304],[41.755,37.267],[41.785,37.262],[41.821,37.254],[41.86,37.266],[41.894,37.251],[41.908,37.219],[41.897,37.184],[41.931,37.167],[41.955,37.144],[41.979,37.115],[42.011,37.104],[42.052,37.104],[42.098,37.075],[42.131,37.071],[42.15,37.035],[42.146,37.0],[42.137,36.964],[42.123,36.937],[42.1,36.914],[42.075,36.89],[42.07,36.818],[42.066,36.773],[42.071,36.71],[42.07,36.643],[42.049,36.619],[42.045,36.581],[42.038,36.51],[42.046,36.469],[42.038,36.419],[42.071,36.408],[42.11,36.445],[42.14,36.45],[42.167,36.477],[42.206,36.492],[42.243,36.501],[42.275,36.496],[42.323,36.488],[42.353,36.478],[42.371,36.452],[42.407,36.437],[42.436,36.429],[42.468,36.413],[42.492,36.385],[42.523,36.37],[42.552,36.358],[42.577,36.341],[42.615,36.325],[42.646,36.317],[42.673,36.304],[42.701,36.288],[42.724,36.262],[42.753,36.241],[42.771,36.196],[42.804,36.179],[42.832,36.162],[42.877,36.125],[42.907,36.112],[42.923,36.084],[42.94,36.046],[42.963,36.013],[42.94,35.992],[42.902,35.996],[42.871,35.994],[42.858,35.963],[42.881,35.934],[42.888,35.902],[42.892,35.871],[42.92,35.858],[42.95,35.846],[42.949,35.81],[42.937,35.781],[42.924,35.752],[42.916,35.72],[42.94,35.699],[42.934,35.661],[42.951,35.631],[42.967,35.606],[42.987,35.577],[43.0,35.548],[43.025,35.519],[43.041,35.494],[43.06,35.463],[43.09,35.441],[43.12,35.423],[43.139,35.396],[43.173,35.363],[43.196,35.343],[43.217,35.321],[43.248,35.296],[43.277,35.283],[43.312,35.252],[43.325,35.225],[43.345,35.194],[43.323,35.17],[43.292,35.136],[43.263,35.116],[43.287,35.081],[43.32,35.044],[43.341,35.019],[43.317,35.0],[43.332,34.974],[43.358,34.957],[43.362,34.926],[43.38,34.901],[43.388,34.867],[43.41,34.842],[43.434,34.818],[43.45,34.785],[43.417,34.736],[43.422,34.701],[43.449,34.681],[43.467,34.654],[43.489,34.634],[43.518,34.613],[43.566,34.581],[43.576,34.551],[43.555,34.523],[43.57,34.486],[43.587,34.458],[43.616,34.441],[43.638,34.419],[43.662,34.398],[43.676,34.364],[43.702,34.341],[43.723,34.313],[43.749,34.277],[43.733,34.248],[43.731,34.213],[43.766,34.195],[43.776,34.159],[43.795,34.13],[43.795,34.098],[43.794,34.067],[43.78,34.04],[43.791,34.01],[43.805,33.969],[43.805,33.935],[43.808,33.885],[43.821,33.856],[43.813,33.825],[43.791,33.796],[43.761,33.784],[43.723,33.763],[43.708,33.73],[43.678,33.716],[43.647,33.734],[43.624,33.758],[43.594,33.755],[43.563,33.733],[43.544,33.709],[43.517,33.696],[43.533,33.669],[43.549,33.64],[43.571,33.617],[43.616,33.604],[43.63,33.567],[43.655,33.551],[43.641,33.517],[43.63,33.487],[43.634,33.456],[43.665,33.433],[43.693,33.417],[43.721,33.4],[43.752,33.387],[43.781,33.376],[43.811,33.362],[43.844,33.354],[43.874,33.361],[43.897,33.334],[43.929,33.319],[43.963,33.297],[43.941,33.271],[43.913,33.258],[43.939,33.238],[43.982,33.237],[44.007,33.22],[44.026,33.197],[44.056,33.187],[44.086,33.174],[44.108,33.148],[44.134,33.13],[44.165,33.116],[44.166,33.085],[44.184,33.059],[44.205,33.034],[44.209,33.002],[44.24,32.976],[44.271,32.979],[44.306,32.988],[44.337,32.99],[44.354,32.965],[44.377,32.93],[44.392,32.897],[44.404,32.86],[44.409,32.806],[44.384,32.787],[44.348,32.771],[44.318,32.766],[44.297,32.741],[44.28,32.711],[44.276,32.677],[44.287,32.644],[44.296,32.614],[44.28,32.587],[44.238,32.583],[44.216,32.615],[44.184,32.63],[44.183,32.664],[44.154,32.685],[44.151,32.723],[44.132,32.749],[44.105,32.763],[44.083,32.788],[44.074,32.823],[44.009,32.829],[43.977,32.83],[43.958,32.853],[43.928,32.871],[43.893,32.879],[43.858,32.899],[43.826,32.897],[43.789,32.9],[43.756,32.917],[43.734,32.939],[43.733,32.986],[43.719,33.016],[43.701,33.044],[43.692,33.073],[43.664,33.092],[43.662,33.148],[43.638,33.177],[43.606,33.192],[43.605,33.224],[43.621,33.255],[43.617,33.285],[43.609,33.314],[43.575,33.352],[43.531,33.363],[43.494,33.38],[43.466,33.395],[43.437,33.406],[43.415,33.429],[43.373,33.445],[43.351,33.415],[43.323,33.4],[43.286,33.405],[43.256,33.4],[43.215,33.413],[43.182,33.416],[43.152,33.429],[43.154,33.389],[43.127,33.363],[43.085,33.371],[43.056,33.383],[43.024,33.395],[42.999,33.415],[42.973,33.437],[42.939,33.45],[42.911,33.462],[42.863,33.467],[42.863,33.431],[42.862,33.401],[42.837,33.384],[42.82,33.359],[42.792,33.341],[42.763,33.321],[42.733,33.308],[42.704,33.296],[42.696,33.246],[42.663,33.22],[42.627,33.216],[42.579,33.213],[42.548,33.201],[42.515,33.18],[42.488,33.156],[42.475,33.129],[42.455,33.106],[42.43,33.082],[42.389,33.088],[42.356,33.084],[42.32,33.079],[42.284,33.083],[42.266,33.128],[42.227,33.124],[42.194,33.129],[42.163,33.129],[42.139,33.151],[42.107,33.154],[42.077,33.145],[42.044,33.141],[41.981,33.12],[41.945,33.121],[41.914,33.113],[41.88,33.095],[41.855,33.069],[41.829,33.048],[41.792,33.033],[41.775,33.007],[41.766,32.977],[41.743,32.95],[41.706,32.941],[41.679,32.918],[41.652,32.899],[41.63,32.877],[41.637,32.848],[41.616,32.822],[41.581,32.824],[41.539,32.838],[41.51,32.845],[41.46,32.837],[41.419,32.834],[41.39,32.845],[41.333,32.855],[41.273,32.855],[41.239,32.863],[41.208,32.878],[41.172,32.87],[41.16,32.838],[41.134,32.82],[41.102,32.813],[41.067,32.835],[41.031,32.816],[40.998,32.808],[40.967,32.8],[40.94,32.816],[40.911,32.83],[40.877,32.816],[40.844,32.808],[40.806,32.816],[40.773,32.82],[40.742,32.82],[40.71,32.799],[40.677,32.791],[40.649,32.779],[40.606,32.779],[40.563,32.771],[40.536,32.75],[40.502,32.75],[40.468,32.746],[40.423,32.75],[40.396,32.773],[40.361,32.759],[40.355,32.726],[40.329,32.706],[40.273,32.687],[40.223,32.679],[40.192,32.683],[40.188,32.651],[40.184,32.619],[40.162,32.594],[40.142,32.571],[40.116,32.551],[40.113,32.505],[40.137,32.481],[40.145,32.448],[40.15,32.415],[40.154,32.379],[40.127,32.359],[40.083,32.35],[40.088,32.296],[40.118,32.284],[40.088,32.266],[40.088,32.229],[40.052,32.216],[40.016,32.204],[39.977,32.187],[39.944,32.187],[39.915,32.179],[39.879,32.167],[39.845,32.191],[39.815,32.199],[39.791,32.176],[39.766,32.159],[39.727,32.145],[39.697,32.146],[39.683,32.119],[39.665,32.084],[39.642,32.063],[39.616,32.087],[39.579,32.104],[39.549,32.128],[39.533,32.154],[39.501,32.159],[39.469,32.17],[39.451,32.197],[39.419,32.188],[39.394,32.17],[39.37,32.147],[39.327,32.146],[39.304,32.169],[39.271,32.183],[39.291,32.209],[39.277,32.237],[39.248,32.246],[39.22,32.261],[39.23,32.295],[39.234,32.328],[39.25,32.358],[39.229,32.383],[39.181,32.392],[39.142,32.406],[39.111,32.42],[39.081,32.434],[39.079,32.465],[39.062,32.516],[39.04,32.541],[39.016,32.565],[38.989,32.588],[38.979,32.623],[38.98,32.655],[38.98,32.686],[38.979,32.725],[38.988,32.761],[38.984,32.794],[38.968,32.822],[38.938,32.83],[38.906,32.851],[38.883,32.879],[38.852,32.879],[38.824,32.859],[38.777,32.867],[38.744,32.871],[38.714,32.878],[38.688,32.858],[38.671,32.886],[38.658,32.915],[38.642,32.942],[38.629,32.977],[38.604,32.996],[38.571,32.993],[38.543,33.009],[38.51,33.013],[38.495,33.044],[38.474,33.074],[38.451,33.101],[38.434,33.127],[38.408,33.165],[38.429,33.192],[38.421,33.222],[38.409,33.252],[38.383,33.276],[38.371,33.309],[38.367,33.342],[38.339,33.359],[38.308,33.375],[38.277,33.399],[38.246,33.41],[38.251,33.449],[38.219,33.466],[38.184,33.476],[38.156,33.492],[38.127,33.508],[38.098,33.516],[38.071,33.531],[38.055,33.559],[38.023,33.567],[38.0,33.588],[37.999,33.623],[37.996,33.656],[37.979,33.683],[37.975,33.727],[37.963,33.767],[37.931,33.787],[37.894,33.78],[37.865,33.791],[37.867,33.825],[37.836,33.825],[37.809,33.839],[37.812,33.873],[37.796,33.9],[37.773,33.921],[37.743,33.922],[37.72,33.949],[37.681,33.959],[37.658,33.979],[37.63,33.997],[37.611,34.024],[37.567,34.017],[37.527,34.021],[37.494,34.029],[37.463,34.02],[37.436,34.005],[37.404,34.008],[37.396,34.038],[37.363,34.027],[37.33,34.022],[37.298,34.016],[37.267,33.99],[37.244,33.955],[37.198,33.95],[37.169,33.934],[37.162,33.965],[37.148,33.992],[37.121,34.015],[37.1,34.041],[37.073,34.02],[37.043,34.004],[37.013,34.01],[37.012,34.041],[36.981,34.049],[36.98,34.084],[36.963,34.11],[36.979,34.146],[36.954,34.165],[36.945,34.264],[36.973,34.283],[37.014,34.312],[37.06,34.35],[37.114,34.379],[37.129,34.413],[37.158,34.448],[37.163,34.479],[37.185,34.512],[37.196,34.544],[37.209,34.576],[37.229,34.606],[37.216,34.64],[37.204,34.67],[37.219,34.696],[37.252,34.705],[37.277,34.721],[37.296,34.749],[37.324,34.766],[37.329,34.754]]]}},{"type":"Feature","properties":{"HYBAS_ID":2040085590,"MAIN_BAS":2040085590,"NEXT_DOWN":0,"SUB_AREA":92395.2,"UP_AREA":92395.2,"ENDO":2},"geometry":{"type":"Polygon","coordinates":[[[48.571,35.9],[48.595,35.927],[48.598,35.958],[48.565,35.979],[48.571,36.019],[48.57,36.056],[48.553,36.091],[48.538,36.117],[48.569,36.109],[48.602,36.116],[48.637,36.134],[48.654,36.16],[48.674,36.188],[48.702,36.213],[48.727,36.23],[48.759,36.229],[48.799,36.255],[48.819,36.28],[48.852,36.295],[48.879,36.311],[48.871,36.348],[48.891,36.377],[48.905,36.406],[48.931,36.424],[48.97,36.452],[48.98,36.481],[48.966,36.511],[48.994,36.525],[49.027,36.512],[49.056,36.496],[49.075,36.473],[49.095,36.448],[49.133,36.429],[49.138,36.397],[49.17,36.365],[49.208,36.358],[49.233,36.333],[49.266,36.319],[49.289,36.296],[49.313,36.268],[49.344,36.279],[49.378,36.28],[49.414,36.295],[49.453,36.305],[49.486,36.312],[49.519,36.308],[49.557,36.309],[49.589,36.308],[49.616,36.327],[49.621,36.361],[49.642,36.39],[49.613,36.431],[49.644,36.442],[49.679,36.473],[49.727,36.474],[49.777,36.458],[49.816,36.484],[49.853,36.487],[49.885,36.495],[49.915,36.508],[49.935,36.484],[49.986,36.484],[50.016,36.47],[50.049,36.466],[50.086,36.459],[50.116,36.462],[50.134,36.426],[50.16,36.408],[50.192,36.404],[50.229,36.388],[50.261,36.379],[50.293,36.359],[50.333,36.35],[50.359,36.334],[50.383,36.313],[50.411,36.291],[50.43,36.252],[50.456,36.234],[50.486,36.224],[50.513,36.209],[50.533,36.183],[50.573,36.179],[50.606,36.162],[50.638,36.146],[50.669,36.129],[50.679,36.1],[50.711,36.1],[50.748,36.104],[50.782,36.1],[50.811,36.092],[50.844,36.096],[50.881,36.108],[50.915,36.117],[50.961,36.109],[51.002,36.108],[51.032,36.1],[51.058,36.117],[51.095,36.127],[51.123,36.141],[51.152,36.121],[51.183,36.113],[51.175,36.144],[51.211,36.162],[51.24,36.171],[51.273,36.17],[51.315,36.154],[51.348,36.162],[51.381,36.166],[51.423,36.159],[51.458,36.154],[51.475,36.129],[51.507,36.116],[51.536,36.108],[51.568,36.1],[51.562,36.068],[51.594,36.045],[51.632,36.041],[51.656,36.02],[51.69,36.012],[51.7,35.963],[51.664,35.95],[51.642,35.926],[51.673,35.913],[51.72,35.903],[51.752,35.884],[51.78,35.868],[51.811,35.858],[51.846,35.854],[51.881,35.862],[51.911,35.849],[51.94,35.833],[51.974,35.833],[51.987,35.802],[52.014,35.788],[52.048,35.783],[52.074,35.798],[52.106,35.788],[52.136,35.783],[52.186,35.779],[52.215,35.77],[52.234,35.739],[52.198,35.712],[52.165,35.708],[52.13,35.707],[52.092,35.661],[52.07,35.631],[52.052,35.588],[52.027,35.567],[51.989,35.575],[51.952,35.579],[51.925,35.557],[51.888,35.55],[51.859,35.519],[51.839,35.495],[51.801,35.477],[51.788,35.446],[51.77,35.406],[51.75,35.377],[51.73,35.352],[51.72,35.323],[51.708,35.293],[51.691,35.264],[51.675,35.239],[51.655,35.211],[51.65,35.175],[51.63,35.149],[51.638,35.077],[51.66,35.05],[51.694,35.041],[51.704,35.007],[51.752,34.991],[51.781,34.971],[51.81,34.962],[51.844,34.958],[51.873,34.949],[51.901,34.93],[51.923,34.909],[51.948,34.892],[51.977,34.874],[52.006,34.858],[52.041,34.853],[52.062,34.828],[52.083,34.803],[52.102,34.78],[52.129,34.756],[52.15,34.735],[52.179,34.702],[52.218,34.688],[52.252,34.691],[52.281,34.68],[52.317,34.663],[52.354,34.642],[52.363,34.604],[52.371,34.573],[52.391,34.548],[52.409,34.522],[52.438,34.506],[52.43,34.469],[52.429,34.438],[52.396,34.429],[52.354,34.442],[52.313,34.406],[52.286,34.376],[52.255,34.369],[52.246,34.338],[52.215,34.321],[52.186,34.296],[52.167,34.271],[52.136,34.259],[52.113,34.237],[52.112,34.194],[52.108,34.11],[52.087,34.084],[52.092,34.043],[52.108,34.015],[52.113,33.985],[52.116,33.939],[52.108,33.906],[52.075,33.869],[52.044,33.838],[52.0,33.802],[51.971,33.792],[51.94,33.784],[51.92,33.755],[51.894,33.737],[51.864,33.716],[51.773,33.626],[51.738,33.624],[51.681,33.616],[51.652,33.608],[51.622,33.622],[51.59,33.633],[51.548,33.616],[51.498,33.62],[51.447,33.609],[51.413,33.613],[51.371,33.631],[51.344,33.645],[51.325,33.669],[51.297,33.688],[51.267,33.692],[51.231,33.691],[51.193,33.683],[51.159,33.677],[51.141,33.651],[51.117,33.633],[51.099,33.609],[51.069,33.592],[51.038,33.587],[51.021,33.552],[50.996,33.527],[51.004,33.498],[50.992,33.47],[50.971,33.444],[50.938,33.424],[50.915,33.405],[50.883,33.4],[50.883,33.367],[50.852,33.371],[50.818,33.367],[50.789,33.375],[50.752,33.359],[50.759,33.327],[50.751,33.286],[50.721,33.256],[50.708,33.217],[50.677,33.212],[50.644,33.191],[50.622,33.17],[50.606,33.141],[50.583,33.121],[50.548,33.134],[50.523,33.154],[50.498,33.179],[50.466,33.176],[50.427,33.171],[50.4,33.144],[50.365,33.154],[50.335,33.167],[50.3,33.193],[50.267,33.192],[50.24,33.176],[50.211,33.159],[50.154,33.146],[50.142,33.115],[50.109,33.091],[50.071,33.057],[50.057,33.03],[50.034,33.011],[49.994,33.024],[49.965,33.05],[49.936,33.062],[49.921,33.093],[49.894,33.12],[49.871,33.143],[49.85,33.169],[49.867,33.196],[49.898,33.217],[49.925,33.252],[49.942,33.315],[49.937,33.348],[49.954,33.381],[49.929,33.398],[49.898,33.412],[49.865,33.417],[49.835,33.429],[49.802,33.438],[49.792,33.481],[49.774,33.508],[49.745,33.541],[49.719,33.562],[49.75,33.581],[49.795,33.635],[49.795,33.666],[49.757,33.662],[49.723,33.68],[49.696,33.697],[49.677,33.737],[49.648,33.751],[49.621,33.767],[49.573,33.78],[49.544,33.795],[49.516,33.809],[49.48,33.809],[49.455,33.789],[49.431,33.77],[49.402,33.758],[49.373,33.78],[49.34,33.771],[49.313,33.785],[49.309,33.819],[49.291,33.845],[49.263,33.859],[49.242,33.889],[49.206,33.892],[49.173,33.905],[49.126,33.913],[49.096,33.934],[49.091,33.969],[49.08,33.998],[49.094,34.029],[49.11,34.054],[49.137,34.072],[49.16,34.095],[49.136,34.12],[49.116,34.149],[49.1,34.177],[49.124,34.202],[49.116,34.231],[49.103,34.259],[49.065,34.283],[49.039,34.301],[49.016,34.32],[48.998,34.345],[48.973,34.362],[48.95,34.385],[48.923,34.404],[48.904,34.432],[48.873,34.454],[48.823,34.463],[48.804,34.486],[48.804,34.517],[48.774,34.533],[48.745,34.542],[48.715,34.558],[48.683,34.578],[48.642,34.592],[48.598,34.6],[48.567,34.596],[48.535,34.609],[48.496,34.648],[48.476,34.672],[48.456,34.695],[48.413,34.735],[48.381,34.759],[48.348,34.766],[48.314,34.754],[48.267,34.758],[48.248,34.784],[48.197,34.792],[48.184,34.827],[48.174,34.856],[48.144,34.876],[48.142,34.928],[48.143,34.962],[48.169,34.984],[48.183,35.034],[48.188,35.065],[48.201,35.095],[48.18,35.119],[48.201,35.148],[48.218,35.175],[48.252,35.187],[48.27,35.216],[48.271,35.267],[48.276,35.323],[48.292,35.352],[48.313,35.379],[48.34,35.396],[48.363,35.419],[48.387,35.443],[48.374,35.477],[48.389,35.512],[48.404,35.544],[48.448,35.591],[48.477,35.584],[48.506,35.595],[48.561,35.588],[48.594,35.587],[48.623,35.57],[48.656,35.563],[48.687,35.553],[48.719,35.55],[48.75,35.544],[48.776,35.562],[48.801,35.582],[48.831,35.592],[48.865,35.609],[48.888,35.629],[48.916,35.648],[48.92,35.681],[48.892,35.702],[48.877,35.729],[48.839,35.742],[48.806,35.749],[48.779,35.767],[48.757,35.787],[48.684,35.784],[48.662,35.815],[48.64,35.845],[48.617,35.873],[48.586,35.879],[48.571,35.9]]]}},{"type":"Feature","properties":{"HYBAS_ID":2040085690,"MAIN_BAS":2040085690,"NEXT_DOWN":0,"SUB_AREA":52199.4,"UP_AREA":52200.3,"ENDO":2},"geometry":{"type":"Polygon","coordinates":[[[44.904,37.008],[44.881,37.033],[44.848,37.049],[44.812,37.041],[44.799,37.07],[44.783,37.095],[44.755,37.113],[44.777,37.145],[44.774,37.178],[44.762,37.227],[44.781,37.254],[44.805,37.274],[44.801,37.306],[44.775,37.327],[44.735,37.346],[44.719,37.376],[44.681,37.384],[44.655,37.402],[44.637,37.427],[44.608,37.437],[44.587,37.462],[44.556,37.466],[44.531,37.483],[44.5,37.475],[44.481,37.504],[44.471,37.535],[44.476,37.581],[44.47,37.616],[44.471,37.654],[44.443,37.671],[44.415,37.691],[44.369,37.712],[44.328,37.712],[44.313,37.738],[44.34,37.754],[44.378,37.749],[44.42,37.747],[44.444,37.77],[44.426,37.798],[44.392,37.822],[44.404,37.85],[44.369,37.866],[44.336,37.874],[44.302,37.871],[44.265,37.859],[44.243,37.88],[44.233,37.917],[44.245,37.948],[44.27,37.998],[44.288,38.023],[44.312,38.042],[44.32,38.074],[44.345,38.102],[44.365,38.133],[44.395,38.15],[44.408,38.185],[44.405,38.218],[44.4,38.25],[44.431,38.267],[44.456,38.284],[44.481,38.304],[44.501,38.33],[44.521,38.354],[44.552,38.371],[44.585,38.37],[44.619,38.374],[44.669,38.371],[44.717,38.375],[44.752,38.359],[44.777,38.337],[44.814,38.309],[44.845,38.327],[44.891,38.33],[44.916,38.346],[44.948,38.342],[44.961,38.312],[44.994,38.309],[45.027,38.312],[45.057,38.321],[45.091,38.331],[45.107,38.359],[45.142,38.371],[45.174,38.376],[45.202,38.392],[45.233,38.4],[45.294,38.404],[45.336,38.396],[45.369,38.404],[45.402,38.391],[45.437,38.386],[45.468,38.375],[45.498,38.367],[45.525,38.354],[45.529,38.317],[45.577,38.305],[45.607,38.317],[45.642,38.325],[45.675,38.313],[45.711,38.32],[45.769,38.309],[45.799,38.327],[45.801,38.357],[45.84,38.359],[45.875,38.371],[45.944,38.375],[45.982,38.371],[46.015,38.392],[46.045,38.402],[46.066,38.439],[46.095,38.477],[46.136,38.47],[46.165,38.462],[46.215,38.455],[46.252,38.47],[46.295,38.479],[46.338,38.467],[46.369,38.475],[46.402,38.48],[46.435,38.471],[46.465,38.467],[46.494,38.449],[46.527,38.437],[46.549,38.415],[46.592,38.404],[46.618,38.437],[46.646,38.45],[46.677,38.442],[46.724,38.446],[46.754,38.463],[46.745,38.414],[46.782,38.4],[46.792,38.371],[46.824,38.363],[46.856,38.37],[46.89,38.379],[46.921,38.375],[46.956,38.37],[46.986,38.354],[47.027,38.349],[47.053,38.333],[47.103,38.337],[47.137,38.338],[47.171,38.342],[47.207,38.333],[47.245,38.304],[47.275,38.304],[47.313,38.308],[47.334,38.283],[47.37,38.27],[47.4,38.25],[47.427,38.233],[47.46,38.241],[47.494,38.25],[47.521,38.235],[47.556,38.217],[47.598,38.221],[47.647,38.234],[47.683,38.233],[47.705,38.21],[47.736,38.201],[47.766,38.207],[47.783,38.179],[47.779,38.148],[47.808,38.127],[47.831,38.096],[47.849,38.069],[47.859,38.038],[47.844,37.996],[47.823,37.967],[47.8,37.946],[47.814,37.917],[47.841,37.899],[47.882,37.887],[47.895,37.856],[47.871,37.838],[47.852,37.801],[47.82,37.799],[47.786,37.796],[47.753,37.801],[47.713,37.787],[47.681,37.776],[47.652,37.759],[47.621,37.75],[47.59,37.746],[47.548,37.737],[47.517,37.742],[47.475,37.75],[47.443,37.755],[47.41,37.762],[47.373,37.763],[47.34,37.755],[47.31,37.75],[47.261,37.754],[47.223,37.754],[47.194,37.762],[47.165,37.774],[47.134,37.772],[47.109,37.793],[47.079,37.804],[47.048,37.784],[47.018,37.788],[46.994,37.813],[46.966,37.801],[46.942,37.782],[46.929,37.752],[46.917,37.704],[46.888,37.685],[46.836,37.687],[46.804,37.688],[46.783,37.72],[46.731,37.73],[46.695,37.733],[46.659,37.742],[46.615,37.75],[46.586,37.742],[46.543,37.742],[46.515,37.73],[46.484,37.711],[46.474,37.681],[46.474,37.648],[46.475,37.613],[46.492,37.581],[46.509,37.552],[46.533,37.523],[46.55,37.496],[46.566,37.469],[46.595,37.431],[46.632,37.429],[46.652,37.396],[46.679,37.381],[46.706,37.351],[46.708,37.314],[46.7,37.271],[46.732,37.27],[46.754,37.248],[46.764,37.209],[46.792,37.198],[46.804,37.165],[46.813,37.135],[46.817,37.094],[46.808,37.064],[46.833,37.027],[46.87,37.016],[46.883,36.981],[46.887,36.935],[46.905,36.905],[46.895,36.864],[46.913,36.835],[46.93,36.806],[46.946,36.781],[46.96,36.751],[46.996,36.754],[47.023,36.737],[47.052,36.721],[47.076,36.749],[47.115,36.758],[47.15,36.754],[47.182,36.755],[47.212,36.748],[47.241,36.723],[47.261,36.699],[47.3,36.686],[47.323,36.662],[47.346,36.638],[47.334,36.606],[47.333,36.569],[47.343,36.534],[47.338,36.502],[47.362,36.477],[47.358,36.444],[47.327,36.429],[47.3,36.408],[47.283,36.38],[47.284,36.348],[47.276,36.319],[47.266,36.288],[47.24,36.267],[47.202,36.259],[47.148,36.259],[47.11,36.262],[47.075,36.263],[47.048,36.287],[47.023,36.309],[46.983,36.317],[46.952,36.308],[46.922,36.291],[46.902,36.259],[46.877,36.238],[46.839,36.23],[46.802,36.221],[46.792,36.189],[46.8,36.158],[46.791,36.127],[46.796,36.063],[46.775,36.032],[46.75,36.011],[46.738,35.982],[46.717,35.956],[46.723,35.926],[46.705,35.899],[46.696,35.867],[46.709,35.838],[46.713,35.807],[46.7,35.777],[46.681,35.746],[46.648,35.734],[46.619,35.742],[46.592,35.725],[46.561,35.708],[46.531,35.716],[46.503,35.701],[46.475,35.691],[46.439,35.683],[46.411,35.695],[46.38,35.717],[46.392,35.745],[46.378,35.778],[46.346,35.783],[46.342,35.814],[46.311,35.829],[46.269,35.817],[46.227,35.812],[46.184,35.812],[46.152,35.812],[46.137,35.839],[46.106,35.85],[46.088,35.875],[46.059,35.906],[46.076,35.932],[46.087,35.965],[46.075,35.996],[46.039,36.009],[46.016,36.034],[45.973,36.058],[45.945,36.087],[45.92,36.109],[45.869,36.113],[45.838,36.125],[45.833,36.156],[45.811,36.179],[45.781,36.187],[45.736,36.195],[45.698,36.216],[45.675,36.248],[45.667,36.279],[45.657,36.308],[45.617,36.321],[45.603,36.349],[45.569,36.349],[45.54,36.358],[45.529,36.388],[45.498,36.396],[45.471,36.414],[45.463,36.452],[45.479,36.481],[45.459,36.505],[45.479,36.529],[45.463,36.559],[45.44,36.591],[45.454,36.635],[45.476,36.662],[45.506,36.658],[45.535,36.674],[45.529,36.727],[45.524,36.762],[45.478,36.762],[45.437,36.771],[45.406,36.788],[45.375,36.814],[45.354,36.836],[45.318,36.855],[45.259,36.842],[45.249,36.874],[45.214,36.875],[45.18,36.874],[45.14,36.858],[45.113,36.842],[45.077,36.858],[45.048,36.863],[45.013,36.867],[44.982,36.867],[44.954,36.888],[44.92,36.905],[44.901,36.93],[44.884,36.956],[44.896,36.994],[44.904,37.008]]]}},{"type":"Feature","properties":{"HYBAS_ID":2040085740,"MAIN_BAS":2040085740,"NEXT_DOWN":0,"SUB_AREA":123578.6,"UP_AREA":123578.6,"ENDO":2},"geometry":{"type":"Polygon","coordinates":[[[55.021,35.625],[54.981,35.616],[54.948,35.604],[54.906,35.587],[54.883,35.567],[54.856,35.551],[54.827,35.541],[54.798,35.533],[54.755,35.494],[54.746,35.463],[54.71,35.45],[54.677,35.433],[54.685,35.401],[54.713,35.363],[54.709,35.331],[54.721,35.29],[54.73,35.256],[54.738,35.223],[54.745,35.194],[54.777,35.176],[54.799,35.152],[54.816,35.123],[54.826,35.085],[54.842,35.056],[54.825,35.031],[54.841,35.002],[54.815,34.976],[54.795,34.947],[54.779,34.917],[54.79,34.884],[54.827,34.887],[54.86,34.887],[54.892,34.875],[54.925,34.867],[54.952,34.887],[54.983,34.892],[54.963,34.856],[54.937,34.834],[54.919,34.801],[54.892,34.783],[54.864,34.77],[54.831,34.75],[54.802,34.733],[54.773,34.72],[54.744,34.704],[54.715,34.688],[54.684,34.678],[54.711,34.658],[54.734,34.638],[54.726,34.609],[54.751,34.591],[54.783,34.577],[54.799,34.549],[54.813,34.516],[54.848,34.512],[54.827,34.488],[54.798,34.475],[54.775,34.452],[54.75,34.433],[54.75,34.396],[54.815,34.392],[54.848,34.401],[54.879,34.408],[54.917,34.421],[54.948,34.433],[54.982,34.438],[55.011,34.446],[55.044,34.455],[55.098,34.463],[55.14,34.467],[55.173,34.47],[55.223,34.463],[55.256,34.471],[55.284,34.451],[55.323,34.445],[55.353,34.446],[55.365,34.476],[55.395,34.488],[55.424,34.509],[55.457,34.521],[55.485,34.533],[55.517,34.542],[55.548,34.537],[55.577,34.551],[55.615,34.559],[55.656,34.563],[55.692,34.563],[55.716,34.581],[55.739,34.608],[55.764,34.624],[55.794,34.637],[55.825,34.65],[55.826,34.687],[55.861,34.696],[55.889,34.712],[55.925,34.717],[55.956,34.717],[55.986,34.725],[56.008,34.702],[56.027,34.676],[56.065,34.684],[56.099,34.691],[56.123,34.662],[56.109,34.631],[56.117,34.602],[56.117,34.571],[56.152,34.58],[56.185,34.583],[56.205,34.548],[56.206,34.517],[56.252,34.495],[56.283,34.488],[56.304,34.456],[56.292,34.427],[56.316,34.405],[56.344,34.383],[56.377,34.355],[56.402,34.338],[56.429,34.311],[56.474,34.24],[56.492,34.214],[56.516,34.19],[56.544,34.179],[56.598,34.166],[56.625,34.144],[56.637,34.114],[56.621,34.058],[56.592,34.046],[56.592,34.014],[56.564,33.991],[56.529,33.979],[56.515,33.95],[56.504,33.918],[56.488,33.884],[56.474,33.858],[56.48,33.814],[56.492,33.786],[56.474,33.76],[56.466,33.73],[56.454,33.698],[56.441,33.669],[56.424,33.633],[56.413,33.603],[56.388,33.573],[56.366,33.542],[56.341,33.509],[56.309,33.508],[56.3,33.477],[56.305,33.443],[56.299,33.41],[56.309,33.337],[56.299,33.294],[56.296,33.263],[56.284,33.223],[56.297,33.187],[56.317,33.165],[56.324,33.134],[56.304,33.1],[56.313,33.064],[56.343,33.038],[56.399,33.024],[56.431,33.03],[56.441,32.993],[56.425,32.939],[56.393,32.933],[56.37,32.913],[56.366,32.877],[56.346,32.854],[56.323,32.833],[56.317,32.802],[56.321,32.768],[56.321,32.738],[56.292,32.719],[56.284,32.681],[56.284,32.648],[56.259,32.624],[56.258,32.592],[56.25,32.558],[56.259,32.527],[56.263,32.488],[56.287,32.469],[56.301,32.427],[56.29,32.396],[56.299,32.356],[56.283,32.329],[56.304,32.302],[56.331,32.276],[56.358,32.248],[56.371,32.218],[56.384,32.189],[56.392,32.16],[56.395,32.126],[56.377,32.092],[56.317,32.04],[56.301,32.015],[56.277,31.992],[56.247,31.966],[56.227,31.937],[56.221,31.896],[56.19,31.884],[56.188,31.852],[56.195,31.819],[56.204,31.789],[56.231,31.775],[56.258,31.763],[56.273,31.734],[56.267,31.698],[56.276,31.652],[56.279,31.619],[56.259,31.59],[56.242,31.561],[56.209,31.556],[56.18,31.572],[56.131,31.587],[56.102,31.6],[56.069,31.604],[56.038,31.606],[56.029,31.64],[56.024,31.674],[56.012,31.702],[55.987,31.723],[55.956,31.749],[55.933,31.771],[55.907,31.795],[55.871,31.795],[55.854,31.768],[55.827,31.754],[55.798,31.763],[55.775,31.783],[55.758,31.811],[55.77,31.843],[55.766,31.876],[55.766,31.906],[55.742,31.931],[55.721,31.954],[55.73,31.986],[55.738,32.019],[55.72,32.065],[55.704,32.092],[55.676,32.113],[55.643,32.13],[55.629,32.174],[55.608,32.2],[55.577,32.205],[55.544,32.245],[55.51,32.25],[55.48,32.273],[55.45,32.289],[55.418,32.295],[55.386,32.299],[55.361,32.32],[55.314,32.33],[55.285,32.342],[55.262,32.366],[55.21,32.38],[55.171,32.375],[55.144,32.391],[55.113,32.392],[55.077,32.384],[55.035,32.379],[55.002,32.375],[54.973,32.387],[54.931,32.392],[54.902,32.404],[54.862,32.404],[54.819,32.413],[54.784,32.421],[54.752,32.416],[54.702,32.417],[54.674,32.429],[54.652,32.449],[54.618,32.437],[54.592,32.415],[54.563,32.421],[54.527,32.438],[54.484,32.455],[54.454,32.454],[54.419,32.445],[54.408,32.498],[54.384,32.527],[54.351,32.573],[54.338,32.606],[54.321,32.631],[54.284,32.681],[54.27,32.711],[54.24,32.717],[54.21,32.737],[54.181,32.749],[54.147,32.771],[54.116,32.787],[54.079,32.783],[54.052,32.799],[54.023,32.82],[53.993,32.842],[53.971,32.867],[53.959,32.898],[53.962,32.94],[53.958,32.971],[53.948,33.012],[53.92,33.037],[53.904,33.065],[53.88,33.09],[53.87,33.125],[53.871,33.163],[53.86,33.192],[53.829,33.204],[53.821,33.246],[53.788,33.25],[53.788,33.282],[53.788,33.312],[53.778,33.341],[53.748,33.354],[53.714,33.355],[53.676,33.358],[53.638,33.351],[53.602,33.359],[53.56,33.367],[53.537,33.387],[53.502,33.412],[53.488,33.439],[53.46,33.455],[53.437,33.486],[53.411,33.508],[53.401,33.548],[53.441,33.602],[53.454,33.639],[53.463,33.67],[53.427,33.676],[53.394,33.699],[53.363,33.709],[53.317,33.708],[53.286,33.705],[53.223,33.717],[53.166,33.716],[53.11,33.72],[53.069,33.716],[53.035,33.725],[52.994,33.734],[52.963,33.746],[52.95,33.777],[52.923,33.808],[52.896,33.821],[52.896,33.871],[52.868,33.884],[52.843,33.9],[52.819,33.92],[52.794,33.941],[52.754,33.938],[52.71,33.946],[52.682,33.958],[52.655,33.977],[52.618,33.992],[52.576,34.005],[52.549,33.977],[52.53,33.949],[52.516,33.917],[52.486,33.916],[52.452,33.92],[52.402,33.921],[52.369,33.929],[52.338,33.933],[52.285,33.934],[52.256,33.946],[52.223,33.95],[52.198,33.97],[52.17,33.99],[52.148,34.016],[52.118,34.021],[52.092,34.043],[52.087,34.084],[52.108,34.11],[52.109,34.19],[52.113,34.237],[52.136,34.259],[52.167,34.254],[52.176,34.29],[52.203,34.309],[52.221,34.338],[52.249,34.348],[52.286,34.376],[52.312,34.401],[52.338,34.432],[52.377,34.441],[52.407,34.429],[52.43,34.448],[52.429,34.488],[52.415,34.52],[52.393,34.542],[52.374,34.569],[52.366,34.603],[52.363,34.633],[52.334,34.648],[52.3,34.663],[52.277,34.683],[52.246,34.692],[52.207,34.7],[52.163,34.718],[52.14,34.741],[52.108,34.778],[52.083,34.803],[52.062,34.828],[52.041,34.853],[52.01,34.855],[51.981,34.871],[51.956,34.891],[51.927,34.908],[51.901,34.93],[51.873,34.949],[51.844,34.958],[51.81,34.962],[51.781,34.971],[51.756,34.988],[51.725,34.992],[51.696,35.014],[51.681,35.042],[51.652,35.055],[51.637,35.127],[51.642,35.165],[51.655,35.211],[51.675,35.239],[51.691,35.264],[51.708,35.293],[51.72,35.323],[51.73,35.352],[51.75,35.377],[51.77,35.406],[51.775,35.436],[51.792,35.465],[51.814,35.492],[51.845,35.497],[51.887,35.548],[51.919,35.546],[51.945,35.567],[51.973,35.579],[52.006,35.571],[52.048,35.587],[52.075,35.614],[52.087,35.648],[52.116,35.685],[52.137,35.714],[52.169,35.704],[52.221,35.713],[52.233,35.756],[52.265,35.759],[52.279,35.789],[52.291,35.818],[52.319,35.833],[52.365,35.829],[52.388,35.874],[52.416,35.894],[52.432,35.922],[52.46,35.937],[52.494,35.933],[52.525,35.942],[52.569,35.945],[52.604,35.942],[52.636,35.95],[52.686,35.946],[52.732,35.95],[52.764,35.942],[52.825,35.929],[52.854,35.911],[52.879,35.886],[52.899,35.86],[52.928,35.845],[52.948,35.821],[52.985,35.845],[53.015,35.859],[53.041,35.837],[53.055,35.805],[53.085,35.801],[53.115,35.784],[53.129,35.756],[53.158,35.738],[53.199,35.737],[53.223,35.758],[53.252,35.783],[53.298,35.808],[53.327,35.817],[53.36,35.833],[53.39,35.846],[53.388,35.882],[53.38,35.923],[53.387,35.96],[53.458,35.962],[53.474,35.937],[53.502,35.949],[53.541,35.944],[53.582,35.946],[53.61,35.958],[53.648,35.971],[53.671,35.995],[53.636,36.013],[53.609,36.039],[53.633,36.073],[53.669,36.112],[53.698,36.117],[53.727,36.133],[53.761,36.138],[53.806,36.17],[53.831,36.188],[53.857,36.209],[53.885,36.229],[53.915,36.242],[53.941,36.259],[53.911,36.267],[53.881,36.271],[53.879,36.302],[53.902,36.324],[53.932,36.324],[53.964,36.317],[53.983,36.344],[53.971,36.404],[54.006,36.409],[54.013,36.448],[54.052,36.459],[54.081,36.474],[54.106,36.491],[54.142,36.504],[54.177,36.496],[54.206,36.504],[54.237,36.495],[54.271,36.483],[54.311,36.488],[54.346,36.492],[54.386,36.509],[54.419,36.509],[54.452,36.525],[54.515,36.52],[54.571,36.521],[54.571,36.557],[54.615,36.576],[54.638,36.602],[54.669,36.605],[54.699,36.591],[54.725,36.61],[54.765,36.604],[54.796,36.596],[54.825,36.608],[54.844,36.634],[54.873,36.645],[54.902,36.662],[54.922,36.687],[54.952,36.68],[54.983,36.688],[55.009,36.703],[54.989,36.725],[55.031,36.726],[55.066,36.742],[55.095,36.756],[55.132,36.767],[55.166,36.769],[55.17,36.727],[55.15,36.658],[55.163,36.631],[55.182,36.603],[55.169,36.559],[55.139,36.545],[55.156,36.505],[55.163,36.455],[55.199,36.436],[55.22,36.411],[55.241,36.369],[55.258,36.342],[55.25,36.3],[55.282,36.279],[55.319,36.287],[55.356,36.296],[55.387,36.302],[55.42,36.287],[55.445,36.27],[55.477,36.271],[55.507,36.262],[55.534,36.278],[55.554,36.256],[55.585,36.226],[55.583,36.183],[55.556,36.166],[55.546,36.104],[55.524,36.069],[55.501,36.04],[55.506,36.005],[55.569,35.999],[55.61,35.971],[55.644,35.951],[55.674,35.924],[55.71,35.913],[55.739,35.901],[55.783,35.873],[55.808,35.854],[55.833,35.823],[55.846,35.794],[55.821,35.769],[55.781,35.766],[55.748,35.771],[55.706,35.766],[55.673,35.755],[55.643,35.741],[55.61,35.724],[55.572,35.716],[55.54,35.701],[55.502,35.696],[55.468,35.7],[55.446,35.731],[55.417,35.742],[55.385,35.738],[55.354,35.738],[55.328,35.717],[55.289,35.712],[55.263,35.691],[55.214,35.674],[55.195,35.648],[55.17,35.63],[55.14,35.62],[55.098,35.605],[55.052,35.612],[55.023,35.625],[55.021,35.625]]]}},{"type":"Feature","properties":{"HYBAS_ID":2040085880,"MAIN_BAS":2040085880,"NEXT_DOWN":0,"SUB_AREA":136768.4,"UP_AREA":136768.4,"ENDO":2},"geometry":{"type":"Polygon","coordinates":[[[57.608,46.821],[57.617,46.789],[57.633,46.761],[57.641,46.73],[57.651,46.701],[57.681,46.687],[57.724,46.674],[57.73,46.634],[57.758,46.615],[57.781,46.584],[57.804,46.557],[57.808,46.519],[57.78,46.49],[57.767,46.45],[57.77,46.419],[57.804,46.421],[57.835,46.425],[57.866,46.419],[57.888,46.397],[57.919,46.38],[57.948,46.391],[57.982,46.4],[58.015,46.4],[58.045,46.395],[58.07,46.37],[58.104,46.348],[58.096,46.314],[58.112,46.286],[58.144,46.255],[58.123,46.229],[58.092,46.215],[58.104,46.183],[58.084,46.158],[58.058,46.142],[58.077,46.116],[58.107,46.099],[58.145,46.105],[58.177,46.099],[58.198,46.076],[58.227,46.059],[58.254,46.036],[58.282,46.02],[58.319,46.012],[58.352,46.004],[58.386,46.0],[58.414,46.012],[58.445,46.014],[58.479,46.017],[58.511,46.03],[58.557,46.045],[58.596,46.033],[58.619,46.009],[58.644,45.992],[58.671,45.979],[58.676,45.944],[58.688,45.914],[58.675,45.873],[58.663,45.846],[58.645,45.818],[58.63,45.79],[58.617,45.761],[58.613,45.729],[58.583,45.71],[58.595,45.682],[58.58,45.652],[58.592,45.617],[58.563,45.6],[58.542,45.557],[58.525,45.527],[58.524,45.497],[58.509,45.469],[58.501,45.44],[58.488,45.408],[58.448,45.375],[58.424,45.355],[58.405,45.327],[58.383,45.297],[58.366,45.268],[58.35,45.225],[58.338,45.192],[58.32,45.164],[58.317,45.131],[58.292,45.106],[58.26,45.076],[58.254,45.035],[58.238,45.006],[58.217,44.973],[58.2,44.948],[58.187,44.918],[58.17,44.885],[58.163,44.833],[58.167,44.792],[58.175,44.763],[58.188,44.731],[58.208,44.706],[58.212,44.673],[58.234,44.652],[58.23,44.619],[58.215,44.592],[58.192,44.565],[58.163,44.532],[58.158,44.502],[58.159,44.472],[58.179,44.448],[58.189,44.417],[58.191,44.373],[58.196,44.342],[58.209,44.314],[58.225,44.285],[58.237,44.257],[58.264,44.238],[58.292,44.221],[58.323,44.196],[58.343,44.171],[58.366,44.142],[58.341,44.121],[58.342,44.088],[58.346,44.056],[58.351,44.017],[58.331,43.992],[58.321,43.959],[58.301,43.933],[58.292,43.896],[58.283,43.86],[58.296,43.831],[58.3,43.781],[58.299,43.747],[58.279,43.723],[58.226,43.699],[58.225,43.664],[58.249,43.64],[58.227,43.616],[58.194,43.617],[58.164,43.6],[58.14,43.575],[58.141,43.545],[58.174,43.537],[58.188,43.508],[58.159,43.491],[58.167,43.459],[58.179,43.431],[58.196,43.403],[58.187,43.367],[58.155,43.335],[58.167,43.302],[58.176,43.273],[58.205,43.243],[58.212,43.213],[58.182,43.188],[58.146,43.178],[58.124,43.151],[58.137,43.123],[58.148,43.095],[58.173,43.074],[58.2,43.058],[58.233,43.031],[58.256,43.005],[58.242,42.977],[58.255,42.948],[58.254,42.915],[58.242,42.881],[58.245,42.848],[58.249,42.815],[58.251,42.784],[58.27,42.761],[58.276,42.712],[58.252,42.687],[58.221,42.675],[58.19,42.663],[58.157,42.65],[58.128,42.662],[58.097,42.675],[58.064,42.687],[58.031,42.691],[58.002,42.699],[57.969,42.695],[57.939,42.687],[57.91,42.674],[57.875,42.675],[57.835,42.674],[57.804,42.663],[57.773,42.663],[57.759,42.631],[57.731,42.617],[57.726,42.585],[57.695,42.58],[57.661,42.583],[57.627,42.584],[57.598,42.608],[57.559,42.617],[57.523,42.633],[57.496,42.646],[57.488,42.675],[57.461,42.7],[57.431,42.709],[57.402,42.725],[57.375,42.743],[57.339,42.741],[57.304,42.742],[57.263,42.76],[57.229,42.758],[57.192,42.763],[57.163,42.771],[57.13,42.784],[57.106,42.805],[57.077,42.817],[57.048,42.837],[57.019,42.851],[56.995,42.87],[56.96,42.871],[56.938,42.892],[56.906,42.905],[56.877,42.921],[56.858,42.952],[56.845,42.981],[56.826,43.009],[56.802,43.03],[56.771,43.038],[56.739,43.055],[56.712,43.069],[56.686,43.1],[56.656,43.117],[56.626,43.134],[56.598,43.117],[56.564,43.126],[56.529,43.138],[56.498,43.145],[56.456,43.155],[56.408,43.167],[56.364,43.18],[56.338,43.196],[56.306,43.196],[56.277,43.209],[56.233,43.204],[56.201,43.213],[56.169,43.209],[56.132,43.204],[56.102,43.213],[56.069,43.196],[56.035,43.209],[56.002,43.216],[55.967,43.222],[55.938,43.242],[55.92,43.27],[55.89,43.271],[55.863,43.29],[55.831,43.299],[55.8,43.304],[55.77,43.309],[55.742,43.338],[55.711,43.354],[55.664,43.355],[55.632,43.362],[55.607,43.379],[55.577,43.396],[55.558,43.42],[55.537,43.447],[55.518,43.471],[55.49,43.487],[55.458,43.488],[55.423,43.488],[55.382,43.491],[55.344,43.516],[55.306,43.517],[55.277,43.525],[55.244,43.537],[55.211,43.538],[55.181,43.542],[55.143,43.555],[55.117,43.525],[55.083,43.525],[55.088,43.558],[55.06,43.58],[55.019,43.592],[54.981,43.612],[54.948,43.626],[54.917,43.63],[54.873,43.642],[54.839,43.641],[54.811,43.609],[54.777,43.605],[54.739,43.609],[54.71,43.617],[54.678,43.608],[54.648,43.616],[54.619,43.633],[54.587,43.637],[54.559,43.651],[54.518,43.663],[54.46,43.67],[54.418,43.675],[54.381,43.692],[54.35,43.696],[54.319,43.691],[54.289,43.708],[54.256,43.716],[54.227,43.725],[54.196,43.729],[54.164,43.725],[54.131,43.737],[54.112,43.77],[54.081,43.788],[54.044,43.8],[53.986,43.795],[53.96,43.813],[53.918,43.821],[53.886,43.83],[53.857,43.816],[53.838,43.842],[53.858,43.889],[53.858,43.927],[53.842,43.954],[53.816,43.981],[53.788,43.992],[53.766,44.015],[53.755,44.044],[53.73,44.073],[53.704,44.094],[53.68,44.113],[53.66,44.138],[53.631,44.155],[53.602,44.17],[53.573,44.155],[53.53,44.145],[53.506,44.12],[53.472,44.095],[53.438,44.079],[53.406,44.075],[53.375,44.058],[53.343,44.058],[53.35,44.088],[53.382,44.101],[53.406,44.12],[53.433,44.139],[53.46,44.162],[53.489,44.183],[53.512,44.206],[53.539,44.229],[53.569,44.246],[53.601,44.257],[53.601,44.29],[53.613,44.319],[53.621,44.348],[53.602,44.371],[53.578,44.391],[53.583,44.444],[53.575,44.475],[53.55,44.497],[53.527,44.529],[53.533,44.558],[53.557,44.58],[53.583,44.619],[53.595,44.648],[53.614,44.674],[53.63,44.702],[53.642,44.734],[53.662,44.759],[53.681,44.791],[53.752,44.791],[53.777,44.77],[53.813,44.771],[53.822,44.801],[53.852,44.792],[53.88,44.815],[53.902,44.841],[53.937,44.846],[53.969,44.829],[53.997,44.808],[54.04,44.816],[54.069,44.8],[54.099,44.79],[54.101,44.759],[54.105,44.727],[54.136,44.72],[54.159,44.698],[54.187,44.665],[54.202,44.634],[54.217,44.6],[54.245,44.581],[54.274,44.562],[54.274,44.531],[54.263,44.502],[54.27,44.473],[54.287,44.448],[54.319,44.417],[54.313,44.365],[54.296,44.327],[54.327,44.317],[54.358,44.322],[54.374,44.348],[54.393,44.379],[54.427,44.379],[54.457,44.388],[54.459,44.423],[54.498,44.442],[54.534,44.473],[54.548,44.5],[54.573,44.525],[54.592,44.549],[54.628,44.559],[54.649,44.585],[54.663,44.616],[54.694,44.624],[54.734,44.634],[54.766,44.643],[54.772,44.674],[54.796,44.696],[54.84,44.709],[54.877,44.699],[54.906,44.688],[54.939,44.687],[54.966,44.706],[55.019,44.717],[55.048,44.733],[55.1,44.742],[55.131,44.751],[55.162,44.751],[55.19,44.733],[55.223,44.733],[55.262,44.755],[55.263,44.786],[55.283,44.81],[55.291,44.839],[55.319,44.862],[55.358,44.885],[55.384,44.906],[55.405,44.933],[55.452,44.942],[55.478,44.967],[55.506,44.958],[55.494,44.987],[55.459,45.001],[55.449,45.036],[55.427,45.059],[55.398,45.067],[55.364,45.076],[55.331,45.08],[55.294,45.091],[55.268,45.075],[55.254,45.103],[55.219,45.112],[55.181,45.129],[55.139,45.134],[55.141,45.168],[55.137,45.202],[55.129,45.231],[55.108,45.256],[55.075,45.258],[55.04,45.267],[55.006,45.283],[54.983,45.304],[54.966,45.356],[54.931,45.379],[54.905,45.394],[54.881,45.416],[54.848,45.424],[54.816,45.42],[54.79,45.437],[54.76,45.43],[54.723,45.433],[54.692,45.446],[54.674,45.473],[54.644,45.487],[54.629,45.515],[54.601,45.529],[54.568,45.541],[54.554,45.577],[54.542,45.606],[54.545,45.644],[54.526,45.674],[54.494,45.683],[54.465,45.667],[54.433,45.658],[54.397,45.676],[54.395,45.706],[54.388,45.744],[54.371,45.769],[54.379,45.802],[54.38,45.832],[54.411,45.846],[54.444,45.841],[54.474,45.834],[54.493,45.862],[54.517,45.881],[54.534,45.906],[54.558,45.946],[54.574,45.977],[54.584,46.012],[54.615,46.017],[54.642,46.04],[54.608,46.067],[54.571,46.067],[54.543,46.088],[54.517,46.113],[54.527,46.141],[54.56,46.138],[54.594,46.141],[54.623,46.158],[54.654,46.162],[54.685,46.151],[54.695,46.19],[54.706,46.22],[54.737,46.22],[54.769,46.201],[54.797,46.224],[54.825,46.238],[54.854,46.229],[54.844,46.259],[54.802,46.271],[54.769,46.271],[54.74,46.283],[54.724,46.312],[54.693,46.317],[54.667,46.333],[54.635,46.346],[54.609,46.364],[54.595,46.399],[54.562,46.424],[54.554,46.457],[54.61,46.467],[54.629,46.494],[54.659,46.476],[54.69,46.48],[54.717,46.496],[54.748,46.483],[54.781,46.47],[54.819,46.458],[54.848,46.442],[54.882,46.45],[54.917,46.45],[54.945,46.429],[54.994,46.424],[55.025,46.416],[55.045,46.394],[55.077,46.392],[55.141,46.405],[55.19,46.409],[55.242,46.417],[55.266,46.439],[55.311,46.449],[55.344,46.463],[55.31,46.488],[55.299,46.52],[55.271,46.538],[55.255,46.568],[55.259,46.602],[55.242,46.63],[55.255,46.665],[55.258,46.698],[55.215,46.72],[55.188,46.733],[55.163,46.756],[55.158,46.786],[55.142,46.814],[55.107,46.834],[55.079,46.846],[55.052,46.866],[55.022,46.88],[55.001,46.902],[54.991,46.94],[55.004,46.969],[55.048,46.974],[55.077,46.966],[55.115,46.962],[55.158,46.967],[55.172,46.934],[55.202,46.926],[55.228,46.908],[55.274,46.888],[55.303,46.909],[55.333,46.916],[55.365,46.884],[55.398,46.892],[55.431,46.891],[55.462,46.89],[55.508,46.896],[55.5,46.925],[55.521,46.952],[55.524,46.994],[55.516,47.026],[55.538,47.052],[55.577,47.059],[55.611,47.067],[55.652,47.076],[55.681,47.091],[55.71,47.104],[55.721,47.132],[55.753,47.134],[55.779,47.15],[55.77,47.187],[55.718,47.196],[55.721,47.227],[55.706,47.258],[55.66,47.271],[55.638,47.294],[55.668,47.308],[55.698,47.313],[55.74,47.313],[55.808,47.313],[55.785,47.334],[55.752,47.342],[55.716,47.374],[55.686,47.383],[55.702,47.413],[55.74,47.413],[55.773,47.426],[55.833,47.442],[55.826,47.473],[55.817,47.51],[55.843,47.529],[55.873,47.545],[55.902,47.554],[55.936,47.566],[56.002,47.563],[56.027,47.58],[56.06,47.575],[56.08,47.552],[56.096,47.523],[56.095,47.477],[56.113,47.446],[56.136,47.424],[56.173,47.416],[56.206,47.413],[56.242,47.408],[56.273,47.417],[56.298,47.434],[56.336,47.437],[56.369,47.433],[56.404,47.443],[56.437,47.463],[56.455,47.497],[56.434,47.535],[56.458,47.554],[56.49,47.537],[56.495,47.505],[56.496,47.464],[56.525,47.45],[56.573,47.449],[56.615,47.441],[56.644,47.433],[56.677,47.425],[56.695,47.46],[56.704,47.498],[56.746,47.513],[56.786,47.513],[56.816,47.517],[56.834,47.552],[56.846,47.607],[56.859,47.636],[56.87,47.665],[56.854,47.692],[56.863,47.723],[56.881,47.751],[56.913,47.763],[56.944,47.734],[56.977,47.733],[57.035,47.737],[57.065,47.729],[57.079,47.694],[57.119,47.667],[57.148,47.684],[57.18,47.676],[57.215,47.666],[57.245,47.68],[57.273,47.704],[57.302,47.712],[57.342,47.709],[57.411,47.713],[57.433,47.74],[57.469,47.742],[57.496,47.729],[57.527,47.733],[57.561,47.742],[57.59,47.75],[57.623,47.755],[57.657,47.746],[57.69,47.754],[57.717,47.727],[57.713,47.693],[57.733,47.66],[57.765,47.658],[57.795,47.663],[57.827,47.671],[57.858,47.666],[57.888,47.626],[57.888,47.592],[57.931,47.591],[57.965,47.588],[57.988,47.61],[57.999,47.64],[58.035,47.642],[58.066,47.627],[58.093,47.609],[58.123,47.616],[58.134,47.645],[58.165,47.655],[58.158,47.684],[58.188,47.708],[58.219,47.72],[58.266,47.724],[58.321,47.704],[58.348,47.684],[58.385,47.659],[58.384,47.623],[58.367,47.583],[58.351,47.557],[58.354,47.477],[58.33,47.455],[58.355,47.434],[58.372,47.392],[58.379,47.355],[58.349,47.34],[58.315,47.301],[58.302,47.267],[58.292,47.238],[58.291,47.206],[58.26,47.187],[58.227,47.167],[58.188,47.158],[58.174,47.13],[58.138,47.12],[58.117,47.095],[58.091,47.077],[58.087,47.035],[58.065,47.013],[58.055,46.981],[58.075,46.948],[58.075,46.917],[58.056,46.884],[58.006,46.871],[57.971,46.858],[57.938,46.866],[57.924,46.833],[57.874,46.833],[57.843,46.832],[57.813,46.821],[57.781,46.826],[57.745,46.82],[57.714,46.834],[57.681,46.829],[57.65,46.825],[57.618,46.825],[57.608,46.821]]]}},{"type":"Feature","properties":{"HYBAS_ID":2040085960,"MAIN_BAS":2040085960,"NEXT_DOWN":0,"SUB_AREA":58373.7,"UP_AREA":58373.7,"ENDO":2},"geometry":{"type":"Polygon","coordinates":[[[32.729,39.063],[32.699,39.087],[32.674,39.106],[32.68,39.151],[32.679,39.189],[32.675,39.22],[32.671,39.252],[32.646,39.268],[32.646,39.313],[32.629,39.34],[32.645,39.369],[32.65,39.4],[32.727,39.396],[32.773,39.392],[32.792,39.419],[32.791,39.452],[32.81,39.479],[32.842,39.483],[32.874,39.47],[32.908,39.45],[32.912,39.415],[32.929,39.385],[32.944,39.359],[32.954,39.323],[32.946,39.285],[32.942,39.246],[32.973,39.216],[32.997,39.189],[33.033,39.174],[33.065,39.163],[33.093,39.179],[33.125,39.179],[33.156,39.212],[33.19,39.213],[33.214,39.237],[33.244,39.242],[33.277,39.238],[33.306,39.226],[33.331,39.205],[33.354,39.181],[33.37,39.148],[33.395,39.128],[33.429,39.094],[33.462,39.083],[33.479,39.05],[33.51,39.045],[33.546,39.046],[33.582,39.041],[33.627,39.038],[33.656,39.046],[33.679,39.023],[33.704,38.999],[33.722,38.963],[33.754,38.936],[33.781,38.917],[33.802,38.888],[33.827,38.871],[33.875,38.84],[33.911,38.825],[33.945,38.798],[33.958,38.771],[33.966,38.74],[33.987,38.712],[34.004,38.677],[34.029,38.657],[34.065,38.641],[34.104,38.615],[34.14,38.6],[34.154,38.573],[34.168,38.546],[34.198,38.533],[34.244,38.52],[34.272,38.499],[34.303,38.504],[34.323,38.479],[34.356,38.483],[34.379,38.506],[34.412,38.512],[34.441,38.519],[34.473,38.513],[34.506,38.505],[34.549,38.491],[34.563,38.458],[34.593,38.45],[34.623,38.455],[34.67,38.489],[34.698,38.504],[34.732,38.496],[34.773,38.492],[34.802,38.508],[34.84,38.512],[34.873,38.513],[34.907,38.512],[34.89,38.48],[34.874,38.442],[34.844,38.429],[34.829,38.398],[34.813,38.368],[34.813,38.335],[34.827,38.308],[34.856,38.299],[34.89,38.287],[34.913,38.263],[34.926,38.222],[34.951,38.198],[34.958,38.156],[34.949,38.115],[34.977,38.1],[35.008,38.086],[35.018,38.05],[35.048,38.038],[35.055,38.006],[35.036,37.98],[35.002,37.974],[34.95,37.988],[34.915,37.979],[34.88,37.97],[34.874,37.94],[34.87,37.888],[34.867,37.854],[34.849,37.827],[34.841,37.788],[34.81,37.784],[34.78,37.778],[34.752,37.758],[34.728,37.738],[34.705,37.719],[34.682,37.697],[34.652,37.691],[34.621,37.682],[34.593,37.666],[34.543,37.658],[34.533,37.627],[34.533,37.596],[34.502,37.591],[34.461,37.576],[34.423,37.562],[34.396,37.527],[34.429,37.513],[34.421,37.48],[34.425,37.446],[34.466,37.429],[34.499,37.412],[34.504,37.379],[34.473,37.379],[34.443,37.366],[34.414,37.358],[34.426,37.329],[34.465,37.321],[34.471,37.292],[34.443,37.279],[34.415,37.263],[34.386,37.255],[34.356,37.25],[34.327,37.241],[34.296,37.225],[34.268,37.212],[34.238,37.204],[34.207,37.192],[34.173,37.192],[34.17,37.155],[34.146,37.125],[34.123,37.096],[34.089,37.083],[34.071,37.052],[34.058,37.025],[34.02,37.029],[33.99,37.045],[33.962,37.033],[33.931,37.033],[33.898,37.013],[33.869,37.001],[33.832,37.012],[33.796,37.021],[33.765,37.025],[33.732,37.021],[33.708,36.998],[33.684,36.979],[33.656,36.966],[33.626,36.962],[33.598,36.925],[33.563,36.942],[33.531,36.958],[33.506,36.974],[33.46,36.962],[33.421,36.936],[33.388,36.942],[33.359,36.936],[33.344,36.908],[33.308,36.896],[33.283,36.912],[33.252,36.913],[33.218,36.925],[33.183,36.938],[33.16,36.959],[33.127,36.979],[33.09,36.996],[33.058,37.009],[33.026,37.017],[33.01,37.046],[33.008,37.081],[32.988,37.133],[32.96,37.15],[32.927,37.167],[32.898,37.18],[32.842,37.192],[32.811,37.208],[32.773,37.217],[32.74,37.213],[32.702,37.192],[32.673,37.199],[32.629,37.192],[32.594,37.196],[32.588,37.228],[32.544,37.238],[32.503,37.237],[32.475,37.25],[32.462,37.221],[32.438,37.197],[32.419,37.17],[32.374,37.188],[32.335,37.192],[32.305,37.194],[32.299,37.152],[32.276,37.115],[32.258,37.088],[32.226,37.062],[32.198,37.076],[32.165,37.079],[32.135,37.054],[32.113,37.031],[32.129,37.004],[32.155,36.988],[32.184,36.976],[32.213,36.955],[32.221,36.923],[32.19,36.917],[32.159,36.909],[32.128,36.921],[32.096,36.917],[32.065,36.92],[32.049,36.949],[32.025,36.977],[31.996,37.002],[31.984,37.031],[31.968,37.057],[31.987,37.085],[31.965,37.112],[31.949,37.144],[31.93,37.168],[31.904,37.188],[31.892,37.221],[31.865,37.237],[31.841,37.261],[31.85,37.294],[31.814,37.317],[31.779,37.325],[31.748,37.325],[31.719,37.312],[31.66,37.313],[31.63,37.316],[31.592,37.316],[31.56,37.324],[31.527,37.32],[31.538,37.271],[31.502,37.263],[31.472,37.237],[31.442,37.217],[31.418,37.238],[31.407,37.27],[31.383,37.294],[31.375,37.323],[31.356,37.349],[31.334,37.377],[31.317,37.41],[31.321,37.442],[31.327,37.471],[31.337,37.502],[31.342,37.532],[31.338,37.564],[31.325,37.593],[31.294,37.613],[31.275,37.638],[31.296,37.663],[31.296,37.713],[31.281,37.742],[31.254,37.77],[31.274,37.795],[31.266,37.824],[31.242,37.851],[31.224,37.877],[31.197,37.897],[31.173,37.92],[31.15,37.94],[31.181,37.946],[31.171,38.0],[31.2,38.017],[31.179,38.045],[31.134,38.051],[31.158,38.081],[31.167,38.117],[31.198,38.12],[31.231,38.141],[31.281,38.155],[31.315,38.162],[31.356,38.158],[31.399,38.167],[31.412,38.195],[31.382,38.205],[31.355,38.231],[31.35,38.271],[31.322,38.284],[31.295,38.302],[31.29,38.333],[31.261,38.37],[31.225,38.388],[31.208,38.413],[31.194,38.449],[31.165,38.467],[31.136,38.483],[31.105,38.497],[31.073,38.496],[31.039,38.495],[31.013,38.475],[30.985,38.462],[30.967,38.435],[30.938,38.42],[30.905,38.409],[30.877,38.396],[30.844,38.367],[30.814,38.359],[30.799,38.323],[30.777,38.296],[30.743,38.291],[30.723,38.266],[30.679,38.258],[30.648,38.242],[30.618,38.229],[30.586,38.217],[30.559,38.231],[30.533,38.248],[30.538,38.286],[30.546,38.318],[30.519,38.338],[30.509,38.367],[30.48,38.38],[30.443,38.383],[30.413,38.383],[30.413,38.414],[30.399,38.452],[30.392,38.483],[30.376,38.515],[30.383,38.552],[30.388,38.585],[30.409,38.619],[30.434,38.637],[30.416,38.663],[30.38,38.663],[30.352,38.683],[30.323,38.671],[30.29,38.675],[30.261,38.684],[30.227,38.663],[30.181,38.65],[30.15,38.648],[30.119,38.67],[30.092,38.689],[30.068,38.713],[30.037,38.729],[30.004,38.742],[30.009,38.807],[30.041,38.826],[30.077,38.829],[30.106,38.849],[30.144,38.851],[30.187,38.855],[30.196,38.885],[30.213,38.913],[30.269,38.904],[30.298,38.895],[30.325,38.875],[30.369,38.88],[30.387,38.906],[30.395,38.935],[30.405,38.974],[30.401,39.006],[30.421,39.035],[30.443,39.075],[30.469,39.095],[30.484,39.124],[30.514,39.109],[30.552,39.1],[30.581,39.084],[30.614,39.071],[30.639,39.055],[30.669,39.03],[30.695,39.015],[30.727,38.995],[30.758,39.0],[30.763,38.968],[30.793,38.962],[30.829,38.975],[30.837,38.945],[30.869,38.921],[30.898,38.912],[30.923,38.892],[30.957,38.892],[30.986,38.866],[31.023,38.863],[31.052,38.87],[31.086,38.87],[31.114,38.855],[31.148,38.849],[31.175,38.828],[31.205,38.821],[31.236,38.82],[31.269,38.824],[31.298,38.841],[31.34,38.846],[31.369,38.855],[31.398,38.842],[31.429,38.833],[31.445,38.808],[31.446,38.756],[31.421,38.738],[31.441,38.715],[31.477,38.695],[31.513,38.692],[31.565,38.679],[31.595,38.66],[31.625,38.645],[31.647,38.674],[31.679,38.676],[31.703,38.653],[31.719,38.624],[31.748,38.616],[31.771,38.596],[31.767,38.552],[31.792,38.535],[31.82,38.506],[31.806,38.479],[31.784,38.448],[31.779,38.414],[31.76,38.387],[31.718,38.37],[31.721,38.331],[31.709,38.303],[31.676,38.261],[31.667,38.232],[31.659,38.202],[31.631,38.184],[31.609,38.161],[31.588,38.119],[31.579,38.089],[31.559,38.065],[31.577,38.038],[31.602,38.021],[31.631,38.013],[31.646,37.979],[31.679,37.977],[31.71,37.975],[31.737,37.989],[31.754,38.017],[31.807,38.021],[31.84,38.02],[31.869,38.012],[31.913,38.008],[31.944,38.016],[31.977,38.021],[32.006,38.037],[32.035,38.054],[32.07,38.076],[32.098,38.088],[32.132,38.08],[32.161,38.1],[32.2,38.106],[32.24,38.105],[32.277,38.109],[32.311,38.117],[32.346,38.125],[32.376,38.133],[32.421,38.133],[32.453,38.12],[32.487,38.155],[32.474,38.186],[32.474,38.234],[32.486,38.263],[32.505,38.287],[32.53,38.311],[32.524,38.348],[32.526,38.378],[32.55,38.418],[32.558,38.448],[32.569,38.479],[32.593,38.504],[32.631,38.524],[32.605,38.547],[32.592,38.577],[32.575,38.605],[32.588,38.638],[32.555,38.641],[32.541,38.67],[32.52,38.694],[32.485,38.705],[32.457,38.729],[32.429,38.742],[32.432,38.775],[32.451,38.824],[32.479,38.843],[32.506,38.863],[32.536,38.88],[32.564,38.908],[32.589,38.924],[32.584,38.956],[32.636,38.967],[32.67,38.966],[32.702,38.967],[32.726,39.007],[32.721,39.044],[32.729,39.063]]]}},{"type":"Feature","properties":{"HYBAS_ID":2040085990,"MAIN_BAS":2040073570,"NEXT_DOWN":2040073570,"SUB_AREA":17316.3,"UP_AREA":17316.3,"ENDO":2},"geometry":{"type":"Polygon","coordinates":[[[42.779,38.413],[42.739,38.421],[42.702,38.413],[42.673,38.421],[42.639,38.429],[42.606,38.421],[42.591,38.393],[42.561,38.387],[42.523,38.441],[42.489,38.441],[42.463,38.419],[42.427,38.408],[42.396,38.396],[42.36,38.379],[42.326,38.384],[42.301,38.414],[42.295,38.449],[42.264,38.451],[42.236,38.442],[42.215,38.467],[42.205,38.498],[42.213,38.538],[42.22,38.568],[42.21,38.596],[42.192,38.625],[42.21,38.658],[42.226,38.688],[42.204,38.716],[42.166,38.726],[42.142,38.745],[42.127,38.771],[42.142,38.802],[42.154,38.846],[42.177,38.87],[42.21,38.887],[42.256,38.891],[42.287,38.901],[42.306,38.926],[42.34,38.934],[42.366,38.919],[42.406,38.941],[42.44,38.954],[42.475,38.946],[42.501,38.92],[42.544,38.926],[42.573,38.917],[42.588,38.888],[42.609,38.916],[42.635,38.933],[42.665,38.924],[42.699,38.926],[42.728,38.942],[42.765,38.941],[42.792,38.925],[42.825,38.925],[42.854,38.933],[42.887,38.95],[42.91,38.979],[42.945,38.98],[42.963,39.007],[43.0,39.008],[43.023,39.033],[43.052,39.045],[43.084,39.045],[43.114,39.07],[43.144,39.08],[43.123,39.104],[43.12,39.135],[43.15,39.16],[43.155,39.211],[43.179,39.235],[43.166,39.267],[43.17,39.302],[43.157,39.332],[43.19,39.342],[43.248,39.342],[43.263,39.37],[43.303,39.379],[43.36,39.38],[43.394,39.383],[43.431,39.391],[43.454,39.369],[43.452,39.338],[43.489,39.33],[43.513,39.309],[43.539,39.288],[43.57,39.271],[43.6,39.288],[43.633,39.304],[43.647,39.337],[43.677,39.334],[43.706,39.351],[43.735,39.363],[43.763,39.388],[43.804,39.375],[43.831,39.355],[43.863,39.354],[43.896,39.358],[43.931,39.359],[43.965,39.359],[44.002,39.355],[44.026,39.375],[44.048,39.349],[44.076,39.327],[44.08,39.297],[44.092,39.254],[44.099,39.222],[44.123,39.188],[44.152,39.18],[44.182,39.166],[44.201,39.138],[44.217,39.102],[44.195,39.073],[44.2,39.038],[44.211,39.009],[44.191,38.973],[44.199,38.944],[44.218,38.917],[44.219,38.884],[44.245,38.865],[44.278,38.859],[44.3,38.838],[44.313,38.809],[44.292,38.786],[44.287,38.752],[44.274,38.722],[44.271,38.689],[44.283,38.66],[44.264,38.633],[44.21,38.616],[44.181,38.608],[44.149,38.604],[44.123,38.62],[44.095,38.606],[44.087,38.577],[44.075,38.546],[44.023,38.525],[43.989,38.52],[43.983,38.484],[43.998,38.446],[44.012,38.417],[44.029,38.385],[44.052,38.363],[44.08,38.351],[44.125,38.346],[44.109,38.319],[44.086,38.296],[44.056,38.279],[44.036,38.255],[44.006,38.23],[43.969,38.22],[43.949,38.195],[43.917,38.195],[43.921,38.163],[43.891,38.134],[43.896,38.102],[43.871,38.073],[43.85,38.048],[43.829,38.024],[43.829,37.994],[43.804,37.968],[43.787,37.943],[43.788,37.908],[43.752,37.913],[43.705,37.916],[43.692,37.952],[43.705,37.988],[43.684,38.023],[43.667,38.058],[43.614,38.08],[43.609,38.115],[43.608,38.148],[43.617,38.177],[43.585,38.195],[43.553,38.195],[43.485,38.217],[43.445,38.212],[43.417,38.2],[43.379,38.208],[43.348,38.2],[43.315,38.2],[43.281,38.192],[43.252,38.183],[43.214,38.162],[43.181,38.195],[43.135,38.2],[43.109,38.181],[43.103,38.146],[43.051,38.146],[43.023,38.17],[42.994,38.183],[42.961,38.18],[42.918,38.188],[42.888,38.194],[42.856,38.213],[42.819,38.221],[42.82,38.252],[42.844,38.275],[42.831,38.305],[42.806,38.321],[42.792,38.348],[42.787,38.382],[42.779,38.413]]]}}]}