{
"type": "FeatureCollection",
"name": "linestring_zcmap",
"crs": {"type": "name", "properties": {"name": "urn:ogc:def:crs:OGC:1.3:CRS84"}},
"epm_source": {"generator": "epm/postprocessing/create_geojson.py", "generated_at": "2026-08-19T17:58:44+00:00", "zones": ["Angola_Central", "Angola_East", "Angola_North", "Angola_South", "Botswana", "DRC", "DRC_South", "Eswatini", "Lesotho", "Malawi", "Mozal", "Mozambique_Central", "Mozambique_North", "Mozambique_South", "Namibia", "South_Africa", "Tanzania", "Zambia", "Zimbabwe_East", "Zimbabwe_West"], "inputs": {"zcmap": {"path": "epm/input/data_sapp_june26/zcmap.csv", "sha256": "a8f64ac497b5fd787137b553601c7685be717368cf69d725f55553a5c23db84b"}, "geojson_to_epm": {"path": "epm/resources/postprocess/geojson_to_epm.csv", "sha256": "93e435ca483ab06a71894320d9e7fc0bd317b898dae7cd4e8cae1f603bd7ccdd"}, "zone_map": {"path": "epm/resources/postprocess/zones.geojson", "sha256": "73bc09138ba12d6790152df6bd504c9b7e0e10328aeea045138f762089f07b6b"}, "zones_custom": {"path": "epm/resources/postprocess/zones_custom.geojson", "sha256": "4b32981b59468307ac61c36968a5a31d41a9624d953e770f51544f8b3ffd3ddf"}}},
"features": [
{"type": "Feature", "properties": {"z_other": "Lesotho", "z": "Botswana", "country_ini_lat": -22.185772321029283, "country_ini_lon": 23.798986732813958, "lat_linestring": -25.882751382630538, "lon_linestring": 26.013804828904213, "c": "Botswana", "c2": "Lesotho"}, "geometry": {"type": "LineString", "coordinates": [[23.798986732813958, -22.185772321029283], [28.22862292499447, -29.579730444231792]]}},
{"type": "Feature", "properties": {"z_other": "Malawi", "z": "Botswana", "country_ini_lat": -22.185772321029283, "country_ini_lon": 23.798986732813958, "lat_linestring": -17.70149909285771, "lon_linestring": 29.04444726812785, "c": "Botswana", "c2": "Malawi"}, "geometry": {"type": "LineString", "coordinates": [[23.798986732813958, -22.185772321029283], [34.28990780344174, -13.217225864686135]]}},
{"type": "Feature", "properties": {"z_other": "Namibia", "z": "Botswana", "country_ini_lat": -22.185772321029283, "country_ini_lon": 23.798986732813958, "lat_linestring": -22.15750947984788, "lon_linestring": 20.50505996511208, "c": "Botswana", "c2": "Namibia"}, "geometry": {"type": "LineString", "coordinates": [[23.798986732813958, -22.185772321029283], [17.211133197410206, -22.129246638666476]]}},
{"type": "Feature", "properties": {"z_other": "Eswatini", "z": "Botswana", "country_ini_lat": -22.185772321029283, "country_ini_lon": 23.798986732813958, "lat_linestring": -24.37384333502841, "lon_linestring": 27.63950541791139, "c": "Botswana", "c2": "Eswatini"}, "geometry": {"type": "LineString", "coordinates": [[23.798986732813958, -22.185772321029283], [31.480024103008823, -26.561914349027543]]}},
{"type": "Feature", "properties": {"z_other": "Tanzania", "z": "Botswana", "country_ini_lat": -22.185772321029283, "country_ini_lon": 23.798986732813958, "lat_linestring": -14.230434901061537, "lon_linestring": 29.30628657667077, "c": "Botswana", "c2": "Tanzania"}, "geometry": {"type": "LineString", "coordinates": [[23.798986732813958, -22.185772321029283], [34.813586420527585, -6.27509748109379]]}},
{"type": "Feature", "properties": {"z_other": "South_Africa", "z": "Botswana", "country_ini_lat": -22.185772321029283, "country_ini_lon": 23.798986732813958, "lat_linestring": -25.593407341420278, "lon_linestring": 24.4431686445723, "c": "Botswana", "c2": "South_Africa"}, "geometry": {"type": "LineString", "coordinates": [[23.798986732813958, -22.185772321029283], [25.08735055633064, -29.001042361811272]]}},
{"type": "Feature", "properties": {"z_other": "Zambia", "z": "Botswana", "country_ini_lat": -22.185772321029283, "country_ini_lon": 23.798986732813958, "lat_linestring": -17.822941169697447, "lon_linestring": 25.786599533805365, "c": "Botswana", "c2": "Zambia"}, "geometry": {"type": "LineString", "coordinates": [[23.798986732813958, -22.185772321029283], [27.774212334796776, -13.46011001836561]]}},
{"type": "Feature", "properties": {"z_other": "Mozal", "z": "Botswana", "country_ini_lat": -22.185772321029283, "country_ini_lon": 23.798986732813958, "lat_linestring": -24.07181820325474, "lon_linestring": 28.137619815771124, "c": "Botswana", "c2": "Mozambique"}, "geometry": {"type": "LineString", "coordinates": [[23.798986732813958, -22.185772321029283], [32.47625289872829, -25.957864085480196]]}},
{"type": "Feature", "properties": {"z_other": "Angola_North", "z": "Botswana", "country_ini_lat": -22.185772321029283, "country_ini_lon": 23.798986732813958, "lat_linestring": -14.764486915101827, "lon_linestring": 19.391579592532246, "c": "Botswana", "c2": "Angola"}, "geometry": {"type": "LineString", "coordinates": [[23.798986732813958, -22.185772321029283], [14.984172452250533, -7.343201509174372]]}},
{"type": "Feature", "properties": {"z_other": "Angola_East", "z": "Botswana", "country_ini_lat": -22.185772321029283, "country_ini_lon": 23.798986732813958, "lat_linestring": -15.169088390207513, "lon_linestring": 21.952089913989568, "c": "Botswana", "c2": "Angola"}, "geometry": {"type": "LineString", "coordinates": [[23.798986732813958, -22.185772321029283], [20.10519309516518, -8.152404459385744]]}},
{"type": "Feature", "properties": {"z_other": "Angola_Central", "z": "Botswana", "country_ini_lat": -22.185772321029283, "country_ini_lon": 23.798986732813958, "lat_linestring": -16.739078887788917, "lon_linestring": 20.98922789935796, "c": "Botswana", "c2": "Angola"}, "geometry": {"type": "LineString", "coordinates": [[23.798986732813958, -22.185772321029283], [18.17946906590195, -11.292385454548553]]}},
{"type": "Feature", "properties": {"z_other": "Angola_South", "z": "Botswana", "country_ini_lat": -22.185772321029283, "country_ini_lon": 23.798986732813958, "lat_linestring": -18.883639170901837, "lon_linestring": 20.57432293692537, "c": "Botswana", "c2": "Angola"}, "geometry": {"type": "LineString", "coordinates": [[23.798986732813958, -22.185772321029283], [17.34965914103678, -15.581506020774393]]}},
{"type": "Feature", "properties": {"z_other": "DRC", "z": "Botswana", "country_ini_lat": -22.185772321029283, "country_ini_lon": 23.798986732813958, "lat_linestring": -10.950709975635329, "lon_linestring": 23.75999693358875, "c": "Botswana", "c2": "DRC"}, "geometry": {"type": "LineString", "coordinates": [[23.798986732813958, -22.185772321029283], [23.721007134363532, 0.284352369758625]]}},
{"type": "Feature", "properties": {"z_other": "DRC_South", "z": "Botswana", "country_ini_lat": -22.185772321029283, "country_ini_lon": 23.798986732813958, "lat_linestring": -14.668982016622685, "lon_linestring": 23.670812717463008, "c": "Botswana", "c2": "DRC"}, "geometry": {"type": "LineString", "coordinates": [[23.798986732813958, -22.185772321029283], [23.54263870211206, -7.152191712216087]]}},
{"type": "Feature", "properties": {"z_other": "Mozambique_South", "z": "Botswana", "country_ini_lat": -22.185772321029283, "country_ini_lon": 23.798986732813958, "lat_linestring": -22.825089245717948, "lon_linestring": 28.603513444117045, "c": "Botswana", "c2": "Mozambique"}, "geometry": {"type": "LineString", "coordinates": [[23.798986732813958, -22.185772321029283], [33.40804015542013, -23.464406170406612]]}},
{"type": "Feature", "properties": {"z_other": "Mozambique_Central", "z": "Botswana", "country_ini_lat": -22.185772321029283, "country_ini_lon": 23.798986732813958, "lat_linestring": -20.09639795025589, "lon_linestring": 29.438296830669277, "c": "Botswana", "c2": "Mozambique"}, "geometry": {"type": "LineString", "coordinates": [[23.798986732813958, -22.185772321029283], [35.077606928524595, -18.007023579482496]]}},
{"type": "Feature", "properties": {"z_other": "Mozambique_North", "z": "Botswana", "country_ini_lat": -22.185772321029283, "country_ini_lon": 23.798986732813958, "lat_linestring": -18.009134911020798, "lon_linestring": 30.330833322198743, "c": "Botswana", "c2": "Mozambique"}, "geometry": {"type": "LineString", "coordinates": [[23.798986732813958, -22.185772321029283], [36.86267991158353, -13.832497501012314]]}},
{"type": "Feature", "properties": {"z_other": "Zimbabwe_East", "z": "Botswana", "country_ini_lat": -22.185772321029283, "country_ini_lon": 23.798986732813958, "lat_linestring": -20.870247268593914, "lon_linestring": 26.781450570520093, "c": "Botswana", "c2": "Zimbabwe"}, "geometry": {"type": "LineString", "coordinates": [[23.798986732813958, -22.185772321029283], [29.763914408226224, -19.554722216158545]]}},
{"type": "Feature", "properties": {"z_other": "Zimbabwe_West", "z": "Botswana", "country_ini_lat": -22.185772321029283, "country_ini_lon": 23.798986732813958, "lat_linestring": -20.59414422667365, "lon_linestring": 26.825437315839455, "c": "Botswana", "c2": "Zimbabwe"}, "geometry": {"type": "LineString", "coordinates": [[23.798986732813958, -22.185772321029283], [29.851887898864952, -19.00251613231801]]}},
{"type": "Feature", "properties": {"z_other": "Botswana", "z": "Lesotho", "country_ini_lat": -29.579730444231792, "country_ini_lon": 28.22862292499447, "lat_linestring": -25.882751382630538, "lon_linestring": 26.013804828904213, "c": "Lesotho", "c2": "Botswana"}, "geometry": {"type": "LineString", "coordinates": [[28.22862292499447, -29.579730444231792], [23.798986732813958, -22.185772321029283]]}},
{"type": "Feature", "properties": {"z_other": "Malawi", "z": "Lesotho", "country_ini_lat": -29.579730444231792, "country_ini_lon": 28.22862292499447, "lat_linestring": -21.398478154458964, "lon_linestring": 31.259265364218106, "c": "Lesotho", "c2": "Malawi"}, "geometry": {"type": "LineString", "coordinates": [[28.22862292499447, -29.579730444231792], [34.28990780344174, -13.217225864686135]]}},
{"type": "Feature", "properties": {"z_other": "Namibia", "z": "Lesotho", "country_ini_lat": -29.579730444231792, "country_ini_lon": 28.22862292499447, "lat_linestring": -25.854488541449136, "lon_linestring": 22.719878061202337, "c": "Lesotho", "c2": "Namibia"}, "geometry": {"type": "LineString", "coordinates": [[28.22862292499447, -29.579730444231792], [17.211133197410206, -22.129246638666476]]}},
{"type": "Feature", "properties": {"z_other": "Eswatini", "z": "Lesotho", "country_ini_lat": -29.579730444231792, "country_ini_lon": 28.22862292499447, "lat_linestring": -28.070822396629666, "lon_linestring": 29.854323514001646, "c": "Lesotho", "c2": "Eswatini"}, "geometry": {"type": "LineString", "coordinates": [[28.22862292499447, -29.579730444231792], [31.480024103008823, -26.561914349027543]]}},
{"type": "Feature", "properties": {"z_other": "Tanzania", "z": "Lesotho", "country_ini_lat": -29.579730444231792, "country_ini_lon": 28.22862292499447, "lat_linestring": -17.92741396266279, "lon_linestring": 31.521104672761027, "c": "Lesotho", "c2": "Tanzania"}, "geometry": {"type": "LineString", "coordinates": [[28.22862292499447, -29.579730444231792], [34.813586420527585, -6.27509748109379]]}},
{"type": "Feature", "properties": {"z_other": "South_Africa", "z": "Lesotho", "country_ini_lat": -29.579730444231792, "country_ini_lon": 28.22862292499447, "lat_linestring": -29.290386403021532, "lon_linestring": 26.65798674066255, "c": "Lesotho", "c2": "South_Africa"}, "geometry": {"type": "LineString", "coordinates": [[28.22862292499447, -29.579730444231792], [25.08735055633064, -29.001042361811272]]}},
{"type": "Feature", "properties": {"z_other": "Zambia", "z": "Lesotho", "country_ini_lat": -29.579730444231792, "country_ini_lon": 28.22862292499447, "lat_linestring": -21.519920231298702, "lon_linestring": 28.00141762989562, "c": "Lesotho", "c2": "Zambia"}, "geometry": {"type": "LineString", "coordinates": [[28.22862292499447, -29.579730444231792], [27.774212334796776, -13.46011001836561]]}},
{"type": "Feature", "properties": {"z_other": "Mozal", "z": "Lesotho", "country_ini_lat": -29.579730444231792, "country_ini_lon": 28.22862292499447, "lat_linestring": -27.768797264855998, "lon_linestring": 30.352437911861376, "c": "Lesotho", "c2": "Mozambique"}, "geometry": {"type": "LineString", "coordinates": [[28.22862292499447, -29.579730444231792], [32.47625289872829, -25.957864085480196]]}},
{"type": "Feature", "properties": {"z_other": "Angola_North", "z": "Lesotho", "country_ini_lat": -29.579730444231792, "country_ini_lon": 28.22862292499447, "lat_linestring": -18.46146597670308, "lon_linestring": 21.6063976886225, "c": "Lesotho", "c2": "Angola"}, "geometry": {"type": "LineString", "coordinates": [[28.22862292499447, -29.579730444231792], [14.984172452250533, -7.343201509174372]]}},
{"type": "Feature", "properties": {"z_other": "Angola_East", "z": "Lesotho", "country_ini_lat": -29.579730444231792, "country_ini_lon": 28.22862292499447, "lat_linestring": -18.866067451808767, "lon_linestring": 24.166908010079823, "c": "Lesotho", "c2": "Angola"}, "geometry": {"type": "LineString", "coordinates": [[28.22862292499447, -29.579730444231792], [20.10519309516518, -8.152404459385744]]}},
{"type": "Feature", "properties": {"z_other": "Angola_Central", "z": "Lesotho", "country_ini_lat": -29.579730444231792, "country_ini_lon": 28.22862292499447, "lat_linestring": -20.43605794939017, "lon_linestring": 23.20404599544821, "c": "Lesotho", "c2": "Angola"}, "geometry": {"type": "LineString", "coordinates": [[28.22862292499447, -29.579730444231792], [18.17946906590195, -11.292385454548553]]}},
{"type": "Feature", "properties": {"z_other": "Angola_South", "z": "Lesotho", "country_ini_lat": -29.579730444231792, "country_ini_lon": 28.22862292499447, "lat_linestring": -22.58061823250309, "lon_linestring": 22.789141033015625, "c": "Lesotho", "c2": "Angola"}, "geometry": {"type": "LineString", "coordinates": [[28.22862292499447, -29.579730444231792], [17.34965914103678, -15.581506020774393]]}},
{"type": "Feature", "properties": {"z_other": "DRC", "z": "Lesotho", "country_ini_lat": -29.579730444231792, "country_ini_lon": 28.22862292499447, "lat_linestring": -14.647689037236583, "lon_linestring": 25.974815029679, "c": "Lesotho", "c2": "DRC"}, "geometry": {"type": "LineString", "coordinates": [[28.22862292499447, -29.579730444231792], [23.721007134363532, 0.284352369758625]]}},
{"type": "Feature", "properties": {"z_other": "DRC_South", "z": "Lesotho", "country_ini_lat": -29.579730444231792, "country_ini_lon": 28.22862292499447, "lat_linestring": -18.36596107822394, "lon_linestring": 25.885630813553263, "c": "Lesotho", "c2": "DRC"}, "geometry": {"type": "LineString", "coordinates": [[28.22862292499447, -29.579730444231792], [23.54263870211206, -7.152191712216087]]}},
{"type": "Feature", "properties": {"z_other": "Mozambique_South", "z": "Lesotho", "country_ini_lat": -29.579730444231792, "country_ini_lon": 28.22862292499447, "lat_linestring": -26.522068307319202, "lon_linestring": 30.8183315402073, "c": "Lesotho", "c2": "Mozambique"}, "geometry": {"type": "LineString", "coordinates": [[28.22862292499447, -29.579730444231792], [33.40804015542013, -23.464406170406612]]}},
{"type": "Feature", "properties": {"z_other": "Mozambique_Central", "z": "Lesotho", "country_ini_lat": -29.579730444231792, "country_ini_lon": 28.22862292499447, "lat_linestring": -23.793377011857146, "lon_linestring": 31.65311492675953, "c": "Lesotho", "c2": "Mozambique"}, "geometry": {"type": "LineString", "coordinates": [[28.22862292499447, -29.579730444231792], [35.077606928524595, -18.007023579482496]]}},
{"type": "Feature", "properties": {"z_other": "Mozambique_North", "z": "Lesotho", "country_ini_lat": -29.579730444231792, "country_ini_lon": 28.22862292499447, "lat_linestring": -21.706113972622052, "lon_linestring": 32.545651418289, "c": "Lesotho", "c2": "Mozambique"}, "geometry": {"type": "LineString", "coordinates": [[28.22862292499447, -29.579730444231792], [36.86267991158353, -13.832497501012314]]}},
{"type": "Feature", "properties": {"z_other": "Zimbabwe_East", "z": "Lesotho", "country_ini_lat": -29.579730444231792, "country_ini_lon": 28.22862292499447, "lat_linestring": -24.56722633019517, "lon_linestring": 28.996268666610348, "c": "Lesotho", "c2": "Zimbabwe"}, "geometry": {"type": "LineString", "coordinates": [[28.22862292499447, -29.579730444231792], [29.763914408226224, -19.554722216158545]]}},
{"type": "Feature", "properties": {"z_other": "Zimbabwe_West", "z": "Lesotho", "country_ini_lat": -29.579730444231792, "country_ini_lon": 28.22862292499447, "lat_linestring": -24.291123288274903, "lon_linestring": 29.04025541192971, "c": "Lesotho", "c2": "Zimbabwe"}, "geometry": {"type": "LineString", "coordinates": [[28.22862292499447, -29.579730444231792], [29.851887898864952, -19.00251613231801]]}},
{"type": "Feature", "properties": {"z_other": "Botswana", "z": "Malawi", "country_ini_lat": -13.217225864686135, "country_ini_lon": 34.28990780344174, "lat_linestring": -17.70149909285771, "lon_linestring": 29.04444726812785, "c": "Malawi", "c2": "Botswana"}, "geometry": {"type": "LineString", "coordinates": [[34.28990780344174, -13.217225864686135], [23.798986732813958, -22.185772321029283]]}},
{"type": "Feature", "properties": {"z_other": "Lesotho", "z": "Malawi", "country_ini_lat": -13.217225864686135, "country_ini_lon": 34.28990780344174, "lat_linestring": -21.398478154458964, "lon_linestring": 31.259265364218106, "c": "Malawi", "c2": "Lesotho"}, "geometry": {"type": "LineString", "coordinates": [[34.28990780344174, -13.217225864686135], [28.22862292499447, -29.579730444231792]]}},
{"type": "Feature", "properties": {"z_other": "Namibia", "z": "Malawi", "country_ini_lat": -13.217225864686135, "country_ini_lon": 34.28990780344174, "lat_linestring": -17.673236251676308, "lon_linestring": 25.750520500425974, "c": "Malawi", "c2": "Namibia"}, "geometry": {"type": "LineString", "coordinates": [[34.28990780344174, -13.217225864686135], [17.211133197410206, -22.129246638666476]]}},
{"type": "Feature", "properties": {"z_other": "Eswatini", "z": "Malawi", "country_ini_lat": -13.217225864686135, "country_ini_lon": 34.28990780344174, "lat_linestring": -19.889570106856837, "lon_linestring": 32.88496595322528, "c": "Malawi", "c2": "Eswatini"}, "geometry": {"type": "LineString", "coordinates": [[34.28990780344174, -13.217225864686135], [31.480024103008823, -26.561914349027543]]}},
{"type": "Feature", "properties": {"z_other": "Tanzania", "z": "Malawi", "country_ini_lat": -13.217225864686135, "country_ini_lon": 34.28990780344174, "lat_linestring": -9.746161672889963, "lon_linestring": 34.55174711198467, "c": "Malawi", "c2": "Tanzania"}, "geometry": {"type": "LineString", "coordinates": [[34.28990780344174, -13.217225864686135], [34.813586420527585, -6.27509748109379]]}},
{"type": "Feature", "properties": {"z_other": "South_Africa", "z": "Malawi", "country_ini_lat": -13.217225864686135, "country_ini_lon": 34.28990780344174, "lat_linestring": -21.109134113248704, "lon_linestring": 29.688629179886192, "c": "Malawi", "c2": "South_Africa"}, "geometry": {"type": "LineString", "coordinates": [[34.28990780344174, -13.217225864686135], [25.08735055633064, -29.001042361811272]]}},
{"type": "Feature", "properties": {"z_other": "Zambia", "z": "Malawi", "country_ini_lat": -13.217225864686135, "country_ini_lon": 34.28990780344174, "lat_linestring": -13.338667941525873, "lon_linestring": 31.03206006911926, "c": "Malawi", "c2": "Zambia"}, "geometry": {"type": "LineString", "coordinates": [[34.28990780344174, -13.217225864686135], [27.774212334796776, -13.46011001836561]]}},
{"type": "Feature", "properties": {"z_other": "Mozal", "z": "Malawi", "country_ini_lat": -13.217225864686135, "country_ini_lon": 34.28990780344174, "lat_linestring": -19.587544975083166, "lon_linestring": 33.38308035108501, "c": "Malawi", "c2": "Mozambique"}, "geometry": {"type": "LineString", "coordinates": [[34.28990780344174, -13.217225864686135], [32.47625289872829, -25.957864085480196]]}},
{"type": "Feature", "properties": {"z_other": "Angola_North", "z": "Malawi", "country_ini_lat": -13.217225864686135, "country_ini_lon": 34.28990780344174, "lat_linestring": -10.280213686930253, "lon_linestring": 24.637040127846138, "c": "Malawi", "c2": "Angola"}, "geometry": {"type": "LineString", "coordinates": [[34.28990780344174, -13.217225864686135], [14.984172452250533, -7.343201509174372]]}},
{"type": "Feature", "properties": {"z_other": "Angola_East", "z": "Malawi", "country_ini_lat": -13.217225864686135, "country_ini_lon": 34.28990780344174, "lat_linestring": -10.684815162035939, "lon_linestring": 27.197550449303463, "c": "Malawi", "c2": "Angola"}, "geometry": {"type": "LineString", "coordinates": [[34.28990780344174, -13.217225864686135], [20.10519309516518, -8.152404459385744]]}},
{"type": "Feature", "properties": {"z_other": "Angola_Central", "z": "Malawi", "country_ini_lat": -13.217225864686135, "country_ini_lon": 34.28990780344174, "lat_linestring": -12.254805659617343, "lon_linestring": 26.234688434671845, "c": "Malawi", "c2": "Angola"}, "geometry": {"type": "LineString", "coordinates": [[34.28990780344174, -13.217225864686135], [18.17946906590195, -11.292385454548553]]}},
{"type": "Feature", "properties": {"z_other": "Angola_South", "z": "Malawi", "country_ini_lat": -13.217225864686135, "country_ini_lon": 34.28990780344174, "lat_linestring": -14.399365942730263, "lon_linestring": 25.819783472239262, "c": "Malawi", "c2": "Angola"}, "geometry": {"type": "LineString", "coordinates": [[34.28990780344174, -13.217225864686135], [17.34965914103678, -15.581506020774393]]}},
{"type": "Feature", "properties": {"z_other": "DRC", "z": "Malawi", "country_ini_lat": -13.217225864686135, "country_ini_lon": 34.28990780344174, "lat_linestring": -6.466436747463756, "lon_linestring": 29.005457468902637, "c": "Malawi", "c2": "DRC"}, "geometry": {"type": "LineString", "coordinates": [[34.28990780344174, -13.217225864686135], [23.721007134363532, 0.284352369758625]]}},
{"type": "Feature", "properties": {"z_other": "DRC_South", "z": "Malawi", "country_ini_lat": -13.217225864686135, "country_ini_lon": 34.28990780344174, "lat_linestring": -10.184708788451111, "lon_linestring": 28.916273252776904, "c": "Malawi", "c2": "DRC"}, "geometry": {"type": "LineString", "coordinates": [[34.28990780344174, -13.217225864686135], [23.54263870211206, -7.152191712216087]]}},
{"type": "Feature", "properties": {"z_other": "Mozambique_South", "z": "Malawi", "country_ini_lat": -13.217225864686135, "country_ini_lon": 34.28990780344174, "lat_linestring": -18.340816017546373, "lon_linestring": 33.84897397943094, "c": "Malawi", "c2": "Mozambique"}, "geometry": {"type": "LineString", "coordinates": [[34.28990780344174, -13.217225864686135], [33.40804015542013, -23.464406170406612]]}},
{"type": "Feature", "properties": {"z_other": "Mozambique_Central", "z": "Malawi", "country_ini_lat": -13.217225864686135, "country_ini_lon": 34.28990780344174, "lat_linestring": -15.612124722084316, "lon_linestring": 34.68375736598317, "c": "Malawi", "c2": "Mozambique"}, "geometry": {"type": "LineString", "coordinates": [[34.28990780344174, -13.217225864686135], [35.077606928524595, -18.007023579482496]]}},
{"type": "Feature", "properties": {"z_other": "Mozambique_North", "z": "Malawi", "country_ini_lat": -13.217225864686135, "country_ini_lon": 34.28990780344174, "lat_linestring": -13.524861682849224, "lon_linestring": 35.57629385751264, "c": "Malawi", "c2": "Mozambique"}, "geometry": {"type": "LineString", "coordinates": [[34.28990780344174, -13.217225864686135], [36.86267991158353, -13.832497501012314]]}},
{"type": "Feature", "properties": {"z_other": "Zimbabwe_East", "z": "Malawi", "country_ini_lat": -13.217225864686135, "country_ini_lon": 34.28990780344174, "lat_linestring": -16.38597404042234, "lon_linestring": 32.02691110583398, "c": "Malawi", "c2": "Zimbabwe"}, "geometry": {"type": "LineString", "coordinates": [[34.28990780344174, -13.217225864686135], [29.763914408226224, -19.554722216158545]]}},
{"type": "Feature", "properties": {"z_other": "Zimbabwe_West", "z": "Malawi", "country_ini_lat": -13.217225864686135, "country_ini_lon": 34.28990780344174, "lat_linestring": -16.109870998502075, "lon_linestring": 32.07089785115335, "c": "Malawi", "c2": "Zimbabwe"}, "geometry": {"type": "LineString", "coordinates": [[34.28990780344174, -13.217225864686135], [29.851887898864952, -19.00251613231801]]}},
{"type": "Feature", "properties": {"z_other": "Botswana", "z": "Namibia", "country_ini_lat": -22.129246638666476, "country_ini_lon": 17.211133197410206, "lat_linestring": -22.15750947984788, "lon_linestring": 20.50505996511208, "c": "Namibia", "c2": "Botswana"}, "geometry": {"type": "LineString", "coordinates": [[17.211133197410206, -22.129246638666476], [23.798986732813958, -22.185772321029283]]}},
{"type": "Feature", "properties": {"z_other": "Lesotho", "z": "Namibia", "country_ini_lat": -22.129246638666476, "country_ini_lon": 17.211133197410206, "lat_linestring": -25.854488541449136, "lon_linestring": 22.719878061202337, "c": "Namibia", "c2": "Lesotho"}, "geometry": {"type": "LineString", "coordinates": [[17.211133197410206, -22.129246638666476], [28.22862292499447, -29.579730444231792]]}},
{"type": "Feature", "properties": {"z_other": "Malawi", "z": "Namibia", "country_ini_lat": -22.129246638666476, "country_ini_lon": 17.211133197410206, "lat_linestring": -17.673236251676308, "lon_linestring": 25.750520500425974, "c": "Namibia", "c2": "Malawi"}, "geometry": {"type": "LineString", "coordinates": [[17.211133197410206, -22.129246638666476], [34.28990780344174, -13.217225864686135]]}},
{"type": "Feature", "properties": {"z_other": "Eswatini", "z": "Namibia", "country_ini_lat": -22.129246638666476, "country_ini_lon": 17.211133197410206, "lat_linestring": -24.34558049384701, "lon_linestring": 24.345578650209514, "c": "Namibia", "c2": "Eswatini"}, "geometry": {"type": "LineString", "coordinates": [[17.211133197410206, -22.129246638666476], [31.480024103008823, -26.561914349027543]]}},
{"type": "Feature", "properties": {"z_other": "Tanzania", "z": "Namibia", "country_ini_lat": -22.129246638666476, "country_ini_lon": 17.211133197410206, "lat_linestring": -14.202172059880134, "lon_linestring": 26.012359808968895, "c": "Namibia", "c2": "Tanzania"}, "geometry": {"type": "LineString", "coordinates": [[17.211133197410206, -22.129246638666476], [34.813586420527585, -6.27509748109379]]}},
{"type": "Feature", "properties": {"z_other": "South_Africa", "z": "Namibia", "country_ini_lat": -22.129246638666476, "country_ini_lon": 17.211133197410206, "lat_linestring": -25.56514450023887, "lon_linestring": 21.149241876870423, "c": "Namibia", "c2": "South_Africa"}, "geometry": {"type": "LineString", "coordinates": [[17.211133197410206, -22.129246638666476], [25.08735055633064, -29.001042361811272]]}},
{"type": "Feature", "properties": {"z_other": "Zambia", "z": "Namibia", "country_ini_lat": -22.129246638666476, "country_ini_lon": 17.211133197410206, "lat_linestring": -17.794678328516042, "lon_linestring": 22.49267276610349, "c": "Namibia", "c2": "Zambia"}, "geometry": {"type": "LineString", "coordinates": [[17.211133197410206, -22.129246638666476], [27.774212334796776, -13.46011001836561]]}},
{"type": "Feature", "properties": {"z_other": "Mozal", "z": "Namibia", "country_ini_lat": -22.129246638666476, "country_ini_lon": 17.211133197410206, "lat_linestring": -24.043555362073334, "lon_linestring": 24.843693048069248, "c": "Namibia", "c2": "Mozambique"}, "geometry": {"type": "LineString", "coordinates": [[17.211133197410206, -22.129246638666476], [32.47625289872829, -25.957864085480196]]}},
{"type": "Feature", "properties": {"z_other": "Angola_North", "z": "Namibia", "country_ini_lat": -22.129246638666476, "country_ini_lon": 17.211133197410206, "lat_linestring": -14.736224073920424, "lon_linestring": 16.09765282483037, "c": "Namibia", "c2": "Angola"}, "geometry": {"type": "LineString", "coordinates": [[17.211133197410206, -22.129246638666476], [14.984172452250533, -7.343201509174372]]}},
{"type": "Feature", "properties": {"z_other": "Angola_East", "z": "Namibia", "country_ini_lat": -22.129246638666476, "country_ini_lon": 17.211133197410206, "lat_linestring": -15.140825549026111, "lon_linestring": 18.65816314628769, "c": "Namibia", "c2": "Angola"}, "geometry": {"type": "LineString", "coordinates": [[17.211133197410206, -22.129246638666476], [20.10519309516518, -8.152404459385744]]}},
{"type": "Feature", "properties": {"z_other": "Angola_Central", "z": "Namibia", "country_ini_lat": -22.129246638666476, "country_ini_lon": 17.211133197410206, "lat_linestring": -16.710816046607516, "lon_linestring": 17.69530113165608, "c": "Namibia", "c2": "Angola"}, "geometry": {"type": "LineString", "coordinates": [[17.211133197410206, -22.129246638666476], [18.17946906590195, -11.292385454548553]]}},
{"type": "Feature", "properties": {"z_other": "Angola_South", "z": "Namibia", "country_ini_lat": -22.129246638666476, "country_ini_lon": 17.211133197410206, "lat_linestring": -18.855376329720436, "lon_linestring": 17.280396169223494, "c": "Namibia", "c2": "Angola"}, "geometry": {"type": "LineString", "coordinates": [[17.211133197410206, -22.129246638666476], [17.34965914103678, -15.581506020774393]]}},
{"type": "Feature", "properties": {"z_other": "DRC", "z": "Namibia", "country_ini_lat": -22.129246638666476, "country_ini_lon": 17.211133197410206, "lat_linestring": -10.922447134453925, "lon_linestring": 20.46607016588687, "c": "Namibia", "c2": "DRC"}, "geometry": {"type": "LineString", "coordinates": [[17.211133197410206, -22.129246638666476], [23.721007134363532, 0.284352369758625]]}},
{"type": "Feature", "properties": {"z_other": "DRC_South", "z": "Namibia", "country_ini_lat": -22.129246638666476, "country_ini_lon": 17.211133197410206, "lat_linestring": -14.640719175441282, "lon_linestring": 20.37688594976113, "c": "Namibia", "c2": "DRC"}, "geometry": {"type": "LineString", "coordinates": [[17.211133197410206, -22.129246638666476], [23.54263870211206, -7.152191712216087]]}},
{"type": "Feature", "properties": {"z_other": "Mozambique_South", "z": "Namibia", "country_ini_lat": -22.129246638666476, "country_ini_lon": 17.211133197410206, "lat_linestring": -22.796826404536546, "lon_linestring": 25.30958667641517, "c": "Namibia", "c2": "Mozambique"}, "geometry": {"type": "LineString", "coordinates": [[17.211133197410206, -22.129246638666476], [33.40804015542013, -23.464406170406612]]}},
{"type": "Feature", "properties": {"z_other": "Mozambique_Central", "z": "Namibia", "country_ini_lat": -22.129246638666476, "country_ini_lon": 17.211133197410206, "lat_linestring": -20.068135109074486, "lon_linestring": 26.1443700629674, "c": "Namibia", "c2": "Mozambique"}, "geometry": {"type": "LineString", "coordinates": [[17.211133197410206, -22.129246638666476], [35.077606928524595, -18.007023579482496]]}},
{"type": "Feature", "properties": {"z_other": "Mozambique_North", "z": "Namibia", "country_ini_lat": -22.129246638666476, "country_ini_lon": 17.211133197410206, "lat_linestring": -17.980872069839396, "lon_linestring": 27.036906554496866, "c": "Namibia", "c2": "Mozambique"}, "geometry": {"type": "LineString", "coordinates": [[17.211133197410206, -22.129246638666476], [36.86267991158353, -13.832497501012314]]}},
{"type": "Feature", "properties": {"z_other": "Zimbabwe_East", "z": "Namibia", "country_ini_lat": -22.129246638666476, "country_ini_lon": 17.211133197410206, "lat_linestring": -20.84198442741251, "lon_linestring": 23.487523802818217, "c": "Namibia", "c2": "Zimbabwe"}, "geometry": {"type": "LineString", "coordinates": [[17.211133197410206, -22.129246638666476], [29.763914408226224, -19.554722216158545]]}},
{"type": "Feature", "properties": {"z_other": "Zimbabwe_West", "z": "Namibia", "country_ini_lat": -22.129246638666476, "country_ini_lon": 17.211133197410206, "lat_linestring": -20.565881385492244, "lon_linestring": 23.531510548137575, "c": "Namibia", "c2": "Zimbabwe"}, "geometry": {"type": "LineString", "coordinates": [[17.211133197410206, -22.129246638666476], [29.851887898864952, -19.00251613231801]]}},
{"type": "Feature", "properties": {"z_other": "Botswana", "z": "Eswatini", "country_ini_lat": -26.561914349027543, "country_ini_lon": 31.480024103008823, "lat_linestring": -24.37384333502841, "lon_linestring": 27.63950541791139, "c": "Eswatini", "c2": "Botswana"}, "geometry": {"type": "LineString", "coordinates": [[31.480024103008823, -26.561914349027543], [23.798986732813958, -22.185772321029283]]}},
{"type": "Feature", "properties": {"z_other": "Lesotho", "z": "Eswatini", "country_ini_lat": -26.561914349027543, "country_ini_lon": 31.480024103008823, "lat_linestring": -28.070822396629666, "lon_linestring": 29.854323514001646, "c": "Eswatini", "c2": "Lesotho"}, "geometry": {"type": "LineString", "coordinates": [[31.480024103008823, -26.561914349027543], [28.22862292499447, -29.579730444231792]]}},
{"type": "Feature", "properties": {"z_other": "Malawi", "z": "Eswatini", "country_ini_lat": -26.561914349027543, "country_ini_lon": 31.480024103008823, "lat_linestring": -19.889570106856837, "lon_linestring": 32.88496595322528, "c": "Eswatini", "c2": "Malawi"}, "geometry": {"type": "LineString", "coordinates": [[31.480024103008823, -26.561914349027543], [34.28990780344174, -13.217225864686135]]}},
{"type": "Feature", "properties": {"z_other": "Namibia", "z": "Eswatini", "country_ini_lat": -26.561914349027543, "country_ini_lon": 31.480024103008823, "lat_linestring": -24.34558049384701, "lon_linestring": 24.345578650209514, "c": "Eswatini", "c2": "Namibia"}, "geometry": {"type": "LineString", "coordinates": [[31.480024103008823, -26.561914349027543], [17.211133197410206, -22.129246638666476]]}},
{"type": "Feature", "properties": {"z_other": "Tanzania", "z": "Eswatini", "country_ini_lat": -26.561914349027543, "country_ini_lon": 31.480024103008823, "lat_linestring": -16.418505915060667, "lon_linestring": 33.14680526176821, "c": "Eswatini", "c2": "Tanzania"}, "geometry": {"type": "LineString", "coordinates": [[31.480024103008823, -26.561914349027543], [34.813586420527585, -6.27509748109379]]}},
{"type": "Feature", "properties": {"z_other": "South_Africa", "z": "Eswatini", "country_ini_lat": -26.561914349027543, "country_ini_lon": 31.480024103008823, "lat_linestring": -27.781478355419406, "lon_linestring": 28.283687329669732, "c": "Eswatini", "c2": "South_Africa"}, "geometry": {"type": "LineString", "coordinates": [[31.480024103008823, -26.561914349027543], [25.08735055633064, -29.001042361811272]]}},
{"type": "Feature", "properties": {"z_other": "Zambia", "z": "Eswatini", "country_ini_lat": -26.561914349027543, "country_ini_lon": 31.480024103008823, "lat_linestring": -20.011012183696575, "lon_linestring": 29.6271182189028, "c": "Eswatini", "c2": "Zambia"}, "geometry": {"type": "LineString", "coordinates": [[31.480024103008823, -26.561914349027543], [27.774212334796776, -13.46011001836561]]}},
{"type": "Feature", "properties": {"z_other": "Mozal", "z": "Eswatini", "country_ini_lat": -26.561914349027543, "country_ini_lon": 31.480024103008823, "lat_linestring": -26.25988921725387, "lon_linestring": 31.978138500868557, "c": "Eswatini", "c2": "Mozambique"}, "geometry": {"type": "LineString", "coordinates": [[31.480024103008823, -26.561914349027543], [32.47625289872829, -25.957864085480196]]}},
{"type": "Feature", "properties": {"z_other": "Angola_North", "z": "Eswatini", "country_ini_lat": -26.561914349027543, "country_ini_lon": 31.480024103008823, "lat_linestring": -16.95255792910096, "lon_linestring": 23.232098277629674, "c": "Eswatini", "c2": "Angola"}, "geometry": {"type": "LineString", "coordinates": [[31.480024103008823, -26.561914349027543], [14.984172452250533, -7.343201509174372]]}},
{"type": "Feature", "properties": {"z_other": "Angola_East", "z": "Eswatini", "country_ini_lat": -26.561914349027543, "country_ini_lon": 31.480024103008823, "lat_linestring": -17.357159404206644, "lon_linestring": 25.792608599087004, "c": "Eswatini", "c2": "Angola"}, "geometry": {"type": "LineString", "coordinates": [[31.480024103008823, -26.561914349027543], [20.10519309516518, -8.152404459385744]]}},
{"type": "Feature", "properties": {"z_other": "Angola_Central", "z": "Eswatini", "country_ini_lat": -26.561914349027543, "country_ini_lon": 31.480024103008823, "lat_linestring": -18.92714990178805, "lon_linestring": 24.829746584455386, "c": "Eswatini", "c2": "Angola"}, "geometry": {"type": "LineString", "coordinates": [[31.480024103008823, -26.561914349027543], [18.17946906590195, -11.292385454548553]]}},
{"type": "Feature", "properties": {"z_other": "Angola_South", "z": "Eswatini", "country_ini_lat": -26.561914349027543, "country_ini_lon": 31.480024103008823, "lat_linestring": -21.07171018490097, "lon_linestring": 24.414841622022802, "c": "Eswatini", "c2": "Angola"}, "geometry": {"type": "LineString", "coordinates": [[31.480024103008823, -26.561914349027543], [17.34965914103678, -15.581506020774393]]}},
{"type": "Feature", "properties": {"z_other": "DRC", "z": "Eswatini", "country_ini_lat": -26.561914349027543, "country_ini_lon": 31.480024103008823, "lat_linestring": -13.138780989634459, "lon_linestring": 27.600515618686178, "c": "Eswatini", "c2": "DRC"}, "geometry": {"type": "LineString", "coordinates": [[31.480024103008823, -26.561914349027543], [23.721007134363532, 0.284352369758625]]}},
{"type": "Feature", "properties": {"z_other": "DRC_South", "z": "Eswatini", "country_ini_lat": -26.561914349027543, "country_ini_lon": 31.480024103008823, "lat_linestring": -16.857053030621813, "lon_linestring": 27.511331402560447, "c": "Eswatini", "c2": "DRC"}, "geometry": {"type": "LineString", "coordinates": [[31.480024103008823, -26.561914349027543], [23.54263870211206, -7.152191712216087]]}},
{"type": "Feature", "properties": {"z_other": "Mozambique_South", "z": "Eswatini", "country_ini_lat": -26.561914349027543, "country_ini_lon": 31.480024103008823, "lat_linestring": -25.013160259717075, "lon_linestring": 32.44403212921448, "c": "Eswatini", "c2": "Mozambique"}, "geometry": {"type": "LineString", "coordinates": [[31.480024103008823, -26.561914349027543], [33.40804015542013, -23.464406170406612]]}},
{"type": "Feature", "properties": {"z_other": "Mozambique_Central", "z": "Eswatini", "country_ini_lat": -26.561914349027543, "country_ini_lon": 31.480024103008823, "lat_linestring": -22.28446896425502, "lon_linestring": 33.27881551576671, "c": "Eswatini", "c2": "Mozambique"}, "geometry": {"type": "LineString", "coordinates": [[31.480024103008823, -26.561914349027543], [35.077606928524595, -18.007023579482496]]}},
{"type": "Feature", "properties": {"z_other": "Mozambique_North", "z": "Eswatini", "country_ini_lat": -26.561914349027543, "country_ini_lon": 31.480024103008823, "lat_linestring": -20.19720592501993, "lon_linestring": 34.17135200729618, "c": "Eswatini", "c2": "Mozambique"}, "geometry": {"type": "LineString", "coordinates": [[31.480024103008823, -26.561914349027543], [36.86267991158353, -13.832497501012314]]}},
{"type": "Feature", "properties": {"z_other": "Zimbabwe_East", "z": "Eswatini", "country_ini_lat": -26.561914349027543, "country_ini_lon": 31.480024103008823, "lat_linestring": -23.05831828259304, "lon_linestring": 30.621969255617522, "c": "Eswatini", "c2": "Zimbabwe"}, "geometry": {"type": "LineString", "coordinates": [[31.480024103008823, -26.561914349027543], [29.763914408226224, -19.554722216158545]]}},
{"type": "Feature", "properties": {"z_other": "Zimbabwe_West", "z": "Eswatini", "country_ini_lat": -26.561914349027543, "country_ini_lon": 31.480024103008823, "lat_linestring": -22.782215240672777, "lon_linestring": 30.665956000936887, "c": "Eswatini", "c2": "Zimbabwe"}, "geometry": {"type": "LineString", "coordinates": [[31.480024103008823, -26.561914349027543], [29.851887898864952, -19.00251613231801]]}},
{"type": "Feature", "properties": {"z_other": "Botswana", "z": "Tanzania", "country_ini_lat": -6.27509748109379, "country_ini_lon": 34.813586420527585, "lat_linestring": -14.230434901061537, "lon_linestring": 29.30628657667077, "c": "Tanzania", "c2": "Botswana"}, "geometry": {"type": "LineString", "coordinates": [[34.813586420527585, -6.27509748109379], [23.798986732813958, -22.185772321029283]]}},
{"type": "Feature", "properties": {"z_other": "Lesotho", "z": "Tanzania", "country_ini_lat": -6.27509748109379, "country_ini_lon": 34.813586420527585, "lat_linestring": -17.92741396266279, "lon_linestring": 31.521104672761027, "c": "Tanzania", "c2": "Lesotho"}, "geometry": {"type": "LineString", "coordinates": [[34.813586420527585, -6.27509748109379], [28.22862292499447, -29.579730444231792]]}},
{"type": "Feature", "properties": {"z_other": "Malawi", "z": "Tanzania", "country_ini_lat": -6.27509748109379, "country_ini_lon": 34.813586420527585, "lat_linestring": -9.746161672889963, "lon_linestring": 34.55174711198467, "c": "Tanzania", "c2": "Malawi"}, "geometry": {"type": "LineString", "coordinates": [[34.813586420527585, -6.27509748109379], [34.28990780344174, -13.217225864686135]]}},
{"type": "Feature", "properties": {"z_other": "Namibia", "z": "Tanzania", "country_ini_lat": -6.27509748109379, "country_ini_lon": 34.813586420527585, "lat_linestring": -14.202172059880134, "lon_linestring": 26.012359808968895, "c": "Tanzania", "c2": "Namibia"}, "geometry": {"type": "LineString", "coordinates": [[34.813586420527585, -6.27509748109379], [17.211133197410206, -22.129246638666476]]}},
{"type": "Feature", "properties": {"z_other": "Eswatini", "z": "Tanzania", "country_ini_lat": -6.27509748109379, "country_ini_lon": 34.813586420527585, "lat_linestring": -16.418505915060667, "lon_linestring": 33.14680526176821, "c": "Tanzania", "c2": "Eswatini"}, "geometry": {"type": "LineString", "coordinates": [[34.813586420527585, -6.27509748109379], [31.480024103008823, -26.561914349027543]]}},
{"type": "Feature", "properties": {"z_other": "South_Africa", "z": "Tanzania", "country_ini_lat": -6.27509748109379, "country_ini_lon": 34.813586420527585, "lat_linestring": -17.63806992145253, "lon_linestring": 29.950468488429113, "c": "Tanzania", "c2": "South_Africa"}, "geometry": {"type": "LineString", "coordinates": [[34.813586420527585, -6.27509748109379], [25.08735055633064, -29.001042361811272]]}},
{"type": "Feature", "properties": {"z_other": "Zambia", "z": "Tanzania", "country_ini_lat": -6.27509748109379, "country_ini_lon": 34.813586420527585, "lat_linestring": -9.8676037497297, "lon_linestring": 31.29389937766218, "c": "Tanzania", "c2": "Zambia"}, "geometry": {"type": "LineString", "coordinates": [[34.813586420527585, -6.27509748109379], [27.774212334796776, -13.46011001836561]]}},
{"type": "Feature", "properties": {"z_other": "Mozal", "z": "Tanzania", "country_ini_lat": -6.27509748109379, "country_ini_lon": 34.813586420527585, "lat_linestring": -16.116480783286992, "lon_linestring": 33.64491965962794, "c": "Tanzania", "c2": "Mozambique"}, "geometry": {"type": "LineString", "coordinates": [[34.813586420527585, -6.27509748109379], [32.47625289872829, -25.957864085480196]]}},
{"type": "Feature", "properties": {"z_other": "Angola_North", "z": "Tanzania", "country_ini_lat": -6.27509748109379, "country_ini_lon": 34.813586420527585, "lat_linestring": -6.809149495134081, "lon_linestring": 24.89887943638906, "c": "Tanzania", "c2": "Angola"}, "geometry": {"type": "LineString", "coordinates": [[34.813586420527585, -6.27509748109379], [14.984172452250533, -7.343201509174372]]}},
{"type": "Feature", "properties": {"z_other": "Angola_East", "z": "Tanzania", "country_ini_lat": -6.27509748109379, "country_ini_lon": 34.813586420527585, "lat_linestring": -7.213750970239767, "lon_linestring": 27.45938975784638, "c": "Tanzania", "c2": "Angola"}, "geometry": {"type": "LineString", "coordinates": [[34.813586420527585, -6.27509748109379], [20.10519309516518, -8.152404459385744]]}},
{"type": "Feature", "properties": {"z_other": "Angola_Central", "z": "Tanzania", "country_ini_lat": -6.27509748109379, "country_ini_lon": 34.813586420527585, "lat_linestring": -8.783741467821171, "lon_linestring": 26.49652774321477, "c": "Tanzania", "c2": "Angola"}, "geometry": {"type": "LineString", "coordinates": [[34.813586420527585, -6.27509748109379], [18.17946906590195, -11.292385454548553]]}},
{"type": "Feature", "properties": {"z_other": "Angola_South", "z": "Tanzania", "country_ini_lat": -6.27509748109379, "country_ini_lon": 34.813586420527585, "lat_linestring": -10.928301750934091, "lon_linestring": 26.081622780782187, "c": "Tanzania", "c2": "Angola"}, "geometry": {"type": "LineString", "coordinates": [[34.813586420527585, -6.27509748109379], [17.34965914103678, -15.581506020774393]]}},
{"type": "Feature", "properties": {"z_other": "DRC", "z": "Tanzania", "country_ini_lat": -6.27509748109379, "country_ini_lon": 34.813586420527585, "lat_linestring": -2.9953725556675828, "lon_linestring": 29.26729677744556, "c": "Tanzania", "c2": "DRC"}, "geometry": {"type": "LineString", "coordinates": [[34.813586420527585, -6.27509748109379], [23.721007134363532, 0.284352369758625]]}},
{"type": "Feature", "properties": {"z_other": "DRC_South", "z": "Tanzania", "country_ini_lat": -6.27509748109379, "country_ini_lon": 34.813586420527585, "lat_linestring": -6.71364459665494, "lon_linestring": 29.17811256131982, "c": "Tanzania", "c2": "DRC"}, "geometry": {"type": "LineString", "coordinates": [[34.813586420527585, -6.27509748109379], [23.54263870211206, -7.152191712216087]]}},
{"type": "Feature", "properties": {"z_other": "Mozambique_South", "z": "Tanzania", "country_ini_lat": -6.27509748109379, "country_ini_lon": 34.813586420527585, "lat_linestring": -14.869751825750201, "lon_linestring": 34.110813287973855, "c": "Tanzania", "c2": "Mozambique"}, "geometry": {"type": "LineString", "coordinates": [[34.813586420527585, -6.27509748109379], [33.40804015542013, -23.464406170406612]]}},
{"type": "Feature", "properties": {"z_other": "Mozambique_Central", "z": "Tanzania", "country_ini_lat": -6.27509748109379, "country_ini_lon": 34.813586420527585, "lat_linestring": -12.141060530288144, "lon_linestring": 34.94559667452609, "c": "Tanzania", "c2": "Mozambique"}, "geometry": {"type": "LineString", "coordinates": [[34.813586420527585, -6.27509748109379], [35.077606928524595, -18.007023579482496]]}},
{"type": "Feature", "properties": {"z_other": "Mozambique_North", "z": "Tanzania", "country_ini_lat": -6.27509748109379, "country_ini_lon": 34.813586420527585, "lat_linestring": -10.053797491053052, "lon_linestring": 35.838133166055556, "c": "Tanzania", "c2": "Mozambique"}, "geometry": {"type": "LineString", "coordinates": [[34.813586420527585, -6.27509748109379], [36.86267991158353, -13.832497501012314]]}},
{"type": "Feature", "properties": {"z_other": "Zimbabwe_East", "z": "Tanzania", "country_ini_lat": -6.27509748109379, "country_ini_lon": 34.813586420527585, "lat_linestring": -12.914909848626166, "lon_linestring": 32.288750414376906, "c": "Tanzania", "c2": "Zimbabwe"}, "geometry": {"type": "LineString", "coordinates": [[34.813586420527585, -6.27509748109379], [29.763914408226224, -19.554722216158545]]}},
{"type": "Feature", "properties": {"z_other": "Zimbabwe_West", "z": "Tanzania", "country_ini_lat": -6.27509748109379, "country_ini_lon": 34.813586420527585, "lat_linestring": -12.638806806705901, "lon_linestring": 32.332737159696265, "c": "Tanzania", "c2": "Zimbabwe"}, "geometry": {"type": "LineString", "coordinates": [[34.813586420527585, -6.27509748109379], [29.851887898864952, -19.00251613231801]]}},
{"type": "Feature", "properties": {"z_other": "Botswana", "z": "South_Africa", "country_ini_lat": -29.001042361811272, "country_ini_lon": 25.08735055633064, "lat_linestring": -25.593407341420278, "lon_linestring": 24.4431686445723, "c": "South_Africa", "c2": "Botswana"}, "geometry": {"type": "LineString", "coordinates": [[25.08735055633064, -29.001042361811272], [23.798986732813958, -22.185772321029283]]}},
{"type": "Feature", "properties": {"z_other": "Lesotho", "z": "South_Africa", "country_ini_lat": -29.001042361811272, "country_ini_lon": 25.08735055633064, "lat_linestring": -29.290386403021532, "lon_linestring": 26.65798674066255, "c": "South_Africa", "c2": "Lesotho"}, "geometry": {"type": "LineString", "coordinates": [[25.08735055633064, -29.001042361811272], [28.22862292499447, -29.579730444231792]]}},
{"type": "Feature", "properties": {"z_other": "Malawi", "z": "South_Africa", "country_ini_lat": -29.001042361811272, "country_ini_lon": 25.08735055633064, "lat_linestring": -21.109134113248704, "lon_linestring": 29.688629179886192, "c": "South_Africa", "c2": "Malawi"}, "geometry": {"type": "LineString", "coordinates": [[25.08735055633064, -29.001042361811272], [34.28990780344174, -13.217225864686135]]}},
{"type": "Feature", "properties": {"z_other": "Namibia", "z": "South_Africa", "country_ini_lat": -29.001042361811272, "country_ini_lon": 25.08735055633064, "lat_linestring": -25.56514450023887, "lon_linestring": 21.149241876870423, "c": "South_Africa", "c2": "Namibia"}, "geometry": {"type": "LineString", "coordinates": [[25.08735055633064, -29.001042361811272], [17.211133197410206, -22.129246638666476]]}},
{"type": "Feature", "properties": {"z_other": "Eswatini", "z": "South_Africa", "country_ini_lat": -29.001042361811272, "country_ini_lon": 25.08735055633064, "lat_linestring": -27.781478355419406, "lon_linestring": 28.283687329669732, "c": "South_Africa", "c2": "Eswatini"}, "geometry": {"type": "LineString", "coordinates": [[25.08735055633064, -29.001042361811272], [31.480024103008823, -26.561914349027543]]}},
{"type": "Feature", "properties": {"z_other": "Tanzania", "z": "South_Africa", "country_ini_lat": -29.001042361811272, "country_ini_lon": 25.08735055633064, "lat_linestring": -17.63806992145253, "lon_linestring": 29.950468488429113, "c": "South_Africa", "c2": "Tanzania"}, "geometry": {"type": "LineString", "coordinates": [[25.08735055633064, -29.001042361811272], [34.813586420527585, -6.27509748109379]]}},
{"type": "Feature", "properties": {"z_other": "Zambia", "z": "South_Africa", "country_ini_lat": -29.001042361811272, "country_ini_lon": 25.08735055633064, "lat_linestring": -21.230576190088442, "lon_linestring": 26.43078144556371, "c": "South_Africa", "c2": "Zambia"}, "geometry": {"type": "LineString", "coordinates": [[25.08735055633064, -29.001042361811272], [27.774212334796776, -13.46011001836561]]}},
{"type": "Feature", "properties": {"z_other": "Mozal", "z": "South_Africa", "country_ini_lat": -29.001042361811272, "country_ini_lon": 25.08735055633064, "lat_linestring": -27.479453223645734, "lon_linestring": 28.781801727529466, "c": "South_Africa", "c2": "Mozambique"}, "geometry": {"type": "LineString", "coordinates": [[25.08735055633064, -29.001042361811272], [32.47625289872829, -25.957864085480196]]}},
{"type": "Feature", "properties": {"z_other": "Angola_North", "z": "South_Africa", "country_ini_lat": -29.001042361811272, "country_ini_lon": 25.08735055633064, "lat_linestring": -18.17212193549282, "lon_linestring": 20.035761504290587, "c": "South_Africa", "c2": "Angola"}, "geometry": {"type": "LineString", "coordinates": [[25.08735055633064, -29.001042361811272], [14.984172452250533, -7.343201509174372]]}},
{"type": "Feature", "properties": {"z_other": "Angola_East", "z": "South_Africa", "country_ini_lat": -29.001042361811272, "country_ini_lon": 25.08735055633064, "lat_linestring": -18.576723410598508, "lon_linestring": 22.596271825747912, "c": "South_Africa", "c2": "Angola"}, "geometry": {"type": "LineString", "coordinates": [[25.08735055633064, -29.001042361811272], [20.10519309516518, -8.152404459385744]]}},
{"type": "Feature", "properties": {"z_other": "Angola_Central", "z": "South_Africa", "country_ini_lat": -29.001042361811272, "country_ini_lon": 25.08735055633064, "lat_linestring": -20.146713908179912, "lon_linestring": 21.633409811116294, "c": "South_Africa", "c2": "Angola"}, "geometry": {"type": "LineString", "coordinates": [[25.08735055633064, -29.001042361811272], [18.17946906590195, -11.292385454548553]]}},
{"type": "Feature", "properties": {"z_other": "Angola_South", "z": "South_Africa", "country_ini_lat": -29.001042361811272, "country_ini_lon": 25.08735055633064, "lat_linestring": -22.291274191292832, "lon_linestring": 21.218504848683708, "c": "South_Africa", "c2": "Angola"}, "geometry": {"type": "LineString", "coordinates": [[25.08735055633064, -29.001042361811272], [17.34965914103678, -15.581506020774393]]}},
{"type": "Feature", "properties": {"z_other": "DRC", "z": "South_Africa", "country_ini_lat": -29.001042361811272, "country_ini_lon": 25.08735055633064, "lat_linestring": -14.358344996026325, "lon_linestring": 24.404178845347086, "c": "South_Africa", "c2": "DRC"}, "geometry": {"type": "LineString", "coordinates": [[25.08735055633064, -29.001042361811272], [23.721007134363532, 0.284352369758625]]}},
{"type": "Feature", "properties": {"z_other": "DRC_South", "z": "South_Africa", "country_ini_lat": -29.001042361811272, "country_ini_lon": 25.08735055633064, "lat_linestring": -18.07661703701368, "lon_linestring": 24.314994629221353, "c": "South_Africa", "c2": "DRC"}, "geometry": {"type": "LineString", "coordinates": [[25.08735055633064, -29.001042361811272], [23.54263870211206, -7.152191712216087]]}},
{"type": "Feature", "properties": {"z_other": "Mozambique_South", "z": "South_Africa", "country_ini_lat": -29.001042361811272, "country_ini_lon": 25.08735055633064, "lat_linestring": -26.232724266108942, "lon_linestring": 29.247695355875386, "c": "South_Africa", "c2": "Mozambique"}, "geometry": {"type": "LineString", "coordinates": [[25.08735055633064, -29.001042361811272], [33.40804015542013, -23.464406170406612]]}},
{"type": "Feature", "properties": {"z_other": "Mozambique_Central", "z": "South_Africa", "country_ini_lat": -29.001042361811272, "country_ini_lon": 25.08735055633064, "lat_linestring": -23.504032970646882, "lon_linestring": 30.082478742427618, "c": "South_Africa", "c2": "Mozambique"}, "geometry": {"type": "LineString", "coordinates": [[25.08735055633064, -29.001042361811272], [35.077606928524595, -18.007023579482496]]}},
{"type": "Feature", "properties": {"z_other": "Mozambique_North", "z": "South_Africa", "country_ini_lat": -29.001042361811272, "country_ini_lon": 25.08735055633064, "lat_linestring": -21.416769931411793, "lon_linestring": 30.975015233957084, "c": "South_Africa", "c2": "Mozambique"}, "geometry": {"type": "LineString", "coordinates": [[25.08735055633064, -29.001042361811272], [36.86267991158353, -13.832497501012314]]}},
{"type": "Feature", "properties": {"z_other": "Zimbabwe_East", "z": "South_Africa", "country_ini_lat": -29.001042361811272, "country_ini_lon": 25.08735055633064, "lat_linestring": -24.27788228898491, "lon_linestring": 27.42563248227843, "c": "South_Africa", "c2": "Zimbabwe"}, "geometry": {"type": "LineString", "coordinates": [[25.08735055633064, -29.001042361811272], [29.763914408226224, -19.554722216158545]]}},
{"type": "Feature", "properties": {"z_other": "Zimbabwe_West", "z": "South_Africa", "country_ini_lat": -29.001042361811272, "country_ini_lon": 25.08735055633064, "lat_linestring": -24.00177924706464, "lon_linestring": 27.469619227597796, "c": "South_Africa", "c2": "Zimbabwe"}, "geometry": {"type": "LineString", "coordinates": [[25.08735055633064, -29.001042361811272], [29.851887898864952, -19.00251613231801]]}},
{"type": "Feature", "properties": {"z_other": "Botswana", "z": "Zambia", "country_ini_lat": -13.46011001836561, "country_ini_lon": 27.774212334796776, "lat_linestring": -17.822941169697447, "lon_linestring": 25.786599533805365, "c": "Zambia", "c2": "Botswana"}, "geometry": {"type": "LineString", "coordinates": [[27.774212334796776, -13.46011001836561], [23.798986732813958, -22.185772321029283]]}},
{"type": "Feature", "properties": {"z_other": "Lesotho", "z": "Zambia", "country_ini_lat": -13.46011001836561, "country_ini_lon": 27.774212334796776, "lat_linestring": -21.519920231298702, "lon_linestring": 28.00141762989562, "c": "Zambia", "c2": "Lesotho"}, "geometry": {"type": "LineString", "coordinates": [[27.774212334796776, -13.46011001836561], [28.22862292499447, -29.579730444231792]]}},
{"type": "Feature", "properties": {"z_other": "Malawi", "z": "Zambia", "country_ini_lat": -13.46011001836561, "country_ini_lon": 27.774212334796776, "lat_linestring": -13.338667941525873, "lon_linestring": 31.03206006911926, "c": "Zambia", "c2": "Malawi"}, "geometry": {"type": "LineString", "coordinates": [[27.774212334796776, -13.46011001836561], [34.28990780344174, -13.217225864686135]]}},
{"type": "Feature", "properties": {"z_other": "Namibia", "z": "Zambia", "country_ini_lat": -13.46011001836561, "country_ini_lon": 27.774212334796776, "lat_linestring": -17.794678328516042, "lon_linestring": 22.49267276610349, "c": "Zambia", "c2": "Namibia"}, "geometry": {"type": "LineString", "coordinates": [[27.774212334796776, -13.46011001836561], [17.211133197410206, -22.129246638666476]]}},
{"type": "Feature", "properties": {"z_other": "Eswatini", "z": "Zambia", "country_ini_lat": -13.46011001836561, "country_ini_lon": 27.774212334796776, "lat_linestring": -20.011012183696575, "lon_linestring": 29.6271182189028, "c": "Zambia", "c2": "Eswatini"}, "geometry": {"type": "LineString", "coordinates": [[27.774212334796776, -13.46011001836561], [31.480024103008823, -26.561914349027543]]}},
{"type": "Feature", "properties": {"z_other": "Tanzania", "z": "Zambia", "country_ini_lat": -13.46011001836561, "country_ini_lon": 27.774212334796776, "lat_linestring": -9.8676037497297, "lon_linestring": 31.29389937766218, "c": "Zambia", "c2": "Tanzania"}, "geometry": {"type": "LineString", "coordinates": [[27.774212334796776, -13.46011001836561], [34.813586420527585, -6.27509748109379]]}},
{"type": "Feature", "properties": {"z_other": "South_Africa", "z": "Zambia", "country_ini_lat": -13.46011001836561, "country_ini_lon": 27.774212334796776, "lat_linestring": -21.230576190088442, "lon_linestring": 26.43078144556371, "c": "Zambia", "c2": "South_Africa"}, "geometry": {"type": "LineString", "coordinates": [[27.774212334796776, -13.46011001836561], [25.08735055633064, -29.001042361811272]]}},
{"type": "Feature", "properties": {"z_other": "Mozal", "z": "Zambia", "country_ini_lat": -13.46011001836561, "country_ini_lon": 27.774212334796776, "lat_linestring": -19.7089870519229, "lon_linestring": 30.12523261676253, "c": "Zambia", "c2": "Mozambique"}, "geometry": {"type": "LineString", "coordinates": [[27.774212334796776, -13.46011001836561], [32.47625289872829, -25.957864085480196]]}},
{"type": "Feature", "properties": {"z_other": "Angola_North", "z": "Zambia", "country_ini_lat": -13.46011001836561, "country_ini_lon": 27.774212334796776, "lat_linestring": -10.401655763769991, "lon_linestring": 21.379192393523653, "c": "Zambia", "c2": "Angola"}, "geometry": {"type": "LineString", "coordinates": [[27.774212334796776, -13.46011001836561], [14.984172452250533, -7.343201509174372]]}},
{"type": "Feature", "properties": {"z_other": "Angola_East", "z": "Zambia", "country_ini_lat": -13.46011001836561, "country_ini_lon": 27.774212334796776, "lat_linestring": -10.806257238875677, "lon_linestring": 23.939702714980978, "c": "Zambia", "c2": "Angola"}, "geometry": {"type": "LineString", "coordinates": [[27.774212334796776, -13.46011001836561], [20.10519309516518, -8.152404459385744]]}},
{"type": "Feature", "properties": {"z_other": "Angola_Central", "z": "Zambia", "country_ini_lat": -13.46011001836561, "country_ini_lon": 27.774212334796776, "lat_linestring": -12.376247736457081, "lon_linestring": 22.976840700349364, "c": "Zambia", "c2": "Angola"}, "geometry": {"type": "LineString", "coordinates": [[27.774212334796776, -13.46011001836561], [18.17946906590195, -11.292385454548553]]}},
{"type": "Feature", "properties": {"z_other": "Angola_South", "z": "Zambia", "country_ini_lat": -13.46011001836561, "country_ini_lon": 27.774212334796776, "lat_linestring": -14.520808019570001, "lon_linestring": 22.561935737916777, "c": "Zambia", "c2": "Angola"}, "geometry": {"type": "LineString", "coordinates": [[27.774212334796776, -13.46011001836561], [17.34965914103678, -15.581506020774393]]}},
{"type": "Feature", "properties": {"z_other": "DRC", "z": "Zambia", "country_ini_lat": -13.46011001836561, "country_ini_lon": 27.774212334796776, "lat_linestring": -6.587878824303493, "lon_linestring": 25.747609734580152, "c": "Zambia", "c2": "DRC"}, "geometry": {"type": "LineString", "coordinates": [[27.774212334796776, -13.46011001836561], [23.721007134363532, 0.284352369758625]]}},
{"type": "Feature", "properties": {"z_other": "DRC_South", "z": "Zambia", "country_ini_lat": -13.46011001836561, "country_ini_lon": 27.774212334796776, "lat_linestring": -10.30615086529085, "lon_linestring": 25.65842551845442, "c": "Zambia", "c2": "DRC"}, "geometry": {"type": "LineString", "coordinates": [[27.774212334796776, -13.46011001836561], [23.54263870211206, -7.152191712216087]]}},
{"type": "Feature", "properties": {"z_other": "Mozambique_South", "z": "Zambia", "country_ini_lat": -13.46011001836561, "country_ini_lon": 27.774212334796776, "lat_linestring": -18.46225809438611, "lon_linestring": 30.591126245108455, "c": "Zambia", "c2": "Mozambique"}, "geometry": {"type": "LineString", "coordinates": [[27.774212334796776, -13.46011001836561], [33.40804015542013, -23.464406170406612]]}},
{"type": "Feature", "properties": {"z_other": "Mozambique_Central", "z": "Zambia", "country_ini_lat": -13.46011001836561, "country_ini_lon": 27.774212334796776, "lat_linestring": -15.733566798924052, "lon_linestring": 31.425909631660684, "c": "Zambia", "c2": "Mozambique"}, "geometry": {"type": "LineString", "coordinates": [[27.774212334796776, -13.46011001836561], [35.077606928524595, -18.007023579482496]]}},
{"type": "Feature", "properties": {"z_other": "Mozambique_North", "z": "Zambia", "country_ini_lat": -13.46011001836561, "country_ini_lon": 27.774212334796776, "lat_linestring": -13.646303759688962, "lon_linestring": 32.31844612319015, "c": "Zambia", "c2": "Mozambique"}, "geometry": {"type": "LineString", "coordinates": [[27.774212334796776, -13.46011001836561], [36.86267991158353, -13.832497501012314]]}},
{"type": "Feature", "properties": {"z_other": "Zimbabwe_East", "z": "Zambia", "country_ini_lat": -13.46011001836561, "country_ini_lon": 27.774212334796776, "lat_linestring": -16.50741611726208, "lon_linestring": 28.7690633715115, "c": "Zambia", "c2": "Zimbabwe"}, "geometry": {"type": "LineString", "coordinates": [[27.774212334796776, -13.46011001836561], [29.763914408226224, -19.554722216158545]]}},
{"type": "Feature", "properties": {"z_other": "Zimbabwe_West", "z": "Zambia", "country_ini_lat": -13.46011001836561, "country_ini_lon": 27.774212334796776, "lat_linestring": -16.23131307534181, "lon_linestring": 28.813050116830865, "c": "Zambia", "c2": "Zimbabwe"}, "geometry": {"type": "LineString", "coordinates": [[27.774212334796776, -13.46011001836561], [29.851887898864952, -19.00251613231801]]}},
{"type": "Feature", "properties": {"z_other": "Botswana", "z": "Mozal", "country_ini_lat": -25.957864085480196, "country_ini_lon": 32.47625289872829, "lat_linestring": -24.07181820325474, "lon_linestring": 28.137619815771124, "c": "Mozambique", "c2": "Botswana"}, "geometry": {"type": "LineString", "coordinates": [[32.47625289872829, -25.957864085480196], [23.798986732813958, -22.185772321029283]]}},
{"type": "Feature", "properties": {"z_other": "Lesotho", "z": "Mozal", "country_ini_lat": -25.957864085480196, "country_ini_lon": 32.47625289872829, "lat_linestring": -27.768797264855998, "lon_linestring": 30.352437911861376, "c": "Mozambique", "c2": "Lesotho"}, "geometry": {"type": "LineString", "coordinates": [[32.47625289872829, -25.957864085480196], [28.22862292499447, -29.579730444231792]]}},
{"type": "Feature", "properties": {"z_other": "Malawi", "z": "Mozal", "country_ini_lat": -25.957864085480196, "country_ini_lon": 32.47625289872829, "lat_linestring": -19.587544975083166, "lon_linestring": 33.38308035108501, "c": "Mozambique", "c2": "Malawi"}, "geometry": {"type": "LineString", "coordinates": [[32.47625289872829, -25.957864085480196], [34.28990780344174, -13.217225864686135]]}},
{"type": "Feature", "properties": {"z_other": "Namibia", "z": "Mozal", "country_ini_lat": -25.957864085480196, "country_ini_lon": 32.47625289872829, "lat_linestring": -24.043555362073334, "lon_linestring": 24.843693048069248, "c": "Mozambique", "c2": "Namibia"}, "geometry": {"type": "LineString", "coordinates": [[32.47625289872829, -25.957864085480196], [17.211133197410206, -22.129246638666476]]}},
{"type": "Feature", "properties": {"z_other": "Eswatini", "z": "Mozal", "country_ini_lat": -25.957864085480196, "country_ini_lon": 32.47625289872829, "lat_linestring": -26.25988921725387, "lon_linestring": 31.978138500868557, "c": "Mozambique", "c2": "Eswatini"}, "geometry": {"type": "LineString", "coordinates": [[32.47625289872829, -25.957864085480196], [31.480024103008823, -26.561914349027543]]}},
{"type": "Feature", "properties": {"z_other": "Tanzania", "z": "Mozal", "country_ini_lat": -25.957864085480196, "country_ini_lon": 32.47625289872829, "lat_linestring": -16.116480783286992, "lon_linestring": 33.64491965962794, "c": "Mozambique", "c2": "Tanzania"}, "geometry": {"type": "LineString", "coordinates": [[32.47625289872829, -25.957864085480196], [34.813586420527585, -6.27509748109379]]}},
{"type": "Feature", "properties": {"z_other": "South_Africa", "z": "Mozal", "country_ini_lat": -25.957864085480196, "country_ini_lon": 32.47625289872829, "lat_linestring": -27.479453223645734, "lon_linestring": 28.781801727529466, "c": "Mozambique", "c2": "South_Africa"}, "geometry": {"type": "LineString", "coordinates": [[32.47625289872829, -25.957864085480196], [25.08735055633064, -29.001042361811272]]}},
{"type": "Feature", "properties": {"z_other": "Zambia", "z": "Mozal", "country_ini_lat": -25.957864085480196, "country_ini_lon": 32.47625289872829, "lat_linestring": -19.7089870519229, "lon_linestring": 30.12523261676253, "c": "Mozambique", "c2": "Zambia"}, "geometry": {"type": "LineString", "coordinates": [[32.47625289872829, -25.957864085480196], [27.774212334796776, -13.46011001836561]]}},
{"type": "Feature", "properties": {"z_other": "Angola_North", "z": "Mozal", "country_ini_lat": -25.957864085480196, "country_ini_lon": 32.47625289872829, "lat_linestring": -16.650532797327283, "lon_linestring": 23.730212675489412, "c": "Mozambique", "c2": "Angola"}, "geometry": {"type": "LineString", "coordinates": [[32.47625289872829, -25.957864085480196], [14.984172452250533, -7.343201509174372]]}},
{"type": "Feature", "properties": {"z_other": "Angola_East", "z": "Mozal", "country_ini_lat": -25.957864085480196, "country_ini_lon": 32.47625289872829, "lat_linestring": -17.05513427243297, "lon_linestring": 26.29072299694673, "c": "Mozambique", "c2": "Angola"}, "geometry": {"type": "LineString", "coordinates": [[32.47625289872829, -25.957864085480196], [20.10519309516518, -8.152404459385744]]}},
{"type": "Feature", "properties": {"z_other": "Angola_Central", "z": "Mozal", "country_ini_lat": -25.957864085480196, "country_ini_lon": 32.47625289872829, "lat_linestring": -18.625124770014374, "lon_linestring": 25.327860982315123, "c": "Mozambique", "c2": "Angola"}, "geometry": {"type": "LineString", "coordinates": [[32.47625289872829, -25.957864085480196], [18.17946906590195, -11.292385454548553]]}},
{"type": "Feature", "properties": {"z_other": "Angola_South", "z": "Mozal", "country_ini_lat": -25.957864085480196, "country_ini_lon": 32.47625289872829, "lat_linestring": -20.769685053127294, "lon_linestring": 24.912956019882536, "c": "Mozambique", "c2": "Angola"}, "geometry": {"type": "LineString", "coordinates": [[32.47625289872829, -25.957864085480196], [17.34965914103678, -15.581506020774393]]}},
{"type": "Feature", "properties": {"z_other": "DRC", "z": "Mozal", "country_ini_lat": -25.957864085480196, "country_ini_lon": 32.47625289872829, "lat_linestring": -12.836755857860785, "lon_linestring": 28.09863001654591, "c": "Mozambique", "c2": "DRC"}, "geometry": {"type": "LineString", "coordinates": [[32.47625289872829, -25.957864085480196], [23.721007134363532, 0.284352369758625]]}},
{"type": "Feature", "properties": {"z_other": "DRC_South", "z": "Mozal", "country_ini_lat": -25.957864085480196, "country_ini_lon": 32.47625289872829, "lat_linestring": -16.55502789884814, "lon_linestring": 28.00944580042017, "c": "Mozambique", "c2": "DRC"}, "geometry": {"type": "LineString", "coordinates": [[32.47625289872829, -25.957864085480196], [23.54263870211206, -7.152191712216087]]}},
{"type": "Feature", "properties": {"z_other": "Mozambique_South", "z": "Mozal", "country_ini_lat": -25.957864085480196, "country_ini_lon": 32.47625289872829, "lat_linestring": -24.711135127943404, "lon_linestring": 32.942146527074215, "c": "Mozambique", "c2": "Mozambique"}, "geometry": {"type": "LineString", "coordinates": [[32.47625289872829, -25.957864085480196], [33.40804015542013, -23.464406170406612]]}},
{"type": "Feature", "properties": {"z_other": "Mozambique_Central", "z": "Mozal", "country_ini_lat": -25.957864085480196, "country_ini_lon": 32.47625289872829, "lat_linestring": -21.982443832481344, "lon_linestring": 33.77692991362645, "c": "Mozambique", "c2": "Mozambique"}, "geometry": {"type": "LineString", "coordinates": [[32.47625289872829, -25.957864085480196], [35.077606928524595, -18.007023579482496]]}},
{"type": "Feature", "properties": {"z_other": "Mozambique_North", "z": "Mozal", "country_ini_lat": -25.957864085480196, "country_ini_lon": 32.47625289872829, "lat_linestring": -19.895180793246254, "lon_linestring": 34.66946640515591, "c": "Mozambique", "c2": "Mozambique"}, "geometry": {"type": "LineString", "coordinates": [[32.47625289872829, -25.957864085480196], [36.86267991158353, -13.832497501012314]]}},
{"type": "Feature", "properties": {"z_other": "Zimbabwe_East", "z": "Mozal", "country_ini_lat": -25.957864085480196, "country_ini_lon": 32.47625289872829, "lat_linestring": -22.75629315081937, "lon_linestring": 31.12008365347726, "c": "Mozambique", "c2": "Zimbabwe"}, "geometry": {"type": "LineString", "coordinates": [[32.47625289872829, -25.957864085480196], [29.763914408226224, -19.554722216158545]]}},
{"type": "Feature", "properties": {"z_other": "Zimbabwe_West", "z": "Mozal", "country_ini_lat": -25.957864085480196, "country_ini_lon": 32.47625289872829, "lat_linestring": -22.4801901088991, "lon_linestring": 31.16407039879662, "c": "Mozambique", "c2": "Zimbabwe"}, "geometry": {"type": "LineString", "coordinates": [[32.47625289872829, -25.957864085480196], [29.851887898864952, -19.00251613231801]]}},
{"type": "Feature", "properties": {"z_other": "Botswana", "z": "Angola_North", "country_ini_lat": -7.343201509174372, "country_ini_lon": 14.984172452250533, "lat_linestring": -14.764486915101827, "lon_linestring": 19.391579592532246, "c": "Angola", "c2": "Botswana"}, "geometry": {"type": "LineString", "coordinates": [[14.984172452250533, -7.343201509174372], [23.798986732813958, -22.185772321029283]]}},
{"type": "Feature", "properties": {"z_other": "Lesotho", "z": "Angola_North", "country_ini_lat": -7.343201509174372, "country_ini_lon": 14.984172452250533, "lat_linestring": -18.46146597670308, "lon_linestring": 21.6063976886225, "c": "Angola", "c2": "Lesotho"}, "geometry": {"type": "LineString", "coordinates": [[14.984172452250533, -7.343201509174372], [28.22862292499447, -29.579730444231792]]}},
{"type": "Feature", "properties": {"z_other": "Malawi", "z": "Angola_North", "country_ini_lat": -7.343201509174372, "country_ini_lon": 14.984172452250533, "lat_linestring": -10.280213686930253, "lon_linestring": 24.637040127846138, "c": "Angola", "c2": "Malawi"}, "geometry": {"type": "LineString", "coordinates": [[14.984172452250533, -7.343201509174372], [34.28990780344174, -13.217225864686135]]}},
{"type": "Feature", "properties": {"z_other": "Namibia", "z": "Angola_North", "country_ini_lat": -7.343201509174372, "country_ini_lon": 14.984172452250533, "lat_linestring": -14.736224073920424, "lon_linestring": 16.09765282483037, "c": "Angola", "c2": "Namibia"}, "geometry": {"type": "LineString", "coordinates": [[14.984172452250533, -7.343201509174372], [17.211133197410206, -22.129246638666476]]}},
{"type": "Feature", "properties": {"z_other": "Eswatini", "z": "Angola_North", "country_ini_lat": -7.343201509174372, "country_ini_lon": 14.984172452250533, "lat_linestring": -16.95255792910096, "lon_linestring": 23.232098277629674, "c": "Angola", "c2": "Eswatini"}, "geometry": {"type": "LineString", "coordinates": [[14.984172452250533, -7.343201509174372], [31.480024103008823, -26.561914349027543]]}},
{"type": "Feature", "properties": {"z_other": "Tanzania", "z": "Angola_North", "country_ini_lat": -7.343201509174372, "country_ini_lon": 14.984172452250533, "lat_linestring": -6.809149495134081, "lon_linestring": 24.89887943638906, "c": "Angola", "c2": "Tanzania"}, "geometry": {"type": "LineString", "coordinates": [[14.984172452250533, -7.343201509174372], [34.813586420527585, -6.27509748109379]]}},
{"type": "Feature", "properties": {"z_other": "South_Africa", "z": "Angola_North", "country_ini_lat": -7.343201509174372, "country_ini_lon": 14.984172452250533, "lat_linestring": -18.17212193549282, "lon_linestring": 20.035761504290587, "c": "Angola", "c2": "South_Africa"}, "geometry": {"type": "LineString", "coordinates": [[14.984172452250533, -7.343201509174372], [25.08735055633064, -29.001042361811272]]}},
{"type": "Feature", "properties": {"z_other": "Zambia", "z": "Angola_North", "country_ini_lat": -7.343201509174372, "country_ini_lon": 14.984172452250533, "lat_linestring": -10.401655763769991, "lon_linestring": 21.379192393523653, "c": "Angola", "c2": "Zambia"}, "geometry": {"type": "LineString", "coordinates": [[14.984172452250533, -7.343201509174372], [27.774212334796776, -13.46011001836561]]}},
{"type": "Feature", "properties": {"z_other": "Mozal", "z": "Angola_North", "country_ini_lat": -7.343201509174372, "country_ini_lon": 14.984172452250533, "lat_linestring": -16.650532797327283, "lon_linestring": 23.730212675489412, "c": "Angola", "c2": "Mozambique"}, "geometry": {"type": "LineString", "coordinates": [[14.984172452250533, -7.343201509174372], [32.47625289872829, -25.957864085480196]]}},
{"type": "Feature", "properties": {"z_other": "Angola_East", "z": "Angola_North", "country_ini_lat": -7.343201509174372, "country_ini_lon": 14.984172452250533, "lat_linestring": -7.7478029842800575, "lon_linestring": 17.544682773707855, "c": "Angola", "c2": "Angola"}, "geometry": {"type": "LineString", "coordinates": [[14.984172452250533, -7.343201509174372], [20.10519309516518, -8.152404459385744]]}},
{"type": "Feature", "properties": {"z_other": "Angola_Central", "z": "Angola_North", "country_ini_lat": -7.343201509174372, "country_ini_lon": 14.984172452250533, "lat_linestring": -9.317793481861463, "lon_linestring": 16.581820759076244, "c": "Angola", "c2": "Angola"}, "geometry": {"type": "LineString", "coordinates": [[14.984172452250533, -7.343201509174372], [18.17946906590195, -11.292385454548553]]}},
{"type": "Feature", "properties": {"z_other": "Angola_South", "z": "Angola_North", "country_ini_lat": -7.343201509174372, "country_ini_lon": 14.984172452250533, "lat_linestring": -11.462353764974383, "lon_linestring": 16.166915796643657, "c": "Angola", "c2": "Angola"}, "geometry": {"type": "LineString", "coordinates": [[14.984172452250533, -7.343201509174372], [17.34965914103678, -15.581506020774393]]}},
{"type": "Feature", "properties": {"z_other": "DRC", "z": "Angola_North", "country_ini_lat": -7.343201509174372, "country_ini_lon": 14.984172452250533, "lat_linestring": -3.5294245697078734, "lon_linestring": 19.352589793307033, "c": "Angola", "c2": "DRC"}, "geometry": {"type": "LineString", "coordinates": [[14.984172452250533, -7.343201509174372], [23.721007134363532, 0.284352369758625]]}},
{"type": "Feature", "properties": {"z_other": "DRC_South", "z": "Angola_North", "country_ini_lat": -7.343201509174372, "country_ini_lon": 14.984172452250533, "lat_linestring": -7.247696610695229, "lon_linestring": 19.263405577181295, "c": "Angola", "c2": "DRC"}, "geometry": {"type": "LineString", "coordinates": [[14.984172452250533, -7.343201509174372], [23.54263870211206, -7.152191712216087]]}},
{"type": "Feature", "properties": {"z_other": "Mozambique_South", "z": "Angola_North", "country_ini_lat": -7.343201509174372, "country_ini_lon": 14.984172452250533, "lat_linestring": -15.403803839790491, "lon_linestring": 24.196106303835332, "c": "Angola", "c2": "Mozambique"}, "geometry": {"type": "LineString", "coordinates": [[14.984172452250533, -7.343201509174372], [33.40804015542013, -23.464406170406612]]}},
{"type": "Feature", "properties": {"z_other": "Mozambique_Central", "z": "Angola_North", "country_ini_lat": -7.343201509174372, "country_ini_lon": 14.984172452250533, "lat_linestring": -12.675112544328435, "lon_linestring": 25.030889690387564, "c": "Angola", "c2": "Mozambique"}, "geometry": {"type": "LineString", "coordinates": [[14.984172452250533, -7.343201509174372], [35.077606928524595, -18.007023579482496]]}},
{"type": "Feature", "properties": {"z_other": "Mozambique_North", "z": "Angola_North", "country_ini_lat": -7.343201509174372, "country_ini_lon": 14.984172452250533, "lat_linestring": -10.587849505093343, "lon_linestring": 25.92342618191703, "c": "Angola", "c2": "Mozambique"}, "geometry": {"type": "LineString", "coordinates": [[14.984172452250533, -7.343201509174372], [36.86267991158353, -13.832497501012314]]}},
{"type": "Feature", "properties": {"z_other": "Zimbabwe_East", "z": "Angola_North", "country_ini_lat": -7.343201509174372, "country_ini_lon": 14.984172452250533, "lat_linestring": -13.448961862666456, "lon_linestring": 22.37404343023838, "c": "Angola", "c2": "Zimbabwe"}, "geometry": {"type": "LineString", "coordinates": [[14.984172452250533, -7.343201509174372], [29.763914408226224, -19.554722216158545]]}},
{"type": "Feature", "properties": {"z_other": "Zimbabwe_West", "z": "Angola_North", "country_ini_lat": -7.343201509174372, "country_ini_lon": 14.984172452250533, "lat_linestring": -13.17285882074619, "lon_linestring": 22.418030175557742, "c": "Angola", "c2": "Zimbabwe"}, "geometry": {"type": "LineString", "coordinates": [[14.984172452250533, -7.343201509174372], [29.851887898864952, -19.00251613231801]]}},
{"type": "Feature", "properties": {"z_other": "Botswana", "z": "Angola_East", "country_ini_lat": -8.152404459385744, "country_ini_lon": 20.10519309516518, "lat_linestring": -15.169088390207513, "lon_linestring": 21.952089913989568, "c": "Angola", "c2": "Botswana"}, "geometry": {"type": "LineString", "coordinates": [[20.10519309516518, -8.152404459385744], [23.798986732813958, -22.185772321029283]]}},
{"type": "Feature", "properties": {"z_other": "Lesotho", "z": "Angola_East", "country_ini_lat": -8.152404459385744, "country_ini_lon": 20.10519309516518, "lat_linestring": -18.866067451808767, "lon_linestring": 24.166908010079823, "c": "Angola", "c2": "Lesotho"}, "geometry": {"type": "LineString", "coordinates": [[20.10519309516518, -8.152404459385744], [28.22862292499447, -29.579730444231792]]}},
{"type": "Feature", "properties": {"z_other": "Malawi", "z": "Angola_East", "country_ini_lat": -8.152404459385744, "country_ini_lon": 20.10519309516518, "lat_linestring": -10.684815162035939, "lon_linestring": 27.197550449303463, "c": "Angola", "c2": "Malawi"}, "geometry": {"type": "LineString", "coordinates": [[20.10519309516518, -8.152404459385744], [34.28990780344174, -13.217225864686135]]}},
{"type": "Feature", "properties": {"z_other": "Namibia", "z": "Angola_East", "country_ini_lat": -8.152404459385744, "country_ini_lon": 20.10519309516518, "lat_linestring": -15.140825549026111, "lon_linestring": 18.65816314628769, "c": "Angola", "c2": "Namibia"}, "geometry": {"type": "LineString", "coordinates": [[20.10519309516518, -8.152404459385744], [17.211133197410206, -22.129246638666476]]}},
{"type": "Feature", "properties": {"z_other": "Eswatini", "z": "Angola_East", "country_ini_lat": -8.152404459385744, "country_ini_lon": 20.10519309516518, "lat_linestring": -17.357159404206644, "lon_linestring": 25.792608599087004, "c": "Angola", "c2": "Eswatini"}, "geometry": {"type": "LineString", "coordinates": [[20.10519309516518, -8.152404459385744], [31.480024103008823, -26.561914349027543]]}},
{"type": "Feature", "properties": {"z_other": "Tanzania", "z": "Angola_East", "country_ini_lat": -8.152404459385744, "country_ini_lon": 20.10519309516518, "lat_linestring": -7.213750970239767, "lon_linestring": 27.45938975784638, "c": "Angola", "c2": "Tanzania"}, "geometry": {"type": "LineString", "coordinates": [[20.10519309516518, -8.152404459385744], [34.813586420527585, -6.27509748109379]]}},
{"type": "Feature", "properties": {"z_other": "South_Africa", "z": "Angola_East", "country_ini_lat": -8.152404459385744, "country_ini_lon": 20.10519309516518, "lat_linestring": -18.576723410598508, "lon_linestring": 22.596271825747912, "c": "Angola", "c2": "South_Africa"}, "geometry": {"type": "LineString", "coordinates": [[20.10519309516518, -8.152404459385744], [25.08735055633064, -29.001042361811272]]}},
{"type": "Feature", "properties": {"z_other": "Zambia", "z": "Angola_East", "country_ini_lat": -8.152404459385744, "country_ini_lon": 20.10519309516518, "lat_linestring": -10.806257238875677, "lon_linestring": 23.939702714980978, "c": "Angola", "c2": "Zambia"}, "geometry": {"type": "LineString", "coordinates": [[20.10519309516518, -8.152404459385744], [27.774212334796776, -13.46011001836561]]}},
{"type": "Feature", "properties": {"z_other": "Mozal", "z": "Angola_East", "country_ini_lat": -8.152404459385744, "country_ini_lon": 20.10519309516518, "lat_linestring": -17.05513427243297, "lon_linestring": 26.29072299694673, "c": "Angola", "c2": "Mozambique"}, "geometry": {"type": "LineString", "coordinates": [[20.10519309516518, -8.152404459385744], [32.47625289872829, -25.957864085480196]]}},
{"type": "Feature", "properties": {"z_other": "Angola_North", "z": "Angola_East", "country_ini_lat": -8.152404459385744, "country_ini_lon": 20.10519309516518, "lat_linestring": -7.7478029842800575, "lon_linestring": 17.544682773707855, "c": "Angola", "c2": "Angola"}, "geometry": {"type": "LineString", "coordinates": [[20.10519309516518, -8.152404459385744], [14.984172452250533, -7.343201509174372]]}},
{"type": "Feature", "properties": {"z_other": "Angola_Central", "z": "Angola_East", "country_ini_lat": -8.152404459385744, "country_ini_lon": 20.10519309516518, "lat_linestring": -9.722394956967149, "lon_linestring": 19.142331080533566, "c": "Angola", "c2": "Angola"}, "geometry": {"type": "LineString", "coordinates": [[20.10519309516518, -8.152404459385744], [18.17946906590195, -11.292385454548553]]}},
{"type": "Feature", "properties": {"z_other": "Angola_South", "z": "Angola_East", "country_ini_lat": -8.152404459385744, "country_ini_lon": 20.10519309516518, "lat_linestring": -11.866955240080069, "lon_linestring": 18.72742611810098, "c": "Angola", "c2": "Angola"}, "geometry": {"type": "LineString", "coordinates": [[20.10519309516518, -8.152404459385744], [17.34965914103678, -15.581506020774393]]}},
{"type": "Feature", "properties": {"z_other": "DRC", "z": "Angola_East", "country_ini_lat": -8.152404459385744, "country_ini_lon": 20.10519309516518, "lat_linestring": -3.9340260448135593, "lon_linestring": 21.913100114764354, "c": "Angola", "c2": "DRC"}, "geometry": {"type": "LineString", "coordinates": [[20.10519309516518, -8.152404459385744], [23.721007134363532, 0.284352369758625]]}},
{"type": "Feature", "properties": {"z_other": "DRC_South", "z": "Angola_East", "country_ini_lat": -8.152404459385744, "country_ini_lon": 20.10519309516518, "lat_linestring": -7.652298085800916, "lon_linestring": 21.82391589863862, "c": "Angola", "c2": "DRC"}, "geometry": {"type": "LineString", "coordinates": [[20.10519309516518, -8.152404459385744], [23.54263870211206, -7.152191712216087]]}},
{"type": "Feature", "properties": {"z_other": "Mozambique_South", "z": "Angola_East", "country_ini_lat": -8.152404459385744, "country_ini_lon": 20.10519309516518, "lat_linestring": -15.808405314896177, "lon_linestring": 26.75661662529266, "c": "Angola", "c2": "Mozambique"}, "geometry": {"type": "LineString", "coordinates": [[20.10519309516518, -8.152404459385744], [33.40804015542013, -23.464406170406612]]}},
{"type": "Feature", "properties": {"z_other": "Mozambique_Central", "z": "Angola_East", "country_ini_lat": -8.152404459385744, "country_ini_lon": 20.10519309516518, "lat_linestring": -13.079714019434121, "lon_linestring": 27.59140001184489, "c": "Angola", "c2": "Mozambique"}, "geometry": {"type": "LineString", "coordinates": [[20.10519309516518, -8.152404459385744], [35.077606928524595, -18.007023579482496]]}},
{"type": "Feature", "properties": {"z_other": "Mozambique_North", "z": "Angola_East", "country_ini_lat": -8.152404459385744, "country_ini_lon": 20.10519309516518, "lat_linestring": -10.99245098019903, "lon_linestring": 28.483936503374352, "c": "Angola", "c2": "Mozambique"}, "geometry": {"type": "LineString", "coordinates": [[20.10519309516518, -8.152404459385744], [36.86267991158353, -13.832497501012314]]}},
{"type": "Feature", "properties": {"z_other": "Zimbabwe_East", "z": "Angola_East", "country_ini_lat": -8.152404459385744, "country_ini_lon": 20.10519309516518, "lat_linestring": -13.853563337772144, "lon_linestring": 24.934553751695702, "c": "Angola", "c2": "Zimbabwe"}, "geometry": {"type": "LineString", "coordinates": [[20.10519309516518, -8.152404459385744], [29.763914408226224, -19.554722216158545]]}},
{"type": "Feature", "properties": {"z_other": "Zimbabwe_West", "z": "Angola_East", "country_ini_lat": -8.152404459385744, "country_ini_lon": 20.10519309516518, "lat_linestring": -13.577460295851878, "lon_linestring": 24.978540497015068, "c": "Angola", "c2": "Zimbabwe"}, "geometry": {"type": "LineString", "coordinates": [[20.10519309516518, -8.152404459385744], [29.851887898864952, -19.00251613231801]]}},
{"type": "Feature", "properties": {"z_other": "Botswana", "z": "Angola_Central", "country_ini_lat": -11.292385454548553, "country_ini_lon": 18.17946906590195, "lat_linestring": -16.739078887788917, "lon_linestring": 20.98922789935796, "c": "Angola", "c2": "Botswana"}, "geometry": {"type": "LineString", "coordinates": [[18.17946906590195, -11.292385454548553], [23.798986732813958, -22.185772321029283]]}},
{"type": "Feature", "properties": {"z_other": "Lesotho", "z": "Angola_Central", "country_ini_lat": -11.292385454548553, "country_ini_lon": 18.17946906590195, "lat_linestring": -20.43605794939017, "lon_linestring": 23.20404599544821, "c": "Angola", "c2": "Lesotho"}, "geometry": {"type": "LineString", "coordinates": [[18.17946906590195, -11.292385454548553], [28.22862292499447, -29.579730444231792]]}},
{"type": "Feature", "properties": {"z_other": "Malawi", "z": "Angola_Central", "country_ini_lat": -11.292385454548553, "country_ini_lon": 18.17946906590195, "lat_linestring": -12.254805659617343, "lon_linestring": 26.234688434671845, "c": "Angola", "c2": "Malawi"}, "geometry": {"type": "LineString", "coordinates": [[18.17946906590195, -11.292385454548553], [34.28990780344174, -13.217225864686135]]}},
{"type": "Feature", "properties": {"z_other": "Namibia", "z": "Angola_Central", "country_ini_lat": -11.292385454548553, "country_ini_lon": 18.17946906590195, "lat_linestring": -16.710816046607516, "lon_linestring": 17.69530113165608, "c": "Angola", "c2": "Namibia"}, "geometry": {"type": "LineString", "coordinates": [[18.17946906590195, -11.292385454548553], [17.211133197410206, -22.129246638666476]]}},
{"type": "Feature", "properties": {"z_other": "Eswatini", "z": "Angola_Central", "country_ini_lat": -11.292385454548553, "country_ini_lon": 18.17946906590195, "lat_linestring": -18.92714990178805, "lon_linestring": 24.829746584455386, "c": "Angola", "c2": "Eswatini"}, "geometry": {"type": "LineString", "coordinates": [[18.17946906590195, -11.292385454548553], [31.480024103008823, -26.561914349027543]]}},
{"type": "Feature", "properties": {"z_other": "Tanzania", "z": "Angola_Central", "country_ini_lat": -11.292385454548553, "country_ini_lon": 18.17946906590195, "lat_linestring": -8.783741467821171, "lon_linestring": 26.49652774321477, "c": "Angola", "c2": "Tanzania"}, "geometry": {"type": "LineString", "coordinates": [[18.17946906590195, -11.292385454548553], [34.813586420527585, -6.27509748109379]]}},
{"type": "Feature", "properties": {"z_other": "South_Africa", "z": "Angola_Central", "country_ini_lat": -11.292385454548553, "country_ini_lon": 18.17946906590195, "lat_linestring": -20.146713908179912, "lon_linestring": 21.633409811116294, "c": "Angola", "c2": "South_Africa"}, "geometry": {"type": "LineString", "coordinates": [[18.17946906590195, -11.292385454548553], [25.08735055633064, -29.001042361811272]]}},
{"type": "Feature", "properties": {"z_other": "Zambia", "z": "Angola_Central", "country_ini_lat": -11.292385454548553, "country_ini_lon": 18.17946906590195, "lat_linestring": -12.376247736457081, "lon_linestring": 22.976840700349364, "c": "Angola", "c2": "Zambia"}, "geometry": {"type": "LineString", "coordinates": [[18.17946906590195, -11.292385454548553], [27.774212334796776, -13.46011001836561]]}},
{"type": "Feature", "properties": {"z_other": "Mozal", "z": "Angola_Central", "country_ini_lat": -11.292385454548553, "country_ini_lon": 18.17946906590195, "lat_linestring": -18.625124770014374, "lon_linestring": 25.327860982315123, "c": "Angola", "c2": "Mozambique"}, "geometry": {"type": "LineString", "coordinates": [[18.17946906590195, -11.292385454548553], [32.47625289872829, -25.957864085480196]]}},
{"type": "Feature", "properties": {"z_other": "Angola_North", "z": "Angola_Central", "country_ini_lat": -11.292385454548553, "country_ini_lon": 18.17946906590195, "lat_linestring": -9.317793481861463, "lon_linestring": 16.581820759076244, "c": "Angola", "c2": "Angola"}, "geometry": {"type": "LineString", "coordinates": [[18.17946906590195, -11.292385454548553], [14.984172452250533, -7.343201509174372]]}},
{"type": "Feature", "properties": {"z_other": "Angola_East", "z": "Angola_Central", "country_ini_lat": -11.292385454548553, "country_ini_lon": 18.17946906590195, "lat_linestring": -9.722394956967149, "lon_linestring": 19.142331080533566, "c": "Angola", "c2": "Angola"}, "geometry": {"type": "LineString", "coordinates": [[18.17946906590195, -11.292385454548553], [20.10519309516518, -8.152404459385744]]}},
{"type": "Feature", "properties": {"z_other": "Angola_South", "z": "Angola_Central", "country_ini_lat": -11.292385454548553, "country_ini_lon": 18.17946906590195, "lat_linestring": -13.436945737661473, "lon_linestring": 17.764564103469368, "c": "Angola", "c2": "Angola"}, "geometry": {"type": "LineString", "coordinates": [[18.17946906590195, -11.292385454548553], [17.34965914103678, -15.581506020774393]]}},
{"type": "Feature", "properties": {"z_other": "DRC", "z": "Angola_Central", "country_ini_lat": -11.292385454548553, "country_ini_lon": 18.17946906590195, "lat_linestring": -5.5040165423949645, "lon_linestring": 20.950238100132744, "c": "Angola", "c2": "DRC"}, "geometry": {"type": "LineString", "coordinates": [[18.17946906590195, -11.292385454548553], [23.721007134363532, 0.284352369758625]]}},
{"type": "Feature", "properties": {"z_other": "DRC_South", "z": "Angola_Central", "country_ini_lat": -11.292385454548553, "country_ini_lon": 18.17946906590195, "lat_linestring": -9.22228858338232, "lon_linestring": 20.861053884007006, "c": "Angola", "c2": "DRC"}, "geometry": {"type": "LineString", "coordinates": [[18.17946906590195, -11.292385454548553], [23.54263870211206, -7.152191712216087]]}},
{"type": "Feature", "properties": {"z_other": "Mozambique_South", "z": "Angola_Central", "country_ini_lat": -11.292385454548553, "country_ini_lon": 18.17946906590195, "lat_linestring": -17.37839581247758, "lon_linestring": 25.79375461066104, "c": "Angola", "c2": "Mozambique"}, "geometry": {"type": "LineString", "coordinates": [[18.17946906590195, -11.292385454548553], [33.40804015542013, -23.464406170406612]]}},
{"type": "Feature", "properties": {"z_other": "Mozambique_Central", "z": "Angola_Central", "country_ini_lat": -11.292385454548553, "country_ini_lon": 18.17946906590195, "lat_linestring": -14.649704517015527, "lon_linestring": 26.62853799721327, "c": "Angola", "c2": "Mozambique"}, "geometry": {"type": "LineString", "coordinates": [[18.17946906590195, -11.292385454548553], [35.077606928524595, -18.007023579482496]]}},
{"type": "Feature", "properties": {"z_other": "Mozambique_North", "z": "Angola_Central", "country_ini_lat": -11.292385454548553, "country_ini_lon": 18.17946906590195, "lat_linestring": -12.562441477780434, "lon_linestring": 27.52107448874274, "c": "Angola", "c2": "Mozambique"}, "geometry": {"type": "LineString", "coordinates": [[18.17946906590195, -11.292385454548553], [36.86267991158353, -13.832497501012314]]}},
{"type": "Feature", "properties": {"z_other": "Zimbabwe_East", "z": "Angola_Central", "country_ini_lat": -11.292385454548553, "country_ini_lon": 18.17946906590195, "lat_linestring": -15.423553835353548, "lon_linestring": 23.971691737064088, "c": "Angola", "c2": "Zimbabwe"}, "geometry": {"type": "LineString", "coordinates": [[18.17946906590195, -11.292385454548553], [29.763914408226224, -19.554722216158545]]}},
{"type": "Feature", "properties": {"z_other": "Zimbabwe_West", "z": "Angola_Central", "country_ini_lat": -11.292385454548553, "country_ini_lon": 18.17946906590195, "lat_linestring": -15.147450793433283, "lon_linestring": 24.01567848238345, "c": "Angola", "c2": "Zimbabwe"}, "geometry": {"type": "LineString", "coordinates": [[18.17946906590195, -11.292385454548553], [29.851887898864952, -19.00251613231801]]}},
{"type": "Feature", "properties": {"z_other": "Botswana", "z": "Angola_South", "country_ini_lat": -15.581506020774393, "country_ini_lon": 17.34965914103678, "lat_linestring": -18.883639170901837, "lon_linestring": 20.57432293692537, "c": "Angola", "c2": "Botswana"}, "geometry": {"type": "LineString", "coordinates": [[17.34965914103678, -15.581506020774393], [23.798986732813958, -22.185772321029283]]}},
{"type": "Feature", "properties": {"z_other": "Lesotho", "z": "Angola_South", "country_ini_lat": -15.581506020774393, "country_ini_lon": 17.34965914103678, "lat_linestring": -22.58061823250309, "lon_linestring": 22.789141033015625, "c": "Angola", "c2": "Lesotho"}, "geometry": {"type": "LineString", "coordinates": [[17.34965914103678, -15.581506020774393], [28.22862292499447, -29.579730444231792]]}},
{"type": "Feature", "properties": {"z_other": "Malawi", "z": "Angola_South", "country_ini_lat": -15.581506020774393, "country_ini_lon": 17.34965914103678, "lat_linestring": -14.399365942730263, "lon_linestring": 25.819783472239262, "c": "Angola", "c2": "Malawi"}, "geometry": {"type": "LineString", "coordinates": [[17.34965914103678, -15.581506020774393], [34.28990780344174, -13.217225864686135]]}},
{"type": "Feature", "properties": {"z_other": "Namibia", "z": "Angola_South", "country_ini_lat": -15.581506020774393, "country_ini_lon": 17.34965914103678, "lat_linestring": -18.855376329720436, "lon_linestring": 17.280396169223494, "c": "Angola", "c2": "Namibia"}, "geometry": {"type": "LineString", "coordinates": [[17.34965914103678, -15.581506020774393], [17.211133197410206, -22.129246638666476]]}},
{"type": "Feature", "properties": {"z_other": "Eswatini", "z": "Angola_South", "country_ini_lat": -15.581506020774393, "country_ini_lon": 17.34965914103678, "lat_linestring": -21.07171018490097, "lon_linestring": 24.414841622022802, "c": "Angola", "c2": "Eswatini"}, "geometry": {"type": "LineString", "coordinates": [[17.34965914103678, -15.581506020774393], [31.480024103008823, -26.561914349027543]]}},
{"type": "Feature", "properties": {"z_other": "Tanzania", "z": "Angola_South", "country_ini_lat": -15.581506020774393, "country_ini_lon": 17.34965914103678, "lat_linestring": -10.928301750934091, "lon_linestring": 26.081622780782187, "c": "Angola", "c2": "Tanzania"}, "geometry": {"type": "LineString", "coordinates": [[17.34965914103678, -15.581506020774393], [34.813586420527585, -6.27509748109379]]}},
{"type": "Feature", "properties": {"z_other": "South_Africa", "z": "Angola_South", "country_ini_lat": -15.581506020774393, "country_ini_lon": 17.34965914103678, "lat_linestring": -22.291274191292832, "lon_linestring": 21.218504848683708, "c": "Angola", "c2": "South_Africa"}, "geometry": {"type": "LineString", "coordinates": [[17.34965914103678, -15.581506020774393], [25.08735055633064, -29.001042361811272]]}},
{"type": "Feature", "properties": {"z_other": "Zambia", "z": "Angola_South", "country_ini_lat": -15.581506020774393, "country_ini_lon": 17.34965914103678, "lat_linestring": -14.520808019570001, "lon_linestring": 22.561935737916777, "c": "Angola", "c2": "Zambia"}, "geometry": {"type": "LineString", "coordinates": [[17.34965914103678, -15.581506020774393], [27.774212334796776, -13.46011001836561]]}},
{"type": "Feature", "properties": {"z_other": "Mozal", "z": "Angola_South", "country_ini_lat": -15.581506020774393, "country_ini_lon": 17.34965914103678, "lat_linestring": -20.769685053127294, "lon_linestring": 24.912956019882536, "c": "Angola", "c2": "Mozambique"}, "geometry": {"type": "LineString", "coordinates": [[17.34965914103678, -15.581506020774393], [32.47625289872829, -25.957864085480196]]}},
{"type": "Feature", "properties": {"z_other": "Angola_North", "z": "Angola_South", "country_ini_lat": -15.581506020774393, "country_ini_lon": 17.34965914103678, "lat_linestring": -11.462353764974383, "lon_linestring": 16.166915796643657, "c": "Angola", "c2": "Angola"}, "geometry": {"type": "LineString", "coordinates": [[17.34965914103678, -15.581506020774393], [14.984172452250533, -7.343201509174372]]}},
{"type": "Feature", "properties": {"z_other": "Angola_East", "z": "Angola_South", "country_ini_lat": -15.581506020774393, "country_ini_lon": 17.34965914103678, "lat_linestring": -11.866955240080069, "lon_linestring": 18.72742611810098, "c": "Angola", "c2": "Angola"}, "geometry": {"type": "LineString", "coordinates": [[17.34965914103678, -15.581506020774393], [20.10519309516518, -8.152404459385744]]}},
{"type": "Feature", "properties": {"z_other": "Angola_Central", "z": "Angola_South", "country_ini_lat": -15.581506020774393, "country_ini_lon": 17.34965914103678, "lat_linestring": -13.436945737661473, "lon_linestring": 17.764564103469368, "c": "Angola", "c2": "Angola"}, "geometry": {"type": "LineString", "coordinates": [[17.34965914103678, -15.581506020774393], [18.17946906590195, -11.292385454548553]]}},
{"type": "Feature", "properties": {"z_other": "DRC", "z": "Angola_South", "country_ini_lat": -15.581506020774393, "country_ini_lon": 17.34965914103678, "lat_linestring": -7.6485768255078845, "lon_linestring": 20.535333137700157, "c": "Angola", "c2": "DRC"}, "geometry": {"type": "LineString", "coordinates": [[17.34965914103678, -15.581506020774393], [23.721007134363532, 0.284352369758625]]}},
{"type": "Feature", "properties": {"z_other": "DRC_South", "z": "Angola_South", "country_ini_lat": -15.581506020774393, "country_ini_lon": 17.34965914103678, "lat_linestring": -11.36684886649524, "lon_linestring": 20.44614892157442, "c": "Angola", "c2": "DRC"}, "geometry": {"type": "LineString", "coordinates": [[17.34965914103678, -15.581506020774393], [23.54263870211206, -7.152191712216087]]}},
{"type": "Feature", "properties": {"z_other": "Mozambique_South", "z": "Angola_South", "country_ini_lat": -15.581506020774393, "country_ini_lon": 17.34965914103678, "lat_linestring": -19.5229560955905, "lon_linestring": 25.378849648228456, "c": "Angola", "c2": "Mozambique"}, "geometry": {"type": "LineString", "coordinates": [[17.34965914103678, -15.581506020774393], [33.40804015542013, -23.464406170406612]]}},
{"type": "Feature", "properties": {"z_other": "Mozambique_Central", "z": "Angola_South", "country_ini_lat": -15.581506020774393, "country_ini_lon": 17.34965914103678, "lat_linestring": -16.794264800128445, "lon_linestring": 26.21363303478069, "c": "Angola", "c2": "Mozambique"}, "geometry": {"type": "LineString", "coordinates": [[17.34965914103678, -15.581506020774393], [35.077606928524595, -18.007023579482496]]}},
{"type": "Feature", "properties": {"z_other": "Mozambique_North", "z": "Angola_South", "country_ini_lat": -15.581506020774393, "country_ini_lon": 17.34965914103678, "lat_linestring": -14.707001760893354, "lon_linestring": 27.106169526310154, "c": "Angola", "c2": "Mozambique"}, "geometry": {"type": "LineString", "coordinates": [[17.34965914103678, -15.581506020774393], [36.86267991158353, -13.832497501012314]]}},
{"type": "Feature", "properties": {"z_other": "Zimbabwe_East", "z": "Angola_South", "country_ini_lat": -15.581506020774393, "country_ini_lon": 17.34965914103678, "lat_linestring": -17.568114118466468, "lon_linestring": 23.556786774631508, "c": "Angola", "c2": "Zimbabwe"}, "geometry": {"type": "LineString", "coordinates": [[17.34965914103678, -15.581506020774393], [29.763914408226224, -19.554722216158545]]}},
{"type": "Feature", "properties": {"z_other": "Zimbabwe_West", "z": "Angola_South", "country_ini_lat": -15.581506020774393, "country_ini_lon": 17.34965914103678, "lat_linestring": -17.292011076546203, "lon_linestring": 23.600773519950867, "c": "Angola", "c2": "Zimbabwe"}, "geometry": {"type": "LineString", "coordinates": [[17.34965914103678, -15.581506020774393], [29.851887898864952, -19.00251613231801]]}},
{"type": "Feature", "properties": {"z_other": "Botswana", "z": "DRC", "country_ini_lat": 0.28435236975862466, "country_ini_lon": 23.721007134363532, "lat_linestring": -10.950709975635329, "lon_linestring": 23.75999693358875, "c": "DRC", "c2": "Botswana"}, "geometry": {"type": "LineString", "coordinates": [[23.721007134363532, 0.284352369758625], [23.798986732813958, -22.185772321029283]]}},
{"type": "Feature", "properties": {"z_other": "Lesotho", "z": "DRC", "country_ini_lat": 0.28435236975862466, "country_ini_lon": 23.721007134363532, "lat_linestring": -14.647689037236583, "lon_linestring": 25.974815029679, "c": "DRC", "c2": "Lesotho"}, "geometry": {"type": "LineString", "coordinates": [[23.721007134363532, 0.284352369758625], [28.22862292499447, -29.579730444231792]]}},
{"type": "Feature", "properties": {"z_other": "Malawi", "z": "DRC", "country_ini_lat": 0.28435236975862466, "country_ini_lon": 23.721007134363532, "lat_linestring": -6.466436747463756, "lon_linestring": 29.005457468902637, "c": "DRC", "c2": "Malawi"}, "geometry": {"type": "LineString", "coordinates": [[23.721007134363532, 0.284352369758625], [34.28990780344174, -13.217225864686135]]}},
{"type": "Feature", "properties": {"z_other": "Namibia", "z": "DRC", "country_ini_lat": 0.28435236975862466, "country_ini_lon": 23.721007134363532, "lat_linestring": -10.922447134453925, "lon_linestring": 20.46607016588687, "c": "DRC", "c2": "Namibia"}, "geometry": {"type": "LineString", "coordinates": [[23.721007134363532, 0.284352369758625], [17.211133197410206, -22.129246638666476]]}},
{"type": "Feature", "properties": {"z_other": "Eswatini", "z": "DRC", "country_ini_lat": 0.28435236975862466, "country_ini_lon": 23.721007134363532, "lat_linestring": -13.138780989634459, "lon_linestring": 27.600515618686178, "c": "DRC", "c2": "Eswatini"}, "geometry": {"type": "LineString", "coordinates": [[23.721007134363532, 0.284352369758625], [31.480024103008823, -26.561914349027543]]}},
{"type": "Feature", "properties": {"z_other": "Tanzania", "z": "DRC", "country_ini_lat": 0.28435236975862466, "country_ini_lon": 23.721007134363532, "lat_linestring": -2.9953725556675828, "lon_linestring": 29.26729677744556, "c": "DRC", "c2": "Tanzania"}, "geometry": {"type": "LineString", "coordinates": [[23.721007134363532, 0.284352369758625], [34.813586420527585, -6.27509748109379]]}},
{"type": "Feature", "properties": {"z_other": "South_Africa", "z": "DRC", "country_ini_lat": 0.28435236975862466, "country_ini_lon": 23.721007134363532, "lat_linestring": -14.358344996026325, "lon_linestring": 24.404178845347086, "c": "DRC", "c2": "South_Africa"}, "geometry": {"type": "LineString", "coordinates": [[23.721007134363532, 0.284352369758625], [25.08735055633064, -29.001042361811272]]}},
{"type": "Feature", "properties": {"z_other": "Zambia", "z": "DRC", "country_ini_lat": 0.28435236975862466, "country_ini_lon": 23.721007134363532, "lat_linestring": -6.587878824303493, "lon_linestring": 25.747609734580152, "c": "DRC", "c2": "Zambia"}, "geometry": {"type": "LineString", "coordinates": [[23.721007134363532, 0.284352369758625], [27.774212334796776, -13.46011001836561]]}},
{"type": "Feature", "properties": {"z_other": "Mozal", "z": "DRC", "country_ini_lat": 0.28435236975862466, "country_ini_lon": 23.721007134363532, "lat_linestring": -12.836755857860785, "lon_linestring": 28.09863001654591, "c": "DRC", "c2": "Mozambique"}, "geometry": {"type": "LineString", "coordinates": [[23.721007134363532, 0.284352369758625], [32.47625289872829, -25.957864085480196]]}},
{"type": "Feature", "properties": {"z_other": "Angola_North", "z": "DRC", "country_ini_lat": 0.28435236975862466, "country_ini_lon": 23.721007134363532, "lat_linestring": -3.5294245697078734, "lon_linestring": 19.352589793307033, "c": "DRC", "c2": "Angola"}, "geometry": {"type": "LineString", "coordinates": [[23.721007134363532, 0.284352369758625], [14.984172452250533, -7.343201509174372]]}},
{"type": "Feature", "properties": {"z_other": "Angola_East", "z": "DRC", "country_ini_lat": 0.28435236975862466, "country_ini_lon": 23.721007134363532, "lat_linestring": -3.9340260448135593, "lon_linestring": 21.913100114764354, "c": "DRC", "c2": "Angola"}, "geometry": {"type": "LineString", "coordinates": [[23.721007134363532, 0.284352369758625], [20.10519309516518, -8.152404459385744]]}},
{"type": "Feature", "properties": {"z_other": "Angola_Central", "z": "DRC", "country_ini_lat": 0.28435236975862466, "country_ini_lon": 23.721007134363532, "lat_linestring": -5.5040165423949645, "lon_linestring": 20.950238100132744, "c": "DRC", "c2": "Angola"}, "geometry": {"type": "LineString", "coordinates": [[23.721007134363532, 0.284352369758625], [18.17946906590195, -11.292385454548553]]}},
{"type": "Feature", "properties": {"z_other": "Angola_South", "z": "DRC", "country_ini_lat": 0.28435236975862466, "country_ini_lon": 23.721007134363532, "lat_linestring": -7.6485768255078845, "lon_linestring": 20.535333137700157, "c": "DRC", "c2": "Angola"}, "geometry": {"type": "LineString", "coordinates": [[23.721007134363532, 0.284352369758625], [17.34965914103678, -15.581506020774393]]}},
{"type": "Feature", "properties": {"z_other": "DRC_South", "z": "DRC", "country_ini_lat": 0.28435236975862466, "country_ini_lon": 23.721007134363532, "lat_linestring": -3.433919671228731, "lon_linestring": 23.631822918237795, "c": "DRC", "c2": "DRC"}, "geometry": {"type": "LineString", "coordinates": [[23.721007134363532, 0.284352369758625], [23.54263870211206, -7.152191712216087]]}},
{"type": "Feature", "properties": {"z_other": "Mozambique_South", "z": "DRC", "country_ini_lat": 0.28435236975862466, "country_ini_lon": 23.721007134363532, "lat_linestring": -11.590026900323995, "lon_linestring": 28.564523644891832, "c": "DRC", "c2": "Mozambique"}, "geometry": {"type": "LineString", "coordinates": [[23.721007134363532, 0.284352369758625], [33.40804015542013, -23.464406170406612]]}},
{"type": "Feature", "properties": {"z_other": "Mozambique_Central", "z": "DRC", "country_ini_lat": 0.28435236975862466, "country_ini_lon": 23.721007134363532, "lat_linestring": -8.861335604861935, "lon_linestring": 29.399307031444064, "c": "DRC", "c2": "Mozambique"}, "geometry": {"type": "LineString", "coordinates": [[23.721007134363532, 0.284352369758625], [35.077606928524595, -18.007023579482496]]}},
{"type": "Feature", "properties": {"z_other": "Mozambique_North", "z": "DRC", "country_ini_lat": 0.28435236975862466, "country_ini_lon": 23.721007134363532, "lat_linestring": -6.774072565626845, "lon_linestring": 30.291843522973526, "c": "DRC", "c2": "Mozambique"}, "geometry": {"type": "LineString", "coordinates": [[23.721007134363532, 0.284352369758625], [36.86267991158353, -13.832497501012314]]}},
{"type": "Feature", "properties": {"z_other": "Zimbabwe_East", "z": "DRC", "country_ini_lat": 0.28435236975862466, "country_ini_lon": 23.721007134363532, "lat_linestring": -9.63518492319996, "lon_linestring": 26.742460771294883, "c": "DRC", "c2": "Zimbabwe"}, "geometry": {"type": "LineString", "coordinates": [[23.721007134363532, 0.284352369758625], [29.763914408226224, -19.554722216158545]]}},
{"type": "Feature", "properties": {"z_other": "Zimbabwe_West", "z": "DRC", "country_ini_lat": 0.28435236975862466, "country_ini_lon": 23.721007134363532, "lat_linestring": -9.359081881279693, "lon_linestring": 26.786447516614242, "c": "DRC", "c2": "Zimbabwe"}, "geometry": {"type": "LineString", "coordinates": [[23.721007134363532, 0.284352369758625], [29.851887898864952, -19.00251613231801]]}},
{"type": "Feature", "properties": {"z_other": "Botswana", "z": "DRC_South", "country_ini_lat": -7.152191712216087, "country_ini_lon": 23.54263870211206, "lat_linestring": -14.668982016622685, "lon_linestring": 23.670812717463008, "c": "DRC", "c2": "Botswana"}, "geometry": {"type": "LineString", "coordinates": [[23.54263870211206, -7.152191712216087], [23.798986732813958, -22.185772321029283]]}},
{"type": "Feature", "properties": {"z_other": "Lesotho", "z": "DRC_South", "country_ini_lat": -7.152191712216087, "country_ini_lon": 23.54263870211206, "lat_linestring": -18.36596107822394, "lon_linestring": 25.885630813553263, "c": "DRC", "c2": "Lesotho"}, "geometry": {"type": "LineString", "coordinates": [[23.54263870211206, -7.152191712216087], [28.22862292499447, -29.579730444231792]]}},
{"type": "Feature", "properties": {"z_other": "Malawi", "z": "DRC_South", "country_ini_lat": -7.152191712216087, "country_ini_lon": 23.54263870211206, "lat_linestring": -10.184708788451111, "lon_linestring": 28.916273252776904, "c": "DRC", "c2": "Malawi"}, "geometry": {"type": "LineString", "coordinates": [[23.54263870211206, -7.152191712216087], [34.28990780344174, -13.217225864686135]]}},
{"type": "Feature", "properties": {"z_other": "Namibia", "z": "DRC_South", "country_ini_lat": -7.152191712216087, "country_ini_lon": 23.54263870211206, "lat_linestring": -14.640719175441282, "lon_linestring": 20.37688594976113, "c": "DRC", "c2": "Namibia"}, "geometry": {"type": "LineString", "coordinates": [[23.54263870211206, -7.152191712216087], [17.211133197410206, -22.129246638666476]]}},
{"type": "Feature", "properties": {"z_other": "Eswatini", "z": "DRC_South", "country_ini_lat": -7.152191712216087, "country_ini_lon": 23.54263870211206, "lat_linestring": -16.857053030621813, "lon_linestring": 27.511331402560447, "c": "DRC", "c2": "Eswatini"}, "geometry": {"type": "LineString", "coordinates": [[23.54263870211206, -7.152191712216087], [31.480024103008823, -26.561914349027543]]}},
{"type": "Feature", "properties": {"z_other": "Tanzania", "z": "DRC_South", "country_ini_lat": -7.152191712216087, "country_ini_lon": 23.54263870211206, "lat_linestring": -6.71364459665494, "lon_linestring": 29.17811256131982, "c": "DRC", "c2": "Tanzania"}, "geometry": {"type": "LineString", "coordinates": [[23.54263870211206, -7.152191712216087], [34.813586420527585, -6.27509748109379]]}},
{"type": "Feature", "properties": {"z_other": "South_Africa", "z": "DRC_South", "country_ini_lat": -7.152191712216087, "country_ini_lon": 23.54263870211206, "lat_linestring": -18.07661703701368, "lon_linestring": 24.314994629221353, "c": "DRC", "c2": "South_Africa"}, "geometry": {"type": "LineString", "coordinates": [[23.54263870211206, -7.152191712216087], [25.08735055633064, -29.001042361811272]]}},
{"type": "Feature", "properties": {"z_other": "Zambia", "z": "DRC_South", "country_ini_lat": -7.152191712216087, "country_ini_lon": 23.54263870211206, "lat_linestring": -10.30615086529085, "lon_linestring": 25.65842551845442, "c": "DRC", "c2": "Zambia"}, "geometry": {"type": "LineString", "coordinates": [[23.54263870211206, -7.152191712216087], [27.774212334796776, -13.46011001836561]]}},
{"type": "Feature", "properties": {"z_other": "Mozal", "z": "DRC_South", "country_ini_lat": -7.152191712216087, "country_ini_lon": 23.54263870211206, "lat_linestring": -16.55502789884814, "lon_linestring": 28.00944580042017, "c": "DRC", "c2": "Mozambique"}, "geometry": {"type": "LineString", "coordinates": [[23.54263870211206, -7.152191712216087], [32.47625289872829, -25.957864085480196]]}},
{"type": "Feature", "properties": {"z_other": "Angola_North", "z": "DRC_South", "country_ini_lat": -7.152191712216087, "country_ini_lon": 23.54263870211206, "lat_linestring": -7.247696610695229, "lon_linestring": 19.263405577181295, "c": "DRC", "c2": "Angola"}, "geometry": {"type": "LineString", "coordinates": [[23.54263870211206, -7.152191712216087], [14.984172452250533, -7.343201509174372]]}},
{"type": "Feature", "properties": {"z_other": "Angola_East", "z": "DRC_South", "country_ini_lat": -7.152191712216087, "country_ini_lon": 23.54263870211206, "lat_linestring": -7.652298085800916, "lon_linestring": 21.82391589863862, "c": "DRC", "c2": "Angola"}, "geometry": {"type": "LineString", "coordinates": [[23.54263870211206, -7.152191712216087], [20.10519309516518, -8.152404459385744]]}},
{"type": "Feature", "properties": {"z_other": "Angola_Central", "z": "DRC_South", "country_ini_lat": -7.152191712216087, "country_ini_lon": 23.54263870211206, "lat_linestring": -9.22228858338232, "lon_linestring": 20.861053884007006, "c": "DRC", "c2": "Angola"}, "geometry": {"type": "LineString", "coordinates": [[23.54263870211206, -7.152191712216087], [18.17946906590195, -11.292385454548553]]}},
{"type": "Feature", "properties": {"z_other": "Angola_South", "z": "DRC_South", "country_ini_lat": -7.152191712216087, "country_ini_lon": 23.54263870211206, "lat_linestring": -11.36684886649524, "lon_linestring": 20.44614892157442, "c": "DRC", "c2": "Angola"}, "geometry": {"type": "LineString", "coordinates": [[23.54263870211206, -7.152191712216087], [17.34965914103678, -15.581506020774393]]}},
{"type": "Feature", "properties": {"z_other": "DRC", "z": "DRC_South", "country_ini_lat": -7.152191712216087, "country_ini_lon": 23.54263870211206, "lat_linestring": -3.433919671228731, "lon_linestring": 23.631822918237795, "c": "DRC", "c2": "DRC"}, "geometry": {"type": "LineString", "coordinates": [[23.54263870211206, -7.152191712216087], [23.721007134363532, 0.284352369758625]]}},
{"type": "Feature", "properties": {"z_other": "Mozambique_South", "z": "DRC_South", "country_ini_lat": -7.152191712216087, "country_ini_lon": 23.54263870211206, "lat_linestring": -15.30829894131135, "lon_linestring": 28.4753394287661, "c": "DRC", "c2": "Mozambique"}, "geometry": {"type": "LineString", "coordinates": [[23.54263870211206, -7.152191712216087], [33.40804015542013, -23.464406170406612]]}},
{"type": "Feature", "properties": {"z_other": "Mozambique_Central", "z": "DRC_South", "country_ini_lat": -7.152191712216087, "country_ini_lon": 23.54263870211206, "lat_linestring": -12.579607645849292, "lon_linestring": 29.31012281531833, "c": "DRC", "c2": "Mozambique"}, "geometry": {"type": "LineString", "coordinates": [[23.54263870211206, -7.152191712216087], [35.077606928524595, -18.007023579482496]]}},
{"type": "Feature", "properties": {"z_other": "Mozambique_North", "z": "DRC_South", "country_ini_lat": -7.152191712216087, "country_ini_lon": 23.54263870211206, "lat_linestring": -10.4923446066142, "lon_linestring": 30.202659306847792, "c": "DRC", "c2": "Mozambique"}, "geometry": {"type": "LineString", "coordinates": [[23.54263870211206, -7.152191712216087], [36.86267991158353, -13.832497501012314]]}},
{"type": "Feature", "properties": {"z_other": "Zimbabwe_East", "z": "DRC_South", "country_ini_lat": -7.152191712216087, "country_ini_lon": 23.54263870211206, "lat_linestring": -13.353456964187316, "lon_linestring": 26.653276555169143, "c": "DRC", "c2": "Zimbabwe"}, "geometry": {"type": "LineString", "coordinates": [[23.54263870211206, -7.152191712216087], [29.763914408226224, -19.554722216158545]]}},
{"type": "Feature", "properties": {"z_other": "Zimbabwe_West", "z": "DRC_South", "country_ini_lat": -7.152191712216087, "country_ini_lon": 23.54263870211206, "lat_linestring": -13.077353922267049, "lon_linestring": 26.69726330048851, "c": "DRC", "c2": "Zimbabwe"}, "geometry": {"type": "LineString", "coordinates": [[23.54263870211206, -7.152191712216087], [29.851887898864952, -19.00251613231801]]}},
{"type": "Feature", "properties": {"z_other": "Botswana", "z": "Mozambique_South", "country_ini_lat": -23.464406170406612, "country_ini_lon": 33.40804015542013, "lat_linestring": -22.825089245717948, "lon_linestring": 28.603513444117045, "c": "Mozambique", "c2": "Botswana"}, "geometry": {"type": "LineString", "coordinates": [[33.40804015542013, -23.464406170406612], [23.798986732813958, -22.185772321029283]]}},
{"type": "Feature", "properties": {"z_other": "Lesotho", "z": "Mozambique_South", "country_ini_lat": -23.464406170406612, "country_ini_lon": 33.40804015542013, "lat_linestring": -26.522068307319202, "lon_linestring": 30.8183315402073, "c": "Mozambique", "c2": "Lesotho"}, "geometry": {"type": "LineString", "coordinates": [[33.40804015542013, -23.464406170406612], [28.22862292499447, -29.579730444231792]]}},
{"type": "Feature", "properties": {"z_other": "Malawi", "z": "Mozambique_South", "country_ini_lat": -23.464406170406612, "country_ini_lon": 33.40804015542013, "lat_linestring": -18.340816017546373, "lon_linestring": 33.84897397943094, "c": "Mozambique", "c2": "Malawi"}, "geometry": {"type": "LineString", "coordinates": [[33.40804015542013, -23.464406170406612], [34.28990780344174, -13.217225864686135]]}},
{"type": "Feature", "properties": {"z_other": "Namibia", "z": "Mozambique_South", "country_ini_lat": -23.464406170406612, "country_ini_lon": 33.40804015542013, "lat_linestring": -22.796826404536546, "lon_linestring": 25.30958667641517, "c": "Mozambique", "c2": "Namibia"}, "geometry": {"type": "LineString", "coordinates": [[33.40804015542013, -23.464406170406612], [17.211133197410206, -22.129246638666476]]}},
{"type": "Feature", "properties": {"z_other": "Eswatini", "z": "Mozambique_South", "country_ini_lat": -23.464406170406612, "country_ini_lon": 33.40804015542013, "lat_linestring": -25.013160259717075, "lon_linestring": 32.44403212921448, "c": "Mozambique", "c2": "Eswatini"}, "geometry": {"type": "LineString", "coordinates": [[33.40804015542013, -23.464406170406612], [31.480024103008823, -26.561914349027543]]}},
{"type": "Feature", "properties": {"z_other": "Tanzania", "z": "Mozambique_South", "country_ini_lat": -23.464406170406612, "country_ini_lon": 33.40804015542013, "lat_linestring": -14.869751825750201, "lon_linestring": 34.110813287973855, "c": "Mozambique", "c2": "Tanzania"}, "geometry": {"type": "LineString", "coordinates": [[33.40804015542013, -23.464406170406612], [34.813586420527585, -6.27509748109379]]}},
{"type": "Feature", "properties": {"z_other": "South_Africa", "z": "Mozambique_South", "country_ini_lat": -23.464406170406612, "country_ini_lon": 33.40804015542013, "lat_linestring": -26.232724266108942, "lon_linestring": 29.247695355875386, "c": "Mozambique", "c2": "South_Africa"}, "geometry": {"type": "LineString", "coordinates": [[33.40804015542013, -23.464406170406612], [25.08735055633064, -29.001042361811272]]}},
{"type": "Feature", "properties": {"z_other": "Zambia", "z": "Mozambique_South", "country_ini_lat": -23.464406170406612, "country_ini_lon": 33.40804015542013, "lat_linestring": -18.46225809438611, "lon_linestring": 30.591126245108455, "c": "Mozambique", "c2": "Zambia"}, "geometry": {"type": "LineString", "coordinates": [[33.40804015542013, -23.464406170406612], [27.774212334796776, -13.46011001836561]]}},
{"type": "Feature", "properties": {"z_other": "Mozal", "z": "Mozambique_South", "country_ini_lat": -23.464406170406612, "country_ini_lon": 33.40804015542013, "lat_linestring": -24.711135127943404, "lon_linestring": 32.942146527074215, "c": "Mozambique", "c2": "Mozambique"}, "geometry": {"type": "LineString", "coordinates": [[33.40804015542013, -23.464406170406612], [32.47625289872829, -25.957864085480196]]}},
{"type": "Feature", "properties": {"z_other": "Angola_North", "z": "Mozambique_South", "country_ini_lat": -23.464406170406612, "country_ini_lon": 33.40804015542013, "lat_linestring": -15.403803839790491, "lon_linestring": 24.196106303835332, "c": "Mozambique", "c2": "Angola"}, "geometry": {"type": "LineString", "coordinates": [[33.40804015542013, -23.464406170406612], [14.984172452250533, -7.343201509174372]]}},
{"type": "Feature", "properties": {"z_other": "Angola_East", "z": "Mozambique_South", "country_ini_lat": -23.464406170406612, "country_ini_lon": 33.40804015542013, "lat_linestring": -15.808405314896177, "lon_linestring": 26.75661662529266, "c": "Mozambique", "c2": "Angola"}, "geometry": {"type": "LineString", "coordinates": [[33.40804015542013, -23.464406170406612], [20.10519309516518, -8.152404459385744]]}},
{"type": "Feature", "properties": {"z_other": "Angola_Central", "z": "Mozambique_South", "country_ini_lat": -23.464406170406612, "country_ini_lon": 33.40804015542013, "lat_linestring": -17.37839581247758, "lon_linestring": 25.79375461066104, "c": "Mozambique", "c2": "Angola"}, "geometry": {"type": "LineString", "coordinates": [[33.40804015542013, -23.464406170406612], [18.17946906590195, -11.292385454548553]]}},
{"type": "Feature", "properties": {"z_other": "Angola_South", "z": "Mozambique_South", "country_ini_lat": -23.464406170406612, "country_ini_lon": 33.40804015542013, "lat_linestring": -19.5229560955905, "lon_linestring": 25.378849648228456, "c": "Mozambique", "c2": "Angola"}, "geometry": {"type": "LineString", "coordinates": [[33.40804015542013, -23.464406170406612], [17.34965914103678, -15.581506020774393]]}},
{"type": "Feature", "properties": {"z_other": "DRC", "z": "Mozambique_South", "country_ini_lat": -23.464406170406612, "country_ini_lon": 33.40804015542013, "lat_linestring": -11.590026900323995, "lon_linestring": 28.564523644891832, "c": "Mozambique", "c2": "DRC"}, "geometry": {"type": "LineString", "coordinates": [[33.40804015542013, -23.464406170406612], [23.721007134363532, 0.284352369758625]]}},
{"type": "Feature", "properties": {"z_other": "DRC_South", "z": "Mozambique_South", "country_ini_lat": -23.464406170406612, "country_ini_lon": 33.40804015542013, "lat_linestring": -15.30829894131135, "lon_linestring": 28.4753394287661, "c": "Mozambique", "c2": "DRC"}, "geometry": {"type": "LineString", "coordinates": [[33.40804015542013, -23.464406170406612], [23.54263870211206, -7.152191712216087]]}},
{"type": "Feature", "properties": {"z_other": "Mozambique_Central", "z": "Mozambique_South", "country_ini_lat": -23.464406170406612, "country_ini_lon": 33.40804015542013, "lat_linestring": -20.735714874944556, "lon_linestring": 34.24282354197236, "c": "Mozambique", "c2": "Mozambique"}, "geometry": {"type": "LineString", "coordinates": [[33.40804015542013, -23.464406170406612], [35.077606928524595, -18.007023579482496]]}},
{"type": "Feature", "properties": {"z_other": "Mozambique_North", "z": "Mozambique_South", "country_ini_lat": -23.464406170406612, "country_ini_lon": 33.40804015542013, "lat_linestring": -18.648451835709462, "lon_linestring": 35.135360033501826, "c": "Mozambique", "c2": "Mozambique"}, "geometry": {"type": "LineString", "coordinates": [[33.40804015542013, -23.464406170406612], [36.86267991158353, -13.832497501012314]]}},
{"type": "Feature", "properties": {"z_other": "Zimbabwe_East", "z": "Mozambique_South", "country_ini_lat": -23.464406170406612, "country_ini_lon": 33.40804015542013, "lat_linestring": -21.50956419328258, "lon_linestring": 31.585977281823176, "c": "Mozambique", "c2": "Zimbabwe"}, "geometry": {"type": "LineString", "coordinates": [[33.40804015542013, -23.464406170406612], [29.763914408226224, -19.554722216158545]]}},
{"type": "Feature", "properties": {"z_other": "Zimbabwe_West", "z": "Mozambique_South", "country_ini_lat": -23.464406170406612, "country_ini_lon": 33.40804015542013, "lat_linestring": -21.233461151362313, "lon_linestring": 31.62996402714254, "c": "Mozambique", "c2": "Zimbabwe"}, "geometry": {"type": "LineString", "coordinates": [[33.40804015542013, -23.464406170406612], [29.851887898864952, -19.00251613231801]]}},
{"type": "Feature", "properties": {"z_other": "Botswana", "z": "Mozambique_Central", "country_ini_lat": -18.007023579482496, "country_ini_lon": 35.077606928524595, "lat_linestring": -20.09639795025589, "lon_linestring": 29.438296830669277, "c": "Mozambique", "c2": "Botswana"}, "geometry": {"type": "LineString", "coordinates": [[35.077606928524595, -18.007023579482496], [23.798986732813958, -22.185772321029283]]}},
{"type": "Feature", "properties": {"z_other": "Lesotho", "z": "Mozambique_Central", "country_ini_lat": -18.007023579482496, "country_ini_lon": 35.077606928524595, "lat_linestring": -23.793377011857146, "lon_linestring": 31.65311492675953, "c": "Mozambique", "c2": "Lesotho"}, "geometry": {"type": "LineString", "coordinates": [[35.077606928524595, -18.007023579482496], [28.22862292499447, -29.579730444231792]]}},
{"type": "Feature", "properties": {"z_other": "Malawi", "z": "Mozambique_Central", "country_ini_lat": -18.007023579482496, "country_ini_lon": 35.077606928524595, "lat_linestring": -15.612124722084316, "lon_linestring": 34.68375736598317, "c": "Mozambique", "c2": "Malawi"}, "geometry": {"type": "LineString", "coordinates": [[35.077606928524595, -18.007023579482496], [34.28990780344174, -13.217225864686135]]}},
{"type": "Feature", "properties": {"z_other": "Namibia", "z": "Mozambique_Central", "country_ini_lat": -18.007023579482496, "country_ini_lon": 35.077606928524595, "lat_linestring": -20.068135109074486, "lon_linestring": 26.1443700629674, "c": "Mozambique", "c2": "Namibia"}, "geometry": {"type": "LineString", "coordinates": [[35.077606928524595, -18.007023579482496], [17.211133197410206, -22.129246638666476]]}},
{"type": "Feature", "properties": {"z_other": "Eswatini", "z": "Mozambique_Central", "country_ini_lat": -18.007023579482496, "country_ini_lon": 35.077606928524595, "lat_linestring": -22.28446896425502, "lon_linestring": 33.27881551576671, "c": "Mozambique", "c2": "Eswatini"}, "geometry": {"type": "LineString", "coordinates": [[35.077606928524595, -18.007023579482496], [31.480024103008823, -26.561914349027543]]}},
{"type": "Feature", "properties": {"z_other": "Tanzania", "z": "Mozambique_Central", "country_ini_lat": -18.007023579482496, "country_ini_lon": 35.077606928524595, "lat_linestring": -12.141060530288144, "lon_linestring": 34.94559667452609, "c": "Mozambique", "c2": "Tanzania"}, "geometry": {"type": "LineString", "coordinates": [[35.077606928524595, -18.007023579482496], [34.813586420527585, -6.27509748109379]]}},
{"type": "Feature", "properties": {"z_other": "South_Africa", "z": "Mozambique_Central", "country_ini_lat": -18.007023579482496, "country_ini_lon": 35.077606928524595, "lat_linestring": -23.504032970646882, "lon_linestring": 30.082478742427618, "c": "Mozambique", "c2": "South_Africa"}, "geometry": {"type": "LineString", "coordinates": [[35.077606928524595, -18.007023579482496], [25.08735055633064, -29.001042361811272]]}},
{"type": "Feature", "properties": {"z_other": "Zambia", "z": "Mozambique_Central", "country_ini_lat": -18.007023579482496, "country_ini_lon": 35.077606928524595, "lat_linestring": -15.733566798924052, "lon_linestring": 31.425909631660684, "c": "Mozambique", "c2": "Zambia"}, "geometry": {"type": "LineString", "coordinates": [[35.077606928524595, -18.007023579482496], [27.774212334796776, -13.46011001836561]]}},
{"type": "Feature", "properties": {"z_other": "Mozal", "z": "Mozambique_Central", "country_ini_lat": -18.007023579482496, "country_ini_lon": 35.077606928524595, "lat_linestring": -21.982443832481344, "lon_linestring": 33.77692991362645, "c": "Mozambique", "c2": "Mozambique"}, "geometry": {"type": "LineString", "coordinates": [[35.077606928524595, -18.007023579482496], [32.47625289872829, -25.957864085480196]]}},
{"type": "Feature", "properties": {"z_other": "Angola_North", "z": "Mozambique_Central", "country_ini_lat": -18.007023579482496, "country_ini_lon": 35.077606928524595, "lat_linestring": -12.675112544328435, "lon_linestring": 25.030889690387564, "c": "Mozambique", "c2": "Angola"}, "geometry": {"type": "LineString", "coordinates": [[35.077606928524595, -18.007023579482496], [14.984172452250533, -7.343201509174372]]}},
{"type": "Feature", "properties": {"z_other": "Angola_East", "z": "Mozambique_Central", "country_ini_lat": -18.007023579482496, "country_ini_lon": 35.077606928524595, "lat_linestring": -13.079714019434121, "lon_linestring": 27.59140001184489, "c": "Mozambique", "c2": "Angola"}, "geometry": {"type": "LineString", "coordinates": [[35.077606928524595, -18.007023579482496], [20.10519309516518, -8.152404459385744]]}},
{"type": "Feature", "properties": {"z_other": "Angola_Central", "z": "Mozambique_Central", "country_ini_lat": -18.007023579482496, "country_ini_lon": 35.077606928524595, "lat_linestring": -14.649704517015527, "lon_linestring": 26.62853799721327, "c": "Mozambique", "c2": "Angola"}, "geometry": {"type": "LineString", "coordinates": [[35.077606928524595, -18.007023579482496], [18.17946906590195, -11.292385454548553]]}},
{"type": "Feature", "properties": {"z_other": "Angola_South", "z": "Mozambique_Central", "country_ini_lat": -18.007023579482496, "country_ini_lon": 35.077606928524595, "lat_linestring": -16.794264800128445, "lon_linestring": 26.21363303478069, "c": "Mozambique", "c2": "Angola"}, "geometry": {"type": "LineString", "coordinates": [[35.077606928524595, -18.007023579482496], [17.34965914103678, -15.581506020774393]]}},
{"type": "Feature", "properties": {"z_other": "DRC", "z": "Mozambique_Central", "country_ini_lat": -18.007023579482496, "country_ini_lon": 35.077606928524595, "lat_linestring": -8.861335604861935, "lon_linestring": 29.399307031444064, "c": "Mozambique", "c2": "DRC"}, "geometry": {"type": "LineString", "coordinates": [[35.077606928524595, -18.007023579482496], [23.721007134363532, 0.284352369758625]]}},
{"type": "Feature", "properties": {"z_other": "DRC_South", "z": "Mozambique_Central", "country_ini_lat": -18.007023579482496, "country_ini_lon": 35.077606928524595, "lat_linestring": -12.579607645849292, "lon_linestring": 29.31012281531833, "c": "Mozambique", "c2": "DRC"}, "geometry": {"type": "LineString", "coordinates": [[35.077606928524595, -18.007023579482496], [23.54263870211206, -7.152191712216087]]}},
{"type": "Feature", "properties": {"z_other": "Mozambique_South", "z": "Mozambique_Central", "country_ini_lat": -18.007023579482496, "country_ini_lon": 35.077606928524595, "lat_linestring": -20.735714874944556, "lon_linestring": 34.24282354197236, "c": "Mozambique", "c2": "Mozambique"}, "geometry": {"type": "LineString", "coordinates": [[35.077606928524595, -18.007023579482496], [33.40804015542013, -23.464406170406612]]}},
{"type": "Feature", "properties": {"z_other": "Mozambique_North", "z": "Mozambique_Central", "country_ini_lat": -18.007023579482496, "country_ini_lon": 35.077606928524595, "lat_linestring": -15.919760540247408, "lon_linestring": 35.97014342005406, "c": "Mozambique", "c2": "Mozambique"}, "geometry": {"type": "LineString", "coordinates": [[35.077606928524595, -18.007023579482496], [36.86267991158353, -13.832497501012314]]}},
{"type": "Feature", "properties": {"z_other": "Zimbabwe_East", "z": "Mozambique_Central", "country_ini_lat": -18.007023579482496, "country_ini_lon": 35.077606928524595, "lat_linestring": -18.780872897820522, "lon_linestring": 32.42076066837541, "c": "Mozambique", "c2": "Zimbabwe"}, "geometry": {"type": "LineString", "coordinates": [[35.077606928524595, -18.007023579482496], [29.763914408226224, -19.554722216158545]]}},
{"type": "Feature", "properties": {"z_other": "Zimbabwe_West", "z": "Mozambique_Central", "country_ini_lat": -18.007023579482496, "country_ini_lon": 35.077606928524595, "lat_linestring": -18.504769855900253, "lon_linestring": 32.464747413694774, "c": "Mozambique", "c2": "Zimbabwe"}, "geometry": {"type": "LineString", "coordinates": [[35.077606928524595, -18.007023579482496], [29.851887898864952, -19.00251613231801]]}},
{"type": "Feature", "properties": {"z_other": "Botswana", "z": "Mozambique_North", "country_ini_lat": -13.832497501012314, "country_ini_lon": 36.86267991158353, "lat_linestring": -18.009134911020798, "lon_linestring": 30.330833322198743, "c": "Mozambique", "c2": "Botswana"}, "geometry": {"type": "LineString", "coordinates": [[36.86267991158353, -13.832497501012314], [23.798986732813958, -22.185772321029283]]}},
{"type": "Feature", "properties": {"z_other": "Lesotho", "z": "Mozambique_North", "country_ini_lat": -13.832497501012314, "country_ini_lon": 36.86267991158353, "lat_linestring": -21.706113972622052, "lon_linestring": 32.545651418289, "c": "Mozambique", "c2": "Lesotho"}, "geometry": {"type": "LineString", "coordinates": [[36.86267991158353, -13.832497501012314], [28.22862292499447, -29.579730444231792]]}},
{"type": "Feature", "properties": {"z_other": "Malawi", "z": "Mozambique_North", "country_ini_lat": -13.832497501012314, "country_ini_lon": 36.86267991158353, "lat_linestring": -13.524861682849224, "lon_linestring": 35.57629385751264, "c": "Mozambique", "c2": "Malawi"}, "geometry": {"type": "LineString", "coordinates": [[36.86267991158353, -13.832497501012314], [34.28990780344174, -13.217225864686135]]}},
{"type": "Feature", "properties": {"z_other": "Namibia", "z": "Mozambique_North", "country_ini_lat": -13.832497501012314, "country_ini_lon": 36.86267991158353, "lat_linestring": -17.980872069839396, "lon_linestring": 27.036906554496866, "c": "Mozambique", "c2": "Namibia"}, "geometry": {"type": "LineString", "coordinates": [[36.86267991158353, -13.832497501012314], [17.211133197410206, -22.129246638666476]]}},
{"type": "Feature", "properties": {"z_other": "Eswatini", "z": "Mozambique_North", "country_ini_lat": -13.832497501012314, "country_ini_lon": 36.86267991158353, "lat_linestring": -20.19720592501993, "lon_linestring": 34.17135200729618, "c": "Mozambique", "c2": "Eswatini"}, "geometry": {"type": "LineString", "coordinates": [[36.86267991158353, -13.832497501012314], [31.480024103008823, -26.561914349027543]]}},
{"type": "Feature", "properties": {"z_other": "Tanzania", "z": "Mozambique_North", "country_ini_lat": -13.832497501012314, "country_ini_lon": 36.86267991158353, "lat_linestring": -10.053797491053052, "lon_linestring": 35.838133166055556, "c": "Mozambique", "c2": "Tanzania"}, "geometry": {"type": "LineString", "coordinates": [[36.86267991158353, -13.832497501012314], [34.813586420527585, -6.27509748109379]]}},
{"type": "Feature", "properties": {"z_other": "South_Africa", "z": "Mozambique_North", "country_ini_lat": -13.832497501012314, "country_ini_lon": 36.86267991158353, "lat_linestring": -21.416769931411793, "lon_linestring": 30.975015233957084, "c": "Mozambique", "c2": "South_Africa"}, "geometry": {"type": "LineString", "coordinates": [[36.86267991158353, -13.832497501012314], [25.08735055633064, -29.001042361811272]]}},
{"type": "Feature", "properties": {"z_other": "Zambia", "z": "Mozambique_North", "country_ini_lat": -13.832497501012314, "country_ini_lon": 36.86267991158353, "lat_linestring": -13.646303759688962, "lon_linestring": 32.31844612319015, "c": "Mozambique", "c2": "Zambia"}, "geometry": {"type": "LineString", "coordinates": [[36.86267991158353, -13.832497501012314], [27.774212334796776, -13.46011001836561]]}},
{"type": "Feature", "properties": {"z_other": "Mozal", "z": "Mozambique_North", "country_ini_lat": -13.832497501012314, "country_ini_lon": 36.86267991158353, "lat_linestring": -19.895180793246254, "lon_linestring": 34.66946640515591, "c": "Mozambique", "c2": "Mozambique"}, "geometry": {"type": "LineString", "coordinates": [[36.86267991158353, -13.832497501012314], [32.47625289872829, -25.957864085480196]]}},
{"type": "Feature", "properties": {"z_other": "Angola_North", "z": "Mozambique_North", "country_ini_lat": -13.832497501012314, "country_ini_lon": 36.86267991158353, "lat_linestring": -10.587849505093343, "lon_linestring": 25.92342618191703, "c": "Mozambique", "c2": "Angola"}, "geometry": {"type": "LineString", "coordinates": [[36.86267991158353, -13.832497501012314], [14.984172452250533, -7.343201509174372]]}},
{"type": "Feature", "properties": {"z_other": "Angola_East", "z": "Mozambique_North", "country_ini_lat": -13.832497501012314, "country_ini_lon": 36.86267991158353, "lat_linestring": -10.99245098019903, "lon_linestring": 28.483936503374352, "c": "Mozambique", "c2": "Angola"}, "geometry": {"type": "LineString", "coordinates": [[36.86267991158353, -13.832497501012314], [20.10519309516518, -8.152404459385744]]}},
{"type": "Feature", "properties": {"z_other": "Angola_Central", "z": "Mozambique_North", "country_ini_lat": -13.832497501012314, "country_ini_lon": 36.86267991158353, "lat_linestring": -12.562441477780434, "lon_linestring": 27.52107448874274, "c": "Mozambique", "c2": "Angola"}, "geometry": {"type": "LineString", "coordinates": [[36.86267991158353, -13.832497501012314], [18.17946906590195, -11.292385454548553]]}},
{"type": "Feature", "properties": {"z_other": "Angola_South", "z": "Mozambique_North", "country_ini_lat": -13.832497501012314, "country_ini_lon": 36.86267991158353, "lat_linestring": -14.707001760893354, "lon_linestring": 27.106169526310154, "c": "Mozambique", "c2": "Angola"}, "geometry": {"type": "LineString", "coordinates": [[36.86267991158353, -13.832497501012314], [17.34965914103678, -15.581506020774393]]}},
{"type": "Feature", "properties": {"z_other": "DRC", "z": "Mozambique_North", "country_ini_lat": -13.832497501012314, "country_ini_lon": 36.86267991158353, "lat_linestring": -6.774072565626845, "lon_linestring": 30.291843522973526, "c": "Mozambique", "c2": "DRC"}, "geometry": {"type": "LineString", "coordinates": [[36.86267991158353, -13.832497501012314], [23.721007134363532, 0.284352369758625]]}},
{"type": "Feature", "properties": {"z_other": "DRC_South", "z": "Mozambique_North", "country_ini_lat": -13.832497501012314, "country_ini_lon": 36.86267991158353, "lat_linestring": -10.4923446066142, "lon_linestring": 30.202659306847792, "c": "Mozambique", "c2": "DRC"}, "geometry": {"type": "LineString", "coordinates": [[36.86267991158353, -13.832497501012314], [23.54263870211206, -7.152191712216087]]}},
{"type": "Feature", "properties": {"z_other": "Mozambique_South", "z": "Mozambique_North", "country_ini_lat": -13.832497501012314, "country_ini_lon": 36.86267991158353, "lat_linestring": -18.648451835709462, "lon_linestring": 35.135360033501826, "c": "Mozambique", "c2": "Mozambique"}, "geometry": {"type": "LineString", "coordinates": [[36.86267991158353, -13.832497501012314], [33.40804015542013, -23.464406170406612]]}},
{"type": "Feature", "properties": {"z_other": "Mozambique_Central", "z": "Mozambique_North", "country_ini_lat": -13.832497501012314, "country_ini_lon": 36.86267991158353, "lat_linestring": -15.919760540247408, "lon_linestring": 35.97014342005406, "c": "Mozambique", "c2": "Mozambique"}, "geometry": {"type": "LineString", "coordinates": [[36.86267991158353, -13.832497501012314], [35.077606928524595, -18.007023579482496]]}},
{"type": "Feature", "properties": {"z_other": "Zimbabwe_East", "z": "Mozambique_North", "country_ini_lat": -13.832497501012314, "country_ini_lon": 36.86267991158353, "lat_linestring": -16.69360985858543, "lon_linestring": 33.31329715990488, "c": "Mozambique", "c2": "Zimbabwe"}, "geometry": {"type": "LineString", "coordinates": [[36.86267991158353, -13.832497501012314], [29.763914408226224, -19.554722216158545]]}},
{"type": "Feature", "properties": {"z_other": "Zimbabwe_West", "z": "Mozambique_North", "country_ini_lat": -13.832497501012314, "country_ini_lon": 36.86267991158353, "lat_linestring": -16.417506816665163, "lon_linestring": 33.357283905224236, "c": "Mozambique", "c2": "Zimbabwe"}, "geometry": {"type": "LineString", "coordinates": [[36.86267991158353, -13.832497501012314], [29.851887898864952, -19.00251613231801]]}},
{"type": "Feature", "properties": {"z_other": "Botswana", "z": "Zimbabwe_East", "country_ini_lat": -19.554722216158545, "country_ini_lon": 29.763914408226224, "lat_linestring": -20.870247268593914, "lon_linestring": 26.781450570520093, "c": "Zimbabwe", "c2": "Botswana"}, "geometry": {"type": "LineString", "coordinates": [[29.763914408226224, -19.554722216158545], [23.798986732813958, -22.185772321029283]]}},
{"type": "Feature", "properties": {"z_other": "Lesotho", "z": "Zimbabwe_East", "country_ini_lat": -19.554722216158545, "country_ini_lon": 29.763914408226224, "lat_linestring": -24.56722633019517, "lon_linestring": 28.996268666610348, "c": "Zimbabwe", "c2": "Lesotho"}, "geometry": {"type": "LineString", "coordinates": [[29.763914408226224, -19.554722216158545], [28.22862292499447, -29.579730444231792]]}},
{"type": "Feature", "properties": {"z_other": "Malawi", "z": "Zimbabwe_East", "country_ini_lat": -19.554722216158545, "country_ini_lon": 29.763914408226224, "lat_linestring": -16.38597404042234, "lon_linestring": 32.02691110583398, "c": "Zimbabwe", "c2": "Malawi"}, "geometry": {"type": "LineString", "coordinates": [[29.763914408226224, -19.554722216158545], [34.28990780344174, -13.217225864686135]]}},
{"type": "Feature", "properties": {"z_other": "Namibia", "z": "Zimbabwe_East", "country_ini_lat": -19.554722216158545, "country_ini_lon": 29.763914408226224, "lat_linestring": -20.84198442741251, "lon_linestring": 23.487523802818217, "c": "Zimbabwe", "c2": "Namibia"}, "geometry": {"type": "LineString", "coordinates": [[29.763914408226224, -19.554722216158545], [17.211133197410206, -22.129246638666476]]}},
{"type": "Feature", "properties": {"z_other": "Eswatini", "z": "Zimbabwe_East", "country_ini_lat": -19.554722216158545, "country_ini_lon": 29.763914408226224, "lat_linestring": -23.05831828259304, "lon_linestring": 30.621969255617522, "c": "Zimbabwe", "c2": "Eswatini"}, "geometry": {"type": "LineString", "coordinates": [[29.763914408226224, -19.554722216158545], [31.480024103008823, -26.561914349027543]]}},
{"type": "Feature", "properties": {"z_other": "Tanzania", "z": "Zimbabwe_East", "country_ini_lat": -19.554722216158545, "country_ini_lon": 29.763914408226224, "lat_linestring": -12.914909848626166, "lon_linestring": 32.288750414376906, "c": "Zimbabwe", "c2": "Tanzania"}, "geometry": {"type": "LineString", "coordinates": [[29.763914408226224, -19.554722216158545], [34.813586420527585, -6.27509748109379]]}},
{"type": "Feature", "properties": {"z_other": "South_Africa", "z": "Zimbabwe_East", "country_ini_lat": -19.554722216158545, "country_ini_lon": 29.763914408226224, "lat_linestring": -24.27788228898491, "lon_linestring": 27.42563248227843, "c": "Zimbabwe", "c2": "South_Africa"}, "geometry": {"type": "LineString", "coordinates": [[29.763914408226224, -19.554722216158545], [25.08735055633064, -29.001042361811272]]}},
{"type": "Feature", "properties": {"z_other": "Zambia", "z": "Zimbabwe_East", "country_ini_lat": -19.554722216158545, "country_ini_lon": 29.763914408226224, "lat_linestring": -16.50741611726208, "lon_linestring": 28.7690633715115, "c": "Zimbabwe", "c2": "Zambia"}, "geometry": {"type": "LineString", "coordinates": [[29.763914408226224, -19.554722216158545], [27.774212334796776, -13.46011001836561]]}},
{"type": "Feature", "properties": {"z_other": "Mozal", "z": "Zimbabwe_East", "country_ini_lat": -19.554722216158545, "country_ini_lon": 29.763914408226224, "lat_linestring": -22.75629315081937, "lon_linestring": 31.12008365347726, "c": "Zimbabwe", "c2": "Mozambique"}, "geometry": {"type": "LineString", "coordinates": [[29.763914408226224, -19.554722216158545], [32.47625289872829, -25.957864085480196]]}},
{"type": "Feature", "properties": {"z_other": "Angola_North", "z": "Zimbabwe_East", "country_ini_lat": -19.554722216158545, "country_ini_lon": 29.763914408226224, "lat_linestring": -13.448961862666456, "lon_linestring": 22.37404343023838, "c": "Zimbabwe", "c2": "Angola"}, "geometry": {"type": "LineString", "coordinates": [[29.763914408226224, -19.554722216158545], [14.984172452250533, -7.343201509174372]]}},
{"type": "Feature", "properties": {"z_other": "Angola_East", "z": "Zimbabwe_East", "country_ini_lat": -19.554722216158545, "country_ini_lon": 29.763914408226224, "lat_linestring": -13.853563337772144, "lon_linestring": 24.934553751695702, "c": "Zimbabwe", "c2": "Angola"}, "geometry": {"type": "LineString", "coordinates": [[29.763914408226224, -19.554722216158545], [20.10519309516518, -8.152404459385744]]}},
{"type": "Feature", "properties": {"z_other": "Angola_Central", "z": "Zimbabwe_East", "country_ini_lat": -19.554722216158545, "country_ini_lon": 29.763914408226224, "lat_linestring": -15.423553835353548, "lon_linestring": 23.971691737064088, "c": "Zimbabwe", "c2": "Angola"}, "geometry": {"type": "LineString", "coordinates": [[29.763914408226224, -19.554722216158545], [18.17946906590195, -11.292385454548553]]}},
{"type": "Feature", "properties": {"z_other": "Angola_South", "z": "Zimbabwe_East", "country_ini_lat": -19.554722216158545, "country_ini_lon": 29.763914408226224, "lat_linestring": -17.568114118466468, "lon_linestring": 23.556786774631508, "c": "Zimbabwe", "c2": "Angola"}, "geometry": {"type": "LineString", "coordinates": [[29.763914408226224, -19.554722216158545], [17.34965914103678, -15.581506020774393]]}},
{"type": "Feature", "properties": {"z_other": "DRC", "z": "Zimbabwe_East", "country_ini_lat": -19.554722216158545, "country_ini_lon": 29.763914408226224, "lat_linestring": -9.63518492319996, "lon_linestring": 26.742460771294883, "c": "Zimbabwe", "c2": "DRC"}, "geometry": {"type": "LineString", "coordinates": [[29.763914408226224, -19.554722216158545], [23.721007134363532, 0.284352369758625]]}},
{"type": "Feature", "properties": {"z_other": "DRC_South", "z": "Zimbabwe_East", "country_ini_lat": -19.554722216158545, "country_ini_lon": 29.763914408226224, "lat_linestring": -13.353456964187316, "lon_linestring": 26.653276555169143, "c": "Zimbabwe", "c2": "DRC"}, "geometry": {"type": "LineString", "coordinates": [[29.763914408226224, -19.554722216158545], [23.54263870211206, -7.152191712216087]]}},
{"type": "Feature", "properties": {"z_other": "Mozambique_South", "z": "Zimbabwe_East", "country_ini_lat": -19.554722216158545, "country_ini_lon": 29.763914408226224, "lat_linestring": -21.50956419328258, "lon_linestring": 31.585977281823176, "c": "Zimbabwe", "c2": "Mozambique"}, "geometry": {"type": "LineString", "coordinates": [[29.763914408226224, -19.554722216158545], [33.40804015542013, -23.464406170406612]]}},
{"type": "Feature", "properties": {"z_other": "Mozambique_Central", "z": "Zimbabwe_East", "country_ini_lat": -19.554722216158545, "country_ini_lon": 29.763914408226224, "lat_linestring": -18.780872897820522, "lon_linestring": 32.42076066837541, "c": "Zimbabwe", "c2": "Mozambique"}, "geometry": {"type": "LineString", "coordinates": [[29.763914408226224, -19.554722216158545], [35.077606928524595, -18.007023579482496]]}},
{"type": "Feature", "properties": {"z_other": "Mozambique_North", "z": "Zimbabwe_East", "country_ini_lat": -19.554722216158545, "country_ini_lon": 29.763914408226224, "lat_linestring": -16.69360985858543, "lon_linestring": 33.31329715990488, "c": "Zimbabwe", "c2": "Mozambique"}, "geometry": {"type": "LineString", "coordinates": [[29.763914408226224, -19.554722216158545], [36.86267991158353, -13.832497501012314]]}},
{"type": "Feature", "properties": {"z_other": "Zimbabwe_West", "z": "Zimbabwe_East", "country_ini_lat": -19.554722216158545, "country_ini_lon": 29.763914408226224, "lat_linestring": -19.27861917423828, "lon_linestring": 29.807901153545583, "c": "Zimbabwe", "c2": "Zimbabwe"}, "geometry": {"type": "LineString", "coordinates": [[29.763914408226224, -19.554722216158545], [29.851887898864952, -19.00251613231801]]}},
{"type": "Feature", "properties": {"z_other": "Botswana", "z": "Zimbabwe_West", "country_ini_lat": -19.00251613231801, "country_ini_lon": 29.851887898864952, "lat_linestring": -20.59414422667365, "lon_linestring": 26.825437315839455, "c": "Zimbabwe", "c2": "Botswana"}, "geometry": {"type": "LineString", "coordinates": [[29.851887898864952, -19.00251613231801], [23.798986732813958, -22.185772321029283]]}},
{"type": "Feature", "properties": {"z_other": "Lesotho", "z": "Zimbabwe_West", "country_ini_lat": -19.00251613231801, "country_ini_lon": 29.851887898864952, "lat_linestring": -24.291123288274903, "lon_linestring": 29.04025541192971, "c": "Zimbabwe", "c2": "Lesotho"}, "geometry": {"type": "LineString", "coordinates": [[29.851887898864952, -19.00251613231801], [28.22862292499447, -29.579730444231792]]}},
{"type": "Feature", "properties": {"z_other": "Malawi", "z": "Zimbabwe_West", "country_ini_lat": -19.00251613231801, "country_ini_lon": 29.851887898864952, "lat_linestring": -16.109870998502075, "lon_linestring": 32.07089785115335, "c": "Zimbabwe", "c2": "Malawi"}, "geometry": {"type": "LineString", "coordinates": [[29.851887898864952, -19.00251613231801], [34.28990780344174, -13.217225864686135]]}},
{"type": "Feature", "properties": {"z_other": "Namibia", "z": "Zimbabwe_West", "country_ini_lat": -19.00251613231801, "country_ini_lon": 29.851887898864952, "lat_linestring": -20.565881385492244, "lon_linestring": 23.531510548137575, "c": "Zimbabwe", "c2": "Namibia"}, "geometry": {"type": "LineString", "coordinates": [[29.851887898864952, -19.00251613231801], [17.211133197410206, -22.129246638666476]]}},
{"type": "Feature", "properties": {"z_other": "Eswatini", "z": "Zimbabwe_West", "country_ini_lat": -19.00251613231801, "country_ini_lon": 29.851887898864952, "lat_linestring": -22.782215240672777, "lon_linestring": 30.665956000936887, "c": "Zimbabwe", "c2": "Eswatini"}, "geometry": {"type": "LineString", "coordinates": [[29.851887898864952, -19.00251613231801], [31.480024103008823, -26.561914349027543]]}},
{"type": "Feature", "properties": {"z_other": "Tanzania", "z": "Zimbabwe_West", "country_ini_lat": -19.00251613231801, "country_ini_lon": 29.851887898864952, "lat_linestring": -12.638806806705901, "lon_linestring": 32.332737159696265, "c": "Zimbabwe", "c2": "Tanzania"}, "geometry": {"type": "LineString", "coordinates": [[29.851887898864952, -19.00251613231801], [34.813586420527585, -6.27509748109379]]}},
{"type": "Feature", "properties": {"z_other": "South_Africa", "z": "Zimbabwe_West", "country_ini_lat": -19.00251613231801, "country_ini_lon": 29.851887898864952, "lat_linestring": -24.00177924706464, "lon_linestring": 27.469619227597796, "c": "Zimbabwe", "c2": "South_Africa"}, "geometry": {"type": "LineString", "coordinates": [[29.851887898864952, -19.00251613231801], [25.08735055633064, -29.001042361811272]]}},
{"type": "Feature", "properties": {"z_other": "Zambia", "z": "Zimbabwe_West", "country_ini_lat": -19.00251613231801, "country_ini_lon": 29.851887898864952, "lat_linestring": -16.23131307534181, "lon_linestring": 28.813050116830865, "c": "Zimbabwe", "c2": "Zambia"}, "geometry": {"type": "LineString", "coordinates": [[29.851887898864952, -19.00251613231801], [27.774212334796776, -13.46011001836561]]}},
{"type": "Feature", "properties": {"z_other": "Mozal", "z": "Zimbabwe_West", "country_ini_lat": -19.00251613231801, "country_ini_lon": 29.851887898864952, "lat_linestring": -22.4801901088991, "lon_linestring": 31.16407039879662, "c": "Zimbabwe", "c2": "Mozambique"}, "geometry": {"type": "LineString", "coordinates": [[29.851887898864952, -19.00251613231801], [32.47625289872829, -25.957864085480196]]}},
{"type": "Feature", "properties": {"z_other": "Angola_North", "z": "Zimbabwe_West", "country_ini_lat": -19.00251613231801, "country_ini_lon": 29.851887898864952, "lat_linestring": -13.17285882074619, "lon_linestring": 22.418030175557742, "c": "Zimbabwe", "c2": "Angola"}, "geometry": {"type": "LineString", "coordinates": [[29.851887898864952, -19.00251613231801], [14.984172452250533, -7.343201509174372]]}},
{"type": "Feature", "properties": {"z_other": "Angola_East", "z": "Zimbabwe_West", "country_ini_lat": -19.00251613231801, "country_ini_lon": 29.851887898864952, "lat_linestring": -13.577460295851878, "lon_linestring": 24.978540497015068, "c": "Zimbabwe", "c2": "Angola"}, "geometry": {"type": "LineString", "coordinates": [[29.851887898864952, -19.00251613231801], [20.10519309516518, -8.152404459385744]]}},
{"type": "Feature", "properties": {"z_other": "Angola_Central", "z": "Zimbabwe_West", "country_ini_lat": -19.00251613231801, "country_ini_lon": 29.851887898864952, "lat_linestring": -15.147450793433283, "lon_linestring": 24.01567848238345, "c": "Zimbabwe", "c2": "Angola"}, "geometry": {"type": "LineString", "coordinates": [[29.851887898864952, -19.00251613231801], [18.17946906590195, -11.292385454548553]]}},
{"type": "Feature", "properties": {"z_other": "Angola_South", "z": "Zimbabwe_West", "country_ini_lat": -19.00251613231801, "country_ini_lon": 29.851887898864952, "lat_linestring": -17.292011076546203, "lon_linestring": 23.600773519950867, "c": "Zimbabwe", "c2": "Angola"}, "geometry": {"type": "LineString", "coordinates": [[29.851887898864952, -19.00251613231801], [17.34965914103678, -15.581506020774393]]}},
{"type": "Feature", "properties": {"z_other": "DRC", "z": "Zimbabwe_West", "country_ini_lat": -19.00251613231801, "country_ini_lon": 29.851887898864952, "lat_linestring": -9.359081881279693, "lon_linestring": 26.786447516614242, "c": "Zimbabwe", "c2": "DRC"}, "geometry": {"type": "LineString", "coordinates": [[29.851887898864952, -19.00251613231801], [23.721007134363532, 0.284352369758625]]}},
{"type": "Feature", "properties": {"z_other": "DRC_South", "z": "Zimbabwe_West", "country_ini_lat": -19.00251613231801, "country_ini_lon": 29.851887898864952, "lat_linestring": -13.077353922267049, "lon_linestring": 26.69726330048851, "c": "Zimbabwe", "c2": "DRC"}, "geometry": {"type": "LineString", "coordinates": [[29.851887898864952, -19.00251613231801], [23.54263870211206, -7.152191712216087]]}},
{"type": "Feature", "properties": {"z_other": "Mozambique_South", "z": "Zimbabwe_West", "country_ini_lat": -19.00251613231801, "country_ini_lon": 29.851887898864952, "lat_linestring": -21.233461151362313, "lon_linestring": 31.62996402714254, "c": "Zimbabwe", "c2": "Mozambique"}, "geometry": {"type": "LineString", "coordinates": [[29.851887898864952, -19.00251613231801], [33.40804015542013, -23.464406170406612]]}},
{"type": "Feature", "properties": {"z_other": "Mozambique_Central", "z": "Zimbabwe_West", "country_ini_lat": -19.00251613231801, "country_ini_lon": 29.851887898864952, "lat_linestring": -18.504769855900253, "lon_linestring": 32.464747413694774, "c": "Zimbabwe", "c2": "Mozambique"}, "geometry": {"type": "LineString", "coordinates": [[29.851887898864952, -19.00251613231801], [35.077606928524595, -18.007023579482496]]}},
{"type": "Feature", "properties": {"z_other": "Mozambique_North", "z": "Zimbabwe_West", "country_ini_lat": -19.00251613231801, "country_ini_lon": 29.851887898864952, "lat_linestring": -16.417506816665163, "lon_linestring": 33.357283905224236, "c": "Zimbabwe", "c2": "Mozambique"}, "geometry": {"type": "LineString", "coordinates": [[29.851887898864952, -19.00251613231801], [36.86267991158353, -13.832497501012314]]}},
{"type": "Feature", "properties": {"z_other": "Zimbabwe_East", "z": "Zimbabwe_West", "country_ini_lat": -19.00251613231801, "country_ini_lon": 29.851887898864952, "lat_linestring": -19.27861917423828, "lon_linestring": 29.807901153545583, "c": "Zimbabwe", "c2": "Zimbabwe"}, "geometry": {"type": "LineString", "coordinates": [[29.851887898864952, -19.00251613231801], [29.763914408226224, -19.554722216158545]]}}
]
}
