c,z,attribute,y,uni,value
Angola,Angola_Central,CongestionShare,2025,Angola_South,1.0
Angola,Angola_Central,CongestionShare,2026,Angola_South,1.0
Angola,Angola_Central,CongestionShare,2027,Angola_South,1.0
Angola,Angola_Central,CongestionShare,2028,Angola_South,1.0
Angola,Angola_Central,CongestionShare,2040,Angola_North,0.0188356164383561
Angola,Angola_Central,CongestionShare,2045,Angola_North,0.0921232876712328
Angola,Angola_Central,CongestionShare,2050,Angola_North,0.2433789954337899
Angola,Angola_Central,Interchange,2029,Angola_South,4233.717679721984
Angola,Angola_Central,Interchange,2030,Angola_South,4066.902116525572
Angola,Angola_Central,Interchange,2031,Angola_South,3958.376253497052
Angola,Angola_Central,Interchange,2032,Angola_South,3868.429245601545
Angola,Angola_Central,Interchange,2033,Angola_South,3736.700127341605
Angola,Angola_Central,Interchange,2034,Angola_South,3642.6492139768393
Angola,Angola_Central,Interchange,2035,Angola_South,3507.6566608285493
Angola,Angola_Central,Interchange,2040,Angola_North,894.1306456746556
Angola,Angola_Central,Interchange,2040,Angola_South,631.5894931718082
Angola,Angola_Central,Interchange,2045,Angola_North,1358.1391449099767
Angola,Angola_Central,Interchange,2045,Angola_South,831.1158506306193
Angola,Angola_Central,Interchange,2050,Angola_North,2323.5212204433387
Angola,Angola_Central,Interchange,2050,Angola_South,306.16356425045507
Angola,Angola_Central,InterconUtilization,2029,Angola_South,0.5370012277678822
Angola,Angola_Central,InterconUtilization,2030,Angola_South,0.5158424805334312
Angola,Angola_Central,InterconUtilization,2031,Angola_South,0.5020771503674597
Angola,Angola_Central,InterconUtilization,2032,Angola_South,0.4906683467277454
Angola,Angola_Central,InterconUtilization,2033,Angola_South,0.4739599349748357
Angola,Angola_Central,InterconUtilization,2034,Angola_South,0.4620305953801166
Angola,Angola_Central,InterconUtilization,2035,Angola_South,0.4449082522613584
Angola,Angola_Central,InterconUtilization,2040,Angola_North,0.127587135512936
Angola,Angola_Central,InterconUtilization,2040,Angola_South,0.0801102857904373
Angola,Angola_Central,InterconUtilization,2045,Angola_North,0.1937983939654647
Angola,Angola_Central,InterconUtilization,2045,Angola_South,0.1054180429516259
Angola,Angola_Central,InterconUtilization,2050,Angola_North,0.3315526855655449
Angola,Angola_Central,InterconUtilization,2050,Angola_South,0.0388335317415595
Angola,Angola_Central,NetImport,2029,Angola_South,-4.233717679721984
Angola,Angola_Central,NetImport,2030,Angola_South,-4.066902116525572
Angola,Angola_Central,NetImport,2031,Angola_South,-3.958376253497052
Angola,Angola_Central,NetImport,2032,Angola_South,-3.868429245601545
Angola,Angola_Central,NetImport,2033,Angola_South,-3.736700127341605
Angola,Angola_Central,NetImport,2034,Angola_South,-3.64264921397684
Angola,Angola_Central,NetImport,2035,Angola_South,-3.507656660828549
Angola,Angola_Central,NetImport,2040,Angola_North,-0.8941306456746556
Angola,Angola_Central,NetImport,2040,Angola_South,-0.6315894931718081
Angola,Angola_Central,NetImport,2045,Angola_North,-1.358139144909977
Angola,Angola_Central,NetImport,2045,Angola_South,-0.8311158506306193
Angola,Angola_Central,NetImport,2050,Angola_North,-2.323521220443338
Angola,Angola_Central,NetImport,2050,Angola_South,-0.3061635642504551
Angola,Angola_Central,NewTransmissionCapacity,2029,Angola_South,900.0
Angola,Angola_Central,TransmissionCapacity,2025,Angola_North,800.0
Angola,Angola_Central,TransmissionCapacity,2026,Angola_North,800.0
Angola,Angola_Central,TransmissionCapacity,2027,Angola_North,800.0
Angola,Angola_Central,TransmissionCapacity,2028,Angola_North,800.0
Angola,Angola_Central,TransmissionCapacity,2029,Angola_North,800.0
Angola,Angola_Central,TransmissionCapacity,2029,Angola_South,900.0
Angola,Angola_Central,TransmissionCapacity,2030,Angola_North,800.0
Angola,Angola_Central,TransmissionCapacity,2030,Angola_South,900.0
Angola,Angola_Central,TransmissionCapacity,2031,Angola_North,800.0
Angola,Angola_Central,TransmissionCapacity,2031,Angola_South,900.0
Angola,Angola_Central,TransmissionCapacity,2032,Angola_North,800.0
Angola,Angola_Central,TransmissionCapacity,2032,Angola_South,900.0
Angola,Angola_Central,TransmissionCapacity,2033,Angola_North,800.0
Angola,Angola_Central,TransmissionCapacity,2033,Angola_South,900.0
Angola,Angola_Central,TransmissionCapacity,2034,Angola_North,800.0
Angola,Angola_Central,TransmissionCapacity,2034,Angola_South,900.0
Angola,Angola_Central,TransmissionCapacity,2035,Angola_North,800.0
Angola,Angola_Central,TransmissionCapacity,2035,Angola_South,900.0
Angola,Angola_Central,TransmissionCapacity,2040,Angola_North,800.0
Angola,Angola_Central,TransmissionCapacity,2040,Angola_South,900.0
Angola,Angola_Central,TransmissionCapacity,2045,Angola_North,800.0
Angola,Angola_Central,TransmissionCapacity,2045,Angola_South,900.0
Angola,Angola_Central,TransmissionCapacity,2050,Angola_North,800.0
Angola,Angola_Central,TransmissionCapacity,2050,Angola_South,900.0
Angola,Angola_East,CongestionShare,2025,Angola_North,1.0
Angola,Angola_East,CongestionShare,2025,DRC,1.0
Angola,Angola_East,CongestionShare,2025,Zambia,1.0
Angola,Angola_East,CongestionShare,2026,Angola_North,1.0
Angola,Angola_East,CongestionShare,2026,DRC,1.0
Angola,Angola_East,CongestionShare,2026,Zambia,1.0
Angola,Angola_East,CongestionShare,2027,Angola_North,1.0
Angola,Angola_East,CongestionShare,2027,DRC,1.0
Angola,Angola_East,CongestionShare,2027,Zambia,1.0
Angola,Angola_East,CongestionShare,2028,Angola_North,1.0
Angola,Angola_East,CongestionShare,2028,DRC,1.0
Angola,Angola_East,CongestionShare,2028,Zambia,1.0
Angola,Angola_East,CongestionShare,2029,Angola_North,1.0
Angola,Angola_East,CongestionShare,2029,DRC,1.0
Angola,Angola_East,CongestionShare,2029,Zambia,1.0
Angola,Angola_East,CongestionShare,2030,Angola_North,1.0
Angola,Angola_East,CongestionShare,2030,DRC,1.0
Angola,Angola_East,CongestionShare,2030,Zambia,1.0
Angola,Angola_East,CongestionShare,2031,Angola_North,1.0
Angola,Angola_East,CongestionShare,2031,DRC,1.0
Angola,Angola_East,CongestionShare,2031,Zambia,1.0
Angola,Angola_East,CongestionShare,2032,Angola_North,1.0
Angola,Angola_East,CongestionShare,2032,DRC,1.0
Angola,Angola_East,CongestionShare,2032,Zambia,1.0
Angola,Angola_East,CongestionShare,2033,Angola_North,1.0
Angola,Angola_East,CongestionShare,2033,DRC,1.0
Angola,Angola_East,CongestionShare,2033,Zambia,1.0
Angola,Angola_East,CongestionShare,2034,Angola_North,1.0
Angola,Angola_East,CongestionShare,2034,DRC,1.0
Angola,Angola_East,CongestionShare,2034,Zambia,1.0
Angola,Angola_East,CongestionShare,2035,Angola_North,1.0
Angola,Angola_East,CongestionShare,2035,DRC,1.0
Angola,Angola_East,CongestionShare,2035,Zambia,1.0
Angola,Angola_East,CongestionShare,2040,Angola_North,0.4182648401826484
Angola,Angola_East,CongestionShare,2040,DRC,1.0
Angola,Angola_East,CongestionShare,2045,Angola_North,0.2094748858447488
Angola,Angola_East,CongestionShare,2045,DRC,1.0
Angola,Angola_East,CongestionShare,2045,Zambia,0.0700913242009132
Angola,Angola_East,CongestionShare,2050,Angola_North,0.6377853881278539
Angola,Angola_East,CongestionShare,2050,DRC,1.0
Angola,Angola_East,Interchange,2040,Angola_North,293.0785726543045
Angola,Angola_East,Interchange,2040,Zambia,37.38733462800096
Angola,Angola_East,Interchange,2045,Angola_North,186.3862945554922
Angola,Angola_East,Interchange,2045,Zambia,73.31143034487384
Angola,Angola_East,Interchange,2050,Angola_North,1302.0485114004032
Angola,Angola_East,Interchange,2050,Zambia,74.48001685498149
Angola,Angola_East,InterconUtilization,2040,Angola_North,0.6317244439690137
Angola,Angola_East,InterconUtilization,2040,Zambia,0.076455548240827
Angola,Angola_East,InterconUtilization,2045,Angola_North,0.4017515754397945
Angola,Angola_East,InterconUtilization,2045,Zambia,0.149918833613206
Angola,Angola_East,InterconUtilization,2050,Angola_North,0.7431783740869882
Angola,Angola_East,InterconUtilization,2050,Zambia,0.0342232358833518
Angola,Angola_East,NetImport,2040,Angola_North,-0.2930785726543045
Angola,Angola_East,NetImport,2040,Zambia,-0.0373873346280009
Angola,Angola_East,NetImport,2045,Angola_North,-0.1863862945554922
Angola,Angola_East,NetImport,2045,Zambia,-0.0733114303448738
Angola,Angola_East,NetImport,2050,Angola_North,-1.3020485114004032
Angola,Angola_East,NetImport,2050,Zambia,-0.0744800168549814
Angola,Angola_East,NewTransmissionCapacity,2040,Angola_North,52.96052477462908
Angola,Angola_East,NewTransmissionCapacity,2040,Zambia,55.82277116801366
Angola,Angola_East,NewTransmissionCapacity,2050,Angola_North,147.03947522537092
Angola,Angola_East,NewTransmissionCapacity,2050,Zambia,192.6132638722456
Angola,Angola_East,TransmissionCapacity,2040,Angola_North,52.96052477462908
Angola,Angola_East,TransmissionCapacity,2040,Zambia,55.82277116801366
Angola,Angola_East,TransmissionCapacity,2045,Angola_North,52.96052477462908
Angola,Angola_East,TransmissionCapacity,2045,Zambia,55.82277116801366
Angola,Angola_East,TransmissionCapacity,2050,Angola_North,200.0
Angola,Angola_East,TransmissionCapacity,2050,Zambia,248.4360350402592
Angola,Angola_North,CongestionShare,2025,Angola_East,1.0
Angola,Angola_North,CongestionShare,2025,DRC,1.0
Angola,Angola_North,CongestionShare,2026,Angola_East,1.0
Angola,Angola_North,CongestionShare,2026,DRC,1.0
Angola,Angola_North,CongestionShare,2027,Angola_East,1.0
Angola,Angola_North,CongestionShare,2027,DRC,1.0
Angola,Angola_North,CongestionShare,2028,Angola_East,1.0
Angola,Angola_North,CongestionShare,2028,DRC,1.0
Angola,Angola_North,CongestionShare,2029,Angola_Central,0.9013698630136986
Angola,Angola_North,CongestionShare,2029,Angola_East,1.0
Angola,Angola_North,CongestionShare,2029,DRC,1.0
Angola,Angola_North,CongestionShare,2030,Angola_Central,0.7850456621004567
Angola,Angola_North,CongestionShare,2030,Angola_East,1.0
Angola,Angola_North,CongestionShare,2030,DRC,1.0
Angola,Angola_North,CongestionShare,2031,Angola_Central,0.740296803652968
Angola,Angola_North,CongestionShare,2031,Angola_East,1.0
Angola,Angola_North,CongestionShare,2031,DRC,1.0
Angola,Angola_North,CongestionShare,2032,Angola_Central,0.7075342465753425
Angola,Angola_North,CongestionShare,2032,Angola_East,1.0
Angola,Angola_North,CongestionShare,2032,DRC,1.0
Angola,Angola_North,CongestionShare,2033,Angola_Central,0.6800228310502283
Angola,Angola_North,CongestionShare,2033,Angola_East,1.0
Angola,Angola_North,CongestionShare,2033,DRC,1.0
Angola,Angola_North,CongestionShare,2034,Angola_Central,0.6310502283105023
Angola,Angola_North,CongestionShare,2034,Angola_East,1.0
Angola,Angola_North,CongestionShare,2034,DRC,1.0
Angola,Angola_North,CongestionShare,2035,Angola_Central,0.6070776255707763
Angola,Angola_North,CongestionShare,2035,Angola_East,1.0
Angola,Angola_North,CongestionShare,2035,DRC,1.0
Angola,Angola_North,CongestionShare,2040,Angola_Central,0.1376712328767123
Angola,Angola_North,CongestionShare,2040,DRC,0.5324200913242009
Angola,Angola_North,CongestionShare,2045,Angola_Central,0.203310502283105
Angola,Angola_North,CongestionShare,2045,DRC,0.7394977168949771
Angola,Angola_North,CongestionShare,2050,Angola_Central,0.0158675799086757
Angola,Angola_North,CongestionShare,2050,DRC,0.9939497716894976
Angola,Angola_North,Interchange,2025,Angola_Central,2067.371096774195
Angola,Angola_North,Interchange,2026,Angola_Central,1997.2856387096765
Angola,Angola_North,Interchange,2027,Angola_Central,2343.346904301078
Angola,Angola_North,Interchange,2028,Angola_Central,2493.467870967744
Angola,Angola_North,Interchange,2029,Angola_Central,6959.123849393225
Angola,Angola_North,Interchange,2030,Angola_Central,6880.055315457746
Angola,Angola_North,Interchange,2031,Angola_Central,6769.357152296442
Angola,Angola_North,Interchange,2032,Angola_Central,6657.484851450587
Angola,Angola_North,Interchange,2033,Angola_Central,6496.155099985928
Angola,Angola_North,Interchange,2034,Angola_Central,6334.484654295856
Angola,Angola_North,Interchange,2035,Angola_Central,6133.462093820231
Angola,Angola_North,Interchange,2040,Angola_Central,2088.103892143584
Angola,Angola_North,Interchange,2040,DRC,5087.079659362834
Angola,Angola_North,Interchange,2045,Angola_Central,2371.7528785633785
Angola,Angola_North,Interchange,2045,Angola_East,16.794999308703304
Angola,Angola_North,Interchange,2045,DRC,6689.447631293757
Angola,Angola_North,Interchange,2050,Angola_Central,628.1227123688401
Angola,Angola_North,Interchange,2050,Angola_East,5.612416654029597
Angola,Angola_North,Interchange,2050,DRC,8719.521585591807
Angola,Angola_North,InterconUtilization,2025,Angola_Central,0.2950015834438063
Angola,Angola_North,InterconUtilization,2026,Angola_Central,0.285000804610399
Angola,Angola_North,InterconUtilization,2027,Angola_Central,0.3343816929653365
Angola,Angola_North,InterconUtilization,2028,Angola_Central,0.3558030637796438
Angola,Angola_North,InterconUtilization,2029,Angola_Central,0.993025663440814
Angola,Angola_North,InterconUtilization,2030,Angola_Central,0.9817430530048152
Angola,Angola_North,InterconUtilization,2031,Angola_Central,0.9659470822340814
Angola,Angola_North,InterconUtilization,2032,Angola_Central,0.9499835689855288
Angola,Angola_North,InterconUtilization,2033,Angola_Central,0.9269627711167135
Angola,Angola_North,InterconUtilization,2034,Angola_Central,0.9038933582043174
Angola,Angola_North,InterconUtilization,2035,Angola_Central,0.8752086321090512
Angola,Angola_North,InterconUtilization,2040,Angola_Central,0.2979600302716301
Angola,Angola_North,InterconUtilization,2040,DRC,0.587121007226787
Angola,Angola_North,InterconUtilization,2045,Angola_Central,0.3384350568726282
Angola,Angola_North,InterconUtilization,2045,Angola_East,0.0362012531440337
Angola,Angola_North,InterconUtilization,2045,DRC,0.7636355743486024
Angola,Angola_North,InterconUtilization,2050,Angola_Central,0.0896293824727226
Angola,Angola_North,InterconUtilization,2050,Angola_East,0.0032034341632589
Angola,Angola_North,InterconUtilization,2050,DRC,0.9953791764374208
Angola,Angola_North,NetImport,2025,Angola_Central,-2.067371096774195
Angola,Angola_North,NetImport,2026,Angola_Central,-1.997285638709676
Angola,Angola_North,NetImport,2027,Angola_Central,-2.3433469043010784
Angola,Angola_North,NetImport,2028,Angola_Central,-2.493467870967744
Angola,Angola_North,NetImport,2029,Angola_Central,-6.959123849393225
Angola,Angola_North,NetImport,2030,Angola_Central,-6.880055315457746
Angola,Angola_North,NetImport,2031,Angola_Central,-6.769357152296442
Angola,Angola_North,NetImport,2032,Angola_Central,-6.657484851450587
Angola,Angola_North,NetImport,2033,Angola_Central,-6.496155099985929
Angola,Angola_North,NetImport,2034,Angola_Central,-6.334484654295856
Angola,Angola_North,NetImport,2035,Angola_Central,-6.13346209382023
Angola,Angola_North,NetImport,2040,Angola_Central,-2.088103892143584
Angola,Angola_North,NetImport,2040,DRC,-5.087079659362834
Angola,Angola_North,NetImport,2045,Angola_Central,-2.371752878563379
Angola,Angola_North,NetImport,2045,Angola_East,-0.0167949993087033
Angola,Angola_North,NetImport,2045,DRC,-6.689447631293757
Angola,Angola_North,NetImport,2050,Angola_Central,-0.6281227123688401
Angola,Angola_North,NetImport,2050,Angola_East,-0.0056124166540295
Angola,Angola_North,NetImport,2050,DRC,-8.719521585591806
Angola,Angola_North,NewTransmissionCapacity,2040,Angola_East,52.96052477462908
Angola,Angola_North,NewTransmissionCapacity,2040,DRC,989.0922807116214
Angola,Angola_North,NewTransmissionCapacity,2045,DRC,10.907719288378637
Angola,Angola_North,NewTransmissionCapacity,2050,Angola_East,147.03947522537092
Angola,Angola_North,TransmissionCapacity,2025,Angola_Central,800.0
Angola,Angola_North,TransmissionCapacity,2026,Angola_Central,800.0
Angola,Angola_North,TransmissionCapacity,2027,Angola_Central,800.0
Angola,Angola_North,TransmissionCapacity,2028,Angola_Central,800.0
Angola,Angola_North,TransmissionCapacity,2029,Angola_Central,800.0
Angola,Angola_North,TransmissionCapacity,2030,Angola_Central,800.0
Angola,Angola_North,TransmissionCapacity,2031,Angola_Central,800.0
Angola,Angola_North,TransmissionCapacity,2032,Angola_Central,800.0
Angola,Angola_North,TransmissionCapacity,2033,Angola_Central,800.0
Angola,Angola_North,TransmissionCapacity,2034,Angola_Central,800.0
Angola,Angola_North,TransmissionCapacity,2035,Angola_Central,800.0
Angola,Angola_North,TransmissionCapacity,2040,Angola_Central,800.0
Angola,Angola_North,TransmissionCapacity,2040,Angola_East,52.96052477462908
Angola,Angola_North,TransmissionCapacity,2040,DRC,989.0922807116214
Angola,Angola_North,TransmissionCapacity,2045,Angola_Central,800.0
Angola,Angola_North,TransmissionCapacity,2045,Angola_East,52.96052477462908
Angola,Angola_North,TransmissionCapacity,2045,DRC,1000.0
Angola,Angola_North,TransmissionCapacity,2050,Angola_Central,800.0
Angola,Angola_North,TransmissionCapacity,2050,Angola_East,200.0
Angola,Angola_North,TransmissionCapacity,2050,DRC,1000.0
Angola,Angola_South,CongestionShare,2025,Angola_Central,1.0
Angola,Angola_South,CongestionShare,2025,Namibia,1.0
Angola,Angola_South,CongestionShare,2026,Angola_Central,1.0
Angola,Angola_South,CongestionShare,2026,Namibia,1.0
Angola,Angola_South,CongestionShare,2027,Angola_Central,1.0
Angola,Angola_South,CongestionShare,2027,Namibia,1.0
Angola,Angola_South,CongestionShare,2028,Angola_Central,1.0
Angola,Angola_South,CongestionShare,2028,Namibia,1.0
Angola,Angola_South,CongestionShare,2029,Namibia,0.415296803652968
Angola,Angola_South,CongestionShare,2030,Namibia,0.2937214611872146
Angola,Angola_South,CongestionShare,2031,Namibia,0.3099315068493151
Angola,Angola_South,CongestionShare,2032,Namibia,0.2993150684931507
Angola,Angola_South,CongestionShare,2033,Namibia,0.2942922374429224
Angola,Angola_South,CongestionShare,2034,Namibia,0.3011415525114155
Angola,Angola_South,CongestionShare,2035,Namibia,0.3355022831050228
Angola,Angola_South,CongestionShare,2040,Namibia,0.0511415525114155
Angola,Angola_South,CongestionShare,2045,Namibia,0.1577625570776255
Angola,Angola_South,CongestionShare,2050,Angola_Central,0.0285388127853881
Angola,Angola_South,CongestionShare,2050,Namibia,0.1406392694063926
Angola,Angola_South,Interchange,2029,Namibia,2931.270344561936
Angola,Angola_South,Interchange,2030,Namibia,2706.8577402698074
Angola,Angola_South,Interchange,2031,Namibia,2590.5745073567227
Angola,Angola_South,Interchange,2032,Namibia,2491.369241942297
Angola,Angola_South,Interchange,2033,Namibia,2356.7613796276896
Angola,Angola_South,Interchange,2034,Namibia,2252.490229198464
Angola,Angola_South,Interchange,2035,Angola_Central,34.161029610229
Angola,Angola_South,Interchange,2035,Namibia,2216.567218167603
Angola,Angola_South,Interchange,2040,Angola_Central,1604.6861352844576
Angola,Angola_South,Interchange,2040,Namibia,504.0536337372866
Angola,Angola_South,Interchange,2045,Angola_Central,1801.850543159432
Angola,Angola_South,Interchange,2045,Namibia,931.74547445456
Angola,Angola_South,Interchange,2050,Angola_Central,3264.7840069030176
Angola,Angola_South,Interchange,2050,Namibia,631.9115155258099
Angola,Angola_South,InterconUtilization,2029,Namibia,0.8365497558681324
Angola,Angola_South,InterconUtilization,2030,Namibia,0.7725050628623881
Angola,Angola_South,InterconUtilization,2031,Namibia,0.7393192087205259
Angola,Angola_South,InterconUtilization,2032,Namibia,0.7110072037506555
Angola,Angola_South,InterconUtilization,2033,Namibia,0.6725917179302767
Angola,Angola_South,InterconUtilization,2034,Namibia,0.6428339695201096
Angola,Angola_South,InterconUtilization,2035,Angola_Central,0.0043329565715663
Angola,Angola_South,InterconUtilization,2035,Namibia,0.6325819686551378
Angola,Angola_South,InterconUtilization,2040,Angola_Central,0.203537054196405
Angola,Angola_South,InterconUtilization,2040,Namibia,0.1438509228702301
Angola,Angola_South,InterconUtilization,2045,Angola_Central,0.2285452236376752
Angola,Angola_South,InterconUtilization,2045,Namibia,0.2659090965909133
Angola,Angola_South,InterconUtilization,2050,Angola_Central,0.4141024869232645
Angola,Angola_South,InterconUtilization,2050,Namibia,0.1803400443852197
Angola,Angola_South,NetImport,2029,Namibia,-2.931270344561936
Angola,Angola_South,NetImport,2030,Namibia,-2.7068577402698075
Angola,Angola_South,NetImport,2031,Namibia,-2.5905745073567226
Angola,Angola_South,NetImport,2032,Namibia,-2.491369241942297
Angola,Angola_South,NetImport,2033,Namibia,-2.35676137962769
Angola,Angola_South,NetImport,2034,Namibia,-2.252490229198464
Angola,Angola_South,NetImport,2035,Angola_Central,-0.034161029610229
Angola,Angola_South,NetImport,2035,Namibia,-2.216567218167603
Angola,Angola_South,NetImport,2040,Angola_Central,-1.6046861352844577
Angola,Angola_South,NetImport,2040,Namibia,-0.5040536337372866
Angola,Angola_South,NetImport,2045,Angola_Central,-1.801850543159432
Angola,Angola_South,NetImport,2045,Namibia,-0.93174547445456
Angola,Angola_South,NetImport,2050,Angola_Central,-3.264784006903018
Angola,Angola_South,NetImport,2050,Namibia,-0.6319115155258099
Angola,Angola_South,NewTransmissionCapacity,2029,Angola_Central,900.0
Angola,Angola_South,NewTransmissionCapacity,2029,Namibia,400.0
Angola,Angola_South,TransmissionCapacity,2029,Angola_Central,900.0
Angola,Angola_South,TransmissionCapacity,2029,Namibia,400.0
Angola,Angola_South,TransmissionCapacity,2030,Angola_Central,900.0
Angola,Angola_South,TransmissionCapacity,2030,Namibia,400.0
Angola,Angola_South,TransmissionCapacity,2031,Angola_Central,900.0
Angola,Angola_South,TransmissionCapacity,2031,Namibia,400.0
Angola,Angola_South,TransmissionCapacity,2032,Angola_Central,900.0
Angola,Angola_South,TransmissionCapacity,2032,Namibia,400.0
Angola,Angola_South,TransmissionCapacity,2033,Angola_Central,900.0
Angola,Angola_South,TransmissionCapacity,2033,Namibia,400.0
Angola,Angola_South,TransmissionCapacity,2034,Angola_Central,900.0
Angola,Angola_South,TransmissionCapacity,2034,Namibia,400.0
Angola,Angola_South,TransmissionCapacity,2035,Angola_Central,900.0
Angola,Angola_South,TransmissionCapacity,2035,Namibia,400.0
Angola,Angola_South,TransmissionCapacity,2040,Angola_Central,900.0
Angola,Angola_South,TransmissionCapacity,2040,Namibia,400.0
Angola,Angola_South,TransmissionCapacity,2045,Angola_Central,900.0
Angola,Angola_South,TransmissionCapacity,2045,Namibia,400.0
Angola,Angola_South,TransmissionCapacity,2050,Angola_Central,900.0
Angola,Angola_South,TransmissionCapacity,2050,Namibia,400.0
Botswana,Botswana,CongestionShare,2025,Namibia,1.0
Botswana,Botswana,CongestionShare,2025,Zambia,1.0
Botswana,Botswana,CongestionShare,2026,Namibia,1.0
Botswana,Botswana,CongestionShare,2026,Zambia,1.0
Botswana,Botswana,CongestionShare,2027,Namibia,1.0
Botswana,Botswana,CongestionShare,2027,Zambia,1.0
Botswana,Botswana,CongestionShare,2027,Zimbabwe_West,0.0323059360730593
Botswana,Botswana,CongestionShare,2028,Namibia,1.0
Botswana,Botswana,CongestionShare,2028,Zambia,1.0
Botswana,Botswana,CongestionShare,2029,Namibia,1.0
Botswana,Botswana,CongestionShare,2029,Zambia,1.0
Botswana,Botswana,CongestionShare,2030,Namibia,1.0
Botswana,Botswana,CongestionShare,2030,Zambia,1.0
Botswana,Botswana,CongestionShare,2031,Namibia,1.0
Botswana,Botswana,CongestionShare,2031,Zambia,1.0
Botswana,Botswana,CongestionShare,2032,Namibia,1.0
Botswana,Botswana,CongestionShare,2032,Zambia,1.0
Botswana,Botswana,CongestionShare,2033,Namibia,1.0
Botswana,Botswana,CongestionShare,2033,Zambia,1.0
Botswana,Botswana,CongestionShare,2034,Namibia,1.0
Botswana,Botswana,CongestionShare,2034,Zambia,1.0
Botswana,Botswana,CongestionShare,2035,Namibia,1.0
Botswana,Botswana,CongestionShare,2035,South_Africa,0.0073059360730593
Botswana,Botswana,CongestionShare,2035,Zambia,1.0
Botswana,Botswana,CongestionShare,2035,Zimbabwe_West,0.1061643835616438
Botswana,Botswana,CongestionShare,2040,Namibia,1.0
Botswana,Botswana,CongestionShare,2040,South_Africa,0.0106164383561643
Botswana,Botswana,CongestionShare,2040,Zambia,0.4318493150684931
Botswana,Botswana,CongestionShare,2040,Zimbabwe_West,0.066324200913242
Botswana,Botswana,CongestionShare,2045,Namibia,0.2563926940639269
Botswana,Botswana,CongestionShare,2045,South_Africa,0.0415525114155251
Botswana,Botswana,CongestionShare,2045,Zambia,0.5195205479452055
Botswana,Botswana,CongestionShare,2045,Zimbabwe_West,0.0890410958904109
Botswana,Botswana,CongestionShare,2050,Namibia,0.2011415525114155
Botswana,Botswana,CongestionShare,2050,South_Africa,0.0164383561643835
Botswana,Botswana,CongestionShare,2050,Zambia,0.6317351598173516
Botswana,Botswana,CongestionShare,2050,Zimbabwe_West,0.1030821917808219
Botswana,Botswana,Interchange,2027,Zimbabwe_West,258.4021112840613
Botswana,Botswana,Interchange,2028,South_Africa,35.63507521106948
Botswana,Botswana,Interchange,2029,South_Africa,62.82735116059307
Botswana,Botswana,Interchange,2030,South_Africa,119.54947626057314
Botswana,Botswana,Interchange,2031,Zimbabwe_West,202.25672316756985
Botswana,Botswana,Interchange,2032,South_Africa,341.4696500102912
Botswana,Botswana,Interchange,2033,South_Africa,647.6362371901242
Botswana,Botswana,Interchange,2034,South_Africa,959.862368134322
Botswana,Botswana,Interchange,2035,South_Africa,1050.2903369345756
Botswana,Botswana,Interchange,2035,Zimbabwe_West,585.387352492412
Botswana,Botswana,Interchange,2040,South_Africa,2573.6152897295324
Botswana,Botswana,Interchange,2040,Zambia,3356.992799525364
Botswana,Botswana,Interchange,2040,Zimbabwe_West,740.7196660751488
Botswana,Botswana,Interchange,2045,Namibia,558.9785791698582
Botswana,Botswana,Interchange,2045,South_Africa,3264.2907458132463
Botswana,Botswana,Interchange,2045,Zambia,3778.348057160392
Botswana,Botswana,Interchange,2045,Zimbabwe_West,779.5899714738463
Botswana,Botswana,Interchange,2050,Namibia,715.6579527275275
Botswana,Botswana,Interchange,2050,South_Africa,1889.8566784205127
Botswana,Botswana,Interchange,2050,Zambia,4498.35875395861
Botswana,Botswana,Interchange,2050,Zimbabwe_West,977.4027732609196
Botswana,Botswana,InterconUtilization,2027,Zimbabwe_West,0.0543240477148055
Botswana,Botswana,InterconUtilization,2028,South_Africa,0.0049070337275847
Botswana,Botswana,InterconUtilization,2029,South_Africa,0.0086514741258094
Botswana,Botswana,InterconUtilization,2030,South_Africa,0.0164622442537597
Botswana,Botswana,InterconUtilization,2031,Zimbabwe_West,0.042520565429579
Botswana,Botswana,InterconUtilization,2032,South_Africa,0.0470211744923315
Botswana,Botswana,InterconUtilization,2033,South_Africa,0.0891810341433156
Botswana,Botswana,InterconUtilization,2034,South_Africa,0.1173374411348764
Botswana,Botswana,InterconUtilization,2035,South_Africa,0.1283917201839342
Botswana,Botswana,InterconUtilization,2035,Zimbabwe_West,0.1230663724472556
Botswana,Botswana,InterconUtilization,2040,South_Africa,0.1851344021828005
Botswana,Botswana,InterconUtilization,2040,Zambia,0.4790229451377517
Botswana,Botswana,InterconUtilization,2040,Zimbabwe_West,0.1003049104463766
Botswana,Botswana,InterconUtilization,2045,Namibia,0.2895328803498198
Botswana,Botswana,InterconUtilization,2045,South_Africa,0.2345826312367502
Botswana,Botswana,InterconUtilization,2045,Zambia,0.5391478392066767
Botswana,Botswana,InterconUtilization,2045,Zimbabwe_West,0.1055685515789237
Botswana,Botswana,InterconUtilization,2050,Namibia,0.29058988528294
Botswana,Botswana,InterconUtilization,2050,South_Africa,0.1358112946442768
Botswana,Botswana,InterconUtilization,2050,Zambia,0.6418890916036829
Botswana,Botswana,InterconUtilization,2050,Zimbabwe_West,0.1323554674354094
Botswana,Botswana,NetImport,2027,Zimbabwe_West,-0.2584021112840612
Botswana,Botswana,NetImport,2028,South_Africa,-0.0356350752110694
Botswana,Botswana,NetImport,2029,South_Africa,-0.062827351160593
Botswana,Botswana,NetImport,2030,South_Africa,-0.1195494762605731
Botswana,Botswana,NetImport,2031,Zimbabwe_West,-0.2022567231675698
Botswana,Botswana,NetImport,2032,South_Africa,-0.3414696500102911
Botswana,Botswana,NetImport,2033,South_Africa,-0.6476362371901242
Botswana,Botswana,NetImport,2034,South_Africa,-0.959862368134322
Botswana,Botswana,NetImport,2035,South_Africa,-1.0502903369345755
Botswana,Botswana,NetImport,2035,Zimbabwe_West,-0.585387352492412
Botswana,Botswana,NetImport,2040,South_Africa,-2.573615289729533
Botswana,Botswana,NetImport,2040,Zambia,-3.356992799525364
Botswana,Botswana,NetImport,2040,Zimbabwe_West,-0.7407196660751488
Botswana,Botswana,NetImport,2045,Namibia,-0.5589785791698583
Botswana,Botswana,NetImport,2045,South_Africa,-3.264290745813246
Botswana,Botswana,NetImport,2045,Zambia,-3.7783480571603913
Botswana,Botswana,NetImport,2045,Zimbabwe_West,-0.7795899714738463
Botswana,Botswana,NetImport,2050,Namibia,-0.7156579527275275
Botswana,Botswana,NetImport,2050,South_Africa,-1.8898566784205133
Botswana,Botswana,NetImport,2050,Zambia,-4.49835875395861
Botswana,Botswana,NetImport,2050,Zimbabwe_West,-0.9774027732609196
Botswana,Botswana,NewTransmissionCapacity,2034,South_Africa,104.83091224689984
Botswana,Botswana,NewTransmissionCapacity,2040,South_Africa,653.079441943921
Botswana,Botswana,NewTransmissionCapacity,2040,Zambia,800.0
Botswana,Botswana,NewTransmissionCapacity,2040,Zimbabwe_West,300.0
Botswana,Botswana,NewTransmissionCapacity,2045,Namibia,220.3906513511904
Botswana,Botswana,NewTransmissionCapacity,2045,South_Africa,1.5956998284891275
Botswana,Botswana,NewTransmissionCapacity,2050,Namibia,60.7482232710782
Botswana,Botswana,TransmissionCapacity,2025,South_Africa,829.0
Botswana,Botswana,TransmissionCapacity,2025,Zimbabwe_West,543.0
Botswana,Botswana,TransmissionCapacity,2026,South_Africa,829.0
Botswana,Botswana,TransmissionCapacity,2026,Zimbabwe_West,543.0
Botswana,Botswana,TransmissionCapacity,2027,South_Africa,829.0
Botswana,Botswana,TransmissionCapacity,2027,Zimbabwe_West,543.0
Botswana,Botswana,TransmissionCapacity,2028,South_Africa,829.0
Botswana,Botswana,TransmissionCapacity,2028,Zimbabwe_West,543.0
Botswana,Botswana,TransmissionCapacity,2029,South_Africa,829.0
Botswana,Botswana,TransmissionCapacity,2029,Zimbabwe_West,543.0
Botswana,Botswana,TransmissionCapacity,2030,South_Africa,829.0
Botswana,Botswana,TransmissionCapacity,2030,Zimbabwe_West,543.0
Botswana,Botswana,TransmissionCapacity,2031,South_Africa,829.0
Botswana,Botswana,TransmissionCapacity,2031,Zimbabwe_West,543.0
Botswana,Botswana,TransmissionCapacity,2032,South_Africa,829.0
Botswana,Botswana,TransmissionCapacity,2032,Zimbabwe_West,543.0
Botswana,Botswana,TransmissionCapacity,2033,South_Africa,829.0
Botswana,Botswana,TransmissionCapacity,2033,Zimbabwe_West,543.0
Botswana,Botswana,TransmissionCapacity,2034,South_Africa,933.8309122469
Botswana,Botswana,TransmissionCapacity,2034,Zimbabwe_West,543.0
Botswana,Botswana,TransmissionCapacity,2035,South_Africa,933.8309122469
Botswana,Botswana,TransmissionCapacity,2035,Zimbabwe_West,543.0
Botswana,Botswana,TransmissionCapacity,2040,South_Africa,1586.9103541908207
Botswana,Botswana,TransmissionCapacity,2040,Zambia,800.0
Botswana,Botswana,TransmissionCapacity,2040,Zimbabwe_West,843.0
Botswana,Botswana,TransmissionCapacity,2045,Namibia,220.3906513511904
Botswana,Botswana,TransmissionCapacity,2045,South_Africa,1588.50605401931
Botswana,Botswana,TransmissionCapacity,2045,Zambia,800.0
Botswana,Botswana,TransmissionCapacity,2045,Zimbabwe_West,843.0
Botswana,Botswana,TransmissionCapacity,2050,Namibia,281.1388746222686
Botswana,Botswana,TransmissionCapacity,2050,South_Africa,1588.50605401931
Botswana,Botswana,TransmissionCapacity,2050,Zambia,800.0
Botswana,Botswana,TransmissionCapacity,2050,Zimbabwe_West,843.0
DRC,DRC,CongestionShare,2025,Angola_East,1.0
DRC,DRC,CongestionShare,2025,Angola_North,1.0
DRC,DRC,CongestionShare,2025,South_Africa,1.0
DRC,DRC,CongestionShare,2026,Angola_East,1.0
DRC,DRC,CongestionShare,2026,Angola_North,1.0
DRC,DRC,CongestionShare,2026,South_Africa,1.0
DRC,DRC,CongestionShare,2027,Angola_East,1.0
DRC,DRC,CongestionShare,2027,Angola_North,1.0
DRC,DRC,CongestionShare,2027,South_Africa,1.0
DRC,DRC,CongestionShare,2028,Angola_East,1.0
DRC,DRC,CongestionShare,2028,Angola_North,1.0
DRC,DRC,CongestionShare,2028,South_Africa,1.0
DRC,DRC,CongestionShare,2029,Angola_East,1.0
DRC,DRC,CongestionShare,2029,Angola_North,1.0
DRC,DRC,CongestionShare,2029,South_Africa,1.0
DRC,DRC,CongestionShare,2030,Angola_East,1.0
DRC,DRC,CongestionShare,2030,Angola_North,1.0
DRC,DRC,CongestionShare,2030,South_Africa,1.0
DRC,DRC,CongestionShare,2031,Angola_East,1.0
DRC,DRC,CongestionShare,2031,Angola_North,1.0
DRC,DRC,CongestionShare,2031,South_Africa,1.0
DRC,DRC,CongestionShare,2032,Angola_East,1.0
DRC,DRC,CongestionShare,2032,Angola_North,1.0
DRC,DRC,CongestionShare,2032,South_Africa,1.0
DRC,DRC,CongestionShare,2033,Angola_East,1.0
DRC,DRC,CongestionShare,2033,Angola_North,1.0
DRC,DRC,CongestionShare,2033,South_Africa,1.0
DRC,DRC,CongestionShare,2034,Angola_East,1.0
DRC,DRC,CongestionShare,2034,Angola_North,1.0
DRC,DRC,CongestionShare,2034,South_Africa,1.0
DRC,DRC,CongestionShare,2035,Angola_East,1.0
DRC,DRC,CongestionShare,2035,Angola_North,1.0
DRC,DRC,CongestionShare,2035,South_Africa,1.0
DRC,DRC,CongestionShare,2040,Angola_East,1.0
DRC,DRC,CongestionShare,2040,South_Africa,1.0
DRC,DRC,CongestionShare,2045,Angola_East,1.0
DRC,DRC,CongestionShare,2045,South_Africa,1.0
DRC,DRC,CongestionShare,2050,Angola_East,1.0
DRC,DRC,CongestionShare,2050,South_Africa,1.0
DRC,DRC,Interchange,2050,DRC_South,839.8954791666596
DRC,DRC,InterconUtilization,2050,DRC_South,0.0515475695467336
DRC,DRC,NetImport,2050,DRC_South,-0.8398954791666596
DRC,DRC,NewTransmissionCapacity,2034,DRC_South,526.5661498686828
DRC,DRC,NewTransmissionCapacity,2035,DRC_South,473.4338501313172
DRC,DRC,NewTransmissionCapacity,2040,Angola_North,989.0922807116214
DRC,DRC,NewTransmissionCapacity,2045,Angola_North,10.907719288378637
DRC,DRC,TransmissionCapacity,2025,DRC_South,860.0
DRC,DRC,TransmissionCapacity,2026,DRC_South,860.0
DRC,DRC,TransmissionCapacity,2027,DRC_South,860.0
DRC,DRC,TransmissionCapacity,2028,DRC_South,860.0
DRC,DRC,TransmissionCapacity,2029,DRC_South,860.0
DRC,DRC,TransmissionCapacity,2030,DRC_South,860.0
DRC,DRC,TransmissionCapacity,2031,DRC_South,860.0
DRC,DRC,TransmissionCapacity,2032,DRC_South,860.0
DRC,DRC,TransmissionCapacity,2033,DRC_South,860.0
DRC,DRC,TransmissionCapacity,2034,DRC_South,1386.5661498686827
DRC,DRC,TransmissionCapacity,2035,DRC_South,1860.0
DRC,DRC,TransmissionCapacity,2040,Angola_North,989.0922807116214
DRC,DRC,TransmissionCapacity,2040,DRC_South,1860.0
DRC,DRC,TransmissionCapacity,2045,Angola_North,1000.0
DRC,DRC,TransmissionCapacity,2045,DRC_South,1860.0
DRC,DRC,TransmissionCapacity,2050,Angola_North,1000.0
DRC,DRC,TransmissionCapacity,2050,DRC_South,1860.0
DRC,DRC_South,CongestionShare,2025,DRC,1.0
DRC,DRC_South,CongestionShare,2026,DRC,1.0
DRC,DRC_South,CongestionShare,2027,DRC,1.0
DRC,DRC_South,CongestionShare,2028,DRC,1.0
DRC,DRC_South,CongestionShare,2029,DRC,1.0
DRC,DRC_South,CongestionShare,2030,DRC,1.0
DRC,DRC_South,CongestionShare,2031,DRC,1.0
DRC,DRC_South,CongestionShare,2032,DRC,1.0
DRC,DRC_South,CongestionShare,2033,DRC,1.0
DRC,DRC_South,CongestionShare,2034,DRC,0.9084474885844748
DRC,DRC_South,CongestionShare,2035,DRC,0.9544520547945206
DRC,DRC_South,CongestionShare,2040,DRC,0.2143835616438356
DRC,DRC_South,CongestionShare,2045,DRC,0.040296803652968
DRC,DRC_South,Interchange,2025,DRC,6.55200000000001e-08
DRC,DRC_South,Interchange,2026,DRC,4.3439999999999984e-08
DRC,DRC_South,Interchange,2030,DRC,8.760000000000004e-08
DRC,DRC_South,Interchange,2031,DRC,8.760000000000004e-08
DRC,DRC_South,Interchange,2032,DRC,8.760000000000004e-08
DRC,DRC_South,Interchange,2033,DRC,8.760000000000004e-08
DRC,DRC_South,Interchange,2034,DRC,4444.862896000011
DRC,DRC_South,Interchange,2035,DRC,8585.293407673282
DRC,DRC_South,Interchange,2040,DRC,4585.874665408898
DRC,DRC_South,Interchange,2045,DRC,1900.6760276245573
DRC,DRC_South,InterconUtilization,2025,DRC,0.7479452054794528
DRC,DRC_South,InterconUtilization,2026,DRC,0.4958904109589037
DRC,DRC_South,InterconUtilization,2030,DRC,1.0
DRC,DRC_South,InterconUtilization,2031,DRC,1.0
DRC,DRC_South,InterconUtilization,2032,DRC,1.0
DRC,DRC_South,InterconUtilization,2033,DRC,1.0
DRC,DRC_South,InterconUtilization,2034,DRC,0.9636100617169392
DRC,DRC_South,InterconUtilization,2035,DRC,0.9800563250670576
DRC,DRC_South,InterconUtilization,2040,DRC,0.5235016741282005
DRC,DRC_South,InterconUtilization,2045,DRC,0.2169721492700398
DRC,DRC_South,NetImport,2025,DRC,-6.552000000000009e-11
DRC,DRC_South,NetImport,2026,DRC,-4.343999999999999e-11
DRC,DRC_South,NetImport,2030,DRC,-8.760000000000004e-11
DRC,DRC_South,NetImport,2031,DRC,-8.760000000000004e-11
DRC,DRC_South,NetImport,2032,DRC,-8.760000000000004e-11
DRC,DRC_South,NetImport,2033,DRC,-8.760000000000004e-11
DRC,DRC_South,NetImport,2034,DRC,-4.444862896000011
DRC,DRC_South,NetImport,2035,DRC,-8.585293407673282
DRC,DRC_South,NetImport,2040,DRC,-4.585874665408898
DRC,DRC_South,NetImport,2045,DRC,-1.9006760276245576
DRC,DRC_South,NewTransmissionCapacity,2030,Zambia,700.0
DRC,DRC_South,NewTransmissionCapacity,2034,DRC,526.5661498686828
DRC,DRC_South,NewTransmissionCapacity,2035,DRC,473.4338501313172
DRC,DRC_South,TransmissionCapacity,2025,DRC,1e-08
DRC,DRC_South,TransmissionCapacity,2025,Zambia,371.0
DRC,DRC_South,TransmissionCapacity,2026,DRC,1e-08
DRC,DRC_South,TransmissionCapacity,2026,Zambia,371.0
DRC,DRC_South,TransmissionCapacity,2027,DRC,1e-08
DRC,DRC_South,TransmissionCapacity,2027,Zambia,371.0
DRC,DRC_South,TransmissionCapacity,2028,DRC,1e-08
DRC,DRC_South,TransmissionCapacity,2028,Zambia,371.0
DRC,DRC_South,TransmissionCapacity,2029,DRC,1e-08
DRC,DRC_South,TransmissionCapacity,2029,Zambia,371.0
DRC,DRC_South,TransmissionCapacity,2030,DRC,1e-08
DRC,DRC_South,TransmissionCapacity,2030,Zambia,1071.0
DRC,DRC_South,TransmissionCapacity,2031,DRC,1e-08
DRC,DRC_South,TransmissionCapacity,2031,Zambia,1071.0
DRC,DRC_South,TransmissionCapacity,2032,DRC,1e-08
DRC,DRC_South,TransmissionCapacity,2032,Zambia,1071.0
DRC,DRC_South,TransmissionCapacity,2033,DRC,1e-08
DRC,DRC_South,TransmissionCapacity,2033,Zambia,1071.0
DRC,DRC_South,TransmissionCapacity,2034,DRC,526.5661498786828
DRC,DRC_South,TransmissionCapacity,2034,Zambia,1071.0
DRC,DRC_South,TransmissionCapacity,2035,DRC,1000.00000001
DRC,DRC_South,TransmissionCapacity,2035,Zambia,1071.0
DRC,DRC_South,TransmissionCapacity,2040,DRC,1000.00000001
DRC,DRC_South,TransmissionCapacity,2040,Zambia,1071.0
DRC,DRC_South,TransmissionCapacity,2045,DRC,1000.00000001
DRC,DRC_South,TransmissionCapacity,2045,Zambia,1071.0
DRC,DRC_South,TransmissionCapacity,2050,DRC,1000.00000001
DRC,DRC_South,TransmissionCapacity,2050,Zambia,1071.0
Eswatini,Eswatini,CongestionShare,2025,South_Africa,1.0
Eswatini,Eswatini,CongestionShare,2026,South_Africa,1.0
Eswatini,Eswatini,CongestionShare,2027,South_Africa,1.0
Eswatini,Eswatini,CongestionShare,2028,South_Africa,1.0
Eswatini,Eswatini,CongestionShare,2029,South_Africa,1.0
Eswatini,Eswatini,CongestionShare,2034,Mozambique_South,0.0057077625570776
Eswatini,Eswatini,CongestionShare,2035,Mozambique_South,0.0238584474885844
Eswatini,Eswatini,CongestionShare,2040,Mozambique_South,0.0755707762557077
Eswatini,Eswatini,CongestionShare,2045,Mozambique_South,0.0664383561643835
Eswatini,Eswatini,CongestionShare,2050,Mozambique_South,0.2057077625570776
Eswatini,Eswatini,Interchange,2025,Mozambique_South,3203.441878481048
Eswatini,Eswatini,Interchange,2026,Mozambique_South,3676.636717896597
Eswatini,Eswatini,Interchange,2027,Mozambique_South,4087.2787450425294
Eswatini,Eswatini,Interchange,2028,Mozambique_South,4218.840515742992
Eswatini,Eswatini,Interchange,2029,Mozambique_South,4715.829785196234
Eswatini,Eswatini,Interchange,2030,Mozambique_South,6525.661198850884
Eswatini,Eswatini,Interchange,2031,Mozambique_South,2239.6234129117183
Eswatini,Eswatini,Interchange,2032,Mozambique_South,2471.576629461831
Eswatini,Eswatini,Interchange,2033,Mozambique_South,2801.065730209574
Eswatini,Eswatini,Interchange,2034,Mozambique_South,3675.6391518985342
Eswatini,Eswatini,Interchange,2035,Mozambique_South,2566.81533595312
Eswatini,Eswatini,Interchange,2035,South_Africa,3.970423212971761
Eswatini,Eswatini,Interchange,2040,Mozambique_South,2333.030183910755
Eswatini,Eswatini,Interchange,2045,Mozambique_South,2667.8075204272127
Eswatini,Eswatini,Interchange,2050,Mozambique_South,4656.037046030526
Eswatini,Eswatini,InterconUtilization,2025,Mozambique_South,0.4292132771776653
Eswatini,Eswatini,InterconUtilization,2026,Mozambique_South,0.4926143050325579
Eswatini,Eswatini,InterconUtilization,2027,Mozambique_South,0.5476341920491309
Eswatini,Eswatini,InterconUtilization,2028,Mozambique_South,0.565261500705162
Eswatini,Eswatini,InterconUtilization,2029,Mozambique_South,0.6318506261383683
Eswatini,Eswatini,InterconUtilization,2030,Mozambique_South,0.874340954248248
Eswatini,Eswatini,InterconUtilization,2031,Mozambique_South,0.3000760248397161
Eswatini,Eswatini,InterconUtilization,2032,Mozambique_South,0.3311542850373323
Eswatini,Eswatini,InterconUtilization,2033,Mozambique_South,0.3753008942442137
Eswatini,Eswatini,InterconUtilization,2034,Mozambique_South,0.4924806461158453
Eswatini,Eswatini,InterconUtilization,2035,Mozambique_South,0.343914846607649
Eswatini,Eswatini,InterconUtilization,2035,South_Africa,0.0005319772993134
Eswatini,Eswatini,InterconUtilization,2040,Mozambique_South,0.312591134466144
Eswatini,Eswatini,InterconUtilization,2045,Mozambique_South,0.3574462881357875
Eswatini,Eswatini,InterconUtilization,2050,Mozambique_South,0.6238392937957594
Eswatini,Eswatini,NetImport,2025,Mozambique_South,-3.203441878481048
Eswatini,Eswatini,NetImport,2026,Mozambique_South,-3.6766367178965966
Eswatini,Eswatini,NetImport,2027,Mozambique_South,-4.087278745042529
Eswatini,Eswatini,NetImport,2028,Mozambique_South,-4.218840515742992
Eswatini,Eswatini,NetImport,2029,Mozambique_South,-4.7158297851962345
Eswatini,Eswatini,NetImport,2030,Mozambique_South,-6.525661198850884
Eswatini,Eswatini,NetImport,2031,Mozambique_South,-2.2396234129117185
Eswatini,Eswatini,NetImport,2032,Mozambique_South,-2.471576629461832
Eswatini,Eswatini,NetImport,2033,Mozambique_South,-2.801065730209574
Eswatini,Eswatini,NetImport,2034,Mozambique_South,-3.675639151898536
Eswatini,Eswatini,NetImport,2035,Mozambique_South,-2.56681533595312
Eswatini,Eswatini,NetImport,2035,South_Africa,-0.0039704232129717
Eswatini,Eswatini,NetImport,2040,Mozambique_South,-2.333030183910755
Eswatini,Eswatini,NetImport,2045,Mozambique_South,-2.6678075204272127
Eswatini,Eswatini,NetImport,2050,Mozambique_South,-4.656037046030526
Eswatini,Eswatini,TransmissionCapacity,2025,Mozambique_South,852.0
Eswatini,Eswatini,TransmissionCapacity,2025,South_Africa,1e-08
Eswatini,Eswatini,TransmissionCapacity,2026,Mozambique_South,852.0
Eswatini,Eswatini,TransmissionCapacity,2026,South_Africa,1e-08
Eswatini,Eswatini,TransmissionCapacity,2027,Mozambique_South,852.0
Eswatini,Eswatini,TransmissionCapacity,2027,South_Africa,1e-08
Eswatini,Eswatini,TransmissionCapacity,2028,Mozambique_South,852.0
Eswatini,Eswatini,TransmissionCapacity,2028,South_Africa,1e-08
Eswatini,Eswatini,TransmissionCapacity,2029,Mozambique_South,852.0
Eswatini,Eswatini,TransmissionCapacity,2029,South_Africa,1e-08
Eswatini,Eswatini,TransmissionCapacity,2030,Mozambique_South,852.0
Eswatini,Eswatini,TransmissionCapacity,2030,South_Africa,852.0
Eswatini,Eswatini,TransmissionCapacity,2031,Mozambique_South,852.0
Eswatini,Eswatini,TransmissionCapacity,2031,South_Africa,852.0
Eswatini,Eswatini,TransmissionCapacity,2032,Mozambique_South,852.0
Eswatini,Eswatini,TransmissionCapacity,2032,South_Africa,852.0
Eswatini,Eswatini,TransmissionCapacity,2033,Mozambique_South,852.0
Eswatini,Eswatini,TransmissionCapacity,2033,South_Africa,852.0
Eswatini,Eswatini,TransmissionCapacity,2034,Mozambique_South,852.0
Eswatini,Eswatini,TransmissionCapacity,2034,South_Africa,852.0
Eswatini,Eswatini,TransmissionCapacity,2035,Mozambique_South,852.0
Eswatini,Eswatini,TransmissionCapacity,2035,South_Africa,852.0
Eswatini,Eswatini,TransmissionCapacity,2040,Mozambique_South,852.0
Eswatini,Eswatini,TransmissionCapacity,2040,South_Africa,852.0
Eswatini,Eswatini,TransmissionCapacity,2045,Mozambique_South,852.0
Eswatini,Eswatini,TransmissionCapacity,2045,South_Africa,852.0
Eswatini,Eswatini,TransmissionCapacity,2050,Mozambique_South,852.0
Eswatini,Eswatini,TransmissionCapacity,2050,South_Africa,852.0
Lesotho,Lesotho,CongestionShare,2025,South_Africa,1.0
Lesotho,Lesotho,CongestionShare,2026,South_Africa,1.0
Lesotho,Lesotho,CongestionShare,2027,South_Africa,1.0
Lesotho,Lesotho,CongestionShare,2028,South_Africa,1.0
Lesotho,Lesotho,CongestionShare,2029,South_Africa,1.0
Lesotho,Lesotho,CongestionShare,2040,South_Africa,0.2757990867579908
Lesotho,Lesotho,CongestionShare,2045,South_Africa,0.1944063926940639
Lesotho,Lesotho,CongestionShare,2050,South_Africa,0.5299086757990867
Lesotho,Lesotho,Interchange,2034,South_Africa,0.4430712492794852
Lesotho,Lesotho,Interchange,2040,South_Africa,355.37239540633533
Lesotho,Lesotho,Interchange,2045,South_Africa,330.1210872243337
Lesotho,Lesotho,Interchange,2050,South_Africa,582.9134487874679
Lesotho,Lesotho,InterconUtilization,2034,South_Africa,0.0005161113238275
Lesotho,Lesotho,InterconUtilization,2040,South_Africa,0.4139553576161766
Lesotho,Lesotho,InterconUtilization,2045,South_Africa,0.3845413838695528
Lesotho,Lesotho,InterconUtilization,2050,South_Africa,0.6790064402053256
Lesotho,Lesotho,NetImport,2034,South_Africa,-0.0004430712492794
Lesotho,Lesotho,NetImport,2040,South_Africa,-0.3553723954063353
Lesotho,Lesotho,NetImport,2045,South_Africa,-0.3301210872243337
Lesotho,Lesotho,NetImport,2050,South_Africa,-0.582913448787468
Lesotho,Lesotho,TransmissionCapacity,2025,South_Africa,1e-08
Lesotho,Lesotho,TransmissionCapacity,2026,South_Africa,1e-08
Lesotho,Lesotho,TransmissionCapacity,2027,South_Africa,1e-08
Lesotho,Lesotho,TransmissionCapacity,2028,South_Africa,1e-08
Lesotho,Lesotho,TransmissionCapacity,2029,South_Africa,1e-08
Lesotho,Lesotho,TransmissionCapacity,2030,South_Africa,98.0
Lesotho,Lesotho,TransmissionCapacity,2031,South_Africa,98.0
Lesotho,Lesotho,TransmissionCapacity,2032,South_Africa,98.0
Lesotho,Lesotho,TransmissionCapacity,2033,South_Africa,98.0
Lesotho,Lesotho,TransmissionCapacity,2034,South_Africa,98.0
Lesotho,Lesotho,TransmissionCapacity,2035,South_Africa,98.0
Lesotho,Lesotho,TransmissionCapacity,2040,South_Africa,98.0
Lesotho,Lesotho,TransmissionCapacity,2045,South_Africa,98.0
Lesotho,Lesotho,TransmissionCapacity,2050,South_Africa,98.0
Malawi,Malawi,CongestionShare,2025,Mozambique_Central,1.0
Malawi,Malawi,CongestionShare,2025,Tanzania,1.0
Malawi,Malawi,CongestionShare,2025,Zambia,1.0
Malawi,Malawi,CongestionShare,2026,Tanzania,1.0
Malawi,Malawi,CongestionShare,2026,Zambia,1.0
Malawi,Malawi,CongestionShare,2027,Tanzania,1.0
Malawi,Malawi,CongestionShare,2027,Zambia,1.0
Malawi,Malawi,CongestionShare,2028,Tanzania,1.0
Malawi,Malawi,CongestionShare,2028,Zambia,1.0
Malawi,Malawi,CongestionShare,2029,Tanzania,1.0
Malawi,Malawi,CongestionShare,2029,Zambia,1.0
Malawi,Malawi,CongestionShare,2030,Tanzania,1.0
Malawi,Malawi,CongestionShare,2030,Zambia,0.3462328767123288
Malawi,Malawi,CongestionShare,2031,Tanzania,1.0
Malawi,Malawi,CongestionShare,2031,Zambia,0.2234018264840182
Malawi,Malawi,CongestionShare,2032,Tanzania,1.0
Malawi,Malawi,CongestionShare,2032,Zambia,0.3038812785388128
Malawi,Malawi,CongestionShare,2033,Tanzania,1.0
Malawi,Malawi,CongestionShare,2033,Zambia,1.0
Malawi,Malawi,CongestionShare,2034,Tanzania,1.0
Malawi,Malawi,CongestionShare,2034,Zambia,0.2678082191780822
Malawi,Malawi,CongestionShare,2035,Tanzania,1.0
Malawi,Malawi,CongestionShare,2035,Zambia,0.523972602739726
Malawi,Malawi,CongestionShare,2040,Tanzania,1.0
Malawi,Malawi,CongestionShare,2040,Zambia,0.002283105022831
Malawi,Malawi,CongestionShare,2045,Tanzania,1.0
Malawi,Malawi,CongestionShare,2050,Tanzania,1.0
Malawi,Malawi,Interchange,2030,Zambia,1570.2237126731943
Malawi,Malawi,Interchange,2031,Zambia,1487.4512344662685
Malawi,Malawi,Interchange,2032,Zambia,1873.535152174578
Malawi,Malawi,Interchange,2033,Zambia,3504.0
Malawi,Malawi,Interchange,2034,Zambia,1467.071924743309
Malawi,Malawi,Interchange,2035,Mozambique_Central,20.59647760990932
Malawi,Malawi,Interchange,2035,Zambia,2163.1995823167376
Malawi,Malawi,Interchange,2040,Zambia,181.49676388299707
Malawi,Malawi,InterconUtilization,2030,Zambia,0.4481232056715737
Malawi,Malawi,InterconUtilization,2031,Zambia,0.424500923078273
Malawi,Malawi,InterconUtilization,2032,Zambia,0.5346846895475393
Malawi,Malawi,InterconUtilization,2033,Zambia,1.0
Malawi,Malawi,InterconUtilization,2034,Zambia,0.4186849100294831
Malawi,Malawi,InterconUtilization,2035,Mozambique_Central,0.0039186601236509
Malawi,Malawi,InterconUtilization,2035,Zambia,0.6173514789716716
Malawi,Malawi,InterconUtilization,2040,Zambia,0.0517970216561064
Malawi,Malawi,NetImport,2030,Zambia,-1.5702237126731946
Malawi,Malawi,NetImport,2031,Zambia,-1.4874512344662685
Malawi,Malawi,NetImport,2032,Zambia,-1.873535152174578
Malawi,Malawi,NetImport,2033,Zambia,-3.504
Malawi,Malawi,NetImport,2034,Zambia,-1.467071924743309
Malawi,Malawi,NetImport,2035,Mozambique_Central,-0.0205964776099093
Malawi,Malawi,NetImport,2035,Zambia,-2.1631995823167376
Malawi,Malawi,NetImport,2040,Zambia,-0.181496763882997
Malawi,Malawi,NewTransmissionCapacity,2026,Mozambique_Central,600.0
Malawi,Malawi,NewTransmissionCapacity,2030,Zambia,400.0
Malawi,Malawi,TransmissionCapacity,2026,Mozambique_Central,600.0
Malawi,Malawi,TransmissionCapacity,2027,Mozambique_Central,600.0
Malawi,Malawi,TransmissionCapacity,2028,Mozambique_Central,600.0
Malawi,Malawi,TransmissionCapacity,2029,Mozambique_Central,600.0
Malawi,Malawi,TransmissionCapacity,2030,Mozambique_Central,600.0
Malawi,Malawi,TransmissionCapacity,2030,Zambia,400.0
Malawi,Malawi,TransmissionCapacity,2031,Mozambique_Central,600.0
Malawi,Malawi,TransmissionCapacity,2031,Zambia,400.0
Malawi,Malawi,TransmissionCapacity,2032,Mozambique_Central,600.0
Malawi,Malawi,TransmissionCapacity,2032,Zambia,400.0
Malawi,Malawi,TransmissionCapacity,2033,Mozambique_Central,600.0
Malawi,Malawi,TransmissionCapacity,2033,Zambia,400.0
Malawi,Malawi,TransmissionCapacity,2034,Mozambique_Central,600.0
Malawi,Malawi,TransmissionCapacity,2034,Zambia,400.0
Malawi,Malawi,TransmissionCapacity,2035,Mozambique_Central,600.0
Malawi,Malawi,TransmissionCapacity,2035,Zambia,400.0
Malawi,Malawi,TransmissionCapacity,2040,Mozambique_Central,600.0
Malawi,Malawi,TransmissionCapacity,2040,Zambia,400.0
Malawi,Malawi,TransmissionCapacity,2045,Mozambique_Central,600.0
Malawi,Malawi,TransmissionCapacity,2045,Zambia,400.0
Malawi,Malawi,TransmissionCapacity,2050,Mozambique_Central,600.0
Malawi,Malawi,TransmissionCapacity,2050,Zambia,400.0
Mozambique,Mozal,CongestionShare,2025,Mozambique_South,1.0
Mozambique,Mozal,CongestionShare,2025,South_Africa,1.0
Mozambique,Mozal,CongestionShare,2026,Mozambique_South,1.0
Mozambique,Mozal,CongestionShare,2026,South_Africa,1.0
Mozambique,Mozal,CongestionShare,2027,Mozambique_South,1.0
Mozambique,Mozal,CongestionShare,2027,South_Africa,1.0
Mozambique,Mozal,CongestionShare,2028,Mozambique_South,1.0
Mozambique,Mozal,CongestionShare,2028,South_Africa,1.0
Mozambique,Mozal,CongestionShare,2029,Mozambique_South,1.0
Mozambique,Mozal,CongestionShare,2029,South_Africa,1.0
Mozambique,Mozal,CongestionShare,2030,Mozambique_South,1.0
Mozambique,Mozal,CongestionShare,2030,South_Africa,1.0
Mozambique,Mozal,CongestionShare,2031,Mozambique_South,1.0
Mozambique,Mozal,CongestionShare,2031,South_Africa,1.0
Mozambique,Mozal,CongestionShare,2032,Mozambique_South,1.0
Mozambique,Mozal,CongestionShare,2032,South_Africa,1.0
Mozambique,Mozal,CongestionShare,2033,Mozambique_South,1.0
Mozambique,Mozal,CongestionShare,2033,South_Africa,1.0
Mozambique,Mozal,CongestionShare,2034,Mozambique_South,1.0
Mozambique,Mozal,CongestionShare,2034,South_Africa,1.0
Mozambique,Mozal,CongestionShare,2035,Mozambique_South,1.0
Mozambique,Mozal,CongestionShare,2035,South_Africa,1.0
Mozambique,Mozal,CongestionShare,2040,Mozambique_South,1.0
Mozambique,Mozal,CongestionShare,2040,South_Africa,1.0
Mozambique,Mozal,CongestionShare,2045,Mozambique_South,1.0
Mozambique,Mozal,CongestionShare,2045,South_Africa,1.0
Mozambique,Mozal,CongestionShare,2050,Mozambique_South,1.0
Mozambique,Mozal,CongestionShare,2050,South_Africa,1.0
Mozambique,Mozal,Interchange,2025,Mozambique_South,7.450000000000001e-08
Mozambique,Mozal,Interchange,2025,South_Africa,4.157e-08
Mozambique,Mozal,Interchange,2026,Mozambique_South,8.222000000000003e-08
Mozambique,Mozal,Interchange,2026,South_Africa,3.6789999999999954e-08
Mozambique,Mozal,Interchange,2027,Mozambique_South,7.496862982703854e-08
Mozambique,Mozal,Interchange,2027,South_Africa,-7.499662177903274e-08
Mozambique,Mozal,Interchange,2028,Mozambique_South,7.87932020120014e-08
Mozambique,Mozal,Interchange,2028,South_Africa,-8.10351979879986e-08
Mozambique,Mozal,Interchange,2029,Mozambique_South,8.199999999999999e-08
Mozambique,Mozal,Interchange,2029,South_Africa,-8.287093699258733e-08
Mozambique,Mozal,Interchange,2030,Mozambique_South,8.199999999999999e-08
Mozambique,Mozal,Interchange,2030,South_Africa,-8.521314355806563e-08
Mozambique,Mozal,Interchange,2031,Mozambique_South,8.199999999999999e-08
Mozambique,Mozal,Interchange,2031,South_Africa,-8.525539971761385e-08
Mozambique,Mozal,Interchange,2032,Mozambique_South,8.199999999999999e-08
Mozambique,Mozal,Interchange,2032,South_Africa,-8.6456e-08
Mozambique,Mozal,Interchange,2033,Mozambique_South,8.199999999999999e-08
Mozambique,Mozal,Interchange,2033,South_Africa,-8.6456e-08
Mozambique,Mozal,Interchange,2034,Mozambique_South,8.760000000000004e-08
Mozambique,Mozal,Interchange,2034,South_Africa,-9.75999999999999e-08
Mozambique,Mozal,Interchange,2035,Mozambique_South,7.744277031415462e-08
Mozambique,Mozal,Interchange,2035,South_Africa,-8.691902742675606e-08
Mozambique,Mozal,Interchange,2040,Mozambique_South,5.4895349805859554e-08
Mozambique,Mozal,Interchange,2040,South_Africa,-5.425887010236489e-08
Mozambique,Mozal,Interchange,2045,Mozambique_South,7.207456007765637e-08
Mozambique,Mozal,Interchange,2045,South_Africa,-6.86840752206141e-08
Mozambique,Mozal,Interchange,2050,Mozambique_South,7.791168136251325e-08
Mozambique,Mozal,Interchange,2050,South_Africa,-6.75684092128485e-08
Mozambique,Mozal,InterconUtilization,2025,Mozambique_South,0.8504566210045659
Mozambique,Mozal,InterconUtilization,2025,South_Africa,0.4745433789954335
Mozambique,Mozal,InterconUtilization,2026,Mozambique_South,0.9385844748858448
Mozambique,Mozal,InterconUtilization,2026,South_Africa,0.4199771689497709
Mozambique,Mozal,InterconUtilization,2027,Mozambique_South,0.8558062765643665
Mozambique,Mozal,InterconUtilization,2027,South_Africa,-0.8561258193953506
Mozambique,Mozal,InterconUtilization,2028,Mozambique_South,0.8994657763927095
Mozambique,Mozal,InterconUtilization,2028,South_Africa,-0.9250593377625403
Mozambique,Mozal,InterconUtilization,2029,Mozambique_South,0.9360730593607298
Mozambique,Mozal,InterconUtilization,2029,South_Africa,-0.9460152624724576
Mozambique,Mozal,InterconUtilization,2030,Mozambique_South,0.9360730593607298
Mozambique,Mozal,InterconUtilization,2030,South_Africa,-0.9727527803432146
Mozambique,Mozal,InterconUtilization,2031,Mozambique_South,0.9360730593607298
Mozambique,Mozal,InterconUtilization,2031,South_Africa,-0.9732351565937646
Mozambique,Mozal,InterconUtilization,2032,Mozambique_South,0.9360730593607298
Mozambique,Mozal,InterconUtilization,2032,South_Africa,-0.9869406392694056
Mozambique,Mozal,InterconUtilization,2033,Mozambique_South,0.9360730593607298
Mozambique,Mozal,InterconUtilization,2033,South_Africa,-0.9869406392694056
Mozambique,Mozal,InterconUtilization,2034,Mozambique_South,1.0
Mozambique,Mozal,InterconUtilization,2034,South_Africa,-1.1141552511415505
Mozambique,Mozal,InterconUtilization,2035,Mozambique_South,0.8840498894309883
Mozambique,Mozal,InterconUtilization,2035,South_Africa,-0.9922263404880824
Mozambique,Mozal,InterconUtilization,2040,Mozambique_South,0.6266592443591269
Mozambique,Mozal,InterconUtilization,2040,South_Africa,-0.6193934943192336
Mozambique,Mozal,InterconUtilization,2045,Mozambique_South,0.8227689506581771
Mozambique,Mozal,InterconUtilization,2045,South_Africa,-0.7840647856234482
Mozambique,Mozal,InterconUtilization,2050,Mozambique_South,0.889402755279831
Mozambique,Mozal,InterconUtilization,2050,South_Africa,-0.7713288722927906
Mozambique,Mozal,NetImport,2025,Mozambique_South,-7.45e-11
Mozambique,Mozal,NetImport,2025,South_Africa,-4.1569999999999985e-11
Mozambique,Mozal,NetImport,2026,Mozambique_South,-8.222000000000003e-11
Mozambique,Mozal,NetImport,2026,South_Africa,-3.678999999999996e-11
Mozambique,Mozal,NetImport,2027,Mozambique_South,-7.496862982703855e-11
Mozambique,Mozal,NetImport,2027,South_Africa,7.499662177903274e-11
Mozambique,Mozal,NetImport,2028,Mozambique_South,-7.879320201200139e-11
Mozambique,Mozal,NetImport,2028,South_Africa,8.103519798799857e-11
Mozambique,Mozal,NetImport,2029,Mozambique_South,-8.199999999999998e-11
Mozambique,Mozal,NetImport,2029,South_Africa,8.287093699258734e-11
Mozambique,Mozal,NetImport,2030,Mozambique_South,-8.199999999999998e-11
Mozambique,Mozal,NetImport,2030,South_Africa,8.521314355806563e-11
Mozambique,Mozal,NetImport,2031,Mozambique_South,-8.199999999999998e-11
Mozambique,Mozal,NetImport,2031,South_Africa,8.525539971761383e-11
Mozambique,Mozal,NetImport,2032,Mozambique_South,-8.199999999999998e-11
Mozambique,Mozal,NetImport,2032,South_Africa,8.645599999999997e-11
Mozambique,Mozal,NetImport,2033,Mozambique_South,-8.199999999999998e-11
Mozambique,Mozal,NetImport,2033,South_Africa,8.645599999999997e-11
Mozambique,Mozal,NetImport,2034,Mozambique_South,-8.760000000000004e-11
Mozambique,Mozal,NetImport,2034,South_Africa,9.759999999999987e-11
Mozambique,Mozal,NetImport,2035,Mozambique_South,-7.744277031415459e-11
Mozambique,Mozal,NetImport,2035,South_Africa,8.691902742675606e-11
Mozambique,Mozal,NetImport,2040,Mozambique_South,-5.489534980585954e-11
Mozambique,Mozal,NetImport,2040,South_Africa,5.4258870102364896e-11
Mozambique,Mozal,NetImport,2045,Mozambique_South,-7.207456007765635e-11
Mozambique,Mozal,NetImport,2045,South_Africa,6.868407522061409e-11
Mozambique,Mozal,NetImport,2050,Mozambique_South,-7.791168136251322e-11
Mozambique,Mozal,NetImport,2050,South_Africa,6.756840921284847e-11
Mozambique,Mozal,TransmissionCapacity,2025,Mozambique_South,1e-08
Mozambique,Mozal,TransmissionCapacity,2025,South_Africa,1e-08
Mozambique,Mozal,TransmissionCapacity,2026,Mozambique_South,1e-08
Mozambique,Mozal,TransmissionCapacity,2026,South_Africa,1e-08
Mozambique,Mozal,TransmissionCapacity,2027,Mozambique_South,1e-08
Mozambique,Mozal,TransmissionCapacity,2027,South_Africa,1e-08
Mozambique,Mozal,TransmissionCapacity,2028,Mozambique_South,1e-08
Mozambique,Mozal,TransmissionCapacity,2028,South_Africa,1e-08
Mozambique,Mozal,TransmissionCapacity,2029,Mozambique_South,1e-08
Mozambique,Mozal,TransmissionCapacity,2029,South_Africa,1e-08
Mozambique,Mozal,TransmissionCapacity,2030,Mozambique_South,1e-08
Mozambique,Mozal,TransmissionCapacity,2030,South_Africa,1e-08
Mozambique,Mozal,TransmissionCapacity,2031,Mozambique_South,1e-08
Mozambique,Mozal,TransmissionCapacity,2031,South_Africa,1e-08
Mozambique,Mozal,TransmissionCapacity,2032,Mozambique_South,1e-08
Mozambique,Mozal,TransmissionCapacity,2032,South_Africa,1e-08
Mozambique,Mozal,TransmissionCapacity,2033,Mozambique_South,1e-08
Mozambique,Mozal,TransmissionCapacity,2033,South_Africa,1e-08
Mozambique,Mozal,TransmissionCapacity,2034,Mozambique_South,1e-08
Mozambique,Mozal,TransmissionCapacity,2034,South_Africa,1e-08
Mozambique,Mozal,TransmissionCapacity,2035,Mozambique_South,1e-08
Mozambique,Mozal,TransmissionCapacity,2035,South_Africa,1e-08
Mozambique,Mozal,TransmissionCapacity,2040,Mozambique_South,1e-08
Mozambique,Mozal,TransmissionCapacity,2040,South_Africa,1e-08
Mozambique,Mozal,TransmissionCapacity,2045,Mozambique_South,1e-08
Mozambique,Mozal,TransmissionCapacity,2045,South_Africa,1e-08
Mozambique,Mozal,TransmissionCapacity,2050,Mozambique_South,1e-08
Mozambique,Mozal,TransmissionCapacity,2050,South_Africa,1e-08
Mozambique,Mozambique_Central,CongestionShare,2025,Malawi,1.0
Mozambique,Mozambique_Central,CongestionShare,2025,Mozambique_North,1.0
Mozambique,Mozambique_Central,CongestionShare,2025,Mozambique_South,1.0
Mozambique,Mozambique_Central,CongestionShare,2025,Zambia,1.0
Mozambique,Mozambique_Central,CongestionShare,2025,Zimbabwe_East,0.1737442922374429
Mozambique,Mozambique_Central,CongestionShare,2026,Mozambique_North,1.0
Mozambique,Mozambique_Central,CongestionShare,2026,Mozambique_South,1.0
Mozambique,Mozambique_Central,CongestionShare,2026,Zambia,1.0
Mozambique,Mozambique_Central,CongestionShare,2026,Zimbabwe_East,0.0702054794520548
Mozambique,Mozambique_Central,CongestionShare,2027,Mozambique_North,1.0
Mozambique,Mozambique_Central,CongestionShare,2027,Mozambique_South,1.0
Mozambique,Mozambique_Central,CongestionShare,2027,Zambia,1.0
Mozambique,Mozambique_Central,CongestionShare,2027,Zimbabwe_East,0.1900684931506849
Mozambique,Mozambique_Central,CongestionShare,2028,Mozambique_North,1.0
Mozambique,Mozambique_Central,CongestionShare,2028,Mozambique_South,1.0
Mozambique,Mozambique_Central,CongestionShare,2028,Zambia,1.0
Mozambique,Mozambique_Central,CongestionShare,2028,Zimbabwe_East,0.2257990867579908
Mozambique,Mozambique_Central,CongestionShare,2029,Mozambique_North,1.0
Mozambique,Mozambique_Central,CongestionShare,2029,Mozambique_South,1.0
Mozambique,Mozambique_Central,CongestionShare,2029,Zambia,1.0
Mozambique,Mozambique_Central,CongestionShare,2029,Zimbabwe_East,0.1417808219178082
Mozambique,Mozambique_Central,CongestionShare,2030,Malawi,0.0938356164383561
Mozambique,Mozambique_Central,CongestionShare,2030,Mozambique_North,1.0
Mozambique,Mozambique_Central,CongestionShare,2030,Zambia,1.0
Mozambique,Mozambique_Central,CongestionShare,2030,Zimbabwe_East,0.6828767123287671
Mozambique,Mozambique_Central,CongestionShare,2031,Malawi,0.2383561643835616
Mozambique,Mozambique_Central,CongestionShare,2031,Mozambique_North,1.0
Mozambique,Mozambique_Central,CongestionShare,2031,Mozambique_South,0.8992009132420091
Mozambique,Mozambique_Central,CongestionShare,2031,Zambia,1.0
Mozambique,Mozambique_Central,CongestionShare,2031,Zimbabwe_East,0.0045662100456621
Mozambique,Mozambique_Central,CongestionShare,2032,Malawi,0.3199771689497717
Mozambique,Mozambique_Central,CongestionShare,2032,Mozambique_North,1.0
Mozambique,Mozambique_Central,CongestionShare,2032,Mozambique_South,0.8969178082191781
Mozambique,Mozambique_Central,CongestionShare,2032,Zambia,1.0
Mozambique,Mozambique_Central,CongestionShare,2032,Zimbabwe_East,0.1688356164383561
Mozambique,Mozambique_Central,CongestionShare,2033,Malawi,0.3184931506849315
Mozambique,Mozambique_Central,CongestionShare,2033,Mozambique_North,1.0
Mozambique,Mozambique_Central,CongestionShare,2033,Mozambique_South,0.984703196347032
Mozambique,Mozambique_Central,CongestionShare,2033,South_Africa,0.7017123287671233
Mozambique,Mozambique_Central,CongestionShare,2033,Zambia,1.0
Mozambique,Mozambique_Central,CongestionShare,2033,Zimbabwe_East,0.0455479452054794
Mozambique,Mozambique_Central,CongestionShare,2034,Malawi,0.2058219178082191
Mozambique,Mozambique_Central,CongestionShare,2034,Mozambique_North,0.1465753424657534
Mozambique,Mozambique_Central,CongestionShare,2034,Mozambique_South,0.778310502283105
Mozambique,Mozambique_Central,CongestionShare,2034,South_Africa,0.1689497716894977
Mozambique,Mozambique_Central,CongestionShare,2034,Zambia,1.0
Mozambique,Mozambique_Central,CongestionShare,2035,Malawi,0.3541095890410959
Mozambique,Mozambique_Central,CongestionShare,2035,Mozambique_North,0.1051369863013698
Mozambique,Mozambique_Central,CongestionShare,2035,Mozambique_South,0.5178082191780822
Mozambique,Mozambique_Central,CongestionShare,2035,South_Africa,0.2787671232876712
Mozambique,Mozambique_Central,CongestionShare,2035,Zambia,0.5122146118721461
Mozambique,Mozambique_Central,CongestionShare,2035,Zimbabwe_East,0.0732876712328767
Mozambique,Mozambique_Central,CongestionShare,2040,Malawi,0.4200913242009132
Mozambique,Mozambique_Central,CongestionShare,2040,Mozambique_North,0.3098173515981735
Mozambique,Mozambique_Central,CongestionShare,2040,Mozambique_South,0.6495433789954338
Mozambique,Mozambique_Central,CongestionShare,2040,South_Africa,0.4571917808219178
Mozambique,Mozambique_Central,CongestionShare,2040,Zambia,0.4813926940639269
Mozambique,Mozambique_Central,CongestionShare,2045,Malawi,0.0681506849315068
Mozambique,Mozambique_Central,CongestionShare,2045,Mozambique_North,0.347945205479452
Mozambique,Mozambique_Central,CongestionShare,2045,Mozambique_South,0.8211187214611873
Mozambique,Mozambique_Central,CongestionShare,2045,South_Africa,0.4737442922374429
Mozambique,Mozambique_Central,CongestionShare,2045,Zambia,0.8331050228310503
Mozambique,Mozambique_Central,CongestionShare,2050,Malawi,0.6676940639269406
Mozambique,Mozambique_Central,CongestionShare,2050,Mozambique_North,0.3672374429223744
Mozambique,Mozambique_Central,CongestionShare,2050,Mozambique_South,0.6077625570776256
Mozambique,Mozambique_Central,CongestionShare,2050,South_Africa,0.3684931506849315
Mozambique,Mozambique_Central,CongestionShare,2050,Zambia,0.73162100456621
Mozambique,Mozambique_Central,Interchange,2025,South_Africa,10773.826440913335
Mozambique,Mozambique_Central,Interchange,2025,Zimbabwe_East,2931.561614107865
Mozambique,Mozambique_Central,Interchange,2026,Malawi,1174.500000000001
Mozambique,Mozambique_Central,Interchange,2026,South_Africa,10120.356923400364
Mozambique,Mozambique_Central,Interchange,2026,Zimbabwe_East,2155.36568864203
Mozambique,Mozambique_Central,Interchange,2027,Malawi,1228.5000000000014
Mozambique,Mozambique_Central,Interchange,2027,South_Africa,10074.0
Mozambique,Mozambique_Central,Interchange,2027,Zimbabwe_East,1970.703628937404
Mozambique,Mozambique_Central,Interchange,2028,Malawi,1358.4000000000017
Mozambique,Mozambique_Central,Interchange,2028,South_Africa,10074.0
Mozambique,Mozambique_Central,Interchange,2028,Zimbabwe_East,1767.1267950840902
Mozambique,Mozambique_Central,Interchange,2029,Malawi,1448.4000000000003
Mozambique,Mozambique_Central,Interchange,2029,South_Africa,10074.0
Mozambique,Mozambique_Central,Interchange,2029,Zimbabwe_East,1479.3947670840894
Mozambique,Mozambique_Central,Interchange,2030,Malawi,3130.823712673198
Mozambique,Mozambique_Central,Interchange,2030,South_Africa,10074.0
Mozambique,Mozambique_Central,Interchange,2030,Zimbabwe_East,3401.698515543059
Mozambique,Mozambique_Central,Interchange,2031,Malawi,3158.451234466272
Mozambique,Mozambique_Central,Interchange,2031,Mozambique_South,4059.386995416389
Mozambique,Mozambique_Central,Interchange,2031,South_Africa,3820.0393784590447
Mozambique,Mozambique_Central,Interchange,2031,Zimbabwe_East,1853.2398616582848
Mozambique,Mozambique_Central,Interchange,2032,Malawi,3673.535152174575
Mozambique,Mozambique_Central,Interchange,2032,Mozambique_South,4000.2953849897904
Mozambique,Mozambique_Central,Interchange,2032,South_Africa,2964.4512633306776
Mozambique,Mozambique_Central,Interchange,2032,Zimbabwe_East,2287.279858244205
Mozambique,Mozambique_Central,Interchange,2033,Malawi,3101.830139042926
Mozambique,Mozambique_Central,Interchange,2033,Mozambique_South,4104.0028880223335
Mozambique,Mozambique_Central,Interchange,2033,South_Africa,12972.07192217896
Mozambique,Mozambique_Central,Interchange,2033,Zimbabwe_East,1234.7395629107011
Mozambique,Mozambique_Central,Interchange,2034,Malawi,1231.0819235847202
Mozambique,Mozambique_Central,Interchange,2034,Mozambique_North,1953.886527352844
Mozambique,Mozambique_Central,Interchange,2034,Mozambique_South,3416.6136659857343
Mozambique,Mozambique_Central,Interchange,2034,South_Africa,7182.171786841462
Mozambique,Mozambique_Central,Interchange,2034,Zambia,7008.0
Mozambique,Mozambique_Central,Interchange,2034,Zimbabwe_East,833.2011889956467
Mozambique,Mozambique_Central,Interchange,2035,Malawi,2399.8086526267925
Mozambique,Mozambique_Central,Interchange,2035,Mozambique_North,1550.7080042960893
Mozambique,Mozambique_Central,Interchange,2035,Mozambique_South,5086.7536515800975
Mozambique,Mozambique_Central,Interchange,2035,South_Africa,7073.485124739352
Mozambique,Mozambique_Central,Interchange,2035,Zambia,3985.553403169431
Mozambique,Mozambique_Central,Interchange,2035,Zimbabwe_East,1678.7605645006645
Mozambique,Mozambique_Central,Interchange,2040,Malawi,2876.3872765609854
Mozambique,Mozambique_Central,Interchange,2040,Mozambique_North,2817.7189994792066
Mozambique,Mozambique_Central,Interchange,2040,Mozambique_South,5715.62714161864
Mozambique,Mozambique_Central,Interchange,2040,South_Africa,8403.054176367905
Mozambique,Mozambique_Central,Interchange,2040,Zambia,4023.90776336862
Mozambique,Mozambique_Central,Interchange,2045,Malawi,1330.2825042112895
Mozambique,Mozambique_Central,Interchange,2045,Mozambique_North,3507.3703477629406
Mozambique,Mozambique_Central,Interchange,2045,Mozambique_South,6446.845733170648
Mozambique,Mozambique_Central,Interchange,2045,South_Africa,9571.816058312055
Mozambique,Mozambique_Central,Interchange,2045,Zambia,6507.649229862989
Mozambique,Mozambique_Central,Interchange,2050,Malawi,3725.332164000002
Mozambique,Mozambique_Central,Interchange,2050,Mozambique_North,4113.519564136034
Mozambique,Mozambique_Central,Interchange,2050,Mozambique_South,6345.639352070713
Mozambique,Mozambique_Central,Interchange,2050,South_Africa,6562.8691922882
Mozambique,Mozambique_Central,Interchange,2050,Zambia,5910.96651857316
Mozambique,Mozambique_Central,InterconUtilization,2025,South_Africa,0.6405671162072711
Mozambique,Mozambique_Central,InterconUtilization,2025,Zimbabwe_East,0.7403830802995982
Mozambique,Mozambique_Central,InterconUtilization,2026,Malawi,0.2234589041095891
Mozambique,Mozambique_Central,InterconUtilization,2026,South_Africa,0.601714524079645
Mozambique,Mozambique_Central,InterconUtilization,2026,Zimbabwe_East,0.5443502466566731
Mozambique,Mozambique_Central,InterconUtilization,2027,Malawi,0.233732876712329
Mozambique,Mozambique_Central,InterconUtilization,2027,South_Africa,0.5989583333333334
Mozambique,Mozambique_Central,InterconUtilization,2027,Zimbabwe_East,0.4977127603692881
Mozambique,Mozambique_Central,InterconUtilization,2028,Malawi,0.2584474885844752
Mozambique,Mozambique_Central,InterconUtilization,2028,South_Africa,0.5989583333333334
Mozambique,Mozambique_Central,InterconUtilization,2028,Zimbabwe_East,0.4462982369287414
Mozambique,Mozambique_Central,InterconUtilization,2029,Malawi,0.2755707762557078
Mozambique,Mozambique_Central,InterconUtilization,2029,South_Africa,0.5989583333333334
Mozambique,Mozambique_Central,InterconUtilization,2029,Zimbabwe_East,0.3736298256061566
Mozambique,Mozambique_Central,InterconUtilization,2030,Malawi,0.595666612000228
Mozambique,Mozambique_Central,InterconUtilization,2030,South_Africa,0.5989583333333334
Mozambique,Mozambique_Central,InterconUtilization,2030,Zimbabwe_East,0.8591189122780183
Mozambique,Mozambique_Central,InterconUtilization,2031,Malawi,0.6009229898147397
Mozambique,Mozambique_Central,InterconUtilization,2031,Mozambique_South,0.9885593203786984
Mozambique,Mozambique_Central,InterconUtilization,2031,South_Africa,0.2271237263638606
Mozambique,Mozambique_Central,InterconUtilization,2031,Zimbabwe_East,0.4680465969759681
Mozambique,Mozambique_Central,InterconUtilization,2032,Malawi,0.6989222131230166
Mozambique,Mozambique_Central,InterconUtilization,2032,Mozambique_South,0.9741690781304572
Mozambique,Mozambique_Central,InterconUtilization,2032,South_Africa,0.1762539991991698
Mozambique,Mozambique_Central,InterconUtilization,2032,Zimbabwe_East,0.5776659439134554
Mozambique,Mozambique_Central,InterconUtilization,2033,Malawi,0.5901503308681366
Mozambique,Mozambique_Central,InterconUtilization,2033,Mozambique_South,0.9994243737777516
Mozambique,Mozambique_Central,InterconUtilization,2033,South_Africa,0.771265691720115
Mozambique,Mozambique_Central,InterconUtilization,2033,Zimbabwe_East,0.311840718801951
Mozambique,Mozambique_Central,InterconUtilization,2034,Malawi,0.2342241102710655
Mozambique,Mozambique_Central,InterconUtilization,2034,Mozambique_North,0.3844729780400742
Mozambique,Mozambique_Central,InterconUtilization,2034,Mozambique_South,0.8320284041548945
Mozambique,Mozambique_Central,InterconUtilization,2034,South_Africa,0.4270222000357604
Mozambique,Mozambique_Central,InterconUtilization,2034,Zambia,1.0
Mozambique,Mozambique_Central,InterconUtilization,2034,Zimbabwe_East,0.2104298473036243
Mozambique,Mozambique_Central,InterconUtilization,2035,Malawi,0.4565845990538037
Mozambique,Mozambique_Central,InterconUtilization,2035,Mozambique_North,0.305138152157713
Mozambique,Mozambique_Central,InterconUtilization,2035,Mozambique_South,0.7258495507391691
Mozambique,Mozambique_Central,InterconUtilization,2035,South_Africa,0.4205601410732586
Mozambique,Mozambique_Central,InterconUtilization,2035,Zambia,0.5687148120960945
Mozambique,Mozambique_Central,InterconUtilization,2035,Zimbabwe_East,0.4239808270953713
Mozambique,Mozambique_Central,InterconUtilization,2040,Malawi,0.547257853226976
Mozambique,Mozambique_Central,InterconUtilization,2040,Mozambique_North,0.554452267234572
Mozambique,Mozambique_Central,InterconUtilization,2040,Mozambique_South,0.8155860647286872
Mozambique,Mozambique_Central,InterconUtilization,2040,South_Africa,0.4996108124267447
Mozambique,Mozambique_Central,InterconUtilization,2040,Zambia,0.5741877516222346
Mozambique,Mozambique_Central,InterconUtilization,2045,Malawi,0.2530978889290886
Mozambique,Mozambique_Central,InterconUtilization,2045,Mozambique_North,0.5004809286191411
Mozambique,Mozambique_Central,InterconUtilization,2045,Mozambique_South,0.919926617176177
Mozambique,Mozambique_Central,InterconUtilization,2045,South_Africa,0.569100555217374
Mozambique,Mozambique_Central,InterconUtilization,2045,Zambia,0.9286029152201754
Mozambique,Mozambique_Central,InterconUtilization,2050,Malawi,0.7087770479452059
Mozambique,Mozambique_Central,InterconUtilization,2050,Mozambique_North,0.5869748236495482
Mozambique,Mozambique_Central,InterconUtilization,2050,Mozambique_South,0.9054850673616884
Mozambique,Mozambique_Central,InterconUtilization,2050,South_Africa,0.3902010316952173
Mozambique,Mozambique_Central,InterconUtilization,2050,Zambia,0.8434598342712842
Mozambique,Mozambique_Central,NetImport,2025,South_Africa,-10.773826440913336
Mozambique,Mozambique_Central,NetImport,2025,Zimbabwe_East,-2.931561614107865
Mozambique,Mozambique_Central,NetImport,2026,Malawi,-1.1745000000000008
Mozambique,Mozambique_Central,NetImport,2026,South_Africa,-10.120356923400363
Mozambique,Mozambique_Central,NetImport,2026,Zimbabwe_East,-2.15536568864203
Mozambique,Mozambique_Central,NetImport,2027,Malawi,-1.2285000000000017
Mozambique,Mozambique_Central,NetImport,2027,South_Africa,-10.074
Mozambique,Mozambique_Central,NetImport,2027,Zimbabwe_East,-1.970703628937404
Mozambique,Mozambique_Central,NetImport,2028,Malawi,-1.3584000000000016
Mozambique,Mozambique_Central,NetImport,2028,South_Africa,-10.074
Mozambique,Mozambique_Central,NetImport,2028,Zimbabwe_East,-1.7671267950840903
Mozambique,Mozambique_Central,NetImport,2029,Malawi,-1.4484000000000004
Mozambique,Mozambique_Central,NetImport,2029,South_Africa,-10.074
Mozambique,Mozambique_Central,NetImport,2029,Zimbabwe_East,-1.4793947670840897
Mozambique,Mozambique_Central,NetImport,2030,Malawi,-3.130823712673198
Mozambique,Mozambique_Central,NetImport,2030,South_Africa,-10.074
Mozambique,Mozambique_Central,NetImport,2030,Zimbabwe_East,-3.401698515543059
Mozambique,Mozambique_Central,NetImport,2031,Malawi,-3.158451234466272
Mozambique,Mozambique_Central,NetImport,2031,Mozambique_South,-4.059386995416389
Mozambique,Mozambique_Central,NetImport,2031,South_Africa,-3.820039378459045
Mozambique,Mozambique_Central,NetImport,2031,Zimbabwe_East,-1.8532398616582848
Mozambique,Mozambique_Central,NetImport,2032,Malawi,-3.673535152174576
Mozambique,Mozambique_Central,NetImport,2032,Mozambique_South,-4.000295384989791
Mozambique,Mozambique_Central,NetImport,2032,South_Africa,-2.9644512633306777
Mozambique,Mozambique_Central,NetImport,2032,Zimbabwe_East,-2.2872798582442053
Mozambique,Mozambique_Central,NetImport,2033,Malawi,-3.101830139042926
Mozambique,Mozambique_Central,NetImport,2033,Mozambique_South,-4.104002888022333
Mozambique,Mozambique_Central,NetImport,2033,South_Africa,-12.97207192217896
Mozambique,Mozambique_Central,NetImport,2033,Zimbabwe_East,-1.2347395629107012
Mozambique,Mozambique_Central,NetImport,2034,Malawi,-1.2310819235847204
Mozambique,Mozambique_Central,NetImport,2034,Mozambique_North,-1.953886527352844
Mozambique,Mozambique_Central,NetImport,2034,Mozambique_South,-3.4166136659857345
Mozambique,Mozambique_Central,NetImport,2034,South_Africa,-7.182171786841462
Mozambique,Mozambique_Central,NetImport,2034,Zambia,-7.008
Mozambique,Mozambique_Central,NetImport,2034,Zimbabwe_East,-0.8332011889956468
Mozambique,Mozambique_Central,NetImport,2035,Malawi,-2.3998086526267928
Mozambique,Mozambique_Central,NetImport,2035,Mozambique_North,-1.5507080042960892
Mozambique,Mozambique_Central,NetImport,2035,Mozambique_South,-5.086753651580097
Mozambique,Mozambique_Central,NetImport,2035,South_Africa,-7.073485124739352
Mozambique,Mozambique_Central,NetImport,2035,Zambia,-3.985553403169431
Mozambique,Mozambique_Central,NetImport,2035,Zimbabwe_East,-1.6787605645006645
Mozambique,Mozambique_Central,NetImport,2040,Malawi,-2.876387276560985
Mozambique,Mozambique_Central,NetImport,2040,Mozambique_North,-2.8177189994792067
Mozambique,Mozambique_Central,NetImport,2040,Mozambique_South,-5.71562714161864
Mozambique,Mozambique_Central,NetImport,2040,South_Africa,-8.403054176367904
Mozambique,Mozambique_Central,NetImport,2040,Zambia,-4.02390776336862
Mozambique,Mozambique_Central,NetImport,2045,Malawi,-1.3302825042112896
Mozambique,Mozambique_Central,NetImport,2045,Mozambique_North,-3.5073703477629405
Mozambique,Mozambique_Central,NetImport,2045,Mozambique_South,-6.446845733170648
Mozambique,Mozambique_Central,NetImport,2045,South_Africa,-9.571816058312058
Mozambique,Mozambique_Central,NetImport,2045,Zambia,-6.507649229862989
Mozambique,Mozambique_Central,NetImport,2050,Malawi,-3.7253321640000014
Mozambique,Mozambique_Central,NetImport,2050,Mozambique_North,-4.113519564136034
Mozambique,Mozambique_Central,NetImport,2050,Mozambique_South,-6.345639352070713
Mozambique,Mozambique_Central,NetImport,2050,South_Africa,-6.5628691922882
Mozambique,Mozambique_Central,NetImport,2050,Zambia,-5.910966518573161
Mozambique,Mozambique_Central,NewTransmissionCapacity,2026,Malawi,600.0
Mozambique,Mozambique_Central,NewTransmissionCapacity,2030,Mozambique_South,468.76331282273566
Mozambique,Mozambique_Central,NewTransmissionCapacity,2034,Mozambique_North,580.1354580732357
Mozambique,Mozambique_Central,NewTransmissionCapacity,2034,Zambia,800.0
Mozambique,Mozambique_Central,NewTransmissionCapacity,2035,Mozambique_South,331.23668717726434
Mozambique,Mozambique_Central,NewTransmissionCapacity,2040,Zimbabwe_East,176.7828576437909
Mozambique,Mozambique_Central,NewTransmissionCapacity,2045,Mozambique_North,219.86454192676428
Mozambique,Mozambique_Central,NewTransmissionCapacity,2045,Zimbabwe_East,423.2171423562091
Mozambique,Mozambique_Central,TransmissionCapacity,2025,South_Africa,1920.0
Mozambique,Mozambique_Central,TransmissionCapacity,2025,Zimbabwe_East,452.0
Mozambique,Mozambique_Central,TransmissionCapacity,2026,Malawi,600.0
Mozambique,Mozambique_Central,TransmissionCapacity,2026,South_Africa,1920.0
Mozambique,Mozambique_Central,TransmissionCapacity,2026,Zimbabwe_East,452.0
Mozambique,Mozambique_Central,TransmissionCapacity,2027,Malawi,600.0
Mozambique,Mozambique_Central,TransmissionCapacity,2027,South_Africa,1920.0
Mozambique,Mozambique_Central,TransmissionCapacity,2027,Zimbabwe_East,452.0
Mozambique,Mozambique_Central,TransmissionCapacity,2028,Malawi,600.0
Mozambique,Mozambique_Central,TransmissionCapacity,2028,South_Africa,1920.0
Mozambique,Mozambique_Central,TransmissionCapacity,2028,Zimbabwe_East,452.0
Mozambique,Mozambique_Central,TransmissionCapacity,2029,Malawi,600.0
Mozambique,Mozambique_Central,TransmissionCapacity,2029,South_Africa,1920.0
Mozambique,Mozambique_Central,TransmissionCapacity,2029,Zimbabwe_East,452.0
Mozambique,Mozambique_Central,TransmissionCapacity,2030,Malawi,600.0
Mozambique,Mozambique_Central,TransmissionCapacity,2030,Mozambique_South,468.76331282273566
Mozambique,Mozambique_Central,TransmissionCapacity,2030,South_Africa,1920.0
Mozambique,Mozambique_Central,TransmissionCapacity,2030,Zimbabwe_East,452.0
Mozambique,Mozambique_Central,TransmissionCapacity,2031,Malawi,600.0
Mozambique,Mozambique_Central,TransmissionCapacity,2031,Mozambique_South,468.76331282273566
Mozambique,Mozambique_Central,TransmissionCapacity,2031,South_Africa,1920.0
Mozambique,Mozambique_Central,TransmissionCapacity,2031,Zimbabwe_East,452.0
Mozambique,Mozambique_Central,TransmissionCapacity,2032,Malawi,600.0
Mozambique,Mozambique_Central,TransmissionCapacity,2032,Mozambique_South,468.76331282273566
Mozambique,Mozambique_Central,TransmissionCapacity,2032,South_Africa,1920.0
Mozambique,Mozambique_Central,TransmissionCapacity,2032,Zimbabwe_East,452.0
Mozambique,Mozambique_Central,TransmissionCapacity,2033,Malawi,600.0
Mozambique,Mozambique_Central,TransmissionCapacity,2033,Mozambique_South,468.76331282273566
Mozambique,Mozambique_Central,TransmissionCapacity,2033,South_Africa,1920.0
Mozambique,Mozambique_Central,TransmissionCapacity,2033,Zimbabwe_East,452.0
Mozambique,Mozambique_Central,TransmissionCapacity,2034,Malawi,600.0
Mozambique,Mozambique_Central,TransmissionCapacity,2034,Mozambique_North,580.1354580732357
Mozambique,Mozambique_Central,TransmissionCapacity,2034,Mozambique_South,468.76331282273566
Mozambique,Mozambique_Central,TransmissionCapacity,2034,South_Africa,1920.0
Mozambique,Mozambique_Central,TransmissionCapacity,2034,Zambia,800.0
Mozambique,Mozambique_Central,TransmissionCapacity,2034,Zimbabwe_East,452.0
Mozambique,Mozambique_Central,TransmissionCapacity,2035,Malawi,600.0
Mozambique,Mozambique_Central,TransmissionCapacity,2035,Mozambique_North,580.1354580732357
Mozambique,Mozambique_Central,TransmissionCapacity,2035,Mozambique_South,800.0
Mozambique,Mozambique_Central,TransmissionCapacity,2035,South_Africa,1920.0
Mozambique,Mozambique_Central,TransmissionCapacity,2035,Zambia,800.0
Mozambique,Mozambique_Central,TransmissionCapacity,2035,Zimbabwe_East,452.0
Mozambique,Mozambique_Central,TransmissionCapacity,2040,Malawi,600.0
Mozambique,Mozambique_Central,TransmissionCapacity,2040,Mozambique_North,580.1354580732357
Mozambique,Mozambique_Central,TransmissionCapacity,2040,Mozambique_South,800.0
Mozambique,Mozambique_Central,TransmissionCapacity,2040,South_Africa,1920.0
Mozambique,Mozambique_Central,TransmissionCapacity,2040,Zambia,800.0
Mozambique,Mozambique_Central,TransmissionCapacity,2040,Zimbabwe_East,628.7828576437909
Mozambique,Mozambique_Central,TransmissionCapacity,2045,Malawi,600.0
Mozambique,Mozambique_Central,TransmissionCapacity,2045,Mozambique_North,800.0
Mozambique,Mozambique_Central,TransmissionCapacity,2045,Mozambique_South,800.0
Mozambique,Mozambique_Central,TransmissionCapacity,2045,South_Africa,1920.0
Mozambique,Mozambique_Central,TransmissionCapacity,2045,Zambia,800.0
Mozambique,Mozambique_Central,TransmissionCapacity,2045,Zimbabwe_East,1052.0
Mozambique,Mozambique_Central,TransmissionCapacity,2050,Malawi,600.0
Mozambique,Mozambique_Central,TransmissionCapacity,2050,Mozambique_North,800.0
Mozambique,Mozambique_Central,TransmissionCapacity,2050,Mozambique_South,800.0
Mozambique,Mozambique_Central,TransmissionCapacity,2050,South_Africa,1920.0
Mozambique,Mozambique_Central,TransmissionCapacity,2050,Zambia,800.0
Mozambique,Mozambique_Central,TransmissionCapacity,2050,Zimbabwe_East,1052.0
Mozambique,Mozambique_North,CongestionShare,2025,Mozambique_Central,1.0
Mozambique,Mozambique_North,CongestionShare,2025,Tanzania,1.0
Mozambique,Mozambique_North,CongestionShare,2026,Mozambique_Central,1.0
Mozambique,Mozambique_North,CongestionShare,2026,Tanzania,1.0
Mozambique,Mozambique_North,CongestionShare,2027,Mozambique_Central,1.0
Mozambique,Mozambique_North,CongestionShare,2027,Tanzania,1.0
Mozambique,Mozambique_North,CongestionShare,2028,Mozambique_Central,1.0
Mozambique,Mozambique_North,CongestionShare,2028,Tanzania,1.0
Mozambique,Mozambique_North,CongestionShare,2029,Mozambique_Central,1.0
Mozambique,Mozambique_North,CongestionShare,2029,Tanzania,1.0
Mozambique,Mozambique_North,CongestionShare,2030,Mozambique_Central,1.0
Mozambique,Mozambique_North,CongestionShare,2030,Tanzania,1.0
Mozambique,Mozambique_North,CongestionShare,2031,Mozambique_Central,1.0
Mozambique,Mozambique_North,CongestionShare,2031,Tanzania,1.0
Mozambique,Mozambique_North,CongestionShare,2032,Mozambique_Central,1.0
Mozambique,Mozambique_North,CongestionShare,2032,Tanzania,1.0
Mozambique,Mozambique_North,CongestionShare,2033,Mozambique_Central,1.0
Mozambique,Mozambique_North,CongestionShare,2033,Tanzania,1.0
Mozambique,Mozambique_North,CongestionShare,2034,Tanzania,1.0
Mozambique,Mozambique_North,CongestionShare,2035,Tanzania,1.0
Mozambique,Mozambique_North,CongestionShare,2040,Tanzania,0.218607305936073
Mozambique,Mozambique_North,CongestionShare,2045,Mozambique_Central,0.0584474885844748
Mozambique,Mozambique_North,CongestionShare,2045,Tanzania,0.1348173515981735
Mozambique,Mozambique_North,CongestionShare,2050,Tanzania,0.1680365296803653
Mozambique,Mozambique_North,Interchange,2034,Mozambique_Central,152.56920735516846
Mozambique,Mozambique_North,Interchange,2035,Mozambique_Central,211.78800867770013
Mozambique,Mozambique_North,Interchange,2040,Mozambique_Central,218.2451403748272
Mozambique,Mozambique_North,Interchange,2040,Tanzania,1609.1028169974109
Mozambique,Mozambique_North,Interchange,2045,Mozambique_Central,816.2520481923718
Mozambique,Mozambique_North,Interchange,2045,Tanzania,2416.943170560361
Mozambique,Mozambique_North,Interchange,2050,Mozambique_Central,316.7767192636077
Mozambique,Mozambique_North,Interchange,2050,Tanzania,2708.035325954126
Mozambique,Mozambique_North,InterconUtilization,2034,Mozambique_Central,0.0300215681350374
Mozambique,Mozambique_North,InterconUtilization,2035,Mozambique_Central,0.041674255525888
Mozambique,Mozambique_North,InterconUtilization,2040,Mozambique_Central,0.0429448475579416
Mozambique,Mozambique_North,InterconUtilization,2040,Tanzania,0.3647408975946097
Mozambique,Mozambique_North,InterconUtilization,2045,Mozambique_Central,0.1164743219452585
Mozambique,Mozambique_North,InterconUtilization,2045,Tanzania,0.3448834432877227
Mozambique,Mozambique_North,InterconUtilization,2050,Mozambique_Central,0.0452021574291677
Mozambique,Mozambique_North,InterconUtilization,2050,Tanzania,0.3864205659181116
Mozambique,Mozambique_North,NetImport,2034,Mozambique_Central,-0.1525692073551684
Mozambique,Mozambique_North,NetImport,2035,Mozambique_Central,-0.2117880086777001
Mozambique,Mozambique_North,NetImport,2040,Mozambique_Central,-0.2182451403748271
Mozambique,Mozambique_North,NetImport,2040,Tanzania,-1.6091028169974109
Mozambique,Mozambique_North,NetImport,2045,Mozambique_Central,-0.8162520481923718
Mozambique,Mozambique_North,NetImport,2045,Tanzania,-2.416943170560361
Mozambique,Mozambique_North,NetImport,2050,Mozambique_Central,-0.3167767192636077
Mozambique,Mozambique_North,NetImport,2050,Tanzania,-2.708035325954126
Mozambique,Mozambique_North,NewTransmissionCapacity,2034,Mozambique_Central,580.1354580732357
Mozambique,Mozambique_North,NewTransmissionCapacity,2040,Tanzania,503.6110219564067
Mozambique,Mozambique_North,NewTransmissionCapacity,2045,Mozambique_Central,219.86454192676428
Mozambique,Mozambique_North,NewTransmissionCapacity,2045,Tanzania,296.3889780435933
Mozambique,Mozambique_North,TransmissionCapacity,2034,Mozambique_Central,580.1354580732357
Mozambique,Mozambique_North,TransmissionCapacity,2035,Mozambique_Central,580.1354580732357
Mozambique,Mozambique_North,TransmissionCapacity,2040,Mozambique_Central,580.1354580732357
Mozambique,Mozambique_North,TransmissionCapacity,2040,Tanzania,503.6110219564067
Mozambique,Mozambique_North,TransmissionCapacity,2045,Mozambique_Central,800.0
Mozambique,Mozambique_North,TransmissionCapacity,2045,Tanzania,800.0
Mozambique,Mozambique_North,TransmissionCapacity,2050,Mozambique_Central,800.0
Mozambique,Mozambique_North,TransmissionCapacity,2050,Tanzania,800.0
Mozambique,Mozambique_South,CongestionShare,2025,Mozambique_Central,1.0
Mozambique,Mozambique_South,CongestionShare,2026,Mozambique_Central,1.0
Mozambique,Mozambique_South,CongestionShare,2027,Mozambique_Central,1.0
Mozambique,Mozambique_South,CongestionShare,2028,Mozambique_Central,1.0
Mozambique,Mozambique_South,CongestionShare,2029,Mozambique_Central,1.0
Mozambique,Mozambique_South,CongestionShare,2030,Mozambique_Central,0.8148401826484019
Mozambique,Mozambique_South,CongestionShare,2035,South_Africa,0.0139269406392694
Mozambique,Mozambique_South,Interchange,2025,Eswatini,81.33276357347296
Mozambique,Mozambique_South,Interchange,2025,Mozal,4.075707010580498
Mozambique,Mozambique_South,Interchange,2025,South_Africa,19.38354997218104
Mozambique,Mozambique_South,Interchange,2026,Eswatini,40.34628556505889
Mozambique,Mozambique_South,Interchange,2026,Mozal,0.2313655743728583
Mozambique,Mozambique_South,Interchange,2026,South_Africa,0.0039184274986668
Mozambique,Mozambique_South,Interchange,2027,Eswatini,13.455664355840954
Mozambique,Mozambique_South,Interchange,2027,Mozal,-4.057346199978655e-11
Mozambique,Mozambique_South,Interchange,2028,Eswatini,3.5014192653726504
Mozambique,Mozambique_South,Interchange,2028,Mozal,-4.057346199978655e-11
Mozambique,Mozambique_South,Interchange,2029,Mozal,-4.057346199978655e-11
Mozambique,Mozambique_South,Interchange,2030,Mozal,-4.057346199978655e-11
Mozambique,Mozambique_South,Interchange,2030,Mozambique_Central,3930.916788314144
Mozambique,Mozambique_South,Interchange,2031,Mozal,-4.057346199978655e-11
Mozambique,Mozambique_South,Interchange,2032,Mozal,-4.057346199978655e-11
Mozambique,Mozambique_South,Interchange,2033,Mozal,-4.057346199978655e-11
Mozambique,Mozambique_South,Interchange,2034,Mozambique_Central,35.09046696570516
Mozambique,Mozambique_South,Interchange,2035,Eswatini,31.767766119080274
Mozambique,Mozambique_South,Interchange,2035,Mozambique_Central,18.3728103057396
Mozambique,Mozambique_South,Interchange,2035,South_Africa,52.26051635762042
Mozambique,Mozambique_South,Interchange,2040,Eswatini,45.47467662162202
Mozambique,Mozambique_South,Interchange,2040,Mozambique_Central,0.4573832833000773
Mozambique,Mozambique_South,Interchange,2040,South_Africa,22.58038008523861
Mozambique,Mozambique_South,Interchange,2045,Eswatini,70.64706198134448
Mozambique,Mozambique_South,Interchange,2050,Eswatini,46.09512504799617
Mozambique,Mozambique_South,Interchange,2050,South_Africa,1.104415142726369
Mozambique,Mozambique_South,InterconUtilization,2025,Eswatini,0.0108973733001952
Mozambique,Mozambique_South,InterconUtilization,2025,Mozal,0.0004229666885201
Mozambique,Mozambique_South,InterconUtilization,2025,South_Africa,0.0131710358041021
Mozambique,Mozambique_South,InterconUtilization,2026,Eswatini,0.0054057985461362
Mozambique,Mozambique_South,InterconUtilization,2026,Mozal,2.4010541134584715e-05
Mozambique,Mozambique_South,InterconUtilization,2026,South_Africa,2.6625540189897737e-06
Mozambique,Mozambique_South,InterconUtilization,2027,Eswatini,0.0018028576805369
Mozambique,Mozambique_South,InterconUtilization,2027,Mozal,-4.210612494788974e-15
Mozambique,Mozambique_South,InterconUtilization,2028,Eswatini,0.0004691377882517
Mozambique,Mozambique_South,InterconUtilization,2028,Mozal,-4.210612494788974e-15
Mozambique,Mozambique_South,InterconUtilization,2029,Mozal,-4.210612494788974e-15
Mozambique,Mozambique_South,InterconUtilization,2030,Mozal,-4.210612494788974e-15
Mozambique,Mozambique_South,InterconUtilization,2030,Mozambique_Central,0.9572737048989948
Mozambique,Mozambique_South,InterconUtilization,2031,Mozal,-4.210612494788974e-15
Mozambique,Mozambique_South,InterconUtilization,2032,Mozal,-4.210612494788974e-15
Mozambique,Mozambique_South,InterconUtilization,2033,Mozal,-4.210612494788974e-15
Mozambique,Mozambique_South,InterconUtilization,2034,Mozambique_Central,0.0085453809194731
Mozambique,Mozambique_South,InterconUtilization,2035,Eswatini,0.0042564053046123
Mozambique,Mozambique_South,InterconUtilization,2035,Mozambique_Central,0.0026216909682847
Mozambique,Mozambique_South,InterconUtilization,2035,South_Africa,0.0355107879142343
Mozambique,Mozambique_South,InterconUtilization,2040,Eswatini,0.0060929262092982
Mozambique,Mozambique_South,InterconUtilization,2040,Mozambique_Central,6.526587946633524e-05
Mozambique,Mozambique_South,InterconUtilization,2040,South_Africa,0.015343267616084
Mozambique,Mozambique_South,InterconUtilization,2045,Eswatini,0.0094656491817995
Mozambique,Mozambique_South,InterconUtilization,2050,Eswatini,0.0061760570143841
Mozambique,Mozambique_South,InterconUtilization,2050,South_Africa,0.0007504451665622
Mozambique,Mozambique_South,NetImport,2025,Eswatini,-0.0813327635734729
Mozambique,Mozambique_South,NetImport,2025,Mozal,-0.0040757070105804
Mozambique,Mozambique_South,NetImport,2025,South_Africa,-0.019383549972181
Mozambique,Mozambique_South,NetImport,2026,Eswatini,-0.0403462855650588
Mozambique,Mozambique_South,NetImport,2026,Mozal,-0.0002313655743728
Mozambique,Mozambique_South,NetImport,2026,South_Africa,-3.918427498666871e-06
Mozambique,Mozambique_South,NetImport,2027,Eswatini,-0.0134556643558409
Mozambique,Mozambique_South,NetImport,2027,Mozal,4.057346199978655e-14
Mozambique,Mozambique_South,NetImport,2028,Eswatini,-0.0035014192653726
Mozambique,Mozambique_South,NetImport,2028,Mozal,4.057346199978655e-14
Mozambique,Mozambique_South,NetImport,2029,Mozal,4.057346199978655e-14
Mozambique,Mozambique_South,NetImport,2030,Mozal,4.057346199978655e-14
Mozambique,Mozambique_South,NetImport,2030,Mozambique_Central,-3.930916788314144
Mozambique,Mozambique_South,NetImport,2031,Mozal,4.057346199978655e-14
Mozambique,Mozambique_South,NetImport,2032,Mozal,4.057346199978655e-14
Mozambique,Mozambique_South,NetImport,2033,Mozal,4.057346199978655e-14
Mozambique,Mozambique_South,NetImport,2034,Mozambique_Central,-0.0350904669657051
Mozambique,Mozambique_South,NetImport,2035,Eswatini,-0.0317677661190802
Mozambique,Mozambique_South,NetImport,2035,Mozambique_Central,-0.0183728103057396
Mozambique,Mozambique_South,NetImport,2035,South_Africa,-0.0522605163576204
Mozambique,Mozambique_South,NetImport,2040,Eswatini,-0.045474676621622
Mozambique,Mozambique_South,NetImport,2040,Mozambique_Central,-0.0004573832833
Mozambique,Mozambique_South,NetImport,2040,South_Africa,-0.0225803800852386
Mozambique,Mozambique_South,NetImport,2045,Eswatini,-0.0706470619813444
Mozambique,Mozambique_South,NetImport,2050,Eswatini,-0.0460951250479961
Mozambique,Mozambique_South,NetImport,2050,South_Africa,-0.0011044151427263
Mozambique,Mozambique_South,NewTransmissionCapacity,2030,Mozambique_Central,468.76331282273566
Mozambique,Mozambique_South,NewTransmissionCapacity,2035,Mozambique_Central,331.23668717726434
Mozambique,Mozambique_South,TransmissionCapacity,2025,Eswatini,852.0
Mozambique,Mozambique_South,TransmissionCapacity,2025,Mozal,1100.0
Mozambique,Mozambique_South,TransmissionCapacity,2025,South_Africa,168.0
Mozambique,Mozambique_South,TransmissionCapacity,2026,Eswatini,852.0
Mozambique,Mozambique_South,TransmissionCapacity,2026,Mozal,1100.0
Mozambique,Mozambique_South,TransmissionCapacity,2026,South_Africa,168.0
Mozambique,Mozambique_South,TransmissionCapacity,2027,Eswatini,852.0
Mozambique,Mozambique_South,TransmissionCapacity,2027,Mozal,1100.0
Mozambique,Mozambique_South,TransmissionCapacity,2027,South_Africa,168.0
Mozambique,Mozambique_South,TransmissionCapacity,2028,Eswatini,852.0
Mozambique,Mozambique_South,TransmissionCapacity,2028,Mozal,1100.0
Mozambique,Mozambique_South,TransmissionCapacity,2028,South_Africa,168.0
Mozambique,Mozambique_South,TransmissionCapacity,2029,Eswatini,852.0
Mozambique,Mozambique_South,TransmissionCapacity,2029,Mozal,1100.0
Mozambique,Mozambique_South,TransmissionCapacity,2029,South_Africa,168.0
Mozambique,Mozambique_South,TransmissionCapacity,2030,Eswatini,852.0
Mozambique,Mozambique_South,TransmissionCapacity,2030,Mozal,1100.0
Mozambique,Mozambique_South,TransmissionCapacity,2030,Mozambique_Central,468.76331282273566
Mozambique,Mozambique_South,TransmissionCapacity,2030,South_Africa,168.0
Mozambique,Mozambique_South,TransmissionCapacity,2031,Eswatini,852.0
Mozambique,Mozambique_South,TransmissionCapacity,2031,Mozal,1100.0
Mozambique,Mozambique_South,TransmissionCapacity,2031,Mozambique_Central,468.76331282273566
Mozambique,Mozambique_South,TransmissionCapacity,2031,South_Africa,168.0
Mozambique,Mozambique_South,TransmissionCapacity,2032,Eswatini,852.0
Mozambique,Mozambique_South,TransmissionCapacity,2032,Mozal,1100.0
Mozambique,Mozambique_South,TransmissionCapacity,2032,Mozambique_Central,468.76331282273566
Mozambique,Mozambique_South,TransmissionCapacity,2032,South_Africa,168.0
Mozambique,Mozambique_South,TransmissionCapacity,2033,Eswatini,852.0
Mozambique,Mozambique_South,TransmissionCapacity,2033,Mozal,1100.0
Mozambique,Mozambique_South,TransmissionCapacity,2033,Mozambique_Central,468.76331282273566
Mozambique,Mozambique_South,TransmissionCapacity,2033,South_Africa,168.0
Mozambique,Mozambique_South,TransmissionCapacity,2034,Eswatini,852.0
Mozambique,Mozambique_South,TransmissionCapacity,2034,Mozal,1100.0
Mozambique,Mozambique_South,TransmissionCapacity,2034,Mozambique_Central,468.76331282273566
Mozambique,Mozambique_South,TransmissionCapacity,2034,South_Africa,168.0
Mozambique,Mozambique_South,TransmissionCapacity,2035,Eswatini,852.0
Mozambique,Mozambique_South,TransmissionCapacity,2035,Mozal,1100.0
Mozambique,Mozambique_South,TransmissionCapacity,2035,Mozambique_Central,800.0
Mozambique,Mozambique_South,TransmissionCapacity,2035,South_Africa,168.0
Mozambique,Mozambique_South,TransmissionCapacity,2040,Eswatini,852.0
Mozambique,Mozambique_South,TransmissionCapacity,2040,Mozal,1100.0
Mozambique,Mozambique_South,TransmissionCapacity,2040,Mozambique_Central,800.0
Mozambique,Mozambique_South,TransmissionCapacity,2040,South_Africa,168.0
Mozambique,Mozambique_South,TransmissionCapacity,2045,Eswatini,852.0
Mozambique,Mozambique_South,TransmissionCapacity,2045,Mozal,1100.0
Mozambique,Mozambique_South,TransmissionCapacity,2045,Mozambique_Central,800.0
Mozambique,Mozambique_South,TransmissionCapacity,2045,South_Africa,168.0
Mozambique,Mozambique_South,TransmissionCapacity,2050,Eswatini,852.0
Mozambique,Mozambique_South,TransmissionCapacity,2050,Mozal,1100.0
Mozambique,Mozambique_South,TransmissionCapacity,2050,Mozambique_Central,800.0
Mozambique,Mozambique_South,TransmissionCapacity,2050,South_Africa,168.0
Namibia,Namibia,CongestionShare,2025,Angola_South,1.0
Namibia,Namibia,CongestionShare,2025,Botswana,1.0
Namibia,Namibia,CongestionShare,2025,South_Africa,0.2546803652968036
Namibia,Namibia,CongestionShare,2025,Zambia,0.2738584474885844
Namibia,Namibia,CongestionShare,2026,Angola_South,1.0
Namibia,Namibia,CongestionShare,2026,Botswana,1.0
Namibia,Namibia,CongestionShare,2026,Zambia,0.6735159817351598
Namibia,Namibia,CongestionShare,2027,Angola_South,1.0
Namibia,Namibia,CongestionShare,2027,Botswana,1.0
Namibia,Namibia,CongestionShare,2027,Zambia,1.0
Namibia,Namibia,CongestionShare,2028,Angola_South,1.0
Namibia,Namibia,CongestionShare,2028,Botswana,1.0
Namibia,Namibia,CongestionShare,2028,Zambia,1.0
Namibia,Namibia,CongestionShare,2029,Botswana,1.0
Namibia,Namibia,CongestionShare,2029,Zambia,1.0
Namibia,Namibia,CongestionShare,2030,Botswana,1.0
Namibia,Namibia,CongestionShare,2030,Zambia,1.0
Namibia,Namibia,CongestionShare,2031,Botswana,1.0
Namibia,Namibia,CongestionShare,2031,Zambia,1.0
Namibia,Namibia,CongestionShare,2032,Botswana,1.0
Namibia,Namibia,CongestionShare,2032,Zambia,1.0
Namibia,Namibia,CongestionShare,2033,Botswana,1.0
Namibia,Namibia,CongestionShare,2033,Zambia,1.0
Namibia,Namibia,CongestionShare,2034,Botswana,1.0
Namibia,Namibia,CongestionShare,2034,Zambia,0.623972602739726
Namibia,Namibia,CongestionShare,2035,Botswana,1.0
Namibia,Namibia,CongestionShare,2035,South_Africa,0.003310502283105
Namibia,Namibia,CongestionShare,2035,Zambia,0.5254566210045662
Namibia,Namibia,CongestionShare,2040,Angola_South,0.441324200913242
Namibia,Namibia,CongestionShare,2040,Botswana,1.0
Namibia,Namibia,CongestionShare,2040,Zambia,0.1852739726027397
Namibia,Namibia,CongestionShare,2045,Angola_South,0.3004566210045662
Namibia,Namibia,CongestionShare,2045,Botswana,0.0122146118721461
Namibia,Namibia,CongestionShare,2045,South_Africa,0.0074200913242009
Namibia,Namibia,CongestionShare,2045,Zambia,0.415296803652968
Namibia,Namibia,CongestionShare,2050,Angola_South,0.4636986301369863
Namibia,Namibia,CongestionShare,2050,Zambia,0.4988584474885845
Namibia,Namibia,Interchange,2025,South_Africa,491.84403751516646
Namibia,Namibia,Interchange,2025,Zambia,618.120611665779
Namibia,Namibia,Interchange,2026,South_Africa,8.760000000000004e-08
Namibia,Namibia,Interchange,2026,Zambia,1682.612381383099
Namibia,Namibia,Interchange,2027,South_Africa,0.1977124074605509
Namibia,Namibia,Interchange,2027,Zambia,2093.64
Namibia,Namibia,Interchange,2028,South_Africa,1.9328701899805785
Namibia,Namibia,Interchange,2028,Zambia,2093.64
Namibia,Namibia,Interchange,2029,South_Africa,1313.913218912821
Namibia,Namibia,Interchange,2029,Zambia,2093.64
Namibia,Namibia,Interchange,2030,South_Africa,1093.1442848984009
Namibia,Namibia,Interchange,2030,Zambia,2093.64
Namibia,Namibia,Interchange,2031,South_Africa,944.0034456930588
Namibia,Namibia,Interchange,2031,Zambia,2093.64
Namibia,Namibia,Interchange,2032,South_Africa,832.6501794070737
Namibia,Namibia,Interchange,2032,Zambia,2093.64
Namibia,Namibia,Interchange,2033,South_Africa,978.4886212548868
Namibia,Namibia,Interchange,2033,Zambia,2093.64
Namibia,Namibia,Interchange,2034,South_Africa,269.7708611301276
Namibia,Namibia,Interchange,2034,Zambia,2790.485175263248
Namibia,Namibia,Interchange,2035,Angola_South,63.57606774976381
Namibia,Namibia,Interchange,2035,South_Africa,1580.2859723334127
Namibia,Namibia,Interchange,2035,Zambia,2509.801904208219
Namibia,Namibia,Interchange,2040,Angola_South,1786.6151937332943
Namibia,Namibia,Interchange,2040,South_Africa,806.0440548120962
Namibia,Namibia,Interchange,2040,Zambia,1500.9184248099884
Namibia,Namibia,Interchange,2045,Angola_South,1371.196590474039
Namibia,Namibia,Interchange,2045,Botswana,45.70075061656159
Namibia,Namibia,Interchange,2045,South_Africa,1164.930602922571
Namibia,Namibia,Interchange,2045,Zambia,2053.87565504594
Namibia,Namibia,Interchange,2050,Angola_South,2029.9354074961232
Namibia,Namibia,Interchange,2050,Botswana,25.56808140064814
Namibia,Namibia,Interchange,2050,South_Africa,423.8025946563552
Namibia,Namibia,Interchange,2050,Zambia,2543.599307335553
Namibia,Namibia,InterconUtilization,2025,South_Africa,0.3302739977942294
Namibia,Namibia,InterconUtilization,2025,Zambia,0.2952372956505316
Namibia,Namibia,InterconUtilization,2026,South_Africa,5.882352941176473e-11
Namibia,Namibia,InterconUtilization,2026,Zambia,0.8036779873249934
Namibia,Namibia,InterconUtilization,2027,South_Africa,0.0001327641736909
Namibia,Namibia,InterconUtilization,2027,Zambia,1.0
Namibia,Namibia,InterconUtilization,2028,South_Africa,0.0002015043670879
Namibia,Namibia,InterconUtilization,2028,Zambia,1.0
Namibia,Namibia,InterconUtilization,2029,South_Africa,0.1369772543225559
Namibia,Namibia,InterconUtilization,2029,Zambia,1.0
Namibia,Namibia,InterconUtilization,2030,South_Africa,0.1139617902982007
Namibia,Namibia,InterconUtilization,2030,Zambia,1.0
Namibia,Namibia,InterconUtilization,2031,South_Africa,0.0984136533530429
Namibia,Namibia,InterconUtilization,2031,Zambia,1.0
Namibia,Namibia,InterconUtilization,2032,South_Africa,0.0868049226879207
Namibia,Namibia,InterconUtilization,2032,Zambia,1.0
Namibia,Namibia,InterconUtilization,2033,South_Africa,0.1020087801812813
Namibia,Namibia,InterconUtilization,2033,Zambia,1.0
Namibia,Namibia,InterconUtilization,2034,South_Africa,0.0281239821031804
Namibia,Namibia,InterconUtilization,2034,Zambia,0.8164413787626252
Namibia,Namibia,InterconUtilization,2035,Angola_South,0.0181438549514166
Namibia,Namibia,InterconUtilization,2035,South_Africa,0.1647469790385326
Namibia,Namibia,InterconUtilization,2035,Zambia,0.5315529994256697
Namibia,Namibia,InterconUtilization,2040,Angola_South,0.5098787653348443
Namibia,Namibia,InterconUtilization,2040,South_Africa,0.0840311977244111
Namibia,Namibia,InterconUtilization,2040,Zambia,0.3178807416088453
Namibia,Namibia,InterconUtilization,2045,Angola_South,0.3913232278750112
Namibia,Namibia,InterconUtilization,2045,Botswana,0.0236715152480665
Namibia,Namibia,InterconUtilization,2045,South_Africa,0.1214456123644806
Namibia,Namibia,InterconUtilization,2045,Zambia,0.4349920059652873
Namibia,Namibia,InterconUtilization,2050,Angola_South,0.5793194656096242
Namibia,Namibia,InterconUtilization,2050,Botswana,0.0103818113287256
Namibia,Namibia,InterconUtilization,2050,South_Africa,0.0441820014862445
Namibia,Namibia,InterconUtilization,2050,Zambia,0.5387109790953044
Namibia,Namibia,NetImport,2025,South_Africa,-0.4918440375151665
Namibia,Namibia,NetImport,2025,Zambia,-0.618120611665779
Namibia,Namibia,NetImport,2026,South_Africa,-8.760000000000004e-11
Namibia,Namibia,NetImport,2026,Zambia,-1.682612381383099
Namibia,Namibia,NetImport,2027,South_Africa,-0.0001977124074605
Namibia,Namibia,NetImport,2027,Zambia,-2.09364
Namibia,Namibia,NetImport,2028,South_Africa,-0.0019328701899805
Namibia,Namibia,NetImport,2028,Zambia,-2.09364
Namibia,Namibia,NetImport,2029,South_Africa,-1.313913218912821
Namibia,Namibia,NetImport,2029,Zambia,-2.09364
Namibia,Namibia,NetImport,2030,South_Africa,-1.0931442848984008
Namibia,Namibia,NetImport,2030,Zambia,-2.09364
Namibia,Namibia,NetImport,2031,South_Africa,-0.9440034456930588
Namibia,Namibia,NetImport,2031,Zambia,-2.09364
Namibia,Namibia,NetImport,2032,South_Africa,-0.8326501794070736
Namibia,Namibia,NetImport,2032,Zambia,-2.09364
Namibia,Namibia,NetImport,2033,South_Africa,-0.9784886212548868
Namibia,Namibia,NetImport,2033,Zambia,-2.09364
Namibia,Namibia,NetImport,2034,South_Africa,-0.2697708611301276
Namibia,Namibia,NetImport,2034,Zambia,-2.790485175263248
Namibia,Namibia,NetImport,2035,Angola_South,-0.0635760677497638
Namibia,Namibia,NetImport,2035,South_Africa,-1.5802859723334128
Namibia,Namibia,NetImport,2035,Zambia,-2.50980190420822
Namibia,Namibia,NetImport,2040,Angola_South,-1.7866151937332946
Namibia,Namibia,NetImport,2040,South_Africa,-0.8060440548120962
Namibia,Namibia,NetImport,2040,Zambia,-1.5009184248099885
Namibia,Namibia,NetImport,2045,Angola_South,-1.3711965904740393
Namibia,Namibia,NetImport,2045,Botswana,-0.0457007506165615
Namibia,Namibia,NetImport,2045,South_Africa,-1.1649306029225714
Namibia,Namibia,NetImport,2045,Zambia,-2.0538756550459394
Namibia,Namibia,NetImport,2050,Angola_South,-2.029935407496123
Namibia,Namibia,NetImport,2050,Botswana,-0.0255680814006481
Namibia,Namibia,NetImport,2050,South_Africa,-0.4238025946563551
Namibia,Namibia,NetImport,2050,Zambia,-2.543599307335553
Namibia,Namibia,NewTransmissionCapacity,2028,South_Africa,925.0
Namibia,Namibia,NewTransmissionCapacity,2029,Angola_South,400.0
Namibia,Namibia,NewTransmissionCapacity,2034,Zambia,151.16706437850874
Namibia,Namibia,NewTransmissionCapacity,2035,Zambia,148.83293562149126
Namibia,Namibia,NewTransmissionCapacity,2045,Botswana,220.3906513511904
Namibia,Namibia,NewTransmissionCapacity,2050,Botswana,60.7482232710782
Namibia,Namibia,TransmissionCapacity,2025,South_Africa,170.0
Namibia,Namibia,TransmissionCapacity,2025,Zambia,239.0
Namibia,Namibia,TransmissionCapacity,2026,South_Africa,170.0
Namibia,Namibia,TransmissionCapacity,2026,Zambia,239.0
Namibia,Namibia,TransmissionCapacity,2027,South_Africa,170.0
Namibia,Namibia,TransmissionCapacity,2027,Zambia,239.0
Namibia,Namibia,TransmissionCapacity,2028,South_Africa,1095.0
Namibia,Namibia,TransmissionCapacity,2028,Zambia,239.0
Namibia,Namibia,TransmissionCapacity,2029,Angola_South,400.0
Namibia,Namibia,TransmissionCapacity,2029,South_Africa,1095.0
Namibia,Namibia,TransmissionCapacity,2029,Zambia,239.0
Namibia,Namibia,TransmissionCapacity,2030,Angola_South,400.0
Namibia,Namibia,TransmissionCapacity,2030,South_Africa,1095.0
Namibia,Namibia,TransmissionCapacity,2030,Zambia,239.0
Namibia,Namibia,TransmissionCapacity,2031,Angola_South,400.0
Namibia,Namibia,TransmissionCapacity,2031,South_Africa,1095.0
Namibia,Namibia,TransmissionCapacity,2031,Zambia,239.0
Namibia,Namibia,TransmissionCapacity,2032,Angola_South,400.0
Namibia,Namibia,TransmissionCapacity,2032,South_Africa,1095.0
Namibia,Namibia,TransmissionCapacity,2032,Zambia,239.0
Namibia,Namibia,TransmissionCapacity,2033,Angola_South,400.0
Namibia,Namibia,TransmissionCapacity,2033,South_Africa,1095.0
Namibia,Namibia,TransmissionCapacity,2033,Zambia,239.0
Namibia,Namibia,TransmissionCapacity,2034,Angola_South,400.0
Namibia,Namibia,TransmissionCapacity,2034,South_Africa,1095.0
Namibia,Namibia,TransmissionCapacity,2034,Zambia,390.1670643785087
Namibia,Namibia,TransmissionCapacity,2035,Angola_South,400.0
Namibia,Namibia,TransmissionCapacity,2035,South_Africa,1095.0
Namibia,Namibia,TransmissionCapacity,2035,Zambia,539.0
Namibia,Namibia,TransmissionCapacity,2040,Angola_South,400.0
Namibia,Namibia,TransmissionCapacity,2040,South_Africa,1095.0
Namibia,Namibia,TransmissionCapacity,2040,Zambia,539.0
Namibia,Namibia,TransmissionCapacity,2045,Angola_South,400.0
Namibia,Namibia,TransmissionCapacity,2045,Botswana,220.3906513511904
Namibia,Namibia,TransmissionCapacity,2045,South_Africa,1095.0
Namibia,Namibia,TransmissionCapacity,2045,Zambia,539.0
Namibia,Namibia,TransmissionCapacity,2050,Angola_South,400.0
Namibia,Namibia,TransmissionCapacity,2050,Botswana,281.1388746222686
Namibia,Namibia,TransmissionCapacity,2050,South_Africa,1095.0
Namibia,Namibia,TransmissionCapacity,2050,Zambia,539.0
South_Africa,South_Africa,CongestionShare,2025,DRC,1.0
South_Africa,South_Africa,CongestionShare,2025,Eswatini,0.05
South_Africa,South_Africa,CongestionShare,2025,Lesotho,0.2213470319634703
South_Africa,South_Africa,CongestionShare,2025,Mozambique_Central,1.0
South_Africa,South_Africa,CongestionShare,2025,Mozambique_South,1.0
South_Africa,South_Africa,CongestionShare,2025,Namibia,0.1584474885844748
South_Africa,South_Africa,CongestionShare,2025,Zimbabwe_West,0.0454337899543379
South_Africa,South_Africa,CongestionShare,2026,DRC,1.0
South_Africa,South_Africa,CongestionShare,2026,Eswatini,0.1399543378995433
South_Africa,South_Africa,CongestionShare,2026,Lesotho,0.2519406392694064
South_Africa,South_Africa,CongestionShare,2026,Mozambique_Central,1.0
South_Africa,South_Africa,CongestionShare,2026,Mozambique_South,1.0
South_Africa,South_Africa,CongestionShare,2026,Namibia,0.5058219178082192
South_Africa,South_Africa,CongestionShare,2026,Zimbabwe_West,0.152283105022831
South_Africa,South_Africa,CongestionShare,2027,Botswana,0.2013698630136986
South_Africa,South_Africa,CongestionShare,2027,DRC,1.0
South_Africa,South_Africa,CongestionShare,2027,Eswatini,0.1600456621004566
South_Africa,South_Africa,CongestionShare,2027,Lesotho,0.2639269406392694
South_Africa,South_Africa,CongestionShare,2027,Mozal,1.0
South_Africa,South_Africa,CongestionShare,2027,Mozambique_Central,1.0
South_Africa,South_Africa,CongestionShare,2027,Mozambique_South,1.0
South_Africa,South_Africa,CongestionShare,2027,Namibia,0.6170091324200914
South_Africa,South_Africa,CongestionShare,2027,Zimbabwe_West,0.5787671232876712
South_Africa,South_Africa,CongestionShare,2028,Botswana,0.2065068493150685
South_Africa,South_Africa,CongestionShare,2028,DRC,1.0
South_Africa,South_Africa,CongestionShare,2028,Eswatini,0.1960045662100456
South_Africa,South_Africa,CongestionShare,2028,Lesotho,0.3409817351598173
South_Africa,South_Africa,CongestionShare,2028,Mozal,1.0
South_Africa,South_Africa,CongestionShare,2028,Mozambique_Central,1.0
South_Africa,South_Africa,CongestionShare,2028,Mozambique_South,1.0
South_Africa,South_Africa,CongestionShare,2028,Zimbabwe_West,0.5429223744292238
South_Africa,South_Africa,CongestionShare,2029,Botswana,0.2259132420091324
South_Africa,South_Africa,CongestionShare,2029,DRC,1.0
South_Africa,South_Africa,CongestionShare,2029,Eswatini,0.3299086757990868
South_Africa,South_Africa,CongestionShare,2029,Lesotho,0.2825342465753425
South_Africa,South_Africa,CongestionShare,2029,Mozal,1.0
South_Africa,South_Africa,CongestionShare,2029,Mozambique_Central,1.0
South_Africa,South_Africa,CongestionShare,2029,Mozambique_South,1.0
South_Africa,South_Africa,CongestionShare,2029,Zimbabwe_West,0.6301369863013698
South_Africa,South_Africa,CongestionShare,2030,Botswana,0.2397260273972602
South_Africa,South_Africa,CongestionShare,2030,DRC,1.0
South_Africa,South_Africa,CongestionShare,2030,Eswatini,0.9098173515981736
South_Africa,South_Africa,CongestionShare,2030,Lesotho,0.307648401826484
South_Africa,South_Africa,CongestionShare,2030,Mozal,1.0
South_Africa,South_Africa,CongestionShare,2030,Mozambique_Central,1.0
South_Africa,South_Africa,CongestionShare,2030,Mozambique_South,1.0
South_Africa,South_Africa,CongestionShare,2030,Zimbabwe_West,0.0539954337899543
South_Africa,South_Africa,CongestionShare,2031,Botswana,0.2458904109589041
South_Africa,South_Africa,CongestionShare,2031,DRC,1.0
South_Africa,South_Africa,CongestionShare,2031,Lesotho,0.3131278538812785
South_Africa,South_Africa,CongestionShare,2031,Mozal,1.0
South_Africa,South_Africa,CongestionShare,2031,Mozambique_Central,1.0
South_Africa,South_Africa,CongestionShare,2031,Mozambique_South,0.7595890410958904
South_Africa,South_Africa,CongestionShare,2031,Zimbabwe_West,0.2888127853881279
South_Africa,South_Africa,CongestionShare,2032,Botswana,0.2797945205479452
South_Africa,South_Africa,CongestionShare,2032,DRC,1.0
South_Africa,South_Africa,CongestionShare,2032,Eswatini,0.0087899543378995
South_Africa,South_Africa,CongestionShare,2032,Lesotho,0.3134703196347032
South_Africa,South_Africa,CongestionShare,2032,Mozal,1.0
South_Africa,South_Africa,CongestionShare,2032,Mozambique_Central,1.0
South_Africa,South_Africa,CongestionShare,2032,Mozambique_South,0.8025114155251142
South_Africa,South_Africa,CongestionShare,2032,Zimbabwe_West,0.4976027397260274
South_Africa,South_Africa,CongestionShare,2033,Botswana,0.3133561643835616
South_Africa,South_Africa,CongestionShare,2033,DRC,1.0
South_Africa,South_Africa,CongestionShare,2033,Eswatini,0.0058219178082191
South_Africa,South_Africa,CongestionShare,2033,Lesotho,0.3799086757990867
South_Africa,South_Africa,CongestionShare,2033,Mozal,1.0
South_Africa,South_Africa,CongestionShare,2033,Mozambique_Central,1.0
South_Africa,South_Africa,CongestionShare,2033,Mozambique_South,0.8214611872146119
South_Africa,South_Africa,CongestionShare,2033,Zimbabwe_West,0.4964611872146118
South_Africa,South_Africa,CongestionShare,2034,Botswana,0.2188356164383561
South_Africa,South_Africa,CongestionShare,2034,DRC,1.0
South_Africa,South_Africa,CongestionShare,2034,Eswatini,0.1843607305936073
South_Africa,South_Africa,CongestionShare,2034,Lesotho,0.3681506849315068
South_Africa,South_Africa,CongestionShare,2034,Mozal,1.0
South_Africa,South_Africa,CongestionShare,2034,Mozambique_Central,1.0
South_Africa,South_Africa,CongestionShare,2034,Mozambique_South,0.8778538812785388
South_Africa,South_Africa,CongestionShare,2034,Zimbabwe_West,0.3700913242009132
South_Africa,South_Africa,CongestionShare,2035,Botswana,0.0679223744292237
South_Africa,South_Africa,CongestionShare,2035,DRC,1.0
South_Africa,South_Africa,CongestionShare,2035,Eswatini,0.243607305936073
South_Africa,South_Africa,CongestionShare,2035,Lesotho,0.3839041095890411
South_Africa,South_Africa,CongestionShare,2035,Mozal,1.0
South_Africa,South_Africa,CongestionShare,2035,Mozambique_Central,1.0
South_Africa,South_Africa,CongestionShare,2035,Mozambique_South,0.757648401826484
South_Africa,South_Africa,CongestionShare,2035,Zimbabwe_West,0.1376712328767123
South_Africa,South_Africa,CongestionShare,2040,Botswana,0.1465753424657534
South_Africa,South_Africa,CongestionShare,2040,DRC,1.0
South_Africa,South_Africa,CongestionShare,2040,Eswatini,0.2517123287671233
South_Africa,South_Africa,CongestionShare,2040,Lesotho,0.060958904109589
South_Africa,South_Africa,CongestionShare,2040,Mozal,1.0
South_Africa,South_Africa,CongestionShare,2040,Mozambique_Central,1.0
South_Africa,South_Africa,CongestionShare,2040,Mozambique_South,0.6871004566210046
South_Africa,South_Africa,CongestionShare,2040,Namibia,0.2530821917808219
South_Africa,South_Africa,CongestionShare,2040,Zimbabwe_West,0.2253424657534246
South_Africa,South_Africa,CongestionShare,2045,Botswana,0.186986301369863
South_Africa,South_Africa,CongestionShare,2045,DRC,1.0
South_Africa,South_Africa,CongestionShare,2045,Eswatini,0.158675799086758
South_Africa,South_Africa,CongestionShare,2045,Lesotho,0.1497716894977168
South_Africa,South_Africa,CongestionShare,2045,Mozal,1.0
South_Africa,South_Africa,CongestionShare,2045,Mozambique_Central,1.0
South_Africa,South_Africa,CongestionShare,2045,Mozambique_South,0.7321917808219178
South_Africa,South_Africa,CongestionShare,2045,Namibia,0.2711187214611872
South_Africa,South_Africa,CongestionShare,2045,Zimbabwe_West,0.1575342465753424
South_Africa,South_Africa,CongestionShare,2050,Botswana,0.1664383561643835
South_Africa,South_Africa,CongestionShare,2050,DRC,1.0
South_Africa,South_Africa,CongestionShare,2050,Eswatini,0.3437214611872146
South_Africa,South_Africa,CongestionShare,2050,Lesotho,0.0312785388127853
South_Africa,South_Africa,CongestionShare,2050,Mozal,1.0
South_Africa,South_Africa,CongestionShare,2050,Mozambique_Central,1.0
South_Africa,South_Africa,CongestionShare,2050,Mozambique_South,0.882420091324201
South_Africa,South_Africa,CongestionShare,2050,Namibia,0.2788812785388128
South_Africa,South_Africa,CongestionShare,2050,Zimbabwe_West,0.1723744292237443
South_Africa,South_Africa,Interchange,2025,Botswana,1859.5999999999992
South_Africa,South_Africa,Interchange,2025,Eswatini,4059.213399439303
South_Africa,South_Africa,Interchange,2025,Lesotho,519.5273580962241
South_Africa,South_Africa,Interchange,2025,Mozal,8358.627452161514
South_Africa,South_Africa,Interchange,2025,Mozambique_Central,2.2079999999999977e-08
South_Africa,South_Africa,Interchange,2025,Mozambique_South,1471.68
South_Africa,South_Africa,Interchange,2025,Namibia,2235.342699667647
South_Africa,South_Africa,Interchange,2025,Zimbabwe_West,213.7489068507011
South_Africa,South_Africa,Interchange,2026,Botswana,2043.999999999999
South_Africa,South_Africa,Interchange,2026,Eswatini,4677.113254851166
South_Africa,South_Africa,Interchange,2026,Lesotho,528.4988366321036
South_Africa,South_Africa,Interchange,2026,Mozal,8362.352834021645
South_Africa,South_Africa,Interchange,2026,Mozambique_Central,4.4160000000000006e-08
South_Africa,South_Africa,Interchange,2026,Mozambique_South,1471.68
South_Africa,South_Africa,Interchange,2026,Namibia,3125.7645066002738
South_Africa,South_Africa,Interchange,2026,Zimbabwe_West,644.5195898843604
South_Africa,South_Africa,Interchange,2027,Botswana,2377.6021112840644
South_Africa,South_Africa,Interchange,2027,Eswatini,5018.900599021539
South_Africa,South_Africa,Interchange,2027,Lesotho,540.1981791020997
South_Africa,South_Africa,Interchange,2027,Mozal,5.6e-09
South_Africa,South_Africa,Interchange,2027,Mozambique_Central,8.760000000000004e-08
South_Africa,South_Africa,Interchange,2027,Mozambique_South,1471.68
South_Africa,South_Africa,Interchange,2027,Namibia,3463.633058611264
South_Africa,South_Africa,Interchange,2027,Zimbabwe_West,1818.7849966316328
South_Africa,South_Africa,Interchange,2028,Botswana,2232.435075211071
South_Africa,South_Africa,Interchange,2028,Eswatini,5214.898257311128
South_Africa,South_Africa,Interchange,2028,Lesotho,569.9101290776426
South_Africa,South_Africa,Interchange,2028,Mozal,5.6e-09
South_Africa,South_Africa,Interchange,2028,Mozambique_Central,8.760000000000004e-08
South_Africa,South_Africa,Interchange,2028,Mozambique_South,1471.68
South_Africa,South_Africa,Interchange,2028,Namibia,3519.499100541644
South_Africa,South_Africa,Interchange,2028,Zimbabwe_West,2101.823204915908
South_Africa,South_Africa,Interchange,2029,Botswana,2340.0273511605933
South_Africa,South_Africa,Interchange,2029,Eswatini,5770.358806209312
South_Africa,South_Africa,Interchange,2029,Lesotho,536.1067024972549
South_Africa,South_Africa,Interchange,2029,Mozal,5.6e-09
South_Africa,South_Africa,Interchange,2029,Mozambique_Central,8.760000000000004e-08
South_Africa,South_Africa,Interchange,2029,Mozambique_South,1471.68
South_Africa,South_Africa,Interchange,2029,Namibia,1857.482083362746
South_Africa,South_Africa,Interchange,2029,Zimbabwe_West,2477.055232915909
South_Africa,South_Africa,Interchange,2030,Botswana,2479.949476260574
South_Africa,South_Africa,Interchange,2030,Eswatini,7418.124231452152
South_Africa,South_Africa,Interchange,2030,Lesotho,530.6094883591111
South_Africa,South_Africa,Interchange,2030,Mozal,5.6e-09
South_Africa,South_Africa,Interchange,2030,Mozambique_Central,8.760000000000004e-08
South_Africa,South_Africa,Interchange,2030,Mozambique_South,1471.68
South_Africa,South_Africa,Interchange,2030,Namibia,1910.5863417289352
South_Africa,South_Africa,Interchange,2030,Zimbabwe_West,355.75991666667045
South_Africa,South_Africa,Interchange,2031,Botswana,2633.056723167569
South_Africa,South_Africa,Interchange,2031,Eswatini,2914.128335454131
South_Africa,South_Africa,Interchange,2031,Lesotho,533.0737875369975
South_Africa,South_Africa,Interchange,2031,Mozal,5.6e-09
South_Africa,South_Africa,Interchange,2031,Mozambique_South,1212.0896216544122
South_Africa,South_Africa,Interchange,2031,Namibia,1982.5203371545697
South_Africa,South_Africa,Interchange,2031,Zimbabwe_West,973.3667394829478
South_Africa,South_Africa,Interchange,2032,Botswana,2845.069650010293
South_Africa,South_Africa,Interchange,2032,Eswatini,3152.230732614112
South_Africa,South_Africa,Interchange,2032,Lesotho,543.5969550687514
South_Africa,South_Africa,Interchange,2032,Mozal,5.6e-09
South_Africa,South_Africa,Interchange,2032,Mozambique_South,1276.651509996743
South_Africa,South_Africa,Interchange,2032,Namibia,2155.5788492931883
South_Africa,South_Africa,Interchange,2032,Zimbabwe_West,1944.0772696091783
South_Africa,South_Africa,Interchange,2033,Botswana,3225.6362371901205
South_Africa,South_Africa,Interchange,2033,Eswatini,3486.899747095933
South_Africa,South_Africa,Interchange,2033,Lesotho,566.8260784734512
South_Africa,South_Africa,Interchange,2033,Mozal,5.6e-09
South_Africa,South_Africa,Interchange,2033,Mozambique_South,1337.5305521532557
South_Africa,South_Africa,Interchange,2033,Namibia,2421.559881687974
South_Africa,South_Africa,Interchange,2033,Zimbabwe_West,1876.9458508835835
South_Africa,South_Africa,Interchange,2034,Botswana,3615.062368134325
South_Africa,South_Africa,Interchange,2034,Eswatini,4376.713020588072
South_Africa,South_Africa,Interchange,2034,Lesotho,582.7009015148634
South_Africa,South_Africa,Interchange,2034,Mozambique_Central,1.1010000000000002e-08
South_Africa,South_Africa,Interchange,2034,Mozambique_South,1392.4498848805824
South_Africa,South_Africa,Interchange,2034,Namibia,2557.720963950881
South_Africa,South_Africa,Interchange,2034,Zimbabwe_West,1786.9787858401896
South_Africa,South_Africa,Interchange,2035,Botswana,1934.242269116472
South_Africa,South_Africa,Interchange,2035,Eswatini,3215.5455898498885
South_Africa,South_Africa,Interchange,2035,Lesotho,591.7144036296834
South_Africa,South_Africa,Interchange,2035,Mozambique_Central,1.1380000000000012e-08
South_Africa,South_Africa,Interchange,2035,Mozambique_South,1185.7800960657687
South_Africa,South_Africa,Interchange,2035,Namibia,3452.792635519241
South_Africa,South_Africa,Interchange,2035,Zimbabwe_West,1240.097709323606
South_Africa,South_Africa,Interchange,2040,Botswana,3499.5460704616894
South_Africa,South_Africa,Interchange,2040,Eswatini,2908.53087548592
South_Africa,South_Africa,Interchange,2040,Lesotho,84.07856897142935
South_Africa,South_Africa,Interchange,2040,Mozal,9.241699259444414e-09
South_Africa,South_Africa,Interchange,2040,Mozambique_Central,2.2210000000000005e-08
South_Africa,South_Africa,Interchange,2040,Mozambique_South,1058.4682825129662
South_Africa,South_Africa,Interchange,2040,Namibia,5191.681064390227
South_Africa,South_Africa,Interchange,2040,Zimbabwe_West,1708.3651140874324
South_Africa,South_Africa,Interchange,2045,Botswana,4127.362593650572
South_Africa,South_Africa,Interchange,2045,Eswatini,3409.2058948743734
South_Africa,South_Africa,Interchange,2045,Lesotho,166.59177105202352
South_Africa,South_Africa,Interchange,2045,Mozal,1.152795654878508e-08
South_Africa,South_Africa,Interchange,2045,Mozambique_Central,1.4970000000000008e-08
South_Africa,South_Africa,Interchange,2045,Mozambique_South,1243.1628237944444
South_Africa,South_Africa,Interchange,2045,Namibia,4977.468939811106
South_Africa,South_Africa,Interchange,2045,Zimbabwe_West,1242.3657501434852
South_Africa,South_Africa,Interchange,2050,Botswana,4023.321048447257
South_Africa,South_Africa,Interchange,2050,Eswatini,5281.345406538288
South_Africa,South_Africa,Interchange,2050,Lesotho,47.85660987390107
South_Africa,South_Africa,Interchange,2050,Mozal,1.8289607969690922e-08
South_Africa,South_Africa,Interchange,2050,Mozambique_Central,1.5940000000000016e-08
South_Africa,South_Africa,Interchange,2050,Mozambique_South,1343.746734217873
South_Africa,South_Africa,Interchange,2050,Namibia,5905.910144079567
South_Africa,South_Africa,Interchange,2050,Zimbabwe_West,1301.6147182786704
South_Africa,South_Africa,InterconUtilization,2025,Botswana,0.3270926117455022
South_Africa,South_Africa,InterconUtilization,2025,Eswatini,0.5438738556926629
South_Africa,South_Africa,InterconUtilization,2025,Lesotho,0.6051711840651199
South_Africa,South_Africa,InterconUtilization,2025,Mozal,0.8674374690910662
South_Africa,South_Africa,InterconUtilization,2025,Mozambique_Central,0.2520547945205476
South_Africa,South_Africa,InterconUtilization,2025,Mozambique_South,1.0
South_Africa,South_Africa,InterconUtilization,2025,Namibia,0.5499485070430953
South_Africa,South_Africa,InterconUtilization,2025,Zimbabwe_West,0.0697158861222117
South_Africa,South_Africa,InterconUtilization,2026,Botswana,0.3595274781715458
South_Africa,South_Africa,InterconUtilization,2026,Eswatini,0.6266631904049519
South_Africa,South_Africa,InterconUtilization,2026,Lesotho,0.6156216063648583
South_Africa,South_Africa,InterconUtilization,2026,Mozal,0.8678240799109221
South_Africa,South_Africa,InterconUtilization,2026,Mozambique_Central,0.5041095890410957
South_Africa,South_Africa,InterconUtilization,2026,Mozambique_South,1.0
South_Africa,South_Africa,InterconUtilization,2026,Namibia,0.7690138626299682
South_Africa,South_Africa,InterconUtilization,2026,Zimbabwe_West,0.2102151304254273
South_Africa,South_Africa,InterconUtilization,2027,Botswana,0.4182061111376238
South_Africa,South_Africa,InterconUtilization,2027,Eswatini,0.6724575802063288
South_Africa,South_Africa,InterconUtilization,2027,Lesotho,0.6292495796082608
South_Africa,South_Africa,InterconUtilization,2027,Mozal,0.0639269406392693
South_Africa,South_Africa,InterconUtilization,2027,Mozambique_Central,1.0
South_Africa,South_Africa,InterconUtilization,2027,Mozambique_South,1.0
South_Africa,South_Africa,InterconUtilization,2027,Namibia,0.8521377191119665
South_Africa,South_Africa,InterconUtilization,2027,Zimbabwe_West,0.5932110230370624
South_Africa,South_Africa,InterconUtilization,2028,Botswana,0.3926720903974275
South_Africa,South_Africa,InterconUtilization,2028,Eswatini,0.698718333616193
South_Africa,South_Africa,InterconUtilization,2028,Lesotho,0.6638595297242134
South_Africa,South_Africa,InterconUtilization,2028,Mozal,0.0639269406392693
South_Africa,South_Africa,InterconUtilization,2028,Mozambique_Central,1.0
South_Africa,South_Africa,InterconUtilization,2028,Mozambique_South,1.0
South_Africa,South_Africa,InterconUtilization,2028,Namibia,0.2892507586139665
South_Africa,South_Africa,InterconUtilization,2028,Zimbabwe_West,0.6855261594637664
South_Africa,South_Africa,InterconUtilization,2029,Botswana,0.4115969336669328
South_Africa,South_Africa,InterconUtilization,2029,Eswatini,0.7731417355630201
South_Africa,South_Africa,InterconUtilization,2029,Lesotho,0.6244836251249358
South_Africa,South_Africa,InterconUtilization,2029,Mozal,0.0639269406392693
South_Africa,South_Africa,InterconUtilization,2029,Mozambique_Central,1.0
South_Africa,South_Africa,InterconUtilization,2029,Mozambique_South,1.0
South_Africa,South_Africa,InterconUtilization,2029,Namibia,0.1526575476725762
South_Africa,South_Africa,InterconUtilization,2029,Zimbabwe_West,0.8079110348714643
South_Africa,South_Africa,InterconUtilization,2030,Botswana,0.4362084056716293
South_Africa,South_Africa,InterconUtilization,2030,Eswatini,0.9939176462918504
South_Africa,South_Africa,InterconUtilization,2030,Lesotho,0.6180801979767858
South_Africa,South_Africa,InterconUtilization,2030,Mozal,0.0639269406392693
South_Africa,South_Africa,InterconUtilization,2030,Mozambique_Central,1.0
South_Africa,South_Africa,InterconUtilization,2030,Mozambique_South,1.0
South_Africa,South_Africa,InterconUtilization,2030,Namibia,0.1570219320861675
South_Africa,South_Africa,InterconUtilization,2030,Zimbabwe_West,0.1160338932376616
South_Africa,South_Africa,InterconUtilization,2031,Botswana,0.4631390624085473
South_Africa,South_Africa,InterconUtilization,2031,Eswatini,0.3904495915404703
South_Africa,South_Africa,InterconUtilization,2031,Lesotho,0.6209507356455568
South_Africa,South_Africa,InterconUtilization,2031,Mozal,0.0639269406392693
South_Africa,South_Africa,InterconUtilization,2031,Mozambique_South,0.8236094950358857
South_Africa,South_Africa,InterconUtilization,2031,Namibia,0.1629338423190174
South_Africa,South_Africa,InterconUtilization,2031,Zimbabwe_West,0.3174712131386
South_Africa,South_Africa,InterconUtilization,2032,Botswana,0.5004308789092973
South_Africa,South_Africa,InterconUtilization,2032,Eswatini,0.4223517499268592
South_Africa,South_Africa,InterconUtilization,2032,Lesotho,0.6332086420985363
South_Africa,South_Africa,InterconUtilization,2032,Mozal,0.0639269406392693
South_Africa,South_Africa,InterconUtilization,2032,Mozambique_South,0.8674790103804787
South_Africa,South_Africa,InterconUtilization,2032,Namibia,0.1771566917901243
South_Africa,South_Africa,InterconUtilization,2032,Zimbabwe_West,0.634076082716627
South_Africa,South_Africa,InterconUtilization,2033,Botswana,0.5673702846652244
South_Africa,South_Africa,InterconUtilization,2033,Eswatini,0.4671923900647326
South_Africa,South_Africa,InterconUtilization,2033,Lesotho,0.6602670749154915
South_Africa,South_Africa,InterconUtilization,2033,Mozal,0.0639269406392693
South_Africa,South_Africa,InterconUtilization,2033,Mozambique_South,0.9088460481580614
South_Africa,South_Africa,InterconUtilization,2033,Namibia,0.1990163977310287
South_Africa,South_Africa,InterconUtilization,2033,Zimbabwe_West,0.6121806428191727
South_Africa,South_Africa,InterconUtilization,2034,Botswana,0.5474415360557482
South_Africa,South_Africa,InterconUtilization,2034,Eswatini,0.5864140540372468
South_Africa,South_Africa,InterconUtilization,2034,Lesotho,0.6787588546207988
South_Africa,South_Africa,InterconUtilization,2034,Mozambique_Central,0.1256849315068492
South_Africa,South_Africa,InterconUtilization,2034,Mozambique_South,0.9461634899438616
South_Africa,South_Africa,InterconUtilization,2034,Namibia,0.210206824326729
South_Africa,South_Africa,InterconUtilization,2034,Zimbabwe_West,0.4461566263473339
South_Africa,South_Africa,InterconUtilization,2035,Botswana,0.2929090707377063
South_Africa,South_Africa,InterconUtilization,2035,Eswatini,0.4308349933878235
South_Africa,South_Africa,InterconUtilization,2035,Lesotho,0.6892582280655152
South_Africa,South_Africa,InterconUtilization,2035,Mozambique_Central,0.1299086757990868
South_Africa,South_Africa,InterconUtilization,2035,Mozambique_South,0.8057322896728696
South_Africa,South_Africa,InterconUtilization,2035,Namibia,0.2837684740442059
South_Africa,South_Africa,InterconUtilization,2035,Zimbabwe_West,0.1665454887622355
South_Africa,South_Africa,InterconUtilization,2040,Botswana,0.283949548999341
South_Africa,South_Africa,InterconUtilization,2040,Eswatini,0.3896996156620361
South_Africa,South_Africa,InterconUtilization,2040,Lesotho,0.0979388791485292
South_Africa,South_Africa,InterconUtilization,2040,Mozal,0.1054988499936576
South_Africa,South_Africa,InterconUtilization,2040,Mozambique_Central,0.2535388127853881
South_Africa,South_Africa,InterconUtilization,2040,Mozambique_South,0.7192244798549727
South_Africa,South_Africa,InterconUtilization,2040,Namibia,0.4266793777914392
South_Africa,South_Africa,InterconUtilization,2040,Zimbabwe_West,0.2294339395766092
South_Africa,South_Africa,InterconUtilization,2045,Botswana,0.3345105348222883
South_Africa,South_Africa,InterconUtilization,2045,Eswatini,0.4567825764350298
South_Africa,South_Africa,InterconUtilization,2045,Lesotho,0.1940543414546914
South_Africa,South_Africa,InterconUtilization,2045,Mozal,0.1315976774975465
South_Africa,South_Africa,InterconUtilization,2045,Mozambique_Central,0.1708904109589041
South_Africa,South_Africa,InterconUtilization,2045,Mozambique_South,0.8447235973815261
South_Africa,South_Africa,InterconUtilization,2045,Namibia,0.4090743102040416
South_Africa,South_Africa,InterconUtilization,2045,Zimbabwe_West,0.1668500873144621
South_Africa,South_Africa,InterconUtilization,2050,Botswana,0.3260782752037032
South_Africa,South_Africa,InterconUtilization,2050,Eswatini,0.7076212573341115
South_Africa,South_Africa,InterconUtilization,2050,Lesotho,0.0557457481524334
South_Africa,South_Africa,InterconUtilization,2050,Mozal,0.2087854791060605
South_Africa,South_Africa,InterconUtilization,2050,Mozambique_Central,0.1819634703196348
South_Africa,South_Africa,InterconUtilization,2050,Mozambique_South,0.9130699161623944
South_Africa,South_Africa,InterconUtilization,2050,Namibia,0.4853784418407815
South_Africa,South_Africa,InterconUtilization,2050,Zimbabwe_West,0.1748072412407561
South_Africa,South_Africa,NetImport,2025,Botswana,-1.8596
South_Africa,South_Africa,NetImport,2025,Eswatini,-4.059213399439303
South_Africa,South_Africa,NetImport,2025,Lesotho,-0.5195273580962242
South_Africa,South_Africa,NetImport,2025,Mozal,-8.358627452161514
South_Africa,South_Africa,NetImport,2025,Mozambique_Central,-2.2079999999999977e-11
South_Africa,South_Africa,NetImport,2025,Mozambique_South,-1.47168
South_Africa,South_Africa,NetImport,2025,Namibia,-2.235342699667647
South_Africa,South_Africa,NetImport,2025,Zimbabwe_West,-0.2137489068507011
South_Africa,South_Africa,NetImport,2026,Botswana,-2.043999999999999
South_Africa,South_Africa,NetImport,2026,Eswatini,-4.677113254851166
South_Africa,South_Africa,NetImport,2026,Lesotho,-0.5284988366321036
South_Africa,South_Africa,NetImport,2026,Mozal,-8.362352834021646
South_Africa,South_Africa,NetImport,2026,Mozambique_Central,-4.4160000000000006e-11
South_Africa,South_Africa,NetImport,2026,Mozambique_South,-1.47168
South_Africa,South_Africa,NetImport,2026,Namibia,-3.125764506600274
South_Africa,South_Africa,NetImport,2026,Zimbabwe_West,-0.6445195898843604
South_Africa,South_Africa,NetImport,2027,Botswana,-2.3776021112840646
South_Africa,South_Africa,NetImport,2027,Eswatini,-5.018900599021539
South_Africa,South_Africa,NetImport,2027,Lesotho,-0.5401981791020998
South_Africa,South_Africa,NetImport,2027,Mozal,-5.6e-12
South_Africa,South_Africa,NetImport,2027,Mozambique_Central,-8.760000000000004e-11
South_Africa,South_Africa,NetImport,2027,Mozambique_South,-1.47168
South_Africa,South_Africa,NetImport,2027,Namibia,-3.463633058611264
South_Africa,South_Africa,NetImport,2027,Zimbabwe_West,-1.8187849966316327
South_Africa,South_Africa,NetImport,2028,Botswana,-2.232435075211071
South_Africa,South_Africa,NetImport,2028,Eswatini,-5.214898257311128
South_Africa,South_Africa,NetImport,2028,Lesotho,-0.5699101290776426
South_Africa,South_Africa,NetImport,2028,Mozal,-5.6e-12
South_Africa,South_Africa,NetImport,2028,Mozambique_Central,-8.760000000000004e-11
South_Africa,South_Africa,NetImport,2028,Mozambique_South,-1.47168
South_Africa,South_Africa,NetImport,2028,Namibia,-3.519499100541644
South_Africa,South_Africa,NetImport,2028,Zimbabwe_West,-2.101823204915908
South_Africa,South_Africa,NetImport,2029,Botswana,-2.340027351160593
South_Africa,South_Africa,NetImport,2029,Eswatini,-5.7703588062093125
South_Africa,South_Africa,NetImport,2029,Lesotho,-0.5361067024972549
South_Africa,South_Africa,NetImport,2029,Mozal,-5.6e-12
South_Africa,South_Africa,NetImport,2029,Mozambique_Central,-8.760000000000004e-11
South_Africa,South_Africa,NetImport,2029,Mozambique_South,-1.47168
South_Africa,South_Africa,NetImport,2029,Namibia,-1.857482083362746
South_Africa,South_Africa,NetImport,2029,Zimbabwe_West,-2.4770552329159097
South_Africa,South_Africa,NetImport,2030,Botswana,-2.479949476260574
South_Africa,South_Africa,NetImport,2030,Eswatini,-7.418124231452152
South_Africa,South_Africa,NetImport,2030,Lesotho,-0.5306094883591111
South_Africa,South_Africa,NetImport,2030,Mozal,-5.6e-12
South_Africa,South_Africa,NetImport,2030,Mozambique_Central,-8.760000000000004e-11
South_Africa,South_Africa,NetImport,2030,Mozambique_South,-1.47168
South_Africa,South_Africa,NetImport,2030,Namibia,-1.910586341728936
South_Africa,South_Africa,NetImport,2030,Zimbabwe_West,-0.3557599166666704
South_Africa,South_Africa,NetImport,2031,Botswana,-2.6330567231675697
South_Africa,South_Africa,NetImport,2031,Eswatini,-2.914128335454131
South_Africa,South_Africa,NetImport,2031,Lesotho,-0.5330737875369975
South_Africa,South_Africa,NetImport,2031,Mozal,-5.6e-12
South_Africa,South_Africa,NetImport,2031,Mozambique_South,-1.212089621654412
South_Africa,South_Africa,NetImport,2031,Namibia,-1.9825203371545697
South_Africa,South_Africa,NetImport,2031,Zimbabwe_West,-0.9733667394829478
South_Africa,South_Africa,NetImport,2032,Botswana,-2.845069650010293
South_Africa,South_Africa,NetImport,2032,Eswatini,-3.1522307326141124
South_Africa,South_Africa,NetImport,2032,Lesotho,-0.5435969550687514
South_Africa,South_Africa,NetImport,2032,Mozal,-5.6e-12
South_Africa,South_Africa,NetImport,2032,Mozambique_South,-1.276651509996743
South_Africa,South_Africa,NetImport,2032,Namibia,-2.1555788492931884
South_Africa,South_Africa,NetImport,2032,Zimbabwe_West,-1.9440772696091784
South_Africa,South_Africa,NetImport,2033,Botswana,-3.2256362371901206
South_Africa,South_Africa,NetImport,2033,Eswatini,-3.486899747095933
South_Africa,South_Africa,NetImport,2033,Lesotho,-0.5668260784734511
South_Africa,South_Africa,NetImport,2033,Mozal,-5.6e-12
South_Africa,South_Africa,NetImport,2033,Mozambique_South,-1.3375305521532557
South_Africa,South_Africa,NetImport,2033,Namibia,-2.4215598816879744
South_Africa,South_Africa,NetImport,2033,Zimbabwe_West,-1.876945850883584
South_Africa,South_Africa,NetImport,2034,Botswana,-3.615062368134325
South_Africa,South_Africa,NetImport,2034,Eswatini,-4.376713020588072
South_Africa,South_Africa,NetImport,2034,Lesotho,-0.5827009015148634
South_Africa,South_Africa,NetImport,2034,Mozambique_Central,-1.1010000000000004e-11
South_Africa,South_Africa,NetImport,2034,Mozambique_South,-1.3924498848805824
South_Africa,South_Africa,NetImport,2034,Namibia,-2.5577209639508816
South_Africa,South_Africa,NetImport,2034,Zimbabwe_West,-1.7869787858401898
South_Africa,South_Africa,NetImport,2035,Botswana,-1.934242269116472
South_Africa,South_Africa,NetImport,2035,Eswatini,-3.2155455898498886
South_Africa,South_Africa,NetImport,2035,Lesotho,-0.5917144036296834
South_Africa,South_Africa,NetImport,2035,Mozambique_Central,-1.1380000000000012e-11
South_Africa,South_Africa,NetImport,2035,Mozambique_South,-1.1857800960657687
South_Africa,South_Africa,NetImport,2035,Namibia,-3.4527926355192413
South_Africa,South_Africa,NetImport,2035,Zimbabwe_West,-1.240097709323606
South_Africa,South_Africa,NetImport,2040,Botswana,-3.4995460704616894
South_Africa,South_Africa,NetImport,2040,Eswatini,-2.90853087548592
South_Africa,South_Africa,NetImport,2040,Lesotho,-0.0840785689714293
South_Africa,South_Africa,NetImport,2040,Mozal,-9.241699259444414e-12
South_Africa,South_Africa,NetImport,2040,Mozambique_Central,-2.2210000000000007e-11
South_Africa,South_Africa,NetImport,2040,Mozambique_South,-1.0584682825129663
South_Africa,South_Africa,NetImport,2040,Namibia,-5.191681064390227
South_Africa,South_Africa,NetImport,2040,Zimbabwe_West,-1.7083651140874323
South_Africa,South_Africa,NetImport,2045,Botswana,-4.127362593650572
South_Africa,South_Africa,NetImport,2045,Eswatini,-3.4092058948743733
South_Africa,South_Africa,NetImport,2045,Lesotho,-0.1665917710520235
South_Africa,South_Africa,NetImport,2045,Mozal,-1.152795654878508e-11
South_Africa,South_Africa,NetImport,2045,Mozambique_Central,-1.4970000000000008e-11
South_Africa,South_Africa,NetImport,2045,Mozambique_South,-1.2431628237944443
South_Africa,South_Africa,NetImport,2045,Namibia,-4.977468939811106
South_Africa,South_Africa,NetImport,2045,Zimbabwe_West,-1.2423657501434853
South_Africa,South_Africa,NetImport,2050,Botswana,-4.023321048447257
South_Africa,South_Africa,NetImport,2050,Eswatini,-5.281345406538288
South_Africa,South_Africa,NetImport,2050,Lesotho,-0.047856609873901
South_Africa,South_Africa,NetImport,2050,Mozal,-1.8289607969690915e-11
South_Africa,South_Africa,NetImport,2050,Mozambique_Central,-1.5940000000000015e-11
South_Africa,South_Africa,NetImport,2050,Mozambique_South,-1.343746734217873
South_Africa,South_Africa,NetImport,2050,Namibia,-5.905910144079567
South_Africa,South_Africa,NetImport,2050,Zimbabwe_West,-1.3016147182786704
South_Africa,South_Africa,NewTransmissionCapacity,2028,Namibia,925.0
South_Africa,South_Africa,NewTransmissionCapacity,2034,Botswana,104.83091224689984
South_Africa,South_Africa,NewTransmissionCapacity,2034,Zimbabwe_West,107.22286756625348
South_Africa,South_Africa,NewTransmissionCapacity,2035,Zimbabwe_West,392.7771324337465
South_Africa,South_Africa,NewTransmissionCapacity,2040,Botswana,653.079441943921
South_Africa,South_Africa,NewTransmissionCapacity,2045,Botswana,1.5956998284891275
South_Africa,South_Africa,TransmissionCapacity,2025,Botswana,649.0
South_Africa,South_Africa,TransmissionCapacity,2025,Eswatini,852.0
South_Africa,South_Africa,TransmissionCapacity,2025,Lesotho,98.0
South_Africa,South_Africa,TransmissionCapacity,2025,Mozal,1100.0
South_Africa,South_Africa,TransmissionCapacity,2025,Mozambique_Central,1e-08
South_Africa,South_Africa,TransmissionCapacity,2025,Mozambique_South,168.0
South_Africa,South_Africa,TransmissionCapacity,2025,Namibia,464.0
South_Africa,South_Africa,TransmissionCapacity,2025,Zimbabwe_West,350.0
South_Africa,South_Africa,TransmissionCapacity,2026,Botswana,649.0
South_Africa,South_Africa,TransmissionCapacity,2026,Eswatini,852.0
South_Africa,South_Africa,TransmissionCapacity,2026,Lesotho,98.0
South_Africa,South_Africa,TransmissionCapacity,2026,Mozal,1100.0
South_Africa,South_Africa,TransmissionCapacity,2026,Mozambique_Central,1e-08
South_Africa,South_Africa,TransmissionCapacity,2026,Mozambique_South,168.0
South_Africa,South_Africa,TransmissionCapacity,2026,Namibia,464.0
South_Africa,South_Africa,TransmissionCapacity,2026,Zimbabwe_West,350.0
South_Africa,South_Africa,TransmissionCapacity,2027,Botswana,649.0
South_Africa,South_Africa,TransmissionCapacity,2027,Eswatini,852.0
South_Africa,South_Africa,TransmissionCapacity,2027,Lesotho,98.0
South_Africa,South_Africa,TransmissionCapacity,2027,Mozal,1e-08
South_Africa,South_Africa,TransmissionCapacity,2027,Mozambique_Central,1e-08
South_Africa,South_Africa,TransmissionCapacity,2027,Mozambique_South,168.0
South_Africa,South_Africa,TransmissionCapacity,2027,Namibia,464.0
South_Africa,South_Africa,TransmissionCapacity,2027,Zimbabwe_West,350.0
South_Africa,South_Africa,TransmissionCapacity,2028,Botswana,649.0
South_Africa,South_Africa,TransmissionCapacity,2028,Eswatini,852.0
South_Africa,South_Africa,TransmissionCapacity,2028,Lesotho,98.0
South_Africa,South_Africa,TransmissionCapacity,2028,Mozal,1e-08
South_Africa,South_Africa,TransmissionCapacity,2028,Mozambique_Central,1e-08
South_Africa,South_Africa,TransmissionCapacity,2028,Mozambique_South,168.0
South_Africa,South_Africa,TransmissionCapacity,2028,Namibia,1389.0
South_Africa,South_Africa,TransmissionCapacity,2028,Zimbabwe_West,350.0
South_Africa,South_Africa,TransmissionCapacity,2029,Botswana,649.0
South_Africa,South_Africa,TransmissionCapacity,2029,Eswatini,852.0
South_Africa,South_Africa,TransmissionCapacity,2029,Lesotho,98.0
South_Africa,South_Africa,TransmissionCapacity,2029,Mozal,1e-08
South_Africa,South_Africa,TransmissionCapacity,2029,Mozambique_Central,1e-08
South_Africa,South_Africa,TransmissionCapacity,2029,Mozambique_South,168.0
South_Africa,South_Africa,TransmissionCapacity,2029,Namibia,1389.0
South_Africa,South_Africa,TransmissionCapacity,2029,Zimbabwe_West,350.0
South_Africa,South_Africa,TransmissionCapacity,2030,Botswana,649.0
South_Africa,South_Africa,TransmissionCapacity,2030,Eswatini,852.0
South_Africa,South_Africa,TransmissionCapacity,2030,Lesotho,98.0
South_Africa,South_Africa,TransmissionCapacity,2030,Mozal,1e-08
South_Africa,South_Africa,TransmissionCapacity,2030,Mozambique_Central,1e-08
South_Africa,South_Africa,TransmissionCapacity,2030,Mozambique_South,168.0
South_Africa,South_Africa,TransmissionCapacity,2030,Namibia,1389.0
South_Africa,South_Africa,TransmissionCapacity,2030,Zimbabwe_West,350.0
South_Africa,South_Africa,TransmissionCapacity,2031,Botswana,649.0
South_Africa,South_Africa,TransmissionCapacity,2031,Eswatini,852.0
South_Africa,South_Africa,TransmissionCapacity,2031,Lesotho,98.0
South_Africa,South_Africa,TransmissionCapacity,2031,Mozal,1e-08
South_Africa,South_Africa,TransmissionCapacity,2031,Mozambique_Central,1e-08
South_Africa,South_Africa,TransmissionCapacity,2031,Mozambique_South,168.0
South_Africa,South_Africa,TransmissionCapacity,2031,Namibia,1389.0
South_Africa,South_Africa,TransmissionCapacity,2031,Zimbabwe_West,350.0
South_Africa,South_Africa,TransmissionCapacity,2032,Botswana,649.0
South_Africa,South_Africa,TransmissionCapacity,2032,Eswatini,852.0
South_Africa,South_Africa,TransmissionCapacity,2032,Lesotho,98.0
South_Africa,South_Africa,TransmissionCapacity,2032,Mozal,1e-08
South_Africa,South_Africa,TransmissionCapacity,2032,Mozambique_Central,1e-08
South_Africa,South_Africa,TransmissionCapacity,2032,Mozambique_South,168.0
South_Africa,South_Africa,TransmissionCapacity,2032,Namibia,1389.0
South_Africa,South_Africa,TransmissionCapacity,2032,Zimbabwe_West,350.0
South_Africa,South_Africa,TransmissionCapacity,2033,Botswana,649.0
South_Africa,South_Africa,TransmissionCapacity,2033,Eswatini,852.0
South_Africa,South_Africa,TransmissionCapacity,2033,Lesotho,98.0
South_Africa,South_Africa,TransmissionCapacity,2033,Mozal,1e-08
South_Africa,South_Africa,TransmissionCapacity,2033,Mozambique_Central,1e-08
South_Africa,South_Africa,TransmissionCapacity,2033,Mozambique_South,168.0
South_Africa,South_Africa,TransmissionCapacity,2033,Namibia,1389.0
South_Africa,South_Africa,TransmissionCapacity,2033,Zimbabwe_West,350.0
South_Africa,South_Africa,TransmissionCapacity,2034,Botswana,753.8309122468999
South_Africa,South_Africa,TransmissionCapacity,2034,Eswatini,852.0
South_Africa,South_Africa,TransmissionCapacity,2034,Lesotho,98.0
South_Africa,South_Africa,TransmissionCapacity,2034,Mozal,1e-08
South_Africa,South_Africa,TransmissionCapacity,2034,Mozambique_Central,1e-08
South_Africa,South_Africa,TransmissionCapacity,2034,Mozambique_South,168.0
South_Africa,South_Africa,TransmissionCapacity,2034,Namibia,1389.0
South_Africa,South_Africa,TransmissionCapacity,2034,Zimbabwe_West,457.2228675662535
South_Africa,South_Africa,TransmissionCapacity,2035,Botswana,753.8309122468999
South_Africa,South_Africa,TransmissionCapacity,2035,Eswatini,852.0
South_Africa,South_Africa,TransmissionCapacity,2035,Lesotho,98.0
South_Africa,South_Africa,TransmissionCapacity,2035,Mozal,1e-08
South_Africa,South_Africa,TransmissionCapacity,2035,Mozambique_Central,1e-08
South_Africa,South_Africa,TransmissionCapacity,2035,Mozambique_South,168.0
South_Africa,South_Africa,TransmissionCapacity,2035,Namibia,1389.0
South_Africa,South_Africa,TransmissionCapacity,2035,Zimbabwe_West,850.0
South_Africa,South_Africa,TransmissionCapacity,2040,Botswana,1406.9103541908207
South_Africa,South_Africa,TransmissionCapacity,2040,Eswatini,852.0
South_Africa,South_Africa,TransmissionCapacity,2040,Lesotho,98.0
South_Africa,South_Africa,TransmissionCapacity,2040,Mozal,1e-08
South_Africa,South_Africa,TransmissionCapacity,2040,Mozambique_Central,1e-08
South_Africa,South_Africa,TransmissionCapacity,2040,Mozambique_South,168.0
South_Africa,South_Africa,TransmissionCapacity,2040,Namibia,1389.0
South_Africa,South_Africa,TransmissionCapacity,2040,Zimbabwe_West,850.0
South_Africa,South_Africa,TransmissionCapacity,2045,Botswana,1408.50605401931
South_Africa,South_Africa,TransmissionCapacity,2045,Eswatini,852.0
South_Africa,South_Africa,TransmissionCapacity,2045,Lesotho,98.0
South_Africa,South_Africa,TransmissionCapacity,2045,Mozal,1e-08
South_Africa,South_Africa,TransmissionCapacity,2045,Mozambique_Central,1e-08
South_Africa,South_Africa,TransmissionCapacity,2045,Mozambique_South,168.0
South_Africa,South_Africa,TransmissionCapacity,2045,Namibia,1389.0
South_Africa,South_Africa,TransmissionCapacity,2045,Zimbabwe_West,850.0
South_Africa,South_Africa,TransmissionCapacity,2050,Botswana,1408.50605401931
South_Africa,South_Africa,TransmissionCapacity,2050,Eswatini,852.0
South_Africa,South_Africa,TransmissionCapacity,2050,Lesotho,98.0
South_Africa,South_Africa,TransmissionCapacity,2050,Mozal,1e-08
South_Africa,South_Africa,TransmissionCapacity,2050,Mozambique_Central,1e-08
South_Africa,South_Africa,TransmissionCapacity,2050,Mozambique_South,168.0
South_Africa,South_Africa,TransmissionCapacity,2050,Namibia,1389.0
South_Africa,South_Africa,TransmissionCapacity,2050,Zimbabwe_West,850.0
Tanzania,Tanzania,CongestionShare,2025,Malawi,1.0
Tanzania,Tanzania,CongestionShare,2025,Mozambique_North,1.0
Tanzania,Tanzania,CongestionShare,2025,Zambia,1.0
Tanzania,Tanzania,CongestionShare,2026,Malawi,1.0
Tanzania,Tanzania,CongestionShare,2026,Mozambique_North,1.0
Tanzania,Tanzania,CongestionShare,2026,Zambia,1.0
Tanzania,Tanzania,CongestionShare,2027,Malawi,1.0
Tanzania,Tanzania,CongestionShare,2027,Mozambique_North,1.0
Tanzania,Tanzania,CongestionShare,2027,Zambia,1.0
Tanzania,Tanzania,CongestionShare,2028,Malawi,1.0
Tanzania,Tanzania,CongestionShare,2028,Mozambique_North,1.0
Tanzania,Tanzania,CongestionShare,2028,Zambia,1.0
Tanzania,Tanzania,CongestionShare,2029,Malawi,1.0
Tanzania,Tanzania,CongestionShare,2029,Mozambique_North,1.0
Tanzania,Tanzania,CongestionShare,2029,Zambia,0.0212328767123287
Tanzania,Tanzania,CongestionShare,2030,Malawi,1.0
Tanzania,Tanzania,CongestionShare,2030,Mozambique_North,1.0
Tanzania,Tanzania,CongestionShare,2030,Zambia,0.0657534246575342
Tanzania,Tanzania,CongestionShare,2031,Malawi,1.0
Tanzania,Tanzania,CongestionShare,2031,Mozambique_North,1.0
Tanzania,Tanzania,CongestionShare,2031,Zambia,0.0660958904109589
Tanzania,Tanzania,CongestionShare,2032,Malawi,1.0
Tanzania,Tanzania,CongestionShare,2032,Mozambique_North,1.0
Tanzania,Tanzania,CongestionShare,2032,Zambia,0.0775114155251141
Tanzania,Tanzania,CongestionShare,2033,Malawi,1.0
Tanzania,Tanzania,CongestionShare,2033,Mozambique_North,1.0
Tanzania,Tanzania,CongestionShare,2033,Zambia,0.0437214611872146
Tanzania,Tanzania,CongestionShare,2034,Malawi,1.0
Tanzania,Tanzania,CongestionShare,2034,Mozambique_North,1.0
Tanzania,Tanzania,CongestionShare,2034,Zambia,0.0697488584474885
Tanzania,Tanzania,CongestionShare,2035,Malawi,1.0
Tanzania,Tanzania,CongestionShare,2035,Mozambique_North,1.0
Tanzania,Tanzania,CongestionShare,2035,Zambia,0.0939497716894977
Tanzania,Tanzania,CongestionShare,2040,Malawi,1.0
Tanzania,Tanzania,CongestionShare,2040,Mozambique_North,0.0357305936073059
Tanzania,Tanzania,CongestionShare,2040,Zambia,0.1795662100456621
Tanzania,Tanzania,CongestionShare,2045,Malawi,1.0
Tanzania,Tanzania,CongestionShare,2045,Mozambique_North,0.0407534246575342
Tanzania,Tanzania,CongestionShare,2045,Zambia,0.2353881278538812
Tanzania,Tanzania,CongestionShare,2050,Malawi,1.0
Tanzania,Tanzania,CongestionShare,2050,Mozambique_North,0.0118721461187214
Tanzania,Tanzania,CongestionShare,2050,Zambia,0.1727168949771689
Tanzania,Tanzania,Interchange,2029,Zambia,196.100960377704
Tanzania,Tanzania,Interchange,2030,Zambia,792.6407569701199
Tanzania,Tanzania,Interchange,2031,Zambia,539.2535397492062
Tanzania,Tanzania,Interchange,2032,Zambia,613.7094930113499
Tanzania,Tanzania,Interchange,2033,Zambia,395.66202049472497
Tanzania,Tanzania,Interchange,2034,Zambia,705.5695308663406
Tanzania,Tanzania,Interchange,2035,Zambia,1217.098184920832
Tanzania,Tanzania,Interchange,2040,Mozambique_North,429.8515624264169
Tanzania,Tanzania,Interchange,2040,Zambia,1632.1613469979186
Tanzania,Tanzania,Interchange,2045,Mozambique_North,1135.4107048744029
Tanzania,Tanzania,Interchange,2045,Zambia,1732.0114250008164
Tanzania,Tanzania,Interchange,2050,Mozambique_North,482.6221416894959
Tanzania,Tanzania,Interchange,2050,Zambia,1846.215067866244
Tanzania,Tanzania,InterconUtilization,2029,Zambia,0.0279824429762705
Tanzania,Tanzania,InterconUtilization,2030,Zambia,0.1131051308461929
Tanzania,Tanzania,InterconUtilization,2031,Zambia,0.0769482790738022
Tanzania,Tanzania,InterconUtilization,2032,Zambia,0.0875727016283318
Tanzania,Tanzania,InterconUtilization,2033,Zambia,0.0564586216459367
Tanzania,Tanzania,InterconUtilization,2034,Zambia,0.1006805837423431
Tanzania,Tanzania,InterconUtilization,2035,Zambia,0.1736726862044566
Tanzania,Tanzania,InterconUtilization,2040,Mozambique_North,0.0974359394910617
Tanzania,Tanzania,InterconUtilization,2040,Zambia,0.2328997355876025
Tanzania,Tanzania,InterconUtilization,2045,Mozambique_North,0.1620163677046807
Tanzania,Tanzania,InterconUtilization,2045,Zambia,0.247147749001258
Tanzania,Tanzania,InterconUtilization,2050,Mozambique_North,0.0688673147387979
Tanzania,Tanzania,InterconUtilization,2050,Zambia,0.2634439309169868
Tanzania,Tanzania,NetImport,2029,Zambia,-0.1961009603777039
Tanzania,Tanzania,NetImport,2030,Zambia,-0.7926407569701199
Tanzania,Tanzania,NetImport,2031,Zambia,-0.5392535397492062
Tanzania,Tanzania,NetImport,2032,Zambia,-0.6137094930113499
Tanzania,Tanzania,NetImport,2033,Zambia,-0.395662020494725
Tanzania,Tanzania,NetImport,2034,Zambia,-0.7055695308663407
Tanzania,Tanzania,NetImport,2035,Zambia,-1.217098184920832
Tanzania,Tanzania,NetImport,2040,Mozambique_North,-0.4298515624264169
Tanzania,Tanzania,NetImport,2040,Zambia,-1.6321613469979186
Tanzania,Tanzania,NetImport,2045,Mozambique_North,-1.1354107048744029
Tanzania,Tanzania,NetImport,2045,Zambia,-1.7320114250008165
Tanzania,Tanzania,NetImport,2050,Mozambique_North,-0.4826221416894959
Tanzania,Tanzania,NetImport,2050,Zambia,-1.846215067866244
Tanzania,Tanzania,NewTransmissionCapacity,2029,Zambia,800.0
Tanzania,Tanzania,NewTransmissionCapacity,2040,Mozambique_North,503.6110219564067
Tanzania,Tanzania,NewTransmissionCapacity,2045,Mozambique_North,296.3889780435933
Tanzania,Tanzania,TransmissionCapacity,2029,Zambia,800.0
Tanzania,Tanzania,TransmissionCapacity,2030,Zambia,800.0
Tanzania,Tanzania,TransmissionCapacity,2031,Zambia,800.0
Tanzania,Tanzania,TransmissionCapacity,2032,Zambia,800.0
Tanzania,Tanzania,TransmissionCapacity,2033,Zambia,800.0
Tanzania,Tanzania,TransmissionCapacity,2034,Zambia,800.0
Tanzania,Tanzania,TransmissionCapacity,2035,Zambia,800.0
Tanzania,Tanzania,TransmissionCapacity,2040,Mozambique_North,503.6110219564067
Tanzania,Tanzania,TransmissionCapacity,2040,Zambia,800.0
Tanzania,Tanzania,TransmissionCapacity,2045,Mozambique_North,800.0
Tanzania,Tanzania,TransmissionCapacity,2045,Zambia,800.0
Tanzania,Tanzania,TransmissionCapacity,2050,Mozambique_North,800.0
Tanzania,Tanzania,TransmissionCapacity,2050,Zambia,800.0
Zambia,Zambia,CongestionShare,2025,Angola_East,1.0
Zambia,Zambia,CongestionShare,2025,Botswana,1.0
Zambia,Zambia,CongestionShare,2025,DRC_South,0.680365296803653
Zambia,Zambia,CongestionShare,2025,Malawi,1.0
Zambia,Zambia,CongestionShare,2025,Mozambique_Central,1.0
Zambia,Zambia,CongestionShare,2025,Tanzania,1.0
Zambia,Zambia,CongestionShare,2025,Zimbabwe_West,1.0
Zambia,Zambia,CongestionShare,2026,Angola_East,1.0
Zambia,Zambia,CongestionShare,2026,Botswana,1.0
Zambia,Zambia,CongestionShare,2026,DRC_South,0.684931506849315
Zambia,Zambia,CongestionShare,2026,Malawi,1.0
Zambia,Zambia,CongestionShare,2026,Mozambique_Central,1.0
Zambia,Zambia,CongestionShare,2026,Tanzania,1.0
Zambia,Zambia,CongestionShare,2026,Zimbabwe_West,1.0
Zambia,Zambia,CongestionShare,2027,Angola_East,1.0
Zambia,Zambia,CongestionShare,2027,Botswana,1.0
Zambia,Zambia,CongestionShare,2027,DRC_South,0.7978310502283105
Zambia,Zambia,CongestionShare,2027,Malawi,1.0
Zambia,Zambia,CongestionShare,2027,Mozambique_Central,1.0
Zambia,Zambia,CongestionShare,2027,Tanzania,1.0
Zambia,Zambia,CongestionShare,2027,Zimbabwe_West,1.0
Zambia,Zambia,CongestionShare,2028,Angola_East,1.0
Zambia,Zambia,CongestionShare,2028,Botswana,1.0
Zambia,Zambia,CongestionShare,2028,DRC_South,0.771689497716895
Zambia,Zambia,CongestionShare,2028,Malawi,1.0
Zambia,Zambia,CongestionShare,2028,Mozambique_Central,1.0
Zambia,Zambia,CongestionShare,2028,Tanzania,1.0
Zambia,Zambia,CongestionShare,2028,Zimbabwe_West,1.0
Zambia,Zambia,CongestionShare,2029,Angola_East,1.0
Zambia,Zambia,CongestionShare,2029,Botswana,1.0
Zambia,Zambia,CongestionShare,2029,DRC_South,0.8155251141552512
Zambia,Zambia,CongestionShare,2029,Malawi,1.0
Zambia,Zambia,CongestionShare,2029,Mozambique_Central,1.0
Zambia,Zambia,CongestionShare,2029,Zimbabwe_West,1.0
Zambia,Zambia,CongestionShare,2030,Angola_East,1.0
Zambia,Zambia,CongestionShare,2030,Botswana,1.0
Zambia,Zambia,CongestionShare,2030,Mozambique_Central,1.0
Zambia,Zambia,CongestionShare,2030,Tanzania,0.1382420091324201
Zambia,Zambia,CongestionShare,2030,Zimbabwe_West,1.0
Zambia,Zambia,CongestionShare,2031,Angola_East,1.0
Zambia,Zambia,CongestionShare,2031,Botswana,1.0
Zambia,Zambia,CongestionShare,2031,Mozambique_Central,1.0
Zambia,Zambia,CongestionShare,2031,Tanzania,0.1015981735159817
Zambia,Zambia,CongestionShare,2031,Zimbabwe_West,1.0
Zambia,Zambia,CongestionShare,2032,Angola_East,1.0
Zambia,Zambia,CongestionShare,2032,Botswana,1.0
Zambia,Zambia,CongestionShare,2032,Mozambique_Central,1.0
Zambia,Zambia,CongestionShare,2032,Tanzania,0.1098173515981735
Zambia,Zambia,CongestionShare,2032,Zimbabwe_West,1.0
Zambia,Zambia,CongestionShare,2033,Angola_East,1.0
Zambia,Zambia,CongestionShare,2033,Botswana,1.0
Zambia,Zambia,CongestionShare,2033,DRC_South,0.0051369863013698
Zambia,Zambia,CongestionShare,2033,Mozambique_Central,1.0
Zambia,Zambia,CongestionShare,2033,Tanzania,0.0852739726027397
Zambia,Zambia,CongestionShare,2033,Zimbabwe_West,1.0
Zambia,Zambia,CongestionShare,2034,Angola_East,1.0
Zambia,Zambia,CongestionShare,2034,Botswana,1.0
Zambia,Zambia,CongestionShare,2034,DRC_South,1.0
Zambia,Zambia,CongestionShare,2034,Tanzania,0.1135844748858447
Zambia,Zambia,CongestionShare,2034,Zimbabwe_West,1.0
Zambia,Zambia,CongestionShare,2035,Angola_East,1.0
Zambia,Zambia,CongestionShare,2035,Botswana,1.0
Zambia,Zambia,CongestionShare,2035,DRC_South,0.7197488584474886
Zambia,Zambia,CongestionShare,2035,Namibia,0.1126712328767123
Zambia,Zambia,CongestionShare,2035,Tanzania,0.0982876712328767
Zambia,Zambia,CongestionShare,2040,Angola_East,0.2087899543378995
Zambia,Zambia,CongestionShare,2040,Botswana,0.2495433789954338
Zambia,Zambia,CongestionShare,2040,DRC_South,0.6614155251141552
Zambia,Zambia,CongestionShare,2040,Malawi,0.0707762557077625
Zambia,Zambia,CongestionShare,2040,Namibia,0.3144977168949772
Zambia,Zambia,CongestionShare,2040,Tanzania,0.0689497716894977
Zambia,Zambia,CongestionShare,2045,Angola_East,0.1484018264840182
Zambia,Zambia,CongestionShare,2045,Botswana,0.3212328767123287
Zambia,Zambia,CongestionShare,2045,DRC_South,0.6610730593607306
Zambia,Zambia,CongestionShare,2045,Malawi,0.8484018264840183
Zambia,Zambia,CongestionShare,2045,Namibia,0.3205479452054794
Zambia,Zambia,CongestionShare,2045,Tanzania,0.0644977168949771
Zambia,Zambia,CongestionShare,2050,Angola_East,0.1118721461187214
Zambia,Zambia,CongestionShare,2050,Botswana,0.2009132420091324
Zambia,Zambia,CongestionShare,2050,DRC_South,1.0
Zambia,Zambia,CongestionShare,2050,Malawi,1.0
Zambia,Zambia,CongestionShare,2050,Namibia,0.2528538812785388
Zambia,Zambia,CongestionShare,2050,Tanzania,0.0050228310502283
Zambia,Zambia,Interchange,2025,DRC_South,2930.387096919007
Zambia,Zambia,Interchange,2025,Namibia,1752.0
Zambia,Zambia,Interchange,2025,Zimbabwe_East,244.6623679023846
Zambia,Zambia,Interchange,2026,DRC_South,2874.010033591706
Zambia,Zambia,Interchange,2026,Namibia,1752.0
Zambia,Zambia,Interchange,2026,Zimbabwe_East,219.0
Zambia,Zambia,Interchange,2027,DRC_South,2785.38
Zambia,Zambia,Interchange,2027,Namibia,1489.2
Zambia,Zambia,Interchange,2028,DRC_South,2667.3
Zambia,Zambia,Interchange,2028,Namibia,1489.2
Zambia,Zambia,Interchange,2029,DRC_South,2725.6409603777024
Zambia,Zambia,Interchange,2029,Namibia,1489.2
Zambia,Zambia,Interchange,2030,DRC_South,3356.5021448829248
Zambia,Zambia,Interchange,2030,Namibia,1489.2
Zambia,Zambia,Interchange,2030,Tanzania,1094.91075697012
Zambia,Zambia,Interchange,2031,DRC_South,3674.1112344662656
Zambia,Zambia,Interchange,2031,Namibia,1314.0
Zambia,Zambia,Interchange,2031,Tanzania,861.8535397492068
Zambia,Zambia,Interchange,2032,DRC_South,4011.8551521745744
Zambia,Zambia,Interchange,2032,Namibia,1314.0
Zambia,Zambia,Interchange,2032,Tanzania,948.7394930113494
Zambia,Zambia,Interchange,2033,DRC_South,4370.757637591244
Zambia,Zambia,Interchange,2033,Namibia,1314.0
Zambia,Zambia,Interchange,2033,Tanzania,741.302020494725
Zambia,Zambia,Interchange,2034,DRC_South,9381.96
Zambia,Zambia,Interchange,2034,Namibia,1314.0
Zambia,Zambia,Interchange,2034,Tanzania,1061.4695308663415
Zambia,Zambia,Interchange,2035,DRC_South,9085.846312159669
Zambia,Zambia,Interchange,2035,Mozambique_Central,27.03162440745244
Zambia,Zambia,Interchange,2035,Namibia,1671.0847563288798
Zambia,Zambia,Interchange,2035,Tanzania,1583.298184920831
Zambia,Zambia,Interchange,2035,Zimbabwe_East,6.0241897581657815
Zambia,Zambia,Interchange,2035,Zimbabwe_West,32.851284284263706
Zambia,Zambia,Interchange,2040,Angola_East,185.1740716796725
Zambia,Zambia,Interchange,2040,Botswana,2154.1251434510064
Zambia,Zambia,Interchange,2040,DRC_South,8170.635604592611
Zambia,Zambia,Interchange,2040,Malawi,515.7094873220153
Zambia,Zambia,Interchange,2040,Mozambique_Central,7.6282615156347005
Zambia,Zambia,Interchange,2040,Namibia,1450.7879415756088
Zambia,Zambia,Interchange,2040,Tanzania,880.7300924269272
Zambia,Zambia,Interchange,2045,Angola_East,115.75005894952824
Zambia,Zambia,Interchange,2045,Botswana,2411.034984070475
Zambia,Zambia,Interchange,2045,DRC_South,8353.314700650564
Zambia,Zambia,Interchange,2045,Malawi,3325.4174957887108
Zambia,Zambia,Interchange,2045,Namibia,1497.5975091323155
Zambia,Zambia,Interchange,2045,Tanzania,932.7689593148564
Zambia,Zambia,Interchange,2050,Angola_East,1329.613125448535
Zambia,Zambia,Interchange,2050,Botswana,1473.7028500382023
Zambia,Zambia,Interchange,2050,DRC_South,9381.96
Zambia,Zambia,Interchange,2050,Malawi,3504.0
Zambia,Zambia,Interchange,2050,Namibia,1156.7974605959023
Zambia,Zambia,Interchange,2050,Tanzania,297.2385578016145
Zambia,Zambia,InterconUtilization,2025,DRC_South,0.9016686657432728
Zambia,Zambia,InterconUtilization,2025,Namibia,0.99009900990099
Zambia,Zambia,InterconUtilization,2025,Zimbabwe_East,0.063620715382195
Zambia,Zambia,InterconUtilization,2026,DRC_South,0.8843216635256144
Zambia,Zambia,InterconUtilization,2026,Namibia,0.99009900990099
Zambia,Zambia,InterconUtilization,2026,Zimbabwe_East,0.0569476082004555
Zambia,Zambia,InterconUtilization,2027,DRC_South,0.8570505483144408
Zambia,Zambia,InterconUtilization,2027,Namibia,0.8415841584158416
Zambia,Zambia,InterconUtilization,2028,DRC_South,0.8207177934497653
Zambia,Zambia,InterconUtilization,2028,Namibia,0.8415841584158416
Zambia,Zambia,InterconUtilization,2029,DRC_South,0.8386690791202669
Zambia,Zambia,InterconUtilization,2029,Namibia,0.8415841584158416
Zambia,Zambia,InterconUtilization,2030,DRC_South,0.3577612934699066
Zambia,Zambia,InterconUtilization,2030,Namibia,0.8415841584158416
Zambia,Zambia,InterconUtilization,2030,Tanzania,0.1562372655493893
Zambia,Zambia,InterconUtilization,2031,DRC_South,0.391614463765169
Zambia,Zambia,InterconUtilization,2031,Namibia,0.7425742574257426
Zambia,Zambia,InterconUtilization,2031,Tanzania,0.1229813840966333
Zambia,Zambia,InterconUtilization,2032,DRC_South,0.4276137557796637
Zambia,Zambia,InterconUtilization,2032,Namibia,0.7425742574257426
Zambia,Zambia,InterconUtilization,2032,Tanzania,0.1353794938657747
Zambia,Zambia,InterconUtilization,2033,DRC_South,0.465868287393172
Zambia,Zambia,InterconUtilization,2033,Namibia,0.7425742574257426
Zambia,Zambia,InterconUtilization,2033,Tanzania,0.1057793979016445
Zambia,Zambia,InterconUtilization,2034,DRC_South,1.0000000000000002
Zambia,Zambia,InterconUtilization,2034,Namibia,0.424728167288093
Zambia,Zambia,InterconUtilization,2034,Tanzania,0.1514654010939414
Zambia,Zambia,InterconUtilization,2035,DRC_South,0.968437971613572
Zambia,Zambia,InterconUtilization,2035,Mozambique_Central,0.003857252341246
Zambia,Zambia,InterconUtilization,2035,Namibia,0.3800061753735924
Zambia,Zambia,InterconUtilization,2035,Tanzania,0.2259272524145021
Zambia,Zambia,InterconUtilization,2035,Zimbabwe_East,0.0015664986213389
Zambia,Zambia,InterconUtilization,2035,Zimbabwe_West,0.0125004886926422
Zambia,Zambia,InterconUtilization,2040,Angola_East,0.3786732943420992
Zambia,Zambia,InterconUtilization,2040,Botswana,0.307380870926228
Zambia,Zambia,InterconUtilization,2040,DRC_South,0.870887917300075
Zambia,Zambia,InterconUtilization,2040,Malawi,0.1471773651033149
Zambia,Zambia,InterconUtilization,2040,Mozambique_Central,0.0010885076363633
Zambia,Zambia,InterconUtilization,2040,Namibia,0.3299104817205172
Zambia,Zambia,InterconUtilization,2040,Tanzania,0.1256749561111483
Zambia,Zambia,InterconUtilization,2045,Angola_East,0.2367040684752715
Zambia,Zambia,InterconUtilization,2045,Botswana,0.3440403801470426
Zambia,Zambia,InterconUtilization,2045,DRC_South,0.890359232042192
Zambia,Zambia,InterconUtilization,2045,Malawi,0.9490346734556824
Zambia,Zambia,InterconUtilization,2045,Namibia,0.3405550194501254
Zambia,Zambia,InterconUtilization,2045,Tanzania,0.1331005935095399
Zambia,Zambia,InterconUtilization,2050,Angola_East,0.6109513067703133
Zambia,Zambia,InterconUtilization,2050,Botswana,0.2102886486926659
Zambia,Zambia,InterconUtilization,2050,DRC_South,1.0000000000000002
Zambia,Zambia,InterconUtilization,2050,Malawi,1.0
Zambia,Zambia,InterconUtilization,2050,Namibia,0.2630567821399112
Zambia,Zambia,InterconUtilization,2050,Tanzania,0.0424141777684952
Zambia,Zambia,NetImport,2025,DRC_South,-2.930387096919007
Zambia,Zambia,NetImport,2025,Namibia,-1.752
Zambia,Zambia,NetImport,2025,Zimbabwe_East,-0.2446623679023846
Zambia,Zambia,NetImport,2026,DRC_South,-2.874010033591706
Zambia,Zambia,NetImport,2026,Namibia,-1.752
Zambia,Zambia,NetImport,2026,Zimbabwe_East,-0.219
Zambia,Zambia,NetImport,2027,DRC_South,-2.78538
Zambia,Zambia,NetImport,2027,Namibia,-1.4892
Zambia,Zambia,NetImport,2028,DRC_South,-2.667299999999999
Zambia,Zambia,NetImport,2028,Namibia,-1.4892
Zambia,Zambia,NetImport,2029,DRC_South,-2.7256409603777025
Zambia,Zambia,NetImport,2029,Namibia,-1.4892
Zambia,Zambia,NetImport,2030,DRC_South,-3.3565021448829246
Zambia,Zambia,NetImport,2030,Namibia,-1.4892
Zambia,Zambia,NetImport,2030,Tanzania,-1.09491075697012
Zambia,Zambia,NetImport,2031,DRC_South,-3.674111234466266
Zambia,Zambia,NetImport,2031,Namibia,-1.314
Zambia,Zambia,NetImport,2031,Tanzania,-0.8618535397492068
Zambia,Zambia,NetImport,2032,DRC_South,-4.011855152174575
Zambia,Zambia,NetImport,2032,Namibia,-1.314
Zambia,Zambia,NetImport,2032,Tanzania,-0.9487394930113494
Zambia,Zambia,NetImport,2033,DRC_South,-4.370757637591244
Zambia,Zambia,NetImport,2033,Namibia,-1.314
Zambia,Zambia,NetImport,2033,Tanzania,-0.7413020204947249
Zambia,Zambia,NetImport,2034,DRC_South,-9.38196
Zambia,Zambia,NetImport,2034,Namibia,-1.314
Zambia,Zambia,NetImport,2034,Tanzania,-1.0614695308663415
Zambia,Zambia,NetImport,2035,DRC_South,-9.085846312159669
Zambia,Zambia,NetImport,2035,Mozambique_Central,-0.0270316244074524
Zambia,Zambia,NetImport,2035,Namibia,-1.67108475632888
Zambia,Zambia,NetImport,2035,Tanzania,-1.5832981849208314
Zambia,Zambia,NetImport,2035,Zimbabwe_East,-0.0060241897581657
Zambia,Zambia,NetImport,2035,Zimbabwe_West,-0.0328512842842637
Zambia,Zambia,NetImport,2040,Angola_East,-0.1851740716796725
Zambia,Zambia,NetImport,2040,Botswana,-2.1541251434510063
Zambia,Zambia,NetImport,2040,DRC_South,-8.170635604592611
Zambia,Zambia,NetImport,2040,Malawi,-0.5157094873220154
Zambia,Zambia,NetImport,2040,Mozambique_Central,-0.0076282615156347
Zambia,Zambia,NetImport,2040,Namibia,-1.4507879415756089
Zambia,Zambia,NetImport,2040,Tanzania,-0.8807300924269272
Zambia,Zambia,NetImport,2045,Angola_East,-0.1157500589495282
Zambia,Zambia,NetImport,2045,Botswana,-2.411034984070475
Zambia,Zambia,NetImport,2045,DRC_South,-8.353314700650564
Zambia,Zambia,NetImport,2045,Malawi,-3.325417495788711
Zambia,Zambia,NetImport,2045,Namibia,-1.4975975091323157
Zambia,Zambia,NetImport,2045,Tanzania,-0.9327689593148564
Zambia,Zambia,NetImport,2050,Angola_East,-1.3296131254485348
Zambia,Zambia,NetImport,2050,Botswana,-1.4737028500382026
Zambia,Zambia,NetImport,2050,DRC_South,-9.38196
Zambia,Zambia,NetImport,2050,Malawi,-3.504
Zambia,Zambia,NetImport,2050,Namibia,-1.1567974605959026
Zambia,Zambia,NetImport,2050,Tanzania,-0.2972385578016145
Zambia,Zambia,NewTransmissionCapacity,2029,Tanzania,800.0
Zambia,Zambia,NewTransmissionCapacity,2030,DRC_South,700.0
Zambia,Zambia,NewTransmissionCapacity,2030,Malawi,400.0
Zambia,Zambia,NewTransmissionCapacity,2034,Mozambique_Central,800.0
Zambia,Zambia,NewTransmissionCapacity,2034,Namibia,151.16706437850874
Zambia,Zambia,NewTransmissionCapacity,2035,Namibia,148.83293562149126
Zambia,Zambia,NewTransmissionCapacity,2035,Zimbabwe_West,300.0
Zambia,Zambia,NewTransmissionCapacity,2040,Angola_East,55.82277116801366
Zambia,Zambia,NewTransmissionCapacity,2040,Botswana,800.0
Zambia,Zambia,NewTransmissionCapacity,2050,Angola_East,192.6132638722456
Zambia,Zambia,TransmissionCapacity,2025,DRC_South,371.0
Zambia,Zambia,TransmissionCapacity,2025,Namibia,202.0
Zambia,Zambia,TransmissionCapacity,2025,Zimbabwe_East,439.0
Zambia,Zambia,TransmissionCapacity,2026,DRC_South,371.0
Zambia,Zambia,TransmissionCapacity,2026,Namibia,202.0
Zambia,Zambia,TransmissionCapacity,2026,Zimbabwe_East,439.0
Zambia,Zambia,TransmissionCapacity,2027,DRC_South,371.0
Zambia,Zambia,TransmissionCapacity,2027,Namibia,202.0
Zambia,Zambia,TransmissionCapacity,2027,Zimbabwe_East,439.0
Zambia,Zambia,TransmissionCapacity,2028,DRC_South,371.0
Zambia,Zambia,TransmissionCapacity,2028,Namibia,202.0
Zambia,Zambia,TransmissionCapacity,2028,Zimbabwe_East,439.0
Zambia,Zambia,TransmissionCapacity,2029,DRC_South,371.0
Zambia,Zambia,TransmissionCapacity,2029,Namibia,202.0
Zambia,Zambia,TransmissionCapacity,2029,Tanzania,800.0
Zambia,Zambia,TransmissionCapacity,2029,Zimbabwe_East,439.0
Zambia,Zambia,TransmissionCapacity,2030,DRC_South,1071.0
Zambia,Zambia,TransmissionCapacity,2030,Malawi,400.0
Zambia,Zambia,TransmissionCapacity,2030,Namibia,202.0
Zambia,Zambia,TransmissionCapacity,2030,Tanzania,800.0
Zambia,Zambia,TransmissionCapacity,2030,Zimbabwe_East,439.0
Zambia,Zambia,TransmissionCapacity,2031,DRC_South,1071.0
Zambia,Zambia,TransmissionCapacity,2031,Malawi,400.0
Zambia,Zambia,TransmissionCapacity,2031,Namibia,202.0
Zambia,Zambia,TransmissionCapacity,2031,Tanzania,800.0
Zambia,Zambia,TransmissionCapacity,2031,Zimbabwe_East,439.0
Zambia,Zambia,TransmissionCapacity,2032,DRC_South,1071.0
Zambia,Zambia,TransmissionCapacity,2032,Malawi,400.0
Zambia,Zambia,TransmissionCapacity,2032,Namibia,202.0
Zambia,Zambia,TransmissionCapacity,2032,Tanzania,800.0
Zambia,Zambia,TransmissionCapacity,2032,Zimbabwe_East,439.0
Zambia,Zambia,TransmissionCapacity,2033,DRC_South,1071.0
Zambia,Zambia,TransmissionCapacity,2033,Malawi,400.0
Zambia,Zambia,TransmissionCapacity,2033,Namibia,202.0
Zambia,Zambia,TransmissionCapacity,2033,Tanzania,800.0
Zambia,Zambia,TransmissionCapacity,2033,Zimbabwe_East,439.0
Zambia,Zambia,TransmissionCapacity,2034,DRC_South,1071.0
Zambia,Zambia,TransmissionCapacity,2034,Malawi,400.0
Zambia,Zambia,TransmissionCapacity,2034,Mozambique_Central,800.0
Zambia,Zambia,TransmissionCapacity,2034,Namibia,353.1670643785087
Zambia,Zambia,TransmissionCapacity,2034,Tanzania,800.0
Zambia,Zambia,TransmissionCapacity,2034,Zimbabwe_East,439.0
Zambia,Zambia,TransmissionCapacity,2035,DRC_South,1071.0
Zambia,Zambia,TransmissionCapacity,2035,Malawi,400.0
Zambia,Zambia,TransmissionCapacity,2035,Mozambique_Central,800.0
Zambia,Zambia,TransmissionCapacity,2035,Namibia,502.0
Zambia,Zambia,TransmissionCapacity,2035,Tanzania,800.0
Zambia,Zambia,TransmissionCapacity,2035,Zimbabwe_East,439.0
Zambia,Zambia,TransmissionCapacity,2035,Zimbabwe_West,300.0
Zambia,Zambia,TransmissionCapacity,2040,Angola_East,55.82277116801366
Zambia,Zambia,TransmissionCapacity,2040,Botswana,800.0
Zambia,Zambia,TransmissionCapacity,2040,DRC_South,1071.0
Zambia,Zambia,TransmissionCapacity,2040,Malawi,400.0
Zambia,Zambia,TransmissionCapacity,2040,Mozambique_Central,800.0
Zambia,Zambia,TransmissionCapacity,2040,Namibia,502.0
Zambia,Zambia,TransmissionCapacity,2040,Tanzania,800.0
Zambia,Zambia,TransmissionCapacity,2040,Zimbabwe_East,439.0
Zambia,Zambia,TransmissionCapacity,2040,Zimbabwe_West,300.0
Zambia,Zambia,TransmissionCapacity,2045,Angola_East,55.82277116801366
Zambia,Zambia,TransmissionCapacity,2045,Botswana,800.0
Zambia,Zambia,TransmissionCapacity,2045,DRC_South,1071.0
Zambia,Zambia,TransmissionCapacity,2045,Malawi,400.0
Zambia,Zambia,TransmissionCapacity,2045,Mozambique_Central,800.0
Zambia,Zambia,TransmissionCapacity,2045,Namibia,502.0
Zambia,Zambia,TransmissionCapacity,2045,Tanzania,800.0
Zambia,Zambia,TransmissionCapacity,2045,Zimbabwe_East,439.0
Zambia,Zambia,TransmissionCapacity,2045,Zimbabwe_West,300.0
Zambia,Zambia,TransmissionCapacity,2050,Angola_East,248.4360350402592
Zambia,Zambia,TransmissionCapacity,2050,Botswana,800.0
Zambia,Zambia,TransmissionCapacity,2050,DRC_South,1071.0
Zambia,Zambia,TransmissionCapacity,2050,Malawi,400.0
Zambia,Zambia,TransmissionCapacity,2050,Mozambique_Central,800.0
Zambia,Zambia,TransmissionCapacity,2050,Namibia,502.0
Zambia,Zambia,TransmissionCapacity,2050,Tanzania,800.0
Zambia,Zambia,TransmissionCapacity,2050,Zimbabwe_East,439.0
Zambia,Zambia,TransmissionCapacity,2050,Zimbabwe_West,300.0
Zimbabwe,Zimbabwe_East,CongestionShare,2025,Zambia,0.3523972602739726
Zimbabwe,Zimbabwe_East,CongestionShare,2026,Zambia,0.928538812785388
Zimbabwe,Zimbabwe_East,CongestionShare,2027,Mozambique_Central,0.0011415525114155
Zimbabwe,Zimbabwe_East,CongestionShare,2027,Zambia,1.0
Zimbabwe,Zimbabwe_East,CongestionShare,2028,Zambia,1.0
Zimbabwe,Zimbabwe_East,CongestionShare,2029,Zambia,1.0
Zimbabwe,Zimbabwe_East,CongestionShare,2030,Zambia,0.8670091324200914
Zimbabwe,Zimbabwe_East,CongestionShare,2031,Zambia,1.0
Zimbabwe,Zimbabwe_East,CongestionShare,2032,Mozambique_Central,0.008904109589041
Zimbabwe,Zimbabwe_East,CongestionShare,2032,Zambia,1.0
Zimbabwe,Zimbabwe_East,CongestionShare,2033,Mozambique_Central,0.0412100456621004
Zimbabwe,Zimbabwe_East,CongestionShare,2033,Zambia,0.5019406392694064
Zimbabwe,Zimbabwe_East,CongestionShare,2034,Mozambique_Central,0.0720319634703196
Zimbabwe,Zimbabwe_East,CongestionShare,2034,Zambia,0.3171232876712329
Zimbabwe,Zimbabwe_East,CongestionShare,2035,Mozambique_Central,0.1457762557077625
Zimbabwe,Zimbabwe_East,CongestionShare,2035,Zambia,0.815068493150685
Zimbabwe,Zimbabwe_East,CongestionShare,2035,Zimbabwe_West,0.0014840182648401
Zimbabwe,Zimbabwe_East,CongestionShare,2040,Mozambique_Central,0.8601598173515982
Zimbabwe,Zimbabwe_East,CongestionShare,2040,Zambia,1.0
Zimbabwe,Zimbabwe_East,CongestionShare,2040,Zimbabwe_West,0.5182648401826484
Zimbabwe,Zimbabwe_East,CongestionShare,2045,Mozambique_Central,0.910159817351598
Zimbabwe,Zimbabwe_East,CongestionShare,2045,Zambia,1.0
Zimbabwe,Zimbabwe_East,CongestionShare,2045,Zimbabwe_West,0.6364155251141552
Zimbabwe,Zimbabwe_East,CongestionShare,2050,Mozambique_Central,0.941324200913242
Zimbabwe,Zimbabwe_East,CongestionShare,2050,Zambia,1.0
Zimbabwe,Zimbabwe_East,CongestionShare,2050,Zimbabwe_West,0.7261415525114155
Zimbabwe,Zimbabwe_East,Interchange,2025,Zambia,1518.1169506349415
Zimbabwe,Zimbabwe_East,Interchange,2026,Zambia,2828.146185167311
Zimbabwe,Zimbabwe_East,Interchange,2027,Mozambique_Central,37.64655922219033
Zimbabwe,Zimbabwe_East,Interchange,2027,Zambia,2890.8
Zimbabwe,Zimbabwe_East,Interchange,2028,Zambia,2890.8
Zimbabwe,Zimbabwe_East,Interchange,2029,Zambia,2890.8
Zimbabwe,Zimbabwe_East,Interchange,2030,Zambia,2610.4584322097294
Zimbabwe,Zimbabwe_East,Interchange,2031,Zambia,2890.8
Zimbabwe,Zimbabwe_East,Interchange,2031,Zimbabwe_West,53.20290059195795
Zimbabwe,Zimbabwe_East,Interchange,2032,Mozambique_Central,44.957127853383895
Zimbabwe,Zimbabwe_East,Interchange,2032,Zambia,2890.8
Zimbabwe,Zimbabwe_East,Interchange,2033,Mozambique_Central,109.1177762030441
Zimbabwe,Zimbabwe_East,Interchange,2033,Zambia,1666.8676375912423
Zimbabwe,Zimbabwe_East,Interchange,2034,Mozambique_Central,184.47707484238293
Zimbabwe,Zimbabwe_East,Interchange,2034,Zambia,1058.6028999934458
Zimbabwe,Zimbabwe_East,Interchange,2035,Mozambique_Central,357.32262172477897
Zimbabwe,Zimbabwe_East,Interchange,2035,Zambia,2517.3132772440454
Zimbabwe,Zimbabwe_East,Interchange,2035,Zimbabwe_West,149.34930185603994
Zimbabwe,Zimbabwe_East,Interchange,2040,Mozambique_Central,3122.77524222316
Zimbabwe,Zimbabwe_East,Interchange,2040,Zambia,2890.8
Zimbabwe,Zimbabwe_East,Interchange,2040,Zimbabwe_West,3029.2679911768546
Zimbabwe,Zimbabwe_East,Interchange,2045,Mozambique_Central,6842.1543548998925
Zimbabwe,Zimbabwe_East,Interchange,2045,Zambia,2890.8
Zimbabwe,Zimbabwe_East,Interchange,2045,Zimbabwe_West,3508.685868500085
Zimbabwe,Zimbabwe_East,Interchange,2050,Mozambique_Central,7055.892028268389
Zimbabwe,Zimbabwe_East,Interchange,2050,Zambia,2890.8
Zimbabwe,Zimbabwe_East,Interchange,2050,Zimbabwe_West,4197.605575131636
Zimbabwe,Zimbabwe_East,InterconUtilization,2025,Zambia,0.5251546113999382
Zimbabwe,Zimbabwe_East,InterconUtilization,2026,Zambia,0.9783264788872668
Zimbabwe,Zimbabwe_East,InterconUtilization,2027,Mozambique_Central,0.0198960760306688
Zimbabwe,Zimbabwe_East,InterconUtilization,2027,Zambia,1.0
Zimbabwe,Zimbabwe_East,InterconUtilization,2028,Zambia,1.0
Zimbabwe,Zimbabwe_East,InterconUtilization,2029,Zambia,1.0
Zimbabwe,Zimbabwe_East,InterconUtilization,2030,Zambia,0.903022842192379
Zimbabwe,Zimbabwe_East,InterconUtilization,2031,Zambia,1.0
Zimbabwe,Zimbabwe_East,InterconUtilization,2031,Zimbabwe_West,0.0101223174642233
Zimbabwe,Zimbabwe_East,InterconUtilization,2032,Mozambique_Central,0.0237596862069718
Zimbabwe,Zimbabwe_East,InterconUtilization,2032,Zambia,1.0
Zimbabwe,Zimbabwe_East,InterconUtilization,2033,Mozambique_Central,0.0576683664188251
Zimbabwe,Zimbabwe_East,InterconUtilization,2033,Zambia,0.5766111932998624
Zimbabwe,Zimbabwe_East,InterconUtilization,2034,Mozambique_Central,0.0974954944837555
Zimbabwe,Zimbabwe_East,InterconUtilization,2034,Zambia,0.3661972118422048
Zimbabwe,Zimbabwe_East,InterconUtilization,2035,Mozambique_Central,0.1888437667664357
Zimbabwe,Zimbabwe_East,InterconUtilization,2035,Zambia,0.8708016041386625
Zimbabwe,Zimbabwe_East,InterconUtilization,2035,Zimbabwe_West,0.0284150117686529
Zimbabwe,Zimbabwe_East,InterconUtilization,2040,Mozambique_Central,0.9075782842791328
Zimbabwe,Zimbabwe_East,InterconUtilization,2040,Zambia,1.0
Zimbabwe,Zimbabwe_East,InterconUtilization,2040,Zimbabwe_West,0.5763447471797669
Zimbabwe,Zimbabwe_East,InterconUtilization,2045,Mozambique_Central,0.9571909910941966
Zimbabwe,Zimbabwe_East,InterconUtilization,2045,Zambia,1.0
Zimbabwe,Zimbabwe_East,InterconUtilization,2045,Zimbabwe_West,0.6675581941590725
Zimbabwe,Zimbabwe_East,InterconUtilization,2050,Mozambique_Central,0.9870920668071768
Zimbabwe,Zimbabwe_East,InterconUtilization,2050,Zambia,1.0
Zimbabwe,Zimbabwe_East,InterconUtilization,2050,Zimbabwe_West,0.7986311977038881
Zimbabwe,Zimbabwe_East,NetImport,2025,Zambia,-1.5181169506349417
Zimbabwe,Zimbabwe_East,NetImport,2026,Zambia,-2.828146185167311
Zimbabwe,Zimbabwe_East,NetImport,2027,Mozambique_Central,-0.0376465592221903
Zimbabwe,Zimbabwe_East,NetImport,2027,Zambia,-2.8908
Zimbabwe,Zimbabwe_East,NetImport,2028,Zambia,-2.8908
Zimbabwe,Zimbabwe_East,NetImport,2029,Zambia,-2.8908
Zimbabwe,Zimbabwe_East,NetImport,2030,Zambia,-2.6104584322097293
Zimbabwe,Zimbabwe_East,NetImport,2031,Zambia,-2.8908
Zimbabwe,Zimbabwe_East,NetImport,2031,Zimbabwe_West,-0.0532029005919579
Zimbabwe,Zimbabwe_East,NetImport,2032,Mozambique_Central,-0.0449571278533839
Zimbabwe,Zimbabwe_East,NetImport,2032,Zambia,-2.8908
Zimbabwe,Zimbabwe_East,NetImport,2033,Mozambique_Central,-0.1091177762030441
Zimbabwe,Zimbabwe_East,NetImport,2033,Zambia,-1.6668676375912423
Zimbabwe,Zimbabwe_East,NetImport,2034,Mozambique_Central,-0.1844770748423829
Zimbabwe,Zimbabwe_East,NetImport,2034,Zambia,-1.0586028999934458
Zimbabwe,Zimbabwe_East,NetImport,2035,Mozambique_Central,-0.3573226217247789
Zimbabwe,Zimbabwe_East,NetImport,2035,Zambia,-2.5173132772440456
Zimbabwe,Zimbabwe_East,NetImport,2035,Zimbabwe_West,-0.1493493018560399
Zimbabwe,Zimbabwe_East,NetImport,2040,Mozambique_Central,-3.12277524222316
Zimbabwe,Zimbabwe_East,NetImport,2040,Zambia,-2.8908
Zimbabwe,Zimbabwe_East,NetImport,2040,Zimbabwe_West,-3.0292679911768547
Zimbabwe,Zimbabwe_East,NetImport,2045,Mozambique_Central,-6.842154354899892
Zimbabwe,Zimbabwe_East,NetImport,2045,Zambia,-2.8908
Zimbabwe,Zimbabwe_East,NetImport,2045,Zimbabwe_West,-3.508685868500085
Zimbabwe,Zimbabwe_East,NetImport,2050,Mozambique_Central,-7.0558920282683895
Zimbabwe,Zimbabwe_East,NetImport,2050,Zambia,-2.8908
Zimbabwe,Zimbabwe_East,NetImport,2050,Zimbabwe_West,-4.197605575131636
Zimbabwe,Zimbabwe_East,NewTransmissionCapacity,2040,Mozambique_Central,176.7828576437909
Zimbabwe,Zimbabwe_East,NewTransmissionCapacity,2045,Mozambique_Central,423.2171423562091
Zimbabwe,Zimbabwe_East,TransmissionCapacity,2025,Mozambique_Central,216.0
Zimbabwe,Zimbabwe_East,TransmissionCapacity,2025,Zambia,330.0
Zimbabwe,Zimbabwe_East,TransmissionCapacity,2025,Zimbabwe_West,600.0
Zimbabwe,Zimbabwe_East,TransmissionCapacity,2026,Mozambique_Central,216.0
Zimbabwe,Zimbabwe_East,TransmissionCapacity,2026,Zambia,330.0
Zimbabwe,Zimbabwe_East,TransmissionCapacity,2026,Zimbabwe_West,600.0
Zimbabwe,Zimbabwe_East,TransmissionCapacity,2027,Mozambique_Central,216.0
Zimbabwe,Zimbabwe_East,TransmissionCapacity,2027,Zambia,330.0
Zimbabwe,Zimbabwe_East,TransmissionCapacity,2027,Zimbabwe_West,600.0
Zimbabwe,Zimbabwe_East,TransmissionCapacity,2028,Mozambique_Central,216.0
Zimbabwe,Zimbabwe_East,TransmissionCapacity,2028,Zambia,330.0
Zimbabwe,Zimbabwe_East,TransmissionCapacity,2028,Zimbabwe_West,600.0
Zimbabwe,Zimbabwe_East,TransmissionCapacity,2029,Mozambique_Central,216.0
Zimbabwe,Zimbabwe_East,TransmissionCapacity,2029,Zambia,330.0
Zimbabwe,Zimbabwe_East,TransmissionCapacity,2029,Zimbabwe_West,600.0
Zimbabwe,Zimbabwe_East,TransmissionCapacity,2030,Mozambique_Central,216.0
Zimbabwe,Zimbabwe_East,TransmissionCapacity,2030,Zambia,330.0
Zimbabwe,Zimbabwe_East,TransmissionCapacity,2030,Zimbabwe_West,600.0
Zimbabwe,Zimbabwe_East,TransmissionCapacity,2031,Mozambique_Central,216.0
Zimbabwe,Zimbabwe_East,TransmissionCapacity,2031,Zambia,330.0
Zimbabwe,Zimbabwe_East,TransmissionCapacity,2031,Zimbabwe_West,600.0
Zimbabwe,Zimbabwe_East,TransmissionCapacity,2032,Mozambique_Central,216.0
Zimbabwe,Zimbabwe_East,TransmissionCapacity,2032,Zambia,330.0
Zimbabwe,Zimbabwe_East,TransmissionCapacity,2032,Zimbabwe_West,600.0
Zimbabwe,Zimbabwe_East,TransmissionCapacity,2033,Mozambique_Central,216.0
Zimbabwe,Zimbabwe_East,TransmissionCapacity,2033,Zambia,330.0
Zimbabwe,Zimbabwe_East,TransmissionCapacity,2033,Zimbabwe_West,600.0
Zimbabwe,Zimbabwe_East,TransmissionCapacity,2034,Mozambique_Central,216.0
Zimbabwe,Zimbabwe_East,TransmissionCapacity,2034,Zambia,330.0
Zimbabwe,Zimbabwe_East,TransmissionCapacity,2034,Zimbabwe_West,600.0
Zimbabwe,Zimbabwe_East,TransmissionCapacity,2035,Mozambique_Central,216.0
Zimbabwe,Zimbabwe_East,TransmissionCapacity,2035,Zambia,330.0
Zimbabwe,Zimbabwe_East,TransmissionCapacity,2035,Zimbabwe_West,600.0
Zimbabwe,Zimbabwe_East,TransmissionCapacity,2040,Mozambique_Central,392.78285764379086
Zimbabwe,Zimbabwe_East,TransmissionCapacity,2040,Zambia,330.0
Zimbabwe,Zimbabwe_East,TransmissionCapacity,2040,Zimbabwe_West,600.0
Zimbabwe,Zimbabwe_East,TransmissionCapacity,2045,Mozambique_Central,816.0
Zimbabwe,Zimbabwe_East,TransmissionCapacity,2045,Zambia,330.0
Zimbabwe,Zimbabwe_East,TransmissionCapacity,2045,Zimbabwe_West,600.0
Zimbabwe,Zimbabwe_East,TransmissionCapacity,2050,Mozambique_Central,816.0
Zimbabwe,Zimbabwe_East,TransmissionCapacity,2050,Zambia,330.0
Zimbabwe,Zimbabwe_East,TransmissionCapacity,2050,Zimbabwe_West,600.0
Zimbabwe,Zimbabwe_West,CongestionShare,2025,South_Africa,0.0013698630136986
Zimbabwe,Zimbabwe_West,CongestionShare,2025,Zambia,1.0
Zimbabwe,Zimbabwe_West,CongestionShare,2026,Zambia,1.0
Zimbabwe,Zimbabwe_West,CongestionShare,2027,Zambia,1.0
Zimbabwe,Zimbabwe_West,CongestionShare,2027,Zimbabwe_East,0.0492009132420091
Zimbabwe,Zimbabwe_West,CongestionShare,2028,Zambia,1.0
Zimbabwe,Zimbabwe_West,CongestionShare,2028,Zimbabwe_East,0.0162100456621004
Zimbabwe,Zimbabwe_West,CongestionShare,2029,Zambia,1.0
Zimbabwe,Zimbabwe_West,CongestionShare,2029,Zimbabwe_East,0.2434931506849315
Zimbabwe,Zimbabwe_West,CongestionShare,2030,Zambia,1.0
Zimbabwe,Zimbabwe_West,CongestionShare,2031,Zambia,1.0
Zimbabwe,Zimbabwe_West,CongestionShare,2032,Zambia,1.0
Zimbabwe,Zimbabwe_West,CongestionShare,2033,Zambia,1.0
Zimbabwe,Zimbabwe_West,CongestionShare,2034,Zambia,1.0
Zimbabwe,Zimbabwe_West,CongestionShare,2035,Botswana,0.3675799086757991
Zimbabwe,Zimbabwe_West,CongestionShare,2035,South_Africa,0.1688356164383561
Zimbabwe,Zimbabwe_West,CongestionShare,2035,Zambia,0.5041095890410959
Zimbabwe,Zimbabwe_West,CongestionShare,2040,Botswana,0.370662100456621
Zimbabwe,Zimbabwe_West,CongestionShare,2040,South_Africa,0.4724885844748858
Zimbabwe,Zimbabwe_West,CongestionShare,2040,Zambia,0.4424657534246575
Zimbabwe,Zimbabwe_West,CongestionShare,2045,Botswana,0.5742009132420092
Zimbabwe,Zimbabwe_West,CongestionShare,2045,South_Africa,0.594634703196347
Zimbabwe,Zimbabwe_West,CongestionShare,2045,Zambia,0.5105022831050229
Zimbabwe,Zimbabwe_West,CongestionShare,2050,Botswana,0.5807077625570777
Zimbabwe,Zimbabwe_West,CongestionShare,2050,South_Africa,0.4525114155251141
Zimbabwe,Zimbabwe_West,CongestionShare,2050,Zambia,0.6549086757990867
Zimbabwe,Zimbabwe_West,Interchange,2025,South_Africa,1008.5847297733844
Zimbabwe,Zimbabwe_West,Interchange,2025,Zimbabwe_East,1036.954220803285
Zimbabwe,Zimbabwe_West,Interchange,2026,South_Africa,155.53767645997888
Zimbabwe,Zimbabwe_West,Interchange,2026,Zimbabwe_East,1118.5811308289976
Zimbabwe,Zimbabwe_West,Interchange,2027,Zimbabwe_East,2516.4902602605216
Zimbabwe,Zimbabwe_West,Interchange,2028,Zimbabwe_East,2000.6731767192643
Zimbabwe,Zimbabwe_West,Interchange,2029,Zimbabwe_East,2947.563503599272
Zimbabwe,Zimbabwe_West,Interchange,2035,Botswana,2165.0566165539
Zimbabwe,Zimbabwe_West,Interchange,2035,South_Africa,2281.227628628942
Zimbabwe,Zimbabwe_West,Interchange,2035,Zambia,1324.8
Zimbabwe,Zimbabwe_West,Interchange,2035,Zimbabwe_East,11.5968186962438
Zimbabwe,Zimbabwe_West,Interchange,2040,Botswana,3507.977169048276
Zimbabwe,Zimbabwe_West,Interchange,2040,South_Africa,3763.8661723694577
Zimbabwe,Zimbabwe_West,Interchange,2040,Zambia,1268.5461693505858
Zimbabwe,Zimbabwe_West,Interchange,2045,Botswana,5017.680951673039
Zimbabwe,Zimbabwe_West,Interchange,2045,South_Africa,4646.099279148997
Zimbabwe,Zimbabwe_West,Interchange,2045,Zambia,1351.9179104914413
Zimbabwe,Zimbabwe_West,Interchange,2050,Botswana,4676.085415276108
Zimbabwe,Zimbabwe_West,Interchange,2050,South_Africa,3619.016847380738
Zimbabwe,Zimbabwe_West,Interchange,2050,Zambia,1847.709290895708
Zimbabwe,Zimbabwe_West,InterconUtilization,2025,South_Africa,0.3289578374994731
Zimbabwe,Zimbabwe_West,InterconUtilization,2025,Zimbabwe_East,0.1972896158301531
Zimbabwe,Zimbabwe_West,InterconUtilization,2026,South_Africa,0.050729835766464
Zimbabwe,Zimbabwe_West,InterconUtilization,2026,Zimbabwe_East,0.21281984985331
Zimbabwe,Zimbabwe_West,InterconUtilization,2027,Zimbabwe_East,0.4787842960921844
Zimbabwe,Zimbabwe_West,InterconUtilization,2028,Zimbabwe_East,0.3806455815675921
Zimbabwe,Zimbabwe_West,InterconUtilization,2029,Zimbabwe_East,0.5607997533484155
Zimbabwe,Zimbabwe_West,InterconUtilization,2035,Botswana,0.4551612924463911
Zimbabwe,Zimbabwe_West,InterconUtilization,2035,South_Africa,0.3063695445378649
Zimbabwe,Zimbabwe_West,InterconUtilization,2035,Zambia,0.5041095890410959
Zimbabwe,Zimbabwe_West,InterconUtilization,2035,Zimbabwe_East,0.0022063962511879
Zimbabwe,Zimbabwe_West,InterconUtilization,2040,Botswana,0.4750344184241261
Zimbabwe,Zimbabwe_West,InterconUtilization,2040,South_Africa,0.505488339023564
Zimbabwe,Zimbabwe_West,InterconUtilization,2040,Zambia,0.4827040218229018
Zimbabwe,Zimbabwe_West,InterconUtilization,2045,Botswana,0.6794716834951602
Zimbabwe,Zimbabwe_West,InterconUtilization,2045,South_Africa,0.6239725059292233
Zimbabwe,Zimbabwe_West,InterconUtilization,2045,Zambia,0.5144284286497113
Zimbabwe,Zimbabwe_West,InterconUtilization,2050,Botswana,0.6332143593596619
Zimbabwe,Zimbabwe_West,InterconUtilization,2050,South_Africa,0.4860350318803032
Zimbabwe,Zimbabwe_West,InterconUtilization,2050,Zambia,0.7030857271292649
Zimbabwe,Zimbabwe_West,NetImport,2025,South_Africa,-1.0085847297733843
Zimbabwe,Zimbabwe_West,NetImport,2025,Zimbabwe_East,-1.036954220803285
Zimbabwe,Zimbabwe_West,NetImport,2026,South_Africa,-0.1555376764599788
Zimbabwe,Zimbabwe_West,NetImport,2026,Zimbabwe_East,-1.1185811308289977
Zimbabwe,Zimbabwe_West,NetImport,2027,Zimbabwe_East,-2.5164902602605217
Zimbabwe,Zimbabwe_West,NetImport,2028,Zimbabwe_East,-2.0006731767192645
Zimbabwe,Zimbabwe_West,NetImport,2029,Zimbabwe_East,-2.947563503599272
Zimbabwe,Zimbabwe_West,NetImport,2035,Botswana,-2.1650566165539
Zimbabwe,Zimbabwe_West,NetImport,2035,South_Africa,-2.281227628628942
Zimbabwe,Zimbabwe_West,NetImport,2035,Zambia,-1.3248
Zimbabwe,Zimbabwe_West,NetImport,2035,Zimbabwe_East,-0.0115968186962438
Zimbabwe,Zimbabwe_West,NetImport,2040,Botswana,-3.507977169048276
Zimbabwe,Zimbabwe_West,NetImport,2040,South_Africa,-3.7638661723694575
Zimbabwe,Zimbabwe_West,NetImport,2040,Zambia,-1.268546169350586
Zimbabwe,Zimbabwe_West,NetImport,2045,Botswana,-5.017680951673039
Zimbabwe,Zimbabwe_West,NetImport,2045,South_Africa,-4.646099279148997
Zimbabwe,Zimbabwe_West,NetImport,2045,Zambia,-1.3519179104914414
Zimbabwe,Zimbabwe_West,NetImport,2050,Botswana,-4.676085415276107
Zimbabwe,Zimbabwe_West,NetImport,2050,South_Africa,-3.619016847380738
Zimbabwe,Zimbabwe_West,NetImport,2050,Zambia,-1.847709290895708
Zimbabwe,Zimbabwe_West,NewTransmissionCapacity,2034,South_Africa,107.22286756625348
Zimbabwe,Zimbabwe_West,NewTransmissionCapacity,2035,South_Africa,392.7771324337465
Zimbabwe,Zimbabwe_West,NewTransmissionCapacity,2035,Zambia,300.0
Zimbabwe,Zimbabwe_West,NewTransmissionCapacity,2040,Botswana,300.0
Zimbabwe,Zimbabwe_West,TransmissionCapacity,2025,Botswana,543.0
Zimbabwe,Zimbabwe_West,TransmissionCapacity,2025,South_Africa,350.0
Zimbabwe,Zimbabwe_West,TransmissionCapacity,2025,Zimbabwe_East,600.0
Zimbabwe,Zimbabwe_West,TransmissionCapacity,2026,Botswana,543.0
Zimbabwe,Zimbabwe_West,TransmissionCapacity,2026,South_Africa,350.0
Zimbabwe,Zimbabwe_West,TransmissionCapacity,2026,Zimbabwe_East,600.0
Zimbabwe,Zimbabwe_West,TransmissionCapacity,2027,Botswana,543.0
Zimbabwe,Zimbabwe_West,TransmissionCapacity,2027,South_Africa,350.0
Zimbabwe,Zimbabwe_West,TransmissionCapacity,2027,Zimbabwe_East,600.0
Zimbabwe,Zimbabwe_West,TransmissionCapacity,2028,Botswana,543.0
Zimbabwe,Zimbabwe_West,TransmissionCapacity,2028,South_Africa,350.0
Zimbabwe,Zimbabwe_West,TransmissionCapacity,2028,Zimbabwe_East,600.0
Zimbabwe,Zimbabwe_West,TransmissionCapacity,2029,Botswana,543.0
Zimbabwe,Zimbabwe_West,TransmissionCapacity,2029,South_Africa,350.0
Zimbabwe,Zimbabwe_West,TransmissionCapacity,2029,Zimbabwe_East,600.0
Zimbabwe,Zimbabwe_West,TransmissionCapacity,2030,Botswana,543.0
Zimbabwe,Zimbabwe_West,TransmissionCapacity,2030,South_Africa,350.0
Zimbabwe,Zimbabwe_West,TransmissionCapacity,2030,Zimbabwe_East,600.0
Zimbabwe,Zimbabwe_West,TransmissionCapacity,2031,Botswana,543.0
Zimbabwe,Zimbabwe_West,TransmissionCapacity,2031,South_Africa,350.0
Zimbabwe,Zimbabwe_West,TransmissionCapacity,2031,Zimbabwe_East,600.0
Zimbabwe,Zimbabwe_West,TransmissionCapacity,2032,Botswana,543.0
Zimbabwe,Zimbabwe_West,TransmissionCapacity,2032,South_Africa,350.0
Zimbabwe,Zimbabwe_West,TransmissionCapacity,2032,Zimbabwe_East,600.0
Zimbabwe,Zimbabwe_West,TransmissionCapacity,2033,Botswana,543.0
Zimbabwe,Zimbabwe_West,TransmissionCapacity,2033,South_Africa,350.0
Zimbabwe,Zimbabwe_West,TransmissionCapacity,2033,Zimbabwe_East,600.0
Zimbabwe,Zimbabwe_West,TransmissionCapacity,2034,Botswana,543.0
Zimbabwe,Zimbabwe_West,TransmissionCapacity,2034,South_Africa,457.2228675662535
Zimbabwe,Zimbabwe_West,TransmissionCapacity,2034,Zimbabwe_East,600.0
Zimbabwe,Zimbabwe_West,TransmissionCapacity,2035,Botswana,543.0
Zimbabwe,Zimbabwe_West,TransmissionCapacity,2035,South_Africa,850.0
Zimbabwe,Zimbabwe_West,TransmissionCapacity,2035,Zambia,300.0
Zimbabwe,Zimbabwe_West,TransmissionCapacity,2035,Zimbabwe_East,600.0
Zimbabwe,Zimbabwe_West,TransmissionCapacity,2040,Botswana,843.0
Zimbabwe,Zimbabwe_West,TransmissionCapacity,2040,South_Africa,850.0
Zimbabwe,Zimbabwe_West,TransmissionCapacity,2040,Zambia,300.0
Zimbabwe,Zimbabwe_West,TransmissionCapacity,2040,Zimbabwe_East,600.0
Zimbabwe,Zimbabwe_West,TransmissionCapacity,2045,Botswana,843.0
Zimbabwe,Zimbabwe_West,TransmissionCapacity,2045,South_Africa,850.0
Zimbabwe,Zimbabwe_West,TransmissionCapacity,2045,Zambia,300.0
Zimbabwe,Zimbabwe_West,TransmissionCapacity,2045,Zimbabwe_East,600.0
Zimbabwe,Zimbabwe_West,TransmissionCapacity,2050,Botswana,843.0
Zimbabwe,Zimbabwe_West,TransmissionCapacity,2050,South_Africa,850.0
Zimbabwe,Zimbabwe_West,TransmissionCapacity,2050,Zambia,300.0
Zimbabwe,Zimbabwe_West,TransmissionCapacity,2050,Zimbabwe_East,600.0
